CRASH_RECORD_ID,CRASH_DATE_EST_I,CRASH_DATE,POSTED_SPEED_LIMIT,TRAFFIC_CONTROL_DEVICE,DEVICE_CONDITION,WEATHER_CONDITION,LIGHTING_CONDITION,FIRST_CRASH_TYPE,TRAFFICWAY_TYPE,LANE_CNT,ALIGNMENT,ROADWAY_SURFACE_COND,ROAD_DEFECT,REPORT_TYPE,CRASH_TYPE,INTERSECTION_RELATED_I,NOT_RIGHT_OF_WAY_I,HIT_AND_RUN_I,DAMAGE,DATE_POLICE_NOTIFIED,PRIM_CONTRIBUTORY_CAUSE,SEC_CONTRIBUTORY_CAUSE,STREET_NO,STREET_DIRECTION,STREET_NAME,BEAT_OF_OCCURRENCE,PHOTOS_TAKEN_I,STATEMENTS_TAKEN_I,DOORING_I,WORK_ZONE_I,WORK_ZONE_TYPE,WORKERS_PRESENT_I,NUM_UNITS,MOST_SEVERE_INJURY,INJURIES_TOTAL,INJURIES_FATAL,INJURIES_INCAPACITATING,INJURIES_NON_INCAPACITATING,INJURIES_REPORTED_NOT_EVIDENT,INJURIES_NO_INDICATION,INJURIES_UNKNOWN,CRASH_HOUR,CRASH_DAY_OF_WEEK,CRASH_MONTH,LATITUDE,LONGITUDE,LOCATION
476e045251033646a525de64fdb69ab90ced83cf2166f07c67f412f86087b58121c89eedf85c16696d0c2225f989aa6eedaf9a75344e0113ddde20ba07f5267c,,09/01/2025 01:06:00 AM,30,TRAFFIC SIGNAL,FUNCTIONING PROPERLY,CLEAR,"DARKNESS, LIGHTED ROAD",REAR END,DIVIDED - W/MEDIAN (NOT RAISED),,STRAIGHT ON GRADE,DRY,UNKNOWN,ON SCENE,NO INJURY / DRIVE AWAY,,,Y,"OVER $1,500",09/01/2025 01:31:00 AM,FAILING TO REDUCE SPEED TO AVOID CRASH,NOT APPLICABLE,299,N,PULASKI RD,1122,,,,,,,2,NO INDICATION OF INJURY,0,0,0,0,0,3,0,1,2,9,41.8854288306,-87.7256572708,POINT (-87.725657270801 41.885428830592)
f4c3361fd295ef2706060325a0624c7870ea926e3e4e4e6b9cce1fb5a4139c94a17a89b4395b1809cae883adb24b39b5f513ad11931b12f764fea52454f4d4bf,,09/01/2025 12:55:00 AM,30,STOP SIGN/FLASHER,FUNCTIONING PROPERLY,CLEAR,"DARKNESS, LIGHTED ROAD",TURNING,Y-INTERSECTION,,STRAIGHT AND LEVEL,DRY,NO DEFECTS,ON SCENE,INJURY AND / OR TOW DUE TO CRASH,Y,,,"OVER $1,500",09/01/2025 01:00:00 AM,DISREGARDING TRAFFIC SIGNALS,NOT APPLICABLE,7340,N,ROGERS AVE,2424,,,,,,,3,NO INDICATION OF INJURY,0,0,0,0,0,3,0,0,2,9,42.0146822539,-87.6783821082,POINT (-87.678382108183 42.014682253883)
34fd8df673642314052d6ace12792cb032d04319b7a18b7f802383ef8d7e5934484c3786362d271753e255064f4a3e4a1a3f8dcb30356a462ed30103db42be40,,09/01/2025 12:14:00 AM,30,NO CONTROLS,NO CONTROLS,CLEAR,"DARKNESS, LIGHTED ROAD",PARKED MOTOR VEHICLE,NOT DIVIDED,,STRAIGHT AND LEVEL,UNKNOWN,UNKNOWN,NOT ON SCENE (DESK REPORT),NO INJURY / DRIVE AWAY,,,N,"OVER $1,500",09/01/2025 12:55:00 AM,IMPROPER BACKING,IMPROPER BACKING,1107,W,ADDISON ST,1924,,,,,,,2,NO INDICATION OF INJURY,0,0,0,0,0,1,0,0,2,9,41.947058133,-87.6578639022,POINT (-87.657863902197 41.947058132982)
30af7bb46b863126ab0592d356b26017cb005c12d7f94fc8dc28fb40536008990aff1a91f32f4d610576f783933e9e0e73046543e899cfae062ecbfeaf920da8,,08/31/2025 11:20:00 PM,30,NO CONTROLS,NO CONTROLS,CLEAR,"DARKNESS, LIGHTED ROAD",ANGLE,NOT DIVIDED,,STRAIGHT AND LEVEL,DRY,NO DEFECTS,ON SCENE,INJURY AND / OR TOW DUE TO CRASH,,,,"OVER $1,500",08/31/2025 11:25:00 PM,FAILING TO REDUCE SPEED TO AVOID CRASH,UNABLE TO DETERMINE,1355,S,KEDZIE AVE,1022,,,,,,,2,NO INDICATION OF INJURY,0,0,0,0,0,5,0,23,1,8,41.8629429529,-87.7054234468,POINT (-87.705423446767 41.862942952871)
946c633bfb960cee87092910181dd0058cb36f6701c291a1019e9ef3823b387b0a1d06c19daaf3f5a1f08249f6d18c8196710f11edea1ea161a97b216d6cf37b,Y,08/31/2025 11:00:00 PM,30,UNKNOWN,UNKNOWN,CLEAR,"DARKNESS, LIGHTED ROAD",REAR END,ONE-WAY,,STRAIGHT AND LEVEL,UNKNOWN,UNKNOWN,ON SCENE,INJURY AND / OR TOW DUE TO CRASH,,,Y,"OVER $1,500",08/31/2025 11:56:00 PM,UNABLE TO DETERMINE,NOT APPLICABLE,4700,S,WENTWORTH AVE,224,,,,,,,2,"REPORTED, NOT EVIDENT",1,0,0,0,1,2,0,23,1,8,41.8090824366,-87.6310308737,POINT (-87.63103087365 41.809082436649)
c4f9a10cbe806ec70c91d3d74e9e414fe72447dd680bd4a6731b692780f25adca26e4f76ac63f40b3b01694e8a3be6971d7bbd0fe02d41b2575a7cc48cd59269,,08/31/2025 11:00:00 PM,30,NO CONTROLS,NO CONTROLS,CLEAR,"DARKNESS, LIGHTED ROAD",SIDESWIPE SAME DIRECTION,NOT DIVIDED,,STRAIGHT AND LEVEL,DRY,NO DEFECTS,ON SCENE,NO INJURY / DRIVE AWAY,,,Y,"$501 - $1,500",08/31/2025 11:03:00 PM,FAILING TO REDUCE SPEED TO AVOID CRASH,NOT APPLICABLE,2453,W,DEVON AVE,2413,,,,,,,2,NO INDICATION OF INJURY,0,0,0,0,0,4,0,23,1,8,41.9975861168,-87.6920046207,POINT (-87.692004620745 41.997586116771)
463bcad54963d2fe3625e14a9570a9a968d946384ebad0e954d9a53e4a4fcf5ba20aa363e2dc0df42c6f7cd725aedd3b6dabc9073516fba85378add6e4c0d396,,08/31/2025 10:56:00 PM,30,TRAFFIC SIGNAL,UNKNOWN,CLEAR,"DARKNESS, LIGHTED ROAD",ANGLE,ONE-WAY,,STRAIGHT AND LEVEL,DRY,UNKNOWN,NOT ON SCENE (DESK REPORT),NO INJURY / DRIVE AWAY,Y,,,"OVER $1,500",09/01/2025 12:05:00 AM,DRIVING ON WRONG SIDE/WRONG WAY,DRIVING ON WRONG SIDE/WRONG WAY,2000,W,WASHINGTON BLVD,1223,,,,,,,2,NO INDICATION OF INJURY,0,0,0,0,0,2,0,22,1,8,41.8832549278,-87.6768151659,POINT (-87.676815165876 41.883254927762)
d4ab77b1fbd3121a347e83746e6d09f6f94ddab47fee8beac1454110d40fd1e233fa8dbc28cc1d170e871883b8d056d30063651ccefa8c5a3fa8ead55b06c9cd,,08/31/2025 10:35:00 PM,20,UNKNOWN,UNKNOWN,CLEAR,"DARKNESS, LIGHTED ROAD",PARKED MOTOR VEHICLE,ONE-WAY,,STRAIGHT AND LEVEL,DRY,UNKNOWN,ON SCENE,NO INJURY / DRIVE AWAY,,,,"$501 - $1,500",08/31/2025 10:37:00 PM,UNABLE TO DETERMINE,UNABLE TO DETERMINE,3450,N,SPRINGFIELD AVE,1732,,,,,,,2,NO INDICATION OF INJURY,0,0,0,0,0,1,0,22,1,8,41.9442665382,-87.7250362854,POINT (-87.72503628542 41.94426653815)
f494115c95a67df8a1adb981e34f41e430864b1af2b7b678fbb4fe7efb535243fb251c4d3afc59ddc225088bfaa51f389ef4a31e881d0b71e9e2e55e009b2bee,,08/31/2025 10:28:00 PM,30,TRAFFIC SIGNAL,FUNCTIONING PROPERLY,CLEAR,"DARKNESS, LIGHTED ROAD",REAR END,DIVIDED - W/MEDIAN (NOT RAISED),,STRAIGHT AND LEVEL,DRY,NO DEFECTS,NOT ON SCENE (DESK REPORT),NO INJURY / DRIVE AWAY,Y,,Y,"OVER $1,500",08/31/2025 11:15:00 PM,FOLLOWING TOO CLOSELY,NOT APPLICABLE,5405,W,DIVISION ST,1524,,,,,,,2,NO INDICATION OF INJURY,0,0,0,0,0,2,0,22,1,8,41.9020796056,-87.7612280751,POINT (-87.761228075139 41.902079605579)
aa4887376a1a2c17b7cee0de6991a1c4cc8228a9a10d4f357bcf0d0437094c7b068a6e293d95ceb1eb68f756203465e723cc5516626ee78946994f65665b15f4,,08/31/2025 10:25:00 PM,20,NO CONTROLS,NO CONTROLS,CLEAR,"DARKNESS, LIGHTED ROAD",REAR END,ONE-WAY,,STRAIGHT AND LEVEL,DRY,NO DEFECTS,ON SCENE,NO INJURY / DRIVE AWAY,,,,"OVER $1,500",08/31/2025 10:28:00 PM,FAILING TO YIELD RIGHT-OF-WAY,NOT APPLICABLE,3221,W,EASTWOOD AVE,1713,,,,,,,2,NO INDICATION OF INJURY,0,0,0,0,0,2,0,22,1,8,41.9654672447,-87.7093067065,POINT (-87.709306706508 41.96546724469)
67c49c29b1ccdfc908f15604d9c05334034f91203deb017f12b1ecc3ed15e113f76cdc2bb3b3b36ce358c85084d3841a7b1e2f506a12ea254d89e9faf08920da,,08/31/2025 10:11:00 PM,30,NO CONTROLS,NO CONTROLS,CLEAR,DARKNESS,PARKED MOTOR VEHICLE,ONE-WAY,,STRAIGHT AND LEVEL,DRY,NO DEFECTS,ON SCENE,INJURY AND / OR TOW DUE TO CRASH,,N,,"OVER $1,500",08/31/2025 10:14:00 PM,NOT APPLICABLE,NOT APPLICABLE,5598,W,FLOURNOY ST,1522,,,,,,,2,NONINCAPACITATING INJURY,1,0,0,1,0,3,0,22,1,8,41.8719327527,-87.7645252371,POINT (-87.764525237081 41.871932752725)
a607b07c8045c1ea4a757c550592024b34437d94bed38dd2ba0258c4f3191a1fbbd84bd659a1b486175193e4058c8b833401d7e0e827f0166d7b67d67e43445c,,08/31/2025 10:11:00 PM,30,TRAFFIC SIGNAL,FUNCTIONING PROPERLY,CLEAR,"DARKNESS, LIGHTED ROAD",TURNING,FOUR WAY,,STRAIGHT AND LEVEL,DRY,UNKNOWN,ON SCENE,INJURY AND / OR TOW DUE TO CRASH,Y,,Y,"OVER $1,500",08/31/2025 10:17:00 PM,FAILING TO REDUCE SPEED TO AVOID CRASH,UNABLE TO DETERMINE,2558,S,CENTRAL PARK AVE,1013,,,,,,,2,NO INDICATION OF INJURY,0,0,0,0,0,3,0,22,1,8,41.8444747185,-87.7149358516,POINT (-87.714935851557 41.844474718513)
a566290f5d97b26d914dceea96aca0e85273bb31cc388116b85576ebd7d6f8da2fe43b97374c403cedd172bef343d1af24b029c267a4d4f02e6b6b29986fe1aa,,08/31/2025 10:10:00 PM,30,STOP SIGN/FLASHER,NO CONTROLS,CLEAR,"DARKNESS, LIGHTED ROAD",PARKED MOTOR VEHICLE,NOT DIVIDED,,STRAIGHT AND LEVEL,DRY,NO DEFECTS,ON SCENE,INJURY AND / OR TOW DUE TO CRASH,,,,"OVER $1,500",08/31/2025 10:54:00 PM,UNABLE TO DETERMINE,NOT APPLICABLE,4053,W,JACKSON BLVD,1132,,,,,,,3,NONINCAPACITATING INJURY,1,0,0,1,0,0,0,22,1,8,41.8769515698,-87.7276450161,POINT (-87.7276450161 41.876951569751)
81696bf08ba3fd3aedb7858cce2b0c4c56485b241b9300cdd52ad65017c06f1443018e6a472fff4397e2c3df34595b8f6f4aa6c1cbdff45b1d85fdcc1680a857,,08/31/2025 09:41:00 PM,30,STOP SIGN/FLASHER,FUNCTIONING PROPERLY,CLEAR,"DARKNESS, LIGHTED ROAD",ANGLE,OTHER,,STRAIGHT AND LEVEL,DRY,NO DEFECTS,NOT ON SCENE (DESK REPORT),NO INJURY / DRIVE AWAY,,,,"OVER $1,500",08/31/2025 10:10:00 PM,UNABLE TO DETERMINE,NOT APPLICABLE,3002,S,CENTRAL PARK AVE,1032,,,,,,,2,NO INDICATION OF INJURY,0,0,0,0,0,4,0,21,1,8,41.8387368189,-87.7147846482,POINT (-87.714784648199 41.838736818881)
1fa3236c39aed96fe5fe76622adf0a6acf74221b086062baf150bfddda67734283c8ca8630a1e8495bf21b0bab0ddbfc0ca6891e1070b2c55933b9f4ba867ee7,Y,08/31/2025 09:40:00 PM,30,NO CONTROLS,NO CONTROLS,CLEAR,DARKNESS,FIXED OBJECT,NOT DIVIDED,,STRAIGHT AND LEVEL,DRY,UNKNOWN,ON SCENE,INJURY AND / OR TOW DUE TO CRASH,,,Y,"OVER $1,500",08/31/2025 09:52:00 PM,UNABLE TO DETERMINE,UNABLE TO DETERMINE,5120,W,DIVISION ST,2533,,,,,,,3,NO INDICATION OF INJURY,0,0,0,0,0,1,0,21,1,8,41.9023759422,-87.75412385,POINT (-87.754123849961 41.902375942174)
b177a2b4415ee7b9d51973cf72f609d4feefec0446f0d957567792d819f490c424430e0116dd80624af49ec053c8cbda8a370078c1fad562188365298a7df143,,08/31/2025 09:30:00 PM,30,NO CONTROLS,NO CONTROLS,CLEAR,DARKNESS,TURNING,NOT DIVIDED,,STRAIGHT AND LEVEL,DRY,NO DEFECTS,ON SCENE,INJURY AND / OR TOW DUE TO CRASH,,,,"OVER $1,500",08/31/2025 09:33:00 PM,IMPROPER TURNING/NO SIGNAL,NOT APPLICABLE,3310,W,ADDISON ST,1733,,,,,,,2,NONINCAPACITATING INJURY,1,0,0,1,0,2,0,21,1,8,41.9467004409,-87.7108635816,POINT (-87.710863581633 41.946700440917)
dc8e7e286fdb046dbdad8e0fbc37b71b14f13d7e828aaeb276c05722436f5a5e04eb3f78f8cf05ea62839a19d0a11acfb47954d951054585c9b0824331d74b2b,,08/31/2025 09:14:00 PM,30,NO CONTROLS,NO CONTROLS,CLEAR,"DARKNESS, LIGHTED ROAD",PEDESTRIAN,NOT DIVIDED,,STRAIGHT AND LEVEL,DRY,NO DEFECTS,ON SCENE,INJURY AND / OR TOW DUE TO CRASH,,,Y,$500 OR LESS,08/31/2025 10:01:00 PM,UNABLE TO DETERMINE,NOT APPLICABLE,4528,W,MADISON ST,1113,,,,,,,2,NONINCAPACITATING INJURY,1,0,0,1,0,1,0,21,1,8,41.88067825,-87.7391257089,POINT (-87.739125708865 41.880678250038)
2aa3886702d3e1e84cc9eb1e114ca657c7449df78e1b60f698cbcd44440cd6ed4e249ba1864622a843bb1da54f5140be43a2791f976036e535c85428f9a94db5,,08/31/2025 09:03:00 PM,35,TRAFFIC SIGNAL,UNKNOWN,CLEAR,"DARKNESS, LIGHTED ROAD",ANGLE,DIVIDED - W/MEDIAN BARRIER,,STRAIGHT AND LEVEL,DRY,UNKNOWN,ON SCENE,INJURY AND / OR TOW DUE TO CRASH,Y,,,"OVER $1,500",08/31/2025 09:03:00 PM,UNABLE TO DETERMINE,UNABLE TO DETERMINE,3500,S,HALSTED ST,915,,,,,,,2,INCAPACITATING INJURY,3,0,2,1,0,1,0,21,1,8,41.8306953352,-87.6462509158,POINT (-87.646250915767 41.830695335202)
645d639270dc78ff6d661462bce0a0492799bc1fa6a2d4b13b980f8c6d68834e3cd7b6ab6b79c4e51e4c59fd0d7d314fdd0aceb1cb54b35916366f906ff01d6a,,08/31/2025 09:00:00 PM,30,NO CONTROLS,NO CONTROLS,CLEAR,DARKNESS,PEDALCYCLIST,OTHER,,STRAIGHT AND LEVEL,DRY,NO DEFECTS,ON SCENE,INJURY AND / OR TOW DUE TO CRASH,,,Y,"OVER $1,500",08/31/2025 09:05:00 PM,FAILING TO YIELD RIGHT-OF-WAY,NOT APPLICABLE,5701,N,SHERIDAN RD,2022,,,,,,,2,NONINCAPACITATING INJURY,1,0,0,1,0,1,0,21,1,8,41.985638421,-87.6550943233,POINT (-87.655094323271 41.985638421049)
af989c74e4bd8d3dcbaa26446a45c48b80809ddb869fdfc9d67c702ea2a9c3157bc66898776e29d1a9bb6a2b701c6f55f0293b69209e5ec193975586e7ce6ff2,,08/31/2025 09:00:00 PM,30,TRAFFIC SIGNAL,FUNCTIONING PROPERLY,CLEAR,"DARKNESS, LIGHTED ROAD",FIXED OBJECT,NOT DIVIDED,,STRAIGHT AND LEVEL,DRY,NO DEFECTS,ON SCENE,INJURY AND / OR TOW DUE TO CRASH,Y,,,"OVER $1,500",08/31/2025 09:07:00 PM,UNABLE TO DETERMINE,NOT APPLICABLE,3900,S,WESTERN AVE,921,,,,,,,1,INCAPACITATING INJURY,1,0,1,0,0,0,0,21,1,8,41.8229542941,-87.685012986,POINT (-87.685012986006 41.822954294114)
f248501c63d39f03852656ad6a15494e29e2ab353be943c0ae958c22b195a33bce614d3f09013c660f09642d1fbe35c02cf5c90319eb7823bcec5086e2c77bfb,,08/31/2025 08:55:00 PM,35,NO CONTROLS,NO CONTROLS,CLEAR,"DARKNESS, LIGHTED ROAD",REAR TO FRONT,DIVIDED - W/MEDIAN (NOT RAISED),,STRAIGHT AND LEVEL,DRY,NO DEFECTS,NOT ON SCENE (DESK REPORT),NO INJURY / DRIVE AWAY,,,,"OVER $1,500",08/31/2025 09:55:00 PM,UNABLE TO DETERMINE,NOT APPLICABLE,111,W,HUBBARD ST,1831,,,,,,,2,NO INDICATION OF INJURY,0,0,0,0,0,3,0,20,1,8,41.8899044284,-87.6315924886,POINT (-87.631592488569 41.88990442842)
26056e41d9e5ef1990cd83e6b782f0bb5e16446eda994cef557efd3ed71dfe0925f335696a88f8bdf6d54837ad12a53a53ef10f350a0e5a535b7beb3e7a82b51,,08/31/2025 08:53:00 PM,30,TRAFFIC SIGNAL,FUNCTIONING PROPERLY,CLEAR,"DARKNESS, LIGHTED ROAD",REAR END,FOUR WAY,,STRAIGHT AND LEVEL,DRY,NO DEFECTS,ON SCENE,INJURY AND / OR TOW DUE TO CRASH,,,,"OVER $1,500",08/31/2025 08:54:00 PM,FOLLOWING TOO CLOSELY,FOLLOWING TOO CLOSELY,5200,W,IRVING PARK RD,1624,,,,,,,2,NO INDICATION OF INJURY,0,0,0,0,0,2,0,20,1,8,41.9534062511,-87.7572758871,POINT (-87.757275887138 41.953406251096)
671ec043113169eed0ef2cca666dac643cd54fc537c9cf16cf1937f46e83210e6f3465e386d2fd39816090c6b4a4566f1e8ff0ad587d2bcbf5a561c7484db5c5,,08/31/2025 08:51:00 PM,20,NO CONTROLS,NO CONTROLS,CLEAR,"DARKNESS, LIGHTED ROAD",PARKED MOTOR VEHICLE,PARKING LOT,,STRAIGHT AND LEVEL,DRY,NO DEFECTS,NOT ON SCENE (DESK REPORT),NO INJURY / DRIVE AWAY,,,,"OVER $1,500",08/31/2025 09:15:00 PM,IMPROPER BACKING,NOT APPLICABLE,5530,W,HOMER ST,2515,,,,,,,2,NO INDICATION OF INJURY,0,0,0,0,0,1,0,20,1,8,41.9151582604,-87.7644691324,POINT (-87.764469132417 41.915158260394)
d1b778add7544048e6754502ea6d873790b83e27b12b96fa77c9b9875bb94dbebef3fa8cacffe8f44cd09f0890ab14ad5d4888c2719652952a4f6ae28d259309,,08/31/2025 08:40:00 PM,35,NO CONTROLS,NO CONTROLS,CLEAR,"DARKNESS, LIGHTED ROAD",ANIMAL,DIVIDED - W/MEDIAN (NOT RAISED),,STRAIGHT AND LEVEL,DRY,NO DEFECTS,ON SCENE,INJURY AND / OR TOW DUE TO CRASH,,,,"OVER $1,500",08/31/2025 08:44:00 PM,ANIMAL,NOT APPLICABLE,8805,W,LAWRENCE AVE,1614,,,,,,,1,NO INDICATION OF INJURY,0,0,0,0,0,1,0,20,1,8,41.9662811476,-87.8470654679,POINT (-87.847065467931 41.966281147615)
7373158771287ec577cce2aba0d998788db1c26d3c818aadfae6e6256cfdbff223ba0d9e22cc4cb0ac31aa8ebd0e165a7bd23a17bf4f43a9f86756d64554a29f,,08/31/2025 08:35:00 PM,30,NO CONTROLS,NO CONTROLS,CLEAR,DARKNESS,TURNING,NOT DIVIDED,,STRAIGHT AND LEVEL,DRY,NO DEFECTS,ON SCENE,INJURY AND / OR TOW DUE TO CRASH,,,,"OVER $1,500",08/31/2025 08:37:00 PM,UNABLE TO DETERMINE,UNABLE TO DETERMINE,4539,W,JACKSON BLVD,1131,,,,,,,2,"REPORTED, NOT EVIDENT",5,0,0,0,5,0,0,20,1,8,41.8768007126,-87.7394223884,POINT (-87.739422388433 41.876800712641)
ae4c5d4189e8c345c3c465cfc8349f469a69a31f523b476dcfde989fb085308088072c83db0ffcacec13bf1d60c5a048ae2891e58470013686ad3748bf50372a,Y,08/31/2025 08:35:00 PM,30,NO CONTROLS,NO CONTROLS,CLEAR,"DARKNESS, LIGHTED ROAD",PARKED MOTOR VEHICLE,NOT DIVIDED,,STRAIGHT AND LEVEL,DRY,NO DEFECTS,ON SCENE,NO INJURY / DRIVE AWAY,,,,$500 OR LESS,08/31/2025 08:40:00 PM,UNDER THE INFLUENCE OF ALCOHOL/DRUGS (USE WHEN ARREST IS EFFECTED),UNDER THE INFLUENCE OF ALCOHOL/DRUGS (USE WHEN ARREST IS EFFECTED),3708,W,CHICAGO AVE,1112,,,,,,,2,NO INDICATION OF INJURY,0,0,0,0,0,1,0,20,1,8,41.8955425895,-87.719182752,POINT (-87.719182751953 41.895542589465)
5870aec58dff299f9350d157c1efc9b4d21fd9123bab5963b094ed118530f92655345eaeebb7e184380c8b04954fd0f54a4a8390d44704d221e3349ef4c7533b,,08/31/2025 08:30:00 PM,30,TRAFFIC SIGNAL,FUNCTIONING PROPERLY,CLEAR,"DARKNESS, LIGHTED ROAD",SIDESWIPE SAME DIRECTION,NOT DIVIDED,,STRAIGHT AND LEVEL,DRY,OTHER,NOT ON SCENE (DESK REPORT),NO INJURY / DRIVE AWAY,,,,"$501 - $1,500",08/31/2025 09:10:00 PM,UNABLE TO DETERMINE,UNABLE TO DETERMINE,2002,W,PETERSON AVE,2413,,,,,,,2,NO INDICATION OF INJURY,0,0,0,0,0,2,0,20,1,8,41.9907818642,-87.6800372342,POINT (-87.68003723416 41.990781864214)
2e279c566175840d09249028950178ce555031a7325b67370b62fbfdec65b24d4877298ecdf26a3f045750c0b5c2cdd67b2bb32267b8cf749028e5e2bfff1a17,,08/31/2025 08:15:00 PM,30,NO CONTROLS,NO CONTROLS,CLEAR,DARKNESS,PARKED MOTOR VEHICLE,ONE-WAY,,STRAIGHT AND LEVEL,DRY,NO DEFECTS,ON SCENE,NO INJURY / DRIVE AWAY,,,Y,"OVER $1,500",08/31/2025 08:16:00 PM,"OPERATING VEHICLE IN ERRATIC, RECKLESS, CARELESS, NEGLIGENT OR AGGRESSIVE MANNER","OPERATING VEHICLE IN ERRATIC, RECKLESS, CARELESS, NEGLIGENT OR AGGRESSIVE MANNER",2737,W,CONGRESS PKWY,1135,,,,,,,2,NO INDICATION OF INJURY,0,0,0,0,0,1,0,20,1,8,41.8747877222,-87.6950214153,POINT (-87.695021415307 41.874787722213)
c96f9da7e63d952855c40b2c83ed708c9f47c7373405d0c6964c42211108e95244540acb070b51f0e847d580efce54102ade129668e9e898a0da2f3035871300,,08/31/2025 08:15:00 PM,30,TRAFFIC SIGNAL,FUNCTIONING PROPERLY,CLEAR,"DARKNESS, LIGHTED ROAD",ANGLE,FOUR WAY,,STRAIGHT AND LEVEL,DRY,NO DEFECTS,ON SCENE,INJURY AND / OR TOW DUE TO CRASH,Y,,Y,"OVER $1,500",08/31/2025 08:18:00 PM,DISREGARDING TRAFFIC SIGNALS,DISREGARDING TRAFFIC SIGNALS,5700,S,WELLS ST,711,,,,,,,2,NO INDICATION OF INJURY,0,0,0,0,0,2,0,20,1,8,41.7907846614,-87.6318886845,POINT (-87.631888684481 41.790784661368)
91734d847bb3070bde2da2606bacdd9dbc5a44ea187c752ebcc544492eca2e921f2f20b50aba4ddfcb4d4c455b43e5867ad3bb49935bb186e3d1266d47a38d9e,,08/31/2025 08:13:00 PM,35,TRAFFIC SIGNAL,FUNCTIONING PROPERLY,CLEAR,"DARKNESS, LIGHTED ROAD",ANGLE,FOUR WAY,,STRAIGHT AND LEVEL,DRY,NO DEFECTS,NOT ON SCENE (DESK REPORT),NO INJURY / DRIVE AWAY,Y,,,"OVER $1,500",08/31/2025 09:10:00 PM,UNABLE TO DETERMINE,NOT APPLICABLE,132,W,ONTARIO ST,1832,,,,,,,2,NO INDICATION OF INJURY,0,0,0,0,0,2,0,20,1,8,41.8933189813,-87.6325686066,POINT (-87.632568606637 41.8933189813)
c977331e094f54919b825c7187043242137f9fff661a839aa9e90e194a74afee2996145e8559c6bfc8a0beb593bdda09cee51c512e37fa3268a33d5a53741709,,08/31/2025 08:12:00 PM,25,STOP SIGN/FLASHER,FUNCTIONING PROPERLY,CLEAR,"DARKNESS, LIGHTED ROAD",PARKED MOTOR VEHICLE,T-INTERSECTION,,STRAIGHT AND LEVEL,DRY,NO DEFECTS,ON SCENE,NO INJURY / DRIVE AWAY,,,,"OVER $1,500",08/31/2025 08:28:00 PM,UNABLE TO DETERMINE,UNABLE TO DETERMINE,1981,N,HOWE ST,1813,,,,,,,2,NO INDICATION OF INJURY,0,0,0,0,0,2,0,20,1,8,41.9181285839,-87.6447392831,POINT (-87.644739283085 41.918128583876)
4275c23b07cfd68f538d843d1a1b77a85b33f27e0cafb8d39d400da9ee1d131d61a2c720284d2aa52c81932e9da13d591cf55ef2046e969af3a7fb45e2b78009,,08/31/2025 08:03:00 PM,30,TRAFFIC SIGNAL,FUNCTIONING PROPERLY,CLEAR,"DARKNESS, LIGHTED ROAD",TURNING,FOUR WAY,,STRAIGHT AND LEVEL,DRY,NO DEFECTS,ON SCENE,INJURY AND / OR TOW DUE TO CRASH,Y,,,"OVER $1,500",08/31/2025 08:05:00 PM,FAILING TO YIELD RIGHT-OF-WAY,IMPROPER TURNING/NO SIGNAL,1108,W,95TH ST,2222,,,,,,,2,NO INDICATION OF INJURY,0,0,0,0,0,2,0,20,1,8,41.721472348,-87.6510518144,POINT (-87.65105181444 41.721472348025)
3cacffd62382f6824ca634916e3bc04737ae79429c48dd4072a79898f60666e31a1ce782b736e87e8a9f445087fcdf61f1480542b7d8141a19949c67fb17dd04,,08/31/2025 07:56:00 PM,30,TRAFFIC SIGNAL,FUNCTIONING PROPERLY,CLEAR,"DARKNESS, LIGHTED ROAD",TURNING,DIVIDED - W/MEDIAN (NOT RAISED),,STRAIGHT AND LEVEL,DRY,NO DEFECTS,ON SCENE,INJURY AND / OR TOW DUE TO CRASH,Y,,,"OVER $1,500",08/31/2025 08:37:00 PM,FAILING TO YIELD RIGHT-OF-WAY,NOT APPLICABLE,2800,W,MADISON ST,1222,,,,,,,2,NONINCAPACITATING INJURY,1,0,0,1,0,2,0,19,1,8,41.8811854428,-87.6963621091,POINT (-87.696362109063 41.88118544276)
f005cba43bbfc2b3e3242461c4a589b1ea28d13700addbfeb596578a439980b68fb7eca2113c10def42e9f02dd294d08c16cd1c97dd633703fc531e11556708c,,08/31/2025 07:20:00 PM,30,TRAFFIC SIGNAL,FUNCTIONING PROPERLY,CLEAR,DUSK,ANGLE,DIVIDED - W/MEDIAN (NOT RAISED),,STRAIGHT AND LEVEL,DRY,NO DEFECTS,ON SCENE,NO INJURY / DRIVE AWAY,,,Y,"OVER $1,500",08/31/2025 07:25:00 PM,FAILING TO YIELD RIGHT-OF-WAY,UNABLE TO DETERMINE,228,W,43RD ST,925,,,,,,,2,NO INDICATION OF INJURY,0,0,0,0,0,2,0,19,1,8,41.8165111819,-87.6323053936,POINT (-87.632305393569 41.816511181874)