CRASH_RECORD_ID,CRASH_DATE_EST_I,CRASH_DATE,POSTED_SPEED_LIMIT,TRAFFIC_CONTROL_DEVICE,DEVICE_CONDITION,WEATHER_CONDITION,LIGHTING_CONDITION,FIRST_CRASH_TYPE,TRAFFICWAY_TYPE,LANE_CNT,ALIGNMENT,ROADWAY_SURFACE_COND,ROAD_DEFECT,REPORT_TYPE,CRASH_TYPE,INTERSECTION_RELATED_I,NOT_RIGHT_OF_WAY_I,HIT_AND_RUN_I,DAMAGE,DATE_POLICE_NOTIFIED,PRIM_CONTRIBUTORY_CAUSE,SEC_CONTRIBUTORY_CAUSE,STREET_NO,STREET_DIRECTION,STREET_NAME,BEAT_OF_OCCURRENCE,PHOTOS_TAKEN_I,STATEMENTS_TAKEN_I,DOORING_I,WORK_ZONE_I,WORK_ZONE_TYPE,WORKERS_PRESENT_I,NUM_UNITS,MOST_SEVERE_INJURY,INJURIES_TOTAL,INJURIES_FATAL,INJURIES_INCAPACITATING,INJURIES_NON_INCAPACITATING,INJURIES_REPORTED_NOT_EVIDENT,INJURIES_NO_INDICATION,INJURIES_UNKNOWN,CRASH_HOUR,CRASH_DAY_OF_WEEK,CRASH_MONTH,LATITUDE,LONGITUDE,LOCATION
aa7b74f9927b7c53cf8d08758f4be77f34bbb389e20e5dcd18ed4a6ec06a0e8bcd54a56dbd049d0bee85532aaab874665338ee7da6cd372a4f0c358a08cc464a,,08/31/2025 07:15:00 PM,30,NO CONTROLS,NO CONTROLS,CLEAR,DUSK,PARKED MOTOR VEHICLE,NOT DIVIDED,,STRAIGHT AND LEVEL,DRY,NO DEFECTS,NOT ON SCENE (DESK REPORT),NO INJURY / DRIVE AWAY,,,Y,"OVER $1,500",08/31/2025 08:27:00 PM,"OPERATING VEHICLE IN ERRATIC, RECKLESS, CARELESS, NEGLIGENT OR AGGRESSIVE MANNER",NOT APPLICABLE,3733,W,59TH ST,822,,,,,,,2,NO INDICATION OF INJURY,0,0,0,0,0,3,0,19,1,8,41.7859212772,-87.7169414836,POINT (-87.716941483595 41.785921277193)
5f2d7bf9dc2d5c0f29b1034687b1b3bb67b652b044eb7917031bea8cb2511ea4b26cd32b198ab7f76f1fbf10bc7e9dfdc59ed4a31c02169088245e5232d9e749,,08/31/2025 06:47:00 PM,30,STOP SIGN/FLASHER,FUNCTIONING PROPERLY,CLEAR,DAYLIGHT,TURNING,DIVIDED - W/MEDIAN (NOT RAISED),,STRAIGHT AND LEVEL,DRY,NO DEFECTS,ON SCENE,NO INJURY / DRIVE AWAY,,,,"$501 - $1,500",08/31/2025 06:48:00 PM,UNABLE TO DETERMINE,UNABLE TO DETERMINE,5952,N,PULASKI RD,1711,,,,,,,2,NO INDICATION OF INJURY,0,0,0,0,0,6,0,18,1,8,41.9898889926,-87.7287724035,POINT (-87.728772403499 41.989888992633)
53d9fd90e243f98bc5aa02629c8955482162805310fc9344a96818b251c0ed63461a07e54d5927d882190ef519501ddb03cd3b6ad939b6728812b85e99dd0202,,08/31/2025 06:46:00 PM,45,TRAFFIC SIGNAL,UNKNOWN,UNKNOWN,UNKNOWN,ANGLE,T-INTERSECTION,,STRAIGHT AND LEVEL,UNKNOWN,UNKNOWN,NOT ON SCENE (DESK REPORT),NO INJURY / DRIVE AWAY,,,,"OVER $1,500",08/31/2025 07:40:00 PM,UNABLE TO DETERMINE,UNABLE TO DETERMINE,300,S,LAKE SHORE DR NB,114,,,,,,,2,NO INDICATION OF INJURY,0,0,0,0,0,4,0,18,1,8,41.8783101346,-87.6175759034,POINT (-87.617575903416 41.878310134581)
6dc3913de92dac21bdf46b1c50d92d6c460ad2b9656e5f045e5e0ee9b13828b4ed9d328be0fd8f570cbfc4a7e11cf85f4ea6d1292eab6792fd4eeb63657818c3,,08/31/2025 06:30:00 PM,30,TRAFFIC SIGNAL,FUNCTIONING PROPERLY,CLEAR,DAYLIGHT,TURNING,NOT DIVIDED,,STRAIGHT AND LEVEL,DRY,NO DEFECTS,ON SCENE,INJURY AND / OR TOW DUE TO CRASH,Y,,,"OVER $1,500",08/31/2025 06:35:00 PM,FAILING TO YIELD RIGHT-OF-WAY,NOT APPLICABLE,6023,S,ARCHER AVE,811,,,,,,,2,NONINCAPACITATING INJURY,1,0,0,1,0,1,0,18,1,8,41.7948371738,-87.767363285,POINT (-87.767363285023 41.794837173836)
ae3d60c47a2cd7b9b9a1b935f172e509e35bd544fd668a921ecf71120eac33c46b2173c5c00a8b19ebd42a31046a594807933fe176d904e6e856311b39602b35,,08/31/2025 06:30:00 PM,35,NO CONTROLS,NO CONTROLS,CLEAR,DUSK,TURNING,T-INTERSECTION,,STRAIGHT AND LEVEL,DRY,NO DEFECTS,ON SCENE,INJURY AND / OR TOW DUE TO CRASH,Y,,,"OVER $1,500",08/31/2025 06:51:00 PM,FAILING TO YIELD RIGHT-OF-WAY,IMPROPER TURNING/NO SIGNAL,6158,N,NORTHWEST HWY,1612,,,,,,,2,NO INDICATION OF INJURY,0,0,0,0,0,2,0,18,1,8,41.9935342185,-87.8012610208,POINT (-87.80126102081 41.993534218514)
1cc28e46f5306947c03bdaf107a27eb3b910890d3d9cc072ecfd123f5ccb405a9b51c54b195950cac6714d2e80f16a60186e01c8fab0229a7cd26855f0aa4efa,,08/31/2025 06:28:00 PM,30,TRAFFIC SIGNAL,FUNCTIONING PROPERLY,CLEAR,DAYLIGHT,REAR END,NOT DIVIDED,,STRAIGHT AND LEVEL,UNKNOWN,UNKNOWN,NOT ON SCENE (DESK REPORT),NO INJURY / DRIVE AWAY,,,,"OVER $1,500",08/31/2025 07:30:00 PM,UNABLE TO DETERMINE,NOT APPLICABLE,51,E,14TH ST,131,,,,,,,2,NO INDICATION OF INJURY,0,0,0,0,0,3,0,18,1,8,41.8639617994,-87.6253987513,POINT (-87.625398751263 41.863961799386)
649a9720c9883d67c10be2cc6d3cc8b8d2931515e634c6bf396b1b108acba40d37e4545cd7dd1c8ff776b3780cb0640747fc6426627a31244643e58639d1c25b,,08/31/2025 06:27:00 PM,30,NO CONTROLS,NO CONTROLS,CLEAR,DAYLIGHT,SIDESWIPE SAME DIRECTION,NOT DIVIDED,,STRAIGHT AND LEVEL,DRY,NO DEFECTS,ON SCENE,NO INJURY / DRIVE AWAY,,,,"OVER $1,500",08/31/2025 06:27:00 PM,IMPROPER OVERTAKING/PASSING,UNABLE TO DETERMINE,4748,W,83RD ST,834,,,,,,,2,NO INDICATION OF INJURY,0,0,0,0,0,2,0,18,1,8,41.7420807987,-87.7402919063,POINT (-87.740291906256 41.742080798734)
a99d23c5ef477fa15abbcf7f0973b0b09c15841066365937b1ad961d2584efdf22f2bc3d6032888c148df078195389670b37ce9de6a8af052e51c6d724831a8b,,08/31/2025 06:25:00 PM,30,TRAFFIC SIGNAL,FUNCTIONING PROPERLY,CLEAR,DAYLIGHT,SIDESWIPE SAME DIRECTION,DIVIDED - W/MEDIAN (NOT RAISED),,STRAIGHT AND LEVEL,DRY,NO DEFECTS,ON SCENE,NO INJURY / DRIVE AWAY,,,Y,"OVER $1,500",08/31/2025 06:25:00 PM,IMPROPER OVERTAKING/PASSING,FOLLOWING TOO CLOSELY,2200,E,MARQUETTE DR,331,,,,,,,2,NO INDICATION OF INJURY,0,0,0,0,0,2,0,18,1,8,41.7756790279,-87.5717136642,POINT (-87.57171366417 41.775679027941)
4eb72b85ca84d6c34c1368d7ca5607b8b3b99e1fefa3ba14a2817f4db78b2ccd9130efa8cadd6f7cdfb2f972aef107e54901c6d3e1d4e963b5e5fd1538098b7e,,08/31/2025 06:18:00 PM,30,NO CONTROLS,NO CONTROLS,CLEAR,DUSK,REAR END,ONE-WAY,,STRAIGHT AND LEVEL,DRY,NO DEFECTS,NOT ON SCENE (DESK REPORT),INJURY AND / OR TOW DUE TO CRASH,,,,"OVER $1,500",08/31/2025 07:15:00 PM,FOLLOWING TOO CLOSELY,NOT APPLICABLE,3150,N,AVONDALE AVE,1412,,,,,,,2,"REPORTED, NOT EVIDENT",2,0,0,0,2,2,0,18,1,8,41.9389599628,-87.7084268898,POINT (-87.708426889767 41.938959962761)
9bcf833227262bb6f8383a08e4a45125abb52db544757fc3b91a0c2a8383bd5e3cb8d11dae6f40cec3250e3c37c883fdd250592d3cdc0143087c00036f89905e,,08/31/2025 06:15:00 PM,30,NO CONTROLS,NO CONTROLS,CLEAR,DAYLIGHT,PARKED MOTOR VEHICLE,PARKING LOT,,STRAIGHT AND LEVEL,DRY,NO DEFECTS,ON SCENE,NO INJURY / DRIVE AWAY,,,,$500 OR LESS,08/31/2025 06:15:00 PM,FAILING TO REDUCE SPEED TO AVOID CRASH,NOT APPLICABLE,7059,S,SOUTH SHORE DR,334,,,,,,,2,NO INDICATION OF INJURY,0,0,0,0,0,1,0,18,1,8,41.7666030222,-87.5663237227,POINT (-87.566323722736 41.766603022169)
30780d36cf2544d69d48fbede44dcf01ebf38dd83a2cbacd24eaa24cf827c35abcb6ab4e933874726232c111ffec0c1e6b0108cb398732cc0cc2a31f0d58d83a,,08/31/2025 06:10:00 PM,30,TRAFFIC SIGNAL,FUNCTIONING PROPERLY,CLEAR,DAYLIGHT,ANGLE,DIVIDED - W/MEDIAN (NOT RAISED),,STRAIGHT AND LEVEL,DRY,NO DEFECTS,ON SCENE,INJURY AND / OR TOW DUE TO CRASH,Y,,,"OVER $1,500",08/31/2025 06:13:00 PM,FAILING TO YIELD RIGHT-OF-WAY,NOT APPLICABLE,7302,W,DEVON AVE,1612,,,,,,,2,"REPORTED, NOT EVIDENT",1,0,0,0,1,2,0,18,1,8,41.9972341175,-87.8104129688,POINT (-87.810412968829 41.997234117489)
5d0aea4f348790d661ef13bd6fc6c06dcced9d337e568ea3bab224a52efd067075f847a26cd307ba16b27c76e266bbeea94f1ff456e1666a04c81c300450d2c3,,08/31/2025 06:05:00 PM,40,TRAFFIC SIGNAL,NO CONTROLS,CLEAR,DAYLIGHT,TURNING,T-INTERSECTION,,STRAIGHT AND LEVEL,DRY,NO DEFECTS,NOT ON SCENE (DESK REPORT),NO INJURY / DRIVE AWAY,Y,,,"OVER $1,500",08/31/2025 07:30:00 PM,IMPROPER TURNING/NO SIGNAL,NOT APPLICABLE,7700,S,SOUTH CHICAGO AVE,411,,,,,,,2,NO INDICATION OF INJURY,0,0,0,0,0,2,0,18,1,8,41.7545642158,-87.5900471587,POINT (-87.590047158729 41.754564215832)
b964a6cd28612183cb74f3d2b30e4ba0bda4e20e4a8efddab858a93e2f7acd8261e04f646f52e369ba3a5eb1b91b52945657e6ce92770af01748a31798e08f2e,,08/31/2025 06:00:00 PM,30,NO CONTROLS,NO CONTROLS,CLEAR,DAYLIGHT,ANGLE,NOT DIVIDED,,STRAIGHT AND LEVEL,DRY,NO DEFECTS,ON SCENE,INJURY AND / OR TOW DUE TO CRASH,,,,"OVER $1,500",08/31/2025 06:05:00 PM,DRIVING SKILLS/KNOWLEDGE/EXPERIENCE,DRIVING SKILLS/KNOWLEDGE/EXPERIENCE,10800,S,TORRENCE AVE,434,,,,,,,2,NO INDICATION OF INJURY,0,0,0,0,0,2,0,18,1,8,41.6990887173,-87.5596946718,POINT (-87.559694671759 41.699088717329)
bb0fcba323c59dac5e1716ad536e0f3768372d22d6e5ea96e4147597ab609cbc275fc0cd89cebd941cc0746a0538e89624bfe3ef0096076e062658b33d5213de,,08/31/2025 06:00:00 PM,25,TRAFFIC SIGNAL,FUNCTIONING PROPERLY,CLEAR,DAYLIGHT,FIXED OBJECT,"FIVE POINT, OR MORE",,STRAIGHT AND LEVEL,DRY,UNKNOWN,ON SCENE,INJURY AND / OR TOW DUE TO CRASH,,,N,"OVER $1,500",08/31/2025 06:01:00 PM,UNABLE TO DETERMINE,NOT APPLICABLE,7100,S,COTTAGE GROVE AVE,323,,,,,,,1,NONINCAPACITATING INJURY,1,0,0,1,0,2,0,18,1,8,41.7658003513,-87.605729127,POINT (-87.60572912699 41.765800351319)
0edc93220586f00ec2cdb9c089939d14109c2c8337fbed9c920cf56765e8bf98c640a9b2545a3afbaf5c33e75ba9f60aebad2e2ca011d1ac18acb4e341fed9d5,,08/31/2025 05:50:00 PM,30,NO CONTROLS,NO CONTROLS,CLEAR,DAYLIGHT,SIDESWIPE SAME DIRECTION,NOT DIVIDED,,STRAIGHT AND LEVEL,DRY,NO DEFECTS,NOT ON SCENE (DESK REPORT),NO INJURY / DRIVE AWAY,,,Y,"$501 - $1,500",08/31/2025 06:08:00 PM,IMPROPER OVERTAKING/PASSING,NOT APPLICABLE,2798,W,MARQUETTE RD,831,,,,,,,2,NO INDICATION OF INJURY,0,0,0,0,0,3,0,17,1,8,41.7719342928,-87.6931474675,POINT (-87.693147467483 41.771934292813)
02bf17c0c023fecb34cfeb14bba8aadee51df625d5405eedad4d50244f04a7971f0b05364087f8ba31773356d26f4b2283462fca19ee45b6d29ec6745242b732,,08/31/2025 05:31:00 PM,30,TRAFFIC SIGNAL,UNKNOWN,CLEAR,DAYLIGHT,PEDESTRIAN,NOT DIVIDED,,STRAIGHT AND LEVEL,DRY,NO DEFECTS,NOT ON SCENE (DESK REPORT),INJURY AND / OR TOW DUE TO CRASH,,,,"OVER $1,500",08/31/2025 06:00:00 PM,FAILING TO YIELD RIGHT-OF-WAY,FAILING TO YIELD RIGHT-OF-WAY,2300,S,CANAL ST,914,,,,,,,2,"REPORTED, NOT EVIDENT",1,0,0,0,1,1,0,17,1,8,41.8508370203,-87.638628145,POINT (-87.63862814499 41.850837020309)
8074398d5083b5896c31915a91866e7011be097b5de064b0c688173e27b90e71c96fed49541357889995cc88872f03b38e1a94f89ce0f667cb7a099cfd7e8bac,,08/31/2025 05:30:00 PM,30,NO CONTROLS,NO CONTROLS,CLEAR,DAYLIGHT,SIDESWIPE SAME DIRECTION,NOT DIVIDED,,STRAIGHT AND LEVEL,DRY,NO DEFECTS,NOT ON SCENE (DESK REPORT),NO INJURY / DRIVE AWAY,,,,"$501 - $1,500",08/31/2025 05:45:00 PM,IMPROPER OVERTAKING/PASSING,UNABLE TO DETERMINE,2105,S,STATE ST,131,,,,,,,2,NO INDICATION OF INJURY,0,0,0,0,0,5,0,17,1,8,41.854063769,-87.6269605361,POINT (-87.626960536063 41.854063769009)
91b70c08faa708ca839cf262f593fc5f71c75ee1cd8d0582924a4a07a110785ff44f5cdd821c543f0e2e63f1c6bc38c9684c5af0be064ea3a728847d4859bf79,,08/31/2025 05:30:00 PM,30,NO CONTROLS,NO CONTROLS,CLEAR,DAYLIGHT,PEDALCYCLIST,NOT DIVIDED,,STRAIGHT AND LEVEL,DRY,NO DEFECTS,NOT ON SCENE (DESK REPORT),NO INJURY / DRIVE AWAY,,,,"OVER $1,500",08/31/2025 06:58:00 PM,NOT APPLICABLE,NOT APPLICABLE,2832,W,63RD ST,823,,,,,,,2,NO INDICATION OF INJURY,0,0,0,0,0,2,0,17,1,8,41.7792074739,-87.6946750793,POINT (-87.694675079348 41.779207473943)
fed35338adbc5b8372963554a6e49dca070c9e0cf70fe37ce3f147f68f5c1d5cd8086b070bd48e6a3611df47be34cc41d7a8622e981e081bc672672dee3fe0bf,,08/31/2025 05:30:00 PM,15,NO CONTROLS,NO CONTROLS,CLEAR,DAYLIGHT,PARKED MOTOR VEHICLE,PARKING LOT,,STRAIGHT AND LEVEL,DRY,NO DEFECTS,NOT ON SCENE (DESK REPORT),NO INJURY / DRIVE AWAY,,,,"OVER $1,500",08/31/2025 06:34:00 PM,IMPROPER BACKING,NOT APPLICABLE,8255,S,KEDZIE AVE,835,,,,,,,2,NO INDICATION OF INJURY,0,0,0,0,0,2,0,17,1,8,41.7427033081,-87.7020564331,POINT (-87.702056433057 41.742703308073)
250ef5cc0fbb98dbc139c2ed02f93b0a5701b68c7df53f53ba49e22ab4eebe909f2b090ddf6eb443d711a8b4b26090bedc62fe62018ad9e2a61ed2c16570e75e,,08/31/2025 05:22:00 PM,30,UNKNOWN,UNKNOWN,CLEAR,DAYLIGHT,REAR END,PARKING LOT,,STRAIGHT AND LEVEL,DRY,UNKNOWN,NOT ON SCENE (DESK REPORT),NO INJURY / DRIVE AWAY,,Y,,"OVER $1,500",08/31/2025 07:15:00 PM,FOLLOWING TOO CLOSELY,DRIVING SKILLS/KNOWLEDGE/EXPERIENCE,1221,S,WABASH AVE,131,,,,,,,2,NO INDICATION OF INJURY,0,0,0,0,0,2,0,17,1,8,41.8668314544,-87.625669609,POINT (-87.625669608957 41.866831454439)
745c8b09e5056900344ed24b6061fddcacf860d6620f50c0647e7c054ec2e4a101259c82f393482f3e03afcbf1215a5e37facde0e57f3d5a613064d2aa7583ca,,08/31/2025 05:15:00 PM,30,NO CONTROLS,NO CONTROLS,CLEAR,DAYLIGHT,TURNING,FOUR WAY,,STRAIGHT AND LEVEL,DRY,NO DEFECTS,ON SCENE,NO INJURY / DRIVE AWAY,,,,"OVER $1,500",08/31/2025 05:21:00 PM,FAILING TO YIELD RIGHT-OF-WAY,NOT APPLICABLE,998,W,BRYN MAWR AVE,2022,,,,,,,2,NO INDICATION OF INJURY,0,0,0,0,0,4,0,17,1,8,41.983920469,-87.6551485427,POINT (-87.655148542657 41.98392046896)
8cd3c2fcb923e47942626921f196c2ef1470ef8824082187c13ceb1f05421a02c259a88fe8369e7df17ad3ec18f0a37c5a610ec9faa27c063a95eb8275d77bac,,08/31/2025 05:10:00 PM,30,TRAFFIC SIGNAL,FUNCTIONING PROPERLY,CLEAR,DAYLIGHT,TURNING,UNKNOWN INTERSECTION TYPE,,STRAIGHT AND LEVEL,DRY,NO DEFECTS,ON SCENE,INJURY AND / OR TOW DUE TO CRASH,Y,,,"OVER $1,500",08/31/2025 05:11:00 PM,IMPROPER TURNING/NO SIGNAL,IMPROPER LANE USAGE,42,E,DELAWARE PL,1833,,,,,,,2,NONINCAPACITATING INJURY,2,0,0,2,0,2,0,17,1,8,41.8992777737,-87.6267365618,POINT (-87.626736561757 41.89927777367)
f72d2a66a51ab1930bbbb3d8fe03cb74e180780f9eba0543c0fd8ef3c4455ef9d4acbc84550275d40257b60f7bceffa60fef3d2bbaa18bca609864754bd1d321,,08/31/2025 05:00:00 PM,30,UNKNOWN,UNKNOWN,CLEAR,DAYLIGHT,ANGLE,NOT DIVIDED,,STRAIGHT AND LEVEL,DRY,NO DEFECTS,NOT ON SCENE (DESK REPORT),NO INJURY / DRIVE AWAY,,,,"OVER $1,500",08/31/2025 05:29:00 PM,NOT APPLICABLE,NOT APPLICABLE,3513,W,DEVON AVE,1711,,,,,,,2,NO INDICATION OF INJURY,0,0,0,0,0,2,0,17,1,8,41.9971775378,-87.717240556,POINT (-87.717240556038 41.997177537784)
550fdaf6fba0c96625157d75a17099f57511b66dea62b65730703ff1c19f347632d758080d987184e29e513207594f772594487d8fee498408a890848ecdcc3a,,08/31/2025 04:55:00 PM,30,STOP SIGN/FLASHER,OTHER,CLEAR,DAYLIGHT,ANGLE,FOUR WAY,,STRAIGHT AND LEVEL,DRY,NO DEFECTS,ON SCENE,INJURY AND / OR TOW DUE TO CRASH,Y,,Y,"OVER $1,500",08/31/2025 04:59:00 PM,FAILING TO YIELD RIGHT-OF-WAY,FAILING TO YIELD RIGHT-OF-WAY,1824,W,CORTLAND ST,1434,,,,,,,2,NO INDICATION OF INJURY,0,0,0,0,0,3,0,16,1,8,41.9161182131,-87.6737900662,POINT (-87.673790066172 41.916118213134)
2905c40cad5df528df558b3ae6a82aec8f5acf4af682261f083de51ec15d3f02452b215142fe5049e3738ccd041a37abf15797e6ca5339bd9d387e1ab92862a4,,08/31/2025 04:51:00 PM,30,TRAFFIC SIGNAL,FUNCTIONING PROPERLY,CLEAR,DAYLIGHT,REAR END,T-INTERSECTION,,STRAIGHT AND LEVEL,DRY,UNKNOWN,ON SCENE,INJURY AND / OR TOW DUE TO CRASH,,,,"$501 - $1,500",08/31/2025 05:05:00 PM,FAILING TO REDUCE SPEED TO AVOID CRASH,DISTRACTION - FROM INSIDE VEHICLE,4654,S,PULASKI RD,815,,,,,,,2,NONINCAPACITATING INJURY,1,0,0,1,0,1,0,16,1,8,41.8080851068,-87.7237395915,POINT (-87.72373959151 41.808085106843)
bea991c96f171604854dc522a4ab43b87691fdf150941e3fb1612bbe4b5bd9fe430345391ab82474953573bbc01131cacd26ac6b5f5873969667dada0d91e5bf,,08/31/2025 04:40:00 PM,30,TRAFFIC SIGNAL,FUNCTIONING PROPERLY,CLEAR,DAYLIGHT,TURNING,FOUR WAY,,STRAIGHT AND LEVEL,DRY,NO DEFECTS,ON SCENE,INJURY AND / OR TOW DUE TO CRASH,Y,,,"OVER $1,500",08/31/2025 04:46:00 PM,DISREGARDING TRAFFIC SIGNALS,FAILING TO REDUCE SPEED TO AVOID CRASH,11101,S,PULASKI RD,2211,,,,,,,3,INCAPACITATING INJURY,2,0,1,1,0,4,0,16,1,8,41.6911020144,-87.7201627703,POINT (-87.720162770279 41.691102014358)
547c32a56e3ae79e518195a9291ccd24e4a331c7cc9720c803dda48ddb2d5b69f8dbeb7b79a1917fd1cc9135c3192a686ff8074f45874b5bfb305dbf112614ff,,08/31/2025 04:30:00 PM,30,TRAFFIC SIGNAL,FUNCTIONING PROPERLY,CLEAR,DAYLIGHT,REAR END,NOT DIVIDED,,STRAIGHT AND LEVEL,DRY,NO DEFECTS,NOT ON SCENE (DESK REPORT),INJURY AND / OR TOW DUE TO CRASH,,,,"$501 - $1,500",08/31/2025 06:39:00 PM,FOLLOWING TOO CLOSELY,NOT APPLICABLE,7100,S,PULASKI RD,833,,,,,,,2,NONINCAPACITATING INJURY,1,0,0,1,0,3,0,16,1,8,41.7640077493,-87.7224991077,POINT (-87.722499107707 41.764007749308)
33040ff28f02c57d0a1a32071ecdf96e7c083abf75ad8485ae6df09bbc7155fa9383477a148ca1fdb50804363f916e8b9890a420f03361d26eb405262d32884f,,08/31/2025 04:28:00 PM,35,NO CONTROLS,NO CONTROLS,CLEAR,DAYLIGHT,SIDESWIPE SAME DIRECTION,ONE-WAY,,STRAIGHT AND LEVEL,DRY,NO DEFECTS,ON SCENE,NO INJURY / DRIVE AWAY,,,,"OVER $1,500",08/31/2025 04:30:00 PM,FAILING TO YIELD RIGHT-OF-WAY,NOT APPLICABLE,858,E,OAKWOOD BLVD,212,,,,,,,2,NO INDICATION OF INJURY,0,0,0,0,0,3,0,16,1,8,41.8243304038,-87.6045885795,POINT (-87.604588579489 41.82433040382)
3321d34ad16423c24c066d6a85557b9f5977703d87c30dbb21bd42516bc2a084bcf3dd3d210e5d55bc2825bceaedb5ce3e7fbec3b3c0a6afb5c1221a1665718c,,08/31/2025 04:25:00 PM,30,NO CONTROLS,NO CONTROLS,CLEAR,DAYLIGHT,SIDESWIPE SAME DIRECTION,NOT DIVIDED,,STRAIGHT AND LEVEL,DRY,NO DEFECTS,NOT ON SCENE (DESK REPORT),NO INJURY / DRIVE AWAY,,,Y,"OVER $1,500",08/31/2025 08:09:00 PM,IMPROPER LANE USAGE,NOT APPLICABLE,421,W,KINZIE ST,1831,,,,,,,2,NO INDICATION OF INJURY,0,0,0,0,0,5,0,16,1,8,41.8889906934,-87.6390774531,POINT (-87.639077453148 41.888990693446)
4077696b8029db46f14acbc277bdb2c16064c5350743dc2d5837115c831e06cba5cda077df4dfd440bc8805130bc1cf8e1c7bdfdcb1a852554ee6418729f14d5,,08/31/2025 04:25:00 PM,30,TRAFFIC SIGNAL,FUNCTIONING PROPERLY,CLEAR,DAYLIGHT,REAR END,DIVIDED - W/MEDIAN BARRIER,,STRAIGHT AND LEVEL,DRY,NO DEFECTS,ON SCENE,INJURY AND / OR TOW DUE TO CRASH,,,,"OVER $1,500",08/31/2025 04:30:00 PM,FAILING TO REDUCE SPEED TO AVOID CRASH,NOT APPLICABLE,1125,W,95TH ST,2213,,,,,,,2,NONINCAPACITATING INJURY,6,0,0,6,0,0,0,16,1,8,41.7212452779,-87.6516715035,POINT (-87.651671503532 41.721245277903)
661aef5282d42fc69f02b1010c61b7d3b049a2ac1df62336c9b76caaf8d5a850506336a756d74e5d161c8d2ce3b19be3d3ceaab89ed7a0ee22d7d2e9f0e82bad,,08/31/2025 04:25:00 PM,10,NO CONTROLS,NO CONTROLS,CLEAR,DAYLIGHT,ANGLE,PARKING LOT,,STRAIGHT AND LEVEL,DRY,NO DEFECTS,NOT ON SCENE (DESK REPORT),NO INJURY / DRIVE AWAY,,Y,Y,"OVER $1,500",08/31/2025 05:27:00 PM,NOT APPLICABLE,NOT APPLICABLE,3250,W,87TH ST,834,,,,,,,2,NO INDICATION OF INJURY,0,0,0,0,0,2,0,16,1,8,41.7352740895,-87.7035112835,POINT (-87.703511283506 41.735274089541)
83d4e7de9631fca814ad8ace3d5f2ba9f9038e10b7dcbfc38b7497d385edaae0584f81e43afd2524632b0a03f7edb8b51c73702a3266d57e0c550b3efc273886,Y,08/31/2025 04:15:00 PM,30,STOP SIGN/FLASHER,FUNCTIONING PROPERLY,CLEAR,DAYLIGHT,PEDESTRIAN,NOT REPORTED,,STRAIGHT AND LEVEL,DRY,NO DEFECTS,ON SCENE,INJURY AND / OR TOW DUE TO CRASH,Y,,Y,$500 OR LESS,08/31/2025 04:21:00 PM,DISREGARDING STOP SIGN,FAILING TO YIELD RIGHT-OF-WAY,4400,S,KOMENSKY AVE,815,,,,,,,2,NONINCAPACITATING INJURY,1,0,0,1,0,1,0,16,1,8,41.8132536373,-87.7251595782,POINT (-87.725159578237 41.813253637257)
a7f2b50fae5fc44edca395a420571fb109a419a1229d79552f7c160ebc2519455f40ab95cb482d83aa2b7063df1546b2220d8aa969a8721453b420a09f318888,,08/31/2025 04:03:00 PM,30,NO CONTROLS,NO CONTROLS,CLEAR,DAYLIGHT,PARKED MOTOR VEHICLE,DIVIDED - W/MEDIAN (NOT RAISED),,STRAIGHT AND LEVEL,DRY,NO DEFECTS,ON SCENE,INJURY AND / OR TOW DUE TO CRASH,,,,"OVER $1,500",08/31/2025 04:06:00 PM,UNABLE TO DETERMINE,UNABLE TO DETERMINE,4649,W,JACKSON BLVD,1131,,,,,,,2,NONINCAPACITATING INJURY,2,0,0,2,0,1,0,16,1,8,41.8767722552,-87.7422430499,POINT (-87.742243049921 41.876772255175)
2dc06edbce065196d781de8ff48467b9b6d95153fc81dee2be214a186efe82eef9f0b0fe7048ccc70db76ea0e4dd5edef4e51fda67d8b25bf0a81f90339bbcdf,,08/31/2025 04:00:00 PM,30,NO CONTROLS,NO CONTROLS,CLEAR,DAYLIGHT,SIDESWIPE SAME DIRECTION,DIVIDED - W/MEDIAN (NOT RAISED),,STRAIGHT AND LEVEL,DRY,UNKNOWN,NOT ON SCENE (DESK REPORT),NO INJURY / DRIVE AWAY,,,,"$501 - $1,500",08/31/2025 05:15:00 PM,UNABLE TO DETERMINE,NOT APPLICABLE,709,S,COLUMBUS DR,114,,,,,,,2,NO INDICATION OF INJURY,0,0,0,0,0,2,0,16,1,8,41.8730322323,-87.6204436777,POINT (-87.620443677745 41.873032232345)
fb84436947806905ade958327cb72b9dd0924381a52ca7f2387e7ccfcdcb0fde24ff4ac8500b6aa9d56348119e08dac385609e62289f0a3ec8dbb23456c366ca,,08/31/2025 04:00:00 PM,30,NO CONTROLS,NO CONTROLS,CLEAR,DAYLIGHT,REAR END,DIVIDED - W/MEDIAN (NOT RAISED),,STRAIGHT AND LEVEL,DRY,NO DEFECTS,NOT ON SCENE (DESK REPORT),NO INJURY / DRIVE AWAY,,,,"$501 - $1,500",08/31/2025 06:15:00 PM,UNABLE TO DETERMINE,NOT APPLICABLE,500,N,MC CLURG CT,1834,,,,,,,2,NO INDICATION OF INJURY,0,0,0,0,0,2,0,16,1,8,41.891088252,-87.6178170885,POINT (-87.617817088506 41.891088251976)
9d797587010dfb99ef02b7120e3ea881fec14c0cd6d0e15b5cafbde0013cac2d94c7d15c3b453e96bc1a21ee0a374e4d11a1ad65361b925b89dc40245fc98b1a,,08/31/2025 03:52:00 PM,30,NO CONTROLS,NO CONTROLS,CLEAR,DAYLIGHT,ANGLE,NOT DIVIDED,,STRAIGHT AND LEVEL,DRY,NO DEFECTS,ON SCENE,INJURY AND / OR TOW DUE TO CRASH,,,,"OVER $1,500",08/31/2025 04:08:00 PM,FAILING TO YIELD RIGHT-OF-WAY,DRIVING ON WRONG SIDE/WRONG WAY,4414,N,LAPORTE AVE,1623,,,,,,,3,NONINCAPACITATING INJURY,1,0,0,1,0,1,0,15,1,8,41.9611639509,-87.7513694417,POINT (-87.751369441734 41.961163950891)