CRASH_RECORD_ID,CRASH_DATE_EST_I,CRASH_DATE,POSTED_SPEED_LIMIT,TRAFFIC_CONTROL_DEVICE,DEVICE_CONDITION,WEATHER_CONDITION,LIGHTING_CONDITION,FIRST_CRASH_TYPE,TRAFFICWAY_TYPE,LANE_CNT,ALIGNMENT,ROADWAY_SURFACE_COND,ROAD_DEFECT,REPORT_TYPE,CRASH_TYPE,INTERSECTION_RELATED_I,NOT_RIGHT_OF_WAY_I,HIT_AND_RUN_I,DAMAGE,DATE_POLICE_NOTIFIED,PRIM_CONTRIBUTORY_CAUSE,SEC_CONTRIBUTORY_CAUSE,STREET_NO,STREET_DIRECTION,STREET_NAME,BEAT_OF_OCCURRENCE,PHOTOS_TAKEN_I,STATEMENTS_TAKEN_I,DOORING_I,WORK_ZONE_I,WORK_ZONE_TYPE,WORKERS_PRESENT_I,NUM_UNITS,MOST_SEVERE_INJURY,INJURIES_TOTAL,INJURIES_FATAL,INJURIES_INCAPACITATING,INJURIES_NON_INCAPACITATING,INJURIES_REPORTED_NOT_EVIDENT,INJURIES_NO_INDICATION,INJURIES_UNKNOWN,CRASH_HOUR,CRASH_DAY_OF_WEEK,CRASH_MONTH,LATITUDE,LONGITUDE,LOCATION
4e797702aa8aa59f74e993c8635793231a6cbcb00e7e948b8febcfa2d6e981a7d524e08473547f3100bda782f2b3a691c18a1e10f047abcff8531e3c7be97df2,,08/31/2025 03:50:00 PM,30,NO CONTROLS,NO CONTROLS,CLEAR,DAYLIGHT,PARKED MOTOR VEHICLE,ONE-WAY,,STRAIGHT AND LEVEL,DRY,NO DEFECTS,ON SCENE,NO INJURY / DRIVE AWAY,,,,"OVER $1,500",08/31/2025 03:51:00 PM,FAILING TO REDUCE SPEED TO AVOID CRASH,NOT APPLICABLE,6005,N,BERNARD ST,1711,,,,,,,2,NO INDICATION OF INJURY,0,0,0,0,0,1,0,15,1,8,41.9905079477,-87.7150628986,POINT (-87.715062898647 41.990507947702)
e4c9d34cdaca5ee08b55b603575aefa1e048adecd36ab384307c6ecf318cc3bc54f693429bf59d091fe00a7ebb5a72525454facb7f31b398b67fe93e9d00e005,,08/31/2025 03:47:00 PM,30,NO CONTROLS,NO CONTROLS,CLEAR,DAYLIGHT,TURNING,DIVIDED - W/MEDIAN BARRIER,,STRAIGHT AND LEVEL,DRY,NO DEFECTS,ON SCENE,NO INJURY / DRIVE AWAY,,,,"OVER $1,500",08/31/2025 03:47:00 PM,IMPROPER LANE USAGE,UNABLE TO DETERMINE,4599,W,79TH ST,834,,,,,,,2,NO INDICATION OF INJURY,0,0,0,0,0,4,0,15,1,8,41.7491299212,-87.7372180105,POINT (-87.737218010479 41.749129921172)
505d0feef2d150bac56d6e770443fc292a2a168a58de3d760872d061c8c00abcce142fef2d478bce54624ab2d8eeae99e822ec05d3300c1d85df6f18367d57c7,,08/31/2025 03:40:00 PM,30,TRAFFIC SIGNAL,FUNCTIONING PROPERLY,CLEAR,DAYLIGHT,TURNING,ONE-WAY,,STRAIGHT AND LEVEL,DRY,NO DEFECTS,NOT ON SCENE (DESK REPORT),NO INJURY / DRIVE AWAY,Y,,,$500 OR LESS,08/31/2025 04:15:00 PM,FOLLOWING TOO CLOSELY,NOT APPLICABLE,3207,W,WASHINGTON BLVD,1123,,,,,,,2,NO INDICATION OF INJURY,0,0,0,0,0,3,0,15,1,8,41.882680336,-87.7065184607,POINT (-87.706518460695 41.882680335978)
7d48659c3d08031331808895a065cc79b816fbb4dda4db62dee731f9416107e32b41671fd7ab686ec06dd7370b2b1658eb864cfc6c62fda6cacc0fe52ccc39be,,08/31/2025 03:30:00 PM,30,TRAFFIC SIGNAL,FUNCTIONING PROPERLY,CLEAR,DAYLIGHT,PARKED MOTOR VEHICLE,NOT DIVIDED,,STRAIGHT AND LEVEL,DRY,NO DEFECTS,NOT ON SCENE (DESK REPORT),NO INJURY / DRIVE AWAY,,,Y,"OVER $1,500",08/31/2025 05:10:00 PM,IMPROPER TURNING/NO SIGNAL,UNABLE TO DETERMINE,2400,W,DEVON AVE,2412,,,,,,,2,NO INDICATION OF INJURY,0,0,0,0,0,1,0,15,1,8,41.997838114,-87.6899485368,POINT (-87.689948536814 41.997838113989)
8a8be552958cac0d9cc0d9b169b24b80a1765e31115876cc5e3064b48983daef9c08d321d0dc34b8651be3a6b8cb8085516362848d896de7811080d1372f421d,,08/31/2025 03:30:00 PM,30,NO CONTROLS,NO CONTROLS,CLEAR,DAYLIGHT,SIDESWIPE SAME DIRECTION,DIVIDED - W/MEDIAN (NOT RAISED),,STRAIGHT AND LEVEL,DRY,NO DEFECTS,NOT ON SCENE (DESK REPORT),NO INJURY / DRIVE AWAY,,,,"OVER $1,500",08/31/2025 03:45:00 PM,FAILING TO YIELD RIGHT-OF-WAY,NOT APPLICABLE,1102,S,CANAL ST,124,,,,,,,2,NO INDICATION OF INJURY,0,0,0,0,0,2,0,15,1,8,41.8688307268,-87.639390732,POINT (-87.63939073197 41.868830726753)
efad7340b1dc129f0e88ca2a60d5b9305c3d1a148c05e301a6112f688b20c1f4e4658a361bc04479b423322408460bbc83ededdca996d63fcb9d5f3129198358,,08/31/2025 03:30:00 PM,30,STOP SIGN/FLASHER,NO CONTROLS,CLEAR,DAYLIGHT,PARKED MOTOR VEHICLE,ONE-WAY,,STRAIGHT AND LEVEL,DRY,NO DEFECTS,ON SCENE,INJURY AND / OR TOW DUE TO CRASH,,,,"OVER $1,500",08/31/2025 03:39:00 PM,IMPROPER OVERTAKING/PASSING,FOLLOWING TOO CLOSELY,8758,W,BERWYN AVE,1614,,,,,,,2,NO INDICATION OF INJURY,0,0,0,0,0,1,0,15,1,8,41.9751530417,-87.8464524259,POINT (-87.846452425943 41.975153041679)
68607286bde3b8b02a93665c76c29fa01330a63b953505d45b2ee0db0b6a16331d1f6a6dbce780a45414401e186fbd39e9846af72590ddb93738f66f0d56b992,,08/31/2025 03:26:00 PM,25,STOP SIGN/FLASHER,FUNCTIONING PROPERLY,CLEAR,DAYLIGHT,TURNING,NOT DIVIDED,,STRAIGHT AND LEVEL,DRY,NO DEFECTS,ON SCENE,INJURY AND / OR TOW DUE TO CRASH,Y,,,"OVER $1,500",08/31/2025 03:26:00 PM,FAILING TO YIELD RIGHT-OF-WAY,FAILING TO YIELD RIGHT-OF-WAY,1138,W,99TH ST,2223,,,,,,,2,"REPORTED, NOT EVIDENT",3,0,0,0,3,2,0,15,1,8,41.7142322283,-87.6520074088,POINT (-87.652007408792 41.714232228319)
59a71aab012b7776e5c0ade57e037aff952b288cea1ee6e3d191fce0025c765f50ba43e876830884c1737d0c79d598f8fa2ae6f18e2fd934805821a41d47f5e3,,08/31/2025 03:25:00 PM,30,TRAFFIC SIGNAL,UNKNOWN,CLEAR,DAYLIGHT,SIDESWIPE SAME DIRECTION,ONE-WAY,,STRAIGHT AND LEVEL,DRY,UNKNOWN,ON SCENE,INJURY AND / OR TOW DUE TO CRASH,,,,"OVER $1,500",08/31/2025 03:25:00 PM,IMPROPER LANE USAGE,NOT APPLICABLE,2,W,HURON ST,1832,,,,,,,2,NO INDICATION OF INJURY,0,0,0,0,0,2,0,15,1,8,41.8949846428,-87.6282348388,POINT (-87.628234838801 41.894984642839)
419820b2cb5e56f256b628ff42d067f79143b5bff2e14fb314220e6a6e561783ec68afb90b1a0c3cb59923e4bd86dffdffe426ccd1ae5c52bec302ad498294f7,,08/31/2025 03:20:00 PM,25,TRAFFIC SIGNAL,UNKNOWN,CLEAR,DAYLIGHT,REAR END,NOT DIVIDED,,STRAIGHT AND LEVEL,DRY,NO DEFECTS,NOT ON SCENE (DESK REPORT),NO INJURY / DRIVE AWAY,,,Y,"OVER $1,500",08/31/2025 03:25:00 PM,UNABLE TO DETERMINE,UNABLE TO DETERMINE,656,W,35TH ST,915,,,,,,,2,NO INDICATION OF INJURY,0,0,0,0,0,3,0,15,1,8,41.8308943258,-87.6435322633,POINT (-87.643532263308 41.830894325832)
e905ecc9cb63f2d5e68dca85b3fbb15c0a8c4ae4667bac0756a9d5bd81616714af84c3ff1b5b721c167e51e2a8663c61577e8d60bb280f13bda9b17cc574de9c,,08/31/2025 03:15:00 PM,30,NO CONTROLS,NO CONTROLS,CLEAR,DAYLIGHT,SIDESWIPE SAME DIRECTION,FOUR WAY,,STRAIGHT AND LEVEL,DRY,UNKNOWN,NOT ON SCENE (DESK REPORT),NO INJURY / DRIVE AWAY,Y,,Y,"OVER $1,500",08/31/2025 06:45:00 PM,UNABLE TO DETERMINE,UNABLE TO DETERMINE,1459,E,87TH ST,412,,,,,,,2,NO INDICATION OF INJURY,0,0,0,0,0,2,0,15,1,8,41.7367681882,-87.588171196,POINT (-87.588171196015 41.736768188179)
d4944a18da72541029c4c27430e1ce9724a9de533ce4be10663abf65b178a85c91d83c4aab625c8501b8cd1912b7aa58a6a63d8e1f4a61dcbc4a0085f152a108,,08/31/2025 03:06:00 PM,35,NO CONTROLS,NO CONTROLS,CLEAR,DAYLIGHT,REAR END,NOT DIVIDED,,STRAIGHT AND LEVEL,DRY,NO DEFECTS,ON SCENE,INJURY AND / OR TOW DUE TO CRASH,,,,"OVER $1,500",08/31/2025 03:07:00 PM,FOLLOWING TOO CLOSELY,FOLLOWING TOO CLOSELY,11900,S,HALSTED ST,524,,,,,,,2,NONINCAPACITATING INJURY,1,0,0,1,0,1,0,15,1,8,41.6777208292,-87.642051845,POINT (-87.642051844982 41.677720829248)
2e108ffbeac9e8765ab3549e9023cde04933d31cbadf3737392ebbf2736392529c567c769db2c122447981b68afbd41c6195e6c9126536b5933767179268091c,,08/31/2025 03:05:00 PM,30,TRAFFIC SIGNAL,FUNCTIONING PROPERLY,CLEAR,DAYLIGHT,REAR END,NOT DIVIDED,,STRAIGHT AND LEVEL,UNKNOWN,UNKNOWN,NOT ON SCENE (DESK REPORT),NO INJURY / DRIVE AWAY,,,,"OVER $1,500",08/31/2025 03:58:00 PM,DRIVING SKILLS/KNOWLEDGE/EXPERIENCE,NOT APPLICABLE,3200,W,55TH ST,822,,,,,,,2,NO INDICATION OF INJURY,0,0,0,0,0,4,0,15,1,8,41.7936228033,-87.7036181406,POINT (-87.70361814062 41.7936228033)
8df6d67f28601e22612279a520da16ccbd907b7506a16b83c3f5cd6b17f751d6491fad4d1f3a70b3f10de2a5634f225d5fd196c2c05ea5950bb36daa1055d057,,08/31/2025 03:05:00 PM,0,NO CONTROLS,NO CONTROLS,CLEAR,DAYLIGHT,OTHER OBJECT,DRIVEWAY,,STRAIGHT ON GRADE,DRY,NO DEFECTS,ON SCENE,NO INJURY / DRIVE AWAY,,Y,,$500 OR LESS,08/31/2025 03:17:00 PM,NOT APPLICABLE,NOT APPLICABLE,4884,N,CLARK ST,2032,,Y,,,,,2,NO INDICATION OF INJURY,0,0,0,0,0,3,0,15,1,8,41.9713345218,-87.6679216088,POINT (-87.667921608835 41.971334521802)
4cb3123d00e9cb1cdc6d7bc43d765ce5374a546502438c62e076fabdcc7ebd0891c292fea9793acd119f9fa8f7d4703e4c17408b87494357b740ee2850eb4427,N,08/31/2025 03:00:00 PM,30,NO CONTROLS,NO CONTROLS,UNKNOWN,UNKNOWN,PARKED MOTOR VEHICLE,ONE-WAY,,STRAIGHT AND LEVEL,UNKNOWN,UNKNOWN,ON SCENE,NO INJURY / DRIVE AWAY,,,Y,"OVER $1,500",08/31/2025 03:00:00 PM,UNABLE TO DETERMINE,UNABLE TO DETERMINE,9232,S,LAFLIN ST,2221,,,,,,,2,NO INDICATION OF INJURY,0,0,0,0,0,1,0,15,1,8,41.7257174402,-87.6604979199,POINT (-87.660497919861 41.725717440183)
db957459e28b157c6cb1543ff493ebaa50ec8c00f9c466d0db53793d745fa34fa7ef2d023a8a53d4c0c8d2af0a163cb536869fc8da270a9cbaef7eaaddf1e0e8,,08/31/2025 03:00:00 PM,30,UNKNOWN,UNKNOWN,CLEAR,DAYLIGHT,SIDESWIPE SAME DIRECTION,NOT DIVIDED,,STRAIGHT AND LEVEL,UNKNOWN,UNKNOWN,NOT ON SCENE (DESK REPORT),NO INJURY / DRIVE AWAY,,,,"OVER $1,500",08/31/2025 04:40:00 PM,UNABLE TO DETERMINE,UNABLE TO DETERMINE,100,W,MONROE ST,122,,,,,,,2,NO INDICATION OF INJURY,0,0,0,0,0,2,0,15,1,8,41.8808052782,-87.6309293321,POINT (-87.630929332143 41.880805278204)
f912b3f1f20067a693fcaa41d14f424a5fd6e1db6328ed62b11bb94d8f85697dd353cfdae56575c2e39ea734521a9390c3a4730342b4f21e2ddd950e852aac97,,08/31/2025 02:52:00 PM,30,STOP SIGN/FLASHER,FUNCTIONING PROPERLY,CLEAR,DAYLIGHT,ANGLE,FOUR WAY,,STRAIGHT AND LEVEL,DRY,UNKNOWN,ON SCENE,INJURY AND / OR TOW DUE TO CRASH,Y,,,"OVER $1,500",08/31/2025 02:53:00 PM,UNABLE TO DETERMINE,NOT APPLICABLE,3799,W,63RD ST,823,,,,,,,2,NONINCAPACITATING INJURY,2,0,0,2,0,0,0,14,1,8,41.778626664,-87.7177288107,POINT (-87.717728810717 41.778626663981)
3f99a2e55e39180f397aecf3fa8cb5e7fc9c34de3b8eb215706606f076c332bce15468132710af4a3a538887911d4349721cca37043d0d583091940a8d25c2bf,,08/31/2025 02:45:00 PM,30,NO CONTROLS,NO CONTROLS,CLEAR,DAYLIGHT,REAR END,NOT DIVIDED,,STRAIGHT AND LEVEL,DRY,NO DEFECTS,NOT ON SCENE (DESK REPORT),INJURY AND / OR TOW DUE TO CRASH,,,,"OVER $1,500",08/31/2025 03:41:00 PM,FOLLOWING TOO CLOSELY,NOT APPLICABLE,2497,W,COLUMBUS AVE,835,,,,,,,2,NONINCAPACITATING INJURY,2,0,0,2,0,1,0,14,1,8,41.7579407661,-87.6853746771,POINT (-87.685374677064 41.757940766105)
a813e7b1782b8d5c8577becd5c1d3f99814792079ef619279d3e38001167df17b7878e12fbbf49ca0d5eb994a3761f958f46b5e1aaed6eedcbfd716bee71fb5a,,08/31/2025 02:40:00 PM,30,TRAFFIC SIGNAL,FUNCTIONING PROPERLY,CLEAR,DAYLIGHT,PEDESTRIAN,FOUR WAY,,STRAIGHT AND LEVEL,DRY,WORN SURFACE,ON SCENE,INJURY AND / OR TOW DUE TO CRASH,Y,,,"$501 - $1,500",08/31/2025 02:46:00 PM,UNABLE TO DETERMINE,UNABLE TO DETERMINE,6600,S,HALSTED ST,723,,,,,,,2,"REPORTED, NOT EVIDENT",1,0,0,0,1,1,0,14,1,8,41.7742481164,-87.6447897746,POINT (-87.644789774568 41.774248116446)
b0565941cd1cf8458b49d0e45e7ceb2317b0278fec69cca8cf98afbc566ca7fb43a0d397b194dca884d8fb37174a164aeaffd39b3cc504c16a3f0f9eb683272a,,08/31/2025 02:40:00 PM,25,UNKNOWN,UNKNOWN,UNKNOWN,UNKNOWN,REAR TO FRONT,NOT DIVIDED,,STRAIGHT AND LEVEL,UNKNOWN,UNKNOWN,NOT ON SCENE (DESK REPORT),NO INJURY / DRIVE AWAY,,,,"OVER $1,500",08/31/2025 03:13:00 PM,NOT APPLICABLE,NOT APPLICABLE,631,N,LA SALLE DR,1832,,,,,,,2,NO INDICATION OF INJURY,0,0,0,0,0,2,0,14,1,8,41.8932511985,-87.6324930122,POINT (-87.632493012229 41.893251198465)
e651de775ff6e2617a5c0f310ecbfd6216fbfd930c2cc8eca9a80092f0ccc91e02f149807b5a977ca339a83c9cc99fd948fb22239787e7981f4b0e39a5fc6c56,,08/31/2025 02:30:00 PM,35,NO CONTROLS,NO CONTROLS,CLEAR,DAYLIGHT,SIDESWIPE SAME DIRECTION,DIVIDED - W/MEDIAN (NOT RAISED),,STRAIGHT AND LEVEL,DRY,NO DEFECTS,NOT ON SCENE (DESK REPORT),NO INJURY / DRIVE AWAY,,,Y,"OVER $1,500",08/31/2025 04:00:00 PM,IMPROPER OVERTAKING/PASSING,UNABLE TO DETERMINE,10401,S,HALSTED ST,2233,,,,,,,2,NO INDICATION OF INJURY,0,0,0,0,0,2,0,14,1,8,41.7050071296,-87.6426280722,POINT (-87.64262807216 41.705007129555)
73f8f61a79f0429eb1a2904ba7631a9530cabb2877926c15c9c682663fcab7b7cdfa50f1b32ade06c23fe977981f5edab40345ef18edd8b5ddd37105ecde1ad0,,08/31/2025 02:25:00 PM,30,STOP SIGN/FLASHER,FUNCTIONING PROPERLY,CLEAR,DAYLIGHT,SIDESWIPE SAME DIRECTION,DIVIDED - W/MEDIAN (NOT RAISED),,STRAIGHT AND LEVEL,DRY,UNKNOWN,ON SCENE,NO INJURY / DRIVE AWAY,Y,,Y,"OVER $1,500",08/31/2025 02:26:00 PM,IMPROPER OVERTAKING/PASSING,UNABLE TO DETERMINE,6734,W,BELMONT AVE,1632,,,,,,,2,NO INDICATION OF INJURY,0,0,0,0,0,2,0,14,1,8,41.9382838636,-87.7946946623,POINT (-87.794694662293 41.938283863614)
e1401a2f992ff8173722af76fb0d79d6cb59af1ba96825752eb49dd853681e5fd11cc9f1e91074b761f46c13c648b3373e1e3366a3f3995cb0a84e785863994e,,08/31/2025 02:25:00 PM,30,STOP SIGN/FLASHER,FUNCTIONING PROPERLY,CLEAR,DAYLIGHT,ANGLE,FOUR WAY,,STRAIGHT AND LEVEL,DRY,NO DEFECTS,ON SCENE,INJURY AND / OR TOW DUE TO CRASH,,,,"OVER $1,500",08/31/2025 02:31:00 PM,FAILING TO YIELD RIGHT-OF-WAY,NOT APPLICABLE,6301,N,NAVAJO AVE,1621,,,,,,,2,NONINCAPACITATING INJURY,1,0,0,1,0,1,0,14,1,8,41.9959221225,-87.7588848453,POINT (-87.758884845325 41.995922122539)
9fc465b69aa910f95770cc8585d5b9f49f61741a662dc6bb19ad46bae2ccb11c1c2ae25088b7ea003366f34a1f8ad68460ecab994f9e56fe0f7d1d7a4481bf93,,08/31/2025 02:07:00 PM,25,NO CONTROLS,NO CONTROLS,CLEAR,DAYLIGHT,TURNING,NOT DIVIDED,,STRAIGHT AND LEVEL,DRY,NO DEFECTS,NOT ON SCENE (DESK REPORT),NO INJURY / DRIVE AWAY,,,,"OVER $1,500",08/31/2025 02:29:00 PM,NOT APPLICABLE,NOT APPLICABLE,2665,N,HALSTED ST,1935,,,,,,,2,NO INDICATION OF INJURY,0,0,0,0,0,4,0,14,1,8,41.9308998968,-87.648803203,POINT (-87.648803203039 41.930899896796)
6cd640adea06a815c6604c09ffc35876fb0263b9386ef49b16d597f1d18f23c20dae869a78ddba1899eb8168e78bb7ff9481c7bccb8e50b813818d856de2825d,,08/31/2025 02:05:00 PM,25,TRAFFIC SIGNAL,FUNCTIONING PROPERLY,CLEAR,DAYLIGHT,REAR END,DIVIDED - W/MEDIAN (NOT RAISED),,STRAIGHT AND LEVEL,UNKNOWN,UNKNOWN,NOT ON SCENE (DESK REPORT),NO INJURY / DRIVE AWAY,,,,"OVER $1,500",08/31/2025 02:30:00 PM,UNABLE TO DETERMINE,UNABLE TO DETERMINE,1402,N,PULASKI RD,2534,,,,,,,2,NO INDICATION OF INJURY,0,0,0,0,0,2,0,14,1,8,41.9063098988,-87.7265581099,POINT (-87.726558109886 41.906309898814)
64a96faf054056bc180fc51ebbb9909524dacb2353379c16a869d84ea62b3ebc61e3e58c66def5a09fbbeb4b17405fa91639ec0f275e2d04672c585a2d834cf1,,08/31/2025 02:00:00 PM,30,STOP SIGN/FLASHER,FUNCTIONING PROPERLY,CLEAR,DAYLIGHT,TURNING,"FIVE POINT, OR MORE",,STRAIGHT AND LEVEL,DRY,UNKNOWN,NOT ON SCENE (DESK REPORT),NO INJURY / DRIVE AWAY,Y,,,"OVER $1,500",08/31/2025 03:40:00 PM,UNABLE TO DETERMINE,NOT APPLICABLE,800,E,71ST ST,321,,,,,,,2,NO INDICATION OF INJURY,0,0,0,0,0,2,0,14,1,8,41.7659788987,-87.6054638688,POINT (-87.605463868765 41.765978898721)
816bdbaef2f370b39d17b9c959f73509fd95088ca7b55a1f11ec2299a67b01934bb0594ed7fd437a587c738ed92b3331eafb169214c3b426ef44123e38fe5fca,,08/31/2025 02:00:00 PM,30,STOP SIGN/FLASHER,FUNCTIONING PROPERLY,CLEAR,DAYLIGHT,ANGLE,NOT DIVIDED,,STRAIGHT AND LEVEL,DRY,NO DEFECTS,NOT ON SCENE (DESK REPORT),NO INJURY / DRIVE AWAY,Y,,,"OVER $1,500",08/31/2025 04:20:00 PM,FAILING TO YIELD RIGHT-OF-WAY,UNABLE TO DETERMINE,508,N,RACINE AVE,1214,,,,,,,2,NO INDICATION OF INJURY,0,0,0,0,0,4,0,14,1,8,41.8913828499,-87.6575402975,POINT (-87.657540297541 41.891382849928)
84e3a6df3702ead7b9072cd9c674f7535d90d60ffeeb86a883432340bdf5e60f1193745ba7727083efe866d9dcb47837b204a5be5ba594fb6afa419d588f051d,,08/31/2025 02:00:00 PM,25,UNKNOWN,UNKNOWN,UNKNOWN,UNKNOWN,SIDESWIPE SAME DIRECTION,NOT DIVIDED,,STRAIGHT AND LEVEL,UNKNOWN,UNKNOWN,NOT ON SCENE (DESK REPORT),NO INJURY / DRIVE AWAY,,,,"OVER $1,500",08/31/2025 03:41:00 PM,NOT APPLICABLE,NOT APPLICABLE,1600,N,LAKE SHORE DR NB,1814,,,,,,,2,NO INDICATION OF INJURY,0,0,0,0,0,2,0,14,1,8,41.9118569525,-87.6261695233,POINT (-87.626169523312 41.911856952541)
934939dae961f6751f9c5a3c8d84910109cf4775b3799577222077dd4aef9488018f45d4887605c10bb48defcc000abff46013bdafb82d5159d443edd63e69d4,,08/31/2025 02:00:00 PM,30,NO CONTROLS,NO CONTROLS,CLEAR,DAYLIGHT,ANGLE,NOT DIVIDED,,STRAIGHT AND LEVEL,DRY,UNKNOWN,NOT ON SCENE (DESK REPORT),NO INJURY / DRIVE AWAY,,,,"OVER $1,500",08/31/2025 05:00:00 PM,UNABLE TO DETERMINE,NOT APPLICABLE,8847,S,COMMERCIAL AVE,424,,,,,,,2,NO INDICATION OF INJURY,0,0,0,0,0,4,0,14,1,8,41.7341643087,-87.5512106163,POINT (-87.551210616349 41.734164308735)
908cc1bfbd5ed4b77bc4979251e82a9d634fd0415d07bdf67f4260d24f47e87b77f4efacdbf4f11c0e74d380babc31d5d6618ebd4922072abc444129d6e011ce,,08/31/2025 01:50:00 PM,30,NO CONTROLS,NO CONTROLS,CLEAR,DAYLIGHT,ANGLE,NOT DIVIDED,,STRAIGHT AND LEVEL,DRY,UNKNOWN,NOT ON SCENE (DESK REPORT),NO INJURY / DRIVE AWAY,,,Y,"OVER $1,500",08/31/2025 03:58:00 PM,DISREGARDING STOP SIGN,NOT APPLICABLE,11001,S,VINCENNES AVE,2234,,,,,,,2,NO INDICATION OF INJURY,0,0,0,0,0,3,0,13,1,8,41.6937468224,-87.662029457,POINT (-87.662029456982 41.693746822407)
6cc310ba163fdac000cf39bb79b1722b7bbbf2766b96b3f2c10a057e4bdb1420f268ad57fd697da41f373b396baac717289e5abbb9c9dc0c03869cf0ce97888d,,08/31/2025 01:40:00 PM,15,NO CONTROLS,NO CONTROLS,CLEAR,DAYLIGHT,SIDESWIPE OPPOSITE DIRECTION,ALLEY,,STRAIGHT AND LEVEL,DRY,NO DEFECTS,NOT ON SCENE (DESK REPORT),NO INJURY / DRIVE AWAY,,,,"OVER $1,500",08/31/2025 02:00:00 PM,NOT APPLICABLE,NOT APPLICABLE,5110,S,SPAULDING AVE,822,,,,,,,2,NO INDICATION OF INJURY,0,0,0,0,0,2,0,13,1,8,41.8004104694,-87.7063519358,POINT (-87.706351935836 41.800410469433)
e841c4c3226c58b94252e22dda4ac91f77cde9be093b60c15aa2653fdd2ac550115cc285c9c3fa72bb6e3af0cc0185866ed4700352061b34108362e137479a78,,08/31/2025 01:39:00 PM,30,UNKNOWN,UNKNOWN,CLEAR,DAYLIGHT,REAR END,NOT DIVIDED,,STRAIGHT AND LEVEL,UNKNOWN,UNKNOWN,NOT ON SCENE (DESK REPORT),NO INJURY / DRIVE AWAY,,,,"OVER $1,500",08/31/2025 02:30:00 PM,UNABLE TO DETERMINE,UNABLE TO DETERMINE,1200,N,LARRABEE ST,1822,,,,,,,2,NO INDICATION OF INJURY,0,0,0,0,0,2,0,13,1,8,41.9037696064,-87.6433689399,POINT (-87.643368939876 41.903769606378)
3566d2cf6f2efa9c60500a018c08f30640eefc728c672f58607ed1edf740fdce34586f854f76ac261d2b0ed602e2b8b0dcdca00484ffc049f28eb8a6f8a06e00,,08/31/2025 01:30:00 PM,20,NO CONTROLS,NO CONTROLS,CLEAR,DAYLIGHT,TURNING,ALLEY,,STRAIGHT AND LEVEL,DRY,NO DEFECTS,ON SCENE,NO INJURY / DRIVE AWAY,,,Y,"$501 - $1,500",08/31/2025 01:39:00 PM,NOT APPLICABLE,UNABLE TO DETERMINE,815,N,HARDING AVE,1112,,,,,,,2,NO INDICATION OF INJURY,0,0,0,0,0,2,0,13,1,8,41.895868278,-87.7247319174,POINT (-87.724731917364 41.89586827795)
6d578e48f7c96046513e6b98b3d26ca908cac2953364ef98db4e0e2d80663e0daf5937e0e2302317710bb1b6ffb322723e45b0b330e23190d06fe184f860e471,,08/31/2025 01:30:00 PM,15,NO CONTROLS,NO CONTROLS,CLEAR,DAYLIGHT,SIDESWIPE OPPOSITE DIRECTION,ALLEY,,STRAIGHT AND LEVEL,UNKNOWN,UNKNOWN,NOT ON SCENE (DESK REPORT),NO INJURY / DRIVE AWAY,,,,"OVER $1,500",08/31/2025 02:30:00 PM,DRIVING SKILLS/KNOWLEDGE/EXPERIENCE,NOT APPLICABLE,5240,S,SPAULDING AVE,822,,,,,,,2,NO INDICATION OF INJURY,0,0,0,0,0,2,0,13,1,8,41.797733904,-87.7062733093,POINT (-87.706273309342 41.797733904011)
d23430ca214eb99462d0511afedd0337f4b8b1d2bd197be396c9988642c0f0aa23d15fd00cc5f090b929abb986026b451fa99edf01f02a6fa5d903dfe5761015,,08/31/2025 01:30:00 PM,30,STOP SIGN/FLASHER,FUNCTIONING PROPERLY,CLEAR,DAYLIGHT,ANGLE,NOT DIVIDED,,STRAIGHT AND LEVEL,DRY,NO DEFECTS,ON SCENE,NO INJURY / DRIVE AWAY,Y,,,"$501 - $1,500",08/31/2025 01:35:00 PM,FAILING TO YIELD RIGHT-OF-WAY,NOT APPLICABLE,3430,E,108TH ST,432,,,,,,,2,NO INDICATION OF INJURY,0,0,0,0,0,2,0,13,1,8,41.6992433384,-87.5401474166,POINT (-87.540147416634 41.69924333842)
004ed2bb70e7fec756e783554f61c18897c5664357c0e08e52e63728553280a3b08a2466119968697673f4af44bd4742173c877d7c598b4e0a198e8b4e350f9d,,08/31/2025 01:20:00 PM,30,TRAFFIC SIGNAL,FUNCTIONING PROPERLY,CLEAR,DAYLIGHT,REAR END,DIVIDED - W/MEDIAN (NOT RAISED),,STRAIGHT AND LEVEL,DRY,NO DEFECTS,NOT ON SCENE (DESK REPORT),NO INJURY / DRIVE AWAY,,,Y,"OVER $1,500",08/31/2025 02:02:00 PM,UNABLE TO DETERMINE,UNABLE TO DETERMINE,121,E,87TH ST,632,,,,,,,2,NO INDICATION OF INJURY,0,0,0,0,0,3,0,13,1,8,41.7363133246,-87.6199991864,POINT (-87.619999186409 41.736313324622)