CRASH_RECORD_ID,CRASH_DATE_EST_I,CRASH_DATE,POSTED_SPEED_LIMIT,TRAFFIC_CONTROL_DEVICE,DEVICE_CONDITION,WEATHER_CONDITION,LIGHTING_CONDITION,FIRST_CRASH_TYPE,TRAFFICWAY_TYPE,LANE_CNT,ALIGNMENT,ROADWAY_SURFACE_COND,ROAD_DEFECT,REPORT_TYPE,CRASH_TYPE,INTERSECTION_RELATED_I,NOT_RIGHT_OF_WAY_I,HIT_AND_RUN_I,DAMAGE,DATE_POLICE_NOTIFIED,PRIM_CONTRIBUTORY_CAUSE,SEC_CONTRIBUTORY_CAUSE,STREET_NO,STREET_DIRECTION,STREET_NAME,BEAT_OF_OCCURRENCE,PHOTOS_TAKEN_I,STATEMENTS_TAKEN_I,DOORING_I,WORK_ZONE_I,WORK_ZONE_TYPE,WORKERS_PRESENT_I,NUM_UNITS,MOST_SEVERE_INJURY,INJURIES_TOTAL,INJURIES_FATAL,INJURIES_INCAPACITATING,INJURIES_NON_INCAPACITATING,INJURIES_REPORTED_NOT_EVIDENT,INJURIES_NO_INDICATION,INJURIES_UNKNOWN,CRASH_HOUR,CRASH_DAY_OF_WEEK,CRASH_MONTH,LATITUDE,LONGITUDE,LOCATION
32afb2fd015482d6206b5f314f46a6048dfd121e5f499d61361267e5e2e3516315c32d5693ee709b1ce17e1b609aa1fcc4e40a2d8229c255b378b991312ccc26,,08/31/2025 01:10:00 PM,30,NO CONTROLS,NO CONTROLS,CLEAR,DAYLIGHT,REAR END,NOT DIVIDED,,STRAIGHT AND LEVEL,DRY,NO DEFECTS,NOT ON SCENE (DESK REPORT),NO INJURY / DRIVE AWAY,,,,"$501 - $1,500",08/31/2025 01:45:00 PM,FOLLOWING TOO CLOSELY,NOT APPLICABLE,5319,S,KEDZIE AVE,923,,,,,,,3,NO INDICATION OF INJURY,0,0,0,0,0,6,0,13,1,8,41.7965065014,-87.7034949718,POINT (-87.703494971825 41.796506501417)
0c308fc3c932a979101da132609ee74c12c4c16aa02585949168576a3449844e48aea1a425840f9107d281dc92e64438ee06a603a0a7ebde74bc7664071d942f,,08/31/2025 01:00:00 PM,35,STOP SIGN/FLASHER,NO CONTROLS,CLEAR,DAYLIGHT,REAR END,NOT DIVIDED,,STRAIGHT AND LEVEL,DRY,NO DEFECTS,NOT ON SCENE (DESK REPORT),NO INJURY / DRIVE AWAY,,,,"$501 - $1,500",08/31/2025 01:50:00 PM,UNABLE TO DETERMINE,NOT APPLICABLE,5518,W,GETTYSBURG ST,1623,,,,,,,2,NO INDICATION OF INJURY,0,0,0,0,0,2,0,13,1,8,41.9757981838,-87.7671648264,POINT (-87.767164826386 41.975798183821)
53cbd1e860d88448633f44abca37dca26a646def42a0bbf166c9644138ef6ec4a390192f06ff94938915fb1e98fcd48888ca6a19d862c5a7470d29f0f9b0b033,,08/31/2025 01:00:00 PM,30,TRAFFIC SIGNAL,FUNCTIONING PROPERLY,CLEAR,DAYLIGHT,SIDESWIPE SAME DIRECTION,NOT DIVIDED,,STRAIGHT AND LEVEL,DRY,NO DEFECTS,NOT ON SCENE (DESK REPORT),INJURY AND / OR TOW DUE TO CRASH,,,Y,"$501 - $1,500",08/31/2025 02:15:00 PM,UNABLE TO DETERMINE,NOT APPLICABLE,4150,W,ARMITAGE AVE,2525,,,,,,,2,"REPORTED, NOT EVIDENT",1,0,0,0,1,1,0,13,1,8,41.9172187152,-87.7310719799,POINT (-87.731071979894 41.917218715241)
a9e1ea1b5bffe8e3f2012eb613814e15ea20882d0f0f6a87df4e3564401ec71fc0f582be9d193be13952c6371cb0d1746296fd32d0ba7dea6613c53bfc597b1c,,08/31/2025 01:00:00 PM,30,TRAFFIC SIGNAL,FUNCTIONING PROPERLY,CLEAR,DAYLIGHT,TURNING,NOT DIVIDED,,STRAIGHT AND LEVEL,DRY,NO DEFECTS,NOT ON SCENE (DESK REPORT),NO INJURY / DRIVE AWAY,,,,"OVER $1,500",08/31/2025 01:45:00 PM,FAILING TO YIELD RIGHT-OF-WAY,UNABLE TO DETERMINE,3053,N,ASHLAND AVE,1932,,,,,,,2,NO INDICATION OF INJURY,0,0,0,0,0,2,0,13,1,8,41.9376334568,-87.6684408478,POINT (-87.66844084781 41.937633456809)
d7dea23c08e91583476a7014c1507424e14d6fe687dca5483ebe59aaecebb2714e9105676989dce819bba229d9c2902a888e7f8860300e4ac87587c3386b5143,,08/31/2025 01:00:00 PM,30,NO CONTROLS,NO CONTROLS,CLEAR,DAYLIGHT,PARKED MOTOR VEHICLE,PARKING LOT,,STRAIGHT AND LEVEL,DRY,NO DEFECTS,ON SCENE,NO INJURY / DRIVE AWAY,,,,"$501 - $1,500",08/31/2025 01:12:00 PM,UNABLE TO DETERMINE,UNABLE TO DETERMINE,2105,S,JEFFERSON ST,1235,,,,,,,2,NO INDICATION OF INJURY,0,0,0,0,0,4,0,13,1,8,41.8540710351,-87.6416003433,POINT (-87.641600343301 41.854071035063)
fc16d05a421fa6603ba41bd9d3954ca0d8723bccba31bc73ab74031d9532c486d6487751271cefca2d3c4cbcf8f89d432ffbc7c41af3f564ca5cedaeb1302ecc,,08/31/2025 01:00:00 PM,30,UNKNOWN,UNKNOWN,CLEAR,DAYLIGHT,SIDESWIPE SAME DIRECTION,NOT DIVIDED,,STRAIGHT AND LEVEL,UNKNOWN,UNKNOWN,NOT ON SCENE (DESK REPORT),NO INJURY / DRIVE AWAY,,,,"OVER $1,500",08/31/2025 01:40:00 PM,UNABLE TO DETERMINE,UNABLE TO DETERMINE,120,E,PEARSON ST,1833,,,,,,,2,NO INDICATION OF INJURY,0,0,0,0,0,2,0,13,1,8,41.8976654793,-87.6251439834,POINT (-87.625143983402 41.897665479274)
153f07f66cbce7aebf3b57cc54659318470c848ec8d78447827f61bb090e5692c0d52f17929bdfb9d7bd7eb3bee81595c2a5d5e98f51cc084a0aeb08cc41f9cc,,08/31/2025 12:50:00 PM,30,TRAFFIC SIGNAL,FUNCTIONING PROPERLY,CLEAR,DAYLIGHT,SIDESWIPE SAME DIRECTION,T-INTERSECTION,,STRAIGHT AND LEVEL,DRY,NO DEFECTS,ON SCENE,NO INJURY / DRIVE AWAY,,,,$500 OR LESS,08/31/2025 12:56:00 PM,IMPROPER LANE USAGE,NOT APPLICABLE,4505,W,IRVING PARK RD,1731,,,,,,,2,NO INDICATION OF INJURY,0,0,0,0,0,3,0,12,1,8,41.9533810348,-87.7410029114,POINT (-87.741002911422 41.953381034769)
7a4e48c5d348596bceeab9a15ef50636a8ade0bc3cddcac6b47a32e31e58c3d0c6b2bbaf9a9e2273793481120e7fd46e5e9f71b4b2bcb02b44fcda114f30922e,,08/31/2025 12:50:00 PM,30,NO CONTROLS,NO CONTROLS,CLEAR,DAYLIGHT,ANGLE,NOT DIVIDED,,STRAIGHT AND LEVEL,DRY,NO DEFECTS,ON SCENE,INJURY AND / OR TOW DUE TO CRASH,,,,"OVER $1,500",08/31/2025 12:55:00 PM,FAILING TO YIELD RIGHT-OF-WAY,UNABLE TO DETERMINE,5624,W,ROOSEVELT RD,1513,,,,,,,2,"REPORTED, NOT EVIDENT",1,0,0,0,1,2,0,12,1,8,41.865690107,-87.7653891147,POINT (-87.765389114679 41.865690107045)
4bb552ba853a8ee854fe033f692ea83fd97719b269439074f180188d3d70f09e0cd032b394f92eb587345aa55c156d9492649fab8d38bb8815e91443d164f576,,08/31/2025 12:45:00 PM,30,UNKNOWN,UNKNOWN,CLEAR,DAYLIGHT,PARKED MOTOR VEHICLE,PARKING LOT,,STRAIGHT AND LEVEL,DRY,UNKNOWN,NOT ON SCENE (DESK REPORT),NO INJURY / DRIVE AWAY,,Y,Y,"OVER $1,500",08/31/2025 04:00:00 PM,UNABLE TO DETERMINE,UNABLE TO DETERMINE,1232,W,NORTH AVE,1433,,,,,,,2,NO INDICATION OF INJURY,0,0,0,0,0,1,0,12,1,8,41.910875544,-87.6582782399,POINT (-87.658278239858 41.910875543991)
7f696d354bad8fad3b3fb03fcbc6988384cb8fee07d881b740d0cea11da7a5652c48027c5973ce38b74719682a7722149ec61f2f28f85bf0d879e9708fa6a632,,08/31/2025 12:35:00 PM,20,NO CONTROLS,NO CONTROLS,CLEAR,DAYLIGHT,PARKED MOTOR VEHICLE,NOT DIVIDED,,STRAIGHT AND LEVEL,DRY,NO DEFECTS,ON SCENE,NO INJURY / DRIVE AWAY,,,Y,"OVER $1,500",08/31/2025 01:06:00 PM,UNABLE TO DETERMINE,UNABLE TO DETERMINE,3651,W,WILSON AVE,1723,,,,,,,2,NO INDICATION OF INJURY,0,0,0,0,0,4,0,12,1,8,41.9645775288,-87.7202094816,POINT (-87.720209481601 41.964577528826)
cca354a49534359f2c5dbf5a78c7ba7875fdb1042559014b653445c9ffd5953f39144870d6ddf47e21f235854f98d5c2e343a0c0180451b4335194f9d58830ee,,08/31/2025 12:30:00 PM,30,TRAFFIC SIGNAL,FUNCTIONING PROPERLY,UNKNOWN,UNKNOWN,TURNING,NOT DIVIDED,,STRAIGHT AND LEVEL,UNKNOWN,UNKNOWN,NOT ON SCENE (DESK REPORT),NO INJURY / DRIVE AWAY,Y,,,"OVER $1,500",08/31/2025 01:10:00 PM,FAILING TO YIELD RIGHT-OF-WAY,FAILING TO YIELD RIGHT-OF-WAY,6757,N,RIDGE BLVD,2432,,,,,,,2,NO INDICATION OF INJURY,0,0,0,0,0,2,0,12,1,8,42.0050116586,-87.6799254084,POINT (-87.679925408359 42.005011658624)
56098f39b031176800160abbe5166f9f232ebdd4ec34bb03955b26ccbc65cc062833d3dff478e8e60c0d41e86f04e224ef642cc3d0d2ecd967c07c456087abae,,08/31/2025 12:25:00 PM,20,NO CONTROLS,NO CONTROLS,CLEAR,DAYLIGHT,SIDESWIPE SAME DIRECTION,T-INTERSECTION,,STRAIGHT AND LEVEL,DRY,NO DEFECTS,NOT ON SCENE (DESK REPORT),NO INJURY / DRIVE AWAY,Y,,,"$501 - $1,500",08/31/2025 04:25:00 PM,UNABLE TO DETERMINE,NOT APPLICABLE,8100,S,BRANDON AVE,422,,,,,,,2,NO INDICATION OF INJURY,0,0,0,0,0,2,0,12,1,8,41.7482654372,-87.5469110458,POINT (-87.546911045758 41.748265437177)
dd281a3503aa24671e0d985630a50b7ca9f8fe31e384592abd12a9b89fa13b00899668b25dcf5e52160039e0acbe5f268a9fe6b8e25cbe23fc57f955b2b842ad,Y,08/31/2025 12:17:00 PM,10,NO CONTROLS,NO CONTROLS,CLEAR,DAYLIGHT,PARKED MOTOR VEHICLE,PARKING LOT,,STRAIGHT AND LEVEL,UNKNOWN,UNKNOWN,NOT ON SCENE (DESK REPORT),NO INJURY / DRIVE AWAY,,,Y,"$501 - $1,500",08/31/2025 12:27:00 PM,UNABLE TO DETERMINE,NOT APPLICABLE,3332,W,63RD ST,823,,,,,,,2,NO INDICATION OF INJURY,0,0,0,0,0,1,0,12,1,8,41.7790217647,-87.7068898056,POINT (-87.706889805604 41.779021764665)
13e589f36de33f30ce210557bb12f2ab063afed793026adbcb15bf700ca27d5156494a252566246dcc5b3d8e2aa30d6cf95bae662819d8f691b751495406d6b9,,08/31/2025 12:15:00 PM,30,STOP SIGN/FLASHER,FUNCTIONING PROPERLY,CLEAR,DAYLIGHT,PARKED MOTOR VEHICLE,OTHER,,STRAIGHT AND LEVEL,DRY,NO DEFECTS,NOT ON SCENE (DESK REPORT),NO INJURY / DRIVE AWAY,,,Y,"OVER $1,500",08/31/2025 01:08:00 PM,UNABLE TO DETERMINE,UNABLE TO DETERMINE,7700,S,WABASH AVE,623,,,,,,,2,NO INDICATION OF INJURY,0,0,0,0,0,1,0,12,1,8,41.7545280564,-87.6232185645,POINT (-87.623218564461 41.75452805635)
7168e9ef53bce8a9ebf80706edb9350c58c7cfccbac6ed553183c69c0f88c911a2058fe3665c13a5bd8b0cdfba335d8898d93468c0a361df074c6fe208d66727,,08/31/2025 12:05:00 PM,35,NO CONTROLS,NO CONTROLS,CLEAR,DAYLIGHT,TURNING,NOT DIVIDED,,STRAIGHT AND LEVEL,DRY,NO DEFECTS,ON SCENE,INJURY AND / OR TOW DUE TO CRASH,,,,"OVER $1,500",08/31/2025 12:25:00 PM,FAILING TO YIELD RIGHT-OF-WAY,UNABLE TO DETERMINE,5827,S,KEDZIE AVE,824,,,,,,,2,NONINCAPACITATING INJURY,1,0,0,1,0,2,0,12,1,8,41.7872432262,-87.7032279582,POINT (-87.703227958232 41.787243226199)
1eb84e40e82e9926c93762f9d8de8913ddb7f84384e680b7bbe0f5b52c60050cdfb286cee58efb208e499c130677a882eb1327a5c949e0d57aade2e26681e347,,08/31/2025 11:50:00 AM,30,TRAFFIC SIGNAL,FUNCTIONING PROPERLY,CLEAR,DAYLIGHT,REAR TO FRONT,FOUR WAY,,STRAIGHT AND LEVEL,DRY,NO DEFECTS,NOT ON SCENE (DESK REPORT),NO INJURY / DRIVE AWAY,Y,,,"OVER $1,500",08/31/2025 01:15:00 PM,IMPROPER BACKING,DRIVING SKILLS/KNOWLEDGE/EXPERIENCE,1401,S,LAKE SHORE DR NB,132,,,,,,,2,NO INDICATION OF INJURY,0,0,0,0,0,2,0,11,1,8,41.8641530913,-87.6186602973,POINT (-87.618660297344 41.864153091273)
1b58c45b0968c3f0174cce24e88947509a40b0a7b5589c7dad7afa7048f49c5f780e0254b86088c1b06ce80f766602a19c8e2dd4290f4c83ffec5918fcbe2e54,,08/31/2025 11:35:00 AM,25,STOP SIGN/FLASHER,UNKNOWN,UNKNOWN,DAYLIGHT,REAR END,UNKNOWN INTERSECTION TYPE,,STRAIGHT AND LEVEL,UNKNOWN,UNKNOWN,NOT ON SCENE (DESK REPORT),NO INJURY / DRIVE AWAY,Y,,,"OVER $1,500",08/31/2025 11:35:00 AM,UNABLE TO DETERMINE,NOT APPLICABLE,1426,N,SEDGWICK ST,1821,,,,,,,2,NO INDICATION OF INJURY,0,0,0,0,0,3,0,11,1,8,41.9083913163,-87.6386545455,POINT (-87.638654545538 41.908391316322)
180308d0ab315c96725e294d646be19ca092385c9ddb75e6abbdda82a44d810cd68bf197e6180147a06ea69743cd91f49a852d36a5c7c611bf38b0b9a308193e,,08/31/2025 11:24:00 AM,30,NO CONTROLS,NO CONTROLS,CLEAR,DAYLIGHT,SIDESWIPE SAME DIRECTION,NOT DIVIDED,,STRAIGHT AND LEVEL,DRY,UNKNOWN,NOT ON SCENE (DESK REPORT),NO INJURY / DRIVE AWAY,,,,"OVER $1,500",08/31/2025 11:49:00 AM,UNABLE TO DETERMINE,NOT APPLICABLE,225,W,111TH ST,522,,,,,,,2,NO INDICATION OF INJURY,0,0,0,0,0,3,0,11,1,8,41.6924048511,-87.628921028,POINT (-87.628921028026 41.692404851085)
648c31e8f895306314fba8539a191bae2936290e9326899b3509b0755a299759cc4e6c0a05a541a44d6efa48a8189b5621ba4db82a228661f5e7148b39e85db6,,08/31/2025 11:20:00 AM,15,NO CONTROLS,NO CONTROLS,UNKNOWN,DAYLIGHT,REAR TO FRONT,PARKING LOT,,STRAIGHT AND LEVEL,UNKNOWN,UNKNOWN,NOT ON SCENE (DESK REPORT),NO INJURY / DRIVE AWAY,,Y,,"OVER $1,500",08/31/2025 11:50:00 AM,UNABLE TO DETERMINE,NOT APPLICABLE,430,N,RUSH ST,1834,,,,,,,2,NO INDICATION OF INJURY,0,0,0,0,0,4,0,11,1,8,41.890143557,-87.6254615766,POINT (-87.625461576604 41.890143556964)
f94d2a84b789c5a66960d9a9ba319aa4c50098526ac2147748f2f95a6b4fcd224a8215fddb1456e3319b16183f7934b58be5192b7fbababc2ae061d4854fd239,,08/31/2025 11:20:00 AM,30,FLASHING CONTROL SIGNAL,FUNCTIONING PROPERLY,CLEAR,DAYLIGHT,REAR END,NOT DIVIDED,,STRAIGHT AND LEVEL,UNKNOWN,UNKNOWN,ON SCENE,NO INJURY / DRIVE AWAY,,,,"OVER $1,500",08/31/2025 11:22:00 AM,FOLLOWING TOO CLOSELY,UNABLE TO DETERMINE,1801,S,LAKE SHORE DR SB,132,,,,,,,2,NO INDICATION OF INJURY,0,0,0,0,0,2,0,11,1,8,41.857986351,-87.6163189801,POINT (-87.616318980105 41.857986350987)
6417bea0276ad764e1f81e6423aff5182d5a5ef587598385533d93ae8a02a615d14bfe9046708fa81940b3e234ab9f04c384d570c6c5fc2cfa27ad9646804036,,08/31/2025 11:17:00 AM,30,TRAFFIC SIGNAL,UNKNOWN,CLEAR,DAYLIGHT,REAR END,NOT DIVIDED,,STRAIGHT AND LEVEL,DRY,UNKNOWN,NOT ON SCENE (DESK REPORT),NO INJURY / DRIVE AWAY,Y,,,"OVER $1,500",08/31/2025 12:17:00 PM,UNABLE TO DETERMINE,FOLLOWING TOO CLOSELY,5800,S,COTTAGE GROVE AVE,233,,,,,,,2,NO INDICATION OF INJURY,0,0,0,0,0,3,0,11,1,8,41.7894207178,-87.6062625882,POINT (-87.606262588229 41.789420717811)
92f7ced107db400bae761b6e3d379de6ac898a98d4c8a39c5e92762c69bc769abe5ae0185be3baa9b0eafb0edf4091cad3971394403ed7913b49ad546bc21cb8,,08/31/2025 11:15:00 AM,30,NO CONTROLS,NO CONTROLS,CLEAR,DAYLIGHT,ANGLE,T-INTERSECTION,,STRAIGHT AND LEVEL,DRY,UNKNOWN,NOT ON SCENE (DESK REPORT),INJURY AND / OR TOW DUE TO CRASH,Y,,,"OVER $1,500",08/31/2025 12:00:00 PM,UNABLE TO DETERMINE,UNABLE TO DETERMINE,9700,S,HOYNE AVE,2213,,,,,,,2,NONINCAPACITATING INJURY,1,0,0,1,0,2,0,11,1,8,41.7173116652,-87.6748326951,POINT (-87.674832695146 41.717311665213)
9a241384895e6ead35afc969c387410ee925a02758d626e17cbf645c3570248715b7d035313df9d4d9d1cb72fa2d2acd2aad2561d4c4e5f0e2e8cb54d8832457,,08/31/2025 11:10:00 AM,35,NO CONTROLS,NO CONTROLS,CLEAR,DAYLIGHT,REAR END,NOT DIVIDED,,STRAIGHT AND LEVEL,DRY,NO DEFECTS,ON SCENE,NO INJURY / DRIVE AWAY,,,,"OVER $1,500",08/31/2025 11:15:00 AM,UNABLE TO DETERMINE,DRIVING SKILLS/KNOWLEDGE/EXPERIENCE,6931,S,WESTERN AVE,832,,,,,,,2,NO INDICATION OF INJURY,0,0,0,0,0,3,0,11,1,8,41.7673981657,-87.6831700677,POINT (-87.683170067668 41.767398165684)
139dec64c03bfb32fdee3f354f21e2263afce691e947fbd7adc0805cbef6dde4784b8e3af6ea6dba54b8e8454d214e1b754634ff328e1edf13eb9fe621102f9c,,08/31/2025 11:00:00 AM,30,UNKNOWN,UNKNOWN,UNKNOWN,UNKNOWN,PARKED MOTOR VEHICLE,ONE-WAY,,STRAIGHT AND LEVEL,UNKNOWN,UNKNOWN,NOT ON SCENE (DESK REPORT),NO INJURY / DRIVE AWAY,,,Y,"OVER $1,500",08/31/2025 06:31:00 PM,UNABLE TO DETERMINE,UNABLE TO DETERMINE,2855,W,FLOURNOY ST,1135,,,,,,,2,NO INDICATION OF INJURY,0,0,0,0,0,1,0,11,1,8,41.87274763,-87.6982509078,POINT (-87.698250907828 41.872747630029)
14c712b232b1cb54a9e33aca69ac7c5ac498019ac5a7fa8f36aaefcae2ed2ca098dc68f67c1ebe37303184b8f2dbf928f7ab32b2d55eff9587f9660c2a23da32,,08/31/2025 11:00:00 AM,30,TRAFFIC SIGNAL,FUNCTIONING PROPERLY,CLEAR,DAYLIGHT,REAR END,NOT DIVIDED,,STRAIGHT AND LEVEL,DRY,NO DEFECTS,NOT ON SCENE (DESK REPORT),NO INJURY / DRIVE AWAY,,,,"OVER $1,500",08/31/2025 11:15:00 AM,UNABLE TO DETERMINE,NOT APPLICABLE,1900,W,DIVERSEY PKWY,1931,,,,,,,2,NO INDICATION OF INJURY,0,0,0,0,0,2,0,11,1,8,41.9324244571,-87.6757905339,POINT (-87.675790533921 41.932424457113)
7e4e771a14c98676e5ca5ce78561b50f6c20090ce056a99f7f9d21ff70a9c0b20fe50546a27227e834551b8047c09084afeefff311a25cc139f8ac7e3390c4b3,,08/31/2025 11:00:00 AM,30,STOP SIGN/FLASHER,FUNCTIONING PROPERLY,CLEAR,DAYLIGHT,PARKED MOTOR VEHICLE,NOT DIVIDED,,STRAIGHT AND LEVEL,DRY,UNKNOWN,NOT ON SCENE (DESK REPORT),NO INJURY / DRIVE AWAY,Y,,,"$501 - $1,500",08/31/2025 02:10:00 PM,UNABLE TO DETERMINE,NOT APPLICABLE,7800,S,ST LAWRENCE AVE,624,,,,,,,2,NO INDICATION OF INJURY,0,0,0,0,0,2,0,11,1,8,41.7529306661,-87.6102727646,POINT (-87.610272764592 41.752930666064)
d148cbc12d204bc9aa02c2eb68503385d4925d302cff30500bd122471527c7e5601044197ff9753c5166a59acf8d9888e7f2f618b3d52b25361f4653f40a7499,,08/31/2025 11:00:00 AM,30,NO CONTROLS,NO CONTROLS,CLEAR,DAYLIGHT,PARKED MOTOR VEHICLE,NOT DIVIDED,,STRAIGHT AND LEVEL,DRY,NO DEFECTS,NOT ON SCENE (DESK REPORT),NO INJURY / DRIVE AWAY,,,Y,"OVER $1,500",08/31/2025 04:00:00 PM,UNABLE TO DETERMINE,UNABLE TO DETERMINE,3214,S,HOYNE AVE,912,,,,,,,2,NO INDICATION OF INJURY,0,0,0,0,0,1,0,11,1,8,41.8353459892,-87.6780284651,POINT (-87.678028465141 41.835345989157)
2f85a87ed7d2c51e0c8c68d79e7b218392329682b29edce10657ace809531ddcb104e381eec07d491200ac1b13a4af9837d718f0dc80fca7604e9c8acb31f4c2,,08/31/2025 10:56:00 AM,30,NO CONTROLS,NO CONTROLS,CLEAR,DAYLIGHT,REAR TO REAR,PARKING LOT,,STRAIGHT AND LEVEL,DRY,UNKNOWN,NOT ON SCENE (DESK REPORT),NO INJURY / DRIVE AWAY,,,,$500 OR LESS,08/31/2025 10:56:00 AM,UNABLE TO DETERMINE,NOT APPLICABLE,4626,W,DIVERSEY AVE,2521,,,,,,,2,NO INDICATION OF INJURY,0,0,0,0,0,2,0,10,1,8,41.9316889194,-87.7430169468,POINT (-87.743016946831 41.931688919351)
9de372efd09a7d8d626ff0521229fa652ee893956c6d760f50c6375e931485640fcbdc91a0bdb3affcfe82ab1a2d2c85cfef868710c707041c656e31db5e57dc,,08/31/2025 10:47:00 AM,30,NO CONTROLS,NO CONTROLS,CLEAR,DAYLIGHT,PARKED MOTOR VEHICLE,NOT DIVIDED,,STRAIGHT AND LEVEL,DRY,NO DEFECTS,ON SCENE,INJURY AND / OR TOW DUE TO CRASH,,,Y,"OVER $1,500",08/31/2025 10:49:00 AM,UNABLE TO DETERMINE,UNABLE TO DETERMINE,917,S,KEELER AVE,1132,,,,,,,2,NO INDICATION OF INJURY,0,0,0,0,0,1,0,10,1,8,41.8694040853,-87.7300336688,POINT (-87.730033668801 41.869404085338)
9d556a6632119ec592ebdd91c8e657d89f4f2b9013084205a5b783cfe5c09e65a440d411d6e6558a7175c2727b6123b7aca0884b124038b0eab03c5322019f53,,08/31/2025 10:45:00 AM,30,TRAFFIC SIGNAL,UNKNOWN,CLEAR,DAYLIGHT,SIDESWIPE SAME DIRECTION,FOUR WAY,,STRAIGHT AND LEVEL,DRY,UNKNOWN,NOT ON SCENE (DESK REPORT),NO INJURY / DRIVE AWAY,Y,,,"OVER $1,500",08/31/2025 10:55:00 AM,UNABLE TO DETERMINE,UNABLE TO DETERMINE,1558,W,LAWRENCE AVE,2032,,,,,,,2,NO INDICATION OF INJURY,0,0,0,0,0,2,0,10,1,8,41.9689858521,-87.6693401587,POINT (-87.669340158676 41.968985852106)
848f93e135e1cdedbfb2887b2f1aa109e57f50602ae2efc8713b47edc3bd5be0ab5ba7aa8e5b94fc1f513e3962cf5df2d729a1e5f99b671295fdc3c4d68192e5,,08/31/2025 10:38:00 AM,30,NO CONTROLS,FUNCTIONING PROPERLY,CLEAR,DAYLIGHT,SIDESWIPE SAME DIRECTION,NOT DIVIDED,,STRAIGHT AND LEVEL,DRY,NO DEFECTS,NOT ON SCENE (DESK REPORT),NO INJURY / DRIVE AWAY,,,,"OVER $1,500",08/31/2025 10:55:00 AM,UNABLE TO DETERMINE,UNABLE TO DETERMINE,1570,W,LAWRENCE AVE,2032,,,,,,,2,NO INDICATION OF INJURY,0,0,0,0,0,2,0,10,1,8,41.9689858521,-87.6693401587,POINT (-87.669340158676 41.968985852106)
a1605a6fd1771e833d7f5eea9f43f339490ecef1592752add516f1f7c49122b52d8543578e70be74023773e0a521ea79b585d64ac981aca8903c247de0a54142,,08/31/2025 10:30:00 AM,35,NO CONTROLS,NO CONTROLS,CLEAR,DAYLIGHT,SIDESWIPE SAME DIRECTION,NOT DIVIDED,,STRAIGHT AND LEVEL,DRY,NO DEFECTS,ON SCENE,NO INJURY / DRIVE AWAY,,,,"OVER $1,500",08/31/2025 10:50:00 AM,IMPROPER LANE USAGE,UNABLE TO DETERMINE,5825,S,KEDZIE AVE,824,,,,,,,2,NO INDICATION OF INJURY,0,0,0,0,0,4,0,10,1,8,41.7872995736,-87.7032296266,POINT (-87.703229626633 41.787299573633)
b3925d6d09a270e591c51991100aa27c80790607b1dbae82cd1b1c7e1d65f0f3b5960cf09406bf17de7813ab7c503f9e6dfd73041f5569cf7a1d2a4625af923f,,08/31/2025 10:13:00 AM,40,STOP SIGN/FLASHER,NO CONTROLS,CLEAR,DAYLIGHT,HEAD ON,FOUR WAY,,STRAIGHT AND LEVEL,DRY,NO DEFECTS,ON SCENE,INJURY AND / OR TOW DUE TO CRASH,Y,,,"OVER $1,500",08/31/2025 10:13:00 AM,FAILING TO YIELD RIGHT-OF-WAY,UNABLE TO DETERMINE,7200,S,STONY ISLAND AVE,324,,,,,,,3,INCAPACITATING INJURY,2,0,1,1,0,3,0,10,1,8,41.764185795,-87.5864263891,POINT (-87.586426389081 41.764185795037)
84b08ea14b987fa96b54b781b4418906484e2f234800d096d26aba9aa4573f965c56793180a22df7049d3f9eff688834151c3b3d9984cbf6df1d5a3d41d47e4b,Y,08/31/2025 10:07:00 AM,30,NO CONTROLS,NO CONTROLS,CLEAR,UNKNOWN,PARKED MOTOR VEHICLE,T-INTERSECTION,,STRAIGHT AND LEVEL,DRY,NO DEFECTS,ON SCENE,NO INJURY / DRIVE AWAY,,,Y,"OVER $1,500",08/31/2025 10:09:00 AM,UNABLE TO DETERMINE,UNABLE TO DETERMINE,2127,W,WELLINGTON AVE,1931,,,,,,,2,NO INDICATION OF INJURY,0,0,0,0,0,1,0,10,1,8,41.9357767956,-87.6817504207,POINT (-87.681750420654 41.935776795611)
2afbcfda7c21448bb60874e7ab15badcc5f63f1af9532bfa7be967e1fc0a56b0f290efe43e256a986eb4c94404cb05c228e5c9fde46a3d591ed0ffc86457b0e8,,08/31/2025 10:00:00 AM,30,STOP SIGN/FLASHER,FUNCTIONING PROPERLY,CLEAR,DAYLIGHT,PARKED MOTOR VEHICLE,NOT DIVIDED,,STRAIGHT AND LEVEL,DRY,NO DEFECTS,ON SCENE,INJURY AND / OR TOW DUE TO CRASH,,,Y,"OVER $1,500",08/31/2025 10:30:00 AM,UNABLE TO DETERMINE,UNABLE TO DETERMINE,8231,S,EXCHANGE AVE,424,,Y,,,,,2,NO INDICATION OF INJURY,0,0,0,0,0,1,0,10,1,8,41.7455912143,-87.5526312323,POINT (-87.552631232327 41.745591214272)
c5c7cdefc9a641fdeaf03f2af7208fe871b493de7264421f624c47cccd02728b932bafc317a3ebfcd418374f7e3d2daced79a28bbc56457300e3b994247127c6,,08/31/2025 09:45:00 AM,30,TRAFFIC SIGNAL,FUNCTIONING PROPERLY,CLEAR,DAYLIGHT,TURNING,NOT DIVIDED,,STRAIGHT AND LEVEL,DRY,NO DEFECTS,NOT ON SCENE (DESK REPORT),NO INJURY / DRIVE AWAY,,,Y,"OVER $1,500",08/31/2025 10:05:00 AM,IMPROPER TURNING/NO SIGNAL,UNABLE TO DETERMINE,11100,S,INDIANA AVE,531,,,,,,,2,NO INDICATION OF INJURY,0,0,0,0,0,2,0,9,1,8,41.6925556574,-87.618428812,POINT (-87.618428811971 41.692555657356)