CRASH_RECORD_ID,CRASH_DATE_EST_I,CRASH_DATE,POSTED_SPEED_LIMIT,TRAFFIC_CONTROL_DEVICE,DEVICE_CONDITION,WEATHER_CONDITION,LIGHTING_CONDITION,FIRST_CRASH_TYPE,TRAFFICWAY_TYPE,LANE_CNT,ALIGNMENT,ROADWAY_SURFACE_COND,ROAD_DEFECT,REPORT_TYPE,CRASH_TYPE,INTERSECTION_RELATED_I,NOT_RIGHT_OF_WAY_I,HIT_AND_RUN_I,DAMAGE,DATE_POLICE_NOTIFIED,PRIM_CONTRIBUTORY_CAUSE,SEC_CONTRIBUTORY_CAUSE,STREET_NO,STREET_DIRECTION,STREET_NAME,BEAT_OF_OCCURRENCE,PHOTOS_TAKEN_I,STATEMENTS_TAKEN_I,DOORING_I,WORK_ZONE_I,WORK_ZONE_TYPE,WORKERS_PRESENT_I,NUM_UNITS,MOST_SEVERE_INJURY,INJURIES_TOTAL,INJURIES_FATAL,INJURIES_INCAPACITATING,INJURIES_NON_INCAPACITATING,INJURIES_REPORTED_NOT_EVIDENT,INJURIES_NO_INDICATION,INJURIES_UNKNOWN,CRASH_HOUR,CRASH_DAY_OF_WEEK,CRASH_MONTH,LATITUDE,LONGITUDE,LOCATION
e2ef448ad2e82cecb32c41faad1b3dc337ab1259a48cdb9db9aea8695e56d6844bd89368671979a7d0d602c5daeef49302006741bbf2fce273a8509f75120ce4,,08/31/2025 09:45:00 AM,30,TRAFFIC SIGNAL,NOT FUNCTIONING,CLEAR,DAYLIGHT,REAR END,DIVIDED - W/MEDIAN (NOT RAISED),,STRAIGHT AND LEVEL,DRY,NO DEFECTS,NOT ON SCENE (DESK REPORT),NO INJURY / DRIVE AWAY,Y,,,"OVER $1,500",08/31/2025 09:52:00 AM,UNABLE TO DETERMINE,NOT APPLICABLE,400,E,71ST ST,322,,,,,,,2,NO INDICATION OF INJURY,0,0,0,0,0,2,0,9,1,8,41.7658225408,-87.6152062027,POINT (-87.615206202723 41.765822540754)
2af76f04ede927f0450392162d7a19bb7ee9c9304dd29cba76056302eb825e9f9695f1a8bfee24ab999d0e8a950f9d6af3444bf452aaa13f03c3e9a12194e638,,08/31/2025 09:38:00 AM,30,TRAFFIC SIGNAL,FUNCTIONING PROPERLY,CLEAR,DAYLIGHT,REAR END,NOT DIVIDED,,STRAIGHT AND LEVEL,DRY,NO DEFECTS,ON SCENE,NO INJURY / DRIVE AWAY,,,,"$501 - $1,500",08/31/2025 09:40:00 AM,UNABLE TO DETERMINE,UNABLE TO DETERMINE,4157,N,PULASKI RD,1723,,,,,,,2,NO INDICATION OF INJURY,0,0,0,0,0,2,0,9,1,8,41.9571549753,-87.7275720157,POINT (-87.727572015725 41.957154975327)
3773bf8c524816daa2d876dde0f90cb86c1a679ba02260fe531954b6ffb61b65ff08ad3a92eb4e9e8ab462188fd72a9636e0a33a08167763c638820505c0d618,,08/31/2025 09:20:00 AM,3,TRAFFIC SIGNAL,FUNCTIONING PROPERLY,CLEAR,DAYLIGHT,REAR END,NOT DIVIDED,,STRAIGHT AND LEVEL,DRY,NO DEFECTS,NOT ON SCENE (DESK REPORT),NO INJURY / DRIVE AWAY,,,,"$501 - $1,500",08/31/2025 09:30:00 AM,UNABLE TO DETERMINE,UNABLE TO DETERMINE,2500,S,PULASKI RD,1013,,,,,,,2,NO INDICATION OF INJURY,0,0,0,0,0,2,0,9,1,8,41.846037569,-87.7247613705,POINT (-87.724761370522 41.846037568964)
cb081ce7bb6918480f2920222c8a59028f6b7fe0643f4fd1c7839d346cb5a58b6f7f2690a4a499f95ba0d4d7af2d3476ea8557511a788478427238c6b9c4f309,,08/31/2025 09:10:00 AM,15,UNKNOWN,UNKNOWN,UNKNOWN,UNKNOWN,PARKED MOTOR VEHICLE,UNKNOWN,,STRAIGHT AND LEVEL,UNKNOWN,UNKNOWN,NOT ON SCENE (DESK REPORT),NO INJURY / DRIVE AWAY,,,,"OVER $1,500",08/31/2025 09:40:00 AM,UNABLE TO DETERMINE,UNABLE TO DETERMINE,7030,S,ASHLAND AVE,735,,,,,,,2,NO INDICATION OF INJURY,0,0,0,0,0,1,0,9,1,8,41.7657907704,-87.6639668865,POINT (-87.663966886455 41.765790770432)
b81e2aa4fc540bf98d63f3693a386acb3f815c26fcbe3ba8f4a5e651a5de0f6a372c89ac6212d15bcd94021a32c1fb53709bba046526e242aa3a9c2d650f4f54,,08/31/2025 08:50:00 AM,30,NO CONTROLS,NO CONTROLS,CLEAR,DAYLIGHT,PARKED MOTOR VEHICLE,NOT DIVIDED,,STRAIGHT AND LEVEL,DRY,NO DEFECTS,ON SCENE,INJURY AND / OR TOW DUE TO CRASH,,,Y,"OVER $1,500",08/31/2025 08:50:00 AM,UNABLE TO DETERMINE,NOT APPLICABLE,3830,N,DAMEN AVE,1921,,,,,,,3,NO INDICATION OF INJURY,0,0,0,0,0,2,0,8,1,8,41.9514674998,-87.6788263376,POINT (-87.678826337646 41.951467499778)
95f616cd214e056bc33a4aedf82e9d193d42f200555398d1aca4f00e38bdb971e65a468092b0c86512d19bb9ff3d10bae17badf1fa489edc7c60a31139d3f77d,,08/31/2025 08:45:00 AM,30,NO CONTROLS,NO CONTROLS,CLEAR,DAYLIGHT,REAR END,NOT DIVIDED,,STRAIGHT AND LEVEL,DRY,UNKNOWN,NOT ON SCENE (DESK REPORT),NO INJURY / DRIVE AWAY,,,,"OVER $1,500",08/31/2025 10:15:00 AM,UNABLE TO DETERMINE,UNABLE TO DETERMINE,2654,W,111TH ST,2212,,,,,,,2,NO INDICATION OF INJURY,0,0,0,0,0,2,0,8,1,8,41.691826527,-87.688302732,POINT (-87.688302732037 41.691826526999)
f9cb84fc0705ddb270af3263e4cfb72f67ec3f5496cef42726a3447a256d85bb9f17d5feebc830c3d07e8e5799091800369d953b0278d95a1990262f3345073c,,08/31/2025 08:30:00 AM,30,UNKNOWN,UNKNOWN,UNKNOWN,UNKNOWN,ANGLE,FOUR WAY,,STRAIGHT AND LEVEL,UNKNOWN,UNKNOWN,NOT ON SCENE (DESK REPORT),NO INJURY / DRIVE AWAY,Y,,,"OVER $1,500",08/31/2025 11:00:00 AM,UNABLE TO DETERMINE,NOT APPLICABLE,142,W,OHIO ST,1832,,,,,,,2,NO INDICATION OF INJURY,0,0,0,0,0,2,0,8,1,8,41.8925157405,-87.6327730366,POINT (-87.632773036592 41.89251574048)
bfd776d45a11262cf8daace164c2848dc6d431558ec10a0af98b48f10f7aa759a14df99ffa6d64809d750b2fc665de14a59835c1c964e62373a7191e077e7a81,Y,08/31/2025 08:15:00 AM,30,NO CONTROLS,NO CONTROLS,CLEAR,DAYLIGHT,PARKED MOTOR VEHICLE,UNKNOWN,,STRAIGHT AND LEVEL,DRY,UNKNOWN,ON SCENE,INJURY AND / OR TOW DUE TO CRASH,,,,"OVER $1,500",08/31/2025 08:26:00 AM,UNABLE TO DETERMINE,"DISTRACTION - OTHER ELECTRONIC DEVICE (NAVIGATION DEVICE, DVD PLAYER, ETC.)",3604,N,OCTAVIA AVE,1631,Y,Y,,,,,2,NO INDICATION OF INJURY,0,0,0,0,0,1,0,8,1,8,41.9453977949,-87.8095746039,POINT (-87.809574603928 41.945397794892)
91bc63668136b19e8ab53fe872ab94556698bffeb9fb06731d0b35836fe683f0a4bccba3a3e5822b6309dd4f9dfe0e107283e0dd1cfe68a004b64897c5bfc395,,08/31/2025 08:05:00 AM,30,TRAFFIC SIGNAL,FUNCTIONING PROPERLY,CLEAR,DAYLIGHT,FIXED OBJECT,DIVIDED - W/MEDIAN BARRIER,,STRAIGHT AND LEVEL,DRY,NO DEFECTS,ON SCENE,INJURY AND / OR TOW DUE TO CRASH,,,,"OVER $1,500",08/31/2025 08:08:00 AM,EQUIPMENT - VEHICLE CONDITION,EQUIPMENT - VEHICLE CONDITION,3000,S,DAMEN AVE,912,,,,,,,1,"REPORTED, NOT EVIDENT",1,0,0,0,1,0,0,8,1,8,41.8380818186,-87.6755637609,POINT (-87.675563760863 41.838081818587)
094ec4485a754d43772ce0c2592f120bce0ed5536ffbe064d43f58fbaa6473f924fb54fb3239c5d3f3d1a7d7fe7094fdb45e7297054c3a9a27ee311aa302185a,,08/31/2025 08:00:00 AM,25,NO CONTROLS,NO CONTROLS,CLEAR,DAYLIGHT,PEDALCYCLIST,NOT DIVIDED,,STRAIGHT AND LEVEL,DRY,NO DEFECTS,ON SCENE,INJURY AND / OR TOW DUE TO CRASH,,,Y,"OVER $1,500",08/31/2025 08:10:00 AM,FAILING TO YIELD RIGHT-OF-WAY,NOT APPLICABLE,2398,W,AUGUSTA BLVD,1212,,,,,,,2,INCAPACITATING INJURY,1,0,1,0,0,1,0,8,1,8,41.899491212,-87.6868171976,POINT (-87.686817197641 41.899491211986)
43cbfe8aff4a01f762b86aab139940d528c3efd5a0cfb78d32e49e1df42aa95d1808af0fb7daad53fbfc7333c405e5292bb3eae539cd9b3e52ec88e96304b3ae,,08/31/2025 08:00:00 AM,25,NO CONTROLS,NO CONTROLS,CLEAR,DAYLIGHT,PARKED MOTOR VEHICLE,NOT DIVIDED,,STRAIGHT AND LEVEL,DRY,NO DEFECTS,NOT ON SCENE (DESK REPORT),NO INJURY / DRIVE AWAY,,,Y,"OVER $1,500",08/31/2025 10:57:00 AM,UNABLE TO DETERMINE,NOT APPLICABLE,3838,W,ADAMS ST,1122,,,,,,,2,NO INDICATION OF INJURY,0,0,0,0,0,1,0,8,1,8,41.8781298128,-87.7222941077,POINT (-87.72229410768 41.878129812765)
7c42c67f177ba8fd990127ad53c224f4abbf6ced3f743f79a109b71317b4d309c2ab163ec5040961477f030a7d3a2d6842d75121b3a3ef8769eafab9cc0e018b,,08/31/2025 08:00:00 AM,30,NO CONTROLS,NO CONTROLS,CLEAR,UNKNOWN,PARKED MOTOR VEHICLE,OTHER,,STRAIGHT AND LEVEL,UNKNOWN,UNKNOWN,NOT ON SCENE (DESK REPORT),NO INJURY / DRIVE AWAY,,,,"OVER $1,500",08/31/2025 10:00:00 AM,NOT APPLICABLE,NOT APPLICABLE,2436,S,HARDING AVE,1013,,,,,,,2,NO INDICATION OF INJURY,0,0,0,0,0,1,0,8,1,8,41.8468190642,-87.723541567,POINT (-87.723541567046 41.846819064168)
8831abc64447cab264f90adfc24726fdbe6ba0f2351726c74d1ea4a5bcfc6aad4746e5e2da46821093c28a9e3430b79d042e646ad2b2b9c70d09e8ae56a3d9e8,,08/31/2025 08:00:00 AM,30,TRAFFIC SIGNAL,FUNCTIONING PROPERLY,CLEAR,DAYLIGHT,SIDESWIPE SAME DIRECTION,DIVIDED - W/MEDIAN (NOT RAISED),,STRAIGHT AND LEVEL,DRY,NO DEFECTS,ON SCENE,INJURY AND / OR TOW DUE TO CRASH,Y,,,"OVER $1,500",08/31/2025 08:10:00 AM,IMPROPER TURNING/NO SIGNAL,IMPROPER TURNING/NO SIGNAL,4700,S,DR MARTIN LUTHER KING JR DR,224,,,,,,,2,NO INDICATION OF INJURY,0,0,0,0,0,2,0,8,1,8,41.8092909105,-87.616733046,POINT (-87.616733045993 41.809290910501)
9fb660ca51acb3e4f99c228d492a6b67fb24f58b25296ecaf32a29b3837d6a2a997c68e0971b213658a83e834f1c85bfaa46a683d54f84498c7da2d58ca91a9e,,08/31/2025 07:59:00 AM,30,TRAFFIC SIGNAL,FUNCTIONING PROPERLY,CLEAR,DAYLIGHT,SIDESWIPE SAME DIRECTION,Y-INTERSECTION,,STRAIGHT AND LEVEL,DRY,NO DEFECTS,NOT ON SCENE (DESK REPORT),NO INJURY / DRIVE AWAY,,,,"$501 - $1,500",08/31/2025 08:15:00 AM,IMPROPER LANE USAGE,IMPROPER LANE USAGE,2800,N,BROADWAY,1934,,,,,,,2,NO INDICATION OF INJURY,0,0,0,0,0,2,0,7,1,8,41.9328937134,-87.6450229314,POINT (-87.645022931395 41.932893713429)
7d63eb3ade14ec7b4e4f01285c1ef0add4abde129898858f46fad8c2ffb442cef2deb64ed11b778c1ad545ce5da807d7a84cba06a06c41a5149f5bad073939f9,,08/31/2025 07:28:00 AM,30,TRAFFIC SIGNAL,FUNCTIONING PROPERLY,CLEAR,DAYLIGHT,REAR END,DIVIDED - W/MEDIAN (NOT RAISED),,STRAIGHT AND LEVEL,DRY,NO DEFECTS,ON SCENE,INJURY AND / OR TOW DUE TO CRASH,,,,"OVER $1,500",08/31/2025 07:30:00 AM,UNABLE TO DETERMINE,UNABLE TO DETERMINE,3537,N,KEDZIE AVE,1733,,,,,,,2,"REPORTED, NOT EVIDENT",2,0,0,0,2,1,0,7,1,8,41.9458882549,-87.7076556441,POINT (-87.707655644126 41.945888254893)
c24a48e9a33f141221c04d36f631b35738e47345d2df5ad6945ae2a64fbe05e48ddc5139662986992225058ef741f2e389fe54e23c93038fb4a16ab97b5dcead,,08/31/2025 07:20:00 AM,30,NO CONTROLS,NO CONTROLS,CLEAR,DAYLIGHT,SIDESWIPE OPPOSITE DIRECTION,NOT DIVIDED,,STRAIGHT AND LEVEL,DRY,NO DEFECTS,ON SCENE,INJURY AND / OR TOW DUE TO CRASH,,,,"OVER $1,500",08/31/2025 07:29:00 AM,DRIVING ON WRONG SIDE/WRONG WAY,DRIVING ON WRONG SIDE/WRONG WAY,3653,W,71ST ST,833,,,,,,,2,"REPORTED, NOT EVIDENT",1,0,0,0,1,1,0,7,1,8,41.7640961498,-87.7149828278,POINT (-87.714982827848 41.764096149835)
be99d5bd2b2d23a9ac5052087d33c5d50db86cf5d7bc1242263b9aff56ba3e694a8c57d32d04212d36e86795a2e42af6a8d455c6351a3ac489a679b32f5d35d6,,08/31/2025 06:20:00 AM,30,TRAFFIC SIGNAL,FUNCTIONING PROPERLY,CLEAR,DAYLIGHT,TURNING,FOUR WAY,,STRAIGHT AND LEVEL,DRY,NO DEFECTS,ON SCENE,INJURY AND / OR TOW DUE TO CRASH,Y,,,"OVER $1,500",08/31/2025 06:20:00 AM,TURNING RIGHT ON RED,DISREGARDING TRAFFIC SIGNALS,13000,S,ELLIS AVE,533,,,,,,,2,NO INDICATION OF INJURY,0,0,0,0,0,2,0,6,1,8,41.6594342977,-87.5978530294,POINT (-87.597853029354 41.659434297709)
41fd779e02b5bc97710104df539e5adec1892b0639226b021cb1789bdf57185da96be7826f242512fe7e3d213d7c87c7c154aa977babb875f822ec4a8550be1e,,08/31/2025 05:25:00 AM,5,NO CONTROLS,NO CONTROLS,CLEAR,"DARKNESS, LIGHTED ROAD",FIXED OBJECT,PARKING LOT,,STRAIGHT AND LEVEL,DRY,UNKNOWN,ON SCENE,INJURY AND / OR TOW DUE TO CRASH,,,,"OVER $1,500",08/31/2025 05:26:00 AM,PHYSICAL CONDITION OF DRIVER,NOT APPLICABLE,6901,S,WESTERN AVE,832,,,,,,,1,NO INDICATION OF INJURY,0,0,0,0,0,1,0,5,1,8,41.768243972,-87.6831938009,POINT (-87.683193800933 41.768243971967)
cfe698bc07f1198edfba3939731b2cf2952a045ea22341db885dc440ae92ea558ced5c0cfdf13455a8c801243124ba17a792632cc526ed71df056cebde7b6d2c,,08/31/2025 05:10:00 AM,20,NO CONTROLS,NO CONTROLS,CLEAR,"DARKNESS, LIGHTED ROAD",PARKED MOTOR VEHICLE,ONE-WAY,,CURVE ON HILLCREST,DRY,NO DEFECTS,ON SCENE,INJURY AND / OR TOW DUE TO CRASH,,,,"OVER $1,500",08/31/2025 05:11:00 AM,DRIVING SKILLS/KNOWLEDGE/EXPERIENCE,UNABLE TO DETERMINE,4856,W,CORNELIA AVE,1634,,,,,,,3,NO INDICATION OF INJURY,0,0,0,0,0,1,0,5,1,8,41.9443826618,-87.7491768049,POINT (-87.749176804862 41.944382661801)
792f75dd501b073156953ec7f4dc33f5912de76bbc42f9a652f089b63e959504544878408a6e035d575346cb4bff0e61701d13ae3dd55faa6093df74f1916af8,,08/31/2025 05:06:00 AM,30,NO CONTROLS,NO CONTROLS,CLEAR,"DARKNESS, LIGHTED ROAD",ANGLE,DIVIDED - W/MEDIAN BARRIER,,STRAIGHT AND LEVEL,DRY,NO DEFECTS,ON SCENE,NO INJURY / DRIVE AWAY,Y,,Y,"OVER $1,500",08/31/2025 05:07:00 AM,FAILING TO YIELD RIGHT-OF-WAY,UNABLE TO DETERMINE,3524,W,IRVING PARK RD,1723,,,,,,,2,NO INDICATION OF INJURY,0,0,0,0,0,3,0,5,1,8,41.9539158767,-87.7164448757,POINT (-87.716444875724 41.953915876683)
360d3f25880e56b450f0e07f2a0a6fb4cb7adad2e6eff1ca90497df954011a9b53424f9207261080230c560b31c8b0160b8e4949b022b1ad50f91c6d140b0111,,08/31/2025 05:00:00 AM,25,NO CONTROLS,NO CONTROLS,CLEAR,DAWN,PARKED MOTOR VEHICLE,ONE-WAY,,STRAIGHT AND LEVEL,DRY,NO DEFECTS,NOT ON SCENE (DESK REPORT),NO INJURY / DRIVE AWAY,,,N,"OVER $1,500",08/31/2025 12:04:00 PM,UNABLE TO DETERMINE,UNABLE TO DETERMINE,11627,S,PRINCETON AVE,522,,,,,,,2,NO INDICATION OF INJURY,0,0,0,0,0,1,0,5,1,8,41.6825893082,-87.6298603883,POINT (-87.629860388273 41.682589308165)
449fb589b0556c9ebd5488baa445b26630bb7e66812481cbb7356cf957551eeecc98491b0f33069e15b0a6156398bca4fcaf717183c7e98a7bef3b7edd25ed66,,08/31/2025 04:52:00 AM,30,NO CONTROLS,NO CONTROLS,CLEAR,"DARKNESS, LIGHTED ROAD",SIDESWIPE SAME DIRECTION,NOT DIVIDED,,STRAIGHT AND LEVEL,DRY,NO DEFECTS,ON SCENE,INJURY AND / OR TOW DUE TO CRASH,,,,"OVER $1,500",08/31/2025 04:55:00 AM,IMPROPER OVERTAKING/PASSING,NOT APPLICABLE,1226,W,DEVON AVE,2432,,,,,,,2,NO INDICATION OF INJURY,0,0,0,0,0,2,0,4,1,8,41.9982847047,-87.6617714015,POINT (-87.661771401524 41.998284704681)
7604acc32b34dfd385088ad532392f3180fc249e589cf381d3272f2528ce92e88b394ba1d56b0523ccb3cd2aecf7bdf1d2f75407cde76472830e1f458ca85933,,08/31/2025 04:45:00 AM,30,NO CONTROLS,NO CONTROLS,CLEAR,"DARKNESS, LIGHTED ROAD",PARKED MOTOR VEHICLE,ONE-WAY,,STRAIGHT AND LEVEL,DRY,NO DEFECTS,,INJURY AND / OR TOW DUE TO CRASH,,,Y,"OVER $1,500",08/31/2025 04:45:00 AM,HAD BEEN DRINKING (USE WHEN ARREST IS NOT MADE),HAD BEEN DRINKING (USE WHEN ARREST IS NOT MADE),4834,W,GEORGE ST,2521,,,,,,,4,NO INDICATION OF INJURY,0,0,0,0,0,1,0,4,1,8,41.9334485571,-87.7480868242,POINT (-87.748086824186 41.933448557135)
8b6cec84e21d29488cf925dc244307458df7a25103bfb972f952bd873e396af34b938eab589173249f4fa0b191d4a4a99e3f80c8af264947b95b1f478ed272c1,,08/31/2025 04:20:00 AM,30,NO CONTROLS,NO CONTROLS,CLEAR,DAWN,PARKED MOTOR VEHICLE,DIVIDED - W/MEDIAN (NOT RAISED),,STRAIGHT AND LEVEL,DRY,NO DEFECTS,ON SCENE,INJURY AND / OR TOW DUE TO CRASH,,,,"OVER $1,500",08/31/2025 07:12:00 AM,DISTRACTION - FROM INSIDE VEHICLE,NOT APPLICABLE,1322,W,ERIE ST,1215,,,,,,,2,NONINCAPACITATING INJURY,1,0,0,1,0,1,0,4,1,8,41.8935574731,-87.6604671473,POINT (-87.660467147299 41.89355747306)
ca0164cb7eea5ca91ea34942874ab0bb9d8e03a8f865620dce00f4b09354c453146cbd07196c91718b1ef51bb84d939b3264ea674dde4da14d73540ce882fb99,,08/31/2025 04:20:00 AM,30,NO CONTROLS,NO CONTROLS,CLEAR,"DARKNESS, LIGHTED ROAD",REAR END,PARKING LOT,,STRAIGHT AND LEVEL,DRY,NO DEFECTS,NOT ON SCENE (DESK REPORT),NO INJURY / DRIVE AWAY,,,,"$501 - $1,500",08/31/2025 04:30:00 AM,UNABLE TO DETERMINE,NOT APPLICABLE,5733,S,KEDZIE AVE,824,,,,,,,2,NO INDICATION OF INJURY,0,0,0,0,0,4,0,4,1,8,41.7888914342,-87.7032795922,POINT (-87.703279592166 41.788891434222)
4c9af614a48e93d3817a282acc75741642458265f62900b1cffb9d02d3a2402a8cafb7a5076a5db1abedddb0ba24540d8ffb71d2790dd8c92406601754284afa,,08/31/2025 04:15:00 AM,30,UNKNOWN,UNKNOWN,CLEAR,"DARKNESS, LIGHTED ROAD",REAR END,FOUR WAY,,STRAIGHT AND LEVEL,DRY,NO DEFECTS,ON SCENE,NO INJURY / DRIVE AWAY,Y,,,"OVER $1,500",08/31/2025 04:15:00 AM,FAILING TO REDUCE SPEED TO AVOID CRASH,FAILING TO REDUCE SPEED TO AVOID CRASH,4670,N,ELSTON AVE,1722,,,,,,,2,NO INDICATION OF INJURY,0,0,0,0,0,2,0,4,1,8,41.9658706304,-87.7370993474,POINT (-87.737099347447 41.96587063043)
cdb07f8acdb678bf9265a0bde0d15d1b8fddef48585c84c0a129d524330ba3dcec12a43fa22f42d6362a2a8e4de299464f954e2b36e0a4784035a007b46db583,,08/31/2025 04:15:00 AM,30,NO CONTROLS,NO CONTROLS,CLEAR,"DARKNESS, LIGHTED ROAD",REAR END,NOT DIVIDED,,STRAIGHT AND LEVEL,DRY,NO DEFECTS,ON SCENE,INJURY AND / OR TOW DUE TO CRASH,,,,"OVER $1,500",08/31/2025 04:15:00 AM,FOLLOWING TOO CLOSELY,NOT APPLICABLE,998,S,PULASKI RD,1132,,,,,,,2,NO INDICATION OF INJURY,0,0,0,0,0,2,0,4,1,8,41.8691220206,-87.7254350801,POINT (-87.725435080065 41.869122020649)
01c9673382436c1617d52ed682a88267dff33bbac5b0a56d684da29756ade73f468e0dd4532c482ee59f7673b802677b0c7a7878ba87ca4244511068e1c74e1b,,08/31/2025 04:10:00 AM,30,STOP SIGN/FLASHER,FUNCTIONING PROPERLY,CLEAR,"DARKNESS, LIGHTED ROAD",REAR END,T-INTERSECTION,,STRAIGHT AND LEVEL,DRY,NO DEFECTS,NOT ON SCENE (DESK REPORT),NO INJURY / DRIVE AWAY,Y,,Y,"OVER $1,500",08/31/2025 04:45:00 AM,FOLLOWING TOO CLOSELY,UNABLE TO DETERMINE,359,S,CENTRAL AVE,1522,,,,,,,2,NO INDICATION OF INJURY,0,0,0,0,0,3,0,4,1,8,41.874777002,-87.7645139812,POINT (-87.764513981215 41.874777002034)
a0699fb4f6fbc37eaa4c1f30ebb55f4237da2f03e92fe9b6a98a161c877b1f077a80baf6651e2daf4b45885869592c81b6859dc4d23c38000a043be733f6af8a,Y,08/31/2025 04:00:00 AM,30,NO CONTROLS,NO CONTROLS,CLEAR,"DARKNESS, LIGHTED ROAD",PARKED MOTOR VEHICLE,NOT DIVIDED,,STRAIGHT AND LEVEL,DRY,NO DEFECTS,NOT ON SCENE (DESK REPORT),INJURY AND / OR TOW DUE TO CRASH,,,Y,"OVER $1,500",08/31/2025 07:15:00 PM,UNABLE TO DETERMINE,UNABLE TO DETERMINE,218,N,LAFLIN ST,1215,,,,,,,2,NO INDICATION OF INJURY,0,0,0,0,0,1,0,4,1,8,41.8859950932,-87.6644499297,POINT (-87.664449929691 41.885995093161)
ccf9164e4cb9a9eea3e70eb938210216876ff809bdede7b937e17ffdcd86ec5edb0328a1ec010526776784bc0242d54fe393425e2a977b352924faf6282c7e69,Y,08/31/2025 04:00:00 AM,20,NO CONTROLS,NO CONTROLS,CLEAR,"DARKNESS, LIGHTED ROAD",PARKED MOTOR VEHICLE,ONE-WAY,,STRAIGHT AND LEVEL,DRY,NO DEFECTS,ON SCENE,NO INJURY / DRIVE AWAY,,,Y,"OVER $1,500",08/31/2025 06:00:00 AM,UNABLE TO DETERMINE,UNABLE TO DETERMINE,2117,W,75TH PL,611,,,,,,,2,NO INDICATION OF INJURY,0,0,0,0,0,1,0,4,1,8,41.7568463697,-87.6763330779,POINT (-87.67633307795 41.756846369746)
e7de7265b2a41f34ef64fe5860dca30d322271ce6f1e2f07409df09141c10e47b2a28d4f97c8cbcedebb61320dd0f4cf5e17e67b1c1e59dfe09d40598655bb33,,08/31/2025 03:58:00 AM,30,NO CONTROLS,NO CONTROLS,CLEAR,"DARKNESS, LIGHTED ROAD",PARKED MOTOR VEHICLE,ONE-WAY,,STRAIGHT AND LEVEL,DRY,NO DEFECTS,ON SCENE,INJURY AND / OR TOW DUE TO CRASH,,,Y,"OVER $1,500",08/31/2025 04:16:00 AM,UNABLE TO DETERMINE,UNABLE TO DETERMINE,5018,S,KOLIN AVE,815,,,,,,,3,NO INDICATION OF INJURY,0,0,0,0,0,1,0,3,1,8,41.8016816092,-87.7321255046,POINT (-87.732125504605 41.8016816092)
af18802c102dfd7e5dbb220b5277546a54ee4a0b70488da18e84b7311e2ebcf92c044cbfbad82ad050d1fe5dc0ecd3bdaab65e3952673f1902ef9572489dcf46,,08/31/2025 03:47:00 AM,30,NO CONTROLS,NO CONTROLS,CLEAR,"DARKNESS, LIGHTED ROAD",PARKED MOTOR VEHICLE,ONE-WAY,,STRAIGHT AND LEVEL,DRY,OTHER,ON SCENE,INJURY AND / OR TOW DUE TO CRASH,,,,"OVER $1,500",08/31/2025 03:48:00 AM,ROAD ENGINEERING/SURFACE/MARKING DEFECTS,DRIVING SKILLS/KNOWLEDGE/EXPERIENCE,105,W,104TH ST,512,,,,,,,4,NO INDICATION OF INJURY,0,0,0,0,0,1,0,3,1,8,41.7051978214,-87.6261142026,POINT (-87.62611420257 41.70519782143)
7435b05609b15a02e6e758e8bc818e0273bc445d1c7e41da15941b9cb6fe25f2a8365f7bfcb130b566b9af11c4722bee65bd0fe2b8d07432659c0d9c0fa556aa,,08/31/2025 03:36:00 AM,35,TRAFFIC SIGNAL,FUNCTIONING PROPERLY,CLEAR,"DARKNESS, LIGHTED ROAD",ANGLE,FOUR WAY,,STRAIGHT AND LEVEL,DRY,NO DEFECTS,ON SCENE,NO INJURY / DRIVE AWAY,,,Y,"OVER $1,500",08/31/2025 04:16:00 AM,DISREGARDING TRAFFIC SIGNALS,NOT APPLICABLE,7500,S,STATE ST,623,,,,,,,2,NO INDICATION OF INJURY,0,0,0,0,0,3,0,3,1,8,41.7580921764,-87.6249022282,POINT (-87.624902228247 41.758092176383)
65771c0df83ec5b97abdb6ce9a61b526d15c70fda228f3a3e283e85180f5eaee13515f7aea98478fcf61f88b79c91d23e6154648c485e5c322e80cb1397abdc1,,08/31/2025 03:20:00 AM,25,UNKNOWN,UNKNOWN,CLEAR,"DARKNESS, LIGHTED ROAD",PARKED MOTOR VEHICLE,DIVIDED - W/MEDIAN (NOT RAISED),,STRAIGHT AND LEVEL,DRY,NO DEFECTS,NOT ON SCENE (DESK REPORT),NO INJURY / DRIVE AWAY,,,,"OVER $1,500",08/31/2025 03:30:00 AM,UNABLE TO DETERMINE,UNABLE TO DETERMINE,1613,E,HAYES DR,331,,,,,,,2,NO INDICATION OF INJURY,0,0,0,0,0,1,0,3,1,8,41.7805368427,-87.5856799415,POINT (-87.585679941463 41.78053684269)
82c628b63a64c5af265774d20bebe97f410b61f6a029dc644a8edf514ab4829ae5a0e38b84b210f830148bb963dff75129a8f5f89debeb4292810224e70da29c,,08/31/2025 03:20:00 AM,35,NO CONTROLS,NO CONTROLS,CLEAR,"DARKNESS, LIGHTED ROAD",PARKED MOTOR VEHICLE,NOT DIVIDED,,STRAIGHT AND LEVEL,DRY,NO DEFECTS,ON SCENE,INJURY AND / OR TOW DUE TO CRASH,,,Y,"OVER $1,500",08/31/2025 04:42:00 AM,UNABLE TO DETERMINE,NOT APPLICABLE,2828,N,MILWAUKEE AVE,1412,Y,,,,,,3,NO INDICATION OF INJURY,0,0,0,0,0,1,0,3,1,8,41.9325771862,-87.713390038,POINT (-87.713390037997 41.932577186227)