CRASH_RECORD_ID,CRASH_DATE_EST_I,CRASH_DATE,POSTED_SPEED_LIMIT,TRAFFIC_CONTROL_DEVICE,DEVICE_CONDITION,WEATHER_CONDITION,LIGHTING_CONDITION,FIRST_CRASH_TYPE,TRAFFICWAY_TYPE,LANE_CNT,ALIGNMENT,ROADWAY_SURFACE_COND,ROAD_DEFECT,REPORT_TYPE,CRASH_TYPE,INTERSECTION_RELATED_I,NOT_RIGHT_OF_WAY_I,HIT_AND_RUN_I,DAMAGE,DATE_POLICE_NOTIFIED,PRIM_CONTRIBUTORY_CAUSE,SEC_CONTRIBUTORY_CAUSE,STREET_NO,STREET_DIRECTION,STREET_NAME,BEAT_OF_OCCURRENCE,PHOTOS_TAKEN_I,STATEMENTS_TAKEN_I,DOORING_I,WORK_ZONE_I,WORK_ZONE_TYPE,WORKERS_PRESENT_I,NUM_UNITS,MOST_SEVERE_INJURY,INJURIES_TOTAL,INJURIES_FATAL,INJURIES_INCAPACITATING,INJURIES_NON_INCAPACITATING,INJURIES_REPORTED_NOT_EVIDENT,INJURIES_NO_INDICATION,INJURIES_UNKNOWN,CRASH_HOUR,CRASH_DAY_OF_WEEK,CRASH_MONTH,LATITUDE,LONGITUDE,LOCATION
d31cd00e52b570614eae5069a5e2f20290a50934008d6e7ae69a6bafbada6602320ea22ac78f5faa16032c976cc1649297ad1837d764ff72bfa900ebc99518a1,,08/31/2025 03:20:00 AM,30,TRAFFIC SIGNAL,FUNCTIONING PROPERLY,CLEAR,"DARKNESS, LIGHTED ROAD",FIXED OBJECT,FOUR WAY,,STRAIGHT AND LEVEL,DRY,NO DEFECTS,ON SCENE,INJURY AND / OR TOW DUE TO CRASH,Y,,,"OVER $1,500",08/31/2025 04:43:00 AM,UNABLE TO DETERMINE,DRIVING SKILLS/KNOWLEDGE/EXPERIENCE,1199,S,KEDZIE AVE,1134,,,,,,,1,NONINCAPACITATING INJURY,1,0,0,1,0,4,0,3,1,8,41.8664543695,-87.7055236605,POINT (-87.705523660486 41.866454369471)
10f8f3afbe153f98b5da109b9ea40a13cdf4237ce6fdc82e1e42cc138ee7b68a1b086f497b279b4439f7d2cacb7983f3b11eab17e87b0d7a93c89342f9949c5b,,08/31/2025 03:18:00 AM,30,NO CONTROLS,NO CONTROLS,CLEAR,"DARKNESS, LIGHTED ROAD",FIXED OBJECT,DIVIDED - W/MEDIAN (NOT RAISED),,STRAIGHT ON GRADE,DRY,UNKNOWN,ON SCENE,INJURY AND / OR TOW DUE TO CRASH,,,,"OVER $1,500",08/31/2025 03:18:00 AM,DRIVING SKILLS/KNOWLEDGE/EXPERIENCE,NOT APPLICABLE,2821,N,ASHLAND AVE,1932,,,,,,,1,NO INDICATION OF INJURY,0,0,0,0,0,2,0,3,1,8,41.9330793688,-87.6682752906,POINT (-87.668275290583 41.933079368823)
e51291a7fc760a4604dbe921409ca2fc792e373c11d80d36a7c86f0d9127dd37b76ef6aa86ce2031cc9443775cf2f9bc2bcfdc3a874c439d5e40dfa59f70a35d,,08/31/2025 03:09:00 AM,30,NO CONTROLS,NO CONTROLS,CLEAR,"DARKNESS, LIGHTED ROAD",PARKED MOTOR VEHICLE,ONE-WAY,,STRAIGHT AND LEVEL,DRY,NO DEFECTS,ON SCENE,INJURY AND / OR TOW DUE TO CRASH,,,,"OVER $1,500",08/31/2025 03:10:00 AM,UNABLE TO DETERMINE,NOT APPLICABLE,1613,N,ST LOUIS AVE,1422,,,,,,,2,INCAPACITATING INJURY,1,0,1,0,0,0,0,3,1,8,41.9104675564,-87.7131710214,POINT (-87.713171021373 41.910467556386)
7e8a203225ebbc611c41beb46c6a0a4a7a06963a35e0e8b43145102625fc7cdaa52b30640da04ceac54ba3b71e2f82f6652021ce3ee25d3a75c3d289a35b6d5b,,08/31/2025 03:06:00 AM,30,NO CONTROLS,NO CONTROLS,CLEAR,"DARKNESS, LIGHTED ROAD",HEAD ON,DIVIDED - W/MEDIAN BARRIER,,STRAIGHT AND LEVEL,UNKNOWN,UNKNOWN,ON SCENE,INJURY AND / OR TOW DUE TO CRASH,,,Y,"OVER $1,500",08/31/2025 03:55:00 AM,DRIVING ON WRONG SIDE/WRONG WAY,NOT APPLICABLE,1012,S,KOSTNER AVE,1131,,,,,,,2,NONINCAPACITATING INJURY,1,0,0,1,0,1,0,3,1,8,41.8686386829,-87.7351996681,POINT (-87.73519966814 41.868638682888)
c8998b1e5c2cdb2e7974f701a96afcdaf2d9cda23fe2b980f558b0d55ad032e716a1d018457ffe1aa5d89a3c9e199749970d4544ede9308896dcdd2c829abe6d,,08/31/2025 03:04:00 AM,15,NO CONTROLS,NO CONTROLS,CLEAR,"DARKNESS, LIGHTED ROAD",PARKED MOTOR VEHICLE,NOT DIVIDED,,STRAIGHT AND LEVEL,DRY,NO DEFECTS,NOT ON SCENE (DESK REPORT),NO INJURY / DRIVE AWAY,,,Y,"OVER $1,500",08/31/2025 11:29:00 PM,UNABLE TO DETERMINE,NOT APPLICABLE,3499,W,58TH ST,822,,,,,,,2,NO INDICATION OF INJURY,0,0,0,0,0,1,0,3,1,8,41.787840428,-87.710687622,POINT (-87.71068762201 41.787840428005)
0d2d1afddb05b3997c2fd9fedd9aeff7bbec026e169d2643cd8839a63821d3e8addf01410ae87fb0891e3d53c716b0d9897f90e3d01fe3dd4015f0d3929de51d,,08/31/2025 02:52:00 AM,30,TRAFFIC SIGNAL,FUNCTIONING PROPERLY,CLEAR,"DARKNESS, LIGHTED ROAD",TURNING,FOUR WAY,,STRAIGHT AND LEVEL,DRY,NO DEFECTS,ON SCENE,NO INJURY / DRIVE AWAY,Y,,Y,"OVER $1,500",08/31/2025 03:10:00 AM,IMPROPER LANE USAGE,IMPROPER TURNING/NO SIGNAL,200,W,KINZIE ST,1831,,,,,,,2,NO INDICATION OF INJURY,0,0,0,0,0,2,0,2,1,8,41.8892748439,-87.634083718,POINT (-87.634083717969 41.889274843852)
e63f577f9d22e96e5b6eb6c0ad5ca85e44925039bdec7325fcb81fa7bd14b787a5e560d1016dde19b05bd7311734cf8f0989fb937840d5921d7f47a4dbc897bf,,08/31/2025 02:50:00 AM,30,UNKNOWN,UNKNOWN,CLEAR,"DARKNESS, LIGHTED ROAD",SIDESWIPE OPPOSITE DIRECTION,DIVIDED - W/MEDIAN (NOT RAISED),,STRAIGHT AND LEVEL,DRY,NO DEFECTS,NOT ON SCENE (DESK REPORT),NO INJURY / DRIVE AWAY,Y,,Y,"OVER $1,500",08/31/2025 03:15:00 AM,UNABLE TO DETERMINE,UNABLE TO DETERMINE,6600,S,PARNELL AVE,722,,,,,,,2,NO INDICATION OF INJURY,0,0,0,0,0,2,0,2,1,8,41.7743236359,-87.6389315721,POINT (-87.638931572128 41.774323635896)
b22fd7c9fe8720838be1bd39f0f9204cafb34703cf9ee9910acf07ca57f2f6f1fa5d3a72d9ba76d2f32d02578645d0fe34bb6705a424986bfd0950f2958f6b40,,08/31/2025 02:40:00 AM,30,STOP SIGN/FLASHER,FUNCTIONING PROPERLY,CLEAR,"DARKNESS, LIGHTED ROAD",PEDALCYCLIST,T-INTERSECTION,,STRAIGHT AND LEVEL,DRY,NO DEFECTS,ON SCENE,INJURY AND / OR TOW DUE TO CRASH,Y,,Y,"$501 - $1,500",08/31/2025 02:43:00 AM,IMPROPER TURNING/NO SIGNAL,FAILING TO YIELD RIGHT-OF-WAY,3359,N,KEDZIE AVE,1733,,,,,,,2,NONINCAPACITATING INJURY,1,0,0,1,0,1,0,2,1,8,41.9426505933,-87.7075667477,POINT (-87.707566747663 41.942650593273)
e7cf10ac83e44050b415290ed04c358c5d78560096700324428d9ac203d89ab90a4cbc4f1dc4873a24038ce5fd8a1e0fa6d03cc0611fe055414ee030caf73e70,Y,08/31/2025 02:39:00 AM,30,NO CONTROLS,UNKNOWN,CLEAR,DARKNESS,PARKED MOTOR VEHICLE,NOT DIVIDED,,STRAIGHT AND LEVEL,UNKNOWN,UNKNOWN,ON SCENE,NO INJURY / DRIVE AWAY,,,Y,"OVER $1,500",08/31/2025 02:53:00 AM,UNABLE TO DETERMINE,UNABLE TO DETERMINE,11934,S,STATE ST,522,,,,,,,3,NO INDICATION OF INJURY,0,0,0,0,0,1,0,2,1,8,41.6769440452,-87.6227720056,POINT (-87.622772005634 41.676944045176)
0e5ebd68be3f00de87d90bc348b07d22ef5cd437652c70cf017c474725c476a95ebe47339a27fc6d6f3372872ce0080c87fb99da56c025ab3f39206bfc4ef1a7,Y,08/31/2025 02:30:00 AM,30,OTHER,OTHER,CLEAR,"DARKNESS, LIGHTED ROAD",FIXED OBJECT,DIVIDED - W/MEDIAN (NOT RAISED),,STRAIGHT AND LEVEL,DRY,NO DEFECTS,ON SCENE,INJURY AND / OR TOW DUE TO CRASH,,,,"OVER $1,500",08/31/2025 02:45:00 AM,NOT APPLICABLE,NOT APPLICABLE,1400,W,NORTH AVE,1433,,,,,,,1,NONINCAPACITATING INJURY,1,0,0,1,0,0,0,2,1,8,41.9108068192,-87.6631049341,POINT (-87.66310493406 41.910806819199)
b943b1e40150cc5b8813926375a9737db6f2e0fb786c54b8549809a1c00c72f42411c31ead4e626f880440d0fef218a763db6ba47e5d78116e1c1f1cfa82f189,,08/31/2025 02:30:00 AM,30,TRAFFIC SIGNAL,FUNCTIONING PROPERLY,CLEAR,"DARKNESS, LIGHTED ROAD",SIDESWIPE SAME DIRECTION,DIVIDED - W/MEDIAN BARRIER,,STRAIGHT AND LEVEL,DRY,NO DEFECTS,NOT ON SCENE (DESK REPORT),NO INJURY / DRIVE AWAY,,,Y,"OVER $1,500",08/31/2025 02:45:00 AM,FAILING TO REDUCE SPEED TO AVOID CRASH,UNABLE TO DETERMINE,5901,S,CICERO AVE,813,,,,,,,2,NO INDICATION OF INJURY,0,0,0,0,0,2,0,2,1,8,41.7856529558,-87.7411927317,POINT (-87.741192731715 41.785652955816)
84a80c03f122b4f7a7b54ce6b8564a4b121836d01d601e5ea30276685b19e93827614eaddace4f2daae27fcf419430936d6fa276046021acb166287fc63d3226,,08/31/2025 02:10:00 AM,30,NO CONTROLS,NO CONTROLS,CLEAR,DARKNESS,REAR END,DIVIDED - W/MEDIAN (NOT RAISED),,STRAIGHT AND LEVEL,DRY,UNKNOWN,NOT ON SCENE (DESK REPORT),NO INJURY / DRIVE AWAY,,,Y,"$501 - $1,500",08/31/2025 05:00:00 AM,UNABLE TO DETERMINE,NOT APPLICABLE,399,N,LA SALLE DR,1831,,,,,,,2,NO INDICATION OF INJURY,0,0,0,0,0,2,0,2,1,8,41.8891645913,-87.6323774527,POINT (-87.63237745274 41.889164591335)
29a3a287bda827c4ed32c8a15505494cf313b522d26629765b882df766bfe08f8045522f0d92fa6dd0196ac9f407631a99c43944d6532728213aa07c13b9e5a8,,08/31/2025 02:09:00 AM,30,NO CONTROLS,NO CONTROLS,CLEAR,"DARKNESS, LIGHTED ROAD",ANGLE,ONE-WAY,,STRAIGHT AND LEVEL,DRY,NO DEFECTS,ON SCENE,INJURY AND / OR TOW DUE TO CRASH,,,Y,"OVER $1,500",08/31/2025 02:09:00 AM,NOT APPLICABLE,NOT APPLICABLE,1944,N,SPAULDING AVE,1422,,,,,,,3,NONINCAPACITATING INJURY,1,0,0,1,0,1,0,2,1,8,41.9168689975,-87.7104284016,POINT (-87.71042840164 41.916868997463)
0d16877406f94fd2007d350e7d93781fb631552ec530817cef56f26de076a1a9caf9fbc21c3cd3e9a8bbd68dce5654be8ca2356e331de2d356bb6623dfb46eed,,08/31/2025 01:56:00 AM,30,NO CONTROLS,NO CONTROLS,CLEAR,DARKNESS,SIDESWIPE SAME DIRECTION,NOT DIVIDED,,STRAIGHT AND LEVEL,DRY,NO DEFECTS,ON SCENE,NO INJURY / DRIVE AWAY,,,Y,$500 OR LESS,08/31/2025 01:58:00 AM,IMPROPER OVERTAKING/PASSING,IMPROPER OVERTAKING/PASSING,11900,S,EMERALD AVE,524,,N,,,,,2,NO INDICATION OF INJURY,0,0,0,0,0,2,0,1,1,8,41.6777324434,-87.6408479055,POINT (-87.640847905453 41.677732443402)
3c208aabcebfe94328e0017cbb2a336313410e2f89cc6510f87138657fad2dfea3c900c6596d6fb8e54185fc6d643ab53348cbf1e285d03b9bd324cc62d38ed6,,08/31/2025 01:55:00 AM,30,NO CONTROLS,NO CONTROLS,CLEAR,DARKNESS,HEAD ON,NOT DIVIDED,,STRAIGHT AND LEVEL,DRY,NO DEFECTS,ON SCENE,INJURY AND / OR TOW DUE TO CRASH,,,Y,"OVER $1,500",08/31/2025 01:55:00 AM,UNABLE TO DETERMINE,NOT APPLICABLE,4698,S,WOOD ST,924,,,,,,,2,NO INDICATION OF INJURY,0,0,0,0,0,2,0,1,1,8,41.8086463752,-87.6699764584,POINT (-87.669976458357 41.808646375231)
63fa67dbf6a9993b0efb3ebac557abd543993d1049cf57de41a2f7e75b46b878a3d14ea38ca36a0ffd207dc9f2d65f5c44d979cebd0f95533272af0edb47190d,N,08/31/2025 01:45:00 AM,30,TRAFFIC SIGNAL,FUNCTIONING PROPERLY,CLEAR,"DARKNESS, LIGHTED ROAD",REAR END,FOUR WAY,,STRAIGHT AND LEVEL,DRY,NO DEFECTS,ON SCENE,INJURY AND / OR TOW DUE TO CRASH,Y,,N,"OVER $1,500",08/31/2025 01:45:00 AM,FOLLOWING TOO CLOSELY,UNABLE TO DETERMINE,2,E,43RD ST,213,,,,,,,2,NONINCAPACITATING INJURY,1,0,0,1,0,1,0,1,1,8,41.8166005724,-87.6261921344,POINT (-87.626192134403 41.816600572384)
bbd2dab502b3e42ff853f2a4eaec1d5640e9a94a3553b2dfd3262f8cb629d232127d8245452f8b22d53a4a8c8a664da35948b1ce713509cef0091ba55e6c7463,,08/31/2025 01:45:00 AM,30,NO CONTROLS,NO CONTROLS,CLEAR,"DARKNESS, LIGHTED ROAD",PARKED MOTOR VEHICLE,NOT DIVIDED,,STRAIGHT AND LEVEL,DRY,NO DEFECTS,ON SCENE,INJURY AND / OR TOW DUE TO CRASH,,,,"OVER $1,500",08/31/2025 01:45:00 AM,CELL PHONE USE OTHER THAN TEXTING,UNABLE TO DETERMINE,1732,N,CALIFORNIA AVE,1421,,,,,,,2,NO INDICATION OF INJURY,0,0,0,0,0,1,0,1,1,8,41.9130086823,-87.6972142012,POINT (-87.697214201225 41.913008682313)
71910ce236f3d776157a4b539df3d92d8f10dfeb70c40c181833116c6b7123177f1fb62f2185ff14ca7c3211dd28347aa2ee3976b5ce97885aea7f7729d8cfca,,08/31/2025 01:43:00 AM,30,TRAFFIC SIGNAL,FUNCTIONING PROPERLY,CLEAR,"DARKNESS, LIGHTED ROAD",SIDESWIPE OPPOSITE DIRECTION,NOT DIVIDED,,STRAIGHT AND LEVEL,DRY,NO DEFECTS,ON SCENE,NO INJURY / DRIVE AWAY,N,,Y,$500 OR LESS,08/31/2025 02:06:00 AM,UNABLE TO DETERMINE,UNABLE TO DETERMINE,2632,W,111TH ST,2212,,,,,,,2,NO INDICATION OF INJURY,0,0,0,0,0,4,0,1,1,8,41.6918362856,-87.687364482,POINT (-87.687364481974 41.691836285576)
5224e554974b6a8586591f903d901e89c68f966c9519fd93ffd01c4365eb6d19ee56623eb026e20f9fb83848fa5d0ddade39ad9031fca220532f3f1936d45c4a,,08/31/2025 01:42:00 AM,30,NO CONTROLS,NO CONTROLS,UNKNOWN,"DARKNESS, LIGHTED ROAD",HEAD ON,NOT DIVIDED,,STRAIGHT AND LEVEL,UNKNOWN,UNKNOWN,NOT ON SCENE (DESK REPORT),INJURY AND / OR TOW DUE TO CRASH,,,,"OVER $1,500",08/31/2025 01:42:00 AM,UNABLE TO DETERMINE,NOT APPLICABLE,414,E,75TH ST,323,,,,,,,2,INCAPACITATING INJURY,1,0,1,0,0,1,0,1,1,8,41.7585308427,-87.6144619953,POINT (-87.614461995338 41.758530842697)
897cba8d1fbb114db6ac738fba3d576ed1bb5b2a8e6a06df8f1272116c546137531784b20cb3c53fc554d081488d7519e97531772e051b745e90235bbb1e98ee,,08/31/2025 01:30:00 AM,35,NO CONTROLS,NO CONTROLS,CLEAR,"DARKNESS, LIGHTED ROAD",TURNING,DIVIDED - W/MEDIAN (NOT RAISED),,STRAIGHT AND LEVEL,DRY,NO DEFECTS,NOT ON SCENE (DESK REPORT),NO INJURY / DRIVE AWAY,,,,"$501 - $1,500",08/31/2025 05:50:00 PM,NOT APPLICABLE,NOT APPLICABLE,361,N,CICERO AVE,1113,,,,,,,2,NO INDICATION OF INJURY,0,0,0,0,0,2,0,1,1,8,41.8870660865,-87.7453703153,POINT (-87.745370315262 41.887066086503)
da1b44672df4a6d57f374f0b8bf2899142f05b65eba04d0e740e7c00c2d292055971ec5352e44e9b4f6a571b17cbb765ce30a775f968f176aa885fc60c9e178c,,08/31/2025 01:30:00 AM,30,UNKNOWN,UNKNOWN,CLEAR,"DARKNESS, LIGHTED ROAD",SIDESWIPE SAME DIRECTION,ONE-WAY,,STRAIGHT AND LEVEL,UNKNOWN,UNKNOWN,NOT ON SCENE (DESK REPORT),NO INJURY / DRIVE AWAY,,,Y,"OVER $1,500",08/31/2025 08:20:00 PM,UNABLE TO DETERMINE,UNABLE TO DETERMINE,111,W,ILLINOIS ST,1831,,,,,,,2,NO INDICATION OF INJURY,0,0,0,0,0,2,0,1,1,8,41.8907047542,-87.6316106617,POINT (-87.631610661651 41.890704754245)
b4eafb9187ce8c08ad43b6cdcb10cfbd9ae9e89974b8d699ed0981c6b41c918c28ea57e1cda5187d430f1eebb8e1ca4f746035f26b2bf3e80bc57bc3ab624339,,08/31/2025 01:27:00 AM,35,TRAFFIC SIGNAL,FUNCTIONING PROPERLY,CLEAR,DARKNESS,SIDESWIPE SAME DIRECTION,NOT DIVIDED,,STRAIGHT AND LEVEL,DRY,NO DEFECTS,NOT ON SCENE (DESK REPORT),NO INJURY / DRIVE AWAY,,,Y,"OVER $1,500",08/31/2025 02:00:00 AM,UNABLE TO DETERMINE,UNABLE TO DETERMINE,85,E,WACKER DR,111,,,,,,,2,NO INDICATION OF INJURY,0,0,0,0,0,2,0,1,1,8,41.8880962904,-87.625177279,POINT (-87.625177278957 41.888096290382)
1a470b8ff54d417a382e831ca358e05405227d9a861e4465b2a3ee55dab16ecd0748928d657bc0692d758f329e11bab914165fefa84c9e70e027534b8fbd71bf,,08/31/2025 01:21:00 AM,30,TRAFFIC SIGNAL,FUNCTIONING PROPERLY,CLEAR,DAYLIGHT,ANGLE,FOUR WAY,,STRAIGHT AND LEVEL,DRY,NO DEFECTS,ON SCENE,INJURY AND / OR TOW DUE TO CRASH,Y,,Y,"OVER $1,500",08/31/2025 01:30:00 AM,UNABLE TO DETERMINE,DRIVING SKILLS/KNOWLEDGE/EXPERIENCE,3200,W,NORTH AVE,1421,N,Y,,N,,,2,INCAPACITATING INJURY,2,0,1,1,0,1,0,1,1,8,41.9102242986,-87.7070365056,POINT (-87.707036505555 41.910224298601)
e20be93535c652c52ac2fc601b50c64deefafd5d1dc29aa7274433333886671c3dd55016fa81202fe2b36b1b5bd815d25065a72254d8eef27f131ac46dcf93a9,,08/31/2025 01:21:00 AM,30,NO CONTROLS,NO CONTROLS,CLEAR,"DARKNESS, LIGHTED ROAD",FIXED OBJECT,DIVIDED - W/MEDIAN (NOT RAISED),,STRAIGHT ON GRADE,DRY,UNKNOWN,ON SCENE,INJURY AND / OR TOW DUE TO CRASH,,,,"OVER $1,500",08/31/2025 01:26:00 AM,DRIVING SKILLS/KNOWLEDGE/EXPERIENCE,NOT APPLICABLE,425,W,87TH ST,2223,,,,,,,2,NONINCAPACITATING INJURY,1,0,0,1,0,1,0,1,1,8,41.7358103444,-87.6349390191,POINT (-87.634939019115 41.73581034435)
4d3505695a19fca7816acd139a182b811d01ca21fd7801530068aba7c02790bb1d568ae8468dac34685bc30783b72a7c0b1aba943b53d22b13350ed845eb8d80,,08/31/2025 01:20:00 AM,15,NO CONTROLS,NO CONTROLS,CLEAR,"DARKNESS, LIGHTED ROAD",PEDESTRIAN,PARKING LOT,,STRAIGHT AND LEVEL,DRY,NO DEFECTS,ON SCENE,INJURY AND / OR TOW DUE TO CRASH,,,Y,"$501 - $1,500",08/31/2025 01:29:00 AM,UNABLE TO DETERMINE,UNABLE TO DETERMINE,7601,S,CICERO AVE,833,,,,,,,2,INCAPACITATING INJURY,2,0,2,0,0,1,0,1,1,8,41.7546601244,-87.7413847586,POINT (-87.741384758605 41.754660124394)
8adba77e3c70760dffd803c93bcebc1442ed096900dc003b8dfb35b8c14b9e9bfb713e94deba1a6dee0b85b9cf489cd9019219e90697f1958a36db98fefe7bc9,,08/31/2025 01:20:00 AM,30,TRAFFIC SIGNAL,FUNCTIONING PROPERLY,CLEAR,"DARKNESS, LIGHTED ROAD",TURNING,FOUR WAY,,STRAIGHT AND LEVEL,DRY,NO DEFECTS,NOT ON SCENE (DESK REPORT),INJURY AND / OR TOW DUE TO CRASH,Y,,,"OVER $1,500",08/31/2025 01:52:00 AM,FAILING TO YIELD RIGHT-OF-WAY,NOT APPLICABLE,4800,W,LAKE ST,1532,,,,,,,2,"REPORTED, NOT EVIDENT",1,0,0,0,1,2,0,1,1,8,41.8867491397,-87.7456088529,POINT (-87.745608852908 41.886749139662)
c60370049438ced39d0ca5a3110475f88351e9b175c9e64da560d9a829f97d6cde5a4dd090c56da58430394e7273e3d8cb514514a9f38aee9d0193961da21b1f,Y,08/31/2025 01:20:00 AM,30,TRAFFIC SIGNAL,FUNCTIONING PROPERLY,CLEAR,"DARKNESS, LIGHTED ROAD",SIDESWIPE SAME DIRECTION,OTHER,,STRAIGHT AND LEVEL,DRY,NO DEFECTS,ON SCENE,NO INJURY / DRIVE AWAY,,,,"$501 - $1,500",08/31/2025 02:04:00 AM,DISTRACTION - FROM INSIDE VEHICLE,DISTRACTION - FROM INSIDE VEHICLE,1601,N,WELLS ST,1814,,,,,,,2,NO INDICATION OF INJURY,0,0,0,0,0,2,0,1,1,8,41.9112004704,-87.6345650615,POINT (-87.634565061467 41.911200470355)
8a60c066c30e48b3cf8ee909ccb27271c97668baaacc17aff0f9865cac244ab62159e5d5785c1d0dc635c6ad8fe7e588780346fb7fe264876206b2c5b0f4dab3,,08/31/2025 01:09:00 AM,40,STOP SIGN/FLASHER,FUNCTIONING PROPERLY,CLEAR,"DARKNESS, LIGHTED ROAD",ANGLE,DIVIDED - W/MEDIAN BARRIER,,STRAIGHT AND LEVEL,DRY,NO DEFECTS,ON SCENE,NO INJURY / DRIVE AWAY,Y,,Y,"OVER $1,500",08/31/2025 01:15:00 AM,FAILING TO YIELD RIGHT-OF-WAY,DISREGARDING STOP SIGN,1600,E,92ND ST,413,,,,,,,2,NO INDICATION OF INJURY,0,0,0,0,0,3,0,1,1,8,41.7279269025,-87.5849048601,POINT (-87.584904860136 41.727926902539)
bcb923909c5d37f30b8ad02575790d2e845272cea60e5ea7d190e71b096082405c39e6cc43aa8e04233f6de6831d7f4b110d9e83e614fcbb870b41eaf9848b70,,08/31/2025 01:00:00 AM,30,NO CONTROLS,NO CONTROLS,UNKNOWN,UNKNOWN,PARKED MOTOR VEHICLE,NOT DIVIDED,,STRAIGHT AND LEVEL,UNKNOWN,UNKNOWN,NOT ON SCENE (DESK REPORT),NO INJURY / DRIVE AWAY,,,Y,"OVER $1,500",08/31/2025 12:00:00 PM,UNABLE TO DETERMINE,NOT APPLICABLE,1813,W,47TH ST,931,,,,,,,2,NO INDICATION OF INJURY,0,0,0,0,0,1,0,1,1,8,41.8084417434,-87.6704339238,POINT (-87.670433923793 41.808441743382)
5bd316c6048e80fe3f034c375488fde28c5c4914176fd270c11f83f761240cebaa04303ba857f932a3f6659e04d149e02e746a09466613ca9f109c9fbab501da,,08/31/2025 12:56:00 AM,30,NO CONTROLS,NO CONTROLS,CLEAR,DAWN,TURNING,NOT DIVIDED,,STRAIGHT AND LEVEL,DRY,NO DEFECTS,ON SCENE,INJURY AND / OR TOW DUE TO CRASH,,,Y,"OVER $1,500",08/31/2025 12:56:00 AM,UNABLE TO DETERMINE,UNABLE TO DETERMINE,3256,N,PULASKI RD,1731,,,,,,,2,"REPORTED, NOT EVIDENT",1,0,0,0,1,1,0,0,1,8,41.940686436,-87.7273766012,POINT (-87.727376601169 41.94068643602)
aa59918bfbb3e7b988bbe06c386e941fb94ba48ae90c1b076a658eea9646be9bfaaeea64bf4c065117c30e4bf52dd791401067610b35f5a23efa41b74f6baef9,Y,08/31/2025 12:51:00 AM,35,TRAFFIC SIGNAL,FUNCTIONING PROPERLY,CLEAR,DUSK,PEDESTRIAN,NOT DIVIDED,,STRAIGHT AND LEVEL,DRY,NO DEFECTS,ON SCENE,INJURY AND / OR TOW DUE TO CRASH,,,Y,"OVER $1,500",08/31/2025 12:51:00 AM,FAILING TO YIELD RIGHT-OF-WAY,FAILING TO YIELD RIGHT-OF-WAY,966,W,VAN BUREN ST,1232,,,,,,,2,NONINCAPACITATING INJURY,1,0,0,1,0,1,0,0,1,8,41.8767122989,-87.6518195766,POINT (-87.651819576603 41.876712298858)
77ddd503f8dd95d7972f408bab9b82ee5d9a25e7c19b8ac555e9c0f542da9fad9c7594714472df3b6a3776ac92c4ab9215600c2c057a65ecd232d78ff6ae0882,,08/31/2025 12:40:00 AM,30,TRAFFIC SIGNAL,FUNCTIONING PROPERLY,CLEAR,"DARKNESS, LIGHTED ROAD",TURNING,NOT DIVIDED,,STRAIGHT AND LEVEL,DRY,UNKNOWN,ON SCENE,INJURY AND / OR TOW DUE TO CRASH,,,,"OVER $1,500",08/31/2025 12:40:00 AM,IMPROPER LANE USAGE,NOT APPLICABLE,2406,W,DIVERSEY AVE,1411,,,,,,,2,NONINCAPACITATING INJURY,2,0,0,2,0,1,0,0,1,8,41.9322808531,-87.6881900575,POINT (-87.688190057518 41.932280853103)
aefd7306f30ca1a4b73410f7df42baea1c910738eb3409c8f52c72aca09e9761ffea09c86de672318c9725f0b7782a086d4f19e0d33e56d770b7dec4022fcfed,,08/31/2025 12:40:00 AM,30,NO CONTROLS,NO CONTROLS,CLEAR,"DARKNESS, LIGHTED ROAD",REAR END,DIVIDED - W/MEDIAN (NOT RAISED),,STRAIGHT AND LEVEL,DRY,NO DEFECTS,ON SCENE,INJURY AND / OR TOW DUE TO CRASH,,,,"OVER $1,500",08/31/2025 12:45:00 AM,FAILING TO REDUCE SPEED TO AVOID CRASH,NOT APPLICABLE,1513,N,WESTERN AVE,1424,,,,,,,2,NO INDICATION OF INJURY,0,0,0,0,0,4,0,0,1,8,41.9089255229,-87.6870376504,POINT (-87.687037650382 41.908925522938)
636b57c90666dfdb0a5a9d1909914847d186a3dd163c43cc7e4685ac7c5d06bd86b11eeb83dd4bbe6a6056edef1a4f235f0a77c0dc5ccd7e30967ad56b128f6b,,08/31/2025 12:32:00 AM,35,UNKNOWN,UNKNOWN,CLEAR,"DARKNESS, LIGHTED ROAD",SIDESWIPE SAME DIRECTION,NOT DIVIDED,,STRAIGHT AND LEVEL,DRY,NO DEFECTS,ON SCENE,INJURY AND / OR TOW DUE TO CRASH,Y,,,"OVER $1,500",08/31/2025 03:35:00 AM,IMPROPER OVERTAKING/PASSING,NOT APPLICABLE,1800,W,59TH ST,715,,,,,,,2,NO INDICATION OF INJURY,0,0,0,0,0,2,0,0,1,8,41.7867971066,-87.6693077067,POINT (-87.669307706705 41.786797106591)