CRASH_RECORD_ID,CRASH_DATE_EST_I,CRASH_DATE,POSTED_SPEED_LIMIT,TRAFFIC_CONTROL_DEVICE,DEVICE_CONDITION,WEATHER_CONDITION,LIGHTING_CONDITION,FIRST_CRASH_TYPE,TRAFFICWAY_TYPE,LANE_CNT,ALIGNMENT,ROADWAY_SURFACE_COND,ROAD_DEFECT,REPORT_TYPE,CRASH_TYPE,INTERSECTION_RELATED_I,NOT_RIGHT_OF_WAY_I,HIT_AND_RUN_I,DAMAGE,DATE_POLICE_NOTIFIED,PRIM_CONTRIBUTORY_CAUSE,SEC_CONTRIBUTORY_CAUSE,STREET_NO,STREET_DIRECTION,STREET_NAME,BEAT_OF_OCCURRENCE,PHOTOS_TAKEN_I,STATEMENTS_TAKEN_I,DOORING_I,WORK_ZONE_I,WORK_ZONE_TYPE,WORKERS_PRESENT_I,NUM_UNITS,MOST_SEVERE_INJURY,INJURIES_TOTAL,INJURIES_FATAL,INJURIES_INCAPACITATING,INJURIES_NON_INCAPACITATING,INJURIES_REPORTED_NOT_EVIDENT,INJURIES_NO_INDICATION,INJURIES_UNKNOWN,CRASH_HOUR,CRASH_DAY_OF_WEEK,CRASH_MONTH,LATITUDE,LONGITUDE,LOCATION
483f0a72a4ecf2c07e14c071c4eaa7c092bba38a1e3c2b5a3be79b7cc63648927de92847303352aebf72defb9e416ef86c0d2cdd3f3c01e6a1cc08606c5c35f0,,08/31/2025 12:30:00 AM,30,NO CONTROLS,NO CONTROLS,CLEAR,"DARKNESS, LIGHTED ROAD",PEDESTRIAN,NOT DIVIDED,,STRAIGHT AND LEVEL,DRY,NO DEFECTS,,INJURY AND / OR TOW DUE TO CRASH,,,Y,"OVER $1,500",08/31/2025 08:00:00 AM,UNABLE TO DETERMINE,UNABLE TO DETERMINE,1332,S,HALSTED ST,1232,Y,Y,,,,,5,NONINCAPACITATING INJURY,2,0,0,1,1,1,0,0,1,8,41.8646140721,-87.6469887088,POINT (-87.646988708849 41.864614072081)
42189a2710730008a4394f2710d2ba2782bb587e3d4b1928f1c8f0aaf266934ef1484fbabba5514cb06148ea65355ec5299dfdd186234724b0e24876c77f4c5f,,08/31/2025 12:22:00 AM,35,UNKNOWN,UNKNOWN,CLEAR,"DARKNESS, LIGHTED ROAD",FIXED OBJECT,FOUR WAY,,STRAIGHT AND LEVEL,DRY,NO DEFECTS,NOT ON SCENE (DESK REPORT),INJURY AND / OR TOW DUE TO CRASH,Y,,,"OVER $1,500",08/31/2025 02:22:00 AM,DRIVING SKILLS/KNOWLEDGE/EXPERIENCE,FAILING TO REDUCE SPEED TO AVOID CRASH,7601,S,RACINE AVE,612,,,,,,,1,NO INDICATION OF INJURY,0,0,0,0,0,2,0,0,1,8,41.7559351586,-87.6537322367,POINT (-87.653732236746 41.755935158598)
f23b2f38d0ef0938a86576c8a14f9c5c31358f72509b41473815f94f3a0606667feef972c57b924a72b3f8e86d724678378af9023d2172578c2196816241c1c9,,08/31/2025 12:22:00 AM,30,NO CONTROLS,NO CONTROLS,CLEAR,"DARKNESS, LIGHTED ROAD",PARKED MOTOR VEHICLE,ONE-WAY,,STRAIGHT AND LEVEL,DRY,NO DEFECTS,ON SCENE,INJURY AND / OR TOW DUE TO CRASH,,,,"OVER $1,500",08/31/2025 12:55:00 AM,UNABLE TO DETERMINE,NOT APPLICABLE,8441,S,VERNON AVE,632,,,,,,,3,NONINCAPACITATING INJURY,1,0,0,1,0,1,0,0,1,8,41.7407868552,-87.6128777699,POINT (-87.612877769908 41.740786855174)
424cc1b2ddbf0b1e03c6390f061b02fb0f3678e1cbdbed0584c4f195282ff409c39ed39c64bdd44fda4a3b5618c8a6b8132b31b1882a47dd835cf3355b777741,,08/31/2025 12:21:00 AM,30,NO CONTROLS,NO CONTROLS,CLEAR,"DARKNESS, LIGHTED ROAD",REAR END,NOT DIVIDED,,STRAIGHT AND LEVEL,DRY,NO DEFECTS,ON SCENE,INJURY AND / OR TOW DUE TO CRASH,,,,"OVER $1,500",08/31/2025 12:31:00 AM,FOLLOWING TOO CLOSELY,NOT APPLICABLE,6753,S,ASHLAND AVE,725,,,,,,,2,"REPORTED, NOT EVIDENT",1,0,0,0,1,5,0,0,1,8,41.7706348614,-87.6638289692,POINT (-87.663828969201 41.77063486135)
04573a8f2e1bec029739e67b994175e321c1d7ef53a75a23b7c97ace28b15c98484ed40dba3b1e9edb5c7232360bc32379bcd43d7562969eaecce4806bfbfbe5,Y,08/31/2025 12:20:00 AM,30,NO CONTROLS,NO CONTROLS,CLEAR,DARKNESS,PARKED MOTOR VEHICLE,ONE-WAY,,STRAIGHT AND LEVEL,UNKNOWN,UNKNOWN,ON SCENE,NO INJURY / DRIVE AWAY,,,Y,"OVER $1,500",08/31/2025 12:33:00 AM,UNABLE TO DETERMINE,UNABLE TO DETERMINE,12316,S,NORMAL AVE,523,,,,,,,2,NO INDICATION OF INJURY,0,0,0,0,0,1,0,0,1,8,41.6700674297,-87.6345862145,POINT (-87.634586214516 41.67006742972)
115ae0a35f275195f8109127ccb5799b1baf29d0f93edac8ced6507567eb1d13823010458d63da42f79eb009b32b490d843c3e5e7ddc0939a29a1dbdb2f67cd3,,08/31/2025 12:15:00 AM,30,TRAFFIC SIGNAL,FUNCTIONING PROPERLY,CLEAR,"DARKNESS, LIGHTED ROAD",TURNING,FOUR WAY,,STRAIGHT AND LEVEL,DRY,NO DEFECTS,ON SCENE,INJURY AND / OR TOW DUE TO CRASH,Y,,,"OVER $1,500",08/31/2025 12:21:00 AM,IMPROPER TURNING/NO SIGNAL,IMPROPER LANE USAGE,102,N,LARAMIE AVE,1523,,,,,,,2,NONINCAPACITATING INJURY,1,0,0,1,0,2,0,0,1,8,41.8824570182,-87.7552898413,POINT (-87.755289841254 41.882457018246)
6599a521591940421f2fb82468b172dbe32a5453b7f5e1254c9f16a57526bd0ef589d03b63eefa24dc834c5a15b50ba83a98fa9b7fc5db00e8e23d5abee1ecb6,,08/31/2025 12:09:00 AM,30,STOP SIGN/FLASHER,FUNCTIONING PROPERLY,CLEAR,"DARKNESS, LIGHTED ROAD",ANGLE,FOUR WAY,,STRAIGHT AND LEVEL,DRY,NO DEFECTS,ON SCENE,INJURY AND / OR TOW DUE TO CRASH,Y,,Y,"OVER $1,500",08/31/2025 12:15:00 AM,FAILING TO YIELD RIGHT-OF-WAY,FAILING TO YIELD RIGHT-OF-WAY,501,E,MORGAN DR,233,,,,,,,3,NO INDICATION OF INJURY,0,0,0,0,0,3,0,0,1,8,41.7935974725,-87.6130671028,POINT (-87.613067102822 41.79359747252)
61b15a28425bfe9887fd67669601e8f555703bd6eddf927b4e06d849cc29c4fc94c31e74fa4e257dd98be9f1dc5928d47c17e39ed040e66a38d0cfe494ef9aef,,08/31/2025 12:03:00 AM,30,TRAFFIC SIGNAL,UNKNOWN,CLEAR,"DARKNESS, LIGHTED ROAD",TURNING,FOUR WAY,,STRAIGHT AND LEVEL,DRY,UNKNOWN,NOT ON SCENE (DESK REPORT),INJURY AND / OR TOW DUE TO CRASH,Y,,Y,"OVER $1,500",08/31/2025 12:07:00 AM,UNABLE TO DETERMINE,NOT APPLICABLE,1449,W,99TH ST,2213,,,,,,,2,NONINCAPACITATING INJURY,1,0,0,1,0,1,0,0,1,8,41.7138977725,-87.6595567746,POINT (-87.659556774647 41.713897772507)
2cbbafb487d55ad41506abc37e66cb48d0110c5619c7ec6fbac62fdf093bdff9cb0c18aaf1fa923ecb5b8061974104d3a80fa3df96848b40299934d73d2d63b5,,08/30/2025 11:45:00 PM,15,NO CONTROLS,NO CONTROLS,CLEAR,"DARKNESS, LIGHTED ROAD",FIXED OBJECT,ALLEY,,STRAIGHT AND LEVEL,DRY,NO DEFECTS,ON SCENE,NO INJURY / DRIVE AWAY,,Y,,"OVER $1,500",08/30/2025 11:48:00 PM,IMPROPER BACKING,NOT APPLICABLE,6748,N,GLENWOOD AVE,2432,,,,,,,1,NO INDICATION OF INJURY,0,0,0,0,0,1,0,23,7,8,42.0049310355,-87.6658664758,POINT (-87.665866475767 42.004931035453)
550a252decfae8b331f59dcb46d2a32ba008a3110d471c5a2d1768d0a8eaacf2efa356513270b5786d76b3757774f12288935133d983c5c01fdcf08a78bef9e5,,08/30/2025 11:45:00 PM,30,TRAFFIC SIGNAL,FUNCTIONING PROPERLY,CLEAR,"DARKNESS, LIGHTED ROAD",REAR TO FRONT,FOUR WAY,,STRAIGHT AND LEVEL,DRY,NO DEFECTS,NOT ON SCENE (DESK REPORT),NO INJURY / DRIVE AWAY,,,N,"$501 - $1,500",08/31/2025 12:03:00 AM,"OPERATING VEHICLE IN ERRATIC, RECKLESS, CARELESS, NEGLIGENT OR AGGRESSIVE MANNER",NOT APPLICABLE,2206,S,INDIANA AVE,132,,,,,,,2,NO INDICATION OF INJURY,0,0,0,0,0,2,0,23,7,8,41.8526370013,-87.6224087013,POINT (-87.622408701314 41.852637001274)
0f4d2b06717c952a32915d6da927f54af13bdcf77552e9afdaf7793acbc2fc41a8c7b10d2a1ccce3e3279e66790c670c2ef8673881809a5b7fcc92d5685961c0,,08/30/2025 11:40:00 PM,30,NO CONTROLS,NO CONTROLS,CLEAR,"DARKNESS, LIGHTED ROAD",TURNING,DIVIDED - W/MEDIAN (NOT RAISED),,STRAIGHT AND LEVEL,DRY,UNKNOWN,ON SCENE,INJURY AND / OR TOW DUE TO CRASH,,,,"OVER $1,500",08/30/2025 11:50:00 PM,FAILING TO YIELD RIGHT-OF-WAY,NOT APPLICABLE,2547,W,111TH ST,2212,,Y,,,,,2,"REPORTED, NOT EVIDENT",4,0,0,0,4,2,0,23,7,8,41.6916395533,-87.6853762743,POINT (-87.6853762743 41.691639553334)
9dca4eb8d5d76089440ee5adaa5f86cbf8687f792e13280e03e940d0e01153c5daed0b193506b3b1f2e5f98cacf60287642095ed7a440be8f85d8dd733366fb4,,08/30/2025 11:40:00 PM,30,TRAFFIC SIGNAL,FUNCTIONING PROPERLY,CLEAR,"DARKNESS, LIGHTED ROAD",ANGLE,NOT DIVIDED,,STRAIGHT AND LEVEL,UNKNOWN,UNKNOWN,NOT ON SCENE (DESK REPORT),NO INJURY / DRIVE AWAY,,,Y,"OVER $1,500",08/31/2025 01:10:00 AM,UNABLE TO DETERMINE,UNABLE TO DETERMINE,7100,S,DORCHESTER AVE,324,,,,,,,2,NO INDICATION OF INJURY,0,0,0,0,0,4,0,23,7,8,41.7659677396,-87.5911389321,POINT (-87.591138932125 41.76596773958)
64446b9b71a1abf30ecce6cfa0e3eb2bc5530fd02bc893ae1b25bc978861b488101f928584fe44e56837bdeeb1d730943ccf15ead0dbf3d6d41fbfaaace880ca,,08/30/2025 11:31:00 PM,35,TRAFFIC SIGNAL,FUNCTIONING PROPERLY,CLEAR,DARKNESS,REAR END,NOT DIVIDED,,STRAIGHT AND LEVEL,DRY,NO DEFECTS,NOT ON SCENE (DESK REPORT),NO INJURY / DRIVE AWAY,,,,"OVER $1,500",08/30/2025 11:45:00 PM,UNABLE TO DETERMINE,UNABLE TO DETERMINE,1200,S,LAKE SHORE DR NB,132,,,,,,,2,NO INDICATION OF INJURY,0,0,0,0,0,2,0,23,7,8,41.8674842272,-87.6191503834,POINT (-87.619150383382 41.867484227164)
0436ee7877c1def9ec205a09896292f2e5802768baaac001b2636fe17b4d89b9a781c2b06f09506ea36685a45ad1ed7474a34231e8d5413687cf09bfd43d5bf8,,08/30/2025 11:30:00 PM,30,TRAFFIC SIGNAL,FUNCTIONING PROPERLY,CLEAR,"DARKNESS, LIGHTED ROAD",SIDESWIPE SAME DIRECTION,ONE-WAY,,STRAIGHT AND LEVEL,DRY,UNKNOWN,NOT ON SCENE (DESK REPORT),NO INJURY / DRIVE AWAY,,,,"$501 - $1,500",08/31/2025 12:30:00 AM,UNABLE TO DETERMINE,UNABLE TO DETERMINE,580,E,GRAND AVE,1834,,,,,,,2,NO INDICATION OF INJURY,0,0,0,0,0,2,0,23,7,8,41.8920725472,-87.6118929556,POINT (-87.611892955578 41.892072547175)
3750ab5ae07784cf26dc5e76efcbbdd7e8cee0a974f9c9c4680650a7722b0779649fd557c6770d1766eaca6f57be78418d35e3aeab130b6f044d0c54cb6a95f9,,08/30/2025 11:30:00 PM,30,NO CONTROLS,NO CONTROLS,CLEAR,"DARKNESS, LIGHTED ROAD",PARKED MOTOR VEHICLE,ONE-WAY,,STRAIGHT AND LEVEL,DRY,NO DEFECTS,NOT ON SCENE (DESK REPORT),NO INJURY / DRIVE AWAY,,,Y,"$501 - $1,500",08/31/2025 12:00:00 PM,IMPROPER LANE USAGE,UNABLE TO DETERMINE,2370,W,CHASE AVE,2411,,,,,,,2,NO INDICATION OF INJURY,0,0,0,0,0,1,0,23,7,8,42.0142140921,-87.6901626649,POINT (-87.690162664884 42.014214092074)
3a81c66c334740052746f0164faea657b2d5fec086dee21f178517c7c361778e31d61cd96e8d398301afa32f6b16521fac8352bd1502b3e41b934e2fb94065d0,,08/30/2025 11:30:00 PM,30,NO CONTROLS,NO CONTROLS,CLEAR,"DARKNESS, LIGHTED ROAD",PARKED MOTOR VEHICLE,DIVIDED - W/MEDIAN (NOT RAISED),,STRAIGHT AND LEVEL,DRY,NO DEFECTS,NOT ON SCENE (DESK REPORT),NO INJURY / DRIVE AWAY,,,Y,"OVER $1,500",08/31/2025 12:50:00 AM,NOT APPLICABLE,NOT APPLICABLE,208,S,WESTERN AVE,1125,,,,,,,2,NO INDICATION OF INJURY,0,0,0,0,0,1,0,23,7,8,41.8782472567,-87.6865032426,POINT (-87.686503242567 41.878247256692)
7d1fabfececfb995e8a2b54c2c46b738269bdea0bc2e8c1212c05f6adf38969434f722c6533ba40d63f96e7be658e6a4e3d95ce90f4e3f8250b7a1a814cc11b1,,08/30/2025 11:30:00 PM,25,NO CONTROLS,NO CONTROLS,CLEAR,"DARKNESS, LIGHTED ROAD",ANGLE,NOT DIVIDED,,STRAIGHT AND LEVEL,DRY,UNKNOWN,NOT ON SCENE (DESK REPORT),NO INJURY / DRIVE AWAY,,,,"$501 - $1,500",08/31/2025 11:00:00 AM,UNABLE TO DETERMINE,UNABLE TO DETERMINE,23,W,KINZIE ST,1831,,,,,,,2,NO INDICATION OF INJURY,0,0,0,0,0,4,0,23,7,8,41.8891306124,-87.6290098662,POINT (-87.629009866158 41.889130612422)
dfecbb0f459e8aa0fa9859eabc83002fe6e1e57e25b4508e4b189fb949748bcfb700658a44126a816554c64935f9d6cf9e98088c7776b5de6f32b8ca80f7bc75,,08/30/2025 11:30:00 PM,30,TRAFFIC SIGNAL,UNKNOWN,CLEAR,"DARKNESS, LIGHTED ROAD",ANGLE,FOUR WAY,,STRAIGHT AND LEVEL,UNKNOWN,UNKNOWN,ON SCENE,NO INJURY / DRIVE AWAY,Y,,Y,"OVER $1,500",08/31/2025 12:40:00 AM,DISREGARDING TRAFFIC SIGNALS,DISREGARDING TRAFFIC SIGNALS,505,N,STREETER DR,1834,,,,,,,2,NO INDICATION OF INJURY,0,0,0,0,0,2,0,23,7,8,41.8903990518,-87.6108876398,POINT (-87.610887639838 41.890399051752)
4f37a093e79e6cd0efb845515da44953a4d80ac63c131747b365cb8a3a094e5dab840eca94eaa21e57c3b1bbf9f93cb86fb37eec08c0a8c1916fd307563d1c3b,,08/30/2025 11:28:00 PM,30,NO CONTROLS,NO CONTROLS,CLEAR,"DARKNESS, LIGHTED ROAD",SIDESWIPE SAME DIRECTION,ALLEY,,STRAIGHT AND LEVEL,DRY,NO DEFECTS,NOT ON SCENE (DESK REPORT),NO INJURY / DRIVE AWAY,,,,"OVER $1,500",08/31/2025 12:00:00 AM,UNABLE TO DETERMINE,NOT APPLICABLE,6315,S,PULASKI RD,823,,,,,,,2,NO INDICATION OF INJURY,0,0,0,0,0,2,0,23,7,8,41.7781510352,-87.7226001363,POINT (-87.722600136312 41.778151035201)
a9a75a28a2ad05385e5f35da2e806660d162281520077e7543ecd93353ef1ecf8d489e0ab4be44157d85c10972f5411b992e8494c2f48fccdd7113bbf556b00f,,08/30/2025 11:27:00 PM,30,NO CONTROLS,NO CONTROLS,CLEAR,DARKNESS,PARKED MOTOR VEHICLE,OTHER,,STRAIGHT AND LEVEL,DRY,UNKNOWN,NOT ON SCENE (DESK REPORT),NO INJURY / DRIVE AWAY,,,Y,"OVER $1,500",08/31/2025 01:30:00 AM,UNABLE TO DETERMINE,UNABLE TO DETERMINE,7418,S,DR MARTIN LUTHER KING JR DR,323,,,,,,,2,NO INDICATION OF INJURY,0,0,0,0,0,1,0,23,7,8,41.7596308909,-87.6152970969,POINT (-87.615297096856 41.75963089087)
28008b8d9d745c33d8047c2486afb877893546ddec5f8a2b6ff87618cd19d84c7d1a91da2a48d7ac51667990359bce6b6e92a0f8205cd5962bde1007ee7efa27,,08/30/2025 11:01:00 PM,30,TRAFFIC SIGNAL,FUNCTIONING PROPERLY,CLEAR,"DARKNESS, LIGHTED ROAD",TURNING,FOUR WAY,,STRAIGHT AND LEVEL,DRY,UNKNOWN,ON SCENE,INJURY AND / OR TOW DUE TO CRASH,Y,,,"OVER $1,500",08/30/2025 11:04:00 PM,DISREGARDING TRAFFIC SIGNALS,NOT APPLICABLE,35,S,MICHIGAN AVE,114,,,,,,,2,NONINCAPACITATING INJURY,3,0,0,1,2,2,0,23,7,8,41.8812298517,-87.6241952544,POINT (-87.624195254355 41.881229851733)
7a653fab173469bcde67b22de61dfac21bd8aa1443010e373825b6286bc329d5cf2c9e136a67f03b2167a7e7a47b58ed935e1d75bb20a803b14123f1795cacce,,08/30/2025 10:56:00 PM,30,TRAFFIC SIGNAL,NO CONTROLS,CLEAR,"DARKNESS, LIGHTED ROAD",TURNING,NOT DIVIDED,,STRAIGHT AND LEVEL,DRY,NO DEFECTS,NOT ON SCENE (DESK REPORT),NO INJURY / DRIVE AWAY,,,Y,"OVER $1,500",08/31/2025 08:25:00 AM,UNABLE TO DETERMINE,NOT APPLICABLE,3200,W,GRAND AVE,1121,,,,,,,2,NO INDICATION OF INJURY,0,0,0,0,0,2,0,22,7,8,41.8984231223,-87.706616405,POINT (-87.706616405026 41.898423122275)
8d5cc6517f5d5de3b238682e2d4cd47aa81a3c8bb6c2f8a07ff7cd01806c076d2e1032974da94444a7af211855d3595fdce84b42bab3819a0c52865c1e72ad16,,08/30/2025 10:54:00 PM,30,NO CONTROLS,NO CONTROLS,CLEAR,"DARKNESS, LIGHTED ROAD",ANGLE,NOT DIVIDED,,STRAIGHT AND LEVEL,DRY,UNKNOWN,NOT ON SCENE (DESK REPORT),NO INJURY / DRIVE AWAY,,,Y,"$501 - $1,500",08/31/2025 12:01:00 AM,IMPROPER OVERTAKING/PASSING,IMPROPER OVERTAKING/PASSING,3201,S,DAMEN AVE,912,,,,,,,2,NO INDICATION OF INJURY,0,0,0,0,0,2,0,22,7,8,41.8357745574,-87.6752715158,POINT (-87.675271515828 41.835774557393)
9c884d73c2aaa8ee6f2319ec7b1ca574514e35a79fa7f86874cc35bfde7dfeca9122cae70aabe3ee9a0e11e557f7ebd2abbd42a1f0072466ac4d7cf34c4a1e3e,Y,08/30/2025 10:45:00 PM,25,UNKNOWN,UNKNOWN,UNKNOWN,UNKNOWN,PARKED MOTOR VEHICLE,UNKNOWN,,STRAIGHT AND LEVEL,UNKNOWN,UNKNOWN,NOT ON SCENE (DESK REPORT),NO INJURY / DRIVE AWAY,,,Y,"OVER $1,500",08/31/2025 03:57:00 PM,UNABLE TO DETERMINE,NOT APPLICABLE,3724,N,PAGE AVE,1631,,,,,,,2,NO INDICATION OF INJURY,0,0,0,0,0,1,0,22,7,8,41.9475762854,-87.8280860759,POINT (-87.828086075858 41.947576285378)
8c67eb0f595ffd501909938f48dc326242dedf24f572a2702875d19da9a87b2b869c25e2ff3c74460a20ec3b34ea70db2e90fa78306be10e90c46c04faf0d137,,08/30/2025 10:30:00 PM,30,NO CONTROLS,NO CONTROLS,CLEAR,"DARKNESS, LIGHTED ROAD",PARKED MOTOR VEHICLE,NOT DIVIDED,,STRAIGHT AND LEVEL,DRY,NO DEFECTS,ON SCENE,INJURY AND / OR TOW DUE TO CRASH,,,,"OVER $1,500",08/30/2025 11:50:00 PM,FAILING TO REDUCE SPEED TO AVOID CRASH,NOT APPLICABLE,6623,S,KOSTNER AVE,833,,,,,,,4,"REPORTED, NOT EVIDENT",1,0,0,0,1,0,0,22,7,8,41.7723711918,-87.732210151,POINT (-87.732210151004 41.772371191821)
79bbf955151b73126a80d3d509fe60c5b17a7e98b70ac21a3ec5d8a750ea2e1b0dc6ef0bfb37c803a46c446da01c8f5fcfcfc8dce8e123a5567188694c8648d9,,08/30/2025 10:18:00 PM,30,TRAFFIC SIGNAL,FUNCTIONING PROPERLY,CLEAR,"DARKNESS, LIGHTED ROAD",ANGLE,NOT DIVIDED,,STRAIGHT AND LEVEL,DRY,UNKNOWN,ON SCENE,INJURY AND / OR TOW DUE TO CRASH,Y,,Y,"OVER $1,500",08/30/2025 10:22:00 PM,UNABLE TO DETERMINE,UNABLE TO DETERMINE,2880,W,CERMAK RD,1023,,,,,,,2,NONINCAPACITATING INJURY,2,0,0,2,0,1,0,22,7,8,41.8519640291,-87.6988296639,POINT (-87.698829663895 41.851964029125)
b7d8e8376f4846c613fc6712e1ef813895bc85d164a99d8075cf59331be41827cb1194685220f61e24e864d8876092a038db3d55346145d24785f67ae8ef8ec1,,08/30/2025 10:07:00 PM,30,STOP SIGN/FLASHER,FUNCTIONING PROPERLY,CLEAR,"DARKNESS, LIGHTED ROAD",REAR END,NOT DIVIDED,,STRAIGHT AND LEVEL,DRY,NO DEFECTS,NOT ON SCENE (DESK REPORT),INJURY AND / OR TOW DUE TO CRASH,,,,"OVER $1,500",08/30/2025 10:40:00 PM,FOLLOWING TOO CLOSELY,FAILING TO REDUCE SPEED TO AVOID CRASH,310,N,GREEN ST,1214,,,,,,,2,NONINCAPACITATING INJURY,1,0,0,1,0,2,0,22,7,8,41.8871920566,-87.6488280726,POINT (-87.648828072646 41.887192056643)
9778c21c3a28d242995e5717af327ea63b495a2b984c4c1436edbc3c39ef55e0eb94984f211641ca353abfa9288f40d98f1b7b624aebce7b045ee10440d99a96,,08/30/2025 10:05:00 PM,45,NO CONTROLS,NO CONTROLS,CLEAR,"DARKNESS, LIGHTED ROAD",SIDESWIPE SAME DIRECTION,DIVIDED - W/MEDIAN BARRIER,,STRAIGHT AND LEVEL,DRY,NO DEFECTS,ON SCENE,INJURY AND / OR TOW DUE TO CRASH,,,,"OVER $1,500",08/30/2025 11:35:00 PM,UNABLE TO DETERMINE,NOT APPLICABLE,2398,N,LAKE SHORE DR SB,1814,,,,,,,2,NO INDICATION OF INJURY,0,0,0,0,0,6,0,22,7,8,41.9259981814,-87.6314627955,POINT (-87.631462795453 41.925998181424)
c0a8ba3fe19cbed430ed4206dae59eec120df0d6aea1da6b200ca87eaaff27f291798bb5930b503f174cbc2cee30993d964d2c7a9abc51da94adbae126e808a8,,08/30/2025 10:00:00 PM,30,NO CONTROLS,NO CONTROLS,CLEAR,"DARKNESS, LIGHTED ROAD",SIDESWIPE SAME DIRECTION,DIVIDED - W/MEDIAN BARRIER,,STRAIGHT AND LEVEL,DRY,NO DEFECTS,NOT ON SCENE (DESK REPORT),NO INJURY / DRIVE AWAY,,,Y,"$501 - $1,500",08/30/2025 11:00:00 PM,UNABLE TO DETERMINE,UNABLE TO DETERMINE,400,E,LOWER WACKER DR,114,,,,,,,2,NO INDICATION OF INJURY,0,0,0,0,0,2,0,22,7,8,41.8875511317,-87.6173560083,POINT (-87.617356008287 41.8875511317)
ecd8498ebbb61b673bd44b375fce684adb7121404bb2fa2bbd674ba087276975071842e2119269c3fab5f5d4dab28530cfd6b31f6d2915513f28d048af13daa6,,08/30/2025 10:00:00 PM,30,NO CONTROLS,NO CONTROLS,CLEAR,DARKNESS,SIDESWIPE SAME DIRECTION,ONE-WAY,,STRAIGHT AND LEVEL,DRY,UNKNOWN,NOT ON SCENE (DESK REPORT),NO INJURY / DRIVE AWAY,,,N,$500 OR LESS,08/31/2025 08:00:00 AM,IMPROPER OVERTAKING/PASSING,NOT APPLICABLE,162,E,SUPERIOR ST,1833,,,,,,,2,NO INDICATION OF INJURY,0,0,0,0,0,3,0,22,7,8,41.8958638336,-87.6231742082,POINT (-87.623174208195 41.895863833634)
f985e26a43dc2ba52cdcadb524521647a6b909b6f3e582e59bf610d8034391d54cb5733c9c02dfeeb48bfa7d40364d02f4b01d73ab3c7618e28a990519be8dec,,08/30/2025 10:00:00 PM,30,TRAFFIC SIGNAL,FUNCTIONING PROPERLY,CLEAR,"DARKNESS, LIGHTED ROAD",ANGLE,FOUR WAY,,STRAIGHT AND LEVEL,DRY,NO DEFECTS,NOT ON SCENE (DESK REPORT),NO INJURY / DRIVE AWAY,Y,,,"$501 - $1,500",08/30/2025 11:47:00 PM,FAILING TO YIELD RIGHT-OF-WAY,FAILING TO YIELD RIGHT-OF-WAY,435,N,HALSTED ST,1214,,,,,,,2,NO INDICATION OF INJURY,0,0,0,0,0,2,0,22,7,8,41.8900733006,-87.6474623508,POINT (-87.647462350782 41.890073300607)
071fe25d4d3a1c1a2cc86eecb564d8aace8814d7b92c2bdd5e0fb641ed26555c72324f0a284e10a5b55f203e01649ab1f74784b0a67d35730326c1721013127f,,08/30/2025 09:50:00 PM,30,TRAFFIC SIGNAL,FUNCTIONING PROPERLY,CLEAR,"DARKNESS, LIGHTED ROAD",REAR END,NOT DIVIDED,,STRAIGHT AND LEVEL,DRY,UNKNOWN,NOT ON SCENE (DESK REPORT),NO INJURY / DRIVE AWAY,,,,"$501 - $1,500",08/30/2025 11:25:00 PM,UNABLE TO DETERMINE,UNABLE TO DETERMINE,5701,N,BROADWAY,2022,,,,,,,2,NO INDICATION OF INJURY,0,0,0,0,0,2,0,21,7,8,41.9854791879,-87.6599788425,POINT (-87.659978842493 41.985479187915)
6eb6e69b521197a4213d539a520cabc3797fcfdc9d0ae2ee04ce93858281b87eaae8ba42747c4fe527bcf509f0987f3b3010d395e8d10527bbf732d9c206aeb1,,08/30/2025 09:40:00 PM,30,NO CONTROLS,NO CONTROLS,UNKNOWN,UNKNOWN,ANGLE,UNKNOWN,,STRAIGHT AND LEVEL,UNKNOWN,UNKNOWN,ON SCENE,NO INJURY / DRIVE AWAY,,,,"OVER $1,500",08/30/2025 09:45:00 PM,UNABLE TO DETERMINE,NOT APPLICABLE,8700,S,SANGAMON ST,2222,,,,,,,2,NO INDICATION OF INJURY,0,0,0,0,0,2,0,21,7,8,41.7359301214,-87.6474289592,POINT (-87.647428959217 41.735930121441)
4817ee7e87b62a5394ff577359ae9998fb67272cdba7a1cba9eea86f302d5a6743067acfb802588b3765e79418fa90ce36cc2968e8d3943b0901f6485db83eec,,08/30/2025 09:37:00 PM,30,TRAFFIC SIGNAL,FUNCTIONING PROPERLY,CLEAR,"DARKNESS, LIGHTED ROAD",ANGLE,FOUR WAY,,STRAIGHT AND LEVEL,DRY,NO DEFECTS,ON SCENE,INJURY AND / OR TOW DUE TO CRASH,Y,,Y,"OVER $1,500",08/30/2025 09:53:00 PM,IMPROPER TURNING/NO SIGNAL,NOT APPLICABLE,1000,N,HOMAN AVE,1121,,,,,,,2,"REPORTED, NOT EVIDENT",3,0,0,0,3,1,0,21,7,8,41.8991774902,-87.7117041061,POINT (-87.711704106087 41.899177490211)
b71b852a2c4e6f31972c16a89f1e67a44341ee45addc36414565ea6f7c5cd7bbe43c9ad4d6cc057cc78512c6410de464c167f7d57cb843328b031ce2bdd95e2e,,08/30/2025 09:35:00 PM,35,UNKNOWN,UNKNOWN,UNKNOWN,UNKNOWN,TURNING,DIVIDED - W/MEDIAN BARRIER,,STRAIGHT AND LEVEL,UNKNOWN,UNKNOWN,ON SCENE,NO INJURY / DRIVE AWAY,Y,,Y,"OVER $1,500",08/30/2025 09:52:00 PM,UNABLE TO DETERMINE,NOT APPLICABLE,6300,S,COAST GUARD DR,331,,,,,,,2,NO INDICATION OF INJURY,0,0,0,0,0,5,0,21,7,8,41.7796807607,-87.575066734,POINT (-87.575066733953 41.77968076067)