CRASH_RECORD_ID,CRASH_DATE_EST_I,CRASH_DATE,POSTED_SPEED_LIMIT,TRAFFIC_CONTROL_DEVICE,DEVICE_CONDITION,WEATHER_CONDITION,LIGHTING_CONDITION,FIRST_CRASH_TYPE,TRAFFICWAY_TYPE,LANE_CNT,ALIGNMENT,ROADWAY_SURFACE_COND,ROAD_DEFECT,REPORT_TYPE,CRASH_TYPE,INTERSECTION_RELATED_I,NOT_RIGHT_OF_WAY_I,HIT_AND_RUN_I,DAMAGE,DATE_POLICE_NOTIFIED,PRIM_CONTRIBUTORY_CAUSE,SEC_CONTRIBUTORY_CAUSE,STREET_NO,STREET_DIRECTION,STREET_NAME,BEAT_OF_OCCURRENCE,PHOTOS_TAKEN_I,STATEMENTS_TAKEN_I,DOORING_I,WORK_ZONE_I,WORK_ZONE_TYPE,WORKERS_PRESENT_I,NUM_UNITS,MOST_SEVERE_INJURY,INJURIES_TOTAL,INJURIES_FATAL,INJURIES_INCAPACITATING,INJURIES_NON_INCAPACITATING,INJURIES_REPORTED_NOT_EVIDENT,INJURIES_NO_INDICATION,INJURIES_UNKNOWN,CRASH_HOUR,CRASH_DAY_OF_WEEK,CRASH_MONTH,LATITUDE,LONGITUDE,LOCATION
ceaf9c5c1fc4c4e4c135eca5f6fba7d152cf5e8f4e367cf1b9134d1d7ef031bfc0b9db85ac399106cac22ed9607f45b18710d914f78874c811207dfe0c2b1066,,08/30/2025 09:35:00 PM,30,TRAFFIC SIGNAL,FUNCTIONING PROPERLY,CLEAR,"DARKNESS, LIGHTED ROAD",REAR END,RAMP,,STRAIGHT AND LEVEL,DRY,UNKNOWN,NOT ON SCENE (DESK REPORT),NO INJURY / DRIVE AWAY,,,Y,"OVER $1,500",08/30/2025 09:40:00 PM,UNABLE TO DETERMINE,NOT APPLICABLE,9462,S,LAFAYETTE AVE,634,Y,,,,,,3,NO INDICATION OF INJURY,0,0,0,0,0,4,0,21,7,8,41.7217101993,-87.625182231,POINT (-87.625182230963 41.721710199316)
13035e20f5fbb942c4cf85c0c7498b1f43879cb629e952cfa36af248bd6fea4c5260257504cb33a01ea27a0be73106f280279dcc401dd63dcc90fb55ce082c3d,,08/30/2025 09:30:00 PM,30,NO CONTROLS,NO CONTROLS,CLEAR,"DARKNESS, LIGHTED ROAD",PARKED MOTOR VEHICLE,DIVIDED - W/MEDIAN (NOT RAISED),,STRAIGHT AND LEVEL,DRY,NO DEFECTS,NOT ON SCENE (DESK REPORT),NO INJURY / DRIVE AWAY,,,,"OVER $1,500",08/30/2025 11:30:00 PM,IMPROPER OVERTAKING/PASSING,NOT APPLICABLE,2227,S,WENTWORTH AVE,914,,,,,,,2,NO INDICATION OF INJURY,0,0,0,0,0,3,0,21,7,8,41.8520766696,-87.6318494184,POINT (-87.631849418409 41.852076669646)
18e3afe457a62c2e33c94e2dc71f106fd5763198db9de9bff6bf908b84d3e46b6efa8d9bd91215f8ead3bdab5dddacf9aba0eb877882621c2b408e8c22d2edb3,,08/30/2025 09:30:00 PM,30,TRAFFIC SIGNAL,UNKNOWN,CLEAR,"DARKNESS, LIGHTED ROAD",TURNING,"FIVE POINT, OR MORE",,STRAIGHT AND LEVEL,DRY,UNKNOWN,NOT ON SCENE (DESK REPORT),INJURY AND / OR TOW DUE TO CRASH,,,,"OVER $1,500",08/30/2025 09:35:00 PM,UNABLE TO DETERMINE,UNABLE TO DETERMINE,4001,N,CICERO AVE,1722,,,,,,,2,NONINCAPACITATING INJURY,2,0,0,2,0,1,0,21,7,8,41.9534702238,-87.7471574055,POINT (-87.747157405456 41.953470223833)
5e0f736e2a5542f175aabe1583eda8f2981a9004aacc252ac9460e94082cb048e073c2664a9392700e2bc06f36e801f28812c528ff9c0058330ad4d4f3569468,,08/30/2025 09:23:00 PM,30,NO CONTROLS,UNKNOWN,CLEAR,"DARKNESS, LIGHTED ROAD",REAR END,ONE-WAY,,STRAIGHT AND LEVEL,DRY,UNKNOWN,NOT ON SCENE (DESK REPORT),NO INJURY / DRIVE AWAY,,,,$500 OR LESS,08/30/2025 09:24:00 PM,FAILING TO REDUCE SPEED TO AVOID CRASH,NOT APPLICABLE,642,N,CLARK ST,1832,,,,,,,2,NO INDICATION OF INJURY,0,0,0,0,0,2,0,21,7,8,41.8937003274,-87.6313256186,POINT (-87.631325618612 41.893700327407)
9697e46e3b89b237e420f781f034047c84c5bbb1e4e1cfa50afb0afe950ded7ca40afc37fac4e53515388b78bdcecdc365c27de3eee10a3fb34c6071e6e2fae9,,08/30/2025 09:10:00 PM,20,STOP SIGN/FLASHER,UNKNOWN,CLEAR,"DARKNESS, LIGHTED ROAD",REAR END,NOT DIVIDED,,STRAIGHT AND LEVEL,DRY,UNKNOWN,ON SCENE,NO INJURY / DRIVE AWAY,,,Y,"OVER $1,500",08/30/2025 09:13:00 PM,FOLLOWING TOO CLOSELY,FAILING TO REDUCE SPEED TO AVOID CRASH,1801,W,GRACE ST,1922,,,,,,,2,NO INDICATION OF INJURY,0,0,0,0,0,3,0,21,7,8,41.9504622479,-87.6742135958,POINT (-87.674213595753 41.950462247861)
62650d533d8b6b07f745ef2bd7c7476608e52681d926a5bc34428e6954dede2f245221b4d680649fa9d91a96179cfaf3b000ed770d4c84b0a49d85e62b76ac00,,08/30/2025 09:00:00 PM,30,UNKNOWN,UNKNOWN,CLEAR,DARKNESS,TURNING,PARKING LOT,,STRAIGHT AND LEVEL,DRY,UNKNOWN,NOT ON SCENE (DESK REPORT),INJURY AND / OR TOW DUE TO CRASH,,,,"OVER $1,500",08/30/2025 11:30:00 PM,UNABLE TO DETERMINE,UNABLE TO DETERMINE,8510,S,ASHLAND AVE,614,,,,,,,2,NO INDICATION OF INJURY,0,0,0,0,0,4,0,21,7,8,41.7390568619,-87.6632941548,POINT (-87.663294154835 41.73905686195)
66c482df4332c3d592785af685015431d479223b47003e015fdb1c7e587d8e067c0f0de96d6e014f10490714a35cd1730df8649e16d2e6dd105f609fefdc2f5d,,08/30/2025 09:00:00 PM,30,STOP SIGN/FLASHER,NO CONTROLS,CLEAR,"DARKNESS, LIGHTED ROAD",ANGLE,NOT DIVIDED,,STRAIGHT AND LEVEL,DRY,NO DEFECTS,NOT ON SCENE (DESK REPORT),INJURY AND / OR TOW DUE TO CRASH,,,,"OVER $1,500",08/30/2025 11:00:00 PM,UNABLE TO DETERMINE,NOT APPLICABLE,6600,S,ST LOUIS AVE,831,,,,,,,4,"REPORTED, NOT EVIDENT",1,0,0,0,1,4,0,21,7,8,41.773348445,-87.7104249273,POINT (-87.710424927325 41.773348444955)
90558b318b52780ce3b67419288b648ec0d0d53123c2a0f7a740b52b96796618b5bf4c29475e9ac1d8fd13d3c2aec45088d8bcd3d34902daec0980612eae1816,,08/30/2025 09:00:00 PM,30,NO CONTROLS,NO CONTROLS,CLEAR,"DARKNESS, LIGHTED ROAD",SIDESWIPE SAME DIRECTION,NOT DIVIDED,,STRAIGHT AND LEVEL,DRY,NO DEFECTS,NOT ON SCENE (DESK REPORT),NO INJURY / DRIVE AWAY,,,,"$501 - $1,500",08/30/2025 09:15:00 PM,NOT APPLICABLE,NOT APPLICABLE,5801,S,ELLIS AVE,235,,,,,,,2,NO INDICATION OF INJURY,0,0,0,0,0,2,0,21,7,8,41.789542093,-87.601115068,POINT (-87.601115067998 41.78954209303)
da62395bf5ccd6e3d09b8663d244da334c2a3a62a9d93bf639cbdcd3e7368fe7652d3c2ab982d253599b9fd0f830533b877f7f34eb5425c4da37285d4830cac5,,08/30/2025 09:00:00 PM,30,NO CONTROLS,NO CONTROLS,CLEAR,"DARKNESS, LIGHTED ROAD",SIDESWIPE SAME DIRECTION,DIVIDED - W/MEDIAN (NOT RAISED),,STRAIGHT AND LEVEL,DRY,UNKNOWN,NOT ON SCENE (DESK REPORT),NO INJURY / DRIVE AWAY,,,Y,"$501 - $1,500",08/30/2025 09:30:00 PM,UNABLE TO DETERMINE,UNABLE TO DETERMINE,523,W,ARMITAGE AVE,1813,,,,,,,2,NO INDICATION OF INJURY,0,0,0,0,0,2,0,21,7,8,41.9181629376,-87.6422247783,POINT (-87.642224778318 41.918162937583)
33e1004dabeeed8e8ac41aaa4c37682b98863fe13883ea0ab122827106c60cebde488075d3e94f1a9b1204f6e749a0a5b4d022080cc1d654fa67da0eec9bb1ef,,08/30/2025 08:57:00 PM,45,NO CONTROLS,NO CONTROLS,CLEAR,"DARKNESS, LIGHTED ROAD",SIDESWIPE SAME DIRECTION,DIVIDED - W/MEDIAN BARRIER,,STRAIGHT AND LEVEL,DRY,NO DEFECTS,NOT ON SCENE (DESK REPORT),NO INJURY / DRIVE AWAY,,,Y,"OVER $1,500",08/30/2025 11:40:00 PM,IMPROPER TURNING/NO SIGNAL,"OPERATING VEHICLE IN ERRATIC, RECKLESS, CARELESS, NEGLIGENT OR AGGRESSIVE MANNER",1420,N,LAKE SHORE DR,1824,,,,,,,2,NO INDICATION OF INJURY,0,0,0,0,0,2,0,20,7,8,41.9084502639,-87.626068134,POINT (-87.626068133978 41.908450263944)
74ac09264907abc4e288ed9978586a2256443010e8898ce33677588561197ca48da1f570c2f68e8aede90023184210a7362195144151968c7b27455487c09036,,08/30/2025 08:49:00 PM,30,NO CONTROLS,NO CONTROLS,CLEAR,"DARKNESS, LIGHTED ROAD",TURNING,NOT DIVIDED,,STRAIGHT AND LEVEL,DRY,UNKNOWN,ON SCENE,INJURY AND / OR TOW DUE TO CRASH,,,,"OVER $1,500",08/30/2025 08:58:00 PM,UNABLE TO DETERMINE,UNABLE TO DETERMINE,4841,S,CALIFORNIA AVE,922,,,,,,,2,"REPORTED, NOT EVIDENT",2,0,0,0,2,1,0,20,7,8,41.8052215735,-87.6939706365,POINT (-87.693970636543 41.805221573518)
e0d18c90ffff01ad08488a18215a4b3e585cbcb74b04113c2c7187b78005007069c0a66f18a456dd690fbf413ea66337ef4ebc662313558bfbe0b82479120287,,08/30/2025 08:49:00 PM,30,NO CONTROLS,NO CONTROLS,CLEAR,"DARKNESS, LIGHTED ROAD",PARKED MOTOR VEHICLE,OTHER,,STRAIGHT AND LEVEL,DRY,NO DEFECTS,ON SCENE,NO INJURY / DRIVE AWAY,,,,"$501 - $1,500",08/30/2025 08:50:00 PM,IMPROPER BACKING,NOT APPLICABLE,2125,W,68TH PL,726,,,,,,,2,NO INDICATION OF INJURY,0,0,0,0,0,2,0,20,7,8,41.7692005573,-87.6771168454,POINT (-87.677116845358 41.769200557255)
3b30d22ffc0e826bf0171542f6100f27606e7f325d38393490a52363f8fba8465ca740266b4abdd9360298ab93adfedd2dcbc219cd759e90fee9c4f1e25670b2,,08/30/2025 08:45:00 PM,35,NO CONTROLS,NO CONTROLS,CLEAR,"DARKNESS, LIGHTED ROAD",SIDESWIPE SAME DIRECTION,NOT DIVIDED,,STRAIGHT AND LEVEL,DRY,NO DEFECTS,NOT ON SCENE (DESK REPORT),NO INJURY / DRIVE AWAY,,,,"OVER $1,500",08/30/2025 09:30:00 PM,UNABLE TO DETERMINE,NOT APPLICABLE,3162,W,LAWRENCE AVE,1713,,,,,,,2,NO INDICATION OF INJURY,0,0,0,0,0,2,0,20,7,8,41.9685628771,-87.7084145373,POINT (-87.708414537323 41.968562877062)
6dabf83be1f368aed9cd07875840838bde9e39fe8ceb793c9cc1834677caf306417933076fd645f4b1410c6ce150e38e77d2c5e8ae64af6b4f756e0dc0746399,,08/30/2025 08:45:00 PM,30,TRAFFIC SIGNAL,FUNCTIONING PROPERLY,CLEAR,"DARKNESS, LIGHTED ROAD",REAR END,NOT DIVIDED,,STRAIGHT AND LEVEL,DRY,NO DEFECTS,NOT ON SCENE (DESK REPORT),INJURY AND / OR TOW DUE TO CRASH,,,,"OVER $1,500",08/30/2025 09:30:00 PM,UNABLE TO DETERMINE,NOT APPLICABLE,6364,W,BRYN MAWR AVE,1622,,,,,,,2,NONINCAPACITATING INJURY,1,0,0,1,0,3,0,20,7,8,41.9830079922,-87.7876725093,POINT (-87.787672509308 41.983007992184)
2f8746f4050803261ff4d3868a0fb77a2b6522ec1597591fb1d419de4aeaf9d5bd496afd0acbed85108a14dd28ac7f980163257a2d4743b979f1d8436686c24f,,08/30/2025 08:30:00 PM,30,TRAFFIC SIGNAL,FUNCTIONING PROPERLY,CLEAR,"DARKNESS, LIGHTED ROAD",SIDESWIPE SAME DIRECTION,NOT DIVIDED,,STRAIGHT AND LEVEL,DRY,NO DEFECTS,NOT ON SCENE (DESK REPORT),NO INJURY / DRIVE AWAY,,,Y,"OVER $1,500",08/30/2025 10:56:00 PM,IMPROPER OVERTAKING/PASSING,IMPROPER OVERTAKING/PASSING,221,N,COLUMBUS DR,114,,,,,,,2,NO INDICATION OF INJURY,0,0,0,0,0,2,0,20,7,8,41.8863125143,-87.6205417699,POINT (-87.620541769872 41.886312514284)
e62ea257d665eac65c1946e9e4ed414762a7b28d040b35a59aa3e4df4e99a67abc0effa3d26678ba7590b3a0292887670033d4c9d2ede9b669c651e19de5b30c,,08/30/2025 08:30:00 PM,30,TRAFFIC SIGNAL,FUNCTIONING PROPERLY,UNKNOWN,"DARKNESS, LIGHTED ROAD",ANGLE,NOT DIVIDED,,STRAIGHT AND LEVEL,UNKNOWN,UNKNOWN,NOT ON SCENE (DESK REPORT),NO INJURY / DRIVE AWAY,,,Y,"OVER $1,500",08/31/2025 09:30:00 AM,UNABLE TO DETERMINE,NOT APPLICABLE,5700,N,BROADWAY,2013,,,,,,,2,NO INDICATION OF INJURY,0,0,0,0,0,2,0,20,7,8,41.9856850318,-87.660278542,POINT (-87.660278541966 41.985685031815)
a2cf097d5269ea7bab77a8fd5aed466af72d4d725e691d984aea14a867757ed98b0051a476a6a39c8c493041544de238a930f3eecbfb3cbda0fe844555c8945b,,08/30/2025 08:10:00 PM,30,NO CONTROLS,NO CONTROLS,CLEAR,DAYLIGHT,TURNING,NOT DIVIDED,,STRAIGHT AND LEVEL,DRY,NO DEFECTS,ON SCENE,INJURY AND / OR TOW DUE TO CRASH,,,,"OVER $1,500",08/30/2025 08:20:00 PM,IMPROPER OVERTAKING/PASSING,UNABLE TO DETERMINE,745,S,CENTRAL PARK AVE,1133,,,,,,,2,"REPORTED, NOT EVIDENT",2,0,0,0,2,0,0,20,7,8,41.8713280322,-87.7154264413,POINT (-87.715426441303 41.871328032152)
db45427f5d68002f09def9bb9c5091dcbf5b664f39116fdc9419bfe36dfa38bd8823fb9c5359219a675a4dfeb1b95fdb5d20469ffabc3393baece0a42966e43e,,08/30/2025 08:10:00 PM,30,TRAFFIC SIGNAL,FUNCTIONING PROPERLY,CLEAR,DARKNESS,REAR END,NOT DIVIDED,,STRAIGHT AND LEVEL,DRY,NO DEFECTS,NOT ON SCENE (DESK REPORT),NO INJURY / DRIVE AWAY,,,Y,"OVER $1,500",08/30/2025 08:45:00 PM,UNABLE TO DETERMINE,UNABLE TO DETERMINE,120,W,PERSHING RD,213,,,,,,,2,NO INDICATION OF INJURY,0,0,0,0,0,2,0,20,7,8,41.8237819257,-87.6296251881,POINT (-87.629625188082 41.823781925657)
4b695edb7083ab7af2d198a02c15ea2997693ae59070cbb1186a278a502fde0ed1611c4ff6fa965ed9270d7832f7ca1446f39fec520681e57589e1d7b3eea89d,,08/30/2025 08:05:00 PM,35,TRAFFIC SIGNAL,FUNCTIONING PROPERLY,CLEAR,"DARKNESS, LIGHTED ROAD",PEDALCYCLIST,FOUR WAY,,STRAIGHT AND LEVEL,DRY,NO DEFECTS,ON SCENE,INJURY AND / OR TOW DUE TO CRASH,Y,,,$500 OR LESS,08/30/2025 08:09:00 PM,DISREGARDING TRAFFIC SIGNALS,DRIVING ON WRONG SIDE/WRONG WAY,800,W,ROOSEVELT RD,1232,,,,,,,2,INCAPACITATING INJURY,1,0,1,0,0,1,0,20,7,8,41.8672630984,-87.646972686,POINT (-87.646972686016 41.867263098369)
4e917c858f143119b01f45ab41d3d7ae35939f2730293c294662597f7a1ee02e62838a3b74bb452571e036a66c3ad57d3bc4107fa28542b7bef691fe112ac543,,08/30/2025 08:04:00 PM,30,TRAFFIC SIGNAL,FUNCTIONING PROPERLY,CLEAR,DUSK,SIDESWIPE SAME DIRECTION,NOT DIVIDED,,STRAIGHT AND LEVEL,DRY,NO DEFECTS,NOT ON SCENE (DESK REPORT),NO INJURY / DRIVE AWAY,Y,,,"$501 - $1,500",08/30/2025 11:00:00 PM,IMPROPER LANE USAGE,UNABLE TO DETERMINE,7898,S,SOUTH CHICAGO AVE,411,,,,,,,2,NO INDICATION OF INJURY,0,0,0,0,0,2,0,20,7,8,41.7514456643,-87.5857819289,POINT (-87.585781928882 41.751445664349)
32758a3adbaa55f9f58c24e13e2bf88e3194ac41a36a54582d0ea40af7bd0d4656f1750b62b27a7cd0d130d214c035fed5eef0878a54d57f6e6256f9593a7990,,08/30/2025 08:00:00 PM,35,NO CONTROLS,NO CONTROLS,CLEAR,"DARKNESS, LIGHTED ROAD",REAR END,NOT DIVIDED,,STRAIGHT AND LEVEL,DRY,NO DEFECTS,NOT ON SCENE (DESK REPORT),NO INJURY / DRIVE AWAY,,,Y,$500 OR LESS,08/30/2025 09:30:00 PM,FOLLOWING TOO CLOSELY,DRIVING SKILLS/KNOWLEDGE/EXPERIENCE,1015,W,87TH ST,2222,,,,,,,2,NO INDICATION OF INJURY,0,0,0,0,0,2,0,20,7,8,41.7358838583,-87.6491369142,POINT (-87.64913691424 41.735883858312)
ade150ca84f5676ba107780b48db0ad67b2f44c7b9fa5d9a89c59851873945a8bc79c860f63dbc79e0af942feb0428c3452b81c6e6f863abc59b02df6a4a4996,,08/30/2025 08:00:00 PM,45,NO CONTROLS,NO CONTROLS,CLEAR,"DARKNESS, LIGHTED ROAD",SIDESWIPE SAME DIRECTION,DIVIDED - W/MEDIAN BARRIER,,STRAIGHT AND LEVEL,DRY,NO DEFECTS,ON SCENE,INJURY AND / OR TOW DUE TO CRASH,,,,"OVER $1,500",08/30/2025 08:34:00 PM,FAILING TO YIELD RIGHT-OF-WAY,FOLLOWING TOO CLOSELY,900,S,LAKE SHORE DR SB,114,,,,,,,3,NO INDICATION OF INJURY,0,0,0,0,0,6,0,20,7,8,41.8706509838,-87.6173960141,POINT (-87.617396014108 41.870650983843)
e68ee9da885b0ce3bdad858dc4d9c4c393fb444e301392a78414024dc2701b68acbfa50ce3d00ad0b82cbc36944aabfe834b56f3ca296d624b293312d66dfcc2,,08/30/2025 07:52:00 PM,15,NO CONTROLS,NO CONTROLS,CLEAR,"DARKNESS, LIGHTED ROAD",PARKED MOTOR VEHICLE,ONE-WAY,,STRAIGHT AND LEVEL,DRY,NO DEFECTS,,NO INJURY / DRIVE AWAY,,,,"OVER $1,500",08/30/2025 11:16:00 PM,IMPROPER BACKING,NOT APPLICABLE,5114,S,AUSTIN AVE,811,,,,,,,2,NO INDICATION OF INJURY,0,0,0,0,0,1,0,19,7,8,41.7993917572,-87.7724119073,POINT (-87.772411907334 41.79939175724)
815012c2b470fa51149387121d8ff73fa02eda6e11a2e649aa14fe6e9fb0757ecd5bffd2d99dace40d43e5b88818740297714514af34644bc9df4d64e7bb067d,,08/30/2025 07:40:00 PM,30,STOP SIGN/FLASHER,FUNCTIONING PROPERLY,CLEAR,DUSK,PEDALCYCLIST,FOUR WAY,,STRAIGHT AND LEVEL,DRY,NO DEFECTS,NOT ON SCENE (DESK REPORT),INJURY AND / OR TOW DUE TO CRASH,,,Y,"OVER $1,500",08/30/2025 08:12:00 PM,DISREGARDING STOP SIGN,NOT APPLICABLE,6401,S,KOMENSKY AVE,813,,,,,,,2,NONINCAPACITATING INJURY,1,0,0,1,0,1,0,19,7,8,41.7767312778,-87.7237860983,POINT (-87.723786098344 41.776731277837)
6ca407907a4728d2a55e2b2833b210a0ac0c77950456ba6e28990282be106744a4ff17a502100d875918ffc3dcf62c08bfa13c6b18a783fb9153695ca9dbb609,,08/30/2025 07:38:00 PM,30,NO CONTROLS,NO CONTROLS,CLEAR,"DARKNESS, LIGHTED ROAD",ANIMAL,DIVIDED - W/MEDIAN (NOT RAISED),,STRAIGHT AND LEVEL,DRY,NO DEFECTS,ON SCENE,NO INJURY / DRIVE AWAY,,,,"OVER $1,500",08/30/2025 07:43:00 PM,ANIMAL,FAILING TO REDUCE SPEED TO AVOID CRASH,5659,W,MONTROSE AVE,1624,,,,,,,1,NO INDICATION OF INJURY,0,0,0,0,0,2,0,19,7,8,41.9603425317,-87.7696263942,POINT (-87.769626394222 41.960342531691)
990bfdd624dbbfca984472d5a65ef9086ca613561bfc1371d34aa9a0f85ed72a6bc4f65e35e1921ca63591d8fc59c3b56ec248dec857d751f4ff702990764cac,,08/30/2025 07:25:00 PM,30,TRAFFIC SIGNAL,FUNCTIONING PROPERLY,CLEAR,"DARKNESS, LIGHTED ROAD",TURNING,T-INTERSECTION,,STRAIGHT AND LEVEL,DRY,NO DEFECTS,ON SCENE,NO INJURY / DRIVE AWAY,Y,,,"OVER $1,500",08/30/2025 07:39:00 PM,DRIVING ON WRONG SIDE/WRONG WAY,UNABLE TO DETERMINE,2800,W,DIVERSEY AVE,1411,,,,,,,2,NO INDICATION OF INJURY,0,0,0,0,0,3,0,19,7,8,41.9322053951,-87.6976792439,POINT (-87.697679243869 41.932205395065)
6acb96aef5cd8e6d3f1c1b44816bb80c20a938175b22c4d0580d1e0123a4438bd05bbb31a2c30fdcfe3e3bc7387aac96061ba5b3f0fc45f30c6389c9a6a425d5,,08/30/2025 07:20:00 PM,30,TRAFFIC SIGNAL,FUNCTIONING PROPERLY,CLEAR,DAYLIGHT,TURNING,NOT DIVIDED,,STRAIGHT AND LEVEL,DRY,NO DEFECTS,ON SCENE,INJURY AND / OR TOW DUE TO CRASH,Y,,Y,"OVER $1,500",08/30/2025 07:22:00 PM,UNABLE TO DETERMINE,UNABLE TO DETERMINE,805,W,111TH ST,2233,,,,,,,2,NO INDICATION OF INJURY,0,0,0,0,0,2,0,19,7,8,41.6922443662,-87.6426203779,POINT (-87.642620377854 41.692244366178)
d66981a4f9bf422a8e211e9f4a91ae319a944e3b6f0f859dfc23809abe669a0ce8462416abdca840d31670036b80c2503d9d0475d3dfbf50c02e674e6acdecbb,,08/30/2025 07:20:00 PM,40,NO CONTROLS,NO CONTROLS,CLEAR,DAWN,REAR END,DIVIDED - W/MEDIAN BARRIER,,STRAIGHT AND LEVEL,DRY,NO DEFECTS,NOT ON SCENE (DESK REPORT),NO INJURY / DRIVE AWAY,,,Y,"OVER $1,500",08/30/2025 10:55:00 PM,IMPROPER OVERTAKING/PASSING,FOLLOWING TOO CLOSELY,1562,S,LAKE SHORE DR SB,132,,,,,,,2,NO INDICATION OF INJURY,0,0,0,0,0,5,0,19,7,8,41.8603014219,-87.6179777431,POINT (-87.617977743058 41.860301421894)
8ee0c0983a6ab4589d4c3d281521ed87844e81b7ac2ac06118ebeefd77fc7435e733af8bddb3fb5f8792e0cfcc2dd43db55631e256e551ad21fd1d9f00dabdab,,08/30/2025 06:50:00 PM,30,NO CONTROLS,NO CONTROLS,CLEAR,DAYLIGHT,TURNING,NOT DIVIDED,,STRAIGHT AND LEVEL,DRY,NO DEFECTS,ON SCENE,INJURY AND / OR TOW DUE TO CRASH,,,,$500 OR LESS,08/30/2025 06:53:00 PM,IMPROPER TURNING/NO SIGNAL,NOT APPLICABLE,4698,S,WESTERN AVE,922,,,,,,,3,NONINCAPACITATING INJURY,4,0,0,4,0,2,0,18,7,8,41.8084697367,-87.6845733986,POINT (-87.684573398567 41.808469736745)
3d2a9fbc7c83ec0077b8521f147ad14b208924372325671443e7f821164d40d149970c36d5fd6bcdb8ab1f2d186dc81561c83ee40865966e1505bbd127171f5d,,08/30/2025 06:35:00 PM,30,STOP SIGN/FLASHER,FUNCTIONING PROPERLY,CLEAR,DAYLIGHT,PEDALCYCLIST,FOUR WAY,,STRAIGHT AND LEVEL,DRY,UNKNOWN,ON SCENE,INJURY AND / OR TOW DUE TO CRASH,Y,,Y,$500 OR LESS,08/30/2025 06:40:00 PM,FAILING TO REDUCE SPEED TO AVOID CRASH,NOT APPLICABLE,3700,W,61ST ST,823,,,,,,,2,NONINCAPACITATING INJURY,1,0,0,1,0,1,0,18,7,8,41.7825210233,-87.7156290956,POINT (-87.715629095578 41.782521023322)
30dcd82c0d1312a8f0f088b6d36a2e71f6ad9efa9edc4c3540ddeff9af3ea9bb24d45ca5c2a2632d0b1aa9177fd293d1c2539682daa1f05351506fa5cc653285,,08/30/2025 06:30:00 PM,25,NO CONTROLS,NO CONTROLS,CLEAR,DAYLIGHT,PARKED MOTOR VEHICLE,ONE-WAY,,STRAIGHT AND LEVEL,DRY,NO DEFECTS,NOT ON SCENE (DESK REPORT),NO INJURY / DRIVE AWAY,,,N,"$501 - $1,500",08/30/2025 08:28:00 PM,ANIMAL,NOT APPLICABLE,822,N,MASSASOIT AVE,1511,,,,,,,2,NO INDICATION OF INJURY,0,0,0,0,0,1,0,18,7,8,41.8955098763,-87.7692150599,POINT (-87.769215059892 41.895509876253)
a53f99d8b545866ac6ecee9b568fea5332848ebd05daa86383ef2261e20f7e05427954ea0b8f40851db5e85d1ae718f8fd28883b508d1af4388f37e2d18e2606,,08/30/2025 06:30:00 PM,30,TRAFFIC SIGNAL,FUNCTIONING PROPERLY,CLEAR,"DARKNESS, LIGHTED ROAD",PEDALCYCLIST,NOT DIVIDED,,STRAIGHT AND LEVEL,DRY,UNKNOWN,ON SCENE,INJURY AND / OR TOW DUE TO CRASH,Y,,,"$501 - $1,500",08/30/2025 08:17:00 PM,FAILING TO YIELD RIGHT-OF-WAY,NOT APPLICABLE,626,N,STATE ST,1832,,,Y,,,,2,NONINCAPACITATING INJURY,1,0,0,1,0,4,0,18,7,8,41.8932354808,-87.6282650534,POINT (-87.628265053391 41.893235480838)
25a82bfa04794cf53da1b8d724d5bb96c3926a813d758a59a46296c6af7f5a3fc10903784395775c430485a66453c5d7af57e7af64213244cbc06bf0de27a25b,,08/30/2025 06:28:00 PM,30,TRAFFIC SIGNAL,FUNCTIONING PROPERLY,CLEAR,DAYLIGHT,TURNING,NOT DIVIDED,,STRAIGHT AND LEVEL,DRY,NO DEFECTS,ON SCENE,INJURY AND / OR TOW DUE TO CRASH,Y,,,"OVER $1,500",08/30/2025 06:28:00 PM,FAILING TO YIELD RIGHT-OF-WAY,FAILING TO YIELD RIGHT-OF-WAY,5400,N,BROADWAY,2013,,,,,,,2,NONINCAPACITATING INJURY,1,0,0,1,0,1,0,18,7,8,41.9800597655,-87.6601182399,POINT (-87.660118239924 41.980059765534)
af085e7c041732170dc6fbf247587eba2305c92ce0da15c7c910e218c7782fd3806c95b23ba08c2863880c3cd334a00bf37900110136aba99adf0041150c1df7,,08/30/2025 06:26:00 PM,30,NO CONTROLS,NO CONTROLS,CLEAR,DAYLIGHT,PARKED MOTOR VEHICLE,NOT DIVIDED,,STRAIGHT AND LEVEL,DRY,NO DEFECTS,ON SCENE,NO INJURY / DRIVE AWAY,,,,"OVER $1,500",08/30/2025 06:26:00 PM,IMPROPER LANE USAGE,NOT APPLICABLE,2411,W,NORTH AVE,1423,,Y,,,,,2,NO INDICATION OF INJURY,0,0,0,0,0,2,0,18,7,8,41.9102051294,-87.6877022937,POINT (-87.687702293689 41.910205129391)
ae489365d62d209bb488d08f29c61dcafb5f5463545a905a5ed2c3021cea2ece5b3ec358ef685c2dfa8bee99b0849f83c6522bfb3a8d62794a06f035d4788184,,08/30/2025 06:22:00 PM,30,UNKNOWN,UNKNOWN,CLEAR,DAYLIGHT,ANGLE,FOUR WAY,,STRAIGHT AND LEVEL,DRY,NO DEFECTS,ON SCENE,INJURY AND / OR TOW DUE TO CRASH,Y,,,"OVER $1,500",08/30/2025 06:22:00 PM,FAILING TO REDUCE SPEED TO AVOID CRASH,NOT APPLICABLE,7900,S,STONY ISLAND AVE,411,,,,,,,3,NO INDICATION OF INJURY,0,0,0,0,0,4,0,18,7,8,41.7514606032,-87.585971993,POINT (-87.585971992965 41.751460603167)