CRASH_RECORD_ID,CRASH_DATE_EST_I,CRASH_DATE,POSTED_SPEED_LIMIT,TRAFFIC_CONTROL_DEVICE,DEVICE_CONDITION,WEATHER_CONDITION,LIGHTING_CONDITION,FIRST_CRASH_TYPE,TRAFFICWAY_TYPE,LANE_CNT,ALIGNMENT,ROADWAY_SURFACE_COND,ROAD_DEFECT,REPORT_TYPE,CRASH_TYPE,INTERSECTION_RELATED_I,NOT_RIGHT_OF_WAY_I,HIT_AND_RUN_I,DAMAGE,DATE_POLICE_NOTIFIED,PRIM_CONTRIBUTORY_CAUSE,SEC_CONTRIBUTORY_CAUSE,STREET_NO,STREET_DIRECTION,STREET_NAME,BEAT_OF_OCCURRENCE,PHOTOS_TAKEN_I,STATEMENTS_TAKEN_I,DOORING_I,WORK_ZONE_I,WORK_ZONE_TYPE,WORKERS_PRESENT_I,NUM_UNITS,MOST_SEVERE_INJURY,INJURIES_TOTAL,INJURIES_FATAL,INJURIES_INCAPACITATING,INJURIES_NON_INCAPACITATING,INJURIES_REPORTED_NOT_EVIDENT,INJURIES_NO_INDICATION,INJURIES_UNKNOWN,CRASH_HOUR,CRASH_DAY_OF_WEEK,CRASH_MONTH,LATITUDE,LONGITUDE,LOCATION
cd03abe5a8365999fe7916d02b4837d48ce6635f0f9d545bfa38c5b3f9a0e38585969e804e44969a7b817ad6daff2c85caa7cd0633c880f3c1272c9a6099ccf7,,08/30/2025 06:19:00 PM,30,NO CONTROLS,NO CONTROLS,CLEAR,DAYLIGHT,REAR END,NOT DIVIDED,,STRAIGHT AND LEVEL,DRY,NO DEFECTS,,INJURY AND / OR TOW DUE TO CRASH,,,,"OVER $1,500",08/30/2025 06:19:00 PM,FOLLOWING TOO CLOSELY,DISTRACTION - FROM INSIDE VEHICLE,3249,S,PULASKI RD,1031,,,,,,,2,NONINCAPACITATING INJURY,2,0,0,1,1,1,0,18,7,8,41.8336519762,-87.7241344598,POINT (-87.724134459779 41.833651976235)
6ea93798c4f4fd3f864b7d226afa9001c3e73d634d25265a9fde5e6e7a65998348bafb7c91be95fc00b5c991e2f071e8f2acaeb6df204a423df6e2d466e994d8,,08/30/2025 06:15:00 PM,25,UNKNOWN,UNKNOWN,CLEAR,DAYLIGHT,TURNING,ALLEY,,STRAIGHT AND LEVEL,UNKNOWN,UNKNOWN,NOT ON SCENE (DESK REPORT),NO INJURY / DRIVE AWAY,,,,"OVER $1,500",08/30/2025 07:30:00 PM,UNABLE TO DETERMINE,UNABLE TO DETERMINE,6744,N,LAKEWOOD AVE,2432,,,,,,,2,NO INDICATION OF INJURY,0,0,0,0,0,3,0,18,7,8,42.0048395293,-87.6637720209,POINT (-87.663772020895 42.00483952931)
28f783cfce1e1def8f7e8dc7c00128426a5b68ebcf2cc82bb8335dcd07d1b6bd789e3610e347b96f3c1fda7bc82388620834fdc074fc5ccd2b5a51abc181aa02,,08/30/2025 06:10:00 PM,30,UNKNOWN,UNKNOWN,CLEAR,DAYLIGHT,REAR END,NOT DIVIDED,,STRAIGHT AND LEVEL,UNKNOWN,UNKNOWN,NOT ON SCENE (DESK REPORT),NO INJURY / DRIVE AWAY,,,Y,"OVER $1,500",08/30/2025 07:40:00 PM,UNABLE TO DETERMINE,UNABLE TO DETERMINE,600,W,CHICAGO AVE,1822,,,,,,,3,NO INDICATION OF INJURY,0,0,0,0,0,3,0,18,7,8,41.8965851912,-87.6429961817,POINT (-87.642996181725 41.8965851912)
5775b1de69ac24a23918540fe2d3657e5aabd94f637ed6336aef17c271cd6873f8adc5bd20b9818512d874bb049e874dc0323cb96274d90e19626e7f30ab8f8f,,08/30/2025 06:01:00 PM,30,NO CONTROLS,NO CONTROLS,CLEAR,DUSK,SIDESWIPE SAME DIRECTION,RAMP,,STRAIGHT AND LEVEL,DRY,NO DEFECTS,NOT ON SCENE (DESK REPORT),NO INJURY / DRIVE AWAY,,,,"OVER $1,500",08/31/2025 03:00:00 PM,FAILING TO YIELD RIGHT-OF-WAY,UNABLE TO DETERMINE,323,E,WACKER DR,114,,,,,,,2,NO INDICATION OF INJURY,0,0,0,0,0,2,0,18,7,8,41.8875560409,-87.6196550933,POINT (-87.619655093285 41.887556040949)
58254a702340bf750d6dc39844c72e1a144d1922a55814af29f9dbbb76c9c9cdb3e22b71b4a97fe0453adf7e673da9f4df2b73cd8fe17abce361799ec3eea511,Y,08/30/2025 06:00:00 PM,30,NO CONTROLS,NO CONTROLS,CLEAR,"DARKNESS, LIGHTED ROAD",PARKED MOTOR VEHICLE,DIVIDED - W/MEDIAN (NOT RAISED),,STRAIGHT AND LEVEL,DRY,NO DEFECTS,NOT ON SCENE (DESK REPORT),NO INJURY / DRIVE AWAY,,,Y,"OVER $1,500",08/31/2025 04:20:00 AM,UNABLE TO DETERMINE,NOT APPLICABLE,915,E,HYDE PARK BLVD,233,,,,,,,2,NO INDICATION OF INJURY,0,0,0,0,0,1,0,18,7,8,41.802186317,-87.6031079126,POINT (-87.603107912618 41.802186317041)
941c8de33aa44e6b24b0bb011ffddd5244f1d1649f31b05904df8b31e619cd7fe4cd0f4adfe96fd566b398445a14be16120115e7979784fb33b968d7b1ed44bf,Y,08/30/2025 06:00:00 PM,5,NO CONTROLS,NO CONTROLS,CLEAR,UNKNOWN,PARKED MOTOR VEHICLE,PARKING LOT,,STRAIGHT AND LEVEL,DRY,UNKNOWN,NOT ON SCENE (DESK REPORT),NO INJURY / DRIVE AWAY,,Y,Y,"OVER $1,500",08/31/2025 03:05:00 PM,UNABLE TO DETERMINE,NOT APPLICABLE,2300,S,ARCHER AVE,914,,,,,,,2,NO INDICATION OF INJURY,0,0,0,0,0,1,0,18,7,8,41.8510273907,-87.6388934799,POINT (-87.63889347987 41.851027390659)
871c953bf62125583bfb90199d5e344147fd628339c218839f6a2ca77f328fcaba23c9191d5608954e75ca8f97239393bde3cbc8833285f413bac1a32e2281cd,,08/30/2025 05:40:00 PM,30,STOP SIGN/FLASHER,FUNCTIONING PROPERLY,CLEAR,DAYLIGHT,ANGLE,NOT DIVIDED,,STRAIGHT AND LEVEL,DRY,NO DEFECTS,NOT ON SCENE (DESK REPORT),NO INJURY / DRIVE AWAY,Y,,,"OVER $1,500",08/30/2025 06:50:00 PM,UNABLE TO DETERMINE,NOT APPLICABLE,1932,W,NORTH AVE,1434,,,,,,,2,NO INDICATION OF INJURY,0,0,0,0,0,5,0,17,7,8,41.9106157042,-87.6762530125,POINT (-87.676253012493 41.910615704168)
bbedeb035cc79d9135450e40891fb392813219661179bf149d756f9c81af9d83d98868a20ed352551e636e42e051eb344bbbe660ae56d5adbecc356fd8183297,,08/30/2025 05:40:00 PM,30,TRAFFIC SIGNAL,FUNCTIONING PROPERLY,CLEAR,DAYLIGHT,SIDESWIPE SAME DIRECTION,NOT DIVIDED,,STRAIGHT AND LEVEL,DRY,NO DEFECTS,ON SCENE,NO INJURY / DRIVE AWAY,Y,,,"OVER $1,500",08/30/2025 05:40:00 PM,FOLLOWING TOO CLOSELY,FOLLOWING TOO CLOSELY,100,S,STATE ST,112,,,,,,,3,NO INDICATION OF INJURY,0,0,0,0,0,3,0,17,7,8,41.8807151378,-87.6278760784,POINT (-87.627876078416 41.880715137843)
980f6e82c22ece40b16d3d5d8e8398a1deec459ca8f51c6fc81c2b9b49e61e2f2f3bfe573e94ce645d769c098f42b1c4f9d40607090d5ec132a783c32c999207,,08/30/2025 05:38:00 PM,30,NO CONTROLS,NO CONTROLS,CLEAR,DAYLIGHT,REAR END,NOT DIVIDED,,STRAIGHT AND LEVEL,DRY,NO DEFECTS,NOT ON SCENE (DESK REPORT),NO INJURY / DRIVE AWAY,,,,"$501 - $1,500",08/30/2025 06:00:00 PM,UNABLE TO DETERMINE,NOT APPLICABLE,513,S,DAMEN AVE,1225,,,,,,,2,NO INDICATION OF INJURY,0,0,0,0,0,2,0,17,7,8,41.8745973438,-87.6763255803,POINT (-87.676325580292 41.874597343757)
d0fa4fe0d7e7a13c060f7b11d0ce8149f69e9b514989acec7f5b5aa9f382f13f642f3450441e6b790086f4e53231e12d386a05e68c8fe3fefd4ffa3e9d729b71,,08/30/2025 05:34:00 PM,5,NO CONTROLS,NO CONTROLS,CLEAR,DAYLIGHT,SIDESWIPE OPPOSITE DIRECTION,NOT DIVIDED,,STRAIGHT AND LEVEL,DRY,NO DEFECTS,ON SCENE,NO INJURY / DRIVE AWAY,,Y,,"$501 - $1,500",08/30/2025 06:32:00 PM,IMPROPER LANE USAGE,NOT APPLICABLE,6349,S,COTTAGE GROVE AVE,312,,,,,,,2,NO INDICATION OF INJURY,0,0,0,0,0,2,0,17,7,8,41.7789688617,-87.6057520772,POINT (-87.605752077236 41.778968861667)
199a57e4ede723c9e41607903e6d1c5836da89080f72b06ec431410f9ba3e0e2c607170acee0f9a17e4795a15ec0e08855cc12c3b7c2c56b8cf2e37d238dad4c,,08/30/2025 05:33:00 PM,30,STOP SIGN/FLASHER,NO CONTROLS,CLEAR,DAYLIGHT,REAR END,ONE-WAY,,STRAIGHT AND LEVEL,DRY,NO DEFECTS,NOT ON SCENE (DESK REPORT),NO INJURY / DRIVE AWAY,Y,,,"OVER $1,500",08/30/2025 06:30:00 PM,FAILING TO YIELD RIGHT-OF-WAY,FAILING TO YIELD RIGHT-OF-WAY,410,W,HARRISON ST,124,,,,,,,2,NO INDICATION OF INJURY,0,0,0,0,0,2,0,17,7,8,41.8745298327,-87.6383667785,POINT (-87.638366778455 41.874529832699)
1d11aa6083b30d565caf84ba65ecc32da51f74d07603babfbfc8090257708094d704e2b8392576c912f77e71f16af778012b5299fb38cdd8d5ec4a7270fba2b7,,08/30/2025 05:30:00 PM,30,NO CONTROLS,NO CONTROLS,CLEAR,DAYLIGHT,SIDESWIPE OPPOSITE DIRECTION,NOT DIVIDED,,STRAIGHT AND LEVEL,DRY,NO DEFECTS,ON SCENE,NO INJURY / DRIVE AWAY,,,,"OVER $1,500",08/30/2025 05:30:00 PM,UNABLE TO DETERMINE,NOT APPLICABLE,722,N,CICERO AVE,1531,,,,,,,3,NO INDICATION OF INJURY,0,0,0,0,0,3,0,17,7,8,41.893939811,-87.7459197315,POINT (-87.745919731526 41.893939810952)
f0bb9c9871d2a463a0bed90c9c525f4a640dea4603ba086c160a08ea2ae8916c890655bfe1efbda63e7841a03416f4cc615613b9285a7db9630c1aec532a6207,,08/30/2025 05:30:00 PM,30,TRAFFIC SIGNAL,FUNCTIONING PROPERLY,CLEAR,DAYLIGHT,ANGLE,FOUR WAY,,STRAIGHT AND LEVEL,DRY,NO DEFECTS,ON SCENE,INJURY AND / OR TOW DUE TO CRASH,Y,,,"OVER $1,500",08/30/2025 05:30:00 PM,UNABLE TO DETERMINE,UNABLE TO DETERMINE,4300,S,LA SALLE ST,215,,,,,,,2,NONINCAPACITATING INJURY,2,0,0,1,1,1,0,17,7,8,41.8164388049,-87.6295865961,POINT (-87.629586596136 41.816438804918)
66cf0c15d48d2648fe312e5436e64dba36ae95390375aceafc2413bc59aaa1ca10215bdb4e2ef73a7aeff19307673d9dfa69aaf531ecfbf358789ac354c0e158,,08/30/2025 05:25:00 PM,30,NO CONTROLS,NO CONTROLS,CLEAR,DAYLIGHT,PEDALCYCLIST,PARKING LOT,,STRAIGHT AND LEVEL,DRY,NO DEFECTS,,INJURY AND / OR TOW DUE TO CRASH,N,,,$500 OR LESS,08/30/2025 05:25:00 PM,FAILING TO YIELD RIGHT-OF-WAY,NOT APPLICABLE,938,E,80TH ST,624,,Y,,,,,2,NONINCAPACITATING INJURY,1,0,0,1,0,2,0,17,7,8,41.7496103015,-87.6011874606,POINT (-87.601187460559 41.749610301538)
7fc360cf749179869d61262255ac7bf5a92bac786380a01d6a989c0f88c593a7cc71dc35511222c50dbfa509196ecc38f24ed2e7d6fdd2acb3e7cb732b7a7caf,,08/30/2025 05:21:00 PM,30,NO CONTROLS,NO CONTROLS,CLEAR,DAYLIGHT,OTHER NONCOLLISION,NOT DIVIDED,,STRAIGHT AND LEVEL,DRY,NO DEFECTS,ON SCENE,INJURY AND / OR TOW DUE TO CRASH,,,,"OVER $1,500",08/30/2025 05:49:00 PM,UNABLE TO DETERMINE,UNABLE TO DETERMINE,7370,S,KEDZIE AVE,835,,,,,,,1,NO INDICATION OF INJURY,0,0,0,0,0,1,0,17,7,8,41.7591307339,-87.7028119408,POINT (-87.70281194077 41.759130733928)
629fa1def07692426e7995b1d1de16619ebba7482eb1363eeedba4916994b7847c5435f3c7732ab24d06c874c016f690ceb6efe00ff953398774bde01bddf11d,,08/30/2025 05:20:00 PM,30,UNKNOWN,UNKNOWN,CLEAR,DAYLIGHT,PARKED MOTOR VEHICLE,NOT DIVIDED,,STRAIGHT AND LEVEL,UNKNOWN,UNKNOWN,NOT ON SCENE (DESK REPORT),NO INJURY / DRIVE AWAY,,,Y,"OVER $1,500",08/30/2025 06:50:00 PM,UNABLE TO DETERMINE,UNABLE TO DETERMINE,1901,N,HUDSON AVE,1813,,,,,,,2,NO INDICATION OF INJURY,0,0,0,0,0,1,0,17,7,8,41.9165853073,-87.6398292718,POINT (-87.639829271775 41.91658530733)
b3201afdbeb5e20c930244169ca415dac0aead3d0b85ba1994890940e08ad9dffb7d98867852a9d74d8687a3a1c60e5115b5f1b7d32079f0f235fe62fa849b94,,08/30/2025 05:20:00 PM,30,NO CONTROLS,NO CONTROLS,CLEAR,DAYLIGHT,PARKED MOTOR VEHICLE,NOT DIVIDED,,STRAIGHT AND LEVEL,DRY,NO DEFECTS,NOT ON SCENE (DESK REPORT),NO INJURY / DRIVE AWAY,,,Y,"OVER $1,500",08/30/2025 05:45:00 PM,UNABLE TO DETERMINE,NOT APPLICABLE,1551,N,SHEFFIELD AVE,1822,,,,,,,2,NO INDICATION OF INJURY,0,0,0,0,0,1,0,17,7,8,41.9099287163,-87.6529680435,POINT (-87.652968043486 41.909928716344)
052421cf6e9853e2051feb125cf7900719c781ca3ed1d2cc068793528cd7593f2fabfee2f75a1b22ef80b6347b773e05822ca76c6ba245026f5acddb61ed0aa7,,08/30/2025 05:15:00 PM,30,NO CONTROLS,NO CONTROLS,CLEAR,DAYLIGHT,PARKED MOTOR VEHICLE,PARKING LOT,,STRAIGHT AND LEVEL,DRY,NO DEFECTS,ON SCENE,NO INJURY / DRIVE AWAY,,,Y,"OVER $1,500",08/30/2025 06:15:00 PM,UNABLE TO DETERMINE,NOT APPLICABLE,3850,W,FULLERTON AVE,2524,,,,,,,2,NO INDICATION OF INJURY,0,0,0,0,0,1,0,17,7,8,41.9246283205,-87.723953321,POINT (-87.723953320984 41.924628320533)
eda6dc95e5707ac10e47974ddb31aaaa7165ff54580821bcb87a663eb4608e48a99d9123d73a72454f98893e76cb29ff1e6f70423a2a1eb1c1abb4f3140fe6c0,,08/30/2025 05:12:00 PM,30,UNKNOWN,UNKNOWN,CLEAR,DAYLIGHT,PARKED MOTOR VEHICLE,NOT DIVIDED,,STRAIGHT AND LEVEL,UNKNOWN,UNKNOWN,NOT ON SCENE (DESK REPORT),NO INJURY / DRIVE AWAY,,,Y,"OVER $1,500",08/30/2025 07:10:00 PM,UNABLE TO DETERMINE,UNABLE TO DETERMINE,367,W,LOCUST ST,1823,,,,,,,2,NO INDICATION OF INJURY,0,0,0,0,0,1,0,17,7,8,41.898818641,-87.6383719431,POINT (-87.638371943072 41.898818641009)
87fcfda4de76437ea6c68c3d1ec5bc3f0b4cd72b41ec2bdb01142153950be252eda2968ee541953b44c1d2f6f35d237a2873908e22159b4ef34328449c37df28,,08/30/2025 05:04:00 PM,30,TRAFFIC SIGNAL,FUNCTIONING PROPERLY,CLEAR,DAYLIGHT,ANGLE,FOUR WAY,,STRAIGHT AND LEVEL,DRY,UNKNOWN,ON SCENE,INJURY AND / OR TOW DUE TO CRASH,Y,,,"$501 - $1,500",08/30/2025 05:08:00 PM,FAILING TO YIELD RIGHT-OF-WAY,NOT APPLICABLE,1700,N,CLARK ST,1814,,,,,,,2,NO INDICATION OF INJURY,0,0,0,0,0,3,0,17,7,8,41.9130945918,-87.6329682232,POINT (-87.63296822322 41.913094591765)
33fb571a725d6204adea14a3d4872fbc789485a468a1c756b73852e7abc68c3443982b001b374d3d364fe1ebc5fad24ed1ecc7dea2494b4b2b762f1ebe63779e,,08/30/2025 04:45:00 PM,30,NO CONTROLS,NO CONTROLS,CLEAR,DAYLIGHT,SIDESWIPE SAME DIRECTION,ONE-WAY,,STRAIGHT AND LEVEL,DRY,NO DEFECTS,NOT ON SCENE (DESK REPORT),INJURY AND / OR TOW DUE TO CRASH,,,,$500 OR LESS,08/30/2025 07:10:00 PM,FOLLOWING TOO CLOSELY,NOT APPLICABLE,710,N,LAVERGNE AVE,1531,,,,,,,2,"REPORTED, NOT EVIDENT",1,0,0,0,1,1,0,16,7,8,41.8934966392,-87.7508039037,POINT (-87.750803903747 41.893496639195)
940c42a3ec7ae9140c2428a553915d1b3cbbd2becd95c7fd00bdd7cd4a0705aa4b035fdcbcf68b4e7dc850317a03c1e0ce1f61e4457341a7261df67aad6ebff4,,08/30/2025 04:44:00 PM,30,NO CONTROLS,NO CONTROLS,CLEAR,DAYLIGHT,REAR TO REAR,PARKING LOT,,STRAIGHT AND LEVEL,DRY,NO DEFECTS,ON SCENE,NO INJURY / DRIVE AWAY,,,Y,"OVER $1,500",08/30/2025 04:55:00 PM,FAILING TO REDUCE SPEED TO AVOID CRASH,FAILING TO REDUCE SPEED TO AVOID CRASH,6014,S,COTTAGE GROVE AVE,313,,,,,,,2,NO INDICATION OF INJURY,0,0,0,0,0,4,0,16,7,8,41.785387445,-87.606183761,POINT (-87.606183761008 41.785387444959)
fc9009537e7389c53bc9262bd140ef49c5a344425ae9c4ae7be76b18cdd4f8481c1664e2ee51b7ad49b1f0472df8795be7d4f4583f68f2e191fdb6feda8e581e,,08/30/2025 04:44:00 PM,25,STOP SIGN/FLASHER,FUNCTIONING PROPERLY,CLEAR,DAYLIGHT,TURNING,FOUR WAY,,STRAIGHT AND LEVEL,DRY,NO DEFECTS,NOT ON SCENE (DESK REPORT),NO INJURY / DRIVE AWAY,,,Y,"OVER $1,500",08/30/2025 07:00:00 PM,IMPROPER TURNING/NO SIGNAL,NOT APPLICABLE,701,N,LAVERGNE AVE,1531,,,,,,,2,NO INDICATION OF INJURY,0,0,0,0,0,3,0,16,7,8,41.893167706,-87.7504976987,POINT (-87.750497698678 41.89316770604)
c91c7f7d79948205d3a8da1d0f5adec33f3b7637f91d3b5b534e2529453f647211bb797c7204f64ed30743ff31fd9803b0bfa35614c943c2d2f06b7a4f6bbb71,,08/30/2025 04:43:00 PM,30,NO CONTROLS,UNKNOWN,CLEAR,DAYLIGHT,SIDESWIPE OPPOSITE DIRECTION,ONE-WAY,,STRAIGHT AND LEVEL,UNKNOWN,UNKNOWN,ON SCENE,NO INJURY / DRIVE AWAY,,,Y,"OVER $1,500",08/30/2025 04:45:00 PM,IMPROPER LANE USAGE,NOT APPLICABLE,200,E,OHIO ST,1834,,,,,,,2,NO INDICATION OF INJURY,0,0,0,0,0,2,0,16,7,8,41.8926712907,-87.6225722025,POINT (-87.622572202481 41.892671290686)
2764913f5c97c0f46565b06d30b304c836c249aaf4eb1ad149f9251c369bdecfaaf6ecf21d76979b136154e93d51e81e00b0357843b317539cb5a18ed3f139ab,,08/30/2025 04:40:00 PM,25,TRAFFIC SIGNAL,FUNCTIONING PROPERLY,CLEAR,DAYLIGHT,TURNING,TRAFFIC ROUTE,,STRAIGHT AND LEVEL,DRY,NO DEFECTS,NOT ON SCENE (DESK REPORT),NO INJURY / DRIVE AWAY,Y,,,"OVER $1,500",08/30/2025 06:45:00 PM,DRIVING SKILLS/KNOWLEDGE/EXPERIENCE,NOT APPLICABLE,8100,S,DR MARTIN LUTHER KING JR DR,631,,,,,,,2,NO INDICATION OF INJURY,0,0,0,0,0,2,0,16,7,8,41.7473694713,-87.6150147819,POINT (-87.61501478186 41.747369471252)
1dfa7720858e679341a0763f96e025a6465887d652f2b3fdafa0651ae4b5090ca99cccabc8430992a9f9707442e0103c8dcca841efda328fb38e4db17c84670d,,08/30/2025 04:30:00 PM,20,NO CONTROLS,NO CONTROLS,CLEAR,DAYLIGHT,REAR END,DIVIDED - W/MEDIAN (NOT RAISED),,STRAIGHT AND LEVEL,DRY,NO DEFECTS,NOT ON SCENE (DESK REPORT),INJURY AND / OR TOW DUE TO CRASH,N,,Y,"OVER $1,500",08/30/2025 06:32:00 PM,FOLLOWING TOO CLOSELY,UNABLE TO DETERMINE,1501,W,DIVISION ST,1213,,,,,,,2,"REPORTED, NOT EVIDENT",1,0,0,0,1,1,0,16,7,8,41.9032618643,-87.6650979064,POINT (-87.665097906388 41.903261864309)
8f47a87cb91eb6caa16d0925a2260537f63bf413151477cb4c0c8cb1ee3561603205fa6f326e4d5ef62d84cba3522c8334b16f5b38a09f58180ff040da88eef6,,08/30/2025 04:25:00 PM,10,NO CONTROLS,NO CONTROLS,CLEAR,DAYLIGHT,OTHER OBJECT,PARKING LOT,,STRAIGHT AND LEVEL,DRY,NO DEFECTS,ON SCENE,INJURY AND / OR TOW DUE TO CRASH,,Y,,"OVER $1,500",08/30/2025 04:25:00 PM,UNABLE TO DETERMINE,NOT APPLICABLE,6216,S,ARCHER AVE,811,,,,,,,1,"REPORTED, NOT EVIDENT",2,0,0,0,2,0,0,16,7,8,41.7938381768,-87.7753051102,POINT (-87.775305110231 41.793838176798)
234361562217465ec485bc3491336f2c81f540b15a9a16bf9c452e856058cfd81dc12be389517133c3d0b464dc82062316d3721d0b4cd4155e9f57919c1be998,,08/30/2025 04:20:00 PM,30,NO CONTROLS,NO CONTROLS,CLEAR,DAYLIGHT,SIDESWIPE SAME DIRECTION,NOT DIVIDED,,STRAIGHT AND LEVEL,DRY,NO DEFECTS,NOT ON SCENE (DESK REPORT),NO INJURY / DRIVE AWAY,,,,"OVER $1,500",08/30/2025 04:20:00 PM,FAILING TO YIELD RIGHT-OF-WAY,NOT APPLICABLE,2942,W,NORTH AVE,1421,,,,,,,2,NO INDICATION OF INJURY,0,0,0,0,0,2,0,16,7,8,41.9102910615,-87.7007964966,POINT (-87.70079649664 41.910291061476)
657bc815aa5588531f4b0d0b5487e566a119558aaa9aedcf462937eef4f0ce1ffa7c5751dc578d8ad0f06fc146bd3a607d00cc99e745db8c90be7a0df48e9940,,08/30/2025 04:20:00 PM,30,TRAFFIC SIGNAL,FUNCTIONING PROPERLY,CLEAR,DAYLIGHT,ANGLE,NOT DIVIDED,,STRAIGHT AND LEVEL,DRY,NO DEFECTS,NOT ON SCENE (DESK REPORT),NO INJURY / DRIVE AWAY,,,Y,"OVER $1,500",08/30/2025 04:22:00 PM,DISREGARDING TRAFFIC SIGNALS,NOT APPLICABLE,9100,S,JEFFERY AVE,413,,,,,,,2,NO INDICATION OF INJURY,0,0,0,0,0,2,0,16,7,8,41.7296779424,-87.5756798403,POINT (-87.575679840284 41.729677942403)
bcddef22a1267f72dbfa55cbf99bc4f7cb7a3a7649a380b6db54b54d2f27d87b42572d97e629305b759e7c3cfe380425c6ce84f6342d3a11f12ba2d77e1008fa,,08/30/2025 04:20:00 PM,30,TRAFFIC SIGNAL,FUNCTIONING PROPERLY,CLEAR,DAYLIGHT,ANGLE,NOT DIVIDED,,STRAIGHT AND LEVEL,DRY,NO DEFECTS,ON SCENE,INJURY AND / OR TOW DUE TO CRASH,N,,,"OVER $1,500",08/30/2025 04:28:00 PM,DISREGARDING TRAFFIC SIGNALS,NOT APPLICABLE,110,W,RANDOLPH ST,122,,,,,,,2,NO INDICATION OF INJURY,0,0,0,0,0,3,0,16,7,8,41.8845855843,-87.6312917448,POINT (-87.631291744815 41.884585584315)
52a7579dc7f9bd9a7618ae58a83093703fd31491eed40a6f699f5df5d7fb1328f8b6d2dcb06b3fad628b7fbc6b914864f04d599c761a37dfadffca04faa32ab9,,08/30/2025 04:05:00 PM,20,NO CONTROLS,NO CONTROLS,CLEAR,DAYLIGHT,PARKED MOTOR VEHICLE,PARKING LOT,,STRAIGHT AND LEVEL,DRY,NO DEFECTS,NOT ON SCENE (DESK REPORT),NO INJURY / DRIVE AWAY,,,,$500 OR LESS,08/30/2025 06:15:00 PM,IMPROPER BACKING,NOT APPLICABLE,1101,S,CANAL ST,124,,,,,,,2,NO INDICATION OF INJURY,0,0,0,0,0,1,0,16,7,8,41.8688897111,-87.6390989281,POINT (-87.639098928088 41.868889711112)
6126f516fc9fe96e75b0ea3dd7e6c50fca0abf836da28b1e14b75f6f670c2fe04d76f3970f87645ac31de8336e02a9a84122da5a3f07c21caba0c17b80db76aa,,08/30/2025 04:01:00 PM,30,TRAFFIC SIGNAL,FUNCTIONING PROPERLY,CLEAR,DAYLIGHT,SIDESWIPE SAME DIRECTION,DIVIDED - W/MEDIAN (NOT RAISED),,STRAIGHT AND LEVEL,DRY,UNKNOWN,NOT ON SCENE (DESK REPORT),NO INJURY / DRIVE AWAY,,,,"OVER $1,500",08/30/2025 04:30:00 PM,IMPROPER LANE USAGE,NOT APPLICABLE,2400,N,WESTERN AVE,1431,,,,,,,2,NO INDICATION OF INJURY,0,0,0,0,0,5,0,16,7,8,41.9249359441,-87.6877902547,POINT (-87.687790254713 41.924935944091)
18cdc43f2c6bea790dbec1d1adeb1dd7acf601d4fe9d71d2006602138eebf5a8ab0841d47c587dca5ef2251730ba73dbff5fcf86fb6e627d0103bad709bcea5c,,08/30/2025 04:00:00 PM,30,TRAFFIC SIGNAL,FUNCTIONING PROPERLY,CLEAR,DAYLIGHT,SIDESWIPE SAME DIRECTION,NOT DIVIDED,,STRAIGHT AND LEVEL,DRY,OTHER,NOT ON SCENE (DESK REPORT),NO INJURY / DRIVE AWAY,,,Y,$500 OR LESS,08/30/2025 05:05:00 PM,IMPROPER OVERTAKING/PASSING,NOT APPLICABLE,2168,N,MILWAUKEE AVE,1431,,,,,,,2,NO INDICATION OF INJURY,0,0,0,0,0,2,0,16,7,8,41.9204972288,-87.6936549859,POINT (-87.693654985936 41.920497228811)
94e53f03e90da279132691f90a6dc306aa3439484c82f7c0ee57556d87ef063480933dd67191f85d271a72df966b567c3342e5f2bac06630aa1cd88bca4280fa,,08/30/2025 04:00:00 PM,45,TRAFFIC SIGNAL,FUNCTIONING PROPERLY,CLEAR,DAYLIGHT,REAR END,DIVIDED - W/MEDIAN (NOT RAISED),,STRAIGHT AND LEVEL,DRY,NO DEFECTS,ON SCENE,INJURY AND / OR TOW DUE TO CRASH,,,,"OVER $1,500",08/30/2025 04:11:00 PM,FAILING TO REDUCE SPEED TO AVOID CRASH,NOT APPLICABLE,700,S,LAKE SHORE DR NB,114,,,,,,,2,NO INDICATION OF INJURY,0,0,0,0,0,3,0,16,7,8,41.873190589,-87.6174581402,POINT (-87.617458140248 41.873190589037)
cd806c9622cdf73fbeb260286adef63667b3e8c911106c7fd34026550d281e5adcbb21f8ea5cc105f638ea5686a817bb70b630d825298f16a4435b1c9fc88faa,Y,08/30/2025 04:00:00 PM,30,NO CONTROLS,NO CONTROLS,CLEAR,DAYLIGHT,PARKED MOTOR VEHICLE,PARKING LOT,,STRAIGHT AND LEVEL,DRY,NO DEFECTS,NOT ON SCENE (DESK REPORT),NO INJURY / DRIVE AWAY,,,Y,"$501 - $1,500",08/31/2025 03:10:00 PM,UNABLE TO DETERMINE,NOT APPLICABLE,3320,W,BELMONT AVE,1733,,,,,,,2,NO INDICATION OF INJURY,0,0,0,0,0,1,0,16,7,8,41.9394051879,-87.7109005918,POINT (-87.710900591809 41.939405187888)