CRASH_RECORD_ID,CRASH_DATE_EST_I,CRASH_DATE,POSTED_SPEED_LIMIT,TRAFFIC_CONTROL_DEVICE,DEVICE_CONDITION,WEATHER_CONDITION,LIGHTING_CONDITION,FIRST_CRASH_TYPE,TRAFFICWAY_TYPE,LANE_CNT,ALIGNMENT,ROADWAY_SURFACE_COND,ROAD_DEFECT,REPORT_TYPE,CRASH_TYPE,INTERSECTION_RELATED_I,NOT_RIGHT_OF_WAY_I,HIT_AND_RUN_I,DAMAGE,DATE_POLICE_NOTIFIED,PRIM_CONTRIBUTORY_CAUSE,SEC_CONTRIBUTORY_CAUSE,STREET_NO,STREET_DIRECTION,STREET_NAME,BEAT_OF_OCCURRENCE,PHOTOS_TAKEN_I,STATEMENTS_TAKEN_I,DOORING_I,WORK_ZONE_I,WORK_ZONE_TYPE,WORKERS_PRESENT_I,NUM_UNITS,MOST_SEVERE_INJURY,INJURIES_TOTAL,INJURIES_FATAL,INJURIES_INCAPACITATING,INJURIES_NON_INCAPACITATING,INJURIES_REPORTED_NOT_EVIDENT,INJURIES_NO_INDICATION,INJURIES_UNKNOWN,CRASH_HOUR,CRASH_DAY_OF_WEEK,CRASH_MONTH,LATITUDE,LONGITUDE,LOCATION
f06873237add3c604eaaa88397b1327511773f1d776e75de995b80e13f1275913f57c9c2cfecd32202fbaf0626c6ed0f06f03e5c3bfab8c6ff2fcbea7d8e418b,,08/30/2025 04:00:00 PM,25,NO CONTROLS,NO CONTROLS,CLEAR,DAYLIGHT,SIDESWIPE SAME DIRECTION,NOT DIVIDED,,STRAIGHT AND LEVEL,DRY,NO DEFECTS,ON SCENE,NO INJURY / DRIVE AWAY,Y,,,"OVER $1,500",08/30/2025 04:00:00 PM,RELATED TO BUS STOP,NOT APPLICABLE,2534,N,CLARK ST,1935,,,,,,,2,NO INDICATION OF INJURY,0,0,0,0,0,2,0,16,7,8,41.9286879157,-87.6424846714,POINT (-87.642484671389 41.928687915663)
684ad22d2a15e47592287cba829930616e4e80a564303bb9f92d9013a78d2300c3cbc5c3552c15bf615fa7073fef9134171e768bfee2b286f9b46402c4a7684e,,08/30/2025 03:54:00 PM,30,NO CONTROLS,NO CONTROLS,CLEAR,DAYLIGHT,REAR END,DIVIDED - W/MEDIAN BARRIER,,STRAIGHT AND LEVEL,DRY,NO DEFECTS,ON SCENE,INJURY AND / OR TOW DUE TO CRASH,,,,"OVER $1,500",08/30/2025 03:55:00 PM,DRIVING SKILLS/KNOWLEDGE/EXPERIENCE,DRIVING SKILLS/KNOWLEDGE/EXPERIENCE,4630,S,CICERO AVE,814,,,,,,,2,NONINCAPACITATING INJURY,2,0,0,2,0,0,0,15,7,8,41.8085039079,-87.7433175254,POINT (-87.743317525404 41.808503907886)
1959d12aab699bfa67b4197afb72082b216a863c3451d5beffd2f2ea1e19ddcd205b3ff6b5630a35bca701839c5499ff6bc98d1e88e10b60e3feb8afb7064608,Y,08/30/2025 03:50:00 PM,30,TRAFFIC SIGNAL,UNKNOWN,CLEAR,DAYLIGHT,ANGLE,FOUR WAY,,STRAIGHT AND LEVEL,UNKNOWN,UNKNOWN,NOT ON SCENE (DESK REPORT),NO INJURY / DRIVE AWAY,Y,,,"$501 - $1,500",08/30/2025 04:30:00 PM,FAILING TO YIELD RIGHT-OF-WAY,UNABLE TO DETERMINE,1622,W,DEVON AVE,2432,,,,,,,2,NO INDICATION OF INJURY,0,0,0,0,0,2,0,15,7,8,41.9981695997,-87.6715893334,POINT (-87.671589333421 41.998169599738)
61de0dfa3443299a65c9d05cf218f8c94467baf5c20fcaa7c6a14c2cd38e53e1cd05edadfab15a0d659db0f637e95e7251fd1543c3d30299b2a5499d174ececd,,08/30/2025 03:50:00 PM,15,UNKNOWN,UNKNOWN,CLEAR,DAYLIGHT,PARKED MOTOR VEHICLE,PARKING LOT,,STRAIGHT AND LEVEL,UNKNOWN,UNKNOWN,NOT ON SCENE (DESK REPORT),NO INJURY / DRIVE AWAY,,Y,Y,"OVER $1,500",08/30/2025 05:00:00 PM,UNABLE TO DETERMINE,UNABLE TO DETERMINE,3128,W,IRVING PARK RD,1724,,,,,,,2,NO INDICATION OF INJURY,0,0,0,0,0,1,0,15,7,8,41.9540384553,-87.7067348119,POINT (-87.706734811872 41.954038455272)
6e0c5763e175bd509a66c81081aef0d49a87a35022d2031d304ad772ba1962595ffc7a6520c48783d3e58663af62a0d050e3bb862489b92aee245d8d676c26c7,N,08/30/2025 03:32:00 PM,35,TRAFFIC SIGNAL,UNKNOWN,CLEAR,DAYLIGHT,ANGLE,FOUR WAY,,STRAIGHT AND LEVEL,DRY,NO DEFECTS,ON SCENE,INJURY AND / OR TOW DUE TO CRASH,,,,"$501 - $1,500",08/30/2025 03:43:00 PM,DISREGARDING TRAFFIC SIGNALS,FAILING TO YIELD RIGHT-OF-WAY,11500,S,MICHIGAN AVE,532,,,,,,,2,INCAPACITATING INJURY,1,0,1,0,0,1,0,15,7,8,41.6852712229,-87.6209471584,POINT (-87.620947158386 41.685271222904)
147341b92c4f80605e9cf7dd818f7777650e47759a866e2d2a41c7fb2556f8fa2b5317be964f87c218c1a2c6357443ba284f23edb767343c73aab4502a3594b9,,08/30/2025 03:30:00 PM,15,UNKNOWN,UNKNOWN,UNKNOWN,UNKNOWN,REAR TO SIDE,PARKING LOT,,STRAIGHT AND LEVEL,UNKNOWN,UNKNOWN,NOT ON SCENE (DESK REPORT),NO INJURY / DRIVE AWAY,,Y,N,$500 OR LESS,08/30/2025 04:54:00 PM,UNABLE TO DETERMINE,UNABLE TO DETERMINE,7564,N,WESTERN AVE,2411,,,,,,,2,NO INDICATION OF INJURY,0,0,0,0,0,2,0,15,7,8,42.0191460649,-87.6903256857,POINT (-87.690325685739 42.019146064943)
6544a96bf005de157fb4f124543c4f253faa77419783b84446692a13a2a49967711e36b49aaa673e550baf43b29e1a1a9abe3766727550575b5a9f0d56f15732,,08/30/2025 03:30:00 PM,30,TRAFFIC SIGNAL,FUNCTIONING PROPERLY,CLEAR,DAYLIGHT,TURNING,NOT DIVIDED,,STRAIGHT AND LEVEL,UNKNOWN,UNKNOWN,ON SCENE,INJURY AND / OR TOW DUE TO CRASH,Y,,,"OVER $1,500",08/30/2025 03:31:00 PM,FAILING TO YIELD RIGHT-OF-WAY,FAILING TO YIELD RIGHT-OF-WAY,7398,S,WESTERN AVE,835,,Y,,,,,2,INCAPACITATING INJURY,1,0,1,0,0,1,0,15,7,8,41.7593201129,-87.6832524148,POINT (-87.683252414791 41.759320112881)
b99507ca34b8bb76eed9e082a8cd132eb4ff5354ea6a493e1ee3cd3d449882cb2b5b5f634b8967d51f50bdada275a30ab4217d29d226f5aed03d4596a62f821e,,08/30/2025 03:30:00 PM,25,OTHER,NO CONTROLS,CLEAR,DAYLIGHT,SIDESWIPE SAME DIRECTION,TRAFFIC ROUTE,,STRAIGHT AND LEVEL,DRY,NO DEFECTS,NOT ON SCENE (DESK REPORT),NO INJURY / DRIVE AWAY,,,Y,"OVER $1,500",08/30/2025 05:24:00 PM,NOT APPLICABLE,NOT APPLICABLE,5700,S,LAKE SHORE DR,331,,,,,,,2,NO INDICATION OF INJURY,0,0,0,0,0,2,0,15,7,8,41.7914202821,-87.5801477687,POINT (-87.580147768689 41.791420282098)
692fbc69221e848bec48fa45e3214a193befb200c94e3abf615956b296053196e54ed4241b8df1a55b3359ae02e540c829d2459ac42b2dec4c6425811a4e940e,,08/30/2025 03:26:00 PM,30,TRAFFIC SIGNAL,FUNCTIONING PROPERLY,CLEAR,DAYLIGHT,PEDALCYCLIST,FOUR WAY,,STRAIGHT AND LEVEL,DRY,NO DEFECTS,NOT ON SCENE (DESK REPORT),INJURY AND / OR TOW DUE TO CRASH,Y,,,"OVER $1,500",08/30/2025 07:30:00 PM,DRIVING ON WRONG SIDE/WRONG WAY,UNABLE TO DETERMINE,347,W,MADISON ST,122,,,,,,,2,NONINCAPACITATING INJURY,1,0,0,1,0,1,0,15,7,8,41.881808154,-87.636636782,POINT (-87.636636781975 41.881808153953)
04919a8284375c739818e51d70c735005fd1e9531cabb00df372aac77bf45e9e0345c12b9292084e44d770e3fae1e5c31a97b6a1c37a37901bcd9bc403bbf8c8,,08/30/2025 03:25:00 PM,35,TRAFFIC SIGNAL,FUNCTIONING PROPERLY,CLEAR,DAYLIGHT,REAR END,DIVIDED - W/MEDIAN (NOT RAISED),,STRAIGHT AND LEVEL,DRY,NO DEFECTS,NOT ON SCENE (DESK REPORT),INJURY AND / OR TOW DUE TO CRASH,,,,"OVER $1,500",08/30/2025 03:35:00 PM,UNDER THE INFLUENCE OF ALCOHOL/DRUGS (USE WHEN ARREST IS EFFECTED),UNDER THE INFLUENCE OF ALCOHOL/DRUGS (USE WHEN ARREST IS EFFECTED),4758,N,EAST RIVER RD,1614,,,,,,,2,NONINCAPACITATING INJURY,1,0,0,1,0,2,0,15,7,8,41.9669579816,-87.8467019466,POINT (-87.846701946578 41.966957981627)
05d1d9a5be42de30d16a517a1e926fafe43960b56b717395f3e7053ac3aa079eb114b23628e0dc0ee961d4c2cf11e208fccec51a67313a2de8170d1d6dac2b69,,08/30/2025 03:25:00 PM,30,NO CONTROLS,NO CONTROLS,CLEAR,DAYLIGHT,PARKED MOTOR VEHICLE,NOT DIVIDED,,STRAIGHT AND LEVEL,DRY,NO DEFECTS,NOT ON SCENE (DESK REPORT),NO INJURY / DRIVE AWAY,,,Y,"OVER $1,500",08/30/2025 03:40:00 PM,PHYSICAL CONDITION OF DRIVER,UNABLE TO DETERMINE,1837,S,HALSTED ST,1235,,,,,,,2,NO INDICATION OF INJURY,0,0,0,0,0,1,0,15,7,8,41.8569562925,-87.6464724831,POINT (-87.646472483069 41.856956292543)
59b72bf85af31330eb4c32aaea1508354e89e79e144afee1ee7d0c624782e1162a6ad35cf20b005d661006612443f291477374c2beb56440932eeb509516be4e,,08/30/2025 03:18:00 PM,30,TRAFFIC SIGNAL,FUNCTIONING PROPERLY,CLEAR,DAYLIGHT,TURNING,NOT DIVIDED,,STRAIGHT AND LEVEL,DRY,NO DEFECTS,ON SCENE,INJURY AND / OR TOW DUE TO CRASH,,,,"OVER $1,500",08/30/2025 04:00:00 PM,IMPROPER OVERTAKING/PASSING,UNABLE TO DETERMINE,2545,N,HALSTED ST,1935,,,,,,,2,NO INDICATION OF INJURY,0,0,0,0,0,4,0,15,7,8,41.928603745,-87.6487247028,POINT (-87.648724702784 41.928603745032)
324bf8f4327b2828ce81316c3440b772d75f9136860f07b585e5d7e7d941433c09348df947af969a1bd475bd022509be8c9087e97d31b8596f5d5bdacf5acbd2,,08/30/2025 03:15:00 PM,35,TRAFFIC SIGNAL,FUNCTIONING PROPERLY,CLEAR,DAYLIGHT,REAR END,DIVIDED - W/MEDIAN (NOT RAISED),,STRAIGHT AND LEVEL,DRY,NO DEFECTS,NOT ON SCENE (DESK REPORT),NO INJURY / DRIVE AWAY,,,,"OVER $1,500",08/30/2025 03:30:00 PM,FOLLOWING TOO CLOSELY,NOT APPLICABLE,4430,W,LAWRENCE AVE,1712,,,,,,,2,NO INDICATION OF INJURY,0,0,0,0,0,4,0,15,7,8,41.9682302579,-87.7392271767,POINT (-87.739227176711 41.968230257871)
57b0c00e54b3f37ac2bd28389dd63afc7940586ac62c45099f558539aa8c6fbe8b41724b3a2657578c95ca118adcdee44a38aa1d24b532b3b0f95499ac0312bf,,08/30/2025 03:12:00 PM,30,NO CONTROLS,NO CONTROLS,CLEAR,DAYLIGHT,REAR END,NOT DIVIDED,,STRAIGHT AND LEVEL,DRY,NO DEFECTS,ON SCENE,NO INJURY / DRIVE AWAY,,,,$500 OR LESS,08/30/2025 03:12:00 PM,UNABLE TO DETERMINE,NOT APPLICABLE,814,W,BELMONT AVE,1924,,,,,,,2,NO INDICATION OF INJURY,0,0,0,0,0,2,0,15,7,8,41.9400824993,-87.6498787967,POINT (-87.649878796667 41.940082499335)
0cf8c94a174922c31f171b2457dbb515b04b0f056060781d101cbb819de23d701ed25bee3ad26f93414a12fcabbd6ddb1fba61e93769d4248e410fe778a5dfde,,08/30/2025 03:10:00 PM,30,NO CONTROLS,NO CONTROLS,CLEAR,DAYLIGHT,PARKED MOTOR VEHICLE,OTHER,,STRAIGHT AND LEVEL,DRY,NO DEFECTS,NOT ON SCENE (DESK REPORT),NO INJURY / DRIVE AWAY,,,,$500 OR LESS,08/30/2025 03:12:00 PM,NOT APPLICABLE,NOT APPLICABLE,2504,W,LITHUANIAN PLAZA CT,832,,,,,,,2,NO INDICATION OF INJURY,0,0,0,0,0,1,0,15,7,8,41.7684028747,-87.6860348368,POINT (-87.686034836836 41.768402874687)
b223525a92648688a320a3d7d81c5e469a06bfd14d4e53a93c508bc84721643dd6ed6c5e88375c4af9fd23d9bd8c70c3876fdd0035fa0985841e4f49d75f8cca,,08/30/2025 03:08:00 PM,15,UNKNOWN,OTHER,CLEAR,DAYLIGHT,FIXED OBJECT,ALLEY,,STRAIGHT AND LEVEL,UNKNOWN,UNKNOWN,ON SCENE,NO INJURY / DRIVE AWAY,,,Y,"$501 - $1,500",08/30/2025 03:18:00 PM,UNABLE TO DETERMINE,UNABLE TO DETERMINE,2547,W,GRENSHAW ST,1135,,,,,,,1,NO INDICATION OF INJURY,0,0,0,0,0,1,0,15,7,8,41.8673581886,-87.6901940418,POINT (-87.690194041804 41.867358188644)
ab240654f0eef80ed1e4feca092767db94714f99e78f67a1910101311b33a5f115f502ec3b5af22065b92a4c1a8dbd4e7376a6028b59b0014561585501b656fc,,08/30/2025 03:03:00 PM,30,NO CONTROLS,NO CONTROLS,CLEAR,DAYLIGHT,SIDESWIPE SAME DIRECTION,NOT DIVIDED,,STRAIGHT AND LEVEL,DRY,NO DEFECTS,NOT ON SCENE (DESK REPORT),NO INJURY / DRIVE AWAY,,,,"OVER $1,500",08/30/2025 04:15:00 PM,UNABLE TO DETERMINE,UNABLE TO DETERMINE,598,S,CALIFORNIA AVE,1135,,,,,,,2,NO INDICATION OF INJURY,0,0,0,0,0,2,0,15,7,8,41.8738456048,-87.6962499165,POINT (-87.69624991647 41.873845604765)
29895147c493f5ffcf23299754e93a2b28e187dbf95cd855bb078cbd0cbc18d505512070961f62a7b44a324a7a1046bbd597f9cddd1ea3e1ebc940bf0320f2c3,,08/30/2025 03:00:00 PM,30,TRAFFIC SIGNAL,FUNCTIONING PROPERLY,CLEAR,DAYLIGHT,REAR END,NOT DIVIDED,,STRAIGHT AND LEVEL,DRY,NO DEFECTS,NOT ON SCENE (DESK REPORT),NO INJURY / DRIVE AWAY,,,,"OVER $1,500",08/30/2025 09:10:00 PM,FAILING TO REDUCE SPEED TO AVOID CRASH,UNABLE TO DETERMINE,6348,S,ARCHER AVE,811,,,,,,,2,NO INDICATION OF INJURY,0,0,0,0,0,2,0,15,7,8,41.7929158004,-87.7801345902,POINT (-87.780134590236 41.7929158004)
7e94ef39c8fad458d3158429e250fdaca4a54d7256fb4ce363c9a4896098f6096e8b49a2ee3dce6b577b6e57f9f45649feb127f2bd31a7799ab1ead6b5d766ce,,08/30/2025 03:00:00 PM,30,UNKNOWN,UNKNOWN,CLEAR,DAYLIGHT,ANGLE,T-INTERSECTION,,STRAIGHT AND LEVEL,UNKNOWN,UNKNOWN,NOT ON SCENE (DESK REPORT),NO INJURY / DRIVE AWAY,Y,,,"OVER $1,500",08/30/2025 03:30:00 PM,UNABLE TO DETERMINE,UNABLE TO DETERMINE,2555,N,HALSTED ST,1935,,,,,,,2,NO INDICATION OF INJURY,0,0,0,0,0,5,0,15,7,8,41.9289165159,-87.6487354501,POINT (-87.648735450085 41.928916515896)
0490f908d9c502e7b972ffff232d2eb606670d1f6ffa981982ed72b7fead818198d656b865d73fa477b99ffd7953ce4834906de05ea37f1d16727257d2115de6,,08/30/2025 02:51:00 PM,30,TRAFFIC SIGNAL,FUNCTIONING PROPERLY,CLEAR,DAYLIGHT,HEAD ON,NOT DIVIDED,,STRAIGHT AND LEVEL,DRY,NO DEFECTS,ON SCENE,INJURY AND / OR TOW DUE TO CRASH,,,,"OVER $1,500",08/30/2025 03:20:00 PM,IMPROPER OVERTAKING/PASSING,NOT APPLICABLE,7401,S,CICERO AVE,833,,,,,,,2,NONINCAPACITATING INJURY,1,0,0,1,0,1,0,14,7,8,41.7587279977,-87.7415356623,POINT (-87.741535662317 41.75872799769)
304dcc872c5061747cc20aca7ffb55e78828e037a65be8bf0cab5a26b21a7cefb1eb27ca21c96fe924a7fc697cd9238b995c8e4e6980c201e19f121c7a1eeecd,,08/30/2025 02:45:00 PM,30,UNKNOWN,UNKNOWN,CLEAR,DAYLIGHT,REAR END,NOT DIVIDED,,STRAIGHT AND LEVEL,UNKNOWN,UNKNOWN,NOT ON SCENE (DESK REPORT),NO INJURY / DRIVE AWAY,,,,$500 OR LESS,08/30/2025 03:15:00 PM,FAILING TO REDUCE SPEED TO AVOID CRASH,FOLLOWING TOO CLOSELY,60,W,POLK ST,123,,,,,,,2,NO INDICATION OF INJURY,0,0,0,0,0,2,0,14,7,8,41.8723851803,-87.6296576608,POINT (-87.629657660849 41.87238518035)
37b0b683e6dcdafa96af39418c607a2aae3a91ca244ca779f61e85cef602ab7caf4dfbf7d3e4887596c01039b768d9d0371bad78c791fb592e18a0fb4c31ecba,,08/30/2025 02:42:00 PM,30,TRAFFIC SIGNAL,FUNCTIONING PROPERLY,CLEAR,DAYLIGHT,PEDESTRIAN,NOT DIVIDED,,STRAIGHT AND LEVEL,DRY,NO DEFECTS,ON SCENE,INJURY AND / OR TOW DUE TO CRASH,,,Y,"OVER $1,500",08/30/2025 03:00:00 PM,UNABLE TO DETERMINE,NOT APPLICABLE,1999,E,95TH ST,431,,,,,,,2,INCAPACITATING INJURY,1,0,1,0,0,1,0,14,7,8,41.7223586602,-87.5754142536,POINT (-87.575414253599 41.722358660246)
07577ef8add336b59358043e2c44496f4affe258d4fff6e0754b9cccb78a69ea7ab09393ae282d5562e4b6fe0f54f4b2bfbed4ea7fc7560acbaa1ddeaef97117,,08/30/2025 02:30:00 PM,25,STOP SIGN/FLASHER,FUNCTIONING PROPERLY,CLEAR,DAYLIGHT,REAR END,DIVIDED - W/MEDIAN (NOT RAISED),,STRAIGHT AND LEVEL,DRY,NO DEFECTS,NOT ON SCENE (DESK REPORT),NO INJURY / DRIVE AWAY,Y,,Y,"OVER $1,500",08/31/2025 02:35:00 PM,UNABLE TO DETERMINE,UNABLE TO DETERMINE,3100,S,PULASKI RD,1031,,,,,,,2,NO INDICATION OF INJURY,0,0,0,0,0,2,0,14,7,8,41.836789643,-87.7244954651,POINT (-87.724495465118 41.836789642982)
30d6d4895d7324b27db1cc57e3b795686290f4967ade5d59ad68fe9560d092d2e5750df2e8901dbed85e8d85fab0cdf2565c0131478e3a2f3f233cac097ef7d4,,08/30/2025 02:30:00 PM,30,NO CONTROLS,NO CONTROLS,CLEAR,DAYLIGHT,PARKED MOTOR VEHICLE,ONE-WAY,,STRAIGHT AND LEVEL,DRY,NO DEFECTS,NOT ON SCENE (DESK REPORT),NO INJURY / DRIVE AWAY,,,Y,"OVER $1,500",08/30/2025 03:30:00 PM,UNABLE TO DETERMINE,NOT APPLICABLE,4757,N,HARDING AVE,1723,,,,,,,2,NO INDICATION OF INJURY,0,0,0,0,0,1,0,14,7,8,41.9681087014,-87.726662332,POINT (-87.726662332031 41.968108701443)
f02cd6cb935a7339cc06b3db02d05c4b981ec1705fe78276a192b927e09fd24f36201c7280bd1091a0a139debab2f65bb2f6fd15444997d59f6fd5da9c842ace,,08/30/2025 02:30:00 PM,10,NO CONTROLS,NO CONTROLS,CLEAR,DAYLIGHT,PARKED MOTOR VEHICLE,PARKING LOT,,STRAIGHT AND LEVEL,DRY,NO DEFECTS,NOT ON SCENE (DESK REPORT),NO INJURY / DRIVE AWAY,,Y,Y,"$501 - $1,500",08/30/2025 05:49:00 PM,NOT APPLICABLE,NOT APPLICABLE,4700,S,KEDZIE AVE,821,,,,,,,2,NO INDICATION OF INJURY,0,0,0,0,0,1,0,14,7,8,41.8080472717,-87.7041188223,POINT (-87.704118822299 41.80804727165)
ad0daa87a1f92e118f167fb0f5f2a0fe6ad6b51facb8e268fc49f766568416053a9634c27352fcd34d1fadd6e8de99d29f0244e0dcb311a7e0c0883a0a8b175d,,08/30/2025 02:25:00 PM,30,STOP SIGN/FLASHER,FUNCTIONING PROPERLY,CLEAR,DAYLIGHT,ANGLE,NOT DIVIDED,,STRAIGHT AND LEVEL,DRY,NO DEFECTS,NOT ON SCENE (DESK REPORT),INJURY AND / OR TOW DUE TO CRASH,,,Y,"OVER $1,500",08/30/2025 03:48:00 PM,DISREGARDING STOP SIGN,NOT APPLICABLE,2929,W,47TH ST,922,,,,,,,2,NONINCAPACITATING INJURY,1,0,0,1,0,2,0,14,7,8,41.8081119186,-87.6977323381,POINT (-87.697732338053 41.808111918569)
03405d0f62b6fba9f941d39dacc44d7afa184ee44db9af86f04db15b3b8705850c376ecdce6dc0b1a7f5aa773b157683b6fda77841f9f104b82b513e7b9e572d,,08/30/2025 02:15:00 PM,30,TRAFFIC SIGNAL,FUNCTIONING PROPERLY,UNKNOWN,UNKNOWN,TURNING,DIVIDED - W/MEDIAN (NOT RAISED),,STRAIGHT AND LEVEL,UNKNOWN,UNKNOWN,NOT ON SCENE (DESK REPORT),NO INJURY / DRIVE AWAY,Y,,,"$501 - $1,500",08/30/2025 02:45:00 PM,FAILING TO YIELD RIGHT-OF-WAY,FAILING TO YIELD RIGHT-OF-WAY,2451,S,CALIFORNIA AVE,1034,,,,,,,2,NO INDICATION OF INJURY,0,0,0,0,0,2,0,14,7,8,41.8467605817,-87.6951445619,POINT (-87.695144561897 41.846760581674)
52bc639ad3fca090776f3793b1fdf1c7a925961283bd037fb35808dd94ecfa259f3008514ae1e7ddb32618b7d074d3d3c1b414aa25b3ffb518e726a4438d3c67,,08/30/2025 02:08:00 PM,30,TRAFFIC SIGNAL,FUNCTIONING PROPERLY,CLEAR,DAYLIGHT,PEDALCYCLIST,NOT DIVIDED,,STRAIGHT AND LEVEL,DRY,NO DEFECTS,ON SCENE,INJURY AND / OR TOW DUE TO CRASH,,,,$500 OR LESS,08/30/2025 02:37:00 PM,FAILING TO YIELD RIGHT-OF-WAY,UNABLE TO DETERMINE,3930,N,PINE GROVE AVE,1925,,,,,,,2,NONINCAPACITATING INJURY,1,0,0,1,0,1,0,14,7,8,41.9537740641,-87.6480606762,POINT (-87.648060676213 41.953774064116)
3409497cdbf5bf2b69a47656a6d8ebcc33068bf9fd6e5a03c45000d5c1895a23e457ca7338d050f184f20d1bfba64450d766a4d286df05244a86c6d86fcda08e,,08/30/2025 02:00:00 PM,30,TRAFFIC SIGNAL,FUNCTIONING PROPERLY,CLEAR,DAYLIGHT,REAR END,NOT DIVIDED,,STRAIGHT AND LEVEL,DRY,NO DEFECTS,NOT ON SCENE (DESK REPORT),NO INJURY / DRIVE AWAY,,,,"OVER $1,500",08/30/2025 03:53:00 PM,FOLLOWING TOO CLOSELY,NOT APPLICABLE,5901,N,CICERO AVE,1711,,,,,,,2,NO INDICATION OF INJURY,0,0,0,0,0,4,0,14,7,8,41.9888155328,-87.7481753921,POINT (-87.74817539212 41.988815532788)
417a953bd3b8b02ef1d79f8da52a15f58f126089e50bed2e53d577ec93b882a5d8bd30ebcc09961d899b30fcca1157a854bd6e36752480aeaef35cbc79c278d4,,08/30/2025 02:00:00 PM,20,NO CONTROLS,NO CONTROLS,CLEAR,DAYLIGHT,ANGLE,PARKING LOT,,STRAIGHT AND LEVEL,DRY,NO DEFECTS,NOT ON SCENE (DESK REPORT),NO INJURY / DRIVE AWAY,,Y,Y,"$501 - $1,500",08/30/2025 02:49:00 PM,FAILING TO YIELD RIGHT-OF-WAY,DRIVING SKILLS/KNOWLEDGE/EXPERIENCE,2731,N,ELSTON AVE,1432,,,,,,,2,NO INDICATION OF INJURY,0,0,0,0,0,3,0,14,7,8,41.9312664548,-87.6862720477,POINT (-87.6862720477 41.931266454777)
4dfa82bf1edab1d135d6a6f6199635e62a2c65209e1d97f773024380909a5454a7056f0da6ae6bd813d5f5d7fe1c407513f5fcafb10eb3cc1588067d9f13d39f,,08/30/2025 02:00:00 PM,45,NO CONTROLS,NO CONTROLS,CLEAR,DAYLIGHT,SIDESWIPE SAME DIRECTION,ONE-WAY,,STRAIGHT AND LEVEL,DRY,NO DEFECTS,NOT ON SCENE (DESK REPORT),NO INJURY / DRIVE AWAY,,,Y,"OVER $1,500",08/30/2025 02:38:00 PM,UNABLE TO DETERMINE,UNABLE TO DETERMINE,2918,S,LAKE SHORE DR SB,133,,,,,,,2,NO INDICATION OF INJURY,0,0,0,0,0,2,0,14,7,8,41.8416512762,-87.6101233794,POINT (-87.610123379409 41.841651276226)
7985540b5ba3d6d2ee5e33a79432e906c8f4074b62a4046eb56f27225a8278525278e602e29315506c75ba02f05bf027a3f85273bed1ebd4d0115466bae112fa,,08/30/2025 02:00:00 PM,30,STOP SIGN/FLASHER,FUNCTIONING PROPERLY,CLEAR,DAYLIGHT,ANGLE,NOT DIVIDED,,STRAIGHT AND LEVEL,DRY,NO DEFECTS,ON SCENE,INJURY AND / OR TOW DUE TO CRASH,Y,,,"OVER $1,500",08/30/2025 02:00:00 PM,FAILING TO YIELD RIGHT-OF-WAY,NOT APPLICABLE,5600,S,NEENAH AVE,811,,,,,,,2,NO INDICATION OF INJURY,0,0,0,0,0,2,0,14,7,8,41.7903548299,-87.7855472747,POINT (-87.785547274681 41.790354829945)
a22fa7bd66edeb17773d379ec59c142afa4d5f2a1e70c0268c9bc2d01addae6b81e766f2385a61a07ecad58e1df0a5afe66ce3fc6a0da67d6f6479757fbdf5ac,,08/30/2025 02:00:00 PM,30,UNKNOWN,UNKNOWN,UNKNOWN,UNKNOWN,PARKED MOTOR VEHICLE,UNKNOWN,,STRAIGHT AND LEVEL,UNKNOWN,UNKNOWN,NOT ON SCENE (DESK REPORT),NO INJURY / DRIVE AWAY,,,,"OVER $1,500",08/30/2025 04:35:00 PM,UNABLE TO DETERMINE,UNABLE TO DETERMINE,3250,W,87TH ST,834,,,,,,,2,NO INDICATION OF INJURY,0,0,0,0,0,1,0,14,7,8,41.7352740895,-87.7035112835,POINT (-87.703511283506 41.735274089541)
c3391d295ad8f17651ce985292dfb1ed969a2a0a22a21781026b046a74290203f2c52c11201baf13c158c3c071c661557be10dba939e7db38eef0dcac54916bf,,08/30/2025 02:00:00 PM,30,NO CONTROLS,NO CONTROLS,CLEAR,DAYLIGHT,REAR END,NOT DIVIDED,,STRAIGHT AND LEVEL,DRY,NO DEFECTS,NOT ON SCENE (DESK REPORT),NO INJURY / DRIVE AWAY,,,,"OVER $1,500",08/30/2025 06:23:00 PM,FAILING TO YIELD RIGHT-OF-WAY,DRIVING SKILLS/KNOWLEDGE/EXPERIENCE,3425,W,FULLERTON AVE,1413,,,,,,,2,NO INDICATION OF INJURY,0,0,0,0,0,3,0,14,7,8,41.9245427926,-87.7131066448,POINT (-87.713106644756 41.924542792588)
e3b3bf40e0f12d972ecf3d7a5f929e9e3790a2355345a0e40eaba11c438ecdea3d72d4b43aa107b5a6df89f95775aca3de84d5873c6424ff50ca14aba46dec58,,08/30/2025 02:00:00 PM,30,TRAFFIC SIGNAL,FUNCTIONING PROPERLY,CLEAR,DAYLIGHT,REAR END,FOUR WAY,,STRAIGHT AND LEVEL,DRY,NO DEFECTS,NOT ON SCENE (DESK REPORT),NO INJURY / DRIVE AWAY,,,,"OVER $1,500",08/31/2025 08:00:00 AM,UNABLE TO DETERMINE,NOT APPLICABLE,3400,W,GRAND AVE,1121,,,,,,,2,NO INDICATION OF INJURY,0,0,0,0,0,2,0,14,7,8,41.8998219477,-87.7114386571,POINT (-87.711438657065 41.899821947712)