CRASH_RECORD_ID,CRASH_DATE_EST_I,CRASH_DATE,POSTED_SPEED_LIMIT,TRAFFIC_CONTROL_DEVICE,DEVICE_CONDITION,WEATHER_CONDITION,LIGHTING_CONDITION,FIRST_CRASH_TYPE,TRAFFICWAY_TYPE,LANE_CNT,ALIGNMENT,ROADWAY_SURFACE_COND,ROAD_DEFECT,REPORT_TYPE,CRASH_TYPE,INTERSECTION_RELATED_I,NOT_RIGHT_OF_WAY_I,HIT_AND_RUN_I,DAMAGE,DATE_POLICE_NOTIFIED,PRIM_CONTRIBUTORY_CAUSE,SEC_CONTRIBUTORY_CAUSE,STREET_NO,STREET_DIRECTION,STREET_NAME,BEAT_OF_OCCURRENCE,PHOTOS_TAKEN_I,STATEMENTS_TAKEN_I,DOORING_I,WORK_ZONE_I,WORK_ZONE_TYPE,WORKERS_PRESENT_I,NUM_UNITS,MOST_SEVERE_INJURY,INJURIES_TOTAL,INJURIES_FATAL,INJURIES_INCAPACITATING,INJURIES_NON_INCAPACITATING,INJURIES_REPORTED_NOT_EVIDENT,INJURIES_NO_INDICATION,INJURIES_UNKNOWN,CRASH_HOUR,CRASH_DAY_OF_WEEK,CRASH_MONTH,LATITUDE,LONGITUDE,LOCATION
325fdb2e63173bffee24cf8c5e5e46bb4a4e91d6a33cba0a9f992af765d1305de13204a7343945340b2a5a4044f205bc3b8b4a61062dbf4ee692f88d9c2d869b,,08/30/2025 01:53:00 PM,10,NO CONTROLS,NO CONTROLS,CLEAR,DAYLIGHT,FIXED OBJECT,DRIVEWAY,,STRAIGHT AND LEVEL,DRY,NO DEFECTS,ON SCENE,NO INJURY / DRIVE AWAY,,,,"OVER $1,500",08/30/2025 02:49:00 PM,NOT APPLICABLE,NOT APPLICABLE,324,S,DESPLAINES ST,121,,,,,,,1,NO INDICATION OF INJURY,0,0,0,0,0,1,0,13,7,8,41.8772515559,-87.644124911,POINT (-87.644124910952 41.877251555867)
50173ae0b3046c992cc2e10ceffe3fc1a1a5f109eaac03166a8159724dae3ed78ed372e9f14c601412997a6ee0f101dd3669620434ca2bf21b38844f41f38c17,,08/30/2025 01:50:00 PM,20,NO CONTROLS,NO CONTROLS,CLEAR,DAYLIGHT,PARKED MOTOR VEHICLE,ONE-WAY,,STRAIGHT AND LEVEL,DRY,NO DEFECTS,NOT ON SCENE (DESK REPORT),NO INJURY / DRIVE AWAY,,,Y,"OVER $1,500",08/30/2025 02:35:00 PM,FOLLOWING TOO CLOSELY,FOLLOWING TOO CLOSELY,3110,W,SUNNYSIDE AVE,1724,,,,,,,2,NO INDICATION OF INJURY,0,0,0,0,0,1,0,13,7,8,41.9631372257,-87.7063147005,POINT (-87.706314700549 41.963137225731)
5a37a9b73f3b5755c5b178ff204f1837ec6d28c1b2ac490a3fab3ffaf2b5befdc37a5cef3596959867dc973b082cda08c24803deeef3a963f206c326423d75e8,,08/30/2025 01:39:00 PM,30,NO CONTROLS,NO CONTROLS,CLEAR,DAYLIGHT,SIDESWIPE SAME DIRECTION,DIVIDED - W/MEDIAN BARRIER,,STRAIGHT AND LEVEL,DRY,NO DEFECTS,ON SCENE,NO INJURY / DRIVE AWAY,,,,"$501 - $1,500",08/30/2025 01:55:00 PM,UNABLE TO DETERMINE,UNABLE TO DETERMINE,34,E,WACKER DR,111,,,,,,,2,NO INDICATION OF INJURY,0,0,0,0,0,5,0,13,7,8,41.8873312362,-87.6269115481,POINT (-87.626911548108 41.887331236205)
2966a16252e3248d6d7744010467c431b10763adad769245e32ad86825cac034ef865f77cc0110806faf35947d9e018075ec8c0cf0f6014ab01f807df6a9b175,,08/30/2025 01:31:00 PM,30,TRAFFIC SIGNAL,FUNCTIONING PROPERLY,CLOUDY/OVERCAST,DAYLIGHT,REAR END,FOUR WAY,,STRAIGHT AND LEVEL,DRY,NO DEFECTS,ON SCENE,INJURY AND / OR TOW DUE TO CRASH,,,,"$501 - $1,500",08/30/2025 01:31:00 PM,FOLLOWING TOO CLOSELY,FAILING TO REDUCE SPEED TO AVOID CRASH,701,S,COLUMBUS DR,114,,,,,,,2,NO INDICATION OF INJURY,0,0,0,0,0,6,0,13,7,8,41.8731503686,-87.6204451473,POINT (-87.620445147329 41.873150368624)
8c56ee2b2335c3622c35a1c79f9c0541ff4d3ec7c07e0e5826c6f4841dd994772b5c3a223464a063998e5e56c15a815b558f7847a973600674000e2497ddcc0b,,08/30/2025 01:30:00 PM,30,UNKNOWN,UNKNOWN,UNKNOWN,DAYLIGHT,TURNING,UNKNOWN,,STRAIGHT AND LEVEL,DRY,NO DEFECTS,NOT ON SCENE (DESK REPORT),NO INJURY / DRIVE AWAY,,,,$500 OR LESS,08/30/2025 05:15:00 PM,UNABLE TO DETERMINE,UNABLE TO DETERMINE,2148,S,ARCHER AVE,914,,,,,,,2,NO INDICATION OF INJURY,0,0,0,0,0,2,0,13,7,8,41.8535100303,-87.6337504691,POINT (-87.633750469127 41.853510030263)
bab6543007b75a35d2273f29292326da534459e6905eb0bb47c73088cbb588efd1868657256afd15bd26ba27c0d70b90816929927e7fbda147880edd1955e2d0,N,08/30/2025 01:30:00 PM,30,STOP SIGN/FLASHER,NO CONTROLS,CLEAR,DAYLIGHT,PEDESTRIAN,T-INTERSECTION,,STRAIGHT AND LEVEL,DRY,NO DEFECTS,,INJURY AND / OR TOW DUE TO CRASH,Y,,Y,"OVER $1,500",08/30/2025 03:22:00 PM,DISTRACTION - FROM INSIDE VEHICLE,NOT APPLICABLE,1,E,74TH ST,323,,,,,,,2,NONINCAPACITATING INJURY,1,0,0,1,0,1,0,13,7,8,41.7599457624,-87.6247113873,POINT (-87.624711387324 41.759945762434)
809839908308e5af38ed49b5ba9aa8d8669836fc92f603b29319f8207e9f2a6a60cfdf738602e915449c2a218eec913fb6e595ea3b54d25e2a213af0bc74ec6e,,08/30/2025 01:29:00 PM,30,TRAFFIC SIGNAL,FUNCTIONING PROPERLY,CLEAR,DAYLIGHT,PEDALCYCLIST,FOUR WAY,,STRAIGHT AND LEVEL,DRY,NO DEFECTS,NOT ON SCENE (DESK REPORT),NO INJURY / DRIVE AWAY,Y,,,$500 OR LESS,08/30/2025 03:40:00 PM,UNABLE TO DETERMINE,NOT APPLICABLE,2,S,PAULINA ST,1224,,,,,,,2,NO INDICATION OF INJURY,0,0,0,0,0,3,0,13,7,8,41.8813756531,-87.6694487226,POINT (-87.66944872265 41.881375653103)
1d56b37f6f6d434e7c3a2aca6a3954a9e6a96bbdb315a3bd873260a354b68df99c316a7be762dade650998b2f01d108cdd206cbc75ea210e6840f14c82c10eb2,,08/30/2025 01:25:00 PM,15,NO CONTROLS,NO CONTROLS,CLEAR,DAYLIGHT,PEDESTRIAN,ALLEY,,STRAIGHT AND LEVEL,DRY,NO DEFECTS,ON SCENE,NO INJURY / DRIVE AWAY,,,,$500 OR LESS,08/30/2025 01:25:00 PM,UNABLE TO DETERMINE,NOT APPLICABLE,8743,S,RACINE AVE,2222,,,,,,,2,NO INDICATION OF INJURY,0,0,0,0,0,2,0,13,7,8,41.73461391,-87.6531552524,POINT (-87.653155252375 41.734613910012)
d0b106f78c2261d9d607f82bdbed9600ff5e44586a2885eddcdda95451f5ca5792bdad746c5ea51decad8a2bc27d8b9bc0f41d495ad7e4e202f2818ac601a5db,,08/30/2025 01:21:00 PM,30,NO CONTROLS,NO CONTROLS,CLEAR,DAYLIGHT,SIDESWIPE SAME DIRECTION,NOT DIVIDED,,STRAIGHT AND LEVEL,DRY,NO DEFECTS,NOT ON SCENE (DESK REPORT),INJURY AND / OR TOW DUE TO CRASH,,,Y,"OVER $1,500",08/30/2025 01:21:00 PM,UNABLE TO DETERMINE,NOT APPLICABLE,2838,W,MADISON ST,1222,,,,,,,2,NONINCAPACITATING INJURY,1,0,0,1,0,2,0,13,7,8,41.8811682384,-87.6980189793,POINT (-87.698018979277 41.881168238445)
dbc94790dea16b9455fcd21bf238861e30a41ef485152ba1798deea7ebf5c37f4339499736754788e6b85eef320a63e553927d7cf63e4a1235a30da4f633367e,,08/30/2025 01:20:00 PM,30,TRAFFIC SIGNAL,FUNCTIONING PROPERLY,CLEAR,DAYLIGHT,REAR END,NOT DIVIDED,,STRAIGHT AND LEVEL,DRY,NO DEFECTS,NOT ON SCENE (DESK REPORT),NO INJURY / DRIVE AWAY,,,Y,"$501 - $1,500",08/30/2025 01:35:00 PM,FOLLOWING TOO CLOSELY,NOT APPLICABLE,422,N,CENTRAL AVE,1512,,,,,,,2,NO INDICATION OF INJURY,0,0,0,0,0,2,0,13,7,8,41.8884478134,-87.7652931882,POINT (-87.765293188172 41.888447813427)
d6c6c78a90b787eeb7750384fa67eb33050b6eecbd024a57940beb65bf2d822f296b3c9a324808945cbd8be331a4e53e86d9e3cd65e2361b2d61364a4ddf6ad9,,08/30/2025 01:15:00 PM,30,NO CONTROLS,NO CONTROLS,CLEAR,DAYLIGHT,SIDESWIPE SAME DIRECTION,ONE-WAY,,STRAIGHT AND LEVEL,DRY,NO DEFECTS,ON SCENE,INJURY AND / OR TOW DUE TO CRASH,,,Y,"OVER $1,500",08/30/2025 06:31:00 PM,FAILING TO YIELD RIGHT-OF-WAY,IMPROPER LANE USAGE,4353,W,27TH ST,1031,,,,,,,2,NONINCAPACITATING INJURY,1,0,0,1,0,3,0,13,7,8,41.8421789467,-87.733915015,POINT (-87.733915014955 41.842178946727)
39d78ba73a109b05e7bd320d50c6417de22fe75ba2129d0503d35b9f9f5d4963d0b4567f470d244957dd9d01ce2c91f71108f69e57dc4628d3e3bd0ed73a243d,,08/30/2025 01:09:00 PM,30,NO CONTROLS,NO CONTROLS,CLEAR,DAYLIGHT,REAR END,NOT DIVIDED,,STRAIGHT AND LEVEL,DRY,NO DEFECTS,NOT ON SCENE (DESK REPORT),INJURY AND / OR TOW DUE TO CRASH,,,,"OVER $1,500",08/30/2025 01:50:00 PM,FOLLOWING TOO CLOSELY,NOT APPLICABLE,3400,W,55TH ST,822,,,,,,,2,NONINCAPACITATING INJURY,2,0,0,2,0,1,0,13,7,8,41.7935494395,-87.708523971,POINT (-87.708523970978 41.793549439541)
5e82e683ce57e9149b68562e7040976c73404619305e76749da56d68a8b22f53fc5181a3fb401bfe268aa20ff964757058cea672a96ecabeacf2e9b8df1d1340,,08/30/2025 01:07:00 PM,15,NO CONTROLS,NO CONTROLS,UNKNOWN,UNKNOWN,REAR TO SIDE,PARKING LOT,,STRAIGHT AND LEVEL,UNKNOWN,UNKNOWN,NOT ON SCENE (DESK REPORT),NO INJURY / DRIVE AWAY,,,,"OVER $1,500",08/30/2025 01:22:00 PM,UNABLE TO DETERMINE,NOT APPLICABLE,2200,S,WESTERN AVE,1034,,,,,,,2,NO INDICATION OF INJURY,0,0,0,0,0,3,0,13,7,8,41.8519838396,-87.6857857042,POINT (-87.685785704205 41.851983839573)
9305a3348fa8b2f2f8aeddc93d0af0bada660de2c05648da8e7ab03b162478eb6716fda43b088e4409bb6a3f9d47d6a41b49e37728eb01ee8eef6ebcb0f91f70,,08/30/2025 01:06:00 PM,30,UNKNOWN,UNKNOWN,UNKNOWN,UNKNOWN,SIDESWIPE SAME DIRECTION,UNKNOWN,,STRAIGHT AND LEVEL,UNKNOWN,UNKNOWN,NOT ON SCENE (DESK REPORT),NO INJURY / DRIVE AWAY,,,,$500 OR LESS,08/30/2025 02:02:00 PM,UNABLE TO DETERMINE,UNABLE TO DETERMINE,6400,N,MAGNOLIA AVE,2432,,,,,,,2,NO INDICATION OF INJURY,0,0,0,0,0,2,0,13,7,8,41.9982803532,-87.661989664,POINT (-87.661989663964 41.998280353179)
291c9241a64fd6a2ca324f961612b8f05340f6d2145cb818103a26f6fb0dccb361b3158004e6136cd45c1bb7394e5212d0f1a66a56a918e4ff0257c84ecc5f55,,08/30/2025 01:00:00 PM,30,UNKNOWN,UNKNOWN,CLEAR,DAYLIGHT,SIDESWIPE SAME DIRECTION,ONE-WAY,,STRAIGHT AND LEVEL,UNKNOWN,UNKNOWN,NOT ON SCENE (DESK REPORT),NO INJURY / DRIVE AWAY,,,,"OVER $1,500",08/30/2025 02:10:00 PM,UNABLE TO DETERMINE,UNABLE TO DETERMINE,456,N,CLARK ST,1831,,,,,,,2,NO INDICATION OF INJURY,0,0,0,0,0,2,0,13,7,8,41.8907819712,-87.6312518142,POINT (-87.631251814186 41.890781971197)
31f996c96541caa4d1071d8c4024999a67f9b2c9717be6d40cf12c37281dc54c20b4fe3977019da66f4340a62346817477d6bcd80c1ae6995757e7077404ef1f,,08/30/2025 01:00:00 PM,15,NO CONTROLS,NO CONTROLS,CLEAR,DAYLIGHT,ANGLE,PARKING LOT,,STRAIGHT AND LEVEL,UNKNOWN,UNKNOWN,NOT ON SCENE (DESK REPORT),NO INJURY / DRIVE AWAY,,Y,,"OVER $1,500",08/31/2025 01:28:00 PM,UNABLE TO DETERMINE,UNABLE TO DETERMINE,3200,S,ARCHER AVE,912,,,,,,,2,NO INDICATION OF INJURY,0,0,0,0,0,2,0,13,7,8,41.8359580185,-87.6687902665,POINT (-87.668790266538 41.835958018486)
9e50f576c490449b6d516998c42c6b729cec5b703c027a3e2f1f72301da7cce573ae3cdaaedf0a3a129909edc15c66c27d7e12f400d059bf424d33c38213edf3,,08/30/2025 01:00:00 PM,30,TRAFFIC SIGNAL,UNKNOWN,CLEAR,DAYLIGHT,TURNING,UNKNOWN INTERSECTION TYPE,,STRAIGHT AND LEVEL,UNKNOWN,UNKNOWN,NOT ON SCENE (DESK REPORT),INJURY AND / OR TOW DUE TO CRASH,,,,"OVER $1,500",08/30/2025 05:45:00 PM,FAILING TO YIELD RIGHT-OF-WAY,UNABLE TO DETERMINE,3200,N,CICERO AVE,1634,,,,,,,3,NO INDICATION OF INJURY,0,0,0,0,0,3,0,13,7,8,41.9388705551,-87.7470205618,POINT (-87.747020561808 41.93887055512)
db78a81699133f57e538ab04c28246b5b5d5a5e734745e7c58c703d63a1bc4860e4a1b11f5fc51451b6d1263f7dcf18d36e4693b9d322d82921aae52c1355039,,08/30/2025 01:00:00 PM,30,NO CONTROLS,NO CONTROLS,CLEAR,DAYLIGHT,REAR END,NOT DIVIDED,,STRAIGHT AND LEVEL,DRY,UNKNOWN,ON SCENE,NO INJURY / DRIVE AWAY,,,,"$501 - $1,500",08/30/2025 01:03:00 PM,"EVASIVE ACTION DUE TO ANIMAL, OBJECT, NONMOTORIST","EVASIVE ACTION DUE TO ANIMAL, OBJECT, NONMOTORIST",6935,W,ARCHER AVE,811,,,,,,,2,NO INDICATION OF INJURY,0,0,0,0,0,5,0,13,7,8,41.7919745072,-87.7953776103,POINT (-87.795377610349 41.791974507243)
e71b273d731981e175bbadd62451cac3a5f21a76485452a41778bf225b71c06af08d355ed90df0179fd40dc3196f3d723cb637312c0d9a128676fcd2f75e7a5f,,08/30/2025 01:00:00 PM,30,NO CONTROLS,NO CONTROLS,CLEAR,DAYLIGHT,REAR END,DIVIDED - W/MEDIAN (NOT RAISED),,STRAIGHT AND LEVEL,DRY,NO DEFECTS,NOT ON SCENE (DESK REPORT),NO INJURY / DRIVE AWAY,,,,"OVER $1,500",08/30/2025 02:00:00 PM,UNABLE TO DETERMINE,UNABLE TO DETERMINE,5746,W,ROOSEVELT RD,1513,,,,,,,2,NO INDICATION OF INJURY,0,0,0,0,0,2,0,13,7,8,41.8656457995,-87.7686815795,POINT (-87.768681579482 41.865645799488)
3b4b9d6289c2839154278c7423025166c40c3520a726be64882e3cb6cca8257bc39defa72280439876ca42704280fb48c4619b41ce8c40d2113e44f02a14e446,,08/30/2025 12:55:00 PM,30,NO CONTROLS,NO CONTROLS,CLEAR,DAYLIGHT,REAR END,NOT DIVIDED,,STRAIGHT AND LEVEL,DRY,NO DEFECTS,ON SCENE,NO INJURY / DRIVE AWAY,,,Y,"OVER $1,500",08/30/2025 03:07:00 PM,FOLLOWING TOO CLOSELY,NOT APPLICABLE,5806,W,ROOSEVELT RD,1513,,,,,,,2,NO INDICATION OF INJURY,0,0,0,0,0,2,0,12,7,8,41.8656338841,-87.7695539869,POINT (-87.769553986929 41.865633884146)
cbc6e836af139f3f8f0d67b1ef8d3526d0315f3b1bb2c7a3df7b898799c01135179f53724e8cd366f82e6c13ef8e86d4b2e5d5087403de845afe4cc93049c96e,,08/30/2025 12:54:00 PM,30,STOP SIGN/FLASHER,FUNCTIONING PROPERLY,CLEAR,DAYLIGHT,ANGLE,FOUR WAY,,STRAIGHT AND LEVEL,DRY,NO DEFECTS,,NO INJURY / DRIVE AWAY,Y,,,"OVER $1,500",08/30/2025 01:03:00 PM,FAILING TO YIELD RIGHT-OF-WAY,IMPROPER LANE USAGE,3425,W,26TH ST,1032,,,,,,,2,NO INDICATION OF INJURY,0,0,0,0,0,2,0,12,7,8,41.8443247948,-87.7110673196,POINT (-87.711067319586 41.844324794791)
425f883425435c78ca70098bd1be42a1c7b5dffd6f1b0966d87f8057654dfd2c18ccd9aeda4a7847807a1af6a5c38d7e76c540650f4605d918453024ffb6c52b,,08/30/2025 12:50:00 PM,15,STOP SIGN/FLASHER,FUNCTIONING PROPERLY,CLEAR,DAYLIGHT,PEDALCYCLIST,NOT DIVIDED,,STRAIGHT AND LEVEL,DRY,NO DEFECTS,ON SCENE,INJURY AND / OR TOW DUE TO CRASH,,,,"OVER $1,500",08/30/2025 12:52:00 PM,FAILING TO YIELD RIGHT-OF-WAY,NOT APPLICABLE,650,W,WILSON DR,1914,,Y,,,,,2,NONINCAPACITATING INJURY,1,0,0,1,0,3,0,12,7,8,41.9657632802,-87.6473750248,POINT (-87.647375024804 41.965763280172)
5df1e8f1ac93a3f6680d22b5244892b1e99426910f6fb4a0bd1e212a76eec69b71c83fe1832ebcbed73b1839843bbd10e93eedd12b57a20a7bf8922724c312f1,,08/30/2025 12:45:00 PM,30,NO CONTROLS,NO CONTROLS,CLEAR,DAYLIGHT,SIDESWIPE SAME DIRECTION,DIVIDED - W/MEDIAN (NOT RAISED),,STRAIGHT AND LEVEL,DRY,UNKNOWN,NOT ON SCENE (DESK REPORT),NO INJURY / DRIVE AWAY,,,,"OVER $1,500",08/30/2025 01:20:00 PM,IMPROPER LANE USAGE,NOT APPLICABLE,2250,W,FULLERTON AVE,1432,,,,,,,2,NO INDICATION OF INJURY,0,0,0,0,0,3,0,12,7,8,41.9250478483,-87.6848138728,POINT (-87.68481387285 41.925047848254)
7aa2d369b1dc5055e230006de42242a6f018c58c148908b68c9b2991db204adf2bb0f32915d83f6f92d10e48e1ca8d2a0c9302ac221cd4856627c0f125fb49fe,,08/30/2025 12:40:00 PM,30,TRAFFIC SIGNAL,UNKNOWN,CLEAR,DAYLIGHT,TURNING,FOUR WAY,,STRAIGHT AND LEVEL,DRY,UNKNOWN,ON SCENE,INJURY AND / OR TOW DUE TO CRASH,Y,,,"OVER $1,500",08/30/2025 12:54:00 PM,FAILING TO YIELD RIGHT-OF-WAY,UNABLE TO DETERMINE,403,S,ASHLAND AVE,1231,,,,,,,2,NONINCAPACITATING INJURY,2,0,0,2,0,0,0,12,7,8,41.8762686612,-87.6665151829,POINT (-87.666515182908 41.876268661186)
d5ad3a1e40fb78208386e0ebdc681407e192d6fb9e59d62c6e556eb0e99549aa1892ef57c066ab680430227be04fefa80a5b0c866144956d71794b47ea49d512,,08/30/2025 12:40:00 PM,30,UNKNOWN,UNKNOWN,CLEAR,DAYLIGHT,SIDESWIPE SAME DIRECTION,NOT DIVIDED,,STRAIGHT AND LEVEL,UNKNOWN,UNKNOWN,NOT ON SCENE (DESK REPORT),NO INJURY / DRIVE AWAY,,,,"OVER $1,500",08/30/2025 01:20:00 PM,UNABLE TO DETERMINE,UNABLE TO DETERMINE,923,N,RUSH ST,1833,,,,,,,2,NO INDICATION OF INJURY,0,0,0,0,0,2,0,12,7,8,41.8998939294,-87.6269610628,POINT (-87.626961062833 41.899893929358)
7dda888acd22aa6950a1bc77ec3abe4a7ba5ee45e58a2b046c72f448e4b29072b0b9d4e28fe441329c14c24b7dc5385b6066709af1a1d5b0b59137dd9d77b199,,08/30/2025 12:30:00 PM,30,TRAFFIC SIGNAL,FUNCTIONING PROPERLY,CLEAR,DAYLIGHT,PARKED MOTOR VEHICLE,UNKNOWN INTERSECTION TYPE,,STRAIGHT AND LEVEL,DRY,NO DEFECTS,ON SCENE,NO INJURY / DRIVE AWAY,,,,"OVER $1,500",08/30/2025 12:40:00 PM,UNABLE TO DETERMINE,UNABLE TO DETERMINE,616,N,OGDEN AVE,1215,,,,,,,3,NO INDICATION OF INJURY,0,0,0,0,0,1,0,12,7,8,41.8929610482,-87.6575697315,POINT (-87.657569731542 41.892961048166)
c81533f820a0332a2bb89b3445416b4a5a68342975aee31b27787487549a3be3e59f97ee0eed1373d8ca34edc42229bedb9483ae9539f2fc10861f9eef727818,,08/30/2025 12:27:00 PM,30,NO CONTROLS,NO CONTROLS,CLEAR,DAYLIGHT,REAR END,DIVIDED - W/MEDIAN (NOT RAISED),,STRAIGHT AND LEVEL,DRY,NO DEFECTS,ON SCENE,NO INJURY / DRIVE AWAY,,,,"OVER $1,500",08/30/2025 12:28:00 PM,UNABLE TO DETERMINE,UNABLE TO DETERMINE,3513,W,MARQUETTE RD,831,,,,,,,2,NO INDICATION OF INJURY,0,0,0,0,0,2,0,12,7,8,41.7714390624,-87.7107960044,POINT (-87.710796004409 41.771439062404)
986a16827fb43e73f621beea2920fa48f7fdad80bce932f4b6ffd15ab7f1773cd2e7b15b1d62272307f36a0887c978388334601edf1d759eba6475bad16a7650,,08/30/2025 12:24:00 PM,30,NO CONTROLS,NO CONTROLS,CLEAR,DAYLIGHT,SIDESWIPE OPPOSITE DIRECTION,NOT DIVIDED,,"CURVE, LEVEL",DRY,NO DEFECTS,ON SCENE,NO INJURY / DRIVE AWAY,,,,"OVER $1,500",08/30/2025 01:00:00 PM,IMPROPER BACKING,NOT APPLICABLE,3699,N,OZANAM AVE,1631,,,,,,,2,NO INDICATION OF INJURY,0,0,0,0,0,4,0,12,7,8,41.9466423692,-87.8219304572,POINT (-87.821930457183 41.94664236918)
7b77e6f3b0a169734aabd3f848623e15149515e93c6f4a3a0c01f3e95ef98019f6b874351f18583097b6d71b277288131d3cc2d1dd1ff54b75a65facc9391f44,,08/30/2025 12:05:00 PM,25,NO CONTROLS,NO CONTROLS,CLEAR,DAYLIGHT,ANGLE,NOT DIVIDED,,STRAIGHT AND LEVEL,DRY,NO DEFECTS,NOT ON SCENE (DESK REPORT),NO INJURY / DRIVE AWAY,,,,"OVER $1,500",08/30/2025 01:15:00 PM,UNABLE TO DETERMINE,UNABLE TO DETERMINE,4938,S,KEDZIE AVE,821,,,,,,,2,NO INDICATION OF INJURY,0,0,0,0,0,4,0,12,7,8,41.8033030405,-87.7039827068,POINT (-87.703982706766 41.803303040491)
11d296f04202deca048750631160487e321263a4801ae3393680cbccd3a2c8db428ed568de8506a1df1c706f3ef8bbdee952a05658aa0ba8e3b471368fff7862,Y,08/30/2025 11:45:00 AM,30,NO CONTROLS,NO CONTROLS,UNKNOWN,UNKNOWN,PARKED MOTOR VEHICLE,NOT DIVIDED,,STRAIGHT AND LEVEL,UNKNOWN,UNKNOWN,ON SCENE,NO INJURY / DRIVE AWAY,,,Y,"OVER $1,500",08/30/2025 01:15:00 PM,UNABLE TO DETERMINE,NOT APPLICABLE,2214,N,CLARK ST,1812,,,,,,,2,NO INDICATION OF INJURY,0,0,0,0,0,1,0,11,7,8,41.9223419305,-87.6386642832,POINT (-87.638664283244 41.922341930538)
f7d85308216ccdf60172433328818fe593512871c7b566d5ab43ce2d169e59c10521b253469b970c398d9bf17f6b298d7435e03ee2209b3974bfc45c372208ed,,08/30/2025 11:38:00 AM,30,TRAFFIC SIGNAL,FUNCTIONING PROPERLY,CLEAR,DAYLIGHT,TURNING,DIVIDED - W/MEDIAN (NOT RAISED),,STRAIGHT AND LEVEL,DRY,NO DEFECTS,NOT ON SCENE (DESK REPORT),NO INJURY / DRIVE AWAY,Y,,,"OVER $1,500",08/30/2025 12:00:00 PM,FAILING TO YIELD RIGHT-OF-WAY,NOT APPLICABLE,3200,W,25TH ST,1024,,,,,,,2,NO INDICATION OF INJURY,0,0,0,0,0,2,0,11,7,8,41.8464416835,-87.7051627214,POINT (-87.705162721418 41.846441683537)
b478bb07b5f9d88d7cd60d6092e0c2c8b801d09378cc2ef2066eb9456574dd74101ef6401b1a843c40b5b443356b76e1507c5c1f7428f92e2388e648f4afacd3,,08/30/2025 11:24:00 AM,30,STOP SIGN/FLASHER,FUNCTIONING PROPERLY,CLEAR,DAYLIGHT,SIDESWIPE SAME DIRECTION,NOT DIVIDED,,STRAIGHT AND LEVEL,DRY,UNKNOWN,ON SCENE,INJURY AND / OR TOW DUE TO CRASH,,,,"OVER $1,500",08/30/2025 11:25:00 AM,FOLLOWING TOO CLOSELY,UNABLE TO DETERMINE,6900,S,WABASH AVE,322,,,,,,,2,NO INDICATION OF INJURY,0,0,0,0,0,4,0,11,7,8,41.769091599,-87.6235392277,POINT (-87.623539227737 41.769091598961)
b700a6011aa4b024e289077500bcc894d104b20fa784f63790077da94e008bef78daa5ef6a21be0ccaa867910832356a0e5d6732aac69ca9d720f614572a0159,,08/30/2025 11:20:00 AM,30,NO CONTROLS,NO CONTROLS,CLEAR,DARKNESS,TURNING,T-INTERSECTION,,STRAIGHT AND LEVEL,DRY,UNKNOWN,NOT ON SCENE (DESK REPORT),INJURY AND / OR TOW DUE TO CRASH,Y,,,"OVER $1,500",08/31/2025 04:00:00 PM,FAILING TO YIELD RIGHT-OF-WAY,FAILING TO YIELD RIGHT-OF-WAY,774,W,MADISON ST,1224,,,,,,,2,"REPORTED, NOT EVIDENT",1,0,0,0,1,3,0,11,7,8,41.8818883397,-87.6473210939,POINT (-87.647321093859 41.881888339729)
d7b1486b24d440119a72bed753c631ca52b4dd175e77f7c8ddce662aadd0bee8b6c48e0ba67f5785635db5d352bb586c4cced368bf7019186e2ab7e9e2498036,,08/30/2025 11:20:00 AM,30,STOP SIGN/FLASHER,FUNCTIONING PROPERLY,CLEAR,DAYLIGHT,ANGLE,NOT DIVIDED,,STRAIGHT AND LEVEL,DRY,NO DEFECTS,ON SCENE,NO INJURY / DRIVE AWAY,Y,,,"OVER $1,500",08/30/2025 11:20:00 AM,UNABLE TO DETERMINE,UNABLE TO DETERMINE,3228,E,92ND ST,424,,,,,,,2,NO INDICATION OF INJURY,0,0,0,0,0,4,0,11,7,8,41.7284222208,-87.5456783019,POINT (-87.5456783019 41.728422220754)
4194a42cb32495b83836131b54a089f01df8364006ad8233c8a58ed9fa0836cc6821dea21355442fe11e6a99c330522c2a09f4323b3ac5ce5e5c6557ac365830,,08/30/2025 11:00:00 AM,30,NO CONTROLS,NO CONTROLS,CLEAR,DAYLIGHT,ANGLE,NOT DIVIDED,,STRAIGHT AND LEVEL,DRY,UNKNOWN,NOT ON SCENE (DESK REPORT),NO INJURY / DRIVE AWAY,,,,"OVER $1,500",08/30/2025 02:40:00 PM,FAILING TO YIELD RIGHT-OF-WAY,NOT APPLICABLE,3140,N,DAMEN AVE,1931,,,,,,,2,NO INDICATION OF INJURY,0,0,0,0,0,2,0,11,7,8,41.9389557667,-87.6784849346,POINT (-87.678484934616 41.938955766739)
c1b3039e8bcc0756e50a2110c2de36a7438a8e1f0d6bf2d87cf271bd249d8377043a416ae4d08f3bfe0c63ba8622e0ad5f31bab348e9e67b7c26f309c9ff3eea,Y,08/30/2025 11:00:00 AM,30,NO CONTROLS,NO CONTROLS,CLEAR,DAYLIGHT,PARKED MOTOR VEHICLE,NOT DIVIDED,,STRAIGHT AND LEVEL,DRY,NO DEFECTS,ON SCENE,INJURY AND / OR TOW DUE TO CRASH,,,Y,"OVER $1,500",08/31/2025 12:25:00 PM,UNABLE TO DETERMINE,DRIVING SKILLS/KNOWLEDGE/EXPERIENCE,1636,W,AUGUSTA BLVD,1213,,,,,,,2,NO INDICATION OF INJURY,0,0,0,0,0,1,0,11,7,8,41.899795338,-87.6687525338,POINT (-87.668752533763 41.899795338025)