CRASH_RECORD_ID,CRASH_DATE_EST_I,CRASH_DATE,POSTED_SPEED_LIMIT,TRAFFIC_CONTROL_DEVICE,DEVICE_CONDITION,WEATHER_CONDITION,LIGHTING_CONDITION,FIRST_CRASH_TYPE,TRAFFICWAY_TYPE,LANE_CNT,ALIGNMENT,ROADWAY_SURFACE_COND,ROAD_DEFECT,REPORT_TYPE,CRASH_TYPE,INTERSECTION_RELATED_I,NOT_RIGHT_OF_WAY_I,HIT_AND_RUN_I,DAMAGE,DATE_POLICE_NOTIFIED,PRIM_CONTRIBUTORY_CAUSE,SEC_CONTRIBUTORY_CAUSE,STREET_NO,STREET_DIRECTION,STREET_NAME,BEAT_OF_OCCURRENCE,PHOTOS_TAKEN_I,STATEMENTS_TAKEN_I,DOORING_I,WORK_ZONE_I,WORK_ZONE_TYPE,WORKERS_PRESENT_I,NUM_UNITS,MOST_SEVERE_INJURY,INJURIES_TOTAL,INJURIES_FATAL,INJURIES_INCAPACITATING,INJURIES_NON_INCAPACITATING,INJURIES_REPORTED_NOT_EVIDENT,INJURIES_NO_INDICATION,INJURIES_UNKNOWN,CRASH_HOUR,CRASH_DAY_OF_WEEK,CRASH_MONTH,LATITUDE,LONGITUDE,LOCATION
a6a44274ba8322cecfdf1a2acb4b0594002e00192accbd5a2c85b82a89b62d59045ef6a498b69892061e27f8eba5c0cbd58f6328bf5aea8d63de013c802040aa,,08/30/2025 10:50:00 AM,30,NO CONTROLS,NO CONTROLS,CLEAR,DAYLIGHT,ANGLE,DIVIDED - W/MEDIAN (NOT RAISED),,STRAIGHT AND LEVEL,DRY,NO DEFECTS,NOT ON SCENE (DESK REPORT),NO INJURY / DRIVE AWAY,,,,"OVER $1,500",08/30/2025 11:20:00 AM,UNABLE TO DETERMINE,UNABLE TO DETERMINE,2801,S,KEDZIE AVE,1033,,,,,,,2,NO INDICATION OF INJURY,0,0,0,0,0,2,0,10,7,8,41.8408141312,-87.7047814293,POINT (-87.704781429299 41.840814131218)
cf68f9c8e182b4703ed7080485ad4a43a5af9b3252c8a4bf008dcde185c83fdb184f3d892e00a553f19aa2d6af3851c561c41ec8ccb838c9ea5bbdd819ea93e9,,08/30/2025 10:50:00 AM,30,NO CONTROLS,NO CONTROLS,CLEAR,DAYLIGHT,SIDESWIPE SAME DIRECTION,FOUR WAY,,STRAIGHT AND LEVEL,DRY,NO DEFECTS,NOT ON SCENE (DESK REPORT),NO INJURY / DRIVE AWAY,,,,"OVER $1,500",08/30/2025 11:35:00 AM,IMPROPER LANE USAGE,IMPROPER OVERTAKING/PASSING,2705,S,WESTERN AVE,1034,,,,,,,2,NO INDICATION OF INJURY,0,0,0,0,0,4,0,10,7,8,41.8432357458,-87.6852041142,POINT (-87.685204114236 41.843235745794)
08aa6a572bdceab6ed40001947dae5089f0a7ee205617c682320c21707dd6509d19f56b2707c85bb05a7ece1f211c0ac263262fae203835f0aca6108f3a91151,,08/30/2025 10:45:00 AM,30,UNKNOWN,UNKNOWN,UNKNOWN,UNKNOWN,SIDESWIPE SAME DIRECTION,UNKNOWN,,STRAIGHT AND LEVEL,UNKNOWN,UNKNOWN,NOT ON SCENE (DESK REPORT),NO INJURY / DRIVE AWAY,,,,"OVER $1,500",08/31/2025 05:35:00 PM,UNABLE TO DETERMINE,UNABLE TO DETERMINE,5523,W,FOSTER AVE,1623,,,,,,,2,NO INDICATION OF INJURY,0,0,0,0,0,2,0,10,7,8,41.9745779648,-87.7666943033,POINT (-87.766694303288 41.974577964775)
1127fa614c210c1a4736596db60c8287ec3462ba3b47d06b2c8bb2b2dfa75b505c7919f0f44fb90fd53c254103a8107a747ca5817cde12b055902dcb8f4afe6a,,08/30/2025 10:45:00 AM,30,NO CONTROLS,NO CONTROLS,CLEAR,DAYLIGHT,REAR END,NOT DIVIDED,,STRAIGHT AND LEVEL,DRY,NO DEFECTS,NOT ON SCENE (DESK REPORT),NO INJURY / DRIVE AWAY,,,,"OVER $1,500",08/30/2025 01:05:00 PM,UNABLE TO DETERMINE,NOT APPLICABLE,4203,W,31ST ST,1031,,,,,,,2,NO INDICATION OF INJURY,0,0,0,0,0,2,0,10,7,8,41.8367142664,-87.729360106,POINT (-87.729360105985 41.836714266401)
22544fb4c1d1608f8d2e91456ec355e5801925b9876b038f312924d3e242f49c5ac16eb690915491f0e03236d9ad64c6d7e6abda7b32f8c581d7d33128405055,,08/30/2025 10:45:00 AM,30,TRAFFIC SIGNAL,FUNCTIONING PROPERLY,CLEAR,DAYLIGHT,REAR END,NOT DIVIDED,,STRAIGHT AND LEVEL,DRY,NO DEFECTS,ON SCENE,INJURY AND / OR TOW DUE TO CRASH,Y,,Y,"$501 - $1,500",08/30/2025 12:45:00 PM,FOLLOWING TOO CLOSELY,NOT APPLICABLE,6037,W,FULLERTON AVE,2512,,,,,,,2,"REPORTED, NOT EVIDENT",1,0,0,0,1,1,0,10,7,8,41.9236934208,-87.7772241928,POINT (-87.777224192805 41.923693420825)
24463ac6a56165a9d495b4868ab97fdacd9cfa544d7f20e4c2c75db6748d78dbda6ee0afba8646b77cbfac5ae0facbae261a8df9ad92adf11cfc99ba51276216,Y,08/30/2025 10:45:00 AM,15,NO CONTROLS,NO CONTROLS,CLEAR,DAYLIGHT,PARKED MOTOR VEHICLE,PARKING LOT,,STRAIGHT AND LEVEL,DRY,NO DEFECTS,NOT ON SCENE (DESK REPORT),NO INJURY / DRIVE AWAY,,,,$500 OR LESS,08/30/2025 11:15:00 AM,UNABLE TO DETERMINE,NOT APPLICABLE,10840,S,DOTY AVE E,513,,,,,,,3,NO INDICATION OF INJURY,0,0,0,0,0,1,0,10,7,8,41.6969517513,-87.5954129452,POINT (-87.595412945236 41.696951751259)
41df8289730f3c84dc84123bf92254d47ab3b910b7028bd98c414dfbb80fc79b79c35665134e89d0cc21448fd6519126870cea8cf8a573ebfef81153e589c46f,,08/30/2025 10:31:00 AM,30,TRAFFIC SIGNAL,FUNCTIONING PROPERLY,CLEAR,DAYLIGHT,PARKED MOTOR VEHICLE,DIVIDED - W/MEDIAN (NOT RAISED),,STRAIGHT AND LEVEL,DRY,UNKNOWN,ON SCENE,NO INJURY / DRIVE AWAY,,,,"OVER $1,500",08/30/2025 10:36:00 AM,UNABLE TO DETERMINE,NOT APPLICABLE,736,W,SHERIDAN RD,1925,,,,,,,2,NO INDICATION OF INJURY,0,0,0,0,0,1,0,10,7,8,41.9528656383,-87.6494139091,POINT (-87.649413909108 41.952865638293)
fa1def53b9761154ce05a3b5dbdc90e48d7ab70e9df71d7c425dd702b31e23e679af24dfca88067cd4df8a6a83b02c92d7e39a57f4d63e2a1380f6a8996d3e88,,08/30/2025 10:30:00 AM,15,NO CONTROLS,NO CONTROLS,CLEAR,DAYLIGHT,OTHER OBJECT,OTHER,,STRAIGHT AND LEVEL,DRY,NO DEFECTS,ON SCENE,INJURY AND / OR TOW DUE TO CRASH,,Y,,"OVER $1,500",08/30/2025 10:49:00 AM,FAILING TO REDUCE SPEED TO AVOID CRASH,NOT APPLICABLE,4110,N,KILPATRICK AVE,1722,,,,,,,1,NO INDICATION OF INJURY,0,0,0,0,0,1,0,10,7,8,41.955867217,-87.7458077762,POINT (-87.745807776221 41.955867217028)
9e7bbf94e6ea56956a80e116ef33a778340c3ff73f36670f5f1341c5573cc8ed2b6aaf5cbc15cdb1ebe8e4e8cec8f540b00f25a86359ef13887572124aa693ad,,08/30/2025 10:20:00 AM,30,NO CONTROLS,NO CONTROLS,CLEAR,DAYLIGHT,PARKED MOTOR VEHICLE,NOT DIVIDED,,STRAIGHT AND LEVEL,DRY,NO DEFECTS,ON SCENE,INJURY AND / OR TOW DUE TO CRASH,,,Y,"OVER $1,500",08/30/2025 10:26:00 AM,IMPROPER OVERTAKING/PASSING,NOT APPLICABLE,4033,S,STATE ST,213,,,,,,,3,NO INDICATION OF INJURY,0,0,0,0,0,1,0,10,7,8,41.8208828182,-87.6262315582,POINT (-87.626231558217 41.820882818205)
ac60d148ecf6d09773359724c1d24aa8a1da53d2d1abf3e0a79a06bb8eeb17ba8c6ac79e1fce19e57c190a6ea1e36c6c3b33fe54aca701ffcee5fb5ff265acba,,08/30/2025 10:20:00 AM,25,NO CONTROLS,NO CONTROLS,UNKNOWN,UNKNOWN,SIDESWIPE SAME DIRECTION,NOT DIVIDED,,STRAIGHT AND LEVEL,UNKNOWN,NO DEFECTS,NOT ON SCENE (DESK REPORT),NO INJURY / DRIVE AWAY,,,,"OVER $1,500",08/30/2025 10:30:00 AM,FAILING TO YIELD RIGHT-OF-WAY,NOT APPLICABLE,100,W,NORTH AVE,1814,,,,,,,2,NO INDICATION OF INJURY,0,0,0,0,0,2,0,10,7,8,41.9112877028,-87.6317331502,POINT (-87.631733150215 41.911287702774)
cfb608a24e750119234dccff27746129fe2cb9955b8502c4059e3516ea1df0d17f39780244d2ce4fd4a82d8411cdcb8d45a726c217671fef7989510430ff0dfe,,08/30/2025 10:20:00 AM,25,NO CONTROLS,NO CONTROLS,CLEAR,DAYLIGHT,FIXED OBJECT,NOT DIVIDED,,STRAIGHT AND LEVEL,DRY,NO DEFECTS,ON SCENE,INJURY AND / OR TOW DUE TO CRASH,,,,"OVER $1,500",08/30/2025 10:30:00 AM,PHYSICAL CONDITION OF DRIVER,NOT APPLICABLE,1,W,TERMINAL ST,1651,,,,,,,1,"REPORTED, NOT EVIDENT",1,0,0,0,1,0,0,10,7,8,,,
35d682049a066d3dd7a508b554b9d0a45a7a56ff1cac3dd719d6cd9565869b46315929f1c77e0be556e785b7e356067e19841dca315b7f1255a6d2ccdf98e3ad,,08/30/2025 10:15:00 AM,30,NO CONTROLS,NO CONTROLS,CLEAR,DAYLIGHT,REAR END,DIVIDED - W/MEDIAN BARRIER,,STRAIGHT AND LEVEL,DRY,NO DEFECTS,ON SCENE,NO INJURY / DRIVE AWAY,,,,"$501 - $1,500",08/30/2025 10:30:00 AM,UNABLE TO DETERMINE,UNABLE TO DETERMINE,4628,W,79TH ST,834,,,,,,,2,NO INDICATION OF INJURY,0,0,0,0,0,2,0,10,7,8,41.7493267403,-87.7376149021,POINT (-87.737614902148 41.749326740315)
0dcf55853c2ae6b8fc910636c682b1ad198c096bf7e5398b2787f74f2d86a9cb3fc7ba7148af795fc59fd36191876f1cf236bf2e11a2de9285eedc3e528f483b,,08/30/2025 10:00:00 AM,25,STOP SIGN/FLASHER,NO CONTROLS,CLEAR,DAYLIGHT,SIDESWIPE SAME DIRECTION,TRAFFIC ROUTE,,STRAIGHT AND LEVEL,DRY,NO DEFECTS,NOT ON SCENE (DESK REPORT),NO INJURY / DRIVE AWAY,,,Y,"OVER $1,500",08/30/2025 01:25:00 PM,UNABLE TO DETERMINE,NOT APPLICABLE,2009,E,74TH ST,333,,,,,,,3,NO INDICATION OF INJURY,0,0,0,0,0,3,0,10,7,8,41.7605917526,-87.5758096429,POINT (-87.5758096429 41.760591752605)
58aaccb7ac29b19fe7b7bb3fc06e050ed418769a66a3f86b7c49ba79db30c2fc0a6f6481e98b4bc952b03e8a0d4eb820398a67a3963c9006f14a662cf8cbcd68,,08/30/2025 10:00:00 AM,30,NO CONTROLS,NO CONTROLS,CLEAR,DAYLIGHT,SIDESWIPE SAME DIRECTION,DIVIDED - W/MEDIAN (NOT RAISED),,STRAIGHT AND LEVEL,DRY,NO DEFECTS,NOT ON SCENE (DESK REPORT),NO INJURY / DRIVE AWAY,,,,"OVER $1,500",08/30/2025 08:40:00 PM,IMPROPER LANE USAGE,NOT APPLICABLE,2524,N,KEDZIE SD,1413,,,,,,,2,NO INDICATION OF INJURY,0,0,0,0,0,3,0,10,7,8,41.9273120944,-87.7074386914,POINT (-87.707438691389 41.927312094396)
717ddc1f677632fc215d5026958a8eca7cbb596e26fe5c561a9f831ee8e591e38ae320de3e449d4531cf6ad37ec2de6d8ed5dfc272f8f8ca91f97ecef621baa3,,08/30/2025 10:00:00 AM,30,STOP SIGN/FLASHER,FUNCTIONING PROPERLY,CLEAR,DAYLIGHT,REAR END,NOT DIVIDED,,STRAIGHT AND LEVEL,DRY,NO DEFECTS,NOT ON SCENE (DESK REPORT),NO INJURY / DRIVE AWAY,,,,"OVER $1,500",08/30/2025 10:30:00 AM,FOLLOWING TOO CLOSELY,UNABLE TO DETERMINE,4700,S,WESTERN AVE,922,,,,,,,2,NO INDICATION OF INJURY,0,0,0,0,0,3,0,10,7,8,41.8083784079,-87.6845707169,POINT (-87.684570716896 41.808378407947)
8b1e548e3bd33b0bc5890f6766465771cb8345b7882dd2f49d833400916cafa0ea5ba93cb476caa4485994283a4bdd407d36acf3b0b316d3b0da86bd7e560f66,,08/30/2025 09:50:00 AM,30,UNKNOWN,UNKNOWN,UNKNOWN,UNKNOWN,REAR END,UNKNOWN,,STRAIGHT AND LEVEL,UNKNOWN,UNKNOWN,NOT ON SCENE (DESK REPORT),NO INJURY / DRIVE AWAY,,,,"OVER $1,500",08/30/2025 09:30:00 PM,UNABLE TO DETERMINE,NOT APPLICABLE,4700,S,WESTERN BLVD,922,,,,,,,2,NO INDICATION OF INJURY,0,0,0,0,0,2,0,9,7,8,41.8083695489,-87.6840193967,POINT (-87.684019396719 41.808369548854)
d918a74fad3f97cd2fc121daa065e4aba163f7bb244ac03c5afe02588f627e5cf3760c7e0d3451376e46523577a69e35d2ae01608fcbe159a03bbb9fbc3ab9c2,,08/30/2025 09:45:00 AM,30,TRAFFIC SIGNAL,FUNCTIONING PROPERLY,CLOUDY/OVERCAST,DAYLIGHT,REAR END,NOT DIVIDED,,STRAIGHT AND LEVEL,DRY,NO DEFECTS,ON SCENE,INJURY AND / OR TOW DUE TO CRASH,,,,"OVER $1,500",08/30/2025 09:55:00 AM,DRIVING SKILLS/KNOWLEDGE/EXPERIENCE,NOT APPLICABLE,2021,N,CLARK ST,1814,,,,,,,5,NONINCAPACITATING INJURY,2,0,0,1,1,2,0,9,7,8,41.919188164,-87.6364216118,POINT (-87.636421611787 41.919188164)
16bae6abde099218dac4327f25f444dd6e7c42c186a49485feca63030796b6d82eaa0ec09a934efd4eede23eac5a2a2bbd548988e11e157ca88875842b0bed8a,,08/30/2025 09:40:00 AM,30,NO CONTROLS,NO CONTROLS,CLEAR,DAYLIGHT,REAR END,NOT DIVIDED,,STRAIGHT AND LEVEL,DRY,NO DEFECTS,ON SCENE,NO INJURY / DRIVE AWAY,,,,"$501 - $1,500",08/30/2025 09:41:00 AM,FOLLOWING TOO CLOSELY,FOLLOWING TOO CLOSELY,833,W,63RD ST,723,,,,,,,2,NO INDICATION OF INJURY,0,0,0,0,0,2,0,9,7,8,41.7796205297,-87.6461237038,POINT (-87.646123703827 41.779620529738)
869e54451ab93bb02e518cb1cc6c6e935bb3f81b2be1b80d44ae8e44853a691e8c505165fb7819a94433341f282bdaf5bcafec18e727ad94b1c3457a836d9850,,08/30/2025 09:30:00 AM,30,TRAFFIC SIGNAL,NO CONTROLS,CLEAR,DAYLIGHT,REAR END,NOT DIVIDED,,STRAIGHT AND LEVEL,DRY,NO DEFECTS,NOT ON SCENE (DESK REPORT),NO INJURY / DRIVE AWAY,Y,,Y,"$501 - $1,500",08/30/2025 09:50:00 AM,FOLLOWING TOO CLOSELY,FOLLOWING TOO CLOSELY,1600,W,CONGRESS PKWY,1231,,,,,,,2,NO INDICATION OF INJURY,0,0,0,0,0,2,0,9,7,8,41.8752842012,-87.6667549017,POINT (-87.666754901693 41.875284201202)
9ab2731c9da8d2112357fecaf2816c18b384ab26ad53e852f68a19e2bd84b98e5bfedbdf0e7a77638c69d433708974e0d7e2f06524825874b47e0c7e4590823f,,08/30/2025 09:30:00 AM,30,NO CONTROLS,NO CONTROLS,CLEAR,DAYLIGHT,PARKED MOTOR VEHICLE,DIVIDED - W/MEDIAN (NOT RAISED),,STRAIGHT AND LEVEL,DRY,NO DEFECTS,ON SCENE,NO INJURY / DRIVE AWAY,,,,"OVER $1,500",08/30/2025 10:23:00 AM,IMPROPER TURNING/NO SIGNAL,IMPROPER TURNING/NO SIGNAL,5830,W,MIDWAY PARK,1512,,,,,,,2,NO INDICATION OF INJURY,0,0,0,0,0,1,0,9,7,8,41.8891005291,-87.771204664,POINT (-87.771204663986 41.889100529051)
d1e8283d58bd5b74b472e5925b5324b7f9cb977fbbbb2463079349ca80d05e2e3c0afae46409131aabdb986f6f99266a3bc4a49d557a2bf185f737b488e6aede,,08/30/2025 09:30:00 AM,30,NO CONTROLS,NO CONTROLS,CLEAR,DAYLIGHT,PARKED MOTOR VEHICLE,ONE-WAY,,STRAIGHT AND LEVEL,DRY,NO DEFECTS,NOT ON SCENE (DESK REPORT),NO INJURY / DRIVE AWAY,,,Y,"OVER $1,500",08/30/2025 11:04:00 AM,UNABLE TO DETERMINE,UNABLE TO DETERMINE,3749,W,85TH ST,834,,,,,,,2,NO INDICATION OF INJURY,0,0,0,0,0,1,0,9,7,8,41.7385027752,-87.715886295,POINT (-87.715886294951 41.738502775208)
7350bd344db745d34c88f746476773675742f49c8d185bfd2ef69c9348de8c3e0b13c6e43503014c5bff3ebeed309bacb79b2e1b4b8c271c155897149a75db1a,,08/30/2025 09:15:00 AM,25,NO CONTROLS,NO CONTROLS,CLEAR,DAYLIGHT,PARKED MOTOR VEHICLE,ONE-WAY,,STRAIGHT AND LEVEL,DRY,NO DEFECTS,NOT ON SCENE (DESK REPORT),NO INJURY / DRIVE AWAY,,,Y,"OVER $1,500",08/30/2025 04:15:00 PM,UNABLE TO DETERMINE,NOT APPLICABLE,5610,S,MENARD AVE,811,,,,,,,2,NO INDICATION OF INJURY,0,0,0,0,0,1,0,9,7,8,41.7904269721,-87.76725037,POINT (-87.767250369998 41.790426972149)
be754931c7736ffbb1218efba7ac2b716fd0a52c02239422629500d0445a812f762fd2f08f2bb5b4116f7b68bcdae21e8f8a3aa06cc62a0f9b2896e539da79eb,,08/30/2025 09:10:00 AM,30,NO CONTROLS,NO CONTROLS,CLEAR,DAYLIGHT,TURNING,NOT DIVIDED,,STRAIGHT AND LEVEL,DRY,UNKNOWN,NOT ON SCENE (DESK REPORT),NO INJURY / DRIVE AWAY,,,,"OVER $1,500",08/30/2025 09:45:00 AM,UNABLE TO DETERMINE,UNABLE TO DETERMINE,4038,N,KILPATRICK AVE,1722,,,,,,,2,NO INDICATION OF INJURY,0,0,0,0,0,2,0,9,7,8,41.9546379306,-87.7457706499,POINT (-87.745770649916 41.954637930593)
7f9461e847936e93813e3b30dbd1453353a38f37e9109e928a7ddc21f057615e6a918b95cfa384de0a7704a7a3712e22bd4ef0b087f7160c8705d3cb3b7be647,,08/30/2025 09:00:00 AM,30,STOP SIGN/FLASHER,FUNCTIONING PROPERLY,CLEAR,DAYLIGHT,ANGLE,DIVIDED - W/MEDIAN (NOT RAISED),,STRAIGHT AND LEVEL,DRY,NO DEFECTS,NOT ON SCENE (DESK REPORT),NO INJURY / DRIVE AWAY,Y,,Y,"OVER $1,500",08/30/2025 11:10:00 AM,UNABLE TO DETERMINE,NOT APPLICABLE,2859,S,PULASKI RD,1031,,,,,,,2,NO INDICATION OF INJURY,0,0,0,0,0,2,0,9,7,8,41.8388168961,-87.724255507,POINT (-87.724255507033 41.838816896077)
894e148d98fda30d1047b63f6ceacb8104a3c8a8015930cb22aaed6b118666b94d8f6ac53b86de8a0f86441d1b2e3efb85b019a1251dfbb293f7b89bccc92bb0,,08/30/2025 09:00:00 AM,30,NO CONTROLS,NO CONTROLS,CLEAR,DAYLIGHT,ANGLE,NOT DIVIDED,,STRAIGHT AND LEVEL,DRY,UNKNOWN,NOT ON SCENE (DESK REPORT),NO INJURY / DRIVE AWAY,,,,"OVER $1,500",08/30/2025 09:40:00 AM,DRIVING SKILLS/KNOWLEDGE/EXPERIENCE,UNABLE TO DETERMINE,2755,N,CALIFORNIA AVE,1411,,,,,,,2,NO INDICATION OF INJURY,0,0,0,0,0,2,0,9,7,8,41.9318926171,-87.697465753,POINT (-87.69746575302 41.931892617066)
0ab71fa9f4e5ffd49ce306ebc05fec9039a987a93cccb9a1aae946d15f70f7e67aac99a9685d95a34c4a18c8b9522646518fa0ef22c1d9e9648efdbfa2808f76,,08/30/2025 08:57:00 AM,30,NO CONTROLS,NO CONTROLS,CLEAR,DAYLIGHT,FIXED OBJECT,NOT DIVIDED,,STRAIGHT AND LEVEL,DRY,NO DEFECTS,ON SCENE,INJURY AND / OR TOW DUE TO CRASH,,,,"OVER $1,500",08/30/2025 09:07:00 AM,NOT APPLICABLE,NOT APPLICABLE,510,W,PERSHING RD,915,,,,,,,1,INCAPACITATING INJURY,1,0,1,0,0,0,0,8,7,8,41.8236559555,-87.6391028354,POINT (-87.639102835407 41.823655955497)
399c7c57a37423f08a19b92651b06f0712bda19e352b873c2904e080358bac260e4a247c78f1054ac5f8e9889398cd972beeed5dd4ad31443f0ac95e834f24b5,,08/30/2025 08:55:00 AM,30,NO CONTROLS,FUNCTIONING PROPERLY,CLEAR,DAYLIGHT,SIDESWIPE SAME DIRECTION,ONE-WAY,,STRAIGHT AND LEVEL,DRY,NO DEFECTS,NOT ON SCENE (DESK REPORT),NO INJURY / DRIVE AWAY,,,,"OVER $1,500",08/30/2025 09:25:00 AM,IMPROPER LANE USAGE,NOT APPLICABLE,100,E,HURON ST,1834,,,,,,,2,NO INDICATION OF INJURY,0,0,0,0,0,2,0,8,7,8,41.8950340785,-87.6254043391,POINT (-87.625404339124 41.895034078528)
243823f0096afcbe8b7f8e65c910cf91f5c0e284ec6013a0f55a29056c7d79422272c17024395a8e343337843d916e5f7893a42c5fe1425c865b956c90415b3e,,08/30/2025 08:45:00 AM,30,NO CONTROLS,NO CONTROLS,CLEAR,DAYLIGHT,FIXED OBJECT,OTHER,,STRAIGHT AND LEVEL,DRY,NO DEFECTS,NOT ON SCENE (DESK REPORT),NO INJURY / DRIVE AWAY,,,,"OVER $1,500",08/30/2025 09:04:00 AM,UNABLE TO DETERMINE,UNABLE TO DETERMINE,2341,W,BELDEN AVE,1432,,,,,,,1,NO INDICATION OF INJURY,0,0,0,0,0,1,0,8,7,8,41.9232771297,-87.68679061,POINT (-87.686790610011 41.923277129697)
c5798593687a6fdecfdf56a581e0f282c6ed526a21d7c94503d31fad9d50fe86f9423fcecf4386bf86e5ee357993227713e5a51b52b0784bb5a576f6f3a7d0a0,,08/30/2025 08:40:00 AM,30,NO CONTROLS,NO CONTROLS,CLEAR,DAYLIGHT,REAR END,NOT DIVIDED,,STRAIGHT AND LEVEL,DRY,NO DEFECTS,ON SCENE,INJURY AND / OR TOW DUE TO CRASH,,,,"OVER $1,500",08/30/2025 08:53:00 AM,NOT APPLICABLE,NOT APPLICABLE,3746,N,HARLEM AVE,1631,,,,,,,3,"REPORTED, NOT EVIDENT",3,0,0,0,3,0,0,8,7,8,41.9481270628,-87.8072528398,POINT (-87.807252839772 41.948127062821)
12cae41683d732776e5ff212afc004bd9c52986f7ae0d6645eb4705d25cdba9261af60feb51f58ff31dfa5e6405459d4d0c17c29474319126017ffc4cf2c7180,,08/30/2025 08:30:00 AM,30,NO CONTROLS,NO CONTROLS,CLEAR,DAYLIGHT,SIDESWIPE SAME DIRECTION,NOT DIVIDED,,STRAIGHT AND LEVEL,DRY,NO DEFECTS,NOT ON SCENE (DESK REPORT),NO INJURY / DRIVE AWAY,,,,"OVER $1,500",08/30/2025 09:00:00 AM,DRIVING ON WRONG SIDE/WRONG WAY,IMPROPER OVERTAKING/PASSING,1564,N,MILWAUKEE AVE,1424,,,,,,,2,NO INDICATION OF INJURY,0,0,0,0,0,2,0,8,7,8,41.9098444502,-87.6768585134,POINT (-87.676858513405 41.909844450232)
158098893e6e3f8d225446eaf1064e27644442099d81f69b86f19270dc7ed491c21feaed7301e3283b7a226db962b1b149c39c463f878b6dfde3db09698cd895,,08/30/2025 08:30:00 AM,30,TRAFFIC SIGNAL,FUNCTIONING PROPERLY,CLEAR,DAYLIGHT,REAR END,NOT DIVIDED,,STRAIGHT AND LEVEL,DRY,NO DEFECTS,NOT ON SCENE (DESK REPORT),NO INJURY / DRIVE AWAY,,,Y,"OVER $1,500",08/30/2025 09:00:00 AM,FOLLOWING TOO CLOSELY,FAILING TO REDUCE SPEED TO AVOID CRASH,5527,N,NAGLE AVE,1622,,,,,,,2,NO INDICATION OF INJURY,0,0,0,0,0,2,0,8,7,8,41.9820111293,-87.7876050701,POINT (-87.787605070098 41.982011129306)
47f6c3e0f3181a131ffbd4cd3988b47e63fd5484564690ce204b01f3563556ef1829626bec39d453d25b277fb668e87ef971269a0c490e2340452e6d27552ec1,,08/30/2025 08:15:00 AM,30,NO CONTROLS,NO CONTROLS,CLEAR,DAYLIGHT,SIDESWIPE SAME DIRECTION,ONE-WAY,,STRAIGHT AND LEVEL,DRY,NO DEFECTS,ON SCENE,NO INJURY / DRIVE AWAY,,,,"OVER $1,500",08/30/2025 08:23:00 AM,NOT APPLICABLE,NOT APPLICABLE,5926,S,FAIRFIELD AVE,824,,,,,,,2,NO INDICATION OF INJURY,0,0,0,0,0,2,0,8,7,8,41.7855970774,-87.6924994016,POINT (-87.692499401558 41.785597077387)
87b6f41efde2b0c9d080e04ee3e09ad3bfd003ebd56970cf478046a23ca55070cae3d91cef6d193c04bf0ba980856d9f6cfd9d68fda3e2fba9d0de890931c08c,,08/30/2025 08:13:00 AM,10,NO CONTROLS,NO CONTROLS,CLOUDY/OVERCAST,DAYLIGHT,FIXED OBJECT,ONE-WAY,,STRAIGHT AND LEVEL,UNKNOWN,UNKNOWN,NOT ON SCENE (DESK REPORT),INJURY AND / OR TOW DUE TO CRASH,,,,"OVER $1,500",08/30/2025 09:55:00 AM,UNABLE TO DETERMINE,UNABLE TO DETERMINE,7531,S,STONY ISLAND AVE,411,,,,,,,1,"REPORTED, NOT EVIDENT",2,0,0,0,2,0,0,8,7,8,41.7578154221,-87.5855692215,POINT (-87.585569221511 41.757815422072)
b68810cc687d25a69dd0453f57938c39abf58065b6ac86a682db849779db025d62762f94d151e20cf630c70ccb26daef31cbef65ef7054022b78524e3efc1146,,08/30/2025 08:10:00 AM,30,UNKNOWN,UNKNOWN,CLEAR,DAYLIGHT,ANGLE,NOT DIVIDED,,STRAIGHT AND LEVEL,DRY,NO DEFECTS,NOT ON SCENE (DESK REPORT),NO INJURY / DRIVE AWAY,,,,"OVER $1,500",08/30/2025 08:32:00 PM,FAILING TO YIELD RIGHT-OF-WAY,NOT APPLICABLE,5320,S,PULASKI RD,815,,,,,,,2,NO INDICATION OF INJURY,0,0,0,0,0,3,0,8,7,8,41.7961975914,-87.7233918834,POINT (-87.723391883445 41.796197591416)
9b4faa9108a819a0a7131d4a26098a881d7640224a42d6f14c4c97e4dbfc2f3c605d4a0534ebbc1673204d6ba9011836daea6e257aef22b1fde2dbf45d19d728,,08/30/2025 08:06:00 AM,30,TRAFFIC SIGNAL,FUNCTIONING PROPERLY,CLEAR,DAYLIGHT,REAR END,NOT DIVIDED,,STRAIGHT AND LEVEL,DRY,NO DEFECTS,NOT ON SCENE (DESK REPORT),NO INJURY / DRIVE AWAY,,,,"OVER $1,500",08/30/2025 08:35:00 AM,FOLLOWING TOO CLOSELY,NOT APPLICABLE,3743,S,ARCHER AVE,911,,,,,,,2,NO INDICATION OF INJURY,0,0,0,0,0,2,0,8,7,8,41.8254301434,-87.6855197917,POINT (-87.685519791733 41.82543014344)
9adaab4d0bdc59db42b37a26eef6982102a3e86068d22faed836fbfd6dcc192224f1bba32256195d25163a433580e825c429add4b9157dee505d47da8889ae57,,08/30/2025 08:00:00 AM,30,UNKNOWN,UNKNOWN,UNKNOWN,UNKNOWN,PARKED MOTOR VEHICLE,NOT DIVIDED,,STRAIGHT AND LEVEL,UNKNOWN,UNKNOWN,ON SCENE,NO INJURY / DRIVE AWAY,,,Y,"OVER $1,500",08/30/2025 10:19:00 AM,UNABLE TO DETERMINE,UNABLE TO DETERMINE,953,E,86TH ST,632,,,,,,,2,NO INDICATION OF INJURY,0,0,0,0,0,1,0,8,7,8,41.7384228292,-87.6004097046,POINT (-87.600409704579 41.738422829153)