CRASH_RECORD_ID,CRASH_DATE_EST_I,CRASH_DATE,POSTED_SPEED_LIMIT,TRAFFIC_CONTROL_DEVICE,DEVICE_CONDITION,WEATHER_CONDITION,LIGHTING_CONDITION,FIRST_CRASH_TYPE,TRAFFICWAY_TYPE,LANE_CNT,ALIGNMENT,ROADWAY_SURFACE_COND,ROAD_DEFECT,REPORT_TYPE,CRASH_TYPE,INTERSECTION_RELATED_I,NOT_RIGHT_OF_WAY_I,HIT_AND_RUN_I,DAMAGE,DATE_POLICE_NOTIFIED,PRIM_CONTRIBUTORY_CAUSE,SEC_CONTRIBUTORY_CAUSE,STREET_NO,STREET_DIRECTION,STREET_NAME,BEAT_OF_OCCURRENCE,PHOTOS_TAKEN_I,STATEMENTS_TAKEN_I,DOORING_I,WORK_ZONE_I,WORK_ZONE_TYPE,WORKERS_PRESENT_I,NUM_UNITS,MOST_SEVERE_INJURY,INJURIES_TOTAL,INJURIES_FATAL,INJURIES_INCAPACITATING,INJURIES_NON_INCAPACITATING,INJURIES_REPORTED_NOT_EVIDENT,INJURIES_NO_INDICATION,INJURIES_UNKNOWN,CRASH_HOUR,CRASH_DAY_OF_WEEK,CRASH_MONTH,LATITUDE,LONGITUDE,LOCATION
d78694658ba5af48b42c3e4ef85f338a62bcb3fd12f26b40278c1163d759ce9f7c0e025a8251a44e7c99d0331cca83004db05c9414907d1f6a1ff101a01831aa,,08/30/2025 08:00:00 AM,15,NO CONTROLS,NO CONTROLS,CLEAR,DAYLIGHT,PARKED MOTOR VEHICLE,PARKING LOT,,STRAIGHT AND LEVEL,DRY,NO DEFECTS,NOT ON SCENE (DESK REPORT),NO INJURY / DRIVE AWAY,,Y,Y,"$501 - $1,500",08/30/2025 09:00:00 AM,IMPROPER LANE USAGE,UNABLE TO DETERMINE,4859,N,MILWAUKEE AVE,1623,,,,,,,2,NO INDICATION OF INJURY,0,0,0,0,0,1,0,8,7,8,41.9693942218,-87.7618871724,POINT (-87.761887172396 41.969394221758)
6fdc3ded99d22fb3bc6e6a0477df4a003f7e7ff3fcad30455c53da81229e3be8212fc4f51711f2458fe9f9fad34eeb5180c9be7b2e99c6f544ecf295ad656556,,08/30/2025 07:35:00 AM,30,STOP SIGN/FLASHER,FUNCTIONING PROPERLY,CLEAR,DAYLIGHT,REAR END,T-INTERSECTION,,STRAIGHT AND LEVEL,UNKNOWN,UNKNOWN,NOT ON SCENE (DESK REPORT),NO INJURY / DRIVE AWAY,N,,,"OVER $1,500",08/30/2025 08:20:00 AM,UNABLE TO DETERMINE,UNABLE TO DETERMINE,3501,W,BRYN MAWR AVE,1712,,,,,,,2,NO INDICATION OF INJURY,0,0,0,0,0,2,0,7,7,8,41.9828622279,-87.7162359907,POINT (-87.716235990743 41.982862227887)
ced92160395e3f7c44012ac8de9741141cd4907c3fccbc1c9fe280ff9cc6075b48eea2ac6bef6e90dfa9235028cb39790636ab25d4eab975b81218a76c327135,,08/30/2025 07:15:00 AM,30,NO CONTROLS,NO CONTROLS,CLEAR,DAYLIGHT,PARKED MOTOR VEHICLE,NOT DIVIDED,,STRAIGHT AND LEVEL,DRY,NO DEFECTS,ON SCENE,NO INJURY / DRIVE AWAY,,,Y,"OVER $1,500",08/30/2025 08:25:00 AM,UNABLE TO DETERMINE,NOT APPLICABLE,5298,W,HARRISON ST,1522,,,,,,,2,NO INDICATION OF INJURY,0,0,0,0,0,1,0,7,7,8,41.873026822,-87.7573226313,POINT (-87.757322631304 41.873026822024)
4ad2c1d2791a4b3a2c8dcfdd7c17e3fa921ddbb086f5191ce1061a5fce7254c7d9b28a17765cd2755f432ca12067403d11e96660ba7097ec12b0415497438fce,,08/30/2025 06:45:00 AM,30,TRAFFIC SIGNAL,FUNCTIONING PROPERLY,CLEAR,DAYLIGHT,PARKED MOTOR VEHICLE,DIVIDED - W/MEDIAN (NOT RAISED),,STRAIGHT AND LEVEL,DRY,NO DEFECTS,ON SCENE,INJURY AND / OR TOW DUE TO CRASH,,,Y,"OVER $1,500",08/30/2025 06:52:00 AM,IMPROPER LANE USAGE,NOT APPLICABLE,6140,W,ADDISON ST,1633,,,,,,,2,NO INDICATION OF INJURY,0,0,0,0,0,1,0,6,7,8,41.9458396195,-87.7805736673,POINT (-87.780573667348 41.945839619547)
abfadaae27d5de99bb7d29837fcd48371bb672dc69931f5592c18d458030f85af0166131bf4a42a693d195e2164fcd0874368b875f528de32426ce3384360003,,08/30/2025 06:41:00 AM,30,TRAFFIC SIGNAL,FUNCTIONING PROPERLY,CLEAR,DAYLIGHT,SIDESWIPE SAME DIRECTION,NOT DIVIDED,,STRAIGHT AND LEVEL,DRY,NO DEFECTS,NOT ON SCENE (DESK REPORT),NO INJURY / DRIVE AWAY,,,Y,"OVER $1,500",08/30/2025 09:35:00 AM,IMPROPER LANE USAGE,NOT APPLICABLE,4344,W,79TH ST,834,,,,,,,2,NO INDICATION OF INJURY,0,0,0,0,0,3,0,6,7,8,41.7495147771,-87.7309399595,POINT (-87.730939959505 41.749514777102)
b2c8702c9d9d8adf9c75a6185e5526826630ce5ec280f3f9c59e5ed738293d8262cb166a9b288d76dd3fcccaef4272ecbd27ddc38e63a97120c934d64ef9123d,,08/30/2025 06:37:00 AM,30,UNKNOWN,UNKNOWN,UNKNOWN,UNKNOWN,SIDESWIPE SAME DIRECTION,NOT DIVIDED,,STRAIGHT AND LEVEL,UNKNOWN,UNKNOWN,NOT ON SCENE (DESK REPORT),NO INJURY / DRIVE AWAY,,,Y,$500 OR LESS,08/30/2025 03:00:00 PM,UNABLE TO DETERMINE,UNABLE TO DETERMINE,6420,N,SHERIDAN RD,2432,,,,,,,2,NO INDICATION OF INJURY,0,0,0,0,0,2,0,6,7,8,41.9987999946,-87.6607692802,POINT (-87.660769280218 41.998799994631)
9eac3c08b8bebdaed46c5f5844c2b6544e848d88efc46d74b390618c5b043e83feb756a02094f8d4f8b36684197297bc8010d99deb471c06f1dea89872690851,Y,08/30/2025 06:30:00 AM,30,TRAFFIC SIGNAL,FUNCTIONING PROPERLY,CLOUDY/OVERCAST,DAYLIGHT,REAR END,DIVIDED - W/MEDIAN (NOT RAISED),,STRAIGHT AND LEVEL,UNKNOWN,NO DEFECTS,ON SCENE,NO INJURY / DRIVE AWAY,,,,$500 OR LESS,08/30/2025 06:50:00 AM,DISTRACTION - FROM INSIDE VEHICLE,DRIVING SKILLS/KNOWLEDGE/EXPERIENCE,1158,W,18TH ST,1235,,,,,,,2,NO INDICATION OF INJURY,0,0,0,0,0,4,0,6,7,8,41.8580751577,-87.6557206891,POINT (-87.655720689139 41.858075157696)
f228f51cc643c59d117027977609eda43c55f2453bcb24c0840a3a6c58ff7e3166753f78a4ce529f7760ac1ab9fcdfb70b55a598d33200cd857de8370c895504,,08/30/2025 06:15:00 AM,30,NO CONTROLS,UNKNOWN,CLEAR,DAYLIGHT,PARKED MOTOR VEHICLE,ONE-WAY,,STRAIGHT AND LEVEL,UNKNOWN,UNKNOWN,ON SCENE,INJURY AND / OR TOW DUE TO CRASH,,,,"OVER $1,500",08/30/2025 06:46:00 AM,UNABLE TO DETERMINE,UNABLE TO DETERMINE,7999,S,DREXEL AVE,624,,Y,,,,,2,"REPORTED, NOT EVIDENT",1,0,0,0,1,0,0,6,7,8,41.749579209,-87.6025641594,POINT (-87.602564159417 41.749579208966)
226ce228632111968903d3364e2f97c39e3bf7ff4ea29fd4db7649cf4deec917d0acda3e4844c6e6ac6ef4a87bff083f1ccc6ca55f234c65364a27ad063fb9eb,,08/30/2025 06:00:00 AM,30,NO CONTROLS,NO CONTROLS,UNKNOWN,"DARKNESS, LIGHTED ROAD",PARKED MOTOR VEHICLE,ONE-WAY,,STRAIGHT AND LEVEL,UNKNOWN,UNKNOWN,NOT ON SCENE (DESK REPORT),NO INJURY / DRIVE AWAY,,,Y,"OVER $1,500",08/30/2025 03:45:00 PM,UNABLE TO DETERMINE,UNABLE TO DETERMINE,5067,W,PALMER ST,2522,,,,,,,2,NO INDICATION OF INJURY,0,0,0,0,0,1,0,6,7,8,41.9203801949,-87.7535185311,POINT (-87.753518531126 41.920380194925)
ec893b1e8e910d0e4ea9b8ec4efaea632d33089ff09f027927a0d6cc59cc81984a6b7289692d90e26a791a396508b4152f0a45a96bc15d275930f84b10abedd0,,08/30/2025 06:00:00 AM,30,NO CONTROLS,NO CONTROLS,CLEAR,DAWN,PARKED MOTOR VEHICLE,ONE-WAY,,STRAIGHT AND LEVEL,DRY,UNKNOWN,ON SCENE,INJURY AND / OR TOW DUE TO CRASH,,,,"OVER $1,500",08/30/2025 06:06:00 AM,PHYSICAL CONDITION OF DRIVER,FAILING TO REDUCE SPEED TO AVOID CRASH,929,W,82ND ST,613,,,,,,,2,NO INDICATION OF INJURY,0,0,0,0,0,1,0,6,7,8,41.7450162823,-87.6474602154,POINT (-87.647460215369 41.745016282323)
91ab15aa9764166ff86cf0ad8b69e6adfefee7b9f47e1076f17dd6ef1f8a1a0c74875236b2cf4f8eacd22b06d3de7bf961680b73393b3a0dbad0e39070a34828,,08/30/2025 05:13:00 AM,30,TRAFFIC SIGNAL,FUNCTIONING PROPERLY,CLEAR,"DARKNESS, LIGHTED ROAD",REAR END,NOT DIVIDED,,STRAIGHT AND LEVEL,DRY,NO DEFECTS,ON SCENE,NO INJURY / DRIVE AWAY,,,Y,"OVER $1,500",08/30/2025 05:14:00 AM,FAILING TO REDUCE SPEED TO AVOID CRASH,NOT APPLICABLE,7900,S,COLFAX AVE,422,,,,,,,2,NO INDICATION OF INJURY,0,0,0,0,0,2,0,5,7,8,41.751702707,-87.5615312176,POINT (-87.561531217551 41.751702706966)
67b829ec27b037b3fe10a487817d83b8dd4c9397649f3c9aec575c89e92c5e73079c9f57a8a5c8eaaec44c0e2955ed965d0a03b3bd2321ff8e09f91feb0514bb,,08/30/2025 04:59:00 AM,30,NO CONTROLS,NO CONTROLS,CLEAR,"DARKNESS, LIGHTED ROAD",PARKED MOTOR VEHICLE,DIVIDED - W/MEDIAN (NOT RAISED),,STRAIGHT AND LEVEL,DRY,NO DEFECTS,ON SCENE,INJURY AND / OR TOW DUE TO CRASH,,,Y,"OVER $1,500",08/30/2025 04:59:00 AM,UNDER THE INFLUENCE OF ALCOHOL/DRUGS (USE WHEN ARREST IS EFFECTED),NOT APPLICABLE,5718,N,WESTERN AVE,2011,,,,,,,3,NONINCAPACITATING INJURY,1,0,0,1,0,0,0,4,7,8,41.985587768,-87.6896579405,POINT (-87.689657940519 41.98558776798)
62f4a9088c3d338674321cad09667fbeef509bdeb2b37c1875824cb5365702bc689a84c789e5c9541ad9455fbecfe769c7e5fe4c8c6256c6d940793780067336,,08/30/2025 04:26:00 AM,30,NO CONTROLS,NO CONTROLS,CLEAR,"DARKNESS, LIGHTED ROAD",FIXED OBJECT,DIVIDED - W/MEDIAN BARRIER,,STRAIGHT AND LEVEL,DRY,NO DEFECTS,ON SCENE,NO INJURY / DRIVE AWAY,,,Y,"$501 - $1,500",08/30/2025 04:30:00 AM,UNABLE TO DETERMINE,NOT APPLICABLE,4840,W,CHICAGO AVE,1531,,,,,,,3,NO INDICATION OF INJURY,0,0,0,0,0,2,0,4,7,8,41.8951001592,-87.7474519817,POINT (-87.747451981734 41.895100159229)
1346957e67c3e881fc80d01a1135f058aca77b339df2350958cc7cd7a1d6fee51553487edc07ac6f1914bd1dd88b3498d7321b0ab88233b2d8b0110d0c8ddaa9,,08/30/2025 04:10:00 AM,30,TRAFFIC SIGNAL,FUNCTIONING PROPERLY,CLEAR,"DARKNESS, LIGHTED ROAD",PEDESTRIAN,FOUR WAY,,STRAIGHT AND LEVEL,DRY,UNKNOWN,ON SCENE,INJURY AND / OR TOW DUE TO CRASH,,,,$500 OR LESS,08/30/2025 04:20:00 AM,NOT APPLICABLE,NOT APPLICABLE,10,W,KINZIE ST,1831,,,,,,,2,NONINCAPACITATING INJURY,1,0,0,1,0,2,0,4,7,8,41.8893567671,-87.6284353134,POINT (-87.628435313352 41.889356767141)
daacfaeeb1c95a632e407354bee43494f454c6f37934fc619034f5fb7879564baecf8dd0d911e49c836adb62b20568dff97950275bde045ecf8ec2ca0a64f891,,08/30/2025 04:00:00 AM,30,NO CONTROLS,NO CONTROLS,CLEAR,"DARKNESS, LIGHTED ROAD",PARKED MOTOR VEHICLE,NOT DIVIDED,,STRAIGHT AND LEVEL,DRY,NO DEFECTS,NOT ON SCENE (DESK REPORT),NO INJURY / DRIVE AWAY,,,,"OVER $1,500",08/30/2025 02:00:00 PM,UNABLE TO DETERMINE,NOT APPLICABLE,1198,N,LAWNDALE AVE,1112,,,,,,,2,NO INDICATION OF INJURY,0,0,0,0,0,1,0,4,7,8,41.9026457874,-87.7191405616,POINT (-87.719140561611 41.902645787383)
ed14a4a007bd019869d0297bf053406552d218f6510600eb1f16abb8f0c4d1ddcad0495895f8ec8fe07ea00a3d2c3a5f4f9d24e0d86fc75a8869648858e08666,,08/30/2025 03:50:00 AM,30,NO CONTROLS,NO CONTROLS,CLEAR,"DARKNESS, LIGHTED ROAD",PARKED MOTOR VEHICLE,FOUR WAY,,STRAIGHT AND LEVEL,DRY,NO DEFECTS,ON SCENE,INJURY AND / OR TOW DUE TO CRASH,Y,,,"OVER $1,500",08/30/2025 03:54:00 AM,UNABLE TO DETERMINE,NOT APPLICABLE,3100,W,DEVON AVE,2412,,,,,,,3,NO INDICATION OF INJURY,0,0,0,0,0,1,0,3,7,8,41.9975398933,-87.7070059618,POINT (-87.707005961806 41.997539893342)
8848bb9052c8691fe3f829b5301f429d69300134fb0133eea1299b3b2a4599eb2bea09aa005b08da5ecb3fbb7ff137df374959ca364a34d2094400e2bbcb696e,,08/30/2025 03:40:00 AM,30,TRAFFIC SIGNAL,FUNCTIONING PROPERLY,CLEAR,"DARKNESS, LIGHTED ROAD",ANGLE,DIVIDED - W/MEDIAN (NOT RAISED),,STRAIGHT AND LEVEL,DRY,NO DEFECTS,NOT ON SCENE (DESK REPORT),NO INJURY / DRIVE AWAY,Y,,Y,"OVER $1,500",08/30/2025 05:10:00 AM,FAILING TO YIELD RIGHT-OF-WAY,NOT APPLICABLE,3200,W,31ST ST,1032,,,,,,,2,NO INDICATION OF INJURY,0,0,0,0,0,2,0,3,7,8,41.8373395003,-87.704950558,POINT (-87.704950558004 41.837339500296)
4081fd3ab8a8d115cc1b05a696500f171b210da0dcf32f4bd3df572b0e0d1cc5747903e311e907a7cf38932b490fe5cd3af7de0b9b613ec2b414ea249e49e6e0,,08/30/2025 03:35:00 AM,20,TRAFFIC SIGNAL,FUNCTIONING PROPERLY,CLEAR,DAYLIGHT,SIDESWIPE OPPOSITE DIRECTION,NOT DIVIDED,,STRAIGHT AND LEVEL,DRY,NO DEFECTS,NOT ON SCENE (DESK REPORT),NO INJURY / DRIVE AWAY,,,Y,"$501 - $1,500",08/30/2025 10:20:00 AM,FAILING TO YIELD RIGHT-OF-WAY,NOT APPLICABLE,3844,N,MONTICELLO AVE,1732,,,,,,,2,NO INDICATION OF INJURY,0,0,0,0,0,3,0,3,7,8,41.9514637859,-87.7191192105,POINT (-87.719119210548 41.951463785852)
e1d9c0488ee12d5fa94450a018ae1567d93c0a3f1f24edf6055a2db89820e8351ce23bfda7bf0631e96578a9b454b79991a194b5631407d4f2c1b048422bdeb4,,08/30/2025 03:30:00 AM,30,TRAFFIC SIGNAL,FUNCTIONING PROPERLY,CLEAR,"DARKNESS, LIGHTED ROAD",TURNING,FOUR WAY,,STRAIGHT AND LEVEL,DRY,NO DEFECTS,ON SCENE,INJURY AND / OR TOW DUE TO CRASH,Y,,,"OVER $1,500",08/30/2025 03:39:00 AM,FAILING TO REDUCE SPEED TO AVOID CRASH,IMPROPER LANE USAGE,140,W,DIVISION ST,1821,,Y,,,,,2,NONINCAPACITATING INJURY,1,0,0,1,0,1,0,3,7,8,41.903986409,-87.6330022048,POINT (-87.633002204832 41.903986409044)
0b7e19910bc007964c4afa1f3fa15ca285516c58c72df9fbff0c673d4348400b2deb5a62021948bf78ab63386b328374bd7bf13b1dadc22f7f173070f8cf2f43,,08/30/2025 03:28:00 AM,30,NO CONTROLS,NO CONTROLS,CLEAR,"DARKNESS, LIGHTED ROAD",PARKED MOTOR VEHICLE,NOT DIVIDED,,STRAIGHT AND LEVEL,DRY,NO DEFECTS,ON SCENE,NO INJURY / DRIVE AWAY,,,Y,"OVER $1,500",08/30/2025 03:38:00 AM,UNABLE TO DETERMINE,NOT APPLICABLE,6811,N,ROCKWELL ST,2411,,,,,,,2,NO INDICATION OF INJURY,0,0,0,0,0,1,0,3,7,8,42.0053017698,-87.6948058736,POINT (-87.694805873606 42.005301769781)
eeef5f9a6aede3bdf1524786204c03e03554a8d8bf5a9c89a9f324a0564cf047d1fade064cd977fd97cf97ac909b63b3f2a0d44d72a9598260f74f37a16b5e0f,,08/30/2025 03:19:00 AM,30,TRAFFIC SIGNAL,FUNCTIONING PROPERLY,CLEAR,"DARKNESS, LIGHTED ROAD",PARKED MOTOR VEHICLE,DIVIDED - W/MEDIAN (NOT RAISED),,STRAIGHT AND LEVEL,DRY,NO DEFECTS,ON SCENE,INJURY AND / OR TOW DUE TO CRASH,,,,"OVER $1,500",08/30/2025 03:19:00 AM,UNABLE TO DETERMINE,UNABLE TO DETERMINE,2401,W,31ST ST,1034,,,,,,,3,NO INDICATION OF INJURY,0,0,0,0,0,1,0,3,7,8,,,
119bd09f40d850e0e11aa2c6bf52d3932ecfafd84ffd7ad6b6957a4256868e4827684214711d30cfb964a477dea6246d8a0bf86541bbef76c0c814dab7715f64,,08/30/2025 03:16:00 AM,30,STOP SIGN/FLASHER,NO CONTROLS,CLEAR,"DARKNESS, LIGHTED ROAD",ANGLE,FOUR WAY,,STRAIGHT AND LEVEL,DRY,NO DEFECTS,NOT ON SCENE (DESK REPORT),INJURY AND / OR TOW DUE TO CRASH,,,Y,"OVER $1,500",08/31/2025 04:30:00 AM,UNABLE TO DETERMINE,UNABLE TO DETERMINE,7500,S,DOBSON AVE,624,,,,,,,2,NO INDICATION OF INJURY,0,0,0,0,0,2,0,3,7,8,41.7585899606,-87.5994536998,POINT (-87.599453699847 41.758589960553)
ae6042196f990cb09fb7a2b449829ce507a78c305f555421d07a39118bee2434833af0b25285913c957e0d0b69381ea4701cd256ae50c227723084aa5e83932f,,08/30/2025 03:00:00 AM,30,STOP SIGN/FLASHER,FUNCTIONING PROPERLY,CLEAR,"DARKNESS, LIGHTED ROAD",ANGLE,T-INTERSECTION,,STRAIGHT AND LEVEL,DRY,UNKNOWN,NOT ON SCENE (DESK REPORT),INJURY AND / OR TOW DUE TO CRASH,Y,,Y,"OVER $1,500",08/30/2025 07:45:00 PM,UNABLE TO DETERMINE,UNABLE TO DETERMINE,1031,E,75TH ST,624,,,,,,,2,NO INDICATION OF INJURY,0,0,0,0,0,2,0,3,7,8,41.7585359021,-87.5993681579,POINT (-87.59936815794 41.758535902084)
b0185dbf1f1f57972ba6239dae2813eeb53b12a8d2370ad494e3b40beb8a80267246795d6e50210133508047f97aba65e8b37884df8d7a7badc4377b0515c18e,Y,08/30/2025 03:00:00 AM,30,NO CONTROLS,NO CONTROLS,CLEAR,"DARKNESS, LIGHTED ROAD",PARKED MOTOR VEHICLE,ONE-WAY,,STRAIGHT AND LEVEL,DRY,NO DEFECTS,ON SCENE,NO INJURY / DRIVE AWAY,,,Y,"OVER $1,500",08/30/2025 08:30:00 AM,NOT APPLICABLE,NOT APPLICABLE,2002,N,LECLAIRE AVE,2522,,,,,,,2,NO INDICATION OF INJURY,0,0,0,0,0,1,0,3,7,8,41.9169903625,-87.753526052,POINT (-87.75352605198 41.916990362509)
f5e3e19126d2f4e6b6d2c0f8aef7e2dec288d60a4874202f50f05ea97454c6587143da4e2ce8cb774bc58a0ff64fbdeef88b97562201b4543f093685968fdbec,,08/30/2025 02:57:00 AM,30,TRAFFIC SIGNAL,FUNCTIONING PROPERLY,CLEAR,DARKNESS,ANGLE,FOUR WAY,,STRAIGHT AND LEVEL,UNKNOWN,UNKNOWN,ON SCENE,INJURY AND / OR TOW DUE TO CRASH,Y,,,"OVER $1,500",08/30/2025 03:07:00 AM,DRIVING SKILLS/KNOWLEDGE/EXPERIENCE,UNABLE TO DETERMINE,3201,W,BELMONT AVE,1412,,,,,,,2,NO INDICATION OF INJURY,0,0,0,0,0,3,0,2,7,8,41.9392210489,-87.7077146023,POINT (-87.707714602329 41.939221048898)
a2a00193b67d9e626cf3d879cd44e8e14e886d2e4f04a2270de6e7aec8236c188dc82e211212fc953d6f85b6d5eef350a400d66fafe091c4c82dc5c5ecb09d69,,08/30/2025 02:50:00 AM,30,TRAFFIC SIGNAL,NO CONTROLS,CLEAR,"DARKNESS, LIGHTED ROAD",REAR END,NOT DIVIDED,,STRAIGHT AND LEVEL,DRY,NO DEFECTS,NOT ON SCENE (DESK REPORT),NO INJURY / DRIVE AWAY,,,Y,"OVER $1,500",08/30/2025 07:30:00 PM,FOLLOWING TOO CLOSELY,NOT APPLICABLE,500,W,GARFIELD BLVD,935,,,,,,,2,NO INDICATION OF INJURY,0,0,0,0,0,2,0,2,7,8,41.7945411048,-87.6379718422,POINT (-87.637971842206 41.794541104775)
5c76d2ef1c0db22b4753ea64315f2215413761d4915c58fc33b61da859f2973a03eb78b3d08f4eba12a439ca303c1e2aa81f382fd314167425b1caa510f990a4,,08/30/2025 02:30:00 AM,30,NO CONTROLS,NO CONTROLS,UNKNOWN,"DARKNESS, LIGHTED ROAD",PARKED MOTOR VEHICLE,DIVIDED - W/MEDIAN (NOT RAISED),,STRAIGHT AND LEVEL,UNKNOWN,NO DEFECTS,NOT ON SCENE (DESK REPORT),INJURY AND / OR TOW DUE TO CRASH,,,Y,"OVER $1,500",08/30/2025 02:35:00 PM,FOLLOWING TOO CLOSELY,NOT APPLICABLE,737,E,79TH ST,624,,,,,,,2,NO INDICATION OF INJURY,0,0,0,0,0,1,0,2,7,8,41.7511556372,-87.6062115724,POINT (-87.606211572362 41.751155637236)
8150afa52d0b6fe1dfefdf14294335b89502573b553b1be4f272041597d6c177da1ef019d3a915585f625f912d3f938557cf2f2e463dd68c0d64b8d0a4d0be63,,08/30/2025 02:21:00 AM,30,STOP SIGN/FLASHER,FUNCTIONING PROPERLY,CLEAR,"DARKNESS, LIGHTED ROAD",TURNING,NOT DIVIDED,,STRAIGHT AND LEVEL,DRY,NO DEFECTS,ON SCENE,INJURY AND / OR TOW DUE TO CRASH,Y,,Y,"OVER $1,500",08/30/2025 02:23:00 AM,FAILING TO REDUCE SPEED TO AVOID CRASH,DISREGARDING STOP SIGN,3598,W,MONROE ST,1123,,,,,,,2,NONINCAPACITATING INJURY,1,0,0,1,0,2,0,2,7,8,41.8796430518,-87.7157373925,POINT (-87.715737392516 41.879643051758)
114701def7668a73367c7fc882e9a6fdae2bb33f111e6f3021b24b1c282347ec6ce2aeae0940a0f58d3487f1252ab9efd0620015f14ea19472683a7ed81a301c,,08/30/2025 02:18:00 AM,30,TRAFFIC SIGNAL,FUNCTIONING PROPERLY,CLEAR,"DARKNESS, LIGHTED ROAD",OTHER NONCOLLISION,NOT DIVIDED,,STRAIGHT AND LEVEL,DRY,NO DEFECTS,ON SCENE,INJURY AND / OR TOW DUE TO CRASH,,,,"OVER $1,500",08/30/2025 02:20:00 AM,UNABLE TO DETERMINE,UNABLE TO DETERMINE,4729,W,FOSTER AVE,1712,,,,,,,1,NO INDICATION OF INJURY,0,0,0,0,0,1,0,2,7,8,41.9752429025,-87.7469254244,POINT (-87.746925424373 41.975242902488)
6a7182ee88815810ce16e83df6e51384d2145897e43279bc4364475819bfd59edc51a678f059a1b4b934c45fc703d2d8b2c0ec921a582ab3bf99a641eb2b1403,,08/30/2025 02:08:00 AM,30,STOP SIGN/FLASHER,FUNCTIONING IMPROPERLY,CLEAR,"DARKNESS, LIGHTED ROAD",TURNING,NOT DIVIDED,,STRAIGHT AND LEVEL,DRY,UNKNOWN,ON SCENE,INJURY AND / OR TOW DUE TO CRASH,,,,"OVER $1,500",08/30/2025 02:14:00 AM,UNABLE TO DETERMINE,NOT APPLICABLE,1098,E,79TH ST,624,,,,,,,2,INCAPACITATING INJURY,2,0,2,0,0,0,0,2,7,8,41.751472625,-87.597977876,POINT (-87.59797787605 41.75147262501)
5cf35d585e03cd05440b8ac1576a25cdb7db9377c7c7de0906ce0ba69048c8d7aa994be77855af931c098a6c1b3878909b96543a264e6bc26235998e06629507,,08/30/2025 02:00:00 AM,30,NO CONTROLS,NO CONTROLS,CLEAR,"DARKNESS, LIGHTED ROAD",HEAD ON,ONE-WAY,,STRAIGHT AND LEVEL,DRY,NO DEFECTS,NOT ON SCENE (DESK REPORT),INJURY AND / OR TOW DUE TO CRASH,,,Y,"OVER $1,500",08/30/2025 02:15:00 AM,DRIVING ON WRONG SIDE/WRONG WAY,NOT APPLICABLE,2228,S,ST LOUIS AVE,1024,,,,,,,2,NONINCAPACITATING INJURY,1,0,0,1,0,1,0,2,7,8,41.8507477408,-87.7126792355,POINT (-87.712679235469 41.8507477408)
301ddbfe9be9c3f75be8b7fa5aaad7507df9554a6f7e7af742dae4ca2b56a5d592a42aa704a9f8bc35bcc216f07d9f49c4b1cc7cc1052aeb459befc154a51f08,,08/30/2025 01:55:00 AM,40,NO CONTROLS,NO CONTROLS,CLEAR,"DARKNESS, LIGHTED ROAD",REAR END,ONE-WAY,,STRAIGHT AND LEVEL,DRY,NO DEFECTS,ON SCENE,INJURY AND / OR TOW DUE TO CRASH,,,,"OVER $1,500",08/30/2025 01:59:00 AM,FOLLOWING TOO CLOSELY,FAILING TO REDUCE SPEED TO AVOID CRASH,1600,N,LAKE SHORE DR SB,1814,,,,,,,2,NONINCAPACITATING INJURY,2,0,0,2,0,0,0,1,7,8,41.9118569525,-87.6261695233,POINT (-87.626169523312 41.911856952541)
99df88ac67157e6255da7d90be125c005de4e1de0904fcb393e8acc9d9abbfb8ea17d41249e504cd4c9decd094fc85c74a8b097d8581d40ad02498ec58422aa5,,08/30/2025 01:35:00 AM,30,NO CONTROLS,NO CONTROLS,CLEAR,"DARKNESS, LIGHTED ROAD",PARKED MOTOR VEHICLE,NOT DIVIDED,,STRAIGHT AND LEVEL,DRY,NO DEFECTS,ON SCENE,INJURY AND / OR TOW DUE TO CRASH,,,,"OVER $1,500",08/30/2025 01:40:00 AM,DRIVING SKILLS/KNOWLEDGE/EXPERIENCE,FAILING TO REDUCE SPEED TO AVOID CRASH,2725,N,SACRAMENTO AVE,1411,,,,,,,2,NO INDICATION OF INJURY,0,0,0,0,0,2,0,1,7,8,41.9310077021,-87.7023460839,POINT (-87.702346083872 41.931007702103)
f013489906567df5e97400ddcffdb94cfc8b1439dd87ca0e70698792fdf740c92b1f0af6f977229f30ef3b9f2c0d2396a7baa6937ca404280fe0e24d81a9490c,,08/30/2025 01:27:00 AM,25,NO CONTROLS,UNKNOWN,CLEAR,"DARKNESS, LIGHTED ROAD",PARKED MOTOR VEHICLE,ONE-WAY,,STRAIGHT AND LEVEL,DRY,NO DEFECTS,ON SCENE,INJURY AND / OR TOW DUE TO CRASH,,,,"OVER $1,500",08/30/2025 01:35:00 AM,NOT APPLICABLE,NOT APPLICABLE,2112,W,FLETCHER ST,1931,,,,,,,3,NO INDICATION OF INJURY,0,0,0,0,0,1,0,1,7,8,41.9387359576,-87.6813306998,POINT (-87.681330699753 41.938735957639)