CRASH_RECORD_ID,CRASH_DATE_EST_I,CRASH_DATE,POSTED_SPEED_LIMIT,TRAFFIC_CONTROL_DEVICE,DEVICE_CONDITION,WEATHER_CONDITION,LIGHTING_CONDITION,FIRST_CRASH_TYPE,TRAFFICWAY_TYPE,LANE_CNT,ALIGNMENT,ROADWAY_SURFACE_COND,ROAD_DEFECT,REPORT_TYPE,CRASH_TYPE,INTERSECTION_RELATED_I,NOT_RIGHT_OF_WAY_I,HIT_AND_RUN_I,DAMAGE,DATE_POLICE_NOTIFIED,PRIM_CONTRIBUTORY_CAUSE,SEC_CONTRIBUTORY_CAUSE,STREET_NO,STREET_DIRECTION,STREET_NAME,BEAT_OF_OCCURRENCE,PHOTOS_TAKEN_I,STATEMENTS_TAKEN_I,DOORING_I,WORK_ZONE_I,WORK_ZONE_TYPE,WORKERS_PRESENT_I,NUM_UNITS,MOST_SEVERE_INJURY,INJURIES_TOTAL,INJURIES_FATAL,INJURIES_INCAPACITATING,INJURIES_NON_INCAPACITATING,INJURIES_REPORTED_NOT_EVIDENT,INJURIES_NO_INDICATION,INJURIES_UNKNOWN,CRASH_HOUR,CRASH_DAY_OF_WEEK,CRASH_MONTH,LATITUDE,LONGITUDE,LOCATION
23e93cb879affe732a4b443f60ae2fb936e329b75d4411b299172e434bea63a23ec0c644a63cd52db4e2772c841e0ed9f8f55fc9d1a6a806ab151d26c70445a4,,08/30/2025 01:17:00 AM,25,NO CONTROLS,NO CONTROLS,CLEAR,"DARKNESS, LIGHTED ROAD",PARKED MOTOR VEHICLE,ONE-WAY,,STRAIGHT AND LEVEL,WET,NO DEFECTS,ON SCENE,INJURY AND / OR TOW DUE TO CRASH,,,,"OVER $1,500",08/30/2025 01:38:00 AM,FAILING TO REDUCE SPEED TO AVOID CRASH,NOT APPLICABLE,2233,N,LAMON AVE,2522,,,,,,,5,NO INDICATION OF INJURY,0,0,0,0,0,1,0,1,7,8,41.92156025,-87.7485470481,POINT (-87.748547048078 41.921560250032)
033dcfff60bbcd90986b0fb0904dc8c80ce6c6029119bd1c0865eeadadaca816838135b3cf549358f7221a51132e2341110351fba11a0e74ace8512e6cb293ff,Y,08/30/2025 01:00:00 AM,30,NO CONTROLS,NO CONTROLS,RAIN,"DARKNESS, LIGHTED ROAD",REAR TO SIDE,DIVIDED - W/MEDIAN (NOT RAISED),,STRAIGHT AND LEVEL,WET,UNKNOWN,ON SCENE,INJURY AND / OR TOW DUE TO CRASH,,,Y,"OVER $1,500",08/30/2025 01:00:00 AM,UNABLE TO DETERMINE,UNABLE TO DETERMINE,938,E,75TH ST,323,,,,,,,3,INCAPACITATING INJURY,1,0,1,0,0,2,0,1,7,8,41.758734631,-87.6014161154,POINT (-87.601416115357 41.758734630965)
238662c463f9be9e7a7c52a3b5e125fabe1d304131f8e5fcf6e0ebb63ae31dfa063ac68cb038beb8839045c5efdcd24da73da2e5f697baf69076fff949d0bf5d,,08/30/2025 01:00:00 AM,30,TRAFFIC SIGNAL,FUNCTIONING PROPERLY,CLEAR,"DARKNESS, LIGHTED ROAD",TURNING,DIVIDED - W/MEDIAN (NOT RAISED),,STRAIGHT AND LEVEL,DRY,NO DEFECTS,NOT ON SCENE (DESK REPORT),NO INJURY / DRIVE AWAY,,,,"OVER $1,500",08/30/2025 02:00:00 AM,DISREGARDING TRAFFIC SIGNALS,FOLLOWING TOO CLOSELY,300,S,LAKE SHORE DR SB,114,,,,,,,2,NO INDICATION OF INJURY,0,0,0,0,0,2,0,1,7,8,41.8783101346,-87.6175759034,POINT (-87.617575903416 41.878310134581)
3ff962d12f0be05f689803fc8de97dde7fbdf2c3d4a14f264c05d338bec1f8c3bdadaafceeccbb3cfaad2cf67630a728a4c0a5e0c4751b34b6ab37f0f9510a7f,N,08/30/2025 01:00:00 AM,15,NO CONTROLS,NO CONTROLS,UNKNOWN,UNKNOWN,FIXED OBJECT,ALLEY,,STRAIGHT AND LEVEL,UNKNOWN,UNKNOWN,ON SCENE,NO INJURY / DRIVE AWAY,,N,Y,"OVER $1,500",08/30/2025 12:31:00 PM,UNABLE TO DETERMINE,UNABLE TO DETERMINE,1921,N,KILBOURN AVE,2533,,,,,,,1,NO INDICATION OF INJURY,0,0,0,0,0,1,0,1,7,8,41.9158412821,-87.7385963676,POINT (-87.738596367644 41.915841282075)
c1e8a61c585050c6b8d784a2b3e616579b206f1d01c149bbf5e4370520005d0281ae13a69b792c38fa405c97ecb8253b5d349ce4c75de14bd9afab8ef7c57e16,,08/30/2025 01:00:00 AM,35,STOP SIGN/FLASHER,UNKNOWN,RAIN,"DARKNESS, LIGHTED ROAD",REAR END,ONE-WAY,,STRAIGHT AND LEVEL,WET,UNKNOWN,NOT ON SCENE (DESK REPORT),NO INJURY / DRIVE AWAY,Y,,Y,"OVER $1,500",08/30/2025 01:20:00 AM,NOT APPLICABLE,NOT APPLICABLE,8300,S,COTTAGE GROVE AVE,632,,,,,,,2,NO INDICATION OF INJURY,0,0,0,0,0,2,0,1,7,8,41.743873821,-87.6051761606,POINT (-87.605176160557 41.743873821012)
1396800116bfbc9eb0080fb123a7228a03c2f66ff56454fe8c976f864a8be8d6726ff7912bf6bd1dc95a69c54dc2b85d385c468adf1b9517aac70935ff03735f,,08/30/2025 12:45:00 AM,30,TRAFFIC SIGNAL,FUNCTIONING PROPERLY,CLEAR,"DARKNESS, LIGHTED ROAD",REAR END,FOUR WAY,,STRAIGHT AND LEVEL,DRY,NO DEFECTS,NOT ON SCENE (DESK REPORT),NO INJURY / DRIVE AWAY,Y,,,"OVER $1,500",08/30/2025 01:25:00 AM,UNABLE TO DETERMINE,UNABLE TO DETERMINE,11101,S,CICERO AVE,2211,,,,,,,2,NO INDICATION OF INJURY,0,0,0,0,0,2,0,0,7,8,41.690773405,-87.7395887281,POINT (-87.739588728068 41.690773405017)
69dd06752d9a8dd1df4de4896a0c32652e2bd358bd2840bc8bae283f032eb8632031525dd379d74a6ad9ddafef18476b3c8c0f8cec218ba4e469bbf9ab7d7969,,08/30/2025 12:45:00 AM,35,NO CONTROLS,NO CONTROLS,CLEAR,"DARKNESS, LIGHTED ROAD",TURNING,DIVIDED - W/MEDIAN (NOT RAISED),,STRAIGHT AND LEVEL,DRY,NO DEFECTS,NOT ON SCENE (DESK REPORT),NO INJURY / DRIVE AWAY,,,Y,"OVER $1,500",08/30/2025 01:15:00 AM,UNABLE TO DETERMINE,NOT APPLICABLE,20,W,KINZIE ST,1831,,,,,,,2,NO INDICATION OF INJURY,0,0,0,0,0,2,0,0,7,8,41.889352033,-87.6288488503,POINT (-87.628848850273 41.889352033014)
f6f6b322d53694a94d437ce8449b6df983912bd2526105440a63eb8dc9a573743c52c2bbb2bcaeffdc917977914a4e54df675f5c4d48b106159fdbd7cbd95c5a,,08/30/2025 12:40:00 AM,25,NO CONTROLS,NO CONTROLS,RAIN,"DARKNESS, LIGHTED ROAD",PARKED MOTOR VEHICLE,ONE-WAY,,STRAIGHT AND LEVEL,WET,NO DEFECTS,ON SCENE,NO INJURY / DRIVE AWAY,,,,"OVER $1,500",08/30/2025 12:47:00 AM,WEATHER,EQUIPMENT - VEHICLE CONDITION,7252,S,RIDGELAND AVE,324,Y,Y,,,,,2,NO INDICATION OF INJURY,0,0,0,0,0,2,0,0,7,8,41.7626727414,-87.5825032849,POINT (-87.582503284889 41.762672741403)
1cd471502a7832652b0307dc7f2c176d7333e36fa32198f6ce80bddc7307a0215897df740c1597b0b6bfa8a0d51e567b69c79eca1339226f545b01c74f231214,,08/30/2025 12:30:00 AM,30,TRAFFIC SIGNAL,FUNCTIONING PROPERLY,CLEAR,"DARKNESS, LIGHTED ROAD",REAR END,FOUR WAY,,STRAIGHT AND LEVEL,DRY,UNKNOWN,NOT ON SCENE (DESK REPORT),NO INJURY / DRIVE AWAY,,,Y,"$501 - $1,500",08/30/2025 01:25:00 AM,UNABLE TO DETERMINE,UNABLE TO DETERMINE,2146,S,HALSTED ST,1235,,,,,,,2,NO INDICATION OF INJURY,0,0,0,0,0,2,0,0,7,8,41.8527964436,-87.6466461657,POINT (-87.646646165696 41.852796443594)
9e8ad0d37647fc4ff541d843c960621cfbf988a9eb3c384eb102676c678f100826fd8c049826d3a5b0ed0008c17602c8127f161201a3dbc4a178cfd3a4e9dc62,,08/30/2025 12:30:00 AM,30,NO CONTROLS,NO CONTROLS,CLEAR,DARKNESS,PARKED MOTOR VEHICLE,NOT DIVIDED,,STRAIGHT AND LEVEL,DRY,UNKNOWN,NOT ON SCENE (DESK REPORT),NO INJURY / DRIVE AWAY,,,Y,"OVER $1,500",08/31/2025 09:27:00 AM,"OPERATING VEHICLE IN ERRATIC, RECKLESS, CARELESS, NEGLIGENT OR AGGRESSIVE MANNER",NOT APPLICABLE,938,E,75TH ST,323,,,,,,,2,NO INDICATION OF INJURY,0,0,0,0,0,1,0,0,7,8,41.758734631,-87.6014161154,POINT (-87.601416115357 41.758734630965)
70d11d5f8e1e63067f42de6e9ec280bfb379bf1a0a47edcbd85dfc7808adb630d9bc00e2205e48314aa2a81ab80a6da14a13616800733280122d2b42a1091375,,08/30/2025 12:21:00 AM,35,TRAFFIC SIGNAL,FUNCTIONING PROPERLY,CLEAR,"DARKNESS, LIGHTED ROAD",REAR END,DIVIDED - W/MEDIAN (NOT RAISED),,STRAIGHT AND LEVEL,DRY,NO DEFECTS,NOT ON SCENE (DESK REPORT),NO INJURY / DRIVE AWAY,Y,,,"OVER $1,500",08/30/2025 12:42:00 AM,UNABLE TO DETERMINE,NOT APPLICABLE,613,N,STATE ST,1834,,,,,,,2,NO INDICATION OF INJURY,0,0,0,0,0,2,0,0,7,8,41.8929448351,-87.627968111,POINT (-87.627968110994 41.892944835147)
4cc9b083b5e8179e389aa28df6d32e8b7052794b0d139739535e5e434edd7a9799967da3fb9a43d704d64f4211a8a70584a9e44a158fc5b109ec0a2b54b08cf5,,08/30/2025 12:15:00 AM,15,NO CONTROLS,NO CONTROLS,UNKNOWN,UNKNOWN,FIXED OBJECT,ALLEY,,STRAIGHT AND LEVEL,UNKNOWN,UNKNOWN,ON SCENE,NO INJURY / DRIVE AWAY,,,Y,"OVER $1,500",08/30/2025 09:27:00 AM,UNABLE TO DETERMINE,UNABLE TO DETERMINE,2217,N,LOREL AVE,2515,,,,,,,3,NO INDICATION OF INJURY,0,0,0,0,0,1,0,0,7,8,41.9209543199,-87.75959179,POINT (-87.759591790034 41.920954319904)
8b1e418fddf780423fa43e246f69b1ab7220ccf1e1806d4ac6930eff90916eafb68c208b4dbca12e51c92350caddc5ef9a00a2c9a24d4944e8add17cbaf6a313,,08/30/2025 12:10:00 AM,30,TRAFFIC SIGNAL,FUNCTIONING PROPERLY,CLEAR,"DARKNESS, LIGHTED ROAD",SIDESWIPE SAME DIRECTION,FOUR WAY,,STRAIGHT AND LEVEL,DRY,UNKNOWN,,INJURY AND / OR TOW DUE TO CRASH,Y,,,"$501 - $1,500",08/30/2025 01:45:00 AM,UNABLE TO DETERMINE,UNABLE TO DETERMINE,198,W,WACKER DR,122,,,,,,,2,"REPORTED, NOT EVIDENT",1,0,0,0,1,1,0,0,7,8,41.8870417421,-87.6338909371,POINT (-87.633890937092 41.887041742144)
178482e5518fe1dcac1fc4f811e1620901543be013ed53bee4a48539ccd5c546d7f4b8f12cc0abdac589769a4c1e716d8f5c4610f468446438e45eb462aa2b90,,08/30/2025 12:03:00 AM,40,NO CONTROLS,NO CONTROLS,UNKNOWN,UNKNOWN,SIDESWIPE SAME DIRECTION,DIVIDED - W/MEDIAN (NOT RAISED),,STRAIGHT AND LEVEL,UNKNOWN,UNKNOWN,NOT ON SCENE (DESK REPORT),NO INJURY / DRIVE AWAY,,,Y,"OVER $1,500",08/30/2025 12:10:00 PM,UNABLE TO DETERMINE,NOT APPLICABLE,600,N,LAKE SHORE DR,1834,,,,,,,2,NO INDICATION OF INJURY,0,0,0,0,0,3,0,0,7,8,41.8927482092,-87.614686796,POINT (-87.614686796014 41.892748209238)
b3fb89d47f94a892b9a065504ed4bbebe514ac672375f074dc355a48b9ed1bc59b6e46c5a5cb6334c5dc50a71f1062d11e7ea67987e755565557e3dfdedbbd84,Y,08/30/2025 12:00:00 AM,35,NO CONTROLS,NO CONTROLS,UNKNOWN,UNKNOWN,PARKED MOTOR VEHICLE,NOT DIVIDED,,STRAIGHT AND LEVEL,OTHER,UNKNOWN,ON SCENE,INJURY AND / OR TOW DUE TO CRASH,,,Y,"OVER $1,500",08/30/2025 04:31:00 PM,UNABLE TO DETERMINE,UNABLE TO DETERMINE,221,E,43RD ST,215,,,,,,,2,NO INDICATION OF INJURY,0,0,0,0,0,1,0,0,7,8,41.8164676472,-87.6204157597,POINT (-87.620415759705 41.816467647168)
c981b6d5977bd2ad14ab9d0c6bf1a68a71908a1f4de79df56733ece3db00b14ad4c119ad7fbdd7ebb82567bb6cae7eeabe36e8b8d0e7d646c98371badc7ad372,,08/30/2025 12:00:00 AM,30,NO CONTROLS,NO CONTROLS,CLEAR,"DARKNESS, LIGHTED ROAD",SIDESWIPE SAME DIRECTION,DIVIDED - W/MEDIAN (NOT RAISED),,STRAIGHT AND LEVEL,DRY,NO DEFECTS,NOT ON SCENE (DESK REPORT),NO INJURY / DRIVE AWAY,,,Y,"OVER $1,500",08/30/2025 12:45:00 AM,IMPROPER LANE USAGE,IMPROPER OVERTAKING/PASSING,2409,N,WESTERN AVE,1432,,,,,,,2,NO INDICATION OF INJURY,0,0,0,0,0,6,0,0,7,8,41.9252176962,-87.6875065949,POINT (-87.687506594905 41.92521769618)
5da3a597aafba4cb06b08ff93766589522327c87dadb44565f08861d688bd8c4a25d4661147295ce106c62f50f5b51e34aa429381cd200e7df65a2f2742df94b,,08/29/2025 11:55:00 PM,45,NO CONTROLS,NO CONTROLS,CLEAR,"DARKNESS, LIGHTED ROAD",TURNING,DIVIDED - W/MEDIAN BARRIER,,STRAIGHT AND LEVEL,DRY,NO DEFECTS,NOT ON SCENE (DESK REPORT),NO INJURY / DRIVE AWAY,,,Y,"OVER $1,500",08/30/2025 09:35:00 AM,IMPROPER OVERTAKING/PASSING,NOT APPLICABLE,401,N,LAKE SHORE DR NB,1834,,,,,,,2,NO INDICATION OF INJURY,0,0,0,0,0,3,0,23,6,8,41.8891462543,-87.6138431274,POINT (-87.613843127448 41.889146254302)
88ff6a2085460eac29cc5d7c2e53a6c1f6898176ad819a60f87f091b392ea0349fb0ca27723084bc6bf25f846faed5f6c4d4407959356df1d531a9bbdecfc111,,08/29/2025 11:41:00 PM,30,NO CONTROLS,NO CONTROLS,CLEAR,DARKNESS,PARKED MOTOR VEHICLE,DIVIDED - W/MEDIAN (NOT RAISED),,STRAIGHT AND LEVEL,DRY,NO DEFECTS,ON SCENE,NO INJURY / DRIVE AWAY,,,,"$501 - $1,500",08/29/2025 11:41:00 PM,IMPROPER TURNING/NO SIGNAL,IMPROPER TURNING/NO SIGNAL,7065,N,CLARK ST,2423,,,,,,,2,NO INDICATION OF INJURY,0,0,0,0,0,3,0,23,6,8,42.0109054882,-87.6742050499,POINT (-87.674205049911 42.01090548818)
6891ebf1d677bac8737b1737eda60759a9e7e3e800b0235de3a21931f5cf2510b5c128cddfbc5634c64d98d381b312313a32ea75e7af2bbeb8be458e0eb69778,,08/29/2025 11:27:00 PM,30,NO CONTROLS,NO CONTROLS,CLEAR,"DARKNESS, LIGHTED ROAD",PARKED MOTOR VEHICLE,NOT DIVIDED,,STRAIGHT AND LEVEL,DRY,NO DEFECTS,ON SCENE,NO INJURY / DRIVE AWAY,,,N,"OVER $1,500",08/29/2025 11:27:00 PM,PHYSICAL CONDITION OF DRIVER,PHYSICAL CONDITION OF DRIVER,3609,W,CERMAK RD,1013,,,,,,,2,NO INDICATION OF INJURY,0,0,0,0,0,1,0,23,6,8,41.8515497742,-87.71542335,POINT (-87.715423350038 41.851549774184)
d2ff818f5f2eab0cb3f4d55c3a3db23fd110f04522b4626f0fa0c1b7950023a4d077e0092d5362fb370e3d55926632617409dc6e34278bcb5ae98aeaf6862caf,,08/29/2025 11:17:00 PM,30,TRAFFIC SIGNAL,FUNCTIONING PROPERLY,CLEAR,DAWN,ANGLE,FOUR WAY,,STRAIGHT AND LEVEL,DRY,NO DEFECTS,,INJURY AND / OR TOW DUE TO CRASH,Y,,Y,"OVER $1,500",08/29/2025 11:17:00 PM,UNABLE TO DETERMINE,NOT APPLICABLE,3158,W,HARRISON ST,1134,,,,,,,2,NO INDICATION OF INJURY,0,0,0,0,0,2,0,23,6,8,41.8737987551,-87.7057962772,POINT (-87.705796277236 41.873798755096)
fae0e58d2d588ff4122bc2b9812db868d02edec695b5e45067dd76648a1bfffa3953d366d9262c35739a43b67eb009cd9a239d0d90c206ad883b9d148c8e1e44,,08/29/2025 11:15:00 PM,30,STOP SIGN/FLASHER,FUNCTIONING PROPERLY,CLEAR,"DARKNESS, LIGHTED ROAD",ANGLE,FOUR WAY,,STRAIGHT AND LEVEL,DRY,NO DEFECTS,ON SCENE,NO INJURY / DRIVE AWAY,N,,,"OVER $1,500",08/29/2025 11:25:00 PM,UNABLE TO DETERMINE,NOT APPLICABLE,8758,S,VINCENNES AVE,2222,,,,,,,2,NO INDICATION OF INJURY,0,0,0,0,0,4,0,23,6,8,41.734423516,-87.645942486,POINT (-87.645942486013 41.734423515996)
64297ed44bacbd1d8e5a4168111ad95c90fdfa0bebcc626015e9d490e90a4c830e8257330558ba17346b1bc31c5d6dae9fbf2ef37020747432a41e5423ccbac6,,08/29/2025 11:12:00 PM,30,TRAFFIC SIGNAL,FUNCTIONING PROPERLY,CLEAR,"DARKNESS, LIGHTED ROAD",REAR END,DIVIDED - W/MEDIAN (NOT RAISED),,STRAIGHT AND LEVEL,DRY,NO DEFECTS,NOT ON SCENE (DESK REPORT),INJURY AND / OR TOW DUE TO CRASH,,,Y,"OVER $1,500",08/30/2025 12:10:00 AM,FOLLOWING TOO CLOSELY,FOLLOWING TOO CLOSELY,700,S,LAKE SHORE DR NB,114,,,,,,,3,NO INDICATION OF INJURY,0,0,0,0,0,3,0,23,6,8,41.873190589,-87.6174581402,POINT (-87.617458140248 41.873190589037)
62da80f8a2c76ce72f656f11a63678e8c2f6020c7bf11b21f4dbaaedaa2c57a4cdf0a03bbf85cfc3bafc9df5958d48cd0bdfb980caf56f3982a0a50bc91ca363,,08/29/2025 11:10:00 PM,30,NO CONTROLS,NO CONTROLS,CLEAR,"DARKNESS, LIGHTED ROAD",TURNING,DIVIDED - W/MEDIAN (NOT RAISED),,STRAIGHT AND LEVEL,DRY,NO DEFECTS,NOT ON SCENE (DESK REPORT),INJURY AND / OR TOW DUE TO CRASH,,,,"OVER $1,500",08/30/2025 01:35:00 PM,FAILING TO YIELD RIGHT-OF-WAY,UNABLE TO DETERMINE,6092,N,CALDWELL AVE,1621,,,,,,,2,NONINCAPACITATING INJURY,1,0,0,1,0,1,0,23,6,8,41.9916868529,-87.7549619572,POINT (-87.754961957239 41.99168685288)
18f4ca82137ac9d791baed60a038b87d017ca924f1489307ec0e79b8853e8a135d1fc07020b3708ef213df89400dd42fce9e7b80d5f6e5a4e5508200c4c93b1e,,08/29/2025 11:08:00 PM,30,NO CONTROLS,UNKNOWN,RAIN,DUSK,HEAD ON,NOT DIVIDED,,STRAIGHT AND LEVEL,WET,NO DEFECTS,ON SCENE,NO INJURY / DRIVE AWAY,,,Y,"$501 - $1,500",08/29/2025 11:45:00 PM,UNABLE TO DETERMINE,NOT APPLICABLE,4900,W,FULLERTON AVE,2521,,,,,,,2,NO INDICATION OF INJURY,0,0,0,0,0,2,0,23,6,8,41.9243147966,-87.7488839446,POINT (-87.748883944595 41.924314796598)
3a4c6ad0d81ab166705c5fa657ec66ef0ebdc8c4ce63c3cfccadc7d11bba2ba5a7a8dac9d8fa67a34ff2c63af58c70a882b87590ba30c1a8cdc0c82298db0a2e,,08/29/2025 11:03:00 PM,30,NO CONTROLS,NO CONTROLS,CLEAR,"DARKNESS, LIGHTED ROAD",PARKED MOTOR VEHICLE,ONE-WAY,,STRAIGHT AND LEVEL,DRY,UNKNOWN,ON SCENE,INJURY AND / OR TOW DUE TO CRASH,,,Y,"OVER $1,500",08/29/2025 11:10:00 PM,UNABLE TO DETERMINE,UNABLE TO DETERMINE,3306,W,HURON ST,1121,,,,,,,2,,,,,,,,,23,6,8,41.8938072519,-87.7092792469,POINT (-87.709279246864 41.893807251852)
d38d4dc9a14a51acf9cd3d09978ab0b28f403221afb2d5ad6eff93bd9aecea0efd22c227665274fc9dfdca0f6054da411db79381c7d51d2e119d1d1eddc4e8a5,,08/29/2025 11:00:00 PM,30,UNKNOWN,UNKNOWN,CLEAR,UNKNOWN,TURNING,NOT DIVIDED,,STRAIGHT AND LEVEL,UNKNOWN,UNKNOWN,NOT ON SCENE (DESK REPORT),NO INJURY / DRIVE AWAY,,,,"OVER $1,500",08/30/2025 01:30:00 PM,UNABLE TO DETERMINE,UNABLE TO DETERMINE,6092,N,CALDWELL AVE,1621,,,,,,,2,NO INDICATION OF INJURY,0,0,0,0,0,2,0,23,6,8,41.9916868529,-87.7549619572,POINT (-87.754961957239 41.99168685288)
52f572e4bf7204b2f122c972a99fb14e00fd74e53c0dbc0fd0ad78433fee64d71d85773416117d045de14105f0e7d91ec45f5d5c935494e798ba02126cbfbf95,,08/29/2025 10:48:00 PM,30,STOP SIGN/FLASHER,FUNCTIONING PROPERLY,CLEAR,DAYLIGHT,TURNING,T-INTERSECTION,,STRAIGHT AND LEVEL,DRY,NO DEFECTS,ON SCENE,INJURY AND / OR TOW DUE TO CRASH,,,,"OVER $1,500",08/29/2025 11:00:00 PM,UNDER THE INFLUENCE OF ALCOHOL/DRUGS (USE WHEN ARREST IS EFFECTED),NOT APPLICABLE,1401,W,LEXINGTON ST,1231,,,,,,,2,NO INDICATION OF INJURY,0,0,0,0,0,3,0,22,6,8,41.8724159591,-87.6618568641,POINT (-87.661856864123 41.872415959081)
56b5526fb74220a983b33e158065a19d6f948035cd5c24aa7c589cae0690e8dc59e7130657a67901ca84699a01178c64bf563dde42463767f6b93eaf6ead1be0,,08/29/2025 10:40:00 PM,30,TRAFFIC SIGNAL,UNKNOWN,CLEAR,"DARKNESS, LIGHTED ROAD",REAR END,NOT DIVIDED,,STRAIGHT AND LEVEL,DRY,UNKNOWN,NOT ON SCENE (DESK REPORT),NO INJURY / DRIVE AWAY,,,,"OVER $1,500",08/29/2025 11:14:00 PM,FOLLOWING TOO CLOSELY,FOLLOWING TOO CLOSELY,300,S,HALSTED ST,1232,,,,,,,2,NO INDICATION OF INJURY,0,0,0,0,0,2,0,22,6,8,41.8779147522,-87.6473882814,POINT (-87.647388281435 41.877914752179)
16716d107ba38debca9ce9c2e6b3b6869a0c650c2b9f2f27432720dc2b0dbfd2f9f0dd5009d18ba3f5bd5aceff6a1d623ed9bff1e0952a8dea8b434eb2c20eab,,08/29/2025 10:30:00 PM,30,NO CONTROLS,NO CONTROLS,CLEAR,"DARKNESS, LIGHTED ROAD",TURNING,NOT DIVIDED,,STRAIGHT AND LEVEL,DRY,NO DEFECTS,NOT ON SCENE (DESK REPORT),NO INJURY / DRIVE AWAY,,,,"OVER $1,500",08/29/2025 10:50:00 PM,IMPROPER LANE USAGE,IMPROPER OVERTAKING/PASSING,4824,N,PULASKI RD,1712,,,,,,,2,NO INDICATION OF INJURY,0,0,0,0,0,2,0,22,6,8,41.9690321327,-87.7281989338,POINT (-87.728198933785 41.969032132682)
425144045fe5cca2b86a34055710e56d0e5c20e5d54e5bd681f7bc85668099f2c3b28510445cfcddc06c160ef29d84d94e566cfd13e22505b4d67961d14e4c9f,,08/29/2025 10:30:00 PM,30,NO CONTROLS,NO CONTROLS,CLEAR,DARKNESS,SIDESWIPE OPPOSITE DIRECTION,NOT DIVIDED,,STRAIGHT AND LEVEL,DRY,WORN SURFACE,NOT ON SCENE (DESK REPORT),INJURY AND / OR TOW DUE TO CRASH,,,Y,"OVER $1,500",08/30/2025 08:40:00 AM,UNABLE TO DETERMINE,NOT APPLICABLE,11314,S,DOTY AVE E,531,,,,,,,2,NONINCAPACITATING INJURY,1,0,0,1,0,2,0,22,6,8,41.6886946215,-87.5991728158,POINT (-87.599172815783 41.688694621536)
5fac578f2546bbfdda6ba03f9f14fb62bacf62f1ca8ddc6c04138e66b2dbb8991603c885bd2d7cf36452f803d80daca6d00529363e697c725b55531308c79731,,08/29/2025 10:30:00 PM,30,UNKNOWN,UNKNOWN,CLEAR,"DARKNESS, LIGHTED ROAD",SIDESWIPE SAME DIRECTION,DIVIDED - W/MEDIAN (NOT RAISED),,STRAIGHT AND LEVEL,DRY,UNKNOWN,NOT ON SCENE (DESK REPORT),NO INJURY / DRIVE AWAY,,,,"OVER $1,500",08/29/2025 11:30:00 PM,UNABLE TO DETERMINE,NOT APPLICABLE,6500,N,SHERIDAN RD,2432,,,,,,,2,NO INDICATION OF INJURY,0,0,0,0,0,4,0,22,6,8,42.0004434961,-87.6608593509,POINT (-87.660859350903 42.000443496129)
7f66abc52c458388a4caef6b7953ccf96bd48d44f9b440fb14f21560483bdce0dd25dec3ad682589dd469b8e4bbdddaad7a79b4934f9a6b412206c016a01b503,,08/29/2025 10:30:00 PM,30,NO CONTROLS,NO CONTROLS,CLEAR,DARKNESS,ANGLE,NOT DIVIDED,,STRAIGHT AND LEVEL,DRY,UNKNOWN,NOT ON SCENE (DESK REPORT),NO INJURY / DRIVE AWAY,,,,"$501 - $1,500",08/29/2025 10:45:00 PM,FAILING TO YIELD RIGHT-OF-WAY,FAILING TO YIELD RIGHT-OF-WAY,2302,S,ARCHER AVE,914,,,,,,,2,NO INDICATION OF INJURY,0,0,0,0,0,2,0,22,6,8,41.8509916786,-87.638967479,POINT (-87.638967478958 41.850991678594)
c83c75c70ed16dc7f59adb81b5e075e770a02e6e0a13956c272d12f509441812e5097ecd4795146149e40ed5c1313558d599cbc96d539b6cb8e5adf5c01476d0,,08/29/2025 10:30:00 PM,30,TRAFFIC SIGNAL,FUNCTIONING PROPERLY,UNKNOWN,"DARKNESS, LIGHTED ROAD",REAR END,NOT DIVIDED,,STRAIGHT AND LEVEL,UNKNOWN,UNKNOWN,NOT ON SCENE (DESK REPORT),NO INJURY / DRIVE AWAY,,,,"OVER $1,500",08/30/2025 01:30:00 PM,UNABLE TO DETERMINE,UNABLE TO DETERMINE,5057,W,NORTH AVE,2533,,,,,,,2,NO INDICATION OF INJURY,0,0,0,0,0,2,0,22,6,8,41.9094222254,-87.7533625847,POINT (-87.753362584724 41.909422225427)
bdc4fddfcf25a7471d735086f795410d6fd10073987708980496cf68fa2d2bd43d080007235f0a8f6e79d5d2cb77e2540f50aea36f6bcec1f380683d1d444b99,,08/29/2025 10:15:00 PM,30,TRAFFIC SIGNAL,FUNCTIONING PROPERLY,CLEAR,"DARKNESS, LIGHTED ROAD",SIDESWIPE SAME DIRECTION,ONE-WAY,,STRAIGHT AND LEVEL,UNKNOWN,UNKNOWN,NOT ON SCENE (DESK REPORT),NO INJURY / DRIVE AWAY,,,,"$501 - $1,500",08/29/2025 11:15:00 PM,UNABLE TO DETERMINE,UNABLE TO DETERMINE,319,W,ONTARIO ST,1831,,,,,,,2,NO INDICATION OF INJURY,0,0,0,0,0,2,0,22,6,8,41.8930478037,-87.6364765073,POINT (-87.636476507278 41.893047803658)
1992afbd5d6f502ef47893bcaade69ec82327e9c49b6155e4aab7249ead061a7b4fc0a820a8e476eaebd2b44b63e1ceabc5cd9868202d4967824464852041caa,,08/29/2025 10:11:00 PM,40,NO CONTROLS,NO CONTROLS,CLEAR,"DARKNESS, LIGHTED ROAD",SIDESWIPE SAME DIRECTION,ONE-WAY,,STRAIGHT AND LEVEL,DRY,NO DEFECTS,ON SCENE,INJURY AND / OR TOW DUE TO CRASH,,,,"OVER $1,500",08/29/2025 10:13:00 PM,"OPERATING VEHICLE IN ERRATIC, RECKLESS, CARELESS, NEGLIGENT OR AGGRESSIVE MANNER",FAILING TO REDUCE SPEED TO AVOID CRASH,2400,N,LAKE SHORE DR NB,1935,,,,,,,4,NO INDICATION OF INJURY,0,0,0,0,0,5,0,22,6,8,41.9261607198,-87.6315146648,POINT (-87.631514664826 41.926160719812)