CRASH_RECORD_ID,CRASH_DATE_EST_I,CRASH_DATE,POSTED_SPEED_LIMIT,TRAFFIC_CONTROL_DEVICE,DEVICE_CONDITION,WEATHER_CONDITION,LIGHTING_CONDITION,FIRST_CRASH_TYPE,TRAFFICWAY_TYPE,LANE_CNT,ALIGNMENT,ROADWAY_SURFACE_COND,ROAD_DEFECT,REPORT_TYPE,CRASH_TYPE,INTERSECTION_RELATED_I,NOT_RIGHT_OF_WAY_I,HIT_AND_RUN_I,DAMAGE,DATE_POLICE_NOTIFIED,PRIM_CONTRIBUTORY_CAUSE,SEC_CONTRIBUTORY_CAUSE,STREET_NO,STREET_DIRECTION,STREET_NAME,BEAT_OF_OCCURRENCE,PHOTOS_TAKEN_I,STATEMENTS_TAKEN_I,DOORING_I,WORK_ZONE_I,WORK_ZONE_TYPE,WORKERS_PRESENT_I,NUM_UNITS,MOST_SEVERE_INJURY,INJURIES_TOTAL,INJURIES_FATAL,INJURIES_INCAPACITATING,INJURIES_NON_INCAPACITATING,INJURIES_REPORTED_NOT_EVIDENT,INJURIES_NO_INDICATION,INJURIES_UNKNOWN,CRASH_HOUR,CRASH_DAY_OF_WEEK,CRASH_MONTH,LATITUDE,LONGITUDE,LOCATION
a9370b721a98c75c899a1f5295da5fe7a62b83970013b4d818b9ae03749f7d47c11722002f3e559600bd0314426bccf1a51bfeb71527131c6796ed42c9a0c159,,08/29/2025 10:10:00 PM,30,TRAFFIC SIGNAL,UNKNOWN,CLEAR,UNKNOWN,PEDESTRIAN,NOT DIVIDED,,STRAIGHT AND LEVEL,DRY,NO DEFECTS,ON SCENE,INJURY AND / OR TOW DUE TO CRASH,,,Y,"OVER $1,500",08/30/2025 12:42:00 AM,UNABLE TO DETERMINE,NOT APPLICABLE,1801,S,KEDZIE AVE,1022,,,,,,,2,NONINCAPACITATING INJURY,1,0,0,1,0,1,0,22,6,8,41.857621901,-87.70527585,POINT (-87.705275850039 41.857621900976)
b8582d88a06d2a54eb07ec72841f35f41688a66cb58365169b2847d2705e7505b3e5f1d8a0fd83512fb6d1e8a52c6eacf573a5d2907b7f6519ebf7d72ea7e88c,,08/29/2025 09:58:00 PM,30,TRAFFIC SIGNAL,FUNCTIONING PROPERLY,CLEAR,"DARKNESS, LIGHTED ROAD",PARKED MOTOR VEHICLE,NOT DIVIDED,,STRAIGHT AND LEVEL,DRY,NO DEFECTS,NOT ON SCENE (DESK REPORT),NO INJURY / DRIVE AWAY,Y,,,"OVER $1,500",08/30/2025 01:10:00 PM,IMPROPER OVERTAKING/PASSING,NOT APPLICABLE,3600,N,LAKE SHORE DR,1925,,,,,,,2,NO INDICATION OF INJURY,0,0,0,0,0,1,0,21,6,8,41.9486836744,-87.6436497585,POINT (-87.643649758505 41.948683674375)
34530ca279e0e6dea885bb6940a699f39ae6404c00f0e374c5116a6f6c57b3b798894eaca4ee0355c15534a543131bde79e5a8b8adb36cb99b5e1df92113785e,,08/29/2025 09:55:00 PM,30,NO CONTROLS,NO CONTROLS,CLEAR,"DARKNESS, LIGHTED ROAD",PARKED MOTOR VEHICLE,ONE-WAY,,STRAIGHT AND LEVEL,DRY,UNKNOWN,ON SCENE,INJURY AND / OR TOW DUE TO CRASH,,,,"$501 - $1,500",08/29/2025 10:05:00 PM,NOT APPLICABLE,NOT APPLICABLE,942,W,RANDOLPH ST,1224,,,Y,,,,3,NONINCAPACITATING INJURY,1,0,0,1,0,2,0,21,6,8,41.8844481206,-87.6514380986,POINT (-87.651438098625 41.884448120639)
f4d86af9aba731a01e5846618ea252d84f5dc8d08858b7d90ce51dc1e4e30d3af4501e98ad36350027cc87e5117e60ec44d94bebda9197ad40a12516c332894e,,08/29/2025 09:47:00 PM,30,TRAFFIC SIGNAL,FUNCTIONING PROPERLY,CLEAR,"DARKNESS, LIGHTED ROAD",TURNING,FOUR WAY,,STRAIGHT AND LEVEL,UNKNOWN,UNKNOWN,NOT ON SCENE (DESK REPORT),INJURY AND / OR TOW DUE TO CRASH,Y,,,"OVER $1,500",08/30/2025 12:05:00 AM,FAILING TO YIELD RIGHT-OF-WAY,UNABLE TO DETERMINE,7100,S,WENTWORTH AVE,731,N,,,,,,2,NO INDICATION OF INJURY,0,0,0,0,0,3,0,21,6,8,41.7653413584,-87.6299145749,POINT (-87.629914574932 41.7653413584)
b69ce6791c7e2969875237ca4425572b8040b521523f13083101f240bf9bd930292392be585cfd4357455fdd35b2753307e889f18826a94f6add3e366673acc8,,08/29/2025 09:40:00 PM,30,NO CONTROLS,NO CONTROLS,CLEAR,"DARKNESS, LIGHTED ROAD",PARKED MOTOR VEHICLE,ONE-WAY,,STRAIGHT AND LEVEL,DRY,NO DEFECTS,NOT ON SCENE (DESK REPORT),NO INJURY / DRIVE AWAY,,,Y,$500 OR LESS,08/29/2025 11:05:00 PM,UNABLE TO DETERMINE,NOT APPLICABLE,5855,S,CAMPBELL AVE,824,,,,,,,2,NO INDICATION OF INJURY,0,0,0,0,0,1,0,21,6,8,41.7867317819,-87.6861384497,POINT (-87.686138449652 41.786731781933)
775852dbb29d9927d3cb9b77f8de02bdcff4a66402fb8056db5bbf7c73f66798f49109e708ddd38126f1ecfc06cee333bde8150f5318840a1a1ae2f604089c93,,08/29/2025 09:33:00 PM,30,TRAFFIC SIGNAL,FUNCTIONING PROPERLY,CLEAR,DAYLIGHT,REAR END,NOT DIVIDED,,STRAIGHT AND LEVEL,DRY,NO DEFECTS,NOT ON SCENE (DESK REPORT),NO INJURY / DRIVE AWAY,,,,"OVER $1,500",08/30/2025 12:30:00 PM,FOLLOWING TOO CLOSELY,NOT APPLICABLE,2,E,CERMAK RD,131,,,,,,,2,NO INDICATION OF INJURY,0,0,0,0,0,2,0,21,6,8,41.852975977,-87.6270330883,POINT (-87.62703308833 41.852975976988)
08e526168e6cee12f49f73f6c88cafe1bb488a2ac6cee5d5098350713e2dcdd06633a2507f6ef8e5da01d3bc19925f47839b6cf11308e8bbdb39985fc491e340,,08/29/2025 09:32:00 PM,30,NO CONTROLS,NO CONTROLS,CLEAR,DARKNESS,TURNING,DIVIDED - W/MEDIAN BARRIER,,STRAIGHT AND LEVEL,DRY,WORN SURFACE,ON SCENE,NO INJURY / DRIVE AWAY,,,,"OVER $1,500",08/29/2025 09:35:00 PM,IMPROPER TURNING/NO SIGNAL,NOT APPLICABLE,256,W,CERMAK RD,914,,,,,,,2,NO INDICATION OF INJURY,0,0,0,0,0,2,0,21,6,8,41.852937722,-87.6342935305,POINT (-87.634293530471 41.852937721979)
666d09511a04c60a314838f882c21826f71ed9c56bca1434de666c48e32d3138552dc98a582a7e30e751423ece5f39ac37c7f9af61ac8564f3e8f48deae9ee7a,,08/29/2025 09:30:00 PM,30,UNKNOWN,NO CONTROLS,CLEAR,"DARKNESS, LIGHTED ROAD",REAR END,NOT DIVIDED,,STRAIGHT AND LEVEL,DRY,UNKNOWN,ON SCENE,NO INJURY / DRIVE AWAY,,,,"OVER $1,500",08/30/2025 02:45:00 PM,FOLLOWING TOO CLOSELY,FOLLOWING TOO CLOSELY,646,N,MICHIGAN AVE,1834,,,,,,,2,NO INDICATION OF INJURY,0,0,0,0,0,2,0,21,6,8,41.8939733475,-87.6243815186,POINT (-87.624381518625 41.893973347467)
cf2d1cb034562df5ed41a60de24fbfa3023217743aedf15fbd38ddb8964623ce5e70832b6a7c2ada6bc10ffe95b8fe4894b5311eee62d5065d8e28404d6a87f7,,08/29/2025 09:30:00 PM,30,NO CONTROLS,NO CONTROLS,CLEAR,"DARKNESS, LIGHTED ROAD",REAR END,DIVIDED - W/MEDIAN (NOT RAISED),,STRAIGHT AND LEVEL,DRY,NO DEFECTS,NOT ON SCENE (DESK REPORT),NO INJURY / DRIVE AWAY,,,Y,"$501 - $1,500",08/29/2025 10:00:00 PM,UNABLE TO DETERMINE,NOT APPLICABLE,4200,W,63RD ST,813,,,,,,,2,NO INDICATION OF INJURY,0,0,0,0,0,2,0,21,6,8,41.7787078627,-87.7277079901,POINT (-87.727707990149 41.778707862748)
89efc4b601cda2e278fd308665f385efa86f1e9a3c0891400f17916caefe4492028c93ea1bc09bd96e3a90216b6265dff476dc5d1fe978ecfdec49cf746f9880,,08/29/2025 09:15:00 PM,30,NO CONTROLS,NO CONTROLS,CLEAR,"DARKNESS, LIGHTED ROAD",SIDESWIPE SAME DIRECTION,NOT DIVIDED,,STRAIGHT AND LEVEL,DRY,NO DEFECTS,ON SCENE,INJURY AND / OR TOW DUE TO CRASH,,,,"OVER $1,500",08/29/2025 09:19:00 PM,IMPROPER OVERTAKING/PASSING,NOT APPLICABLE,2635,W,DEVON AVE,2413,,,,,,,2,NO INDICATION OF INJURY,0,0,0,0,0,2,0,21,6,8,41.9975129507,-87.6961285926,POINT (-87.696128592575 41.997512950671)
7f6865c45bdf0631553305b4c608da43c159fc188baa32d467a8ecf9c2994d32be5970b8bc1a72fe712f2e3888231399e4d1ffa5720e9dea2a7e4ecbfc7156f8,,08/29/2025 09:02:00 PM,20,NO CONTROLS,NO CONTROLS,CLEAR,"DARKNESS, LIGHTED ROAD",PARKED MOTOR VEHICLE,PARKING LOT,,STRAIGHT AND LEVEL,DRY,NO DEFECTS,NOT ON SCENE (DESK REPORT),NO INJURY / DRIVE AWAY,,,,"OVER $1,500",08/29/2025 10:00:00 PM,IMPROPER BACKING,NOT APPLICABLE,4626,W,DIVERSEY AVE,2521,,,,,,,2,NO INDICATION OF INJURY,0,0,0,0,0,1,0,21,6,8,41.9316889194,-87.7430169468,POINT (-87.743016946831 41.931688919351)
c70c910c73535346363f8f56720a9680f8d8f4d37907a01a5f8bacdfca29df1f9da5e30470b3192f7b63075c870b24311db77c277359d911a008935ea288cd65,,08/29/2025 09:00:00 PM,30,TRAFFIC SIGNAL,FUNCTIONING PROPERLY,CLEAR,"DARKNESS, LIGHTED ROAD",REAR END,FOUR WAY,,STRAIGHT AND LEVEL,DRY,NO DEFECTS,ON SCENE,NO INJURY / DRIVE AWAY,,,Y,"$501 - $1,500",08/29/2025 09:16:00 PM,UNABLE TO DETERMINE,UNABLE TO DETERMINE,8700,S,VINCENNES AVE,2222,,,,,,,2,NO INDICATION OF INJURY,0,0,0,0,0,3,0,21,6,8,41.7360065646,-87.645341819,POINT (-87.64534181898 41.736006564585)
f66e0c72a7a5b902cd5cdf574001ac8ce851dc37d42027d845ee46184800acd62e44d869246f03134b224736ad5bc020a24365323c322c46500b83fef149a55d,,08/29/2025 09:00:00 PM,35,NO CONTROLS,NO CONTROLS,CLEAR,"DARKNESS, LIGHTED ROAD",SIDESWIPE SAME DIRECTION,NOT DIVIDED,,STRAIGHT AND LEVEL,DRY,NO DEFECTS,NOT ON SCENE (DESK REPORT),NO INJURY / DRIVE AWAY,,,,"$501 - $1,500",08/29/2025 09:30:00 PM,FAILING TO YIELD RIGHT-OF-WAY,DRIVING SKILLS/KNOWLEDGE/EXPERIENCE,4419,W,MONTROSE AVE,1722,,,,,,,2,NO INDICATION OF INJURY,0,0,0,0,0,2,0,21,6,8,41.9607086875,-87.7393000469,POINT (-87.739300046903 41.960708687526)
6e3842acbd5a681edc21c4459cfcd8e5ed05d77b3d504f5c03d79964b3ddd93fdc9102ee6a089981a6602b761dc1ee3d658bc2513330bdb0e846f1ab67014879,,08/29/2025 08:55:00 PM,30,NO CONTROLS,NO CONTROLS,CLEAR,"DARKNESS, LIGHTED ROAD",PARKED MOTOR VEHICLE,NOT DIVIDED,,STRAIGHT AND LEVEL,WET,NO DEFECTS,ON SCENE,NO INJURY / DRIVE AWAY,,,,"OVER $1,500",08/29/2025 08:59:00 PM,IMPROPER LANE USAGE,DISTRACTION - FROM OUTSIDE VEHICLE,1414,W,73RD ST,734,,,,,,,2,NO INDICATION OF INJURY,0,0,0,0,0,1,0,20,6,8,41.7614451805,-87.659521139,POINT (-87.659521138981 41.761445180545)
c10f63a2d79b4f7106b0b6c6c7c8dde12fc1e6f935ad6a3512af71a3d3faa6a0dded6bedc061d531442f4f4c8df94de581296f97c85c1ebad65abe30b8523f7b,,08/29/2025 08:54:00 PM,30,TRAFFIC SIGNAL,UNKNOWN,CLEAR,"DARKNESS, LIGHTED ROAD",PEDESTRIAN,FOUR WAY,,STRAIGHT AND LEVEL,DRY,UNKNOWN,ON SCENE,INJURY AND / OR TOW DUE TO CRASH,Y,,,$500 OR LESS,08/29/2025 08:54:00 PM,FAILING TO YIELD RIGHT-OF-WAY,NOT APPLICABLE,6800,N,SHERIDAN RD,2431,,,,,,,3,NONINCAPACITATING INJURY,2,0,0,2,0,1,0,20,6,8,42.0055868649,-87.6610773204,POINT (-87.6610773204 42.005586864851)
6d9e7ee7e8fe81a7c4b03a7d92df1007209ff6f1ce12215e34a9f59b280e9564155f6cf289271f1f0f68fd340c335750974daad75bd60b46e2e12d4602552373,,08/29/2025 08:53:00 PM,30,NO CONTROLS,NO CONTROLS,CLEAR,"DARKNESS, LIGHTED ROAD",REAR END,NOT DIVIDED,,STRAIGHT AND LEVEL,DRY,UNKNOWN,ON SCENE,NO INJURY / DRIVE AWAY,,,,"OVER $1,500",08/29/2025 08:53:00 PM,UNABLE TO DETERMINE,UNABLE TO DETERMINE,5573,N,PULASKI RD,1712,,,,,,,2,NO INDICATION OF INJURY,0,0,0,0,0,2,0,20,6,8,41.9827403392,-87.7282833701,POINT (-87.728283370142 41.982740339219)
a4de0f84338bc68202bb6a05b81f1d3a88f4171550db5c3efee01d5a4ac5d5f7ec025168a6501fcc33d719076b8ccbb555e256ad62ab455284441781f8e5fb53,,08/29/2025 08:49:00 PM,30,TRAFFIC SIGNAL,FUNCTIONING PROPERLY,CLEAR,DARKNESS,TURNING,DIVIDED - W/MEDIAN BARRIER,,STRAIGHT AND LEVEL,DRY,NO DEFECTS,ON SCENE,INJURY AND / OR TOW DUE TO CRASH,Y,,,"OVER $1,500",08/29/2025 08:50:00 PM,DISREGARDING TRAFFIC SIGNALS,FAILING TO YIELD RIGHT-OF-WAY,299,S,WESTERN AVE,1225,,,,,,,2,NONINCAPACITATING INJURY,2,0,0,1,1,0,0,20,6,8,41.8776023115,-87.6861963322,POINT (-87.686196332186 41.877602311468)
53d96576b8b9f37ff7e50cf51b5622f8be40b54b709a9b4ae9c05c2a9a68d0ec25534958a5c6a908f38e036ac34c94e22fe5095517fa39917593699ea46a2fd0,,08/29/2025 08:40:00 PM,30,TRAFFIC SIGNAL,FUNCTIONING PROPERLY,CLEAR,DUSK,SIDESWIPE SAME DIRECTION,NOT DIVIDED,,STRAIGHT AND LEVEL,DRY,NO DEFECTS,NOT ON SCENE (DESK REPORT),NO INJURY / DRIVE AWAY,Y,,,"$501 - $1,500",08/29/2025 10:30:00 PM,IMPROPER LANE USAGE,UNABLE TO DETERMINE,6846,S,STONY ISLAND AVE,332,,,,,,,2,NO INDICATION OF INJURY,0,0,0,0,0,2,0,20,6,8,41.7701250375,-87.5863955173,POINT (-87.586395517306 41.770125037492)
dc4effb80045132419bf927335216d606b5bedb2351ca06f66152bfa7ddf2db03ef2c2ea6c203eb640d72a95031cf548ad53d34964f04ed544149c2c423b213f,,08/29/2025 08:40:00 PM,30,NO CONTROLS,NO CONTROLS,CLEAR,"DARKNESS, LIGHTED ROAD",REAR END,NOT DIVIDED,,STRAIGHT AND LEVEL,DRY,NO DEFECTS,NOT ON SCENE (DESK REPORT),NO INJURY / DRIVE AWAY,,,,"OVER $1,500",08/30/2025 12:50:00 AM,UNABLE TO DETERMINE,NOT APPLICABLE,4698,S,CICERO AVE,814,,,,,,,2,NO INDICATION OF INJURY,0,0,0,0,0,3,0,20,6,8,41.8077126833,-87.7433002458,POINT (-87.743300245789 41.80771268334)
6fd95b4ca9497fa7039c9ff623edfabd5ff15a7259993b17bf75430a63f7cc74fc37ff834ee344bdb6400c5991d04ce6d52c2f6a5cb373ad655b1407e4110757,,08/29/2025 08:07:00 PM,30,STOP SIGN/FLASHER,UNKNOWN,CLEAR,"DARKNESS, LIGHTED ROAD",PEDESTRIAN,FOUR WAY,,STRAIGHT AND LEVEL,DRY,UNKNOWN,ON SCENE,INJURY AND / OR TOW DUE TO CRASH,Y,,,"$501 - $1,500",08/29/2025 08:09:00 PM,UNABLE TO DETERMINE,UNABLE TO DETERMINE,1500,N,CENTRAL AVE,2531,,Y,,,,,2,"REPORTED, NOT EVIDENT",1,0,0,0,1,1,0,20,6,8,41.9076543754,-87.7659979592,POINT (-87.765997959166 41.90765437542)
dfb5be55b915207b4446e9c53123ca0dba53bf7da37a7fc724d719aaf6fe9a4c2c6b4769f1f429b5826119c023bd7a3e398380b5834a68ec118027227874a598,,08/29/2025 07:55:00 PM,30,TRAFFIC SIGNAL,FUNCTIONING PROPERLY,RAIN,DARKNESS,PEDESTRIAN,FOUR WAY,,STRAIGHT AND LEVEL,WET,NO DEFECTS,ON SCENE,INJURY AND / OR TOW DUE TO CRASH,Y,,,"OVER $1,500",08/29/2025 08:00:00 PM,WEATHER,NOT APPLICABLE,201,W,47TH ST,224,,,,,,,2,INCAPACITATING INJURY,1,0,1,0,0,1,0,19,6,8,41.8090521559,-87.6308774513,POINT (-87.630877451303 41.809052155949)
983433bcaeb3bdd810b9210c2000b68916e70d8727c7ae7f8db65e32a82bba9a8596f0325c1c3d19f2f70874eb595714b2e82c79629eb5014c03cb3fc69ea00a,,08/29/2025 07:48:00 PM,30,TRAFFIC SIGNAL,FUNCTIONING PROPERLY,CLEAR,"DARKNESS, LIGHTED ROAD",TURNING,DIVIDED - W/MEDIAN (NOT RAISED),,STRAIGHT AND LEVEL,DRY,NO DEFECTS,NOT ON SCENE (DESK REPORT),INJURY AND / OR TOW DUE TO CRASH,Y,,,"OVER $1,500",08/29/2025 09:58:00 PM,IMPROPER TURNING/NO SIGNAL,NOT APPLICABLE,200,E,ROOSEVELT RD,114,,,,,,,2,NO INDICATION OF INJURY,0,0,0,0,0,2,0,19,6,8,41.867594625,-87.6224974739,POINT (-87.622497473924 41.867594625045)
48a6ca112a97264f781c3619f25dad544fb2c0d2b59753279c676cd3e483c38438d9ed687167fe982f9fb99998c0d04ff45ba483a739e412ee82b2359046bc3f,,08/29/2025 07:45:00 PM,35,NO CONTROLS,NO CONTROLS,CLEAR,DARKNESS,PARKED MOTOR VEHICLE,DIVIDED - W/MEDIAN (NOT RAISED),,STRAIGHT AND LEVEL,DRY,NO DEFECTS,NOT ON SCENE (DESK REPORT),NO INJURY / DRIVE AWAY,,,Y,"$501 - $1,500",08/31/2025 03:39:00 PM,NOT APPLICABLE,NOT APPLICABLE,5253,N,CLARK ST,2013,,,,,,,2,NO INDICATION OF INJURY,0,0,0,0,0,1,0,19,6,8,41.9777796278,-87.6682103319,POINT (-87.668210331888 41.97777962778)
c436c18d197894751eff68a5571ec36139693ffdd61e92ee22cd5aa56665f28327b230efc5b67fd25e7d2af5b3f5b96fe84de9e998150cb0406022a10ebcd91c,,08/29/2025 07:39:00 PM,30,NO CONTROLS,NO CONTROLS,CLEAR,"DARKNESS, LIGHTED ROAD",SIDESWIPE SAME DIRECTION,DIVIDED - W/MEDIAN (NOT RAISED),,STRAIGHT AND LEVEL,DRY,NO DEFECTS,ON SCENE,NO INJURY / DRIVE AWAY,,,,"OVER $1,500",08/29/2025 08:34:00 PM,UNABLE TO DETERMINE,UNABLE TO DETERMINE,612,S,MICHIGAN AVE,123,,Y,,,,,2,NO INDICATION OF INJURY,0,0,0,0,0,3,0,19,6,8,41.8741342341,-87.6243724331,POINT (-87.624372433054 41.874134234066)
c301727313b2bd1b30a71c10fd1dad61a9d2f95cc120db7b0fcd8e4d97541bea5c7795d36f0b3c14d81550f010a47179eb6f0c29bc3735ab356bb77f80c43761,,08/29/2025 07:37:00 PM,30,UNKNOWN,UNKNOWN,CLEAR,"DARKNESS, LIGHTED ROAD",PARKED MOTOR VEHICLE,ONE-WAY,,STRAIGHT AND LEVEL,DRY,NO DEFECTS,NOT ON SCENE (DESK REPORT),NO INJURY / DRIVE AWAY,,,Y,"OVER $1,500",08/30/2025 09:55:00 AM,UNABLE TO DETERMINE,UNABLE TO DETERMINE,60,E,GRAND AVE,1834,,,,,,,2,NO INDICATION OF INJURY,0,0,0,0,0,1,0,19,6,8,41.8918143653,-87.6256852646,POINT (-87.625685264584 41.891814365281)
8c3d39000c6accd7feffbd850e4ba261854ef57dc93f6e20d755e8ba1d500b2a0faecdfffe9bebe3f6acc40c86053003122e8f42b84a61895e7d526e3519b2ef,,08/29/2025 07:25:00 PM,25,NO CONTROLS,NO CONTROLS,CLEAR,"DARKNESS, LIGHTED ROAD",TURNING,FOUR WAY,,STRAIGHT AND LEVEL,DRY,NO DEFECTS,NOT ON SCENE (DESK REPORT),NO INJURY / DRIVE AWAY,,,,"OVER $1,500",08/29/2025 09:20:00 PM,UNABLE TO DETERMINE,NOT APPLICABLE,5632,W,GOODMAN ST,1623,,,,,,,2,NO INDICATION OF INJURY,0,0,0,0,0,6,0,19,6,8,41.9714798644,-87.76728347,POINT (-87.767283470041 41.971479864441)
a2fdc0ca15627c5833f5582d6c49ae7f67e472221090b08d20e0dad2b91e9f4311edcc693ffef16b53cd5b2c525dd8936a48013fd15bd6e282a71bbf5ad0a1a5,,08/29/2025 07:15:00 PM,20,NO CONTROLS,NO CONTROLS,CLEAR,DUSK,PARKED MOTOR VEHICLE,ONE-WAY,,STRAIGHT AND LEVEL,DRY,NO DEFECTS,NOT ON SCENE (DESK REPORT),NO INJURY / DRIVE AWAY,,,,"OVER $1,500",08/29/2025 10:20:00 PM,UNABLE TO DETERMINE,NOT APPLICABLE,4906,N,MARMORA AVE,1622,,,,,,,2,NO INDICATION OF INJURY,0,0,0,0,0,3,0,19,6,8,41.9705608811,-87.7760045818,POINT (-87.7760045818 41.970560881087)
aea5230316b1a1b2d0f990cb6abaa7c02ebf887daceba299778bfe14e9f35dbc74f7eb98f317a6049babdfdeb85c41b890539147fddab31d663a2e9146b3bac2,,08/29/2025 07:15:00 PM,30,UNKNOWN,UNKNOWN,UNKNOWN,UNKNOWN,REAR END,UNKNOWN,,STRAIGHT AND LEVEL,UNKNOWN,UNKNOWN,NOT ON SCENE (DESK REPORT),NO INJURY / DRIVE AWAY,,,,"OVER $1,500",08/29/2025 07:30:00 PM,UNABLE TO DETERMINE,UNABLE TO DETERMINE,4117,S,KEDZIE AVE,921,,,,,,,2,NO INDICATION OF INJURY,0,0,0,0,0,2,0,19,6,8,41.81845057,-87.7042322507,POINT (-87.704232250651 41.818450569986)
590cabbf26ecf3e601970c254f4537fa30b60f7979b2fc56f47e2619a3212eaacc198fffbd382c50d0555857f6d3ce175a687c7082ed0f79c3e6595cc6d446d3,,08/29/2025 07:05:00 PM,30,TRAFFIC SIGNAL,FUNCTIONING PROPERLY,CLEAR,DAWN,TURNING,FOUR WAY,,STRAIGHT AND LEVEL,DRY,NO DEFECTS,ON SCENE,INJURY AND / OR TOW DUE TO CRASH,Y,,,"OVER $1,500",08/29/2025 07:07:00 PM,UNABLE TO DETERMINE,UNABLE TO DETERMINE,500,N,KEDZIE AVE,1121,,,,,,,2,NONINCAPACITATING INJURY,2,0,0,2,0,1,0,19,6,8,41.8903844508,-87.7065467882,POINT (-87.706546788234 41.890384450837)
d8f8124ab2b45c2eb11618343715125d9bc627def242d7c42a824ad008c56f3d72ed639a34fad48aadeedcde714283971d58673ab2ec83bb1b0e0b865c93f9a5,,08/29/2025 07:05:00 PM,35,NO CONTROLS,NO CONTROLS,CLEAR,"DARKNESS, LIGHTED ROAD",TURNING,DIVIDED - W/MEDIAN (NOT RAISED),,STRAIGHT AND LEVEL,DRY,NO DEFECTS,ON SCENE,INJURY AND / OR TOW DUE TO CRASH,,,,"OVER $1,500",08/29/2025 07:15:00 PM,UNABLE TO DETERMINE,NOT APPLICABLE,3853,N,CUMBERLAND AVE,1631,,,,,,,2,NO INDICATION OF INJURY,0,0,0,0,0,2,0,19,6,8,41.949962639,-87.836467874,POINT (-87.836467874042 41.949962639011)
e4f4499d8c16bfefbf612380f7e33b307441007ef4d7b09fa8715e08e7ce80b527f7d315e7a406082771a01452471596695262607eb9e82fd31d5b6a9c195963,,08/29/2025 07:04:00 PM,30,NO CONTROLS,NO CONTROLS,CLEAR,DUSK,PARKED MOTOR VEHICLE,NOT DIVIDED,,STRAIGHT AND LEVEL,DRY,NO DEFECTS,NOT ON SCENE (DESK REPORT),NO INJURY / DRIVE AWAY,,,,"OVER $1,500",08/29/2025 10:00:00 PM,UNABLE TO DETERMINE,NOT APPLICABLE,201,N,GREEN ST,1214,,,,,,,2,NO INDICATION OF INJURY,0,0,0,0,0,1,0,19,6,8,41.8857039409,-87.6484953745,POINT (-87.648495374545 41.88570394087)
12c8245be283ebf801cb30eba5ffd112e535ad8c7ed9cb0c7adb9392c2f0db2685d31ea34697797d5374126ad57715375090eeb2e9584ab18aeb99417be85002,,08/29/2025 07:00:00 PM,30,UNKNOWN,UNKNOWN,CLEAR,DUSK,REAR END,DIVIDED - W/MEDIAN BARRIER,,STRAIGHT AND LEVEL,UNKNOWN,UNKNOWN,NOT ON SCENE (DESK REPORT),NO INJURY / DRIVE AWAY,,,Y,$500 OR LESS,08/29/2025 07:40:00 PM,NOT APPLICABLE,NOT APPLICABLE,1201,S,LAKE SHORE DR NB,132,,,,,,,3,NO INDICATION OF INJURY,0,0,0,0,0,3,0,19,6,8,41.8673307157,-87.6186546377,POINT (-87.61865463769 41.867330715666)
1d11086557952ec259b4331f6e3ddf815c810123621fc5a228e733cc53bb91e3ac94c1deb9062271d663fff408db64e4fc830214b30a9ebdd8c7a67bf2fec068,,08/29/2025 07:00:00 PM,30,UNKNOWN,UNKNOWN,UNKNOWN,UNKNOWN,PEDESTRIAN,UNKNOWN,,STRAIGHT AND LEVEL,UNKNOWN,UNKNOWN,NOT ON SCENE (DESK REPORT),NO INJURY / DRIVE AWAY,,,,"OVER $1,500",08/29/2025 07:15:00 PM,UNABLE TO DETERMINE,UNABLE TO DETERMINE,5800,S,LAWNDALE AVE,822,,,,,,,2,NO INDICATION OF INJURY,0,0,0,0,0,2,0,19,6,8,41.7878213586,-87.7158054937,POINT (-87.715805493744 41.787821358635)
6766c543a7ce3f055cf77ad6fda86fdb16fc8648d1155647411949ef0f19f37446361e70fa2d0d9a81062c8af9d119a74250421525d516cea08510ab8ddcdda1,,08/29/2025 07:00:00 PM,30,TRAFFIC SIGNAL,FUNCTIONING PROPERLY,CLEAR,DAYLIGHT,REAR END,FOUR WAY,,STRAIGHT AND LEVEL,DRY,NO DEFECTS,NOT ON SCENE (DESK REPORT),NO INJURY / DRIVE AWAY,Y,,,"$501 - $1,500",08/29/2025 07:00:00 PM,FOLLOWING TOO CLOSELY,NOT APPLICABLE,1105,W,95TH ST,2213,,N,,,,,2,NO INDICATION OF INJURY,0,0,0,0,0,2,0,19,6,8,41.7212560522,-87.6508517003,POINT (-87.650851700262 41.721256052163)
d2d985c8369902b87ff3a7973b835905b128fd262ca228bb59dc294279fe7e4b8751e76b2bd901f27408f58037e5fa3784b6b85db3762d865e88c0a240d0f99c,,08/29/2025 07:00:00 PM,30,NO CONTROLS,NO CONTROLS,CLEAR,"DARKNESS, LIGHTED ROAD",SIDESWIPE SAME DIRECTION,NOT DIVIDED,,STRAIGHT AND LEVEL,DRY,UNKNOWN,ON SCENE,NO INJURY / DRIVE AWAY,,,,"OVER $1,500",08/29/2025 07:05:00 PM,FAILING TO YIELD RIGHT-OF-WAY,FAILING TO YIELD RIGHT-OF-WAY,6667,N,RIDGE BLVD,2432,,,,,,,2,NO INDICATION OF INJURY,0,0,0,0,0,5,0,19,6,8,42.0033055171,-87.6791394933,POINT (-87.679139493274 42.003305517072)