CRASH_RECORD_ID,CRASH_DATE_EST_I,CRASH_DATE,POSTED_SPEED_LIMIT,TRAFFIC_CONTROL_DEVICE,DEVICE_CONDITION,WEATHER_CONDITION,LIGHTING_CONDITION,FIRST_CRASH_TYPE,TRAFFICWAY_TYPE,LANE_CNT,ALIGNMENT,ROADWAY_SURFACE_COND,ROAD_DEFECT,REPORT_TYPE,CRASH_TYPE,INTERSECTION_RELATED_I,NOT_RIGHT_OF_WAY_I,HIT_AND_RUN_I,DAMAGE,DATE_POLICE_NOTIFIED,PRIM_CONTRIBUTORY_CAUSE,SEC_CONTRIBUTORY_CAUSE,STREET_NO,STREET_DIRECTION,STREET_NAME,BEAT_OF_OCCURRENCE,PHOTOS_TAKEN_I,STATEMENTS_TAKEN_I,DOORING_I,WORK_ZONE_I,WORK_ZONE_TYPE,WORKERS_PRESENT_I,NUM_UNITS,MOST_SEVERE_INJURY,INJURIES_TOTAL,INJURIES_FATAL,INJURIES_INCAPACITATING,INJURIES_NON_INCAPACITATING,INJURIES_REPORTED_NOT_EVIDENT,INJURIES_NO_INDICATION,INJURIES_UNKNOWN,CRASH_HOUR,CRASH_DAY_OF_WEEK,CRASH_MONTH,LATITUDE,LONGITUDE,LOCATION
db22d47a510890e4213eff5013e8ea5ed01e7f9ae853d17d5926e257ed6928c5c064b69aa17d357a5d5b9d7d0dea0bae382bf4ee9490d7d5b8c0ce16fa94e370,,08/29/2025 07:00:00 PM,30,STOP SIGN/FLASHER,FUNCTIONING PROPERLY,CLOUDY/OVERCAST,DUSK,TURNING,T-INTERSECTION,,STRAIGHT AND LEVEL,UNKNOWN,UNKNOWN,NOT ON SCENE (DESK REPORT),NO INJURY / DRIVE AWAY,Y,,,"OVER $1,500",08/29/2025 07:15:00 PM,FAILING TO YIELD RIGHT-OF-WAY,FAILING TO REDUCE SPEED TO AVOID CRASH,500,W,CHICAGO AVE,1823,,,,,,,2,NO INDICATION OF INJURY,0,0,0,0,0,2,0,19,6,8,41.8965992844,-87.6418067797,POINT (-87.641806779671 41.896599284407)
bfbea9c846bdd2d17a135ed2a8fd8354e86e1b56bb0916cacfc0c8137318c9b264456a77514a0117a868b5dcdced8ee448261defce4d9e11ba2005d8c4c68364,,08/29/2025 06:58:00 PM,30,NO CONTROLS,NO CONTROLS,CLEAR,DAYLIGHT,PARKED MOTOR VEHICLE,ONE-WAY,,STRAIGHT AND LEVEL,DRY,NO DEFECTS,ON SCENE,INJURY AND / OR TOW DUE TO CRASH,,,,"OVER $1,500",08/29/2025 06:58:00 PM,UNABLE TO DETERMINE,NOT APPLICABLE,5111,W,THOMAS ST,1531,,,,,,,3,NONINCAPACITATING INJURY,1,0,0,1,0,0,0,18,6,8,41.9003283181,-87.7538007227,POINT (-87.75380072266 41.900328318119)
05d4707286f781127ce44f24f823c9f5b3d6a7eed1ef5b419cc22a71507f9b2bfdf582346d3eac647453df4bfc57597e3797a51223aaf74f61979330f3df6825,,08/29/2025 06:55:00 PM,30,NO CONTROLS,NO CONTROLS,CLEAR,DAYLIGHT,SIDESWIPE SAME DIRECTION,NOT DIVIDED,,STRAIGHT AND LEVEL,DRY,UNKNOWN,NOT ON SCENE (DESK REPORT),NO INJURY / DRIVE AWAY,,,,"OVER $1,500",08/31/2025 01:30:00 PM,UNABLE TO DETERMINE,UNABLE TO DETERMINE,5719,W,DIVERSEY AVE,2514,,,,,,,2,NO INDICATION OF INJURY,0,0,0,0,0,2,0,18,6,8,41.9311212238,-87.7695541837,POINT (-87.769554183734 41.931121223761)
925ece19b0c9ca47ad63c2b537b0ac99b4c7b1e47a9fcd94ef8ed88651467deed009ee882b1be05edf17d35c78c62a72b796019775d4dbef83d1dfd13c8ddc38,,08/29/2025 06:45:00 PM,25,TRAFFIC SIGNAL,FUNCTIONING PROPERLY,CLEAR,DAYLIGHT,REAR END,DIVIDED - W/MEDIAN (NOT RAISED),,STRAIGHT ON GRADE,DRY,NO DEFECTS,NOT ON SCENE (DESK REPORT),NO INJURY / DRIVE AWAY,,,,"$501 - $1,500",08/29/2025 08:45:00 PM,FOLLOWING TOO CLOSELY,FOLLOWING TOO CLOSELY,1001,W,GARFIELD BLVD,712,,,,,,,2,NO INDICATION OF INJURY,0,0,0,0,0,5,0,18,6,8,41.7937608809,-87.6500711801,POINT (-87.650071180111 41.793760880904)
2d4d7e38c2c6911bc1ae71fe21208e5df5902363d8743e47b5043b3bbcd06d00428eb9136a7ec69e30932ae75d1c2e30bf1c8264ef8b4721c37b37f15b99fe0c,,08/29/2025 06:40:00 PM,10,NO CONTROLS,NO CONTROLS,CLEAR,"DARKNESS, LIGHTED ROAD",REAR END,PARKING LOT,,STRAIGHT AND LEVEL,DRY,NO DEFECTS,NOT ON SCENE (DESK REPORT),NO INJURY / DRIVE AWAY,,Y,,$500 OR LESS,08/30/2025 12:15:00 AM,IMPROPER BACKING,NOT APPLICABLE,2301,S,PRAIRIE AVE,132,,,,,,,2,NO INDICATION OF INJURY,0,0,0,0,0,2,0,18,6,8,41.851124933,-87.6204714583,POINT (-87.620471458298 41.851124933029)
86329bb2aa60de8845d25f8ebc8f2b8e11f82decbcc342f3fde6198c76b22a6077f8ae6d2cafaaa838cac627c828fcfc1cb8eeea25363dbdd1909a2028b09ecc,,08/29/2025 06:36:00 PM,30,NO CONTROLS,NO CONTROLS,CLEAR,DAYLIGHT,REAR END,NOT DIVIDED,,STRAIGHT AND LEVEL,DRY,NO DEFECTS,ON SCENE,NO INJURY / DRIVE AWAY,,,,"OVER $1,500",08/29/2025 06:37:00 PM,DISTRACTION - FROM OUTSIDE VEHICLE,FOLLOWING TOO CLOSELY,1549,W,BELMONT AVE,1933,,,,,,,3,NO INDICATION OF INJURY,0,0,0,0,0,3,0,18,6,8,41.9395915239,-87.6682961676,POINT (-87.668296167628 41.939591523937)
e59bc9342bf934b915e17dd5239626d25cb9e4c9750f22cbf5af0dffedfb3dd646c7d19f165fb5aa9299ea021fd579de76421e463639ad54ef7de5101e35168b,,08/29/2025 06:35:00 PM,30,NO CONTROLS,NO CONTROLS,CLEAR,DAYLIGHT,SIDESWIPE SAME DIRECTION,NOT DIVIDED,,STRAIGHT AND LEVEL,DRY,NO DEFECTS,ON SCENE,NO INJURY / DRIVE AWAY,,,,"OVER $1,500",08/29/2025 06:45:00 PM,FAILING TO YIELD RIGHT-OF-WAY,FAILING TO YIELD RIGHT-OF-WAY,4257,N,ELSTON AVE,1723,,,,,,,2,NO INDICATION OF INJURY,0,0,0,0,0,2,0,18,6,8,41.9585049,-87.7259598308,POINT (-87.725959830821 41.958504899981)
28a26a0a7c2b1b713c80e1f3a16f6569edcfd0a9c6bab56b54a09b0ca08f2b407fa5173d2bcbc884759bdb53df15a6fd8646088f235feda00d5adfa6078cf77f,,08/29/2025 06:30:00 PM,30,NO CONTROLS,NO CONTROLS,CLEAR,DAYLIGHT,ANGLE,ONE-WAY,,STRAIGHT AND LEVEL,DRY,NO DEFECTS,NOT ON SCENE (DESK REPORT),NO INJURY / DRIVE AWAY,,,,"$501 - $1,500",08/29/2025 06:45:00 PM,FAILING TO YIELD RIGHT-OF-WAY,UNABLE TO DETERMINE,1359,W,WILSON AVE,1913,,,,,,,2,NO INDICATION OF INJURY,0,0,0,0,0,2,0,18,6,8,41.9651867445,-87.6647122187,POINT (-87.664712218698 41.96518674452)
91934f487ef69c2f6c9e201acef8ef7248d1b14f973b48dad7733090b0a1aca5e81440acb897864a1d17bbbb4bc6d0cd79cbd7599a67417f2542e00f5fa42a16,Y,08/29/2025 06:30:00 PM,30,TRAFFIC SIGNAL,FUNCTIONING PROPERLY,CLEAR,DAYLIGHT,REAR END,NOT DIVIDED,,STRAIGHT AND LEVEL,DRY,UNKNOWN,NOT ON SCENE (DESK REPORT),NO INJURY / DRIVE AWAY,,,,"OVER $1,500",08/29/2025 06:40:00 PM,FOLLOWING TOO CLOSELY,NOT APPLICABLE,2501,N,WESTERN AVE,1432,,,,,,,2,NO INDICATION OF INJURY,0,0,0,0,0,2,0,18,6,8,41.9264397014,-87.6875527922,POINT (-87.687552792191 41.92643970144)
e6127b665d1e70d47182d29d4290da05ef5ab5731e6a2ee9ab39243deee197def1e01e2f2d3167715c288c8d92863233c4eff3bcaf4d6309e72070a441d0ea32,,08/29/2025 06:30:00 PM,30,NO CONTROLS,NO CONTROLS,CLEAR,"DARKNESS, LIGHTED ROAD",PARKED MOTOR VEHICLE,NOT DIVIDED,,STRAIGHT AND LEVEL,DRY,NO DEFECTS,NOT ON SCENE (DESK REPORT),NO INJURY / DRIVE AWAY,,,Y,"OVER $1,500",08/30/2025 10:00:00 AM,UNABLE TO DETERMINE,UNABLE TO DETERMINE,4047,W,47TH ST,815,,,,,,,2,NO INDICATION OF INJURY,0,0,0,0,0,1,0,18,6,8,41.8077386451,-87.7254173027,POINT (-87.725417302736 41.807738645148)
dbf7dec628e51c29f4bd6f4df3799469b15b49bc5c184fffbf7e0051c9567b06675353fd625e7f1035a24c3b1af188626188c03a3d7eb36fb64b3dee709915b2,,08/29/2025 06:25:00 PM,30,NO CONTROLS,NO CONTROLS,RAIN,DUSK,SIDESWIPE SAME DIRECTION,NOT DIVIDED,,STRAIGHT AND LEVEL,WET,UNKNOWN,ON SCENE,NO INJURY / DRIVE AWAY,,,Y,"OVER $1,500",08/29/2025 07:50:00 PM,UNABLE TO DETERMINE,UNABLE TO DETERMINE,452,S,HAMLIN BLVD,1133,,,,,,,2,NO INDICATION OF INJURY,0,0,0,0,0,2,0,18,6,8,41.8744764092,-87.7205530063,POINT (-87.720553006264 41.874476409181)
027dee148f2ead4bc56880625412362d1f51f6cdb34c9f315758d1bf2f46a212da1f4baa3e36887badf24f188ab884923d14ada74cd5056eb5b1079684802902,,08/29/2025 06:23:00 PM,30,NO CONTROLS,NO CONTROLS,CLEAR,DAYLIGHT,PARKED MOTOR VEHICLE,NOT DIVIDED,,STRAIGHT AND LEVEL,DRY,UNKNOWN,ON SCENE,INJURY AND / OR TOW DUE TO CRASH,,,Y,"OVER $1,500",08/29/2025 06:27:00 PM,UNDER THE INFLUENCE OF ALCOHOL/DRUGS (USE WHEN ARREST IS EFFECTED),UNDER THE INFLUENCE OF ALCOHOL/DRUGS (USE WHEN ARREST IS EFFECTED),5251,W,CULLOM AVE,1624,,,,,,,2,NO INDICATION OF INJURY,0,0,0,0,0,2,0,18,6,8,41.9586422892,-87.7593611671,POINT (-87.759361167053 41.958642289168)
8169c6b365cf1d71b3501fd281c3f610e2eca3ff02ab466d9ea1ed7e0d20b355e5733c806ab8e9e442f63f0d50abc978b2d0be5b4f8e008740cdd6cd65e27665,,08/29/2025 06:22:00 PM,30,TRAFFIC SIGNAL,FUNCTIONING PROPERLY,CLEAR,DAYLIGHT,REAR END,DIVIDED - W/MEDIAN BARRIER,,STRAIGHT AND LEVEL,DRY,NO DEFECTS,NOT ON SCENE (DESK REPORT),NO INJURY / DRIVE AWAY,,,,"$501 - $1,500",08/31/2025 02:20:00 PM,NOT APPLICABLE,NOT APPLICABLE,5905,N,CLARK ST,2013,,,,,,,2,NO INDICATION OF INJURY,0,0,0,0,0,2,0,18,6,8,41.988610302,-87.6697202898,POINT (-87.669720289764 41.988610301971)
7ff448a1919552bf8a74a6e3435e90935e127e650f48648fb652c36e4e9699b94cb7c2c0f6d3d393c5dba1808b1670cba60c6de537b973a4da3e462ff98d0771,,08/29/2025 06:15:00 PM,30,NO CONTROLS,NO CONTROLS,CLEAR,DAYLIGHT,PARKED MOTOR VEHICLE,NOT DIVIDED,,STRAIGHT AND LEVEL,DRY,UNKNOWN,NOT ON SCENE (DESK REPORT),NO INJURY / DRIVE AWAY,,,,"$501 - $1,500",08/29/2025 06:15:00 PM,UNABLE TO DETERMINE,UNABLE TO DETERMINE,48,N,WABASH AVE,112,,,,,,,2,NO INDICATION OF INJURY,0,0,0,0,0,1,0,18,6,8,41.8831245599,-87.6263797658,POINT (-87.62637976584 41.883124559892)
f104631cdb0de23bab021a81a289787a410e157445cd2a80dff70d1c135d6dfb029dece2c797421cc2c8dffb8a8c92a873d5967c1fc792e3268220bd3f7f936c,,08/29/2025 06:10:00 PM,35,TRAFFIC SIGNAL,FUNCTIONING PROPERLY,CLEAR,"DARKNESS, LIGHTED ROAD",SIDESWIPE SAME DIRECTION,DIVIDED - W/MEDIAN (NOT RAISED),,STRAIGHT AND LEVEL,DRY,NO DEFECTS,NOT ON SCENE (DESK REPORT),NO INJURY / DRIVE AWAY,,,,"OVER $1,500",08/30/2025 07:45:00 PM,IMPROPER OVERTAKING/PASSING,NOT APPLICABLE,3314,N,PULASKI RD,1731,,,,,,,2,NO INDICATION OF INJURY,0,0,0,0,0,2,0,18,6,8,41.9412972847,-87.7273984991,POINT (-87.727398499103 41.941297284727)
9a8d733323f2f8dac1d4258a609cf49a13b2a5335894c5462a674b4bbe0ff148a5dd04bdc0ab6acd357e88cbc320f5314ffa4335419cf985358192ba8512b52b,,08/29/2025 06:08:00 PM,30,NO CONTROLS,NO CONTROLS,CLEAR,DAYLIGHT,PARKED MOTOR VEHICLE,NOT DIVIDED,,STRAIGHT AND LEVEL,DRY,NO DEFECTS,NOT ON SCENE (DESK REPORT),NO INJURY / DRIVE AWAY,Y,,Y,"OVER $1,500",08/30/2025 04:40:00 PM,UNABLE TO DETERMINE,NOT APPLICABLE,2541,W,77TH ST,835,,,,,,,2,NO INDICATION OF INJURY,0,0,0,0,0,1,0,18,6,8,41.7535780045,-87.6869869333,POINT (-87.686986933313 41.753578004469)
4bc65b2d14ffcf3c7d38a72abb20cccb63f1711041bee1480d5f3238a97fd7c54267db17ef9d3b348a85558774d960a85de62f4d5a07a7ddcf6626c47340db6f,,08/29/2025 06:04:00 PM,25,NO CONTROLS,NO CONTROLS,CLEAR,DAYLIGHT,REAR END,NOT DIVIDED,,STRAIGHT ON GRADE,DRY,NO DEFECTS,NOT ON SCENE (DESK REPORT),NO INJURY / DRIVE AWAY,,,,$500 OR LESS,08/29/2025 07:00:00 PM,FOLLOWING TOO CLOSELY,FOLLOWING TOO CLOSELY,7131,S,CICERO AVE,833,,,,,,,2,NO INDICATION OF INJURY,0,0,0,0,0,2,0,18,6,8,41.7631980349,-87.7417213493,POINT (-87.741721349337 41.763198034896)
1da5fd4b0d847d2ddc251ee877f16b183cc84cf2b84de58f9efdfe31505b7037302e03c6926303a1ee0deab54ae39e597194793b407984f94f8d126c9ac11cbc,Y,08/29/2025 06:00:00 PM,20,NO CONTROLS,NO CONTROLS,CLEAR,DAYLIGHT,PARKED MOTOR VEHICLE,UNKNOWN,,STRAIGHT AND LEVEL,DRY,NO DEFECTS,ON SCENE,NO INJURY / DRIVE AWAY,,,Y,"$501 - $1,500",08/29/2025 06:10:00 PM,IMPROPER OVERTAKING/PASSING,NOT APPLICABLE,1,E,83RD ST,632,Y,,,,,,2,NO INDICATION OF INJURY,0,0,0,0,0,1,0,18,6,8,41.7435467579,-87.6242521859,POINT (-87.624252185934 41.743546757867)
9a6fe440ea4dce42ce17c0f81ecdb333e5c1d78963149721f02aa6092a17e0b90bc7ebd8e5812b7ac5074636a09aad2b657ba8c8a22c1c62d507929118482443,,08/29/2025 06:00:00 PM,30,TRAFFIC SIGNAL,FUNCTIONING PROPERLY,CLEAR,DAYLIGHT,PEDALCYCLIST,NOT DIVIDED,,STRAIGHT AND LEVEL,DRY,NO DEFECTS,NOT ON SCENE (DESK REPORT),INJURY AND / OR TOW DUE TO CRASH,,,Y,$500 OR LESS,08/29/2025 10:40:00 PM,FAILING TO YIELD RIGHT-OF-WAY,NOT APPLICABLE,2398,N,KOSTNER AVE,2522,,,,,,,2,NONINCAPACITATING INJURY,1,0,0,1,0,1,0,18,6,8,41.9242690761,-87.7367115483,POINT (-87.736711548307 41.924269076054)
7c364dd42fa1cdeaa2a1f53eeb2b4bedb6a0dbf6c23a8949e205f35973bf9e0920a87383695f133d3614cf01b630bffe70d0458c7bfa3be4a002bea146ed7a49,,08/29/2025 05:52:00 PM,30,TRAFFIC SIGNAL,FUNCTIONING PROPERLY,CLEAR,DAYLIGHT,ANGLE,FOUR WAY,,STRAIGHT AND LEVEL,DRY,UNKNOWN,ON SCENE,NO INJURY / DRIVE AWAY,Y,,,"OVER $1,500",08/29/2025 05:52:00 PM,DISREGARDING TRAFFIC SIGNALS,DISREGARDING TRAFFIC SIGNALS,300,W,59TH ST,711,,,,,,,2,NO INDICATION OF INJURY,0,0,0,0,0,4,0,17,6,8,41.7873264894,-87.632862342,POINT (-87.632862341958 41.787326489436)
9eb3e7b0ff9fcd0532d93fe3e2fdd5af4ccabf18a05068facb7b0a51c39cd0446f9ccb3df3d50b9de78603f39284d6d459984fd8f9a68d6fcecc1e48fe5c8d12,,08/29/2025 05:52:00 PM,25,STOP SIGN/FLASHER,UNKNOWN,CLEAR,DAYLIGHT,TURNING,NOT DIVIDED,,STRAIGHT AND LEVEL,DRY,UNKNOWN,NOT ON SCENE (DESK REPORT),NO INJURY / DRIVE AWAY,Y,,,"OVER $1,500",08/29/2025 05:53:00 PM,UNABLE TO DETERMINE,NOT APPLICABLE,2800,N,NORMANDY AVE,2511,,,,,,,2,NO INDICATION OF INJURY,0,0,0,0,0,4,0,17,6,8,41.9310035114,-87.7931755415,POINT (-87.793175541493 41.931003511434)
0417647bbdc633f31b4fb3bc29b3d8e66c6427ecaadb236237825a92421cee059c1b78c442e836322b6a870861c8b828b69757a4c071f578eb7e4eabf59e042f,,08/29/2025 05:46:00 PM,30,NO CONTROLS,NO CONTROLS,UNKNOWN,UNKNOWN,PEDALCYCLIST,NOT DIVIDED,,STRAIGHT AND LEVEL,UNKNOWN,UNKNOWN,ON SCENE,NO INJURY / DRIVE AWAY,,,,"OVER $1,500",08/29/2025 05:46:00 PM,DISREGARDING ROAD MARKINGS,NOT APPLICABLE,2024,N,HALSTED ST,1812,,,Y,,,,2,NO INDICATION OF INJURY,0,0,0,0,0,3,0,17,6,8,41.9189431987,-87.6486849702,POINT (-87.64868497024 41.918943198725)
b914f1f8ec92b34bb76d604ee7d3fcb62a1d9cfd98457a0790847cab20199544682667fc51ca5486c107ac18be1a9b1468487b07af16805f91466cee5f970474,,08/29/2025 05:45:00 PM,30,NO CONTROLS,NO CONTROLS,CLEAR,DAYLIGHT,SIDESWIPE SAME DIRECTION,DIVIDED - W/MEDIAN (NOT RAISED),,STRAIGHT AND LEVEL,DRY,NO DEFECTS,NOT ON SCENE (DESK REPORT),NO INJURY / DRIVE AWAY,,,,"$501 - $1,500",08/29/2025 06:30:00 PM,UNABLE TO DETERMINE,UNABLE TO DETERMINE,836,N,CICERO AVE,1531,,,,,,,2,NO INDICATION OF INJURY,0,0,0,0,0,3,0,17,6,8,41.8960695398,-87.7459799461,POINT (-87.745979946064 41.896069539833)
62c59968339f952825746499ff3a6e647f895a37365c8f1f0cd0eb7abee8525795f0d84752fbab8ea82037b9daeb898aec0eb49fa67da79055171bb27749fcc8,,08/29/2025 05:43:00 PM,10,NO CONTROLS,NO CONTROLS,CLEAR,DAYLIGHT,PARKED MOTOR VEHICLE,PARKING LOT,,STRAIGHT AND LEVEL,UNKNOWN,UNKNOWN,NOT ON SCENE (DESK REPORT),NO INJURY / DRIVE AWAY,,,Y,"OVER $1,500",08/29/2025 07:13:00 PM,UNABLE TO DETERMINE,UNABLE TO DETERMINE,411,S,KEDZIE AVE,1134,,,,,,,2,NO INDICATION OF INJURY,0,0,0,0,0,1,0,17,6,8,41.875484229,-87.7058221001,POINT (-87.705822100074 41.87548422898)
edb3b11f812cff22b8f5e3fabd05ff91eaaec26adf39812dea50548cd711562b0815375525c1ac7dcf45394d0d8befbde5829e30b771ebb75dbc864ab7f389c3,,08/29/2025 05:38:00 PM,30,NO CONTROLS,NO CONTROLS,CLEAR,DAYLIGHT,TURNING,NOT DIVIDED,,STRAIGHT AND LEVEL,DRY,UNKNOWN,ON SCENE,NO INJURY / DRIVE AWAY,,,,"OVER $1,500",08/29/2025 05:41:00 PM,FAILING TO YIELD RIGHT-OF-WAY,NOT APPLICABLE,1014,E,46TH ST,222,,,,,,,2,NO INDICATION OF INJURY,0,0,0,0,0,2,0,17,6,8,41.8115259669,-87.6010905956,POINT (-87.601090595637 41.811525966882)
ed77f7299fbe7124bdfbc831ec5005c3da118f7750ef795be44bbb736e1683bc299644743c346e505ca49f2d321250bf961ced5ba25db8e2c77c220280830c7b,,08/29/2025 05:36:00 PM,25,NO CONTROLS,NO CONTROLS,CLEAR,DAYLIGHT,SIDESWIPE SAME DIRECTION,OTHER,,STRAIGHT AND LEVEL,DRY,NO DEFECTS,ON SCENE,NO INJURY / DRIVE AWAY,,,,"OVER $1,500",08/29/2025 05:47:00 PM,UNABLE TO DETERMINE,NOT APPLICABLE,4256,W,GRAND AVE,2534,,,,,,,2,NO INDICATION OF INJURY,0,0,0,0,0,2,0,17,6,8,41.909028049,-87.7333276884,POINT (-87.733327688445 41.909028049007)
4728a3295bdd550b1e17c94bbed382c880c337ca8ad93768f49a341c35e49512e707251d031eb73af567c8d4ec60b897404ae7a12055347211f32bccb23b3e6d,,08/29/2025 05:35:00 PM,30,NO CONTROLS,NO CONTROLS,CLEAR,DAYLIGHT,PEDALCYCLIST,DIVIDED - W/MEDIAN (NOT RAISED),,STRAIGHT AND LEVEL,DRY,NO DEFECTS,ON SCENE,INJURY AND / OR TOW DUE TO CRASH,,,,"$501 - $1,500",08/29/2025 05:53:00 PM,UNABLE TO DETERMINE,NOT APPLICABLE,741,W,FULTON MARKET,1214,,,,,,,2,"REPORTED, NOT EVIDENT",1,0,0,0,1,1,0,17,6,8,41.8866876458,-87.6474566636,POINT (-87.647456663554 41.886687645838)
816b25ef3c43495d42f24e2c3b2c35e35aa56445f0be8396a53271606036cfc9f59b416ddeb0bbc6121c8989f25128c3afedcb8ca4e776884edc8bf31d65136b,N,08/29/2025 05:35:00 PM,30,NO CONTROLS,NO CONTROLS,CLEAR,DAYLIGHT,REAR END,DIVIDED - W/MEDIAN (NOT RAISED),,STRAIGHT AND LEVEL,DRY,NO DEFECTS,ON SCENE,INJURY AND / OR TOW DUE TO CRASH,,,,"OVER $1,500",08/29/2025 05:35:00 PM,FOLLOWING TOO CLOSELY,NOT APPLICABLE,713,N,WESTERN AVE,1221,,,,,,,2,"REPORTED, NOT EVIDENT",1,0,0,0,1,1,0,17,6,8,41.8943804361,-87.6866577647,POINT (-87.686657764672 41.89438043614)
2ce1efebf31ffdd7f73d86f2dd1fdbdadf63911783a2cb2692ff08410020c81d7363919ea093bfa855e5f72a6867bc55d1d4cf1326ff43b8a5cf1b77258d3af7,,08/29/2025 05:30:00 PM,30,TRAFFIC SIGNAL,FUNCTIONING PROPERLY,CLEAR,DAYLIGHT,TURNING,NOT DIVIDED,,STRAIGHT AND LEVEL,DRY,NO DEFECTS,NOT ON SCENE (DESK REPORT),NO INJURY / DRIVE AWAY,,,,"OVER $1,500",08/29/2025 07:35:00 PM,IMPROPER LANE USAGE,UNABLE TO DETERMINE,4400,W,HARRISON ST,1131,,,,,,,2,NO INDICATION OF INJURY,0,0,0,0,0,3,0,17,6,8,41.8739677616,-87.7354150672,POINT (-87.735415067152 41.873967761616)
64f290a85b5af99216937877038fb1bf7a3dd0b1ff4419ef054352a276e77696a2208d1e5995e7cc14df3fa9688cf89cbaeada9052be3eae4ba7b9d58cca3d5a,,08/29/2025 05:30:00 PM,30,TRAFFIC SIGNAL,FUNCTIONING PROPERLY,CLEAR,DAYLIGHT,REAR END,FOUR WAY,,STRAIGHT AND LEVEL,UNKNOWN,UNKNOWN,ON SCENE,INJURY AND / OR TOW DUE TO CRASH,N,,,"OVER $1,500",08/29/2025 07:17:00 PM,FOLLOWING TOO CLOSELY,FAILING TO REDUCE SPEED TO AVOID CRASH,2600,W,CERMAK RD,1023,,,,,,,2,NO INDICATION OF INJURY,0,0,0,0,0,4,0,17,6,8,41.852076669,-87.6906689801,POINT (-87.690668980147 41.852076668966)
9a5e6df3ea556f0b764fdb91f5063596705c039fa491228ee5cbfb24cdb0dd44d3fb56bf1f0a7e0f66590ca2590239dcc11fd2bd3c5f7a15a276e7cca42b4433,,08/29/2025 05:30:00 PM,30,TRAFFIC SIGNAL,FUNCTIONING PROPERLY,CLEAR,DAYLIGHT,REAR END,FOUR WAY,,STRAIGHT AND LEVEL,DRY,NO DEFECTS,NOT ON SCENE (DESK REPORT),NO INJURY / DRIVE AWAY,Y,,,"OVER $1,500",08/29/2025 08:00:00 PM,UNABLE TO DETERMINE,UNABLE TO DETERMINE,6700,S,RHODES AVE,321,,,,,,,2,NO INDICATION OF INJURY,0,0,0,0,0,2,0,17,6,8,41.7729355853,-87.6119726402,POINT (-87.611972640218 41.7729355853)
222e7accde0d2d3058c374cff665c2a7b064912ab5b4ecc6ae92cd5af119dcedba9745c702150005fdb9796c81a7c32d09157f6d1d11b4487077af74f2c32b32,,08/29/2025 05:25:00 PM,30,TRAFFIC SIGNAL,FUNCTIONING PROPERLY,CLEAR,DAYLIGHT,REAR END,NOT DIVIDED,,STRAIGHT AND LEVEL,DRY,NO DEFECTS,NOT ON SCENE (DESK REPORT),NO INJURY / DRIVE AWAY,,,,"$501 - $1,500",08/29/2025 05:25:00 PM,FOLLOWING TOO CLOSELY,UNABLE TO DETERMINE,3216,N,LINCOLN AVE,1922,,,,,,,2,NO INDICATION OF INJURY,0,0,0,0,0,2,0,17,6,8,41.9401529968,-87.6691569984,POINT (-87.669156998404 41.940152996812)
f46c625c4b7a9fc3c5239b5e211fec0f783f4135367621b922cc10596a129e4229a49c6770e91d54ff8f5b6185f10097945760f8e773f63756d126ad3cfc5a7c,,08/29/2025 05:25:00 PM,25,NO CONTROLS,NO CONTROLS,CLEAR,DAYLIGHT,PARKED MOTOR VEHICLE,PARKING LOT,,STRAIGHT AND LEVEL,DRY,NO DEFECTS,NOT ON SCENE (DESK REPORT),NO INJURY / DRIVE AWAY,,,Y,"OVER $1,500",08/29/2025 08:14:00 PM,NOT APPLICABLE,NOT APPLICABLE,1126,W,GRACE ST,1923,,,,,,,2,NO INDICATION OF INJURY,0,0,0,0,0,1,0,17,6,8,41.9511747216,-87.6580752693,POINT (-87.658075269324 41.951174721598)
c8afd2d50bc2c305a8e97e7b8a5b34185bb6f038b6b97e103066f06ce99f8a8f324361e60436b545040171529118b128c37d11d492635fa19cd3f650d362102b,N,08/29/2025 05:23:00 PM,25,NO CONTROLS,NO CONTROLS,CLEAR,DAYLIGHT,REAR END,NOT DIVIDED,,STRAIGHT AND LEVEL,DRY,NO DEFECTS,ON SCENE,INJURY AND / OR TOW DUE TO CRASH,,,,"OVER $1,500",08/29/2025 05:23:00 PM,UNABLE TO DETERMINE,UNABLE TO DETERMINE,4059,W,47TH ST,815,,,,,,,3,"REPORTED, NOT EVIDENT",2,0,0,0,2,4,0,17,6,8,41.8077320414,-87.7259680261,POINT (-87.725968026145 41.807732041387)
57ca1d8c70bc8f848e8cc9336e621f68d983a7a13c5e1611a5644bd879399c0ae01dff91b6ada36e8c5634f19bb69991a3e3f39f8d0d083ffae211dde42b3d7d,,08/29/2025 05:20:00 PM,30,NO CONTROLS,NO CONTROLS,CLEAR,DAYLIGHT,REAR END,NOT DIVIDED,,STRAIGHT AND LEVEL,DRY,UNKNOWN,ON SCENE,INJURY AND / OR TOW DUE TO CRASH,,,,"OVER $1,500",08/29/2025 05:21:00 PM,DRIVING SKILLS/KNOWLEDGE/EXPERIENCE,NOT APPLICABLE,6604,S,HALSTED ST,723,,,,,,,2,NO INDICATION OF INJURY,0,0,0,0,0,2,0,17,6,8,41.7741319013,-87.6447869222,POINT (-87.644786922228 41.774131901292)