CRASH_RECORD_ID,CRASH_DATE_EST_I,CRASH_DATE,POSTED_SPEED_LIMIT,TRAFFIC_CONTROL_DEVICE,DEVICE_CONDITION,WEATHER_CONDITION,LIGHTING_CONDITION,FIRST_CRASH_TYPE,TRAFFICWAY_TYPE,LANE_CNT,ALIGNMENT,ROADWAY_SURFACE_COND,ROAD_DEFECT,REPORT_TYPE,CRASH_TYPE,INTERSECTION_RELATED_I,NOT_RIGHT_OF_WAY_I,HIT_AND_RUN_I,DAMAGE,DATE_POLICE_NOTIFIED,PRIM_CONTRIBUTORY_CAUSE,SEC_CONTRIBUTORY_CAUSE,STREET_NO,STREET_DIRECTION,STREET_NAME,BEAT_OF_OCCURRENCE,PHOTOS_TAKEN_I,STATEMENTS_TAKEN_I,DOORING_I,WORK_ZONE_I,WORK_ZONE_TYPE,WORKERS_PRESENT_I,NUM_UNITS,MOST_SEVERE_INJURY,INJURIES_TOTAL,INJURIES_FATAL,INJURIES_INCAPACITATING,INJURIES_NON_INCAPACITATING,INJURIES_REPORTED_NOT_EVIDENT,INJURIES_NO_INDICATION,INJURIES_UNKNOWN,CRASH_HOUR,CRASH_DAY_OF_WEEK,CRASH_MONTH,LATITUDE,LONGITUDE,LOCATION
00495a48c0ef9d584bfebdd6a1496a4c5cf7ff9f2977618cf59ae6f6e09bb98326e472bb65fa4eecc34cda08657b365c072c7d549231271648dd468a0be33194,,08/29/2025 05:15:00 PM,30,NO CONTROLS,NO CONTROLS,CLEAR,DAYLIGHT,SIDESWIPE SAME DIRECTION,NOT DIVIDED,,STRAIGHT AND LEVEL,DRY,NO DEFECTS,NOT ON SCENE (DESK REPORT),NO INJURY / DRIVE AWAY,,,,$500 OR LESS,08/29/2025 05:33:00 PM,NOT APPLICABLE,NOT APPLICABLE,4555,W,59TH ST,813,,,,,,,2,NO INDICATION OF INJURY,0,0,0,0,0,2,0,17,6,8,41.7856759445,-87.7373937286,POINT (-87.737393728604 41.78567594446)
93c585f24776b5421519c578e89b3fd60cbafb6aa305fb4171f965d31294ab5bc21ea46667f4621d4817328605ab64e716a0d6c37b61f86e8f0c51ff4d48952f,,08/29/2025 05:15:00 PM,30,TRAFFIC SIGNAL,FUNCTIONING PROPERLY,CLEAR,DAYLIGHT,TURNING,FOUR WAY,,STRAIGHT AND LEVEL,DRY,UNKNOWN,ON SCENE,INJURY AND / OR TOW DUE TO CRASH,Y,,,"OVER $1,500",08/29/2025 05:40:00 PM,UNABLE TO DETERMINE,NOT APPLICABLE,3400,W,WARREN DR,1123,,,,,,,2,NO INDICATION OF INJURY,0,0,0,0,0,4,0,17,6,8,41.8819239605,-87.7111113438,POINT (-87.711111343753 41.881923960459)
2ac1f5ac004fb3f48e08bd826232cdd4b04618a393d413a9a23302de2e7ad5ec8871ca0e7400157f262f54fccde5f047ecf94a5a5f924185f4bc9f64886878b6,,08/29/2025 05:14:00 PM,30,NO CONTROLS,NO CONTROLS,CLEAR,DAYLIGHT,PARKED MOTOR VEHICLE,DIVIDED - W/MEDIAN (NOT RAISED),,STRAIGHT AND LEVEL,DRY,NO DEFECTS,ON SCENE,INJURY AND / OR TOW DUE TO CRASH,,,,"OVER $1,500",08/29/2025 05:15:00 PM,EQUIPMENT - VEHICLE CONDITION,UNABLE TO DETERMINE,3416,N,CICERO AVE,1634,,,,,,,2,NO INDICATION OF INJURY,0,0,0,0,0,1,0,17,6,8,41.9429884917,-87.7471248828,POINT (-87.747124882798 41.942988491722)
63930f7e9dd069fa38e211142c56ec5222c5efe8f9ca21aac139dfa521972d3333c7730eeb5e72fdb0c0396e7a410eb6cc5f9155f01f241cf9af0ae7ab3efe37,,08/29/2025 05:10:00 PM,30,NO CONTROLS,NO CONTROLS,CLEAR,DAYLIGHT,PEDALCYCLIST,NOT DIVIDED,,STRAIGHT ON GRADE,DRY,NO DEFECTS,NOT ON SCENE (DESK REPORT),NO INJURY / DRIVE AWAY,,,,$500 OR LESS,08/29/2025 06:25:00 PM,FAILING TO YIELD RIGHT-OF-WAY,FOLLOWING TOO CLOSELY,4701,S,KEDZIE AVE,922,,,,,,,2,NO INDICATION OF INJURY,0,0,0,0,0,5,0,17,6,8,41.8080542676,-87.7038255411,POINT (-87.70382554115 41.808054267646)
72dcdddd65da660baf5370d6d4689959fdece7fedde82da2b9722985a81b419706010cd4c203ae6dfa8bf2b1f8d8f6e90392ef4b0d1688c3bd589ce45935d2e8,,08/29/2025 05:06:00 PM,30,TRAFFIC SIGNAL,FUNCTIONING PROPERLY,CLEAR,DAYLIGHT,ANGLE,DIVIDED - W/MEDIAN (NOT RAISED),,STRAIGHT AND LEVEL,DRY,NO DEFECTS,ON SCENE,NO INJURY / DRIVE AWAY,,,,"OVER $1,500",08/29/2025 05:07:00 PM,IMPROPER OVERTAKING/PASSING,IMPROPER OVERTAKING/PASSING,2140,N,KEDZIE AVE,1413,,,,,,,2,NO INDICATION OF INJURY,0,0,0,0,0,4,0,17,6,8,41.9205271472,-87.7072178886,POINT (-87.70721788863 41.920527147194)
c8c59ce6361f2b7f33f482c74b014615500a03ff8eae4d5082f3845d79b36154c2d8cbaa0aff2f546904c1c2c77d960af820b289d85e6539e732b7a786e21cca,,08/29/2025 05:00:00 PM,30,NO CONTROLS,NO CONTROLS,CLEAR,DAYLIGHT,PARKED MOTOR VEHICLE,NOT DIVIDED,,STRAIGHT AND LEVEL,DRY,NO DEFECTS,NOT ON SCENE (DESK REPORT),NO INJURY / DRIVE AWAY,,,Y,$500 OR LESS,08/29/2025 07:30:00 PM,UNABLE TO DETERMINE,UNABLE TO DETERMINE,201,E,95TH ST,511,,,,,,,2,NO INDICATION OF INJURY,0,0,0,0,0,1,0,17,6,8,41.7217006097,-87.6189275603,POINT (-87.618927560318 41.721700609708)
c27196b8a42d0ec9486df9e6ac4d63a6baeef1fea455858ed02e461af1a10b99c300e32ba05e5e9548a1bf0e3b789c042b331012a284d9536f37f4142f154391,,08/29/2025 04:55:00 PM,30,STOP SIGN/FLASHER,FUNCTIONING PROPERLY,CLEAR,DAYLIGHT,TURNING,T-INTERSECTION,,STRAIGHT AND LEVEL,DRY,UNKNOWN,ON SCENE,INJURY AND / OR TOW DUE TO CRASH,Y,,,"OVER $1,500",08/29/2025 04:58:00 PM,FAILING TO YIELD RIGHT-OF-WAY,NOT APPLICABLE,5300,W,63RD ST,813,,,,,,,2,NO INDICATION OF INJURY,0,0,0,0,0,2,0,16,6,8,41.7783028168,-87.7544877184,POINT (-87.754487718409 41.778302816803)
96ea40b6355721d864cbb038c699576d4fb112ba8f7cd9131b608108888366f3e4b4f46b4da7d19bd0dd66e0e760e92f991bd73ccb63741f40e9051a22f42782,,08/29/2025 04:54:00 PM,30,NO CONTROLS,NO CONTROLS,CLEAR,DAYLIGHT,REAR END,NOT DIVIDED,,STRAIGHT ON GRADE,DRY,NO DEFECTS,NOT ON SCENE (DESK REPORT),NO INJURY / DRIVE AWAY,,,,"$501 - $1,500",08/29/2025 05:51:00 PM,FOLLOWING TOO CLOSELY,FOLLOWING TOO CLOSELY,4532,W,59TH ST,813,,,,,,,2,NO INDICATION OF INJURY,0,0,0,0,0,2,0,16,6,8,41.7859067617,-87.7364795946,POINT (-87.736479594586 41.7859067617)
dfda1cb4f5871bd0ed31e4e6a8a2fb8e2e90af7913da8d03645fbf375e35a6a558d827f3237f3e8883c3e9e795a0b0cbd2c0c1eb018f849d69702c04ca5ae9c4,,08/29/2025 04:52:00 PM,30,NO CONTROLS,NO CONTROLS,CLEAR,DAYLIGHT,TURNING,L-INTERSECTION,,STRAIGHT AND LEVEL,DRY,NO DEFECTS,ON SCENE,INJURY AND / OR TOW DUE TO CRASH,Y,,,"$501 - $1,500",08/29/2025 04:53:00 PM,IMPROPER TURNING/NO SIGNAL,NOT APPLICABLE,6140,N,BROADWAY,2433,,,,,,,2,NONINCAPACITATING INJURY,1,0,0,1,0,2,0,16,6,8,41.9935210117,-87.6605229896,POINT (-87.660522989605 41.993521011741)
085e376e4c0aa43da4ab215b18f5265bffe56b88cbbe9cbdd70214a7b4c420223604c2f83db6e4af7d86a5ff942aec93b0924028220482cd75e2847c17491d42,,08/29/2025 04:48:00 PM,30,NO CONTROLS,NO CONTROLS,CLEAR,DAYLIGHT,SIDESWIPE SAME DIRECTION,DIVIDED - W/MEDIAN BARRIER,,STRAIGHT AND LEVEL,DRY,UNKNOWN,ON SCENE,NO INJURY / DRIVE AWAY,,,Y,"OVER $1,500",08/29/2025 05:02:00 PM,UNABLE TO DETERMINE,UNABLE TO DETERMINE,1299,W,95TH ST,2213,,,,,,,2,NO INDICATION OF INJURY,0,0,0,0,0,2,0,16,6,8,41.7211996723,-87.6553199002,POINT (-87.655319900194 41.721199672318)
66e6ad65b2c8d6f484fb96a4936fbab2e258b7b9e138001e4a5b37ace7b855f920e18b2a15267a0d73c0617453580b4253261c10d4ac0ac83912c00cce84f6de,,08/29/2025 04:40:00 PM,30,YIELD,FUNCTIONING PROPERLY,CLEAR,DAYLIGHT,TURNING,NOT DIVIDED,,STRAIGHT AND LEVEL,DRY,NO DEFECTS,ON SCENE,NO INJURY / DRIVE AWAY,Y,,,"OVER $1,500",08/29/2025 04:41:00 PM,FAILING TO YIELD RIGHT-OF-WAY,IMPROPER OVERTAKING/PASSING,3058,W,47TH ST,922,,,,,,,2,NO INDICATION OF INJURY,0,0,0,0,0,2,0,16,6,8,41.8082790693,-87.701394329,POINT (-87.701394328986 41.808279069324)
b108662babe403427a271fa3abf28b2910e9735acd1f055398838ee95c7d7935218b09cd738c6a575ff49b60b13dab532410125bcb70a207261965c3b1da8950,,08/29/2025 04:40:00 PM,30,NO CONTROLS,NO CONTROLS,CLEAR,DAYLIGHT,PEDALCYCLIST,DIVIDED - W/MEDIAN (NOT RAISED),,STRAIGHT AND LEVEL,DRY,NO DEFECTS,ON SCENE,NO INJURY / DRIVE AWAY,,,,"OVER $1,500",08/29/2025 04:45:00 PM,NOT APPLICABLE,NOT APPLICABLE,1437,N,MILWAUKEE AVE,1424,,,,,,,2,NO INDICATION OF INJURY,0,0,0,0,0,2,0,16,6,8,41.9081114011,-87.6736976403,POINT (-87.673697640293 41.908111401054)
8b974517cf37ccbda8c29ef7ceacaa6cc74abd3e26ba24b5b03e82d3735b0c91d25eacd21a05048081e020539c2e83ca6cf80e3cfa6ef4c2a19b227a949a12b5,,08/29/2025 04:36:00 PM,30,NO CONTROLS,NO CONTROLS,CLEAR,DAYLIGHT,SIDESWIPE SAME DIRECTION,NOT DIVIDED,,STRAIGHT AND LEVEL,DRY,NO DEFECTS,NOT ON SCENE (DESK REPORT),NO INJURY / DRIVE AWAY,,,,"OVER $1,500",08/29/2025 04:40:00 PM,UNABLE TO DETERMINE,NOT APPLICABLE,3101,S,HALSTED ST,915,,,,,,,2,NO INDICATION OF INJURY,0,0,0,0,0,2,0,16,6,8,41.8379687094,-87.6461292105,POINT (-87.646129210508 41.837968709419)
cdb6f2e39e5d5bb0cac112a4b19d7b2415f4369308f0828dffb878481fdaa3d51261f4a861d4f519c440f7c8fa586a86df5f43151833db277de5c3a7767afd7c,,08/29/2025 04:36:00 PM,30,NO CONTROLS,NO CONTROLS,CLEAR,DAYLIGHT,PARKED MOTOR VEHICLE,NOT DIVIDED,,STRAIGHT AND LEVEL,DRY,UNKNOWN,ON SCENE,NO INJURY / DRIVE AWAY,,,,"$501 - $1,500",08/29/2025 04:38:00 PM,DRIVING SKILLS/KNOWLEDGE/EXPERIENCE,IMPROPER TURNING/NO SIGNAL,1632,W,DIVISION ST,1424,,,,,,,2,NO INDICATION OF INJURY,0,0,0,0,0,2,0,16,6,8,41.9034342402,-87.6688542716,POINT (-87.668854271602 41.903434240165)
0e07fcbce3ddc1e8c6d8315d0c517d2b896c0727673b0390083dfabe7b3dbd7a2d6489009ff1112947e98ef91ed603fb2db749b07f330f24a2f0a24c24b6b043,,08/29/2025 04:35:00 PM,30,NO CONTROLS,NO CONTROLS,CLEAR,DAYLIGHT,SIDESWIPE SAME DIRECTION,NOT DIVIDED,,STRAIGHT AND LEVEL,DRY,NO DEFECTS,NOT ON SCENE (DESK REPORT),NO INJURY / DRIVE AWAY,,,,"OVER $1,500",08/29/2025 04:53:00 PM,UNABLE TO DETERMINE,NOT APPLICABLE,3442,N,WESTERN AVE,1921,,,,,,,2,NO INDICATION OF INJURY,0,0,0,0,0,3,0,16,6,8,41.9443732787,-87.6883369435,POINT (-87.688336943516 41.944373278688)
22e3f27a6813a7f9aa230531b9106f8e0200fb33fce15cf5ed17fc746560a07821c763a5e577b98e225b6466417d0315f25104b3a26ccd9897485dbaded949cb,,08/29/2025 04:32:00 PM,30,NO CONTROLS,NO CONTROLS,UNKNOWN,UNKNOWN,REAR TO REAR,PARKING LOT,,STRAIGHT AND LEVEL,UNKNOWN,UNKNOWN,,NO INJURY / DRIVE AWAY,,Y,,"$501 - $1,500",08/29/2025 05:40:00 PM,IMPROPER OVERTAKING/PASSING,IMPROPER OVERTAKING/PASSING,7530,N,WESTERN AVE,2411,,,,,,,2,NO INDICATION OF INJURY,0,0,0,0,0,2,0,16,6,8,42.0184354483,-87.6903328274,POINT (-87.690332827362 42.018435448293)
479813abc15626c61eff71b7c9eac494801fd45dbaf3e6eeb41073e229d1eb1209ede048d5863835ead4fb95b0b92b8ce0086abd121cee3d7865b399d6e864a3,,08/29/2025 04:32:00 PM,30,NO CONTROLS,NO CONTROLS,CLEAR,DAYLIGHT,SIDESWIPE SAME DIRECTION,NOT DIVIDED,,STRAIGHT AND LEVEL,DRY,NO DEFECTS,ON SCENE,INJURY AND / OR TOW DUE TO CRASH,,,,"OVER $1,500",08/29/2025 05:03:00 PM,UNABLE TO DETERMINE,UNABLE TO DETERMINE,5255,N,CLARK ST,2013,,,,,,,3,NO INDICATION OF INJURY,0,0,0,0,0,2,0,16,6,8,41.9778428951,-87.6682074003,POINT (-87.66820740033 41.977842895073)
4eedbca01323d7fc06cf5e7692ea0c7fdc2ec120c977d5eea4bcbd59eda7dda3ac621fb66ed71015dd617e8e89f3192e99031839a39c457a61777474b6eee605,,08/29/2025 04:30:00 PM,30,NO CONTROLS,NO CONTROLS,CLEAR,DAYLIGHT,SIDESWIPE OPPOSITE DIRECTION,NOT DIVIDED,,STRAIGHT ON GRADE,DRY,NO DEFECTS,NOT ON SCENE (DESK REPORT),NO INJURY / DRIVE AWAY,,,,"$501 - $1,500",08/29/2025 07:44:00 PM,IMPROPER OVERTAKING/PASSING,IMPROPER OVERTAKING/PASSING,3955,W,63RD ST,823,,,,,,,2,NO INDICATION OF INJURY,0,0,0,0,0,3,0,16,6,8,41.7785512015,-87.7224832719,POINT (-87.722483271901 41.77855120148)
53002d47e2fdb1d73c13c955775a777de0fbb4f4d15ee801ebac31176b841af850688c65138827c570c8b15c82d8192a905e609afe8f8c69e6b5795aaf56e564,,08/29/2025 04:30:00 PM,30,UNKNOWN,UNKNOWN,CLEAR,DAYLIGHT,PARKED MOTOR VEHICLE,PARKING LOT,,STRAIGHT AND LEVEL,UNKNOWN,UNKNOWN,NOT ON SCENE (DESK REPORT),NO INJURY / DRIVE AWAY,,,,"OVER $1,500",08/29/2025 05:20:00 PM,UNABLE TO DETERMINE,UNABLE TO DETERMINE,225,N,COLUMBUS DR,114,,,,,,,2,NO INDICATION OF INJURY,0,0,0,0,0,1,0,16,6,8,41.8863731383,-87.6205430302,POINT (-87.620543030168 41.886373138256)
885ec2650f3318b3d1ca185feffe25ce2c341e4ab3287a7507732202c8551ce532067d8d3c7c44c57070cc1aafbbe7bae10f621189916cad30bcadab8d35c03b,,08/29/2025 04:30:00 PM,30,NO CONTROLS,NO CONTROLS,UNKNOWN,UNKNOWN,ANGLE,PARKING LOT,,STRAIGHT AND LEVEL,UNKNOWN,UNKNOWN,NOT ON SCENE (DESK REPORT),NO INJURY / DRIVE AWAY,,Y,,"OVER $1,500",08/29/2025 05:15:00 PM,IMPROPER BACKING,IMPROPER BACKING,1,E,ERIE ST,1834,,,,,,,2,NO INDICATION OF INJURY,0,0,0,0,0,2,0,16,6,8,41.8939642683,-87.62806283,POINT (-87.628062830006 41.893964268301)
af6a1c301d92e10448bc97c046eb734cf55fccbfc1a3990a6e8e54ecefd764338b2b6ae57e3884163816bec611ee1bd9ad73f4d479fe8a6828f2c671d4976fd9,,08/29/2025 04:30:00 PM,25,NO CONTROLS,NO CONTROLS,CLEAR,DAYLIGHT,PARKED MOTOR VEHICLE,ONE-WAY,,STRAIGHT AND LEVEL,UNKNOWN,UNKNOWN,NOT ON SCENE (DESK REPORT),NO INJURY / DRIVE AWAY,,,,"$501 - $1,500",08/29/2025 05:25:00 PM,DRIVING SKILLS/KNOWLEDGE/EXPERIENCE,UNABLE TO DETERMINE,6104,N,SACRAMENTO AVE,2413,,,,,,,2,NO INDICATION OF INJURY,0,0,0,0,0,1,0,16,6,8,41.9923126214,-87.7044665842,POINT (-87.704466584213 41.992312621394)
85598354434d4d00e5d1f3d288ff53d542ab9b128b38b9ac2ba4a20094dd3d7842fb2e41245d22b428dd14066ff64ebcee83119eff1bb0892c3682c859339d04,,08/29/2025 04:26:00 PM,30,NO CONTROLS,NO CONTROLS,CLEAR,DAYLIGHT,SIDESWIPE SAME DIRECTION,NOT DIVIDED,,STRAIGHT AND LEVEL,DRY,NO DEFECTS,ON SCENE,NO INJURY / DRIVE AWAY,,,Y,"OVER $1,500",08/29/2025 04:38:00 PM,IMPROPER OVERTAKING/PASSING,IMPROPER LANE USAGE,2053,W,71ST ST,735,,,,,,,2,NO INDICATION OF INJURY,0,0,0,0,0,4,0,16,6,8,41.7646780212,-87.67564481,POINT (-87.675644809953 41.76467802116)
945cc4fb7af9168dc4e43e926497651e232d736aea711032959f8106a2d451608216fe99fd0740f98b06540281c0497c125b8cfd40959d58aec88bfd24a48232,,08/29/2025 04:25:00 PM,25,NO CONTROLS,NO CONTROLS,CLEAR,DAYLIGHT,ANGLE,TRAFFIC ROUTE,,STRAIGHT AND LEVEL,DRY,NO DEFECTS,NOT ON SCENE (DESK REPORT),NO INJURY / DRIVE AWAY,,,,"OVER $1,500",08/29/2025 06:40:00 PM,FAILING TO YIELD RIGHT-OF-WAY,FAILING TO YIELD RIGHT-OF-WAY,9500,S,JEFFERY AVE,431,,,,,,,2,NO INDICATION OF INJURY,0,0,0,0,0,2,0,16,6,8,41.722375907,-87.5754999033,POINT (-87.575499903328 41.722375907041)
ea1dc82b667124eb9a79fd9bd5ebaae97a3ef63661e4cfe35b2fae010a4fe04ac5a34cf4174ee14f76c1d88aa7824e83c271513956d5f2d8437bdc2b6fa57ae5,,08/29/2025 04:21:00 PM,30,OTHER,OTHER,CLEAR,DAYLIGHT,PEDESTRIAN,NOT DIVIDED,,STRAIGHT AND LEVEL,DRY,NO DEFECTS,NOT ON SCENE (DESK REPORT),INJURY AND / OR TOW DUE TO CRASH,,,Y,"OVER $1,500",08/29/2025 09:15:00 PM,FAILING TO YIELD RIGHT-OF-WAY,NOT APPLICABLE,4865,W,ADDISON ST,1634,,,,,,,2,NONINCAPACITATING INJURY,1,0,0,1,0,1,0,16,6,8,41.9459833668,-87.7494495739,POINT (-87.749449573947 41.945983366803)
c0cb3f49b2bf5636a673159a23f4212790eae944b445918468b90d9ba847b9d26545dd23f210ba2b6944e32a4f374096765cb953dedc876e52c17199ad2961b9,,08/29/2025 04:18:00 PM,30,STOP SIGN/FLASHER,FUNCTIONING PROPERLY,CLEAR,DAYLIGHT,TURNING,NOT DIVIDED,,STRAIGHT AND LEVEL,DRY,NO DEFECTS,ON SCENE,INJURY AND / OR TOW DUE TO CRASH,N,N,,"OVER $1,500",08/29/2025 04:18:00 PM,FAILING TO YIELD RIGHT-OF-WAY,FAILING TO YIELD RIGHT-OF-WAY,3245,W,NORTH AVE,1422,,,,,,,2,NONINCAPACITATING INJURY,6,0,0,2,4,4,0,16,6,8,41.9099798058,-87.7088256755,POINT (-87.708825675533 41.909979805809)
31eba268b2433868cfb1a13df9c89f7b3294e095ce7b2b81892524ab8e13e0d0b452db9bef3c5cd2fb8a68784dfd2258e4ae7e2d06b5bd76fc4c8e6e5fdcb08b,,08/29/2025 04:15:00 PM,25,TRAFFIC SIGNAL,FUNCTIONING PROPERLY,CLEAR,DAYLIGHT,REAR END,NOT DIVIDED,,STRAIGHT AND LEVEL,DRY,NO DEFECTS,NOT ON SCENE (DESK REPORT),INJURY AND / OR TOW DUE TO CRASH,,,,"$501 - $1,500",08/29/2025 07:30:00 PM,UNABLE TO DETERMINE,UNABLE TO DETERMINE,3058,S,KEDZIE AVE,1032,,,,,,,2,"REPORTED, NOT EVIDENT",2,0,0,0,2,4,0,16,6,8,41.8373220413,-87.7049719368,POINT (-87.704971936843 41.837322041304)
af40854f5baf4fef86a5aa1b7e1cdae7010fa3b15ef523db80a265b586927fce53e6dfaee045f4c171a8d9c335e7d463819972a1504e56b13706cdcd8e11674d,,08/29/2025 04:15:00 PM,30,NO CONTROLS,NO CONTROLS,CLEAR,DAYLIGHT,REAR TO FRONT,ONE-WAY,,STRAIGHT AND LEVEL,DRY,NO DEFECTS,NOT ON SCENE (DESK REPORT),NO INJURY / DRIVE AWAY,,,,"OVER $1,500",08/29/2025 06:05:00 PM,IMPROPER BACKING,NOT APPLICABLE,1505,N,ROCKWELL ST,1423,,,,,,,2,NO INDICATION OF INJURY,0,0,0,0,0,2,0,16,6,8,41.9086482527,-87.6919333274,POINT (-87.691933327426 41.908648252731)
be4b7a690c7c70e5167fd5a1b63c76ea62bfd1a8da5f6c7827077c78ee45cc5398f3bda3713be9e667bd63d5622d3df78dc25660d2e8909216de12051820be5f,,08/29/2025 04:15:00 PM,35,UNKNOWN,UNKNOWN,UNKNOWN,UNKNOWN,REAR END,UNKNOWN,,STRAIGHT AND LEVEL,UNKNOWN,UNKNOWN,NOT ON SCENE (DESK REPORT),NO INJURY / DRIVE AWAY,,,Y,"OVER $1,500",08/29/2025 04:40:00 PM,UNABLE TO DETERMINE,UNABLE TO DETERMINE,7201,S,CICERO AVE,833,,,,,,,2,NO INDICATION OF INJURY,0,0,0,0,0,2,0,16,6,8,41.7618480636,-87.7416706473,POINT (-87.741670647349 41.761848063557)
3ac8fd59d2a4bd8376eeb09d6fd2a6025959346ff6f7081eeb38de8dbf22e8dd4a36c167a10deed4a9b9028a861d4abb819a061d8c8746834a5dc662ca45bae0,,08/29/2025 04:10:00 PM,30,NO CONTROLS,NO CONTROLS,CLEAR,DAYLIGHT,REAR END,DIVIDED - W/MEDIAN (NOT RAISED),,STRAIGHT AND LEVEL,DRY,NO DEFECTS,NOT ON SCENE (DESK REPORT),NO INJURY / DRIVE AWAY,,,Y,"OVER $1,500",08/29/2025 06:20:00 PM,UNABLE TO DETERMINE,UNABLE TO DETERMINE,5100,W,GRAND AVE,2522,,,,,,,2,NO INDICATION OF INJURY,0,0,0,0,0,4,0,16,6,8,41.9169537061,-87.753437306,POINT (-87.75343730604 41.916953706087)
662c1336a4c77a2c5c5bd20921390f367fee86be61b70e3322ede1f0990e2563698f1c0fd700635d425d82b73f5145efd681d11d1a70f127f97746ff5dbe1f2e,,08/29/2025 04:10:00 PM,30,TRAFFIC SIGNAL,FUNCTIONING PROPERLY,CLEAR,DAYLIGHT,TURNING,ONE-WAY,,STRAIGHT AND LEVEL,DRY,NO DEFECTS,ON SCENE,INJURY AND / OR TOW DUE TO CRASH,Y,,,"OVER $1,500",08/29/2025 04:20:00 PM,FAILING TO REDUCE SPEED TO AVOID CRASH,NOT APPLICABLE,3500,S,WENTWORTH AVE,915,,,,,,,2,NO INDICATION OF INJURY,0,0,0,0,0,2,0,16,6,8,41.8309224418,-87.6316505184,POINT (-87.631650518377 41.830922441769)
ea9ab4e91c9f78f3a74e8f1d40779ae6e8c9bad746cf1683ce007966326ac7629f47cde98fb863cc038eb0381c9abaf7526bd3d8221e963d438b82941329c6c1,,08/29/2025 04:10:00 PM,30,NO CONTROLS,NO CONTROLS,CLEAR,DAYLIGHT,PARKED MOTOR VEHICLE,PARKING LOT,,STRAIGHT AND LEVEL,DRY,NO DEFECTS,NOT ON SCENE (DESK REPORT),NO INJURY / DRIVE AWAY,,Y,Y,"OVER $1,500",08/30/2025 01:30:00 PM,DRIVING SKILLS/KNOWLEDGE/EXPERIENCE,UNABLE TO DETERMINE,1528,E,55TH ST,234,,,,,,,2,NO INDICATION OF INJURY,0,0,0,0,0,1,0,16,6,8,41.7953009591,-87.5881970893,POINT (-87.588197089281 41.795300959087)
0a235dd47d623fb6a34c311268e2741d4b68f9eeb0d7985f6ace39ec377c184cafeb7e7e67d0d97b1fee394dca700f9718029376c2c03457518e96e59d183973,,08/29/2025 04:00:00 PM,20,NO CONTROLS,NO CONTROLS,CLEAR,DAYLIGHT,TURNING,DIVIDED - W/MEDIAN (NOT RAISED),,STRAIGHT AND LEVEL,DRY,NO DEFECTS,NOT ON SCENE (DESK REPORT),NO INJURY / DRIVE AWAY,,,,$500 OR LESS,08/29/2025 04:15:00 PM,FAILING TO YIELD RIGHT-OF-WAY,UNABLE TO DETERMINE,2951,W,DEVON AVE,2413,,,,,,,2,NO INDICATION OF INJURY,0,0,0,0,0,2,0,16,6,8,41.9973721167,-87.7041122799,POINT (-87.704112279919 41.997372116697)
377a51bcdf6490510ee4bf453e5ad456f5eeb71b43abd88fbfc6a05de6254293ffca6ba9fe352e8ed845dae3c674057052585f113f1bcc60a666b4e5593ef334,,08/29/2025 04:00:00 PM,30,NO CONTROLS,NO CONTROLS,CLEAR,DAYLIGHT,SIDESWIPE SAME DIRECTION,DIVIDED - W/MEDIAN (NOT RAISED),,STRAIGHT AND LEVEL,DRY,UNKNOWN,NOT ON SCENE (DESK REPORT),NO INJURY / DRIVE AWAY,,,,"OVER $1,500",08/29/2025 05:01:00 PM,UNABLE TO DETERMINE,UNABLE TO DETERMINE,3638,W,NORTH AVE,2535,,,,,,,2,NO INDICATION OF INJURY,0,0,0,0,0,2,0,16,6,8,41.9100850944,-87.7181453175,POINT (-87.718145317503 41.910085094424)
4ea0f6cd34b292c5d8101c26417c571afcdebb24d138bf2e553350f31a27b9e25444caf1f919ee3bd29d0ed018103a6724ed35e12008efb8fa42320ddd6ce752,,08/29/2025 04:00:00 PM,30,NO CONTROLS,NO CONTROLS,CLEAR,DAYLIGHT,ANGLE,ONE-WAY,,STRAIGHT AND LEVEL,DRY,NO DEFECTS,ON SCENE,INJURY AND / OR TOW DUE TO CRASH,Y,,,"OVER $1,500",08/29/2025 04:13:00 PM,"DISTRACTION - OTHER ELECTRONIC DEVICE (NAVIGATION DEVICE, DVD PLAYER, ETC.)",FAILING TO YIELD RIGHT-OF-WAY,5117,S,ROCKWELL ST,923,,,,,,,2,NO INDICATION OF INJURY,0,0,0,0,0,2,0,16,6,8,41.8005302582,-87.6889592142,POINT (-87.688959214238 41.800530258201)
69ce7bdaed7a5676e9fc3e8b61a789ff4512c14f227c03f3b699cfcee32d44fc568909e5b653e13cc0aae97da0710edeed6a8fdbcadd3703f4af26f6c19a802f,,08/29/2025 04:00:00 PM,30,NO CONTROLS,NO CONTROLS,CLEAR,DAYLIGHT,SIDESWIPE SAME DIRECTION,NOT DIVIDED,,STRAIGHT AND LEVEL,DRY,NO DEFECTS,NOT ON SCENE (DESK REPORT),NO INJURY / DRIVE AWAY,,,,$500 OR LESS,08/29/2025 06:00:00 PM,FAILING TO YIELD RIGHT-OF-WAY,FAILING TO YIELD RIGHT-OF-WAY,901,S,STATE ST,123,,,,,,,2,NO INDICATION OF INJURY,0,0,0,0,0,2,0,16,6,8,41.870502078,-87.6273461777,POINT (-87.627346177734 41.870502077952)