CRASH_RECORD_ID,CRASH_DATE_EST_I,CRASH_DATE,POSTED_SPEED_LIMIT,TRAFFIC_CONTROL_DEVICE,DEVICE_CONDITION,WEATHER_CONDITION,LIGHTING_CONDITION,FIRST_CRASH_TYPE,TRAFFICWAY_TYPE,LANE_CNT,ALIGNMENT,ROADWAY_SURFACE_COND,ROAD_DEFECT,REPORT_TYPE,CRASH_TYPE,INTERSECTION_RELATED_I,NOT_RIGHT_OF_WAY_I,HIT_AND_RUN_I,DAMAGE,DATE_POLICE_NOTIFIED,PRIM_CONTRIBUTORY_CAUSE,SEC_CONTRIBUTORY_CAUSE,STREET_NO,STREET_DIRECTION,STREET_NAME,BEAT_OF_OCCURRENCE,PHOTOS_TAKEN_I,STATEMENTS_TAKEN_I,DOORING_I,WORK_ZONE_I,WORK_ZONE_TYPE,WORKERS_PRESENT_I,NUM_UNITS,MOST_SEVERE_INJURY,INJURIES_TOTAL,INJURIES_FATAL,INJURIES_INCAPACITATING,INJURIES_NON_INCAPACITATING,INJURIES_REPORTED_NOT_EVIDENT,INJURIES_NO_INDICATION,INJURIES_UNKNOWN,CRASH_HOUR,CRASH_DAY_OF_WEEK,CRASH_MONTH,LATITUDE,LONGITUDE,LOCATION
8e08cad8be8edddc6749ed9a95468d6e55bc2c56acd0d66f7fbd5a152f57e882bc91c15b037187a5f93b5a679f0ec5b613b00010d63d6d69672f224d59ce2e06,,08/29/2025 04:00:00 PM,30,TRAFFIC SIGNAL,FUNCTIONING PROPERLY,CLEAR,DAYLIGHT,PARKED MOTOR VEHICLE,DIVIDED - W/MEDIAN (NOT RAISED),,STRAIGHT AND LEVEL,DRY,NO DEFECTS,NOT ON SCENE (DESK REPORT),NO INJURY / DRIVE AWAY,,,,"$501 - $1,500",08/29/2025 04:10:00 PM,IMPROPER OVERTAKING/PASSING,NOT APPLICABLE,2165,W,OGDEN AVE,1225,,,,,,,2,NO INDICATION OF INJURY,0,0,0,0,0,2,0,16,6,8,41.8690426015,-87.6806705291,POINT (-87.680670529122 41.869042601453)
9d2fb71b4f9dcf8b6a4b086af107b15269491811d7fa1009cd6f668da2ccf064c169514a3c242500c47d2478cbabaeba1a0460b336e23e8e357d1418d18bfbec,,08/29/2025 04:00:00 PM,30,NO CONTROLS,NO CONTROLS,CLEAR,DAYLIGHT,SIDESWIPE SAME DIRECTION,NOT DIVIDED,,STRAIGHT AND LEVEL,DRY,NO DEFECTS,,NO INJURY / DRIVE AWAY,,,Y,"$501 - $1,500",08/29/2025 05:00:00 PM,UNABLE TO DETERMINE,NOT APPLICABLE,118,N,CENTRAL AVE,1512,,,,,,,3,NO INDICATION OF INJURY,0,0,0,0,0,3,0,16,6,8,41.8828450747,-87.765095452,POINT (-87.765095452044 41.882845074719)
d88f2869b5676a2765b3f60e7e4227c52a889921476dc795a2f701e862586bca02d4db65c93700368c3037542a5682b71954b665fd8461903015162c7b14ab3a,,08/29/2025 04:00:00 PM,30,UNKNOWN,UNKNOWN,UNKNOWN,UNKNOWN,SIDESWIPE SAME DIRECTION,NOT DIVIDED,,STRAIGHT AND LEVEL,UNKNOWN,UNKNOWN,NOT ON SCENE (DESK REPORT),NO INJURY / DRIVE AWAY,,,,$500 OR LESS,08/29/2025 07:49:00 PM,UNABLE TO DETERMINE,UNABLE TO DETERMINE,1602,W,IRVING PARK RD,1912,,,,,,,2,NO INDICATION OF INJURY,0,0,0,0,0,2,0,16,6,8,41.9543982767,-87.6691918656,POINT (-87.669191865634 41.954398276687)
dd7af1465ac1824b6a55ec114133eaaaab84a574ebc18c49675d4bdffa8dcc839b3cbf8e844ef85d93c00d692f637b364fa74aa4adb73b02d615393e1feafdbc,,08/29/2025 04:00:00 PM,30,TRAFFIC SIGNAL,FUNCTIONING PROPERLY,CLEAR,DAYLIGHT,TURNING,DIVIDED - W/MEDIAN (NOT RAISED),,STRAIGHT AND LEVEL,DRY,NO DEFECTS,NOT ON SCENE (DESK REPORT),NO INJURY / DRIVE AWAY,Y,,,"OVER $1,500",08/29/2025 04:35:00 PM,IMPROPER LANE USAGE,NOT APPLICABLE,855,W,87TH ST,2222,,,,,,,2,NO INDICATION OF INJURY,0,0,0,0,0,2,0,16,6,8,41.7359323723,-87.6458047902,POINT (-87.645804790227 41.735932372267)
697396650e11718e83ab414aa57785946f442d5ae881d56e2ca54056fc377d46a1b2dc5d46b78339a497eb18286c640266b565cbda365268e81905709e38de17,,08/29/2025 03:58:00 PM,30,NO CONTROLS,NO CONTROLS,CLEAR,DAYLIGHT,TURNING,DIVIDED - W/MEDIAN (NOT RAISED),,STRAIGHT AND LEVEL,DRY,NO DEFECTS,ON SCENE,NO INJURY / DRIVE AWAY,,,,"OVER $1,500",08/29/2025 03:59:00 PM,DRIVING SKILLS/KNOWLEDGE/EXPERIENCE,NOT APPLICABLE,5306,N,WESTERN AVE,2011,,,,,,,2,NO INDICATION OF INJURY,0,0,0,0,0,3,0,15,6,8,41.9779646946,-87.6893781129,POINT (-87.689378112949 41.977964694588)
dc6e5b1ded1a1a2d221403ea0ae84495651a12c2fb5fbc1ad5344f9b111e50686c87f694e886bf4de5dd59940cca696d8a86818020d000e1c22d18020c8fe195,,08/29/2025 03:55:00 PM,35,NO CONTROLS,NO CONTROLS,CLEAR,DAYLIGHT,REAR END,DIVIDED - W/MEDIAN (NOT RAISED),,STRAIGHT AND LEVEL,DRY,NO DEFECTS,NOT ON SCENE (DESK REPORT),NO INJURY / DRIVE AWAY,,,,"$501 - $1,500",08/30/2025 11:34:00 AM,UNABLE TO DETERMINE,UNABLE TO DETERMINE,5303,N,WESTERN AVE,2012,,,,,,,2,NO INDICATION OF INJURY,0,0,0,0,0,6,0,15,6,8,41.9778559775,-87.6890797555,POINT (-87.689079755498 41.977855977467)
bae494162254fc4ab39a0390628c358fa6a0cf4eca903f19b7d926d43c5f4eba69a4a57c1d2e0ae689e4f2f53577524f2ac7cc55489a4cf8875aa3c3712e2b77,,08/29/2025 03:52:00 PM,30,TRAFFIC SIGNAL,FUNCTIONING PROPERLY,CLEAR,DAYLIGHT,TURNING,NOT DIVIDED,,STRAIGHT AND LEVEL,DRY,NO DEFECTS,ON SCENE,NO INJURY / DRIVE AWAY,,,,"OVER $1,500",08/29/2025 03:55:00 PM,UNABLE TO DETERMINE,NOT APPLICABLE,3221,W,ADDISON ST,1733,,,,,,,2,NO INDICATION OF INJURY,0,0,0,0,0,3,0,15,6,8,41.9465137221,-87.7087903213,POINT (-87.708790321347 41.946513722061)
340e674b3caaf38719468f1fac114d6c7555f04bc0e23e8a0290ecd33966be49705154b4aba03d3483fb7b075cfac0a078b48df40a8eb8d60b5f590a1eb0dcdc,,08/29/2025 03:50:00 PM,25,NO CONTROLS,NO CONTROLS,CLEAR,DAYLIGHT,REAR END,NOT DIVIDED,,STRAIGHT ON GRADE,DRY,NO DEFECTS,NOT ON SCENE (DESK REPORT),NO INJURY / DRIVE AWAY,,,,"$501 - $1,500",08/29/2025 05:24:00 PM,FOLLOWING TOO CLOSELY,FOLLOWING TOO CLOSELY,4500,W,31ST ST,1031,,,,,,,2,NO INDICATION OF INJURY,0,0,0,0,0,3,0,15,6,8,41.8372146327,-87.7366269692,POINT (-87.736626969182 41.837214632735)
6c3a4c176723fbe34a93a60334dfb6af8bad430a55fc5225d9640490400601fb5b9109396071370e16ef4f8b26c1e16156492d447ab8e81073789921feb98663,,08/29/2025 03:50:00 PM,30,TRAFFIC SIGNAL,FUNCTIONING PROPERLY,CLEAR,DAYLIGHT,SIDESWIPE SAME DIRECTION,NOT DIVIDED,,STRAIGHT AND LEVEL,DRY,UNKNOWN,ON SCENE,INJURY AND / OR TOW DUE TO CRASH,,,Y,"OVER $1,500",08/29/2025 04:03:00 PM,IMPROPER OVERTAKING/PASSING,IMPROPER OVERTAKING/PASSING,7700,S,KEDZIE AVE,835,,,,,,,2,NONINCAPACITATING INJURY,1,0,0,1,0,1,0,15,6,8,41.75335698,-87.7026425505,POINT (-87.70264255049 41.753356980012)
aba97b24d5eb54f721b35a72c8f348c49d2a6684e3513292dfce33b9f670f203fdb92ca98b7a9c414379b2923eff3836a89b6853173ad5ce5ad59f6edc9b4019,,08/29/2025 03:50:00 PM,25,NO CONTROLS,NO CONTROLS,CLEAR,DAYLIGHT,PEDALCYCLIST,NOT DIVIDED,,STRAIGHT AND LEVEL,DRY,NO DEFECTS,NOT ON SCENE (DESK REPORT),INJURY AND / OR TOW DUE TO CRASH,,,Y,"OVER $1,500",08/29/2025 06:16:00 PM,NOT APPLICABLE,NOT APPLICABLE,1400,W,BELMONT AVE,1922,,,,,,,2,"REPORTED, NOT EVIDENT",1,0,0,0,1,1,0,15,6,8,41.9398726156,-87.6639452444,POINT (-87.663945244369 41.939872615605)
34aff91b9b08bfce89dfb5e54037e40bac3ae41ba4c0c74a3da44664ff78fcdf512c64f1be9bb76a07d993b0b3614f440cc8a737c39806f4283a54a889b61ffa,,08/29/2025 03:45:00 PM,30,NO CONTROLS,NO CONTROLS,CLEAR,DAYLIGHT,REAR END,NOT DIVIDED,,STRAIGHT AND LEVEL,DRY,NO DEFECTS,NOT ON SCENE (DESK REPORT),NO INJURY / DRIVE AWAY,,,,"OVER $1,500",08/30/2025 10:30:00 AM,FOLLOWING TOO CLOSELY,NOT APPLICABLE,7500,S,EVANS AVE,624,,,,,,,2,NO INDICATION OF INJURY,0,0,0,0,0,2,0,15,6,8,41.7584669121,-87.6067741941,POINT (-87.606774194064 41.75846691212)
5ef46abe2fc3288fe3da1725dba172fb78f5ee4af84bc816d0cbc9a60454587294e0169eacf58cb62ad308a7a6953c92b6b76cfeb3996d43c862838c6adbca0c,,08/29/2025 03:45:00 PM,30,NO CONTROLS,OTHER,CLEAR,DAYLIGHT,PEDESTRIAN,NOT DIVIDED,,STRAIGHT AND LEVEL,DRY,WORN SURFACE,ON SCENE,INJURY AND / OR TOW DUE TO CRASH,,,,"$501 - $1,500",08/29/2025 04:05:00 PM,NOT APPLICABLE,NOT APPLICABLE,2608,S,LOWE AVE,914,,,,,,,2,"REPORTED, NOT EVIDENT",1,0,0,0,1,1,0,15,6,8,41.8450889038,-87.6429555324,POINT (-87.642955532362 41.845088903772)
a95d14685946fff0f258de665afae6ef4b8a056988e58441612db3d70686a8a2850200c878da03d4145622ab1991df321fb9838dab02278f0c9b8ef28028b8ad,,08/29/2025 03:45:00 PM,20,NO CONTROLS,NO CONTROLS,CLEAR,DAYLIGHT,PARKED MOTOR VEHICLE,ONE-WAY,,STRAIGHT AND LEVEL,DRY,NO DEFECTS,NOT ON SCENE (DESK REPORT),NO INJURY / DRIVE AWAY,,,,"OVER $1,500",08/29/2025 06:00:00 PM,DISTRACTION - FROM INSIDE VEHICLE,NOT APPLICABLE,3730,E,99TH ST,432,,,,,,,2,NO INDICATION OF INJURY,0,0,0,0,0,1,0,15,6,8,41.7159658539,-87.5329241503,POINT (-87.532924150345 41.715965853852)
7d830d86e89d7ff524e4ddb315e88f151d13f3c590d710708b4bdf0371b112e8c0fd7e8a6a81112055abfbf9f6af3ef6daec4cdcba2b831224a60e4bc5267b26,,08/29/2025 03:44:00 PM,15,NO CONTROLS,NO CONTROLS,CLEAR,DAYLIGHT,PARKED MOTOR VEHICLE,PARKING LOT,,STRAIGHT AND LEVEL,UNKNOWN,UNKNOWN,ON SCENE,INJURY AND / OR TOW DUE TO CRASH,,Y,,"OVER $1,500",08/29/2025 03:45:00 PM,IMPROPER TURNING/NO SIGNAL,NOT APPLICABLE,3162,S,ASHLAND AVE,912,,,,,,,2,"REPORTED, NOT EVIDENT",1,0,0,0,1,0,0,15,6,8,41.8360522043,-87.6658496163,POINT (-87.665849616266 41.836052204343)
cda5fa0ff0c57218139a607e0039757536068689b162ba171970553e07e341696141ccd56a5367954ce4ab5ce751d84d3feeedd0f6eef374191be79b3d151be2,,08/29/2025 03:43:00 PM,30,NO CONTROLS,NO CONTROLS,CLEAR,DAYLIGHT,SIDESWIPE SAME DIRECTION,NOT DIVIDED,,STRAIGHT AND LEVEL,DRY,NO DEFECTS,ON SCENE,NO INJURY / DRIVE AWAY,,,,"$501 - $1,500",08/29/2025 03:45:00 PM,IMPROPER OVERTAKING/PASSING,IMPROPER OVERTAKING/PASSING,3333,W,51ST ST,822,,,,,,,2,NO INDICATION OF INJURY,0,0,0,0,0,2,0,15,6,8,41.8006598993,-87.7075097159,POINT (-87.707509715926 41.800659899273)
034fd0c4a58e844485dee28c771074c56dc5f53bda3e97c5f039dd81d55add561bcfce564af8149d29e86a24707932493a6e2ab9f88116a40db04f33f916889a,,08/29/2025 03:40:00 PM,30,STOP SIGN/FLASHER,FUNCTIONING PROPERLY,CLEAR,DAYLIGHT,TURNING,FOUR WAY,,STRAIGHT AND LEVEL,DRY,NO DEFECTS,NOT ON SCENE (DESK REPORT),NO INJURY / DRIVE AWAY,Y,,,"OVER $1,500",08/29/2025 06:20:00 PM,FAILING TO YIELD RIGHT-OF-WAY,NOT APPLICABLE,8000,S,VINCENNES AVE,621,,,,,,,2,NO INDICATION OF INJURY,0,0,0,0,0,4,0,15,6,8,41.7488809702,-87.6348607958,POINT (-87.63486079575 41.748880970247)
2436501b4f1a8f4bffe932ca214d2f13a91d9c9d691de859f467991c235558aa793a39383bb491adaaf7ee2f9fc6eeafb1d694854100dd3d697d5ee6d1fc0556,,08/29/2025 03:40:00 PM,30,STOP SIGN/FLASHER,FUNCTIONING PROPERLY,CLEAR,DAYLIGHT,ANGLE,DIVIDED - W/MEDIAN (NOT RAISED),,STRAIGHT AND LEVEL,DRY,NO DEFECTS,NOT ON SCENE (DESK REPORT),NO INJURY / DRIVE AWAY,Y,,,"OVER $1,500",08/29/2025 04:20:00 PM,UNABLE TO DETERMINE,UNABLE TO DETERMINE,700,N,LARAMIE AVE,1524,,,,,,,2,NO INDICATION OF INJURY,0,0,0,0,0,3,0,15,6,8,41.8930939169,-87.755677589,POINT (-87.755677589033 41.893093916881)
4bba68feef0ad4c0952204881bd867ba5f703ba7a70391c60db4e578df0bc6ca855d7c8385dc30f65e9571ddae7842291aa1279179c450e5e16b657b053b4e3a,,08/29/2025 03:40:00 PM,35,NO CONTROLS,NO CONTROLS,CLEAR,DAYLIGHT,TURNING,NOT DIVIDED,,STRAIGHT AND LEVEL,DRY,UNKNOWN,ON SCENE,INJURY AND / OR TOW DUE TO CRASH,,,,"OVER $1,500",08/29/2025 03:45:00 PM,FAILING TO YIELD RIGHT-OF-WAY,FAILING TO YIELD RIGHT-OF-WAY,4550,N,CUMBERLAND AVE,1614,,,,,,,4,NONINCAPACITATING INJURY,1,0,0,1,0,4,0,15,6,8,41.9627679194,-87.8368403268,POINT (-87.836840326835 41.962767919448)
571c7b5f8048593a069aa55dab11cf1a0cf980431f1cb8617182b0758c370116f204f6a7c983ed0b64d3213662d8c85e5947cae02447f0d1f496d521a21a994e,,08/29/2025 03:40:00 PM,30,UNKNOWN,NO CONTROLS,CLEAR,DAYLIGHT,PARKED MOTOR VEHICLE,PARKING LOT,,STRAIGHT AND LEVEL,DRY,NO DEFECTS,ON SCENE,NO INJURY / DRIVE AWAY,Y,,,$500 OR LESS,08/29/2025 03:41:00 PM,DRIVING SKILLS/KNOWLEDGE/EXPERIENCE,NOT APPLICABLE,3099,S,MICHIGAN AVE,133,,,,,,,2,NO INDICATION OF INJURY,0,0,0,0,0,1,0,15,6,8,41.838299776,-87.623296812,POINT (-87.623296811988 41.83829977603)
927009da70388e539ce96b0cdc74ba0224b58446bcad788ef64fd7e0e69bfc8d20c11253e58d1f6782d16b9c628f1274565532009eda3a4b62ceb4ad8bd5926b,,08/29/2025 03:40:00 PM,20,NO CONTROLS,NO CONTROLS,CLEAR,DAYLIGHT,SIDESWIPE SAME DIRECTION,NOT DIVIDED,,STRAIGHT AND LEVEL,DRY,NO DEFECTS,ON SCENE,NO INJURY / DRIVE AWAY,,,,"OVER $1,500",08/29/2025 03:45:00 PM,UNABLE TO DETERMINE,NOT APPLICABLE,4414,S,EVANS AVE,221,,,,,,,2,NO INDICATION OF INJURY,0,0,0,0,0,2,0,15,6,8,41.8144795491,-87.6084550514,POINT (-87.608455051394 41.814479549147)
c846b49e3b043f558390d09982d27bd68a4aa09fcd8c08952703ae04d7c1acfb229061ad4b61cbc3248a6e6ccbb74ba27aa39d03987c2c40ba2f2791273ce943,,08/29/2025 03:40:00 PM,25,UNKNOWN,UNKNOWN,CLEAR,DAYLIGHT,FIXED OBJECT,NOT DIVIDED,,STRAIGHT AND LEVEL,DRY,NO DEFECTS,ON SCENE,NO INJURY / DRIVE AWAY,,,,"OVER $1,500",08/29/2025 03:40:00 PM,UNABLE TO DETERMINE,UNABLE TO DETERMINE,5206,N,LECLAIRE AVE,1623,,,,,,,2,NO INDICATION OF INJURY,0,0,0,0,0,2,0,15,6,8,41.9755000381,-87.7554355549,POINT (-87.75543555491 41.975500038136)
ace169c3ed87c113b697b1c1cb1ac0abb30f92d8d0a0c6510e641f09bc9e5c4f9d9fe8236f07abd425f723db35fee4da9d170585d1e275cd02c67149b0285d95,,08/29/2025 03:35:00 PM,30,UNKNOWN,UNKNOWN,UNKNOWN,UNKNOWN,SIDESWIPE SAME DIRECTION,NOT DIVIDED,,STRAIGHT AND LEVEL,UNKNOWN,UNKNOWN,NOT ON SCENE (DESK REPORT),NO INJURY / DRIVE AWAY,,,,$500 OR LESS,08/29/2025 04:50:00 PM,UNABLE TO DETERMINE,UNABLE TO DETERMINE,2450,W,PETERSON AVE,2413,,,,,,,2,NO INDICATION OF INJURY,0,0,0,0,0,2,0,15,6,8,41.9905974323,-87.6916755441,POINT (-87.691675544132 41.990597432267)
fd6f1f1f0e30b63cc4769f32a9c2a9c7866b23314cb4f798ab96b149e794f15ab5fa7702b00ead49fd13138b7c0be6b97b7a51f93cd1cf81ae552681833209bd,,08/29/2025 03:34:00 PM,25,TRAFFIC SIGNAL,FUNCTIONING PROPERLY,CLEAR,DAYLIGHT,ANGLE,FOUR WAY,,STRAIGHT AND LEVEL,DRY,NO DEFECTS,ON SCENE,INJURY AND / OR TOW DUE TO CRASH,,,,"OVER $1,500",08/29/2025 03:35:00 PM,DISREGARDING TRAFFIC SIGNALS,NOT APPLICABLE,5701,S,WELLS ST,711,,,,,,,2,NO INDICATION OF INJURY,0,0,0,0,0,2,0,15,6,8,41.7907865041,-87.6315953458,POINT (-87.63159534579 41.790786504143)
700d8777031153dea2b8e07ecbc64b76bccff3aa08758bb599935253c675061d215a954e18245a8c00323899b3bf13dc204f1ecaf4562ad7b42f39a73c3d693d,,08/29/2025 03:33:00 PM,30,NO CONTROLS,NO CONTROLS,CLEAR,DAYLIGHT,SIDESWIPE SAME DIRECTION,NOT DIVIDED,,STRAIGHT AND LEVEL,DRY,UNKNOWN,NOT ON SCENE (DESK REPORT),NO INJURY / DRIVE AWAY,,,Y,"OVER $1,500",08/30/2025 01:37:00 PM,IMPROPER LANE USAGE,NOT APPLICABLE,3100,S,KOSTNER AVE,1031,,,,,,,2,NO INDICATION OF INJURY,0,0,0,0,0,2,0,15,6,8,41.8367505188,-87.7342176265,POINT (-87.734217626459 41.836750518772)
9fb6b46ac3cdcb84875cf98788f41122417a489afcfb937dacc145e130852e040995b70aed0493af47b8fec0044b0ac563a95bc45e15ef5b8c3cbcae2f28d5e5,,08/29/2025 03:32:00 PM,10,NO CONTROLS,NO CONTROLS,CLEAR,DAYLIGHT,FIXED OBJECT,PARKING LOT,,STRAIGHT AND LEVEL,DRY,NO DEFECTS,ON SCENE,NO INJURY / DRIVE AWAY,,,,"OVER $1,500",08/29/2025 03:35:00 PM,IMPROPER LANE USAGE,IMPROPER LANE USAGE,1445,E,98TH PL,511,,,,N,,,1,NO INDICATION OF INJURY,0,0,0,0,0,1,0,15,6,8,41.7157476587,-87.5891720744,POINT (-87.589172074408 41.715747658711)
6fb1737d83dc8eebbfc8598f0c8561eced4623cc7d9f9a54b48307e5565a69ebbd007c0ac2bbc7763a2e7730d904cfbb055c9a2e209d0a06a0d164cbcb149b00,,08/29/2025 03:30:00 PM,30,NO CONTROLS,NO CONTROLS,CLEAR,DAYLIGHT,SIDESWIPE SAME DIRECTION,NOT DIVIDED,,STRAIGHT AND LEVEL,DRY,UNKNOWN,ON SCENE,NO INJURY / DRIVE AWAY,,,Y,$500 OR LESS,08/29/2025 04:00:00 PM,UNABLE TO DETERMINE,UNABLE TO DETERMINE,301,S,WESTERN AVE,1225,,,,,,,2,NO INDICATION OF INJURY,0,0,0,0,0,2,0,15,6,8,41.8774769618,-87.6861960296,POINT (-87.686196029587 41.877476961841)
b5c9c3fb4ad323cd4ebb15df57913a6f84e90b55fb544d99c3d41ecfb143558f8f9866eab955ebb9b6ee5a48d70528ae7bf10c0f2072845299a1d85d6de54d5a,,08/29/2025 03:30:00 PM,30,NO CONTROLS,NO CONTROLS,CLEAR,DAYLIGHT,SIDESWIPE SAME DIRECTION,NOT DIVIDED,,STRAIGHT AND LEVEL,DRY,NO DEFECTS,NOT ON SCENE (DESK REPORT),NO INJURY / DRIVE AWAY,,,,"OVER $1,500",08/29/2025 05:15:00 PM,FAILING TO YIELD RIGHT-OF-WAY,UNABLE TO DETERMINE,2225,W,FULLERTON AVE,1432,,,,,,,2,NO INDICATION OF INJURY,0,0,0,0,0,2,0,15,6,8,41.9248397851,-87.6840939415,POINT (-87.684093941542 41.924839785095)
c9d124425e7b79d959fd999683c2c57500637e11b54a6bffcdae43da6a2d2d07a48650aed583fe8dfdc9a844311b488ab845ecd51c538ee56bd1998ed5aa8e7b,,08/29/2025 03:30:00 PM,30,TRAFFIC SIGNAL,FUNCTIONING PROPERLY,CLEAR,DAYLIGHT,REAR END,DIVIDED - W/MEDIAN BARRIER,,STRAIGHT AND LEVEL,DRY,NO DEFECTS,ON SCENE,INJURY AND / OR TOW DUE TO CRASH,Y,,,"OVER $1,500",08/29/2025 03:30:00 PM,UNABLE TO DETERMINE,UNABLE TO DETERMINE,5855,S,CICERO AVE,813,,,,,,,2,NONINCAPACITATING INJURY,1,0,0,1,0,1,0,15,6,8,41.7859052777,-87.7412023829,POINT (-87.741202382852 41.785905277739)
a66f33b410f1d8b792e0b926f5100183efe90926e33ef52cd7a69b60db8d6aad549682f31f05e3a631aae16f9a933b0916e365f7b4d2ad6a4dca982ce2c5c327,,08/29/2025 03:28:00 PM,20,NO CONTROLS,NO CONTROLS,CLEAR,DAYLIGHT,ANGLE,ONE-WAY,,STRAIGHT AND LEVEL,DRY,NO DEFECTS,ON SCENE,NO INJURY / DRIVE AWAY,,,,"OVER $1,500",08/29/2025 03:59:00 PM,FAILING TO YIELD RIGHT-OF-WAY,NOT APPLICABLE,1210,W,ROSEDALE AVE,2013,,,,,,,2,NO INDICATION OF INJURY,0,0,0,0,0,2,0,15,6,8,41.9891689229,-87.6607480067,POINT (-87.660748006678 41.989168922918)
41a451b89a155939bf704c1249bf39e7a883545c71361bccc9d6b37a19884ce2c04753931346dd2c60579d6c39f08c265eb3cbda2e764a49c299edb56947712f,,08/29/2025 03:25:00 PM,20,STOP SIGN/FLASHER,UNKNOWN,CLEAR,DAYLIGHT,TURNING,T-INTERSECTION,,STRAIGHT AND LEVEL,DRY,UNKNOWN,ON SCENE,NO INJURY / DRIVE AWAY,Y,,N,"OVER $1,500",08/29/2025 03:27:00 PM,IMPROPER TURNING/NO SIGNAL,FAILING TO REDUCE SPEED TO AVOID CRASH,4151,N,CLARK ST,1915,,,,,,,2,NO INDICATION OF INJURY,0,0,0,0,0,2,0,15,6,8,41.9577597826,-87.6641811942,POINT (-87.664181194156 41.957759782596)
d0c3837ac54209fe811e967ad41c1b9084171a2342cbac272873529b8cc01ef8b56da564c4176293e5283191719f1c1eceddf4e4006cc90984045897581593ff,,08/29/2025 03:20:00 PM,30,NO CONTROLS,NO CONTROLS,CLEAR,DAYLIGHT,PARKED MOTOR VEHICLE,PARKING LOT,,STRAIGHT AND LEVEL,DRY,NO DEFECTS,NOT ON SCENE (DESK REPORT),NO INJURY / DRIVE AWAY,,,,"$501 - $1,500",08/29/2025 05:20:00 PM,UNABLE TO DETERMINE,UNABLE TO DETERMINE,1753,N,MILWAUKEE AVE,1434,,,,,,,2,NO INDICATION OF INJURY,0,0,0,0,0,2,0,15,6,8,41.9133424682,-87.6818224808,POINT (-87.681822480813 41.913342468232)
59f81ad405dc3bc6fc3439abb005b8cdd6e6fd0da348dd235a272053161c319a110786d3d83a3d3a824dfc2562489e4f204d8906cfdc2526f69525448df03c3d,,08/29/2025 03:18:00 PM,30,NO CONTROLS,NO CONTROLS,CLEAR,DAYLIGHT,PARKED MOTOR VEHICLE,NOT DIVIDED,,STRAIGHT AND LEVEL,DRY,NO DEFECTS,ON SCENE,NO INJURY / DRIVE AWAY,,,Y,"OVER $1,500",08/29/2025 03:19:00 PM,UNABLE TO DETERMINE,UNABLE TO DETERMINE,7832,S,RACINE AVE,612,,,,,,,2,NO INDICATION OF INJURY,0,0,0,0,0,1,0,15,6,8,41.7513565541,-87.6539058748,POINT (-87.653905874837 41.751356554078)
b6f2cf705927016ca6d049ef913a03c9798e5d5d5e7c37a892c6f72fccdf7be54042139cf933cd8a0416060bbdc4caf43b9a2774700f41d6afb0ad4dabbdde58,,08/29/2025 03:15:00 PM,25,NO CONTROLS,NO CONTROLS,CLEAR,DAYLIGHT,SIDESWIPE SAME DIRECTION,NOT DIVIDED,,STRAIGHT AND LEVEL,DRY,NO DEFECTS,NOT ON SCENE (DESK REPORT),NO INJURY / DRIVE AWAY,,,,"OVER $1,500",08/30/2025 02:50:00 PM,UNABLE TO DETERMINE,UNABLE TO DETERMINE,11,S,LEAMINGTON AVE,1533,,,,,,,2,NO INDICATION OF INJURY,0,0,0,0,0,5,0,15,6,8,41.8799719903,-87.7533916537,POINT (-87.753391653732 41.87997199031)
c95286cad2fc3ccaa0aefc8274758b7b0a31bd47dfd6b8aa040bf9f9d15ea2b880bb16e63d2ac5279ce04f769e788272b001e4e43f1676cfa1dd8ad2219f4a3d,,08/29/2025 03:15:00 PM,30,TRAFFIC SIGNAL,FUNCTIONING PROPERLY,CLEAR,DAYLIGHT,TURNING,FOUR WAY,,STRAIGHT AND LEVEL,DRY,UNKNOWN,ON SCENE,NO INJURY / DRIVE AWAY,Y,,,"OVER $1,500",08/29/2025 03:19:00 PM,UNABLE TO DETERMINE,NOT APPLICABLE,1423,W,MONTROSE AVE,1912,,,,,,,2,NO INDICATION OF INJURY,0,0,0,0,0,2,0,15,6,8,41.9615254801,-87.6659002997,POINT (-87.665900299674 41.961525480131)
48776b27fea63a299f0fd42f3d53fc519247e6bcb93ee91bc77e79674d44fffa414d8d1f39e6fa75cfa524f5a4c284d2b4975fb44daf33ec82bf39440d9c9e03,,08/29/2025 03:13:00 PM,10,NO CONTROLS,NO CONTROLS,CLEAR,DAYLIGHT,REAR TO FRONT,PARKING LOT,,STRAIGHT AND LEVEL,DRY,UNKNOWN,NOT ON SCENE (DESK REPORT),NO INJURY / DRIVE AWAY,,Y,,"$501 - $1,500",08/29/2025 03:40:00 PM,UNABLE TO DETERMINE,UNABLE TO DETERMINE,6237,S,HALSTED ST,711,,,,,,,2,NO INDICATION OF INJURY,0,0,0,0,0,2,0,15,6,8,41.7803310893,-87.6446543896,POINT (-87.644654389597 41.780331089294)
37c6105a95e526278d7b804c770f1c7684636dff291c452a89d5a694c5a236926efa2572be82863574ef1dfbf0d90a22cd1335f6b252295ec5e9398b97a622e4,,08/29/2025 03:10:00 PM,30,TRAFFIC SIGNAL,NO CONTROLS,CLEAR,DAYLIGHT,REAR END,NOT DIVIDED,,STRAIGHT ON GRADE,DRY,NO DEFECTS,NOT ON SCENE (DESK REPORT),NO INJURY / DRIVE AWAY,,,,$500 OR LESS,08/29/2025 04:22:00 PM,FOLLOWING TOO CLOSELY,FOLLOWING TOO CLOSELY,3132,W,COLUMBUS AVE,835,,,,,,,2,NO INDICATION OF INJURY,0,0,0,0,0,3,0,15,6,8,41.7511689912,-87.7011930928,POINT (-87.7011930928 41.751168991184)