CRASH_RECORD_ID,CRASH_DATE_EST_I,CRASH_DATE,POSTED_SPEED_LIMIT,TRAFFIC_CONTROL_DEVICE,DEVICE_CONDITION,WEATHER_CONDITION,LIGHTING_CONDITION,FIRST_CRASH_TYPE,TRAFFICWAY_TYPE,LANE_CNT,ALIGNMENT,ROADWAY_SURFACE_COND,ROAD_DEFECT,REPORT_TYPE,CRASH_TYPE,INTERSECTION_RELATED_I,NOT_RIGHT_OF_WAY_I,HIT_AND_RUN_I,DAMAGE,DATE_POLICE_NOTIFIED,PRIM_CONTRIBUTORY_CAUSE,SEC_CONTRIBUTORY_CAUSE,STREET_NO,STREET_DIRECTION,STREET_NAME,BEAT_OF_OCCURRENCE,PHOTOS_TAKEN_I,STATEMENTS_TAKEN_I,DOORING_I,WORK_ZONE_I,WORK_ZONE_TYPE,WORKERS_PRESENT_I,NUM_UNITS,MOST_SEVERE_INJURY,INJURIES_TOTAL,INJURIES_FATAL,INJURIES_INCAPACITATING,INJURIES_NON_INCAPACITATING,INJURIES_REPORTED_NOT_EVIDENT,INJURIES_NO_INDICATION,INJURIES_UNKNOWN,CRASH_HOUR,CRASH_DAY_OF_WEEK,CRASH_MONTH,LATITUDE,LONGITUDE,LOCATION
73e9df55d60aa61a2f941b98e2466293e75c73bbe285b43791ec88efea02082b9381ecc86814e3b164665d98f32244423c8c5b486f83ca6909b8d306bea949e5,,08/29/2025 03:10:00 PM,30,NO CONTROLS,NO CONTROLS,CLEAR,DAYLIGHT,ANGLE,NOT DIVIDED,,STRAIGHT AND LEVEL,DRY,NO DEFECTS,ON SCENE,NO INJURY / DRIVE AWAY,,,,"OVER $1,500",08/29/2025 03:59:00 PM,UNABLE TO DETERMINE,NOT APPLICABLE,211,E,48TH ST,224,,,,,,,2,NO INDICATION OF INJURY,0,0,0,0,0,2,0,15,6,8,41.8073908156,-87.6206238373,POINT (-87.620623837286 41.807390815628)
5427ad17cbc6de31f66c597f2b35cbd4324d1a4d1fd08016d47ca18da986d75b17fdd0cdc82f11171189f99dc98ba8f064bb56dd9e6496363da64bad91f5b4dd,,08/29/2025 03:03:00 PM,30,STOP SIGN/FLASHER,FUNCTIONING PROPERLY,CLEAR,DAYLIGHT,PEDALCYCLIST,FOUR WAY,,STRAIGHT AND LEVEL,DRY,NO DEFECTS,ON SCENE,INJURY AND / OR TOW DUE TO CRASH,Y,,,$500 OR LESS,08/29/2025 03:07:00 PM,FAILING TO YIELD RIGHT-OF-WAY,FAILING TO REDUCE SPEED TO AVOID CRASH,7300,N,ROGERS AVE,2424,,,,,,,2,NONINCAPACITATING INJURY,1,0,0,1,0,1,0,15,6,8,42.0137736926,-87.6803007317,POINT (-87.680300731701 42.0137736926)
83ab022c1ccfa508c3e7ce3be18ed1513708a8c3b3237bf492adc164fb37169d458a3e7bb4105381f1e279dc87041ed4cd1b741ea613cd5226f3a6b2e939099f,,08/29/2025 03:00:00 PM,30,UNKNOWN,UNKNOWN,UNKNOWN,UNKNOWN,ANGLE,T-INTERSECTION,,STRAIGHT AND LEVEL,UNKNOWN,UNKNOWN,NOT ON SCENE (DESK REPORT),NO INJURY / DRIVE AWAY,,,,"OVER $1,500",08/30/2025 12:00:00 PM,UNABLE TO DETERMINE,UNABLE TO DETERMINE,4800,S,INDIANA AVE,224,,,,,,,2,NO INDICATION OF INJURY,0,0,0,0,0,2,0,15,6,8,41.8073980087,-87.6213080061,POINT (-87.621308006118 41.807398008746)
ef988d0c60b8aeb90117584dd16a7e4e3c84b6cb3105aa964096b59fab7dc07292f914fd3a1864a49be2578919d2e93c7e6c77edc9b05006272e8ab6917b729d,,08/29/2025 03:00:00 PM,30,NO CONTROLS,NO CONTROLS,CLEAR,DAYLIGHT,REAR END,NOT DIVIDED,,STRAIGHT AND LEVEL,DRY,NO DEFECTS,ON SCENE,NO INJURY / DRIVE AWAY,,,Y,"OVER $1,500",08/29/2025 03:05:00 PM,UNABLE TO DETERMINE,NOT APPLICABLE,3433,W,BRYN MAWR AVE,1712,,,,,,,2,NO INDICATION OF INJURY,0,0,0,0,0,2,0,15,6,8,41.9828788448,-87.7150168779,POINT (-87.7150168779 41.98287884479)
f7348fbe72041768685563dbbcb6d80010827dbf3d00c6cbe945c7508780d952e05960df5817bf1865e3e138f5485b5b7397351ebc4193f4e5cea08c74406703,,08/29/2025 03:00:00 PM,30,NO CONTROLS,NO CONTROLS,CLEAR,DAYLIGHT,PARKED MOTOR VEHICLE,NOT DIVIDED,,STRAIGHT AND LEVEL,DRY,NO DEFECTS,NOT ON SCENE (DESK REPORT),NO INJURY / DRIVE AWAY,,Y,,"OVER $1,500",08/29/2025 03:25:00 PM,DRIVING SKILLS/KNOWLEDGE/EXPERIENCE,NOT APPLICABLE,3307,W,63RD ST,823,,,,,,,2,NO INDICATION OF INJURY,0,0,0,0,0,1,0,15,6,8,41.7788185771,-87.7059035755,POINT (-87.70590357549 41.778818577108)
f3a009f2f07133be61cebb770e0550a8862bda6eec1a54a419309f1f72fb233e9f8ed0ef3bb63a401000dce8eaa57ac60d96b46736205b2558f6d42e7c3440f8,,08/29/2025 02:57:00 PM,30,STOP SIGN/FLASHER,FUNCTIONING PROPERLY,CLEAR,DAYLIGHT,REAR END,NOT DIVIDED,,STRAIGHT AND LEVEL,DRY,UNKNOWN,NOT ON SCENE (DESK REPORT),NO INJURY / DRIVE AWAY,Y,,,"OVER $1,500",08/29/2025 04:31:00 PM,FOLLOWING TOO CLOSELY,NOT APPLICABLE,3104,N,AUSTIN AVE,2511,,,,,,,2,NO INDICATION OF INJURY,0,0,0,0,0,2,0,14,6,8,41.9367826008,-87.7763043143,POINT (-87.776304314299 41.936782600767)
ec2f39ea17302b9be038507463a8e77eb1b172827eefb43cfedc56d5f24f03b34ed3c3e581ce8e62914aa20ac29f57f9545c560a1583b5655354bce1bddf0b3d,,08/29/2025 02:55:00 PM,30,PEDESTRIAN CROSSING SIGN,FUNCTIONING PROPERLY,CLEAR,DAYLIGHT,REAR END,T-INTERSECTION,,STRAIGHT AND LEVEL,DRY,NO DEFECTS,NOT ON SCENE (DESK REPORT),INJURY AND / OR TOW DUE TO CRASH,Y,,,"OVER $1,500",08/29/2025 04:15:00 PM,FAILING TO REDUCE SPEED TO AVOID CRASH,UNABLE TO DETERMINE,504,S,COLUMBUS DR,114,,,,,,,2,NONINCAPACITATING INJURY,1,0,0,1,0,2,0,14,6,8,41.8756310027,-87.6207378415,POINT (-87.620737841503 41.875631002735)
140be6419f25eda6a1e1a5bdef0ec089e9a5722eb2e3f60222c40e15400d684fbb723b4d5336ae9ece58832521942fb929a921fca8f57f04549ec2e8b26cfb0d,,08/29/2025 02:50:00 PM,30,TRAFFIC SIGNAL,UNKNOWN,CLEAR,DAYLIGHT,TURNING,NOT DIVIDED,,STRAIGHT AND LEVEL,DRY,UNKNOWN,,NO INJURY / DRIVE AWAY,,,,"$501 - $1,500",08/29/2025 02:51:00 PM,IMPROPER TURNING/NO SIGNAL,IMPROPER TURNING/NO SIGNAL,502,N,LOWER MICHIGAN AVE,1834,,,,,,,2,NO INDICATION OF INJURY,0,0,0,0,0,2,0,14,6,8,41.8910415331,-87.6243108617,POINT (-87.624310861674 41.89104153306)
6c99b995f03185d07d296734263a673f47f68af022b7d5e0168af08a039a6d7adfe96a6afed135b124c95b805fd230b319fc4356b205c27a3dac98108ee7b2a8,,08/29/2025 02:49:00 PM,10,NO CONTROLS,NO CONTROLS,CLEAR,DAYLIGHT,ANGLE,PARKING LOT,,STRAIGHT AND LEVEL,DRY,NO DEFECTS,NOT ON SCENE (DESK REPORT),NO INJURY / DRIVE AWAY,,,,"OVER $1,500",08/29/2025 03:45:00 PM,UNABLE TO DETERMINE,NOT APPLICABLE,6000,N,CICERO AVE,1621,,,,,,,2,NO INDICATION OF INJURY,0,0,0,0,0,3,0,14,6,8,41.9899739151,-87.7484730243,POINT (-87.748473024269 41.989973915146)
d6d6bb0b3bdcfaa4a42bcd5f2ddb76ad73452ea24573257823c0c632de8b2b804478fa29e2a9f190758a2bb92a382b5222d2a1280454d61c8cf0b2f4a38ad6a8,,08/29/2025 02:45:00 PM,30,NO CONTROLS,NO CONTROLS,CLEAR,DAYLIGHT,SIDESWIPE SAME DIRECTION,DIVIDED - W/MEDIAN (NOT RAISED),,STRAIGHT AND LEVEL,DRY,NO DEFECTS,NOT ON SCENE (DESK REPORT),NO INJURY / DRIVE AWAY,,,,"$501 - $1,500",08/29/2025 03:25:00 PM,UNABLE TO DETERMINE,UNABLE TO DETERMINE,903,S,AUSTIN BLVD,1513,,,,,,,2,NO INDICATION OF INJURY,0,0,0,0,0,3,0,14,6,8,41.8702881158,-87.774128733,POINT (-87.774128733012 41.870288115766)
3c250cdb629ec12cb707841c8c746e588ea64230a20ea184eb1b9a0c6829bed9c2786b7fa287565f32c3410e762da450561827705f8f1000f6dcaac518237147,,08/29/2025 02:40:00 PM,30,NO CONTROLS,NO CONTROLS,UNKNOWN,UNKNOWN,PARKED MOTOR VEHICLE,OTHER,,STRAIGHT AND LEVEL,UNKNOWN,UNKNOWN,NOT ON SCENE (DESK REPORT),NO INJURY / DRIVE AWAY,,,,"$501 - $1,500",08/31/2025 08:05:00 PM,UNABLE TO DETERMINE,DRIVING SKILLS/KNOWLEDGE/EXPERIENCE,2116,S,LOOMIS ST,1235,,,,,,,2,NO INDICATION OF INJURY,0,0,0,0,0,1,0,14,6,8,41.8537092254,-87.6613474768,POINT (-87.661347476783 41.853709225356)
4e434353fb0c1f108c0e7780cce4c9046f7a934c114f7da79e953c5f4e6a07062599ac9aea47ff8839424fca441309b879614903c1fe88d8b844e7598f908a70,,08/29/2025 02:40:00 PM,30,TRAFFIC SIGNAL,FUNCTIONING PROPERLY,CLEAR,DAYLIGHT,REAR END,NOT DIVIDED,,STRAIGHT AND LEVEL,DRY,NO DEFECTS,NOT ON SCENE (DESK REPORT),NO INJURY / DRIVE AWAY,,,,"OVER $1,500",08/30/2025 11:15:00 AM,FOLLOWING TOO CLOSELY,NOT APPLICABLE,820,W,CHICAGO AVE,1213,,,,,,,2,NO INDICATION OF INJURY,0,0,0,0,0,4,0,14,6,8,41.8964946998,-87.6487312745,POINT (-87.64873127447 41.896494699815)
eb27afcb96ca37212f0dc7cf18247b79a8504799a1417bba6657db9e484a335f002dc0dd7a322f787de933681d8c393cc2a7fd18dcaff40e0a0386e565ea24db,,08/29/2025 02:40:00 PM,30,TRAFFIC SIGNAL,FUNCTIONING PROPERLY,CLEAR,DAYLIGHT,ANGLE,FOUR WAY,,STRAIGHT AND LEVEL,DRY,NO DEFECTS,ON SCENE,NO INJURY / DRIVE AWAY,Y,,Y,"OVER $1,500",08/29/2025 02:45:00 PM,DISREGARDING TRAFFIC SIGNALS,UNABLE TO DETERMINE,301,W,GARFIELD BLVD,711,,,,,,,2,NO INDICATION OF INJURY,0,0,0,0,0,2,0,14,6,8,41.794052475,-87.6330464789,POINT (-87.633046478883 41.794052474989)
22555739ceaf864af08a415238e10cd1658c014b4dc3d0da5f4f2ee232dd06c82d056e3080707fd768bf15571dc7bc04ceede6b119c2c8f86331482fd2fdf9e0,,08/29/2025 02:30:00 PM,30,NO CONTROLS,NO CONTROLS,CLEAR,DAYLIGHT,SIDESWIPE SAME DIRECTION,NOT DIVIDED,,STRAIGHT AND LEVEL,DRY,NO DEFECTS,NOT ON SCENE (DESK REPORT),NO INJURY / DRIVE AWAY,,,,"OVER $1,500",08/29/2025 03:30:00 PM,FAILING TO YIELD RIGHT-OF-WAY,UNABLE TO DETERMINE,5100,S,ASHLAND AVE,932,,,,,,,2,NO INDICATION OF INJURY,0,0,0,0,0,3,0,14,6,8,41.8012250602,-87.6649209577,POINT (-87.664920957694 41.801225060191)
b170e93b49e88a05448ce4220340fd1c5b4b5b6247f7a92a51490d1e9cada18384cab1bed945ff743e44c3070a9d56f30d5afff51c4f65f79025ee1f5c14c165,,08/29/2025 02:30:00 PM,30,NO CONTROLS,NO CONTROLS,CLEAR,DAYLIGHT,REAR TO SIDE,NOT DIVIDED,,STRAIGHT AND LEVEL,DRY,NO DEFECTS,NOT ON SCENE (DESK REPORT),NO INJURY / DRIVE AWAY,,Y,,"OVER $1,500",08/29/2025 02:45:00 PM,FAILING TO YIELD RIGHT-OF-WAY,NOT APPLICABLE,5900,S,PULASKI RD,813,,,,,,,2,NO INDICATION OF INJURY,0,0,0,0,0,2,0,14,6,8,41.7858884944,-87.7231065914,POINT (-87.72310659145 41.785888494434)
c455f2c967ffedba7e4f92adf1df3f4ff71e458650ac733ebb57a038006bc5c5c72bfed9108412fce60b7f1a4d735d0e9842be79e352945f742fba5d85050e36,,08/29/2025 02:30:00 PM,30,NO CONTROLS,NO CONTROLS,CLEAR,DAYLIGHT,PEDALCYCLIST,T-INTERSECTION,,STRAIGHT AND LEVEL,DRY,UNKNOWN,ON SCENE,INJURY AND / OR TOW DUE TO CRASH,,,,$500 OR LESS,08/29/2025 02:49:00 PM,IMPROPER TURNING/NO SIGNAL,NOT APPLICABLE,5934,W,MADISON ST,1513,,,,,,,2,NONINCAPACITATING INJURY,1,0,0,1,0,1,0,14,6,8,41.8802214002,-87.7731276727,POINT (-87.77312767268 41.880221400193)
d5a9e8091dcaf7220c3e1bd5c026e6e48fda91c7655204abc82d1359f0a51171b20daf24fcce01a1edfa29974a36296fe5e27c6d25fca8b2a3a4d9414cca1d9d,,08/29/2025 02:30:00 PM,30,UNKNOWN,UNKNOWN,CLEAR,DAYLIGHT,FIXED OBJECT,UNKNOWN,,STRAIGHT AND LEVEL,DRY,UNKNOWN,NOT ON SCENE (DESK REPORT),NO INJURY / DRIVE AWAY,,,,"OVER $1,500",08/29/2025 06:05:00 PM,UNABLE TO DETERMINE,UNABLE TO DETERMINE,6519,N,SEELEY AVE,2412,,,,,,,1,NO INDICATION OF INJURY,0,0,0,0,0,1,0,14,6,8,42.0002070172,-87.6812866645,POINT (-87.681286664454 42.000207017208)
e0d55949d6aeec4f5c75a75d82001c634489c76e16a0960da99f202ad742825a9ec630435c84bf95a90273bef83c47adc5bfdb1da6e42bb321f05ea78ff58f88,,08/29/2025 02:28:00 PM,30,NO CONTROLS,NO CONTROLS,CLEAR,DAYLIGHT,REAR END,NOT DIVIDED,,STRAIGHT AND LEVEL,UNKNOWN,UNKNOWN,NOT ON SCENE (DESK REPORT),NO INJURY / DRIVE AWAY,,,,"$501 - $1,500",08/29/2025 03:00:00 PM,FOLLOWING TOO CLOSELY,UNABLE TO DETERMINE,1323,W,LAWRENCE AVE,1913,,,,,,,2,NO INDICATION OF INJURY,0,0,0,0,0,2,0,14,6,8,41.968851138,-87.663877012,POINT (-87.663877012025 41.968851138048)
06996059478fd50eddfeada6bc5216b6e614dd50019aac7163f20186976dd6175e7a751a19ab7e8ca63735c95d6d04b1ccd9c6e4228c0f1ea81d14c313f47304,,08/29/2025 02:20:00 PM,30,NO CONTROLS,UNKNOWN,CLEAR,DAYLIGHT,PARKED MOTOR VEHICLE,PARKING LOT,,STRAIGHT AND LEVEL,DRY,NO DEFECTS,NOT ON SCENE (DESK REPORT),NO INJURY / DRIVE AWAY,,,,"$501 - $1,500",08/29/2025 02:46:00 PM,IMPROPER BACKING,IMPROPER BACKING,3146,W,TOUHY AVE,2411,,,,,,,2,NO INDICATION OF INJURY,0,0,0,0,0,1,0,14,6,8,42.0119798793,-87.7085338515,POINT (-87.708533851483 42.011979879283)
5bd866a341f9cfb9956f93e65eebff2ed654f86f4a791286a8ce151d670b18352e606ac89aa9806ab4f84632fd937bfd6d67d247c49733052528299f4bc02360,,08/29/2025 02:20:00 PM,30,STOP SIGN/FLASHER,FUNCTIONING PROPERLY,CLEAR,DAYLIGHT,ANGLE,FOUR WAY,,STRAIGHT AND LEVEL,UNKNOWN,OTHER,NOT ON SCENE (DESK REPORT),NO INJURY / DRIVE AWAY,Y,,,"OVER $1,500",08/29/2025 06:04:00 PM,UNABLE TO DETERMINE,NOT APPLICABLE,7000,W,WAVELAND AVE,1632,,,,,,,2,NO INDICATION OF INJURY,0,0,0,0,0,2,0,14,6,8,41.9473072128,-87.8009767244,POINT (-87.80097672437 41.947307212821)
86cb01c7fc775aa2bb0897b9abbb6d3bb9a2d76c45598d98d6a46cbe906b5c8c23b6a29d305f60bba5a58724afd26bcc131d7296a52ec07a4767a9c556a00663,,08/29/2025 02:09:00 PM,30,NO CONTROLS,NO CONTROLS,CLEAR,DAYLIGHT,PEDALCYCLIST,DIVIDED - W/MEDIAN BARRIER,,STRAIGHT AND LEVEL,DRY,NO DEFECTS,ON SCENE,INJURY AND / OR TOW DUE TO CRASH,,,,"OVER $1,500",08/29/2025 02:10:00 PM,FAILING TO YIELD RIGHT-OF-WAY,UNABLE TO DETERMINE,5944,N,CLARK ST,2012,,,,,,,2,NONINCAPACITATING INJURY,1,0,0,1,0,1,0,14,6,8,41.9897057166,-87.6701311816,POINT (-87.670131181638 41.989705716644)
0265c74f6af3167c2572c5226cdde42a677228a19b04fa4a0b8c1b3b7fe8ff534842e1e94420831db84a2c06d1687ca2ad90bb342c4039ef3c565e75690bf2f7,,08/29/2025 02:00:00 PM,30,TRAFFIC SIGNAL,FUNCTIONING PROPERLY,CLEAR,DAYLIGHT,TURNING,NOT DIVIDED,,STRAIGHT AND LEVEL,DRY,NO DEFECTS,NOT ON SCENE (DESK REPORT),NO INJURY / DRIVE AWAY,,,,"OVER $1,500",08/29/2025 03:05:00 PM,FAILING TO YIELD RIGHT-OF-WAY,NOT APPLICABLE,501,W,IRVING PARK DR,1925,Y,,,,,,2,NO INDICATION OF INJURY,0,0,0,0,0,2,0,14,6,8,41.9545502353,-87.6442105236,POINT (-87.644210523625 41.954550235282)
04f81bd40e51605a0a1251520f83fd985f9e91727748ddfed8baf0cc133a5f46af9a6d132f456a7d1ab5b41cae677c1d2ffb7937db9444d08116c51094ae2bdf,,08/29/2025 01:52:00 PM,30,TRAFFIC SIGNAL,FUNCTIONING PROPERLY,CLEAR,DAYLIGHT,SIDESWIPE SAME DIRECTION,NOT DIVIDED,,STRAIGHT AND LEVEL,DRY,NO DEFECTS,NOT ON SCENE (DESK REPORT),NO INJURY / DRIVE AWAY,,,Y,$500 OR LESS,08/29/2025 03:11:00 PM,UNABLE TO DETERMINE,NOT APPLICABLE,2,E,95TH ST,634,,,,,,,2,NO INDICATION OF INJURY,0,0,0,0,0,2,0,13,6,8,41.7217928111,-87.6237002764,POINT (-87.623700276427 41.721792811099)
3223ea66bf33d510090ae81d102ad9774f7f1b198a2684c99acba27428751caf5ebca732f387e2fecc47bc2462cdf93815c6599b2d1a98017017fa6835f3eba6,,08/29/2025 01:50:00 PM,30,TRAFFIC SIGNAL,FUNCTIONING PROPERLY,CLEAR,DAYLIGHT,TURNING,FOUR WAY,,STRAIGHT AND LEVEL,DRY,NO DEFECTS,ON SCENE,INJURY AND / OR TOW DUE TO CRASH,Y,,,"OVER $1,500",08/29/2025 01:50:00 PM,FAILING TO YIELD RIGHT-OF-WAY,NOT APPLICABLE,5359,W,MADISON ST,1522,,,,,,,2,NONINCAPACITATING INJURY,1,0,0,1,0,2,0,13,6,8,41.880202534,-87.7597840038,POINT (-87.75978400378 41.880202534002)
4d1776b10be7fcf85384c3735e0826e3ddd98219c97ac0bfd581de2b1a4de34d5c9ed7b3d9ff6ec09efaedd372008ae0a5a47a66a21605b77ca3552ec7cd88e2,,08/29/2025 01:49:00 PM,30,NO CONTROLS,NO CONTROLS,CLEAR,DAYLIGHT,PARKED MOTOR VEHICLE,DIVIDED - W/MEDIAN (NOT RAISED),,STRAIGHT AND LEVEL,DRY,NO DEFECTS,NOT ON SCENE (DESK REPORT),NO INJURY / DRIVE AWAY,,,Y,"OVER $1,500",08/29/2025 03:20:00 PM,UNABLE TO DETERMINE,NOT APPLICABLE,2414,N,CENTRAL PARK AVE,2524,,,,,,,2,NO INDICATION OF INJURY,0,0,0,0,0,1,0,13,6,8,41.925084873,-87.7171539447,POINT (-87.717153944652 41.925084873026)
10f9b9e4201dd16fdcbd93d610967869e01c0af511406f19a7fd633454fc42e882e01640f97b34e240ebef35cdcd6df7634948adc071d1d63853820921250aa0,,08/29/2025 01:45:00 PM,30,TRAFFIC SIGNAL,FUNCTIONING PROPERLY,CLEAR,DAYLIGHT,SIDESWIPE SAME DIRECTION,DIVIDED - W/MEDIAN BARRIER,,STRAIGHT AND LEVEL,DRY,NO DEFECTS,ON SCENE,NO INJURY / DRIVE AWAY,Y,,,"OVER $1,500",08/29/2025 02:05:00 PM,FAILING TO YIELD RIGHT-OF-WAY,NOT APPLICABLE,4700,S,WESTERN AVE,922,,,,,,,2,NO INDICATION OF INJURY,0,0,0,0,0,2,0,13,6,8,41.8083784079,-87.6845707169,POINT (-87.684570716896 41.808378407947)
a0b22e8e44a6dd9772688257f38e3a747169c0315e834df251d58ed663b5b85b05396225b575fa986e2ddcd7acb2fc6f11284fc065437526e6f75cda78e665f1,,08/29/2025 01:45:00 PM,20,NO CONTROLS,NO CONTROLS,CLEAR,DAYLIGHT,ANGLE,PARKING LOT,,STRAIGHT AND LEVEL,DRY,UNKNOWN,NOT ON SCENE (DESK REPORT),NO INJURY / DRIVE AWAY,,,,"OVER $1,500",08/29/2025 01:45:00 PM,FAILING TO YIELD RIGHT-OF-WAY,NOT APPLICABLE,2744,N,CALIFORNIA AVE,1411,,,,,,,2,NO INDICATION OF INJURY,0,0,0,0,0,2,0,13,6,8,41.931607951,-87.697755776,POINT (-87.697755776035 41.931607951049)
e42438278b1893888b1fce10c02dcfec3623d2fa7750f35875aba3774b761b8881b9735b5be85909dd50c7d8a85861db6135e5859b2b52da95ac3ac1051a2fe3,,08/29/2025 01:42:00 PM,30,NO CONTROLS,NO CONTROLS,CLEAR,DAYLIGHT,REAR END,NOT DIVIDED,,STRAIGHT AND LEVEL,DRY,NO DEFECTS,ON SCENE,NO INJURY / DRIVE AWAY,,,,"$501 - $1,500",08/29/2025 01:45:00 PM,FAILING TO YIELD RIGHT-OF-WAY,FAILING TO YIELD RIGHT-OF-WAY,1101,W,VAN BUREN ST,1232,,,,,,,2,NO INDICATION OF INJURY,0,0,0,0,0,2,0,13,6,8,41.8764521239,-87.6546214663,POINT (-87.654621466338 41.876452123925)
10cdf53806dc30534bba95632131e13cafedb0f4a7b1e0b433c5de97bf73ff8748dbe8dcfaa08559cc34499396e5ff2a3d340d3bb77f7b76b4dea88b3ca97abc,,08/29/2025 01:39:00 PM,30,UNKNOWN,UNKNOWN,UNKNOWN,UNKNOWN,SIDESWIPE SAME DIRECTION,NOT DIVIDED,,STRAIGHT AND LEVEL,UNKNOWN,UNKNOWN,NOT ON SCENE (DESK REPORT),NO INJURY / DRIVE AWAY,,,,$500 OR LESS,08/29/2025 02:50:00 PM,UNABLE TO DETERMINE,UNABLE TO DETERMINE,6298,N,RIDGE AVE,2413,,,,,,,2,NO INDICATION OF INJURY,0,0,0,0,0,2,0,13,6,8,41.9954844758,-87.675834075,POINT (-87.67583407501 41.995484475819)
13159cf73e9c560d28ca7d7f1f8b2abe9718f90e06fdac8fb11492c4c6c9b0afe52522e92c55616a47678d155000541ebe37becf6022bfe8f736a925954c3ea9,,08/29/2025 01:31:00 PM,30,NO CONTROLS,NO CONTROLS,CLEAR,DAYLIGHT,SIDESWIPE SAME DIRECTION,NOT DIVIDED,,STRAIGHT AND LEVEL,DRY,NO DEFECTS,ON SCENE,NO INJURY / DRIVE AWAY,,,Y,"OVER $1,500",08/29/2025 01:35:00 PM,IMPROPER LANE USAGE,NOT APPLICABLE,1454,W,58TH ST,713,,,,,,,2,NO INDICATION OF INJURY,0,0,0,0,0,2,0,13,6,8,41.7887142406,-87.6617832965,POINT (-87.661783296462 41.788714240551)
4801d61e1b991614364cfff68e7e94f3d4f6872cea150102df566253b387378ca004a5949b2874dfafef0af7038d03f46ee02bd2d3fbb63cf22ee0a1ea9e465d,Y,08/29/2025 01:30:00 PM,20,NO CONTROLS,NO CONTROLS,CLEAR,DAYLIGHT,FIXED OBJECT,NOT DIVIDED,,STRAIGHT AND LEVEL,DRY,NO DEFECTS,ON SCENE,INJURY AND / OR TOW DUE TO CRASH,,,,"OVER $1,500",08/29/2025 01:36:00 PM,IMPROPER TURNING/NO SIGNAL,DRIVING SKILLS/KNOWLEDGE/EXPERIENCE,3044,S,CANAL ST,914,,Y,,,,,1,NO INDICATION OF INJURY,0,0,0,0,0,1,0,13,6,8,41.8386413766,-87.6379150567,POINT (-87.637915056662 41.838641376587)
d8dbb8530ba8d21ff47b45655ca64f4ff026a2b49e1dc9667e89c4432ca359654b314ca20422d56bf2d5e80d4581a61d3b516c18889ec694204fe2da68889e69,,08/29/2025 01:30:00 PM,30,TRAFFIC SIGNAL,FUNCTIONING PROPERLY,CLEAR,DAYLIGHT,REAR END,ONE-WAY,,STRAIGHT AND LEVEL,UNKNOWN,UNKNOWN,NOT ON SCENE (DESK REPORT),NO INJURY / DRIVE AWAY,,,Y,"OVER $1,500",08/29/2025 01:57:00 PM,FOLLOWING TOO CLOSELY,FOLLOWING TOO CLOSELY,3200,N,CENTRAL PARK AVE,1732,,,,,,,2,NO INDICATION OF INJURY,0,0,0,0,0,2,0,13,6,8,41.9393036499,-87.7175501392,POINT (-87.717550139158 41.939303649857)
4246dfaaea3a2ae2c3e74043eb3d9d4adbcdcca54886800c5016f749b50cdb48b5aad1994d4a81168583f4597ba112fbd01ab6e454b9d2b4efe277686403bd95,,08/29/2025 01:25:00 PM,20,NO CONTROLS,NO CONTROLS,CLEAR,DAYLIGHT,PARKED MOTOR VEHICLE,ONE-WAY,,STRAIGHT AND LEVEL,DRY,NO DEFECTS,ON SCENE,NO INJURY / DRIVE AWAY,,,,"OVER $1,500",08/29/2025 01:32:00 PM,FAILING TO YIELD RIGHT-OF-WAY,FAILING TO YIELD RIGHT-OF-WAY,12352,S,PARNELL AVE,523,,,,,,,2,NO INDICATION OF INJURY,0,0,0,0,0,2,0,13,6,8,41.6690425574,-87.635748587,POINT (-87.63574858703 41.669042557422)
3f04d41c427acb45ca3169fb9f79dfd798ac08035dd9abd871768ed99d579bda92c1a7bf065b02101377832a10904e39124e8daaaaef896bce01facb95eb99cb,,08/29/2025 01:20:00 PM,30,NO CONTROLS,NO CONTROLS,CLEAR,DAYLIGHT,FIXED OBJECT,DIVIDED - W/MEDIAN (NOT RAISED),,CURVE ON HILLCREST,DRY,NO DEFECTS,ON SCENE,NO INJURY / DRIVE AWAY,,,,"OVER $1,500",08/29/2025 01:30:00 PM,NOT APPLICABLE,NOT APPLICABLE,1515,N,WELLS ST,1821,,,,,,,1,NO INDICATION OF INJURY,0,0,0,0,0,3,0,13,6,8,41.9096433265,-87.6345156113,POINT (-87.63451561127 41.909643326523)
6a2b527346a0d972d1f829017996923c0b5cb48b70592b0c00fcbbe5d7bc40963855d8d5430c60d7ee47450568e8df8a6c0b75bc3312658aeee6b5117c319bd7,Y,08/29/2025 01:15:00 PM,30,NO CONTROLS,NO CONTROLS,CLEAR,DAYLIGHT,SIDESWIPE SAME DIRECTION,NOT DIVIDED,,STRAIGHT AND LEVEL,DRY,UNKNOWN,NOT ON SCENE (DESK REPORT),NO INJURY / DRIVE AWAY,,,,"OVER $1,500",08/30/2025 02:00:00 PM,IMPROPER LANE USAGE,NOT APPLICABLE,3039,W,ADDISON ST,1733,,,,,,,2,NO INDICATION OF INJURY,0,0,0,0,0,2,0,13,6,8,41.9465397858,-87.7045235167,POINT (-87.704523516683 41.946539785848)
af52c83a65bc31772a51736ef9d285a571c8c2fbb29ec01e1f144f6f55afd4cd76ea98ba4bcd8e7f4d062b68567c2d7da005e7272527b4e3cc231d607a4f554c,,08/29/2025 01:15:00 PM,20,NO CONTROLS,NO CONTROLS,CLEAR,DAYLIGHT,REAR TO FRONT,PARKING LOT,,STRAIGHT AND LEVEL,DRY,NO DEFECTS,NOT ON SCENE (DESK REPORT),NO INJURY / DRIVE AWAY,,Y,,"$501 - $1,500",08/29/2025 01:30:00 PM,UNABLE TO DETERMINE,UNABLE TO DETERMINE,800,W,CERMAK RD,1235,,,,,,,2,NO INDICATION OF INJURY,0,0,0,0,0,2,0,13,6,8,41.8527551845,-87.6465798588,POINT (-87.64657985879 41.852755184496)