CRASH_RECORD_ID,CRASH_DATE_EST_I,CRASH_DATE,POSTED_SPEED_LIMIT,TRAFFIC_CONTROL_DEVICE,DEVICE_CONDITION,WEATHER_CONDITION,LIGHTING_CONDITION,FIRST_CRASH_TYPE,TRAFFICWAY_TYPE,LANE_CNT,ALIGNMENT,ROADWAY_SURFACE_COND,ROAD_DEFECT,REPORT_TYPE,CRASH_TYPE,INTERSECTION_RELATED_I,NOT_RIGHT_OF_WAY_I,HIT_AND_RUN_I,DAMAGE,DATE_POLICE_NOTIFIED,PRIM_CONTRIBUTORY_CAUSE,SEC_CONTRIBUTORY_CAUSE,STREET_NO,STREET_DIRECTION,STREET_NAME,BEAT_OF_OCCURRENCE,PHOTOS_TAKEN_I,STATEMENTS_TAKEN_I,DOORING_I,WORK_ZONE_I,WORK_ZONE_TYPE,WORKERS_PRESENT_I,NUM_UNITS,MOST_SEVERE_INJURY,INJURIES_TOTAL,INJURIES_FATAL,INJURIES_INCAPACITATING,INJURIES_NON_INCAPACITATING,INJURIES_REPORTED_NOT_EVIDENT,INJURIES_NO_INDICATION,INJURIES_UNKNOWN,CRASH_HOUR,CRASH_DAY_OF_WEEK,CRASH_MONTH,LATITUDE,LONGITUDE,LOCATION
d450f6a493c80649d06f5fdfccff3dc148c73158c54598f54eb57f8069717de790550c8b1a999c10cc2a0cd25d2fbd4629b30c1b220df7c3c85858b28796f669,,08/29/2025 01:15:00 PM,30,TRAFFIC SIGNAL,NO CONTROLS,CLEAR,DAYLIGHT,TURNING,FOUR WAY,,STRAIGHT AND LEVEL,DRY,NO DEFECTS,NOT ON SCENE (DESK REPORT),INJURY AND / OR TOW DUE TO CRASH,Y,,,"OVER $1,500",08/29/2025 02:45:00 PM,UNABLE TO DETERMINE,UNABLE TO DETERMINE,1100,W,HUBBARD ST,1214,,,,,,,2,NONINCAPACITATING INJURY,1,0,0,1,0,1,0,13,6,8,41.8901249029,-87.654658998,POINT (-87.654658998037 41.890124902949)
5a88256a1d5356360516e9af7abb535c738ee345143bf1482a8f0035c9cfc1bf634b6a1442b1f2e24bde4f2fdb507e2c81061fde33b139a897ee6fb2bcbf12ee,,08/29/2025 01:14:00 PM,30,NO CONTROLS,NO CONTROLS,CLOUDY/OVERCAST,"DARKNESS, LIGHTED ROAD",SIDESWIPE SAME DIRECTION,NOT DIVIDED,,STRAIGHT AND LEVEL,UNKNOWN,UNKNOWN,NOT ON SCENE (DESK REPORT),NO INJURY / DRIVE AWAY,,,,"OVER $1,500",08/29/2025 08:30:00 PM,FAILING TO YIELD RIGHT-OF-WAY,FAILING TO REDUCE SPEED TO AVOID CRASH,1426,W,WILLOW ST,1433,,,,,,,2,NO INDICATION OF INJURY,0,0,0,0,0,2,0,13,6,8,41.9144806841,-87.6629582508,POINT (-87.662958250788 41.914480684137)
b538d4376b86e9fa7b1fd047b05856652c93f2abb3a008b74996f36ea446f3fb69f53fb8121ecfdc1140f0b1f7b3ffe56cb5e7de95179273e8b00f33a335cd23,,08/29/2025 01:12:00 PM,30,TRAFFIC SIGNAL,FUNCTIONING PROPERLY,CLEAR,DAYLIGHT,REAR END,NOT DIVIDED,,STRAIGHT AND LEVEL,DRY,NO DEFECTS,NOT ON SCENE (DESK REPORT),NO INJURY / DRIVE AWAY,,,,"OVER $1,500",08/29/2025 03:30:00 PM,UNABLE TO DETERMINE,NOT APPLICABLE,2647,W,CERMAK RD,1034,,,,,,,2,NO INDICATION OF INJURY,0,0,0,0,0,3,0,13,6,8,41.851834959,-87.6924127606,POINT (-87.692412760609 41.851834958988)
b8ec9ad7f7b1f989e4ca946405ab7442800a52dd18dec98e0f5574d3409213d602ee7edab5a6f912278fcfaeebee3a50d7b10c652864fdddbecae376f9e6f9eb,,08/29/2025 01:03:00 PM,30,UNKNOWN,UNKNOWN,CLEAR,DAYLIGHT,SIDESWIPE SAME DIRECTION,NOT DIVIDED,,STRAIGHT AND LEVEL,UNKNOWN,UNKNOWN,NOT ON SCENE (DESK REPORT),NO INJURY / DRIVE AWAY,,,,"OVER $1,500",08/29/2025 01:40:00 PM,UNABLE TO DETERMINE,UNABLE TO DETERMINE,2245,N,LINCOLN AVE,1812,,,,,,,2,NO INDICATION OF INJURY,0,0,0,0,0,2,0,13,6,8,41.9229837554,-87.6451075923,POINT (-87.64510759232 41.922983755415)
4a6e82bdf681d8be7677aebc70ce30d676abbf9db895bb9131f6e6b70a197c6caa352e862349589d01563acdaa3c6841cf25320c7384598ae8c91e39699f918a,,08/29/2025 01:00:00 PM,30,NO CONTROLS,NO CONTROLS,CLEAR,DAYLIGHT,SIDESWIPE SAME DIRECTION,NOT DIVIDED,,STRAIGHT AND LEVEL,DRY,NO DEFECTS,NOT ON SCENE (DESK REPORT),NO INJURY / DRIVE AWAY,,,Y,"$501 - $1,500",08/29/2025 02:33:00 PM,NOT APPLICABLE,NOT APPLICABLE,1400,S,LAKE SHORE DR SB,132,,,,,,,2,NO INDICATION OF INJURY,0,0,0,0,0,3,0,13,6,8,41.8640356398,-87.6192970692,POINT (-87.619297069192 41.864035639814)
6d07b5f652751b78298472eb8774c869291d7d190ab964d636efa4d3e75ac2edafdd4bc3aa974e93fc9d5fff46eaa183ee6ed410689f5e323ece44d16bd93f4b,,08/29/2025 01:00:00 PM,30,TRAFFIC SIGNAL,FUNCTIONING PROPERLY,CLEAR,DAYLIGHT,REAR END,DIVIDED - W/MEDIAN (NOT RAISED),,STRAIGHT AND LEVEL,DRY,NO DEFECTS,NOT ON SCENE (DESK REPORT),NO INJURY / DRIVE AWAY,,,Y,"OVER $1,500",08/29/2025 02:50:00 PM,UNABLE TO DETERMINE,NOT APPLICABLE,800,N,PULASKI RD,1111,,,,,,,3,NO INDICATION OF INJURY,0,0,0,0,0,3,0,13,6,8,41.8954564568,-87.7262305405,POINT (-87.726230540513 41.895456456825)
8ed9f74f4077c2bc24f31ca4b9fa3979173a5348860709e58f4f2002d68284d2d5eaa71495666a22b49a4465467d0caa38f5684a8be096fb8e96d381c8b4f883,,08/29/2025 12:55:00 PM,35,STOP SIGN/FLASHER,FUNCTIONING PROPERLY,CLEAR,DAYLIGHT,REAR END,NOT DIVIDED,,STRAIGHT AND LEVEL,DRY,NO DEFECTS,ON SCENE,NO INJURY / DRIVE AWAY,,,,"OVER $1,500",08/29/2025 01:05:00 PM,UNABLE TO DETERMINE,NOT APPLICABLE,2839,E,100TH ST,431,,,,,,,2,NO INDICATION OF INJURY,0,0,0,0,0,2,0,12,6,8,41.7132575512,-87.5548396422,POINT (-87.554839642247 41.713257551171)
d41085fcb6db645de979bdcbfddd5739ae7ded96501ac2c80780220453cfce2bbddc6b861cd2ba4208df4982afda34fa9c43e9823c62024571039969eb186379,,08/29/2025 12:55:00 PM,30,TRAFFIC SIGNAL,NO CONTROLS,CLEAR,DAYLIGHT,TURNING,DIVIDED - W/MEDIAN (NOT RAISED),,STRAIGHT AND LEVEL,DRY,NO DEFECTS,ON SCENE,NO INJURY / DRIVE AWAY,,,,"OVER $1,500",08/29/2025 01:01:00 PM,UNABLE TO DETERMINE,DRIVING SKILLS/KNOWLEDGE/EXPERIENCE,2999,W,GRAND AVE,1211,,,,,,,2,NO INDICATION OF INJURY,0,0,0,0,0,2,0,12,6,8,41.8964551692,-87.7022852702,POINT (-87.702285270197 41.896455169233)
604edf06f0aeae70c30a48fe7b7d0508738559572e300197468e509efb62fde6bc0cf9518f35ef1317c50d0afb84afa00c1eb42e48ec7734a94bb19d56aaf1bb,,08/29/2025 12:53:00 PM,30,NO CONTROLS,NO CONTROLS,CLEAR,DAYLIGHT,PARKED MOTOR VEHICLE,NOT DIVIDED,,STRAIGHT AND LEVEL,DRY,NO DEFECTS,ON SCENE,INJURY AND / OR TOW DUE TO CRASH,,,,"$501 - $1,500",08/29/2025 12:55:00 PM,UNABLE TO DETERMINE,UNABLE TO DETERMINE,3155,N,LONG AVE,2514,,,,,,,2,NO INDICATION OF INJURY,0,0,0,0,0,1,0,12,6,8,41.9384788713,-87.7614425609,POINT (-87.761442560883 41.938478871311)
9421c55a6cbc52f54ab39d86a3fe4f82b5b93503fa0778ee7fd02910bb61cb7e5a8ac1353e17a0bde41ec5d0da4c76a030861494d915da9a856b9cff66fdd87a,,08/29/2025 12:45:00 PM,30,NO CONTROLS,NO CONTROLS,CLEAR,DAYLIGHT,SIDESWIPE SAME DIRECTION,ONE-WAY,,STRAIGHT AND LEVEL,DRY,NO DEFECTS,NOT ON SCENE (DESK REPORT),NO INJURY / DRIVE AWAY,,,,"OVER $1,500",08/29/2025 02:00:00 PM,FAILING TO YIELD RIGHT-OF-WAY,UNABLE TO DETERMINE,4929,W,BARRY AVE,2521,,,,,,,2,NO INDICATION OF INJURY,0,0,0,0,0,4,0,12,6,8,41.9368471744,-87.7504528321,POINT (-87.750452832124 41.936847174436)
342d145d93de9539e3d873019d0a9b49ea83e18a82ef4cd013037f9906fb091d81b5124740b716651161d4d03024c0591786e5ee684a70e177447b46e83c638d,,08/29/2025 12:42:00 PM,30,STOP SIGN/FLASHER,FUNCTIONING PROPERLY,CLEAR,DAYLIGHT,ANGLE,ONE-WAY,,STRAIGHT AND LEVEL,DRY,NO DEFECTS,ON SCENE,INJURY AND / OR TOW DUE TO CRASH,Y,,Y,"OVER $1,500",08/29/2025 12:46:00 PM,DISREGARDING STOP SIGN,FAILING TO YIELD RIGHT-OF-WAY,5301,W,KINZIE ST,1523,,,,,,,2,NONINCAPACITATING INJURY,1,0,0,1,0,2,0,12,6,8,41.8876643182,-87.7579102676,POINT (-87.757910267589 41.887664318203)
099f5d00e55005664b71230c3a77a39ea3645b306cb49693f3fba1e284f86741eac61352bfef011c781d479adba621718abc938b8e61936cbef15c6dd567d1a5,,08/29/2025 12:40:00 PM,30,UNKNOWN,UNKNOWN,UNKNOWN,UNKNOWN,ANGLE,ONE-WAY,,STRAIGHT AND LEVEL,UNKNOWN,UNKNOWN,NOT ON SCENE (DESK REPORT),NO INJURY / DRIVE AWAY,,,,"OVER $1,500",08/30/2025 01:55:00 PM,UNABLE TO DETERMINE,UNABLE TO DETERMINE,3630,N,FREMONT ST,1923,,,,,,,2,NO INDICATION OF INJURY,0,0,0,0,0,2,0,12,6,8,41.9482078135,-87.6520836814,POINT (-87.65208368135 41.948207813512)
d73c75b418a7ef2de2237c6b5d484ab6d62f24044028caf81b8b60a8e8acf3cd8a6157dfa41f267c9c1f8eec155cb42c66c2b48130ca9d2dd6c548498a6660f5,,08/29/2025 12:36:00 PM,30,UNKNOWN,UNKNOWN,CLEAR,DAYLIGHT,REAR END,NOT DIVIDED,,STRAIGHT AND LEVEL,UNKNOWN,UNKNOWN,NOT ON SCENE (DESK REPORT),NO INJURY / DRIVE AWAY,,,,"OVER $1,500",08/29/2025 01:15:00 PM,UNABLE TO DETERMINE,UNABLE TO DETERMINE,658,N,ORLEANS ST,1831,,,,,,,3,NO INDICATION OF INJURY,0,0,0,0,0,3,0,12,6,8,41.8939893332,-87.6372509151,POINT (-87.637250915099 41.893989333155)
1890662de60883e873427855086ecb2ada40115e08936eb168c2fe3036129c18854a208a3c4886d0866a78ba2da774456002faf91cba0b101890c99a95bb7d0c,,08/29/2025 12:30:00 PM,30,TRAFFIC SIGNAL,FUNCTIONING PROPERLY,CLEAR,DAYLIGHT,SIDESWIPE SAME DIRECTION,NOT DIVIDED,,STRAIGHT AND LEVEL,DRY,NO DEFECTS,NOT ON SCENE (DESK REPORT),NO INJURY / DRIVE AWAY,,,Y,"OVER $1,500",08/29/2025 01:55:00 PM,UNABLE TO DETERMINE,NOT APPLICABLE,2413,W,35TH ST,911,,,,,,,2,NO INDICATION OF INJURY,0,0,0,0,0,2,0,12,6,8,41.8301628338,-87.6857159469,POINT (-87.685715946911 41.830162833778)
405a2c2ff61d93d86ef5033a7cef7ed642637ad67be61e6dee19a6cbadfa5a66da8026c6283d7f55203adb226949786b750aa6ebf09eaf2bbf136f5441f281dc,,08/29/2025 12:30:00 PM,30,NO CONTROLS,NO CONTROLS,CLEAR,DAYLIGHT,REAR TO SIDE,PARKING LOT,,STRAIGHT AND LEVEL,DRY,NO DEFECTS,NOT ON SCENE (DESK REPORT),NO INJURY / DRIVE AWAY,,Y,,"OVER $1,500",08/29/2025 03:15:00 PM,UNABLE TO DETERMINE,UNABLE TO DETERMINE,1220,S,ASHLAND AVE,1233,,,,,,,2,NO INDICATION OF INJURY,0,0,0,0,0,2,0,12,6,8,41.8662541761,-87.6665241401,POINT (-87.666524140131 41.866254176143)
684d86506fae7f8a9cda0bfc6a0e107170d238d6a63dd08ec9ca80b6e90a572bc2064ee2ba8d568025b604b24e342e4829e97414ddea897c6af773d04c15930c,,08/29/2025 12:30:00 PM,30,NO CONTROLS,NO CONTROLS,CLEAR,DAYLIGHT,PARKED MOTOR VEHICLE,ONE-WAY,,STRAIGHT AND LEVEL,DRY,NO DEFECTS,NOT ON SCENE (DESK REPORT),NO INJURY / DRIVE AWAY,,,,"OVER $1,500",08/29/2025 02:05:00 PM,UNABLE TO DETERMINE,NOT APPLICABLE,1001,W,TILDEN ST,1232,,,,,,,2,NO INDICATION OF INJURY,0,0,0,0,0,2,0,12,6,8,41.8758960008,-87.6519052372,POINT (-87.651905237212 41.875896000772)
e52db56d6b2e0571d2e73b8b56cea4b05d6be07867a333d9e8a54145d1dfc3eb04462878202d8a0b9eefcd8e24a597ff3fc5ccaff1b060b01bfd56a25fec7676,,08/29/2025 12:30:00 PM,30,NO CONTROLS,NO CONTROLS,CLEAR,DAYLIGHT,REAR END,DIVIDED - W/MEDIAN (NOT RAISED),,STRAIGHT AND LEVEL,DRY,NO DEFECTS,NOT ON SCENE (DESK REPORT),INJURY AND / OR TOW DUE TO CRASH,,,,"OVER $1,500",08/29/2025 01:00:00 PM,FOLLOWING TOO CLOSELY,NOT APPLICABLE,1440,N,HUMBOLDT DR,1423,,,,,,,2,"REPORTED, NOT EVIDENT",1,0,0,0,1,1,0,12,6,8,41.9077397333,-87.7014119111,POINT (-87.701411911119 41.907739733306)
d9f1780799ad90224a7de9ad2ac452844e30f6274c870a62ba910063d0efcd6f1a61820e5ddabbb5c3974ee8af476fcd8e0458ef02be520cefa9ac096493423c,,08/29/2025 12:28:00 PM,30,STOP SIGN/FLASHER,FUNCTIONING PROPERLY,CLEAR,DAYLIGHT,SIDESWIPE SAME DIRECTION,DIVIDED - W/MEDIAN (NOT RAISED),,STRAIGHT AND LEVEL,DRY,WORN SURFACE,NOT ON SCENE (DESK REPORT),NO INJURY / DRIVE AWAY,Y,,,"$501 - $1,500",08/29/2025 02:15:00 PM,IMPROPER OVERTAKING/PASSING,DRIVING SKILLS/KNOWLEDGE/EXPERIENCE,4100,N,ASHLAND AVE,1912,,,,,,,2,NO INDICATION OF INJURY,0,0,0,0,0,2,0,12,6,8,41.9562166718,-87.6692491016,POINT (-87.669249101648 41.956216671811)
dfbb129051c054a414302c2b6b25aa344d0a19e2008ba61bdfa180d9f27b5b848ef31cc57e8813e3073ad92e8fe0f212e412dac17aa6946a007a6f11c0f6170d,,08/29/2025 12:25:00 PM,30,TRAFFIC SIGNAL,FUNCTIONING PROPERLY,CLEAR,DAYLIGHT,TURNING,NOT DIVIDED,,STRAIGHT AND LEVEL,DRY,NO DEFECTS,NOT ON SCENE (DESK REPORT),NO INJURY / DRIVE AWAY,,,,"OVER $1,500",08/29/2025 01:20:00 PM,UNABLE TO DETERMINE,NOT APPLICABLE,1958,W,35TH ST,912,,,,,,,2,NO INDICATION OF INJURY,0,0,0,0,0,2,0,12,6,8,41.830500418,-87.6752214047,POINT (-87.67522140471 41.830500417951)
0af641d64a538a6cc9aeb5dd718ec08267a619c264d04ce86235d70e70649769f071eb85f8ce13860a28eec5105a4f85cb90cda0bd7945157be8cf9356eae3cb,,08/29/2025 12:20:00 PM,20,NO CONTROLS,NO CONTROLS,CLEAR,DAYLIGHT,SIDESWIPE SAME DIRECTION,PARKING LOT,,STRAIGHT AND LEVEL,DRY,UNKNOWN,NOT ON SCENE (DESK REPORT),NO INJURY / DRIVE AWAY,,,,"OVER $1,500",08/29/2025 03:44:00 PM,IMPROPER BACKING,NOT APPLICABLE,10426,S,MICHIGAN AVE,512,,,,,,,2,NO INDICATION OF INJURY,0,0,0,0,0,2,0,12,6,8,41.7046086811,-87.6207129342,POINT (-87.620712934158 41.704608681129)
fa169ab8dcb6568c88280a6434fe240abacaf372609dc034262c95c4274a86210f5d750a738f0fc50523193abb9f48313912a07db1478812c42e4b1ece36ba60,,08/29/2025 12:20:00 PM,35,OTHER,FUNCTIONING PROPERLY,CLEAR,DAYLIGHT,SIDESWIPE SAME DIRECTION,ONE-WAY,,STRAIGHT AND LEVEL,DRY,NO DEFECTS,ON SCENE,INJURY AND / OR TOW DUE TO CRASH,,,,"$501 - $1,500",08/29/2025 12:50:00 PM,IMPROPER OVERTAKING/PASSING,UNABLE TO DETERMINE,140,W,ONTARIO ST,1832,,,,,,,2,NONINCAPACITATING INJURY,1,0,0,1,0,1,0,12,6,8,41.8933161344,-87.6327156896,POINT (-87.632715689553 41.893316134428)
fd9b0eb6f0c6d3f8286dcacc7ed91e61469ed2fe870d8938d52b14bac182ee6c0032fffd3eed71d59e50432a8e17fb43ab7bf07e97f4b806f70a08f912bacb42,,08/29/2025 12:14:00 PM,30,NO CONTROLS,NO CONTROLS,CLEAR,DAYLIGHT,SIDESWIPE SAME DIRECTION,PARKING LOT,,STRAIGHT AND LEVEL,DRY,NO DEFECTS,NOT ON SCENE (DESK REPORT),NO INJURY / DRIVE AWAY,,Y,,"OVER $1,500",08/29/2025 01:05:00 PM,UNABLE TO DETERMINE,NOT APPLICABLE,2333,W,MADISON ST,1223,,,,,,,2,NO INDICATION OF INJURY,0,0,0,0,0,2,0,12,6,8,41.8810693742,-87.6853075527,POINT (-87.68530755272 41.881069374222)
a13534f58f3fd6b42e75d84464481be2029bf9a01ea4ebf758fda03d57c9fc05e4c363eb475f8ddee6293016279f91754112949d7b1214222a50781e4a61d6e5,,08/29/2025 12:10:00 PM,25,NO CONTROLS,NO CONTROLS,CLEAR,DAYLIGHT,PARKED MOTOR VEHICLE,PARKING LOT,,STRAIGHT AND LEVEL,DRY,NO DEFECTS,,INJURY AND / OR TOW DUE TO CRASH,,,,"OVER $1,500",08/29/2025 12:15:00 PM,UNDER THE INFLUENCE OF ALCOHOL/DRUGS (USE WHEN ARREST IS EFFECTED),UNDER THE INFLUENCE OF ALCOHOL/DRUGS (USE WHEN ARREST IS EFFECTED),1858,E,87TH ST,412,,,,,,,2,"REPORTED, NOT EVIDENT",1,0,0,0,1,0,0,12,6,8,41.7371296454,-87.5782899616,POINT (-87.578289961629 41.737129645384)
d3ac73f0b28f606ec0977dcf15888fe54376aa9d3bd1c4704af60983a046640bfab75011b88c67c2925352c03685816fb781bc617eb4cd2a820bf98d7e41d5bd,,08/29/2025 12:10:00 PM,20,NO CONTROLS,NO CONTROLS,CLEAR,DAYLIGHT,PARKED MOTOR VEHICLE,ONE-WAY,,STRAIGHT AND LEVEL,DRY,NO DEFECTS,ON SCENE,NO INJURY / DRIVE AWAY,,,Y,"OVER $1,500",08/29/2025 12:50:00 PM,UNABLE TO DETERMINE,NOT APPLICABLE,3935,W,POLK ST,1132,,,,,,,2,NO INDICATION OF INJURY,0,0,0,0,0,1,0,12,6,8,41.8706225199,-87.7243007725,POINT (-87.724300772548 41.870622519902)
25c5c329787d491423cedf6a10a9cd6070d5c6a7357c101b26fe1f2c5ac215bae702cb0b98059f541ea62858ad8e6bbb180ff2419f77bcfd2ebd3d26510ec339,,08/29/2025 12:09:00 PM,30,TRAFFIC SIGNAL,FUNCTIONING PROPERLY,CLEAR,DAYLIGHT,PEDESTRIAN,FOUR WAY,,STRAIGHT AND LEVEL,DRY,NO DEFECTS,ON SCENE,INJURY AND / OR TOW DUE TO CRASH,Y,,Y,"$501 - $1,500",08/29/2025 12:38:00 PM,FAILING TO YIELD RIGHT-OF-WAY,UNABLE TO DETERMINE,600,S,CICERO AVE,1533,,,,,,,2,NONINCAPACITATING INJURY,1,0,0,1,0,1,0,12,6,8,41.8730948325,-87.7451438688,POINT (-87.745143868845 41.873094832519)
087acdf7010f387f57880f13a59274af9010867f083fc18bd6241d3a0fc72f0f2b3b6bac42bed73727bd8a0d0f397a36066f5c52e29c36e3199781cfdd356983,,08/29/2025 12:00:00 PM,30,NO CONTROLS,NO CONTROLS,CLEAR,DAYLIGHT,PARKED MOTOR VEHICLE,NOT DIVIDED,,STRAIGHT AND LEVEL,DRY,NO DEFECTS,NOT ON SCENE (DESK REPORT),NO INJURY / DRIVE AWAY,,,Y,"OVER $1,500",08/29/2025 03:55:00 PM,UNABLE TO DETERMINE,NOT APPLICABLE,4433,S,PULASKI RD,821,,,,,,,2,NO INDICATION OF INJURY,0,0,0,0,0,1,0,12,6,8,41.8123747103,-87.7236084038,POINT (-87.723608403774 41.812374710327)
0686f3f3bcc7fb3ee1a255921322face24ffe3d5c71dcbfaa53fc9c22334c8cf23952f3cd741f4f7a19c92da47fc52144ee39904d5f737a5a943c10a17891c68,,08/29/2025 11:58:00 AM,30,TRAFFIC SIGNAL,UNKNOWN,CLEAR,DAYLIGHT,SIDESWIPE SAME DIRECTION,NOT DIVIDED,,STRAIGHT AND LEVEL,UNKNOWN,UNKNOWN,NOT ON SCENE (DESK REPORT),NO INJURY / DRIVE AWAY,,,Y,"OVER $1,500",08/29/2025 01:45:00 PM,IMPROPER OVERTAKING/PASSING,UNABLE TO DETERMINE,9555,S,STONY ISLAND AVE,431,,,,,,,2,NO INDICATION OF INJURY,0,0,0,0,0,2,0,11,6,8,41.720486412,-87.5848095766,POINT (-87.584809576585 41.72048641201)
a6bea63b87118715f6688ff1e307f6bf0f7984f308313c918621fde1205a5a35a39b672837c094e642c314b8f80f967c36194c315cb350f64e39555724f0e493,,08/29/2025 11:50:00 AM,30,TRAFFIC SIGNAL,FUNCTIONING PROPERLY,CLEAR,DAYLIGHT,PEDALCYCLIST,FOUR WAY,,STRAIGHT AND LEVEL,DRY,NO DEFECTS,ON SCENE,INJURY AND / OR TOW DUE TO CRASH,,,,"OVER $1,500",08/29/2025 11:53:00 AM,IMPROPER OVERTAKING/PASSING,NOT APPLICABLE,2201,W,BELMONT AVE,1931,,,,,,,3,NONINCAPACITATING INJURY,2,0,0,2,0,1,0,11,6,8,41.9394016677,-87.6833192874,POINT (-87.68331928736 41.939401667686)
6f74288c8ccfbc2ca6fafa35238891f51baefdde8a085c4fa40f82fbdb607e9e86dcb77c85d354ca6d835cdd52d7446cefc56a68089aad25bc9adb92410e530a,,08/29/2025 11:46:00 AM,30,NO CONTROLS,NO CONTROLS,CLEAR,DAYLIGHT,REAR END,DIVIDED - W/MEDIAN (NOT RAISED),,STRAIGHT AND LEVEL,DRY,NO DEFECTS,ON SCENE,INJURY AND / OR TOW DUE TO CRASH,,,,"OVER $1,500",08/29/2025 11:46:00 AM,FOLLOWING TOO CLOSELY,FOLLOWING TOO CLOSELY,5543,N,BROADWAY,2023,,,,,,,2,NONINCAPACITATING INJURY,1,0,0,1,0,2,0,11,6,8,41.9830803422,-87.6599062232,POINT (-87.659906223249 41.983080342223)
3b26d2968bd428195fb152a34ac630d9640a84238dbc5551817740c2dacb6e332960cb05feb4075eded97908d56aeba46424a1d1a444c3b5fb9b21beb5844a2f,,08/29/2025 11:30:00 AM,15,STOP SIGN/FLASHER,FUNCTIONING PROPERLY,CLEAR,DAYLIGHT,REAR TO FRONT,NOT DIVIDED,,STRAIGHT AND LEVEL,DRY,NO DEFECTS,ON SCENE,NO INJURY / DRIVE AWAY,,,,"OVER $1,500",08/29/2025 11:32:00 AM,UNABLE TO DETERMINE,NOT APPLICABLE,10300,S,DOTY AVE E,434,,,,,,,2,NO INDICATION OF INJURY,0,0,0,0,0,2,0,11,6,8,41.7078495554,-87.5808542712,POINT (-87.580854271249 41.70784955538)
518c57ca2915ac93b35277dd7d887d205214d6fe2027056544eb90069862115af96a5e9623b0d6421de56d174665209c58d57c94e6c6cd25709ea4f05177b3c5,,08/29/2025 11:30:00 AM,0,NO CONTROLS,NO CONTROLS,CLEAR,DAYLIGHT,PARKED MOTOR VEHICLE,NOT DIVIDED,,STRAIGHT AND LEVEL,DRY,NO DEFECTS,NOT ON SCENE (DESK REPORT),NO INJURY / DRIVE AWAY,,,Y,"OVER $1,500",08/29/2025 04:20:00 PM,UNABLE TO DETERMINE,NOT APPLICABLE,1106,S,CLINTON ST,124,,,,,,,2,NO INDICATION OF INJURY,0,0,0,0,0,1,0,11,6,8,41.8687888223,-87.6409169224,POINT (-87.640916922355 41.868788822285)
7741f573f410072784b28c3f8fe6c6cf31d6a53ca7ad5b5b551471c8c483427ec52fe8502a0f7faaafa5451781a699c5d44baabeff5cf60fc5d85c51d0497361,,08/29/2025 11:30:00 AM,15,NO CONTROLS,NO CONTROLS,CLEAR,DAYLIGHT,REAR TO FRONT,OTHER,,STRAIGHT AND LEVEL,DRY,NO DEFECTS,ON SCENE,INJURY AND / OR TOW DUE TO CRASH,,Y,,"OVER $1,500",08/29/2025 11:35:00 AM,NOT APPLICABLE,FOLLOWING TOO CLOSELY,8712,S,STONY ISLAND AVE,412,,,,,,,3,NO INDICATION OF INJURY,0,0,0,0,0,3,0,11,6,8,41.7364816121,-87.5857840135,POINT (-87.585784013468 41.736481612063)
dc92f1f2e342ee8c59886207dee542d9f8918722d4306a6d74c010b0d9c6b7bcd39d47f2edf7ff4957476186f1d33be05b0306576c2b8363d6da6053e68ed19b,,08/29/2025 11:30:00 AM,30,NO CONTROLS,NO CONTROLS,CLEAR,DAYLIGHT,TURNING,NOT DIVIDED,,STRAIGHT AND LEVEL,DRY,NO DEFECTS,NOT ON SCENE (DESK REPORT),NO INJURY / DRIVE AWAY,,,,"OVER $1,500",08/29/2025 01:15:00 PM,IMPROPER TURNING/NO SIGNAL,UNABLE TO DETERMINE,4320,W,ARMITAGE AVE,2522,,,,,,,2,NO INDICATION OF INJURY,0,0,0,0,0,2,0,11,6,8,41.9171715358,-87.7347264255,POINT (-87.734726425519 41.917171535827)
e54532970137b7dd7ea08eea9e0f6844b276141e7335e05ef5c6803f084c7ade637d9e5bde3c74bea15d1692bc7522c1ee34910769ab44013c7c41cc011db82d,,08/29/2025 11:30:00 AM,30,TRAFFIC SIGNAL,FUNCTIONING PROPERLY,CLEAR,DAYLIGHT,SIDESWIPE SAME DIRECTION,DIVIDED - W/MEDIAN (NOT RAISED),,STRAIGHT AND LEVEL,DRY,NO DEFECTS,NOT ON SCENE (DESK REPORT),NO INJURY / DRIVE AWAY,Y,,,"OVER $1,500",08/29/2025 11:45:00 AM,FAILING TO YIELD RIGHT-OF-WAY,UNABLE TO DETERMINE,50,N,STATE ST,112,,,,,,,2,NO INDICATION OF INJURY,0,0,0,0,0,2,0,11,6,8,41.8831577001,-87.6280155293,POINT (-87.628015529251 41.883157700149)
fe034335265879a8fc4aed14be2e0409b509b60c48c2eee5d7f3f4bdd9d5d32877114ee7182b20a16d24021094d9682ddda24a9a0594aa6cf06416631595c042,,08/29/2025 11:30:00 AM,30,NO CONTROLS,NO CONTROLS,UNKNOWN,DAYLIGHT,SIDESWIPE SAME DIRECTION,DIVIDED - W/MEDIAN BARRIER,,STRAIGHT AND LEVEL,UNKNOWN,UNKNOWN,NOT ON SCENE (DESK REPORT),NO INJURY / DRIVE AWAY,,,,"OVER $1,500",08/29/2025 02:30:00 PM,IMPROPER LANE USAGE,FAILING TO REDUCE SPEED TO AVOID CRASH,4057,N,ASHLAND AVE,1912,,,,,,,2,NO INDICATION OF INJURY,0,0,0,0,0,2,0,11,6,8,41.9559814222,-87.6689476623,POINT (-87.668947662317 41.955981422181)