CRASH_RECORD_ID,CRASH_DATE_EST_I,CRASH_DATE,POSTED_SPEED_LIMIT,TRAFFIC_CONTROL_DEVICE,DEVICE_CONDITION,WEATHER_CONDITION,LIGHTING_CONDITION,FIRST_CRASH_TYPE,TRAFFICWAY_TYPE,LANE_CNT,ALIGNMENT,ROADWAY_SURFACE_COND,ROAD_DEFECT,REPORT_TYPE,CRASH_TYPE,INTERSECTION_RELATED_I,NOT_RIGHT_OF_WAY_I,HIT_AND_RUN_I,DAMAGE,DATE_POLICE_NOTIFIED,PRIM_CONTRIBUTORY_CAUSE,SEC_CONTRIBUTORY_CAUSE,STREET_NO,STREET_DIRECTION,STREET_NAME,BEAT_OF_OCCURRENCE,PHOTOS_TAKEN_I,STATEMENTS_TAKEN_I,DOORING_I,WORK_ZONE_I,WORK_ZONE_TYPE,WORKERS_PRESENT_I,NUM_UNITS,MOST_SEVERE_INJURY,INJURIES_TOTAL,INJURIES_FATAL,INJURIES_INCAPACITATING,INJURIES_NON_INCAPACITATING,INJURIES_REPORTED_NOT_EVIDENT,INJURIES_NO_INDICATION,INJURIES_UNKNOWN,CRASH_HOUR,CRASH_DAY_OF_WEEK,CRASH_MONTH,LATITUDE,LONGITUDE,LOCATION
0d480f44208aa0fcea1fcfea42bfc864891fbe79e7a861bd431f3a18cb4c6f7be2ee66a41b4c885786f9526d7a705c0e46fc4574c96cf5bc24e868fe5737d706,,08/29/2025 11:27:00 AM,30,NO CONTROLS,NO CONTROLS,CLEAR,DAYLIGHT,PARKED MOTOR VEHICLE,DIVIDED - W/MEDIAN (NOT RAISED),,STRAIGHT AND LEVEL,DRY,UNKNOWN,ON SCENE,NO INJURY / DRIVE AWAY,,,,"$501 - $1,500",08/29/2025 11:29:00 AM,DRIVING SKILLS/KNOWLEDGE/EXPERIENCE,UNABLE TO DETERMINE,2443,N,PULASKI RD,2524,,,,,,,2,NO INDICATION OF INJURY,0,0,0,0,0,1,0,11,6,8,41.9257752365,-87.7266613727,POINT (-87.726661372671 41.925775236512)
600fe8edf25bb1e58a56d181d094c3a0b4e45c53811390ed1aeec10f0344f63740e79b8b73d38001380a31eb56d08e529341a2f24db7b4edacc4029a0e1f76cf,,08/29/2025 11:20:00 AM,30,NO CONTROLS,NO CONTROLS,CLEAR,DAYLIGHT,SIDESWIPE SAME DIRECTION,PARKING LOT,,STRAIGHT AND LEVEL,DRY,NO DEFECTS,ON SCENE,NO INJURY / DRIVE AWAY,,,,"OVER $1,500",08/29/2025 11:27:00 AM,DRIVING SKILLS/KNOWLEDGE/EXPERIENCE,NOT APPLICABLE,3337,W,NORTH AVE,1422,,,,,,,2,NO INDICATION OF INJURY,0,0,0,0,0,2,0,11,6,8,41.9099541919,-87.710904879,POINT (-87.710904878988 41.90995419194)
840333b28e72ff58ee56bd43dcc6f3304e4c4b0f9fff59d1ba093c8b7ecce3f3b8732ffa9e9e439aa69d7afafe006e795d38a4596aa5f9985e20b08cdc4fa099,,08/29/2025 11:15:00 AM,30,NO CONTROLS,NO CONTROLS,CLEAR,DAYLIGHT,REAR END,NOT DIVIDED,,STRAIGHT AND LEVEL,DRY,NO DEFECTS,NOT ON SCENE (DESK REPORT),INJURY AND / OR TOW DUE TO CRASH,,,,"$501 - $1,500",08/29/2025 12:17:00 PM,UNABLE TO DETERMINE,NOT APPLICABLE,3320,W,FULLERTON AVE,1413,,,,,,,2,"REPORTED, NOT EVIDENT",1,0,0,0,1,1,0,11,6,8,41.9247774193,-87.7116935355,POINT (-87.71169353548 41.924777419322)
913701e3193c4a531b905ef50b5aa71612cb8766b84183fbfbe556d3fdad8651d9a900c9d5001478f7f99387afc5f41b22d8ed3319de6fa557bab289ca0ac60f,,08/29/2025 11:15:00 AM,30,TRAFFIC SIGNAL,FUNCTIONING PROPERLY,CLEAR,DAYLIGHT,REAR END,DIVIDED - W/MEDIAN (NOT RAISED),,STRAIGHT AND LEVEL,DRY,UNKNOWN,NOT ON SCENE (DESK REPORT),NO INJURY / DRIVE AWAY,,,,"OVER $1,500",08/29/2025 11:45:00 AM,FOLLOWING TOO CLOSELY,UNABLE TO DETERMINE,1158,W,ROOSEVELT RD,1232,,,,,,,2,NO INDICATION OF INJURY,0,0,0,0,0,2,0,11,6,8,41.8671086747,-87.6565249999,POINT (-87.656524999907 41.86710867469)
e28a93093776f799dbbe54d0779f008396fcbe27fd56dd8d170c1926607d885b527185dccbc289e5bbf35baf456ba3eb5b21c70362a00a169fd7d9d427ee046d,,08/29/2025 11:15:00 AM,30,NO CONTROLS,NO CONTROLS,CLEAR,DAYLIGHT,PARKED MOTOR VEHICLE,ONE-WAY,,STRAIGHT AND LEVEL,DRY,NO DEFECTS,NOT ON SCENE (DESK REPORT),NO INJURY / DRIVE AWAY,,,,"OVER $1,500",08/29/2025 12:17:00 PM,UNABLE TO DETERMINE,NOT APPLICABLE,2311,W,CONGRESS PKWY,1225,,,,,,,2,NO INDICATION OF INJURY,0,0,0,0,0,2,0,11,6,8,41.8748573112,-87.6843273606,POINT (-87.684327360618 41.874857311244)
b01983ea1b0c3bbab15f41c04d3eb7d725cc8dd256a90f141a04a171661b9905862549bc2cfbe36286d67e0dc77bcf0624304c2c733b8b1c99384d66556926f0,,08/29/2025 11:05:00 AM,30,TRAFFIC SIGNAL,FUNCTIONING PROPERLY,CLEAR,DAYLIGHT,TURNING,NOT DIVIDED,,STRAIGHT AND LEVEL,DRY,NO DEFECTS,NOT ON SCENE (DESK REPORT),NO INJURY / DRIVE AWAY,Y,,,"OVER $1,500",08/30/2025 11:15:00 AM,IMPROPER OVERTAKING/PASSING,IMPROPER TURNING/NO SIGNAL,6300,S,STONY ISLAND AVE,314,,,,,,,2,NO INDICATION OF INJURY,0,0,0,0,0,3,0,11,6,8,41.7805253951,-87.5866029955,POINT (-87.586602995543 41.780525395052)
5b9bda6bb211bad6f7634741161c890fae92a123342fda68df0292e3b04957b356050796a8d1926d27600cb08d939dc3bea8a0ed6b8045bfb31c35c7965eaad2,,08/29/2025 11:00:00 AM,30,NO CONTROLS,NO CONTROLS,CLEAR,DAYLIGHT,PARKED MOTOR VEHICLE,NOT DIVIDED,,STRAIGHT AND LEVEL,DRY,NO DEFECTS,ON SCENE,NO INJURY / DRIVE AWAY,,,,"$501 - $1,500",08/29/2025 05:00:00 PM,NOT APPLICABLE,NOT APPLICABLE,1229,N,PAULINA ST,1424,,,,,,,2,NO INDICATION OF INJURY,0,0,0,0,0,1,0,11,6,8,41.9041899926,-87.6703080655,POINT (-87.670308065466 41.904189992605)
89798b50e1165db22e1a53fc47ccbf5d9abf519dcbe967e93dfcc6f20c08687cced3a4084fe7ec23212a9c3360134e65018259f1d72bc1687c933a2f498d8d46,,08/29/2025 11:00:00 AM,15,NO CONTROLS,NO CONTROLS,CLEAR,DAYLIGHT,SIDESWIPE OPPOSITE DIRECTION,NOT DIVIDED,,STRAIGHT AND LEVEL,DRY,NO DEFECTS,ON SCENE,NO INJURY / DRIVE AWAY,,,Y,"$501 - $1,500",08/29/2025 11:00:00 AM,FAILING TO REDUCE SPEED TO AVOID CRASH,DRIVING SKILLS/KNOWLEDGE/EXPERIENCE,2313,N,NORMANDY AVE,2512,,,,,,,2,NO INDICATION OF INJURY,0,0,0,0,0,2,0,11,6,8,41.9215862346,-87.7921991657,POINT (-87.792199165729 41.921586234601)
3510efabda635f6ffa799824367368dfd8895911d48872e9581e42ae999c2e95d475cf42147fa1220bd7dbf2e7015f198c91bc0073a7bc2dac7a252619f3a513,Y,08/29/2025 10:55:00 AM,30,TRAFFIC SIGNAL,FUNCTIONING PROPERLY,CLEAR,DAYLIGHT,FIXED OBJECT,DIVIDED - W/MEDIAN BARRIER,,STRAIGHT AND LEVEL,DRY,NO DEFECTS,NOT ON SCENE (DESK REPORT),INJURY AND / OR TOW DUE TO CRASH,,,,"OVER $1,500",08/29/2025 10:55:00 AM,UNDER THE INFLUENCE OF ALCOHOL/DRUGS (USE WHEN ARREST IS EFFECTED),UNDER THE INFLUENCE OF ALCOHOL/DRUGS (USE WHEN ARREST IS EFFECTED),4410,W,LAKE ST,1113,,,,,,,1,NO INDICATION OF INJURY,0,0,0,0,0,2,0,10,6,8,41.886162408,-87.7361395781,POINT (-87.736139578125 41.886162407992)
c8288d4ca833289fedc39b3685d4b328a66fcc9549ce158321f2283eeb6d0eab957b0722e6bca081caa4974b479eb7358b3a828c73d0c82cb9620b1edb0d43d0,,08/29/2025 10:54:00 AM,25,NO CONTROLS,NO CONTROLS,CLEAR,DAYLIGHT,OTHER OBJECT,NOT DIVIDED,,STRAIGHT AND LEVEL,DRY,NO DEFECTS,ON SCENE,NO INJURY / DRIVE AWAY,,,,"OVER $1,500",08/29/2025 10:58:00 AM,NOT APPLICABLE,NOT APPLICABLE,1535,E,87TH ST,412,,,,,,,2,NO INDICATION OF INJURY,0,0,0,0,0,1,0,10,6,8,41.7367890112,-87.5867312988,POINT (-87.586731298753 41.73678901123)
bdf660afd809b6eabbbe4478717cf7d21cfad5ca0c2a5ed8550ba3708579727e14a7d6d88e947d2f848336e9c77cec214b8b4c38e915e91070ed9c65a9198749,,08/29/2025 10:45:00 AM,30,NO CONTROLS,NO CONTROLS,UNKNOWN,UNKNOWN,REAR END,DIVIDED - W/MEDIAN (NOT RAISED),,STRAIGHT AND LEVEL,UNKNOWN,UNKNOWN,NOT ON SCENE (DESK REPORT),NO INJURY / DRIVE AWAY,,,,"$501 - $1,500",08/29/2025 01:15:00 PM,FOLLOWING TOO CLOSELY,FOLLOWING TOO CLOSELY,798,N,PULASKI RD,1111,,,,,,,2,NO INDICATION OF INJURY,0,0,0,0,0,3,0,10,6,8,41.8952730984,-87.7262241731,POINT (-87.726224173135 41.895273098443)
50bf307e80319283510e77e7bc76c32954b7b1675f5b1648713e6924fe9b5adf2c7a2bdafd0017b6a71e991ad884b4283224bb14dfcda4399eaa07e2a7867dda,,08/29/2025 10:40:00 AM,30,NO CONTROLS,NO CONTROLS,CLEAR,DAYLIGHT,REAR END,NOT DIVIDED,,STRAIGHT AND LEVEL,UNKNOWN,UNKNOWN,ON SCENE,NO INJURY / DRIVE AWAY,,,,"$501 - $1,500",08/29/2025 10:45:00 AM,FOLLOWING TOO CLOSELY,NOT APPLICABLE,802,S,KEDZIE AVE,1134,,,,,,,2,NO INDICATION OF INJURY,0,0,0,0,0,3,0,10,6,8,41.870844129,-87.7059680232,POINT (-87.705968023155 41.870844129003)
8a46cbffcb198b47538a8d67881e30d2053b3778b786110ba9f68c650c301205b976dcc263c51c1143fe4bad74576be37ef326b6a38e323c8952eae0c92c5da3,,08/29/2025 10:35:00 AM,30,TRAFFIC SIGNAL,FUNCTIONING PROPERLY,CLEAR,DAYLIGHT,PEDALCYCLIST,NOT DIVIDED,,STRAIGHT AND LEVEL,DRY,NO DEFECTS,ON SCENE,INJURY AND / OR TOW DUE TO CRASH,Y,,,"OVER $1,500",08/29/2025 10:36:00 AM,FAILING TO REDUCE SPEED TO AVOID CRASH,UNABLE TO DETERMINE,1201,W,WASHINGTON BLVD,1224,,,N,,,,2,INCAPACITATING INJURY,1,0,1,0,0,1,0,10,6,8,41.8828727959,-87.6567461959,POINT (-87.656746195893 41.882872795851)
1e89c8f1b985bebbd05a6dfdcef0617daf9697da4027e046719de58b4f76a038df517e45dcd1daba3f0d5e70dad1108deee4c7038776e54f3b8c775a99ffdfd0,,08/29/2025 10:30:00 AM,40,NO CONTROLS,NO CONTROLS,CLEAR,DAYLIGHT,SIDESWIPE SAME DIRECTION,DIVIDED - W/MEDIAN (NOT RAISED),,STRAIGHT AND LEVEL,DRY,NO DEFECTS,ON SCENE,NO INJURY / DRIVE AWAY,,,Y,"OVER $1,500",08/29/2025 10:45:00 AM,IMPROPER OVERTAKING/PASSING,DISREGARDING ROAD MARKINGS,4000,N,LAKE SHORE DR SB,1915,,,,,,,2,NO INDICATION OF INJURY,0,0,0,0,0,2,0,10,6,8,41.9546892413,-87.6449746442,POINT (-87.644974644209 41.954689241342)
511e0858c769c73f5f25ef9ccf62ae20e9f6cfd982ee2fddbe208e3d4c90d6beb4c504f8183a35bbe41a0e5b538696e9c75d134ca863fae39bb8930e8167dc16,,08/29/2025 10:30:00 AM,10,NO CONTROLS,NO CONTROLS,CLEAR,DAYLIGHT,PEDESTRIAN,DRIVEWAY,,STRAIGHT AND LEVEL,DRY,NO DEFECTS,ON SCENE,INJURY AND / OR TOW DUE TO CRASH,,Y,,$500 OR LESS,08/29/2025 10:34:00 AM,FAILING TO YIELD RIGHT-OF-WAY,NOT APPLICABLE,2960,N,LAKE SHORE DR,1934,,,,,,,2,INCAPACITATING INJURY,1,0,1,0,0,1,0,10,6,8,41.9361716486,-87.6369390523,POINT (-87.636939052257 41.936171648588)
5a277d88c886b112d8272d367ddbc5047b2a8207220559b25945181db6ab7a5369d615c835f7ff3529e9a46037a87254f475fde386b24cb57d8b9e53a244796c,,08/29/2025 10:26:00 AM,30,NO CONTROLS,NO CONTROLS,CLEAR,DAYLIGHT,SIDESWIPE SAME DIRECTION,DIVIDED - W/MEDIAN BARRIER,,STRAIGHT AND LEVEL,DRY,NO DEFECTS,NOT ON SCENE (DESK REPORT),NO INJURY / DRIVE AWAY,,,Y,"OVER $1,500",08/29/2025 11:25:00 AM,UNABLE TO DETERMINE,NOT APPLICABLE,1000,N,LAKE SHORE DR SB,1824,,,,,,,2,NO INDICATION OF INJURY,0,0,0,0,0,2,0,10,6,8,41.9009589191,-87.6199281737,POINT (-87.619928173678 41.900958919109)
0cc913c57c98cc07ab3fc49ffbf6c5dba09f319962e81c348af81139a7e06ea6d18fbecf5e48f842b1dfd8572a7feb5d719ff3ffbab2c4e179a4a2c16369df93,,08/29/2025 10:13:00 AM,30,NO CONTROLS,NO CONTROLS,CLEAR,DAYLIGHT,SIDESWIPE SAME DIRECTION,NOT DIVIDED,,STRAIGHT AND LEVEL,DRY,UNKNOWN,NOT ON SCENE (DESK REPORT),NO INJURY / DRIVE AWAY,N,,,"OVER $1,500",08/29/2025 11:23:00 AM,DRIVING SKILLS/KNOWLEDGE/EXPERIENCE,UNABLE TO DETERMINE,4800,S,CHICAGO BEACH DR,222,,,,,,,2,NO INDICATION OF INJURY,0,0,0,0,0,2,0,10,6,8,41.8072543927,-87.5866743554,POINT (-87.58667435538 41.807254392729)
49ff926652048121cefbe8bc7e95440c591afd64de16e36f5e2fa8651bb5256ed7f8fa08cd3396ca298c9d24b1c88b4fb882ca321b019111dcfd9c4161a449ce,,08/29/2025 10:12:00 AM,25,TRAFFIC SIGNAL,FUNCTIONING PROPERLY,CLEAR,DAYLIGHT,REAR END,DIVIDED - W/MEDIAN (NOT RAISED),,STRAIGHT AND LEVEL,DRY,UNKNOWN,NOT ON SCENE (DESK REPORT),NO INJURY / DRIVE AWAY,,,Y,"OVER $1,500",08/29/2025 10:40:00 AM,UNABLE TO DETERMINE,NOT APPLICABLE,2201,S,ALBANY AVE,1033,,,,,,,2,NO INDICATION OF INJURY,0,0,0,0,0,3,0,10,6,8,41.851715959,-87.7026581075,POINT (-87.70265810748 41.851715958993)
45e290ca036e7fdf4d6ba57a3ebce35e40f2f10cc9dd52b35479d9bc613501375dfdc2f6880763ad354f40c4fc1392e33dfb93ac6dae0655fbd6b5a606f9c5df,,08/29/2025 10:10:00 AM,30,UNKNOWN,UNKNOWN,UNKNOWN,UNKNOWN,SIDESWIPE SAME DIRECTION,NOT DIVIDED,,STRAIGHT AND LEVEL,UNKNOWN,UNKNOWN,NOT ON SCENE (DESK REPORT),NO INJURY / DRIVE AWAY,,,Y,$500 OR LESS,08/29/2025 01:38:00 PM,UNABLE TO DETERMINE,UNABLE TO DETERMINE,6600,N,SHERIDAN RD,2432,,,,,,,2,NO INDICATION OF INJURY,0,0,0,0,0,2,0,10,6,8,42.0025963825,-87.6609322045,POINT (-87.660932204503 42.002596382533)
49b77b22c6a9aabd866a6532d921343bde2a1041bb9e919dc8fd93e97ff929d57b8a1cead13898953a1b83758a115e69e11a262e10aa90839848f0baa85473b4,,08/29/2025 10:00:00 AM,30,NO CONTROLS,NO CONTROLS,CLEAR,DAYLIGHT,SIDESWIPE SAME DIRECTION,NOT DIVIDED,,STRAIGHT AND LEVEL,DRY,NO DEFECTS,NOT ON SCENE (DESK REPORT),NO INJURY / DRIVE AWAY,,,,"OVER $1,500",08/29/2025 02:30:00 PM,UNABLE TO DETERMINE,NOT APPLICABLE,5251,N,KEDZIE AVE,1712,,,,,,,2,NO INDICATION OF INJURY,0,0,0,0,0,2,0,10,6,8,41.9771280273,-87.7085689931,POINT (-87.708568993112 41.977128027279)
a67bedc7d035f6fa2a5ab330e60305f375ae0e966ab63ce0ccfd4bd36d2751be12183a4044c4024131e0faa9c1e5083d166756796954cbdfda8d2cca23d23df2,,08/29/2025 09:57:00 AM,30,TRAFFIC SIGNAL,NO CONTROLS,CLEAR,DAYLIGHT,REAR TO FRONT,NOT DIVIDED,,STRAIGHT AND LEVEL,DRY,NO DEFECTS,NOT ON SCENE (DESK REPORT),NO INJURY / DRIVE AWAY,Y,,,"$501 - $1,500",08/31/2025 01:25:00 PM,IMPROPER BACKING,UNABLE TO DETERMINE,6900,W,DEVON AVE,1611,,,,,,,2,NO INDICATION OF INJURY,0,0,0,0,0,2,0,9,6,8,41.9969245047,-87.7988618973,POINT (-87.798861897283 41.996924504723)
95bda081c1add5e08916e9a2a190464f42604aae7a59958844160844c854e9a4a694b9dff503c0f5fd58ff24b5a31c1f51f7af642bf1a5fc6f1887c1acf9a9db,,08/29/2025 09:51:00 AM,30,NO CONTROLS,NO CONTROLS,CLEAR,DAYLIGHT,FIXED OBJECT,PARKING LOT,,STRAIGHT AND LEVEL,DRY,NO DEFECTS,ON SCENE,NO INJURY / DRIVE AWAY,,,,"OVER $1,500",08/29/2025 01:09:00 PM,IMPROPER TURNING/NO SIGNAL,NOT APPLICABLE,3101,S,WOOD ST,912,,,,,,,1,NO INDICATION OF INJURY,0,0,0,0,0,1,0,9,6,8,41.8376740157,-87.6704167288,POINT (-87.670416728826 41.837674015666)
a5aa03c72e6d22403504b582bf78e0a1faff361086522328509626e13c127bfe5ca33722715c07b3fc4d621c527d162c5d8aa53281edc3ba0a9c5f3742fd3410,,08/29/2025 09:50:00 AM,30,NO CONTROLS,NO CONTROLS,CLEAR,DAYLIGHT,PEDALCYCLIST,NOT DIVIDED,,STRAIGHT AND LEVEL,DRY,NO DEFECTS,ON SCENE,INJURY AND / OR TOW DUE TO CRASH,,,Y,$500 OR LESS,08/29/2025 09:55:00 AM,IMPROPER OVERTAKING/PASSING,NOT APPLICABLE,4498,S,WESTERN BLVD,922,,,,,,,2,NONINCAPACITATING INJURY,1,0,0,1,0,1,0,9,6,8,41.8121337186,-87.684111808,POINT (-87.684111808048 41.812133718608)
92a11b49fa67d451c8b2d057e719dc7e171c2e1124eb4a973c57e8cfa75538d10910f9388c778b9245685731361bf970db1aa1409869d6422ab3a2ca9f9d9140,,08/29/2025 09:45:00 AM,30,OTHER,FUNCTIONING PROPERLY,CLEAR,DAYLIGHT,REAR END,DIVIDED - W/MEDIAN (NOT RAISED),,STRAIGHT AND LEVEL,DRY,NO DEFECTS,ON SCENE,NO INJURY / DRIVE AWAY,,,,"OVER $1,500",08/29/2025 09:50:00 AM,FOLLOWING TOO CLOSELY,FOLLOWING TOO CLOSELY,5263,W,NORTH AVE,2532,,,,,,,2,NO INDICATION OF INJURY,0,0,0,0,0,3,0,9,6,8,41.9093634201,-87.757986484,POINT (-87.757986483975 41.909363420138)
0e85f5d65e4202581693a27449716668855c2058e7baa0a354689a7a9d9b977c1369d5965bcc78f1911ab0a6e7900d9cc08405f8c1e4811275c7c47197e18f42,,08/29/2025 09:40:00 AM,35,STOP SIGN/FLASHER,FUNCTIONING PROPERLY,CLEAR,DAYLIGHT,ANGLE,ONE-WAY,,STRAIGHT AND LEVEL,DRY,NO DEFECTS,ON SCENE,INJURY AND / OR TOW DUE TO CRASH,Y,,,"OVER $1,500",08/29/2025 09:45:00 AM,UNABLE TO DETERMINE,DRIVING SKILLS/KNOWLEDGE/EXPERIENCE,6058,S,CAMPBELL AVE,825,,,,,,,2,"REPORTED, NOT EVIDENT",1,0,0,0,1,1,0,9,6,8,41.7829641274,-87.6863364133,POINT (-87.686336413342 41.782964127404)
a6f1ca085f13d968552e4bcdd6609b7ed4354dbd9a5ef3262b8f97883a601b32814209511977c5497137698c79038a7c3fb3daf1de22245120d419241df8c1df,,08/29/2025 09:40:00 AM,20,STOP SIGN/FLASHER,FUNCTIONING PROPERLY,CLEAR,DAYLIGHT,PEDALCYCLIST,NOT DIVIDED,,STRAIGHT AND LEVEL,DRY,NO DEFECTS,ON SCENE,INJURY AND / OR TOW DUE TO CRASH,,,,"$501 - $1,500",08/29/2025 09:43:00 AM,UNABLE TO DETERMINE,NOT APPLICABLE,3723,W,CORTLAND ST,2535,,,,,,,2,NONINCAPACITATING INJURY,1,0,0,1,0,1,0,9,6,8,41.9153078896,-87.720234259,POINT (-87.720234259046 41.915307889583)
b4bbc598219f4f51b2f54143d25bd97a8ab85e541d6a8efe97e827e1df43f614ca1ec5717c9035c0290e6a03e699ff86b8573a6116699597f284655be6726b64,,08/29/2025 09:31:00 AM,30,TRAFFIC SIGNAL,FUNCTIONING PROPERLY,CLEAR,DAYLIGHT,ANGLE,FOUR WAY,,STRAIGHT AND LEVEL,DRY,NO DEFECTS,ON SCENE,INJURY AND / OR TOW DUE TO CRASH,Y,,,"OVER $1,500",08/29/2025 09:44:00 AM,DISREGARDING TRAFFIC SIGNALS,UNABLE TO DETERMINE,5170,S,ARCHER AVE,815,,,,,,,2,NONINCAPACITATING INJURY,2,0,0,1,1,0,0,9,6,8,41.8003130261,-87.7331307958,POINT (-87.733130795786 41.800313026059)
3200dfeb586aad3b5e26ec63eb6f5d9317b0e32c28f298f8171bab3eab55ecc8f392eefcdf957dfb0d0b2f0e45be68918f6689c28e23abd489bfbba0e1917c9c,,08/29/2025 09:30:00 AM,30,NO CONTROLS,NO CONTROLS,CLEAR,DAYLIGHT,PARKED MOTOR VEHICLE,NOT DIVIDED,,STRAIGHT AND LEVEL,DRY,NO DEFECTS,NOT ON SCENE (DESK REPORT),NO INJURY / DRIVE AWAY,,,Y,"OVER $1,500",08/29/2025 10:30:00 AM,UNABLE TO DETERMINE,UNABLE TO DETERMINE,7221,S,STEWART AVE,731,,,,,,,2,NO INDICATION OF INJURY,0,0,0,0,0,1,0,9,6,8,41.7628905008,-87.6344604972,POINT (-87.634460497153 41.762890500804)
9aaaf8e67ffdabfdec9f17c1a3980b786b09eaa4e18511828ab2f33a9711dd5c8a5595e307005d7550ed83ddb43b917670c7bfdf8ca3987952186f238d3b8d6d,,08/29/2025 09:30:00 AM,30,NO CONTROLS,NO CONTROLS,CLEAR,DAYLIGHT,SIDESWIPE SAME DIRECTION,NOT DIVIDED,,STRAIGHT AND LEVEL,DRY,NO DEFECTS,NOT ON SCENE (DESK REPORT),NO INJURY / DRIVE AWAY,,,,"OVER $1,500",08/29/2025 03:00:00 PM,IMPROPER LANE USAGE,IMPROPER LANE USAGE,415,E,PERSHING RD,214,,,,,,,2,NO INDICATION OF INJURY,0,0,0,0,0,2,0,9,6,8,41.8237374009,-87.6161383213,POINT (-87.616138321251 41.823737400944)
da417baea337a58c1528c9d2e0fc8cbd5287fa90ccd608658cb3bbbe20c733290e1a860050af4c5eb0fb18f1d81de2fcc5c591151dd351926342de32191b5146,,08/29/2025 09:27:00 AM,30,NO CONTROLS,NO CONTROLS,CLEAR,DAYLIGHT,TURNING,NOT DIVIDED,,STRAIGHT AND LEVEL,DRY,NO DEFECTS,NOT ON SCENE (DESK REPORT),NO INJURY / DRIVE AWAY,,,,"OVER $1,500",08/29/2025 10:22:00 AM,IMPROPER TURNING/NO SIGNAL,IMPROPER OVERTAKING/PASSING,4357,W,IRVING PARK RD,1731,,,,,,,2,NO INDICATION OF INJURY,0,0,0,0,0,2,0,9,6,8,41.9534248847,-87.7377146489,POINT (-87.737714648872 41.953424884676)
13c4504f72ebff2a5f0938285a2747ad052d736332ca91a9fe91f01876299461ebe53ba4ed60f09809f0e9e60c339ef512598a9ffb37db51f520ff20a91ec6db,,08/29/2025 09:15:00 AM,30,NO CONTROLS,NO CONTROLS,CLEAR,DAYLIGHT,PARKED MOTOR VEHICLE,NOT DIVIDED,,STRAIGHT AND LEVEL,DRY,NO DEFECTS,NOT ON SCENE (DESK REPORT),NO INJURY / DRIVE AWAY,,,,"$501 - $1,500",08/29/2025 10:50:00 AM,UNABLE TO DETERMINE,NOT APPLICABLE,3700,N,MAGNOLIA AVE,1923,,,,,,,2,NO INDICATION OF INJURY,0,0,0,0,0,1,0,9,6,8,41.9490500126,-87.6605826415,POINT (-87.660582641519 41.949050012645)
233a691adbf1c3625a31abcc7b9f7a4b2dc91d691eafdb06d9dc7ce8c6104364b0dacd5c6e3b0e3b783b6c5737e5cc6c250aa3f118b8103d71b5360252ff4df8,,08/29/2025 09:00:00 AM,20,NO CONTROLS,NO CONTROLS,CLEAR,DAYLIGHT,PARKED MOTOR VEHICLE,ONE-WAY,,STRAIGHT AND LEVEL,DRY,NO DEFECTS,NOT ON SCENE (DESK REPORT),NO INJURY / DRIVE AWAY,,,,"OVER $1,500",08/29/2025 11:35:00 AM,UNABLE TO DETERMINE,UNABLE TO DETERMINE,6055,S,RUTHERFORD AVE,812,,,,,,,2,NO INDICATION OF INJURY,0,0,0,0,0,1,0,9,6,8,41.7814196445,-87.789807017,POINT (-87.789807017037 41.781419644502)
843b5cca72609fc96e095e7ad3aa29f7c28079ea2a7ffcc161077d2a41278243b6cad8b4ac23f01b8264afad1207df326efe1d5d7feac3b77dfdb5c076da60f3,,08/29/2025 08:56:00 AM,30,NO CONTROLS,NO CONTROLS,CLEAR,DAYLIGHT,FIXED OBJECT,DIVIDED - W/MEDIAN BARRIER,,STRAIGHT AND LEVEL,DRY,NO DEFECTS,ON SCENE,NO INJURY / DRIVE AWAY,,,,"OVER $1,500",08/29/2025 08:57:00 AM,ROAD CONSTRUCTION/MAINTENANCE,NOT APPLICABLE,331,N,AUSTIN BLVD,1512,,,,Y,CONSTRUCTION,N,1,NO INDICATION OF INJURY,0,0,0,0,0,1,0,8,6,8,41.8864770965,-87.7747145669,POINT (-87.774714566858 41.886477096483)
9fc6b75a86d9b83df5527398d1800cc30413fcc3b5949532619a488738b7acca99d8780dafd81383e3352a9623c688551534ecb6e07d8f35edc68d0f93ececb3,,08/29/2025 08:55:00 AM,30,NO CONTROLS,NO CONTROLS,CLEAR,DAYLIGHT,SIDESWIPE SAME DIRECTION,NOT DIVIDED,,STRAIGHT AND LEVEL,DRY,NO DEFECTS,NOT ON SCENE (DESK REPORT),NO INJURY / DRIVE AWAY,,,,"OVER $1,500",08/29/2025 09:31:00 AM,IMPROPER OVERTAKING/PASSING,NOT APPLICABLE,556,S,CLARK ST,123,,,,,,,2,NO INDICATION OF INJURY,0,0,0,0,0,2,0,8,6,8,41.8746079338,-87.6308243942,POINT (-87.630824394155 41.874607933809)
c15f6f6928f49948d5e61db629c65ad567efc2712a3ce82ee25ac881147c7b1e010086d38a31fe9c48327e0aeaf9869f8fcd7a4315940524936bfd932fc3cbb5,Y,08/29/2025 08:55:00 AM,30,NO CONTROLS,NO CONTROLS,CLEAR,DAYLIGHT,REAR END,NOT DIVIDED,,STRAIGHT ON GRADE,DRY,NO DEFECTS,ON SCENE,NO INJURY / DRIVE AWAY,,,,"OVER $1,500",08/29/2025 08:58:00 AM,FOLLOWING TOO CLOSELY,NOT APPLICABLE,3969,S,ASHLAND AVE,924,,,,,,,2,NO INDICATION OF INJURY,0,0,0,0,0,3,0,8,6,8,41.8208585077,-87.6651080947,POINT (-87.66510809468 41.820858507727)