CRASH_RECORD_ID,CRASH_DATE_EST_I,CRASH_DATE,POSTED_SPEED_LIMIT,TRAFFIC_CONTROL_DEVICE,DEVICE_CONDITION,WEATHER_CONDITION,LIGHTING_CONDITION,FIRST_CRASH_TYPE,TRAFFICWAY_TYPE,LANE_CNT,ALIGNMENT,ROADWAY_SURFACE_COND,ROAD_DEFECT,REPORT_TYPE,CRASH_TYPE,INTERSECTION_RELATED_I,NOT_RIGHT_OF_WAY_I,HIT_AND_RUN_I,DAMAGE,DATE_POLICE_NOTIFIED,PRIM_CONTRIBUTORY_CAUSE,SEC_CONTRIBUTORY_CAUSE,STREET_NO,STREET_DIRECTION,STREET_NAME,BEAT_OF_OCCURRENCE,PHOTOS_TAKEN_I,STATEMENTS_TAKEN_I,DOORING_I,WORK_ZONE_I,WORK_ZONE_TYPE,WORKERS_PRESENT_I,NUM_UNITS,MOST_SEVERE_INJURY,INJURIES_TOTAL,INJURIES_FATAL,INJURIES_INCAPACITATING,INJURIES_NON_INCAPACITATING,INJURIES_REPORTED_NOT_EVIDENT,INJURIES_NO_INDICATION,INJURIES_UNKNOWN,CRASH_HOUR,CRASH_DAY_OF_WEEK,CRASH_MONTH,LATITUDE,LONGITUDE,LOCATION
c694575b3cd32980011cec086884604ba5703df546835cfb378b3e0fef54ff225999c6429565d351c8599eb31da2f4ac6c63f122cd5f8f867d7e237746fe2896,,08/29/2025 08:55:00 AM,25,STOP SIGN/FLASHER,FUNCTIONING PROPERLY,CLEAR,DAYLIGHT,ANGLE,NOT DIVIDED,,STRAIGHT AND LEVEL,DRY,UNKNOWN,ON SCENE,INJURY AND / OR TOW DUE TO CRASH,Y,,,"OVER $1,500",08/29/2025 08:59:00 AM,"OPERATING VEHICLE IN ERRATIC, RECKLESS, CARELESS, NEGLIGENT OR AGGRESSIVE MANNER",NOT APPLICABLE,500,E,67TH ST,321,Y,Y,,,,,2,NO INDICATION OF INJURY,0,0,0,0,0,2,0,8,6,8,41.7731231953,-87.6129877079,POINT (-87.612987707912 41.773123195334)
c92d6b5fb50aae61db1dad4b3340be301613efbdbdfad73394c52f956162197d0030715c8d4c9bb12c94e3766a91fe3c12cdbdb3cd277102eb0f261d542baafb,,08/29/2025 08:52:00 AM,30,NO CONTROLS,NO CONTROLS,CLEAR,DAYLIGHT,REAR END,NOT DIVIDED,,STRAIGHT AND LEVEL,DRY,NO DEFECTS,ON SCENE,INJURY AND / OR TOW DUE TO CRASH,,,,"OVER $1,500",08/29/2025 09:03:00 AM,DRIVING SKILLS/KNOWLEDGE/EXPERIENCE,NOT APPLICABLE,2456,W,FULLERTON AVE,1431,,,,,,,2,NO INDICATION OF INJURY,0,0,0,0,0,2,0,8,6,8,41.924987539,-87.6899628802,POINT (-87.689962880196 41.924987539021)
f5659c21664b9a98b072590b978a1ba9d26430efe19ba5db5423f0bbbe2bb0e9249f46b3ff84e838f20f869aeed2fef32bf09c1a7a7f1ef4c5363389c28dbc27,,08/29/2025 08:45:00 AM,30,NO CONTROLS,NO CONTROLS,CLEAR,DAYLIGHT,SIDESWIPE SAME DIRECTION,DIVIDED - W/MEDIAN BARRIER,,"CURVE, LEVEL",DRY,NO DEFECTS,NOT ON SCENE (DESK REPORT),NO INJURY / DRIVE AWAY,,,Y,"$501 - $1,500",08/29/2025 09:45:00 AM,IMPROPER LANE USAGE,UNABLE TO DETERMINE,4445,N,CICERO AVE,1722,,,,,,,2,NO INDICATION OF INJURY,0,0,0,0,0,2,0,8,6,8,41.961999009,-87.7474320115,POINT (-87.747432011456 41.961999009033)
06e19fdead42d95d6d76ef6e8cf5bbc1052c216fb036cb35800e765bfaa3394698f2dd901627eae54edfcb84e9c5e9a52c42e37d38abb6e03db9ee8a412b76d3,,08/29/2025 08:44:00 AM,30,NO CONTROLS,NO CONTROLS,CLEAR,DAYLIGHT,PARKED MOTOR VEHICLE,NOT DIVIDED,,STRAIGHT AND LEVEL,DRY,UNKNOWN,NOT ON SCENE (DESK REPORT),NO INJURY / DRIVE AWAY,,,Y,$500 OR LESS,08/29/2025 11:00:00 AM,FAILING TO YIELD RIGHT-OF-WAY,IMPROPER OVERTAKING/PASSING,7020,W,NORTH AVE,2513,N,,,,,,2,NO INDICATION OF INJURY,0,0,0,0,0,2,0,8,6,8,41.9090512203,-87.8012294287,POINT (-87.801229428681 41.909051220253)
0b615f435c4d9de6ab65c365ca6525591c29bb62fb99823a7f3e9713c48d872a928f3f2e7a41a3645432730a78dd22a5990fc51e992fc796667da14dd9b53057,,08/29/2025 08:41:00 AM,30,STOP SIGN/FLASHER,FUNCTIONING PROPERLY,CLEAR,DAYLIGHT,TURNING,FOUR WAY,,STRAIGHT AND LEVEL,DRY,NO DEFECTS,ON SCENE,INJURY AND / OR TOW DUE TO CRASH,Y,,,"OVER $1,500",08/29/2025 08:42:00 AM,IMPROPER TURNING/NO SIGNAL,UNABLE TO DETERMINE,2243,W,MARQUETTE RD,832,,,,,,,2,"REPORTED, NOT EVIDENT",1,0,0,0,1,3,0,8,6,8,41.7718820622,-87.6805751649,POINT (-87.680575164895 41.771882062166)
00eb4011d5c13d71e980c5c1e8703ddfca0fa12745d7326637670c590b642142a19f584285f5d35363b48aac3056c51eda3bf2b32ac903e40bdce870f57c161c,,08/29/2025 08:30:00 AM,30,NO CONTROLS,NO CONTROLS,CLEAR,DAYLIGHT,REAR END,NOT DIVIDED,,STRAIGHT AND LEVEL,DRY,NO DEFECTS,NOT ON SCENE (DESK REPORT),NO INJURY / DRIVE AWAY,,,Y,"OVER $1,500",08/29/2025 04:39:00 PM,UNABLE TO DETERMINE,NOT APPLICABLE,11500,S,ADA ST,524,,,,,,,2,NO INDICATION OF INJURY,0,0,0,0,0,2,0,8,6,8,41.6848092252,-87.6556664581,POINT (-87.655666458092 41.684809225228)
1bb24b7d3fe716af496daf79ff4a2d21aced498118a6af2121a7d97d5cb8dbdf1a566e37f9e61b1967d7073589ba904a6f1bf726b64d2f4ee55b3932d4d2cbc5,,08/29/2025 08:30:00 AM,30,UNKNOWN,UNKNOWN,CLEAR,DAYLIGHT,PARKED MOTOR VEHICLE,NOT DIVIDED,,STRAIGHT AND LEVEL,UNKNOWN,UNKNOWN,NOT ON SCENE (DESK REPORT),NO INJURY / DRIVE AWAY,,,Y,"OVER $1,500",08/29/2025 05:50:00 PM,UNABLE TO DETERMINE,UNABLE TO DETERMINE,200,S,RACINE AVE,1231,,,,,,,2,NO INDICATION OF INJURY,0,0,0,0,0,1,0,8,6,8,41.8790107233,-87.657200592,POINT (-87.657200591996 41.879010723339)
56e1bf577c21cc2547f2c04c775c62fad9d42abe03530d79ed630004137630650f7dd2d60f56da897013448b9ec026474790bc13353fd89297983faf1aef0657,,08/29/2025 08:30:00 AM,30,NO CONTROLS,NO CONTROLS,CLEAR,DAYLIGHT,SIDESWIPE SAME DIRECTION,DIVIDED - W/MEDIAN (NOT RAISED),,STRAIGHT AND LEVEL,DRY,NO DEFECTS,ON SCENE,NO INJURY / DRIVE AWAY,,,,"$501 - $1,500",08/29/2025 08:40:00 AM,IMPROPER LANE USAGE,NOT APPLICABLE,4510,N,WESTERN AVE,1911,,,,,,,2,NO INDICATION OF INJURY,0,0,0,0,0,2,0,8,6,8,41.9635121686,-87.6888942592,POINT (-87.688894259151 41.963512168616)
888444ddab6b22a5151777bc77218ac3009053d714aba8c23a9fc6603d247df41c7fc89c737843b7b938e5f3d9cef8e47f52f69de4ddbd9bcaa03271e6f62505,,08/29/2025 08:30:00 AM,30,NO CONTROLS,NO CONTROLS,CLEAR,DAYLIGHT,PARKED MOTOR VEHICLE,UNKNOWN,,STRAIGHT AND LEVEL,DRY,NO DEFECTS,NOT ON SCENE (DESK REPORT),NO INJURY / DRIVE AWAY,,,Y,"OVER $1,500",08/29/2025 09:20:00 PM,UNABLE TO DETERMINE,NOT APPLICABLE,2400,S,WASHTENAW AVE,1034,,,,,,,2,NO INDICATION OF INJURY,0,0,0,0,0,1,0,8,6,8,41.848262968,-87.6930393077,POINT (-87.693039307731 41.848262968018)
9cc261a1fcd0413a7f222bb70dce5730b0f0217185784916f03116dc325907d8379087ad5ea1ff1931010e4708fcb24729fc7b3e2f9c8ef65aef018f8fc27655,,08/29/2025 08:30:00 AM,35,UNKNOWN,UNKNOWN,CLEAR,DAYLIGHT,PEDESTRIAN,NOT DIVIDED,,STRAIGHT AND LEVEL,DRY,NO DEFECTS,ON SCENE,NO INJURY / DRIVE AWAY,Y,,,$500 OR LESS,08/29/2025 08:30:00 AM,UNABLE TO DETERMINE,UNABLE TO DETERMINE,10700,S,KEDZIE AVE,2211,,,,,,,2,NO INDICATION OF INJURY,0,0,0,0,0,2,0,8,6,8,41.6987770221,-87.7012256089,POINT (-87.701225608923 41.698777022064)
55e6f1dbc7a4f5f0826138c1da66cb2592b819e1f3e402a782e48c0191807257d1eec41e69110bd443ecfcdfbe863e389b312b3e0d9e234ebcbafbd90839b12c,,08/29/2025 08:28:00 AM,25,NO CONTROLS,NO CONTROLS,CLEAR,DAYLIGHT,PARKED MOTOR VEHICLE,NOT DIVIDED,,STRAIGHT AND LEVEL,UNKNOWN,UNKNOWN,NOT ON SCENE (DESK REPORT),NO INJURY / DRIVE AWAY,,,,"$501 - $1,500",08/29/2025 09:00:00 AM,UNABLE TO DETERMINE,NOT APPLICABLE,6358,N,LAKEWOOD AVE,2433,,,,,,,2,NO INDICATION OF INJURY,0,0,0,0,0,1,0,8,6,8,41.9980598686,-87.6631896564,POINT (-87.663189656359 41.998059868629)
dd539ea2c02adc4583aecb7ca27d2c911f1c843f91f8246098bc50a16c93c5eec20860e86e914ea6efdb47f863dd9d9459a458c26c2a3a51e7b714abcc6e5fe7,,08/29/2025 08:27:00 AM,25,NO CONTROLS,NO CONTROLS,CLEAR,DAYLIGHT,PARKED MOTOR VEHICLE,NOT DIVIDED,,STRAIGHT AND LEVEL,DRY,NO DEFECTS,ON SCENE,NO INJURY / DRIVE AWAY,,,Y,"OVER $1,500",08/29/2025 08:44:00 AM,IMPROPER OVERTAKING/PASSING,NOT APPLICABLE,650,E,85TH ST,632,,,,,,,2,NO INDICATION OF INJURY,0,0,0,0,0,1,0,8,6,8,41.7403671139,-87.6079228884,POINT (-87.607922888397 41.740367113878)
29d20d45fd765498c220207e0f00dbd17cfa84afa1434d1e6505be3f44d60b557c5fbd705ccbf36fa163c33486d023e34debe74ff7fdb4414392f6f2ad31ce8e,,08/29/2025 08:21:00 AM,30,TRAFFIC SIGNAL,FUNCTIONING PROPERLY,CLEAR,DAYLIGHT,REAR END,DIVIDED - W/MEDIAN BARRIER,,STRAIGHT AND LEVEL,DRY,NO DEFECTS,ON SCENE,INJURY AND / OR TOW DUE TO CRASH,,,,"OVER $1,500",08/29/2025 08:45:00 AM,FOLLOWING TOO CLOSELY,DRIVING SKILLS/KNOWLEDGE/EXPERIENCE,5759,N,WESTERN AVE,2012,,,,,,,3,NO INDICATION OF INJURY,0,0,0,0,0,4,0,8,6,8,41.9867234901,-87.6893988525,POINT (-87.689398852517 41.986723490089)
4e20299ce86d28ca2f5304efc6a608a4295bbee1237c3453ec0cfbd6a3e8ad5f9c23158fbaccf01541698c7149d7d21168c2bb51136e479cc3672a4c7febdaaa,,08/29/2025 08:15:00 AM,30,STOP SIGN/FLASHER,FUNCTIONING PROPERLY,CLEAR,DAYLIGHT,REAR TO FRONT,NOT DIVIDED,,STRAIGHT AND LEVEL,UNKNOWN,UNKNOWN,NOT ON SCENE (DESK REPORT),NO INJURY / DRIVE AWAY,,,,"$501 - $1,500",08/29/2025 09:30:00 AM,UNABLE TO DETERMINE,UNABLE TO DETERMINE,4818,S,HAMLIN AVE,821,,,,,,,2,NO INDICATION OF INJURY,0,0,0,0,0,4,0,8,6,8,41.8053914659,-87.718751034,POINT (-87.718751034022 41.805391465857)
592a1c676b0aa2fb2e6e275dc775bc5eb2ed79b9cee05b047fb70fcba4f19ff9b9611895fad3ff03e05606995ca9a94f5bbf382d1ce7d9cefc5a1652fab3f603,,08/29/2025 08:10:00 AM,30,NO CONTROLS,NO CONTROLS,CLEAR,DAYLIGHT,REAR END,NOT DIVIDED,,STRAIGHT AND LEVEL,DRY,NO DEFECTS,NOT ON SCENE (DESK REPORT),NO INJURY / DRIVE AWAY,,,,"OVER $1,500",08/29/2025 09:00:00 AM,FOLLOWING TOO CLOSELY,NOT APPLICABLE,2449,W,NORTH AVE,1423,,,,,,,2,NO INDICATION OF INJURY,0,0,0,0,0,2,0,8,6,8,41.910188976,-87.6891632163,POINT (-87.689163216293 41.910188976035)
69731410d37d51049626276ab641d92a0fb978f116d2ec3091dcd18fe05f6190099fe0ace24f32d5e15892539f1878428bb722b3190be01ee40e39e4a6caa0ec,,08/29/2025 08:09:00 AM,30,STOP SIGN/FLASHER,FUNCTIONING PROPERLY,CLEAR,DAYLIGHT,SIDESWIPE SAME DIRECTION,NOT DIVIDED,,STRAIGHT AND LEVEL,DRY,NO DEFECTS,NOT ON SCENE (DESK REPORT),NO INJURY / DRIVE AWAY,,,Y,"OVER $1,500",08/29/2025 08:55:00 AM,IMPROPER OVERTAKING/PASSING,NOT APPLICABLE,1206,E,71ST ST,321,,,,,,,2,NO INDICATION OF INJURY,0,0,0,0,0,2,0,8,6,8,41.7660621294,-87.5955501889,POINT (-87.595550188912 41.766062129429)
3159886cad6b3c8c2ddf5198cfba078db2d8cc29c165521104283adf5310fc7426873ab6a8f7ba72ff4de7e92d2252a856b2101117a04acffb58efcdda1dc14d,,08/29/2025 08:08:00 AM,20,NO CONTROLS,NO CONTROLS,CLEAR,DAYLIGHT,PEDALCYCLIST,NOT DIVIDED,,STRAIGHT AND LEVEL,DRY,UNKNOWN,ON SCENE,NO INJURY / DRIVE AWAY,,,,"OVER $1,500",08/29/2025 08:13:00 AM,FAILING TO YIELD RIGHT-OF-WAY,NOT APPLICABLE,1034,N,WELLS ST,1823,,,,,,,2,NO INDICATION OF INJURY,0,0,0,0,0,2,0,8,6,8,41.9015515657,-87.6345374449,POINT (-87.634537444911 41.901551565679)
959bd6a7b499aa9bc8d1a007c099c2ce6a9edb51056546a9d9cc80f442b13f578ca87f1fd164fab9e612f1eb6eb4ff7146980859090b963281d1717738a81af4,,08/29/2025 08:05:00 AM,30,NO CONTROLS,NO CONTROLS,CLEAR,DAYLIGHT,REAR END,NOT DIVIDED,,STRAIGHT AND LEVEL,DRY,NO DEFECTS,NOT ON SCENE (DESK REPORT),NO INJURY / DRIVE AWAY,,,Y,"OVER $1,500",08/29/2025 08:44:00 AM,FOLLOWING TOO CLOSELY,NOT APPLICABLE,800,S,WELLS ST,123,,,,,,,2,NO INDICATION OF INJURY,0,0,0,0,0,2,0,8,6,8,41.8720863522,-87.6337184683,POINT (-87.633718468343 41.872086352207)
2c32724adadfbc743f57734dc2e8a7c6dff64033d32f92c715e8e43e57afcf90e5aec958ff22f490a4afa370166458af5012464b8b372772771db97fffff15b4,,08/29/2025 08:00:00 AM,30,NO CONTROLS,NO CONTROLS,CLEAR,DAYLIGHT,SIDESWIPE SAME DIRECTION,ONE-WAY,,STRAIGHT AND LEVEL,DRY,UNKNOWN,ON SCENE,NO INJURY / DRIVE AWAY,,,Y,"$501 - $1,500",08/29/2025 10:01:00 AM,FAILING TO REDUCE SPEED TO AVOID CRASH,UNABLE TO DETERMINE,1221,N,MONTICELLO AVE,2535,,,,,,,2,NO INDICATION OF INJURY,0,0,0,0,0,2,0,8,6,8,41.9033984988,-87.7176559673,POINT (-87.717655967262 41.903398498801)
6cb1aab8b6559991d127781ffec9001761e517fbb28e710b002efe3266a403856efafa6ec0e981557c6a73320ee1951b4073f1681d13ad221113c8b7267d3b8c,,08/29/2025 08:00:00 AM,30,UNKNOWN,UNKNOWN,UNKNOWN,UNKNOWN,REAR END,UNKNOWN,,STRAIGHT AND LEVEL,UNKNOWN,UNKNOWN,NOT ON SCENE (DESK REPORT),NO INJURY / DRIVE AWAY,,,,"OVER $1,500",08/29/2025 06:15:00 PM,UNABLE TO DETERMINE,UNABLE TO DETERMINE,1800,W,87TH ST,614,,,,,,,2,NO INDICATION OF INJURY,0,0,0,0,0,2,0,8,6,8,41.7358338958,-87.6679878636,POINT (-87.667987863621 41.735833895809)
d464094dd7dc80815164d37872e69a27b85ae3f60b1933c557e59cebd750ebb352453ac47afdc89fd4bf80413c1a3b5e160c7891394cb912c12404e26ff7ce3d,,08/29/2025 08:00:00 AM,30,NO CONTROLS,NO CONTROLS,CLEAR,DAYLIGHT,PARKED MOTOR VEHICLE,NOT DIVIDED,,STRAIGHT AND LEVEL,DRY,NO DEFECTS,NOT ON SCENE (DESK REPORT),NO INJURY / DRIVE AWAY,,,Y,"OVER $1,500",08/29/2025 09:00:00 AM,UNABLE TO DETERMINE,NOT APPLICABLE,5657,W,FULLERTON AVE,2515,,,,,,,2,NO INDICATION OF INJURY,0,0,0,0,0,1,0,8,6,8,41.9238350688,-87.7682791741,POINT (-87.768279174149 41.92383506879)
180e30e3fbcaba1ca9450b919d88ccb184918c8fa79d6dc5980cc3a0e7ab493bb4e2c74b13219a592bc29f6d63785267d438bab6cdf41752adb2e6e7bb84bae4,,08/29/2025 07:59:00 AM,30,NO CONTROLS,NO CONTROLS,CLEAR,DAYLIGHT,PARKED MOTOR VEHICLE,NOT DIVIDED,,STRAIGHT AND LEVEL,DRY,NO DEFECTS,ON SCENE,INJURY AND / OR TOW DUE TO CRASH,,,,"OVER $1,500",08/29/2025 07:59:00 AM,UNABLE TO DETERMINE,UNABLE TO DETERMINE,2452,N,KIMBALL AVE,1413,,,,,,,2,NONINCAPACITATING INJURY,1,0,0,1,0,0,0,7,6,8,41.9262184249,-87.7122973758,POINT (-87.712297375759 41.926218424876)
88997261c00df09c2a91298207da40e5390388d3a09b6f4fb7aa1ba16d6160e9727bc332766528f8dc90217484e057b6ee28be6c1dd3bf474d5f1c320cceb2a9,,08/29/2025 07:55:00 AM,35,NO CONTROLS,NO CONTROLS,CLEAR,DAYLIGHT,PARKED MOTOR VEHICLE,NOT DIVIDED,,STRAIGHT AND LEVEL,DRY,UNKNOWN,ON SCENE,NO INJURY / DRIVE AWAY,,,,"OVER $1,500",08/29/2025 07:55:00 AM,NOT APPLICABLE,NOT APPLICABLE,10100,S,WESTERN AVE,2211,,,,,,,2,NO INDICATION OF INJURY,0,0,0,0,0,1,0,7,6,8,41.7099280481,-87.6818747791,POINT (-87.681874779128 41.709928048135)
9412d7f17bf2183c59d616e6bf19caabc66b15fb7a71a99f70585f1881d7d531ae847ddfe42c620d724f8ca3ea8ee7ca0acf7c623ed176f3b4d67266d3c9d35f,,08/29/2025 07:55:00 AM,20,STOP SIGN/FLASHER,UNKNOWN,CLEAR,DAYLIGHT,ANGLE,T-INTERSECTION,,STRAIGHT AND LEVEL,DRY,UNKNOWN,ON SCENE,INJURY AND / OR TOW DUE TO CRASH,Y,,,"OVER $1,500",08/29/2025 07:59:00 AM,"OPERATING VEHICLE IN ERRATIC, RECKLESS, CARELESS, NEGLIGENT OR AGGRESSIVE MANNER",NOT APPLICABLE,817,E,MARQUETTE RD,321,Y,Y,,,,,2,NO INDICATION OF INJURY,0,0,0,0,0,3,0,7,6,8,41.7748588166,-87.6050698882,POINT (-87.605069888246 41.774858816641)
a39d2a74276229c65f5ebc933c2aa0868028fba8cf2e7a21ac5e3fa571ad55a6daef4ffc26520b1fbe5b45705fe6b59bbd67866407ab60278c8003bd0eb64fb4,,08/29/2025 07:55:00 AM,30,NO CONTROLS,NO CONTROLS,CLEAR,DAYLIGHT,PARKED MOTOR VEHICLE,ONE-WAY,,STRAIGHT AND LEVEL,DRY,NO DEFECTS,NOT ON SCENE (DESK REPORT),NO INJURY / DRIVE AWAY,,,,"OVER $1,500",08/29/2025 05:30:00 PM,UNABLE TO DETERMINE,UNABLE TO DETERMINE,6021,W,CORNELIA AVE,1633,,,,,,,2,NO INDICATION OF INJURY,0,0,0,0,0,2,0,7,6,8,41.9438225551,-87.777303713,POINT (-87.777303712955 41.943822555131)
e3a4d07325f4f7c8a9d2eebc49ecaca5758637876ce4eb254abb38daa385f079fef0d34bf84c238c77c8ecdb5c9dab549eca2a84e9f3561455544bae57ff7aea,,08/29/2025 07:55:00 AM,30,TRAFFIC SIGNAL,FUNCTIONING PROPERLY,CLEAR,DAYLIGHT,SIDESWIPE SAME DIRECTION,FOUR WAY,,STRAIGHT AND LEVEL,DRY,NO DEFECTS,NOT ON SCENE (DESK REPORT),NO INJURY / DRIVE AWAY,,,,"$501 - $1,500",08/29/2025 09:00:00 AM,"VISION OBSCURED (SIGNS, TREE LIMBS, BUILDINGS, ETC.)","VISION OBSCURED (SIGNS, TREE LIMBS, BUILDINGS, ETC.)",100,E,107TH ST,512,,,,,,,2,NO INDICATION OF INJURY,0,0,0,0,0,2,0,7,6,8,41.7000157461,-87.6208667986,POINT (-87.620866798559 41.700015746138)
129716add55dc2e5567bc8f332738a9c8d3a4554e9271274c394a376aadda90222ffdb6827e21513932b7e4d9437e80f0f2d728a43d376f72896ceff90c7a0e4,,08/29/2025 07:54:00 AM,35,NO CONTROLS,NO CONTROLS,CLEAR,DAYLIGHT,SIDESWIPE SAME DIRECTION,NOT DIVIDED,,STRAIGHT AND LEVEL,DRY,NO DEFECTS,ON SCENE,NO INJURY / DRIVE AWAY,,,,"OVER $1,500",08/29/2025 07:55:00 AM,ROAD CONSTRUCTION/MAINTENANCE,ROAD CONSTRUCTION/MAINTENANCE,5001,W,IRVING PARK RD,1634,,,,,,,2,NO INDICATION OF INJURY,0,0,0,0,0,2,0,7,6,8,41.9532487765,-87.7522954848,POINT (-87.752295484762 41.953248776454)
e4cc4a010125e6ccee181e6cadc104e111b69737142d719a3c6cacade10d102c55a61f1613b1be1c1f0e50f12f61ae6a9bee6ddf9c3a36fbf4333736d8c9a110,,08/29/2025 07:52:00 AM,30,TRAFFIC SIGNAL,FUNCTIONING PROPERLY,CLEAR,DAYLIGHT,SIDESWIPE SAME DIRECTION,NOT DIVIDED,,STRAIGHT AND LEVEL,DRY,UNKNOWN,ON SCENE,INJURY AND / OR TOW DUE TO CRASH,Y,,,"OVER $1,500",08/29/2025 07:59:00 AM,IMPROPER LANE USAGE,IMPROPER LANE USAGE,5211,W,LAWRENCE AVE,1623,,,,,,,2,"REPORTED, NOT EVIDENT",1,0,0,0,1,1,0,7,6,8,41.9677878402,-87.7581316744,POINT (-87.75813167444 41.967787840167)
087cb5b3e934bbc7bc58c7de63d22931c021587380ef2b6c2bcfbbe48b5deb2aa3e950f0f1e69232917ed36c46a231bcddf2e411e2a3291128245e63bc2c9d48,,08/29/2025 07:51:00 AM,30,STOP SIGN/FLASHER,FUNCTIONING PROPERLY,CLEAR,DAYLIGHT,PEDESTRIAN,ONE-WAY,,STRAIGHT AND LEVEL,DRY,UNKNOWN,ON SCENE,INJURY AND / OR TOW DUE TO CRASH,Y,,Y,$500 OR LESS,08/29/2025 07:53:00 AM,DISREGARDING STOP SIGN,DRIVING SKILLS/KNOWLEDGE/EXPERIENCE,5600,S,MOBILE AVE,811,,Y,,,,,2,INCAPACITATING INJURY,1,0,1,0,0,4,0,7,6,8,41.789695971,-87.7793974522,POINT (-87.779397452228 41.789695970974)
2c036a6a2a1e863dde37bcc947f1c7ce64572e743d7d5b8c376f81e85cee9cdd8f9f851883ad21479ac7418f3f53163c8a27be43830f4ee26500d9770e9cda6d,,08/29/2025 07:50:00 AM,30,TRAFFIC SIGNAL,FUNCTIONING PROPERLY,CLEAR,DAYLIGHT,SIDESWIPE SAME DIRECTION,NOT DIVIDED,,STRAIGHT AND LEVEL,DRY,NO DEFECTS,NOT ON SCENE (DESK REPORT),NO INJURY / DRIVE AWAY,,,,"$501 - $1,500",08/29/2025 11:50:00 AM,IMPROPER OVERTAKING/PASSING,NOT APPLICABLE,6799,W,IRVING PARK RD,1632,,,,,,,2,NO INDICATION OF INJURY,0,0,0,0,0,2,0,7,6,8,41.9526339612,-87.7961495623,POINT (-87.796149562276 41.952633961199)
d9fdb74cc3e2165ad4d9619cb3a94ea1d85369535e264bbca27d05adbb3cd69a945fd0407c20d558d5955516c6e5b80b70bb15ffd2896532153c2f7e3ecc003f,,08/29/2025 07:50:00 AM,35,TRAFFIC SIGNAL,FUNCTIONING PROPERLY,CLEAR,DAYLIGHT,SIDESWIPE SAME DIRECTION,ONE-WAY,,STRAIGHT AND LEVEL,DRY,NO DEFECTS,ON SCENE,NO INJURY / DRIVE AWAY,Y,,,$500 OR LESS,08/29/2025 08:00:00 AM,UNABLE TO DETERMINE,UNABLE TO DETERMINE,5557,S,CICERO AVE,813,,,,,,,2,NO INDICATION OF INJURY,0,0,0,0,0,4,0,7,6,8,41.7915283335,-87.741416976,POINT (-87.74141697605 41.791528333514)
f6a976a70a2a2c9500a620de52d0db486533ddaee1dcbb2b8adb604ebd4aacfadb8ce02a763b10063c08ea764fde2a8248ef3656a3cb1dccb521b5c0d8f49ab2,,08/29/2025 07:50:00 AM,30,NO CONTROLS,NO CONTROLS,CLEAR,DAYLIGHT,SIDESWIPE SAME DIRECTION,NOT DIVIDED,,STRAIGHT AND LEVEL,DRY,NO DEFECTS,NOT ON SCENE (DESK REPORT),NO INJURY / DRIVE AWAY,,,Y,"OVER $1,500",08/29/2025 09:00:00 AM,UNABLE TO DETERMINE,UNABLE TO DETERMINE,3207,W,51ST ST,822,,,,,,,2,NO INDICATION OF INJURY,0,0,0,0,0,3,0,7,6,8,41.800706444,-87.7040993608,POINT (-87.704099360838 41.800706443964)
4d669001a73e2d374f7f89d890ce47a48db005abf4322737a97f9a8713fc1f856a7002472393cc6eb5d1ac8f6b33410dd329492a14cc967dad0d1985814a5dd7,,08/29/2025 07:45:00 AM,30,TRAFFIC SIGNAL,FUNCTIONING PROPERLY,CLEAR,DAYLIGHT,REAR END,DIVIDED - W/MEDIAN (NOT RAISED),,STRAIGHT AND LEVEL,DRY,NO DEFECTS,NOT ON SCENE (DESK REPORT),NO INJURY / DRIVE AWAY,,,,$500 OR LESS,08/29/2025 08:10:00 AM,FOLLOWING TOO CLOSELY,UNABLE TO DETERMINE,4815,W,DEVON AVE,1621,,,,,,,2,NO INDICATION OF INJURY,0,0,0,0,0,2,0,7,6,8,41.9971800588,-87.749031765,POINT (-87.749031764981 41.997180058782)
6b448a90bc2753beb62231d8d7bcdb5291fb7ca260511cdc995ca45a111e5e05aa3717d0cf379334a0b8ff3b06ed5c8ab44e54a84b31661120d142354847a500,,08/29/2025 07:45:00 AM,30,NO CONTROLS,NO CONTROLS,CLEAR,DAYLIGHT,REAR END,NOT DIVIDED,,STRAIGHT AND LEVEL,DRY,UNKNOWN,NOT ON SCENE (DESK REPORT),NO INJURY / DRIVE AWAY,,,,"OVER $1,500",08/30/2025 09:00:00 AM,UNABLE TO DETERMINE,UNABLE TO DETERMINE,6526,W,DEVON AVE,1611,,,,,,,2,NO INDICATION OF INJURY,0,0,0,0,0,2,0,7,6,8,41.9974407832,-87.7908395305,POINT (-87.790839530539 41.997440783215)
cd551d4662b84813a82eee4486a781ef9c0cc99f3cc94e708eea172b0c31d52af47ec6d28b66fe0dc5bed1b68f1d2506cd74c38309c0efa3590df85b4c8b1ad9,,08/29/2025 07:45:00 AM,35,STOP SIGN/FLASHER,FUNCTIONING PROPERLY,CLEAR,DAYLIGHT,ANGLE,NOT DIVIDED,,STRAIGHT AND LEVEL,DRY,UNKNOWN,ON SCENE,INJURY AND / OR TOW DUE TO CRASH,Y,,,"OVER $1,500",08/29/2025 07:45:00 AM,UNABLE TO DETERMINE,NOT APPLICABLE,1600,E,83RD PL,412,,,,,,,2,NONINCAPACITATING INJURY,3,0,0,3,0,0,0,7,6,8,41.7434072895,-87.585241889,POINT (-87.58524188905 41.743407289546)