CRASH_RECORD_ID,CRASH_DATE_EST_I,CRASH_DATE,POSTED_SPEED_LIMIT,TRAFFIC_CONTROL_DEVICE,DEVICE_CONDITION,WEATHER_CONDITION,LIGHTING_CONDITION,FIRST_CRASH_TYPE,TRAFFICWAY_TYPE,LANE_CNT,ALIGNMENT,ROADWAY_SURFACE_COND,ROAD_DEFECT,REPORT_TYPE,CRASH_TYPE,INTERSECTION_RELATED_I,NOT_RIGHT_OF_WAY_I,HIT_AND_RUN_I,DAMAGE,DATE_POLICE_NOTIFIED,PRIM_CONTRIBUTORY_CAUSE,SEC_CONTRIBUTORY_CAUSE,STREET_NO,STREET_DIRECTION,STREET_NAME,BEAT_OF_OCCURRENCE,PHOTOS_TAKEN_I,STATEMENTS_TAKEN_I,DOORING_I,WORK_ZONE_I,WORK_ZONE_TYPE,WORKERS_PRESENT_I,NUM_UNITS,MOST_SEVERE_INJURY,INJURIES_TOTAL,INJURIES_FATAL,INJURIES_INCAPACITATING,INJURIES_NON_INCAPACITATING,INJURIES_REPORTED_NOT_EVIDENT,INJURIES_NO_INDICATION,INJURIES_UNKNOWN,CRASH_HOUR,CRASH_DAY_OF_WEEK,CRASH_MONTH,LATITUDE,LONGITUDE,LOCATION
290b9d2c65e3da65544c2f461bdacd64d44229a94aac9c14c07996fa557cdd37fbd9543ecf96d82f11c0d7821648534219a4959615e7133151eb5fbcdef10dc0,,08/29/2025 07:44:00 AM,30,TRAFFIC SIGNAL,FUNCTIONING PROPERLY,CLEAR,DAYLIGHT,REAR END,DIVIDED - W/MEDIAN (NOT RAISED),,STRAIGHT AND LEVEL,DRY,NO DEFECTS,ON SCENE,NO INJURY / DRIVE AWAY,,,,"$501 - $1,500",08/29/2025 07:50:00 AM,WEATHER,NOT APPLICABLE,609,W,26TH ST,914,,,,,,,2,NO INDICATION OF INJURY,0,0,0,0,0,4,0,7,6,8,41.8452772471,-87.6419807478,POINT (-87.641980747787 41.845277247069)
61a5890b2852c0f38a13134741620c531946e66b2e4d393aeac07c9f53cc5f3b31074ae0cf1da816ee5f1cf1f327da98cdfd425824a3bb1b8ce195f3e00cd7f9,,08/29/2025 07:40:00 AM,30,STOP SIGN/FLASHER,FUNCTIONING PROPERLY,UNKNOWN,UNKNOWN,TURNING,ONE-WAY,,STRAIGHT AND LEVEL,OTHER,UNKNOWN,NOT ON SCENE (DESK REPORT),NO INJURY / DRIVE AWAY,,,Y,"$501 - $1,500",08/30/2025 07:40:00 AM,UNABLE TO DETERMINE,NOT APPLICABLE,2400,W,56TH ST,824,,,,,,,2,NO INDICATION OF INJURY,0,0,0,0,0,3,0,7,6,8,41.7921432742,-87.6840568471,POINT (-87.684056847122 41.792143274209)
ab56b995bbc1223e7a04adc8af8885e5c87b8d344ce415ff161c24107203e4bce76dc8f02557f1d250cb42bf9d74e3d59e52777adbc3f5f35a29ed6af790afe0,,08/29/2025 07:40:00 AM,30,TRAFFIC SIGNAL,UNKNOWN,CLEAR,DAYLIGHT,REAR END,T-INTERSECTION,,STRAIGHT AND LEVEL,DRY,NO DEFECTS,NOT ON SCENE (DESK REPORT),INJURY AND / OR TOW DUE TO CRASH,,,,$500 OR LESS,08/29/2025 07:50:00 AM,FOLLOWING TOO CLOSELY,NOT APPLICABLE,173,N,BESSIE COLEMAN DR,1654,,,,,,,2,"REPORTED, NOT EVIDENT",1,0,0,0,1,1,0,7,6,8,,,
af449094a1cae6985a45e5488b9133c32fbb9eca11c89f24477790f9ffe853a6bb409453d4dc2a5aad604c3aac628ed1ddfb3c726f7f9d080e21401c6e902d90,,08/29/2025 07:40:00 AM,35,NO CONTROLS,NO CONTROLS,CLEAR,DAYLIGHT,SIDESWIPE SAME DIRECTION,DIVIDED - W/MEDIAN BARRIER,,STRAIGHT AND LEVEL,DRY,NO DEFECTS,NOT ON SCENE (DESK REPORT),NO INJURY / DRIVE AWAY,,,Y,"OVER $1,500",08/29/2025 08:50:00 AM,IMPROPER LANE USAGE,UNABLE TO DETERMINE,6731,S,CICERO AVE,833,,,,,,,2,NO INDICATION OF INJURY,0,0,0,0,0,2,0,7,6,8,41.770242651,-87.7418839117,POINT (-87.741883911686 41.770242651018)
e58bffaac606fc6d1a15fc8cb9c780d629683b85b807d64101498dd6d07911c16bb93a4401f22fdcea2b3f9ddc5db6f019e6225a36d3d8ff47cdd934e96575f1,,08/29/2025 07:40:00 AM,30,OTHER,UNKNOWN,CLEAR,DAYLIGHT,SIDESWIPE OPPOSITE DIRECTION,NOT DIVIDED,,STRAIGHT AND LEVEL,DRY,UNKNOWN,NOT ON SCENE (DESK REPORT),NO INJURY / DRIVE AWAY,,,,"OVER $1,500",08/29/2025 04:35:00 PM,IMPROPER LANE USAGE,FAILING TO YIELD RIGHT-OF-WAY,1702,E,HAYES DR,331,,,,,,,2,NO INDICATION OF INJURY,0,0,0,0,0,2,0,7,6,8,41.7809674164,-87.5841755989,POINT (-87.58417559887 41.780967416355)
8fb7672d724d769d5ff383b08c4f73cc9c59de4f5a5a0bbf9932cf1fa34b5e7030dfbcdfb6676fcf2cee4bdb285d9fb81e0bb6ed98466a96a67581b5f74d2f67,,08/29/2025 07:30:00 AM,25,NO CONTROLS,NO CONTROLS,CLEAR,DAYLIGHT,PARKED MOTOR VEHICLE,NOT DIVIDED,,STRAIGHT AND LEVEL,DRY,NO DEFECTS,NOT ON SCENE (DESK REPORT),NO INJURY / DRIVE AWAY,,,,"OVER $1,500",08/31/2025 01:30:00 PM,UNABLE TO DETERMINE,UNABLE TO DETERMINE,11006,S,HOMAN AVE,2211,,,,,,,2,NO INDICATION OF INJURY,0,0,0,0,0,1,0,7,6,8,41.693051618,-87.7059741678,POINT (-87.70597416782 41.693051618044)
a013df625e275ecf44f053514ebbdc51d8584497b686f1a0908ec17508cf532cf0def0c7b32d2bc337d76b1e32bb5b26fd2b624047805fde93bb470e1a83ea11,,08/29/2025 07:30:00 AM,20,NO CONTROLS,NO CONTROLS,CLEAR,DAYLIGHT,TURNING,NOT DIVIDED,,STRAIGHT AND LEVEL,DRY,NO DEFECTS,ON SCENE,INJURY AND / OR TOW DUE TO CRASH,Y,,,"OVER $1,500",08/29/2025 07:36:00 AM,UNABLE TO DETERMINE,UNABLE TO DETERMINE,5500,N,CAMPBELL AVE,2011,,,,,,,2,NONINCAPACITATING INJURY,2,0,0,2,0,0,0,7,6,8,41.9814495747,-87.6919575007,POINT (-87.691957500738 41.98144957469)
f83d89ce6de829fca50618b8ea1f0226a600500dbf5da1412c575e28422996194f1c28a5d735a0d8443d848b43397f87b22cd470eb3e3038fc37b42bb2fa3f69,,08/29/2025 07:30:00 AM,30,NO CONTROLS,NO CONTROLS,UNKNOWN,DAYLIGHT,SIDESWIPE SAME DIRECTION,DIVIDED - W/MEDIAN (NOT RAISED),,STRAIGHT AND LEVEL,UNKNOWN,UNKNOWN,NOT ON SCENE (DESK REPORT),NO INJURY / DRIVE AWAY,,,,"OVER $1,500",08/29/2025 03:30:00 PM,IMPROPER LANE USAGE,FAILING TO REDUCE SPEED TO AVOID CRASH,730,W,DIVISION ST,1822,,,,,,,2,NO INDICATION OF INJURY,0,0,0,0,0,2,0,7,6,8,41.9037601939,-87.6472357279,POINT (-87.647235727922 41.903760193885)
0d89c740648de5e5dbc740cd119d49633b014a661cd5564cea319152dca58f0c45ec5e1ee03638a7bf055478b35096e28f33cbbfb2933c377f9374d13692cace,,08/29/2025 07:25:00 AM,35,NO CONTROLS,NO CONTROLS,CLEAR,DAYLIGHT,REAR END,DIVIDED - W/MEDIAN BARRIER,,STRAIGHT AND LEVEL,DRY,NO DEFECTS,NOT ON SCENE (DESK REPORT),NO INJURY / DRIVE AWAY,,,,"OVER $1,500",08/29/2025 08:00:00 AM,FOLLOWING TOO CLOSELY,UNABLE TO DETERMINE,150,W,ROOSEVELT RD,123,,,,,,,2,NO INDICATION OF INJURY,0,0,0,0,0,2,0,7,6,8,41.8674527309,-87.6323342366,POINT (-87.632334236597 41.867452730876)
077a5eb1ce2a00e5a7fea677f94a05b7dfb6f9519125a22473c0c422ba23fe3a897c254c90de5556fdefc390f6951790ecea1c27f10040ebc0e4d86472d5c1c4,,08/29/2025 07:20:00 AM,30,UNKNOWN,UNKNOWN,CLEAR,DAYLIGHT,REAR END,NOT DIVIDED,,STRAIGHT AND LEVEL,UNKNOWN,UNKNOWN,NOT ON SCENE (DESK REPORT),NO INJURY / DRIVE AWAY,,,,"OVER $1,500",08/29/2025 06:30:00 PM,UNABLE TO DETERMINE,UNABLE TO DETERMINE,623,N,RACINE AVE,1214,,,,,,,2,NO INDICATION OF INJURY,0,0,0,0,0,2,0,7,6,8,41.8928843811,-87.6572825571,POINT (-87.657282557113 41.892884381096)
1f83dda93f85c5daef247acfd9faf9cf3edd99cfe5669cf40a0d62e3850f026c101d8624e73449d0aff5eebc3100f31a9fc90067932fb8e26c326c8a37035194,Y,08/29/2025 07:20:00 AM,20,NO CONTROLS,NO CONTROLS,CLEAR,DAYLIGHT,SIDESWIPE SAME DIRECTION,DIVIDED - W/MEDIAN (NOT RAISED),,STRAIGHT AND LEVEL,DRY,NO DEFECTS,NOT ON SCENE (DESK REPORT),NO INJURY / DRIVE AWAY,,,,"OVER $1,500",08/29/2025 07:57:00 AM,UNABLE TO DETERMINE,UNABLE TO DETERMINE,1444,N,CENTRAL AVE,2531,,,,,,,2,NO INDICATION OF INJURY,0,0,0,0,0,3,0,7,6,8,41.907079952,-87.7659784376,POINT (-87.76597843764 41.907079952022)
2adcbea058a9936161f55695b2f3f642e4d7e23e1534ef3428db68d29062bb64952c349d44dd11b05c28f5e0bde98931ddd36f08dc463834d9321b10a6246550,,08/29/2025 07:20:00 AM,30,TRAFFIC SIGNAL,FUNCTIONING PROPERLY,CLEAR,DAYLIGHT,REAR END,NOT DIVIDED,,STRAIGHT AND LEVEL,DRY,NO DEFECTS,ON SCENE,INJURY AND / OR TOW DUE TO CRASH,,,,"OVER $1,500",08/29/2025 07:36:00 AM,NOT APPLICABLE,NOT APPLICABLE,3943,N,HARLEM AVE,1632,,,,,,,2,"REPORTED, NOT EVIDENT",3,0,0,0,3,0,0,7,6,8,41.9520424074,-87.8070947425,POINT (-87.807094742545 41.952042407433)
af41aceb5fc3778f99b7ddc6332bfdf88f3f0bbb904d1f0a11a34eb60a3be88809ede534a8211ac24b41b8eb8b6dbe017e8af60cdb0bd2476f57b8e3ddcdabfe,,08/29/2025 07:20:00 AM,30,NO CONTROLS,NO CONTROLS,CLEAR,DAYLIGHT,SIDESWIPE SAME DIRECTION,NOT DIVIDED,,STRAIGHT AND LEVEL,DRY,NO DEFECTS,NOT ON SCENE (DESK REPORT),NO INJURY / DRIVE AWAY,,,,"OVER $1,500",08/29/2025 07:45:00 AM,UNABLE TO DETERMINE,NOT APPLICABLE,1444,N,CENTRAL AVE,2531,,,,,,,2,NO INDICATION OF INJURY,0,0,0,0,0,2,0,7,6,8,41.907079952,-87.7659784376,POINT (-87.76597843764 41.907079952022)
946e1deb009741bc8c286be2438d48c5f982f5f3477adf8ddc948b5cd98aa422e90c71a6df00904e2116dd2293082d517cce1685c92ff1bd898d71c48fff6e49,,08/29/2025 07:18:00 AM,25,NO CONTROLS,NO CONTROLS,CLEAR,DAYLIGHT,REAR END,NOT DIVIDED,,STRAIGHT AND LEVEL,DRY,NO DEFECTS,ON SCENE,NO INJURY / DRIVE AWAY,,,Y,"OVER $1,500",08/29/2025 07:20:00 AM,FOLLOWING TOO CLOSELY,FAILING TO REDUCE SPEED TO AVOID CRASH,5639,W,AUGUSTA BLVD,1511,,,,,,,2,NO INDICATION OF INJURY,0,0,0,0,0,4,0,7,6,8,41.8983655082,-87.7670461898,POINT (-87.767046189846 41.898365508159)
e5a4031284c5c2707b73ce2027396f35e245765698fbbbafc679a819149b6b6cf93643038581bfd2467709a126f51d7584473b708332b870958f811b89dbc729,,08/29/2025 07:15:00 AM,30,TRAFFIC SIGNAL,FUNCTIONING PROPERLY,CLEAR,DAYLIGHT,TURNING,NOT DIVIDED,,STRAIGHT AND LEVEL,DRY,NO DEFECTS,NOT ON SCENE (DESK REPORT),NO INJURY / DRIVE AWAY,Y,,,"OVER $1,500",08/29/2025 09:00:00 AM,IMPROPER TURNING/NO SIGNAL,IMPROPER OVERTAKING/PASSING,318,W,LAKE ST,122,,,,,,,2,NO INDICATION OF INJURY,0,0,0,0,0,2,0,7,6,8,41.8858450419,-87.6359470382,POINT (-87.635947038221 41.885845041909)
52b359d03da1e61e3816c5422555e29b27ffbf8a8b40c24c2aeebd2fef79be5a651b228020043ec708a4ed87bd8f737a0c887ce609c455cb2caf5253a9abcf03,,08/29/2025 07:04:00 AM,30,NO CONTROLS,NO CONTROLS,CLEAR,DAYLIGHT,PARKED MOTOR VEHICLE,ONE-WAY,,STRAIGHT AND LEVEL,DRY,NO DEFECTS,ON SCENE,NO INJURY / DRIVE AWAY,,,Y,$500 OR LESS,08/29/2025 07:20:00 AM,UNABLE TO DETERMINE,UNABLE TO DETERMINE,2201,N,MAGNOLIA AVE,1811,,,,,,,2,NO INDICATION OF INJURY,0,0,0,0,0,1,0,7,6,8,41.9217439304,-87.659410518,POINT (-87.65941051795 41.92174393035)
5da2acdfefaa2826827130a9637e9edc855a552febda3c85eef7b181095cfe1be21c0c34acac7da94a796e77faf747fdedfff4a1c7913977fef6b7dea207d682,,08/29/2025 07:02:00 AM,35,TRAFFIC SIGNAL,FUNCTIONING PROPERLY,CLEAR,DAYLIGHT,ANGLE,FOUR WAY,,STRAIGHT AND LEVEL,DRY,NO DEFECTS,NOT ON SCENE (DESK REPORT),NO INJURY / DRIVE AWAY,,,,"$501 - $1,500",08/29/2025 08:30:00 AM,UNABLE TO DETERMINE,NOT APPLICABLE,11885,S,VINCENNES AVE,2234,,,,,,,2,NO INDICATION OF INJURY,0,0,0,0,0,2,0,7,6,8,41.6774297119,-87.6716818537,POINT (-87.671681853669 41.677429711865)
230e6f583d5b919d28f286bf7fe6168bceb5c155f5b909822f10567a9fa62de54dbe1801970404780c4b88212ae417a7dc11687ff1c75210cb6d88ed2825a59d,,08/29/2025 06:56:00 AM,10,NO CONTROLS,NO CONTROLS,CLEAR,DAWN,SIDESWIPE SAME DIRECTION,RAMP,,STRAIGHT AND LEVEL,UNKNOWN,UNKNOWN,NOT ON SCENE (DESK REPORT),NO INJURY / DRIVE AWAY,,,Y,"OVER $1,500",08/29/2025 07:59:00 AM,UNABLE TO DETERMINE,UNABLE TO DETERMINE,5700,S,CICERO AVE,813,,,,N,,,2,NO INDICATION OF INJURY,0,0,0,0,0,3,0,6,6,8,41.7893293233,-87.7416456442,POINT (-87.741645644196 41.789329323265)
89c1caf3649b7c7fc00af816edb987c5895783caa03f9fd9157e373ff055d1f452bccb8360483507ea87a8b0745d6be536e4c03297763a914e978a8da6a9cfc2,,08/29/2025 06:50:00 AM,30,TRAFFIC SIGNAL,FUNCTIONING PROPERLY,CLEAR,DAYLIGHT,REAR END,DIVIDED - W/MEDIAN (NOT RAISED),,STRAIGHT AND LEVEL,DRY,UNKNOWN,NOT ON SCENE (DESK REPORT),NO INJURY / DRIVE AWAY,,,,"OVER $1,500",08/29/2025 07:30:00 AM,FOLLOWING TOO CLOSELY,UNABLE TO DETERMINE,4159,W,PETERSON AVE,1711,,,,,,,2,NO INDICATION OF INJURY,0,0,0,0,0,3,0,6,6,8,41.989964243,-87.7335198597,POINT (-87.733519859661 41.989964243028)
f4c50d793f522f53e9fab86619e25f087820ff2fb2efaab99e1aff1f72ba922d5a456ba33dc6286e5c6ddf2447242b28226f574cff447a890985629d5b24b385,,08/29/2025 06:30:00 AM,30,TRAFFIC SIGNAL,FUNCTIONING PROPERLY,CLEAR,DAYLIGHT,REAR END,RAMP,,STRAIGHT AND LEVEL,DRY,NO DEFECTS,ON SCENE,INJURY AND / OR TOW DUE TO CRASH,Y,,Y,"OVER $1,500",08/29/2025 06:40:00 AM,UNABLE TO DETERMINE,UNABLE TO DETERMINE,3101,S,DAMEN AVE,912,,,,,,,2,NONINCAPACITATING INJURY,1,0,0,1,0,1,0,6,6,8,41.837583715,-87.6752970652,POINT (-87.675297065207 41.837583715003)
7268c2a31b1f6824f9567de2a320cb2ef344592463c00aba74338f42a73b0fbae0a556a4e8744a4c626442309489b0a5aa86c072cd1582f45f5a1c662345b123,,08/29/2025 06:05:00 AM,20,NO CONTROLS,NO CONTROLS,CLEAR,DAYLIGHT,ANGLE,NOT DIVIDED,,STRAIGHT AND LEVEL,DRY,NO DEFECTS,ON SCENE,INJURY AND / OR TOW DUE TO CRASH,,,Y,"OVER $1,500",08/29/2025 06:07:00 AM,UNABLE TO DETERMINE,NOT APPLICABLE,3008,W,MARQUETTE RD,831,,,,,,,3,NO INDICATION OF INJURY,0,0,0,0,0,2,0,6,6,8,41.7718462815,-87.6984335054,POINT (-87.698433505374 41.771846281522)
8d43d9bb85033c479a77b540f43b438f1b5a0b4cfa2f916326a49f3087626951070c1f730e894103a8d467dcdd4d3d67c785c892ac2eff35642d0ba63ad84647,,08/29/2025 06:00:00 AM,30,TRAFFIC SIGNAL,FUNCTIONING PROPERLY,CLEAR,DAYLIGHT,ANGLE,NOT DIVIDED,,STRAIGHT AND LEVEL,DRY,NO DEFECTS,ON SCENE,INJURY AND / OR TOW DUE TO CRASH,Y,,,"OVER $1,500",08/29/2025 06:03:00 AM,DISREGARDING TRAFFIC SIGNALS,NOT APPLICABLE,3601,N,KEDZIE AVE,1733,,,,,,,2,"REPORTED, NOT EVIDENT",1,0,0,0,1,1,0,6,6,8,41.9467247372,-87.7076779769,POINT (-87.70767797693 41.946724737237)
c51fc7638d4764c5e636071c99bd83089a4bff28224252e36c62a85188eaa990a2685032ac61b8cd5be37bd59a4396ef52d0674ea83844e2a56ce6b365669bb7,,08/29/2025 06:00:00 AM,30,NO CONTROLS,NO CONTROLS,CLEAR,DAYLIGHT,REAR END,DIVIDED - W/MEDIAN (NOT RAISED),,STRAIGHT AND LEVEL,DRY,NO DEFECTS,NOT ON SCENE (DESK REPORT),NO INJURY / DRIVE AWAY,,,,"$501 - $1,500",08/29/2025 07:20:00 AM,DRIVING SKILLS/KNOWLEDGE/EXPERIENCE,UNABLE TO DETERMINE,730,S,CLARK ST,123,,,,,,,2,NO INDICATION OF INJURY,0,0,0,0,0,2,0,6,6,8,41.8727806141,-87.6307715124,POINT (-87.63077151243 41.872780614066)
6a307cdc703874b9285eff2d0f9d2fc918e42347d51f5c6e7d436dc22de49a28ef4c3e8153d32a66b09cf73a08089d97fa80d5522945e7e3c1486b9288dbfe50,,08/29/2025 05:57:00 AM,40,NO CONTROLS,NO CONTROLS,CLEAR,DAWN,SIDESWIPE SAME DIRECTION,DIVIDED - W/MEDIAN BARRIER,,STRAIGHT AND LEVEL,DRY,NO DEFECTS,NOT ON SCENE (DESK REPORT),NO INJURY / DRIVE AWAY,,,,"OVER $1,500",08/29/2025 10:06:00 AM,IMPROPER OVERTAKING/PASSING,NOT APPLICABLE,3920,S,LAKE SHORE DR NB,214,,,,,,,2,NO INDICATION OF INJURY,0,0,0,0,0,2,0,5,6,8,41.8251246462,-87.6005588632,POINT (-87.600558863173 41.825124646192)
722de55e97d4827ff3208548a14f24ff22539ca25cbf9f6146f8ab47aa5e88b0a95f37fedf261327a0a05f8040a4101f405ff62c0068bae32ca7703033b166e6,,08/29/2025 04:02:00 AM,30,NO CONTROLS,NO CONTROLS,CLEAR,"DARKNESS, LIGHTED ROAD",FIXED OBJECT,NOT DIVIDED,,STRAIGHT AND LEVEL,DRY,NO DEFECTS,ON SCENE,INJURY AND / OR TOW DUE TO CRASH,,,,"OVER $1,500",08/29/2025 04:14:00 AM,UNABLE TO DETERMINE,NOT APPLICABLE,3700,W,76TH PL,833,,,,,,,1,NONINCAPACITATING INJURY,2,0,0,2,0,0,0,4,6,8,41.7544541226,-87.7143524409,POINT (-87.714352440898 41.754454122553)
63b68c6be0b50f50d5971fa11bfd7f84ca3dd50a4e33a78eacbebd1becc16418a3a045c12f38c0e4031b8363d0e5229c9b145e2170ef6a60b1f34d1f5917844d,,08/29/2025 03:34:00 AM,30,TRAFFIC SIGNAL,FUNCTIONING PROPERLY,CLEAR,"DARKNESS, LIGHTED ROAD",REAR END,DIVIDED - W/MEDIAN BARRIER,,STRAIGHT AND LEVEL,DRY,NO DEFECTS,ON SCENE,INJURY AND / OR TOW DUE TO CRASH,,,,"OVER $1,500",08/29/2025 03:47:00 AM,FOLLOWING TOO CLOSELY,NOT APPLICABLE,4600,N,CICERO AVE,1623,,,,,,,3,NO INDICATION OF INJURY,0,0,0,0,0,3,0,3,6,8,41.9644511676,-87.7477764313,POINT (-87.747776431281 41.964451167552)
38a4aa6f688373122596e40246eacb59e626db9076098fad17214d0a481b8ee9d0711fab8511ac47bbe42575dbbb349cf961cadcdb559a1ab4ea549dd1ba7108,,08/29/2025 03:00:00 AM,30,TRAFFIC SIGNAL,FUNCTIONING PROPERLY,CLEAR,"DARKNESS, LIGHTED ROAD",REAR END,FOUR WAY,,STRAIGHT AND LEVEL,DRY,NO DEFECTS,ON SCENE,INJURY AND / OR TOW DUE TO CRASH,Y,,,"OVER $1,500",08/29/2025 03:04:00 AM,DISTRACTION - FROM INSIDE VEHICLE,NOT APPLICABLE,2401,N,CICERO AVE,2521,,,,,,,2,"REPORTED, NOT EVIDENT",1,0,0,0,1,2,0,3,6,8,41.9242888488,-87.7461563112,POINT (-87.746156311176 41.924288848756)
b86883b7112c3873f773913b10fbddedc39fe49ab5ac9f8135f39944c51e008825c9a89c371ff36185889b00efa8cd60b2058493e3c891915a7b9f4dc5689f10,,08/29/2025 02:35:00 AM,30,TRAFFIC SIGNAL,FUNCTIONING PROPERLY,CLEAR,"DARKNESS, LIGHTED ROAD",SIDESWIPE SAME DIRECTION,NOT DIVIDED,,STRAIGHT AND LEVEL,DRY,UNKNOWN,NOT ON SCENE (DESK REPORT),NO INJURY / DRIVE AWAY,,,,"$501 - $1,500",08/29/2025 03:10:00 AM,UNABLE TO DETERMINE,UNABLE TO DETERMINE,6099,N,LINCOLN AVE,1711,,,,,,,2,NO INDICATION OF INJURY,0,0,0,0,0,2,0,2,6,8,41.9929844478,-87.7113692376,POINT (-87.711369237644 41.99298444779)
11c11536f0df7bfc2437875696a335a25a8fa0fbca66be4134977e0091af836c346efdf99066d44b9115bb801c0c417588e23bed330410db4093355df0f7bc67,,08/29/2025 02:20:00 AM,30,TRAFFIC SIGNAL,FUNCTIONING PROPERLY,CLEAR,"DARKNESS, LIGHTED ROAD",TURNING,FOUR WAY,,STRAIGHT AND LEVEL,DRY,NO DEFECTS,ON SCENE,NO INJURY / DRIVE AWAY,Y,,,$500 OR LESS,08/29/2025 02:21:00 AM,FAILING TO YIELD RIGHT-OF-WAY,FAILING TO REDUCE SPEED TO AVOID CRASH,1600,W,LAKE ST,1215,N,N,,,,,2,NO INDICATION OF INJURY,0,0,0,0,0,3,0,2,6,8,41.8854349861,-87.6670880553,POINT (-87.667088055261 41.885434986143)
5778825484f3049c96f5b32a5654e569e861441bb98cb84badeb88d2b84d2637d2fff0454978703b39c29eb680365da16b9593c7bb1eeb45d893c92a1f45590b,,08/29/2025 01:56:00 AM,30,NO CONTROLS,NO CONTROLS,CLEAR,"DARKNESS, LIGHTED ROAD",PARKED MOTOR VEHICLE,DIVIDED - W/MEDIAN (NOT RAISED),,STRAIGHT AND LEVEL,DRY,NO DEFECTS,ON SCENE,INJURY AND / OR TOW DUE TO CRASH,,,Y,"OVER $1,500",08/29/2025 12:13:00 PM,UNABLE TO DETERMINE,UNABLE TO DETERMINE,156,S,RACINE AVE,1224,,,,,,,3,NO INDICATION OF INJURY,0,0,0,0,0,1,0,1,6,8,41.8791152301,-87.6572074885,POINT (-87.657207488536 41.879115230072)
054e3900a545f41416593676890466ee16812f7c408ea7da4f68beb13a64c04d7589e5cdfadbe740e9278518e3fe7358f6ab87b3b202844c7033162a9c99dcbb,Y,08/29/2025 01:55:00 AM,30,NO CONTROLS,NO CONTROLS,CLEAR,"DARKNESS, LIGHTED ROAD",PARKED MOTOR VEHICLE,ONE-WAY,,CURVE ON GRADE,DRY,NO DEFECTS,ON SCENE,INJURY AND / OR TOW DUE TO CRASH,,,Y,"OVER $1,500",08/29/2025 02:32:00 AM,FOLLOWING TOO CLOSELY,NOT APPLICABLE,6039,S,INDIANA AVE,311,,,,,,,2,NO INDICATION OF INJURY,0,0,0,0,0,1,0,1,6,8,41.7844567311,-87.6204361857,POINT (-87.620436185694 41.784456731125)
b840d3cdd8be31ad0fbf4ec0123e995c44de19795ec63cd2eaf4b8a5134080c23f0e95700ab1588fe033df891b40ad7bf3766d474c127478512e73ae81564e9b,,08/29/2025 01:26:00 AM,35,UNKNOWN,FUNCTIONING PROPERLY,CLEAR,"DARKNESS, LIGHTED ROAD",FIXED OBJECT,OTHER,,STRAIGHT AND LEVEL,DRY,UNKNOWN,ON SCENE,INJURY AND / OR TOW DUE TO CRASH,,,Y,"OVER $1,500",08/29/2025 01:26:00 AM,UNABLE TO DETERMINE,NOT APPLICABLE,3101,S,DAMEN AVE,912,,,,,,,1,NONINCAPACITATING INJURY,1,0,0,1,0,1,0,1,6,8,41.837583715,-87.6752970652,POINT (-87.675297065207 41.837583715003)
7f5e2a72b93781d39899bc0eb6ae13e78f7ac7522b4810864e86c16ad78732751fdd31055290e62e9520a34a5c38d9990d68bd544050fb378d279b2b9f845ce5,,08/29/2025 01:24:00 AM,25,NO CONTROLS,NO CONTROLS,CLEAR,"DARKNESS, LIGHTED ROAD",SIDESWIPE SAME DIRECTION,NOT DIVIDED,,STRAIGHT AND LEVEL,DRY,NO DEFECTS,NOT ON SCENE (DESK REPORT),NO INJURY / DRIVE AWAY,,,,"OVER $1,500",08/29/2025 01:25:00 AM,FOLLOWING TOO CLOSELY,FOLLOWING TOO CLOSELY,500,S,COLUMBUS DR,114,,,,,,,2,NO INDICATION OF INJURY,0,0,0,0,0,2,0,1,6,8,41.8757110332,-87.6207367629,POINT (-87.620736762921 41.875711033222)
d57034a40a844d2b345b3492fd51ee46dbdcc68b283eb67ac6f66e55598f348012a7b8ec100c0d352fc86263f599312143a843ca4ad418689cc860fcc791d603,,08/29/2025 12:55:00 AM,30,NO CONTROLS,NO CONTROLS,CLEAR,"DARKNESS, LIGHTED ROAD",REAR END,NOT DIVIDED,,STRAIGHT AND LEVEL,DRY,"RUT, HOLES",NOT ON SCENE (DESK REPORT),NO INJURY / DRIVE AWAY,,,,"OVER $1,500",08/29/2025 02:00:00 AM,FOLLOWING TOO CLOSELY,"OPERATING VEHICLE IN ERRATIC, RECKLESS, CARELESS, NEGLIGENT OR AGGRESSIVE MANNER",2147,N,NARRAGANSETT AVE,2512,,,,,,,2,NO INDICATION OF INJURY,0,0,0,0,0,3,0,0,6,8,41.9196141655,-87.7851729181,POINT (-87.785172918134 41.919614165497)
fd0bd039fc6e23bdc0e83ccb15821aafbab3222b1c5b748b50a3d90f0be6420a01f58243652b15cdb6bb17fedb90cf2dfaa02f0c241f2595619302b8ab433409,,08/29/2025 12:30:00 AM,30,STOP SIGN/FLASHER,FUNCTIONING PROPERLY,CLEAR,DAYLIGHT,PARKED MOTOR VEHICLE,ONE-WAY,,STRAIGHT AND LEVEL,DRY,NO DEFECTS,NOT ON SCENE (DESK REPORT),NO INJURY / DRIVE AWAY,Y,,Y,"OVER $1,500",08/30/2025 01:00:00 PM,UNABLE TO DETERMINE,NOT APPLICABLE,1702,E,84TH ST,412,,,,,,,2,NO INDICATION OF INJURY,0,0,0,0,0,1,0,0,6,8,41.7425313381,-87.5826880876,POINT (-87.582688087552 41.742531338081)