CRASH_RECORD_ID,CRASH_DATE_EST_I,CRASH_DATE,POSTED_SPEED_LIMIT,TRAFFIC_CONTROL_DEVICE,DEVICE_CONDITION,WEATHER_CONDITION,LIGHTING_CONDITION,FIRST_CRASH_TYPE,TRAFFICWAY_TYPE,LANE_CNT,ALIGNMENT,ROADWAY_SURFACE_COND,ROAD_DEFECT,REPORT_TYPE,CRASH_TYPE,INTERSECTION_RELATED_I,NOT_RIGHT_OF_WAY_I,HIT_AND_RUN_I,DAMAGE,DATE_POLICE_NOTIFIED,PRIM_CONTRIBUTORY_CAUSE,SEC_CONTRIBUTORY_CAUSE,STREET_NO,STREET_DIRECTION,STREET_NAME,BEAT_OF_OCCURRENCE,PHOTOS_TAKEN_I,STATEMENTS_TAKEN_I,DOORING_I,WORK_ZONE_I,WORK_ZONE_TYPE,WORKERS_PRESENT_I,NUM_UNITS,MOST_SEVERE_INJURY,INJURIES_TOTAL,INJURIES_FATAL,INJURIES_INCAPACITATING,INJURIES_NON_INCAPACITATING,INJURIES_REPORTED_NOT_EVIDENT,INJURIES_NO_INDICATION,INJURIES_UNKNOWN,CRASH_HOUR,CRASH_DAY_OF_WEEK,CRASH_MONTH,LATITUDE,LONGITUDE,LOCATION
3fe217ad6067be3d597bbca5c70504d7e178a5784170948c98300c95c53f9dffcd765ca58eec507000ada4724a08b23026a97ed174371878ae0ee6d955485e81,,08/29/2025 12:20:00 AM,35,NO CONTROLS,NO CONTROLS,CLEAR,"DARKNESS, LIGHTED ROAD",SIDESWIPE SAME DIRECTION,OTHER,,STRAIGHT AND LEVEL,DRY,NO DEFECTS,ON SCENE,INJURY AND / OR TOW DUE TO CRASH,,,,"OVER $1,500",08/29/2025 12:36:00 AM,EQUIPMENT - VEHICLE CONDITION,NOT APPLICABLE,4513,N,LAKE SHORE DR NB,1914,,,,,,,2,NO INDICATION OF INJURY,0,0,0,0,0,2,0,0,6,8,41.964179973,-87.6465405411,POINT (-87.646540541129 41.96417997301)
c0455010778b32c898534d2d5d52c1f6fd73bbfd35ed03475dbee7c6d1a9bbf2a50043a7b13f42b2d8144b8d447a72b33420c6dc91fb4549fa9ea306d3a41ff4,,08/29/2025 12:20:00 AM,30,NO CONTROLS,NO CONTROLS,CLEAR,"DARKNESS, LIGHTED ROAD",SIDESWIPE SAME DIRECTION,OTHER,,STRAIGHT AND LEVEL,DRY,NO DEFECTS,ON SCENE,NO INJURY / DRIVE AWAY,,,,"OVER $1,500",08/29/2025 12:30:00 AM,IMPROPER OVERTAKING/PASSING,UNABLE TO DETERMINE,13,W,I190 EXPY IB,1654,,,,,,,2,NO INDICATION OF INJURY,0,0,0,0,0,2,0,0,6,8,,,
f06d157e91c82039a343eded0da27058bcfecb4c95385958f38999153ed42d3594a41d593d3be1575906f7d1afb64b9944e08e4cae99b92eab0393c343d7a446,Y,08/29/2025 12:20:00 AM,30,TRAFFIC SIGNAL,FUNCTIONING PROPERLY,CLEAR,"DARKNESS, LIGHTED ROAD",TURNING,T-INTERSECTION,,STRAIGHT AND LEVEL,DRY,NO DEFECTS,ON SCENE,INJURY AND / OR TOW DUE TO CRASH,Y,,,"OVER $1,500",08/29/2025 12:25:00 AM,FAILING TO YIELD RIGHT-OF-WAY,NOT APPLICABLE,152,E,ROOSEVELT RD,114,,,,,,,3,NO INDICATION OF INJURY,0,0,0,0,0,3,0,0,6,8,41.8675924103,-87.6227025855,POINT (-87.622702585541 41.867592410341)
167a9f7e15f4a1fc8c5c0a2022c111f82d912f4976c17bc61b99c09a91fbbf2e088c04abc33509f4218b263be2703030a88ee6028e75a021e3d19ecf1297b67b,,08/29/2025 12:01:00 AM,30,TRAFFIC SIGNAL,UNKNOWN,CLEAR,"DARKNESS, LIGHTED ROAD",TURNING,NOT DIVIDED,,STRAIGHT AND LEVEL,UNKNOWN,UNKNOWN,NOT ON SCENE (DESK REPORT),NO INJURY / DRIVE AWAY,Y,,,"OVER $1,500",08/29/2025 12:45:00 AM,IMPROPER TURNING/NO SIGNAL,IMPROPER LANE USAGE,1200,S,LAKE SHORE DR NB,132,,,,,,,2,NO INDICATION OF INJURY,0,0,0,0,0,2,0,0,6,8,41.8674842272,-87.6191503834,POINT (-87.619150383382 41.867484227164)
60bda5e618189085bacce317633ec79320098bcc8dcd7fab4beac9199ff1a581c17c9ad9db147177b6dafe8724d91357c7287ff5e4e0e4f5302424d768abf105,,08/28/2025 11:59:00 PM,25,NO CONTROLS,NO CONTROLS,CLEAR,"DARKNESS, LIGHTED ROAD",PARKED MOTOR VEHICLE,NOT DIVIDED,,STRAIGHT AND LEVEL,DRY,NO DEFECTS,ON SCENE,NO INJURY / DRIVE AWAY,,,,"OVER $1,500",08/29/2025 12:10:00 AM,IMPROPER OVERTAKING/PASSING,UNABLE TO DETERMINE,3012,W,ARTHUR AVE,2412,,,,,,,2,NO INDICATION OF INJURY,0,0,0,0,0,1,0,23,5,8,41.9993973894,-87.7051491405,POINT (-87.705149140476 41.999397389367)
cf76df2423072a133c8a69aa66c653a8d814e32a5d24e9e6e635a4914795f800f572b1c1ea395227bf6c90815bdb487e42baab7e125d083101264790c4313f25,N,08/28/2025 11:59:00 PM,30,TRAFFIC SIGNAL,FUNCTIONING PROPERLY,CLEAR,"DARKNESS, LIGHTED ROAD",SIDESWIPE SAME DIRECTION,FOUR WAY,,STRAIGHT AND LEVEL,DRY,UNKNOWN,ON SCENE,INJURY AND / OR TOW DUE TO CRASH,Y,,Y,"OVER $1,500",08/29/2025 12:46:00 AM,IMPROPER OVERTAKING/PASSING,DISREGARDING TRAFFIC SIGNALS,3900,S,VINCENNES AVE,214,,Y,,,,,2,NONINCAPACITATING INJURY,3,0,0,2,1,1,0,23,5,8,41.8238496437,-87.6127831431,POINT (-87.61278314307 41.823849643736)
2b95ea01107cf23be3f4a94fd22d85df7622e72e76d4268e0f56499b29cbf35611938d8b5f39701e3f23a4b92b2119cb453282cb20d44463dde6b3c0e61add08,,08/28/2025 11:51:00 PM,45,TRAFFIC SIGNAL,FUNCTIONING PROPERLY,CLEAR,"DARKNESS, LIGHTED ROAD",SIDESWIPE SAME DIRECTION,DIVIDED - W/MEDIAN BARRIER,,"CURVE, LEVEL",DRY,NO DEFECTS,NOT ON SCENE (DESK REPORT),NO INJURY / DRIVE AWAY,,,,"$501 - $1,500",08/29/2025 01:02:00 AM,FAILING TO YIELD RIGHT-OF-WAY,IMPROPER TURNING/NO SIGNAL,1200,S,LAKE SHORE DR SB,132,,,,,,,2,NO INDICATION OF INJURY,0,0,0,0,0,2,0,23,5,8,41.8674842272,-87.6191503834,POINT (-87.619150383382 41.867484227164)
5fd499060c66d20ca2b9be93a7fd5d4d73b638f6c2d0854795482b2e1b6d656e67d3fd2339b34651633bc2825769eb82182b616e62bf8841c16d1e248241fa4f,,08/28/2025 11:50:00 PM,30,UNKNOWN,FUNCTIONING IMPROPERLY,CLEAR,"DARKNESS, LIGHTED ROAD",REAR END,DIVIDED - W/MEDIAN BARRIER,,STRAIGHT AND LEVEL,DRY,NO DEFECTS,ON SCENE,INJURY AND / OR TOW DUE TO CRASH,,,,"OVER $1,500",08/28/2025 11:55:00 PM,FOLLOWING TOO CLOSELY,NOT APPLICABLE,100,W,IDA B WELLS DR,122,,,,,,,2,NONINCAPACITATING INJURY,3,0,0,3,0,0,0,23,5,8,41.8757194148,-87.6307628076,POINT (-87.63076280757 41.875719414832)
70e2386dbbe53ac12ccf9b6576be7fa535da955653f10dd1a9092d12c8efd60fd0c30c7382a9b84892e13b36ea9ab57d2f82c9abbabf26e63864f8507e9384c1,,08/28/2025 11:50:00 PM,30,UNKNOWN,UNKNOWN,CLEAR,UNKNOWN,REAR END,NOT DIVIDED,,STRAIGHT AND LEVEL,UNKNOWN,NO DEFECTS,NOT ON SCENE (DESK REPORT),NO INJURY / DRIVE AWAY,,,,"OVER $1,500",08/29/2025 05:07:00 PM,DRIVING SKILLS/KNOWLEDGE/EXPERIENCE,NOT APPLICABLE,801,W,ADDISON ST,1924,,,,,,,2,NO INDICATION OF INJURY,0,0,0,0,0,2,0,23,5,8,41.9472070912,-87.6495530007,POINT (-87.649553000747 41.947207091229)
6114e9c594a7d635f61a0526ffc43658b0b7fb554d7ecd9f8574f07afc5ae6342df699066a99c258763fcf2bc5b36635677fc9c4077b1608619fb96ab08c098d,,08/28/2025 11:49:00 PM,30,NO CONTROLS,FUNCTIONING PROPERLY,CLEAR,"DARKNESS, LIGHTED ROAD",REAR END,NOT DIVIDED,,STRAIGHT AND LEVEL,DRY,NO DEFECTS,NOT ON SCENE (DESK REPORT),NO INJURY / DRIVE AWAY,,,,"OVER $1,500",08/29/2025 12:51:00 AM,FOLLOWING TOO CLOSELY,FOLLOWING TOO CLOSELY,2200,S,LAKE SHORE DR SB,132,,,,,,,2,NO INDICATION OF INJURY,0,0,0,0,0,2,0,23,5,8,41.8528456398,-87.6147063219,POINT (-87.614706321914 41.852845639769)
a7ee9831b5f23032fad9dc8c2fad64c5cc11712eea0f232ef565e8d26e642e803cbb83110b1f7442ee0d88b8f2ff952f2a9e9b6d63c59167e61807f6d2f25518,,08/28/2025 11:42:00 PM,35,TRAFFIC SIGNAL,FUNCTIONING PROPERLY,CLEAR,DARKNESS,REAR END,DIVIDED - W/MEDIAN (NOT RAISED),,STRAIGHT AND LEVEL,DRY,UNKNOWN,ON SCENE,INJURY AND / OR TOW DUE TO CRASH,,,Y,"OVER $1,500",08/28/2025 11:45:00 PM,IMPROPER BACKING,NOT APPLICABLE,1500,W,FULLERTON AVE,1932,,,,,,,2,NO INDICATION OF INJURY,0,0,0,0,0,2,0,23,5,8,41.9252924884,-87.6658320362,POINT (-87.665832036161 41.925292488358)
dfeff5ff3359b12cce98b75d6318d4ae7a6885967e2ef6c1b71d39225c025c86b2bb02d4f8c03bd831e3202c00f16a127693324c7facabe45f727e3b92ca0873,,08/28/2025 11:40:00 PM,20,NO CONTROLS,NO CONTROLS,CLEAR,"DARKNESS, LIGHTED ROAD",SIDESWIPE SAME DIRECTION,ONE-WAY,,STRAIGHT AND LEVEL,DRY,NO DEFECTS,ON SCENE,NO INJURY / DRIVE AWAY,,,,"$501 - $1,500",08/28/2025 11:55:00 PM,UNABLE TO DETERMINE,UNABLE TO DETERMINE,3,W,TERMINAL ST,1653,,,,,,,2,NO INDICATION OF INJURY,0,0,0,0,0,2,0,23,5,8,,,
897fd8eb89b902ef47e6da353cc28b6c5ae454abdf4f49c1504be8e51f2a997537d8e91b704ca3970399ec671a3bc46ade7a9e21df3345c92ee14d4eceb8e036,,08/28/2025 11:30:00 PM,30,TRAFFIC SIGNAL,FUNCTIONING PROPERLY,CLEAR,"DARKNESS, LIGHTED ROAD",TURNING,FOUR WAY,,STRAIGHT AND LEVEL,DRY,NO DEFECTS,NOT ON SCENE (DESK REPORT),NO INJURY / DRIVE AWAY,Y,,Y,"$501 - $1,500",08/29/2025 01:49:00 AM,UNABLE TO DETERMINE,UNABLE TO DETERMINE,727,N,MICHIGAN AVE,1833,,,,,,,2,NO INDICATION OF INJURY,0,0,0,0,0,3,0,23,5,8,41.8957017734,-87.6241233966,POINT (-87.624123396592 41.895701773443)
d969891d0906ce42970e4cf5d3bbfdd42974d1627aa509207d76269c76707422be277b6dcc7912a346683313abef2ce2a2b06d79be84de85cda4732994699922,,08/28/2025 11:30:00 PM,30,NO CONTROLS,UNKNOWN,CLEAR,"DARKNESS, LIGHTED ROAD",PARKED MOTOR VEHICLE,DIVIDED - W/MEDIAN BARRIER,,STRAIGHT AND LEVEL,DRY,NO DEFECTS,ON SCENE,INJURY AND / OR TOW DUE TO CRASH,,,,"$501 - $1,500",08/28/2025 11:34:00 PM,UNABLE TO DETERMINE,NOT APPLICABLE,7100,S,RIDGELAND AVE,324,,,,,,,2,NO INDICATION OF INJURY,0,0,0,0,0,1,0,23,5,8,41.7659725236,-87.5825906933,POINT (-87.582590693342 41.765972523614)
57ea24c05be95254541d2d39c478f92074a72a38696e0a8aa1fcc0c9ba25c6dacaffb1031cb6b7b58cce072210f1cb7905a34d8897bd3259cf47f5211d1d8276,,08/28/2025 11:15:00 PM,30,UNKNOWN,UNKNOWN,UNKNOWN,"DARKNESS, LIGHTED ROAD",SIDESWIPE SAME DIRECTION,NOT DIVIDED,,STRAIGHT AND LEVEL,UNKNOWN,UNKNOWN,NOT ON SCENE (DESK REPORT),NO INJURY / DRIVE AWAY,,,Y,"OVER $1,500",08/29/2025 10:45:00 AM,UNABLE TO DETERMINE,DRIVING SKILLS/KNOWLEDGE/EXPERIENCE,120,N,COLUMBUS DR,114,,,,,,,2,NO INDICATION OF INJURY,0,0,0,0,0,4,0,23,5,8,41.8838192967,-87.62077091,POINT (-87.620770909988 41.883819296748)
45aaf293171e2ae3f00f6c84cf035640124185c5a330ca61660d718a0b218b408a207fc3b6cdf5f96343e7fb11fc09a9eba8b65df00f3f1f88afc86864716cf6,,08/28/2025 11:00:00 PM,30,TRAFFIC SIGNAL,FUNCTIONING PROPERLY,CLEAR,"DARKNESS, LIGHTED ROAD",REAR END,FOUR WAY,,STRAIGHT AND LEVEL,UNKNOWN,NO DEFECTS,ON SCENE,INJURY AND / OR TOW DUE TO CRASH,Y,,,"OVER $1,500",08/28/2025 11:07:00 PM,FOLLOWING TOO CLOSELY,NOT APPLICABLE,4952,S,CICERO AVE,814,,Y,,,,,2,NO INDICATION OF INJURY,0,0,0,0,0,2,0,23,5,8,41.8024070069,-87.7431569312,POINT (-87.743156931152 41.802407006923)
272083328eee04134a4191d67a5744d04dd5965f981e4cb5ec45ef6a856ab33186ccf5ba7ea7f8b1efb0726840e311cfaaa7caf5b22675c5228395900e29a4c7,,08/28/2025 10:52:00 PM,30,TRAFFIC SIGNAL,FUNCTIONING PROPERLY,OTHER,DARKNESS,PARKED MOTOR VEHICLE,NOT DIVIDED,,STRAIGHT AND LEVEL,UNKNOWN,UNKNOWN,NOT ON SCENE (DESK REPORT),NO INJURY / DRIVE AWAY,,,,"OVER $1,500",08/30/2025 02:00:00 PM,UNABLE TO DETERMINE,NOT APPLICABLE,800,W,BUENA AVE,1915,,,,N,,,2,NO INDICATION OF INJURY,0,0,0,0,0,1,0,22,5,8,41.9585961131,-87.6498953901,POINT (-87.649895390114 41.95859611308)
c2e3efe675b8326e056269212a8bdb05656f54004ece04d9233fe78f9fdd1ea35c290a26e1a298e8a101e344e7a75a405da5b5d8eee3372bef7390dc85ea26de,,08/28/2025 10:48:00 PM,30,NO CONTROLS,NO CONTROLS,UNKNOWN,UNKNOWN,SIDESWIPE SAME DIRECTION,NOT DIVIDED,,STRAIGHT AND LEVEL,UNKNOWN,OTHER,ON SCENE,INJURY AND / OR TOW DUE TO CRASH,,,Y,"OVER $1,500",08/28/2025 10:56:00 PM,UNABLE TO DETERMINE,NOT APPLICABLE,6855,S,STATE ST,322,,,,,,,2,"REPORTED, NOT EVIDENT",2,0,0,0,2,2,0,22,5,8,41.7693887076,-87.6248688822,POINT (-87.624868882172 41.769388707647)
d2929d0db7542b2d80b975fb033d9fde6143a371dbb8abf34afa236634754b68e0fe6cbb106de22feb84329c7da93e342789b618ddc80897687fc16805d62ef6,,08/28/2025 10:30:00 PM,30,TRAFFIC SIGNAL,FUNCTIONING PROPERLY,CLEAR,"DARKNESS, LIGHTED ROAD",TURNING,DIVIDED - W/MEDIAN (NOT RAISED),,STRAIGHT AND LEVEL,DRY,NO DEFECTS,ON SCENE,INJURY AND / OR TOW DUE TO CRASH,,,,"OVER $1,500",08/28/2025 10:34:00 PM,UNABLE TO DETERMINE,NOT APPLICABLE,3601,N,WESTERN AVE,1921,,,,,,,3,NONINCAPACITATING INJURY,1,0,0,1,0,2,0,22,5,8,41.9468234003,-87.6881126338,POINT (-87.688112633821 41.946823400318)
08da42637013350ec8d52d3ea5c118b213b41a3558bfd5995e0a6100c6a6fe33419d30773c0c19bee8a493f92ffbec3372fb9b50364fb138f9eb49a1a7238596,,08/28/2025 10:16:00 PM,30,TRAFFIC SIGNAL,FUNCTIONING PROPERLY,CLEAR,"DARKNESS, LIGHTED ROAD",REAR END,NOT DIVIDED,,STRAIGHT AND LEVEL,DRY,NO DEFECTS,ON SCENE,INJURY AND / OR TOW DUE TO CRASH,,,Y,"$501 - $1,500",08/28/2025 10:16:00 PM,FOLLOWING TOO CLOSELY,UNABLE TO DETERMINE,4701,W,HARRISON ST,1131,,,,,,,2,"REPORTED, NOT EVIDENT",2,0,0,0,2,1,0,22,5,8,41.8730897635,-87.7426826717,POINT (-87.742682671659 41.873089763466)
32eb4216b5af5af5337bbded5e85e1ba43e0b7b44b24445c7c5eabf8a3a1a11337c6d6525b460b83c8c89dd9cfbe762e731c4e22a429444c77070c8fe1a678c0,,08/28/2025 10:01:00 PM,25,TRAFFIC SIGNAL,NOT FUNCTIONING,CLEAR,"DARKNESS, LIGHTED ROAD",REAR END,NOT DIVIDED,,STRAIGHT AND LEVEL,DRY,NO DEFECTS,ON SCENE,NO INJURY / DRIVE AWAY,,,,"OVER $1,500",08/28/2025 10:03:00 PM,ROAD ENGINEERING/SURFACE/MARKING DEFECTS,FAILING TO REDUCE SPEED TO AVOID CRASH,4202,N,CENTRAL AVE,1624,,,,,,,2,NO INDICATION OF INJURY,0,0,0,0,0,2,0,22,5,8,41.9569330561,-87.7672740232,POINT (-87.767274023166 41.956933056129)
9959fbcffb4f3c5c15beaacaade5abcf13e3c67183f676037095a0e125007360ce41742606d316b43e70d002ca88a72c2839ac85b280252fe666e7464e214e10,,08/28/2025 10:00:00 PM,30,TRAFFIC SIGNAL,FUNCTIONING PROPERLY,CLEAR,"DARKNESS, LIGHTED ROAD",TURNING,NOT DIVIDED,,STRAIGHT AND LEVEL,DRY,NO DEFECTS,ON SCENE,NO INJURY / DRIVE AWAY,Y,,,$500 OR LESS,08/28/2025 10:03:00 PM,UNABLE TO DETERMINE,UNABLE TO DETERMINE,1200,W,ADDISON ST,1923,,,,,,,2,NO INDICATION OF INJURY,0,0,0,0,0,2,0,22,5,8,41.947257247,-87.6592325765,POINT (-87.659232576491 41.947257246965)
a0bfeed8c2db567bcb3393165b72946c78b736f1f194af4dd7f10ce7a0e87ad13790d8f2005633c4a6f523c6b796560189d6e7f75eefbca33f2377abed0a640c,,08/28/2025 09:50:00 PM,30,TRAFFIC SIGNAL,FUNCTIONING PROPERLY,CLEAR,"DARKNESS, LIGHTED ROAD",REAR END,FOUR WAY,,STRAIGHT AND LEVEL,DRY,NO DEFECTS,NOT ON SCENE (DESK REPORT),INJURY AND / OR TOW DUE TO CRASH,Y,,Y,"$501 - $1,500",08/28/2025 10:00:00 PM,UNABLE TO DETERMINE,UNABLE TO DETERMINE,338,W,OAK ST,1823,,,,,,,2,"REPORTED, NOT EVIDENT",1,0,0,0,1,2,0,21,5,8,41.9006154732,-87.6372946055,POINT (-87.637294605486 41.900615473194)
b4948fcce2e450f1faa6ce4335b84a3a377085dd2e36109fe596ff0e6cdf42e5f7e096c3a00e2be2e9590604bb69af41c44540a71bf1cb501c8eb73ceac251c2,,08/28/2025 09:45:00 PM,15,POLICE/FLAGMAN,OTHER,CLEAR,"DARKNESS, LIGHTED ROAD",SIDESWIPE SAME DIRECTION,PARKING LOT,,STRAIGHT ON GRADE,DRY,NO DEFECTS,ON SCENE,NO INJURY / DRIVE AWAY,,,Y,"$501 - $1,500",08/28/2025 09:46:00 PM,FAILING TO YIELD RIGHT-OF-WAY,NOT APPLICABLE,235,W,34TH ST,915,,,,,,,2,NO INDICATION OF INJURY,0,0,0,0,0,5,0,21,5,8,41.8326228578,-87.6328940809,POINT (-87.632894080908 41.832622857791)
146fd3a21ee1d36f9e72629fd3e8d9564f0faa463ff9b750540cbc4ed42120bcaa39d8cd5de2a3ddb9a61aaf2028f2fde876ffa76af77ef3f92850be1e195941,,08/28/2025 09:35:00 PM,25,NO CONTROLS,NO CONTROLS,CLEAR,DARKNESS,SIDESWIPE SAME DIRECTION,DIVIDED - W/MEDIAN (NOT RAISED),,STRAIGHT AND LEVEL,DRY,UNKNOWN,ON SCENE,INJURY AND / OR TOW DUE TO CRASH,,,Y,"OVER $1,500",08/28/2025 10:10:00 PM,IMPROPER OVERTAKING/PASSING,UNABLE TO DETERMINE,3850,S,WESTERN BLVD,911,,,,,,,2,"REPORTED, NOT EVIDENT",1,0,0,0,1,1,0,21,5,8,41.8233055071,-87.6843998624,POINT (-87.684399862436 41.8233055071)
48623e929e14686a875d7ee444a0e59ba1ee7d79a9d7790fe162f1fbd1741cad991aed0694c6cceab8db5d56a6b8d8a7ff0bad1b4669d3640d2b700bc6389818,,08/28/2025 09:30:00 PM,30,NO CONTROLS,NO CONTROLS,CLEAR,"DARKNESS, LIGHTED ROAD",TURNING,DIVIDED - W/MEDIAN (NOT RAISED),,STRAIGHT AND LEVEL,DRY,NO DEFECTS,NOT ON SCENE (DESK REPORT),NO INJURY / DRIVE AWAY,,,,"OVER $1,500",08/28/2025 10:00:00 PM,UNABLE TO DETERMINE,NOT APPLICABLE,5749,S,HARLEM AVE,811,,,,,,,2,NO INDICATION OF INJURY,0,0,0,0,0,2,0,21,5,8,41.7868701488,-87.8011633047,POINT (-87.801163304692 41.786870148773)
73f81fbf8fedec76b27edbfd0655af0db728b5a3690e7e511ee2a1621829b2faa11613ca9167d7e04542ce7d4c6ffdab1d58b05685b1030b5718c34eb90f39f1,,08/28/2025 09:30:00 PM,30,TRAFFIC SIGNAL,FUNCTIONING PROPERLY,CLEAR,"DARKNESS, LIGHTED ROAD",TURNING,DIVIDED - W/MEDIAN (NOT RAISED),,STRAIGHT AND LEVEL,DRY,NO DEFECTS,NOT ON SCENE (DESK REPORT),NO INJURY / DRIVE AWAY,Y,,Y,"OVER $1,500",08/28/2025 10:30:00 PM,FAILING TO YIELD RIGHT-OF-WAY,UNABLE TO DETERMINE,6900,S,WENTWORTH AVE,731,,,,,,,2,NO INDICATION OF INJURY,0,0,0,0,0,2,0,21,5,8,41.7689916,-87.6300074056,POINT (-87.630007405551 41.76899160004)
e577883524fb5a4c322b04e135467e724175c53f5780072a403906e47ed614074e537a76611f07a614c688e682601a752bb0e9376ab8d986196a14a06d11d6f6,,08/28/2025 09:29:00 PM,30,NO CONTROLS,UNKNOWN,CLEAR,DARKNESS,PARKED MOTOR VEHICLE,NOT DIVIDED,,STRAIGHT AND LEVEL,DRY,UNKNOWN,ON SCENE,NO INJURY / DRIVE AWAY,,,Y,"OVER $1,500",08/28/2025 09:30:00 PM,"OPERATING VEHICLE IN ERRATIC, RECKLESS, CARELESS, NEGLIGENT OR AGGRESSIVE MANNER",UNABLE TO DETERMINE,2702,N,KILPATRICK AVE,2521,,Y,,,,,3,NO INDICATION OF INJURY,0,0,0,0,0,1,0,21,5,8,41.9296625051,-87.7442198435,POINT (-87.744219843461 41.929662505131)
468c9e1bcb150d666aa86b8f4a3e50469d69da3f31a71f8800cb66b9400615d7dd59a977799ffcf7ae7a639e37041bc6f27014c98f31eb7124357e94ede6ef5f,,08/28/2025 09:20:00 PM,30,TRAFFIC SIGNAL,FUNCTIONING PROPERLY,CLEAR,"DARKNESS, LIGHTED ROAD",REAR TO FRONT,"FIVE POINT, OR MORE",,STRAIGHT AND LEVEL,DRY,NO DEFECTS,NOT ON SCENE (DESK REPORT),NO INJURY / DRIVE AWAY,,,Y,"OVER $1,500",08/28/2025 10:00:00 PM,UNABLE TO DETERMINE,UNABLE TO DETERMINE,3440,N,CLARK ST,1924,Y,,,,,,2,NO INDICATION OF INJURY,0,0,0,0,0,3,0,21,5,8,41.9444527143,-87.6544168427,POINT (-87.654416842724 41.944452714278)
ccfd2a6f269f745fa3cd1c65fe9d63aa87ca8c22a369f2902f78dc6c312254d8c4dbb88622c0ec58523a5bd228bd24bf0d4ae3372cb6e1061440819c7db56338,,08/28/2025 09:20:00 PM,30,NO CONTROLS,NO CONTROLS,CLEAR,"DARKNESS, LIGHTED ROAD",TURNING,NOT DIVIDED,,STRAIGHT AND LEVEL,DRY,UNKNOWN,NOT ON SCENE (DESK REPORT),INJURY AND / OR TOW DUE TO CRASH,,,Y,"OVER $1,500",08/28/2025 10:50:00 PM,UNABLE TO DETERMINE,UNABLE TO DETERMINE,425,E,69TH ST,322,,,,,,,2,NO INDICATION OF INJURY,0,0,0,0,0,2,0,21,5,8,41.7692495232,-87.6142840397,POINT (-87.614284039691 41.769249523215)
def50f4cbb7cb211bd9e7eec24f0aee2693c8c03f57b16d5587edf2fc48cd33efc77b73dbb9ee2c8c4970cc0f1c280d746f0a1cca93e399ac62805a4b5db47a4,,08/28/2025 09:20:00 PM,30,TRAFFIC SIGNAL,FUNCTIONING PROPERLY,CLEAR,"DARKNESS, LIGHTED ROAD",PEDALCYCLIST,NOT DIVIDED,,STRAIGHT AND LEVEL,DRY,NO DEFECTS,NOT ON SCENE (DESK REPORT),INJURY AND / OR TOW DUE TO CRASH,,,Y,$500 OR LESS,08/29/2025 12:50:00 PM,FAILING TO YIELD RIGHT-OF-WAY,UNABLE TO DETERMINE,3777,N,CLARK ST,1923,,,,,,,2,"REPORTED, NOT EVIDENT",1,0,0,0,1,1,0,21,5,8,41.9510089878,-87.6594102333,POINT (-87.659410233324 41.9510089878)
4e6b6d7b8e69bbb17733cadb981376d540e89c5d663f78e16123b1adf1d0e2ba7600d9c179a5f534b6ba7b2298f4331c86e291cdab9bfd9f7829be56847ef0ff,,08/28/2025 09:17:00 PM,20,NO CONTROLS,NO CONTROLS,CLEAR,"DARKNESS, LIGHTED ROAD",REAR TO FRONT,NOT DIVIDED,,STRAIGHT AND LEVEL,DRY,NO DEFECTS,NOT ON SCENE (DESK REPORT),INJURY AND / OR TOW DUE TO CRASH,,,,"OVER $1,500",08/28/2025 11:55:00 PM,IMPROPER BACKING,IMPROPER BACKING,901,S,KILPATRICK AVE,1131,,,,,,,2,NO INDICATION OF INJURY,0,0,0,0,0,2,0,21,5,8,41.8695379862,-87.7422876119,POINT (-87.74228761191 41.869537986185)
60942b878d021cddfae29ac015287ffe74d1b01b0cbc979216169a1617f328d38469b82d27eb763acecaf7d7d84046a3773c7daa3dbb0691f7047fb9e11a1a61,,08/28/2025 09:02:00 PM,30,STOP SIGN/FLASHER,FUNCTIONING PROPERLY,CLEAR,"DARKNESS, LIGHTED ROAD",OTHER OBJECT,FOUR WAY,,STRAIGHT AND LEVEL,DRY,NO DEFECTS,ON SCENE,INJURY AND / OR TOW DUE TO CRASH,Y,,,$500 OR LESS,08/28/2025 09:04:00 PM,DRIVING ON WRONG SIDE/WRONG WAY,FAILING TO REDUCE SPEED TO AVOID CRASH,1200,W,CORNELIA AVE,1924,,,,,,,2,NONINCAPACITATING INJURY,1,0,0,1,0,2,0,21,5,8,41.9454258364,-87.6592422856,POINT (-87.659242285635 41.945425836403)
5adb874aec8b4f2f50de589ab90733bd064571a6e97e18e5199529ece99b944655c5e84292c1875c89dd42680b96a96da50f6a0bd8c8f2f0f95f1505627a1a78,,08/28/2025 08:50:00 PM,30,UNKNOWN,UNKNOWN,CLEAR,"DARKNESS, LIGHTED ROAD",REAR END,DIVIDED - W/MEDIAN (NOT RAISED),,STRAIGHT AND LEVEL,DRY,UNKNOWN,NOT ON SCENE (DESK REPORT),NO INJURY / DRIVE AWAY,,,,"OVER $1,500",08/28/2025 10:23:00 PM,FAILING TO REDUCE SPEED TO AVOID CRASH,DRIVING SKILLS/KNOWLEDGE/EXPERIENCE,2820,N,NARRAGANSETT AVE,2511,,,,,,,3,NO INDICATION OF INJURY,0,0,0,0,0,3,0,20,5,8,41.9316582148,-87.7858587812,POINT (-87.785858781246 41.931658214801)