CRASH_RECORD_ID,CRASH_DATE_EST_I,CRASH_DATE,POSTED_SPEED_LIMIT,TRAFFIC_CONTROL_DEVICE,DEVICE_CONDITION,WEATHER_CONDITION,LIGHTING_CONDITION,FIRST_CRASH_TYPE,TRAFFICWAY_TYPE,LANE_CNT,ALIGNMENT,ROADWAY_SURFACE_COND,ROAD_DEFECT,REPORT_TYPE,CRASH_TYPE,INTERSECTION_RELATED_I,NOT_RIGHT_OF_WAY_I,HIT_AND_RUN_I,DAMAGE,DATE_POLICE_NOTIFIED,PRIM_CONTRIBUTORY_CAUSE,SEC_CONTRIBUTORY_CAUSE,STREET_NO,STREET_DIRECTION,STREET_NAME,BEAT_OF_OCCURRENCE,PHOTOS_TAKEN_I,STATEMENTS_TAKEN_I,DOORING_I,WORK_ZONE_I,WORK_ZONE_TYPE,WORKERS_PRESENT_I,NUM_UNITS,MOST_SEVERE_INJURY,INJURIES_TOTAL,INJURIES_FATAL,INJURIES_INCAPACITATING,INJURIES_NON_INCAPACITATING,INJURIES_REPORTED_NOT_EVIDENT,INJURIES_NO_INDICATION,INJURIES_UNKNOWN,CRASH_HOUR,CRASH_DAY_OF_WEEK,CRASH_MONTH,LATITUDE,LONGITUDE,LOCATION
8bb1864952b2595961071cad5a93728825f9b835d227a886c823c860818096cb433e016cd6c876ef15f0c09bb9d3ef0254fc4f3fccadc2761179fc1658cd81de,,08/28/2025 08:49:00 PM,30,TRAFFIC SIGNAL,FUNCTIONING PROPERLY,CLEAR,"DARKNESS, LIGHTED ROAD",SIDESWIPE SAME DIRECTION,DIVIDED - W/MEDIAN (NOT RAISED),,STRAIGHT AND LEVEL,DRY,NO DEFECTS,ON SCENE,INJURY AND / OR TOW DUE TO CRASH,,,,"$501 - $1,500",08/28/2025 08:49:00 PM,IMPROPER TURNING/NO SIGNAL,NOT APPLICABLE,3999,N,CLARK ST,1923,,,,,,,2,NO INDICATION OF INJURY,0,0,0,0,0,2,0,20,5,8,41.9543434318,-87.6620524277,POINT (-87.66205242768 41.954343431761)
571d46f6ef4cd183555c613a57484ab712475e16a304465ef7cc4feb344290ab1a5dc45cb2dd6fd69766e2eb0b085a896a3181c69fa6f8cce3be29758addcddc,,08/28/2025 08:37:00 PM,35,STOP SIGN/FLASHER,OTHER,CLEAR,"DARKNESS, LIGHTED ROAD",ANGLE,FOUR WAY,,STRAIGHT AND LEVEL,DRY,NO DEFECTS,NOT ON SCENE (DESK REPORT),NO INJURY / DRIVE AWAY,,,,$500 OR LESS,08/28/2025 09:10:00 PM,UNABLE TO DETERMINE,UNABLE TO DETERMINE,7500,S,COLES AVE,421,,,,,,,2,NO INDICATION OF INJURY,0,0,0,0,0,2,0,20,5,8,41.7597491553,-87.558686097,POINT (-87.558686096985 41.759749155254)
8de5a4ab324e65c68bc8d03f1c960dad5ee853ed56a396dfa911068412dbc4bdde332fd28b451e9d2ebb4ed0dacaa4b6221e2272e2d2c248c6c2b4244604861a,,08/28/2025 08:30:00 PM,30,NO CONTROLS,NO CONTROLS,CLEAR,"DARKNESS, LIGHTED ROAD",REAR END,DIVIDED - W/MEDIAN BARRIER,,STRAIGHT AND LEVEL,DRY,NO DEFECTS,NOT ON SCENE (DESK REPORT),NO INJURY / DRIVE AWAY,,,Y,"OVER $1,500",08/28/2025 08:30:00 PM,FOLLOWING TOO CLOSELY,DRIVING SKILLS/KNOWLEDGE/EXPERIENCE,950,W,TAYLOR ST,1232,,,,,,,2,NO INDICATION OF INJURY,0,0,0,0,0,2,0,20,5,8,41.869623758,-87.6510436092,POINT (-87.651043609215 41.869623758005)
c50461e879c14a877d8fe3e6773ce8fc9c62b4b845a12f6930cf041833d2989b2982f44d348ec73c923d0a9c0c73f81d3a9aefeefdfc08b7bcd8223f06f0aa09,,08/28/2025 08:30:00 PM,30,NO CONTROLS,NO CONTROLS,CLEAR,"DARKNESS, LIGHTED ROAD",PARKED MOTOR VEHICLE,ONE-WAY,,STRAIGHT AND LEVEL,DRY,UNKNOWN,NOT ON SCENE (DESK REPORT),NO INJURY / DRIVE AWAY,,,Y,"OVER $1,500",08/28/2025 09:30:00 PM,UNABLE TO DETERMINE,UNABLE TO DETERMINE,816,W,CORNELIA AVE,1924,,,,,,,2,NO INDICATION OF INJURY,0,0,0,0,0,1,0,20,5,8,41.9455741651,-87.6501670839,POINT (-87.650167083868 41.945574165085)
fde8100f54cf838ed11d559d1cfec88e1b71c0e5d0d5f9477cf92a4d4ec8421fb3c768254ca5b825119911de2ac26e81291a8857d6aafcc00706e8427f144e87,Y,08/28/2025 08:30:00 PM,25,NO CONTROLS,NO CONTROLS,CLEAR,"DARKNESS, LIGHTED ROAD",PARKED MOTOR VEHICLE,NOT DIVIDED,,STRAIGHT AND LEVEL,DRY,NO DEFECTS,ON SCENE,NO INJURY / DRIVE AWAY,,,Y,"OVER $1,500",08/28/2025 11:25:00 PM,UNABLE TO DETERMINE,NOT APPLICABLE,2509,S,ALBANY AVE,1033,,,,,,,2,NO INDICATION OF INJURY,0,0,0,0,0,1,0,20,5,8,41.8460435574,-87.7024814809,POINT (-87.702481480915 41.846043557371)
82ef25ecc157cac4cc19d2f252a6eca70df5d6ec51a604258cb8c5d6beb91025ed65192194b3c77865086ed465fc93c9639e9e94405885bfc73379e86c5959b7,,08/28/2025 08:28:00 PM,25,TRAFFIC SIGNAL,FUNCTIONING PROPERLY,CLEAR,"DARKNESS, LIGHTED ROAD",REAR TO FRONT,DIVIDED - W/MEDIAN (NOT RAISED),,STRAIGHT AND LEVEL,DRY,NO DEFECTS,ON SCENE,NO INJURY / DRIVE AWAY,,,,$500 OR LESS,08/28/2025 08:31:00 PM,IMPROPER BACKING,IMPROPER LANE USAGE,948,W,FOSTER AVE,2023,,,,,,,2,NO INDICATION OF INJURY,0,0,0,0,0,6,0,20,5,8,41.9765134297,-87.6544908365,POINT (-87.654490836515 41.976513429682)
501d716277c112db342d3725b4aad9d59d39d2ea818af93aab1985f4d6eb72609de1f491ae920fe15868461b60f320098955338d2e1c89a06b9c35d027f9f871,,08/28/2025 08:20:00 PM,30,TRAFFIC SIGNAL,FUNCTIONING PROPERLY,CLEAR,"DARKNESS, LIGHTED ROAD",TURNING,DIVIDED - W/MEDIAN (NOT RAISED),,STRAIGHT AND LEVEL,DRY,NO DEFECTS,NOT ON SCENE (DESK REPORT),NO INJURY / DRIVE AWAY,Y,,N,"OVER $1,500",08/28/2025 09:30:00 PM,UNABLE TO DETERMINE,UNABLE TO DETERMINE,2401,N,CICERO AVE,2521,,,,,,,2,NO INDICATION OF INJURY,0,0,0,0,0,3,0,20,5,8,41.9242888488,-87.7461563112,POINT (-87.746156311176 41.924288848756)
e37455d79c511cf090ae121b59534d4404efc286e1d870977d9fe88a5c264a3dd00de186b75d363f40be848cb47a75bec57774a21093afafbab49002f0d86dba,,08/28/2025 08:10:00 PM,30,NO CONTROLS,NO CONTROLS,CLEAR,"DARKNESS, LIGHTED ROAD",REAR TO FRONT,NOT DIVIDED,,STRAIGHT AND LEVEL,DRY,UNKNOWN,NOT ON SCENE (DESK REPORT),NO INJURY / DRIVE AWAY,,,Y,"OVER $1,500",08/28/2025 08:50:00 PM,DRIVING SKILLS/KNOWLEDGE/EXPERIENCE,NOT APPLICABLE,3126,N,NARRAGANSETT AVE,2511,,,,,,,2,NO INDICATION OF INJURY,0,0,0,0,0,4,0,20,5,8,41.9372977142,-87.7860456048,POINT (-87.786045604844 41.937297714222)
a7489bca6c88a04d0cec794744997453b63b7d0f805d762ac9d67f17151e1df8f934bcc1dbca0cd6c858bbc85a0c5fca83903dbf5f40eb5876b703eb91b64e02,,08/28/2025 08:00:00 PM,35,NO CONTROLS,NO CONTROLS,CLEAR,DAYLIGHT,REAR END,NOT DIVIDED,,STRAIGHT AND LEVEL,DRY,NO DEFECTS,NOT ON SCENE (DESK REPORT),NO INJURY / DRIVE AWAY,,,,"$501 - $1,500",08/28/2025 08:30:00 PM,UNABLE TO DETERMINE,NOT APPLICABLE,5601,N,NAGLE AVE,1622,,,,,,,2,NO INDICATION OF INJURY,0,0,0,0,0,2,0,20,5,8,41.9830010371,-87.7875857702,POINT (-87.787585770213 41.983001037101)
b31bd8ecf213493cbad7e70db6207428abb8c79f092e30755f8a4142dbc692127b947e4cd940a602dcb7c958a3eab2bdc6177fd16a24ba5178c0d025606b5fbc,,08/28/2025 08:00:00 PM,30,TRAFFIC SIGNAL,FUNCTIONING PROPERLY,CLEAR,DARKNESS,PEDESTRIAN,FOUR WAY,,STRAIGHT AND LEVEL,DRY,UNKNOWN,ON SCENE,INJURY AND / OR TOW DUE TO CRASH,Y,,Y,"OVER $1,500",08/28/2025 08:07:00 PM,UNABLE TO DETERMINE,UNABLE TO DETERMINE,7358,S,HALSTED ST,733,,,,,,,2,NONINCAPACITATING INJURY,1,0,0,1,0,1,0,20,5,8,41.7598338444,-87.6444234755,POINT (-87.644423475542 41.759833844395)
50db328a3a5644a6af24d25b83053433b1ad33eb4195f1081e575f526810ba693e60bcaea16b3394688bff104554af8f299e7145ae0f77cdc030b7cb4aecdde6,,08/28/2025 07:58:00 PM,30,NO CONTROLS,NO CONTROLS,UNKNOWN,"DARKNESS, LIGHTED ROAD",PARKED MOTOR VEHICLE,ONE-WAY,,STRAIGHT AND LEVEL,UNKNOWN,NO DEFECTS,,NO INJURY / DRIVE AWAY,,,Y,"OVER $1,500",08/29/2025 03:18:00 AM,UNABLE TO DETERMINE,NOT APPLICABLE,3404,W,AINSLIE ST,1712,,,,,,,2,NO INDICATION OF INJURY,0,0,0,0,0,1,0,19,5,8,41.9703308812,-87.7136292677,POINT (-87.713629267728 41.970330881203)
7ba759887df350cc13db69723eb2a52f07121481aeab677d98b9b550a046337f760a476e0967d188e6b00c85f28aab03d5e904c9fb718f1b43fa2e48f4f7c3f7,,08/28/2025 07:50:00 PM,35,NO CONTROLS,NO CONTROLS,CLEAR,"DARKNESS, LIGHTED ROAD",TURNING,DIVIDED - W/MEDIAN (NOT RAISED),,STRAIGHT AND LEVEL,DRY,UNKNOWN,NOT ON SCENE (DESK REPORT),NO INJURY / DRIVE AWAY,,,,"OVER $1,500",08/28/2025 08:30:00 PM,FAILING TO YIELD RIGHT-OF-WAY,NOT APPLICABLE,5435,S,KEDZIE AVE,923,,,,,,,2,NO INDICATION OF INJURY,0,0,0,0,0,2,0,19,5,8,41.7943834229,-87.7034374038,POINT (-87.70343740378 41.794383422853)
c62a8ba9b78b9e8f4f6e1b3bd5dbdbb479dca0f252137e75e059c868473f64033fe730de90315e66c37c661dd1fcd3fb04524f3e382f239e72d0a26b39cf2215,,08/28/2025 07:50:00 PM,30,NO CONTROLS,NO CONTROLS,CLEAR,DARKNESS,PARKED MOTOR VEHICLE,NOT DIVIDED,,STRAIGHT AND LEVEL,DRY,NO DEFECTS,ON SCENE,NO INJURY / DRIVE AWAY,,,,"$501 - $1,500",08/28/2025 07:50:00 PM,IMPROPER BACKING,UNABLE TO DETERMINE,3400,W,71ST PL,831,,,,,,,2,NO INDICATION OF INJURY,0,0,0,0,0,2,0,19,5,8,41.7635060026,-87.7077992764,POINT (-87.707799276422 41.763506002595)
10c4ed165f6007a519a21b051293a5528e890a266b070fb66d302e910152848304708337146a53f4cff632b34817a0b14bdc5e4da094b0d815fa25e0fd29a4f7,,08/28/2025 07:40:00 PM,20,NO CONTROLS,NO CONTROLS,CLEAR,DUSK,REAR TO FRONT,NOT DIVIDED,,STRAIGHT AND LEVEL,DRY,NO DEFECTS,NOT ON SCENE (DESK REPORT),NO INJURY / DRIVE AWAY,,Y,Y,"$501 - $1,500",08/28/2025 08:00:00 PM,UNABLE TO DETERMINE,UNABLE TO DETERMINE,353,N,DESPLAINES ST,1214,,,,,,,2,NO INDICATION OF INJURY,0,0,0,0,0,2,0,19,5,8,41.8883656606,-87.6441695346,POINT (-87.644169534553 41.888365660566)
c88eaf1631a25122b150690d2c2098f6eb4f933124d2ab8379955c5b0206fb68698acdd97e439968325fdda6e2e0fd7a6634d4d1939bac79263688cda5113718,,08/28/2025 07:40:00 PM,40,NO CONTROLS,NO CONTROLS,CLEAR,DAYLIGHT,REAR END,DIVIDED - W/MEDIAN BARRIER,,STRAIGHT AND LEVEL,DRY,NO DEFECTS,ON SCENE,INJURY AND / OR TOW DUE TO CRASH,,,,"OVER $1,500",08/28/2025 07:56:00 PM,UNABLE TO DETERMINE,NOT APPLICABLE,2556,N,LAKE SHORE DR SB,1935,,,,,,,3,NONINCAPACITATING INJURY,1,0,0,1,0,3,0,19,5,8,41.9296042463,-87.6322943317,POINT (-87.632294331711 41.929604246275)
fbeb78c96bd73395cc7f16bc3b71c6f5ff1e5286c124904326ad19e078ddaf839b32212a9a3d0813c1f945f8ded8f28c499a0741beca9ca354a4690c81d50e19,,08/28/2025 07:40:00 PM,30,TRAFFIC SIGNAL,FUNCTIONING PROPERLY,CLEAR,DAYLIGHT,REAR END,FOUR WAY,,STRAIGHT AND LEVEL,DRY,NO DEFECTS,NOT ON SCENE (DESK REPORT),NO INJURY / DRIVE AWAY,,,,"OVER $1,500",08/30/2025 10:30:00 AM,UNABLE TO DETERMINE,NOT APPLICABLE,5401,W,DIVERSEY AVE,2514,,,,,,,2,NO INDICATION OF INJURY,0,0,0,0,0,2,0,19,5,8,41.9312261584,-87.7613936082,POINT (-87.76139360816 41.931226158393)
60d52bc08188264a4b23925da5f3f49d45e5012b383ac4760c770e2bd751eda9094cfc201e42556a244f57fb98abddfe4bd146119fc08d690854bfab9d8eed42,,08/28/2025 07:39:00 PM,30,STOP SIGN/FLASHER,FUNCTIONING PROPERLY,CLEAR,"DARKNESS, LIGHTED ROAD",ANGLE,FOUR WAY,,STRAIGHT AND LEVEL,DRY,NO DEFECTS,ON SCENE,INJURY AND / OR TOW DUE TO CRASH,Y,,,"OVER $1,500",08/28/2025 07:40:00 PM,"VISION OBSCURED (SIGNS, TREE LIMBS, BUILDINGS, ETC.)",NOT APPLICABLE,4557,S,INDIANA AVE,215,,,,,,,2,NONINCAPACITATING INJURY,1,0,0,1,0,2,0,19,5,8,41.8112743309,-87.6211176623,POINT (-87.621117662258 41.811274330856)
ea58b26404328ac1d695b4fd4c0f81ab24e27094ae59bde94d740f72bb1a884df083889eac189df53a2432ddd4ecfbdbdc5cbd0f81aee34181be3d58f84658d5,,08/28/2025 07:37:00 PM,30,NO CONTROLS,FUNCTIONING PROPERLY,CLEAR,DARKNESS,SIDESWIPE SAME DIRECTION,NOT DIVIDED,,STRAIGHT AND LEVEL,DRY,NO DEFECTS,NOT ON SCENE (DESK REPORT),NO INJURY / DRIVE AWAY,,,,"OVER $1,500",08/28/2025 07:58:00 PM,IMPROPER LANE USAGE,NOT APPLICABLE,1598,W,VAN BUREN ST,1231,,,,,,,2,NO INDICATION OF INJURY,0,0,0,0,0,2,0,19,5,8,41.8764606299,-87.6666220791,POINT (-87.666622079113 41.876460629864)
949a047d58514c2eab56a24798d6b29f03267e0df64aace4fcf70f2b2e913eb5083ae70762c52b0919a865c7ab3c4209e92048b7a7d4aa1f87ca6201a2e8171f,,08/28/2025 07:33:00 PM,30,NO CONTROLS,NO CONTROLS,CLEAR,"DARKNESS, LIGHTED ROAD",SIDESWIPE SAME DIRECTION,NOT DIVIDED,,STRAIGHT AND LEVEL,DRY,NO DEFECTS,ON SCENE,INJURY AND / OR TOW DUE TO CRASH,,,Y,"OVER $1,500",08/28/2025 07:34:00 PM,UNABLE TO DETERMINE,UNABLE TO DETERMINE,714,W,DIVERSEY PKWY,1934,,,,,,,2,NO INDICATION OF INJURY,0,0,0,0,0,2,0,19,5,8,41.9328638822,-87.6472460822,POINT (-87.647246082179 41.932863882152)
6ba773af61937fc6e4355d98088e7659f624b394bfc665cd5cc6aadd50f9a60bd414680b5a9c9e9cfea549b100b8991e8765134bf38acf3e09e6ac37b33dadf3,,08/28/2025 07:27:00 PM,30,NO CONTROLS,NO CONTROLS,CLEAR,"DARKNESS, LIGHTED ROAD",REAR TO FRONT,NOT DIVIDED,,STRAIGHT AND LEVEL,DRY,NO DEFECTS,NOT ON SCENE (DESK REPORT),NO INJURY / DRIVE AWAY,,,,"OVER $1,500",08/28/2025 08:10:00 PM,IMPROPER BACKING,NOT APPLICABLE,3608,N,RACINE AVE,1923,,,,,,,2,NO INDICATION OF INJURY,0,0,0,0,0,2,0,19,5,8,41.9474259948,-87.65931719,POINT (-87.659317189951 41.947425994821)
b4af53bfc9419beaa3c638c94f34768adf782ccdf9a953b7b5dd07d1d11b9328d1ad1a408104b5db1aad83740efafd48a8f7b13e9f971cb6ff8f7890749a4758,,08/28/2025 07:22:00 PM,20,NO CONTROLS,NO CONTROLS,CLEAR,DAWN,PARKED MOTOR VEHICLE,ONE-WAY,,STRAIGHT AND LEVEL,UNKNOWN,UNKNOWN,NOT ON SCENE (DESK REPORT),NO INJURY / DRIVE AWAY,,,Y,"$501 - $1,500",08/28/2025 10:51:00 PM,NOT APPLICABLE,NOT APPLICABLE,5015,S,BLACKSTONE AVE,222,,,,,,,2,NO INDICATION OF INJURY,0,0,0,0,0,1,0,19,5,8,41.8037547907,-87.5903839454,POINT (-87.590383945444 41.803754790702)
24b18fb7e836428885a15574488c9a5d0e79103f32b24123c793ea0af74c05baa869f7777fbb6f5f0ed100838c86841beda64801095e9deedcad6754dc4ef321,,08/28/2025 07:20:00 PM,30,NO CONTROLS,NO CONTROLS,CLEAR,DAYLIGHT,SIDESWIPE SAME DIRECTION,NOT DIVIDED,,STRAIGHT AND LEVEL,DRY,NO DEFECTS,ON SCENE,NO INJURY / DRIVE AWAY,,,,$500 OR LESS,08/28/2025 07:27:00 PM,UNABLE TO DETERMINE,UNABLE TO DETERMINE,3220,W,111TH ST,2211,,,,,,,2,NO INDICATION OF INJURY,0,0,0,0,0,2,0,19,5,8,41.6916649245,-87.7017536658,POINT (-87.701753665789 41.691664924456)
88434d5e44d2a114d5e42bc1b2df80c7ce3e5a0b887dbdbe63f6a59e7994e8e3ccb2fef8dc8b6c02dbb355b2c3653e18ed85518fdc9d8e0b451036aa250e9b57,,08/28/2025 07:17:00 PM,30,TRAFFIC SIGNAL,FUNCTIONING PROPERLY,CLEAR,DAYLIGHT,OTHER OBJECT,NOT DIVIDED,,STRAIGHT AND LEVEL,DRY,NO DEFECTS,ON SCENE,NO INJURY / DRIVE AWAY,,,,"$501 - $1,500",08/28/2025 07:17:00 PM,IMPROPER OVERTAKING/PASSING,IMPROPER OVERTAKING/PASSING,1027,W,ADDISON ST,1924,,,,,,,1,NO INDICATION OF INJURY,0,0,0,0,0,1,0,19,5,8,41.9471165371,-87.6554598733,POINT (-87.655459873265 41.947116537075)
89a2a2398241ee0231a9dcdb80299f00c6c72e78e676b855a535a86742d3d18f16375f056588ecaf35a6fb1575fd3fe1827776bb61fe5a734e7ed6f9cdda4e92,,08/28/2025 07:09:00 PM,30,NO CONTROLS,NO CONTROLS,CLEAR,"DARKNESS, LIGHTED ROAD",TURNING,NOT DIVIDED,,STRAIGHT AND LEVEL,DRY,NO DEFECTS,ON SCENE,INJURY AND / OR TOW DUE TO CRASH,,,,"OVER $1,500",08/28/2025 07:11:00 PM,IMPROPER TURNING/NO SIGNAL,FAILING TO REDUCE SPEED TO AVOID CRASH,2770,W,IRVING PARK RD,1724,,,,,,,2,NO INDICATION OF INJURY,0,0,0,0,0,2,0,19,5,8,41.9540840101,-87.6981764436,POINT (-87.698176443562 41.95408401005)
54d2e9efdb54076a4c827fde9420c1df3fbdf43ac7c623ac6d714c229c7ce77adfb1c06d5d9342818c8df106bbfefb18c1adf49367cd87b45402176a54dc683b,,08/28/2025 07:05:00 PM,25,STOP SIGN/FLASHER,FUNCTIONING PROPERLY,CLEAR,DUSK,REAR END,T-INTERSECTION,,STRAIGHT AND LEVEL,DRY,UNKNOWN,ON SCENE,INJURY AND / OR TOW DUE TO CRASH,N,,Y,"OVER $1,500",08/28/2025 07:10:00 PM,FOLLOWING TOO CLOSELY,UNABLE TO DETERMINE,2601,W,35TH ST,911,,,,,,,2,"REPORTED, NOT EVIDENT",1,0,0,0,1,1,0,19,5,8,41.830076617,-87.690050472,POINT (-87.690050471985 41.830076617029)
30c26564c61639c2badb95852c57c7b39a243fbbe4b34b91aff4005ed30ba025615d9302c79467eced327daf672518e4bf555ac19d7f21021871aba8f053d22e,,08/28/2025 07:00:00 PM,15,NO CONTROLS,NO CONTROLS,CLEAR,DUSK,PARKED MOTOR VEHICLE,PARKING LOT,,STRAIGHT AND LEVEL,DRY,UNKNOWN,NOT ON SCENE (DESK REPORT),NO INJURY / DRIVE AWAY,,,Y,"$501 - $1,500",08/28/2025 07:50:00 PM,DRIVING SKILLS/KNOWLEDGE/EXPERIENCE,NOT APPLICABLE,2904,W,87TH ST,835,,,,,,,2,NO INDICATION OF INJURY,0,0,0,0,0,1,0,19,5,8,41.735425265,-87.6949287052,POINT (-87.694928705171 41.735425264952)
4efe069d4e3fd1ad236147b751c5e5ad448d529926752e17498f01029dcb8ace6378cfacd7efaa5328eeee99d3e5756f4107fd0b06d3c78c35c0f8b4dc8e9daa,Y,08/28/2025 07:00:00 PM,25,NO CONTROLS,NO CONTROLS,CLEAR,UNKNOWN,PARKED MOTOR VEHICLE,ONE-WAY,,STRAIGHT AND LEVEL,DRY,UNKNOWN,NOT ON SCENE (DESK REPORT),NO INJURY / DRIVE AWAY,,,Y,"$501 - $1,500",08/29/2025 08:30:00 AM,UNABLE TO DETERMINE,UNABLE TO DETERMINE,3238,N,NAGLE AVE,1632,,,,,,,2,NO INDICATION OF INJURY,0,0,0,0,0,1,0,19,5,8,41.9394701801,-87.7874652112,POINT (-87.787465211179 41.939470180115)
8127b6870404149eaaaa46b0520d34f9cc904ec8d9b8316ab1134022b8ea67235c66cd6fdc3664ea832f7063fd7347844c707e4ceaa35363aca87a20fb27c203,,08/28/2025 07:00:00 PM,30,STOP SIGN/FLASHER,NO CONTROLS,CLEAR,DAWN,PEDESTRIAN,NOT DIVIDED,,STRAIGHT AND LEVEL,DRY,NO DEFECTS,ON SCENE,INJURY AND / OR TOW DUE TO CRASH,Y,,,"OVER $1,500",08/28/2025 08:45:00 PM,NOT APPLICABLE,NOT APPLICABLE,1653,W,CONGRESS PKWY,1231,,,,,,,2,NONINCAPACITATING INJURY,1,0,0,1,0,2,0,19,5,8,41.8750333414,-87.6687530013,POINT (-87.668753001303 41.875033341441)
9ad729620814cfbc081e2adf94d1b9d5676bccafd0b20a0d8340c2dc13ac9998cd0b1ffc5dc72b5a206dde185b1b0f47f5395d9e52744ee5bc433d64b6d16245,,08/28/2025 07:00:00 PM,30,NO CONTROLS,NO CONTROLS,CLEAR,DAYLIGHT,REAR END,DIVIDED - W/MEDIAN (NOT RAISED),,STRAIGHT AND LEVEL,DRY,NO DEFECTS,NOT ON SCENE (DESK REPORT),NO INJURY / DRIVE AWAY,Y,,,$500 OR LESS,08/29/2025 04:05:00 PM,FOLLOWING TOO CLOSELY,DRIVING SKILLS/KNOWLEDGE/EXPERIENCE,5600,W,BRYN MAWR AVE,1622,,,,,,,2,NO INDICATION OF INJURY,0,0,0,0,0,2,0,19,5,8,41.9830490326,-87.768406291,POINT (-87.768406291011 41.983049032609)
8d2833b5696ad6f69097f6e79a1061ffcffe0d1a2cdb9a07a53c3d6a4518d871ecee8fd5457afed7773c4cb667055995c444d7edf2981f099b2809ae1f1acbb8,,08/28/2025 06:56:00 PM,15,NO CONTROLS,NO CONTROLS,CLEAR,DAYLIGHT,PEDESTRIAN,PARKING LOT,,STRAIGHT AND LEVEL,DRY,NO DEFECTS,ON SCENE,NO INJURY / DRIVE AWAY,,,Y,$500 OR LESS,08/28/2025 07:18:00 PM,UNABLE TO DETERMINE,UNABLE TO DETERMINE,4399,W,NORTH AVE,2534,,,,,,,2,NO INDICATION OF INJURY,0,0,0,0,0,2,0,18,5,8,41.9096463806,-87.7362230125,POINT (-87.736223012482 41.909646380603)
9ee1467f9226b28dd88880411947bb025ba8819a38b89ae6a716ec2f8d6b41f6dd9ee7f80d22d1ccf03e4743705a902b7da845d9ebe66e5e93a62d46ccb4df2e,,08/28/2025 06:45:00 PM,30,NO CONTROLS,NO CONTROLS,CLEAR,DAYLIGHT,PEDALCYCLIST,DIVIDED - W/MEDIAN BARRIER,,STRAIGHT AND LEVEL,DRY,NO DEFECTS,ON SCENE,INJURY AND / OR TOW DUE TO CRASH,,,,"OVER $1,500",08/28/2025 06:48:00 PM,UNABLE TO DETERMINE,UNABLE TO DETERMINE,3262,N,KIMBALL AVE,1732,,,,,,,2,NONINCAPACITATING INJURY,1,0,0,1,0,1,0,18,5,8,41.94119223,-87.7127074228,POINT (-87.712707422811 41.941192229963)
a07ffd018277484e5513358d0b3f7324ff92c18beacfd3974bcfc6e9b3fbc9d571d1b8f159045ccd5933a5d84aca0cf156e461455c43a5c7f222708aa492751e,,08/28/2025 06:45:00 PM,30,TRAFFIC SIGNAL,FUNCTIONING PROPERLY,CLEAR,DAYLIGHT,REAR END,DIVIDED - W/MEDIAN (NOT RAISED),,STRAIGHT AND LEVEL,DRY,UNKNOWN,NOT ON SCENE (DESK REPORT),NO INJURY / DRIVE AWAY,,,,"OVER $1,500",08/28/2025 08:00:00 PM,FOLLOWING TOO CLOSELY,NOT APPLICABLE,2239,N,WESTERN AVE,1432,,,,,,,2,NO INDICATION OF INJURY,0,0,0,0,0,3,0,18,5,8,41.9228223244,-87.6874310794,POINT (-87.687431079372 41.922822324419)
0099cadf15725ed89ac1207b7596fdf9c8d5300c998f3fef0cf2efde6b6e576a3f61009f8bf5032f0a5877effd21e9a9b8ab08ad87518b1c238bca8cdc077367,,08/28/2025 06:40:00 PM,25,NO CONTROLS,NO CONTROLS,CLEAR,DAYLIGHT,REAR TO SIDE,PARKING LOT,,STRAIGHT AND LEVEL,DRY,NO DEFECTS,NOT ON SCENE (DESK REPORT),NO INJURY / DRIVE AWAY,,,,"OVER $1,500",08/28/2025 07:45:00 PM,IMPROPER BACKING,IMPROPER BACKING,564,W,TAYLOR ST,124,,,,,,,2,NO INDICATION OF INJURY,0,0,0,0,0,2,0,18,5,8,41.8698325614,-87.6419369875,POINT (-87.641936987482 41.86983256144)
68468f317ee4c939aa2b984faf015007ea5afe266c7839162cba5dbef8ed00aebcf6b45ecde93790cc345bc0fe6ba09524d184f5c4d39a6334a7c9558f26fbd5,,08/28/2025 06:40:00 PM,25,UNKNOWN,UNKNOWN,UNKNOWN,UNKNOWN,SIDESWIPE OPPOSITE DIRECTION,NOT DIVIDED,,STRAIGHT AND LEVEL,UNKNOWN,UNKNOWN,NOT ON SCENE (DESK REPORT),NO INJURY / DRIVE AWAY,,,Y,"OVER $1,500",08/28/2025 09:00:00 PM,NOT APPLICABLE,NOT APPLICABLE,500,E,67TH ST,321,,,,,,,2,NO INDICATION OF INJURY,0,0,0,0,0,2,0,18,5,8,41.7731231953,-87.6129877079,POINT (-87.612987707912 41.773123195334)
75d5949c1260bf657015d82fbe2881ffdb454a9fab59253df941adf00cbfb5ef08e534020fb5802e0db5e868f2e15c441ff3bd5f25526bc4a4626d9448c64932,,08/28/2025 06:34:00 PM,30,TRAFFIC SIGNAL,FUNCTIONING PROPERLY,CLEAR,DAYLIGHT,PEDESTRIAN,FOUR WAY,,STRAIGHT AND LEVEL,DRY,NO DEFECTS,ON SCENE,INJURY AND / OR TOW DUE TO CRASH,,,Y,"OVER $1,500",08/28/2025 08:28:00 PM,UNABLE TO DETERMINE,UNABLE TO DETERMINE,3400,W,LAWRENCE AVE,1712,,,,,,,2,"REPORTED, NOT EVIDENT",1,0,0,0,1,1,0,18,5,8,41.9685101423,-87.7134257752,POINT (-87.713425775248 41.968510142288)
7249b5a749f8e8d01f24a396d358fdfa73f3d833a157f6ef4dc930179d5b309c984861ef51799788b06eaae54568b9898bd9778d718e1969a86639b93a6873dd,,08/28/2025 06:30:00 PM,30,TRAFFIC SIGNAL,FUNCTIONING PROPERLY,CLEAR,DAYLIGHT,TURNING,NOT DIVIDED,,STRAIGHT AND LEVEL,DRY,NO DEFECTS,NOT ON SCENE (DESK REPORT),NO INJURY / DRIVE AWAY,,,,"OVER $1,500",08/28/2025 07:30:00 PM,IMPROPER TURNING/NO SIGNAL,UNABLE TO DETERMINE,7200,W,HIGGINS AVE,1613,,,,,,,2,NO INDICATION OF INJURY,0,0,0,0,0,2,0,18,5,8,41.9812381615,-87.8069973684,POINT (-87.806997368434 41.981238161467)