CRASH_RECORD_ID,CRASH_DATE_EST_I,CRASH_DATE,POSTED_SPEED_LIMIT,TRAFFIC_CONTROL_DEVICE,DEVICE_CONDITION,WEATHER_CONDITION,LIGHTING_CONDITION,FIRST_CRASH_TYPE,TRAFFICWAY_TYPE,LANE_CNT,ALIGNMENT,ROADWAY_SURFACE_COND,ROAD_DEFECT,REPORT_TYPE,CRASH_TYPE,INTERSECTION_RELATED_I,NOT_RIGHT_OF_WAY_I,HIT_AND_RUN_I,DAMAGE,DATE_POLICE_NOTIFIED,PRIM_CONTRIBUTORY_CAUSE,SEC_CONTRIBUTORY_CAUSE,STREET_NO,STREET_DIRECTION,STREET_NAME,BEAT_OF_OCCURRENCE,PHOTOS_TAKEN_I,STATEMENTS_TAKEN_I,DOORING_I,WORK_ZONE_I,WORK_ZONE_TYPE,WORKERS_PRESENT_I,NUM_UNITS,MOST_SEVERE_INJURY,INJURIES_TOTAL,INJURIES_FATAL,INJURIES_INCAPACITATING,INJURIES_NON_INCAPACITATING,INJURIES_REPORTED_NOT_EVIDENT,INJURIES_NO_INDICATION,INJURIES_UNKNOWN,CRASH_HOUR,CRASH_DAY_OF_WEEK,CRASH_MONTH,LATITUDE,LONGITUDE,LOCATION
ead78157851ba5d20b2154df551bed135f572cbd30ecc8ca3cdd70478f0b7f1016f0229c017bfea7fc504b7f50fe34bb5699a49a1a8c9807ac1edb3045f7f734,,08/28/2025 06:30:00 PM,30,NO CONTROLS,NO CONTROLS,CLEAR,"DARKNESS, LIGHTED ROAD",PARKED MOTOR VEHICLE,ONE-WAY,,STRAIGHT AND LEVEL,DRY,NO DEFECTS,NOT ON SCENE (DESK REPORT),NO INJURY / DRIVE AWAY,,,Y,"OVER $1,500",08/28/2025 09:00:00 PM,UNABLE TO DETERMINE,NOT APPLICABLE,8214,S,CARPENTER ST,613,,,,,,,2,NO INDICATION OF INJURY,0,0,0,0,0,1,0,18,5,8,41.7446013269,-87.6500834905,POINT (-87.650083490512 41.744601326934)
adb811c890f5c733bab70f2460445aef4a39a05b7c84714196c1a0611327c30a112c816d0994f31516f9d0a61efdb893cb2a6e09f497f424b0b28e34150e49cd,,08/28/2025 06:29:00 PM,30,NO CONTROLS,NO CONTROLS,CLEAR,DAYLIGHT,TURNING,OTHER,,STRAIGHT AND LEVEL,DRY,NO DEFECTS,NOT ON SCENE (DESK REPORT),NO INJURY / DRIVE AWAY,,,,"$501 - $1,500",08/28/2025 06:50:00 PM,UNABLE TO DETERMINE,NOT APPLICABLE,2356,W,111TH ST,2212,,,,,,,2,NO INDICATION OF INJURY,0,0,0,0,0,2,0,18,5,8,41.6918873569,-87.6809707259,POINT (-87.680970725923 41.691887356876)
a2c5c83584caf7d9ec0994e2f9c9e26ba976a7b9abd44e8363ca1a64697a879c87e2eadafd5a01f3ebe2687318f5c1ee643d871b21cd3d1867d8d79d5b07530d,,08/28/2025 06:20:00 PM,30,TRAFFIC SIGNAL,FUNCTIONING PROPERLY,CLEAR,DAYLIGHT,REAR END,NOT DIVIDED,,STRAIGHT AND LEVEL,DRY,NO DEFECTS,NOT ON SCENE (DESK REPORT),NO INJURY / DRIVE AWAY,,,,"OVER $1,500",08/28/2025 06:40:00 PM,UNABLE TO DETERMINE,UNABLE TO DETERMINE,1816,E,103RD ST,431,,,,,,,2,NO INDICATION OF INJURY,0,0,0,0,0,2,0,18,5,8,41.7079878617,-87.5799767357,POINT (-87.579976735733 41.70798786168)
49d4e99e6350676800935b6d3bc3cb34143f63c2a892fb4a46b65545366324d9a843d1d687a6d3b0d1366a0555f5bea3e861e8cb7cbe714fb2affbb8ba557452,,08/28/2025 06:15:00 PM,30,NO CONTROLS,NO CONTROLS,CLEAR,DAYLIGHT,SIDESWIPE SAME DIRECTION,ONE-WAY,,STRAIGHT AND LEVEL,DRY,NO DEFECTS,ON SCENE,NO INJURY / DRIVE AWAY,,,,"OVER $1,500",08/28/2025 06:19:00 PM,FAILING TO YIELD RIGHT-OF-WAY,DRIVING SKILLS/KNOWLEDGE/EXPERIENCE,1020,S,UNION AVE,1232,,,,,,,2,NO INDICATION OF INJURY,0,0,0,0,0,2,0,18,5,8,41.8690311233,-87.6455347626,POINT (-87.645534762634 41.869031123299)
aa061b8c4b60aef363d31e0f3a0e733390ecbbe86a782c27030a0643dd9e54524d89f4dbacd9e8663444666af450bfe2711449cc35ee1d31e0370a925355f145,N,08/28/2025 06:15:00 PM,35,TRAFFIC SIGNAL,FUNCTIONING PROPERLY,CLEAR,DAYLIGHT,PEDALCYCLIST,DIVIDED - W/MEDIAN (NOT RAISED),,STRAIGHT AND LEVEL,DRY,NO DEFECTS,ON SCENE,INJURY AND / OR TOW DUE TO CRASH,,,,"OVER $1,500",08/28/2025 07:27:00 PM,FAILING TO YIELD RIGHT-OF-WAY,NOT APPLICABLE,2302,N,MILWAUKEE AVE,1414,,,,,,,2,NONINCAPACITATING INJURY,1,0,0,1,0,1,0,18,5,8,41.9228813727,-87.6975481993,POINT (-87.697548199301 41.922881372682)
20731cc1d2e7417b34ff409983a336d09bf504eed54e022989564f5b7cc09595dc0611db08252365ba92efed5211f74ea503db881d4ba394af76a769d9455541,,08/28/2025 06:09:00 PM,30,NO CONTROLS,NO CONTROLS,CLEAR,DAYLIGHT,FIXED OBJECT,DIVIDED - W/MEDIAN (NOT RAISED),,STRAIGHT AND LEVEL,DRY,NO DEFECTS,ON SCENE,NO INJURY / DRIVE AWAY,,,,"OVER $1,500",08/28/2025 06:09:00 PM,UNABLE TO DETERMINE,NOT APPLICABLE,9481,S,COLFAX AVE,423,,,,,,,1,NO INDICATION OF INJURY,0,0,0,0,0,1,0,18,5,8,41.7226939752,-87.56057784,POINT (-87.560577839953 41.722693975218)
1ebfa189271a5bfdcb99905106c91d18cc0aa670c1075c8555a1e0e88ea99b90d87ea6a6de9d11f4ebd6ac17861c673c081a6a89af3cf63663d96f5f1ecb3bcd,,08/28/2025 06:00:00 PM,30,NO CONTROLS,NO CONTROLS,UNKNOWN,UNKNOWN,PARKED MOTOR VEHICLE,ONE-WAY,,STRAIGHT AND LEVEL,UNKNOWN,UNKNOWN,NOT ON SCENE (DESK REPORT),NO INJURY / DRIVE AWAY,,,Y,"OVER $1,500",08/29/2025 03:58:00 PM,UNABLE TO DETERMINE,UNABLE TO DETERMINE,6736,S,MERRILL AVE,331,,,,,,,2,NO INDICATION OF INJURY,0,0,0,0,0,1,0,18,5,8,41.7723809107,-87.5729473468,POINT (-87.572947346815 41.772380910704)
8793404a7a2e1b1b7d947c5e14621dc1ccf1f3d0b3458cfbfbcf2f4bae8b729e0d87f2196e4851d1d2fd3095fc012f3f7e443ca269fea14de9e446a3f644469b,,08/28/2025 06:00:00 PM,30,STOP SIGN/FLASHER,FUNCTIONING PROPERLY,CLEAR,DAYLIGHT,PEDESTRIAN,FOUR WAY,,STRAIGHT AND LEVEL,DRY,NO DEFECTS,NOT ON SCENE (DESK REPORT),INJURY AND / OR TOW DUE TO CRASH,,,,$500 OR LESS,08/28/2025 06:10:00 PM,FAILING TO YIELD RIGHT-OF-WAY,FAILING TO YIELD RIGHT-OF-WAY,826,W,RANDOLPH ST,1224,,,,,,,2,"REPORTED, NOT EVIDENT",1,0,0,0,1,1,0,18,5,8,41.8844987593,-87.6485487585,POINT (-87.648548758539 41.884498759292)
99f3b576a83e1e01807879d4521e1b4b0cddde5516b7394af0ca09ccf43c4a3507ec715ae10e1d9fcfb9fc453dd09513dd578365e8e08e4407cf91285fc394ce,,08/28/2025 06:00:00 PM,30,TRAFFIC SIGNAL,FUNCTIONING PROPERLY,CLEAR,DAYLIGHT,TURNING,FOUR WAY,,STRAIGHT AND LEVEL,DRY,NO DEFECTS,NOT ON SCENE (DESK REPORT),NO INJURY / DRIVE AWAY,Y,,,"OVER $1,500",08/28/2025 07:46:00 PM,DISREGARDING OTHER TRAFFIC SIGNS,NOT APPLICABLE,7100,S,INDIANA AVE,323,,,,,,,2,NO INDICATION OF INJURY,0,0,0,0,0,2,0,18,5,8,41.7655190435,-87.6202278551,POINT (-87.620227855065 41.765519043532)
dedfebd3f981372a68ec9f88d1f6d26ac0f9374a46f4e22d3bf6ef2ecc08293f4f03bfa70ab978fb72185bad57feb5dd4b7d240c3aece7db456489ae7e493131,,08/28/2025 06:00:00 PM,30,NO CONTROLS,NO CONTROLS,CLEAR,DAYLIGHT,REAR END,NOT DIVIDED,,STRAIGHT AND LEVEL,DRY,UNKNOWN,NOT ON SCENE (DESK REPORT),NO INJURY / DRIVE AWAY,,,,$500 OR LESS,08/28/2025 06:30:00 PM,FOLLOWING TOO CLOSELY,DISTRACTION - FROM INSIDE VEHICLE,1216,S,WESTERN AVE,1023,,,,,,,2,NO INDICATION OF INJURY,0,0,0,0,0,2,0,18,5,8,41.8660724671,-87.6861722937,POINT (-87.68617229366 41.866072467112)
c7ec24c317ecd1a7970ef8450f601e3ab23f75e93bb2e894e2f40be2e86bc74f1c075c3033b49b08fa9548f6396e75811e35f844054029777e6e88c7f9d1e7a8,,08/28/2025 05:56:00 PM,30,UNKNOWN,UNKNOWN,CLEAR,DAYLIGHT,SIDESWIPE SAME DIRECTION,DIVIDED - W/MEDIAN BARRIER,,STRAIGHT AND LEVEL,UNKNOWN,UNKNOWN,NOT ON SCENE (DESK REPORT),NO INJURY / DRIVE AWAY,,,Y,"OVER $1,500",08/28/2025 06:20:00 PM,UNABLE TO DETERMINE,UNABLE TO DETERMINE,1440,N,LAKE SHORE DR NB,1824,,,,,,,2,NO INDICATION OF INJURY,0,0,0,0,0,2,0,17,5,8,41.908988381,-87.6259972066,POINT (-87.62599720659 41.908988381018)
451cea8eea855b00b375554ddfd6c069c8289e332e93183117723f7afa3b25fc5bc2b41e5ff615362bc5b03837491436c7495149c58bc2e5e80e033f10169222,,08/28/2025 05:55:00 PM,30,TRAFFIC SIGNAL,FUNCTIONING PROPERLY,CLEAR,DAYLIGHT,REAR END,FOUR WAY,,STRAIGHT AND LEVEL,DRY,NO DEFECTS,ON SCENE,NO INJURY / DRIVE AWAY,Y,,,"OVER $1,500",08/28/2025 06:01:00 PM,FOLLOWING TOO CLOSELY,UNABLE TO DETERMINE,4400,W,55TH ST,815,,,,,,,2,NO INDICATION OF INJURY,0,0,0,0,0,6,0,17,5,8,41.7932260121,-87.733024083,POINT (-87.733024082995 41.793226012108)
9963aa7129b6c3c7e4b48f737e2aeef7e6c828a446c9415df161c8e96fd1770631854865d0840bea750dd9749c2c6202c56d466a8c767c8dfd173ed33584de76,,08/28/2025 05:50:00 PM,30,NO CONTROLS,NO CONTROLS,CLEAR,DAYLIGHT,SIDESWIPE SAME DIRECTION,DIVIDED - W/MEDIAN (NOT RAISED),,STRAIGHT AND LEVEL,DRY,NO DEFECTS,ON SCENE,NO INJURY / DRIVE AWAY,,,,"OVER $1,500",08/28/2025 07:00:00 PM,IMPROPER LANE USAGE,UNABLE TO DETERMINE,9907,S,WESTERN AVE,2213,,,,,,,2,NO INDICATION OF INJURY,0,0,0,0,0,3,0,17,5,8,41.7134074567,-87.6816882662,POINT (-87.681688266231 41.713407456689)
866f28c06543b8acf4ae9ea7d33935b6c02873f4e99f7e98ea9ed1c6576dcc6e502a0e5821259abacfd3d83b7dc4583a504f56504834b5e35d647a642a0f1f8a,,08/28/2025 05:45:00 PM,40,TRAFFIC SIGNAL,FUNCTIONING PROPERLY,CLEAR,DAYLIGHT,SIDESWIPE SAME DIRECTION,RAMP,,STRAIGHT AND LEVEL,DRY,NO DEFECTS,ON SCENE,NO INJURY / DRIVE AWAY,,,Y,"$501 - $1,500",08/28/2025 06:20:00 PM,IMPROPER OVERTAKING/PASSING,NOT APPLICABLE,162,N,BESSIE COLEMAN DR,1654,,,,,,,2,NO INDICATION OF INJURY,0,0,0,0,0,2,0,17,5,8,,,
b371808f8e398602670fad715317df208d3dc9c91917f35710fd56cc1003019a69c0ff3904b57a722372e67dc883ff6d4b61e4bcb87bbae902cdb79c3e08fb31,,08/28/2025 05:45:00 PM,30,TRAFFIC SIGNAL,FUNCTIONING PROPERLY,CLEAR,DAYLIGHT,SIDESWIPE SAME DIRECTION,NOT DIVIDED,,STRAIGHT AND LEVEL,DRY,NO DEFECTS,NOT ON SCENE (DESK REPORT),NO INJURY / DRIVE AWAY,,,Y,"OVER $1,500",08/28/2025 06:15:00 PM,UNABLE TO DETERMINE,NOT APPLICABLE,800,W,95TH ST,2223,,,,,,,2,NO INDICATION OF INJURY,0,0,0,0,0,3,0,17,5,8,41.7215669005,-87.6432753034,POINT (-87.643275303397 41.721566900478)
ca194fdc347953024e0950c863b123607cd20382c27460d2e621f3d309de02f05053cc546b3ab5bdb5d79a10c61ee08515073fd0877fefb5c3ebfe152caf1bc5,,08/28/2025 05:43:00 PM,30,NO CONTROLS,NO CONTROLS,CLEAR,DAYLIGHT,TURNING,NOT DIVIDED,,STRAIGHT AND LEVEL,DRY,NO DEFECTS,NOT ON SCENE (DESK REPORT),NO INJURY / DRIVE AWAY,,,,"$501 - $1,500",08/28/2025 07:10:00 PM,UNABLE TO DETERMINE,NOT APPLICABLE,320,W,WACKER DR,122,,,,,,,2,NO INDICATION OF INJURY,0,0,0,0,0,3,0,17,5,8,41.8864867565,-87.6362445019,POINT (-87.636244501938 41.886486756535)
cb58be8307e99708b72a36050b1beb61d2ddd0ebd627724f126cf01c2fd56091844d875e985a967555e7b157cf068dc3b8784409b512c64390a7d7f0b3fe56c5,,08/28/2025 05:39:00 PM,30,UNKNOWN,UNKNOWN,CLEAR,DAYLIGHT,PEDESTRIAN,NOT DIVIDED,,STRAIGHT AND LEVEL,DRY,UNKNOWN,ON SCENE,NO INJURY / DRIVE AWAY,,,Y,$500 OR LESS,08/28/2025 06:16:00 PM,UNABLE TO DETERMINE,UNABLE TO DETERMINE,1931,S,PAULINA ST,1234,,,,,,,2,NO INDICATION OF INJURY,0,0,0,0,0,2,0,17,5,8,41.8550690032,-87.6684296333,POINT (-87.668429633306 41.855069003184)
456c6e18fd16fdbe9b3a89cfb64f5ccc24222490a02a8b981ece62f9728bbe24f771f46e48bad52ec87c1b6c4c9eb4e700c236cc58af2a451fbdd332d9aa8c36,,08/28/2025 05:37:00 PM,30,STOP SIGN/FLASHER,FUNCTIONING PROPERLY,CLEAR,DAYLIGHT,ANGLE,FOUR WAY,,STRAIGHT AND LEVEL,DRY,NO DEFECTS,ON SCENE,INJURY AND / OR TOW DUE TO CRASH,Y,,,"OVER $1,500",08/28/2025 05:39:00 PM,FAILING TO YIELD RIGHT-OF-WAY,NOT APPLICABLE,2100,W,ADDISON ST,1921,,,,,,,2,NO INDICATION OF INJURY,0,0,0,0,0,2,0,17,5,8,41.9469404244,-87.6810445845,POINT (-87.681044584474 41.946940424439)
362927af320d6627045c551dba1ce634399b2865e1804a4e043083197d9379c56ed3fc13fcba37b2bb5fc3a5bc7fe6e9687004e019bc13bcbfd1b37c01862f12,,08/28/2025 05:35:00 PM,30,TRAFFIC SIGNAL,FUNCTIONING PROPERLY,CLEAR,DAYLIGHT,REAR END,DIVIDED - W/MEDIAN (NOT RAISED),,STRAIGHT AND LEVEL,DRY,NO DEFECTS,NOT ON SCENE (DESK REPORT),NO INJURY / DRIVE AWAY,Y,,Y,"OVER $1,500",08/28/2025 06:20:00 PM,UNABLE TO DETERMINE,NOT APPLICABLE,1651,E,95TH ST,431,,,,,,,2,NO INDICATION OF INJURY,0,0,0,0,0,4,0,17,5,8,41.7222615186,-87.5830719441,POINT (-87.583071944146 41.722261518618)
ace6add124971aef122b113da464d686406a1ed26af857f58bb932b54569286dcb1db6512542514e6ad6bd210dcbbe9cea7555e0fa3fc49bcd8d0a088c848968,Y,08/28/2025 05:35:00 PM,35,NO CONTROLS,NO CONTROLS,CLEAR,DAYLIGHT,PARKED MOTOR VEHICLE,NOT DIVIDED,,STRAIGHT AND LEVEL,DRY,NO DEFECTS,ON SCENE,INJURY AND / OR TOW DUE TO CRASH,,Y,N,"OVER $1,500",08/28/2025 05:35:00 PM,EQUIPMENT - VEHICLE CONDITION,NOT APPLICABLE,9420,S,EWING AVE,432,,Y,,,,,2,NO INDICATION OF INJURY,0,0,0,0,0,1,0,17,5,8,41.7243934672,-87.5379023624,POINT (-87.537902362357 41.72439346722)
5745bd4d6e748f0b053b02a87cde29c17388b457103d61e1c9e7e8c0a13ac12c484d94ce39d0582303b5ca6e10aa9f535d355f7a7cbf6214836da85f36bc0549,,08/28/2025 05:30:00 PM,30,UNKNOWN,UNKNOWN,CLEAR,DAYLIGHT,SIDESWIPE SAME DIRECTION,FOUR WAY,,STRAIGHT AND LEVEL,UNKNOWN,UNKNOWN,NOT ON SCENE (DESK REPORT),NO INJURY / DRIVE AWAY,,,,"OVER $1,500",08/28/2025 06:50:00 PM,UNABLE TO DETERMINE,UNABLE TO DETERMINE,502,N,MILWAUKEE AVE,1214,,,,,,,2,NO INDICATION OF INJURY,0,0,0,0,0,2,0,17,5,8,41.8912018975,-87.6478526276,POINT (-87.647852627647 41.891201897474)
63313ea20d7120fc30a54ca63519877a33649c163baa2bb2994ed7ff86cf6a5f34e1faa518995ab592deec7bbc911b5500135a8438b6d7cc8df29837c1e254b8,,08/28/2025 05:30:00 PM,30,STOP SIGN/FLASHER,FUNCTIONING PROPERLY,CLEAR,DAYLIGHT,REAR END,NOT DIVIDED,,STRAIGHT AND LEVEL,DRY,NO DEFECTS,NOT ON SCENE (DESK REPORT),NO INJURY / DRIVE AWAY,,,,"$501 - $1,500",08/28/2025 07:30:00 PM,UNABLE TO DETERMINE,UNABLE TO DETERMINE,101,S,DAMEN AVE,1223,,,,,,,2,NO INDICATION OF INJURY,0,0,0,0,0,2,0,17,5,8,41.879951968,-87.6764632939,POINT (-87.676463293904 41.879951968)
7c68bc1dbf2554f627a9a7396c40ae8cf8fb24626d86f7398433f67127f55e1c0c0ddd65c476ae6b94b7b1538629527a7b68249a5c27fa7084003df4d5129d17,,08/28/2025 05:30:00 PM,10,NO CONTROLS,NO CONTROLS,CLEAR,DAYLIGHT,PARKED MOTOR VEHICLE,DRIVEWAY,,STRAIGHT AND LEVEL,UNKNOWN,UNKNOWN,NOT ON SCENE (DESK REPORT),NO INJURY / DRIVE AWAY,,Y,,"OVER $1,500",08/29/2025 12:28:00 PM,UNABLE TO DETERMINE,UNABLE TO DETERMINE,2312,W,108TH PL,2212,,,,,,,2,NO INDICATION OF INJURY,0,0,0,0,0,1,0,17,5,8,41.6967474542,-87.6794198468,POINT (-87.679419846792 41.69674745423)
a80d1f76fe3286c38938e36b7e05a9b2cd1b9c370b9991f9a7f3fd702380f8084beba5475b7d89620922f6ff8a5467e4003160751d0547331820ffd9e416c0a7,,08/28/2025 05:30:00 PM,30,NO CONTROLS,NO CONTROLS,CLEAR,DAYLIGHT,SIDESWIPE SAME DIRECTION,NOT DIVIDED,,STRAIGHT AND LEVEL,DRY,NO DEFECTS,NOT ON SCENE (DESK REPORT),NO INJURY / DRIVE AWAY,,,,"OVER $1,500",08/28/2025 07:40:00 PM,UNABLE TO DETERMINE,UNABLE TO DETERMINE,6440,S,CICERO AVE,813,,,,,,,2,NO INDICATION OF INJURY,0,0,0,0,0,2,0,17,5,8,41.7753834429,-87.7423308104,POINT (-87.742330810393 41.775383442882)
daa3f2cbbd4a878626daf8cb04ed3817df2b2539c3e5d07400cb73f6332cf83a0ed8a76cb12f83da32554cabf4b35c77a2cf57c8592243a024ad0f4162f8776c,,08/28/2025 05:30:00 PM,30,TRAFFIC SIGNAL,FUNCTIONING PROPERLY,CLEAR,DAYLIGHT,REAR END,NOT DIVIDED,,STRAIGHT AND LEVEL,DRY,NO DEFECTS,ON SCENE,NO INJURY / DRIVE AWAY,Y,,Y,$500 OR LESS,08/28/2025 05:35:00 PM,UNABLE TO DETERMINE,NOT APPLICABLE,3898,S,ROCKWELL ST,911,,,,,,,2,NO INDICATION OF INJURY,0,0,0,0,0,2,0,17,5,8,41.8228871328,-87.6898738934,POINT (-87.689873893381 41.822887132829)
efdc6283f8624481f24e3770236f6f00bd82ed82fce6ffd0dc2f78d53fd9ab45d65d988b41c4420af8375a0618c205cd9c6cfe555432078b972fb684200c42c1,,08/28/2025 05:30:00 PM,30,NO CONTROLS,NO CONTROLS,UNKNOWN,UNKNOWN,REAR END,DIVIDED - W/MEDIAN (NOT RAISED),,STRAIGHT AND LEVEL,UNKNOWN,UNKNOWN,NOT ON SCENE (DESK REPORT),NO INJURY / DRIVE AWAY,,,,"$501 - $1,500",08/28/2025 05:54:00 PM,FOLLOWING TOO CLOSELY,FOLLOWING TOO CLOSELY,339,S,CENTRAL PARK BLVD,1133,,,,,,,2,NO INDICATION OF INJURY,0,0,0,0,0,2,0,17,5,8,41.875889361,-87.7155826353,POINT (-87.715582635274 41.875889360958)
f139e683b04881f20c16216ca14bafe6bbeb92ef978dba53559b8c8ba21868de40c213c1f0eaebd6ebc4dd9a6c43d9dcd9118f39768bf08351235a6cd87b176a,,08/28/2025 05:28:00 PM,30,NO CONTROLS,NO CONTROLS,CLEAR,DAYLIGHT,TURNING,DIVIDED - W/MEDIAN (NOT RAISED),,STRAIGHT AND LEVEL,DRY,NO DEFECTS,NOT ON SCENE (DESK REPORT),NO INJURY / DRIVE AWAY,,,,"OVER $1,500",08/28/2025 06:40:00 PM,DISTRACTION - FROM OUTSIDE VEHICLE,IMPROPER LANE USAGE,7309,W,IRVING PARK RD,1631,,,,,,,2,NO INDICATION OF INJURY,0,0,0,0,0,2,0,17,5,8,41.952584173,-87.8102291008,POINT (-87.810229100755 41.952584173003)
60891286a2007f99160c889df28ab9d7a3866de3037bc891ef060405470802f6d52b0f4272c4fca17da698ea2832dde6668ce33a95eb253d7b5dd70a4564f48c,,08/28/2025 05:25:00 PM,30,NO CONTROLS,NO CONTROLS,CLEAR,DAYLIGHT,PEDALCYCLIST,DIVIDED - W/MEDIAN (NOT RAISED),,STRAIGHT AND LEVEL,DRY,NO DEFECTS,ON SCENE,NO INJURY / DRIVE AWAY,,,,"OVER $1,500",08/28/2025 05:27:00 PM,FAILING TO REDUCE SPEED TO AVOID CRASH,NOT APPLICABLE,2230,N,SHEFFIELD AVE,1811,,,,,,,2,NO INDICATION OF INJURY,0,0,0,0,0,8,0,17,5,8,41.9226725607,-87.6536675459,POINT (-87.653667545864 41.922672560675)
bd8337eda84d87e40c0659e6f2768394f7bbb53ef5af299cdea4a96b376361e6fe4694916a4d8fc616c31611ce2ba52bfb9e894462e0321af6da3f080800beaf,,08/28/2025 05:20:00 PM,30,NO CONTROLS,NO CONTROLS,CLEAR,DAYLIGHT,SIDESWIPE SAME DIRECTION,NOT DIVIDED,,STRAIGHT AND LEVEL,DRY,NO DEFECTS,NOT ON SCENE (DESK REPORT),NO INJURY / DRIVE AWAY,,,Y,$500 OR LESS,08/28/2025 05:25:00 PM,UNABLE TO DETERMINE,UNABLE TO DETERMINE,2,N,HALSTED ST,1224,,,,,,,2,NO INDICATION OF INJURY,0,0,0,0,0,2,0,17,5,8,41.8818086816,-87.6475083354,POINT (-87.647508335359 41.881808681646)
e4e2f0819b8395a8ae94a9f3ae6008b4c3f59c5058b3e7ca4ab403b6c127e98adfc1a4d3b998ce3aeda248f2820fd5b46e40041e41f69930a37ba01ea7c724f2,,08/28/2025 05:18:00 PM,15,NO CONTROLS,NO CONTROLS,CLEAR,DAYLIGHT,PEDESTRIAN,ALLEY,,STRAIGHT AND LEVEL,DRY,NO DEFECTS,ON SCENE,NO INJURY / DRIVE AWAY,Y,,,"$501 - $1,500",08/28/2025 05:19:00 PM,FAILING TO YIELD RIGHT-OF-WAY,"VISION OBSCURED (SIGNS, TREE LIMBS, BUILDINGS, ETC.)",7853,S,CARPENTER ST,612,,,,,,,2,NO INDICATION OF INJURY,0,0,0,0,0,3,0,17,5,8,41.7508134169,-87.649962011,POINT (-87.649962010965 41.750813416868)
0d1411596bd886e5966778cf88a4a8ce8796864efd5a54c947dba2587993d6de6f8d1985bdb9e5e20ed4d2e0f34bb59428c694668f8380a5b3143389a8236cff,,08/28/2025 05:15:00 PM,20,NO CONTROLS,NO CONTROLS,CLEAR,DAYLIGHT,TURNING,T-INTERSECTION,,STRAIGHT AND LEVEL,DRY,UNKNOWN,ON SCENE,NO INJURY / DRIVE AWAY,,,,"OVER $1,500",08/28/2025 05:16:00 PM,FAILING TO YIELD RIGHT-OF-WAY,UNABLE TO DETERMINE,3003,E,80TH ST,422,,,,,,,2,NO INDICATION OF INJURY,0,0,0,0,0,2,0,17,5,8,41.750004047,-87.551375169,POINT (-87.551375168976 41.750004046992)
9c28f73fc894ee5ed0042a34d0391d30ec5bbe4ae5396fbafbeab5af2e04437e1e1f7e1c9f3f12b1375daf8d36e9a2007b7e5028029cd366ba977f406704c513,,08/28/2025 05:15:00 PM,10,NO CONTROLS,NO CONTROLS,CLEAR,DAYLIGHT,PARKED MOTOR VEHICLE,PARKING LOT,,STRAIGHT AND LEVEL,DRY,NO DEFECTS,NOT ON SCENE (DESK REPORT),NO INJURY / DRIVE AWAY,,Y,,"OVER $1,500",08/28/2025 06:30:00 PM,UNABLE TO DETERMINE,NOT APPLICABLE,2318,W,95TH ST,2221,,,,,,,2,NO INDICATION OF INJURY,0,0,0,0,0,1,0,17,5,8,41.7210723252,-87.6805050274,POINT (-87.680505027411 41.721072325215)
c87b4baea167eb343d8ceda4c98b6b4818cb326c8ead33e3110bfd4c044662984ee5e60903fb0d140df4063babd4123f51eaec7b5431b5f7987390efebbca137,N,08/28/2025 05:15:00 PM,30,UNKNOWN,NO CONTROLS,CLEAR,DAYLIGHT,PEDESTRIAN,FOUR WAY,,STRAIGHT AND LEVEL,DRY,NO DEFECTS,ON SCENE,NO INJURY / DRIVE AWAY,N,,,"OVER $1,500",08/28/2025 05:23:00 PM,FAILING TO REDUCE SPEED TO AVOID CRASH,NOT APPLICABLE,8313,S,COTTAGE GROVE AVE,632,N,,,,,,2,NO INDICATION OF INJURY,0,0,0,0,0,3,0,17,5,8,41.7435330707,-87.6048731836,POINT (-87.604873183561 41.743533070705)
f281864670d7ccec89fb963ea40a3df1f8338e642bf9c392fcd173a1f09ee5ab2e9cc8645863bbf608f3f92300d0559c80b7ee18d05194cd712e563ef7362752,,08/28/2025 05:15:00 PM,30,NO CONTROLS,NO CONTROLS,CLEAR,DAYLIGHT,HEAD ON,DIVIDED - W/MEDIAN (NOT RAISED),,STRAIGHT AND LEVEL,DRY,NO DEFECTS,ON SCENE,INJURY AND / OR TOW DUE TO CRASH,,,,"OVER $1,500",08/28/2025 05:20:00 PM,NOT APPLICABLE,NOT APPLICABLE,256,S,KEDZIE AVE,1124,,,,,,,2,NONINCAPACITATING INJURY,1,0,0,1,0,1,0,17,5,8,41.8773757213,-87.7061634995,POINT (-87.706163499456 41.877375721286)
b6f140c940e79a969fc85d7b6e03d626a9280cca17b05c7e78db480c7feb5753c5d3d68fb4337ee107e50f4f6fa258fae6ae0811fa4d48dee756072248f1b8e2,,08/28/2025 05:14:00 PM,30,UNKNOWN,NO CONTROLS,CLEAR,DAYLIGHT,PEDESTRIAN,FOUR WAY,,STRAIGHT AND LEVEL,DRY,UNKNOWN,ON SCENE,INJURY AND / OR TOW DUE TO CRASH,Y,,,$500 OR LESS,08/28/2025 05:14:00 PM,UNABLE TO DETERMINE,UNABLE TO DETERMINE,2355,N,MANGO AVE,2515,,,,,,,2,INCAPACITATING INJURY,1,0,1,0,0,3,0,17,5,8,41.9237232302,-87.7694831935,POINT (-87.769483193456 41.92372323024)