CRASH_RECORD_ID,CRASH_DATE_EST_I,CRASH_DATE,POSTED_SPEED_LIMIT,TRAFFIC_CONTROL_DEVICE,DEVICE_CONDITION,WEATHER_CONDITION,LIGHTING_CONDITION,FIRST_CRASH_TYPE,TRAFFICWAY_TYPE,LANE_CNT,ALIGNMENT,ROADWAY_SURFACE_COND,ROAD_DEFECT,REPORT_TYPE,CRASH_TYPE,INTERSECTION_RELATED_I,NOT_RIGHT_OF_WAY_I,HIT_AND_RUN_I,DAMAGE,DATE_POLICE_NOTIFIED,PRIM_CONTRIBUTORY_CAUSE,SEC_CONTRIBUTORY_CAUSE,STREET_NO,STREET_DIRECTION,STREET_NAME,BEAT_OF_OCCURRENCE,PHOTOS_TAKEN_I,STATEMENTS_TAKEN_I,DOORING_I,WORK_ZONE_I,WORK_ZONE_TYPE,WORKERS_PRESENT_I,NUM_UNITS,MOST_SEVERE_INJURY,INJURIES_TOTAL,INJURIES_FATAL,INJURIES_INCAPACITATING,INJURIES_NON_INCAPACITATING,INJURIES_REPORTED_NOT_EVIDENT,INJURIES_NO_INDICATION,INJURIES_UNKNOWN,CRASH_HOUR,CRASH_DAY_OF_WEEK,CRASH_MONTH,LATITUDE,LONGITUDE,LOCATION
bd8e10204485aaefd3d5d3931b9abfd4426e560a71abac52db1c46e504156d224cb9939d16ea39be3a01b1638e186736cec6cae8639aba4a138417292f068603,,08/28/2025 05:08:00 PM,30,TRAFFIC SIGNAL,FUNCTIONING PROPERLY,CLEAR,DAYLIGHT,TURNING,FOUR WAY,,STRAIGHT AND LEVEL,DRY,NO DEFECTS,ON SCENE,NO INJURY / DRIVE AWAY,Y,,Y,"OVER $1,500",08/28/2025 05:08:00 PM,IMPROPER TURNING/NO SIGNAL,FAILING TO YIELD RIGHT-OF-WAY,7898,S,COTTAGE GROVE AVE,624,,,,,,,2,NO INDICATION OF INJURY,0,0,0,0,0,2,0,17,5,8,41.7513746859,-87.605355107,POINT (-87.605355106962 41.751374685904)
8b483934e51b1cd32f3c873b48505f00c6c3a2786edca4de925217c67215d4be9467dc2bcf1f6d867f80d5d7056637ce6f27ba52a4243a61182bc6b7f1c0bc62,,08/28/2025 05:07:00 PM,30,TRAFFIC SIGNAL,FUNCTIONING PROPERLY,CLEAR,DAYLIGHT,PEDESTRIAN,FOUR WAY,,STRAIGHT AND LEVEL,DRY,NO DEFECTS,ON SCENE,INJURY AND / OR TOW DUE TO CRASH,Y,,,"OVER $1,500",08/28/2025 05:08:00 PM,UNABLE TO DETERMINE,NOT APPLICABLE,2658,N,WESTERN AVE,1411,,,,,,,2,"REPORTED, NOT EVIDENT",1,0,0,0,1,1,0,17,5,8,41.9303003044,-87.6879857051,POINT (-87.687985705109 41.930300304438)
b1e06fa69ee273f6ca11bd9535230d8d5ab471059fef175cb33ab14525ed9affecbfeeeaedd5e2aa23ca233010d3aa2b5fdac991c42616e1e66e6d813a59389b,,08/28/2025 05:02:00 PM,20,STOP SIGN/FLASHER,FUNCTIONING PROPERLY,CLEAR,DAYLIGHT,REAR END,ONE-WAY,,STRAIGHT AND LEVEL,DRY,NO DEFECTS,ON SCENE,INJURY AND / OR TOW DUE TO CRASH,,,,"OVER $1,500",08/28/2025 05:08:00 PM,UNABLE TO DETERMINE,NOT APPLICABLE,7058,S,CLYDE AVE,331,,,,,,,2,"REPORTED, NOT EVIDENT",1,0,0,0,1,2,0,17,5,8,41.7663481277,-87.5740057375,POINT (-87.574005737464 41.766348127742)
40ef392d2b9b8df4e4d753c484d1ac4df9ea421fc51d0a74fabfa60c59622df9638548cbf4f2cc05084b5f3ba9a7eb3af1a75e0f31c8ac1dab661db0ac8d04da,,08/28/2025 05:00:00 PM,30,NO CONTROLS,NO CONTROLS,CLEAR,DAYLIGHT,TURNING,FOUR WAY,,STRAIGHT AND LEVEL,DRY,UNKNOWN,NOT ON SCENE (DESK REPORT),NO INJURY / DRIVE AWAY,Y,,,"OVER $1,500",08/29/2025 10:45:00 AM,FAILING TO YIELD RIGHT-OF-WAY,NOT APPLICABLE,4600,W,LAKE ST,1113,,,,,,,2,NO INDICATION OF INJURY,0,0,0,0,0,2,0,17,5,8,41.8864048359,-87.740285418,POINT (-87.740285417973 41.886404835909)
71fa3cdd4ffd2dcd3026890a300fee71951b5a813809645706a5ac40aa8246264e9140296c79317e731e2f7fe6c77d1cb6eb319a2bef9cd773e2c183b9b6ca5c,,08/28/2025 05:00:00 PM,30,STOP SIGN/FLASHER,NO CONTROLS,CLEAR,DAYLIGHT,ANGLE,OTHER,,STRAIGHT AND LEVEL,DRY,UNKNOWN,ON SCENE,NO INJURY / DRIVE AWAY,Y,,,"OVER $1,500",08/28/2025 05:04:00 PM,UNABLE TO DETERMINE,UNABLE TO DETERMINE,3135,N,MILWAUKEE AVE,2523,,,,,,,2,NO INDICATION OF INJURY,0,0,0,0,0,2,0,17,5,8,41.9379416084,-87.721724259,POINT (-87.721724258982 41.937941608444)
93da7c97ba690ca0dfdafa6821f4cd9869c58e45b82097d239c060a85783c967a2f0723c0394a7e6120fae5146197a36cf9789eb35fd813ce35caa552ff4169b,,08/28/2025 05:00:00 PM,30,TRAFFIC SIGNAL,FUNCTIONING PROPERLY,CLEAR,DAYLIGHT,PEDALCYCLIST,DIVIDED - W/MEDIAN (NOT RAISED),,STRAIGHT AND LEVEL,DRY,NO DEFECTS,ON SCENE,INJURY AND / OR TOW DUE TO CRASH,,,Y,"OVER $1,500",08/28/2025 05:04:00 PM,FAILING TO YIELD RIGHT-OF-WAY,NOT APPLICABLE,3100,S,KEDVALE AVE,1031,,,,,,,2,NONINCAPACITATING INJURY,1,0,0,1,0,1,0,17,5,8,41.8367467845,-87.7281389408,POINT (-87.728138940775 41.836746784456)
e8fea57220d38f9859137b440585ffe2ff5d21d7ad658bc12186c44c45fc699ee79f73e0a79ecc35cb4489bc98558be60b1e0bfa55989e3b47e43278c594f217,Y,08/28/2025 05:00:00 PM,30,TRAFFIC SIGNAL,FUNCTIONING PROPERLY,CLEAR,DAYLIGHT,PEDESTRIAN,FOUR WAY,,STRAIGHT AND LEVEL,DRY,NO DEFECTS,NOT ON SCENE (DESK REPORT),NO INJURY / DRIVE AWAY,,,,"OVER $1,500",08/28/2025 06:30:00 PM,UNABLE TO DETERMINE,NOT APPLICABLE,3401,W,LAWRENCE AVE,1723,,,,,,,2,NO INDICATION OF INJURY,0,0,0,0,0,2,0,17,5,8,41.9682906226,-87.7134228285,POINT (-87.713422828481 41.968290622554)
e495d3041a6152baa30e06a6e014530b692b97075814e633c6c3d7b6085c7d9ad4ca77edeac279765caf68b0906a5643b3b736e3d6137b24c1b0e3cdfc9bf4ed,,08/28/2025 04:53:00 PM,30,TRAFFIC SIGNAL,FUNCTIONING PROPERLY,CLEAR,DAYLIGHT,REAR END,DIVIDED - W/MEDIAN (NOT RAISED),,STRAIGHT AND LEVEL,DRY,NO DEFECTS,NOT ON SCENE (DESK REPORT),NO INJURY / DRIVE AWAY,,,,"OVER $1,500",08/28/2025 05:55:00 PM,FOLLOWING TOO CLOSELY,UNABLE TO DETERMINE,8300,S,ASHLAND AVE,614,,,,,,,2,NO INDICATION OF INJURY,0,0,0,0,0,2,0,16,5,8,41.7429840898,-87.6633965553,POINT (-87.663396555268 41.742984089771)
f508bc991662101c1236e555d870e2b1c90cba0d109f506306affd97e5268b10b3305519e0fed194975e532239e01a8758710e744443b572660b0b71aa6b4d86,,08/28/2025 04:53:00 PM,30,NO CONTROLS,NO CONTROLS,CLEAR,DAYLIGHT,PARKED MOTOR VEHICLE,NOT DIVIDED,,STRAIGHT AND LEVEL,DRY,NO DEFECTS,ON SCENE,INJURY AND / OR TOW DUE TO CRASH,,,,"OVER $1,500",08/28/2025 04:55:00 PM,UNABLE TO DETERMINE,UNABLE TO DETERMINE,2825,W,WASHINGTON BLVD,1222,,,,,,,2,"REPORTED, NOT EVIDENT",1,0,0,0,1,0,0,16,5,8,41.8827784236,-87.6973523015,POINT (-87.697352301509 41.882778423566)
06cb5482c94ca4e7fa1e844e7dff592719a11bbf26cc0f51e32213921eb530ddf9d8728547b7231d58be68fdeeae3ebe41af6ee93082c373b01cf2ee3fc51f81,,08/28/2025 04:50:00 PM,30,TRAFFIC SIGNAL,FUNCTIONING PROPERLY,CLEAR,DAYLIGHT,SIDESWIPE SAME DIRECTION,DIVIDED - W/MEDIAN BARRIER,,STRAIGHT AND LEVEL,DRY,NO DEFECTS,ON SCENE,NO INJURY / DRIVE AWAY,,,Y,$500 OR LESS,08/28/2025 05:06:00 PM,UNABLE TO DETERMINE,UNABLE TO DETERMINE,12700,S,HALSTED ST,523,,,,,,,2,NO INDICATION OF INJURY,0,0,0,0,0,2,0,16,5,8,41.6631821012,-87.6415652652,POINT (-87.641565265157 41.663182101231)
5aca76697eca273fcf282e9c7aad5a328f3f94c34e254755c89b9aaf25abb7b0a58ba779220c52941399ea3cec45a3a6b8c37324dec1335ae7641239a7e25ae5,,08/28/2025 04:50:00 PM,30,NO CONTROLS,NO CONTROLS,CLEAR,DAYLIGHT,PARKED MOTOR VEHICLE,ONE-WAY,,STRAIGHT AND LEVEL,UNKNOWN,UNKNOWN,NOT ON SCENE (DESK REPORT),NO INJURY / DRIVE AWAY,,,Y,"OVER $1,500",08/28/2025 06:00:00 PM,DRIVING SKILLS/KNOWLEDGE/EXPERIENCE,NOT APPLICABLE,1098,N,WASHTENAW AVE,1211,,,,,,,2,NO INDICATION OF INJURY,0,0,0,0,0,3,0,16,5,8,41.9010814351,-87.6945157033,POINT (-87.694515703333 41.90108143512)
e142c42d2a9c7610b79a842061be85cc09116e27ad3ee6e07e1a1e95ddbfde3134474028fb0ca3566d78b6d9aa093a794f2a48333f77a1ca28e0537d62607923,,08/28/2025 04:50:00 PM,30,TRAFFIC SIGNAL,FUNCTIONING PROPERLY,CLEAR,DAYLIGHT,REAR END,NOT DIVIDED,,STRAIGHT AND LEVEL,DRY,NO DEFECTS,ON SCENE,INJURY AND / OR TOW DUE TO CRASH,Y,,,"OVER $1,500",08/28/2025 04:54:00 PM,EQUIPMENT - VEHICLE CONDITION,EQUIPMENT - VEHICLE CONDITION,5703,S,HARLEM AVE,811,,,,N,,,2,NO INDICATION OF INJURY,0,0,0,0,0,2,0,16,5,8,41.7882056441,-87.801221617,POINT (-87.80122161702 41.788205644126)
6884a08c554effffc3358ceba68f82554f728092fd93ab60b76c3e5fe822cebf1393e96d066d364792f5b5edeed2b5390af22a164cc266161f0378c85046709d,,08/28/2025 04:45:00 PM,30,NO CONTROLS,NO CONTROLS,CLEAR,DAYLIGHT,TURNING,NOT DIVIDED,,STRAIGHT AND LEVEL,DRY,UNKNOWN,ON SCENE,INJURY AND / OR TOW DUE TO CRASH,Y,,Y,"OVER $1,500",08/28/2025 04:46:00 PM,UNABLE TO DETERMINE,UNABLE TO DETERMINE,802,N,KILBOURN AVE,1111,,,,,,,2,NONINCAPACITATING INJURY,2,0,0,2,0,1,0,16,5,8,41.8952429779,-87.7385625073,POINT (-87.73856250732 41.895242977879)
84e0e1ebd9fd2229c03134f20da9aa000e89d5df395eaab76e53c983cb74e795634d4326cc4103bd187ee68566a20944528c6f07c1f9b5c896904fca50470c5f,,08/28/2025 04:45:00 PM,15,NO CONTROLS,NO CONTROLS,CLEAR,DAYLIGHT,PARKED MOTOR VEHICLE,PARKING LOT,,STRAIGHT AND LEVEL,DRY,NO DEFECTS,NOT ON SCENE (DESK REPORT),NO INJURY / DRIVE AWAY,,,Y,"OVER $1,500",08/28/2025 05:42:00 PM,FOLLOWING TOO CLOSELY,NOT APPLICABLE,1744,W,PRYOR AVE,2212,,,,,,,2,NO INDICATION OF INJURY,0,0,0,0,0,1,0,16,5,8,41.692060407,-87.6656430914,POINT (-87.665643091417 41.692060407025)
06161f2eb6a560ab6a67df42901cc3466f50b6ebdacb9c04f82a6455e05e0e9e45511d0196ef65a3cd610bd64a38293e713314bc7fe7baab47c9a4e9197de3d1,,08/28/2025 04:42:00 PM,30,NO CONTROLS,NO CONTROLS,CLEAR,DAYLIGHT,PARKED MOTOR VEHICLE,PARKING LOT,,STRAIGHT AND LEVEL,DRY,NO DEFECTS,NOT ON SCENE (DESK REPORT),NO INJURY / DRIVE AWAY,,,,"$501 - $1,500",08/28/2025 05:30:00 PM,UNABLE TO DETERMINE,UNABLE TO DETERMINE,11932,S,HALSTED ST,524,,,,,,,2,NO INDICATION OF INJURY,0,0,0,0,0,1,0,16,5,8,41.6768162644,-87.6420215662,POINT (-87.642021566216 41.67681626443)
52e937464824fe19da171939608c13cd7cf99d78f442a99931dc5806344c02b543bdec06c88b2cb6812d52d9761ffb73e61fb333ec2109e368f34e63acac30ac,,08/28/2025 04:39:00 PM,15,OTHER,NO CONTROLS,CLEAR,DAYLIGHT,PARKED MOTOR VEHICLE,PARKING LOT,,STRAIGHT ON GRADE,DRY,NO DEFECTS,ON SCENE,NO INJURY / DRIVE AWAY,,,,$500 OR LESS,08/28/2025 04:40:00 PM,UNABLE TO DETERMINE,NOT APPLICABLE,3033,S,HALSTED ST,914,,,,,,,2,NO INDICATION OF INJURY,0,0,0,0,0,3,0,16,5,8,41.8388723304,-87.6461509665,POINT (-87.646150966469 41.838872330415)
d382ec830b1f55eec51f12b4cc025b89237aa6424b7ff8f50259426e43c453f8731874b9fd7bdbf81a22ec2d891ba16fcf10c03dbd42095f1aa5908219e92a95,,08/28/2025 04:36:00 PM,30,NO CONTROLS,NO CONTROLS,CLEAR,DAYLIGHT,ANGLE,DIVIDED - W/MEDIAN (NOT RAISED),,STRAIGHT AND LEVEL,DRY,NO DEFECTS,ON SCENE,INJURY AND / OR TOW DUE TO CRASH,Y,,,"OVER $1,500",08/28/2025 04:36:00 PM,"VISION OBSCURED (SIGNS, TREE LIMBS, BUILDINGS, ETC.)",FAILING TO YIELD RIGHT-OF-WAY,3599,N,CLAREMONT AVE,1921,,,,,,,2,NONINCAPACITATING INJURY,1,0,0,1,0,1,0,16,5,8,41.9466620357,-87.6868926965,POINT (-87.686892696453 41.946662035655)
11d0666eb1ba881043b2ad6450d48fe4a7e46fa35171423e4669b4f9f1a595ad243613456b059ae6fa854dcec00b51d7ee3cd382c46576418873077f5b4388f8,,08/28/2025 04:30:00 PM,30,NO CONTROLS,NO CONTROLS,CLEAR,DAYLIGHT,SIDESWIPE SAME DIRECTION,DIVIDED - W/MEDIAN (NOT RAISED),,STRAIGHT AND LEVEL,DRY,UNKNOWN,NOT ON SCENE (DESK REPORT),NO INJURY / DRIVE AWAY,,,,"$501 - $1,500",08/29/2025 11:45:00 AM,UNABLE TO DETERMINE,UNABLE TO DETERMINE,3050,S,KEDZIE AVE,1032,,,,,,,2,NO INDICATION OF INJURY,0,0,0,0,0,2,0,16,5,8,41.8375481149,-87.7049782006,POINT (-87.704978200594 41.837548114891)
6f64c92531df3526a263044892dcdc7748beca8691a45e229ff782041065244befc131e32b83c8fb473512b9958a3bbeaf7a37efe29440ef6a67b13c7325e80d,,08/28/2025 04:21:00 PM,30,NO CONTROLS,NO CONTROLS,CLEAR,DAYLIGHT,PARKED MOTOR VEHICLE,OTHER,,STRAIGHT AND LEVEL,DRY,NO DEFECTS,NOT ON SCENE (DESK REPORT),NO INJURY / DRIVE AWAY,,,Y,$500 OR LESS,08/28/2025 04:30:00 PM,UNABLE TO DETERMINE,NOT APPLICABLE,4416,W,JACKSON BLVD,1113,,,,,,,2,NO INDICATION OF INJURY,0,0,0,0,0,1,0,16,5,8,41.8770668012,-87.7360818655,POINT (-87.736081865468 41.877066801153)
8ea47adb5c93bacb04b6abde34a98d1d841280d6b0304e5d94d12b811c15fc0bd907550d77683aa3a1165ac7e96edbf2c94c2c37b337d18fd97d005bea691dcf,,08/28/2025 04:20:00 PM,30,UNKNOWN,UNKNOWN,UNKNOWN,UNKNOWN,PARKED MOTOR VEHICLE,ONE-WAY,,STRAIGHT AND LEVEL,UNKNOWN,UNKNOWN,NOT ON SCENE (DESK REPORT),NO INJURY / DRIVE AWAY,,,,"OVER $1,500",08/28/2025 05:25:00 PM,UNABLE TO DETERMINE,UNABLE TO DETERMINE,1320,W,ARDMORE AVE,2013,,,,,,,2,NO INDICATION OF INJURY,0,0,0,0,0,1,0,16,5,8,41.9882079882,-87.6641496863,POINT (-87.664149686278 41.988207988179)
d9bc7e49f051446aecc75c46f7e0b678c2693664ec24b9a4314facf2a25adc2eaf6c4411aec19244b7cba980e84db6ca964b6f6c9337e23cc880430cf9dda24a,,08/28/2025 04:20:00 PM,25,NO CONTROLS,NO CONTROLS,CLEAR,DAYLIGHT,PEDALCYCLIST,DIVIDED - W/MEDIAN (NOT RAISED),,STRAIGHT AND LEVEL,DRY,NO DEFECTS,ON SCENE,INJURY AND / OR TOW DUE TO CRASH,,,Y,"OVER $1,500",08/28/2025 04:25:00 PM,FAILING TO YIELD RIGHT-OF-WAY,UNABLE TO DETERMINE,3141,S,HALSTED ST,915,,,Y,,,,2,NONINCAPACITATING INJURY,1,0,0,1,0,0,0,16,5,8,41.8368719792,-87.6461020845,POINT (-87.646102084512 41.836871979179)
e48bcbe5acac8dc7bd3421da0329e099f49a280465a54aeb8b08ece7538b412c7fcafa958b8139abe60761af4f9ab325fc8acfaff58798b5eef7d8f1c522f213,,08/28/2025 04:20:00 PM,25,UNKNOWN,UNKNOWN,UNKNOWN,UNKNOWN,REAR END,NOT DIVIDED,,STRAIGHT AND LEVEL,UNKNOWN,UNKNOWN,NOT ON SCENE (DESK REPORT),NO INJURY / DRIVE AWAY,,,,"OVER $1,500",08/28/2025 06:03:00 PM,NOT APPLICABLE,NOT APPLICABLE,6601,S,HALSTED ST,723,,,,,,,2,NO INDICATION OF INJURY,0,0,0,0,0,2,0,16,5,8,41.7742521489,-87.6444965499,POINT (-87.644496549933 41.774252148861)
18d3a37aec32cc88b2f6921ef49469e92058a64f3423d9c3736cf6b82d44800446ab3cf135c52775b66ab509fb6d2c6cf861f7245c626f19055b1c89760ab3a8,,08/28/2025 04:18:00 PM,30,TRAFFIC SIGNAL,FUNCTIONING PROPERLY,CLEAR,DAYLIGHT,REAR END,DIVIDED - W/MEDIAN (NOT RAISED),,STRAIGHT AND LEVEL,DRY,NO DEFECTS,NOT ON SCENE (DESK REPORT),NO INJURY / DRIVE AWAY,,,Y,"OVER $1,500",08/30/2025 06:00:00 PM,UNABLE TO DETERMINE,NOT APPLICABLE,3006,W,ROOSEVELT RD,1134,,,,,,,2,NO INDICATION OF INJURY,0,0,0,0,0,2,0,16,5,8,41.8665620266,-87.7011268337,POINT (-87.70112683375 41.866562026556)
7cd3c2469efd7e338be541eaa3238468183dfd3c89f6737aaf16e99b03949f42b7981d791ead636bccc9973d1e1fb85ebc53cb632283ddc47bf5be80d43d56f7,,08/28/2025 04:18:00 PM,30,TRAFFIC SIGNAL,FUNCTIONING PROPERLY,CLEAR,DAYLIGHT,TURNING,FOUR WAY,,STRAIGHT AND LEVEL,DRY,UNKNOWN,NOT ON SCENE (DESK REPORT),NO INJURY / DRIVE AWAY,Y,,Y,"OVER $1,500",08/28/2025 04:18:00 PM,FAILING TO YIELD RIGHT-OF-WAY,FAILING TO YIELD RIGHT-OF-WAY,4903,W,NORTH AVE,2533,,,,,,,2,NO INDICATION OF INJURY,0,0,0,0,0,3,0,16,5,8,41.9094811812,-87.7487773589,POINT (-87.748777358941 41.909481181159)
c44ebb651c5cd1554a74a096cb4371c79c70bfd7ad1e921ebda4c533164f9a680d146568d5bcc73f960344e7b15ff8e5ba0943457578dd284fe3439e77c37a20,,08/28/2025 04:16:00 PM,30,STOP SIGN/FLASHER,FUNCTIONING PROPERLY,CLEAR,DAYLIGHT,TURNING,NOT REPORTED,,STRAIGHT AND LEVEL,DRY,NO DEFECTS,ON SCENE,NO INJURY / DRIVE AWAY,Y,,,"OVER $1,500",08/28/2025 04:23:00 PM,FAILING TO YIELD RIGHT-OF-WAY,NOT APPLICABLE,6300,S,CAMPBELL AVE,825,,,,,,,2,NO INDICATION OF INJURY,0,0,0,0,0,2,0,16,5,8,41.7791308215,-87.6862371058,POINT (-87.686237105817 41.779130821462)
d8bf5fa1b64fdd39f430677db9bbccd6397081ceac1f18d4f23122f8af9413734067ce8c50f5adae8175c5dea3874b823dd3a5dab5d7b49b7796e1f415aa29b1,,08/28/2025 04:15:00 PM,30,STOP SIGN/FLASHER,FUNCTIONING PROPERLY,CLEAR,DAYLIGHT,REAR END,NOT DIVIDED,,STRAIGHT AND LEVEL,DRY,NO DEFECTS,NOT ON SCENE (DESK REPORT),NO INJURY / DRIVE AWAY,,,,"OVER $1,500",08/28/2025 04:50:00 PM,FOLLOWING TOO CLOSELY,UNABLE TO DETERMINE,2158,S,KILBOURN AVE,1012,,,,,,,2,NO INDICATION OF INJURY,0,0,0,0,0,2,0,16,5,8,41.8514150638,-87.7370639061,POINT (-87.7370639061 41.851415063768)
bcd08f6e89525ce5e070e9f0f27c07b2da59db8b8df03aa12710db1f234402c56cd578e937377c762461dd90b1cf008d02fbe949fd18476dfcb690629b4d07d0,,08/28/2025 04:13:00 PM,30,NO CONTROLS,NO CONTROLS,CLEAR,DAYLIGHT,TURNING,ALLEY,,STRAIGHT AND LEVEL,DRY,UNKNOWN,ON SCENE,INJURY AND / OR TOW DUE TO CRASH,N,,Y,"$501 - $1,500",08/28/2025 04:15:00 PM,FAILING TO REDUCE SPEED TO AVOID CRASH,NOT APPLICABLE,2760,N,KOSTNER AVE,2524,,,,,,,2,"REPORTED, NOT EVIDENT",2,0,0,0,2,2,0,16,5,8,41.9314917073,-87.7369656941,POINT (-87.736965694115 41.931491707278)
49720a17265cef7bfb5e3d53aaf90b9b9bd480289acaf0570a462c9a99e00df9227f12fe766d4a0919e9c80eb5374fc9211c2cc059729a34d4c6f244b967c0bc,,08/28/2025 04:10:00 PM,30,STOP SIGN/FLASHER,NO CONTROLS,CLEAR,DAYLIGHT,SIDESWIPE SAME DIRECTION,DIVIDED - W/MEDIAN BARRIER,,STRAIGHT AND LEVEL,DRY,NO DEFECTS,ON SCENE,NO INJURY / DRIVE AWAY,,,,"OVER $1,500",08/28/2025 04:14:00 PM,UNABLE TO DETERMINE,NOT APPLICABLE,4823,S,ASHLAND AVE,933,,,,,,,2,NO INDICATION OF INJURY,0,0,0,0,0,2,0,16,5,8,41.8060731298,-87.6647552514,POINT (-87.66475525142 41.806073129774)
ac5ea669754ba3c715228e96be4f41f7b6d68a100360532728f4fec2158c487210e5423589c79816e68e19cdc97a6fdc30c9a5783a7498b9c9e4aa617d1671a9,,08/28/2025 04:10:00 PM,30,NO CONTROLS,NO CONTROLS,CLEAR,DAYLIGHT,SIDESWIPE SAME DIRECTION,DIVIDED - W/MEDIAN BARRIER,,STRAIGHT AND LEVEL,DRY,NO DEFECTS,NOT ON SCENE (DESK REPORT),NO INJURY / DRIVE AWAY,,,,"OVER $1,500",08/28/2025 04:45:00 PM,UNABLE TO DETERMINE,UNABLE TO DETERMINE,4620,S,ASHLAND AVE,924,,,,,,,2,NO INDICATION OF INJURY,0,0,0,0,0,2,0,16,5,8,41.8097937944,-87.6651516748,POINT (-87.665151674814 41.809793794358)
fd66e8c8896de834635f2ec16a72edb2541393634a360caa3ec4bc80b8758006e2e40878b3c7c5a5301ffdbeee2d7e0fa1c64fca2ae8a9b94ab69c701774792a,,08/28/2025 04:10:00 PM,3,NO CONTROLS,NO CONTROLS,CLEAR,DAYLIGHT,REAR END,NOT DIVIDED,,STRAIGHT AND LEVEL,DRY,NO DEFECTS,ON SCENE,NO INJURY / DRIVE AWAY,,,,"OVER $1,500",08/28/2025 04:14:00 PM,FOLLOWING TOO CLOSELY,FAILING TO YIELD RIGHT-OF-WAY,1500,W,CERMAK RD,1235,,,,,,,3,NO INDICATION OF INJURY,0,0,0,0,0,3,0,16,5,8,41.8524873984,-87.6637375037,POINT (-87.663737503731 41.852487398361)
6bda6048b61f1d5e3cdc76d6c18fef4fcd58452f653b7be10188cf0a85478298039003a5d87a6eb9e42f157d7ccb6ace87aa90b52646deddc0f81b3015dfcfd3,,08/28/2025 04:08:00 PM,30,STOP SIGN/FLASHER,FUNCTIONING PROPERLY,UNKNOWN,UNKNOWN,ANGLE,DIVIDED - W/MEDIAN (NOT RAISED),,STRAIGHT AND LEVEL,UNKNOWN,UNKNOWN,NOT ON SCENE (DESK REPORT),NO INJURY / DRIVE AWAY,Y,,Y,"OVER $1,500",08/28/2025 04:30:00 PM,FAILING TO YIELD RIGHT-OF-WAY,FAILING TO YIELD RIGHT-OF-WAY,4700,W,HARRISON ST,1131,,,,,,,2,NO INDICATION OF INJURY,0,0,0,0,0,2,0,16,5,8,41.8733092193,-87.7426905589,POINT (-87.742690558874 41.873309219345)
7f7292e7749a208efa953a43ff35123db25fa3e7771e179cfceba698d2e9c1cb7629f6d73eca2110825d4859086320049f56659df7168e9699093649be907f20,,08/28/2025 04:04:00 PM,30,TRAFFIC SIGNAL,FUNCTIONING PROPERLY,CLEAR,DAYLIGHT,TURNING,NOT DIVIDED,,STRAIGHT AND LEVEL,DRY,NO DEFECTS,ON SCENE,INJURY AND / OR TOW DUE TO CRASH,Y,,,"OVER $1,500",08/28/2025 04:04:00 PM,DISREGARDING TRAFFIC SIGNALS,DISREGARDING TRAFFIC SIGNALS,338,N,LOWER COLUMBUS DR,114,,,,,,,2,"REPORTED, NOT EVIDENT",1,0,0,0,1,1,0,16,5,8,41.8877544162,-87.6208686496,POINT (-87.620868649612 41.887754416165)
9a322ccca82382910d780822957009ea2cde76daf12eacbbf70f516296774fd4216b8bf893be5030a134bf780923326861e0fa5080439fdfdfb0acc10ac6f3cc,,08/28/2025 04:04:00 PM,30,NO CONTROLS,NO CONTROLS,CLEAR,DAYLIGHT,REAR END,NOT DIVIDED,,STRAIGHT AND LEVEL,DRY,NO DEFECTS,ON SCENE,NO INJURY / DRIVE AWAY,,,,"$501 - $1,500",08/28/2025 04:10:00 PM,FOLLOWING TOO CLOSELY,FOLLOWING TOO CLOSELY,1350,N,KOSTNER AVE,2533,,,,,,,2,NO INDICATION OF INJURY,0,0,0,0,0,2,0,16,5,8,41.9058358507,-87.7363781488,POINT (-87.736378148849 41.905835850735)
385de6354b2394072810763334da90985729ab781b65de9f099eed537f417e2189bacd9d7b80d50f9435cf88381e9ff3e81f85ba2909a99b3c9b454cbb2e5ef3,,08/28/2025 04:00:00 PM,30,TRAFFIC SIGNAL,UNKNOWN,CLEAR,DAYLIGHT,SIDESWIPE SAME DIRECTION,NOT DIVIDED,,STRAIGHT AND LEVEL,DRY,UNKNOWN,NOT ON SCENE (DESK REPORT),NO INJURY / DRIVE AWAY,,,Y,"OVER $1,500",08/28/2025 05:40:00 PM,IMPROPER OVERTAKING/PASSING,UNABLE TO DETERMINE,6700,S,STATE ST,322,,,,,,,2,NO INDICATION OF INJURY,0,0,0,0,0,2,0,16,5,8,41.7726346256,-87.62527215,POINT (-87.62527215003 41.77263462564)
660aeeaf4a7632ae485b83e459ae128b1d2160b563c71430fab5c23b5651a6d3f8e86d9abb5821c945c91536cbd9675e28332aed2d3779267899e11c610de83b,,08/28/2025 04:00:00 PM,30,NO CONTROLS,NO CONTROLS,CLEAR,DAYLIGHT,REAR END,ONE-WAY,,STRAIGHT AND LEVEL,DRY,NO DEFECTS,NOT ON SCENE (DESK REPORT),NO INJURY / DRIVE AWAY,,,,"OVER $1,500",08/28/2025 06:30:00 PM,UNABLE TO DETERMINE,FAILING TO REDUCE SPEED TO AVOID CRASH,7001,S,CICERO AVE,833,,,,,,,2,NO INDICATION OF INJURY,0,0,0,0,0,2,0,16,5,8,41.7658729174,-87.7417875016,POINT (-87.741787501557 41.765872917377)