CRASH_RECORD_ID,CRASH_DATE_EST_I,CRASH_DATE,POSTED_SPEED_LIMIT,TRAFFIC_CONTROL_DEVICE,DEVICE_CONDITION,WEATHER_CONDITION,LIGHTING_CONDITION,FIRST_CRASH_TYPE,TRAFFICWAY_TYPE,LANE_CNT,ALIGNMENT,ROADWAY_SURFACE_COND,ROAD_DEFECT,REPORT_TYPE,CRASH_TYPE,INTERSECTION_RELATED_I,NOT_RIGHT_OF_WAY_I,HIT_AND_RUN_I,DAMAGE,DATE_POLICE_NOTIFIED,PRIM_CONTRIBUTORY_CAUSE,SEC_CONTRIBUTORY_CAUSE,STREET_NO,STREET_DIRECTION,STREET_NAME,BEAT_OF_OCCURRENCE,PHOTOS_TAKEN_I,STATEMENTS_TAKEN_I,DOORING_I,WORK_ZONE_I,WORK_ZONE_TYPE,WORKERS_PRESENT_I,NUM_UNITS,MOST_SEVERE_INJURY,INJURIES_TOTAL,INJURIES_FATAL,INJURIES_INCAPACITATING,INJURIES_NON_INCAPACITATING,INJURIES_REPORTED_NOT_EVIDENT,INJURIES_NO_INDICATION,INJURIES_UNKNOWN,CRASH_HOUR,CRASH_DAY_OF_WEEK,CRASH_MONTH,LATITUDE,LONGITUDE,LOCATION
d5e022030e777fdc1d78b3c563583de6b048383962da13290ec646cb239d54c2a630d150b78102d76d0ada3aa4cd05a36f5918a5f31c9bc093f32203ade81d7e,,08/28/2025 04:00:00 PM,30,NO CONTROLS,NO CONTROLS,CLEAR,DAYLIGHT,REAR END,DIVIDED - W/MEDIAN (NOT RAISED),,STRAIGHT AND LEVEL,DRY,NO DEFECTS,NOT ON SCENE (DESK REPORT),NO INJURY / DRIVE AWAY,,,,"$501 - $1,500",08/28/2025 04:35:00 PM,EQUIPMENT - VEHICLE CONDITION,NOT APPLICABLE,2526,W,GRAND AVE,1221,,,,,,,2,NO INDICATION OF INJURY,0,0,0,0,0,2,0,16,5,8,41.8917945817,-87.6899950358,POINT (-87.689995035818 41.891794581652)
e4d69f7c3944401275161b90b942e215e86c96c964195cf86aa95fc138b8e5cc4a8f7b31a68e6f39773f5ea0d30bf278fcd02d193c83a635ff3b7bb16f1a37d1,,08/28/2025 04:00:00 PM,30,TRAFFIC SIGNAL,UNKNOWN,CLEAR,DAYLIGHT,SIDESWIPE SAME DIRECTION,FOUR WAY,,STRAIGHT AND LEVEL,UNKNOWN,UNKNOWN,NOT ON SCENE (DESK REPORT),NO INJURY / DRIVE AWAY,,,Y,$500 OR LESS,08/28/2025 04:28:00 PM,UNABLE TO DETERMINE,UNABLE TO DETERMINE,5900,S,WESTERN AVE,824,,,,,,,2,NO INDICATION OF INJURY,0,0,0,0,0,2,0,16,5,8,41.7864371748,-87.6839752465,POINT (-87.683975246481 41.786437174774)
ed3f318011a4505a1ba472fe7aa8ef130497f17f7590189e633af957790a9031c85c3e2429eec74f5bc6cd15c151982ed6015f501ded37549069e726ed65fc4e,,08/28/2025 04:00:00 PM,30,NO CONTROLS,NO CONTROLS,CLEAR,DAYLIGHT,SIDESWIPE SAME DIRECTION,NOT DIVIDED,,STRAIGHT AND LEVEL,DRY,NO DEFECTS,NOT ON SCENE (DESK REPORT),NO INJURY / DRIVE AWAY,,,,"OVER $1,500",08/29/2025 04:15:00 PM,FAILING TO YIELD RIGHT-OF-WAY,UNABLE TO DETERMINE,3542,N,LAKE SHORE DR NB,1925,,,,,,,2,NO INDICATION OF INJURY,0,0,0,0,0,2,0,16,5,8,41.9480009348,-87.6430207563,POINT (-87.643020756345 41.94800093484)
f4c35d40c7e633413b4097781d1df996948859a3f52b8400ef5c8549af84110a722bddf93ba2bd47057751aab8baa311f4a1e64f520124cc8986ae29d82e7ba5,,08/28/2025 04:00:00 PM,30,TRAFFIC SIGNAL,FUNCTIONING PROPERLY,CLEAR,DAYLIGHT,SIDESWIPE SAME DIRECTION,DIVIDED - W/MEDIAN BARRIER,,STRAIGHT AND LEVEL,DRY,NO DEFECTS,NOT ON SCENE (DESK REPORT),NO INJURY / DRIVE AWAY,Y,,Y,"OVER $1,500",08/28/2025 05:10:00 PM,UNABLE TO DETERMINE,NOT APPLICABLE,950,E,95TH ST,413,,,,,,,2,NO INDICATION OF INJURY,0,0,0,0,0,2,0,16,5,8,41.7222298886,-87.6001875909,POINT (-87.60018759086 41.722229888572)
d18771319e404345cc1036e9300718e3621a7db5b1682d99cdd331e6395b7d8d75578abb321afb591e4a0fba9e84a203f8506c06d0bc82c2924c71e12ac46966,,08/28/2025 03:55:00 PM,30,OTHER,OTHER,CLEAR,DAYLIGHT,TURNING,NOT DIVIDED,,STRAIGHT AND LEVEL,DRY,UNKNOWN,ON SCENE,INJURY AND / OR TOW DUE TO CRASH,,,,"OVER $1,500",08/28/2025 04:00:00 PM,IMPROPER TURNING/NO SIGNAL,UNABLE TO DETERMINE,3324,W,FULLERTON AVE,1413,,,,,,,2,NO INDICATION OF INJURY,0,0,0,0,0,2,0,15,5,8,41.9247751051,-87.7118681234,POINT (-87.711868123385 41.924775105076)
7e50ab3657fbc09a1f1730665174ff2de6987bcb552dd0f2c340357d1a0309c10e79ed3a440c58b154cd2b5e6b32b773bb57eb4ff89524bc880d1f9636236ac0,,08/28/2025 03:50:00 PM,30,STOP SIGN/FLASHER,OTHER,CLEAR,DAYLIGHT,ANGLE,FOUR WAY,,STRAIGHT AND LEVEL,DRY,NO DEFECTS,NOT ON SCENE (DESK REPORT),NO INJURY / DRIVE AWAY,Y,,,"OVER $1,500",08/28/2025 06:10:00 PM,UNABLE TO DETERMINE,UNABLE TO DETERMINE,7200,S,COTTAGE GROVE AVE,323,,,,,,,2,NO INDICATION OF INJURY,0,0,0,0,0,2,0,15,5,8,41.7640547056,-87.6056757585,POINT (-87.605675758538 41.764054705554)
d8b22853a8f9cc0615c8d02e626988688627392744ee9f58d034ab351abf6222e99dadfbba5a13faf556d145230b941ef6b683ecb29eacc5eb3948a5cd4d5db5,,08/28/2025 03:50:00 PM,30,NO CONTROLS,FUNCTIONING PROPERLY,CLEAR,DAYLIGHT,REAR END,NOT DIVIDED,,STRAIGHT AND LEVEL,DRY,NO DEFECTS,ON SCENE,NO INJURY / DRIVE AWAY,,,,"OVER $1,500",08/28/2025 03:50:00 PM,"OPERATING VEHICLE IN ERRATIC, RECKLESS, CARELESS, NEGLIGENT OR AGGRESSIVE MANNER",NOT APPLICABLE,13143,S,ELLIS AVE,533,,,,,,,2,NO INDICATION OF INJURY,0,0,0,0,0,2,0,15,5,8,41.6564545245,-87.5969459094,POINT (-87.596945909404 41.65645452446)
1801f80b37dd8806e282c7e54100863dd209172dec8742bcbbdf9309ac5eeebb21141f28b81e5166472a5f3e97e29cd4520e775173c9df3eec140b3be90e83f7,,08/28/2025 03:45:00 PM,30,NO CONTROLS,NO CONTROLS,CLEAR,DAYLIGHT,PARKED MOTOR VEHICLE,NOT DIVIDED,,STRAIGHT AND LEVEL,DRY,NO DEFECTS,,NO INJURY / DRIVE AWAY,,,,"OVER $1,500",08/28/2025 09:10:00 PM,UNABLE TO DETERMINE,UNABLE TO DETERMINE,2602,E,87TH ST,423,,,,,,,2,NO INDICATION OF INJURY,0,0,0,0,0,1,0,15,5,8,41.7373702531,-87.5610108687,POINT (-87.561010868701 41.737370253139)
46ebfc168c168bda60335393103f6eebbf186ecc7e6a66e03d3e13eb18d6ae24c89bb3ff127918867b0e62dc8f12022f76e254f70f8b53762d9b1bab7b6e3236,,08/28/2025 03:45:00 PM,30,TRAFFIC SIGNAL,FUNCTIONING PROPERLY,CLEAR,DAYLIGHT,REAR END,FOUR WAY,,STRAIGHT AND LEVEL,DRY,NO DEFECTS,NOT ON SCENE (DESK REPORT),NO INJURY / DRIVE AWAY,Y,,,"OVER $1,500",08/28/2025 04:30:00 PM,FAILING TO REDUCE SPEED TO AVOID CRASH,UNABLE TO DETERMINE,4958,S,PULASKI RD,815,,,,,,,2,NO INDICATION OF INJURY,0,0,0,0,0,2,0,15,5,8,41.8024093232,-87.7235739831,POINT (-87.723573983079 41.802409323239)
747241f7273e6c2fd98bba4da40ac1d361c67e58b751773a642f661c05f5b6f8a7eb834464019c5dada2fdffdad25667e3b9974a9edb315b6f1266fdc94d957f,,08/28/2025 03:45:00 PM,40,NO CONTROLS,NO CONTROLS,CLEAR,DAYLIGHT,REAR END,OTHER,,STRAIGHT AND LEVEL,DRY,NO DEFECTS,ON SCENE,INJURY AND / OR TOW DUE TO CRASH,,,,"OVER $1,500",08/28/2025 03:58:00 PM,FOLLOWING TOO CLOSELY,UNABLE TO DETERMINE,1721,N,LAKE SHORE DR SB,1814,,,,,,,3,"REPORTED, NOT EVIDENT",4,0,0,0,4,1,0,15,5,8,41.9138446887,-87.6265217588,POINT (-87.626521758841 41.913844688656)
81e9e0ec57fb8786ef1d7ea85fc06e123da5196aa3265fabab5c24de593615a5bc13155457f5f44f7bf9b8f949a61b47ed30b41dc763cfce8905a97002b72cbb,Y,08/28/2025 03:45:00 PM,30,STOP SIGN/FLASHER,FUNCTIONING PROPERLY,CLEAR,DAYLIGHT,TURNING,NOT DIVIDED,,STRAIGHT AND LEVEL,DRY,UNKNOWN,NOT ON SCENE (DESK REPORT),NO INJURY / DRIVE AWAY,,,Y,"OVER $1,500",08/28/2025 05:00:00 PM,DISREGARDING STOP SIGN,NOT APPLICABLE,2600,N,KENTON AVE,2521,,,,,,,2,NO INDICATION OF INJURY,0,0,0,0,0,2,0,15,5,8,41.9284756196,-87.7421452011,POINT (-87.742145201062 41.928475619623)
f152872467d5a5f1dbde7c920f8ae3f8e4d83e0a3d7dba0ec47fe57e359ad09a87d4545f330d073a9620db0ca81cdaea2d569edf5a7b1405ff5f85634c8c49be,,08/28/2025 03:45:00 PM,20,STOP SIGN/FLASHER,FUNCTIONING PROPERLY,CLEAR,DAYLIGHT,PARKED MOTOR VEHICLE,ONE-WAY,,STRAIGHT AND LEVEL,DRY,NO DEFECTS,ON SCENE,INJURY AND / OR TOW DUE TO CRASH,,,,"OVER $1,500",08/28/2025 03:49:00 PM,UNABLE TO DETERMINE,UNABLE TO DETERMINE,11380,S,AVENUE N,433,,,,,,,2,NO INDICATION OF INJURY,0,0,0,0,0,1,0,15,5,8,41.6883139633,-87.5390433169,POINT (-87.539043316863 41.688313963257)
65216be78b6b3309d7fd2610655d1304254e1e491653895cef69a8655dcb75352024ccc3ed583dc6870b3fae49f565ff2a8f8e1b3b1e862601f12521d6664022,,08/28/2025 03:40:00 PM,25,NO CONTROLS,NO CONTROLS,CLEAR,DAYLIGHT,PARKED MOTOR VEHICLE,T-INTERSECTION,,STRAIGHT AND LEVEL,DRY,NO DEFECTS,NOT ON SCENE (DESK REPORT),NO INJURY / DRIVE AWAY,,,Y,"OVER $1,500",08/28/2025 05:30:00 PM,UNABLE TO DETERMINE,UNABLE TO DETERMINE,4198,W,45TH ST,815,,,,,,,2,NO INDICATION OF INJURY,0,0,0,0,0,1,0,15,5,8,41.8115832914,-87.7285517726,POINT (-87.728551772572 41.81158329145)
ffd6be401e4f1386242ea0bae8835590e06fbf36503fde276b72c9fad8b903edea2eba06910a0c5c07c411c9d20714c47a064773874e4e89bd321051c343f450,,08/28/2025 03:40:00 PM,30,TRAFFIC SIGNAL,FUNCTIONING PROPERLY,CLEAR,DAYLIGHT,SIDESWIPE SAME DIRECTION,DIVIDED - W/MEDIAN (NOT RAISED),,STRAIGHT AND LEVEL,DRY,UNKNOWN,NOT ON SCENE (DESK REPORT),NO INJURY / DRIVE AWAY,,,,"OVER $1,500",08/28/2025 04:25:00 PM,FAILING TO YIELD RIGHT-OF-WAY,NOT APPLICABLE,2758,W,LOGAN BLVD,1411,,,,,,,2,NO INDICATION OF INJURY,0,0,0,0,0,2,0,15,5,8,41.9285761444,-87.6974571823,POINT (-87.697457182261 41.928576144372)
617cb8f65eb7b5b540312abd7fe8b20478bd47a18c26b7c13c6ae310760dd381e2f9a5fde5a89e971709f636350757b340e7990118f5dc0eaf2e0acd8272e486,,08/28/2025 03:37:00 PM,30,NO CONTROLS,NO CONTROLS,CLEAR,DAYLIGHT,REAR END,NOT DIVIDED,,STRAIGHT AND LEVEL,DRY,NO DEFECTS,,INJURY AND / OR TOW DUE TO CRASH,,,,"OVER $1,500",08/28/2025 03:44:00 PM,UNABLE TO DETERMINE,NOT APPLICABLE,326,S,PEORIA ST,1232,,,,,,,3,NONINCAPACITATING INJURY,3,0,0,3,0,0,0,15,5,8,41.8770604016,-87.6496973766,POINT (-87.649697376604 41.877060401551)
b18034662810b1d0239ab3e864eaefa71d64874f06adc3f27d417193166cd4ae6da94b94c694b17bd97ba24cedbd349533cc4ceacbc05edf4c2bb259b7a263d6,,08/28/2025 03:34:00 PM,30,NO CONTROLS,NO CONTROLS,UNKNOWN,UNKNOWN,REAR END,NOT DIVIDED,,STRAIGHT AND LEVEL,UNKNOWN,UNKNOWN,NOT ON SCENE (DESK REPORT),INJURY AND / OR TOW DUE TO CRASH,,,,"OVER $1,500",08/29/2025 04:10:00 PM,FOLLOWING TOO CLOSELY,FOLLOWING TOO CLOSELY,975,W,ROSEMONT AVE,2433,,,,,,,2,NO INDICATION OF INJURY,0,0,0,0,0,2,0,15,5,8,41.9963147765,-87.6555261812,POINT (-87.6555261812 41.996314776499)
811c1faccc20cd9427f04256e146e60a4f22cf4d69ba72b859162daf93bedbcdc075cbb559a1cc618bf17310a2642c8ee373af28e7c3a2a997d97bc9b5a38b37,,08/28/2025 03:32:00 PM,30,NO CONTROLS,NO CONTROLS,CLEAR,DAYLIGHT,ANGLE,DIVIDED - W/MEDIAN (NOT RAISED),,STRAIGHT AND LEVEL,DRY,NO DEFECTS,ON SCENE,INJURY AND / OR TOW DUE TO CRASH,Y,,,"OVER $1,500",08/28/2025 03:48:00 PM,UNABLE TO DETERMINE,UNABLE TO DETERMINE,628,N,CICERO AVE,1532,,,,,,,2,NO INDICATION OF INJURY,0,0,0,0,0,2,0,15,5,8,41.8922210702,-87.7458580398,POINT (-87.74585803975 41.89222107015)
1356ca671105a20dfe14345db6021de5d3d6e06cb26222a039f029948a37ec248694aa49de75b115acc78484cbec286252e3fc273c772097836664b63d9b049a,,08/28/2025 03:30:00 PM,30,UNKNOWN,UNKNOWN,CLEAR,DAYLIGHT,SIDESWIPE SAME DIRECTION,NOT DIVIDED,,STRAIGHT AND LEVEL,UNKNOWN,UNKNOWN,,NO INJURY / DRIVE AWAY,,,,"OVER $1,500",08/28/2025 05:30:00 PM,UNABLE TO DETERMINE,UNABLE TO DETERMINE,555,W,MADISON ST,121,,,,,,,2,NO INDICATION OF INJURY,0,0,0,0,0,2,0,15,5,8,41.8817375162,-87.6418080251,POINT (-87.641808025103 41.881737516212)
5f6d4b395ea0b286529a0c4f93a3f058c8b3b70b6dd76fef8bf1a35726fe583b126471b434120d88e7af25af06481f5b49a4f8e6a3260ecb9f46047b8f91e21e,,08/28/2025 03:30:00 PM,30,NO CONTROLS,NO CONTROLS,CLEAR,DAYLIGHT,PARKED MOTOR VEHICLE,UNKNOWN,,STRAIGHT AND LEVEL,DRY,NO DEFECTS,NOT ON SCENE (DESK REPORT),NO INJURY / DRIVE AWAY,,,,"OVER $1,500",08/28/2025 04:54:00 PM,UNABLE TO DETERMINE,NOT APPLICABLE,1520,W,NORTH AVE,1433,,,,,,,2,NO INDICATION OF INJURY,0,0,0,0,0,1,0,15,5,8,41.9107619487,-87.6661209959,POINT (-87.666120995872 41.910761948707)
ef585ae8bf5f087cf29c6194526645407eb7f1a25b83b158ec6af05e57a1b9b969f6dadaaa55f66b3472da12aab8bcf5b6a71b7c4024bdf6fe0ede705961158e,,08/28/2025 03:30:00 PM,20,UNKNOWN,UNKNOWN,CLEAR,DAWN,TURNING,ONE-WAY,,STRAIGHT AND LEVEL,UNKNOWN,UNKNOWN,NOT ON SCENE (DESK REPORT),NO INJURY / DRIVE AWAY,,,Y,"OVER $1,500",08/28/2025 09:16:00 PM,UNABLE TO DETERMINE,UNABLE TO DETERMINE,5333,S,ELLIS AVE,233,,,,,,,2,NO INDICATION OF INJURY,0,0,0,0,0,2,0,15,5,8,41.7984124438,-87.6011334741,POINT (-87.601133474125 41.798412443792)
5af0628933a68cf74325ffa9674ecc76a3818421f4128f6a2bb144fdf7228409408d673ae560f3749c954c1ef59e10a3c1adbbbf54d71a375eb378f3fc76c7e0,,08/28/2025 03:28:00 PM,30,STOP SIGN/FLASHER,FUNCTIONING PROPERLY,CLEAR,DAYLIGHT,TURNING,NOT DIVIDED,,STRAIGHT AND LEVEL,DRY,UNKNOWN,ON SCENE,NO INJURY / DRIVE AWAY,Y,,,$500 OR LESS,08/28/2025 03:39:00 PM,UNABLE TO DETERMINE,UNABLE TO DETERMINE,235,N,PAULINA ST,1215,,,,,,,2,NO INDICATION OF INJURY,0,0,0,0,0,2,0,15,5,8,41.886281815,-87.6693039681,POINT (-87.669303968099 41.886281814952)
9cc8f7d238e5cc1ae73f1e0d098966a8295d6025614a017dc8ac7ae597951580a56e2cf9e6e48e9af6d2d38009c6975be1f89711d784c59853230ba2367290c4,,08/28/2025 03:27:00 PM,30,TRAFFIC SIGNAL,FUNCTIONING PROPERLY,CLEAR,DAYLIGHT,TURNING,FOUR WAY,,STRAIGHT AND LEVEL,DRY,NO DEFECTS,ON SCENE,NO INJURY / DRIVE AWAY,Y,,,"OVER $1,500",08/28/2025 03:41:00 PM,IMPROPER TURNING/NO SIGNAL,IMPROPER TURNING/NO SIGNAL,2599,S,LAWNDALE AVE,1013,,,,,,,2,NO INDICATION OF INJURY,0,0,0,0,0,2,0,15,5,8,41.8444448084,-87.7170883281,POINT (-87.717088328061 41.84444480845)
dce4e535eb86981f7bdc1a85caa4ffcd280dfa65012549987031c8e3633cd2cdaf0eee836dd03a324f2a88caaf932f44bac772018be129ddee8cf617587bdeba,,08/28/2025 03:23:00 PM,30,TRAFFIC SIGNAL,UNKNOWN,CLEAR,DAYLIGHT,TURNING,FOUR WAY,,STRAIGHT AND LEVEL,DRY,UNKNOWN,,INJURY AND / OR TOW DUE TO CRASH,Y,,N,"OVER $1,500",08/28/2025 03:52:00 PM,IMPROPER TURNING/NO SIGNAL,DRIVING SKILLS/KNOWLEDGE/EXPERIENCE,4800,W,GRAND AVE,2533,,Y,,,,,3,NO INDICATION OF INJURY,0,0,0,0,0,3,0,15,5,8,41.9140601958,-87.7460277339,POINT (-87.746027733918 41.914060195761)
d2462ec43d514eaeadac821e05fee8ab5f2a7a99c18a73f5afaaa1727f760ff0ab621895742339f8101311156c6af6f8ec1d5d6acee340c022a3415fdfff96ab,,08/28/2025 03:21:00 PM,15,STOP SIGN/FLASHER,NO CONTROLS,CLEAR,DAYLIGHT,PEDALCYCLIST,TRAFFIC ROUTE,,STRAIGHT AND LEVEL,DRY,UNKNOWN,ON SCENE,INJURY AND / OR TOW DUE TO CRASH,,,,"OVER $1,500",08/28/2025 03:34:00 PM,FAILING TO YIELD RIGHT-OF-WAY,UNABLE TO DETERMINE,6501,S,ELLIS AVE,321,,,,,,,3,NONINCAPACITATING INJURY,2,0,0,1,1,1,0,15,5,8,41.7767410918,-87.6008342829,POINT (-87.600834282897 41.776741091789)
bb8cf46b96c4cb0fa30f2f661ee1142b5d4f0823342a20461874295648149e527b0e93d49bf4e14922833998c312661bbf776a06790d7f9d2f017d686aab00c2,,08/28/2025 03:20:00 PM,30,NO CONTROLS,NO CONTROLS,CLEAR,DAYLIGHT,TURNING,NOT DIVIDED,,STRAIGHT AND LEVEL,DRY,NO DEFECTS,ON SCENE,NO INJURY / DRIVE AWAY,,,Y,"OVER $1,500",08/28/2025 07:32:00 PM,UNABLE TO DETERMINE,NOT APPLICABLE,3104,S,KOSTNER AVE,1031,,,,,,,2,NO INDICATION OF INJURY,0,0,0,0,0,2,0,15,5,8,41.8365348863,-87.7342071906,POINT (-87.734207190599 41.836534886331)
e104a11b8b662d2a36013d4c0b94452afa89f1a91f7156c7c5547b665bc23a3a59642b3f393c4307c5d0da7efa7fc9e288107bd2f7603350c5da09467a8f7869,,08/28/2025 03:20:00 PM,30,TRAFFIC SIGNAL,UNKNOWN,UNKNOWN,DAYLIGHT,SIDESWIPE SAME DIRECTION,FOUR WAY,,STRAIGHT AND LEVEL,UNKNOWN,UNKNOWN,NOT ON SCENE (DESK REPORT),NO INJURY / DRIVE AWAY,Y,,,"OVER $1,500",08/29/2025 10:20:00 AM,UNABLE TO DETERMINE,DRIVING SKILLS/KNOWLEDGE/EXPERIENCE,960,N,MICHIGAN AVE,1833,,,,,,,2,NO INDICATION OF INJURY,0,0,0,0,0,5,0,15,5,8,41.9005089845,-87.6243336387,POINT (-87.624333638715 41.90050898451)
d34f294fb984a30db61f46e797868517c12e3eae069a39e5e5e834200ad0372546fcac46e6dbfea89e4ea5d0fb4323cd05f0340db394123f6653223ae64ed0eb,,08/28/2025 03:15:00 PM,30,TRAFFIC SIGNAL,FUNCTIONING PROPERLY,CLEAR,DAYLIGHT,REAR END,FOUR WAY,,STRAIGHT AND LEVEL,DRY,NO DEFECTS,,NO INJURY / DRIVE AWAY,Y,,,"$501 - $1,500",08/28/2025 04:00:00 PM,UNABLE TO DETERMINE,UNABLE TO DETERMINE,1201,S,ASHLAND AVE,1233,,,,,,,2,NO INDICATION OF INJURY,0,0,0,0,0,2,0,15,5,8,41.8668199624,-87.6662356186,POINT (-87.666235618567 41.866819962413)
08c6cba9fb9b7369440ab03fe5ffa7e2fa8f2b64794b3a05e8b0a1da7256f8320e1e1c69b10a6067b851e8a181b6b5a9ab05091f9c606fb4975b4c7c1ce6a001,,08/28/2025 03:10:00 PM,30,NO CONTROLS,NO CONTROLS,CLEAR,DAYLIGHT,PARKED MOTOR VEHICLE,PARKING LOT,,STRAIGHT AND LEVEL,DRY,NO DEFECTS,NOT ON SCENE (DESK REPORT),NO INJURY / DRIVE AWAY,,,Y,"OVER $1,500",08/28/2025 03:45:00 PM,UNABLE TO DETERMINE,NOT APPLICABLE,2746,N,CLYBOURN AVE,1931,,,,,,,2,NO INDICATION OF INJURY,0,0,0,0,0,1,0,15,5,8,41.9310210058,-87.6768640181,POINT (-87.676864018134 41.931021005798)
81ef1511e9b3817515d4c99e7a2aa3416597ef8e7f08039721536a554b21ad7f61f7259f8909a12c671db39a4d40631d33f517403f8f85b89ecbdaec0a03971d,Y,08/28/2025 03:10:00 PM,30,STOP SIGN/FLASHER,FUNCTIONING PROPERLY,CLEAR,DAYLIGHT,ANGLE,FOUR WAY,,STRAIGHT AND LEVEL,DRY,NO DEFECTS,ON SCENE,INJURY AND / OR TOW DUE TO CRASH,,,,"OVER $1,500",08/28/2025 03:13:00 PM,FAILING TO YIELD RIGHT-OF-WAY,NOT APPLICABLE,698,W,66TH ST,723,,Y,,,,,2,NONINCAPACITATING INJURY,1,0,0,1,0,2,0,15,5,8,41.7744376513,-87.6425702553,POINT (-87.642570255286 41.774437651291)
fda7eed2615894a84fecbd7a81183dd7acdcff5d37a33af734d44f07ce8172ce5be7ba5256cf6ae2676216b82a1421b914e5e2cb5373dca0b8a644d88ae13637,,08/28/2025 03:10:00 PM,30,NO CONTROLS,NO CONTROLS,CLEAR,DAYLIGHT,SIDESWIPE SAME DIRECTION,NOT DIVIDED,,STRAIGHT AND LEVEL,DRY,NO DEFECTS,NOT ON SCENE (DESK REPORT),NO INJURY / DRIVE AWAY,,,,"OVER $1,500",08/28/2025 04:35:00 PM,PHYSICAL CONDITION OF DRIVER,UNABLE TO DETERMINE,5699,S,LAKE SHORE DR SB,331,,,,,,,2,NO INDICATION OF INJURY,0,0,0,0,0,2,0,15,5,8,41.7916165742,-87.5799369721,POINT (-87.579936972138 41.79161657424)
256931026ed5f0b905d2d3a621d35b1aeb7ad280faa08381ce4e7836a16658a2dd17ae2c1c3706379f6ce6c160ecfe9776a87bf393fc2d0f08366b96112e7a87,,08/28/2025 03:09:00 PM,30,NO CONTROLS,NO CONTROLS,CLEAR,DAYLIGHT,ANGLE,DIVIDED - W/MEDIAN (NOT RAISED),,STRAIGHT AND LEVEL,DRY,NO DEFECTS,ON SCENE,NO INJURY / DRIVE AWAY,,,,"OVER $1,500",08/28/2025 03:12:00 PM,FAILING TO YIELD RIGHT-OF-WAY,UNABLE TO DETERMINE,11055,S,PULASKI RD,2211,,,,,,,2,NO INDICATION OF INJURY,0,0,0,0,0,3,0,15,5,8,41.6914867787,-87.7201789194,POINT (-87.720178919399 41.691486778702)
77d5b3d8daaf7dcc4fa03f72d021b77be9c18bb3107e3f2625e24c6ce05c9dbe0f8a74df4772207df0106194765f1277488574a15482633f1f036ca949b61786,,08/28/2025 03:09:00 PM,30,TRAFFIC SIGNAL,FUNCTIONING PROPERLY,CLEAR,DAYLIGHT,PEDALCYCLIST,NOT DIVIDED,,STRAIGHT AND LEVEL,DRY,NO DEFECTS,ON SCENE,INJURY AND / OR TOW DUE TO CRASH,,,,"OVER $1,500",08/28/2025 03:11:00 PM,DISREGARDING TRAFFIC SIGNALS,DISREGARDING TRAFFIC SIGNALS,300,W,ONTARIO ST,1831,,,,,,,2,NONINCAPACITATING INJURY,1,0,0,1,0,1,0,15,5,8,41.8932767034,-87.6356894424,POINT (-87.635689442435 41.893276703421)
2ce6e49398c29a4d1b1a138b5f67af32d251b40a45ddd5339f84d59af16e803037050cee552381a29ba36ed0bac58f0874d915ec184d05d11f213cd70374a08d,,08/28/2025 03:08:00 PM,30,TRAFFIC SIGNAL,FUNCTIONING PROPERLY,CLEAR,DAYLIGHT,TURNING,NOT DIVIDED,,STRAIGHT AND LEVEL,UNKNOWN,UNKNOWN,NOT ON SCENE (DESK REPORT),NO INJURY / DRIVE AWAY,Y,,Y,"$501 - $1,500",08/29/2025 09:00:00 AM,UNABLE TO DETERMINE,NOT APPLICABLE,5501,S,CICERO AVE,813,,,,,,,2,NO INDICATION OF INJURY,0,0,0,0,0,3,0,15,5,8,41.7929943849,-87.7418060289,POINT (-87.741806028879 41.792994384855)
9e71cf1d982acc7c8f7bf86a98576e31c3b97a88c0bd6681f15fb87f26c271abc73535dbaf50822c2eda87dda4a57cf89e6d8d1ff1cacb9fa20e308d440e0541,,08/28/2025 03:05:00 PM,30,TRAFFIC SIGNAL,FUNCTIONING PROPERLY,CLEAR,DAYLIGHT,REAR END,"FIVE POINT, OR MORE",,STRAIGHT AND LEVEL,DRY,NO DEFECTS,NOT ON SCENE (DESK REPORT),NO INJURY / DRIVE AWAY,,,,$500 OR LESS,08/28/2025 03:30:00 PM,FOLLOWING TOO CLOSELY,NOT APPLICABLE,3403,W,GRAND AVE,1121,,,,,,,2,NO INDICATION OF INJURY,0,0,0,0,0,3,0,15,5,8,41.8997653781,-87.7117234976,POINT (-87.711723497611 41.899765378144)
507e95f94e91d6929aa3eaa865a2d64080c5a7a750f1d46a8641f5186f64f919078edce31b35a678f68edbf9b50326caed42d5f0d3f64676a1485fec3bf75fd0,,08/28/2025 03:00:00 PM,25,STOP SIGN/FLASHER,NO CONTROLS,CLEAR,DAYLIGHT,ANGLE,FOUR WAY,,STRAIGHT AND LEVEL,DRY,UNKNOWN,NOT ON SCENE (DESK REPORT),NO INJURY / DRIVE AWAY,,,,"OVER $1,500",08/28/2025 04:30:00 PM,FAILING TO YIELD RIGHT-OF-WAY,UNABLE TO DETERMINE,6398,S,HAMLIN AVE,823,,,,,,,2,NO INDICATION OF INJURY,0,0,0,0,0,2,0,15,5,8,41.7769454611,-87.7179550015,POINT (-87.717955001467 41.776945461123)
8a5d7ba4b18516acad1e33a400ea57bf6b5028e3ae0ff81b4d486dc4b22ea04514086836e2702276100bb1134e8d0dabf0fe9d0ae94b746ffc4706f06b42922f,,08/28/2025 03:00:00 PM,30,NO CONTROLS,NO CONTROLS,CLEAR,DAYLIGHT,PARKED MOTOR VEHICLE,NOT DIVIDED,,STRAIGHT AND LEVEL,DRY,NO DEFECTS,NOT ON SCENE (DESK REPORT),NO INJURY / DRIVE AWAY,,,Y,"OVER $1,500",08/28/2025 03:45:00 PM,UNABLE TO DETERMINE,UNABLE TO DETERMINE,1144,W,MADISON ST,1224,,,,,,,2,NO INDICATION OF INJURY,0,0,0,0,0,1,0,15,5,8,41.881745213,-87.6561111096,POINT (-87.656111109622 41.88174521304)