CRASH_RECORD_ID,CRASH_DATE_EST_I,CRASH_DATE,POSTED_SPEED_LIMIT,TRAFFIC_CONTROL_DEVICE,DEVICE_CONDITION,WEATHER_CONDITION,LIGHTING_CONDITION,FIRST_CRASH_TYPE,TRAFFICWAY_TYPE,LANE_CNT,ALIGNMENT,ROADWAY_SURFACE_COND,ROAD_DEFECT,REPORT_TYPE,CRASH_TYPE,INTERSECTION_RELATED_I,NOT_RIGHT_OF_WAY_I,HIT_AND_RUN_I,DAMAGE,DATE_POLICE_NOTIFIED,PRIM_CONTRIBUTORY_CAUSE,SEC_CONTRIBUTORY_CAUSE,STREET_NO,STREET_DIRECTION,STREET_NAME,BEAT_OF_OCCURRENCE,PHOTOS_TAKEN_I,STATEMENTS_TAKEN_I,DOORING_I,WORK_ZONE_I,WORK_ZONE_TYPE,WORKERS_PRESENT_I,NUM_UNITS,MOST_SEVERE_INJURY,INJURIES_TOTAL,INJURIES_FATAL,INJURIES_INCAPACITATING,INJURIES_NON_INCAPACITATING,INJURIES_REPORTED_NOT_EVIDENT,INJURIES_NO_INDICATION,INJURIES_UNKNOWN,CRASH_HOUR,CRASH_DAY_OF_WEEK,CRASH_MONTH,LATITUDE,LONGITUDE,LOCATION
a54e81003292a97991afcd94476198f6ecdb9281ca470b7add9d305181dda8f7ec03163a55080e8240cf678232af60a63ace98386992953f36fb807d59b722ed,,08/28/2025 03:00:00 PM,30,TRAFFIC SIGNAL,FUNCTIONING PROPERLY,CLEAR,DAYLIGHT,REAR END,NOT DIVIDED,,STRAIGHT AND LEVEL,DRY,NO DEFECTS,NOT ON SCENE (DESK REPORT),NO INJURY / DRIVE AWAY,,,,"OVER $1,500",08/28/2025 04:20:00 PM,IMPROPER LANE USAGE,IMPROPER TURNING/NO SIGNAL,754,W,71ST ST,732,,,,,,,2,NO INDICATION OF INJURY,0,0,0,0,0,2,0,15,5,8,41.7653166311,-87.6441941277,POINT (-87.644194127666 41.765316631058)
a8a63ef0b20a0aeb9ec6758fed4ef43ae5d4f976009a16147103a42b4c90a9b2e951f265b479cbceb67b5f6d074137c4a99902c99c4f04a02c0a47bed14ff96f,,08/28/2025 03:00:00 PM,30,UNKNOWN,NO CONTROLS,CLEAR,DAYLIGHT,REAR TO REAR,PARKING LOT,,STRAIGHT AND LEVEL,UNKNOWN,UNKNOWN,ON SCENE,NO INJURY / DRIVE AWAY,,,,"OVER $1,500",08/28/2025 03:30:00 PM,UNABLE TO DETERMINE,UNABLE TO DETERMINE,5642,W,MELROSE ST,1633,,,,,,,2,NO INDICATION OF INJURY,0,0,0,0,0,2,0,15,5,8,41.9395745124,-87.7682395903,POINT (-87.768239590301 41.939574512356)
b9c1b2e54b6bb400812d359d37c28bff5417c011a6f7951a966fdff5eb27459c1f2657e1415fc5d255590323660049794110f01d581571de009803dd53631083,,08/28/2025 03:00:00 PM,30,TRAFFIC SIGNAL,FUNCTIONING PROPERLY,CLEAR,DAYLIGHT,REAR END,NOT DIVIDED,,STRAIGHT AND LEVEL,DRY,NO DEFECTS,NOT ON SCENE (DESK REPORT),NO INJURY / DRIVE AWAY,,,,"OVER $1,500",08/28/2025 03:00:00 PM,UNABLE TO DETERMINE,UNABLE TO DETERMINE,2201,S,ASHLAND AVE,1235,,,,,,,2,NO INDICATION OF INJURY,0,0,0,0,0,2,0,15,5,8,41.8522192816,-87.6658765358,POINT (-87.6658765358 41.852219281567)
7e682513835044eb71947f396c67591440c8ec900260e1fe26d3196ecc3e9b0215ffce0ece1ca06a846819d89ebd6f15abc063a53a50b4103490fb5ddfd8c548,,08/28/2025 02:57:00 PM,30,STOP SIGN/FLASHER,FUNCTIONING PROPERLY,CLEAR,DAYLIGHT,PEDALCYCLIST,FOUR WAY,,STRAIGHT AND LEVEL,UNKNOWN,UNKNOWN,ON SCENE,INJURY AND / OR TOW DUE TO CRASH,Y,,Y,"OVER $1,500",08/28/2025 07:13:00 PM,DISREGARDING STOP SIGN,FAILING TO YIELD RIGHT-OF-WAY,7500,S,DANTE AVE,411,,,,,,,2,NONINCAPACITATING INJURY,1,0,0,1,0,1,0,14,5,8,41.7586419168,-87.5897293659,POINT (-87.589729365908 41.758641916753)
fc2d90f305f59b532341902f9574af7b9dd074e713877420cf463f060c1a1a101aa634a2be37147fbfdda967c7041767a0c0806469177834493e44c31c654698,,08/28/2025 02:55:00 PM,30,NO CONTROLS,NO CONTROLS,CLEAR,DAYLIGHT,PARKED MOTOR VEHICLE,ONE-WAY,,STRAIGHT AND LEVEL,DRY,UNKNOWN,NOT ON SCENE (DESK REPORT),NO INJURY / DRIVE AWAY,,,Y,"OVER $1,500",08/28/2025 03:05:00 PM,NOT APPLICABLE,UNABLE TO DETERMINE,5720,W,FULTON ST,1512,,,,,,,2,NO INDICATION OF INJURY,0,0,0,0,0,1,0,14,5,8,41.8857645654,-87.7692715522,POINT (-87.769271552214 41.885764565418)
cba551cf72ec277ee5962d7c17c64018a8b27123e2bf59fc55f4e011ae0304ad15acaa4862d113d61eedc3939ab26a66b0cb3b3c29f54462ecab10f2036a47da,,08/28/2025 02:50:00 PM,30,STOP SIGN/FLASHER,FUNCTIONING PROPERLY,CLEAR,DAYLIGHT,ANGLE,FOUR WAY,,STRAIGHT AND LEVEL,DRY,NO DEFECTS,NOT ON SCENE (DESK REPORT),NO INJURY / DRIVE AWAY,Y,,,"OVER $1,500",08/28/2025 03:57:00 PM,UNABLE TO DETERMINE,NOT APPLICABLE,2525,W,PETERSON AVE,2011,,,,,,,2,NO INDICATION OF INJURY,0,0,0,0,0,3,0,14,5,8,41.9903668323,-87.6932546627,POINT (-87.693254662669 41.990366832291)
03c560775bc23c2aa915a457e8ee585e9cd731ec94b09c50a2fc1fd060b84a5c76c910cb0f79abc900836710d50215701a2cbceaf8c42afa6f8ac29763e47d4d,,08/28/2025 02:45:00 PM,30,UNKNOWN,UNKNOWN,CLEAR,DAYLIGHT,SIDESWIPE SAME DIRECTION,PARKING LOT,,STRAIGHT AND LEVEL,UNKNOWN,UNKNOWN,NOT ON SCENE (DESK REPORT),NO INJURY / DRIVE AWAY,,Y,Y,"OVER $1,500",08/28/2025 03:40:00 PM,UNABLE TO DETERMINE,UNABLE TO DETERMINE,50,E,OHIO ST,1834,,,,,,,2,NO INDICATION OF INJURY,0,0,0,0,0,2,0,14,5,8,41.89261824,-87.6261603485,POINT (-87.626160348476 41.892618240004)
735367c0a6f1db8b7188347f09aa3c94a05eb246e0323e68c02dca05ac288beca857281d83e0e549acb70fd67b6280a87b99e14bb81a7b1202d9b685197e66ac,,08/28/2025 02:45:00 PM,30,NO CONTROLS,NO CONTROLS,CLEAR,DAYLIGHT,REAR END,NOT DIVIDED,,STRAIGHT AND LEVEL,DRY,NO DEFECTS,NOT ON SCENE (DESK REPORT),NO INJURY / DRIVE AWAY,N,,,$500 OR LESS,08/28/2025 03:13:00 PM,NOT APPLICABLE,NOT APPLICABLE,5800,S,COTTAGE GROVE AVE,233,,,,,,,2,NO INDICATION OF INJURY,0,0,0,0,0,2,0,14,5,8,41.7894207178,-87.6062625882,POINT (-87.606262588229 41.789420717811)
794753683009d44b3d83323299fda3062c67eab6bcc2ca897b4a3efc21e86fb8584020037c875de7ea898e0a645aa94a237239c64ad9b6d31eaa421fd06ea455,,08/28/2025 02:45:00 PM,25,NO CONTROLS,NO CONTROLS,CLEAR,DAYLIGHT,PARKED MOTOR VEHICLE,NOT DIVIDED,,STRAIGHT AND LEVEL,DRY,NO DEFECTS,ON SCENE,NO INJURY / DRIVE AWAY,,,,"OVER $1,500",08/28/2025 03:19:00 PM,FAILING TO REDUCE SPEED TO AVOID CRASH,NOT APPLICABLE,6563,W,HURLBUT ST,1612,,,,,,,2,NO INDICATION OF INJURY,0,0,0,0,0,1,0,14,5,8,41.9852406381,-87.792239047,POINT (-87.792239047036 41.985240638113)
b07f35668ba11156f478395ea5c500933d278bb7fa4252ae61fc6b6cb815c692a9d68880085c2486e1543d72d7e64899ecd7cc039429eb93ef66ae5aa09e53a5,,08/28/2025 02:40:00 PM,30,NO CONTROLS,NO CONTROLS,CLEAR,DAYLIGHT,PARKED MOTOR VEHICLE,DIVIDED - W/MEDIAN (NOT RAISED),,STRAIGHT AND LEVEL,DRY,NO DEFECTS,ON SCENE,NO INJURY / DRIVE AWAY,,,Y,"OVER $1,500",08/28/2025 02:47:00 PM,UNABLE TO DETERMINE,UNABLE TO DETERMINE,3218,N,NARRAGANSETT AVE,1632,,,,,,,2,NO INDICATION OF INJURY,0,0,0,0,0,1,0,14,5,8,41.9388918814,-87.7862245889,POINT (-87.786224588943 41.938891881442)
507929b2a9916d94282ef6879998363c2e40ccc8766b8db4ef442706c9169e1968c73f1af5b7aa2fe0ca2d5947df29399384e3c64aa124fc00b7fcec15944ce9,,08/28/2025 02:30:00 PM,30,TRAFFIC SIGNAL,FUNCTIONING PROPERLY,CLEAR,DAYLIGHT,REAR END,NOT DIVIDED,,STRAIGHT AND LEVEL,DRY,UNKNOWN,NOT ON SCENE (DESK REPORT),INJURY AND / OR TOW DUE TO CRASH,,,,"OVER $1,500",08/28/2025 03:35:00 PM,DISTRACTION - FROM INSIDE VEHICLE,NOT APPLICABLE,3202,N,CICERO AVE,1634,,,,,,,2,"REPORTED, NOT EVIDENT",1,0,0,0,1,1,0,14,5,8,41.9389292601,-87.7470210297,POINT (-87.74702102972 41.938929260096)
6ee4b3f807a63616e850bd305e719acfed96fdb11676f3171b536be8f86619a5ec522c7fd75cff228e5d3423ca8e1f2d9b59cb737a1379f024833505967c4fc1,,08/28/2025 02:30:00 PM,25,UNKNOWN,UNKNOWN,UNKNOWN,UNKNOWN,REAR END,NOT DIVIDED,,STRAIGHT AND LEVEL,UNKNOWN,UNKNOWN,NOT ON SCENE (DESK REPORT),NO INJURY / DRIVE AWAY,,,,"OVER $1,500",08/28/2025 03:41:00 PM,NOT APPLICABLE,NOT APPLICABLE,1559,S,LAKE SHORE DR SB,132,,,,,,,2,NO INDICATION OF INJURY,0,0,0,0,0,2,0,14,5,8,41.8604499335,-87.6174881929,POINT (-87.617488192921 41.860449933483)
88ff1dbd9843dae6e8bff8c09cc1266331ba7b5431830a0463002a14f4753619a6e85c79ea6f10c506d4584430cf0384e835ea479ab1657ec03e02281ece4a0d,,08/28/2025 02:30:00 PM,25,NO CONTROLS,NO CONTROLS,OTHER,DAYLIGHT,FIXED OBJECT,DRIVEWAY,,STRAIGHT AND LEVEL,WET,NO DEFECTS,NOT ON SCENE (DESK REPORT),NO INJURY / DRIVE AWAY,,Y,,"OVER $1,500",08/28/2025 04:00:00 PM,UNABLE TO DETERMINE,UNABLE TO DETERMINE,922,W,PERSHING RD,915,,,,,,,1,NO INDICATION OF INJURY,0,0,0,0,0,1,0,14,5,8,41.8235240274,-87.6491577895,POINT (-87.649157789521 41.823524027447)
b3ef6c36484d73cb0154b72eb9224f20708057c464238846f5e68422ea33c110a6c7b9f0926471824012c2785180b8396faced44aece157fd1e336d15fb79bdb,,08/28/2025 02:30:00 PM,30,NO CONTROLS,NO CONTROLS,CLEAR,DAWN,TURNING,NOT DIVIDED,,STRAIGHT AND LEVEL,DRY,NO DEFECTS,NOT ON SCENE (DESK REPORT),NO INJURY / DRIVE AWAY,,,,"OVER $1,500",08/28/2025 04:23:00 PM,UNABLE TO DETERMINE,NOT APPLICABLE,1625,W,18TH ST,1234,,,,,,,2,NO INDICATION OF INJURY,0,0,0,0,0,2,0,14,5,8,41.8576652571,-87.6673002026,POINT (-87.667300202589 41.857665257146)
ca23afb6672fa8fb41ea9b55e1bc2477cdc4a8f13e5807f82836f3743d70814c9a0d72744716754ab2d7500d2ad5873cdf973c0fe0de9c501e6afbef936a8d30,Y,08/28/2025 02:30:00 PM,10,NO CONTROLS,NO CONTROLS,CLEAR,DAYLIGHT,REAR TO SIDE,PARKING LOT,,STRAIGHT AND LEVEL,DRY,UNKNOWN,NOT ON SCENE (DESK REPORT),NO INJURY / DRIVE AWAY,,,,"OVER $1,500",08/28/2025 03:05:00 PM,FAILING TO YIELD RIGHT-OF-WAY,NOT APPLICABLE,2484,N,ELSTON AVE,1432,,,,,,,2,NO INDICATION OF INJURY,0,0,0,0,0,2,0,14,5,8,41.9266106806,-87.6799438147,POINT (-87.679943814694 41.926610680584)
d0630a17d658c4f32823ac83c5465f32fd79a964410a7f4315b71f4c5776a7602a89574a3ac8ee34285f8ae6b68133a1308738eef38649f3bf61f2dc875b5c38,,08/28/2025 02:30:00 PM,30,TRAFFIC SIGNAL,FUNCTIONING PROPERLY,CLEAR,DAYLIGHT,ANGLE,FOUR WAY,,STRAIGHT AND LEVEL,DRY,NO DEFECTS,NOT ON SCENE (DESK REPORT),INJURY AND / OR TOW DUE TO CRASH,Y,,,"OVER $1,500",08/28/2025 03:00:00 PM,DRIVING SKILLS/KNOWLEDGE/EXPERIENCE,UNABLE TO DETERMINE,727,E,111TH ST,531,,,,,,,2,"REPORTED, NOT EVIDENT",1,0,0,0,1,1,0,14,5,8,41.6927233639,-87.6045058667,POINT (-87.60450586672 41.692723363896)
0e2edb68bfde9fc393ea4a0c5a6de6d724b851f67fcfba392e3feea9c4ab7184f9c8d30ae45f7aede0ff6e9a916dc201279dbaacae75b58a67212701ab0d4395,,08/28/2025 02:25:00 PM,30,NO CONTROLS,NO CONTROLS,CLEAR,DAYLIGHT,REAR END,NOT DIVIDED,,STRAIGHT AND LEVEL,DRY,NO DEFECTS,ON SCENE,NO INJURY / DRIVE AWAY,,,,"$501 - $1,500",08/28/2025 02:28:00 PM,IMPROPER LANE USAGE,NOT APPLICABLE,4900,S,WESTERN AVE,923,,,,,,,2,NO INDICATION OF INJURY,0,0,0,0,0,2,0,14,5,8,41.804641245,-87.6845169054,POINT (-87.684516905411 41.804641245012)
9c51a9054ddad1594458e8f6d4e7e9c66353f9083e8a884189251c432f72268b393e0bb92d23718d3b555ad17735bea9a46048ade79c9d1ffa88fb9186980754,,08/28/2025 02:11:00 PM,25,NO CONTROLS,NO CONTROLS,RAIN,DAYLIGHT,ANGLE,NOT DIVIDED,,STRAIGHT AND LEVEL,DRY,NO DEFECTS,NOT ON SCENE (DESK REPORT),NO INJURY / DRIVE AWAY,Y,,,"$501 - $1,500",08/28/2025 04:00:00 PM,UNABLE TO DETERMINE,UNABLE TO DETERMINE,4015,N,MANGO AVE,1624,,,,,,,2,NO INDICATION OF INJURY,0,0,0,0,0,2,0,14,5,8,41.9536240299,-87.7705412292,POINT (-87.770541229161 41.953624029912)
ba37c2dfef86023f7532983928b77fe2d7e7990d5b86d70600e688a05bed6ad1cbdea5806c7e1e4209cca826f2130c236527792232205da8959dd5afa285a5d6,,08/28/2025 02:10:00 PM,30,NO CONTROLS,NO CONTROLS,CLEAR,DAYLIGHT,TURNING,NOT DIVIDED,,STRAIGHT AND LEVEL,DRY,NO DEFECTS,NOT ON SCENE (DESK REPORT),INJURY AND / OR TOW DUE TO CRASH,,,,"OVER $1,500",08/28/2025 02:11:00 PM,UNABLE TO DETERMINE,UNABLE TO DETERMINE,3141,W,CERMAK RD,1033,,,,,,,2,"REPORTED, NOT EVIDENT",1,0,0,0,1,1,0,14,5,8,41.8516668524,-87.7044313566,POINT (-87.704431356638 41.851666852417)
039b5a8102b0d3e12d5a572ab2d990d14d6ceb5c45089c53499787f2994cce996f0bf95ade04866c655558730ac900998d89b6c3047ba7ce1a9b92dbd493bafb,,08/28/2025 02:05:00 PM,30,NO CONTROLS,NO CONTROLS,CLEAR,DAYLIGHT,PARKED MOTOR VEHICLE,ONE-WAY,,STRAIGHT AND LEVEL,DRY,NO DEFECTS,ON SCENE,NO INJURY / DRIVE AWAY,,,,"$501 - $1,500",08/28/2025 03:00:00 PM,"VISION OBSCURED (SIGNS, TREE LIMBS, BUILDINGS, ETC.)",IMPROPER BACKING,3240,W,CARROLL AVE,1123,Y,,,,,,2,NO INDICATION OF INJURY,0,0,0,0,0,1,0,14,5,8,41.8876119494,-87.7078367057,POINT (-87.707836705732 41.887611949436)
3fce978c9b5d334e5eaeb556cb1a3314a375eb2aa156da0b94f0295c561f1f7a62a07b4aad1c7f5df981534c48954a411a54461441c52592a5aa08c702706346,,08/28/2025 01:58:00 PM,30,TRAFFIC SIGNAL,FUNCTIONING PROPERLY,CLEAR,DAYLIGHT,TURNING,NOT DIVIDED,,STRAIGHT AND LEVEL,DRY,NO DEFECTS,NOT ON SCENE (DESK REPORT),NO INJURY / DRIVE AWAY,Y,,,"OVER $1,500",08/28/2025 03:15:00 PM,IMPROPER TURNING/NO SIGNAL,IMPROPER LANE USAGE,100,S,CLARK ST,122,,,,,,,2,NO INDICATION OF INJURY,0,0,0,0,0,2,0,13,5,8,41.8806628675,-87.6309992327,POINT (-87.630999232701 41.880662867542)
17e2fba70eb2d9947ac3c5e4e757381f27985991bb4c2255194d3a1798bd86b8937e7f6bc989dc0396cef7dc17f2a1108c67b7adf69ce51927794a8b5115c9ac,,08/28/2025 01:50:00 PM,30,TRAFFIC SIGNAL,FUNCTIONING PROPERLY,CLEAR,DAYLIGHT,SIDESWIPE SAME DIRECTION,FOUR WAY,,STRAIGHT AND LEVEL,DRY,NO DEFECTS,NOT ON SCENE (DESK REPORT),NO INJURY / DRIVE AWAY,Y,,,"OVER $1,500",08/28/2025 05:50:00 PM,UNABLE TO DETERMINE,UNABLE TO DETERMINE,8505,S,PULASKI RD,834,,,,,,,2,NO INDICATION OF INJURY,0,0,0,0,0,2,0,13,5,8,41.7383484681,-87.7214063069,POINT (-87.721406306893 41.738348468105)
c3363a3a1d1b809214b66390022e1eddce17faa75284df86bfa3f0ec31cdecb1ea27950f610cbb1780a2a33726b9f52c26c90eaa016eca941f8680cf301f3fdd,,08/28/2025 01:50:00 PM,30,STOP SIGN/FLASHER,FUNCTIONING PROPERLY,CLEAR,DAYLIGHT,ANGLE,FOUR WAY,,STRAIGHT AND LEVEL,DRY,NO DEFECTS,ON SCENE,INJURY AND / OR TOW DUE TO CRASH,Y,,,"OVER $1,500",08/28/2025 02:05:00 PM,FAILING TO YIELD RIGHT-OF-WAY,UNABLE TO DETERMINE,6000,S,AUSTIN AVE,812,,,,,,,2,NO INDICATION OF INJURY,0,0,0,0,0,2,0,13,5,8,41.7832722415,-87.7718486982,POINT (-87.77184869817 41.783272241527)
37f9b5b06f020972d05a23fe10aa2da10629cb548255d99379a6fa658649ee04fc089c8e19d5291976f1d6c515095f5eb558d2846b4be40504c7ad09d32a108c,Y,08/28/2025 01:48:00 PM,30,TRAFFIC SIGNAL,FUNCTIONING PROPERLY,CLEAR,DAYLIGHT,ANGLE,NOT DIVIDED,,STRAIGHT AND LEVEL,DRY,NO DEFECTS,ON SCENE,NO INJURY / DRIVE AWAY,Y,,,"OVER $1,500",08/28/2025 01:50:00 PM,NOT APPLICABLE,NOT APPLICABLE,1159,W,GARFIELD BLVD,712,,,,,,,2,NO INDICATION OF INJURY,0,0,0,0,0,2,0,13,5,8,41.7936916233,-87.6548057993,POINT (-87.654805799296 41.793691623252)
253370520c7cbd53f3feb48e6da9c890bc202f9a65e9743a76de042504d22e52a558b1b828977d14bd9155c569c4af70061e22e5cf4af77b0d34a6cdf1a96d85,,08/28/2025 01:45:00 PM,30,NO CONTROLS,NO CONTROLS,CLEAR,DAYLIGHT,REAR END,NOT DIVIDED,,STRAIGHT AND LEVEL,DRY,NO DEFECTS,NOT ON SCENE (DESK REPORT),NO INJURY / DRIVE AWAY,,,,"OVER $1,500",08/28/2025 02:00:00 PM,UNABLE TO DETERMINE,UNABLE TO DETERMINE,1931,S,HALSTED ST,1235,,,,,,,2,NO INDICATION OF INJURY,0,0,0,0,0,2,0,13,5,8,41.8558493745,-87.6464406149,POINT (-87.646440614939 41.855849374496)
c30d381b9a14f2540074f404abb41083f22653fb418b25e1eb50a0252f05229294b729ba272ed6575783d19cb109f7f6f4faa81436c56bc8bd16a55aa1288722,,08/28/2025 01:45:00 PM,30,NO CONTROLS,NO CONTROLS,CLEAR,DAYLIGHT,SIDESWIPE SAME DIRECTION,DIVIDED - W/MEDIAN (NOT RAISED),,STRAIGHT AND LEVEL,DRY,NO DEFECTS,ON SCENE,NO INJURY / DRIVE AWAY,,,Y,"OVER $1,500",08/28/2025 02:46:00 PM,FAILING TO YIELD RIGHT-OF-WAY,FAILING TO YIELD RIGHT-OF-WAY,2361,S,WHIPPLE ST,1033,,,,,,,2,NO INDICATION OF INJURY,0,0,0,0,0,2,0,13,5,8,41.8482837931,-87.7013311637,POINT (-87.701331163653 41.848283793112)
298cf3749c9b70f55a63c3e65d22d83b72750170b57f1d3f5a0faa62da6d4e7d900008720ce3a35b7f5a75f1c5074f348ae2af53dbb517597d4f8d3a0428d4d2,,08/28/2025 01:31:00 PM,30,NO CONTROLS,NO CONTROLS,CLEAR,DAYLIGHT,REAR END,DIVIDED - W/MEDIAN BARRIER,,STRAIGHT AND LEVEL,DRY,NO DEFECTS,ON SCENE,INJURY AND / OR TOW DUE TO CRASH,,,,"OVER $1,500",08/28/2025 01:34:00 PM,FOLLOWING TOO CLOSELY,FOLLOWING TOO CLOSELY,10133,S,HALSTED ST,2232,,Y,,,,,2,INCAPACITATING INJURY,1,0,1,0,0,3,0,13,5,8,41.7095648477,-87.6427549161,POINT (-87.642754916055 41.70956484767)
0cb74003d4d3807fefa7f3202418db0af489abf4628e38f5c78faeb6e70aced83f441f9e3207538a36ffd84c714bc67c639348f4291e164ad69993c2eb1228b3,,08/28/2025 01:30:00 PM,30,STOP SIGN/FLASHER,NO CONTROLS,CLEAR,DAYLIGHT,PARKED MOTOR VEHICLE,PARKING LOT,,STRAIGHT AND LEVEL,DRY,UNKNOWN,NOT ON SCENE (DESK REPORT),NO INJURY / DRIVE AWAY,,,Y,"OVER $1,500",08/28/2025 01:47:00 PM,UNABLE TO DETERMINE,NOT APPLICABLE,2750,W,NORTH AVE,1421,,,,,,,2,NO INDICATION OF INJURY,0,0,0,0,0,1,0,13,5,8,41.9103309406,-87.6966452612,POINT (-87.696645261167 41.910330940635)
707dfc7e1d5518e7f788088265f0468728b5e2c5e2c8835420ba903bc95d5e8f5bd9edf298f309e07c87f33d26553898c4208686ebd24dbdf2a6ed82899af4e6,,08/28/2025 01:30:00 PM,30,STOP SIGN/FLASHER,FUNCTIONING PROPERLY,CLEAR,DAYLIGHT,REAR END,NOT DIVIDED,,STRAIGHT AND LEVEL,DRY,NO DEFECTS,NOT ON SCENE (DESK REPORT),NO INJURY / DRIVE AWAY,,,,"$501 - $1,500",08/28/2025 01:45:00 PM,DISTRACTION - FROM INSIDE VEHICLE,FAILING TO REDUCE SPEED TO AVOID CRASH,2247,N,KIMBALL AVE,1413,,,,,,,2,NO INDICATION OF INJURY,0,0,0,0,0,2,0,13,5,8,41.9224392138,-87.7118903906,POINT (-87.711890390644 41.922439213758)
a3e98b0af130f3d0b3a0d2566d1b707812c0ad4e0d999cac4e6821a75266eb668395d227878f79150549379f1b8081cc8762ab4d0adc13bfcbb8a0834d3bc5f1,,08/28/2025 01:30:00 PM,25,UNKNOWN,UNKNOWN,UNKNOWN,UNKNOWN,REAR TO FRONT,NOT DIVIDED,,STRAIGHT AND LEVEL,UNKNOWN,UNKNOWN,NOT ON SCENE (DESK REPORT),NO INJURY / DRIVE AWAY,,,,"OVER $1,500",08/28/2025 02:23:00 PM,NOT APPLICABLE,NOT APPLICABLE,301,E,NORTH WATER ST,1834,,,,,,,2,NO INDICATION OF INJURY,0,0,0,0,0,2,0,13,5,8,41.8894582801,-87.6203683764,POINT (-87.620368376429 41.889458280109)
a513a69a3dd1b148a32583b6af8b677040d17cc32e7b8ca1a35c021332cca4afea128e432feb534fc714037d028fe858be3e22c19a6fe4c405a9eb5eabf3eb82,,08/28/2025 01:30:00 PM,30,TRAFFIC SIGNAL,FUNCTIONING PROPERLY,CLEAR,DAYLIGHT,SIDESWIPE SAME DIRECTION,DIVIDED - W/MEDIAN (NOT RAISED),,STRAIGHT AND LEVEL,DRY,NO DEFECTS,NOT ON SCENE (DESK REPORT),NO INJURY / DRIVE AWAY,,,,"$501 - $1,500",08/28/2025 04:40:00 PM,FAILING TO YIELD RIGHT-OF-WAY,UNABLE TO DETERMINE,4700,S,DR MARTIN LUTHER KING JR DR,224,,,,,,,2,NO INDICATION OF INJURY,0,0,0,0,0,3,0,13,5,8,41.8092909105,-87.616733046,POINT (-87.616733045993 41.809290910501)
cd53b5ef3775911c9f1c93bcf0a4110b1a34592b09327f7dcbb2a7fe8c402590470035c3db07587395cb509fd2327633e2959e2f4956abe24fbde7569c709498,N,08/28/2025 01:30:00 PM,20,NO CONTROLS,NO CONTROLS,CLEAR,DAYLIGHT,PARKED MOTOR VEHICLE,DRIVEWAY,,STRAIGHT ON HILLCREST,DRY,UNKNOWN,,NO INJURY / DRIVE AWAY,,,Y,"OVER $1,500",08/28/2025 11:41:00 PM,UNABLE TO DETERMINE,UNABLE TO DETERMINE,1656,N,MONITOR AVE,2531,,,,,,,2,NO INDICATION OF INJURY,0,0,0,0,0,1,0,13,5,8,41.9109772964,-87.7716650319,POINT (-87.771665031906 41.910977296385)
cec138ddcb28883bc0b60a0e2b2ed9ca6e09a887f87db01138283a88525099578e44a1e8f3f1f539a6b5483e99b93efb58739e2cd14883d93786b6f2aed1362d,,08/28/2025 01:30:00 PM,35,NO CONTROLS,NO CONTROLS,CLEAR,DAYLIGHT,ANGLE,NOT DIVIDED,,STRAIGHT AND LEVEL,DRY,NO DEFECTS,NOT ON SCENE (DESK REPORT),NO INJURY / DRIVE AWAY,,,Y,"$501 - $1,500",08/28/2025 03:00:00 PM,UNABLE TO DETERMINE,NOT APPLICABLE,5401,N,HARLEM AVE,1613,,,,,,,2,NO INDICATION OF INJURY,0,0,0,0,0,2,0,13,5,8,41.9792169069,-87.8068381631,POINT (-87.806838163137 41.979216906928)
d0df04f62167efd4599ca42d77911b05a601eb4805934cb232c9f37efae7d4c58d2a9457f0ad7dfb1a549d54c3c92bfefbabe2c9810eda01afdf54d1689ed9bd,,08/28/2025 01:21:00 PM,30,OTHER RAILROAD CROSSING,FUNCTIONING PROPERLY,CLEAR,DAYLIGHT,SIDESWIPE SAME DIRECTION,NOT DIVIDED,,STRAIGHT AND LEVEL,DRY,NO DEFECTS,NOT ON SCENE (DESK REPORT),NO INJURY / DRIVE AWAY,,,,$500 OR LESS,08/28/2025 02:40:00 PM,UNABLE TO DETERMINE,UNABLE TO DETERMINE,2540,W,COLUMBUS AVE,835,,,,,,,2,NO INDICATION OF INJURY,0,0,0,0,0,2,0,13,5,8,41.7574569191,-87.6870114715,POINT (-87.687011471472 41.757456919136)
79aa6085f045e129e1c6eae5432c332083fa4efea757f065207b8278a447983ee058b2aa9c363ef3a56066c394cb608ea2296e363c2d550609d85f253bdfeeb9,,08/28/2025 01:20:00 PM,30,NO CONTROLS,NO CONTROLS,CLEAR,DAYLIGHT,TURNING,DIVIDED - W/MEDIAN (NOT RAISED),,STRAIGHT AND LEVEL,DRY,UNKNOWN,ON SCENE,INJURY AND / OR TOW DUE TO CRASH,,,Y,$500 OR LESS,08/28/2025 01:45:00 PM,UNABLE TO DETERMINE,NOT APPLICABLE,432,E,87TH ST,632,,,,,,,2,NONINCAPACITATING INJURY,1,0,0,1,0,1,0,13,5,8,41.7366337615,-87.6130757851,POINT (-87.6130757851 41.73663376152)