CRASH_RECORD_ID,CRASH_DATE_EST_I,CRASH_DATE,POSTED_SPEED_LIMIT,TRAFFIC_CONTROL_DEVICE,DEVICE_CONDITION,WEATHER_CONDITION,LIGHTING_CONDITION,FIRST_CRASH_TYPE,TRAFFICWAY_TYPE,LANE_CNT,ALIGNMENT,ROADWAY_SURFACE_COND,ROAD_DEFECT,REPORT_TYPE,CRASH_TYPE,INTERSECTION_RELATED_I,NOT_RIGHT_OF_WAY_I,HIT_AND_RUN_I,DAMAGE,DATE_POLICE_NOTIFIED,PRIM_CONTRIBUTORY_CAUSE,SEC_CONTRIBUTORY_CAUSE,STREET_NO,STREET_DIRECTION,STREET_NAME,BEAT_OF_OCCURRENCE,PHOTOS_TAKEN_I,STATEMENTS_TAKEN_I,DOORING_I,WORK_ZONE_I,WORK_ZONE_TYPE,WORKERS_PRESENT_I,NUM_UNITS,MOST_SEVERE_INJURY,INJURIES_TOTAL,INJURIES_FATAL,INJURIES_INCAPACITATING,INJURIES_NON_INCAPACITATING,INJURIES_REPORTED_NOT_EVIDENT,INJURIES_NO_INDICATION,INJURIES_UNKNOWN,CRASH_HOUR,CRASH_DAY_OF_WEEK,CRASH_MONTH,LATITUDE,LONGITUDE,LOCATION
e44157f394b825ae6b1c9ec35136f0553343d037b3e8b18b497280cc73f9eaaf6c3b920303a124f8ac1c8d6df1571b8b2ee266003b8c59d9e46e03acd6c885d2,,08/28/2025 01:20:00 PM,30,TRAFFIC SIGNAL,FUNCTIONING PROPERLY,CLEAR,DAYLIGHT,SIDESWIPE SAME DIRECTION,NOT DIVIDED,,STRAIGHT AND LEVEL,UNKNOWN,UNKNOWN,NOT ON SCENE (DESK REPORT),NO INJURY / DRIVE AWAY,,,,"$501 - $1,500",08/28/2025 03:00:00 PM,IMPROPER LANE USAGE,UNABLE TO DETERMINE,713,S,DAMEN AVE,1225,,,,,,,2,NO INDICATION OF INJURY,0,0,0,0,0,2,0,13,5,8,0.0,0.0,POINT (0 0)
5c60a299371281c99c2368e2162c7ad159798749c26f7ba62b52fc47f8d97ec7615d44559f7d767b29df448a21bfa2accdaec78f3e333ff2fa9011045f4d3983,,08/28/2025 01:15:00 PM,30,NO CONTROLS,NO CONTROLS,CLEAR,DAYLIGHT,ANGLE,NOT DIVIDED,,STRAIGHT AND LEVEL,DRY,NO DEFECTS,NOT ON SCENE (DESK REPORT),INJURY AND / OR TOW DUE TO CRASH,,,Y,"OVER $1,500",08/29/2025 12:20:00 PM,UNABLE TO DETERMINE,UNABLE TO DETERMINE,5243,S,ARCHER AVE,815,,,,,,,2,"REPORTED, NOT EVIDENT",1,0,0,0,1,1,0,13,5,8,41.7995376772,-87.736734212,POINT (-87.736734211983 41.79953767719)
fc05a354f640e6ff81f71d36b1e9b092470b317a7ba5218928fd346c2d19631cf30a71b1336a849debaec7504191a1ff0ba105723e95b8fc3a20f2e8a2ad979d,,08/28/2025 01:15:00 PM,30,TRAFFIC SIGNAL,FUNCTIONING PROPERLY,CLEAR,DAYLIGHT,PEDALCYCLIST,DIVIDED - W/MEDIAN (NOT RAISED),,STRAIGHT AND LEVEL,DRY,NO DEFECTS,NOT ON SCENE (DESK REPORT),NO INJURY / DRIVE AWAY,N,,,$500 OR LESS,08/28/2025 02:00:00 PM,FOLLOWING TOO CLOSELY,DRIVING SKILLS/KNOWLEDGE/EXPERIENCE,610,W,IRVING PARK RD,1915,,,,,,,2,NO INDICATION OF INJURY,0,0,0,0,0,2,0,13,5,8,41.9547403371,-87.6456420433,POINT (-87.645642043347 41.954740337085)
9369bc76237a2904ce332f83e498f0393c3f6c172589fb25f6b1ec0e8fdca5ae6316d0efeb318c75e4d4eaff541ae69c4a8ed46c8154de714e6e7f934f7f2182,,08/28/2025 01:08:00 PM,30,TRAFFIC SIGNAL,FUNCTIONING PROPERLY,CLEAR,DAYLIGHT,REAR END,FOUR WAY,,STRAIGHT AND LEVEL,DRY,UNKNOWN,NOT ON SCENE (DESK REPORT),INJURY AND / OR TOW DUE TO CRASH,Y,,,"OVER $1,500",08/28/2025 02:29:00 PM,IMPROPER LANE USAGE,NOT APPLICABLE,324,E,ROOSEVELT DR,114,,N,,,,,2,NONINCAPACITATING INJURY,2,0,0,2,0,1,0,13,5,8,41.8676392019,-87.6195903917,POINT (-87.619590391722 41.867639201862)
4b6a74940618de2e8d814938bf59fbed6d797f30eb31ebe835d7d36373ca6a11f684c801982ce327095bc31c5f03769e885fda8a07f823c2bf4b631234768244,,08/28/2025 01:00:00 PM,25,NO CONTROLS,NO CONTROLS,CLEAR,DAYLIGHT,TURNING,NOT DIVIDED,,STRAIGHT AND LEVEL,DRY,NO DEFECTS,ON SCENE,NO INJURY / DRIVE AWAY,,,,"OVER $1,500",08/28/2025 01:01:00 PM,NOT APPLICABLE,NOT APPLICABLE,3198,W,TOUHY AVE,2411,,,,,,,2,NO INDICATION OF INJURY,0,0,0,0,0,2,0,13,5,8,42.0119723009,-87.7089476988,POINT (-87.708947698816 42.011972300941)
4d145fd5c66b606b3d25a9fb3544481cbc1436a5c22971b15a4cbf27b5a3cf1654438ff3210175f518a1a3de0fb0c3dc0b31c03f8c829632c9b99eaa267bc424,,08/28/2025 01:00:00 PM,25,UNKNOWN,UNKNOWN,UNKNOWN,UNKNOWN,SIDESWIPE SAME DIRECTION,NOT DIVIDED,,STRAIGHT AND LEVEL,UNKNOWN,UNKNOWN,NOT ON SCENE (DESK REPORT),NO INJURY / DRIVE AWAY,,,,"OVER $1,500",08/28/2025 01:42:00 PM,NOT APPLICABLE,NOT APPLICABLE,932,N,LAKE SHORE DR SB,1833,,,,,,,2,NO INDICATION OF INJURY,0,0,0,0,0,2,0,13,5,8,41.9001874898,-87.6192872491,POINT (-87.619287249055 41.900187489763)
612cf39f85ea7648673b7e3aef91d22b51197e4c6b7aec65fb2baa8f860f4160438ccf4cede09686c0e708a8c71407c2c4fb5fc5877a33075a461891b2e8fbf1,Y,08/28/2025 01:00:00 PM,30,NO CONTROLS,NO CONTROLS,UNKNOWN,UNKNOWN,PARKED MOTOR VEHICLE,OTHER,,STRAIGHT AND LEVEL,UNKNOWN,UNKNOWN,NOT ON SCENE (DESK REPORT),NO INJURY / DRIVE AWAY,,Y,,"$501 - $1,500",08/31/2025 11:20:00 AM,UNABLE TO DETERMINE,NOT APPLICABLE,1730,N,CLARK ST,1814,,,,,,,2,NO INDICATION OF INJURY,0,0,0,0,0,1,0,13,5,8,41.9138642987,-87.6334413152,POINT (-87.633441315152 41.913864298738)
0ff79572f7e612afe23c6a1bab54890aea77dc12711d15af4c94516bfc5729254d2da9158656232f1b7d3da8b011e2dd2cb359e0f47aff05721605e57040ca0e,,08/28/2025 12:52:00 PM,30,STOP SIGN/FLASHER,FUNCTIONING PROPERLY,CLEAR,DAYLIGHT,REAR END,NOT DIVIDED,,STRAIGHT AND LEVEL,DRY,NO DEFECTS,ON SCENE,NO INJURY / DRIVE AWAY,,,,"OVER $1,500",08/28/2025 01:02:00 PM,FOLLOWING TOO CLOSELY,UNABLE TO DETERMINE,1336,E,MARQUETTE RD,321,,,,,,,2,NO INDICATION OF INJURY,0,0,0,0,0,2,0,12,5,8,41.7751878267,-87.5930321143,POINT (-87.593032114289 41.775187826721)
e81ea28ff72d95d0e1caaf6d0639b51757bda234637da860ee9afa017d45cec9f3eb275784f0fac54e35dda2de855faa91b9907ddd874ff884ac6e61287b8abf,,08/28/2025 12:45:00 PM,30,NO CONTROLS,NO CONTROLS,CLEAR,DAYLIGHT,TURNING,ONE-WAY,,STRAIGHT AND LEVEL,DRY,NO DEFECTS,NOT ON SCENE (DESK REPORT),NO INJURY / DRIVE AWAY,,,,"OVER $1,500",08/28/2025 01:00:00 PM,UNABLE TO DETERMINE,NOT APPLICABLE,417,W,BARRY AVE,1934,,,,,,,2,NO INDICATION OF INJURY,0,0,0,0,0,2,0,12,5,8,41.9376159043,-87.6401850419,POINT (-87.640185041925 41.937615904333)
aa954553065d2bd8e3c81473c5c47bdb0c29074b66dcc45dc5875960b9d5f3c430a98247ee8477864240480d8580cc00af35d30afacc86d470be455de552f33c,,08/28/2025 12:40:00 PM,15,NO CONTROLS,NO CONTROLS,CLEAR,DAYLIGHT,REAR TO FRONT,PARKING LOT,,STRAIGHT AND LEVEL,DRY,UNKNOWN,ON SCENE,NO INJURY / DRIVE AWAY,,Y,,"$501 - $1,500",08/28/2025 12:47:00 PM,UNABLE TO DETERMINE,UNABLE TO DETERMINE,4301,W,ARMITAGE AVE,2534,,,,,,,2,NO INDICATION OF INJURY,0,0,0,0,0,3,0,12,5,8,41.9169598552,-87.7339453364,POINT (-87.733945336406 41.916959855188)
1e16350310a2f804682a4ea0069287cb180c8a01ccd0bbd902927b5665f1d624251a608ccb86b63c4ba311f91898f02f18977573068c9cbd78d6bd99f5f74c17,,08/28/2025 12:38:00 PM,30,NO CONTROLS,NO CONTROLS,CLEAR,DAYLIGHT,TURNING,NOT DIVIDED,,STRAIGHT AND LEVEL,DRY,NO DEFECTS,ON SCENE,NO INJURY / DRIVE AWAY,,,,"OVER $1,500",08/28/2025 12:39:00 PM,FAILING TO REDUCE SPEED TO AVOID CRASH,NOT APPLICABLE,802,N,CENTRAL AVE,1511,,,,,,,2,NO INDICATION OF INJURY,0,0,0,0,0,2,0,12,5,8,41.8949550798,-87.7655451503,POINT (-87.76554515028 41.894955079811)
5e58f66ef0e8b37766e092744e7d048ce68f6dcd1841f54395041759fda4ff9087b25deee62d56ce720b1d6a6d28080429a73555474a5d2d1701dc27a63ac5df,,08/28/2025 12:30:00 PM,30,TRAFFIC SIGNAL,FUNCTIONING PROPERLY,CLEAR,DAYLIGHT,SIDESWIPE SAME DIRECTION,DIVIDED - W/MEDIAN BARRIER,,STRAIGHT AND LEVEL,DRY,NO DEFECTS,NOT ON SCENE (DESK REPORT),INJURY AND / OR TOW DUE TO CRASH,,,,"OVER $1,500",08/28/2025 02:15:00 PM,IMPROPER OVERTAKING/PASSING,NOT APPLICABLE,1200,S,LAKE SHORE DR SB,132,,,,,,,2,"REPORTED, NOT EVIDENT",1,0,0,0,1,2,0,12,5,8,41.8674842272,-87.6191503834,POINT (-87.619150383382 41.867484227164)
ca4f70b08c97324c7ffe39dfa464a72239d25217c04d8832a878decd4228818925e7f1ffa9bbf17ace2cdebb1eac51b07736792a21b05329133e40faeb1018c4,,08/28/2025 12:30:00 PM,20,TRAFFIC SIGNAL,FUNCTIONING PROPERLY,CLEAR,DAYLIGHT,TURNING,"FIVE POINT, OR MORE",,STRAIGHT AND LEVEL,DRY,NO DEFECTS,ON SCENE,INJURY AND / OR TOW DUE TO CRASH,Y,,,"OVER $1,500",08/28/2025 12:33:00 PM,IMPROPER LANE USAGE,DRIVING SKILLS/KNOWLEDGE/EXPERIENCE,3200,N,LAKE SHORE DR,1925,,,,,,,2,INCAPACITATING INJURY,3,0,1,0,2,1,0,12,5,8,41.9409091633,-87.63936916,POINT (-87.639369159955 41.940909163268)
034ce7ddb7fafa6723649f5503a3b72fe5c8eed4fc2317dae41b340362eb06723ce08328f3d33d5a21d00b5b9900c7a99b86e370506bcbb9075ec7f137c50760,,08/28/2025 12:28:00 PM,30,NO CONTROLS,NO CONTROLS,CLEAR,DAYLIGHT,TURNING,NOT DIVIDED,,STRAIGHT AND LEVEL,DRY,NO DEFECTS,ON SCENE,NO INJURY / DRIVE AWAY,,,,"OVER $1,500",08/28/2025 12:40:00 PM,IMPROPER TURNING/NO SIGNAL,NOT APPLICABLE,4534,N,LINCOLN AVE,1911,,,,,,,2,NO INDICATION OF INJURY,0,0,0,0,0,2,0,12,5,8,41.9640506109,-87.6857261129,POINT (-87.685726112879 41.96405061092)
7953b3b748e10b5931ed44795bdbbbb29054b0d91ef7037cc75d12561ba927cd466a3038bc9ab6a6e3ced551bf5afc7ab70bc0d5354ea7d63c15411ba718fc15,,08/28/2025 12:25:00 PM,45,NO CONTROLS,NO CONTROLS,CLEAR,DAYLIGHT,SIDESWIPE SAME DIRECTION,DIVIDED - W/MEDIAN BARRIER,,STRAIGHT AND LEVEL,UNKNOWN,UNKNOWN,NOT ON SCENE (DESK REPORT),NO INJURY / DRIVE AWAY,,,Y,"OVER $1,500",08/29/2025 10:15:00 AM,UNABLE TO DETERMINE,NOT APPLICABLE,1200,S,LAKE SHORE DR SB,132,,,,,,,2,NO INDICATION OF INJURY,0,0,0,0,0,2,0,12,5,8,41.8674842272,-87.6191503834,POINT (-87.619150383382 41.867484227164)
c8ea9b12a8129a6e81cba27f6c64627dcf5a969b76529c87b35cda7f3a92a35bb73861bc20b3d1445c62f1970e683c543b41af5ac24a41077ee86acd1e8a68a2,,08/28/2025 12:20:00 PM,30,TRAFFIC SIGNAL,UNKNOWN,CLEAR,DAYLIGHT,ANGLE,FOUR WAY,,STRAIGHT AND LEVEL,DRY,UNKNOWN,ON SCENE,NO INJURY / DRIVE AWAY,,,Y,"OVER $1,500",08/28/2025 01:00:00 PM,UNABLE TO DETERMINE,UNABLE TO DETERMINE,1754,N,CENTRAL AVE,2531,,,,,,,2,NO INDICATION OF INJURY,0,0,0,0,0,3,0,12,5,8,41.9128451481,-87.7657826805,POINT (-87.765782680534 41.912845148082)
255f9471953eb3fef399c80e11356d7ad4e6cf2ee4f559876bc4473a1a2cb3a2b95dc4189e731a7f4c82ee77ddb31c4ad14e55a937fbc00a822f8f5409ee0f85,,08/28/2025 12:15:00 PM,30,STOP SIGN/FLASHER,FUNCTIONING PROPERLY,CLEAR,DAYLIGHT,ANGLE,FOUR WAY,,STRAIGHT AND LEVEL,DRY,NO DEFECTS,ON SCENE,NO INJURY / DRIVE AWAY,Y,,Y,$500 OR LESS,08/28/2025 12:20:00 PM,DISREGARDING STOP SIGN,FAILING TO REDUCE SPEED TO AVOID CRASH,700,S,CENTRAL PARK AVE,1133,,,,,,,2,NO INDICATION OF INJURY,0,0,0,0,0,2,0,12,5,8,41.8726089574,-87.7157679422,POINT (-87.715767942204 41.872608957416)
48e9be0d3012e0d71b430517f238de717d640981e236a35475f2246c28dca3ddd8a2a42be846072b94fa831eb95ba3ce797b2012a46e306ed472e3d567988ae1,,08/28/2025 12:15:00 PM,30,NO CONTROLS,NO CONTROLS,CLEAR,DAYLIGHT,REAR END,DIVIDED - W/MEDIAN (NOT RAISED),,STRAIGHT AND LEVEL,DRY,NO DEFECTS,NOT ON SCENE (DESK REPORT),INJURY AND / OR TOW DUE TO CRASH,,,,"OVER $1,500",08/28/2025 12:16:00 PM,FOLLOWING TOO CLOSELY,FOLLOWING TOO CLOSELY,1200,S,ALBANY AVE,1022,,,,,,,2,"REPORTED, NOT EVIDENT",1,0,0,0,1,1,0,12,5,8,41.8663197394,-87.7033136794,POINT (-87.703313679351 41.866319739374)
cd6d579f1fa22dbfccf9fa56fc8806b1d4e433dd3ec8cd7666dbe68772ff70d729aa1134cf73500adb095a3720d7e109ef8ea0cfc0cd20fca3147978f506681e,,08/28/2025 12:15:00 PM,30,UNKNOWN,UNKNOWN,CLEAR,DAYLIGHT,SIDESWIPE SAME DIRECTION,ONE-WAY,,STRAIGHT AND LEVEL,UNKNOWN,UNKNOWN,NOT ON SCENE (DESK REPORT),NO INJURY / DRIVE AWAY,,,,"OVER $1,500",08/28/2025 01:40:00 PM,UNABLE TO DETERMINE,UNABLE TO DETERMINE,44,E,GRAND AVE,1834,,,,,,,2,NO INDICATION OF INJURY,0,0,0,0,0,2,0,12,5,8,41.8918001554,-87.6263318662,POINT (-87.626331866183 41.891800155408)
2345ef6acaf88b751a4dd45cea9af5eaffd0e3bccc05d2a005b3df90d4c8786b6e1165dc8cce6c6d610190dd639f9689f4481417762e58a69bb5bfdca3ba2cc3,,08/28/2025 12:14:00 PM,15,NO CONTROLS,NO CONTROLS,CLEAR,DAYLIGHT,TURNING,PARKING LOT,,STRAIGHT AND LEVEL,DRY,NO DEFECTS,ON SCENE,INJURY AND / OR TOW DUE TO CRASH,,Y,,"OVER $1,500",08/28/2025 12:17:00 PM,UNABLE TO DETERMINE,UNABLE TO DETERMINE,11840,S,MARSHFIELD AVE,2234,,,,,,,2,"REPORTED, NOT EVIDENT",2,0,0,0,2,1,0,12,5,8,41.6781204127,-87.6626390272,POINT (-87.662639027162 41.678120412663)
f28e1f7cacfbd44040fb62d3633325ff1f2150be02de56b9d9447f350f9c069d85202bae399cbe3d1d9fba39c185c12e92649cec808d633fe4c7ad25c98bd7e5,,08/28/2025 12:10:00 PM,30,TRAFFIC SIGNAL,FUNCTIONING PROPERLY,CLEAR,DAYLIGHT,SIDESWIPE SAME DIRECTION,NOT DIVIDED,,STRAIGHT AND LEVEL,DRY,NO DEFECTS,,NO INJURY / DRIVE AWAY,,,,"OVER $1,500",08/28/2025 12:41:00 PM,IMPROPER OVERTAKING/PASSING,FAILING TO YIELD RIGHT-OF-WAY,2239,W,111TH ST,2212,,,,,,,2,NO INDICATION OF INJURY,0,0,0,0,0,3,0,12,5,8,41.6917140434,-87.6778108931,POINT (-87.677810893117 41.69171404339)
ee4b72c335a6401c177e295540ec9ff7f72d1de2d6239e9130ae0d993039bd5d2494ac3f3f2d4b50fa6159b4567fb83b50efd4ca05cc45bebfa40df0450f9eab,,08/28/2025 12:05:00 PM,30,NO CONTROLS,NO CONTROLS,CLEAR,DAYLIGHT,TURNING,DIVIDED - W/MEDIAN (NOT RAISED),,STRAIGHT AND LEVEL,DRY,NO DEFECTS,ON SCENE,INJURY AND / OR TOW DUE TO CRASH,,,,"OVER $1,500",08/28/2025 12:20:00 PM,UNABLE TO DETERMINE,NOT APPLICABLE,1,W,PARKING LOT G ST,1654,,,,,,,2,NO INDICATION OF INJURY,0,0,0,0,0,2,0,12,5,8,,,
43536d076f59e01a42285eee9311558a012f6b3a0f853c7ebfb1bb7bf90b697a0af72ead9c55b159cf05dc49ed632426bbac919434d59398ba9bf1caff3b7d33,,08/28/2025 12:00:00 PM,30,STOP SIGN/FLASHER,FUNCTIONING PROPERLY,CLEAR,DAYLIGHT,SIDESWIPE SAME DIRECTION,NOT DIVIDED,,STRAIGHT AND LEVEL,DRY,NO DEFECTS,ON SCENE,NO INJURY / DRIVE AWAY,Y,,,"$501 - $1,500",08/28/2025 12:16:00 PM,IMPROPER OVERTAKING/PASSING,NOT APPLICABLE,13498,S,BRAINARD AVE,433,,,,,,,2,NO INDICATION OF INJURY,0,0,0,0,0,2,0,12,5,8,41.6494367703,-87.5473570376,POINT (-87.547357037616 41.649436770277)
7a409fe80f60ef0a1806628197b88d6b84ec1c841ff3c149ff0f4748392e8c75b28ed84bdfb43455f5125584a2c1ac43c5706c9c5173f6450298f26b060adf70,,08/28/2025 12:00:00 PM,30,STOP SIGN/FLASHER,FUNCTIONING PROPERLY,CLEAR,DAYLIGHT,FIXED OBJECT,DIVIDED - W/MEDIAN BARRIER,,STRAIGHT AND LEVEL,DRY,NO DEFECTS,NOT ON SCENE (DESK REPORT),NO INJURY / DRIVE AWAY,,,,"$501 - $1,500",08/28/2025 01:15:00 PM,NOT APPLICABLE,NOT APPLICABLE,7300,S,EXCHANGE AVE,334,,,,,,,1,NO INDICATION OF INJURY,0,0,0,0,0,1,0,12,5,8,41.762497024,-87.5635561356,POINT (-87.563556135607 41.762497024005)
ac5d600cce86a6609bab531a7010e1e5d70db75c43cefb1be3aeea87a461301c11ab126b3bf83f3f278c6267b28925f18f473c2383dde6f7d62b331b7c8a6f2b,,08/28/2025 12:00:00 PM,30,TRAFFIC SIGNAL,FUNCTIONING PROPERLY,CLEAR,DAYLIGHT,PEDESTRIAN,NOT DIVIDED,,STRAIGHT AND LEVEL,DRY,NO DEFECTS,NOT ON SCENE (DESK REPORT),INJURY AND / OR TOW DUE TO CRASH,,,,"OVER $1,500",08/28/2025 03:30:00 PM,UNABLE TO DETERMINE,NOT APPLICABLE,1798,W,18TH ST,1234,,,,,,,2,"REPORTED, NOT EVIDENT",1,0,0,0,1,1,0,12,5,8,41.8578360901,-87.6710064727,POINT (-87.671006472722 41.857836090112)
b10e6f49923cf320ba5d82733de226d2d2be3f04e800882fafb9758a924b896b8c8411e3fd8f916fd33dd92d3477d9f49f5239e33a005d0c5d733413957544a3,,08/28/2025 12:00:00 PM,30,TRAFFIC SIGNAL,FUNCTIONING PROPERLY,CLEAR,DAYLIGHT,SIDESWIPE SAME DIRECTION,DIVIDED - W/MEDIAN (NOT RAISED),,STRAIGHT AND LEVEL,DRY,NO DEFECTS,NOT ON SCENE (DESK REPORT),NO INJURY / DRIVE AWAY,,,,"OVER $1,500",08/28/2025 12:50:00 PM,UNABLE TO DETERMINE,NOT APPLICABLE,1216,E,103RD ST,511,,,,,,,2,NO INDICATION OF INJURY,0,0,0,0,0,2,0,12,5,8,41.7077528566,-87.593559267,POINT (-87.593559266972 41.707752856606)
fadd6b3a8ba20011f6b8251367b282020fa842202a41b826f1243694e01cb5c95e57ef9085627a53783e4157a3fc675cb82091880f5a75bb947aa545d28636a8,,08/28/2025 12:00:00 PM,30,NO CONTROLS,NO CONTROLS,CLEAR,DAYLIGHT,SIDESWIPE SAME DIRECTION,NOT DIVIDED,,STRAIGHT AND LEVEL,DRY,NO DEFECTS,NOT ON SCENE (DESK REPORT),NO INJURY / DRIVE AWAY,,,Y,"OVER $1,500",08/29/2025 04:10:00 PM,IMPROPER OVERTAKING/PASSING,NOT APPLICABLE,1110,E,95TH ST,413,,,,,,,2,NO INDICATION OF INJURY,0,0,0,0,0,2,0,12,5,8,41.7222764594,-87.5967691735,POINT (-87.596769173535 41.7222764594)
7de845ecdebe3fd03073ba5a0a209f5c410725fd7783358b3d5f4cf6c620d7de50c251570b04f7d914e7a2cea136b38eae70ea5908838886919e38da7e561098,,08/28/2025 11:55:00 AM,30,TRAFFIC SIGNAL,UNKNOWN,CLEAR,DAYLIGHT,TURNING,OTHER,,STRAIGHT AND LEVEL,DRY,UNKNOWN,ON SCENE,NO INJURY / DRIVE AWAY,,,,"$501 - $1,500",08/28/2025 12:04:00 PM,DRIVING SKILLS/KNOWLEDGE/EXPERIENCE,NOT APPLICABLE,3743,S,ARCHER AVE,911,,,,,,,2,NO INDICATION OF INJURY,0,0,0,0,0,2,0,11,5,8,41.8254301434,-87.6855197917,POINT (-87.685519791733 41.82543014344)
2a57b5d1337a8966a801409fbb99e8e3aed00531667a5ad30e454c96cc5d7375f209513d09eb8684bf0afb4a8e24cd652f6eebc8de176c267d823ae1c6e69796,,08/28/2025 11:35:00 AM,30,NO CONTROLS,NO CONTROLS,CLEAR,DAYLIGHT,PARKED MOTOR VEHICLE,CENTER TURN LANE,,STRAIGHT AND LEVEL,DRY,NO DEFECTS,ON SCENE,NO INJURY / DRIVE AWAY,,,,"OVER $1,500",08/28/2025 11:36:00 AM,UNABLE TO DETERMINE,UNABLE TO DETERMINE,4753,N,CENTRAL PARK AVE,1723,,,,,,,2,NO INDICATION OF INJURY,0,0,0,0,0,1,0,11,5,8,41.9680902331,-87.7181009904,POINT (-87.718100990367 41.968090233054)
2621405320604426d9bf663eb9e79384a6f077680a5b4f42ff7b270324b881bc0c23a1dfff0376497ef0b0eb04f4d8aecc0968ff47e9b9c416a35b5217281ebb,,08/28/2025 11:30:00 AM,35,TRAFFIC SIGNAL,FUNCTIONING PROPERLY,CLEAR,DAYLIGHT,SIDESWIPE SAME DIRECTION,DIVIDED - W/MEDIAN (NOT RAISED),,STRAIGHT AND LEVEL,DRY,NO DEFECTS,NOT ON SCENE (DESK REPORT),NO INJURY / DRIVE AWAY,Y,,,"OVER $1,500",08/28/2025 12:10:00 PM,UNABLE TO DETERMINE,UNABLE TO DETERMINE,4758,W,79TH ST,834,,,,,,,2,NO INDICATION OF INJURY,0,0,0,0,0,2,0,11,5,8,41.7492587734,-87.7413046217,POINT (-87.741304621682 41.749258773449)
b2307c7dffe7213f5d79ba38d36e83d0bd0de57459861c5d360a7108383e73f14943982bb0cecbe26c8e227025d49ae98a2604b4633959278367faa662f7e4e8,,08/28/2025 11:30:00 AM,30,NO CONTROLS,UNKNOWN,CLEAR,DAYLIGHT,SIDESWIPE SAME DIRECTION,DIVIDED - W/MEDIAN BARRIER,,STRAIGHT AND LEVEL,DRY,UNKNOWN,NOT ON SCENE (DESK REPORT),INJURY AND / OR TOW DUE TO CRASH,,,,$500 OR LESS,08/28/2025 04:00:00 PM,UNABLE TO DETERMINE,UNABLE TO DETERMINE,5990,N,RIDGE AVE,2012,,,,,,,2,"REPORTED, NOT EVIDENT",1,0,0,0,1,1,0,11,5,8,41.9905233381,-87.6719126733,POINT (-87.671912673255 41.990523338073)
195221e6f657ce28cdb9e074494af149303bbf445c0a18939ee58faabfd8791ffd9d49352c92bd18343ca7517f4f0fe7f28025f1e6603364c58dcdf3523d7ec8,,08/28/2025 11:22:00 AM,30,NO CONTROLS,NO CONTROLS,CLEAR,DAYLIGHT,PARKED MOTOR VEHICLE,ONE-WAY,,STRAIGHT AND LEVEL,DRY,NO DEFECTS,ON SCENE,NO INJURY / DRIVE AWAY,,,,"$501 - $1,500",08/28/2025 11:28:00 AM,UNABLE TO DETERMINE,NOT APPLICABLE,2531,N,LAMON AVE,2521,,,,,,,2,NO INDICATION OF INJURY,0,0,0,0,0,1,0,11,5,8,41.9270208856,-87.7487370118,POINT (-87.748737011786 41.927020885621)
d44eca9708069f40ecbcfa8e54f89c3d68c3aa712ca6fed18cfcad5b6879c276b65146f4d887d3d5cace31e419098ffa9e7ca0f99d55052dddfb7c3b8865658e,,08/28/2025 11:22:00 AM,10,NO CONTROLS,NO CONTROLS,CLEAR,DAYLIGHT,SIDESWIPE SAME DIRECTION,PARKING LOT,,STRAIGHT AND LEVEL,DRY,NO DEFECTS,NOT ON SCENE (DESK REPORT),NO INJURY / DRIVE AWAY,,,Y,$500 OR LESS,08/28/2025 12:00:00 PM,UNABLE TO DETERMINE,UNABLE TO DETERMINE,6014,S,COTTAGE GROVE AVE,313,,,,,,,2,NO INDICATION OF INJURY,0,0,0,0,0,2,0,11,5,8,41.785387445,-87.606183761,POINT (-87.606183761008 41.785387444959)
8f00d2897be443239146f148a8727193c49ea2df5c7a928e5c5727cf6b96db924d239b3e505f92ab3b17c98c0bbe36ea8436dacc2b827d6f13ac724576f761d0,,08/28/2025 11:20:00 AM,30,TRAFFIC SIGNAL,FUNCTIONING PROPERLY,CLEAR,DAYLIGHT,TURNING,DIVIDED - W/MEDIAN (NOT RAISED),,STRAIGHT AND LEVEL,DRY,NO DEFECTS,NOT ON SCENE (DESK REPORT),NO INJURY / DRIVE AWAY,Y,,,"OVER $1,500",08/28/2025 01:30:00 PM,UNABLE TO DETERMINE,UNABLE TO DETERMINE,3652,W,GRAND AVE,2535,,,,,,,2,NO INDICATION OF INJURY,0,0,0,0,0,2,0,11,5,8,41.9030668654,-87.7183197072,POINT (-87.718319707206 41.903066865429)
7308a5d753827b00fde46e67a87715a1e24ecb4b8b567a2baef62fb974217b2ee02947ac598f94b16483bd4429a2d5a69cc247ac47857e3163e236eae31f1b51,,08/28/2025 11:05:00 AM,30,TRAFFIC SIGNAL,FUNCTIONING IMPROPERLY,CLEAR,DAYLIGHT,PEDALCYCLIST,DIVIDED - W/MEDIAN (NOT RAISED),,STRAIGHT AND LEVEL,DRY,UNKNOWN,NOT ON SCENE (DESK REPORT),NO INJURY / DRIVE AWAY,,,,"OVER $1,500",08/28/2025 01:00:00 PM,FAILING TO YIELD RIGHT-OF-WAY,NOT APPLICABLE,515,N,WESTERN AVE,1221,,,,,,,2,NO INDICATION OF INJURY,0,0,0,0,0,2,0,11,5,8,41.8911423801,-87.6865592813,POINT (-87.686559281255 41.891142380137)
48e0725ac0260345f95fdef7a16fd9532ea0ec754ff0d7e14492cc0c6fabe814301ed539fb83ffcc8b29d30f568a9eac8562fb32fa28c3fb9ad76d794d433362,,08/28/2025 11:00:00 AM,10,NO CONTROLS,NO CONTROLS,CLEAR,DAYLIGHT,PARKED MOTOR VEHICLE,PARKING LOT,,STRAIGHT AND LEVEL,UNKNOWN,UNKNOWN,NOT ON SCENE (DESK REPORT),NO INJURY / DRIVE AWAY,,,Y,"$501 - $1,500",08/28/2025 11:15:00 PM,UNABLE TO DETERMINE,NOT APPLICABLE,5223,S,INDIANA AVE,231,,,,,,,2,NO INDICATION OF INJURY,0,0,0,0,0,1,0,11,5,8,41.7995230271,-87.6208197132,POINT (-87.620819713163 41.799523027094)