CRASH_RECORD_ID,CRASH_DATE_EST_I,CRASH_DATE,POSTED_SPEED_LIMIT,TRAFFIC_CONTROL_DEVICE,DEVICE_CONDITION,WEATHER_CONDITION,LIGHTING_CONDITION,FIRST_CRASH_TYPE,TRAFFICWAY_TYPE,LANE_CNT,ALIGNMENT,ROADWAY_SURFACE_COND,ROAD_DEFECT,REPORT_TYPE,CRASH_TYPE,INTERSECTION_RELATED_I,NOT_RIGHT_OF_WAY_I,HIT_AND_RUN_I,DAMAGE,DATE_POLICE_NOTIFIED,PRIM_CONTRIBUTORY_CAUSE,SEC_CONTRIBUTORY_CAUSE,STREET_NO,STREET_DIRECTION,STREET_NAME,BEAT_OF_OCCURRENCE,PHOTOS_TAKEN_I,STATEMENTS_TAKEN_I,DOORING_I,WORK_ZONE_I,WORK_ZONE_TYPE,WORKERS_PRESENT_I,NUM_UNITS,MOST_SEVERE_INJURY,INJURIES_TOTAL,INJURIES_FATAL,INJURIES_INCAPACITATING,INJURIES_NON_INCAPACITATING,INJURIES_REPORTED_NOT_EVIDENT,INJURIES_NO_INDICATION,INJURIES_UNKNOWN,CRASH_HOUR,CRASH_DAY_OF_WEEK,CRASH_MONTH,LATITUDE,LONGITUDE,LOCATION
516558f334aa9d7def8d364ca50af19ce58a5ab0f107b5b19aac5b08841922052dc1fc80e798c386b5e7f164b7faf6fc896d7f7bee3ac57c724e1736edd4d5ba,,08/28/2025 11:00:00 AM,30,NO CONTROLS,NO CONTROLS,CLEAR,DAYLIGHT,SIDESWIPE SAME DIRECTION,DIVIDED - W/MEDIAN (NOT RAISED),,STRAIGHT AND LEVEL,DRY,NO DEFECTS,ON SCENE,NO INJURY / DRIVE AWAY,,,,"OVER $1,500",08/28/2025 11:01:00 AM,FAILING TO YIELD RIGHT-OF-WAY,NOT APPLICABLE,2509,W,DEVON AVE,2413,,,,,,,2,NO INDICATION OF INJURY,0,0,0,0,0,3,0,11,5,8,41.9975699829,-87.692717503,POINT (-87.692717502976 41.997569982907)
8aa4765fe924d209a5b2c47f871b65ba6682e3af7746c24e68cdace2a3a4f7450948a3de1361762833fc5c630f3f2b639c1a8ee69327cef2394ffe99ba23ef88,,08/28/2025 11:00:00 AM,35,STOP SIGN/FLASHER,FUNCTIONING PROPERLY,CLEAR,DAYLIGHT,ANGLE,NOT DIVIDED,,STRAIGHT AND LEVEL,DRY,NO DEFECTS,ON SCENE,INJURY AND / OR TOW DUE TO CRASH,Y,,,"OVER $1,500",08/28/2025 11:02:00 AM,FAILING TO YIELD RIGHT-OF-WAY,NOT APPLICABLE,10100,S,EWING AVE,432,,,,,,,2,"REPORTED, NOT EVIDENT",2,0,0,0,2,0,0,11,5,8,41.7118764418,-87.5354253464,POINT (-87.535425346357 41.711876441833)
b4dc743bd96a6a07567f09790c0527e71bd46db3dae539eae1f148c18106b59a771d0b0d725dd6a015acc6cb311ba03f3ab753f315fd3d1f424d6647eb850c4e,,08/28/2025 11:00:00 AM,30,STOP SIGN/FLASHER,FUNCTIONING PROPERLY,CLEAR,DAYLIGHT,ANGLE,FOUR WAY,,STRAIGHT AND LEVEL,DRY,NO DEFECTS,NOT ON SCENE (DESK REPORT),NO INJURY / DRIVE AWAY,,,,"$501 - $1,500",08/28/2025 11:15:00 AM,"VISION OBSCURED (SIGNS, TREE LIMBS, BUILDINGS, ETC.)","VISION OBSCURED (SIGNS, TREE LIMBS, BUILDINGS, ETC.)",7041,N,SHERIDAN RD,2423,,,,,,,2,NO INDICATION OF INJURY,0,0,0,0,0,2,0,11,5,8,42.0103671458,-87.6623220676,POINT (-87.662322067584 42.010367145799)
53c61d05f2afee0e3f9b31d4d3bac42be0a549038d4aa6ba85773663d43ab30ebc9ba2e9cfd7a49d22d1531066567a235a41eef75a92057f1e0c8134b3b1eeff,,08/28/2025 10:48:00 AM,25,STOP SIGN/FLASHER,OTHER,CLEAR,DAYLIGHT,TURNING,T-INTERSECTION,,STRAIGHT AND LEVEL,DRY,NO DEFECTS,ON SCENE,INJURY AND / OR TOW DUE TO CRASH,,,Y,"OVER $1,500",08/28/2025 10:48:00 AM,FAILING TO YIELD RIGHT-OF-WAY,UNABLE TO DETERMINE,1306,S,CENTRAL PARK AVE,1011,,,,,,,2,"REPORTED, NOT EVIDENT",2,0,0,0,2,1,0,10,5,8,41.8641853991,-87.715504172,POINT (-87.71550417203 41.864185399063)
dad80f99f1720cee11d9d5f9a2b465e82a907d8e0b97c4ac821cdf8942e37604e2736eed60afdc05a960f498c6001e731de6a1178ead17dc880715974aa28358,,08/28/2025 10:41:00 AM,30,NO CONTROLS,NO CONTROLS,CLEAR,DAYLIGHT,REAR END,FOUR WAY,,STRAIGHT AND LEVEL,DRY,UNKNOWN,ON SCENE,NO INJURY / DRIVE AWAY,Y,,,"OVER $1,500",08/28/2025 10:44:00 AM,FAILING TO REDUCE SPEED TO AVOID CRASH,NOT APPLICABLE,3435,W,CHICAGO AVE,1121,,,,,,,2,NO INDICATION OF INJURY,0,0,0,0,0,3,0,10,5,8,41.895384606,-87.7127142635,POINT (-87.712714263523 41.895384606044)
83b2f49dadd916345f45c67e969f20745c89fc14e67fb2470723b50a6fb57f08aec833047fc7d9f6795e0af0c466346ec63fd8b5784bc28b06ebc58b2940e7ea,,08/28/2025 10:30:00 AM,30,STOP SIGN/FLASHER,FUNCTIONING PROPERLY,CLEAR,DAYLIGHT,ANGLE,FOUR WAY,,STRAIGHT AND LEVEL,DRY,NO DEFECTS,NOT ON SCENE (DESK REPORT),NO INJURY / DRIVE AWAY,Y,,,"OVER $1,500",08/28/2025 02:35:00 PM,DISREGARDING STOP SIGN,NOT APPLICABLE,7364,N,GREENVIEW AVE,2423,,,,,,,2,NO INDICATION OF INJURY,0,0,0,0,0,2,0,10,5,8,42.0157625639,-87.6682764496,POINT (-87.668276449561 42.015762563925)
a2b81db831e97e77361ef5be1145c191c32856c59abc10dac89c0919e0464e597252adb78f6127833a9690a95ca3b54fab068fb4b4160d469b81d394a1e3c6b1,,08/28/2025 10:09:00 AM,35,TRAFFIC SIGNAL,FUNCTIONING PROPERLY,CLEAR,DAYLIGHT,SIDESWIPE SAME DIRECTION,NOT DIVIDED,,STRAIGHT AND LEVEL,DRY,NO DEFECTS,ON SCENE,NO INJURY / DRIVE AWAY,,,,"$501 - $1,500",08/28/2025 10:59:00 AM,IMPROPER OVERTAKING/PASSING,FAILING TO YIELD RIGHT-OF-WAY,1,S,WESTERN AVE,1223,,,,,,,2,NO INDICATION OF INJURY,0,0,0,0,0,2,0,10,5,8,41.8811182788,-87.6862833389,POINT (-87.686283338873 41.881118278834)
142c81593aa59b055a2d35780ee2006a0acc0130ce7cef7af1a4cf329b3c0e383757c67ca348932997ea6576f5d892afd3a5b25e57a3646276a9fb1d54d0029c,,08/28/2025 10:07:00 AM,30,NO CONTROLS,NO CONTROLS,CLEAR,DAYLIGHT,REAR END,NOT DIVIDED,,STRAIGHT AND LEVEL,DRY,NO DEFECTS,ON SCENE,INJURY AND / OR TOW DUE TO CRASH,,,,"OVER $1,500",08/28/2025 10:08:00 AM,FAILING TO REDUCE SPEED TO AVOID CRASH,UNABLE TO DETERMINE,3731,N,HARLEM AVE,1632,,,,,,,2,NO INDICATION OF INJURY,0,0,0,0,0,2,0,10,5,8,41.9480202604,-87.806954675,POINT (-87.806954675034 41.948020260439)
f7c19059c0c8e1bae1024db794a50d385817f311adb68b3c8c4a0bfb4aebec35276dea482132fb5b8ee7b58f01a37307868e062110fb1a556970245f875fde73,,08/28/2025 10:00:00 AM,30,UNKNOWN,UNKNOWN,UNKNOWN,UNKNOWN,PARKED MOTOR VEHICLE,DIVIDED - W/MEDIAN (NOT RAISED),,STRAIGHT AND LEVEL,UNKNOWN,UNKNOWN,NOT ON SCENE (DESK REPORT),NO INJURY / DRIVE AWAY,,,Y,"OVER $1,500",08/28/2025 02:10:00 PM,DRIVING SKILLS/KNOWLEDGE/EXPERIENCE,UNABLE TO DETERMINE,2122,W,DEVON AVE,2412,,,,,,,2,NO INDICATION OF INJURY,0,0,0,0,0,1,0,10,5,8,41.9979458853,-87.683568705,POINT (-87.683568705012 41.997945885323)
91b47b95e6e2726c908f2a68514d1044671ef4647d98bdda78108b0a3faaf3d226ab0c8b3e7cfe6bcc640450f56570ac304f5754bf51da3c26646fa6652150a8,,08/28/2025 09:57:00 AM,35,TRAFFIC SIGNAL,FUNCTIONING PROPERLY,CLEAR,DAYLIGHT,TURNING,DIVIDED - W/MEDIAN BARRIER,,STRAIGHT AND LEVEL,DRY,NO DEFECTS,ON SCENE,INJURY AND / OR TOW DUE TO CRASH,Y,,,"OVER $1,500",08/28/2025 10:01:00 AM,UNABLE TO DETERMINE,UNABLE TO DETERMINE,536,S,LOWER WACKER DR,123,,,,,,,2,NO INDICATION OF INJURY,0,0,0,0,0,2,0,9,5,8,41.8748513306,-87.6355506628,POINT (-87.635550662794 41.874851330648)
a8b4705fd25e3ff9d24c298d59bf4b372065bc993203b76c32e00e48aabd79fb6b444f1336102b2f94a336fde3b2d30bff5f4f741aeb5d9e46bea1452c10cd36,,08/28/2025 09:45:00 AM,30,UNKNOWN,UNKNOWN,UNKNOWN,UNKNOWN,SIDESWIPE SAME DIRECTION,NOT DIVIDED,,STRAIGHT AND LEVEL,UNKNOWN,UNKNOWN,NOT ON SCENE (DESK REPORT),NO INJURY / DRIVE AWAY,,,,$500 OR LESS,08/28/2025 09:45:00 AM,UNABLE TO DETERMINE,NOT APPLICABLE,150,N,STATE ST,111,,,,,,,2,NO INDICATION OF INJURY,0,0,0,0,0,2,0,9,5,8,41.8845205564,-87.6280582821,POINT (-87.628058282128 41.8845205564)
01562c8b66400314f4260484616ba86a279c5510fbe831c4ca2d36481ea679d7c8d9cbcbefe5fadf64c831fa3bfc76c1ca5863f1b9d9ed7452a1bc832d6bf7be,,08/28/2025 09:39:00 AM,30,NO CONTROLS,NO CONTROLS,RAIN,DAYLIGHT,FIXED OBJECT,NOT DIVIDED,,STRAIGHT AND LEVEL,WET,UNKNOWN,ON SCENE,NO INJURY / DRIVE AWAY,,,,"OVER $1,500",08/28/2025 09:39:00 AM,NOT APPLICABLE,NOT APPLICABLE,1648,W,107TH ST,2212,,,,,,,1,NO INDICATION OF INJURY,0,0,0,0,0,4,0,9,5,8,41.6994707046,-87.664050081,POINT (-87.664050081034 41.699470704601)
738704d4622014ed65387b2ce67585ee64052da4f3de071c3a628b995627dfe098e39052054600b96f9b1229f150facdaff1a5c89295ee6fd1131b99fe6c11a7,,08/28/2025 09:30:00 AM,20,NO CONTROLS,NO CONTROLS,CLEAR,DAYLIGHT,PARKED MOTOR VEHICLE,ALLEY,,STRAIGHT AND LEVEL,DRY,NO DEFECTS,NOT ON SCENE (DESK REPORT),NO INJURY / DRIVE AWAY,,,Y,"OVER $1,500",08/28/2025 10:00:00 AM,UNABLE TO DETERMINE,NOT APPLICABLE,4442,W,WASHINGTON BLVD,1113,,,,,,,2,NO INDICATION OF INJURY,0,0,0,0,0,2,0,9,5,8,41.8820179331,-87.7372402186,POINT (-87.73724021864 41.882017933134)
e2619e0bde3303dac0299b33fb0719fdcc033dcdf5a13e36fb1f776e55c8a4a83c8ba2038b483de46282e1e1359bc347adf0957efab517aedf617307d6991949,,08/28/2025 09:30:00 AM,30,NO CONTROLS,NO CONTROLS,CLEAR,DAYLIGHT,SIDESWIPE SAME DIRECTION,NOT DIVIDED,,STRAIGHT AND LEVEL,DRY,NO DEFECTS,NOT ON SCENE (DESK REPORT),NO INJURY / DRIVE AWAY,,,Y,"OVER $1,500",08/28/2025 05:35:00 PM,IMPROPER LANE USAGE,NOT APPLICABLE,5501,S,CICERO AVE,813,,,,,,,2,NO INDICATION OF INJURY,0,0,0,0,0,2,0,9,5,8,41.7929943849,-87.7418060289,POINT (-87.741806028879 41.792994384855)
2ae96a2f9f974c6d95453f987e520e3fc8c5cff039bef26cec6558c4bc97f03ed4b0dab857a534a650e4dc6ddfd21f4ae9477f38d93801d2e8a0b9be15bf706a,,08/28/2025 09:25:00 AM,30,NO CONTROLS,NO CONTROLS,CLEAR,DAYLIGHT,SIDESWIPE SAME DIRECTION,NOT DIVIDED,,STRAIGHT AND LEVEL,DRY,NO DEFECTS,NOT ON SCENE (DESK REPORT),NO INJURY / DRIVE AWAY,,,Y,"OVER $1,500",08/28/2025 09:56:00 AM,UNABLE TO DETERMINE,NOT APPLICABLE,1146,S,CALIFORNIA AVE,1135,,,,,,,2,NO INDICATION OF INJURY,0,0,0,0,0,2,0,9,5,8,41.8668941929,-87.696059882,POINT (-87.696059882035 41.866894192891)
f79313bfde36b2cf94ae469ea68a5526baa33f8d1beead1ac79cd327cbb5386a5bef9acfe4f5f149ee58ddbc864db19164e722696a2715ba77858493213a869d,,08/28/2025 09:25:00 AM,30,NO CONTROLS,NO CONTROLS,CLEAR,DAYLIGHT,TURNING,DIVIDED - W/MEDIAN BARRIER,,STRAIGHT AND LEVEL,WET,NO DEFECTS,ON SCENE,INJURY AND / OR TOW DUE TO CRASH,,,,"OVER $1,500",08/28/2025 09:50:00 AM,FAILING TO YIELD RIGHT-OF-WAY,NOT APPLICABLE,4559,W,LAKE ST,1113,,,,,,,2,"REPORTED, NOT EVIDENT",2,0,0,0,2,0,0,9,5,8,41.8861795599,-87.7401822697,POINT (-87.740182269711 41.886179559945)
fd6ee66d5eb2ee55189030261ecb3a3d77b4a8113b9820207815902839406e73c1f46d2d21710d313f2d67408f4c7430622ee94212697c0f565c9e629a6cad46,,08/28/2025 09:25:00 AM,30,NO CONTROLS,NO CONTROLS,CLEAR,DAYLIGHT,SIDESWIPE SAME DIRECTION,NOT DIVIDED,,STRAIGHT AND LEVEL,DRY,NO DEFECTS,NOT ON SCENE (DESK REPORT),NO INJURY / DRIVE AWAY,,,Y,"OVER $1,500",08/28/2025 09:45:00 AM,FAILING TO YIELD RIGHT-OF-WAY,UNABLE TO DETERMINE,1158,S,CALIFORNIA AVE,1135,,,,,,,2,NO INDICATION OF INJURY,0,0,0,0,0,2,0,9,5,8,41.8666001049,-87.6960561573,POINT (-87.69605615733 41.866600104927)
d40add8552fef56befe2066c8204cf7a13df984ddee3ccb81ea9ef58db24edd0c3246d3047c757afaea99c14d2c7555723572934bc393da26dda734c367d55d4,,08/28/2025 09:14:00 AM,30,TRAFFIC SIGNAL,FUNCTIONING PROPERLY,CLEAR,DAYLIGHT,PARKED MOTOR VEHICLE,DIVIDED - W/MEDIAN BARRIER,,STRAIGHT AND LEVEL,DRY,NO DEFECTS,ON SCENE,NO INJURY / DRIVE AWAY,,,,"OVER $1,500",08/28/2025 09:14:00 AM,FOLLOWING TOO CLOSELY,FOLLOWING TOO CLOSELY,26,E,ROOSEVELT RD,123,,,,,,,2,NO INDICATION OF INJURY,0,0,0,0,0,1,0,9,5,8,41.8675386266,-87.6262084807,POINT (-87.626208480722 41.867538626623)
9cdc48b34176d2dc18ca3c309e931dbae27eff4ac191738509ae25cea43aa811d159184b3afd2be9d5933687ec48cd48a96776afbd9ecd60ee7e65cd814828b2,,08/28/2025 09:10:00 AM,30,STOP SIGN/FLASHER,FUNCTIONING PROPERLY,RAIN,DAYLIGHT,ANGLE,NOT DIVIDED,,STRAIGHT AND LEVEL,WET,NO DEFECTS,NOT ON SCENE (DESK REPORT),NO INJURY / DRIVE AWAY,,,Y,"$501 - $1,500",08/28/2025 09:54:00 AM,UNABLE TO DETERMINE,UNABLE TO DETERMINE,344,E,75TH ST,323,,,,,,,2,NO INDICATION OF INJURY,0,0,0,0,0,2,0,9,5,8,41.7584916621,-87.6165487606,POINT (-87.61654876059 41.758491662093)
599918b2ec7e7cb4fea320d2d16b1e3001994995f2a8c59d527e42254315f858735c0c0dd83c0b6058071b1a2b43441b64b8516136192926f4f97a6d93178c8c,,08/28/2025 09:02:00 AM,30,STOP SIGN/FLASHER,FUNCTIONING PROPERLY,CLEAR,DAYLIGHT,PEDESTRIAN,FOUR WAY,,STRAIGHT AND LEVEL,DRY,NO DEFECTS,ON SCENE,INJURY AND / OR TOW DUE TO CRASH,Y,,,$500 OR LESS,08/28/2025 09:09:00 AM,"VISION OBSCURED (SIGNS, TREE LIMBS, BUILDINGS, ETC.)",FAILING TO YIELD RIGHT-OF-WAY,200,N,PEORIA ST,1214,,,,,,,2,"REPORTED, NOT EVIDENT",1,0,0,0,1,1,0,9,5,8,41.8856817094,-87.649957049,POINT (-87.649957048959 41.885681709442)
1f118bb5441cf30530752402835c328fc50bf3f315fef28c0a1dfa0c3f3c588e737f66edcced0fbbbfef6344a447f32d4e10afc22eeeacccca20b408628a093d,,08/28/2025 09:00:00 AM,30,NO CONTROLS,NO CONTROLS,CLEAR,DAYLIGHT,OTHER OBJECT,ONE-WAY,,STRAIGHT AND LEVEL,DRY,NO DEFECTS,ON SCENE,INJURY AND / OR TOW DUE TO CRASH,,,,$500 OR LESS,08/28/2025 09:46:00 AM,IMPROPER TURNING/NO SIGNAL,IMPROPER TURNING/NO SIGNAL,409,W,BELDEN AVE,1812,,,,,,,2,NONINCAPACITATING INJURY,1,0,0,1,0,1,0,9,5,8,41.9236578974,-87.6395372138,POINT (-87.639537213837 41.923657897352)
526e53e71d2c7133083f1aab8d51b3a4c0dadcccda79ced7019c401765059cadd06b6f739db89ef44d47ff2ca2cd1294afe287365b3dbc892c9e30affaf0fb10,Y,08/28/2025 09:00:00 AM,30,NO CONTROLS,NO CONTROLS,CLEAR,"DARKNESS, LIGHTED ROAD",PARKED MOTOR VEHICLE,ONE-WAY,,STRAIGHT AND LEVEL,DRY,NO DEFECTS,ON SCENE,NO INJURY / DRIVE AWAY,,,,"$501 - $1,500",08/29/2025 06:01:00 AM,IMPROPER BACKING,UNABLE TO DETERMINE,1624,N,MENARD AVE,2531,,,,,,,2,NO INDICATION OF INJURY,0,0,0,0,0,1,0,9,5,8,41.9100864598,-87.7704538222,POINT (-87.770453822226 41.910086459773)
d84a92fd990f14b68c41da339216fd7a7e0a338787da4922fb57bdff2cf88343cbf4d2747922dee813df0ef9685d93f5b5c096c05ad8ac216231fe5e65b6c25e,,08/28/2025 09:00:00 AM,30,TRAFFIC SIGNAL,FUNCTIONING PROPERLY,CLEAR,DAYLIGHT,TURNING,NOT DIVIDED,,STRAIGHT AND LEVEL,WET,UNKNOWN,NOT ON SCENE (DESK REPORT),NO INJURY / DRIVE AWAY,Y,,Y,"OVER $1,500",08/28/2025 05:33:00 PM,NOT APPLICABLE,FAILING TO YIELD RIGHT-OF-WAY,5999,W,GRAND AVE,2515,,,,,,,2,NO INDICATION OF INJURY,0,0,0,0,0,2,0,9,5,8,41.9204409591,-87.7755777791,POINT (-87.775577779119 41.920440959077)
fcea811352c2b4053d73ed5b6bebdb97786c41a675dbc795c9a12fef18ee1d80eced6ddce1ece9a48c4de2d92d021515b8596488d3a8e43fb9733b5321b90f24,,08/28/2025 09:00:00 AM,15,NO CONTROLS,NO CONTROLS,CLEAR,DAYLIGHT,OTHER OBJECT,PARKING LOT,,STRAIGHT AND LEVEL,DRY,NO DEFECTS,ON SCENE,NO INJURY / DRIVE AWAY,,,,"OVER $1,500",08/28/2025 02:30:00 PM,UNABLE TO DETERMINE,NOT APPLICABLE,10255,W,ZEMKE RD,1654,,,,,,,1,NO INDICATION OF INJURY,0,0,0,0,0,1,0,9,5,8,41.9947933861,-87.8827076595,POINT (-87.882707659516 41.994793386112)
3eb0fd546ab787ff067def249561d2c8eadbe9d1f0f9f6b929a20b706307eb5970982f72bc98857572af0620474875d6bb3da24f05330152dab569c6501fed20,,08/28/2025 08:50:00 AM,35,NO CONTROLS,NO CONTROLS,CLEAR,DAYLIGHT,TURNING,NOT DIVIDED,,STRAIGHT AND LEVEL,DRY,NO DEFECTS,ON SCENE,INJURY AND / OR TOW DUE TO CRASH,Y,,,"OVER $1,500",08/28/2025 09:00:00 AM,IMPROPER TURNING/NO SIGNAL,NOT APPLICABLE,2426,E,103RD ST,431,,,,,,,3,"REPORTED, NOT EVIDENT",3,0,0,0,3,3,0,8,5,8,41.7082118107,-87.5645743282,POINT (-87.564574328221 41.708211810687)
7b8a47d221e3cc8f3ca4778a60460936ccd55f03d5dafcf92ef012040dc24b05b7169a4efd3dfa7693793ecd1c0e198d1a2a1e3fef97c7609d69e2cec437f04a,,08/28/2025 08:48:00 AM,30,NO CONTROLS,NO CONTROLS,CLEAR,DAYLIGHT,SIDESWIPE SAME DIRECTION,NOT DIVIDED,,STRAIGHT AND LEVEL,WET,NO DEFECTS,NOT ON SCENE (DESK REPORT),NO INJURY / DRIVE AWAY,,,,"OVER $1,500",08/28/2025 09:30:00 AM,DRIVING SKILLS/KNOWLEDGE/EXPERIENCE,IMPROPER OVERTAKING/PASSING,6440,W,DEVON AVE,1611,,,,,,,2,NO INDICATION OF INJURY,0,0,0,0,0,2,0,8,5,8,41.9974505783,-87.7889260618,POINT (-87.788926061837 41.997450578307)
8bb96ce48b15add47494b34ef84e8f99762e07ac8281b6ea1e01be4250ae4042806d69de2e33092ac47b5470c79859891dff71cdad198127f0f838fb925dbc79,,08/28/2025 08:46:00 AM,30,STOP SIGN/FLASHER,FUNCTIONING PROPERLY,CLOUDY/OVERCAST,DAYLIGHT,TURNING,NOT DIVIDED,,STRAIGHT AND LEVEL,WET,NO DEFECTS,ON SCENE,INJURY AND / OR TOW DUE TO CRASH,Y,,,"OVER $1,500",08/28/2025 08:46:00 AM,FAILING TO YIELD RIGHT-OF-WAY,NOT APPLICABLE,6816,S,DR MARTIN LUTHER KING JR DR,322,,,,,,,2,"REPORTED, NOT EVIDENT",1,0,0,0,1,1,0,8,5,8,41.770721945,-87.6155393582,POINT (-87.615539358178 41.770721944988)
54fb151faf2422685dcb31186a181c46e9d7923409e3c78e0ecc17a198b459bb5aa4ac155347d69dd49a98399634610aeb35ecdb8973e387f8377d0926a2cae2,,08/28/2025 08:45:00 AM,30,STOP SIGN/FLASHER,FUNCTIONING PROPERLY,CLEAR,DAYLIGHT,ANGLE,FOUR WAY,,STRAIGHT AND LEVEL,DRY,NO DEFECTS,ON SCENE,INJURY AND / OR TOW DUE TO CRASH,Y,,,"OVER $1,500",08/28/2025 08:45:00 AM,FAILING TO YIELD RIGHT-OF-WAY,FAILING TO YIELD RIGHT-OF-WAY,7200,S,YATES BLVD,334,,,,,,,2,NONINCAPACITATING INJURY,2,0,0,2,0,0,0,8,5,8,41.7643432551,-87.566632526,POINT (-87.566632525994 41.764343255101)
605001175908bbbc42e9f8e8d6716b2833a3ce4cdec5d6fc283f91d19292119953196e8f9fc5b79df17ce63fa5784ec325b5f699f29ffaec0a229f0e0624d77d,,08/28/2025 08:44:00 AM,30,STOP SIGN/FLASHER,FUNCTIONING PROPERLY,CLEAR,DAYLIGHT,SIDESWIPE SAME DIRECTION,NOT DIVIDED,,STRAIGHT AND LEVEL,DRY,NO DEFECTS,NOT ON SCENE (DESK REPORT),NO INJURY / DRIVE AWAY,,,,"$501 - $1,500",08/28/2025 09:35:00 AM,UNABLE TO DETERMINE,NOT APPLICABLE,4300,S,SPAULDING AVE,821,,,,,,,2,NO INDICATION OF INJURY,0,0,0,0,0,2,0,8,5,8,41.8153170337,-87.7068551143,POINT (-87.706855114286 41.815317033686)
b97aa9ff5b9b47fefbb5532b99dd84787efc1b05ac8e6c25fec033aa9e6a929e423b3dcb161c5156bf867c6b2f15113396d702bcf77e09a4585f1e1ecc1ce2c4,,08/28/2025 08:43:00 AM,30,STOP SIGN/FLASHER,FUNCTIONING PROPERLY,CLEAR,DAYLIGHT,ANGLE,FOUR WAY,,STRAIGHT AND LEVEL,DRY,NO DEFECTS,ON SCENE,INJURY AND / OR TOW DUE TO CRASH,Y,,,"OVER $1,500",08/28/2025 08:44:00 AM,UNABLE TO DETERMINE,UNABLE TO DETERMINE,2301,W,ARMITAGE AVE,1434,,,,,,,2,NO INDICATION OF INJURY,0,0,0,0,0,2,0,8,5,8,41.9175031598,-87.6850534827,POINT (-87.685053482725 41.917503159796)
163d994ac42c6e8518285c326a990c52d5466ecc5f967201b52002146f8e5834c065f5e34ba031d44a969750ff77dc088d0628307b61e0e6bec2156f96c45c6e,,08/28/2025 08:40:00 AM,30,NO CONTROLS,NO CONTROLS,CLEAR,DAYLIGHT,SIDESWIPE SAME DIRECTION,DIVIDED - W/MEDIAN (NOT RAISED),,STRAIGHT AND LEVEL,DRY,NO DEFECTS,ON SCENE,NO INJURY / DRIVE AWAY,,,,"OVER $1,500",08/28/2025 09:15:00 AM,IMPROPER OVERTAKING/PASSING,UNABLE TO DETERMINE,3204,N,CLARK ST,1924,,,,,,,2,NO INDICATION OF INJURY,0,0,0,0,0,2,0,8,5,8,41.9400872776,-87.6509609305,POINT (-87.650960930524 41.940087277558)
b2d22d950cea173c016da926d22065f2e58da777c3a684d52e4bc97f1214ed1be89769a16849caf8a79a82ad977f6d30757f9217cb915cb799ed564d671846b6,,08/28/2025 08:35:00 AM,20,NO CONTROLS,NO CONTROLS,CLEAR,DAYLIGHT,REAR END,NOT DIVIDED,,STRAIGHT AND LEVEL,DRY,NO DEFECTS,ON SCENE,NO INJURY / DRIVE AWAY,,,,"OVER $1,500",08/28/2025 08:40:00 AM,FAILING TO REDUCE SPEED TO AVOID CRASH,FAILING TO REDUCE SPEED TO AVOID CRASH,5706,N,CLARK ST,2012,,,,,,,3,NO INDICATION OF INJURY,0,0,0,0,0,3,0,8,5,8,41.9856301265,-87.6693845167,POINT (-87.669384516653 41.98563012649)
6c48cb9c3ad78bec9ed7985e2e0ae2d13f44e6f386afd22fecbdaa8751be3c4ce7029b27e47c3fb7d4ce4ce81e5597faabf27b7d86e503f294ff3f3ad67d288d,,08/28/2025 08:30:00 AM,30,TRAFFIC SIGNAL,FUNCTIONING PROPERLY,CLEAR,DAYLIGHT,REAR END,NOT DIVIDED,,STRAIGHT AND LEVEL,DRY,NO DEFECTS,ON SCENE,INJURY AND / OR TOW DUE TO CRASH,,,,"$501 - $1,500",08/28/2025 09:30:00 AM,FOLLOWING TOO CLOSELY,FAILING TO REDUCE SPEED TO AVOID CRASH,4322,W,GRAND AVE,2534,,,,,,,2,INCAPACITATING INJURY,1,0,1,0,0,1,0,8,5,8,41.9095702565,-87.7347265917,POINT (-87.734726591657 41.909570256462)
9b7efc3f7d9de87361d6db3f42ad3e542d9512157c0d6f4894d6ccda6842afa77bb713fd66dc394616e4baddac22239887efa625d0a7454d83bec7c51980f5d3,,08/28/2025 08:30:00 AM,20,TRAFFIC SIGNAL,FUNCTIONING PROPERLY,CLEAR,DAYLIGHT,REAR END,NOT DIVIDED,,STRAIGHT AND LEVEL,DRY,NO DEFECTS,NOT ON SCENE (DESK REPORT),NO INJURY / DRIVE AWAY,,,,"OVER $1,500",08/28/2025 09:10:00 AM,FOLLOWING TOO CLOSELY,FAILING TO REDUCE SPEED TO AVOID CRASH,7421,W,TOUHY AVE,1611,,,,,,,2,NO INDICATION OF INJURY,0,0,0,0,0,2,0,8,5,8,42.011456458,-87.8122531978,POINT (-87.81225319784 42.011456458043)
dc7cb3d5c3cdd3685cb94e26b15bcc4873348f0ebeda4c8abb8a94037d00867ae6b0d11d18c939d471bb253e751f7186c8464b7854f4ce3a94bc96a13c7eb53a,,08/28/2025 08:30:00 AM,30,TRAFFIC SIGNAL,FUNCTIONING PROPERLY,CLEAR,DAYLIGHT,SIDESWIPE SAME DIRECTION,NOT DIVIDED,,STRAIGHT AND LEVEL,DRY,UNKNOWN,NOT ON SCENE (DESK REPORT),NO INJURY / DRIVE AWAY,Y,,Y,"OVER $1,500",08/30/2025 01:30:00 PM,IMPROPER OVERTAKING/PASSING,UNABLE TO DETERMINE,13000,S,INDIANA AVE,533,,,,,,,2,NO INDICATION OF INJURY,0,0,0,0,0,3,0,8,5,8,41.6590092158,-87.6174479065,POINT (-87.617447906473 41.659009215787)