CRASH_RECORD_ID,CRASH_DATE_EST_I,CRASH_DATE,POSTED_SPEED_LIMIT,TRAFFIC_CONTROL_DEVICE,DEVICE_CONDITION,WEATHER_CONDITION,LIGHTING_CONDITION,FIRST_CRASH_TYPE,TRAFFICWAY_TYPE,LANE_CNT,ALIGNMENT,ROADWAY_SURFACE_COND,ROAD_DEFECT,REPORT_TYPE,CRASH_TYPE,INTERSECTION_RELATED_I,NOT_RIGHT_OF_WAY_I,HIT_AND_RUN_I,DAMAGE,DATE_POLICE_NOTIFIED,PRIM_CONTRIBUTORY_CAUSE,SEC_CONTRIBUTORY_CAUSE,STREET_NO,STREET_DIRECTION,STREET_NAME,BEAT_OF_OCCURRENCE,PHOTOS_TAKEN_I,STATEMENTS_TAKEN_I,DOORING_I,WORK_ZONE_I,WORK_ZONE_TYPE,WORKERS_PRESENT_I,NUM_UNITS,MOST_SEVERE_INJURY,INJURIES_TOTAL,INJURIES_FATAL,INJURIES_INCAPACITATING,INJURIES_NON_INCAPACITATING,INJURIES_REPORTED_NOT_EVIDENT,INJURIES_NO_INDICATION,INJURIES_UNKNOWN,CRASH_HOUR,CRASH_DAY_OF_WEEK,CRASH_MONTH,LATITUDE,LONGITUDE,LOCATION
9de5b3fd6782a7aaa4e4e3fd264c6f5e6a17f491fd1635ca77af66891f2a8082a7a27a9c05ff653decdbfbc5b3c7ad4b0191dd2f5e960a8d2a2ff565044223ef,Y,08/28/2025 08:22:00 AM,35,TRAFFIC SIGNAL,FUNCTIONING PROPERLY,RAIN,DAYLIGHT,PARKED MOTOR VEHICLE,DIVIDED - W/MEDIAN BARRIER,,STRAIGHT AND LEVEL,WET,NO DEFECTS,ON SCENE,NO INJURY / DRIVE AWAY,,,Y,"$501 - $1,500",08/28/2025 08:23:00 AM,IMPROPER LANE USAGE,IMPROPER LANE USAGE,10701,S,HALSTED ST,2233,,,,,,,2,NO INDICATION OF INJURY,0,0,0,0,0,2,0,8,5,8,41.6995520202,-87.6424590452,POINT (-87.642459045212 41.699552020154)
d50044d08d7f727f24c9a08b6e0bb84050ea607bb3b5844eb6886d4b95619f9084fa1ac4e1b896cd99ca4860cce94d8b88d8e612c3a8b46ad33df21e267219c4,Y,08/28/2025 08:22:00 AM,35,TRAFFIC SIGNAL,FUNCTIONING PROPERLY,RAIN,DAYLIGHT,PARKED MOTOR VEHICLE,DIVIDED - W/MEDIAN BARRIER,,STRAIGHT AND LEVEL,WET,NO DEFECTS,ON SCENE,NO INJURY / DRIVE AWAY,,,Y,"$501 - $1,500",08/28/2025 08:23:00 AM,IMPROPER LANE USAGE,IMPROPER LANE USAGE,10701,S,HALSTED ST,2233,,,,,,,2,NO INDICATION OF INJURY,0,0,0,0,0,2,0,8,5,8,41.6995520202,-87.6424590452,POINT (-87.642459045212 41.699552020154)
c11f65e189ba61d3cc92329a516bcb19ec5750f906fad43b6d567c058aed68f241fb338c49a01eafb8b87a9161d78c815b6175f28ba5b8044a8f850500045f7b,,08/28/2025 08:20:00 AM,35,NO CONTROLS,NO CONTROLS,CLEAR,DAYLIGHT,SIDESWIPE SAME DIRECTION,NOT DIVIDED,,STRAIGHT AND LEVEL,DRY,NO DEFECTS,NOT ON SCENE (DESK REPORT),NO INJURY / DRIVE AWAY,,,Y,$500 OR LESS,08/28/2025 09:00:00 AM,UNABLE TO DETERMINE,UNABLE TO DETERMINE,1450,W,NORTH AVE,1433,,,,,,,2,NO INDICATION OF INJURY,0,0,0,0,0,2,0,8,5,8,41.9107802271,-87.6647785054,POINT (-87.664778505406 41.910780227097)
57d8698d9d03087e82500c8e8893d57652925bdf0da55bf0f654c07fd9b11dee905168e9a34400aaccc13b2c9d83f2bbe33314a416f0593a8b6d61e31651e4fc,,08/28/2025 08:16:00 AM,30,NO CONTROLS,UNKNOWN,CLEAR,DAYLIGHT,REAR TO FRONT,ONE-WAY,,STRAIGHT AND LEVEL,WET,UNKNOWN,ON SCENE,INJURY AND / OR TOW DUE TO CRASH,,,Y,"OVER $1,500",08/28/2025 08:23:00 AM,UNABLE TO DETERMINE,UNABLE TO DETERMINE,7500,S,STATE ST,623,,Y,,,,,2,"REPORTED, NOT EVIDENT",1,0,0,0,1,1,0,8,5,8,41.7580921764,-87.6249022282,POINT (-87.624902228247 41.758092176383)
dfa4648c0653e3949bfa5be6d17ba8a352abe166be0faff0f93e5e935f2a4a8e35bfcfb3d50ff3499032947f75d5b3f80431b015e4c74ae96ea57ec8ff3402fa,,08/28/2025 08:10:00 AM,30,TRAFFIC SIGNAL,FUNCTIONING PROPERLY,CLEAR,DAYLIGHT,TURNING,DIVIDED - W/MEDIAN (NOT RAISED),,STRAIGHT AND LEVEL,WET,NO DEFECTS,ON SCENE,INJURY AND / OR TOW DUE TO CRASH,Y,,,"OVER $1,500",08/28/2025 08:10:00 AM,FAILING TO YIELD RIGHT-OF-WAY,NOT APPLICABLE,11500,S,WENTWORTH AVE,522,,,,,,,2,INCAPACITATING INJURY,2,0,2,0,0,0,0,8,5,8,41.6851692166,-87.6278337937,POINT (-87.627833793667 41.68516921663)
0257fb7efce4f95acb1095e97e383337b23d97ca612f328230fe3359863110fe9f41702a901f5fabb8efb40319a11155c0e77fd7517cd6ae23490a3174a3bcb8,,08/28/2025 08:05:00 AM,30,NO CONTROLS,NO CONTROLS,CLEAR,DAYLIGHT,REAR TO REAR,DIVIDED - W/MEDIAN (NOT RAISED),,STRAIGHT AND LEVEL,WET,NO DEFECTS,ON SCENE,INJURY AND / OR TOW DUE TO CRASH,,,,"OVER $1,500",08/28/2025 08:09:00 AM,DISTRACTION - FROM OUTSIDE VEHICLE,UNABLE TO DETERMINE,3900,W,LAKE ST,1122,,,,,,,2,NO INDICATION OF INJURY,0,0,0,0,0,2,0,8,5,8,41.8854537826,-87.7233908844,POINT (-87.723390884374 41.88545378257)
03c79ac690fe6a4379a98b67c26bdc89155bc9ab5b00ed0001df24fa84ae7440b9e61c1c32aec3ece2126774fdbed5ae9c9d2e1804fcb88d40dac58f275cc12b,,08/28/2025 08:05:00 AM,30,TRAFFIC SIGNAL,FUNCTIONING PROPERLY,CLEAR,DAYLIGHT,SIDESWIPE SAME DIRECTION,NOT DIVIDED,,STRAIGHT AND LEVEL,DRY,UNKNOWN,ON SCENE,NO INJURY / DRIVE AWAY,,,,"OVER $1,500",08/28/2025 08:05:00 AM,IMPROPER OVERTAKING/PASSING,UNABLE TO DETERMINE,230,W,ROOSEVELT RD,123,,,,,,,2,NO INDICATION OF INJURY,0,0,0,0,0,2,0,8,5,8,41.8674283037,-87.6339041022,POINT (-87.633904102228 41.867428303724)
0862a7f1e07cd6f45d594e02a2e42f5ce2ff48fe68e20cdee66d8baa28cb25615ba60387fdff1740a8dd830028c17bf1d371f82dfb700409030d91992b8028e9,Y,08/28/2025 08:00:00 AM,30,NO CONTROLS,NO CONTROLS,CLEAR,DAYLIGHT,PARKED MOTOR VEHICLE,NOT DIVIDED,,STRAIGHT AND LEVEL,DRY,NO DEFECTS,NOT ON SCENE (DESK REPORT),NO INJURY / DRIVE AWAY,,,,"$501 - $1,500",08/28/2025 10:15:00 AM,UNABLE TO DETERMINE,NOT APPLICABLE,3201,W,WABANSIA AVE,1421,,,,,,,2,NO INDICATION OF INJURY,0,0,0,0,0,1,0,8,5,8,41.9118317305,-87.7068844848,POINT (-87.706884484841 41.911831730511)
438b5ca8ded4d70cb9dc3b4156b43a84a2dcf1ca48c011c63d211c3eae5d4956c5d864b725cb8d61d779d4ecdd42b55d5e6671ab2334b50bb3d4cda3be523684,,08/28/2025 08:00:00 AM,30,TRAFFIC SIGNAL,FUNCTIONING PROPERLY,CLEAR,DAYLIGHT,REAR END,FOUR WAY,,STRAIGHT AND LEVEL,WET,UNKNOWN,ON SCENE,INJURY AND / OR TOW DUE TO CRASH,Y,,,"$501 - $1,500",08/28/2025 08:05:00 AM,FOLLOWING TOO CLOSELY,NOT APPLICABLE,1,E,83RD ST,632,,,,,,,2,"REPORTED, NOT EVIDENT",2,0,0,0,2,1,0,8,5,8,41.7435467579,-87.6242521859,POINT (-87.624252185934 41.743546757867)
7cd3d92ee0ba3c07cd8569fb7584edac3ec039064c216e768b4f07ceb0b9f1aede0e2e2ced5d2ce291d513037a5b7e3a62e6dd2f48d53edda17afd03fe058170,,08/28/2025 08:00:00 AM,30,NO CONTROLS,NO CONTROLS,CLEAR,DAYLIGHT,PARKED MOTOR VEHICLE,ONE-WAY,,STRAIGHT AND LEVEL,DRY,NO DEFECTS,NOT ON SCENE (DESK REPORT),NO INJURY / DRIVE AWAY,,,,"$501 - $1,500",08/28/2025 09:45:00 AM,IMPROPER TURNING/NO SIGNAL,NOT APPLICABLE,3757,N,JANSSEN AVE,1922,,,,,,,2,NO INDICATION OF INJURY,0,0,0,0,0,1,0,8,5,8,41.9505472265,-87.6651752144,POINT (-87.665175214439 41.950547226483)
949120dbf3572a985c13e97e8290e3560dfa456dbc23a9c394d242746ecf19122711eceda1b771f591094408d8438fc098846f8cf4ee686ae0ba5bc9250b58a4,Y,08/28/2025 08:00:00 AM,30,TRAFFIC SIGNAL,FUNCTIONING PROPERLY,CLOUDY/OVERCAST,DAYLIGHT,TURNING,NOT DIVIDED,,STRAIGHT AND LEVEL,WET,NO DEFECTS,ON SCENE,NO INJURY / DRIVE AWAY,Y,,,"OVER $1,500",08/28/2025 08:08:00 AM,IMPROPER TURNING/NO SIGNAL,IMPROPER OVERTAKING/PASSING,160,W,CERMAK RD,914,,,,,,,2,NO INDICATION OF INJURY,0,0,0,0,0,2,0,8,5,8,41.8529657039,-87.6317559891,POINT (-87.631755989104 41.852965703857)
bbb1e2284c3efdf0e24b153dfbc44d7ed5c0e1d63c4fad8052daf659dd118c58371da2faaf1f272d6ee2a1827a983b4020b06c3844d3f522f7483d3c5c85f156,,08/28/2025 08:00:00 AM,25,NO CONTROLS,NO CONTROLS,CLEAR,DAYLIGHT,PARKED MOTOR VEHICLE,TRAFFIC ROUTE,,STRAIGHT AND LEVEL,DRY,NO DEFECTS,NOT ON SCENE (DESK REPORT),INJURY AND / OR TOW DUE TO CRASH,,,,"$501 - $1,500",08/28/2025 03:15:00 PM,UNABLE TO DETERMINE,UNABLE TO DETERMINE,8914,S,BUFFALO AVE,424,,,,,,,2,NONINCAPACITATING INJURY,1,0,0,1,0,4,0,8,5,8,41.7333103498,-87.5445146235,POINT (-87.544514623522 41.733310349832)
def30055938791007d1dbe110120c2b2d66265258dc96958ea665e72c4f032364652791bef0498a0d801f9bdaf45c96b711738fbd076da4ceefc6e1cea5c8373,,08/28/2025 08:00:00 AM,25,NO CONTROLS,NO CONTROLS,RAIN,DAYLIGHT,SIDESWIPE SAME DIRECTION,NOT DIVIDED,,STRAIGHT AND LEVEL,WET,NO DEFECTS,NOT ON SCENE (DESK REPORT),NO INJURY / DRIVE AWAY,,,,$500 OR LESS,08/28/2025 08:30:00 AM,NOT APPLICABLE,NOT APPLICABLE,4897,W,HUTCHINSON ST,1624,,,,,,,2,NO INDICATION OF INJURY,0,0,0,0,0,2,0,8,5,8,41.9578446268,-87.7497480944,POINT (-87.749748094392 41.957844626753)
edc3833940aea28b294cb2833adbe1e1f8531a273bf5ffdbd5da28fc1e4b9336439bfa6955b8c537319b29030f2d1081f5af252b9a60fc30799a6dced20296a3,,08/28/2025 08:00:00 AM,20,UNKNOWN,UNKNOWN,CLEAR,DAYLIGHT,PARKED MOTOR VEHICLE,NOT DIVIDED,,STRAIGHT AND LEVEL,DRY,UNKNOWN,NOT ON SCENE (DESK REPORT),NO INJURY / DRIVE AWAY,,,,"$501 - $1,500",08/28/2025 08:50:00 AM,FOLLOWING TOO CLOSELY,IMPROPER OVERTAKING/PASSING,1517,W,HADDON AVE,1213,,,,,,,2,NO INDICATION OF INJURY,0,0,0,0,0,1,0,8,5,8,41.9023461862,-87.6660925471,POINT (-87.66609254705 41.902346186151)
2a393070dac0ed91947320f78a64b7f22758a971583141b71eeded16168eca6ea0ea5bbca491234dfa66dc58a3363497d31bfe5a6b512758466e1846fc2018f1,,08/28/2025 07:50:00 AM,35,NO CONTROLS,NO CONTROLS,RAIN,DAYLIGHT,SIDESWIPE SAME DIRECTION,NOT DIVIDED,,STRAIGHT AND LEVEL,WET,NO DEFECTS,NOT ON SCENE (DESK REPORT),NO INJURY / DRIVE AWAY,,,Y,"OVER $1,500",08/28/2025 08:50:00 AM,IMPROPER OVERTAKING/PASSING,IMPROPER OVERTAKING/PASSING,2153,W,111TH ST,2212,,,,,,,2,NO INDICATION OF INJURY,0,0,0,0,0,2,0,7,5,8,41.6917470042,-87.6760086187,POINT (-87.676008618654 41.691747004237)
59d3996ff224fd1afab4822078656bfa47cefe4f1a249ef9c86d587c9777585d14787b76bf38ea86ab4372a13198ae93159607484c862329b39d6bcfd1fdcd69,,08/28/2025 07:50:00 AM,30,NO CONTROLS,NO CONTROLS,CLEAR,DAYLIGHT,TURNING,DIVIDED - W/MEDIAN (NOT RAISED),,STRAIGHT AND LEVEL,DRY,NO DEFECTS,ON SCENE,INJURY AND / OR TOW DUE TO CRASH,,,Y,$500 OR LESS,08/28/2025 08:32:00 AM,IMPROPER TURNING/NO SIGNAL,IMPROPER TURNING/NO SIGNAL,3331,W,CERMAK RD,1024,,,,,,,2,"REPORTED, NOT EVIDENT",1,0,0,0,1,1,0,7,5,8,41.8516137512,-87.7088415438,POINT (-87.708841543774 41.851613751181)
cee61c7fa86cc249c2477a474a67c9fd40c1dfe0cc3e0dbb3074f23e98d0b8d99b11cfb6decc10c39bfd6faee43f73c816ff51e2ca5d26b688a414b84435e6c1,,08/28/2025 07:50:00 AM,30,NO CONTROLS,NO CONTROLS,CLEAR,DAYLIGHT,SIDESWIPE OPPOSITE DIRECTION,NOT DIVIDED,,STRAIGHT AND LEVEL,WET,NO DEFECTS,ON SCENE,NO INJURY / DRIVE AWAY,,,,$500 OR LESS,08/28/2025 08:03:00 AM,EQUIPMENT - VEHICLE CONDITION,UNABLE TO DETERMINE,4200,S,WESTERN BLVD,921,,,,,,,2,NO INDICATION OF INJURY,0,0,0,0,0,2,0,7,5,8,41.8174742002,-87.6842590459,POINT (-87.684259045852 41.817474200183)
6a59336f4d898cbaa7ce6f0d76d195403b4a637c4d0a1c1d885edbb15a17a09f2c5330f0b4434e1a7bef07878033585d34f1e4745d3dda5d6336fff4f7e23b5f,,08/28/2025 07:45:00 AM,25,NO CONTROLS,NO CONTROLS,RAIN,DAYLIGHT,REAR END,NOT DIVIDED,,STRAIGHT AND LEVEL,WET,UNKNOWN,NOT ON SCENE (DESK REPORT),NO INJURY / DRIVE AWAY,,,,$500 OR LESS,08/28/2025 09:45:00 AM,UNABLE TO DETERMINE,UNABLE TO DETERMINE,3535,W,DIVISION ST,1121,,,,,,,2,NO INDICATION OF INJURY,0,0,0,0,0,2,0,7,5,8,41.9026526344,-87.7154945378,POINT (-87.715494537788 41.90265263436)
6df6310e6a3ecf3ddbaa65093a342123378e0f9b0cb7442100f546d1861aadff7ed6544086b08b562a15469c1d0564bc6557a9b1835e9e85a1965f6364629fab,,08/28/2025 07:45:00 AM,30,TRAFFIC SIGNAL,FUNCTIONING PROPERLY,CLEAR,DAYLIGHT,TURNING,NOT DIVIDED,,STRAIGHT AND LEVEL,WET,NO DEFECTS,ON SCENE,INJURY AND / OR TOW DUE TO CRASH,Y,,,"OVER $1,500",08/28/2025 07:49:00 AM,UNABLE TO DETERMINE,UNABLE TO DETERMINE,33,N,HOMAN BLVD,1123,,,,,,,2,NO INDICATION OF INJURY,0,0,0,0,0,6,0,7,5,8,41.8818640882,-87.7108880053,POINT (-87.710888005316 41.881864088184)
9893043412f4ed4f0703d946b6af521cd7f928d708aa82f5132e0f5635f873c2017ea04a5bdade2c22f94e91f2766ed00d68bc9ca892f7b98dc18b2549810ab0,,08/28/2025 07:45:00 AM,30,TRAFFIC SIGNAL,UNKNOWN,CLEAR,DAYLIGHT,SIDESWIPE SAME DIRECTION,NOT DIVIDED,,STRAIGHT AND LEVEL,UNKNOWN,UNKNOWN,NOT ON SCENE (DESK REPORT),NO INJURY / DRIVE AWAY,,,Y,"OVER $1,500",08/28/2025 07:55:00 AM,UNABLE TO DETERMINE,UNABLE TO DETERMINE,5400,N,NORTHWEST HWY,1622,,,,,,,2,NO INDICATION OF INJURY,0,0,0,0,0,2,0,7,5,8,41.9783903918,-87.7743995653,POINT (-87.774399565344 41.978390391848)
93851e5e6c36de1364ff8ee4a1523c71df6513250c1134ba978b490b82d9405902962c4f252bbbfb5913040f44d7614edfe6f6fb0da2c37fe03d3c881cb20a18,,08/28/2025 07:40:00 AM,30,NO CONTROLS,NO CONTROLS,CLEAR,DAYLIGHT,ANGLE,NOT DIVIDED,,STRAIGHT AND LEVEL,WET,NO DEFECTS,ON SCENE,INJURY AND / OR TOW DUE TO CRASH,,,,"OVER $1,500",08/28/2025 07:45:00 AM,UNABLE TO DETERMINE,UNABLE TO DETERMINE,4050,W,115TH ST,2211,,,,,,,2,NO INDICATION OF INJURY,0,0,0,0,0,9,0,7,5,8,41.684044161,-87.7219628752,POINT (-87.721962875224 41.684044160978)
ec5dbe87c10a207e36a1199b1389e03ec63753b3dc2bcd6910eef1321fe8c1e5d957ae55bdfb7af8ea57234fb9ae5458fcc13e1177b02f31489dadadaecc4b38,,08/28/2025 07:40:00 AM,15,NO CONTROLS,NO CONTROLS,CLEAR,DAYLIGHT,SIDESWIPE SAME DIRECTION,PARKING LOT,,STRAIGHT AND LEVEL,DRY,NO DEFECTS,NOT ON SCENE (DESK REPORT),NO INJURY / DRIVE AWAY,,,,$500 OR LESS,08/28/2025 11:25:00 AM,IMPROPER OVERTAKING/PASSING,NOT APPLICABLE,9351,S,LOWE AVE,2223,,,,,,,2,NO INDICATION OF INJURY,0,0,0,0,0,2,0,7,5,8,41.7236539063,-87.6394847533,POINT (-87.639484753265 41.723653906348)
41ee93c030bdcd64e084fd4bce016c4bbe4d6c111e40f3d584226458d84bdc85d2ffe35a5387ccf661a3bb17948f634831d2eb517764ef8bbda0f39998b5e8d0,,08/28/2025 07:34:00 AM,35,TRAFFIC SIGNAL,FUNCTIONING PROPERLY,RAIN,DAYLIGHT,SIDESWIPE SAME DIRECTION,DIVIDED - W/MEDIAN BARRIER,,STRAIGHT AND LEVEL,WET,NO DEFECTS,ON SCENE,NO INJURY / DRIVE AWAY,,Y,,"$501 - $1,500",08/28/2025 07:34:00 AM,RELATED TO BUS STOP,IMPROPER LANE USAGE,10701,S,HALSTED ST,2233,,,,,,,2,NO INDICATION OF INJURY,0,0,0,0,0,2,0,7,5,8,41.6995520202,-87.6424590452,POINT (-87.642459045212 41.699552020154)
309a86efd15fedd83710552e81ba985d1297c0d325f076ef0cc4fb49bc2cf271e75f5a5edf04f7929211d65f2f7619cd7f9cdadc3ba4e93cad4ab5384925ad7e,,08/28/2025 07:30:00 AM,30,NO CONTROLS,NO CONTROLS,CLOUDY/OVERCAST,DAYLIGHT,TURNING,FOUR WAY,,STRAIGHT AND LEVEL,UNKNOWN,UNKNOWN,ON SCENE,NO INJURY / DRIVE AWAY,Y,,,"OVER $1,500",08/28/2025 08:15:00 AM,IMPROPER TURNING/NO SIGNAL,UNABLE TO DETERMINE,4333,W,55TH ST,813,,,,,,,2,NO INDICATION OF INJURY,0,0,0,0,0,2,0,7,5,8,41.7930162873,-87.7318000318,POINT (-87.731800031803 41.793016287323)
a1c2f534123da3e2e2799a8fa96a0bd71843e162dffc09af369973313ffaa835c86df57aef64fa01d355e6d738bf10e6866563054b5b9b5f70787e7ec2f34715,,08/28/2025 07:30:00 AM,30,NO CONTROLS,NO CONTROLS,RAIN,DAYLIGHT,REAR END,FOUR WAY,,STRAIGHT AND LEVEL,WET,NO DEFECTS,ON SCENE,NO INJURY / DRIVE AWAY,,,,"OVER $1,500",08/28/2025 07:47:00 AM,UNABLE TO DETERMINE,UNABLE TO DETERMINE,11200,S,MARSHFIELD AVE,2234,,,,,,,2,NO INDICATION OF INJURY,0,0,0,0,0,2,0,7,5,8,41.6903298338,-87.6616461649,POINT (-87.661646164899 41.690329833777)
b1f2db80cb4cd64679d5a0c9d9ccb5a1af24b0507487ea2abfffa4aa3f5cebd509eb014ebc767c20d15296bdf83a21e9b2f173e1b7f500fb12c70bfec38042c3,,08/28/2025 07:30:00 AM,30,STOP SIGN/FLASHER,FUNCTIONING PROPERLY,RAIN,DAYLIGHT,TURNING,NOT DIVIDED,,STRAIGHT AND LEVEL,WET,NO DEFECTS,ON SCENE,INJURY AND / OR TOW DUE TO CRASH,,,,"OVER $1,500",08/28/2025 07:35:00 AM,FAILING TO YIELD RIGHT-OF-WAY,NOT APPLICABLE,9200,S,COLFAX AVE,423,,,,,,,2,NO INDICATION OF INJURY,0,0,0,0,0,2,0,7,5,8,41.7280336597,-87.5610165875,POINT (-87.561016587502 41.728033659688)
d2aa91e4e5aabe7108ac51d125480023f8d34f2e21e0709e4385e3e1e279658170c556006e3ac91c4dc45eaac3d1b4bb68a7983da1e83f346e1f66e9efe491a2,,08/28/2025 07:30:00 AM,30,TRAFFIC SIGNAL,FUNCTIONING PROPERLY,CLEAR,DAYLIGHT,SIDESWIPE SAME DIRECTION,FOUR WAY,,STRAIGHT AND LEVEL,DRY,NO DEFECTS,NOT ON SCENE (DESK REPORT),NO INJURY / DRIVE AWAY,Y,,Y,"$501 - $1,500",08/28/2025 02:45:00 PM,UNABLE TO DETERMINE,NOT APPLICABLE,11101,S,PULASKI RD,2211,,,,,,,2,NO INDICATION OF INJURY,0,0,0,0,0,2,0,7,5,8,41.6911020144,-87.7201627703,POINT (-87.720162770279 41.691102014358)
f3e5675ec10cbf448efc0cb6b610abc8d871fad2fe1beb369a40155427a03e138cee42aadf0fd2dd71551d86932d9bd1b8cb75e5cdb1ff40014c6ba6b2593e3d,,08/28/2025 07:30:00 AM,35,NO CONTROLS,NO CONTROLS,RAIN,DAYLIGHT,REAR END,NOT DIVIDED,,STRAIGHT ON HILLCREST,WET,UNKNOWN,ON SCENE,INJURY AND / OR TOW DUE TO CRASH,,,,"OVER $1,500",08/28/2025 07:30:00 AM,NOT APPLICABLE,NOT APPLICABLE,2900,W,111TH ST,2212,,,,,,,2,NO INDICATION OF INJURY,0,0,0,0,0,2,0,7,5,8,41.6917610074,-87.6936595449,POINT (-87.693659544885 41.691761007358)
d5a3e3df7ad3ef3f0259663f91691a0092cb97b0b340812a39a79679f3dfaced20b6458eb665d86568deaae01b792c465c565c891df6b1bd21e26e8d55cd8093,,08/28/2025 07:19:00 AM,30,TRAFFIC SIGNAL,FUNCTIONING PROPERLY,RAIN,"DARKNESS, LIGHTED ROAD",PEDALCYCLIST,FOUR WAY,,STRAIGHT AND LEVEL,WET,UNKNOWN,ON SCENE,INJURY AND / OR TOW DUE TO CRASH,,,,"OVER $1,500",08/28/2025 07:37:00 AM,FAILING TO YIELD RIGHT-OF-WAY,NOT APPLICABLE,406,N,LOWER MICHIGAN AVE,1834,,,,,,,2,"REPORTED, NOT EVIDENT",1,0,0,0,1,1,0,7,5,8,41.8897953077,-87.6243192166,POINT (-87.62431921662 41.889795307747)
011c42d501b12049fdaef261d1fa21b88257cd8bb115d43ef5b8bb708d223ead8d5cd95cf39b3d04ad962dddc8c4d9d918fb5ddf290d3b3ffbac944efffc71e6,,08/28/2025 07:15:00 AM,30,NO CONTROLS,NO CONTROLS,CLEAR,DAYLIGHT,REAR END,ONE-WAY,,STRAIGHT AND LEVEL,DRY,NO DEFECTS,ON SCENE,NO INJURY / DRIVE AWAY,,,Y,"$501 - $1,500",08/28/2025 06:24:00 PM,UNABLE TO DETERMINE,UNABLE TO DETERMINE,6732,S,ASHLAND AVE,725,,,,,,,2,NO INDICATION OF INJURY,0,0,0,0,0,4,0,7,5,8,41.7711949698,-87.6641383522,POINT (-87.664138352228 41.771194969826)
078a6d649e8a0578503598bcf15aaf068acc0185dda1d1a4726a99c1a876682402e47d12ba065fe50e782c3b08ad3bd10d9149b488b35676b3fcaee5bc41192f,,08/28/2025 07:15:00 AM,10,NO CONTROLS,NO CONTROLS,CLEAR,DAYLIGHT,FIXED OBJECT,ALLEY,,STRAIGHT AND LEVEL,UNKNOWN,NO DEFECTS,ON SCENE,NO INJURY / DRIVE AWAY,,Y,Y,"OVER $1,500",08/29/2025 12:05:00 PM,UNABLE TO DETERMINE,UNABLE TO DETERMINE,10606,S,AVENUE L,432,,,,,,,1,NO INDICATION OF INJURY,0,0,0,0,0,1,0,7,5,8,41.7024791838,-87.5366380239,POINT (-87.536638023874 41.702479183755)
db82cbd62a1ef33c1f43b193a299cceefcdafeff4909bb280fa9ccfad42eadee064705bf6cb38eeefeff2579d4700bf69227d0c3e42ad810c710cb165125de11,,08/28/2025 07:15:00 AM,30,NO CONTROLS,NO CONTROLS,CLEAR,DAYLIGHT,SIDESWIPE SAME DIRECTION,NOT DIVIDED,,STRAIGHT AND LEVEL,DRY,NO DEFECTS,ON SCENE,NO INJURY / DRIVE AWAY,,,,$500 OR LESS,08/28/2025 07:29:00 AM,NOT APPLICABLE,NOT APPLICABLE,4011,N,NARRAGANSETT AVE,1624,,,,,,,2,NO INDICATION OF INJURY,0,0,0,0,0,2,0,7,5,8,41.9533082656,-87.7864292622,POINT (-87.786429262234 41.95330826555)
2f45bfe195626c417fab36b28aa8f36032f9b924669ee08678ec895220dd80c3c87df2d07cca78986148aacdfa34c15090ae3045c78866c708ecd8f3a6d3080a,,08/28/2025 07:13:00 AM,5,UNKNOWN,NO CONTROLS,CLEAR,DAYLIGHT,PARKED MOTOR VEHICLE,PARKING LOT,,STRAIGHT AND LEVEL,UNKNOWN,UNKNOWN,NOT ON SCENE (DESK REPORT),NO INJURY / DRIVE AWAY,,,,"OVER $1,500",08/28/2025 07:50:00 AM,UNABLE TO DETERMINE,UNABLE TO DETERMINE,3001,W,BELMONT AVE,1411,,,,,,,2,NO INDICATION OF INJURY,0,0,0,0,0,1,0,7,5,8,41.9392533447,-87.702785233,POINT (-87.702785233036 41.939253344724)
11e79d70e33554b77f3649869ef07390340ba205c28cbf597475e1c5c785cc506853211fee731d093145318ea784d5971b829bddde78ad225a3238895da5abff,,08/28/2025 07:11:00 AM,35,NO CONTROLS,NO CONTROLS,CLEAR,DAYLIGHT,REAR END,NOT DIVIDED,,STRAIGHT AND LEVEL,WET,NO DEFECTS,ON SCENE,INJURY AND / OR TOW DUE TO CRASH,,,,"OVER $1,500",08/28/2025 08:28:00 AM,FOLLOWING TOO CLOSELY,FAILING TO REDUCE SPEED TO AVOID CRASH,4230,W,115TH ST,2211,,,,,,,2,"REPORTED, NOT EVIDENT",1,0,0,0,1,1,0,7,5,8,41.6839791334,-87.7261282336,POINT (-87.726128233578 41.683979133365)
9167dc1313492eafb13855e420bbbd7ec5ce5ab9d3271e0ab2b5727ce110055ecfc89df025f712b2716c4f588545c415ece8f9be55fa4528e3562aa1cc78948f,,08/28/2025 07:10:00 AM,30,TRAFFIC SIGNAL,FUNCTIONING IMPROPERLY,RAIN,DAYLIGHT,TURNING,NOT DIVIDED,,STRAIGHT AND LEVEL,WET,UNKNOWN,NOT ON SCENE (DESK REPORT),NO INJURY / DRIVE AWAY,,,,"$501 - $1,500",08/28/2025 07:48:00 AM,UNABLE TO DETERMINE,UNABLE TO DETERMINE,5014,S,ARCHER AVE,815,,,,,,,2,NO INDICATION OF INJURY,0,0,0,0,0,2,0,7,5,8,41.8018004038,-87.7245181303,POINT (-87.724518130255 41.801800403803)