CRASH_RECORD_ID,CRASH_DATE_EST_I,CRASH_DATE,POSTED_SPEED_LIMIT,TRAFFIC_CONTROL_DEVICE,DEVICE_CONDITION,WEATHER_CONDITION,LIGHTING_CONDITION,FIRST_CRASH_TYPE,TRAFFICWAY_TYPE,LANE_CNT,ALIGNMENT,ROADWAY_SURFACE_COND,ROAD_DEFECT,REPORT_TYPE,CRASH_TYPE,INTERSECTION_RELATED_I,NOT_RIGHT_OF_WAY_I,HIT_AND_RUN_I,DAMAGE,DATE_POLICE_NOTIFIED,PRIM_CONTRIBUTORY_CAUSE,SEC_CONTRIBUTORY_CAUSE,STREET_NO,STREET_DIRECTION,STREET_NAME,BEAT_OF_OCCURRENCE,PHOTOS_TAKEN_I,STATEMENTS_TAKEN_I,DOORING_I,WORK_ZONE_I,WORK_ZONE_TYPE,WORKERS_PRESENT_I,NUM_UNITS,MOST_SEVERE_INJURY,INJURIES_TOTAL,INJURIES_FATAL,INJURIES_INCAPACITATING,INJURIES_NON_INCAPACITATING,INJURIES_REPORTED_NOT_EVIDENT,INJURIES_NO_INDICATION,INJURIES_UNKNOWN,CRASH_HOUR,CRASH_DAY_OF_WEEK,CRASH_MONTH,LATITUDE,LONGITUDE,LOCATION
f1ae852d4dfd3bdc8fafc82275ba5b5b88170005e7c7358871fac56061b5e2232f6ac24bccbfdd197d0a66c9fc788521f7e042919e36632e6d42063188875fa0,,08/28/2025 07:05:00 AM,30,NO CONTROLS,NO CONTROLS,CLOUDY/OVERCAST,DAYLIGHT,REAR END,NOT DIVIDED,,STRAIGHT AND LEVEL,WET,NO DEFECTS,ON SCENE,INJURY AND / OR TOW DUE TO CRASH,,,,"OVER $1,500",08/28/2025 07:20:00 AM,FOLLOWING TOO CLOSELY,UNABLE TO DETERMINE,2441,S,WESTERN AVE,1034,,,,,,,2,"REPORTED, NOT EVIDENT",1,0,0,0,1,1,0,7,5,8,41.8471968684,-87.685358602,POINT (-87.685358602042 41.847196868396)
6f007c002634b85b62b62eb6457345affecb2b81ee21ad911c38ea480b9bec6b6afb542e6ebe644f2d71559e87b078e39c8ece4a46de26c06ee339c40811cb6f,,08/28/2025 07:01:00 AM,30,NO CONTROLS,NO CONTROLS,RAIN,DAYLIGHT,REAR END,NOT DIVIDED,,STRAIGHT AND LEVEL,WET,NO DEFECTS,ON SCENE,NO INJURY / DRIVE AWAY,,,,"OVER $1,500",08/28/2025 07:03:00 AM,WEATHER,NOT APPLICABLE,6347,S,DAMEN AVE,726,,,,,,,3,NO INDICATION OF INJURY,0,0,0,0,0,7,0,7,5,8,41.7779495843,-87.6737231212,POINT (-87.673723121188 41.777949584329)
87e89ccf1f69ad68ad243ec8fef9e3b69be81d4b7d72d3e935f5fa2e037ee4c62d8ed475b7ba1eb88ca51eaa044693b52056439ca698b8bdf6f3b3cfade68ed1,,08/28/2025 07:00:00 AM,30,TRAFFIC SIGNAL,FUNCTIONING PROPERLY,RAIN,DAYLIGHT,TURNING,NOT DIVIDED,,STRAIGHT AND LEVEL,WET,UNKNOWN,ON SCENE,INJURY AND / OR TOW DUE TO CRASH,Y,,,"OVER $1,500",08/28/2025 07:15:00 AM,UNABLE TO DETERMINE,UNABLE TO DETERMINE,5398,S,ARCHER AVE,815,,,,,,,2,NO INDICATION OF INJURY,0,0,0,0,0,2,0,7,5,8,41.7987780375,-87.7428990311,POINT (-87.742899031077 41.7987780375)
9c86df7a11bdc0a887837f6928741af1b85a2670b189899f10a9b6a83909039a3f6b7d6483f53572ff0be1322d9cbf2c5c65b300085a0d0a0bcb109a5b6b2bc0,,08/28/2025 06:55:00 AM,30,UNKNOWN,UNKNOWN,UNKNOWN,UNKNOWN,REAR END,NOT DIVIDED,,STRAIGHT AND LEVEL,UNKNOWN,UNKNOWN,NOT ON SCENE (DESK REPORT),NO INJURY / DRIVE AWAY,,,,"OVER $1,500",08/28/2025 06:55:00 AM,UNABLE TO DETERMINE,NOT APPLICABLE,501,E,79TH ST,624,,,,,,,2,NO INDICATION OF INJURY,0,0,0,0,0,2,0,6,5,8,41.7510499513,-87.6124383884,POINT (-87.612438388413 41.751049951264)
42b7afc1a1c452edeef87334a10dedf46e900d9d1e36dfe44d4194ad445617135aa2310b2b695de508fda8300bc7dfbb10641aff6db4bc7cba089f65d3ff9cd6,,08/28/2025 06:50:00 AM,30,TRAFFIC SIGNAL,FUNCTIONING PROPERLY,CLOUDY/OVERCAST,DAYLIGHT,REAR END,NOT DIVIDED,,STRAIGHT AND LEVEL,WET,NO DEFECTS,NOT ON SCENE (DESK REPORT),NO INJURY / DRIVE AWAY,,,Y,"$501 - $1,500",08/28/2025 07:30:00 AM,FOLLOWING TOO CLOSELY,NOT APPLICABLE,5930,N,SHERIDAN RD,2022,,,,,,,2,NO INDICATION OF INJURY,0,0,0,0,0,2,0,6,5,8,41.9900568134,-87.655531287,POINT (-87.655531287039 41.990056813424)
3afcc6cea61bedbfa8352030626a9a66199a7bd70ffd35a4c31f36d8f6bed2773c8fff38f0528d1f9cde77f5bd2e3659ead0ef9808e47da733022da07dfd2c99,,08/28/2025 06:41:00 AM,30,STOP SIGN/FLASHER,NO CONTROLS,RAIN,DAYLIGHT,ANGLE,NOT DIVIDED,,STRAIGHT AND LEVEL,WET,NO DEFECTS,ON SCENE,INJURY AND / OR TOW DUE TO CRASH,,,,"OVER $1,500",08/28/2025 06:41:00 AM,FAILING TO YIELD RIGHT-OF-WAY,NOT APPLICABLE,3125,W,ADDISON ST,1733,,,,,,,2,NO INDICATION OF INJURY,0,0,0,0,0,2,0,6,5,8,41.9465307985,-87.706448524,POINT (-87.706448524009 41.946530798506)
3085a229db21aaf6b5730bcddce4c6f060381ad1ad4dd1b5aa5f9e9586e8ca689b0cb9d3e4653be75315a7fcb21ab072da5ef573c85e8a896d70828a1a9920e3,,08/28/2025 06:35:00 AM,30,NO CONTROLS,NO CONTROLS,RAIN,DAYLIGHT,FIXED OBJECT,DIVIDED - W/MEDIAN (NOT RAISED),,STRAIGHT AND LEVEL,WET,NO DEFECTS,ON SCENE,INJURY AND / OR TOW DUE TO CRASH,,,,"OVER $1,500",08/28/2025 06:41:00 AM,UNABLE TO DETERMINE,UNABLE TO DETERMINE,4669,W,IRVING PARK RD,1731,,,,,,,1,NONINCAPACITATING INJURY,1,0,0,1,0,0,0,6,5,8,41.9533374639,-87.7452665189,POINT (-87.745266518871 41.953337463889)
be57a801f02cb6bdffa6db1c4bf31a02bf89b488a8c4b7253b30d4fed6d1ea43f2f6d5409b283e5bacabee8e80dd2c1e79b027b9d1fbcddd266768dd89cbaafb,,08/28/2025 06:30:00 AM,30,NO CONTROLS,NO CONTROLS,CLEAR,DAYLIGHT,REAR END,NOT DIVIDED,,STRAIGHT AND LEVEL,DRY,UNKNOWN,NOT ON SCENE (DESK REPORT),NO INJURY / DRIVE AWAY,,,,"OVER $1,500",08/28/2025 06:30:00 PM,FOLLOWING TOO CLOSELY,NOT APPLICABLE,636,N,ORLEANS ST,1831,,,,,,,2,NO INDICATION OF INJURY,0,0,0,0,0,2,0,6,5,8,41.8934736071,-87.6372364622,POINT (-87.63723646225 41.893473607144)
c7c220675331bcfd5126048f5ede99cfb38da5a61644054623388064586ec5a8c220c20182a214ffb22105fb21a134a39e63c2f3313a858ae24a1088870d8d9a,,08/28/2025 06:30:00 AM,35,TRAFFIC SIGNAL,FUNCTIONING PROPERLY,CLEAR,DAYLIGHT,SIDESWIPE SAME DIRECTION,FOUR WAY,,STRAIGHT AND LEVEL,DRY,NO DEFECTS,NOT ON SCENE (DESK REPORT),NO INJURY / DRIVE AWAY,Y,,,"$501 - $1,500",08/28/2025 01:00:00 PM,UNABLE TO DETERMINE,UNABLE TO DETERMINE,5501,S,HARLEM AVE,811,,,,,,,2,NO INDICATION OF INJURY,0,0,0,0,0,2,0,6,5,8,41.7918520654,-87.8013777989,POINT (-87.801377798929 41.79185206544)
f62e952f92426f02b5af09a13057be0e7f8c22ed1145b3044ee049379dd26123ff1141db450b05f679cc283fef0480b1bf0e0c3c39c2f01522a436c53af76cfa,,08/28/2025 06:30:00 AM,30,TRAFFIC SIGNAL,FUNCTIONING PROPERLY,RAIN,"DARKNESS, LIGHTED ROAD",TURNING,NOT DIVIDED,,STRAIGHT AND LEVEL,WET,NO DEFECTS,NOT ON SCENE (DESK REPORT),NO INJURY / DRIVE AWAY,Y,,,"OVER $1,500",08/28/2025 06:55:00 AM,FOLLOWING TOO CLOSELY,FOLLOWING TOO CLOSELY,2556,E,71ST ST,334,,,,,,,2,NO INDICATION OF INJURY,0,0,0,0,0,3,0,6,5,8,41.7663969762,-87.5623852546,POINT (-87.56238525457 41.76639697618)
3a0690041c1a305aff1c64c11161ddc5e5a8e3715100c49b3ec7199661bac09c8172f04975352fdd864ff6aff266b56166f9406ee0325b25d99bec89adca713b,,08/28/2025 06:28:00 AM,30,TRAFFIC SIGNAL,FUNCTIONING PROPERLY,CLEAR,DAYLIGHT,REAR END,DIVIDED - W/MEDIAN (NOT RAISED),,STRAIGHT AND LEVEL,UNKNOWN,NO DEFECTS,NOT ON SCENE (DESK REPORT),NO INJURY / DRIVE AWAY,,,Y,"OVER $1,500",08/29/2025 05:00:00 PM,FOLLOWING TOO CLOSELY,NOT APPLICABLE,2601,N,WESTERN AVE,1432,,,,,,,2,NO INDICATION OF INJURY,0,0,0,0,0,2,0,6,5,8,41.9286758237,-87.6876283648,POINT (-87.687628364786 41.92867582372)
f6ca169c5a8dfde53ca36897c0a056af377b88749faef00c7063182beebb1024b81cb7e182be915673a84e77e6f2ffa94ede970cea512c2cf16d107bdb1f7e07,,08/28/2025 06:25:00 AM,30,TRAFFIC SIGNAL,FUNCTIONING PROPERLY,CLOUDY/OVERCAST,DAYLIGHT,ANGLE,FOUR WAY,,STRAIGHT AND LEVEL,WET,UNKNOWN,ON SCENE,INJURY AND / OR TOW DUE TO CRASH,,,,"$501 - $1,500",08/28/2025 06:42:00 AM,DISREGARDING TRAFFIC SIGNALS,NOT APPLICABLE,134,W,ILLINOIS ST,1831,,,,,,,2,NO INDICATION OF INJURY,0,0,0,0,0,2,0,6,5,8,41.8909129356,-87.632487864,POINT (-87.632487864005 41.8909129356)
bb297d9fb8672f3fce8b1e7b6be766d46245712d958940695ca2b1daade8098bbdec2cfa11a1be250a83b0264b373a8a6c61146957cc213281c603516b8ad99d,,08/28/2025 06:18:00 AM,30,TRAFFIC SIGNAL,FUNCTIONING PROPERLY,RAIN,DAYLIGHT,REAR END,NOT DIVIDED,,STRAIGHT AND LEVEL,WET,NO DEFECTS,ON SCENE,INJURY AND / OR TOW DUE TO CRASH,,,,"OVER $1,500",08/28/2025 06:20:00 AM,FAILING TO REDUCE SPEED TO AVOID CRASH,NOT APPLICABLE,1643,W,MONTEREY AVE,2234,,,,,,,2,NONINCAPACITATING INJURY,1,0,0,1,0,1,0,6,5,8,41.6895497872,-87.6633821277,POINT (-87.663382127665 41.689549787234)
57f42e136b63201100afd9b0d917d55c434813b471d9751ecba8ce640ba3495a3d6cf52454de2c55acb51beaed857e59c892bdf89d8bde5daf342fc5b3edca29,,08/28/2025 06:05:00 AM,30,STOP SIGN/FLASHER,FUNCTIONING PROPERLY,RAIN,DAWN,REAR END,NOT DIVIDED,,STRAIGHT AND LEVEL,WET,NO DEFECTS,ON SCENE,NO INJURY / DRIVE AWAY,Y,,,"OVER $1,500",08/28/2025 06:31:00 AM,EQUIPMENT - VEHICLE CONDITION,NOT APPLICABLE,1458,S,KOSTNER AVE,1011,,,,,,,2,NO INDICATION OF INJURY,0,0,0,0,0,3,0,6,5,8,41.8606454856,-87.7349408263,POINT (-87.734940826288 41.860645485552)
73755e26077248849d1f73a098751e447c47c7185213af1c9e18075ce7a53f8cbb5079f763747832510b12c7759a5a9d130e335055f3f0c77d92564ba5a9cb0a,,08/28/2025 06:01:00 AM,30,STOP SIGN/FLASHER,FUNCTIONING PROPERLY,CLEAR,DAWN,ANGLE,NOT DIVIDED,,STRAIGHT AND LEVEL,DRY,NO DEFECTS,ON SCENE,INJURY AND / OR TOW DUE TO CRASH,,,Y,"OVER $1,500",08/28/2025 06:01:00 AM,DISREGARDING STOP SIGN,DISREGARDING STOP SIGN,7151,W,GRAND AVE,2512,,,,,,,2,NONINCAPACITATING INJURY,1,0,0,1,0,1,0,6,5,8,41.9236386645,-87.8045980477,POINT (-87.80459804772 41.92363866449)
2c90fc566858d0e466e4d43308926e11e8182d8c05ae0019d53aabf456b9a3bc858409bd84b3ef3a64cddfd962802bb52a8e0de4c503dfd414b925a776a67341,,08/28/2025 06:00:00 AM,30,TRAFFIC SIGNAL,FUNCTIONING PROPERLY,RAIN,DAWN,PEDESTRIAN,NOT DIVIDED,,STRAIGHT AND LEVEL,WET,NO DEFECTS,ON SCENE,INJURY AND / OR TOW DUE TO CRASH,,,Y,"OVER $1,500",08/28/2025 07:04:00 AM,FAILING TO YIELD RIGHT-OF-WAY,UNABLE TO DETERMINE,4512,S,COTTAGE GROVE AVE,221,,,,,,,2,NONINCAPACITATING INJURY,1,0,0,1,0,1,0,6,5,8,41.8127412647,-87.6067844338,POINT (-87.606784433765 41.81274126472)
9a43cccdf9dc396e2eeb2e523c4be8c9b56918010dd0f18ff60d6770a67e4efe488d41d00e18627f3d6f2ae81bd45649fb9b88b5f40279791c2962565471b4d7,,08/28/2025 05:53:00 AM,35,TRAFFIC SIGNAL,FUNCTIONING IMPROPERLY,RAIN,DUSK,REAR TO FRONT,DIVIDED - W/MEDIAN (NOT RAISED),,STRAIGHT AND LEVEL,WET,NO DEFECTS,ON SCENE,NO INJURY / DRIVE AWAY,,,,$500 OR LESS,08/28/2025 05:54:00 AM,UNABLE TO DETERMINE,NOT APPLICABLE,3700,S,ARCHER AVE,911,,,,,,,2,NO INDICATION OF INJURY,0,0,0,0,0,2,0,5,5,8,41.8263490672,-87.6844724007,POINT (-87.684472400749 41.826349067226)
4f68fc63558433bfbd333115cebc82c3e30fc522c06b151fcdee04103aac9bb89b775057ee75accef6c54cc2722af680c38bbd26d7ffd39af5b7e49dd41a2e63,,08/28/2025 05:51:00 AM,45,NO CONTROLS,NO CONTROLS,RAIN,"DARKNESS, LIGHTED ROAD",SIDESWIPE SAME DIRECTION,OTHER,,STRAIGHT AND LEVEL,WET,NO DEFECTS,ON SCENE,INJURY AND / OR TOW DUE TO CRASH,,,Y,"OVER $1,500",08/28/2025 05:53:00 AM,UNABLE TO DETERMINE,NOT APPLICABLE,3900,S,LAKE SHORE DR NB,212,,,,,,,2,NONINCAPACITATING INJURY,1,0,0,1,0,1,0,5,5,8,41.825882585,-87.6009718542,POINT (-87.600971854237 41.825882585011)
874c64ed2cb8dc91c94967abfe51bf11a1f177290f7610bc5bbade4c452f8cd9613d3d382ab41916b983d8b6fed48dc33a44ff7219fbe3908980788fcb0f1c9e,,08/28/2025 05:36:00 AM,30,TRAFFIC SIGNAL,FUNCTIONING PROPERLY,RAIN,DAYLIGHT,ANGLE,FOUR WAY,,STRAIGHT AND LEVEL,WET,NO DEFECTS,ON SCENE,INJURY AND / OR TOW DUE TO CRASH,Y,,,"OVER $1,500",08/28/2025 05:39:00 AM,DISREGARDING TRAFFIC SIGNALS,UNABLE TO DETERMINE,161,W,51ST ST,225,,,,,,,2,"REPORTED, NOT EVIDENT",1,0,0,0,1,1,0,5,5,8,41.8017273858,-87.6303617953,POINT (-87.630361795349 41.801727385766)
a5243fee6c499b4e395932e0ec19a40f349ab15dc2fc40364063d255ab8ba69d1ab4c8e27b19cd696377a87c77839b95b75cc91f60c2a6aa2760cf460ec3f7bc,,08/28/2025 05:30:00 AM,45,NO CONTROLS,NO CONTROLS,RAIN,"DARKNESS, LIGHTED ROAD",REAR END,NOT DIVIDED,,STRAIGHT AND LEVEL,WET,NO DEFECTS,NOT ON SCENE (DESK REPORT),NO INJURY / DRIVE AWAY,,,,"OVER $1,500",08/28/2025 06:15:00 AM,NOT APPLICABLE,NOT APPLICABLE,2200,S,LAKE SHORE DR NB,132,,,,,,,2,NO INDICATION OF INJURY,0,0,0,0,0,2,0,5,5,8,41.8528456398,-87.6147063219,POINT (-87.614706321914 41.852845639769)
089d05f197abb05aa39111c1bfafea90c272cde02fceb3a11034dcd3471faef33ec823bc7c99071dc6f3a8ab0d7908df2401cb4b5e060f1ee6613005d8b1670b,,08/28/2025 05:21:00 AM,30,NO CONTROLS,NO CONTROLS,RAIN,"DARKNESS, LIGHTED ROAD",HEAD ON,DIVIDED - W/MEDIAN BARRIER,,STRAIGHT AND LEVEL,WET,NO DEFECTS,,INJURY AND / OR TOW DUE TO CRASH,,,,"OVER $1,500",08/28/2025 05:21:00 AM,UNABLE TO DETERMINE,NOT APPLICABLE,3224,W,79TH ST,835,,,,,,,3,NONINCAPACITATING INJURY,2,0,0,1,1,1,0,5,5,8,41.7499481613,-87.7034574113,POINT (-87.703457411305 41.749948161272)
8ccd2266381ae0078dff1732379802ae4db23a44c43116a716586c171b4ab1ecabd761047e278861a01761db78fd2a9fa460ba11c50cd100ff13b6a4532c9891,,08/28/2025 04:50:00 AM,30,TRAFFIC SIGNAL,FUNCTIONING PROPERLY,RAIN,"DARKNESS, LIGHTED ROAD",TURNING,Y-INTERSECTION,,STRAIGHT AND LEVEL,WET,NO DEFECTS,ON SCENE,INJURY AND / OR TOW DUE TO CRASH,Y,,,"OVER $1,500",08/28/2025 05:21:00 AM,WEATHER,FAILING TO YIELD RIGHT-OF-WAY,6400,W,ARCHER AVE,811,,,,,,,2,NO INDICATION OF INJURY,0,0,0,0,0,2,0,4,5,8,41.7924552555,-87.7818768499,POINT (-87.781876849877 41.792455255505)
6e687ca292ad769cdb69aa564d3303dbcaa575e4a46db046fe131f93351f283ab24975672a1e652a5e2658cb032b5a4706c0748438c8cf8fa7e42513ef9eddeb,,08/28/2025 04:40:00 AM,30,TRAFFIC SIGNAL,FUNCTIONING PROPERLY,RAIN,"DARKNESS, LIGHTED ROAD",REAR END,DIVIDED - W/MEDIAN (NOT RAISED),,STRAIGHT AND LEVEL,WET,NO DEFECTS,ON SCENE,INJURY AND / OR TOW DUE TO CRASH,,,,"OVER $1,500",08/28/2025 04:42:00 AM,FOLLOWING TOO CLOSELY,UNABLE TO DETERMINE,2514,S,PULASKI RD,1013,,,,,,,3,NO INDICATION OF INJURY,0,0,0,0,0,3,0,4,5,8,41.8455543981,-87.724745051,POINT (-87.724745050952 41.845554398086)
607231fc5e22f2bac5075eb2710b5ebc072f5f6bf1018279505ae26fa0391396a6babd5ff4e17e01cf573eef8d21c346c295a921e69d182d1c48fcb84833807c,,08/28/2025 04:30:00 AM,30,NO CONTROLS,NO CONTROLS,CLEAR,"DARKNESS, LIGHTED ROAD",ANGLE,NOT DIVIDED,,STRAIGHT AND LEVEL,DRY,NO DEFECTS,NOT ON SCENE (DESK REPORT),NO INJURY / DRIVE AWAY,,,,"OVER $1,500",08/28/2025 07:50:00 PM,FAILING TO YIELD RIGHT-OF-WAY,NOT APPLICABLE,2314,W,DEVON AVE,2412,,,,,,,2,NO INDICATION OF INJURY,0,0,0,0,0,2,0,4,5,8,41.9978701113,-87.688100515,POINT (-87.688100515 41.997870111314)
06d8013b6d43abf78e5fabdef2dba73d4a1e7dbc38b5fb921c7a2a2623dc31da1298f57888fa33b0a97fe35b083bb238b13d382ef52350b9160d9adeb2e4e6bc,,08/28/2025 04:20:00 AM,15,NO CONTROLS,NO CONTROLS,RAIN,"DARKNESS, LIGHTED ROAD",FIXED OBJECT,NOT DIVIDED,,STRAIGHT AND LEVEL,WET,NO DEFECTS,ON SCENE,NO INJURY / DRIVE AWAY,,Y,,"OVER $1,500",08/28/2025 05:50:00 AM,FAILING TO REDUCE SPEED TO AVOID CRASH,UNABLE TO DETERMINE,4400,W,35TH PL,1031,,,,,,,1,NO INDICATION OF INJURY,0,0,0,0,0,1,0,4,5,8,41.8307910618,-87.7340823147,POINT (-87.734082314686 41.830791061784)
cf3c77d028dee52ccf5c738afedfc35789cb23f77b8e135f68bbe799788afd844a44b9a72f30e04d614fadc179531f9863862b9de28faded0288c8b558f7f528,Y,08/28/2025 04:00:00 AM,20,STOP SIGN/FLASHER,NO CONTROLS,RAIN,"DARKNESS, LIGHTED ROAD",PARKED MOTOR VEHICLE,ONE-WAY,,STRAIGHT AND LEVEL,WET,NO DEFECTS,ON SCENE,NO INJURY / DRIVE AWAY,Y,,Y,"OVER $1,500",08/28/2025 07:00:00 AM,UNABLE TO DETERMINE,NOT APPLICABLE,1059,W,LILL AVE,1932,,,,,,,2,NO INDICATION OF INJURY,0,0,0,0,0,1,0,4,5,8,41.9279512068,-87.6560008734,POINT (-87.656000873434 41.927951206829)
9c5009f2eb61c103f2e1619c535782dbcbc77308ea43dedcef300cbb80da368a45fd01a778ac488144771cd53f07302db82e556d8c317d4f07144b99af61eac2,,08/28/2025 03:19:00 AM,30,NO CONTROLS,UNKNOWN,RAIN,"DARKNESS, LIGHTED ROAD",PARKED MOTOR VEHICLE,NOT DIVIDED,,STRAIGHT AND LEVEL,WET,NO DEFECTS,ON SCENE,INJURY AND / OR TOW DUE TO CRASH,,,,"OVER $1,500",08/28/2025 03:21:00 AM,FAILING TO REDUCE SPEED TO AVOID CRASH,FAILING TO REDUCE SPEED TO AVOID CRASH,4307,W,DIVISION ST,1111,,,,,,,2,NONINCAPACITATING INJURY,1,0,0,1,0,0,0,3,5,8,41.902440001,-87.7340325056,POINT (-87.734032505615 41.902440001023)
557f97fb4e572343270a5518d106dfa10a1176485998341b0369b8cdee985e9094336ecc3ccd0a7dfed6f6dd87cc58326d88e3f8fc475109a79203af895e0661,N,08/28/2025 03:00:00 AM,30,NO CONTROLS,NO CONTROLS,UNKNOWN,UNKNOWN,PARKED MOTOR VEHICLE,NOT DIVIDED,,STRAIGHT AND LEVEL,UNKNOWN,UNKNOWN,ON SCENE,INJURY AND / OR TOW DUE TO CRASH,,,Y,"OVER $1,500",08/28/2025 04:22:00 PM,UNABLE TO DETERMINE,UNABLE TO DETERMINE,743,S,LEAMINGTON AVE,1533,,,,,,,2,NO INDICATION OF INJURY,0,0,0,0,0,1,0,3,5,8,41.8707303345,-87.7530520127,POINT (-87.753052012713 41.870730334537)
c10f2b39cdfd434edf3c99ab43423027d22ead34a780b6150dc1d272517cab35bf790baaf85e754432b1a466d9d9c2c7fc6d12c09fd7335f1b4f246efa78466d,,08/28/2025 02:41:00 AM,5,NO CONTROLS,NO CONTROLS,RAIN,"DARKNESS, LIGHTED ROAD",FIXED OBJECT,PARKING LOT,,STRAIGHT AND LEVEL,WET,NO DEFECTS,ON SCENE,INJURY AND / OR TOW DUE TO CRASH,,,Y,"OVER $1,500",08/28/2025 02:41:00 AM,"OPERATING VEHICLE IN ERRATIC, RECKLESS, CARELESS, NEGLIGENT OR AGGRESSIVE MANNER",IMPROPER BACKING,2101,E,71ST ST,333,,,,,,,1,NO INDICATION OF INJURY,0,0,0,0,0,1,0,2,5,8,41.7659900011,-87.5737873367,POINT (-87.573787336654 41.765990001141)
7e0fb4d60a34f46bfe62ba838a8b68a8125db839b1ce6ff58abee790ed9aae0262d0baa3d11ab05902cc57bedd9a3d4418410afd6b8fd3eff0840d84bc34ce65,,08/28/2025 02:30:00 AM,30,NO CONTROLS,NO CONTROLS,RAIN,"DARKNESS, LIGHTED ROAD",PARKED MOTOR VEHICLE,ONE-WAY,,STRAIGHT AND LEVEL,WET,UNKNOWN,ON SCENE,INJURY AND / OR TOW DUE TO CRASH,,,Y,"OVER $1,500",08/28/2025 02:55:00 AM,DRIVING SKILLS/KNOWLEDGE/EXPERIENCE,UNABLE TO DETERMINE,262,N,KOSTNER AVE,1113,,,,,,,3,NO INDICATION OF INJURY,0,0,0,0,0,1,0,2,5,8,41.8852590094,-87.7357705106,POINT (-87.735770510643 41.88525900939)
80d86dff071727edb05121cf9d3ff1ea35107ab5881d81c58070156caa5601c7e5951a815df1389d3526556361ad17dd1329659bf8d2dfb8f548a85765f6de3b,Y,08/28/2025 02:00:00 AM,30,NO CONTROLS,NO CONTROLS,RAIN,DARKNESS,PARKED MOTOR VEHICLE,NOT DIVIDED,,STRAIGHT AND LEVEL,WET,NO DEFECTS,NOT ON SCENE (DESK REPORT),NO INJURY / DRIVE AWAY,,,,"OVER $1,500",08/28/2025 01:50:00 PM,UNABLE TO DETERMINE,NOT APPLICABLE,1102,W,LILL AVE,1932,,,,,,,2,NO INDICATION OF INJURY,0,0,0,0,0,1,0,2,5,8,41.9281654614,-87.6563238325,POINT (-87.656323832522 41.928165461368)
ea051f6dfe54c2e0b4e677d51882e9d5a1d278659fd1ad647e989d36710aa0cab32d986b69d8da1f76cecf9702308fae92c1d115246a72f861650e87e876ad87,,08/28/2025 02:00:00 AM,20,NO CONTROLS,NO CONTROLS,CLEAR,"DARKNESS, LIGHTED ROAD",PARKED MOTOR VEHICLE,ONE-WAY,,STRAIGHT AND LEVEL,DRY,NO DEFECTS,NOT ON SCENE (DESK REPORT),NO INJURY / DRIVE AWAY,,,Y,"OVER $1,500",08/28/2025 06:00:00 AM,UNABLE TO DETERMINE,NOT APPLICABLE,2143,N,LAPORTE AVE,2522,,,,,,,2,NO INDICATION OF INJURY,0,0,0,0,0,1,0,2,5,8,41.9199941923,-87.749734954,POINT (-87.749734953999 41.919994192324)
f214ce06e2fc59d1c70124b8da85e00a4c0d4e42c9cc567e44d3737f1f127ac7b852c8312bad50084dbc75cdfc1bcfde1c430c82e2243664294af4872ad0847f,,08/28/2025 01:25:00 AM,30,TRAFFIC SIGNAL,FUNCTIONING PROPERLY,CLEAR,"DARKNESS, LIGHTED ROAD",REAR END,NOT DIVIDED,,STRAIGHT AND LEVEL,DRY,NO DEFECTS,ON SCENE,INJURY AND / OR TOW DUE TO CRASH,Y,,,"OVER $1,500",08/28/2025 01:30:00 AM,EQUIPMENT - VEHICLE CONDITION,NOT APPLICABLE,7101,S,CICERO AVE,833,,,,,,,2,NONINCAPACITATING INJURY,1,0,0,1,0,1,0,1,5,8,41.764292465,-87.7417526072,POINT (-87.741752607214 41.764292464973)
d312a84b3764231c0cd4efd296a63a3e7313cc06a76e3f28e43d0a94adf9001d93d4bf4335aa6a28af8209b0c35a82680d70bbeb8fb6779bc6d198a2b78de0c6,,08/28/2025 01:23:00 AM,30,TRAFFIC SIGNAL,FUNCTIONING PROPERLY,CLEAR,"DARKNESS, LIGHTED ROAD",TURNING,FOUR WAY,,STRAIGHT AND LEVEL,DRY,UNKNOWN,ON SCENE,INJURY AND / OR TOW DUE TO CRASH,Y,,,"OVER $1,500",08/28/2025 01:30:00 AM,FAILING TO YIELD RIGHT-OF-WAY,FAILING TO YIELD RIGHT-OF-WAY,430,N,LA SALLE DR,1831,,,,,,,2,NO INDICATION OF INJURY,0,0,0,0,0,3,0,1,5,8,41.8900424297,-87.6326946813,POINT (-87.632694681299 41.890042429682)
1ffe4f26fc99b1bc3e986e0255037024e8ffb3dd6b6ac2577f8e6f9dce838d1d0b32c018a8ab382f132dd70cd79a44420189204fb602201f7298f4a773c448ed,,08/28/2025 12:50:00 AM,10,NO CONTROLS,NO CONTROLS,CLEAR,"DARKNESS, LIGHTED ROAD",PARKED MOTOR VEHICLE,PARKING LOT,,STRAIGHT AND LEVEL,DRY,NO DEFECTS,ON SCENE,NO INJURY / DRIVE AWAY,,,,"OVER $1,500",08/28/2025 12:56:00 AM,"OPERATING VEHICLE IN ERRATIC, RECKLESS, CARELESS, NEGLIGENT OR AGGRESSIVE MANNER",IMPROPER LANE USAGE,524,W,OHARE ST,1654,,,,,,,2,NO INDICATION OF INJURY,0,0,0,0,0,2,0,0,5,8,,,
72d20c70a0acdf064f96ff9e0f2e0260cc29525efec71be3549a4fdad57f34636b3e03556847bc0fb56b06fecd5c5a6f42b838a5b706f29d45be813478da65ab,,08/28/2025 12:45:00 AM,20,NO CONTROLS,NO CONTROLS,RAIN,DARKNESS,PARKED MOTOR VEHICLE,NOT DIVIDED,,STRAIGHT AND LEVEL,WET,NO DEFECTS,ON SCENE,NO INJURY / DRIVE AWAY,,,Y,"OVER $1,500",08/28/2025 09:04:00 AM,DISTRACTION - FROM INSIDE VEHICLE,DISTRACTION - FROM INSIDE VEHICLE,6120,S,DORCHESTER AVE,314,,,,,,,2,NO INDICATION OF INJURY,0,0,0,0,0,1,0,0,5,8,41.7835595392,-87.5915606566,POINT (-87.591560656634 41.783559539182)