CRASH_RECORD_ID,CRASH_DATE_EST_I,CRASH_DATE,POSTED_SPEED_LIMIT,TRAFFIC_CONTROL_DEVICE,DEVICE_CONDITION,WEATHER_CONDITION,LIGHTING_CONDITION,FIRST_CRASH_TYPE,TRAFFICWAY_TYPE,LANE_CNT,ALIGNMENT,ROADWAY_SURFACE_COND,ROAD_DEFECT,REPORT_TYPE,CRASH_TYPE,INTERSECTION_RELATED_I,NOT_RIGHT_OF_WAY_I,HIT_AND_RUN_I,DAMAGE,DATE_POLICE_NOTIFIED,PRIM_CONTRIBUTORY_CAUSE,SEC_CONTRIBUTORY_CAUSE,STREET_NO,STREET_DIRECTION,STREET_NAME,BEAT_OF_OCCURRENCE,PHOTOS_TAKEN_I,STATEMENTS_TAKEN_I,DOORING_I,WORK_ZONE_I,WORK_ZONE_TYPE,WORKERS_PRESENT_I,NUM_UNITS,MOST_SEVERE_INJURY,INJURIES_TOTAL,INJURIES_FATAL,INJURIES_INCAPACITATING,INJURIES_NON_INCAPACITATING,INJURIES_REPORTED_NOT_EVIDENT,INJURIES_NO_INDICATION,INJURIES_UNKNOWN,CRASH_HOUR,CRASH_DAY_OF_WEEK,CRASH_MONTH,LATITUDE,LONGITUDE,LOCATION
38c952194544de321ed373b7094ebedf1ecfdbdf28f25e1dee69d1fee69feeded9bcab8b0a0031fa486d45dabf4796623d86c4021d85ab35e3ab3430ebd84658,,08/28/2025 12:43:00 AM,30,NO CONTROLS,NO CONTROLS,CLEAR,"DARKNESS, LIGHTED ROAD",FIXED OBJECT,DIVIDED - W/MEDIAN (NOT RAISED),,STRAIGHT AND LEVEL,DRY,NO DEFECTS,ON SCENE,INJURY AND / OR TOW DUE TO CRASH,,,Y,"$501 - $1,500",08/28/2025 12:43:00 AM,IMPROPER TURNING/NO SIGNAL,NOT APPLICABLE,2445,S,STATE ST,131,,,,,,,1,NO INDICATION OF INJURY,0,0,0,0,0,4,0,0,5,8,41.8479920303,-87.6267947411,POINT (-87.626794741118 41.847992030293)
fb66ac0e89510d84a84f68014e7af71c74eb59ba9b9770359a3230ea61128381f9dc2dc2824ca7481e398cf6a59c56486d2d17e0d05b14ad99f806e61679e5f5,Y,08/28/2025 12:24:00 AM,30,NO CONTROLS,NO CONTROLS,CLEAR,DARKNESS,PARKED MOTOR VEHICLE,NOT DIVIDED,,STRAIGHT AND LEVEL,DRY,NO DEFECTS,ON SCENE,INJURY AND / OR TOW DUE TO CRASH,,,Y,"OVER $1,500",08/28/2025 01:00:00 AM,NOT APPLICABLE,NOT APPLICABLE,6949,S,JEFFERY BLVD,331,,,,,,,3,NO INDICATION OF INJURY,0,0,0,0,0,1,0,0,5,8,41.7683567314,-87.5762126655,POINT (-87.576212665547 41.768356731394)
f1b23b4df7e209fa3ff8a9c10264f0d5ebc74e45f193ea539069e74c3205bd9e1bbde344890416662b8159a03f2435d49263efdb5ad179c8033c35722bc40fbe,Y,08/28/2025 12:01:00 AM,30,TRAFFIC SIGNAL,FUNCTIONING PROPERLY,CLEAR,"DARKNESS, LIGHTED ROAD",REAR END,NOT DIVIDED,,STRAIGHT AND LEVEL,DRY,NO DEFECTS,ON SCENE,INJURY AND / OR TOW DUE TO CRASH,,,Y,"OVER $1,500",08/28/2025 12:08:00 AM,FOLLOWING TOO CLOSELY,UNABLE TO DETERMINE,1612,W,DEVON AVE,2432,,,,,,,2,NONINCAPACITATING INJURY,1,0,0,1,0,1,0,0,5,8,41.9981772286,-87.6711689288,POINT (-87.671168928805 41.998177228582)
885618e8f94848d4bed9d7d07bf82a22f73547ec4ec367155875316b843a3301d2c7ef3261f3ef49f6dcd0d54abc2b13057cd8c2cf212b2f79599e925fb75a7d,,08/28/2025 12:00:00 AM,30,NO CONTROLS,NO CONTROLS,RAIN,DARKNESS,PARKED MOTOR VEHICLE,ONE-WAY,,STRAIGHT AND LEVEL,WET,NO DEFECTS,ON SCENE,NO INJURY / DRIVE AWAY,,,Y,$500 OR LESS,08/28/2025 10:21:00 AM,UNABLE TO DETERMINE,NOT APPLICABLE,3053,W,EASTWOOD AVE,1713,,,,,,,2,NO INDICATION OF INJURY,0,0,0,0,0,1,0,0,5,8,41.9654976935,-87.7055885257,POINT (-87.705588525695 41.965497693465)
e75c11cbb8a08faa44e6c6618a81123c2f9cfc001b421307e3f3b87352b0b8e55430f51c92b30862d9d840ed5dd054fcdb7d04f1c0573160b63f7b05eb150b5f,,08/27/2025 11:58:00 PM,30,NO CONTROLS,NO CONTROLS,CLEAR,"DARKNESS, LIGHTED ROAD",PARKED MOTOR VEHICLE,ONE-WAY,,STRAIGHT AND LEVEL,DRY,NO DEFECTS,NOT ON SCENE (DESK REPORT),NO INJURY / DRIVE AWAY,,,Y,"OVER $1,500",08/27/2025 11:58:00 PM,"OPERATING VEHICLE IN ERRATIC, RECKLESS, CARELESS, NEGLIGENT OR AGGRESSIVE MANNER",NOT APPLICABLE,6252,S,KNOX AVE,813,,,,,,,2,NO INDICATION OF INJURY,0,0,0,0,0,1,0,23,4,8,41.7787292179,-87.7387823334,POINT (-87.738782333372 41.778729217881)
292efaa1e4d5095147b028240ad5ecd7766fb51c48131e5a62d26bf186e61ac46b28c21a8ebd3e819cb5ece59a60fdff0fec5067852d213527d6cdaace3528a6,,08/27/2025 11:33:00 PM,30,TRAFFIC SIGNAL,FUNCTIONING PROPERLY,CLEAR,"DARKNESS, LIGHTED ROAD",ANGLE,T-INTERSECTION,,STRAIGHT AND LEVEL,DRY,NO DEFECTS,NOT ON SCENE (DESK REPORT),NO INJURY / DRIVE AWAY,Y,,,"OVER $1,500",08/28/2025 12:28:00 AM,FAILING TO REDUCE SPEED TO AVOID CRASH,NOT APPLICABLE,300,S,DEARBORN ST,113,,,,,,,2,NO INDICATION OF INJURY,0,0,0,0,0,2,0,23,4,8,41.8781011186,-87.6294438855,POINT (-87.629443885475 41.878101118568)
4bb67b8483150e782804d5460598da5ab4f47bd66944d37a62884813f356df1d4243ab7c8627973e644a1529b1ea72d90fa437d7bc77e97fbf9d94004168b305,,08/27/2025 11:30:00 PM,35,TRAFFIC SIGNAL,FUNCTIONING PROPERLY,CLEAR,"DARKNESS, LIGHTED ROAD",TURNING,FOUR WAY,,STRAIGHT AND LEVEL,DRY,NO DEFECTS,ON SCENE,INJURY AND / OR TOW DUE TO CRASH,,,Y,"OVER $1,500",08/27/2025 11:38:00 PM,IMPROPER LANE USAGE,IMPROPER TURNING/NO SIGNAL,5200,N,ASHLAND AVE,2012,,,,,,,2,NO INDICATION OF INJURY,0,0,0,0,0,2,0,23,4,8,41.9762164372,-87.6697616021,POINT (-87.669761602136 41.976216437221)
f87cd28a4094560794529d1b9a24e3d119a175f758d17bf88aa12d12fb1a6ecb42449182ddb975477db85e9543cf5ae54eb0d55ec5c51aff2805f5329b7c576e,,08/27/2025 11:16:00 PM,30,NO CONTROLS,NO CONTROLS,CLEAR,"DARKNESS, LIGHTED ROAD",PARKED MOTOR VEHICLE,NOT DIVIDED,,STRAIGHT AND LEVEL,DRY,NO DEFECTS,ON SCENE,INJURY AND / OR TOW DUE TO CRASH,,,Y,"OVER $1,500",08/27/2025 11:37:00 PM,IMPROPER LANE USAGE,FAILING TO REDUCE SPEED TO AVOID CRASH,2812,S,CANAL ST,914,,,,,,,3,NO INDICATION OF INJURY,0,0,0,0,0,1,0,23,4,8,41.8431593406,-87.6384246472,POINT (-87.638424647225 41.843159340621)
a6c20373adcb84932733709af791475bd4365dac35450ba3ea3ff697e805eb9456b0b1503c8965ee85d9a0683e07c3fab430661efb270e36ccbf27de63a41e5f,,08/27/2025 11:00:00 PM,30,TRAFFIC SIGNAL,FUNCTIONING PROPERLY,CLEAR,"DARKNESS, LIGHTED ROAD",ANGLE,NOT DIVIDED,,STRAIGHT AND LEVEL,DRY,NO DEFECTS,NOT ON SCENE (DESK REPORT),NO INJURY / DRIVE AWAY,,,,"OVER $1,500",08/27/2025 11:59:00 PM,IMPROPER OVERTAKING/PASSING,IMPROPER OVERTAKING/PASSING,111,W,ADAMS ST,122,,,,,,,2,NO INDICATION OF INJURY,0,0,0,0,0,2,0,23,4,8,41.8793012847,-87.6311677928,POINT (-87.631167792781 41.879301284703)
ba16d7073e2722e077797fc2fe456f972d5775aecfa21ca07dce614e0fb1bc9c72ce9c4401a0d72ccb47661556bf21448877e68097fa6d1ac7707b43906abd09,,08/27/2025 11:00:00 PM,30,STOP SIGN/FLASHER,FUNCTIONING PROPERLY,CLEAR,"DARKNESS, LIGHTED ROAD",TURNING,NOT DIVIDED,,STRAIGHT AND LEVEL,DRY,UNKNOWN,ON SCENE,NO INJURY / DRIVE AWAY,,,,"OVER $1,500",08/27/2025 11:18:00 PM,DISREGARDING STOP SIGN,NOT APPLICABLE,4350,W,ADDISON ST,1731,,,,,,,2,NO INDICATION OF INJURY,0,0,0,0,0,3,0,23,4,8,41.9463586107,-87.7371474981,POINT (-87.737147498136 41.946358610651)
e85abfd550b93d681815ad8aff7b6e41fac3c651179f252dcac8ab19748f6a498a0cf48d424102d72a951985cfb06bfb585a89b5c163e8c259619a7bbb9cadbe,,08/27/2025 11:00:00 PM,30,STOP SIGN/FLASHER,FUNCTIONING PROPERLY,CLEAR,"DARKNESS, LIGHTED ROAD",PARKED MOTOR VEHICLE,NOT DIVIDED,,STRAIGHT AND LEVEL,DRY,NO DEFECTS,ON SCENE,NO INJURY / DRIVE AWAY,,,Y,"OVER $1,500",08/27/2025 11:42:00 PM,UNABLE TO DETERMINE,NOT APPLICABLE,4899,S,DREXEL BLVD,222,Y,,,,,,2,NO INDICATION OF INJURY,0,0,0,0,0,1,0,23,4,8,41.8060165266,-87.6036753324,POINT (-87.603675332355 41.806016526619)
3a5b65d0a6e708c63c61ee6c0431f4dbcaad8c574c21377757b6ac18758279522c57270faf6243492991dda8d84b1d700488846f7407ec839d8eb17482687327,,08/27/2025 10:05:00 PM,30,TRAFFIC SIGNAL,FUNCTIONING PROPERLY,CLEAR,"DARKNESS, LIGHTED ROAD",SIDESWIPE SAME DIRECTION,ONE-WAY,,STRAIGHT AND LEVEL,DRY,NO DEFECTS,ON SCENE,NO INJURY / DRIVE AWAY,,,,"$501 - $1,500",08/27/2025 11:00:00 PM,UNABLE TO DETERMINE,UNABLE TO DETERMINE,2000,W,VAN BUREN ST,1225,,,,,,,2,NO INDICATION OF INJURY,0,0,0,0,0,2,0,22,4,8,41.8763172202,-87.6766441938,POINT (-87.676644193783 41.876317220175)
735794b970fdea43b90b60a4d889825228767fceb66b4fd41e6d020fc7e866e5073b9ff40a95f5ed61a5f35e6735c14331895d63960553724f274487e80bcc61,Y,08/27/2025 10:01:00 PM,30,OTHER,OTHER,OTHER,UNKNOWN,PARKED MOTOR VEHICLE,PARKING LOT,,STRAIGHT AND LEVEL,OTHER,OTHER,NOT ON SCENE (DESK REPORT),NO INJURY / DRIVE AWAY,,,,"$501 - $1,500",08/27/2025 10:40:00 PM,UNABLE TO DETERMINE,UNABLE TO DETERMINE,3100,S,LAKE SHORE DR SB,211,,,,,,,2,NO INDICATION OF INJURY,0,0,0,0,0,2,0,22,4,8,41.8383932992,-87.6087495204,POINT (-87.608749520406 41.838393299151)
f21f09a3d45bde24ddbf603174555f527942507394cc4be8801907637934e7fbe5e2b77cda057e94648db4f727986464e4a8194862bd3d1be4f0716f0ce1cc74,Y,08/27/2025 10:00:00 PM,25,NO CONTROLS,NO CONTROLS,CLEAR,"DARKNESS, LIGHTED ROAD",REAR END,DIVIDED - W/MEDIAN BARRIER,,STRAIGHT AND LEVEL,UNKNOWN,UNKNOWN,ON SCENE,INJURY AND / OR TOW DUE TO CRASH,,,Y,"OVER $1,500",08/28/2025 11:06:00 AM,UNABLE TO DETERMINE,UNABLE TO DETERMINE,4900,S,CALIFORNIA AVE,923,,,,,,,2,NO INDICATION OF INJURY,0,0,0,0,0,2,0,22,4,8,41.8044474258,-87.6942428241,POINT (-87.69424282408 41.804447425764)
a399ace68f131fbbb92a1d2c43ff5ede54ce16a6d8cd83e1e7a85b024f485256280f80b66e0b8880ab5e85db3e899d57299d92885f5043d662383ed9ecf558a8,,08/27/2025 09:45:00 PM,30,TRAFFIC SIGNAL,NO CONTROLS,CLEAR,"DARKNESS, LIGHTED ROAD",SIDESWIPE SAME DIRECTION,ONE-WAY,,STRAIGHT AND LEVEL,DRY,NO DEFECTS,NOT ON SCENE (DESK REPORT),NO INJURY / DRIVE AWAY,,,,"OVER $1,500",08/27/2025 10:17:00 PM,FOLLOWING TOO CLOSELY,FOLLOWING TOO CLOSELY,200,N,CLARK ST,122,,,,,,,2,NO INDICATION OF INJURY,0,0,0,0,0,2,0,21,4,8,41.8860136402,-87.6311301818,POINT (-87.631130181818 41.886013640229)
0d0001ca1ab856c7770bd2a812faed9fdd33dd12f6e51f4d358fa16cd0bd49dc38a01db9cf08445dc58d2d6bfdc567d471b693239a5ee8ab90d80aa2c6883073,,08/27/2025 09:40:00 PM,30,NO CONTROLS,UNKNOWN,CLEAR,"DARKNESS, LIGHTED ROAD",TURNING,NOT DIVIDED,,STRAIGHT AND LEVEL,DRY,WORN SURFACE,ON SCENE,INJURY AND / OR TOW DUE TO CRASH,,,,"OVER $1,500",08/27/2025 10:47:00 PM,IMPROPER TURNING/NO SIGNAL,NOT APPLICABLE,3909,S,ARCHER AVE,921,,Y,,,,,2,NONINCAPACITATING INJURY,1,0,0,1,0,1,0,21,4,8,41.8225725808,-87.690181613,POINT (-87.690181613035 41.822572580847)
4d564567c27e2dae5154d5a180a4d85c906048ba87a89e5dbf094fe0919dcc46291cd6b1cd375fec64c279c43b74a567504d63dea10da2e3e7a3063f0e45891b,,08/27/2025 09:30:00 PM,30,UNKNOWN,UNKNOWN,UNKNOWN,UNKNOWN,PARKED MOTOR VEHICLE,ONE-WAY,,STRAIGHT AND LEVEL,UNKNOWN,UNKNOWN,NOT ON SCENE (DESK REPORT),INJURY AND / OR TOW DUE TO CRASH,,,Y,"OVER $1,500",08/28/2025 11:00:00 AM,UNABLE TO DETERMINE,UNABLE TO DETERMINE,8359,S,BENNETT AVE,412,,,,,,,2,NO INDICATION OF INJURY,0,0,0,0,0,1,0,21,4,8,41.7425597128,-87.5780962423,POINT (-87.578096242285 41.742559712807)
117891103ad1dce9fd3eaedf8d198d549d77e0ba1e702172ca8949107bc7b910bd26a4bdf78b4e96a8c37c56be92c7f8aef2494b675fd78ecb346823e91262e8,,08/27/2025 09:28:00 PM,30,TRAFFIC SIGNAL,FUNCTIONING PROPERLY,CLEAR,"DARKNESS, LIGHTED ROAD",TURNING,FOUR WAY,,STRAIGHT AND LEVEL,DRY,NO DEFECTS,ON SCENE,NO INJURY / DRIVE AWAY,Y,,,"OVER $1,500",08/27/2025 10:12:00 PM,FOLLOWING TOO CLOSELY,IMPROPER TURNING/NO SIGNAL,4000,N,SHERIDAN RD,1915,,,,,,,2,NO INDICATION OF INJURY,0,0,0,0,0,3,0,21,4,8,41.9545326889,-87.6546930249,POINT (-87.65469302487 41.954532688932)
59b4db26470f9b8376d61571dd05504f80428f6683cc3464dc484a60c1172141866ead4d0d169b85a52252904856ce5c8afb8fb6662329c0b75576309a415aa2,,08/27/2025 09:23:00 PM,30,TRAFFIC SIGNAL,FUNCTIONING PROPERLY,CLEAR,"DARKNESS, LIGHTED ROAD",TURNING,DIVIDED - W/MEDIAN (NOT RAISED),,STRAIGHT AND LEVEL,DRY,NO DEFECTS,ON SCENE,INJURY AND / OR TOW DUE TO CRASH,Y,,,"OVER $1,500",08/27/2025 09:23:00 PM,FAILING TO YIELD RIGHT-OF-WAY,FAILING TO YIELD RIGHT-OF-WAY,10700,S,HALSTED ST,2233,,,,,,,2,NONINCAPACITATING INJURY,2,0,0,1,1,1,0,21,4,8,41.6995474147,-87.6427519151,POINT (-87.64275191512 41.699547414667)
5e16420367ac7dbeb0ed07c95e2fb1bdc0d84058cf94d8ad4e5dbdc7d6573d902c4aaf1a3332d79e4b89086be5fcbbc8e9c2d50e1ffc628de69796853c36f5cc,,08/27/2025 09:20:00 PM,30,NO CONTROLS,NO CONTROLS,CLEAR,"DARKNESS, LIGHTED ROAD",TURNING,NOT DIVIDED,,STRAIGHT AND LEVEL,DRY,NO DEFECTS,NOT ON SCENE (DESK REPORT),NO INJURY / DRIVE AWAY,,,Y,"OVER $1,500",08/27/2025 09:50:00 PM,UNABLE TO DETERMINE,UNABLE TO DETERMINE,11158,S,EWING AVE,433,,,,,,,2,NO INDICATION OF INJURY,0,0,0,0,0,2,0,21,4,8,41.6919339124,-87.5354273423,POINT (-87.535427342317 41.6919339124)
2942ed063f3d30c397e7b2eb78ced745b68e7a4791f53ccbcf12ee480647bb4529bb54887e35583348d6a010e216b7d9014646e082c9d5f3f0dbb484d8f31255,,08/27/2025 09:15:00 PM,30,UNKNOWN,UNKNOWN,CLEAR,DARKNESS,HEAD ON,ONE-WAY,,STRAIGHT AND LEVEL,DRY,UNKNOWN,NOT ON SCENE (DESK REPORT),NO INJURY / DRIVE AWAY,,,Y,$500 OR LESS,08/27/2025 09:23:00 PM,DRIVING ON WRONG SIDE/WRONG WAY,DRIVING ON WRONG SIDE/WRONG WAY,1400,N,WASHTENAW AVE,1423,,,,,,,2,NO INDICATION OF INJURY,0,0,0,0,0,3,0,21,4,8,41.906695534,-87.6946250642,POINT (-87.694625064237 41.906695533966)
2e97c346f8e53e6016b7a1cbbe9d588e8ebed7b407a0f11a8feb59245391748e05026d16ec41b570ac2dee059bf81eb3ab44891e93659a319662d412dff64551,,08/27/2025 09:14:00 PM,30,UNKNOWN,UNKNOWN,CLEAR,"DARKNESS, LIGHTED ROAD",REAR END,ONE-WAY,,STRAIGHT AND LEVEL,DRY,UNKNOWN,,INJURY AND / OR TOW DUE TO CRASH,,,Y,"OVER $1,500",08/27/2025 09:41:00 PM,NOT APPLICABLE,NOT APPLICABLE,6827,S,LANGLEY AVE,321,,,,,,,2,NONINCAPACITATING INJURY,2,0,0,2,0,2,0,21,4,8,41.7704578935,-87.6080094125,POINT (-87.608009412474 41.770457893528)
674560ddd81408075fdbef88e02a002ff5b3b1d40773e14e3813845960c71c705819019871188d5a861bb14d27e57d9b2f008be86369b50484df24773ee5a775,,08/27/2025 09:05:00 PM,30,NO CONTROLS,NO CONTROLS,CLEAR,"DARKNESS, LIGHTED ROAD",SIDESWIPE SAME DIRECTION,NOT DIVIDED,,STRAIGHT AND LEVEL,DRY,NO DEFECTS,NOT ON SCENE (DESK REPORT),NO INJURY / DRIVE AWAY,,,,"OVER $1,500",08/27/2025 10:20:00 PM,NOT APPLICABLE,NOT APPLICABLE,5353,W,DEVON AVE,1621,,,,,,,2,NO INDICATION OF INJURY,0,0,0,0,0,2,0,21,4,8,41.9972214502,-87.7629024698,POINT (-87.7629024698 41.997221450243)
bf85b0be4698e801e5c077164c3520fa477eff6dc733064e93185f3d3fda39355f3f32bbb3a7d481557cb9fd5e40353197c593cc9bd76074836ca717e7779739,,08/27/2025 09:05:00 PM,30,NO CONTROLS,UNKNOWN,CLEAR,"DARKNESS, LIGHTED ROAD",PARKED MOTOR VEHICLE,NOT DIVIDED,,STRAIGHT AND LEVEL,DRY,UNKNOWN,NOT ON SCENE (DESK REPORT),NO INJURY / DRIVE AWAY,,,,"OVER $1,500",08/27/2025 11:00:00 PM,DRIVING SKILLS/KNOWLEDGE/EXPERIENCE,NOT APPLICABLE,7232,W,BELMONT AVE,1631,,,,,,,2,NO INDICATION OF INJURY,0,0,0,0,0,1,0,21,4,8,41.9380986048,-87.8080230944,POINT (-87.808023094393 41.938098604807)
f4a4a8173100599bbbbea905c8881438bf4bf3fae22a4fbd6f96aea1da0678f17457f9ae7f278caee03eda864eb0b5ddfc7886c3e8d2fab05e8700936b4635f0,,08/27/2025 09:02:00 PM,35,NO CONTROLS,NO CONTROLS,UNKNOWN,"DARKNESS, LIGHTED ROAD",REAR END,NOT DIVIDED,,STRAIGHT AND LEVEL,DRY,UNKNOWN,ON SCENE,INJURY AND / OR TOW DUE TO CRASH,,,,"OVER $1,500",08/27/2025 09:10:00 PM,UNABLE TO DETERMINE,UNABLE TO DETERMINE,337,N,CENTRAL AVE,1523,,,,,,,2,"REPORTED, NOT EVIDENT",1,0,0,0,1,1,0,21,4,8,41.8868539005,-87.7649507506,POINT (-87.764950750638 41.886853900462)
19f5df4b133b7018d3c9edd1ff7263f6b6674b09d9db2d241a86eae1b00ee9bf69d63ac4b50b0470867ab61faf3976617ee0f291b95f3991278eaba311aad028,,08/27/2025 09:00:00 PM,30,STOP SIGN/FLASHER,FUNCTIONING PROPERLY,CLEAR,"DARKNESS, LIGHTED ROAD",ANGLE,NOT DIVIDED,,STRAIGHT AND LEVEL,DRY,NO DEFECTS,NOT ON SCENE (DESK REPORT),INJURY AND / OR TOW DUE TO CRASH,Y,,,"OVER $1,500",08/27/2025 10:00:00 PM,UNABLE TO DETERMINE,NOT APPLICABLE,1300,W,107TH ST,2232,,,,,,,2,"REPORTED, NOT EVIDENT",3,0,0,0,3,0,0,21,4,8,41.6996133872,-87.654774037,POINT (-87.654774037037 41.699613387209)
b49ec9882a867ad5bfd448854f2d7b30e37556ce7e18794c12b2a91c5e2484d1e8a7416121664a63eeff1017055e68cd3131fc462396c7c4d42fc611075f3bd7,,08/27/2025 09:00:00 PM,30,NO CONTROLS,NO CONTROLS,CLEAR,UNKNOWN,PARKED MOTOR VEHICLE,ONE-WAY,,STRAIGHT AND LEVEL,UNKNOWN,UNKNOWN,NOT ON SCENE (DESK REPORT),NO INJURY / DRIVE AWAY,,,Y,"OVER $1,500",08/28/2025 08:40:00 PM,NOT APPLICABLE,NOT APPLICABLE,1616,N,DRAKE AVE,1422,,,,,,,2,NO INDICATION OF INJURY,0,0,0,0,0,1,0,21,4,8,41.9105537559,-87.7150938366,POINT (-87.715093836566 41.910553755902)
f30d8f17056c5a581c56464eb6682c6f68bf350af3271fcfbd4a53529325a9be2c17a9a5718d77a3b31cdc1f01e8acbc6b2f07046f67054b88834ebc809be113,,08/27/2025 09:00:00 PM,30,UNKNOWN,UNKNOWN,UNKNOWN,UNKNOWN,ANGLE,T-INTERSECTION,,STRAIGHT AND LEVEL,UNKNOWN,UNKNOWN,NOT ON SCENE (DESK REPORT),NO INJURY / DRIVE AWAY,,,,"OVER $1,500",08/29/2025 11:30:00 AM,UNABLE TO DETERMINE,UNABLE TO DETERMINE,4758,S,PRAIRIE AVE,224,,,,,,,2,NO INDICATION OF INJURY,0,0,0,0,0,3,0,21,4,8,41.8076048938,-87.6196910887,POINT (-87.619691088656 41.807604893753)
ab09922c683075bc4543ef361f195fae764d95cba7a0b857db3677c9a682eb77199ef50d5fbe1f2f2cfe0d3befb3e7a4d850d2094c89f48356cebc4fff92ce04,,08/27/2025 08:50:00 PM,30,TRAFFIC SIGNAL,FUNCTIONING PROPERLY,CLEAR,DARKNESS,REAR END,NOT DIVIDED,,STRAIGHT AND LEVEL,DRY,NO DEFECTS,ON SCENE,INJURY AND / OR TOW DUE TO CRASH,,,,$500 OR LESS,08/27/2025 09:11:00 PM,UNABLE TO DETERMINE,UNABLE TO DETERMINE,2545,N,SHEFFIELD AVE,1932,,,,,,,2,"REPORTED, NOT EVIDENT",1,0,0,0,1,1,0,20,4,8,41.9286685286,-87.6535752752,POINT (-87.653575275169 41.928668528568)
9bfd8e888b6e2ca9f88f4f8ce82efadb5fc35a996025211ad0e0dc9110dc82254d4b8c1acf4454123b882e0e600da177da19d80cc6aeb4ca8bc2dc7f8b11f7ad,,08/27/2025 08:43:00 PM,30,TRAFFIC SIGNAL,FUNCTIONING PROPERLY,CLEAR,"DARKNESS, LIGHTED ROAD",ANGLE,FOUR WAY,,STRAIGHT AND LEVEL,DRY,UNKNOWN,,NO INJURY / DRIVE AWAY,Y,,,"OVER $1,500",08/27/2025 10:00:00 PM,DRIVING SKILLS/KNOWLEDGE/EXPERIENCE,NOT APPLICABLE,6758,W,DIVERSEY AVE,2511,,,,,,,2,NO INDICATION OF INJURY,0,0,0,0,0,2,0,20,4,8,41.9309945479,-87.7954065086,POINT (-87.795406508554 41.930994547901)
f08ffdbcfe76697eda119afd4bc213d0b083b6354855ba1ec3cf8a23d94476811d832a0b49f9bc700a3e68c88c8339904035ddfca0c811b739887f9584ad7d8c,,08/27/2025 08:40:00 PM,30,NO CONTROLS,NO CONTROLS,CLEAR,"DARKNESS, LIGHTED ROAD",PARKED MOTOR VEHICLE,DIVIDED - W/MEDIAN (NOT RAISED),,STRAIGHT AND LEVEL,DRY,NO DEFECTS,NOT ON SCENE (DESK REPORT),NO INJURY / DRIVE AWAY,,,Y,"$501 - $1,500",08/27/2025 10:00:00 PM,UNABLE TO DETERMINE,UNABLE TO DETERMINE,5649,S,LOOMIS BLVD,713,,,,,,,2,NO INDICATION OF INJURY,0,0,0,0,0,1,0,20,4,8,41.7908318335,-87.6595010147,POINT (-87.659501014749 41.790831833508)
d264f1594fe1551b9d674c98971acb507bc1096f91fb3a2c95dfd11e43016a67a4d03585632dcb530061a9f0b576c50f608a5ec8a7589e0a50295b3940111c44,,08/27/2025 08:34:00 PM,30,STOP SIGN/FLASHER,NO CONTROLS,CLEAR,"DARKNESS, LIGHTED ROAD",REAR TO SIDE,FOUR WAY,,STRAIGHT AND LEVEL,DRY,NO DEFECTS,ON SCENE,INJURY AND / OR TOW DUE TO CRASH,Y,,,"OVER $1,500",08/27/2025 08:40:00 PM,DISREGARDING STOP SIGN,UNABLE TO DETERMINE,327,N,DAMEN AVE,1223,,,,,,,2,NONINCAPACITATING INJURY,2,0,0,2,0,2,0,20,4,8,41.887632727,-87.6766689844,POINT (-87.676668984351 41.887632727018)
0352d93c801a48053c0780bc6e38767eb72b21545414dccf020b9f8fdd93f4056ac8177242755357c64a3a975ead26ab93142193cfa5c27cef3865ca6ce772af,,08/27/2025 08:30:00 PM,30,NO CONTROLS,NO CONTROLS,CLEAR,"DARKNESS, LIGHTED ROAD",PARKED MOTOR VEHICLE,NOT DIVIDED,,STRAIGHT AND LEVEL,DRY,NO DEFECTS,ON SCENE,NO INJURY / DRIVE AWAY,,,,"OVER $1,500",08/27/2025 08:35:00 PM,"VISION OBSCURED (SIGNS, TREE LIMBS, BUILDINGS, ETC.)",NOT APPLICABLE,5950,N,AVONDALE AVE,1612,,Y,,,,,2,NO INDICATION OF INJURY,0,0,0,0,0,1,0,20,4,8,41.9897972578,-87.7964568038,POINT (-87.79645680383 41.989797257765)
de3c5abf7b58066b11d840cd2bf41f2f2e7a1fcd1746abc6cb06a934bb6362ef8b425cbbecb29abb9108d7797b05565e85e714753bb1db62ec862e590812a181,,08/27/2025 08:30:00 PM,35,NO CONTROLS,NO CONTROLS,CLEAR,"DARKNESS, LIGHTED ROAD",PARKED MOTOR VEHICLE,NOT DIVIDED,,STRAIGHT AND LEVEL,DRY,NO DEFECTS,NOT ON SCENE (DESK REPORT),NO INJURY / DRIVE AWAY,,,Y,"OVER $1,500",08/28/2025 11:50:00 AM,NOT APPLICABLE,NOT APPLICABLE,3540,W,111TH ST,2211,,,,,,,2,NO INDICATION OF INJURY,0,0,0,0,0,1,0,20,4,8,41.6915366063,-87.7097667288,POINT (-87.709766728751 41.691536606292)