CRASH_RECORD_ID,CRASH_DATE_EST_I,CRASH_DATE,POSTED_SPEED_LIMIT,TRAFFIC_CONTROL_DEVICE,DEVICE_CONDITION,WEATHER_CONDITION,LIGHTING_CONDITION,FIRST_CRASH_TYPE,TRAFFICWAY_TYPE,LANE_CNT,ALIGNMENT,ROADWAY_SURFACE_COND,ROAD_DEFECT,REPORT_TYPE,CRASH_TYPE,INTERSECTION_RELATED_I,NOT_RIGHT_OF_WAY_I,HIT_AND_RUN_I,DAMAGE,DATE_POLICE_NOTIFIED,PRIM_CONTRIBUTORY_CAUSE,SEC_CONTRIBUTORY_CAUSE,STREET_NO,STREET_DIRECTION,STREET_NAME,BEAT_OF_OCCURRENCE,PHOTOS_TAKEN_I,STATEMENTS_TAKEN_I,DOORING_I,WORK_ZONE_I,WORK_ZONE_TYPE,WORKERS_PRESENT_I,NUM_UNITS,MOST_SEVERE_INJURY,INJURIES_TOTAL,INJURIES_FATAL,INJURIES_INCAPACITATING,INJURIES_NON_INCAPACITATING,INJURIES_REPORTED_NOT_EVIDENT,INJURIES_NO_INDICATION,INJURIES_UNKNOWN,CRASH_HOUR,CRASH_DAY_OF_WEEK,CRASH_MONTH,LATITUDE,LONGITUDE,LOCATION
e8d73f64e551e54f862d5eee70b6b4504cb137ebc3d2487085f4ca825535b802902985a014ad96c44e017e9726f1e4c4c9af02a472d9713f788c459b162bcd39,N,08/27/2025 08:30:00 PM,20,TRAFFIC SIGNAL,FUNCTIONING PROPERLY,CLEAR,"DARKNESS, LIGHTED ROAD",REAR END,ONE-WAY,,STRAIGHT AND LEVEL,DRY,NO DEFECTS,NOT ON SCENE (DESK REPORT),NO INJURY / DRIVE AWAY,,,,"OVER $1,500",08/29/2025 09:52:00 AM,UNABLE TO DETERMINE,UNABLE TO DETERMINE,1401,W,JACKSON BLVD,1231,,,,,,,2,NO INDICATION OF INJURY,0,0,0,0,0,2,0,20,4,8,41.8775972483,-87.6620034099,POINT (-87.662003409855 41.877597248258)
ed805b84a2ca5fafecb43acdb0ffd04b5f5726389878ac0cf0c97aa10142967537a0be01287382362af7e44d0a8b5d6f90f8aaa9d9727e8f581bcd2eb972720e,Y,08/27/2025 08:20:00 PM,10,NO CONTROLS,NO CONTROLS,CLEAR,"DARKNESS, LIGHTED ROAD",PEDESTRIAN,PARKING LOT,,STRAIGHT AND LEVEL,DRY,NO DEFECTS,ON SCENE,INJURY AND / OR TOW DUE TO CRASH,,Y,Y,$500 OR LESS,08/27/2025 08:31:00 PM,FAILING TO REDUCE SPEED TO AVOID CRASH,UNABLE TO DETERMINE,659,W,31ST ST,915,,,,,,,2,NONINCAPACITATING INJURY,1,0,0,1,0,1,0,20,4,8,41.8379674215,-87.6437854128,POINT (-87.643785412838 41.837967421525)
1ad118d1a6f575df6bb4b2b7ea849f5045fb268d7ea2c4c40c642e093dcbdc255d5a0c9313b85185b5ce7afc155e79db7094f3c15f8e8887006dfc741a69a245,,08/27/2025 08:00:00 PM,30,TRAFFIC SIGNAL,FUNCTIONING PROPERLY,CLEAR,"DARKNESS, LIGHTED ROAD",PEDESTRIAN,FOUR WAY,,STRAIGHT AND LEVEL,DRY,UNKNOWN,ON SCENE,INJURY AND / OR TOW DUE TO CRASH,Y,,Y,"OVER $1,500",08/27/2025 08:01:00 PM,UNABLE TO DETERMINE,UNABLE TO DETERMINE,3898,S,DR MARTIN LUTHER KING JR DR,212,,,,,,,2,NONINCAPACITATING INJURY,1,0,0,1,0,1,0,20,4,8,41.8239227121,-87.6171458852,POINT (-87.617145885166 41.823922712124)
3e57e4692c27cd8a5d2ec8e5bbcd5f3b218bdf2062cc41092e9292ee360f6c121517741970a32ebe213940580ce5e3070f1bced3c35d9bc22d791b0cd93f2d7d,,08/27/2025 07:50:00 PM,30,NO CONTROLS,NO CONTROLS,CLEAR,DAYLIGHT,PARKED MOTOR VEHICLE,NOT DIVIDED,,STRAIGHT AND LEVEL,DRY,NO DEFECTS,NOT ON SCENE (DESK REPORT),NO INJURY / DRIVE AWAY,,,Y,"$501 - $1,500",08/29/2025 11:00:00 AM,IMPROPER BACKING,IMPROPER BACKING,6429,N,SHERIDAN RD,2432,,,,,,,2,NO INDICATION OF INJURY,0,0,0,0,0,2,0,19,4,8,41.999086629,-87.6605141225,POINT (-87.660514122454 41.999086628963)
48657057df615efae5dee7e2062aae75a3d076a97aa9560f16536514fabe0977f23956e42e0ac281d7ed2b839c3307fdb8c92cc447abb245596ea8cdabd3c234,,08/27/2025 07:50:00 PM,25,TRAFFIC SIGNAL,FUNCTIONING PROPERLY,CLEAR,"DARKNESS, LIGHTED ROAD",TURNING,NOT DIVIDED,,STRAIGHT AND LEVEL,DRY,NO DEFECTS,ON SCENE,INJURY AND / OR TOW DUE TO CRASH,Y,,,"OVER $1,500",08/27/2025 08:03:00 PM,"EVASIVE ACTION DUE TO ANIMAL, OBJECT, NONMOTORIST",NOT APPLICABLE,7059,S,ASHLAND AVE,734,,,,,,,3,NO INDICATION OF INJURY,0,0,0,0,0,3,0,19,4,8,41.7650042594,-87.6636541132,POINT (-87.663654113217 41.765004259432)
ea4fc522c22354a731ab89e2d589053262550d67ba3c3926e7bf0e37d6951d2e4860e9eb9b8e75103fd5d85815dfc5f4df8ec2e91c5e985b8189bfd560fcca65,,08/27/2025 07:45:00 PM,30,UNKNOWN,NO CONTROLS,CLEAR,"DARKNESS, LIGHTED ROAD",SIDESWIPE SAME DIRECTION,DIVIDED - W/MEDIAN (NOT RAISED),,STRAIGHT AND LEVEL,DRY,UNKNOWN,ON SCENE,INJURY AND / OR TOW DUE TO CRASH,,,,"OVER $1,500",08/27/2025 07:45:00 PM,FAILING TO REDUCE SPEED TO AVOID CRASH,UNABLE TO DETERMINE,3820,W,MADISON ST,1122,,,,,,,3,"REPORTED, NOT EVIDENT",4,0,0,0,4,3,0,19,4,8,41.8808870292,-87.7216061953,POINT (-87.721606195267 41.880887029248)
559d1b5dddcc169fc7a40dd91a0fb7a986409096b4f0bf17fbc1e77f6f4fc872fe5321cecfd39795dcdd4dd0563cb712e1f887c61815153d8b31ac01bb3cfac6,,08/27/2025 07:30:00 PM,35,NO CONTROLS,NO CONTROLS,CLEAR,DUSK,SIDESWIPE SAME DIRECTION,NOT DIVIDED,,STRAIGHT AND LEVEL,DRY,UNKNOWN,NOT ON SCENE (DESK REPORT),NO INJURY / DRIVE AWAY,,,Y,"OVER $1,500",08/27/2025 07:53:00 PM,UNABLE TO DETERMINE,NOT APPLICABLE,7559,S,HALSTED ST,621,,,,,,,2,NO INDICATION OF INJURY,0,0,0,0,0,2,0,19,4,8,41.7561728903,-87.6440389533,POINT (-87.644038953283 41.756172890324)
767d4591ba66c92216a2cc66d2ad7cff7550c16693f45e03fb28a5f5552cb0f0234d30551144d3362d44fb24809aeb04939e5a7839566c81bd17f5ec477a8034,,08/27/2025 07:21:00 PM,30,NO CONTROLS,NO CONTROLS,CLEAR,DUSK,PEDESTRIAN,NOT DIVIDED,,STRAIGHT AND LEVEL,DRY,NO DEFECTS,ON SCENE,INJURY AND / OR TOW DUE TO CRASH,,,,"OVER $1,500",08/27/2025 07:21:00 PM,DRIVING SKILLS/KNOWLEDGE/EXPERIENCE,NOT APPLICABLE,6345,N,GREENVIEW AVE,2433,,,,,,,2,INCAPACITATING INJURY,1,0,1,0,0,1,0,19,4,8,41.9977614063,-87.6676791474,POINT (-87.667679147449 41.997761406275)
43ab86ca25dfe8572993f32b15d5919587c6427ca5858b7e459a6b0ec3935f7b713e57d8dd24d380aeb41bf3ff0d5344ff6cd145c8f02119ddfabec123ff434f,,08/27/2025 07:18:00 PM,30,TRAFFIC SIGNAL,FUNCTIONING PROPERLY,CLEAR,DAYLIGHT,REAR END,DIVIDED - W/MEDIAN (NOT RAISED),,STRAIGHT AND LEVEL,DRY,NO DEFECTS,ON SCENE,NO INJURY / DRIVE AWAY,,,,"OVER $1,500",08/27/2025 07:18:00 PM,FOLLOWING TOO CLOSELY,FOLLOWING TOO CLOSELY,3200,N,PULASKI RD,1731,,,,,,,2,NO INDICATION OF INJURY,0,0,0,0,0,3,0,19,4,8,41.9391381535,-87.7273337101,POINT (-87.727333710143 41.9391381535)
7e8958456203e39911fadf25d30f26f88e4d899582fbc35cd5fbe256374be218be3bf67462547d56c5c937e01acc889dee2f6d02402b70dc0fc56142cbf1f1d5,,08/27/2025 07:18:00 PM,30,TRAFFIC SIGNAL,FUNCTIONING PROPERLY,CLEAR,DUSK,FIXED OBJECT,NOT DIVIDED,,STRAIGHT AND LEVEL,DRY,NO DEFECTS,ON SCENE,INJURY AND / OR TOW DUE TO CRASH,,Y,,"OVER $1,500",08/27/2025 07:20:00 PM,PHYSICAL CONDITION OF DRIVER,NOT APPLICABLE,1300,W,NORTH AVE,1433,,,,,,,1,NONINCAPACITATING INJURY,1,0,0,1,0,0,0,19,4,8,41.910850362,-87.6604450404,POINT (-87.66044504039 41.910850361976)
30f6d613bc9006bb51b01678eab15edb21e7bcc6242ab9e00452d6006847143539e1958d9b60b0fa2d6f8ec4a73c757392af08642709b91d843bdf76402654fd,,08/27/2025 07:01:00 PM,20,NO CONTROLS,NO CONTROLS,CLEAR,DUSK,PARKED MOTOR VEHICLE,PARKING LOT,,STRAIGHT AND LEVEL,DRY,NO DEFECTS,NOT ON SCENE (DESK REPORT),NO INJURY / DRIVE AWAY,,Y,,$500 OR LESS,08/27/2025 08:20:00 PM,UNABLE TO DETERMINE,UNABLE TO DETERMINE,1651,W,ROOSEVELT RD,1233,,,,,,,2,NO INDICATION OF INJURY,0,0,0,0,0,2,0,19,4,8,41.8667493828,-87.6684640529,POINT (-87.668464052851 41.866749382827)
2d223d324bb4d6bb3988244370813ad19903bb946b209d03b0692b4a60725ba33805d4e12c2fba659868aa18da4f2ae394e60ff49eb0b9e3fa3eb293522f7c73,,08/27/2025 06:55:00 PM,30,STOP SIGN/FLASHER,FUNCTIONING PROPERLY,CLEAR,DAYLIGHT,PARKED MOTOR VEHICLE,FOUR WAY,,STRAIGHT AND LEVEL,DRY,NO DEFECTS,ON SCENE,INJURY AND / OR TOW DUE TO CRASH,,,,"OVER $1,500",08/27/2025 07:00:00 PM,FAILING TO YIELD RIGHT-OF-WAY,NOT APPLICABLE,3858,N,KEDZIE AVE,1733,,,,,,,2,NO INDICATION OF INJURY,0,0,0,0,0,2,0,18,4,8,41.9520141959,-87.7081107523,POINT (-87.708110752332 41.952014195876)
2090d2abd3d0dd6ac46e3e11356755e11da55d57ea0084db3ed31a846a3797ee0dfd3543cf6a8eab20760fe2dbe7db0fe362d7dae911e749a3bfafcca77592c6,,08/27/2025 06:53:00 PM,30,TRAFFIC SIGNAL,FUNCTIONING PROPERLY,CLEAR,DAYLIGHT,ANGLE,FOUR WAY,,STRAIGHT AND LEVEL,DRY,NO DEFECTS,ON SCENE,INJURY AND / OR TOW DUE TO CRASH,Y,,,"OVER $1,500",08/27/2025 06:55:00 PM,UNABLE TO DETERMINE,NOT APPLICABLE,11800,S,AVENUE O,433,,,,,,,2,NONINCAPACITATING INJURY,1,0,0,1,0,2,0,18,4,8,41.6808546173,-87.5402494361,POINT (-87.540249436106 41.680854617279)
c5a507c28b12b52da7cd8b95be8d08a4227d9722fe47ac6566eb43e7eec427a0221def037ad324ef4e06257c72d38482a342768e0fbee72c65400bf8a55a2b68,,08/27/2025 06:52:00 PM,30,NO CONTROLS,NO CONTROLS,CLEAR,DUSK,SIDESWIPE OPPOSITE DIRECTION,NOT DIVIDED,,STRAIGHT AND LEVEL,DRY,NO DEFECTS,ON SCENE,NO INJURY / DRIVE AWAY,,,,"OVER $1,500",08/27/2025 06:54:00 PM,IMPROPER BACKING,UNABLE TO DETERMINE,4712,N,ROCKWELL ST,1911,,,,,,,2,NO INDICATION OF INJURY,0,0,0,0,0,2,0,18,4,8,41.9671624375,-87.6939024826,POINT (-87.693902482554 41.967162437463)
88bc13c8c8de4a3d3eb19dea30941f84657d12819aceb3fb23bfb2fbbc6190bcf13b3726b75c5d339b6e0a034e84f4fbadf54cc098af02b040c471b6f1b7d41d,,08/27/2025 06:48:00 PM,30,NO CONTROLS,NO CONTROLS,CLEAR,DUSK,ANGLE,NOT DIVIDED,,STRAIGHT AND LEVEL,DRY,NO DEFECTS,ON SCENE,INJURY AND / OR TOW DUE TO CRASH,,,,"OVER $1,500",08/27/2025 06:50:00 PM,IMPROPER BACKING,IMPROPER BACKING,5838,N,SHERIDAN RD,2022,,,,,,,2,NO INDICATION OF INJURY,0,0,0,0,0,3,0,18,4,8,41.9884680903,-87.6554850125,POINT (-87.655485012499 41.988468090343)
526c7f2eafb8a2923a4e267160616a026464937c3363e64916519c90eddd2a66dfe4eb885d7c20796918ba55f44165d4f4f8169ed8a3ca8d989c282c031f3a33,,08/27/2025 06:42:00 PM,30,TRAFFIC SIGNAL,FUNCTIONING PROPERLY,CLEAR,DAYLIGHT,REAR END,NOT DIVIDED,,STRAIGHT AND LEVEL,DRY,NO DEFECTS,NOT ON SCENE (DESK REPORT),NO INJURY / DRIVE AWAY,,,,"OVER $1,500",08/27/2025 07:52:00 PM,FOLLOWING TOO CLOSELY,NOT APPLICABLE,6000,W,64TH ST,812,,,,,,,2,NO INDICATION OF INJURY,0,0,0,0,0,2,0,18,4,8,41.7761577818,-87.7715496558,POINT (-87.771549655834 41.776157781764)
948cf47ed6133f948e6855d011e2ad9afc5dbb886f655823712de0d416d1cc2cce05e407a59ac8f2572804aa3a272d22d3f048f8fcab4cb7c9f6ebfd861aa723,,08/27/2025 06:37:00 PM,30,NO CONTROLS,NO CONTROLS,CLEAR,DAYLIGHT,TURNING,NOT DIVIDED,,STRAIGHT AND LEVEL,UNKNOWN,UNKNOWN,ON SCENE,INJURY AND / OR TOW DUE TO CRASH,,,,"OVER $1,500",08/27/2025 06:37:00 PM,IMPROPER TURNING/NO SIGNAL,NOT APPLICABLE,1637,S,BLUE ISLAND AVE,1233,,,,,,,2,NO INDICATION OF INJURY,0,0,0,0,0,3,0,18,4,8,41.8587359454,-87.6602323775,POINT (-87.660232377526 41.858735945373)
43c95b0dee53dd741d7bc2762d128ccd99618c74173695feceeeb25eaf52a8760169bcdf56c3246b441bc903663dd63a5442071716f5ac5de2f2e24aa5aef347,,08/27/2025 06:30:00 PM,30,TRAFFIC SIGNAL,FUNCTIONING PROPERLY,CLEAR,DAYLIGHT,ANGLE,FOUR WAY,,STRAIGHT AND LEVEL,DRY,NO DEFECTS,ON SCENE,INJURY AND / OR TOW DUE TO CRASH,,,,"OVER $1,500",08/27/2025 06:35:00 PM,UNABLE TO DETERMINE,UNABLE TO DETERMINE,200,N,ASHLAND AVE,1215,,,,,,,2,"REPORTED, NOT EVIDENT",1,0,0,0,1,2,0,18,4,8,41.8853485588,-87.6671144038,POINT (-87.667114403773 41.88534855881)
cf62c0e4581c689229568f05b1fb6d2c0ef7a84de10143c8957d517808e3e632f9e57aefb2a1c7ab09abbb65c424925c2c92f2108cce112c2d9fe57cf72c279e,,08/27/2025 06:20:00 PM,30,TRAFFIC SIGNAL,FUNCTIONING PROPERLY,CLEAR,DAYLIGHT,ANGLE,FOUR WAY,,STRAIGHT AND LEVEL,DRY,NO DEFECTS,ON SCENE,NO INJURY / DRIVE AWAY,Y,,,"OVER $1,500",08/27/2025 06:23:00 PM,DISREGARDING TRAFFIC SIGNALS,NOT APPLICABLE,1198,S,LARAMIE AVE,1522,,,,,,,2,NO INDICATION OF INJURY,0,0,0,0,0,2,0,18,4,8,,,
c5c5aa6b04b5f2e775b3f779dc94e10dcd0299a3dea737dc78c0c9efca1c12607fad45c1ec0759528d6e9816302fa14d7efe3e40373e356d6688d8f0979eba9c,Y,08/27/2025 06:15:00 PM,30,NO CONTROLS,NO CONTROLS,CLEAR,DAYLIGHT,TURNING,NOT DIVIDED,,STRAIGHT AND LEVEL,DRY,NO DEFECTS,ON SCENE,NO INJURY / DRIVE AWAY,,,,$500 OR LESS,08/27/2025 06:18:00 PM,FAILING TO YIELD RIGHT-OF-WAY,FAILING TO YIELD RIGHT-OF-WAY,1029,W,35TH ST,915,,,,,,,2,NO INDICATION OF INJURY,0,0,0,0,0,2,0,18,4,8,41.8305621717,-87.6520714571,POINT (-87.652071457055 41.830562171685)
7cd8ec96e78f5987b88bb9265a850208643ba49bfa1a5163f440abd0712f31b80ab54ab194e12a3bc852781328b21780d100abfb461740a8b4cd1b5fb1c2bc6d,,08/27/2025 06:10:00 PM,30,UNKNOWN,UNKNOWN,OTHER,UNKNOWN,SIDESWIPE SAME DIRECTION,OTHER,,STRAIGHT AND LEVEL,OTHER,UNKNOWN,NOT ON SCENE (DESK REPORT),NO INJURY / DRIVE AWAY,,,,"$501 - $1,500",08/27/2025 07:41:00 PM,UNABLE TO DETERMINE,UNABLE TO DETERMINE,5700,S,CALUMET AVE,232,,,,,,,2,NO INDICATION OF INJURY,0,0,0,0,0,2,0,18,4,8,41.7910545231,-87.617651674,POINT (-87.617651673962 41.79105452312)
ea6cb132bfcef4ec12f4991d396a541bcaefe387361d97dd83499279fb162ebe7f7b2e4b49311a63ebab6a8e7af29b7f8cbe1830af66cdbbd553eb24d962da77,,08/27/2025 06:10:00 PM,30,NO CONTROLS,NO CONTROLS,CLEAR,DAYLIGHT,PARKED MOTOR VEHICLE,NOT DIVIDED,,STRAIGHT AND LEVEL,DRY,UNKNOWN,NOT ON SCENE (DESK REPORT),NO INJURY / DRIVE AWAY,,,,"OVER $1,500",08/28/2025 08:35:00 PM,UNABLE TO DETERMINE,EQUIPMENT - VEHICLE CONDITION,2831,N,CLARK ST,1934,,,,,,,2,NO INDICATION OF INJURY,0,0,0,0,0,1,0,18,4,8,41.9336557148,-87.6454032312,POINT (-87.645403231195 41.933655714786)
5cbb1b4a856009eba8d37a5deb1cf7fc70651ef5b4d638138c6b0cb4ca07d9aa86f3b261549847be7038eb892c700b8eef07eb1e476c9c25ca2b9e02dbe3e58e,,08/27/2025 06:00:00 PM,30,NO CONTROLS,NO CONTROLS,CLEAR,DAYLIGHT,ANGLE,DIVIDED - W/MEDIAN (NOT RAISED),,STRAIGHT AND LEVEL,UNKNOWN,UNKNOWN,NOT ON SCENE (DESK REPORT),NO INJURY / DRIVE AWAY,,,,"OVER $1,500",08/28/2025 05:15:00 PM,FAILING TO YIELD RIGHT-OF-WAY,NOT APPLICABLE,764,N,MILWAUKEE AVE,1214,,,,,,,2,NO INDICATION OF INJURY,0,0,0,0,0,2,0,18,4,8,41.8956843076,-87.6547814546,POINT (-87.65478145461 41.895684307554)
aeaf22ce9419a4bb3fcb3e077f00ef69d16c5f8d1ffae813a89cc910cd84841c8e3e8758d4b1c3f1303d91bba57d91db088dcf8c3c3034311136d80e36d6017c,,08/27/2025 06:00:00 PM,30,UNKNOWN,UNKNOWN,CLEAR,DAYLIGHT,SIDESWIPE SAME DIRECTION,NOT DIVIDED,,STRAIGHT AND LEVEL,DRY,UNKNOWN,NOT ON SCENE (DESK REPORT),NO INJURY / DRIVE AWAY,,,,"OVER $1,500",08/27/2025 06:50:00 PM,NOT APPLICABLE,UNABLE TO DETERMINE,141,W,JACKSON BLVD,122,Y,,,,,,2,NO INDICATION OF INJURY,0,0,0,0,0,3,0,18,4,8,41.8780256553,-87.6320622863,POINT (-87.632062286267 41.878025655261)
ea1fa2aae337a2dc8837e4f616ab02dbdd62fd8f3883025c662136c64c3bb9ca431cb4a0d303e47247b7e43f6936b6c06d7d2c4e7200e66508a455c32b4afcb0,,08/27/2025 06:00:00 PM,20,TRAFFIC SIGNAL,FUNCTIONING PROPERLY,CLEAR,DAYLIGHT,FIXED OBJECT,FOUR WAY,,STRAIGHT AND LEVEL,DRY,NO DEFECTS,ON SCENE,INJURY AND / OR TOW DUE TO CRASH,Y,,Y,"OVER $1,500",08/27/2025 06:01:00 PM,UNABLE TO DETERMINE,UNABLE TO DETERMINE,201,W,99TH ST,511,,,,,,,1,NO INDICATION OF INJURY,0,0,0,0,0,1,0,18,4,8,41.7140454568,-87.6285770271,POINT (-87.628577027112 41.714045456829)
c9ddafdc3728dcce827b859a9ac2cbee3e1de7222630c5d969027def0b278694394443b8af92228abd667638d8769c1a5ef7ae03052ad3da022aa7b7a976e988,,08/27/2025 05:58:00 PM,30,NO CONTROLS,UNKNOWN,CLEAR,DAYLIGHT,FIXED OBJECT,OTHER,,STRAIGHT AND LEVEL,OTHER,UNKNOWN,ON SCENE,NO INJURY / DRIVE AWAY,,Y,,$500 OR LESS,08/27/2025 05:58:00 PM,UNABLE TO DETERMINE,NOT APPLICABLE,25,E,118TH PL,532,,,,,,,1,NO INDICATION OF INJURY,0,0,0,0,0,1,0,17,4,8,41.678842843,-87.6216500637,POINT (-87.621650063665 41.678842843018)
69dd49d025bc26d3c52994e20b6a7ad86a68c23e0a3af4eb8e085205c2c9e6f80e1c6218d8d45b9540a120486a1072d08d0a0035c6b64e01b46846272c85b3f4,,08/27/2025 05:43:00 PM,30,TRAFFIC SIGNAL,FUNCTIONING PROPERLY,CLEAR,DAYLIGHT,SIDESWIPE SAME DIRECTION,DIVIDED - W/MEDIAN (NOT RAISED),,STRAIGHT AND LEVEL,DRY,UNKNOWN,ON SCENE,NO INJURY / DRIVE AWAY,,,N,"OVER $1,500",08/27/2025 06:55:00 PM,IMPROPER LANE USAGE,FAILING TO YIELD RIGHT-OF-WAY,101,N,STATE ST,111,,,,,,,2,NO INDICATION OF INJURY,0,0,0,0,0,2,0,17,4,8,41.8832513658,-87.627723436,POINT (-87.627723435953 41.88325136575)
d984d571cf608eaeca05201fe66ae7d34b066994cfc7d4352233e9767ac25307c34352f737094d35c9149a1c64c6d8b0f1509dde8982685474c58f97ff01eb22,,08/27/2025 05:33:00 PM,30,TRAFFIC SIGNAL,FUNCTIONING PROPERLY,CLEAR,DUSK,SIDESWIPE SAME DIRECTION,FOUR WAY,,STRAIGHT AND LEVEL,DRY,UNKNOWN,ON SCENE,INJURY AND / OR TOW DUE TO CRASH,,,Y,"OVER $1,500",08/27/2025 06:19:00 PM,FAILING TO REDUCE SPEED TO AVOID CRASH,NOT APPLICABLE,1,E,95TH ST,511,,,,,,,2,NONINCAPACITATING INJURY,3,0,0,3,0,1,0,17,4,8,41.7215836651,-87.623611187,POINT (-87.623611186963 41.721583665145)
5545b3e5d2adb497d5e500131a808fe93f731dd2d6f6b2a936b781261ce64f8241d073dd892d2cbf37578af204651460265d58987deae4dfeb73a7971f5682df,,08/27/2025 05:30:00 PM,30,NO CONTROLS,NO CONTROLS,CLEAR,DAYLIGHT,TURNING,NOT DIVIDED,,STRAIGHT AND LEVEL,DRY,NO DEFECTS,NOT ON SCENE (DESK REPORT),NO INJURY / DRIVE AWAY,,,Y,"$501 - $1,500",08/27/2025 09:10:00 PM,FOLLOWING TOO CLOSELY,NOT APPLICABLE,4800,W,FULLERTON AVE,2521,,,,,,,2,NO INDICATION OF INJURY,0,0,0,0,0,2,0,17,4,8,41.924347036,-87.7464276397,POINT (-87.746427639656 41.924347036011)
bbc1de050d12d72fbde8c574f5c10251fa47823011562083b0876c45089a122d03fcb6ac0e98878e79f612090f1bf70ab59d769d20282b2717a15161f2e129b5,,08/27/2025 05:30:00 PM,30,TRAFFIC SIGNAL,FUNCTIONING PROPERLY,CLEAR,DAYLIGHT,REAR END,DIVIDED - W/MEDIAN (NOT RAISED),,STRAIGHT AND LEVEL,DRY,NO DEFECTS,ON SCENE,INJURY AND / OR TOW DUE TO CRASH,,,,"OVER $1,500",08/27/2025 05:33:00 PM,UNABLE TO DETERMINE,NOT APPLICABLE,5298,S,LAKE PARK AVE,234,,,,,,,2,"REPORTED, NOT EVIDENT",1,0,0,0,1,1,0,17,4,8,41.79963063,-87.5874543398,POINT (-87.587454339824 41.799630629961)
ee886690e82af7a2be6d4d7cc87e9e96317a25c9ce7640632b7ec9307649053a1ec724add863c34fad01f9ff27fc2474fc42da151f753ac63230b175fa4578c1,,08/27/2025 05:30:00 PM,30,NO CONTROLS,NO CONTROLS,CLEAR,DAYLIGHT,PARKED MOTOR VEHICLE,NOT DIVIDED,,STRAIGHT AND LEVEL,DRY,UNKNOWN,NOT ON SCENE (DESK REPORT),NO INJURY / DRIVE AWAY,,,Y,"OVER $1,500",08/29/2025 07:04:00 PM,UNABLE TO DETERMINE,NOT APPLICABLE,4438,S,CHRISTIANA AVE,821,,,,,,,2,NO INDICATION OF INJURY,0,0,0,0,0,1,0,17,4,8,41.8124131958,-87.7079747788,POINT (-87.707974778812 41.812413195761)
ecf9291d863b01adb87c3a70ff2d4454b3608af85b6084087f60a0ff45d3a5249f43ff9645584a8c6a67f6a4ddf5a6b2b81840232d9be0f1e0d90947a0852c60,,08/27/2025 05:23:00 PM,30,NO CONTROLS,NO CONTROLS,CLEAR,DAYLIGHT,PARKED MOTOR VEHICLE,NOT REPORTED,,STRAIGHT AND LEVEL,DRY,UNKNOWN,ON SCENE,NO INJURY / DRIVE AWAY,,,,"OVER $1,500",08/27/2025 06:00:00 PM,UNABLE TO DETERMINE,NOT APPLICABLE,599,E,79TH ST,624,,,,,,,2,NO INDICATION OF INJURY,0,0,0,0,0,1,0,17,4,8,41.7510885251,-87.6101395335,POINT (-87.610139533483 41.751088525058)
14f70afb71f3f57ee51b2aedf770005cf376baecaa55cbea368185f41ede3d9acf9f38108b082dc40e03c732ec0c93c327bdc6ec268bb712c221ed7e00fa913e,,08/27/2025 05:20:00 PM,30,NO CONTROLS,NO CONTROLS,CLEAR,DAYLIGHT,TURNING,NOT DIVIDED,,STRAIGHT AND LEVEL,DRY,NO DEFECTS,NOT ON SCENE (DESK REPORT),NO INJURY / DRIVE AWAY,,,,"OVER $1,500",08/27/2025 06:30:00 PM,UNABLE TO DETERMINE,NOT APPLICABLE,3640,N,BROADWAY,1925,,,,,,,2,NO INDICATION OF INJURY,0,0,0,0,0,2,0,17,4,8,41.9484587692,-87.6481044413,POINT (-87.64810444125 41.948458769159)
1f92bff963aef43e487b2fd3a886f5bf91d3d25a3db1bb003e9d7ceb618b5af5fe8ee4525601e034d91e8fcff536b5d2127630121b1c1f67e10f30a21d1e107d,,08/27/2025 05:20:00 PM,35,NO CONTROLS,NO CONTROLS,CLEAR,DAYLIGHT,TURNING,DIVIDED - W/MEDIAN (NOT RAISED),,STRAIGHT AND LEVEL,DRY,NO DEFECTS,ON SCENE,INJURY AND / OR TOW DUE TO CRASH,Y,,,"OVER $1,500",08/27/2025 05:30:00 PM,NOT APPLICABLE,NOT APPLICABLE,5401,N,HARLEM AVE,1613,,,,,,,2,NO INDICATION OF INJURY,0,0,0,0,0,3,0,17,4,8,41.9792169069,-87.8068381631,POINT (-87.806838163137 41.979216906928)
83dcd3490dfedab606283d601b1a054ac34e728bffe972d968439a64504d8df1df27d6aaa823eab53b50606272c627eed2b197f52ad99b1068ad5a20f426b99b,,08/27/2025 05:19:00 PM,30,NO CONTROLS,NO CONTROLS,CLEAR,DAYLIGHT,SIDESWIPE SAME DIRECTION,NOT DIVIDED,,STRAIGHT AND LEVEL,DRY,NO DEFECTS,NOT ON SCENE (DESK REPORT),NO INJURY / DRIVE AWAY,,,,"OVER $1,500",08/27/2025 11:00:00 PM,IMPROPER TURNING/NO SIGNAL,FAILING TO YIELD RIGHT-OF-WAY,3639,N,BROADWAY,1925,,,,,,,2,NO INDICATION OF INJURY,0,0,0,0,0,2,0,17,4,8,41.9484486233,-87.6477757093,POINT (-87.647775709311 41.948448623275)
a1e6ee92df7c25b012922d134c12db4a5956398e69af1b155cef98496711e94021fcc65eebaae131fdad6fa0a6d3f56bf4c5e5d1bee09507a4d3276faf8f486e,,08/27/2025 05:15:00 PM,30,TRAFFIC SIGNAL,FUNCTIONING PROPERLY,CLEAR,DAYLIGHT,REAR END,FOUR WAY,,STRAIGHT AND LEVEL,DRY,NO DEFECTS,NOT ON SCENE (DESK REPORT),NO INJURY / DRIVE AWAY,Y,,,"OVER $1,500",08/27/2025 08:30:00 PM,UNABLE TO DETERMINE,NOT APPLICABLE,147,W,OHIO ST,1831,,,,,,,2,NO INDICATION OF INJURY,0,0,0,0,0,2,0,17,4,8,41.8922935314,-87.6329447569,POINT (-87.632944756916 41.892293531436)