CRASH_RECORD_ID,CRASH_DATE_EST_I,CRASH_DATE,POSTED_SPEED_LIMIT,TRAFFIC_CONTROL_DEVICE,DEVICE_CONDITION,WEATHER_CONDITION,LIGHTING_CONDITION,FIRST_CRASH_TYPE,TRAFFICWAY_TYPE,LANE_CNT,ALIGNMENT,ROADWAY_SURFACE_COND,ROAD_DEFECT,REPORT_TYPE,CRASH_TYPE,INTERSECTION_RELATED_I,NOT_RIGHT_OF_WAY_I,HIT_AND_RUN_I,DAMAGE,DATE_POLICE_NOTIFIED,PRIM_CONTRIBUTORY_CAUSE,SEC_CONTRIBUTORY_CAUSE,STREET_NO,STREET_DIRECTION,STREET_NAME,BEAT_OF_OCCURRENCE,PHOTOS_TAKEN_I,STATEMENTS_TAKEN_I,DOORING_I,WORK_ZONE_I,WORK_ZONE_TYPE,WORKERS_PRESENT_I,NUM_UNITS,MOST_SEVERE_INJURY,INJURIES_TOTAL,INJURIES_FATAL,INJURIES_INCAPACITATING,INJURIES_NON_INCAPACITATING,INJURIES_REPORTED_NOT_EVIDENT,INJURIES_NO_INDICATION,INJURIES_UNKNOWN,CRASH_HOUR,CRASH_DAY_OF_WEEK,CRASH_MONTH,LATITUDE,LONGITUDE,LOCATION
a7cc0dc7f2c1575fb6fe3c56b469456e66432e2525fb61a3e76509f84e3c6ffd5284a248d96cf8259a9692850fe583a49eb6c4d1aed9d250005885910aa82afc,,08/27/2025 05:15:00 PM,15,NO CONTROLS,NO CONTROLS,CLEAR,DAYLIGHT,PARKED MOTOR VEHICLE,PARKING LOT,,STRAIGHT AND LEVEL,DRY,NO DEFECTS,NOT ON SCENE (DESK REPORT),NO INJURY / DRIVE AWAY,,,,"OVER $1,500",08/29/2025 08:58:00 AM,DISTRACTION - FROM OUTSIDE VEHICLE,UNABLE TO DETERMINE,3901,S,ASHLAND AVE,924,,,,,,,2,NO INDICATION OF INJURY,0,0,0,0,0,1,0,17,4,8,41.823040776,-87.6651490826,POINT (-87.665149082589 41.823040776042)
20f1607faa92985e7dcbbac3aba5176140869ac0172b4db9ab9eee6ed08dc038e2cf4ecc5f194bba0b94761ea8423404445fc9ed2dbd59a69671bf9ea521cd8a,,08/27/2025 05:10:00 PM,20,NO CONTROLS,NO CONTROLS,CLEAR,DAYLIGHT,PARKED MOTOR VEHICLE,OTHER,,STRAIGHT AND LEVEL,DRY,NO DEFECTS,ON SCENE,NO INJURY / DRIVE AWAY,,Y,,$500 OR LESS,08/27/2025 05:14:00 PM,EQUIPMENT - VEHICLE CONDITION,NOT APPLICABLE,1500,E,97TH ST,511,N,,,,,,2,NO INDICATION OF INJURY,0,0,0,0,0,2,0,17,4,8,41.7193707315,-87.5877020807,POINT (-87.587702080676 41.719370731513)
cdfbb241bdd178705e40c78d11314c2dadf48bdd8c194a0c3796e8ed9c9c92656b5b93b3f3e193fc64012ff8aa23a31f3cfb84184a0d3fd0cac4242cd1231ddb,,08/27/2025 05:03:00 PM,30,NO CONTROLS,NO CONTROLS,CLEAR,DAYLIGHT,PEDALCYCLIST,ONE-WAY,,STRAIGHT AND LEVEL,DRY,NO DEFECTS,NOT ON SCENE (DESK REPORT),INJURY AND / OR TOW DUE TO CRASH,,,,"OVER $1,500",08/27/2025 05:32:00 PM,FAILING TO YIELD RIGHT-OF-WAY,NOT APPLICABLE,6300,S,KEELER AVE,813,,,,,,,2,NONINCAPACITATING INJURY,1,0,0,1,0,1,0,17,4,8,41.7785723699,-87.727790351,POINT (-87.727790351024 41.778572369865)
2a99b2e5536f6aac98a24bd296ae8a7e076edb72e5b3455aa3afa79501f9226ced84224ac5600d4784fb2e0a633a14e81e1153665bc440b64b39af8d0f6d8dc5,,08/27/2025 05:00:00 PM,30,TRAFFIC SIGNAL,FUNCTIONING PROPERLY,CLEAR,DAYLIGHT,REAR END,NOT DIVIDED,,STRAIGHT AND LEVEL,DRY,NO DEFECTS,ON SCENE,NO INJURY / DRIVE AWAY,,,Y,"OVER $1,500",08/27/2025 05:05:00 PM,FOLLOWING TOO CLOSELY,NOT APPLICABLE,4773,S,ARCHER AVE,821,,,,,,,2,NO INDICATION OF INJURY,0,0,0,0,0,2,0,17,4,8,41.8067600261,-87.7159936898,POINT (-87.715993689815 41.806760026059)
724a6c77ddd451562b97bcb00fa55acf6affc9e2b7a2a79e5330b569f32a5187da4f0151485da35bee3619ae592ebe89d2adcb64717b77694b27558c907363be,,08/27/2025 05:00:00 PM,30,STOP SIGN/FLASHER,UNKNOWN,CLEAR,DAYLIGHT,TURNING,NOT DIVIDED,,STRAIGHT AND LEVEL,UNKNOWN,UNKNOWN,NOT ON SCENE (DESK REPORT),NO INJURY / DRIVE AWAY,,,,"OVER $1,500",08/27/2025 05:20:00 PM,FAILING TO YIELD RIGHT-OF-WAY,UNABLE TO DETERMINE,5430,W,GALE ST,1623,,,,,,,2,NO INDICATION OF INJURY,0,0,0,0,0,2,0,17,4,8,41.9702141982,-87.7642554142,POINT (-87.764255414239 41.97021419822)
982a4ec13d7366612b7643b690d00e739fd3e7f70345fb9dfe13bdcfd4efcb4768f016a983d931fcace5282493aa0cd10deb31959cdc4e78ed1aac889187f955,,08/27/2025 05:00:00 PM,30,UNKNOWN,UNKNOWN,CLEAR,DAYLIGHT,SIDESWIPE SAME DIRECTION,NOT DIVIDED,,STRAIGHT AND LEVEL,DRY,UNKNOWN,NOT ON SCENE (DESK REPORT),NO INJURY / DRIVE AWAY,,,,"OVER $1,500",08/27/2025 05:57:00 PM,NOT APPLICABLE,NOT APPLICABLE,500,W,MADISON ST,121,,,,,,,2,NO INDICATION OF INJURY,0,0,0,0,0,2,0,17,4,8,41.8819943382,-87.6397586849,POINT (-87.639758684881 41.881994338205)
a6218bb7d0b54bffa091c0271d01704dbe7588edca088d43c29173abd060da810703a521ed8b69c3b5ea3bff74aeaa3aec0a266ee1de41eb2559b1ded66943dc,,08/27/2025 05:00:00 PM,30,STOP SIGN/FLASHER,FUNCTIONING PROPERLY,CLEAR,DAYLIGHT,ANGLE,TRAFFIC ROUTE,,STRAIGHT AND LEVEL,DRY,NO DEFECTS,ON SCENE,NO INJURY / DRIVE AWAY,Y,,,"OVER $1,500",08/27/2025 05:36:00 PM,FAILING TO YIELD RIGHT-OF-WAY,UNABLE TO DETERMINE,5500,S,KOLIN AVE,813,,,,,,,2,NO INDICATION OF INJURY,0,0,0,0,0,2,0,17,4,8,41.7930333805,-87.7318841249,POINT (-87.731884124874 41.793033380456)
f27198a2560537e398cbe5a5f73b8248ff2165e7c87ace126aa01a2edeec859b9cbf4df73778d441dc6f96cdbd6a6919a2dec2f73e6fecee018d28bfba519077,,08/27/2025 05:00:00 PM,30,NO CONTROLS,NO CONTROLS,CLEAR,DAYLIGHT,PARKED MOTOR VEHICLE,NOT DIVIDED,,STRAIGHT AND LEVEL,DRY,NO DEFECTS,NOT ON SCENE (DESK REPORT),NO INJURY / DRIVE AWAY,,,Y,"OVER $1,500",08/29/2025 12:50:00 PM,UNABLE TO DETERMINE,UNABLE TO DETERMINE,10201,S,SANGAMON ST,2232,,,,,,,2,NO INDICATION OF INJURY,0,0,0,0,0,1,0,17,4,8,41.7086114534,-87.6463784328,POINT (-87.646378432846 41.708611453445)
7a2c188586e767081ee8920f8eaee89d26e8578c56bca23316dcc6d28c3bb049fbb33ff82324f47770a74c51196c6f1972f471e1da8d3d4a3dcda853e3a8aca6,,08/27/2025 04:55:00 PM,30,STOP SIGN/FLASHER,FUNCTIONING PROPERLY,CLEAR,DAYLIGHT,ANGLE,NOT DIVIDED,,STRAIGHT AND LEVEL,DRY,NO DEFECTS,ON SCENE,INJURY AND / OR TOW DUE TO CRASH,Y,,,"OVER $1,500",08/27/2025 04:59:00 PM,FAILING TO YIELD RIGHT-OF-WAY,NOT APPLICABLE,3832,W,DIVERSEY AVE,2523,,,,,,,2,NO INDICATION OF INJURY,0,0,0,0,0,2,0,16,4,8,41.9319460091,-87.7234445204,POINT (-87.723444520415 41.931946009148)
a862a60b3f653e8801de9d8461f1067d41de64717fd0359551998a25fbbaa39d7fa967aec5dc855261ebfc7635899d6435621c8bce555e7b6b2ef7e453aa0174,,08/27/2025 04:51:00 PM,25,FLASHING CONTROL SIGNAL,FUNCTIONING IMPROPERLY,CLEAR,DAYLIGHT,ANGLE,FOUR WAY,,STRAIGHT AND LEVEL,DRY,UNKNOWN,ON SCENE,INJURY AND / OR TOW DUE TO CRASH,Y,,,"OVER $1,500",08/27/2025 05:05:00 PM,FAILING TO REDUCE SPEED TO AVOID CRASH,NOT APPLICABLE,142,N,JEFFERSON ST,121,,,,,,,2,"REPORTED, NOT EVIDENT",1,0,0,0,1,1,0,16,4,8,41.884368294,-87.6428789789,POINT (-87.64287897893 41.884368293975)
c092f68c2def4d9b6af4c6f4abc8cbdc500b29030c6fafdf4307ff517762cf1092707337938aff5be364ff821a406c29d4c4b6016ba2eec5032d13a3bded990f,,08/27/2025 04:51:00 PM,30,TRAFFIC SIGNAL,FUNCTIONING PROPERLY,CLEAR,DAYLIGHT,REAR END,FOUR WAY,,STRAIGHT AND LEVEL,DRY,UNKNOWN,ON SCENE,NO INJURY / DRIVE AWAY,Y,,,"OVER $1,500",08/27/2025 04:51:00 PM,DISTRACTION - FROM INSIDE VEHICLE,NOT APPLICABLE,2799,W,IRVING PARK RD,1733,,,,,,,2,NO INDICATION OF INJURY,0,0,0,0,0,2,0,16,4,8,41.953864485,-87.6981742845,POINT (-87.698174284532 41.953864485022)
63b54c4c69e60bbe1ba45d26d0df730d89ee3df99420e3d2015b13ca724e4ee90d24138999b718aa66962e47a200c738c61a2fa383fcc84b3e3f7e2dabb81eae,,08/27/2025 04:50:00 PM,35,NO CONTROLS,NO CONTROLS,CLEAR,DAYLIGHT,REAR END,NOT DIVIDED,,STRAIGHT AND LEVEL,DRY,NO DEFECTS,ON SCENE,INJURY AND / OR TOW DUE TO CRASH,,,,"OVER $1,500",08/27/2025 04:58:00 PM,FOLLOWING TOO CLOSELY,NOT APPLICABLE,6455,N,RIDGE BLVD,2432,,,,,,,2,NO INDICATION OF INJURY,0,0,0,0,0,2,0,16,4,8,41.9994822664,-87.6773799421,POINT (-87.677379942057 41.999482266445)
acd5e658489598dc9e145bc9dbd513e594cd8b8ad45445ae9eab59e3a666c8797553f7cf0618be22c08bf575a8ab8b70e113cb47dc5a4ee53a6eb972ae319eea,,08/27/2025 04:50:00 PM,10,NO CONTROLS,NO CONTROLS,UNKNOWN,DAYLIGHT,ANGLE,PARKING LOT,,STRAIGHT AND LEVEL,UNKNOWN,UNKNOWN,NOT ON SCENE (DESK REPORT),NO INJURY / DRIVE AWAY,,Y,Y,"OVER $1,500",08/27/2025 05:10:00 PM,FAILING TO YIELD RIGHT-OF-WAY,NOT APPLICABLE,4501,W,NORTH AVE,2533,,,,,,,2,NO INDICATION OF INJURY,0,0,0,0,0,2,0,16,4,8,41.909600386,-87.7393564665,POINT (-87.739356466533 41.909600386011)
0ba3f731d1db2cb8af06dbd7e150ceadf5992140340519d5fb8682ad894911840e430336ab7da22ca3fa1adbaf1a344a0321561afc70a9a55d39a13467279c03,,08/27/2025 04:47:00 PM,25,NO CONTROLS,NO CONTROLS,CLEAR,DAYLIGHT,SIDESWIPE SAME DIRECTION,NOT DIVIDED,,STRAIGHT AND LEVEL,DRY,NO DEFECTS,ON SCENE,NO INJURY / DRIVE AWAY,,,Y,$500 OR LESS,08/27/2025 05:10:00 PM,IMPROPER OVERTAKING/PASSING,UNABLE TO DETERMINE,4714,N,CENTRAL PARK AVE,1723,,,,,,,2,NO INDICATION OF INJURY,0,0,0,0,0,3,0,16,4,8,41.9670127552,-87.7183591645,POINT (-87.718359164452 41.96701275517)
2245049c6d6963e7c1c800edb117df8f6004a6acb85480293df22be38a05a1e5792f849d47f39dba173fca22f2cbf9dae3ecee42acb42c123c6e9bf8cddc5141,,08/27/2025 04:45:00 PM,30,NO CONTROLS,NO CONTROLS,CLEAR,DAYLIGHT,PARKED MOTOR VEHICLE,DIVIDED - W/MEDIAN (NOT RAISED),,STRAIGHT AND LEVEL,DRY,UNKNOWN,NOT ON SCENE (DESK REPORT),NO INJURY / DRIVE AWAY,,,,"$501 - $1,500",08/27/2025 05:19:00 PM,UNABLE TO DETERMINE,UNABLE TO DETERMINE,2431,W,MONTROSE AVE,1911,,,,,,,2,NO INDICATION OF INJURY,0,0,0,0,0,1,0,16,4,8,41.9611940986,-87.6899669704,POINT (-87.689966970401 41.961194098637)
a0e58aafa44590332f0da4512a59d593e583f5bf5a791b75266b03f1d8d68c665f4f5d65983ddc3aec8811724f866b48cefc4b74c8b09607b9a45726f071da44,,08/27/2025 04:45:00 PM,25,NO CONTROLS,NO CONTROLS,CLEAR,DAYLIGHT,REAR END,NOT DIVIDED,,STRAIGHT AND LEVEL,DRY,NO DEFECTS,ON SCENE,NO INJURY / DRIVE AWAY,,,,"OVER $1,500",08/27/2025 04:49:00 PM,NOT APPLICABLE,NOT APPLICABLE,6606,S,HALSTED ST,723,,,,,,,2,NO INDICATION OF INJURY,0,0,0,0,0,5,0,16,4,8,41.7740737937,-87.6447854961,POINT (-87.644785496061 41.774073793714)
3966cdc9d18bcb891470ade287aca94af1c4031d585b00b7f4ef4baf17dfceb9d25dd9225a81caaaf4dee22bfcca2789037e69eef140ce45156ca2a691e0e9fc,,08/27/2025 04:37:00 PM,10,UNKNOWN,UNKNOWN,CLEAR,DAYLIGHT,PARKED MOTOR VEHICLE,OTHER,,STRAIGHT AND LEVEL,DRY,UNKNOWN,NOT ON SCENE (DESK REPORT),NO INJURY / DRIVE AWAY,,,,"$501 - $1,500",08/27/2025 05:15:00 PM,UNABLE TO DETERMINE,NOT APPLICABLE,2746,N,CLYBOURN AVE,1931,,Y,,,,,2,NO INDICATION OF INJURY,0,0,0,0,0,1,0,16,4,8,41.9310210058,-87.6768640181,POINT (-87.676864018134 41.931021005798)
15261b2da148f47b0a767e95069133fdd0265c9cb5d069c292856ecaffe77bc769f8268f24eb05e4102bb75fcf6cf5790ab4828dff391480c1f6129672c41658,,08/27/2025 04:35:00 PM,20,STOP SIGN/FLASHER,OTHER,CLEAR,DAYLIGHT,PARKED MOTOR VEHICLE,NOT DIVIDED,,STRAIGHT AND LEVEL,DRY,NO DEFECTS,NOT ON SCENE (DESK REPORT),NO INJURY / DRIVE AWAY,,,,$500 OR LESS,08/27/2025 04:50:00 PM,NOT APPLICABLE,NOT APPLICABLE,3924,W,68TH PL,833,,,,,,,2,NO INDICATION OF INJURY,0,0,0,0,0,1,0,16,4,8,41.7687753825,-87.7210930294,POINT (-87.721093029438 41.768775382542)
d199d3bf7f63704b98d0100750e2641c22b5e88eaa81b86ab6556cbce2318737a24b7b0cda30501186bab47e991297ec81401075df83bdd038cfe44cad304083,,08/27/2025 04:35:00 PM,30,NO CONTROLS,NO CONTROLS,CLEAR,DAYLIGHT,TURNING,NOT DIVIDED,,STRAIGHT AND LEVEL,DRY,NO DEFECTS,NOT ON SCENE (DESK REPORT),NO INJURY / DRIVE AWAY,,,,"OVER $1,500",08/27/2025 04:55:00 PM,IMPROPER TURNING/NO SIGNAL,UNABLE TO DETERMINE,3611,W,ROOSEVELT RD,1011,,,,,,,2,NO INDICATION OF INJURY,0,0,0,0,0,2,0,16,4,8,41.8661770119,-87.7159013933,POINT (-87.715901393339 41.86617701187)
c319cf0519757ca145f685e73b96e89817720d7221d8e0a5e6437dbfa8e6f299a0cc96dd98149b3ba9c5e2da6ce2a1e57bf07cf3fe6a3057db740fc060704462,,08/27/2025 04:34:00 PM,30,NO CONTROLS,NO CONTROLS,CLEAR,DAYLIGHT,SIDESWIPE SAME DIRECTION,NOT DIVIDED,,STRAIGHT AND LEVEL,DRY,UNKNOWN,ON SCENE,NO INJURY / DRIVE AWAY,,,,"OVER $1,500",08/27/2025 04:44:00 PM,UNABLE TO DETERMINE,UNABLE TO DETERMINE,2205,N,KOSTNER AVE,2522,,Y,,,,,4,NO INDICATION OF INJURY,0,0,0,0,0,4,0,16,4,8,41.9209137177,-87.7362945944,POINT (-87.73629459439 41.920913717709)
186ac489ea0db41f14e1dbb4596f6c1c4dc86960516bb0c7fee2a3afa988899bc59d873f9334a83f277b13d0bc1be9a13ee66c90c58887d6c57345071b8b734f,,08/27/2025 04:30:00 PM,30,NO CONTROLS,NO CONTROLS,CLEAR,DAYLIGHT,REAR END,NOT DIVIDED,,STRAIGHT AND LEVEL,UNKNOWN,UNKNOWN,NOT ON SCENE (DESK REPORT),NO INJURY / DRIVE AWAY,,,,"OVER $1,500",08/27/2025 06:29:00 PM,FOLLOWING TOO CLOSELY,NOT APPLICABLE,1501,W,119TH ST,524,,,,,,,3,NO INDICATION OF INJURY,0,0,0,0,0,3,0,16,4,8,41.6774655464,-87.6590154897,POINT (-87.659015489678 41.67746554641)
1ceb6bbac5770d20db1a54b56542e9df19cbcbd1ec4d29d8cafc41dc3d68cefa1c76689f73cdc727cc92c0ef33e8b8f9dbfa64c772eca03fad8b1b4af6f7da2a,,08/27/2025 04:30:00 PM,30,NO CONTROLS,NO CONTROLS,CLEAR,DAYLIGHT,PARKED MOTOR VEHICLE,ONE-WAY,,STRAIGHT AND LEVEL,DRY,NO DEFECTS,NOT ON SCENE (DESK REPORT),NO INJURY / DRIVE AWAY,,,Y,"OVER $1,500",08/27/2025 04:30:00 PM,IMPROPER LANE USAGE,IMPROPER LANE USAGE,2630,W,OGDEN AVE,1023,,,,,,,2,NO INDICATION OF INJURY,0,0,0,0,0,1,0,16,4,8,41.8627549675,-87.6920231197,POINT (-87.692023119713 41.862754967543)
305782cb8765e140706bea4702ebd5210a3a640b167b0b80207600fbc01532a313c8d40e34af90db08c2dbacbdb4fcc96d444562d2980171f5cdc280b9f4ad02,,08/27/2025 04:30:00 PM,15,NO CONTROLS,NO CONTROLS,CLEAR,DAYLIGHT,PARKED MOTOR VEHICLE,DRIVEWAY,,STRAIGHT AND LEVEL,DRY,NO DEFECTS,NOT ON SCENE (DESK REPORT),NO INJURY / DRIVE AWAY,,,,"OVER $1,500",08/27/2025 07:11:00 PM,IMPROPER BACKING,NOT APPLICABLE,6975,W,SCHOOL ST,1632,,,,,,,2,NO INDICATION OF INJURY,0,0,0,0,0,1,0,16,4,8,41.9397888581,-87.8012236867,POINT (-87.801223686731 41.939788858126)
d24460ae066d5d0743c44ee5fa32315bb5f3708cc7a069b642733acde31c3c456565b30b6712618fa47bfcd6ac27aa0878688ad6654cbb4c59ea2e2cb13f498b,,08/27/2025 04:30:00 PM,30,TRAFFIC SIGNAL,FUNCTIONING PROPERLY,CLEAR,"DARKNESS, LIGHTED ROAD",ANGLE,FOUR WAY,,STRAIGHT AND LEVEL,DRY,NO DEFECTS,ON SCENE,INJURY AND / OR TOW DUE TO CRASH,Y,,,"OVER $1,500",08/27/2025 07:30:00 PM,FAILING TO YIELD RIGHT-OF-WAY,NOT APPLICABLE,8301,S,STATE ST,632,,,,,,,2,NONINCAPACITATING INJURY,1,0,0,1,0,3,0,16,4,8,41.7435662758,-87.6241827275,POINT (-87.624182727532 41.74356627583)
e908149800101d3bb9cb4edbe4a2ea6586fc88154bb964cd70b7518c418033b3d5dc4254e7c13c45aaeab1c152291239a97cb83c520b483f51958f7b19de7023,,08/27/2025 04:28:00 PM,30,NO CONTROLS,NO CONTROLS,CLEAR,DAYLIGHT,SIDESWIPE SAME DIRECTION,DIVIDED - W/MEDIAN (NOT RAISED),,STRAIGHT AND LEVEL,DRY,OTHER,NOT ON SCENE (DESK REPORT),NO INJURY / DRIVE AWAY,,,,"OVER $1,500",08/27/2025 05:05:00 PM,IMPROPER OVERTAKING/PASSING,NOT APPLICABLE,1121,N,PULASKI RD,1112,Y,,,,,,2,NO INDICATION OF INJURY,0,0,0,0,0,2,0,16,4,8,41.9014876325,-87.7261211476,POINT (-87.726121147584 41.901487632513)
090bc3e66a3563930d5440f16e70a2a797dafcde38c6f28eb69acbd2f5bc62b1e7cdb12c1ff05eade9b04e86562dcf277eafaea2f442e1f8226f614a2c6ddbdf,,08/27/2025 04:25:00 PM,30,NO CONTROLS,NO CONTROLS,CLEAR,DAYLIGHT,PARKED MOTOR VEHICLE,ONE-WAY,,STRAIGHT AND LEVEL,DRY,NO DEFECTS,ON SCENE,NO INJURY / DRIVE AWAY,,,,"$501 - $1,500",08/27/2025 04:40:00 PM,IMPROPER BACKING,DRIVING SKILLS/KNOWLEDGE/EXPERIENCE,1009,N,RUSH ST,1824,,,,,,,2,NO INDICATION OF INJURY,0,0,0,0,0,1,0,16,4,8,41.901042374,-87.6274901477,POINT (-87.627490147713 41.901042374045)
349ada474e7bacfc077eade6c788a6c058cc19310655ebad979f96359649636f788d19e064b11edfe32e0961861cc5241799c5ee5c6feeea0708bd4a45e9dea6,,08/27/2025 04:25:00 PM,30,NO CONTROLS,NO CONTROLS,CLEAR,DAYLIGHT,ANGLE,DIVIDED - W/MEDIAN (NOT RAISED),,STRAIGHT AND LEVEL,DRY,NO DEFECTS,ON SCENE,INJURY AND / OR TOW DUE TO CRASH,Y,,,"OVER $1,500",08/27/2025 04:30:00 PM,FAILING TO YIELD RIGHT-OF-WAY,FAILING TO YIELD RIGHT-OF-WAY,3336,W,ADDISON ST,1733,,,,,,,2,NO INDICATION OF INJURY,0,0,0,0,0,3,0,16,4,8,41.9466900635,-87.7117938181,POINT (-87.711793818121 41.946690063503)
71c0f195e1ed8d8a1c90607d4146bbbca8581f40d8769fb28047c7e7bceac85072ea4d1944e6bc8a4cdf234d461d1621735baee9c04662d1901e6e72c8d04916,,08/27/2025 04:25:00 PM,30,NO CONTROLS,NO CONTROLS,CLEAR,DAYLIGHT,SIDESWIPE SAME DIRECTION,NOT DIVIDED,,STRAIGHT AND LEVEL,DRY,NO DEFECTS,NOT ON SCENE (DESK REPORT),NO INJURY / DRIVE AWAY,,,,"$501 - $1,500",08/27/2025 04:30:00 PM,IMPROPER OVERTAKING/PASSING,IMPROPER OVERTAKING/PASSING,5100,N,CENTRAL AVE,1622,,,,,,,2,NO INDICATION OF INJURY,0,0,0,0,0,2,0,16,4,8,41.9738885705,-87.7686630688,POINT (-87.768663068824 41.973888570461)
41e09a28d3732a92fad460282ee8384156534acd414992d035606754f9d2f3283bc6717ca7caee81bb2396962fa4a85183186dca038faa340af9dda30d6d3f82,,08/27/2025 04:22:00 PM,30,TRAFFIC SIGNAL,FUNCTIONING PROPERLY,CLEAR,DAYLIGHT,ANGLE,FOUR WAY,,STRAIGHT AND LEVEL,DRY,UNKNOWN,ON SCENE,INJURY AND / OR TOW DUE TO CRASH,Y,,,"OVER $1,500",08/27/2025 04:24:00 PM,DISREGARDING TRAFFIC SIGNALS,NOT APPLICABLE,2400,W,AUGUSTA BLVD,1212,,,,,,,2,INCAPACITATING INJURY,3,0,1,1,1,0,0,16,4,8,41.8994871591,-87.6870626821,POINT (-87.687062682091 41.899487159097)
b6f9b3c4ebc37ca89321427142a8fd148570ef7b46c147f8333041d9b6e399dca95cb34abe9c3cc81f89a3fa52d7147803dc67500c9d83d385c891356f1ab7c3,,08/27/2025 04:22:00 PM,30,STOP SIGN/FLASHER,FUNCTIONING PROPERLY,CLEAR,DAYLIGHT,REAR END,NOT DIVIDED,,STRAIGHT AND LEVEL,DRY,NO DEFECTS,NOT ON SCENE (DESK REPORT),NO INJURY / DRIVE AWAY,,,,"$501 - $1,500",08/27/2025 05:25:00 PM,FOLLOWING TOO CLOSELY,FOLLOWING TOO CLOSELY,700,S,PAULINA ST,1231,,,,,,,2,NO INDICATION OF INJURY,0,0,0,0,0,2,0,16,4,8,41.8728058469,-87.6692174706,POINT (-87.669217470628 41.872805846867)
1c0786cec86f9b8cfd783e0636be515f0d0427c67ec70456bd48311ad3e35a666565ad6ce0e50050570f08863ab88b9845a3a71fe5d59a22d34d0d678b69c68a,,08/27/2025 04:20:00 PM,25,NO CONTROLS,NO CONTROLS,CLEAR,DAYLIGHT,ANGLE,ALLEY,,STRAIGHT AND LEVEL,UNKNOWN,UNKNOWN,NOT ON SCENE (DESK REPORT),INJURY AND / OR TOW DUE TO CRASH,,,,"$501 - $1,500",08/27/2025 05:30:00 PM,FAILING TO YIELD RIGHT-OF-WAY,UNABLE TO DETERMINE,6553,N,KEDZIE AVE,2412,,,,,,,2,NONINCAPACITATING INJURY,1,0,0,1,0,1,0,16,4,8,42.0007559139,-87.7092197543,POINT (-87.709219754306 42.000755913921)
460e3d675381d853872c8666e122d00a8f38d5e0367516b46b92f3e5fbc341b6f592f161710959431c3f6e5f9bdbf89fe4d1c0673e4b01f4dbe3b384e8f0a014,,08/27/2025 04:20:00 PM,30,STOP SIGN/FLASHER,NO CONTROLS,CLEAR,DAYLIGHT,ANGLE,FOUR WAY,,STRAIGHT AND LEVEL,DRY,NO DEFECTS,ON SCENE,INJURY AND / OR TOW DUE TO CRASH,Y,,Y,"OVER $1,500",08/27/2025 04:25:00 PM,IMPROPER TURNING/NO SIGNAL,NOT APPLICABLE,5031,W,AUGUSTA BLVD,1531,,,,,,,3,INCAPACITATING INJURY,1,0,1,0,0,2,0,16,4,8,41.8985110346,-87.7520757154,POINT (-87.752075715408 41.898511034575)
91804cc9c9fe1a83a1a1b0b8dd8b9b78b92fad9eec5ec30ec006127d814fa96afe6ca1e2fcdb792b61636fa98052b0b02877b9ce4ec9829919dfd3992e557fc0,,08/27/2025 04:20:00 PM,30,NO CONTROLS,NO CONTROLS,CLEAR,DAYLIGHT,REAR END,NOT DIVIDED,,STRAIGHT AND LEVEL,DRY,NO DEFECTS,NOT ON SCENE (DESK REPORT),NO INJURY / DRIVE AWAY,,,,"$501 - $1,500",08/27/2025 04:31:00 PM,FOLLOWING TOO CLOSELY,NOT APPLICABLE,7100,S,PULASKI RD,833,,,,,,,2,NO INDICATION OF INJURY,0,0,0,0,0,3,0,16,4,8,41.7640077493,-87.7224991077,POINT (-87.722499107707 41.764007749308)
8e0652e0112e753d22d830a9ad9fb2cbecba4d9241e44f5259098db06b3af5fe80cf767150adf2cda83d10d7e3536768a388cf7bd5a82d323ff38903fce88b0f,,08/27/2025 04:16:00 PM,30,NO CONTROLS,NO CONTROLS,CLEAR,DAYLIGHT,FIXED OBJECT,NOT DIVIDED,,STRAIGHT AND LEVEL,DRY,UNKNOWN,ON SCENE,NO INJURY / DRIVE AWAY,,,,"OVER $1,500",08/27/2025 04:24:00 PM,UNABLE TO DETERMINE,UNABLE TO DETERMINE,560,W,71ST ST,732,,,,,,,1,NO INDICATION OF INJURY,0,0,0,0,0,1,0,16,4,8,41.7653884089,-87.6395014503,POINT (-87.639501450307 41.765388408867)
ffe4f25da5af275adf387fcf5964e45b5307659012dc7030b04d5be81605d55840f36ca6c114a9b6ec9f64f31b07806822951a0e3d7f00843de8405b314b862f,,08/27/2025 04:15:00 PM,30,STOP SIGN/FLASHER,FUNCTIONING PROPERLY,CLEAR,DAYLIGHT,REAR END,DIVIDED - W/MEDIAN (NOT RAISED),,STRAIGHT AND LEVEL,DRY,NO DEFECTS,ON SCENE,INJURY AND / OR TOW DUE TO CRASH,,,,"OVER $1,500",08/27/2025 04:17:00 PM,FOLLOWING TOO CLOSELY,FAILING TO REDUCE SPEED TO AVOID CRASH,2659,N,NARRAGANSETT AVE,2512,,,,,,,2,"REPORTED, NOT EVIDENT",3,0,0,0,3,5,0,16,4,8,41.9290799144,-87.7854941911,POINT (-87.785494191067 41.92907991437)
69778340b88dc181c0856143c8bdc87b74d6a5884e042b51b4da213dde4d332b7d06040d703389d98a7830eeb3cd9e067f3d621f79cd5f9ac8ecdee0a4d59da5,,08/27/2025 04:10:00 PM,25,TRAFFIC SIGNAL,FUNCTIONING PROPERLY,CLOUDY/OVERCAST,DAYLIGHT,REAR END,FOUR WAY,,STRAIGHT AND LEVEL,DRY,NO DEFECTS,NOT ON SCENE (DESK REPORT),INJURY AND / OR TOW DUE TO CRASH,,,,"$501 - $1,500",08/27/2025 04:45:00 PM,UNABLE TO DETERMINE,UNABLE TO DETERMINE,3500,S,ARCHER AVE,912,,,,,,,2,"REPORTED, NOT EVIDENT",1,0,0,0,1,1,0,16,4,8,41.8304091267,-87.6778761696,POINT (-87.6778761696 41.830409126743)