CRASH_RECORD_ID,CRASH_DATE_EST_I,CRASH_DATE,POSTED_SPEED_LIMIT,TRAFFIC_CONTROL_DEVICE,DEVICE_CONDITION,WEATHER_CONDITION,LIGHTING_CONDITION,FIRST_CRASH_TYPE,TRAFFICWAY_TYPE,LANE_CNT,ALIGNMENT,ROADWAY_SURFACE_COND,ROAD_DEFECT,REPORT_TYPE,CRASH_TYPE,INTERSECTION_RELATED_I,NOT_RIGHT_OF_WAY_I,HIT_AND_RUN_I,DAMAGE,DATE_POLICE_NOTIFIED,PRIM_CONTRIBUTORY_CAUSE,SEC_CONTRIBUTORY_CAUSE,STREET_NO,STREET_DIRECTION,STREET_NAME,BEAT_OF_OCCURRENCE,PHOTOS_TAKEN_I,STATEMENTS_TAKEN_I,DOORING_I,WORK_ZONE_I,WORK_ZONE_TYPE,WORKERS_PRESENT_I,NUM_UNITS,MOST_SEVERE_INJURY,INJURIES_TOTAL,INJURIES_FATAL,INJURIES_INCAPACITATING,INJURIES_NON_INCAPACITATING,INJURIES_REPORTED_NOT_EVIDENT,INJURIES_NO_INDICATION,INJURIES_UNKNOWN,CRASH_HOUR,CRASH_DAY_OF_WEEK,CRASH_MONTH,LATITUDE,LONGITUDE,LOCATION
20cd558cbfe2c1a0770857dd0f40ac105ab8f18f542e7f0e43141b1812cbbd30198c42f720671797edf8fa5c1b78115d53e5c39ab7fbb04273dcf4448c210172,,08/27/2025 04:02:00 PM,30,NO CONTROLS,NO CONTROLS,CLEAR,DAYLIGHT,PARKED MOTOR VEHICLE,ONE-WAY,,STRAIGHT AND LEVEL,DRY,NO DEFECTS,ON SCENE,NO INJURY / DRIVE AWAY,,,,"OVER $1,500",08/27/2025 04:02:00 PM,NOT APPLICABLE,NOT APPLICABLE,415,W,77TH ST,621,,,,,,,2,NO INDICATION OF INJURY,0,0,0,0,0,2,0,16,4,8,41.7543112702,-87.6350405213,POINT (-87.635040521294 41.754311270214)
0e724cbcfabdc790cdda65a66493aaec0ae51cbdf1b63bd8a3abc683ccdeeaab5f3a5094f1a509eca330d2c30d7fb199ad574eed45494fc2fa5bce1e3443709f,Y,08/27/2025 04:00:00 PM,20,NO CONTROLS,NO CONTROLS,UNKNOWN,"DARKNESS, LIGHTED ROAD",PARKED MOTOR VEHICLE,ONE-WAY,,STRAIGHT AND LEVEL,UNKNOWN,NO DEFECTS,NOT ON SCENE (DESK REPORT),NO INJURY / DRIVE AWAY,,,Y,"OVER $1,500",08/27/2025 04:40:00 PM,NOT APPLICABLE,NOT APPLICABLE,2857,N,HAMLIN AVE,2523,,,,,,,2,NO INDICATION OF INJURY,0,0,0,0,0,1,0,16,4,8,41.9335309242,-87.7219793974,POINT (-87.721979397399 41.933530924229)
32b92e335146b4acd50fe729184bb5f01fd9c33a721fdbbc63e3fbf89704eabd02b1047f274c9185992b12f55db10b1fd0813fecb99bcb3d6dc10deb25f5c0c8,,08/27/2025 04:00:00 PM,30,UNKNOWN,UNKNOWN,CLEAR,DAYLIGHT,PARKED MOTOR VEHICLE,ONE-WAY,,STRAIGHT AND LEVEL,UNKNOWN,UNKNOWN,NOT ON SCENE (DESK REPORT),NO INJURY / DRIVE AWAY,,,,"OVER $1,500",08/27/2025 05:40:00 PM,UNABLE TO DETERMINE,UNABLE TO DETERMINE,545,E,80TH ST,631,,,,,,,2,NO INDICATION OF INJURY,0,0,0,0,0,2,0,16,4,8,41.7492513463,-87.6106742974,POINT (-87.610674297431 41.749251346337)
6bbbb1852717b37c71f2f3f2e5e9731ada7ab0015fef9026f408008c6777d9076a22494b7f3c090f72a736d4d63aae63a4df100d853f576357632af90453a40f,,08/27/2025 04:00:00 PM,30,NO CONTROLS,NO CONTROLS,CLEAR,DAYLIGHT,TURNING,DIVIDED - W/MEDIAN BARRIER,,STRAIGHT AND LEVEL,DRY,NO DEFECTS,ON SCENE,INJURY AND / OR TOW DUE TO CRASH,,,,"OVER $1,500",08/27/2025 04:20:00 PM,FAILING TO YIELD RIGHT-OF-WAY,NOT APPLICABLE,1456,W,95TH ST,2222,,,,,,,2,NO INDICATION OF INJURY,0,0,0,0,0,2,0,16,4,8,41.7213547311,-87.6601178093,POINT (-87.660117809297 41.721354731141)
9e930197817bf46e788ab24bff79510e9903ba5c2a415859c6a2882caec025968b0e02fd29ca93428fa5990bc8076f2202a19fe94409080be9c4d639e711fa1c,,08/27/2025 04:00:00 PM,30,NO CONTROLS,NO CONTROLS,CLEAR,DAYLIGHT,TURNING,T-INTERSECTION,,STRAIGHT AND LEVEL,DRY,NO DEFECTS,NOT ON SCENE (DESK REPORT),NO INJURY / DRIVE AWAY,Y,,Y,$500 OR LESS,08/27/2025 05:00:00 PM,IMPROPER TURNING/NO SIGNAL,IMPROPER TURNING/NO SIGNAL,500,E,95TH ST,633,,,,,,,2,NO INDICATION OF INJURY,0,0,0,0,0,2,0,16,4,8,41.7220439428,-87.6116677831,POINT (-87.61166778312 41.722043942799)
a550610eb586d4cca81aaf3bbd4b1e1c7d7a1d4154505de3299a040653d61423d26e76c082c9a770809720c92c796047084d0e4009c6fb8298caab3925e3d708,,08/27/2025 04:00:00 PM,30,TRAFFIC SIGNAL,FUNCTIONING PROPERLY,CLEAR,DAYLIGHT,TURNING,DIVIDED - W/MEDIAN BARRIER,,STRAIGHT AND LEVEL,DRY,NO DEFECTS,ON SCENE,INJURY AND / OR TOW DUE TO CRASH,Y,,,"OVER $1,500",08/27/2025 04:06:00 PM,IMPROPER TURNING/NO SIGNAL,NOT APPLICABLE,3400,W,OGDEN AVE,1021,,,,,,,2,NONINCAPACITATING INJURY,1,0,0,1,0,1,0,16,4,8,41.8563505381,-87.7103752492,POINT (-87.710375249191 41.856350538058)
a89daaef0f21042f5334d903596440485cafe7c66f078ee500b8f8074f0b5ad3d32d88ae11190e29da09697be56cce2c87f358a9124031ee5250af63c7f94725,,08/27/2025 04:00:00 PM,30,NO CONTROLS,NO CONTROLS,CLEAR,DAYLIGHT,REAR END,DIVIDED - W/MEDIAN (NOT RAISED),,STRAIGHT AND LEVEL,DRY,NO DEFECTS,NOT ON SCENE (DESK REPORT),NO INJURY / DRIVE AWAY,,,,"OVER $1,500",08/29/2025 12:00:00 PM,FOLLOWING TOO CLOSELY,UNABLE TO DETERMINE,2146,W,51ST ST,931,,,,,,,2,NO INDICATION OF INJURY,0,0,0,0,0,2,0,16,4,8,41.8012921517,-87.678622137,POINT (-87.67862213701 41.80129215175)
407282a53f6d89a106e9df1a739f9f1b8d60c8533112cf4c8ad309bab29899b54a6302fd6373d4bf42b3426c51ed51c0e2d21f726bfb9bba7625144bd01c6c9a,,08/27/2025 03:53:00 PM,30,NO CONTROLS,NO CONTROLS,UNKNOWN,DAYLIGHT,PARKED MOTOR VEHICLE,PARKING LOT,,STRAIGHT AND LEVEL,UNKNOWN,UNKNOWN,NOT ON SCENE (DESK REPORT),NO INJURY / DRIVE AWAY,,Y,,"$501 - $1,500",08/27/2025 05:30:00 PM,UNABLE TO DETERMINE,NOT APPLICABLE,10000,W,BALMORAL AVE,1654,,,,,,,2,NO INDICATION OF INJURY,0,0,0,0,0,2,0,15,4,8,,,
495e0e1e4581e0d60fdd839356a5e5ad8c69bc2e9a87ea57f397320397d3e953ddadc8be2799cd9fb5c059ee4687bcbc7a5c8849b78e665a3588ec02ed89e1db,,08/27/2025 03:50:00 PM,30,NO CONTROLS,NO CONTROLS,CLEAR,DAYLIGHT,REAR END,DIVIDED - W/MEDIAN (NOT RAISED),,STRAIGHT AND LEVEL,UNKNOWN,NO DEFECTS,NOT ON SCENE (DESK REPORT),NO INJURY / DRIVE AWAY,,,Y,"OVER $1,500",08/28/2025 11:45:00 AM,FOLLOWING TOO CLOSELY,FOLLOWING TOO CLOSELY,5311,W,CHICAGO AVE,1524,,,,,,,2,NO INDICATION OF INJURY,0,0,0,0,0,2,0,15,4,8,41.8947982358,-87.758559862,POINT (-87.758559862033 41.894798235816)
cbeea81936388eca5db06f4a87ab1de98c818ce2ff1bb85e5519c77ebe3a5ab331f932d05e7e49ee93d3ff5f1f06bda5332e73d5fcabce1dec8ecfc9a2134ed3,,08/27/2025 03:50:00 PM,15,NO CONTROLS,NO CONTROLS,CLEAR,DAYLIGHT,PARKED MOTOR VEHICLE,PARKING LOT,,STRAIGHT AND LEVEL,DRY,NO DEFECTS,ON SCENE,NO INJURY / DRIVE AWAY,,,Y,"OVER $1,500",08/27/2025 04:00:00 PM,NOT APPLICABLE,NOT APPLICABLE,7342,W,FOSTER AVE,1613,,,,,,,2,NO INDICATION OF INJURY,0,0,0,0,0,1,0,15,4,8,41.9745429477,-87.8113468842,POINT (-87.811346884218 41.974542947709)
1de835a3b034d36a3210547ea4f8205867f55be864ac08dce42937febc585f363777a3eabcc722b9cd76c8125a249a8707fe3a218516c9d3f28f47d1961d7160,,08/27/2025 03:49:00 PM,30,NO CONTROLS,NO CONTROLS,CLEAR,DAYLIGHT,SIDESWIPE SAME DIRECTION,DIVIDED - W/MEDIAN (NOT RAISED),,STRAIGHT AND LEVEL,DRY,NO DEFECTS,ON SCENE,NO INJURY / DRIVE AWAY,,,,"OVER $1,500",08/27/2025 03:51:00 PM,IMPROPER OVERTAKING/PASSING,UNABLE TO DETERMINE,173,N,BESSIE COLEMAN DR,1654,,,,,,,2,NO INDICATION OF INJURY,0,0,0,0,0,2,0,15,4,8,,,
1659f813502a3f59ce06fd51d9d861c23385a29b9f19b1ad0aff7d8c746d2143dedae917bf163ea6c9b51463087cb51e1294119f6fb32b2e424b0f5fc2d7f0e6,,08/27/2025 03:45:00 PM,30,TRAFFIC SIGNAL,FUNCTIONING PROPERLY,CLEAR,DAYLIGHT,REAR END,NOT DIVIDED,,STRAIGHT AND LEVEL,DRY,NO DEFECTS,,NO INJURY / DRIVE AWAY,Y,,,"OVER $1,500",08/27/2025 05:20:00 PM,IMPROPER OVERTAKING/PASSING,NOT APPLICABLE,3938,W,87TH ST,834,,,,,,,2,NO INDICATION OF INJURY,0,0,0,0,0,2,0,15,4,8,41.7349841759,-87.7205267463,POINT (-87.720526746273 41.73498417588)
333cd87560a83529449c9673674019946cb78e1977598cc3651bc471c58e5cd47741df3eacaa432bbe438f87446d4f2ea53de215bf2b50f11a102d37103749f8,,08/27/2025 03:45:00 PM,30,NO CONTROLS,NO CONTROLS,CLEAR,DAYLIGHT,PARKED MOTOR VEHICLE,NOT DIVIDED,,STRAIGHT AND LEVEL,DRY,NO DEFECTS,NOT ON SCENE (DESK REPORT),NO INJURY / DRIVE AWAY,,,Y,"$501 - $1,500",08/31/2025 10:00:00 PM,UNABLE TO DETERMINE,NOT APPLICABLE,243,N,HOMAN AVE,1123,,,,,,,2,NO INDICATION OF INJURY,0,0,0,0,0,1,0,15,4,8,41.8860173342,-87.7110101448,POINT (-87.711010144843 41.886017334159)
b5e2024e10fe47d74ecd90b2879332ce4770fbc53070ffd5456ac2e9e3f693f1c1bf8fe82f611a529dee6c779b6516d102e592994b3aa35eec3684027ed1ddb3,,08/27/2025 03:45:00 PM,25,NO CONTROLS,NO CONTROLS,CLEAR,DAYLIGHT,TURNING,PARKING LOT,,STRAIGHT AND LEVEL,DRY,UNKNOWN,ON SCENE,INJURY AND / OR TOW DUE TO CRASH,,,,"OVER $1,500",08/27/2025 03:50:00 PM,FAILING TO YIELD RIGHT-OF-WAY,NOT APPLICABLE,4010,N,LOCKWOOD AVE,1624,,,,,,,2,"REPORTED, NOT EVIDENT",1,0,0,0,1,2,0,15,4,8,41.9536069983,-87.759769095,POINT (-87.759769094967 41.953606998272)
8c877808eb327d318f9cf1db2a17c04c98ff9985a80963c7e44a4c09f866450e594ae3ebd98f23c3b0cb6ef0fe59bebff77061423bcc32f19bfb74267d96c87c,,08/27/2025 03:42:00 PM,30,TRAFFIC SIGNAL,FUNCTIONING PROPERLY,CLEAR,DAYLIGHT,TURNING,FOUR WAY,,STRAIGHT AND LEVEL,DRY,NO DEFECTS,ON SCENE,NO INJURY / DRIVE AWAY,,,,"OVER $1,500",08/27/2025 03:48:00 PM,FAILING TO YIELD RIGHT-OF-WAY,FAILING TO YIELD RIGHT-OF-WAY,299,N,PULASKI RD,1122,,,,,,,2,NO INDICATION OF INJURY,0,0,0,0,0,3,0,15,4,8,41.8854288306,-87.7256572708,POINT (-87.725657270801 41.885428830592)
9cfbfb93252bc439c3af513ba62d489853e7c5ecd884d4b8059641b9459ac694e00c66a1123e00657861b8b9f80aee15dccb23fce0e16c557b045376cc680f03,,08/27/2025 03:41:00 PM,30,NO CONTROLS,NO CONTROLS,CLEAR,DAYLIGHT,PARKED MOTOR VEHICLE,NOT DIVIDED,,STRAIGHT AND LEVEL,DRY,NO DEFECTS,ON SCENE,INJURY AND / OR TOW DUE TO CRASH,,,,"$501 - $1,500",08/27/2025 04:00:00 PM,NOT APPLICABLE,NOT APPLICABLE,4700,S,PRAIRIE AVE,224,,,,,,,2,INCAPACITATING INJURY,1,0,1,0,0,1,0,15,4,8,41.8092424965,-87.6197368017,POINT (-87.619736801734 41.809242496495)
25995ddafe8b90e5fe85666c31fe99447c6861fc0849a1a888d758acbdf69b4e6180b3df6af83d646e540f659442d9a32d2b50dedd51742f8239f2adcc9725d8,,08/27/2025 03:39:00 PM,30,NO CONTROLS,NO CONTROLS,CLEAR,DAYLIGHT,SIDESWIPE OPPOSITE DIRECTION,NOT DIVIDED,,STRAIGHT AND LEVEL,DRY,NO DEFECTS,,INJURY AND / OR TOW DUE TO CRASH,,,N,"OVER $1,500",08/27/2025 03:40:00 PM,DRIVING SKILLS/KNOWLEDGE/EXPERIENCE,DRIVING SKILLS/KNOWLEDGE/EXPERIENCE,1739,W,CHASE AVE,2423,,,,,,,2,NO INDICATION OF INJURY,0,0,0,0,0,2,0,15,4,8,42.013662849,-87.6739498786,POINT (-87.673949878607 42.013662848975)
10df3f4051537c62057e02486a10951fde183661387b1cd645bdb003993a1e545577f7ca914d6a2df35b682e6e68c8aee359999ba262b94cadfe95d17a027ce1,,08/27/2025 03:30:00 PM,10,NO CONTROLS,NO CONTROLS,CLEAR,DAYLIGHT,REAR END,OTHER,,STRAIGHT AND LEVEL,DRY,NO DEFECTS,NOT ON SCENE (DESK REPORT),NO INJURY / DRIVE AWAY,,Y,,"OVER $1,500",08/27/2025 06:30:00 PM,UNABLE TO DETERMINE,UNABLE TO DETERMINE,10258,S,HALSTED ST,2232,,,,,,,2,NO INDICATION OF INJURY,0,0,0,0,0,2,0,15,4,8,41.7070054259,-87.6429833482,POINT (-87.642983348178 41.707005425851)
2c0caf0a251383bab582a8375b490e51ee7f9b2cd80537ea4dabab992a15d379db7d7c6ec13bba491446674b3de3c67a922efe343282c3dd14363871e4f503b4,,08/27/2025 03:30:00 PM,30,NO CONTROLS,NO CONTROLS,CLEAR,DAYLIGHT,SIDESWIPE SAME DIRECTION,NOT DIVIDED,,STRAIGHT AND LEVEL,UNKNOWN,UNKNOWN,NOT ON SCENE (DESK REPORT),NO INJURY / DRIVE AWAY,,,,"OVER $1,500",08/27/2025 05:40:00 PM,UNABLE TO DETERMINE,UNABLE TO DETERMINE,149,W,73RD ST,731,,,,,,,4,NO INDICATION OF INJURY,0,0,0,0,0,5,0,15,4,8,41.7616944875,-87.6291552288,POINT (-87.629155228824 41.761694487485)
7f5314e48af115db888317ca0b08656fbf89dc4e60556a44311f9ea8e7eaf6e6ba4ba2a1a40d1bb8bd53ca3c06cd101234ffb16f2a8f7915bf255906569e7aa2,,08/27/2025 03:30:00 PM,30,UNKNOWN,UNKNOWN,CLEAR,DAYLIGHT,SIDESWIPE SAME DIRECTION,NOT DIVIDED,,STRAIGHT AND LEVEL,DRY,NO DEFECTS,NOT ON SCENE (DESK REPORT),NO INJURY / DRIVE AWAY,,,Y,"OVER $1,500",08/27/2025 04:40:00 PM,NOT APPLICABLE,NOT APPLICABLE,1501,S,LAKE SHORE DR SB,132,,,,,,,2,NO INDICATION OF INJURY,0,0,0,0,0,2,0,15,4,8,41.8620524285,-87.6181363513,POINT (-87.618136351336 41.862052428489)
d3998024499042830103267a2489e0a4b942ec722a90c84a13e9c8656f1d710750e968ae9f49f883bb71ed82737b7d6decb086e6a7259974c4da6690317809fa,,08/27/2025 03:26:00 PM,30,NO CONTROLS,NO CONTROLS,CLEAR,DAYLIGHT,PEDESTRIAN,NOT DIVIDED,,STRAIGHT AND LEVEL,DRY,NO DEFECTS,ON SCENE,INJURY AND / OR TOW DUE TO CRASH,,,Y,"OVER $1,500",08/27/2025 03:27:00 PM,IMPROPER BACKING,NOT APPLICABLE,57,E,DELAWARE PL,1833,Y,,,,,,2,NONINCAPACITATING INJURY,1,0,0,1,0,1,0,15,4,8,41.8990720919,-87.6260513284,POINT (-87.626051328351 41.89907209192)
b9f1bd333626bdaf32bb50722fd0255b7f40f9fce9e0b81a64a0214306560ecd5de7c400a6102d45d493ad14b68d7560254b36254a96de5fa5e47b5657539633,,08/27/2025 03:20:00 PM,30,NO CONTROLS,NO CONTROLS,CLEAR,DAYLIGHT,TURNING,DIVIDED - W/MEDIAN (NOT RAISED),,STRAIGHT AND LEVEL,DRY,NO DEFECTS,NOT ON SCENE (DESK REPORT),NO INJURY / DRIVE AWAY,,,,"$501 - $1,500",08/27/2025 09:20:00 PM,UNABLE TO DETERMINE,NOT APPLICABLE,517,E,SOLIDARITY DR,132,,,,,,,2,NO INDICATION OF INJURY,0,0,0,0,0,2,0,15,4,8,41.8660038097,-87.6134936633,POINT (-87.613493663275 41.866003809664)
01011b87b6642c13be19d2f633a5cc66997e4494ebfa7915e76fdb739570b09b0ece87a06b234b9d074fa0927c90c0602f1e5f26bf6a8eece4bcf3a31e86d024,,08/27/2025 03:18:00 PM,30,STOP SIGN/FLASHER,FUNCTIONING PROPERLY,CLOUDY/OVERCAST,DAYLIGHT,ANGLE,NOT DIVIDED,,STRAIGHT AND LEVEL,DRY,UNKNOWN,,NO INJURY / DRIVE AWAY,Y,,,"OVER $1,500",08/27/2025 04:44:00 PM,UNABLE TO DETERMINE,UNABLE TO DETERMINE,4504,N,AUSTIN AVE,1622,,,,,,,2,NO INDICATION OF INJURY,0,0,0,0,0,2,0,15,4,8,41.9624049165,-87.777234817,POINT (-87.777234817005 41.96240491648)
20d11c1e3d882dbb93cb2a33e7ce76a646b15c2416967ff3f210edfdc83ebaff9138365085433ca3595ec28b705fc0ca69dd5d601a94de2ef6a3a6630ac42eac,,08/27/2025 03:10:00 PM,20,NO CONTROLS,NO CONTROLS,UNKNOWN,UNKNOWN,PARKED MOTOR VEHICLE,OTHER,,STRAIGHT AND LEVEL,UNKNOWN,UNKNOWN,NOT ON SCENE (DESK REPORT),NO INJURY / DRIVE AWAY,,,Y,"OVER $1,500",08/27/2025 03:40:00 PM,UNABLE TO DETERMINE,UNABLE TO DETERMINE,14,W,95TH ST,634,,,,,,,2,NO INDICATION OF INJURY,0,0,0,0,0,1,0,15,4,8,41.7217349653,-87.6245709203,POINT (-87.624570920334 41.721734965274)
945a884a84a8ac418ff05a6f66f6719ebbee727166b3e185995397ba8b1bd9be064ac844bf1a2ac41b073ea03c24f74470e89c3b5ad329d2059ded186eecf6cd,,08/27/2025 03:10:00 PM,25,NO CONTROLS,UNKNOWN,CLEAR,DAYLIGHT,SIDESWIPE SAME DIRECTION,NOT DIVIDED,,STRAIGHT AND LEVEL,UNKNOWN,UNKNOWN,NOT ON SCENE (DESK REPORT),NO INJURY / DRIVE AWAY,,,,"$501 - $1,500",08/28/2025 05:10:00 PM,FAILING TO YIELD RIGHT-OF-WAY,UNABLE TO DETERMINE,1418,W,OHIO ST,1215,,,,,,,2,NO INDICATION OF INJURY,0,0,0,0,0,2,0,15,4,8,41.8925894165,-87.6630818661,POINT (-87.663081866118 41.892589416522)
f729695e6338fefaa130f56b99af77e1c919222e7a1942b12b7665ff3bec6ec6ec2858eeb85174490bfdef8cfffde5322a66fef01a686c10c0e52aaca924abb9,,08/27/2025 03:10:00 PM,25,TRAFFIC SIGNAL,FUNCTIONING PROPERLY,CLEAR,"DARKNESS, LIGHTED ROAD",TURNING,DIVIDED - W/MEDIAN BARRIER,,STRAIGHT AND LEVEL,DRY,NO DEFECTS,ON SCENE,NO INJURY / DRIVE AWAY,Y,,,"$501 - $1,500",08/27/2025 03:11:00 PM,DISREGARDING TRAFFIC SIGNALS,NOT APPLICABLE,110,N,WACKER DR,122,,,,,,,2,NO INDICATION OF INJURY,0,0,0,0,0,2,0,15,4,8,41.8834982431,-87.6372002726,POINT (-87.637200272594 41.883498243103)
0555860af173c534f0fe486887b6496fd121e39f3034086788f9fde26716df314f2b0a1b34aad705d4efa08f09a09fd3bfd8b599f0bdb74fe85a6d5636fb111a,,08/27/2025 03:03:00 PM,25,STOP SIGN/FLASHER,NO CONTROLS,CLEAR,DAYLIGHT,REAR TO SIDE,NOT DIVIDED,,STRAIGHT AND LEVEL,DRY,NO DEFECTS,ON SCENE,NO INJURY / DRIVE AWAY,Y,,,"OVER $1,500",08/27/2025 05:55:00 PM,IMPROPER BACKING,NOT APPLICABLE,5355,N,ORIOLE AVE,1613,,,,,,,2,NO INDICATION OF INJURY,0,0,0,0,0,2,0,15,4,8,41.9777532174,-87.8167421859,POINT (-87.816742185895 41.977753217402)
ff27b5101087553f87e30f2274ed66d3c85cd834074bfd7a8969e1bea191a84d005dda2d414dc967358c1c2ae975e6cc2ae70ddf624ac0d4bb9ab1c4d7d37ece,,08/27/2025 03:02:00 PM,10,UNKNOWN,UNKNOWN,CLEAR,UNKNOWN,PARKED MOTOR VEHICLE,PARKING LOT,,STRAIGHT AND LEVEL,DRY,UNKNOWN,NOT ON SCENE (DESK REPORT),NO INJURY / DRIVE AWAY,,Y,Y,"$501 - $1,500",08/27/2025 03:15:00 PM,UNABLE TO DETERMINE,UNABLE TO DETERMINE,3131,N,CLARK ST,1933,,,,,,,2,NO INDICATION OF INJURY,0,0,0,0,0,1,0,15,4,8,41.9385878726,-87.6493959945,POINT (-87.649395994549 41.938587872628)
018fd524bb2f8d11a0e1ff6eb1be4b9e597688745ecf0307b120533eddc8421af0babb14a73a2941052719772ae2bf7417fa5ed7b1ac147ab595954dd1bc65ef,Y,08/27/2025 03:00:00 PM,25,NO CONTROLS,NO CONTROLS,UNKNOWN,UNKNOWN,FIXED OBJECT,OTHER,,STRAIGHT AND LEVEL,UNKNOWN,UNKNOWN,ON SCENE,NO INJURY / DRIVE AWAY,,,,$500 OR LESS,08/28/2025 01:50:00 PM,UNABLE TO DETERMINE,UNABLE TO DETERMINE,3901,S,ASHLAND AVE,924,,,,Y,UTILITY,Y,1,NO INDICATION OF INJURY,0,0,0,0,0,1,0,15,4,8,41.823040776,-87.6651490826,POINT (-87.665149082589 41.823040776042)
19da6888d2a2cc0f15da66fde3d6af443e22505db5d6985ef5b25813a6bcaf88b7a8555c023d6baaa00c727fb10869dbfece16747d8f4ce463486df34ae87d17,,08/27/2025 03:00:00 PM,30,NO CONTROLS,NO CONTROLS,CLOUDY/OVERCAST,DAYLIGHT,SIDESWIPE SAME DIRECTION,FOUR WAY,,STRAIGHT AND LEVEL,DRY,NO DEFECTS,NOT ON SCENE (DESK REPORT),NO INJURY / DRIVE AWAY,N,,,$500 OR LESS,08/27/2025 05:00:00 PM,UNABLE TO DETERMINE,NOT APPLICABLE,3595,W,WASHINGTON BLVD,1123,,,,,,,2,NO INDICATION OF INJURY,0,0,0,0,0,2,0,15,4,8,41.8814093047,-87.7157822382,POINT (-87.715782238218 41.881409304711)
5fb7f83052a42d600812de743730e492659a443f6b5a1cc6f200c06a9410f31ddebc4ec21106924a5209f115fa121a8632915db2021b6fb5f318e68b437d1383,,08/27/2025 03:00:00 PM,30,NO CONTROLS,NO CONTROLS,CLEAR,DAYLIGHT,ANGLE,OTHER,,STRAIGHT AND LEVEL,DRY,NO DEFECTS,ON SCENE,NO INJURY / DRIVE AWAY,,,,"$501 - $1,500",08/27/2025 03:28:00 PM,IMPROPER BACKING,IMPROPER BACKING,6217,S,ASHLAND AVE,713,,,,,,,2,NO INDICATION OF INJURY,0,0,0,0,0,2,0,15,4,8,41.7807498662,-87.6641041312,POINT (-87.664104131238 41.780749866221)
9264d04123bb4d0c8e31215b70b8276bbf4c46a3e2f01d7aae9f9a18ffecd437382a259121ffae80e5f87343e89ecc42f37f96f207416c5649fc9bde98798034,,08/27/2025 03:00:00 PM,10,NO CONTROLS,NO CONTROLS,CLEAR,DAYLIGHT,OTHER OBJECT,PARKING LOT,,STRAIGHT AND LEVEL,DRY,NO DEFECTS,NOT ON SCENE (DESK REPORT),NO INJURY / DRIVE AWAY,,Y,,"OVER $1,500",08/28/2025 08:20:00 AM,UNABLE TO DETERMINE,UNABLE TO DETERMINE,2845,N,SHERIDAN RD,1934,,,,,,,1,NO INDICATION OF INJURY,0,0,0,0,0,1,0,15,4,8,41.934123041,-87.6391875191,POINT (-87.639187519133 41.934123041017)
304191a637c13ecb1dff41346348fd783e66dec38c7e9f1263a8a26df30385a4b07e90c353d16052aae1ceb5152ffc2ff44c728aa0ba6bdc2cb3071aabce3a19,,08/27/2025 02:58:00 PM,30,NO CONTROLS,NO CONTROLS,CLEAR,DAYLIGHT,REAR END,NOT DIVIDED,,STRAIGHT AND LEVEL,DRY,NO DEFECTS,NOT ON SCENE (DESK REPORT),NO INJURY / DRIVE AWAY,,,,"OVER $1,500",08/27/2025 03:10:00 PM,FOLLOWING TOO CLOSELY,FOLLOWING TOO CLOSELY,5300,W,DEVON AVE,1621,,,,,,,2,NO INDICATION OF INJURY,0,0,0,0,0,2,0,14,4,8,41.9974377641,-87.7608319232,POINT (-87.760831923212 41.997437764059)
d3791021646cd567a719668b4fea1f7cd161ea66a53e15044812f9987f98c8ed60a125b61e32bb772d6b4c2dbd2f05b42e08f904f0c823e76b808a4f9bb08c0f,,08/27/2025 02:58:00 PM,25,UNKNOWN,UNKNOWN,CLEAR,DAYLIGHT,SIDESWIPE OPPOSITE DIRECTION,DIVIDED - W/MEDIAN (NOT RAISED),,STRAIGHT AND LEVEL,DRY,UNKNOWN,NOT ON SCENE (DESK REPORT),NO INJURY / DRIVE AWAY,,,,"OVER $1,500",08/27/2025 03:53:00 PM,UNABLE TO DETERMINE,NOT APPLICABLE,3378,N,CAMPBELL AVE,1921,,Y,,,,,2,NO INDICATION OF INJURY,0,0,0,0,0,2,0,14,4,8,41.9431683499,-87.6903399628,POINT (-87.690339962816 41.943168349932)
5611155537de7133b032197da488a01ab22d752cb5a0ea18a586bd973fd12ef7fd169b9749624e7de04ad9618ef7617d0ae694fe616c18719ab5e15cab0dca9c,,08/27/2025 02:56:00 PM,25,STOP SIGN/FLASHER,FUNCTIONING PROPERLY,CLEAR,DAYLIGHT,ANGLE,DIVIDED - W/MEDIAN (NOT RAISED),,STRAIGHT AND LEVEL,DRY,NO DEFECTS,ON SCENE,INJURY AND / OR TOW DUE TO CRASH,Y,,,"OVER $1,500",08/27/2025 03:00:00 PM,DISREGARDING TRAFFIC SIGNALS,NOT APPLICABLE,1199,E,MARQUETTE RD,321,,,,,,,2,NO INDICATION OF INJURY,0,0,0,0,0,2,0,14,4,8,41.774945245,-87.5961355286,POINT (-87.596135528575 41.774945244986)
43a891dde4c315de6b4f6affe39fcab566c2758f8b47d5fcc5c47b8e1981b6b0316f2557657daa7ac409962456ebd4f949bf611fae581c097c5cc466fca92e69,,08/27/2025 02:50:00 PM,30,TRAFFIC SIGNAL,FUNCTIONING PROPERLY,CLEAR,DAYLIGHT,REAR TO FRONT,NOT DIVIDED,,STRAIGHT AND LEVEL,DRY,NO DEFECTS,ON SCENE,NO INJURY / DRIVE AWAY,,,,"OVER $1,500",08/27/2025 02:55:00 PM,IMPROPER BACKING,UNABLE TO DETERMINE,4300,S,WENTWORTH AVE,925,,,,,,,2,NO INDICATION OF INJURY,0,0,0,0,0,2,0,14,4,8,41.8163945337,-87.6313400898,POINT (-87.631340089793 41.816394533729)