CRASH_RECORD_ID,CRASH_DATE_EST_I,CRASH_DATE,POSTED_SPEED_LIMIT,TRAFFIC_CONTROL_DEVICE,DEVICE_CONDITION,WEATHER_CONDITION,LIGHTING_CONDITION,FIRST_CRASH_TYPE,TRAFFICWAY_TYPE,LANE_CNT,ALIGNMENT,ROADWAY_SURFACE_COND,ROAD_DEFECT,REPORT_TYPE,CRASH_TYPE,INTERSECTION_RELATED_I,NOT_RIGHT_OF_WAY_I,HIT_AND_RUN_I,DAMAGE,DATE_POLICE_NOTIFIED,PRIM_CONTRIBUTORY_CAUSE,SEC_CONTRIBUTORY_CAUSE,STREET_NO,STREET_DIRECTION,STREET_NAME,BEAT_OF_OCCURRENCE,PHOTOS_TAKEN_I,STATEMENTS_TAKEN_I,DOORING_I,WORK_ZONE_I,WORK_ZONE_TYPE,WORKERS_PRESENT_I,NUM_UNITS,MOST_SEVERE_INJURY,INJURIES_TOTAL,INJURIES_FATAL,INJURIES_INCAPACITATING,INJURIES_NON_INCAPACITATING,INJURIES_REPORTED_NOT_EVIDENT,INJURIES_NO_INDICATION,INJURIES_UNKNOWN,CRASH_HOUR,CRASH_DAY_OF_WEEK,CRASH_MONTH,LATITUDE,LONGITUDE,LOCATION
9d34f9ad59d1272f4a18ace08786e4406c1c4e037ebb5d6ebc9ab54ea5b3c66dbd29d6c6faaffe030d59049f4bb0c7e744ec4dcf77fdcf5396c8445aafaa3129,,08/27/2025 02:35:00 PM,30,NO CONTROLS,NO CONTROLS,CLEAR,DAYLIGHT,PARKED MOTOR VEHICLE,DIVIDED - W/MEDIAN BARRIER,,STRAIGHT AND LEVEL,UNKNOWN,UNKNOWN,NOT ON SCENE (DESK REPORT),NO INJURY / DRIVE AWAY,,,,"OVER $1,500",08/27/2025 04:44:00 PM,UNABLE TO DETERMINE,NOT APPLICABLE,1908,W,LAWRENCE AVE,2032,,,,,,,2,NO INDICATION OF INJURY,0,0,0,0,0,2,0,14,4,8,41.968899218,-87.6766175732,POINT (-87.676617573185 41.968899218005)
a708cb8fdd5d83c9f5f3bd0b665f5b6d2fa8f617cdc7b715656a22c9db1c467aeff22a03eeef62a463335f99d53f4282c3696a3003fe53d43d422e4e88440a0e,,08/27/2025 02:35:00 PM,30,TRAFFIC SIGNAL,FUNCTIONING PROPERLY,CLEAR,DAYLIGHT,TURNING,NOT DIVIDED,,STRAIGHT AND LEVEL,DRY,NO DEFECTS,NOT ON SCENE (DESK REPORT),INJURY AND / OR TOW DUE TO CRASH,,,,"OVER $1,500",08/27/2025 04:14:00 PM,FAILING TO REDUCE SPEED TO AVOID CRASH,FAILING TO REDUCE SPEED TO AVOID CRASH,2892,W,GRAND AVE,1221,,,,,,,2,"REPORTED, NOT EVIDENT",3,0,0,0,3,2,0,14,4,8,41.8956607199,-87.6996797608,POINT (-87.699679760778 41.895660719924)
e8248f67b1ab18d0e7a978e34f5d4062fbedfce908270f3d3baaa843ba8c5f123f3024050abd8e974c552f39b0662bd6671e5e9e9de9c834f924f8950090f795,,08/27/2025 02:34:00 PM,30,NO CONTROLS,NO CONTROLS,CLEAR,DAYLIGHT,REAR END,NOT DIVIDED,,STRAIGHT AND LEVEL,UNKNOWN,UNKNOWN,NOT ON SCENE (DESK REPORT),NO INJURY / DRIVE AWAY,,,Y,"OVER $1,500",08/27/2025 03:41:00 PM,UNABLE TO DETERMINE,UNABLE TO DETERMINE,1206,N,KOSTNER AVE,2533,,,,,,,2,NO INDICATION OF INJURY,0,0,0,0,0,2,0,14,4,8,41.9027321478,-87.7362996401,POINT (-87.736299640126 41.902732147792)
0fc377b8070eaebf82a9ba6a2a85a10c1a6030f65b31bb01798c02f20f42b914ed450b05b27c97ead0576bb70126d2584e16db598cbf1f5e06219ca4bd5db728,,08/27/2025 02:30:00 PM,30,NO CONTROLS,NO CONTROLS,CLEAR,DAYLIGHT,SIDESWIPE SAME DIRECTION,NOT DIVIDED,,STRAIGHT AND LEVEL,DRY,UNKNOWN,ON SCENE,INJURY AND / OR TOW DUE TO CRASH,,,,"OVER $1,500",08/27/2025 02:50:00 PM,FAILING TO YIELD RIGHT-OF-WAY,NOT APPLICABLE,2615,N,SOUTHPORT AVE,1932,,,,,,,2,"REPORTED, NOT EVIDENT",1,0,0,0,1,2,0,14,4,8,41.9293133631,-87.6633146198,POINT (-87.663314619782 41.929313363086)
1e3a71428f2e492bc9907e002356b05a93a0e8511d70f66aabca6f6a5f81dbee9e224c0dd30012e913fc95b36a6c71790e841b1f3d4d3e119e27473c811af805,,08/27/2025 02:30:00 PM,30,NO CONTROLS,NO CONTROLS,CLEAR,DAYLIGHT,TURNING,NOT DIVIDED,,STRAIGHT AND LEVEL,DRY,NO DEFECTS,NOT ON SCENE (DESK REPORT),NO INJURY / DRIVE AWAY,,,Y,"OVER $1,500",08/27/2025 04:20:00 PM,FAILING TO YIELD RIGHT-OF-WAY,FAILING TO YIELD RIGHT-OF-WAY,966,E,92ND ST,413,,,,,,,2,NO INDICATION OF INJURY,0,0,0,0,0,2,0,14,4,8,41.727709297,-87.5998256735,POINT (-87.599825673464 41.727709296985)
8af291cc69f17ff2462dce7883f9b19349ad92e45890be1a5f11a87e793dfc9af046a51dbc3e81a4ffc34b8642ce8f274c6e7979256dfc3afd3a531b1823f001,,08/27/2025 02:30:00 PM,25,NO CONTROLS,NO CONTROLS,CLEAR,DAYLIGHT,SIDESWIPE SAME DIRECTION,NOT DIVIDED,,STRAIGHT AND LEVEL,UNKNOWN,UNKNOWN,NOT ON SCENE (DESK REPORT),NO INJURY / DRIVE AWAY,,,Y,"OVER $1,500",08/27/2025 02:55:00 PM,IMPROPER OVERTAKING/PASSING,NOT APPLICABLE,1610,N,CICERO AVE,2533,,,,,,,2,NO INDICATION OF INJURY,0,0,0,0,0,2,0,14,4,8,41.9099680838,-87.7462607174,POINT (-87.746260717439 41.909968083805)
9d9952992e07451c7da964ad29f888be6dfdbc1a3b4ba939e7a954510cfd73302f8244c90caacda73a2953cb643b67b2ec4eebeef93905dd44f67d615989c7f2,,08/27/2025 02:28:00 PM,15,NO CONTROLS,NO CONTROLS,CLEAR,DAYLIGHT,HEAD ON,NOT DIVIDED,,STRAIGHT AND LEVEL,DRY,NO DEFECTS,ON SCENE,INJURY AND / OR TOW DUE TO CRASH,,,,"OVER $1,500",08/27/2025 02:29:00 PM,UNABLE TO DETERMINE,NOT APPLICABLE,4035,W,82ND PL,834,,,,,,,2,NONINCAPACITATING INJURY,1,0,0,1,0,1,0,14,4,8,41.7427770346,-87.723315604,POINT (-87.723315604048 41.742777034567)
65d7772693dbc1946cd2449db32b19d88dac7c6c220872259357c25ea411b2eb9eb04ff080dda8a05ea12b4267db67d10b1947b28debd6679c7b5acc0ba5f113,,08/27/2025 02:20:00 PM,30,UNKNOWN,UNKNOWN,CLEAR,DAYLIGHT,SIDESWIPE SAME DIRECTION,NOT DIVIDED,,STRAIGHT AND LEVEL,DRY,UNKNOWN,ON SCENE,NO INJURY / DRIVE AWAY,,,,"OVER $1,500",08/27/2025 02:45:00 PM,EQUIPMENT - VEHICLE CONDITION,EQUIPMENT - VEHICLE CONDITION,3258,W,LAWRENCE AVE,1713,,,,,,,2,NO INDICATION OF INJURY,0,0,0,0,0,2,0,14,4,8,41.9685397255,-87.710861556,POINT (-87.710861555979 41.968539725487)
337981ba71bad11b73308d5a3641413953ff7dec0329d50f361960546bbe73750566d0884955911ac68aa54275662706ba8a0d59e19cd2ca6ea9757897e9503d,,08/27/2025 02:15:00 PM,30,TRAFFIC SIGNAL,FUNCTIONING PROPERLY,CLEAR,DAYLIGHT,SIDESWIPE SAME DIRECTION,DIVIDED - W/MEDIAN (NOT RAISED),,STRAIGHT AND LEVEL,DRY,NO DEFECTS,NOT ON SCENE (DESK REPORT),NO INJURY / DRIVE AWAY,,,Y,"OVER $1,500",08/27/2025 02:30:00 PM,IMPROPER OVERTAKING/PASSING,NOT APPLICABLE,2601,N,SACRAMENTO AVE,1411,,,,,,,2,NO INDICATION OF INJURY,0,0,0,0,0,2,0,14,4,8,41.9287488684,-87.7022813894,POINT (-87.702281389423 41.928748868391)
c62d30ff6fdd87eb0edcbd38eaaed751d90bb28931a4b24ba505e055b259e17f2c750a1f68333231a4d01c3230d15d1dfe1732c0a22ff6900c3b16a5b8835616,,08/27/2025 02:15:00 PM,30,TRAFFIC SIGNAL,FUNCTIONING PROPERLY,CLEAR,DAYLIGHT,SIDESWIPE SAME DIRECTION,FOUR WAY,,STRAIGHT AND LEVEL,DRY,NO DEFECTS,,NO INJURY / DRIVE AWAY,Y,,,$500 OR LESS,08/27/2025 03:50:00 PM,FOLLOWING TOO CLOSELY,NOT APPLICABLE,4686,S,COTTAGE GROVE AVE,221,,,,,,,2,NO INDICATION OF INJURY,0,0,0,0,0,3,0,14,4,8,41.80962191,-87.6067139927,POINT (-87.60671399272 41.809621910024)
95046465876beddb95dba355d3751d4cf2e0163284b285722b1b2b9d654867cde35b36ba42ab35e021bd0dc168096001c3d2d656246c8a33e189eddc6b884445,,08/27/2025 02:07:00 PM,30,NO CONTROLS,NO CONTROLS,CLEAR,DAYLIGHT,REAR TO FRONT,DIVIDED - W/MEDIAN (NOT RAISED),,STRAIGHT AND LEVEL,DRY,NO DEFECTS,NOT ON SCENE (DESK REPORT),NO INJURY / DRIVE AWAY,,,,"$501 - $1,500",08/27/2025 02:43:00 PM,UNABLE TO DETERMINE,NOT APPLICABLE,3533,N,KOSTNER AVE,1731,,,,,,,2,NO INDICATION OF INJURY,0,0,0,0,0,2,0,14,4,8,41.945424636,-87.737061013,POINT (-87.737061012979 41.945424635956)
224e090e9935e509f9982bcfc1a6748f390bc75a2dcce7168d3afc56d1fe5af3f4adf4eb5ef459eabafba75dd71613edb21d9e9bdfe989f76321d85fe55ae593,,08/27/2025 02:00:00 PM,30,NO CONTROLS,NO CONTROLS,CLEAR,DAYLIGHT,PARKED MOTOR VEHICLE,NOT DIVIDED,,STRAIGHT AND LEVEL,DRY,NO DEFECTS,NOT ON SCENE (DESK REPORT),NO INJURY / DRIVE AWAY,,,Y,"OVER $1,500",08/27/2025 03:14:00 PM,NOT APPLICABLE,NOT APPLICABLE,5110,S,ST LOUIS AVE,822,,,,,,,2,NO INDICATION OF INJURY,0,0,0,0,0,2,0,14,4,8,41.8003387393,-87.7112594059,POINT (-87.711259405947 41.800338739339)
3132ea989178168a47feea5bf6a2858f481493f402de687d0cd43618ac3c1952180f69af3606c215bccc9ec7fbc8f23dcb9a2d3913a3895ead0b71c7ef0eb124,,08/27/2025 02:00:00 PM,30,NO CONTROLS,NO CONTROLS,CLEAR,DAYLIGHT,PARKED MOTOR VEHICLE,NOT DIVIDED,,STRAIGHT AND LEVEL,DRY,NO DEFECTS,NOT ON SCENE (DESK REPORT),NO INJURY / DRIVE AWAY,,,,$500 OR LESS,08/28/2025 10:40:00 AM,UNABLE TO DETERMINE,UNABLE TO DETERMINE,5927,W,LAWRENCE AVE,1622,,,,,,,2,NO INDICATION OF INJURY,0,0,0,0,0,1,0,14,4,8,41.9675617766,-87.7758682927,POINT (-87.77586829271 41.96756177659)
d97777bc9ae08b79cf0a43b004925588854cf26fe14b17319cc27ec5ce81854db1d733a959be13a38522afb8ff40161741cc48ab4ce768a9801b30782726abbb,Y,08/27/2025 02:00:00 PM,30,TRAFFIC SIGNAL,FUNCTIONING PROPERLY,CLEAR,DAYLIGHT,REAR TO FRONT,NOT DIVIDED,,STRAIGHT AND LEVEL,DRY,NO DEFECTS,ON SCENE,NO INJURY / DRIVE AWAY,,,,"OVER $1,500",08/27/2025 04:22:00 PM,IMPROPER BACKING,NOT APPLICABLE,6398,W,DICKENS AVE,2512,,,,,,,2,NO INDICATION OF INJURY,0,0,0,0,0,3,0,14,4,8,41.9183383339,-87.7852199319,POINT (-87.785219931892 41.918338333931)
2e138da6e5fa62647c514aea336e1eeed1477689e77fec72f873e859a621c7461aa4531e0e78ad99fc020eb60362754918e4bf9b6e2ef78fc0d3bb27ac1bd6b5,,08/27/2025 01:51:00 PM,10,NO CONTROLS,NO CONTROLS,CLEAR,DAYLIGHT,ANGLE,PARKING LOT,,STRAIGHT AND LEVEL,UNKNOWN,UNKNOWN,NOT ON SCENE (DESK REPORT),NO INJURY / DRIVE AWAY,,Y,,"OVER $1,500",08/27/2025 05:45:00 PM,IMPROPER BACKING,NOT APPLICABLE,6948,W,GRAND AVE,2512,,,,,,,2,NO INDICATION OF INJURY,0,0,0,0,0,2,0,13,4,8,41.9236732565,-87.7996266459,POINT (-87.799626645945 41.923673256513)
3df7d23f5f32bea062c19e330ab50324020bde26a86401a46ee766e7e1c3771235886b4df7d1c1b7aebdaccc55ceb34bba8dd6dcbf9f8693399ea8b55164c7ee,,08/27/2025 01:49:00 PM,30,NO CONTROLS,NO CONTROLS,CLEAR,DAYLIGHT,PARKED MOTOR VEHICLE,DIVIDED - W/MEDIAN (NOT RAISED),,STRAIGHT AND LEVEL,DRY,NO DEFECTS,ON SCENE,NO INJURY / DRIVE AWAY,,,Y,"$501 - $1,500",08/27/2025 01:55:00 PM,NOT APPLICABLE,NOT APPLICABLE,4771,N,ELSTON AVE,1722,,Y,,,,,2,NO INDICATION OF INJURY,0,0,0,0,0,1,0,13,4,8,41.9676824885,-87.7393053431,POINT (-87.739305343138 41.96768248849)
004ed52421cd8664ce43d674d90174e49bb6a70233fb93168f29a0c282bda4cae98f19465a23e5e1d52dbe38f0d815053f66316f12fa48582d9464f62c01acc0,,08/27/2025 01:45:00 PM,25,TRAFFIC SIGNAL,UNKNOWN,CLEAR,DAYLIGHT,TURNING,FOUR WAY,,STRAIGHT AND LEVEL,UNKNOWN,UNKNOWN,NOT ON SCENE (DESK REPORT),NO INJURY / DRIVE AWAY,Y,,,"OVER $1,500",08/27/2025 03:15:00 PM,UNABLE TO DETERMINE,UNABLE TO DETERMINE,5701,N,SHERIDAN RD,2022,,,,,,,2,NO INDICATION OF INJURY,0,0,0,0,0,2,0,13,4,8,41.985638421,-87.6550943233,POINT (-87.655094323271 41.985638421049)
223ef3f7308da2fc46d338ed6bab0e68e7ec07375614c37ec58adfda9a3494e1ddb7651efa8ef9c2ffa7e8b2c8b7f4ae25e69b8a0b8f0cf6b309a6e60bb80bf5,,08/27/2025 01:35:00 PM,30,TRAFFIC SIGNAL,FUNCTIONING PROPERLY,CLEAR,DAYLIGHT,TURNING,T-INTERSECTION,,STRAIGHT AND LEVEL,DRY,NO DEFECTS,ON SCENE,NO INJURY / DRIVE AWAY,Y,,,"OVER $1,500",08/27/2025 01:45:00 PM,FOLLOWING TOO CLOSELY,UNABLE TO DETERMINE,6335,N,LEHIGH AVE,1621,,,,,,,2,NO INDICATION OF INJURY,0,0,0,0,0,2,0,13,4,8,41.9952446905,-87.7645087254,POINT (-87.764508725414 41.995244690518)
15bc39b2b41c34101843e5a3ede3479625d80abe1b07d9afe11c7c764537d32a705f2923e079492b5dcbea0e3f0a55dd8b0629ce47dd5fc2d689530ee720fee9,,08/27/2025 01:33:00 PM,30,NO CONTROLS,NO CONTROLS,CLEAR,DAYLIGHT,PARKED MOTOR VEHICLE,DIVIDED - W/MEDIAN (NOT RAISED),,STRAIGHT AND LEVEL,DRY,NO DEFECTS,NOT ON SCENE (DESK REPORT),NO INJURY / DRIVE AWAY,,,,"$501 - $1,500",08/27/2025 02:15:00 PM,UNABLE TO DETERMINE,UNABLE TO DETERMINE,7416,N,WESTERN AVE,2411,,,,,,,2,NO INDICATION OF INJURY,0,0,0,0,0,1,0,13,4,8,42.0156550891,-87.6900672771,POINT (-87.690067277072 42.015655089144)
a8567d2d3804f2b7a5283b8012b03d5687e6804c01120c8141bc2009de1eea2ee9c881a7d3862e4c8d7949e5944be3a5ad33330ff0f10f2ddbccc1bb92b783c4,,08/27/2025 01:33:00 PM,35,TRAFFIC SIGNAL,FUNCTIONING PROPERLY,CLEAR,DAYLIGHT,SIDESWIPE SAME DIRECTION,NOT DIVIDED,,STRAIGHT AND LEVEL,DRY,NO DEFECTS,ON SCENE,NO INJURY / DRIVE AWAY,Y,,,"$501 - $1,500",08/27/2025 01:42:00 PM,DRIVING SKILLS/KNOWLEDGE/EXPERIENCE,NOT APPLICABLE,2750,N,MILWAUKEE AVE,1412,,,,,,,2,NO INDICATION OF INJURY,0,0,0,0,0,2,0,13,4,8,41.9310650598,-87.7109113704,POINT (-87.710911370442 41.931065059766)
c608567155869918abb74ea4e57482d91452df337f40d4366912c2d3d0b98e83548c9954c70afaf88d45b304c269a78364e37eb28b46084358501a9b3c4a0b91,,08/27/2025 01:30:00 PM,10,NO CONTROLS,NO CONTROLS,CLEAR,DAYLIGHT,REAR TO FRONT,PARKING LOT,,STRAIGHT AND LEVEL,DRY,UNKNOWN,ON SCENE,NO INJURY / DRIVE AWAY,,,Y,"OVER $1,500",08/27/2025 01:38:00 PM,UNABLE TO DETERMINE,NOT APPLICABLE,2333,N,ASHLAND AVE,1811,,,,,,,2,NO INDICATION OF INJURY,0,0,0,0,0,3,0,13,4,8,41.924324863,-87.6679664277,POINT (-87.667966427682 41.924324862983)
d9500c099fa04233eb61e4a10f4d4d15844bb8ded11f91a36b13837db96e90b3a47ad65cb29fc07d25a0bb88a91359a255f881b66a3dc41078298506c99eb489,,08/27/2025 01:30:00 PM,30,TRAFFIC SIGNAL,FUNCTIONING PROPERLY,CLEAR,DAYLIGHT,ANGLE,NOT DIVIDED,,STRAIGHT AND LEVEL,DRY,NO DEFECTS,ON SCENE,NO INJURY / DRIVE AWAY,,,Y,"OVER $1,500",08/27/2025 01:33:00 PM,IMPROPER BACKING,IMPROPER BACKING,3998,W,WILSON AVE,1723,,,,,,,2,NO INDICATION OF INJURY,0,0,0,0,0,4,0,13,4,8,41.9647041504,-87.7278999883,POINT (-87.727899988269 41.964704150411)
4d4cce52ec201b35e25d449e047e72689898c8fae15a385884e8fcb8391db532d5ba5cd286556413fd7e41db1e84406520f9ecff2361303412a5a50505c2622b,,08/27/2025 01:25:00 PM,10,NO CONTROLS,NO CONTROLS,CLEAR,DAYLIGHT,ANGLE,ALLEY,,STRAIGHT AND LEVEL,DRY,UNKNOWN,NOT ON SCENE (DESK REPORT),NO INJURY / DRIVE AWAY,,,Y,"OVER $1,500",08/27/2025 04:20:00 PM,UNABLE TO DETERMINE,NOT APPLICABLE,749,E,73RD ST,323,,,,,,,2,NO INDICATION OF INJURY,0,0,0,0,0,2,0,13,4,8,41.7621114018,-87.6059716642,POINT (-87.605971664189 41.762111401802)
c00cb2520abcf24cce95504f1d22f117464b484f79d8546711309e2df1bb7ed19b951ecdc782db6b85174419a0f002828fab915bcc508883cc57ccf45696ef36,,08/27/2025 01:25:00 PM,25,NO CONTROLS,NO CONTROLS,CLEAR,DAYLIGHT,REAR END,NOT DIVIDED,,STRAIGHT AND LEVEL,UNKNOWN,UNKNOWN,NOT ON SCENE (DESK REPORT),NO INJURY / DRIVE AWAY,,,,"OVER $1,500",08/27/2025 02:20:00 PM,FOLLOWING TOO CLOSELY,NOT APPLICABLE,2110,N,CICERO AVE,2522,,,,,,,2,NO INDICATION OF INJURY,0,0,0,0,0,2,0,13,4,8,41.9190940131,-87.7463239656,POINT (-87.746323965567 41.919094013125)
58e81b0d4060414da28967c2aa4c6347c4d2f8ab2a8862f392b09cadc42b68ff17d258ea8c05a114e1a1fa97ba7484d1c9956d07e456a85c70dd415facf6797d,,08/27/2025 01:22:00 PM,30,TRAFFIC SIGNAL,FUNCTIONING PROPERLY,CLEAR,DAYLIGHT,SIDESWIPE SAME DIRECTION,FOUR WAY,,STRAIGHT AND LEVEL,DRY,NO DEFECTS,ON SCENE,INJURY AND / OR TOW DUE TO CRASH,,,Y,"OVER $1,500",08/27/2025 01:24:00 PM,IMPROPER OVERTAKING/PASSING,UNABLE TO DETERMINE,4500,W,LAKE ST,1113,,,,,,,2,NO INDICATION OF INJURY,0,0,0,0,0,2,0,13,4,8,41.8862827142,-87.7382065929,POINT (-87.738206592881 41.886282714158)
71d6491ddd0df9279bfd010d6ae9626cb9c89268f255822f8ff6b42cf3b58dfc5aff1467de6025611b464ef313932e012375ece7010986d57f40ca96eb209957,,08/27/2025 01:15:00 PM,25,TRAFFIC SIGNAL,FUNCTIONING PROPERLY,CLEAR,DAYLIGHT,REAR END,NOT DIVIDED,,STRAIGHT AND LEVEL,DRY,NO DEFECTS,NOT ON SCENE (DESK REPORT),NO INJURY / DRIVE AWAY,Y,,Y,"OVER $1,500",08/27/2025 01:30:00 PM,FOLLOWING TOO CLOSELY,UNABLE TO DETERMINE,3500,S,PULASKI RD,1031,,,,,,,2,NO INDICATION OF INJURY,0,0,0,0,0,2,0,13,4,8,41.830223541,-87.7243519545,POINT (-87.724351954456 41.830223541014)
0435524b2eb0615216c172d44fa23c4cf4eda9640a6ccbc50ef339d84a92757d9fb70c5fbae01d05ab17004254b4ccf383432f3557fa4330ca819c0b795da110,,08/27/2025 01:00:00 PM,30,NO CONTROLS,NO CONTROLS,CLEAR,DAYLIGHT,SIDESWIPE SAME DIRECTION,NOT DIVIDED,,STRAIGHT AND LEVEL,DRY,NO DEFECTS,NOT ON SCENE (DESK REPORT),NO INJURY / DRIVE AWAY,Y,,,"$501 - $1,500",08/27/2025 01:15:00 PM,UNABLE TO DETERMINE,UNABLE TO DETERMINE,2331,W,DEVON AVE,2413,,,,,,,2,NO INDICATION OF INJURY,0,0,0,0,0,2,0,13,4,8,41.9976395587,-87.6887205399,POINT (-87.688720539875 41.997639558745)
36df98582081c24535acc9ca60a0726aa93d4d670fcff7e4fd907fefd810c0a82fac4143d9163ef18d93b043c273f16a3291c61c80596fd67891a99854f675a6,,08/27/2025 01:00:00 PM,30,NO CONTROLS,NO CONTROLS,CLEAR,DAYLIGHT,TURNING,DIVIDED - W/MEDIAN (NOT RAISED),,STRAIGHT AND LEVEL,DRY,UNKNOWN,NOT ON SCENE (DESK REPORT),NO INJURY / DRIVE AWAY,,,,"OVER $1,500",08/27/2025 01:30:00 PM,DRIVING SKILLS/KNOWLEDGE/EXPERIENCE,NOT APPLICABLE,3158,N,ELSTON AVE,1411,,,,,,,2,NO INDICATION OF INJURY,0,0,0,0,0,2,0,13,4,8,41.9384890279,-87.6972262203,POINT (-87.697226220263 41.938489027927)
5356b7f2429a918d927dedc3700e59f99d08ba95d566a0dfd0c9bd53e186c9e84cd7bea99397161c4da416d3d0fcf23a2017298f42b34dc80248a9a84b88d9e0,,08/27/2025 01:00:00 PM,30,STOP SIGN/FLASHER,UNKNOWN,CLEAR,DAYLIGHT,TURNING,FOUR WAY,,STRAIGHT AND LEVEL,UNKNOWN,UNKNOWN,NOT ON SCENE (DESK REPORT),NO INJURY / DRIVE AWAY,Y,,Y,"OVER $1,500",08/27/2025 03:00:00 PM,UNABLE TO DETERMINE,UNABLE TO DETERMINE,7310,N,SHERIDAN RD,2423,,,,,,,2,NO INDICATION OF INJURY,0,0,0,0,0,2,0,13,4,8,42.0142592828,-87.6644139029,POINT (-87.664413902917 42.014259282794)
98d01753f9adc7d2cf9d3677c6e2543fc428df02e6ff22ec3bd41c41265597f86a837a5e763710e284bbc1388d2641d50198f42ee9368155ed260cdae034b88d,,08/27/2025 01:00:00 PM,30,TRAFFIC SIGNAL,UNKNOWN,CLEAR,DAYLIGHT,SIDESWIPE SAME DIRECTION,NOT DIVIDED,,STRAIGHT AND LEVEL,DRY,UNKNOWN,NOT ON SCENE (DESK REPORT),NO INJURY / DRIVE AWAY,,,,"OVER $1,500",08/27/2025 03:15:00 PM,UNABLE TO DETERMINE,UNABLE TO DETERMINE,9300,S,JEFFERY AVE,413,,,,,,,2,NO INDICATION OF INJURY,0,0,0,0,0,2,0,13,4,8,41.7260228502,-87.5755902772,POINT (-87.575590277239 41.726022850207)
20b1fbd1c524849c6dbd5f0b0a816b01e1442f13dbdf09d1a48c207dd6d02f620d5b01b1a670a49b1060c346b13395452fc291200839231b741367b19ad9eb6f,,08/27/2025 12:59:00 PM,25,TRAFFIC SIGNAL,FUNCTIONING PROPERLY,CLEAR,DAYLIGHT,SIDESWIPE SAME DIRECTION,DIVIDED - W/MEDIAN BARRIER,,STRAIGHT AND LEVEL,DRY,NO DEFECTS,ON SCENE,INJURY AND / OR TOW DUE TO CRASH,,,N,"$501 - $1,500",08/27/2025 01:52:00 PM,IMPROPER LANE USAGE,NOT APPLICABLE,2,N,MICHIGAN AVE,112,,,,,,,2,NONINCAPACITATING INJURY,1,0,0,1,0,1,0,12,4,8,41.8821641673,-87.6245142736,POINT (-87.624514273622 41.88216416733)
037de6fb379df37d217950869cb8dc6672a6a39a537b1c65d7d1bbe58358b3477f5dd6262c35f30996af07223e4dedff7efc702d2f3b2dfc7a0c1d6da7457d17,,08/27/2025 12:50:00 PM,30,TRAFFIC SIGNAL,FUNCTIONING PROPERLY,CLEAR,DAYLIGHT,TURNING,NOT DIVIDED,,STRAIGHT AND LEVEL,DRY,NO DEFECTS,NOT ON SCENE (DESK REPORT),NO INJURY / DRIVE AWAY,Y,,,"OVER $1,500",08/27/2025 01:15:00 PM,FAILING TO YIELD RIGHT-OF-WAY,IMPROPER TURNING/NO SIGNAL,5200,W,DIVERSEY AVE,2514,,,,,,,2,NO INDICATION OF INJURY,0,0,0,0,0,3,0,12,4,8,41.9315074829,-87.7565456461,POINT (-87.756545646123 41.931507482859)
27cb3cb3831bc419622e554a93804312964cebe474a7af2b39d5e5c79b5a503c7188f63bf55a7e8ce535dacbbfaee66cb7e932945e540385bd0670a47e54d4b3,,08/27/2025 12:33:00 PM,30,NO CONTROLS,NO CONTROLS,CLEAR,DAYLIGHT,PARKED MOTOR VEHICLE,PARKING LOT,,STRAIGHT AND LEVEL,DRY,NO DEFECTS,NOT ON SCENE (DESK REPORT),NO INJURY / DRIVE AWAY,,,Y,"OVER $1,500",08/27/2025 01:30:00 PM,UNABLE TO DETERMINE,UNABLE TO DETERMINE,1341,N,PAULINA ST,1433,,,,,,,2,NO INDICATION OF INJURY,0,0,0,0,0,1,0,12,4,8,41.9062437031,-87.6698622813,POINT (-87.669862281285 41.906243703085)
09abd51814d793feeb4b6ef2f32ce65a6983d2f2822c1a4bed793f0d045c6e4685b7ec0437d616b3615793814b5be38ca945b5a072fbaa6c85b2c43a65c6af79,,08/27/2025 12:13:00 PM,25,NO CONTROLS,NO CONTROLS,CLEAR,DAYLIGHT,OTHER OBJECT,OTHER,,STRAIGHT AND LEVEL,UNKNOWN,UNKNOWN,ON SCENE,NO INJURY / DRIVE AWAY,,,,"OVER $1,500",08/27/2025 12:13:00 PM,UNABLE TO DETERMINE,UNABLE TO DETERMINE,2701,W,CONGRESS PKWY,1135,,,,,,,1,NO INDICATION OF INJURY,0,0,0,0,0,1,0,12,4,8,41.8748014475,-87.6938120806,POINT (-87.693812080642 41.874801447495)
9b3effbd2880189ad62d3bc5a0de1fb93f1b3caca2cc5c0e8b11fea4aeb5cc409930374249ff9142c4adaf5e78a8ba39b25316c0057d9e28bf4a794ec23c6350,,08/27/2025 12:00:00 PM,30,NO CONTROLS,UNKNOWN,CLEAR,DAYLIGHT,PEDESTRIAN,NOT DIVIDED,,STRAIGHT AND LEVEL,DRY,NO DEFECTS,NOT ON SCENE (DESK REPORT),INJURY AND / OR TOW DUE TO CRASH,,,Y,$500 OR LESS,08/27/2025 03:30:00 PM,UNABLE TO DETERMINE,UNABLE TO DETERMINE,3405,S,MICHIGAN AVE,211,,,,,,,3,NONINCAPACITATING INJURY,2,0,0,1,1,1,0,12,4,8,41.8326781301,-87.623147607,POINT (-87.62314760699 41.832678130122)