CRASH_RECORD_ID,CRASH_DATE_EST_I,CRASH_DATE,POSTED_SPEED_LIMIT,TRAFFIC_CONTROL_DEVICE,DEVICE_CONDITION,WEATHER_CONDITION,LIGHTING_CONDITION,FIRST_CRASH_TYPE,TRAFFICWAY_TYPE,LANE_CNT,ALIGNMENT,ROADWAY_SURFACE_COND,ROAD_DEFECT,REPORT_TYPE,CRASH_TYPE,INTERSECTION_RELATED_I,NOT_RIGHT_OF_WAY_I,HIT_AND_RUN_I,DAMAGE,DATE_POLICE_NOTIFIED,PRIM_CONTRIBUTORY_CAUSE,SEC_CONTRIBUTORY_CAUSE,STREET_NO,STREET_DIRECTION,STREET_NAME,BEAT_OF_OCCURRENCE,PHOTOS_TAKEN_I,STATEMENTS_TAKEN_I,DOORING_I,WORK_ZONE_I,WORK_ZONE_TYPE,WORKERS_PRESENT_I,NUM_UNITS,MOST_SEVERE_INJURY,INJURIES_TOTAL,INJURIES_FATAL,INJURIES_INCAPACITATING,INJURIES_NON_INCAPACITATING,INJURIES_REPORTED_NOT_EVIDENT,INJURIES_NO_INDICATION,INJURIES_UNKNOWN,CRASH_HOUR,CRASH_DAY_OF_WEEK,CRASH_MONTH,LATITUDE,LONGITUDE,LOCATION
4d1bce1907b1e35a5ee7285558ea243e1f3f60370740c2fe7a12c7f590ea5fa38e1789f11ee115d36d9bca46487df0131a7d36459dd77f4909a9ea6cf2f33c02,,08/27/2025 11:46:00 AM,15,NO CONTROLS,NO CONTROLS,CLEAR,DAWN,FIXED OBJECT,PARKING LOT,,"CURVE, LEVEL",DRY,UNKNOWN,ON SCENE,NO INJURY / DRIVE AWAY,,Y,,"OVER $1,500",08/27/2025 11:48:00 AM,UNABLE TO DETERMINE,UNABLE TO DETERMINE,1030,N,CLARK ST,1824,,,,,,,1,NO INDICATION OF INJURY,0,0,0,0,0,1,0,11,4,8,41.9015319827,-87.6315260681,POINT (-87.631526068052 41.901531982704)
92f46dfe5690432d9494402cbe92e9b3df468f1d870f91f823887b23cb8d9c1b177655946048d9c969f19cb5ffe4156bc7afbdc62833658709e531a40ea0bb02,Y,08/27/2025 11:45:00 AM,30,NO CONTROLS,FUNCTIONING PROPERLY,CLEAR,DAYLIGHT,SIDESWIPE SAME DIRECTION,NOT DIVIDED,,STRAIGHT AND LEVEL,DRY,NO DEFECTS,ON SCENE,NO INJURY / DRIVE AWAY,,,,"$501 - $1,500",08/27/2025 11:51:00 AM,EQUIPMENT - VEHICLE CONDITION,EQUIPMENT - VEHICLE CONDITION,5607,W,GRAND AVE,2515,,,,,,,2,NO INDICATION OF INJURY,0,0,0,0,0,2,0,11,4,8,41.9187173377,-87.7661839479,POINT (-87.766183947937 41.918717337732)
af44e1767a7eb44e3d8b36e77bcbc597c7fa2827c4f3d8bb1ae21fe90938419a47608ce4623c4a9128036d7ee510c67c981655163560c7210421acd8fe74bf60,Y,08/27/2025 11:45:00 AM,30,TRAFFIC SIGNAL,FUNCTIONING PROPERLY,CLEAR,DAYLIGHT,REAR END,FOUR WAY,,STRAIGHT AND LEVEL,DRY,UNKNOWN,ON SCENE,NO INJURY / DRIVE AWAY,,,,$500 OR LESS,08/27/2025 11:51:00 AM,FOLLOWING TOO CLOSELY,FOLLOWING TOO CLOSELY,6300,S,WESTERN AVE,825,,Y,,,,,2,NO INDICATION OF INJURY,0,0,0,0,0,3,0,11,4,8,41.7791234838,-87.6837830986,POINT (-87.683783098636 41.77912348384)
8e257938087e31b09e0631e62526c87ad3ad06fb289b4292520ac974cbb68a83082f896e0e7c7e56899002bea191a15bbbd271640c3b1b67406d1468638b1aab,,08/27/2025 11:44:00 AM,30,NO CONTROLS,NO CONTROLS,CLEAR,DAYLIGHT,SIDESWIPE SAME DIRECTION,OTHER,,"CURVE, LEVEL",DRY,NO DEFECTS,NOT ON SCENE (DESK REPORT),NO INJURY / DRIVE AWAY,,,,"OVER $1,500",08/27/2025 03:07:00 PM,IMPROPER OVERTAKING/PASSING,NOT APPLICABLE,4555,W,59TH ST,813,,,,,,,2,NO INDICATION OF INJURY,0,0,0,0,0,2,0,11,4,8,41.7856759445,-87.7373937286,POINT (-87.737393728604 41.78567594446)
3da44aa4e6aa1886011bdeb1ada484ccf6c6e1f68cc97238d7bd82807e650a4ebc793c6d9a611f0a738843600d933da7bfc75a6a69c3ed0e8e79651816524917,,08/27/2025 11:40:00 AM,30,UNKNOWN,UNKNOWN,UNKNOWN,DAYLIGHT,PARKED MOTOR VEHICLE,NOT DIVIDED,,STRAIGHT AND LEVEL,UNKNOWN,UNKNOWN,NOT ON SCENE (DESK REPORT),NO INJURY / DRIVE AWAY,,,,$500 OR LESS,08/27/2025 02:00:00 PM,UNABLE TO DETERMINE,UNABLE TO DETERMINE,676,N,ST CLAIR ST,1834,,,,,,,2,NO INDICATION OF INJURY,0,0,0,0,0,1,0,11,4,8,41.8948529614,-87.6229018004,POINT (-87.622901800428 41.89485296136)
be5fca0e237b0217cc09501785f74bd8bfbd78352d02cb61699329fffc57a137e3062ddb3ba84f27d3dffaa129be3326531cb8d45719d006d7e7f2341eaf3509,,08/27/2025 11:40:00 AM,30,NO CONTROLS,NO CONTROLS,CLEAR,DAYLIGHT,TURNING,NOT DIVIDED,,STRAIGHT AND LEVEL,DRY,NO DEFECTS,NOT ON SCENE (DESK REPORT),NO INJURY / DRIVE AWAY,,,Y,"OVER $1,500",08/27/2025 12:30:00 PM,IMPROPER LANE USAGE,DRIVING SKILLS/KNOWLEDGE/EXPERIENCE,7068,S,SOUTH CHICAGO AVE,322,Y,Y,,,,,2,NO INDICATION OF INJURY,0,0,0,0,0,3,0,11,4,8,41.7665013743,-87.6066709895,POINT (-87.606670989463 41.766501374296)
4b9df8fff0c6b3f2fc6a4cc105d53c1f12b72033cab4b9553abb4fd5ef2776a2d883018612baaa90b1dfba0c781bc20c9d423575e5eca2dab47e0238a361ccf7,,08/27/2025 11:38:00 AM,30,TRAFFIC SIGNAL,FUNCTIONING PROPERLY,CLEAR,DAYLIGHT,ANGLE,T-INTERSECTION,,STRAIGHT AND LEVEL,DRY,NO DEFECTS,ON SCENE,INJURY AND / OR TOW DUE TO CRASH,Y,,,"OVER $1,500",08/27/2025 11:39:00 AM,DISREGARDING TRAFFIC SIGNALS,DRIVING SKILLS/KNOWLEDGE/EXPERIENCE,3200,W,35TH ST,911,,,,,,,3,"REPORTED, NOT EVIDENT",2,0,0,0,2,3,0,11,4,8,41.830133934,-87.7047449824,POINT (-87.704744982369 41.830133934015)
ad730825b16ca9a890fdfd278bbe6f74ba4713a20d042533ae17ff5d1e5481356765214535ae0766469dc35f0bc09fba4b09fcf862f765d6e5435d1fe6edb0ab,,08/27/2025 11:30:00 AM,30,NO CONTROLS,NO CONTROLS,CLEAR,DAYLIGHT,PARKED MOTOR VEHICLE,DIVIDED - W/MEDIAN (NOT RAISED),,STRAIGHT AND LEVEL,DRY,NO DEFECTS,ON SCENE,NO INJURY / DRIVE AWAY,,,,"OVER $1,500",08/27/2025 11:35:00 AM,UNABLE TO DETERMINE,UNABLE TO DETERMINE,6239,S,KEDZIE AVE,823,,,,,,,2,NO INDICATION OF INJURY,0,0,0,0,0,1,0,11,4,8,41.7796156654,-87.7030089287,POINT (-87.703008928675 41.779615665398)
296179f06f121397344a17e46965593f27b9652611d3a62a0b88e92635e45d401e1b3d866ed73f53fa44a01022495a97a723be819b866aee236cc83ba0f96199,,08/27/2025 11:15:00 AM,15,STOP SIGN/FLASHER,FUNCTIONING PROPERLY,CLEAR,DAYLIGHT,ANGLE,ONE-WAY,,STRAIGHT AND LEVEL,DRY,NO DEFECTS,NOT ON SCENE (DESK REPORT),NO INJURY / DRIVE AWAY,,,,"$501 - $1,500",08/27/2025 11:50:00 AM,DISTRACTION - FROM INSIDE VEHICLE,NOT APPLICABLE,950,W,77TH ST,621,,,,,,,2,NO INDICATION OF INJURY,0,0,0,0,0,2,0,11,4,8,41.7543252568,-87.6485940323,POINT (-87.648594032283 41.754325256813)
d06fedf452a207ae71cd28df0667ffb159353d62ce0cd64a7de4366f47c9b64955673a2504e7ed7d9bdc2062685dc834732d78b3f28e3100d67b9bd04057d527,,08/27/2025 11:15:00 AM,30,TRAFFIC SIGNAL,FUNCTIONING PROPERLY,CLEAR,DAYLIGHT,TURNING,NOT DIVIDED,,STRAIGHT AND LEVEL,DRY,UNKNOWN,ON SCENE,INJURY AND / OR TOW DUE TO CRASH,Y,,,"OVER $1,500",08/27/2025 11:16:00 AM,UNABLE TO DETERMINE,UNABLE TO DETERMINE,8299,S,CICERO AVE,834,,Y,,,,,3,NONINCAPACITATING INJURY,3,0,0,3,0,0,0,11,4,8,41.7419760063,-87.7409597171,POINT (-87.740959717131 41.741976006325)
35b478adeaddf7e4002d6021140afef48676867e7f071c3065932c41061c8ae71489369f64180247d6929b9bff09d3b63e0e7b0485d3e94a5c66f71a5f691937,,08/27/2025 11:10:00 AM,25,NO CONTROLS,NO CONTROLS,CLEAR,DAYLIGHT,PARKED MOTOR VEHICLE,PARKING LOT,,STRAIGHT AND LEVEL,DRY,NO DEFECTS,NOT ON SCENE (DESK REPORT),NO INJURY / DRIVE AWAY,,Y,,"$501 - $1,500",08/27/2025 11:20:00 AM,IMPROPER BACKING,IMPROPER BACKING,3340,W,FILLMORE ST,1134,Y,Y,,,,,2,NO INDICATION OF INJURY,0,0,0,0,0,1,0,11,4,8,41.8682853974,-87.7097998579,POINT (-87.709799857895 41.86828539742)
b2d6f57105707baf8b4e3c78c2a7d4e5f953cb5e1f736f9f8257b44d098b5bd14c7f6b796ba4128e4f996708bf0be5776e78dea0feb30500c5db2adec7418d56,,08/27/2025 11:10:00 AM,30,STOP SIGN/FLASHER,FUNCTIONING PROPERLY,CLEAR,DAYLIGHT,TURNING,NOT DIVIDED,,STRAIGHT AND LEVEL,DRY,NO DEFECTS,ON SCENE,INJURY AND / OR TOW DUE TO CRASH,Y,,,"OVER $1,500",08/27/2025 11:14:00 AM,DISTRACTION - FROM OUTSIDE VEHICLE,NOT APPLICABLE,3930,N,LINCOLN AVE,1922,Y,Y,,,,,3,"REPORTED, NOT EVIDENT",1,0,0,0,1,2,0,11,4,8,41.9531392226,-87.6782140354,POINT (-87.678214035374 41.953139222572)
f2bfe6a8ef782d018be3720397f7a66ce7a05881a1784a176b3fe92a0fc418d27c62edf8fc79441a39535f9a0aab05db473350aad5a5ccc22be712b4087cdfae,,08/27/2025 11:10:00 AM,25,TRAFFIC SIGNAL,FUNCTIONING PROPERLY,CLEAR,DAYLIGHT,TURNING,DIVIDED - W/MEDIAN (NOT RAISED),,STRAIGHT AND LEVEL,DRY,NO DEFECTS,,NO INJURY / DRIVE AWAY,,,,"OVER $1,500",08/27/2025 11:20:00 AM,IMPROPER OVERTAKING/PASSING,IMPROPER OVERTAKING/PASSING,8301,S,HALSTED ST,622,,,,,,,2,NO INDICATION OF INJURY,0,0,0,0,0,2,0,11,4,8,41.7432687864,-87.6436819032,POINT (-87.643681903238 41.743268786393)
028cbf33f7353f9f8520f41594a45d3d9bb5c72badafd107eb0e4bffc8a2c36992bdab342a9a6d782a71a6f4e50f9b74ea57bb4e76203924f988ce042e284bb2,,08/27/2025 11:00:00 AM,30,NO CONTROLS,NO CONTROLS,CLEAR,DAYLIGHT,PARKED MOTOR VEHICLE,ALLEY,,STRAIGHT AND LEVEL,DRY,NO DEFECTS,NOT ON SCENE (DESK REPORT),NO INJURY / DRIVE AWAY,,,Y,"$501 - $1,500",08/27/2025 07:01:00 PM,NOT APPLICABLE,NOT APPLICABLE,6357,S,COTTAGE GROVE AVE,312,,,,,,,2,NO INDICATION OF INJURY,0,0,0,0,0,1,0,11,4,8,41.7787431863,-87.6057467699,POINT (-87.60574676995 41.778743186292)
7eb7d55d675990d25e7801f3b563d022d857481554ba1f7b1256ea05bf9bb5a8d87d41a796993f8c9b2ad848be77ffa1999894ed650e3923cc80a5cd03f10c73,,08/27/2025 11:00:00 AM,30,STOP SIGN/FLASHER,FUNCTIONING PROPERLY,CLEAR,DAYLIGHT,ANGLE,FOUR WAY,,STRAIGHT AND LEVEL,DRY,NO DEFECTS,NOT ON SCENE (DESK REPORT),NO INJURY / DRIVE AWAY,Y,,,"OVER $1,500",08/27/2025 07:40:00 PM,UNABLE TO DETERMINE,UNABLE TO DETERMINE,2500,N,MAJOR AVE,2515,,,,,,,2,NO INDICATION OF INJURY,0,0,0,0,0,2,0,11,4,8,41.9258567201,-87.7686366802,POINT (-87.768636680154 41.925856720058)
aa2fefca3a4c38e9a362d990683dbb0b690fd0a725d22876c81d7b193f83f80e63b13aa471bcc803c93bdd2fc15ba4827c7c4c8912fb46e7e03184db233ba889,,08/27/2025 11:00:00 AM,25,NO CONTROLS,NO CONTROLS,CLEAR,DAYLIGHT,PARKED MOTOR VEHICLE,NOT DIVIDED,,STRAIGHT AND LEVEL,DRY,NO DEFECTS,ON SCENE,NO INJURY / DRIVE AWAY,Y,,Y,"OVER $1,500",08/27/2025 11:10:00 AM,UNABLE TO DETERMINE,NOT APPLICABLE,1020,E,80TH ST,624,,,,,,,2,NO INDICATION OF INJURY,0,0,0,0,0,1,0,11,4,8,41.7496280524,-87.5993880825,POINT (-87.59938808248 41.749628052357)
15167f473a849d0d176baebfe745143da7b1c6f757b5c8238241014357f312e54816b52c64c85f5303d44f3c28e1f53cd65f194f3ad3804ad97a8549abbdb2f2,,08/27/2025 10:47:00 AM,30,NO CONTROLS,NO CONTROLS,CLEAR,DAYLIGHT,PEDESTRIAN,NOT DIVIDED,,STRAIGHT AND LEVEL,DRY,NO DEFECTS,ON SCENE,INJURY AND / OR TOW DUE TO CRASH,,,,"OVER $1,500",08/27/2025 10:47:00 AM,UNABLE TO DETERMINE,NOT APPLICABLE,5033,W,FULLERTON AVE,2522,,,,,,,2,NONINCAPACITATING INJURY,1,0,0,1,0,1,0,10,4,8,41.924046423,-87.7525665049,POINT (-87.752566504937 41.924046422957)
5f415cbb307014fcd112ca44f9c0d3a567210f153484ce23c4360445f4ffb13467c4621206b7d29bab839837e5a4d5a77fa0375df7f6e96c2c036e245773a356,,08/27/2025 10:45:00 AM,30,TRAFFIC SIGNAL,FUNCTIONING PROPERLY,CLEAR,DAYLIGHT,PEDESTRIAN,DIVIDED - W/MEDIAN (NOT RAISED),,STRAIGHT AND LEVEL,DRY,NO DEFECTS,ON SCENE,INJURY AND / OR TOW DUE TO CRASH,Y,,,$500 OR LESS,08/27/2025 10:49:00 AM,FAILING TO YIELD RIGHT-OF-WAY,NOT APPLICABLE,3600,N,BROADWAY,1925,,,,,,,2,NONINCAPACITATING INJURY,1,0,0,1,0,1,0,10,4,8,41.9473566991,-87.6474391367,POINT (-87.647439136669 41.947356699083)
8237a9148e10abadafea8514870e15969e7549dd014117d50b57d13a89c32f0b5f3713c0cf2db729bbd4c1ac1a40672041ae6ed372f2d3007ae91c0a39d1993d,,08/27/2025 10:45:00 AM,30,NO CONTROLS,NO CONTROLS,CLEAR,DAYLIGHT,REAR END,NOT DIVIDED,,STRAIGHT AND LEVEL,DRY,NO DEFECTS,NOT ON SCENE (DESK REPORT),NO INJURY / DRIVE AWAY,,,Y,"OVER $1,500",08/27/2025 11:15:00 AM,UNABLE TO DETERMINE,NOT APPLICABLE,3064,N,SACRAMENTO AVE,1411,,,,,,,2,NO INDICATION OF INJURY,0,0,0,0,0,2,0,10,4,8,41.9375395001,-87.7028225452,POINT (-87.702822545161 41.937539500125)
e1c4d4edf4b248fb5f80f539ebfb73a9c46bc321fa3c6cad69ee293e116279c7ab46290cd581a4256d9a37826d4fa2742c64804293eeefba4a163f5e2f82f808,,08/27/2025 10:40:00 AM,30,NO CONTROLS,NO CONTROLS,CLEAR,DAYLIGHT,REAR TO SIDE,DIVIDED - W/MEDIAN (NOT RAISED),,STRAIGHT AND LEVEL,DRY,NO DEFECTS,ON SCENE,INJURY AND / OR TOW DUE TO CRASH,,,,"OVER $1,500",08/27/2025 10:41:00 AM,IMPROPER BACKING,UNABLE TO DETERMINE,4014,W,MONTROSE AVE,1722,,Y,,,,,2,"REPORTED, NOT EVIDENT",1,0,0,0,1,1,0,10,4,8,41.9610485229,-87.728477201,POINT (-87.728477201028 41.961048522917)
18db847670cde2deea84bdef10933eec0d85e90f94e14b4195062811df3e930f76a08f3273afabe81952e2eb032de19f3eaad2d8dd1166621a73c0a0c899879f,,08/27/2025 10:30:00 AM,30,TRAFFIC SIGNAL,FUNCTIONING PROPERLY,CLEAR,DAYLIGHT,ANGLE,DIVIDED - W/MEDIAN (NOT RAISED),,STRAIGHT AND LEVEL,DRY,NO DEFECTS,NOT ON SCENE (DESK REPORT),NO INJURY / DRIVE AWAY,,,,"OVER $1,500",08/28/2025 09:20:00 PM,UNABLE TO DETERMINE,NOT APPLICABLE,7898,S,KILPATRICK AVE,834,,,,,,,2,NO INDICATION OF INJURY,0,0,0,0,0,5,0,10,4,8,41.7492799127,-87.7390744564,POINT (-87.739074456408 41.749279912693)
24d3895b217d41af607ef2c3ddf108aad252e47e503b05d7174009ba1019a79cb111627d17a185f9847d585a1c5128f8bc283b411112009c7b7ecee09a0b275e,,08/27/2025 10:30:00 AM,30,STOP SIGN/FLASHER,FUNCTIONING PROPERLY,CLEAR,DAYLIGHT,ANGLE,FOUR WAY,,STRAIGHT AND LEVEL,DRY,NO DEFECTS,ON SCENE,INJURY AND / OR TOW DUE TO CRASH,Y,,,"OVER $1,500",08/27/2025 10:36:00 AM,DISTRACTION - FROM INSIDE VEHICLE,FAILING TO YIELD RIGHT-OF-WAY,537,N,CAMPBELL AVE,1221,,,,,,,2,NO INDICATION OF INJURY,0,0,0,0,0,3,0,10,4,8,41.8913160882,-87.689029077,POINT (-87.68902907699 41.891316088173)
9be484b20d04991d0647f6b88b554fc83a4c4aa55e948875088893c1c0bc7db252c2329405d02573d394915795b1f00c748e506979b21401c64f288d53c0a411,,08/27/2025 10:25:00 AM,30,NO CONTROLS,NO CONTROLS,CLEAR,DAYLIGHT,PARKED MOTOR VEHICLE,PARKING LOT,,STRAIGHT AND LEVEL,DRY,NO DEFECTS,NOT ON SCENE (DESK REPORT),NO INJURY / DRIVE AWAY,,Y,,"$501 - $1,500",08/28/2025 09:00:00 AM,UNABLE TO DETERMINE,UNABLE TO DETERMINE,2626,W,GREENLEAF AVE,2411,,,,,,,2,NO INDICATION OF INJURY,0,0,0,0,0,1,0,10,4,8,42.0095501625,-87.6960623315,POINT (-87.696062331496 42.00955016255)
965b465b5c0f0adf06a80b28691b743563987ef51141dff3297acc99abd6f843b69fab30942e52e7cc347841517dde523663614b47e42c9c6ba9f2bb12f3220b,,08/27/2025 10:23:00 AM,30,TRAFFIC SIGNAL,FUNCTIONING PROPERLY,CLEAR,DAYLIGHT,TURNING,"FIVE POINT, OR MORE",,STRAIGHT AND LEVEL,DRY,NO DEFECTS,NOT ON SCENE (DESK REPORT),NO INJURY / DRIVE AWAY,Y,,,"OVER $1,500",08/27/2025 01:15:00 PM,UNABLE TO DETERMINE,UNABLE TO DETERMINE,7398,S,WESTERN AVE,835,,,,,,,2,NO INDICATION OF INJURY,0,0,0,0,0,2,0,10,4,8,41.7593201129,-87.6832524148,POINT (-87.683252414791 41.759320112881)
afa657c80e0dd04dff81c5ff0ef6055a285bac5c10301dbb209ef80cb929f9d2772fadc3e35f6d0691f988cb3d6a90d7ef732325d474532a5ec0c60595655893,,08/27/2025 10:22:00 AM,25,STOP SIGN/FLASHER,FUNCTIONING PROPERLY,CLEAR,DAYLIGHT,PEDALCYCLIST,FOUR WAY,,STRAIGHT AND LEVEL,DRY,NO DEFECTS,ON SCENE,INJURY AND / OR TOW DUE TO CRASH,Y,,,$500 OR LESS,08/27/2025 10:24:00 AM,FAILING TO YIELD RIGHT-OF-WAY,DRIVING SKILLS/KNOWLEDGE/EXPERIENCE,3600,N,OAKLEY AVE,1921,,,,,,,2,NONINCAPACITATING INJURY,1,0,0,1,0,1,0,10,4,8,41.9468561505,-87.6859813366,POINT (-87.685981336556 41.94685615047)
7e95409806c2322d85cd3456e6f0f98a64d5f4385957f5913b14b19818036ac9938181e4bac4162c3f0d3d709f6687d460a9b67d08b0c5fe2a49c4911e50dc78,Y,08/27/2025 10:20:00 AM,30,NO CONTROLS,NO CONTROLS,CLEAR,DAYLIGHT,SIDESWIPE SAME DIRECTION,NOT DIVIDED,,STRAIGHT AND LEVEL,DRY,NO DEFECTS,NOT ON SCENE (DESK REPORT),NO INJURY / DRIVE AWAY,,,,"OVER $1,500",08/30/2025 04:11:00 PM,UNABLE TO DETERMINE,NOT APPLICABLE,2500,W,24TH ST,1034,,,,,,,2,NO INDICATION OF INJURY,0,0,0,0,0,2,0,10,4,8,41.8484760781,-87.6879255785,POINT (-87.687925578459 41.848476078089)
c4744205c46893d7e00f3a0eb7e837a3dfe3dbb0db6afcd3b111e195efee64760aa3f69c9ebf1057d56fe59c1806f2406298e25beeaf922cd806d4c995c37abf,,08/27/2025 10:15:00 AM,30,TRAFFIC SIGNAL,FUNCTIONING PROPERLY,CLEAR,DAYLIGHT,REAR END,FOUR WAY,,STRAIGHT AND LEVEL,DRY,NO DEFECTS,NOT ON SCENE (DESK REPORT),NO INJURY / DRIVE AWAY,Y,,,"OVER $1,500",08/27/2025 11:15:00 AM,DISTRACTION - FROM INSIDE VEHICLE,NOT APPLICABLE,6700,S,DAMEN AVE,726,,,,,,,2,NO INDICATION OF INJURY,0,0,0,0,0,2,0,10,4,8,41.7720309151,-87.6738595381,POINT (-87.673859538093 41.772030915088)
e28aec34f7d904eab9fc6c88c24bc0ae70feccb28ed9dc450355890032f6f4359c3f1e1274bc5234985a643e11e6f22f426a7e5f798869bd6cb14ef35e251d1f,,08/27/2025 10:15:00 AM,30,NO CONTROLS,NO CONTROLS,CLEAR,DAYLIGHT,SIDESWIPE SAME DIRECTION,NOT DIVIDED,,STRAIGHT AND LEVEL,DRY,NO DEFECTS,NOT ON SCENE (DESK REPORT),NO INJURY / DRIVE AWAY,,,Y,"$501 - $1,500",08/28/2025 03:15:00 PM,IMPROPER OVERTAKING/PASSING,IMPROPER OVERTAKING/PASSING,4000,N,LAKE SHORE DR NB,1915,,,,,,,2,NO INDICATION OF INJURY,0,0,0,0,0,4,0,10,4,8,41.9546892413,-87.6449746442,POINT (-87.644974644209 41.954689241342)
0ae51ac4827d24e284949f3693851cdc0dbce02c66f56997047a880a1f1be76fccdafb06088dfa46cd28ac7837fd50615049e4bc3217e039f66fff8100ce58b7,,08/27/2025 10:10:00 AM,30,NO CONTROLS,NO CONTROLS,CLEAR,DAYLIGHT,REAR TO FRONT,ONE-WAY,,STRAIGHT AND LEVEL,DRY,NO DEFECTS,ON SCENE,NO INJURY / DRIVE AWAY,,,,"OVER $1,500",08/27/2025 10:26:00 AM,DRIVING SKILLS/KNOWLEDGE/EXPERIENCE,IMPROPER BACKING,2145,W,RICE ST,1212,,,,,,,3,NO INDICATION OF INJURY,0,0,0,0,0,4,0,10,4,8,41.8966494408,-87.6813167119,POINT (-87.681316711929 41.89664944075)
ac99792fc47193b095bad8f210a9e45b5d72af9f3c6e26df186c5ad39b773019386c2a8dd03b16b033766eca9c6b5fa255d806371d84024c89c9696b2d691cb7,,08/27/2025 10:10:00 AM,20,TRAFFIC SIGNAL,FUNCTIONING PROPERLY,CLEAR,DAYLIGHT,REAR END,ONE-WAY,,STRAIGHT AND LEVEL,DRY,NO DEFECTS,NOT ON SCENE (DESK REPORT),NO INJURY / DRIVE AWAY,Y,,,"OVER $1,500",08/27/2025 10:45:00 AM,FAILING TO REDUCE SPEED TO AVOID CRASH,NOT APPLICABLE,501,W,JACKSON BLVD,121,,,,,,,2,NO INDICATION OF INJURY,0,0,0,0,0,2,0,10,4,8,41.8779340254,-87.639633367,POINT (-87.639633367042 41.877934025363)
f9f9098feb4ee4fcbc8faac953a2052cdd6349bac2ec76fa86902506d3ed956aeef6393a89edd40227d90b2faabee795a52d9afcf13d3c01cc0c2ddca5643bbd,,08/27/2025 10:09:00 AM,40,NO CONTROLS,NO CONTROLS,CLEAR,DAYLIGHT,REAR END,OTHER,,STRAIGHT AND LEVEL,DRY,NO DEFECTS,ON SCENE,NO INJURY / DRIVE AWAY,,,,"$501 - $1,500",08/27/2025 10:11:00 AM,FAILING TO REDUCE SPEED TO AVOID CRASH,FAILING TO REDUCE SPEED TO AVOID CRASH,4700,N,LAKE SHORE DR SB,1914,,,,,,,3,NO INDICATION OF INJURY,0,0,0,0,0,3,0,10,4,8,41.9671964649,-87.6478360294,POINT (-87.647836029428 41.967196464914)
b084856dbfc0e3770025610552b45078a29e8f5bc74f5d45814238cecbf30fe67bc92684d03fa7fd5b8be9e9ba1df22de1127be72b910a0c4f2eb6227972d048,,08/27/2025 10:00:00 AM,20,UNKNOWN,UNKNOWN,CLEAR,DAYLIGHT,PARKED MOTOR VEHICLE,NOT DIVIDED,,STRAIGHT AND LEVEL,DRY,UNKNOWN,NOT ON SCENE (DESK REPORT),NO INJURY / DRIVE AWAY,,,,"$501 - $1,500",08/27/2025 10:36:00 AM,FOLLOWING TOO CLOSELY,UNABLE TO DETERMINE,1538,W,LAKE ST,1215,,,,,,,2,NO INDICATION OF INJURY,0,0,0,0,0,1,0,10,4,8,41.8854643919,-87.6657602346,POINT (-87.665760234577 41.885464391941)
cc8fc3989fcf7ef94ba7914996f8890f9beaf3c31fa10b0446dca88617bc2a150948723cd228aa5aeaafc944aff3cfca56aae108c6d2dd238c9ad5faae7cd38e,,08/27/2025 10:00:00 AM,20,NO CONTROLS,NO CONTROLS,CLEAR,DAYLIGHT,PARKED MOTOR VEHICLE,NOT DIVIDED,,STRAIGHT AND LEVEL,DRY,NO DEFECTS,NOT ON SCENE (DESK REPORT),NO INJURY / DRIVE AWAY,,,,"OVER $1,500",08/27/2025 11:15:00 AM,IMPROPER BACKING,UNABLE TO DETERMINE,8600,S,FRANCISCO AVE,835,,,,,,,2,NO INDICATION OF INJURY,0,0,0,0,0,1,0,10,4,8,41.7371038145,-87.6948423528,POINT (-87.694842352821 41.737103814522)
e5329462abddcbaed117cafa9209e8e157b1abb03a28ecc7cf4cdd9046a3f361b5cee3cb5e3313b32465097e9d7d27ad0e1a453230406259831ac2831691b28c,,08/27/2025 10:00:00 AM,30,NO CONTROLS,NO CONTROLS,CLEAR,DAYLIGHT,REAR END,DIVIDED - W/MEDIAN (NOT RAISED),,STRAIGHT AND LEVEL,DRY,NO DEFECTS,NOT ON SCENE (DESK REPORT),NO INJURY / DRIVE AWAY,,,,$500 OR LESS,08/27/2025 10:25:00 AM,FOLLOWING TOO CLOSELY,UNABLE TO DETERMINE,4059,N,KEDZIE AVE,1724,,,,,,,2,NO INDICATION OF INJURY,0,0,0,0,0,2,0,10,4,8,41.9556491079,-87.7079178034,POINT (-87.707917803441 41.955649107945)
69eeb21086f505b6665221d83079b9ec27fa540a8ad2c4ce737894b4b3198b5c61202ca6b77d27742b1ac99b3d939ddc7b9810f13aec335c36722565c442287a,,08/27/2025 09:55:00 AM,30,TRAFFIC SIGNAL,FUNCTIONING PROPERLY,CLEAR,DAYLIGHT,REAR END,FOUR WAY,,STRAIGHT AND LEVEL,DRY,NO DEFECTS,NOT ON SCENE (DESK REPORT),NO INJURY / DRIVE AWAY,Y,,,"OVER $1,500",08/28/2025 03:30:00 PM,FOLLOWING TOO CLOSELY,NOT APPLICABLE,4807,W,DEVON AVE,1621,,,,Y,CONSTRUCTION,,3,NO INDICATION OF INJURY,0,0,0,0,0,4,0,9,4,8,41.9971789801,-87.7486591844,POINT (-87.748659184389 41.997178980132)