CRASH_RECORD_ID,CRASH_DATE_EST_I,CRASH_DATE,POSTED_SPEED_LIMIT,TRAFFIC_CONTROL_DEVICE,DEVICE_CONDITION,WEATHER_CONDITION,LIGHTING_CONDITION,FIRST_CRASH_TYPE,TRAFFICWAY_TYPE,LANE_CNT,ALIGNMENT,ROADWAY_SURFACE_COND,ROAD_DEFECT,REPORT_TYPE,CRASH_TYPE,INTERSECTION_RELATED_I,NOT_RIGHT_OF_WAY_I,HIT_AND_RUN_I,DAMAGE,DATE_POLICE_NOTIFIED,PRIM_CONTRIBUTORY_CAUSE,SEC_CONTRIBUTORY_CAUSE,STREET_NO,STREET_DIRECTION,STREET_NAME,BEAT_OF_OCCURRENCE,PHOTOS_TAKEN_I,STATEMENTS_TAKEN_I,DOORING_I,WORK_ZONE_I,WORK_ZONE_TYPE,WORKERS_PRESENT_I,NUM_UNITS,MOST_SEVERE_INJURY,INJURIES_TOTAL,INJURIES_FATAL,INJURIES_INCAPACITATING,INJURIES_NON_INCAPACITATING,INJURIES_REPORTED_NOT_EVIDENT,INJURIES_NO_INDICATION,INJURIES_UNKNOWN,CRASH_HOUR,CRASH_DAY_OF_WEEK,CRASH_MONTH,LATITUDE,LONGITUDE,LOCATION
7a07abdb204e8a7e9db208f1d44dec46bbe48f94e877412277b41a750aa0d2692c2cb5a99a9553ad6265f5af9829e044a78fc9dfee8ba6b8f3be8e8d561db0b7,,08/27/2025 09:55:00 AM,20,NO CONTROLS,NO CONTROLS,CLEAR,DAYLIGHT,REAR TO FRONT,PARKING LOT,,STRAIGHT AND LEVEL,DRY,NO DEFECTS,NOT ON SCENE (DESK REPORT),NO INJURY / DRIVE AWAY,,,,"$501 - $1,500",08/27/2025 11:15:00 AM,DRIVING SKILLS/KNOWLEDGE/EXPERIENCE,UNABLE TO DETERMINE,3700,W,103RD ST,2211,,,,,,,2,NO INDICATION OF INJURY,0,0,0,0,0,2,0,9,4,8,41.7061237753,-87.7136935963,POINT (-87.713693596334 41.70612377529)
63d34c4c1761806ccddeab5a5b3e49c1dccb3fe72ebdfacc3c9aa1cf58bde344da3ab5b00b24825b4e1b62fa0cfeacb6ecd881893175bf2f0d700fd140934fcf,,08/27/2025 09:52:00 AM,30,NO CONTROLS,NO CONTROLS,CLEAR,DAYLIGHT,REAR END,NOT DIVIDED,,STRAIGHT AND LEVEL,DRY,NO DEFECTS,ON SCENE,NO INJURY / DRIVE AWAY,,,,"OVER $1,500",08/27/2025 09:52:00 AM,FOLLOWING TOO CLOSELY,NOT APPLICABLE,1910,N,MILWAUKEE AVE,1434,,,,,,,3,NO INDICATION OF INJURY,0,0,0,0,0,3,0,9,4,8,41.9161114292,-87.6865396538,POINT (-87.686539653815 41.916111429177)
3f65bf7878ffeca419a68f015eaa72db5d560614ac2006c1f8e511646603f08bc96a87729d512ba7d7beddedf7da611a71732e2ebd93a45e338441ae2ba928a4,,08/27/2025 09:50:00 AM,30,TRAFFIC SIGNAL,FUNCTIONING PROPERLY,CLEAR,DAYLIGHT,REAR END,NOT DIVIDED,,STRAIGHT AND LEVEL,DRY,NO DEFECTS,ON SCENE,INJURY AND / OR TOW DUE TO CRASH,,,,"OVER $1,500",08/27/2025 09:53:00 AM,FOLLOWING TOO CLOSELY,UNABLE TO DETERMINE,100,E,103RD ST,511,,,,,,,2,INCAPACITATING INJURY,1,0,1,0,0,1,0,9,4,8,41.7073259318,-87.6201338671,POINT (-87.620133867078 41.707325931756)
d2c824b116d03739040657895ddd673cd281ccae9a12d2f9133ac64d50642692f09b75c74de107b30f0f09957613939a0865a487b83a3c00e8627ec1aaca7f62,,08/27/2025 09:50:00 AM,25,TRAFFIC SIGNAL,FUNCTIONING PROPERLY,CLEAR,DARKNESS,REAR END,DIVIDED - W/MEDIAN (NOT RAISED),,STRAIGHT AND LEVEL,DRY,NO DEFECTS,NOT ON SCENE (DESK REPORT),NO INJURY / DRIVE AWAY,,,Y,"$501 - $1,500",08/28/2025 10:00:00 AM,UNABLE TO DETERMINE,UNABLE TO DETERMINE,230,S,WELLS ST,122,,,,,,,2,NO INDICATION OF INJURY,0,0,0,0,0,2,0,9,4,8,41.8785121013,-87.6338864702,POINT (-87.633886470185 41.878512101252)
f1565aad91a48193da0f346200a4f330512c67cf14e4fb247e210dd294d9bf65b04f3b8947f7729dfb660d0cb280e2a77859d4ada2aa24a5fdae0558dcc5175d,,08/27/2025 09:50:00 AM,30,NO CONTROLS,NO CONTROLS,CLEAR,DAYLIGHT,SIDESWIPE SAME DIRECTION,OTHER,,STRAIGHT AND LEVEL,DRY,NO DEFECTS,ON SCENE,INJURY AND / OR TOW DUE TO CRASH,,,,"OVER $1,500",08/27/2025 10:03:00 AM,UNABLE TO DETERMINE,UNABLE TO DETERMINE,2299,W,GARFIELD BLVD,824,,,,,,,2,NO INDICATION OF INJURY,0,0,0,0,0,2,0,9,4,8,41.7933635434,-87.681211611,POINT (-87.681211610963 41.793363543387)
6d14d68cab6ef04332cfe693db5555508317bf56e00c2531239d3f4fd2ef29c81cfa0c498883804b3818b6b475e4e471d42242d53002d00532924f6ad5a6d17f,,08/27/2025 09:49:00 AM,30,STOP SIGN/FLASHER,FUNCTIONING PROPERLY,CLEAR,DAYLIGHT,ANGLE,TRAFFIC ROUTE,,STRAIGHT AND LEVEL,DRY,NO DEFECTS,,INJURY AND / OR TOW DUE TO CRASH,,,,"OVER $1,500",08/27/2025 12:30:00 PM,UNABLE TO DETERMINE,UNABLE TO DETERMINE,9200,S,CLYDE AVE,413,,,,,,,2,NO INDICATION OF INJURY,0,0,0,0,0,2,0,9,4,8,41.7278780978,-87.5732064048,POINT (-87.57320640481 41.727878097849)
aa0e429338231fa78f06e37f578cf4a7bbf530c02f5da6e090421060e9b34f47609913021216e781e5c42551ddbaed0d7c537a16b2dd3ce1f81c3b30e73c6745,,08/27/2025 09:33:00 AM,30,TRAFFIC SIGNAL,FUNCTIONING PROPERLY,CLEAR,DAYLIGHT,REAR END,CENTER TURN LANE,,STRAIGHT AND LEVEL,DRY,NO DEFECTS,ON SCENE,INJURY AND / OR TOW DUE TO CRASH,Y,,,"OVER $1,500",08/27/2025 09:33:00 AM,FOLLOWING TOO CLOSELY,PHYSICAL CONDITION OF DRIVER,3850,S,ASHLAND AVE,912,,,,,,,2,"REPORTED, NOT EVIDENT",1,0,0,0,1,1,0,9,4,8,41.8234636873,-87.6657434548,POINT (-87.665743454778 41.823463687286)
55123e911802ad964d16d464d9e48bdb721c07a3669ea3147d6db9d998e20cfd9bcbf992f37273b812b9d1bfb1a0f49b0337043354b0c34e47fdc9453858af38,,08/27/2025 09:30:00 AM,30,TRAFFIC SIGNAL,FUNCTIONING PROPERLY,CLEAR,DAYLIGHT,REAR END,DIVIDED - W/MEDIAN (NOT RAISED),,STRAIGHT AND LEVEL,UNKNOWN,UNKNOWN,NOT ON SCENE (DESK REPORT),NO INJURY / DRIVE AWAY,,,,"OVER $1,500",08/28/2025 01:45:00 PM,FOLLOWING TOO CLOSELY,NOT APPLICABLE,4810,W,DIVISION ST,2533,,,,,,,2,NO INDICATION OF INJURY,0,0,0,0,0,2,0,9,4,8,41.9024561794,-87.7464812871,POINT (-87.746481287097 41.902456179375)
8fcc0d86107ce7c40e19fe5fb02f94d820b8077f392600b9580acd8d45e6604da898463357789b8d0a28ff49ad439bec9577d2c751ce9274765201b6017c8e78,,08/27/2025 09:30:00 AM,10,NO CONTROLS,NO CONTROLS,UNKNOWN,DAYLIGHT,PARKED MOTOR VEHICLE,PARKING LOT,,STRAIGHT AND LEVEL,UNKNOWN,UNKNOWN,NOT ON SCENE (DESK REPORT),NO INJURY / DRIVE AWAY,,Y,,"OVER $1,500",08/27/2025 01:50:00 PM,FAILING TO REDUCE SPEED TO AVOID CRASH,UNABLE TO DETERMINE,1440,N,STATE PKWY,1824,,,,,,,2,NO INDICATION OF INJURY,0,0,0,0,0,1,0,9,4,8,41.9089618106,-87.6289631053,POINT (-87.628963105275 41.908961810601)
2738341cfaed1ed779a276cc549b1538470479c6f8fdf36bba3957645c794c692b5298a1c9aca6307f5faf49a5a4e1c74cade9761455487d22fd155906e1129c,,08/27/2025 09:25:00 AM,30,NO CONTROLS,NO CONTROLS,CLEAR,DAYLIGHT,PARKED MOTOR VEHICLE,NOT DIVIDED,,STRAIGHT AND LEVEL,DRY,NO DEFECTS,ON SCENE,NO INJURY / DRIVE AWAY,,,,"OVER $1,500",08/27/2025 10:47:00 AM,IMPROPER TURNING/NO SIGNAL,UNABLE TO DETERMINE,1014,S,CANAL ST,124,,,,,,,2,NO INDICATION OF INJURY,0,0,0,0,0,1,0,9,4,8,41.8692653294,-87.6394065094,POINT (-87.639406509437 41.869265329367)
2b4fbacb8bde3ed45afd70d977fb08c81e5a87f87d8dacbc6d8305beb394ace806251e89eaac78126007596050c49b95c22ba3f08c2e59357c75852bee1a163c,,08/27/2025 09:20:00 AM,30,UNKNOWN,UNKNOWN,UNKNOWN,UNKNOWN,SIDESWIPE OPPOSITE DIRECTION,NOT DIVIDED,,STRAIGHT AND LEVEL,UNKNOWN,UNKNOWN,NOT ON SCENE (DESK REPORT),NO INJURY / DRIVE AWAY,,,,"OVER $1,500",08/28/2025 07:25:00 AM,UNABLE TO DETERMINE,NOT APPLICABLE,1358,W,IRVING PARK RD,1912,,,,,,,2,NO INDICATION OF INJURY,0,0,0,0,0,2,0,9,4,8,41.9544650858,-87.6641846644,POINT (-87.664184664413 41.954465085797)
841b2586e91f08bfde510e35bd25a0977b93e04fa061a540a53d2ebbe307ced989da6add65981b295095331a67ce6e007637b82cb48b5a97e4630ee47d3249dc,,08/27/2025 09:18:00 AM,30,TRAFFIC SIGNAL,FUNCTIONING PROPERLY,CLEAR,DAYLIGHT,TURNING,DIVIDED - W/MEDIAN BARRIER,,STRAIGHT AND LEVEL,DRY,UNKNOWN,NOT ON SCENE (DESK REPORT),NO INJURY / DRIVE AWAY,Y,,Y,"OVER $1,500",08/27/2025 09:50:00 AM,UNABLE TO DETERMINE,NOT APPLICABLE,3705,W,79TH ST,834,,,,,,,2,NO INDICATION OF INJURY,0,0,0,0,0,2,0,9,4,8,41.7494385723,-87.7148150535,POINT (-87.714815053506 41.749438572299)
f7c2c939729d8a09ec9ba56c5889d398411a1bbcfc49e1036f50df889e12a78bd86d83619ee44b26b4afcc4ccb15ce447ec948d4b0b5cb0093c5052b29bf52ea,,08/27/2025 09:18:00 AM,30,UNKNOWN,UNKNOWN,UNKNOWN,UNKNOWN,ANGLE,"FIVE POINT, OR MORE",,STRAIGHT AND LEVEL,UNKNOWN,UNKNOWN,NOT ON SCENE (DESK REPORT),NO INJURY / DRIVE AWAY,,,,"OVER $1,500",08/27/2025 10:00:00 AM,FAILING TO YIELD RIGHT-OF-WAY,UNABLE TO DETERMINE,1301,S,WESTERN AVE,1233,,,,,,,2,NO INDICATION OF INJURY,0,0,0,0,0,2,0,9,4,8,41.8647450693,-87.6858404547,POINT (-87.685840454681 41.864745069282)
4c1bb417faca4728122a2fc9d9358b8054a25202325d09e2aa3c1bd425cbcf5310a54bdd377bf90e1663fb3dc32421d57dc75a56375df4d3158a424f772ea0bd,,08/27/2025 09:15:00 AM,30,NO CONTROLS,NO CONTROLS,CLEAR,DAYLIGHT,PARKED MOTOR VEHICLE,NOT DIVIDED,,STRAIGHT AND LEVEL,DRY,NO DEFECTS,ON SCENE,INJURY AND / OR TOW DUE TO CRASH,,,Y,"OVER $1,500",08/27/2025 10:27:00 AM,FAILING TO YIELD RIGHT-OF-WAY,UNABLE TO DETERMINE,618,E,47TH ST,221,,,,,,,2,NO INDICATION OF INJURY,0,0,0,0,0,1,0,9,4,8,41.8095840848,-87.6106198256,POINT (-87.61061982557 41.809584084829)
7315b1453e3ded3fa93287b56f357ef3fcc87ffb0f74ba2dbb3d5b231ec4bddb737420867ee8b5f56dba2383bd2501c30263f0e28e4cad3fc051be60c55298c9,,08/27/2025 09:15:00 AM,25,STOP SIGN/FLASHER,FUNCTIONING PROPERLY,CLEAR,DAYLIGHT,PEDALCYCLIST,NOT DIVIDED,,STRAIGHT AND LEVEL,DRY,NO DEFECTS,ON SCENE,INJURY AND / OR TOW DUE TO CRASH,,,Y,$500 OR LESS,08/27/2025 02:47:00 PM,IMPROPER LANE USAGE,IMPROPER LANE USAGE,2653,W,JARVIS AVE,2411,,,,,,,2,NONINCAPACITATING INJURY,1,0,0,1,0,1,0,9,4,8,42.015646913,-87.6970743309,POINT (-87.697074330904 42.015646912999)
db8493d737068a8a67625d680032a3818d23ebdade7e38146cfcc01cbbbbc2eb61427c44d2bd0a4547408dc91b537ce8b85014e4e33914bbe21b81493ed5ba3d,,08/27/2025 09:15:00 AM,30,TRAFFIC SIGNAL,FUNCTIONING PROPERLY,CLEAR,DAYLIGHT,TURNING,NOT DIVIDED,,STRAIGHT AND LEVEL,DRY,NO DEFECTS,NOT ON SCENE (DESK REPORT),NO INJURY / DRIVE AWAY,,,,"OVER $1,500",08/27/2025 09:50:00 AM,UNABLE TO DETERMINE,NOT APPLICABLE,4000,N,CLARK ST,1912,,,,,,,2,NO INDICATION OF INJURY,0,0,0,0,0,2,0,9,4,8,41.9544324414,-87.6624462591,POINT (-87.662446259141 41.954432441417)
e9a08cda0ab35d0c32ca8ef6c6d23a27339d3bda6adc37fe2951a95791a13178a9c45bc57c6c0b673a4e2f875c5fefe7de94d8728cd49ebed1df5ffe0c7ee16f,,08/27/2025 09:15:00 AM,30,NO CONTROLS,NO CONTROLS,CLEAR,DAYLIGHT,ANGLE,OTHER,,STRAIGHT AND LEVEL,DRY,NO DEFECTS,NOT ON SCENE (DESK REPORT),NO INJURY / DRIVE AWAY,Y,,,"OVER $1,500",08/27/2025 10:00:00 AM,FAILING TO YIELD RIGHT-OF-WAY,FAILING TO YIELD RIGHT-OF-WAY,6700,S,COTTAGE GROVE AVE,321,,,,,,,2,NO INDICATION OF INJURY,0,0,0,0,0,2,0,9,4,8,41.7730478219,-87.6059130529,POINT (-87.605913052872 41.773047821886)
48762deb7229027fb05f666aa9b42e1d49a91e63cbbb35fb459ae93a747cd2057da80733e9156a5f4894a0153133673ef3c84ae740a6a5f9c36509a0466c9bfc,,08/27/2025 09:10:00 AM,25,UNKNOWN,UNKNOWN,UNKNOWN,UNKNOWN,REAR TO FRONT,NOT DIVIDED,,STRAIGHT AND LEVEL,UNKNOWN,UNKNOWN,NOT ON SCENE (DESK REPORT),NO INJURY / DRIVE AWAY,,,,"OVER $1,500",08/27/2025 01:49:00 PM,NOT APPLICABLE,NOT APPLICABLE,2045,N,LINCOLN PARK WEST,1814,,,,,,,2,NO INDICATION OF INJURY,0,0,0,0,0,2,0,9,4,8,41.9198366945,-87.6362457842,POINT (-87.636245784184 41.919836694499)
652afe04540d5b20c847937c23ce92da8811d68f2c51a10619fc69cdfe9b257a4c6c30b907988a5cc46f39e2ff73b05935ef65deafcd178b02fbb31f98279384,,08/27/2025 09:10:00 AM,30,TRAFFIC SIGNAL,FUNCTIONING PROPERLY,CLEAR,DAYLIGHT,TURNING,FOUR WAY,,STRAIGHT AND LEVEL,DRY,NO DEFECTS,NOT ON SCENE (DESK REPORT),NO INJURY / DRIVE AWAY,Y,,,"$501 - $1,500",08/27/2025 11:00:00 AM,FAILING TO YIELD RIGHT-OF-WAY,NOT APPLICABLE,4000,W,PETERSON AVE,1711,,,,,,,2,NO INDICATION OF INJURY,0,0,0,0,0,2,0,9,4,8,41.9902441856,-87.728714391,POINT (-87.728714391009 41.990244185647)
8dc11b6bf205e64e02865353cace66e758d53513a62f1827ee5a9c82623018fb0ed4690ff38477ff88460d044dab449ee60cad4898674aa115fe848fb6c67401,,08/27/2025 09:10:00 AM,10,NO CONTROLS,NO CONTROLS,CLEAR,DAYLIGHT,REAR TO SIDE,PARKING LOT,,STRAIGHT AND LEVEL,DRY,NO DEFECTS,NOT ON SCENE (DESK REPORT),NO INJURY / DRIVE AWAY,,Y,Y,"OVER $1,500",08/27/2025 05:00:00 PM,UNABLE TO DETERMINE,UNABLE TO DETERMINE,5444,N,CUMBERLAND AVE,1614,,,,,,,2,NO INDICATION OF INJURY,0,0,0,0,0,2,0,9,4,8,41.9788076239,-87.8367350848,POINT (-87.836735084783 41.978807623905)
f7b86de476bf652cc31adc2de2ce527f97edff768aa173bc5ba919820d970c047be4036e474d03b530dd6866d92dd831182dcd01804fcc992097951b92f00265,,08/27/2025 09:10:00 AM,30,TRAFFIC SIGNAL,FUNCTIONING PROPERLY,CLEAR,DAYLIGHT,TURNING,T-INTERSECTION,,STRAIGHT AND LEVEL,DRY,NO DEFECTS,ON SCENE,NO INJURY / DRIVE AWAY,,,Y,"OVER $1,500",08/27/2025 09:15:00 AM,IMPROPER OVERTAKING/PASSING,IMPROPER OVERTAKING/PASSING,3700,W,79TH ST,833,,,,,,,2,NO INDICATION OF INJURY,0,0,0,0,0,2,0,9,4,8,41.7497993593,-87.7141392517,POINT (-87.714139251663 41.749799359339)
d6c6d30c992a986e49c6560caa301fcfa2b820fef4f7fd44206bd68e4b050867e890bb1dd73af4bc52dbe7d0d603df4fe91e232f7971a9cb942393d33557953a,,08/27/2025 09:00:00 AM,30,STOP SIGN/FLASHER,FUNCTIONING PROPERLY,CLEAR,DAYLIGHT,PEDALCYCLIST,DIVIDED - W/MEDIAN (NOT RAISED),,STRAIGHT AND LEVEL,DRY,NO DEFECTS,NOT ON SCENE (DESK REPORT),INJURY AND / OR TOW DUE TO CRASH,Y,,,"OVER $1,500",08/27/2025 01:34:00 PM,FAILING TO YIELD RIGHT-OF-WAY,UNABLE TO DETERMINE,2331,W,ADDISON ST,1921,,,,,,,2,"REPORTED, NOT EVIDENT",1,0,0,0,1,1,0,9,4,8,41.9466417106,-87.6869779326,POINT (-87.686977932583 41.94664171058)
de1b503868ff4f5c3ee22683fe33a39224477bb2911bd4de716a00792d69ee939083080efc685db45b540eeba56915bf6f2e9c389fce134f657452d80171a5bc,,08/27/2025 08:56:00 AM,30,TRAFFIC SIGNAL,FUNCTIONING PROPERLY,CLEAR,DAYLIGHT,PEDESTRIAN,FOUR WAY,,STRAIGHT ON GRADE,DRY,NO DEFECTS,ON SCENE,INJURY AND / OR TOW DUE TO CRASH,Y,,,$500 OR LESS,08/27/2025 08:56:00 AM,WEATHER,UNDER THE INFLUENCE OF ALCOHOL/DRUGS (USE WHEN ARREST IS EFFECTED),7036,N,CLARK ST,2424,,,,,,,2,NONINCAPACITATING INJURY,2,0,0,2,0,1,0,8,4,8,42.0101243749,-87.674369899,POINT (-87.674369898981 42.01012437485)
36858d3b9110cffbda9be24cfe1cebac2cfcc3e64ad63d80ebd85afb442124d5dcd04975ba37e1e93b455ae4f8babc55274ad27d76ece8147b72c4b36c4a663d,,08/27/2025 08:50:00 AM,25,STOP SIGN/FLASHER,FUNCTIONING PROPERLY,CLEAR,DAYLIGHT,ANGLE,T-INTERSECTION,,STRAIGHT AND LEVEL,DRY,NO DEFECTS,NOT ON SCENE (DESK REPORT),INJURY AND / OR TOW DUE TO CRASH,Y,,,"OVER $1,500",08/27/2025 09:13:00 AM,IMPROPER BACKING,FAILING TO YIELD RIGHT-OF-WAY,5700,W,PALMER ST,2515,,,,,,,2,"REPORTED, NOT EVIDENT",1,0,0,0,1,4,0,8,4,8,41.920404013,-87.768350022,POINT (-87.768350021967 41.920404012953)
5beb0945c00b88de630509e16f1513b34145a5e8da4fd1aa260a9f45e5dfe39ea180909a41da8315bcb63812f4325d146e6fef4afa76cf14bf1b66a4f2e6af57,,08/27/2025 08:50:00 AM,35,TRAFFIC SIGNAL,FUNCTIONING PROPERLY,CLEAR,DAYLIGHT,SIDESWIPE SAME DIRECTION,NOT DIVIDED,,STRAIGHT AND LEVEL,DRY,NO DEFECTS,NOT ON SCENE (DESK REPORT),NO INJURY / DRIVE AWAY,,,,"OVER $1,500",08/27/2025 09:15:00 AM,EQUIPMENT - VEHICLE CONDITION,UNABLE TO DETERMINE,2403,W,51ST ST,923,,,,,,,2,NO INDICATION OF INJURY,0,0,0,0,0,2,0,8,4,8,41.8010405,-87.6843844891,POINT (-87.684384489103 41.80104049997)
c60b63075c6400bb3831361bcb985d217320a8bc029591770d7284fda480fb8c5c8c6eae17e1e87a6088c62302a0531cfe57c72a5a4e0c112d5f07c73f0df7bb,,08/27/2025 08:50:00 AM,30,STOP SIGN/FLASHER,FUNCTIONING PROPERLY,CLEAR,DAYLIGHT,ANGLE,OTHER,,STRAIGHT AND LEVEL,DRY,NO DEFECTS,ON SCENE,INJURY AND / OR TOW DUE TO CRASH,Y,,,"OVER $1,500",08/27/2025 08:55:00 AM,UNABLE TO DETERMINE,NOT APPLICABLE,4201,N,TAFT AVE,1654,,,,,,,2,NO INDICATION OF INJURY,0,0,0,0,0,3,0,8,4,8,41.9553185957,-87.9111218756,POINT (-87.91112187556 41.955318595663)
ca0298e3f36ea842c8f6ad52ecfbe6f1f574548739809d060273b15aed89d9b8466c937ffd34bf14f65bb49964def5fcd23ca1df3f06e4524862c0ab1159066d,,08/27/2025 08:50:00 AM,30,UNKNOWN,UNKNOWN,UNKNOWN,DAYLIGHT,REAR END,DIVIDED - W/MEDIAN (NOT RAISED),,STRAIGHT AND LEVEL,UNKNOWN,UNKNOWN,NOT ON SCENE (DESK REPORT),NO INJURY / DRIVE AWAY,,,Y,"$501 - $1,500",08/27/2025 04:30:00 PM,UNABLE TO DETERMINE,NOT APPLICABLE,2445,W,HOWARD ST,2411,,,,,,,2,NO INDICATION OF INJURY,0,0,0,0,0,2,0,8,4,8,42.0193853187,-87.6918597843,POINT (-87.691859784324 42.019385318683)
6a2a100ae7ff4726b42d96d96741310a1d920b4469e591e4b31f8c12f8c6233dc77c455569a3e5439089d9047637eeef2fd15a890254afd81e10be7884890ab8,,08/27/2025 08:48:00 AM,30,STOP SIGN/FLASHER,FUNCTIONING PROPERLY,CLEAR,DAYLIGHT,ANGLE,FOUR WAY,,STRAIGHT AND LEVEL,DRY,NO DEFECTS,ON SCENE,INJURY AND / OR TOW DUE TO CRASH,Y,,,"OVER $1,500",08/27/2025 08:50:00 AM,FAILING TO YIELD RIGHT-OF-WAY,FAILING TO REDUCE SPEED TO AVOID CRASH,5200,S,HALSTED ST,934,,,,,,,2,"REPORTED, NOT EVIDENT",1,0,0,0,1,3,0,8,4,8,41.7996752873,-87.6454412782,POINT (-87.64544127819 41.799675287293)
1b2b8d958005be7957598881ea06ccea42b8fed1717c2160a6bba498134141364255ad7d0d9f0531f1a2ecc977cbbdbdecabb00912447c68051e0773d1451176,,08/27/2025 08:44:00 AM,30,NO CONTROLS,NO CONTROLS,CLEAR,DAYLIGHT,SIDESWIPE SAME DIRECTION,NOT DIVIDED,,STRAIGHT AND LEVEL,DRY,UNKNOWN,NOT ON SCENE (DESK REPORT),NO INJURY / DRIVE AWAY,Y,,Y,"OVER $1,500",08/27/2025 10:45:00 AM,UNABLE TO DETERMINE,UNABLE TO DETERMINE,4800,W,LAKE ST,1532,,,,,,,2,NO INDICATION OF INJURY,0,0,0,0,0,2,0,8,4,8,41.8867491397,-87.7456088529,POINT (-87.745608852908 41.886749139662)
b3b4b656c31e2430cae8a7b89c93b36512f81a8b3c8722688f5ffc30efd4edc7cb20ac3a51a9a6db01d6e49ace1dfe9f8a40917e01552e1b7c7c26473ce80d4c,,08/27/2025 08:38:00 AM,30,NO CONTROLS,NO CONTROLS,CLEAR,DAYLIGHT,REAR END,ONE-WAY,,STRAIGHT AND LEVEL,DRY,NO DEFECTS,ON SCENE,NO INJURY / DRIVE AWAY,Y,,,"OVER $1,500",08/27/2025 08:38:00 AM,FOLLOWING TOO CLOSELY,UNABLE TO DETERMINE,4655,S,LA SALLE ST,215,,,,,,,2,NO INDICATION OF INJURY,0,0,0,0,0,2,0,8,4,8,41.8096702523,-87.6304454543,POINT (-87.630445454332 41.80967025229)
f13ceceb78eb960a4ff6790082020ddbe602e7a569772ec7b22bafd1e2d637238424e151c1cd479a104118d8a03bedbb5875b5903416a1781ee068cd19fcf42c,,08/27/2025 08:38:00 AM,30,TRAFFIC SIGNAL,FUNCTIONING IMPROPERLY,CLEAR,DAYLIGHT,TURNING,NOT DIVIDED,,STRAIGHT AND LEVEL,UNKNOWN,UNKNOWN,ON SCENE,NO INJURY / DRIVE AWAY,Y,,,"OVER $1,500",08/27/2025 08:45:00 AM,NOT APPLICABLE,NOT APPLICABLE,5100,S,LAKE PARK AVE,234,,,,,,,2,NO INDICATION OF INJURY,0,0,0,0,0,3,0,8,4,8,41.8023797296,-87.5879794066,POINT (-87.587979406628 41.802379729614)
4849eb8738a653de0399e4dba5fc5d055ae90d1541690e52c8e6643efab351ad13b78f296a1dad1bada3470c4ed564ab7b3b3324d547fbe7d0e9a5ad6c906b5e,,08/27/2025 08:30:00 AM,30,NO CONTROLS,NO CONTROLS,CLEAR,DAYLIGHT,PARKED MOTOR VEHICLE,PARKING LOT,,STRAIGHT AND LEVEL,DRY,NO DEFECTS,NOT ON SCENE (DESK REPORT),NO INJURY / DRIVE AWAY,,,Y,"OVER $1,500",08/27/2025 02:15:00 PM,UNABLE TO DETERMINE,UNABLE TO DETERMINE,534,E,38TH ST,212,,,,,,,2,NO INDICATION OF INJURY,0,0,0,0,0,1,0,8,4,8,41.8258188828,-87.6132984007,POINT (-87.613298400703 41.825818882847)
82072eca86d2cca45a5ac14195cc4d6036f0498cb55698fb96b43e5ff6f8720def25c18fc224b5341fc140df3e30f5ad22f3634f25971b0875657493287d88cd,,08/27/2025 08:30:00 AM,30,NO CONTROLS,NO CONTROLS,CLEAR,DAYLIGHT,SIDESWIPE SAME DIRECTION,DIVIDED - W/MEDIAN (NOT RAISED),,STRAIGHT AND LEVEL,DRY,NO DEFECTS,ON SCENE,NO INJURY / DRIVE AWAY,,,,"OVER $1,500",08/27/2025 08:30:00 AM,IMPROPER OVERTAKING/PASSING,NOT APPLICABLE,4158,S,ASHLAND AVE,924,,,,,,,2,NO INDICATION OF INJURY,0,0,0,0,0,2,0,8,4,8,41.817742737,-87.6653350123,POINT (-87.665335012334 41.817742737026)
d61f7e9c30c8c863e2321894012ba43f0834b25982596aef6542544622a65eee7a416e0027a2a3d62eca9fb125064705285ad65497da1d4f683d945fe3b57ecb,,08/27/2025 08:30:00 AM,30,NO CONTROLS,NO CONTROLS,CLEAR,DAYLIGHT,TURNING,NOT DIVIDED,,STRAIGHT AND LEVEL,DRY,NO DEFECTS,NOT ON SCENE (DESK REPORT),NO INJURY / DRIVE AWAY,,,,"OVER $1,500",08/27/2025 08:40:00 AM,FAILING TO YIELD RIGHT-OF-WAY,UNABLE TO DETERMINE,6231,S,KEDZIE AVE,823,,,,,,,2,NO INDICATION OF INJURY,0,0,0,0,0,2,0,8,4,8,41.7798527603,-87.7030142867,POINT (-87.703014286689 41.779852760312)
a7ec337701efd06cb8d2dbfcac48ec3c9d7887eb5121d97fe1dc2948814afa18755991feb94fd0b2d9a9c98af1da2264729311b43657e7955856dd56f7dfe262,,08/27/2025 08:29:00 AM,25,STOP SIGN/FLASHER,FUNCTIONING PROPERLY,UNKNOWN,UNKNOWN,REAR END,NOT DIVIDED,,STRAIGHT AND LEVEL,UNKNOWN,UNKNOWN,NOT ON SCENE (DESK REPORT),NO INJURY / DRIVE AWAY,,,,"OVER $1,500",08/29/2025 09:45:00 AM,FOLLOWING TOO CLOSELY,UNABLE TO DETERMINE,3842,W,BERTEAU AVE,1723,,,,,,,2,NO INDICATION OF INJURY,0,0,0,0,0,2,0,8,4,8,41.957454783,-87.7244716983,POINT (-87.724471698308 41.957454783043)
1ee1502e957fa7dd869d3cef846938f7f076e42a903c600ed46e70748d6aedb4ee19d7e4ff63975753ad5f5cd8eb41f5a3014b2afb22242672a74e487962cec0,,08/27/2025 08:26:00 AM,30,NO CONTROLS,NO CONTROLS,CLEAR,DAYLIGHT,PARKED MOTOR VEHICLE,NOT DIVIDED,,STRAIGHT AND LEVEL,DRY,NO DEFECTS,ON SCENE,NO INJURY / DRIVE AWAY,,,,"OVER $1,500",08/27/2025 08:26:00 AM,IMPROPER TURNING/NO SIGNAL,IMPROPER TURNING/NO SIGNAL,12339,S,NORMAL AVE,523,,,,,,,2,NO INDICATION OF INJURY,0,0,0,0,0,1,0,8,4,8,41.6694559001,-87.6342692764,POINT (-87.634269276371 41.669455900133)