CRASH_RECORD_ID,CRASH_DATE_EST_I,CRASH_DATE,POSTED_SPEED_LIMIT,TRAFFIC_CONTROL_DEVICE,DEVICE_CONDITION,WEATHER_CONDITION,LIGHTING_CONDITION,FIRST_CRASH_TYPE,TRAFFICWAY_TYPE,LANE_CNT,ALIGNMENT,ROADWAY_SURFACE_COND,ROAD_DEFECT,REPORT_TYPE,CRASH_TYPE,INTERSECTION_RELATED_I,NOT_RIGHT_OF_WAY_I,HIT_AND_RUN_I,DAMAGE,DATE_POLICE_NOTIFIED,PRIM_CONTRIBUTORY_CAUSE,SEC_CONTRIBUTORY_CAUSE,STREET_NO,STREET_DIRECTION,STREET_NAME,BEAT_OF_OCCURRENCE,PHOTOS_TAKEN_I,STATEMENTS_TAKEN_I,DOORING_I,WORK_ZONE_I,WORK_ZONE_TYPE,WORKERS_PRESENT_I,NUM_UNITS,MOST_SEVERE_INJURY,INJURIES_TOTAL,INJURIES_FATAL,INJURIES_INCAPACITATING,INJURIES_NON_INCAPACITATING,INJURIES_REPORTED_NOT_EVIDENT,INJURIES_NO_INDICATION,INJURIES_UNKNOWN,CRASH_HOUR,CRASH_DAY_OF_WEEK,CRASH_MONTH,LATITUDE,LONGITUDE,LOCATION
790e31f9f05e0da30e14cf2ca751cbc198d2f328537d293c1e8dabcf7d4639920495b3483e47ac325f0f3d16e3fcee5a59007bc2e090a3628f9b476ace4a06ab,Y,08/27/2025 08:25:00 AM,20,STOP SIGN/FLASHER,FUNCTIONING PROPERLY,CLEAR,DAYLIGHT,SIDESWIPE SAME DIRECTION,DIVIDED - W/MEDIAN (NOT RAISED),,STRAIGHT AND LEVEL,DRY,NO DEFECTS,NOT ON SCENE (DESK REPORT),NO INJURY / DRIVE AWAY,,,Y,"OVER $1,500",08/27/2025 09:28:00 AM,UNABLE TO DETERMINE,UNABLE TO DETERMINE,5131,W,WASHINGTON BLVD,1533,,,,,,,2,NO INDICATION OF INJURY,0,0,0,0,0,2,0,8,4,8,41.8815963723,-87.7538864349,POINT (-87.753886434908 41.881596372297)
179ebf5608d9a49eb92fecce97fb4cc04b64b2f9d2dcd4b405da2a3287413bd285a96d7bf697ad0b47ddfc13c06e4ee8555195847e072ed78ae4497f2489913f,,08/27/2025 08:20:00 AM,30,TRAFFIC SIGNAL,FUNCTIONING PROPERLY,CLEAR,DAYLIGHT,SIDESWIPE SAME DIRECTION,ONE-WAY,,STRAIGHT AND LEVEL,DRY,NO DEFECTS,NOT ON SCENE (DESK REPORT),NO INJURY / DRIVE AWAY,Y,,,"$501 - $1,500",08/27/2025 09:20:00 AM,IMPROPER LANE USAGE,NOT APPLICABLE,100,W,POLK ST,123,,,,,,,2,NO INDICATION OF INJURY,0,0,0,0,0,2,0,8,4,8,41.8723353525,-87.630680717,POINT (-87.630680717016 41.872335352508)
184f836b8f5f140862dfe7463304f1cef5de08e232e3ef80401a172349a80cc56928960764617de397ca3359b00621d33473fb556be2a387e4c50e0724c464b5,,08/27/2025 08:20:00 AM,30,TRAFFIC SIGNAL,FUNCTIONING PROPERLY,CLEAR,DAYLIGHT,REAR TO FRONT,T-INTERSECTION,,STRAIGHT AND LEVEL,DRY,NO DEFECTS,ON SCENE,NO INJURY / DRIVE AWAY,Y,,Y,"OVER $1,500",08/27/2025 08:25:00 AM,UNABLE TO DETERMINE,UNABLE TO DETERMINE,2464,E,130TH ST,434,,,,,,,2,NO INDICATION OF INJURY,0,0,0,0,0,3,0,8,4,8,41.6592806467,-87.5634313502,POINT (-87.563431350236 41.659280646662)
f8284b9989e139ab00c04d133036f3563bb5d038ed769589506134ae986abf0abb37454b4109c4cd3bb4c3d66cc82a1f261814b7c83335b73753edd19d3dfd4c,,08/27/2025 08:20:00 AM,20,STOP SIGN/FLASHER,FUNCTIONING PROPERLY,CLEAR,DAYLIGHT,TURNING,NOT DIVIDED,,STRAIGHT AND LEVEL,DRY,NO DEFECTS,NOT ON SCENE (DESK REPORT),NO INJURY / DRIVE AWAY,,,,"OVER $1,500",08/27/2025 09:00:00 AM,UNABLE TO DETERMINE,UNABLE TO DETERMINE,2759,N,NORMANDY AVE,2512,,,,,,,2,NO INDICATION OF INJURY,0,0,0,0,0,2,0,8,4,8,41.930822968,-87.7928796354,POINT (-87.79287963539 41.930822967964)
044fbf28fb19ebb27c6c490df15285db54bd386b3acd4429422553a29b278278cf35b0b08745284253a9aa584987b7b818051cf8e32a8fd5e8b5de1410a754b2,,08/27/2025 08:15:00 AM,35,NO CONTROLS,NO CONTROLS,CLEAR,DAYLIGHT,ANGLE,NOT DIVIDED,,STRAIGHT AND LEVEL,DRY,NO DEFECTS,ON SCENE,INJURY AND / OR TOW DUE TO CRASH,,,,"OVER $1,500",08/27/2025 08:24:00 AM,DRIVING ON WRONG SIDE/WRONG WAY,NOT APPLICABLE,8902,S,THROOP ST,2222,,,,,,,2,NO INDICATION OF INJURY,0,0,0,0,0,2,0,8,4,8,41.7320074278,-87.6558051769,POINT (-87.655805176949 41.732007427777)
eba9a208282a04f4563573208dfe0122eca8ffb42a90d1cdfe061dc2e084e773e3a2b8176b5432727988885ebfb58f0590ae0f39eaf9eb47d6699659600be079,,08/27/2025 08:10:00 AM,30,STOP SIGN/FLASHER,FUNCTIONING PROPERLY,CLEAR,DAYLIGHT,TURNING,NOT DIVIDED,,STRAIGHT AND LEVEL,DRY,NO DEFECTS,NOT ON SCENE (DESK REPORT),NO INJURY / DRIVE AWAY,,,,"OVER $1,500",08/27/2025 09:48:00 AM,IMPROPER TURNING/NO SIGNAL,IMPROPER LANE USAGE,4948,W,MONTROSE AVE,1623,,,,,,,2,NO INDICATION OF INJURY,0,0,0,0,0,2,0,8,4,8,41.9607794818,-87.7519423375,POINT (-87.751942337503 41.960779481785)
f1c1f2762cc294ae6e06cb56f1c0cd6c740dcca477abf6c4f687f77bef2c87c67f9620d68b8a0602e132d7daa30354322d97b68089ffdf57e76cd6f85631f625,,08/27/2025 08:10:00 AM,30,NO CONTROLS,NO CONTROLS,CLEAR,DAYLIGHT,SIDESWIPE SAME DIRECTION,DIVIDED - W/MEDIAN (NOT RAISED),,STRAIGHT AND LEVEL,DRY,NO DEFECTS,,NO INJURY / DRIVE AWAY,,,,$500 OR LESS,08/27/2025 10:00:00 AM,FAILING TO REDUCE SPEED TO AVOID CRASH,UNABLE TO DETERMINE,5420,W,MADISON ST,1522,,,,,,,2,NO INDICATION OF INJURY,0,0,0,0,0,4,0,8,4,8,41.8804056508,-87.7610472655,POINT (-87.761047265518 41.880405650799)
12b46d02a5167366238db9e39bed7d0f48da79e4347d2bf5f9ac3ab7a2ad5789a1780c8d66a9d8e30a3e75b9a1085e643f684847127c749328fea1a15da66d12,,08/27/2025 08:05:00 AM,30,TRAFFIC SIGNAL,FUNCTIONING PROPERLY,CLEAR,DAYLIGHT,TURNING,FOUR WAY,,STRAIGHT AND LEVEL,DRY,NO DEFECTS,ON SCENE,NO INJURY / DRIVE AWAY,Y,,,"OVER $1,500",08/27/2025 08:07:00 AM,FAILING TO YIELD RIGHT-OF-WAY,UNABLE TO DETERMINE,4200,W,ADDISON ST,1731,,,,,,,2,NO INDICATION OF INJURY,0,0,0,0,0,2,0,8,4,8,41.9464175497,-87.7323097186,POINT (-87.732309718646 41.946417549709)
42bbac0ab5e5f02b0e5f75c138ca91384142417b512ab954024d23c10b7ad0827d84de19c7ee82306fb28edb50ef906aa99d7d256a15c402f4270b9417b5a581,,08/27/2025 08:05:00 AM,30,TRAFFIC SIGNAL,FUNCTIONING PROPERLY,CLEAR,DAYLIGHT,PEDESTRIAN,NOT DIVIDED,,STRAIGHT AND LEVEL,DRY,NO DEFECTS,ON SCENE,INJURY AND / OR TOW DUE TO CRASH,Y,,Y,"OVER $1,500",08/27/2025 09:42:00 AM,DISREGARDING TRAFFIC SIGNALS,FAILING TO YIELD RIGHT-OF-WAY,2759,W,ROOSEVELT RD,1023,,,,,,,2,NONINCAPACITATING INJURY,1,0,0,1,0,1,0,8,4,8,41.8664016708,-87.6958447063,POINT (-87.695844706263 41.866401670828)
e91cfacf1c423a5d1ca0571eecfa265591a1cb24f35523e8db3b1b7c95fbf13eb20f9f77bb8a09947156c20811e0f9267270139d09bf37ad52d5779735f89572,,08/27/2025 08:02:00 AM,30,NO CONTROLS,NO CONTROLS,CLEAR,DAYLIGHT,PARKED MOTOR VEHICLE,DIVIDED - W/MEDIAN (NOT RAISED),,STRAIGHT AND LEVEL,DRY,NO DEFECTS,ON SCENE,NO INJURY / DRIVE AWAY,,,Y,"$501 - $1,500",08/27/2025 08:02:00 AM,IMPROPER OVERTAKING/PASSING,NOT APPLICABLE,5838,N,SHERIDAN RD,2022,,,,,,,2,NO INDICATION OF INJURY,0,0,0,0,0,1,0,8,4,8,41.9884680903,-87.6554850125,POINT (-87.655485012499 41.988468090343)
90cb58644f09531f635e675829fdf971e30bcd4d0c598be24f6c5756d5ff836e8d25bfaaceb4a41b6f044f9fea2ba63860914ea6083fb7d2bcf330279654d09c,Y,08/27/2025 08:01:00 AM,30,TRAFFIC SIGNAL,FUNCTIONING PROPERLY,CLEAR,DAYLIGHT,REAR END,NOT DIVIDED,,STRAIGHT AND LEVEL,UNKNOWN,UNKNOWN,ON SCENE,INJURY AND / OR TOW DUE TO CRASH,,,,"OVER $1,500",08/27/2025 08:05:00 AM,UNABLE TO DETERMINE,NOT APPLICABLE,3356,N,CICERO AVE,1634,Y,Y,,,,,2,NONINCAPACITATING INJURY,1,0,0,1,0,1,0,8,4,8,41.9423702069,-87.7471090144,POINT (-87.747109014388 41.942370206934)
0b65480359db9d8610d5b001f0ceb93104fd9861a1944dc9ab383918337041e5779ddd3f012fdac7ac3b5518603d251be484a7afc067ddf080ef89eac6db8684,,08/27/2025 08:00:00 AM,30,TRAFFIC SIGNAL,FUNCTIONING PROPERLY,CLEAR,DAYLIGHT,REAR END,NOT DIVIDED,,STRAIGHT AND LEVEL,DRY,UNKNOWN,NOT ON SCENE (DESK REPORT),NO INJURY / DRIVE AWAY,,,,"OVER $1,500",08/27/2025 09:30:00 AM,FOLLOWING TOO CLOSELY,NOT APPLICABLE,508,S,KOSTNER AVE,1131,,,,,,,2,NO INDICATION OF INJURY,0,0,0,0,0,4,0,8,4,8,41.8738973216,-87.7353755712,POINT (-87.735375571169 41.873897321577)
2160c2236e25375d01a7ecae0ab76a48cd2301a0a5cd11b76ecb2628a25df0da2a9999f6e603110170aa26e14f6a58c33377828569c548589b33196d0d8370b1,,08/27/2025 08:00:00 AM,35,NO CONTROLS,NO CONTROLS,CLEAR,DAYLIGHT,SIDESWIPE SAME DIRECTION,NOT DIVIDED,,STRAIGHT AND LEVEL,DRY,NO DEFECTS,NOT ON SCENE (DESK REPORT),NO INJURY / DRIVE AWAY,,,,"OVER $1,500",08/27/2025 09:15:00 AM,IMPROPER LANE USAGE,NOT APPLICABLE,7301,W,DEVON AVE,1612,,,,Y,UNKNOWN,Y,2,NO INDICATION OF INJURY,0,0,0,0,0,2,0,8,4,8,41.9970145861,-87.8104134816,POINT (-87.810413481578 41.997014586114)
291a9b2ea4639d7c52d5042fd70a38eff456195d296063de4a7f1569f8585f7246b05c36d9a464a6bdfc63f4c5c67daad593827205c2109829a7e5851f92542d,,08/27/2025 08:00:00 AM,25,NO CONTROLS,NO CONTROLS,CLEAR,"DARKNESS, LIGHTED ROAD",PARKED MOTOR VEHICLE,ONE-WAY,,STRAIGHT AND LEVEL,DRY,NO DEFECTS,NOT ON SCENE (DESK REPORT),NO INJURY / DRIVE AWAY,,,Y,"$501 - $1,500",08/27/2025 03:10:00 PM,UNABLE TO DETERMINE,UNABLE TO DETERMINE,3554,N,NATOMA AVE,1632,,,,,,,2,NO INDICATION OF INJURY,0,0,0,0,0,1,0,8,4,8,41.9453401367,-87.7924648426,POINT (-87.792464842562 41.945340136665)
2f0d7005d2f5388a3c98c5c72a555206d4af57d88aecaf9fc9d752e1130c4373dd9d2fe4b9bc8eb05a3aff1760d501b7352884f030605165792b8b7c9b2e22b1,,08/27/2025 08:00:00 AM,30,UNKNOWN,UNKNOWN,CLEAR,DAYLIGHT,REAR END,NOT DIVIDED,,STRAIGHT AND LEVEL,DRY,UNKNOWN,NOT ON SCENE (DESK REPORT),NO INJURY / DRIVE AWAY,,,,"OVER $1,500",08/27/2025 08:30:00 AM,FOLLOWING TOO CLOSELY,FOLLOWING TOO CLOSELY,4239,S,HALSTED ST,925,,,,,,,2,NO INDICATION OF INJURY,0,0,0,0,0,2,0,8,4,8,41.816373556,-87.6455855708,POINT (-87.645585570841 41.816373556012)
3fc47afa19e35e15222bdf0ea08c0ad59088297852eee32cd5571aca66c2c1599afc7a4d7b3e9278947b2449f121ae6eb68d53c0317f49dbe88c94df837f2509,,08/27/2025 08:00:00 AM,20,STOP SIGN/FLASHER,NO CONTROLS,CLEAR,DAYLIGHT,ANGLE,FOUR WAY,,STRAIGHT AND LEVEL,DRY,NO DEFECTS,ON SCENE,INJURY AND / OR TOW DUE TO CRASH,Y,,,"OVER $1,500",08/27/2025 08:01:00 AM,FAILING TO YIELD RIGHT-OF-WAY,NOT APPLICABLE,7801,S,DREXEL AVE,624,,,,,,,2,NONINCAPACITATING INJURY,1,0,0,1,0,5,0,8,4,8,41.7530483526,-87.602651209,POINT (-87.60265120903 41.753048352602)
620203b05310eff001022b33e908288a835bc4865788483f10aecc5d2d72781225d350ffa609292df8804b53210dcd1fb43fb43e0a27b270c5345a4e93c1650d,,08/27/2025 08:00:00 AM,30,TRAFFIC SIGNAL,FUNCTIONING PROPERLY,CLEAR,DAYLIGHT,SIDESWIPE SAME DIRECTION,NOT DIVIDED,,STRAIGHT AND LEVEL,DRY,NO DEFECTS,NOT ON SCENE (DESK REPORT),NO INJURY / DRIVE AWAY,,,,"OVER $1,500",08/27/2025 06:50:00 PM,IMPROPER OVERTAKING/PASSING,IMPROPER LANE USAGE,3295,W,GRAND AVE,1121,,,,,,,2,NO INDICATION OF INJURY,0,0,0,0,0,2,0,8,4,8,41.8990349424,-87.7087843001,POINT (-87.70878430009 41.899034942431)
80d679d9d8708db18b19df33e3749901695b8d818385e81c3b342fb91193c7ce89763754d56b44568610277f0e052d2868fd1801104bd8c9c5f5e78d36d06bfd,Y,08/27/2025 08:00:00 AM,20,UNKNOWN,UNKNOWN,CLEAR,UNKNOWN,PARKED MOTOR VEHICLE,ONE-WAY,,STRAIGHT AND LEVEL,UNKNOWN,UNKNOWN,NOT ON SCENE (DESK REPORT),NO INJURY / DRIVE AWAY,,,Y,"OVER $1,500",08/27/2025 10:30:00 AM,UNABLE TO DETERMINE,UNABLE TO DETERMINE,2420,N,GENEVA TER,1935,,,,,,,2,NO INDICATION OF INJURY,0,0,0,0,0,1,0,8,4,8,41.926186391,-87.6441199234,POINT (-87.644119923382 41.926186390977)
8b886bbe5b0adb3c1dbe31e003ecf8e9fe41492f766e91128b6a05be4d685156a5432bdabecd90a79edaa4fc26198991bdf64dfd0ff9e6b0be5b63b965d8f469,,08/27/2025 08:00:00 AM,25,NO CONTROLS,NO CONTROLS,CLEAR,DAYLIGHT,PARKED MOTOR VEHICLE,NOT DIVIDED,,STRAIGHT AND LEVEL,DRY,NO DEFECTS,ON SCENE,INJURY AND / OR TOW DUE TO CRASH,,,Y,"OVER $1,500",08/27/2025 11:33:00 AM,UNABLE TO DETERMINE,NOT APPLICABLE,5128,W,WAVELAND AVE,1634,,,,,,,2,NO INDICATION OF INJURY,0,0,0,0,0,1,0,8,4,8,41.9479558839,-87.7557219244,POINT (-87.75572192436 41.947955883892)
9f3e73347131afb375b83a04e6a54201b0f96c833aba2e2e90b6986658f7da0cd83b50db9de9cc8736a72a0e9d8c6769df7e28e861b193501f29ded350a03e73,,08/27/2025 08:00:00 AM,10,NO CONTROLS,NO CONTROLS,CLEAR,DAYLIGHT,OTHER OBJECT,PARKING LOT,,STRAIGHT AND LEVEL,DRY,NO DEFECTS,NOT ON SCENE (DESK REPORT),NO INJURY / DRIVE AWAY,,N,,"OVER $1,500",08/27/2025 10:15:00 AM,UNABLE TO DETERMINE,NOT APPLICABLE,6530,W,BRYN MAWR AVE,1612,,,,,,,1,NO INDICATION OF INJURY,0,0,0,0,0,2,0,8,4,8,41.9829885184,-87.7915383035,POINT (-87.791538303513 41.98298851837)
cb56fabe7547ac7f82a94be4ac0182b90b77b472d6a3b3068a4e4f5b350e93ec0e5c18234f946e5bff50027c4093eadb66d258861076b1e479746a8b8705fc8b,,08/27/2025 08:00:00 AM,30,TRAFFIC SIGNAL,FUNCTIONING PROPERLY,CLEAR,DAYLIGHT,TURNING,FOUR WAY,,STRAIGHT AND LEVEL,DRY,NO DEFECTS,NOT ON SCENE (DESK REPORT),NO INJURY / DRIVE AWAY,Y,,,"OVER $1,500",08/27/2025 08:00:00 AM,UNABLE TO DETERMINE,UNABLE TO DETERMINE,5500,S,DAMEN AVE,715,,,,,,,2,NO INDICATION OF INJURY,0,0,0,0,0,2,0,8,4,8,41.7934783622,-87.6744262209,POINT (-87.674426220934 41.7934783622)
2d6365a860ba683222fe42f5ade4355a3e50f3a4e51a7918f88bcd2d09f22de6bf51dc880f34cde8a32e016c8a3c2590f79f6f1a966aaf1c1c1bd7acc1128281,,08/27/2025 07:58:00 AM,35,PEDESTRIAN CROSSING SIGN,FUNCTIONING PROPERLY,CLEAR,DAYLIGHT,TURNING,T-INTERSECTION,,STRAIGHT AND LEVEL,DRY,UNKNOWN,ON SCENE,INJURY AND / OR TOW DUE TO CRASH,Y,,,"OVER $1,500",08/27/2025 08:06:00 AM,IMPROPER OVERTAKING/PASSING,NOT APPLICABLE,5101,N,CALIFORNIA AVE,2031,,,,,,,2,NONINCAPACITATING INJURY,1,0,0,1,0,1,0,7,4,8,41.9740424918,-87.6987225521,POINT (-87.698722552123 41.974042491773)
4d41062af639093449ca91542e5bf7c140fa2f1a4d5c320d192f50c52306f2aa26cc73f8803f42783f7619fcf6f2c1e66da50831d523bdae398dcd428f203048,,08/27/2025 07:58:00 AM,30,NO CONTROLS,NO CONTROLS,CLEAR,DAYLIGHT,OTHER OBJECT,ONE-WAY,,STRAIGHT AND LEVEL,DRY,NO DEFECTS,ON SCENE,INJURY AND / OR TOW DUE TO CRASH,,,,"OVER $1,500",08/27/2025 08:00:00 AM,FAILING TO YIELD RIGHT-OF-WAY,NOT APPLICABLE,2744,N,MAJOR AVE,2514,,,,,,,2,INCAPACITATING INJURY,1,0,1,0,0,1,0,7,4,8,41.9307531008,-87.7688069956,POINT (-87.768806995575 41.930753100799)
1466937e7d157c6affbf428e13fb3d48621d5a80eef4f01411da5cfca0bb84f1ac4081f92f00b19d82e554ad3f87ea2e7669ca43431d6d9d74cb8e6c32ae636d,,08/27/2025 07:57:00 AM,30,NO CONTROLS,NO CONTROLS,CLEAR,DAYLIGHT,REAR TO FRONT,PARKING LOT,,STRAIGHT AND LEVEL,DRY,NO DEFECTS,NOT ON SCENE (DESK REPORT),NO INJURY / DRIVE AWAY,,Y,,"$501 - $1,500",08/27/2025 03:45:00 PM,UNABLE TO DETERMINE,NOT APPLICABLE,2403,S,BLUE ISLAND AVE,1034,,,,,,,2,NO INDICATION OF INJURY,0,0,0,0,0,2,0,7,4,8,41.8485391874,-87.6754169836,POINT (-87.675416983619 41.848539187353)
6c8b042cd7dff27533f734483da697fb902321a9581aa513523695c603f2c5dbbc46996ce558de1c6cb8257d8fa1b430c772095993a5cfb1aca8caa9e0f25e25,,08/27/2025 07:56:00 AM,30,NO CONTROLS,NO CONTROLS,CLEAR,DAYLIGHT,ANGLE,FOUR WAY,,STRAIGHT AND LEVEL,DRY,NO DEFECTS,ON SCENE,NO INJURY / DRIVE AWAY,Y,,,"OVER $1,500",08/27/2025 07:56:00 AM,DRIVING SKILLS/KNOWLEDGE/EXPERIENCE,DRIVING SKILLS/KNOWLEDGE/EXPERIENCE,832,W,79TH ST,621,,,,,,,2,NO INDICATION OF INJURY,0,0,0,0,0,3,0,7,4,8,41.7507335761,-87.645319622,POINT (-87.645319622031 41.750733576145)
d14a9399cdff2038a855855bd411205d3dca96e8087c2bad92c2f62302c0fd98106608a91fab71b843b5fe452021777d4237599e15667ec3842d928f05f34abe,,08/27/2025 07:50:00 AM,30,STOP SIGN/FLASHER,NO CONTROLS,CLEAR,DAYLIGHT,TURNING,"FIVE POINT, OR MORE",,STRAIGHT AND LEVEL,DRY,NO DEFECTS,ON SCENE,INJURY AND / OR TOW DUE TO CRASH,Y,,,"$501 - $1,500",08/27/2025 07:50:00 AM,FAILING TO YIELD RIGHT-OF-WAY,UNABLE TO DETERMINE,3706,N,ELSTON AVE,1733,,Y,,,,,2,NONINCAPACITATING INJURY,1,0,0,1,0,1,0,7,4,8,41.9485798955,-87.711919052,POINT (-87.711919051952 41.948579895521)
e441afd84d7d8cd22486a7dbb7bb27b00c1f581240ac6d57f9639e45883567c315b154faebcbd59a0bc815eee2d6d24f9eac9a277ae4ff2d37b499f5e1e8da49,,08/27/2025 07:50:00 AM,30,NO CONTROLS,NO CONTROLS,CLEAR,DAYLIGHT,TURNING,NOT DIVIDED,,STRAIGHT AND LEVEL,DRY,NO DEFECTS,ON SCENE,INJURY AND / OR TOW DUE TO CRASH,Y,,,"OVER $1,500",08/27/2025 07:50:00 AM,UNABLE TO DETERMINE,UNABLE TO DETERMINE,11033,S,VINCENNES AVE,2234,,,,,,,2,NONINCAPACITATING INJURY,2,0,0,2,0,1,0,7,4,8,41.6929233316,-87.6626036078,POINT (-87.662603607764 41.692923331622)
ed3610894c80ad7889181dc96e01fb5464c370c9c758cbcbff5ae6a734d88eee072986feafa5d342ee83b01f206efe71f3089a199744eedc1068c18ba35f6725,,08/27/2025 07:50:00 AM,30,TRAFFIC SIGNAL,FUNCTIONING PROPERLY,CLEAR,DAYLIGHT,TURNING,FOUR WAY,,STRAIGHT AND LEVEL,DRY,NO DEFECTS,NOT ON SCENE (DESK REPORT),NO INJURY / DRIVE AWAY,Y,,,"OVER $1,500",08/27/2025 09:00:00 AM,IMPROPER TURNING/NO SIGNAL,NOT APPLICABLE,99,E,WASHINGTON ST,112,,,,,,,2,NO INDICATION OF INJURY,0,0,0,0,0,4,0,7,4,8,41.8831205157,-87.6244442554,POINT (-87.624444255441 41.88312051574)
f629b4f6c1598ab71cba29d78b55f8c3e38c6605aca8215e2199473c0028ca847680a9468e8cd07714fe0234a57077194ee8776233046c8ed82a1dbc71191456,,08/27/2025 07:50:00 AM,30,TRAFFIC SIGNAL,FUNCTIONING PROPERLY,CLEAR,DAYLIGHT,REAR END,FOUR WAY,,STRAIGHT AND LEVEL,DRY,NO DEFECTS,NOT ON SCENE (DESK REPORT),NO INJURY / DRIVE AWAY,Y,,,"OVER $1,500",08/27/2025 01:40:00 PM,FAILING TO REDUCE SPEED TO AVOID CRASH,UNABLE TO DETERMINE,3500,W,63RD ST,823,,,,,,,2,NO INDICATION OF INJURY,0,0,0,0,0,2,0,7,4,8,41.778961599,-87.7105289488,POINT (-87.710528948795 41.778961598969)
ad963bbaa25b91e74cfc39a6196e0e1d2f0bfed0cbdfeefc8035c9d3d82314561bda03cc34443b4069b2af4cb1a56db674ed7843ec9586575c26e1757ae1f876,,08/27/2025 07:45:00 AM,30,STOP SIGN/FLASHER,NO CONTROLS,CLEAR,DAYLIGHT,REAR END,UNKNOWN,,STRAIGHT AND LEVEL,DRY,UNKNOWN,NOT ON SCENE (DESK REPORT),NO INJURY / DRIVE AWAY,,,,"OVER $1,500",08/27/2025 08:57:00 AM,UNABLE TO DETERMINE,UNABLE TO DETERMINE,3826,W,87TH ST,834,,,,,,,2,NO INDICATION OF INJURY,0,0,0,0,0,2,0,7,4,8,41.7350322152,-87.7176817232,POINT (-87.717681723228 41.735032215199)
2cba69b29c003424a515cf311690868dfabe0b30c4b9fff1523b45f16869701b29bdee94954026ca438445fe106ea7e68975570c7768a126e2b857a44e26f1f6,,08/27/2025 07:40:00 AM,30,NO CONTROLS,NO CONTROLS,CLEAR,DAYLIGHT,SIDESWIPE SAME DIRECTION,NOT DIVIDED,,STRAIGHT AND LEVEL,DRY,NO DEFECTS,NOT ON SCENE (DESK REPORT),NO INJURY / DRIVE AWAY,,,Y,$500 OR LESS,08/27/2025 08:00:00 AM,UNABLE TO DETERMINE,UNABLE TO DETERMINE,4123,W,WASHINGTON BLVD,1115,,,,,,,2,NO INDICATION OF INJURY,0,0,0,0,0,2,0,7,4,8,41.8818929121,-87.7291172635,POINT (-87.729117263499 41.881892912056)
37c710956ac1db1f6f9861e9cdc5a2cd12f9ce866a512046ad1df454cceba17f9b0545417ba187664ffe8754b1329f79bdb7c9fb75740fe863c2b777bb20c342,,08/27/2025 07:40:00 AM,30,NO CONTROLS,NO CONTROLS,CLEAR,DAYLIGHT,PARKED MOTOR VEHICLE,NOT DIVIDED,,STRAIGHT AND LEVEL,DRY,NO DEFECTS,NOT ON SCENE (DESK REPORT),NO INJURY / DRIVE AWAY,,,,"OVER $1,500",08/27/2025 08:40:00 AM,UNABLE TO DETERMINE,UNABLE TO DETERMINE,5242,W,55TH ST,814,,,,,,,2,NO INDICATION OF INJURY,0,0,0,0,0,1,0,7,4,8,41.792970178,-87.754239646,POINT (-87.754239646048 41.792970178023)
6c3f7af36ef27f577d5274898e5d2e80509f3fa8fb04869772be7f79662d2be00295e1acfd47f2b084c74b900c2bb7fbe8bdd5ed3015f312998cc367efaef0f0,,08/27/2025 07:40:00 AM,30,NO CONTROLS,NO CONTROLS,UNKNOWN,UNKNOWN,PEDALCYCLIST,NOT DIVIDED,,STRAIGHT AND LEVEL,WET,NO DEFECTS,ON SCENE,INJURY AND / OR TOW DUE TO CRASH,,,Y,$500 OR LESS,08/27/2025 10:45:00 AM,IMPROPER OVERTAKING/PASSING,IMPROPER LANE USAGE,2150,W,MARQUETTE RD,726,,,,,,,2,"REPORTED, NOT EVIDENT",1,0,0,0,1,1,0,7,4,8,41.7721289185,-87.6783570989,POINT (-87.67835709888 41.772128918501)
6e5eca4f067768d7b2673ae2a829d45d346db76eafc1fa49d1deee3487a9ad5eb5501f4aa353aa00c428d9618996d8cb6d899672bf234f25db89538181699a02,,08/27/2025 07:40:00 AM,25,UNKNOWN,UNKNOWN,UNKNOWN,DAYLIGHT,PEDESTRIAN,DIVIDED - W/MEDIAN (NOT RAISED),,STRAIGHT AND LEVEL,UNKNOWN,UNKNOWN,NOT ON SCENE (DESK REPORT),INJURY AND / OR TOW DUE TO CRASH,,,Y,"OVER $1,500",08/27/2025 07:20:00 PM,UNABLE TO DETERMINE,NOT APPLICABLE,2300,W,ROSCOE ST,1921,,Y,,,,,2,"REPORTED, NOT EVIDENT",1,0,0,0,1,1,0,7,4,8,41.9432347038,-87.6857890209,POINT (-87.685789020924 41.943234703819)
ade93728e826ef2cae394a9b6fcf9ef40cee65dc9ca958efd5c523307743725a01d8de714e00f1137c2f7a3eb3bf1dda535ad8f1b726e296a358b88619e1dd00,,08/27/2025 07:40:00 AM,35,NO CONTROLS,NO CONTROLS,CLEAR,DAYLIGHT,TURNING,FOUR WAY,,STRAIGHT AND LEVEL,DRY,NO DEFECTS,NOT ON SCENE (DESK REPORT),NO INJURY / DRIVE AWAY,,,,"$501 - $1,500",08/27/2025 08:00:00 AM,IMPROPER OVERTAKING/PASSING,IMPROPER TURNING/NO SIGNAL,11898,S,LONGWOOD DR,2212,,,,,,,2,NO INDICATION OF INJURY,0,0,0,0,0,2,0,7,4,8,41.6773716747,-87.675359661,POINT (-87.675359660993 41.677371674655)