CRASH_RECORD_ID,CRASH_DATE_EST_I,CRASH_DATE,POSTED_SPEED_LIMIT,TRAFFIC_CONTROL_DEVICE,DEVICE_CONDITION,WEATHER_CONDITION,LIGHTING_CONDITION,FIRST_CRASH_TYPE,TRAFFICWAY_TYPE,LANE_CNT,ALIGNMENT,ROADWAY_SURFACE_COND,ROAD_DEFECT,REPORT_TYPE,CRASH_TYPE,INTERSECTION_RELATED_I,NOT_RIGHT_OF_WAY_I,HIT_AND_RUN_I,DAMAGE,DATE_POLICE_NOTIFIED,PRIM_CONTRIBUTORY_CAUSE,SEC_CONTRIBUTORY_CAUSE,STREET_NO,STREET_DIRECTION,STREET_NAME,BEAT_OF_OCCURRENCE,PHOTOS_TAKEN_I,STATEMENTS_TAKEN_I,DOORING_I,WORK_ZONE_I,WORK_ZONE_TYPE,WORKERS_PRESENT_I,NUM_UNITS,MOST_SEVERE_INJURY,INJURIES_TOTAL,INJURIES_FATAL,INJURIES_INCAPACITATING,INJURIES_NON_INCAPACITATING,INJURIES_REPORTED_NOT_EVIDENT,INJURIES_NO_INDICATION,INJURIES_UNKNOWN,CRASH_HOUR,CRASH_DAY_OF_WEEK,CRASH_MONTH,LATITUDE,LONGITUDE,LOCATION
ca078d9e3e6a9eca2f844735d4f363deadcf6fd126f0768ddeb395c2c0b8f5b759192c318378450231d41955b6fe6249f9d74284a3126be56425853b8516dded,,08/27/2025 07:40:00 AM,25,TRAFFIC SIGNAL,FUNCTIONING PROPERLY,CLEAR,DAYLIGHT,REAR END,NOT DIVIDED,,STRAIGHT AND LEVEL,DRY,NO DEFECTS,,NO INJURY / DRIVE AWAY,,,,"$501 - $1,500",08/27/2025 08:00:00 AM,UNABLE TO DETERMINE,NOT APPLICABLE,1555,W,87TH ST,2221,,,,,,,2,NO INDICATION OF INJURY,0,0,0,0,0,3,0,7,4,8,41.7356834933,-87.6628329375,POINT (-87.662832937476 41.735683493286)
f65661e9926d02c820ec42f727f887b092bc79286e6a97d96fed6dbaf7678de07dc1c26478aac8b10c11dd5b163f33c7d8077cb2152680a2a438d4cf479f76b2,,08/27/2025 07:30:00 AM,30,TRAFFIC SIGNAL,FUNCTIONING PROPERLY,CLEAR,DAYLIGHT,SIDESWIPE SAME DIRECTION,NOT DIVIDED,,STRAIGHT AND LEVEL,DRY,NO DEFECTS,NOT ON SCENE (DESK REPORT),NO INJURY / DRIVE AWAY,N,,Y,"OVER $1,500",08/29/2025 01:00:00 PM,IMPROPER LANE USAGE,FAILING TO YIELD RIGHT-OF-WAY,4025,W,WASHINGTON BLVD,1115,,,,,,,2,NO INDICATION OF INJURY,0,0,0,0,0,2,0,7,4,8,41.881919751,-87.7267400872,POINT (-87.726740087196 41.881919751007)
25edb387c2c79acd5c306526d27a38a82d5408b8ec175175b948848e2901916bfd1a4bda32c16547d30ceee509cb2881c1de71db71015ab8017204f3768d9d72,,08/27/2025 07:29:00 AM,30,NO CONTROLS,NO CONTROLS,CLEAR,DAYLIGHT,SIDESWIPE SAME DIRECTION,NOT DIVIDED,,STRAIGHT AND LEVEL,DRY,NO DEFECTS,NOT ON SCENE (DESK REPORT),NO INJURY / DRIVE AWAY,,,,"OVER $1,500",08/27/2025 06:00:00 PM,IMPROPER LANE USAGE,FAILING TO YIELD RIGHT-OF-WAY,4750,S,ARCHER AVE,821,,,,,,,2,NO INDICATION OF INJURY,0,0,0,0,0,2,0,7,4,8,41.8071794738,-87.7157688717,POINT (-87.715768871737 41.807179473772)
f3e20605f9b60eb565d7d51f74965c68b47b06bcee9e1694ffe2188da3f6f740fc0733565db6b0da6f4ac0031de773c083225fc44094c3f7c5634e2a3215fdf6,,08/27/2025 07:28:00 AM,30,TRAFFIC SIGNAL,FUNCTIONING PROPERLY,CLEAR,DAYLIGHT,SIDESWIPE SAME DIRECTION,NOT DIVIDED,,STRAIGHT AND LEVEL,DRY,NO DEFECTS,NOT ON SCENE (DESK REPORT),NO INJURY / DRIVE AWAY,,,,"OVER $1,500",08/27/2025 07:45:00 PM,IMPROPER LANE USAGE,NOT APPLICABLE,4801,S,LAWNDALE AVE,821,,,,,,,2,NO INDICATION OF INJURY,0,0,0,0,0,2,0,7,4,8,41.8066587648,-87.7160330444,POINT (-87.716033044428 41.806658764758)
11e2fd6febc5f30d4f291d76aee77ae8e55642b60ac2152b72bfb5d79b02c39d6a0656607c61ca75ae302e6a220952e0e92dd8f9225c1d9e1551893dd7f73836,,08/27/2025 07:24:00 AM,30,NO CONTROLS,NO CONTROLS,CLEAR,DAYLIGHT,PARKED MOTOR VEHICLE,NOT DIVIDED,,STRAIGHT AND LEVEL,DRY,NO DEFECTS,NOT ON SCENE (DESK REPORT),NO INJURY / DRIVE AWAY,,,Y,"OVER $1,500",08/27/2025 05:00:00 PM,UNABLE TO DETERMINE,UNABLE TO DETERMINE,1459,W,GRAND AVE,1215,,,,,,,2,NO INDICATION OF INJURY,0,0,0,0,0,4,0,7,4,8,41.890897311,-87.6645834205,POINT (-87.664583420513 41.890897311025)
7c1f1776e236a75358c2948abd28dd5c7f1f0fc060a40488a2a9baacc3a69efe1788522294b79ab9cbd4e515229e5abbf8f972cac1fa9be87179b05255bdd8bd,,08/27/2025 07:19:00 AM,30,TRAFFIC SIGNAL,FUNCTIONING PROPERLY,CLEAR,DAYLIGHT,REAR END,NOT DIVIDED,,STRAIGHT AND LEVEL,DRY,NO DEFECTS,ON SCENE,INJURY AND / OR TOW DUE TO CRASH,,,,"OVER $1,500",08/27/2025 07:44:00 AM,UNABLE TO DETERMINE,UNABLE TO DETERMINE,2300,W,NORTH AVE,1434,,,,,,,2,NONINCAPACITATING INJURY,1,0,0,1,0,1,0,7,4,8,41.9104664644,-87.6848454186,POINT (-87.684845418568 41.910466464416)
10d4544a144db3396a6c5879308601f0970e31e8594b541deed26021dec4fb9aaadb25e3e2b01ff05312ad778f7ee0d1846243b7d96bfb269dd4d93c6e8a1124,,08/27/2025 07:17:00 AM,30,NO CONTROLS,NO CONTROLS,CLEAR,DAYLIGHT,TURNING,NOT DIVIDED,,STRAIGHT AND LEVEL,DRY,NO DEFECTS,ON SCENE,NO INJURY / DRIVE AWAY,,,,"OVER $1,500",08/27/2025 07:17:00 AM,FAILING TO REDUCE SPEED TO AVOID CRASH,FAILING TO REDUCE SPEED TO AVOID CRASH,6600,S,DAMEN AVE,726,,,,,,,2,NO INDICATION OF INJURY,0,0,0,0,0,2,0,7,4,8,41.7737987995,-87.6739011736,POINT (-87.67390117362 41.773798799455)
2fd12397863b5d76da9fbfd3a1f022db5d26ee5be12b411f23e7b269e0c844500d446edb9c101cf17e64d53a5894bf563e233f15351ba38b61f52724b06fdfa7,,08/27/2025 07:16:00 AM,30,STOP SIGN/FLASHER,NO CONTROLS,CLEAR,DAYLIGHT,REAR END,NOT DIVIDED,,STRAIGHT AND LEVEL,DRY,UNKNOWN,NOT ON SCENE (DESK REPORT),NO INJURY / DRIVE AWAY,,,,"$501 - $1,500",08/27/2025 07:45:00 AM,UNABLE TO DETERMINE,UNABLE TO DETERMINE,2501,W,63RD ST,825,,,,,,,2,NO INDICATION OF INJURY,0,0,0,0,0,2,0,7,4,8,41.7791127111,-87.6861499611,POINT (-87.686149961128 41.7791127111)
c1b1c010967219535d28172b61d9393f788bfc323c1920873075f9e8b0b90122a17f463872aaffa41e0df423fc6316ab58777a7c7e073ace4ceeb7094c654ed0,,08/27/2025 07:16:00 AM,30,STOP SIGN/FLASHER,FUNCTIONING PROPERLY,CLEAR,DAYLIGHT,SIDESWIPE SAME DIRECTION,DIVIDED - W/MEDIAN (NOT RAISED),,STRAIGHT AND LEVEL,DRY,NO DEFECTS,NOT ON SCENE (DESK REPORT),NO INJURY / DRIVE AWAY,,,Y,$500 OR LESS,08/27/2025 08:40:00 AM,DISREGARDING STOP SIGN,"OPERATING VEHICLE IN ERRATIC, RECKLESS, CARELESS, NEGLIGENT OR AGGRESSIVE MANNER",217,N,CENTRAL AVE,1523,,,,,,,2,NO INDICATION OF INJURY,0,0,0,0,0,3,0,7,4,8,41.8847770121,-87.764876519,POINT (-87.764876519017 41.884777012087)
070dc1ba8e6f935a25a072e587f1eaaabc94a3ca4e274032e6d4c23f8a318460f55e5b23b96017e44b9cfde561021e7fdf683dafc31c509429efbcb7f7b5044d,,08/27/2025 07:15:00 AM,30,TRAFFIC SIGNAL,FUNCTIONING PROPERLY,CLEAR,DAYLIGHT,REAR END,NOT DIVIDED,,STRAIGHT AND LEVEL,DRY,NO DEFECTS,ON SCENE,INJURY AND / OR TOW DUE TO CRASH,Y,,,"OVER $1,500",08/27/2025 07:16:00 AM,FOLLOWING TOO CLOSELY,NOT APPLICABLE,4001,W,PETERSON AVE,1711,,,,,,,2,NONINCAPACITATING INJURY,1,0,0,1,0,1,0,7,4,8,41.990024694,-87.728708871,POINT (-87.728708871015 41.990024694008)
3b0e7a6a830947dffaf16e6292e25ddb9bc4e8029f1996e9332f316d153344e72c2abf09b5380b2a1d56bc7f4aa036d101d39b21f7e76f01dcca992020cf60c9,,08/27/2025 07:15:00 AM,30,NO CONTROLS,NO CONTROLS,CLEAR,DAYLIGHT,SIDESWIPE SAME DIRECTION,DIVIDED - W/MEDIAN (NOT RAISED),,STRAIGHT AND LEVEL,DRY,UNKNOWN,NOT ON SCENE (DESK REPORT),NO INJURY / DRIVE AWAY,,,,$500 OR LESS,08/27/2025 08:00:00 AM,FAILING TO YIELD RIGHT-OF-WAY,UNABLE TO DETERMINE,5522,W,NORTH AVE,2532,,,,,,,2,NO INDICATION OF INJURY,0,0,0,0,0,2,0,7,4,8,41.9095065475,-87.763983104,POINT (-87.763983103989 41.909506547492)
f3714e2e139f23bdb757064cc976a8173d18d2f4465e5ac7a744422dd31582253451cc2a6ad22e893f3ac0fd8a0f0aab4f02d1a004a83e32e12266138e63575a,,08/27/2025 07:15:00 AM,30,TRAFFIC SIGNAL,FUNCTIONING IMPROPERLY,CLEAR,DAYLIGHT,REAR END,NOT DIVIDED,,STRAIGHT AND LEVEL,DRY,NO DEFECTS,NOT ON SCENE (DESK REPORT),NO INJURY / DRIVE AWAY,,,,"OVER $1,500",08/27/2025 07:20:00 AM,UNABLE TO DETERMINE,NOT APPLICABLE,3549,N,WESTERN AVE,1921,,,,,,,3,NO INDICATION OF INJURY,0,0,0,0,0,4,0,7,4,8,41.9463613196,-87.6881019196,POINT (-87.688101919586 41.946361319606)
f71b3a5a4c85aba916136790dee1725fdb6cce30121ebaee30d700241981db764437fe9585f1f98dab3770ffc42cf7d475d6b877e7526ba659ecc7049b5228f6,,08/27/2025 07:15:00 AM,35,TRAFFIC SIGNAL,FUNCTIONING PROPERLY,CLEAR,DAYLIGHT,SIDESWIPE SAME DIRECTION,DIVIDED - W/MEDIAN (NOT RAISED),,STRAIGHT AND LEVEL,DRY,NO DEFECTS,NOT ON SCENE (DESK REPORT),NO INJURY / DRIVE AWAY,,,Y,"OVER $1,500",08/27/2025 08:20:00 AM,IMPROPER LANE USAGE,NOT APPLICABLE,5575,N,HARLEM AVE,1612,,,,,,,2,NO INDICATION OF INJURY,0,0,0,0,0,2,0,7,4,8,41.9827617499,-87.8067948699,POINT (-87.806794869911 41.982761749947)
926b40036ea6f2a8dd38c1bca9d8a7346c26a4919502f923b19ec1b83d22f72b27a6186968e242d93a63ffe865b5a88bde2f51cee1dae1633571ba04300416b7,,08/27/2025 07:12:00 AM,30,TRAFFIC SIGNAL,FUNCTIONING PROPERLY,CLEAR,DAYLIGHT,SIDESWIPE SAME DIRECTION,NOT DIVIDED,,STRAIGHT AND LEVEL,DRY,NO DEFECTS,NOT ON SCENE (DESK REPORT),NO INJURY / DRIVE AWAY,,,,"OVER $1,500",08/27/2025 08:00:00 PM,UNABLE TO DETERMINE,NOT APPLICABLE,4005,W,DIVISION ST,1111,,,,,,,2,NO INDICATION OF INJURY,0,0,0,0,0,3,0,7,4,8,41.9025557808,-87.7265434061,POINT (-87.726543406059 41.902555780843)
aa040c2aad955b161637201e6199cd64c52cb2b66f063b6d9421667f6c8dec7a4beaf502229cc0e74b5bf01130c60ff3aeb3cc29b0f82e5ea274beaa22ba996a,,08/27/2025 07:06:00 AM,30,STOP SIGN/FLASHER,FUNCTIONING PROPERLY,CLEAR,DAYLIGHT,TURNING,T-INTERSECTION,,STRAIGHT AND LEVEL,DRY,NO DEFECTS,ON SCENE,INJURY AND / OR TOW DUE TO CRASH,Y,,,"OVER $1,500",08/27/2025 07:06:00 AM,FAILING TO YIELD RIGHT-OF-WAY,DRIVING SKILLS/KNOWLEDGE/EXPERIENCE,4799,W,FIFTH AVE,1131,,,,,,,2,NO INDICATION OF INJURY,0,0,0,0,0,2,0,7,4,8,41.868417617,-87.7446980719,POINT (-87.74469807189 41.868417616966)
a16368f106683b732d092c0591eed0ac429b2da00e38875da91c1b92cd94ca39a504357f2f0af2f8492e72ca8df46cf444cecdcea3b6f0ea00cbe6c991fff959,,08/27/2025 07:00:00 AM,35,TRAFFIC SIGNAL,FUNCTIONING PROPERLY,CLEAR,DAYLIGHT,SIDESWIPE SAME DIRECTION,ONE-WAY,,STRAIGHT AND LEVEL,DRY,NO DEFECTS,ON SCENE,INJURY AND / OR TOW DUE TO CRASH,Y,,,"OVER $1,500",08/27/2025 07:05:00 AM,IMPROPER LANE USAGE,NOT APPLICABLE,823,W,99TH ST,2232,,,,,,,3,NO INDICATION OF INJURY,0,0,0,0,0,3,0,7,4,8,41.7140944996,-87.6440039812,POINT (-87.644003981153 41.714094499631)
d540395a9c3318f5afbb8e0dd290bbaf30c4ff746bb58eaf88b21df8c458275c301c19b33d2e80d9f8737038c2f6b74a26136495fcb0b833fd86cc814b903846,,08/27/2025 07:00:00 AM,30,STOP SIGN/FLASHER,UNKNOWN,CLEAR,DAYLIGHT,SIDESWIPE SAME DIRECTION,NOT DIVIDED,,STRAIGHT AND LEVEL,UNKNOWN,UNKNOWN,NOT ON SCENE (DESK REPORT),NO INJURY / DRIVE AWAY,,,,"OVER $1,500",08/27/2025 07:31:00 AM,UNABLE TO DETERMINE,UNABLE TO DETERMINE,2398,W,107TH ST,2212,,,,,,,2,NO INDICATION OF INJURY,0,0,0,0,0,3,0,7,4,8,41.6991849111,-87.6813152845,POINT (-87.681315284502 41.699184911129)
f05cfe0f55f500dc0110dd8ac50405c65573a2e8beb30254d56d5c431b96c828f3b216c715a32434a30f9bcac81c43d3cde77395836c979749e6a3d1f2c9c516,,08/27/2025 06:57:00 AM,25,NO CONTROLS,NO CONTROLS,CLEAR,DAYLIGHT,ANGLE,NOT DIVIDED,,STRAIGHT AND LEVEL,DRY,NO DEFECTS,ON SCENE,INJURY AND / OR TOW DUE TO CRASH,Y,,,"OVER $1,500",08/27/2025 06:57:00 AM,FAILING TO YIELD RIGHT-OF-WAY,DRIVING SKILLS/KNOWLEDGE/EXPERIENCE,6313,N,HARLEM AVE,1612,,,,,,,3,NONINCAPACITATING INJURY,1,0,0,1,0,2,0,6,4,8,41.9957871193,-87.8066654809,POINT (-87.806665480894 41.995787119275)
a82967ebdc54863c2e2e3a2cd5d30deebeddf6f1dd5f110fdca2749928c36248981bb843a7ad89ba6c14c22d46786e2846d2fed5124c6383df33a9c3738ea811,,08/27/2025 06:50:00 AM,35,NO CONTROLS,NO CONTROLS,CLEAR,DAYLIGHT,REAR END,NOT DIVIDED,,STRAIGHT AND LEVEL,DRY,NO DEFECTS,NOT ON SCENE (DESK REPORT),NO INJURY / DRIVE AWAY,Y,,,"OVER $1,500",08/27/2025 11:45:00 AM,FOLLOWING TOO CLOSELY,NOT APPLICABLE,4321,W,BELMONT AVE,2523,,,,,,,2,NO INDICATION OF INJURY,0,0,0,0,0,2,0,6,4,8,41.9388673209,-87.7359829905,POINT (-87.735982990535 41.938867320877)
e36671d9ae946db4b8651be8ab536fac7f7cedc37ba958c2592832d008be9b1404ed311fd546e1c4f8d67e43b23fbd81ec56f4d149e50ba8df2cd5c51433358d,,08/27/2025 06:40:00 AM,25,NO CONTROLS,NO CONTROLS,UNKNOWN,DUSK,SIDESWIPE SAME DIRECTION,ONE-WAY,,STRAIGHT AND LEVEL,UNKNOWN,UNKNOWN,NOT ON SCENE (DESK REPORT),NO INJURY / DRIVE AWAY,,,,"OVER $1,500",08/27/2025 08:15:00 PM,FAILING TO YIELD RIGHT-OF-WAY,NOT APPLICABLE,4905,W,SCHOOL ST,1634,,,,,,,2,NO INDICATION OF INJURY,0,0,0,0,0,2,0,6,4,8,41.9405067408,-87.7496653168,POINT (-87.749665316822 41.940506740774)
5891080e0f3f6685218c34e085f9b72951be0a9be3fcde077f059b2a60dcbb6b0144c97ed5827a3fa14d7697f422d44c9670baf809f84efc55826088e5486597,Y,08/27/2025 06:35:00 AM,20,NO CONTROLS,NO CONTROLS,CLEAR,DAYLIGHT,PARKED MOTOR VEHICLE,PARKING LOT,,STRAIGHT AND LEVEL,DRY,NO DEFECTS,ON SCENE,NO INJURY / DRIVE AWAY,,,Y,$500 OR LESS,08/27/2025 07:00:00 AM,IMPROPER LANE USAGE,NOT APPLICABLE,538,W,OHARE ST,1654,,,,,,,2,NO INDICATION OF INJURY,0,0,0,0,0,1,0,6,4,8,,,
4a62eb76401423051a4bceef7b4e1c03f39a31dfdc0da693e22a9d1aa616bf811c2a086b40ab0fbcdd8cd698baf10ff27133c57402eb5eb79d9bb458759c3a56,,08/27/2025 06:30:00 AM,20,NO CONTROLS,NO CONTROLS,CLEAR,DAYLIGHT,REAR TO SIDE,NOT DIVIDED,,STRAIGHT AND LEVEL,DRY,NO DEFECTS,ON SCENE,NO INJURY / DRIVE AWAY,,,,"OVER $1,500",08/27/2025 06:49:00 AM,UNABLE TO DETERMINE,UNABLE TO DETERMINE,2919,W,HOLLYWOOD AVE,2011,,,,,,,2,NO INDICATION OF INJURY,0,0,0,0,0,2,0,6,4,8,41.9848129717,-87.7024581994,POINT (-87.702458199445 41.984812971659)
1867ce6d89d36ab2939cf001cf5da5f9d997386d226f5f9e69c2b8b24cf2a2c4ea2bf9bea0aa680157bb8374df9fe9fc1b8e6eeb9f69582558f67b3ac914e28e,,08/27/2025 06:15:00 AM,30,TRAFFIC SIGNAL,FUNCTIONING PROPERLY,CLEAR,DAYLIGHT,SIDESWIPE SAME DIRECTION,FOUR WAY,,STRAIGHT AND LEVEL,DRY,OTHER,ON SCENE,NO INJURY / DRIVE AWAY,,,,"OVER $1,500",08/27/2025 06:42:00 AM,DISREGARDING ROAD MARKINGS,UNABLE TO DETERMINE,5501,S,WESTERN AVE,824,,,,,,,2,NO INDICATION OF INJURY,0,0,0,0,0,3,0,6,4,8,41.7933756605,-87.6838820935,POINT (-87.683882093534 41.793375660475)
54dbc78f4da0870b5ce8136ff70cc87c4dc19ed35b818a0a4e8a807b7d1e7fc819d8dcb6c791f3e4cc4347562650911b6f40412c9ce3379198c78ca127537cb5,,08/27/2025 06:15:00 AM,30,UNKNOWN,UNKNOWN,UNKNOWN,UNKNOWN,PARKED MOTOR VEHICLE,ALLEY,,STRAIGHT AND LEVEL,UNKNOWN,UNKNOWN,NOT ON SCENE (DESK REPORT),NO INJURY / DRIVE AWAY,,,Y,"OVER $1,500",08/27/2025 01:30:00 PM,UNABLE TO DETERMINE,UNABLE TO DETERMINE,635,W,ARLINGTON PL,1935,,,,,,,2,NO INDICATION OF INJURY,0,0,0,0,0,1,0,6,4,8,41.9265976224,-87.6453665193,POINT (-87.6453665193 41.926597622402)
007e138f1c8da8b08603b7a71b9d6592a11cb58e9a847878c3a48746dd5218c6b2aadb1f79599bb6f3de6d9539132b8157710f293d77d538cb6f406f627ef0b7,,08/27/2025 06:00:00 AM,35,TRAFFIC SIGNAL,FUNCTIONING PROPERLY,RAIN,UNKNOWN,TURNING,DIVIDED - W/MEDIAN BARRIER,,STRAIGHT AND LEVEL,WET,UNKNOWN,ON SCENE,INJURY AND / OR TOW DUE TO CRASH,Y,,,"OVER $1,500",08/27/2025 07:22:00 AM,UNABLE TO DETERMINE,NOT APPLICABLE,7900,S,STONY ISLAND AVE,411,,,,,,,2,NO INDICATION OF INJURY,0,0,0,0,0,2,0,6,4,8,41.7514606032,-87.585971993,POINT (-87.585971992965 41.751460603167)
debd4f58a2597762aaeb308ffa6efb9f5106839b04c77fe4549b0d69ac811cb73f81e899f45613ee46c5ea0f61555074933501e9ce8fea5a533198950aeaa5ea,,08/27/2025 06:00:00 AM,30,NO CONTROLS,NO CONTROLS,CLEAR,DAYLIGHT,PARKED MOTOR VEHICLE,ONE-WAY,,STRAIGHT AND LEVEL,DRY,UNKNOWN,NOT ON SCENE (DESK REPORT),NO INJURY / DRIVE AWAY,,,Y,"OVER $1,500",08/27/2025 08:15:00 PM,NOT APPLICABLE,UNABLE TO DETERMINE,5401,W,FERDINAND ST,1523,,,,,,,2,NO INDICATION OF INJURY,0,0,0,0,0,1,0,6,4,8,41.8887889315,-87.7605635241,POINT (-87.760563524074 41.88878893147)
e1439af4104fd4d9c9655704a4d77013aa339ef41b73e271c691752edfca46af564d7260bc0544b07e9556089a150e1458e4c96759f6590f51f66606b8b6806b,,08/27/2025 05:57:00 AM,20,NO CONTROLS,NO CONTROLS,CLEAR,DAYLIGHT,SIDESWIPE SAME DIRECTION,ONE-WAY,,STRAIGHT AND LEVEL,DRY,NO DEFECTS,ON SCENE,NO INJURY / DRIVE AWAY,,,,"OVER $1,500",08/27/2025 06:00:00 AM,IMPROPER OVERTAKING/PASSING,DRIVING SKILLS/KNOWLEDGE/EXPERIENCE,1,W,TERMINAL ST,1651,,,,,,,2,NO INDICATION OF INJURY,0,0,0,0,0,4,0,5,4,8,,,
fcf1578c46ba364e1e249e8e4337047df0f0877d17734bdb1d2675a48e2454ea3c143e2d306bed3b6d50851f58ca593cecb87536e9981bb7566084fa0a1c2fe1,,08/27/2025 05:32:00 AM,30,STOP SIGN/FLASHER,FUNCTIONING PROPERLY,CLEAR,DAYLIGHT,PEDALCYCLIST,T-INTERSECTION,,STRAIGHT AND LEVEL,DRY,NO DEFECTS,ON SCENE,INJURY AND / OR TOW DUE TO CRASH,Y,,,$500 OR LESS,08/27/2025 05:32:00 AM,FAILING TO YIELD RIGHT-OF-WAY,NOT APPLICABLE,1100,N,MILWAUKEE AVE,1213,,Y,,,,,2,INCAPACITATING INJURY,1,0,1,0,0,1,0,5,4,8,41.9015163038,-87.6638466638,POINT (-87.663846663772 41.901516303818)
c115a93a49841d02ad5c78782a1c96783a75fd68eef9880328ba40524735fffe4135d5e30b4e03113b3389866961256c4b94f5aa824079defc9dfca8923b424e,,08/27/2025 05:30:00 AM,30,NO CONTROLS,NO CONTROLS,CLEAR,DARKNESS,PEDESTRIAN,NOT DIVIDED,,STRAIGHT AND LEVEL,DRY,NO DEFECTS,NOT ON SCENE (DESK REPORT),INJURY AND / OR TOW DUE TO CRASH,Y,,,$500 OR LESS,08/27/2025 06:40:00 AM,UNABLE TO DETERMINE,UNABLE TO DETERMINE,6003,W,55TH ST,811,,,,,,,2,"REPORTED, NOT EVIDENT",1,0,0,0,1,1,0,5,4,8,41.7924305231,-87.7722156133,POINT (-87.772215613315 41.792430523104)
cc1313b11988037110615932964ca0522dfa1921e2c56e78a6d212f04dc8f5461cfb86f4b40955d31d5f8b518ad4ee2395ddf2a999f9e66d723e27c396117315,Y,08/27/2025 05:30:00 AM,30,RAILROAD CROSSING GATE,NO CONTROLS,CLEAR,"DARKNESS, LIGHTED ROAD",FIXED OBJECT,NOT DIVIDED,,STRAIGHT AND LEVEL,DRY,NO DEFECTS,NOT ON SCENE (DESK REPORT),NO INJURY / DRIVE AWAY,,,,"$501 - $1,500",08/27/2025 09:00:00 AM,DRIVING SKILLS/KNOWLEDGE/EXPERIENCE,DRIVING SKILLS/KNOWLEDGE/EXPERIENCE,1436,E,71ST ST,332,,,,,,,1,NO INDICATION OF INJURY,0,0,0,0,0,2,0,5,4,8,41.7662259221,-87.589482636,POINT (-87.589482636037 41.766225922083)
26ebd5d9453436ef64ca09e1c2986689760e4354e40d41f0f33154cedb3563b37e6ea136a245b6925ed392fff5c704787c89e558fa5a609361190a83f84bdaba,,08/27/2025 05:25:00 AM,30,TRAFFIC SIGNAL,FUNCTIONING PROPERLY,CLEAR,"DARKNESS, LIGHTED ROAD",FIXED OBJECT,FOUR WAY,,STRAIGHT AND LEVEL,DRY,NO DEFECTS,ON SCENE,INJURY AND / OR TOW DUE TO CRASH,,,,"OVER $1,500",08/27/2025 05:31:00 AM,UNABLE TO DETERMINE,NOT APPLICABLE,1455,S,PULASKI RD,1011,,,,,,,1,NONINCAPACITATING INJURY,1,0,0,1,0,0,0,5,4,8,41.8609017509,-87.7248693656,POINT (-87.72486936557 41.860901750906)
72b7dc612c6627a7c0c4b7012b3e4160d08cfa4b3deb127e750e340f4f18be640b6a14831ede2fcefb4b6f6d43c94f558b129604ba9bff59c3eb36ac29782f4b,,08/27/2025 05:25:00 AM,30,NO CONTROLS,NO CONTROLS,CLEAR,DAYLIGHT,SIDESWIPE SAME DIRECTION,DIVIDED - W/MEDIAN (NOT RAISED),,STRAIGHT AND LEVEL,DRY,NO DEFECTS,ON SCENE,INJURY AND / OR TOW DUE TO CRASH,,,,"OVER $1,500",08/27/2025 05:25:00 AM,IMPROPER OVERTAKING/PASSING,NOT APPLICABLE,1430,E,130TH ST,434,,,,,,,2,NO INDICATION OF INJURY,0,0,0,0,0,2,0,5,4,8,41.6605024076,-87.5888358366,POINT (-87.588835836631 41.660502407567)
d0e53efa6f02dc89ae4366004c70029820ef135c5b0a5164228276869d687e68d7a05580a27974bc567fd6ab49f8bad49cac21590b47c1fc876b4603bd5e07dc,,08/27/2025 05:23:00 AM,20,NO CONTROLS,NO CONTROLS,CLEAR,"DARKNESS, LIGHTED ROAD",SIDESWIPE OPPOSITE DIRECTION,DRIVEWAY,,"CURVE, LEVEL",DRY,WORN SURFACE,,INJURY AND / OR TOW DUE TO CRASH,,,Y,"OVER $1,500",08/27/2025 05:23:00 AM,"OPERATING VEHICLE IN ERRATIC, RECKLESS, CARELESS, NEGLIGENT OR AGGRESSIVE MANNER",DRIVING ON WRONG SIDE/WRONG WAY,7040,S,YALE AVE,731,,,,,,,6,INCAPACITATING INJURY,4,0,3,1,0,4,0,5,4,8,41.7660122385,-87.6311627462,POINT (-87.631162746181 41.766012238482)
4dbb5c53b9da24faa1f1be627ca59bde6e4145e16e2fe4d890957d9a12114c94d1982c5f9c47038400abd9341d7a72b2c04ffc582aee5ce8b3c3ea379c4a29a4,,08/27/2025 05:20:00 AM,30,NO CONTROLS,NO CONTROLS,CLEAR,DAYLIGHT,ANGLE,FOUR WAY,,STRAIGHT AND LEVEL,DRY,UNKNOWN,ON SCENE,INJURY AND / OR TOW DUE TO CRASH,,,Y,"OVER $1,500",08/27/2025 05:40:00 AM,UNABLE TO DETERMINE,NOT APPLICABLE,8000,S,STONY ISLAND AVE,411,,,,,,,2,"REPORTED, NOT EVIDENT",1,0,0,0,1,1,0,5,4,8,41.7496995768,-87.5859572415,POINT (-87.585957241503 41.749699576791)
0f0393d6a98639cd5089a087828f33f68002e8b946453bac5eb3dfa1447c48a51e0db13526c596013ffd54814f34669b3c1312eb06beb94830d1bd64814a4bfc,,08/27/2025 05:09:00 AM,25,NO CONTROLS,NO CONTROLS,CLEAR,"DARKNESS, LIGHTED ROAD",SIDESWIPE SAME DIRECTION,NOT DIVIDED,,STRAIGHT ON GRADE,DRY,NO DEFECTS,NOT ON SCENE (DESK REPORT),NO INJURY / DRIVE AWAY,,,,"$501 - $1,500",08/29/2025 08:10:00 PM,IMPROPER OVERTAKING/PASSING,IMPROPER OVERTAKING/PASSING,4057,N,KEDZIE AVE,1724,,,,,,,2,NO INDICATION OF INJURY,0,0,0,0,0,2,0,5,4,8,41.9555927153,-87.7079157797,POINT (-87.707915779701 41.955592715325)