CRASH_RECORD_ID,CRASH_DATE_EST_I,CRASH_DATE,POSTED_SPEED_LIMIT,TRAFFIC_CONTROL_DEVICE,DEVICE_CONDITION,WEATHER_CONDITION,LIGHTING_CONDITION,FIRST_CRASH_TYPE,TRAFFICWAY_TYPE,LANE_CNT,ALIGNMENT,ROADWAY_SURFACE_COND,ROAD_DEFECT,REPORT_TYPE,CRASH_TYPE,INTERSECTION_RELATED_I,NOT_RIGHT_OF_WAY_I,HIT_AND_RUN_I,DAMAGE,DATE_POLICE_NOTIFIED,PRIM_CONTRIBUTORY_CAUSE,SEC_CONTRIBUTORY_CAUSE,STREET_NO,STREET_DIRECTION,STREET_NAME,BEAT_OF_OCCURRENCE,PHOTOS_TAKEN_I,STATEMENTS_TAKEN_I,DOORING_I,WORK_ZONE_I,WORK_ZONE_TYPE,WORKERS_PRESENT_I,NUM_UNITS,MOST_SEVERE_INJURY,INJURIES_TOTAL,INJURIES_FATAL,INJURIES_INCAPACITATING,INJURIES_NON_INCAPACITATING,INJURIES_REPORTED_NOT_EVIDENT,INJURIES_NO_INDICATION,INJURIES_UNKNOWN,CRASH_HOUR,CRASH_DAY_OF_WEEK,CRASH_MONTH,LATITUDE,LONGITUDE,LOCATION
0f8aaaa575d2dc5c49450f2060aeccd11151a197e545d9f019937f439c12ddcb73802c96a4c54b08a9e48264623735c8526221fa611113e0cadfe6c00938bc19,,08/27/2025 05:06:00 AM,30,NO CONTROLS,NO CONTROLS,CLEAR,DARKNESS,PARKED MOTOR VEHICLE,ALLEY,,STRAIGHT AND LEVEL,DRY,NO DEFECTS,ON SCENE,INJURY AND / OR TOW DUE TO CRASH,,,,"$501 - $1,500",08/27/2025 05:06:00 AM,DISTRACTION - FROM OUTSIDE VEHICLE,NOT APPLICABLE,5810,S,PRINCETON AVE,711,Y,Y,,N,,,4,NO INDICATION OF INJURY,0,0,0,0,0,1,0,5,4,8,41.7884709211,-87.6329848295,POINT (-87.632984829471 41.788470921148)
d8b0aa379bd882e4987c2ca56dee2c6f327b070b1f76bd7576e5f8ea1b645561780784f2c8e5ceee048807040d5862b81e6b21fb09aa1d37dd97913e6311a1ab,,08/27/2025 04:50:00 AM,30,NO CONTROLS,NO CONTROLS,CLEAR,"DARKNESS, LIGHTED ROAD",PARKED MOTOR VEHICLE,DIVIDED - W/MEDIAN (NOT RAISED),,STRAIGHT AND LEVEL,DRY,UNKNOWN,ON SCENE,NO INJURY / DRIVE AWAY,,,,"OVER $1,500",08/27/2025 05:02:00 AM,NOT APPLICABLE,NOT APPLICABLE,4336,W,ARMITAGE AVE,2522,,,,,,,2,NO INDICATION OF INJURY,0,0,0,0,0,1,0,4,4,8,41.9171647731,-87.7353969811,POINT (-87.735396981083 41.917164773067)
293a032ddcdfb60a12c72b1fa69da1d33040c44a4d0ad484d3278592b6a35a0c562ed8f46e495e98bb15d6475aef96ebaaf1fbacfc84c95e6b59f46931e75782,,08/27/2025 04:30:00 AM,30,UNKNOWN,NO CONTROLS,CLEAR,"DARKNESS, LIGHTED ROAD",SIDESWIPE OPPOSITE DIRECTION,DIVIDED - W/MEDIAN (NOT RAISED),,STRAIGHT AND LEVEL,UNKNOWN,UNKNOWN,ON SCENE,INJURY AND / OR TOW DUE TO CRASH,,,,"OVER $1,500",08/27/2025 04:32:00 AM,UNABLE TO DETERMINE,NOT APPLICABLE,3301,W,LAKE ST,1123,,,,,,,2,NO INDICATION OF INJURY,0,0,0,0,0,3,0,4,4,8,41.8843987506,-87.7089326681,POINT (-87.70893266811 41.884398750568)
f316f696acfcdbf04f476d15b2cbd7396c594ba846cb82de4f89351ab0f23b985b1342d3ee0eab96fe61efeeacd650906144b29660ca53bbc95bf28b25b1a3ac,,08/27/2025 04:11:00 AM,20,UNKNOWN,UNKNOWN,CLEAR,"DARKNESS, LIGHTED ROAD",PARKED MOTOR VEHICLE,ONE-WAY,,STRAIGHT AND LEVEL,DRY,NO DEFECTS,ON SCENE,NO INJURY / DRIVE AWAY,,,,"OVER $1,500",08/27/2025 04:11:00 AM,UNABLE TO DETERMINE,NOT APPLICABLE,109,N,MASON AVE,1512,,,,,,,2,NO INDICATION OF INJURY,0,0,0,0,0,1,0,4,4,8,41.8824650196,-87.7731526186,POINT (-87.773152618629 41.882465019573)
6f16e9b0c3178339ce1fb719e9b20aeb1e0ef596317247c54fcc453a871f5285ab9c058ce42794011a5f9f9e0fb6ed9f444acd42d6b63fe37d1c74708c39ca20,N,08/27/2025 04:00:00 AM,20,NO CONTROLS,NO CONTROLS,CLEAR,DARKNESS,PARKED MOTOR VEHICLE,NOT DIVIDED,,STRAIGHT AND LEVEL,UNKNOWN,UNKNOWN,ON SCENE,NO INJURY / DRIVE AWAY,,,Y,"$501 - $1,500",08/27/2025 04:58:00 PM,NOT APPLICABLE,NOT APPLICABLE,1448,W,BLACKHAWK ST,1433,,,,,,,2,NO INDICATION OF INJURY,0,0,0,0,0,1,0,4,4,8,41.9071433921,-87.6646761786,POINT (-87.664676178631 41.907143392067)
c834bc3564a22b8e87992c9288283abe643ed44843776cafcb6966c5f78c5c304c8a8a4fed11101f2ecf6eae7ced7270f7b651d76c07a8bf1dcbdfc59ad95912,,08/27/2025 02:15:00 AM,30,NO CONTROLS,NO CONTROLS,CLEAR,"DARKNESS, LIGHTED ROAD",REAR END,DIVIDED - W/MEDIAN (NOT RAISED),,STRAIGHT AND LEVEL,DRY,NO DEFECTS,ON SCENE,INJURY AND / OR TOW DUE TO CRASH,,,,"OVER $1,500",08/27/2025 02:20:00 AM,UNABLE TO DETERMINE,FOLLOWING TOO CLOSELY,99,W,87TH ST,634,,,,,,,2,NONINCAPACITATING INJURY,1,0,0,1,0,1,0,2,4,8,41.7361533435,-87.6271940592,POINT (-87.627194059197 41.736153343501)
63f1f46b6751b77cf1db4009b4fadc058fcb4bc821170752835777fc932fbd40a9d2a37e731b5277a18c53e26f7d2af54a6c9e4d238f6750baf156d5763879c0,,08/27/2025 01:45:00 AM,30,NO CONTROLS,NO CONTROLS,CLEAR,UNKNOWN,PARKED MOTOR VEHICLE,NOT DIVIDED,,STRAIGHT AND LEVEL,DRY,UNKNOWN,ON SCENE,NO INJURY / DRIVE AWAY,,,Y,"OVER $1,500",08/27/2025 02:36:00 PM,UNABLE TO DETERMINE,UNABLE TO DETERMINE,214,S,WOOD ST,1225,,,,,,,2,NO INDICATION OF INJURY,0,0,0,0,0,1,0,1,4,8,41.8782749559,-87.6718161427,POINT (-87.671816142711 41.878274955887)
8c9f30993f3280e6c2860f8f479ddbabe72a43a519b7556afa69540d9cfdaf46976a1c019f9a332415accee941fe84844c2cedadfdef24feeaa12a4cfba6e76c,,08/27/2025 01:42:00 AM,25,TRAFFIC SIGNAL,FUNCTIONING PROPERLY,CLEAR,"DARKNESS, LIGHTED ROAD",REAR END,FOUR WAY,,STRAIGHT AND LEVEL,DRY,NO DEFECTS,ON SCENE,NO INJURY / DRIVE AWAY,,,,"OVER $1,500",08/27/2025 01:42:00 AM,IMPROPER TURNING/NO SIGNAL,IMPROPER LANE USAGE,753,E,63RD ST,312,,,,,,,2,NO INDICATION OF INJURY,0,0,0,0,0,4,0,1,4,8,41.7802947173,-87.606232013,POINT (-87.606232013028 41.78029471725)
9212d22a919dfa7d0cf0f0991388e12478d193307fe4f6f6fbf289c1c7cca3d0e5d4bc638af43a344f9cb0cbcd8ab2bf25cff6f1fd5096429bc09de213511b38,,08/27/2025 01:10:00 AM,30,TRAFFIC SIGNAL,FUNCTIONING PROPERLY,CLEAR,"DARKNESS, LIGHTED ROAD",PEDALCYCLIST,FOUR WAY,,STRAIGHT AND LEVEL,DRY,NO DEFECTS,NOT ON SCENE (DESK REPORT),NO INJURY / DRIVE AWAY,Y,,,"$501 - $1,500",08/29/2025 01:17:00 AM,DISREGARDING TRAFFIC SIGNALS,DISREGARDING TRAFFIC SIGNALS,500,N,WELLS ST,1831,,,,,,,2,NO INDICATION OF INJURY,0,0,0,0,0,2,0,1,4,8,41.8908233178,-87.6341972388,POINT (-87.634197238825 41.890823317799)
1f9e8c746307a84936c755e5d177ee511c13065291a7b994d1b23a4c1cbb434c96d6ef873b5d926dc67a5e84545edfab1d54f434fa0ea8367b86849976167a2e,,08/27/2025 01:00:00 AM,30,NO CONTROLS,NO CONTROLS,CLEAR,"DARKNESS, LIGHTED ROAD",PARKED MOTOR VEHICLE,ONE-WAY,,STRAIGHT AND LEVEL,DRY,NO DEFECTS,NOT ON SCENE (DESK REPORT),NO INJURY / DRIVE AWAY,,,Y,"OVER $1,500",08/27/2025 02:00:00 AM,IMPROPER BACKING,NOT APPLICABLE,1853,E,78TH ST,414,,,,,,,2,NO INDICATION OF INJURY,0,0,0,0,0,1,0,1,4,8,41.7532795663,-87.5787804693,POINT (-87.57878046931 41.753279566333)
6cfdabd5806fc63b7646501660609c618955f924223c637d3003dc475eeee2f2e210fa63da836ed84f93c8f655e6bae034ad5b8002468ccd78bac372b19e5c72,,08/27/2025 12:25:00 AM,30,NO CONTROLS,NO CONTROLS,CLEAR,"DARKNESS, LIGHTED ROAD",PARKED MOTOR VEHICLE,NOT DIVIDED,,STRAIGHT AND LEVEL,DRY,NO DEFECTS,ON SCENE,INJURY AND / OR TOW DUE TO CRASH,,,Y,"OVER $1,500",08/27/2025 12:25:00 AM,FAILING TO REDUCE SPEED TO AVOID CRASH,NOT APPLICABLE,1422,W,74TH ST,734,,,,,,,3,NO INDICATION OF INJURY,0,0,0,0,0,1,0,0,4,8,41.7596173289,-87.6597997652,POINT (-87.659799765231 41.759617328869)
c2872a6481a6725ea152796573e8f7a3d6db237197832475d2134433ca42c4885de03a03f74cba85a27d6666c54e65cb93338a07f77973e3d32fb792f725a225,,08/27/2025 12:25:00 AM,30,TRAFFIC SIGNAL,FUNCTIONING PROPERLY,CLEAR,"DARKNESS, LIGHTED ROAD",REAR TO SIDE,FOUR WAY,,STRAIGHT AND LEVEL,DRY,NO DEFECTS,ON SCENE,NO INJURY / DRIVE AWAY,Y,,Y,"OVER $1,500",08/27/2025 12:35:00 AM,DISREGARDING TRAFFIC SIGNALS,DISREGARDING TRAFFIC SIGNALS,1600,W,GARFIELD BLVD,932,,,,,,,2,NO INDICATION OF INJURY,0,0,0,0,0,2,0,0,4,8,41.7941332202,-87.6646452632,POINT (-87.664645263203 41.794133220224)
dc6263835dcfdbad66740c19e11310386bc7cab75e56576e23867f80fe3d7de77bbd8bf6be637f69c404194b6db6fbb0d63da5fa0619e82508354ff154cf2a2f,,08/27/2025 12:10:00 AM,30,UNKNOWN,UNKNOWN,CLEAR,"DARKNESS, LIGHTED ROAD",REAR END,FOUR WAY,,STRAIGHT AND LEVEL,DRY,UNKNOWN,NOT ON SCENE (DESK REPORT),NO INJURY / DRIVE AWAY,,,Y,"OVER $1,500",08/27/2025 01:06:00 AM,UNABLE TO DETERMINE,UNABLE TO DETERMINE,7101,S,STONY ISLAND AVE,324,,,,,,,2,NO INDICATION OF INJURY,0,0,0,0,0,2,0,0,4,8,41.7659368587,-87.5857724234,POINT (-87.585772423353 41.765936858728)
319209e730461003f0b57d2986c41ea3d86a8c19c108936a1fa451822f20040d33e1fea638b5218c68aea6bba3e8ab5b0bc460be45e72f845d6581f13ecab17a,Y,08/27/2025 12:01:00 AM,20,NO CONTROLS,NO CONTROLS,CLEAR,UNKNOWN,PARKED MOTOR VEHICLE,NOT DIVIDED,,STRAIGHT AND LEVEL,DRY,NO DEFECTS,ON SCENE,INJURY AND / OR TOW DUE TO CRASH,,,Y,"OVER $1,500",08/27/2025 09:47:00 AM,"OPERATING VEHICLE IN ERRATIC, RECKLESS, CARELESS, NEGLIGENT OR AGGRESSIVE MANNER",IMPROPER LANE USAGE,7729,N,HERMITAGE AVE,2422,,,,,,,3,NO INDICATION OF INJURY,0,0,0,0,0,1,0,0,4,8,42.0218897024,-87.67409869,POINT (-87.674098689983 42.021889702381)
f73e570be4aefef806c35fc967f9bee70d5017e8c117197ad470865e0892903b7f6ae745d9abf3c38a71a376f073ade46faaadbea4dee23d9ee129d5a9f850bb,,08/27/2025 12:00:00 AM,20,NO CONTROLS,NO CONTROLS,CLEAR,DAYLIGHT,PARKED MOTOR VEHICLE,NOT DIVIDED,,STRAIGHT AND LEVEL,DRY,NO DEFECTS,NOT ON SCENE (DESK REPORT),NO INJURY / DRIVE AWAY,,,Y,"OVER $1,500",08/27/2025 05:40:00 AM,UNABLE TO DETERMINE,UNABLE TO DETERMINE,3734,W,62ND ST,823,,,,,,,2,NO INDICATION OF INJURY,0,0,0,0,0,1,0,0,4,8,41.7806832752,-87.7168714333,POINT (-87.716871433313 41.780683275212)
419b4d649a456d8b1ea8d1d8b17e4fb531d35e3659250c4634ee182c5cb4061c73a4d551464565208d30301ca9414200e4e60e94133064c0be17a49b17735cb3,N,08/26/2025 11:40:00 PM,30,NO CONTROLS,NO CONTROLS,CLEAR,"DARKNESS, LIGHTED ROAD",ANIMAL,NOT DIVIDED,,STRAIGHT AND LEVEL,DRY,NO DEFECTS,ON SCENE,NO INJURY / DRIVE AWAY,,,,"$501 - $1,500",08/26/2025 11:45:00 PM,ANIMAL,NOT APPLICABLE,4900,N,EAST RIVER RD,1614,,,,,,,1,NO INDICATION OF INJURY,0,0,0,0,0,1,0,23,3,8,41.9691321525,-87.8467030274,POINT (-87.84670302736 41.969132152518)
183ee6e41adc102a4cc7e63322088c426b4ab595a147ffa9b4dad67e036f59a30e29bfb9b8b8eb706e164319b59d4fed3d17211112f2f3681482169c4cb19f28,,08/26/2025 11:27:00 PM,30,NO CONTROLS,NO CONTROLS,CLEAR,"DARKNESS, LIGHTED ROAD",TURNING,NOT DIVIDED,,STRAIGHT AND LEVEL,DRY,NO DEFECTS,ON SCENE,INJURY AND / OR TOW DUE TO CRASH,Y,,Y,"$501 - $1,500",08/26/2025 11:27:00 PM,IMPROPER TURNING/NO SIGNAL,UNABLE TO DETERMINE,1030,W,63RD ST,712,,,,,,,2,NO INDICATION OF INJURY,0,0,0,0,0,7,0,23,3,8,41.7797719921,-87.6508018357,POINT (-87.650801835714 41.779771992062)
ff947234686cdd426d67c31fc8457541f6d135c2156e73501da9667b06e163d20df8a6de1f8f22521fffc91b50e9e09490cd8db87c47d0e05c321ea50b151c72,Y,08/26/2025 11:05:00 PM,30,TRAFFIC SIGNAL,FUNCTIONING PROPERLY,CLEAR,"DARKNESS, LIGHTED ROAD",TURNING,NOT DIVIDED,,STRAIGHT AND LEVEL,DRY,NO DEFECTS,ON SCENE,INJURY AND / OR TOW DUE TO CRASH,Y,,,"OVER $1,500",08/26/2025 11:10:00 PM,IMPROPER OVERTAKING/PASSING,IMPROPER LANE USAGE,3800,W,FULLERTON AVE,2524,,,,,,,2,"REPORTED, NOT EVIDENT",1,0,0,0,1,3,0,23,3,8,41.9246512043,-87.7219454547,POINT (-87.721945454729 41.924651204328)
b1392ce952577fbc426754c4aebb44d89b436cc27a903fe0cdfaab76ebef096a84ce2e4b8b3e574b2537e4a7e66b2cb96772c36eb7bc04e857e6c661e90d6a4b,,08/26/2025 11:02:00 PM,30,OTHER,OTHER,CLEAR,"DARKNESS, LIGHTED ROAD",PARKED MOTOR VEHICLE,ONE-WAY,,STRAIGHT AND LEVEL,DRY,UNKNOWN,ON SCENE,NO INJURY / DRIVE AWAY,,,Y,"OVER $1,500",08/26/2025 11:06:00 PM,UNABLE TO DETERMINE,UNABLE TO DETERMINE,822,N,HARDING AVE,1112,,,,,,,2,NO INDICATION OF INJURY,0,0,0,0,0,3,0,23,3,8,41.8960911351,-87.7250315318,POINT (-87.725031531838 41.896091135101)
80726fcc3ce07d54c5a578d8828984b4ec2fd866a37f44c3da3fd674bd56248aac937e4ed96ac437928fb45e34c7803581e1b6632f3c0ff97d7b7c6f3c2b46ee,,08/26/2025 10:42:00 PM,25,NO CONTROLS,NO CONTROLS,CLEAR,DARKNESS,PARKED MOTOR VEHICLE,ONE-WAY,,STRAIGHT AND LEVEL,DRY,UNKNOWN,ON SCENE,NO INJURY / DRIVE AWAY,,,Y,"OVER $1,500",08/26/2025 10:42:00 PM,UNABLE TO DETERMINE,UNABLE TO DETERMINE,7736,N,HERMITAGE AVE,2422,,,,,,,2,NO INDICATION OF INJURY,0,0,0,0,0,1,0,22,3,8,42.0221422209,-87.6743900883,POINT (-87.674390088274 42.022142220909)
4a25f5894c6b639f92f48872c7a98b544e5ffbb76477e563c3defead921bb0ac985678b8ddfeb46b184dd9fba6857e81187c32702fc862fe80759148d53eba29,,08/26/2025 10:15:00 PM,30,NO CONTROLS,NO CONTROLS,CLEAR,"DARKNESS, LIGHTED ROAD",SIDESWIPE SAME DIRECTION,DIVIDED - W/MEDIAN (NOT RAISED),,STRAIGHT AND LEVEL,DRY,NO DEFECTS,NOT ON SCENE (DESK REPORT),NO INJURY / DRIVE AWAY,,,,"OVER $1,500",08/26/2025 11:00:00 PM,IMPROPER OVERTAKING/PASSING,IMPROPER LANE USAGE,7908,S,ASHLAND AVE,611,,,,,,,2,NO INDICATION OF INJURY,0,0,0,0,0,2,0,22,3,8,41.7500369254,-87.663574404,POINT (-87.66357440399 41.750036925434)
75e0c85f8955d77e8ee033e8d70f2302c44d948cf0e2654c788231d231c71b5ece527673f5ede8a703f077d3800d5dd8979bfc732cc074ac5067ff85243e76d6,,08/26/2025 10:00:00 PM,30,NO CONTROLS,NO CONTROLS,CLEAR,"DARKNESS, LIGHTED ROAD",FIXED OBJECT,DIVIDED - W/MEDIAN BARRIER,,STRAIGHT AND LEVEL,DRY,NO DEFECTS,ON SCENE,INJURY AND / OR TOW DUE TO CRASH,,,,"OVER $1,500",08/26/2025 10:00:00 PM,UNABLE TO DETERMINE,NOT APPLICABLE,326,W,GARFIELD BLVD,935,,,,,,,1,NO INDICATION OF INJURY,0,0,0,0,0,1,0,22,3,8,41.7946097604,-87.6341549699,POINT (-87.634154969898 41.794609760405)
41065e63b05b3f6c73dc42d476085b5af63a5230217fbde1d75c1ce34f5c9c404d073d64b520c0e1e6bd317e7f426db00aad6c8a5cb13252f3ccfb2c4ae86951,,08/26/2025 09:45:00 PM,30,NO CONTROLS,NO CONTROLS,CLEAR,"DARKNESS, LIGHTED ROAD",REAR END,NOT DIVIDED,,STRAIGHT AND LEVEL,DRY,NO DEFECTS,NOT ON SCENE (DESK REPORT),NO INJURY / DRIVE AWAY,,,,"OVER $1,500",08/27/2025 02:25:00 PM,FAILING TO REDUCE SPEED TO AVOID CRASH,UNABLE TO DETERMINE,5441,S,LARAMIE AVE,814,,,,,,,2,NO INDICATION OF INJURY,0,0,0,0,0,2,0,21,3,8,41.7934839162,-87.7523766842,POINT (-87.752376684233 41.793483916242)
1687e8834dd8df7bdbe61b7604055f3167ee47a2b7a070009b2f517904f73f51d5d780b8c625f731a729cac0122c4d6581d12572ee7fdcba5790bc687c3f3e6f,,08/26/2025 09:40:00 PM,30,UNKNOWN,UNKNOWN,CLEAR,"DARKNESS, LIGHTED ROAD",ANGLE,ONE-WAY,,STRAIGHT AND LEVEL,DRY,UNKNOWN,NOT ON SCENE (DESK REPORT),NO INJURY / DRIVE AWAY,,,,"OVER $1,500",08/26/2025 10:19:00 PM,UNABLE TO DETERMINE,UNABLE TO DETERMINE,2513,E,77TH ST,421,,,,,,,2,NO INDICATION OF INJURY,0,0,0,0,0,3,0,21,3,8,41.7552890361,-87.5633102007,POINT (-87.563310200738 41.755289036087)
3ab79575290e5c2227a791d4bd3863e7fe2f557f28f2d727f6c33034c189ea548356d508881a4ed24783a9fa60d5fb5c1f612b30b14bb0059b9fa1b6262ec123,,08/26/2025 09:40:00 PM,30,NO CONTROLS,NO CONTROLS,CLEAR,"DARKNESS, LIGHTED ROAD",ANGLE,UNKNOWN INTERSECTION TYPE,,STRAIGHT AND LEVEL,DRY,NO DEFECTS,ON SCENE,NO INJURY / DRIVE AWAY,Y,,Y,"OVER $1,500",08/26/2025 09:40:00 PM,DISREGARDING STOP SIGN,NOT APPLICABLE,5100,W,MONTANA ST,2521,,,,,,,4,NO INDICATION OF INJURY,0,0,0,0,0,2,0,21,3,8,41.9251976663,-87.7538433111,POINT (-87.753843311115 41.925197666308)
c882f28d31329714ac38979d660dbacdf837f140e73df12193d34d690b8d06d955296a7eb0e897616a509c322dfaddd04ca98acf27da559d12cbd56e86f2ef70,,08/26/2025 09:20:00 PM,25,TRAFFIC SIGNAL,FUNCTIONING PROPERLY,CLEAR,"DARKNESS, LIGHTED ROAD",REAR TO FRONT,NOT DIVIDED,,STRAIGHT AND LEVEL,DRY,NO DEFECTS,NOT ON SCENE (DESK REPORT),NO INJURY / DRIVE AWAY,,,,"OVER $1,500",08/27/2025 11:00:00 AM,IMPROPER BACKING,NOT APPLICABLE,1205,W,DEVON AVE,2433,,,,,,,2,NO INDICATION OF INJURY,0,0,0,0,0,2,0,21,3,8,41.9980767413,-87.6607857452,POINT (-87.66078574525 41.998076741254)
56cfaaa713d8d9f4b2163af0f3c6feecac73e05b495b6e93321f13b75fb132854cd0571fa239e684d4dfbea1ffe642f803fc1d1522eea607ca6f722514c58265,,08/26/2025 09:18:00 PM,30,TRAFFIC SIGNAL,FUNCTIONING PROPERLY,CLEAR,"DARKNESS, LIGHTED ROAD",PARKED MOTOR VEHICLE,NOT DIVIDED,,STRAIGHT AND LEVEL,DRY,NO DEFECTS,ON SCENE,NO INJURY / DRIVE AWAY,,,,"OVER $1,500",08/26/2025 09:21:00 PM,UNABLE TO DETERMINE,DRIVING SKILLS/KNOWLEDGE/EXPERIENCE,1164,N,DEARBORN ST,1824,,,,,,,2,NO INDICATION OF INJURY,0,0,0,0,0,1,0,21,3,8,41.9038131679,-87.6301298511,POINT (-87.630129851143 41.903813167942)
c56a7449da889a1158b6e9de7d794ecaa10faaad8766c3d29b0892724e0002ada47fe5b6ce44f4bf63de055f388ca4953c77db1fd5aa07aca317dcb0d5523e64,,08/26/2025 09:10:00 PM,30,NO CONTROLS,NO CONTROLS,CLEAR,"DARKNESS, LIGHTED ROAD",PARKED MOTOR VEHICLE,DIVIDED - W/MEDIAN (NOT RAISED),,STRAIGHT AND LEVEL,DRY,NO DEFECTS,NOT ON SCENE (DESK REPORT),NO INJURY / DRIVE AWAY,,,Y,"OVER $1,500",08/26/2025 09:29:00 PM,FAILING TO REDUCE SPEED TO AVOID CRASH,NOT APPLICABLE,3541,W,VAN BUREN ST,1133,,,,,,,2,NO INDICATION OF INJURY,0,0,0,0,0,1,0,21,3,8,41.8752948208,-87.7148056848,POINT (-87.714805684806 41.875294820812)
0020f268f5b1d372db14faad4c12e80f490364d24dffde84a5992afaf43be95465b859941bc46c4c8d6fe61d20fc0ee0c0d8db429b137b1d8e55bea14d5399d4,,08/26/2025 09:00:00 PM,5,NO CONTROLS,NO CONTROLS,CLEAR,DARKNESS,FIXED OBJECT,OTHER,,STRAIGHT AND LEVEL,DRY,NO DEFECTS,ON SCENE,INJURY AND / OR TOW DUE TO CRASH,,,,"OVER $1,500",08/26/2025 09:03:00 PM,"VISION OBSCURED (SIGNS, TREE LIMBS, BUILDINGS, ETC.)","VISION OBSCURED (SIGNS, TREE LIMBS, BUILDINGS, ETC.)",4845,W,ADDISON ST,1634,,,,,,,1,"REPORTED, NOT EVIDENT",2,0,0,0,2,1,0,21,3,8,41.9459936997,-87.7487448809,POINT (-87.748744880919 41.9459936997)
1b87bc40c0dbb942678356d3d0a868776a880db05a3966f5e933a586b372eaa92f83e2f1f84040823b92e8a9f314aa89109cc1e4fadc242d51e029f6439f4640,,08/26/2025 09:00:00 PM,25,NO CONTROLS,NO CONTROLS,CLEAR,DARKNESS,PARKED MOTOR VEHICLE,NOT DIVIDED,,STRAIGHT AND LEVEL,DRY,NO DEFECTS,NOT ON SCENE (DESK REPORT),NO INJURY / DRIVE AWAY,,,Y,"OVER $1,500",08/27/2025 05:00:00 PM,UNABLE TO DETERMINE,UNABLE TO DETERMINE,9644,S,CRANDON AVE,431,,,,,,,2,NO INDICATION OF INJURY,0,0,0,0,0,1,0,21,3,8,41.720007253,-87.5670128206,POINT (-87.567012820575 41.720007253011)
91f41283446d5ce95aa2909dbc1a0754348e100c20f31bc10bba2cfa69ed58512094cd6ef3bab5a68a9d9df434490865e0c168a298b4b9083c8ca158244e2265,Y,08/26/2025 09:00:00 PM,30,NO CONTROLS,NO CONTROLS,CLEAR,"DARKNESS, LIGHTED ROAD",PEDESTRIAN,NOT DIVIDED,,STRAIGHT AND LEVEL,DRY,NO DEFECTS,ON SCENE,INJURY AND / OR TOW DUE TO CRASH,,,Y,$500 OR LESS,08/27/2025 07:17:00 AM,UNABLE TO DETERMINE,NOT APPLICABLE,1900,N,KOSTNER AVE,2533,,,,,,,2,INCAPACITATING INJURY,1,0,1,0,0,1,0,21,3,8,41.9153150526,-87.7364253845,POINT (-87.736425384524 41.915315052589)
9cf95d3ff16f1a1b46f76fd64a7660059f8f923d0cc59ca13154efd8d14b394956e1f1db216ae8549d99cbf7952fc084dbce33d29155235a1c5befdc3506d8ee,,08/26/2025 09:00:00 PM,30,TRAFFIC SIGNAL,UNKNOWN,CLEAR,"DARKNESS, LIGHTED ROAD",ANGLE,FOUR WAY,,STRAIGHT AND LEVEL,DRY,UNKNOWN,ON SCENE,INJURY AND / OR TOW DUE TO CRASH,Y,N,,"OVER $1,500",08/26/2025 09:04:00 PM,DISREGARDING TRAFFIC SIGNALS,NOT APPLICABLE,4000,N,PULASKI RD,1722,,,,,,,2,NONINCAPACITATING INJURY,2,0,0,2,0,0,0,21,3,8,41.9537370514,-87.7277666118,POINT (-87.727766611799 41.953737051444)
bcc6cc4f6e17d254538648108445733009fd2b4b22b7dcfc19987d3e020f75435e69006ab49ae06f0c09d992903ad0429daae22aa8675c4046f84d715667ba7b,,08/26/2025 08:50:00 PM,30,NO CONTROLS,NO CONTROLS,CLEAR,"DARKNESS, LIGHTED ROAD",REAR END,NOT DIVIDED,,STRAIGHT AND LEVEL,DRY,UNKNOWN,NOT ON SCENE (DESK REPORT),NO INJURY / DRIVE AWAY,,,,"OVER $1,500",08/27/2025 10:40:00 AM,UNABLE TO DETERMINE,UNABLE TO DETERMINE,4234,N,PULASKI RD,1722,,,,,,,2,NO INDICATION OF INJURY,0,0,0,0,0,3,0,20,3,8,41.9583193983,-87.7278993093,POINT (-87.727899309312 41.958319398266)
7cc41f3bf7441fc7d2e6a6f41d9eec2d5cc4fe99fbc0d5e4d8c04104ef1581eae05ef360025ad54a0489f84c1a0ce99720cd283b03f40b1805bc052c0f35d33e,,08/26/2025 08:46:00 PM,35,NO CONTROLS,NO CONTROLS,CLEAR,"DARKNESS, LIGHTED ROAD",PARKED MOTOR VEHICLE,NOT DIVIDED,,STRAIGHT AND LEVEL,DRY,NO DEFECTS,ON SCENE,INJURY AND / OR TOW DUE TO CRASH,,,Y,"$501 - $1,500",08/26/2025 09:17:00 PM,UNABLE TO DETERMINE,NOT APPLICABLE,13333,S,PRAIRIE AVE,533,,,,,,,2,NO INDICATION OF INJURY,0,0,0,0,0,1,0,20,3,8,41.6526533672,-87.6154797184,POINT (-87.615479718426 41.652653367196)
cdb4ac9aadc28c3a0c92e8df6becaf6a9a4c346e204b2e15646ef0332389c43f163dc49348091600103454ba56fcc2a7c11d478281f2e7d938fbee265ac28ead,,08/26/2025 08:37:00 PM,15,NO CONTROLS,NO CONTROLS,CLEAR,DARKNESS,REAR TO FRONT,ALLEY,,STRAIGHT AND LEVEL,DRY,NO DEFECTS,ON SCENE,NO INJURY / DRIVE AWAY,,,Y,"OVER $1,500",08/26/2025 08:37:00 PM,IMPROPER BACKING,IMPROPER BACKING,3801,N,KEDZIE AVE,1733,,,,,,,2,NO INDICATION OF INJURY,0,0,0,0,0,2,0,20,3,8,41.950374452,-87.7077729397,POINT (-87.707772939728 41.950374452029)