CRASH_RECORD_ID,CRASH_DATE_EST_I,CRASH_DATE,POSTED_SPEED_LIMIT,TRAFFIC_CONTROL_DEVICE,DEVICE_CONDITION,WEATHER_CONDITION,LIGHTING_CONDITION,FIRST_CRASH_TYPE,TRAFFICWAY_TYPE,LANE_CNT,ALIGNMENT,ROADWAY_SURFACE_COND,ROAD_DEFECT,REPORT_TYPE,CRASH_TYPE,INTERSECTION_RELATED_I,NOT_RIGHT_OF_WAY_I,HIT_AND_RUN_I,DAMAGE,DATE_POLICE_NOTIFIED,PRIM_CONTRIBUTORY_CAUSE,SEC_CONTRIBUTORY_CAUSE,STREET_NO,STREET_DIRECTION,STREET_NAME,BEAT_OF_OCCURRENCE,PHOTOS_TAKEN_I,STATEMENTS_TAKEN_I,DOORING_I,WORK_ZONE_I,WORK_ZONE_TYPE,WORKERS_PRESENT_I,NUM_UNITS,MOST_SEVERE_INJURY,INJURIES_TOTAL,INJURIES_FATAL,INJURIES_INCAPACITATING,INJURIES_NON_INCAPACITATING,INJURIES_REPORTED_NOT_EVIDENT,INJURIES_NO_INDICATION,INJURIES_UNKNOWN,CRASH_HOUR,CRASH_DAY_OF_WEEK,CRASH_MONTH,LATITUDE,LONGITUDE,LOCATION
d0f6cd7cd69d56a1f1b79b56d91e7ef76d853cffaf46b8f6c5c79f3873dba83d44328baf1a7990328cec2c3643dd4e0b8dda41c7b40fcd42a9593791d623391b,,08/26/2025 08:30:00 PM,25,NO CONTROLS,NO CONTROLS,CLEAR,DUSK,PEDESTRIAN,NOT DIVIDED,,STRAIGHT AND LEVEL,DRY,NO DEFECTS,NOT ON SCENE (DESK REPORT),INJURY AND / OR TOW DUE TO CRASH,Y,,Y,"OVER $1,500",08/27/2025 05:40:00 PM,UNABLE TO DETERMINE,UNABLE TO DETERMINE,1825,N,KEDZIE AVE,1421,,,,,,,2,NONINCAPACITATING INJURY,1,0,0,1,0,1,0,20,3,8,41.9145173983,-87.70673522,POINT (-87.70673521999 41.914517398265)
44690a37435f32176e03ce0b16b189ff857e1e6a826c0f387a900b8a7ac61ebbb3b3bc6e6598e3ea81ef0b0a417d617c3cb280bc43ea07a3dbb26d2ce33515b8,Y,08/26/2025 08:00:00 PM,35,NO CONTROLS,NO CONTROLS,CLEAR,"DARKNESS, LIGHTED ROAD",TURNING,DIVIDED - W/MEDIAN BARRIER,,STRAIGHT AND LEVEL,DRY,UNKNOWN,NOT ON SCENE (DESK REPORT),NO INJURY / DRIVE AWAY,,,,"OVER $1,500",08/26/2025 09:00:00 PM,UNABLE TO DETERMINE,NOT APPLICABLE,6422,N,SHERIDAN RD,2432,,,,,,,2,NO INDICATION OF INJURY,0,0,0,0,0,2,0,20,3,8,41.9988587842,-87.6607839261,POINT (-87.66078392609 41.998858784157)
d9ae763f1ffc6a47925fab5d059c0c0ec83c59880025aa5a6db789700653850b233a9500f068639f0e4def90cba03e55f58c02eb50173a9b1e4f1918df0a4670,,08/26/2025 07:50:00 PM,30,NO CONTROLS,NO CONTROLS,CLEAR,"DARKNESS, LIGHTED ROAD",SIDESWIPE SAME DIRECTION,NOT DIVIDED,,STRAIGHT AND LEVEL,DRY,UNKNOWN,NOT ON SCENE (DESK REPORT),NO INJURY / DRIVE AWAY,,,Y,"OVER $1,500",08/26/2025 10:30:00 PM,UNABLE TO DETERMINE,UNABLE TO DETERMINE,3700,W,13TH ST,1011,,,,,,,2,NO INDICATION OF INJURY,0,0,0,0,0,3,0,19,3,8,41.8645446922,-87.7178890757,POINT (-87.717889075734 41.864544692161)
18c6f7159477c8d9ef89e3e3ba2d745c6ba606f6b7e2dd7a41d513cf4ab0ce414ee525b9fc1a60ab16506421d066bc9f6d33121aec81cddb53263515745316bb,,08/26/2025 07:30:00 PM,30,TRAFFIC SIGNAL,FUNCTIONING PROPERLY,CLEAR,"DARKNESS, LIGHTED ROAD",REAR END,FOUR WAY,,STRAIGHT AND LEVEL,DRY,NO DEFECTS,NOT ON SCENE (DESK REPORT),NO INJURY / DRIVE AWAY,Y,,,"OVER $1,500",08/28/2025 05:00:00 PM,FAILING TO REDUCE SPEED TO AVOID CRASH,UNABLE TO DETERMINE,4300,N,PULASKI RD,1722,,,,,,,2,NO INDICATION OF INJURY,0,0,0,0,0,2,0,19,3,8,41.9591463526,-87.7279228689,POINT (-87.727922868889 41.959146352635)
2180aede5d54aeecacd273ed58bc733f87ac9d1520218d779ca16ddc08b24a2f4821fe1e39afcbbe56c018a3dcc1a210320ad9a14e9eb4324f8df7eca9d3cfd1,,08/26/2025 07:30:00 PM,30,TRAFFIC SIGNAL,FUNCTIONING PROPERLY,CLEAR,DAYLIGHT,ANGLE,OTHER,,STRAIGHT AND LEVEL,DRY,NO DEFECTS,NOT ON SCENE (DESK REPORT),NO INJURY / DRIVE AWAY,Y,,,"OVER $1,500",08/28/2025 09:38:00 PM,IMPROPER OVERTAKING/PASSING,IMPROPER OVERTAKING/PASSING,1630,E,MARQUETTE DR,331,,,,,,,2,NO INDICATION OF INJURY,0,0,0,0,0,2,0,19,3,8,41.7753505881,-87.5849837557,POINT (-87.584983755709 41.77535058806)
9aeca8e11110548b691e883ff5a50e814bf7b5ec44ce61f8486d9bf4482faf5c3e1ce3b675342c1bce9e3eeebc4fd656a123a6980da7f20a43e682689f3bd6bd,,08/26/2025 07:30:00 PM,30,NO CONTROLS,NO CONTROLS,CLEAR,DAWN,PARKED MOTOR VEHICLE,NOT DIVIDED,,STRAIGHT AND LEVEL,DRY,NO DEFECTS,NOT ON SCENE (DESK REPORT),NO INJURY / DRIVE AWAY,,,Y,"$501 - $1,500",08/27/2025 10:05:00 AM,UNABLE TO DETERMINE,UNABLE TO DETERMINE,4916,N,ALBANY AVE,1713,,,,,,,2,NO INDICATION OF INJURY,0,0,0,0,0,1,0,19,3,8,41.9708325086,-87.7062447469,POINT (-87.706244746912 41.970832508598)
d5fa7b853a8c4c4a3a530f4bee77f21693d0a7b950e54ca5daaf53aa9fd47633a4d72137b0852c13f275180d200dae2abb574e516abe0a29a0c2b27bd19ecbcf,,08/26/2025 07:30:00 PM,30,STOP SIGN/FLASHER,FUNCTIONING PROPERLY,CLEAR,DAYLIGHT,ANGLE,FOUR WAY,,STRAIGHT AND LEVEL,DRY,NO DEFECTS,NOT ON SCENE (DESK REPORT),INJURY AND / OR TOW DUE TO CRASH,Y,,,"OVER $1,500",08/26/2025 08:02:00 PM,FAILING TO YIELD RIGHT-OF-WAY,NOT APPLICABLE,3000,S,KEDZIE AVE,1032,,,,,,,2,NO INDICATION OF INJURY,0,0,0,0,0,2,0,19,3,8,41.8389628497,-87.7050179071,POINT (-87.70501790708 41.838962849662)
dcaa4cfaab2deec967aa8f67625c2b80622fe661531e1cf06e7ebc97bab467a74da5d9945dfa74f59c0a6ad16d3f2d1198844859a8c591b4396fc37f1fd49529,,08/26/2025 07:25:00 PM,30,UNKNOWN,UNKNOWN,CLEAR,DUSK,ANGLE,NOT DIVIDED,,STRAIGHT AND LEVEL,DRY,NO DEFECTS,NOT ON SCENE (DESK REPORT),NO INJURY / DRIVE AWAY,,,,"OVER $1,500",08/26/2025 07:35:00 PM,FAILING TO YIELD RIGHT-OF-WAY,NOT APPLICABLE,2820,W,51ST ST,923,,,,,,,2,NO INDICATION OF INJURY,0,0,0,0,0,2,0,19,3,8,41.8010814352,-87.6949787338,POINT (-87.694978733825 41.801081435247)
28deb9472263bc553eb283d48b52fd79180eec5b59a72bbee0bd6176057549312754fb9659ffdf877cb109d2b38c07cb6256a15e9d362408381c5439ca5f66a4,,08/26/2025 07:20:00 PM,30,NO CONTROLS,NO CONTROLS,CLEAR,DUSK,PARKED MOTOR VEHICLE,NOT DIVIDED,,STRAIGHT AND LEVEL,DRY,NO DEFECTS,ON SCENE,INJURY AND / OR TOW DUE TO CRASH,,,,"OVER $1,500",08/26/2025 07:23:00 PM,NOT APPLICABLE,IMPROPER LANE USAGE,4010,W,ARMITAGE AVE,2525,,Y,,,,,2,"REPORTED, NOT EVIDENT",1,0,0,0,1,1,0,19,3,8,41.917269325,-87.7270806718,POINT (-87.727080671763 41.917269324979)
38bee1e955f27ac60ec5e1f2c172587ad0680629e95b2fbe7e2f2c6a27bd3b947b19b5a7efa233e9cc13f1257ae93ff646b3dc5064ff2507084ded524c7f1cd3,,08/26/2025 07:20:00 PM,30,TRAFFIC SIGNAL,FUNCTIONING PROPERLY,CLEAR,DAYLIGHT,REAR END,DIVIDED - W/MEDIAN (NOT RAISED),,STRAIGHT AND LEVEL,DRY,NO DEFECTS,NOT ON SCENE (DESK REPORT),INJURY AND / OR TOW DUE TO CRASH,,,Y,"$501 - $1,500",08/26/2025 09:35:00 PM,PHYSICAL CONDITION OF DRIVER,PHYSICAL CONDITION OF DRIVER,8655,S,WESTERN AVE,614,,,,,,,2,"REPORTED, NOT EVIDENT",2,0,0,0,2,1,0,19,3,8,41.7357386074,-87.6823738459,POINT (-87.682373845861 41.735738607364)
58edb699fedde22dfc9c6375991bf06a1431804697e63b23e9878b28f62dd870827bbf2576e6810ab988eefc3ee49de842af1337faa1ae3f0fe86bdfe6352169,,08/26/2025 07:17:00 PM,30,TRAFFIC SIGNAL,FUNCTIONING PROPERLY,CLEAR,DARKNESS,SIDESWIPE SAME DIRECTION,FOUR WAY,,STRAIGHT AND LEVEL,DRY,NO DEFECTS,NOT ON SCENE (DESK REPORT),NO INJURY / DRIVE AWAY,Y,,,"OVER $1,500",08/26/2025 08:25:00 PM,FAILING TO YIELD RIGHT-OF-WAY,FOLLOWING TOO CLOSELY,1600,S,ASHLAND AVE,1234,,,,,,,2,NO INDICATION OF INJURY,0,0,0,0,0,5,0,19,3,8,41.859559782,-87.6663438504,POINT (-87.666343850368 41.859559781969)
ddd7e3d028f0bcc80b1061760f3753c93c1a03a9d8b654ed6ddb9eec88214013e16366985608fdf7119b070b809269a8dba146ac119a1c100e3aa0e3fcd5be5b,,08/26/2025 07:15:00 PM,30,STOP SIGN/FLASHER,FUNCTIONING PROPERLY,CLEAR,DAYLIGHT,REAR END,DIVIDED - W/MEDIAN (NOT RAISED),,STRAIGHT AND LEVEL,DRY,NO DEFECTS,NOT ON SCENE (DESK REPORT),NO INJURY / DRIVE AWAY,Y,,,"OVER $1,500",08/27/2025 12:35:00 PM,FOLLOWING TOO CLOSELY,UNABLE TO DETERMINE,5640,N,ELSTON AVE,1623,,,,,,,2,NO INDICATION OF INJURY,0,0,0,0,0,2,0,19,3,8,41.9837684672,-87.7661756872,POINT (-87.766175687233 41.983768467244)
2c35eb21b2c0ad8fc2e9ad958c6e550f6798c8de5b51f7106c5dbe1a2d1fbac9c716b0a9d267363e5b62d21ba96f4cdb9f865796486eaa8a1aad9f830dc0e2b4,,08/26/2025 07:10:00 PM,5,NO CONTROLS,NO CONTROLS,CLEAR,DAWN,PEDESTRIAN,OTHER,,STRAIGHT AND LEVEL,DRY,UNKNOWN,ON SCENE,INJURY AND / OR TOW DUE TO CRASH,,,Y,"OVER $1,500",08/26/2025 07:30:00 PM,UNABLE TO DETERMINE,UNABLE TO DETERMINE,5700,S,LAKE SHORE DR,331,,,,,,,2,NONINCAPACITATING INJURY,1,0,0,1,0,1,0,19,3,8,41.7914202821,-87.5801477687,POINT (-87.580147768689 41.791420282098)
41989faa98253d35fc98ec0f4c1ee593b2e5f3ca23da2fe62fae3d890ab8f2c969a51d2ebd8453fce74ff47cbe1dab8be48f02d83082223cf6ed04c67df79608,,08/26/2025 07:00:00 PM,30,STOP SIGN/FLASHER,FUNCTIONING PROPERLY,CLEAR,DAYLIGHT,SIDESWIPE OPPOSITE DIRECTION,NOT DIVIDED,,STRAIGHT AND LEVEL,DRY,NO DEFECTS,NOT ON SCENE (DESK REPORT),INJURY AND / OR TOW DUE TO CRASH,,,Y,"OVER $1,500",08/27/2025 04:00:00 PM,UNABLE TO DETERMINE,UNABLE TO DETERMINE,900,W,71ST ST,733,,,,,,,2,"REPORTED, NOT EVIDENT",1,0,0,0,1,1,0,19,3,8,41.7652741724,-87.6469048289,POINT (-87.646904828947 41.76527417241)
bfa0c74915d272b6758630db962721aca8b374ec88a13680a742b9e7aae32cfb20e8f44c086839edf9c7dd3b961d0758d6a281946e1696ac5e1a37ab6f61e064,,08/26/2025 07:00:00 PM,30,NO CONTROLS,NO CONTROLS,CLEAR,DARKNESS,PARKED MOTOR VEHICLE,NOT DIVIDED,,STRAIGHT AND LEVEL,DRY,UNKNOWN,NOT ON SCENE (DESK REPORT),NO INJURY / DRIVE AWAY,,,Y,"OVER $1,500",08/27/2025 10:22:00 AM,UNABLE TO DETERMINE,UNABLE TO DETERMINE,675,N,ST CLAIR ST,1834,,,,,,,2,NO INDICATION OF INJURY,0,0,0,0,0,2,0,19,3,8,41.8947847791,-87.6226058409,POINT (-87.622605840856 41.894784779144)
d81bbd4152bf9a2d0f5b27624819c34c7918e0a8bdd2f11336faf6adb49127393cb970d439e82f6ef2c2939179175f34cb4d9802a4b8541c2f6d489e66480737,N,08/26/2025 07:00:00 PM,35,NO CONTROLS,NO CONTROLS,CLEAR,DUSK,PARKED MOTOR VEHICLE,NOT DIVIDED,,STRAIGHT AND LEVEL,DRY,NO DEFECTS,NOT ON SCENE (DESK REPORT),NO INJURY / DRIVE AWAY,,,Y,"$501 - $1,500",08/26/2025 10:55:00 PM,UNABLE TO DETERMINE,NOT APPLICABLE,1271,N,WOLCOTT AVE,1424,,,,,,,2,NO INDICATION OF INJURY,0,0,0,0,0,1,0,19,3,8,41.9053613195,-87.6747044782,POINT (-87.67470447822 41.905361319475)
e3439d7aab33e2cc94d2e1de60c6d3a86386ba214f4476d5925c91e2b8b0574c930256ef28f35af7ab4aaf957d4a83d49531453f9d3c659eab0a666148b65af2,,08/26/2025 07:00:00 PM,30,NO CONTROLS,NO CONTROLS,CLEAR,DAYLIGHT,PEDALCYCLIST,FOUR WAY,,STRAIGHT AND LEVEL,DRY,NO DEFECTS,ON SCENE,INJURY AND / OR TOW DUE TO CRASH,Y,,,"OVER $1,500",08/26/2025 07:07:00 PM,NOT APPLICABLE,NOT APPLICABLE,3330,W,HOLLYWOOD AVE,1711,,,,,,,2,"REPORTED, NOT EVIDENT",1,0,0,0,1,3,0,19,3,8,41.9849495495,-87.7126525207,POINT (-87.71265252069 41.984949549462)
f44585ec0ea6402d357ee3655e1a18a713d3fdc5f97fc12156907a2b76cbc07ac204c1884158a3e09d02cd6dd2f33d29a65769730c0d8113e0596d188545da2a,,08/26/2025 07:00:00 PM,30,NO CONTROLS,NO CONTROLS,CLEAR,DAYLIGHT,PARKED MOTOR VEHICLE,DIVIDED - W/MEDIAN (NOT RAISED),,STRAIGHT AND LEVEL,DRY,UNKNOWN,NOT ON SCENE (DESK REPORT),NO INJURY / DRIVE AWAY,,,Y,"OVER $1,500",08/27/2025 09:38:00 AM,UNABLE TO DETERMINE,UNABLE TO DETERMINE,4757,W,61ST ST,813,,,,,,,2,NO INDICATION OF INJURY,0,0,0,0,0,1,0,19,3,8,41.7819751419,-87.742263448,POINT (-87.742263447967 41.781975141916)
03892cc74c2906ada0ca46bf571bf4400696274f3bcbe20883ecbf9c971a4d793160a0d65d02b9f32f3720867481c5acc69b7ba5d15db8fb39e0a82a1fcff836,,08/26/2025 06:50:00 PM,30,UNKNOWN,UNKNOWN,UNKNOWN,UNKNOWN,REAR END,DIVIDED - W/MEDIAN (NOT RAISED),,STRAIGHT AND LEVEL,UNKNOWN,UNKNOWN,NOT ON SCENE (DESK REPORT),NO INJURY / DRIVE AWAY,,,,"$501 - $1,500",08/26/2025 07:30:00 PM,UNABLE TO DETERMINE,NOT APPLICABLE,2813,W,TOUHY AVE,2411,,,,,,,2,NO INDICATION OF INJURY,0,0,0,0,0,2,0,18,3,8,42.0119435193,-87.7002744174,POINT (-87.700274417416 42.011943519301)
3407ae88918221e41c16b17470c8840fdae8660181f85dbcfc61b35c43bcf35f19224e178ca93c50f71eb6fc7ff6c80cac1bbb40442d25fac8b2f307313b0034,,08/26/2025 06:40:00 PM,30,TRAFFIC SIGNAL,UNKNOWN,UNKNOWN,UNKNOWN,REAR END,FOUR WAY,,STRAIGHT AND LEVEL,UNKNOWN,UNKNOWN,NOT ON SCENE (DESK REPORT),NO INJURY / DRIVE AWAY,Y,,Y,"OVER $1,500",08/26/2025 07:05:00 PM,UNABLE TO DETERMINE,UNABLE TO DETERMINE,1350,W,DIVERSEY PKWY,1932,,,,,,,2,NO INDICATION OF INJURY,0,0,0,0,0,3,0,18,3,8,41.9325961369,-87.6631969744,POINT (-87.663196974447 41.93259613692)
ac6c401f5d2d6d84cad8f0c4e022915b831cbecc03f438aaa4d1aac9b5d991e30bcda47957a603438278f78f7b6e1120aa76861afa435fd9db978f924b98c762,,08/26/2025 06:40:00 PM,25,NO CONTROLS,NO CONTROLS,CLEAR,DAYLIGHT,TURNING,NOT DIVIDED,,STRAIGHT AND LEVEL,DRY,NO DEFECTS,NOT ON SCENE (DESK REPORT),NO INJURY / DRIVE AWAY,,,,"OVER $1,500",08/26/2025 07:00:00 PM,NOT APPLICABLE,NOT APPLICABLE,4445,N,SHERIDAN RD,1914,,,,,,,2,NO INDICATION OF INJURY,0,0,0,0,0,3,0,18,3,8,41.9630773034,-87.6546138149,POINT (-87.654613814894 41.963077303365)
8b8c4ded9c9f7d4ba04a436fbc021173de573b7a5e200063e6ad03d7cdbc0f54991e873d65c41938e0bab6ab73a02c24875adcd165847637bead69b37f4aa36c,,08/26/2025 06:35:00 PM,30,NO CONTROLS,NO CONTROLS,CLEAR,DUSK,PEDALCYCLIST,T-INTERSECTION,,STRAIGHT AND LEVEL,DRY,NO DEFECTS,ON SCENE,NO INJURY / DRIVE AWAY,Y,,,"$501 - $1,500",08/26/2025 06:38:00 PM,FOLLOWING TOO CLOSELY,UNABLE TO DETERMINE,6950,N,RIDGE BLVD,2411,,,,,,,2,NO INDICATION OF INJURY,0,0,0,0,0,3,0,18,3,8,42.0078175683,-87.6815318647,POINT (-87.681531864749 42.007817568308)
a2d62e6ac6b77281b6b2b30161943672122ff938df59b48ba9b72f7f343e7e38f790fe83d0e785fcf0d8ef0da454e519ca1304b78dafd3e78339548e64da0c90,,08/26/2025 06:35:00 PM,30,NO CONTROLS,NO CONTROLS,CLEAR,DAYLIGHT,ANGLE,DIVIDED - W/MEDIAN (NOT RAISED),,STRAIGHT AND LEVEL,DRY,NO DEFECTS,ON SCENE,INJURY AND / OR TOW DUE TO CRASH,,,,"$501 - $1,500",08/26/2025 06:47:00 PM,FAILING TO YIELD RIGHT-OF-WAY,NOT APPLICABLE,3931,W,WASHINGTON BLVD,1122,,,,,,,4,NONINCAPACITATING INJURY,1,0,0,1,0,3,0,18,3,8,41.8817435876,-87.7244982446,POINT (-87.724498244554 41.881743587615)
548cc4ff2dad2eb0c72f5bdd858e6e8a985f662adc41f014e852394172223c09d7b5d9381db0c328e3a000717d590f0b1a559a106648e5dd1f76b32fd8f0225a,,08/26/2025 06:30:00 PM,30,NO CONTROLS,NO CONTROLS,CLEAR,DUSK,PARKED MOTOR VEHICLE,NOT DIVIDED,,STRAIGHT AND LEVEL,DRY,NO DEFECTS,NOT ON SCENE (DESK REPORT),NO INJURY / DRIVE AWAY,,,Y,"OVER $1,500",08/26/2025 06:30:00 PM,UNABLE TO DETERMINE,NOT APPLICABLE,3010,S,LOCK ST,913,,,,,,,2,NO INDICATION OF INJURY,0,0,0,0,0,1,0,18,3,8,41.8397226653,-87.6610885474,POINT (-87.661088547417 41.839722665335)
aef8ce46ff2bc733a5c688ae095674fdd0dc95d3454d9c7961c10b13936d54fed0ce3b1244a5f036e16140ca9b4a97162f6910545bc17c90427359010c8d7f29,,08/26/2025 06:30:00 PM,25,NO CONTROLS,NO CONTROLS,CLEAR,DAYLIGHT,PARKED MOTOR VEHICLE,ONE-WAY,,STRAIGHT AND LEVEL,UNKNOWN,UNKNOWN,NOT ON SCENE (DESK REPORT),NO INJURY / DRIVE AWAY,,,,"$501 - $1,500",08/26/2025 08:00:00 PM,IMPROPER BACKING,UNABLE TO DETERMINE,6150,N,KENMORE AVE,2433,,,,,,,2,NO INDICATION OF INJURY,0,0,0,0,0,1,0,18,3,8,41.9937829004,-87.6570741885,POINT (-87.657074188485 41.993782900429)
4810a7178594f7b4b3a19ae5b2b0fce3e5fdda562020b2010c5b3a4ddfa03abff909bf30bdfb191413e15d3897bd084f221343a752303ac1e7fd65bb701aafc9,,08/26/2025 06:26:00 PM,30,STOP SIGN/FLASHER,NO CONTROLS,CLEAR,DAYLIGHT,REAR END,NOT DIVIDED,,STRAIGHT AND LEVEL,DRY,NO DEFECTS,ON SCENE,INJURY AND / OR TOW DUE TO CRASH,,,Y,$500 OR LESS,08/26/2025 06:30:00 PM,FAILING TO REDUCE SPEED TO AVOID CRASH,NOT APPLICABLE,900,W,103RD ST,2232,,,,,,,2,NONINCAPACITATING INJURY,1,0,0,1,0,2,0,18,3,8,41.7070032621,-87.6453273276,POINT (-87.645327327631 41.70700326205)
0652a0227e44ab679853183460c2ce22fc0602dbf2d2c157afe36dd0c8cbeb101974437404caa1218b3d02ebad1bffc7ec4d397ac64d5113e7838aef6313a476,,08/26/2025 06:21:00 PM,25,STOP SIGN/FLASHER,UNKNOWN,CLEAR,DAYLIGHT,ANGLE,UNKNOWN INTERSECTION TYPE,,STRAIGHT AND LEVEL,UNKNOWN,UNKNOWN,NOT ON SCENE (DESK REPORT),INJURY AND / OR TOW DUE TO CRASH,,,,"$501 - $1,500",08/26/2025 07:05:00 PM,DISTRACTION - FROM OUTSIDE VEHICLE,NOT APPLICABLE,1040,W,RANDOLPH ST,1224,,,,,,,2,NO INDICATION OF INJURY,0,0,0,0,0,2,0,18,3,8,41.8844077316,-87.65368149,POINT (-87.65368149002 41.884407731619)
7a6660bf4ecd62e264c60b6c94990a5500e2aef47bb18bb7e6a2d1a07135018de37df3605af3d3fb98e057fef299bb5fb4834ad4d9b9284a9f86a90fe6c2d7e8,,08/26/2025 06:20:00 PM,30,TRAFFIC SIGNAL,FUNCTIONING PROPERLY,CLEAR,DAYLIGHT,SIDESWIPE SAME DIRECTION,NOT DIVIDED,,STRAIGHT AND LEVEL,DRY,NO DEFECTS,ON SCENE,NO INJURY / DRIVE AWAY,Y,,,"OVER $1,500",08/26/2025 06:30:00 PM,UNABLE TO DETERMINE,NOT APPLICABLE,4020,S,CALIFORNIA AVE,921,,,,,,,2,NO INDICATION OF INJURY,0,0,0,0,0,3,0,18,3,8,41.8202801091,-87.6947220173,POINT (-87.694722017325 41.820280109089)
f24b309574e7fa657b1733a462bf7a39d2a2ff2dd218c78a5e662216d445d61ff80231cf6d6943f7e6fdee2b09d209e7b502d4d81ca021a37f3fbd53af1cb1ce,,08/26/2025 06:20:00 PM,30,TRAFFIC SIGNAL,FUNCTIONING PROPERLY,CLEAR,UNKNOWN,REAR END,DIVIDED - W/MEDIAN (NOT RAISED),,STRAIGHT AND LEVEL,UNKNOWN,UNKNOWN,NOT ON SCENE (DESK REPORT),NO INJURY / DRIVE AWAY,,,,"OVER $1,500",08/26/2025 08:50:00 PM,FOLLOWING TOO CLOSELY,UNABLE TO DETERMINE,705,W,ADDISON ST,1925,,,,,,,2,NO INDICATION OF INJURY,0,0,0,0,0,3,0,18,3,8,41.9472100395,-87.6475242012,POINT (-87.647524201232 41.947210039492)
f343ca8f5e4904723856418af89dae54be1cabc6b2ac2c65fb79f557d52871b1f8549593ef55c9d8d3770c5c0da07ed638d9e21e5eba38b214cb0dc3ee99d985,,08/26/2025 06:15:00 PM,30,TRAFFIC SIGNAL,FUNCTIONING IMPROPERLY,CLEAR,DAWN,TURNING,FOUR WAY,,STRAIGHT AND LEVEL,DRY,NO DEFECTS,NOT ON SCENE (DESK REPORT),INJURY AND / OR TOW DUE TO CRASH,Y,,Y,$500 OR LESS,08/27/2025 01:30:00 PM,UNABLE TO DETERMINE,NOT APPLICABLE,5632,S,LAKE SHORE DR NB,331,,,,,,,2,"REPORTED, NOT EVIDENT",1,0,0,0,1,2,0,18,3,8,41.79258046,-87.5804753077,POINT (-87.58047530772 41.792580460045)
48490c4614320e4933fdf2be17276da351c8ed4140139b5f2a3b80a8fe1898eed4accc0fdf2e9f54eb03bed846ba67d8b6c53806dfed343e4af98fe73048677e,,08/26/2025 06:10:00 PM,30,TRAFFIC SIGNAL,FUNCTIONING PROPERLY,CLEAR,DAYLIGHT,SIDESWIPE SAME DIRECTION,DIVIDED - W/MEDIAN (NOT RAISED),,STRAIGHT AND LEVEL,DRY,NO DEFECTS,NOT ON SCENE (DESK REPORT),NO INJURY / DRIVE AWAY,,,,"OVER $1,500",08/26/2025 07:02:00 PM,UNABLE TO DETERMINE,NOT APPLICABLE,2700,S,PULASKI RD,1031,,,,,,,2,NO INDICATION OF INJURY,0,0,0,0,0,2,0,18,3,8,41.8423166582,-87.7246450384,POINT (-87.724645038379 41.84231665823)
783d1e68fd8f64c419a7ecab6916039d2ccf1bd9eae49bd8e45c34635321e11bf1645704a760c41a5d21fb68aa9911ed9ad2a8f0c1be2e9aea25f29523e6f494,Y,08/26/2025 06:08:00 PM,30,UNKNOWN,UNKNOWN,UNKNOWN,UNKNOWN,REAR END,NOT DIVIDED,,STRAIGHT AND LEVEL,UNKNOWN,UNKNOWN,NOT ON SCENE (DESK REPORT),NO INJURY / DRIVE AWAY,Y,,Y,"OVER $1,500",08/26/2025 08:05:00 PM,UNABLE TO DETERMINE,NOT APPLICABLE,7600,S,SOUTH CHICAGO AVE,411,,,,,,,3,NO INDICATION OF INJURY,0,0,0,0,0,3,0,18,3,8,41.756736099,-87.5930709554,POINT (-87.593070955379 41.756736099049)
9c5b7e06205ddc77e43d8bd37fa38556e72a93e4f93959fb142dd16adc1918d64733acebd5df85b281bfaba68e4041c31b4cccc4736e969633a149d8599af8f5,,08/26/2025 06:05:00 PM,35,TRAFFIC SIGNAL,FUNCTIONING PROPERLY,CLEAR,DAYLIGHT,SIDESWIPE SAME DIRECTION,NOT DIVIDED,,STRAIGHT AND LEVEL,DRY,NO DEFECTS,ON SCENE,NO INJURY / DRIVE AWAY,,,,$500 OR LESS,08/26/2025 06:07:00 PM,IMPROPER OVERTAKING/PASSING,NOT APPLICABLE,432,W,DIVISION ST,1821,,,,,,,2,NO INDICATION OF INJURY,0,0,0,0,0,3,0,18,3,8,41.9038818267,-87.6396108485,POINT (-87.639610848545 41.903881826658)
9e55661d254123786f88f262ed9df4944105acbb2570d5aea3760a2280154fbe9d1801c7605769a323dbe83a001e3e52b694c066ddaee11152f76ff005f2e6f5,,08/26/2025 06:05:00 PM,25,NO CONTROLS,NO CONTROLS,CLEAR,DAYLIGHT,FIXED OBJECT,ALLEY,,STRAIGHT AND LEVEL,DRY,NO DEFECTS,,INJURY AND / OR TOW DUE TO CRASH,,,,"OVER $1,500",08/26/2025 07:09:00 PM,FOLLOWING TOO CLOSELY,FAILING TO REDUCE SPEED TO AVOID CRASH,4810,W,BELMONT AVE,1634,,,,,,,1,"REPORTED, NOT EVIDENT",1,0,0,0,1,0,0,18,3,8,41.9389298806,-87.7473811708,POINT (-87.747381170777 41.938929880612)
25cdd8dd7e9b11c9620cd59c281faa8ab1d91966700eb5e560f01a0c8a630b1e4c317c07f8c645ab3dcc98a632a9d95bc726ed342f37f3d0abacc04b26045944,,08/26/2025 06:00:00 PM,30,TRAFFIC SIGNAL,FUNCTIONING PROPERLY,CLEAR,DAYLIGHT,TURNING,NOT DIVIDED,,STRAIGHT AND LEVEL,DRY,NO DEFECTS,ON SCENE,NO INJURY / DRIVE AWAY,Y,,,"OVER $1,500",08/26/2025 06:05:00 PM,IMPROPER LANE USAGE,IMPROPER TURNING/NO SIGNAL,2798,W,ARMITAGE AVE,1431,,,,,,,2,NO INDICATION OF INJURY,0,0,0,0,0,4,0,18,3,8,41.9175997274,-87.6971408655,POINT (-87.697140865528 41.917599727429)