CRASH_RECORD_ID,CRASH_DATE_EST_I,CRASH_DATE,POSTED_SPEED_LIMIT,TRAFFIC_CONTROL_DEVICE,DEVICE_CONDITION,WEATHER_CONDITION,LIGHTING_CONDITION,FIRST_CRASH_TYPE,TRAFFICWAY_TYPE,LANE_CNT,ALIGNMENT,ROADWAY_SURFACE_COND,ROAD_DEFECT,REPORT_TYPE,CRASH_TYPE,INTERSECTION_RELATED_I,NOT_RIGHT_OF_WAY_I,HIT_AND_RUN_I,DAMAGE,DATE_POLICE_NOTIFIED,PRIM_CONTRIBUTORY_CAUSE,SEC_CONTRIBUTORY_CAUSE,STREET_NO,STREET_DIRECTION,STREET_NAME,BEAT_OF_OCCURRENCE,PHOTOS_TAKEN_I,STATEMENTS_TAKEN_I,DOORING_I,WORK_ZONE_I,WORK_ZONE_TYPE,WORKERS_PRESENT_I,NUM_UNITS,MOST_SEVERE_INJURY,INJURIES_TOTAL,INJURIES_FATAL,INJURIES_INCAPACITATING,INJURIES_NON_INCAPACITATING,INJURIES_REPORTED_NOT_EVIDENT,INJURIES_NO_INDICATION,INJURIES_UNKNOWN,CRASH_HOUR,CRASH_DAY_OF_WEEK,CRASH_MONTH,LATITUDE,LONGITUDE,LOCATION
4ccf32af6eb20160cb4836570f29646643f7a7b97022cf18416abb41e642a33e6c1dcb16df57dff04bf3087938731ebf279d08807a78750b764aef737a8e69eb,N,08/26/2025 06:00:00 PM,35,NO CONTROLS,NO CONTROLS,CLEAR,DAYLIGHT,PARKED MOTOR VEHICLE,ONE-WAY,,STRAIGHT AND LEVEL,DRY,NO DEFECTS,ON SCENE,NO INJURY / DRIVE AWAY,,,N,"OVER $1,500",08/26/2025 08:55:00 PM,UNABLE TO DETERMINE,UNABLE TO DETERMINE,4436,S,WENTWORTH AVE,925,,,,,,,2,NO INDICATION OF INJURY,0,0,0,0,0,1,0,18,3,8,41.8135031051,-87.6312620485,POINT (-87.631262048483 41.81350310511)
bd4d24353cbc41e21efc0e936a64d147d766e1a4583e8413a657267d8e784d3e193542cfe652e0e11fa8174b7521f406bfaca6425abc67023813bbd49d104d72,,08/26/2025 06:00:00 PM,30,NO CONTROLS,NO CONTROLS,CLEAR,DAYLIGHT,PARKED MOTOR VEHICLE,PARKING LOT,,STRAIGHT AND LEVEL,DRY,UNKNOWN,NOT ON SCENE (DESK REPORT),NO INJURY / DRIVE AWAY,,Y,,"OVER $1,500",08/26/2025 06:23:00 PM,IMPROPER BACKING,IMPROPER BACKING,7437,S,ASHLAND AVE,734,,,,,,,2,NO INDICATION OF INJURY,0,0,0,0,0,1,0,18,3,8,41.7584284275,-87.6634736646,POINT (-87.663473664594 41.758428427487)
ed4a2f4f0fa56e1087847050a51fbd803799bc67722e74dba823b9527b401238e4c89ff6c37bb59305e5172193728bb25eae5586081343954a9e5e9cefa4ca5b,,08/26/2025 06:00:00 PM,30,UNKNOWN,UNKNOWN,CLEAR,DUSK,TURNING,FOUR WAY,,STRAIGHT AND LEVEL,UNKNOWN,UNKNOWN,NOT ON SCENE (DESK REPORT),NO INJURY / DRIVE AWAY,Y,,,"OVER $1,500",08/26/2025 10:20:00 PM,DRIVING SKILLS/KNOWLEDGE/EXPERIENCE,UNABLE TO DETERMINE,5198,W,DIVISION ST,2533,,,,,,,2,NO INDICATION OF INJURY,0,0,0,0,0,2,0,18,3,8,41.9023601628,-87.755716508,POINT (-87.755716508008 41.902360162761)
ee8bdce65a61c603267b7952c8ae0cafdbde37b4183c80b9797b0bace8aad5cf4bb4c30dff23448b43078890d02d6108fc24dd463cde950e0a25b12d5ea2d09f,,08/26/2025 06:00:00 PM,25,UNKNOWN,UNKNOWN,UNKNOWN,UNKNOWN,SIDESWIPE SAME DIRECTION,NOT DIVIDED,,STRAIGHT AND LEVEL,UNKNOWN,UNKNOWN,NOT ON SCENE (DESK REPORT),NO INJURY / DRIVE AWAY,,,,"OVER $1,500",08/26/2025 07:20:00 PM,NOT APPLICABLE,NOT APPLICABLE,400,S,HALSTED ST,1232,,,,,,,2,NO INDICATION OF INJURY,0,0,0,0,0,2,0,18,3,8,41.8766560658,-87.6473489245,POINT (-87.647348924464 41.876656065835)
e515e540409febd8556b1cc2480aaa5cb012db1504fcc95508ee7efe9ddc186a111780d8b55c4a2fc716adeae2976e0cbbdbc81aac427f4900d5b245b4e1cb67,,08/26/2025 05:55:00 PM,30,TRAFFIC SIGNAL,FUNCTIONING PROPERLY,CLEAR,DAYLIGHT,REAR END,FOUR WAY,,STRAIGHT AND LEVEL,DRY,NO DEFECTS,,NO INJURY / DRIVE AWAY,,,,"OVER $1,500",08/27/2025 03:45:00 PM,FAILING TO REDUCE SPEED TO AVOID CRASH,UNABLE TO DETERMINE,4200,W,55TH ST,815,,,,,,,2,NO INDICATION OF INJURY,0,0,0,0,0,2,0,17,3,8,41.7932698867,-87.7281247749,POINT (-87.728124774898 41.79326988666)
4ec7271cabbc6de0c90cc2d4c49ccc54c96dbc728315d9f8aa4b51f7b76dc055c1a06a0a70d31a1bf18d32024bd017cf64a90419caa17ac2cab7cb09e8449972,,08/26/2025 05:50:00 PM,30,TRAFFIC SIGNAL,FUNCTIONING PROPERLY,CLEAR,DAYLIGHT,SIDESWIPE SAME DIRECTION,FOUR WAY,,STRAIGHT AND LEVEL,DRY,NO DEFECTS,ON SCENE,NO INJURY / DRIVE AWAY,Y,,,"OVER $1,500",08/26/2025 05:52:00 PM,UNABLE TO DETERMINE,NOT APPLICABLE,498,S,MICHIGAN AVE,113,,,,,,,2,NO INDICATION OF INJURY,0,0,0,0,0,2,0,17,3,8,41.8757862397,-87.6244086787,POINT (-87.624408678665 41.875786239706)
c11684d3cb35ba610987cdfc45906981e3800bdd9f58feb14e20f19b4c75078a2fd818d4e23f7445895a6a35a2f88e5b3d4e308730f424503d9e7f13027a3bf8,,08/26/2025 05:45:00 PM,30,TRAFFIC SIGNAL,FUNCTIONING PROPERLY,CLEAR,DAYLIGHT,TURNING,FOUR WAY,,STRAIGHT AND LEVEL,DRY,NO DEFECTS,ON SCENE,INJURY AND / OR TOW DUE TO CRASH,,,Y,"OVER $1,500",08/26/2025 05:55:00 PM,FAILING TO YIELD RIGHT-OF-WAY,NOT APPLICABLE,1200,S,ASHLAND AVE,1233,,,,,,,2,"REPORTED, NOT EVIDENT",1,0,0,0,1,1,0,17,3,8,41.8668157843,-87.6665292629,POINT (-87.666529262922 41.86681578431)
656aa5d1bc3774b07131b8acca2eaf4997c3996989f0058a61326db481d9edb0c337b038995deb712b3c7b81dbbf0afd9fca6639750475d10940be29f63e2086,,08/26/2025 05:40:00 PM,30,TRAFFIC SIGNAL,FUNCTIONING PROPERLY,CLEAR,DAYLIGHT,TURNING,FOUR WAY,,STRAIGHT AND LEVEL,DRY,NO DEFECTS,,INJURY AND / OR TOW DUE TO CRASH,Y,,Y,"OVER $1,500",08/26/2025 05:41:00 PM,DRIVING SKILLS/KNOWLEDGE/EXPERIENCE,NOT APPLICABLE,698,S,ASHLAND AVE,1231,,,,,,,2,NO INDICATION OF INJURY,0,0,0,0,0,2,0,17,3,8,41.8729631703,-87.6667185073,POINT (-87.666718507308 41.872963170346)
342c809acd08f7ef2827f19082ffea5f6475e9d59d9931075fd530ff1e51827807d78fd1df3c86b34b4dc4fc9c35c1b75cffc701f08946e62849b815433162ee,,08/26/2025 05:30:00 PM,30,TRAFFIC SIGNAL,FUNCTIONING PROPERLY,CLEAR,DAYLIGHT,ANGLE,FOUR WAY,,STRAIGHT AND LEVEL,DRY,NO DEFECTS,NOT ON SCENE (DESK REPORT),NO INJURY / DRIVE AWAY,Y,,,"OVER $1,500",08/27/2025 06:20:00 AM,UNABLE TO DETERMINE,UNABLE TO DETERMINE,800,S,ASHLAND AVE,1231,,,,,,,2,NO INDICATION OF INJURY,0,0,0,0,0,2,0,17,3,8,41.8715659906,-87.6666754145,POINT (-87.666675414457 41.871565990609)
5c9f70c7347b9b0d18dd2b24e436af7c8addb4e068a932f7688f6bdc34a326da479fc6132899348b15a96f3e0643a0ac6f1d3c4cecac43292fb53077bb3ed49d,,08/26/2025 05:21:00 PM,30,STOP SIGN/FLASHER,FUNCTIONING PROPERLY,CLEAR,DAYLIGHT,ANGLE,FOUR WAY,,STRAIGHT AND LEVEL,DRY,NO DEFECTS,ON SCENE,INJURY AND / OR TOW DUE TO CRASH,Y,,,"OVER $1,500",08/26/2025 05:21:00 PM,FAILING TO YIELD RIGHT-OF-WAY,FAILING TO YIELD RIGHT-OF-WAY,4900,N,PULASKI RD,1712,,,,,,,2,NONINCAPACITATING INJURY,1,0,0,1,0,2,0,17,3,8,41.9701523764,-87.7282304079,POINT (-87.72823040792 41.970152376388)
29797ee172a1e8dac0de4d5ba891dd5de63075b8e64f381371c75f55d6cb02ec6f9933486cc74ef4b7ed091d48cab9ee58c78f5c765d6b67af980a022224176c,,08/26/2025 05:20:00 PM,25,TRAFFIC SIGNAL,FUNCTIONING PROPERLY,UNKNOWN,DAYLIGHT,REAR END,NOT DIVIDED,,STRAIGHT AND LEVEL,UNKNOWN,UNKNOWN,NOT ON SCENE (DESK REPORT),NO INJURY / DRIVE AWAY,,,,"OVER $1,500",08/26/2025 07:45:00 PM,UNABLE TO DETERMINE,NOT APPLICABLE,2350,W,GRAND AVE,1221,,,,,,,2,NO INDICATION OF INJURY,0,0,0,0,0,2,0,17,3,8,41.8907736278,-87.6862923814,POINT (-87.686292381414 41.890773627841)
2baacad1d2cce0181ab355cf430ff84a684e86c0e94ad28d0bd57211ad00cba41b1c507848a5cc429e6111888c283e05538d6360b6e1b7b149bfcdda4f11a5f1,,08/26/2025 05:18:00 PM,30,NO CONTROLS,NO CONTROLS,CLEAR,DAYLIGHT,SIDESWIPE SAME DIRECTION,NOT DIVIDED,,STRAIGHT AND LEVEL,DRY,NO DEFECTS,ON SCENE,NO INJURY / DRIVE AWAY,,,,$500 OR LESS,08/26/2025 05:18:00 PM,DRIVING SKILLS/KNOWLEDGE/EXPERIENCE,NOT APPLICABLE,2315,N,HARLEM AVE,2512,,,,,,,2,NO INDICATION OF INJURY,0,0,0,0,0,6,0,17,3,8,41.9215637798,-87.8060299704,POINT (-87.806029970449 41.921563779846)
b6d60c401a2b2a80c5a6e4c71f5d5f56e5609367885f0a53b85c885e0ff122845090ebc86316f7ef05553fc84288990e44afe42d8c32297a30d66ec12d54059c,,08/26/2025 05:18:00 PM,30,NO CONTROLS,NO CONTROLS,CLEAR,DAYLIGHT,REAR TO SIDE,PARKING LOT,,STRAIGHT AND LEVEL,UNKNOWN,UNKNOWN,NOT ON SCENE (DESK REPORT),NO INJURY / DRIVE AWAY,,,,"OVER $1,500",08/26/2025 05:40:00 PM,UNABLE TO DETERMINE,UNABLE TO DETERMINE,1655,E,95TH ST,431,,,,,,,2,NO INDICATION OF INJURY,0,0,0,0,0,2,0,17,3,8,41.7222631981,-87.5829176346,POINT (-87.582917634619 41.722263198134)
c83cfec0022f3576c56ee9ef092e19666851e2c6c43204c53e6d1400a3836ed6086baa167ae811262b022808e63a4b4f6a2bb88283fd5051c974c094f8180091,,08/26/2025 05:15:00 PM,30,TRAFFIC SIGNAL,FUNCTIONING PROPERLY,CLEAR,DAYLIGHT,PEDALCYCLIST,FOUR WAY,,STRAIGHT AND LEVEL,DRY,UNKNOWN,ON SCENE,INJURY AND / OR TOW DUE TO CRASH,Y,,,$500 OR LESS,08/26/2025 05:21:00 PM,UNABLE TO DETERMINE,NOT APPLICABLE,5800,W,ADDISON ST,1633,,,,,,,2,"REPORTED, NOT EVIDENT",1,0,0,0,1,1,0,17,3,8,41.9459327504,-87.771753031,POINT (-87.771753030971 41.945932750402)
11c55591888736d01deb9daf1112773297d7bbf53fd692a773c6585f9c2921d8eea97eef2210939bc69325d6cc1100275b3bc8608b1759019d75bc3bbd1912fc,,08/26/2025 05:13:00 PM,25,NO CONTROLS,NO CONTROLS,CLEAR,DAYLIGHT,REAR END,NOT DIVIDED,,STRAIGHT AND LEVEL,DRY,NO DEFECTS,ON SCENE,INJURY AND / OR TOW DUE TO CRASH,,,,"OVER $1,500",08/26/2025 05:25:00 PM,FOLLOWING TOO CLOSELY,NOT APPLICABLE,2442,S,PULASKI RD,1013,,,,,,,2,"REPORTED, NOT EVIDENT",1,0,0,0,1,2,0,17,3,8,41.8466742099,-87.724776011,POINT (-87.724776011028 41.846674209851)
b7a7c586b1a188b0a76d50296722f40c72db09d7ebd140f116627b1f55b8bd87c009c21809fde08ab8234c274d3c1b4fa78e882c5d7134f6dc034c6ab3d747a8,,08/26/2025 05:10:00 PM,15,NO CONTROLS,NO CONTROLS,CLEAR,DAWN,FIXED OBJECT,ALLEY,,STRAIGHT AND LEVEL,DRY,NO DEFECTS,ON SCENE,NO INJURY / DRIVE AWAY,,,Y,"OVER $1,500",08/26/2025 05:10:00 PM,IMPROPER BACKING,NOT APPLICABLE,2732,S,CHRISTIANA AVE,1032,,,,,,,1,NO INDICATION OF INJURY,0,0,0,0,0,1,0,17,3,8,41.841641728,-87.7087604589,POINT (-87.708760458881 41.841641727983)
d3df03213a41f1af5d0acc8bbf664eb38bd33cec1f465ff56360ded33bccb2b6ecaea43e14dffe046dae665c5b102820f1bddf49cfedbbd2ef381eb2b7076414,,08/26/2025 05:00:00 PM,30,NO CONTROLS,NO CONTROLS,CLEAR,DAYLIGHT,ANGLE,DIVIDED - W/MEDIAN BARRIER,,STRAIGHT AND LEVEL,DRY,NO DEFECTS,ON SCENE,INJURY AND / OR TOW DUE TO CRASH,,,,"OVER $1,500",08/26/2025 05:03:00 PM,UNABLE TO DETERMINE,NOT APPLICABLE,10812,S,HALSTED ST,2233,,,,,,,2,"REPORTED, NOT EVIDENT",1,0,0,0,1,1,0,17,3,8,41.6973956446,-87.642683074,POINT (-87.642683074007 41.697395644583)
f1c67388ffd616696d0641aaf2af67e7a4c0179d14e7e9e3d4079bd77c8de671aa460af74465dc8707b6ce0ebe16fed24737bf1ef234a5319b56dbb0940ddfd7,,08/26/2025 05:00:00 PM,30,TRAFFIC SIGNAL,FUNCTIONING PROPERLY,CLEAR,DAYLIGHT,SIDESWIPE SAME DIRECTION,NOT DIVIDED,,STRAIGHT AND LEVEL,DRY,NO DEFECTS,NOT ON SCENE (DESK REPORT),NO INJURY / DRIVE AWAY,Y,,,"OVER $1,500",08/26/2025 06:05:00 PM,IMPROPER TURNING/NO SIGNAL,NOT APPLICABLE,8601,S,CICERO AVE,834,,,,,,,2,NO INDICATION OF INJURY,0,0,0,0,0,2,0,17,3,8,41.736289227,-87.7407819374,POINT (-87.740781937374 41.736289227025)
9a8ba28ba95274ae9521201e7ce21077dfa7810989c4dfdb139177b494e3aa6c9f2f64210c513dcb3df8306b7d452de492c3530fe165e07da6c3e5163834d7de,,08/26/2025 04:57:00 PM,30,UNKNOWN,UNKNOWN,CLEAR,DAYLIGHT,REAR END,NOT DIVIDED,,STRAIGHT AND LEVEL,UNKNOWN,UNKNOWN,NOT ON SCENE (DESK REPORT),NO INJURY / DRIVE AWAY,,,Y,"OVER $1,500",08/26/2025 06:00:00 PM,UNABLE TO DETERMINE,UNABLE TO DETERMINE,80,E,LAKE ST,111,,,,,,,2,NO INDICATION OF INJURY,0,0,0,0,0,2,0,16,3,8,41.8858472087,-87.6250948574,POINT (-87.625094857363 41.885847208705)
a33bf9d4990168949482ab34c74faaa86f6d32791b9f6e69bc952417bba1bd4b5192fa35cea17f89b20c7470177f972e2843327563c732d32b36358a3700c145,,08/26/2025 04:55:00 PM,30,NO CONTROLS,NO CONTROLS,CLEAR,DAYLIGHT,PEDALCYCLIST,NOT DIVIDED,,STRAIGHT AND LEVEL,DRY,NO DEFECTS,NOT ON SCENE (DESK REPORT),INJURY AND / OR TOW DUE TO CRASH,,,,$500 OR LESS,08/26/2025 04:58:00 PM,"EVASIVE ACTION DUE TO ANIMAL, OBJECT, NONMOTORIST","EVASIVE ACTION DUE TO ANIMAL, OBJECT, NONMOTORIST",2010,W,HUBBARD ST,1221,,,,,,,2,INCAPACITATING INJURY,1,0,1,0,0,1,0,16,3,8,41.889827039,-87.6773788727,POINT (-87.677378872715 41.889827038958)
6b14b686edefd133e637162c56cd98a89ba085e8702fa492885a0549a96536cf293dded930dc69336536d9a845420fc7058cce76079d725283ba284699e00ed6,,08/26/2025 04:50:00 PM,30,TRAFFIC SIGNAL,FUNCTIONING PROPERLY,CLEAR,DAYLIGHT,SIDESWIPE SAME DIRECTION,DIVIDED - W/MEDIAN (NOT RAISED),,STRAIGHT AND LEVEL,DRY,NO DEFECTS,NOT ON SCENE (DESK REPORT),NO INJURY / DRIVE AWAY,,,,$500 OR LESS,08/28/2025 09:15:00 AM,UNABLE TO DETERMINE,UNABLE TO DETERMINE,265,E,SUPERIOR ST,1834,,,,,,,2,NO INDICATION OF INJURY,0,0,0,0,0,2,0,16,3,8,41.8956849804,-87.6204626896,POINT (-87.620462689579 41.895684980428)
cd010e0f991ddb21d293e9d638d71cf2748deaea84695ad0c6cad6d3b11e4253b695b7177030693e27250822a62ecfcc65ccfaeea2b514d372480ff80c30054a,,08/26/2025 04:50:00 PM,30,NO CONTROLS,NO CONTROLS,CLEAR,DAYLIGHT,TURNING,PARKING LOT,,STRAIGHT AND LEVEL,DRY,NO DEFECTS,,NO INJURY / DRIVE AWAY,,,,"OVER $1,500",08/26/2025 07:00:00 PM,DRIVING SKILLS/KNOWLEDGE/EXPERIENCE,NOT APPLICABLE,2875,W,19TH ST,1022,,,,,,,2,NO INDICATION OF INJURY,0,0,0,0,0,3,0,16,3,8,41.8554028935,-87.6987075449,POINT (-87.698707544873 41.8554028935)
d6fc9868db289eb6d1b3257a041bc09e873af18d0108e6b31dced6640a2bcb81e7ee287c36241e4bfaec567a322b8ce1bdf3f1df8ed3941a738abc1d332357a6,,08/26/2025 04:50:00 PM,30,NO CONTROLS,NO CONTROLS,CLEAR,DAYLIGHT,TURNING,NOT DIVIDED,,STRAIGHT AND LEVEL,DRY,NO DEFECTS,NOT ON SCENE (DESK REPORT),NO INJURY / DRIVE AWAY,,,,"OVER $1,500",08/26/2025 06:18:00 PM,NOT APPLICABLE,NOT APPLICABLE,4814,S,RICHMOND ST,922,,,,,,,2,NO INDICATION OF INJURY,0,0,0,0,0,3,0,16,3,8,41.8058527822,-87.6979521945,POINT (-87.697952194456 41.805852782154)
9ffc3e66b19869ae4ac3bb37662237138470db2f83666e12c0d006f8a27021d7766249fa534665b6f0682b8dcfbbd5e54595017d86c53030d53e86e8053969e0,,08/26/2025 04:42:00 PM,35,TRAFFIC SIGNAL,FUNCTIONING PROPERLY,CLEAR,DAYLIGHT,TURNING,T-INTERSECTION,,STRAIGHT AND LEVEL,DRY,WORN SURFACE,ON SCENE,INJURY AND / OR TOW DUE TO CRASH,Y,,,"OVER $1,500",08/26/2025 04:42:00 PM,DISREGARDING TRAFFIC SIGNALS,FAILING TO REDUCE SPEED TO AVOID CRASH,5101,S,WESTERN AVE,923,,,,,,,2,"REPORTED, NOT EVIDENT",1,0,0,0,1,1,0,16,3,8,41.8010583424,-87.6840743435,POINT (-87.684074343506 41.801058342352)
109e5eadcc829eacb285bd4a66af915d759c24e29904340de9dc43679b6f2d884aaadc799a6d24c0692729d0d0a3ab4da85e543024ac9240ee9084afeb107934,,08/26/2025 04:40:00 PM,30,STOP SIGN/FLASHER,FUNCTIONING PROPERLY,CLEAR,DAYLIGHT,ANGLE,FOUR WAY,,STRAIGHT AND LEVEL,UNKNOWN,UNKNOWN,NOT ON SCENE (DESK REPORT),NO INJURY / DRIVE AWAY,Y,,,"OVER $1,500",08/26/2025 05:45:00 PM,DISREGARDING STOP SIGN,NOT APPLICABLE,528,E,63RD ST,313,,,,,,,2,NO INDICATION OF INJURY,0,0,0,0,0,4,0,16,3,8,41.7804114838,-87.6120869345,POINT (-87.612086934516 41.780411483839)
50d6af85a373ddf39e01213ad7d66d7a78701d98ca8e7fe496de175a93b9dd6b00e8dc33f118efa67a4f44326c422ac57b6ccc720ae2ec49cb949828a5ce2c5e,,08/26/2025 04:40:00 PM,35,NO CONTROLS,NO CONTROLS,CLEAR,DAYLIGHT,SIDESWIPE SAME DIRECTION,NOT DIVIDED,,STRAIGHT AND LEVEL,DRY,NO DEFECTS,ON SCENE,NO INJURY / DRIVE AWAY,,,,"$501 - $1,500",08/26/2025 04:40:00 PM,UNABLE TO DETERMINE,NOT APPLICABLE,6340,S,ARCHER AVE,811,,,,,,,2,NO INDICATION OF INJURY,0,0,0,0,0,2,0,16,3,8,41.7929997908,-87.7798269304,POINT (-87.779826930434 41.792999790809)
f42a1af71d53b1163617006afdb459cdd9ee654bca635186f65dd1110b15cc7482c6d9c5a2a2714bcea85fe8e5271b67ed6129b14367ab72fc1e6c94971cbce0,,08/26/2025 04:40:00 PM,30,NO CONTROLS,NO CONTROLS,CLEAR,DAYLIGHT,REAR END,DIVIDED - W/MEDIAN BARRIER,,STRAIGHT AND LEVEL,DRY,NO DEFECTS,NOT ON SCENE (DESK REPORT),NO INJURY / DRIVE AWAY,,,,"$501 - $1,500",08/27/2025 09:00:00 AM,FOLLOWING TOO CLOSELY,FOLLOWING TOO CLOSELY,3948,S,HALSTED ST,925,,,,,,,2,NO INDICATION OF INJURY,0,0,0,0,0,3,0,16,3,8,41.822042703,-87.6460330243,POINT (-87.646033024334 41.822042703043)
5e44751fc82beb62d264229839f64c8fe4047b701d4c45c5df13d7c55610c350837fe0cf4129e23ab12c6fbc888161bc672304cb8c9005005cf5183a89129383,,08/26/2025 04:39:00 PM,30,TRAFFIC SIGNAL,FUNCTIONING PROPERLY,CLEAR,DAYLIGHT,TURNING,FOUR WAY,,STRAIGHT AND LEVEL,DRY,NO DEFECTS,,INJURY AND / OR TOW DUE TO CRASH,N,,,"OVER $1,500",08/26/2025 04:39:00 PM,UNABLE TO DETERMINE,UNABLE TO DETERMINE,200,N,SACRAMENTO BLVD,1222,,,,,,,2,NO INDICATION OF INJURY,0,0,0,0,0,2,0,16,3,8,41.8841425185,-87.7014398939,POINT (-87.701439893865 41.884142518545)
0507d999fbe32c89ad27e3a5615e4c51d74342e0952ea864d201fa8807010d795bae5d232f412c872bddbbe6c51caf6aaa97e184f2468c6a3cd0c197d2212a62,Y,08/26/2025 04:35:00 PM,30,NO CONTROLS,NO CONTROLS,CLEAR,DAYLIGHT,TURNING,NOT DIVIDED,,STRAIGHT AND LEVEL,DRY,NO DEFECTS,ON SCENE,NO INJURY / DRIVE AWAY,,,Y,"$501 - $1,500",08/26/2025 04:42:00 PM,UNABLE TO DETERMINE,UNABLE TO DETERMINE,404,E,87TH ST,632,,,,,,,2,NO INDICATION OF INJURY,0,0,0,0,0,2,0,16,3,8,41.7366164915,-87.6142779811,POINT (-87.61427798113 41.736616491482)
6a984845886211c4b0e89c164b41310921a03bfb91d5b1cf2fcd7677a77ee8ff1cccea2422a7816cab7bf157360119767bee569a2e17e86cb014e597735c2ac9,,08/26/2025 04:33:00 PM,30,NO CONTROLS,NO CONTROLS,CLEAR,DAYLIGHT,PARKED MOTOR VEHICLE,NOT DIVIDED,,STRAIGHT AND LEVEL,DRY,NO DEFECTS,ON SCENE,NO INJURY / DRIVE AWAY,,,,"OVER $1,500",08/26/2025 04:33:00 PM,RELATED TO BUS STOP,DRIVING SKILLS/KNOWLEDGE/EXPERIENCE,9498,S,HALSTED ST,2223,,,,,,,2,NO INDICATION OF INJURY,0,0,0,0,0,1,0,16,3,8,41.7215344279,-87.6433619172,POINT (-87.643361917193 41.721534427876)
abf73f2b30036dcd9c5ee881bbe8f2232dc82d3f03f9939e0a9bcc91bdf85fd3bda2dc8a1c71f40b9cc84ff8304a71b784b7e78b954d5c43d31d4a2fa0c84549,,08/26/2025 04:30:00 PM,30,TRAFFIC SIGNAL,FUNCTIONING PROPERLY,CLEAR,DAWN,TURNING,CENTER TURN LANE,,STRAIGHT AND LEVEL,DRY,NO DEFECTS,NOT ON SCENE (DESK REPORT),NO INJURY / DRIVE AWAY,,,,"OVER $1,500",08/26/2025 05:10:00 PM,FAILING TO YIELD RIGHT-OF-WAY,UNABLE TO DETERMINE,932,S,ASHLAND AVE,1231,,,,,,,2,NO INDICATION OF INJURY,0,0,0,0,0,3,0,16,3,8,41.8694871763,-87.6666138038,POINT (-87.666613803762 41.869487176267)
cc303e8a6d1072ead85a7298bff640f79e953c17c0ef5e594186621441a1cb559de946025bc3e8eb6dcc274ae17a186a09e72f31b282a4a3aa9b35bfb3b26a78,,08/26/2025 04:30:00 PM,25,NO CONTROLS,NO CONTROLS,CLEAR,DAYLIGHT,PARKED MOTOR VEHICLE,PARKING LOT,,STRAIGHT AND LEVEL,DRY,NO DEFECTS,NOT ON SCENE (DESK REPORT),NO INJURY / DRIVE AWAY,,Y,,"OVER $1,500",08/27/2025 02:00:00 PM,UNABLE TO DETERMINE,UNABLE TO DETERMINE,3948,W,CERMAK RD,1014,,,,,,,2,NO INDICATION OF INJURY,0,0,0,0,0,1,0,16,3,8,41.8516650785,-87.7242117963,POINT (-87.724211796343 41.851665078528)
48b731432859f98e3eae8945d831a992356ed2a2fbf3fc3e00e5fb75ada456503a5c1ea094aa924e90e2800c5c268d9d169311b96def8af12ff29fb02038e7c2,,08/26/2025 04:27:00 PM,30,NO CONTROLS,NO CONTROLS,CLEAR,DAYLIGHT,TURNING,FOUR WAY,,STRAIGHT AND LEVEL,DRY,NO DEFECTS,ON SCENE,INJURY AND / OR TOW DUE TO CRASH,Y,,,"OVER $1,500",08/26/2025 04:27:00 PM,IMPROPER TURNING/NO SIGNAL,RELATED TO BUS STOP,1600,S,PULASKI RD,1012,,Y,,,,,2,INCAPACITATING INJURY,2,0,1,1,0,2,0,16,3,8,41.858775158,-87.7250995851,POINT (-87.725099585109 41.85877515798)
276be609fb3e59ea9cfdc6b8b6d240afdc9e4561405742e22bea917d72e89851401104026a19118d3c539ae99b3547fb3c9ed74dc5dae70c75e3d20e0f117d18,,08/26/2025 04:23:00 PM,35,NO CONTROLS,NO CONTROLS,CLEAR,DAYLIGHT,PARKED MOTOR VEHICLE,NOT DIVIDED,,STRAIGHT AND LEVEL,DRY,NO DEFECTS,ON SCENE,NO INJURY / DRIVE AWAY,,,,$500 OR LESS,08/26/2025 04:24:00 PM,IMPROPER LANE USAGE,NOT APPLICABLE,4226,W,OGDEN AVE,1013,,,,,,,2,NO INDICATION OF INJURY,0,0,0,0,0,1,0,16,3,8,41.8491267503,-87.7306460246,POINT (-87.730646024588 41.849126750323)
5491c2e9a6eabd5834b4f30180098bd35e950970150df7972f9e4f431d56aeba7681a8654c9fb17d73b3a8e66c561ab22ca2c017b8751ef38cfd692532cf8588,,08/26/2025 04:18:00 PM,30,TRAFFIC SIGNAL,FUNCTIONING PROPERLY,CLEAR,DAYLIGHT,ANGLE,FOUR WAY,,STRAIGHT AND LEVEL,DRY,NO DEFECTS,ON SCENE,INJURY AND / OR TOW DUE TO CRASH,Y,,,"OVER $1,500",08/26/2025 04:18:00 PM,DISREGARDING TRAFFIC SIGNALS,UNABLE TO DETERMINE,3356,W,POLK ST,1134,,,,,,,2,NO INDICATION OF INJURY,0,0,0,0,0,4,0,16,3,8,41.8710101675,-87.7104921642,POINT (-87.710492164159 41.871010167519)
201820357aac44b06eb0d5471bc699e1600dd6e30af264298eca5549cdb6fa8c9a807c8d5d816a69cfb1450bb43fe59d28e189d64cc0a3a3c93ff125e9e94b8b,,08/26/2025 04:15:00 PM,25,NO CONTROLS,NO CONTROLS,CLEAR,DAYLIGHT,PARKED MOTOR VEHICLE,NOT DIVIDED,,STRAIGHT AND LEVEL,DRY,NO DEFECTS,ON SCENE,NO INJURY / DRIVE AWAY,,,,$500 OR LESS,08/26/2025 04:20:00 PM,UNABLE TO DETERMINE,NOT APPLICABLE,6229,S,LAWNDALE AVE,823,,,,,,,2,NO INDICATION OF INJURY,0,0,0,0,0,1,0,16,3,8,41.7797327616,-87.7152798028,POINT (-87.715279802846 41.779732761585)