CRASH_RECORD_ID,CRASH_DATE_EST_I,CRASH_DATE,POSTED_SPEED_LIMIT,TRAFFIC_CONTROL_DEVICE,DEVICE_CONDITION,WEATHER_CONDITION,LIGHTING_CONDITION,FIRST_CRASH_TYPE,TRAFFICWAY_TYPE,LANE_CNT,ALIGNMENT,ROADWAY_SURFACE_COND,ROAD_DEFECT,REPORT_TYPE,CRASH_TYPE,INTERSECTION_RELATED_I,NOT_RIGHT_OF_WAY_I,HIT_AND_RUN_I,DAMAGE,DATE_POLICE_NOTIFIED,PRIM_CONTRIBUTORY_CAUSE,SEC_CONTRIBUTORY_CAUSE,STREET_NO,STREET_DIRECTION,STREET_NAME,BEAT_OF_OCCURRENCE,PHOTOS_TAKEN_I,STATEMENTS_TAKEN_I,DOORING_I,WORK_ZONE_I,WORK_ZONE_TYPE,WORKERS_PRESENT_I,NUM_UNITS,MOST_SEVERE_INJURY,INJURIES_TOTAL,INJURIES_FATAL,INJURIES_INCAPACITATING,INJURIES_NON_INCAPACITATING,INJURIES_REPORTED_NOT_EVIDENT,INJURIES_NO_INDICATION,INJURIES_UNKNOWN,CRASH_HOUR,CRASH_DAY_OF_WEEK,CRASH_MONTH,LATITUDE,LONGITUDE,LOCATION
caa8afd5de5a0f56eb85d103dafbc4c749af5f123c58e27292abea030c44546ee56564c7d4b9b3a20f41b9ad35a945fd543564030c2f53957a47bdb10a797370,,08/26/2025 04:15:00 PM,30,NO CONTROLS,NO CONTROLS,CLEAR,DAYLIGHT,SIDESWIPE SAME DIRECTION,ONE-WAY,,STRAIGHT AND LEVEL,DRY,NO DEFECTS,NOT ON SCENE (DESK REPORT),NO INJURY / DRIVE AWAY,,,,"OVER $1,500",08/26/2025 04:31:00 PM,FAILING TO YIELD RIGHT-OF-WAY,FOLLOWING TOO CLOSELY,1600,W,VAN BUREN ST,1231,,,,,,,2,NO INDICATION OF INJURY,0,0,0,0,0,3,0,16,3,8,41.8764609273,-87.6667076507,POINT (-87.666707650735 41.876460927341)
0a025411000f711caf25acada126be40c429e66a73eaa65e30237d65091ab496dfcc2717ac29a55fa9093a6b673be67724dc8787e64d514495cbec4a52f34c3a,,08/26/2025 04:10:00 PM,35,STOP SIGN/FLASHER,FUNCTIONING PROPERLY,CLEAR,DAYLIGHT,REAR END,FOUR WAY,,STRAIGHT AND LEVEL,DRY,NO DEFECTS,ON SCENE,INJURY AND / OR TOW DUE TO CRASH,Y,,,"OVER $1,500",08/26/2025 04:18:00 PM,FAILING TO REDUCE SPEED TO AVOID CRASH,NOT APPLICABLE,2226,N,SACRAMENTO AVE,1414,,,,,,,2,"REPORTED, NOT EVIDENT",2,0,0,0,2,1,0,16,3,8,41.922338591,-87.7023789825,POINT (-87.702378982495 41.922338591006)
8705a9a69d2dc0e9b012109c0f91ddcbb35ec6032d25d79e97e0ee6822370ca7e771c99c281dbbea6d46fc66a45acca2239b3bd111bac1c1d1ec578073572651,,08/26/2025 04:10:00 PM,30,STOP SIGN/FLASHER,FUNCTIONING PROPERLY,CLEAR,DAYLIGHT,ANGLE,FOUR WAY,,STRAIGHT AND LEVEL,DRY,NO DEFECTS,NOT ON SCENE (DESK REPORT),NO INJURY / DRIVE AWAY,Y,,,"OVER $1,500",08/28/2025 03:00:00 PM,DRIVING SKILLS/KNOWLEDGE/EXPERIENCE,UNABLE TO DETERMINE,5100,S,KEELER AVE,815,,,,,,,2,NO INDICATION OF INJURY,0,0,0,0,0,3,0,16,3,8,41.8003989305,-87.7284148596,POINT (-87.728414859614 41.800398930524)
e9404ebc3528f5c937a94953b685e1cc4a4ee93d09c94b19d5a2d8ba6899eb7ee8137de4ac829cc530316e7952756442630df6f5d9bbed45afbcd3a1b87f1f52,,08/26/2025 04:10:00 PM,0,NO CONTROLS,NO CONTROLS,CLEAR,DAYLIGHT,PARKED MOTOR VEHICLE,OTHER,,STRAIGHT AND LEVEL,DRY,NO DEFECTS,NOT ON SCENE (DESK REPORT),NO INJURY / DRIVE AWAY,,Y,,"OVER $1,500",08/27/2025 11:12:00 AM,UNABLE TO DETERMINE,UNABLE TO DETERMINE,4900,S,PULASKI RD,815,,,,,,,2,,,,,,,,,16,3,8,41.8041103589,-87.7236234138,POINT (-87.723623413779 41.804110358929)
c53d7277d48a42f663ee91a92d760e6e153a05d4c40768555f8099be8e5fd67b065a26a1fc75529c08a93531204b189be31b56f4dd44d9ecc02afbb9acdff59c,,08/26/2025 04:09:00 PM,30,OTHER,OTHER,CLEAR,DAYLIGHT,PEDESTRIAN,OTHER,,STRAIGHT AND LEVEL,DRY,UNKNOWN,ON SCENE,INJURY AND / OR TOW DUE TO CRASH,,,,"OVER $1,500",08/26/2025 04:10:00 PM,DRIVING SKILLS/KNOWLEDGE/EXPERIENCE,UNABLE TO DETERMINE,2744,W,41ST ST,921,,,,,,,2,"REPORTED, NOT EVIDENT",1,0,0,0,1,1,0,16,3,8,41.8193975503,-87.6940437451,POINT (-87.694043745124 41.819397550319)
6900c015149b7b27fe43cba41f5ebd87a820f4ee00792038226778e27147d81892cda0ee20e915a097907510d0d87c705fa471ba826e6ff4aee1d065c06947f4,,08/26/2025 04:05:00 PM,30,TRAFFIC SIGNAL,FUNCTIONING PROPERLY,CLEAR,DAYLIGHT,TURNING,FOUR WAY,,STRAIGHT AND LEVEL,DRY,NO DEFECTS,ON SCENE,INJURY AND / OR TOW DUE TO CRASH,Y,,,"OVER $1,500",08/26/2025 04:05:00 PM,UNABLE TO DETERMINE,UNABLE TO DETERMINE,5947,S,COTTAGE GROVE AVE,235,,,,,,,2,NO INDICATION OF INJURY,0,0,0,0,0,3,0,16,3,8,41.7863900147,-87.6058971994,POINT (-87.605897199441 41.786390014667)
a1265591f44047a6a82675c389e2967a82d50ad8ccdb70be82eb93c3e3f5afbc83ed0c20ea33209f5243605a30c05b1d76fc82343065c2f38ead89110d9e6152,,08/26/2025 04:02:00 PM,30,TRAFFIC SIGNAL,FUNCTIONING PROPERLY,CLEAR,DAYLIGHT,REAR END,NOT DIVIDED,,STRAIGHT AND LEVEL,UNKNOWN,UNKNOWN,NOT ON SCENE (DESK REPORT),NO INJURY / DRIVE AWAY,,,,"OVER $1,500",08/26/2025 04:42:00 PM,UNABLE TO DETERMINE,NOT APPLICABLE,3201,W,DEVON AVE,2413,,,,,,,3,NO INDICATION OF INJURY,0,0,0,0,0,3,0,16,3,8,41.9972784744,-87.7094073572,POINT (-87.709407357178 41.997278474417)
f53093e4dbb240ac0455dcd7afb3e1e03434533ddca0399aa1c7937ec4c38d59876bc6b27b609815955b18fdf226d97ca491e901030c2ef13d0e50e6075404b3,,08/26/2025 04:02:00 PM,15,NO CONTROLS,NO CONTROLS,CLEAR,DAYLIGHT,REAR TO SIDE,PARKING LOT,,STRAIGHT AND LEVEL,DRY,NO DEFECTS,ON SCENE,NO INJURY / DRIVE AWAY,,Y,,$500 OR LESS,08/26/2025 04:10:00 PM,"VISION OBSCURED (SIGNS, TREE LIMBS, BUILDINGS, ETC.)",NOT APPLICABLE,1101,S,CANAL ST,124,,,,,,,2,NO INDICATION OF INJURY,0,0,0,0,0,6,0,16,3,8,41.8688897111,-87.6390989281,POINT (-87.639098928088 41.868889711112)
283481ffaa4a63e377b534425b005dda8dff87e1ce3443cde97d05a4036ab8bcd77aa3b5d6e6e220d92b446b4a261d6ad146a9caf9aafec4fb50cdd12dbc6468,,08/26/2025 04:00:00 PM,20,NO CONTROLS,NO CONTROLS,CLEAR,UNKNOWN,PARKED MOTOR VEHICLE,NOT DIVIDED,,STRAIGHT AND LEVEL,DRY,UNKNOWN,ON SCENE,INJURY AND / OR TOW DUE TO CRASH,,,Y,"OVER $1,500",08/26/2025 06:40:00 PM,UNABLE TO DETERMINE,NOT APPLICABLE,1530,W,LE MOYNE ST,1433,,,,,,,2,NO INDICATION OF INJURY,0,0,0,0,0,1,0,16,3,8,41.908944237,-87.6663627479,POINT (-87.66636274787 41.908944236962)
3d87bf153c3a476f6d4b89b33070623c42a4f71bdd277f8c41d51655eff1178fbc429e38bf6bc3c068d7daad554a7f9c8043d369165546e052d841896912966b,,08/26/2025 04:00:00 PM,30,NO CONTROLS,NO CONTROLS,CLEAR,DUSK,REAR END,NOT DIVIDED,,STRAIGHT AND LEVEL,DRY,NO DEFECTS,NOT ON SCENE (DESK REPORT),INJURY AND / OR TOW DUE TO CRASH,,,,"OVER $1,500",08/26/2025 05:24:00 PM,UNABLE TO DETERMINE,NOT APPLICABLE,2702,W,47TH ST,922,,,,,,,2,NONINCAPACITATING INJURY,1,0,0,1,0,1,0,16,3,8,41.8084275742,-87.6919119773,POINT (-87.691911977331 41.808427574199)
53bb7f8af568c98374427427e9262b7ff969ecd177006aef0763b98d44a11e3e1f890bfc204114178e6c89bbc27c4c902a4541183345bef113d429166316221c,,08/26/2025 04:00:00 PM,15,UNKNOWN,UNKNOWN,UNKNOWN,UNKNOWN,PARKED MOTOR VEHICLE,PARKING LOT,,STRAIGHT AND LEVEL,UNKNOWN,UNKNOWN,NOT ON SCENE (DESK REPORT),NO INJURY / DRIVE AWAY,,Y,Y,"OVER $1,500",08/26/2025 08:00:00 PM,UNABLE TO DETERMINE,UNABLE TO DETERMINE,2730,N,HALSTED ST,1935,,,,,,,2,NO INDICATION OF INJURY,0,0,0,0,0,1,0,16,3,8,41.9324600354,-87.6491496097,POINT (-87.649149609658 41.9324600354)
7faeaf47bde7ab6ca2963dcae119f8fd92aa734ee65b7678abc685f8bdfb35761e436c611961c3a7d5d63205806097ea73b02a9ecb3a86febab67c6985ac8dc8,,08/26/2025 04:00:00 PM,30,TRAFFIC SIGNAL,FUNCTIONING PROPERLY,CLEAR,DAYLIGHT,SIDESWIPE SAME DIRECTION,NOT DIVIDED,,STRAIGHT AND LEVEL,DRY,NO DEFECTS,NOT ON SCENE (DESK REPORT),NO INJURY / DRIVE AWAY,,,Y,"OVER $1,500",08/27/2025 08:15:00 AM,UNABLE TO DETERMINE,NOT APPLICABLE,2400,W,35TH ST,911,,,,,,,2,NO INDICATION OF INJURY,0,0,0,0,0,3,0,16,3,8,41.8303903161,-87.6850999234,POINT (-87.685099923426 41.830390316125)
98ef5393c75ab6e31ea32cb526ab0c751f1163d4ad22d2fb93219818b5439c0629be490c7ca59216a4c51c0210cc65693a5ad68c941e899535eba077d256ee31,,08/26/2025 04:00:00 PM,30,TRAFFIC SIGNAL,FUNCTIONING PROPERLY,CLEAR,DAYLIGHT,TURNING,NOT DIVIDED,,STRAIGHT AND LEVEL,UNKNOWN,UNKNOWN,NOT ON SCENE (DESK REPORT),NO INJURY / DRIVE AWAY,,,,"OVER $1,500",08/26/2025 07:42:00 PM,UNABLE TO DETERMINE,NOT APPLICABLE,6801,N,CALIFORNIA AVE,2411,,,,,,,2,NO INDICATION OF INJURY,0,0,0,0,0,2,0,16,3,8,42.00489635,-87.6996823244,POINT (-87.699682324441 42.004896350012)
ae30b92a74c4d56dc36fe930b00244f9c9a4c576642a76e2726c80b6c3fecf127f6c5c50cc70372cb6ad3f757f4a0fd7fd27443c1dc757e32b0b8babe3e7ebd6,,08/26/2025 04:00:00 PM,25,TRAFFIC SIGNAL,FUNCTIONING PROPERLY,UNKNOWN,DAYLIGHT,ANGLE,FOUR WAY,,STRAIGHT AND LEVEL,UNKNOWN,UNKNOWN,NOT ON SCENE (DESK REPORT),NO INJURY / DRIVE AWAY,Y,,,"OVER $1,500",08/26/2025 07:10:00 PM,DISREGARDING TRAFFIC SIGNALS,NOT APPLICABLE,4100,W,MADISON ST,1115,,,,,,,2,NO INDICATION OF INJURY,0,0,0,0,0,2,0,16,3,8,41.8808041582,-87.7282444217,POINT (-87.728244421697 41.880804158177)
d04b0e8d16d0b7829535759ab1d682005300ab276a0cbb90b6bb5493fe29e61beaab6fde825b787d6db987074a596e24887ad5f2fe4db7cd043096ef0e707aca,,08/26/2025 04:00:00 PM,35,NO CONTROLS,NO CONTROLS,CLEAR,DAYLIGHT,OTHER OBJECT,DIVIDED - W/MEDIAN BARRIER,,STRAIGHT AND LEVEL,DRY,NO DEFECTS,ON SCENE,INJURY AND / OR TOW DUE TO CRASH,,,,"$501 - $1,500",08/26/2025 04:00:00 PM,IMPROPER OVERTAKING/PASSING,IMPROPER LANE USAGE,756,N,WESTERN AVE,1221,,,,,,,2,INCAPACITATING INJURY,1,0,1,0,0,1,0,16,3,8,41.8956320522,-87.6869868676,POINT (-87.686986867606 41.895632052158)
d55e6b6817c50011e5d58d1dfdc92fd1ab22f15c90d2e000c7fc39d1de296ddc18524b536e7a7fe83d0a930648981c4b992d74a08f045d03c8c566181369039e,,08/26/2025 04:00:00 PM,30,NO CONTROLS,NO CONTROLS,CLEAR,DAYLIGHT,PARKED MOTOR VEHICLE,NOT DIVIDED,,STRAIGHT AND LEVEL,DRY,UNKNOWN,NOT ON SCENE (DESK REPORT),NO INJURY / DRIVE AWAY,,,Y,"OVER $1,500",08/26/2025 07:37:00 PM,NOT APPLICABLE,IMPROPER OVERTAKING/PASSING,431,N,LARAMIE AVE,1532,,,,,,,2,NO INDICATION OF INJURY,0,0,0,0,0,1,0,16,3,8,41.8887205087,-87.7552253308,POINT (-87.755225330825 41.888720508736)
ee3976561159a6c99258e6fb7387cd54c28aa93925e502cae15a747ad56edb320ce63387aaf949a1466ce581a7b0b4a0fc2b753afff204404d4459ba079112c2,,08/26/2025 04:00:00 PM,30,NO CONTROLS,NO CONTROLS,CLEAR,DAYLIGHT,PARKED MOTOR VEHICLE,ONE-WAY,,STRAIGHT AND LEVEL,DRY,NO DEFECTS,NOT ON SCENE (DESK REPORT),NO INJURY / DRIVE AWAY,,,,"OVER $1,500",08/27/2025 04:40:00 PM,DRIVING SKILLS/KNOWLEDGE/EXPERIENCE,UNABLE TO DETERMINE,8700,S,WINCHESTER AVE,2221,,,,,,,2,NO INDICATION OF INJURY,0,0,0,0,0,1,0,16,3,8,41.735576101,-87.6710857089,POINT (-87.671085708917 41.735576101047)
cce23ee1be897c2bbaa8adf0787fa7c3fda7c91af455416d19a40f57053327c5bd51f2ebe2f739bec76db62662cb56241764e13975a01b28d1eb039c29d71092,,08/26/2025 03:58:00 PM,30,NO CONTROLS,NO CONTROLS,CLEAR,DAYLIGHT,SIDESWIPE SAME DIRECTION,NOT DIVIDED,,STRAIGHT AND LEVEL,DRY,NO DEFECTS,NOT ON SCENE (DESK REPORT),NO INJURY / DRIVE AWAY,,,,"OVER $1,500",08/26/2025 04:30:00 PM,UNABLE TO DETERMINE,UNABLE TO DETERMINE,1750,S,ASHLAND AVE,1234,,,,,,,2,NO INDICATION OF INJURY,0,0,0,0,0,3,0,15,3,8,41.8578353731,-87.6662869258,POINT (-87.666286925811 41.857835373074)
0dc2269b259366164699834f39d8593ed8c498da2f392da1494c354102734b8d304e2f3e0f8005049877a51c942240baf671ba88814da9fc1838071cf9ad226b,,08/26/2025 03:40:00 PM,30,NO CONTROLS,NO CONTROLS,CLEAR,DAYLIGHT,PARKED MOTOR VEHICLE,NOT DIVIDED,,STRAIGHT AND LEVEL,DRY,NO DEFECTS,NOT ON SCENE (DESK REPORT),NO INJURY / DRIVE AWAY,,,Y,"OVER $1,500",08/26/2025 04:10:00 PM,UNABLE TO DETERMINE,UNABLE TO DETERMINE,2424,W,FILLMORE ST,1135,,,,,,,2,NO INDICATION OF INJURY,0,0,0,0,0,1,0,15,3,8,41.8685297751,-87.6871177293,POINT (-87.687117729329 41.868529775138)
4688eb3b9334ee0949715fb62e8e5e562b54a013ad65ecc7258c0aefab4ecdfe9aace8c9776145a32442cd39fa74aa99ccf3014969ca1567a7272aca5fbcf38f,,08/26/2025 03:40:00 PM,30,NO CONTROLS,NO CONTROLS,UNKNOWN,DAYLIGHT,PARKED MOTOR VEHICLE,NOT DIVIDED,,STRAIGHT AND LEVEL,UNKNOWN,UNKNOWN,NOT ON SCENE (DESK REPORT),NO INJURY / DRIVE AWAY,,,,"$501 - $1,500",08/26/2025 05:30:00 PM,UNABLE TO DETERMINE,NOT APPLICABLE,6121,N,HAMILTON AVE,2413,,,,,,,2,NO INDICATION OF INJURY,0,0,0,0,0,3,0,15,3,8,41.9924870832,-87.6834127482,POINT (-87.683412748236 41.992487083237)
d7e9e234997f6c0def40fb37856f43ddf35625e652f1f00b3957075f5575c0b0dc222ef927f2a620b32e56808d1112bb3dbc027619487a32c632ef0d29f8efd4,,08/26/2025 03:40:00 PM,25,STOP SIGN/FLASHER,FUNCTIONING PROPERLY,CLEAR,DAYLIGHT,REAR END,NOT DIVIDED,,STRAIGHT AND LEVEL,DRY,NO DEFECTS,ON SCENE,INJURY AND / OR TOW DUE TO CRASH,,,,"OVER $1,500",08/26/2025 03:40:00 PM,FOLLOWING TOO CLOSELY,FAILING TO REDUCE SPEED TO AVOID CRASH,808,S,HOMAN AVE,1133,,,,,,,3,NO INDICATION OF INJURY,0,0,0,0,0,3,0,15,3,8,41.8705843925,-87.7108246732,POINT (-87.710824673239 41.870584392498)
92576a88f61c1dff86404100e904d3110c8b92c2dd9ae075f312dbeb854aef7f08946243ac60034d952c2fcb30ab93a8fad7e423621c9edb5d5c4a10439ab774,,08/26/2025 03:35:00 PM,30,TRAFFIC SIGNAL,FUNCTIONING PROPERLY,CLEAR,DAYLIGHT,SIDESWIPE SAME DIRECTION,DIVIDED - W/MEDIAN (NOT RAISED),,STRAIGHT AND LEVEL,DRY,NO DEFECTS,ON SCENE,NO INJURY / DRIVE AWAY,,,Y,"OVER $1,500",08/26/2025 03:41:00 PM,IMPROPER OVERTAKING/PASSING,UNABLE TO DETERMINE,5202,N,CLARK ST,2012,,,,,,,2,NO INDICATION OF INJURY,0,0,0,0,0,2,0,15,3,8,41.9762986913,-87.6685704128,POINT (-87.668570412765 41.976298691267)
d1c3bb571a0aab5a86dea1376b44e324c05afa6cc7ffdd099c2d9d0f843c8828558df2a544b8ee79fcf1653ee0df1a8c6b4d521d8102c3272a79319fa715920a,Y,08/26/2025 03:32:00 PM,20,NO CONTROLS,NO CONTROLS,CLEAR,DAYLIGHT,PARKED MOTOR VEHICLE,NOT DIVIDED,,STRAIGHT AND LEVEL,DRY,NO DEFECTS,,INJURY AND / OR TOW DUE TO CRASH,,,,"OVER $1,500",08/26/2025 03:37:00 PM,PHYSICAL CONDITION OF DRIVER,FAILING TO REDUCE SPEED TO AVOID CRASH,5010,W,CARMEN AVE,1623,,,,,,,2,"REPORTED, NOT EVIDENT",1,0,0,0,1,1,0,15,3,8,41.973548361,-87.7533918414,POINT (-87.753391841378 41.973548361035)
2f122a0c618b95ade52c1a24ca3faea5546ef74ad15bd9e4772a54726781f78fbce1d130a46a533d51a8b4ee16f2bbaaf2e7cc507e2268eb90b358e4da9917af,,08/26/2025 03:30:00 PM,30,UNKNOWN,UNKNOWN,CLEAR,DAYLIGHT,PARKED MOTOR VEHICLE,ALLEY,,STRAIGHT AND LEVEL,UNKNOWN,UNKNOWN,NOT ON SCENE (DESK REPORT),NO INJURY / DRIVE AWAY,,Y,Y,"OVER $1,500",08/26/2025 04:40:00 PM,UNABLE TO DETERMINE,UNABLE TO DETERMINE,151,N,STATE ST,111,,,,,,,2,NO INDICATION OF INJURY,0,0,0,0,0,1,0,15,3,8,41.8845243618,-87.627764549,POINT (-87.627764548957 41.884524361763)
9133b1df76b6b54bca67a59affe6002f59d6b8b485633d30aa2a611897fdb1195a98128e5133f23b51e6605e14a45d9c5b6d712ceea0366aa8c90e7bbbc0d308,,08/26/2025 03:30:00 PM,30,STOP SIGN/FLASHER,FUNCTIONING PROPERLY,CLEAR,DAYLIGHT,REAR END,FOUR WAY,,STRAIGHT AND LEVEL,DRY,NO DEFECTS,NOT ON SCENE (DESK REPORT),NO INJURY / DRIVE AWAY,,,,$500 OR LESS,08/26/2025 04:00:00 PM,FAILING TO YIELD RIGHT-OF-WAY,FOLLOWING TOO CLOSELY,11298,S,AVENUE M,433,,,,,,,2,NO INDICATION OF INJURY,0,0,0,0,0,2,0,15,3,8,41.6901247348,-87.5378414758,POINT (-87.537841475781 41.690124734843)
cef116deeb234c49d60166886a0e19104a95dffc98cef46439f8c330f9ebea5e3bbead6caa96ce94ec6485fcbf27f56b3ba4fa0d04352058a8caac522aa1d0b0,,08/26/2025 03:30:00 PM,30,TRAFFIC SIGNAL,FUNCTIONING PROPERLY,CLEAR,DAYLIGHT,SIDESWIPE SAME DIRECTION,NOT DIVIDED,,STRAIGHT AND LEVEL,DRY,NO DEFECTS,NOT ON SCENE (DESK REPORT),NO INJURY / DRIVE AWAY,,,Y,"OVER $1,500",08/26/2025 04:50:00 PM,IMPROPER LANE USAGE,UNABLE TO DETERMINE,1957,E,87TH ST,412,,,,,,,2,NO INDICATION OF INJURY,0,0,0,0,0,2,0,15,3,8,41.7369441865,-87.5758601454,POINT (-87.575860145366 41.736944186452)
ee4fc740a9defda76cb3b1992d3e5e3be11999b6eb3d7bf7ef946e17b2b03b62ef74b31e312ad5700420afb3ea4672d366c1dd7d8a744b4ad04e92737416dab7,,08/26/2025 03:30:00 PM,30,UNKNOWN,UNKNOWN,CLEAR,DAYLIGHT,REAR END,NOT DIVIDED,,STRAIGHT AND LEVEL,UNKNOWN,UNKNOWN,NOT ON SCENE (DESK REPORT),NO INJURY / DRIVE AWAY,,,,"OVER $1,500",08/26/2025 05:40:00 PM,UNABLE TO DETERMINE,UNABLE TO DETERMINE,4231,N,NARRAGANSETT AVE,1624,,,,,,,2,NO INDICATION OF INJURY,0,0,0,0,0,2,0,15,3,8,41.9574649252,-87.7865864144,POINT (-87.786586414353 41.957464925199)
f3d5d3324e8b4520b372ba6243d4b0cde8b170cdb35304916198a7d9396f1dd3fe1944fa3d1bc2b741ca01f8ebd1a524e7be1ea21b06002bba185e6e8aa8c3b2,,08/26/2025 03:30:00 PM,30,UNKNOWN,UNKNOWN,CLEAR,UNKNOWN,PARKED MOTOR VEHICLE,UNKNOWN,,STRAIGHT AND LEVEL,UNKNOWN,UNKNOWN,NOT ON SCENE (DESK REPORT),NO INJURY / DRIVE AWAY,,,Y,"OVER $1,500",08/27/2025 02:30:00 PM,UNABLE TO DETERMINE,UNABLE TO DETERMINE,1139,W,BRYN MAWR AVE,2023,,,,,,,2,NO INDICATION OF INJURY,0,0,0,0,0,1,0,15,3,8,41.9835197076,-87.6596385603,POINT (-87.659638560252 41.983519707582)
59534ef29566a19ac94b72241c98fadaffdbe74bc1ab7ec6f7c34d99f38b3fc699d3700949ca509e11f55d460743512a210b120499060c03a2df4730db2cbf95,,08/26/2025 03:27:00 PM,15,NO CONTROLS,NO CONTROLS,UNKNOWN,DAYLIGHT,PARKED MOTOR VEHICLE,PARKING LOT,,STRAIGHT AND LEVEL,UNKNOWN,UNKNOWN,NOT ON SCENE (DESK REPORT),NO INJURY / DRIVE AWAY,,Y,Y,"$501 - $1,500",08/26/2025 04:45:00 PM,UNABLE TO DETERMINE,NOT APPLICABLE,4058,W,PETERSON AVE,1711,,,,,,,2,NO INDICATION OF INJURY,0,0,0,0,0,2,0,15,3,8,41.9902164701,-87.7309580196,POINT (-87.730958019598 41.990216470093)
0865118d787093952c6acbf24009575c018350160b9dc3b74a72b1ac7043c1f596c8645448fd05ddc56704d7ba3356f1bfca828484facf83fda03fdb3be6edfc,,08/26/2025 03:23:00 PM,30,TRAFFIC SIGNAL,FUNCTIONING PROPERLY,CLEAR,DAYLIGHT,ANGLE,FOUR WAY,,STRAIGHT AND LEVEL,DRY,NO DEFECTS,ON SCENE,INJURY AND / OR TOW DUE TO CRASH,Y,,,"OVER $1,500",08/26/2025 03:23:00 PM,DISREGARDING TRAFFIC SIGNALS,DISREGARDING TRAFFIC SIGNALS,2000,N,LARAMIE AVE,2515,,,,,,,2,"REPORTED, NOT EVIDENT",1,0,0,0,1,2,0,15,3,8,41.9170173669,-87.7560873395,POINT (-87.756087339467 41.917017366937)
b438b4973641780ac50fbac4a31b4ff7eeb0d700d6e77dee9af7f4a977a316d15a64955bacbee1621ffb1cfb93062500ae881755fe5cbf1515384d92602b45f7,,08/26/2025 03:15:00 PM,30,NO CONTROLS,NO CONTROLS,CLEAR,DAYLIGHT,PARKED MOTOR VEHICLE,NOT DIVIDED,,STRAIGHT AND LEVEL,DRY,NO DEFECTS,NOT ON SCENE (DESK REPORT),NO INJURY / DRIVE AWAY,,,,"$501 - $1,500",08/27/2025 03:45:00 PM,FAILING TO YIELD RIGHT-OF-WAY,UNABLE TO DETERMINE,3837,E,106TH ST,432,,,,,,,2,NO INDICATION OF INJURY,0,0,0,0,0,2,0,15,3,8,41.7025966355,-87.5302249826,POINT (-87.530224982569 41.702596635531)
4f63085a6aebe8ed8d8032fa2d6bba724c034b6c8a03da6c0d13bf8bdabf1c6f1f10f241cc5c1251077a4fc8b75053c35b1fa367ed69bc102f396a02d7b880c1,,08/26/2025 03:10:00 PM,30,NO CONTROLS,NO CONTROLS,CLEAR,DAYLIGHT,OTHER OBJECT,DIVIDED - W/MEDIAN (NOT RAISED),,STRAIGHT AND LEVEL,DRY,NO DEFECTS,NOT ON SCENE (DESK REPORT),INJURY AND / OR TOW DUE TO CRASH,,,,"OVER $1,500",08/29/2025 01:30:00 PM,FAILING TO YIELD RIGHT-OF-WAY,DISREGARDING ROAD MARKINGS,1510,S,WABASH AVE,131,,,,,,,2,NONINCAPACITATING INJURY,1,0,0,1,0,1,0,15,3,8,41.8615830762,-87.6258423139,POINT (-87.625842313906 41.861583076176)
1a13aa088a291cc5d77a1deeb1ea9fa6e25bbf863e4921680ea3b0ed444ccb243b8d88da5f1838546073685a726be7ea7792d0cdafb5c158a5bd13c324d2a479,,08/26/2025 03:05:00 PM,55,NO CONTROLS,NO CONTROLS,CLEAR,DAYLIGHT,OTHER OBJECT,DIVIDED - W/MEDIAN (NOT RAISED),,STRAIGHT AND LEVEL,DRY,NO DEFECTS,NOT ON SCENE (DESK REPORT),INJURY AND / OR TOW DUE TO CRASH,,,,"OVER $1,500",08/26/2025 04:00:00 PM,ROAD ENGINEERING/SURFACE/MARKING DEFECTS,NOT APPLICABLE,6400,N,MANNHEIM RD,1654,,,,,,,1,NONINCAPACITATING INJURY,2,0,0,1,1,0,0,15,3,8,41.9950770273,-87.8846894841,POINT (-87.884689484105 41.995077027267)
bff72faeb9da746bb692c80ad9e418d8a4c9cfdbcd9c35e7a4f23928895833a41fb1b6d7d49192407a89b3d2adc5bd5730e021debc3cd5e36abaf723ae823b09,,08/26/2025 03:03:00 PM,35,STOP SIGN/FLASHER,FUNCTIONING PROPERLY,CLEAR,DAYLIGHT,REAR END,DIVIDED - W/MEDIAN (NOT RAISED),,STRAIGHT AND LEVEL,DRY,UNKNOWN,NOT ON SCENE (DESK REPORT),NO INJURY / DRIVE AWAY,,,Y,"OVER $1,500",08/26/2025 04:30:00 PM,UNABLE TO DETERMINE,NOT APPLICABLE,2250,W,69TH ST,832,,,,,,,2,NO INDICATION OF INJURY,0,0,0,0,0,3,0,15,3,8,41.7684730254,-87.6806862495,POINT (-87.680686249473 41.768473025427)
df43b922a3c672eef912bd3eeb5c7c26178b298d0d3167ae0dd5e9fb5ddd08b3673e9629b12f43f4b8e5ae2e7a90b8af06b40692d19d1843ed4b15a6ae31f661,,08/26/2025 03:00:00 PM,10,NO CONTROLS,NO CONTROLS,CLEAR,DAYLIGHT,REAR TO SIDE,PARKING LOT,,STRAIGHT AND LEVEL,DRY,UNKNOWN,NOT ON SCENE (DESK REPORT),NO INJURY / DRIVE AWAY,,,,"$501 - $1,500",08/26/2025 03:35:00 PM,UNABLE TO DETERMINE,NOT APPLICABLE,3240,W,111TH ST,2211,,,,,,,2,NO INDICATION OF INJURY,0,0,0,0,0,2,0,15,3,8,41.6916563353,-87.7023968185,POINT (-87.702396818497 41.69165633528)