CRASH_RECORD_ID,CRASH_DATE_EST_I,CRASH_DATE,POSTED_SPEED_LIMIT,TRAFFIC_CONTROL_DEVICE,DEVICE_CONDITION,WEATHER_CONDITION,LIGHTING_CONDITION,FIRST_CRASH_TYPE,TRAFFICWAY_TYPE,LANE_CNT,ALIGNMENT,ROADWAY_SURFACE_COND,ROAD_DEFECT,REPORT_TYPE,CRASH_TYPE,INTERSECTION_RELATED_I,NOT_RIGHT_OF_WAY_I,HIT_AND_RUN_I,DAMAGE,DATE_POLICE_NOTIFIED,PRIM_CONTRIBUTORY_CAUSE,SEC_CONTRIBUTORY_CAUSE,STREET_NO,STREET_DIRECTION,STREET_NAME,BEAT_OF_OCCURRENCE,PHOTOS_TAKEN_I,STATEMENTS_TAKEN_I,DOORING_I,WORK_ZONE_I,WORK_ZONE_TYPE,WORKERS_PRESENT_I,NUM_UNITS,MOST_SEVERE_INJURY,INJURIES_TOTAL,INJURIES_FATAL,INJURIES_INCAPACITATING,INJURIES_NON_INCAPACITATING,INJURIES_REPORTED_NOT_EVIDENT,INJURIES_NO_INDICATION,INJURIES_UNKNOWN,CRASH_HOUR,CRASH_DAY_OF_WEEK,CRASH_MONTH,LATITUDE,LONGITUDE,LOCATION
02cdb0c1d90bb6bf7658ff3d327a456dad685b1af65bd63bb08ace9819cf4a84335f9f754469361bd7fc705cf66a9c2baa8a0a77bb53ded65fed97045823f34d,,08/26/2025 02:50:00 PM,30,NO CONTROLS,NO CONTROLS,CLEAR,DAYLIGHT,ANGLE,NOT DIVIDED,,STRAIGHT AND LEVEL,DRY,NO DEFECTS,NOT ON SCENE (DESK REPORT),NO INJURY / DRIVE AWAY,,,,"$501 - $1,500",08/26/2025 04:10:00 PM,FAILING TO YIELD RIGHT-OF-WAY,NOT APPLICABLE,2072,W,LUNT AVE,2411,,,,,,,2,NO INDICATION OF INJURY,0,0,0,0,0,2,0,14,3,8,42.0090247318,-87.682962715,POINT (-87.682962714989 42.009024731769)
08c0ef3ca91eab7c4430f9db304a3f09435000464db4aa4f9919927ac98ac7ccbdcfc9d26556f61df42c15b530a7ed22c1e36f821c20dbac983f914c5bb94c75,,08/26/2025 02:50:00 PM,30,NO CONTROLS,NO CONTROLS,CLEAR,DAYLIGHT,SIDESWIPE SAME DIRECTION,DIVIDED - W/MEDIAN (NOT RAISED),,STRAIGHT AND LEVEL,DRY,NO DEFECTS,NOT ON SCENE (DESK REPORT),INJURY AND / OR TOW DUE TO CRASH,,,,"OVER $1,500",08/26/2025 03:00:00 PM,UNABLE TO DETERMINE,UNABLE TO DETERMINE,8320,W,IRVING PARK RD,1614,,,,,,,2,"REPORTED, NOT EVIDENT",2,0,0,0,2,2,0,14,3,8,41.9521894731,-87.835167462,POINT (-87.835167462015 41.952189473065)
e85386b275a207e79df5e5fa582339d69608dca0bebdab57197f849b6e5727390d0b3a96da6c2cbf108ace7fc2f0ab52ab2587094bbffc4a37c491d1ba8fcd70,,08/26/2025 02:50:00 PM,30,TRAFFIC SIGNAL,UNKNOWN,CLEAR,DAYLIGHT,ANGLE,NOT DIVIDED,,STRAIGHT AND LEVEL,DRY,UNKNOWN,NOT ON SCENE (DESK REPORT),NO INJURY / DRIVE AWAY,,,,"OVER $1,500",08/26/2025 03:15:00 PM,UNABLE TO DETERMINE,UNABLE TO DETERMINE,7900,S,STONY ISLAND AVE,411,,,,,,,2,NO INDICATION OF INJURY,0,0,0,0,0,3,0,14,3,8,41.7514606032,-87.585971993,POINT (-87.585971992965 41.751460603167)
a4475393b50cd1434f369217eb364e40de6325179d573f99e54af94a549151283363f8cb3f1a916a89a47891ec8b9968c41455b843f84eb86bce759e0f8386ae,,08/26/2025 02:49:00 PM,20,TRAFFIC SIGNAL,FUNCTIONING PROPERLY,CLEAR,DAYLIGHT,TURNING,FOUR WAY,,STRAIGHT AND LEVEL,DRY,UNKNOWN,ON SCENE,INJURY AND / OR TOW DUE TO CRASH,Y,,,"OVER $1,500",08/26/2025 02:52:00 PM,IMPROPER OVERTAKING/PASSING,UNABLE TO DETERMINE,3458,W,55TH ST,822,,,,,,,2,"REPORTED, NOT EVIDENT",2,0,0,0,2,0,0,14,3,8,41.7935155775,-87.7108430845,POINT (-87.710843084522 41.79351557753)
e0ccc6500072e5005dcae6acdcb2c3687152717ff5e37125765ab336aa40fbc6069afc114539fa30e70227d1311c87393acd4201de145a32ff1768f6887f398c,,08/26/2025 02:49:00 PM,30,TRAFFIC SIGNAL,FUNCTIONING PROPERLY,CLEAR,DAYLIGHT,REAR END,OTHER,,STRAIGHT AND LEVEL,DRY,NO DEFECTS,NOT ON SCENE (DESK REPORT),NO INJURY / DRIVE AWAY,,,,$500 OR LESS,08/26/2025 03:20:00 PM,FOLLOWING TOO CLOSELY,UNABLE TO DETERMINE,475,E,LOWER WACKER DR,114,,Y,,,,,2,NO INDICATION OF INJURY,0,0,0,0,0,2,0,14,3,8,41.8872741475,-87.616251369,POINT (-87.616251368996 41.887274147538)
46578228b6bd87c0cb51a2bcf8dde1b1c8228471de9a3b27159461db3186b3366da9f4c272498ee07a9ec260343baa62267595b668e3e92f80c44f9085903647,Y,08/26/2025 02:48:00 PM,25,UNKNOWN,UNKNOWN,CLEAR,DAYLIGHT,SIDESWIPE SAME DIRECTION,NOT DIVIDED,,STRAIGHT AND LEVEL,UNKNOWN,UNKNOWN,ON SCENE,NO INJURY / DRIVE AWAY,,,,"OVER $1,500",08/26/2025 03:04:00 PM,UNABLE TO DETERMINE,UNABLE TO DETERMINE,5215,N,NAGLE AVE,1622,,,,,,,2,NO INDICATION OF INJURY,0,0,0,0,0,2,0,14,3,8,41.9762521324,-87.7877141581,POINT (-87.787714158077 41.97625213242)
21e95780bf7ea7a53277e5f45064f92c278365d2126da2f327d95409d5e43bff178128485ac78126482ae278bad133a6d711e468fbd77926446217a96ba3b1c3,,08/26/2025 02:40:00 PM,30,NO CONTROLS,NO CONTROLS,CLEAR,DAYLIGHT,REAR END,NOT DIVIDED,,STRAIGHT AND LEVEL,DRY,NO DEFECTS,NOT ON SCENE (DESK REPORT),NO INJURY / DRIVE AWAY,,,,"OVER $1,500",08/26/2025 03:16:00 PM,NOT APPLICABLE,NOT APPLICABLE,3700,N,WESTERN AVE,1921,,,,,,,2,NO INDICATION OF INJURY,0,0,0,0,0,2,0,14,3,8,41.9486368838,-87.6884575065,POINT (-87.688457506457 41.948636883802)
7e70769e3db15ecc558d508b8dc5281c867e2b0781e158a766a8f1cdabf3bf290195f85c720a9e217e9e88d1a83783a9124cc23f3e5f21dd536f2c8ec1de1e8a,,08/26/2025 02:35:00 PM,30,NO CONTROLS,NO CONTROLS,CLEAR,DAYLIGHT,PEDALCYCLIST,DIVIDED - W/MEDIAN (NOT RAISED),,STRAIGHT AND LEVEL,DRY,NO DEFECTS,ON SCENE,NO INJURY / DRIVE AWAY,,,,"OVER $1,500",08/26/2025 02:51:00 PM,IMPROPER TURNING/NO SIGNAL,IMPROPER OVERTAKING/PASSING,2807,N,CHRISTIANA AVE,1412,,,,,,,2,NO INDICATION OF INJURY,0,0,0,0,0,2,0,14,3,8,41.9322521415,-87.7109315002,POINT (-87.71093150023 41.932252141478)
5bc5cce91925256bd30dff006cca9869af48f784ffad08e3bab8d3d037f477fef7f107ffb7f85fff8ecd81444eccfcd6f1109fc1f177b2df21b4231b9e57bf48,,08/26/2025 02:32:00 PM,20,NO CONTROLS,NO CONTROLS,CLEAR,DAYLIGHT,REAR TO FRONT,NOT DIVIDED,,STRAIGHT AND LEVEL,DRY,NO DEFECTS,ON SCENE,NO INJURY / DRIVE AWAY,,,Y,"$501 - $1,500",08/26/2025 02:52:00 PM,FAILING TO REDUCE SPEED TO AVOID CRASH,NOT APPLICABLE,29,E,89TH ST,634,,,,,,,2,NO INDICATION OF INJURY,0,0,0,0,0,2,0,14,3,8,41.7325948477,-87.6229412086,POINT (-87.622941208564 41.732594847659)
8b75231bdee49f920c9e4bb8baa3cc671c4c656496ff409a4dff96edcd1f7553e6b5b2825a57e991144a77d8e49ef86cbe8a9cd941a9f17c380286ee22defd68,,08/26/2025 02:30:00 PM,30,NO CONTROLS,NO CONTROLS,CLEAR,DAYLIGHT,SIDESWIPE SAME DIRECTION,NOT DIVIDED,,STRAIGHT AND LEVEL,DRY,NO DEFECTS,NOT ON SCENE (DESK REPORT),NO INJURY / DRIVE AWAY,,,,"OVER $1,500",08/26/2025 03:34:00 PM,FAILING TO YIELD RIGHT-OF-WAY,NOT APPLICABLE,5431,S,LONG AVE,814,,,,,,,2,NO INDICATION OF INJURY,0,0,0,0,0,2,0,14,3,8,41.7936873619,-87.757296887,POINT (-87.757296886986 41.793687361869)
c6d000d518425af1be5e77acd737f803ae2f937bae6a7b6f3d04bc998226164b333902da53cd29b2e5fff1df1ab76761c9a0df5e05ecbad2260bca10d51220c1,,08/26/2025 02:30:00 PM,30,NO CONTROLS,NO CONTROLS,CLEAR,DAYLIGHT,SIDESWIPE SAME DIRECTION,DIVIDED - W/MEDIAN (NOT RAISED),,STRAIGHT AND LEVEL,DRY,UNKNOWN,NOT ON SCENE (DESK REPORT),NO INJURY / DRIVE AWAY,,,,"OVER $1,500",08/26/2025 03:30:00 PM,IMPROPER LANE USAGE,NOT APPLICABLE,2200,N,WESTERN AVE,1431,,,,,,,2,NO INDICATION OF INJURY,0,0,0,0,0,3,0,14,3,8,41.9216530629,-87.6876852195,POINT (-87.687685219452 41.921653062886)
ab3c72800c871d0236596f518b4d693de2c11726fd65fd169ea6558c1e8b35c8e27676eb400a2b628b0f948f56f09378e410f0d41ffc0d58e1ff91294c976972,,08/26/2025 02:25:00 PM,35,TRAFFIC SIGNAL,FUNCTIONING PROPERLY,CLEAR,DAYLIGHT,REAR END,NOT DIVIDED,,STRAIGHT AND LEVEL,DRY,NO DEFECTS,ON SCENE,NO INJURY / DRIVE AWAY,,,Y,"OVER $1,500",08/26/2025 02:29:00 PM,UNABLE TO DETERMINE,UNABLE TO DETERMINE,100,E,51ST ST,224,,,,,,,2,NO INDICATION OF INJURY,0,0,0,0,0,3,0,14,3,8,41.802111715,-87.6225708369,POINT (-87.622570836888 41.802111715045)
f497a8b1140d2342a02a150691ab47278cd23cf8924a6b3f3f4f31eab7b469783e663edd469131c67687489e4546fa0ba6102736e9ffd1f521ca1aa1ed52af97,Y,08/26/2025 02:20:00 PM,30,NO CONTROLS,NO CONTROLS,CLEAR,DAYLIGHT,OTHER OBJECT,FOUR WAY,,STRAIGHT AND LEVEL,DRY,NO DEFECTS,ON SCENE,INJURY AND / OR TOW DUE TO CRASH,,,Y,"OVER $1,500",08/26/2025 03:17:00 PM,UNABLE TO DETERMINE,UNABLE TO DETERMINE,2800,W,87TH ST,835,,,,,,,2,NO INDICATION OF INJURY,0,0,0,0,0,2,0,14,3,8,41.7354684591,-87.6923707356,POINT (-87.692370735592 41.735468459066)
eb83cd1a0abff3e239e18883178f27e068d39d9a47343c743d25ea3b8a983a07ab96708123f5f0f047275532daed0a3d2bd696229c647908130d95cf6db4e3dc,,08/26/2025 02:18:00 PM,30,NO CONTROLS,NO CONTROLS,CLEAR,DAYLIGHT,SIDESWIPE SAME DIRECTION,DIVIDED - W/MEDIAN BARRIER,,STRAIGHT AND LEVEL,DRY,NO DEFECTS,ON SCENE,NO INJURY / DRIVE AWAY,,,,"OVER $1,500",08/26/2025 02:25:00 PM,IMPROPER OVERTAKING/PASSING,NOT APPLICABLE,3058,W,IRVING PARK RD,1724,,,,,,,2,NO INDICATION OF INJURY,0,0,0,0,0,2,0,14,3,8,41.9540456396,-87.7055142927,POINT (-87.705514292679 41.954045639597)
61b0e9fffe4d030db74f85d9f745140aabe602431c5b80dadab2affc4141f47943f141f77cb4c7f17cbdd9e41dc7dbe053c62dea238d4bd4cb25d970fa8100ff,,08/26/2025 02:15:00 PM,12,NO CONTROLS,NO CONTROLS,CLEAR,DAYLIGHT,ANGLE,PARKING LOT,,STRAIGHT AND LEVEL,DRY,NO DEFECTS,NOT ON SCENE (DESK REPORT),NO INJURY / DRIVE AWAY,,,,"$501 - $1,500",08/26/2025 03:15:00 PM,FAILING TO YIELD RIGHT-OF-WAY,NOT APPLICABLE,11203,S,ELLIS AVE,531,,,,,,,2,NO INDICATION OF INJURY,0,0,0,0,0,2,0,14,3,8,41.6909156959,-87.6050219237,POINT (-87.605021923701 41.690915695924)
737c1201441bcbd3b90fb4fad8de24049c9f2c177a09e073bbb3a4730a54afc47d89d6d41099791d56347a5788d80fb9857ae45cc7804bf7923fc7e3e8dd5da0,,08/26/2025 02:10:00 PM,30,NO CONTROLS,NO CONTROLS,CLEAR,DAYLIGHT,TURNING,NOT DIVIDED,,STRAIGHT AND LEVEL,DRY,NO DEFECTS,NOT ON SCENE (DESK REPORT),NO INJURY / DRIVE AWAY,,,,"OVER $1,500",08/26/2025 03:03:00 PM,IMPROPER TURNING/NO SIGNAL,NOT APPLICABLE,3232,S,LAWNDALE AVE,1031,,,,,,,2,NO INDICATION OF INJURY,0,0,0,0,0,2,0,14,3,8,41.8342086091,-87.7171005225,POINT (-87.717100522537 41.834208609087)
71f1df2f93f9e00ed96e90c96aa995a9a7a741bcfe6e99cfbefe01fa52fdf8accccdc5fb532b5ba9c35a8e349a4cdea5a08fd46b290a16aa53cba414ec2442ae,,08/26/2025 02:09:00 PM,30,NO CONTROLS,NO CONTROLS,RAIN,DAYLIGHT,REAR END,ROUNDABOUT,,STRAIGHT AND LEVEL,WET,NO DEFECTS,NOT ON SCENE (DESK REPORT),NO INJURY / DRIVE AWAY,,,,"$501 - $1,500",08/26/2025 04:15:00 PM,UNABLE TO DETERMINE,NOT APPLICABLE,2600,N,KEDZIE AVE,1412,,,,,,,2,NO INDICATION OF INJURY,0,0,0,0,0,2,0,14,3,8,41.9284218297,-87.7080257763,POINT (-87.708025776257 41.928421829663)
b44362470eec1a2a1679ab82e052fb57faaa0b7190f4bcbed39edd50715850f66ccf9f454f1604502714920c2d037f79f8cfe957b7f7d70a17833bb46e76d0fc,,08/26/2025 02:05:00 PM,30,UNKNOWN,NO CONTROLS,CLEAR,DAYLIGHT,REAR END,NOT DIVIDED,,STRAIGHT AND LEVEL,DRY,NO DEFECTS,NOT ON SCENE (DESK REPORT),NO INJURY / DRIVE AWAY,,,,"OVER $1,500",08/26/2025 02:30:00 PM,FOLLOWING TOO CLOSELY,FOLLOWING TOO CLOSELY,6238,S,DR MARTIN LUTHER KING JR DR,311,,,,,,,3,NO INDICATION OF INJURY,0,0,0,0,0,4,0,14,3,8,41.780897953,-87.6157871051,POINT (-87.615787105088 41.780897952956)
73d6330201e12e1cf2b62967af858f7dbfb1b3a5da9ff6c6e0c08e105d8f4d2e08159fab3835b9aa5348a538d631458ca50120ab92fe9821a4dc358299aafeea,,08/26/2025 02:00:00 PM,10,NO CONTROLS,NO CONTROLS,UNKNOWN,DAYLIGHT,ANGLE,PARKING LOT,,STRAIGHT AND LEVEL,UNKNOWN,UNKNOWN,NOT ON SCENE (DESK REPORT),NO INJURY / DRIVE AWAY,,Y,,"OVER $1,500",08/26/2025 06:30:00 PM,UNABLE TO DETERMINE,NOT APPLICABLE,11203,S,ELLIS AVE,531,,,,,,,2,NO INDICATION OF INJURY,0,0,0,0,0,2,0,14,3,8,41.6909156959,-87.6050219237,POINT (-87.605021923701 41.690915695924)
bc18edc81169a6aa7b30880f6f9f94f8873d5f6894d537e11aabc4ece4a00f7036bec9bbe8a573d4f6d90e58e24593de78a616504434c0785fd36b345e889a82,,08/26/2025 01:46:00 PM,30,TRAFFIC SIGNAL,FUNCTIONING PROPERLY,CLEAR,DAYLIGHT,TURNING,FOUR WAY,,STRAIGHT AND LEVEL,DRY,NO DEFECTS,NOT ON SCENE (DESK REPORT),NO INJURY / DRIVE AWAY,Y,,,"OVER $1,500",08/26/2025 05:28:00 PM,FAILING TO YIELD RIGHT-OF-WAY,DRIVING SKILLS/KNOWLEDGE/EXPERIENCE,3400,W,NORTH AVE,1422,,,,,,,2,NO INDICATION OF INJURY,0,0,0,0,0,3,0,13,3,8,41.9101628468,-87.7119538677,POINT (-87.711953867691 41.910162846803)
1c7e500a23e5a41675be651321a21328afca85c733b78f2fc81c595dc4381c9dd40f845efb870b978fdbf9983122cba020652f742151b58453eaf54ffdcc7dec,,08/26/2025 01:45:00 PM,30,TRAFFIC SIGNAL,FUNCTIONING PROPERLY,CLEAR,DAYLIGHT,TURNING,NOT DIVIDED,,STRAIGHT ON GRADE,DRY,NO DEFECTS,NOT ON SCENE (DESK REPORT),NO INJURY / DRIVE AWAY,,,Y,"OVER $1,500",08/26/2025 04:10:00 PM,FAILING TO YIELD RIGHT-OF-WAY,IMPROPER OVERTAKING/PASSING,1411,W,87TH ST,2222,,,,,,,2,NO INDICATION OF INJURY,0,0,0,0,0,2,0,13,3,8,41.7357448514,-87.6587177057,POINT (-87.658717705659 41.735744851366)
bdc4d678df5a466ab55eba57fecec7a945662d0591edea5d8a7decc7d11430155d3ca9dd450647f06f7cf5944ae998715094cffd81a97a125a4b59a10a0e047a,,08/26/2025 01:45:00 PM,30,UNKNOWN,UNKNOWN,CLEAR,DAYLIGHT,REAR END,NOT DIVIDED,,STRAIGHT AND LEVEL,UNKNOWN,UNKNOWN,NOT ON SCENE (DESK REPORT),NO INJURY / DRIVE AWAY,,,,"OVER $1,500",08/26/2025 03:30:00 PM,UNABLE TO DETERMINE,UNABLE TO DETERMINE,5614,N,HARLEM AVE,1612,,,,,,,2,NO INDICATION OF INJURY,0,0,0,0,0,2,0,13,3,8,41.983245611,-87.8070835815,POINT (-87.807083581466 41.983245610989)
1ed839e785ae5623118b8fef940899be770d7129dd5c4b93dc42b97ddb2ac374e0c4e2b94ac0a877002b51a85d3c86d567ebbe569e9b4c89d1ac0ca1573553c3,,08/26/2025 01:35:00 PM,30,UNKNOWN,UNKNOWN,CLEAR,DAYLIGHT,PARKED MOTOR VEHICLE,ALLEY,,STRAIGHT AND LEVEL,DRY,UNKNOWN,NOT ON SCENE (DESK REPORT),NO INJURY / DRIVE AWAY,,,Y,"$501 - $1,500",08/26/2025 03:55:00 PM,UNABLE TO DETERMINE,UNABLE TO DETERMINE,151,N,STATE ST,111,,,,,,,2,NO INDICATION OF INJURY,0,0,0,0,0,1,0,13,3,8,41.8845243618,-87.627764549,POINT (-87.627764548957 41.884524361763)
a390ed99206687cb6a29754d22ce1308ec955e98e27d216049f8a44758c1a3793d015acfb0828e2f5be7ee9822e57bd1287b859a72e0a6003716b36529c56735,,08/26/2025 01:35:00 PM,30,TRAFFIC SIGNAL,FUNCTIONING PROPERLY,CLEAR,DAYLIGHT,PEDALCYCLIST,DIVIDED - W/MEDIAN (NOT RAISED),,STRAIGHT AND LEVEL,DRY,NO DEFECTS,NOT ON SCENE (DESK REPORT),INJURY AND / OR TOW DUE TO CRASH,Y,,,"OVER $1,500",08/27/2025 09:45:00 AM,UNABLE TO DETERMINE,NOT APPLICABLE,600,W,TAYLOR ST,124,,,,,,,4,"REPORTED, NOT EVIDENT",2,0,0,0,2,1,0,13,3,8,41.8698257468,-87.6423489575,POINT (-87.642348957484 41.869825746793)
35765c901fc0727f8fba60fee26ff132a6c4f7705c1215d35f19a47766494f266348ffa6d719b47e6c1edf2ca0e7ca26997d1e64b784ffb14657392146d364a3,,08/26/2025 01:30:00 PM,30,TRAFFIC SIGNAL,FUNCTIONING PROPERLY,CLEAR,DAYLIGHT,PEDALCYCLIST,NOT DIVIDED,,STRAIGHT AND LEVEL,DRY,NO DEFECTS,ON SCENE,NO INJURY / DRIVE AWAY,Y,,,$500 OR LESS,08/26/2025 01:42:00 PM,UNABLE TO DETERMINE,UNABLE TO DETERMINE,1201,W,GRANVILLE AVE,2433,,,,,,,2,NO INDICATION OF INJURY,0,0,0,0,0,2,0,13,3,8,41.9944422255,-87.6604688395,POINT (-87.660468839518 41.994442225547)
60e933338c6569514f82938c4e34826f7b52b38dc0ae0cdae80965cc3fdcaf3cbef02393d210ccb385a72f925343746d2c4b660a37160e6e50fa8643e0268bc1,,08/26/2025 01:25:00 PM,25,TRAFFIC SIGNAL,FUNCTIONING PROPERLY,CLEAR,DAYLIGHT,TURNING,NOT DIVIDED,,STRAIGHT AND LEVEL,DRY,NO DEFECTS,NOT ON SCENE (DESK REPORT),INJURY AND / OR TOW DUE TO CRASH,Y,,,"OVER $1,500",08/26/2025 02:00:00 PM,UNABLE TO DETERMINE,UNABLE TO DETERMINE,2800,W,26TH ST,1033,,,,,,,2,"REPORTED, NOT EVIDENT",1,0,0,0,1,1,0,13,3,8,41.8448007855,-87.6952525937,POINT (-87.695252593724 41.844800785514)
a108a1655c7d83da657ca802bffd4908c91696e01f38dcce9168e06211c9fefe9ff6ae8dc2e69619b7e27bedadb88702c7f9014ef93915831e2a736bcdcb72fc,,08/26/2025 01:15:00 PM,25,STOP SIGN/FLASHER,UNKNOWN,CLEAR,DAYLIGHT,TURNING,FOUR WAY,,STRAIGHT AND LEVEL,UNKNOWN,UNKNOWN,NOT ON SCENE (DESK REPORT),NO INJURY / DRIVE AWAY,Y,,,"OVER $1,500",08/26/2025 02:15:00 PM,UNABLE TO DETERMINE,NOT APPLICABLE,4301,W,GRAND AVE,2534,,,,,,,2,NO INDICATION OF INJURY,0,0,0,0,0,2,0,13,3,8,41.909038637,-87.7339908731,POINT (-87.733990873125 41.909038636955)
2d188e78cb30c7bbebe7f969bb1f15d40361dc2db7e7be3cc5b290e8cd5ea82369f88b99390f2738e3f8e7e3f2001a775373c7782dfb4c097f63218940a7a878,,08/26/2025 01:08:00 PM,20,NO CONTROLS,NO CONTROLS,CLEAR,DAYLIGHT,SIDESWIPE SAME DIRECTION,ONE-WAY,,STRAIGHT AND LEVEL,DRY,NO DEFECTS,ON SCENE,NO INJURY / DRIVE AWAY,,,,"OVER $1,500",08/26/2025 01:09:00 PM,FAILING TO YIELD RIGHT-OF-WAY,NOT APPLICABLE,3,W,TERMINAL ST,1653,,Y,,,,,2,NO INDICATION OF INJURY,0,0,0,0,0,2,0,13,3,8,,,
20fcc14da5b49b712f1ac7781cb2f8c7e74f35a73b73c762ac17208a12ad1be29d6e21e4d09bd9a0755c093edfb9ec4ede154b817cc57224bdbc2442f8f1bd3a,,08/26/2025 01:00:00 PM,30,STOP SIGN/FLASHER,FUNCTIONING PROPERLY,CLEAR,DAYLIGHT,PARKED MOTOR VEHICLE,ONE-WAY,,STRAIGHT AND LEVEL,DRY,NO DEFECTS,NOT ON SCENE (DESK REPORT),INJURY AND / OR TOW DUE TO CRASH,,,Y,"OVER $1,500",08/26/2025 04:00:00 PM,UNABLE TO DETERMINE,UNABLE TO DETERMINE,1128,N,WALLER AVE,1511,,,,,,,2,NO INDICATION OF INJURY,0,0,0,0,0,1,0,13,3,8,41.9011639713,-87.7681931129,POINT (-87.768193112877 41.901163971315)
0a810b65c483ba5823f1e82868c3e9c29945bc8a1dc679c59c23318ed9b158845348452de2f3ace472c508f5657d26e5139329598cc84304d5c83e55d751c010,,08/26/2025 12:53:00 PM,30,TRAFFIC SIGNAL,FUNCTIONING PROPERLY,CLEAR,DAYLIGHT,SIDESWIPE SAME DIRECTION,FOUR WAY,,STRAIGHT AND LEVEL,DRY,NO DEFECTS,ON SCENE,NO INJURY / DRIVE AWAY,Y,,,"OVER $1,500",08/26/2025 01:01:00 PM,IMPROPER OVERTAKING/PASSING,NOT APPLICABLE,1400,W,59TH ST,713,,,,,,,2,NO INDICATION OF INJURY,0,0,0,0,0,2,0,12,3,8,41.7869259244,-87.6596024302,POINT (-87.65960243019 41.786925924448)
345621714d80b51ea29f9a8e265276f18d09d0a4e48b7f31448e8bd2e178299ec61be5d9002f982504871603e858741ef10a22d76e4bc19f72ce6682304c2c3f,,08/26/2025 12:45:00 PM,30,NO CONTROLS,NO CONTROLS,CLEAR,DAYLIGHT,PARKED MOTOR VEHICLE,NOT DIVIDED,,STRAIGHT AND LEVEL,DRY,UNKNOWN,ON SCENE,INJURY AND / OR TOW DUE TO CRASH,,,,"OVER $1,500",08/26/2025 12:55:00 PM,UNABLE TO DETERMINE,UNABLE TO DETERMINE,2319,W,69TH ST,832,,,,,,,2,"REPORTED, NOT EVIDENT",1,0,0,0,1,1,0,12,3,8,41.7682438307,-87.681626304,POINT (-87.681626304007 41.768243830674)
dab51fa2697b022b66c1a8b1afe7382dec2185cec707521213f719f929e656bfd015ceca8cced854d66fc3a0f0a5ca72312fdb7eba24bb425e8efa3a6a44b793,,08/26/2025 12:45:00 PM,25,NO CONTROLS,NO CONTROLS,CLEAR,DAYLIGHT,REAR TO SIDE,PARKING LOT,,STRAIGHT AND LEVEL,DRY,UNKNOWN,NOT ON SCENE (DESK REPORT),NO INJURY / DRIVE AWAY,,Y,,"OVER $1,500",08/26/2025 05:00:00 PM,UNABLE TO DETERMINE,UNABLE TO DETERMINE,756,E,111TH ST,513,,,,,,,2,NO INDICATION OF INJURY,0,0,0,0,0,2,0,12,3,8,41.6929759333,-87.6026645172,POINT (-87.602664517247 41.692975933284)
2bc114a4d2f77a726920a1e746339fd1c031ea98fdca7d234368147d30b739867ddf5c8039014137987e5a1bfd70addcbd9c48dc5391263b90b1434b04a5097f,,08/26/2025 12:44:00 PM,25,NO CONTROLS,FUNCTIONING PROPERLY,CLEAR,DAYLIGHT,REAR TO FRONT,NOT DIVIDED,,STRAIGHT AND LEVEL,DRY,NO DEFECTS,NOT ON SCENE (DESK REPORT),NO INJURY / DRIVE AWAY,,,,"OVER $1,500",08/26/2025 03:10:00 PM,UNABLE TO DETERMINE,UNABLE TO DETERMINE,2102,W,OGDEN AVE,1225,,,,,,,2,NO INDICATION OF INJURY,0,0,0,0,0,2,0,12,3,8,41.8704637282,-87.6793603047,POINT (-87.679360304749 41.870463728229)
f79354f0b32d9bdfc5631c36774278fbce6395d715bd00d581bee4ac3ccf03506ef09acd90e9b2f008565d05456f20feb86f0ca34dbc45849a8d4d4dcfef8553,,08/26/2025 12:30:00 PM,30,NO CONTROLS,NO CONTROLS,CLEAR,DAYLIGHT,PARKED MOTOR VEHICLE,NOT DIVIDED,,STRAIGHT AND LEVEL,DRY,UNKNOWN,NOT ON SCENE (DESK REPORT),NO INJURY / DRIVE AWAY,,,Y,"OVER $1,500",08/26/2025 12:30:00 PM,FAILING TO YIELD RIGHT-OF-WAY,FAILING TO YIELD RIGHT-OF-WAY,2010,W,TAYLOR ST,1225,,,,,,,2,NO INDICATION OF INJURY,0,0,0,0,0,1,0,12,3,8,41.869216436,-87.6763037495,POINT (-87.676303749519 41.86921643602)
0ef2e4d32a21d6cb37818ba63becbca460c09e95b118fb180dc9381de58895d408181cdf95a1061e98a4271f25ec9ffea1c806220b545ad9ffc739aa2ef6ab81,,08/26/2025 12:26:00 PM,35,NO CONTROLS,NO CONTROLS,CLEAR,DAYLIGHT,SIDESWIPE SAME DIRECTION,NOT DIVIDED,,STRAIGHT AND LEVEL,DRY,NO DEFECTS,,NO INJURY / DRIVE AWAY,,,,$500 OR LESS,08/26/2025 01:30:00 PM,UNABLE TO DETERMINE,UNABLE TO DETERMINE,2020,S,ARCHER AVE,131,,,,,,,2,NO INDICATION OF INJURY,0,0,0,0,0,2,0,12,3,8,41.8549751562,-87.6307408148,POINT (-87.630740814768 41.854975156151)
70d8da30ab2760e768e60df3a7f070f788cb38aad09dd000aca0d827cf36b8a90df81684ee408ed186a57b07cb44be90955ce676986698e081a25919beae3160,,08/26/2025 12:24:00 PM,30,NO CONTROLS,NO CONTROLS,CLEAR,DAYLIGHT,REAR END,NOT DIVIDED,,STRAIGHT AND LEVEL,DRY,NO DEFECTS,ON SCENE,NO INJURY / DRIVE AWAY,,,,$500 OR LESS,08/26/2025 12:35:00 PM,DRIVING SKILLS/KNOWLEDGE/EXPERIENCE,FOLLOWING TOO CLOSELY,4533,W,55TH ST,813,,,,,,,2,NO INDICATION OF INJURY,0,0,0,0,0,3,0,12,3,8,41.7929747182,-87.7366973279,POINT (-87.736697327869 41.792974718173)