CRASH_RECORD_ID,CRASH_DATE_EST_I,CRASH_DATE,POSTED_SPEED_LIMIT,TRAFFIC_CONTROL_DEVICE,DEVICE_CONDITION,WEATHER_CONDITION,LIGHTING_CONDITION,FIRST_CRASH_TYPE,TRAFFICWAY_TYPE,LANE_CNT,ALIGNMENT,ROADWAY_SURFACE_COND,ROAD_DEFECT,REPORT_TYPE,CRASH_TYPE,INTERSECTION_RELATED_I,NOT_RIGHT_OF_WAY_I,HIT_AND_RUN_I,DAMAGE,DATE_POLICE_NOTIFIED,PRIM_CONTRIBUTORY_CAUSE,SEC_CONTRIBUTORY_CAUSE,STREET_NO,STREET_DIRECTION,STREET_NAME,BEAT_OF_OCCURRENCE,PHOTOS_TAKEN_I,STATEMENTS_TAKEN_I,DOORING_I,WORK_ZONE_I,WORK_ZONE_TYPE,WORKERS_PRESENT_I,NUM_UNITS,MOST_SEVERE_INJURY,INJURIES_TOTAL,INJURIES_FATAL,INJURIES_INCAPACITATING,INJURIES_NON_INCAPACITATING,INJURIES_REPORTED_NOT_EVIDENT,INJURIES_NO_INDICATION,INJURIES_UNKNOWN,CRASH_HOUR,CRASH_DAY_OF_WEEK,CRASH_MONTH,LATITUDE,LONGITUDE,LOCATION
8340edbbc0e23a91f9ec8e524fbbc6a645420a7ec991f92b721e1a3802d24683c2c8294812292a1a9dd308739f997f210c086b8ae4c026e87d530e72f972cc36,,08/26/2025 12:20:00 PM,30,TRAFFIC SIGNAL,FUNCTIONING PROPERLY,CLEAR,DAYLIGHT,TURNING,FOUR WAY,,STRAIGHT ON GRADE,DRY,NO DEFECTS,NOT ON SCENE (DESK REPORT),NO INJURY / DRIVE AWAY,Y,,,"OVER $1,500",08/26/2025 01:57:00 PM,IMPROPER OVERTAKING/PASSING,IMPROPER OVERTAKING/PASSING,500,S,CONGRESS PLAZA DR,114,,,,,,,2,NO INDICATION OF INJURY,0,0,0,0,0,3,0,12,3,8,41.8756686762,-87.6234108185,POINT (-87.623410818474 41.875668676196)
b7b8cf3369b4888d64ecc9c411d5076c65b9ced5c134cff5c1cb8d61609a73d598b6cc43ace8f3b7502b1fb89ed11010fe9d833d68efbc54d5cd17d29d1dd29b,,08/26/2025 12:18:00 PM,30,NO CONTROLS,NO CONTROLS,CLEAR,DAYLIGHT,PARKED MOTOR VEHICLE,NOT DIVIDED,,STRAIGHT AND LEVEL,DRY,NO DEFECTS,ON SCENE,INJURY AND / OR TOW DUE TO CRASH,,,,"OVER $1,500",08/26/2025 12:21:00 PM,DRIVING SKILLS/KNOWLEDGE/EXPERIENCE,UNABLE TO DETERMINE,2611,N,CANNON DR,1935,,Y,,,,,2,NONINCAPACITATING INJURY,1,0,0,1,0,0,0,12,3,8,41.9300090322,-87.6361443462,POINT (-87.636144346243 41.930009032243)
0169b96afc6064b033bbb29ead1209060ba6aed8c7ed238b6fb0335f953a915c14b40994a8ba61c24d6cb118194412783409c3df0d1f0d523e8c525c61bc34c0,,08/26/2025 12:16:00 PM,30,NO CONTROLS,NO CONTROLS,CLEAR,DAYLIGHT,PEDESTRIAN,NOT DIVIDED,,STRAIGHT AND LEVEL,DRY,UNKNOWN,ON SCENE,INJURY AND / OR TOW DUE TO CRASH,,,,"$501 - $1,500",08/26/2025 12:16:00 PM,FAILING TO YIELD RIGHT-OF-WAY,NOT APPLICABLE,428,E,79TH ST,624,,,,,,,2,NONINCAPACITATING INJURY,1,0,0,1,0,1,0,12,3,8,41.7512473989,-87.6137796439,POINT (-87.61377964393 41.751247398917)
53678a166458f54c6e8513097e38c2e496969ca7d88e0e436bc5309bf1f8236733a1466619ac04e0e5fbf5e2070d9340acc336847c602e2d717779e2bcbc8d96,,08/26/2025 12:16:00 PM,30,NO CONTROLS,NO CONTROLS,CLEAR,DAYLIGHT,SIDESWIPE SAME DIRECTION,NOT DIVIDED,,STRAIGHT AND LEVEL,DRY,NO DEFECTS,ON SCENE,NO INJURY / DRIVE AWAY,,,,"OVER $1,500",08/27/2025 12:50:00 PM,IMPROPER OVERTAKING/PASSING,NOT APPLICABLE,29,E,87TH ST,632,,,,,,,2,NO INDICATION OF INJURY,0,0,0,0,0,2,0,12,3,8,41.7362554618,-87.6229175082,POINT (-87.622917508206 41.73625546179)
42e4bab67cbc44c5b4c65455f0fa2625aca7d6bfe578b05e4e0f53d07ca336b221a642cdc0243cffde856f0f43cfd65ea0e08f280609b217baf4149c27317844,,08/26/2025 12:15:00 PM,15,NO CONTROLS,NO CONTROLS,CLEAR,DAYLIGHT,FIXED OBJECT,OTHER,,STRAIGHT AND LEVEL,DRY,NO DEFECTS,ON SCENE,NO INJURY / DRIVE AWAY,,,,"OVER $1,500",08/26/2025 12:17:00 PM,UNABLE TO DETERMINE,UNABLE TO DETERMINE,5000,W,OAKDALE AVE,2521,,,,,,,2,NO INDICATION OF INJURY,0,0,0,0,0,1,0,12,3,8,41.934312973,-87.751737878,POINT (-87.751737877973 41.934312972966)
2e34e419519a2082a3fe430d9a378ce9a38132ff0fc70dd4b4f1b78752a80f3721473171585b97ae198b820748e37689209ad29e796780f4350a4ae82b5b3414,,08/26/2025 12:05:00 PM,30,TRAFFIC SIGNAL,FUNCTIONING PROPERLY,CLEAR,DAYLIGHT,PARKED MOTOR VEHICLE,DIVIDED - W/MEDIAN (NOT RAISED),,STRAIGHT AND LEVEL,DRY,NO DEFECTS,ON SCENE,NO INJURY / DRIVE AWAY,,,,"$501 - $1,500",08/26/2025 12:09:00 PM,FOLLOWING TOO CLOSELY,DRIVING SKILLS/KNOWLEDGE/EXPERIENCE,4215,S,ARCHER AVE,921,,,,,,,2,NO INDICATION OF INJURY,0,0,0,0,0,1,0,12,3,8,41.8166977098,-87.6997649246,POINT (-87.69976492464 41.816697709833)
069f798a13740da5975f44bf0983b4316ba4df5208e1808897b721943bbb7cc5c4fe3db161e5bf97471bad592288b08e667023f4830fac44b0b127f0fc9ebe42,,08/26/2025 12:00:00 PM,30,NO CONTROLS,NO CONTROLS,CLEAR,DAYLIGHT,PARKED MOTOR VEHICLE,NOT DIVIDED,,STRAIGHT AND LEVEL,DRY,UNKNOWN,ON SCENE,NO INJURY / DRIVE AWAY,,,,$500 OR LESS,08/26/2025 12:06:00 PM,IMPROPER BACKING,NOT APPLICABLE,4348,W,KINZIE ST,1111,,,,N,,,2,NO INDICATION OF INJURY,0,0,0,0,0,3,0,12,3,8,41.8877786104,-87.7352008826,POINT (-87.73520088259 41.88777861035)
98d3986a4321790e555d250d37f6d565b952975badd085e51acf2f3d26df55d04ec3fb28a277354e8efa532caccbf57e694577bc7914dece261fbcf5a951c474,,08/26/2025 12:00:00 PM,30,NO CONTROLS,NO CONTROLS,CLEAR,DAYLIGHT,PARKED MOTOR VEHICLE,NOT DIVIDED,,STRAIGHT AND LEVEL,DRY,NO DEFECTS,NOT ON SCENE (DESK REPORT),NO INJURY / DRIVE AWAY,,,,"OVER $1,500",08/29/2025 02:29:00 PM,FOLLOWING TOO CLOSELY,DRIVING ON WRONG SIDE/WRONG WAY,2611,S,CENTRAL PARK AVE,1032,,,,,,,2,NO INDICATION OF INJURY,0,0,0,0,0,1,0,12,3,8,41.8440107314,-87.7146302582,POINT (-87.714630258198 41.844010731375)
8e0710ab469281b12c856f7494ebbab5709b6775f82a7fb271fe640dc4067f988e63272260545e401ad1462208ef7ad3508bf94a6ca344872da0f6cf989b2609,,08/26/2025 11:51:00 AM,30,NO CONTROLS,NO CONTROLS,CLEAR,DAYLIGHT,TURNING,NOT DIVIDED,,STRAIGHT AND LEVEL,DRY,UNKNOWN,ON SCENE,INJURY AND / OR TOW DUE TO CRASH,,,,"OVER $1,500",08/26/2025 11:51:00 AM,FAILING TO YIELD RIGHT-OF-WAY,UNABLE TO DETERMINE,934,W,31ST ST,913,,,,,,,2,NONINCAPACITATING INJURY,1,0,0,1,0,2,0,11,3,8,41.8381057114,-87.6500729661,POINT (-87.650072966094 41.838105711381)
14b65c8c32f42ca5195e39744676ddb3dd789aeffccd236fab9713ee3d6a31e471d21d1e6d2255708b9383fc51d1ef0f11b812378cecd4d42425f28d99f85c50,,08/26/2025 11:45:00 AM,25,STOP SIGN/FLASHER,FUNCTIONING PROPERLY,CLEAR,DAYLIGHT,ANGLE,FOUR WAY,,STRAIGHT AND LEVEL,DRY,NO DEFECTS,NOT ON SCENE (DESK REPORT),NO INJURY / DRIVE AWAY,Y,,,"OVER $1,500",08/26/2025 01:27:00 PM,FAILING TO YIELD RIGHT-OF-WAY,DRIVING SKILLS/KNOWLEDGE/EXPERIENCE,3600,W,DICKENS AVE,2525,,,,,,,2,NO INDICATION OF INJURY,0,0,0,0,0,3,0,11,3,8,41.9192223444,-87.7169530481,POINT (-87.716953048122 41.919222344379)
74c4f5d2e6a723fd18ad1ba7fb96e16b8c061cd1cf68424a207bba01f5c50a35e94bd6e93d4b5d8417e5751aca70eeabd840203bb2654109f7794f09510a8851,,08/26/2025 11:45:00 AM,30,TRAFFIC SIGNAL,FUNCTIONING PROPERLY,CLEAR,DAYLIGHT,ANGLE,"FIVE POINT, OR MORE",,"CURVE, LEVEL",DRY,NO DEFECTS,ON SCENE,INJURY AND / OR TOW DUE TO CRASH,,,Y,"OVER $1,500",08/26/2025 11:47:00 AM,DISREGARDING TRAFFIC SIGNALS,FAILING TO YIELD RIGHT-OF-WAY,457,N,MILWAUKEE AVE,1214,,,,,,,2,NO INDICATION OF INJURY,0,0,0,0,0,3,0,11,3,8,41.8902901884,-87.6459780754,POINT (-87.645978075423 41.890290188388)
cf96524b426f0a545f37f5bb14e8754f4ed8430b28f6b757958373f995300d79a81a615607eaec35792a0e7e740576be04abc63370ded5cc846dc8c8384fa040,,08/26/2025 11:45:00 AM,30,STOP SIGN/FLASHER,UNKNOWN,CLEAR,DAYLIGHT,ANGLE,NOT DIVIDED,,STRAIGHT AND LEVEL,UNKNOWN,UNKNOWN,NOT ON SCENE (DESK REPORT),NO INJURY / DRIVE AWAY,Y,,,"OVER $1,500",08/26/2025 12:10:00 PM,UNABLE TO DETERMINE,UNABLE TO DETERMINE,5401,W,HIGGINS AVE,1623,,,,,,,2,NO INDICATION OF INJURY,0,0,0,0,0,3,0,11,3,8,41.9686084088,-87.7615377841,POINT (-87.761537784054 41.968608408824)
91703cd3e9bf0e3349dadb9521041d43ada892981978eb08edda20823a4cfaebda35437f0ca224f1fe3d4d05f502827488d7b521083cab2b5152e2bb2d30bb23,,08/26/2025 11:42:00 AM,30,NO CONTROLS,NO CONTROLS,CLEAR,DAYLIGHT,ANGLE,ALLEY,,STRAIGHT AND LEVEL,DRY,NO DEFECTS,ON SCENE,NO INJURY / DRIVE AWAY,N,,,"OVER $1,500",08/26/2025 11:48:00 AM,FAILING TO YIELD RIGHT-OF-WAY,FAILING TO REDUCE SPEED TO AVOID CRASH,4644,S,TROY ST,922,,,,,,,2,NO INDICATION OF INJURY,0,0,0,0,0,3,0,11,3,8,41.8086258755,-87.7029244535,POINT (-87.702924453533 41.808625875492)
b787df0e4248b3fa2f57f2bf8b5315160dfd20b2f96434b0ec2a8e65871d664edda4599fdbea2315017844d19a347ec1dcac4da9d06280ddc6da12d88108cc6c,,08/26/2025 11:40:00 AM,25,NO CONTROLS,NO CONTROLS,CLEAR,DAYLIGHT,PARKED MOTOR VEHICLE,ONE-WAY,,STRAIGHT AND LEVEL,DRY,NO DEFECTS,ON SCENE,NO INJURY / DRIVE AWAY,,,Y,"$501 - $1,500",08/26/2025 11:40:00 AM,UNABLE TO DETERMINE,UNABLE TO DETERMINE,3005,W,61ST ST,823,,,,,,,2,NO INDICATION OF INJURY,0,0,0,0,0,1,0,11,3,8,41.7825693726,-87.698607514,POINT (-87.698607514043 41.78256937263)
150760c5657c9341acd0c8ba2d4666a85823bcfc0cdfb12e4c4f97357917ef106707a8c371522155853ea45be7e7b80982554db385cc460cb67b9d2f6e428028,,08/26/2025 11:30:00 AM,25,TRAFFIC SIGNAL,FUNCTIONING PROPERLY,CLEAR,DAYLIGHT,REAR END,TRAFFIC ROUTE,,STRAIGHT AND LEVEL,DRY,NO DEFECTS,NOT ON SCENE (DESK REPORT),NO INJURY / DRIVE AWAY,,,,"OVER $1,500",08/26/2025 02:45:00 PM,DISTRACTION - FROM INSIDE VEHICLE,FAILING TO REDUCE SPEED TO AVOID CRASH,7600,S,KOSTNER AVE,833,,,,,,,2,NO INDICATION OF INJURY,0,0,0,0,0,2,0,11,3,8,41.7548789478,-87.732515348,POINT (-87.732515348028 41.754878947819)
b8aaeebaa13e359326b47642e0c3579632758ff9fd4735203b0b7778f8352b2c75fb023fbfec2425939edd97d89d9c528406460664e60a2c6c718e071f377bf6,,08/26/2025 11:30:00 AM,30,NO CONTROLS,NO CONTROLS,CLEAR,DAYLIGHT,ANGLE,PARKING LOT,,STRAIGHT AND LEVEL,DRY,NO DEFECTS,ON SCENE,NO INJURY / DRIVE AWAY,,Y,,"OVER $1,500",08/26/2025 11:30:00 AM,DISTRACTION - FROM INSIDE VEHICLE,NOT APPLICABLE,3226,W,ADDISON ST,1733,,Y,,,,,2,NO INDICATION OF INJURY,0,0,0,0,0,2,0,11,3,8,41.9467332402,-87.7087935679,POINT (-87.708793567892 41.946733240155)
d6c8acc7a69bfd8062adc9869800db904b7313ae31c33fd9c79d5ed75c706b6b60134917582b74d689555197935d3fbc7c71377c1bff1f53a92af68f99eee246,,08/26/2025 11:30:00 AM,10,NO CONTROLS,NO CONTROLS,CLEAR,DAYLIGHT,REAR TO SIDE,PARKING LOT,,STRAIGHT AND LEVEL,DRY,UNKNOWN,ON SCENE,NO INJURY / DRIVE AWAY,,,,"OVER $1,500",08/26/2025 11:41:00 AM,FAILING TO YIELD RIGHT-OF-WAY,NOT APPLICABLE,1527,E,87TH ST,412,,,,,,,2,NO INDICATION OF INJURY,0,0,0,0,0,2,0,11,3,8,41.7367851841,-87.5869569905,POINT (-87.586956990534 41.736785184104)
af2de9d4d6002d469f982087a73ff38aa43b94335f710a36e59f51dc8cc70700f2839ca7a46171d2af4a618a1d1bba6558620bf88738bd0d9a2c521286f5a6fb,,08/26/2025 11:27:00 AM,30,NO CONTROLS,NO CONTROLS,CLEAR,DAYLIGHT,PARKED MOTOR VEHICLE,NOT DIVIDED,,STRAIGHT AND LEVEL,DRY,NO DEFECTS,ON SCENE,NO INJURY / DRIVE AWAY,,,,"OVER $1,500",08/26/2025 11:50:00 AM,NOT APPLICABLE,NOT APPLICABLE,2354,S,WENTWORTH AVE,914,,,,,,,2,NO INDICATION OF INJURY,0,0,0,0,0,2,0,11,3,8,41.8493310075,-87.6320822102,POINT (-87.632082210242 41.849331007497)
149148ecde9f59cbdf326d01389092e721dda08aabb272e5f0d763846e39fd5d933aa9a7424e0117f3673e24afa745d7c74c4fd107b63b08dbb9f8badda98fe9,,08/26/2025 11:25:00 AM,30,NO CONTROLS,NO CONTROLS,CLEAR,DAYLIGHT,SIDESWIPE SAME DIRECTION,NOT DIVIDED,,STRAIGHT AND LEVEL,DRY,NO DEFECTS,NOT ON SCENE (DESK REPORT),NO INJURY / DRIVE AWAY,,,,"OVER $1,500",08/26/2025 12:00:00 PM,UNABLE TO DETERMINE,UNABLE TO DETERMINE,2843,N,CALIFORNIA AVE,1411,,,,,,,2,NO INDICATION OF INJURY,0,0,0,0,0,2,0,11,3,8,41.9333591237,-87.6975016122,POINT (-87.697501612237 41.933359123667)
ee421da7ec8e046b801eb9e02596d62e6c636cee3f235d77bd73981d3351f2bb9e546f07a58bc6e3789a990f4834c0b127a2b82a72e7f6cd5312974e781da772,Y,08/26/2025 11:25:00 AM,25,NO CONTROLS,NO CONTROLS,CLEAR,DAYLIGHT,PEDALCYCLIST,T-INTERSECTION,,STRAIGHT AND LEVEL,DRY,NO DEFECTS,NOT ON SCENE (DESK REPORT),INJURY AND / OR TOW DUE TO CRASH,Y,,,"$501 - $1,500",08/26/2025 11:28:00 AM,FAILING TO YIELD RIGHT-OF-WAY,FAILING TO YIELD RIGHT-OF-WAY,4812,N,MONTICELLO AVE,1712,,,,,,,2,"REPORTED, NOT EVIDENT",1,0,0,0,1,1,0,11,3,8,41.9687630204,-87.7196359393,POINT (-87.719635939265 41.968763020411)
f748186aa6ceaf8901dd7cc3cafb5e23d471ed0f543224cb9c4da263ce523d0db03fed6bca037e9620ec770ae113e2480c878311cc0e82fbbff6cb4ad26e745c,,08/26/2025 11:25:00 AM,30,TRAFFIC SIGNAL,FUNCTIONING PROPERLY,CLEAR,DAYLIGHT,SIDESWIPE SAME DIRECTION,NOT DIVIDED,,STRAIGHT AND LEVEL,DRY,NO DEFECTS,NOT ON SCENE (DESK REPORT),INJURY AND / OR TOW DUE TO CRASH,,,Y,"OVER $1,500",08/27/2025 07:00:00 PM,IMPROPER LANE USAGE,NOT APPLICABLE,600,E,103RD ST,511,,,,,,,2,"REPORTED, NOT EVIDENT",1,0,0,0,1,1,0,11,3,8,41.707500278,-87.6088226613,POINT (-87.608822661332 41.707500278013)
c82362569e879de9a7e0f2e639064d753593809226bcd8dc7faa3581dfaf6a26385ca705173683f6235ed4ded0fd0fb56eee117b3166aa91efcaeea491b32511,,08/26/2025 11:12:00 AM,25,NO CONTROLS,NO CONTROLS,CLEAR,DAYLIGHT,SIDESWIPE SAME DIRECTION,NOT DIVIDED,,STRAIGHT AND LEVEL,DRY,NO DEFECTS,NOT ON SCENE (DESK REPORT),NO INJURY / DRIVE AWAY,,,Y,"OVER $1,500",08/26/2025 03:11:00 PM,UNABLE TO DETERMINE,UNABLE TO DETERMINE,3921,S,ARTESIAN AVE,921,,,,,,,2,NO INDICATION OF INJURY,0,0,0,0,0,2,0,11,3,8,41.8223008231,-87.6859356872,POINT (-87.685935687242 41.822300823079)
c3ca590e1bb3f8b11fbbf82655a8192cfa08e46698e72d4b69500f8adc1701ec588e5c65ab19b5384f48cab6b0b2c589172364303cadac2f880a744dedd481b7,,08/26/2025 11:10:00 AM,30,NO CONTROLS,NO CONTROLS,CLEAR,DAYLIGHT,FIXED OBJECT,NOT DIVIDED,,STRAIGHT AND LEVEL,DRY,NO DEFECTS,ON SCENE,NO INJURY / DRIVE AWAY,,,,"OVER $1,500",08/26/2025 12:33:00 PM,UNABLE TO DETERMINE,UNABLE TO DETERMINE,4459,W,LAKE ST,1113,,,,,,,1,NO INDICATION OF INJURY,0,0,0,0,0,1,0,11,3,8,41.8860510476,-87.7379962945,POINT (-87.737996294516 41.886051047565)
e1719c8a65c646aad3a99935d44665f795fe654cfe0c3523bee0589a707c37378f36bdf3e618ca7107a17a842990b0637418afbca8ad300ba39e8457cf965c9b,,08/26/2025 11:10:00 AM,30,TRAFFIC SIGNAL,FUNCTIONING PROPERLY,CLEAR,DAYLIGHT,REAR END,FOUR WAY,,STRAIGHT AND LEVEL,DRY,NO DEFECTS,NOT ON SCENE (DESK REPORT),NO INJURY / DRIVE AWAY,Y,,,"OVER $1,500",08/26/2025 11:39:00 AM,UNABLE TO DETERMINE,NOT APPLICABLE,5746,N,SHERIDAN RD,2022,,,,,,,2,NO INDICATION OF INJURY,0,0,0,0,0,2,0,11,3,8,41.9869271174,-87.6554353705,POINT (-87.655435370451 41.986927117393)
1606896256bf27f5f0b0bb92b03d4af3e401856069858c216eff8edc9231aa68280036b1246819f95bd55e3ed3b128f974c8d10893ec9e197bcfaa2d462d8028,,08/26/2025 11:00:00 AM,10,NO CONTROLS,NO CONTROLS,CLEAR,DAYLIGHT,PARKED MOTOR VEHICLE,PARKING LOT,,STRAIGHT AND LEVEL,UNKNOWN,UNKNOWN,NOT ON SCENE (DESK REPORT),NO INJURY / DRIVE AWAY,,,Y,"$501 - $1,500",08/26/2025 03:55:00 PM,UNABLE TO DETERMINE,NOT APPLICABLE,10658,S,HALSTED ST,2233,,,,,,,2,NO INDICATION OF INJURY,0,0,0,0,0,1,0,11,3,8,41.6997295158,-87.642757014,POINT (-87.642757014002 41.699729515808)
b2a2f230581b648cae8712b2e68e14dece2559005626d8bb04d02c3789c2a61e4764e6e2f2e60480c519b27ec6ad8e56cf15aa6d4af297c34a67033a5c683dd4,,08/26/2025 11:00:00 AM,30,NO CONTROLS,NO CONTROLS,CLEAR,DAYLIGHT,REAR END,NOT DIVIDED,,STRAIGHT AND LEVEL,DRY,NO DEFECTS,NOT ON SCENE (DESK REPORT),NO INJURY / DRIVE AWAY,Y,,,"OVER $1,500",08/26/2025 11:40:00 AM,UNABLE TO DETERMINE,NOT APPLICABLE,2951,S,FEDERAL ST,133,,,,,,,2,NO INDICATION OF INJURY,0,0,0,0,0,2,0,11,3,8,41.8407667666,-87.6289498462,POINT (-87.628949846234 41.840766766585)
c3a708a49772eb17ddcd678884860ceedb5b4cef6eed54dd69fe4dacc14fd843229e4d647ff884a60cc4fc26d13af3d854797f20078f583a451637750eca5aef,,08/26/2025 11:00:00 AM,30,NO CONTROLS,NO CONTROLS,CLEAR,DAYLIGHT,SIDESWIPE SAME DIRECTION,NOT DIVIDED,,STRAIGHT AND LEVEL,DRY,NO DEFECTS,NOT ON SCENE (DESK REPORT),NO INJURY / DRIVE AWAY,,,,"OVER $1,500",08/26/2025 12:00:00 PM,FAILING TO YIELD RIGHT-OF-WAY,FAILING TO YIELD RIGHT-OF-WAY,2811,W,55TH ST,824,,,,,,,2,NO INDICATION OF INJURY,0,0,0,0,0,2,0,11,3,8,41.793572079,-87.6943130391,POINT (-87.694313039111 41.793572079023)
3c3de78089df5f4ae21cd20f4f937260317c6b1fe1bc81bbe3229d7f2984acfbb26a1bb1e7c8e62185576ecb06e82c68b6ffb953c42097a689f68835c3dd5b51,,08/26/2025 10:58:00 AM,30,NO CONTROLS,NO CONTROLS,CLEAR,DAYLIGHT,SIDESWIPE OPPOSITE DIRECTION,NOT DIVIDED,,STRAIGHT AND LEVEL,DRY,NO DEFECTS,NOT ON SCENE (DESK REPORT),NO INJURY / DRIVE AWAY,,,Y,"OVER $1,500",08/26/2025 01:45:00 PM,UNABLE TO DETERMINE,UNABLE TO DETERMINE,4501,W,LAKE ST,1113,,,,,,,2,NO INDICATION OF INJURY,0,0,0,0,0,2,0,10,3,8,41.8860637693,-87.7382281103,POINT (-87.738228110264 41.886063769323)
dbe1cdae84ba4487954ea7c359ff0b14f30018917e9e7a0b3727d76c8183c095af2a51abbfad4f71ef160f63433434ca6058b8399c87a83be01e054c35f0d744,,08/26/2025 10:58:00 AM,30,STOP SIGN/FLASHER,FUNCTIONING PROPERLY,CLEAR,DAYLIGHT,TURNING,FOUR WAY,,STRAIGHT AND LEVEL,DRY,NO DEFECTS,ON SCENE,NO INJURY / DRIVE AWAY,Y,,,"OVER $1,500",08/26/2025 11:02:00 AM,FAILING TO YIELD RIGHT-OF-WAY,UNABLE TO DETERMINE,5900,S,AUSTIN AVE,811,,,,,,,2,NO INDICATION OF INJURY,0,0,0,0,0,4,0,10,3,8,41.7851433266,-87.7719243661,POINT (-87.771924366113 41.785143326623)
b02072d522d9014454c8459e89623924aeff01d1010d3f2f50fc247103a2689928f32a692467999119fef9e83442970870e3e73d6048cfc4b122768b0f24c2b3,,08/26/2025 10:56:00 AM,30,STOP SIGN/FLASHER,NO CONTROLS,CLEAR,DAYLIGHT,TURNING,FOUR WAY,,STRAIGHT AND LEVEL,DRY,NO DEFECTS,ON SCENE,INJURY AND / OR TOW DUE TO CRASH,Y,,,"OVER $1,500",08/26/2025 10:56:00 AM,FAILING TO YIELD RIGHT-OF-WAY,DISREGARDING STOP SIGN,1528,N,HOMAN AVE,1422,,,,,,,2,"REPORTED, NOT EVIDENT",2,0,0,0,2,2,0,10,3,8,41.9090840999,-87.7120285143,POINT (-87.712028514269 41.909084099887)
f464ec2d4f180fcc1cfac522003340f7341be625c2b87451a9c81100754b131d307919dee05f18e762abfd9fd0f73afbc58d2fb2ef744d3d4acb6662d7fd9b0a,,08/26/2025 10:49:00 AM,30,UNKNOWN,UNKNOWN,UNKNOWN,UNKNOWN,PARKED MOTOR VEHICLE,PARKING LOT,,STRAIGHT AND LEVEL,UNKNOWN,UNKNOWN,NOT ON SCENE (DESK REPORT),NO INJURY / DRIVE AWAY,,Y,Y,"OVER $1,500",08/26/2025 05:40:00 PM,UNABLE TO DETERMINE,NOT APPLICABLE,4300,N,NARRAGANSETT AVE,1632,,,,,,,2,NO INDICATION OF INJURY,0,0,0,0,0,2,0,10,3,8,41.9585483456,-87.7869189888,POINT (-87.786918988769 41.958548345645)
a9b5a2c897aa0461d8e2a323b7bb37c440d381ebd31a069d20a96df9cd3a75b9b23720f73e270137cdfe306d51498912a25cc7cd173f068142567c4b286308a0,,08/26/2025 10:48:00 AM,30,NO CONTROLS,NO CONTROLS,CLEAR,DAYLIGHT,SIDESWIPE SAME DIRECTION,DIVIDED - W/MEDIAN (NOT RAISED),,STRAIGHT AND LEVEL,DRY,NO DEFECTS,ON SCENE,NO INJURY / DRIVE AWAY,,,,"OVER $1,500",08/26/2025 11:35:00 AM,FAILING TO YIELD RIGHT-OF-WAY,DRIVING SKILLS/KNOWLEDGE/EXPERIENCE,2145,W,DIVISION ST,1212,,,,,,,2,NO INDICATION OF INJURY,0,0,0,0,0,2,0,10,3,8,41.9030072783,-87.6814846333,POINT (-87.68148463331 41.903007278306)
637a1ba5b7cd83532d35b58c51b6e60e96e03a0d88fd6f26d55bfd9cf7837d2d5113c7b31f87710eb9f68790cbae4499e4174f2cad03ee63aa41383317ae3716,,08/26/2025 10:45:00 AM,30,STOP SIGN/FLASHER,FUNCTIONING PROPERLY,CLEAR,DAYLIGHT,PEDALCYCLIST,DIVIDED - W/MEDIAN (NOT RAISED),,STRAIGHT AND LEVEL,DRY,NO DEFECTS,ON SCENE,INJURY AND / OR TOW DUE TO CRASH,,,,$500 OR LESS,08/26/2025 10:50:00 AM,UNABLE TO DETERMINE,UNABLE TO DETERMINE,5106,N,CLARK ST,2032,,,Y,,,,2,NONINCAPACITATING INJURY,1,0,0,1,0,2,0,10,3,8,41.9745908291,-87.6683821851,POINT (-87.668382185146 41.974590829086)
f0d7f4cad995a7d3c8714d7edd00a62a75efea9dcf83c0d9c1acf09ed4e0bbfdfbd55cce6bef746373e2c507a2c1177f5a13aece0a4dd703f40f2032c1f4c8dd,,08/26/2025 10:40:00 AM,30,NO CONTROLS,NO CONTROLS,CLEAR,DAYLIGHT,PARKED MOTOR VEHICLE,NOT DIVIDED,,STRAIGHT AND LEVEL,DRY,NO DEFECTS,ON SCENE,INJURY AND / OR TOW DUE TO CRASH,,,Y,"OVER $1,500",08/26/2025 11:00:00 AM,NOT APPLICABLE,NOT APPLICABLE,3533,E,103RD ST,432,,,,,,,3,NO INDICATION OF INJURY,0,0,0,0,0,1,0,10,3,8,41.7081048681,-87.5376448629,POINT (-87.537644862866 41.708104868126)
2b9c22f358ece56bfec800572fc4cd4936b82a72dbeb21759222408058f4a0725dbfbe90d0473c47240a8db076ef097ff7fd38eeba24c5906a2edf612e94a76b,,08/26/2025 10:30:00 AM,30,NO CONTROLS,NO CONTROLS,CLEAR,DAYLIGHT,PEDALCYCLIST,NOT DIVIDED,,STRAIGHT AND LEVEL,DRY,NO DEFECTS,ON SCENE,INJURY AND / OR TOW DUE TO CRASH,,,Y,"$501 - $1,500",08/26/2025 11:27:00 AM,UNABLE TO DETERMINE,NOT APPLICABLE,1395,N,MILWAUKEE AVE,1433,,,Y,,,,2,NONINCAPACITATING INJURY,1,0,0,1,0,0,0,10,3,8,41.9072425133,-87.6723350029,POINT (-87.672335002874 41.90724251332)