CRASH_RECORD_ID,CRASH_DATE_EST_I,CRASH_DATE,POSTED_SPEED_LIMIT,TRAFFIC_CONTROL_DEVICE,DEVICE_CONDITION,WEATHER_CONDITION,LIGHTING_CONDITION,FIRST_CRASH_TYPE,TRAFFICWAY_TYPE,LANE_CNT,ALIGNMENT,ROADWAY_SURFACE_COND,ROAD_DEFECT,REPORT_TYPE,CRASH_TYPE,INTERSECTION_RELATED_I,NOT_RIGHT_OF_WAY_I,HIT_AND_RUN_I,DAMAGE,DATE_POLICE_NOTIFIED,PRIM_CONTRIBUTORY_CAUSE,SEC_CONTRIBUTORY_CAUSE,STREET_NO,STREET_DIRECTION,STREET_NAME,BEAT_OF_OCCURRENCE,PHOTOS_TAKEN_I,STATEMENTS_TAKEN_I,DOORING_I,WORK_ZONE_I,WORK_ZONE_TYPE,WORKERS_PRESENT_I,NUM_UNITS,MOST_SEVERE_INJURY,INJURIES_TOTAL,INJURIES_FATAL,INJURIES_INCAPACITATING,INJURIES_NON_INCAPACITATING,INJURIES_REPORTED_NOT_EVIDENT,INJURIES_NO_INDICATION,INJURIES_UNKNOWN,CRASH_HOUR,CRASH_DAY_OF_WEEK,CRASH_MONTH,LATITUDE,LONGITUDE,LOCATION
38a28f740950e4bff02283e8d1c8daa0d8fd1a50466192f2c566f1b4ca18fb4dd74881229c602b06077b13aa5128d34d5728a778aadf2ef44a0a774847f49ef4,,08/26/2025 10:30:00 AM,30,NO CONTROLS,NO CONTROLS,CLEAR,DAYLIGHT,SIDESWIPE SAME DIRECTION,UNKNOWN,,STRAIGHT AND LEVEL,DRY,NO DEFECTS,,NO INJURY / DRIVE AWAY,,,,"OVER $1,500",08/26/2025 01:00:00 PM,NOT APPLICABLE,NOT APPLICABLE,3401,W,DEVON AVE,1711,,,,,,,2,NO INDICATION OF INJURY,0,0,0,0,0,2,0,10,3,8,41.9971983987,-87.714346233,POINT (-87.714346233033 41.997198398678)
6f6ebefad8e4ff1efedcb5d8aad0d361b3ae3dd5504d4ca3dcd27a350706f6bdadb9ee1f4eb25f00dd307c6bbdc78fc9afdb29bed2514e056c2da6dd98baa907,,08/26/2025 10:30:00 AM,30,NO CONTROLS,NO CONTROLS,CLEAR,DAYLIGHT,FIXED OBJECT,NOT DIVIDED,,"CURVE, LEVEL",DRY,NO DEFECTS,NOT ON SCENE (DESK REPORT),NO INJURY / DRIVE AWAY,,,,"OVER $1,500",08/26/2025 11:30:00 AM,UNABLE TO DETERMINE,NOT APPLICABLE,8600,S,UNION AVE,622,,,,,,,1,NO INDICATION OF INJURY,0,0,0,0,0,1,0,10,3,8,41.7377652725,-87.6413794989,POINT (-87.641379498877 41.737765272479)
a11ddaf96de2289cef08479809cacf884bc795be6ce012b73b6613a9ea097188956671ef11712fec6144a8ef3311fbf7a9798096572d7001f06a8f9f7c5add7e,Y,08/26/2025 10:30:00 AM,30,OTHER,UNKNOWN,CLEAR,DAYLIGHT,REAR TO SIDE,OTHER,,STRAIGHT AND LEVEL,DRY,UNKNOWN,NOT ON SCENE (DESK REPORT),NO INJURY / DRIVE AWAY,,Y,,"OVER $1,500",08/27/2025 09:20:00 PM,UNABLE TO DETERMINE,NOT APPLICABLE,4601,W,DIVERSEY AVE,2521,,,,,,,2,NO INDICATION OF INJURY,0,0,0,0,0,2,0,10,3,8,41.9314835918,-87.7419918714,POINT (-87.741991871441 41.931483591782)
dbcdcbc7a01ca75839304dedf62b0f705542decd0ccd297211ac7dfc5a736a085842b98c9dda15fecb6a8c208586d3edb73d03c6a51be3f626b142f454911841,,08/26/2025 10:30:00 AM,30,UNKNOWN,UNKNOWN,CLEAR,DAYLIGHT,ANGLE,NOT DIVIDED,,STRAIGHT AND LEVEL,DRY,NO DEFECTS,NOT ON SCENE (DESK REPORT),NO INJURY / DRIVE AWAY,,,,"OVER $1,500",08/26/2025 11:56:00 AM,FAILING TO YIELD RIGHT-OF-WAY,NOT APPLICABLE,2951,S,FEDERAL ST,133,,,,,,,2,NO INDICATION OF INJURY,0,0,0,0,0,2,0,10,3,8,41.8407667666,-87.6289498462,POINT (-87.628949846234 41.840766766585)
e15a2dadc591702a972bf3ac591395b92945876b5ff0fd23dd968518d08cd748d6740af1c2a6996787197bc6896a8a988025e093c87c50c2192c8b185a3b7f00,,08/26/2025 10:25:00 AM,30,FLASHING CONTROL SIGNAL,FUNCTIONING PROPERLY,CLEAR,DAYLIGHT,OTHER OBJECT,DIVIDED - W/MEDIAN BARRIER,,STRAIGHT AND LEVEL,DRY,UNKNOWN,ON SCENE,NO INJURY / DRIVE AWAY,,,,"OVER $1,500",08/26/2025 10:26:00 AM,FOLLOWING TOO CLOSELY,UNABLE TO DETERMINE,1130,W,SHERIDAN RD,2432,,,,Y,CONSTRUCTION,Y,1,NO INDICATION OF INJURY,0,0,0,0,0,1,0,10,3,8,41.9983048146,-87.6599311179,POINT (-87.659931117893 41.998304814572)
796e798e33477243c5d39ee582f714c9ad4b351ce1b87995cd1f0f19fd45edae8b702bfa9266d94748c24f43ff72c712bfe2983b693274b2639c5b2e514e7b32,,08/26/2025 10:24:00 AM,30,NO CONTROLS,NO CONTROLS,UNKNOWN,"DARKNESS, LIGHTED ROAD",PARKED MOTOR VEHICLE,ONE-WAY,,STRAIGHT AND LEVEL,UNKNOWN,UNKNOWN,ON SCENE,NO INJURY / DRIVE AWAY,,,,"OVER $1,500",08/27/2025 05:19:00 PM,UNABLE TO DETERMINE,UNABLE TO DETERMINE,7759,S,HOYNE AVE,611,,,,,,,2,NO INDICATION OF INJURY,0,0,0,0,0,2,0,10,3,8,41.7521162855,-87.6754751033,POINT (-87.675475103301 41.752116285505)
0ea3571859ab9393a0ed81bcc3debe926b9c38d5f529ecfa980d7b538647fa90ca2cf4fabbef4c43a5a83ea5947f39dd0ec0fa70b6ed41487b4fbd5dc6c64054,,08/26/2025 10:15:00 AM,30,NO CONTROLS,NO CONTROLS,CLEAR,DAYLIGHT,ANGLE,OTHER,,STRAIGHT AND LEVEL,DRY,NO DEFECTS,NOT ON SCENE (DESK REPORT),NO INJURY / DRIVE AWAY,,,,"OVER $1,500",08/26/2025 11:20:00 AM,UNABLE TO DETERMINE,NOT APPLICABLE,1121,S,JEFFERSON ST,124,,,,,,,2,NO INDICATION OF INJURY,0,0,0,0,0,2,0,10,3,8,41.86833974,-87.6420790222,POINT (-87.642079022152 41.868339739959)
b5a6f3e95a9de2192389e257e59da5d20944a95d54fa84803a435f1a9192ac872404fa701dcc3938cee174da6eb1101ed3fcefdd6a4801233d7e51a67bd9b3b9,,08/26/2025 10:05:00 AM,30,TRAFFIC SIGNAL,FUNCTIONING PROPERLY,CLEAR,DAYLIGHT,TURNING,Y-INTERSECTION,,STRAIGHT AND LEVEL,DRY,NO DEFECTS,ON SCENE,NO INJURY / DRIVE AWAY,Y,,N,"OVER $1,500",08/26/2025 10:17:00 AM,IMPROPER OVERTAKING/PASSING,UNABLE TO DETERMINE,557,S,STATE ST,123,,,,,,,2,NO INDICATION OF INJURY,0,0,0,0,0,2,0,10,3,8,41.8746422586,-87.6274663317,POINT (-87.627466331709 41.874642258557)
20737509dee6e44138d1126f7a91080d217e0e85ff9ef3ec18568dc76d5ead662b2d750dd5223c4354ce53a95d236748710dd8b98a2f42bf0b8edd715729b595,,08/26/2025 10:00:00 AM,25,NO CONTROLS,NO CONTROLS,CLEAR,DAYLIGHT,PARKED MOTOR VEHICLE,NOT DIVIDED,,STRAIGHT AND LEVEL,DRY,NO DEFECTS,NOT ON SCENE (DESK REPORT),INJURY AND / OR TOW DUE TO CRASH,,,Y,"$501 - $1,500",08/26/2025 11:52:00 AM,UNABLE TO DETERMINE,UNABLE TO DETERMINE,6835,S,DORCHESTER AVE,332,,,,,,,2,NO INDICATION OF INJURY,0,0,0,0,0,1,0,10,3,8,41.7704644827,-87.5909582045,POINT (-87.590958204468 41.770464482653)
4e4e88cff668ba4c03fb41a58e12d7bb3268327a49f608db24b64fb72fa9785675e609769258d59738087ec2291e8dfe1cbfe7d4caaab8b1a4a8d93cd97a973d,,08/26/2025 10:00:00 AM,30,NO CONTROLS,NO CONTROLS,CLEAR,DAYLIGHT,REAR END,FOUR WAY,,STRAIGHT AND LEVEL,DRY,NO DEFECTS,NOT ON SCENE (DESK REPORT),NO INJURY / DRIVE AWAY,Y,,,"$501 - $1,500",08/26/2025 11:15:00 AM,FOLLOWING TOO CLOSELY,UNABLE TO DETERMINE,4800,W,DIVISION ST,2533,,,,,,,2,NO INDICATION OF INJURY,0,0,0,0,0,3,0,10,3,8,41.9024605494,-87.7461029029,POINT (-87.746102902944 41.902460549401)
57cb5f22a6c5dd2421c3d2cdd5a260aa4b20ce5a62d96bb329a9ce25080de7725b49881ed9c76caae322bf8ed3db3de16fe6ba141c92ea788dce5be338f7f298,,08/26/2025 10:00:00 AM,30,NO CONTROLS,NO CONTROLS,CLEAR,DAYLIGHT,PEDALCYCLIST,NOT DIVIDED,,STRAIGHT AND LEVEL,DRY,NO DEFECTS,ON SCENE,INJURY AND / OR TOW DUE TO CRASH,,,,$500 OR LESS,08/26/2025 10:09:00 AM,IMPROPER TURNING/NO SIGNAL,FAILING TO YIELD RIGHT-OF-WAY,2399,W,LAKE ST,1223,,,,,,,2,"REPORTED, NOT EVIDENT",1,0,0,0,1,1,0,10,3,8,41.8845280951,-87.6864004203,POINT (-87.686400420288 41.884528095104)
87d81ebfa457f783afc8f094572986b10f374c63735ea92268b7ee60875d428ef2f15267edfd76566b6bab951f5f4ca14999a3145034f9022b170ab7f90b6f14,,08/26/2025 10:00:00 AM,30,NO CONTROLS,NO CONTROLS,CLEAR,DAYLIGHT,PARKED MOTOR VEHICLE,ONE-WAY,,STRAIGHT AND LEVEL,DRY,NO DEFECTS,NOT ON SCENE (DESK REPORT),NO INJURY / DRIVE AWAY,,,Y,"OVER $1,500",08/26/2025 12:30:00 PM,UNABLE TO DETERMINE,UNABLE TO DETERMINE,6550,S,FAIRFIELD AVE,831,,,,,,,2,NO INDICATION OF INJURY,0,0,0,0,0,1,0,10,3,8,41.7739542264,-87.6921870286,POINT (-87.692187028646 41.773954226402)
486c2ae0c8d868e521e3b696c697dc7524f8370264fb61f189cf7eb101877ae991ecd54835b7ee7652b5b32fa10c23d312bf31969b8e5b3bb23358a6ce28d003,,08/26/2025 09:30:00 AM,30,NO CONTROLS,NO CONTROLS,CLEAR,DAYLIGHT,PARKED MOTOR VEHICLE,ONE-WAY,,STRAIGHT AND LEVEL,DRY,NO DEFECTS,ON SCENE,NO INJURY / DRIVE AWAY,,,,$500 OR LESS,08/26/2025 09:31:00 AM,NOT APPLICABLE,NOT APPLICABLE,6412,S,LAFLIN ST,725,,Y,,,,,2,NO INDICATION OF INJURY,0,0,0,0,0,1,0,9,3,8,41.7772572079,-87.6618649177,POINT (-87.661864917659 41.77725720792)
7bdc670d575df2bc253e4ded65eabde3d7b6284ac82b2555a3d941b3219a8f961af7a58268d9603016c4ee904bc5f274c893c1b29b630cf707ffd38683458949,,08/26/2025 09:30:00 AM,40,NO CONTROLS,NO CONTROLS,CLEAR,DAYLIGHT,REAR END,DIVIDED - W/MEDIAN BARRIER,,STRAIGHT AND LEVEL,DRY,UNKNOWN,ON SCENE,INJURY AND / OR TOW DUE TO CRASH,,,,"OVER $1,500",08/26/2025 09:33:00 AM,UNABLE TO DETERMINE,UNABLE TO DETERMINE,1331,S,LAKE SHORE DR NB,132,,,,,,,3,NONINCAPACITATING INJURY,4,0,0,1,3,0,0,9,3,8,41.8650429375,-87.6188524028,POINT (-87.618852402772 41.865042937509)
ddc6c5a15c087d0533da129d140759f395b4206ed228ab8e41a08a1572c62f7bab7f0bf40946bb1d6df4bd11cf7aab07974f77d22799b597cf8571a68acbc579,,08/26/2025 09:30:00 AM,30,NO CONTROLS,NO CONTROLS,CLEAR,DAYLIGHT,SIDESWIPE SAME DIRECTION,ONE-WAY,,STRAIGHT AND LEVEL,DRY,NO DEFECTS,NOT ON SCENE (DESK REPORT),NO INJURY / DRIVE AWAY,,,Y,"$501 - $1,500",08/26/2025 12:30:00 PM,UNABLE TO DETERMINE,NOT APPLICABLE,2751,W,CONGRESS PKWY,1135,,,,,,,2,NO INDICATION OF INJURY,0,0,0,0,0,2,0,9,3,8,41.8747820965,-87.6955996019,POINT (-87.695599601916 41.874782096459)
1509ef42c75ea40be0c979c9b6d72a04f8541b30cffb69d02e0b2c4583c93422bd216573d616d3948f75e077aab0735c4771a083049e8edc3a6aae1482cf7266,,08/26/2025 09:25:00 AM,30,NO CONTROLS,NO CONTROLS,CLEAR,DAYLIGHT,SIDESWIPE SAME DIRECTION,RAMP,,STRAIGHT ON GRADE,DRY,NO DEFECTS,NOT ON SCENE (DESK REPORT),NO INJURY / DRIVE AWAY,,,,"OVER $1,500",08/26/2025 10:00:00 AM,FAILING TO YIELD RIGHT-OF-WAY,NOT APPLICABLE,1650,N,LAKE SHORE DR SB,1814,,,,,,,2,NO INDICATION OF INJURY,0,0,0,0,0,2,0,9,3,8,41.9126249341,-87.6264409663,POINT (-87.626440966299 41.912624934104)
a90669ed41bdd42cd40df184c41f183a322af25e3c39a7439a6b271dd7367af4606a29cc0d4ebc574ceb2a00186aeab0c4f492c6953a2341d6cd4317c0ee26bb,,08/26/2025 09:25:00 AM,25,TRAFFIC SIGNAL,FUNCTIONING PROPERLY,CLEAR,DAYLIGHT,OTHER OBJECT,T-INTERSECTION,,STRAIGHT AND LEVEL,DRY,NO DEFECTS,ON SCENE,INJURY AND / OR TOW DUE TO CRASH,Y,,,"$501 - $1,500",08/26/2025 09:30:00 AM,NOT APPLICABLE,NOT APPLICABLE,1300,N,LA SALLE DR,1821,,,,,,,2,"REPORTED, NOT EVIDENT",1,0,0,0,1,1,0,9,3,8,41.9058503936,-87.6331363109,POINT (-87.633136310931 41.905850393596)
c9c0aa29019ac3e5cc8a856cc0be5c7c2a6d19d309b7937f6062839826a6a2cf0ae9827533338630b92a26efc4d9b24c5ac6a6dd2086e1a700c677ae181ed119,,08/26/2025 09:25:00 AM,30,TRAFFIC SIGNAL,FUNCTIONING PROPERLY,CLEAR,DAYLIGHT,TURNING,FOUR WAY,,STRAIGHT AND LEVEL,DRY,NO DEFECTS,ON SCENE,INJURY AND / OR TOW DUE TO CRASH,Y,,,"OVER $1,500",08/26/2025 09:27:00 AM,IMPROPER TURNING/NO SIGNAL,IMPROPER OVERTAKING/PASSING,3714,S,ARCHER AVE,911,,Y,,,,,3,"REPORTED, NOT EVIDENT",2,0,0,0,2,2,0,9,3,8,41.8260400172,-87.6849673999,POINT (-87.684967399868 41.826040017229)
5eaef1500b22f6086709c7b30e6aca2e15120306acbeb2a1e5a5de2d3bf2aa1e633f576de1727a14a6fa275435bfc6c016b53ab85918c98430ec124b6a266778,,08/26/2025 09:20:00 AM,30,PEDESTRIAN CROSSING SIGN,FUNCTIONING PROPERLY,CLEAR,DAYLIGHT,REAR END,DIVIDED - W/MEDIAN (NOT RAISED),,STRAIGHT AND LEVEL,DRY,NO DEFECTS,ON SCENE,INJURY AND / OR TOW DUE TO CRASH,,,,"OVER $1,500",08/26/2025 09:24:00 AM,FOLLOWING TOO CLOSELY,NOT APPLICABLE,2100,W,IRVING PARK RD,1911,,,,,,,2,NONINCAPACITATING INJURY,1,0,0,1,0,1,0,9,3,8,41.9542296409,-87.6812468061,POINT (-87.681246806111 41.954229640918)
3935626f58424e5b6383a4b93231c6c410e849593fdb478eee360ba7b058e9e0cae84ff2fcf8b4449263c5b751831e858f364f126eac86841cb9349a1974ece3,,08/26/2025 09:18:00 AM,30,NO CONTROLS,NO CONTROLS,CLEAR,DAYLIGHT,PARKED MOTOR VEHICLE,NOT DIVIDED,,STRAIGHT AND LEVEL,DRY,UNKNOWN,ON SCENE,NO INJURY / DRIVE AWAY,,,Y,"OVER $1,500",08/26/2025 09:18:00 AM,FOLLOWING TOO CLOSELY,UNABLE TO DETERMINE,2423,S,STATE ST,131,,,,,,,2,NO INDICATION OF INJURY,0,0,0,0,0,1,0,9,3,8,41.8485709763,-87.6268347173,POINT (-87.626834717253 41.848570976328)
9670d15612b1149452a9d0e56b479a2a9ceb03609c858ce075105e6812ef3cb1aab091710279fd1049ca4fa83f3b23e628516c7a3c98b92f8d779c8b19ca1875,,08/26/2025 09:15:00 AM,25,NO CONTROLS,NO CONTROLS,CLEAR,DAYLIGHT,REAR END,NOT DIVIDED,,STRAIGHT AND LEVEL,DRY,NO DEFECTS,NOT ON SCENE (DESK REPORT),NO INJURY / DRIVE AWAY,,,,"OVER $1,500",08/26/2025 12:00:00 PM,NOT APPLICABLE,NOT APPLICABLE,6350,S,WESTERN AVE,825,,,,,,,2,NO INDICATION OF INJURY,0,0,0,0,0,2,0,9,3,8,41.7776786209,-87.6837473998,POINT (-87.683747399791 41.777678620874)
a8caab10cdf764e7c189c457bb0c6fbea9b7c489b18e65a9ba7b7aaf1cfe099d309a6177d8f7e9dd5d686444e25b37476f653ae2e3ec4722e244d54c52c0afb9,,08/26/2025 09:15:00 AM,30,NO CONTROLS,NO CONTROLS,CLEAR,DAYLIGHT,TURNING,DIVIDED - W/MEDIAN (NOT RAISED),,STRAIGHT AND LEVEL,DRY,UNKNOWN,NOT ON SCENE (DESK REPORT),NO INJURY / DRIVE AWAY,,,,"$501 - $1,500",08/26/2025 10:15:00 AM,FAILING TO YIELD RIGHT-OF-WAY,UNABLE TO DETERMINE,4118,N,CICERO AVE,1624,,,,,,,2,NO INDICATION OF INJURY,0,0,0,0,0,2,0,9,3,8,41.9558737131,-87.7475222961,POINT (-87.747522296124 41.955873713109)
341fc5c95e80cbda36f42966193c8017c96d21c715602c233d36995599f5fd6d28e726e84f1b8b4377bcc24a48c89ee12ac7ef740035beaabeab01d8884f4b63,,08/26/2025 09:10:00 AM,30,NO CONTROLS,NO CONTROLS,CLEAR,DAYLIGHT,REAR END,NOT DIVIDED,,STRAIGHT AND LEVEL,DRY,NO DEFECTS,NOT ON SCENE (DESK REPORT),NO INJURY / DRIVE AWAY,,,,"$501 - $1,500",08/26/2025 05:40:00 PM,EQUIPMENT - VEHICLE CONDITION,NOT APPLICABLE,1140,W,WILSON AVE,1913,,,,,,,2,NO INDICATION OF INJURY,0,0,0,0,0,1,0,9,3,8,41.9654889495,-87.659158699,POINT (-87.659158698959 41.965488949536)
1b79b5bddfb0a9340f9ef2c2f50186017d94fd53c9e09258b91c1941bd0cd8f0c2ae9c4cf95536e5a6a5f32c72a2e701fea5838cc98ac2eb20b874158c863509,,08/26/2025 09:09:00 AM,20,NO CONTROLS,NO CONTROLS,CLEAR,DAYLIGHT,REAR TO FRONT,OTHER,,STRAIGHT AND LEVEL,DRY,NO DEFECTS,ON SCENE,NO INJURY / DRIVE AWAY,,,,"$501 - $1,500",08/26/2025 10:30:00 AM,IMPROPER LANE USAGE,FAILING TO YIELD RIGHT-OF-WAY,1138,W,WILSON AVE,1913,,,,,,,2,NO INDICATION OF INJURY,0,0,0,0,0,2,0,9,3,8,41.965489801,-87.6590722083,POINT (-87.659072208264 41.965489801047)
914ca58213cfaf30a1dc632a140b82c0c5370bdc07dedd9d7514a96cfd0454f85267bf4965ec31caae4f5243ff81d205ebc50e0e4a3a45f574dca4751fa6f5c0,,08/26/2025 09:09:00 AM,35,TRAFFIC SIGNAL,FUNCTIONING PROPERLY,CLEAR,DAYLIGHT,PEDALCYCLIST,FOUR WAY,,STRAIGHT AND LEVEL,DRY,NO DEFECTS,ON SCENE,INJURY AND / OR TOW DUE TO CRASH,,,Y,$500 OR LESS,08/26/2025 07:00:00 PM,FAILING TO YIELD RIGHT-OF-WAY,NOT APPLICABLE,1199,S,HALSTED ST,1232,,,,,,,2,NONINCAPACITATING INJURY,1,0,0,1,0,1,0,9,3,8,41.8672405401,-87.6467717986,POINT (-87.646771798597 41.867240540073)
6c1306e0f360bd420e5d91138d5043ea2e72d53d24e511a99baa414991ac4e28691ba4b8b3d8579fd306d2439ac6bc0a770aaa7614c3685d5ff9783e9affca39,,08/26/2025 09:00:00 AM,30,NO CONTROLS,NO CONTROLS,CLEAR,DAYLIGHT,PARKED MOTOR VEHICLE,ONE-WAY,,STRAIGHT AND LEVEL,UNKNOWN,UNKNOWN,NOT ON SCENE (DESK REPORT),NO INJURY / DRIVE AWAY,,,Y,$500 OR LESS,08/26/2025 09:39:00 AM,UNABLE TO DETERMINE,UNABLE TO DETERMINE,6334,N,ARTESIAN AVE,2413,,,,,,,2,NO INDICATION OF INJURY,0,0,0,0,0,1,0,9,3,8,41.9969396249,-87.6912293524,POINT (-87.6912293524 41.996939624913)
768c5a4cd16bb3fffc4848c9ea289abfaa84c1a038745f42e6d726903edc9b1cb7f9b5749fef1dfc250e99a4a029c203baeb617adf9797141cd9792883021409,,08/26/2025 09:00:00 AM,30,TRAFFIC SIGNAL,FUNCTIONING PROPERLY,CLEAR,DAYLIGHT,SIDESWIPE SAME DIRECTION,NOT DIVIDED,,STRAIGHT AND LEVEL,DRY,UNKNOWN,NOT ON SCENE (DESK REPORT),NO INJURY / DRIVE AWAY,,,Y,"OVER $1,500",08/26/2025 05:36:00 PM,IMPROPER OVERTAKING/PASSING,FOLLOWING TOO CLOSELY,5500,S,ASHLAND AVE,715,,,,,,,2,NO INDICATION OF INJURY,0,0,0,0,0,2,0,9,3,8,41.7935901159,-87.6647209959,POINT (-87.664720995935 41.793590115883)
77a63520abdcc017e44faceb178a138375baf31ad1cd0b4b6da435e7294ebd842db52937c3f6c8ad9281588b795bfaf5b9c3be2d0771a4605db6b3aa26f1c5d6,,08/26/2025 09:00:00 AM,30,NO CONTROLS,NO CONTROLS,CLEAR,DAYLIGHT,TURNING,FOUR WAY,,STRAIGHT AND LEVEL,UNKNOWN,UNKNOWN,NOT ON SCENE (DESK REPORT),INJURY AND / OR TOW DUE TO CRASH,,,,"OVER $1,500",08/26/2025 09:30:00 AM,FOLLOWING TOO CLOSELY,UNABLE TO DETERMINE,7406,S,GREENWOOD AVE,323,,,,,,,2,"REPORTED, NOT EVIDENT",2,0,0,0,2,5,0,9,3,8,41.7602948049,-87.5982821354,POINT (-87.59828213539 41.760294804907)
c952f8251cafbfc42c9631ea8edffcb762229024e837ed3e4cd802f623e64c260815a56e5238cda6d805a6df4d71730954f66beb91c8be49b656d00c4c32220c,,08/26/2025 09:00:00 AM,30,STOP SIGN/FLASHER,FUNCTIONING PROPERLY,CLEAR,DAYLIGHT,ANGLE,FOUR WAY,,STRAIGHT AND LEVEL,DRY,NO DEFECTS,ON SCENE,NO INJURY / DRIVE AWAY,Y,,,"OVER $1,500",08/26/2025 09:18:00 AM,UNABLE TO DETERMINE,UNABLE TO DETERMINE,11050,S,VINCENNES AVE,2212,,,,,,,2,NO INDICATION OF INJURY,0,0,0,0,0,2,0,9,3,8,41.6926764152,-87.6631129079,POINT (-87.663112907903 41.692676415214)
2f06b72133107fcb0b17e1ee47f2ad59081fa5895395e98698df56c626441d70f258337a348dd1de2a271e2f2b47c2834fc45d5b8faf676a85b4fb995bb318f2,,08/26/2025 08:56:00 AM,35,NO CONTROLS,NO CONTROLS,CLEAR,DAYLIGHT,PARKED MOTOR VEHICLE,NOT DIVIDED,,STRAIGHT AND LEVEL,DRY,NO DEFECTS,ON SCENE,NO INJURY / DRIVE AWAY,,,Y,"OVER $1,500",08/26/2025 09:00:00 AM,UNABLE TO DETERMINE,UNABLE TO DETERMINE,6330,S,STONY ISLAND AVE,314,,,,,,,2,NO INDICATION OF INJURY,0,0,0,0,0,2,0,8,3,8,41.77966308,-87.5865913664,POINT (-87.586591366414 41.779663079964)
eec48b08f97b26703e10dde2470e761094848cf0b9803632d563221ae9960c6233b76eca30fa459d116d63960b23ad816118073d9a75b1b4ce5049492fdcf0b2,,08/26/2025 08:56:00 AM,30,NO CONTROLS,FUNCTIONING PROPERLY,CLEAR,DAYLIGHT,TURNING,DIVIDED - W/MEDIAN (NOT RAISED),,STRAIGHT AND LEVEL,DRY,NO DEFECTS,NOT ON SCENE (DESK REPORT),INJURY AND / OR TOW DUE TO CRASH,,,,"OVER $1,500",08/26/2025 09:19:00 AM,IMPROPER TURNING/NO SIGNAL,NOT APPLICABLE,1651,N,WESTERN AVE,1434,,,,,,,2,NO INDICATION OF INJURY,0,0,0,0,0,3,0,8,3,8,41.9117283681,-87.6871108818,POINT (-87.687110881845 41.911728368102)
99408c6857eb68d03dbb9296909e602cbb05b9cc0fdf9ade77a0bd7b03ad82fcff1889362c7877fd45f0bf6148afa249b7f971849cf17a6a57a70ac54d32556b,,08/26/2025 08:55:00 AM,30,TRAFFIC SIGNAL,UNKNOWN,CLEAR,DAYLIGHT,TURNING,NOT DIVIDED,,STRAIGHT AND LEVEL,DRY,NO DEFECTS,NOT ON SCENE (DESK REPORT),NO INJURY / DRIVE AWAY,Y,,,"OVER $1,500",08/26/2025 10:20:00 AM,UNABLE TO DETERMINE,DRIVING SKILLS/KNOWLEDGE/EXPERIENCE,400,E,83RD ST,631,Y,Y,,,,,2,NO INDICATION OF INJURY,0,0,0,0,0,2,0,8,3,8,41.7439229064,-87.6146874861,POINT (-87.614687486131 41.743922906387)
a8589134d7dc816d72eeb2be114128103f74632eb309a9f57b16415776927e3f194c4f0124d1f8fe9b86073b7055fe81c0ce4b7a920ee4cf335863b40ed89353,,08/26/2025 08:50:00 AM,25,TRAFFIC SIGNAL,FUNCTIONING PROPERLY,CLEAR,DAYLIGHT,TURNING,T-INTERSECTION,,STRAIGHT AND LEVEL,DRY,NO DEFECTS,NOT ON SCENE (DESK REPORT),INJURY AND / OR TOW DUE TO CRASH,Y,,,"OVER $1,500",08/26/2025 09:10:00 AM,FAILING TO YIELD RIGHT-OF-WAY,IMPROPER TURNING/NO SIGNAL,5540,W,LAKE ST,1523,,,,,,,2,"REPORTED, NOT EVIDENT",1,0,0,0,1,1,0,8,3,8,41.8878385636,-87.76502762,POINT (-87.765027619976 41.887838563647)
0023e472dfab9f1038dbbf9779208f902bffdda9de74db6e2ee9d97b3fc90c636434bad33cb6cfc8e073a0077d4898a0a9b2e3234b1d49f1684ae4fcee24ba5f,,08/26/2025 08:40:00 AM,30,TRAFFIC SIGNAL,FUNCTIONING PROPERLY,CLEAR,DAYLIGHT,REAR END,T-INTERSECTION,,STRAIGHT AND LEVEL,DRY,UNKNOWN,NOT ON SCENE (DESK REPORT),NO INJURY / DRIVE AWAY,,,,"OVER $1,500",08/26/2025 11:00:00 AM,UNABLE TO DETERMINE,UNABLE TO DETERMINE,6245,S,WESTERN AVE,825,,,,,,,2,NO INDICATION OF INJURY,0,0,0,0,0,2,0,8,3,8,41.779709785,-87.6835066138,POINT (-87.683506613814 41.779709784965)
072fd3ba89684d88788701211854ebedc3a2a154fc4df9a5caf56b59b2c9d05bd37de7fa732cb8e5f64411716c828d4a00a98fc9dec55affccdfc9a82b41b232,,08/26/2025 08:40:00 AM,30,NO CONTROLS,NO CONTROLS,CLEAR,DAYLIGHT,SIDESWIPE SAME DIRECTION,NOT DIVIDED,,STRAIGHT AND LEVEL,DRY,NO DEFECTS,NOT ON SCENE (DESK REPORT),NO INJURY / DRIVE AWAY,,,,"OVER $1,500",08/26/2025 10:30:00 AM,UNABLE TO DETERMINE,UNABLE TO DETERMINE,5609,S,NAGLE AVE,811,,,,,,,2,NO INDICATION OF INJURY,0,0,0,0,0,2,0,8,3,8,41.7901733017,-87.782800153,POINT (-87.782800153003 41.790173301666)
c0d9f8fbb123c253ee53f9ba22210c4b202ecc5cb459a508093c28052ef28a5dcb611bf5c5026e693d4fd2081152412dc304896822819213afc8ae5459d9b925,,08/26/2025 08:38:00 AM,25,TRAFFIC SIGNAL,FUNCTIONING PROPERLY,CLEAR,DAYLIGHT,REAR END,DIVIDED - W/MEDIAN (NOT RAISED),,STRAIGHT AND LEVEL,DRY,NO DEFECTS,ON SCENE,INJURY AND / OR TOW DUE TO CRASH,,,,"OVER $1,500",08/26/2025 08:45:00 AM,FOLLOWING TOO CLOSELY,NOT APPLICABLE,2451,W,HOWARD ST,2411,,,,,,,4,NONINCAPACITATING INJURY,2,0,0,2,0,3,0,8,3,8,42.0193809867,-87.6920735316,POINT (-87.692073531624 42.019380986681)