CRASH_RECORD_ID,CRASH_DATE_EST_I,CRASH_DATE,POSTED_SPEED_LIMIT,TRAFFIC_CONTROL_DEVICE,DEVICE_CONDITION,WEATHER_CONDITION,LIGHTING_CONDITION,FIRST_CRASH_TYPE,TRAFFICWAY_TYPE,LANE_CNT,ALIGNMENT,ROADWAY_SURFACE_COND,ROAD_DEFECT,REPORT_TYPE,CRASH_TYPE,INTERSECTION_RELATED_I,NOT_RIGHT_OF_WAY_I,HIT_AND_RUN_I,DAMAGE,DATE_POLICE_NOTIFIED,PRIM_CONTRIBUTORY_CAUSE,SEC_CONTRIBUTORY_CAUSE,STREET_NO,STREET_DIRECTION,STREET_NAME,BEAT_OF_OCCURRENCE,PHOTOS_TAKEN_I,STATEMENTS_TAKEN_I,DOORING_I,WORK_ZONE_I,WORK_ZONE_TYPE,WORKERS_PRESENT_I,NUM_UNITS,MOST_SEVERE_INJURY,INJURIES_TOTAL,INJURIES_FATAL,INJURIES_INCAPACITATING,INJURIES_NON_INCAPACITATING,INJURIES_REPORTED_NOT_EVIDENT,INJURIES_NO_INDICATION,INJURIES_UNKNOWN,CRASH_HOUR,CRASH_DAY_OF_WEEK,CRASH_MONTH,LATITUDE,LONGITUDE,LOCATION
ecd020e05912027997bc385994169438443e9ecdf2ac30f833662d03afc3ba6cba52038add29b1278d6a640b1273cbcefb3717092fc4dcbaa7ef49a2998eeb3d,,08/26/2025 08:34:00 AM,30,TRAFFIC SIGNAL,FUNCTIONING PROPERLY,CLEAR,DAYLIGHT,TURNING,CENTER TURN LANE,,STRAIGHT AND LEVEL,DRY,NO DEFECTS,ON SCENE,INJURY AND / OR TOW DUE TO CRASH,Y,,,"OVER $1,500",08/26/2025 08:35:00 AM,DISREGARDING TRAFFIC SIGNALS,NOT APPLICABLE,4700,W,FOSTER AVE,1712,,,,,,,2,NONINCAPACITATING INJURY,2,0,0,2,0,0,0,8,3,8,41.9754800311,-87.7456834442,POINT (-87.745683444237 41.975480031133)
5f1d5d70c73947049ce2ba2499dd89bed8803a0fd17e37318454cb881aa5ea64480c48587d9ad36ee3198eaf6b27cdb94c6cd569f293bd4fc1cc6e539113984f,,08/26/2025 08:32:00 AM,30,TRAFFIC SIGNAL,FUNCTIONING PROPERLY,CLEAR,DAYLIGHT,SIDESWIPE SAME DIRECTION,FOUR WAY,,STRAIGHT AND LEVEL,DRY,NO DEFECTS,NOT ON SCENE (DESK REPORT),NO INJURY / DRIVE AWAY,,,,"$501 - $1,500",08/26/2025 08:55:00 AM,UNABLE TO DETERMINE,NOT APPLICABLE,2205,S,ASHLAND AVE,1235,,,,,,,2,NO INDICATION OF INJURY,0,0,0,0,0,2,0,8,3,8,41.8519662343,-87.6658745547,POINT (-87.665874554747 41.851966234263)
c13d2b37f15eb2ece2563d36f2f1659dfca918c86731562d89dc28f216255deb8282d2bb70d5fbbd00d21eac2fc20911e5147fdd735835de9ecfc78bf4c610a2,,08/26/2025 08:25:00 AM,30,STOP SIGN/FLASHER,FUNCTIONING PROPERLY,CLEAR,DAYLIGHT,ANGLE,FOUR WAY,,STRAIGHT AND LEVEL,DRY,NO DEFECTS,ON SCENE,INJURY AND / OR TOW DUE TO CRASH,Y,,,"OVER $1,500",08/26/2025 08:28:00 AM,FAILING TO YIELD RIGHT-OF-WAY,"VISION OBSCURED (SIGNS, TREE LIMBS, BUILDINGS, ETC.)",3801,E,104TH ST,432,,,,,,,2,NO INDICATION OF INJURY,0,0,0,0,0,4,0,8,3,8,41.7062763885,-87.5315984585,POINT (-87.531598458486 41.706276388544)
3236eeae618b654decf362634d5ec6b20c2f7de4673c9c8d59bea0e4bacb08df9f83cfa4b572de016ab66fb9ad281e7a175680a45b0c69ade3c205a41924fea8,,08/26/2025 08:20:00 AM,30,NO CONTROLS,NO CONTROLS,CLEAR,DAYLIGHT,REAR END,NOT DIVIDED,,STRAIGHT AND LEVEL,DRY,UNKNOWN,NOT ON SCENE (DESK REPORT),NO INJURY / DRIVE AWAY,,,,"OVER $1,500",08/26/2025 08:20:00 AM,UNABLE TO DETERMINE,UNABLE TO DETERMINE,5800,S,LAKE SHORE DR,331,,,,,,,2,NO INDICATION OF INJURY,0,0,0,0,0,2,0,8,3,8,41.7899789931,-87.5790202486,POINT (-87.579020248594 41.789978993058)
f15c072a09049157c29f04bfc8d62d58ed586a0e6a91a4242f018954fdd6c69a6745027ee4303ded430edba48227f3447c7864595e3ec58a9d8032617dcbfa6f,,08/26/2025 08:20:00 AM,15,NO CONTROLS,NO CONTROLS,CLEAR,DAYLIGHT,ANGLE,ONE-WAY,,STRAIGHT AND LEVEL,DRY,NO DEFECTS,ON SCENE,INJURY AND / OR TOW DUE TO CRASH,,,,$500 OR LESS,08/26/2025 08:36:00 AM,DRIVING ON WRONG SIDE/WRONG WAY,DRIVING SKILLS/KNOWLEDGE/EXPERIENCE,3000,N,KILPATRICK AVE,2521,,,,,,,2,"REPORTED, NOT EVIDENT",1,0,0,0,1,2,0,8,3,8,41.9353030718,-87.744434316,POINT (-87.744434315983 41.935303071832)
a7fbd9c6f83c8a24678331e73c78340c5d62140a5c14701a84eaf408b3caed0825e8bc97139a82c5b8be6287ffe7f51bc6c6aa12b18eb57ca75e40276638742b,,08/26/2025 08:18:00 AM,30,NO CONTROLS,NO CONTROLS,CLEAR,DAYLIGHT,REAR END,NOT DIVIDED,,STRAIGHT AND LEVEL,DRY,NO DEFECTS,NOT ON SCENE (DESK REPORT),NO INJURY / DRIVE AWAY,,,,"OVER $1,500",08/26/2025 09:05:00 AM,FOLLOWING TOO CLOSELY,UNABLE TO DETERMINE,4201,S,CICERO AVE,815,,,,,,,2,NO INDICATION OF INJURY,0,0,0,0,0,3,0,8,3,8,41.8167380026,-87.7432434676,POINT (-87.743243467558 41.816738002601)
b67bd50ee876b5ec8f8eaeb740d3fdb33947b79798094c37a755c372503af4c98fc5536540b9130fe929a93810ffea70a93f15344099ef872f4920386c0a0ea9,,08/26/2025 08:17:00 AM,35,NO CONTROLS,NO CONTROLS,CLEAR,DAYLIGHT,REAR END,DIVIDED - W/MEDIAN (NOT RAISED),,STRAIGHT AND LEVEL,DRY,NO DEFECTS,NOT ON SCENE (DESK REPORT),NO INJURY / DRIVE AWAY,,,Y,$500 OR LESS,08/26/2025 09:00:00 AM,FOLLOWING TOO CLOSELY,FOLLOWING TOO CLOSELY,2251,S,WESTERN AVE,1034,,,,,,,2,NO INDICATION OF INJURY,0,0,0,0,0,3,0,8,3,8,41.8505129377,-87.6854519227,POINT (-87.685451922721 41.850512937666)
345043ef13ce8462de14e2e80e64e1c903e7e50f09102b6e0aa98c47d6da347b324afdaeffd81200d6858fd15fc3a0f74c66cf62ac26103a274b043d5b6a9c2c,,08/26/2025 08:16:00 AM,30,NO CONTROLS,NO CONTROLS,CLEAR,DAYLIGHT,REAR END,DIVIDED - W/MEDIAN (NOT RAISED),,STRAIGHT AND LEVEL,DRY,NO DEFECTS,ON SCENE,INJURY AND / OR TOW DUE TO CRASH,,,Y,"OVER $1,500",08/26/2025 08:17:00 AM,UNABLE TO DETERMINE,UNABLE TO DETERMINE,8351,S,ASHLAND AVE,614,,,,,,,2,NO INDICATION OF INJURY,0,0,0,0,0,3,0,8,3,8,41.741571725,-87.6630684386,POINT (-87.663068438597 41.741571725039)
d7f2f343af86feef9250c697c41fd9c71f8339c38a2c6e0b5e1643a21c14fcd26f2e1bc7e0b99d16ac3fd04e20a0d061b607d254abeadc5926e1c9f1d2c431f7,,08/26/2025 08:16:00 AM,25,NO CONTROLS,NO CONTROLS,CLEAR,DAYLIGHT,SIDESWIPE SAME DIRECTION,NOT DIVIDED,,STRAIGHT AND LEVEL,DRY,NO DEFECTS,ON SCENE,INJURY AND / OR TOW DUE TO CRASH,,,,$500 OR LESS,08/26/2025 08:20:00 AM,FAILING TO YIELD RIGHT-OF-WAY,UNABLE TO DETERMINE,3230,N,BROADWAY,1925,,,Y,,,,3,NONINCAPACITATING INJURY,1,0,0,1,0,2,0,8,3,8,41.9410162524,-87.644576475,POINT (-87.644576475028 41.941016252416)
51bdc6045f8f68d78603993f93d957ca8bc52f4bb22d1d14240a1b84cbd4cfe41907625e67160717decc5f6d02114f2b8fb50ca765bf35b6f301f95e520d457f,,08/26/2025 08:15:00 AM,30,TRAFFIC SIGNAL,FUNCTIONING PROPERLY,CLEAR,DAYLIGHT,REAR END,DIVIDED - W/MEDIAN (NOT RAISED),,STRAIGHT AND LEVEL,DRY,NO DEFECTS,ON SCENE,NO INJURY / DRIVE AWAY,,,,"OVER $1,500",08/26/2025 08:19:00 AM,"OPERATING VEHICLE IN ERRATIC, RECKLESS, CARELESS, NEGLIGENT OR AGGRESSIVE MANNER",UNABLE TO DETERMINE,3001,W,63RD ST,823,,,,,,,2,NO INDICATION OF INJURY,0,0,0,0,0,2,0,8,3,8,41.7789329676,-87.6983240664,POINT (-87.698324066386 41.778932967615)
67c137382d5e2f1af6c2651916edbe24b1f958817c4f37f912a1d6f6a0afd09eec37bf28281cd0e3e8c3c59dd068f5d977d0c1835f383b3e8974bdbb4553e827,,08/26/2025 08:15:00 AM,30,PEDESTRIAN CROSSING SIGN,FUNCTIONING PROPERLY,CLEAR,DAYLIGHT,PEDESTRIAN,NOT DIVIDED,,STRAIGHT AND LEVEL,DRY,UNKNOWN,NOT ON SCENE (DESK REPORT),INJURY AND / OR TOW DUE TO CRASH,Y,,,"OVER $1,500",08/26/2025 12:40:00 PM,UNABLE TO DETERMINE,NOT APPLICABLE,11900,S,STATE ST,522,,,,,,,2,NONINCAPACITATING INJURY,1,0,0,1,0,1,0,8,3,8,41.6779769595,-87.6228027668,POINT (-87.622802766789 41.677976959484)
fe85b2a0e970820ae2ad8cfe019eed3a36530b8a0278732bb794e06405197c1936695086b60a2acf8390b38589027f5beeb2d8d4b5a197908a5c69eeee15fb1a,,08/26/2025 08:15:00 AM,30,NO CONTROLS,NO CONTROLS,CLEAR,DAYLIGHT,PEDALCYCLIST,ONE-WAY,,STRAIGHT AND LEVEL,DRY,NO DEFECTS,NOT ON SCENE (DESK REPORT),NO INJURY / DRIVE AWAY,,,,"$501 - $1,500",08/27/2025 12:11:00 PM,UNABLE TO DETERMINE,NOT APPLICABLE,227,W,MONROE ST,122,,,,,,,2,NO INDICATION OF INJURY,0,0,0,0,0,2,0,8,3,8,41.88053925,-87.6345924635,POINT (-87.634592463514 41.88053924995)
56a459993cda489becaf93222ccb76a5fdaf908ac8bb40d4819e47ae4027a818d6a2ea2560d18d59c3076011bfc1a90b1914a832212b7baf74a6f66fb61682c2,,08/26/2025 08:12:00 AM,30,NO CONTROLS,NO CONTROLS,CLEAR,DAYLIGHT,ANGLE,T-INTERSECTION,,STRAIGHT AND LEVEL,DRY,NO DEFECTS,ON SCENE,INJURY AND / OR TOW DUE TO CRASH,Y,,,"$501 - $1,500",08/26/2025 08:17:00 AM,FAILING TO YIELD RIGHT-OF-WAY,NOT APPLICABLE,2339,W,MORSE AVE,2411,,,,,,,2,NO INDICATION OF INJURY,0,0,0,0,0,5,0,8,3,8,42.0070601409,-87.6895666208,POINT (-87.689566620754 42.007060140886)
e9a2e4ec47af3555281cee77204756939d6ee6d2192719ab133e000cba85922d2b5d956c9043c50728a69e398ea13a149c22df55901bb9e494a237075aa2d6c2,,08/26/2025 08:10:00 AM,30,TRAFFIC SIGNAL,FUNCTIONING PROPERLY,CLEAR,DAYLIGHT,SIDESWIPE SAME DIRECTION,DIVIDED - W/MEDIAN BARRIER,,STRAIGHT AND LEVEL,DRY,NO DEFECTS,ON SCENE,NO INJURY / DRIVE AWAY,,,,"OVER $1,500",08/26/2025 08:14:00 AM,UNABLE TO DETERMINE,UNABLE TO DETERMINE,5533,N,NAGLE AVE,1622,,,,,,,2,NO INDICATION OF INJURY,0,0,0,0,0,3,0,8,3,8,41.9820745555,-87.7876044794,POINT (-87.787604479379 41.982074555519)
f09dc3330a631af0d46f595d5be5a67d2b7c880a281c1741182f56a4a1edb866806cafb5ff984bdc7b04a87039e62fd13db91c47a054613d17c136f52985f99c,,08/26/2025 08:10:00 AM,30,TRAFFIC SIGNAL,FUNCTIONING PROPERLY,CLEAR,DAYLIGHT,PEDALCYCLIST,T-INTERSECTION,,STRAIGHT AND LEVEL,DRY,NO DEFECTS,NOT ON SCENE (DESK REPORT),NO INJURY / DRIVE AWAY,Y,,,"OVER $1,500",08/27/2025 12:15:00 PM,UNABLE TO DETERMINE,UNABLE TO DETERMINE,2117,N,ELSTON AVE,1432,,,,,,,2,NO INDICATION OF INJURY,0,0,0,0,0,2,0,8,3,8,41.9200931474,-87.6700854704,POINT (-87.670085470403 41.920093147392)
41b0e5196fc96441afb31319f2f26e0ac5e3114e4e751acbbb93cf11362bb737602f09990017fd3a49494cf439b46f7b5c49b933b1742719386345590111947c,,08/26/2025 08:00:00 AM,30,NO CONTROLS,NO CONTROLS,CLEAR,DAYLIGHT,PARKED MOTOR VEHICLE,ONE-WAY,,STRAIGHT AND LEVEL,DRY,NO DEFECTS,NOT ON SCENE (DESK REPORT),NO INJURY / DRIVE AWAY,,,Y,"OVER $1,500",08/26/2025 11:09:00 AM,UNABLE TO DETERMINE,UNABLE TO DETERMINE,5324,S,MENARD AVE,811,,,,,,,2,NO INDICATION OF INJURY,0,0,0,0,0,1,0,8,3,8,41.7955234077,-87.7674188445,POINT (-87.76741884446 41.795523407653)
5d937ca15be396c8f4ba7a6403ce568bdc8103d94ba3ae10779d1e9f227afe1ee7223b470cabd777e2a7869b254bef1c64285a7ffbb3e5ae38cb9ea6fea12d05,,08/26/2025 08:00:00 AM,25,UNKNOWN,UNKNOWN,UNKNOWN,UNKNOWN,SIDESWIPE SAME DIRECTION,NOT DIVIDED,,STRAIGHT AND LEVEL,UNKNOWN,UNKNOWN,,NO INJURY / DRIVE AWAY,,,,"OVER $1,500",08/26/2025 03:03:00 PM,NOT APPLICABLE,NOT APPLICABLE,700,N,LAKE SHORE DR SB,1834,,,,,,,2,NO INDICATION OF INJURY,0,0,0,0,0,2,0,8,3,8,41.895078838,-87.6158466585,POINT (-87.615846658479 41.895078838031)
724301380cf6cf40dcfc247b5c8ede7b87e191b35b82d7ac1beff680ff5db3994e9f6f1bced60f43a3830e128986aeb56dd89c07a5b32d0ef691bfaa2749db6a,,08/26/2025 08:00:00 AM,25,NO CONTROLS,NO CONTROLS,CLEAR,DAYLIGHT,PARKED MOTOR VEHICLE,NOT DIVIDED,,STRAIGHT AND LEVEL,DRY,NO DEFECTS,NOT ON SCENE (DESK REPORT),NO INJURY / DRIVE AWAY,,,,"OVER $1,500",08/26/2025 08:20:00 AM,UNABLE TO DETERMINE,NOT APPLICABLE,5858,N,SHERIDAN RD,2022,,,,,,,2,NO INDICATION OF INJURY,0,0,0,0,0,1,0,8,3,8,41.9890056531,-87.6554999917,POINT (-87.655499991682 41.989005653102)
ab4283005004ac30d1f51ab1c97e32173c839b9d7844b17166bd607b314b4bf0bc0c8807441e49c2d8008722a33841ec0f1ee1ed962a3f7f66d8cca251278543,,08/26/2025 08:00:00 AM,30,TRAFFIC SIGNAL,FUNCTIONING PROPERLY,CLEAR,DAYLIGHT,ANGLE,NOT DIVIDED,,STRAIGHT AND LEVEL,DRY,NO DEFECTS,NOT ON SCENE (DESK REPORT),NO INJURY / DRIVE AWAY,,,,"OVER $1,500",08/26/2025 07:15:00 PM,FAILING TO YIELD RIGHT-OF-WAY,FAILING TO YIELD RIGHT-OF-WAY,3200,W,26TH ST,1024,,,,,,,2,NO INDICATION OF INJURY,0,0,0,0,0,2,0,8,3,8,41.8446268551,-87.7051026734,POINT (-87.705102673394 41.844626855148)
c011d99e381c0376bd1ba70a3ff3ee0b3afd46778d21dc72107e13cab0fe8cd09d7ce9d71788ad2c53cd64fee0881895ed9e48480704ddb9a9f7b1dcdd3bdc15,,08/26/2025 08:00:00 AM,30,NO CONTROLS,NO CONTROLS,CLEAR,DAYLIGHT,SIDESWIPE SAME DIRECTION,NOT DIVIDED,,STRAIGHT AND LEVEL,DRY,NO DEFECTS,NOT ON SCENE (DESK REPORT),NO INJURY / DRIVE AWAY,Y,,,"OVER $1,500",08/26/2025 10:00:00 AM,UNABLE TO DETERMINE,UNABLE TO DETERMINE,2634,N,MILWAUKEE AVE,1412,,,,,,,2,NO INDICATION OF INJURY,0,0,0,0,0,2,0,8,3,8,41.9295962035,-87.7085031524,POINT (-87.708503152364 41.929596203453)
cbb48596a8029d8a1be12af9e5de4d4b143f825d00dbb1d9696c5a31b4a6c534530255663d91cd0962b62f59cd003d9c2e3cf600fe36fa81b63c20062c92f1cf,,08/26/2025 08:00:00 AM,30,NO CONTROLS,NO CONTROLS,CLEAR,DAYLIGHT,ANGLE,ONE-WAY,,STRAIGHT AND LEVEL,DRY,NO DEFECTS,ON SCENE,INJURY AND / OR TOW DUE TO CRASH,,,,"OVER $1,500",08/26/2025 08:06:00 AM,NOT APPLICABLE,NOT APPLICABLE,2409,W,FLOURNOY ST,1135,,,,,,,2,"REPORTED, NOT EVIDENT",2,0,0,0,2,0,0,8,3,8,41.8728647812,-87.686629655,POINT (-87.686629655039 41.872864781154)
1160b9c957dce972260fdd142da62e24320948b3ceffa8b12063da09aa61b26cda648a08e3ab4b347a05b54a3d789f3fb5f339c14d02e7255912408b3217854a,,08/26/2025 07:55:00 AM,30,TRAFFIC SIGNAL,FUNCTIONING PROPERLY,CLEAR,DAYLIGHT,TURNING,FOUR WAY,,STRAIGHT AND LEVEL,DRY,NO DEFECTS,ON SCENE,INJURY AND / OR TOW DUE TO CRASH,Y,,,"OVER $1,500",08/26/2025 07:56:00 AM,UNABLE TO DETERMINE,NOT APPLICABLE,7900,S,VINCENNES AVE,621,,,,,,,2,NO INDICATION OF INJURY,0,0,0,0,0,2,0,7,3,8,41.7507503867,-87.6343843454,POINT (-87.634384345423 41.750750386696)
f481cb78a063aac475483f32068b37b089f43b4b803b94b209f15c47a55df5b3d123c383088019a3e91ca47f29a40e8fb86587c6f9a85012bc7ec92461787d5c,,08/26/2025 07:55:00 AM,30,TRAFFIC SIGNAL,FUNCTIONING PROPERLY,UNKNOWN,UNKNOWN,SIDESWIPE SAME DIRECTION,NOT DIVIDED,,STRAIGHT AND LEVEL,UNKNOWN,UNKNOWN,NOT ON SCENE (DESK REPORT),NO INJURY / DRIVE AWAY,Y,,,"OVER $1,500",08/27/2025 11:00:00 PM,IMPROPER LANE USAGE,NOT APPLICABLE,3200,N,PULASKI RD,1731,,,,,,,2,NO INDICATION OF INJURY,0,0,0,0,0,3,0,7,3,8,41.9391381535,-87.7273337101,POINT (-87.727333710143 41.9391381535)
fc96ff59b7f0c5caf19fd3faea717c3110d371ae0259dc269bb179c8676ad0df26f387b3429c7d9b770c1d254c4ed016ed4ddc6a5bdc963ca40ff4b7d2ec7230,,08/26/2025 07:55:00 AM,30,NO CONTROLS,NO CONTROLS,CLEAR,DAYLIGHT,REAR END,NOT DIVIDED,,STRAIGHT AND LEVEL,DRY,NO DEFECTS,ON SCENE,INJURY AND / OR TOW DUE TO CRASH,,,,"OVER $1,500",08/26/2025 07:57:00 AM,FOLLOWING TOO CLOSELY,NOT APPLICABLE,3850,W,MONTROSE AVE,1723,,,,,,,2,"REPORTED, NOT EVIDENT",1,0,0,0,1,1,0,7,3,8,41.9610916806,-87.7250073696,POINT (-87.725007369587 41.961091680618)
5252620ff90631eb0ca2151f86198c462f74eadd2324992f7a7f0c1487b913c2866b401e4b7952595701515d26134af21c8676d48c3cc2c8eed5294bfe9e71c2,,08/26/2025 07:50:00 AM,30,TRAFFIC SIGNAL,FUNCTIONING PROPERLY,CLEAR,DAYLIGHT,TURNING,NOT DIVIDED,,STRAIGHT AND LEVEL,DRY,NO DEFECTS,,NO INJURY / DRIVE AWAY,,,,"OVER $1,500",08/26/2025 10:45:00 AM,IMPROPER TURNING/NO SIGNAL,IMPROPER OVERTAKING/PASSING,2241,N,ELSTON AVE,1432,,,,,,,2,NO INDICATION OF INJURY,0,0,0,0,0,2,0,7,3,8,41.9223566218,-87.6733594927,POINT (-87.67335949269 41.922356621776)
80c1b52c56878715ad71efaa1f850f11bf49675bb33f629607c889c0ecb73ce9df01f3fb924287688b2a7cd941b1d0fa3ef1805857d54329b65c9ebbbdfacf6f,,08/26/2025 07:50:00 AM,35,STOP SIGN/FLASHER,FUNCTIONING PROPERLY,CLEAR,DAYLIGHT,ANGLE,FOUR WAY,,STRAIGHT AND LEVEL,DRY,NO DEFECTS,ON SCENE,NO INJURY / DRIVE AWAY,Y,,,"$501 - $1,500",08/26/2025 07:50:00 AM,FAILING TO YIELD RIGHT-OF-WAY,"VISION OBSCURED (SIGNS, TREE LIMBS, BUILDINGS, ETC.)",4800,S,MICHIGAN AVE,224,,,,,,,2,NO INDICATION OF INJURY,0,0,0,0,0,4,0,7,3,8,41.8073730019,-87.6229305547,POINT (-87.622930554709 41.807373001937)
91c22e6a2c2345e274697ede3b429655610e8d13f5bfbbe7493f41cf6d2d4ed27a6bc4e562c88ef032e5f683c07427b25eadaab0d95f639fbb81edc9b64a883c,,08/26/2025 07:50:00 AM,30,TRAFFIC SIGNAL,FUNCTIONING PROPERLY,CLEAR,DAYLIGHT,SIDESWIPE SAME DIRECTION,NOT DIVIDED,,STRAIGHT AND LEVEL,DRY,OTHER,ON SCENE,NO INJURY / DRIVE AWAY,,,Y,"OVER $1,500",08/26/2025 07:54:00 AM,NOT APPLICABLE,NOT APPLICABLE,3000,E,87TH ST,424,,,,,,,2,NO INDICATION OF INJURY,0,0,0,0,0,2,0,7,3,8,41.7374889673,-87.5513720885,POINT (-87.551372088514 41.737488967284)
9f82297674230770a403bf8f61044c6e00142663894a1d1366b53f6e144375d51f4fb733b62db2088bc0281cb4f3522fbfa136e484de34c8cb09e5166930fecf,Y,08/26/2025 07:50:00 AM,30,TRAFFIC SIGNAL,UNKNOWN,CLEAR,DAYLIGHT,SIDESWIPE SAME DIRECTION,NOT DIVIDED,,STRAIGHT AND LEVEL,DRY,UNKNOWN,ON SCENE,NO INJURY / DRIVE AWAY,,,Y,$500 OR LESS,08/26/2025 07:55:00 AM,UNABLE TO DETERMINE,UNABLE TO DETERMINE,9500,S,HALSTED ST,2223,,,,,,,2,NO INDICATION OF INJURY,0,0,0,0,0,2,0,7,3,8,41.7213650608,-87.6433580423,POINT (-87.643358042341 41.721365060783)
d335075db0a910f31134f3b5fcf7e4b8b5078394d28a964d52adabb5d51c3bfafabcb9ae39673c4cbcf99f076c7fda6fdef192800e961b37dac76d94664960ba,,08/26/2025 07:50:00 AM,30,TRAFFIC SIGNAL,UNKNOWN,CLEAR,DAYLIGHT,TURNING,NOT DIVIDED,,STRAIGHT AND LEVEL,DRY,UNKNOWN,NOT ON SCENE (DESK REPORT),NO INJURY / DRIVE AWAY,,,,"OVER $1,500",08/26/2025 08:30:00 AM,UNABLE TO DETERMINE,UNABLE TO DETERMINE,5601,N,NAGLE AVE,1622,,,,,,,2,NO INDICATION OF INJURY,0,0,0,0,0,2,0,7,3,8,41.9830010371,-87.7875857702,POINT (-87.787585770213 41.983001037101)
e09efe4b5f32d8899c632faa91eb9d2126b700aded7d2108176414a322d8a61f48234ccd22ed061d536bd08ca751885890a366848c62778c1d0355ddde3c806e,,08/26/2025 07:50:00 AM,30,NO CONTROLS,NO CONTROLS,CLEAR,DAYLIGHT,REAR END,NOT DIVIDED,,STRAIGHT AND LEVEL,DRY,NO DEFECTS,NOT ON SCENE (DESK REPORT),NO INJURY / DRIVE AWAY,,,,"OVER $1,500",08/26/2025 08:50:00 AM,FOLLOWING TOO CLOSELY,UNABLE TO DETERMINE,5223,W,WASHINGTON BLVD,1522,,,,,,,2,NO INDICATION OF INJURY,0,0,0,0,0,4,0,7,3,8,41.8822460691,-87.7562025444,POINT (-87.756202544444 41.882246069083)
0218d267f7b1b003649a504de43a1040a535acb8beb7e9691d59776d7c7a62fc8f5c3b6ae593b6e782507551edfbca2388296a7d0fbe2db9944390c67854fa71,,08/26/2025 07:45:00 AM,30,NO CONTROLS,NO CONTROLS,CLEAR,DAYLIGHT,TURNING,NOT DIVIDED,,STRAIGHT AND LEVEL,DRY,NO DEFECTS,NOT ON SCENE (DESK REPORT),NO INJURY / DRIVE AWAY,,,,"OVER $1,500",08/26/2025 08:55:00 AM,IMPROPER OVERTAKING/PASSING,NOT APPLICABLE,5605,N,NAGLE AVE,1622,,,,,,,2,NO INDICATION OF INJURY,0,0,0,0,0,2,0,7,3,8,41.9831219463,-87.7875834476,POINT (-87.787583447623 41.983121946275)
96dd1bd80e069e132084e50cc192830432f990fb33ea37868b8689e1d14794330d398ca6008b471999478a97da9d4dcc6ded5452bef054290d74858c5b42a078,,08/26/2025 07:45:00 AM,30,TRAFFIC SIGNAL,FUNCTIONING PROPERLY,CLEAR,DAYLIGHT,REAR END,NOT DIVIDED,,STRAIGHT AND LEVEL,DRY,NO DEFECTS,NOT ON SCENE (DESK REPORT),NO INJURY / DRIVE AWAY,,,,"OVER $1,500",08/26/2025 05:25:00 PM,FOLLOWING TOO CLOSELY,NOT APPLICABLE,5100,S,CALIFORNIA AVE,923,,,,,,,2,NO INDICATION OF INJURY,0,0,0,0,0,2,0,7,3,8,41.8008956363,-87.6941441217,POINT (-87.694144121738 41.800895636272)
bca2f652fa7ec9bc26c119cbb2f782cdbd3e3001ba822e97abbc0428f67f2d6a650c03f3ebe2fd03566704bb483946fb62abd5a3579a037bf8e211f6c7b0aab3,,08/26/2025 07:45:00 AM,30,TRAFFIC SIGNAL,FUNCTIONING PROPERLY,CLEAR,DAYLIGHT,REAR END,NOT DIVIDED,,STRAIGHT AND LEVEL,DRY,NO DEFECTS,NOT ON SCENE (DESK REPORT),NO INJURY / DRIVE AWAY,Y,,,"OVER $1,500",08/26/2025 09:10:00 AM,FOLLOWING TOO CLOSELY,DRIVING SKILLS/KNOWLEDGE/EXPERIENCE,5621,W,WASHINGTON BLVD,1513,,,,,,,2,NO INDICATION OF INJURY,0,0,0,0,0,4,0,7,3,8,41.8821200015,-87.7658288628,POINT (-87.765828862815 41.882120001519)
da04fa19d7a3675e35c6127d9b7b023c605a0986d2e79841ffd556fe9916956fd15a255c5f84dcc99a40f2830c391a3e38f1f836181e4180825e6f73c446d605,,08/26/2025 07:45:00 AM,30,NO CONTROLS,NO CONTROLS,CLEAR,DAYLIGHT,TURNING,NOT DIVIDED,,STRAIGHT AND LEVEL,DRY,NO DEFECTS,NOT ON SCENE (DESK REPORT),NO INJURY / DRIVE AWAY,,,Y,"OVER $1,500",08/26/2025 10:06:00 AM,UNABLE TO DETERMINE,UNABLE TO DETERMINE,4301,W,45TH ST,815,,,,,,,2,NO INDICATION OF INJURY,0,0,0,0,0,2,0,7,3,8,41.8113251118,-87.7312718125,POINT (-87.731271812542 41.811325111839)
e42d20077013eb51c0af40b56cd1d157d5cdf8adaedfb50232d29723a5a44eaea3473669527fdac4141d1d2253f5341990b65c49e1839ad18ab774d452624676,,08/26/2025 07:45:00 AM,30,TRAFFIC SIGNAL,FUNCTIONING PROPERLY,CLEAR,DAYLIGHT,TURNING,FOUR WAY,,STRAIGHT AND LEVEL,DRY,NO DEFECTS,ON SCENE,NO INJURY / DRIVE AWAY,Y,,,"OVER $1,500",08/26/2025 07:45:00 AM,DISREGARDING TRAFFIC SIGNALS,UNABLE TO DETERMINE,200,E,MARQUETTE RD,322,,,,,,,2,NO INDICATION OF INJURY,0,0,0,0,0,5,0,7,3,8,41.7729919291,-87.6202143631,POINT (-87.620214363055 41.772991929062)