CRASH_RECORD_ID,CRASH_DATE_EST_I,CRASH_DATE,POSTED_SPEED_LIMIT,TRAFFIC_CONTROL_DEVICE,DEVICE_CONDITION,WEATHER_CONDITION,LIGHTING_CONDITION,FIRST_CRASH_TYPE,TRAFFICWAY_TYPE,LANE_CNT,ALIGNMENT,ROADWAY_SURFACE_COND,ROAD_DEFECT,REPORT_TYPE,CRASH_TYPE,INTERSECTION_RELATED_I,NOT_RIGHT_OF_WAY_I,HIT_AND_RUN_I,DAMAGE,DATE_POLICE_NOTIFIED,PRIM_CONTRIBUTORY_CAUSE,SEC_CONTRIBUTORY_CAUSE,STREET_NO,STREET_DIRECTION,STREET_NAME,BEAT_OF_OCCURRENCE,PHOTOS_TAKEN_I,STATEMENTS_TAKEN_I,DOORING_I,WORK_ZONE_I,WORK_ZONE_TYPE,WORKERS_PRESENT_I,NUM_UNITS,MOST_SEVERE_INJURY,INJURIES_TOTAL,INJURIES_FATAL,INJURIES_INCAPACITATING,INJURIES_NON_INCAPACITATING,INJURIES_REPORTED_NOT_EVIDENT,INJURIES_NO_INDICATION,INJURIES_UNKNOWN,CRASH_HOUR,CRASH_DAY_OF_WEEK,CRASH_MONTH,LATITUDE,LONGITUDE,LOCATION
79902f2dfbf1255ac625fbf5564c4a53d501dfd8fd0df143ed1ee8249ddf2315c23df86414baffebfcea22f0f01331d1a670092988f7723aa989498e2cab5656,,08/26/2025 07:43:00 AM,30,TRAFFIC SIGNAL,FUNCTIONING PROPERLY,CLEAR,DAYLIGHT,SIDESWIPE SAME DIRECTION,NOT DIVIDED,,STRAIGHT AND LEVEL,DRY,NO DEFECTS,NOT ON SCENE (DESK REPORT),NO INJURY / DRIVE AWAY,,,,"OVER $1,500",08/26/2025 01:05:00 PM,IMPROPER LANE USAGE,NOT APPLICABLE,7900,S,KEDZIE AVE,834,,,,,,,2,NO INDICATION OF INJURY,0,0,0,0,0,2,0,7,3,8,41.7497239717,-87.7025395717,POINT (-87.702539571674 41.749723971726)
4491c06b145d2826b2e9dad56e66ad2ce907065f59e92f7eed12371fe1d6724b1968ce15a141b593222089fcdaf5b8d03c87db20d573423900a4463fe803461d,,08/26/2025 07:42:00 AM,30,STOP SIGN/FLASHER,FUNCTIONING PROPERLY,CLEAR,DAYLIGHT,ANGLE,T-INTERSECTION,,STRAIGHT AND LEVEL,DRY,NO DEFECTS,ON SCENE,NO INJURY / DRIVE AWAY,Y,,,"OVER $1,500",08/26/2025 07:43:00 AM,UNABLE TO DETERMINE,NOT APPLICABLE,5398,N,WESTERN AVE,2011,,,,,,,2,NO INDICATION OF INJURY,0,0,0,0,0,2,0,7,3,8,41.9794300364,-87.6894376416,POINT (-87.689437641631 41.979430036381)
00b96ec0e2e4dc5baf66ec6b61afcd6e07ae72a4413ba4d7e2a44628354f81984913e80fa0371e70b60b18aeb9260ab3a069e2f3e965be8d23ad10c1f12a4a1e,,08/26/2025 07:40:00 AM,25,TRAFFIC SIGNAL,FUNCTIONING PROPERLY,CLEAR,DAYLIGHT,SIDESWIPE SAME DIRECTION,NOT DIVIDED,,STRAIGHT AND LEVEL,DRY,NO DEFECTS,NOT ON SCENE (DESK REPORT),NO INJURY / DRIVE AWAY,,,,"OVER $1,500",08/27/2025 08:15:00 AM,IMPROPER OVERTAKING/PASSING,NOT APPLICABLE,130,E,RANDOLPH ST,114,,,,,,,2,NO INDICATION OF INJURY,0,0,0,0,0,2,0,7,3,8,41.884588372,-87.6232725611,POINT (-87.623272561055 41.884588371969)
1188025b34f16cac8679e8a1be4d4aaa7802b30dc2d0ce99eddfb23e8ce583addfe5498d698e162478a282bb77ad91dcf4234fcfba94270f7a2cfc95fcabad78,,08/26/2025 07:40:00 AM,30,NO CONTROLS,NO CONTROLS,CLEAR,DAYLIGHT,SIDESWIPE SAME DIRECTION,NOT DIVIDED,,STRAIGHT AND LEVEL,DRY,UNKNOWN,NOT ON SCENE (DESK REPORT),NO INJURY / DRIVE AWAY,,,,"OVER $1,500",08/26/2025 09:57:00 AM,UNABLE TO DETERMINE,UNABLE TO DETERMINE,2634,N,MILWAUKEE AVE,1412,,,,,,,2,NO INDICATION OF INJURY,0,0,0,0,0,2,0,7,3,8,41.9295962035,-87.7085031524,POINT (-87.708503152364 41.929596203453)
66531dda447715842b69c3ac6d221548babf6885ec8d40e0c6288d164f5e4dda5e33166f6db015d09d0f06555067c129cf0e5d4aff2fe658572df88af3435dc2,,08/26/2025 07:40:00 AM,25,TRAFFIC SIGNAL,FUNCTIONING PROPERLY,CLEAR,DAYLIGHT,SIDESWIPE SAME DIRECTION,DIVIDED - W/MEDIAN BARRIER,,STRAIGHT AND LEVEL,DRY,NO DEFECTS,NOT ON SCENE (DESK REPORT),NO INJURY / DRIVE AWAY,,,,"OVER $1,500",08/26/2025 08:30:00 AM,UNABLE TO DETERMINE,UNABLE TO DETERMINE,100,E,RANDOLPH ST,114,,,,,,,2,NO INDICATION OF INJURY,0,0,0,0,0,2,0,7,3,8,41.8845772195,-87.6244036339,POINT (-87.62440363391 41.884577219487)
e56503f3d4bcea61ce517cdd1439bb4ee2f9ffebfc57530d456e7bab56681ae2e40b0702d8b401510eaae2de51b0c8bf56022d8a8de98f5e369b4583d8b878a5,,08/26/2025 07:40:00 AM,30,NO CONTROLS,NO CONTROLS,CLEAR,DAYLIGHT,TURNING,PARKING LOT,,STRAIGHT AND LEVEL,DRY,NO DEFECTS,ON SCENE,NO INJURY / DRIVE AWAY,,,Y,"OVER $1,500",08/26/2025 07:55:00 AM,FAILING TO YIELD RIGHT-OF-WAY,UNABLE TO DETERMINE,3108,S,HALSTED ST,913,,,,,,,2,NO INDICATION OF INJURY,0,0,0,0,0,4,0,7,3,8,41.8377364586,-87.6464167637,POINT (-87.646416763692 41.837736458648)
6fe2f4258f2a2018af7e74e24d2824c39202dcca49314f82d9f31bc57a3df57af266ee9899e088046f9c61890b1dd6c41452a2b0e2f9a6c01e1efb0aa258937b,,08/26/2025 07:35:00 AM,30,NO CONTROLS,NO CONTROLS,CLEAR,DAYLIGHT,ANIMAL,NOT DIVIDED,,STRAIGHT AND LEVEL,UNKNOWN,UNKNOWN,NOT ON SCENE (DESK REPORT),NO INJURY / DRIVE AWAY,,,,"OVER $1,500",08/26/2025 09:01:00 AM,UNABLE TO DETERMINE,UNABLE TO DETERMINE,519,W,125TH PL,523,,,,,,,1,NO INDICATION OF INJURY,0,0,0,0,0,1,0,7,3,8,41.6659591992,-87.6351288604,POINT (-87.63512886038 41.665959199238)
0aca8925e666150cfff09589dd2d62166530be1fbc39ea0888a089278f5d85d9e19f927ac54b58a2dd5a3a8036b044ff99585564fa29cf5d66534f4f18118722,,08/26/2025 07:30:00 AM,30,NO CONTROLS,NO CONTROLS,CLEAR,DAYLIGHT,TURNING,NOT DIVIDED,,STRAIGHT AND LEVEL,DRY,NO DEFECTS,NOT ON SCENE (DESK REPORT),NO INJURY / DRIVE AWAY,,,Y,"OVER $1,500",08/26/2025 08:48:00 AM,UNABLE TO DETERMINE,UNABLE TO DETERMINE,6311,S,CALIFORNIA AVE,825,,,,,,,2,NO INDICATION OF INJURY,0,0,0,0,0,2,0,7,3,8,41.7787379461,-87.6932360914,POINT (-87.69323609142 41.778737946089)
141d0408accb570476d17ec121b42382fe1e5f4f1411e5bd005748c971599525638d6f25f30bf552c1c37cd9af2ec3be75bce12cf46ba45f13cf7c0ab03b321d,,08/26/2025 07:30:00 AM,30,TRAFFIC SIGNAL,FUNCTIONING PROPERLY,CLEAR,DAYLIGHT,TURNING,NOT DIVIDED,,STRAIGHT AND LEVEL,DRY,NO DEFECTS,NOT ON SCENE (DESK REPORT),NO INJURY / DRIVE AWAY,Y,,,"OVER $1,500",08/26/2025 08:50:00 AM,FAILING TO YIELD RIGHT-OF-WAY,UNABLE TO DETERMINE,11100,S,PULASKI RD,2211,,,,,,,2,NO INDICATION OF INJURY,0,0,0,0,0,2,0,7,3,8,41.6910951109,-87.720455524,POINT (-87.720455523992 41.691095110917)
1cbf1662ad355ec385e3bf0624b06cb745a5661953aeeae0d07a892c67ca4e83646fffffeae4d633e9f2c0b42c9f5d33c6c736f430a847cb9da11fb5b173d6c8,,08/26/2025 07:30:00 AM,30,STOP SIGN/FLASHER,OTHER,CLEAR,DAYLIGHT,ANGLE,NOT DIVIDED,,STRAIGHT AND LEVEL,DRY,NO DEFECTS,ON SCENE,INJURY AND / OR TOW DUE TO CRASH,,,,"OVER $1,500",08/26/2025 07:33:00 AM,FAILING TO YIELD RIGHT-OF-WAY,DISREGARDING STOP SIGN,4800,S,MICHIGAN AVE,224,,,,,,,2,INCAPACITATING INJURY,1,0,1,0,0,1,0,7,3,8,41.8073730019,-87.6229305547,POINT (-87.622930554709 41.807373001937)
24b5fd059cb22970a1ea877f96a2e0230e2dd7bbb5fe2e7d358a8d498cab69322abf46184a3bbf74100242d90096a36334fd5840fcdeb92fd76b964acb2ac352,,08/26/2025 07:30:00 AM,25,TRAFFIC SIGNAL,FUNCTIONING PROPERLY,CLEAR,DAYLIGHT,REAR END,ONE-WAY,,STRAIGHT AND LEVEL,DRY,NO DEFECTS,NOT ON SCENE (DESK REPORT),NO INJURY / DRIVE AWAY,,,,"OVER $1,500",08/26/2025 08:30:00 AM,UNABLE TO DETERMINE,NOT APPLICABLE,11058,S,ASHLAND AVE,2234,,,,,,,2,NO INDICATION OF INJURY,0,0,0,0,0,2,0,7,3,8,41.6921368026,-87.66199053,POINT (-87.661990530007 41.692136802625)
bff91985dc8bcd819e9090266b3acdddb12157e363a5308105c6b9bb5c0d3044a270675fb4d61b05434783679626eef5dc79f1123275a9c64151a225bd9f5059,,08/26/2025 07:30:00 AM,30,NO CONTROLS,NO CONTROLS,CLEAR,DAYLIGHT,ANGLE,ONE-WAY,,STRAIGHT AND LEVEL,DRY,NO DEFECTS,NOT ON SCENE (DESK REPORT),NO INJURY / DRIVE AWAY,,,,"$501 - $1,500",08/26/2025 07:55:00 AM,FAILING TO YIELD RIGHT-OF-WAY,UNABLE TO DETERMINE,4969,N,MAJOR AVE,1622,,,,,,,2,NO INDICATION OF INJURY,0,0,0,0,0,2,0,7,3,8,41.9715243198,-87.7708399485,POINT (-87.770839948458 41.971524319836)
f4ed43cd44a2cfb237c9af3ef4c4764cbe049ec33ca6233ff153378b0edcfe5c3a08fd56f7cf4e8a0c57260478a6222daf67e25a217af0a5f3af864bd21f280b,,08/26/2025 07:30:00 AM,25,UNKNOWN,UNKNOWN,CLEAR,DAYLIGHT,TURNING,DIVIDED - W/MEDIAN (NOT RAISED),,STRAIGHT AND LEVEL,DRY,NO DEFECTS,NOT ON SCENE (DESK REPORT),NO INJURY / DRIVE AWAY,,,,"OVER $1,500",08/27/2025 06:40:00 AM,UNABLE TO DETERMINE,UNABLE TO DETERMINE,2724,N,CALIFORNIA AVE,1411,,,,,,,2,NO INDICATION OF INJURY,0,0,0,0,0,2,0,7,3,8,41.9310414841,-87.6977400585,POINT (-87.697740058465 41.931041484116)
5ad8a42baeff66558a55a4faf0cba215638d96535eceb9eefd5e4cf09aab49f5c9465c1fa4e8b9fbdba9981c2646a5f17de83550e424d575f9a9711ec0169f0b,,08/26/2025 07:28:00 AM,30,TRAFFIC SIGNAL,UNKNOWN,CLEAR,DAYLIGHT,PARKED MOTOR VEHICLE,DIVIDED - W/MEDIAN (NOT RAISED),,STRAIGHT AND LEVEL,DRY,NO DEFECTS,ON SCENE,NO INJURY / DRIVE AWAY,,,,"$501 - $1,500",08/26/2025 07:37:00 AM,NOT APPLICABLE,NOT APPLICABLE,4308,W,IRVING PARK RD,1722,,Y,,,,,2,NO INDICATION OF INJURY,0,0,0,0,0,6,0,7,3,8,41.9536612498,-87.7358584559,POINT (-87.735858455943 41.953661249822)
69618bea78c1793bf238fec00dc110e4146e69a7f738df31770c952e3ad6099081d5a6c090527dfa19e323552c478732b94f7e88fe3925abb2d0751f37fa441f,,08/26/2025 07:28:00 AM,30,NO CONTROLS,NO CONTROLS,CLEAR,UNKNOWN,ANIMAL,DIVIDED - W/MEDIAN (NOT RAISED),,STRAIGHT AND LEVEL,UNKNOWN,UNKNOWN,NOT ON SCENE (DESK REPORT),INJURY AND / OR TOW DUE TO CRASH,,,,"OVER $1,500",08/26/2025 09:45:00 AM,UNABLE TO DETERMINE,UNABLE TO DETERMINE,519,W,125TH PL,523,,,,,,,2,INCAPACITATING INJURY,1,0,1,0,0,1,0,7,3,8,41.6659591992,-87.6351288604,POINT (-87.63512886038 41.665959199238)
150f4ccf7573cc8bd7422bdfcf7a4d47194c49ebc98d5e7f471ffa3e638e78e221968b9dd1ba58a05c46445223caf0ba7b00026a40e71aa438cd92e77447192c,,08/26/2025 07:23:00 AM,30,NO CONTROLS,NO CONTROLS,CLEAR,DAYLIGHT,TURNING,NOT DIVIDED,,STRAIGHT AND LEVEL,DRY,NO DEFECTS,ON SCENE,INJURY AND / OR TOW DUE TO CRASH,,,,"OVER $1,500",08/26/2025 07:24:00 AM,FAILING TO YIELD RIGHT-OF-WAY,UNABLE TO DETERMINE,2816,W,PRATT BLVD,2411,,,,,,,2,NONINCAPACITATING INJURY,1,0,0,1,0,1,0,7,3,8,42.0049473348,-87.7005014777,POINT (-87.700501477688 42.004947334788)
2e98c916587bd8dc77948ad4ce63a3010bb34639bcb289fd12bc8368610a71c8d29d5b8adaa995262b9afbbff6bdb9293727a425c55ef70ae143fbf025b548d4,,08/26/2025 07:21:00 AM,25,NO CONTROLS,NO CONTROLS,CLEAR,DAYLIGHT,TURNING,NOT DIVIDED,,STRAIGHT AND LEVEL,DRY,NO DEFECTS,ON SCENE,INJURY AND / OR TOW DUE TO CRASH,,,,"OVER $1,500",08/26/2025 08:20:00 AM,FAILING TO YIELD RIGHT-OF-WAY,FAILING TO REDUCE SPEED TO AVOID CRASH,7353,S,CICERO AVE,833,,,,,,,2,NO INDICATION OF INJURY,0,0,0,0,0,3,0,7,3,8,41.7591297139,-87.7415536494,POINT (-87.741553649368 41.759129713907)
d626b8638f228da50275887e75f3f50ec1958a3d70eac613831ee2ade5fc352258c1c234326c3b0243ec753329e174c5756b46ea96227540eed6a0f94da37720,,08/26/2025 07:21:00 AM,30,TRAFFIC SIGNAL,FUNCTIONING PROPERLY,CLEAR,DAYLIGHT,ANGLE,FOUR WAY,,STRAIGHT AND LEVEL,DRY,UNKNOWN,ON SCENE,INJURY AND / OR TOW DUE TO CRASH,Y,,,"OVER $1,500",08/26/2025 07:22:00 AM,UNABLE TO DETERMINE,UNABLE TO DETERMINE,7400,S,RACINE AVE,734,,,,,,,2,"REPORTED, NOT EVIDENT",4,0,0,0,4,1,0,7,3,8,41.7595469084,-87.6541177478,POINT (-87.654117747793 41.759546908416)
ea8dd441391127a38eb32bf2c38cd41ae623689d95bc798e87ba358cb288203a5c3834cdda5871c0639fb89b8adce5e8e86d6dc98a677cb0e762736c85ef8fba,,08/26/2025 07:20:00 AM,30,NO CONTROLS,NO CONTROLS,CLEAR,DAYLIGHT,SIDESWIPE SAME DIRECTION,DIVIDED - W/MEDIAN (NOT RAISED),,STRAIGHT AND LEVEL,DRY,UNKNOWN,ON SCENE,INJURY AND / OR TOW DUE TO CRASH,,,,$500 OR LESS,08/26/2025 07:25:00 AM,IMPROPER OVERTAKING/PASSING,UNABLE TO DETERMINE,8300,S,DORCHESTER AVE,412,,,,,,,2,"REPORTED, NOT EVIDENT",1,0,0,0,1,3,0,7,3,8,41.7440488411,-87.590595042,POINT (-87.590595042037 41.744048841075)
e85f427a9362060e64b8fc5651d9370f7d465904d27201f4728221c8a82943217c1bdbdfd056a3c387d6e577fee8cd1af459c8c441cd0e5cf904ac5e04d32092,,08/26/2025 07:18:00 AM,25,STOP SIGN/FLASHER,NO CONTROLS,CLEAR,DAYLIGHT,REAR END,NOT DIVIDED,,STRAIGHT AND LEVEL,DRY,NO DEFECTS,ON SCENE,NO INJURY / DRIVE AWAY,,,,"$501 - $1,500",08/26/2025 07:20:00 AM,FOLLOWING TOO CLOSELY,FOLLOWING TOO CLOSELY,12700,S,HALSTED ST,523,,,,,,,2,NO INDICATION OF INJURY,0,0,0,0,0,2,0,7,3,8,41.6631821012,-87.6415652652,POINT (-87.641565265157 41.663182101231)
0eeec463fef4c9da3cc3387da136a2e4a4bd06fe455032ae620df39c9b9e96ea838006b20d8476a41e3302a29271e2c79e82dae3f8291ca281e2a545351625ff,Y,08/26/2025 07:15:00 AM,10,NO CONTROLS,NO CONTROLS,CLEAR,DAYLIGHT,ANGLE,OTHER,,STRAIGHT AND LEVEL,DRY,NO DEFECTS,ON SCENE,INJURY AND / OR TOW DUE TO CRASH,,,,"OVER $1,500",08/26/2025 07:20:00 AM,FAILING TO YIELD RIGHT-OF-WAY,DRIVING SKILLS/KNOWLEDGE/EXPERIENCE,1943,N,KARLOV AVE,2534,,,,,,,2,"REPORTED, NOT EVIDENT",1,0,0,0,1,2,0,7,3,8,41.9165933568,-87.7288354369,POINT (-87.728835436876 41.916593356777)
3c9da90b253b50272cb89c3ddabc260db3c695cf2b56abb1fd18720422101375a7a00b7f8603664f6dceac14352a0e06985c157c4bda4a1f728cd70a035a4ed2,,08/26/2025 07:15:00 AM,30,TRAFFIC SIGNAL,FUNCTIONING PROPERLY,CLEAR,DAYLIGHT,TURNING,FOUR WAY,,STRAIGHT AND LEVEL,DRY,NO DEFECTS,ON SCENE,NO INJURY / DRIVE AWAY,Y,,,"OVER $1,500",08/26/2025 07:26:00 AM,"VISION OBSCURED (SIGNS, TREE LIMBS, BUILDINGS, ETC.)",UNABLE TO DETERMINE,4101,S,PULASKI RD,821,,,,,,,2,NO INDICATION OF INJURY,0,0,0,0,0,2,0,7,3,8,41.8183541449,-87.7238030077,POINT (-87.723803007726 41.818354144933)
c3412680de9e847ef0b8d03b8130a2b8fcf9fdcd441b956d9dc278b587ddaf7b42bba4d4f89737c45460f0b48b185b4fe5243514d1719dda4c058ecc58709981,,08/26/2025 07:15:00 AM,25,TRAFFIC SIGNAL,FUNCTIONING PROPERLY,CLEAR,DAYLIGHT,REAR END,NOT DIVIDED,,STRAIGHT AND LEVEL,DRY,NO DEFECTS,NOT ON SCENE (DESK REPORT),NO INJURY / DRIVE AWAY,,,,$500 OR LESS,08/26/2025 10:50:00 AM,FOLLOWING TOO CLOSELY,NOT APPLICABLE,341,W,CHICAGO AVE,1831,,,,,,,2,NO INDICATION OF INJURY,0,0,0,0,0,2,0,7,3,8,41.8964401598,-87.6372403023,POINT (-87.637240302314 41.896440159835)
ac7bb10496e656c3958e12138bf553e7fa37f6fe2955e27271a8fa4a7d1aae41e07450430868294f1b793cad7c13b84e0d1d0dcef52d540638035d574b9d363b,,08/26/2025 07:14:00 AM,30,NO CONTROLS,NO CONTROLS,CLEAR,DAYLIGHT,PEDESTRIAN,DIVIDED - W/MEDIAN BARRIER,,STRAIGHT AND LEVEL,UNKNOWN,UNKNOWN,NOT ON SCENE (DESK REPORT),INJURY AND / OR TOW DUE TO CRASH,,,,"OVER $1,500",08/26/2025 09:30:00 AM,UNABLE TO DETERMINE,UNABLE TO DETERMINE,2259,W,PETERSON AVE,2012,,,,,,,2,NONINCAPACITATING INJURY,1,0,0,1,0,1,0,7,3,8,41.9904345056,-87.6870812473,POINT (-87.687081247256 41.990434505612)
210766d7b8d48706f74314b2d8f182ea443472e44886ea81ee49b5f2d9b1b1b91a0a1aff18d3c31991c1a819ab310bc2ac6b64ef0b59897bb14ce663d523ec1c,,08/26/2025 07:09:00 AM,35,NO CONTROLS,NO CONTROLS,CLEAR,DAYLIGHT,REAR END,FOUR WAY,,STRAIGHT AND LEVEL,DRY,NO DEFECTS,NOT ON SCENE (DESK REPORT),NO INJURY / DRIVE AWAY,,,,"OVER $1,500",08/26/2025 08:00:00 AM,UNABLE TO DETERMINE,UNABLE TO DETERMINE,10301,S,SEELEY AVE,2212,,,,,,,2,NO INDICATION OF INJURY,0,0,0,0,0,2,0,7,3,8,41.706432248,-87.6728830132,POINT (-87.67288301315 41.706432248036)
557a68431e37e1cb2bcd387b18fb9616c7951f3836744109ec7a85ab86b047594043e38221aa5c6008ea48fee3055e2cd7ed7c888eb356609bec97f264f7e1dd,,08/26/2025 07:05:00 AM,30,TRAFFIC SIGNAL,FUNCTIONING PROPERLY,CLEAR,DAYLIGHT,SIDESWIPE SAME DIRECTION,DIVIDED - W/MEDIAN BARRIER,,STRAIGHT AND LEVEL,DRY,NO DEFECTS,ON SCENE,NO INJURY / DRIVE AWAY,,,,$500 OR LESS,08/26/2025 07:07:00 AM,UNABLE TO DETERMINE,NOT APPLICABLE,365,E,GARFIELD BLVD,231,,,,,,,2,NO INDICATION OF INJURY,0,0,0,0,0,3,0,7,3,8,41.7943586858,-87.6165906678,POINT (-87.616590667773 41.794358685836)
2907141710518c4d57c1a9e69772727ccae57f3743e20870fd31d865e54442f31ec7a7b71f8c9354946d05e0150743d52cdc93edb73925d85f8c4e32a887807f,,08/26/2025 07:00:00 AM,30,NO CONTROLS,NO CONTROLS,CLEAR,DAYLIGHT,PEDESTRIAN,NOT DIVIDED,,STRAIGHT AND LEVEL,DRY,NO DEFECTS,NOT ON SCENE (DESK REPORT),NO INJURY / DRIVE AWAY,,,Y,$500 OR LESS,08/26/2025 10:50:00 AM,FAILING TO YIELD RIGHT-OF-WAY,UNABLE TO DETERMINE,4431,S,ARCHER AVE,821,,,,,,,2,NO INDICATION OF INJURY,0,0,0,0,0,2,0,7,3,8,41.8126289892,-87.7063942041,POINT (-87.706394204098 41.812628989175)
6ed01f76755206a3d5edda6becae586d62e8dd9a50267effe9caf04e5f580dc87074ded58e7bb21d29a1eeba8117e6b956fb1b33cfa8fca1c7701613c00efa93,,08/26/2025 06:52:00 AM,30,NO CONTROLS,NO CONTROLS,CLEAR,DAYLIGHT,SIDESWIPE SAME DIRECTION,NOT DIVIDED,,STRAIGHT AND LEVEL,DRY,NO DEFECTS,ON SCENE,NO INJURY / DRIVE AWAY,,,,"OVER $1,500",08/26/2025 06:52:00 AM,DRIVING SKILLS/KNOWLEDGE/EXPERIENCE,NOT APPLICABLE,3048,W,FULLERTON AVE,1414,,,,,,,3,NO INDICATION OF INJURY,0,0,0,0,0,4,0,6,3,8,41.9248545394,-87.7041675434,POINT (-87.704167543388 41.924854539421)
0cb760091bdcbb7a08012a0690c510a2d53c9236e17666549987f49f1ba98f15594ae5ea44861f0db7f1164bf08c90fcd86711f85c221a8eaafee540b692f31c,,08/26/2025 06:50:00 AM,25,NO CONTROLS,NO CONTROLS,UNKNOWN,DUSK,SIDESWIPE SAME DIRECTION,NOT DIVIDED,,STRAIGHT AND LEVEL,UNKNOWN,UNKNOWN,NOT ON SCENE (DESK REPORT),NO INJURY / DRIVE AWAY,,,,"OVER $1,500",08/26/2025 03:05:00 PM,IMPROPER OVERTAKING/PASSING,NOT APPLICABLE,4821,W,BELMONT AVE,2521,,,,,,,2,NO INDICATION OF INJURY,0,0,0,0,0,2,0,6,3,8,41.9387063115,-87.7477597241,POINT (-87.747759724096 41.938706311541)
aa81b44f59237054ffdbcccd6864f03b434e94d094a0c7f65fdcb5412e021cf17d779e3d7aabe184213434186a588e34692396861bb5b2605eac1f679cb36d49,Y,08/26/2025 06:45:00 AM,15,NO CONTROLS,NO CONTROLS,CLEAR,DAYLIGHT,PARKED MOTOR VEHICLE,PARKING LOT,,STRAIGHT AND LEVEL,DRY,NO DEFECTS,NOT ON SCENE (DESK REPORT),NO INJURY / DRIVE AWAY,,,Y,$500 OR LESS,08/26/2025 08:35:00 AM,UNABLE TO DETERMINE,UNABLE TO DETERMINE,5801,N,PULASKI RD,1711,,,,,,,2,NO INDICATION OF INJURY,0,0,0,0,0,1,0,6,3,8,41.9859315142,-87.72836921,POINT (-87.728369210034 41.985931514183)
ce70c3e4eba28fbfc5b0ec6de333843937e41af46afd42e57214c9f2505b4dcc2c392b21a63a2675ebdf665da80dc08cbba959b6d7a3d3c8ad0a505c2ad562d3,Y,08/26/2025 06:30:00 AM,30,UNKNOWN,UNKNOWN,UNKNOWN,UNKNOWN,PARKED MOTOR VEHICLE,ONE-WAY,,STRAIGHT AND LEVEL,UNKNOWN,UNKNOWN,NOT ON SCENE (DESK REPORT),NO INJURY / DRIVE AWAY,,,Y,"OVER $1,500",08/26/2025 06:15:00 PM,UNABLE TO DETERMINE,UNABLE TO DETERMINE,2546,W,EASTWOOD AVE,1911,,,,,,,2,NO INDICATION OF INJURY,0,0,0,0,0,1,0,6,3,8,41.9658153264,-87.6931377696,POINT (-87.693137769618 41.96581532643)
fff9f028f41841551a0316da6234926801a0f64490ef5e4ff13dbd090b243a398bac717740c60fd03e6c265c9edd1e9c007c530fb1e29d612f0ff2cea6c2067c,,08/26/2025 06:04:00 AM,30,NO CONTROLS,NO CONTROLS,CLEAR,DAYLIGHT,TURNING,NOT DIVIDED,,STRAIGHT AND LEVEL,DRY,NO DEFECTS,ON SCENE,INJURY AND / OR TOW DUE TO CRASH,,,,"OVER $1,500",08/26/2025 06:04:00 AM,FAILING TO REDUCE SPEED TO AVOID CRASH,FAILING TO YIELD RIGHT-OF-WAY,7453,N,SHERIDAN RD,2422,,,,,,,2,NO INDICATION OF INJURY,0,0,0,0,0,2,0,6,3,8,42.0177918833,-87.6654517308,POINT (-87.665451730819 42.017791883319)
641619ba2a62739f6eb7d8090eced41ae274207ece654231af91cbe50e7441fbe6ae734f80e989f6d8551400e2d332fc779554c075419b3d63095f6d718c03f0,,08/26/2025 06:00:00 AM,30,NO CONTROLS,NO CONTROLS,UNKNOWN,UNKNOWN,PARKED MOTOR VEHICLE,ONE-WAY,,STRAIGHT AND LEVEL,UNKNOWN,UNKNOWN,NOT ON SCENE (DESK REPORT),NO INJURY / DRIVE AWAY,,,Y,"OVER $1,500",08/26/2025 07:10:00 PM,UNABLE TO DETERMINE,UNABLE TO DETERMINE,1017,N,AVERS AVE,1112,,,,,,,2,NO INDICATION OF INJURY,0,0,0,0,0,1,0,6,3,8,41.8995990566,-87.7224000619,POINT (-87.722400061879 41.899599056571)
1ca830d56da152c87f54b8d6f4392ad515b8219a40f4c728685289f3ab6654753dc6e2299a1c68b894f0ee1c72869415cb8396052089e344a21d153badc2d839,,08/26/2025 05:30:00 AM,25,TRAFFIC SIGNAL,FUNCTIONING PROPERLY,CLEAR,DAWN,TURNING,"FIVE POINT, OR MORE",,STRAIGHT AND LEVEL,DRY,NO DEFECTS,ON SCENE,NO INJURY / DRIVE AWAY,,,Y,"OVER $1,500",08/26/2025 08:30:00 AM,IMPROPER TURNING/NO SIGNAL,UNABLE TO DETERMINE,730,W,GRAND AVE,1214,,,,,,,2,NO INDICATION OF INJURY,0,0,0,0,0,2,0,5,3,8,41.8912973761,-87.6471309148,POINT (-87.647130914831 41.89129737612)
6ecf7a88b03b409428d125c6e0287e099883a55950fcb6977782d655220c20ae053c06798b0b363febfe5040974ac8883866e4895915e68e0ac1f47486454f45,,08/26/2025 05:21:00 AM,35,NO CONTROLS,UNKNOWN,CLEAR,"DARKNESS, LIGHTED ROAD",TURNING,DIVIDED - W/MEDIAN (NOT RAISED),,STRAIGHT AND LEVEL,DRY,NO DEFECTS,,INJURY AND / OR TOW DUE TO CRASH,Y,,,"OVER $1,500",08/26/2025 05:25:00 AM,FAILING TO YIELD RIGHT-OF-WAY,FAILING TO REDUCE SPEED TO AVOID CRASH,5503,W,NORTH AVE,2532,,,,,,,2,NO INDICATION OF INJURY,0,0,0,0,0,2,0,5,3,8,41.9092935502,-87.7634569014,POINT (-87.763456901444 41.909293550196)
bc07a84b80dfce780bd5ba2bbe4f6ce5f915bfa225acc0c17747a4425397ca08b1d1f5105de8d17dffa5836dc5eab72a4a357010b4ed994438fc05e4f798f8e2,,08/26/2025 04:12:00 AM,30,NO CONTROLS,NO CONTROLS,CLEAR,DUSK,SIDESWIPE SAME DIRECTION,NOT DIVIDED,,STRAIGHT AND LEVEL,DRY,NO DEFECTS,ON SCENE,NO INJURY / DRIVE AWAY,,,Y,"OVER $1,500",08/26/2025 07:15:00 AM,UNABLE TO DETERMINE,NOT APPLICABLE,301,S,COLUMBUS DR,114,,,,,,,2,NO INDICATION OF INJURY,0,0,0,0,0,2,0,4,3,8,41.8782699191,-87.620528612,POINT (-87.620528612011 41.87826991907)