CRASH_RECORD_ID,CRASH_DATE_EST_I,CRASH_DATE,POSTED_SPEED_LIMIT,TRAFFIC_CONTROL_DEVICE,DEVICE_CONDITION,WEATHER_CONDITION,LIGHTING_CONDITION,FIRST_CRASH_TYPE,TRAFFICWAY_TYPE,LANE_CNT,ALIGNMENT,ROADWAY_SURFACE_COND,ROAD_DEFECT,REPORT_TYPE,CRASH_TYPE,INTERSECTION_RELATED_I,NOT_RIGHT_OF_WAY_I,HIT_AND_RUN_I,DAMAGE,DATE_POLICE_NOTIFIED,PRIM_CONTRIBUTORY_CAUSE,SEC_CONTRIBUTORY_CAUSE,STREET_NO,STREET_DIRECTION,STREET_NAME,BEAT_OF_OCCURRENCE,PHOTOS_TAKEN_I,STATEMENTS_TAKEN_I,DOORING_I,WORK_ZONE_I,WORK_ZONE_TYPE,WORKERS_PRESENT_I,NUM_UNITS,MOST_SEVERE_INJURY,INJURIES_TOTAL,INJURIES_FATAL,INJURIES_INCAPACITATING,INJURIES_NON_INCAPACITATING,INJURIES_REPORTED_NOT_EVIDENT,INJURIES_NO_INDICATION,INJURIES_UNKNOWN,CRASH_HOUR,CRASH_DAY_OF_WEEK,CRASH_MONTH,LATITUDE,LONGITUDE,LOCATION
35987dbfe439969c51219fae1b19e44088a777c14b04d209799e7008076439befe97923c475a8e737d0ca47925e199413ee98166792e7dc5b7f1e9bd9f3fa77e,,08/26/2025 02:50:00 AM,30,TRAFFIC SIGNAL,FUNCTIONING PROPERLY,CLEAR,"DARKNESS, LIGHTED ROAD",SIDESWIPE SAME DIRECTION,NOT DIVIDED,,STRAIGHT AND LEVEL,DRY,NO DEFECTS,ON SCENE,NO INJURY / DRIVE AWAY,,,N,$500 OR LESS,08/26/2025 03:14:00 AM,UNABLE TO DETERMINE,UNABLE TO DETERMINE,7600,S,YATES BLVD,414,,,,,,,2,NO INDICATION OF INJURY,0,0,0,0,0,2,0,2,3,8,41.7570665007,-87.5664801163,POINT (-87.5664801163 41.757066500677)
bfbb45a13279a6f437555aaaa969c01cc79bf642e87e80b99ff7813efeba0799f05254c70d7891b65bd7f71b62e5db902fb917a7e5344ee7296fa0e3963d6913,Y,08/26/2025 02:15:00 AM,30,NO CONTROLS,NO CONTROLS,CLEAR,"DARKNESS, LIGHTED ROAD",PARKED MOTOR VEHICLE,NOT DIVIDED,,STRAIGHT AND LEVEL,DRY,NO DEFECTS,NOT ON SCENE (DESK REPORT),INJURY AND / OR TOW DUE TO CRASH,,,Y,"$501 - $1,500",08/26/2025 05:00:00 PM,UNABLE TO DETERMINE,UNABLE TO DETERMINE,1239,E,93RD ST,413,,,,,,,2,NO INDICATION OF INJURY,0,0,0,0,0,1,0,2,3,8,41.7257609789,-87.5933510445,POINT (-87.59335104453 41.725760978923)
05458cd3c94430a438b3dbe68a3aafe8f284593c39eb53bed5331ec9d26e50ef28a45b8932f2b127ef99dfd952f3c3e8e1cb3b9d00cf9d754d1bfbadf73a78eb,,08/26/2025 02:00:00 AM,30,NO CONTROLS,NO CONTROLS,CLEAR,"DARKNESS, LIGHTED ROAD",PARKED MOTOR VEHICLE,NOT DIVIDED,,STRAIGHT AND LEVEL,DRY,NO DEFECTS,NOT ON SCENE (DESK REPORT),NO INJURY / DRIVE AWAY,,,Y,"OVER $1,500",08/26/2025 04:05:00 PM,UNABLE TO DETERMINE,NOT APPLICABLE,6812,S,KOLIN AVE,833,,,,,,,2,NO INDICATION OF INJURY,0,0,0,0,0,1,0,2,3,8,41.7690205106,-87.7311934084,POINT (-87.731193408396 41.769020510575)
c0ebe2c235ab9dcb400298c2c207c09ea71bcd89c9bce3ba6a4dc1b0d11fbfe2c5797e3219062253e0cb7cbda598545cc42b8ee7c74d9a5bf82643885a404503,,08/26/2025 01:06:00 AM,30,TRAFFIC SIGNAL,FUNCTIONING PROPERLY,CLEAR,"DARKNESS, LIGHTED ROAD",ANGLE,FOUR WAY,,STRAIGHT AND LEVEL,DRY,NO DEFECTS,ON SCENE,INJURY AND / OR TOW DUE TO CRASH,,,,"OVER $1,500",08/26/2025 01:12:00 AM,DISREGARDING TRAFFIC SIGNALS,NOT APPLICABLE,498,N,STATE ST,1831,,,,,,,2,NONINCAPACITATING INJURY,1,0,0,1,0,2,0,1,3,8,41.8908233396,-87.6281835944,POINT (-87.628183594381 41.890823339552)
80f654d826f2f82d4107e6e18ca3f835d842b48580470850d26843b648e2dac34d9b16106552398b679472f29e54d3d6bed96ed33f0356a7fbca5cf341fae835,,08/26/2025 12:52:00 AM,10,NO CONTROLS,NO CONTROLS,CLEAR,"DARKNESS, LIGHTED ROAD",FIXED OBJECT,PARKING LOT,,STRAIGHT AND LEVEL,DRY,NO DEFECTS,ON SCENE,NO INJURY / DRIVE AWAY,,Y,,$500 OR LESS,08/26/2025 12:52:00 AM,DRIVING SKILLS/KNOWLEDGE/EXPERIENCE,UNABLE TO DETERMINE,10255,W,ZEMKE RD,1654,,,,,,,1,NO INDICATION OF INJURY,0,0,0,0,0,1,0,0,3,8,41.9947933861,-87.8827076595,POINT (-87.882707659516 41.994793386112)
315f74bc6c1f27d7eab2cde4e10677276b53a1ffbb62701013db21403784e6bd85e9fc5325cddca5d9e8254ff9f00c0dd2e5730f9465e8d60e3690f2d11c89a9,,08/26/2025 12:35:00 AM,35,NO CONTROLS,NO CONTROLS,CLEAR,DARKNESS,PARKED MOTOR VEHICLE,NOT DIVIDED,,STRAIGHT AND LEVEL,UNKNOWN,UNKNOWN,NOT ON SCENE (DESK REPORT),INJURY AND / OR TOW DUE TO CRASH,,,Y,"OVER $1,500",08/26/2025 02:00:00 PM,UNABLE TO DETERMINE,NOT APPLICABLE,7800,S,HONORE ST,611,,,,,,,2,NO INDICATION OF INJURY,0,0,0,0,0,1,0,0,3,8,41.7520065421,-87.6696920014,POINT (-87.669692001405 41.752006542118)
1ee919bf2321c2e953faf25ed21d1058409e503c55384f9258db62ed719fb2fe1c0d26af856ed34530d714e0e94f5efa351cb400697d1e4c745c2774455d9761,,08/26/2025 12:15:00 AM,25,NO CONTROLS,NO CONTROLS,CLEAR,"DARKNESS, LIGHTED ROAD",PARKED MOTOR VEHICLE,NOT DIVIDED,,STRAIGHT AND LEVEL,DRY,NO DEFECTS,NOT ON SCENE (DESK REPORT),NO INJURY / DRIVE AWAY,,,Y,"OVER $1,500",08/27/2025 06:25:00 AM,UNABLE TO DETERMINE,NOT APPLICABLE,8506,W,ARGYLE ST,1614,,,,,,,2,NO INDICATION OF INJURY,0,0,0,0,0,1,0,0,3,8,41.9703049407,-87.8387444772,POINT (-87.838744477181 41.970304940714)
cbfcc5d5c7b46bb0d4db04b48f6d643bdc61243c066d81e944045b04fa58c2d0dddb312e9aa9abfda16a1e368e9909761d996d62e1f8fa55cb35baaf4ae030a0,,08/26/2025 12:00:00 AM,30,TRAFFIC SIGNAL,FUNCTIONING PROPERLY,CLEAR,DARKNESS,ANGLE,NOT DIVIDED,,STRAIGHT AND LEVEL,DRY,NO DEFECTS,ON SCENE,INJURY AND / OR TOW DUE TO CRASH,,,,"OVER $1,500",08/26/2025 12:00:00 AM,UNABLE TO DETERMINE,NOT APPLICABLE,399,E,69TH ST,322,,,,,,,2,NONINCAPACITATING INJURY,5,0,0,5,0,0,0,0,3,8,41.7692284113,-87.6154317765,POINT (-87.615431776544 41.769228411278)
c645354ee07d43895279821342c76e2db4ecfb7d8460e780503b7c8821329015a023f2958c8ac595ecbaf3b1fcb253f76d080375f3b7b7d875485b4767c52a1c,,08/25/2025 11:46:00 PM,30,NO CONTROLS,NO CONTROLS,CLEAR,"DARKNESS, LIGHTED ROAD",OTHER OBJECT,ONE-WAY,,STRAIGHT AND LEVEL,DRY,"RUT, HOLES",ON SCENE,INJURY AND / OR TOW DUE TO CRASH,,,,"$501 - $1,500",08/26/2025 12:01:00 AM,ROAD CONSTRUCTION/MAINTENANCE,NOT APPLICABLE,4217,W,GRENSHAW ST,1132,,,,Y,UNKNOWN,,1,INCAPACITATING INJURY,1,0,1,0,0,0,0,23,2,8,41.8668910591,-87.730813809,POINT (-87.730813809039 41.866891059082)
bfd74879b51349c16a0aa7ea730a0e97798a76526f636ac33bd59bc22299cda3ccd601998571baac41c7abbefe6c3adad4edcb755c4ac4ae091afec127374d7f,,08/25/2025 11:37:00 PM,15,NO CONTROLS,NO CONTROLS,CLEAR,"DARKNESS, LIGHTED ROAD",SIDESWIPE OPPOSITE DIRECTION,DIVIDED - W/MEDIAN (NOT RAISED),,STRAIGHT AND LEVEL,DRY,NO DEFECTS,ON SCENE,NO INJURY / DRIVE AWAY,,,,$500 OR LESS,08/25/2025 11:49:00 PM,UNABLE TO DETERMINE,NOT APPLICABLE,4432,W,BARRY AVE,2523,,,,,,,2,NO INDICATION OF INJURY,0,0,0,0,0,3,0,23,2,8,41.9372282686,-87.7383482191,POINT (-87.738348219117 41.937228268615)
a3e85a9feb6998e88dc9ee0f8a6b89b0af8b331605b8629673309096916637c03b4ac3b1af5876f8a7f784eb6900f6c45c17ddd3c494d27d4df9d4087a32c907,Y,08/25/2025 11:30:00 PM,30,NO CONTROLS,NO CONTROLS,CLEAR,UNKNOWN,PARKED MOTOR VEHICLE,PARKING LOT,,STRAIGHT AND LEVEL,DRY,NO DEFECTS,ON SCENE,NO INJURY / DRIVE AWAY,,,Y,"OVER $1,500",08/25/2025 11:53:00 PM,DRIVING SKILLS/KNOWLEDGE/EXPERIENCE,UNABLE TO DETERMINE,2525,S,MICHIGAN AVE,133,,,,,,,2,NO INDICATION OF INJURY,0,0,0,0,0,1,0,23,2,8,41.8467169566,-87.6233697276,POINT (-87.623369727612 41.846716956646)
e3d9568309250934abd83d2530c1cceb592b74f952ba51678aef5f485cb365d3c2e78bd99d3a56e711cac4b42b72d43c657df854bf85c3209d36611a884c9d0b,Y,08/25/2025 11:30:00 PM,30,NO CONTROLS,NO CONTROLS,CLEAR,DARKNESS,PARKED MOTOR VEHICLE,NOT DIVIDED,,STRAIGHT AND LEVEL,DRY,NO DEFECTS,,NO INJURY / DRIVE AWAY,,,Y,"$501 - $1,500",08/26/2025 01:33:00 PM,UNABLE TO DETERMINE,NOT APPLICABLE,255,W,23RD ST,914,,,,,,,2,NO INDICATION OF INJURY,0,0,0,0,0,1,0,23,2,8,41.8508353676,-87.6341004809,POINT (-87.634100480948 41.850835367607)
40aee349787f2302731dfc3ac2ebf27e31cb34d5d7839e403202c1b29adda8e514f1154cdb37a1996a7b7c55f522a1deceb361dad59125b112748fca8c4b498a,,08/25/2025 11:22:00 PM,25,TRAFFIC SIGNAL,FUNCTIONING PROPERLY,CLEAR,DARKNESS,TURNING,DIVIDED - W/MEDIAN BARRIER,,STRAIGHT AND LEVEL,DRY,NO DEFECTS,ON SCENE,NO INJURY / DRIVE AWAY,Y,,,"OVER $1,500",08/25/2025 11:22:00 PM,IMPROPER TURNING/NO SIGNAL,IMPROPER OVERTAKING/PASSING,5500,S,WELLS ST,711,,,,,,,2,NO INDICATION OF INJURY,0,0,0,0,0,2,0,23,2,8,41.7941994854,-87.6319254825,POINT (-87.631925482492 41.794199485414)
58f2a47a40f083cc6831d125e72b1374c0f8ecc2f9d9950fe6168867d29b5b4840cf04ad4699b16be6eddc5e4bcac863b0a8d1507e7e7681c388b882439eef10,,08/25/2025 11:10:00 PM,30,NO CONTROLS,NO CONTROLS,CLEAR,"DARKNESS, LIGHTED ROAD",PARKED MOTOR VEHICLE,PARKING LOT,,STRAIGHT AND LEVEL,DRY,NO DEFECTS,NOT ON SCENE (DESK REPORT),NO INJURY / DRIVE AWAY,,,,"OVER $1,500",08/26/2025 12:25:00 AM,IMPROPER BACKING,IMPROPER BACKING,7150,N,WESTERN AVE,2411,,,,,,,2,NO INDICATION OF INJURY,0,0,0,0,0,3,0,23,2,8,42.0122348053,-87.6903940418,POINT (-87.69039404184 42.012234805256)
c9dbf7545ceee778477f600b35b104c9f1cc6a7bfd0d22ecdc6b58fa19ef1b6a013ea6c9a3b7e4df4e9c84d44aa7060b2242b26bf41724d8eb37fec46fa5e354,,08/25/2025 11:05:00 PM,30,TRAFFIC SIGNAL,UNKNOWN,UNKNOWN,"DARKNESS, LIGHTED ROAD",REAR END,NOT DIVIDED,,STRAIGHT AND LEVEL,UNKNOWN,UNKNOWN,NOT ON SCENE (DESK REPORT),NO INJURY / DRIVE AWAY,Y,,,"OVER $1,500",08/26/2025 12:44:00 PM,IMPROPER BACKING,DRIVING SKILLS/KNOWLEDGE/EXPERIENCE,5700,S,COTTAGE GROVE AVE,233,,,,,,,2,NO INDICATION OF INJURY,0,0,0,0,0,2,0,23,2,8,41.7912332589,-87.6062982132,POINT (-87.606298213182 41.791233258933)
0d9ff322c85b4aeec193f098c67e7308092fed15aad88196f82df12184792befe7c04b06f0b77a232012ddd93f8d410d77ab38ac6f65f4a76407e66f74dfc365,Y,08/25/2025 11:00:00 PM,20,NO CONTROLS,NO CONTROLS,CLEAR,"DARKNESS, LIGHTED ROAD",PARKED MOTOR VEHICLE,ONE-WAY,,STRAIGHT AND LEVEL,DRY,NO DEFECTS,NOT ON SCENE (DESK REPORT),NO INJURY / DRIVE AWAY,,,Y,"OVER $1,500",08/27/2025 10:20:00 AM,UNABLE TO DETERMINE,UNABLE TO DETERMINE,1118,N,SPRINGFIELD AVE,1112,,,,,,,2,NO INDICATION OF INJURY,0,0,0,0,0,1,0,23,2,8,41.9014662428,-87.7239718751,POINT (-87.723971875051 41.901466242812)
d5670473e16f1cc09bcff1acf5865d7960c62190db93def4c87057812de23998e04cc1c1d5be5676f92db281de027629a4ff28a360e3f1315551cc7dda80f995,,08/25/2025 10:57:00 PM,30,TRAFFIC SIGNAL,FUNCTIONING PROPERLY,CLEAR,"DARKNESS, LIGHTED ROAD",REAR END,NOT DIVIDED,,STRAIGHT AND LEVEL,DRY,NO DEFECTS,ON SCENE,NO INJURY / DRIVE AWAY,,,,"$501 - $1,500",08/25/2025 11:02:00 PM,FOLLOWING TOO CLOSELY,FOLLOWING TOO CLOSELY,430,W,ROOSEVELT RD,124,,,,,,,2,NO INDICATION OF INJURY,0,0,0,0,0,3,0,22,2,8,41.8673676366,-87.6387112212,POINT (-87.638711221216 41.867367636623)
99e5e9c5ac1d34b25752bc0420e60841acb3a2bb369d0870f0b1912a459c11145d8ec2e0324f4beec6c9ad33bce3d737b26ec1eddd84f35bc5691055b23b0b00,,08/25/2025 10:30:00 PM,15,NO CONTROLS,NO CONTROLS,CLEAR,"DARKNESS, LIGHTED ROAD",PARKED MOTOR VEHICLE,ONE-WAY,,STRAIGHT AND LEVEL,UNKNOWN,UNKNOWN,NOT ON SCENE (DESK REPORT),INJURY AND / OR TOW DUE TO CRASH,,,Y,"OVER $1,500",08/26/2025 12:15:00 AM,UNABLE TO DETERMINE,NOT APPLICABLE,802,N,KEELER AVE,1111,,,,,,,2,NO INDICATION OF INJURY,0,0,0,0,0,1,0,22,2,8,41.8954219093,-87.7311681848,POINT (-87.731168184831 41.895421909252)
c3bd6eb162fd7af27e8761b458905871fff7ddc877b6da7b1e9d53726e5f1afedd2db57ead08202657e0c1afa3b5f5419218dbcf984a70704834969a0b5d5553,,08/25/2025 10:30:00 PM,30,NO CONTROLS,NO CONTROLS,CLEAR,"DARKNESS, LIGHTED ROAD",PARKED MOTOR VEHICLE,NOT DIVIDED,,STRAIGHT AND LEVEL,DRY,NO DEFECTS,,NO INJURY / DRIVE AWAY,,,,"OVER $1,500",08/25/2025 11:00:00 PM,IMPROPER LANE USAGE,FAILING TO REDUCE SPEED TO AVOID CRASH,112,E,CERMAK RD,132,,,,,,,2,NO INDICATION OF INJURY,0,0,0,0,0,2,0,22,2,8,41.8529877275,-87.6231675238,POINT (-87.623167523766 41.852987727497)
d969754fa99a634e3cc4caf822a4797abdc02c1cb63643037fadd19bd4fad559ec0e16c4e1f267e2a4ec9aa296a4f8458fb8ac774eedd4109d3a8759ce9ee09d,Y,08/25/2025 10:30:00 PM,35,TRAFFIC SIGNAL,FUNCTIONING PROPERLY,CLEAR,"DARKNESS, LIGHTED ROAD",FIXED OBJECT,OTHER,,STRAIGHT AND LEVEL,DRY,UNKNOWN,ON SCENE,NO INJURY / DRIVE AWAY,,,N,"OVER $1,500",08/25/2025 10:42:00 PM,UNABLE TO DETERMINE,NOT APPLICABLE,5899,S,WENTWORTH AVE,232,,,,,,,1,NO INDICATION OF INJURY,0,0,0,0,0,1,0,22,2,8,41.7872752824,-87.63017212,POINT (-87.630172119998 41.787275282363)
7a034bd5aa8462c51fd19f28d7f5ecd33c231855c69c6fde9e1a0a5690201cffebad724aad13d25e8aba153f1ca70eb6686451ca96d8b7cc220525c0dfa49d58,,08/25/2025 10:20:00 PM,30,NO CONTROLS,NO CONTROLS,CLEAR,"DARKNESS, LIGHTED ROAD",REAR END,DIVIDED - W/MEDIAN (NOT RAISED),,STRAIGHT AND LEVEL,DRY,NO DEFECTS,NOT ON SCENE (DESK REPORT),NO INJURY / DRIVE AWAY,,,,"OVER $1,500",08/25/2025 10:47:00 PM,UNABLE TO DETERMINE,NOT APPLICABLE,5300,S,PULASKI RD,815,,,,,,,2,NO INDICATION OF INJURY,0,0,0,0,0,2,0,22,2,8,41.7967545719,-87.7234092203,POINT (-87.7234092203 41.796754571853)
93f74a4eb0efb083a9a0994d85236c45a0954e71bf30a3e24c09b199d45a16276ad4895b3ec4796119dc5379ac96faf8bd80a6694708944f0e83c0108523dfdb,,08/25/2025 10:20:00 PM,30,NO CONTROLS,NO CONTROLS,CLEAR,"DARKNESS, LIGHTED ROAD",SIDESWIPE SAME DIRECTION,NOT DIVIDED,,STRAIGHT AND LEVEL,UNKNOWN,UNKNOWN,NOT ON SCENE (DESK REPORT),NO INJURY / DRIVE AWAY,,,,"OVER $1,500",08/28/2025 09:30:00 AM,IMPROPER LANE USAGE,FAILING TO REDUCE SPEED TO AVOID CRASH,3403,W,GRAND AVE,1121,,,,,,,2,NO INDICATION OF INJURY,0,0,0,0,0,2,0,22,2,8,41.8997653781,-87.7117234976,POINT (-87.711723497611 41.899765378144)
550f863df06e2c56ab2450d84479eca06380fb0710235a749f6a2792cabe2d20fa2f53ddea7a714f01c474d72c2e225420fa15b6cab663ddcda840cad0acc1d2,,08/25/2025 10:09:00 PM,30,UNKNOWN,UNKNOWN,UNKNOWN,"DARKNESS, LIGHTED ROAD",ANGLE,FOUR WAY,,STRAIGHT AND LEVEL,UNKNOWN,UNKNOWN,NOT ON SCENE (DESK REPORT),NO INJURY / DRIVE AWAY,,,Y,"OVER $1,500",08/25/2025 10:40:00 PM,UNABLE TO DETERMINE,NOT APPLICABLE,2210,S,KOSTNER AVE,1013,,,,,,,2,NO INDICATION OF INJURY,0,0,0,0,0,2,0,22,2,8,41.8510225468,-87.7346362338,POINT (-87.734636233764 41.851022546795)
d0dabec3a26a0ee9df9aaf694ae7eca41a0628e1f478f1468cf55c13d8c970476d1dd51dcd9d62cc63babfdd172c0d719f00a0ab3c48fb65b3b7a91c3a2a04ee,,08/25/2025 10:06:00 PM,30,STOP SIGN/FLASHER,FUNCTIONING PROPERLY,CLEAR,"DARKNESS, LIGHTED ROAD",ANGLE,FOUR WAY,,STRAIGHT ON HILLCREST,DRY,NO DEFECTS,ON SCENE,INJURY AND / OR TOW DUE TO CRASH,Y,,,"OVER $1,500",08/25/2025 10:06:00 PM,FAILING TO YIELD RIGHT-OF-WAY,DISREGARDING STOP SIGN,100,E,108TH ST,513,Y,,,,,,2,NONINCAPACITATING INJURY,2,0,0,2,0,2,0,22,2,8,41.6981920851,-87.6208450473,POINT (-87.620845047265 41.698192085138)
b83a16503d5e3fdd00d6a0af31d3934803e9b488176ea7eb1b396ce1760fb3c16da3c14b2a1669fc85796852ca280066b3cf7781d7e4a3722db880915b6ec17f,,08/25/2025 10:00:00 PM,30,TRAFFIC SIGNAL,FUNCTIONING PROPERLY,CLEAR,"DARKNESS, LIGHTED ROAD",TURNING,NOT DIVIDED,,STRAIGHT AND LEVEL,DRY,NO DEFECTS,NOT ON SCENE (DESK REPORT),INJURY AND / OR TOW DUE TO CRASH,,,Y,"OVER $1,500",08/25/2025 10:30:00 PM,IMPROPER TURNING/NO SIGNAL,"OPERATING VEHICLE IN ERRATIC, RECKLESS, CARELESS, NEGLIGENT OR AGGRESSIVE MANNER",726,W,MADISON ST,1224,,,,,,,2,"REPORTED, NOT EVIDENT",1,0,0,0,1,1,0,22,2,8,41.8818975519,-87.6467241285,POINT (-87.646724128468 41.881897551863)
c2aa00c3700fa09cca0addf7d8ca82c6f7e1a477d802d243aeff939b16679655c464a477347cfdd6af6f02617ea29450f09ea50c1b9ed41f11ca33a719ed2a88,Y,08/25/2025 10:00:00 PM,15,NO CONTROLS,NO CONTROLS,CLEAR,DARKNESS,PARKED MOTOR VEHICLE,PARKING LOT,,STRAIGHT AND LEVEL,DRY,NO DEFECTS,ON SCENE,NO INJURY / DRIVE AWAY,,Y,Y,$500 OR LESS,08/26/2025 06:16:00 PM,UNABLE TO DETERMINE,NOT APPLICABLE,1521,S,WABASH AVE,131,,,,,,,2,NO INDICATION OF INJURY,0,0,0,0,0,1,0,22,2,8,41.8613245128,-87.6255422594,POINT (-87.625542259426 41.86132451284)
d3343908a71b0bfd281819e44977230507ab8f25916f6eb269a86e9215e6e87e5909f40a939ffb4c72e51c874c24065729aea6c06a9901da0353cb10e4c610f2,Y,08/25/2025 10:00:00 PM,25,NO CONTROLS,NO CONTROLS,CLEAR,"DARKNESS, LIGHTED ROAD",PARKED MOTOR VEHICLE,ONE-WAY,,STRAIGHT AND LEVEL,DRY,NO DEFECTS,ON SCENE,NO INJURY / DRIVE AWAY,,,Y,"OVER $1,500",08/26/2025 01:18:00 PM,UNABLE TO DETERMINE,UNABLE TO DETERMINE,5428,W,POTOMAC AVE,2532,,,,,,,2,NO INDICATION OF INJURY,0,0,0,0,0,1,0,22,2,8,41.9040995832,-87.7622280621,POINT (-87.762228062126 41.904099583241)
ee6d851e4581e441537438fd2a961d7ae49c16110589709db71faacda232496a65c419a7cd024623e0b0018f1a1f04868ed87e4fd243891c025a08cdeae8fac3,,08/25/2025 09:59:00 PM,30,TRAFFIC SIGNAL,FUNCTIONING PROPERLY,CLEAR,"DARKNESS, LIGHTED ROAD",SIDESWIPE SAME DIRECTION,ONE-WAY,,STRAIGHT AND LEVEL,DRY,NO DEFECTS,ON SCENE,NO INJURY / DRIVE AWAY,,,,"OVER $1,500",08/25/2025 10:00:00 PM,IMPROPER OVERTAKING/PASSING,UNABLE TO DETERMINE,3601,W,HARRISON ST,1133,,,,,,,2,NO INDICATION OF INJURY,0,0,0,0,0,4,0,21,2,8,41.8734568014,-87.7157776167,POINT (-87.715777616653 41.873456801378)
e2c48c234947b0d5fb67f87a8b0a09ee89f78e0760eca0239da2df54cea0ad8f20f35950a9a83e88ee4db71dd715c2559e502a881d36589256e668c1cf8ffbd9,,08/25/2025 09:45:00 PM,30,TRAFFIC SIGNAL,FUNCTIONING PROPERLY,CLEAR,DARKNESS,SIDESWIPE SAME DIRECTION,NOT DIVIDED,,STRAIGHT AND LEVEL,DRY,NO DEFECTS,NOT ON SCENE (DESK REPORT),NO INJURY / DRIVE AWAY,,,Y,"OVER $1,500",08/26/2025 03:46:00 PM,UNABLE TO DETERMINE,UNABLE TO DETERMINE,3451,S,HALSTED ST,915,,,,,,,2,NO INDICATION OF INJURY,0,0,0,0,0,2,0,21,2,8,41.8310221671,-87.6459694467,POINT (-87.645969446713 41.831022167061)
cffee47cd5d0026e584b0dd7addbd5bc6bbaaf84cb34a6330de8e5caba81dd4e0f7d46be187fd4de2d555ae071e9b7685172ea89ee1aac0f8981afed8a45c3d2,,08/25/2025 09:28:00 PM,20,NO CONTROLS,NO CONTROLS,CLEAR,"DARKNESS, LIGHTED ROAD",PARKED MOTOR VEHICLE,ONE-WAY,,STRAIGHT AND LEVEL,DRY,NO DEFECTS,ON SCENE,INJURY AND / OR TOW DUE TO CRASH,,,Y,"OVER $1,500",08/25/2025 09:34:00 PM,UNABLE TO DETERMINE,UNABLE TO DETERMINE,5255,W,DAKIN ST,1634,,,,,,,5,NO INDICATION OF INJURY,0,0,0,0,0,1,0,21,2,8,41.9522171633,-87.7593004991,POINT (-87.759300499131 41.952217163277)
d3bdf04fb308068081c690c9bc2d7c7f04bc6429a06a74d0acb85b96f133b05abe9aaa84b8883bb93a0b2e6b10dc7e2f9325dff192d692a716302024d1760736,,08/25/2025 09:15:00 PM,30,TRAFFIC SIGNAL,FUNCTIONING PROPERLY,CLEAR,DARKNESS,REAR END,NOT DIVIDED,,STRAIGHT AND LEVEL,DRY,NO DEFECTS,NOT ON SCENE (DESK REPORT),NO INJURY / DRIVE AWAY,,,Y,"OVER $1,500",08/25/2025 09:30:00 PM,FAILING TO REDUCE SPEED TO AVOID CRASH,FAILING TO REDUCE SPEED TO AVOID CRASH,5174,W,NORTH AVE,2533,N,,,,,,2,NO INDICATION OF INJURY,0,0,0,0,0,2,0,21,2,8,41.9096127514,-87.7556552175,POINT (-87.755655217464 41.909612751365)
97048e5d8d0c2f0f0b63cb42249206bad58bb2e37ca03f568c4ab361e8b153229f3ca37dc2609ae602f6a4c49f665bc3f7eac89b199a17e5a7fa389d1207e8fc,,08/25/2025 09:00:00 PM,15,NO CONTROLS,NO CONTROLS,UNKNOWN,UNKNOWN,PARKED MOTOR VEHICLE,NOT DIVIDED,,STRAIGHT AND LEVEL,UNKNOWN,UNKNOWN,NOT ON SCENE (DESK REPORT),NO INJURY / DRIVE AWAY,,,Y,"OVER $1,500",08/25/2025 11:30:00 PM,NOT APPLICABLE,NOT APPLICABLE,11140,S,AVENUE O,433,,,,,,,2,NO INDICATION OF INJURY,0,0,0,0,0,1,0,21,2,8,41.6924585414,-87.540251791,POINT (-87.540251790972 41.692458541402)
5f5bf5369411b2d391a6b3af9e6a5fde05b59a04702c7d2b98c65f214dcd7c09c67a397f82be5496af3b6d60bce3ff25d8f2f193fe8273fb3d19358031f17e18,,08/25/2025 08:53:00 PM,30,STOP SIGN/FLASHER,NO CONTROLS,CLEAR,"DARKNESS, LIGHTED ROAD",ANGLE,FOUR WAY,,STRAIGHT AND LEVEL,UNKNOWN,UNKNOWN,ON SCENE,NO INJURY / DRIVE AWAY,,,Y,"OVER $1,500",08/25/2025 08:54:00 PM,UNABLE TO DETERMINE,UNABLE TO DETERMINE,6401,S,WOLCOTT AVE,726,,,,,,,3,NO INDICATION OF INJURY,0,0,0,0,0,3,0,20,2,8,41.777471838,-87.6713027179,POINT (-87.671302717892 41.777471837959)
c73b305d4395b41a9ec6ce88c81acd665f332c332ec23cf3d22f7f18c26acba12e0669bee53ff12bef7e61921307f6e2944d0e21b5c5629eec1af158ba021a1d,,08/25/2025 08:50:00 PM,30,NO CONTROLS,NO CONTROLS,CLEAR,"DARKNESS, LIGHTED ROAD",FIXED OBJECT,NOT DIVIDED,,STRAIGHT AND LEVEL,DRY,NO DEFECTS,ON SCENE,INJURY AND / OR TOW DUE TO CRASH,,,,"OVER $1,500",08/25/2025 08:59:00 PM,UNABLE TO DETERMINE,NOT APPLICABLE,2752,W,COLUMBUS AVE,835,,,,,,,1,NONINCAPACITATING INJURY,1,0,0,1,0,0,0,20,2,8,41.7551754605,-87.6922159484,POINT (-87.692215948421 41.755175460501)