CRASH_RECORD_ID,CRASH_DATE_EST_I,CRASH_DATE,POSTED_SPEED_LIMIT,TRAFFIC_CONTROL_DEVICE,DEVICE_CONDITION,WEATHER_CONDITION,LIGHTING_CONDITION,FIRST_CRASH_TYPE,TRAFFICWAY_TYPE,LANE_CNT,ALIGNMENT,ROADWAY_SURFACE_COND,ROAD_DEFECT,REPORT_TYPE,CRASH_TYPE,INTERSECTION_RELATED_I,NOT_RIGHT_OF_WAY_I,HIT_AND_RUN_I,DAMAGE,DATE_POLICE_NOTIFIED,PRIM_CONTRIBUTORY_CAUSE,SEC_CONTRIBUTORY_CAUSE,STREET_NO,STREET_DIRECTION,STREET_NAME,BEAT_OF_OCCURRENCE,PHOTOS_TAKEN_I,STATEMENTS_TAKEN_I,DOORING_I,WORK_ZONE_I,WORK_ZONE_TYPE,WORKERS_PRESENT_I,NUM_UNITS,MOST_SEVERE_INJURY,INJURIES_TOTAL,INJURIES_FATAL,INJURIES_INCAPACITATING,INJURIES_NON_INCAPACITATING,INJURIES_REPORTED_NOT_EVIDENT,INJURIES_NO_INDICATION,INJURIES_UNKNOWN,CRASH_HOUR,CRASH_DAY_OF_WEEK,CRASH_MONTH,LATITUDE,LONGITUDE,LOCATION
f29486684e4f660fab82dd5e34a86a0f3337c4ea1e6450021a102970c5c51472b15bba91dcde7bacf03b41586e5cf345ba1dccc25044478825bf6bd2a690d5f7,,08/25/2025 08:50:00 PM,30,UNKNOWN,UNKNOWN,UNKNOWN,UNKNOWN,SIDESWIPE SAME DIRECTION,PARKING LOT,,STRAIGHT AND LEVEL,UNKNOWN,UNKNOWN,NOT ON SCENE (DESK REPORT),NO INJURY / DRIVE AWAY,,,Y,"OVER $1,500",08/26/2025 03:22:00 AM,UNABLE TO DETERMINE,UNABLE TO DETERMINE,11421,S,HALSTED ST,2233,,,,,,,2,NO INDICATION OF INJURY,0,0,0,0,0,2,0,20,2,8,41.6862492664,-87.642042173,POINT (-87.642042173003 41.686249266444)
ed36743c38cbc61d6db536c647064990444b9f3092966ce317f89ae00e21882a0cda9000c6cedfa518b65123115da9f9494c3649df57ca5e4b73c87ccc8df143,,08/25/2025 08:45:00 PM,30,STOP SIGN/FLASHER,FUNCTIONING PROPERLY,CLEAR,DUSK,PEDALCYCLIST,DIVIDED - W/MEDIAN (NOT RAISED),,STRAIGHT AND LEVEL,DRY,WORN SURFACE,NOT ON SCENE (DESK REPORT),NO INJURY / DRIVE AWAY,N,,Y,"$501 - $1,500",08/26/2025 12:20:00 AM,TURNING RIGHT ON RED,DRIVING SKILLS/KNOWLEDGE/EXPERIENCE,2349,W,HOWARD ST,2411,,,,,,,2,NO INDICATION OF INJURY,0,0,0,0,0,2,0,20,2,8,42.0194208806,-87.6896908395,POINT (-87.68969083947 42.019420880645)
2a0b7b17b8a910f5d1293b5df5ab382ae1134ab9d01307031e497f500a45529936c11183bfda20a73c34b356b286dfcda15715d9214b7dc0001101fb66c4d324,Y,08/25/2025 08:30:00 PM,30,UNKNOWN,UNKNOWN,OTHER,"DARKNESS, LIGHTED ROAD",OTHER NONCOLLISION,OTHER,,STRAIGHT AND LEVEL,UNKNOWN,UNKNOWN,NOT ON SCENE (DESK REPORT),NO INJURY / DRIVE AWAY,,,,$500 OR LESS,08/25/2025 09:00:00 PM,UNABLE TO DETERMINE,UNABLE TO DETERMINE,5450,S,LAKE PARK AVE,234,,,,,,,2,NO INDICATION OF INJURY,0,0,0,0,0,2,0,20,2,8,41.7966169999,-87.5874692384,POINT (-87.587469238413 41.796616999878)
74cba512d472b9062d7b44caa27569063ae0b5f79d7b2ae48f81eef01fb96b3a0754618ea1c471e8269a1763247a16f2f77c3f8111905c4851f51daf8ead9cce,,08/25/2025 08:30:00 PM,30,STOP SIGN/FLASHER,FUNCTIONING PROPERLY,CLEAR,"DARKNESS, LIGHTED ROAD",TURNING,DIVIDED - W/MEDIAN (NOT RAISED),,STRAIGHT AND LEVEL,DRY,NO DEFECTS,NOT ON SCENE (DESK REPORT),NO INJURY / DRIVE AWAY,,,,$500 OR LESS,08/25/2025 09:27:00 PM,IMPROPER TURNING/NO SIGNAL,NOT APPLICABLE,105,N,PULASKI RD,1122,,,,,,,2,NO INDICATION OF INJURY,0,0,0,0,0,2,0,20,2,8,41.8819885724,-87.7255608436,POINT (-87.725560843628 41.881988572417)
dc659618aac29f71b06a5b16d6d6654a2cb8ce1f3569947f8b7059490eeadfef640474538c47ffdcb4d76a16533eda14a32564123c9a8431ca7abc4b4577f0f4,,08/25/2025 08:30:00 PM,30,NO CONTROLS,NO CONTROLS,UNKNOWN,DARKNESS,REAR END,CENTER TURN LANE,,STRAIGHT AND LEVEL,UNKNOWN,NO DEFECTS,NOT ON SCENE (DESK REPORT),NO INJURY / DRIVE AWAY,,,,"$501 - $1,500",08/26/2025 03:20:00 PM,FOLLOWING TOO CLOSELY,NOT APPLICABLE,3436,N,WESTERN AVE,1921,,,,,,,2,NO INDICATION OF INJURY,0,0,0,0,0,2,0,20,2,8,41.9442037097,-87.6883318499,POINT (-87.688331849888 41.944203709745)
542cd600f8f788cd90b6346d3f3b31d4940c3d8cf977bdbbd378eadeac5063a65ba11569792794c814ca83e825dd6ec27003c1376c1740490c5012a7f75e4b41,,08/25/2025 08:22:00 PM,30,NO CONTROLS,NO CONTROLS,CLEAR,"DARKNESS, LIGHTED ROAD",PEDALCYCLIST,PARKING LOT,,STRAIGHT AND LEVEL,DRY,NO DEFECTS,ON SCENE,INJURY AND / OR TOW DUE TO CRASH,,,Y,$500 OR LESS,08/25/2025 09:21:00 PM,IMPROPER BACKING,IMPROPER BACKING,1554,E,55TH ST,234,,,,,,,2,"REPORTED, NOT EVIDENT",1,0,0,0,1,1,0,20,2,8,41.7952973181,-87.5878225555,POINT (-87.587822555467 41.79529731814)
dde25d560f87fd7f8ffd11a9232ed04e602e6529053ef293afc54d4d614614e4302eb5a831717cff6e0608fb37851f7f124c5aefe543ab67ca018c6391574dcf,,08/25/2025 08:14:00 PM,35,TRAFFIC SIGNAL,FUNCTIONING PROPERLY,CLEAR,DARKNESS,TURNING,NOT DIVIDED,,STRAIGHT AND LEVEL,DRY,NO DEFECTS,ON SCENE,NO INJURY / DRIVE AWAY,Y,,,"OVER $1,500",08/25/2025 08:14:00 PM,FAILING TO YIELD RIGHT-OF-WAY,NOT APPLICABLE,393,E,MONROE DR,114,,,,,,,2,NO INDICATION OF INJURY,0,0,0,0,0,3,0,20,2,8,41.8808058682,-87.6176508163,POINT (-87.617650816317 41.880805868219)
ca30677f0469915e6b86ec4cdd7b106c9b2182c1ed968ae64b27c831bc72fe59dd1fe266ef6ddcb201fd3ae841c45b8e98bbccbd5705ef467e4792cf7ef8562a,,08/25/2025 08:12:00 PM,30,NO CONTROLS,NO CONTROLS,CLEAR,DAYLIGHT,SIDESWIPE SAME DIRECTION,ONE-WAY,,STRAIGHT AND LEVEL,DRY,NO DEFECTS,NOT ON SCENE (DESK REPORT),INJURY AND / OR TOW DUE TO CRASH,,,Y,"OVER $1,500",08/26/2025 05:45:00 PM,IMPROPER LANE USAGE,UNABLE TO DETERMINE,4800,S,MICHIGAN AVE,224,,,,,,,2,"REPORTED, NOT EVIDENT",1,0,0,0,1,1,0,20,2,8,41.8073730019,-87.6229305547,POINT (-87.622930554709 41.807373001937)
6c4a0e43975459e52185ce43b02026802708d4a751714122d7fc9b12f3000098f454143bc44c8f93eb8ef3c18cf51abe0bbb2edd4a9b4e46abf9d58dcd560367,,08/25/2025 08:09:00 PM,30,NO CONTROLS,NO CONTROLS,CLEAR,DAWN,SIDESWIPE SAME DIRECTION,DIVIDED - W/MEDIAN (NOT RAISED),,STRAIGHT AND LEVEL,DRY,NO DEFECTS,ON SCENE,NO INJURY / DRIVE AWAY,,,,$500 OR LESS,08/25/2025 08:33:00 PM,IMPROPER LANE USAGE,NOT APPLICABLE,5983,N,JERSEY AVE,1711,,,,,,,2,NO INDICATION OF INJURY,0,0,0,0,0,2,0,20,2,8,41.9902867077,-87.7108524185,POINT (-87.71085241845 41.99028670772)
06e6bdb654dfb9cbc248b76ffc8ec7c05a55540383548e6efa25fc3102e32f316a0c1cdb977fd259117201705665c8a4774a36196dfc9f24f73ce6612f65c229,,08/25/2025 08:00:00 PM,30,NO CONTROLS,NO CONTROLS,CLEAR,DAYLIGHT,SIDESWIPE SAME DIRECTION,NOT DIVIDED,,STRAIGHT AND LEVEL,DRY,NO DEFECTS,NOT ON SCENE (DESK REPORT),INJURY AND / OR TOW DUE TO CRASH,,,,"OVER $1,500",08/26/2025 09:25:00 AM,UNABLE TO DETERMINE,UNABLE TO DETERMINE,804,E,64TH ST,312,,,,,,,2,"REPORTED, NOT EVIDENT",1,0,0,0,1,1,0,20,2,8,41.7787075822,-87.6056421901,POINT (-87.605642190103 41.778707582245)
500e6c5a6edbce83c946a7f86d66fb1ae3bb3938138f75b4db5746cd629e8e63ede1e904d93024681c38f34a40228beb9278f265c85d83913a32a4bb085c43b8,,08/25/2025 08:00:00 PM,30,NO CONTROLS,NO CONTROLS,CLEAR,"DARKNESS, LIGHTED ROAD",PARKED MOTOR VEHICLE,NOT DIVIDED,,STRAIGHT AND LEVEL,DRY,NO DEFECTS,NOT ON SCENE (DESK REPORT),NO INJURY / DRIVE AWAY,,,Y,"OVER $1,500",08/30/2025 11:00:00 AM,IMPROPER LANE USAGE,IMPROPER LANE USAGE,3504,W,WALNUT ST,1123,,,,,,,2,NO INDICATION OF INJURY,0,0,0,0,0,1,0,20,2,8,41.8855838185,-87.7138520776,POINT (-87.713852077572 41.88558381853)
534ce2d9605337409e314c4e132ada24d62209812717f820d27e520baa967997a0e91c2da7e607de273908d9877e4feabcb428a3c9d77ceeb104697d07662232,,08/25/2025 08:00:00 PM,30,TRAFFIC SIGNAL,FUNCTIONING PROPERLY,CLEAR,"DARKNESS, LIGHTED ROAD",REAR END,NOT DIVIDED,,STRAIGHT AND LEVEL,DRY,NO DEFECTS,NOT ON SCENE (DESK REPORT),NO INJURY / DRIVE AWAY,,,,"OVER $1,500",08/25/2025 09:10:00 PM,UNABLE TO DETERMINE,NOT APPLICABLE,4333,S,KEDZIE AVE,922,,,,,,,2,NO INDICATION OF INJURY,0,0,0,0,0,2,0,20,2,8,41.8142505977,-87.7040691695,POINT (-87.704069169475 41.814250597664)
bb9f28f9b6e70249a7649f5e4373ee244bbf31245db18fbf123447a0eeb2ba2dcc2e1539abe077997081c996dff81086b27dbf80b9559ea25a077e72e4414ad5,,08/25/2025 08:00:00 PM,10,NO CONTROLS,NO CONTROLS,CLOUDY/OVERCAST,UNKNOWN,PARKED MOTOR VEHICLE,PARKING LOT,,STRAIGHT AND LEVEL,UNKNOWN,UNKNOWN,NOT ON SCENE (DESK REPORT),NO INJURY / DRIVE AWAY,,,Y,"OVER $1,500",08/25/2025 09:00:00 PM,NOT APPLICABLE,NOT APPLICABLE,8524,S,STONY ISLAND AVE,412,,,,,,,2,NO INDICATION OF INJURY,0,0,0,0,0,1,0,20,2,8,41.7397504818,-87.5858567495,POINT (-87.58585674948 41.739750481808)
d121ebba3c9cf99eee4bc192273d18fd1d6b5add8abc120ef39d92b0e3d8fc2fd1098fef3150753c386f5bd286c5ddfe84979ac58c2bf61602255be4fae6e6a0,Y,08/25/2025 08:00:00 PM,30,TRAFFIC SIGNAL,FUNCTIONING PROPERLY,CLEAR,"DARKNESS, LIGHTED ROAD",PARKED MOTOR VEHICLE,FOUR WAY,,STRAIGHT AND LEVEL,DRY,NO DEFECTS,,NO INJURY / DRIVE AWAY,,,,"OVER $1,500",08/25/2025 08:25:00 PM,UNABLE TO DETERMINE,UNABLE TO DETERMINE,6300,S,SACRAMENTO AVE,823,,,,,,,2,NO INDICATION OF INJURY,0,0,0,0,0,2,0,20,2,8,41.7789498557,-87.6984099165,POINT (-87.698409916487 41.778949855721)
97a48ddce48af3b8edb07745b4946d3d295af70f010adb9feca556b75e87fab8350be87604c10ebf73dec1b03951b8a7168bfd34386b699ca4378533c84ae5c9,,08/25/2025 07:52:00 PM,30,TRAFFIC SIGNAL,FUNCTIONING PROPERLY,CLEAR,"DARKNESS, LIGHTED ROAD",SIDESWIPE SAME DIRECTION,NOT DIVIDED,,STRAIGHT AND LEVEL,DRY,NO DEFECTS,ON SCENE,NO INJURY / DRIVE AWAY,,,,"OVER $1,500",08/25/2025 07:55:00 PM,UNABLE TO DETERMINE,UNABLE TO DETERMINE,1198,S,CANAL ST,124,,Y,,,,,2,NO INDICATION OF INJURY,0,0,0,0,0,2,0,19,2,8,41.8673568541,-87.6393461403,POINT (-87.639346140344 41.867356854077)
e9dcd92d9b45f311fcda70878751ac6689c8381d51645327a1c03f8515c55606616fb989583985eb595b73eb37bcdb86baed1ede2386f9ed27b56361a87f153f,,08/25/2025 07:19:00 PM,30,YIELD,NO CONTROLS,CLEAR,DUSK,ANGLE,DIVIDED - W/MEDIAN (NOT RAISED),,STRAIGHT AND LEVEL,DRY,NO DEFECTS,ON SCENE,NO INJURY / DRIVE AWAY,,,,"OVER $1,500",08/25/2025 07:19:00 PM,FAILING TO YIELD RIGHT-OF-WAY,FAILING TO YIELD RIGHT-OF-WAY,7050,S,DAMEN AVE,735,,,,,,,2,NO INDICATION OF INJURY,0,0,0,0,0,2,0,19,2,8,41.76510261,-87.6736873676,POINT (-87.673687367606 41.765102610004)
cb42fa3bcde17073abfd8006cde838f9d3be41492dc5514bba826f8cafe5848bd3f2009af848190bad74ccd5ac84687460b216035987ecbb60f371731bfa33b9,,08/25/2025 07:15:00 PM,30,NO CONTROLS,NO CONTROLS,CLEAR,DAYLIGHT,TURNING,ONE-WAY,,STRAIGHT AND LEVEL,DRY,NO DEFECTS,ON SCENE,NO INJURY / DRIVE AWAY,,,,"OVER $1,500",08/25/2025 07:15:00 PM,IMPROPER OVERTAKING/PASSING,FAILING TO YIELD RIGHT-OF-WAY,62,N,KILBOURN AVE,1113,,,,,,,2,NO INDICATION OF INJURY,0,0,0,0,0,2,0,19,2,8,41.8818314731,-87.7381146697,POINT (-87.738114669677 41.881831473123)
22cea56a005f9955ff62903f9dc9cafb0b2fd1a3f88c64c7b327487fbec2d9646a316dcf4de57c502d8af00a1104fa53e9f9c6f31f42fe1450d7bd442aab4dfb,,08/25/2025 07:10:00 PM,20,NO CONTROLS,NO CONTROLS,CLEAR,DAYLIGHT,PEDESTRIAN,NOT DIVIDED,,STRAIGHT AND LEVEL,DRY,UNKNOWN,ON SCENE,INJURY AND / OR TOW DUE TO CRASH,,,Y,$500 OR LESS,08/25/2025 07:24:00 PM,UNABLE TO DETERMINE,UNABLE TO DETERMINE,1520,W,71ST PL,734,,,,,,,2,NONINCAPACITATING INJURY,1,0,0,1,0,1,0,19,2,8,41.7641194753,-87.6630471741,POINT (-87.663047174085 41.764119475274)
4d0fe86c4c011d7980b8657221e9df6ca3361de1e9984ed42d2a8dcb84ac1a8175f0805555561892f01893271d2d84e314fb15f3c196dc1d193d2df6ad12a576,,08/25/2025 07:07:00 PM,30,TRAFFIC SIGNAL,FUNCTIONING PROPERLY,CLEAR,DUSK,REAR END,NOT DIVIDED,,STRAIGHT AND LEVEL,DRY,NO DEFECTS,ON SCENE,NO INJURY / DRIVE AWAY,,,Y,"$501 - $1,500",08/25/2025 07:08:00 PM,FOLLOWING TOO CLOSELY,UNABLE TO DETERMINE,2200,N,DAMEN AVE,1432,,,,,,,2,NO INDICATION OF INJURY,0,0,0,0,0,2,0,19,2,8,41.9214221431,-87.6779001087,POINT (-87.677900108728 41.921422143149)
237d94ead0fcac804d969473884227bd9edd7103aa9f1f22dd8f3b55b99b08d52970cd5cd46fdfa23758b19b98729ab91577d1a7b0cc19aeac9cc8a5732411dc,,08/25/2025 07:05:00 PM,30,NO CONTROLS,NO CONTROLS,CLEAR,DAYLIGHT,PARKED MOTOR VEHICLE,ONE-WAY,,STRAIGHT AND LEVEL,DRY,UNKNOWN,ON SCENE,INJURY AND / OR TOW DUE TO CRASH,,,,"OVER $1,500",08/25/2025 07:10:00 PM,UNABLE TO DETERMINE,UNABLE TO DETERMINE,10143,S,RACINE AVE,2232,,,,,,,2,NONINCAPACITATING INJURY,1,0,0,1,0,0,0,19,2,8,41.7091880491,-87.6524769213,POINT (-87.652476921306 41.709188049094)
6769a41f018abbadec7ceef731f7da662bffb7878d30a4cfb619c376587f1c5019834e2dbb4b746b8707d3d5336b11a8f243dd57c63e77a556452c533e552ad6,,08/25/2025 07:00:00 PM,45,NO CONTROLS,NO CONTROLS,CLEAR,DAYLIGHT,SIDESWIPE SAME DIRECTION,DIVIDED - W/MEDIAN BARRIER,,STRAIGHT AND LEVEL,DRY,NO DEFECTS,ON SCENE,INJURY AND / OR TOW DUE TO CRASH,,,Y,"OVER $1,500",08/25/2025 07:00:00 PM,IMPROPER LANE USAGE,UNABLE TO DETERMINE,3500,S,LAKE SHORE DR NB,212,,,,,,,2,NO INDICATION OF INJURY,0,0,0,0,0,2,0,19,2,8,41.8311117688,-87.6062745353,POINT (-87.606274535319 41.831111768829)
9bbc76309d3654b157a48e477f983a4404e96169102f3610b0038320cda294fdea521b5ca3000e908c48b91817682a276aaac00619d5cb2f1076864d2561a796,,08/25/2025 07:00:00 PM,35,STOP SIGN/FLASHER,FUNCTIONING PROPERLY,CLEAR,DUSK,PARKED MOTOR VEHICLE,FOUR WAY,,STRAIGHT AND LEVEL,DRY,NO DEFECTS,ON SCENE,NO INJURY / DRIVE AWAY,,,,"$501 - $1,500",08/25/2025 07:00:00 PM,IMPROPER TURNING/NO SIGNAL,OBSTRUCTED CROSSWALKS,829,W,KINZIE ST,1214,,,,,,,2,NO INDICATION OF INJURY,0,0,0,0,0,1,0,19,2,8,41.8889245014,-87.6486954268,POINT (-87.648695426825 41.888924501437)
a4b4474fc98ab784bfa3f555ee4b6274fa7075b988cc510288b63f328ef33c5bd348521db90b9ed7b874015705b97a41c28c472fa95e3cbd5060d9f0f9aa0863,,08/25/2025 06:50:00 PM,30,UNKNOWN,UNKNOWN,CLEAR,DUSK,TURNING,NOT DIVIDED,,STRAIGHT AND LEVEL,DRY,UNKNOWN,ON SCENE,NO INJURY / DRIVE AWAY,,,,"OVER $1,500",08/25/2025 06:52:00 PM,UNABLE TO DETERMINE,UNABLE TO DETERMINE,3936,W,DIVISION ST,2535,,,,,,,2,NO INDICATION OF INJURY,0,0,0,0,0,2,0,18,2,8,41.9027917423,-87.7252358611,POINT (-87.725235861117 41.902791742298)
257c0e86ba7662ec0cf5a47fd8dc8b08a28de57b612f02aaaa4b2599d718d40e902be9a88842c6121456dbc2cda1a808fc5f45001e1da7ba8d8c6fa675d076f2,,08/25/2025 06:45:00 PM,35,STOP SIGN/FLASHER,FUNCTIONING PROPERLY,CLEAR,DAYLIGHT,ANGLE,FOUR WAY,,STRAIGHT AND LEVEL,DRY,UNKNOWN,ON SCENE,INJURY AND / OR TOW DUE TO CRASH,Y,,,"OVER $1,500",08/25/2025 07:00:00 PM,FAILING TO YIELD RIGHT-OF-WAY,FAILING TO YIELD RIGHT-OF-WAY,5101,N,NAGLE AVE,1622,,,,,,,2,NO INDICATION OF INJURY,0,0,0,0,0,4,0,18,2,8,41.9739328522,-87.7877586779,POINT (-87.787758677882 41.973932852156)
fb34a0cfa7c652c417eee2a4d2b0ab2b390c6cf85fa95f37f66ed26776ea3c2499208279067aefa4073d23d6241d3c0196d03c94a0e64f575c2f29cc53160cfe,,08/25/2025 06:45:00 PM,30,NO CONTROLS,NO CONTROLS,CLEAR,DAYLIGHT,REAR END,ONE-WAY,,STRAIGHT AND LEVEL,DRY,NO DEFECTS,ON SCENE,NO INJURY / DRIVE AWAY,,,,$500 OR LESS,08/25/2025 07:00:00 PM,FOLLOWING TOO CLOSELY,UNABLE TO DETERMINE,1368,W,BALMORAL AVE,2013,,,,,,,2,NO INDICATION OF INJURY,0,0,0,0,0,2,0,18,2,8,41.9800087807,-87.6647932024,POINT (-87.664793202392 41.980008780702)
3960b12cd6798cc4bea7754ffbe6bc1fc5fac6e7c7ea9b0c80a6d20152f73a40a36901265154cf59c60082f420e8f6107c83ce12fa2b04d8b7cec28a43acd600,,08/25/2025 06:43:00 PM,30,NO CONTROLS,NO CONTROLS,CLEAR,DAYLIGHT,REAR END,OTHER,,STRAIGHT AND LEVEL,DRY,NO DEFECTS,NOT ON SCENE (DESK REPORT),NO INJURY / DRIVE AWAY,,,,"$501 - $1,500",08/25/2025 07:23:00 PM,FOLLOWING TOO CLOSELY,FAILING TO YIELD RIGHT-OF-WAY,10663,S,WESTERN AVE,2212,,,,,,,2,NO INDICATION OF INJURY,0,0,0,0,0,3,0,18,2,8,41.6991730729,-87.6812443454,POINT (-87.681244345415 41.699173072936)
dbd395c8042aa694165e85e8b2699a4f949ae1f12aa36eec22e2d739944d492fe47e77ff0bb40caccb1b30909a6ec3ce4db9f5564eac1f4fd0ba5ae99ca699c2,,08/25/2025 06:38:00 PM,30,NO CONTROLS,NO CONTROLS,CLEAR,DAYLIGHT,SIDESWIPE OPPOSITE DIRECTION,NOT DIVIDED,,STRAIGHT AND LEVEL,DRY,NO DEFECTS,ON SCENE,NO INJURY / DRIVE AWAY,,,,"OVER $1,500",08/25/2025 06:40:00 PM,NOT APPLICABLE,NOT APPLICABLE,4456,S,GREENWOOD AVE,222,,,,,,,2,NO INDICATION OF INJURY,0,0,0,0,0,2,0,18,2,8,41.8133755045,-87.5994874845,POINT (-87.599487484479 41.813375504463)
611c06a375ac76bc2402520bc8a8a2292cad27ccd3bb4fb6cea914bca5b0aefb032724eec7eb89ae40cf40efbd982fce8803857502422cfc6465fbda515d89f2,,08/25/2025 06:30:00 PM,30,TRAFFIC SIGNAL,FUNCTIONING PROPERLY,CLEAR,DAYLIGHT,PARKED MOTOR VEHICLE,NOT DIVIDED,,STRAIGHT AND LEVEL,DRY,NO DEFECTS,ON SCENE,NO INJURY / DRIVE AWAY,,,,"$501 - $1,500",08/25/2025 06:33:00 PM,FOLLOWING TOO CLOSELY,FAILING TO REDUCE SPEED TO AVOID CRASH,6611,W,ARCHER AVE,811,,,,,,,2,NO INDICATION OF INJURY,0,0,0,0,0,1,0,18,2,8,41.7921298593,-87.7872057776,POINT (-87.787205777624 41.792129859326)
e1dca9c11b337c41119c1fa75e31b38c118f11348fb29d45bd75e595267f3f2f7c6d7f23dc50dc55e1e7a3071e0116803bf7b799364efca1fe24e55f62741ac0,,08/25/2025 06:24:00 PM,30,NO CONTROLS,NO CONTROLS,CLEAR,DAYLIGHT,SIDESWIPE SAME DIRECTION,NOT DIVIDED,,STRAIGHT AND LEVEL,DRY,NO DEFECTS,NOT ON SCENE (DESK REPORT),NO INJURY / DRIVE AWAY,,,,"OVER $1,500",08/25/2025 07:35:00 PM,"VISION OBSCURED (SIGNS, TREE LIMBS, BUILDINGS, ETC.)",NOT APPLICABLE,3242,W,26TH ST,1024,,,,,,,2,NO INDICATION OF INJURY,0,0,0,0,0,2,0,18,2,8,41.8446049695,-87.7066853101,POINT (-87.706685310076 41.844604969544)
bd0bc63ba950abecb1188afbfc38784d37b54ae13d24ba8f8bf2f093d0381aea9d6c1571ddee2612c5605b17bf20372417f2aad2ca85032ab5bccacac462d8b6,,08/25/2025 06:10:00 PM,30,TRAFFIC SIGNAL,FUNCTIONING PROPERLY,CLEAR,DAYLIGHT,REAR END,DIVIDED - W/MEDIAN BARRIER,,STRAIGHT AND LEVEL,DRY,NO DEFECTS,ON SCENE,NO INJURY / DRIVE AWAY,Y,,Y,"OVER $1,500",08/25/2025 06:13:00 PM,IMPROPER TURNING/NO SIGNAL,IMPROPER TURNING/NO SIGNAL,300,N,MICHIGAN AVE,111,,,,,,,2,NO INDICATION OF INJURY,0,0,0,0,0,2,0,18,2,8,41.8868757954,-87.6246851867,POINT (-87.624685186707 41.886875795392)
f0b07e2fe5fc3a2bb314ad86ae9064e21b174fa86ff722e0298445d50bf593d9ced74eda5acdbaf59d88e89b35ca95f32bdc3818c986e3c5b97a91f6bbb86147,,08/25/2025 06:04:00 PM,30,TRAFFIC SIGNAL,FUNCTIONING PROPERLY,CLEAR,DAYLIGHT,SIDESWIPE SAME DIRECTION,NOT DIVIDED,,STRAIGHT AND LEVEL,DRY,NO DEFECTS,ON SCENE,NO INJURY / DRIVE AWAY,,,,"OVER $1,500",08/25/2025 06:09:00 PM,DISREGARDING ROAD MARKINGS,NOT APPLICABLE,11098,S,DR MARTIN LUTHER KING JR DR,513,,,,,,,2,NO INDICATION OF INJURY,0,0,0,0,0,2,0,18,2,8,41.6927586681,-87.6135236213,POINT (-87.613523621273 41.69275866805)
5247ab08abc9c40944841ed1c8ae2efd8b26811ca87ea809f6d0ad3bad42497101276ac58325b55f2a21efb0cca51795cf1fc42235b0c3513c15ab62b5d9c6dd,,08/25/2025 06:00:00 PM,30,YIELD,NO CONTROLS,CLEAR,DAYLIGHT,SIDESWIPE SAME DIRECTION,NOT DIVIDED,,STRAIGHT AND LEVEL,DRY,UNKNOWN,ON SCENE,NO INJURY / DRIVE AWAY,,,,"OVER $1,500",08/25/2025 06:19:00 PM,IMPROPER OVERTAKING/PASSING,FOLLOWING TOO CLOSELY,6300,S,RACINE AVE,724,,,,,,,2,NO INDICATION OF INJURY,0,0,0,0,0,2,0,18,2,8,41.779516038,-87.6546468737,POINT (-87.654646873699 41.779516037968)
e528b9652291f51b96180baa5a04825ee7cb74be6f7afcabf8edec51dbb33e5d08f312dee98dd056661f0f9776be07b2695c98ac64909afceb2ac5897fd75d28,,08/25/2025 05:58:00 PM,25,NO CONTROLS,NO CONTROLS,CLEAR,DAYLIGHT,PARKED MOTOR VEHICLE,ONE-WAY,,STRAIGHT AND LEVEL,DRY,NO DEFECTS,,NO INJURY / DRIVE AWAY,,,Y,$500 OR LESS,08/25/2025 06:09:00 PM,UNABLE TO DETERMINE,NOT APPLICABLE,7959,S,ST LAWRENCE AVE,624,,Y,,,,,2,NO INDICATION OF INJURY,0,0,0,0,0,1,0,17,2,8,41.7494674797,-87.609886335,POINT (-87.609886334955 41.749467479701)
57ef046ce5ee61efcd1aaab5a47c2d1b6e2bdbd194df12b8e32efebcd0e8d04bee68341aa12eb11e471c95a278c6b45f4fed456689891b759fc8ace5df38c355,,08/25/2025 05:53:00 PM,30,NO CONTROLS,NO CONTROLS,CLEAR,DAYLIGHT,SIDESWIPE SAME DIRECTION,NOT DIVIDED,,STRAIGHT AND LEVEL,DRY,UNKNOWN,ON SCENE,NO INJURY / DRIVE AWAY,,,Y,"OVER $1,500",08/25/2025 05:53:00 PM,FAILING TO YIELD RIGHT-OF-WAY,NOT APPLICABLE,5936,W,LAKE ST,1512,,,,,,,2,NO INDICATION OF INJURY,0,0,0,0,0,2,0,17,2,8,41.8880907668,-87.7735496706,POINT (-87.773549670578 41.8880907668)
c57544816694cc7024d17bf2ab63248756dbcbc50e333b404855c7a1f244b6688c1f974ac24153dae59e81ac4c72b6cea08e8baa9db65549489be0686a1992f7,,08/25/2025 05:53:00 PM,30,TRAFFIC SIGNAL,FUNCTIONING PROPERLY,CLEAR,DAYLIGHT,SIDESWIPE SAME DIRECTION,DIVIDED - W/MEDIAN (NOT RAISED),,STRAIGHT ON GRADE,DRY,NO DEFECTS,ON SCENE,NO INJURY / DRIVE AWAY,Y,,,"$501 - $1,500",08/25/2025 05:55:00 PM,UNABLE TO DETERMINE,NOT APPLICABLE,3256,S,ASHLAND AVE,912,,,,,,,2,NO INDICATION OF INJURY,0,0,0,0,0,2,0,17,2,8,41.834211493,-87.6658003184,POINT (-87.66580031837 41.834211492961)
f46ee96e77d320a312ee4a5c465e5b6413b2055064dae2b4284d711e889837814f0cb9509c3e21a592ea00f8e65263d749ccb541754dfcc3a793924cf84f96ec,Y,08/25/2025 05:52:00 PM,30,NO CONTROLS,NO CONTROLS,CLEAR,DAYLIGHT,REAR END,NOT DIVIDED,,STRAIGHT AND LEVEL,DRY,UNKNOWN,ON SCENE,INJURY AND / OR TOW DUE TO CRASH,,,,"$501 - $1,500",08/25/2025 05:53:00 PM,FOLLOWING TOO CLOSELY,UNABLE TO DETERMINE,5003,W,LAWRENCE AVE,1623,,,,,,,2,NONINCAPACITATING INJURY,1,0,0,1,0,1,0,17,2,8,41.9678562808,-87.752778888,POINT (-87.752778888017 41.967856280759)