CRASH_RECORD_ID,CRASH_DATE_EST_I,CRASH_DATE,POSTED_SPEED_LIMIT,TRAFFIC_CONTROL_DEVICE,DEVICE_CONDITION,WEATHER_CONDITION,LIGHTING_CONDITION,FIRST_CRASH_TYPE,TRAFFICWAY_TYPE,LANE_CNT,ALIGNMENT,ROADWAY_SURFACE_COND,ROAD_DEFECT,REPORT_TYPE,CRASH_TYPE,INTERSECTION_RELATED_I,NOT_RIGHT_OF_WAY_I,HIT_AND_RUN_I,DAMAGE,DATE_POLICE_NOTIFIED,PRIM_CONTRIBUTORY_CAUSE,SEC_CONTRIBUTORY_CAUSE,STREET_NO,STREET_DIRECTION,STREET_NAME,BEAT_OF_OCCURRENCE,PHOTOS_TAKEN_I,STATEMENTS_TAKEN_I,DOORING_I,WORK_ZONE_I,WORK_ZONE_TYPE,WORKERS_PRESENT_I,NUM_UNITS,MOST_SEVERE_INJURY,INJURIES_TOTAL,INJURIES_FATAL,INJURIES_INCAPACITATING,INJURIES_NON_INCAPACITATING,INJURIES_REPORTED_NOT_EVIDENT,INJURIES_NO_INDICATION,INJURIES_UNKNOWN,CRASH_HOUR,CRASH_DAY_OF_WEEK,CRASH_MONTH,LATITUDE,LONGITUDE,LOCATION
34d43253dd8f917b685032968262db8b267f6f79a4e9286b530171b19548b1e89e9b4f0e2966716f93c1e452259c5b57dca4379edbfa1705d23d76eae9c93a5d,,08/25/2025 05:50:00 PM,30,NO CONTROLS,NO CONTROLS,CLEAR,DAYLIGHT,REAR END,NOT DIVIDED,,STRAIGHT AND LEVEL,DRY,NO DEFECTS,NOT ON SCENE (DESK REPORT),NO INJURY / DRIVE AWAY,,,,"$501 - $1,500",08/25/2025 08:20:00 PM,FOLLOWING TOO CLOSELY,FOLLOWING TOO CLOSELY,5211,W,LAWRENCE AVE,1623,,,,,,,2,NO INDICATION OF INJURY,0,0,0,0,0,2,0,17,2,8,41.9677878402,-87.7581316744,POINT (-87.75813167444 41.967787840167)
5a9bf835cf47bbb69a756f3bc92bd131eefe733e054dd1d48c713a1d2fcc98212bdb99ec032c06859cd7f6dc5eac640f2f91bf879659cd57e603057491e0750d,,08/25/2025 05:49:00 PM,30,OTHER,FUNCTIONING PROPERLY,CLEAR,DAYLIGHT,SIDESWIPE SAME DIRECTION,NOT DIVIDED,,STRAIGHT AND LEVEL,DRY,NO DEFECTS,NOT ON SCENE (DESK REPORT),NO INJURY / DRIVE AWAY,,,,"$501 - $1,500",08/25/2025 06:30:00 PM,FAILING TO YIELD RIGHT-OF-WAY,NOT APPLICABLE,2132,S,MICHIGAN AVE,131,Y,,,,,,2,NO INDICATION OF INJURY,0,0,0,0,0,2,0,17,2,8,41.8532383416,-87.6239739645,POINT (-87.623973964477 41.853238341608)
fc8fa316fd7f92650c66804c3c3b11d949362d7a9810f21675790f3df746cf06b6fcba715ebe1abc600c0bc132ab7297876e3e4f6b186ec764ded87c539a51e7,,08/25/2025 05:48:00 PM,30,TRAFFIC SIGNAL,FUNCTIONING PROPERLY,CLEAR,DAYLIGHT,TURNING,NOT DIVIDED,,STRAIGHT AND LEVEL,DRY,UNKNOWN,ON SCENE,INJURY AND / OR TOW DUE TO CRASH,Y,,,"$501 - $1,500",08/25/2025 06:01:00 PM,IMPROPER TURNING/NO SIGNAL,NOT APPLICABLE,10032,S,EWING AVE,432,,,,,,,2,NONINCAPACITATING INJURY,1,0,0,1,0,2,0,17,2,8,41.7128355251,-87.5354219375,POINT (-87.535421937537 41.712835525064)
63b8dade4c5388da54d41a26acef7ab9048dd810f670278c3c854cc8440e3c9bf07195286fa5ba1dea69e29a958cbb6f8467b1cfa71c9bce89b60cc37e3b08ea,,08/25/2025 05:45:00 PM,30,NO CONTROLS,NO CONTROLS,CLEAR,DAYLIGHT,REAR END,DIVIDED - W/MEDIAN (NOT RAISED),,STRAIGHT AND LEVEL,DRY,NO DEFECTS,NOT ON SCENE (DESK REPORT),NO INJURY / DRIVE AWAY,,,,$500 OR LESS,08/25/2025 05:45:00 PM,FOLLOWING TOO CLOSELY,NOT APPLICABLE,2100,W,ROOSEVELT RD,1225,,,,,,,2,NO INDICATION OF INJURY,0,0,0,0,0,2,0,17,2,8,41.8668235673,-87.6790631541,POINT (-87.679063154143 41.866823567323)
89d196471dd0b6401948a20a50bd4c979c366d57ef20180c08e9008d4fc264cda7629cef13a992bbe2af5dc9813d43f67a13837b04b7f8dc5075c86da4de00fa,,08/25/2025 05:38:00 PM,30,NO CONTROLS,NO CONTROLS,CLEAR,DAYLIGHT,TURNING,NOT DIVIDED,,STRAIGHT AND LEVEL,DRY,NO DEFECTS,ON SCENE,NO INJURY / DRIVE AWAY,,,,"OVER $1,500",08/25/2025 05:38:00 PM,FAILING TO YIELD RIGHT-OF-WAY,UNABLE TO DETERMINE,1950,N,CALIFORNIA AVE,1421,,,,,,,2,NO INDICATION OF INJURY,0,0,0,0,0,3,0,17,2,8,41.9171704254,-87.6973375021,POINT (-87.69733750212 41.917170425444)
6574bf6312ef6b1bc3042861bb0a64e588d22fc28c9db022f281777e653030320960c017054ecf983010f4a6d25be77dd040be55ba90cc858610b30b28bd0fdd,,08/25/2025 05:37:00 PM,30,FLASHING CONTROL SIGNAL,FUNCTIONING IMPROPERLY,CLEAR,DAYLIGHT,TURNING,T-INTERSECTION,,STRAIGHT AND LEVEL,DRY,UNKNOWN,ON SCENE,NO INJURY / DRIVE AWAY,Y,,,"OVER $1,500",08/25/2025 05:37:00 PM,NOT APPLICABLE,NOT APPLICABLE,3000,W,31ST ST,1033,Y,Y,,,,,2,NO INDICATION OF INJURY,0,0,0,0,0,16,0,17,2,8,41.8374320346,-87.7000506314,POINT (-87.700050631359 41.837432034579)
e953af6a37e331162bbe55999df10122aa367a108cb7aae1c2da42813c790c8fc1ebb4d9e86b34640e5f4cd30d9ae37c6fd5e2119a916aa22c2e97576da945e0,,08/25/2025 05:37:00 PM,30,TRAFFIC SIGNAL,FUNCTIONING PROPERLY,UNKNOWN,UNKNOWN,REAR END,T-INTERSECTION,,STRAIGHT AND LEVEL,UNKNOWN,UNKNOWN,NOT ON SCENE (DESK REPORT),NO INJURY / DRIVE AWAY,Y,,Y,$500 OR LESS,08/25/2025 06:10:00 PM,UNABLE TO DETERMINE,UNABLE TO DETERMINE,1600,E,75TH ST,324,,,,,,,2,NO INDICATION OF INJURY,0,0,0,0,0,3,0,17,2,8,41.7588777413,-87.5856824409,POINT (-87.585682440932 41.758877741252)
606db7f0b13f32a9f66e41cfcea0ec3155775d745acf426498c52eae076bb09196347919b4c27e59e9f5b5186bc53a84cf8759b2ba38524300046c06855f5821,,08/25/2025 05:35:00 PM,30,TRAFFIC SIGNAL,FUNCTIONING PROPERLY,CLEAR,DAYLIGHT,TURNING,DIVIDED - W/MEDIAN (NOT RAISED),,STRAIGHT AND LEVEL,DRY,NO DEFECTS,ON SCENE,INJURY AND / OR TOW DUE TO CRASH,Y,,,"OVER $1,500",08/25/2025 05:39:00 PM,DISREGARDING TRAFFIC SIGNALS,NOT APPLICABLE,8401,W,MONTROSE AVE,1614,,,,,,,2,NO INDICATION OF INJURY,0,0,0,0,0,3,0,17,2,8,41.9592480332,-87.8368351642,POINT (-87.836835164163 41.95924803322)
34ac5f55ff385907255856548559cc04764cee8de0dab2c4489aad0f1084caccfc0e2d4497c84d7e383025257b55666676f3f908bc5930b44003fab6ddfe44fe,,08/25/2025 05:30:00 PM,10,UNKNOWN,UNKNOWN,UNKNOWN,UNKNOWN,PARKED MOTOR VEHICLE,PARKING LOT,,STRAIGHT AND LEVEL,UNKNOWN,UNKNOWN,NOT ON SCENE (DESK REPORT),INJURY AND / OR TOW DUE TO CRASH,,,,"OVER $1,500",08/25/2025 08:00:00 PM,UNABLE TO DETERMINE,NOT APPLICABLE,1740,N,KOSTNER AVE,2533,,,,,,,2,NO INDICATION OF INJURY,0,0,0,0,0,1,0,17,2,8,41.9127695019,-87.7363483567,POINT (-87.736348356711 41.912769501895)
46917e8efce098f19de393bc2c86f3b5e244a088c6ded0040be01482ff0d3ca61d433767ecb112f5a212a864a2478368bc146e24ccc1959240e611693c772ab3,,08/25/2025 05:30:00 PM,25,NO CONTROLS,NO CONTROLS,UNKNOWN,DAYLIGHT,PARKED MOTOR VEHICLE,ONE-WAY,,STRAIGHT AND LEVEL,UNKNOWN,UNKNOWN,,NO INJURY / DRIVE AWAY,,,N,"OVER $1,500",08/26/2025 03:55:00 PM,DRIVING SKILLS/KNOWLEDGE/EXPERIENCE,IMPROPER OVERTAKING/PASSING,1850,N,WASHTENAW AVE,1421,,,,,,,2,NO INDICATION OF INJURY,0,0,0,0,0,1,0,17,2,8,41.9153827585,-87.6948423918,POINT (-87.694842391768 41.915382758456)
59c67090260c643ffc52d8558b7183586dddba1ad960d1f789e6b4d79bd09d7c0aa166fe16f36a1b37fc6cb10f758e625f68a78c16df7285894a929f2dc97522,,08/25/2025 05:30:00 PM,30,NO CONTROLS,NO CONTROLS,CLEAR,DAYLIGHT,PARKED MOTOR VEHICLE,DIVIDED - W/MEDIAN (NOT RAISED),,STRAIGHT AND LEVEL,DRY,NO DEFECTS,ON SCENE,INJURY AND / OR TOW DUE TO CRASH,,,,"OVER $1,500",08/25/2025 05:34:00 PM,FAILING TO REDUCE SPEED TO AVOID CRASH,FAILING TO REDUCE SPEED TO AVOID CRASH,5000,S,LAKE PARK AVE,222,,,,,,,2,NO INDICATION OF INJURY,0,0,0,0,0,1,0,17,2,8,41.8041880779,-87.588674688,POINT (-87.58867468797 41.80418807794)
5c202aa953e92b4376f1c93a33bf42aaae58b3604f9cd1a90e2e4743be58afd38c2f38d9379d91cd65affdbf86d2a5d40644fc6861c97e38ec948d0f881e65e7,,08/25/2025 05:30:00 PM,20,TRAFFIC SIGNAL,FUNCTIONING PROPERLY,CLEAR,DAYLIGHT,REAR END,FOUR WAY,,STRAIGHT AND LEVEL,DRY,NO DEFECTS,ON SCENE,NO INJURY / DRIVE AWAY,,,Y,$500 OR LESS,08/25/2025 06:12:00 PM,UNABLE TO DETERMINE,UNABLE TO DETERMINE,1200,S,RACINE AVE,1233,,,,,,,2,NO INDICATION OF INJURY,0,0,0,0,0,2,0,17,2,8,41.8669514662,-87.6568267984,POINT (-87.656826798414 41.866951466174)
81e62e1b3e7a4d0c17dd0cf8fe9c88e7fc5b16b8a1d34e67ce38b7099951844b6c3ad3ab722afa02536193057857cd2eb6c15dc8d6372049b2e543e7bf3b7c4a,,08/25/2025 05:30:00 PM,30,STOP SIGN/FLASHER,NO CONTROLS,CLEAR,DAYLIGHT,PARKED MOTOR VEHICLE,ONE-WAY,,STRAIGHT AND LEVEL,DRY,NO DEFECTS,NOT ON SCENE (DESK REPORT),NO INJURY / DRIVE AWAY,,,Y,"OVER $1,500",08/25/2025 06:30:00 PM,FAILING TO YIELD RIGHT-OF-WAY,FAILING TO YIELD RIGHT-OF-WAY,1951,W,19TH ST,1234,,,,,,,2,NO INDICATION OF INJURY,0,0,0,0,0,1,0,17,2,8,41.8557317661,-87.6755176839,POINT (-87.675517683934 41.855731766076)
9214c6a5eb6c85e1e8df1d7e0a8de235f3cc7c7f67801b33ce6253bb38f82f39faba9b485a2f1a7e4ef8494f1eb43fd87ae7644d1040f33337f553af2a3c9d39,,08/25/2025 05:27:00 PM,30,TRAFFIC SIGNAL,FUNCTIONING PROPERLY,CLEAR,DAYLIGHT,ANGLE,FOUR WAY,,STRAIGHT AND LEVEL,DRY,UNKNOWN,ON SCENE,INJURY AND / OR TOW DUE TO CRASH,Y,,,"OVER $1,500",08/25/2025 05:30:00 PM,DISREGARDING TRAFFIC SIGNALS,DRIVING SKILLS/KNOWLEDGE/EXPERIENCE,2889,W,CERMAK RD,1033,,,,,,,2,"REPORTED, NOT EVIDENT",2,0,0,0,2,3,0,17,2,8,41.8517432348,-87.6989031936,POINT (-87.698903193596 41.851743234791)
5d391a5ab5343574b22926ed99c6aef04a7a5ff46f4b4cadf634fcd178dcff329f37edb375006ba8c3680f17da068bc26aa6de868c6771ded3d4d1292871b01a,,08/25/2025 05:25:00 PM,30,TRAFFIC SIGNAL,FUNCTIONING PROPERLY,CLEAR,DAYLIGHT,PEDESTRIAN,FOUR WAY,,STRAIGHT AND LEVEL,DRY,UNKNOWN,ON SCENE,INJURY AND / OR TOW DUE TO CRASH,Y,,,"OVER $1,500",08/25/2025 05:28:00 PM,FAILING TO YIELD RIGHT-OF-WAY,"VISION OBSCURED (SIGNS, TREE LIMBS, BUILDINGS, ETC.)",98,S,CANAL ST,121,,,,,,,2,"REPORTED, NOT EVIDENT",1,0,0,0,1,1,0,17,2,8,41.8806203069,-87.6397938173,POINT (-87.639793817259 41.8806203069)
307423c414ae0986b61a7ec1c5bfc837f6385ccb6b8545697c20aeec680b17d24bf3eedd82f8ba2fd1894acd748ddde04d4ccd1612de611316771541aed10201,,08/25/2025 05:20:00 PM,25,NO CONTROLS,NO CONTROLS,CLEAR,DAYLIGHT,REAR TO FRONT,NOT DIVIDED,,STRAIGHT AND LEVEL,DRY,UNKNOWN,NOT ON SCENE (DESK REPORT),NO INJURY / DRIVE AWAY,,,,"OVER $1,500",08/25/2025 07:01:00 PM,UNABLE TO DETERMINE,UNABLE TO DETERMINE,7855,S,GREENWOOD AVE,624,,,,,,,2,NO INDICATION OF INJURY,0,0,0,0,0,3,0,17,2,8,41.7515698084,-87.597773217,POINT (-87.597773216977 41.751569808385)
5926a76433b9871a39e063d4e7ce7e2d763dbc495b56b841bfc05db1197cab8385fa4e595123d293fe50464ea6af1a46dfb94f24880532881954865732e498da,,08/25/2025 05:20:00 PM,30,TRAFFIC SIGNAL,FUNCTIONING PROPERLY,CLEAR,DAYLIGHT,ANGLE,FOUR WAY,,STRAIGHT AND LEVEL,DRY,WORN SURFACE,ON SCENE,NO INJURY / DRIVE AWAY,Y,,,"OVER $1,500",08/25/2025 05:22:00 PM,FAILING TO YIELD RIGHT-OF-WAY,NOT APPLICABLE,4700,S,WESTERN BLVD,922,,,,,,,2,NO INDICATION OF INJURY,0,0,0,0,0,5,0,17,2,8,41.8083695489,-87.6840193967,POINT (-87.684019396719 41.808369548854)
e003e82f0575cdfdc2c8da5f78e08f92f1307fca0ec2486e04f119e756e1339ec4e853cc71d52b958c0a5c9fa4c8fe7ba6af004ff1e1b97bdbe11357daefca94,,08/25/2025 05:20:00 PM,30,NO CONTROLS,NO CONTROLS,CLEAR,DAYLIGHT,SIDESWIPE SAME DIRECTION,NOT DIVIDED,,STRAIGHT AND LEVEL,DRY,NO DEFECTS,NOT ON SCENE (DESK REPORT),NO INJURY / DRIVE AWAY,,,,"$501 - $1,500",08/25/2025 05:50:00 PM,NOT APPLICABLE,NOT APPLICABLE,2512,E,79TH ST,421,,,,,,,2,NO INDICATION OF INJURY,0,0,0,0,0,2,0,17,2,8,41.7518801991,-87.5632462355,POINT (-87.563246235528 41.751880199054)
faf8e2c46b101cbaff7771d3fe7adcb0e1cbae4ccb8c061580c872e6c64de17ff887781ab430765e22887ee918aa5997a9a57d9efd05cc83731030db319aa87f,,08/25/2025 05:20:00 PM,30,NO CONTROLS,NO CONTROLS,CLEAR,DAYLIGHT,REAR END,NOT DIVIDED,,STRAIGHT AND LEVEL,DRY,NO DEFECTS,NOT ON SCENE (DESK REPORT),INJURY AND / OR TOW DUE TO CRASH,,,,"OVER $1,500",08/29/2025 10:30:00 PM,DISTRACTION - FROM INSIDE VEHICLE,NOT APPLICABLE,6350,S,KEDZIE AVE,823,,,,,,,2,"REPORTED, NOT EVIDENT",1,0,0,0,1,1,0,17,2,8,41.777477882,-87.7032498074,POINT (-87.70324980741 41.777477881986)
21dfdff531019c97fa87b29df0349a797cdd4d0752fd6929b7e2386cad900d9cb6347c5ddc318243fda709ed42aac8e399b253013978d247d8e375ad555a38ad,,08/25/2025 05:15:00 PM,30,TRAFFIC SIGNAL,FUNCTIONING PROPERLY,CLEAR,DAYLIGHT,REAR END,NOT DIVIDED,,STRAIGHT AND LEVEL,DRY,NO DEFECTS,NOT ON SCENE (DESK REPORT),NO INJURY / DRIVE AWAY,,,,"OVER $1,500",08/25/2025 06:05:00 PM,UNABLE TO DETERMINE,UNABLE TO DETERMINE,2836,W,103RD ST,2211,,,,,,,2,NO INDICATION OF INJURY,0,0,0,0,0,2,0,17,2,8,41.7064073006,-87.692989121,POINT (-87.692989121013 41.706407300586)
8068f48d2f7a13a0b16cd2d68d1823cc274ed73be1e0c3b7a5f97b77967492d8d6c755e8df1c4f2f3ea8f18aa3fd43c42d71833dc872d87cbcabb759ccc24062,,08/25/2025 05:10:00 PM,5,NO CONTROLS,NO CONTROLS,CLEAR,DAYLIGHT,PARKED MOTOR VEHICLE,PARKING LOT,,STRAIGHT AND LEVEL,DRY,UNKNOWN,ON SCENE,NO INJURY / DRIVE AWAY,,Y,Y,"OVER $1,500",08/25/2025 05:19:00 PM,IMPROPER TURNING/NO SIGNAL,NOT APPLICABLE,412,S,DEARBORN ST,113,,,,,,,2,NO INDICATION OF INJURY,0,0,0,0,0,1,0,17,2,8,41.8765584525,-87.6294013408,POINT (-87.629401340801 41.876558452452)
3e01ffc220c404caefcbe8087ba460bc8ab54cebf5e204ef242ba370b48655cd3a19ad69bed95c8c3e803fd07d2bb1a0ae7a7b9916159b7b330ff528872af6cf,,08/25/2025 05:00:00 PM,30,NO CONTROLS,NO CONTROLS,CLEAR,DAYLIGHT,REAR END,NOT DIVIDED,,STRAIGHT AND LEVEL,DRY,UNKNOWN,ON SCENE,INJURY AND / OR TOW DUE TO CRASH,,,,"$501 - $1,500",08/25/2025 05:07:00 PM,FOLLOWING TOO CLOSELY,NOT APPLICABLE,9383,S,EWING AVE,432,,,,,,,2,NO INDICATION OF INJURY,0,0,0,0,0,2,0,17,2,8,41.7253700556,-87.5383614765,POINT (-87.538361476472 41.725370055569)
556f114bb087aaa651bcd8e09e799e7b7b3a4f3b436ea8d787f21e2543ba4bac1b64bea63f2ca257999307e12029a894c4b47e58d32fb235b4ff3ee5a2fca95e,,08/25/2025 05:00:00 PM,35,TRAFFIC SIGNAL,FUNCTIONING PROPERLY,CLEAR,DAYLIGHT,TURNING,FOUR WAY,,STRAIGHT AND LEVEL,DRY,NO DEFECTS,NOT ON SCENE (DESK REPORT),NO INJURY / DRIVE AWAY,Y,,Y,"$501 - $1,500",08/25/2025 05:30:00 PM,IMPROPER TURNING/NO SIGNAL,IMPROPER TURNING/NO SIGNAL,9442,S,STATE ST,634,,,,,,,2,NO INDICATION OF INJURY,0,0,0,0,0,2,0,17,2,8,41.7221896069,-87.6238893616,POINT (-87.623889361646 41.722189606875)
71ff67551331d52241a8fcc8c884896fb5f1fa6aa88c34c3cedc2f8ab0960421b920a6ef6a4407638bebbadc633affd75679d4864e380e1af2471447f704abd4,,08/25/2025 05:00:00 PM,10,UNKNOWN,UNKNOWN,UNKNOWN,UNKNOWN,REAR TO REAR,PARKING LOT,,STRAIGHT AND LEVEL,UNKNOWN,UNKNOWN,NOT ON SCENE (DESK REPORT),NO INJURY / DRIVE AWAY,,,,"$501 - $1,500",08/25/2025 06:30:00 PM,UNABLE TO DETERMINE,NOT APPLICABLE,3850,W,FULLERTON AVE,2524,,,,,,,2,NO INDICATION OF INJURY,0,0,0,0,0,2,0,17,2,8,41.9246283205,-87.723953321,POINT (-87.723953320984 41.924628320533)
84c163a5dcfb9c7edf0624315ffd4dc6bc3ba7783a61fe404748ef9fb4cf723a5d735e2b63cb22f6376a227d6bffa0a9f18f5a67949ef734d57e076dbabeb748,,08/25/2025 05:00:00 PM,15,NO CONTROLS,NO CONTROLS,CLEAR,DAYLIGHT,PARKED MOTOR VEHICLE,PARKING LOT,,STRAIGHT AND LEVEL,DRY,NO DEFECTS,NOT ON SCENE (DESK REPORT),NO INJURY / DRIVE AWAY,,,Y,"OVER $1,500",08/26/2025 01:04:00 PM,NOT APPLICABLE,NOT APPLICABLE,5838,S,PULASKI RD,813,,,,,,,2,NO INDICATION OF INJURY,0,0,0,0,0,1,0,17,2,8,41.7866084095,-87.7231300289,POINT (-87.723130028895 41.786608409502)
b678e28a9414d0460f5a468e477a6ef0b895d76abdcac38e882fe69706ba07daeb5e36df9ac69cc19dbd05bdbb84af11609b127c11f1c8ce17dbc4f51beb2007,,08/25/2025 05:00:00 PM,30,TRAFFIC SIGNAL,FUNCTIONING PROPERLY,CLEAR,DAYLIGHT,SIDESWIPE SAME DIRECTION,FOUR WAY,,STRAIGHT AND LEVEL,DRY,UNKNOWN,ON SCENE,INJURY AND / OR TOW DUE TO CRASH,,,,"OVER $1,500",08/25/2025 05:04:00 PM,NOT APPLICABLE,NOT APPLICABLE,2800,W,87TH ST,835,,,,,,,2,NO INDICATION OF INJURY,0,0,0,0,0,2,0,17,2,8,41.7354684591,-87.6923707356,POINT (-87.692370735592 41.735468459066)
f518f68746c509ef1bf458403e36d3b641439fdcec056de248fefc21b59f88fa4e6a184b005e30a8a70db86df92fcf3c8828d4a5c17e17411c2f7e3d4799705f,,08/25/2025 05:00:00 PM,30,TRAFFIC SIGNAL,FUNCTIONING PROPERLY,CLEAR,DAYLIGHT,SIDESWIPE SAME DIRECTION,DIVIDED - W/MEDIAN (NOT RAISED),,STRAIGHT AND LEVEL,DRY,NO DEFECTS,ON SCENE,NO INJURY / DRIVE AWAY,Y,,,"OVER $1,500",08/25/2025 05:07:00 PM,IMPROPER LANE USAGE,NOT APPLICABLE,4401,W,OGDEN AVE,1013,,,,,,,2,NO INDICATION OF INJURY,0,0,0,0,0,6,0,17,2,8,41.8475777077,-87.7343843448,POINT (-87.734384344751 41.847577707741)
ac02801b56dd7968ffb697bc87a48fa435ba033c62cf419e0d0c04ea930c2ee1a9f8d1901b520e168a97dc52d5337b94ae660ee888dd9829059a4cd3fc2cc002,,08/25/2025 04:59:00 PM,30,STOP SIGN/FLASHER,FUNCTIONING PROPERLY,CLEAR,DAYLIGHT,REAR END,NOT DIVIDED,,STRAIGHT AND LEVEL,DRY,NO DEFECTS,NOT ON SCENE (DESK REPORT),INJURY AND / OR TOW DUE TO CRASH,,,Y,"OVER $1,500",08/26/2025 10:15:00 AM,IMPROPER BACKING,NOT APPLICABLE,201,E,46TH ST,215,,,,,,,2,"REPORTED, NOT EVIDENT",1,0,0,0,1,1,0,16,2,8,41.8110166464,-87.6211761078,POINT (-87.621176107755 41.811016646447)
134e96a331967bf21192cc75a1d8efd98e33affc9bc924f2a9a09edd606f2355c3ed0c46713ead3deedec7e1da652f971c256c1ee1be242e9c675a83fd2064dc,,08/25/2025 04:55:00 PM,30,NO CONTROLS,NO CONTROLS,CLEAR,DAYLIGHT,SIDESWIPE SAME DIRECTION,NOT DIVIDED,,STRAIGHT AND LEVEL,DRY,NO DEFECTS,ON SCENE,NO INJURY / DRIVE AWAY,,,,"OVER $1,500",08/25/2025 04:59:00 PM,FAILING TO YIELD RIGHT-OF-WAY,NOT APPLICABLE,4002,N,TRIPP AVE,1722,,,,,,,2,NO INDICATION OF INJURY,0,0,0,0,0,2,0,16,2,8,41.9536817588,-87.7341199292,POINT (-87.734119929218 41.953681758789)
2d5dbc75e3d6eded08a66f129514f3a40cdcf6ace42f57be5fe81754b4215a6efde3fc40cbb057b964f9bdc98b26106d71fff412cb38dc909f614bdbc5ab5eb6,,08/25/2025 04:55:00 PM,30,NO CONTROLS,NO CONTROLS,CLEAR,DAYLIGHT,SIDESWIPE SAME DIRECTION,DIVIDED - W/MEDIAN BARRIER,,STRAIGHT AND LEVEL,DRY,NO DEFECTS,NOT ON SCENE (DESK REPORT),NO INJURY / DRIVE AWAY,,,Y,"OVER $1,500",08/25/2025 05:35:00 PM,FOLLOWING TOO CLOSELY,NOT APPLICABLE,1840,W,PETERSON AVE,2413,,,,,,,2,NO INDICATION OF INJURY,0,0,0,0,0,2,0,16,2,8,41.9908340688,-87.6767717296,POINT (-87.676771729609 41.990834068751)
698cc7e9d71be702d81834a44bd1d974648242fe8bb314dc8fef397748ada99f5b02e41f250b7bf1fe922b96722a17802d81efcc7ed8707324eb531f60140207,,08/25/2025 04:55:00 PM,35,NO CONTROLS,NO CONTROLS,CLEAR,DAYLIGHT,SIDESWIPE SAME DIRECTION,NOT DIVIDED,,STRAIGHT AND LEVEL,DRY,UNKNOWN,ON SCENE,INJURY AND / OR TOW DUE TO CRASH,,,,"OVER $1,500",08/25/2025 04:57:00 PM,IMPROPER OVERTAKING/PASSING,IMPROPER LANE USAGE,5148,W,MONTROSE AVE,1623,,,,,,,3,NO INDICATION OF INJURY,0,0,0,0,0,4,0,16,2,8,41.960720651,-87.7564729057,POINT (-87.7564729057 41.960720650976)
db8d33757abb1d78a3c70f609695ae052b15374393ee826712754a9c06272e6d5285ffbd43dba9fa604b36ddd892568ac5aa43f6225efac104dd8d26ccee105b,,08/25/2025 04:55:00 PM,25,STOP SIGN/FLASHER,FUNCTIONING PROPERLY,CLEAR,DAYLIGHT,PEDALCYCLIST,FOUR WAY,,STRAIGHT AND LEVEL,DRY,NO DEFECTS,ON SCENE,INJURY AND / OR TOW DUE TO CRASH,Y,,Y,$500 OR LESS,08/25/2025 05:14:00 PM,DISREGARDING STOP SIGN,UNABLE TO DETERMINE,7100,S,PAULINA ST,735,,,,,,,2,NONINCAPACITATING INJURY,1,0,0,1,0,1,0,16,2,8,41.7647867355,-87.6663902095,POINT (-87.666390209507 41.764786735493)
7b17bf9f5877e4a829db13d820012787cdfd5e05050c662ceca581784071e6716d3213874bd5eeaa41ddc88cb3724a5e29d85d2331ddae6f7daa9296398832a8,,08/25/2025 04:51:00 PM,30,TRAFFIC SIGNAL,FUNCTIONING PROPERLY,CLEAR,DAYLIGHT,REAR END,NOT DIVIDED,,STRAIGHT AND LEVEL,DRY,UNKNOWN,ON SCENE,NO INJURY / DRIVE AWAY,,,,"$501 - $1,500",08/25/2025 05:21:00 PM,DISTRACTION - FROM INSIDE VEHICLE,DISTRACTION - FROM INSIDE VEHICLE,3218,N,HARLEM AVE,1631,,,,,,,2,NO INDICATION OF INJURY,0,0,0,0,0,2,0,16,2,8,41.9385912816,-87.8069148007,POINT (-87.806914800659 41.938591281589)
268ec85c8901c60f82045fc2de294f314eb99dc7fec0205b0ba8cfa5a12050ec66e5a9f51fb1381030059339c84e2192af2472bde57f05fe7d2d1c58a378ad4f,,08/25/2025 04:47:00 PM,30,TRAFFIC SIGNAL,FUNCTIONING PROPERLY,CLEAR,DAYLIGHT,SIDESWIPE SAME DIRECTION,NOT DIVIDED,,STRAIGHT AND LEVEL,DRY,NO DEFECTS,ON SCENE,NO INJURY / DRIVE AWAY,,,,"OVER $1,500",08/25/2025 05:11:00 PM,UNABLE TO DETERMINE,UNABLE TO DETERMINE,363,S,MICHIGAN AVE,114,,,,,,,2,NO INDICATION OF INJURY,0,0,0,0,0,2,0,16,2,8,41.8770698362,-87.6241454956,POINT (-87.624145495633 41.87706983621)
a3f20c6ee731739eee720ac90a0a00086bc890edb35b7699b901112c2624b5233eea719b16d85494a45f343d084eb07ce380e1f1379d921deeed0fea89e508da,,08/25/2025 04:39:00 PM,30,TRAFFIC SIGNAL,FUNCTIONING PROPERLY,CLEAR,DAYLIGHT,TURNING,T-INTERSECTION,,STRAIGHT AND LEVEL,DRY,NO DEFECTS,ON SCENE,INJURY AND / OR TOW DUE TO CRASH,Y,,,"OVER $1,500",08/25/2025 04:40:00 PM,FAILING TO YIELD RIGHT-OF-WAY,FAILING TO YIELD RIGHT-OF-WAY,3400,W,OGDEN AVE,1021,,,,,,,2,NONINCAPACITATING INJURY,2,0,0,2,0,2,0,16,2,8,41.8563505381,-87.7103752492,POINT (-87.710375249191 41.856350538058)