CRASH_RECORD_ID,CRASH_DATE_EST_I,CRASH_DATE,POSTED_SPEED_LIMIT,TRAFFIC_CONTROL_DEVICE,DEVICE_CONDITION,WEATHER_CONDITION,LIGHTING_CONDITION,FIRST_CRASH_TYPE,TRAFFICWAY_TYPE,LANE_CNT,ALIGNMENT,ROADWAY_SURFACE_COND,ROAD_DEFECT,REPORT_TYPE,CRASH_TYPE,INTERSECTION_RELATED_I,NOT_RIGHT_OF_WAY_I,HIT_AND_RUN_I,DAMAGE,DATE_POLICE_NOTIFIED,PRIM_CONTRIBUTORY_CAUSE,SEC_CONTRIBUTORY_CAUSE,STREET_NO,STREET_DIRECTION,STREET_NAME,BEAT_OF_OCCURRENCE,PHOTOS_TAKEN_I,STATEMENTS_TAKEN_I,DOORING_I,WORK_ZONE_I,WORK_ZONE_TYPE,WORKERS_PRESENT_I,NUM_UNITS,MOST_SEVERE_INJURY,INJURIES_TOTAL,INJURIES_FATAL,INJURIES_INCAPACITATING,INJURIES_NON_INCAPACITATING,INJURIES_REPORTED_NOT_EVIDENT,INJURIES_NO_INDICATION,INJURIES_UNKNOWN,CRASH_HOUR,CRASH_DAY_OF_WEEK,CRASH_MONTH,LATITUDE,LONGITUDE,LOCATION
b17b8c46699d4d3b16964bc61d54c5f8e49953e13992d648f987e5781385ee62c478e2f3843b2f6b3d70ad2327bbd277e882373d94c773d1d02430e03c5a3149,,08/25/2025 04:30:00 PM,30,TRAFFIC SIGNAL,FUNCTIONING PROPERLY,CLEAR,DAYLIGHT,REAR END,NOT DIVIDED,,STRAIGHT AND LEVEL,DRY,NO DEFECTS,NOT ON SCENE (DESK REPORT),NO INJURY / DRIVE AWAY,,,,"OVER $1,500",08/25/2025 05:00:00 PM,FOLLOWING TOO CLOSELY,NOT APPLICABLE,7140,W,65TH ST,812,,,,,,,2,NO INDICATION OF INJURY,0,0,0,0,0,2,0,16,2,8,41.7738217577,-87.7999771477,POINT (-87.799977147681 41.773821757719)
214520b2c8c20e48399ac46216f6d2b56fcd3b4ea45c0d8f26b3275dbb71e6cfb4ff7d926b1e199907ffd3695ba21e9b67f1716a76c323b43a0ce7f2e80d8595,,08/25/2025 04:27:00 PM,30,NO CONTROLS,NO CONTROLS,CLEAR,DAYLIGHT,REAR END,NOT DIVIDED,,STRAIGHT AND LEVEL,DRY,NO DEFECTS,ON SCENE,INJURY AND / OR TOW DUE TO CRASH,,,Y,"OVER $1,500",08/25/2025 04:31:00 PM,UNABLE TO DETERMINE,NOT APPLICABLE,3231,W,IRVING PARK RD,1733,,,,,,,3,NO INDICATION OF INJURY,0,0,0,0,0,3,0,16,2,8,41.9538006813,-87.7092978207,POINT (-87.709297820668 41.953800681345)
7fea24eedd339633c21951b51e4c957a018f141c074c9a01c741251c9685e809b27327ce87741e4de87fc8e94fb7557555e03ced99f82c2e8935eb1b46d36c4b,,08/25/2025 04:22:00 PM,30,TRAFFIC SIGNAL,FUNCTIONING PROPERLY,CLEAR,DAYLIGHT,ANGLE,FOUR WAY,,STRAIGHT AND LEVEL,DRY,NO DEFECTS,ON SCENE,NO INJURY / DRIVE AWAY,Y,,,"OVER $1,500",08/25/2025 04:30:00 PM,DISREGARDING TRAFFIC SIGNALS,FAILING TO REDUCE SPEED TO AVOID CRASH,900,E,47TH ST,222,,,,,,,2,NO INDICATION OF INJURY,0,0,0,0,0,2,0,16,2,8,41.8096753664,-87.6038452472,POINT (-87.603845247185 41.809675366382)
edd7eee3b9074811977d1d71ab2ee1a86f1e8e963ddb3447b57773a3f616dbea20cbf4aa97b7319a9c5f57fd496a62d3263b325f0273c28a363d5f81db378cdb,,08/25/2025 04:22:00 PM,20,NO CONTROLS,NO CONTROLS,CLEAR,DAYLIGHT,PARKED MOTOR VEHICLE,NOT DIVIDED,,STRAIGHT AND LEVEL,DRY,NO DEFECTS,ON SCENE,NO INJURY / DRIVE AWAY,,,,"OVER $1,500",08/25/2025 04:30:00 PM,IMPROPER OVERTAKING/PASSING,NOT APPLICABLE,13254,S,LANGLEY AVE,533,,,,,,,2,NO INDICATION OF INJURY,0,0,0,0,0,8,0,16,2,8,41.6544286906,-87.6052058527,POINT (-87.605205852694 41.654428690643)
3c3a62cc97c3d0b03c80ae9cdb7ac7f6ded1f488f0e5685eb4c268aaa656331782656ceb586b6367264d36e64e2562f5c910edd1e656b71b85c831ff6fd7548d,,08/25/2025 04:21:00 PM,25,TRAFFIC SIGNAL,FUNCTIONING PROPERLY,CLEAR,DAYLIGHT,TURNING,FOUR WAY,,STRAIGHT AND LEVEL,DRY,NO DEFECTS,ON SCENE,INJURY AND / OR TOW DUE TO CRASH,Y,,,"OVER $1,500",08/25/2025 04:21:00 PM,IMPROPER OVERTAKING/PASSING,IMPROPER OVERTAKING/PASSING,201,S,DEARBORN ST,113,,,,,,,2,"REPORTED, NOT EVIDENT",1,0,0,0,1,1,0,16,2,8,41.8793758384,-87.6292039019,POINT (-87.629203901922 41.879375838435)
29d118045eda46e082073aa291db39983ed1c4501daee4d715ea3f0c453782b9cccd0b721882395d4f6605b0792ebdb4169c9e872a9430098b1dfcebe4f6bded,,08/25/2025 04:20:00 PM,30,TRAFFIC SIGNAL,FUNCTIONING PROPERLY,CLEAR,DAYLIGHT,SIDESWIPE SAME DIRECTION,NOT DIVIDED,,STRAIGHT AND LEVEL,DRY,NO DEFECTS,NOT ON SCENE (DESK REPORT),NO INJURY / DRIVE AWAY,,,,"$501 - $1,500",08/25/2025 05:30:00 PM,UNABLE TO DETERMINE,NOT APPLICABLE,2310,W,LOGAN BLVD,1432,,,,,,,2,NO INDICATION OF INJURY,0,0,0,0,0,2,0,16,2,8,41.9302954586,-87.6858187416,POINT (-87.685818741592 41.930295458606)
4e87cb2433b1c03eb8a16407fffcb49e4db7a617024e2f9daf293993d66381e27e3ebb315632ee2391bd1a24811264bb2c1b8d07927205a63ee0a1ef82fb0ebf,,08/25/2025 04:15:00 PM,30,NO CONTROLS,NO CONTROLS,CLEAR,DAYLIGHT,REAR END,DIVIDED - W/MEDIAN BARRIER,,STRAIGHT AND LEVEL,DRY,NO DEFECTS,NOT ON SCENE (DESK REPORT),NO INJURY / DRIVE AWAY,,,,"OVER $1,500",08/25/2025 04:55:00 PM,FOLLOWING TOO CLOSELY,FOLLOWING TOO CLOSELY,322,E,GARFIELD BLVD,231,,,,,,,2,NO INDICATION OF INJURY,0,0,0,0,0,2,0,16,2,8,41.7948788918,-87.6182047751,POINT (-87.618204775108 41.794878891802)
268de9cf7705e8a754191598ae77e1e123945ca8ea771d5e26c3a86bafc12f56dc585d46706312268a4fca845be0de29d8cac4479e36efcff2c2ede7c0839511,,08/25/2025 04:13:00 PM,30,TRAFFIC SIGNAL,FUNCTIONING PROPERLY,CLEAR,DAYLIGHT,REAR END,DIVIDED - W/MEDIAN BARRIER,,STRAIGHT AND LEVEL,DRY,NO DEFECTS,ON SCENE,INJURY AND / OR TOW DUE TO CRASH,,,Y,"OVER $1,500",08/25/2025 04:13:00 PM,FAILING TO REDUCE SPEED TO AVOID CRASH,NOT APPLICABLE,9315,S,STONY ISLAND AVE,413,,,,,,,3,NONINCAPACITATING INJURY,1,0,0,1,0,3,0,16,2,8,41.7255116624,-87.5848337948,POINT (-87.58483379477 41.725511662366)
9be1b0b46dc05622c588cd587611d1d452c19ad9ad2d6798f52b87ee028369abb110b2fbf6c40175e84de238ff5ee979e5e58a233235a6f89abacda287ad07a7,,08/25/2025 04:13:00 PM,30,STOP SIGN/FLASHER,FUNCTIONING PROPERLY,CLEAR,DAYLIGHT,PEDALCYCLIST,NOT DIVIDED,,STRAIGHT AND LEVEL,DRY,NO DEFECTS,ON SCENE,INJURY AND / OR TOW DUE TO CRASH,Y,,,$500 OR LESS,08/25/2025 04:13:00 PM,FAILING TO YIELD RIGHT-OF-WAY,FAILING TO REDUCE SPEED TO AVOID CRASH,8130,W,BELMONT AVE,1631,,,,,,,2,NONINCAPACITATING INJURY,1,0,0,1,0,1,0,16,2,8,41.93779066,-87.8299470352,POINT (-87.829947035177 41.937790659992)
ac0c27b8bbd92e64add1b365aa23228e6110fe22bfb0d4ef32507fad72fe82722324462d23812fa110d1fe36aa52db39f18100d6bff758999062c17b4a82c0cb,,08/25/2025 04:13:00 PM,30,NO CONTROLS,NO CONTROLS,CLEAR,DAYLIGHT,ANGLE,ONE-WAY,,STRAIGHT AND LEVEL,DRY,NO DEFECTS,ON SCENE,INJURY AND / OR TOW DUE TO CRASH,Y,,,"OVER $1,500",08/25/2025 04:13:00 PM,FAILING TO YIELD RIGHT-OF-WAY,FAILING TO YIELD RIGHT-OF-WAY,4804,N,KOSTNER AVE,1712,,,,,,,2,NO INDICATION OF INJURY,0,0,0,0,0,2,0,16,2,8,41.9683367074,-87.738052644,POINT (-87.738052644015 41.968336707447)
24055b56281e1f3e05c569d871f519e84cb1370269dbb32b33eb11c664446b48cc9de37cc742054a90041bb62e47aed012c9854969ddee955ab82447066ff238,,08/25/2025 04:12:00 PM,25,NO CONTROLS,NO CONTROLS,CLEAR,DAYLIGHT,PARKED MOTOR VEHICLE,NOT DIVIDED,,STRAIGHT AND LEVEL,DRY,NO DEFECTS,ON SCENE,INJURY AND / OR TOW DUE TO CRASH,,,,"OVER $1,500",08/25/2025 04:23:00 PM,UNABLE TO DETERMINE,NOT APPLICABLE,2850,W,24TH BLVD,1033,,,,,,,3,NO INDICATION OF INJURY,0,0,0,0,0,3,0,16,2,8,41.8479685881,-87.6972871231,POINT (-87.697287123089 41.847968588061)
596d7da58eca00c59bbcad0fecf0c019248831b2125aa369d7981323eb21cae40d336b8fbd53f77bd4b3828d577f493bc19a9134ec7763e16a77af2dfd9757fd,,08/25/2025 04:12:00 PM,30,NO CONTROLS,UNKNOWN,CLEAR,DAYLIGHT,REAR END,OTHER,,STRAIGHT AND LEVEL,DRY,UNKNOWN,ON SCENE,NO INJURY / DRIVE AWAY,Y,,,"OVER $1,500",08/25/2025 04:13:00 PM,DRIVING SKILLS/KNOWLEDGE/EXPERIENCE,UNABLE TO DETERMINE,2498,W,38TH ST,911,,,,,,,2,NO INDICATION OF INJURY,0,0,0,0,0,3,0,16,2,8,41.8248698038,-87.6873351235,POINT (-87.687335123467 41.824869803784)
87d268b0d0abb09b92d5b1d85df78f9d9aedb29e01ff287fdc6159313131713f39ebca1bb8d5f706737ad2b4973e195cb53085230ba25a453c348784d03e08e2,,08/25/2025 04:06:00 PM,30,STOP SIGN/FLASHER,OTHER,CLEAR,DAYLIGHT,ANGLE,DIVIDED - W/MEDIAN BARRIER,,STRAIGHT AND LEVEL,UNKNOWN,UNKNOWN,NOT ON SCENE (DESK REPORT),NO INJURY / DRIVE AWAY,Y,,,"OVER $1,500",08/25/2025 06:10:00 PM,UNABLE TO DETERMINE,NOT APPLICABLE,1300,S,DAMEN AVE,1233,,,,,,,2,NO INDICATION OF INJURY,0,0,0,0,0,2,0,16,2,8,41.8648904976,-87.6763426733,POINT (-87.676342673293 41.864890497632)
809610a0d58e5ccaeb5e65b3a117dc7c1bb110a2d301d56cad2605cdddcb967cf3cdbad26b9618e6362385f3580572df563f5466bf445c81e12c0bbaf1aedc91,,08/25/2025 04:04:00 PM,30,NO CONTROLS,NO CONTROLS,CLEAR,DAYLIGHT,TURNING,NOT DIVIDED,,STRAIGHT AND LEVEL,DRY,NO DEFECTS,,NO INJURY / DRIVE AWAY,,,,"OVER $1,500",08/25/2025 04:04:00 PM,FAILING TO YIELD RIGHT-OF-WAY,IMPROPER TURNING/NO SIGNAL,2945,N,CALIFORNIA AVE,1411,,,,,,,2,NO INDICATION OF INJURY,0,0,0,0,0,2,0,16,2,8,41.9352952557,-87.6975668639,POINT (-87.697566863876 41.935295255701)
513e9c2ca6ec930fedd33bd1a3379c5313716e5f60fe1d3ffc374a3f52812aee009b190b744c5f0a6566466ddce143755e36dbe0b62c8ef19b4292e635cdf1f2,,08/25/2025 04:02:00 PM,30,STOP SIGN/FLASHER,FUNCTIONING PROPERLY,CLEAR,DAYLIGHT,REAR END,NOT DIVIDED,,STRAIGHT AND LEVEL,DRY,NO DEFECTS,ON SCENE,NO INJURY / DRIVE AWAY,Y,,Y,"OVER $1,500",08/25/2025 04:13:00 PM,FAILING TO REDUCE SPEED TO AVOID CRASH,NOT APPLICABLE,2300,S,WENTWORTH AVE,914,,,,,,,2,NO INDICATION OF INJURY,0,0,0,0,0,2,0,16,2,8,41.8509393928,-87.6321201825,POINT (-87.632120182525 41.850939392806)
4071295bdc946afb143473450e178d3cba73b06211f77fd2984d29df267fb115b2da97038e6ad456b1dd40a968fc7b16ff08a47891a155a3939667968b81927a,,08/25/2025 04:01:00 PM,30,TRAFFIC SIGNAL,FUNCTIONING PROPERLY,CLEAR,DAYLIGHT,TURNING,FOUR WAY,,STRAIGHT AND LEVEL,DRY,NO DEFECTS,ON SCENE,NO INJURY / DRIVE AWAY,Y,,,"OVER $1,500",08/25/2025 04:01:00 PM,FAILING TO YIELD RIGHT-OF-WAY,DRIVING SKILLS/KNOWLEDGE/EXPERIENCE,5900,S,HALSTED ST,712,,,,,,,2,NO INDICATION OF INJURY,0,0,0,0,0,4,0,16,2,8,41.7869316518,-87.6451124499,POINT (-87.64511244991 41.786931651847)
9a7929d330dc94a1f152bd8324f34de88eb67471fe7154b9739dc702b8cfb5491a09f900c29ad22babbca5baedff3d82030d8b75a0abdd7c257a42b42ced3384,,08/25/2025 04:00:00 PM,25,NO CONTROLS,NO CONTROLS,UNKNOWN,UNKNOWN,PARKED MOTOR VEHICLE,NOT DIVIDED,,STRAIGHT AND LEVEL,UNKNOWN,UNKNOWN,NOT ON SCENE (DESK REPORT),NO INJURY / DRIVE AWAY,,,Y,$500 OR LESS,08/25/2025 07:05:00 PM,UNABLE TO DETERMINE,UNABLE TO DETERMINE,6900,S,VERNON AVE,322,,,,,,,2,NO INDICATION OF INJURY,0,0,0,0,0,1,0,16,2,8,41.7692695183,-87.6142881948,POINT (-87.614288194805 41.769269518257)
d3758d35a915ef3b31203a417a59a1ee6a1c501c8653d0c7d45749237afa85e1eee90957bf3f522108eb5a00381656aff2de826f210680a56775c24b5a0e9614,Y,08/25/2025 04:00:00 PM,30,NO CONTROLS,NO CONTROLS,CLEAR,DAYLIGHT,PARKED MOTOR VEHICLE,NOT DIVIDED,,STRAIGHT AND LEVEL,UNKNOWN,UNKNOWN,NOT ON SCENE (DESK REPORT),NO INJURY / DRIVE AWAY,,,Y,"OVER $1,500",08/28/2025 01:13:00 PM,UNABLE TO DETERMINE,NOT APPLICABLE,4870,N,CALIFORNIA AVE,2031,,,,,,,2,NO INDICATION OF INJURY,0,0,0,0,0,1,0,16,2,8,41.9705564879,-87.6989044974,POINT (-87.698904497379 41.970556487867)
4bfa8ed59e9b63116b68f0199432c6b7c22233991b5f9a17ba63a3c8bdbe8b5c8f010d649ce1f0ff43b18d7054590d39aa589fb49079f1183fd5b63634b441e7,,08/25/2025 03:58:00 PM,30,TRAFFIC SIGNAL,FUNCTIONING PROPERLY,CLEAR,DAYLIGHT,PEDALCYCLIST,FOUR WAY,,STRAIGHT AND LEVEL,DRY,NO DEFECTS,ON SCENE,INJURY AND / OR TOW DUE TO CRASH,Y,,,"OVER $1,500",08/25/2025 04:01:00 PM,FAILING TO YIELD RIGHT-OF-WAY,NOT APPLICABLE,3200,N,KIMBALL AVE,1732,,,,,,,2,NONINCAPACITATING INJURY,1,0,0,1,0,1,0,15,2,8,41.9393196632,-87.7126412851,POINT (-87.712641285082 41.939319663188)
276a9e3ef2ba982f4b7b39caceee00fdf7a8c90a639fc68788a85f65f85e27b3a5a815643a8db44887e32cbd4eb9c01222252cc1800f2d7a0b25c35fd930015d,,08/25/2025 03:55:00 PM,30,NO CONTROLS,NO CONTROLS,CLEAR,DAYLIGHT,PEDESTRIAN,FOUR WAY,,STRAIGHT AND LEVEL,UNKNOWN,UNKNOWN,NOT ON SCENE (DESK REPORT),NO INJURY / DRIVE AWAY,Y,,Y,"OVER $1,500",08/25/2025 04:07:00 PM,UNABLE TO DETERMINE,UNABLE TO DETERMINE,3199,W,FLOURNOY ST,1134,,,,,,,2,NO INDICATION OF INJURY,0,0,0,0,0,4,0,15,2,8,41.8726699931,-87.7057630905,POINT (-87.705763090465 41.872669993116)
16f18b9420787911cc222f4aa8162aaaade2f19f88cd2292ff5d82649a7af32ac0979182f0efd6ce5c95ce48c91d2601998eb41337fa8d1bd924d8222e2ec095,,08/25/2025 03:50:00 PM,30,TRAFFIC SIGNAL,FUNCTIONING PROPERLY,CLEAR,DAYLIGHT,TURNING,NOT DIVIDED,,STRAIGHT AND LEVEL,DRY,NO DEFECTS,NOT ON SCENE (DESK REPORT),NO INJURY / DRIVE AWAY,Y,,,"OVER $1,500",08/26/2025 01:49:00 AM,IMPROPER TURNING/NO SIGNAL,IMPROPER TURNING/NO SIGNAL,4323,W,ADDISON ST,1731,,,,,,,2,NO INDICATION OF INJURY,0,0,0,0,0,2,0,15,2,8,41.9461533472,-87.7361555421,POINT (-87.736155542106 41.946153347247)
c454be8e7321a17320e12903d20e93e96b1ada43d56479d1806e77cebd028592c14738f6a7d578df567a8a86d9af856d5a0485fdab827b573412c7e0b885a436,,08/25/2025 03:50:00 PM,25,NO CONTROLS,NO CONTROLS,UNKNOWN,DAYLIGHT,PEDALCYCLIST,FOUR WAY,,STRAIGHT AND LEVEL,UNKNOWN,UNKNOWN,NOT ON SCENE (DESK REPORT),INJURY AND / OR TOW DUE TO CRASH,Y,,Y,"OVER $1,500",08/26/2025 08:15:00 PM,FAILING TO YIELD RIGHT-OF-WAY,NOT APPLICABLE,6000,W,ALTGELD ST,2512,,,,,,,2,NONINCAPACITATING INJURY,1,0,0,1,0,1,0,15,2,8,41.9257636356,-87.7758417649,POINT (-87.775841764854 41.925763635626)
c592f0f5eecd927e3c3af5a98a5f48b98223b696cd39b69eecaa7fde934383c06205e52f7dff63988b61f876d14c592990ba7778590c7653773b4311c3ab9b52,,08/25/2025 03:50:00 PM,30,STOP SIGN/FLASHER,NO CONTROLS,CLEAR,DAYLIGHT,PEDALCYCLIST,FOUR WAY,,STRAIGHT AND LEVEL,DRY,NO DEFECTS,NOT ON SCENE (DESK REPORT),NO INJURY / DRIVE AWAY,Y,,Y,"$501 - $1,500",08/25/2025 05:30:00 PM,FAILING TO YIELD RIGHT-OF-WAY,NOT APPLICABLE,2503,N,AUSTIN AVE,2515,,,,,,,2,NO INDICATION OF INJURY,0,0,0,0,0,2,0,15,2,8,41.9258058934,-87.7756362392,POINT (-87.775636239208 41.925805893372)
b90be84bba4cddb59c2b27ae3695a0f88540bb68f61a8433a0d63b7ad064789c12ae4795f0ec1cea4a38e1c9ea983b738bf5f2f468602463a2cb805b03362275,,08/25/2025 03:45:00 PM,25,STOP SIGN/FLASHER,FUNCTIONING PROPERLY,CLEAR,DAYLIGHT,REAR END,ONE-WAY,,STRAIGHT AND LEVEL,DRY,NO DEFECTS,NOT ON SCENE (DESK REPORT),NO INJURY / DRIVE AWAY,Y,,Y,"OVER $1,500",08/25/2025 04:58:00 PM,FOLLOWING TOO CLOSELY,DRIVING SKILLS/KNOWLEDGE/EXPERIENCE,1900,N,KARLOV AVE,2534,,,,,,,2,NO INDICATION OF INJURY,0,0,0,0,0,3,0,15,2,8,41.9154004678,-87.7290985096,POINT (-87.729098509595 41.915400467781)
790b3e0a89d378b380c9046d8bcd6fc9edee4e8fa0698c10b5f04aa02e91a37a6a4ca007581544f3c9e120df4bd90716cb7d273d3ea8a094449ba6d0d3aa0851,,08/25/2025 03:41:00 PM,30,TRAFFIC SIGNAL,FUNCTIONING PROPERLY,CLEAR,DAYLIGHT,PARKED MOTOR VEHICLE,DIVIDED - W/MEDIAN (NOT RAISED),,STRAIGHT AND LEVEL,DRY,NO DEFECTS,NOT ON SCENE (DESK REPORT),NO INJURY / DRIVE AWAY,,,,"OVER $1,500",08/25/2025 04:30:00 PM,UNABLE TO DETERMINE,UNABLE TO DETERMINE,100,W,WASHINGTON ST,122,,,,,,,2,NO INDICATION OF INJURY,0,0,0,0,0,2,0,15,2,8,41.8833205136,-87.6309819052,POINT (-87.630981905164 41.88332051362)
54df5fa7f42fdb3cc7df27349e096bcc83da20f27b2509341597cd18c0be5eef35bbe3d3b92b07bc6f62e367ba6afda648b25a748541f6ab55346b8c4eb9b94c,,08/25/2025 03:35:00 PM,30,NO CONTROLS,NO CONTROLS,CLEAR,DAYLIGHT,PEDESTRIAN,DIVIDED - W/MEDIAN (NOT RAISED),,STRAIGHT AND LEVEL,DRY,WORN SURFACE,ON SCENE,INJURY AND / OR TOW DUE TO CRASH,,,,"OVER $1,500",08/25/2025 03:40:00 PM,FAILING TO YIELD RIGHT-OF-WAY,NOT APPLICABLE,546,N,MILWAUKEE AVE,1214,,,,,,,2,NONINCAPACITATING INJURY,1,0,0,1,0,1,0,15,2,8,41.8921327688,-87.6492528311,POINT (-87.649252831058 41.892132768782)
dac8fc7dee26077a6afb248e90282f27d3015172dff8e106516587ec88227ec5a99834f1a3c80cfc31b536b246def8afad0b1b48b4c97ebe94e8ab8fb34cc0b1,Y,08/25/2025 03:35:00 PM,30,NO CONTROLS,NO CONTROLS,CLEAR,DAYLIGHT,ANGLE,ONE-WAY,,STRAIGHT AND LEVEL,DRY,NO DEFECTS,ON SCENE,NO INJURY / DRIVE AWAY,,,,"$501 - $1,500",08/25/2025 04:19:00 PM,UNABLE TO DETERMINE,UNABLE TO DETERMINE,939,W,WASHINGTON BLVD,1224,,,,,,,2,NO INDICATION OF INJURY,0,0,0,0,0,2,0,15,2,8,41.8829689599,-87.6512197348,POINT (-87.651219734775 41.882968959887)
04db6e14ec42083b7bb381b6ee95b5b00300103390b7d0180ffd988a07c97c5ec4ba0403b6489e239d2c37c045b9999eed841e9f7dbcb8df4f667084951cb569,,08/25/2025 03:30:00 PM,35,OTHER,FUNCTIONING PROPERLY,CLEAR,DAYLIGHT,FIXED OBJECT,OTHER,,STRAIGHT AND LEVEL,DRY,NO DEFECTS,ON SCENE,NO INJURY / DRIVE AWAY,,Y,,"OVER $1,500",08/25/2025 03:40:00 PM,DISREGARDING TRAFFIC SIGNALS,IMPROPER LANE USAGE,8700,S,CHICAGO SKYWAY OB,412,,,,,,,1,NO INDICATION OF INJURY,0,0,0,0,0,1,0,15,2,8,,,
108b70c0c9c68b3a9e54f95da17bd70fb6f9eb9d7530be53567b3cc6339009cb8a5461da4a1d6e8c21fa2882f6cf21df4ae80569b9909204b172010175df0295,,08/25/2025 03:30:00 PM,30,TRAFFIC SIGNAL,FUNCTIONING PROPERLY,CLEAR,DAYLIGHT,REAR END,DIVIDED - W/MEDIAN (NOT RAISED),,STRAIGHT AND LEVEL,UNKNOWN,UNKNOWN,NOT ON SCENE (DESK REPORT),NO INJURY / DRIVE AWAY,,,,"$501 - $1,500",08/25/2025 07:06:00 PM,NOT APPLICABLE,NOT APPLICABLE,701,W,63RD ST,723,,,,,,,2,NO INDICATION OF INJURY,0,0,0,0,0,2,0,15,2,8,41.7796695116,-87.6428359736,POINT (-87.642835973559 41.779669511646)
30a834d58c2c2bd82ff9d70e893ab651a642a94f3c5efdc97110dae9654924b334c347dae07981950e43f0ef6ff963f3e60d0d9beba6decda5c58edc85cbf83e,,08/25/2025 03:30:00 PM,30,TRAFFIC SIGNAL,FUNCTIONING PROPERLY,CLEAR,DAYLIGHT,ANGLE,NOT DIVIDED,,STRAIGHT AND LEVEL,DRY,NO DEFECTS,NOT ON SCENE (DESK REPORT),NO INJURY / DRIVE AWAY,Y,,,"OVER $1,500",08/25/2025 04:30:00 PM,DRIVING SKILLS/KNOWLEDGE/EXPERIENCE,NOT APPLICABLE,7201,S,CICERO AVE,833,,,,,,,2,NO INDICATION OF INJURY,0,0,0,0,0,2,0,15,2,8,41.7618480636,-87.7416706473,POINT (-87.741670647349 41.761848063557)
660664eadc2ad40d546531517287db30a697578a7a0c8a7430698d9747c384a3f6941acbe029d954b58481bff0bcf3c11b968f978ab7befa39bcd6d396b09e73,,08/25/2025 03:30:00 PM,15,NO CONTROLS,NO CONTROLS,CLEAR,DAYLIGHT,PARKED MOTOR VEHICLE,NOT DIVIDED,,STRAIGHT AND LEVEL,DRY,NO DEFECTS,ON SCENE,NO INJURY / DRIVE AWAY,,,,$500 OR LESS,08/25/2025 03:32:00 PM,UNABLE TO DETERMINE,NOT APPLICABLE,7031,N,OSCEOLA AVE,1611,,,,,,,2,NO INDICATION OF INJURY,0,0,0,0,0,1,0,15,2,8,42.0088707081,-87.8121195625,POINT (-87.812119562485 42.008870708132)
710c886dc82eae5794e8de48f09cae3b9a0950e0ca6a3b93a2835c9b5a7fbd4a5e41b80128a6cd1a3a8d43def507942810dc9d3334b1c2cbc6cebb767e923337,,08/25/2025 03:30:00 PM,30,NO CONTROLS,NO CONTROLS,CLEAR,DAYLIGHT,PARKED MOTOR VEHICLE,ONE-WAY,,STRAIGHT AND LEVEL,DRY,NO DEFECTS,NOT ON SCENE (DESK REPORT),NO INJURY / DRIVE AWAY,,,Y,"$501 - $1,500",08/25/2025 04:25:00 PM,FAILING TO YIELD RIGHT-OF-WAY,FAILING TO YIELD RIGHT-OF-WAY,201,N,WESTSHORE DR,114,,,,,,,2,NO INDICATION OF INJURY,0,0,0,0,0,2,0,15,2,8,41.8861736704,-87.6161086631,POINT (-87.6161086631 41.886173670412)
eae5db8db2542d8e91c3243a485a683215fb69135dc6384fe1f532897e4e527c9f772b1a907524b5151b82c0c0a68b297f85ac57098fe45024f83c63f1031b9b,Y,08/25/2025 03:30:00 PM,25,NO CONTROLS,NO CONTROLS,CLEAR,DAYLIGHT,TURNING,NOT DIVIDED,,STRAIGHT AND LEVEL,DRY,NO DEFECTS,NOT ON SCENE (DESK REPORT),NO INJURY / DRIVE AWAY,,,,"OVER $1,500",08/25/2025 04:41:00 PM,NOT APPLICABLE,NOT APPLICABLE,2362,N,ASHLAND AVE,1811,,,,,,,2,NO INDICATION OF INJURY,0,0,0,0,0,2,0,15,2,8,41.9251049533,-87.6682911816,POINT (-87.668291181568 41.925104953308)
f175e4a13065e1e8343257e93195b3c40edb5cbbb8a37940ab29804fb2ea43e24ed21238cc631df5aec569d2899bcb1e6d1086ecca99be275e018010439489c3,,08/25/2025 03:20:00 PM,30,TRAFFIC SIGNAL,FUNCTIONING PROPERLY,CLEAR,DAYLIGHT,PARKED MOTOR VEHICLE,ONE-WAY,,STRAIGHT AND LEVEL,DRY,NO DEFECTS,NOT ON SCENE (DESK REPORT),NO INJURY / DRIVE AWAY,,,,"OVER $1,500",08/25/2025 04:30:00 PM,UNABLE TO DETERMINE,NOT APPLICABLE,8749,S,ABERDEEN ST,2222,Y,,,,,,2,NO INDICATION OF INJURY,0,0,0,0,0,1,0,15,2,8,41.7344724756,-87.6507312152,POINT (-87.65073121519 41.734472475619)
6f2fadd5ea5e1205ec8e6e35c62d7bbe526bcc6350dd5dd63571716ca678e03520722904e94968f01ea7006f53694218120dd3936afbbd2a20c9fd495e75a9ed,,08/25/2025 03:18:00 PM,30,NO CONTROLS,NO CONTROLS,UNKNOWN,UNKNOWN,REAR END,NOT DIVIDED,,STRAIGHT AND LEVEL,UNKNOWN,UNKNOWN,NOT ON SCENE (DESK REPORT),NO INJURY / DRIVE AWAY,,,Y,"$501 - $1,500",08/25/2025 05:42:00 PM,FOLLOWING TOO CLOSELY,FOLLOWING TOO CLOSELY,6808,N,ASHLAND BLVD,2431,,,,,,,2,NO INDICATION OF INJURY,0,0,0,0,0,2,0,15,2,8,42.0056776947,-87.6701052905,POINT (-87.670105290528 42.005677694729)
2ff9e1ec6b07b41df4e0b7f2f1192e9bbe644ed2f5aae2c596e2aea0377bc007e358f0710b395078189500839b19e885c179002e0d466b7ea445776e80d51793,,08/25/2025 03:16:00 PM,20,STOP SIGN/FLASHER,FUNCTIONING PROPERLY,CLEAR,DAYLIGHT,HEAD ON,NOT DIVIDED,,STRAIGHT AND LEVEL,DRY,NO DEFECTS,ON SCENE,INJURY AND / OR TOW DUE TO CRASH,,,,"OVER $1,500",08/25/2025 03:16:00 PM,IMPROPER OVERTAKING/PASSING,FAILING TO YIELD RIGHT-OF-WAY,2100,W,83RD ST,614,,,,,,,3,NONINCAPACITATING INJURY,3,0,0,3,0,0,0,15,2,8,41.7430197344,-87.6754677369,POINT (-87.675467736851 41.743019734353)