CRASH_RECORD_ID,CRASH_DATE_EST_I,CRASH_DATE,POSTED_SPEED_LIMIT,TRAFFIC_CONTROL_DEVICE,DEVICE_CONDITION,WEATHER_CONDITION,LIGHTING_CONDITION,FIRST_CRASH_TYPE,TRAFFICWAY_TYPE,LANE_CNT,ALIGNMENT,ROADWAY_SURFACE_COND,ROAD_DEFECT,REPORT_TYPE,CRASH_TYPE,INTERSECTION_RELATED_I,NOT_RIGHT_OF_WAY_I,HIT_AND_RUN_I,DAMAGE,DATE_POLICE_NOTIFIED,PRIM_CONTRIBUTORY_CAUSE,SEC_CONTRIBUTORY_CAUSE,STREET_NO,STREET_DIRECTION,STREET_NAME,BEAT_OF_OCCURRENCE,PHOTOS_TAKEN_I,STATEMENTS_TAKEN_I,DOORING_I,WORK_ZONE_I,WORK_ZONE_TYPE,WORKERS_PRESENT_I,NUM_UNITS,MOST_SEVERE_INJURY,INJURIES_TOTAL,INJURIES_FATAL,INJURIES_INCAPACITATING,INJURIES_NON_INCAPACITATING,INJURIES_REPORTED_NOT_EVIDENT,INJURIES_NO_INDICATION,INJURIES_UNKNOWN,CRASH_HOUR,CRASH_DAY_OF_WEEK,CRASH_MONTH,LATITUDE,LONGITUDE,LOCATION
383e45b63d0af60c23345d5a9cc2524b216df6e27e64784590fb749db5b5f388e95f2fe06a575de6aff5b6cf4ce8919ac8c46f4a1b7f04b2bf2c6d65c849d6eb,,08/25/2025 03:15:00 PM,25,STOP SIGN/FLASHER,UNKNOWN,UNKNOWN,DAYLIGHT,PEDALCYCLIST,FOUR WAY,,STRAIGHT AND LEVEL,UNKNOWN,UNKNOWN,NOT ON SCENE (DESK REPORT),INJURY AND / OR TOW DUE TO CRASH,,,,"OVER $1,500",08/26/2025 04:50:00 PM,FAILING TO YIELD RIGHT-OF-WAY,NOT APPLICABLE,3000,N,MOBILE AVE,2511,,,,,,,2,NONINCAPACITATING INJURY,1,0,0,1,0,1,0,15,2,8,41.9347808521,-87.7835262612,POINT (-87.783526261168 41.934780852135)
7b3d620f1d2bb94ecde60d783475244134851c0ef031b00bdb7e7b604095972197df8a7a3a3d7d0ce42becd4ed0c9c0e4d8d4a602065e16600036185798edb72,,08/25/2025 03:15:00 PM,25,NO CONTROLS,NO CONTROLS,CLEAR,DAYLIGHT,PARKED MOTOR VEHICLE,PARKING LOT,,STRAIGHT AND LEVEL,DRY,NO DEFECTS,NOT ON SCENE (DESK REPORT),NO INJURY / DRIVE AWAY,,Y,,"OVER $1,500",08/26/2025 02:45:00 PM,UNABLE TO DETERMINE,UNABLE TO DETERMINE,1500,S,FAIRFIELD AVE,1023,,,,,,,2,NO INDICATION OF INJURY,0,0,0,0,0,1,0,15,2,8,41.8610552113,-87.6945596339,POINT (-87.694559633925 41.861055211286)
d2aca07ad0af4c01ea410fce2b3873544c3e5dd0a390cbfb37add1ceb49a5589d95670b4f8de9981e62e7343de6ba702ad0b9e98b5b2e49cceeaf8974a717941,,08/25/2025 03:15:00 PM,30,NO CONTROLS,NO CONTROLS,CLEAR,DAYLIGHT,TURNING,ALLEY,,STRAIGHT AND LEVEL,DRY,UNKNOWN,NOT ON SCENE (DESK REPORT),NO INJURY / DRIVE AWAY,,,,"$501 - $1,500",08/25/2025 03:35:00 PM,FAILING TO YIELD RIGHT-OF-WAY,UNABLE TO DETERMINE,1020,S,RACINE AVE,1231,,,,,,,2,NO INDICATION OF INJURY,0,0,0,0,0,2,0,15,2,8,41.8688086005,-87.6568840853,POINT (-87.656884085295 41.868808600502)
c618a42eb0bc515d7435475dfc36427d2c35b98683b661b7d392c6abc51699cac6013f5aed1719fc74bd1343374c4f97e691bf726e1725f8fd7be5fb6c073bf8,,08/25/2025 03:11:00 PM,30,NO CONTROLS,NO CONTROLS,CLEAR,DAYLIGHT,PARKED MOTOR VEHICLE,ONE-WAY,,STRAIGHT AND LEVEL,DRY,NO DEFECTS,NOT ON SCENE (DESK REPORT),NO INJURY / DRIVE AWAY,,,,$500 OR LESS,08/25/2025 04:10:00 PM,UNABLE TO DETERMINE,UNABLE TO DETERMINE,4911,S,HOYNE AVE,931,,,,,,,2,NO INDICATION OF INJURY,0,0,0,0,0,1,0,15,2,8,41.8044944665,-87.6768684459,POINT (-87.67686844595 41.804494466483)
bb575b62dd6b4e234ad840bfc0036816028b0b2920130fb14bebdfcf700747ef9f15012fc5df6b3956354c1f2fa2d2624b3268aff8c85f004c67cbc6a560e452,,08/25/2025 03:10:00 PM,30,NO CONTROLS,NO CONTROLS,CLEAR,DAYLIGHT,REAR END,DIVIDED - W/MEDIAN (NOT RAISED),,STRAIGHT AND LEVEL,DRY,UNKNOWN,NOT ON SCENE (DESK REPORT),NO INJURY / DRIVE AWAY,,,,"OVER $1,500",08/25/2025 07:10:00 PM,FOLLOWING TOO CLOSELY,NOT APPLICABLE,5621,W,GRAND AVE,2515,Y,,,,,,2,NO INDICATION OF INJURY,0,0,0,0,0,2,0,15,2,8,41.9188189949,-87.766755281,POINT (-87.766755281034 41.918818994946)
6f890bd11a42e290e3420c865bbda7d0261292a81eea64fbdd65a498e339fcaeeb7e29cfb7d7ba7b5a83410905a89e9a61d27018aa5e799ee02df8b46f2abe43,,08/25/2025 03:09:00 PM,20,NO CONTROLS,NO CONTROLS,CLEAR,DAYLIGHT,TURNING,NOT DIVIDED,,STRAIGHT AND LEVEL,DRY,NO DEFECTS,ON SCENE,INJURY AND / OR TOW DUE TO CRASH,,,Y,"OVER $1,500",08/25/2025 03:09:00 PM,FAILING TO REDUCE SPEED TO AVOID CRASH,NOT APPLICABLE,223,S,ABERDEEN ST,1232,,,,,,,2,NO INDICATION OF INJURY,0,0,0,0,0,2,0,15,2,8,41.8783705586,-87.6544418196,POINT (-87.654441819559 41.878370558626)
3a1bfe706a280632e66ac161a4fa1b9d16acc9d295eecd783f679f0714971da5c1c70860e623ef0776663f86b2b8296c834e0ef6a59495ff0cd44a119e5d9b92,,08/25/2025 03:08:00 PM,25,UNKNOWN,UNKNOWN,UNKNOWN,UNKNOWN,REAR END,NOT DIVIDED,,STRAIGHT AND LEVEL,UNKNOWN,UNKNOWN,NOT ON SCENE (DESK REPORT),NO INJURY / DRIVE AWAY,,,,"OVER $1,500",08/25/2025 05:00:00 PM,UNABLE TO DETERMINE,NOT APPLICABLE,1725,N,CENTRAL AVE,2532,,,,,,,2,NO INDICATION OF INJURY,0,0,0,0,0,2,0,15,2,8,41.9119390381,-87.7654536865,POINT (-87.765453686529 41.911939038076)
7dda476645bab47c391ae9e483086cb04ec3d977b7abee69ef94b097614ef15695f70185d7a87e227a3f07d6c52805d6f350fc0c2f89f4e2958924f0907f3c61,,08/25/2025 03:07:00 PM,30,NO CONTROLS,NO CONTROLS,CLEAR,DAYLIGHT,PARKED MOTOR VEHICLE,DIVIDED - W/MEDIAN (NOT RAISED),,STRAIGHT AND LEVEL,DRY,NO DEFECTS,ON SCENE,NO INJURY / DRIVE AWAY,,,Y,"OVER $1,500",08/25/2025 03:07:00 PM,UNABLE TO DETERMINE,NOT APPLICABLE,4025,N,SHERIDAN RD,1915,,,,,,,2,NO INDICATION OF INJURY,0,0,0,0,0,1,0,15,2,8,41.9553105185,-87.6544205391,POINT (-87.654420539066 41.955310518523)
d8886e0b5c12bd9d7a66a3795b036eb2834fc84047b0642872ba356220baedaae4d149c4a738136fa7a927f886acd0a26b7802d67a59315cc29f77723576b1dc,,08/25/2025 03:06:00 PM,15,NO CONTROLS,NO CONTROLS,CLEAR,DAYLIGHT,PARKED MOTOR VEHICLE,ONE-WAY,,STRAIGHT AND LEVEL,DRY,NO DEFECTS,ON SCENE,NO INJURY / DRIVE AWAY,,,,"$501 - $1,500",08/25/2025 03:36:00 PM,ROAD CONSTRUCTION/MAINTENANCE,EQUIPMENT - VEHICLE CONDITION,6626,N,FRANCISCO AVE,2412,,,,,,,2,NO INDICATION OF INJURY,0,0,0,0,0,1,0,15,2,8,42.001986467,-87.7023438918,POINT (-87.70234389182 42.001986466985)
e8a47cccf76b3f2bfd3b9de1773213c6d11d0cba20330e66bdacb5dc4515cbe59df423e16308a67c7020a5fb4aa4a38f5914ae5a2f99bd5e37fc43d5af1b66ca,,08/25/2025 03:03:00 PM,25,TRAFFIC SIGNAL,FUNCTIONING PROPERLY,CLEAR,DAYLIGHT,REAR END,NOT DIVIDED,,STRAIGHT AND LEVEL,DRY,NO DEFECTS,NOT ON SCENE (DESK REPORT),NO INJURY / DRIVE AWAY,Y,,Y,"OVER $1,500",08/25/2025 03:40:00 PM,UNABLE TO DETERMINE,UNABLE TO DETERMINE,2876,W,CERMAK RD,1023,,,,,,,2,NO INDICATION OF INJURY,0,0,0,0,0,2,0,15,2,8,41.8519666536,-87.698669718,POINT (-87.698669717952 41.85196665364)
e414d984cf525fe4cae11e9d94bea000f4b1fc318c0c2dcf35d8364597df2da39b6e184a91c08ba9b3f1e8ed72db80cb77a5dbf8d0c7ba506a65028930a1509f,Y,08/25/2025 03:00:00 PM,25,NO CONTROLS,NO CONTROLS,UNKNOWN,UNKNOWN,PARKED MOTOR VEHICLE,ONE-WAY,,STRAIGHT AND LEVEL,UNKNOWN,UNKNOWN,NOT ON SCENE (DESK REPORT),NO INJURY / DRIVE AWAY,,,Y,"OVER $1,500",08/30/2025 12:00:00 PM,UNABLE TO DETERMINE,NOT APPLICABLE,4808,N,KEELER AVE,1712,,,,,,,2,NO INDICATION OF INJURY,0,0,0,0,0,1,0,15,2,8,41.9684928716,-87.7331215437,POINT (-87.733121543744 41.968492871582)
2d97707aed4d074ce5c3ddf006f762aed59b5666e421ab11fa60306745aec5022b3be7a375129029b6b7066ca284041d0658f74ace711817a5c612485daa0c41,,08/25/2025 02:50:00 PM,30,NO CONTROLS,NO CONTROLS,UNKNOWN,DAYLIGHT,PARKED MOTOR VEHICLE,NOT DIVIDED,,STRAIGHT AND LEVEL,UNKNOWN,UNKNOWN,NOT ON SCENE (DESK REPORT),NO INJURY / DRIVE AWAY,,,Y,"OVER $1,500",08/25/2025 08:50:00 PM,IMPROPER LANE USAGE,IMPROPER LANE USAGE,1317,W,MONTROSE AVE,1915,,,,,,,2,NO INDICATION OF INJURY,0,0,0,0,0,1,0,14,2,8,41.9615615162,-87.6630734201,POINT (-87.663073420057 41.961561516238)
34153500a81b7fbf94720921a9aa594511e3cb5322df493cf26cb70065a8d9e308f51064130c753a97ae77aee2d0106306b6d4edfa609ee303b9b9374abba77b,,08/25/2025 02:50:00 PM,30,NO CONTROLS,NO CONTROLS,CLEAR,DAYLIGHT,SIDESWIPE SAME DIRECTION,DIVIDED - W/MEDIAN (NOT RAISED),,STRAIGHT AND LEVEL,DRY,UNKNOWN,NOT ON SCENE (DESK REPORT),NO INJURY / DRIVE AWAY,,,Y,"OVER $1,500",08/25/2025 03:35:00 PM,IMPROPER LANE USAGE,NOT APPLICABLE,3158,N,KEDZIE AVE,1412,,,,,,,2,NO INDICATION OF INJURY,0,0,0,0,0,2,0,14,2,8,41.9391081712,-87.7078279058,POINT (-87.707827905818 41.939108171189)
c5f4a766b7f92a55bcfc3bf50c253ee04b51976394b656ac46f331e0d5f52c828b19f3f191629aaabe7032889c419a819bcfa57adfb5f9e293fbc0ae8fdffc9e,,08/25/2025 02:49:00 PM,35,TRAFFIC SIGNAL,FUNCTIONING PROPERLY,CLEAR,DAYLIGHT,SIDESWIPE SAME DIRECTION,FOUR WAY,,STRAIGHT AND LEVEL,DRY,UNKNOWN,ON SCENE,NO INJURY / DRIVE AWAY,Y,,Y,"OVER $1,500",08/25/2025 03:09:00 PM,RELATED TO BUS STOP,NOT APPLICABLE,2408,N,AUSTIN AVE,2512,,,,,,,2,NO INDICATION OF INJURY,0,0,0,0,0,2,0,14,2,8,41.9240812748,-87.7758713225,POINT (-87.775871322479 41.924081274778)
c963f818f17b9940c0d1aa4d8be0b1c37fb2b7f172ab94f5836b8b806a873b1c7fa1942060ff6eb5922823d3e5afa4c09b4deb9291ecfb1a36a4ed496f7bce9b,,08/25/2025 02:45:00 PM,25,STOP SIGN/FLASHER,FUNCTIONING PROPERLY,CLEAR,DAYLIGHT,TURNING,NOT DIVIDED,,STRAIGHT AND LEVEL,DRY,NO DEFECTS,NOT ON SCENE (DESK REPORT),NO INJURY / DRIVE AWAY,Y,,,"OVER $1,500",08/25/2025 04:30:00 PM,UNABLE TO DETERMINE,UNABLE TO DETERMINE,4401,S,KILDARE BLVD,815,,,,,,,2,NO INDICATION OF INJURY,0,0,0,0,0,2,0,14,2,8,41.8130747629,-87.7311211858,POINT (-87.731121185799 41.813074762875)
478934dfe69d728599400d1424152aa31c147979448e2046f5387454e644b85d3c9442303ba892d8d1d9d39d2ad1839aee3b9d8f200cd0409ad08725fbbd606f,,08/25/2025 02:40:00 PM,40,NO CONTROLS,NO CONTROLS,CLEAR,DAYLIGHT,SIDESWIPE SAME DIRECTION,DIVIDED - W/MEDIAN BARRIER,,STRAIGHT AND LEVEL,DRY,NO DEFECTS,NOT ON SCENE (DESK REPORT),NO INJURY / DRIVE AWAY,,,Y,"OVER $1,500",08/26/2025 05:15:00 PM,IMPROPER LANE USAGE,UNABLE TO DETERMINE,3100,S,LAKE SHORE DR SB,211,,,,,,,2,NO INDICATION OF INJURY,0,0,0,0,0,2,0,14,2,8,41.8383932992,-87.6087495204,POINT (-87.608749520406 41.838393299151)
70dc1846bd5de444f59332f96faea179f0b1ec2a1ddaa8b0b22134f98e5c687952f32553bdcf00d9364a3817625a39c1ea55bb0e01afbc9079272ba9f2fc9fe5,,08/25/2025 02:40:00 PM,30,TRAFFIC SIGNAL,FUNCTIONING PROPERLY,CLEAR,DAYLIGHT,TURNING,FOUR WAY,,STRAIGHT AND LEVEL,DRY,NO DEFECTS,NOT ON SCENE (DESK REPORT),NO INJURY / DRIVE AWAY,Y,,,"$501 - $1,500",08/26/2025 11:30:00 AM,FAILING TO YIELD RIGHT-OF-WAY,NOT APPLICABLE,6154,N,PULASKI RD,1711,,,,,,,2,NO INDICATION OF INJURY,0,0,0,0,0,2,0,14,2,8,41.9934925588,-87.7290307098,POINT (-87.729030709822 41.993492558799)
cead45037d3fb6b1e2b68b38d0daef7778bc29f9978a66a42e12f929a655a67586d19471a145429365ec25b2e718c6eceb08abe822a4c9da9230ef3d3867430c,,08/25/2025 02:30:00 PM,30,NO CONTROLS,NO CONTROLS,CLEAR,DAYLIGHT,PARKED MOTOR VEHICLE,NOT DIVIDED,,STRAIGHT AND LEVEL,DRY,NO DEFECTS,ON SCENE,NO INJURY / DRIVE AWAY,,,Y,"OVER $1,500",08/25/2025 02:40:00 PM,IMPROPER BACKING,DRIVING SKILLS/KNOWLEDGE/EXPERIENCE,2650,W,FULTON ST,1222,,,,,,,2,NO INDICATION OF INJURY,0,0,0,0,0,1,0,14,2,8,41.886676655,-87.69354148,POINT (-87.693541479988 41.886676655033)
ffafb0cfc99d536621d1ef225d4abdc30993b26d55868466490f02d6e7d4a2a1d23cd37ff7d5fedfb4d83fc8431609c10255b00a6e8c3c73b218f2d83ff117a5,,08/25/2025 02:30:00 PM,30,RR CROSSING SIGN,UNKNOWN,CLEAR,UNKNOWN,PARKED MOTOR VEHICLE,UNKNOWN,,STRAIGHT AND LEVEL,UNKNOWN,UNKNOWN,NOT ON SCENE (DESK REPORT),NO INJURY / DRIVE AWAY,,,Y,"OVER $1,500",08/25/2025 03:10:00 PM,UNABLE TO DETERMINE,UNABLE TO DETERMINE,3006,N,RUTHERFORD AVE,2511,,,,,,,2,NO INDICATION OF INJURY,0,0,0,0,0,1,0,14,2,8,41.934801323,-87.7945161638,POINT (-87.794516163778 41.934801322969)
2af6bdacadf56b6145820197b3ca067105ee49405dabdb3d3e19e8729ca16588207cb62fc50496947188ff38d28ba17e03f94316e5cefe43c6c378de3a71fce2,,08/25/2025 02:24:00 PM,30,NO CONTROLS,NO CONTROLS,CLEAR,DAYLIGHT,REAR END,DIVIDED - W/MEDIAN (NOT RAISED),,STRAIGHT AND LEVEL,DRY,NO DEFECTS,NOT ON SCENE (DESK REPORT),NO INJURY / DRIVE AWAY,,,,"OVER $1,500",08/25/2025 03:00:00 PM,FOLLOWING TOO CLOSELY,NOT APPLICABLE,4512,N,KEDZIE AVE,1724,,,,,,,2,NO INDICATION OF INJURY,0,0,0,0,0,2,0,14,2,8,41.9634316562,-87.7084641351,POINT (-87.708464135075 41.963431656215)
301bd6c3c50bbe1185e4df1c1e260ee8520fb196d9abb0b1fe021dba63877b46ceb387275c5d32bad6819a7ecfc9835f0189244e761b6c4cdb8cf31692cb84fe,,08/25/2025 02:15:00 PM,25,UNKNOWN,UNKNOWN,UNKNOWN,UNKNOWN,TURNING,FOUR WAY,,STRAIGHT AND LEVEL,UNKNOWN,UNKNOWN,NOT ON SCENE (DESK REPORT),NO INJURY / DRIVE AWAY,,,,"OVER $1,500",08/25/2025 03:50:00 PM,UNABLE TO DETERMINE,UNABLE TO DETERMINE,4956,W,BELMONT AVE,1634,,,,,,,2,NO INDICATION OF INJURY,0,0,0,0,0,2,0,14,2,8,41.9388756913,-87.7516267534,POINT (-87.751626753383 41.9388756913)
cf51985321d65a9a565d72d81f1434e9839c5afee19e4d6d823e5308369907b60403ec9fed99a46f66fd079b5eafd9dc0023c942cb70037d2f1c56e96e27ded5,,08/25/2025 02:15:00 PM,30,NO CONTROLS,NO CONTROLS,CLEAR,DAYLIGHT,REAR END,NOT DIVIDED,,STRAIGHT AND LEVEL,DRY,NO DEFECTS,NOT ON SCENE (DESK REPORT),NO INJURY / DRIVE AWAY,,,,"OVER $1,500",08/25/2025 06:00:00 PM,FOLLOWING TOO CLOSELY,NOT APPLICABLE,7001,S,CICERO AVE,833,,,,,,,2,NO INDICATION OF INJURY,0,0,0,0,0,2,0,14,2,8,41.7658729174,-87.7417875016,POINT (-87.741787501557 41.765872917377)
9d7c97e169d68d01d5967d9cfec8d66b0689ec85580f9652c4798d5aa48cdc2f096238362ee03fa69e538a0f7523a20b97c1028d88a73114010541b4cc4fd8e1,,08/25/2025 02:14:00 PM,30,TRAFFIC SIGNAL,FUNCTIONING PROPERLY,CLEAR,DAYLIGHT,REAR END,NOT DIVIDED,,STRAIGHT AND LEVEL,DRY,NO DEFECTS,ON SCENE,NO INJURY / DRIVE AWAY,,,,"$501 - $1,500",08/25/2025 08:05:00 PM,FAILING TO REDUCE SPEED TO AVOID CRASH,NOT APPLICABLE,4009,N,HARLEM AVE,1632,,,,,,,2,NO INDICATION OF INJURY,0,0,0,0,0,2,0,14,2,8,41.9530307791,-87.8071336963,POINT (-87.807133696316 41.953030779067)
331aa0acb6f5368577bc7d6007fcd3a85d59eda6b8002d873e79ea890a69b7a1f259c891bbb87824985ea321f6eab59d79ca9c701d4745e9989b6deeb4b6f8a6,,08/25/2025 02:13:00 PM,25,NO CONTROLS,NO CONTROLS,CLEAR,DAYLIGHT,PARKED MOTOR VEHICLE,ONE-WAY,,STRAIGHT AND LEVEL,DRY,NO DEFECTS,NOT ON SCENE (DESK REPORT),NO INJURY / DRIVE AWAY,,,Y,"OVER $1,500",08/25/2025 07:05:00 PM,UNABLE TO DETERMINE,UNABLE TO DETERMINE,6301,S,CENTRAL PARK AVE,823,,,,,,,2,NO INDICATION OF INJURY,0,0,0,0,0,1,0,14,2,8,41.7787939053,-87.7125744065,POINT (-87.712574406456 41.778793905349)
9edf696b83d770f14b45d43c9c932c27d86f6f5066d597a4710b6e7cdfcb4d1571f92f5e375a0faf79b0f897bfa8b8527ff797d45b86ec07d87b19efc9d72f9e,,08/25/2025 02:07:00 PM,30,NO CONTROLS,NO CONTROLS,CLEAR,DAYLIGHT,TURNING,DIVIDED - W/MEDIAN (NOT RAISED),,STRAIGHT AND LEVEL,DRY,UNKNOWN,NOT ON SCENE (DESK REPORT),NO INJURY / DRIVE AWAY,,,Y,"OVER $1,500",08/25/2025 02:30:00 PM,IMPROPER LANE USAGE,NOT APPLICABLE,2344,W,CHICAGO AVE,1212,,,,,,,2,NO INDICATION OF INJURY,0,0,0,0,0,2,0,14,2,8,41.8958633165,-87.6861920122,POINT (-87.686192012246 41.895863316453)
fbd5a73e8b9add6d4f4d67dbc08333aa246ec2565b196c9254fd60468953ea72bb6b7639c33d922a9ed8b447ba3c081b3c9a74ad37121261454207d8f6180e10,,08/25/2025 02:05:00 PM,30,UNKNOWN,UNKNOWN,CLEAR,DAYLIGHT,ANGLE,UNKNOWN,,STRAIGHT AND LEVEL,DRY,UNKNOWN,NOT ON SCENE (DESK REPORT),NO INJURY / DRIVE AWAY,,,,"OVER $1,500",08/25/2025 04:30:00 PM,UNABLE TO DETERMINE,UNABLE TO DETERMINE,4750,S,WASHTENAW AVE,922,,,,,,,2,NO INDICATION OF INJURY,0,0,0,0,0,4,0,14,2,8,41.8068499642,-87.6918721798,POINT (-87.691872179829 41.806849964161)
11c7ee69c2417d1dc44dc7d838bee6d9b364020befa64ada1e14cad3c0b2f2cb1bb93afbc8af8ace3f3659b30882228093a6020bf17d124128d635eed249f40e,,08/25/2025 02:00:00 PM,30,NO CONTROLS,NO CONTROLS,CLEAR,DAYLIGHT,REAR END,NOT DIVIDED,,STRAIGHT AND LEVEL,DRY,NO DEFECTS,NOT ON SCENE (DESK REPORT),NO INJURY / DRIVE AWAY,,,,"$501 - $1,500",08/25/2025 05:15:00 PM,FOLLOWING TOO CLOSELY,FOLLOWING TOO CLOSELY,3943,N,LARAMIE AVE,1634,,,,,,,2,NO INDICATION OF INJURY,0,0,0,0,0,2,0,14,2,8,41.9527670619,-87.7569845206,POINT (-87.756984520553 41.952767061909)
fde65794d09865f02421057da66230cb68833a38c600a65f9b4989594cd4500c055f2d785121dfbb8ef864eede6def4e7091f77c017d60f8182b837fd79be131,,08/25/2025 01:50:00 PM,30,TRAFFIC SIGNAL,FUNCTIONING PROPERLY,CLEAR,DAYLIGHT,REAR END,NOT DIVIDED,,STRAIGHT AND LEVEL,DRY,NO DEFECTS,NOT ON SCENE (DESK REPORT),NO INJURY / DRIVE AWAY,Y,,,"OVER $1,500",08/25/2025 03:50:00 PM,UNABLE TO DETERMINE,NOT APPLICABLE,404,N,CENTRAL AVE,1512,,,,,,,2,NO INDICATION OF INJURY,0,0,0,0,0,2,0,13,2,8,41.8879211272,-87.7652720741,POINT (-87.765272074082 41.887921127208)
fe75e8dc211fea485e07b1daa9da77f5fff3ba98a6390903789a61dd3b4f1636648f21b21f5f08d7f3b561c6e86af1536061c392318fc39dac596d270f654fac,,08/25/2025 01:47:00 PM,30,TRAFFIC SIGNAL,FUNCTIONING PROPERLY,CLEAR,DAYLIGHT,REAR END,NOT DIVIDED,,STRAIGHT AND LEVEL,DRY,UNKNOWN,ON SCENE,INJURY AND / OR TOW DUE TO CRASH,,,,"OVER $1,500",08/25/2025 01:56:00 PM,FOLLOWING TOO CLOSELY,UNABLE TO DETERMINE,500,W,CHICAGO AVE,1823,,,,,,,2,NO INDICATION OF INJURY,0,0,0,0,0,2,0,13,2,8,41.8965992844,-87.6418067797,POINT (-87.641806779671 41.896599284407)
d525e752b80b483a416b8c799fb2764883510febee8c3627db876d7f16aaf91c3e14dc8154a014a4110ff9990898ed1b9394a2ae69bafe39e2735d270e26b9f5,,08/25/2025 01:41:00 PM,20,NO CONTROLS,NO CONTROLS,CLEAR,DAYLIGHT,REAR END,ONE-WAY,,STRAIGHT AND LEVEL,DRY,NO DEFECTS,ON SCENE,INJURY AND / OR TOW DUE TO CRASH,,,Y,"OVER $1,500",08/25/2025 01:42:00 PM,FAILING TO REDUCE SPEED TO AVOID CRASH,NOT APPLICABLE,1531,W,ALBION AVE,2432,,Y,,,,,2,NONINCAPACITATING INJURY,1,0,0,1,0,1,0,13,2,8,42.0016347619,-87.669213387,POINT (-87.669213386959 42.001634761925)
ca201685d8843556f41bc14c3ec844176c234d944ca321bb579990ffb6719d2afd7f60d31e3b2afc6b9bc8f0ee36ffa710d9ed0c3ad5362d1249b0097f5f1300,,08/25/2025 01:38:00 PM,5,UNKNOWN,UNKNOWN,UNKNOWN,UNKNOWN,PARKED MOTOR VEHICLE,PARKING LOT,,STRAIGHT AND LEVEL,UNKNOWN,UNKNOWN,NOT ON SCENE (DESK REPORT),NO INJURY / DRIVE AWAY,,,,"OVER $1,500",08/25/2025 05:40:00 PM,UNABLE TO DETERMINE,NOT APPLICABLE,1938,W,LAKE ST,1223,,,,,,,2,NO INDICATION OF INJURY,0,0,0,0,0,1,0,13,2,8,41.8851230823,-87.675864847,POINT (-87.675864847011 41.885123082297)
7371024a920fca56331e6766d039d46511d4e809f70cdfb0433e90c93cfecec3e81aa8b018915a0f1863feec6e4c01b514a5729efac1783341b796568b4b0bce,Y,08/25/2025 01:30:00 PM,25,NO CONTROLS,NO CONTROLS,CLEAR,DAYLIGHT,TURNING,NOT DIVIDED,,STRAIGHT AND LEVEL,UNKNOWN,UNKNOWN,NOT ON SCENE (DESK REPORT),INJURY AND / OR TOW DUE TO CRASH,,,,"OVER $1,500",08/25/2025 02:15:00 PM,UNABLE TO DETERMINE,UNABLE TO DETERMINE,5105,W,HARRISON ST,1533,,,,,,,2,"REPORTED, NOT EVIDENT",2,0,0,0,2,1,0,13,2,8,41.8728547112,-87.753526209,POINT (-87.753526208971 41.872854711165)
67665a2b790833d5cb22e9e141ae6a1c3e91d8ec91b98de7d4b5ec359f526a98197520beb1d8b5f82aa4d283273f23dc517d428a0f126cab1f0ad286bfec930b,,08/25/2025 01:29:00 PM,30,NO CONTROLS,NO CONTROLS,CLEAR,DAYLIGHT,PARKED MOTOR VEHICLE,NOT DIVIDED,,STRAIGHT AND LEVEL,DRY,UNKNOWN,NOT ON SCENE (DESK REPORT),NO INJURY / DRIVE AWAY,,,,"OVER $1,500",08/30/2025 04:00:00 PM,UNABLE TO DETERMINE,NOT APPLICABLE,64,E,71ST ST,322,,,,,,,2,NO INDICATION OF INJURY,0,0,0,0,0,1,0,13,2,8,41.7656743384,-87.6224168737,POINT (-87.622416873688 41.765674338391)
92c4f39a9bfcf9856cdddc289a1feb7052d4e98159bfbd7957b63403126137fe2bd3fb57ccbc91f0ac3eefb320af3c0c49fd3ac9c5453c97a397d3308548751d,,08/25/2025 01:25:00 PM,30,NO CONTROLS,NO CONTROLS,CLEAR,DAYLIGHT,REAR END,NOT DIVIDED,,STRAIGHT AND LEVEL,DRY,NO DEFECTS,ON SCENE,INJURY AND / OR TOW DUE TO CRASH,,,,"OVER $1,500",08/25/2025 01:26:00 PM,UNDER THE INFLUENCE OF ALCOHOL/DRUGS (USE WHEN ARREST IS EFFECTED),FAILING TO REDUCE SPEED TO AVOID CRASH,3430,N,PULASKI RD,1731,,,,,,,5,NONINCAPACITATING INJURY,4,0,0,4,0,1,0,13,2,8,41.9436964447,-87.727468796,POINT (-87.727468795994 41.943696444733)
fdb8a54fc450d4c3c756255422db6c375cea29b6914d0163b1806b12f5ccdc2122b84687ce139e478dd9cf10e0ebfc0bb59c3b46fab096d1f60cc3a97b9137de,,08/25/2025 01:20:00 PM,30,UNKNOWN,UNKNOWN,CLOUDY/OVERCAST,DAYLIGHT,SIDESWIPE SAME DIRECTION,NOT DIVIDED,,STRAIGHT AND LEVEL,UNKNOWN,UNKNOWN,NOT ON SCENE (DESK REPORT),NO INJURY / DRIVE AWAY,,,,"OVER $1,500",08/25/2025 02:10:00 PM,UNABLE TO DETERMINE,UNABLE TO DETERMINE,120,E,GRAND AVE,1834,,,,,,,2,NO INDICATION OF INJURY,0,0,0,0,0,2,0,13,2,8,41.8918406922,-87.6242534222,POINT (-87.624253422208 41.891840692154)