CRASH_RECORD_ID,CRASH_DATE_EST_I,CRASH_DATE,POSTED_SPEED_LIMIT,TRAFFIC_CONTROL_DEVICE,DEVICE_CONDITION,WEATHER_CONDITION,LIGHTING_CONDITION,FIRST_CRASH_TYPE,TRAFFICWAY_TYPE,LANE_CNT,ALIGNMENT,ROADWAY_SURFACE_COND,ROAD_DEFECT,REPORT_TYPE,CRASH_TYPE,INTERSECTION_RELATED_I,NOT_RIGHT_OF_WAY_I,HIT_AND_RUN_I,DAMAGE,DATE_POLICE_NOTIFIED,PRIM_CONTRIBUTORY_CAUSE,SEC_CONTRIBUTORY_CAUSE,STREET_NO,STREET_DIRECTION,STREET_NAME,BEAT_OF_OCCURRENCE,PHOTOS_TAKEN_I,STATEMENTS_TAKEN_I,DOORING_I,WORK_ZONE_I,WORK_ZONE_TYPE,WORKERS_PRESENT_I,NUM_UNITS,MOST_SEVERE_INJURY,INJURIES_TOTAL,INJURIES_FATAL,INJURIES_INCAPACITATING,INJURIES_NON_INCAPACITATING,INJURIES_REPORTED_NOT_EVIDENT,INJURIES_NO_INDICATION,INJURIES_UNKNOWN,CRASH_HOUR,CRASH_DAY_OF_WEEK,CRASH_MONTH,LATITUDE,LONGITUDE,LOCATION
c1070aa6dfcb183f5414cbf8583d7db82fd509889be6ead48e870f993ca8797b9ba54d874d686cb17fd90d349b21b305ddec5a307d7b40386de1581f6636f180,,08/25/2025 01:19:00 PM,25,NO CONTROLS,NO CONTROLS,CLEAR,DAYLIGHT,FIXED OBJECT,NOT DIVIDED,,STRAIGHT AND LEVEL,DRY,NO DEFECTS,ON SCENE,NO INJURY / DRIVE AWAY,,Y,,"OVER $1,500",08/25/2025 01:20:00 PM,DRIVING SKILLS/KNOWLEDGE/EXPERIENCE,NOT APPLICABLE,4343,S,HERMITAGE AVE,924,,,,,,,1,NO INDICATION OF INJURY,0,0,0,0,0,2,0,13,2,8,41.8145675521,-87.6686257507,POINT (-87.66862575072 41.814567552078)
3bb58ab17b1a126e6e3f5ada7c6344291960b0dd28fee13305966349c4774276747046e29515330b1473981af7e740b6ee74845eb5d14322b1853214d5753d26,,08/25/2025 01:15:00 PM,15,NO CONTROLS,NO CONTROLS,CLEAR,DAYLIGHT,PARKED MOTOR VEHICLE,PARKING LOT,,STRAIGHT AND LEVEL,DRY,NO DEFECTS,NOT ON SCENE (DESK REPORT),NO INJURY / DRIVE AWAY,,,,$500 OR LESS,08/25/2025 04:35:00 PM,UNABLE TO DETERMINE,NOT APPLICABLE,5210,S,HARPER AVE,234,,,,,,,2,NO INDICATION OF INJURY,0,0,0,0,0,1,0,13,2,8,41.8007445276,-87.5892293651,POINT (-87.589229365129 41.800744527576)
77557dae7c2d9a74c815b3bc0cece579d69f74ab34509e6360d4c8b0d5c4ebb54c8e83881817b9dc3cd0f78ea9be8340297834448f7eedd252afc7d296e24326,,08/25/2025 01:14:00 PM,20,NO CONTROLS,NO CONTROLS,CLEAR,DAYLIGHT,PEDALCYCLIST,ONE-WAY,,STRAIGHT ON GRADE,DRY,NO DEFECTS,ON SCENE,INJURY AND / OR TOW DUE TO CRASH,,,,$500 OR LESS,08/25/2025 01:15:00 PM,DRIVING SKILLS/KNOWLEDGE/EXPERIENCE,DRIVING SKILLS/KNOWLEDGE/EXPERIENCE,4835,N,LEAVITT ST,2032,,,Y,,,,2,NONINCAPACITATING INJURY,1,0,0,1,0,2,0,13,2,8,41.9697377116,-87.6839285892,POINT (-87.683928589239 41.969737711628)
4af52a66649e40def1ed9fa076529600e41c4b36bef3cbd4f5b2734c2d3f91c884e56ca48c6697f77aec4585731ea85431d1b9b3d3d6a92a54dfd980684a9fc7,,08/25/2025 01:07:00 PM,30,STOP SIGN/FLASHER,NO CONTROLS,CLEAR,DAYLIGHT,TURNING,T-INTERSECTION,,STRAIGHT AND LEVEL,DRY,NO DEFECTS,ON SCENE,NO INJURY / DRIVE AWAY,Y,,,"OVER $1,500",08/25/2025 02:00:00 PM,UNABLE TO DETERMINE,NOT APPLICABLE,1000,S,CICERO AVE,1533,,,,,,,2,NO INDICATION OF INJURY,0,0,0,0,0,3,0,13,2,8,41.8685014917,-87.7449821867,POINT (-87.744982186651 41.868501491727)
839f13ba9a8bd4df3692e5d8186d2b947037ed13130b174bcf6039f4823a806e418cb00081bdcb3f867811bef2cd55e1ae2952b90b02d53116ecb7d1333bbd7e,,08/25/2025 01:07:00 PM,30,TRAFFIC SIGNAL,FUNCTIONING PROPERLY,CLEAR,DAYLIGHT,ANGLE,DIVIDED - W/MEDIAN BARRIER,,STRAIGHT AND LEVEL,DRY,NO DEFECTS,ON SCENE,INJURY AND / OR TOW DUE TO CRASH,Y,,Y,"OVER $1,500",08/25/2025 01:10:00 PM,DISREGARDING TRAFFIC SIGNALS,UNABLE TO DETERMINE,4701,S,DREXEL BLVD,222,,,,,,,3,NONINCAPACITATING INJURY,1,0,0,1,0,2,0,13,2,8,41.8094755802,-87.603748812,POINT (-87.603748812003 41.80947558021)
28686c8d7541799a18452e345d3c5ad41e1f86b68c09c960dae7471f4c622f35a1156d7146028c29a490b9be386a5a5412734ea1f4fa1809089fab9d5eb0316a,,08/25/2025 01:00:00 PM,35,NO CONTROLS,NO CONTROLS,CLEAR,DAYLIGHT,PARKED MOTOR VEHICLE,ONE-WAY,,STRAIGHT AND LEVEL,DRY,NO DEFECTS,NOT ON SCENE (DESK REPORT),NO INJURY / DRIVE AWAY,,,Y,"$501 - $1,500",08/26/2025 08:45:00 AM,DRIVING SKILLS/KNOWLEDGE/EXPERIENCE,UNABLE TO DETERMINE,10048,S,AVENUE L,432,,,,,,,2,NO INDICATION OF INJURY,0,0,0,0,0,1,0,13,2,8,41.712490913,-87.5366329343,POINT (-87.536632934325 41.712490913004)
93219f15e9b89ad93d927d7ba359384f60eea3adcec0159f697baea396495daad5e7958c5d94440cea6d4c1f76b70e802dc3f1c927578bf9bd2b4ed23c354f61,,08/25/2025 01:00:00 PM,30,UNKNOWN,UNKNOWN,UNKNOWN,DAYLIGHT,REAR END,FOUR WAY,,STRAIGHT AND LEVEL,UNKNOWN,UNKNOWN,NOT ON SCENE (DESK REPORT),NO INJURY / DRIVE AWAY,,,Y,"$501 - $1,500",08/26/2025 10:00:00 PM,UNABLE TO DETERMINE,UNABLE TO DETERMINE,3532,W,CERMAK RD,1024,,,,,,,2,NO INDICATION OF INJURY,0,0,0,0,0,2,0,13,2,8,41.8517903585,-87.7135664484,POINT (-87.713566448428 41.851790358529)
a078e6541dc0341d2d90622391fb6940eb37fece60fbcf7be5e3b29a18d5f6edfcd66e7731c01da08ed98b82add95a5e89b884af52ae06defef7f18e74511c2e,,08/25/2025 01:00:00 PM,30,NO CONTROLS,NO CONTROLS,CLEAR,DAYLIGHT,ANGLE,PARKING LOT,,STRAIGHT AND LEVEL,DRY,UNKNOWN,NOT ON SCENE (DESK REPORT),NO INJURY / DRIVE AWAY,,,,"OVER $1,500",08/25/2025 01:40:00 PM,DRIVING SKILLS/KNOWLEDGE/EXPERIENCE,DRIVING SKILLS/KNOWLEDGE/EXPERIENCE,1224,S,WABASH AVE,131,,,,,,,2,NO INDICATION OF INJURY,0,0,0,0,0,2,0,13,2,8,41.8667243541,-87.6259611484,POINT (-87.625961148378 41.866724354056)
416edb85a15c45c529417d27395f86dac70dbe164f513c163385f1f08c36a149e437252519e0e6521e3f701246f3ec198e6a41b40218af295af218787c8921b4,,08/25/2025 12:55:00 PM,30,NO CONTROLS,NO CONTROLS,CLEAR,DAYLIGHT,PEDALCYCLIST,PARKING LOT,,STRAIGHT AND LEVEL,DRY,NO DEFECTS,ON SCENE,INJURY AND / OR TOW DUE TO CRASH,,,,"OVER $1,500",08/25/2025 01:00:00 PM,FAILING TO YIELD RIGHT-OF-WAY,NOT APPLICABLE,4500,N,BROADWAY,1913,,,,,,,2,NONINCAPACITATING INJURY,1,0,0,1,0,2,0,12,2,8,41.9637889643,-87.6566064924,POINT (-87.656606492376 41.963788964252)
d6440f50205183ce1be4afaf6869308bd11ef34885336f50b01fcb47a53e8d9e0606272396a45543963bfb613210de6cc7db59bf0396fb647be148c0b76c2b4e,,08/25/2025 12:55:00 PM,25,NO CONTROLS,NO CONTROLS,UNKNOWN,UNKNOWN,PARKED MOTOR VEHICLE,FOUR WAY,,STRAIGHT AND LEVEL,UNKNOWN,UNKNOWN,NOT ON SCENE (DESK REPORT),NO INJURY / DRIVE AWAY,,,Y,$500 OR LESS,08/25/2025 02:25:00 PM,UNABLE TO DETERMINE,UNABLE TO DETERMINE,5600,S,LAKE PARK AVE,235,,,,,,,2,NO INDICATION OF INJURY,0,0,0,0,0,2,0,12,2,8,41.7932878899,-87.5881110506,POINT (-87.58811105065 41.793287889881)
5e3395a827c915853c2a20f166294c573dcc0f1df8be463273b627dbb8ca03e5f9bcba49a7e9af52ea3f2e32bbb8a56cfc9825e84a217b43e8f728ca4c5b9cd1,,08/25/2025 12:50:00 PM,30,TRAFFIC SIGNAL,FUNCTIONING PROPERLY,CLEAR,DAYLIGHT,ANGLE,NOT DIVIDED,,STRAIGHT AND LEVEL,DRY,NO DEFECTS,NOT ON SCENE (DESK REPORT),NO INJURY / DRIVE AWAY,,,,"OVER $1,500",08/25/2025 01:45:00 PM,UNABLE TO DETERMINE,UNABLE TO DETERMINE,5349,S,CENTRAL AVE,814,,,,,,,2,NO INDICATION OF INJURY,0,0,0,0,0,3,0,12,2,8,41.795025681,-87.7622313741,POINT (-87.762231374087 41.795025681021)
494b62e878dd0abb107c11e16c585272fe8472322e66f9c5d1eb776a1608fa5cecd47974aa9c3cc55e882acc277ae79d42990e2c49eac07bc33e06eacc4472ce,,08/25/2025 12:45:00 PM,35,TRAFFIC SIGNAL,FUNCTIONING PROPERLY,CLEAR,DAYLIGHT,TURNING,DIVIDED - W/MEDIAN (NOT RAISED),,STRAIGHT AND LEVEL,DRY,NO DEFECTS,NOT ON SCENE (DESK REPORT),NO INJURY / DRIVE AWAY,,,Y,"OVER $1,500",08/25/2025 01:00:00 PM,FAILING TO YIELD RIGHT-OF-WAY,NOT APPLICABLE,3976,W,ARGYLE ST,1712,,,,,,,2,NO INDICATION OF INJURY,0,0,0,0,0,2,0,12,2,8,41.9719945177,-87.7280734464,POINT (-87.728073446393 41.971994517732)
842ecc68de5efde532fee87e2e67918ca156b4673e6d59538a414b0953d5b854bbf212dbca984ff313ac64d8ef5beef0ef5e230f1e2541611047cb26d9717c18,,08/25/2025 12:37:00 PM,30,NO CONTROLS,NO CONTROLS,CLEAR,DAYLIGHT,PARKED MOTOR VEHICLE,NOT DIVIDED,,STRAIGHT AND LEVEL,DRY,NO DEFECTS,ON SCENE,INJURY AND / OR TOW DUE TO CRASH,N,,,"OVER $1,500",08/25/2025 12:37:00 PM,UNABLE TO DETERMINE,UNABLE TO DETERMINE,6321,S,RACINE AVE,724,,,,,,,2,INCAPACITATING INJURY,1,0,1,0,0,0,0,12,2,8,41.7789560784,-87.6543392574,POINT (-87.654339257409 41.778956078363)
ad4d13a7b52b355dbd53677f35024be7b28127cb5292dd38dc13552abbafbe686fc4abcb70aa68b3a723ec904fa84bf9f1b43eb882ec405fff94aa6f9faa1265,,08/25/2025 12:10:00 PM,10,NO CONTROLS,NO CONTROLS,CLEAR,DAYLIGHT,PARKED MOTOR VEHICLE,PARKING LOT,,STRAIGHT AND LEVEL,DRY,NO DEFECTS,NOT ON SCENE (DESK REPORT),NO INJURY / DRIVE AWAY,,,,"$501 - $1,500",08/25/2025 04:55:00 PM,DRIVING SKILLS/KNOWLEDGE/EXPERIENCE,UNABLE TO DETERMINE,4145,W,PETERSON AVE,1711,,,,,,,2,NO INDICATION OF INJURY,0,0,0,0,0,1,0,12,2,8,41.9899721524,-87.7329108598,POINT (-87.732910859797 41.989972152413)
00e63a196bc681b0901a3f75aff4148140822694cb9d0cfa77d0cfde339c899270777d2b79c636577e2c36cf7a624f3bb5414b329b8662d30f535fd438ebe85a,,08/25/2025 12:00:00 PM,30,NO CONTROLS,NO CONTROLS,CLEAR,DAYLIGHT,PARKED MOTOR VEHICLE,NOT DIVIDED,,STRAIGHT AND LEVEL,DRY,NO DEFECTS,NOT ON SCENE (DESK REPORT),NO INJURY / DRIVE AWAY,,,,"OVER $1,500",08/26/2025 02:00:00 PM,FAILING TO YIELD RIGHT-OF-WAY,FAILING TO YIELD RIGHT-OF-WAY,1846,S,LOOMIS ST,1233,,,,,,,2,NO INDICATION OF INJURY,0,0,0,0,0,1,0,12,2,8,41.8564297809,-87.6614265159,POINT (-87.661426515851 41.856429780856)
168e80c903ff36b4dd63225dace15773547093de5f8ef9fa504fe529ce9b149e8a59c4d5acff9faed2bbab1bb8ed461cf91b38aee57aea2f3218aa32c95a65fe,,08/25/2025 12:00:00 PM,30,NO CONTROLS,NO CONTROLS,CLEAR,DAYLIGHT,OTHER OBJECT,OTHER,,STRAIGHT AND LEVEL,DRY,NO DEFECTS,ON SCENE,NO INJURY / DRIVE AWAY,,,,$500 OR LESS,08/25/2025 12:04:00 PM,UNABLE TO DETERMINE,UNABLE TO DETERMINE,412,N,KEDZIE AVE,1123,,,,,,,1,NO INDICATION OF INJURY,0,0,0,0,0,1,0,12,2,8,41.8886885392,-87.7064968366,POINT (-87.706496836577 41.888688539216)
566ec1334bb1451d2b3563742d7a42718669d05138bcc6a30a2826cf462d32b93d0533d6fa0fff553d399fb516b8737c112eb620a775dd99c5dba09f653fe417,,08/25/2025 12:00:00 PM,30,NO CONTROLS,UNKNOWN,CLEAR,DAYLIGHT,REAR END,NOT DIVIDED,,STRAIGHT AND LEVEL,DRY,UNKNOWN,NOT ON SCENE (DESK REPORT),NO INJURY / DRIVE AWAY,,,,$500 OR LESS,08/25/2025 02:39:00 PM,FAILING TO YIELD RIGHT-OF-WAY,UNABLE TO DETERMINE,155,N,PEORIA ST,1224,,,,,,,2,NO INDICATION OF INJURY,0,0,0,0,0,3,0,12,2,8,41.8846606974,-87.6496330002,POINT (-87.649633000244 41.884660697411)
6179f72f7e6f34d29a2523c2b4e0a687609f3da809a194bf4fa59de0cdfbfd490bba99e207036e1ed9e08822c323b33bb0a0918e617b7569e05e8f9a6b78439a,,08/25/2025 12:00:00 PM,10,NO CONTROLS,NO CONTROLS,UNKNOWN,DAYLIGHT,REAR END,PARKING LOT,,STRAIGHT AND LEVEL,UNKNOWN,UNKNOWN,NOT ON SCENE (DESK REPORT),NO INJURY / DRIVE AWAY,,Y,,"OVER $1,500",08/27/2025 03:45:00 PM,UNABLE TO DETERMINE,NOT APPLICABLE,4626,W,DIVERSEY AVE,2521,,,,,,,2,NO INDICATION OF INJURY,0,0,0,0,0,3,0,12,2,8,41.9316889194,-87.7430169468,POINT (-87.743016946831 41.931688919351)
c6cdb7a24a7b762924e694886fc49509813973948d66ac19ce30b03cbd921394a1b6a865452b21f7daf00a9c18117ebf0cadab165317ebaf7c23bb7a826e63d8,,08/25/2025 12:00:00 PM,30,STOP SIGN/FLASHER,FUNCTIONING PROPERLY,CLEAR,DAYLIGHT,ANGLE,DIVIDED - W/MEDIAN BARRIER,,STRAIGHT AND LEVEL,DRY,NO DEFECTS,NOT ON SCENE (DESK REPORT),INJURY AND / OR TOW DUE TO CRASH,Y,,,"OVER $1,500",08/25/2025 12:15:00 PM,DISREGARDING STOP SIGN,UNABLE TO DETERMINE,2300,S,STATE ST,131,,,,,,,2,"REPORTED, NOT EVIDENT",1,0,0,0,1,2,0,12,2,8,41.8509725795,-87.6271887168,POINT (-87.627188716763 41.850972579463)
1640bc289b2fb577db38c2c96eb381478219aa04c73b0a4ca5af954a8291969167a672fa3ccd5e362785331e95418b42d03ca95259db0b9687460784be64a404,,08/25/2025 11:41:00 AM,30,TRAFFIC SIGNAL,FUNCTIONING PROPERLY,CLOUDY/OVERCAST,DAYLIGHT,TURNING,OTHER,,STRAIGHT AND LEVEL,DRY,NO DEFECTS,ON SCENE,INJURY AND / OR TOW DUE TO CRASH,Y,,,"$501 - $1,500",08/25/2025 11:47:00 AM,UNABLE TO DETERMINE,UNABLE TO DETERMINE,400,E,RANDOLPH ST,114,,Y,,,,,2,"REPORTED, NOT EVIDENT",2,0,0,0,2,0,0,11,2,8,41.8846463654,-87.6172484962,POINT (-87.617248496239 41.884646365435)
1e53e7b797d47210e48f40aa6ec60efd3398b8be859710d7cdbfc5b3d4b24b4a677906caa95fc2d89dabbfd19166160c084c348bff6734fe1c81d8e338a483cf,,08/25/2025 11:41:00 AM,30,TRAFFIC SIGNAL,FUNCTIONING PROPERLY,CLEAR,DAYLIGHT,TURNING,FOUR WAY,,STRAIGHT AND LEVEL,DRY,NO DEFECTS,ON SCENE,INJURY AND / OR TOW DUE TO CRASH,Y,Y,,"OVER $1,500",08/25/2025 11:42:00 AM,FAILING TO YIELD RIGHT-OF-WAY,FAILING TO REDUCE SPEED TO AVOID CRASH,4324,W,CHICAGO AVE,1111,,,,,,,2,NONINCAPACITATING INJURY,1,0,0,1,0,2,0,11,2,8,41.8953206711,-87.7345708333,POINT (-87.734570833289 41.895320671128)
127118ed69ec8df2482d51231df2e2fd86066ff4f766d8bf43e5e37c617f93e381f561149b70f10c04d682d5322469732747b187be585ca0d7b2703aeb96354c,,08/25/2025 11:40:00 AM,30,TRAFFIC SIGNAL,FUNCTIONING PROPERLY,CLEAR,DAYLIGHT,TURNING,DIVIDED - W/MEDIAN (NOT RAISED),,STRAIGHT AND LEVEL,DRY,NO DEFECTS,ON SCENE,NO INJURY / DRIVE AWAY,N,,,"OVER $1,500",08/25/2025 11:41:00 AM,UNABLE TO DETERMINE,UNABLE TO DETERMINE,7600,S,ASHLAND AVE,611,,,,,,,2,NO INDICATION OF INJURY,0,0,0,0,0,2,0,11,2,8,41.7557194408,-87.6637177842,POINT (-87.663717784195 41.755719440847)
34c1a9527bd8e36209c7710990ed2b955ea8bcf17f676312cef4b943a627dc1d5e73241123ea6b3359a1cc13a2a23c98e649f6e53b52891e761845bb28153e49,,08/25/2025 11:38:00 AM,20,NO CONTROLS,NO CONTROLS,CLEAR,DAYLIGHT,PARKED MOTOR VEHICLE,NOT DIVIDED,,STRAIGHT AND LEVEL,DRY,UNKNOWN,ON SCENE,NO INJURY / DRIVE AWAY,,,,"OVER $1,500",08/25/2025 11:42:00 AM,ROAD CONSTRUCTION/MAINTENANCE,NOT APPLICABLE,8650,S,KENWOOD AVE,412,,,,Y,CONSTRUCTION,Y,2,NO INDICATION OF INJURY,0,0,0,0,0,1,0,11,2,8,41.7371692429,-87.5915217847,POINT (-87.591521784719 41.737169242869)
7acedd63f2a2e7c352e61919be81c1711a809f6256b5043a14520a522b0b0730fe7cea0c995ed97cc450ae3f9aed3ce5806768d175d4e63e39bede88a807c5f8,,08/25/2025 11:30:00 AM,30,STOP SIGN/FLASHER,FUNCTIONING PROPERLY,CLEAR,DAYLIGHT,ANGLE,NOT DIVIDED,,STRAIGHT AND LEVEL,DRY,NO DEFECTS,NOT ON SCENE (DESK REPORT),INJURY AND / OR TOW DUE TO CRASH,Y,,,"OVER $1,500",08/25/2025 01:25:00 PM,FAILING TO YIELD RIGHT-OF-WAY,NOT APPLICABLE,5100,S,KEELER AVE,815,,,,,,,2,"REPORTED, NOT EVIDENT",2,0,0,0,2,1,0,11,2,8,41.8003989305,-87.7284148596,POINT (-87.728414859614 41.800398930524)
78d7e87b9c4b5de570bc102b4041c921e88ca00cc2c2b944bba78f2bc32fed0dbc11b7e26cdc82bc376550d02828a711dff165ef905d8e998404b0cd93e1de90,Y,08/25/2025 11:23:00 AM,30,NO CONTROLS,NO CONTROLS,UNKNOWN,UNKNOWN,FIXED OBJECT,NOT DIVIDED,,STRAIGHT AND LEVEL,UNKNOWN,UNKNOWN,ON SCENE,INJURY AND / OR TOW DUE TO CRASH,,,Y,"OVER $1,500",08/25/2025 11:28:00 AM,UNABLE TO DETERMINE,UNABLE TO DETERMINE,3432,W,31ST ST,1032,,,,,,,1,NO INDICATION OF INJURY,0,0,0,0,0,1,0,11,2,8,41.8372346307,-87.710870769,POINT (-87.710870768983 41.837234630667)
c3ac0da0dc9d8f1352dc4f5cb6e6e2dda5a60249d154ce339d152be7474fc179e9c7a36c12359c3a1bac28e96e9c2d57c4c60a55ba8211c97036382131ebeb6f,,08/25/2025 11:21:00 AM,30,NO CONTROLS,NO CONTROLS,CLEAR,DAYLIGHT,PARKED MOTOR VEHICLE,NOT DIVIDED,,STRAIGHT AND LEVEL,DRY,NO DEFECTS,ON SCENE,NO INJURY / DRIVE AWAY,,,,"OVER $1,500",08/25/2025 11:21:00 AM,NOT APPLICABLE,NOT APPLICABLE,4353,W,IRVING PARK RD,1731,,,,,,,2,NO INDICATION OF INJURY,0,0,0,0,0,2,0,11,2,8,41.9534260907,-87.7375724153,POINT (-87.737572415272 41.953426090661)
4c99c890ff7898adabd190ba938fc6ac2d5009d400a624d55ac4d55dc806cbe8230cfd4131b47d155f502ee52c8accf7e7b94e8025ee7976a551ea1c3d04c378,,08/25/2025 11:20:00 AM,15,NO CONTROLS,NO CONTROLS,CLEAR,DAYLIGHT,PARKED MOTOR VEHICLE,PARKING LOT,,STRAIGHT AND LEVEL,DRY,NO DEFECTS,NOT ON SCENE (DESK REPORT),NO INJURY / DRIVE AWAY,,,,"OVER $1,500",08/25/2025 12:10:00 PM,IMPROPER BACKING,UNABLE TO DETERMINE,2734,S,WENTWORTH AVE,914,,,,,,,2,NO INDICATION OF INJURY,0,0,0,0,0,2,0,11,2,8,41.8429799814,-87.6319507301,POINT (-87.631950730125 41.842979981377)
bb29fc32567eb92ff3478fa6688a3451123d21f5a9564aa3a4c7671ed7d93ca31d4f0b3daf53a0398ef785a31cbf53c2615c3a2b7b5431a45750e98e9415b464,,08/25/2025 11:00:00 AM,30,STOP SIGN/FLASHER,FUNCTIONING PROPERLY,CLEAR,DAYLIGHT,REAR END,NOT DIVIDED,,STRAIGHT AND LEVEL,DRY,UNKNOWN,NOT ON SCENE (DESK REPORT),NO INJURY / DRIVE AWAY,Y,,,"OVER $1,500",08/25/2025 11:44:00 AM,DRIVING SKILLS/KNOWLEDGE/EXPERIENCE,UNABLE TO DETERMINE,5200,S,LAKE PARK AVE,234,,,,,,,2,NO INDICATION OF INJURY,0,0,0,0,0,4,0,11,2,8,41.800941976,-87.5876367922,POINT (-87.587636792157 41.800941975966)
f59887a00e6a494199eedf4b72543dad453e5e87ece843cadadc0c002da2fcfb318cff124d13d1b6080bbfc04adc753e8865a7568f6c7fa7e48fcef9cdf34cff,,08/25/2025 10:45:00 AM,30,STOP SIGN/FLASHER,NO CONTROLS,CLEAR,DAYLIGHT,ANGLE,NOT DIVIDED,,STRAIGHT AND LEVEL,DRY,NO DEFECTS,NOT ON SCENE (DESK REPORT),NO INJURY / DRIVE AWAY,,,,"OVER $1,500",08/25/2025 11:25:00 AM,FAILING TO YIELD RIGHT-OF-WAY,FAILING TO YIELD RIGHT-OF-WAY,2700,N,MULLIGAN AVE,2512,,,,,,,2,NO INDICATION OF INJURY,0,0,0,0,0,2,0,10,2,8,41.9292770949,-87.7845606883,POINT (-87.784560688324 41.929277094885)
8f59b72e8ce61ac8b372d6fb83ef7bc67c175892d6e04247cd08182323188def51ceb527aa9666c61cdf5e9971561629441c24780e45b87120ffe72fdebc89b4,,08/25/2025 10:36:00 AM,30,TRAFFIC SIGNAL,FUNCTIONING PROPERLY,CLEAR,DAYLIGHT,REAR END,NOT DIVIDED,,STRAIGHT AND LEVEL,DRY,NO DEFECTS,ON SCENE,NO INJURY / DRIVE AWAY,,,,"OVER $1,500",08/25/2025 10:37:00 AM,FOLLOWING TOO CLOSELY,FOLLOWING TOO CLOSELY,6900,S,JUSTINE ST,734,,,,,,,3,NO INDICATION OF INJURY,0,0,0,0,0,3,0,10,2,8,41.7684742125,-87.6628485602,POINT (-87.662848560202 41.768474212541)
d83424208b81738c64260683f0d350d5e8775ed1a18f1ce7af7d655cf8d82d8c88007db4fcf32862cf505908c40435d8004e4c6882b6540ad66e17fe1b273290,N,08/25/2025 10:17:00 AM,35,NO CONTROLS,UNKNOWN,CLEAR,DAYLIGHT,FIXED OBJECT,NOT DIVIDED,,STRAIGHT AND LEVEL,DRY,DEBRIS ON ROADWAY,ON SCENE,NO INJURY / DRIVE AWAY,,,,"$501 - $1,500",08/25/2025 10:17:00 AM,UNABLE TO DETERMINE,NOT APPLICABLE,445,E,42ND ST,214,,,,,,,1,NO INDICATION OF INJURY,0,0,0,0,0,2,0,10,2,8,41.8183584328,-87.6147969395,POINT (-87.614796939516 41.818358432822)
0d8f76e89a00ec6fa99b777709024e731b5c39204ac354815e9b91618bf4b8652764dac958e58e67639acbbe6765cfdec374ad7217a9c6755c260fd0ab411d98,,08/25/2025 10:16:00 AM,30,NO CONTROLS,NO CONTROLS,CLEAR,DAYLIGHT,PARKED MOTOR VEHICLE,NOT DIVIDED,,STRAIGHT AND LEVEL,DRY,NO DEFECTS,NOT ON SCENE (DESK REPORT),NO INJURY / DRIVE AWAY,,,,"OVER $1,500",08/25/2025 01:30:00 PM,UNABLE TO DETERMINE,UNABLE TO DETERMINE,327,S,PLYMOUTH CT,113,,,,,,,2,NO INDICATION OF INJURY,0,0,0,0,0,1,0,10,2,8,41.8774377397,-87.6285823402,POINT (-87.628582340224 41.877437739688)
9cdb54c2df513653e850c25b1a9cd104eb134569e0235263cdbfdfe2297ba2a34a3fc2b9708ed4c4918af3b38f8cab83d3094e1da381dafd7e50d49322c3a2f7,,08/25/2025 10:15:00 AM,30,NO CONTROLS,NO CONTROLS,CLEAR,DAYLIGHT,REAR END,NOT DIVIDED,,STRAIGHT AND LEVEL,DRY,NO DEFECTS,NOT ON SCENE (DESK REPORT),NO INJURY / DRIVE AWAY,,,,"OVER $1,500",08/31/2025 12:21:00 PM,UNABLE TO DETERMINE,NOT APPLICABLE,3800,W,MADISON ST,1122,,,,,,,2,NO INDICATION OF INJURY,0,0,0,0,0,2,0,10,2,8,41.8808972735,-87.7208812261,POINT (-87.720881226139 41.880897273491)
d9685b1cd4c5d992fd791ce0c78f41b64df04fecf85dee3e20d4388bb38ddd778db52d27c28e9b8eb51857c4e2fcdd3d075defa332a23b38febfacf701737dd8,,08/25/2025 10:10:00 AM,20,NO CONTROLS,NO CONTROLS,CLEAR,DAYLIGHT,FIXED OBJECT,DIVIDED - W/MEDIAN (NOT RAISED),,STRAIGHT AND LEVEL,DRY,NO DEFECTS,ON SCENE,NO INJURY / DRIVE AWAY,,N,,"$501 - $1,500",08/25/2025 10:15:00 AM,UNABLE TO DETERMINE,UNABLE TO DETERMINE,4355,W,56TH ST,813,,,,,,,1,NO INDICATION OF INJURY,0,0,0,0,0,1,0,10,2,8,41.7911928256,-87.732677305,POINT (-87.732677304968 41.791192825569)
12d22017c0ce7d5e82b5089ebfdab4468e2ab7f5a8d8137791346bce27d753a4b065cb867c258a0c2c9b30aa4652e909ce180bac001ed0876cc1dfaa73c18142,,08/25/2025 10:00:00 AM,30,TRAFFIC SIGNAL,FUNCTIONING PROPERLY,CLEAR,DAYLIGHT,TURNING,NOT DIVIDED,,STRAIGHT AND LEVEL,DRY,NO DEFECTS,ON SCENE,NO INJURY / DRIVE AWAY,Y,,,"$501 - $1,500",08/25/2025 10:02:00 AM,IMPROPER TURNING/NO SIGNAL,NOT APPLICABLE,3558,N,WESTERN AVE,1921,,,,,,,2,NO INDICATION OF INJURY,0,0,0,0,0,2,0,10,2,8,41.946638469,-87.6884028073,POINT (-87.688402807333 41.946638469021)