CRASH_RECORD_ID,CRASH_DATE_EST_I,CRASH_DATE,POSTED_SPEED_LIMIT,TRAFFIC_CONTROL_DEVICE,DEVICE_CONDITION,WEATHER_CONDITION,LIGHTING_CONDITION,FIRST_CRASH_TYPE,TRAFFICWAY_TYPE,LANE_CNT,ALIGNMENT,ROADWAY_SURFACE_COND,ROAD_DEFECT,REPORT_TYPE,CRASH_TYPE,INTERSECTION_RELATED_I,NOT_RIGHT_OF_WAY_I,HIT_AND_RUN_I,DAMAGE,DATE_POLICE_NOTIFIED,PRIM_CONTRIBUTORY_CAUSE,SEC_CONTRIBUTORY_CAUSE,STREET_NO,STREET_DIRECTION,STREET_NAME,BEAT_OF_OCCURRENCE,PHOTOS_TAKEN_I,STATEMENTS_TAKEN_I,DOORING_I,WORK_ZONE_I,WORK_ZONE_TYPE,WORKERS_PRESENT_I,NUM_UNITS,MOST_SEVERE_INJURY,INJURIES_TOTAL,INJURIES_FATAL,INJURIES_INCAPACITATING,INJURIES_NON_INCAPACITATING,INJURIES_REPORTED_NOT_EVIDENT,INJURIES_NO_INDICATION,INJURIES_UNKNOWN,CRASH_HOUR,CRASH_DAY_OF_WEEK,CRASH_MONTH,LATITUDE,LONGITUDE,LOCATION
95e3b18d0225dbae706b578046d0a175e371b4389f5bf9e4becd52a2f00ea25872c17f4d40413a4f0f10902cbc9861ceeea7812ff25bdc60bc9065c76d9963fa,,08/25/2025 10:00:00 AM,30,NO CONTROLS,NO CONTROLS,CLEAR,DAYLIGHT,REAR END,NOT DIVIDED,,STRAIGHT AND LEVEL,DRY,UNKNOWN,ON SCENE,NO INJURY / DRIVE AWAY,,,,$500 OR LESS,08/25/2025 10:00:00 AM,FOLLOWING TOO CLOSELY,UNABLE TO DETERMINE,2932,N,PULASKI RD,2523,,,,,,,2,NO INDICATION OF INJURY,0,0,0,0,0,2,0,10,2,8,41.934622175,-87.7272047538,POINT (-87.727204753811 41.934622175026)
ff67e614d1d10fb4cfd6fb7b7f034cf87d1b7cf3eafd00c2f51c7f38d2bb6804ab02c52d46771a3bc792172f3c50bac2e03e92792e9b74857f77c0eddf5eccc4,,08/25/2025 09:45:00 AM,30,NO CONTROLS,NO CONTROLS,CLEAR,DAYLIGHT,PARKED MOTOR VEHICLE,ONE-WAY,,STRAIGHT AND LEVEL,DRY,NO DEFECTS,ON SCENE,NO INJURY / DRIVE AWAY,,,Y,"OVER $1,500",08/25/2025 09:49:00 AM,UNABLE TO DETERMINE,NOT APPLICABLE,3411,S,EMERALD AVE,915,,,,,,,5,NO INDICATION OF INJURY,0,0,0,0,0,1,0,9,2,8,41.8322209405,-87.6447759222,POINT (-87.644775922174 41.832220940541)
3c9974039f9c2f1d4cbc7aeb259dc37ebc418f3ea86fc554b1d6ba902b214c62ffde540bfc48c77f14db652d76f4bd0c435413fce3c0c9dedee8604cc946a868,,08/25/2025 09:44:00 AM,30,NO CONTROLS,NO CONTROLS,CLOUDY/OVERCAST,DAYLIGHT,PARKED MOTOR VEHICLE,DIVIDED - W/MEDIAN BARRIER,,STRAIGHT AND LEVEL,DRY,NO DEFECTS,ON SCENE,NO INJURY / DRIVE AWAY,,,,"$501 - $1,500",08/25/2025 10:00:00 AM,IMPROPER LANE USAGE,IMPROPER LANE USAGE,200,S,WACKER DR,122,,,,,,,2,NO INDICATION OF INJURY,0,0,0,0,0,1,0,9,2,8,41.87928364,-87.6371007044,POINT (-87.637100704438 41.879283639964)
f705ad3cf3bad8234ea6f5f87cedd4045d952b97bf67c8dac75e649eadcb795e6bf55ac61ce31623155983c29ee76f131f035323d79a69aa438cdbdbd3668f38,,08/25/2025 09:42:00 AM,25,NO CONTROLS,NO CONTROLS,CLEAR,DAYLIGHT,ANGLE,TRAFFIC ROUTE,,STRAIGHT AND LEVEL,DRY,UNKNOWN,ON SCENE,INJURY AND / OR TOW DUE TO CRASH,Y,,,"OVER $1,500",08/25/2025 10:12:00 AM,DRIVING ON WRONG SIDE/WRONG WAY,FAILING TO YIELD RIGHT-OF-WAY,1499,N,LINDER AVE,2532,,,,,,,3,"REPORTED, NOT EVIDENT",1,0,0,0,1,1,0,9,2,8,41.9075085033,-87.7632127655,POINT (-87.763212765542 41.907508503273)
0ece9716d2c02ab40abaebb141afde8339c185c118e2155b71965ef9a2eb8634b50419acc55d35a72f8fb71d0d121f26030ef8f6a98ca18bf58ae6d7b1059a6e,,08/25/2025 09:30:00 AM,30,TRAFFIC SIGNAL,FUNCTIONING PROPERLY,CLEAR,DAYLIGHT,REAR END,FOUR WAY,,STRAIGHT AND LEVEL,UNKNOWN,UNKNOWN,NOT ON SCENE (DESK REPORT),INJURY AND / OR TOW DUE TO CRASH,,,,"OVER $1,500",08/25/2025 09:00:00 PM,UNABLE TO DETERMINE,UNABLE TO DETERMINE,301,W,51ST ST,935,,,,,,,2,NONINCAPACITATING INJURY,1,0,0,1,0,3,0,9,2,8,41.8016993707,-87.6332396934,POINT (-87.633239693394 41.801699370691)
416c2e3dc9dd200151dbae0bde64ea1331a4274e98ba964ce23b8ef964cd553045c334fb3093ecd46aceff19a3830528ae91bd1ed7250fbe6f8579a7b92bca1e,,08/25/2025 09:30:00 AM,25,NO CONTROLS,NO CONTROLS,CLEAR,DAYLIGHT,SIDESWIPE SAME DIRECTION,NOT DIVIDED,,STRAIGHT AND LEVEL,DRY,NO DEFECTS,ON SCENE,NO INJURY / DRIVE AWAY,,,,"OVER $1,500",08/25/2025 09:30:00 AM,FAILING TO YIELD RIGHT-OF-WAY,NOT APPLICABLE,2100,W,TOUHY AVE,2411,,,,,,,2,NO INDICATION OF INJURY,0,0,0,0,0,2,0,9,2,8,42.0123275477,-87.6831545592,POINT (-87.68315455919 42.012327547727)
445348624ff90181b71b759f67d3086b76ad8f388ba1d8276f3d329b76e43d569a3f66e93861e0467d79bfd0d94208e22953429a9c74df784a75eb4c45990aaf,,08/25/2025 09:30:00 AM,30,NO CONTROLS,NO CONTROLS,CLEAR,DAYLIGHT,TURNING,DIVIDED - W/MEDIAN (NOT RAISED),,STRAIGHT AND LEVEL,DRY,NO DEFECTS,ON SCENE,INJURY AND / OR TOW DUE TO CRASH,,,,"OVER $1,500",08/25/2025 09:45:00 AM,FAILING TO YIELD RIGHT-OF-WAY,NOT APPLICABLE,2398,S,KOSTNER AVE,1013,,,,,,,4,"REPORTED, NOT EVIDENT",1,0,0,0,1,2,0,9,2,8,41.8477865105,-87.73453779,POINT (-87.734537790042 41.847786510521)
f238b515bf81cd19e30a3e17ceefeeda680f82d03ee09e3e5645a40ad1bfae65a8db30796174ebfb26c85f388057f8854aa5e37c407fe72868688f423d16f5f0,,08/25/2025 09:30:00 AM,30,STOP SIGN/FLASHER,UNKNOWN,CLEAR,DAYLIGHT,ANGLE,OTHER,,STRAIGHT AND LEVEL,DRY,UNKNOWN,,NO INJURY / DRIVE AWAY,,,,"OVER $1,500",08/25/2025 10:00:00 AM,FAILING TO YIELD RIGHT-OF-WAY,UNABLE TO DETERMINE,5422,S,LAKE PARK AVE,234,,,,,,,2,NO INDICATION OF INJURY,0,0,0,0,0,2,0,9,2,8,41.7973620077,-87.587405397,POINT (-87.587405397048 41.797362007677)
f826f0cd7cf5fc0740886719b21e0abcf825bfd87ee54474a8d3804a587cc54b9c006cf2284c06da74babdf4e5d665f1d14b695629a9186706d52092fd5ff70c,,08/25/2025 09:30:00 AM,15,NO CONTROLS,NO CONTROLS,CLEAR,DAYLIGHT,REAR TO SIDE,PARKING LOT,,STRAIGHT AND LEVEL,DRY,UNKNOWN,NOT ON SCENE (DESK REPORT),NO INJURY / DRIVE AWAY,,,,"OVER $1,500",08/25/2025 10:00:00 AM,FAILING TO YIELD RIGHT-OF-WAY,FAILING TO REDUCE SPEED TO AVOID CRASH,1829,W,FULLERTON AVE,1811,,,,,,,2,NO INDICATION OF INJURY,0,0,0,0,0,2,0,9,2,8,41.9249632986,-87.6741174935,POINT (-87.674117493548 41.924963298594)
f028a7345adddcddb5c344c8aac9d3ca4336a08ef5d1e63eb663582f3304d0157b28c27e767f8c136d6086b5853d490476f89819408b6301efe4da545ba18fb9,,08/25/2025 09:26:00 AM,30,TRAFFIC SIGNAL,FUNCTIONING PROPERLY,CLEAR,DAYLIGHT,SIDESWIPE SAME DIRECTION,T-INTERSECTION,,STRAIGHT AND LEVEL,DRY,UNKNOWN,ON SCENE,NO INJURY / DRIVE AWAY,Y,,,"OVER $1,500",08/25/2025 09:57:00 AM,UNABLE TO DETERMINE,NOT APPLICABLE,498,S,COLUMBUS DR,114,,Y,,,,,2,NO INDICATION OF INJURY,0,0,0,0,0,2,0,9,2,8,41.8758326363,-87.6207383365,POINT (-87.620738336509 41.875832636304)
1e08719d367505f47122dadda395be510ed3285e59157cd3b27903c5ffcb0189db0413b8c84e182b0f2687210c412d9e8c9105f30b0e4512dd8e52cf5f9077b4,,08/25/2025 09:20:00 AM,30,NO CONTROLS,NO CONTROLS,CLEAR,DAYLIGHT,REAR END,NOT DIVIDED,,STRAIGHT AND LEVEL,DRY,UNKNOWN,NOT ON SCENE (DESK REPORT),NO INJURY / DRIVE AWAY,,,,"OVER $1,500",08/25/2025 10:00:00 AM,UNABLE TO DETERMINE,UNABLE TO DETERMINE,4710,N,AUSTIN AVE,1622,,,,,,,2,NO INDICATION OF INJURY,0,0,0,0,0,2,0,9,2,8,41.9662112377,-87.777359437,POINT (-87.77735943704 41.966211237734)
81bae4c76b076ee04d9b2e645e59fb1d2447180ba37c5f091ffc0190597206e7ba97b1cbac963a0b50320e61b550bc5b0f1171b78af77747dfbbdc2e833f5b60,,08/25/2025 09:15:00 AM,30,TRAFFIC SIGNAL,FUNCTIONING PROPERLY,CLEAR,DAYLIGHT,TURNING,FOUR WAY,,STRAIGHT AND LEVEL,DRY,NO DEFECTS,ON SCENE,NO INJURY / DRIVE AWAY,Y,,,"$501 - $1,500",08/25/2025 09:15:00 AM,UNABLE TO DETERMINE,UNABLE TO DETERMINE,39,E,ROOSEVELT RD,131,,,,,,,2,NO INDICATION OF INJURY,0,0,0,0,0,2,0,9,2,8,41.867321764,-87.6258702008,POINT (-87.625870200766 41.867321764022)
eff49ddef6edf2688694e14599b9bc10a97dd6e66b624444992ae2a245bdba2e69bf8d32ca0d503c88ac370755c8f5af2bfb71a28a08bcc33224aae665ef5c4d,,08/25/2025 09:15:00 AM,30,STOP SIGN/FLASHER,NO CONTROLS,CLEAR,DAYLIGHT,ANGLE,T-INTERSECTION,,STRAIGHT AND LEVEL,DRY,NO DEFECTS,,NO INJURY / DRIVE AWAY,Y,,,"OVER $1,500",08/25/2025 09:40:00 AM,UNABLE TO DETERMINE,NOT APPLICABLE,1500,N,LARAMIE AVE,2532,,,,,,,2,NO INDICATION OF INJURY,0,0,0,0,0,2,0,9,2,8,41.907775732,-87.7560513114,POINT (-87.756051311421 41.907775731969)
3b18e1aae67977891446c84c902d2a673cabfc799baa277890b68800b87b4e7fb7b820ac94be210a765c80cd2dbb62dba8fbc42fc0d1f56c8261197969ceba5f,,08/25/2025 09:07:00 AM,30,TRAFFIC SIGNAL,FUNCTIONING PROPERLY,CLEAR,DAYLIGHT,ANGLE,FOUR WAY,,STRAIGHT AND LEVEL,DRY,UNKNOWN,ON SCENE,INJURY AND / OR TOW DUE TO CRASH,Y,,,"OVER $1,500",08/25/2025 09:07:00 AM,DISREGARDING TRAFFIC SIGNALS,DRIVING SKILLS/KNOWLEDGE/EXPERIENCE,98,W,ROOSEVELT RD,123,,,,,,,2,NONINCAPACITATING INJURY,1,0,0,1,0,1,0,9,2,8,41.8674844605,-87.6303889077,POINT (-87.630388907726 41.867484460531)
11b6c060dea254622220ab5a0da4e1e573bf151486c1ef50503489f38e2f2bf495d4ad3d7e617123176b7e0c7fc99c6d54d7163ec5bb1ac68a0bcc7945c51b7c,,08/25/2025 09:06:00 AM,25,NO CONTROLS,NO CONTROLS,CLEAR,DAYLIGHT,FIXED OBJECT,DIVIDED - W/MEDIAN BARRIER,,STRAIGHT ON GRADE,DRY,NO DEFECTS,ON SCENE,NO INJURY / DRIVE AWAY,,,,$500 OR LESS,08/25/2025 09:10:00 AM,ANIMAL,DISTRACTION - FROM INSIDE VEHICLE,1,W,TERMINAL ST,1651,Y,,,,,,1,NO INDICATION OF INJURY,0,0,0,0,0,1,0,9,2,8,,,
7e36e4ee742f708a0c8aa6bf136b382fae2df3de20fff5ec182b38c4771cf796e4f5d8c95e4ab939f887748da99557a6b6fde6c637659f16162bb4c42f94e2d0,,08/25/2025 09:05:00 AM,30,NO CONTROLS,NO CONTROLS,CLEAR,DAYLIGHT,TURNING,OTHER,,STRAIGHT AND LEVEL,UNKNOWN,NO DEFECTS,NOT ON SCENE (DESK REPORT),NO INJURY / DRIVE AWAY,,,Y,"$501 - $1,500",08/25/2025 11:22:00 AM,UNABLE TO DETERMINE,NOT APPLICABLE,1538,E,95TH ST,413,,,,,,,2,NO INDICATION OF INJURY,0,0,0,0,0,3,0,9,2,8,41.7224394759,-87.5861858365,POINT (-87.586185836462 41.722439475881)
eac24d7508c7fba85afe0d9c23c33554c211c4086e308effd939414be8f6827be2259038022321d755416528acc2ea2b1d9ab49ac73bf99bb7498f2895d5bb31,,08/25/2025 09:01:00 AM,30,NO CONTROLS,NO CONTROLS,CLEAR,DAYLIGHT,REAR END,ONE-WAY,,STRAIGHT AND LEVEL,DRY,NO DEFECTS,ON SCENE,INJURY AND / OR TOW DUE TO CRASH,,,,"OVER $1,500",08/25/2025 09:01:00 AM,FOLLOWING TOO CLOSELY,IMPROPER LANE USAGE,5130,S,WENTWORTH AVE,225,,,,,,,2,NO INDICATION OF INJURY,0,0,0,0,0,2,0,9,2,8,41.8008617829,-87.6308109397,POINT (-87.630810939659 41.800861782902)
4115d2bcf8285eac09d7231b0afc374a481f1540ad9fe62d6d8fd5dca5358c8005e7507b7151fa094fc907fa8b1eb82f8df66be840a4a4ed1f096e981ad737af,,08/25/2025 09:00:00 AM,30,TRAFFIC SIGNAL,FUNCTIONING PROPERLY,CLEAR,DAYLIGHT,SIDESWIPE SAME DIRECTION,NOT DIVIDED,,STRAIGHT AND LEVEL,DRY,NO DEFECTS,,NO INJURY / DRIVE AWAY,Y,,,"$501 - $1,500",08/25/2025 09:42:00 AM,UNABLE TO DETERMINE,NOT APPLICABLE,352,S,STATE ST,113,,,,,,,2,NO INDICATION OF INJURY,0,0,0,0,0,2,0,9,2,8,41.8769894075,-87.6278007118,POINT (-87.627800711839 41.87698940753)
b660ff245e83ef8b03920b1b7c45a4dc15a242377e2fd233fb82517cd5bc697d3b06648b5ea29acc4c3e95f24eaecc337338bb1e061c3898d9ad8a1745f3f6d4,,08/25/2025 08:56:00 AM,30,NO CONTROLS,NO CONTROLS,CLEAR,DAYLIGHT,PEDALCYCLIST,ONE-WAY,,STRAIGHT AND LEVEL,DRY,NO DEFECTS,ON SCENE,NO INJURY / DRIVE AWAY,,,,"$501 - $1,500",08/25/2025 08:56:00 AM,FAILING TO YIELD RIGHT-OF-WAY,DRIVING SKILLS/KNOWLEDGE/EXPERIENCE,313,W,LAKE ST,122,,,,,,,2,NO INDICATION OF INJURY,0,0,0,0,0,2,0,8,2,8,41.885627453,-87.6357869839,POINT (-87.635786983858 41.885627452995)
cb05d21a8c5a875377bcbe7e17a2d5c8465218c45ab6f5eb2269eeaf4405554a668d48df606941a50dd0a8192ca102b555d4b8e25d58eefee2b7f06b0432f93b,,08/25/2025 08:51:00 AM,30,TRAFFIC SIGNAL,FUNCTIONING PROPERLY,CLEAR,DAYLIGHT,REAR END,DIVIDED - W/MEDIAN (NOT RAISED),,STRAIGHT AND LEVEL,DRY,NO DEFECTS,NOT ON SCENE (DESK REPORT),NO INJURY / DRIVE AWAY,,,,"OVER $1,500",08/25/2025 09:30:00 AM,UNABLE TO DETERMINE,UNABLE TO DETERMINE,3742,N,ELSTON AVE,1732,,,,,,,2,NO INDICATION OF INJURY,0,0,0,0,0,2,0,8,2,8,41.9494556809,-87.7131894688,POINT (-87.71318946878 41.949455680885)
5f9a0e7ca682c5ef11e90267753130cc2178a609c0d685df092a047c3a29ca5f2462b0de4a0b1e7eddbd91f85eb331bfeafe430a74e778c4e0946a2cdedc7aa5,,08/25/2025 08:40:00 AM,30,STOP SIGN/FLASHER,FUNCTIONING PROPERLY,CLEAR,DAYLIGHT,ANGLE,FOUR WAY,,STRAIGHT AND LEVEL,DRY,UNKNOWN,ON SCENE,INJURY AND / OR TOW DUE TO CRASH,Y,,,"OVER $1,500",08/25/2025 08:46:00 AM,"VISION OBSCURED (SIGNS, TREE LIMBS, BUILDINGS, ETC.)","VISION OBSCURED (SIGNS, TREE LIMBS, BUILDINGS, ETC.)",1860,W,CONGRESS PKWY,1225,,,,,,,2,NO INDICATION OF INJURY,0,0,0,0,0,2,0,8,2,8,41.875167798,-87.6740502205,POINT (-87.674050220465 41.875167797959)
1137eaf3db02b497dcfc937378754e69bf54e794db3a18b1480d8ceee82abb084a126795cb8873331fe5f7a997ae46529a5cb3fd249704ffcf103537620925a3,,08/25/2025 08:30:00 AM,30,OTHER,UNKNOWN,CLEAR,DAWN,REAR END,NOT DIVIDED,,STRAIGHT AND LEVEL,UNKNOWN,UNKNOWN,NOT ON SCENE (DESK REPORT),NO INJURY / DRIVE AWAY,Y,,,"$501 - $1,500",08/25/2025 09:15:00 AM,UNABLE TO DETERMINE,NOT APPLICABLE,6001,S,PULASKI RD,823,,,,,,,3,NO INDICATION OF INJURY,0,0,0,0,0,3,0,8,2,8,41.7840711496,-87.7227658413,POINT (-87.722765841283 41.784071149576)
4a424ac064e7af898d39e8dab09b433bdd63b485ecfa89002c61e70520ad29bf868e001d2e865a12b530f3f8b795b90abb2ac75cbbe9d4c12c32b519443acbad,,08/25/2025 08:30:00 AM,30,NO CONTROLS,NO CONTROLS,CLEAR,DAYLIGHT,REAR END,DIVIDED - W/MEDIAN (NOT RAISED),,STRAIGHT AND LEVEL,DRY,NO DEFECTS,ON SCENE,INJURY AND / OR TOW DUE TO CRASH,,,,"OVER $1,500",08/25/2025 08:40:00 AM,"DISTRACTION - OTHER ELECTRONIC DEVICE (NAVIGATION DEVICE, DVD PLAYER, ETC.)","DISTRACTION - OTHER ELECTRONIC DEVICE (NAVIGATION DEVICE, DVD PLAYER, ETC.)",4745,S,PULASKI RD,821,,,,,,,2,"REPORTED, NOT EVIDENT",1,0,0,0,1,1,0,8,2,8,41.8065343229,-87.7233982579,POINT (-87.723398257872 41.806534322857)
24ccb285047a64371aac84aaed3f9f8b4b5840ab6e32dbf2f3b9e121b2b2d53b3027aa997fe686d28b58be26dc5d4963aca819cde72e62182dc840f0573b0ee0,,08/25/2025 08:28:00 AM,30,TRAFFIC SIGNAL,FUNCTIONING PROPERLY,CLEAR,DAYLIGHT,SIDESWIPE SAME DIRECTION,ONE-WAY,,STRAIGHT AND LEVEL,DRY,NO DEFECTS,NOT ON SCENE (DESK REPORT),NO INJURY / DRIVE AWAY,Y,,,"OVER $1,500",08/25/2025 09:45:00 AM,IMPROPER LANE USAGE,NOT APPLICABLE,341,W,OHIO ST,1831,,,,,,,2,NO INDICATION OF INJURY,0,0,0,0,0,2,0,8,2,8,41.8922538685,-87.6370538529,POINT (-87.637053852858 41.89225386845)
45c94a91f2963469b5abbb4fdf1ae33b6515f1f1e37585169cc4f4df358fc5cbac0bacc4faa028c1a99084c05b19277bb2eb3c8a157f76e80112f312b860c4de,,08/25/2025 08:28:00 AM,30,NO CONTROLS,NO CONTROLS,CLEAR,DAYLIGHT,PARKED MOTOR VEHICLE,ONE-WAY,,STRAIGHT AND LEVEL,DRY,NO DEFECTS,ON SCENE,INJURY AND / OR TOW DUE TO CRASH,,,,"OVER $1,500",08/25/2025 08:30:00 AM,PHYSICAL CONDITION OF DRIVER,NOT APPLICABLE,3610,W,60TH ST,822,,,,,,,3,NONINCAPACITATING INJURY,1,0,0,1,0,2,0,8,2,8,41.7843690526,-87.7137922822,POINT (-87.713792282191 41.784369052579)
5a47c90e61888f228ca2f63738d454287d565ce9bd195075f79f119ff9d7c5ee5de56fba3cbb73fc19cea22da665a0fa77aae0a7e948a36a5d520dcb3dc80f0f,,08/25/2025 08:25:00 AM,25,STOP SIGN/FLASHER,FUNCTIONING PROPERLY,CLEAR,DAYLIGHT,ANGLE,FOUR WAY,,STRAIGHT AND LEVEL,DRY,NO DEFECTS,NOT ON SCENE (DESK REPORT),NO INJURY / DRIVE AWAY,Y,,Y,"OVER $1,500",08/25/2025 02:50:00 PM,UNABLE TO DETERMINE,UNABLE TO DETERMINE,6600,S,CALIFORNIA AVE,831,,,,,,,2,NO INDICATION OF INJURY,0,0,0,0,0,2,0,8,2,8,41.7735441443,-87.6933956507,POINT (-87.693395650731 41.773544144314)
709122a61d05c7f5616efd4be9ed80fa3475a5ee31ad0de451bdde862d418481b62d2364e7274940c21fd9e8ed83913e0f966d34b262c454870de4e7eafc57b9,,08/25/2025 08:25:00 AM,30,TRAFFIC SIGNAL,FUNCTIONING PROPERLY,CLEAR,DAYLIGHT,SIDESWIPE SAME DIRECTION,NOT DIVIDED,,STRAIGHT AND LEVEL,DRY,NO DEFECTS,NOT ON SCENE (DESK REPORT),NO INJURY / DRIVE AWAY,,,Y,"OVER $1,500",08/25/2025 09:25:00 AM,IMPROPER OVERTAKING/PASSING,NOT APPLICABLE,6219,N,CALIFORNIA AVE,2413,,,,,,,2,NO INDICATION OF INJURY,0,0,0,0,0,2,0,8,2,8,41.9945883579,-87.6993914744,POINT (-87.69939147444 41.994588357901)
b3bc3f5bd739189503e197f1fa47edcc75dec921b1e6593009b6ff8fd87a9c242544bd9c75aa60afad37a5268dc610841cea6a1a0d5a871c7170b167e5240743,,08/25/2025 08:20:00 AM,30,NO CONTROLS,NO CONTROLS,CLEAR,DAYLIGHT,ANGLE,NOT DIVIDED,,STRAIGHT AND LEVEL,DRY,NO DEFECTS,ON SCENE,NO INJURY / DRIVE AWAY,,,,"$501 - $1,500",08/25/2025 08:25:00 AM,NOT APPLICABLE,NOT APPLICABLE,213,W,65TH ST,722,,,,,,,2,NO INDICATION OF INJURY,0,0,0,0,0,2,0,8,2,8,41.7764770056,-87.6306477677,POINT (-87.630647767666 41.776477005569)
0df83fa4928b036f91f7dfdf8c270d3a9a08ff61de06273bd97ed11e507010115c6ec42b374884e0b087113b0cb5a5df8f42d87361cccdfbec897484bda4f568,,08/25/2025 08:18:00 AM,30,NO CONTROLS,NO CONTROLS,CLEAR,DAYLIGHT,PARKED MOTOR VEHICLE,NOT DIVIDED,,STRAIGHT AND LEVEL,DRY,NO DEFECTS,ON SCENE,NO INJURY / DRIVE AWAY,,,,"OVER $1,500",08/25/2025 08:30:00 AM,UNABLE TO DETERMINE,UNABLE TO DETERMINE,349,S,CICERO AVE,1131,,,,,,,2,NO INDICATION OF INJURY,0,0,0,0,0,1,0,8,2,8,41.875319531,-87.7449304123,POINT (-87.744930412321 41.875319530995)
ddbddb54da87af807fd5f46d84938157e4db92d6be7e36d22b315036240b762f0c3b1d8311ec12430d447e0819a70f2008ece33d6bf493695ef63e3ff1dfc12c,,08/25/2025 08:09:00 AM,30,NO CONTROLS,NO CONTROLS,CLEAR,DAYLIGHT,REAR END,NOT DIVIDED,,STRAIGHT AND LEVEL,DRY,NO DEFECTS,NOT ON SCENE (DESK REPORT),NO INJURY / DRIVE AWAY,,,,$500 OR LESS,08/25/2025 09:00:00 AM,FOLLOWING TOO CLOSELY,FAILING TO REDUCE SPEED TO AVOID CRASH,4591,S,ARCHER AVE,821,,,,,,,2,NO INDICATION OF INJURY,0,0,0,0,0,2,0,8,2,8,41.8099291505,-87.7107877517,POINT (-87.710787751749 41.809929150462)
8cf0871fa294606e06313d5382f0b837adf1d9236556e0a60c2c49a67a106ecadea5f22573b4e7f73afdf648405e17d771c12c344bafd19b09636a35e8e4ff9f,,08/25/2025 08:05:00 AM,30,NO CONTROLS,NO CONTROLS,CLEAR,DAYLIGHT,PARKED MOTOR VEHICLE,NOT DIVIDED,,STRAIGHT AND LEVEL,DRY,NO DEFECTS,NOT ON SCENE (DESK REPORT),NO INJURY / DRIVE AWAY,,,,$500 OR LESS,08/25/2025 03:50:00 PM,UNABLE TO DETERMINE,NOT APPLICABLE,83,N,HERMITAGE AVE,1224,,,,,,,2,NO INDICATION OF INJURY,0,0,0,0,0,1,0,8,2,8,41.8831971934,-87.6704312207,POINT (-87.670431220674 41.883197193391)
1e7236f71ccf4f27111c9af14335c9b254a611d7a4b7cc6a4b4f8b6b760e550c97f86af784ca618831b91b29a0ae84d51213e5c67c333cf60b8cda24dd9fcc22,,08/25/2025 08:04:00 AM,30,TRAFFIC SIGNAL,UNKNOWN,CLEAR,DAYLIGHT,REAR END,NOT DIVIDED,,STRAIGHT AND LEVEL,UNKNOWN,UNKNOWN,NOT ON SCENE (DESK REPORT),NO INJURY / DRIVE AWAY,Y,,,"OVER $1,500",08/25/2025 08:50:00 AM,UNABLE TO DETERMINE,NOT APPLICABLE,3757,N,WESTERN AVE,1921,,,,,,,2,NO INDICATION OF INJURY,0,0,0,0,0,4,0,8,2,8,41.9502335712,-87.6882090084,POINT (-87.688209008416 41.950233571157)
753cf41912c8677ed6f1569db6889efd8cb6f926b585157d4dd86f0622270129b093e48c37f28640700f38247e15c973ad8344a0edc215971411b3a22b173ada,,08/25/2025 08:04:00 AM,30,TRAFFIC SIGNAL,FUNCTIONING PROPERLY,CLEAR,DAYLIGHT,SIDESWIPE SAME DIRECTION,DIVIDED - W/MEDIAN (NOT RAISED),,STRAIGHT AND LEVEL,DRY,NO DEFECTS,ON SCENE,NO INJURY / DRIVE AWAY,,,Y,"OVER $1,500",08/25/2025 08:10:00 AM,FOLLOWING TOO CLOSELY,NOT APPLICABLE,902,N,WESTERN AVE,1212,,,,,,,2,NO INDICATION OF INJURY,0,0,0,0,0,2,0,8,2,8,41.8976733062,-87.6870384661,POINT (-87.687038466061 41.897673306187)
c2f5eeaf656532b951ed540db931435ea35ed69fcd5e4f302ba302f55f6ca6e01bb2ccd3ac14eaef31eb7301a3d9cc52cb8bfbe8df1f9bcaa8ee86a1828daaf0,,08/25/2025 08:01:00 AM,20,TRAFFIC SIGNAL,FUNCTIONING PROPERLY,CLEAR,DAYLIGHT,PEDESTRIAN,T-INTERSECTION,,STRAIGHT AND LEVEL,DRY,NO DEFECTS,ON SCENE,INJURY AND / OR TOW DUE TO CRASH,Y,,Y,"OVER $1,500",08/25/2025 08:01:00 AM,IMPROPER TURNING/NO SIGNAL,FAILING TO YIELD RIGHT-OF-WAY,230,S,LA SALLE ST,122,,,,,,,2,NONINCAPACITATING INJURY,1,0,0,1,0,1,0,8,2,8,41.8785382917,-87.6324142612,POINT (-87.632414261188 41.878538291685)
14d856e6635af32f9fda193d13bd0eee68ff80468e97dbb81b43fc66cae91698546af3b958afa225644d231477640dd8f13c7eb9bb957ad817b38cba4f18c47c,,08/25/2025 08:00:00 AM,20,TRAFFIC SIGNAL,FUNCTIONING PROPERLY,CLEAR,DAYLIGHT,TURNING,NOT DIVIDED,,STRAIGHT AND LEVEL,DRY,NO DEFECTS,NOT ON SCENE (DESK REPORT),NO INJURY / DRIVE AWAY,,,,"OVER $1,500",08/25/2025 09:15:00 AM,IMPROPER LANE USAGE,NOT APPLICABLE,1546,W,87TH ST,614,,,,,,,2,NO INDICATION OF INJURY,0,0,0,0,0,2,0,8,2,8,41.7359080548,-87.662501955,POINT (-87.662501955021 41.735908054824)
3445c91e628de12a576ef368150cfa54a7c7a21c3e71cc63cfebbed7379b0580972ee78fb2a74b581067bcb700cd695a3da6f5d4df80c467c025d02b283f6474,,08/25/2025 08:00:00 AM,30,TRAFFIC SIGNAL,FUNCTIONING PROPERLY,CLEAR,DAYLIGHT,REAR END,NOT DIVIDED,,STRAIGHT AND LEVEL,UNKNOWN,UNKNOWN,NOT ON SCENE (DESK REPORT),INJURY AND / OR TOW DUE TO CRASH,,,Y,"$501 - $1,500",08/25/2025 08:20:00 AM,UNABLE TO DETERMINE,NOT APPLICABLE,4801,S,LAWNDALE AVE,821,,,,,,,2,"REPORTED, NOT EVIDENT",1,0,0,0,1,1,0,8,2,8,41.8066587648,-87.7160330444,POINT (-87.716033044428 41.806658764758)