CRASH_RECORD_ID,CRASH_DATE_EST_I,CRASH_DATE,POSTED_SPEED_LIMIT,TRAFFIC_CONTROL_DEVICE,DEVICE_CONDITION,WEATHER_CONDITION,LIGHTING_CONDITION,FIRST_CRASH_TYPE,TRAFFICWAY_TYPE,LANE_CNT,ALIGNMENT,ROADWAY_SURFACE_COND,ROAD_DEFECT,REPORT_TYPE,CRASH_TYPE,INTERSECTION_RELATED_I,NOT_RIGHT_OF_WAY_I,HIT_AND_RUN_I,DAMAGE,DATE_POLICE_NOTIFIED,PRIM_CONTRIBUTORY_CAUSE,SEC_CONTRIBUTORY_CAUSE,STREET_NO,STREET_DIRECTION,STREET_NAME,BEAT_OF_OCCURRENCE,PHOTOS_TAKEN_I,STATEMENTS_TAKEN_I,DOORING_I,WORK_ZONE_I,WORK_ZONE_TYPE,WORKERS_PRESENT_I,NUM_UNITS,MOST_SEVERE_INJURY,INJURIES_TOTAL,INJURIES_FATAL,INJURIES_INCAPACITATING,INJURIES_NON_INCAPACITATING,INJURIES_REPORTED_NOT_EVIDENT,INJURIES_NO_INDICATION,INJURIES_UNKNOWN,CRASH_HOUR,CRASH_DAY_OF_WEEK,CRASH_MONTH,LATITUDE,LONGITUDE,LOCATION
6af44fa4f5b2b674588e7078305d6e3e842778535b01d683216d63217b46ea5b8653b95e44cd9f6529514325ff408425db44134ccb15e31f1b61d7f2ca89c092,Y,08/25/2025 08:00:00 AM,15,NO CONTROLS,NO CONTROLS,UNKNOWN,UNKNOWN,PARKED MOTOR VEHICLE,UNKNOWN,,STRAIGHT AND LEVEL,UNKNOWN,UNKNOWN,NOT ON SCENE (DESK REPORT),NO INJURY / DRIVE AWAY,,,N,"OVER $1,500",08/25/2025 08:00:00 AM,NOT APPLICABLE,NOT APPLICABLE,627,N,ALBANY AVE,1221,,,,,,,3,NO INDICATION OF INJURY,0,0,0,0,0,2,0,8,2,8,41.8927541039,-87.7038602692,POINT (-87.703860269225 41.892754103875)
7af7a1c605781cb2c1d5a7e6d1a4fa8a80c5251d9683b0f5fca49fbf591a13898687ff252d93bcc9ab20ffc2b7755807af2486e8a3c08581e07afb91b6b87294,,08/25/2025 08:00:00 AM,10,NO CONTROLS,NO CONTROLS,CLEAR,DAYLIGHT,ANGLE,PARKING LOT,,STRAIGHT AND LEVEL,DRY,NO DEFECTS,NOT ON SCENE (DESK REPORT),NO INJURY / DRIVE AWAY,,,,"OVER $1,500",08/25/2025 09:06:00 AM,UNABLE TO DETERMINE,NOT APPLICABLE,4521,W,ROOSEVELT RD,1011,,,,,,,2,NO INDICATION OF INJURY,0,0,0,0,0,2,0,8,2,8,41.8658750179,-87.7382161157,POINT (-87.7382161157 41.865875017932)
87796df4f0e12fedd603cda0d5235b197cfde36757c127d0359a408df0244c8ce5229a48116f2b0135ae6588eb675a579ccbd9f98db17f993e0a66f2650dbc2a,,08/25/2025 08:00:00 AM,35,NO CONTROLS,NO CONTROLS,CLEAR,DAYLIGHT,REAR END,DIVIDED - W/MEDIAN (NOT RAISED),,STRAIGHT AND LEVEL,DRY,UNKNOWN,NOT ON SCENE (DESK REPORT),NO INJURY / DRIVE AWAY,,,,"OVER $1,500",08/26/2025 06:00:00 PM,UNABLE TO DETERMINE,NOT APPLICABLE,1400,W,59TH ST,713,,,,,,,2,NO INDICATION OF INJURY,0,0,0,0,0,2,0,8,2,8,41.7869259244,-87.6596024302,POINT (-87.65960243019 41.786925924448)
934cae7973cfdc152633b760a2d54afe9d8af23312663756faa09927a2f5eb8d374b1c7411082a24fe4071ff5c9ac1324e96e34dfc187fab43b9b25d2cd9c68e,,08/25/2025 08:00:00 AM,30,TRAFFIC SIGNAL,FUNCTIONING PROPERLY,CLEAR,DAYLIGHT,REAR END,NOT DIVIDED,,STRAIGHT AND LEVEL,DRY,NO DEFECTS,NOT ON SCENE (DESK REPORT),NO INJURY / DRIVE AWAY,,,,"OVER $1,500",08/25/2025 08:30:00 AM,FOLLOWING TOO CLOSELY,FAILING TO REDUCE SPEED TO AVOID CRASH,6400,W,ADDISON ST,1632,,,,,,,2,NO INDICATION OF INJURY,0,0,0,0,0,4,0,8,2,8,41.94577243,-87.7863727505,POINT (-87.786372750484 41.945772430008)
6aaa29c3f783728dec49229dee2676efc5b8fc6bbc9a35efaf36c0b4b538089e5c9c153add7bc111d0231424ac466616c64d703dd0661db3166513395a163180,,08/25/2025 07:55:00 AM,30,NO CONTROLS,NO CONTROLS,CLEAR,DAYLIGHT,SIDESWIPE SAME DIRECTION,NOT DIVIDED,,STRAIGHT AND LEVEL,DRY,NO DEFECTS,NOT ON SCENE (DESK REPORT),NO INJURY / DRIVE AWAY,N,,,"OVER $1,500",08/25/2025 08:35:00 AM,FAILING TO YIELD RIGHT-OF-WAY,UNABLE TO DETERMINE,5660,W,ROOSEVELT RD,1513,,,,,,,2,NO INDICATION OF INJURY,0,0,0,0,0,2,0,7,2,8,41.8656741188,-87.7666993772,POINT (-87.76669937716 41.865674118765)
dacf61a89912b2448e88a986e29ba7a8bdaf5eb9ee55669a007edd9372278efef98dcdbd6dcb0e6fb9491915e0494270271117e81c0a2d4066e29c586aa01a35,,08/25/2025 07:55:00 AM,30,NO CONTROLS,FUNCTIONING PROPERLY,CLEAR,DAYLIGHT,TURNING,FOUR WAY,,STRAIGHT AND LEVEL,DRY,NO DEFECTS,NOT ON SCENE (DESK REPORT),NO INJURY / DRIVE AWAY,,,,"OVER $1,500",08/25/2025 08:15:00 AM,UNABLE TO DETERMINE,UNABLE TO DETERMINE,800,S,CALIFORNIA AVE,1135,,,,,,,2,NO INDICATION OF INJURY,0,0,0,0,0,2,0,7,2,8,41.8710137613,-87.6961710507,POINT (-87.69617105074 41.871013761335)
cb458464165e9ec644249b2ee79f36758dbb1307b0996a54cc0f90a538e4d02c1aed239acd03fbbe4259dafdda51f57d5c8f804c3b0c2f5eaed328b60a219eb6,,08/25/2025 07:52:00 AM,30,NO CONTROLS,NO CONTROLS,CLEAR,DAYLIGHT,ANGLE,NOT DIVIDED,,STRAIGHT AND LEVEL,DRY,NO DEFECTS,NOT ON SCENE (DESK REPORT),NO INJURY / DRIVE AWAY,,,,"OVER $1,500",08/25/2025 08:45:00 AM,UNABLE TO DETERMINE,FAILING TO YIELD RIGHT-OF-WAY,8801,S,HALSTED ST,2223,,,,,,,2,NO INDICATION OF INJURY,0,0,0,0,0,2,0,7,2,8,41.7342281857,-87.6434195918,POINT (-87.643419591819 41.734228185697)
3a577f0d6c32eac693b32789f5f6942627b6d4e737f268c104f8656666ac8715893edf96fe3466a4392aa90cbb42c28c44a7fd56ddc8c359b44e13e14dba5049,,08/25/2025 07:50:00 AM,20,NO CONTROLS,NO CONTROLS,CLEAR,DAYLIGHT,PARKED MOTOR VEHICLE,ONE-WAY,,STRAIGHT AND LEVEL,DRY,NO DEFECTS,ON SCENE,NO INJURY / DRIVE AWAY,N,,,"$501 - $1,500",08/25/2025 07:53:00 AM,UNABLE TO DETERMINE,UNABLE TO DETERMINE,3230,W,53RD ST,822,,,,,,,2,NO INDICATION OF INJURY,0,0,0,0,0,8,0,7,2,8,41.7972600685,-87.7048274986,POINT (-87.704827498562 41.79726006853)
6d9c4efaad42f2ab341976d90b9d2a04bbb2e7357f8c1fe2e060b633782ca961cbbe2c6195b02ce57bd2621ead0dc9b7b8d51fd1818fcefa514ae54de9181b8c,,08/25/2025 07:50:00 AM,30,NO CONTROLS,NO CONTROLS,CLEAR,DAYLIGHT,PARKED MOTOR VEHICLE,ONE-WAY,,STRAIGHT AND LEVEL,DRY,NO DEFECTS,NOT ON SCENE (DESK REPORT),NO INJURY / DRIVE AWAY,,,Y,"$501 - $1,500",08/25/2025 08:00:00 AM,UNABLE TO DETERMINE,UNABLE TO DETERMINE,1340,W,ALBION AVE,2432,,,,,,,2,NO INDICATION OF INJURY,0,0,0,0,0,1,0,7,2,8,42.0025354745,-87.6652243139,POINT (-87.665224313904 42.002535474524)
351db27ef5dff7570cb4ee461fdba4272fa074af7b82c810cb38e0d1efe4c46292b1ea5af11e063ac5c7e01390f56004c537b65e386266760405b0827b7a3195,,08/25/2025 07:45:00 AM,30,TRAFFIC SIGNAL,FUNCTIONING PROPERLY,CLEAR,DAYLIGHT,REAR END,DIVIDED - W/MEDIAN (NOT RAISED),,STRAIGHT AND LEVEL,DRY,NO DEFECTS,ON SCENE,INJURY AND / OR TOW DUE TO CRASH,,,,"OVER $1,500",08/25/2025 07:45:00 AM,IMPROPER OVERTAKING/PASSING,NOT APPLICABLE,652,N,WELLS ST,1831,,,,,,,2,INCAPACITATING INJURY,3,0,1,0,2,0,0,7,2,8,41.893946913,-87.6342786334,POINT (-87.634278633359 41.893946913021)
878babafa8f6177607d8403cba952764919a8848bd31d35000b946688362616391673e2c72ffc3d9eb5448c850f5017149a5296c37e5ff56bb504176425ac9d1,,08/25/2025 07:45:00 AM,30,NO CONTROLS,NO CONTROLS,CLEAR,DAYLIGHT,TURNING,NOT DIVIDED,,STRAIGHT AND LEVEL,DRY,UNKNOWN,ON SCENE,INJURY AND / OR TOW DUE TO CRASH,,,,"OVER $1,500",08/25/2025 07:50:00 AM,UNABLE TO DETERMINE,UNABLE TO DETERMINE,3545,W,55TH ST,822,,,,,,,2,"REPORTED, NOT EVIDENT",1,0,0,0,1,1,0,7,2,8,41.793263546,-87.7127598865,POINT (-87.712759886508 41.793263545955)
586393e5cb7efc0dd120b2749c3ee3f5f45f76d4e686f2ca4cee89786269c7b008504afe577a1e84d8a32af3cee73706a7485a5418927522c25b28a985a4ef83,,08/25/2025 07:37:00 AM,30,STOP SIGN/FLASHER,FUNCTIONING PROPERLY,CLEAR,DAYLIGHT,ANGLE,FOUR WAY,,STRAIGHT AND LEVEL,DRY,NO DEFECTS,ON SCENE,INJURY AND / OR TOW DUE TO CRASH,Y,,,"OVER $1,500",08/25/2025 07:47:00 AM,UNABLE TO DETERMINE,UNABLE TO DETERMINE,11100,S,THROOP ST,2234,,,,,,,2,"REPORTED, NOT EVIDENT",1,0,0,0,1,1,0,7,2,8,41.6921620042,-87.6546828762,POINT (-87.654682876231 41.69216200424)
262a459155cc050bc05defed1a2f21278127b06e0767b7558c04afec29b9bbe32ea3919f70a29a6949235d4c4b62cda531886e893ee16f70442a3849f73bbde0,,08/25/2025 07:32:00 AM,30,NO CONTROLS,NO CONTROLS,CLEAR,DAYLIGHT,SIDESWIPE SAME DIRECTION,DIVIDED - W/MEDIAN (NOT RAISED),,STRAIGHT AND LEVEL,DRY,NO DEFECTS,NOT ON SCENE (DESK REPORT),NO INJURY / DRIVE AWAY,,,,"OVER $1,500",08/25/2025 08:15:00 AM,UNABLE TO DETERMINE,UNABLE TO DETERMINE,4812,N,PULASKI RD,1712,,,,,,,2,NO INDICATION OF INJURY,0,0,0,0,0,2,0,7,2,8,41.9686738578,-87.7281881568,POINT (-87.728188156829 41.968673857757)
5784bc5c34869120539663e007db9ae0896d9de470f96a11632e18a5fdbea62e174b95d3b07ad9c2f6d3a792640320e6720095eb77bb8f4ceab71bd510e36494,,08/25/2025 07:30:00 AM,30,NO CONTROLS,NO CONTROLS,CLEAR,DAYLIGHT,SIDESWIPE SAME DIRECTION,NOT DIVIDED,,STRAIGHT AND LEVEL,DRY,NO DEFECTS,ON SCENE,NO INJURY / DRIVE AWAY,,,Y,"$501 - $1,500",08/25/2025 07:56:00 AM,IMPROPER OVERTAKING/PASSING,IMPROPER LANE USAGE,5501,S,LOWE AVE,711,,,,,,,2,NO INDICATION OF INJURY,0,0,0,0,0,2,0,7,2,8,41.7939374033,-87.6413556651,POINT (-87.641355665091 41.793937403338)
94759f76d5b7c302699b39d6149034344e30fc887e3f6f18c55e1a377fec23878cbc18629160b8435e21e5576d3d120af68f810e86a61704520f5a6081ede1a2,,08/25/2025 07:20:00 AM,30,TRAFFIC SIGNAL,FUNCTIONING PROPERLY,CLEAR,DAYLIGHT,REAR END,DIVIDED - W/MEDIAN (NOT RAISED),,STRAIGHT AND LEVEL,DRY,NO DEFECTS,ON SCENE,INJURY AND / OR TOW DUE TO CRASH,,,,"OVER $1,500",08/25/2025 07:24:00 AM,FOLLOWING TOO CLOSELY,FOLLOWING TOO CLOSELY,7400,W,TOUHY AVE,1611,,,,,,,3,NO INDICATION OF INJURY,0,0,0,0,0,3,0,7,2,8,42.0116933351,-87.8115716736,POINT (-87.811571673569 42.011693335091)
5e7258b9b209a05a19a9310603d69121e703676503f20c8339a2f825c31b3eb4a38ebb46fb3b258e7e19f47dcb6461c2638c1c0b63fc82e1e1208602e7aeb0e8,,08/25/2025 07:15:00 AM,30,NO CONTROLS,NO CONTROLS,CLEAR,DAYLIGHT,TURNING,DIVIDED - W/MEDIAN (NOT RAISED),,STRAIGHT AND LEVEL,DRY,NO DEFECTS,NOT ON SCENE (DESK REPORT),NO INJURY / DRIVE AWAY,,,,"$501 - $1,500",08/25/2025 11:15:00 AM,IMPROPER TURNING/NO SIGNAL,FAILING TO YIELD RIGHT-OF-WAY,6232,W,BRYN MAWR AVE,1622,,,,,,,2,NO INDICATION OF INJURY,0,0,0,0,0,2,0,7,2,8,41.9830174373,-87.7840105578,POINT (-87.784010557773 41.983017437349)
b42964522ec2233fbeab0412c2647e76b5df563e5a5abb8cc7ce1f698269f291fd188b9a61f159ed728c9e0cff8cf3772be39259fff19684dd0893d8314b9b8c,,08/25/2025 07:15:00 AM,30,NO CONTROLS,NO CONTROLS,CLEAR,DAYLIGHT,REAR END,ONE-WAY,,STRAIGHT AND LEVEL,DRY,UNKNOWN,NOT ON SCENE (DESK REPORT),NO INJURY / DRIVE AWAY,,,,"$501 - $1,500",08/25/2025 07:40:00 AM,UNABLE TO DETERMINE,UNABLE TO DETERMINE,819,W,99TH ST,2232,,,,,,,3,NO INDICATION OF INJURY,0,0,0,0,0,3,0,7,2,8,41.7140949165,-87.6438301194,POINT (-87.643830119387 41.714094916499)
bea1b26a073eb2fb48c3aecfb7c1747b1c645ad9d1483fbf2e6769e7d03d100a4eac185841e6e67b3df5d94fe68a4478c91c25adce68aa8b5499fc972b07af96,,08/25/2025 07:15:00 AM,30,TRAFFIC SIGNAL,FUNCTIONING PROPERLY,CLEAR,DAYLIGHT,TURNING,DIVIDED - W/MEDIAN (NOT RAISED),,STRAIGHT AND LEVEL,DRY,NO DEFECTS,NOT ON SCENE (DESK REPORT),NO INJURY / DRIVE AWAY,Y,,,"OVER $1,500",08/25/2025 08:03:00 AM,IMPROPER LANE USAGE,IMPROPER TURNING/NO SIGNAL,100,E,BALBO DR,114,,,,,,,2,NO INDICATION OF INJURY,0,0,0,0,0,2,0,7,2,8,41.8732724218,-87.6241252646,POINT (-87.62412526457 41.873272421845)
c1f66f828ceb0e3f84b6ca245b844df174059be2435e76f3446fdb016cd957d568a1cfebd2d30cde61a5b5d54499a8091ce617e1ffd048a6307e2b3c2896cf82,,08/25/2025 07:15:00 AM,20,STOP SIGN/FLASHER,FUNCTIONING PROPERLY,CLEAR,DAYLIGHT,REAR END,ONE-WAY,,STRAIGHT AND LEVEL,DRY,NO DEFECTS,NOT ON SCENE (DESK REPORT),NO INJURY / DRIVE AWAY,,,,"OVER $1,500",08/25/2025 07:25:00 AM,UNABLE TO DETERMINE,UNABLE TO DETERMINE,2401,W,BALMORAL AVE,2011,,,,,,,2,NO INDICATION OF INJURY,0,0,0,0,0,2,0,7,2,8,41.9794140877,-87.6893548314,POINT (-87.689354831406 41.979414087666)
728d078b11459aa28b062a6758801ae1bfe5decf2554bd72718e98a35ffe9e043313a18be97ae52d441aa82c0d63632845e53bc6948086001ba956f9ab40c10a,,08/25/2025 07:14:00 AM,30,NO CONTROLS,NO CONTROLS,CLEAR,DAYLIGHT,PARKED MOTOR VEHICLE,NOT DIVIDED,,STRAIGHT AND LEVEL,DRY,NO DEFECTS,ON SCENE,NO INJURY / DRIVE AWAY,,,,"$501 - $1,500",08/25/2025 07:15:00 AM,UNABLE TO DETERMINE,UNABLE TO DETERMINE,4631,W,PALMER ST,2522,,,,,,,2,NO INDICATION OF INJURY,0,0,0,0,0,1,0,7,2,8,41.9205175675,-87.7428555912,POINT (-87.74285559119 41.92051756747)
906d9aa70d413f6460d9d14e18ad02b637159b092634cd0ab0ac8952bae434e2dfb883607948a607c7544e59a45363e3c2a6f1192c97f8add4c3feadd2819679,,08/25/2025 07:05:00 AM,35,TRAFFIC SIGNAL,FUNCTIONING PROPERLY,CLEAR,DAYLIGHT,SIDESWIPE SAME DIRECTION,DIVIDED - W/MEDIAN (NOT RAISED),,STRAIGHT AND LEVEL,DRY,UNKNOWN,NOT ON SCENE (DESK REPORT),NO INJURY / DRIVE AWAY,Y,,Y,"$501 - $1,500",08/25/2025 08:45:00 AM,UNABLE TO DETERMINE,UNABLE TO DETERMINE,11100,S,HALSTED ST,2233,,,,,,,2,NO INDICATION OF INJURY,0,0,0,0,0,2,0,7,2,8,41.6922631234,-87.6425226876,POINT (-87.642522687627 41.692263123425)
6bdc0666fb44509bd5cb34280933cd96fa9e0b27c16f25ab8239587656c9edf80e7ce2307c11cb9b4c1317602602a40c3f1f9e2db1b1455d7d5dd186c284e02c,,08/25/2025 07:00:00 AM,30,UNKNOWN,UNKNOWN,UNKNOWN,DAYLIGHT,SIDESWIPE SAME DIRECTION,NOT DIVIDED,,STRAIGHT AND LEVEL,UNKNOWN,UNKNOWN,NOT ON SCENE (DESK REPORT),NO INJURY / DRIVE AWAY,,,,"$501 - $1,500",08/25/2025 07:25:00 AM,UNABLE TO DETERMINE,NOT APPLICABLE,7410,S,WESTERN AVE,835,,,,,,,2,NO INDICATION OF INJURY,0,0,0,0,0,2,0,7,2,8,41.7588048752,-87.6832332505,POINT (-87.683233250533 41.758804875182)
0d1f0a6b50e8e46d1be61adea06b1539a52e4b1b72bfcd0b5e77d181ae22b7ce30bc85972a5ba14a3dc7cd441a180196f7b6e729f3fa1f0dedc4eafe219ad337,,08/25/2025 06:58:00 AM,20,NO CONTROLS,NO CONTROLS,CLEAR,DAYLIGHT,PARKED MOTOR VEHICLE,DIVIDED - W/MEDIAN (NOT RAISED),,STRAIGHT AND LEVEL,DRY,NO DEFECTS,ON SCENE,NO INJURY / DRIVE AWAY,,,,"OVER $1,500",08/25/2025 07:04:00 AM,UNABLE TO DETERMINE,UNABLE TO DETERMINE,5133,N,CHESTER AVE,1614,,,,,,,2,NO INDICATION OF INJURY,0,0,0,0,0,1,0,6,2,8,41.9730012314,-87.8382704195,POINT (-87.838270419479 41.973001231368)
252d406ab11ec0cc23c81ec1dc82d3ee2d150a0cf1b36cbe1acd9344b4be579e72394303a8b994c90d6e9633470c31be2eed71e80c949e3ce5fa7fb2dc2ca614,,08/25/2025 06:45:00 AM,30,NO CONTROLS,NO CONTROLS,CLEAR,DAYLIGHT,PARKED MOTOR VEHICLE,PARKING LOT,,STRAIGHT AND LEVEL,DRY,NO DEFECTS,ON SCENE,NO INJURY / DRIVE AWAY,,,Y,"OVER $1,500",08/25/2025 07:10:00 AM,UNABLE TO DETERMINE,UNABLE TO DETERMINE,2417,W,TAYLOR ST,1135,,,,,,,2,NO INDICATION OF INJURY,0,0,0,0,0,1,0,6,2,8,41.8692249114,-87.6868365972,POINT (-87.686836597172 41.86922491137)
0251b45b26e8a6a50e496e5cc31e4eb6a4c5ef64e4e08c9ba66a8606ffd5e6f32bf6484f477b0b1fd2978ed78cda7891578ee59a80f2b35fc16dda2037bd90ef,,08/25/2025 06:40:00 AM,30,NO CONTROLS,NO CONTROLS,CLEAR,DAYLIGHT,ANGLE,DIVIDED - W/MEDIAN (NOT RAISED),,STRAIGHT AND LEVEL,DRY,UNKNOWN,NOT ON SCENE (DESK REPORT),NO INJURY / DRIVE AWAY,,,,"OVER $1,500",08/25/2025 07:00:00 AM,FAILING TO YIELD RIGHT-OF-WAY,UNABLE TO DETERMINE,515,N,WESTERN AVE,1221,,,,,,,2,NO INDICATION OF INJURY,0,0,0,0,0,2,0,6,2,8,41.8911423801,-87.6865592813,POINT (-87.686559281255 41.891142380137)
080fb47b3e22c2d8603b8053a1c07a87ff5d0fc609720c39a724ce7d98ea2b0fd23da68b3a4fb037d465f8cb29f1d026591d34fc4e1d0e2ea93145cbfc1f7ab4,,08/25/2025 06:05:00 AM,30,STOP SIGN/FLASHER,FUNCTIONING PROPERLY,CLEAR,DAYLIGHT,ANGLE,FOUR WAY,,STRAIGHT AND LEVEL,DRY,NO DEFECTS,NOT ON SCENE (DESK REPORT),NO INJURY / DRIVE AWAY,Y,,Y,"OVER $1,500",08/25/2025 08:00:00 AM,DISREGARDING STOP SIGN,FAILING TO YIELD RIGHT-OF-WAY,7600,W,HIGGINS AVE,1612,,,,,,,2,NO INDICATION OF INJURY,0,0,0,0,0,2,0,6,2,8,41.9836482451,-87.8168794786,POINT (-87.816879478559 41.983648245149)
8a0c39c46df10137d2ee60a32aa436b08a8e4e22c0b0803fc2f4e2e750c7fa4f24d47a151bff4561b01fb91989928ac83e95beed723390640b45cc78accfc7dc,,08/25/2025 06:00:00 AM,20,NO CONTROLS,NO CONTROLS,CLEAR,"DARKNESS, LIGHTED ROAD",PARKED MOTOR VEHICLE,NOT DIVIDED,,STRAIGHT AND LEVEL,DRY,NO DEFECTS,,NO INJURY / DRIVE AWAY,,,Y,"OVER $1,500",08/25/2025 06:45:00 AM,UNABLE TO DETERMINE,UNABLE TO DETERMINE,5830,W,62ND ST,812,,,,,,,2,NO INDICATION OF INJURY,0,0,0,0,0,1,0,6,2,8,41.7798809113,-87.7678429249,POINT (-87.767842924889 41.779880911341)
b47adda692ccd8ed79c0567fa81324d831dcc08e58a7d850558fb965e33c9f8ab47f9fab2c7e3b10abd4ef41b253f69f7e55aab384cb954f749c3f1008c728fc,,08/25/2025 05:43:00 AM,35,TRAFFIC SIGNAL,FUNCTIONING PROPERLY,CLEAR,DAYLIGHT,ANGLE,FOUR WAY,,STRAIGHT AND LEVEL,DRY,NO DEFECTS,ON SCENE,NO INJURY / DRIVE AWAY,Y,,,"$501 - $1,500",08/25/2025 05:45:00 AM,NOT APPLICABLE,NOT APPLICABLE,1154,E,61ST ST,235,,,,,,,2,NO INDICATION OF INJURY,0,0,0,0,0,2,0,5,2,8,41.7842646433,-87.5974006149,POINT (-87.597400614909 41.784264643274)
d29eeda396fe5a1b7b9783b5371663cd0b866e2e0b0e942bb76fe3acb886121da5a061f8a4c76afd267d9796c7e0a5dda13b3ce6b06feb3fa062f6ce0ae0bc90,,08/25/2025 05:40:00 AM,30,UNKNOWN,UNKNOWN,CLEAR,UNKNOWN,REAR END,NOT DIVIDED,,STRAIGHT AND LEVEL,UNKNOWN,UNKNOWN,NOT ON SCENE (DESK REPORT),NO INJURY / DRIVE AWAY,,,,"OVER $1,500",08/25/2025 07:10:00 PM,UNABLE TO DETERMINE,UNABLE TO DETERMINE,4098,W,IRVING PARK RD,1722,,,,,,,2,NO INDICATION OF INJURY,0,0,0,0,0,2,0,5,2,8,41.953744762,-87.7291328873,POINT (-87.729132887267 41.95374476202)
fe4f905741ceb6b6d357529c354a8aa3be5f69615884c308af1f068489036d8b46a4e1a3576d5f38dff2cccd43b42994d051cd687d62ff43f7aa044a8689234f,,08/25/2025 05:30:00 AM,35,TRAFFIC SIGNAL,FUNCTIONING PROPERLY,CLEAR,"DARKNESS, LIGHTED ROAD",REAR END,DIVIDED - W/MEDIAN (NOT RAISED),,STRAIGHT AND LEVEL,DRY,NO DEFECTS,NOT ON SCENE (DESK REPORT),NO INJURY / DRIVE AWAY,,,,"OVER $1,500",08/25/2025 07:22:00 PM,FOLLOWING TOO CLOSELY,NOT APPLICABLE,4165,W,IRVING PARK RD,1732,,,,,,,2,NO INDICATION OF INJURY,0,0,0,0,0,2,0,5,2,8,41.9534998675,-87.7316303276,POINT (-87.731630327611 41.953499867483)
290789c7ebe8902be53387acaaa68205d21405ff95cb58dad461780749b3d621f7e5304774c3ad9cc8e85127b8b0b7991739e779ae562f79cf53cd00915a4f1e,,08/25/2025 04:45:00 AM,30,STOP SIGN/FLASHER,FUNCTIONING PROPERLY,CLEAR,DARKNESS,PEDESTRIAN,NOT DIVIDED,,STRAIGHT AND LEVEL,DRY,NO DEFECTS,ON SCENE,INJURY AND / OR TOW DUE TO CRASH,Y,,,"OVER $1,500",08/25/2025 04:48:00 AM,FAILING TO YIELD RIGHT-OF-WAY,UNABLE TO DETERMINE,4700,S,KOLIN AVE,815,,,,,,,2,NONINCAPACITATING INJURY,1,0,0,1,0,1,0,4,2,8,41.8076681626,-87.732299,POINT (-87.732299000022 41.807668162566)
3a014546b3b9a17b834056b98693e2c6415c17e2a73d29dc54f0ef1dc34aaddf082cfe7d4e03622dd8a5ab6d63d989cd55aab9eac7628fc9cd803a5acb18d676,,08/25/2025 04:45:00 AM,25,NO CONTROLS,NO CONTROLS,CLEAR,"DARKNESS, LIGHTED ROAD",PARKED MOTOR VEHICLE,ONE-WAY,,STRAIGHT AND LEVEL,DRY,NO DEFECTS,NOT ON SCENE (DESK REPORT),NO INJURY / DRIVE AWAY,,,Y,"$501 - $1,500",08/25/2025 03:34:00 PM,DRIVING SKILLS/KNOWLEDGE/EXPERIENCE,NOT APPLICABLE,1125,N,AVERS AVE,1112,,,,,,,2,NO INDICATION OF INJURY,0,0,0,0,0,1,0,4,2,8,41.9016510695,-87.7224651359,POINT (-87.722465135883 41.901651069548)
65299beaa1b52e60f21c715d8265d62da59d86731535c29d4b6c9a9fd32480d5046195f9c146553d94e16c4703f4296092d81ea07f179a0f3c3e01b917e95187,,08/25/2025 04:00:00 AM,25,NO CONTROLS,NO CONTROLS,CLEAR,DAYLIGHT,PARKED MOTOR VEHICLE,ONE-WAY,,STRAIGHT AND LEVEL,DRY,UNKNOWN,NOT ON SCENE (DESK REPORT),NO INJURY / DRIVE AWAY,,,Y,"OVER $1,500",08/25/2025 02:00:00 PM,UNABLE TO DETERMINE,UNABLE TO DETERMINE,2858,S,KEELER AVE,1031,,,,,,,2,NO INDICATION OF INJURY,0,0,0,0,0,1,0,4,2,8,41.8387586346,-87.7294104483,POINT (-87.729410448264 41.838758634569)
961f1ccac222346220881244ebac238c93b35fc531a5f270383b875e6f872ecd27266fbde048396a33fc8a606664a9e3a5a6345f4e86cc01a48438cb37e524cc,,08/25/2025 04:00:00 AM,30,NO CONTROLS,NO CONTROLS,CLEAR,"DARKNESS, LIGHTED ROAD",PARKED MOTOR VEHICLE,DIVIDED - W/MEDIAN (NOT RAISED),,STRAIGHT AND LEVEL,DRY,NO DEFECTS,,NO INJURY / DRIVE AWAY,,,Y,"OVER $1,500",08/25/2025 09:20:00 AM,NOT APPLICABLE,UNABLE TO DETERMINE,2641,S,CALUMET AVE,133,,,,,,,2,NO INDICATION OF INJURY,0,0,0,0,0,1,0,4,2,8,41.844564717,-87.6186876308,POINT (-87.618687630775 41.844564717018)
3a32498171e0008199d5d7e76da3fbd5a121048176c6357da77d6fd9d9fc642d734e974d8d186a815f576b5c99f28617b0e0fdf04a4819a1d8c9e14aa1410dfc,,08/25/2025 03:49:00 AM,30,NO CONTROLS,NO CONTROLS,CLEAR,"DARKNESS, LIGHTED ROAD",PARKED MOTOR VEHICLE,NOT DIVIDED,,STRAIGHT AND LEVEL,DRY,NO DEFECTS,ON SCENE,NO INJURY / DRIVE AWAY,,,Y,"OVER $1,500",08/25/2025 03:51:00 AM,UNABLE TO DETERMINE,UNABLE TO DETERMINE,2436,W,83RD ST,835,,,,,,,3,NO INDICATION OF INJURY,0,0,0,0,0,1,0,3,2,8,41.7429023998,-87.6841931044,POINT (-87.684193104378 41.74290239981)