CRASH_RECORD_ID,CRASH_DATE_EST_I,CRASH_DATE,POSTED_SPEED_LIMIT,TRAFFIC_CONTROL_DEVICE,DEVICE_CONDITION,WEATHER_CONDITION,LIGHTING_CONDITION,FIRST_CRASH_TYPE,TRAFFICWAY_TYPE,LANE_CNT,ALIGNMENT,ROADWAY_SURFACE_COND,ROAD_DEFECT,REPORT_TYPE,CRASH_TYPE,INTERSECTION_RELATED_I,NOT_RIGHT_OF_WAY_I,HIT_AND_RUN_I,DAMAGE,DATE_POLICE_NOTIFIED,PRIM_CONTRIBUTORY_CAUSE,SEC_CONTRIBUTORY_CAUSE,STREET_NO,STREET_DIRECTION,STREET_NAME,BEAT_OF_OCCURRENCE,PHOTOS_TAKEN_I,STATEMENTS_TAKEN_I,DOORING_I,WORK_ZONE_I,WORK_ZONE_TYPE,WORKERS_PRESENT_I,NUM_UNITS,MOST_SEVERE_INJURY,INJURIES_TOTAL,INJURIES_FATAL,INJURIES_INCAPACITATING,INJURIES_NON_INCAPACITATING,INJURIES_REPORTED_NOT_EVIDENT,INJURIES_NO_INDICATION,INJURIES_UNKNOWN,CRASH_HOUR,CRASH_DAY_OF_WEEK,CRASH_MONTH,LATITUDE,LONGITUDE,LOCATION
a570448b63a13a8ab8c977ce1cc6c32de3bf4dcb9c96535d0958348e02f8e969703aa52e9ff720a0d2ba9f640faf4f424a9b6ae46c89970eee4b954eb915a05f,,08/25/2025 03:30:00 AM,30,NO CONTROLS,NO CONTROLS,CLEAR,DAYLIGHT,SIDESWIPE SAME DIRECTION,DIVIDED - W/MEDIAN (NOT RAISED),,STRAIGHT AND LEVEL,DRY,NO DEFECTS,NOT ON SCENE (DESK REPORT),NO INJURY / DRIVE AWAY,,,,"$501 - $1,500",08/25/2025 04:00:00 AM,UNABLE TO DETERMINE,NOT APPLICABLE,4700,S,PULASKI RD,815,,,,,,,2,NO INDICATION OF INJURY,0,0,0,0,0,2,0,3,2,8,41.8077887691,-87.7237303316,POINT (-87.72373033158 41.807788769095)
eb1674f0f523405173e56e81e1ad28eb3d2a1a6a231f930ab2ffcfb145c085c868f384e69b1f13ccf1390910f39dd233cd037afb320cb6d802de5eecdc461121,,08/25/2025 02:34:00 AM,30,NO CONTROLS,NO CONTROLS,CLEAR,DARKNESS,PARKED MOTOR VEHICLE,ONE-WAY,,STRAIGHT AND LEVEL,DRY,UNKNOWN,ON SCENE,NO INJURY / DRIVE AWAY,,,Y,"OVER $1,500",08/25/2025 02:54:00 AM,UNABLE TO DETERMINE,UNABLE TO DETERMINE,4135,W,25TH PL,1013,,,,,,,3,NO INDICATION OF INJURY,0,0,0,0,0,1,0,2,2,8,41.8450140905,-87.7277360429,POINT (-87.727736042943 41.845014090453)
0af14da59ef385b90259006ee3641387163263b78206fba8d6add327ad83905e009a6ccc16d1e683b7fa24aeac8ac9d69638a290ecef0ba262d4a45f6382b98b,,08/25/2025 02:00:00 AM,30,TRAFFIC SIGNAL,FUNCTIONING PROPERLY,CLEAR,"DARKNESS, LIGHTED ROAD",TURNING,DIVIDED - W/MEDIAN BARRIER,,STRAIGHT AND LEVEL,DRY,NO DEFECTS,ON SCENE,NO INJURY / DRIVE AWAY,,,,"OVER $1,500",08/25/2025 02:00:00 AM,UNABLE TO DETERMINE,UNDER THE INFLUENCE OF ALCOHOL/DRUGS (USE WHEN ARREST IS EFFECTED),650,S,CICERO AVE,1533,,,,,,,2,NO INDICATION OF INJURY,0,0,0,0,0,2,0,2,2,8,41.8720821389,-87.7450795354,POINT (-87.745079535402 41.87208213885)
b8edb44ba1bae152f20e977329ab9be2c843742f5ae966b449aa5fa58089eec2877d80cb0cbc36e73c9fbf92583c6da6b0e8b5c647b564d2d7411b880ad8664c,,08/25/2025 02:00:00 AM,25,UNKNOWN,UNKNOWN,UNKNOWN,UNKNOWN,PARKED MOTOR VEHICLE,NOT DIVIDED,,STRAIGHT AND LEVEL,UNKNOWN,UNKNOWN,NOT ON SCENE (DESK REPORT),NO INJURY / DRIVE AWAY,,,Y,"OVER $1,500",08/25/2025 01:20:00 PM,UNABLE TO DETERMINE,NOT APPLICABLE,2500,N,PULASKI RD,2524,,,,,,,2,NO INDICATION OF INJURY,0,0,0,0,0,1,0,2,2,8,41.9264095753,-87.7269715847,POINT (-87.726971584675 41.926409575286)
6d99601b4ff87081465ded5b7e7430ef58faa6b077fcabb49a8b4eca20461bad7eea2a4146b2f5b3785946bd35c3d0147cab017cebc5a8bc56cf318d90c0a912,,08/25/2025 01:50:00 AM,15,NO CONTROLS,NO CONTROLS,CLEAR,"DARKNESS, LIGHTED ROAD",FIXED OBJECT,ONE-WAY,,STRAIGHT AND LEVEL,DRY,NO DEFECTS,,INJURY AND / OR TOW DUE TO CRASH,,,Y,"OVER $1,500",08/25/2025 01:55:00 AM,UNABLE TO DETERMINE,UNABLE TO DETERMINE,5031,N,NEW ENGLAND AVE,1613,,,,,,,1,NONINCAPACITATING INJURY,1,0,0,1,0,1,0,1,2,8,41.9727110545,-87.7988810441,POINT (-87.798881044124 41.972711054511)
333d501ecdc871b779c443af2ef355536863e8ce97553d9e343b3824c3f15d6edc9cb0b6603a199f1a3915fc563170257be7ee88e0a8fee5871e38cc90043a10,,08/25/2025 01:45:00 AM,25,NO CONTROLS,NO CONTROLS,CLEAR,DARKNESS,REAR END,NOT DIVIDED,,STRAIGHT AND LEVEL,DRY,NO DEFECTS,ON SCENE,INJURY AND / OR TOW DUE TO CRASH,,,Y,"OVER $1,500",08/25/2025 01:45:00 AM,UNABLE TO DETERMINE,UNABLE TO DETERMINE,1253,W,63RD ST,724,,,,,,,2,NONINCAPACITATING INJURY,1,0,0,1,0,1,0,1,2,8,41.7794708445,-87.6566208206,POINT (-87.656620820626 41.779470844515)
7cc289583d788250cc694e19deb243f39ec6b8b851df5dd5dc277baa10044aa0cfaf2210e306af6391547ede36dd25b224db6464f92823b87b829b3c1f7ac46d,,08/25/2025 01:25:00 AM,30,STOP SIGN/FLASHER,FUNCTIONING PROPERLY,UNKNOWN,UNKNOWN,ANGLE,FOUR WAY,,STRAIGHT AND LEVEL,UNKNOWN,UNKNOWN,ON SCENE,INJURY AND / OR TOW DUE TO CRASH,Y,,,"OVER $1,500",08/25/2025 01:28:00 AM,UNABLE TO DETERMINE,NOT APPLICABLE,7600,S,OGLESBY AVE,414,,,,,,,2,"REPORTED, NOT EVIDENT",1,0,0,0,1,1,0,1,2,8,41.7570657083,-87.5677009863,POINT (-87.567700986336 41.757065708313)
ccdbcfa9bd518d088b6e2fa95c3fcfb2f9c7d545a6728ebd48cd1692284cbce25f8bdd5bff6b1e257d47c6e76adde7e2670af5c7682810329eba4b8666aabb3b,,08/25/2025 01:07:00 AM,30,TRAFFIC SIGNAL,FUNCTIONING PROPERLY,CLEAR,"DARKNESS, LIGHTED ROAD",REAR END,UNKNOWN,,STRAIGHT AND LEVEL,DRY,NO DEFECTS,NOT ON SCENE (DESK REPORT),NO INJURY / DRIVE AWAY,,,,"$501 - $1,500",08/25/2025 11:50:00 AM,UNABLE TO DETERMINE,UNABLE TO DETERMINE,2201,N,CLARK ST,1814,,,,,,,2,NO INDICATION OF INJURY,0,0,0,0,0,3,0,1,2,8,41.9220877318,-87.6381894107,POINT (-87.638189410673 41.922087731832)
2802324da3111be39275c13a0534977d1aa481c91135d341826d4743bb0ed89fcd5e59b52661289fc0a516d6f65fe77b1faacafa66a843752fafc840bb5d2aba,,08/25/2025 12:30:00 AM,30,NO CONTROLS,NO CONTROLS,CLEAR,DARKNESS,PARKED MOTOR VEHICLE,ONE-WAY,,STRAIGHT AND LEVEL,DRY,NO DEFECTS,ON SCENE,NO INJURY / DRIVE AWAY,,,Y,"$501 - $1,500",08/25/2025 12:59:00 AM,UNABLE TO DETERMINE,NOT APPLICABLE,7126,S,VERNON AVE,323,,,,,,,2,NO INDICATION OF INJURY,0,0,0,0,0,1,0,0,2,8,41.7649016233,-87.6141850218,POINT (-87.614185021775 41.76490162331)
e5f28fb1f6138fceea839f447fcd0008b4ae782dd85ce9be908ff4915f905a2a02d6ca759c46a1315154a2385383e8a2bc13a4a78b0334756bca1f696e808ab7,,08/25/2025 12:30:00 AM,35,STOP SIGN/FLASHER,NO CONTROLS,CLEAR,"DARKNESS, LIGHTED ROAD",PARKED MOTOR VEHICLE,ONE-WAY,,STRAIGHT AND LEVEL,DRY,NO DEFECTS,NOT ON SCENE (DESK REPORT),NO INJURY / DRIVE AWAY,,,Y,"OVER $1,500",08/25/2025 01:40:00 PM,IMPROPER OVERTAKING/PASSING,UNABLE TO DETERMINE,8150,S,GREEN ST,613,,,,,,,2,NO INDICATION OF INJURY,0,0,0,0,0,1,0,0,2,8,41.7454732991,-87.6452539647,POINT (-87.645253964735 41.745473299098)
0039a1cd0a96350afa38efeffc665308f962584389080c17f64a7039314f41c6ddcfac3bc081fc7b5705ddb3e5f70392bca92e906913e0c690fb8e3b3c73ee33,N,08/25/2025 12:19:00 AM,35,UNKNOWN,FUNCTIONING PROPERLY,CLEAR,DARKNESS,FIXED OBJECT,ONE-WAY,,STRAIGHT AND LEVEL,DRY,UNKNOWN,ON SCENE,NO INJURY / DRIVE AWAY,,,,"OVER $1,500",08/25/2025 12:25:00 AM,IMPROPER TURNING/NO SIGNAL,NOT APPLICABLE,134,S,WABASH AVE,112,,,,,,,1,NO INDICATION OF INJURY,0,0,0,0,0,2,0,0,2,8,41.8799470599,-87.6262903102,POINT (-87.626290310204 41.879947059909)
17a12c785d722ac3cfb7c6e3caffd01869aa3cdbb6311377828d605609ad9033f03ee677708b8be30281f3951b941e0aa3ead3b8074dd0620ba49afa38004be3,Y,08/25/2025 12:00:00 AM,30,NO CONTROLS,NO CONTROLS,CLEAR,"DARKNESS, LIGHTED ROAD",PARKED MOTOR VEHICLE,ONE-WAY,,STRAIGHT AND LEVEL,DRY,NO DEFECTS,ON SCENE,NO INJURY / DRIVE AWAY,,,Y,"OVER $1,500",08/25/2025 04:08:00 PM,FAILING TO REDUCE SPEED TO AVOID CRASH,UNABLE TO DETERMINE,3205,W,66TH ST,831,,,,,,,2,NO INDICATION OF INJURY,0,0,0,0,0,1,0,0,2,8,41.7733985242,-87.7032781441,POINT (-87.703278144068 41.773398524227)
3739e7bb352b49b0fc001457cf363644eae5e8c0db5961b32e438bd2b6fc03d46f1fd92b01acd79653aedf321d5658133c4877ad21ee36d6c81400f645e0ef14,,08/25/2025 12:00:00 AM,30,NO CONTROLS,NO CONTROLS,CLEAR,"DARKNESS, LIGHTED ROAD",PARKED MOTOR VEHICLE,NOT DIVIDED,,STRAIGHT AND LEVEL,DRY,NO DEFECTS,ON SCENE,INJURY AND / OR TOW DUE TO CRASH,,,Y,"OVER $1,500",08/25/2025 09:45:00 AM,UNABLE TO DETERMINE,UNABLE TO DETERMINE,1324,S,KEDZIE AVE,1022,,,,,,,2,NO INDICATION OF INJURY,0,0,0,0,0,1,0,0,2,8,41.8637660109,-87.7057413438,POINT (-87.705741343848 41.863766010941)
eab0a83db8afbff31b719482b8a784683ad28b540539d7f477b65aafc436a9e7158b5c96ec97cb509e974a98c413c412688fbadd5967d0fe4867c59f85a68372,Y,08/24/2025 11:52:00 PM,30,NO CONTROLS,NO CONTROLS,CLEAR,"DARKNESS, LIGHTED ROAD",PARKED MOTOR VEHICLE,NOT DIVIDED,,STRAIGHT AND LEVEL,DRY,NO DEFECTS,ON SCENE,NO INJURY / DRIVE AWAY,,,Y,"OVER $1,500",08/24/2025 11:57:00 PM,UNABLE TO DETERMINE,NOT APPLICABLE,9202,S,ASHLAND AVE,2221,,,,,,,2,NO INDICATION OF INJURY,0,0,0,0,0,1,0,23,1,8,41.7265176947,-87.6629494819,POINT (-87.662949481936 41.726517694717)
7f9346295040c392d9df5997cfed53d7f62c69b562ff2126a36b1d6eec8446ada250de52fb490a1674f683689053a6b125bd2475249d277e275da8ef30b4d2fe,,08/24/2025 11:12:00 PM,25,NO CONTROLS,NO CONTROLS,CLEAR,"DARKNESS, LIGHTED ROAD",PARKED MOTOR VEHICLE,NOT DIVIDED,,STRAIGHT AND LEVEL,DRY,NO DEFECTS,ON SCENE,INJURY AND / OR TOW DUE TO CRASH,,,,"OVER $1,500",08/24/2025 11:16:00 PM,UNDER THE INFLUENCE OF ALCOHOL/DRUGS (USE WHEN ARREST IS EFFECTED),NOT APPLICABLE,4311,W,31ST ST,1031,,,,,,,2,NO INDICATION OF INJURY,0,0,0,0,0,2,0,23,1,8,41.8366871074,-87.7321532032,POINT (-87.732153203223 41.836687107448)
4f12ae9b018d880a21935f280f807c91c39f165142eecd6f3d4445814b8d8c2c71681fba764cac2db54ecb747a0d9ed712bc850935a71d5e34939fa582346265,,08/24/2025 11:02:00 PM,35,TRAFFIC SIGNAL,FUNCTIONING PROPERLY,CLEAR,"DARKNESS, LIGHTED ROAD",TURNING,FOUR WAY,,STRAIGHT AND LEVEL,DRY,NO DEFECTS,NOT ON SCENE (DESK REPORT),INJURY AND / OR TOW DUE TO CRASH,,,,"OVER $1,500",08/24/2025 11:35:00 PM,UNABLE TO DETERMINE,UNABLE TO DETERMINE,6300,S,CICERO AVE,813,,,,,,,2,NO INDICATION OF INJURY,0,0,0,0,0,2,0,23,1,8,41.7783353905,-87.7424364942,POINT (-87.74243649416 41.778335390453)
b7cd3f46c32845387542669c1d8cf41c4367dee99cc6f74d21600a103f3a8dab5dc274f08cdb9b2eac818a245896d6801e428d167293534664fe94de0450c2d8,Y,08/24/2025 11:00:00 PM,30,NO CONTROLS,NO CONTROLS,CLEAR,"DARKNESS, LIGHTED ROAD",PARKED MOTOR VEHICLE,ONE-WAY,,STRAIGHT AND LEVEL,DRY,NO DEFECTS,NOT ON SCENE (DESK REPORT),NO INJURY / DRIVE AWAY,,,Y,"OVER $1,500",08/25/2025 03:50:00 PM,UNABLE TO DETERMINE,NOT APPLICABLE,3003,S,TROY ST,1033,,,,,,,2,NO INDICATION OF INJURY,0,0,0,0,0,1,0,23,1,8,41.838927587,-87.7035017792,POINT (-87.703501779163 41.838927587027)
4e17efac45ff16e13472af4a32d3990f3bcb507cfd9ecfd5a4bc9a58aab1deda7bacbb45f9c17f611b7c89c53a53bb7b00a44326bd972375e1513ab8eb5ab43a,,08/24/2025 10:59:00 PM,30,NO CONTROLS,NO CONTROLS,CLEAR,DARKNESS,PARKED MOTOR VEHICLE,NOT DIVIDED,,STRAIGHT AND LEVEL,DRY,NO DEFECTS,NOT ON SCENE (DESK REPORT),NO INJURY / DRIVE AWAY,,,Y,$500 OR LESS,08/27/2025 03:30:00 PM,FOLLOWING TOO CLOSELY,FAILING TO REDUCE SPEED TO AVOID CRASH,2350,W,CERMAK RD,1234,,,,,,,2,NO INDICATION OF INJURY,0,0,0,0,0,1,0,22,1,8,41.8521428469,-87.685281735,POINT (-87.685281734983 41.852142846872)
c2186e4a03dcc3790f5505a122db49861abd71ac3b9daca8170d7a5985c6e8301b947ab4b758c1bf6792f05fa8abe231fe4b0922a36fa76efeed3d0f77299b47,,08/24/2025 10:55:00 PM,30,NO CONTROLS,NO CONTROLS,CLEAR,"DARKNESS, LIGHTED ROAD",PARKED MOTOR VEHICLE,ONE-WAY,,STRAIGHT AND LEVEL,DRY,UNKNOWN,NOT ON SCENE (DESK REPORT),NO INJURY / DRIVE AWAY,,,Y,"OVER $1,500",08/24/2025 11:15:00 PM,UNABLE TO DETERMINE,UNABLE TO DETERMINE,7629,S,DANTE AVE,411,,,,,,,2,NO INDICATION OF INJURY,0,0,0,0,0,2,0,22,1,8,41.7560354939,-87.5893708509,POINT (-87.589370850888 41.756035493853)
f1ebe820d54bbd74803af627f68e814b2ebe3d1ce5c5f4db619f44ac88f86a182c16e064574ed4ce0b890b662edfa28965678e23d072deaaef4d08310931f0ec,,08/24/2025 10:47:00 PM,30,NO CONTROLS,NO CONTROLS,CLEAR,"DARKNESS, LIGHTED ROAD",TURNING,NOT DIVIDED,,STRAIGHT AND LEVEL,DRY,NO DEFECTS,ON SCENE,NO INJURY / DRIVE AWAY,Y,,,"OVER $1,500",08/24/2025 10:47:00 PM,DISREGARDING OTHER TRAFFIC SIGNS,DRIVING ON WRONG SIDE/WRONG WAY,3031,W,40TH ST,921,,,,,,,2,NO INDICATION OF INJURY,0,0,0,0,0,2,0,22,1,8,41.8207465936,-87.7008022691,POINT (-87.700802269093 41.820746593596)
3846042d8eefce219becbc2d4b1a7cea1dcf3e18ecc65c3448ddab93078d92c75f11298b1f50650513e60586da0c8e81ba62bd3f4d39eaeee00aebedac8c27b0,,08/24/2025 10:45:00 PM,15,STOP SIGN/FLASHER,FUNCTIONING PROPERLY,UNKNOWN,UNKNOWN,ANGLE,FOUR WAY,,STRAIGHT AND LEVEL,UNKNOWN,UNKNOWN,ON SCENE,NO INJURY / DRIVE AWAY,Y,,,"OVER $1,500",08/24/2025 10:47:00 PM,UNABLE TO DETERMINE,NOT APPLICABLE,78,E,68TH ST,322,,,,,,,2,NO INDICATION OF INJURY,0,0,0,0,0,2,0,22,1,8,41.7711405395,-87.6220044932,POINT (-87.622004493166 41.771140539461)
eb80b7f11afec41bcea65eb2a1993eb45fe1f52da3c82de979d572ba160ce5e1050a271ca5ea4fd37da7ec7870896098f693aba39982531a87fee2bb98453b18,,08/24/2025 10:40:00 PM,10,NO CONTROLS,NO CONTROLS,CLEAR,DARKNESS,PEDESTRIAN,ALLEY,,STRAIGHT AND LEVEL,DRY,NO DEFECTS,NOT ON SCENE (DESK REPORT),INJURY AND / OR TOW DUE TO CRASH,,,,"OVER $1,500",08/25/2025 02:29:00 PM,UNABLE TO DETERMINE,NOT APPLICABLE,1216,N,SPRINGFIELD AVE,2535,,,,,,,2,INCAPACITATING INJURY,1,0,1,0,0,1,0,22,1,8,41.9033381353,-87.7240318961,POINT (-87.724031896133 41.903338135308)
303bc0f27ed3dcecc6190a13b5c91d043573c582d3f0a4a6d43afb65a8b2d1ad8dd77f4c57e3b2292d1cc41e46fe231888efc3a0a9ca0166e11862177a35f65f,,08/24/2025 10:30:00 PM,30,UNKNOWN,UNKNOWN,CLEAR,"DARKNESS, LIGHTED ROAD",PARKED MOTOR VEHICLE,NOT DIVIDED,,STRAIGHT AND LEVEL,UNKNOWN,UNKNOWN,NOT ON SCENE (DESK REPORT),NO INJURY / DRIVE AWAY,,,Y,"OVER $1,500",08/25/2025 05:50:00 PM,UNABLE TO DETERMINE,UNABLE TO DETERMINE,1555,N,LA SALLE DR,1821,,,,,,,2,NO INDICATION OF INJURY,0,0,0,0,0,1,0,22,1,8,41.9107386304,-87.6329890316,POINT (-87.63298903165 41.910738630384)
b2b6b6613cb68bf08e5780b3739e267bb5804bbbfa5ddf0b164cb488a70eb41b1faa6f8b36b926a9012044977874322adc24d46410429640a5812f3a71f0e2b8,,08/24/2025 10:25:00 PM,30,STOP SIGN/FLASHER,FUNCTIONING PROPERLY,CLEAR,DARKNESS,ANGLE,FOUR WAY,,STRAIGHT AND LEVEL,DRY,NO DEFECTS,ON SCENE,INJURY AND / OR TOW DUE TO CRASH,,,Y,"OVER $1,500",08/24/2025 10:25:00 PM,UNABLE TO DETERMINE,UNABLE TO DETERMINE,7400,S,DR MARTIN LUTHER KING JR DR,323,,,,,,,2,NO INDICATION OF INJURY,0,0,0,0,0,6,0,22,1,8,41.7601403748,-87.6153087718,POINT (-87.61530877184 41.760140374778)
4504a6dd0093e91c3f1ad09612689e568187a3e21a60142cf35216c27a6efbe6cfd10607feb9d4ce8aa361d84f497c287679fba40d860960261147cb8d831df9,,08/24/2025 10:16:00 PM,35,NO CONTROLS,FUNCTIONING PROPERLY,CLEAR,DARKNESS,PARKED MOTOR VEHICLE,ONE-WAY,,STRAIGHT AND LEVEL,DRY,NO DEFECTS,,NO INJURY / DRIVE AWAY,,,Y,$500 OR LESS,08/24/2025 10:16:00 PM,DRIVING SKILLS/KNOWLEDGE/EXPERIENCE,IMPROPER BACKING,7446,S,STONY ISLAND AVE,324,,,,,,,2,NO INDICATION OF INJURY,0,0,0,0,0,4,0,22,1,8,41.7591870154,-87.586295997,POINT (-87.58629599702 41.759187015374)
3912a4375ba6e4012cd77d57a4a3dc138d56872a411bb8145d8f9d5d1e6e1073c552cfaa07db6b40b9a75309f61485e41dcb45e2718306a26943bf5f9fb7bc5d,,08/24/2025 10:00:00 PM,30,STOP SIGN/FLASHER,OTHER,CLEAR,"DARKNESS, LIGHTED ROAD",SIDESWIPE SAME DIRECTION,DIVIDED - W/MEDIAN (NOT RAISED),,STRAIGHT AND LEVEL,DRY,UNKNOWN,NOT ON SCENE (DESK REPORT),NO INJURY / DRIVE AWAY,,,Y,"$501 - $1,500",08/24/2025 10:19:00 PM,UNABLE TO DETERMINE,UNABLE TO DETERMINE,601,W,ADDISON ST,1925,,,,,,,2,NO INDICATION OF INJURY,0,0,0,0,0,2,0,22,1,8,41.9478000199,-87.6455744952,POINT (-87.645574495175 41.94780001989)
5724feee4c87bc8b4d7f20eccd68e51e2350979ed78587c56b13a6d1a004f3940e2caaae12dddff8cc0266469c93eccd26dec8c5cd8f8c7574599b6ac2ea4426,,08/24/2025 10:00:00 PM,30,TRAFFIC SIGNAL,FUNCTIONING PROPERLY,CLEAR,DAYLIGHT,TURNING,NOT DIVIDED,,STRAIGHT AND LEVEL,DRY,NO DEFECTS,NOT ON SCENE (DESK REPORT),NO INJURY / DRIVE AWAY,,,,"$501 - $1,500",08/25/2025 07:00:00 PM,FOLLOWING TOO CLOSELY,UNABLE TO DETERMINE,9855,S,EWING AVE,432,,,,,,,2,NO INDICATION OF INJURY,0,0,0,0,0,2,0,22,1,8,41.7161400498,-87.535129932,POINT (-87.53512993198 41.716140049827)
c9bc2f48869c35a5ce030f98610a5764b251cc70d19ac5793744503d6e642ae836f7851aeba9207488f1ce91b17658d790d30ebfaaf8e612ed6ab01adba75994,,08/24/2025 10:00:00 PM,20,TRAFFIC SIGNAL,NO CONTROLS,CLEAR,"DARKNESS, LIGHTED ROAD",TURNING,DIVIDED - W/MEDIAN (NOT RAISED),,STRAIGHT AND LEVEL,DRY,NO DEFECTS,ON SCENE,NO INJURY / DRIVE AWAY,,,Y,"OVER $1,500",08/24/2025 10:13:00 PM,UNABLE TO DETERMINE,UNABLE TO DETERMINE,11100,S,CORLISS AVE,531,,,,,,,2,NO INDICATION OF INJURY,0,0,0,0,0,2,0,22,1,8,41.6928604772,-87.6007418752,POINT (-87.600741875224 41.692860477189)
63530c208e56fce2ea6d580af2c092aa17abf177a84becdd994f5e9c32b9593b15a420a3d3cade6a91f419fbe616d1bccc82d44e050e123a3a04fb8cc4e3e8cb,,08/24/2025 09:58:00 PM,30,TRAFFIC SIGNAL,FUNCTIONING PROPERLY,CLEAR,DUSK,TURNING,FOUR WAY,,STRAIGHT AND LEVEL,DRY,UNKNOWN,ON SCENE,INJURY AND / OR TOW DUE TO CRASH,Y,,,"OVER $1,500",08/24/2025 09:58:00 PM,FAILING TO YIELD RIGHT-OF-WAY,NOT APPLICABLE,5400,S,ARCHER AVE,814,,,,,,,3,NONINCAPACITATING INJURY,1,0,0,1,0,4,0,21,1,8,41.7987582078,-87.7430205415,POINT (-87.743020541465 41.798758207843)
ee12cfe8df571e80e18be305fa21818a3a5ec61fa565ec7ee7c6e377a2fbf2a38210fb940bf6038db2627e871ff7ed88aa9cb36901e6d1699135f1c4580c418e,,08/24/2025 09:50:00 PM,30,NO CONTROLS,NO CONTROLS,CLEAR,DARKNESS,SIDESWIPE SAME DIRECTION,PARKING LOT,,STRAIGHT AND LEVEL,DRY,UNKNOWN,NOT ON SCENE (DESK REPORT),NO INJURY / DRIVE AWAY,,,,"OVER $1,500",08/24/2025 11:50:00 PM,UNABLE TO DETERMINE,UNABLE TO DETERMINE,10000,W,BALMORAL AVE,1654,,,,,,,2,NO INDICATION OF INJURY,0,0,0,0,0,3,0,21,1,8,,,
5e582117c9ac59743005a3eb4eccb94dfb2a98079e037bc7daef0bc252c703e60b9b1a14031ea6ca00ce988f63836aed07cacbe2b2869787e34c5bad59b37dfd,,08/24/2025 09:48:00 PM,25,NO CONTROLS,NO CONTROLS,CLEAR,"DARKNESS, LIGHTED ROAD",TURNING,ROUNDABOUT,,STRAIGHT AND LEVEL,DRY,NO DEFECTS,ON SCENE,NO INJURY / DRIVE AWAY,,,,"OVER $1,500",08/24/2025 10:00:00 PM,FAILING TO YIELD RIGHT-OF-WAY,NOT APPLICABLE,1,W,TERMINAL ST,1651,,,,,,,2,NO INDICATION OF INJURY,0,0,0,0,0,2,0,21,1,8,,,
09e3ef4d9beddcb8c6d8cbad933485f670d7a283ddb0a4d3f808d124c06277d45616af15bffe64beb8802dbe05f4a385326fd19862d40ac2c8d763c78aff2e43,,08/24/2025 09:37:00 PM,30,TRAFFIC SIGNAL,FUNCTIONING IMPROPERLY,CLEAR,"DARKNESS, LIGHTED ROAD",REAR END,NOT DIVIDED,,STRAIGHT AND LEVEL,DRY,NO DEFECTS,NOT ON SCENE (DESK REPORT),NO INJURY / DRIVE AWAY,Y,,,"OVER $1,500",08/24/2025 10:59:00 PM,UNABLE TO DETERMINE,NOT APPLICABLE,2859,N,CALIFORNIA AVE,1411,,,,,,,2,NO INDICATION OF INJURY,0,0,0,0,0,3,0,21,1,8,41.9339421035,-87.6975234186,POINT (-87.697523418636 41.933942103461)
8b674f5d4573fd1240201b2241bca60f9a661fe723476aff8634d77c596350e643360c4082b509f5788072afcd5db95e36aba45fb8d28fe95bb7e2ebe37765cb,,08/24/2025 09:35:00 PM,30,NO CONTROLS,NO CONTROLS,CLEAR,"DARKNESS, LIGHTED ROAD",PARKED MOTOR VEHICLE,PARKING LOT,,STRAIGHT AND LEVEL,DRY,NO DEFECTS,NOT ON SCENE (DESK REPORT),NO INJURY / DRIVE AWAY,,,,"OVER $1,500",08/24/2025 10:46:00 PM,FOLLOWING TOO CLOSELY,IMPROPER OVERTAKING/PASSING,2126,S,ARCHER AVE,914,,,,,,,2,NO INDICATION OF INJURY,0,0,0,0,0,1,0,21,1,8,41.8538876391,-87.6329701586,POINT (-87.632970158594 41.853887639118)
227397a3365ada3bbdf6638d372b86cf0e9a84913d7ea2b46fb1fe4ec2bbd3ed5627d9ebc89a418f285a024d7743f813f412fb61371ecf3af20255a26233a2ab,,08/24/2025 09:30:00 PM,30,TRAFFIC SIGNAL,FUNCTIONING PROPERLY,CLEAR,"DARKNESS, LIGHTED ROAD",REAR END,DIVIDED - W/MEDIAN BARRIER,,STRAIGHT AND LEVEL,DRY,UNKNOWN,NOT ON SCENE (DESK REPORT),NO INJURY / DRIVE AWAY,N,,,$500 OR LESS,08/24/2025 10:35:00 PM,FOLLOWING TOO CLOSELY,FOLLOWING TOO CLOSELY,535,N,MICHIGAN AVE,1834,,,,,,,2,NO INDICATION OF INJURY,0,0,0,0,0,2,0,21,1,8,41.8918970758,-87.6240162886,POINT (-87.624016288559 41.891897075755)
c540236997e1943addc7717f6a6fe3feb5f459661c1b536d190647fb45998f7677e5257f9ff3905edc438feab541e0d140bfe324b81bf27c1201576f2fbc0d6e,,08/24/2025 09:30:00 PM,40,NO CONTROLS,NO CONTROLS,CLEAR,"DARKNESS, LIGHTED ROAD",SIDESWIPE SAME DIRECTION,DIVIDED - W/MEDIAN BARRIER,,STRAIGHT AND LEVEL,UNKNOWN,UNKNOWN,NOT ON SCENE (DESK REPORT),NO INJURY / DRIVE AWAY,,,,"OVER $1,500",08/24/2025 10:08:00 PM,IMPROPER LANE USAGE,IMPROPER LANE USAGE,4400,N,LAKE SHORE DR NB,1914,,,,,,,2,NO INDICATION OF INJURY,0,0,0,0,0,2,0,21,1,8,41.9620271555,-87.6466396613,POINT (-87.64663966128 41.962027155537)
10d6495a03f30a28ab4323317ca588e6bf03aa92eb618f05ec34e344e075108015539b5f06f3395dc8fea9752a22b3882285e9b2657c9c838f103b64a0c4b91a,,08/24/2025 09:24:00 PM,30,NO CONTROLS,NO CONTROLS,CLEAR,DAWN,PARKED MOTOR VEHICLE,ALLEY,,STRAIGHT AND LEVEL,DRY,NO DEFECTS,ON SCENE,NO INJURY / DRIVE AWAY,,,,"OVER $1,500",08/24/2025 09:24:00 PM,UNDER THE INFLUENCE OF ALCOHOL/DRUGS (USE WHEN ARREST IS EFFECTED),IMPROPER BACKING,7411,N,WOLCOTT AVE,2424,,,,,,,2,NO INDICATION OF INJURY,0,0,0,0,0,1,0,21,1,8,42.0172032421,-87.6775043725,POINT (-87.677504372535 42.017203242094)