CRASH_RECORD_ID,CRASH_DATE_EST_I,CRASH_DATE,POSTED_SPEED_LIMIT,TRAFFIC_CONTROL_DEVICE,DEVICE_CONDITION,WEATHER_CONDITION,LIGHTING_CONDITION,FIRST_CRASH_TYPE,TRAFFICWAY_TYPE,LANE_CNT,ALIGNMENT,ROADWAY_SURFACE_COND,ROAD_DEFECT,REPORT_TYPE,CRASH_TYPE,INTERSECTION_RELATED_I,NOT_RIGHT_OF_WAY_I,HIT_AND_RUN_I,DAMAGE,DATE_POLICE_NOTIFIED,PRIM_CONTRIBUTORY_CAUSE,SEC_CONTRIBUTORY_CAUSE,STREET_NO,STREET_DIRECTION,STREET_NAME,BEAT_OF_OCCURRENCE,PHOTOS_TAKEN_I,STATEMENTS_TAKEN_I,DOORING_I,WORK_ZONE_I,WORK_ZONE_TYPE,WORKERS_PRESENT_I,NUM_UNITS,MOST_SEVERE_INJURY,INJURIES_TOTAL,INJURIES_FATAL,INJURIES_INCAPACITATING,INJURIES_NON_INCAPACITATING,INJURIES_REPORTED_NOT_EVIDENT,INJURIES_NO_INDICATION,INJURIES_UNKNOWN,CRASH_HOUR,CRASH_DAY_OF_WEEK,CRASH_MONTH,LATITUDE,LONGITUDE,LOCATION
b68abf6d411efabcf6c0adad10c46dec843c4c3c86d0ae8ae5de3107861c55142c8b12f7fa1a652124ce60884575280bf1cae6d1d95392d40fcd998ce20d3e05,,08/24/2025 09:22:00 PM,30,NO CONTROLS,NO CONTROLS,UNKNOWN,DARKNESS,SIDESWIPE SAME DIRECTION,NOT DIVIDED,,STRAIGHT AND LEVEL,UNKNOWN,UNKNOWN,NOT ON SCENE (DESK REPORT),NO INJURY / DRIVE AWAY,,,Y,"OVER $1,500",08/25/2025 06:25:00 AM,UNABLE TO DETERMINE,NOT APPLICABLE,314,W,63RD ST,711,,,,,,,2,NO INDICATION OF INJURY,0,0,0,0,0,2,0,21,1,8,41.7800474549,-87.6333966181,POINT (-87.633396618099 41.78004745491)
ea19b509ed6182cdbf518a09c0690f8e2e70dc0af91cd14df2b93c7999e6d10d9262f9aca728258170e45c94fbccee52d45c29582ff16a39df7ce7285f29d88b,,08/24/2025 09:16:00 PM,30,TRAFFIC SIGNAL,FUNCTIONING PROPERLY,CLEAR,"DARKNESS, LIGHTED ROAD",ANGLE,FOUR WAY,,STRAIGHT AND LEVEL,DRY,NO DEFECTS,ON SCENE,INJURY AND / OR TOW DUE TO CRASH,Y,,Y,"OVER $1,500",08/24/2025 09:19:00 PM,DISREGARDING ROAD MARKINGS,NOT APPLICABLE,500,W,69TH ST,722,,,,,,,2,NO INDICATION OF INJURY,0,0,0,0,0,2,0,21,1,8,41.7690639154,-87.6373080539,POINT (-87.637308053939 41.769063915429)
8c17450ebe3f6e875f13d0696e30351677fe8215e406890d31ba8fbc242faa450e14e451fbf9a5839164ca19c49d58a316dbc7b1ced7d062678914bc7e4f5c38,,08/24/2025 09:10:00 PM,25,NO CONTROLS,NO CONTROLS,CLEAR,DUSK,PARKED MOTOR VEHICLE,NOT DIVIDED,,STRAIGHT AND LEVEL,DRY,UNKNOWN,ON SCENE,INJURY AND / OR TOW DUE TO CRASH,,,Y,"OVER $1,500",08/24/2025 10:50:00 PM,UNABLE TO DETERMINE,NOT APPLICABLE,20,N,CENTRAL AVE,1513,,,,,,,2,NO INDICATION OF INJURY,0,0,0,0,0,1,0,21,1,8,41.8808651528,-87.7650249068,POINT (-87.765024906769 41.880865152783)
ea37a5d17b60365820deb0bf31c5636af539b6fa7742c3108d4fbbbc1e4216f77bc2ea5bd875f7eafce347b4ebee984826cbdfa6c3a5a5fc2a69bf2774279175,,08/24/2025 09:05:00 PM,15,NO CONTROLS,NO CONTROLS,CLOUDY/OVERCAST,"DARKNESS, LIGHTED ROAD",TURNING,ALLEY,,STRAIGHT AND LEVEL,DRY,NO DEFECTS,ON SCENE,NO INJURY / DRIVE AWAY,,,Y,"OVER $1,500",08/24/2025 09:05:00 PM,"OPERATING VEHICLE IN ERRATIC, RECKLESS, CARELESS, NEGLIGENT OR AGGRESSIVE MANNER",IMPROPER TURNING/NO SIGNAL,220,S,CAMPBELL AVE,1125,,,,,,,2,NO INDICATION OF INJURY,0,0,0,0,0,3,0,21,1,8,41.8777008945,-87.6889170942,POINT (-87.688917094186 41.877700894546)
a8261a76ce415fc413ab27eb1a30f109786120364b05e88fec431dedb886cfcb65118bcbf0ab5b74f1539b85f00aabf11e1c6dbd31895273b46b2da0dd62cf80,,08/24/2025 09:00:00 PM,20,STOP SIGN/FLASHER,FUNCTIONING PROPERLY,CLEAR,"DARKNESS, LIGHTED ROAD",TURNING,T-INTERSECTION,,STRAIGHT AND LEVEL,DRY,NO DEFECTS,NOT ON SCENE (DESK REPORT),INJURY AND / OR TOW DUE TO CRASH,Y,,,"OVER $1,500",08/24/2025 09:17:00 PM,FAILING TO YIELD RIGHT-OF-WAY,UNABLE TO DETERMINE,5049,W,HIRSCH ST,2533,,,,,,,2,"REPORTED, NOT EVIDENT",1,0,0,0,1,4,0,21,1,8,41.9057999025,-87.7529499447,POINT (-87.752949944692 41.905799902487)
b10c44e931e19491de1c63abc3c630c127909ffe09da958c08079addbc1d25f29c4951eef1ad733451f3745c651945a964ad99450a4494ff766e6e9780018123,,08/24/2025 09:00:00 PM,30,NO CONTROLS,NO CONTROLS,CLEAR,"DARKNESS, LIGHTED ROAD",PEDESTRIAN,NOT DIVIDED,,STRAIGHT AND LEVEL,DRY,UNKNOWN,NOT ON SCENE (DESK REPORT),INJURY AND / OR TOW DUE TO CRASH,,,Y,"OVER $1,500",08/30/2025 08:00:00 PM,FAILING TO YIELD RIGHT-OF-WAY,DRIVING SKILLS/KNOWLEDGE/EXPERIENCE,3920,W,DIVISION ST,2535,,,,,,,2,NONINCAPACITATING INJURY,1,0,0,1,0,1,0,21,1,8,41.9027943334,-87.7248398233,POINT (-87.72483982334 41.902794333393)
b903da659baf87fd82989ded2acc40b281908fb66b7f38d3998cf59b9506760fd4c425180feca177ba16c2b4d749eb6b5ca9923971dec2984f4788c79c6e96fb,,08/24/2025 08:51:00 PM,30,TRAFFIC SIGNAL,FUNCTIONING PROPERLY,CLEAR,"DARKNESS, LIGHTED ROAD",TURNING,DIVIDED - W/MEDIAN (NOT RAISED),,STRAIGHT AND LEVEL,DRY,UNKNOWN,ON SCENE,NO INJURY / DRIVE AWAY,,,,"$501 - $1,500",08/24/2025 08:52:00 PM,FAILING TO YIELD RIGHT-OF-WAY,NOT APPLICABLE,125,N,BESSIE COLEMAN DR,1654,,,,,,,2,NO INDICATION OF INJURY,0,0,0,0,0,2,0,20,1,8,,,
819554e414f95ccf5a4c8e6532381761153f4c2341e7ad524b2ec36ca4399c4c5b2d645ee3d707709eba65400615a8d1d06bd783eed2ce2f5439128dac805276,,08/24/2025 08:50:00 PM,30,STOP SIGN/FLASHER,FUNCTIONING PROPERLY,CLEAR,"DARKNESS, LIGHTED ROAD",ANGLE,NOT DIVIDED,,STRAIGHT AND LEVEL,DRY,NO DEFECTS,NOT ON SCENE (DESK REPORT),NO INJURY / DRIVE AWAY,,,,"$501 - $1,500",08/24/2025 09:15:00 PM,FAILING TO YIELD RIGHT-OF-WAY,NOT APPLICABLE,5031,W,HIRSCH ST,2533,,,,,,,2,NO INDICATION OF INJURY,0,0,0,0,0,2,0,20,1,8,41.9058071519,-87.7522407115,POINT (-87.752240711523 41.905807151896)
20e914c0188334b61720c42ec1c8898d26c4601d6a9021964ad9d2fb1a80a8a76eb41a3457df631fa54d06886f3a3562f34f8e9fbf017c79c87a8d86771f7949,,08/24/2025 08:48:00 PM,20,STOP SIGN/FLASHER,FUNCTIONING PROPERLY,CLEAR,"DARKNESS, LIGHTED ROAD",PARKED MOTOR VEHICLE,NOT DIVIDED,,STRAIGHT AND LEVEL,DRY,NO DEFECTS,ON SCENE,INJURY AND / OR TOW DUE TO CRASH,,,,$500 OR LESS,08/24/2025 08:48:00 PM,UNDER THE INFLUENCE OF ALCOHOL/DRUGS (USE WHEN ARREST IS EFFECTED),UNDER THE INFLUENCE OF ALCOHOL/DRUGS (USE WHEN ARREST IS EFFECTED),2701,N,MAJOR AVE,2514,,,,,,,5,NO INDICATION OF INJURY,0,0,0,0,0,1,0,20,1,8,41.9295120033,-87.7684691139,POINT (-87.768469113921 41.929512003281)
0e71ba24ccbe5e988f8b80f1ccb010a4cb33d61f57d0fef17489c4f6dde70335c562e5f3ffbeb5c75233099affa1459da1d7563f2725123a6c3e32d27b3e0fca,,08/24/2025 08:45:00 PM,30,NO CONTROLS,NO CONTROLS,CLEAR,"DARKNESS, LIGHTED ROAD",PARKED MOTOR VEHICLE,DIVIDED - W/MEDIAN BARRIER,,STRAIGHT AND LEVEL,DRY,NO DEFECTS,NOT ON SCENE (DESK REPORT),INJURY AND / OR TOW DUE TO CRASH,,,N,"OVER $1,500",08/24/2025 08:48:00 PM,UNABLE TO DETERMINE,NOT APPLICABLE,501,E,SOLIDARITY DR,132,Y,Y,,,,,2,NO INDICATION OF INJURY,0,0,0,0,0,1,0,20,1,8,41.8659965864,-87.6136858782,POINT (-87.613685878159 41.865996586384)
0fa88a8fce4be44196bee83598564adb30573cb7165a89fb3ae38f1d5af4f0fcd18275f6c6c4a790a0849e148745c9a09aeaf18188bbd9b0ea31c717fa1140b1,Y,08/24/2025 08:45:00 PM,20,NO CONTROLS,NO CONTROLS,CLEAR,"DARKNESS, LIGHTED ROAD",SIDESWIPE SAME DIRECTION,ONE-WAY,,STRAIGHT AND LEVEL,DRY,SHOULDER DEFECT,ON SCENE,NO INJURY / DRIVE AWAY,,,,"OVER $1,500",08/24/2025 09:00:00 PM,FAILING TO YIELD RIGHT-OF-WAY,ROAD CONSTRUCTION/MAINTENANCE,5,W,TERMINAL ST,1655,,,,Y,CONSTRUCTION,,2,NO INDICATION OF INJURY,0,0,0,0,0,2,0,20,1,8,,,
e99c194dba6829464fc7d8e89fc422bcad3e3bcef22813a9ff3d08a28e81fff543d08e7cadbe459ae725b4165fb3e3c2d55fce1464abe1763b5e3ab5f3ae4839,,08/24/2025 08:45:00 PM,30,NO CONTROLS,NO CONTROLS,CLEAR,DAYLIGHT,SIDESWIPE SAME DIRECTION,NOT DIVIDED,,STRAIGHT AND LEVEL,DRY,NO DEFECTS,NOT ON SCENE (DESK REPORT),NO INJURY / DRIVE AWAY,,,Y,"OVER $1,500",08/25/2025 08:35:00 AM,UNABLE TO DETERMINE,NOT APPLICABLE,916,W,FOSTER AVE,2023,,,,,,,2,NO INDICATION OF INJURY,0,0,0,0,0,2,0,20,1,8,41.9765321022,-87.6532684609,POINT (-87.653268460932 41.976532102228)
9bccb4eb9bc886edd52640d20a53849e285fc438fd8ea9883c277de47b7c203c0446a38f6ea07c5e8c55d1277594015039688710b9ea079a66b71bd34bdf3102,,08/24/2025 08:40:00 PM,30,NO CONTROLS,NO CONTROLS,UNKNOWN,UNKNOWN,PARKED MOTOR VEHICLE,PARKING LOT,,STRAIGHT AND LEVEL,UNKNOWN,UNKNOWN,NOT ON SCENE (DESK REPORT),NO INJURY / DRIVE AWAY,,Y,Y,"$501 - $1,500",08/25/2025 10:30:00 AM,UNABLE TO DETERMINE,NOT APPLICABLE,1320,W,FULLERTON AVE,1932,,,,,,,2,NO INDICATION OF INJURY,0,0,0,0,0,1,0,20,1,8,41.9253573581,-87.6613885438,POINT (-87.661388543818 41.925357358101)
b55bb6ea82d027ff55d158aa48e372fe4b4fcda091bbe56db3905a52c09772386828394f9f0827229e1a88c6198076a9cdaa3209e08b49d02c31b05975743bec,,08/24/2025 08:40:00 PM,30,TRAFFIC SIGNAL,UNKNOWN,CLEAR,"DARKNESS, LIGHTED ROAD",SIDESWIPE SAME DIRECTION,FOUR WAY,,STRAIGHT AND LEVEL,DRY,NO DEFECTS,ON SCENE,INJURY AND / OR TOW DUE TO CRASH,,,Y,"OVER $1,500",08/24/2025 08:40:00 PM,IMPROPER TURNING/NO SIGNAL,NOT APPLICABLE,1646,E,92ND PL,413,,,,,,,2,"REPORTED, NOT EVIDENT",1,0,0,0,1,3,0,20,1,8,41.7270448991,-87.5831483018,POINT (-87.583148301835 41.727044899143)
47b3ad81d03f23aba0e2c2bab389f5acceccbafa197c14412cf9b57a038dc294d9c8bfaf2ecd6ac483262b68580f45043fbbcd3eab0e049979c80b1274bd6c12,Y,08/24/2025 08:38:00 PM,30,NO CONTROLS,NO CONTROLS,CLEAR,"DARKNESS, LIGHTED ROAD",SIDESWIPE SAME DIRECTION,OTHER,,STRAIGHT AND LEVEL,DRY,NO DEFECTS,ON SCENE,NO INJURY / DRIVE AWAY,,,,"$501 - $1,500",08/24/2025 09:15:00 PM,UNABLE TO DETERMINE,NOT APPLICABLE,4845,S,KEDZIE AVE,922,,,,,,,2,NO INDICATION OF INJURY,0,0,0,0,0,3,0,20,1,8,41.8051204736,-87.7037421839,POINT (-87.703742183889 41.805120473557)
c45f0b826b5ca38d6e936d0f9bcead40e9fcf4623afe927a6d16414755150e964f2dcbf1dd7e82f7d4e09ec1509ec376bf6398a36aacb55a6d5db0413e7a37b1,,08/24/2025 08:30:00 PM,30,TRAFFIC SIGNAL,UNKNOWN,UNKNOWN,UNKNOWN,SIDESWIPE SAME DIRECTION,DIVIDED - W/MEDIAN (NOT RAISED),,STRAIGHT AND LEVEL,UNKNOWN,UNKNOWN,NOT ON SCENE (DESK REPORT),NO INJURY / DRIVE AWAY,Y,,Y,"$501 - $1,500",08/25/2025 07:35:00 PM,UNABLE TO DETERMINE,NOT APPLICABLE,6401,N,RIDGE BLVD,2432,,,,,,,2,NO INDICATION OF INJURY,0,0,0,0,0,2,0,20,1,8,41.9980889165,-87.6767403683,POINT (-87.676740368289 41.998088916541)
b54c2979e879c97a8c1fe82ad5a7439f170baea20d01b11ed8998ce8beab7064d7687105e83e8c0a86a206e9a75a3cc636ecb724626fb0f5f8e5b220aa66aba3,,08/24/2025 08:18:00 PM,30,TRAFFIC SIGNAL,FUNCTIONING PROPERLY,CLEAR,"DARKNESS, LIGHTED ROAD",OTHER OBJECT,NOT DIVIDED,,STRAIGHT AND LEVEL,DRY,NO DEFECTS,ON SCENE,INJURY AND / OR TOW DUE TO CRASH,,,Y,"OVER $1,500",08/24/2025 08:20:00 PM,UNABLE TO DETERMINE,UNABLE TO DETERMINE,6447,S,WESTERN AVE,825,,,,,,,1,NO INDICATION OF INJURY,0,0,0,0,0,1,0,20,1,8,41.7760303623,-87.6834111337,POINT (-87.683411133665 41.776030362255)
3bfd04dd0d9c2ba71688ca98ba86b04e474349e5851866d6041756fc786ec1f559eaf23d70714d000c125af4723b6a8c712ba05505be26056f6f4002508caa91,,08/24/2025 08:15:00 PM,35,NO CONTROLS,NO CONTROLS,CLEAR,"DARKNESS, LIGHTED ROAD",SIDESWIPE SAME DIRECTION,NOT DIVIDED,,STRAIGHT AND LEVEL,DRY,NO DEFECTS,NOT ON SCENE (DESK REPORT),NO INJURY / DRIVE AWAY,,,,"$501 - $1,500",08/24/2025 09:00:00 PM,FAILING TO YIELD RIGHT-OF-WAY,IMPROPER LANE USAGE,4500,W,ADDISON ST,1731,,,,,,,2,NO INDICATION OF INJURY,0,0,0,0,0,2,0,20,1,8,41.9463301689,-87.739340663,POINT (-87.739340663045 41.946330168936)
8e37101fc965192d76afe3b1ff21fc8d0d3774cfa73f38a1b1cabe624700ff7bbfb3ed3363bbdeac81867325331182f55afeb84ac7ab4b4f892fe096af2717b5,,08/24/2025 08:15:00 PM,35,TRAFFIC SIGNAL,FUNCTIONING PROPERLY,CLEAR,"DARKNESS, LIGHTED ROAD",TURNING,DIVIDED - W/MEDIAN (NOT RAISED),,STRAIGHT AND LEVEL,DRY,NO DEFECTS,ON SCENE,INJURY AND / OR TOW DUE TO CRASH,Y,,,"OVER $1,500",08/24/2025 08:17:00 PM,FAILING TO YIELD RIGHT-OF-WAY,UNABLE TO DETERMINE,135,N,BESSIE COLEMAN DR,1654,,,,,,,2,NONINCAPACITATING INJURY,2,0,0,2,0,2,0,20,1,8,,,
c32fcc236aa0d5279c600c9c6559f50f4f5e3415989afb4d56f60b8dee44f1d5a7da2d39a776ca65995ddedd3da04e05098129466d5ab17182f9b74eed4d54a8,,08/24/2025 08:15:00 PM,30,NO CONTROLS,NO CONTROLS,CLEAR,UNKNOWN,PARKED MOTOR VEHICLE,PARKING LOT,,STRAIGHT AND LEVEL,UNKNOWN,UNKNOWN,NOT ON SCENE (DESK REPORT),NO INJURY / DRIVE AWAY,,,,"OVER $1,500",08/24/2025 08:45:00 PM,IMPROPER BACKING,UNABLE TO DETERMINE,5636,W,IRVING PARK RD,1624,,,,,,,2,NO INDICATION OF INJURY,0,0,0,0,0,2,0,20,1,8,41.9532747861,-87.7685236792,POINT (-87.768523679183 41.953274786097)
97d3270bae45e5be540e4f4d9454dd4f9a5e85accf27ec2f2718aaca6fae5d9f63d1be8e9d1cb11f2cbf35489559fcddc3db5525503e9d5f417256bc55539758,,08/24/2025 08:10:00 PM,20,NO CONTROLS,NO CONTROLS,CLEAR,"DARKNESS, LIGHTED ROAD",PARKED MOTOR VEHICLE,PARKING LOT,,STRAIGHT AND LEVEL,DRY,NO DEFECTS,NOT ON SCENE (DESK REPORT),NO INJURY / DRIVE AWAY,,,,"OVER $1,500",08/24/2025 09:20:00 PM,IMPROPER BACKING,NOT APPLICABLE,5636,W,IRVING PARK RD,1624,,,,,,,2,NO INDICATION OF INJURY,0,0,0,0,0,1,0,20,1,8,41.9532747861,-87.7685236792,POINT (-87.768523679183 41.953274786097)
63675e88e983e82b179f9b9bfec7a53601a205e1e62364d73cc3db5303ccb77a7cd04214f991fd05bda1ff4fb0def57283466600c9a4a8667136aaa63eca55dc,,08/24/2025 08:05:00 PM,30,NO CONTROLS,NO CONTROLS,CLEAR,"DARKNESS, LIGHTED ROAD",PARKED MOTOR VEHICLE,NOT DIVIDED,,STRAIGHT AND LEVEL,DRY,NO DEFECTS,NOT ON SCENE (DESK REPORT),INJURY AND / OR TOW DUE TO CRASH,,,,"OVER $1,500",08/24/2025 10:10:00 PM,UNABLE TO DETERMINE,NOT APPLICABLE,3947,W,47TH ST,821,,,,,,,3,NO INDICATION OF INJURY,0,0,0,0,0,1,0,20,1,8,41.8077793065,-87.7230153438,POINT (-87.723015343769 41.80777930647)
789275087c8f8d470ebe2af0afdb45ee54fcf7928b67b6df3300baa121fb3baa2af2d884762e763c83d4fcd99bb55eb108b1de352ff7b9131631529f632bcce2,,08/24/2025 08:05:00 PM,30,NO CONTROLS,NO CONTROLS,CLEAR,"DARKNESS, LIGHTED ROAD",REAR TO SIDE,DIVIDED - W/MEDIAN (NOT RAISED),,STRAIGHT AND LEVEL,DRY,NO DEFECTS,NOT ON SCENE (DESK REPORT),NO INJURY / DRIVE AWAY,,,,"OVER $1,500",08/24/2025 08:55:00 PM,FAILING TO YIELD RIGHT-OF-WAY,IMPROPER BACKING,211,W,WALTON ST,1823,,,,,,,2,NO INDICATION OF INJURY,0,0,0,0,0,2,0,20,1,8,41.8996461064,-87.6348084525,POINT (-87.634808452535 41.899646106425)
1955fb40edf8f408f74e1e4c23568aa7985f84860002b14e454ceefed44dfb504a1ea97269f525572f2807dc593c9c5173988bd49ff42578b672d30172c3d7f5,,08/24/2025 08:00:00 PM,30,NO CONTROLS,NO CONTROLS,CLEAR,"DARKNESS, LIGHTED ROAD",SIDESWIPE SAME DIRECTION,NOT DIVIDED,,STRAIGHT AND LEVEL,DRY,NO DEFECTS,ON SCENE,NO INJURY / DRIVE AWAY,,,Y,"OVER $1,500",08/24/2025 08:05:00 PM,DRIVING SKILLS/KNOWLEDGE/EXPERIENCE,DRIVING SKILLS/KNOWLEDGE/EXPERIENCE,1198,N,LUIS MUNOZ MARIN DR W,1211,,,,,,,2,NO INDICATION OF INJURY,0,0,0,0,0,2,0,20,1,8,41.9027578322,-87.7056845949,POINT (-87.705684594897 41.902757832196)
ee1813c85d3637bcfa9ac1b95423d8c88689d23d0b186d996b8827e7f80ee8967aa9add2501553726ef803d0c73c79643682f5cd9843482ee9a7214d393b56e8,,08/24/2025 07:51:00 PM,20,STOP SIGN/FLASHER,FUNCTIONING PROPERLY,CLEAR,DAWN,PEDALCYCLIST,ONE-WAY,,STRAIGHT AND LEVEL,DRY,NO DEFECTS,ON SCENE,INJURY AND / OR TOW DUE TO CRASH,,,Y,"OVER $1,500",08/24/2025 07:59:00 PM,FAILING TO YIELD RIGHT-OF-WAY,DISTRACTION - FROM OUTSIDE VEHICLE,5316,W,PALMER ST,2515,,,,,,,2,NONINCAPACITATING INJURY,1,0,0,1,0,1,0,19,1,8,41.9205244079,-87.7592390905,POINT (-87.759239090485 41.920524407851)
ffb89cf105bc450c949daeb2ffb87e5890772ae218f30d11008aee220ab6ba30ae0983dd976524c806badc89483fee907ace887e6d016b946101593e69c59b22,,08/24/2025 07:50:00 PM,30,TRAFFIC SIGNAL,NO CONTROLS,CLEAR,DARKNESS,TURNING,FOUR WAY,,STRAIGHT AND LEVEL,DRY,NO DEFECTS,ON SCENE,NO INJURY / DRIVE AWAY,Y,,,"OVER $1,500",08/24/2025 07:55:00 PM,IMPROPER TURNING/NO SIGNAL,UNABLE TO DETERMINE,4601,N,WESTERN AVE,1911,,Y,,,,,2,NO INDICATION OF INJURY,0,0,0,0,0,3,0,19,1,8,41.9649142821,-87.6886458769,POINT (-87.688645876887 41.964914282077)
de986b6d568201d8e5dc29c9cf397f7a74c4c7e73941349a70483ae5e49e8cda9605c2dfc459b579b51c231f18cd32193a783a843481fd178fd65ea3f7effb4a,,08/24/2025 07:48:00 PM,30,UNKNOWN,UNKNOWN,CLEAR,DAWN,SIDESWIPE SAME DIRECTION,Y-INTERSECTION,,STRAIGHT AND LEVEL,DRY,UNKNOWN,NOT ON SCENE (DESK REPORT),NO INJURY / DRIVE AWAY,Y,,Y,"OVER $1,500",08/24/2025 09:00:00 PM,UNABLE TO DETERMINE,UNABLE TO DETERMINE,7600,S,LAFAYETTE AVE,623,,,,,,,2,NO INDICATION OF INJURY,0,0,0,0,0,3,0,19,1,8,41.7563200058,-87.6264755773,POINT (-87.626475577283 41.756320005823)
5fa2b146052e99309976217231f70f69f9dc9e0a7dfa5e94565989250ee1b72168311b2bd9957bd044e53c8615d1513856abfba186f607ec6c50a7c418689bb6,,08/24/2025 07:45:00 PM,30,STOP SIGN/FLASHER,FUNCTIONING PROPERLY,CLEAR,DAYLIGHT,TURNING,NOT DIVIDED,,STRAIGHT AND LEVEL,DRY,NO DEFECTS,NOT ON SCENE (DESK REPORT),NO INJURY / DRIVE AWAY,,,,"OVER $1,500",08/27/2025 01:31:00 PM,IMPROPER TURNING/NO SIGNAL,NOT APPLICABLE,2998,S,LOOMIS ST,913,,,,,,,2,NO INDICATION OF INJURY,0,0,0,0,0,2,0,19,1,8,41.8397827425,-87.6561185394,POINT (-87.656118539398 41.83978274255)
594c635213895bbb10677ded8f4e4b998c389349d47781b103e99c94eb1f43d1ac7724a954b70694428196f7d88aed3007aa1e24bc3c5d451d6de138845873f8,,08/24/2025 07:41:00 PM,30,TRAFFIC SIGNAL,FUNCTIONING PROPERLY,CLEAR,DAYLIGHT,PEDALCYCLIST,NOT DIVIDED,,STRAIGHT AND LEVEL,DRY,NO DEFECTS,ON SCENE,NO INJURY / DRIVE AWAY,,,Y,"OVER $1,500",08/24/2025 07:50:00 PM,UNABLE TO DETERMINE,NOT APPLICABLE,1955,N,DAMEN AVE,1434,,,,,,,2,NO INDICATION OF INJURY,0,0,0,0,0,2,0,19,1,8,41.9175342114,-87.6774665322,POINT (-87.677466532248 41.917534211413)
f14aea58ac7da0a5e22fab129225708e29f0a52f313bd23a3e518480e0e51f63fbd334bd536dc1ab434052266aa687fa3ed082e2917deefaf47ab3344680df11,,08/24/2025 07:41:00 PM,20,NO CONTROLS,NO CONTROLS,CLEAR,DUSK,TURNING,ALLEY,,STRAIGHT AND LEVEL,DRY,NO DEFECTS,ON SCENE,INJURY AND / OR TOW DUE TO CRASH,,,,"OVER $1,500",08/24/2025 07:42:00 PM,FAILING TO YIELD RIGHT-OF-WAY,FAILING TO YIELD RIGHT-OF-WAY,4508,S,ROCKWELL ST,922,,,,,,,2,NO INDICATION OF INJURY,0,0,0,0,0,2,0,19,1,8,41.8116950324,-87.6895659016,POINT (-87.689565901639 41.811695032436)
e70f08d3e564186fcfdfd68b3465208993963d76568cafcbb8f3e4205d573819102949d9b535c7d33817e92397ff4625720a6838928abf8501354a94d2c5fcfe,Y,08/24/2025 07:04:00 PM,30,NO CONTROLS,UNKNOWN,CLEAR,DAYLIGHT,SIDESWIPE SAME DIRECTION,NOT DIVIDED,,STRAIGHT AND LEVEL,UNKNOWN,UNKNOWN,ON SCENE,INJURY AND / OR TOW DUE TO CRASH,,,Y,"OVER $1,500",08/24/2025 07:05:00 PM,IMPROPER OVERTAKING/PASSING,IMPROPER OVERTAKING/PASSING,2221,W,LAKE ST,1223,,Y,,,,,2,NONINCAPACITATING INJURY,1,0,0,1,0,3,0,19,1,8,41.8846647296,-87.6823630915,POINT (-87.682363091479 41.884664729631)
153a4de0d3e2793dec6ecf80920c40f31e20b9094eebd3d3244f512889138da5ca50d035e77dd3b2a4a5a6c7c125fb4e5e25d3d8f41c69f05e12066785cf96cf,,08/24/2025 07:00:00 PM,30,TRAFFIC SIGNAL,FUNCTIONING PROPERLY,CLEAR,DUSK,REAR END,DIVIDED - W/MEDIAN BARRIER,,STRAIGHT AND LEVEL,DRY,NO DEFECTS,NOT ON SCENE (DESK REPORT),NO INJURY / DRIVE AWAY,,,,"OVER $1,500",08/26/2025 11:45:00 PM,FOLLOWING TOO CLOSELY,UNABLE TO DETERMINE,500,S,MICHIGAN AVE,123,,,,,,,2,NO INDICATION OF INJURY,0,0,0,0,0,2,0,19,1,8,41.875658543,-87.6244049409,POINT (-87.624404940923 41.87565854302)
37883a403558592fa9d07e9cb146a391f18a6652f013a0c7c8d5143e2270f30eb32d01f5c3e419f1ae34be7c44d302c77c4efd9bd8f6c4ffd82233c1c04cda6a,,08/24/2025 06:55:00 PM,35,TRAFFIC SIGNAL,FUNCTIONING PROPERLY,CLEAR,DUSK,ANGLE,FOUR WAY,,STRAIGHT AND LEVEL,DRY,NO DEFECTS,ON SCENE,INJURY AND / OR TOW DUE TO CRASH,N,,,"OVER $1,500",08/24/2025 06:55:00 PM,DISREGARDING TRAFFIC SIGNALS,UNABLE TO DETERMINE,11731,S,AVENUE O,433,,,,,,,2,NONINCAPACITATING INJURY,1,0,0,1,0,3,0,18,1,8,41.6818346299,-87.5399651116,POINT (-87.539965111587 41.681834629931)
8172f5ad2dbe2689438fd4624568981e2e0ddb790cea37d83b1d879aa1fa57038c4d8f1ab6c1bc8e5bf2c51a733dfbca88deaf863dff30052d4f773209e86d72,,08/24/2025 06:52:00 PM,30,NO CONTROLS,NO CONTROLS,CLEAR,DAYLIGHT,PARKED MOTOR VEHICLE,NOT DIVIDED,,STRAIGHT AND LEVEL,DRY,NO DEFECTS,ON SCENE,NO INJURY / DRIVE AWAY,,,Y,"OVER $1,500",08/24/2025 09:32:00 PM,UNABLE TO DETERMINE,UNABLE TO DETERMINE,328,E,75TH ST,323,,,,,,,2,NO INDICATION OF INJURY,0,0,0,0,0,1,0,18,1,8,41.75848317,-87.6170413625,POINT (-87.617041362547 41.758483169984)