CRASH_RECORD_ID,CRASH_DATE_EST_I,CRASH_DATE,POSTED_SPEED_LIMIT,TRAFFIC_CONTROL_DEVICE,DEVICE_CONDITION,WEATHER_CONDITION,LIGHTING_CONDITION,FIRST_CRASH_TYPE,TRAFFICWAY_TYPE,LANE_CNT,ALIGNMENT,ROADWAY_SURFACE_COND,ROAD_DEFECT,REPORT_TYPE,CRASH_TYPE,INTERSECTION_RELATED_I,NOT_RIGHT_OF_WAY_I,HIT_AND_RUN_I,DAMAGE,DATE_POLICE_NOTIFIED,PRIM_CONTRIBUTORY_CAUSE,SEC_CONTRIBUTORY_CAUSE,STREET_NO,STREET_DIRECTION,STREET_NAME,BEAT_OF_OCCURRENCE,PHOTOS_TAKEN_I,STATEMENTS_TAKEN_I,DOORING_I,WORK_ZONE_I,WORK_ZONE_TYPE,WORKERS_PRESENT_I,NUM_UNITS,MOST_SEVERE_INJURY,INJURIES_TOTAL,INJURIES_FATAL,INJURIES_INCAPACITATING,INJURIES_NON_INCAPACITATING,INJURIES_REPORTED_NOT_EVIDENT,INJURIES_NO_INDICATION,INJURIES_UNKNOWN,CRASH_HOUR,CRASH_DAY_OF_WEEK,CRASH_MONTH,LATITUDE,LONGITUDE,LOCATION
e482e7c37bf49d1b904e814cc9b2233a4b435f7f458ae66a70b74abf8039e87774dbb15ccaa9665ace0e86540a3f7d1aab2bc0a8dbcf7861fc7d081ab408d886,,08/24/2025 06:50:00 PM,30,STOP SIGN/FLASHER,FUNCTIONING PROPERLY,CLEAR,DAYLIGHT,TURNING,T-INTERSECTION,,STRAIGHT AND LEVEL,DRY,NO DEFECTS,NOT ON SCENE (DESK REPORT),NO INJURY / DRIVE AWAY,Y,,,"OVER $1,500",08/25/2025 10:10:00 AM,FAILING TO YIELD RIGHT-OF-WAY,UNABLE TO DETERMINE,200,S,KENTON AVE,1113,,,,,,,2,NO INDICATION OF INJURY,0,0,0,0,0,2,0,18,1,8,41.878081496,-87.7406714498,POINT (-87.740671449796 41.878081496031)
23f3c5509849c21da6a1a740adaaa11a67a5cee401a40469bccc19acb528466ce6147dee147425c576d0e0a8919dd7cb44e640522abc31a6e63d73155623fbb2,Y,08/24/2025 06:45:00 PM,35,NO CONTROLS,NO CONTROLS,CLEAR,DAYLIGHT,PEDESTRIAN,PARKING LOT,,STRAIGHT ON GRADE,UNKNOWN,UNKNOWN,NOT ON SCENE (DESK REPORT),INJURY AND / OR TOW DUE TO CRASH,,,,$500 OR LESS,08/24/2025 06:49:00 PM,FAILING TO YIELD RIGHT-OF-WAY,UNABLE TO DETERMINE,10302,S,TORRENCE AVE,434,,,,,,,2,NONINCAPACITATING INJURY,1,0,0,1,0,1,0,18,1,8,41.7080225347,-87.5598056539,POINT (-87.559805653853 41.708022534727)
e7c0ed062f1af5318a3bd226c1e344fe39906aa0f503d14c2cf66a1d37f0d57180c2ea04d7128b1791fe02d6d9b10277c343ee470d8df615c9d4985d0eddeec0,,08/24/2025 06:45:00 PM,30,NO CONTROLS,NO CONTROLS,CLEAR,DAYLIGHT,SIDESWIPE SAME DIRECTION,NOT DIVIDED,,STRAIGHT AND LEVEL,DRY,NO DEFECTS,ON SCENE,INJURY AND / OR TOW DUE TO CRASH,,,,"OVER $1,500",08/24/2025 06:50:00 PM,IMPROPER OVERTAKING/PASSING,NOT APPLICABLE,3425,W,111TH ST,2211,,,,,,,5,NO INDICATION OF INJURY,0,0,0,0,0,4,0,18,1,8,41.6913611765,-87.7068777671,POINT (-87.706877767051 41.691361176501)
c161c409c3f14aeadc0f32e4a2dd57f244b292c5a1d3827c66e37760a9471a79c9b3640753b4e84661e5b24a4f6237a3e3f0ba596a8b42d85289b629be632f30,,08/24/2025 06:40:00 PM,30,NO CONTROLS,NO CONTROLS,CLEAR,DAYLIGHT,SIDESWIPE SAME DIRECTION,DIVIDED - W/MEDIAN (NOT RAISED),,STRAIGHT AND LEVEL,DRY,NO DEFECTS,,NO INJURY / DRIVE AWAY,,,,"OVER $1,500",08/24/2025 07:10:00 PM,UNABLE TO DETERMINE,UNABLE TO DETERMINE,700,S,CICERO AVE,1533,,,,,,,2,NO INDICATION OF INJURY,0,0,0,0,0,3,0,18,1,8,41.8720580505,-87.7450793431,POINT (-87.745079343101 41.872058050459)
7d5d5ac344f04e2ae86be5e157a668aaf9411c26544438de2a54444769f97c104d6ab95b3fd71a5536ad2a48bf0fee254108ec0cfe65512fbd71f507213244a9,,08/24/2025 06:30:00 PM,25,NO CONTROLS,NO CONTROLS,CLEAR,"DARKNESS, LIGHTED ROAD",PARKED MOTOR VEHICLE,NOT DIVIDED,,STRAIGHT AND LEVEL,DRY,NO DEFECTS,NOT ON SCENE (DESK REPORT),NO INJURY / DRIVE AWAY,,,Y,"OVER $1,500",08/25/2025 12:35:00 PM,UNABLE TO DETERMINE,UNABLE TO DETERMINE,6846,W,HOBART AVE,1612,,,,,,,2,NO INDICATION OF INJURY,0,0,0,0,0,1,0,18,1,8,41.9838159549,-87.7995363737,POINT (-87.799536373671 41.983815954911)
57784b25afc6f34181dff364fc3e13b38e2f7662fefac1238de60c0896db6f1076417e640b72dbf29f746b3133389a968ac3f09be959688fbbd9f28ccfcf1571,,08/24/2025 06:28:00 PM,30,TRAFFIC SIGNAL,FUNCTIONING PROPERLY,CLEAR,DUSK,TURNING,FOUR WAY,,STRAIGHT AND LEVEL,DRY,NO DEFECTS,ON SCENE,INJURY AND / OR TOW DUE TO CRASH,Y,,,"OVER $1,500",08/24/2025 06:28:00 PM,FAILING TO YIELD RIGHT-OF-WAY,NOT APPLICABLE,3600,W,LAKE ST,1123,,,,,,,2,"REPORTED, NOT EVIDENT",1,0,0,0,1,2,0,18,1,8,41.8850319304,-87.7160477357,POINT (-87.716047735724 41.885031930422)
fd89e91ff1bdc5755a7f9a059b52adbd53b9ff2a97d2423d42ddbf92c2a18ea3926588accd0e8fd5580d15e972f39bf3a98dc93b3f7a7fb331d218a6eee38152,,08/24/2025 06:28:00 PM,15,NO CONTROLS,NO CONTROLS,CLEAR,DAYLIGHT,PARKED MOTOR VEHICLE,NOT DIVIDED,,STRAIGHT AND LEVEL,UNKNOWN,UNKNOWN,NOT ON SCENE (DESK REPORT),INJURY AND / OR TOW DUE TO CRASH,,,Y,"OVER $1,500",08/24/2025 09:00:00 PM,UNABLE TO DETERMINE,NOT APPLICABLE,701,N,KILPATRICK AVE,1111,,,,,,,2,NO INDICATION OF INJURY,0,0,0,0,0,1,0,18,1,8,41.8932487213,-87.7433182431,POINT (-87.743318243093 41.893248721349)
0cabd8bbec4a6a9e99bc733997bfd6b8890355453d978490f94505c8ed53d92cb918721255a73b7f8645b49facc12876a034349f7c818dce381b4a209d04ca62,,08/24/2025 06:25:00 PM,30,NO CONTROLS,NO CONTROLS,CLEAR,DAYLIGHT,PARKED MOTOR VEHICLE,NOT DIVIDED,,STRAIGHT AND LEVEL,DRY,NO DEFECTS,ON SCENE,NO INJURY / DRIVE AWAY,,,Y,"$501 - $1,500",08/24/2025 07:07:00 PM,DRIVING ON WRONG SIDE/WRONG WAY,NOT APPLICABLE,12114,S,LOWE AVE,523,,,,,,,2,NO INDICATION OF INJURY,0,0,0,0,0,1,0,18,1,8,41.6737022472,-87.6383082641,POINT (-87.638308264067 41.673702247216)
969b9c184338bd760429492e0c9b5981875efe3d5a4a20cf7e36c3d901dbe66e205afdf71e561693891299a4c22a8d96781aaeb8a83b6adcdd03914cc3065e6c,,08/24/2025 06:24:00 PM,30,NO CONTROLS,NO CONTROLS,CLEAR,DAYLIGHT,PARKED MOTOR VEHICLE,NOT DIVIDED,,STRAIGHT AND LEVEL,DRY,NO DEFECTS,ON SCENE,INJURY AND / OR TOW DUE TO CRASH,,,,"OVER $1,500",08/24/2025 06:27:00 PM,IMPROPER TURNING/NO SIGNAL,DRIVING SKILLS/KNOWLEDGE/EXPERIENCE,4254,W,31ST ST,1031,,,,,,,2,NO INDICATION OF INJURY,0,0,0,0,0,2,0,18,1,8,41.8369132254,-87.7314112956,POINT (-87.731411295602 41.836913225394)
29c555e83ddcfb212024213ea18bffb1937ef4e75455f99a1b9585314aba5dd91ef06a6982d8f6e6a5b2dc8f1dff3a7b01476452e3b790a94b026ede77f55b6b,,08/24/2025 06:20:00 PM,30,NO CONTROLS,NO CONTROLS,CLEAR,DUSK,ANGLE,NOT DIVIDED,,STRAIGHT AND LEVEL,DRY,NO DEFECTS,NOT ON SCENE (DESK REPORT),NO INJURY / DRIVE AWAY,Y,,,"$501 - $1,500",08/24/2025 10:18:00 PM,DISREGARDING STOP SIGN,UNABLE TO DETERMINE,198,W,72ND ST,731,,,,,,,2,NO INDICATION OF INJURY,0,0,0,0,0,2,0,18,1,8,41.7637221378,-87.6296837572,POINT (-87.629683757155 41.763722137767)
cae082cdb931b8b054714db6ccb3b40285e3d657c0803eb20e295d59632ea946f624debe510cf09a1bb52dab4af53889ed802b559bf44758ecff25c8e65cbf82,,08/24/2025 06:20:00 PM,30,NO CONTROLS,NO CONTROLS,CLEAR,DAWN,REAR END,NOT DIVIDED,,STRAIGHT AND LEVEL,DRY,NO DEFECTS,NOT ON SCENE (DESK REPORT),NO INJURY / DRIVE AWAY,,,,$500 OR LESS,08/24/2025 06:30:00 PM,UNABLE TO DETERMINE,UNABLE TO DETERMINE,855,E,111TH ST,531,,,,,,,2,NO INDICATION OF INJURY,0,0,0,0,0,3,0,18,1,8,41.6927572749,-87.6007561686,POINT (-87.600756168639 41.692757274891)
33ff1503f6bea430202bfd42f36fc47121eec004b543d26c198dcb660ca7999202e442742d12207d33f255f8feaaafffc901abca7dd5796180c6adf45552ea01,,08/24/2025 06:14:00 PM,45,TRAFFIC SIGNAL,FUNCTIONING PROPERLY,CLEAR,DAYLIGHT,REAR END,NOT DIVIDED,,STRAIGHT AND LEVEL,DRY,NO DEFECTS,,INJURY AND / OR TOW DUE TO CRASH,,,Y,"OVER $1,500",08/24/2025 06:28:00 PM,UNABLE TO DETERMINE,NOT APPLICABLE,100,S,LAKE SHORE DR SB,114,,,,,,,3,"REPORTED, NOT EVIDENT",1,0,0,0,1,3,0,18,1,8,41.8808560477,-87.6176358918,POINT (-87.617635891755 41.880856047671)
637854a60bd99b1008745e67bed18553b47d547058743f62494ff0a10d23f00097dd0621c5c2df8be8c97ed53b140d8cfbffe9a87b78df54510139cef63e5483,,08/24/2025 06:10:00 PM,35,UNKNOWN,UNKNOWN,CLEAR,"DARKNESS, LIGHTED ROAD",PEDESTRIAN,ONE-WAY,,STRAIGHT AND LEVEL,DRY,NO DEFECTS,ON SCENE,INJURY AND / OR TOW DUE TO CRASH,,,Y,"OVER $1,500",08/25/2025 11:00:00 PM,"OPERATING VEHICLE IN ERRATIC, RECKLESS, CARELESS, NEGLIGENT OR AGGRESSIVE MANNER",NOT APPLICABLE,151,W,ADAMS ST,122,,,,,,,2,NONINCAPACITATING INJURY,1,0,0,1,0,1,0,18,1,8,41.8792900733,-87.6323627253,POINT (-87.6323627253 41.879290073296)
8fac4133caab9842cd64ea319a3bbc03e7b7c956ec2e78d46f90e5ca7be282e2a96cdc36957375d7696894563069c8312407f5559be6b336f5f89da2cb220b65,,08/24/2025 06:10:00 PM,30,TRAFFIC SIGNAL,FUNCTIONING PROPERLY,CLEAR,DAYLIGHT,TURNING,DIVIDED - W/MEDIAN BARRIER,,STRAIGHT AND LEVEL,DRY,NO DEFECTS,ON SCENE,INJURY AND / OR TOW DUE TO CRASH,,,Y,"OVER $1,500",08/24/2025 06:15:00 PM,IMPROPER TURNING/NO SIGNAL,UNABLE TO DETERMINE,3233,S,ASHLAND AVE,912,,,,,,,2,NO INDICATION OF INJURY,0,0,0,0,0,2,0,18,1,8,41.8345847066,-87.6655169255,POINT (-87.665516925499 41.834584706558)
97a4416bb399107c4c7b2b43aed897d975468ee71772c80ee3903b2e82ff462e183512c5803bcf34e2b5593eaf58134e845bb7f78fcbaa4258aac2584662cceb,,08/24/2025 06:08:00 PM,30,TRAFFIC SIGNAL,FUNCTIONING PROPERLY,CLEAR,DAYLIGHT,REAR END,DIVIDED - W/MEDIAN (NOT RAISED),,STRAIGHT AND LEVEL,DRY,UNKNOWN,NOT ON SCENE (DESK REPORT),INJURY AND / OR TOW DUE TO CRASH,,,Y,"OVER $1,500",08/24/2025 06:45:00 PM,FOLLOWING TOO CLOSELY,NOT APPLICABLE,2400,N,CALIFORNIA AVE,1414,,,,,,,2,"REPORTED, NOT EVIDENT",2,0,0,0,2,2,0,18,1,8,41.9248962846,-87.6975620208,POINT (-87.69756202078 41.924896284559)
435fef308dbbd822bdd34f3689d5eeb8868fa6d913332c33e53be174b0d771d1861697e51879f63018aacb86061b11baa26bb7c70dc4758b64a2cbc3244da125,,08/24/2025 06:05:00 PM,30,NO CONTROLS,NO CONTROLS,CLEAR,DAYLIGHT,TURNING,DIVIDED - W/MEDIAN (NOT RAISED),,STRAIGHT AND LEVEL,DRY,NO DEFECTS,ON SCENE,INJURY AND / OR TOW DUE TO CRASH,,,,"OVER $1,500",08/24/2025 06:14:00 PM,FAILING TO YIELD RIGHT-OF-WAY,NOT APPLICABLE,4428,W,NORTH AVE,2533,,,,,,,2,INCAPACITATING INJURY,3,0,1,0,2,1,0,18,1,8,41.9098485144,-87.7373726674,POINT (-87.737372667367 41.909848514437)
56360055acee26d48ffaa38c8044a216d9623244d8e7b5e938fc913dd56608453555b594e77261dd5b751000a1bbad3116844a9129ab4dd99dedc5160e35da8b,Y,08/24/2025 06:00:00 PM,30,NO CONTROLS,NO CONTROLS,CLEAR,DAYLIGHT,PARKED MOTOR VEHICLE,ONE-WAY,,STRAIGHT AND LEVEL,UNKNOWN,UNKNOWN,NOT ON SCENE (DESK REPORT),NO INJURY / DRIVE AWAY,,,,"OVER $1,500",08/26/2025 04:30:00 PM,UNABLE TO DETERMINE,NOT APPLICABLE,3415,W,DRUMMOND PL,1412,,,,,,,2,NO INDICATION OF INJURY,0,0,0,0,0,1,0,18,1,8,41.92917194,-87.7128761721,POINT (-87.712876172118 41.929171940009)
73554fa553cdc2d6d1c20959f3ec5e5351a9096f0e2c0f0f38bce2dce11c9eb16cbcc33b2d88c13f426edb8a6c7e150ac5c649327178b652080de87432a90009,,08/24/2025 06:00:00 PM,30,NO CONTROLS,NO CONTROLS,CLEAR,DAYLIGHT,SIDESWIPE SAME DIRECTION,NOT DIVIDED,,STRAIGHT AND LEVEL,DRY,NO DEFECTS,NOT ON SCENE (DESK REPORT),NO INJURY / DRIVE AWAY,,,,"OVER $1,500",08/24/2025 07:05:00 PM,FAILING TO YIELD RIGHT-OF-WAY,DRIVING SKILLS/KNOWLEDGE/EXPERIENCE,1878,W,FULLERTON AVE,1432,,,,,,,2,NO INDICATION OF INJURY,0,0,0,0,0,4,0,18,1,8,41.9251644351,-87.67558174,POINT (-87.675581739972 41.925164435102)
7e1e810d2cb00c985e30b8ad872d66483b6514a06e1e3d8ffe02b1a21f289a05407a85ce121ba78e6923c7c8a9971b8ea1ffd435fd35893dd898c5556cab37a4,,08/24/2025 06:00:00 PM,35,UNKNOWN,UNKNOWN,UNKNOWN,UNKNOWN,REAR END,UNKNOWN,,STRAIGHT AND LEVEL,UNKNOWN,UNKNOWN,NOT ON SCENE (DESK REPORT),NO INJURY / DRIVE AWAY,,,,"OVER $1,500",08/24/2025 06:20:00 PM,UNABLE TO DETERMINE,UNABLE TO DETERMINE,2611,W,59TH ST,824,,,,,,,2,NO INDICATION OF INJURY,0,0,0,0,0,3,0,18,1,8,41.7863693614,-87.6892331559,POINT (-87.689233155935 41.78636936139)
8888b2a81faf8ea7216ff0fd63b0b47e52c1b92b95469f5f4acaa15c1ed191697fe6ea400ecab8217a2ca647ba6f20e0782bbd6c5c25cb2a042c04b519fc7050,,08/24/2025 06:00:00 PM,30,TRAFFIC SIGNAL,FUNCTIONING PROPERLY,CLEAR,DAWN,TURNING,CENTER TURN LANE,,STRAIGHT AND LEVEL,DRY,NO DEFECTS,ON SCENE,NO INJURY / DRIVE AWAY,,,Y,"OVER $1,500",08/24/2025 06:30:00 PM,IMPROPER OVERTAKING/PASSING,DISREGARDING TRAFFIC SIGNALS,199,S,JEFFERSON ST,121,,,,,,,2,NO INDICATION OF INJURY,0,0,0,0,0,2,0,18,1,8,41.8793397367,-87.6424322448,POINT (-87.642432244761 41.879339736656)
95da5c5c359748f0fbad480e95d84e78d0083607cfd35de4abd92c879490677aae5ec5ca6a65b2b9043a0403f92df2a59566db3a868788677b63b82c08787a44,,08/24/2025 06:00:00 PM,30,TRAFFIC SIGNAL,FUNCTIONING PROPERLY,CLEAR,DAYLIGHT,SIDESWIPE OPPOSITE DIRECTION,NOT DIVIDED,,STRAIGHT AND LEVEL,DRY,NO DEFECTS,NOT ON SCENE (DESK REPORT),NO INJURY / DRIVE AWAY,,,Y,"$501 - $1,500",08/25/2025 05:00:00 PM,IMPROPER LANE USAGE,FOLLOWING TOO CLOSELY,3901,S,ARCHER AVE,921,,,,,,,2,NO INDICATION OF INJURY,0,0,0,0,0,2,0,18,1,8,41.8227408108,-87.689909789,POINT (-87.689909789049 41.822740810808)
98655e50ddf79ac1b09feb957f4ad703c1a5875c56f2d905badc7bc8948cc02de444ce6825608c72f331f1a538839ca566e3d368c81f9c1b019c5a0821418174,,08/24/2025 06:00:00 PM,25,NO CONTROLS,NO CONTROLS,CLEAR,DAYLIGHT,SIDESWIPE SAME DIRECTION,NOT DIVIDED,,STRAIGHT AND LEVEL,DRY,NO DEFECTS,NOT ON SCENE (DESK REPORT),NO INJURY / DRIVE AWAY,,,,"OVER $1,500",08/24/2025 06:20:00 PM,IMPROPER OVERTAKING/PASSING,IMPROPER OVERTAKING/PASSING,633,S,PLYMOUTH CT,123,,,,,,,2,NO INDICATION OF INJURY,0,0,0,0,0,2,0,18,1,8,41.8736343079,-87.6285266794,POINT (-87.628526679385 41.8736343079)
c0c6443360ab17c896ffdece8e705091e383418f5344a95a12a409bb407267ac5a6b9ec93eb750094f20de886d83cbe5228974eb610b88d563438896da184c4c,,08/24/2025 06:00:00 PM,10,NO CONTROLS,NO CONTROLS,CLEAR,DAYLIGHT,PARKED MOTOR VEHICLE,PARKING LOT,,STRAIGHT AND LEVEL,DRY,NO DEFECTS,NOT ON SCENE (DESK REPORT),NO INJURY / DRIVE AWAY,,Y,,"OVER $1,500",08/24/2025 07:45:00 PM,UNABLE TO DETERMINE,NOT APPLICABLE,2200,W,DEVON AVE,2412,,,,,,,2,NO INDICATION OF INJURY,0,0,0,0,0,1,0,18,1,8,41.9979215809,-87.6850747999,POINT (-87.685074799889 41.997921580923)
086f25d4e26eda935a38ab6f087952aa5c8f77db01e04c0ddd9a319281e7ecc8a4397b4f564804fed1ac7295f18b2881c92fdde158948305d8f3b7bd14354a41,,08/24/2025 05:55:00 PM,10,NO CONTROLS,NO CONTROLS,CLEAR,DAYLIGHT,OTHER OBJECT,ALLEY,,STRAIGHT AND LEVEL,DRY,NO DEFECTS,NOT ON SCENE (DESK REPORT),NO INJURY / DRIVE AWAY,,Y,,"OVER $1,500",08/25/2025 05:30:00 PM,DRIVING SKILLS/KNOWLEDGE/EXPERIENCE,UNABLE TO DETERMINE,6650,S,WOLCOTT AVE,726,,,,,,,1,NO INDICATION OF INJURY,0,0,0,0,0,1,0,17,1,8,41.7724187164,-87.6714548351,POINT (-87.671454835079 41.772418716368)
bdd13e9cf69906392042b0c9f689f95387e8c8f5fa77c2929b76c8a21cf0699a129c46ca6e04db659fb06ae5586b83b87ea21899915cc4f68d86777076f5a567,,08/24/2025 05:33:00 PM,30,NO CONTROLS,NO CONTROLS,CLEAR,DAYLIGHT,PEDALCYCLIST,NOT DIVIDED,,STRAIGHT AND LEVEL,DRY,NO DEFECTS,ON SCENE,INJURY AND / OR TOW DUE TO CRASH,,,,$500 OR LESS,08/24/2025 05:41:00 PM,"VISION OBSCURED (SIGNS, TREE LIMBS, BUILDINGS, ETC.)",UNABLE TO DETERMINE,3712,N,SOUTHPORT AVE,1922,,,Y,,,,2,NONINCAPACITATING INJURY,1,0,0,1,0,1,0,17,1,8,41.9493174292,-87.6642260551,POINT (-87.664226055117 41.949317429195)
3b6b043c25bc970b7fa8079c22b81035bf137f68f0833e950e8927c825aa20c78b4923ae9601308f558c96882d398679c3f5bb546964127379f160d46552e5b1,,08/24/2025 05:32:00 PM,30,TRAFFIC SIGNAL,FUNCTIONING PROPERLY,CLEAR,DAYLIGHT,REAR END,ONE-WAY,,STRAIGHT AND LEVEL,DRY,NO DEFECTS,ON SCENE,NO INJURY / DRIVE AWAY,,,,"$501 - $1,500",08/24/2025 05:32:00 PM,FAILING TO REDUCE SPEED TO AVOID CRASH,UNABLE TO DETERMINE,8300,S,LAFAYETTE AVE,622,,,,,,,2,NO INDICATION OF INJURY,0,0,0,0,0,7,0,17,1,8,41.743541848,-87.6257732415,POINT (-87.625773241467 41.743541847975)
1960f4e13f52ee55ab9165c8826e06063663fa2c7d619cf67185241fcd2ccd367f1cbb1dc77431c92dab0592ba723b6547622cf11ca4244331e26f3292007cf1,Y,08/24/2025 05:30:00 PM,25,NO CONTROLS,NO CONTROLS,CLEAR,DAYLIGHT,PARKED MOTOR VEHICLE,ONE-WAY,,STRAIGHT AND LEVEL,DRY,NO DEFECTS,NOT ON SCENE (DESK REPORT),NO INJURY / DRIVE AWAY,,,Y,"OVER $1,500",08/24/2025 06:20:00 PM,UNABLE TO DETERMINE,UNABLE TO DETERMINE,410,N,LECLAIRE AVE,1532,,,,,,,2,NO INDICATION OF INJURY,0,0,0,0,0,1,0,17,1,8,41.8881931028,-87.7530543516,POINT (-87.753054351602 41.888193102799)
abbd220371e2e5b490027090948989e448f4c3dfed0e0af18243ab6738ba81e3567ff6a0266fc5ae31bd7f0f5aad5ee01a2dfeb490556ef8123968c54c045b42,,08/24/2025 05:30:00 PM,30,NO CONTROLS,NO CONTROLS,CLEAR,DAYLIGHT,ANGLE,PARKING LOT,,STRAIGHT AND LEVEL,DRY,NO DEFECTS,ON SCENE,NO INJURY / DRIVE AWAY,,Y,,"OVER $1,500",08/24/2025 05:38:00 PM,UNABLE TO DETERMINE,UNABLE TO DETERMINE,4935,N,BROADWAY,2033,,,,,,,2,NO INDICATION OF INJURY,0,0,0,0,0,2,0,17,1,8,41.9725020008,-87.6596161953,POINT (-87.659616195338 41.972502000824)
1f3233a9374306ac2dfce3aaa4036d6444c404ab52b34520647bb64043dbfa8dff264e19304e77435b9706c6205b30ecaef8a0c05e629c106fb41f611d092486,,08/24/2025 05:25:00 PM,25,NO CONTROLS,NO CONTROLS,CLEAR,DAYLIGHT,PARKED MOTOR VEHICLE,ONE-WAY,,STRAIGHT AND LEVEL,DRY,NO DEFECTS,ON SCENE,NO INJURY / DRIVE AWAY,,,Y,"OVER $1,500",08/24/2025 05:25:00 PM,UNABLE TO DETERMINE,NOT APPLICABLE,5445,S,SAYRE AVE,811,,,,,,,2,NO INDICATION OF INJURY,0,0,0,0,0,1,0,17,1,8,41.7926746143,-87.796328626,POINT (-87.796328625998 41.79267461429)
5606ed2146a888857ad2277ea40dd74470eaecc3e7fe9b880780828f30a39f608ab565e0ed4a7ae7f338157aab64942ffa3f92c8e24770a81b93b33b13fc3d20,,08/24/2025 05:25:00 PM,30,NO CONTROLS,NO CONTROLS,CLEAR,DAYLIGHT,PARKED MOTOR VEHICLE,NOT DIVIDED,,STRAIGHT AND LEVEL,DRY,NO DEFECTS,ON SCENE,NO INJURY / DRIVE AWAY,,,Y,"OVER $1,500",08/24/2025 05:29:00 PM,UNABLE TO DETERMINE,NOT APPLICABLE,4721,N,CENTRAL PARK AVE,1723,,,,,,,2,NO INDICATION OF INJURY,0,0,0,0,0,1,0,17,1,8,41.9671871621,-87.7180705337,POINT (-87.718070533711 41.967187162145)
3d50267aaaef98095de8811ac095b280ddad8a4b7a9aa22f96b2ee915cf7ad4fc736cba9542cefc854873f2e9f0285c7cfa95a34ac568bb0b735bc15948a6a11,,08/24/2025 05:18:00 PM,25,PEDESTRIAN CROSSING SIGN,OTHER,CLEAR,DAYLIGHT,PEDESTRIAN,NOT DIVIDED,,STRAIGHT AND LEVEL,DRY,NO DEFECTS,ON SCENE,INJURY AND / OR TOW DUE TO CRASH,,,,"OVER $1,500",08/24/2025 05:35:00 PM,UNABLE TO DETERMINE,UNABLE TO DETERMINE,740,N,KEDZIE AVE,1121,,,,,,,2,INCAPACITATING INJURY,3,0,1,0,2,0,0,17,1,8,41.8949484802,-87.7066850599,POINT (-87.706685059886 41.894948480169)
e11804a1aef4c8577f5982943cb9dffa296b8db7759bceb853aecc07649cba64e27aa343aa57d383e929798f6e561a877eedf772737823bd405e2509389ee982,,08/24/2025 05:15:00 PM,30,NO CONTROLS,NO CONTROLS,CLEAR,DAYLIGHT,PARKED MOTOR VEHICLE,DIVIDED - W/MEDIAN BARRIER,,STRAIGHT AND LEVEL,DRY,NO DEFECTS,ON SCENE,NO INJURY / DRIVE AWAY,,,Y,"OVER $1,500",08/24/2025 05:17:00 PM,UNABLE TO DETERMINE,NOT APPLICABLE,1834,W,IRVING PARK RD,1912,,,,,,,2,NO INDICATION OF INJURY,0,0,0,0,0,1,0,17,1,8,41.9543078114,-87.6755660384,POINT (-87.675566038448 41.954307811428)
0f664dc26d8ad244d563ec57ddd7814d999a254b48008230af53ce3cc7a1b5b97f82c8e990acd27d1097ce5f6dc1e263a0f294afb3f3d37cef3a02b1073ea5f7,,08/24/2025 05:13:00 PM,20,NO CONTROLS,NO CONTROLS,CLEAR,DAYLIGHT,PARKED MOTOR VEHICLE,ONE-WAY,,STRAIGHT AND LEVEL,DRY,NO DEFECTS,ON SCENE,NO INJURY / DRIVE AWAY,,,Y,"OVER $1,500",08/24/2025 05:25:00 PM,IMPROPER LANE USAGE,NOT APPLICABLE,5020,S,KOLIN AVE,815,,,,,,,2,NO INDICATION OF INJURY,0,0,0,0,0,1,0,17,1,8,41.801625505,-87.7321236644,POINT (-87.732123664402 41.801625505028)
9862d57ed4956f101e9098d9677479ab36fbd5e9ac4f14df12f922bb9dbebcd944f2ad7fa42dc4d606c1a9b5803d8481cd2228ee3b454b880de434f464c2f628,,08/24/2025 05:10:00 PM,30,STOP SIGN/FLASHER,FUNCTIONING PROPERLY,CLEAR,DAYLIGHT,SIDESWIPE SAME DIRECTION,NOT DIVIDED,,STRAIGHT AND LEVEL,DRY,NO DEFECTS,NOT ON SCENE (DESK REPORT),NO INJURY / DRIVE AWAY,,,,"OVER $1,500",08/24/2025 05:50:00 PM,DISREGARDING TRAFFIC SIGNALS,NOT APPLICABLE,3442,W,CERMAK RD,1024,,,,,,,2,NO INDICATION OF INJURY,0,0,0,0,0,2,0,17,1,8,41.851942079,-87.7118768701,POINT (-87.711876870118 41.851942078955)
b5f43e38dfd45141c00afbce1a5c5b98ef6a000e3e0aa599688e2e0a221349a74223b598d724f3b244634379f928b23957077a2228a285d71b306c3417b0032b,,08/24/2025 05:10:00 PM,30,TRAFFIC SIGNAL,FUNCTIONING PROPERLY,CLEAR,DAYLIGHT,SIDESWIPE SAME DIRECTION,NOT DIVIDED,,STRAIGHT ON GRADE,DRY,UNKNOWN,NOT ON SCENE (DESK REPORT),NO INJURY / DRIVE AWAY,,,Y,"OVER $1,500",08/24/2025 05:25:00 PM,"OPERATING VEHICLE IN ERRATIC, RECKLESS, CARELESS, NEGLIGENT OR AGGRESSIVE MANNER",UNABLE TO DETERMINE,301,W,87TH ST,634,,,,,,,2,NO INDICATION OF INJURY,0,0,0,0,0,4,0,17,1,8,41.7358860336,-87.6315726708,POINT (-87.63157267078 41.735886033637)