CRASH_RECORD_ID,CRASH_DATE_EST_I,CRASH_DATE,POSTED_SPEED_LIMIT,TRAFFIC_CONTROL_DEVICE,DEVICE_CONDITION,WEATHER_CONDITION,LIGHTING_CONDITION,FIRST_CRASH_TYPE,TRAFFICWAY_TYPE,LANE_CNT,ALIGNMENT,ROADWAY_SURFACE_COND,ROAD_DEFECT,REPORT_TYPE,CRASH_TYPE,INTERSECTION_RELATED_I,NOT_RIGHT_OF_WAY_I,HIT_AND_RUN_I,DAMAGE,DATE_POLICE_NOTIFIED,PRIM_CONTRIBUTORY_CAUSE,SEC_CONTRIBUTORY_CAUSE,STREET_NO,STREET_DIRECTION,STREET_NAME,BEAT_OF_OCCURRENCE,PHOTOS_TAKEN_I,STATEMENTS_TAKEN_I,DOORING_I,WORK_ZONE_I,WORK_ZONE_TYPE,WORKERS_PRESENT_I,NUM_UNITS,MOST_SEVERE_INJURY,INJURIES_TOTAL,INJURIES_FATAL,INJURIES_INCAPACITATING,INJURIES_NON_INCAPACITATING,INJURIES_REPORTED_NOT_EVIDENT,INJURIES_NO_INDICATION,INJURIES_UNKNOWN,CRASH_HOUR,CRASH_DAY_OF_WEEK,CRASH_MONTH,LATITUDE,LONGITUDE,LOCATION
c95b7f012e9370fa243f30abb567fef9aa2bc1a407932502c31e0ca455c0d106a25dba6c6315eb279f240b4ae11b8f496c9a4501d7e12ed2e0cc4ca02bc7def7,,08/24/2025 05:10:00 PM,30,TRAFFIC SIGNAL,FUNCTIONING PROPERLY,CLEAR,DAYLIGHT,REAR END,NOT DIVIDED,,STRAIGHT AND LEVEL,DRY,NO DEFECTS,NOT ON SCENE (DESK REPORT),NO INJURY / DRIVE AWAY,,,Y,"OVER $1,500",08/24/2025 05:50:00 PM,UNABLE TO DETERMINE,UNABLE TO DETERMINE,4700,W,LEXINGTON ST,1131,,,,,,,2,NO INDICATION OF INJURY,0,0,0,0,0,5,0,17,1,8,41.8713531594,-87.7426275452,POINT (-87.742627545161 41.871353159432)
dc408d5ccf2736128fce6cda0f0b5f8e6d55fdc11b1ecaa25719aca6faa09f10b61826b05f4b1675bc14908a9a41a983396d8abdb395882ef55c10700df12c35,,08/24/2025 05:10:00 PM,30,TRAFFIC SIGNAL,FUNCTIONING PROPERLY,CLEAR,DAYLIGHT,SIDESWIPE SAME DIRECTION,ONE-WAY,,STRAIGHT AND LEVEL,DRY,NO DEFECTS,,NO INJURY / DRIVE AWAY,Y,,N,$500 OR LESS,08/24/2025 05:17:00 PM,UNABLE TO DETERMINE,DRIVING SKILLS/KNOWLEDGE/EXPERIENCE,20,E,ADAMS ST,112,,,,,,,2,NO INDICATION OF INJURY,0,0,0,0,0,2,0,17,1,8,41.8796081254,-87.626999113,POINT (-87.626999112973 41.879608125405)
89852760db3b4832211768902c0dbb3483c9d5e8ad72c80e3d9a4baf9766f15f6bdbc4315b78290ffafc35fba8681553d87b7f15c33a8b3d6fd9dea9f73a98e4,,08/24/2025 05:09:00 PM,30,STOP SIGN/FLASHER,FUNCTIONING PROPERLY,CLEAR,DAYLIGHT,ANGLE,FOUR WAY,,STRAIGHT AND LEVEL,DRY,NO DEFECTS,ON SCENE,INJURY AND / OR TOW DUE TO CRASH,,,,"OVER $1,500",08/24/2025 05:09:00 PM,FAILING TO YIELD RIGHT-OF-WAY,DISREGARDING STOP SIGN,6034,N,WOLCOTT AVE,2413,,,,,,,2,NO INDICATION OF INJURY,0,0,0,0,0,2,0,17,1,8,41.9918066518,-87.6772515273,POINT (-87.677251527332 41.991806651784)
32ab633ad703dd8692f121ce64c68e7ba25913b5445de6559d9259e8f1780f26591c09c24ef0ffd68ccca35ee2e732f640f93c7fa85cf3cd302fefc86338e541,,08/24/2025 05:00:00 PM,30,TRAFFIC SIGNAL,FUNCTIONING PROPERLY,CLEAR,DAYLIGHT,TURNING,FOUR WAY,,STRAIGHT AND LEVEL,DRY,NO DEFECTS,ON SCENE,NO INJURY / DRIVE AWAY,Y,,,"OVER $1,500",08/24/2025 05:14:00 PM,UNABLE TO DETERMINE,UNABLE TO DETERMINE,101,N,WACKER DR,122,,,,,,,2,NO INDICATION OF INJURY,0,0,0,0,0,2,0,17,1,8,41.8832343478,-87.6366490619,POINT (-87.636649061859 41.883234347768)
84d13c68cd8db862c05dd691ca246e4f582da5fdd19f374eac0c62a7fa279b60ccd0734a3f11ffb2add6db60bc964f026f9c60067188385fe94a08439937f50b,,08/24/2025 05:00:00 PM,30,NO CONTROLS,NO CONTROLS,CLEAR,DAYLIGHT,PARKED MOTOR VEHICLE,DIVIDED - W/MEDIAN (NOT RAISED),,STRAIGHT AND LEVEL,DRY,UNKNOWN,NOT ON SCENE (DESK REPORT),NO INJURY / DRIVE AWAY,,,Y,"$501 - $1,500",08/28/2025 04:41:00 PM,UNABLE TO DETERMINE,UNABLE TO DETERMINE,5135,N,ASHLAND AVE,2032,,,,,,,2,NO INDICATION OF INJURY,0,0,0,0,0,1,0,17,1,8,41.9753598043,-87.6694521226,POINT (-87.669452122633 41.975359804323)
87b8de92a0beed00e60a2cec8dcd56257ad734bbbc0f214021b5d825e1ae5d1cc0607714aa7ea95362fc4da4562edefd2a919a6815b138a08252849d06299b3e,,08/24/2025 05:00:00 PM,20,NO CONTROLS,NO CONTROLS,CLEAR,DAYLIGHT,FIXED OBJECT,DIVIDED - W/MEDIAN (NOT RAISED),,STRAIGHT AND LEVEL,UNKNOWN,OTHER,NOT ON SCENE (DESK REPORT),INJURY AND / OR TOW DUE TO CRASH,,,,"OVER $1,500",08/25/2025 07:50:00 PM,UNABLE TO DETERMINE,NOT APPLICABLE,1364,N,WOLCOTT AVE,1424,,,,,,,1,NO INDICATION OF INJURY,0,0,0,0,0,1,0,17,1,8,41.9065380767,-87.6737472864,POINT (-87.6737472864 41.906538076675)
c4fc5917cb5888ef4846ac409771df31e8834d90738f5dbce590386cf30939fbce595a504f3a27c231ef488a76bbc8c5e3b4dad2b689fa74c8d8de3494d274a7,,08/24/2025 04:55:00 PM,20,STOP SIGN/FLASHER,FUNCTIONING PROPERLY,CLEAR,DAYLIGHT,TURNING,T-INTERSECTION,,STRAIGHT AND LEVEL,DRY,NO DEFECTS,ON SCENE,NO INJURY / DRIVE AWAY,Y,,,"$501 - $1,500",08/24/2025 04:57:00 PM,FAILING TO YIELD RIGHT-OF-WAY,"VISION OBSCURED (SIGNS, TREE LIMBS, BUILDINGS, ETC.)",156,W,VAN BUREN ST,122,,,,,,,2,NO INDICATION OF INJURY,0,0,0,0,0,2,0,16,1,8,41.8769792361,-87.6327152957,POINT (-87.63271529572 41.876979236087)
5f54ebae2e101fe82a62efef90b13aec7a885df228b95daa163ee732729e97a6ac86bfc0433f99a0bc904a605ffd3a682c6e73952b62c897d8685a5b63df5f6e,,08/24/2025 04:51:00 PM,30,TRAFFIC SIGNAL,UNKNOWN,CLEAR,DAYLIGHT,SIDESWIPE SAME DIRECTION,NOT DIVIDED,,STRAIGHT AND LEVEL,DRY,NO DEFECTS,ON SCENE,NO INJURY / DRIVE AWAY,,,,"OVER $1,500",08/24/2025 04:53:00 PM,FAILING TO YIELD RIGHT-OF-WAY,IMPROPER OVERTAKING/PASSING,2300,N,CALIFORNIA AVE,1414,,,,,,,2,NO INDICATION OF INJURY,0,0,0,0,0,2,0,16,1,8,41.9229510761,-87.6975102782,POINT (-87.697510278175 41.922951076111)
35c9409bc95cb99fb0167fd42ca80c81c665dd81a6330f6400568610312a7fef187097bef6bb07b59b644476d69815afffed3c425e862168d78b52bf7491fe84,,08/24/2025 04:50:00 PM,30,TRAFFIC SIGNAL,FUNCTIONING PROPERLY,CLEAR,DAYLIGHT,TURNING,"FIVE POINT, OR MORE",,STRAIGHT AND LEVEL,DRY,NO DEFECTS,ON SCENE,NO INJURY / DRIVE AWAY,,,,"OVER $1,500",08/24/2025 05:08:00 PM,DISREGARDING TRAFFIC SIGNALS,FAILING TO REDUCE SPEED TO AVOID CRASH,1600,E,79TH ST,411,,,,,,,2,NO INDICATION OF INJURY,0,0,0,0,0,4,0,16,1,8,41.7516115233,-87.5855922843,POINT (-87.585592284288 41.751611523273)
c62d3786b4a30edf0c926fe9de860a04a99ef80fd5e659cf15a18e4cf0e32ba96c1a8c9bb4bfe97e882fb31560f41680d2abff229058792f404e72aeeb365450,Y,08/24/2025 04:50:00 PM,30,TRAFFIC SIGNAL,FUNCTIONING PROPERLY,CLEAR,DAYLIGHT,SIDESWIPE SAME DIRECTION,DIVIDED - W/MEDIAN BARRIER,,STRAIGHT AND LEVEL,DRY,NO DEFECTS,ON SCENE,NO INJURY / DRIVE AWAY,,,Y,"OVER $1,500",08/24/2025 05:00:00 PM,UNABLE TO DETERMINE,UNABLE TO DETERMINE,435,N,MICHIGAN AVE,1834,,,,,,,2,NO INDICATION OF INJURY,0,0,0,0,0,2,0,16,1,8,41.8904241598,-87.6239654778,POINT (-87.623965477756 41.890424159772)
02008fd65aac76acd01844e166b6aeadd08792994a4be4104605942308bc78538372811bd73bea73ea6bf666604a8db17bb0bfab8404925ea670ce16e5a5ff23,,08/24/2025 04:40:00 PM,30,NO CONTROLS,NO CONTROLS,CLEAR,DAYLIGHT,SIDESWIPE SAME DIRECTION,DIVIDED - W/MEDIAN (NOT RAISED),,STRAIGHT AND LEVEL,DRY,NO DEFECTS,ON SCENE,INJURY AND / OR TOW DUE TO CRASH,,,,"OVER $1,500",08/24/2025 04:43:00 PM,FAILING TO YIELD RIGHT-OF-WAY,UNABLE TO DETERMINE,1212,N,HOMAN AVE,1422,,,,,,,2,NO INDICATION OF INJURY,0,0,0,0,0,3,0,16,1,8,41.9031835411,-87.7118339645,POINT (-87.711833964473 41.903183541111)
e28a1322ba76291cdfabd4546e98792cfad48829785f882a2355ce7c84525a52f3c9d4b62aae7b4da7ff21b8172769433e73e8bdda0d8c629c1f7bb52d2aad3a,,08/24/2025 04:35:00 PM,20,TRAFFIC SIGNAL,FUNCTIONING PROPERLY,CLEAR,DAYLIGHT,TURNING,NOT DIVIDED,,STRAIGHT AND LEVEL,DRY,NO DEFECTS,NOT ON SCENE (DESK REPORT),NO INJURY / DRIVE AWAY,,,,"$501 - $1,500",08/25/2025 10:30:00 AM,NOT APPLICABLE,NOT APPLICABLE,910,W,FOSTER AVE,2023,,,,,,,2,NO INDICATION OF INJURY,0,0,0,0,0,2,0,16,1,8,41.9765355416,-87.6530392766,POINT (-87.65303927656 41.976535541568)
661deed66f30303fab9f8ca7ffc225ee9b217976345df07d95d5cb6d3869ecdcb6ca83ce60f443d4e55fb582ee1fc477d6ec90852fd6e3776b42aa87255a4d6d,,08/24/2025 04:31:00 PM,25,NO CONTROLS,NO CONTROLS,CLEAR,DAYLIGHT,FIXED OBJECT,ONE-WAY,,STRAIGHT AND LEVEL,DRY,NO DEFECTS,ON SCENE,INJURY AND / OR TOW DUE TO CRASH,,,,"OVER $1,500",08/24/2025 04:31:00 PM,UNABLE TO DETERMINE,NOT APPLICABLE,6800,S,DANTE AVE,332,,,,,,,1,NO INDICATION OF INJURY,0,0,0,0,0,1,0,16,1,8,41.7713878423,-87.5897284344,POINT (-87.589728434401 41.77138784226)
4ab7d11a37304a72092f522ddba15f340f704a52191ec4530dfb4e64003497afd58eec317e719a65c46cf31fdc1403e067230b4ebed6989ab9632c244930a3c0,,08/24/2025 04:30:00 PM,25,UNKNOWN,UNKNOWN,UNKNOWN,UNKNOWN,SIDESWIPE SAME DIRECTION,NOT DIVIDED,,STRAIGHT AND LEVEL,UNKNOWN,UNKNOWN,NOT ON SCENE (DESK REPORT),NO INJURY / DRIVE AWAY,,,,"OVER $1,500",08/24/2025 05:15:00 PM,NOT APPLICABLE,NOT APPLICABLE,550,N,STATE ST,1831,,,,,,,2,NO INDICATION OF INJURY,0,0,0,0,0,2,0,16,1,8,41.8924213661,-87.6282348711,POINT (-87.628234871137 41.892421366131)
7a37c9e95f675a0a255f93cc5c6f109ebc38ad1b4d349506b54b5ee3f25ad38ed24d81b6167e68fcd6cacf1ef453ee4575891db11593199872b88bc6e6a3ab7a,,08/24/2025 04:30:00 PM,30,NO CONTROLS,NO CONTROLS,CLEAR,DAYLIGHT,PARKED MOTOR VEHICLE,NOT DIVIDED,,STRAIGHT AND LEVEL,DRY,NO DEFECTS,ON SCENE,NO INJURY / DRIVE AWAY,,,Y,"OVER $1,500",08/24/2025 04:51:00 PM,UNABLE TO DETERMINE,UNABLE TO DETERMINE,1759,W,90TH ST,2221,,,,,,,2,NO INDICATION OF INJURY,0,0,0,0,0,1,0,16,1,8,41.7301010413,-87.6676792932,POINT (-87.667679293169 41.730101041327)
a3f825815a0d59502c76d37a51be61b9da823e3c323fea0460b1e57a6ceebcd2440527e031c4cee515ab77d5af320a92d97c8f57565944d3bc0687f67c16f789,,08/24/2025 04:30:00 PM,30,NO CONTROLS,NO CONTROLS,CLEAR,DAYLIGHT,PARKED MOTOR VEHICLE,DIVIDED - W/MEDIAN (NOT RAISED),,STRAIGHT AND LEVEL,UNKNOWN,NO DEFECTS,NOT ON SCENE (DESK REPORT),NO INJURY / DRIVE AWAY,,,Y,"OVER $1,500",08/24/2025 05:50:00 PM,UNABLE TO DETERMINE,NOT APPLICABLE,10718,S,TORRENCE AVE,434,,,,,,,2,NO INDICATION OF INJURY,0,0,0,0,0,1,0,16,1,8,41.7003765803,-87.5597126401,POINT (-87.559712640098 41.700376580275)
0a1db970552d103ed08a6126840e33df5933d2750058b829d0d1b1035132b36b267101a896cdb4a373c0a93c3b2b6ba44c6e74d2e2e4bccfd506030abf4ad295,,08/24/2025 04:19:00 PM,30,NO CONTROLS,NO CONTROLS,CLEAR,DAYLIGHT,PARKED MOTOR VEHICLE,ONE-WAY,,STRAIGHT AND LEVEL,DRY,NO DEFECTS,ON SCENE,NO INJURY / DRIVE AWAY,,,Y,"OVER $1,500",08/24/2025 04:21:00 PM,UNABLE TO DETERMINE,UNABLE TO DETERMINE,3044,S,KILDARE AVE,1031,,,,,,,2,NO INDICATION OF INJURY,0,0,0,0,0,1,0,16,1,8,41.8372904781,-87.7317988214,POINT (-87.731798821411 41.837290478092)
c740421a6ea56169df8ff91bd56c3aef86f6144e46430a426dd11aa3460fe54e36af0e41e2399f36cf935141899d62d76fbd3d4d9d449de868faf13ab1534fec,,08/24/2025 04:16:00 PM,30,NO CONTROLS,NO CONTROLS,CLEAR,DAYLIGHT,TURNING,FOUR WAY,,STRAIGHT AND LEVEL,DRY,NO DEFECTS,ON SCENE,INJURY AND / OR TOW DUE TO CRASH,,,,"OVER $1,500",08/24/2025 04:19:00 PM,EQUIPMENT - VEHICLE CONDITION,NOT APPLICABLE,8901,S,MARSHFIELD AVE,2221,,,,,,,3,NONINCAPACITATING INJURY,3,0,0,3,0,1,0,16,1,8,,,
ec2b2b41691d44bf8030abe227d5ef81e59ee9a239a6e841062775697a51bdd21aacd520bf7a52ef2a97b2c7dd123796d7a06b30074996c76ae7c4b983d5786e,,08/24/2025 04:16:00 PM,35,STOP SIGN/FLASHER,FUNCTIONING PROPERLY,CLEAR,DAYLIGHT,ANGLE,FOUR WAY,,STRAIGHT AND LEVEL,DRY,NO DEFECTS,ON SCENE,INJURY AND / OR TOW DUE TO CRASH,,,,"OVER $1,500",08/24/2025 04:16:00 PM,FAILING TO YIELD RIGHT-OF-WAY,FAILING TO YIELD RIGHT-OF-WAY,4079,N,ELSTON AVE,1723,,,,,,,2,NO INDICATION OF INJURY,0,0,0,0,0,2,0,16,1,8,41.955325887,-87.7213137199,POINT (-87.721313719946 41.955325886986)
4d54f9f6e0e799337ce84f21ef6223ae39196d66c262d1901af137ec98b2951f1aa139d8ad949aa14c820587033da3751989f8fa4f681347e4163d5ae38a1962,,08/24/2025 04:06:00 PM,25,NO CONTROLS,NO CONTROLS,CLEAR,DAYLIGHT,PEDALCYCLIST,NOT DIVIDED,,STRAIGHT AND LEVEL,DRY,NO DEFECTS,ON SCENE,INJURY AND / OR TOW DUE TO CRASH,,,Y,$500 OR LESS,08/24/2025 04:07:00 PM,"OPERATING VEHICLE IN ERRATIC, RECKLESS, CARELESS, NEGLIGENT OR AGGRESSIVE MANNER",NOT APPLICABLE,7616,N,MARSHFIELD AVE,2422,,,,,,,3,NONINCAPACITATING INJURY,1,0,0,1,0,1,0,16,1,8,42.0199138945,-87.6720580708,POINT (-87.672058070759 42.019913894483)
a983c231cee7a6a6de416ca3c43f39e75ba57d48792727f9e4bde96c5b153a875edd34fe3ef19b04c4a0a49a2c87fc23f6bfb13ac5d1136b4236abc45190d435,,08/24/2025 04:00:00 PM,30,UNKNOWN,UNKNOWN,CLEAR,DAYLIGHT,REAR END,UNKNOWN,,STRAIGHT AND LEVEL,UNKNOWN,UNKNOWN,NOT ON SCENE (DESK REPORT),NO INJURY / DRIVE AWAY,,,Y,"OVER $1,500",08/24/2025 04:00:00 PM,UNABLE TO DETERMINE,UNABLE TO DETERMINE,2298,W,IRVING PARK RD,1911,,,,,,,2,NO INDICATION OF INJURY,0,0,0,0,0,2,0,16,1,8,41.9541593675,-87.6859840496,POINT (-87.68598404956 41.954159367462)
cf62c2cc897db9e5128bc3739df068cce6b060d5495ed243fe47f72c2b35e8d472ca287aa221fe53bd46a70c7cf93936772871fdd6d3008667ad73a8648cda8d,,08/24/2025 04:00:00 PM,30,NO CONTROLS,NO CONTROLS,CLEAR,DAYLIGHT,SIDESWIPE SAME DIRECTION,ONE-WAY,,STRAIGHT AND LEVEL,DRY,NO DEFECTS,NOT ON SCENE (DESK REPORT),NO INJURY / DRIVE AWAY,,,Y,$500 OR LESS,08/24/2025 06:05:00 PM,IMPROPER OVERTAKING/PASSING,IMPROPER OVERTAKING/PASSING,7924,S,LANGLEY AVE,624,,,,,,,2,NO INDICATION OF INJURY,0,0,0,0,0,2,0,16,1,8,41.7504698067,-87.6077855114,POINT (-87.607785511365 41.750469806726)
dcc4defdc2036ce346420bbd93df12c8c69f849d49846fc151b976c66e60775a8b7357a25543fc08571850bb10a0c806a9e4449332b4ff2ee4106f02322effa6,,08/24/2025 04:00:00 PM,30,NO CONTROLS,NO CONTROLS,CLEAR,DAYLIGHT,PARKED MOTOR VEHICLE,ONE-WAY,,STRAIGHT AND LEVEL,DRY,UNKNOWN,ON SCENE,NO INJURY / DRIVE AWAY,,,,$500 OR LESS,08/24/2025 04:18:00 PM,DRIVING SKILLS/KNOWLEDGE/EXPERIENCE,DRIVING SKILLS/KNOWLEDGE/EXPERIENCE,525,W,STRATFORD PL,1925,,,,,,,2,NO INDICATION OF INJURY,0,0,0,0,0,1,0,16,1,8,41.9457050505,-87.6428405267,POINT (-87.64284052669 41.945705050457)
dcfa3f4ce208d942a789772a4519d9d68d404f9d1d2c64555d873817591be0f51c7e2d23484185ce9ff2956ca8c91515b1befe19d637b606946c329ad7e34a7c,,08/24/2025 04:00:00 PM,30,NO CONTROLS,NO CONTROLS,CLEAR,DAYLIGHT,PARKED MOTOR VEHICLE,PARKING LOT,,STRAIGHT AND LEVEL,DRY,NO DEFECTS,NOT ON SCENE (DESK REPORT),NO INJURY / DRIVE AWAY,,Y,Y,"$501 - $1,500",08/25/2025 10:35:00 AM,UNABLE TO DETERMINE,UNABLE TO DETERMINE,3630,W,OGDEN AVE,1014,,,,,,,2,NO INDICATION OF INJURY,0,0,0,0,0,2,0,16,1,8,41.8542338852,-87.7163095948,POINT (-87.716309594777 41.85423388516)
590d245ce4f836151656e27854f34f4a5aa30c5ec8f91ac6b3e63c105510d7a999180dc887eb0938b97b71442dd211dae801642f3267c7b82ccda90076cea5ee,,08/24/2025 03:47:00 PM,30,STOP SIGN/FLASHER,NO CONTROLS,CLEAR,DAYLIGHT,REAR END,DIVIDED - W/MEDIAN BARRIER,,STRAIGHT AND LEVEL,UNKNOWN,UNKNOWN,NOT ON SCENE (DESK REPORT),NO INJURY / DRIVE AWAY,,,,"$501 - $1,500",08/24/2025 04:45:00 PM,UNABLE TO DETERMINE,NOT APPLICABLE,8001,S,ANTHONY AVE,411,,,,,,,2,NO INDICATION OF INJURY,0,0,0,0,0,2,0,15,1,8,41.7497189579,-87.5860156093,POINT (-87.586015609322 41.749718957939)
d6b9505e7c7a6beaf25bf68976487e8df4775a62893b0b2f4d47a13ec9dccb63d5a61d31295b052664c8b3142cf9f8c6d116ae482408bb57f449a1d17ae90aa2,,08/24/2025 03:46:00 PM,30,NO CONTROLS,NO CONTROLS,CLEAR,DAYLIGHT,SIDESWIPE OPPOSITE DIRECTION,NOT DIVIDED,,STRAIGHT AND LEVEL,DRY,NO DEFECTS,ON SCENE,INJURY AND / OR TOW DUE TO CRASH,,,Y,"OVER $1,500",08/24/2025 03:46:00 PM,NOT APPLICABLE,NOT APPLICABLE,4816,N,CALIFORNIA AVE,2031,,,,,,,2,NO INDICATION OF INJURY,0,0,0,0,0,5,0,15,1,8,41.9690228707,-87.6988530006,POINT (-87.69885300063 41.969022870688)
348f5e22bf6a50f78e02087d189375868f99eacb551d0718bc232c0ea7da66e4b47a10c4bda873b652526f84334a5f7bfc74b4cbde09ddd6f4eb984af6d6804c,Y,08/24/2025 03:45:00 PM,10,NO CONTROLS,NO CONTROLS,CLEAR,DAYLIGHT,PARKED MOTOR VEHICLE,PARKING LOT,,STRAIGHT AND LEVEL,DRY,NO DEFECTS,NOT ON SCENE (DESK REPORT),NO INJURY / DRIVE AWAY,,,,"OVER $1,500",08/24/2025 05:45:00 PM,IMPROPER BACKING,NOT APPLICABLE,2637,S,PULASKI RD,1031,,,,,,,2,NO INDICATION OF INJURY,0,0,0,0,0,1,0,15,1,8,41.843133975,-87.7243721609,POINT (-87.724372160876 41.843133975006)
ef0688145f4e5addc3fb51043a7d996989ca6be2ecbd87ace632d9caf3e3442b94f4bc8e5c11a48bfe7547dd81f9e1c9d1fd66a4c8dd4b9aef71a7e5836c41a9,,08/24/2025 03:40:00 PM,30,NO CONTROLS,NO CONTROLS,CLEAR,DAYLIGHT,SIDESWIPE OPPOSITE DIRECTION,NOT DIVIDED,,STRAIGHT AND LEVEL,DRY,NO DEFECTS,NOT ON SCENE (DESK REPORT),NO INJURY / DRIVE AWAY,,,Y,"OVER $1,500",08/24/2025 04:15:00 PM,UNABLE TO DETERMINE,NOT APPLICABLE,3211,E,133RD ST,433,,,,,,,2,NO INDICATION OF INJURY,0,0,0,0,0,3,0,15,1,8,41.6535655395,-87.5454437087,POINT (-87.545443708709 41.65356553954)
a98c313530eec0e15963860a3c4ac823aa2b67129c8161c456dee3b899264c2c183951e178e569bcbbd471fa9d4886f9085037892496f46c2bdca094eb4b06d8,,08/24/2025 03:33:00 PM,30,NO CONTROLS,FUNCTIONING IMPROPERLY,CLEAR,DAYLIGHT,ANGLE,DIVIDED - W/MEDIAN (NOT RAISED),,STRAIGHT AND LEVEL,DRY,NO DEFECTS,NOT ON SCENE (DESK REPORT),NO INJURY / DRIVE AWAY,,,,"$501 - $1,500",08/24/2025 04:10:00 PM,FAILING TO YIELD RIGHT-OF-WAY,NOT APPLICABLE,1600,W,HASTINGS ST,1233,,,,,,,2,NO INDICATION OF INJURY,0,0,0,0,0,2,0,15,1,8,41.8642820997,-87.6664471425,POINT (-87.666447142474 41.864282099655)
62db70b6920616ac501ddee346a3b86bf19d9b5917103109035a3564097ef1aa260936e7980eb411d52be1f412cf0a1e555a4d32b16bc3278ac6ba12fc320cf2,,08/24/2025 03:30:00 PM,30,TRAFFIC SIGNAL,FUNCTIONING PROPERLY,CLEAR,DAYLIGHT,TURNING,FOUR WAY,,STRAIGHT AND LEVEL,DRY,NO DEFECTS,NOT ON SCENE (DESK REPORT),NO INJURY / DRIVE AWAY,Y,,,"OVER $1,500",08/24/2025 04:45:00 PM,UNABLE TO DETERMINE,UNABLE TO DETERMINE,2150,W,95TH ST,2221,,,,,,,2,NO INDICATION OF INJURY,0,0,0,0,0,3,0,15,1,8,41.7211264082,-87.6768506731,POINT (-87.676850673078 41.721126408196)
988091d08be6ef8956277b5db82458e2788d74c1569bb6931ab600f5af081599f147a9547d84f3de8c0576fec637c0827b3ee8c3659c327eab4c05c2c733a492,,08/24/2025 03:30:00 PM,25,NO CONTROLS,NO CONTROLS,CLEAR,DAYLIGHT,REAR END,NOT DIVIDED,,STRAIGHT AND LEVEL,DRY,NO DEFECTS,ON SCENE,INJURY AND / OR TOW DUE TO CRASH,,,,"OVER $1,500",08/24/2025 03:35:00 PM,UNABLE TO DETERMINE,NOT APPLICABLE,2249,W,AUGUSTA BLVD,1212,,Y,,,,,3,NO INDICATION OF INJURY,0,0,0,0,0,2,0,15,1,8,41.8993231079,-87.6839822549,POINT (-87.683982254894 41.899323107891)
db8eb282f86629adfceec847b999511faeee7de432bde4159a2dc9c50122b798bc71c1f5d4ce5d9c3523d1725c1b4b181a5eec53c294b6ce3c94c2d9d96d1a1e,,08/24/2025 03:30:00 PM,30,NO CONTROLS,NO CONTROLS,CLEAR,DAYLIGHT,REAR END,NOT DIVIDED,,STRAIGHT AND LEVEL,DRY,NO DEFECTS,,NO INJURY / DRIVE AWAY,,,,"OVER $1,500",08/24/2025 04:35:00 PM,FOLLOWING TOO CLOSELY,NOT APPLICABLE,5772,S,ARCHER AVE,814,,,,,,,2,NO INDICATION OF INJURY,0,0,0,0,0,2,0,15,1,8,41.7966085865,-87.7573238437,POINT (-87.757323843705 41.79660858655)
692c9b72c062ff9f71939c8ceeca57668f4dcf6d0468550f578e593c15ec6629b7cd105259e6ca48550f59782611638c84b499a42bb6bc4e0adcad30bb3a64b8,,08/24/2025 03:29:00 PM,30,TRAFFIC SIGNAL,FUNCTIONING PROPERLY,CLEAR,DAYLIGHT,TURNING,NOT DIVIDED,,STRAIGHT AND LEVEL,DRY,UNKNOWN,ON SCENE,INJURY AND / OR TOW DUE TO CRASH,Y,,,"OVER $1,500",08/24/2025 03:30:00 PM,IMPROPER TURNING/NO SIGNAL,UNABLE TO DETERMINE,7300,N,SHERIDAN RD,2423,,,,,,,2,NO INDICATION OF INJURY,0,0,0,0,0,2,0,15,1,8,42.0139577767,-87.6642432364,POINT (-87.664243236398 42.013957776681)
615e8946dc6675b12e68527f09ef97a3fa98848052547e1ae4b5ac10bfbe2eb02a5a94d9ee7285f81d5ddf87784e4ce97516303a9fd32ecc170b8b290ce29f82,,08/24/2025 03:23:00 PM,30,TRAFFIC SIGNAL,FUNCTIONING PROPERLY,CLEAR,DAYLIGHT,REAR END,FOUR WAY,,STRAIGHT AND LEVEL,DRY,NO DEFECTS,NOT ON SCENE (DESK REPORT),NO INJURY / DRIVE AWAY,Y,,Y,"OVER $1,500",08/24/2025 03:55:00 PM,FAILING TO REDUCE SPEED TO AVOID CRASH,UNABLE TO DETERMINE,3200,W,59TH ST,822,,,,,,,3,NO INDICATION OF INJURY,0,0,0,0,0,5,0,15,1,8,41.7863573187,-87.7034123861,POINT (-87.70341238607 41.786357318651)
a5f142d057b2e66fe88e71016eb2c4985912fb4252c1c358be3927413bf5682efeda20ee31a53e76c5ed5c556dfbc09c63222ca4c389370f6d1c8e669e70275d,,08/24/2025 03:21:00 PM,30,NO CONTROLS,NO CONTROLS,CLEAR,DAYLIGHT,PARKED MOTOR VEHICLE,NOT DIVIDED,,STRAIGHT AND LEVEL,DRY,NO DEFECTS,NOT ON SCENE (DESK REPORT),INJURY AND / OR TOW DUE TO CRASH,,,,"OVER $1,500",08/24/2025 05:25:00 PM,UNABLE TO DETERMINE,NOT APPLICABLE,2250,W,AUGUSTA BLVD,1212,,,,,,,2,NO INDICATION OF INJURY,0,0,0,0,0,1,0,15,1,8,41.8995410594,-87.6840657678,POINT (-87.684065767835 41.899541059367)
176dc7fd0f6b6e0f907fed7eb8cb74f9a20e0ae641a3490e218f71a997b70aafd4b9a47588c9124eaad4dcaabb77e8fd72f626b246e316cdbc009c0611f1591c,,08/24/2025 03:20:00 PM,30,TRAFFIC SIGNAL,NO CONTROLS,CLEAR,DAYLIGHT,TURNING,FOUR WAY,,STRAIGHT AND LEVEL,DRY,NO DEFECTS,NOT ON SCENE (DESK REPORT),NO INJURY / DRIVE AWAY,Y,,,"$501 - $1,500",08/24/2025 05:22:00 PM,UNABLE TO DETERMINE,UNABLE TO DETERMINE,201,N,HOMAN AVE,1123,,,,,,,2,NO INDICATION OF INJURY,0,0,0,0,0,3,0,15,1,8,41.8846718091,-87.7109720785,POINT (-87.710972078509 41.884671809054)