CRASH_RECORD_ID,CRASH_DATE_EST_I,CRASH_DATE,POSTED_SPEED_LIMIT,TRAFFIC_CONTROL_DEVICE,DEVICE_CONDITION,WEATHER_CONDITION,LIGHTING_CONDITION,FIRST_CRASH_TYPE,TRAFFICWAY_TYPE,LANE_CNT,ALIGNMENT,ROADWAY_SURFACE_COND,ROAD_DEFECT,REPORT_TYPE,CRASH_TYPE,INTERSECTION_RELATED_I,NOT_RIGHT_OF_WAY_I,HIT_AND_RUN_I,DAMAGE,DATE_POLICE_NOTIFIED,PRIM_CONTRIBUTORY_CAUSE,SEC_CONTRIBUTORY_CAUSE,STREET_NO,STREET_DIRECTION,STREET_NAME,BEAT_OF_OCCURRENCE,PHOTOS_TAKEN_I,STATEMENTS_TAKEN_I,DOORING_I,WORK_ZONE_I,WORK_ZONE_TYPE,WORKERS_PRESENT_I,NUM_UNITS,MOST_SEVERE_INJURY,INJURIES_TOTAL,INJURIES_FATAL,INJURIES_INCAPACITATING,INJURIES_NON_INCAPACITATING,INJURIES_REPORTED_NOT_EVIDENT,INJURIES_NO_INDICATION,INJURIES_UNKNOWN,CRASH_HOUR,CRASH_DAY_OF_WEEK,CRASH_MONTH,LATITUDE,LONGITUDE,LOCATION
3a03078cfc46a17405b77252f85ed590c59a0088abe422dc792edd3619969caed6e5713f8c58c3b8160a4903e1507fd189d3d1075cdaab965431f3444f1490b3,,08/24/2025 03:20:00 PM,30,NO CONTROLS,NO CONTROLS,CLEAR,DAYLIGHT,TURNING,NOT DIVIDED,,STRAIGHT AND LEVEL,DRY,UNKNOWN,ON SCENE,INJURY AND / OR TOW DUE TO CRASH,,,,"OVER $1,500",08/24/2025 03:25:00 PM,UNABLE TO DETERMINE,NOT APPLICABLE,2303,N,CICERO AVE,2522,,,,,,,2,"REPORTED, NOT EVIDENT",1,0,0,0,1,3,0,15,1,8,41.9225216481,-87.7461101302,POINT (-87.746110130191 41.922521648096)
2f4e8fea32acecd89d1052fdb5892826c5442bb6fefd09734c09cc72ad209cd724c7dd3732b25d3169de381afb2d66d25abb3f22d18b9e32b9b023347062e3ab,,08/24/2025 03:03:00 PM,30,NO CONTROLS,NO CONTROLS,CLEAR,DAYLIGHT,REAR END,NOT DIVIDED,,STRAIGHT AND LEVEL,DRY,NO DEFECTS,ON SCENE,NO INJURY / DRIVE AWAY,,,,"$501 - $1,500",08/24/2025 03:05:00 PM,DRIVING SKILLS/KNOWLEDGE/EXPERIENCE,FOLLOWING TOO CLOSELY,6233,W,GUNNISON ST,1622,,,,,,,2,NO INDICATION OF INJURY,0,0,0,0,0,4,0,15,1,8,41.9683442728,-87.7845003966,POINT (-87.784500396643 41.968344272816)
55a1970a8c207ad5056d420200aff019dba0467344e1cc2a90589d317956563ba7166c468095d5eb1869c1959c9c1d59a2fd9ca68dde3fded33830bb743a26f9,,08/24/2025 03:00:00 PM,30,NO CONTROLS,NO CONTROLS,CLEAR,DAYLIGHT,PARKED MOTOR VEHICLE,NOT DIVIDED,,STRAIGHT AND LEVEL,DRY,NO DEFECTS,NOT ON SCENE (DESK REPORT),NO INJURY / DRIVE AWAY,,,Y,"OVER $1,500",08/24/2025 05:15:00 PM,FOLLOWING TOO CLOSELY,FAILING TO REDUCE SPEED TO AVOID CRASH,2620,W,PERSHING RD,911,,,,,,,2,NO INDICATION OF INJURY,0,0,0,0,0,1,0,15,1,8,41.8229692221,-87.6907339998,POINT (-87.690733999798 41.822969222068)
d20477bc7e8048bdfc4fee3515a37a53e3d8d62d0228b2e9323a3ce20d320b385b6966a6ba0f45428c522e05af95d64a949c3edaf4d36a218e029e14eed543de,,08/24/2025 03:00:00 PM,30,TRAFFIC SIGNAL,FUNCTIONING PROPERLY,CLEAR,DAYLIGHT,REAR END,ONE-WAY,,STRAIGHT AND LEVEL,UNKNOWN,UNKNOWN,NOT ON SCENE (DESK REPORT),NO INJURY / DRIVE AWAY,,,,"OVER $1,500",08/25/2025 11:42:00 AM,UNABLE TO DETERMINE,UNABLE TO DETERMINE,4745,N,RAVENSWOOD AVE,1912,,,,,,,2,NO INDICATION OF INJURY,0,0,0,0,0,2,0,15,1,8,41.968336074,-87.6740144651,POINT (-87.674014465096 41.968336073957)
2c5a31e263f1e78509d7cb580d5d354ef20ebe86e40f882fcd3ac3c3a353b341526902cd3bfbfeec283d96fb266124c18413365227e87565e5bb009ce16159a4,,08/24/2025 02:57:00 PM,20,NO CONTROLS,NO CONTROLS,CLEAR,DAYLIGHT,TURNING,NOT DIVIDED,,STRAIGHT AND LEVEL,DRY,UNKNOWN,ON SCENE,INJURY AND / OR TOW DUE TO CRASH,,,,"OVER $1,500",08/24/2025 03:00:00 PM,DISREGARDING OTHER TRAFFIC SIGNS,NOT APPLICABLE,10255,W,ZEMKE RD,1654,,,,,,,2,NO INDICATION OF INJURY,0,0,0,0,0,3,0,14,1,8,41.9947933861,-87.8827076595,POINT (-87.882707659516 41.994793386112)
0dd533dd3f88abb94817ddb021eb41e0712b1b6f3cde25f7a7cd4b5d501d8e3dd9cc8154712a62e9c1d8f7471834fdeb42ee992b3f8fca4582d60cc8fab2ebb1,,08/24/2025 02:51:00 PM,20,NO CONTROLS,NO CONTROLS,CLEAR,DAYLIGHT,PARKED MOTOR VEHICLE,T-INTERSECTION,,STRAIGHT AND LEVEL,DRY,NO DEFECTS,ON SCENE,INJURY AND / OR TOW DUE TO CRASH,,,Y,"$501 - $1,500",08/24/2025 04:04:00 PM,UNABLE TO DETERMINE,DRIVING SKILLS/KNOWLEDGE/EXPERIENCE,427,E,113TH ST,531,,,,,,,4,NO INDICATION OF INJURY,0,0,0,0,0,1,0,14,1,8,41.6890123649,-87.6121863884,POINT (-87.612186388447 41.689012364895)
466e909cbe732259f346a6cbf93a2290c44a4830be3b789226acd9b87304200887efff4f9d23bd9d98bae64b7489af96cd1353926b463f45d05fe6325991795b,,08/24/2025 02:45:00 PM,30,NO CONTROLS,NO CONTROLS,CLEAR,DAYLIGHT,REAR END,NOT DIVIDED,,STRAIGHT AND LEVEL,DRY,NO DEFECTS,NOT ON SCENE (DESK REPORT),NO INJURY / DRIVE AWAY,,,Y,"OVER $1,500",08/24/2025 05:15:00 PM,UNABLE TO DETERMINE,UNABLE TO DETERMINE,7830,S,PULASKI RD,834,,,,,,,2,NO INDICATION OF INJURY,0,0,0,0,0,2,0,14,1,8,41.7504351076,-87.7220893097,POINT (-87.72208930975 41.750435107581)
4de91d3e1b0b99d7bfdb159f5a171b0aad35c4687446ea25fd2c9afadae1b2b4e1d821537eaa434bf379e5054d926749b301fc078286a8a305fdf5d42aeabd0d,,08/24/2025 02:40:00 PM,30,NO CONTROLS,NO CONTROLS,CLEAR,DAYLIGHT,FIXED OBJECT,DIVIDED - W/MEDIAN (NOT RAISED),,STRAIGHT AND LEVEL,DRY,NO DEFECTS,ON SCENE,INJURY AND / OR TOW DUE TO CRASH,,,,"OVER $1,500",08/24/2025 02:40:00 PM,UNABLE TO DETERMINE,UNABLE TO DETERMINE,1334,W,72ND ST,734,,,,,,,1,NO INDICATION OF INJURY,0,0,0,0,0,1,0,14,1,8,41.7632756436,-87.6587614923,POINT (-87.658761492336 41.763275643617)
419f870a132bf95018297fff7ef8074c9d0d2cbd1afe533d49b4ef83c0663209645549cdb91ed615c843267969945216e367dbf392098c11236f5a1b760cacc3,,08/24/2025 02:30:00 PM,30,UNKNOWN,UNKNOWN,CLEAR,DAYLIGHT,REAR END,UNKNOWN,,STRAIGHT AND LEVEL,DRY,UNKNOWN,NOT ON SCENE (DESK REPORT),NO INJURY / DRIVE AWAY,,,,"OVER $1,500",08/25/2025 02:30:00 PM,UNABLE TO DETERMINE,UNABLE TO DETERMINE,5331,S,DR MARTIN LUTHER KING JR DR,233,,,,,,,2,NO INDICATION OF INJURY,0,0,0,0,0,2,0,14,1,8,41.7975302393,-87.6159042102,POINT (-87.615904210155 41.797530239338)
6537b740f60e165bbd874dd084f1d148402acdb7085c4ac602087d8f4a04e7a2a75fc16cb6f1c4fe84b5ad0867664a19b7bc0d99e94ebcc6e58720ed834ff81c,,08/24/2025 02:30:00 PM,30,TRAFFIC SIGNAL,FUNCTIONING PROPERLY,CLEAR,DAYLIGHT,TURNING,FOUR WAY,,STRAIGHT AND LEVEL,DRY,NO DEFECTS,NOT ON SCENE (DESK REPORT),NO INJURY / DRIVE AWAY,Y,,,"OVER $1,500",08/24/2025 04:17:00 PM,UNABLE TO DETERMINE,UNABLE TO DETERMINE,8300,S,LAFAYETTE AVE,622,,,,,,,2,NO INDICATION OF INJURY,0,0,0,0,0,2,0,14,1,8,41.743541848,-87.6257732415,POINT (-87.625773241467 41.743541847975)
8ae72f84ef7d5edef643a3be3bf999abbb4a55cfa6ad3b2bc3d175e229f932483e5f31777a60478c0b5574c9f0cf1146c304f2aa920b45f57c477e7679370eb3,,08/24/2025 02:30:00 PM,15,NO CONTROLS,NO CONTROLS,CLEAR,DARKNESS,PARKED MOTOR VEHICLE,PARKING LOT,,STRAIGHT AND LEVEL,DRY,UNKNOWN,NOT ON SCENE (DESK REPORT),NO INJURY / DRIVE AWAY,,Y,,"$501 - $1,500",08/27/2025 02:18:00 PM,FAILING TO YIELD RIGHT-OF-WAY,FAILING TO YIELD RIGHT-OF-WAY,1065,W,14TH ST,1232,,,,,,,2,NO INDICATION OF INJURY,0,0,0,0,0,1,0,14,1,8,41.8633371306,-87.653276016,POINT (-87.653276016035 41.863337130563)
b53bd61a7bdcc32a38d22eb181dc6f579b54ac61e59e0d08989564e84e4792fe72b14e3efe0b6294bd6d72494e87317b2a7d6357f8e9466a173a57db9209620a,,08/24/2025 02:30:00 PM,30,NO CONTROLS,NO CONTROLS,CLEAR,DAYLIGHT,TURNING,DIVIDED - W/MEDIAN (NOT RAISED),,STRAIGHT AND LEVEL,DRY,NO DEFECTS,NOT ON SCENE (DESK REPORT),NO INJURY / DRIVE AWAY,,,,"$501 - $1,500",08/29/2025 10:30:00 PM,UNABLE TO DETERMINE,NOT APPLICABLE,4650,W,NORTH AVE,2533,,,,,,,2,NO INDICATION OF INJURY,0,0,0,0,0,2,0,14,1,8,41.909764527,-87.7433762957,POINT (-87.743376295706 41.909764527033)
e64924c313b1e32bdae724042586a28c7b9dc7883d3b416346c7f2619c7b66c9e970635796d591806ff7c025769ea17ea1b6808f4e4090255a5453ac46f17e25,,08/24/2025 02:30:00 PM,30,TRAFFIC SIGNAL,FUNCTIONING PROPERLY,CLEAR,DAYLIGHT,SIDESWIPE SAME DIRECTION,DIVIDED - W/MEDIAN (NOT RAISED),,STRAIGHT AND LEVEL,DRY,UNKNOWN,NOT ON SCENE (DESK REPORT),NO INJURY / DRIVE AWAY,,,Y,"OVER $1,500",08/24/2025 03:30:00 PM,NOT APPLICABLE,NOT APPLICABLE,4012,W,ARMITAGE AVE,2525,,,,,,,2,NO INDICATION OF INJURY,0,0,0,0,0,4,0,14,1,8,41.9172682509,-87.7271723345,POINT (-87.72717233452 41.91726825089)
341f027ef9eef8f08316ad7d776bfa20a7231ec307ea2841d769af8a28511607823113482f418ebf4b98aa04a0f4a2fe484a6d9dd89813ed56e9f060ee07ac37,,08/24/2025 02:20:00 PM,30,NO CONTROLS,NO CONTROLS,CLEAR,DAYLIGHT,TURNING,DIVIDED - W/MEDIAN (NOT RAISED),,STRAIGHT AND LEVEL,DRY,UNKNOWN,NOT ON SCENE (DESK REPORT),INJURY AND / OR TOW DUE TO CRASH,,,,"OVER $1,500",08/24/2025 02:25:00 PM,UNABLE TO DETERMINE,UNABLE TO DETERMINE,3104,N,CENTRAL AVE,2514,,,,,,,2,"REPORTED, NOT EVIDENT",2,0,0,0,2,1,0,14,1,8,41.9369540016,-87.7665885813,POINT (-87.766588581291 41.936954001573)
8165ed29610deb32edc923fdf3a92216d09b5c1437599690e7e3d4a0fde2f2622540b9b48be17d10130cc85dcefd645642c22fc41d71200ef19174d7afa47303,,08/24/2025 02:10:00 PM,30,UNKNOWN,UNKNOWN,CLEAR,DAYLIGHT,REAR END,NOT DIVIDED,,STRAIGHT AND LEVEL,DRY,UNKNOWN,NOT ON SCENE (DESK REPORT),NO INJURY / DRIVE AWAY,,,,"OVER $1,500",08/24/2025 03:05:00 PM,UNABLE TO DETERMINE,UNABLE TO DETERMINE,1200,N,CICERO AVE,2533,,,,,,,2,NO INDICATION OF INJURY,0,0,0,0,0,2,0,14,1,8,41.9023962606,-87.7461261196,POINT (-87.746126119551 41.902396260608)
bc2d57f8130b243810e6a7e2aa3f131dea954b7b1e2a0ab3c65d7345eca826ca0478358f8ea5f04e00bb8b66ffe6066914028c95ce229f64798d68c2e0ba883a,,08/24/2025 02:07:00 PM,30,NO CONTROLS,NO CONTROLS,CLEAR,DAYLIGHT,REAR END,DIVIDED - W/MEDIAN (NOT RAISED),,STRAIGHT AND LEVEL,DRY,NO DEFECTS,NOT ON SCENE (DESK REPORT),NO INJURY / DRIVE AWAY,,,,"OVER $1,500",08/24/2025 02:20:00 PM,FOLLOWING TOO CLOSELY,UNABLE TO DETERMINE,4852,N,WESTERN AVE,2031,,,,,,,2,NO INDICATION OF INJURY,0,0,0,0,0,3,0,14,1,8,41.9702035619,-87.6891056115,POINT (-87.689105611466 41.970203561941)
8bd37c13968fcbff10e150c094b81ea12beb126e8f7ca791f49e0f36f50d05388168a49a231e2592887787f4302cb5139aa96bc9e5e20aafcd71e88568d9524f,,08/24/2025 01:57:00 PM,30,TRAFFIC SIGNAL,FUNCTIONING IMPROPERLY,CLEAR,DAYLIGHT,TURNING,DIVIDED - W/MEDIAN (NOT RAISED),,STRAIGHT AND LEVEL,DRY,NO DEFECTS,NOT ON SCENE (DESK REPORT),NO INJURY / DRIVE AWAY,,,,"$501 - $1,500",08/24/2025 02:35:00 PM,FAILING TO YIELD RIGHT-OF-WAY,NOT APPLICABLE,700,W,LAKE ST,1214,,,,,,,2,NO INDICATION OF INJURY,0,0,0,0,0,4,0,13,1,8,41.8857969415,-87.6457008083,POINT (-87.645700808301 41.885796941486)
bd13d7b0a678355dea7e8bea63209a1468f39736bdf4839a47e99c2ad3c3ddf21aeed51903d0cbb6d5f53974075c87c8598cfe2c847f774217274a4337dc202b,,08/24/2025 01:50:00 PM,30,TRAFFIC SIGNAL,FUNCTIONING PROPERLY,CLEAR,DAYLIGHT,REAR END,DIVIDED - W/MEDIAN (NOT RAISED),,STRAIGHT AND LEVEL,DRY,NO DEFECTS,NOT ON SCENE (DESK REPORT),NO INJURY / DRIVE AWAY,Y,,,"OVER $1,500",08/24/2025 02:10:00 PM,UNABLE TO DETERMINE,NOT APPLICABLE,9507,S,EWING AVE,432,,,,,,,2,NO INDICATION OF INJURY,0,0,0,0,0,2,0,13,1,8,41.7227721849,-87.5362327189,POINT (-87.536232718919 41.722772184932)
d907408912f9348cc06ecddd1a6a6a7df6a51cf937dcb239b6fb0aeedb472784663c53a94984b386a12e28f6cbe97b4baefd650aaf7633c304a081369855dadc,,08/24/2025 01:45:00 PM,25,NO CONTROLS,NO CONTROLS,CLEAR,DAYLIGHT,PARKED MOTOR VEHICLE,ONE-WAY,,STRAIGHT AND LEVEL,DRY,WORN SURFACE,ON SCENE,NO INJURY / DRIVE AWAY,,,,"OVER $1,500",08/24/2025 01:49:00 PM,DRIVING SKILLS/KNOWLEDGE/EXPERIENCE,UNABLE TO DETERMINE,8645,W,SUNNYSIDE AVE,1614,,,,,,,2,NO INDICATION OF INJURY,0,0,0,0,0,2,0,13,1,8,41.9613246922,-87.8428726726,POINT (-87.842872672628 41.961324692201)
df66ea29833dbd319f7532f9904927a4c0fbae9a2d88d2140ca536478a4a1e257f72253b259c84ecc46420ea7d174911e9efb81962337cac1367af16e6f1863b,,08/24/2025 01:45:00 PM,30,NO CONTROLS,NO CONTROLS,CLEAR,DAYLIGHT,TURNING,CENTER TURN LANE,,STRAIGHT AND LEVEL,DRY,NO DEFECTS,NOT ON SCENE (DESK REPORT),NO INJURY / DRIVE AWAY,,,,"OVER $1,500",08/24/2025 02:30:00 PM,IMPROPER OVERTAKING/PASSING,IMPROPER OVERTAKING/PASSING,1600,S,WABASH AVE,131,,,,,,,4,NO INDICATION OF INJURY,0,0,0,0,0,2,0,13,1,8,41.8601470666,-87.6258085581,POINT (-87.625808558148 41.860147066643)
3e59c625075e6fa04ac6e1905e9e3f41f2d877d2b0a017c14159bc758cf558455a8a92001b08822bc27cbbbeb014a830357432d878bc51a76aa00c7efcaa6132,,08/24/2025 01:37:00 PM,25,NO CONTROLS,NO CONTROLS,CLEAR,DAYLIGHT,SIDESWIPE SAME DIRECTION,NOT DIVIDED,,STRAIGHT AND LEVEL,DRY,NO DEFECTS,NOT ON SCENE (DESK REPORT),NO INJURY / DRIVE AWAY,,,,"OVER $1,500",08/24/2025 02:32:00 PM,NOT APPLICABLE,NOT APPLICABLE,3469,N,LAKE SHORE DR SB,1925,,,,,,,2,NO INDICATION OF INJURY,0,0,0,0,0,2,0,13,1,8,41.9458656074,-87.6412456965,POINT (-87.641245696479 41.945865607356)
0cbc021eef823e69066107c179d1e9003d19cbd063d494b9bdd4edca8fed4215ec31143a1fd66d69db6cd5f38dcc48924716b657c1d1e9802ef7b994b82b2388,,08/24/2025 01:30:00 PM,30,TRAFFIC SIGNAL,FUNCTIONING PROPERLY,CLEAR,DAYLIGHT,REAR END,NOT DIVIDED,,STRAIGHT AND LEVEL,DRY,NO DEFECTS,NOT ON SCENE (DESK REPORT),NO INJURY / DRIVE AWAY,,,,"OVER $1,500",08/24/2025 02:30:00 PM,FOLLOWING TOO CLOSELY,NOT APPLICABLE,7900,S,PULASKI RD,834,,,,,,,2,NO INDICATION OF INJURY,0,0,0,0,0,2,0,13,1,8,41.7493390001,-87.7220520909,POINT (-87.722052090915 41.749339000082)
3fb6409977689c31a9cd3e2b36f0af466a8c8f4672bd9d87f68378926b239e23d18e00102284de336c7e38c79c363c72d7afe61775ee07094467ff584d353cc4,,08/24/2025 01:30:00 PM,20,NO CONTROLS,NO CONTROLS,CLEAR,DAYLIGHT,SIDESWIPE OPPOSITE DIRECTION,NOT DIVIDED,,STRAIGHT AND LEVEL,DRY,NO DEFECTS,ON SCENE,NO INJURY / DRIVE AWAY,,,,"OVER $1,500",08/24/2025 03:16:00 PM,UNABLE TO DETERMINE,UNABLE TO DETERMINE,822,W,LILL AVE,1935,,,,,,,2,NO INDICATION OF INJURY,0,0,0,0,0,3,0,13,1,8,41.928270655,-87.6498265002,POINT (-87.649826500238 41.928270655011)
c6d54d42e1bc008df57784e42c766825e56c8ccd1c616fa7638885a1f8024f63f0c7bae74648ae76359034e2c158c1f7bc758bd07188b2eb020573b2d12e57aa,,08/24/2025 01:30:00 PM,30,NO CONTROLS,NO CONTROLS,CLEAR,DAYLIGHT,ANGLE,NOT DIVIDED,,STRAIGHT AND LEVEL,DRY,NO DEFECTS,NOT ON SCENE (DESK REPORT),INJURY AND / OR TOW DUE TO CRASH,,,,"OVER $1,500",08/24/2025 02:25:00 PM,FAILING TO YIELD RIGHT-OF-WAY,NOT APPLICABLE,6227,S,COTTAGE GROVE AVE,313,,,,,,,2,NONINCAPACITATING INJURY,1,0,0,1,0,1,0,13,1,8,41.7814080037,-87.6058071228,POINT (-87.605807122752 41.781408003669)
d92ad6fc3c8a5d44aa63ee65a0ee6dc82f581a60a5a93ee03214be8297586c4e8256524d1cfcc956b639dd97577ffc5bdd9d7f1da891bf9e4afedf796b7b8c74,,08/24/2025 01:20:00 PM,20,NO CONTROLS,NO CONTROLS,CLEAR,DAYLIGHT,SIDESWIPE SAME DIRECTION,ONE-WAY,,STRAIGHT AND LEVEL,DRY,NO DEFECTS,,NO INJURY / DRIVE AWAY,,,,"OVER $1,500",08/24/2025 03:00:00 PM,UNABLE TO DETERMINE,UNABLE TO DETERMINE,925,N,MONTICELLO AVE,1112,,,,,,,2,NO INDICATION OF INJURY,0,0,0,0,0,2,0,13,1,8,41.8980463191,-87.7174721447,POINT (-87.717472144691 41.898046319107)
5a69816960c8c8cbfda43978d7d31b15455fb68ced01d0fc6d1b2d862777056484b94e9ed4d626d7f267b236b72a474a92de5d37ea4b12d829ac65203cf703e9,,08/24/2025 01:19:00 PM,10,NO CONTROLS,NO CONTROLS,CLEAR,DAYLIGHT,REAR TO FRONT,PARKING LOT,,STRAIGHT AND LEVEL,DRY,NO DEFECTS,NOT ON SCENE (DESK REPORT),INJURY AND / OR TOW DUE TO CRASH,,N,,"$501 - $1,500",08/27/2025 08:41:00 AM,UNABLE TO DETERMINE,UNABLE TO DETERMINE,564,W,TAYLOR ST,124,,,,,,,2,"REPORTED, NOT EVIDENT",1,0,0,0,1,1,0,13,1,8,41.8698325614,-87.6419369875,POINT (-87.641936987482 41.86983256144)
4cb76369abcda5df177c1214bb92555685f511d87bdebc3ab76fb7d48e5b9dc5a2a549bedf963db474569f41305f1b67c5049135f4e636f62c5f1e152e051ffb,,08/24/2025 01:15:00 PM,30,UNKNOWN,UNKNOWN,CLEAR,DAYLIGHT,ANGLE,OTHER,,STRAIGHT AND LEVEL,DRY,UNKNOWN,,NO INJURY / DRIVE AWAY,,,Y,"OVER $1,500",08/24/2025 01:45:00 PM,UNABLE TO DETERMINE,UNABLE TO DETERMINE,2740,W,55TH ST,923,,,,,,,2,NO INDICATION OF INJURY,0,0,0,0,0,2,0,13,1,8,41.793814747,-87.692982067,POINT (-87.692982067023 41.793814746999)
240bd234628139eb198d2c7196b01d70f0862b624131a859d67ee22e4f8d810f3ce731fa9064578740ec1d59286000275d2e13990284d217cdaaa2275e12b0ce,,08/24/2025 01:10:00 PM,30,TRAFFIC SIGNAL,FUNCTIONING PROPERLY,CLEAR,DAYLIGHT,SIDESWIPE SAME DIRECTION,FOUR WAY,,STRAIGHT AND LEVEL,DRY,NO DEFECTS,,INJURY AND / OR TOW DUE TO CRASH,Y,,,$500 OR LESS,08/24/2025 01:30:00 PM,UNABLE TO DETERMINE,NOT APPLICABLE,2400,W,VAN BUREN ST,1125,,,,,,,2,"REPORTED, NOT EVIDENT",1,0,0,0,1,2,0,13,1,8,41.8761919752,-87.6863378519,POINT (-87.686337851936 41.876191975186)
91af8797b0b81785e007257b7efa9e1a5ec66630aa8ddd18eb259c9104eb8cb2e716e5baf548a5af98c9f16a617a8009a15ec6f956e78d8639fe41ecebe12426,,08/24/2025 01:08:00 PM,30,NO CONTROLS,NO CONTROLS,CLEAR,DAYLIGHT,SIDESWIPE OPPOSITE DIRECTION,DIVIDED - W/MEDIAN (NOT RAISED),,STRAIGHT AND LEVEL,DRY,NO DEFECTS,ON SCENE,INJURY AND / OR TOW DUE TO CRASH,,,,"OVER $1,500",08/24/2025 01:09:00 PM,IMPROPER OVERTAKING/PASSING,UNABLE TO DETERMINE,5023,W,JACKSON BLVD,1533,,,,,,,4,NONINCAPACITATING INJURY,3,0,0,3,0,3,0,13,1,8,41.8766084723,-87.7503214413,POINT (-87.750321441269 41.876608472298)
a92bc89b50d00adacdce6d8185d14555fdefba44f10064d1d14db034847e60365c4bd8bb0b566c65abc86ed29c8a5f00ba965ebdf5854dbc3a1b8dc6bc33f841,,08/24/2025 01:08:00 PM,10,NO CONTROLS,NO CONTROLS,CLEAR,DAYLIGHT,REAR TO SIDE,PARKING LOT,,STRAIGHT AND LEVEL,DRY,NO DEFECTS,ON SCENE,NO INJURY / DRIVE AWAY,,Y,,"OVER $1,500",08/24/2025 01:09:00 PM,IMPROPER BACKING,UNABLE TO DETERMINE,1810,W,35TH ST,912,,,,,,,2,NO INDICATION OF INJURY,0,0,0,0,0,2,0,13,1,8,41.8305526095,-87.670856532,POINT (-87.670856531986 41.830552609477)
0a65369636faa3597e62cf88c145b19166866a42949d5f4c1b892d619eb5b61d59e8b391c9d9f1e2a8cb3b60f943154729121454c84364003c1fbc6ede8e6007,,08/24/2025 01:05:00 PM,30,NO CONTROLS,NO CONTROLS,UNKNOWN,DAYLIGHT,SIDESWIPE SAME DIRECTION,DIVIDED - W/MEDIAN (NOT RAISED),,STRAIGHT AND LEVEL,UNKNOWN,UNKNOWN,NOT ON SCENE (DESK REPORT),NO INJURY / DRIVE AWAY,,,,"OVER $1,500",08/25/2025 02:05:00 PM,IMPROPER LANE USAGE,FAILING TO REDUCE SPEED TO AVOID CRASH,259,E,JACKSON DR,114,,,,,,,2,NO INDICATION OF INJURY,0,0,0,0,0,2,0,13,1,8,41.8782205898,-87.620762233,POINT (-87.620762232986 41.878220589803)
02c492a87f1414a9e3c03d753a9e20dd48e7fd9b023d5b140603ac8e31092c68ab37fdb778ad25c355e0734b4f5bbba4d186876b7a6a729a06bdc3acd7421043,,08/24/2025 01:00:00 PM,15,NO CONTROLS,NO CONTROLS,CLOUDY/OVERCAST,DAYLIGHT,OTHER OBJECT,PARKING LOT,,STRAIGHT AND LEVEL,DRY,NO DEFECTS,NOT ON SCENE (DESK REPORT),NO INJURY / DRIVE AWAY,,Y,,"$501 - $1,500",08/24/2025 02:00:00 PM,UNABLE TO DETERMINE,DRIVING SKILLS/KNOWLEDGE/EXPERIENCE,4882,N,CLARK ST,2032,,,,,,,1,NO INDICATION OF INJURY,0,0,0,0,0,2,0,13,1,8,41.9712798857,-87.6679154276,POINT (-87.667915427612 41.971279885654)
4b9a705f41c6ae65e099c5f62a663377134e901063fbe2f933244ecb9181fc3d8d93bf5fb22c9976ccf900b2e583e50519debff9de68ce4f76a7c6761b25cfea,,08/24/2025 01:00:00 PM,15,NO CONTROLS,NO CONTROLS,CLEAR,DAYLIGHT,REAR TO FRONT,PARKING LOT,,STRAIGHT AND LEVEL,DRY,NO DEFECTS,NOT ON SCENE (DESK REPORT),NO INJURY / DRIVE AWAY,,,,"OVER $1,500",08/24/2025 01:35:00 PM,IMPROPER BACKING,UNABLE TO DETERMINE,5608,W,IRVING PARK RD,1624,,,,,,,2,NO INDICATION OF INJURY,0,0,0,0,0,2,0,13,1,8,41.9532864854,-87.7673790701,POINT (-87.767379070142 41.9532864854)
4d99d7399218baa153905144cbc43189761bc2417f79edabc3b076fc351c5a7e9093a038f2c07714562943df1d84391dfb0788ce5b3eb16716c20d28cf95e919,,08/24/2025 01:00:00 PM,30,NO CONTROLS,NO CONTROLS,CLEAR,DAYLIGHT,REAR END,DIVIDED - W/MEDIAN (NOT RAISED),,STRAIGHT AND LEVEL,DRY,NO DEFECTS,NOT ON SCENE (DESK REPORT),NO INJURY / DRIVE AWAY,,,,"OVER $1,500",08/24/2025 01:30:00 PM,UNABLE TO DETERMINE,NOT APPLICABLE,9546,S,EWING AVE,432,,,,,,,2,NO INDICATION OF INJURY,0,0,0,0,0,3,0,13,1,8,41.7216669476,-87.5356680289,POINT (-87.535668028925 41.72166694755)
ac2970c1b9e4af50762b2bee47059420881b4ca7317012ebb623992021757822de942d52bcd1f699c117469bab5de7182a0f55f21a21f7087f64b95af76e49d6,,08/24/2025 01:00:00 PM,20,NO CONTROLS,NO CONTROLS,CLEAR,DAYLIGHT,PARKED MOTOR VEHICLE,ONE-WAY,,STRAIGHT AND LEVEL,DRY,NO DEFECTS,ON SCENE,NO INJURY / DRIVE AWAY,,,Y,"OVER $1,500",08/24/2025 02:06:00 PM,UNABLE TO DETERMINE,NOT APPLICABLE,1309,N,LOCKWOOD AVE,2532,,,,,,,2,NO INDICATION OF INJURY,0,0,0,0,0,1,0,13,1,8,41.9043521829,-87.75815509,POINT (-87.758155089966 41.90435218291)