CRASH_RECORD_ID,CRASH_DATE_EST_I,CRASH_DATE,POSTED_SPEED_LIMIT,TRAFFIC_CONTROL_DEVICE,DEVICE_CONDITION,WEATHER_CONDITION,LIGHTING_CONDITION,FIRST_CRASH_TYPE,TRAFFICWAY_TYPE,LANE_CNT,ALIGNMENT,ROADWAY_SURFACE_COND,ROAD_DEFECT,REPORT_TYPE,CRASH_TYPE,INTERSECTION_RELATED_I,NOT_RIGHT_OF_WAY_I,HIT_AND_RUN_I,DAMAGE,DATE_POLICE_NOTIFIED,PRIM_CONTRIBUTORY_CAUSE,SEC_CONTRIBUTORY_CAUSE,STREET_NO,STREET_DIRECTION,STREET_NAME,BEAT_OF_OCCURRENCE,PHOTOS_TAKEN_I,STATEMENTS_TAKEN_I,DOORING_I,WORK_ZONE_I,WORK_ZONE_TYPE,WORKERS_PRESENT_I,NUM_UNITS,MOST_SEVERE_INJURY,INJURIES_TOTAL,INJURIES_FATAL,INJURIES_INCAPACITATING,INJURIES_NON_INCAPACITATING,INJURIES_REPORTED_NOT_EVIDENT,INJURIES_NO_INDICATION,INJURIES_UNKNOWN,CRASH_HOUR,CRASH_DAY_OF_WEEK,CRASH_MONTH,LATITUDE,LONGITUDE,LOCATION
b3b2209ef270e0b71a316b2eccc0cb4be1b64ec94878294cc8af49927a644ce46876794d18e35de50de34b4b413d86d17f7579f9dc32bcd3d111dfd533c17f64,,08/24/2025 01:00:00 PM,30,NO CONTROLS,NO CONTROLS,CLEAR,DAYLIGHT,FIXED OBJECT,OTHER,,STRAIGHT AND LEVEL,DRY,NO DEFECTS,ON SCENE,INJURY AND / OR TOW DUE TO CRASH,,,,"OVER $1,500",08/24/2025 01:19:00 PM,DISREGARDING OTHER TRAFFIC SIGNS,NOT APPLICABLE,300,E,RANDOLPH SUB ST,114,,,,,,,1,NO INDICATION OF INJURY,0,0,0,0,0,1,0,13,1,8,41.884671735,-87.6205476707,POINT (-87.620547670709 41.884671734998)
b8cbebd8b28c66d5bad6530d9a31257ff53f14bcac9cb2dda50756e09713efdf222cde2a13b184d8868922cccec5f07cdbda6121537e9a8e698f6f1ec9ef91ef,,08/24/2025 01:00:00 PM,30,UNKNOWN,UNKNOWN,CLEAR,DAYLIGHT,REAR END,NOT DIVIDED,,STRAIGHT AND LEVEL,UNKNOWN,UNKNOWN,NOT ON SCENE (DESK REPORT),NO INJURY / DRIVE AWAY,,,,"OVER $1,500",08/24/2025 01:50:00 PM,UNABLE TO DETERMINE,UNABLE TO DETERMINE,1911,W,DIVISION ST,1212,,,,,,,3,NO INDICATION OF INJURY,0,0,0,0,0,3,0,13,1,8,41.9031135823,-87.6753011791,POINT (-87.675301179067 41.903113582276)
43e2754b9662e98bf99e03e771f8a1ebb67b40c118fb90037a2461ffb31bd9d7afb0464d929df91046113bc5095cc8120fe3af0b7791b8baf57af8f1fcd97795,,08/24/2025 12:53:00 PM,25,OTHER,UNKNOWN,CLEAR,DAYLIGHT,PARKED MOTOR VEHICLE,PARKING LOT,,STRAIGHT AND LEVEL,DRY,UNKNOWN,ON SCENE,NO INJURY / DRIVE AWAY,,,Y,"OVER $1,500",08/24/2025 01:07:00 PM,DRIVING SKILLS/KNOWLEDGE/EXPERIENCE,DRIVING SKILLS/KNOWLEDGE/EXPERIENCE,4925,N,BROADWAY,2033,,,,,,,2,NO INDICATION OF INJURY,0,0,0,0,0,1,0,12,1,8,41.972213557,-87.6596091001,POINT (-87.659609100107 41.972213556991)
d18194ef2930603455602936df1112e1063bc2ed4899b5d1445764adf70069102bde7052d9194be19e1d87c72fe9999b05735da1c131d1b06d852949074e14ef,,08/24/2025 12:50:00 PM,30,NO CONTROLS,NO CONTROLS,CLEAR,DAYLIGHT,PARKED MOTOR VEHICLE,NOT DIVIDED,,STRAIGHT AND LEVEL,DRY,NO DEFECTS,NOT ON SCENE (DESK REPORT),NO INJURY / DRIVE AWAY,,,Y,"$501 - $1,500",08/24/2025 01:26:00 PM,UNABLE TO DETERMINE,NOT APPLICABLE,3616,W,26TH ST,1013,,,,,,,2,NO INDICATION OF INJURY,0,0,0,0,0,1,0,12,1,8,41.8444835271,-87.7155845356,POINT (-87.715584535596 41.844483527071)
7f8f110867c87e173af3754d2269677114496a55bfa7707dccc86bd1401c073afcb9838e288020e334ac0c793a44c3a69021064f356ec93cafe5ca7215e1d734,,08/24/2025 12:45:00 PM,30,NO CONTROLS,NO CONTROLS,CLEAR,DAYLIGHT,SIDESWIPE SAME DIRECTION,DIVIDED - W/MEDIAN (NOT RAISED),,STRAIGHT AND LEVEL,UNKNOWN,UNKNOWN,NOT ON SCENE (DESK REPORT),NO INJURY / DRIVE AWAY,,,,"OVER $1,500",08/24/2025 01:30:00 PM,UNABLE TO DETERMINE,UNABLE TO DETERMINE,11100,S,WENTWORTH AVE,522,,,,,,,2,NO INDICATION OF INJURY,0,0,0,0,0,2,0,12,1,8,41.6924822339,-87.6280540569,POINT (-87.628054056872 41.692482233944)
0229f63b6a9d56b9ca51e92f61ac6e067996f94563de47688a80b9757ff4728e052c43ac932bc81c7ff4b5782a547d44f21227d58d724b8788e13d03696b0369,,08/24/2025 12:30:00 PM,20,UNKNOWN,UNKNOWN,UNKNOWN,UNKNOWN,REAR TO REAR,PARKING LOT,,STRAIGHT AND LEVEL,UNKNOWN,UNKNOWN,NOT ON SCENE (DESK REPORT),NO INJURY / DRIVE AWAY,,,,"OVER $1,500",08/24/2025 02:03:00 PM,NOT APPLICABLE,NOT APPLICABLE,2427,W,CHICAGO AVE,1221,,,,,,,2,NO INDICATION OF INJURY,0,0,0,0,0,2,0,12,1,8,41.8956199525,-87.6879583907,POINT (-87.687958390749 41.895619952492)
167736dfc201719577f960ea70b1faf89a4af202b613cbcc972bf381971b79114ece0af1b431ef1f1dffc78814c1cc5dc956a949629322ebf726e13aed5ce02c,,08/24/2025 12:30:00 PM,25,TRAFFIC SIGNAL,FUNCTIONING PROPERLY,CLEAR,DAYLIGHT,TURNING,NOT DIVIDED,,STRAIGHT AND LEVEL,DRY,NO DEFECTS,NOT ON SCENE (DESK REPORT),NO INJURY / DRIVE AWAY,Y,,,"OVER $1,500",08/24/2025 02:36:00 PM,IMPROPER LANE USAGE,DRIVING SKILLS/KNOWLEDGE/EXPERIENCE,1998,W,WABANSIA AVE,1434,,,,,,,2,NO INDICATION OF INJURY,0,0,0,0,0,3,0,12,1,8,41.9124183826,-87.677449473,POINT (-87.677449472971 41.912418382605)
264e742ba2d0fa713a74fc79cffeaa0334e2f36d56ecadcd643233a502336df22eb7c250901fa3aa0ec276b719810f2547b3fdea9e02f2f144cf04111e8aad54,,08/24/2025 12:30:00 PM,30,TRAFFIC SIGNAL,FUNCTIONING PROPERLY,CLEAR,DAYLIGHT,SIDESWIPE SAME DIRECTION,FOUR WAY,,STRAIGHT AND LEVEL,DRY,NO DEFECTS,NOT ON SCENE (DESK REPORT),NO INJURY / DRIVE AWAY,,,,"$501 - $1,500",08/24/2025 12:45:00 PM,FAILING TO YIELD RIGHT-OF-WAY,FAILING TO YIELD RIGHT-OF-WAY,1150,W,BRYN MAWR AVE,2022,,,,,,,2,NO INDICATION OF INJURY,0,0,0,0,0,2,0,12,1,8,41.9837335369,-87.6599685564,POINT (-87.659968556365 41.983733536895)
df166cd2a813a58eb2ddb032dceff227835749cdc77eeb20e99c9038eb1d66c843b40d4fa2f724fe41a750f08c48b6e2b66d7ab64424c2e7c91bc42a684b3729,,08/24/2025 12:30:00 PM,20,NO CONTROLS,NO CONTROLS,CLEAR,DAYLIGHT,SIDESWIPE SAME DIRECTION,PARKING LOT,,STRAIGHT AND LEVEL,OTHER,UNKNOWN,NOT ON SCENE (DESK REPORT),NO INJURY / DRIVE AWAY,,,,"OVER $1,500",08/25/2025 10:10:00 AM,UNABLE TO DETERMINE,UNABLE TO DETERMINE,4100,S,ASHLAND AVE,924,,,,,,,2,NO INDICATION OF INJURY,0,0,0,0,0,2,0,12,1,8,41.8194414263,-87.6653755449,POINT (-87.665375544909 41.819441426296)
80fa9ab576baade681183864603ee74906fd4c3e557bc751544851333c78b39db7020fbb3b72119c05fcafc51a6f7c95db27ec3babbb961bd2fb89586df107b2,,08/24/2025 12:26:00 PM,30,UNKNOWN,UNKNOWN,CLEAR,DAYLIGHT,SIDESWIPE SAME DIRECTION,NOT DIVIDED,,STRAIGHT AND LEVEL,UNKNOWN,UNKNOWN,NOT ON SCENE (DESK REPORT),NO INJURY / DRIVE AWAY,,,,"OVER $1,500",08/24/2025 02:30:00 PM,UNABLE TO DETERMINE,UNABLE TO DETERMINE,59,W,HUBBARD ST,1831,,,,,,,2,NO INDICATION OF INJURY,0,0,0,0,0,2,0,12,1,8,41.8899214951,-87.6302975365,POINT (-87.630297536513 41.889921495112)
4acecf668a997b44204a25436103ef50107688b30821739f225241eee92fe5a1d16b661fb3f8ce14b0458132e6aa7eb12078a7b7e25f0ed2c79c4d617a6d6c6f,,08/24/2025 12:25:00 PM,30,STOP SIGN/FLASHER,FUNCTIONING PROPERLY,CLEAR,DAYLIGHT,ANGLE,FOUR WAY,,STRAIGHT AND LEVEL,DRY,NO DEFECTS,ON SCENE,INJURY AND / OR TOW DUE TO CRASH,Y,,Y,"$501 - $1,500",08/24/2025 12:29:00 PM,FAILING TO YIELD RIGHT-OF-WAY,UNABLE TO DETERMINE,200,W,72ND ST,731,,,,,,,2,NO INDICATION OF INJURY,0,0,0,0,0,2,0,12,1,8,41.7637205339,-87.629792464,POINT (-87.629792463986 41.763720533886)
b22bce37783d28ccc51ae5ae80a388f5b78d4a81aabb5e65e2a53f7316662252a1ef94802cd8131533f6e312dd5bb50b5ce223f39b543049c6cd4478aac66c02,,08/24/2025 12:15:00 PM,15,STOP SIGN/FLASHER,UNKNOWN,UNKNOWN,UNKNOWN,ANGLE,FOUR WAY,,STRAIGHT AND LEVEL,UNKNOWN,UNKNOWN,NOT ON SCENE (DESK REPORT),NO INJURY / DRIVE AWAY,,,,"OVER $1,500",08/24/2025 01:15:00 PM,UNABLE TO DETERMINE,NOT APPLICABLE,6420,W,FULLERTON AVE,2512,,,,,,,2,NO INDICATION OF INJURY,0,0,0,0,0,3,0,12,1,8,41.9237817967,-87.7862536744,POINT (-87.786253674433 41.92378179667)
c8f815f7acaa30bc6a6ad24795dc03f23528a679f07808ab4bc2d4412801e64cf9ea306cac048bbd19bcce87c75ad446a07559eef767d8615d2f9e3364bbbc0f,,08/24/2025 12:11:00 PM,30,PEDESTRIAN CROSSING SIGN,FUNCTIONING PROPERLY,CLEAR,DAYLIGHT,PEDALCYCLIST,DIVIDED - W/MEDIAN (NOT RAISED),,STRAIGHT AND LEVEL,DRY,NO DEFECTS,ON SCENE,INJURY AND / OR TOW DUE TO CRASH,Y,,Y,$500 OR LESS,08/24/2025 12:13:00 PM,FAILING TO YIELD RIGHT-OF-WAY,FAILING TO YIELD RIGHT-OF-WAY,4098,N,CLARK ST,1912,,,,,,,2,NONINCAPACITATING INJURY,1,0,0,1,0,1,0,12,1,8,41.9562503996,-87.6635729203,POINT (-87.663572920316 41.956250399624)
92f2fbac6089aa69ab6e831b6a81c4ed58ca47fdcadaa28515cd4b52b171951ab3cea7cc398b4f237e5d65601b98be322aadae62e8214540ec6544e51ae42d65,,08/24/2025 12:05:00 PM,10,NO CONTROLS,NO CONTROLS,CLEAR,DAYLIGHT,REAR TO SIDE,PARKING LOT,,STRAIGHT AND LEVEL,DRY,NO DEFECTS,ON SCENE,INJURY AND / OR TOW DUE TO CRASH,,,,"$501 - $1,500",08/24/2025 12:12:00 PM,FAILING TO YIELD RIGHT-OF-WAY,NOT APPLICABLE,1500,W,WILSON AVE,1912,,,,,,,2,"REPORTED, NOT EVIDENT",1,0,0,0,1,1,0,12,1,8,41.9653641767,-87.6678795176,POINT (-87.667879517599 41.965364176671)
3ab8eedbeaf337f844a124ed9fc4bd6745f75fc2d664ed5d3fed93fdef246076c77f0d6b23c9e451d96f8db71f94dc953b2a5dd55ef2be09e53879bedf03c60c,,08/24/2025 12:00:00 PM,30,NO CONTROLS,NO CONTROLS,CLEAR,UNKNOWN,PARKED MOTOR VEHICLE,ONE-WAY,,STRAIGHT AND LEVEL,DRY,NO DEFECTS,NOT ON SCENE (DESK REPORT),NO INJURY / DRIVE AWAY,,,Y,"OVER $1,500",08/26/2025 10:00:00 AM,UNABLE TO DETERMINE,UNABLE TO DETERMINE,4841,S,DORCHESTER AVE,222,,,,,,,2,NO INDICATION OF INJURY,0,0,0,0,0,1,0,12,1,8,41.8066554451,-87.591778408,POINT (-87.591778407979 41.806655445117)
f2e60fd5eb9a390d498345f0cbe5968af45bd382a77fcc5cd33632f1bc28d30d6574a153647a27a8d8489fda6ed0f81811453aa78b99eff2cec1f6c4a4a04530,,08/24/2025 11:58:00 AM,25,NO CONTROLS,NO CONTROLS,CLEAR,DAYLIGHT,PEDESTRIAN,ALLEY,,STRAIGHT AND LEVEL,DRY,NO DEFECTS,ON SCENE,NO INJURY / DRIVE AWAY,,,,"OVER $1,500",08/24/2025 12:59:00 PM,NOT APPLICABLE,NOT APPLICABLE,6015,N,FRANCISCO AVE,2413,,,,,,,2,NO INDICATION OF INJURY,0,0,0,0,0,3,0,11,1,8,41.9908969306,-87.7016935302,POINT (-87.701693530229 41.990896930593)
452c46c2885e0f08043fa593a03c528e53137d0b25e31eff1843a18fb2f640d10d6fc8882a1d68a9ed9dbaefd629834c0267e16c146597efa43950ad480a4a65,,08/24/2025 11:55:00 AM,25,NO CONTROLS,NO CONTROLS,CLOUDY/OVERCAST,DAYLIGHT,SIDESWIPE SAME DIRECTION,NOT DIVIDED,,STRAIGHT AND LEVEL,DRY,NO DEFECTS,ON SCENE,INJURY AND / OR TOW DUE TO CRASH,,,,"OVER $1,500",08/24/2025 12:01:00 PM,FAILING TO YIELD RIGHT-OF-WAY,NOT APPLICABLE,1352,W,WRIGHTWOOD AVE,1932,,,,,,,2,"REPORTED, NOT EVIDENT",1,0,0,0,1,1,0,11,1,8,41.9289631482,-87.6631339395,POINT (-87.663133939515 41.92896314819)
743d3243893035f2d20dbca6fce15cefc07f3fb0b18a7df346e64fca3fbf9a1dcb4fe9d6d5e29dfc73c9f7695b867a4067e8119d456daeb35ed09e87d76d9150,,08/24/2025 11:40:00 AM,30,NO CONTROLS,NO CONTROLS,CLEAR,DAYLIGHT,TURNING,NOT DIVIDED,,STRAIGHT AND LEVEL,DRY,NO DEFECTS,ON SCENE,INJURY AND / OR TOW DUE TO CRASH,,,,"OVER $1,500",08/24/2025 11:44:00 AM,IMPROPER TURNING/NO SIGNAL,NOT APPLICABLE,1800,E,79TH ST,414,,,,,,,2,"REPORTED, NOT EVIDENT",3,0,0,0,3,0,0,11,1,8,41.7516552378,-87.5808284241,POINT (-87.580828424088 41.751655237786)
e4f93f16cc2340194cfa8f1ec694a8c7d20ba45d19895182ce9ce50746a12067bffc8b082d6aaf777e568363b1c0b29b324b4b17401c996efbb6b79a6cd04f78,,08/24/2025 11:38:00 AM,30,NO CONTROLS,NO CONTROLS,CLEAR,DAYLIGHT,SIDESWIPE SAME DIRECTION,NOT DIVIDED,,STRAIGHT AND LEVEL,DRY,NO DEFECTS,ON SCENE,NO INJURY / DRIVE AWAY,,,Y,"OVER $1,500",08/24/2025 11:40:00 AM,IMPROPER OVERTAKING/PASSING,UNABLE TO DETERMINE,3710,S,WESTERN AVE,911,,,,,,,2,NO INDICATION OF INJURY,0,0,0,0,0,4,0,11,1,8,41.8261393085,-87.6850567121,POINT (-87.685056712063 41.826139308522)
8036f97e936e675e55cd8c406a75f6ce2e132e859cd5db966b247dab5d3c80974be9a470d1f43f265b577133f5c83e69d8907dde61a16185d37a2decc399e9f3,,08/24/2025 11:33:00 AM,30,NO CONTROLS,NO CONTROLS,CLEAR,DAYLIGHT,TURNING,ONE-WAY,,STRAIGHT AND LEVEL,DRY,NO DEFECTS,ON SCENE,NO INJURY / DRIVE AWAY,,,,"OVER $1,500",08/24/2025 11:35:00 AM,IMPROPER OVERTAKING/PASSING,FAILING TO YIELD RIGHT-OF-WAY,7400,S,STONY ISLAND AVE,324,,,,,,,2,NO INDICATION OF INJURY,0,0,0,0,0,3,0,11,1,8,41.7605411501,-87.5863302784,POINT (-87.58633027841 41.760541150061)
94bb5203f9988990075f102d493eda58c4fe340638dede52df68509fed8c2201f6424986d789b7455efee5626c436739ec47f697e358a9ee02b511fe61a4b330,Y,08/24/2025 11:30:00 AM,30,NO CONTROLS,NO CONTROLS,CLEAR,UNKNOWN,PARKED MOTOR VEHICLE,NOT DIVIDED,,STRAIGHT AND LEVEL,UNKNOWN,UNKNOWN,ON SCENE,INJURY AND / OR TOW DUE TO CRASH,,,Y,"$501 - $1,500",08/24/2025 02:40:00 PM,UNABLE TO DETERMINE,NOT APPLICABLE,5412,S,CALIFORNIA AVE,923,,,,,,,2,NO INDICATION OF INJURY,0,0,0,0,0,1,0,11,1,8,41.795082447,-87.6939833071,POINT (-87.693983307144 41.795082447034)
b2d7ae9f8ca81015786b5ba406b50d5ce7da7b1af931fd2358813f89803a5b377307c82e6711934ceab006941d1d2b6dabbd42df8e5e80251498f4f798947a8e,,08/24/2025 11:30:00 AM,30,NO CONTROLS,NO CONTROLS,CLEAR,DAYLIGHT,PARKED MOTOR VEHICLE,DIVIDED - W/MEDIAN (NOT RAISED),,STRAIGHT AND LEVEL,DRY,NO DEFECTS,NOT ON SCENE (DESK REPORT),NO INJURY / DRIVE AWAY,,,Y,"$501 - $1,500",08/25/2025 04:27:00 PM,UNABLE TO DETERMINE,NOT APPLICABLE,752,E,114TH ST,531,,,,,,,2,NO INDICATION OF INJURY,0,0,0,0,0,1,0,11,1,8,41.6875738424,-87.6033793554,POINT (-87.603379355427 41.687573842443)
a896588a43107928a3f75ba44a535634d4d63abdd4da082ee54b9f55ba35077253410a49c1a7981ce0ada6af55ca30dcd35fd1f95b25b6b0c0e11e0a99f29032,,08/24/2025 11:25:00 AM,30,NO CONTROLS,NO CONTROLS,CLEAR,DAYLIGHT,REAR END,DIVIDED - W/MEDIAN (NOT RAISED),,STRAIGHT AND LEVEL,DRY,NO DEFECTS,ON SCENE,INJURY AND / OR TOW DUE TO CRASH,,,Y,"$501 - $1,500",08/24/2025 11:33:00 AM,UNABLE TO DETERMINE,UNABLE TO DETERMINE,3620,W,26TH ST,1013,,,,,,,2,NONINCAPACITATING INJURY,1,0,0,1,0,1,0,11,1,8,41.8444809928,-87.7157683804,POINT (-87.715768380395 41.844480992756)
0fc0e837772644ca609cc303d29856350ae4ed6a6e1e274d9e051995f8b2aa9ed4e48243a984215950f60dbc0406c9d9a831210986f4c846f26d8859dc236868,,08/24/2025 11:16:00 AM,30,TRAFFIC SIGNAL,FUNCTIONING PROPERLY,CLEAR,DAYLIGHT,TURNING,NOT DIVIDED,,STRAIGHT AND LEVEL,DRY,NO DEFECTS,NOT ON SCENE (DESK REPORT),NO INJURY / DRIVE AWAY,,,Y,$500 OR LESS,08/24/2025 02:35:00 PM,UNABLE TO DETERMINE,NOT APPLICABLE,5700,S,LAKE SHORE DR,331,,,,,,,2,NO INDICATION OF INJURY,0,0,0,0,0,3,0,11,1,8,41.7914202821,-87.5801477687,POINT (-87.580147768689 41.791420282098)
95e4b9f16970fb7f821662630fe548aaeb8d3a94d7e40a8bc3a05c82d7cacfafe12407cf5c198a87151fdf9e423801668d2abfa7634ab1193094e2405f19fc95,,08/24/2025 11:15:00 AM,30,NO CONTROLS,NO CONTROLS,CLEAR,DAYLIGHT,PARKED MOTOR VEHICLE,NOT DIVIDED,,STRAIGHT AND LEVEL,DRY,NO DEFECTS,NOT ON SCENE (DESK REPORT),NO INJURY / DRIVE AWAY,,,,"OVER $1,500",08/24/2025 11:45:00 AM,NOT APPLICABLE,NOT APPLICABLE,3642,W,58TH ST,822,,,,,,,2,NO INDICATION OF INJURY,0,0,0,0,0,1,0,11,1,8,41.7879896019,-87.7151039972,POINT (-87.715103997226 41.787989601931)
b88022e9f74512f2a9391f87107e7763a336814a510ac277219fea66b3383a9f0445d4a7ab505db1bb9b02744c074c5addcd9ccb726c175d2991ed411c1cafe3,,08/24/2025 11:15:00 AM,30,STOP SIGN/FLASHER,NO CONTROLS,RAIN,DAYLIGHT,ANGLE,FOUR WAY,,STRAIGHT AND LEVEL,DRY,NO DEFECTS,NOT ON SCENE (DESK REPORT),NO INJURY / DRIVE AWAY,,,Y,"$501 - $1,500",08/24/2025 12:25:00 PM,UNABLE TO DETERMINE,NOT APPLICABLE,2001,E,90TH ST,413,,,,,,,2,NO INDICATION OF INJURY,0,0,0,0,0,2,0,11,1,8,41.7314752468,-87.5755222001,POINT (-87.575522200072 41.731475246782)
dc2b1225782f373d94f0da1c7e0f05b6be6a3fd3378124bba1b6e14fa9655f576b415390918a3b3795898ec8c0bd04c46fad623a84568a69b9a3fe720b044fa3,,08/24/2025 11:04:00 AM,30,STOP SIGN/FLASHER,FUNCTIONING PROPERLY,CLEAR,DAYLIGHT,PARKED MOTOR VEHICLE,NOT DIVIDED,,STRAIGHT AND LEVEL,DRY,UNKNOWN,ON SCENE,NO INJURY / DRIVE AWAY,,,Y,"OVER $1,500",08/24/2025 11:04:00 AM,UNABLE TO DETERMINE,UNABLE TO DETERMINE,1025,W,18TH ST,1235,,,,,,,2,NO INDICATION OF INJURY,0,0,0,0,0,1,0,11,1,8,41.8578956093,-87.6526986192,POINT (-87.652698619236 41.857895609279)
2d297cb1f73665d0006c74b7397d848d15571e9e61a6d4b75bab2e82e9ded5b9d44d07c2b3d47b127e33e503c0cc2e33c117ad52f22fcaeaf9190c79b9b2d24b,,08/24/2025 11:01:00 AM,20,NO CONTROLS,NO CONTROLS,CLEAR,DAYLIGHT,PARKED MOTOR VEHICLE,ONE-WAY,,STRAIGHT AND LEVEL,DRY,NO DEFECTS,NOT ON SCENE (DESK REPORT),NO INJURY / DRIVE AWAY,,,Y,"OVER $1,500",08/24/2025 12:31:00 PM,IMPROPER OVERTAKING/PASSING,NOT APPLICABLE,11015,S,PARNELL AVE,2233,,,,,,,2,NO INDICATION OF INJURY,0,0,0,0,0,3,0,11,1,8,41.6937653087,-87.6362315068,POINT (-87.636231506783 41.693765308698)
24eeb91bbdb7ca3c733739390bc6a0e2c083aa9790961d053949497130db8d85750414be564b2756788508c18ce02463d1113d302350a5ab77d43c324b6c4fe0,,08/24/2025 11:00:00 AM,30,NO CONTROLS,NO CONTROLS,CLEAR,DAYLIGHT,FIXED OBJECT,NOT DIVIDED,,STRAIGHT AND LEVEL,DRY,NO DEFECTS,NOT ON SCENE (DESK REPORT),NO INJURY / DRIVE AWAY,,,,$500 OR LESS,08/24/2025 12:15:00 PM,NOT APPLICABLE,NOT APPLICABLE,2136,W,ARMITAGE AVE,1432,,,,,,,2,NO INDICATION OF INJURY,0,0,0,0,0,2,0,11,1,8,41.917786562,-87.6815741837,POINT (-87.68157418374 41.91778656202)
6f365a8fc68ab07e1ac9c7c74855057774983edf574d78d84282408378a099a1726a7c3a70625ff6905b21bf9d7357a33a4b2df790275a45d282cf4bbe505889,Y,08/24/2025 11:00:00 AM,25,NO CONTROLS,NO CONTROLS,CLEAR,DAYLIGHT,PARKED MOTOR VEHICLE,NOT DIVIDED,,STRAIGHT AND LEVEL,DRY,NO DEFECTS,NOT ON SCENE (DESK REPORT),NO INJURY / DRIVE AWAY,,,Y,"OVER $1,500",08/24/2025 01:15:00 PM,UNABLE TO DETERMINE,HAD BEEN DRINKING (USE WHEN ARREST IS NOT MADE),3625,S,MORGAN ST,915,,,,,,,2,NO INDICATION OF INJURY,0,0,0,0,0,1,0,11,1,8,41.8280008437,-87.650754257,POINT (-87.650754256981 41.828000843709)
7c17c3f089e812d21515ddf5740db8354cdf14b9f0ba248d498d4e2b9605547f989ee852116085552b54925b5f04b7355b262bfffc6cd38954b6abc14b2faeef,,08/24/2025 11:00:00 AM,30,NO CONTROLS,NO CONTROLS,CLEAR,DAYLIGHT,PARKED MOTOR VEHICLE,ONE-WAY,,STRAIGHT AND LEVEL,DRY,NO DEFECTS,ON SCENE,NO INJURY / DRIVE AWAY,,,Y,"OVER $1,500",08/24/2025 01:20:00 PM,UNABLE TO DETERMINE,UNABLE TO DETERMINE,8823,S,WALLACE ST,2223,,,,,,,2,NO INDICATION OF INJURY,0,0,0,0,0,1,0,11,1,8,41.7336327136,-87.6385376674,POINT (-87.638537667397 41.733632713587)
d29de7e866a7599a496a9dece6a9b2dbd2e8666a519fad47973c7ea5882f289a756085cd42c012bc8e3a501f5aaa6ea1275c26b8355b9219b898780676c451c9,,08/24/2025 10:56:00 AM,30,NO CONTROLS,NO CONTROLS,CLEAR,DAYLIGHT,TURNING,NOT DIVIDED,,STRAIGHT AND LEVEL,DRY,NO DEFECTS,ON SCENE,INJURY AND / OR TOW DUE TO CRASH,,,,"OVER $1,500",08/24/2025 11:05:00 AM,FAILING TO YIELD RIGHT-OF-WAY,NOT APPLICABLE,4132,N,BROADWAY,1915,,Y,,,,,2,NO INDICATION OF INJURY,0,0,0,0,0,2,0,10,1,8,41.9577118336,-87.6527199493,POINT (-87.652719949334 41.957711833621)
e9327879b7d90b8f1938e9bf993185bbf54edb13b667ef32ac15d274426cdb07ebf2d76939f685924b4d49d815e76e7b1f4727aa1cab9d907c81a3d4a3984d16,,08/24/2025 10:55:00 AM,25,TRAFFIC SIGNAL,FUNCTIONING PROPERLY,CLEAR,DAYLIGHT,PEDESTRIAN,NOT DIVIDED,,STRAIGHT AND LEVEL,DRY,NO DEFECTS,ON SCENE,INJURY AND / OR TOW DUE TO CRASH,Y,,N,$500 OR LESS,08/24/2025 11:03:00 AM,FAILING TO YIELD RIGHT-OF-WAY,FAILING TO REDUCE SPEED TO AVOID CRASH,8853,S,JEFFERY BLVD,412,,,,,,,2,NONINCAPACITATING INJURY,1,0,0,1,0,1,0,10,1,8,41.7336725165,-87.575490809,POINT (-87.575490808961 41.733672516468)
99834394dba55113354ac48b1a88111d5be2acac7c7a9406c40d4d9fb29bf7b2447d6b9ceca5b0837742bf501ce0323c1a9c1d7e33c0528651803e4fd99ac9d8,,08/24/2025 10:50:00 AM,30,NO CONTROLS,NO CONTROLS,CLEAR,DAYLIGHT,REAR END,NOT DIVIDED,,STRAIGHT AND LEVEL,DRY,NO DEFECTS,ON SCENE,INJURY AND / OR TOW DUE TO CRASH,,,,"OVER $1,500",08/24/2025 10:51:00 AM,FAILING TO YIELD RIGHT-OF-WAY,NOT APPLICABLE,500,S,LARAMIE AVE,1522,,,,,,,2,NONINCAPACITATING INJURY,1,0,0,1,0,3,0,10,1,8,41.8738935358,-87.754973786,POINT (-87.75497378603 41.873893535778)
cece2c8c5ff69fbb3c5d2a5e116217160ef2541ae466b3a923d5441b916fde91eebbeb2f9ed39056470902648cd9d8300c2cbe4f6bee530a844da8ec0cf117c2,,08/24/2025 10:45:00 AM,25,UNKNOWN,UNKNOWN,UNKNOWN,UNKNOWN,SIDESWIPE SAME DIRECTION,NOT DIVIDED,,STRAIGHT AND LEVEL,UNKNOWN,UNKNOWN,NOT ON SCENE (DESK REPORT),NO INJURY / DRIVE AWAY,,,,"$501 - $1,500",08/24/2025 11:00:00 AM,UNABLE TO DETERMINE,NOT APPLICABLE,833,N,MILWAUKEE AVE,1213,,,,,,,2,NO INDICATION OF INJURY,0,0,0,0,0,2,0,10,1,8,41.8969781658,-87.6563310948,POINT (-87.656331094792 41.89697816583)
e7e898042ae579966ab9ba63f283ce22bd1ea28f3b8dec02513e1e54684a652e355db8107212016d5915d4f41727bd5eb26a40ea89b235327a5ee3705e10ad2f,,08/24/2025 10:41:00 AM,30,OTHER,NO CONTROLS,CLEAR,DAYLIGHT,PARKED MOTOR VEHICLE,ONE-WAY,,STRAIGHT AND LEVEL,DRY,NO DEFECTS,ON SCENE,NO INJURY / DRIVE AWAY,,,Y,"$501 - $1,500",08/24/2025 10:54:00 AM,DRIVING ON WRONG SIDE/WRONG WAY,UNABLE TO DETERMINE,4409,N,TROY ST,1724,,Y,,,,,2,NO INDICATION OF INJURY,0,0,0,0,0,2,0,10,1,8,41.9615148437,-87.7068875621,POINT (-87.706887562053 41.961514843704)