CRASH_RECORD_ID,CRASH_DATE_EST_I,CRASH_DATE,POSTED_SPEED_LIMIT,TRAFFIC_CONTROL_DEVICE,DEVICE_CONDITION,WEATHER_CONDITION,LIGHTING_CONDITION,FIRST_CRASH_TYPE,TRAFFICWAY_TYPE,LANE_CNT,ALIGNMENT,ROADWAY_SURFACE_COND,ROAD_DEFECT,REPORT_TYPE,CRASH_TYPE,INTERSECTION_RELATED_I,NOT_RIGHT_OF_WAY_I,HIT_AND_RUN_I,DAMAGE,DATE_POLICE_NOTIFIED,PRIM_CONTRIBUTORY_CAUSE,SEC_CONTRIBUTORY_CAUSE,STREET_NO,STREET_DIRECTION,STREET_NAME,BEAT_OF_OCCURRENCE,PHOTOS_TAKEN_I,STATEMENTS_TAKEN_I,DOORING_I,WORK_ZONE_I,WORK_ZONE_TYPE,WORKERS_PRESENT_I,NUM_UNITS,MOST_SEVERE_INJURY,INJURIES_TOTAL,INJURIES_FATAL,INJURIES_INCAPACITATING,INJURIES_NON_INCAPACITATING,INJURIES_REPORTED_NOT_EVIDENT,INJURIES_NO_INDICATION,INJURIES_UNKNOWN,CRASH_HOUR,CRASH_DAY_OF_WEEK,CRASH_MONTH,LATITUDE,LONGITUDE,LOCATION
e90b61d32e30d2ecc630043bd8e22b3c4ac34fdc554a0537dfce0cc14909b8a7422f8bf1970f5a2303c63a9300dd5223d89e154a3611d56f920f4bd88b6b4c9e,,08/24/2025 10:41:00 AM,30,TRAFFIC SIGNAL,UNKNOWN,CLEAR,DAYLIGHT,REAR END,DIVIDED - W/MEDIAN (NOT RAISED),,STRAIGHT AND LEVEL,DRY,NO DEFECTS,ON SCENE,NO INJURY / DRIVE AWAY,,,Y,"OVER $1,500",08/24/2025 10:54:00 AM,FAILING TO REDUCE SPEED TO AVOID CRASH,FOLLOWING TOO CLOSELY,4444,N,KEDZIE AVE,1724,,Y,,,,,2,NO INDICATION OF INJURY,0,0,0,0,0,4,0,10,1,8,41.9625428484,-87.7084323708,POINT (-87.708432370787 41.962542848403)
3873355c81aed14723d94148a235931272135abe30a5149a5a18524aed76776119b38faf98f9ad9ee229c20f002c71907678a152c0384efba5a2b4288c9299dd,,08/24/2025 10:30:00 AM,30,STOP SIGN/FLASHER,FUNCTIONING PROPERLY,CLEAR,DAYLIGHT,ANGLE,FOUR WAY,,STRAIGHT AND LEVEL,DRY,NO DEFECTS,ON SCENE,NO INJURY / DRIVE AWAY,Y,,,"OVER $1,500",08/24/2025 10:36:00 AM,UNABLE TO DETERMINE,NOT APPLICABLE,4235,W,ARMITAGE AVE,2534,,,,,,,2,NO INDICATION OF INJURY,0,0,0,0,0,2,0,10,1,8,41.9169746017,-87.7328834332,POINT (-87.732883433168 41.916974601737)
a0108235dd3e7a25008a275a129940209a5c6b02e647bb4108dcd57ad7d40cab4a8d326d622f2f04f7096dbd43070f954077560409f25b42d657530cf3dcbd09,,08/24/2025 10:24:00 AM,30,NO CONTROLS,NO CONTROLS,CLEAR,DAYLIGHT,REAR END,NOT DIVIDED,,STRAIGHT AND LEVEL,DRY,UNKNOWN,NOT ON SCENE (DESK REPORT),NO INJURY / DRIVE AWAY,,,,$500 OR LESS,08/26/2025 09:15:00 PM,NOT APPLICABLE,NOT APPLICABLE,1111,W,ADDISON ST,1924,,,,,,,2,NO INDICATION OF INJURY,0,0,0,0,0,2,0,10,1,8,41.9470563734,-87.6579654996,POINT (-87.657965499623 41.947056373374)
21000617d7b9fa1f1fd3506fd3d8cd1841160bb06c3339812197a7b3e3d4a0dd4ad5bd1776337f79997a1dc1b6d5c6c22e1bc4a410e5d86aec236d1cf5987fad,,08/24/2025 10:21:00 AM,30,TRAFFIC SIGNAL,FUNCTIONING PROPERLY,CLEAR,DAYLIGHT,TURNING,FOUR WAY,,STRAIGHT AND LEVEL,DRY,NO DEFECTS,ON SCENE,INJURY AND / OR TOW DUE TO CRASH,Y,,,"OVER $1,500",08/24/2025 10:23:00 AM,FAILING TO YIELD RIGHT-OF-WAY,"VISION OBSCURED (SIGNS, TREE LIMBS, BUILDINGS, ETC.)",4400,N,PULASKI RD,1722,,,,,,,2,NONINCAPACITATING INJURY,1,0,0,1,0,2,0,10,1,8,41.9610237213,-87.727977456,POINT (-87.727977455957 41.961023721271)
6517749e750e49ab6d3082e1ea7ba67a92a3a3f8b81dbcdf90d9d4da3b3e5b917ae2414f85b6eb37a020e660237e5d3af760b3213ffe707c521fe5719c43da72,,08/24/2025 10:20:00 AM,30,TRAFFIC SIGNAL,FUNCTIONING PROPERLY,CLEAR,DAYLIGHT,TURNING,FOUR WAY,,STRAIGHT AND LEVEL,DRY,NO DEFECTS,ON SCENE,NO INJURY / DRIVE AWAY,Y,,,"OVER $1,500",08/24/2025 10:24:00 AM,UNABLE TO DETERMINE,UNABLE TO DETERMINE,2801,W,83RD ST,835,,,,,,,2,NO INDICATION OF INJURY,0,0,0,0,0,5,0,10,1,8,41.7425466162,-87.6924899501,POINT (-87.692489950103 41.742546616246)
8092569a4cb696929be3991ee5e5d469ecfddc55573bc36ec0c9e98b41bf7797b0305e928c9240e5405654f2c08c852a7697288d9074d64dd962508916fb832f,,08/24/2025 10:16:00 AM,30,STOP SIGN/FLASHER,FUNCTIONING PROPERLY,CLEAR,DAYLIGHT,REAR TO FRONT,UNKNOWN INTERSECTION TYPE,,STRAIGHT AND LEVEL,DRY,NO DEFECTS,NOT ON SCENE (DESK REPORT),NO INJURY / DRIVE AWAY,Y,,,"OVER $1,500",08/24/2025 11:40:00 AM,IMPROPER BACKING,UNABLE TO DETERMINE,2553,S,SAWYER AVE,1024,,,,,,,2,NO INDICATION OF INJURY,0,0,0,0,0,6,0,10,1,8,41.8447621102,-87.7061176413,POINT (-87.706117641263 41.844762110241)
abe89aab539d9db506bcf8c1dece2850a5327ab639322d83965de18f4286a7c01f45091ae7ec9f2b66af91dd5cc302558fc34e9fcedcf4d36b8c42d749a6f5c7,,08/24/2025 10:15:00 AM,30,TRAFFIC SIGNAL,FUNCTIONING PROPERLY,CLEAR,DAYLIGHT,TURNING,FOUR WAY,,STRAIGHT AND LEVEL,DRY,NO DEFECTS,ON SCENE,INJURY AND / OR TOW DUE TO CRASH,Y,,,"OVER $1,500",08/24/2025 10:17:00 AM,FAILING TO YIELD RIGHT-OF-WAY,DRIVING SKILLS/KNOWLEDGE/EXPERIENCE,1500,W,CORTLAND ST,1433,,,,,,,3,"REPORTED, NOT EVIDENT",1,0,0,0,1,3,0,10,1,8,41.9168003858,-87.6654325851,POINT (-87.6654325851 41.916800385833)
350b88b4cff6d33849d52f8555a16f4fd6360de2270b029a7d3e0d9ac52fad8da59c3829f8ff90324a71c9f2371eaa675ea33377d52c9c0d3440d547d6cb065a,,08/24/2025 10:13:00 AM,15,NO CONTROLS,NO CONTROLS,CLEAR,DAYLIGHT,REAR TO REAR,PARKING LOT,,STRAIGHT AND LEVEL,DRY,NO DEFECTS,ON SCENE,NO INJURY / DRIVE AWAY,,,,"$501 - $1,500",08/24/2025 10:13:00 AM,UNABLE TO DETERMINE,NOT APPLICABLE,4612,W,FULLERTON AVE,2521,,,,,,,2,NO INDICATION OF INJURY,0,0,0,0,0,2,0,10,1,8,41.9244023418,-87.7423182596,POINT (-87.742318259576 41.924402341779)
d555c717e15a6ddbaea46cdafcdd79c6eba97fa4c36fc2c36d3136c79a8c9f17bd271859bbd44f302d7a703a9326fb7a55c630746f658dcba5452dda1feef523,,08/24/2025 10:07:00 AM,30,TRAFFIC SIGNAL,FUNCTIONING PROPERLY,CLEAR,DAYLIGHT,SIDESWIPE SAME DIRECTION,FOUR WAY,,STRAIGHT AND LEVEL,DRY,UNKNOWN,NOT ON SCENE (DESK REPORT),NO INJURY / DRIVE AWAY,Y,,Y,"OVER $1,500",08/25/2025 05:00:00 PM,UNABLE TO DETERMINE,UNABLE TO DETERMINE,11092,S,DOTY AVE W,513,,,,,,,2,NO INDICATION OF INJURY,0,0,0,0,0,2,0,10,1,8,41.6928932432,-87.6007342982,POINT (-87.600734298249 41.692893243231)
06f74b8e01683433993b61edc2ea0402cd59c4e63584c158fa22a50146193a8d5c1dd63962ae3b4a9109ddb0dbe2f1c800d5a5d6870909a7e24c80a7e8c29bad,,08/24/2025 10:00:00 AM,30,UNKNOWN,UNKNOWN,UNKNOWN,UNKNOWN,PARKED MOTOR VEHICLE,UNKNOWN,,STRAIGHT AND LEVEL,OTHER,UNKNOWN,NOT ON SCENE (DESK REPORT),NO INJURY / DRIVE AWAY,,,Y,"OVER $1,500",08/24/2025 01:00:00 PM,UNABLE TO DETERMINE,UNABLE TO DETERMINE,4500,N,MAJOR AVE,1622,,,,,,,2,NO INDICATION OF INJURY,0,0,0,0,0,1,0,10,1,8,41.9623644235,-87.769897682,POINT (-87.769897682025 41.962364423519)
9f0764724d28af4daa8686875c52bad0ace39414d72efb1c45a153cb546b83e200fbe1e48b4b722dd964accc60df71379a40c704db5dd29597af6bd7260a888b,,08/24/2025 10:00:00 AM,30,NO CONTROLS,NO CONTROLS,CLEAR,UNKNOWN,PARKED MOTOR VEHICLE,OTHER,,STRAIGHT AND LEVEL,DRY,NO DEFECTS,NOT ON SCENE (DESK REPORT),NO INJURY / DRIVE AWAY,,,Y,"$501 - $1,500",08/24/2025 11:10:00 AM,IMPROPER LANE USAGE,UNABLE TO DETERMINE,1721,N,MOZART ST,1421,,,,,,,2,NO INDICATION OF INJURY,0,0,0,0,0,1,0,10,1,8,41.9129723314,-87.6979483632,POINT (-87.697948363246 41.912972331394)
bb2f7298e514f9b87bf1bb4ffdc25a2c743401c4a5cfac726c453670dccf0aae7f159823ef7440950635a09ec984af7e3d5fea85f446ecbb20dbfca6857fd202,,08/24/2025 09:57:00 AM,30,NO CONTROLS,NO CONTROLS,CLEAR,DAYLIGHT,REAR END,ALLEY,,STRAIGHT AND LEVEL,DRY,NO DEFECTS,ON SCENE,NO INJURY / DRIVE AWAY,Y,,,"OVER $1,500",08/24/2025 09:58:00 AM,IMPROPER BACKING,UNABLE TO DETERMINE,6055,S,DR MARTIN LUTHER KING JR DR,313,,,,,,,2,NO INDICATION OF INJURY,0,0,0,0,0,2,0,9,1,8,41.784089824,-87.6155723922,POINT (-87.615572392213 41.784089824002)
9f1ba96444cdc9c3233c37b6f704fbb1ba66ede891bc403051bce788efb8d78825a7fc901fa48899cb0835471c8e0f168ca8c1a5f7c9393df068a2bcea5d46e7,,08/24/2025 09:48:00 AM,30,TRAFFIC SIGNAL,NO CONTROLS,CLEAR,DAYLIGHT,TURNING,FOUR WAY,,STRAIGHT AND LEVEL,DRY,NO DEFECTS,ON SCENE,NO INJURY / DRIVE AWAY,Y,,Y,"$501 - $1,500",08/24/2025 09:50:00 AM,FAILING TO YIELD RIGHT-OF-WAY,UNABLE TO DETERMINE,1400,W,74TH ST,734,,,,,,,2,NO INDICATION OF INJURY,0,0,0,0,0,2,0,9,1,8,41.7596324378,-87.6589090053,POINT (-87.65890900533 41.759632437775)
f330d84f11d6419224c512a4f8ee3e731bff2208dd6f65ea68add95c2f2396af5df550962343787903ef79814375139b29aa030703a6763714d469ed6e0115a9,,08/24/2025 09:32:00 AM,20,STOP SIGN/FLASHER,FUNCTIONING PROPERLY,CLEAR,DAYLIGHT,TURNING,FOUR WAY,,STRAIGHT AND LEVEL,DRY,NO DEFECTS,ON SCENE,NO INJURY / DRIVE AWAY,Y,,Y,"OVER $1,500",08/24/2025 09:32:00 AM,FAILING TO YIELD RIGHT-OF-WAY,DISREGARDING STOP SIGN,2700,S,SAWYER AVE,1032,,,,,,,2,NO INDICATION OF INJURY,0,0,0,0,0,2,0,9,1,8,41.8425846661,-87.7063470747,POINT (-87.706347074722 41.842584666071)
67e0890ea10a4b1c542946405fe8bdc36c78ad8b94e3f1580de96231c710e42980b506052d608a9c75f9c03fb1625d09ee9d354e36c83d8c9b0a643f9f3b4c2d,,08/24/2025 09:30:00 AM,30,NO CONTROLS,NO CONTROLS,CLEAR,DAYLIGHT,PARKED MOTOR VEHICLE,NOT DIVIDED,,STRAIGHT AND LEVEL,DRY,UNKNOWN,NOT ON SCENE (DESK REPORT),NO INJURY / DRIVE AWAY,,,Y,"OVER $1,500",08/24/2025 09:00:00 PM,UNABLE TO DETERMINE,NOT APPLICABLE,4779,W,ARTHINGTON ST,1131,,,,,,,2,NO INDICATION OF INJURY,0,0,0,0,0,1,0,9,1,8,41.8694324871,-87.7447399988,POINT (-87.744739998816 41.869432487106)
f04f881eec3c171286e43988ac30bb6cd8b6d04ce32a3c253d7980aafc9e9895f651b800f9d11e5757063add68e831c28a381a4672cee170c0abd829263a73c6,,08/24/2025 09:18:00 AM,30,NO CONTROLS,NO CONTROLS,CLEAR,DAYLIGHT,PARKED MOTOR VEHICLE,ONE-WAY,,STRAIGHT AND LEVEL,DRY,UNKNOWN,ON SCENE,NO INJURY / DRIVE AWAY,,,Y,"$501 - $1,500",08/24/2025 09:30:00 AM,UNABLE TO DETERMINE,UNABLE TO DETERMINE,4117,S,DR MARTIN LUTHER KING JR DR,214,,,,,,,2,NO INDICATION OF INJURY,0,0,0,0,0,1,0,9,1,8,41.8196467034,-87.6167327046,POINT (-87.616732704602 41.819646703358)
700acc7ad9e5fe6025a6d7d54c9d58019352da81d41da8668393062f58c13fb497c8d6c526bdfde2686f85c7b9278ae45146038532ef1990fccb6075653098f3,,08/24/2025 09:15:00 AM,30,TRAFFIC SIGNAL,NO CONTROLS,CLEAR,DAYLIGHT,ANGLE,NOT DIVIDED,,STRAIGHT AND LEVEL,DRY,NO DEFECTS,ON SCENE,INJURY AND / OR TOW DUE TO CRASH,,,,"OVER $1,500",08/24/2025 09:18:00 AM,DISREGARDING OTHER TRAFFIC SIGNS,NOT APPLICABLE,5501,S,CENTRAL AVE,813,,,,,,,4,NONINCAPACITATING INJURY,1,0,0,1,0,6,0,9,1,8,41.7926452812,-87.7621532655,POINT (-87.762153265459 41.792645281195)
225983305eb93ecd04c8241ed54f888624eb3fdf946bb4fa6b9c2369069f84af518324986c80aede1980822305fdf69893ce8fb2a09d22e2403657fa63270ff8,,08/24/2025 09:00:00 AM,30,NO CONTROLS,NO CONTROLS,CLEAR,UNKNOWN,PARKED MOTOR VEHICLE,NOT DIVIDED,,STRAIGHT AND LEVEL,DRY,NO DEFECTS,NOT ON SCENE (DESK REPORT),NO INJURY / DRIVE AWAY,,,Y,"OVER $1,500",08/25/2025 11:25:00 AM,FAILING TO REDUCE SPEED TO AVOID CRASH,UNABLE TO DETERMINE,7959,S,KOMENSKY AVE,834,,,,,,,2,NO INDICATION OF INJURY,0,0,0,0,0,1,0,9,1,8,41.7477955364,-87.7229306355,POINT (-87.722930635549 41.747795536394)
f2d94a4428f95ad2f49d530732dcb4612ce921d293fdfcdd0c06e3cb0eff4d90e21ee87b905734e736ad845f4839ffae26d898a0a957570fbc031eacd56faa10,,08/24/2025 09:00:00 AM,30,NO CONTROLS,NO CONTROLS,CLEAR,DAYLIGHT,PARKED MOTOR VEHICLE,DIVIDED - W/MEDIAN (NOT RAISED),,STRAIGHT AND LEVEL,DRY,NO DEFECTS,NOT ON SCENE (DESK REPORT),NO INJURY / DRIVE AWAY,,,Y,$500 OR LESS,08/27/2025 08:00:00 AM,UNABLE TO DETERMINE,UNABLE TO DETERMINE,1300,W,19TH ST,1233,,,,,,,2,NO INDICATION OF INJURY,0,0,0,0,0,1,0,9,1,8,41.8562056643,-87.6589402534,POINT (-87.658940253379 41.856205664275)
cb87feaba6de25d09d61bb40778ce86d2d6c4269ab6b16c0a80d017071f8cc2bbed1ad53b99042e2cceb40d55a4962ff7ff07d112d9d28cc46cd92e205d3b6f6,,08/24/2025 08:22:00 AM,30,NO CONTROLS,UNKNOWN,CLEAR,DAYLIGHT,PARKED MOTOR VEHICLE,PARKING LOT,,STRAIGHT AND LEVEL,DRY,NO DEFECTS,ON SCENE,NO INJURY / DRIVE AWAY,,,Y,"OVER $1,500",08/24/2025 08:28:00 AM,DISTRACTION - FROM INSIDE VEHICLE,NOT APPLICABLE,3310,W,ADDISON ST,1733,,Y,,,,,2,NO INDICATION OF INJURY,0,0,0,0,0,1,0,8,1,8,41.9467004409,-87.7108635816,POINT (-87.710863581633 41.946700440917)
c29691b0f4edcc95310df375c0450c32a62b2d50eb3abda1de403adf11bfb20bf86b44e483c488319134dcb3bc04b49ca46df248db0ef4c9cb636811da56d9c0,,08/24/2025 08:14:00 AM,30,NO CONTROLS,NO CONTROLS,CLEAR,DAYLIGHT,TURNING,NOT DIVIDED,,STRAIGHT AND LEVEL,DRY,NO DEFECTS,NOT ON SCENE (DESK REPORT),NO INJURY / DRIVE AWAY,,,,"OVER $1,500",08/24/2025 08:30:00 AM,IMPROPER OVERTAKING/PASSING,FAILING TO YIELD RIGHT-OF-WAY,3949,N,CALIFORNIA AVE,1733,,,,,,,2,NO INDICATION OF INJURY,0,0,0,0,0,3,0,8,1,8,41.9536039147,-87.6980821692,POINT (-87.698082169165 41.953603914727)
c45c9e81f717265a4e56dbd54079deaa76fdbde2825e060688824b2df4a4a34a2426f9bb309ef371cb7cb65cd4fe408cae6f66ff0e8d163cbdda7d4c58f490ad,,08/24/2025 08:00:00 AM,30,NO CONTROLS,NO CONTROLS,CLEAR,DAYLIGHT,PARKED MOTOR VEHICLE,NOT DIVIDED,,STRAIGHT AND LEVEL,DRY,NO DEFECTS,NOT ON SCENE (DESK REPORT),NO INJURY / DRIVE AWAY,,,Y,"$501 - $1,500",08/24/2025 08:00:00 AM,UNABLE TO DETERMINE,NOT APPLICABLE,2249,S,KENNETH AVE,1013,,,,,,,2,NO INDICATION OF INJURY,0,0,0,0,0,1,0,8,1,8,41.8499162294,-87.7354254468,POINT (-87.735425446825 41.849916229359)
cea615bba93a4a7094f04382a179168eae1be536655be10b45d67dd2cc641a8accea5155b30e242a3b0354cc6ba2890325e3963307bcf595670374490f7f937c,Y,08/24/2025 08:00:00 AM,30,NO CONTROLS,NO CONTROLS,CLEAR,UNKNOWN,PARKED MOTOR VEHICLE,ONE-WAY,,STRAIGHT AND LEVEL,DRY,NO DEFECTS,ON SCENE,NO INJURY / DRIVE AWAY,,,Y,"OVER $1,500",08/24/2025 09:35:00 AM,UNABLE TO DETERMINE,UNABLE TO DETERMINE,4225,W,24TH PL,1013,,,,,,,2,NO INDICATION OF INJURY,0,0,0,0,0,1,0,8,1,8,41.8467993763,-87.7306071673,POINT (-87.730607167292 41.846799376291)
243a5b3008ce63c68a731adcf5b2b0e5a1161124a3491ea796d0b130209529f77907301bce1b3c78510ed70cc300da67031aedece4c5469e8b511ed8cd5ec13e,,08/24/2025 07:57:00 AM,30,NO CONTROLS,NO CONTROLS,CLEAR,DAYLIGHT,REAR END,NOT DIVIDED,,STRAIGHT AND LEVEL,DRY,UNKNOWN,NOT ON SCENE (DESK REPORT),NO INJURY / DRIVE AWAY,,,,"OVER $1,500",08/24/2025 11:00:00 AM,DISTRACTION - FROM INSIDE VEHICLE,DRIVING SKILLS/KNOWLEDGE/EXPERIENCE,2036,W,GRAND AVE,1221,,,,,,,2,NO INDICATION OF INJURY,0,0,0,0,0,2,0,7,1,8,41.8909086185,-87.6783989532,POINT (-87.678398953237 41.890908618538)
848ae9f7b1b77127dd18fe8e629871e54a996889c73629a59bb25c6f3968efe7ca2fb296c7f8bcbe3cd55df87fe10e9fe1f162eea25e0e69e93e050a2d9597da,,08/24/2025 07:45:00 AM,30,NO CONTROLS,NO CONTROLS,UNKNOWN,UNKNOWN,PARKED MOTOR VEHICLE,ONE-WAY,,STRAIGHT AND LEVEL,UNKNOWN,UNKNOWN,ON SCENE,NO INJURY / DRIVE AWAY,,,Y,"$501 - $1,500",08/24/2025 07:46:00 AM,UNABLE TO DETERMINE,UNABLE TO DETERMINE,4450,S,DR MARTIN LUTHER KING JR DR,215,,,,,,,2,NO INDICATION OF INJURY,0,0,0,0,0,1,0,7,1,8,41.8133234821,-87.61684556,POINT (-87.616845559991 41.813323482122)
481c5d2cd7a95525ac675af0d2a2e9028a93849b361ee8f45d8904c867eeeceb9a5f315611f868444061cb0bb57f8eb0c32dcd2c779034bfcd29f2650e9e0730,,08/24/2025 07:02:00 AM,30,NO CONTROLS,NO CONTROLS,CLEAR,DAYLIGHT,TURNING,NOT DIVIDED,,STRAIGHT AND LEVEL,DRY,NO DEFECTS,NOT ON SCENE (DESK REPORT),NO INJURY / DRIVE AWAY,,,,"$501 - $1,500",08/25/2025 04:40:00 PM,IMPROPER TURNING/NO SIGNAL,IMPROPER TURNING/NO SIGNAL,35,N,STATE ST,112,,,,,,,2,NO INDICATION OF INJURY,0,0,0,0,0,2,0,7,1,8,41.8828524783,-87.627713658,POINT (-87.627713657955 41.882852478279)
0744486f246ee362265842be0da3ebae51fe1b82c325c3ae4d5eb23e0f8f405cee5443d04cfe060a689e96a177f78b549ee3d6c4a8ab5f2398ca3e130607a03a,,08/24/2025 07:00:00 AM,30,NO CONTROLS,NO CONTROLS,UNKNOWN,UNKNOWN,PARKED MOTOR VEHICLE,ONE-WAY,,STRAIGHT AND LEVEL,DRY,NO DEFECTS,ON SCENE,NO INJURY / DRIVE AWAY,,,Y,"$501 - $1,500",08/26/2025 06:30:00 PM,UNABLE TO DETERMINE,UNABLE TO DETERMINE,112,N,MASON AVE,1512,,,,,,,2,NO INDICATION OF INJURY,0,0,0,0,0,1,0,7,1,8,41.8825682129,-87.773449599,POINT (-87.773449598955 41.882568212885)
f15962ce5ac9015f73e5fa4984e6f31dac82caf1a3f4cf2066e6df795ab1c2e4496be3722861a1411f36d63b94b5be2a18359bd06ce14dc7e780b274280fd2da,,08/24/2025 06:45:00 AM,15,NO CONTROLS,NO CONTROLS,CLEAR,DAYLIGHT,PARKED MOTOR VEHICLE,PARKING LOT,,STRAIGHT AND LEVEL,DRY,NO DEFECTS,ON SCENE,NO INJURY / DRIVE AWAY,,,Y,"OVER $1,500",08/24/2025 07:00:00 AM,IMPROPER BACKING,NOT APPLICABLE,7059,S,SOUTH SHORE DR,334,,,,,,,2,NO INDICATION OF INJURY,0,0,0,0,0,1,0,6,1,8,41.7666030222,-87.5663237227,POINT (-87.566323722736 41.766603022169)
1b55af539e6ebb8dab50d733b9eeb6f6b188fd60ff92df25b046b73764adce8807cfea9591e71dba041decc8eee7c1856a496aecb1f8356172a10167ad4eab7d,,08/24/2025 06:36:00 AM,30,NO CONTROLS,NO CONTROLS,CLEAR,DAYLIGHT,PARKED MOTOR VEHICLE,NOT DIVIDED,,STRAIGHT AND LEVEL,DRY,NO DEFECTS,ON SCENE,NO INJURY / DRIVE AWAY,,,Y,"OVER $1,500",08/24/2025 06:40:00 AM,UNABLE TO DETERMINE,NOT APPLICABLE,5416,S,CALIFORNIA AVE,923,,,,,,,2,NO INDICATION OF INJURY,0,0,0,0,0,1,0,6,1,8,41.7949691723,-87.6939801818,POINT (-87.693980181819 41.794969172281)
784174cfb7fa37824609f2624a02a23d0efc1bc3e2de99fb96d78e86a06a9f965f0f381452a237d65aaf30a84db91d92b3b36eaf1d692c1697fb6b5c2f603e9a,,08/24/2025 06:17:00 AM,35,NO CONTROLS,UNKNOWN,CLEAR,DAYLIGHT,PARKED MOTOR VEHICLE,DIVIDED - W/MEDIAN (NOT RAISED),,STRAIGHT AND LEVEL,DRY,NO DEFECTS,ON SCENE,INJURY AND / OR TOW DUE TO CRASH,,,Y,"OVER $1,500",08/24/2025 06:40:00 AM,UNABLE TO DETERMINE,UNABLE TO DETERMINE,1235,E,95TH ST,511,,,,,,,2,NO INDICATION OF INJURY,0,0,0,0,0,1,0,6,1,8,41.7221017632,-87.5933939209,POINT (-87.593393920945 41.722101763202)
2a85fb6d87e9a2367baeecfcd7a82f7adb89320a5968a55d7a2ae46cc6f914896974e49412e50e1778a76ac55bdcb9fb5154e2d925a5e670b83c55d542d11c56,,08/24/2025 06:00:00 AM,30,NO CONTROLS,NO CONTROLS,CLEAR,DAYLIGHT,REAR END,NOT DIVIDED,,STRAIGHT AND LEVEL,DRY,NO DEFECTS,NOT ON SCENE (DESK REPORT),NO INJURY / DRIVE AWAY,,,,"$501 - $1,500",08/24/2025 06:30:00 AM,UNABLE TO DETERMINE,UNABLE TO DETERMINE,3756,W,IRVING PARK RD,1723,,,,,,,2,NO INDICATION OF INJURY,0,0,0,0,0,2,0,6,1,8,41.953836955,-87.7225727453,POINT (-87.72257274528 41.953836955045)
a5f284561eb2ad0a8482ec261a346a294f5fb6f2bb1e9d1379af3e9b734a6c515e124abb22e5839f8709e968e86a22f756d8f48d193e92248b227826d23c5b87,,08/24/2025 05:37:00 AM,20,NO CONTROLS,NO CONTROLS,CLEAR,"DARKNESS, LIGHTED ROAD",PARKED MOTOR VEHICLE,ONE-WAY,,STRAIGHT AND LEVEL,UNKNOWN,UNKNOWN,NOT ON SCENE (DESK REPORT),NO INJURY / DRIVE AWAY,,,Y,"OVER $1,500",08/24/2025 05:50:00 AM,UNABLE TO DETERMINE,NOT APPLICABLE,4838,N,DRAKE AVE,1712,,,,,,,2,NO INDICATION OF INJURY,0,0,0,0,0,2,0,5,1,8,41.9695252938,-87.7172087458,POINT (-87.717208745827 41.969525293821)
fd0241f75183fc53b1b0bf8fb0ebb92e22a20f1a5195bd4b0730103701800dcf092d475f52ea6cb13b59eb6a61ab25be81de0516d4510099476d03debfbc8abd,,08/24/2025 05:34:00 AM,15,NO CONTROLS,NO CONTROLS,CLEAR,"DARKNESS, LIGHTED ROAD",SIDESWIPE OPPOSITE DIRECTION,ALLEY,,STRAIGHT AND LEVEL,DRY,NO DEFECTS,ON SCENE,NO INJURY / DRIVE AWAY,,,Y,$500 OR LESS,08/24/2025 05:40:00 AM,IMPROPER OVERTAKING/PASSING,NOT APPLICABLE,4527,N,ST LOUIS AVE,1723,,,,,,,2,NO INDICATION OF INJURY,0,0,0,0,0,2,0,5,1,8,41.963748762,-87.7155194023,POINT (-87.715519402284 41.963748762012)
a81b12a4e549042b57cf048a7d419b76d4f7c1f3c91fd300f9f4ed6e224131c956429d0523e911b3b07ba63ea948a53952f88d2a086159135046d805607461f2,,08/24/2025 05:07:00 AM,30,TRAFFIC SIGNAL,FUNCTIONING PROPERLY,CLEAR,DAWN,HEAD ON,FOUR WAY,,STRAIGHT AND LEVEL,DRY,NO DEFECTS,ON SCENE,NO INJURY / DRIVE AWAY,Y,,Y,"OVER $1,500",08/24/2025 05:10:00 AM,FAILING TO YIELD RIGHT-OF-WAY,UNABLE TO DETERMINE,1001,W,MONTROSE AVE,1915,,,,,,,2,NO INDICATION OF INJURY,0,0,0,0,0,2,0,5,1,8,41.9616686185,-87.6547646022,POINT (-87.654764602186 41.961668618525)
25ac701c3606a8f57e6c1f15856b16d018bbad5e977b404ab8be1dec0b1d14a444dd0dc00d13561dce91afb798eee5fc801f01a3e9555c929faee9e1c646fff7,,08/24/2025 04:50:00 AM,30,NO CONTROLS,NO CONTROLS,CLEAR,"DARKNESS, LIGHTED ROAD",PARKED MOTOR VEHICLE,NOT DIVIDED,,STRAIGHT AND LEVEL,DRY,NO DEFECTS,NOT ON SCENE (DESK REPORT),NO INJURY / DRIVE AWAY,,,Y,"OVER $1,500",08/24/2025 01:45:00 PM,UNABLE TO DETERMINE,UNABLE TO DETERMINE,2140,W,MONROE ST,1223,,,,,,,2,NO INDICATION OF INJURY,0,0,0,0,0,1,0,4,1,8,41.8800548293,-87.6806996719,POINT (-87.680699671927 41.880054829265)