CRASH_RECORD_ID,CRASH_DATE_EST_I,CRASH_DATE,POSTED_SPEED_LIMIT,TRAFFIC_CONTROL_DEVICE,DEVICE_CONDITION,WEATHER_CONDITION,LIGHTING_CONDITION,FIRST_CRASH_TYPE,TRAFFICWAY_TYPE,LANE_CNT,ALIGNMENT,ROADWAY_SURFACE_COND,ROAD_DEFECT,REPORT_TYPE,CRASH_TYPE,INTERSECTION_RELATED_I,NOT_RIGHT_OF_WAY_I,HIT_AND_RUN_I,DAMAGE,DATE_POLICE_NOTIFIED,PRIM_CONTRIBUTORY_CAUSE,SEC_CONTRIBUTORY_CAUSE,STREET_NO,STREET_DIRECTION,STREET_NAME,BEAT_OF_OCCURRENCE,PHOTOS_TAKEN_I,STATEMENTS_TAKEN_I,DOORING_I,WORK_ZONE_I,WORK_ZONE_TYPE,WORKERS_PRESENT_I,NUM_UNITS,MOST_SEVERE_INJURY,INJURIES_TOTAL,INJURIES_FATAL,INJURIES_INCAPACITATING,INJURIES_NON_INCAPACITATING,INJURIES_REPORTED_NOT_EVIDENT,INJURIES_NO_INDICATION,INJURIES_UNKNOWN,CRASH_HOUR,CRASH_DAY_OF_WEEK,CRASH_MONTH,LATITUDE,LONGITUDE,LOCATION
6311dfc8f77441ec67316257886bb4fe6d66fd4eeb9c2ccaf183174c4d24aa1a900750034ff581abf85ebb02d290fc397475fb17a19b269704a728756225dd3b,,08/24/2025 04:30:00 AM,25,UNKNOWN,UNKNOWN,UNKNOWN,UNKNOWN,SIDESWIPE SAME DIRECTION,NOT DIVIDED,,STRAIGHT AND LEVEL,UNKNOWN,NO DEFECTS,NOT ON SCENE (DESK REPORT),NO INJURY / DRIVE AWAY,,,N,"$501 - $1,500",08/24/2025 10:00:00 AM,IMPROPER OVERTAKING/PASSING,NOT APPLICABLE,3738,N,HALSTED ST,1923,,,,,,,2,NO INDICATION OF INJURY,0,0,0,0,0,2,0,4,1,8,41.9502295773,-87.6497291776,POINT (-87.649729177593 41.950229577292)
85ec228d469c4cc0270e5be6ba620601b262fce45d8b85ca012deedf3c2f3c619f1bea8b3465777ee8faafa5d578b1e8c0c0efc77721cbb34458f3381206e5f2,,08/24/2025 04:30:00 AM,35,NO CONTROLS,NO CONTROLS,CLEAR,"DARKNESS, LIGHTED ROAD",PARKED MOTOR VEHICLE,NOT DIVIDED,,STRAIGHT AND LEVEL,DRY,NO DEFECTS,,INJURY AND / OR TOW DUE TO CRASH,,,,"OVER $1,500",08/24/2025 04:55:00 AM,UNABLE TO DETERMINE,NOT APPLICABLE,2800,W,AUGUSTA BLVD,1211,,,,,,,4,NO INDICATION OF INJURY,0,0,0,0,0,1,0,4,1,8,41.8993923415,-87.6968548033,POINT (-87.696854803293 41.899392341511)
59974f425aa1671a18da61f89cf1f73ae93a6772581429c060dcecb6a2a998e6e744080672fce10d5ebfb9e11575cbc75ab5e4d47f22829ac8255c56257a1061,Y,08/24/2025 04:25:00 AM,30,NO CONTROLS,NO CONTROLS,CLEAR,"DARKNESS, LIGHTED ROAD",PARKED MOTOR VEHICLE,ONE-WAY,,STRAIGHT AND LEVEL,DRY,NO DEFECTS,,NO INJURY / DRIVE AWAY,,,Y,"OVER $1,500",08/24/2025 04:32:00 AM,UNABLE TO DETERMINE,UNABLE TO DETERMINE,4415,N,LAWNDALE AVE,1723,,,,,,,2,NO INDICATION OF INJURY,0,0,0,0,0,1,0,4,1,8,41.9614968696,-87.7203629222,POINT (-87.720362922249 41.961496869617)
9022bdfe8a24d4a5515e43c3fc232fd90804ef19861819025ea28d72ece70cddff7ba8cfc05a866fd5623f01b70b9046b082bcccc47fb5b8edc19e76b3eb17af,,08/24/2025 04:20:00 AM,30,UNKNOWN,UNKNOWN,UNKNOWN,UNKNOWN,REAR END,NOT DIVIDED,,STRAIGHT AND LEVEL,UNKNOWN,UNKNOWN,NOT ON SCENE (DESK REPORT),NO INJURY / DRIVE AWAY,,,Y,"OVER $1,500",08/24/2025 04:00:00 PM,UNABLE TO DETERMINE,UNABLE TO DETERMINE,300,N,CICERO AVE,1532,,,,,,,2,NO INDICATION OF INJURY,0,0,0,0,0,2,0,4,1,8,41.8857488699,-87.7456159771,POINT (-87.745615977086 41.885748869928)
9c2b67f543d65a36edf37f2c64c6a5b8fd05919600faae04450a06f80b382be7eecd22fc86767b55286cd48e5d98bdea36cb04d52becde2f97b6e95694b479d4,,08/24/2025 04:20:00 AM,30,NO CONTROLS,NO CONTROLS,CLEAR,"DARKNESS, LIGHTED ROAD",REAR END,NOT DIVIDED,,STRAIGHT AND LEVEL,DRY,NO DEFECTS,NOT ON SCENE (DESK REPORT),NO INJURY / DRIVE AWAY,,,,"OVER $1,500",08/24/2025 03:15:00 PM,FOLLOWING TOO CLOSELY,NOT APPLICABLE,5500,S,PULASKI RD,813,,,,,,,2,NO INDICATION OF INJURY,0,0,0,0,0,2,0,4,1,8,41.7931550607,-87.7233037646,POINT (-87.723303764642 41.793155060731)
f1b984fb36c53b7093c6d6f6f8d30ac6bfac5afb93941219b35ecf9be26fce9d8b7073db0610bd9a27ee96b59d4a1be5132a8a0c15a92180675c7c7cf45624cd,,08/24/2025 04:20:00 AM,30,NO CONTROLS,NO CONTROLS,CLEAR,"DARKNESS, LIGHTED ROAD",SIDESWIPE SAME DIRECTION,DIVIDED - W/MEDIAN BARRIER,,STRAIGHT AND LEVEL,DRY,NO DEFECTS,,NO INJURY / DRIVE AWAY,,,,"$501 - $1,500",08/24/2025 05:15:00 AM,FAILING TO REDUCE SPEED TO AVOID CRASH,FAILING TO YIELD RIGHT-OF-WAY,3300,N,LAKE SHORE DR SB,1925,,,,,,,2,NO INDICATION OF INJURY,0,0,0,0,0,3,0,4,1,8,41.9422982183,-87.6398709639,POINT (-87.639870963934 41.942298218274)
b803cba20a4b70d87e07127f127044705e2f267b0d13294f0b10e27f36986f2e5fe9fda151f3e8c50620d10743ae64fb01fc394a536811cf9056226fc75fb8db,,08/24/2025 04:14:00 AM,25,UNKNOWN,UNKNOWN,CLEAR,"DARKNESS, LIGHTED ROAD",SIDESWIPE SAME DIRECTION,NOT DIVIDED,,STRAIGHT AND LEVEL,DRY,UNKNOWN,ON SCENE,NO INJURY / DRIVE AWAY,,,Y,"OVER $1,500",08/24/2025 04:16:00 AM,UNABLE TO DETERMINE,UNABLE TO DETERMINE,3800,N,BROADWAY,1923,,,,,,,2,NO INDICATION OF INJURY,0,0,0,0,0,2,0,4,1,8,41.951276866,-87.6497656218,POINT (-87.649765621759 41.951276866019)
86b06824ed04a83acf6f0957cf6f345ef29431f35381a28ee6a77d728439aeefb2b7d1e971e5ec0d39acfbd95c9a17f971226d13346fda00af2aa7062e68c912,,08/24/2025 04:08:00 AM,25,NO CONTROLS,UNKNOWN,CLEAR,"DARKNESS, LIGHTED ROAD",PARKED MOTOR VEHICLE,ONE-WAY,,STRAIGHT AND LEVEL,DRY,NO DEFECTS,,NO INJURY / DRIVE AWAY,,,Y,"OVER $1,500",08/24/2025 04:08:00 AM,UNABLE TO DETERMINE,UNABLE TO DETERMINE,2801,W,BERWYN AVE,2011,,,,,,,3,NO INDICATION OF INJURY,0,0,0,0,0,1,0,4,1,8,41.9775337722,-87.6991005578,POINT (-87.69910055779 41.977533772157)
809433acd70d766a9a6bb768caca808e5e1655740e76e2faeb5c1d389d127179d133d6f4c632be13959e52a34493ed45469b7418467064c03019b41a373e2ac5,,08/24/2025 04:05:00 AM,30,UNKNOWN,UNKNOWN,UNKNOWN,UNKNOWN,PEDESTRIAN,ONE-WAY,,STRAIGHT AND LEVEL,UNKNOWN,UNKNOWN,NOT ON SCENE (DESK REPORT),NO INJURY / DRIVE AWAY,,,Y,$500 OR LESS,08/24/2025 04:24:00 AM,UNABLE TO DETERMINE,UNABLE TO DETERMINE,8200,S,DOBSON AVE,631,,,,,,,2,NO INDICATION OF INJURY,0,0,0,0,0,4,0,4,1,8,41.7457988736,-87.5990647114,POINT (-87.599064711354 41.745798873579)
0ef7c55aab609bb7f4116550e3363ac793b8e231577b4d7afc95bfb3c61a584e649793d5d0f294174a64cd2b6bda86f3415ff3a255bfe1fbf3239d9525078810,,08/24/2025 04:04:00 AM,30,TRAFFIC SIGNAL,FUNCTIONING PROPERLY,CLEAR,"DARKNESS, LIGHTED ROAD",FIXED OBJECT,T-INTERSECTION,,STRAIGHT AND LEVEL,DRY,NO DEFECTS,ON SCENE,NO INJURY / DRIVE AWAY,Y,,,"$501 - $1,500",08/24/2025 04:07:00 AM,UNABLE TO DETERMINE,UNABLE TO DETERMINE,2702,N,WESTERN AVE,1411,,,,,,,1,NO INDICATION OF INJURY,0,0,0,0,0,1,0,4,1,8,41.9304965172,-87.6879932282,POINT (-87.687993228246 41.930496517233)
716de77785b7f9b04fe7ef4cbb931907aa170c9b682b16b917f2a9e1143ca8276f24e83ec44d7792dff9e962f098cac90b6be85a5f538254d553a3fbb2a910ff,,08/24/2025 04:00:00 AM,30,NO CONTROLS,NO CONTROLS,CLEAR,DARKNESS,PARKED MOTOR VEHICLE,NOT DIVIDED,,STRAIGHT AND LEVEL,DRY,NO DEFECTS,NOT ON SCENE (DESK REPORT),NO INJURY / DRIVE AWAY,,,Y,"OVER $1,500",08/24/2025 05:00:00 PM,UNABLE TO DETERMINE,NOT APPLICABLE,4056,W,31ST ST,1031,,,,,,,2,NO INDICATION OF INJURY,0,0,0,0,0,1,0,4,1,8,41.8369644629,-87.7266419495,POINT (-87.726641949544 41.836964462925)
e01fdab55236f8d98158cc4007a5805e3f71fee6321d5c71b9c6a42c8b82b9a420e812a433aa432b90a964af137ce5a924dfd465c5869a0a3b13f3211f836ca9,,08/24/2025 04:00:00 AM,30,NO CONTROLS,NO CONTROLS,CLEAR,"DARKNESS, LIGHTED ROAD",PARKED MOTOR VEHICLE,ONE-WAY,,STRAIGHT AND LEVEL,DRY,UNKNOWN,NOT ON SCENE (DESK REPORT),NO INJURY / DRIVE AWAY,,,Y,"OVER $1,500",08/24/2025 08:30:00 AM,UNABLE TO DETERMINE,UNABLE TO DETERMINE,501,N,LECLAIRE AVE,1532,,,,,,,2,NO INDICATION OF INJURY,0,0,0,0,0,1,0,4,1,8,41.8894336382,-87.7528054442,POINT (-87.752805444204 41.88943363819)
795e3f04982c69b9c04a98239b4a0048b7efb6a47dcb70199073b59f9b9564d83c2e404867016c777d0912e454caafac99118203f8f7045c61d5ee2f3135c6a6,,08/24/2025 03:35:00 AM,25,TRAFFIC SIGNAL,FUNCTIONING PROPERLY,CLEAR,DARKNESS,ANGLE,NOT DIVIDED,,STRAIGHT AND LEVEL,DRY,UNKNOWN,ON SCENE,INJURY AND / OR TOW DUE TO CRASH,Y,,,"OVER $1,500",08/24/2025 03:39:00 AM,DISREGARDING TRAFFIC SIGNALS,DRIVING SKILLS/KNOWLEDGE/EXPERIENCE,4000,W,BELMONT AVE,1731,,,,,,,2,"REPORTED, NOT EVIDENT",1,0,0,0,1,2,0,3,1,8,41.9392037499,-87.7273101341,POINT (-87.727310134144 41.939203749866)
571a5cf7cf4b4ef212015b583c976c8e69e4fafdf8f4c47e29e71b51cd53d9c41d570a61a2e8d8e83a7284c49a543bbb7bf8e5eeb48853ceb1c65bddee653ede,Y,08/24/2025 03:30:00 AM,30,NO CONTROLS,NO CONTROLS,CLEAR,"DARKNESS, LIGHTED ROAD",FIXED OBJECT,NOT DIVIDED,,STRAIGHT AND LEVEL,DRY,NO DEFECTS,ON SCENE,INJURY AND / OR TOW DUE TO CRASH,,,N,"OVER $1,500",08/24/2025 03:30:00 AM,UNABLE TO DETERMINE,UNABLE TO DETERMINE,7900,S,MICHIGAN AVE,623,,,,,,,1,NO INDICATION OF INJURY,0,0,0,0,0,1,0,3,1,8,41.7509139656,-87.6215299633,POINT (-87.621529963295 41.750913965595)
449913e63be4014355c411b106c48606a6bf52d31c0c5fdfc21f978e6a76ddf76276548bb8496ecef2a15cce89f5c68d4496f015e7b7a22aae147860a23132a4,,08/24/2025 03:18:00 AM,30,NO CONTROLS,NO CONTROLS,CLEAR,"DARKNESS, LIGHTED ROAD",SIDESWIPE OPPOSITE DIRECTION,FOUR WAY,,STRAIGHT AND LEVEL,DRY,UNKNOWN,ON SCENE,INJURY AND / OR TOW DUE TO CRASH,Y,,,"OVER $1,500",08/24/2025 04:09:00 AM,PHYSICAL CONDITION OF DRIVER,IMPROPER LANE USAGE,7533,W,BELMONT AVE,2511,,,,,,,3,NO INDICATION OF INJURY,0,0,0,0,0,3,0,3,1,8,41.9378474337,-87.8153558271,POINT (-87.815355827051 41.937847433671)
8d8d30ea7cd8c8b9fb4d67b731fe106b54e6dec3a8dd1ca76aba278c7fdf4bab0903f87fc4392c3e23c3577620cf0a1999d4f2c614eef7bcae4527abff8b0e5f,,08/24/2025 03:15:00 AM,30,UNKNOWN,UNKNOWN,CLEAR,"DARKNESS, LIGHTED ROAD",PARKED MOTOR VEHICLE,NOT DIVIDED,,STRAIGHT AND LEVEL,DRY,UNKNOWN,ON SCENE,INJURY AND / OR TOW DUE TO CRASH,,,,"OVER $1,500",08/24/2025 04:25:00 AM,ANIMAL,UNABLE TO DETERMINE,8934,S,RACINE AVE,2222,,,,,,,2,NO INDICATION OF INJURY,0,0,0,0,0,1,0,3,1,8,41.7311786626,-87.6533485102,POINT (-87.653348510202 41.731178662628)
a11292432184dfbb0ae816aa1dd1255c3242852849afe4ce25b6547f2a156325895cd689c653b3a474c774a6bd719d24490ca7bbd113632742f9beebc20ced11,,08/24/2025 03:15:00 AM,30,NO CONTROLS,NO CONTROLS,CLEAR,DARKNESS,SIDESWIPE SAME DIRECTION,NOT DIVIDED,,STRAIGHT AND LEVEL,DRY,NO DEFECTS,NOT ON SCENE (DESK REPORT),NO INJURY / DRIVE AWAY,,,Y,"OVER $1,500",08/24/2025 03:30:00 PM,UNABLE TO DETERMINE,NOT APPLICABLE,8700,S,LANGLEY AVE,632,,,,,,,2,NO INDICATION OF INJURY,0,0,0,0,0,2,0,3,1,8,41.7365891652,-87.6073969569,POINT (-87.60739695691 41.736589165166)
9cff7dcdceb5cf4404c5fbf96b3a5701c4b1ccd9db9d7cf4230fc63146a12d863ff0b71b196262d68e1ad4cd075c7d3d08b62a7b02063e6d98ee33d64f57d28f,,08/24/2025 03:09:00 AM,30,NO CONTROLS,NO CONTROLS,CLEAR,"DARKNESS, LIGHTED ROAD",FIXED OBJECT,NOT DIVIDED,,STRAIGHT AND LEVEL,DRY,UNKNOWN,ON SCENE,INJURY AND / OR TOW DUE TO CRASH,,,N,"OVER $1,500",08/24/2025 03:09:00 AM,UNABLE TO DETERMINE,NOT APPLICABLE,4140,S,PULASKI RD,815,,,,,,,1,"REPORTED, NOT EVIDENT",1,0,0,0,1,3,0,3,1,8,41.8173162376,-87.7240592905,POINT (-87.724059290489 41.817316237608)
50f63b75541856b92eb3f5b276e3a323eee7bf564c954948871ff97f896af67126577d4edbadf46bd30f465dc076e3f09cddff70f6b2de03ba06743b8b15bd2c,,08/24/2025 03:00:00 AM,30,NO CONTROLS,NO CONTROLS,CLEAR,"DARKNESS, LIGHTED ROAD",PARKED MOTOR VEHICLE,NOT DIVIDED,,STRAIGHT AND LEVEL,DRY,NO DEFECTS,NOT ON SCENE (DESK REPORT),NO INJURY / DRIVE AWAY,,,Y,"$501 - $1,500",08/24/2025 05:30:00 AM,UNABLE TO DETERMINE,UNABLE TO DETERMINE,1241,N,DEARBORN ST,1824,,,,,,,2,NO INDICATION OF INJURY,0,0,0,0,0,1,0,3,1,8,41.9051107897,-87.6298730767,POINT (-87.629873076673 41.905110789692)
d99d65c4fd7e212a06bfc8b275e36a6eb540ae792a486b41a7c9d16b58f2ede8df4548518441dbe300e540c8a97565fef51b0faf317f43191f341266476054bc,,08/24/2025 03:00:00 AM,30,UNKNOWN,UNKNOWN,UNKNOWN,UNKNOWN,PARKED MOTOR VEHICLE,DIVIDED - W/MEDIAN (NOT RAISED),,STRAIGHT AND LEVEL,UNKNOWN,UNKNOWN,NOT ON SCENE (DESK REPORT),NO INJURY / DRIVE AWAY,,,,"OVER $1,500",08/24/2025 12:30:00 PM,UNABLE TO DETERMINE,UNABLE TO DETERMINE,4408,W,RICE ST,1111,,,,,,,2,NO INDICATION OF INJURY,0,0,0,0,0,1,0,3,1,8,41.8962371063,-87.7364048513,POINT (-87.736404851314 41.896237106323)
cd7acbcaa6f4bc28c8b3ed3e8822292752173bec87d366072ec6b8c625a45ec38b3cb79540b8b132363cba049ae0aee6471284e28880570ac2252f819c9e9c90,,08/24/2025 02:59:00 AM,30,NO CONTROLS,NO CONTROLS,CLEAR,"DARKNESS, LIGHTED ROAD",REAR END,PARKING LOT,,STRAIGHT AND LEVEL,DRY,NO DEFECTS,ON SCENE,NO INJURY / DRIVE AWAY,,,,"OVER $1,500",08/24/2025 03:06:00 AM,UNDER THE INFLUENCE OF ALCOHOL/DRUGS (USE WHEN ARREST IS EFFECTED),UNDER THE INFLUENCE OF ALCOHOL/DRUGS (USE WHEN ARREST IS EFFECTED),801,W,IRVING PARK RD,1923,,,,,,,2,NO INDICATION OF INJURY,0,0,0,0,0,2,0,2,1,8,41.9544506579,-87.6497373358,POINT (-87.649737335785 41.954450657937)
3b6122a486d42bcbeec4362abb1101f0200ab1fafa728f7d7ec770b82f14d695e49cb813cb06900cd5df694514757fc73b877c408de7f0233d5253d06518da02,,08/24/2025 02:56:00 AM,40,TRAFFIC SIGNAL,FUNCTIONING PROPERLY,CLEAR,"DARKNESS, LIGHTED ROAD",TURNING,DIVIDED - W/MEDIAN (NOT RAISED),,STRAIGHT AND LEVEL,DRY,NO DEFECTS,ON SCENE,INJURY AND / OR TOW DUE TO CRASH,Y,,,"OVER $1,500",08/24/2025 02:56:00 AM,DISREGARDING OTHER TRAFFIC SIGNS,FAILING TO YIELD RIGHT-OF-WAY,700,S,LAKE SHORE DR SB,114,,,,,,,2,NONINCAPACITATING INJURY,4,0,0,3,1,0,0,2,1,8,41.873190589,-87.6174581402,POINT (-87.617458140248 41.873190589037)
339acb5a011e666e66781dadc1bbc1d380a47481e9105eee704a509f6864c39b8dc54948f5919993e51ee9bf6576d0bf1e93168ffe4b9dfccdda5e7a80bf9e08,,08/24/2025 02:45:00 AM,10,NO CONTROLS,NO CONTROLS,CLEAR,"DARKNESS, LIGHTED ROAD",FIXED OBJECT,ALLEY,,STRAIGHT AND LEVEL,DRY,NO DEFECTS,ON SCENE,INJURY AND / OR TOW DUE TO CRASH,,,,"OVER $1,500",08/24/2025 02:58:00 AM,ROAD ENGINEERING/SURFACE/MARKING DEFECTS,ROAD ENGINEERING/SURFACE/MARKING DEFECTS,2909,N,CENTRAL PARK AVE,1412,N,N,,,,,1,NO INDICATION OF INJURY,0,0,0,0,0,1,0,2,1,8,41.9341141759,-87.7171010993,POINT (-87.71710109932 41.934114175927)
e925eea777fef5d65a7ad5090a71f0037a63babe8de4d340935e8a9664e1134059de342f9d9364883b1bc54c5a100e184c2f891668cb0d5cc16a357f7e130445,,08/24/2025 02:45:00 AM,30,UNKNOWN,UNKNOWN,CLEAR,"DARKNESS, LIGHTED ROAD",SIDESWIPE SAME DIRECTION,NOT DIVIDED,,STRAIGHT AND LEVEL,DRY,UNKNOWN,NOT ON SCENE (DESK REPORT),INJURY AND / OR TOW DUE TO CRASH,,,Y,"OVER $1,500",08/24/2025 04:24:00 AM,UNABLE TO DETERMINE,UNABLE TO DETERMINE,654,E,87TH ST,632,,,,,,,2,NONINCAPACITATING INJURY,2,0,0,1,1,1,0,2,1,8,41.7367213547,-87.6074810043,POINT (-87.607481004315 41.736721354733)
fa506be22dd8369947c825687f0f1110e497efccc69642e7d044ec93b54dcff203c6965167dd48b4cd708ac6d33ac7bce435505bd658b50afa444d73993cdd62,,08/24/2025 02:43:00 AM,30,TRAFFIC SIGNAL,FUNCTIONING PROPERLY,CLEAR,"DARKNESS, LIGHTED ROAD",TURNING,NOT DIVIDED,,STRAIGHT AND LEVEL,DRY,NO DEFECTS,ON SCENE,INJURY AND / OR TOW DUE TO CRASH,,,Y,"OVER $1,500",08/24/2025 02:45:00 AM,FAILING TO YIELD RIGHT-OF-WAY,IMPROPER OVERTAKING/PASSING,4001,W,MADISON ST,1115,,,,,,,2,NONINCAPACITATING INJURY,1,0,0,1,0,1,0,2,1,8,41.8806148421,-87.7257888312,POINT (-87.725788831205 41.880614842122)
234622b64c2d5e15ee947912a20a3f3bc18be1aa944dbb758c4da83a364d850668d6ea886689fa7fc377443bd45ed4c2b30ee4402749939281b40bba8ce0ac3a,,08/24/2025 02:36:00 AM,30,NO CONTROLS,NO CONTROLS,CLEAR,"DARKNESS, LIGHTED ROAD",PARKED MOTOR VEHICLE,NOT DIVIDED,,STRAIGHT AND LEVEL,DRY,NO DEFECTS,ON SCENE,INJURY AND / OR TOW DUE TO CRASH,N,,,"OVER $1,500",08/24/2025 02:36:00 AM,EQUIPMENT - VEHICLE CONDITION,NOT APPLICABLE,3859,W,MONTROSE AVE,1723,,,,,,,3,NO INDICATION OF INJURY,0,0,0,0,0,1,0,2,1,8,41.9608685948,-87.7253171888,POINT (-87.725317188841 41.960868594768)
049d9d5a78ac29f6f50630718e3889932d1ce7d4cd143947eeccc5534e40e36b428095764c4941ca725de5a0c77603a8fea58c580d722ddc9cefe8586374740d,,08/24/2025 02:34:00 AM,30,NO CONTROLS,NO CONTROLS,CLEAR,DUSK,FIXED OBJECT,DIVIDED - W/MEDIAN BARRIER,,STRAIGHT AND LEVEL,DRY,NO DEFECTS,ON SCENE,INJURY AND / OR TOW DUE TO CRASH,,,,"OVER $1,500",08/24/2025 02:59:00 AM,UNABLE TO DETERMINE,NOT APPLICABLE,1151,E,76TH ST,624,,,,,,,1,NO INDICATION OF INJURY,0,0,0,0,0,1,0,2,1,8,41.7567458049,-87.5961668399,POINT (-87.596166839887 41.756745804945)
b2fb96f445c989f6746e2f4b39745b0b360c7a84ef9fea95751b64965b0df802b598cb2b713865d4eca9abca2f2bf15d20388662dcbf976679974f60847f63d0,,08/24/2025 02:32:00 AM,30,NO CONTROLS,NO CONTROLS,CLEAR,"DARKNESS, LIGHTED ROAD",PARKED MOTOR VEHICLE,NOT DIVIDED,,STRAIGHT AND LEVEL,DRY,UNKNOWN,NOT ON SCENE (DESK REPORT),INJURY AND / OR TOW DUE TO CRASH,,,Y,"$501 - $1,500",08/24/2025 02:58:00 AM,UNABLE TO DETERMINE,UNABLE TO DETERMINE,2265,N,LINCOLN AVE,1812,,,,,,,2,"REPORTED, NOT EVIDENT",1,0,0,0,1,1,0,2,1,8,41.9234051568,-87.6456966448,POINT (-87.64569664482 41.923405156805)
56a6ac5bb9f1622fe607a8c42a2c4d41a6bfa970c68c6a969417a51fde0737e9967f4dba20cefad588a3298f7fa71f90f14ab5afc753973081b336ab572182b9,Y,08/24/2025 02:30:00 AM,30,NO CONTROLS,NO CONTROLS,OTHER,UNKNOWN,PARKED MOTOR VEHICLE,ONE-WAY,,STRAIGHT AND LEVEL,DRY,UNKNOWN,,INJURY AND / OR TOW DUE TO CRASH,,,Y,"OVER $1,500",08/24/2025 11:20:00 AM,IMPROPER OVERTAKING/PASSING,NOT APPLICABLE,1458,W,PENSACOLA AVE,1912,,,,,,,2,NO INDICATION OF INJURY,0,0,0,0,0,1,0,2,1,8,41.960823797,-87.6666663675,POINT (-87.666666367502 41.960823796968)
9783170f35920281ea09ef1e32bf748b019cb5cf0221533afab309bdd236567a90177493e4bed4705ce89a4804b183c78d392efde951ff2b40f53269f8475671,,08/24/2025 02:30:00 AM,15,NO CONTROLS,NO CONTROLS,CLEAR,"DARKNESS, LIGHTED ROAD",PARKED MOTOR VEHICLE,PARKING LOT,,STRAIGHT AND LEVEL,DRY,NO DEFECTS,NOT ON SCENE (DESK REPORT),NO INJURY / DRIVE AWAY,,,Y,"OVER $1,500",08/24/2025 07:55:00 PM,UNABLE TO DETERMINE,NOT APPLICABLE,214,E,47TH ST,215,,,,,,,2,NO INDICATION OF INJURY,0,0,0,0,0,1,0,2,1,8,41.8094301091,-87.6204974036,POINT (-87.620497403559 41.809430109105)
6859788a3248cf4005a289ccdf73570b012c915b01c0fe6ba2334b2e73b440949c154084a2ee9c324a71981abc052a2851e2f146824efa1596739bf87072394c,,08/24/2025 02:20:00 AM,30,TRAFFIC SIGNAL,FUNCTIONING PROPERLY,CLEAR,"DARKNESS, LIGHTED ROAD",ANGLE,DIVIDED - W/MEDIAN BARRIER,,STRAIGHT AND LEVEL,DRY,NO DEFECTS,ON SCENE,INJURY AND / OR TOW DUE TO CRASH,Y,,Y,"OVER $1,500",08/24/2025 02:30:00 AM,DISREGARDING OTHER TRAFFIC SIGNS,DISREGARDING TRAFFIC SIGNALS,351,W,WASHINGTON ST,122,,,,,,,2,NONINCAPACITATING INJURY,2,0,0,2,0,3,0,2,1,8,41.8830918802,-87.636722016,POINT (-87.636722016047 41.883091880163)
c06b7c217af457275e820b59e1904673a4d3e7bbf64482484cf1083709a2c4f0327269117421bd4f71ac34b7ada9573f9a2c04f3d8cef25ff6b5ed9ea1d6ca57,,08/24/2025 02:11:00 AM,30,NO CONTROLS,NO CONTROLS,UNKNOWN,DARKNESS,PARKED MOTOR VEHICLE,ONE-WAY,,STRAIGHT AND LEVEL,UNKNOWN,UNKNOWN,ON SCENE,INJURY AND / OR TOW DUE TO CRASH,,,,"OVER $1,500",08/24/2025 03:21:00 AM,UNABLE TO DETERMINE,NOT APPLICABLE,4146,S,LAKE PARK AVE,214,,,,,,,2,NONINCAPACITATING INJURY,1,0,0,1,0,0,0,2,1,8,41.81861849,-87.6001719805,POINT (-87.600171980515 41.818618489951)
4be8e09cac4aaf99d914534be7875b1d3b826ca750ae5327dba5e9c35471224208c40a75c061063026216ee610e7371392bdab405f6deba504c7d7400bef648f,,08/24/2025 02:10:00 AM,30,TRAFFIC SIGNAL,FUNCTIONING PROPERLY,CLEAR,"DARKNESS, LIGHTED ROAD",TURNING,T-INTERSECTION,,STRAIGHT AND LEVEL,DRY,NO DEFECTS,NOT ON SCENE (DESK REPORT),NO INJURY / DRIVE AWAY,Y,,Y,"$501 - $1,500",08/24/2025 03:15:00 AM,UNABLE TO DETERMINE,UNABLE TO DETERMINE,869,E,OAKWOOD BLVD,214,Y,Y,,,,,2,NO INDICATION OF INJURY,0,0,0,0,0,5,0,2,1,8,41.8240546328,-87.6041014734,POINT (-87.604101473448 41.824054632762)
1c6dd796276d8a7c312b5d637200a19745b684f868444977b1b45ee45a6be12ce5f1b2f3fcf616597268c67e08310fe50b0c3c264a181ad5dda88e0a65828225,,08/24/2025 02:00:00 AM,30,STOP SIGN/FLASHER,FUNCTIONING PROPERLY,CLEAR,"DARKNESS, LIGHTED ROAD",REAR END,NOT DIVIDED,,STRAIGHT AND LEVEL,DRY,NO DEFECTS,NOT ON SCENE (DESK REPORT),NO INJURY / DRIVE AWAY,Y,,,"OVER $1,500",08/24/2025 04:20:00 PM,UNABLE TO DETERMINE,UNABLE TO DETERMINE,22,S,KOSTNER AVE,1113,,,,,,,3,NO INDICATION OF INJURY,0,0,0,0,0,4,0,2,1,8,41.8798350837,-87.7355964756,POINT (-87.73559647561 41.879835083743)
2d0336aaa7e3731663b3c200cff8235cc70599e2e05f1ad53126339db3c5f4b1fafde02c73cc7299df6a14abc76ee578fea31849f2fcc64bdc3c1a9dbf20d561,,08/24/2025 02:00:00 AM,30,NO CONTROLS,NO CONTROLS,CLEAR,"DARKNESS, LIGHTED ROAD",PARKED MOTOR VEHICLE,ONE-WAY,,STRAIGHT AND LEVEL,UNKNOWN,UNKNOWN,NOT ON SCENE (DESK REPORT),NO INJURY / DRIVE AWAY,,,,"OVER $1,500",08/24/2025 09:40:00 PM,UNABLE TO DETERMINE,UNABLE TO DETERMINE,1316,W,73RD PL,734,,,,,,,2,NO INDICATION OF INJURY,0,0,0,0,0,1,0,2,1,8,41.7605582567,-87.6579644363,POINT (-87.657964436328 41.760558256687)