CRASH_RECORD_ID,CRASH_DATE_EST_I,CRASH_DATE,POSTED_SPEED_LIMIT,TRAFFIC_CONTROL_DEVICE,DEVICE_CONDITION,WEATHER_CONDITION,LIGHTING_CONDITION,FIRST_CRASH_TYPE,TRAFFICWAY_TYPE,LANE_CNT,ALIGNMENT,ROADWAY_SURFACE_COND,ROAD_DEFECT,REPORT_TYPE,CRASH_TYPE,INTERSECTION_RELATED_I,NOT_RIGHT_OF_WAY_I,HIT_AND_RUN_I,DAMAGE,DATE_POLICE_NOTIFIED,PRIM_CONTRIBUTORY_CAUSE,SEC_CONTRIBUTORY_CAUSE,STREET_NO,STREET_DIRECTION,STREET_NAME,BEAT_OF_OCCURRENCE,PHOTOS_TAKEN_I,STATEMENTS_TAKEN_I,DOORING_I,WORK_ZONE_I,WORK_ZONE_TYPE,WORKERS_PRESENT_I,NUM_UNITS,MOST_SEVERE_INJURY,INJURIES_TOTAL,INJURIES_FATAL,INJURIES_INCAPACITATING,INJURIES_NON_INCAPACITATING,INJURIES_REPORTED_NOT_EVIDENT,INJURIES_NO_INDICATION,INJURIES_UNKNOWN,CRASH_HOUR,CRASH_DAY_OF_WEEK,CRASH_MONTH,LATITUDE,LONGITUDE,LOCATION
d34bf80831337c7651498dd882bdf932a37205e9b425224de8164627ce19d20276531c5890a2c387539a08cb96e0a535ffa70b25a555e0513987bc1c7dd109c7,,08/24/2025 02:00:00 AM,35,TRAFFIC SIGNAL,FUNCTIONING PROPERLY,CLEAR,"DARKNESS, LIGHTED ROAD",ANGLE,NOT DIVIDED,,STRAIGHT AND LEVEL,DRY,NO DEFECTS,ON SCENE,INJURY AND / OR TOW DUE TO CRASH,,,Y,"OVER $1,500",08/24/2025 02:00:00 AM,FAILING TO REDUCE SPEED TO AVOID CRASH,UNABLE TO DETERMINE,5200,N,ASHLAND AVE,2012,,,,,,,2,"REPORTED, NOT EVIDENT",1,0,0,0,1,1,0,2,1,8,41.9762164372,-87.6697616021,POINT (-87.669761602136 41.976216437221)
92216e9435ec8751f44da15bff65177dc7a85b0b84581a9fc3db5be5a9d69ba1f6ca1abf3a58744f900b8a4c6ba3525d8d7c78a80dd786ad4c5af6950a801f45,,08/24/2025 01:57:00 AM,30,TRAFFIC SIGNAL,FUNCTIONING PROPERLY,CLEAR,"DARKNESS, LIGHTED ROAD",TURNING,NOT DIVIDED,,STRAIGHT AND LEVEL,DRY,NO DEFECTS,ON SCENE,INJURY AND / OR TOW DUE TO CRASH,Y,,,"OVER $1,500",08/24/2025 02:08:00 AM,FAILING TO YIELD RIGHT-OF-WAY,FAILING TO YIELD RIGHT-OF-WAY,6704,S,LAFAYETTE AVE,722,,,,,,,2,NONINCAPACITATING INJURY,2,0,0,1,1,2,0,1,1,8,41.772528865,-87.6269056978,POINT (-87.626905697848 41.772528864998)
79506a4e15be1bde5f187e251641851c48776ce74d1ef27149f8155c3d243517e7735c9f8e72acd786c1d065f1e5a6a3d053156953e9ab24afdbf9da78b32482,,08/24/2025 01:55:00 AM,30,STOP SIGN/FLASHER,FUNCTIONING PROPERLY,CLEAR,DUSK,REAR END,NOT DIVIDED,,STRAIGHT AND LEVEL,DRY,NO DEFECTS,NOT ON SCENE (DESK REPORT),NO INJURY / DRIVE AWAY,,,,"$501 - $1,500",08/25/2025 04:47:00 PM,FOLLOWING TOO CLOSELY,NOT APPLICABLE,951,W,LAKE ST,1224,,,,,,,2,NO INDICATION OF INJURY,0,0,0,0,0,2,0,1,1,8,41.8854813076,-87.6517555783,POINT (-87.651755578335 41.885481307568)
c25e113cd1e7a36b1e2e115cb40ba0f72cf64378092de1c93fafa0b493089d9a274b8ab132ace34ae1f6b3a1223ddf9e843ac6e4a5d737939c41caa50ee5c785,,08/24/2025 01:52:00 AM,20,TRAFFIC SIGNAL,FUNCTIONING PROPERLY,CLEAR,"DARKNESS, LIGHTED ROAD",REAR END,ONE-WAY,,STRAIGHT AND LEVEL,DRY,NO DEFECTS,NOT ON SCENE (DESK REPORT),NO INJURY / DRIVE AWAY,,,Y,"OVER $1,500",08/24/2025 04:00:00 PM,FOLLOWING TOO CLOSELY,DRIVING SKILLS/KNOWLEDGE/EXPERIENCE,2,E,ONTARIO ST,1834,,,,,,,2,NO INDICATION OF INJURY,0,0,0,0,0,2,0,1,1,8,41.893383144,-87.6280537048,POINT (-87.628053704842 41.893383144032)
3344b8b50e26fdff7510f3f6770451bc64cb00bba6d80e16fd90073e8d534268d26c64e3137eef1e753468bc92632d91c7d1427a8e505d80abd48ce62c0d24f1,,08/24/2025 01:45:00 AM,35,TRAFFIC SIGNAL,FUNCTIONING PROPERLY,CLEAR,"DARKNESS, LIGHTED ROAD",ANGLE,FOUR WAY,,STRAIGHT AND LEVEL,DRY,NO DEFECTS,ON SCENE,INJURY AND / OR TOW DUE TO CRASH,,,,"OVER $1,500",08/24/2025 01:46:00 AM,DISREGARDING TRAFFIC SIGNALS,DISREGARDING TRAFFIC SIGNALS,3759,W,CHICAGO AVE,1112,,,,,,,2,NO INDICATION OF INJURY,0,0,0,0,0,5,0,1,1,8,41.8953038464,-87.7211291036,POINT (-87.721129103593 41.895303846381)
c18b908e09ecdd6e51a3e0f54e19130f9e1b9aa737381a97f076a5007ad85a33edd5677b519ae68a05a1fe2c52b674a9e10421097b45f7f8599bb548691b0e63,,08/24/2025 01:40:00 AM,30,NO CONTROLS,NO CONTROLS,CLEAR,"DARKNESS, LIGHTED ROAD",REAR END,NOT DIVIDED,,STRAIGHT AND LEVEL,DRY,NO DEFECTS,ON SCENE,INJURY AND / OR TOW DUE TO CRASH,,,Y,"OVER $1,500",08/24/2025 03:09:00 AM,UNABLE TO DETERMINE,UNABLE TO DETERMINE,1322,W,18TH ST,1233,,,,,,,2,NONINCAPACITATING INJURY,1,0,0,1,0,1,0,1,1,8,41.8580074618,-87.6599469449,POINT (-87.659946944856 41.858007461751)
7631407046871671f84977b9c908b67d17d42d66aa0f6b9bc348cae2aa7aed30b5199630e73e50a8d249f36314fd9567a292c4d66d56cf80ffcc683dbcf69eee,,08/24/2025 01:35:00 AM,30,NO CONTROLS,NO CONTROLS,CLEAR,"DARKNESS, LIGHTED ROAD",FIXED OBJECT,DIVIDED - W/MEDIAN BARRIER,,STRAIGHT AND LEVEL,DRY,NO DEFECTS,ON SCENE,INJURY AND / OR TOW DUE TO CRASH,,,,"OVER $1,500",08/24/2025 01:40:00 AM,EQUIPMENT - VEHICLE CONDITION,UNABLE TO DETERMINE,10001,S,HALSTED ST,2232,,,,,,,1,NO INDICATION OF INJURY,0,0,0,0,0,2,0,1,1,8,41.7122842668,-87.6428233131,POINT (-87.642823313119 41.712284266804)
b06c90420f74b3606db4e64d50fd4d87616a87ac345e894c23a00636ad44ab55b7a4c0a4d1716cf49f7b78d96023788f7c301c4c7715bca2277c38d4d2ad47d8,,08/24/2025 01:30:00 AM,30,NO CONTROLS,NO CONTROLS,CLEAR,"DARKNESS, LIGHTED ROAD",PARKED MOTOR VEHICLE,NOT DIVIDED,,STRAIGHT AND LEVEL,DRY,NO DEFECTS,NOT ON SCENE (DESK REPORT),NO INJURY / DRIVE AWAY,,,,"OVER $1,500",08/24/2025 11:10:00 AM,UNABLE TO DETERMINE,UNABLE TO DETERMINE,8422,S,KARLOV AVE,834,,,,,,,2,NO INDICATION OF INJURY,0,0,0,0,0,1,0,1,1,8,41.7395849126,-87.7241702191,POINT (-87.724170219079 41.739584912568)
e9667373753007f30bb9f5affeb1eda8f13ae338b03d4f91d451b2cb7d096294a3b137ec8cee999290226a3c77efc15176b5dd0c167b55f4281863c82229f752,Y,08/24/2025 01:30:00 AM,25,UNKNOWN,FUNCTIONING PROPERLY,CLEAR,DARKNESS,PARKED MOTOR VEHICLE,ONE-WAY,,STRAIGHT AND LEVEL,DRY,NO DEFECTS,ON SCENE,NO INJURY / DRIVE AWAY,,,Y,"OVER $1,500",08/24/2025 07:33:00 AM,UNABLE TO DETERMINE,NOT APPLICABLE,3609,W,LEXINGTON ST,1133,,,,,,,2,NO INDICATION OF INJURY,0,0,0,0,0,1,0,1,1,8,41.8716281839,-87.7160113075,POINT (-87.716011307483 41.871628183912)
ec2b9feb67e6fe0e72db58f8f310525602178bf739874fc2b1cb397caa6f5b0d678c8da271365ab7248a9763ec1024f677a0107bc3e258ea9e0983de167d140b,,08/24/2025 01:30:00 AM,30,NO CONTROLS,NO CONTROLS,CLEAR,"DARKNESS, LIGHTED ROAD",REAR END,DIVIDED - W/MEDIAN (NOT RAISED),,STRAIGHT AND LEVEL,DRY,UNKNOWN,NOT ON SCENE (DESK REPORT),NO INJURY / DRIVE AWAY,,,Y,"$501 - $1,500",08/27/2025 09:16:00 PM,UNABLE TO DETERMINE,UNABLE TO DETERMINE,210,N,HALSTED ST,1214,,,,,,,2,NO INDICATION OF INJURY,0,0,0,0,0,2,0,1,1,8,41.8860483963,-87.6476323383,POINT (-87.647632338276 41.886048396337)
96cf4be8c8cec38bc02d5f0a1a36057848ff082cea57dc141fb23fbb01c2669b2bee36ac02b86b247b989b77ec151ac97f0ea854af0be03748c8540cac781267,,08/24/2025 01:23:00 AM,30,UNKNOWN,UNKNOWN,CLEAR,"DARKNESS, LIGHTED ROAD",SIDESWIPE OPPOSITE DIRECTION,NOT DIVIDED,,STRAIGHT AND LEVEL,UNKNOWN,UNKNOWN,NOT ON SCENE (DESK REPORT),NO INJURY / DRIVE AWAY,,,Y,"OVER $1,500",08/24/2025 01:46:00 AM,UNABLE TO DETERMINE,UNABLE TO DETERMINE,1528,E,61ST ST,314,,,,,,,2,NO INDICATION OF INJURY,0,0,0,0,0,2,0,1,1,8,41.7839327723,-87.5881826851,POINT (-87.588182685115 41.783932772266)
5c50594ccd727e2185a93e0871ead49f080e244685cc2544e1aa840c8bcd500cd139e1c46da4808afd7362d84ce370019752cc979d6496749018128cf33ca168,,08/24/2025 01:18:00 AM,30,NO CONTROLS,NO CONTROLS,CLEAR,"DARKNESS, LIGHTED ROAD",PARKED MOTOR VEHICLE,NOT DIVIDED,,STRAIGHT AND LEVEL,DRY,NO DEFECTS,ON SCENE,INJURY AND / OR TOW DUE TO CRASH,,,,"OVER $1,500",08/24/2025 01:30:00 AM,FAILING TO REDUCE SPEED TO AVOID CRASH,UNABLE TO DETERMINE,1911,W,51ST ST,932,,,,,,,3,NO INDICATION OF INJURY,0,0,0,0,0,1,0,1,1,8,41.8011405633,-87.6725656972,POINT (-87.672565697184 41.801140563306)
8d0c5fc93860dac7d532e1f5e7daf9294bfbfbe6f3898752528f48dab1cec8671475394ba5ffaec777ac0ccf4d5eb695df46caab2fb45779f0276b922dc00f24,,08/24/2025 01:18:00 AM,30,TRAFFIC SIGNAL,FUNCTIONING PROPERLY,CLEAR,"DARKNESS, LIGHTED ROAD",REAR END,DIVIDED - W/MEDIAN (NOT RAISED),,STRAIGHT AND LEVEL,DRY,NO DEFECTS,NOT ON SCENE (DESK REPORT),NO INJURY / DRIVE AWAY,,,,"OVER $1,500",08/25/2025 01:50:00 PM,FOLLOWING TOO CLOSELY,NOT APPLICABLE,4357,N,WESTERN AVE,1911,,,,,,,2,NO INDICATION OF INJURY,0,0,0,0,0,2,0,1,1,8,41.9612111467,-87.6885330036,POINT (-87.688533003551 41.961211146736)
ca38c9be18ad319ef9a727e308d63ae738acee0d3c732490f6fb915d1c3cd4b6411508b276d59122dc203523b22e29e4a564bf49913b317b0dfb78a6c11ee99c,,08/24/2025 01:02:00 AM,30,NO CONTROLS,NO CONTROLS,CLEAR,"DARKNESS, LIGHTED ROAD",PARKED MOTOR VEHICLE,NOT DIVIDED,,STRAIGHT AND LEVEL,DRY,UNKNOWN,ON SCENE,INJURY AND / OR TOW DUE TO CRASH,,,Y,"$501 - $1,500",08/24/2025 01:02:00 AM,UNABLE TO DETERMINE,UNABLE TO DETERMINE,3751,W,PIPPIN ST,833,,,,,,,2,NO INDICATION OF INJURY,0,0,0,0,0,1,0,1,1,8,41.7534875977,-87.7163844638,POINT (-87.716384463809 41.753487597708)
497377aeb52039efb95b08da61faaf6830c17965b2f134c5a85a1671a3a0fa9e9973748a08f67fbeef9a12e3424e19360c1ceab1e3d3f877b70b75771661735c,,08/24/2025 01:00:00 AM,30,TRAFFIC SIGNAL,FUNCTIONING PROPERLY,CLEAR,"DARKNESS, LIGHTED ROAD",TURNING,FOUR WAY,,STRAIGHT AND LEVEL,DRY,NO DEFECTS,ON SCENE,INJURY AND / OR TOW DUE TO CRASH,Y,,,"OVER $1,500",08/24/2025 01:17:00 AM,DISREGARDING TRAFFIC SIGNALS,FAILING TO YIELD RIGHT-OF-WAY,5200,S,CICERO AVE,814,,,,,,,2,NONINCAPACITATING INJURY,1,0,0,1,0,6,0,1,1,8,41.7985582782,-87.7430718662,POINT (-87.743071866164 41.798558278193)
730a7362d13ae9be2a69943bc10d4bf65c8ea4b2cd6f9f25f922eda2cc43573003df5a296fa04137bbc066dccee23f9e445a0ef4df202b61f3358d991031cdd6,,08/24/2025 01:00:00 AM,25,NO CONTROLS,NO CONTROLS,CLEAR,"DARKNESS, LIGHTED ROAD",PARKED MOTOR VEHICLE,ONE-WAY,,STRAIGHT AND LEVEL,DRY,NO DEFECTS,NOT ON SCENE (DESK REPORT),NO INJURY / DRIVE AWAY,,,Y,"OVER $1,500",08/24/2025 05:00:00 PM,UNABLE TO DETERMINE,UNABLE TO DETERMINE,10511,S,HAMILTON AVE,2212,,,,,,,2,NO INDICATION OF INJURY,0,0,0,0,0,1,0,1,1,8,41.7024497826,-87.675305838,POINT (-87.67530583797 41.702449782553)
f5514f8b7473f97b2d34327fd8829991cd79b9dfcc42dead47c708902c45e42b656150958fed8152fafd5a93523b7498c9ab84c384d2a766b63e57c658347c17,,08/24/2025 12:55:00 AM,30,NO CONTROLS,NO CONTROLS,CLEAR,"DARKNESS, LIGHTED ROAD",SIDESWIPE SAME DIRECTION,NOT DIVIDED,,STRAIGHT AND LEVEL,DRY,UNKNOWN,ON SCENE,INJURY AND / OR TOW DUE TO CRASH,,,Y,"OVER $1,500",08/24/2025 01:03:00 AM,UNDER THE INFLUENCE OF ALCOHOL/DRUGS (USE WHEN ARREST IS EFFECTED),NOT APPLICABLE,6700,N,SHERIDAN RD,2432,,,,,,,2,NONINCAPACITATING INJURY,1,0,0,1,0,1,0,0,1,8,42.0035484528,-87.6609634072,POINT (-87.660963407182 42.003548452846)
eed10ae1f196148490b294fe06825aa3fd700738f2613c8d637860c85fc1a15987d4e3fdef075aa552a39c549a2a702487d897a094d89fa7e3f80ab3e3ce939d,,08/24/2025 12:50:00 AM,30,NO CONTROLS,NO CONTROLS,CLEAR,"DARKNESS, LIGHTED ROAD",PARKED MOTOR VEHICLE,NOT DIVIDED,,STRAIGHT AND LEVEL,DRY,UNKNOWN,ON SCENE,INJURY AND / OR TOW DUE TO CRASH,,,,"OVER $1,500",08/24/2025 12:57:00 AM,UNDER THE INFLUENCE OF ALCOHOL/DRUGS (USE WHEN ARREST IS EFFECTED),IMPROPER LANE USAGE,2943,W,DEVON AVE,2413,,Y,,,,,4,NO INDICATION OF INJURY,0,0,0,0,0,1,0,0,1,8,41.9973783826,-87.7037735276,POINT (-87.703773527639 41.997378382587)
20c9ee5961652a3339b2f2b6cf2b1a36bb4fa7fb7eb134de9ed64a242505e586690dd7cb8cd9584915aeb3b38c7eb2e62314f23722e7b254d49f29f6b4caa5ac,,08/24/2025 12:45:00 AM,30,NO CONTROLS,NO CONTROLS,CLEAR,DARKNESS,FIXED OBJECT,OTHER,,STRAIGHT AND LEVEL,DRY,NO DEFECTS,ON SCENE,INJURY AND / OR TOW DUE TO CRASH,,,,"OVER $1,500",08/24/2025 12:45:00 AM,UNABLE TO DETERMINE,NOT APPLICABLE,1159,W,54TH ST,934,,,,,,,2,NO INDICATION OF INJURY,0,0,0,0,0,4,0,0,1,8,41.795880914,-87.6548491435,POINT (-87.654849143461 41.795880913988)
3946d373bb71535e8e21da2864ed96257dfcff2a728cfa67b723de78909b1d2c6637f4f616fe8c390027151508f66c9d40b20541d819700b424039aa4b5f8642,,08/24/2025 12:33:00 AM,30,TRAFFIC SIGNAL,FUNCTIONING PROPERLY,CLEAR,"DARKNESS, LIGHTED ROAD",REAR END,NOT DIVIDED,,STRAIGHT AND LEVEL,DRY,NO DEFECTS,ON SCENE,NO INJURY / DRIVE AWAY,Y,,,"OVER $1,500",08/24/2025 12:33:00 AM,FOLLOWING TOO CLOSELY,NOT APPLICABLE,3333,N,ELSTON AVE,1733,,,,,,,2,NO INDICATION OF INJURY,0,0,0,0,0,3,0,0,1,8,41.9420832794,-87.70201984,POINT (-87.702019840015 41.942083279375)
abbfe0c52eded48354befa1269783bda9096d2fe726b0816a5ca6bc3e1b1fbcf8d75d0af7588ca5bb4d095e8337b44a4db981d037104bd4c4812473201f2222c,Y,08/24/2025 12:30:00 AM,30,NO CONTROLS,NO CONTROLS,UNKNOWN,UNKNOWN,FIXED OBJECT,OTHER,,STRAIGHT AND LEVEL,UNKNOWN,UNKNOWN,ON SCENE,NO INJURY / DRIVE AWAY,,Y,Y,"OVER $1,500",08/27/2025 10:25:00 AM,UNABLE TO DETERMINE,NOT APPLICABLE,717,E,84TH ST,632,,,,,,,1,NO INDICATION OF INJURY,0,0,0,0,0,1,0,0,1,8,41.741966121,-87.6066446985,POINT (-87.606644698495 41.741966121021)
ae6348c39e4215119f60728a53b64779ae4f6754cbdfd1e09be5655a2b03ebf48aca17ce18866ea33523322cad156c457e73af2010a6a30984f15dae52906d05,,08/24/2025 12:30:00 AM,30,TRAFFIC SIGNAL,UNKNOWN,CLEAR,"DARKNESS, LIGHTED ROAD",SIDESWIPE SAME DIRECTION,FOUR WAY,,STRAIGHT AND LEVEL,UNKNOWN,UNKNOWN,NOT ON SCENE (DESK REPORT),NO INJURY / DRIVE AWAY,Y,,,"$501 - $1,500",08/24/2025 01:40:00 AM,IMPROPER LANE USAGE,IMPROPER LANE USAGE,600,W,IRVING PARK RD,1915,,,,,,,2,NO INDICATION OF INJURY,0,0,0,0,0,2,0,0,1,8,41.954745513,-87.6453293959,POINT (-87.645329395868 41.954745512967)
d97f7d7e94eefcdfd32cf5e2562acd267f22227f0d6f768ad53722a771ff26151641012cccc0380ef0c01e1c3b587f452b7f388f29201400cf3711d8ffa9cb19,,08/24/2025 12:30:00 AM,35,STOP SIGN/FLASHER,FUNCTIONING PROPERLY,CLEAR,"DARKNESS, LIGHTED ROAD",TURNING,FOUR WAY,,STRAIGHT AND LEVEL,DRY,NO DEFECTS,NOT ON SCENE (DESK REPORT),INJURY AND / OR TOW DUE TO CRASH,Y,,,"OVER $1,500",08/24/2025 12:35:00 AM,DISREGARDING STOP SIGN,DISREGARDING OTHER TRAFFIC SIGNS,4400,S,STATE ST,215,,,,,,,2,NONINCAPACITATING INJURY,1,0,0,1,0,1,0,0,1,8,41.8146022388,-87.6263711182,POINT (-87.6263711182 41.814602238786)
a4a535d288bc692368eaa6872e063be3aad9a40e7697fe4f21ce1a5906024ed62d819747c4d76daeb0a3410dcd87dfe4cf4804ebab93f0a4e5ac33856662237e,,08/24/2025 12:28:00 AM,30,TRAFFIC SIGNAL,FUNCTIONING PROPERLY,CLEAR,"DARKNESS, LIGHTED ROAD",TURNING,DIVIDED - W/MEDIAN (NOT RAISED),,STRAIGHT AND LEVEL,DRY,NO DEFECTS,ON SCENE,NO INJURY / DRIVE AWAY,,,,"OVER $1,500",08/25/2025 10:50:00 AM,FOLLOWING TOO CLOSELY,UNABLE TO DETERMINE,3960,S,WESTERN AVE,921,,,,,,,2,NO INDICATION OF INJURY,0,0,0,0,0,4,0,0,1,8,41.8212415767,-87.6849188292,POINT (-87.684918829212 41.821241576681)
6228e540032af677e050396ddae77bd34a1e9606dc9cc76e858c73d3c671feab8c96090d76c210d2e32ddf1945e0a697eecb40972dd41b07ea490a69e749e9ed,,08/24/2025 12:16:00 AM,25,UNKNOWN,UNKNOWN,CLEAR,"DARKNESS, LIGHTED ROAD",FIXED OBJECT,OTHER,,STRAIGHT AND LEVEL,DRY,UNKNOWN,ON SCENE,INJURY AND / OR TOW DUE TO CRASH,,,Y,"$501 - $1,500",08/24/2025 12:17:00 AM,UNABLE TO DETERMINE,UNABLE TO DETERMINE,717,E,84TH ST,632,,,,,,,2,NO INDICATION OF INJURY,0,0,0,0,0,5,0,0,1,8,41.741966121,-87.6066446985,POINT (-87.606644698495 41.741966121021)
7fb7499512b22d2627738dfced40fea1d9c28793ad5c3b4efff95239448948cbd511bf561311901b250b239eab69ae7421a124a5b62511a087393255cbcaa5cd,,08/24/2025 12:11:00 AM,35,NO CONTROLS,NO CONTROLS,CLEAR,"DARKNESS, LIGHTED ROAD",PARKED MOTOR VEHICLE,NOT DIVIDED,,STRAIGHT AND LEVEL,DRY,NO DEFECTS,ON SCENE,INJURY AND / OR TOW DUE TO CRASH,,,Y,"OVER $1,500",08/24/2025 12:11:00 AM,UNABLE TO DETERMINE,UNABLE TO DETERMINE,7333,N,RIDGE BLVD,2424,,,,,,,5,NO INDICATION OF INJURY,0,0,0,0,0,1,0,0,1,8,42.0150623859,-87.6839012342,POINT (-87.683901234185 42.01506238593)
61fd2d74fbcca6b760f484efe6a89268272a098334217231e709eefc35ed4ab821e0306b918ebf2b7977020e70df1e117129fc613e08f7e832dbc2f25df36941,,08/24/2025 12:10:00 AM,30,TRAFFIC SIGNAL,FUNCTIONING PROPERLY,CLEAR,"DARKNESS, LIGHTED ROAD",TURNING,FOUR WAY,,STRAIGHT AND LEVEL,DRY,NO DEFECTS,ON SCENE,NO INJURY / DRIVE AWAY,Y,,Y,"OVER $1,500",08/24/2025 12:10:00 AM,IMPROPER TURNING/NO SIGNAL,NOT APPLICABLE,400,E,79TH ST,624,,,,,,,2,NO INDICATION OF INJURY,0,0,0,0,0,7,0,0,1,8,41.7512240943,-87.6148969613,POINT (-87.614896961253 41.751224094299)
e78f631bd5df9f180e1b42cd1c8ad5417189510228343973236813e848ebe2a82106c98064e5f23d01e5bc322b34300640017ba99350dd4ecea0c0371ef90d64,,08/24/2025 12:10:00 AM,30,NO CONTROLS,NO CONTROLS,UNKNOWN,DARKNESS,PARKED MOTOR VEHICLE,NOT DIVIDED,,STRAIGHT AND LEVEL,UNKNOWN,UNKNOWN,NOT ON SCENE (DESK REPORT),NO INJURY / DRIVE AWAY,,,Y,"OVER $1,500",08/24/2025 05:35:00 AM,UNABLE TO DETERMINE,NOT APPLICABLE,420,N,CLARK ST,1831,,,,,,,2,NO INDICATION OF INJURY,0,0,0,0,0,1,0,0,1,8,41.889977687,-87.6312270834,POINT (-87.631227083419 41.88997768697)
2870e496f4c45133d25478b6045c04dea7827d7d1383edef31a43512453bfa638b579d87e8b3dd038a7fbbd9dfe3d7db51bb8cef7ad4f3f96eb1fb5efc6c0515,,08/24/2025 12:05:00 AM,45,NO CONTROLS,NO CONTROLS,CLEAR,"DARKNESS, LIGHTED ROAD",SIDESWIPE SAME DIRECTION,ONE-WAY,,STRAIGHT AND LEVEL,DRY,UNKNOWN,ON SCENE,NO INJURY / DRIVE AWAY,,,Y,"OVER $1,500",08/24/2025 12:15:00 AM,UNABLE TO DETERMINE,UNABLE TO DETERMINE,1430,S,LAKE SHORE DR SB,132,,,,,,,2,NO INDICATION OF INJURY,0,0,0,0,0,2,0,0,1,8,41.8632663587,-87.6190877882,POINT (-87.619087788152 41.863266358713)
28cf8372c00aee99db175faf9ba9a24a8fd311df53d703f025f50caa722ef236d2b5c10060e89a73866c289b0651a4952662b9955b8b949540e169dfcbbaa111,,08/24/2025 12:05:00 AM,30,NO CONTROLS,NO CONTROLS,CLEAR,"DARKNESS, LIGHTED ROAD",PARKED MOTOR VEHICLE,NOT DIVIDED,,STRAIGHT AND LEVEL,DRY,NO DEFECTS,ON SCENE,INJURY AND / OR TOW DUE TO CRASH,,,,"OVER $1,500",08/24/2025 12:05:00 AM,FAILING TO REDUCE SPEED TO AVOID CRASH,DRIVING SKILLS/KNOWLEDGE/EXPERIENCE,6621,W,HIGGINS AVE,1613,,,,,,,2,NO INDICATION OF INJURY,0,0,0,0,0,1,0,0,1,8,41.9780115805,-87.7935729827,POINT (-87.793572982667 41.978011580465)
5daf555a5fb91c035150a69995fd8ed101e40ae7ff80241347c936b39d177099e75d6a4d166709f8b821625333347323691f832c22f6d1dbadbec24c1c2593f3,,08/23/2025 11:45:00 PM,10,NO CONTROLS,NO CONTROLS,CLEAR,"DARKNESS, LIGHTED ROAD",PARKED MOTOR VEHICLE,ALLEY,,STRAIGHT AND LEVEL,DRY,NO DEFECTS,ON SCENE,NO INJURY / DRIVE AWAY,,,Y,"OVER $1,500",08/23/2025 11:55:00 PM,UNABLE TO DETERMINE,UNABLE TO DETERMINE,2442,N,LINDER AVE,2515,,,,,,,2,NO INDICATION OF INJURY,0,0,0,0,0,1,0,23,7,8,41.9252886048,-87.7637216374,POINT (-87.763721637415 41.925288604781)
793875c3c41f991ead8b38d401573fd1c54a0b661b4a262686633c5f0d75e3788ddab795c6d7fabe5657b525343485248908c9daeab8c717ca955208dcbab2f2,,08/23/2025 11:45:00 PM,30,NO CONTROLS,NO CONTROLS,CLOUDY/OVERCAST,"DARKNESS, LIGHTED ROAD",SIDESWIPE SAME DIRECTION,NOT DIVIDED,,STRAIGHT AND LEVEL,UNKNOWN,UNKNOWN,ON SCENE,INJURY AND / OR TOW DUE TO CRASH,,,Y,"OVER $1,500",08/24/2025 12:07:00 AM,UNABLE TO DETERMINE,NOT APPLICABLE,70,E,63RD ST,311,,,,,,,2,NO INDICATION OF INJURY,0,0,0,0,0,2,0,23,7,8,41.7801330956,-87.6226514036,POINT (-87.622651403638 41.780133095596)
c7bcbfe75fefbc1899ca1e11501918f098d75175b018c2ab006faa73e3f837f696dc4a6ffb920f4843683e7ed48d0fab3721cc39a8ef2edd16ed841ef8eddea8,,08/23/2025 11:45:00 PM,30,TRAFFIC SIGNAL,FUNCTIONING PROPERLY,CLEAR,"DARKNESS, LIGHTED ROAD",PEDESTRIAN,NOT DIVIDED,,STRAIGHT AND LEVEL,DRY,NO DEFECTS,NOT ON SCENE (DESK REPORT),INJURY AND / OR TOW DUE TO CRASH,Y,,,"OVER $1,500",08/24/2025 12:25:00 AM,UNABLE TO DETERMINE,NOT APPLICABLE,8635,S,CICERO AVE,834,,,,,,,2,"REPORTED, NOT EVIDENT",1,0,0,0,1,1,0,23,7,8,41.7353511567,-87.7408308922,POINT (-87.740830892183 41.735351156698)
b8a15a87d9c4555342b6a9b43931735b26acfd283aeaabc953d7d4687c9885874256306a901d1461af318dadd1f1807f348e2fd0a3952fce6df80483f3fa3f7a,,08/23/2025 11:40:00 PM,30,TRAFFIC SIGNAL,FUNCTIONING PROPERLY,CLEAR,"DARKNESS, LIGHTED ROAD",REAR END,DIVIDED - W/MEDIAN (NOT RAISED),,STRAIGHT AND LEVEL,DRY,NO DEFECTS,NOT ON SCENE (DESK REPORT),INJURY AND / OR TOW DUE TO CRASH,,,,"OVER $1,500",08/24/2025 12:05:00 AM,FAILING TO REDUCE SPEED TO AVOID CRASH,FAILING TO REDUCE SPEED TO AVOID CRASH,3521,N,ELSTON AVE,1733,,,,,,,2,NONINCAPACITATING INJURY,5,0,0,5,0,0,0,23,7,8,41.9453635337,-87.7067771851,POINT (-87.706777185062 41.945363533742)
ca8e16629d87e3a75ec0d2898be5ce2edbe96600477e5e6240b6074da0da695474672aa119a988f0e65defc9f8c1e8cc6681157ee932aa9b15d1dc028872f5d7,,08/23/2025 11:36:00 PM,20,NO CONTROLS,NO CONTROLS,CLEAR,"DARKNESS, LIGHTED ROAD",ANGLE,NOT DIVIDED,,STRAIGHT AND LEVEL,DRY,NO DEFECTS,ON SCENE,INJURY AND / OR TOW DUE TO CRASH,,,Y,"OVER $1,500",08/24/2025 12:43:00 AM,UNABLE TO DETERMINE,NOT APPLICABLE,4232,W,62ND ST,813,,,,,,,2,NO INDICATION OF INJURY,0,0,0,0,0,2,0,23,7,8,41.780515134,-87.7289776844,POINT (-87.728977684424 41.780515134007)