CRASH_RECORD_ID,CRASH_DATE_EST_I,CRASH_DATE,POSTED_SPEED_LIMIT,TRAFFIC_CONTROL_DEVICE,DEVICE_CONDITION,WEATHER_CONDITION,LIGHTING_CONDITION,FIRST_CRASH_TYPE,TRAFFICWAY_TYPE,LANE_CNT,ALIGNMENT,ROADWAY_SURFACE_COND,ROAD_DEFECT,REPORT_TYPE,CRASH_TYPE,INTERSECTION_RELATED_I,NOT_RIGHT_OF_WAY_I,HIT_AND_RUN_I,DAMAGE,DATE_POLICE_NOTIFIED,PRIM_CONTRIBUTORY_CAUSE,SEC_CONTRIBUTORY_CAUSE,STREET_NO,STREET_DIRECTION,STREET_NAME,BEAT_OF_OCCURRENCE,PHOTOS_TAKEN_I,STATEMENTS_TAKEN_I,DOORING_I,WORK_ZONE_I,WORK_ZONE_TYPE,WORKERS_PRESENT_I,NUM_UNITS,MOST_SEVERE_INJURY,INJURIES_TOTAL,INJURIES_FATAL,INJURIES_INCAPACITATING,INJURIES_NON_INCAPACITATING,INJURIES_REPORTED_NOT_EVIDENT,INJURIES_NO_INDICATION,INJURIES_UNKNOWN,CRASH_HOUR,CRASH_DAY_OF_WEEK,CRASH_MONTH,LATITUDE,LONGITUDE,LOCATION
9c677e6c2d4d499c526642991d50610e0808f5a4b6cdae37fd984d28ef8f2b14db282aac2fee65bd704f55517beea2fe653fb8c31db96300af7274c780e4bcad,,08/23/2025 11:34:00 PM,30,STOP SIGN/FLASHER,FUNCTIONING PROPERLY,CLEAR,"DARKNESS, LIGHTED ROAD",TURNING,FOUR WAY,,STRAIGHT AND LEVEL,DRY,NO DEFECTS,ON SCENE,INJURY AND / OR TOW DUE TO CRASH,Y,,,"OVER $1,500",08/23/2025 11:34:00 PM,FAILING TO YIELD RIGHT-OF-WAY,IMPROPER TURNING/NO SIGNAL,8149,S,STONY ISLAND AVE,411,,,,,,,2,NONINCAPACITATING INJURY,3,0,0,1,2,2,0,23,7,8,41.7464029804,-87.5852674091,POINT (-87.585267409118 41.746402980404)
9f9ef81ed500ba612b54ccc39a889499285cdf6781db1cbb7b6be88f00da05173ea2074636d3ba95096a532f5643ff1fb6e6bf63ac73df7a3185d38f706b4553,,08/23/2025 11:30:00 PM,30,NO CONTROLS,NO CONTROLS,CLEAR,DARKNESS,PARKED MOTOR VEHICLE,UNKNOWN INTERSECTION TYPE,,STRAIGHT AND LEVEL,UNKNOWN,UNKNOWN,NOT ON SCENE (DESK REPORT),NO INJURY / DRIVE AWAY,,,Y,"OVER $1,500",08/25/2025 09:30:00 PM,UNABLE TO DETERMINE,UNABLE TO DETERMINE,8123,S,PEORIA ST,613,,,,,,,2,NO INDICATION OF INJURY,0,0,0,0,0,1,0,23,7,8,41.7462516217,-87.6461949898,POINT (-87.646194989816 41.746251621663)
d1ad576a51675a37cec0ec9593b446863ca7048998e2cee3d8d07764d17d424c26010dead9b674a99e06a683139bdd7ac37e828b76e616ec29ca0072e3058977,,08/23/2025 11:30:00 PM,30,TRAFFIC SIGNAL,FUNCTIONING PROPERLY,CLEAR,"DARKNESS, LIGHTED ROAD",SIDESWIPE SAME DIRECTION,NOT DIVIDED,,STRAIGHT AND LEVEL,DRY,NO DEFECTS,NOT ON SCENE (DESK REPORT),NO INJURY / DRIVE AWAY,,,,"OVER $1,500",08/24/2025 12:31:00 AM,IMPROPER OVERTAKING/PASSING,IMPROPER OVERTAKING/PASSING,430,S,CLARK ST,122,,,,,,,2,NO INDICATION OF INJURY,0,0,0,0,0,2,0,23,7,8,41.8762445585,-87.6308769485,POINT (-87.630876948454 41.87624455845)
b3301594227262a54e97f256c6b5e9117290d3d775d094d70a171875467d75d0c2665f966be552c40538bd494a4f9fc625af8521cbf898902957c2f0a57e56ad,,08/23/2025 11:15:00 PM,35,TRAFFIC SIGNAL,FUNCTIONING PROPERLY,CLEAR,"DARKNESS, LIGHTED ROAD",ANGLE,FOUR WAY,,STRAIGHT AND LEVEL,DRY,NO DEFECTS,ON SCENE,INJURY AND / OR TOW DUE TO CRASH,Y,,,"OVER $1,500",08/23/2025 11:15:00 PM,DISREGARDING TRAFFIC SIGNALS,NOT APPLICABLE,7602,S,LAFAYETTE AVE,623,,N,,,,,3,NONINCAPACITATING INJURY,2,0,0,2,0,3,0,23,7,8,41.7562601698,-87.6264746445,POINT (-87.626474644534 41.756260169807)
10e8429062cef964735826a10b03d4ff2f7a5dc25f42c279bf5a808cdf3de4ecfe324cea9a3dbfe83541de0bb369d8dbfe58405f827961753395308b027c2cd0,Y,08/23/2025 11:10:00 PM,30,TRAFFIC SIGNAL,FUNCTIONING PROPERLY,CLEAR,"DARKNESS, LIGHTED ROAD",TURNING,NOT DIVIDED,,STRAIGHT AND LEVEL,DRY,NO DEFECTS,ON SCENE,INJURY AND / OR TOW DUE TO CRASH,Y,,,"OVER $1,500",08/23/2025 11:15:00 PM,DISREGARDING TRAFFIC SIGNALS,FAILING TO REDUCE SPEED TO AVOID CRASH,3600,W,DIVISION ST,2535,,,,,,,2,"REPORTED, NOT EVIDENT",1,0,0,0,1,3,0,23,7,8,41.9028634001,-87.7166254441,POINT (-87.716625444146 41.902863400118)
c3bb47544c4d409389d27e72ad94046c70e5c40f8bd8d630c3d8f71f6bbd957ace3df69012bdde8e988086f54191f7b61e50447ebf45c8f9a98a21c1b174ce2f,,08/23/2025 11:07:00 PM,30,TRAFFIC SIGNAL,FUNCTIONING PROPERLY,CLEAR,"DARKNESS, LIGHTED ROAD",PEDESTRIAN,NOT DIVIDED,,STRAIGHT AND LEVEL,DRY,NO DEFECTS,ON SCENE,INJURY AND / OR TOW DUE TO CRASH,Y,,Y,"OVER $1,500",08/23/2025 11:09:00 PM,UNABLE TO DETERMINE,NOT APPLICABLE,4802,W,MONTROSE AVE,1623,,,,,,,2,INCAPACITATING INJURY,1,0,1,0,0,1,0,23,7,8,41.9608302412,-87.7476776958,POINT (-87.747677695844 41.960830241206)
2d0b6e22cebd6d59879e0dcbbc1055b269d5d8d14d660f4869068693864172f72443707d56b479ab2ba4daf44cd51ff9b60188e7fd7aac636c11258803722b5e,,08/23/2025 11:00:00 PM,30,NO CONTROLS,NO CONTROLS,CLEAR,DARKNESS,PARKED MOTOR VEHICLE,DIVIDED - W/MEDIAN (NOT RAISED),,STRAIGHT AND LEVEL,DRY,NO DEFECTS,NOT ON SCENE (DESK REPORT),NO INJURY / DRIVE AWAY,,,Y,"OVER $1,500",08/24/2025 10:30:00 AM,UNABLE TO DETERMINE,UNABLE TO DETERMINE,540,W,87TH ST,622,,,,,,,2,NO INDICATION OF INJURY,0,0,0,0,0,1,0,23,7,8,41.7362764868,-87.6379375549,POINT (-87.637937554863 41.736276486756)
6c93591d8a5a631f0e11806ae97448639ac351fc78b6e6e4c297e96c59fd1f75e141f49b8cac36a8cc0248d8517abfe4e391f26d61214308c0b8da431fbfffea,,08/23/2025 11:00:00 PM,30,STOP SIGN/FLASHER,FUNCTIONING PROPERLY,UNKNOWN,UNKNOWN,ANGLE,NOT DIVIDED,,STRAIGHT AND LEVEL,OTHER,UNKNOWN,NOT ON SCENE (DESK REPORT),NO INJURY / DRIVE AWAY,Y,,,"$501 - $1,500",08/24/2025 12:00:00 PM,UNABLE TO DETERMINE,NOT APPLICABLE,5301,S,WESTERN AVE,923,,,,,,,2,NO INDICATION OF INJURY,0,0,0,0,0,7,0,23,7,8,41.7973986634,-87.6839796292,POINT (-87.683979629186 41.79739866337)
99a3d64a563a70b474050a6bac3398dfb4ef270ac89978e4d7893614b56a1f07cc87a819a27941e395d08d68772b162341b846a74956f5504d7c5cec8de9f85c,,08/23/2025 11:00:00 PM,30,TRAFFIC SIGNAL,FUNCTIONING PROPERLY,CLEAR,"DARKNESS, LIGHTED ROAD",SIDESWIPE SAME DIRECTION,DIVIDED - W/MEDIAN (NOT RAISED),,STRAIGHT AND LEVEL,DRY,NO DEFECTS,NOT ON SCENE (DESK REPORT),NO INJURY / DRIVE AWAY,,,Y,"OVER $1,500",08/30/2025 09:05:00 AM,UNABLE TO DETERMINE,NOT APPLICABLE,1598,W,VAN BUREN ST,1231,,,,,,,2,NO INDICATION OF INJURY,0,0,0,0,0,2,0,23,7,8,41.8764606299,-87.6666220791,POINT (-87.666622079113 41.876460629864)
a06628cc1fb316c408c56e11f8a9d477ac952dd896ede3017e3d65714c368abffbae2d2c01a2e7908d4b646c592170eb96b357db23a390a27f4aabd7745b9c81,,08/23/2025 11:00:00 PM,30,TRAFFIC SIGNAL,FUNCTIONING PROPERLY,CLEAR,"DARKNESS, LIGHTED ROAD",TURNING,FOUR WAY,,STRAIGHT AND LEVEL,DRY,NO DEFECTS,NOT ON SCENE (DESK REPORT),NO INJURY / DRIVE AWAY,Y,,,"$501 - $1,500",08/23/2025 11:30:00 PM,IMPROPER TURNING/NO SIGNAL,IMPROPER TURNING/NO SIGNAL,626,N,MICHIGAN AVE,1834,,,,,,,2,NO INDICATION OF INJURY,0,0,0,0,0,2,0,23,7,8,41.8933722143,-87.6243614185,POINT (-87.624361418497 41.893372214284)
ef17e1a47963c997931718235e6abf5c10d3947b2d4df8052bc0346490ad56dff65c3d85713ba1c2249f08e20aff335b800cab2a13467e079b871a5c4d84beaa,,08/23/2025 11:00:00 PM,30,STOP SIGN/FLASHER,FUNCTIONING PROPERLY,CLEAR,"DARKNESS, LIGHTED ROAD",TURNING,T-INTERSECTION,,STRAIGHT AND LEVEL,DRY,NO DEFECTS,NOT ON SCENE (DESK REPORT),INJURY AND / OR TOW DUE TO CRASH,Y,,N,"$501 - $1,500",08/24/2025 02:30:00 AM,FAILING TO YIELD RIGHT-OF-WAY,FAILING TO YIELD RIGHT-OF-WAY,5500,S,PAYNE DR,233,,,,,,,2,NO INDICATION OF INJURY,0,0,0,0,0,2,0,23,7,8,41.7949472131,-87.6075404082,POINT (-87.607540408161 41.794947213124)
ef261add78a475224085efa3693b846759b894241c5e62612a5700cfbad4a8c3c16c5674e7853267c465cf9c27770af7037fe74d824c253f6eb8016bace34daf,,08/23/2025 11:00:00 PM,30,STOP SIGN/FLASHER,FUNCTIONING PROPERLY,CLEAR,"DARKNESS, LIGHTED ROAD",REAR END,T-INTERSECTION,,STRAIGHT AND LEVEL,DRY,NO DEFECTS,ON SCENE,NO INJURY / DRIVE AWAY,,,N,"OVER $1,500",08/23/2025 11:26:00 PM,UNABLE TO DETERMINE,UNABLE TO DETERMINE,6300,W,IRVING PARK RD,1624,,,,,,,2,NO INDICATION OF INJURY,0,0,0,0,0,2,0,23,7,8,41.9530561236,-87.7842371542,POINT (-87.784237154195 41.953056123616)
17d0b672f999bd5cb1dd0674b8cc7260a408212949a3efd65da0a5401e2358b85ef3943f229d1b97de0fae7cffefaa199d9a2ae1da4985a8eff435ffd0fdb3d0,,08/23/2025 10:30:00 PM,30,NO CONTROLS,NO CONTROLS,CLEAR,DAYLIGHT,PARKED MOTOR VEHICLE,NOT DIVIDED,,STRAIGHT AND LEVEL,DRY,NO DEFECTS,NOT ON SCENE (DESK REPORT),NO INJURY / DRIVE AWAY,,,,"OVER $1,500",08/30/2025 11:20:00 AM,UNABLE TO DETERMINE,NOT APPLICABLE,160,N,ELIZABETH ST,1224,,,,,,,2,NO INDICATION OF INJURY,0,0,0,0,0,1,0,22,7,8,41.8847616848,-87.6589883361,POINT (-87.658988336087 41.884761684813)
4a95d5189a213137fa34860425eed7e2566b9f938b8662dee1becf764385d131802bd4e105cff674289d2991a768a84dddaa8ed0e587efb20779ddb3cfa95b9e,,08/23/2025 10:30:00 PM,30,NO CONTROLS,NO CONTROLS,CLEAR,"DARKNESS, LIGHTED ROAD",PARKED MOTOR VEHICLE,NOT DIVIDED,,STRAIGHT AND LEVEL,DRY,UNKNOWN,NOT ON SCENE (DESK REPORT),NO INJURY / DRIVE AWAY,,,Y,"$501 - $1,500",08/23/2025 11:10:00 PM,UNABLE TO DETERMINE,UNABLE TO DETERMINE,5342,N,BROADWAY,2013,,,,,,,2,NO INDICATION OF INJURY,0,0,0,0,0,1,0,22,7,8,41.9794239542,-87.6601000125,POINT (-87.660100012489 41.979423954206)
65ba035caa3cc0a6898d2a4ab065b93cf877757394b8c3c16bdfbba14462df894b42a479ead3e94cfa05fdb6857f4e6cff7979d5c9190038d6cd961b1d46222b,,08/23/2025 10:30:00 PM,10,NO CONTROLS,NO CONTROLS,CLEAR,DARKNESS,PARKED MOTOR VEHICLE,PARKING LOT,,STRAIGHT AND LEVEL,DRY,UNKNOWN,NOT ON SCENE (DESK REPORT),NO INJURY / DRIVE AWAY,,,Y,"OVER $1,500",08/25/2025 01:31:00 PM,UNABLE TO DETERMINE,UNABLE TO DETERMINE,9801,S,EWING AVE,432,,,,,,,2,NO INDICATION OF INJURY,0,0,0,0,0,1,0,22,7,8,41.7176514274,-87.5351348481,POINT (-87.535134848142 41.717651427436)
9d76dc827b05d59553c9b78b9b09e5d5b15d345854c70979f9088fbb214b3930ae223a142e39efdb3112d56ffc489ad579303bb55d4eef8aaee97c277655f6b0,Y,08/23/2025 10:30:00 PM,30,TRAFFIC SIGNAL,FUNCTIONING PROPERLY,UNKNOWN,UNKNOWN,PARKED MOTOR VEHICLE,DIVIDED - W/MEDIAN (NOT RAISED),,STRAIGHT AND LEVEL,UNKNOWN,UNKNOWN,NOT ON SCENE (DESK REPORT),NO INJURY / DRIVE AWAY,,,Y,"OVER $1,500",08/24/2025 03:10:00 PM,UNABLE TO DETERMINE,UNABLE TO DETERMINE,3204,W,IRVING PARK RD,1724,,,,,,,2,NO INDICATION OF INJURY,0,0,0,0,0,1,0,22,7,8,41.9540279425,-87.7082349668,POINT (-87.708234966818 41.954027942479)
4128dc0f8df483f3f5b355a06f290801c77a5030ff1b918decfedd81770f976ba796382383069ce41492692c410cb44d148227a9fdf833aaf12d8150c20497ec,,08/23/2025 10:25:00 PM,35,STOP SIGN/FLASHER,FUNCTIONING PROPERLY,CLEAR,"DARKNESS, LIGHTED ROAD",SIDESWIPE SAME DIRECTION,FOUR WAY,,STRAIGHT AND LEVEL,DRY,NO DEFECTS,ON SCENE,INJURY AND / OR TOW DUE TO CRASH,,,Y,"OVER $1,500",08/23/2025 10:29:00 PM,FAILING TO YIELD RIGHT-OF-WAY,IMPROPER OVERTAKING/PASSING,4698,W,POLK ST,1131,,,,,,,2,NO INDICATION OF INJURY,0,0,0,0,0,2,0,22,7,8,41.8705956,-87.7423478502,POINT (-87.742347850237 41.870595600045)
1e44f4862d8319038cfd9c841f0177dd33cbe5b055323de81ae871e30642d43629ad632109654832c48704cc4f1370b5b5b4872c63b084377b4b362a4ba80da5,,08/23/2025 10:22:00 PM,30,TRAFFIC SIGNAL,FUNCTIONING PROPERLY,CLEAR,"DARKNESS, LIGHTED ROAD",SIDESWIPE SAME DIRECTION,FOUR WAY,,STRAIGHT AND LEVEL,DRY,UNKNOWN,NOT ON SCENE (DESK REPORT),NO INJURY / DRIVE AWAY,Y,,,$500 OR LESS,08/23/2025 11:52:00 PM,DRIVING SKILLS/KNOWLEDGE/EXPERIENCE,DRIVING SKILLS/KNOWLEDGE/EXPERIENCE,43,E,IDA B WELLS DR,123,,,,,,,2,NO INDICATION OF INJURY,0,0,0,0,0,2,0,22,7,8,41.8755799255,-87.6259358788,POINT (-87.625935878816 41.875579925497)
e16efd84fb58247e92e6b8a49e9f5e7a9f4a4d80c35f80df32eec7aebb094dae1aff5b481baacc0bd69478eae63029fb3b74104d283efef7714f5fab39a010af,,08/23/2025 10:22:00 PM,15,OTHER,UNKNOWN,CLEAR,"DARKNESS, LIGHTED ROAD",FIXED OBJECT,PARKING LOT,,STRAIGHT AND LEVEL,DRY,NO DEFECTS,ON SCENE,NO INJURY / DRIVE AWAY,,Y,,"$501 - $1,500",08/23/2025 10:25:00 PM,UNABLE TO DETERMINE,UNABLE TO DETERMINE,2610,W,PERSHING RD,911,,,,,,,1,NO INDICATION OF INJURY,0,0,0,0,0,1,0,22,7,8,41.8229745986,-87.6903883955,POINT (-87.690388395509 41.822974598617)
6a71f5059017aa47d30f6b921b813950c2fba41dcd491ba0e105eb96cce659e1836cfa9780b071832e6c3a47b2ef58a7a91bddf21c058f4f6067cc1bce2f5385,,08/23/2025 10:20:00 PM,30,NO CONTROLS,NO CONTROLS,CLEAR,DUSK,SIDESWIPE OPPOSITE DIRECTION,NOT DIVIDED,,STRAIGHT AND LEVEL,DRY,NO DEFECTS,,NO INJURY / DRIVE AWAY,Y,,,"OVER $1,500",08/23/2025 11:50:00 PM,IMPROPER LANE USAGE,UNABLE TO DETERMINE,8598,S,EAST END AVE,412,,,,,,,3,NO INDICATION OF INJURY,0,0,0,0,0,3,0,22,7,8,41.7388178591,-87.5829368518,POINT (-87.582936851764 41.738817859125)
3b0825c8e98eab1859b23ece250363742e7a16b326e49f75a7759653e99642fa5e24286938f92cdde80ba8d599f1e8b5f1d9275c01fa2fac75d6ff9cabc356c1,,08/23/2025 10:15:00 PM,30,TRAFFIC SIGNAL,FUNCTIONING PROPERLY,CLEAR,"DARKNESS, LIGHTED ROAD",TURNING,NOT DIVIDED,,STRAIGHT AND LEVEL,DRY,NO DEFECTS,NOT ON SCENE (DESK REPORT),NO INJURY / DRIVE AWAY,,,,"$501 - $1,500",08/23/2025 11:00:00 PM,DRIVING SKILLS/KNOWLEDGE/EXPERIENCE,TURNING RIGHT ON RED,3357,W,WARREN BLVD,1123,,,,,,,2,NO INDICATION OF INJURY,0,0,0,0,0,2,0,22,7,8,41.881706356,-87.7108468206,POINT (-87.71084682056 41.881706356024)
fb15275ece07cbe30718fe12bb1225d49344b468a32f1564f3950d8f2585a4de43bbf0c27bea47532cc9f4c119a9785a74fd5f0b31bd44bcd603a6353ace8c51,,08/23/2025 10:15:00 PM,30,NO CONTROLS,NO CONTROLS,UNKNOWN,UNKNOWN,SIDESWIPE SAME DIRECTION,NOT DIVIDED,,STRAIGHT AND LEVEL,UNKNOWN,OTHER,ON SCENE,INJURY AND / OR TOW DUE TO CRASH,,,Y,"OVER $1,500",08/23/2025 10:16:00 PM,UNABLE TO DETERMINE,NOT APPLICABLE,6129,S,COTTAGE GROVE AVE,313,,,,,,,2,NO INDICATION OF INJURY,0,0,0,0,0,2,0,22,7,8,41.7831757851,-87.6058435155,POINT (-87.605843515532 41.783175785112)
67b8fff61f64ac01697c8b97a2793a97cec4379a28c8d7159cc8e304649d677364275dfaf22f1d2612bd4a48b1d478b8dd7d940ae09ede63218bd9f293b7150b,,08/23/2025 10:10:00 PM,30,NO CONTROLS,NO CONTROLS,CLEAR,"DARKNESS, LIGHTED ROAD",HEAD ON,DIVIDED - W/MEDIAN (NOT RAISED),,STRAIGHT AND LEVEL,DRY,NO DEFECTS,NOT ON SCENE (DESK REPORT),NO INJURY / DRIVE AWAY,,,Y,"OVER $1,500",08/23/2025 11:40:00 PM,IMPROPER OVERTAKING/PASSING,DRIVING ON WRONG SIDE/WRONG WAY,6248,W,BELMONT AVE,1633,,,,,,,2,NO INDICATION OF INJURY,0,0,0,0,0,2,0,22,7,8,41.9384702297,-87.7830089384,POINT (-87.783008938433 41.938470229748)
80f9c436d446ea29abce02ffe7aea047892a5838d59cf962d659e57713192fb7a0ab9c11c17240b22103492e934923ded95b5342097c75b1b8eb7e5f36b436b7,,08/23/2025 10:10:00 PM,40,TRAFFIC SIGNAL,FUNCTIONING PROPERLY,CLEAR,"DARKNESS, LIGHTED ROAD",REAR END,DIVIDED - W/MEDIAN BARRIER,,STRAIGHT AND LEVEL,DRY,NO DEFECTS,ON SCENE,NO INJURY / DRIVE AWAY,Y,,Y,"OVER $1,500",08/23/2025 10:12:00 PM,FAILING TO REDUCE SPEED TO AVOID CRASH,NOT APPLICABLE,800,N,LAKE SHORE DR NB,1833,,,,,,,2,NO INDICATION OF INJURY,0,0,0,0,0,2,0,22,7,8,41.8968049724,-87.6170274232,POINT (-87.617027423234 41.896804972416)
02fa8f90e4a5dbac51cce9140aa807871a6098a2eae5b6232c3a3f679b76b4f31188116fa77784f71a522c601cd5924779530d61b7559d145fc016dfdf56bfe2,,08/23/2025 10:00:00 PM,30,TRAFFIC SIGNAL,FUNCTIONING PROPERLY,CLEAR,"DARKNESS, LIGHTED ROAD",REAR END,DIVIDED - W/MEDIAN (NOT RAISED),,STRAIGHT AND LEVEL,DRY,NO DEFECTS,NOT ON SCENE (DESK REPORT),NO INJURY / DRIVE AWAY,,,,"OVER $1,500",08/23/2025 10:15:00 PM,UNABLE TO DETERMINE,NOT APPLICABLE,3500,S,WESTERN AVE,911,,,,,,,2,NO INDICATION OF INJURY,0,0,0,0,0,3,0,22,7,8,41.8301872553,-87.6851779251,POINT (-87.685177925102 41.830187255269)
33b3d63441de32f1a2612be013d425997a29dcb1b25f18370481365e7853d151b6b7a374ad83ad38f8b40a634eca7848f67a590d4a63bf4d72cc26a686cce35e,Y,08/23/2025 10:00:00 PM,30,NO CONTROLS,NO CONTROLS,UNKNOWN,UNKNOWN,PARKED MOTOR VEHICLE,NOT DIVIDED,,STRAIGHT AND LEVEL,UNKNOWN,UNKNOWN,NOT ON SCENE (DESK REPORT),NO INJURY / DRIVE AWAY,,,Y,"OVER $1,500",08/25/2025 12:05:00 PM,UNABLE TO DETERMINE,UNABLE TO DETERMINE,732,N,HARDING AVE,1112,,,,,,,2,NO INDICATION OF INJURY,0,0,0,0,0,1,0,22,7,8,41.8945759414,-87.7249843292,POINT (-87.724984329211 41.894575941356)
439d3ab10df7a395b169e61982c56c5c90e43ee80eec9282e15f4b79c87292d4c0adfc7e3f51ddaaebbb9d57ca6b18c23a961818d1635070223483c5106efc62,,08/23/2025 10:00:00 PM,25,NO CONTROLS,NO CONTROLS,CLEAR,"DARKNESS, LIGHTED ROAD",REAR TO FRONT,NOT DIVIDED,,STRAIGHT AND LEVEL,DRY,NO DEFECTS,NOT ON SCENE (DESK REPORT),NO INJURY / DRIVE AWAY,,N,Y,"OVER $1,500",08/27/2025 02:00:00 PM,IMPROPER BACKING,NOT APPLICABLE,9801,S,AVENUE G DR,432,,,,,,,2,NO INDICATION OF INJURY,0,0,0,0,0,2,0,22,7,8,41.7177200445,-87.5315081152,POINT (-87.531508115233 41.717720044469)
b072b27d4b8a348b8c3e34913197fdc286a208be172070dd0d6e20194854644fc92abae86fadc0b69627c417403cdc79f689a2de4e0a5c890a99d23ea5938af5,,08/23/2025 10:00:00 PM,30,NO CONTROLS,NO CONTROLS,CLEAR,"DARKNESS, LIGHTED ROAD",SIDESWIPE SAME DIRECTION,NOT DIVIDED,,STRAIGHT AND LEVEL,DRY,UNKNOWN,NOT ON SCENE (DESK REPORT),INJURY AND / OR TOW DUE TO CRASH,,,N,"OVER $1,500",08/23/2025 11:55:00 PM,IMPROPER LANE USAGE,IMPROPER LANE USAGE,1835,W,LAKE ST,1223,,,,,,,2,"REPORTED, NOT EVIDENT",1,0,0,0,1,2,0,22,7,8,41.8849966534,-87.6732550118,POINT (-87.673255011818 41.884996653371)
0a98dcaa675e3e7dc9743c5e00979a6e051a7ec6f27cd009adbbf5682a528e4c63489578320c1cb85203941c7f3e5db5bf5c72f50cbc11dd788a2d7d987881ee,,08/23/2025 09:59:00 PM,35,NO CONTROLS,NO CONTROLS,CLEAR,DARKNESS,PARKED MOTOR VEHICLE,DIVIDED - W/MEDIAN (NOT RAISED),,STRAIGHT AND LEVEL,DRY,NO DEFECTS,NOT ON SCENE (DESK REPORT),NO INJURY / DRIVE AWAY,,,Y,"$501 - $1,500",08/24/2025 09:20:00 AM,UNABLE TO DETERMINE,UNABLE TO DETERMINE,2105,S,STATE ST,131,,,,,,,2,NO INDICATION OF INJURY,0,0,0,0,0,1,0,21,7,8,41.854063769,-87.6269605361,POINT (-87.626960536063 41.854063769009)
8ac4280884c0d0d7246c80f956ab23d5aac0c87e07bf1f4490ad335a86ae3ad9edc1df10eeb76fc6cb5cd69a5b5283d4f484967d9ee852b32281fcb835a824dc,,08/23/2025 09:55:00 PM,30,TRAFFIC SIGNAL,FUNCTIONING PROPERLY,CLEAR,"DARKNESS, LIGHTED ROAD",SIDESWIPE SAME DIRECTION,NOT DIVIDED,,STRAIGHT AND LEVEL,DRY,NO DEFECTS,ON SCENE,INJURY AND / OR TOW DUE TO CRASH,,,Y,"OVER $1,500",08/23/2025 11:05:00 PM,IMPROPER OVERTAKING/PASSING,IMPROPER OVERTAKING/PASSING,3000,W,31ST ST,1033,,,,,,,2,NONINCAPACITATING INJURY,1,0,0,1,0,1,0,21,7,8,41.8374320346,-87.7000506314,POINT (-87.700050631359 41.837432034579)
f759fcc42b64fc7454c470f7f9db8a4bfc2ebe38e93e83693f88e5cba4d330ca620e38545de93acbe3cbe78cf34cf6f5b96d371edd0f2e799f35ff053ff89024,,08/23/2025 09:51:00 PM,30,NO CONTROLS,NO CONTROLS,CLEAR,"DARKNESS, LIGHTED ROAD",SIDESWIPE OPPOSITE DIRECTION,NOT DIVIDED,,STRAIGHT AND LEVEL,DRY,UNKNOWN,NOT ON SCENE (DESK REPORT),INJURY AND / OR TOW DUE TO CRASH,,,,"OVER $1,500",08/23/2025 11:15:00 PM,UNABLE TO DETERMINE,NOT APPLICABLE,300,E,29TH ST,133,,,,,,,2,NO INDICATION OF INJURY,0,0,0,0,0,4,0,21,7,8,41.8421347709,-87.6203127639,POINT (-87.620312763884 41.842134770938)
8d88364da3c55d5b9b2779bf230ae0c96416ccc6c13da80b790f1207e606a22523de75355af60b2819868e476d6326075a8965a4695a9bfe595c3c57391b6fb0,,08/23/2025 09:47:00 PM,30,NO CONTROLS,NO CONTROLS,CLEAR,DUSK,SIDESWIPE SAME DIRECTION,NOT DIVIDED,,STRAIGHT AND LEVEL,DRY,NO DEFECTS,NOT ON SCENE (DESK REPORT),NO INJURY / DRIVE AWAY,,,,"$501 - $1,500",08/23/2025 11:23:00 PM,IMPROPER LANE USAGE,UNABLE TO DETERMINE,6622,S,UNIVERSITY AVE,321,,,,,,,2,NO INDICATION OF INJURY,0,0,0,0,0,8,0,21,7,8,41.7743220005,-87.598641872,POINT (-87.598641871989 41.774322000522)
e08ce7abf7a9e81e5d45ac2af9a8f8b207bcb66b8c1fb6b7f41b7bc9c940192c254ec82bffd7dacc3f8a9ae792819aabab0af2abbe02f6d191f4514e94509d00,,08/23/2025 09:45:00 PM,25,NO CONTROLS,NO CONTROLS,CLEAR,"DARKNESS, LIGHTED ROAD",SIDESWIPE SAME DIRECTION,ONE-WAY,,STRAIGHT AND LEVEL,DRY,NO DEFECTS,NOT ON SCENE (DESK REPORT),NO INJURY / DRIVE AWAY,,,Y,"OVER $1,500",08/23/2025 10:50:00 PM,UNABLE TO DETERMINE,NOT APPLICABLE,1407,S,TRUMBULL AVE,1021,Y,,,,,,2,NO INDICATION OF INJURY,0,0,0,0,0,2,0,21,7,8,41.8621829348,-87.7114952557,POINT (-87.711495255678 41.862182934793)
da073c706c4a7bf69e6ab63039c7b6cb22f3da8da53612b1b518b9b5460b8f4eba244eda15a6b9629ec7f2f8ce4e382daf6c0863ad7f7fbec44eefab0fd092cb,Y,08/23/2025 09:40:00 PM,30,OTHER,UNKNOWN,CLEAR,UNKNOWN,SIDESWIPE SAME DIRECTION,NOT DIVIDED,,STRAIGHT AND LEVEL,UNKNOWN,UNKNOWN,NOT ON SCENE (DESK REPORT),NO INJURY / DRIVE AWAY,,,,"OVER $1,500",08/23/2025 10:20:00 PM,UNABLE TO DETERMINE,UNABLE TO DETERMINE,360,E,29TH ST,133,,,,,,,2,NO INDICATION OF INJURY,0,0,0,0,0,4,0,21,7,8,41.8421733757,-87.6179310745,POINT (-87.617931074519 41.842173375727)