CRASH_RECORD_ID,CRASH_DATE_EST_I,CRASH_DATE,POSTED_SPEED_LIMIT,TRAFFIC_CONTROL_DEVICE,DEVICE_CONDITION,WEATHER_CONDITION,LIGHTING_CONDITION,FIRST_CRASH_TYPE,TRAFFICWAY_TYPE,LANE_CNT,ALIGNMENT,ROADWAY_SURFACE_COND,ROAD_DEFECT,REPORT_TYPE,CRASH_TYPE,INTERSECTION_RELATED_I,NOT_RIGHT_OF_WAY_I,HIT_AND_RUN_I,DAMAGE,DATE_POLICE_NOTIFIED,PRIM_CONTRIBUTORY_CAUSE,SEC_CONTRIBUTORY_CAUSE,STREET_NO,STREET_DIRECTION,STREET_NAME,BEAT_OF_OCCURRENCE,PHOTOS_TAKEN_I,STATEMENTS_TAKEN_I,DOORING_I,WORK_ZONE_I,WORK_ZONE_TYPE,WORKERS_PRESENT_I,NUM_UNITS,MOST_SEVERE_INJURY,INJURIES_TOTAL,INJURIES_FATAL,INJURIES_INCAPACITATING,INJURIES_NON_INCAPACITATING,INJURIES_REPORTED_NOT_EVIDENT,INJURIES_NO_INDICATION,INJURIES_UNKNOWN,CRASH_HOUR,CRASH_DAY_OF_WEEK,CRASH_MONTH,LATITUDE,LONGITUDE,LOCATION
d54bb8c8379e6106ca59a46f2a06a8c08730587a801940a40132aa40cc9a8a4e3f2d3257d538be34442c31341d5a64ad4525582fd00ae398301c6b5054d47e60,,08/23/2025 09:37:00 PM,30,NO CONTROLS,NO CONTROLS,CLEAR,"DARKNESS, LIGHTED ROAD",FIXED OBJECT,DIVIDED - W/MEDIAN (NOT RAISED),,STRAIGHT AND LEVEL,DRY,NO DEFECTS,NOT ON SCENE (DESK REPORT),INJURY AND / OR TOW DUE TO CRASH,,,,"OVER $1,500",08/23/2025 09:37:00 PM,FAILING TO REDUCE SPEED TO AVOID CRASH,DISREGARDING ROAD MARKINGS,2609,W,BELMONT AVE,1411,,,,,,,1,NO INDICATION OF INJURY,0,0,0,0,0,1,0,21,7,8,41.9393089667,-87.6933996041,POINT (-87.693399604141 41.93930896668)
71c6d240a60563500c14a6f4ba3fe6f4e43ad16936ab464619d20219a84dba194aab793e9ef16f7a0df0eca3c92124db0747e83ddbf1819faff0afcf0626cf30,,08/23/2025 09:30:00 PM,20,NO CONTROLS,NO CONTROLS,CLEAR,DARKNESS,PARKED MOTOR VEHICLE,ONE-WAY,,STRAIGHT AND LEVEL,DRY,UNKNOWN,NOT ON SCENE (DESK REPORT),NO INJURY / DRIVE AWAY,,,Y,"$501 - $1,500",08/24/2025 12:00:00 PM,UNABLE TO DETERMINE,UNABLE TO DETERMINE,9801,S,HOYNE AVE,2213,,,,,,,2,NO INDICATION OF INJURY,0,0,0,0,0,1,0,21,7,8,41.7154977582,-87.6744871787,POINT (-87.674487178671 41.715497758229)
8a3b406347a6f6044d99ea9435e50efd06059a2a8dde807fec9c5e9badec087401b02fa51caccc6cde733c3dbafb528d07cf8e382c0f6a8d34a89326f20c5f0c,,08/23/2025 09:30:00 PM,30,TRAFFIC SIGNAL,FUNCTIONING PROPERLY,CLEAR,"DARKNESS, LIGHTED ROAD",ANGLE,FOUR WAY,,STRAIGHT AND LEVEL,DRY,NO DEFECTS,NOT ON SCENE (DESK REPORT),NO INJURY / DRIVE AWAY,Y,,,"$501 - $1,500",08/23/2025 10:20:00 PM,UNABLE TO DETERMINE,UNABLE TO DETERMINE,599,N,ORLEANS ST,1831,,,,,,,2,NO INDICATION OF INJURY,0,0,0,0,0,2,0,21,7,8,41.8923351748,-87.6369067156,POINT (-87.636906715632 41.89233517483)
8065bf3d8bd611bf00fa73fe4961b7e2f475ebd81f6820fbf7c85ba3d8986609cc805042caedf227bcf4151269055763b65e95e704baa40d0444e49b83273d1c,,08/23/2025 09:23:00 PM,20,NO CONTROLS,NO CONTROLS,CLEAR,"DARKNESS, LIGHTED ROAD",PARKED MOTOR VEHICLE,ONE-WAY,,STRAIGHT AND LEVEL,DRY,NO DEFECTS,ON SCENE,INJURY AND / OR TOW DUE TO CRASH,,,,"OVER $1,500",08/23/2025 09:23:00 PM,UNABLE TO DETERMINE,NOT APPLICABLE,9151,S,UNION AVE,2223,,,,,,,2,NONINCAPACITATING INJURY,1,0,0,1,0,0,0,21,7,8,41.7272934532,-87.640801946,POINT (-87.640801946005 41.727293453223)
6720540c4550145aeb63e03ce275512c9584c157f57977f43b8a0119ea18cf18ba3db1a7fed69ab44c9709562ebc5b4effdd9e3cd8737aef94bf0fa2e39dfd47,,08/23/2025 09:20:00 PM,25,NO CONTROLS,NO CONTROLS,CLEAR,DARKNESS,PARKED MOTOR VEHICLE,ONE-WAY,,STRAIGHT AND LEVEL,DRY,NO DEFECTS,NOT ON SCENE (DESK REPORT),NO INJURY / DRIVE AWAY,,,Y,"OVER $1,500",08/24/2025 02:45:00 PM,UNABLE TO DETERMINE,DRIVING SKILLS/KNOWLEDGE/EXPERIENCE,837,W,WINDSOR AVE,1914,,,,,,,2,NO INDICATION OF INJURY,0,0,0,0,0,1,0,21,7,8,41.9643893063,-87.6514417831,POINT (-87.651441783061 41.964389306332)
fff3b9d60ad8d2b1be4102138a4022fd63ec25fcbf262826483b6fd15ecae07d296c37b9f6d12c91dd3c2ead75b229d20fa2cd2634262bbff5063939d66e7b7e,,08/23/2025 09:18:00 PM,30,TRAFFIC SIGNAL,FUNCTIONING PROPERLY,CLEAR,"DARKNESS, LIGHTED ROAD",TURNING,T-INTERSECTION,,STRAIGHT AND LEVEL,DRY,NO DEFECTS,ON SCENE,INJURY AND / OR TOW DUE TO CRASH,Y,,,"OVER $1,500",08/23/2025 09:20:00 PM,FAILING TO YIELD RIGHT-OF-WAY,NOT APPLICABLE,1998,W,87TH ST,614,,,,,,,2,NO INDICATION OF INJURY,0,0,0,0,0,4,0,21,7,8,41.7357630154,-87.6727212571,POINT (-87.672721257137 41.735763015425)
07edf5b231013b1899429b71580c733870debbd0ee0ca8a9b88121aee46bc3030f5a20c2329717492af439a149f125ca2d4c4baaeab53bee3b0f880f88b33e55,,08/23/2025 09:15:00 PM,30,NO CONTROLS,NO CONTROLS,CLEAR,"DARKNESS, LIGHTED ROAD",REAR END,DIVIDED - W/MEDIAN (NOT RAISED),,STRAIGHT AND LEVEL,UNKNOWN,UNKNOWN,NOT ON SCENE (DESK REPORT),NO INJURY / DRIVE AWAY,,,Y,"OVER $1,500",08/23/2025 09:20:00 PM,UNABLE TO DETERMINE,NOT APPLICABLE,199,W,35TH ST,915,,,,,,,3,NO INDICATION OF INJURY,0,0,0,0,0,2,0,21,7,8,41.8308296758,-87.6314778694,POINT (-87.631477869381 41.830829675845)
3f4d1747c9eaae05161b7bfbec9a20fd53967b1d7b4f6c5f2e6d7fd4cd90212730d24ed3fe03975a8087169d3af9bbbac43cda63b8f851f18402e7f5602ee0d7,,08/23/2025 09:15:00 PM,30,TRAFFIC SIGNAL,FUNCTIONING PROPERLY,CLEAR,DARKNESS,SIDESWIPE SAME DIRECTION,FOUR WAY,,STRAIGHT AND LEVEL,DRY,NO DEFECTS,ON SCENE,NO INJURY / DRIVE AWAY,N,,Y,"OVER $1,500",08/23/2025 09:25:00 PM,IMPROPER OVERTAKING/PASSING,FAILING TO YIELD RIGHT-OF-WAY,3100,S,ARCHER AVE,912,,,,,,,2,NO INDICATION OF INJURY,0,0,0,0,0,3,0,21,7,8,41.837732675,-87.66589445,POINT (-87.665894449999 41.837732674972)
9a142f614dede5ffa08c12fc41b13861ff76bb67f02ba44fced1bebb8cb866529ce2d0232511e8a2104edbd0e533cdae9badfbefcdf5b59ec8776880f25d41f0,,08/23/2025 09:15:00 PM,10,NO CONTROLS,NO CONTROLS,CLEAR,"DARKNESS, LIGHTED ROAD",ANGLE,PARKING LOT,,STRAIGHT AND LEVEL,UNKNOWN,UNKNOWN,NOT ON SCENE (DESK REPORT),NO INJURY / DRIVE AWAY,,,Y,"$501 - $1,500",08/23/2025 10:30:00 PM,UNABLE TO DETERMINE,NOT APPLICABLE,5360,W,DIVISION ST,2532,,,,,,,2,NO INDICATION OF INJURY,0,0,0,0,0,2,0,21,7,8,41.9023047466,-87.7606582626,POINT (-87.760658262551 41.902304746611)
20eeea406b2311f4c35c2a893d58ce7d6b99cbe3900e55e9f6c2e65fe19b9e2438c90b71a9758ce2e80ea777f1ec35cc476b6525f79f25b9c43259f592609125,,08/23/2025 09:14:00 PM,30,TRAFFIC SIGNAL,FUNCTIONING PROPERLY,CLEAR,"DARKNESS, LIGHTED ROAD",ANGLE,NOT DIVIDED,,STRAIGHT AND LEVEL,DRY,NO DEFECTS,ON SCENE,INJURY AND / OR TOW DUE TO CRASH,Y,,,"OVER $1,500",08/23/2025 09:31:00 PM,UNABLE TO DETERMINE,UNABLE TO DETERMINE,3400,W,AUGUSTA BLVD,1121,,,,,,,2,NONINCAPACITATING INJURY,1,0,0,1,0,2,0,21,7,8,41.8992581541,-87.7116190981,POINT (-87.711619098132 41.899258154129)
62829da87589cbb2d7bab3c11efc5572e54f86852548d436aeb2d86e2e9563832ede3bfb4f45482b58e501e031b2f2b16cabb841f68c15be5dc1ea6eb7855dc7,,08/23/2025 09:12:00 PM,30,UNKNOWN,UNKNOWN,CLEAR,"DARKNESS, LIGHTED ROAD",FIXED OBJECT,FOUR WAY,,STRAIGHT AND LEVEL,DRY,NO DEFECTS,ON SCENE,INJURY AND / OR TOW DUE TO CRASH,,Y,Y,"OVER $1,500",08/23/2025 09:21:00 PM,UNABLE TO DETERMINE,UNABLE TO DETERMINE,43,N,HOMAN BLVD,1123,,,,,,,1,NO INDICATION OF INJURY,0,0,0,0,0,1,0,21,7,8,41.882211292,-87.710898608,POINT (-87.710898608036 41.882211292041)
4fcc383e2c1feb00e41a6db8916a3cb717155b34cf59968fdf89f683fc54c4b98aa3b4bd7d68b9dc8ed295d5c4c32be5194277ae0af68a0d45915918f4dc07ba,,08/23/2025 09:08:00 PM,15,NO CONTROLS,NO CONTROLS,CLEAR,"DARKNESS, LIGHTED ROAD",PARKED MOTOR VEHICLE,OTHER,,STRAIGHT AND LEVEL,DRY,UNKNOWN,ON SCENE,NO INJURY / DRIVE AWAY,,,,"OVER $1,500",08/23/2025 09:12:00 PM,NOT APPLICABLE,NOT APPLICABLE,6417,S,NORMANDY AVE,812,,,,,,,2,NO INDICATION OF INJURY,0,0,0,0,0,2,0,21,7,8,41.7751531053,-87.7883489963,POINT (-87.788348996337 41.775153105313)
103a8caf2f29f459bb5b0b438b4e346f7d562f717643e31e33224323c9f087b89524398b66689051675e39c2dbb9ae90fe5e33fb18fd6ce466f7f1d248ca4f69,,08/23/2025 09:00:00 PM,30,TRAFFIC SIGNAL,FUNCTIONING PROPERLY,CLEAR,"DARKNESS, LIGHTED ROAD",REAR END,FOUR WAY,,STRAIGHT AND LEVEL,DRY,NO DEFECTS,NOT ON SCENE (DESK REPORT),INJURY AND / OR TOW DUE TO CRASH,Y,,,"$501 - $1,500",08/23/2025 10:40:00 PM,FOLLOWING TOO CLOSELY,FOLLOWING TOO CLOSELY,1605,N,LARRABEE ST,1813,,,,,,,2,"REPORTED, NOT EVIDENT",2,0,0,0,2,1,0,21,7,8,41.9112211897,-87.643289976,POINT (-87.643289975979 41.911221189716)
23b5dd899ea8b896b5ace6eae88b09e4042d9dde000b4f3ec081246093defbac1d7334be36a4a973debe157b800f3ee8c27983ffe438dd4ea9cdaf5b3300972b,,08/23/2025 09:00:00 PM,30,TRAFFIC SIGNAL,FUNCTIONING PROPERLY,CLEAR,"DARKNESS, LIGHTED ROAD",SIDESWIPE SAME DIRECTION,FOUR WAY,,STRAIGHT AND LEVEL,DRY,UNKNOWN,NOT ON SCENE (DESK REPORT),NO INJURY / DRIVE AWAY,,,,"OVER $1,500",08/23/2025 09:30:00 PM,UNABLE TO DETERMINE,UNABLE TO DETERMINE,3402,N,HALSTED ST,1924,,,,,,,2,NO INDICATION OF INJURY,0,0,0,0,0,2,0,21,7,8,41.9437226878,-87.6495250069,POINT (-87.649525006933 41.943722687817)
384b7814375f446bc9f817ac5ed4d6b422ccc20c687e5f03d518f685fd6c9427bb045112a14b4eb80d814296e2648099f015ef76bd49a1891dd005d6f1a734d7,Y,08/23/2025 09:00:00 PM,30,NO CONTROLS,NO CONTROLS,CLEAR,"DARKNESS, LIGHTED ROAD",PARKED MOTOR VEHICLE,ONE-WAY,,STRAIGHT AND LEVEL,DRY,NO DEFECTS,ON SCENE,NO INJURY / DRIVE AWAY,,,,"$501 - $1,500",08/23/2025 10:49:00 PM,IMPROPER BACKING,UNABLE TO DETERMINE,2515,N,TRIPP AVE,2524,,,,,,,2,NO INDICATION OF INJURY,0,0,0,0,0,1,0,21,7,8,41.9267198846,-87.7328169765,POINT (-87.732816976461 41.926719884555)
adc8ea35a7afebbbc64cb31269243eff94228e912707916814ea0db962271520ab8b9a9e875b20eced3e24c5378df87ff693f640c86bad4ddab1e070afdfcd5c,Y,08/23/2025 09:00:00 PM,10,NO CONTROLS,NO CONTROLS,CLEAR,"DARKNESS, LIGHTED ROAD",REAR TO SIDE,PARKING LOT,,STRAIGHT AND LEVEL,DRY,NO DEFECTS,NOT ON SCENE (DESK REPORT),NO INJURY / DRIVE AWAY,,,,"OVER $1,500",08/25/2025 01:22:00 PM,IMPROPER BACKING,NOT APPLICABLE,5360,W,DIVISION ST,2532,,,,,,,2,NO INDICATION OF INJURY,0,0,0,0,0,2,0,21,7,8,41.9023047466,-87.7606582626,POINT (-87.760658262551 41.902304746611)
b2e1d56b2809aa9a4de0d3ae0d1da31d1f01ff30cf2e31ae0c84236a0382d105ec6e3a8b695d466118e68fdb426cbb4f790e2fd1800b62a0f39744d5d3a430ab,,08/23/2025 09:00:00 PM,30,TRAFFIC SIGNAL,FUNCTIONING PROPERLY,CLEAR,"DARKNESS, LIGHTED ROAD",REAR END,NOT DIVIDED,,STRAIGHT AND LEVEL,DRY,OTHER,NOT ON SCENE (DESK REPORT),INJURY AND / OR TOW DUE TO CRASH,,,,"OVER $1,500",08/23/2025 09:52:00 PM,FAILING TO YIELD RIGHT-OF-WAY,NOT APPLICABLE,5030,W,NORTH AVE,2533,,,,,,,3,NO INDICATION OF INJURY,0,0,0,0,0,8,0,21,7,8,41.909655591,-87.7522825703,POINT (-87.752282570308 41.90965559098)
60d6929a74d8a02e3d67e2df9b1c3c824de8a107ebbfffe6be8be938cb0efec2747235440608ec88631263ce3c7db72cf841fd1317b5a0ed442e650d5d6899ab,,08/23/2025 08:55:00 PM,30,STOP SIGN/FLASHER,FUNCTIONING PROPERLY,CLEAR,DUSK,TURNING,ONE-WAY,,STRAIGHT AND LEVEL,DRY,NO DEFECTS,NOT ON SCENE (DESK REPORT),NO INJURY / DRIVE AWAY,,,,"OVER $1,500",08/23/2025 10:15:00 PM,DRIVING ON WRONG SIDE/WRONG WAY,IMPROPER TURNING/NO SIGNAL,2400,W,MC LEAN AVE,1431,,,,,,,2,NO INDICATION OF INJURY,0,0,0,0,0,3,0,20,7,8,41.9186942941,-87.6875317982,POINT (-87.687531798222 41.918694294084)
a6452e9c85318ded721586340127335c68c1f67d4898440f59449c1bd3990644e7400d6448549fb7e1ec5c2c44d87954cea7bb71341a7378093ced440d95f4f5,,08/23/2025 08:55:00 PM,40,UNKNOWN,UNKNOWN,UNKNOWN,UNKNOWN,REAR END,NOT DIVIDED,,STRAIGHT AND LEVEL,UNKNOWN,UNKNOWN,NOT ON SCENE (DESK REPORT),NO INJURY / DRIVE AWAY,,,,"OVER $1,500",08/26/2025 11:51:00 AM,FOLLOWING TOO CLOSELY,UNABLE TO DETERMINE,500,S,LAKE SHORE DR NB,114,,,,,,,2,NO INDICATION OF INJURY,0,0,0,0,0,2,0,20,7,8,41.8757562552,-87.6175156798,POINT (-87.617515679751 41.875756255241)
78953334a027a722f77f3607771f363c11051f7b3ad92fa4fe2ba0607c90f5c40e8ba78797930d60623672c2204009d9a283461d95c2749f10e7e921de6d6ea9,,08/23/2025 08:53:00 PM,30,NO CONTROLS,NO CONTROLS,UNKNOWN,DUSK,PARKED MOTOR VEHICLE,ALLEY,,STRAIGHT AND LEVEL,DRY,NO DEFECTS,ON SCENE,NO INJURY / DRIVE AWAY,,,Y,"OVER $1,500",08/24/2025 12:40:00 PM,UNABLE TO DETERMINE,UNABLE TO DETERMINE,3755,N,SEMINARY AVE,1923,,,,,,,3,NO INDICATION OF INJURY,0,0,0,0,0,1,0,20,7,8,41.9505983269,-87.6566504896,POINT (-87.656650489633 41.950598326944)
15e6ce9b2412afc02aea93fc08326c45df9d15f1ad3ba755d506343b41ed58d6aacdd33ca9341bd432ac1538bb3c41dcb30e584d226ccc8a43ef4086c80bcfe1,,08/23/2025 08:52:00 PM,30,NO CONTROLS,NO CONTROLS,CLEAR,"DARKNESS, LIGHTED ROAD",SIDESWIPE SAME DIRECTION,NOT DIVIDED,,STRAIGHT AND LEVEL,DRY,UNKNOWN,ON SCENE,NO INJURY / DRIVE AWAY,,,,"OVER $1,500",08/23/2025 09:15:00 PM,UNABLE TO DETERMINE,UNABLE TO DETERMINE,4535,W,ADDISON ST,1731,,,,,,,2,NO INDICATION OF INJURY,0,0,0,0,0,3,0,20,7,8,41.9460877755,-87.7410704514,POINT (-87.741070451443 41.946087775518)
b30c22e569d4add0a175969f8aa677c685c9660e2323df57bb3ccd0973d471bc8725395f5207c3462764b363824b51bfb5d82cb2dd09aaae5e9d479b9ad61229,,08/23/2025 08:51:00 PM,30,STOP SIGN/FLASHER,FUNCTIONING PROPERLY,CLEAR,"DARKNESS, LIGHTED ROAD",PEDESTRIAN,NOT DIVIDED,,STRAIGHT AND LEVEL,DRY,NO DEFECTS,ON SCENE,INJURY AND / OR TOW DUE TO CRASH,Y,,,"OVER $1,500",08/23/2025 09:01:00 PM,FAILING TO YIELD RIGHT-OF-WAY,"VISION OBSCURED (SIGNS, TREE LIMBS, BUILDINGS, ETC.)",2053,W,FOSTER AVE,2032,,,,,,,2,NONINCAPACITATING INJURY,1,0,0,1,0,1,0,20,7,8,41.9758911686,-87.6814937788,POINT (-87.681493778821 41.975891168648)
731df297d350dd883931cb0a3bb33b12a509b35119728b0af086f0f1f01b97ab04032138a664e9cf2f8498f4590a232135976b66d52c90692eae0dc6564f1f27,,08/23/2025 08:45:00 PM,30,STOP SIGN/FLASHER,FUNCTIONING PROPERLY,CLEAR,"DARKNESS, LIGHTED ROAD",TURNING,DIVIDED - W/MEDIAN (NOT RAISED),,STRAIGHT AND LEVEL,DRY,NO DEFECTS,ON SCENE,NO INJURY / DRIVE AWAY,Y,,,"OVER $1,500",08/23/2025 08:47:00 PM,FAILING TO YIELD RIGHT-OF-WAY,IMPROPER TURNING/NO SIGNAL,4032,W,31ST ST,1031,,,,,,,2,NO INDICATION OF INJURY,0,0,0,0,0,3,0,20,7,8,41.836974767,-87.7256321147,POINT (-87.725632114701 41.836974766963)
39d9430b30b1d50a2b50ad47d87e6efcd36e731737edb6c3332a641e4ecf49a82379cd8b70e94483dbc34503b1aad9463b8bc94e9fe878375fb367372a0d8170,,08/23/2025 08:43:00 PM,30,NO CONTROLS,NO CONTROLS,CLEAR,"DARKNESS, LIGHTED ROAD",PARKED MOTOR VEHICLE,NOT DIVIDED,,STRAIGHT AND LEVEL,DRY,UNKNOWN,NOT ON SCENE (DESK REPORT),NO INJURY / DRIVE AWAY,,,,"OVER $1,500",08/23/2025 09:20:00 PM,IMPROPER LANE USAGE,NOT APPLICABLE,1340,W,TAYLOR ST,1231,,,,,,,2,NO INDICATION OF INJURY,0,0,0,0,0,2,0,20,7,8,41.8694610444,-87.660879168,POINT (-87.660879168039 41.869461044428)
52bddfae4eb14e53b0d20cb8485fdb0b012907718786beb3521845969ed2e13d05a318becfd3a20180834707aba72c5a24ce9d122e1b5c36cd2c5ea07f4d8d90,Y,08/23/2025 08:40:00 PM,30,STOP SIGN/FLASHER,FUNCTIONING PROPERLY,CLEAR,"DARKNESS, LIGHTED ROAD",ANGLE,NOT DIVIDED,,STRAIGHT AND LEVEL,DRY,NO DEFECTS,NOT ON SCENE (DESK REPORT),NO INJURY / DRIVE AWAY,Y,,,$500 OR LESS,08/23/2025 10:30:00 PM,UNABLE TO DETERMINE,UNABLE TO DETERMINE,2032,N,WESTERN AVE,1431,,,,,,,2,NO INDICATION OF INJURY,0,0,0,0,0,2,0,20,7,8,41.9185697663,-87.6875897908,POINT (-87.687589790786 41.918569766262)
2f7b482be98610a22fdfc43b0d692b080de485e0669c46e65c95e52fc6fed7b78574863bee2b9401a8786d9d4d0c013b57b9b0080da3a70281ca6cf6b3f4ae69,,08/23/2025 08:38:00 PM,5,UNKNOWN,UNKNOWN,UNKNOWN,DARKNESS,SIDESWIPE OPPOSITE DIRECTION,PARKING LOT,,STRAIGHT AND LEVEL,DRY,UNKNOWN,NOT ON SCENE (DESK REPORT),NO INJURY / DRIVE AWAY,,,,"OVER $1,500",08/24/2025 11:22:00 AM,UNABLE TO DETERMINE,UNABLE TO DETERMINE,31,N,HALSTED ST,1224,,Y,,,,,2,NO INDICATION OF INJURY,0,0,0,0,0,2,0,20,7,8,41.8827738046,-87.6472495959,POINT (-87.64724959585 41.882773804628)
8bc502c2eaaa442385782f49afd502da6e47771793c38375462daa6154be29d82de3a3adbc98f9902bc48867c4b5bf0b91b32c00ac5add5426c24920551581c4,,08/23/2025 08:35:00 PM,30,STOP SIGN/FLASHER,FUNCTIONING PROPERLY,CLEAR,"DARKNESS, LIGHTED ROAD",ANGLE,FOUR WAY,,STRAIGHT AND LEVEL,DRY,NO DEFECTS,NOT ON SCENE (DESK REPORT),NO INJURY / DRIVE AWAY,Y,,N,"OVER $1,500",08/23/2025 09:51:00 PM,FAILING TO YIELD RIGHT-OF-WAY,FAILING TO YIELD RIGHT-OF-WAY,4800,S,MICHIGAN AVE,224,,,,,,,2,NO INDICATION OF INJURY,0,0,0,0,0,2,0,20,7,8,41.8073730019,-87.6229305547,POINT (-87.622930554709 41.807373001937)
e746ce66415f8989fe75a93bf1848c6902fe605687d5a528eaa6aa447b39e4c1a5442ebab7976711b9c76a4e863e21a96ac72fe29612a9b6b8d9d8538328b1f6,,08/23/2025 08:31:00 PM,20,UNKNOWN,UNKNOWN,UNKNOWN,UNKNOWN,ANGLE,NOT DIVIDED,,STRAIGHT AND LEVEL,UNKNOWN,UNKNOWN,NOT ON SCENE (DESK REPORT),NO INJURY / DRIVE AWAY,N,,Y,"OVER $1,500",08/25/2025 03:10:00 PM,UNABLE TO DETERMINE,NOT APPLICABLE,1503,N,KEDVALE AVE,2534,,,,,,,3,NO INDICATION OF INJURY,0,0,0,0,0,2,0,20,7,8,41.9082311538,-87.7299992089,POINT (-87.72999920888 41.908231153838)
465aa523acd751a605fbdbace4697de6e00a629bb425eaecc8e0d2cd5a6d21449fbbe7fcd9b1643746294b2264dfc6df1de05fe7c7481e5ff0eb2c32288d87f9,,08/23/2025 08:30:00 PM,30,NO CONTROLS,NO CONTROLS,CLEAR,"DARKNESS, LIGHTED ROAD",REAR TO REAR,PARKING LOT,,STRAIGHT AND LEVEL,DRY,NO DEFECTS,NOT ON SCENE (DESK REPORT),NO INJURY / DRIVE AWAY,,,,"OVER $1,500",08/23/2025 09:39:00 PM,IMPROPER BACKING,FOLLOWING TOO CLOSELY,1,N,HALSTED ST,1224,,,,,,,2,NO INDICATION OF INJURY,0,0,0,0,0,2,0,20,7,8,41.8818156316,-87.647214717,POINT (-87.647214717041 41.881815631642)
903355845c2685a76dd453b3a094abf9893c9e494d4173977f4fdde8aedaad1656986517b5edef57518b5de97a3f67a53eb5f4dc3a266abbea753de87f97006b,,08/23/2025 08:30:00 PM,30,UNKNOWN,UNKNOWN,UNKNOWN,UNKNOWN,SIDESWIPE SAME DIRECTION,UNKNOWN,,STRAIGHT AND LEVEL,UNKNOWN,UNKNOWN,NOT ON SCENE (DESK REPORT),NO INJURY / DRIVE AWAY,,,,"OVER $1,500",08/26/2025 03:35:00 PM,UNABLE TO DETERMINE,NOT APPLICABLE,540,N,ORLEANS ST,1831,,,,,,,2,NO INDICATION OF INJURY,0,0,0,0,0,2,0,20,7,8,41.8919573853,-87.6371892646,POINT (-87.63718926459 41.891957385342)
b3e12d026a1764d4be251489faf4e49ba32a76d1cb7aa42244dd2e966a110f773bb02024c4240cea47ef1a54bab633c68c476e541ebaab6c4904168f8861efd2,,08/23/2025 08:30:00 PM,30,UNKNOWN,UNKNOWN,CLEAR,"DARKNESS, LIGHTED ROAD",PARKED MOTOR VEHICLE,NOT DIVIDED,,STRAIGHT AND LEVEL,UNKNOWN,UNKNOWN,NOT ON SCENE (DESK REPORT),NO INJURY / DRIVE AWAY,,,Y,"OVER $1,500",08/23/2025 10:49:00 PM,UNABLE TO DETERMINE,UNABLE TO DETERMINE,1658,E,86TH ST,412,,,,,,,2,NO INDICATION OF INJURY,0,0,0,0,0,1,0,20,7,8,41.738882139,-87.5829151044,POINT (-87.582915104408 41.738882139027)
4213e7f2e223e221bea7a6450d11f7f0d9658ae820db139f4017a5af641a468d0085e3dc765432c5a7902c2d5409ea121da8f1f02619191d0df64dc3357a6c98,,08/23/2025 08:28:00 PM,30,NO CONTROLS,NO CONTROLS,CLEAR,"DARKNESS, LIGHTED ROAD",TURNING,NOT DIVIDED,,STRAIGHT AND LEVEL,DRY,NO DEFECTS,,INJURY AND / OR TOW DUE TO CRASH,,,,"OVER $1,500",08/23/2025 08:29:00 PM,FAILING TO REDUCE SPEED TO AVOID CRASH,NOT APPLICABLE,11200,S,TORRENCE AVE,434,,,,,,,2,NONINCAPACITATING INJURY,2,0,0,2,0,1,0,20,7,8,41.6918450592,-87.5596109067,POINT (-87.55961090672 41.691845059245)
191c44e89d66a89be8f57c3868d9ea3fd0c328c893293d109ef975d0acf76f581a00048bacfb9d11ed59217748c46b724f7d17167433e7a90dc5f2362cf3df3e,,08/23/2025 08:25:00 PM,30,NO CONTROLS,NO CONTROLS,CLEAR,DUSK,SIDESWIPE SAME DIRECTION,NOT DIVIDED,,STRAIGHT AND LEVEL,DRY,NO DEFECTS,NOT ON SCENE (DESK REPORT),NO INJURY / DRIVE AWAY,,,,"$501 - $1,500",08/23/2025 09:40:00 PM,IMPROPER LANE USAGE,UNABLE TO DETERMINE,321,E,71ST ST,323,,,,,,,2,NO INDICATION OF INJURY,0,0,0,0,0,2,0,20,7,8,41.7655547085,-87.6175411214,POINT (-87.617541121428 41.765554708485)
a0bf40fccb35e02cdc8be3952ca4fca8c8f8269eec2404a65acfa54b715f70e6068e57f49296b069208bbaced004fcd54fd87e7f1c07032c0285cb913257251b,,08/23/2025 08:22:00 PM,30,NO CONTROLS,NO CONTROLS,CLEAR,DARKNESS,PARKED MOTOR VEHICLE,NOT DIVIDED,,STRAIGHT AND LEVEL,DRY,NO DEFECTS,ON SCENE,NO INJURY / DRIVE AWAY,,,,"OVER $1,500",08/23/2025 08:23:00 PM,DRIVING SKILLS/KNOWLEDGE/EXPERIENCE,UNABLE TO DETERMINE,5529,S,ASHLAND AVE,713,,,,,,,2,NO INDICATION OF INJURY,0,0,0,0,0,2,0,20,7,8,41.7927583565,-87.6644052715,POINT (-87.664405271537 41.792758356452)