CRASH_RECORD_ID,CRASH_DATE_EST_I,CRASH_DATE,POSTED_SPEED_LIMIT,TRAFFIC_CONTROL_DEVICE,DEVICE_CONDITION,WEATHER_CONDITION,LIGHTING_CONDITION,FIRST_CRASH_TYPE,TRAFFICWAY_TYPE,LANE_CNT,ALIGNMENT,ROADWAY_SURFACE_COND,ROAD_DEFECT,REPORT_TYPE,CRASH_TYPE,INTERSECTION_RELATED_I,NOT_RIGHT_OF_WAY_I,HIT_AND_RUN_I,DAMAGE,DATE_POLICE_NOTIFIED,PRIM_CONTRIBUTORY_CAUSE,SEC_CONTRIBUTORY_CAUSE,STREET_NO,STREET_DIRECTION,STREET_NAME,BEAT_OF_OCCURRENCE,PHOTOS_TAKEN_I,STATEMENTS_TAKEN_I,DOORING_I,WORK_ZONE_I,WORK_ZONE_TYPE,WORKERS_PRESENT_I,NUM_UNITS,MOST_SEVERE_INJURY,INJURIES_TOTAL,INJURIES_FATAL,INJURIES_INCAPACITATING,INJURIES_NON_INCAPACITATING,INJURIES_REPORTED_NOT_EVIDENT,INJURIES_NO_INDICATION,INJURIES_UNKNOWN,CRASH_HOUR,CRASH_DAY_OF_WEEK,CRASH_MONTH,LATITUDE,LONGITUDE,LOCATION
c6f1d92b8ab4e32c49285020b569233e0a198c4bdda10713e8a1c4638688df3487c41de29366f86828348eaed2a0adeadc2c1d477db9d88ffac201eb0089f641,,08/23/2025 08:17:00 PM,10,STOP SIGN/FLASHER,NO CONTROLS,CLEAR,"DARKNESS, LIGHTED ROAD",PARKED MOTOR VEHICLE,PARKING LOT,,STRAIGHT AND LEVEL,DRY,NO DEFECTS,NOT ON SCENE (DESK REPORT),NO INJURY / DRIVE AWAY,,Y,,"OVER $1,500",08/24/2025 01:30:00 PM,IMPROPER BACKING,UNABLE TO DETERMINE,146,W,103RD ST,511,,,,,,,2,NO INDICATION OF INJURY,0,0,0,0,0,1,0,20,7,8,41.707218139,-87.6277515583,POINT (-87.627751558279 41.707218139001)
9d099d8ff271226c16e38dbbfbfa683001623fc839f0f9147311ea6f6636fc61cc39b3ffaf2f417d3910c32d08098a085717f9aee534ebac0a9cbf81680fa3f1,,08/23/2025 08:11:00 PM,20,STOP SIGN/FLASHER,FUNCTIONING PROPERLY,CLEAR,DARKNESS,ANGLE,FOUR WAY,,STRAIGHT AND LEVEL,DRY,NO DEFECTS,ON SCENE,NO INJURY / DRIVE AWAY,Y,,,"OVER $1,500",08/23/2025 08:11:00 PM,DRIVING SKILLS/KNOWLEDGE/EXPERIENCE,NOT APPLICABLE,9400,S,THROOP ST,2222,,,,,,,2,NO INDICATION OF INJURY,0,0,0,0,0,3,0,20,7,8,41.7230380203,-87.6555685641,POINT (-87.655568564095 41.723038020266)
201bacda95963100426dafcc40d4793acf17ebc32eacbb430ce99da6c69ea85151b489bfab79fb69a210e60b88982673222297f41ed0e0e8ac659f8bbf2b4883,,08/23/2025 08:10:00 PM,30,TRAFFIC SIGNAL,FUNCTIONING PROPERLY,CLEAR,"DARKNESS, LIGHTED ROAD",SIDESWIPE SAME DIRECTION,ONE-WAY,,STRAIGHT AND LEVEL,DRY,NO DEFECTS,NOT ON SCENE (DESK REPORT),NO INJURY / DRIVE AWAY,,,,"$501 - $1,500",08/23/2025 10:00:00 PM,IMPROPER LANE USAGE,IMPROPER LANE USAGE,400,E,GRAND AVE,1834,,,,,,,2,NO INDICATION OF INJURY,0,0,0,0,0,2,0,20,7,8,41.8919581856,-87.6175712955,POINT (-87.617571295543 41.891958185562)
b239088f1b590660981dd30e6413f873b3b8202867d26da0e4702e8b338472a81416192314c140837046b82c322fd87901e6cde94daad2b41c06520a649c3bc2,,08/23/2025 08:10:00 PM,30,NO CONTROLS,NO CONTROLS,CLEAR,DAYLIGHT,REAR END,FOUR WAY,,STRAIGHT AND LEVEL,DRY,NO DEFECTS,NOT ON SCENE (DESK REPORT),NO INJURY / DRIVE AWAY,,,Y,"OVER $1,500",08/24/2025 09:00:00 AM,UNABLE TO DETERMINE,NOT APPLICABLE,322,S,KEDZIE AVE,1134,,,,,,,2,NO INDICATION OF INJURY,0,0,0,0,0,2,0,20,7,8,41.8766533952,-87.7061440875,POINT (-87.706144087463 41.87665339518)
52cdadc06bf1c737d3c911046d699e89d572cdc3925cde4421f43a10f008287a8bbc244685e88b69f089357f8e1cb8d03fa7ad9420c5fdf6832dafb496275ebe,,08/23/2025 08:07:00 PM,30,NO CONTROLS,NO CONTROLS,CLEAR,DARKNESS,PARKED MOTOR VEHICLE,DIVIDED - W/MEDIAN (NOT RAISED),,STRAIGHT AND LEVEL,DRY,UNKNOWN,ON SCENE,INJURY AND / OR TOW DUE TO CRASH,,,,"OVER $1,500",08/23/2025 08:10:00 PM,UNABLE TO DETERMINE,UNABLE TO DETERMINE,2538,W,MONTROSE AVE,1911,,,,,,,3,NO INDICATION OF INJURY,0,0,0,0,0,1,0,20,7,8,41.9613964221,-87.692707174,POINT (-87.692707174011 41.961396422061)
e377d29a3056f42715f622ff485fa3b9d1612faaadf63db1b17bf33a0fbe86204f0aaf22ca403bf34c1c1afd882bf78bc6e39d49856e44a555d42202d9e2d3e7,,08/23/2025 08:07:00 PM,30,NO CONTROLS,NO CONTROLS,CLEAR,"DARKNESS, LIGHTED ROAD",PARKED MOTOR VEHICLE,NOT DIVIDED,,STRAIGHT AND LEVEL,DRY,NO DEFECTS,NOT ON SCENE (DESK REPORT),NO INJURY / DRIVE AWAY,,,,"OVER $1,500",08/23/2025 09:30:00 PM,IMPROPER BACKING,IMPROPER BACKING,4652,S,FEDERAL ST,215,,,,,,,2,NO INDICATION OF INJURY,0,0,0,0,0,3,0,20,7,8,41.8097389985,-87.6283480497,POINT (-87.628348049724 41.809738998548)
990b3648943d8ccdbda56ebc931863dee006e44e01e9932bcd202a347a0bc503ed7943d458948d798366b01d13f982f7e4bc406fc4d296dc42da11d1d9bf9c60,,08/23/2025 08:00:00 PM,20,STOP SIGN/FLASHER,FUNCTIONING PROPERLY,CLEAR,"DARKNESS, LIGHTED ROAD",ANGLE,FOUR WAY,,STRAIGHT AND LEVEL,UNKNOWN,UNKNOWN,NOT ON SCENE (DESK REPORT),NO INJURY / DRIVE AWAY,Y,,,"OVER $1,500",08/23/2025 11:00:00 PM,DISREGARDING STOP SIGN,NOT APPLICABLE,2000,N,DAMEN AVE,1432,,,,,,,2,NO INDICATION OF INJURY,0,0,0,0,0,3,0,20,7,8,41.917793041,-87.6777697677,POINT (-87.677769767737 41.917793041023)
d3d96a28199dba20bc61af0021ef706d0074095217eac82f7bc50fc34cb182c6b25010d9447369da3833fd84dd39d398385730a36ae5aaca47d218f8852f8bb1,,08/23/2025 08:00:00 PM,30,TRAFFIC SIGNAL,FUNCTIONING PROPERLY,CLEAR,"DARKNESS, LIGHTED ROAD",TURNING,FOUR WAY,,STRAIGHT AND LEVEL,DRY,UNKNOWN,ON SCENE,INJURY AND / OR TOW DUE TO CRASH,Y,,N,$500 OR LESS,08/23/2025 09:21:00 PM,UNABLE TO DETERMINE,UNABLE TO DETERMINE,500,N,COLUMBUS DR,1834,,,,,,,2,"REPORTED, NOT EVIDENT",1,0,0,0,1,1,0,20,7,8,41.8910445691,-87.6203718391,POINT (-87.620371839074 41.891044569124)
675b36f9fb93786495c7ecc20bb833090442ab1aaf6d2d884f9f891642d52f59a2b1f0d4143f1fd9f6b6c34e4f153e819071549611edc72fafa3dd198c45c714,,08/23/2025 07:58:00 PM,30,NO CONTROLS,NO CONTROLS,UNKNOWN,UNKNOWN,PARKED MOTOR VEHICLE,NOT DIVIDED,,STRAIGHT AND LEVEL,DRY,NO DEFECTS,NOT ON SCENE (DESK REPORT),NO INJURY / DRIVE AWAY,,,Y,"OVER $1,500",08/23/2025 07:59:00 PM,UNABLE TO DETERMINE,UNABLE TO DETERMINE,3415,W,SUNNYSIDE AVE,1723,Y,Y,,,,,2,NO INDICATION OF INJURY,0,0,0,0,0,1,0,19,7,8,41.9628383418,-87.7138473736,POINT (-87.71384737365 41.962838341849)
45e5c4eae30c062a9c1c7947449568d7adc5164ee476d01dfd95037c2f0674736d304b5798aeee141e0cb4718b7fe7edd8210635e4be9017acd09b9e23f63014,,08/23/2025 07:53:00 PM,30,NO CONTROLS,NO CONTROLS,CLEAR,DARKNESS,SIDESWIPE SAME DIRECTION,NOT DIVIDED,,STRAIGHT AND LEVEL,DRY,UNKNOWN,NOT ON SCENE (DESK REPORT),NO INJURY / DRIVE AWAY,,,,"OVER $1,500",08/24/2025 09:00:00 AM,UNABLE TO DETERMINE,UNABLE TO DETERMINE,509,N,COLUMBUS DR,1834,,,,,,,2,NO INDICATION OF INJURY,0,0,0,0,0,3,0,19,7,8,41.8913329291,-87.6200798778,POINT (-87.620079877845 41.891332929058)
784714b4a0fb59100386761a69d16030bf671b66579d090b8cf316945659cf66f0fa9e3deed40802a501d307d8781cbc6b01ce03bff27962dc66fec4577894ed,,08/23/2025 07:45:00 PM,30,STOP SIGN/FLASHER,NO CONTROLS,CLEAR,DAYLIGHT,REAR END,DIVIDED - W/MEDIAN (NOT RAISED),,STRAIGHT AND LEVEL,DRY,NO DEFECTS,NOT ON SCENE (DESK REPORT),NO INJURY / DRIVE AWAY,Y,,,"OVER $1,500",08/23/2025 09:00:00 PM,FOLLOWING TOO CLOSELY,FAILING TO REDUCE SPEED TO AVOID CRASH,4034,N,CALIFORNIA AVE,1724,,,,,,,2,NO INDICATION OF INJURY,0,0,0,0,0,4,0,19,7,8,41.9550178617,-87.6984188515,POINT (-87.698418851543 41.955017861702)
cdc5f1155543882c6d9df220d34239036226b7451ff164e28799dc912e3886ac568773d9d614ad371b5d1b61ae52b022727dc9523a9b1ca8c59459d56291194f,,08/23/2025 07:44:00 PM,30,STOP SIGN/FLASHER,NO CONTROLS,CLEAR,DUSK,ANGLE,NOT DIVIDED,,STRAIGHT AND LEVEL,DRY,NO DEFECTS,ON SCENE,NO INJURY / DRIVE AWAY,Y,,,"OVER $1,500",08/23/2025 08:05:00 PM,DRIVING SKILLS/KNOWLEDGE/EXPERIENCE,DRIVING SKILLS/KNOWLEDGE/EXPERIENCE,1998,E,87TH ST,412,,Y,,,,,2,NO INDICATION OF INJURY,0,0,0,0,0,3,0,19,7,8,41.7371648738,-87.5757815489,POINT (-87.57578154891 41.737164873758)
1b0089ee77216ebc8e091728b1f9495b8cc183d97bcc529dbe68dc680df0513740b83056969a844eee222a87b9a968231694dc8a0569b122dd3bc9b74a952f8d,,08/23/2025 07:40:00 PM,25,NO CONTROLS,NO CONTROLS,CLEAR,DUSK,PARKED MOTOR VEHICLE,NOT DIVIDED,,STRAIGHT AND LEVEL,DRY,NO DEFECTS,ON SCENE,INJURY AND / OR TOW DUE TO CRASH,,,Y,"OVER $1,500",08/23/2025 08:11:00 PM,FAILING TO REDUCE SPEED TO AVOID CRASH,FAILING TO REDUCE SPEED TO AVOID CRASH,5836,S,UNION AVE,711,,,,,,,3,NO INDICATION OF INJURY,0,0,0,0,0,4,0,19,7,8,41.7877271943,-87.64269725,POINT (-87.642697250048 41.787727194271)
9dd7e849d19e78655d95c9f72d26b0e426fbd8cf0d5f7f5ad2aa87ca60e7a3517eb774fafa0e69b6e4662f84436e95fdaded9e8d72196e01001d839eefd598ec,Y,08/23/2025 07:40:00 PM,25,NO CONTROLS,NO CONTROLS,CLEAR,"DARKNESS, LIGHTED ROAD",PARKED MOTOR VEHICLE,ONE-WAY,,STRAIGHT AND LEVEL,DRY,UNKNOWN,NOT ON SCENE (DESK REPORT),INJURY AND / OR TOW DUE TO CRASH,,,Y,"OVER $1,500",08/23/2025 09:26:00 PM,UNABLE TO DETERMINE,NOT APPLICABLE,2721,S,HOMAN AVE,1032,Y,,,,,,2,NO INDICATION OF INJURY,0,0,0,0,0,1,0,19,7,8,41.8419676746,-87.7096971064,POINT (-87.709697106386 41.841967674591)
fc98b007bd746b1e5619af89b67a8f7a2fa240d77cf3013243043b37ad6645675dacf4011bfd8debd358aa82d5df6078604e0d9fa9d2832e3c12a883357cf107,,08/23/2025 07:38:00 PM,25,NO CONTROLS,NO CONTROLS,CLEAR,DAYLIGHT,PARKED MOTOR VEHICLE,ONE-WAY,,STRAIGHT AND LEVEL,DRY,WORN SURFACE,ON SCENE,INJURY AND / OR TOW DUE TO CRASH,,,Y,"OVER $1,500",08/23/2025 07:41:00 PM,FAILING TO REDUCE SPEED TO AVOID CRASH,FAILING TO REDUCE SPEED TO AVOID CRASH,2607,W,CARMEN AVE,2031,,,,,,,5,NO INDICATION OF INJURY,0,0,0,0,0,2,0,19,7,8,41.9739048822,-87.6944705288,POINT (-87.694470528754 41.973904882189)
5206057a7bfd6ec81b862e2ee49851cf2603c53b826b05f0eb442acf280b3218a35e49d8fa3f11b832ff0fbeb40b3ebd3cba5781e252abf65c14ad38a32b6cb7,,08/23/2025 07:37:00 PM,30,NO CONTROLS,NO CONTROLS,CLEAR,DUSK,PARKED MOTOR VEHICLE,NOT DIVIDED,,STRAIGHT AND LEVEL,DRY,UNKNOWN,ON SCENE,INJURY AND / OR TOW DUE TO CRASH,,,,"OVER $1,500",08/23/2025 07:38:00 PM,DRIVING SKILLS/KNOWLEDGE/EXPERIENCE,NOT APPLICABLE,4706,S,EVANS AVE,223,,,,,,,2,"REPORTED, NOT EVIDENT",1,0,0,0,1,1,0,19,7,8,41.8092523584,-87.6079426189,POINT (-87.607942618937 41.809252358444)
42fd639ed23d86c34d520e5cce17218cb0806d7799865c32566c32b807b2c8d239408bb23d0dc5c64355d10aa6f8e41dcd97ad5823fc0b17526903c690309968,,08/23/2025 07:30:00 PM,30,TRAFFIC SIGNAL,FUNCTIONING PROPERLY,CLEAR,"DARKNESS, LIGHTED ROAD",ANGLE,FOUR WAY,,STRAIGHT AND LEVEL,DRY,UNKNOWN,NOT ON SCENE (DESK REPORT),NO INJURY / DRIVE AWAY,Y,,Y,"OVER $1,500",08/23/2025 09:05:00 PM,UNABLE TO DETERMINE,UNABLE TO DETERMINE,4400,N,SHERIDAN RD,1914,,,,,,,2,NO INDICATION OF INJURY,0,0,0,0,0,4,0,19,7,8,41.9618230715,-87.6548960832,POINT (-87.654896083223 41.961823071539)
50c9e3b33e8cdc29d2f4f8353310a6d179d6d360651dfd10f54e9ee07ddca6fa568aa6f5240f407e38995422dffd3b6adfa20d76690e75bf335b1a61fc61589f,N,08/23/2025 07:30:00 PM,30,TRAFFIC SIGNAL,FUNCTIONING IMPROPERLY,CLEAR,DUSK,SIDESWIPE SAME DIRECTION,NOT DIVIDED,,STRAIGHT AND LEVEL,DRY,NO DEFECTS,ON SCENE,INJURY AND / OR TOW DUE TO CRASH,,,,"OVER $1,500",08/23/2025 07:33:00 PM,UNABLE TO DETERMINE,UNABLE TO DETERMINE,4752,W,ROOSEVELT RD,1131,,,,,,,2,NO INDICATION OF INJURY,0,0,0,0,0,2,0,19,7,8,41.8660103852,-87.7444058214,POINT (-87.744405821389 41.86601038522)
ab5bdb15a69f654b3dd622c198b6a765d07cdf500aec6d1a232b89895981a8fb7ac3a90a3431b85ac00379ea5f6470ebb7127889e965d203cef46e3489d1d74f,,08/23/2025 07:30:00 PM,30,TRAFFIC SIGNAL,FUNCTIONING PROPERLY,CLEAR,"DARKNESS, LIGHTED ROAD",SIDESWIPE SAME DIRECTION,NOT DIVIDED,,STRAIGHT AND LEVEL,DRY,UNKNOWN,ON SCENE,NO INJURY / DRIVE AWAY,Y,,,"$501 - $1,500",08/23/2025 07:48:00 PM,UNABLE TO DETERMINE,UNABLE TO DETERMINE,758,W,MADISON ST,1224,,,,,,,2,NO INDICATION OF INJURY,0,0,0,0,0,2,0,19,7,8,41.8818883397,-87.6473210939,POINT (-87.647321093859 41.881888339729)
b27d8266e3873753fd0711fca2175ca34f121cd3c1cb94175d805be74338087ba98b508f8e8a5176ecbf3fd7797ab0ed16f19d3f3d6de8b674a431a1064e5fc1,,08/23/2025 07:30:00 PM,30,NO CONTROLS,NO CONTROLS,CLEAR,DAYLIGHT,SIDESWIPE SAME DIRECTION,DIVIDED - W/MEDIAN (NOT RAISED),,STRAIGHT AND LEVEL,DRY,NO DEFECTS,NOT ON SCENE (DESK REPORT),NO INJURY / DRIVE AWAY,,,,$500 OR LESS,08/23/2025 07:55:00 PM,UNABLE TO DETERMINE,NOT APPLICABLE,1100,S,THROOP ST,1231,,,,,,,2,NO INDICATION OF INJURY,0,0,0,0,0,3,0,19,7,8,41.8685476604,-87.6593177785,POINT (-87.65931777851 41.868547660386)
ba42080e63efb8de5c32221cabbab285f609cb3dbc6f802c65aaa87b60a1bf81f25892270936ff97ee534b9cbcff206311b2c9fa5f5d2be31fbc8d337295e024,,08/23/2025 07:30:00 PM,35,UNKNOWN,UNKNOWN,CLEAR,DAYLIGHT,REAR END,FOUR WAY,,STRAIGHT AND LEVEL,DRY,UNKNOWN,ON SCENE,NO INJURY / DRIVE AWAY,,,,"OVER $1,500",08/23/2025 07:45:00 PM,FOLLOWING TOO CLOSELY,NOT APPLICABLE,1550,W,PERSHING RD,912,,,,,,,2,NO INDICATION OF INJURY,0,0,0,0,0,2,0,19,7,8,41.8232664009,-87.6649288768,POINT (-87.664928876765 41.82326640085)
f9cefc22268f0bec40a51f2e0bee4ea5abb9184bc2b8af90920ca45447714df1ef21933538dedf9ebc2f08e081612713b26590da605d3ee38b5c58bba6de0ea6,,08/23/2025 07:30:00 PM,30,TRAFFIC SIGNAL,UNKNOWN,CLEAR,DAWN,TURNING,T-INTERSECTION,,STRAIGHT AND LEVEL,DRY,UNKNOWN,ON SCENE,INJURY AND / OR TOW DUE TO CRASH,Y,,,"OVER $1,500",08/23/2025 07:36:00 PM,TURNING RIGHT ON RED,NOT APPLICABLE,1,N,CENTRAL AVE,1522,,,,,,,2,NONINCAPACITATING INJURY,3,0,0,3,0,0,0,19,7,8,41.8803465785,-87.7647175778,POINT (-87.764717577803 41.880346578511)
81f104a93188b8a106d86130fcf0014f3e27efbd4b6957819338a72ad46574a2ea0cb0ec2261ecc4cb61fcb4c57a409083cf1fbb45158f139d1d838aee4236d0,,08/23/2025 07:24:00 PM,30,NO CONTROLS,NO CONTROLS,CLEAR,DAYLIGHT,PARKED MOTOR VEHICLE,ONE-WAY,,STRAIGHT AND LEVEL,DRY,NO DEFECTS,NOT ON SCENE (DESK REPORT),NO INJURY / DRIVE AWAY,,,Y,"OVER $1,500",08/23/2025 09:15:00 PM,UNABLE TO DETERMINE,NOT APPLICABLE,8244,S,ADA ST,613,Y,,,,,,2,NO INDICATION OF INJURY,0,0,0,0,0,1,0,19,7,8,41.7436450061,-87.6573440875,POINT (-87.657344087482 41.743645006148)
990d723040a6050d34a792ad497a35bf3567fe3778d70112ddf2f723a5785a9acf7061d8cc540727d871303ccb1b2c527cbfc0c8e2a3d69b225399fb8a8a6e27,,08/23/2025 07:20:00 PM,30,NO CONTROLS,NO CONTROLS,CLEAR,DAYLIGHT,PARKED MOTOR VEHICLE,PARKING LOT,,STRAIGHT AND LEVEL,DRY,UNKNOWN,ON SCENE,NO INJURY / DRIVE AWAY,,,Y,"$501 - $1,500",08/23/2025 07:35:00 PM,UNABLE TO DETERMINE,NOT APPLICABLE,1218,E,53RD ST,234,,,,,,,2,NO INDICATION OF INJURY,0,0,0,0,0,1,0,19,7,8,41.7995738924,-87.5958353225,POINT (-87.595835322531 41.799573892426)
ac5f27c55e07f90fe45e8f3cd91e3b4f2c205f0ffa63fd70587be8024dc915183c7c4707db704a6faf7226fc3a84858145799ccf11c9a6aa0343b8d9fb70a3ee,,08/23/2025 07:20:00 PM,30,NO CONTROLS,NO CONTROLS,CLEAR,"DARKNESS, LIGHTED ROAD",TURNING,DIVIDED - W/MEDIAN (NOT RAISED),,STRAIGHT AND LEVEL,UNKNOWN,UNKNOWN,NOT ON SCENE (DESK REPORT),NO INJURY / DRIVE AWAY,,,,"OVER $1,500",08/23/2025 08:50:00 PM,IMPROPER TURNING/NO SIGNAL,FAILING TO REDUCE SPEED TO AVOID CRASH,750,N,WELLS ST,1831,,,,,,,2,NO INDICATION OF INJURY,0,0,0,0,0,2,0,19,7,8,41.8963357343,-87.6343406345,POINT (-87.634340634473 41.896335734312)
005ff94d82235d7d626ee8b99048542854cf2d04e2ffba96b412b315ca465c0ad5e27dc91e7e0799052a3403022455a194c47a8e74ee6a6f358848d2b16d72a6,,08/23/2025 07:16:00 PM,30,NO CONTROLS,NO CONTROLS,CLEAR,DAWN,SIDESWIPE SAME DIRECTION,NOT DIVIDED,,STRAIGHT AND LEVEL,DRY,NO DEFECTS,ON SCENE,NO INJURY / DRIVE AWAY,,,,"OVER $1,500",08/23/2025 07:16:00 PM,IMPROPER LANE USAGE,FAILING TO REDUCE SPEED TO AVOID CRASH,5142,N,CLARK ST,2032,,,,,,,2,NO INDICATION OF INJURY,0,0,0,0,0,2,0,19,7,8,41.9756299338,-87.6685044419,POINT (-87.668504441913 41.975629933846)
41ff473daeee2c7e40ebcf952b0c17288656903198a280e34e70f0428d77f8999d1dc851e4b5b87947c48856834476faf17a3ee66d17a58cb4b713536340bb95,,08/23/2025 07:15:00 PM,30,UNKNOWN,UNKNOWN,UNKNOWN,UNKNOWN,PEDALCYCLIST,DIVIDED - W/MEDIAN (NOT RAISED),,STRAIGHT AND LEVEL,UNKNOWN,UNKNOWN,NOT ON SCENE (DESK REPORT),INJURY AND / OR TOW DUE TO CRASH,,,,"OVER $1,500",08/23/2025 08:00:00 PM,DRIVING SKILLS/KNOWLEDGE/EXPERIENCE,UNABLE TO DETERMINE,2244,W,DEVON AVE,2412,,,Y,,,,2,NONINCAPACITATING INJURY,1,0,0,1,0,1,0,19,7,8,41.9978944739,-87.686731711,POINT (-87.686731710971 41.997894473877)
e996c073d6e2536d8ff2321aba48d4898148280a2b15abe58d5de802804d60b55db3ce695b4cd6f84f4b77f3046b1c7a841df336b73d19a7f0e520939ad4d961,,08/23/2025 07:10:00 PM,30,NO CONTROLS,NO CONTROLS,CLEAR,DAYLIGHT,REAR END,ONE-WAY,,STRAIGHT AND LEVEL,DRY,NO DEFECTS,NOT ON SCENE (DESK REPORT),NO INJURY / DRIVE AWAY,,,,"$501 - $1,500",08/23/2025 07:11:00 PM,FOLLOWING TOO CLOSELY,NOT APPLICABLE,5800,S,KOLMAR AVE,813,,,,,,,2,NO INDICATION OF INJURY,0,0,0,0,0,2,0,19,7,8,41.7875258453,-87.7366144054,POINT (-87.736614405447 41.787525845254)
39a18745a65abdc4ac375a950e6a54237d357c34f3f652ffd14907bc8b34c0e57f75a09a3107d9ae96d64daa07f0d343c99b606c487d8d856a96e40688f3e208,,08/23/2025 07:00:00 PM,30,UNKNOWN,UNKNOWN,UNKNOWN,UNKNOWN,TURNING,NOT DIVIDED,,STRAIGHT AND LEVEL,UNKNOWN,UNKNOWN,NOT ON SCENE (DESK REPORT),NO INJURY / DRIVE AWAY,,,,$500 OR LESS,08/23/2025 08:32:00 PM,UNABLE TO DETERMINE,UNABLE TO DETERMINE,5747,N,SHERIDAN RD,2022,,,,,,,2,NO INDICATION OF INJURY,0,0,0,0,0,2,0,19,7,8,41.9869326715,-87.655141216,POINT (-87.655141216007 41.986932671546)
618963739bdc849256fac826e0e7262a00b1261e23cfcb0c3922d488b3d50338707c28433de1638147b720ea14967ef77c4d5b2619f34babbc11d94be3723c35,,08/23/2025 07:00:00 PM,30,UNKNOWN,UNKNOWN,CLEAR,UNKNOWN,ANGLE,UNKNOWN,,STRAIGHT AND LEVEL,DRY,UNKNOWN,NOT ON SCENE (DESK REPORT),NO INJURY / DRIVE AWAY,,,,"$501 - $1,500",08/23/2025 07:00:00 PM,UNABLE TO DETERMINE,UNABLE TO DETERMINE,3455,W,ROOSEVELT RD,1021,,,,,,,2,NO INDICATION OF INJURY,0,0,0,0,0,2,0,19,7,8,41.8662140198,-87.712705955,POINT (-87.712705954985 41.86621401979)
6b3f2dcb20f03e598da64825ab0368c9486385b8dc041a6f614ecdd4d8eacdb701c01a7afad251e076b262e2ba910aa87fe7c4fac84ff49f6cdcacba9a2f6176,,08/23/2025 07:00:00 PM,30,TRAFFIC SIGNAL,FUNCTIONING PROPERLY,CLEAR,DAYLIGHT,SIDESWIPE SAME DIRECTION,NOT DIVIDED,,STRAIGHT AND LEVEL,DRY,NO DEFECTS,NOT ON SCENE (DESK REPORT),NO INJURY / DRIVE AWAY,,,,"OVER $1,500",08/24/2025 02:40:00 PM,UNABLE TO DETERMINE,UNABLE TO DETERMINE,1550,W,95TH ST,2221,,,,,,,2,NO INDICATION OF INJURY,0,0,0,0,0,3,0,19,7,8,41.7213294583,-87.6623507797,POINT (-87.662350779709 41.721329458299)
ec41f8967565d5c63cb242cb694bdf4a0fd678dd334269583fcaf71fa332d6601f6d34a4c7f480430f95ff717751ee5a5a7554194556a37ef2a9c23bc0030cfd,,08/23/2025 07:00:00 PM,30,STOP SIGN/FLASHER,FUNCTIONING PROPERLY,CLEAR,DAYLIGHT,PEDESTRIAN,NOT DIVIDED,,STRAIGHT AND LEVEL,DRY,NO DEFECTS,NOT ON SCENE (DESK REPORT),INJURY AND / OR TOW DUE TO CRASH,Y,,,"OVER $1,500",08/23/2025 07:00:00 PM,UNABLE TO DETERMINE,UNABLE TO DETERMINE,6,N,HAMLIN BLVD,1122,,,,,,,2,NONINCAPACITATING INJURY,1,0,0,1,0,2,0,19,7,8,41.8809676236,-87.7209069325,POINT (-87.720906932532 41.880967623606)
dd8c4d09b0766a71083d5633b65fe053a2cffdb530ed1e4865ca9f2b149159e377e7f011d3a6ed92189d65333fb6cdc5e0ae9e3c6bb3c2ac5c498cc322c2fab4,,08/23/2025 06:56:00 PM,25,UNKNOWN,UNKNOWN,CLEAR,DAYLIGHT,SIDESWIPE OPPOSITE DIRECTION,NOT DIVIDED,,STRAIGHT AND LEVEL,DRY,UNKNOWN,ON SCENE,NO INJURY / DRIVE AWAY,,,Y,$500 OR LESS,08/23/2025 07:02:00 PM,UNABLE TO DETERMINE,NOT APPLICABLE,610,W,SCHUBERT AVE,1935,,Y,,,,,2,NO INDICATION OF INJURY,0,0,0,0,0,3,0,18,7,8,41.9318419233,-87.6450693615,POINT (-87.64506936146 41.93184192331)
8a299f7654087f42d37b8e156e486f640f3e671103e6a945b5d6a66647ee84d7a685a0eb99714265568cd2bfe1c3a59a13425807c2ae1e21c2be241ee3088e74,,08/23/2025 06:54:00 PM,30,UNKNOWN,UNKNOWN,CLEAR,DAYLIGHT,REAR END,NOT DIVIDED,,STRAIGHT AND LEVEL,DRY,NO DEFECTS,ON SCENE,NO INJURY / DRIVE AWAY,,,,"OVER $1,500",08/23/2025 07:00:00 PM,FOLLOWING TOO CLOSELY,FAILING TO REDUCE SPEED TO AVOID CRASH,1501,E,83RD ST,412,,,,,,,2,NO INDICATION OF INJURY,0,0,0,0,0,2,0,18,7,8,41.7440597048,-87.5879629939,POINT (-87.587962993944 41.744059704775)
cadb9c1ec2000753f6f23e18813060f34ef4c96758154c359ac77d61f10b86bf9446de031ca90ad6a581ae701bca760b16e96312ddc610480b02ec8bc285e1ea,,08/23/2025 06:50:00 PM,30,NO CONTROLS,NO CONTROLS,CLEAR,DAYLIGHT,HEAD ON,DIVIDED - W/MEDIAN (NOT RAISED),,STRAIGHT AND LEVEL,DRY,NO DEFECTS,ON SCENE,INJURY AND / OR TOW DUE TO CRASH,N,,,"$501 - $1,500",08/23/2025 06:50:00 PM,DRIVING ON WRONG SIDE/WRONG WAY,NOT APPLICABLE,1149,S,RICHMOND ST,1135,,,,,,,2,NO INDICATION OF INJURY,0,0,0,0,0,2,0,18,7,8,41.8667971089,-87.6994321646,POINT (-87.699432164599 41.866797108892)
6b531b088eded685c3a5156ed7f37b09f9a5344acab97162fcdc18253e8242afd660150af45710f495264dd172c2469f70af3790a56b2096a1b37c5863b77f8c,,08/23/2025 06:42:00 PM,30,TRAFFIC SIGNAL,FUNCTIONING PROPERLY,CLEAR,DAYLIGHT,TURNING,FOUR WAY,,STRAIGHT AND LEVEL,DRY,NO DEFECTS,ON SCENE,INJURY AND / OR TOW DUE TO CRASH,,,Y,"OVER $1,500",08/23/2025 06:42:00 PM,UNABLE TO DETERMINE,UNABLE TO DETERMINE,997,W,MONTROSE AVE,1915,,,,,,,2,"REPORTED, NOT EVIDENT",1,0,0,0,1,2,0,18,7,8,41.9616712617,-87.6546237757,POINT (-87.654623775718 41.961671261682)