CRASH_RECORD_ID,CRASH_DATE_EST_I,CRASH_DATE,POSTED_SPEED_LIMIT,TRAFFIC_CONTROL_DEVICE,DEVICE_CONDITION,WEATHER_CONDITION,LIGHTING_CONDITION,FIRST_CRASH_TYPE,TRAFFICWAY_TYPE,LANE_CNT,ALIGNMENT,ROADWAY_SURFACE_COND,ROAD_DEFECT,REPORT_TYPE,CRASH_TYPE,INTERSECTION_RELATED_I,NOT_RIGHT_OF_WAY_I,HIT_AND_RUN_I,DAMAGE,DATE_POLICE_NOTIFIED,PRIM_CONTRIBUTORY_CAUSE,SEC_CONTRIBUTORY_CAUSE,STREET_NO,STREET_DIRECTION,STREET_NAME,BEAT_OF_OCCURRENCE,PHOTOS_TAKEN_I,STATEMENTS_TAKEN_I,DOORING_I,WORK_ZONE_I,WORK_ZONE_TYPE,WORKERS_PRESENT_I,NUM_UNITS,MOST_SEVERE_INJURY,INJURIES_TOTAL,INJURIES_FATAL,INJURIES_INCAPACITATING,INJURIES_NON_INCAPACITATING,INJURIES_REPORTED_NOT_EVIDENT,INJURIES_NO_INDICATION,INJURIES_UNKNOWN,CRASH_HOUR,CRASH_DAY_OF_WEEK,CRASH_MONTH,LATITUDE,LONGITUDE,LOCATION
623842f154d86c9f651e544fafaf4c3ce69b74e79c445fd15ac70af4312fab5280407e8fa2f9421c32e0c8048bdd66d88191c086fdd23707a224da6d4ba411a8,,08/23/2025 06:41:00 PM,30,NO CONTROLS,NO CONTROLS,CLEAR,DAYLIGHT,SIDESWIPE SAME DIRECTION,DIVIDED - W/MEDIAN BARRIER,,STRAIGHT AND LEVEL,DRY,NO DEFECTS,ON SCENE,NO INJURY / DRIVE AWAY,,,,"OVER $1,500",08/23/2025 06:55:00 PM,IMPROPER OVERTAKING/PASSING,IMPROPER OVERTAKING/PASSING,9719,S,HALSTED ST,2223,,,,,,,2,NO INDICATION OF INJURY,0,0,0,0,0,2,0,18,7,8,41.7171670243,-87.642947482,POINT (-87.642947482006 41.71716702428)
1c676253f63b82df40e57410a14993a13384d2ba67174a5dafbc1d76dd582de2c4dceef207180baa8ce8c079575de8a53ed1c31a6a658fa4da6387eedc999ac1,,08/23/2025 06:40:00 PM,20,YIELD,NO CONTROLS,CLEAR,DAYLIGHT,PEDESTRIAN,NOT DIVIDED,,STRAIGHT AND LEVEL,DRY,NO DEFECTS,ON SCENE,INJURY AND / OR TOW DUE TO CRASH,,,,"$501 - $1,500",08/23/2025 06:46:00 PM,FAILING TO YIELD RIGHT-OF-WAY,"VISION OBSCURED (SIGNS, TREE LIMBS, BUILDINGS, ETC.)",1656,W,DIVISION ST,1424,,,,,,,2,NONINCAPACITATING INJURY,1,0,0,1,0,3,0,18,7,8,41.9034197585,-87.6696799294,POINT (-87.669679929384 41.903419758499)
27a30acc52825a3923da70c3170e33f293b9ea3baa23b90a242306a81788affc3f52437dcc9d8c1b7cf246ed99f234fd487739969fa0df8e618eba1098b6b1fd,,08/23/2025 06:40:00 PM,30,NO CONTROLS,NO CONTROLS,CLEAR,DAYLIGHT,SIDESWIPE SAME DIRECTION,NOT DIVIDED,,STRAIGHT AND LEVEL,DRY,NO DEFECTS,NOT ON SCENE (DESK REPORT),NO INJURY / DRIVE AWAY,,,Y,"$501 - $1,500",08/23/2025 07:40:00 PM,IMPROPER OVERTAKING/PASSING,IMPROPER OVERTAKING/PASSING,4200,N,CUMBERLAND AVE,1614,,,,,,,2,NO INDICATION OF INJURY,0,0,0,0,0,2,0,18,7,8,41.9557605005,-87.8368343982,POINT (-87.836834398226 41.955760500547)
aaa3e951978248c01884ad52bcce97ddc9a0074a72becef1fe3d270e266d424e4ee80988f094a43ee4d627e3c71ecd110d341804cbe296abebab26cd445853d2,,08/23/2025 06:38:00 PM,25,TRAFFIC SIGNAL,FUNCTIONING PROPERLY,CLEAR,DAYLIGHT,SIDESWIPE SAME DIRECTION,NOT DIVIDED,,STRAIGHT AND LEVEL,DRY,NO DEFECTS,NOT ON SCENE (DESK REPORT),NO INJURY / DRIVE AWAY,,,Y,"OVER $1,500",08/23/2025 07:15:00 PM,IMPROPER OVERTAKING/PASSING,DRIVING SKILLS/KNOWLEDGE/EXPERIENCE,2101,W,47TH ST,931,,,,,,,2,NO INDICATION OF INJURY,0,0,0,0,0,2,0,18,7,8,41.8083911827,-87.6772307179,POINT (-87.677230717867 41.808391182709)
7224e7a3ec92e4b8a314292f506d78d912486e50deac3068e4f544e8a23e216b4bb4a7b73f2c2eea8d2490917f8a41e354eb20612718d324a65a05585c2270fa,,08/23/2025 06:35:00 PM,30,TRAFFIC SIGNAL,FUNCTIONING PROPERLY,CLEAR,DAYLIGHT,PEDESTRIAN,FOUR WAY,,STRAIGHT AND LEVEL,DRY,NO DEFECTS,ON SCENE,INJURY AND / OR TOW DUE TO CRASH,Y,,Y,"OVER $1,500",08/23/2025 06:36:00 PM,UNABLE TO DETERMINE,NOT APPLICABLE,1,S,HALSTED ST,1232,N,Y,,,,,2,"REPORTED, NOT EVIDENT",1,0,0,0,1,1,0,18,7,8,41.8817170556,-87.6472105392,POINT (-87.647210539206 41.881717055619)
1269a57088cff4cb9da2320a8e9d9f8904c8634a1c8002e363723e85b92d2fed5034e76721b8e8167bcc82fd9c24d492eaf49b0a0b0f3039d127bb7a8c80bc82,,08/23/2025 06:30:00 PM,20,NO CONTROLS,NO CONTROLS,CLEAR,DAYLIGHT,PARKED MOTOR VEHICLE,OTHER,,STRAIGHT AND LEVEL,DRY,NO DEFECTS,ON SCENE,NO INJURY / DRIVE AWAY,,,Y,"OVER $1,500",08/23/2025 07:17:00 PM,UNABLE TO DETERMINE,NOT APPLICABLE,2426,W,62ND ST,825,,,,,,,2,NO INDICATION OF INJURY,0,0,0,0,0,1,0,18,7,8,41.7811780855,-87.6848528122,POINT (-87.68485281225 41.781178085535)
e22cc01002e512e490e5a2c29465ab98f7abc2f0548e975f1c357866aa94c953d7acdaa17519ef75fa18d1f4c35bf16474016e041000849366c058d6620d2314,,08/23/2025 06:30:00 PM,30,NO CONTROLS,NO CONTROLS,CLEAR,UNKNOWN,SIDESWIPE SAME DIRECTION,NOT DIVIDED,,STRAIGHT AND LEVEL,DRY,UNKNOWN,NOT ON SCENE (DESK REPORT),INJURY AND / OR TOW DUE TO CRASH,,,,"OVER $1,500",08/23/2025 09:50:00 PM,UNABLE TO DETERMINE,NOT APPLICABLE,503,E,47TH ST,223,,,,,,,2,NONINCAPACITATING INJURY,1,0,0,1,0,2,0,18,7,8,41.8093176843,-87.6137144351,POINT (-87.613714435055 41.809317684346)
e2a70e725172b5f24724a2642f2990c84b686e3774a3a4710c474f884152de3a910e1181a64f492d5e715e1512c33dfe3a264de1ded528470a7e91e46feb799b,,08/23/2025 06:30:00 PM,30,TRAFFIC SIGNAL,FUNCTIONING PROPERLY,CLEAR,DAYLIGHT,SIDESWIPE SAME DIRECTION,FOUR WAY,,STRAIGHT AND LEVEL,DRY,NO DEFECTS,ON SCENE,INJURY AND / OR TOW DUE TO CRASH,Y,,,"OVER $1,500",08/23/2025 06:45:00 PM,FOLLOWING TOO CLOSELY,NOT APPLICABLE,40,W,87TH ST,622,,,,,,,2,NONINCAPACITATING INJURY,1,0,0,1,0,3,0,18,7,8,41.7363699382,-87.62585265,POINT (-87.625852649989 41.736369938175)
dc05b44e15eda885165fae92c3d723aede646a53ad1190b147eff2b2b6cd2a0969fe29fcbd6a007b81f2eefce410ade309967efeb302aed1d97573556c5c3a8c,,08/23/2025 06:29:00 PM,15,NO CONTROLS,NO CONTROLS,CLEAR,DAYLIGHT,PARKED MOTOR VEHICLE,PARKING LOT,,STRAIGHT AND LEVEL,DRY,NO DEFECTS,NOT ON SCENE (DESK REPORT),NO INJURY / DRIVE AWAY,,,Y,"OVER $1,500",08/23/2025 07:25:00 PM,IMPROPER BACKING,NOT APPLICABLE,2534,W,59TH ST,824,,,,,,,2,NO INDICATION OF INJURY,0,0,0,0,0,1,0,18,7,8,41.7866111939,-87.6876471179,POINT (-87.68764711791 41.786611193869)
5948379c06523ca91a148932c9ff1c8df9c6cfba6d8e87c9ccd7c5b7536d34ff7c441c2d83cb8c33822fdd582cde18e8c58e209fde4c25045030d4d3795582ab,,08/23/2025 06:20:00 PM,30,NO CONTROLS,NO CONTROLS,CLEAR,DAYLIGHT,SIDESWIPE SAME DIRECTION,DIVIDED - W/MEDIAN (NOT RAISED),,STRAIGHT AND LEVEL,DRY,NO DEFECTS,ON SCENE,INJURY AND / OR TOW DUE TO CRASH,Y,,,"OVER $1,500",08/23/2025 06:25:00 PM,IMPROPER OVERTAKING/PASSING,IMPROPER OVERTAKING/PASSING,2807,W,IRVING PARK RD,1733,,,,,,,2,NO INDICATION OF INJURY,0,0,0,0,0,4,0,18,7,8,41.9538624003,-87.6985545933,POINT (-87.698554593288 41.953862400292)
af862a7f44777a8509c3c95517a06d1b17e6c584c3295639cf64c9cd0b01ac6c50cff091df8107ec473b9a45ef020ce480ecbd1ef8d175febe03cc8f3808504d,,08/23/2025 06:20:00 PM,30,NO CONTROLS,NO CONTROLS,CLEAR,DAYLIGHT,OTHER OBJECT,NOT DIVIDED,,STRAIGHT AND LEVEL,DRY,"RUT, HOLES",ON SCENE,INJURY AND / OR TOW DUE TO CRASH,,,,"OVER $1,500",08/23/2025 06:30:00 PM,ROAD CONSTRUCTION/MAINTENANCE,DISTRACTION - FROM OUTSIDE VEHICLE,338,W,71ST ST,731,,,,,,,1,"REPORTED, NOT EVIDENT",2,0,0,0,2,0,0,18,7,8,41.7654798182,-87.6337559846,POINT (-87.633755984626 41.765479818247)
cd79b8f38736125fe4763a6545008525c93b6a34b82ff6290ee3c1837dcaa8c254d4539c65bf357286c020323f8f6714cdc665f61c3cb2a9795bc6aa9616d09b,,08/23/2025 06:20:00 PM,30,TRAFFIC SIGNAL,FUNCTIONING PROPERLY,CLEAR,DAYLIGHT,PEDALCYCLIST,NOT DIVIDED,,STRAIGHT ON GRADE,DRY,NO DEFECTS,NOT ON SCENE (DESK REPORT),INJURY AND / OR TOW DUE TO CRASH,,,,"OVER $1,500",08/23/2025 06:24:00 PM,UNABLE TO DETERMINE,NOT APPLICABLE,1319,N,MILWAUKEE AVE,1433,,,Y,,,,2,INCAPACITATING INJURY,1,0,1,0,0,1,0,18,7,8,41.9057744767,-87.6700371799,POINT (-87.670037179851 41.905774476661)
ee6312d631a6c8efc55f7f548d96320b9f73ead7253b64238d186811fffd933241134189cd9f7fb663f88e31bccd7fe2059050ac0847cf2c7024c3e1f6d5b7d1,,08/23/2025 06:20:00 PM,25,NO CONTROLS,NO CONTROLS,CLEAR,DAYLIGHT,PARKED MOTOR VEHICLE,NOT DIVIDED,,STRAIGHT AND LEVEL,DRY,NO DEFECTS,NOT ON SCENE (DESK REPORT),NO INJURY / DRIVE AWAY,,,,"OVER $1,500",08/23/2025 07:07:00 PM,NOT APPLICABLE,NOT APPLICABLE,4415,N,ASHLAND AVE,1912,,,,,,,2,NO INDICATION OF INJURY,0,0,0,0,0,1,0,18,7,8,41.9620804075,-87.6691261752,POINT (-87.669126175162 41.962080407518)
775c61b65a4e31e5278836999b8633796bccb1679709e45303b85f8b88673ffbda6ca407c57e066ed3e27b34ef9d2748143385d056ce607f999d05212acbf122,,08/23/2025 06:15:00 PM,30,NO CONTROLS,NO CONTROLS,CLEAR,DAYLIGHT,PEDALCYCLIST,NOT DIVIDED,,STRAIGHT AND LEVEL,DRY,NO DEFECTS,ON SCENE,INJURY AND / OR TOW DUE TO CRASH,,,,$500 OR LESS,08/23/2025 06:17:00 PM,NOT APPLICABLE,NOT APPLICABLE,5235,N,BROADWAY,2023,,,N,,,,2,NONINCAPACITATING INJURY,1,0,0,1,0,1,0,18,7,8,41.9773769944,-87.6597480799,POINT (-87.659748079907 41.977376994375)
b46cd49d294973e18b99650a7094b7e3023be3c8fb0bb2a3ef91f8397e25dd31cbcdd3f6fc4be47e555f6b34d00969f53302f84c4cc29c18a0b810c5f536b222,,08/23/2025 06:15:00 PM,30,NO CONTROLS,NO CONTROLS,CLEAR,DAYLIGHT,FIXED OBJECT,NOT DIVIDED,,STRAIGHT AND LEVEL,DRY,NO DEFECTS,,NO INJURY / DRIVE AWAY,,,,$500 OR LESS,08/23/2025 06:20:00 PM,UNABLE TO DETERMINE,NOT APPLICABLE,350,E,47TH ST,215,Y,,,,,,1,NO INDICATION OF INJURY,0,0,0,0,0,2,0,18,7,8,41.8094773717,-87.6175885395,POINT (-87.617588539543 41.80947737173)
857b6e8cc20a04eb1757068d0e8eab5b13ce5f38509b0730310b5200b4a41948272ea344f74ba5e281d8fb5a48af63b1e0d07c231e66af0a0b6d5970b511ef38,,08/23/2025 06:08:00 PM,15,NO CONTROLS,NO CONTROLS,CLEAR,DAYLIGHT,PARKED MOTOR VEHICLE,ONE-WAY,,STRAIGHT AND LEVEL,DRY,NO DEFECTS,ON SCENE,INJURY AND / OR TOW DUE TO CRASH,,,Y,"OVER $1,500",08/23/2025 06:09:00 PM,UNABLE TO DETERMINE,UNABLE TO DETERMINE,6712,N,GREENVIEW AVE,2432,,,,,,,2,NO INDICATION OF INJURY,0,0,0,0,0,1,0,18,7,8,42.0040163017,-87.6682700951,POINT (-87.668270095147 42.004016301746)
4dabfd2b4e3c84eba16eec7b1fccf591ef9d7208ffe4f7cff7203809f23318494cc77984842de636dd83506c2eff1cb57815e22743582580aeb788c2734def24,,08/23/2025 06:05:00 PM,30,NO CONTROLS,NO CONTROLS,CLEAR,DAYLIGHT,SIDESWIPE OPPOSITE DIRECTION,NOT DIVIDED,,STRAIGHT AND LEVEL,DRY,NO DEFECTS,NOT ON SCENE (DESK REPORT),NO INJURY / DRIVE AWAY,,,,"OVER $1,500",08/23/2025 08:05:00 PM,FAILING TO YIELD RIGHT-OF-WAY,FAILING TO REDUCE SPEED TO AVOID CRASH,1303,W,WINONA ST,2033,,,,,,,2,NO INDICATION OF INJURY,0,0,0,0,0,2,0,18,7,8,41.9752761529,-87.6626479921,POINT (-87.662647992116 41.975276152936)
06751c328103187ac9dd3c034b5601e9245b1ab0ac5ce659be0197f93a9ae6b943de07cec21f10bc3a10ea53397c0015a5fe7a5cfcceea7c488382dc7e79e3ed,,08/23/2025 06:01:00 PM,30,STOP SIGN/FLASHER,FUNCTIONING PROPERLY,CLEAR,DAYLIGHT,ANGLE,NOT DIVIDED,,STRAIGHT AND LEVEL,DRY,NO DEFECTS,ON SCENE,INJURY AND / OR TOW DUE TO CRASH,Y,,,"OVER $1,500",08/23/2025 06:02:00 PM,DISREGARDING STOP SIGN,FAILING TO YIELD RIGHT-OF-WAY,6600,S,NORMAL BLVD,722,,,,,,,2,NONINCAPACITATING INJURY,3,0,0,3,0,0,0,18,7,8,41.7743475413,-87.6369980223,POINT (-87.636998022308 41.774347541277)
2b36436e00143e0e227d3cfa383ab46fbd6bc85b25f803e220b399975b276cd39970b89e5cab2ca5ac61a0eb700a8c5537cd218bfc1dbe55e004160ce6a07f06,Y,08/23/2025 06:00:00 PM,30,NO CONTROLS,NO CONTROLS,CLEAR,DAYLIGHT,PARKED MOTOR VEHICLE,NOT DIVIDED,,STRAIGHT ON GRADE,DRY,NO DEFECTS,NOT ON SCENE (DESK REPORT),NO INJURY / DRIVE AWAY,,,,"$501 - $1,500",08/24/2025 09:50:00 AM,UNABLE TO DETERMINE,NOT APPLICABLE,375,W,MONTROSE HARBOR DR,1915,,,,,,,2,NO INDICATION OF INJURY,0,0,0,0,0,1,0,18,7,8,41.96026625,-87.6366198892,POINT (-87.636619889165 41.960266250006)
4737d638c0bfcd159654a01d8fe8bb8186cf0f5243db280a8d52cf04d0836baee62f1a855bd1b088647190ee1b64ae2a42f5cc70e6a88bdfd98689b17baaadd6,,08/23/2025 06:00:00 PM,30,NO CONTROLS,NO CONTROLS,CLEAR,DAYLIGHT,PARKED MOTOR VEHICLE,NOT DIVIDED,,STRAIGHT AND LEVEL,DRY,NO DEFECTS,NOT ON SCENE (DESK REPORT),NO INJURY / DRIVE AWAY,,,,"OVER $1,500",08/27/2025 10:00:00 PM,UNABLE TO DETERMINE,NOT APPLICABLE,5150,S,KEDZIE AVE,822,,,,,,,2,NO INDICATION OF INJURY,0,0,0,0,0,1,0,18,7,8,41.7993089354,-87.7038696932,POINT (-87.703869693181 41.799308935363)
a319448a4e74976f34807a31c2571908ceea54f7e925343471472ace28047ded3e6031372fb89affd8723eddf549fba3e74ba440839cc39559c9d3dfcb158e76,,08/23/2025 06:00:00 PM,30,NO CONTROLS,NO CONTROLS,CLEAR,DAYLIGHT,ANGLE,NOT REPORTED,,STRAIGHT AND LEVEL,DRY,UNKNOWN,ON SCENE,NO INJURY / DRIVE AWAY,Y,,,$500 OR LESS,08/23/2025 06:00:00 PM,UNABLE TO DETERMINE,UNABLE TO DETERMINE,3150,N,MEADE AVE,2511,,,,,,,2,NO INDICATION OF INJURY,0,0,0,0,0,2,0,18,7,8,41.9381322206,-87.7787808953,POINT (-87.778780895336 41.938132220562)
c8f9206ebe50ec25455992eb827e3740d9a00a38317a791cf07939b5a3166e7b6bd2d02d731f8d799d89ce99dbaf342f3d02f274a1e171f42dc7a268e81fe4ba,,08/23/2025 06:00:00 PM,30,UNKNOWN,UNKNOWN,UNKNOWN,UNKNOWN,PARKED MOTOR VEHICLE,PARKING LOT,,STRAIGHT AND LEVEL,UNKNOWN,UNKNOWN,NOT ON SCENE (DESK REPORT),NO INJURY / DRIVE AWAY,,,Y,"OVER $1,500",08/28/2025 11:00:00 AM,UNABLE TO DETERMINE,UNABLE TO DETERMINE,5919,S,INDIANA AVE,232,,,,,,,2,NO INDICATION OF INJURY,0,0,0,0,0,1,0,18,7,8,41.7868446028,-87.6204957625,POINT (-87.620495762542 41.786844602759)
cfc197463dea24fa5d957ef14fc90f2b9fda4dccb97b7cd10b08e863ac26c888a256fb4e053b4ee6487be95f92bb86220df5cd5f83635431cec5abe8bbaf201d,,08/23/2025 06:00:00 PM,30,TRAFFIC SIGNAL,UNKNOWN,UNKNOWN,UNKNOWN,ANGLE,FOUR WAY,,STRAIGHT AND LEVEL,UNKNOWN,UNKNOWN,NOT ON SCENE (DESK REPORT),NO INJURY / DRIVE AWAY,,,,$500 OR LESS,08/23/2025 07:11:00 PM,UNABLE TO DETERMINE,UNABLE TO DETERMINE,7038,N,ASHLAND BLVD,2423,,,,,,,2,NO INDICATION OF INJURY,0,0,0,0,0,2,0,18,7,8,42.0102115883,-87.6702626254,POINT (-87.67026262535 42.010211588321)
f2a63ebef04d0e0a1c5071459af15e82f54fe6649c9e75e3e84dd8a06d2b7c809b90aa10a81391880ce28f708ecca410ef1fb2c52f23f2dfeb39fde998db13d8,,08/23/2025 06:00:00 PM,30,NO CONTROLS,NO CONTROLS,CLEAR,DAYLIGHT,PARKED MOTOR VEHICLE,NOT DIVIDED,,STRAIGHT AND LEVEL,DRY,NO DEFECTS,NOT ON SCENE (DESK REPORT),NO INJURY / DRIVE AWAY,,,,"$501 - $1,500",08/24/2025 12:15:00 AM,FOLLOWING TOO CLOSELY,NOT APPLICABLE,5059,W,POTOMAC AVE,2533,,,,,,,2,NO INDICATION OF INJURY,0,0,0,0,0,1,0,18,7,8,41.9039807285,-87.7532416343,POINT (-87.75324163434 41.903980728466)
fbd43ce105e2fa5004b193cde769b90a1a569bede60c0a82ff4fdda05d990a041d7b3f30f231781e5dd6c47befada25792f69b99d08fff2e70f50b35058f48b1,,08/23/2025 06:00:00 PM,30,NO CONTROLS,NO CONTROLS,CLEAR,DAYLIGHT,SIDESWIPE SAME DIRECTION,NOT DIVIDED,,STRAIGHT AND LEVEL,DRY,NO DEFECTS,NOT ON SCENE (DESK REPORT),NO INJURY / DRIVE AWAY,,,Y,"OVER $1,500",08/23/2025 06:39:00 PM,NOT APPLICABLE,NOT APPLICABLE,3800,W,44TH ST,821,,,,,,,2,NO INDICATION OF INJURY,0,0,0,0,0,2,0,18,7,8,41.8135354009,-87.7192438958,POINT (-87.7192438958 41.813535400941)
94b81b58b831ead7aaf10e165f7cbba84739ea9fd8917c8071ccde83b4c5704fcc6102ebdedae8ef71d53685edd326d761f16d82e5065fd7c0872db0bd552547,,08/23/2025 05:59:00 PM,30,TRAFFIC SIGNAL,FUNCTIONING PROPERLY,CLEAR,DAYLIGHT,REAR END,DIVIDED - W/MEDIAN BARRIER,,STRAIGHT AND LEVEL,DRY,NO DEFECTS,NOT ON SCENE (DESK REPORT),NO INJURY / DRIVE AWAY,,,,"OVER $1,500",08/23/2025 06:30:00 PM,UNABLE TO DETERMINE,NOT APPLICABLE,1030,W,95TH ST,2223,Y,,,,,,2,NO INDICATION OF INJURY,0,0,0,0,0,2,0,17,7,8,41.7214967695,-87.6492339803,POINT (-87.649233980294 41.721496769503)
cef5d38194a7daabf6ee858109f2334939bd79afbf3a1ad911a2001e9f2d10df1adc621b277ca369321d55c6a9d53c36bfbe3156990c128948d86061538bb5ac,,08/23/2025 05:54:00 PM,15,NO CONTROLS,NO CONTROLS,CLEAR,DAYLIGHT,PARKED MOTOR VEHICLE,NOT DIVIDED,,STRAIGHT AND LEVEL,DRY,NO DEFECTS,ON SCENE,NO INJURY / DRIVE AWAY,,,,"OVER $1,500",08/23/2025 05:54:00 PM,UNABLE TO DETERMINE,NOT APPLICABLE,298,N,MOZART ST,1222,,,,,,,2,NO INDICATION OF INJURY,0,0,0,0,0,1,0,17,7,8,,,
71777d8aed7471bc0a10f359f35554a525a8cf10ebfdd016c6dac459471e71dbddf79481721b9e4a1547e3cae70e43c128c1f290a9490c4b207c2c80f66f9e61,,08/23/2025 05:44:00 PM,30,TRAFFIC SIGNAL,FUNCTIONING PROPERLY,CLEAR,DAYLIGHT,REAR END,FOUR WAY,,STRAIGHT AND LEVEL,DRY,UNKNOWN,ON SCENE,INJURY AND / OR TOW DUE TO CRASH,,,Y,"OVER $1,500",08/23/2025 06:20:00 PM,UNABLE TO DETERMINE,UNABLE TO DETERMINE,7300,S,DR MARTIN LUTHER KING JR DR,323,,,,,,,3,"REPORTED, NOT EVIDENT",2,0,0,0,2,17,0,17,7,8,41.7619666969,-87.6153505183,POINT (-87.615350518276 41.761966696864)
6a04adedd11131974758d160953187defb07b1bc38679e9bdcc927e685f257738d17bc2785572915db5fbc85e7b4fb004fc15da31efa3a58bc873bcec505a3f8,,08/23/2025 05:34:00 PM,25,NO CONTROLS,NO CONTROLS,CLEAR,DAYLIGHT,TURNING,NOT DIVIDED,,STRAIGHT AND LEVEL,DRY,DEBRIS ON ROADWAY,ON SCENE,INJURY AND / OR TOW DUE TO CRASH,,,,"OVER $1,500",08/23/2025 05:34:00 PM,FAILING TO YIELD RIGHT-OF-WAY,DRIVING SKILLS/KNOWLEDGE/EXPERIENCE,1971,E,HAYES DR,331,,,,,,,2,NONINCAPACITATING INJURY,2,0,0,2,0,0,0,17,7,8,41.7802386572,-87.5776359087,POINT (-87.577635908711 41.780238657237)
008a2bfd290029369bb67660016af0e28897cdc1be959e26a1e951344bb2351c585b3bfb0ed00095eb1656ff51207428753eaeacfae135df558cd6c87b38b3a6,,08/23/2025 05:30:00 PM,20,NO CONTROLS,NO CONTROLS,CLEAR,DAYLIGHT,ANGLE,DIVIDED - W/MEDIAN (NOT RAISED),,STRAIGHT AND LEVEL,DRY,NO DEFECTS,NOT ON SCENE (DESK REPORT),NO INJURY / DRIVE AWAY,N,,,"OVER $1,500",08/25/2025 08:30:00 AM,UNABLE TO DETERMINE,UNABLE TO DETERMINE,4700,S,CORNELL AVE,222,,,,,,,2,NO INDICATION OF INJURY,0,0,0,0,0,2,0,17,7,8,41.8102195856,-87.5903019893,POINT (-87.590301989324 41.810219585589)
2fa9dae537e6f2d408874f239456bb6d720aa13306b883fa364c91b951da5542fe3aab753253e24153ddae1c9b6c0b4a42675f71d98126e65e8797dd2ff57562,Y,08/23/2025 05:30:00 PM,30,TRAFFIC SIGNAL,FUNCTIONING PROPERLY,CLEAR,DAYLIGHT,ANGLE,FOUR WAY,,STRAIGHT AND LEVEL,DRY,NO DEFECTS,ON SCENE,INJURY AND / OR TOW DUE TO CRASH,,,,"OVER $1,500",08/23/2025 05:30:00 PM,UNABLE TO DETERMINE,NOT APPLICABLE,1398,W,MARQUETTE RD,724,,,,,,,2,NO INDICATION OF INJURY,0,0,0,0,0,2,0,17,7,8,41.7723731913,-87.65910827,POINT (-87.659108269993 41.772373191319)
ed9aec6d2a5e55556f4e823aff48ffd14a502fa74ec17c344a46efd674faae0796f0ae31f03b8bb99138800aea8b35c215ffa679ba5735234e6644ccd32adbc8,,08/23/2025 05:28:00 PM,15,NO CONTROLS,NO CONTROLS,CLEAR,DAYLIGHT,SIDESWIPE SAME DIRECTION,NOT DIVIDED,,STRAIGHT AND LEVEL,DRY,NO DEFECTS,NOT ON SCENE (DESK REPORT),NO INJURY / DRIVE AWAY,,,,"OVER $1,500",08/23/2025 06:30:00 PM,FAILING TO REDUCE SPEED TO AVOID CRASH,NOT APPLICABLE,2101,E,130TH ST,434,,,,,,,2,NO INDICATION OF INJURY,0,0,0,0,0,2,0,17,7,8,41.6590884374,-87.5724425877,POINT (-87.57244258768 41.659088437432)
6b8420d3029e5fc5521543e81d2d099e703a9c8aa20f9975cdb8bce05f7e2129e82314174517174218e7ca563a8e1b493f5bd41694243be24369d2bd34029704,,08/23/2025 05:25:00 PM,30,NO CONTROLS,NO CONTROLS,CLEAR,DAYLIGHT,SIDESWIPE SAME DIRECTION,OTHER,,STRAIGHT AND LEVEL,DRY,NO DEFECTS,NOT ON SCENE (DESK REPORT),NO INJURY / DRIVE AWAY,,,N,"OVER $1,500",08/23/2025 06:15:00 PM,UNABLE TO DETERMINE,UNABLE TO DETERMINE,1229,S,CANAL ST,124,,,,,,,2,NO INDICATION OF INJURY,0,0,0,0,0,3,0,17,7,8,41.8664407662,-87.6390732993,POINT (-87.639073299263 41.866440766161)
f19b448700ea808ec996748e9cadac44a188e76464da2b23d5b5aa51cea606570829ae12a07c2360000023b43da508236fac8749f95f9766b57a7ab797e32077,,08/23/2025 05:20:00 PM,30,TRAFFIC SIGNAL,FUNCTIONING PROPERLY,CLEAR,DAYLIGHT,REAR END,FOUR WAY,,STRAIGHT AND LEVEL,DRY,NO DEFECTS,ON SCENE,NO INJURY / DRIVE AWAY,Y,,,"OVER $1,500",08/23/2025 05:22:00 PM,UNABLE TO DETERMINE,UNABLE TO DETERMINE,11101,S,CICERO AVE,2211,,,,,,,2,NO INDICATION OF INJURY,0,0,0,0,0,2,0,17,7,8,41.690773405,-87.7395887281,POINT (-87.739588728068 41.690773405017)
7dbe5621393eb52e788de2e7cc1184ee943189633873b8ecd39a26445fd7ddb759152278e939b7bd97ad2450abee16d2e7beb4ccd151dbcb66d53c34bc0bfe7b,,08/23/2025 05:18:00 PM,30,NO CONTROLS,NO CONTROLS,CLEAR,DAYLIGHT,PARKED MOTOR VEHICLE,NOT DIVIDED,,STRAIGHT AND LEVEL,DRY,UNKNOWN,NOT ON SCENE (DESK REPORT),NO INJURY / DRIVE AWAY,,,Y,"$501 - $1,500",08/23/2025 05:30:00 PM,IMPROPER BACKING,IMPROPER BACKING,4867,N,MILWAUKEE AVE,1623,,,,,,,2,NO INDICATION OF INJURY,0,0,0,0,0,1,0,17,7,8,41.969552871,-87.7620255743,POINT (-87.76202557425 41.969552871031)