CRASH_RECORD_ID,CRASH_DATE_EST_I,CRASH_DATE,POSTED_SPEED_LIMIT,TRAFFIC_CONTROL_DEVICE,DEVICE_CONDITION,WEATHER_CONDITION,LIGHTING_CONDITION,FIRST_CRASH_TYPE,TRAFFICWAY_TYPE,LANE_CNT,ALIGNMENT,ROADWAY_SURFACE_COND,ROAD_DEFECT,REPORT_TYPE,CRASH_TYPE,INTERSECTION_RELATED_I,NOT_RIGHT_OF_WAY_I,HIT_AND_RUN_I,DAMAGE,DATE_POLICE_NOTIFIED,PRIM_CONTRIBUTORY_CAUSE,SEC_CONTRIBUTORY_CAUSE,STREET_NO,STREET_DIRECTION,STREET_NAME,BEAT_OF_OCCURRENCE,PHOTOS_TAKEN_I,STATEMENTS_TAKEN_I,DOORING_I,WORK_ZONE_I,WORK_ZONE_TYPE,WORKERS_PRESENT_I,NUM_UNITS,MOST_SEVERE_INJURY,INJURIES_TOTAL,INJURIES_FATAL,INJURIES_INCAPACITATING,INJURIES_NON_INCAPACITATING,INJURIES_REPORTED_NOT_EVIDENT,INJURIES_NO_INDICATION,INJURIES_UNKNOWN,CRASH_HOUR,CRASH_DAY_OF_WEEK,CRASH_MONTH,LATITUDE,LONGITUDE,LOCATION
844b52cb190e1eaff79af956f16b5ca08023705b5d286bf84af2319bed0acaea8941e2d553db62e04c537aa22781d9c26ad4f910b261f12c8790a6dcfa2f13b0,,08/23/2025 05:15:00 PM,30,NO CONTROLS,NO CONTROLS,CLEAR,DAYLIGHT,PARKED MOTOR VEHICLE,ONE-WAY,,STRAIGHT ON GRADE,DRY,NO DEFECTS,NOT ON SCENE (DESK REPORT),NO INJURY / DRIVE AWAY,,,,"OVER $1,500",08/23/2025 06:10:00 PM,FAILING TO REDUCE SPEED TO AVOID CRASH,UNABLE TO DETERMINE,7956,S,LAFLIN ST,612,,,,,,,2,NO INDICATION OF INJURY,0,0,0,0,0,1,0,17,7,8,41.7486918759,-87.6611175721,POINT (-87.661117572136 41.748691875861)
3bf0181b117ca8e29184eef4268a33a5e567a4c2d773bf0f47e32d44fd839c8a7985694023bde865fbbc466ed404b82a6bec97409cd13ec72425e727e90577b2,,08/23/2025 05:10:00 PM,25,NO CONTROLS,NO CONTROLS,CLEAR,DAYLIGHT,ANGLE,NOT DIVIDED,,STRAIGHT AND LEVEL,DRY,NO DEFECTS,ON SCENE,INJURY AND / OR TOW DUE TO CRASH,,,,"OVER $1,500",08/23/2025 05:30:00 PM,FAILING TO YIELD RIGHT-OF-WAY,FAILING TO YIELD RIGHT-OF-WAY,5522,S,LOOMIS BLVD,713,,,,,,,2,NO INDICATION OF INJURY,0,0,0,0,0,3,0,17,7,8,41.793002146,-87.6598487654,POINT (-87.659848765376 41.793002145975)
58d501058880a45c3d408f74163dc32413e9cec98f37f6e74f8287b65c5a44bcdd0351a56497c6008f8b5a8a243f21055c5c3b0eb93c7c6df456142ea05552e6,,08/23/2025 05:10:00 PM,30,STOP SIGN/FLASHER,FUNCTIONING PROPERLY,CLEAR,DAYLIGHT,REAR END,NOT DIVIDED,,STRAIGHT AND LEVEL,DRY,UNKNOWN,ON SCENE,INJURY AND / OR TOW DUE TO CRASH,Y,,Y,"OVER $1,500",08/23/2025 05:20:00 PM,FOLLOWING TOO CLOSELY,UNABLE TO DETERMINE,825,S,CENTRAL PARK AVE,1133,,,,,,,2,NONINCAPACITATING INJURY,3,0,0,3,0,2,0,17,7,8,41.8699898507,-87.7153888835,POINT (-87.715388883535 41.869989850709)
c4faf113686467474b5abe4eaa48a588971130222ccf74513ff088e217278be5f3f1ecd1e4ff66b3cd521e960f24e88f45ad5882dbae33a179c57537732ab91a,,08/23/2025 05:10:00 PM,30,TRAFFIC SIGNAL,FUNCTIONING PROPERLY,CLEAR,DAYLIGHT,TURNING,DIVIDED - W/MEDIAN (NOT RAISED),,STRAIGHT AND LEVEL,DRY,NO DEFECTS,NOT ON SCENE (DESK REPORT),NO INJURY / DRIVE AWAY,Y,,,"OVER $1,500",08/23/2025 05:20:00 PM,ROAD CONSTRUCTION/MAINTENANCE,NOT APPLICABLE,5984,N,LINCOLN AVE,2011,,,,,,,2,NO INDICATION OF INJURY,0,0,0,0,0,3,0,17,7,8,41.9899693422,-87.7068949478,POINT (-87.706894947831 41.989969342219)
aeb7c336d9d8a849d77bd5f7eab3f99eeb13f659f3a84c0b6aac54f8b465fdcc63fd3f472c518fabdc2c5d50ddc6829198988fa7b34c95f5c4f6e71848eda6e0,,08/23/2025 05:07:00 PM,20,NO CONTROLS,NO CONTROLS,CLEAR,DAYLIGHT,PARKED MOTOR VEHICLE,OTHER,,STRAIGHT AND LEVEL,DRY,NO DEFECTS,ON SCENE,NO INJURY / DRIVE AWAY,,,Y,"OVER $1,500",08/23/2025 05:49:00 PM,UNABLE TO DETERMINE,UNABLE TO DETERMINE,2800,W,62ND ST,823,,,,,,,3,NO INDICATION OF INJURY,0,0,0,0,0,1,0,17,7,8,41.7810479954,-87.6935090764,POINT (-87.693509076378 41.781047995368)
40086c9e1de76a2f1f188eddabba7a2d9078040425c8e92ad87fb7b3ab93bdfed74a5bbce50e879d4e4337b267d6dea59a4048098bb5ec392a79d3f6158a1349,Y,08/23/2025 05:00:00 PM,30,NO CONTROLS,NO CONTROLS,CLEAR,DAYLIGHT,SIDESWIPE SAME DIRECTION,NOT DIVIDED,,STRAIGHT AND LEVEL,DRY,UNKNOWN,NOT ON SCENE (DESK REPORT),NO INJURY / DRIVE AWAY,,,,"OVER $1,500",08/23/2025 05:25:00 PM,FAILING TO YIELD RIGHT-OF-WAY,NOT APPLICABLE,2800,N,CLYBOURN AVE,1931,,,,,,,2,NO INDICATION OF INJURY,0,0,0,0,0,2,0,17,7,8,41.9322970111,-87.6783610875,POINT (-87.678361087495 41.932297011088)
ba9b00afc275b178577d12d025c4c615f26e7116d64c8ae3121d922882c14367036f4e6ad1d7e7f951196f378b4b54c137364fb795c30e12357c59b1afb3ff4e,,08/23/2025 05:00:00 PM,30,NO CONTROLS,NO CONTROLS,CLEAR,DAYLIGHT,REAR END,NOT DIVIDED,,STRAIGHT AND LEVEL,DRY,NO DEFECTS,,NO INJURY / DRIVE AWAY,,,N,"OVER $1,500",08/23/2025 05:47:00 PM,FOLLOWING TOO CLOSELY,NOT APPLICABLE,3400,W,45TH ST,821,,,,,,,2,NO INDICATION OF INJURY,0,0,0,0,0,2,0,17,7,8,41.8118310858,-87.7090791539,POINT (-87.709079153895 41.811831085816)
d998598ed926f91cf53e5601807568b7ca2edca7afeb75049b4a2d8d54f25da1b97dabd4023ddc0c2d2072af01b08c0c7a1352d48ce88d8b0949b2f2a0cc649b,,08/23/2025 05:00:00 PM,30,STOP SIGN/FLASHER,FUNCTIONING PROPERLY,CLEAR,DAYLIGHT,TURNING,NOT DIVIDED,,STRAIGHT AND LEVEL,DRY,NO DEFECTS,NOT ON SCENE (DESK REPORT),NO INJURY / DRIVE AWAY,,,,"OVER $1,500",08/23/2025 05:20:00 PM,FOLLOWING TOO CLOSELY,FOLLOWING TOO CLOSELY,3933,W,31ST ST,1031,,,,,,,2,NO INDICATION OF INJURY,0,0,0,0,0,2,0,17,7,8,41.8367918056,-87.7231874778,POINT (-87.723187477802 41.836791805588)
ec88075d860066ced5c934b59a781e9d7cb8671eee1f19826df203b30c9967b9106a6321936fb8ebb249cab4c53b01d9e60f28fd33ec537bc2005cec68b6ed79,,08/23/2025 05:00:00 PM,30,NO CONTROLS,NO CONTROLS,CLEAR,DAYLIGHT,REAR END,NOT DIVIDED,,STRAIGHT AND LEVEL,DRY,NO DEFECTS,NOT ON SCENE (DESK REPORT),NO INJURY / DRIVE AWAY,,,,"OVER $1,500",08/23/2025 06:40:00 PM,FOLLOWING TOO CLOSELY,NOT APPLICABLE,600,W,87TH ST,622,,,,,,,2,NO INDICATION OF INJURY,0,0,0,0,0,2,0,17,7,8,41.7362723773,-87.6388157145,POINT (-87.638815714536 41.736272377346)
6c24a569202f45f6a6f2d531cafd09501d0cfd508b915b2538728e8acd17e9ccadb63e2d4593c34adf1c51c0e9f393166234f146ebe338486f240448023214b2,,08/23/2025 04:56:00 PM,30,NO CONTROLS,NO CONTROLS,CLEAR,DAYLIGHT,PARKED MOTOR VEHICLE,NOT DIVIDED,,STRAIGHT AND LEVEL,DRY,NO DEFECTS,ON SCENE,NO INJURY / DRIVE AWAY,,,Y,"$501 - $1,500",08/23/2025 04:56:00 PM,UNABLE TO DETERMINE,UNABLE TO DETERMINE,3624,N,MILWAUKEE AVE,1731,,,,,,,2,NO INDICATION OF INJURY,0,0,0,0,0,1,0,16,7,8,41.9466249468,-87.7364446474,POINT (-87.736444647374 41.94662494679)
245c86e20bdfe27c4d3d75baf4b8c7a665da369e3cf8e68f7589679ea1624e79a90f9e2b29d6774dd13779a0bea8d49f1fb1f7e93a75966209d1c43bbb4009ba,,08/23/2025 04:55:00 PM,30,TRAFFIC SIGNAL,FUNCTIONING PROPERLY,CLEAR,DAYLIGHT,REAR END,FOUR WAY,,STRAIGHT AND LEVEL,DRY,UNKNOWN,NOT ON SCENE (DESK REPORT),NO INJURY / DRIVE AWAY,,,,"OVER $1,500",08/25/2025 11:05:00 AM,FOLLOWING TOO CLOSELY,FAILING TO REDUCE SPEED TO AVOID CRASH,3801,W,GRAND AVE,2535,,,,,,,2,NO INDICATION OF INJURY,0,0,0,0,0,2,0,16,7,8,41.9041351445,-87.7216103339,POINT (-87.721610333922 41.904135144529)
eeaf1eadc9a59e20d32f0c55cdfe8bc0f4cdfc13c48cfb9d74cee9c8e55b2a11e876b262d845d7ef57d5d834e248c87123dcc5115f99d5d556df4d025e1b1334,,08/23/2025 04:55:00 PM,30,NO CONTROLS,NO CONTROLS,CLEAR,DAYLIGHT,REAR END,DIVIDED - W/MEDIAN BARRIER,,STRAIGHT AND LEVEL,DRY,NO DEFECTS,,NO INJURY / DRIVE AWAY,,,,"OVER $1,500",08/23/2025 04:57:00 PM,FAILING TO REDUCE SPEED TO AVOID CRASH,UNABLE TO DETERMINE,332,W,ROOSEVELT RD,124,,,,,,,2,NO INDICATION OF INJURY,0,0,0,0,0,2,0,16,7,8,41.8674005001,-87.6360972926,POINT (-87.636097292626 41.867400500115)
025462f35a9f5c8f84caa0836041a4227c630db7119ef148d368bc1d450bdd889caef40d86b4b4751739a3c77b228aaecfad13ea85c6ba14cef655a17e562d96,,08/23/2025 04:54:00 PM,30,TRAFFIC SIGNAL,FUNCTIONING PROPERLY,CLEAR,DAYLIGHT,PEDALCYCLIST,DIVIDED - W/MEDIAN BARRIER,,STRAIGHT AND LEVEL,DRY,NO DEFECTS,ON SCENE,INJURY AND / OR TOW DUE TO CRASH,Y,,,"OVER $1,500",08/23/2025 04:56:00 PM,OBSTRUCTED CROSSWALKS,NOT APPLICABLE,398,S,MICHIGAN AVE,113,,,,,,,2,NONINCAPACITATING INJURY,1,0,0,1,0,2,0,16,7,8,41.8770667831,-87.6244392103,POINT (-87.624439210263 41.877066783143)
9d929bf83c2f91669e7c9898e814468e30506aa2e6d3db95a0f5fdd6884ab04c2493397062baa2c9b2ea1ce0e288c244f5b67fa832c4ac4ebcb68224263080f1,,08/23/2025 04:51:00 PM,30,NO CONTROLS,NO CONTROLS,CLEAR,DAYLIGHT,SIDESWIPE SAME DIRECTION,NOT DIVIDED,,STRAIGHT AND LEVEL,DRY,NO DEFECTS,NOT ON SCENE (DESK REPORT),NO INJURY / DRIVE AWAY,,,Y,"OVER $1,500",08/23/2025 06:55:00 PM,IMPROPER LANE USAGE,NOT APPLICABLE,6500,S,DR MARTIN LUTHER KING JR DR,312,,,,,,,2,NO INDICATION OF INJURY,0,0,0,0,0,2,0,16,7,8,41.7765106171,-87.6156798597,POINT (-87.615679859657 41.776510617137)
6592429f0bbc9cffc06fcad037dc2478541f5a8d2548f76cfcaba1ea756177ae1fc5191a5e5ac69c622c805611bee1586abe77084d02fa450b172799f4da3ccc,,08/23/2025 04:50:00 PM,30,TRAFFIC SIGNAL,FUNCTIONING PROPERLY,CLEAR,DAYLIGHT,TURNING,NOT DIVIDED,,STRAIGHT AND LEVEL,DRY,UNKNOWN,ON SCENE,NO INJURY / DRIVE AWAY,,,,"OVER $1,500",08/23/2025 05:06:00 PM,FOLLOWING TOO CLOSELY,IMPROPER OVERTAKING/PASSING,3600,W,DIVISION ST,2535,,,,,,,2,NO INDICATION OF INJURY,0,0,0,0,0,2,0,16,7,8,41.9028634001,-87.7166254441,POINT (-87.716625444146 41.902863400118)
c265aeba0469cf3f79115405b38de8bf80b7204f30c419c422f270c6e6c1e39eacd7ad805a2d735a9581c96a02a3b974fca1a366a99e6f51db658be9b303a387,,08/23/2025 04:47:00 PM,30,TRAFFIC SIGNAL,FUNCTIONING PROPERLY,CLEAR,DAYLIGHT,TURNING,FOUR WAY,,STRAIGHT AND LEVEL,DRY,UNKNOWN,NOT ON SCENE (DESK REPORT),NO INJURY / DRIVE AWAY,Y,,,"OVER $1,500",08/23/2025 05:00:00 PM,UNABLE TO DETERMINE,UNABLE TO DETERMINE,11500,S,HALSTED ST,524,,,,,,,2,NO INDICATION OF INJURY,0,0,0,0,0,2,0,16,7,8,41.6850262563,-87.642297367,POINT (-87.642297366963 41.685026256307)
4fb82520c8826ee9a0218dd1ae0246f20a034ca514c7c8990c0b749bccd63148eaf3ce38cd6cdc496b86c600237145c8eac3fdd9bf6b4defe299ce373b1a5712,,08/23/2025 04:45:00 PM,25,NO CONTROLS,NO CONTROLS,CLEAR,DAYLIGHT,PARKED MOTOR VEHICLE,NOT DIVIDED,,STRAIGHT AND LEVEL,DRY,NO DEFECTS,NOT ON SCENE (DESK REPORT),NO INJURY / DRIVE AWAY,,,Y,"OVER $1,500",08/23/2025 06:01:00 PM,IMPROPER LANE USAGE,NOT APPLICABLE,8465,S,SPRINGFIELD AVE,834,,,,,,,2,NO INDICATION OF INJURY,0,0,0,0,0,1,0,16,7,8,41.738607413,-87.7189803448,POINT (-87.718980344838 41.738607413022)
6283b3e5dbbea2415e0832d2daba1eaf49dd9a2d39e8121b684958fe5898ccbd305b998929848d59c53d7eb0eca924b49a7a836830a85f61e1f8fc8a8b2245c2,,08/23/2025 04:45:00 PM,30,NO CONTROLS,NO CONTROLS,CLEAR,DAYLIGHT,TURNING,NOT DIVIDED,,STRAIGHT AND LEVEL,DRY,NO DEFECTS,ON SCENE,NO INJURY / DRIVE AWAY,,,,"OVER $1,500",08/23/2025 04:47:00 PM,FAILING TO REDUCE SPEED TO AVOID CRASH,NOT APPLICABLE,3620,N,WESTERN AVE,1921,,,,,,,2,NO INDICATION OF INJURY,0,0,0,0,0,5,0,16,7,8,41.9473823619,-87.6884239937,POINT (-87.688423993709 41.947382361936)
b73a9a2685cbfaea36662a0ee9d3469f91b0d9d275bf313ac480535b384e476cf2799ddcbfd4d5529b0363eeaf8c23f713e3a54a8d3b93358ed9ba949ed6caf6,,08/23/2025 04:45:00 PM,30,NO CONTROLS,NO CONTROLS,CLEAR,DAYLIGHT,TURNING,FOUR WAY,,STRAIGHT AND LEVEL,DRY,NO DEFECTS,ON SCENE,INJURY AND / OR TOW DUE TO CRASH,,,,"OVER $1,500",08/23/2025 05:05:00 PM,FAILING TO REDUCE SPEED TO AVOID CRASH,IMPROPER OVERTAKING/PASSING,6840,W,IRVING PARK RD,1632,,,,,,,2,"REPORTED, NOT EVIDENT",1,0,0,0,1,1,0,16,7,8,41.9528522844,-87.7978824469,POINT (-87.797882446938 41.952852284377)
51fd2d735129281d3bc627b33cd26a813e3eac77bed531a1d6a03a29155dab48cc74ee8bcd9d0c0c7530f4402afd7db7dc786957996bc5d119a160ca74364529,,08/23/2025 04:42:00 PM,30,TRAFFIC SIGNAL,FUNCTIONING PROPERLY,CLEAR,DAYLIGHT,PARKED MOTOR VEHICLE,NOT DIVIDED,,STRAIGHT AND LEVEL,DRY,NO DEFECTS,ON SCENE,NO INJURY / DRIVE AWAY,,,,"OVER $1,500",08/23/2025 05:19:00 PM,NOT APPLICABLE,UNABLE TO DETERMINE,7057,S,CALIFORNIA AVE,831,,,,,,,2,NO INDICATION OF INJURY,0,0,0,0,0,1,0,16,7,8,41.7646897383,-87.6928854152,POINT (-87.692885415164 41.764689738311)
e09b9420149d5e00bb01fb3950b96021da1deebb99049574647230e8fbeca3cf5393eff1de97aed268433abd73b926c0b7bf6dc8f8514bb8c296e56443a1046e,,08/23/2025 04:37:00 PM,30,TRAFFIC SIGNAL,FUNCTIONING PROPERLY,CLEAR,DAYLIGHT,SIDESWIPE SAME DIRECTION,NOT DIVIDED,,STRAIGHT AND LEVEL,DRY,NO DEFECTS,ON SCENE,INJURY AND / OR TOW DUE TO CRASH,,,,"$501 - $1,500",08/23/2025 04:45:00 PM,IMPROPER OVERTAKING/PASSING,FAILING TO REDUCE SPEED TO AVOID CRASH,27,E,103RD ST,512,,,,,,,2,NONINCAPACITATING INJURY,2,0,0,2,0,0,0,16,7,8,41.707070678,-87.6223929188,POINT (-87.622392918838 41.707070677959)
29e282fbc5f7e8e619d23bfbefa436b62384fab3e77b4bfee0bb526a4f1d54cf5967ff661bb091088fb62d1e39ec9180170adff64888b1091794a8b185554d45,,08/23/2025 04:30:00 PM,25,NO CONTROLS,NO CONTROLS,CLEAR,DAYLIGHT,PARKED MOTOR VEHICLE,ONE-WAY,,STRAIGHT AND LEVEL,DRY,UNKNOWN,ON SCENE,NO INJURY / DRIVE AWAY,,,,"OVER $1,500",08/23/2025 04:32:00 PM,IMPROPER OVERTAKING/PASSING,DRIVING SKILLS/KNOWLEDGE/EXPERIENCE,2334,N,GREENVIEW AVE,1811,,,,,,,2,NO INDICATION OF INJURY,0,0,0,0,0,2,0,16,7,8,41.9244225192,-87.6659182117,POINT (-87.665918211736 41.924422519205)
2ac8d7327730016c9eae97294aeedffe13087ed16457b3a2e031277cb238e61dfdb87021345900d1cc92db2b2274ecd3751c1f256ec824b221092d1d9e9a9ec2,,08/23/2025 04:30:00 PM,30,YIELD,FUNCTIONING PROPERLY,CLEAR,DAYLIGHT,SIDESWIPE SAME DIRECTION,ONE-WAY,,STRAIGHT AND LEVEL,WET,SHOULDER DEFECT,NOT ON SCENE (DESK REPORT),INJURY AND / OR TOW DUE TO CRASH,Y,,,"OVER $1,500",08/23/2025 05:20:00 PM,FAILING TO YIELD RIGHT-OF-WAY,FAILING TO YIELD RIGHT-OF-WAY,38,E,ONTARIO ST,1834,,,,,,,2,"REPORTED, NOT EVIDENT",1,0,0,0,1,1,0,16,7,8,41.8934041017,-87.6266968152,POINT (-87.626696815191 41.893404101696)
40c9be5f2de6fdb1f3198082ca89bf08072be612da7b0a3b90cca02ab4cc238b9c09078649dc1840db842ad9d708a8c2fe87380a671e192d4f5822012054de0c,,08/23/2025 04:28:00 PM,35,NO CONTROLS,NO CONTROLS,CLEAR,DAYLIGHT,REAR END,NOT DIVIDED,,STRAIGHT AND LEVEL,DRY,NO DEFECTS,,INJURY AND / OR TOW DUE TO CRASH,,,,"OVER $1,500",08/23/2025 05:17:00 PM,FAILING TO REDUCE SPEED TO AVOID CRASH,NOT APPLICABLE,3579,W,COLUMBUS AVE,834,,,,,,,2,NO INDICATION OF INJURY,0,0,0,0,0,3,0,16,7,8,41.7433834487,-87.7114617832,POINT (-87.711461783171 41.743383448696)
b0cd70d86d0b29d600e51180993af2d9c405b31bafe85f936323a1e5b6d84eef77ff1b5ac5b794b6a9c28a492fcf8efa93f5e8b02b0221216e6fcb2a6177de67,,08/23/2025 04:26:00 PM,30,UNKNOWN,UNKNOWN,CLEAR,DAYLIGHT,PEDESTRIAN,DIVIDED - W/MEDIAN (NOT RAISED),,STRAIGHT AND LEVEL,DRY,UNKNOWN,ON SCENE,INJURY AND / OR TOW DUE TO CRASH,,,,"OVER $1,500",08/23/2025 04:32:00 PM,UNABLE TO DETERMINE,NOT APPLICABLE,2835,N,BROADWAY,1934,,Y,,,,,2,NONINCAPACITATING INJURY,1,0,0,1,0,1,0,16,7,8,41.9337329405,-87.6444247624,POINT (-87.644424762417 41.93373294049)
f3c426e1a9f64c3040d3054c8448e2d16d0bbb4aac9559d9a49037749bd78a85d80554af767c538d543c5b4070cc591823965805527ebc4502b878b0c7bd1ad6,,08/23/2025 04:24:00 PM,30,NO CONTROLS,NO CONTROLS,CLEAR,DAYLIGHT,REAR TO FRONT,ONE-WAY,,STRAIGHT AND LEVEL,DRY,NO DEFECTS,NOT ON SCENE (DESK REPORT),NO INJURY / DRIVE AWAY,,,,"OVER $1,500",08/23/2025 05:30:00 PM,UNABLE TO DETERMINE,NOT APPLICABLE,8801,S,MARSHFIELD AVE,2221,Y,,,,,,2,NO INDICATION OF INJURY,0,0,0,0,0,2,0,16,7,8,41.7338648956,-87.6640783096,POINT (-87.664078309649 41.73386489559)
758e8f33e5e515910a8780a6cbd02b5fe43b46a31e85c50afa9bd558761615906403c876fb292787dbcec7cbbd6b36b6331995c023d285980c753c9f9ed35484,,08/23/2025 04:22:00 PM,30,TRAFFIC SIGNAL,FUNCTIONING PROPERLY,CLEAR,DAYLIGHT,ANGLE,FOUR WAY,,STRAIGHT AND LEVEL,DRY,NO DEFECTS,ON SCENE,INJURY AND / OR TOW DUE TO CRASH,Y,,Y,"OVER $1,500",08/23/2025 04:24:00 PM,FAILING TO YIELD RIGHT-OF-WAY,DRIVING SKILLS/KNOWLEDGE/EXPERIENCE,6300,S,CICERO AVE,813,,,,,,,2,"REPORTED, NOT EVIDENT",1,0,0,0,1,1,0,16,7,8,41.7783353905,-87.7424364942,POINT (-87.74243649416 41.778335390453)
13dfdb701da2afbf906bb448281d23fc384ac11f43076ba33a6ffd6a3d4e54b6cd6d4c2ebcdc9ea27fcbd61516392b639440e436fac5fbfe0def7bd0745434c7,,08/23/2025 04:21:00 PM,30,TRAFFIC SIGNAL,FUNCTIONING PROPERLY,CLEAR,DAYLIGHT,SIDESWIPE SAME DIRECTION,NOT DIVIDED,,STRAIGHT AND LEVEL,DRY,UNKNOWN,ON SCENE,NO INJURY / DRIVE AWAY,Y,,Y,"$501 - $1,500",08/23/2025 05:01:00 PM,DRIVING SKILLS/KNOWLEDGE/EXPERIENCE,NOT APPLICABLE,4635,N,MILWAUKEE AVE,1623,,,,,,,2,NO INDICATION OF INJURY,0,0,0,0,0,2,0,16,7,8,41.9649452503,-87.758039184,POINT (-87.758039183979 41.964945250315)
84b23fec380ad39b7fc3bd40f0a2bc62836984bffc51c23c698c30147b18b7e6d56f6caa343f1a33a0f14d525dcfdeb3f089f605192fd3b36f0fda314628b974,,08/23/2025 04:20:00 PM,30,TRAFFIC SIGNAL,FUNCTIONING PROPERLY,CLEAR,DAYLIGHT,ANGLE,FOUR WAY,,STRAIGHT AND LEVEL,DRY,NO DEFECTS,ON SCENE,NO INJURY / DRIVE AWAY,Y,,Y,"OVER $1,500",08/28/2025 11:00:00 PM,DISREGARDING TRAFFIC SIGNALS,UNABLE TO DETERMINE,6375,N,LEHIGH AVE,1621,,,,,,,2,NO INDICATION OF INJURY,0,0,0,0,0,2,0,16,7,8,41.9963008201,-87.7650557187,POINT (-87.765055718695 41.996300820104)
d9d9769987abbdf51d22fef0d266ce9d19964a2ee1ef323dbeb3823c6fc8ba17417305b716e947976c8fcfc4d2f8e706258e40a642ddb8397220e37946dd6f69,,08/23/2025 04:20:00 PM,25,STOP SIGN/FLASHER,UNKNOWN,CLEAR,DAYLIGHT,SIDESWIPE SAME DIRECTION,NOT DIVIDED,,STRAIGHT AND LEVEL,DRY,UNKNOWN,NOT ON SCENE (DESK REPORT),NO INJURY / DRIVE AWAY,,,Y,$500 OR LESS,08/23/2025 04:35:00 PM,UNABLE TO DETERMINE,UNABLE TO DETERMINE,2477,S,ARCHER AVE,914,,,,,,,2,NO INDICATION OF INJURY,0,0,0,0,0,3,0,16,7,8,41.8475580502,-87.6454959917,POINT (-87.645495991682 41.847558050164)
1f25587b34afc91b57ba37557a6e7fff1b9c6f68d16b4277dd85fd65e03a0aff432988f4dca538def3238578939d43ec89075f607316d9e13cc4c01651c286b4,,08/23/2025 04:15:00 PM,30,STOP SIGN/FLASHER,FUNCTIONING PROPERLY,CLEAR,DAYLIGHT,TURNING,T-INTERSECTION,,STRAIGHT AND LEVEL,DRY,UNKNOWN,NOT ON SCENE (DESK REPORT),NO INJURY / DRIVE AWAY,Y,,,"OVER $1,500",08/23/2025 04:40:00 PM,FAILING TO YIELD RIGHT-OF-WAY,FAILING TO REDUCE SPEED TO AVOID CRASH,6299,N,CALDWELL AVE,1621,,,,,,,2,NO INDICATION OF INJURY,0,0,0,0,0,2,0,16,7,8,41.9958624931,-87.763343521,POINT (-87.763343520995 41.995862493127)
a4091e875e843356102d603aa45408a1373e2e72dcbd119ca481e64fee8e1638b8797ab26100015c79e1e30afada2f0ba22ca576ebcd6513cb214c42c66d5fab,,08/23/2025 04:15:00 PM,30,NO CONTROLS,NO CONTROLS,CLEAR,DAYLIGHT,ANGLE,OTHER,,STRAIGHT AND LEVEL,DRY,SHOULDER DEFECT,NOT ON SCENE (DESK REPORT),NO INJURY / DRIVE AWAY,,,,"$501 - $1,500",08/23/2025 04:40:00 PM,IMPROPER BACKING,UNABLE TO DETERMINE,2936,N,SOUTHPORT AVE,1932,,,,,,,2,NO INDICATION OF INJURY,0,0,0,0,0,2,0,16,7,8,41.9353751292,-87.6638086663,POINT (-87.663808666303 41.935375129207)
bf9d914ada34d88641f8093d9d055b8e4b853b9d2abaf11f25886a9266b0d9e0e41fb599dedb0aba565a7f93ad40bc39a9a78707d0940e24aeeb6643c9107fd5,,08/23/2025 04:10:00 PM,10,NO CONTROLS,NO CONTROLS,CLEAR,DAYLIGHT,PARKED MOTOR VEHICLE,PARKING LOT,,STRAIGHT AND LEVEL,DRY,NO DEFECTS,ON SCENE,NO INJURY / DRIVE AWAY,,,,"OVER $1,500",08/23/2025 05:10:00 PM,FAILING TO YIELD RIGHT-OF-WAY,NOT APPLICABLE,590,W,OHARE ST,1654,,,,,,,2,NO INDICATION OF INJURY,0,0,0,0,0,1,0,16,7,8,,,
c502333e4b0adf116dcb48af9fef20f239747f55d8e1be637986d406814ad77a1d719fac8f932f1193d5823993a6e3333a7047ef8645ae13744fc68efc4572af,,08/23/2025 04:10:00 PM,30,NO CONTROLS,NO CONTROLS,CLEAR,DAYLIGHT,PARKED MOTOR VEHICLE,DIVIDED - W/MEDIAN (NOT RAISED),,STRAIGHT AND LEVEL,DRY,NO DEFECTS,ON SCENE,NO INJURY / DRIVE AWAY,,,,$500 OR LESS,08/23/2025 04:17:00 PM,UNABLE TO DETERMINE,UNABLE TO DETERMINE,4063,N,KILBOURN AVE,1722,,,,,,,2,NO INDICATION OF INJURY,0,0,0,0,0,1,0,16,7,8,41.9553103179,-87.7404312371,POINT (-87.740431237052 41.955310317889)
029b406db83273d1011fbe865938c1bf172dea417807a4296f43381eef0c953ae8046a0bfe053e2a061d0c8aaf670ba44244f2f5ef999bf6751a17686ec3cbbd,,08/23/2025 04:05:00 PM,20,NO CONTROLS,NO CONTROLS,CLEAR,DAYLIGHT,PARKED MOTOR VEHICLE,OTHER,,STRAIGHT AND LEVEL,DRY,NO DEFECTS,ON SCENE,NO INJURY / DRIVE AWAY,,,,"OVER $1,500",08/23/2025 04:43:00 PM,IMPROPER BACKING,IMPROPER LANE USAGE,8511,S,FRANCISCO AVE,835,,,,,,,2,NO INDICATION OF INJURY,0,0,0,0,0,1,0,16,7,8,41.7388813819,-87.6952771545,POINT (-87.695277154479 41.738881381937)
8fd2f957056683d4d9c17ba8f9aea790c2bfae8a9e875c6bf79d5e8a8de960d1f15d6541c3d7b64455bb54e67da3b1d73a63226db6c06da6b357d457fad8c69a,,08/23/2025 04:05:00 PM,30,UNKNOWN,UNKNOWN,UNKNOWN,UNKNOWN,SIDESWIPE SAME DIRECTION,NOT DIVIDED,,STRAIGHT AND LEVEL,UNKNOWN,UNKNOWN,NOT ON SCENE (DESK REPORT),NO INJURY / DRIVE AWAY,,,,$500 OR LESS,08/23/2025 04:05:00 PM,DRIVING SKILLS/KNOWLEDGE/EXPERIENCE,UNABLE TO DETERMINE,2037,S,INDIANA AVE,132,,,,,,,2,NO INDICATION OF INJURY,0,0,0,0,0,2,0,16,7,8,41.8544282506,-87.6221107643,POINT (-87.622110764323 41.854428250599)