CRASH_RECORD_ID,CRASH_DATE_EST_I,CRASH_DATE,POSTED_SPEED_LIMIT,TRAFFIC_CONTROL_DEVICE,DEVICE_CONDITION,WEATHER_CONDITION,LIGHTING_CONDITION,FIRST_CRASH_TYPE,TRAFFICWAY_TYPE,LANE_CNT,ALIGNMENT,ROADWAY_SURFACE_COND,ROAD_DEFECT,REPORT_TYPE,CRASH_TYPE,INTERSECTION_RELATED_I,NOT_RIGHT_OF_WAY_I,HIT_AND_RUN_I,DAMAGE,DATE_POLICE_NOTIFIED,PRIM_CONTRIBUTORY_CAUSE,SEC_CONTRIBUTORY_CAUSE,STREET_NO,STREET_DIRECTION,STREET_NAME,BEAT_OF_OCCURRENCE,PHOTOS_TAKEN_I,STATEMENTS_TAKEN_I,DOORING_I,WORK_ZONE_I,WORK_ZONE_TYPE,WORKERS_PRESENT_I,NUM_UNITS,MOST_SEVERE_INJURY,INJURIES_TOTAL,INJURIES_FATAL,INJURIES_INCAPACITATING,INJURIES_NON_INCAPACITATING,INJURIES_REPORTED_NOT_EVIDENT,INJURIES_NO_INDICATION,INJURIES_UNKNOWN,CRASH_HOUR,CRASH_DAY_OF_WEEK,CRASH_MONTH,LATITUDE,LONGITUDE,LOCATION
401bbd17a51d93680239e85bf4a53ece5b3cf863001e3499efe7f4e0c6c58a5dc12188842d4feb2426475922feed3c1239b01027158d9749a5777bec7375cf6a,,08/23/2025 04:00:00 PM,30,NO CONTROLS,NO CONTROLS,CLEAR,DAYLIGHT,ANGLE,NOT DIVIDED,,STRAIGHT AND LEVEL,DRY,NO DEFECTS,NOT ON SCENE (DESK REPORT),NO INJURY / DRIVE AWAY,,,Y,"OVER $1,500",08/23/2025 05:37:00 PM,FAILING TO YIELD RIGHT-OF-WAY,NOT APPLICABLE,6698,S,KEDZIE AVE,831,,,,,,,2,NO INDICATION OF INJURY,0,0,0,0,0,4,0,16,7,8,41.7717191479,-87.7031150933,POINT (-87.703115093331 41.771719147891)
4dfde5119d1656a247f8329e60a492fb225604437a393395c66d51a2c4af90c7db48e83baa2fd039c07137db599690422febf74453d1e23f9762c020c3d3222a,,08/23/2025 04:00:00 PM,30,TRAFFIC SIGNAL,FUNCTIONING PROPERLY,CLEAR,DAYLIGHT,TURNING,FOUR WAY,,STRAIGHT AND LEVEL,DRY,UNKNOWN,,NO INJURY / DRIVE AWAY,Y,,Y,"OVER $1,500",08/23/2025 06:45:00 PM,UNABLE TO DETERMINE,UNABLE TO DETERMINE,11900,S,STATE ST,522,,,,,,,2,NO INDICATION OF INJURY,0,0,0,0,0,2,0,16,7,8,41.6779769595,-87.6228027668,POINT (-87.622802766789 41.677976959484)
811c6ca0c03dbce9e801119e2fbb4284377140ef59f5ff42d1ce92b621f11655976b1e10c49b8922edded9a91f6799ad2a5c662f8ad3481a8859d618fca284e6,Y,08/23/2025 04:00:00 PM,25,UNKNOWN,UNKNOWN,UNKNOWN,UNKNOWN,PARKED MOTOR VEHICLE,NOT DIVIDED,,STRAIGHT AND LEVEL,UNKNOWN,UNKNOWN,NOT ON SCENE (DESK REPORT),NO INJURY / DRIVE AWAY,,,Y,"$501 - $1,500",08/26/2025 07:51:00 AM,UNABLE TO DETERMINE,UNABLE TO DETERMINE,2553,W,WILSON AVE,1911,,,,,,,2,NO INDICATION OF INJURY,0,0,0,0,0,1,0,16,7,8,41.9647089913,-87.6933840065,POINT (-87.693384006492 41.96470899126)
a08c3c5861196eb8a24683a9df22a5d001445011641e4ebd8206969583d07d4fb9fd607be217de42916e9c91cf08bb76c634b32b587f611840dd92fdd3435681,,08/23/2025 04:00:00 PM,30,NO CONTROLS,NO CONTROLS,CLEAR,DAYLIGHT,PARKED MOTOR VEHICLE,NOT DIVIDED,,STRAIGHT AND LEVEL,DRY,NO DEFECTS,NOT ON SCENE (DESK REPORT),NO INJURY / DRIVE AWAY,,,Y,"OVER $1,500",08/23/2025 07:19:00 PM,UNABLE TO DETERMINE,UNABLE TO DETERMINE,1614,N,LARAMIE AVE,2532,,,,,,,2,NO INDICATION OF INJURY,0,0,0,0,0,1,0,16,7,8,41.9099770093,-87.755822648,POINT (-87.755822648009 41.909977009294)
e7c75bdc711857f3b97801a4eb5cc71c50f112166675ec7843b3b9c8121d640b278063eb6d41d5bbacc371b2aa29a12a06108dd62da1775a14001d76edfb0d66,,08/23/2025 04:00:00 PM,25,TRAFFIC SIGNAL,FUNCTIONING PROPERLY,CLEAR,DAYLIGHT,SIDESWIPE SAME DIRECTION,DIVIDED - W/MEDIAN BARRIER,,STRAIGHT AND LEVEL,DRY,NO DEFECTS,ON SCENE,NO INJURY / DRIVE AWAY,,,,"$501 - $1,500",08/23/2025 04:01:00 PM,FAILING TO YIELD RIGHT-OF-WAY,UNABLE TO DETERMINE,120,N,MICHIGAN AVE,111,,,,,,,2,NO INDICATION OF INJURY,0,0,0,0,0,2,0,16,7,8,41.8837547959,-87.6245699542,POINT (-87.624569954172 41.883754795874)
25180a6c37f1032ec305db7abf538bcbd981ffb3ed1fff4a71977420d82e6eba9da44fd74327297d9792cf88f85b5238c22ebf84640bd7e586e7c87d52e6c731,,08/23/2025 03:55:00 PM,30,NO CONTROLS,NO CONTROLS,CLEAR,DAYLIGHT,TURNING,DIVIDED - W/MEDIAN (NOT RAISED),,STRAIGHT AND LEVEL,DRY,WORN SURFACE,,NO INJURY / DRIVE AWAY,,,,"OVER $1,500",08/23/2025 04:02:00 PM,FAILING TO YIELD RIGHT-OF-WAY,IMPROPER LANE USAGE,5207,N,BROADWAY,2023,,,,,,,2,NO INDICATION OF INJURY,0,0,0,0,0,5,0,15,7,8,41.9765858933,-87.6597253567,POINT (-87.659725356682 41.976585893271)
ae960fc0217ea3de91cf9362d70db8ef7bd20e2c74aaef945c26d47473ac5b7add17211c0ceebe8d9843155b035052a452302419e331f4c7cbbe8b3ef3969e38,,08/23/2025 03:50:00 PM,30,NO CONTROLS,NO CONTROLS,CLEAR,DAYLIGHT,REAR END,NOT DIVIDED,,STRAIGHT AND LEVEL,DRY,NO DEFECTS,ON SCENE,NO INJURY / DRIVE AWAY,,,Y,"OVER $1,500",08/23/2025 03:58:00 PM,IMPROPER OVERTAKING/PASSING,IMPROPER OVERTAKING/PASSING,18,N,CICERO AVE,1533,,,,,,,3,NO INDICATION OF INJURY,0,0,0,0,0,4,0,15,7,8,41.8810884023,-87.7454464003,POINT (-87.74544640026 41.881088402263)
941da874963d0a7b1cd2854b2c23d22fa0dd44541e1d426eeefd2b0d52edb6fd37bf1cc02060f021c730429e7951585d710ca020eae6add7685602f499bc66d5,,08/23/2025 03:48:00 PM,30,NO CONTROLS,FUNCTIONING PROPERLY,CLEAR,DAYLIGHT,TURNING,NOT DIVIDED,,STRAIGHT AND LEVEL,DRY,NO DEFECTS,NOT ON SCENE (DESK REPORT),NO INJURY / DRIVE AWAY,,,,"OVER $1,500",08/23/2025 04:40:00 PM,"OPERATING VEHICLE IN ERRATIC, RECKLESS, CARELESS, NEGLIGENT OR AGGRESSIVE MANNER",NOT APPLICABLE,2448,W,47TH ST,922,,,,,,,2,NO INDICATION OF INJURY,0,0,0,0,0,2,0,15,7,8,41.8085192544,-87.6862109379,POINT (-87.686210937892 41.808519254434)
b2e42ea843cd55c74fed685941c14ee41a5bc999ab1172ee69f79c1ea2533628d1a8b667e034582d5a30b27e72deb42c117449f0b9655d58e7823cb9132f958d,,08/23/2025 03:41:00 PM,30,NO CONTROLS,NO CONTROLS,CLEAR,DAYLIGHT,SIDESWIPE SAME DIRECTION,NOT DIVIDED,,STRAIGHT AND LEVEL,DRY,NO DEFECTS,ON SCENE,INJURY AND / OR TOW DUE TO CRASH,,,,"OVER $1,500",08/23/2025 03:54:00 PM,UNABLE TO DETERMINE,UNABLE TO DETERMINE,519,E,47TH ST,223,,,,,,,3,NO INDICATION OF INJURY,0,0,0,0,0,3,0,15,7,8,41.8093257199,-87.6131074305,POINT (-87.613107430451 41.809325719939)
60268baa78d0237ba016282516814b8a7214c35b03ef1e105c28cb0a19ab58f0a79ec8c3d194fead905c706683796d64b1b130f0dfc25588d7d3b030aa790fa5,,08/23/2025 03:39:00 PM,30,NO CONTROLS,NO CONTROLS,CLEAR,DAYLIGHT,HEAD ON,ONE-WAY,,STRAIGHT AND LEVEL,DRY,UNKNOWN,ON SCENE,INJURY AND / OR TOW DUE TO CRASH,,,,"OVER $1,500",08/23/2025 03:40:00 PM,FAILING TO REDUCE SPEED TO AVOID CRASH,NOT APPLICABLE,14,S,KEELER AVE,1115,,,,,,,2,NO INDICATION OF INJURY,0,0,0,0,0,4,0,15,7,8,41.8801817713,-87.7307047353,POINT (-87.730704735321 41.880181771253)
095babfb39206d5270ef2da70cfc708f1a5bc8fa60bd99fe5a3ce2024ebed9c9a2bc3d8e5eabf1af70d0a157af3ef20cff30b413dde8925d04a7a01304bb75b5,,08/23/2025 03:38:00 PM,30,TRAFFIC SIGNAL,FUNCTIONING PROPERLY,CLEAR,DAYLIGHT,OTHER OBJECT,FOUR WAY,,STRAIGHT AND LEVEL,DRY,NO DEFECTS,ON SCENE,INJURY AND / OR TOW DUE TO CRASH,Y,,,"OVER $1,500",08/23/2025 03:38:00 PM,UNABLE TO DETERMINE,NOT APPLICABLE,101,N,WACKER DR,122,,,,,,,1,NONINCAPACITATING INJURY,2,0,0,1,1,0,0,15,7,8,41.8832343478,-87.6366490619,POINT (-87.636649061859 41.883234347768)
dbb8c5a42852690f83e40258b05ae533c5e4fac639eb444c5b3cd97c22d42609dbb35086d846c6b90ce11c9b98d122b2d28a94d591a802a23b2067f1f972078e,,08/23/2025 03:35:00 PM,30,TRAFFIC SIGNAL,FUNCTIONING PROPERLY,CLEAR,DAYLIGHT,REAR END,OTHER,,STRAIGHT AND LEVEL,DRY,UNKNOWN,,NO INJURY / DRIVE AWAY,,,,"OVER $1,500",08/23/2025 04:00:00 PM,FAILING TO REDUCE SPEED TO AVOID CRASH,IMPROPER BACKING,2000,E,MARQUETTE DR,331,,,,,,,3,NO INDICATION OF INJURY,0,0,0,0,0,5,0,15,7,8,41.7757698807,-87.5763473518,POINT (-87.57634735179 41.775769880715)
ceb47dcc5de82f2eee82ede171c297a5a0630a4c8c10be51ff3186aa334816b14eb576742e2c6ffcbf80d65b96d7b328d1f4ba9a7360be61e7744eb6500b2d9c,,08/23/2025 03:34:00 PM,15,UNKNOWN,UNKNOWN,CLEAR,DAYLIGHT,PARKED MOTOR VEHICLE,OTHER,,STRAIGHT AND LEVEL,DRY,UNKNOWN,ON SCENE,NO INJURY / DRIVE AWAY,,,Y,$500 OR LESS,08/23/2025 03:58:00 PM,UNABLE TO DETERMINE,NOT APPLICABLE,4701,N,KEDZIE AVE,1713,,,,,,,2,NO INDICATION OF INJURY,0,0,0,0,0,1,0,15,7,8,41.9667227461,-87.7082732532,POINT (-87.708273253174 41.966722746097)
356e5c05ff33f8bc68b5650594b56a0d61c6aabeee7776c83f7ad9b4006bfe10516a35c9a8ad67d8ed2532d1eae7c256929db380b37c6257a91e5f266f4fa870,,08/23/2025 03:30:00 PM,10,NO CONTROLS,NO CONTROLS,CLEAR,DAYLIGHT,FIXED OBJECT,PARKING LOT,,STRAIGHT AND LEVEL,DRY,NO DEFECTS,ON SCENE,INJURY AND / OR TOW DUE TO CRASH,,,,"OVER $1,500",08/23/2025 03:31:00 PM,FOLLOWING TOO CLOSELY,NOT APPLICABLE,711,S,PLYMOUTH CT,123,,,,,,,1,NO INDICATION OF INJURY,0,0,0,0,0,1,0,15,7,8,41.8731152226,-87.6285109585,POINT (-87.628510958461 41.873115222648)
dc8573c9f5956beca33af90d418f71a4b4de3930f65590e8013ee8f00fa66e8e8ca83f2c4c2ff64a99788c63b8cfad16ad96ddad4bb52c947fb285af1103c6a2,,08/23/2025 03:30:00 PM,30,UNKNOWN,UNKNOWN,UNKNOWN,UNKNOWN,SIDESWIPE SAME DIRECTION,NOT DIVIDED,,STRAIGHT AND LEVEL,UNKNOWN,UNKNOWN,NOT ON SCENE (DESK REPORT),NO INJURY / DRIVE AWAY,,,,$500 OR LESS,08/23/2025 04:32:00 PM,UNABLE TO DETERMINE,UNABLE TO DETERMINE,1609,W,GREGORY ST,2012,,,,,,,2,NO INDICATION OF INJURY,0,0,0,0,0,2,0,15,7,8,41.9824471883,-87.6702149087,POINT (-87.670214908667 41.98244718827)
c516a2c4ba81bd23bc0ee5a0a6b108c58446fcf8a1b3ad02fee3e53184fbb980812a05fce6f4f471d5f4a712c3cceb43a5e183c743d4c3210c5885b68fae4ba3,Y,08/23/2025 03:20:00 PM,30,TRAFFIC SIGNAL,FUNCTIONING PROPERLY,CLEAR,DAYLIGHT,REAR END,CENTER TURN LANE,,STRAIGHT AND LEVEL,DRY,UNKNOWN,NOT ON SCENE (DESK REPORT),NO INJURY / DRIVE AWAY,,,,"OVER $1,500",08/23/2025 04:40:00 PM,FAILING TO YIELD RIGHT-OF-WAY,NOT APPLICABLE,2440,N,SACRAMENTO AVE,1414,,,,,,,2,NO INDICATION OF INJURY,0,0,0,0,0,2,0,15,7,8,41.9259530147,-87.7024931869,POINT (-87.702493186856 41.925953014708)
d624024fc71a516f367865f33b29a7e9c03ee08129d52901101ca5fb7d34304b329602e103d194e918428fb6ebd1e3692f335d78b04298ae6be0436a9113d480,,08/23/2025 03:20:00 PM,30,NO CONTROLS,NO CONTROLS,CLEAR,DAYLIGHT,ANGLE,NOT DIVIDED,,STRAIGHT AND LEVEL,DRY,NO DEFECTS,,INJURY AND / OR TOW DUE TO CRASH,,,,"OVER $1,500",08/23/2025 06:23:00 PM,FAILING TO YIELD RIGHT-OF-WAY,NOT APPLICABLE,5800,S,PULASKI RD,813,,,,,,,2,NONINCAPACITATING INJURY,1,0,0,1,0,1,0,15,7,8,41.7877089622,-87.7231546648,POINT (-87.723154664842 41.787708962187)
22a924a43a52d3feead7af7309f9b3495b91df7fb824592ff85771c835973aca5b45e1cb9e5481366e3ee06dadfb65651436cebc94c1118684b8e180d52496a1,,08/23/2025 03:00:00 PM,15,NO CONTROLS,NO CONTROLS,CLEAR,DAYLIGHT,REAR END,NOT DIVIDED,,STRAIGHT AND LEVEL,DRY,NO DEFECTS,NOT ON SCENE (DESK REPORT),INJURY AND / OR TOW DUE TO CRASH,,,,"OVER $1,500",08/23/2025 05:30:00 PM,UNABLE TO DETERMINE,NOT APPLICABLE,537,E,111TH ST,531,,,,,,,2,"REPORTED, NOT EVIDENT",1,0,0,0,1,1,0,15,7,8,41.6926759833,-87.6084451739,POINT (-87.608445173873 41.692675983252)
e7775e41c8379349ccad6963766db7a76de3784bd12aaad58baad00ad8f74ae3d79bf0208c4869bb4d2b826f0d1fda3743fed9579a7ce868837a8c489fa87eeb,,08/23/2025 03:00:00 PM,30,UNKNOWN,UNKNOWN,CLEAR,DAYLIGHT,SIDESWIPE SAME DIRECTION,ONE-WAY,,STRAIGHT AND LEVEL,DRY,NO DEFECTS,NOT ON SCENE (DESK REPORT),NO INJURY / DRIVE AWAY,,,,$500 OR LESS,08/24/2025 11:00:00 AM,FAILING TO YIELD RIGHT-OF-WAY,ROAD CONSTRUCTION/MAINTENANCE,838,W,JACKSON BLVD,1232,,,,Y,CONSTRUCTION,,2,NO INDICATION OF INJURY,0,0,0,0,0,2,0,15,7,8,41.8780349873,-87.6487462131,POINT (-87.648746213131 41.878034987331)
ea3269d6eb9afb4e92ed077ca5e543f8ed54d5085422f442099a9c0d40c3b351d9543a0e8f8558d65ff238fca6ca2dfd24a02a747378165153121f3085804228,,08/23/2025 03:00:00 PM,10,NO CONTROLS,NO CONTROLS,CLEAR,DAYLIGHT,PARKED MOTOR VEHICLE,PARKING LOT,,STRAIGHT AND LEVEL,DRY,NO DEFECTS,NOT ON SCENE (DESK REPORT),NO INJURY / DRIVE AWAY,,,,"$501 - $1,500",08/26/2025 09:10:00 PM,FAILING TO REDUCE SPEED TO AVOID CRASH,DRIVING SKILLS/KNOWLEDGE/EXPERIENCE,6401,N,CLARK ST,2432,,,,,,,2,NO INDICATION OF INJURY,0,0,0,0,0,1,0,15,7,8,41.9981457245,-87.6704630237,POINT (-87.670463023676 41.998145724489)
f96f17013d1ff3e16b6051c6dc3996cd9f3c6c3d5f9d657bb0b5a481f0f77577a0bcca5befcf02ecd491754caeedf0cd9bb012e84c0ea58397e04bfc612ee95c,,08/23/2025 03:00:00 PM,30,NO CONTROLS,NO CONTROLS,CLEAR,DAYLIGHT,ANGLE,FOUR WAY,,STRAIGHT AND LEVEL,DRY,NO DEFECTS,NOT ON SCENE (DESK REPORT),NO INJURY / DRIVE AWAY,,,,"$501 - $1,500",08/30/2025 09:45:00 AM,UNABLE TO DETERMINE,NOT APPLICABLE,1352,N,PULASKI RD,2534,,,,,,,2,NO INDICATION OF INJURY,0,0,0,0,0,2,0,15,7,8,41.9059496144,-87.7265497715,POINT (-87.726549771482 41.905949614388)
fd8aa5d27a939d0d67e97e9c85c71e93e37ceed33102becdaaa76e7fb11c29d44858cc370d7dc262d2208050674fa869afae397d2089664b76c7a11f07af4a28,,08/23/2025 03:00:00 PM,30,NO CONTROLS,NO CONTROLS,CLEAR,DAYLIGHT,ANGLE,NOT DIVIDED,,STRAIGHT AND LEVEL,DRY,NO DEFECTS,NOT ON SCENE (DESK REPORT),NO INJURY / DRIVE AWAY,,,,"OVER $1,500",08/23/2025 04:40:00 PM,IMPROPER OVERTAKING/PASSING,UNABLE TO DETERMINE,2333,N,HARLEM AVE,2512,,,,,,,2,NO INDICATION OF INJURY,0,0,0,0,0,2,0,15,7,8,41.9221128573,-87.8060477232,POINT (-87.806047723217 41.922112857283)
fea4dd17e6299b5da68d4ac7b95f91e465d317e3dc8dc2fa78c4ac2df46c0f40ab3571731cfd18763d75fa327cadb958f4b577f4eff5f810b9c6cc22883d555f,,08/23/2025 03:00:00 PM,30,NO CONTROLS,NO CONTROLS,CLEAR,DAYLIGHT,TURNING,DIVIDED - W/MEDIAN (NOT RAISED),,STRAIGHT AND LEVEL,UNKNOWN,UNKNOWN,NOT ON SCENE (DESK REPORT),NO INJURY / DRIVE AWAY,,,,"OVER $1,500",08/23/2025 03:30:00 PM,IMPROPER TURNING/NO SIGNAL,FAILING TO REDUCE SPEED TO AVOID CRASH,1250,W,DIVISION ST,1433,,,,,,,2,NO INDICATION OF INJURY,0,0,0,0,0,2,0,15,7,8,41.9035903141,-87.6592132092,POINT (-87.659213209195 41.903590314092)
2b9d7676f44d54a46a77d8e3fefd5a7798b32e6095893d84b83d5a7b727f4b0314223780ddc7be590eb3141883b15b81a2cd4d13bc9204c0f68e428e6a2050ff,,08/23/2025 02:53:00 PM,30,TRAFFIC SIGNAL,FUNCTIONING PROPERLY,CLEAR,DAYLIGHT,TURNING,FOUR WAY,,STRAIGHT AND LEVEL,DRY,NO DEFECTS,ON SCENE,NO INJURY / DRIVE AWAY,N,,,"OVER $1,500",08/23/2025 02:53:00 PM,UNABLE TO DETERMINE,UNABLE TO DETERMINE,3160,N,LINCOLN AVE,1932,,,,,,,2,NO INDICATION OF INJURY,0,0,0,0,0,5,0,14,7,8,41.9391420558,-87.6681390248,POINT (-87.668139024825 41.939142055832)
34cc2cc1ca8916e5de627a3326eade10fdd1a118f7503c837219e870ec4ee52ba9e3718646b08b466eb87eb3e7bebfc35cdf198395dac97214140cfc9dccc01f,,08/23/2025 02:47:00 PM,30,TRAFFIC SIGNAL,FUNCTIONING PROPERLY,CLEAR,DAYLIGHT,REAR END,DIVIDED - W/MEDIAN (NOT RAISED),,STRAIGHT AND LEVEL,DRY,UNKNOWN,NOT ON SCENE (DESK REPORT),INJURY AND / OR TOW DUE TO CRASH,,,,"OVER $1,500",08/23/2025 06:40:00 PM,FOLLOWING TOO CLOSELY,NOT APPLICABLE,3143,W,AUGUSTA BLVD,1211,,,,,,,2,"REPORTED, NOT EVIDENT",1,0,0,0,1,1,0,14,7,8,41.8990926625,-87.7059470594,POINT (-87.705947059361 41.899092662479)
87a08d70372a42a37296813853481fe08a0ecc2f4615119d97034f9a1c7b7aab7cf4021cfb0e8bbe4a6b93bab4f7d4756b587606238dc13391dbef62263a69d5,,08/23/2025 02:47:00 PM,30,UNKNOWN,UNKNOWN,CLEAR,DAYLIGHT,SIDESWIPE SAME DIRECTION,FOUR WAY,,STRAIGHT AND LEVEL,DRY,UNKNOWN,ON SCENE,NO INJURY / DRIVE AWAY,Y,,,"OVER $1,500",08/23/2025 02:50:00 PM,UNABLE TO DETERMINE,NOT APPLICABLE,2226,W,95TH ST,2221,,,,,,,2,NO INDICATION OF INJURY,0,0,0,0,0,2,0,14,7,8,41.7211027273,-87.6783658647,POINT (-87.678365864663 41.721102727317)
42c00d79c1970128fe9e4a16bce1eaf151b8f00e264ac942911e503a12ddf39e91279ee3568760f6e23b2cb025e4baeb3a5f46d1eb8d39bb9b251d1b154a7c1a,,08/23/2025 02:45:00 PM,30,TRAFFIC SIGNAL,FUNCTIONING PROPERLY,CLEAR,DAYLIGHT,REAR END,DIVIDED - W/MEDIAN (NOT RAISED),,STRAIGHT AND LEVEL,DRY,NO DEFECTS,NOT ON SCENE (DESK REPORT),NO INJURY / DRIVE AWAY,,,,"OVER $1,500",08/23/2025 04:10:00 PM,FOLLOWING TOO CLOSELY,NOT APPLICABLE,2000,E,71ST ST,331,,,,,,,2,NO INDICATION OF INJURY,0,0,0,0,0,2,0,14,7,8,41.7663541571,-87.576243137,POINT (-87.576243136959 41.766354157076)
88a1c16c3c57485cd4afd33f5c06703c34e41399efedf599bae1248ace86b4aa0d46fb9a86f0fe209c34b4154d2f86968f2ab1bbdccd13721a9ea619379dfca6,,08/23/2025 02:45:00 PM,30,TRAFFIC SIGNAL,FUNCTIONING PROPERLY,CLEAR,DAYLIGHT,TURNING,FOUR WAY,,STRAIGHT AND LEVEL,UNKNOWN,UNKNOWN,ON SCENE,INJURY AND / OR TOW DUE TO CRASH,Y,,,"OVER $1,500",08/23/2025 02:54:00 PM,IMPROPER TURNING/NO SIGNAL,FAILING TO YIELD RIGHT-OF-WAY,5200,W,ROOSEVELT RD,1522,,,,,,,2,NO INDICATION OF INJURY,0,0,0,0,0,3,0,14,7,8,41.8658567344,-87.7548716042,POINT (-87.754871604193 41.865856734392)
ca20d3db7fa7383bbb19a849fa571c482751c68d5b1852e9e4c414fefca2190889861c180de72086aca175cf0e566b3574e024769fa53cf26090d20dd2e0c621,,08/23/2025 02:45:00 PM,30,NO CONTROLS,NO CONTROLS,CLEAR,DAYLIGHT,REAR END,NOT DIVIDED,,STRAIGHT AND LEVEL,DRY,NO DEFECTS,NOT ON SCENE (DESK REPORT),NO INJURY / DRIVE AWAY,,,,"OVER $1,500",08/25/2025 11:48:00 AM,FOLLOWING TOO CLOSELY,FOLLOWING TOO CLOSELY,5275,S,ARCHER AVE,815,,,,,,,2,NO INDICATION OF INJURY,0,0,0,0,0,2,0,14,7,8,41.7992877607,-87.7383790237,POINT (-87.738379023687 41.799287760704)
e2709d845fd3ed7463ad5250430bec8386294eca73fadf9a65ac13235b41a3d01ecb0578ff368df391065fbeb681aad5ad5532b228e0502f0015a59bee7851e7,,08/23/2025 02:45:00 PM,30,TRAFFIC SIGNAL,FUNCTIONING PROPERLY,CLEAR,DAYLIGHT,REAR END,DIVIDED - W/MEDIAN (NOT RAISED),,STRAIGHT AND LEVEL,DRY,UNKNOWN,NOT ON SCENE (DESK REPORT),INJURY AND / OR TOW DUE TO CRASH,,,,"OVER $1,500",08/23/2025 03:30:00 PM,IMPROPER BACKING,FOLLOWING TOO CLOSELY,2525,S,PRAIRIE AVE,133,,,,,,,2,NONINCAPACITATING INJURY,1,0,0,1,0,1,0,14,7,8,41.846736474,-87.6203854991,POINT (-87.620385499079 41.846736473958)
311df272ffe632c6d9df506c81d7600715887e4afbab1c695ce8b801c17902964d0162249ca5b4a9511c4d0a80b7cb23278a4640c08e1c60639289a110a3ed7c,,08/23/2025 02:40:00 PM,35,TRAFFIC SIGNAL,FUNCTIONING PROPERLY,CLEAR,DAYLIGHT,TURNING,FOUR WAY,,STRAIGHT AND LEVEL,DRY,UNKNOWN,NOT ON SCENE (DESK REPORT),INJURY AND / OR TOW DUE TO CRASH,Y,,Y,"OVER $1,500",08/23/2025 08:00:00 PM,UNABLE TO DETERMINE,UNABLE TO DETERMINE,4900,S,PULASKI RD,815,,,,,,,2,NO INDICATION OF INJURY,0,0,0,0,0,2,0,14,7,8,41.8041103589,-87.7236234138,POINT (-87.723623413779 41.804110358929)
f5818d7a4d1743dd7f39b59c6f009ef22b1f942bb8d348e1ef1b77136195e54c5fb84aaaf9d033108896003ddca467b6624262932c1958696d905ae415e752ff,,08/23/2025 02:40:00 PM,30,TRAFFIC SIGNAL,FUNCTIONING PROPERLY,CLEAR,DAYLIGHT,REAR END,DIVIDED - W/MEDIAN (NOT RAISED),,STRAIGHT AND LEVEL,DRY,NO DEFECTS,NOT ON SCENE (DESK REPORT),NO INJURY / DRIVE AWAY,Y,,,"OVER $1,500",08/24/2025 12:05:00 PM,FOLLOWING TOO CLOSELY,NOT APPLICABLE,100,E,ROOSEVELT RD,114,,,,,,,2,NO INDICATION OF INJURY,0,0,0,0,0,2,0,14,7,8,41.8675665406,-87.6240941748,POINT (-87.624094174802 41.867566540607)
3122bda0ea28ab1983b1d980c7797480a7f25b69259da7ffbbc5fe9eb5b875d0268b79dc6e63aa1e21ed2e255222f107fec603810cc0010d433fc94ca11d8eaf,,08/23/2025 02:37:00 PM,30,STOP SIGN/FLASHER,OTHER,CLEAR,DAYLIGHT,REAR END,FOUR WAY,,STRAIGHT AND LEVEL,DRY,NO DEFECTS,,INJURY AND / OR TOW DUE TO CRASH,Y,,,"OVER $1,500",08/23/2025 04:23:00 PM,UNABLE TO DETERMINE,NOT APPLICABLE,6600,S,KENWOOD AVE,321,,,,,,,2,NONINCAPACITATING INJURY,1,0,0,1,0,3,0,14,7,8,41.7749870691,-87.5930949069,POINT (-87.593094906929 41.774987069084)
0f6839c2c6570f3af2ebbd46247ed00ec6db653df8566e1f6446f8f458df0f3568bab774292c5d6dae7fb38939d6088c68a665685e8e28fea0e1fcbec4da080f,,08/23/2025 02:30:00 PM,30,TRAFFIC SIGNAL,FUNCTIONING PROPERLY,CLEAR,DAYLIGHT,SIDESWIPE SAME DIRECTION,NOT DIVIDED,,STRAIGHT AND LEVEL,DRY,NO DEFECTS,NOT ON SCENE (DESK REPORT),NO INJURY / DRIVE AWAY,Y,,,"OVER $1,500",08/23/2025 03:48:00 PM,IMPROPER LANE USAGE,NOT APPLICABLE,5500,S,CICERO AVE,813,,,,,,,2,NO INDICATION OF INJURY,0,0,0,0,0,2,0,14,7,8,41.7929108835,-87.742077343,POINT (-87.742077342959 41.792910883497)
41f3593ff2905d4b0e86d44cce12c34254263057e700d3d39f5dd8f4f5224a3a01ccd6ebdc8ca6f229ef00a1f8bb39dbb5c4993b16fa7b7f5bdda73c4fca3cee,,08/23/2025 02:30:00 PM,30,UNKNOWN,NO CONTROLS,CLEAR,DAYLIGHT,OTHER OBJECT,NOT DIVIDED,,STRAIGHT AND LEVEL,DRY,UNKNOWN,ON SCENE,INJURY AND / OR TOW DUE TO CRASH,,,,"OVER $1,500",08/23/2025 02:32:00 PM,UNABLE TO DETERMINE,NOT APPLICABLE,5156,W,DIVERSEY AVE,2521,,,,,,,1,NO INDICATION OF INJURY,0,0,0,0,0,2,0,14,7,8,41.93151204,-87.7562237336,POINT (-87.756223733612 41.931512039997)