CRASH_RECORD_ID,CRASH_DATE_EST_I,CRASH_DATE,POSTED_SPEED_LIMIT,TRAFFIC_CONTROL_DEVICE,DEVICE_CONDITION,WEATHER_CONDITION,LIGHTING_CONDITION,FIRST_CRASH_TYPE,TRAFFICWAY_TYPE,LANE_CNT,ALIGNMENT,ROADWAY_SURFACE_COND,ROAD_DEFECT,REPORT_TYPE,CRASH_TYPE,INTERSECTION_RELATED_I,NOT_RIGHT_OF_WAY_I,HIT_AND_RUN_I,DAMAGE,DATE_POLICE_NOTIFIED,PRIM_CONTRIBUTORY_CAUSE,SEC_CONTRIBUTORY_CAUSE,STREET_NO,STREET_DIRECTION,STREET_NAME,BEAT_OF_OCCURRENCE,PHOTOS_TAKEN_I,STATEMENTS_TAKEN_I,DOORING_I,WORK_ZONE_I,WORK_ZONE_TYPE,WORKERS_PRESENT_I,NUM_UNITS,MOST_SEVERE_INJURY,INJURIES_TOTAL,INJURIES_FATAL,INJURIES_INCAPACITATING,INJURIES_NON_INCAPACITATING,INJURIES_REPORTED_NOT_EVIDENT,INJURIES_NO_INDICATION,INJURIES_UNKNOWN,CRASH_HOUR,CRASH_DAY_OF_WEEK,CRASH_MONTH,LATITUDE,LONGITUDE,LOCATION
8004db95ace27a0b357d880945f9880baf64b7254d6534e0648683b6af9f37c44825a34af8999adc2a43060d03c15d5838ea8ac25c3e2b705853470ad8e18c5d,,08/23/2025 02:30:00 PM,30,UNKNOWN,UNKNOWN,CLEAR,DAYLIGHT,REAR END,NOT DIVIDED,,STRAIGHT AND LEVEL,UNKNOWN,UNKNOWN,NOT ON SCENE (DESK REPORT),NO INJURY / DRIVE AWAY,,,,"OVER $1,500",08/24/2025 02:10:00 PM,UNABLE TO DETERMINE,UNABLE TO DETERMINE,2311,N,HARLEM AVE,2512,,,,,,,2,NO INDICATION OF INJURY,0,0,0,0,0,2,0,14,7,8,41.9214417242,-87.8060264913,POINT (-87.806026491283 41.921441724183)
863285e6da6333019a9cdf5b29b8e1453598c4ae88a41bdb510a579417a0126b16af077cf74109512f8e4bf51578dca2717952ffe33ce47126b7f66ac9f42123,,08/23/2025 02:30:00 PM,30,NO CONTROLS,NO CONTROLS,CLEAR,DAYLIGHT,SIDESWIPE SAME DIRECTION,DIVIDED - W/MEDIAN (NOT RAISED),,STRAIGHT AND LEVEL,DRY,NO DEFECTS,NOT ON SCENE (DESK REPORT),NO INJURY / DRIVE AWAY,,,,"OVER $1,500",08/24/2025 04:40:00 PM,IMPROPER LANE USAGE,NOT APPLICABLE,1200,N,LAKE SHORE DR,1824,,,,,,,2,NO INDICATION OF INJURY,0,0,0,0,0,2,0,14,7,8,41.9040223592,-87.6251604244,POINT (-87.625160424397 41.90402235915)
d29e22d9600bbb657819bc22b6ff803018efccdef401c6d28fab5d8e7f0af8a5a5761502b2815de977f94ea10891e3ae3112480e62a8dafaf787008be72af284,,08/23/2025 02:30:00 PM,40,NO CONTROLS,NO CONTROLS,CLEAR,DAYLIGHT,REAR END,DIVIDED - W/MEDIAN BARRIER,,STRAIGHT AND LEVEL,DRY,NO DEFECTS,ON SCENE,INJURY AND / OR TOW DUE TO CRASH,,,,"OVER $1,500",08/23/2025 02:34:00 PM,FAILING TO REDUCE SPEED TO AVOID CRASH,NOT APPLICABLE,1802,N,LAKE SHORE DR SB,1814,,,,,,,3,NO INDICATION OF INJURY,0,0,0,0,0,10,0,14,7,8,41.9152176718,-87.6277639324,POINT (-87.627763932378 41.915217671797)
dc02eeba2147980a5552096ee1fd6c9228a09a003124f102daa3268a4dc9d479e6a7a43e171752ddb9853290e9691c843556bd0f364153321996493befaaaed1,,08/23/2025 02:30:00 PM,30,UNKNOWN,UNKNOWN,CLEAR,DAYLIGHT,REAR END,UNKNOWN,,STRAIGHT AND LEVEL,DRY,UNKNOWN,NOT ON SCENE (DESK REPORT),NO INJURY / DRIVE AWAY,,,,"OVER $1,500",08/23/2025 04:10:00 PM,UNABLE TO DETERMINE,UNABLE TO DETERMINE,2500,S,DR MARTIN LUTHER KING JR DR,133,,,,,,,2,NO INDICATION OF INJURY,0,0,0,0,0,2,0,14,7,8,41.8475166554,-87.6178626679,POINT (-87.617862667903 41.847516655358)
0678feecf9c94ceaa080b119475de41eebf89396051a4920a7e5e32ee0c4d946146a093ebc80ae13434cda50909d5c91780f0ac606e2f3c12b08cb058d11fdf9,,08/23/2025 02:28:00 PM,30,TRAFFIC SIGNAL,FUNCTIONING PROPERLY,CLEAR,DAYLIGHT,TURNING,DIVIDED - W/MEDIAN (NOT RAISED),,STRAIGHT AND LEVEL,DRY,NO DEFECTS,NOT ON SCENE (DESK REPORT),NO INJURY / DRIVE AWAY,,,,$500 OR LESS,08/23/2025 03:10:00 PM,IMPROPER TURNING/NO SIGNAL,NOT APPLICABLE,1400,S,BLUE ISLAND AVE,1233,,,,,,,2,NO INDICATION OF INJURY,0,0,0,0,0,5,0,14,7,8,41.8632607034,-87.6567290467,POINT (-87.656729046723 41.863260703434)
c765d6283b47bf9854419a84478899c88c044adf3433fc7c64d94aa5fbfb5f946d1cd4d5c54d31c948e57f0ce794ce67788598e5371b27fa6f83f3198069c12a,,08/23/2025 02:28:00 PM,30,NO CONTROLS,NO CONTROLS,CLEAR,DAYLIGHT,REAR END,NOT DIVIDED,,STRAIGHT AND LEVEL,DRY,NO DEFECTS,ON SCENE,INJURY AND / OR TOW DUE TO CRASH,,,,"OVER $1,500",08/23/2025 02:28:00 PM,FOLLOWING TOO CLOSELY,CELL PHONE USE OTHER THAN TEXTING,4143,W,63RD ST,813,,,,,,,3,"REPORTED, NOT EVIDENT",1,0,0,0,1,2,0,14,7,8,41.7784977237,-87.726904842,POINT (-87.726904841983 41.77849772368)
051e33ffd9172f2b93c456e638c9e059224df9412b3c003bf1fed7b2c6fb44072007f816096df45802569b06396102b6888afeca32c347723135ea5926771cbe,,08/23/2025 02:21:00 PM,30,NO CONTROLS,NO CONTROLS,CLEAR,DAYLIGHT,SIDESWIPE SAME DIRECTION,NOT DIVIDED,,STRAIGHT AND LEVEL,DRY,NO DEFECTS,NOT ON SCENE (DESK REPORT),NO INJURY / DRIVE AWAY,,,,"OVER $1,500",08/23/2025 02:50:00 PM,UNABLE TO DETERMINE,NOT APPLICABLE,2207,S,MICHIGAN AVE,132,,,,,,,2,NO INDICATION OF INJURY,0,0,0,0,0,4,0,14,7,8,41.8526171201,-87.6236510834,POINT (-87.623651083372 41.8526171201)
d123e8221ac1c7ec380285da1689d484d1883fc885b4e2f9660780139a1e72214baa0313664242affcdb2db78cbb7f17e670af331bae4044f040278e59d66c78,,08/23/2025 02:12:00 PM,25,NO CONTROLS,NO CONTROLS,CLEAR,DAYLIGHT,PARKED MOTOR VEHICLE,NOT DIVIDED,,STRAIGHT AND LEVEL,DRY,NO DEFECTS,ON SCENE,NO INJURY / DRIVE AWAY,Y,,,"OVER $1,500",08/23/2025 02:48:00 PM,IMPROPER BACKING,IMPROPER BACKING,428,W,WEBSTER AVE,1812,,,,,,,2,NO INDICATION OF INJURY,0,0,0,0,0,1,0,14,7,8,41.9220537395,-87.6401390319,POINT (-87.640139031914 41.92205373953)
2721225214a5b7d1060a6bac39c0a4b21dc9c31b09bd84e2c5268d95806ebd0cc0157a40c75bdba9f00f8859dec538592bddd49bc1730864cb1857655b48359b,,08/23/2025 02:11:00 PM,30,TRAFFIC SIGNAL,FUNCTIONING PROPERLY,CLEAR,DAYLIGHT,TURNING,NOT DIVIDED,,STRAIGHT AND LEVEL,DRY,UNKNOWN,ON SCENE,INJURY AND / OR TOW DUE TO CRASH,,,,"OVER $1,500",08/23/2025 02:45:00 PM,FAILING TO REDUCE SPEED TO AVOID CRASH,UNABLE TO DETERMINE,3700,W,ADDISON ST,1732,,,,,,,2,NONINCAPACITATING INJURY,1,0,0,1,0,2,0,14,7,8,41.9465790562,-87.720186259,POINT (-87.720186259046 41.946579056193)
0865a8897a9f8b4d6aae65468405bb39d4ba18037ed4179772457bada2fb9719f7b7f82c6edec6888e033a434e003836cfc1ba6653c70f47ebcfbf6755d98fbd,,08/23/2025 02:00:00 PM,30,NO CONTROLS,NO CONTROLS,CLEAR,DAYLIGHT,REAR END,NOT DIVIDED,,STRAIGHT AND LEVEL,DRY,NO DEFECTS,NOT ON SCENE (DESK REPORT),NO INJURY / DRIVE AWAY,,,,"$501 - $1,500",08/23/2025 02:49:00 PM,FOLLOWING TOO CLOSELY,NOT APPLICABLE,6504,S,CALIFORNIA AVE,831,,,,,,,2,NO INDICATION OF INJURY,0,0,0,0,0,3,0,14,7,8,41.7752432832,-87.6934390156,POINT (-87.693439015597 41.775243283168)
ec19a71b49bf262b2deae6b46914c4777fe1878263d31b1aafe213e18f4a1fe58660da5ad9d3f7bfb42610bb1fd822ee98ff5a70f95a3a85e854b60bd2d81c64,Y,08/23/2025 02:00:00 PM,25,NO CONTROLS,NO CONTROLS,UNKNOWN,UNKNOWN,PARKED MOTOR VEHICLE,ONE-WAY,,STRAIGHT AND LEVEL,UNKNOWN,NO DEFECTS,NOT ON SCENE (DESK REPORT),NO INJURY / DRIVE AWAY,,,Y,"OVER $1,500",08/24/2025 09:45:00 AM,UNABLE TO DETERMINE,UNABLE TO DETERMINE,525,W,DEMING PL,1935,,,,,,,2,NO INDICATION OF INJURY,0,0,0,0,0,1,0,14,7,8,41.9281606172,-87.6431269724,POINT (-87.6431269724 41.928160617216)
f2097b4a61392679465f864680a02ec6926e88bf1e1e126bc60538cdbbe3adc1f826764e560a7dbe029024245608544c4b0c03f79cec935e709fa782ffa8f37f,,08/23/2025 01:55:00 PM,30,TRAFFIC SIGNAL,FUNCTIONING PROPERLY,CLEAR,DAYLIGHT,PEDALCYCLIST,CENTER TURN LANE,,STRAIGHT AND LEVEL,DRY,NO DEFECTS,ON SCENE,INJURY AND / OR TOW DUE TO CRASH,,,,$500 OR LESS,08/23/2025 02:03:00 PM,IMPROPER OVERTAKING/PASSING,IMPROPER OVERTAKING/PASSING,2199,S,CALIFORNIA AVE,1023,,,,,,,2,NONINCAPACITATING INJURY,1,0,0,1,0,1,0,13,7,8,41.8519493646,-87.6952998547,POINT (-87.695299854729 41.85194936456)
296cfa12255d24f081ed38f0f40b862f5077844fb22780184327e3a84bf421d48dfd4433a86e1cd8c75be2156cbb0b94d1983f4346b2227405c0528e36a38c84,,08/23/2025 01:38:00 PM,30,NO CONTROLS,NO CONTROLS,CLEAR,DAYLIGHT,PEDALCYCLIST,NOT DIVIDED,,STRAIGHT AND LEVEL,DRY,NO DEFECTS,ON SCENE,INJURY AND / OR TOW DUE TO CRASH,,,Y,$500 OR LESS,08/23/2025 01:38:00 PM,FAILING TO YIELD RIGHT-OF-WAY,NOT APPLICABLE,2253,N,MILWAUKEE AVE,1431,,,,,,,2,"REPORTED, NOT EVIDENT",1,0,0,0,1,1,0,13,7,8,41.9219004012,-87.6954875737,POINT (-87.695487573669 41.921900401225)
fd260c39a4746acde988d7628540e9e6cebe7ade36301750447abf66d8cdb79dd9f5a533e9e3feb70557caefbe4ede433e22ff9ecf29dd3373f57464237b5f6d,,08/23/2025 01:32:00 PM,30,STOP SIGN/FLASHER,FUNCTIONING PROPERLY,CLEAR,DAYLIGHT,REAR END,ONE-WAY,,STRAIGHT AND LEVEL,DRY,NO DEFECTS,ON SCENE,INJURY AND / OR TOW DUE TO CRASH,,,Y,"OVER $1,500",08/23/2025 01:34:00 PM,UNABLE TO DETERMINE,NOT APPLICABLE,1401,S,RIDGEWAY AVE,1011,,,,,,,2,"REPORTED, NOT EVIDENT",3,0,0,0,3,2,0,13,7,8,41.8623686934,-87.7188149559,POINT (-87.718814955857 41.862368693398)
7351a4ff60b299147722c08e28c7a76f2aff5b8b972c7466fcc99ced3cecbf6fbaae126ba03862f26ddbdd33a49a652cf5f4040a1376675c69325931b115d6b6,,08/23/2025 01:30:00 PM,30,NO CONTROLS,NO CONTROLS,CLEAR,DAYLIGHT,TURNING,NOT DIVIDED,,STRAIGHT AND LEVEL,DRY,NO DEFECTS,ON SCENE,INJURY AND / OR TOW DUE TO CRASH,,,Y,"$501 - $1,500",08/23/2025 01:30:00 PM,IMPROPER TURNING/NO SIGNAL,NOT APPLICABLE,3939,W,OGDEN AVE,1013,,,,,,,2,NONINCAPACITATING INJURY,1,0,0,1,0,1,0,13,7,8,41.8512884884,-87.7238508433,POINT (-87.723850843329 41.851288488406)
8dcfb2f6f59420e79d2d183b87268cd1cb593d2e3ff0a888f29e86510daed0aa1dd71eb210b6a81425e4152052b7a4eb540d07f793cf4774aaf529582edc0911,,08/23/2025 01:30:00 PM,30,UNKNOWN,UNKNOWN,CLEAR,DAYLIGHT,PARKED MOTOR VEHICLE,UNKNOWN,,STRAIGHT AND LEVEL,UNKNOWN,UNKNOWN,NOT ON SCENE (DESK REPORT),NO INJURY / DRIVE AWAY,,,Y,"OVER $1,500",08/26/2025 10:30:00 AM,UNABLE TO DETERMINE,UNABLE TO DETERMINE,6425,S,LOWE AVE,723,,,,,,,2,NO INDICATION OF INJURY,0,0,0,0,0,1,0,13,7,8,41.7772211998,-87.6406535511,POINT (-87.64065355106 41.77722119984)
b9568ae72cf484abcba10c3c385a1af63e52d05d97b325a4cb3d38c0f25c4849f44e763d6b7bcd77e60a770e1289afcb78aa0592cb4551ee556ac602f7e1f498,,08/23/2025 01:30:00 PM,40,NO CONTROLS,NO CONTROLS,CLEAR,DAYLIGHT,REAR END,NOT DIVIDED,,STRAIGHT AND LEVEL,DRY,NO DEFECTS,NOT ON SCENE (DESK REPORT),NO INJURY / DRIVE AWAY,,,,"$501 - $1,500",08/24/2025 11:00:00 AM,UNABLE TO DETERMINE,UNABLE TO DETERMINE,1410,S,SPECIAL OLYMPICS DR,132,,,,,,,2,NO INDICATION OF INJURY,0,0,0,0,0,2,0,13,7,8,,,
990b9106f5cd506ba6809f6497f848849d3d8cc817391b0c002bfa401de8689d786083933ca9841607fb5d3d8b0b2c4ac0a3675bcdce60fff2d0b0077d48c5f1,,08/23/2025 01:28:00 PM,30,NO CONTROLS,NO CONTROLS,CLEAR,DAYLIGHT,REAR END,NOT DIVIDED,,STRAIGHT AND LEVEL,DRY,NO DEFECTS,ON SCENE,INJURY AND / OR TOW DUE TO CRASH,,,,$500 OR LESS,08/23/2025 01:28:00 PM,FAILING TO REDUCE SPEED TO AVOID CRASH,FOLLOWING TOO CLOSELY,3601,W,55TH ST,822,,,,,,,2,"REPORTED, NOT EVIDENT",1,0,0,0,1,1,0,13,7,8,41.793246431,-87.7136291648,POINT (-87.713629164848 41.793246431036)
f8e68f4e7d4ff5057e667bd1be214291b4bbb116bc51df4eb441ef806eff3c9830662f770afb80488d28c436c00a92f83c331104139f4578e1917d0b8882ab11,,08/23/2025 01:25:00 PM,30,STOP SIGN/FLASHER,OTHER,CLEAR,DAYLIGHT,ANGLE,DIVIDED - W/MEDIAN (NOT RAISED),,STRAIGHT AND LEVEL,DRY,NO DEFECTS,ON SCENE,INJURY AND / OR TOW DUE TO CRASH,,,,"OVER $1,500",08/23/2025 01:30:00 PM,UNABLE TO DETERMINE,UNABLE TO DETERMINE,1500,N,HOMAN AVE,1422,,,,,,,3,"REPORTED, NOT EVIDENT",2,0,0,0,2,0,0,13,7,8,41.9082679289,-87.711998413,POINT (-87.711998412997 41.908267928897)
72ac53e9a141dca8094eabcf19d02edbd0ef0e863b09e8ee13009bd2a82dcd99762caa6f6d340a25519dba7320c73ef73b6a064d3bd5fa48ab3b46070e837214,,08/23/2025 01:20:00 PM,30,TRAFFIC SIGNAL,FUNCTIONING PROPERLY,CLEAR,DAYLIGHT,TURNING,FOUR WAY,,STRAIGHT AND LEVEL,DRY,NO DEFECTS,NOT ON SCENE (DESK REPORT),NO INJURY / DRIVE AWAY,Y,,,"OVER $1,500",08/23/2025 11:15:00 PM,FAILING TO YIELD RIGHT-OF-WAY,UNABLE TO DETERMINE,2318,S,STATE ST,131,,,,,,,2,NO INDICATION OF INJURY,0,0,0,0,0,2,0,13,7,8,41.8504630735,-87.6271762419,POINT (-87.627176241878 41.850463073497)
90e8c73eeb5e17c2b372e93baa8df01070d49bd70c2865ad313e492da9077c9fa9147e3f38003472cf9a4de76f6c41b266c73743336e7a46303c7f8f2951f2bc,,08/23/2025 01:13:00 PM,30,NO CONTROLS,NO CONTROLS,CLEAR,DAYLIGHT,FIXED OBJECT,ONE-WAY,,STRAIGHT AND LEVEL,DRY,NO DEFECTS,ON SCENE,INJURY AND / OR TOW DUE TO CRASH,,,,"OVER $1,500",08/23/2025 01:14:00 PM,"EVASIVE ACTION DUE TO ANIMAL, OBJECT, NONMOTORIST",UNABLE TO DETERMINE,6801,W,SCHOOL ST,1632,,,,,,,1,NO INDICATION OF INJURY,0,0,0,0,0,1,0,13,7,8,41.9398697854,-87.7958258818,POINT (-87.795825881808 41.939869785365)
81c050bbc5c39ef9055bab231a6d9c377375d53ff505a56789a9898c961cb1be59d950944a1b185200fdec5b6f4f703aadf7900d626b513d8741d32b3a63cc1d,,08/23/2025 01:10:00 PM,30,TRAFFIC SIGNAL,FUNCTIONING PROPERLY,CLEAR,DAYLIGHT,SIDESWIPE SAME DIRECTION,DIVIDED - W/MEDIAN (NOT RAISED),,STRAIGHT AND LEVEL,DRY,UNKNOWN,ON SCENE,NO INJURY / DRIVE AWAY,,,,"OVER $1,500",08/23/2025 01:15:00 PM,FAILING TO YIELD RIGHT-OF-WAY,IMPROPER OVERTAKING/PASSING,2675,W,DIVERSEY AVE,1411,,,,,,,2,NO INDICATION OF INJURY,0,0,0,0,0,2,0,13,7,8,41.9320009511,-87.6949222794,POINT (-87.694922279366 41.932000951146)
79a3f572691664e8bb345e82a48f9e4488acbf68212f4819019446188cc59e287d395e1841b57c7123e3863e5fd12db3723d8dc97005f104a2233e59752df3db,,08/23/2025 01:04:00 PM,30,NO CONTROLS,NO CONTROLS,CLEAR,DAYLIGHT,REAR END,NOT DIVIDED,,STRAIGHT AND LEVEL,DRY,NO DEFECTS,NOT ON SCENE (DESK REPORT),NO INJURY / DRIVE AWAY,,,,"$501 - $1,500",08/23/2025 01:04:00 PM,FOLLOWING TOO CLOSELY,FOLLOWING TOO CLOSELY,5225,W,NORTH AVE,2532,,,,,,,2,NO INDICATION OF INJURY,0,0,0,0,0,2,0,13,7,8,41.9093813447,-87.7566288913,POINT (-87.756628891275 41.90938134469)
dae8f8e9cc04858c3f8ad23cafda8ad06e9fa9fa9dd0983861175c16973637b2954ce8e50784723f8d13069c9eed3946639cdebd9c21fe279e2f3215bf836de8,,08/23/2025 01:01:00 PM,15,NO CONTROLS,NO CONTROLS,CLEAR,DAYLIGHT,ANGLE,ALLEY,,STRAIGHT AND LEVEL,DRY,NO DEFECTS,NOT ON SCENE (DESK REPORT),NO INJURY / DRIVE AWAY,,,,"OVER $1,500",08/23/2025 03:16:00 PM,FAILING TO YIELD RIGHT-OF-WAY,NOT APPLICABLE,6006,S,SACRAMENTO AVE,823,,,,,,,2,NO INDICATION OF INJURY,0,0,0,0,0,2,0,13,7,8,41.7842414115,-87.6985577698,POINT (-87.698557769769 41.784241411504)
46cb579cbd6fbd55c392b2443f28acc62ceb2f215982902151710a497e8d81d6ce9666da65d26e1c927d6e17eb8e228930d344894dbb64507af5bd87b38a6832,,08/23/2025 01:00:00 PM,15,NO CONTROLS,NO CONTROLS,CLEAR,DAYLIGHT,PARKED MOTOR VEHICLE,PARKING LOT,,STRAIGHT AND LEVEL,UNKNOWN,UNKNOWN,ON SCENE,INJURY AND / OR TOW DUE TO CRASH,,Y,Y,"OVER $1,500",08/23/2025 02:23:00 PM,UNABLE TO DETERMINE,UNABLE TO DETERMINE,1233,W,GRANVILLE AVE,2433,,,,,,,2,NO INDICATION OF INJURY,0,0,0,0,0,1,0,13,7,8,41.9944292931,-87.6618137388,POINT (-87.661813738838 41.994429293055)
4c6694e49aed025d3a11400e89401640877e00689e0f89525b70ed77ecf2d9e055913ab9c719311c6d5201578432c054eb65c2093207ba1556e0bea578a72a69,,08/23/2025 01:00:00 PM,30,NO CONTROLS,NO CONTROLS,CLEAR,DAYLIGHT,ANGLE,NOT DIVIDED,,STRAIGHT AND LEVEL,DRY,NO DEFECTS,NOT ON SCENE (DESK REPORT),NO INJURY / DRIVE AWAY,,,,"OVER $1,500",08/23/2025 03:40:00 PM,FAILING TO YIELD RIGHT-OF-WAY,UNABLE TO DETERMINE,5998,W,DIVISION ST,2531,,,,,,,2,NO INDICATION OF INJURY,0,0,0,0,0,2,0,13,7,8,41.9021083131,-87.7753035846,POINT (-87.775303584631 41.902108313105)
ccdceb57205182143f394fe359eec9347e1aeb0e54eb03d05ec23eafab541b8414ef56ee03d89f731d0b9f54935d1e411fd5f6294b6d0a078e3ca0e1959ff9f0,,08/23/2025 12:57:00 PM,30,STOP SIGN/FLASHER,FUNCTIONING PROPERLY,CLEAR,DAYLIGHT,PEDALCYCLIST,FOUR WAY,,STRAIGHT AND LEVEL,DRY,NO DEFECTS,ON SCENE,INJURY AND / OR TOW DUE TO CRASH,Y,,,"$501 - $1,500",08/23/2025 12:57:00 PM,FAILING TO YIELD RIGHT-OF-WAY,IMPROPER LANE USAGE,2600,S,ST LOUIS AVE,1032,,,,,,,2,NONINCAPACITATING INJURY,1,0,0,1,0,2,0,12,7,8,41.8443192713,-87.7124938154,POINT (-87.712493815362 41.844319271342)
350dbf3f35fb554aee77df1a17d01680377139aa40f99bb19afb2a8dc1d18fe38ca39e42125cb34acc3015b4b4cb3dbe04939e5c95af40171e6c228c3738716e,,08/23/2025 12:55:00 PM,30,TRAFFIC SIGNAL,FUNCTIONING PROPERLY,CLEAR,DAYLIGHT,REAR END,DIVIDED - W/MEDIAN (NOT RAISED),,STRAIGHT AND LEVEL,DRY,NO DEFECTS,ON SCENE,NO INJURY / DRIVE AWAY,,,,"OVER $1,500",08/23/2025 12:57:00 PM,FOLLOWING TOO CLOSELY,NOT APPLICABLE,814,W,NORTH AVE,1813,,,,,,,3,NO INDICATION OF INJURY,0,0,0,0,0,4,0,12,7,8,41.9110198041,-87.6489323436,POINT (-87.648932343567 41.911019804084)
f35bbd20c1de51215950c7922b815b5fa8e2761a0a35548d84be6a6c6c2805e8a4c9ae209cd7331223a7d73265c42e39f6fb22a3ce47f648c7d9f184b3801036,,08/23/2025 12:55:00 PM,35,TRAFFIC SIGNAL,UNKNOWN,CLEAR,DAYLIGHT,TURNING,FOUR WAY,,STRAIGHT AND LEVEL,DRY,UNKNOWN,ON SCENE,INJURY AND / OR TOW DUE TO CRASH,Y,,,"$501 - $1,500",08/23/2025 01:01:00 PM,DISREGARDING TRAFFIC SIGNALS,DISREGARDING TRAFFIC SIGNALS,7445,N,SHERIDAN RD,2422,,,,,,,5,NONINCAPACITATING INJURY,2,0,0,2,0,3,0,12,7,8,42.0175705186,-87.6653848779,POINT (-87.665384877915 42.017570518615)
40717f1bf819f2c29f393c106ae8e443b353fbf64932791213f02d5462e7119b65df9a4f0736c4dce19645933a7f7dff6c8d6bf0c069a38afdd7edd716f5be85,Y,08/23/2025 12:51:00 PM,30,NO CONTROLS,NO CONTROLS,CLEAR,"DARKNESS, LIGHTED ROAD",FIXED OBJECT,DIVIDED - W/MEDIAN (NOT RAISED),,STRAIGHT AND LEVEL,DRY,NO DEFECTS,ON SCENE,INJURY AND / OR TOW DUE TO CRASH,,,,"OVER $1,500",08/23/2025 11:58:00 PM,PHYSICAL CONDITION OF DRIVER,PHYSICAL CONDITION OF DRIVER,6634,N,WESTERN AVE,2412,,,,,,,1,NO INDICATION OF INJURY,0,0,0,0,0,1,0,12,7,8,42.0023009113,-87.6901479151,POINT (-87.690147915136 42.002300911327)
6abf691dfd4ff35d5a6cefa8cf1ec69fcff5ab363a5a4a0913b98b4631c1bb7156c6520f5161299f1a7114d22cba22d9331882dea892e8016f8834a1badfea2c,,08/23/2025 12:45:00 PM,30,NO CONTROLS,NO CONTROLS,CLEAR,DAYLIGHT,PARKED MOTOR VEHICLE,ONE-WAY,,STRAIGHT AND LEVEL,DRY,NO DEFECTS,NOT ON SCENE (DESK REPORT),NO INJURY / DRIVE AWAY,,,,"$501 - $1,500",08/23/2025 01:59:00 PM,NOT APPLICABLE,NOT APPLICABLE,6300,S,CAMPBELL AVE,825,,,,,,,2,NO INDICATION OF INJURY,0,0,0,0,0,3,0,12,7,8,41.7791308215,-87.6862371058,POINT (-87.686237105817 41.779130821462)
2b63e9765a9b5df6a38f141b3805bb4689c8679a8ca9bf5ddea526717ee44c1c1fc03cd8dde0c134323d5c3b6480d880f42b84e67033564af3ec9bfad6b14cb9,,08/23/2025 12:27:00 PM,30,NO CONTROLS,NO CONTROLS,CLEAR,"DARKNESS, LIGHTED ROAD",FIXED OBJECT,DIVIDED - W/MEDIAN (NOT RAISED),,STRAIGHT AND LEVEL,DRY,NO DEFECTS,NOT ON SCENE (DESK REPORT),NO INJURY / DRIVE AWAY,,,,"OVER $1,500",08/23/2025 03:27:00 PM,UNABLE TO DETERMINE,NOT APPLICABLE,2439,S,KOSTNER AVE,1013,,,,,,,1,NO INDICATION OF INJURY,0,0,0,0,0,1,0,12,7,8,41.8465415669,-87.7341959082,POINT (-87.73419590818 41.846541566894)
74eceb023120401d59f6dd2e8383c4ee10bac11f254135a114481c9468efc2984086d2f17cbaef0a7be7b002c39d8ac7552e3f5823053dfacf02e7d7fd0b1975,,08/23/2025 12:24:00 PM,30,TRAFFIC SIGNAL,UNKNOWN,UNKNOWN,DAYLIGHT,REAR END,Y-INTERSECTION,,STRAIGHT AND LEVEL,UNKNOWN,UNKNOWN,NOT ON SCENE (DESK REPORT),NO INJURY / DRIVE AWAY,Y,,Y,"OVER $1,500",08/23/2025 01:25:00 PM,FOLLOWING TOO CLOSELY,FAILING TO REDUCE SPEED TO AVOID CRASH,1150,N,MILWAUKEE AVE,1213,,,,,,,2,NO INDICATION OF INJURY,0,0,0,0,0,2,0,12,7,8,41.9025294536,-87.6654093109,POINT (-87.665409310884 41.902529453556)
98461011d88ab6f29139fc4eedc17fdbdbb8bfdc76457ca520b0da213afdd46308290cfe7822bac00d65a60e761e8dec2b7cd7620653c6ed9e88a9ea2c0cf6ad,,08/23/2025 12:20:00 PM,30,NO CONTROLS,NO CONTROLS,CLEAR,DAYLIGHT,PEDESTRIAN,NOT DIVIDED,,"CURVE, LEVEL",DRY,NO DEFECTS,ON SCENE,INJURY AND / OR TOW DUE TO CRASH,,,,$500 OR LESS,08/23/2025 12:31:00 PM,UNABLE TO DETERMINE,UNABLE TO DETERMINE,1101,N,HOMAN AVE,1121,,,,,,,2,NONINCAPACITATING INJURY,1,0,0,1,0,1,0,12,7,8,41.9010965953,-87.7114742576,POINT (-87.7114742576 41.901096595277)
f8243bb5bd7d3eb4d6f798d9c4c3f800f09ec9d8a717c376610578414770ccb0b2e2c2851d75d7890c6275f0b5412a7c9fb70ca035ce26de8769a8cb5e8e17e5,,08/23/2025 12:20:00 PM,30,NO CONTROLS,UNKNOWN,UNKNOWN,UNKNOWN,PARKED MOTOR VEHICLE,NOT DIVIDED,,STRAIGHT AND LEVEL,UNKNOWN,UNKNOWN,NOT ON SCENE (DESK REPORT),INJURY AND / OR TOW DUE TO CRASH,,,Y,"OVER $1,500",08/23/2025 02:39:00 PM,UNABLE TO DETERMINE,UNABLE TO DETERMINE,1640,W,OGDEN AVE,1224,,,,,,,2,NO INDICATION OF INJURY,0,0,0,0,0,1,0,12,7,8,41.8799555403,-87.6680599844,POINT (-87.668059984356 41.879955540342)
61e6d4b18eb8da451a5dfff9e8398ae08ef499f594261590138fae8c356c7fea7313caa2f7adf13152609116777d53c3e7efc93d911e0ed49458689f7a3846cb,,08/23/2025 12:15:00 PM,30,NO CONTROLS,NO CONTROLS,CLEAR,DAYLIGHT,REAR END,NOT DIVIDED,,STRAIGHT AND LEVEL,DRY,NO DEFECTS,NOT ON SCENE (DESK REPORT),NO INJURY / DRIVE AWAY,,,,"$501 - $1,500",08/23/2025 03:05:00 PM,FOLLOWING TOO CLOSELY,NOT APPLICABLE,5925,S,PULASKI RD,822,,,,,,,2,NO INDICATION OF INJURY,0,0,0,0,0,4,0,12,7,8,41.7850764903,-87.7227906487,POINT (-87.722790648656 41.78507649032)