CRASH_RECORD_ID,CRASH_DATE_EST_I,CRASH_DATE,POSTED_SPEED_LIMIT,TRAFFIC_CONTROL_DEVICE,DEVICE_CONDITION,WEATHER_CONDITION,LIGHTING_CONDITION,FIRST_CRASH_TYPE,TRAFFICWAY_TYPE,LANE_CNT,ALIGNMENT,ROADWAY_SURFACE_COND,ROAD_DEFECT,REPORT_TYPE,CRASH_TYPE,INTERSECTION_RELATED_I,NOT_RIGHT_OF_WAY_I,HIT_AND_RUN_I,DAMAGE,DATE_POLICE_NOTIFIED,PRIM_CONTRIBUTORY_CAUSE,SEC_CONTRIBUTORY_CAUSE,STREET_NO,STREET_DIRECTION,STREET_NAME,BEAT_OF_OCCURRENCE,PHOTOS_TAKEN_I,STATEMENTS_TAKEN_I,DOORING_I,WORK_ZONE_I,WORK_ZONE_TYPE,WORKERS_PRESENT_I,NUM_UNITS,MOST_SEVERE_INJURY,INJURIES_TOTAL,INJURIES_FATAL,INJURIES_INCAPACITATING,INJURIES_NON_INCAPACITATING,INJURIES_REPORTED_NOT_EVIDENT,INJURIES_NO_INDICATION,INJURIES_UNKNOWN,CRASH_HOUR,CRASH_DAY_OF_WEEK,CRASH_MONTH,LATITUDE,LONGITUDE,LOCATION
6823ce5648472da3c3a6f0c96587e1944507a7cad55dc6a6939fa5695047170d74917e3f04c275752dcf455eb3d5583d730d16f66ea2bf3ac140419073e183bc,,08/23/2025 12:15:00 PM,30,STOP SIGN/FLASHER,FUNCTIONING PROPERLY,CLEAR,DAYLIGHT,TURNING,FOUR WAY,,STRAIGHT AND LEVEL,DRY,UNKNOWN,ON SCENE,NO INJURY / DRIVE AWAY,Y,,,"OVER $1,500",08/23/2025 12:20:00 PM,IMPROPER OVERTAKING/PASSING,UNABLE TO DETERMINE,5100,S,HOMAN AVE,822,,,,,,,2,NO INDICATION OF INJURY,0,0,0,0,0,2,0,12,7,8,41.8006581684,-87.7088144539,POINT (-87.708814453886 41.800658168433)
744e8cdb7c1897ae15d58ba83735c85a3eb5ef28a2d22a9c9c09bb53ed2c4f169b6d6bae62aa0c051316a718719f11538400db3fb9f584c381eb413102ef1d4a,,08/23/2025 12:15:00 PM,15,NO CONTROLS,NO CONTROLS,CLEAR,DAYLIGHT,ANGLE,PARKING LOT,,STRAIGHT AND LEVEL,DRY,NO DEFECTS,NOT ON SCENE (DESK REPORT),NO INJURY / DRIVE AWAY,,Y,,"OVER $1,500",08/23/2025 01:20:00 PM,UNABLE TO DETERMINE,NOT APPLICABLE,6401,N,CLARK ST,2432,,,,,,,2,NO INDICATION OF INJURY,0,0,0,0,0,2,0,12,7,8,41.9981457245,-87.6704630237,POINT (-87.670463023676 41.998145724489)
d1b6d919638890143b50f74fe6d1cd3d9deb51ccd95b570cb268b574d74b1f326a2adb078bfeb02b5c3778f310e05701d94fbf74706bfd533acdeda7a4492f09,,08/23/2025 12:15:00 PM,30,TRAFFIC SIGNAL,FUNCTIONING PROPERLY,CLEAR,DAYLIGHT,REAR END,NOT DIVIDED,,STRAIGHT AND LEVEL,DRY,NO DEFECTS,ON SCENE,NO INJURY / DRIVE AWAY,,,,"OVER $1,500",08/25/2025 12:25:00 PM,FOLLOWING TOO CLOSELY,NOT APPLICABLE,1016,W,HOLLYWOOD AVE,2022,Y,,,,,,2,NO INDICATION OF INJURY,0,0,0,0,0,2,0,12,7,8,41.9856287672,-87.6560034502,POINT (-87.656003450219 41.985628767245)
6e5c74d689deff3ce1cc21c8b64f1028f03b6e9fa2e2ea5c4f15c93c23e46593d378bc1fd7f6201a8a76ccac649d42e3b461456f5893101a54e29fd7c8a3f117,,08/23/2025 12:10:00 PM,30,TRAFFIC SIGNAL,FUNCTIONING PROPERLY,CLEAR,DAYLIGHT,REAR END,DIVIDED - W/MEDIAN BARRIER,,STRAIGHT AND LEVEL,DRY,NO DEFECTS,NOT ON SCENE (DESK REPORT),INJURY AND / OR TOW DUE TO CRASH,,,,"$501 - $1,500",08/23/2025 12:30:00 PM,FOLLOWING TOO CLOSELY,UNABLE TO DETERMINE,400,S,MICHIGAN AVE,113,,,,,,,2,"REPORTED, NOT EVIDENT",2,0,0,0,2,2,0,12,7,8,41.8769380115,-87.6244366179,POINT (-87.624436617945 41.876938011523)
9c990472204c5534af4f2ab7fb10057669418b298fc412b0fdbc1013f3642cf168502c7dd1e48b54e5ec5b3cee846c48e24a6f5bc5fc39393e61bbdf15a74623,,08/23/2025 12:06:00 PM,15,NO CONTROLS,NO CONTROLS,CLEAR,DAYLIGHT,REAR TO SIDE,NOT DIVIDED,,STRAIGHT AND LEVEL,DRY,NO DEFECTS,ON SCENE,NO INJURY / DRIVE AWAY,,,,"$501 - $1,500",08/23/2025 12:45:00 PM,IMPROPER BACKING,FAILING TO YIELD RIGHT-OF-WAY,6818,W,BARRY AVE,2511,,,,,,,2,NO INDICATION OF INJURY,0,0,0,0,0,2,0,12,7,8,41.9364449705,-87.7964682243,POINT (-87.796468224325 41.936444970492)
818130ea58204d6aa8a55d810c25d86b0276c0afb7d67cf039d404a78d8276a94ea9f74d991d2f940d57819bbc6f184e7c2904e856571c3173911c9835b63db4,,08/23/2025 12:05:00 PM,30,UNKNOWN,UNKNOWN,UNKNOWN,UNKNOWN,SIDESWIPE SAME DIRECTION,NOT DIVIDED,,STRAIGHT AND LEVEL,UNKNOWN,UNKNOWN,NOT ON SCENE (DESK REPORT),NO INJURY / DRIVE AWAY,,,,$500 OR LESS,08/23/2025 01:42:00 PM,UNABLE TO DETERMINE,UNABLE TO DETERMINE,1360,N,SANDBURG TER,1821,,,,,,,2,NO INDICATION OF INJURY,0,0,0,0,0,2,0,12,7,8,41.9076781127,-87.6323420542,POINT (-87.632342054197 41.907678112684)
017786a58de03def32df8c13fc151fcab162056ef890ddf147afe69fe4af5ab696d4ef3213e6cef813faf602e0730ae97aca665ac3b459445b436f4461099045,Y,08/23/2025 12:00:00 PM,30,STOP SIGN/FLASHER,FUNCTIONING PROPERLY,CLEAR,DAYLIGHT,ANGLE,FOUR WAY,,STRAIGHT AND LEVEL,DRY,NO DEFECTS,NOT ON SCENE (DESK REPORT),INJURY AND / OR TOW DUE TO CRASH,Y,,,"$501 - $1,500",08/31/2025 12:00:00 PM,FAILING TO YIELD RIGHT-OF-WAY,FAILING TO YIELD RIGHT-OF-WAY,6500,N,DAMEN AVE,2412,,,,,,,2,"REPORTED, NOT EVIDENT",1,0,0,0,1,1,0,12,7,8,41.9997345695,-87.6803433147,POINT (-87.680343314729 41.999734569496)
27c1df80d79fb0d02a72d149e7c3e4cba21886f204689167ae81b6f4cc87dc29eb2014516ac364732889473e4be842fd3cdbf5a5bcc3f03aa9a460de539a111d,,08/23/2025 12:00:00 PM,30,NO CONTROLS,NO CONTROLS,CLEAR,DAYLIGHT,PARKED MOTOR VEHICLE,DIVIDED - W/MEDIAN BARRIER,,STRAIGHT AND LEVEL,DRY,NO DEFECTS,NOT ON SCENE (DESK REPORT),NO INJURY / DRIVE AWAY,,,,"$501 - $1,500",08/24/2025 10:50:00 AM,IMPROPER BACKING,UNABLE TO DETERMINE,2941,W,GRAND AVE,1211,,,,,,,2,NO INDICATION OF INJURY,0,0,0,0,0,2,0,12,7,8,41.895892937,-87.7008802073,POINT (-87.700880207349 41.895892936962)
a2422bde334e7f6f1e1cd244fd43810c0f1564a2756d9463b433a0cc2614440bf36ecffe1de80bca131b0b4128cf9be3dd46f130d8622bcc1b3ced4ffa365113,,08/23/2025 12:00:00 PM,30,NO CONTROLS,NO CONTROLS,CLEAR,DAYLIGHT,SIDESWIPE OPPOSITE DIRECTION,PARKING LOT,,STRAIGHT AND LEVEL,DRY,NO DEFECTS,NOT ON SCENE (DESK REPORT),NO INJURY / DRIVE AWAY,,Y,,"$501 - $1,500",08/23/2025 12:00:00 PM,IMPROPER OVERTAKING/PASSING,UNABLE TO DETERMINE,5160,N,NORTHWEST HWY,1623,,,,,,,2,NO INDICATION OF INJURY,0,0,0,0,0,3,0,12,7,8,41.9742009597,-87.7669094664,POINT (-87.7669094664 41.974200959687)
ee80cd127dfeccbd23ee3851c66cf07dc2938d6d0fedcc45954ab97d8ccb71f32888ba7b231966d39bd67a0994b65c18820d345e62920cabd2a6510dbfd9f37d,,08/23/2025 12:00:00 PM,30,TRAFFIC SIGNAL,FUNCTIONING PROPERLY,CLEAR,DAYLIGHT,TURNING,FOUR WAY,,STRAIGHT AND LEVEL,DRY,NO DEFECTS,ON SCENE,INJURY AND / OR TOW DUE TO CRASH,Y,,,"OVER $1,500",08/23/2025 12:03:00 PM,FAILING TO YIELD RIGHT-OF-WAY,NOT APPLICABLE,2598,S,MICHIGAN AVE,133,,,,,,,2,NO INDICATION OF INJURY,0,0,0,0,0,3,0,12,7,8,41.8457282892,-87.6237852689,POINT (-87.623785268854 41.845728289162)
ffe8c29e957887335f60da932a449daca717256cad779c2d7309769f3a9fcad83a639b2320a45ece242b55dcaa14fe91f1adbc86fb7de8ab84d83f5bfdc0b28f,Y,08/23/2025 12:00:00 PM,30,NO CONTROLS,NO CONTROLS,CLEAR,DAYLIGHT,PARKED MOTOR VEHICLE,NOT DIVIDED,,STRAIGHT AND LEVEL,DRY,NO DEFECTS,ON SCENE,NO INJURY / DRIVE AWAY,,,Y,"OVER $1,500",08/23/2025 12:00:00 PM,NOT APPLICABLE,NOT APPLICABLE,2100,N,MULLIGAN AVE,2512,,,,,,,2,NO INDICATION OF INJURY,0,0,0,0,0,1,0,12,7,8,41.9183443587,-87.7842112243,POINT (-87.784211224322 41.918344358691)
ce4ebb88b8c2962dcaf40f79bc32b41914fac421c7c551e49bfc13f70a73df1937efb4a946ff316c45b7de3987a780d330e29165643ec1e30766220266fae0fe,,08/23/2025 11:55:00 AM,25,NO CONTROLS,NO CONTROLS,CLEAR,DAYLIGHT,PARKED MOTOR VEHICLE,NOT DIVIDED,,STRAIGHT AND LEVEL,DRY,NO DEFECTS,ON SCENE,NO INJURY / DRIVE AWAY,,,Y,"OVER $1,500",08/23/2025 11:57:00 AM,UNABLE TO DETERMINE,UNABLE TO DETERMINE,6121,N,GLENWOOD AVE,2433,,,,,,,3,NO INDICATION OF INJURY,0,0,0,0,0,1,0,11,7,8,41.9933377457,-87.6650970989,POINT (-87.665097098894 41.99333774566)
8ecd1bcf16405f4846c88f920e9986a2fd17c1098893077211e195b85227ff646ff7e70f2be1b44ba21c1d88223aaf09ad5f08867ce49f344c7908f932aa65b6,,08/23/2025 11:54:00 AM,30,NO CONTROLS,NO CONTROLS,CLEAR,DAYLIGHT,REAR END,NOT DIVIDED,,STRAIGHT AND LEVEL,DRY,NO DEFECTS,ON SCENE,NO INJURY / DRIVE AWAY,,,,"OVER $1,500",08/23/2025 11:54:00 AM,NOT APPLICABLE,NOT APPLICABLE,8100,S,DR MARTIN LUTHER KING JR DR,631,,,,,,,2,NO INDICATION OF INJURY,0,0,0,0,0,2,0,11,7,8,41.7473694713,-87.6150147819,POINT (-87.61501478186 41.747369471252)
6420bf3239eb2253b603c5850960f69d247d69a269201de9f01b5c2b5368d7d0d4d5c794686d89b7ccd0b193299b17945dcd408b047974efeabc64d0ba1d5c9d,,08/23/2025 11:50:00 AM,30,NO CONTROLS,NO CONTROLS,CLEAR,DAYLIGHT,ANGLE,NOT DIVIDED,,STRAIGHT AND LEVEL,DRY,UNKNOWN,ON SCENE,INJURY AND / OR TOW DUE TO CRASH,,,,"OVER $1,500",08/23/2025 11:51:00 AM,FAILING TO YIELD RIGHT-OF-WAY,NOT APPLICABLE,954,W,WILSON AVE,1914,,,,,,,2,"REPORTED, NOT EVIDENT",1,0,0,0,1,2,0,11,7,8,41.9655434507,-87.6545223034,POINT (-87.65452230336 41.965543450707)
ae8ef5485fbe89efecf3be409e5b9747b07626467147dc523daa536d5c8d032e9f4f8e3b8e8d4a1ff791e1b72b0296b7ed1cb4688695ba3ad0fbd94175b42c17,,08/23/2025 11:50:00 AM,30,NO CONTROLS,NO CONTROLS,CLEAR,DAYLIGHT,PARKED MOTOR VEHICLE,ONE-WAY,,STRAIGHT AND LEVEL,DRY,NO DEFECTS,NOT ON SCENE (DESK REPORT),NO INJURY / DRIVE AWAY,,,Y,"OVER $1,500",08/25/2025 07:00:00 AM,UNABLE TO DETERMINE,NOT APPLICABLE,3306,N,NOTTINGHAM AVE,1632,,,,,,,2,NO INDICATION OF INJURY,0,0,0,0,0,1,0,11,7,8,41.9401086312,-87.8044909381,POINT (-87.804490938082 41.940108631162)
893388ac124ab54ca548eac23da812b3bcb15890e3258c2dd35b779f63ae222c5cd8e5e0262c203adefa8de7dfa22949e1a9ded78f54058d5682eb03f87ab079,,08/23/2025 11:48:00 AM,10,NO CONTROLS,NO CONTROLS,CLEAR,DAYLIGHT,SIDESWIPE SAME DIRECTION,PARKING LOT,,STRAIGHT AND LEVEL,DRY,NO DEFECTS,ON SCENE,NO INJURY / DRIVE AWAY,,,,"OVER $1,500",08/23/2025 11:48:00 AM,UNABLE TO DETERMINE,NOT APPLICABLE,4626,W,DIVERSEY AVE,2521,,,,,,,2,NO INDICATION OF INJURY,0,0,0,0,0,2,0,11,7,8,41.9316889194,-87.7430169468,POINT (-87.743016946831 41.931688919351)
5d4c2ccdf1c6872e66445c65678345d72eb15f4fc8710ed3c20cd7e5a74994c01315a3e2700fc5b1b87e52f694d7a22812395d084dc33ddee255c9a3b1eea15b,,08/23/2025 11:45:00 AM,30,NO CONTROLS,NO CONTROLS,CLEAR,DAYLIGHT,TURNING,NOT DIVIDED,,STRAIGHT AND LEVEL,DRY,NO DEFECTS,NOT ON SCENE (DESK REPORT),NO INJURY / DRIVE AWAY,,,,"OVER $1,500",08/23/2025 12:26:00 PM,UNABLE TO DETERMINE,UNABLE TO DETERMINE,8638,S,KEDZIE AVE,834,,,,,,,2,NO INDICATION OF INJURY,0,0,0,0,0,2,0,11,7,8,41.735817878,-87.7021775054,POINT (-87.702177505352 41.735817878007)
29118953acd1ade515cb5423051368a56b0efc3230c8f4ae197a9a08061d8ae688ff092f4e015bb2e546c033087f41f05b63b6c3e593e3ebe9a291dff2375d12,Y,08/23/2025 11:40:00 AM,20,STOP SIGN/FLASHER,FUNCTIONING PROPERLY,CLEAR,DAYLIGHT,ANGLE,T-INTERSECTION,,STRAIGHT AND LEVEL,DRY,NO DEFECTS,NOT ON SCENE (DESK REPORT),NO INJURY / DRIVE AWAY,Y,,,"OVER $1,500",08/23/2025 12:00:00 PM,DISREGARDING STOP SIGN,UNABLE TO DETERMINE,1676,W,BRYN MAWR AVE,2012,,,,,,,2,NO INDICATION OF INJURY,0,0,0,0,0,2,0,11,7,8,41.9835360398,-87.6728981736,POINT (-87.672898173612 41.983536039753)
4848e220b6a0e95f02a3ab26eb46ad544efb27b74d03efc20708c1901fca8c73d6eaee11bd5fa9107d9a1e72db35eba7380b318d837a9212d98c55ee83baa69d,,08/23/2025 11:35:00 AM,30,NO CONTROLS,NO CONTROLS,CLEAR,DAYLIGHT,SIDESWIPE SAME DIRECTION,NOT DIVIDED,,STRAIGHT AND LEVEL,DRY,NO DEFECTS,NOT ON SCENE (DESK REPORT),NO INJURY / DRIVE AWAY,,,,"OVER $1,500",08/28/2025 08:05:00 PM,DRIVING SKILLS/KNOWLEDGE/EXPERIENCE,NOT APPLICABLE,60,W,47TH ST,215,,,,,,,2,NO INDICATION OF INJURY,0,0,0,0,0,2,0,11,7,8,41.809307955,-87.6281393133,POINT (-87.628139313291 41.809307955009)
0810240ba28745fa00e6a8eaf7b32d482854e2d40dbd50fd3b932684d4ea5aaad6f20c40fd01f051e1054939148a6e9dc4945541157a8aff7f40b748f43b78fd,,08/23/2025 11:30:00 AM,40,NO CONTROLS,NO CONTROLS,CLEAR,DAYLIGHT,FIXED OBJECT,DIVIDED - W/MEDIAN BARRIER,,STRAIGHT AND LEVEL,DRY,NO DEFECTS,NOT ON SCENE (DESK REPORT),NO INJURY / DRIVE AWAY,,,,"$501 - $1,500",08/23/2025 11:40:00 AM,UNABLE TO DETERMINE,UNABLE TO DETERMINE,3101,S,LAKE SHORE DR NB,211,,,,,,,1,NO INDICATION OF INJURY,0,0,0,0,0,1,0,11,7,8,41.8384769877,-87.6081524496,POINT (-87.608152449557 41.838476987678)
ae6051b0d64949ffa1d526f00eb042fe1a1e69059601efff0f9b47210981e2c038257e4bcb17a81390f06153e788a592271e607d419cf3356ff3cdb0d694827a,,08/23/2025 11:30:00 AM,30,TRAFFIC SIGNAL,FUNCTIONING PROPERLY,CLEAR,DAYLIGHT,REAR END,DIVIDED - W/MEDIAN BARRIER,,STRAIGHT AND LEVEL,DRY,NO DEFECTS,NOT ON SCENE (DESK REPORT),NO INJURY / DRIVE AWAY,,,Y,"OVER $1,500",08/23/2025 01:00:00 PM,UNABLE TO DETERMINE,UNABLE TO DETERMINE,5500,S,ASHLAND AVE,715,,,,,,,2,NO INDICATION OF INJURY,0,0,0,0,0,2,0,11,7,8,41.7935901159,-87.6647209959,POINT (-87.664720995935 41.793590115883)
e1ff7c58c2e8b62393f788d371299e1cb3a35640970586a57764e8c4a3c2ab558bf61b5400b0c7423feef9bc7027af938573830639d0ca2b3351766e6a4d8a99,,08/23/2025 11:25:00 AM,15,NO CONTROLS,NO CONTROLS,CLEAR,DAYLIGHT,REAR TO FRONT,PARKING LOT,,STRAIGHT AND LEVEL,DRY,NO DEFECTS,ON SCENE,NO INJURY / DRIVE AWAY,,Y,,"OVER $1,500",08/23/2025 11:40:00 AM,UNABLE TO DETERMINE,UNABLE TO DETERMINE,601,S,CICERO AVE,1131,,,,,,,2,NO INDICATION OF INJURY,0,0,0,0,0,3,0,11,7,8,41.8731001533,-87.7448502264,POINT (-87.744850226374 41.873100153311)
58fb81fda1c1d478d478a22af60ef91b62be01c8813cb125d91538362b16b2d2c2c423741ae995d32abcf2077bc9cc13f361ae43495fceb680be65513d74a2c2,,08/23/2025 11:23:00 AM,30,TRAFFIC SIGNAL,FUNCTIONING PROPERLY,CLEAR,DAYLIGHT,REAR END,NOT DIVIDED,,STRAIGHT AND LEVEL,DRY,NO DEFECTS,ON SCENE,NO INJURY / DRIVE AWAY,,,,"OVER $1,500",08/23/2025 11:29:00 AM,DISTRACTION - FROM INSIDE VEHICLE,NOT APPLICABLE,1501,N,WESTERN AVE,1424,,,,,,,3,NO INDICATION OF INJURY,0,0,0,0,0,4,0,11,7,8,41.9085852151,-87.6870291699,POINT (-87.687029169867 41.908585215052)
244605cbff2679795b58aad09f3cb509d3473e4918e06742c634b26269f680d49cba19ecb505b36b784444e91e10db56dd0ec16cbfc362045fa0ec4e9a6ec37e,,08/23/2025 11:22:00 AM,30,TRAFFIC SIGNAL,FUNCTIONING PROPERLY,CLEAR,DAYLIGHT,TURNING,Y-INTERSECTION,,STRAIGHT AND LEVEL,DRY,NO DEFECTS,NOT ON SCENE (DESK REPORT),NO INJURY / DRIVE AWAY,Y,,,"OVER $1,500",08/23/2025 11:22:00 AM,FOLLOWING TOO CLOSELY,DRIVING SKILLS/KNOWLEDGE/EXPERIENCE,2336,N,DAMEN AVE,1432,,,,,,,2,NO INDICATION OF INJURY,0,0,0,0,0,3,0,11,7,8,41.9238407697,-87.6779902909,POINT (-87.677990290852 41.923840769672)
f2baac36ff054df8eca45c06b7c3fcdec37168548a08b2a946d41d3c4627135f4c0e6763914bc837f8404574a747e8583190499f9495afb9dc3004aaf145f4b7,,08/23/2025 11:16:00 AM,30,NO CONTROLS,NO CONTROLS,UNKNOWN,UNKNOWN,REAR END,NOT DIVIDED,,STRAIGHT AND LEVEL,UNKNOWN,UNKNOWN,NOT ON SCENE (DESK REPORT),NO INJURY / DRIVE AWAY,,,,"OVER $1,500",08/24/2025 01:28:00 PM,FOLLOWING TOO CLOSELY,FOLLOWING TOO CLOSELY,2159,N,HARLEM AVE,2512,,,,,,,2,NO INDICATION OF INJURY,0,0,0,0,0,3,0,11,7,8,41.9197666694,-87.8059724769,POINT (-87.805972476944 41.919766669392)
afed93d80a4381b8b632e1dc9f890e07e5b3da7c8d31847ee805f3b0cfae2661dd396d89dfbd53cb95d2339ee8f7bf67380327303250e4df9576f8697811db7e,,08/23/2025 11:15:00 AM,30,TRAFFIC SIGNAL,FUNCTIONING PROPERLY,CLEAR,DAYLIGHT,TURNING,FOUR WAY,,STRAIGHT AND LEVEL,DRY,NO DEFECTS,ON SCENE,NO INJURY / DRIVE AWAY,,,Y,$500 OR LESS,08/23/2025 11:23:00 AM,IMPROPER TURNING/NO SIGNAL,FAILING TO YIELD RIGHT-OF-WAY,200,W,119TH ST,522,,,,,,,2,NO INDICATION OF INJURY,0,0,0,0,0,2,0,11,7,8,41.6780812072,-87.6275225533,POINT (-87.627522553349 41.678081207186)
5df37f8964b17a76176b866d3f6e73bbf8c5c8ac314dc263880adc18b3126cb64d24152528fc26a448f8e7abb7c6bda376f0afcaa3cd819a6c8560ba1cac8443,,08/23/2025 11:10:00 AM,30,UNKNOWN,UNKNOWN,CLEAR,DAYLIGHT,ANGLE,NOT DIVIDED,,STRAIGHT AND LEVEL,UNKNOWN,UNKNOWN,NOT ON SCENE (DESK REPORT),NO INJURY / DRIVE AWAY,,,,"OVER $1,500",08/23/2025 11:45:00 AM,UNABLE TO DETERMINE,NOT APPLICABLE,2656,N,ELSTON AVE,1432,,,,,,,2,NO INDICATION OF INJURY,0,0,0,0,0,2,0,11,7,8,41.9298489966,-87.6846437835,POINT (-87.684643783527 41.929848996597)
9b6147bd641c940b328f73dd3ed1f1ce6cd3cebb5041fc2831f7b46818ea63cfc18078035aaedb508060cc7b38ef40d47589f78d85b9d9055d1783a662b894a7,,08/23/2025 11:00:00 AM,30,STOP SIGN/FLASHER,NO CONTROLS,CLEAR,DAYLIGHT,SIDESWIPE OPPOSITE DIRECTION,DIVIDED - W/MEDIAN (NOT RAISED),,STRAIGHT AND LEVEL,WET,NO DEFECTS,NOT ON SCENE (DESK REPORT),NO INJURY / DRIVE AWAY,,,,"OVER $1,500",08/24/2025 07:45:00 PM,UNABLE TO DETERMINE,UNABLE TO DETERMINE,1820,W,107TH ST,2212,,,,,,,2,NO INDICATION OF INJURY,0,0,0,0,0,2,0,11,7,8,41.6993995677,-87.6677273862,POINT (-87.667727386159 41.699399567684)
d77efb51d723ecdf620a9c782b79f5d44da577cf69ac8d030969cb358b4a7f3eecc9635b7f1c28bdd7882d215186bf22875aae0b507c2f7baa1205d9af789d8e,,08/23/2025 10:58:00 AM,30,NO CONTROLS,NO CONTROLS,CLEAR,DAYLIGHT,ANGLE,NOT DIVIDED,,STRAIGHT AND LEVEL,DRY,UNKNOWN,ON SCENE,INJURY AND / OR TOW DUE TO CRASH,,,,"OVER $1,500",08/23/2025 11:00:00 AM,IMPROPER LANE USAGE,IMPROPER LANE USAGE,347,W,60TH ST,711,,,,,,,2,NONINCAPACITATING INJURY,2,0,0,2,0,0,0,10,7,8,41.7852760762,-87.6345601462,POINT (-87.63456014622 41.785276076174)
15b042ee830fdeadf62438d02d1f645cd1a0c3321b2c626fa410284be070b02be4268f7c6bd9c71a5045cdf7bcce9082515efdfee683d755c6e79669997b2068,,08/23/2025 10:50:00 AM,30,NO CONTROLS,NO CONTROLS,CLEAR,DARKNESS,PARKED MOTOR VEHICLE,ONE-WAY,,STRAIGHT AND LEVEL,DRY,NO DEFECTS,ON SCENE,NO INJURY / DRIVE AWAY,,,,"OVER $1,500",08/23/2025 07:06:00 PM,NOT APPLICABLE,NOT APPLICABLE,5255,W,KAMERLING AVE,2532,,,,,,,2,NO INDICATION OF INJURY,0,0,0,0,0,1,0,10,7,8,41.9048325089,-87.7580738629,POINT (-87.758073862856 41.90483250888)
58b19e88c3d50d342f0cc8c4463d068f300b51209d6a6be23d1f4d8963a9604e729685c5c10c8a9d315475700b1ea0ce1176d6699288195dbeca32c12d4090b7,,08/23/2025 10:50:00 AM,20,NO CONTROLS,NO CONTROLS,CLEAR,DAYLIGHT,PARKED MOTOR VEHICLE,ONE-WAY,,STRAIGHT AND LEVEL,DRY,NO DEFECTS,ON SCENE,NO INJURY / DRIVE AWAY,,,,"$501 - $1,500",08/23/2025 10:59:00 AM,IMPROPER BACKING,NOT APPLICABLE,8032,S,PAXTON AVE,414,,,,,,,2,NO INDICATION OF INJURY,0,0,0,0,0,8,0,10,7,8,41.7488554089,-87.5712093961,POINT (-87.571209396099 41.74885540893)
c91c0c2d537fd8e814a8b3096495eb9e9fab5d1b804f39f5c0d3dd54137bb181ac1e79fafbc1214cc4f17bc38ce526cdb6efb81d7a1e9e9d20f23edd99bca407,,08/23/2025 10:50:00 AM,30,NO CONTROLS,NO CONTROLS,CLEAR,DAYLIGHT,PEDALCYCLIST,NOT DIVIDED,,STRAIGHT AND LEVEL,DRY,NO DEFECTS,ON SCENE,INJURY AND / OR TOW DUE TO CRASH,,,,"$501 - $1,500",08/23/2025 10:55:00 AM,FAILING TO YIELD RIGHT-OF-WAY,UNABLE TO DETERMINE,6350,W,MONTROSE AVE,1622,,,,,,,2,"REPORTED, NOT EVIDENT",1,0,0,0,1,1,0,10,7,8,41.9603334976,-87.7864090976,POINT (-87.786409097624 41.960333497624)
0dbf603420a733f92e35b60631e0658604e2bb0c545de6aee1d7c24360885678e46ddcc4bf52f5bdd507cf19179c22ec20dc8438cd539edca1584e27f00de1aa,,08/23/2025 10:49:00 AM,30,TRAFFIC SIGNAL,FUNCTIONING PROPERLY,CLEAR,DAYLIGHT,TURNING,"FIVE POINT, OR MORE",,"CURVE, LEVEL",DRY,NO DEFECTS,,INJURY AND / OR TOW DUE TO CRASH,Y,,,"OVER $1,500",08/23/2025 10:49:00 AM,FAILING TO YIELD RIGHT-OF-WAY,"VISION OBSCURED (SIGNS, TREE LIMBS, BUILDINGS, ETC.)",3160,W,TOUHY AVE,2411,,Y,,,,,2,NO INDICATION OF INJURY,0,0,0,0,0,2,0,10,7,8,42.0119723009,-87.7089476988,POINT (-87.708947698816 42.011972300941)
a26f3981bd92c0fe08bc52a99e833aaff8ebdd10f2630df87206108034f1430ed5fb3fd2866c0609ebd1f848186d373de1cad9e653cbd0cd9f8ec3658b2014f3,,08/23/2025 10:45:00 AM,30,UNKNOWN,UNKNOWN,CLEAR,DAYLIGHT,REAR END,NOT DIVIDED,,STRAIGHT AND LEVEL,DRY,NO DEFECTS,NOT ON SCENE (DESK REPORT),NO INJURY / DRIVE AWAY,,,,"OVER $1,500",08/23/2025 11:10:00 AM,UNABLE TO DETERMINE,UNABLE TO DETERMINE,2656,N,ELSTON AVE,1432,,,,,,,2,NO INDICATION OF INJURY,0,0,0,0,0,2,0,10,7,8,41.9298489966,-87.6846437835,POINT (-87.684643783527 41.929848996597)
eb3cc69cef229d58e4a5305951a344d0c31c3fecc18f7ebbc78ee0b6fc48358ab8a50ea5f66c6c83ddd059736f8d7eec9bb12fe2b730fd979facd6730007ff79,,08/23/2025 10:45:00 AM,30,TRAFFIC SIGNAL,FUNCTIONING PROPERLY,CLEAR,DAYLIGHT,REAR END,NOT DIVIDED,,STRAIGHT AND LEVEL,DRY,UNKNOWN,ON SCENE,INJURY AND / OR TOW DUE TO CRASH,,,,"OVER $1,500",08/23/2025 11:02:00 AM,UNABLE TO DETERMINE,UNABLE TO DETERMINE,5615,S,HARLEM AVE,811,,,,,,,4,NO INDICATION OF INJURY,0,0,0,0,0,8,0,10,7,8,41.7896473265,-87.8012858227,POINT (-87.801285822745 41.789647326498)