CRASH_RECORD_ID,CRASH_DATE_EST_I,CRASH_DATE,POSTED_SPEED_LIMIT,TRAFFIC_CONTROL_DEVICE,DEVICE_CONDITION,WEATHER_CONDITION,LIGHTING_CONDITION,FIRST_CRASH_TYPE,TRAFFICWAY_TYPE,LANE_CNT,ALIGNMENT,ROADWAY_SURFACE_COND,ROAD_DEFECT,REPORT_TYPE,CRASH_TYPE,INTERSECTION_RELATED_I,NOT_RIGHT_OF_WAY_I,HIT_AND_RUN_I,DAMAGE,DATE_POLICE_NOTIFIED,PRIM_CONTRIBUTORY_CAUSE,SEC_CONTRIBUTORY_CAUSE,STREET_NO,STREET_DIRECTION,STREET_NAME,BEAT_OF_OCCURRENCE,PHOTOS_TAKEN_I,STATEMENTS_TAKEN_I,DOORING_I,WORK_ZONE_I,WORK_ZONE_TYPE,WORKERS_PRESENT_I,NUM_UNITS,MOST_SEVERE_INJURY,INJURIES_TOTAL,INJURIES_FATAL,INJURIES_INCAPACITATING,INJURIES_NON_INCAPACITATING,INJURIES_REPORTED_NOT_EVIDENT,INJURIES_NO_INDICATION,INJURIES_UNKNOWN,CRASH_HOUR,CRASH_DAY_OF_WEEK,CRASH_MONTH,LATITUDE,LONGITUDE,LOCATION
52c0cb33ff9fa085f6e038dfad2520a80925183b0bb45dc7d2405ba9ae9785c8ae6d6627a24885c44dac208e93a552c4940624bb642041da708af6f7f37a6455,,08/23/2025 10:40:00 AM,25,NO CONTROLS,NO CONTROLS,CLEAR,DAYLIGHT,TURNING,T-INTERSECTION,,STRAIGHT AND LEVEL,DRY,NO DEFECTS,ON SCENE,NO INJURY / DRIVE AWAY,Y,,,"$501 - $1,500",08/23/2025 10:42:00 AM,IMPROPER OVERTAKING/PASSING,IMPROPER LANE USAGE,1529,W,47TH ST,933,,,,Y,CONSTRUCTION,Y,2,NO INDICATION OF INJURY,0,0,0,0,0,2,0,10,7,8,41.8085115767,-87.6636907734,POINT (-87.663690773367 41.808511576675)
a50ca990d5a4ad1d446a18125461c9d6ae325269d78ad02ee0236498050ad6cc5db46a584945104df4b210d27ed7025c92cdefe58d366fcbba5b43c7752ff330,,08/23/2025 10:38:00 AM,30,TRAFFIC SIGNAL,FUNCTIONING PROPERLY,CLEAR,DAYLIGHT,PARKED MOTOR VEHICLE,ONE-WAY,,STRAIGHT AND LEVEL,DRY,UNKNOWN,ON SCENE,NO INJURY / DRIVE AWAY,Y,,,"OVER $1,500",08/23/2025 10:38:00 AM,UNABLE TO DETERMINE,UNABLE TO DETERMINE,571,W,JACKSON BLVD,121,,,,,,,2,NO INDICATION OF INJURY,0,0,0,0,0,2,0,10,7,8,41.8778947259,-87.6424539022,POINT (-87.642453902192 41.877894725871)
152d715a381beae1889e87e735f6ced5b454a851356f77a149e3b83c6805fee7a1b25bf5636d8fca3cd7039b915f8af2ed7b192084527298561e85209b3d5a19,,08/23/2025 10:32:00 AM,30,NO CONTROLS,NO CONTROLS,CLEAR,DAYLIGHT,REAR END,NOT DIVIDED,,STRAIGHT AND LEVEL,DRY,NO DEFECTS,NOT ON SCENE (DESK REPORT),NO INJURY / DRIVE AWAY,,,,"OVER $1,500",08/23/2025 05:18:00 PM,NOT APPLICABLE,NOT APPLICABLE,7158,W,59TH ST,811,,,,,,,2,NO INDICATION OF INJURY,0,0,0,0,0,2,0,10,7,8,41.7848017703,-87.8010773435,POINT (-87.801077343476 41.784801770288)
12fc06953ab13d9fc83fd84667ab19086e0de5b935baf73249390ac14af410c3604293878a6ffa09c24612296ed3f7567035bfbff9a4fddf7af8ed1f917fa670,,08/23/2025 10:30:00 AM,30,TRAFFIC SIGNAL,FUNCTIONING PROPERLY,CLEAR,DAYLIGHT,SIDESWIPE SAME DIRECTION,DIVIDED - W/MEDIAN BARRIER,,STRAIGHT AND LEVEL,DRY,NO DEFECTS,NOT ON SCENE (DESK REPORT),NO INJURY / DRIVE AWAY,,,Y,"OVER $1,500",08/23/2025 06:30:00 PM,IMPROPER LANE USAGE,NOT APPLICABLE,215,W,NORTH AVE,1821,,,,,,,2,NO INDICATION OF INJURY,0,0,0,0,0,2,0,10,7,8,41.9110475412,-87.6353819801,POINT (-87.63538198008 41.911047541226)
ecab2df95c3787b1ec43592d6f3bcde0b403bfae517e2ca0fcf868073c6a206701a9214a91465f74802154fb1eca2601ba743bfd9466e8d6d290c70ef12399fc,,08/23/2025 10:30:00 AM,15,NO CONTROLS,NO CONTROLS,CLEAR,DAYLIGHT,PARKED MOTOR VEHICLE,OTHER,,STRAIGHT AND LEVEL,OTHER,UNKNOWN,NOT ON SCENE (DESK REPORT),NO INJURY / DRIVE AWAY,,,,"OVER $1,500",08/24/2025 06:00:00 PM,UNABLE TO DETERMINE,UNABLE TO DETERMINE,601,S,MICHIGAN AVE,114,,,,,,,2,NO INDICATION OF INJURY,0,0,0,0,0,1,0,10,7,8,41.874376938,-87.6240858834,POINT (-87.624085883427 41.874376937955)
f8fc93ff7470b1c1f1808e0d796bc2b441f50b224e5388339979803a16a3839e62d23961489e560aff00cfd082c9f07de90fc0055f65fc4c31ff644c69f7e26b,,08/23/2025 10:16:00 AM,30,STOP SIGN/FLASHER,NO CONTROLS,CLEAR,DAYLIGHT,ANGLE,UNKNOWN INTERSECTION TYPE,,STRAIGHT AND LEVEL,DRY,NO DEFECTS,ON SCENE,INJURY AND / OR TOW DUE TO CRASH,,,,"$501 - $1,500",08/23/2025 10:17:00 AM,FAILING TO YIELD RIGHT-OF-WAY,DRIVING SKILLS/KNOWLEDGE/EXPERIENCE,11098,S,DOTY AVE W,513,,,,,,,2,INCAPACITATING INJURY,2,0,2,0,0,0,0,10,7,8,41.6928932432,-87.6007342982,POINT (-87.600734298249 41.692893243231)
6447570c00c4e4a4a7d8e9d454a12c2cfac81e491eec676e6c40a188b4a9b3027afbb605f9bc079263a448359088012cfff89b1863e6051a3db88b1e5862d9c4,,08/23/2025 10:15:00 AM,30,NO CONTROLS,NO CONTROLS,CLEAR,DAYLIGHT,PARKED MOTOR VEHICLE,OTHER,,STRAIGHT AND LEVEL,DRY,NO DEFECTS,NOT ON SCENE (DESK REPORT),NO INJURY / DRIVE AWAY,,,Y,"$501 - $1,500",08/23/2025 03:42:00 PM,NOT APPLICABLE,NOT APPLICABLE,5919,S,EMERALD AVE,711,,,,,,,2,NO INDICATION OF INJURY,0,0,0,0,0,1,0,10,7,8,41.7864733954,-87.6436102571,POINT (-87.64361025706 41.78647339543)
be774c106e4d6d0dec3615212e95cd6c011c79c681ff5300e9a6ebcc129423413bcef4c1c0661795b51fe064fc6e4d606eaf564e821cbbc47dde1f40e0a55490,,08/23/2025 10:00:00 AM,30,TRAFFIC SIGNAL,FUNCTIONING PROPERLY,CLEAR,DAYLIGHT,REAR END,DIVIDED - W/MEDIAN (NOT RAISED),,STRAIGHT AND LEVEL,DRY,NO DEFECTS,,NO INJURY / DRIVE AWAY,,,,"OVER $1,500",08/23/2025 11:20:00 AM,UNABLE TO DETERMINE,NOT APPLICABLE,4213,S,CICERO AVE,815,,,,,,,2,NO INDICATION OF INJURY,0,0,0,0,0,2,0,10,7,8,41.8163044171,-87.7432322876,POINT (-87.743232287572 41.81630441713)
f246491bad60fa72dd350b9cf49f70c53365df1d2b5240370e0b082ada4f599a69e24dd253775ffaa9253aa188918f466de0eea460f9c57ef054418938e1ab6b,Y,08/23/2025 10:00:00 AM,30,NO CONTROLS,NO CONTROLS,UNKNOWN,UNKNOWN,PARKED MOTOR VEHICLE,NOT DIVIDED,,STRAIGHT AND LEVEL,UNKNOWN,NO DEFECTS,NOT ON SCENE (DESK REPORT),NO INJURY / DRIVE AWAY,,,Y,"$501 - $1,500",08/26/2025 07:35:00 AM,UNABLE TO DETERMINE,UNABLE TO DETERMINE,1381,W,HUBBARD ST,1215,,,,,,,2,NO INDICATION OF INJURY,0,0,0,0,0,1,0,10,7,8,41.88983286,-87.6621678347,POINT (-87.662167834679 41.889832860013)
e47349fde88967aa68aa9b27aebdecf9bf66bea9d0d998e6172339d94982c84a4c74dca4c47133bb27375827bbaec58bd35094384c7857826e818248811023a6,,08/23/2025 09:50:00 AM,30,TRAFFIC SIGNAL,UNKNOWN,UNKNOWN,UNKNOWN,REAR END,UNKNOWN,,STRAIGHT AND LEVEL,UNKNOWN,UNKNOWN,NOT ON SCENE (DESK REPORT),NO INJURY / DRIVE AWAY,,,,"OVER $1,500",08/25/2025 03:50:00 PM,UNABLE TO DETERMINE,UNABLE TO DETERMINE,3500,S,EMERALD AVE,915,,,,,,,2,NO INDICATION OF INJURY,0,0,0,0,0,2,0,9,7,8,41.8306727503,-87.6450340355,POINT (-87.645034035501 41.830672750274)
254511453bf3023b24d0d94040a5afedfb5e3e80483aac7fef41c1956e010822c9b2240afeba23272af5b2188b56bfd367cffb6ceb5dd3135063a8c73f96ca27,,08/23/2025 09:45:00 AM,30,TRAFFIC SIGNAL,FUNCTIONING PROPERLY,CLEAR,DAYLIGHT,TURNING,DIVIDED - W/MEDIAN (NOT RAISED),,STRAIGHT AND LEVEL,DRY,OTHER,NOT ON SCENE (DESK REPORT),NO INJURY / DRIVE AWAY,Y,,,"$501 - $1,500",08/23/2025 10:30:00 AM,IMPROPER LANE USAGE,ROAD CONSTRUCTION/MAINTENANCE,7200,W,ADDISON ST,1631,,,,,,,2,NO INDICATION OF INJURY,0,0,0,0,0,2,0,9,7,8,41.9453733581,-87.8070703256,POINT (-87.807070325611 41.945373358092)
f80b2c2417ee7032700e0858bcb96df4a242359ab8892aa02feffe48b19102ac96d1bcd3352faf3b5d14c3649d29bed410a02dce629233a22ecb6c879d47e78d,,08/23/2025 09:29:00 AM,30,NO CONTROLS,NO CONTROLS,CLEAR,DAYLIGHT,REAR TO FRONT,PARKING LOT,,STRAIGHT AND LEVEL,DRY,NO DEFECTS,ON SCENE,NO INJURY / DRIVE AWAY,,,,$500 OR LESS,08/23/2025 09:29:00 AM,UNABLE TO DETERMINE,UNABLE TO DETERMINE,11911,S,HALSTED ST,524,,,,,,,2,NO INDICATION OF INJURY,0,0,0,0,0,3,0,9,7,8,41.67744366,-87.6417496409,POINT (-87.641749640851 41.677443660014)
0ecd01536a4ba3ec0e3e0962f8677451dfd2d30c2f400d449f0f0968c147a314367df38fff9edaea2f4560110dbb8c64f3679b886b2363c40dd461f2a6270ed3,,08/23/2025 09:20:00 AM,30,TRAFFIC SIGNAL,FUNCTIONING PROPERLY,CLEAR,DAYLIGHT,REAR END,NOT DIVIDED,,STRAIGHT AND LEVEL,DRY,NO DEFECTS,NOT ON SCENE (DESK REPORT),NO INJURY / DRIVE AWAY,,,,"OVER $1,500",08/23/2025 10:00:00 AM,UNABLE TO DETERMINE,NOT APPLICABLE,2015,W,ARMITAGE AVE,1434,,,,,,,2,NO INDICATION OF INJURY,0,0,0,0,0,3,0,9,7,8,41.9176348549,-87.6782609368,POINT (-87.678260936848 41.917634854852)
e9312648a06543d07c78d7441edfffbb4005d723b84c9cfe9ea1457e2533919aea63c7e5a9a2f00b498c44b65db8fd2fab8356422f845bab701454bcb972f36a,,08/23/2025 09:15:00 AM,10,NO CONTROLS,NO CONTROLS,UNKNOWN,DAYLIGHT,PARKED MOTOR VEHICLE,ONE-WAY,,STRAIGHT AND LEVEL,UNKNOWN,UNKNOWN,NOT ON SCENE (DESK REPORT),NO INJURY / DRIVE AWAY,,,,"OVER $1,500",08/24/2025 07:15:00 AM,UNABLE TO DETERMINE,NOT APPLICABLE,7734,S,CREGIER AVE,414,,,,,,,2,NO INDICATION OF INJURY,0,0,0,0,0,1,0,9,7,8,41.7541297521,-87.5810743845,POINT (-87.581074384512 41.754129752145)
19bb3dc6debe28d18126e3eabe3dc2293691eb739d8d54175c9ba4a90307cf4e7637df166d8717d3feecf365c10f7cc1240b9158e0586692a09afb217e515c67,,08/23/2025 09:13:00 AM,30,NO CONTROLS,NO CONTROLS,CLEAR,DAYLIGHT,ANGLE,NOT DIVIDED,,STRAIGHT AND LEVEL,UNKNOWN,UNKNOWN,ON SCENE,NO INJURY / DRIVE AWAY,,,Y,"OVER $1,500",08/23/2025 09:48:00 AM,FAILING TO YIELD RIGHT-OF-WAY,NOT APPLICABLE,2131,S,KEDZIE AVE,1022,,,,,,,2,NO INDICATION OF INJURY,0,0,0,0,0,2,0,9,7,8,41.8527314733,-87.7051365445,POINT (-87.705136544473 41.852731473311)
afa08c4bf582e1317fd8730d158327e7eb7fcaff686c5a1cb66c1c3a9acbb2b3c2740f536424839143f350cd999fc5e7887bf7a518f1f75187a79422beeda7c8,,08/23/2025 09:07:00 AM,10,NO CONTROLS,NO CONTROLS,CLEAR,DAYLIGHT,ANGLE,PARKING LOT,,STRAIGHT AND LEVEL,DRY,NO DEFECTS,NOT ON SCENE (DESK REPORT),INJURY AND / OR TOW DUE TO CRASH,,,,$500 OR LESS,08/23/2025 09:20:00 AM,FAILING TO YIELD RIGHT-OF-WAY,FAILING TO YIELD RIGHT-OF-WAY,1430,S,ASHLAND AVE,1233,,,,,,,2,NONINCAPACITATING INJURY,1,0,0,1,0,2,0,9,7,8,41.8624024249,-87.6664189682,POINT (-87.666418968157 41.862402424927)
146390fe212a36818600a58f76e929d4e2927c1303f74449834f2b806a5b205b20e8d6d7ce7bee6b3953199a5e229b2d52bdb698f5dfda809cfe79e88d413d31,,08/23/2025 09:00:00 AM,30,UNKNOWN,UNKNOWN,UNKNOWN,DAYLIGHT,PARKED MOTOR VEHICLE,UNKNOWN,,STRAIGHT AND LEVEL,UNKNOWN,UNKNOWN,NOT ON SCENE (DESK REPORT),NO INJURY / DRIVE AWAY,,,Y,"OVER $1,500",08/23/2025 12:34:00 PM,UNABLE TO DETERMINE,UNABLE TO DETERMINE,3967,S,ARCHER AVE,921,,,,,,,2,NO INDICATION OF INJURY,0,0,0,0,0,1,0,9,7,8,41.821423657,-87.6920564943,POINT (-87.692056494293 41.821423656954)
6dfb4ad612dcf9ea14db8c0b99bbccc26c92938198f5e33e9f8bac96c7369fd7d28b02422f408575069f6cf47549df8877ba36ce7af7177569804b2fd4432bcd,,08/23/2025 09:00:00 AM,30,TRAFFIC SIGNAL,FUNCTIONING PROPERLY,CLEAR,DAYLIGHT,REAR END,NOT DIVIDED,,STRAIGHT AND LEVEL,DRY,NO DEFECTS,NOT ON SCENE (DESK REPORT),NO INJURY / DRIVE AWAY,,,,"OVER $1,500",08/23/2025 10:20:00 AM,FOLLOWING TOO CLOSELY,UNABLE TO DETERMINE,4756,W,83RD ST,834,,,,,,,2,NO INDICATION OF INJURY,0,0,0,0,0,2,0,9,7,8,41.7420610642,-87.7408370818,POINT (-87.740837081787 41.742061064182)
85b7345698b9f95d1693f30ab84102486b3386816014a5818229e6c93783da8f4dc076d24aeedce65a2d2a1628a9e8d81d7f874fb18e292f140e4762d6e544b5,,08/23/2025 09:00:00 AM,30,TRAFFIC SIGNAL,FUNCTIONING PROPERLY,CLEAR,DAYLIGHT,REAR END,T-INTERSECTION,,STRAIGHT AND LEVEL,DRY,NO DEFECTS,NOT ON SCENE (DESK REPORT),NO INJURY / DRIVE AWAY,,,Y,"OVER $1,500",08/23/2025 09:50:00 AM,UNABLE TO DETERMINE,NOT APPLICABLE,4530,W,AUGUSTA BLVD,1111,,,,,,,2,NO INDICATION OF INJURY,0,0,0,0,0,2,0,9,7,8,41.898909601,-87.7397368756,POINT (-87.739736875574 41.898909601029)
7b7a60484ad2eddc24781bf6570dd2ab04ffd526a5b87a424d67c5af65032674db0ee71f521b3370d5d46e33a730b5f6a80fef330391d3e4b5513a761368ae3f,,08/23/2025 08:56:00 AM,20,NO CONTROLS,NO CONTROLS,CLEAR,DAYLIGHT,PEDALCYCLIST,NOT DIVIDED,,STRAIGHT AND LEVEL,DRY,NO DEFECTS,ON SCENE,INJURY AND / OR TOW DUE TO CRASH,,,,$500 OR LESS,08/23/2025 09:04:00 AM,FAILING TO YIELD RIGHT-OF-WAY,FAILING TO YIELD RIGHT-OF-WAY,1115,W,BERWYN AVE,2023,,,,,,,2,NONINCAPACITATING INJURY,1,0,0,1,0,1,0,8,7,8,41.9780571057,-87.6585268349,POINT (-87.658526834857 41.978057105697)
acd6c7c09a529b579a5029097459d3ccefffbf3af6226b749136a105597bc778717043df66fd4032512a2b797dcf60a1bfc7dc5121872b41b4499435c7b3e49d,,08/23/2025 08:50:00 AM,30,TRAFFIC SIGNAL,FUNCTIONING PROPERLY,CLEAR,DAYLIGHT,REAR END,DIVIDED - W/MEDIAN (NOT RAISED),,STRAIGHT AND LEVEL,DRY,NO DEFECTS,NOT ON SCENE (DESK REPORT),NO INJURY / DRIVE AWAY,Y,,,"$501 - $1,500",08/23/2025 09:30:00 AM,FOLLOWING TOO CLOSELY,UNABLE TO DETERMINE,5197,N,CENTRAL AVE,1623,,,,,,,2,NO INDICATION OF INJURY,0,0,0,0,0,2,0,8,7,8,41.9756571274,-87.7683344595,POINT (-87.768334459452 41.975657127354)
15fcf198fc3cbfbd60bf68cc06ac1520b62d24b484db2e89539c5840a79ca6cb2e9b33affbefb8e09692eefcd12643651324c8024986f2d0bf79d124bf687eee,,08/23/2025 08:30:00 AM,30,TRAFFIC SIGNAL,FUNCTIONING PROPERLY,CLEAR,DAYLIGHT,REAR END,NOT DIVIDED,,STRAIGHT AND LEVEL,DRY,NO DEFECTS,ON SCENE,NO INJURY / DRIVE AWAY,,,Y,"OVER $1,500",08/23/2025 08:34:00 AM,DISREGARDING TRAFFIC SIGNALS,FOLLOWING TOO CLOSELY,4916,N,KEDZIE AVE,1713,,,,,,,2,NO INDICATION OF INJURY,0,0,0,0,0,3,0,8,7,8,41.9708122046,-87.7086894279,POINT (-87.708689427864 41.970812204611)
3b204124a7b1cb606110a3f01dd07e4810ee14a54299ce01bfbb5022ec8dbec4731a0df76c8877f25963949359c426844f7f08cdb61fa738fdfb25908dcf34b4,,08/23/2025 08:30:00 AM,30,NO CONTROLS,NO CONTROLS,CLEAR,DAYLIGHT,REAR END,DIVIDED - W/MEDIAN (NOT RAISED),,STRAIGHT AND LEVEL,DRY,NO DEFECTS,NOT ON SCENE (DESK REPORT),NO INJURY / DRIVE AWAY,,,,"OVER $1,500",08/23/2025 09:05:00 AM,UNABLE TO DETERMINE,UNABLE TO DETERMINE,1000,W,47TH ST,925,,,,,,,2,NO INDICATION OF INJURY,0,0,0,0,0,3,0,8,7,8,41.8089035537,-87.6505205909,POINT (-87.650520590888 41.808903553651)
6c45662a7e5c90322df62b1a990f859c12d032c45633f4eba27bbdf084283981b553c58aa2c3ed037e77153c02f00de0f058bb43d84a0dfb3c813fe05ad7fad0,,08/23/2025 08:16:00 AM,30,NO CONTROLS,NO CONTROLS,CLEAR,DAYLIGHT,SIDESWIPE SAME DIRECTION,NOT DIVIDED,,STRAIGHT AND LEVEL,DRY,NO DEFECTS,NOT ON SCENE (DESK REPORT),NO INJURY / DRIVE AWAY,,,,$500 OR LESS,08/23/2025 01:07:00 PM,UNABLE TO DETERMINE,UNABLE TO DETERMINE,3123,W,MONTROSE AVE,1724,,,,,,,2,NO INDICATION OF INJURY,0,0,0,0,0,2,0,8,7,8,41.9610857053,-87.7067261736,POINT (-87.706726173575 41.961085705329)
5517fc5b450c55748daafd7c25575e0fb3d768cb4fb09c8e588376244cdf19bf36267488272b43aa6b46f16fb5933c8e98ac21be48d4554ca3a1c2098b7c259f,,08/23/2025 08:00:00 AM,30,NO CONTROLS,NO CONTROLS,CLEAR,DAYLIGHT,PARKED MOTOR VEHICLE,NOT DIVIDED,,STRAIGHT AND LEVEL,DRY,UNKNOWN,NOT ON SCENE (DESK REPORT),NO INJURY / DRIVE AWAY,,,Y,"OVER $1,500",08/23/2025 10:00:00 AM,UNABLE TO DETERMINE,UNABLE TO DETERMINE,5701,N,MENARD AVE,1622,,,,,,,2,NO INDICATION OF INJURY,0,0,0,0,0,1,0,8,7,8,41.9848353855,-87.7730002267,POINT (-87.773000226671 41.984835385513)
ccbecc1fa16df0c7d2b1eca57253b43a5440afb90b214f80d646b1a86ece091863a3d8d545a069e213709fe2576236be8a4bc28b44a9d2e996c25a7317ae0237,,08/23/2025 07:52:00 AM,30,NO CONTROLS,NO CONTROLS,UNKNOWN,UNKNOWN,PARKED MOTOR VEHICLE,NOT DIVIDED,,STRAIGHT AND LEVEL,UNKNOWN,NO DEFECTS,ON SCENE,NO INJURY / DRIVE AWAY,,,Y,"OVER $1,500",08/23/2025 08:02:00 AM,UNABLE TO DETERMINE,IMPROPER BACKING,2813,N,LAKE SHORE DR,1934,,,,,,,2,NO INDICATION OF INJURY,0,0,0,0,0,1,0,7,7,8,41.9334071767,-87.6360335654,POINT (-87.636033565393 41.933407176656)
617acc76185fa0c912451493ab8dcbe20ebd77b4ce669f59ed90f6d7745fc8dc0a308ed0a64975d863af1802238f012a3d10af03040eb0a98b966484d934cf3b,,08/23/2025 07:50:00 AM,25,UNKNOWN,UNKNOWN,CLEAR,DAYLIGHT,SIDESWIPE SAME DIRECTION,DIVIDED - W/MEDIAN (NOT RAISED),,STRAIGHT AND LEVEL,DRY,NO DEFECTS,NOT ON SCENE (DESK REPORT),NO INJURY / DRIVE AWAY,,,,"OVER $1,500",08/23/2025 08:30:00 AM,UNABLE TO DETERMINE,UNABLE TO DETERMINE,1600,N,KEDZIE AVE,1421,,,,,,,2,NO INDICATION OF INJURY,0,0,0,0,0,2,0,7,7,8,41.9102509232,-87.7070236502,POINT (-87.707023650163 41.910250923179)
4227e95ad2894be620fce5fe9e6d991ed8f5ff010dfe6747681a51b7ef754d20de776b66c839387e12d00b9488222bbaad0eab484663a06efa1e91c1001ad960,,08/23/2025 07:43:00 AM,40,NO CONTROLS,NO CONTROLS,CLEAR,DAYLIGHT,OVERTURNED,ONE-WAY,,"CURVE, LEVEL",DRY,NO DEFECTS,ON SCENE,INJURY AND / OR TOW DUE TO CRASH,,,,"OVER $1,500",08/23/2025 07:44:00 AM,UNABLE TO DETERMINE,UNABLE TO DETERMINE,152,N,LAKE SHORE DR SB,114,,,,,,,1,NONINCAPACITATING INJURY,1,0,0,1,0,0,0,7,7,8,41.8843487635,-87.6145497781,POINT (-87.614549778133 41.884348763505)
907641c3fa8b0e8a87061d1dd1e298a37b17fe448e87f0e7f2d7794d30d37d03a2d7abbd55b019c381b46551d7663f80e3054dd4224836ecb68f4e4d0626539c,,08/23/2025 07:36:00 AM,30,NO CONTROLS,NO CONTROLS,CLEAR,DAYLIGHT,TURNING,NOT DIVIDED,,STRAIGHT AND LEVEL,DRY,NO DEFECTS,NOT ON SCENE (DESK REPORT),NO INJURY / DRIVE AWAY,,,,"OVER $1,500",08/23/2025 07:45:00 AM,UNABLE TO DETERMINE,UNABLE TO DETERMINE,3308,W,63RD ST,823,,,,,,,2,NO INDICATION OF INJURY,0,0,0,0,0,2,0,7,7,8,41.7790368119,-87.7059854362,POINT (-87.705985436237 41.779036811916)
9a2c4b279ac56fd116d4c3ed694632ab843e3328d9ad0aee2b321c98f152b8c7a9f3990292e68033051dd5e92f9c80bf68d89667e92bb6d52382e89699a8ae82,,08/23/2025 07:30:00 AM,15,NO CONTROLS,NO CONTROLS,CLEAR,DAYLIGHT,FIXED OBJECT,ALLEY,,STRAIGHT AND LEVEL,DRY,UNKNOWN,ON SCENE,NO INJURY / DRIVE AWAY,,,Y,"OVER $1,500",08/23/2025 07:41:00 AM,UNABLE TO DETERMINE,UNABLE TO DETERMINE,6004,S,CAMPBELL AVE,825,,,,,,,1,NO INDICATION OF INJURY,0,0,0,0,0,1,0,7,7,8,41.7844939642,-87.6863743837,POINT (-87.68637438371 41.784493964236)
e7abf349cb82645cc23ea371c78c29c64aa3f8042cf3c41d58b61ffa6beb67bc1cf169ae8cbac5f80a2e98d577cf4e0514617f85d4fc8ee61e5020855dfcb6e1,,08/23/2025 07:30:00 AM,20,STOP SIGN/FLASHER,FUNCTIONING PROPERLY,CLEAR,DAYLIGHT,FIXED OBJECT,ONE-WAY,,STRAIGHT AND LEVEL,DRY,NO DEFECTS,ON SCENE,INJURY AND / OR TOW DUE TO CRASH,,,,"OVER $1,500",08/23/2025 08:10:00 AM,UNDER THE INFLUENCE OF ALCOHOL/DRUGS (USE WHEN ARREST IS EFFECTED),NOT APPLICABLE,5300,S,HAMLIN AVE,822,,,,,,,1,NO INDICATION OF INJURY,0,0,0,0,0,1,0,7,7,8,41.7968614351,-87.7185067374,POINT (-87.71850673743 41.796861435097)
e146f446a76b33117394a8be045cbefb806f0fb256ee2c97e7d1297512615583601f23f16bf7b40d0e6a3e340fd88877e9417c1a77c43d63c9604482c26d7790,,08/23/2025 07:10:00 AM,30,NO CONTROLS,NO CONTROLS,RAIN,DAYLIGHT,REAR END,NOT DIVIDED,,STRAIGHT AND LEVEL,WET,UNKNOWN,ON SCENE,INJURY AND / OR TOW DUE TO CRASH,,,,$500 OR LESS,08/23/2025 07:18:00 AM,DRIVING SKILLS/KNOWLEDGE/EXPERIENCE,UNABLE TO DETERMINE,1756,N,KIMBALL AVE,1422,,,,,,,2,NONINCAPACITATING INJURY,1,0,0,1,0,1,0,7,7,8,41.9134664819,-87.71194079,POINT (-87.711940789969 41.91346648192)
72fe86f7f006aa9915c2963f2d6613283181c9155afd94e41944990e997fc65c41060d8cfb0e76f617cf12db9c54eeb939321259ad1647c8eb62d1fb22f6dc50,,08/23/2025 07:00:00 AM,45,UNKNOWN,UNKNOWN,CLEAR,DAYLIGHT,REAR END,DIVIDED - W/MEDIAN (NOT RAISED),,STRAIGHT AND LEVEL,DRY,NO DEFECTS,NOT ON SCENE (DESK REPORT),NO INJURY / DRIVE AWAY,,,,"OVER $1,500",08/23/2025 07:45:00 AM,UNABLE TO DETERMINE,UNABLE TO DETERMINE,999,N,LAKE SHORE DR SB,1833,,,,,,,2,NO INDICATION OF INJURY,0,0,0,0,0,2,0,7,7,8,41.9009476671,-87.6193351759,POINT (-87.619335175935 41.900947667149)
8c17a1fcbc950e463b1d9a3ca8897e11c510f0029ac45b3941fb59c7bbdf11197886c3d20e708c1ed57737d0ae2f00db70503c3cac030fdcf5f189329d2b490c,,08/23/2025 07:00:00 AM,45,TRAFFIC SIGNAL,FUNCTIONING PROPERLY,CLEAR,DAYLIGHT,REAR END,DIVIDED - W/MEDIAN BARRIER,,STRAIGHT AND LEVEL,DRY,NO DEFECTS,NOT ON SCENE (DESK REPORT),NO INJURY / DRIVE AWAY,,,Y,"OVER $1,500",08/23/2025 11:03:00 PM,FOLLOWING TOO CLOSELY,UNABLE TO DETERMINE,800,N,LAKE SHORE DR,1833,,,,,,,2,NO INDICATION OF INJURY,0,0,0,0,0,5,0,7,7,8,41.896828045,-87.6172077033,POINT (-87.617207703311 41.896828045009)
980924764d6a485f1e8dfed157b2e477a0dd4035deee4e277c6c580066424c52604812724fa7d6181a6cfdf5189ba5aace8a934c9395e60e9e250a22991d0d68,,08/23/2025 07:00:00 AM,30,TRAFFIC SIGNAL,FUNCTIONING PROPERLY,CLEAR,DAYLIGHT,SIDESWIPE SAME DIRECTION,DIVIDED - W/MEDIAN BARRIER,,STRAIGHT AND LEVEL,DRY,NO DEFECTS,ON SCENE,INJURY AND / OR TOW DUE TO CRASH,Y,,,"OVER $1,500",08/23/2025 07:00:00 AM,IMPROPER OVERTAKING/PASSING,DISREGARDING TRAFFIC SIGNALS,201,E,GARFIELD BLVD,231,,,,,,,3,NO INDICATION OF INJURY,0,0,0,0,0,3,0,7,7,8,41.7942873635,-87.6207616337,POINT (-87.620761633713 41.794287363516)
1a35b7a358ff879b75237727600301b18270ed4981e3858968df27b3e2a28bfa80c591176eaee02c1b5fc6e66570bba229d631c767828b465eb2fe8829559bc6,,08/23/2025 06:45:00 AM,30,NO CONTROLS,NO CONTROLS,RAIN,DAYLIGHT,SIDESWIPE SAME DIRECTION,DIVIDED - W/MEDIAN BARRIER,,"CURVE, LEVEL",WET,OTHER,NOT ON SCENE (DESK REPORT),NO INJURY / DRIVE AWAY,,,,"OVER $1,500",08/23/2025 04:10:00 PM,WEATHER,UNABLE TO DETERMINE,1000,N,LAKE SHORE DR SB,1824,,,,,,,2,NO INDICATION OF INJURY,0,0,0,0,0,2,0,6,7,8,41.9009589191,-87.6199281737,POINT (-87.619928173678 41.900958919109)