CRASH_RECORD_ID,CRASH_DATE_EST_I,CRASH_DATE,POSTED_SPEED_LIMIT,TRAFFIC_CONTROL_DEVICE,DEVICE_CONDITION,WEATHER_CONDITION,LIGHTING_CONDITION,FIRST_CRASH_TYPE,TRAFFICWAY_TYPE,LANE_CNT,ALIGNMENT,ROADWAY_SURFACE_COND,ROAD_DEFECT,REPORT_TYPE,CRASH_TYPE,INTERSECTION_RELATED_I,NOT_RIGHT_OF_WAY_I,HIT_AND_RUN_I,DAMAGE,DATE_POLICE_NOTIFIED,PRIM_CONTRIBUTORY_CAUSE,SEC_CONTRIBUTORY_CAUSE,STREET_NO,STREET_DIRECTION,STREET_NAME,BEAT_OF_OCCURRENCE,PHOTOS_TAKEN_I,STATEMENTS_TAKEN_I,DOORING_I,WORK_ZONE_I,WORK_ZONE_TYPE,WORKERS_PRESENT_I,NUM_UNITS,MOST_SEVERE_INJURY,INJURIES_TOTAL,INJURIES_FATAL,INJURIES_INCAPACITATING,INJURIES_NON_INCAPACITATING,INJURIES_REPORTED_NOT_EVIDENT,INJURIES_NO_INDICATION,INJURIES_UNKNOWN,CRASH_HOUR,CRASH_DAY_OF_WEEK,CRASH_MONTH,LATITUDE,LONGITUDE,LOCATION
369b91e081085e47ca7885d682975ff42a3a635be59582f41609f79180d34a6974a2bdce178e20c10558a55272806c93b132634e9ae8238ca2340589aed47fb2,,08/23/2025 06:00:00 AM,30,NO CONTROLS,NO CONTROLS,CLEAR,DAYLIGHT,OTHER OBJECT,NOT DIVIDED,,STRAIGHT AND LEVEL,DRY,NO DEFECTS,ON SCENE,NO INJURY / DRIVE AWAY,,Y,,$500 OR LESS,08/23/2025 06:50:00 AM,NOT APPLICABLE,NOT APPLICABLE,6998,W,CORNELIA AVE,1632,,,,,,,1,NO INDICATION OF INJURY,0,0,0,0,0,1,0,6,7,8,41.9436981081,-87.7989777658,POINT (-87.798977765815 41.94369810805)
c1f3cc61468cb2404fe12d804e41c2a7f6b5dd0c039db1af22fc3b2f80c259668a3f83cd1f47e626715a2d33c7e9688a6cf1c8e11386eb44cd99430ba0106cb4,,08/23/2025 06:00:00 AM,30,TRAFFIC SIGNAL,FUNCTIONING PROPERLY,CLEAR,DAYLIGHT,REAR END,DIVIDED - W/MEDIAN (NOT RAISED),,STRAIGHT AND LEVEL,DRY,NO DEFECTS,NOT ON SCENE (DESK REPORT),NO INJURY / DRIVE AWAY,Y,,,"$501 - $1,500",08/24/2025 06:30:00 AM,FOLLOWING TOO CLOSELY,UNABLE TO DETERMINE,7198,W,HIGGINS AVE,1613,,,,,,,2,NO INDICATION OF INJURY,0,0,0,0,0,2,0,6,7,8,41.9812078052,-87.8068597127,POINT (-87.806859712726 41.981207805234)
eabfff02f3252716e0197043e36b5556b58a4c2e4d571b557d73ba06db52b80706b4e8a108f77b5aa1a60e348790595d58617e6a7d65ee09881a7ca021a11397,,08/23/2025 05:45:00 AM,30,UNKNOWN,UNKNOWN,UNKNOWN,UNKNOWN,ANGLE,UNKNOWN,,STRAIGHT AND LEVEL,UNKNOWN,UNKNOWN,,INJURY AND / OR TOW DUE TO CRASH,,,Y,"OVER $1,500",08/24/2025 07:15:00 PM,UNABLE TO DETERMINE,UNABLE TO DETERMINE,4898,W,RACE AVE,1532,,,,,,,2,NO INDICATION OF INJURY,0,0,0,0,0,2,0,5,7,8,41.8905647233,-87.748009276,POINT (-87.748009276028 41.89056472335)
121b03669c46be6509df80ca27a33c49518ae672362bacead4f8c057e5d6d58a1643047e35ffb0f631906e632f9b3738dc50be4d977be5ab45588c072b3fc6c7,,08/23/2025 05:40:00 AM,30,NO CONTROLS,NO CONTROLS,CLEAR,DAYLIGHT,SIDESWIPE OPPOSITE DIRECTION,NOT DIVIDED,,STRAIGHT AND LEVEL,DRY,NO DEFECTS,NOT ON SCENE (DESK REPORT),NO INJURY / DRIVE AWAY,,,,"OVER $1,500",08/23/2025 06:38:00 AM,UNABLE TO DETERMINE,UNABLE TO DETERMINE,4520,W,55TH ST,815,,,,,,,2,NO INDICATION OF INJURY,0,0,0,0,0,2,0,5,7,8,41.79319827,-87.7363258275,POINT (-87.736325827499 41.793198269989)
6377862155503353f18b70fd2a9f6b91d74cfb86d818a982294a096d5a6265b971a7232602e11f5c429f1caf68416fe801d53bb59b5836e8a899fad0fa30804c,N,08/23/2025 05:30:00 AM,25,UNKNOWN,UNKNOWN,CLEAR,DAYLIGHT,PARKED MOTOR VEHICLE,NOT DIVIDED,,STRAIGHT AND LEVEL,DRY,UNKNOWN,NOT ON SCENE (DESK REPORT),NO INJURY / DRIVE AWAY,,,Y,"OVER $1,500",08/23/2025 11:15:00 AM,UNABLE TO DETERMINE,UNABLE TO DETERMINE,6757,W,ALTGELD ST,2512,,,,,,,3,NO INDICATION OF INJURY,0,0,0,0,0,1,0,5,7,8,41.9253089809,-87.7951547766,POINT (-87.795154776593 41.925308980936)
ded036454886faedb89a53caf2370d97d0f63d21489278219d2d45608c0da5b1cbbcf549a9c53e84cf5e6ffb0c74d2249f09cb83f37c4549b121b1fd29b03e78,,08/23/2025 04:54:00 AM,30,NO CONTROLS,NO CONTROLS,CLEAR,"DARKNESS, LIGHTED ROAD",PARKED MOTOR VEHICLE,NOT DIVIDED,,STRAIGHT AND LEVEL,DRY,NO DEFECTS,ON SCENE,INJURY AND / OR TOW DUE TO CRASH,,,Y,"OVER $1,500",08/23/2025 04:55:00 AM,UNABLE TO DETERMINE,NOT APPLICABLE,4226,N,PULASKI RD,1722,,,,,,,2,NO INDICATION OF INJURY,0,0,0,0,0,1,0,4,7,8,41.9581005563,-87.7278929534,POINT (-87.727892953368 41.958100556332)
bf52c5fd8c83209d33c95dbdaaf37a57d524fa9d773592e730ce13eb0d6b0e2843c202fe497ccdabbd2f0265ca574a144ca6f602f075f3cd7accac173639ad8d,,08/23/2025 04:45:00 AM,30,NO CONTROLS,NO CONTROLS,CLEAR,"DARKNESS, LIGHTED ROAD",PARKED MOTOR VEHICLE,NOT DIVIDED,,STRAIGHT AND LEVEL,DRY,NO DEFECTS,,INJURY AND / OR TOW DUE TO CRASH,,,,"OVER $1,500",08/23/2025 05:30:00 AM,PHYSICAL CONDITION OF DRIVER,NOT APPLICABLE,1626,N,CALIFORNIA AVE,1421,,,,,,,3,NO INDICATION OF INJURY,0,0,0,0,0,1,0,4,7,8,41.9110237428,-87.6971586901,POINT (-87.697158690058 41.911023742788)
154b94520e22a9442873936c7aac2cb1ea3beceeceef84c840098ab5a2750e31a9cf71e0db5d17beb91e9e11437ee730a83b2c02de102a9f812574509f7261fe,,08/23/2025 04:30:00 AM,0,UNKNOWN,UNKNOWN,CLEAR,DAWN,PARKED MOTOR VEHICLE,PARKING LOT,,STRAIGHT AND LEVEL,DRY,UNKNOWN,NOT ON SCENE (DESK REPORT),NO INJURY / DRIVE AWAY,,,Y,"OVER $1,500",08/23/2025 10:55:00 AM,WEATHER,UNABLE TO DETERMINE,6656,S,WENTWORTH AVE,722,,,,,,,2,NO INDICATION OF INJURY,0,0,0,0,0,1,0,4,7,8,41.7728470719,-87.6301184387,POINT (-87.630118438673 41.772847071893)
fd33c2da44e55965cd49ec22d645bd8620dc98891ef6b39b076ed94cb30ddedd73c5af5fb65416ef4a9e5c1ef26b512d7e726a845e7f1634d5a2ee6f93c47548,,08/23/2025 04:30:00 AM,30,TRAFFIC SIGNAL,UNKNOWN,CLEAR,"DARKNESS, LIGHTED ROAD",TURNING,"FIVE POINT, OR MORE",,STRAIGHT AND LEVEL,DRY,NO DEFECTS,ON SCENE,INJURY AND / OR TOW DUE TO CRASH,Y,,,"OVER $1,500",08/23/2025 04:37:00 AM,UNABLE TO DETERMINE,UNABLE TO DETERMINE,3199,N,CALIFORNIA AVE,1411,Y,Y,,,,,2,INCAPACITATING INJURY,1,0,1,0,0,1,0,4,7,8,41.9393777184,-87.6976758955,POINT (-87.697675895535 41.939377718398)
65888987c9983c793e92c707bcb38d487db764c7e2be55c2feb3a1e3a1c29c293bc415e1dd8ff5e62c0b7163bd64b26feca86e55fa7dee8ad7b2f5de687119f9,,08/23/2025 04:00:00 AM,25,STOP SIGN/FLASHER,NO CONTROLS,CLEAR,DARKNESS,HEAD ON,NOT DIVIDED,,STRAIGHT AND LEVEL,DRY,NO DEFECTS,ON SCENE,INJURY AND / OR TOW DUE TO CRASH,,,Y,"OVER $1,500",08/23/2025 04:35:00 AM,FOLLOWING TOO CLOSELY,FOLLOWING TOO CLOSELY,3399,W,MADISON ST,1124,,,,,,,2,NONINCAPACITATING INJURY,1,0,0,1,0,2,0,4,7,8,41.8808074767,-87.7108799284,POINT (-87.710879928378 41.880807476674)
ed498b1bbafb39155e9c192ab422aa107d134cc7115ec98ee08ca71a96429a303bf42cf376699e64cc62f36d0d3a14301a58d8a98c4c0bd561977b008ba12451,,08/23/2025 03:57:00 AM,30,NO CONTROLS,NO CONTROLS,CLEAR,"DARKNESS, LIGHTED ROAD",FIXED OBJECT,NOT DIVIDED,,STRAIGHT AND LEVEL,DRY,NO DEFECTS,ON SCENE,INJURY AND / OR TOW DUE TO CRASH,,,,"OVER $1,500",08/23/2025 03:57:00 AM,UNABLE TO DETERMINE,NOT APPLICABLE,909,N,CENTRAL AVE,1524,,,,,,,1,INCAPACITATING INJURY,3,0,3,0,0,0,0,3,7,8,41.8969926638,-87.7653232453,POINT (-87.765323245267 41.896992663816)
369c905c10a57833d8ab4ac5392239905815666dff86e26ba1dca7ccbf146414a33eaaafa35fb34e618e7ad94d2ce2b9f76355425406bf8042a93dcecd2f0a32,,08/23/2025 03:56:00 AM,30,NO CONTROLS,NO CONTROLS,CLEAR,"DARKNESS, LIGHTED ROAD",PARKED MOTOR VEHICLE,DIVIDED - W/MEDIAN (NOT RAISED),,STRAIGHT AND LEVEL,OTHER,NO DEFECTS,ON SCENE,INJURY AND / OR TOW DUE TO CRASH,,,,"OVER $1,500",08/23/2025 03:57:00 AM,UNABLE TO DETERMINE,NOT APPLICABLE,1175,S,CENTRAL AVE,1522,,,,,,,2,"REPORTED, NOT EVIDENT",1,0,0,0,1,0,0,3,7,8,41.8656390541,-87.7641645811,POINT (-87.764164581141 41.865639054076)
79692c2f26a7d48c99b32b6110c98ec968c2754e8bf72d04a7b4a2af234c771692031e8cf1cc2e270b62fb81d0cf8cfb97d9bd0b4bcfcc9e441ca4b711920ef2,,08/23/2025 03:05:00 AM,30,NO CONTROLS,NO CONTROLS,CLEAR,"DARKNESS, LIGHTED ROAD",PARKED MOTOR VEHICLE,ONE-WAY,,STRAIGHT AND LEVEL,DRY,NO DEFECTS,ON SCENE,NO INJURY / DRIVE AWAY,,,Y,"OVER $1,500",08/23/2025 03:09:00 AM,UNABLE TO DETERMINE,UNABLE TO DETERMINE,8900,S,BLACKSTONE AVE,413,,Y,,,,,2,NO INDICATION OF INJURY,0,0,0,0,0,1,0,3,7,8,41.7331433016,-87.5881978618,POINT (-87.588197861757 41.733143301561)
ca02dbad2e85c84a8fb8050c30b21e592a62906754f8be49cbfa80e8890cc891dbec44d0ff1c9e851b1e2fc12c7577f7882429f9939d1cf0c36cfedf4057ee00,,08/23/2025 02:52:00 AM,30,NO CONTROLS,NO CONTROLS,CLEAR,"DARKNESS, LIGHTED ROAD",PARKED MOTOR VEHICLE,ONE-WAY,,STRAIGHT AND LEVEL,DRY,NO DEFECTS,ON SCENE,INJURY AND / OR TOW DUE TO CRASH,,,,"OVER $1,500",08/23/2025 03:00:00 AM,DRIVING SKILLS/KNOWLEDGE/EXPERIENCE,NOT APPLICABLE,526,N,RACINE AVE,1214,,,,,,,3,NO INDICATION OF INJURY,0,0,0,0,0,1,0,2,7,8,41.8919185357,-87.6575524112,POINT (-87.657552411182 41.891918535729)
16901dbaa4140e9b0aba262cd2bb834d40d002cd9762f150aeeee2635feca6a6ba75cbfabd87181aa14de25c3baf6e8d0502c92ea10c9e1a4b506ff72f52a6f2,,08/23/2025 02:50:00 AM,40,TRAFFIC SIGNAL,FUNCTIONING PROPERLY,CLEAR,"DARKNESS, LIGHTED ROAD",REAR END,DIVIDED - W/MEDIAN BARRIER,,STRAIGHT AND LEVEL,DRY,NO DEFECTS,ON SCENE,INJURY AND / OR TOW DUE TO CRASH,Y,,,"OVER $1,500",08/23/2025 02:51:00 AM,FOLLOWING TOO CLOSELY,NOT APPLICABLE,1200,S,LAKE SHORE DR NB,132,,,,,,,2,NONINCAPACITATING INJURY,2,0,0,1,1,0,0,2,7,8,41.8674842272,-87.6191503834,POINT (-87.619150383382 41.867484227164)
18d8e583ad5f23d124b5d8637f2f174185442d23b6e26f96ece9b57cddc4b0b5526f4be16901067436f9ada4088b78c12168f709d6225e5e71ab29bf28d8dd9e,,08/23/2025 02:45:00 AM,20,NO CONTROLS,NO CONTROLS,CLEAR,"DARKNESS, LIGHTED ROAD",PARKED MOTOR VEHICLE,ONE-WAY,,STRAIGHT AND LEVEL,DRY,NO DEFECTS,ON SCENE,INJURY AND / OR TOW DUE TO CRASH,,,Y,"OVER $1,500",08/23/2025 02:52:00 AM,UNABLE TO DETERMINE,UNABLE TO DETERMINE,4321,W,CONGRESS PKWY,1131,,,,,,,2,NO INDICATION OF INJURY,0,0,0,0,0,1,0,2,7,8,41.8741432785,-87.7336577246,POINT (-87.733657724576 41.874143278476)
6115bf45d168a48a375e3071121e545d3d8157e0ff989fef4e60bf2e1c80c356d88fad809105ad80462fa8d88407e84f9fe419524335e655b82a67e6388ade5c,,08/23/2025 02:35:00 AM,30,TRAFFIC SIGNAL,FUNCTIONING PROPERLY,CLEAR,"DARKNESS, LIGHTED ROAD",REAR END,FOUR WAY,,STRAIGHT AND LEVEL,DRY,NO DEFECTS,NOT ON SCENE (DESK REPORT),INJURY AND / OR TOW DUE TO CRASH,,,Y,"OVER $1,500",08/24/2025 03:35:00 PM,UNABLE TO DETERMINE,FAILING TO REDUCE SPEED TO AVOID CRASH,4698,S,PULASKI RD,815,,,,,,,2,"REPORTED, NOT EVIDENT",1,0,0,0,1,2,0,2,7,8,41.807971941,-87.7237362014,POINT (-87.723736201377 41.80797194105)
6b914641528c0817e120c596b7eacffef2a01133e5d5748a769a08c8890015ca4b8dd47da44820f719a1904d97c0ffeec874c264d6f89472ea452707a1257446,,08/23/2025 02:23:00 AM,25,NO CONTROLS,NO CONTROLS,CLEAR,"DARKNESS, LIGHTED ROAD",SIDESWIPE SAME DIRECTION,NOT DIVIDED,,STRAIGHT AND LEVEL,DRY,UNKNOWN,ON SCENE,INJURY AND / OR TOW DUE TO CRASH,,,Y,"OVER $1,500",08/23/2025 02:23:00 AM,UNABLE TO DETERMINE,UNABLE TO DETERMINE,3456,N,HALSTED ST,1924,,,,,,,2,NO INDICATION OF INJURY,0,0,0,0,0,3,0,2,7,8,41.945347067,-87.6495726832,POINT (-87.649572683163 41.945347067001)
4360e22a401fdd6c70d02ca683a2a16f0f618b256bb8f642f81c9dba86bb6ad896c2d5807005384806c83e6c1c9bad9d52875ec86d8391ba5b060cebbde31bd7,,08/23/2025 02:22:00 AM,30,TRAFFIC SIGNAL,FUNCTIONING PROPERLY,CLEAR,"DARKNESS, LIGHTED ROAD",PARKED MOTOR VEHICLE,FOUR WAY,,STRAIGHT AND LEVEL,DRY,NO DEFECTS,ON SCENE,INJURY AND / OR TOW DUE TO CRASH,,,Y,"$501 - $1,500",08/23/2025 02:22:00 AM,TURNING RIGHT ON RED,TURNING RIGHT ON RED,1604,S,PULASKI RD,1012,,,,,,,2,"REPORTED, NOT EVIDENT",1,0,0,0,1,0,0,2,7,8,41.8586620197,-87.7250967865,POINT (-87.725096786541 41.858662019666)
7cd023ec2756bf5a06b56cd3c08a7d45f6b6490f78df1f612fb93753ec3c4c1868871084af2d3cdf769d5db267b34d1d5e83db4d94d8958a61aa018eaed13392,,08/23/2025 02:20:00 AM,25,NO CONTROLS,NO CONTROLS,CLEAR,"DARKNESS, LIGHTED ROAD",REAR END,PARKING LOT,,STRAIGHT AND LEVEL,DRY,NO DEFECTS,ON SCENE,NO INJURY / DRIVE AWAY,,Y,Y,"OVER $1,500",08/23/2025 02:21:00 AM,"OPERATING VEHICLE IN ERRATIC, RECKLESS, CARELESS, NEGLIGENT OR AGGRESSIVE MANNER",IMPROPER BACKING,3218,W,24TH ST,1024,,,,,,,4,NO INDICATION OF INJURY,0,0,0,0,0,4,0,2,7,8,41.8482378159,-87.7060312211,POINT (-87.706031221084 41.848237815922)
7ff32f1498051c58a073f682111304db467a549332e6bbdaf45d53120b36c54986b31b01e569d7c9f11eaba64b4b228a3ff06d8a69445002e3f0c7e21474abd3,,08/23/2025 02:20:00 AM,30,NO CONTROLS,NO CONTROLS,CLEAR,DAYLIGHT,PARKED MOTOR VEHICLE,ONE-WAY,,STRAIGHT AND LEVEL,DRY,NO DEFECTS,NOT ON SCENE (DESK REPORT),NO INJURY / DRIVE AWAY,,,Y,"OVER $1,500",08/23/2025 02:32:00 PM,UNABLE TO DETERMINE,NOT APPLICABLE,600,S,FEDERAL ST,123,,,,,,,2,NO INDICATION OF INJURY,0,0,0,0,0,1,0,2,7,8,41.8744721494,-87.629813215,POINT (-87.629813215024 41.874472149412)
9f866bc438e82a0e41d440b9b0e9edfcd4f5cf61ae29a0c2d7b1d6b7c5835f506d540a9ae7ad9923121fe1cacc020d651ad2930487cae1e9824ffb85fff9a2e3,,08/23/2025 02:20:00 AM,10,NO CONTROLS,NO CONTROLS,CLEAR,DAYLIGHT,PARKED MOTOR VEHICLE,PARKING LOT,,STRAIGHT AND LEVEL,DRY,NO DEFECTS,NOT ON SCENE (DESK REPORT),NO INJURY / DRIVE AWAY,,,Y,$500 OR LESS,08/24/2025 11:53:00 AM,UNABLE TO DETERMINE,UNABLE TO DETERMINE,131,N,MASON AVE,1512,,,,,,,2,NO INDICATION OF INJURY,0,0,0,0,0,1,0,2,7,8,41.8831262955,-87.7731739334,POINT (-87.773173933424 41.883126295457)
c558921385e468f54401babf38d1c611d271264d4b2bff2761f354003e92a0c5171893249cc37f0362e0afaee024aeac0ac5af0e5287de00d6881a7cd4a65864,,08/23/2025 02:20:00 AM,30,NO CONTROLS,NO CONTROLS,CLEAR,"DARKNESS, LIGHTED ROAD",PARKED MOTOR VEHICLE,NOT DIVIDED,,STRAIGHT AND LEVEL,DRY,NO DEFECTS,ON SCENE,NO INJURY / DRIVE AWAY,,,Y,"OVER $1,500",08/23/2025 02:26:00 AM,UNABLE TO DETERMINE,NOT APPLICABLE,1544,W,18TH ST,1233,,,,,,,2,NO INDICATION OF INJURY,0,0,0,0,0,1,0,2,7,8,41.8579184773,-87.6655067118,POINT (-87.66550671179 41.857918477322)
6800eff580bd83724bfa102a626f731645c6ffafa1ddb883cd384ca5cc6ab6331d67fe586a698725ce359c7a12fadff61f84ffaf924b5fc6cff954fbd39643d2,,08/23/2025 02:10:00 AM,20,NO CONTROLS,NO CONTROLS,CLEAR,"DARKNESS, LIGHTED ROAD",PARKED MOTOR VEHICLE,PARKING LOT,,STRAIGHT AND LEVEL,DRY,NO DEFECTS,ON SCENE,NO INJURY / DRIVE AWAY,,,,"$501 - $1,500",08/23/2025 03:15:00 AM,UNABLE TO DETERMINE,NOT APPLICABLE,1601,W,NORTH AVE,1433,,,,,,,2,NO INDICATION OF INJURY,0,0,0,0,0,1,0,2,7,8,41.9105196353,-87.6677496863,POINT (-87.667749686328 41.910519635296)
7c30cffdb3241102e02a57339ec32d33d0c2fad74586836c4930ed7ba0fec21e0eadfccdc7914d31caaabc1643f38976a1556280e2e328c88cf649dfe0478c46,,08/23/2025 02:06:00 AM,30,TRAFFIC SIGNAL,FUNCTIONING PROPERLY,CLEAR,"DARKNESS, LIGHTED ROAD",TURNING,TRAFFIC ROUTE,,STRAIGHT AND LEVEL,DRY,NO DEFECTS,ON SCENE,INJURY AND / OR TOW DUE TO CRASH,Y,,,"OVER $1,500",08/23/2025 02:06:00 AM,FAILING TO YIELD RIGHT-OF-WAY,FAILING TO REDUCE SPEED TO AVOID CRASH,1199,S,CENTRAL AVE,1522,,,,,,,2,"REPORTED, NOT EVIDENT",1,0,0,0,1,2,0,2,7,8,41.8656390541,-87.7641645811,POINT (-87.764164581141 41.865639054076)
8303ab38ba345c609c5ce35aedeea009792cf10eb4c539050fac41884997e9f611af7a2d4f8cbb3614d6e65a01c4c5e18a903d3581f312277b2b1838a8746a16,,08/23/2025 02:02:00 AM,30,NO CONTROLS,NO CONTROLS,CLEAR,"DARKNESS, LIGHTED ROAD",TURNING,NOT DIVIDED,,STRAIGHT AND LEVEL,DRY,UNKNOWN,,INJURY AND / OR TOW DUE TO CRASH,,,,"OVER $1,500",08/23/2025 02:02:00 AM,IMPROPER TURNING/NO SIGNAL,FAILING TO REDUCE SPEED TO AVOID CRASH,1437,S,BLUE ISLAND AVE,1233,,,,,,,4,NONINCAPACITATING INJURY,2,0,0,2,0,5,0,2,7,8,41.86247917,-87.6570483842,POINT (-87.657048384205 41.862479169977)
87a2307675bfeea0da0ed07331e706caea868f871d6237ddfcbf57d68401911a25a7d679da944c6ceb66e2eebd1f6a3d6d8644cccf1ed95a8713e39cf9d49569,,08/23/2025 02:00:00 AM,30,STOP SIGN/FLASHER,FUNCTIONING PROPERLY,CLEAR,"DARKNESS, LIGHTED ROAD",PARKED MOTOR VEHICLE,NOT DIVIDED,,STRAIGHT AND LEVEL,DRY,NO DEFECTS,NOT ON SCENE (DESK REPORT),NO INJURY / DRIVE AWAY,,,Y,"OVER $1,500",08/23/2025 02:26:00 PM,FAILING TO REDUCE SPEED TO AVOID CRASH,NOT APPLICABLE,4100,W,58TH ST,813,,,,,,,2,NO INDICATION OF INJURY,0,0,0,0,0,1,0,2,7,8,41.7878398452,-87.7255830737,POINT (-87.725583073678 41.787839845238)
1057ed485a9b78f8d3383c6de67ebbb5ec7b480638df04973142c60092f3683b987b8ce0c2f425f0a72a41d68c3627ec992a8255937804a81fcccb938cecfabb,Y,08/23/2025 01:40:00 AM,30,NO CONTROLS,NO CONTROLS,CLEAR,"DARKNESS, LIGHTED ROAD",REAR END,DIVIDED - W/MEDIAN BARRIER,,STRAIGHT AND LEVEL,DRY,NO DEFECTS,ON SCENE,INJURY AND / OR TOW DUE TO CRASH,,,,"OVER $1,500",08/23/2025 01:50:00 AM,FAILING TO REDUCE SPEED TO AVOID CRASH,UNABLE TO DETERMINE,400,W,51ST ST,935,,Y,,,,,2,NONINCAPACITATING INJURY,4,0,0,2,2,1,0,1,7,8,41.8018750437,-87.635709359,POINT (-87.635709358961 41.80187504374)
4db07a57db944138783b57d00a30cbcde6190a43bcb857c9c1973bbe248e7c6750a2a6623add2fa0f9d077931568cc567599177b7eb1181d7bf25d8014f5fa7b,,08/23/2025 01:36:00 AM,30,NO CONTROLS,NO CONTROLS,CLEAR,"DARKNESS, LIGHTED ROAD",PARKED MOTOR VEHICLE,NOT DIVIDED,,STRAIGHT AND LEVEL,DRY,UNKNOWN,ON SCENE,NO INJURY / DRIVE AWAY,,,N,$500 OR LESS,08/23/2025 01:36:00 AM,UNABLE TO DETERMINE,NOT APPLICABLE,1613,S,CENTRAL PARK AVE,1021,,,,,,,2,NO INDICATION OF INJURY,0,0,0,0,0,1,0,1,7,8,41.8585748217,-87.7150498245,POINT (-87.71504982455 41.858574821676)
bfaf585aae4a0ba953d001f61d17b243507b7e07d086922e74a15fc8fb8fc7d82cf373209fa85c70fd61f797807e2a3aa863df0fb0047ad1ee0b0db7b8557c98,,08/23/2025 01:30:00 AM,30,TRAFFIC SIGNAL,FUNCTIONING PROPERLY,CLEAR,"DARKNESS, LIGHTED ROAD",TURNING,NOT DIVIDED,,STRAIGHT AND LEVEL,DRY,NO DEFECTS,ON SCENE,INJURY AND / OR TOW DUE TO CRASH,Y,,,"OVER $1,500",08/23/2025 01:30:00 AM,UNABLE TO DETERMINE,UNABLE TO DETERMINE,5498,S,PULASKI RD,815,,,,,,,2,NONINCAPACITATING INJURY,1,0,0,1,0,1,0,1,7,8,41.7932935692,-87.7233091848,POINT (-87.723309184773 41.793293569206)
858134ba7f0ecc30275d2bbc437bfaea165257501f7a934000c333b0bf17b9184dbc70a54efba906b7dabc4eec5754a73e4d04b70759301d2ffe4ffd88cec255,,08/23/2025 01:11:00 AM,30,NO CONTROLS,NO CONTROLS,CLEAR,"DARKNESS, LIGHTED ROAD",SIDESWIPE SAME DIRECTION,NOT DIVIDED,,STRAIGHT AND LEVEL,DRY,NO DEFECTS,ON SCENE,NO INJURY / DRIVE AWAY,,,Y,"OVER $1,500",08/23/2025 01:13:00 AM,UNDER THE INFLUENCE OF ALCOHOL/DRUGS (USE WHEN ARREST IS EFFECTED),UNABLE TO DETERMINE,1557,S,PULASKI RD,1014,,,,,,,2,NO INDICATION OF INJURY,0,0,0,0,0,2,0,1,7,8,41.8590187771,-87.724812057,POINT (-87.72481205699 41.85901877706)
203094200a6a18bef7812ad88f73fa1477f9742c9cdfb9c264cf0a525bf42730e02a2d72c8b2a367d44d284d00aa5f575b42ab1615d09b541346235810bc2f1d,,08/23/2025 01:00:00 AM,20,NO CONTROLS,NO CONTROLS,CLEAR,"DARKNESS, LIGHTED ROAD",PARKED MOTOR VEHICLE,NOT DIVIDED,,STRAIGHT AND LEVEL,DRY,NO DEFECTS,NOT ON SCENE (DESK REPORT),NO INJURY / DRIVE AWAY,,,Y,"OVER $1,500",08/23/2025 08:35:00 AM,UNABLE TO DETERMINE,UNABLE TO DETERMINE,5335,S,LAWNDALE AVE,822,,,,,,,2,NO INDICATION OF INJURY,0,0,0,0,0,1,0,1,7,8,41.7959351185,-87.7157352201,POINT (-87.715735220128 41.795935118537)
fa3ac02dcea2c93e12410ce9303c8daf35540df0089b90b481607dde0d7d72bb402f9a6c0e92005c563acfa8d748259d1062e94ea77c16ea470ec3b7e5195cb6,,08/23/2025 01:00:00 AM,30,NO CONTROLS,NO CONTROLS,CLEAR,"DARKNESS, LIGHTED ROAD",PARKED MOTOR VEHICLE,ONE-WAY,,STRAIGHT AND LEVEL,DRY,NO DEFECTS,NOT ON SCENE (DESK REPORT),NO INJURY / DRIVE AWAY,,,Y,"$501 - $1,500",08/23/2025 09:30:00 AM,UNABLE TO DETERMINE,UNABLE TO DETERMINE,5547,N,KENMORE AVE,2023,,,,,,,2,NO INDICATION OF INJURY,0,0,0,0,0,1,0,1,7,8,41.9832521164,-87.6564547991,POINT (-87.656454799124 41.983252116437)
c478e1f960717868fde66b4b719604c1356489c11ea933a934c9f04d2f48a131d0aecf796a47438fb754ee983c3221102c8cf20d142d25be8d46cc1221192027,,08/23/2025 12:55:00 AM,30,STOP SIGN/FLASHER,FUNCTIONING PROPERLY,CLEAR,"DARKNESS, LIGHTED ROAD",ANGLE,FOUR WAY,,STRAIGHT AND LEVEL,DRY,NO DEFECTS,ON SCENE,NO INJURY / DRIVE AWAY,Y,,Y,"OVER $1,500",08/23/2025 01:10:00 AM,NOT APPLICABLE,NOT APPLICABLE,300,E,44TH ST,215,,,,,,,2,NO INDICATION OF INJURY,0,0,0,0,0,5,0,0,7,8,41.8148872619,-87.6196743454,POINT (-87.619674345384 41.814887261855)
7701a962f6a0fbd03a961d44bea53f71753f00348d4bfa31b4848c0fba339ae6f68650f0ffa3d8a96874954da14bd61598e77d8a395caec64675aac9327a5e29,,08/23/2025 12:44:00 AM,30,NO CONTROLS,FUNCTIONING PROPERLY,CLEAR,"DARKNESS, LIGHTED ROAD",PARKED MOTOR VEHICLE,ONE-WAY,,STRAIGHT AND LEVEL,DRY,NO DEFECTS,ON SCENE,NO INJURY / DRIVE AWAY,,,,"$501 - $1,500",08/23/2025 12:50:00 AM,NOT APPLICABLE,UNABLE TO DETERMINE,2015,W,65TH ST,726,,,,,,,3,NO INDICATION OF INJURY,0,0,0,0,0,1,0,0,7,8,41.7755879342,-87.6744576775,POINT (-87.674457677512 41.775587934229)