CRASH_RECORD_ID,CRASH_DATE_EST_I,CRASH_DATE,POSTED_SPEED_LIMIT,TRAFFIC_CONTROL_DEVICE,DEVICE_CONDITION,WEATHER_CONDITION,LIGHTING_CONDITION,FIRST_CRASH_TYPE,TRAFFICWAY_TYPE,LANE_CNT,ALIGNMENT,ROADWAY_SURFACE_COND,ROAD_DEFECT,REPORT_TYPE,CRASH_TYPE,INTERSECTION_RELATED_I,NOT_RIGHT_OF_WAY_I,HIT_AND_RUN_I,DAMAGE,DATE_POLICE_NOTIFIED,PRIM_CONTRIBUTORY_CAUSE,SEC_CONTRIBUTORY_CAUSE,STREET_NO,STREET_DIRECTION,STREET_NAME,BEAT_OF_OCCURRENCE,PHOTOS_TAKEN_I,STATEMENTS_TAKEN_I,DOORING_I,WORK_ZONE_I,WORK_ZONE_TYPE,WORKERS_PRESENT_I,NUM_UNITS,MOST_SEVERE_INJURY,INJURIES_TOTAL,INJURIES_FATAL,INJURIES_INCAPACITATING,INJURIES_NON_INCAPACITATING,INJURIES_REPORTED_NOT_EVIDENT,INJURIES_NO_INDICATION,INJURIES_UNKNOWN,CRASH_HOUR,CRASH_DAY_OF_WEEK,CRASH_MONTH,LATITUDE,LONGITUDE,LOCATION
2e3a329440a1ac0a22b13f1abdc04103de45e0c9b46cb7c16a40cdb41462dfc992e963c2add22cd1d65c1521a0b019ca0e6649b40b47ad7388876381718c4555,,08/23/2025 12:35:00 AM,25,OTHER,FUNCTIONING PROPERLY,CLEAR,"DARKNESS, LIGHTED ROAD",FIXED OBJECT,DIVIDED - W/MEDIAN BARRIER,,STRAIGHT AND LEVEL,DRY,NO DEFECTS,ON SCENE,INJURY AND / OR TOW DUE TO CRASH,,,,"OVER $1,500",08/23/2025 12:43:00 AM,FAILING TO REDUCE SPEED TO AVOID CRASH,NOT APPLICABLE,1000,N,LAKE SHORE DR SB,1824,,,,,,,1,NONINCAPACITATING INJURY,1,0,0,1,0,0,0,0,7,8,41.9009589191,-87.6199281737,POINT (-87.619928173678 41.900958919109)
912adb8582a1dd2ccf1a0b866578f684c5ae7952141230d8cb19fce946f5386f8cc5bac8e049a09823751be0f64e3ec151d769b1a478bffea5faf47580a616da,,08/23/2025 12:30:00 AM,30,NO CONTROLS,NO CONTROLS,CLEAR,DARKNESS,PARKED MOTOR VEHICLE,ONE-WAY,,STRAIGHT AND LEVEL,DRY,NO DEFECTS,ON SCENE,INJURY AND / OR TOW DUE TO CRASH,,,Y,"OVER $1,500",08/23/2025 12:31:00 AM,IMPROPER BACKING,"OPERATING VEHICLE IN ERRATIC, RECKLESS, CARELESS, NEGLIGENT OR AGGRESSIVE MANNER",5040,N,KENMORE AVE,2024,,,,,,,5,NO INDICATION OF INJURY,0,0,0,0,0,2,0,0,7,8,41.9744960685,-87.6565110221,POINT (-87.656511022104 41.974496068498)
905a8ac6f2d9f6afeeff5b01c63d20f3e530a9f30f82bbbf3479bf64f4a9402010e42dd6ca8fa9010c52770ffedcda53c34046ebd3d6e3d98bf394a94edca2a3,,08/23/2025 12:22:00 AM,30,TRAFFIC SIGNAL,FUNCTIONING PROPERLY,CLEAR,"DARKNESS, LIGHTED ROAD",TURNING,FOUR WAY,,STRAIGHT AND LEVEL,DRY,NO DEFECTS,ON SCENE,INJURY AND / OR TOW DUE TO CRASH,Y,,,"OVER $1,500",08/23/2025 12:22:00 AM,"OPERATING VEHICLE IN ERRATIC, RECKLESS, CARELESS, NEGLIGENT OR AGGRESSIVE MANNER",FAILING TO YIELD RIGHT-OF-WAY,2000,N,PULASKI RD,2525,,,,,,,2,NONINCAPACITATING INJURY,5,0,0,4,1,1,0,0,7,8,41.9172073686,-87.7267082623,POINT (-87.726708262295 41.91720736863)
0ccfa252831b46d134c4c9456ec56171a37a58efbdfe2028f29f2f2c1e3d374c4686bf598949d83e419299187eab35653c2cd924e386a893939ff8d75e9d9d4c,,08/23/2025 12:21:00 AM,30,NO CONTROLS,NO CONTROLS,CLOUDY/OVERCAST,"DARKNESS, LIGHTED ROAD",SIDESWIPE SAME DIRECTION,NOT DIVIDED,,STRAIGHT AND LEVEL,DRY,NO DEFECTS,ON SCENE,NO INJURY / DRIVE AWAY,,,Y,"OVER $1,500",08/23/2025 12:22:00 AM,"OPERATING VEHICLE IN ERRATIC, RECKLESS, CARELESS, NEGLIGENT OR AGGRESSIVE MANNER","OPERATING VEHICLE IN ERRATIC, RECKLESS, CARELESS, NEGLIGENT OR AGGRESSIVE MANNER",1111,W,LAKE ST,1224,,,,,,,2,NO INDICATION OF INJURY,0,0,0,0,0,2,0,0,7,8,41.8854266045,-87.654965694,POINT (-87.654965694004 41.885426604527)
eb63eef25bac47e727c046119d76cb093a20b760d099e19224f128b782443b642202bb4f80b1da219867324588eb9b68a9f45dd4a34f92984337dc1424b7bf34,,08/23/2025 12:13:00 AM,30,STOP SIGN/FLASHER,FUNCTIONING PROPERLY,CLEAR,"DARKNESS, LIGHTED ROAD",PARKED MOTOR VEHICLE,NOT DIVIDED,,STRAIGHT AND LEVEL,DRY,NO DEFECTS,ON SCENE,INJURY AND / OR TOW DUE TO CRASH,,,Y,"OVER $1,500",08/23/2025 12:13:00 AM,UNABLE TO DETERMINE,NOT APPLICABLE,999,W,LELAND AVE,1914,,,,,,,3,NO INDICATION OF INJURY,0,0,0,0,0,2,0,0,7,8,41.9671695783,-87.654687176,POINT (-87.654687176018 41.967169578294)
c36c6f66590cd84b30976e753232fd0f0ec3db45fefacc1f4bc312a249bf701707e67755b2508809263dfe3c8784be1d83b3d42b9c3df026fa7f37242ca44d3f,,08/23/2025 12:05:00 AM,30,TRAFFIC SIGNAL,FUNCTIONING PROPERLY,CLEAR,"DARKNESS, LIGHTED ROAD",SIDESWIPE SAME DIRECTION,DIVIDED - W/MEDIAN (NOT RAISED),,STRAIGHT AND LEVEL,DRY,NO DEFECTS,ON SCENE,INJURY AND / OR TOW DUE TO CRASH,,,Y,"OVER $1,500",08/23/2025 12:10:00 AM,IMPROPER OVERTAKING/PASSING,FAILING TO REDUCE SPEED TO AVOID CRASH,4809,N,BROADWAY,2033,,,,,,,2,"REPORTED, NOT EVIDENT",1,0,0,0,1,1,0,0,7,8,41.9693185195,-87.6595313417,POINT (-87.65953134166 41.969318519481)
41f034d65a9248f046ec51a6c6a5529512fad09dca3a519218f523712673d490d6b131ababea966c72e2fbaf63da76741016b5c11f708e3086e2fca94b55b9da,Y,08/22/2025 11:59:00 PM,30,NO CONTROLS,NO CONTROLS,UNKNOWN,DAWN,PARKED MOTOR VEHICLE,NOT DIVIDED,,STRAIGHT AND LEVEL,UNKNOWN,UNKNOWN,NOT ON SCENE (DESK REPORT),NO INJURY / DRIVE AWAY,,,Y,"OVER $1,500",08/27/2025 11:35:00 AM,UNABLE TO DETERMINE,UNABLE TO DETERMINE,8500,W,BRODMAN AVE,1614,,,,,,,2,NO INDICATION OF INJURY,0,0,0,0,0,1,0,23,6,8,41.9599433974,-87.8396050693,POINT (-87.839605069305 41.959943397387)
4452828c22a7cb097b1e190ca81627ac9b5f4b6c0d712096e7a1a20febdc71d827058c3f506783eeed897c1574bafdee661d9e0ccbad4bfa1db9a15e52a172cd,,08/22/2025 11:45:00 PM,30,TRAFFIC SIGNAL,FUNCTIONING PROPERLY,CLEAR,"DARKNESS, LIGHTED ROAD",PARKED MOTOR VEHICLE,ONE-WAY,,STRAIGHT AND LEVEL,DRY,UNKNOWN,ON SCENE,NO INJURY / DRIVE AWAY,,,Y,"$501 - $1,500",08/22/2025 11:50:00 PM,FAILING TO YIELD RIGHT-OF-WAY,NOT APPLICABLE,405,E,OHIO ST,1834,,,,,,,2,NO INDICATION OF INJURY,0,0,0,0,0,1,0,23,6,8,41.8925372302,-87.6174178248,POINT (-87.617417824796 41.892537230187)
d04cc53b521f56661e070bb2e8530dc1984dc9600620b150131703cb0fcc0b718d873cf36485f330a7c94d2d9d5c166b17163e6d40b5d8a8d61d8bee7e436e0c,,08/22/2025 11:45:00 PM,10,NO CONTROLS,NO CONTROLS,UNKNOWN,UNKNOWN,PARKED MOTOR VEHICLE,PARKING LOT,,STRAIGHT AND LEVEL,UNKNOWN,UNKNOWN,NOT ON SCENE (DESK REPORT),NO INJURY / DRIVE AWAY,,Y,Y,"OVER $1,500",08/23/2025 01:00:00 PM,FAILING TO REDUCE SPEED TO AVOID CRASH,UNABLE TO DETERMINE,545,N,MC CLURG CT,1834,,,,,,,2,NO INDICATION OF INJURY,0,0,0,0,0,1,0,23,6,8,41.8923894992,-87.6175608034,POINT (-87.617560803385 41.892389499173)
7c076089d4ea499036dea8bf40561851b045ba3cf1a8012aee643be6731563ef1c04e9a56f877c407938f395ff42aa749cc1d9e21960e1f0dc794128af88d38e,,08/22/2025 11:40:00 PM,30,NO CONTROLS,NO CONTROLS,CLEAR,"DARKNESS, LIGHTED ROAD",SIDESWIPE SAME DIRECTION,DIVIDED - W/MEDIAN (NOT RAISED),,STRAIGHT AND LEVEL,DRY,NO DEFECTS,NOT ON SCENE (DESK REPORT),NO INJURY / DRIVE AWAY,,,,"OVER $1,500",08/23/2025 12:45:00 AM,UNABLE TO DETERMINE,NOT APPLICABLE,4332,W,47TH ST,815,,,,,,,2,NO INDICATION OF INJURY,0,0,0,0,0,2,0,23,6,8,41.8078705062,-87.7322707954,POINT (-87.732270795357 41.807870506184)
89d4be9a8150f4b7fbbc4e07c884f1f1c8d0313dde50ab40360c427584e54ed036f8c2c4a768d7daefd0dfc1567593b66f7c431823e84caab86eec90c8325e4c,,08/22/2025 11:40:00 PM,30,STOP SIGN/FLASHER,NO CONTROLS,CLEAR,"DARKNESS, LIGHTED ROAD",REAR END,FOUR WAY,,STRAIGHT AND LEVEL,DRY,NO DEFECTS,ON SCENE,INJURY AND / OR TOW DUE TO CRASH,Y,,Y,"OVER $1,500",08/22/2025 11:58:00 PM,NOT APPLICABLE,NOT APPLICABLE,7300,S,EAST END AVE,324,,,,,,,3,NONINCAPACITATING INJURY,2,0,0,2,0,1,0,23,6,8,41.7623438292,-87.5837209506,POINT (-87.583720950588 41.762343829188)
ba3811d12ef9993064578af705ccc813e1b43dc8d1e3fe38cca246f94e3a342e8a4225a3d997fa0dc5be6da2386fcd6f2a10dbcd3c92f524bf97778fb2e80a3e,,08/22/2025 11:40:00 PM,30,NO CONTROLS,NO CONTROLS,CLEAR,"DARKNESS, LIGHTED ROAD",PARKED MOTOR VEHICLE,NOT DIVIDED,,STRAIGHT AND LEVEL,DRY,NO DEFECTS,ON SCENE,INJURY AND / OR TOW DUE TO CRASH,,,,"OVER $1,500",08/22/2025 11:43:00 PM,UNABLE TO DETERMINE,NOT APPLICABLE,4785,S,ARCHER AVE,821,,Y,,,,,3,NO INDICATION OF INJURY,0,0,0,0,0,1,0,23,6,8,41.8065474011,-87.7163046698,POINT (-87.716304669828 41.806547401068)
7c9d6e7b2172ae0d3026b793b9596019d990d86c0834ca3f0faa750c0c399179c5b6592cfdec249518b1f3116033bbd71c5ea9ab90449a1abe5d9eba209bfbf0,,08/22/2025 11:30:00 PM,30,TRAFFIC SIGNAL,FUNCTIONING PROPERLY,CLEAR,"DARKNESS, LIGHTED ROAD",REAR END,NOT DIVIDED,,STRAIGHT AND LEVEL,DRY,UNKNOWN,NOT ON SCENE (DESK REPORT),NO INJURY / DRIVE AWAY,,,Y,"$501 - $1,500",08/23/2025 12:50:00 AM,UNABLE TO DETERMINE,UNABLE TO DETERMINE,1912,N,WESTERN AVE,1434,,,,,,,2,NO INDICATION OF INJURY,0,0,0,0,0,2,0,23,6,8,41.9161857005,-87.6875236877,POINT (-87.687523687675 41.916185700534)
c5f50a9c9ff2d8f88e12d42d508bdbaf8f54a9c088fcdfcbd2a58f029df042e23713614027267be5500448cca78d27fca948b8a9726e456b2a16c944bfcba017,,08/22/2025 11:30:00 PM,30,TRAFFIC SIGNAL,UNKNOWN,CLEAR,DARKNESS,TURNING,T-INTERSECTION,,STRAIGHT AND LEVEL,DRY,UNKNOWN,NOT ON SCENE (DESK REPORT),NO INJURY / DRIVE AWAY,Y,,,"OVER $1,500",08/24/2025 08:40:00 PM,IMPROPER TURNING/NO SIGNAL,IMPROPER OVERTAKING/PASSING,154,E,GRAND AVE,1834,,,,,,,2,NO INDICATION OF INJURY,0,0,0,0,0,3,0,23,6,8,41.8918607023,-87.623239825,POINT (-87.623239824965 41.891860702326)
e0785f06001d8ce22c3b6f7b0596f76cbdead856025ee165e37cf0f5fbae709012fca9d12d164d2f85952bdf3f4db65f245c3b8bbbe8a7d1104449cb55a527cf,,08/22/2025 11:18:00 PM,30,NO CONTROLS,NO CONTROLS,CLEAR,"DARKNESS, LIGHTED ROAD",PARKED MOTOR VEHICLE,NOT DIVIDED,,STRAIGHT AND LEVEL,DRY,NO DEFECTS,NOT ON SCENE (DESK REPORT),NO INJURY / DRIVE AWAY,,,Y,"OVER $1,500",08/23/2025 12:15:00 AM,UNABLE TO DETERMINE,NOT APPLICABLE,1740,N,LARAMIE AVE,2532,,,,,,,2,NO INDICATION OF INJURY,0,0,0,0,0,4,0,23,6,8,41.9125822857,-87.755920456,POINT (-87.755920456026 41.912582285735)
fd3b0ac34a67e639f7ee1f473a38d617baf937f35f66ff6b8950984ee941a34c142903c9635fe944254948f04c44c803c317e30f3fc1b40ad0b76f610aedb1a7,,08/22/2025 11:15:00 PM,30,STOP SIGN/FLASHER,FUNCTIONING PROPERLY,CLEAR,"DARKNESS, LIGHTED ROAD",TURNING,T-INTERSECTION,,STRAIGHT AND LEVEL,DRY,NO DEFECTS,ON SCENE,INJURY AND / OR TOW DUE TO CRASH,Y,Y,,"OVER $1,500",08/23/2025 01:23:00 AM,FAILING TO YIELD RIGHT-OF-WAY,FAILING TO REDUCE SPEED TO AVOID CRASH,7000,W,63RD ST,812,,,,,,,2,NONINCAPACITATING INJURY,2,0,0,1,1,0,0,23,6,8,41.7775176169,-87.7960967466,POINT (-87.796096746628 41.777517616854)
c5a3520237f323b5354c5e1267a3672a9983b08af4cd815c8e3e620bca1f8b6565c46fc8088fca9947712d170d1b7dc221a60f8e8ec14c3689b7685f207f5081,,08/22/2025 11:05:00 PM,30,STOP SIGN/FLASHER,NO CONTROLS,CLEAR,DARKNESS,REAR END,NOT DIVIDED,,STRAIGHT AND LEVEL,DRY,NO DEFECTS,NOT ON SCENE (DESK REPORT),INJURY AND / OR TOW DUE TO CRASH,Y,,,"OVER $1,500",08/23/2025 12:50:00 AM,UNABLE TO DETERMINE,UNABLE TO DETERMINE,11813,S,MORGAN ST,524,,,,,,,2,NO INDICATION OF INJURY,0,0,0,0,0,2,0,23,6,8,41.6791376165,-87.6466773442,POINT (-87.646677344195 41.679137616515)
f7d756b885d19afce25a4b6adff5539823b4b4f6e5f0560c9627b19f4e39b43392f1f5c5f00bf100996926d1419ca36e6c292f8132a56c7fe3dc2eceb3922ae8,,08/22/2025 11:05:00 PM,30,TRAFFIC SIGNAL,FUNCTIONING PROPERLY,CLEAR,"DARKNESS, LIGHTED ROAD",TURNING,DIVIDED - W/MEDIAN BARRIER,,STRAIGHT ON GRADE,DRY,NO DEFECTS,NOT ON SCENE (DESK REPORT),NO INJURY / DRIVE AWAY,Y,,Y,"OVER $1,500",08/24/2025 11:15:00 AM,IMPROPER TURNING/NO SIGNAL,FAILING TO YIELD RIGHT-OF-WAY,3998,N,CUMBERLAND AVE,1631,,,,,,,2,NO INDICATION OF INJURY,0,0,0,0,0,3,0,23,6,8,41.9519596841,-87.8368118342,POINT (-87.836811834232 41.951959684127)
8184a5261bc5b26d35cd0c2d0b77bb774c1f34e19ed36100640ad0bc6a7e02b5bf9a17f508ee126eaeaf36e68682a6a0d9a6710c3b8245394271d323d9c2452d,,08/22/2025 11:00:00 PM,30,NO CONTROLS,NO CONTROLS,CLEAR,"DARKNESS, LIGHTED ROAD",REAR END,ONE-WAY,,STRAIGHT AND LEVEL,DRY,UNKNOWN,,NO INJURY / DRIVE AWAY,,,,"$501 - $1,500",08/22/2025 11:54:00 PM,FOLLOWING TOO CLOSELY,FOLLOWING TOO CLOSELY,430,N,CLARK ST,1831,,,,,,,2,NO INDICATION OF INJURY,0,0,0,0,0,2,0,23,6,8,41.890058266,-87.6312298874,POINT (-87.631229887382 41.890058266028)
91b313e6934db8206f1fac5e096fb759346e94a6993b5cbca7c98df6e3a0dce66f37e4f76af273ecb3753a8a568e941f41d12d287f68b3ffeae7d9f09a9a778b,Y,08/22/2025 11:00:00 PM,30,NO CONTROLS,NO CONTROLS,CLEAR,UNKNOWN,PARKED MOTOR VEHICLE,NOT DIVIDED,,STRAIGHT AND LEVEL,DRY,NO DEFECTS,NOT ON SCENE (DESK REPORT),NO INJURY / DRIVE AWAY,,,Y,"OVER $1,500",08/23/2025 07:00:00 AM,UNABLE TO DETERMINE,UNABLE TO DETERMINE,7758,S,WINCHESTER AVE,611,,,,,,,2,NO INDICATION OF INJURY,0,0,0,0,0,1,0,23,6,8,41.7521576278,-87.672121077,POINT (-87.672121077025 41.752157627813)
57f14c36975eda3afb3980c929bc178ce4fc4588f976318cb981126580ff021e1413bcc08c5ae3300f00543e6148fe0a044b0a9095f705119f1ce973188bc3f1,,08/22/2025 10:40:00 PM,35,TRAFFIC SIGNAL,FUNCTIONING PROPERLY,CLEAR,DARKNESS,SIDESWIPE OPPOSITE DIRECTION,NOT DIVIDED,,STRAIGHT AND LEVEL,DRY,NO DEFECTS,NOT ON SCENE (DESK REPORT),NO INJURY / DRIVE AWAY,Y,,,"OVER $1,500",08/26/2025 08:15:00 AM,NOT APPLICABLE,NOT APPLICABLE,4801,W,MADISON ST,1533,,,,,,,2,NO INDICATION OF INJURY,0,0,0,0,0,5,0,22,6,8,41.8803867201,-87.7453973802,POINT (-87.745397380161 41.880386720106)
89e67b5b9e44ecc07e5c552fb47e091231c7798f07140533674507a60acec07bdefec6d4632e8f72e7425f7166f266f4381786ebe107fc7fff69e1c423767b13,,08/22/2025 10:40:00 PM,30,NO CONTROLS,NO CONTROLS,CLEAR,"DARKNESS, LIGHTED ROAD",PARKED MOTOR VEHICLE,NOT DIVIDED,,STRAIGHT AND LEVEL,DRY,UNKNOWN,ON SCENE,NO INJURY / DRIVE AWAY,,,,$500 OR LESS,08/22/2025 10:41:00 PM,IMPROPER BACKING,DRIVING SKILLS/KNOWLEDGE/EXPERIENCE,1226,W,110TH PL,2234,,,,,,,2,NO INDICATION OF INJURY,0,0,0,0,0,1,0,22,6,8,41.693246295,-87.6532428684,POINT (-87.653242868352 41.693246294974)
a5ac9545fcb52b0d6489c0766f180bc40ba33413e823f544e57e1b7e22c9ebe9ddd697a8680fdb81bb1a0d5966b4becbc9b823752e67e386d54cdedc38f31054,N,08/22/2025 10:40:00 PM,30,TRAFFIC SIGNAL,FUNCTIONING PROPERLY,CLEAR,"DARKNESS, LIGHTED ROAD",REAR TO FRONT,NOT DIVIDED,,STRAIGHT AND LEVEL,DRY,NO DEFECTS,ON SCENE,NO INJURY / DRIVE AWAY,Y,,,$500 OR LESS,08/22/2025 10:40:00 PM,IMPROPER BACKING,NOT APPLICABLE,5101,S,KEDZIE AVE,923,,,,,,,2,NO INDICATION OF INJURY,0,0,0,0,0,2,0,22,6,8,41.8007314612,-87.7036168743,POINT (-87.703616874333 41.800731461185)
9961192cf8c9ab6e1a4a5b0b97fa6430a2c5faedcc8f82a212b66f8426071a023117b3e379244af515471198a82b9f92935622c964637b5fe0881e85e5a5c579,,08/22/2025 10:30:00 PM,30,NO CONTROLS,NO CONTROLS,CLEAR,DARKNESS,PARKED MOTOR VEHICLE,NOT DIVIDED,,STRAIGHT AND LEVEL,UNKNOWN,UNKNOWN,NOT ON SCENE (DESK REPORT),NO INJURY / DRIVE AWAY,,,,"OVER $1,500",08/23/2025 11:40:00 AM,UNABLE TO DETERMINE,UNABLE TO DETERMINE,6520,N,OSHKOSH AVE,1612,,,,,,,2,NO INDICATION OF INJURY,0,0,0,0,0,2,0,22,6,8,41.9996547133,-87.821016203,POINT (-87.821016203022 41.999654713342)
b83055adf17bc178b9b2dcdfebf3e630b0d0c48527dfc809c17398818f287a52fa8baed766e8b6ad8939bda9571a35f6220fb6dddfe46cf77e1392b5d79bac52,,08/22/2025 10:30:00 PM,30,TRAFFIC SIGNAL,FUNCTIONING PROPERLY,CLEAR,"DARKNESS, LIGHTED ROAD",REAR END,NOT DIVIDED,,STRAIGHT AND LEVEL,DRY,NO DEFECTS,NOT ON SCENE (DESK REPORT),NO INJURY / DRIVE AWAY,,,,"OVER $1,500",08/22/2025 11:40:00 PM,UNABLE TO DETERMINE,NOT APPLICABLE,4000,W,87TH ST,834,,,,,,,2,NO INDICATION OF INJURY,0,0,0,0,0,2,0,22,6,8,41.7349683759,-87.7215024965,POINT (-87.721502496527 41.73496837587)
801ce4f7098c8e1bbb08281481be5a147ae0f7f19ab745ea4de686be3a07e86e577e437644a6df161ffd5958bd211ad3e5cf632cf9ca4db4c09c06a2811dfd1d,,08/22/2025 10:15:00 PM,20,NO CONTROLS,NO CONTROLS,CLEAR,"DARKNESS, LIGHTED ROAD",ANGLE,NOT DIVIDED,,STRAIGHT AND LEVEL,DRY,NO DEFECTS,NOT ON SCENE (DESK REPORT),NO INJURY / DRIVE AWAY,,,,"OVER $1,500",08/23/2025 01:00:00 AM,UNABLE TO DETERMINE,NOT APPLICABLE,5474,S,NEW ENGLAND AVE,811,,,,,,,2,NO INDICATION OF INJURY,0,0,0,0,0,2,0,22,6,8,41.7922042851,-87.7941679972,POINT (-87.79416799715 41.792204285128)
0a1109766b9f98664e22639e3f8376b05432d34c7259ea30b186559fadc9d096a8170709c7569aaeb3c857287460902edde260240d6974960822c3d0102b6be6,,08/22/2025 10:02:00 PM,30,TRAFFIC SIGNAL,FUNCTIONING PROPERLY,CLEAR,"DARKNESS, LIGHTED ROAD",ANGLE,NOT DIVIDED,,STRAIGHT AND LEVEL,DRY,NO DEFECTS,ON SCENE,INJURY AND / OR TOW DUE TO CRASH,Y,,,"OVER $1,500",08/22/2025 10:04:00 PM,DISREGARDING TRAFFIC SIGNALS,NOT APPLICABLE,3401,W,FULLERTON AVE,1413,,,,,,,2,"REPORTED, NOT EVIDENT",1,0,0,0,1,2,0,22,6,8,41.9245501366,-87.7121627585,POINT (-87.712162758497 41.924550136562)
4329643e0dcdfa9a6a3d73d3f6d3fd96722d8db9c35e7ff5b9ac1bd15e27c13b93a0cdfe3d7ddc28e74c2f0e81711510408d67eb20660c4a6ae2303050c80f89,,08/22/2025 10:00:00 PM,30,NO CONTROLS,NO CONTROLS,CLEAR,"DARKNESS, LIGHTED ROAD",PEDALCYCLIST,NOT DIVIDED,,STRAIGHT AND LEVEL,DRY,NO DEFECTS,NOT ON SCENE (DESK REPORT),NO INJURY / DRIVE AWAY,,,Y,"OVER $1,500",08/23/2025 01:25:00 PM,FAILING TO YIELD RIGHT-OF-WAY,NOT APPLICABLE,2837,W,63RD ST,823,,,,,,,2,NO INDICATION OF INJURY,0,0,0,0,0,2,0,22,6,8,41.7789852709,-87.6948374409,POINT (-87.694837440914 41.778985270939)
5aba31002a043e10cead11a1fc2d3ffcae00218dee60fe415648abe80898550d2c58bf3274111fb9b6204523caa0617a06dafb3b3a353e27ec3a03288d422907,,08/22/2025 10:00:00 PM,30,NO CONTROLS,UNKNOWN,CLEAR,"DARKNESS, LIGHTED ROAD",TURNING,NOT DIVIDED,,STRAIGHT AND LEVEL,DRY,UNKNOWN,ON SCENE,NO INJURY / DRIVE AWAY,,,,"OVER $1,500",08/22/2025 10:01:00 PM,IMPROPER TURNING/NO SIGNAL,FAILING TO YIELD RIGHT-OF-WAY,4941,W,WEST END AVE,1532,,,,,,,2,NO INDICATION OF INJURY,0,0,0,0,0,2,0,22,6,8,41.8829689962,-87.7494974031,POINT (-87.749497403082 41.882968996191)
ca66ebf7b989ebdcf610946c00ae5f5d9f56674cd3bbdb3a1d89983e55bc6e2084c5142dd49a80e02bc23eadc5b256238b1a5cd8691442ebc4d16d4874facc3a,Y,08/22/2025 10:00:00 PM,30,NO CONTROLS,NO CONTROLS,CLEAR,UNKNOWN,PARKED MOTOR VEHICLE,NOT DIVIDED,,STRAIGHT AND LEVEL,UNKNOWN,UNKNOWN,NOT ON SCENE (DESK REPORT),NO INJURY / DRIVE AWAY,,,Y,"$501 - $1,500",08/23/2025 06:30:00 PM,UNABLE TO DETERMINE,NOT APPLICABLE,2820,N,BELL AVE,1432,,,,,,,2,NO INDICATION OF INJURY,0,0,0,0,0,1,0,22,6,8,41.9327962754,-87.6846590571,POINT (-87.684659057078 41.93279627539)
131408d9bf80afd1d5ac8b4013db92c5ca2ffbade5095518f97a1160ee37ba8c142c2a181d5ffd7384dcddaf186ebb21f09c93430ab237e5f32dee718fa07df7,,08/22/2025 09:50:00 PM,30,TRAFFIC SIGNAL,FUNCTIONING PROPERLY,CLEAR,"DARKNESS, LIGHTED ROAD",SIDESWIPE SAME DIRECTION,FOUR WAY,,STRAIGHT AND LEVEL,DRY,UNKNOWN,NOT ON SCENE (DESK REPORT),NO INJURY / DRIVE AWAY,,,N,$500 OR LESS,08/22/2025 11:07:00 PM,UNABLE TO DETERMINE,UNABLE TO DETERMINE,1538,W,DIVISION ST,1433,,,,,,,2,NO INDICATION OF INJURY,0,0,0,0,0,2,0,21,6,8,41.9034682981,-87.6664703831,POINT (-87.66647038308 41.903468298125)
b00252bc8f27210141b1f09907540a9a30dbc0a851be6b50eca580af8d8fcac0565397db90625e32b5a178f7a6d764846a5c2839c5401b066213782ff6564a4b,,08/22/2025 09:40:00 PM,30,TRAFFIC SIGNAL,FUNCTIONING PROPERLY,CLEAR,"DARKNESS, LIGHTED ROAD",ANGLE,NOT DIVIDED,,STRAIGHT AND LEVEL,DRY,NO DEFECTS,ON SCENE,INJURY AND / OR TOW DUE TO CRASH,,,Y,"OVER $1,500",08/22/2025 10:49:00 PM,DISREGARDING TRAFFIC SIGNALS,FAILING TO REDUCE SPEED TO AVOID CRASH,6901,S,WENTWORTH AVE,731,,,,,,,2,"REPORTED, NOT EVIDENT",1,0,0,0,1,4,0,21,6,8,41.7689891344,-87.6297141744,POINT (-87.629714174408 41.768989134415)
259091eaf860d8619b8fb6ec72ce5a639a6c207fe42fd0544560206f2eb22a50f5ace9aaa2f869b703e527eee947da06bbc3228f6b42e23f0df274312f7bd814,,08/22/2025 09:30:00 PM,30,NO CONTROLS,NO CONTROLS,UNKNOWN,DAYLIGHT,SIDESWIPE SAME DIRECTION,NOT DIVIDED,,STRAIGHT AND LEVEL,DRY,NO DEFECTS,NOT ON SCENE (DESK REPORT),NO INJURY / DRIVE AWAY,,,Y,"OVER $1,500",08/25/2025 10:00:00 AM,UNABLE TO DETERMINE,NOT APPLICABLE,1140,N,ASHLAND AVE,1213,,,,,,,2,NO INDICATION OF INJURY,0,0,0,0,0,2,0,21,6,8,41.9027910592,-87.6676244462,POINT (-87.667624446164 41.9027910592)
e72318303d8778cc0cbda74614c9180ca7ad3bfc78f34d14d527977b84f36654642d70d3d0245278d9dd2b05ed1b8e146af05d9d35f258c5bdef409f9db62530,,08/22/2025 09:30:00 PM,30,NO CONTROLS,NO CONTROLS,CLEAR,"DARKNESS, LIGHTED ROAD",SIDESWIPE SAME DIRECTION,NOT DIVIDED,,STRAIGHT AND LEVEL,DRY,NO DEFECTS,NOT ON SCENE (DESK REPORT),NO INJURY / DRIVE AWAY,,,Y,"OVER $1,500",08/22/2025 10:42:00 PM,FOLLOWING TOO CLOSELY,FOLLOWING TOO CLOSELY,1326,S,LAKE SHORE DR NB,132,,,,,,,2,NO INDICATION OF INJURY,0,0,0,0,0,2,0,21,6,8,41.8651249911,-87.6195399245,POINT (-87.619539924525 41.865124991072)