CRASH_RECORD_ID,CRASH_DATE_EST_I,CRASH_DATE,POSTED_SPEED_LIMIT,TRAFFIC_CONTROL_DEVICE,DEVICE_CONDITION,WEATHER_CONDITION,LIGHTING_CONDITION,FIRST_CRASH_TYPE,TRAFFICWAY_TYPE,LANE_CNT,ALIGNMENT,ROADWAY_SURFACE_COND,ROAD_DEFECT,REPORT_TYPE,CRASH_TYPE,INTERSECTION_RELATED_I,NOT_RIGHT_OF_WAY_I,HIT_AND_RUN_I,DAMAGE,DATE_POLICE_NOTIFIED,PRIM_CONTRIBUTORY_CAUSE,SEC_CONTRIBUTORY_CAUSE,STREET_NO,STREET_DIRECTION,STREET_NAME,BEAT_OF_OCCURRENCE,PHOTOS_TAKEN_I,STATEMENTS_TAKEN_I,DOORING_I,WORK_ZONE_I,WORK_ZONE_TYPE,WORKERS_PRESENT_I,NUM_UNITS,MOST_SEVERE_INJURY,INJURIES_TOTAL,INJURIES_FATAL,INJURIES_INCAPACITATING,INJURIES_NON_INCAPACITATING,INJURIES_REPORTED_NOT_EVIDENT,INJURIES_NO_INDICATION,INJURIES_UNKNOWN,CRASH_HOUR,CRASH_DAY_OF_WEEK,CRASH_MONTH,LATITUDE,LONGITUDE,LOCATION
6457bd6fb07cc4362b998da55175b4d0c513f96ed99f381f6720d8021a43fb7a5a0bdf5b88bbf2444ccfdca64c878a6502699daeb52a4c0ef10484fc96ffb0a4,,08/22/2025 09:19:00 PM,30,NO CONTROLS,NO CONTROLS,CLEAR,"DARKNESS, LIGHTED ROAD",PEDALCYCLIST,DIVIDED - W/MEDIAN (NOT RAISED),,STRAIGHT AND LEVEL,DRY,NO DEFECTS,,INJURY AND / OR TOW DUE TO CRASH,,,Y,"$501 - $1,500",08/22/2025 09:23:00 PM,UNABLE TO DETERMINE,NOT APPLICABLE,2601,W,DIVISION ST,1211,,,Y,,,,2,NONINCAPACITATING INJURY,1,0,0,1,0,0,0,21,6,8,41.9028573369,-87.6920732696,POINT (-87.692073269604 41.902857336926)
6b66f2c23a0810d34ad5dc51db777aeb35b03d3566f265ef140d8e0ff630e5ff7e23753c30f4e4b85420c1e5635db5aadca107d64e0bcba3b2c7620d780024f5,,08/22/2025 09:19:00 PM,30,TRAFFIC SIGNAL,FUNCTIONING PROPERLY,CLEAR,DUSK,ANGLE,NOT DIVIDED,,STRAIGHT AND LEVEL,DRY,NO DEFECTS,ON SCENE,INJURY AND / OR TOW DUE TO CRASH,,,,"OVER $1,500",08/22/2025 09:20:00 PM,DISREGARDING TRAFFIC SIGNALS,DISREGARDING TRAFFIC SIGNALS,632,S,DESPLAINES ST,124,,,,,,,2,NONINCAPACITATING INJURY,1,0,0,1,0,2,0,21,6,8,41.8735697612,-87.6440108895,POINT (-87.644010889503 41.873569761174)
0bd636775ec84cba6eea6844fb4d056c0241f1c399041e5a0c4da5283a4586a24c316fc1ec811f0f3c00cc3bfd9c4aff2bfcbb5efd4e3261b16c913c4236dd24,,08/22/2025 09:05:00 PM,30,STOP SIGN/FLASHER,FUNCTIONING PROPERLY,CLEAR,"DARKNESS, LIGHTED ROAD",ANGLE,FOUR WAY,,STRAIGHT AND LEVEL,DRY,NO DEFECTS,NOT ON SCENE (DESK REPORT),INJURY AND / OR TOW DUE TO CRASH,Y,,,"OVER $1,500",08/22/2025 10:41:00 PM,FAILING TO YIELD RIGHT-OF-WAY,FAILING TO YIELD RIGHT-OF-WAY,1200,W,WELLINGTON AVE,1933,,Y,,,,,2,INCAPACITATING INJURY,1,0,1,0,0,1,0,21,6,8,41.9363045601,-87.6589625968,POINT (-87.658962596834 41.936304560064)
71c4b8fb6fbbcf44af995970391df7d9db63f4fb43b618e128251cf34c8469e33cfb528469027a9405e62444185bac8e9ac7d33b238682e4202174675d10c58f,,08/22/2025 09:00:00 PM,25,NO CONTROLS,NO CONTROLS,CLEAR,"DARKNESS, LIGHTED ROAD",FIXED OBJECT,ALLEY,,STRAIGHT AND LEVEL,UNKNOWN,OTHER,ON SCENE,INJURY AND / OR TOW DUE TO CRASH,,,,"OVER $1,500",08/22/2025 10:04:00 PM,DRIVING SKILLS/KNOWLEDGE/EXPERIENCE,NOT APPLICABLE,1259,W,49TH PL,933,,,,,,,1,NO INDICATION OF INJURY,0,0,0,0,0,1,0,21,6,8,41.804039009,-87.657435347,POINT (-87.657435346985 41.804039008993)
e9f2f4f1e5b4f73a34e111e1fe48a41fae9fe8efc71cefca3a710b241c88bfa688163a15cdfcfdfa4d7e3e6ce5df40e92915f18d696fefae699824e66f753034,,08/22/2025 08:59:00 PM,30,NO CONTROLS,NO CONTROLS,CLEAR,"DARKNESS, LIGHTED ROAD",PEDALCYCLIST,DIVIDED - W/MEDIAN (NOT RAISED),,STRAIGHT AND LEVEL,DRY,NO DEFECTS,ON SCENE,INJURY AND / OR TOW DUE TO CRASH,,,,"OVER $1,500",08/22/2025 08:59:00 PM,UNABLE TO DETERMINE,UNABLE TO DETERMINE,1415,W,IRVING PARK RD,1922,,,,,,,2,NONINCAPACITATING INJURY,1,0,0,1,0,1,0,20,6,8,41.9542365777,-87.6648647402,POINT (-87.664864740172 41.954236577655)
bcb4392f0766f4e5df8719a01ab38766949b239060acb3ceb5d711625c7b6750b0222645118ea1e567abb077c748480b4dc8c9d0921ab7fd6787979a32bbc891,,08/22/2025 08:48:00 PM,30,NO CONTROLS,NO CONTROLS,CLEAR,"DARKNESS, LIGHTED ROAD",SIDESWIPE SAME DIRECTION,DIVIDED - W/MEDIAN (NOT RAISED),,STRAIGHT AND LEVEL,DRY,NO DEFECTS,NOT ON SCENE (DESK REPORT),NO INJURY / DRIVE AWAY,,,Y,"OVER $1,500",08/25/2025 06:20:00 PM,UNABLE TO DETERMINE,UNABLE TO DETERMINE,930,W,103RD ST,2232,,,,,,,2,NO INDICATION OF INJURY,0,0,0,0,0,2,0,20,6,8,41.7069934496,-87.646420858,POINT (-87.646420858042 41.706993449649)
c15ce1c59523ad799390ad21d446fac9d2e3d31e8685d0388cf635fb6803ddf8e0148394d85d8a7743ae48ccaf2344d0a0911a32881b44ea5b108f6f3a02cc27,,08/22/2025 08:46:00 PM,30,NO CONTROLS,NO CONTROLS,CLEAR,"DARKNESS, LIGHTED ROAD",PEDALCYCLIST,FOUR WAY,,STRAIGHT AND LEVEL,DRY,NO DEFECTS,,INJURY AND / OR TOW DUE TO CRASH,Y,,Y,"OVER $1,500",08/22/2025 09:53:00 PM,FAILING TO YIELD RIGHT-OF-WAY,NOT APPLICABLE,5200,S,KEDZIE AVE,822,,,,,,,2,INCAPACITATING INJURY,1,0,1,0,0,1,0,20,6,8,41.7988996515,-87.7038579977,POINT (-87.703857997716 41.798899651482)
bb16fa470305856915494a64c3a2c5be93417f78b11eb82aed35fb6537abbf6d851597e0c60829b46e9a3246b513c46e684a35a0c3d442a4279412952b489166,,08/22/2025 08:44:00 PM,30,NO CONTROLS,NO CONTROLS,CLEAR,"DARKNESS, LIGHTED ROAD",PEDALCYCLIST,DIVIDED - W/MEDIAN (NOT RAISED),,STRAIGHT AND LEVEL,DRY,NO DEFECTS,ON SCENE,INJURY AND / OR TOW DUE TO CRASH,,,,"OVER $1,500",08/22/2025 08:44:00 PM,UNABLE TO DETERMINE,UNABLE TO DETERMINE,2707,N,CLARK ST,1935,,,Y,,,,2,NONINCAPACITATING INJURY,1,0,0,1,0,1,0,20,6,8,41.9315773128,-87.6442559662,POINT (-87.644255966236 41.931577312768)
84eeda9b48eea685fd15a6d30a47ccbf21bc630f4751b26c90891592b1c8a89463b4465fa4d5c12415f431cb3ad7c59d2460f6d80bf6d9326e9d4d4302133f4c,,08/22/2025 08:40:00 PM,30,NO CONTROLS,NO CONTROLS,CLEAR,DARKNESS,PARKED MOTOR VEHICLE,ALLEY,,STRAIGHT AND LEVEL,DRY,NO DEFECTS,ON SCENE,NO INJURY / DRIVE AWAY,,,,"OVER $1,500",08/22/2025 08:42:00 PM,IMPROPER TURNING/NO SIGNAL,DRIVING SKILLS/KNOWLEDGE/EXPERIENCE,816,W,ERIE ST,1214,,,,,,,2,NO INDICATION OF INJURY,0,0,0,0,0,1,0,20,6,8,41.893472535,-87.648442393,POINT (-87.648442392994 41.893472535021)
bcc9efa0811798dd500ae30538ea414aa528b3e55d4c4ec823fd47eb214259a6d41cfe0be9eefa911380d4b4b1bb011b12386f5f1ae282931862a217fa9a9baa,,08/22/2025 08:35:00 PM,30,UNKNOWN,OTHER,UNKNOWN,UNKNOWN,SIDESWIPE SAME DIRECTION,OTHER,,STRAIGHT AND LEVEL,UNKNOWN,UNKNOWN,NOT ON SCENE (DESK REPORT),NO INJURY / DRIVE AWAY,,,Y,"$501 - $1,500",08/22/2025 08:50:00 PM,UNABLE TO DETERMINE,UNABLE TO DETERMINE,145,N,PEORIA ST,1224,,,,,,,2,NO INDICATION OF INJURY,0,0,0,0,0,2,0,20,6,8,41.8844257629,-87.6496261839,POINT (-87.649626183903 41.884425762919)
2bac93dea187c2902f3ae06471e6549bbdf68d4e1dabb9c42aa90b563fd50d6c0f2b71525bd8525894c39d6f18b35f45bed0b195eacaf82aecad03a8af12a513,,08/22/2025 08:30:00 PM,30,TRAFFIC SIGNAL,FUNCTIONING PROPERLY,CLEAR,"DARKNESS, LIGHTED ROAD",SIDESWIPE SAME DIRECTION,OTHER,,STRAIGHT AND LEVEL,DRY,NO DEFECTS,NOT ON SCENE (DESK REPORT),NO INJURY / DRIVE AWAY,,,Y,"$501 - $1,500",08/22/2025 09:40:00 PM,UNABLE TO DETERMINE,UNABLE TO DETERMINE,1705,N,LA SALLE DR,1814,,,,,,,2,NO INDICATION OF INJURY,0,0,0,0,0,2,0,20,6,8,41.9130026841,-87.6327668847,POINT (-87.632766884715 41.913002684131)
fd9c728db5d9d831548241012342ddca8f32ef8a8604ee229e03c02591dafef2ac8ffb1a215ddd42e184a0de7c50d564425b1677201b5bfff1e5b8f5c11ffa83,,08/22/2025 08:30:00 PM,30,OTHER,OTHER,CLEAR,DAWN,SIDESWIPE SAME DIRECTION,OTHER,,STRAIGHT AND LEVEL,DRY,WORN SURFACE,ON SCENE,INJURY AND / OR TOW DUE TO CRASH,,,,$500 OR LESS,08/22/2025 08:36:00 PM,IMPROPER OVERTAKING/PASSING,IMPROPER TURNING/NO SIGNAL,2107,S,ARCHER AVE,914,,,,,,,2,"REPORTED, NOT EVIDENT",1,0,0,0,1,1,0,20,6,8,41.8540438682,-87.6321067438,POINT (-87.632106743804 41.85404386822)
1f703dd546997f4a540ce40343eaf7f3d189b518701a53f370b5e0a27f8a271b15d1d842763833a99ae2388cb23141a91bef0538394ea3b4f6ee2ea699455195,,08/22/2025 08:25:00 PM,30,TRAFFIC SIGNAL,FUNCTIONING PROPERLY,CLEAR,"DARKNESS, LIGHTED ROAD",TURNING,FOUR WAY,,STRAIGHT AND LEVEL,DRY,NO DEFECTS,NOT ON SCENE (DESK REPORT),NO INJURY / DRIVE AWAY,Y,,Y,"$501 - $1,500",08/22/2025 10:32:00 PM,IMPROPER OVERTAKING/PASSING,UNABLE TO DETERMINE,2346,W,PERSHING RD,911,Y,Y,,,,,2,NO INDICATION OF INJURY,0,0,0,0,0,2,0,20,6,8,41.8231100178,-87.6844030381,POINT (-87.6844030381 41.823110017811)
bc8f31f545cbfe1730c065c539932194f7517376d6fe2161ef61dca94dfceb54976f8fed60e4cb8fe1077c1083e0d1475e9dcfe31cf9b08acb52c0e935029302,,08/22/2025 08:13:00 PM,30,TRAFFIC SIGNAL,FUNCTIONING PROPERLY,UNKNOWN,"DARKNESS, LIGHTED ROAD",REAR END,NOT DIVIDED,,STRAIGHT AND LEVEL,DRY,NO DEFECTS,NOT ON SCENE (DESK REPORT),NO INJURY / DRIVE AWAY,,,,"$501 - $1,500",08/22/2025 09:53:00 PM,UNABLE TO DETERMINE,UNABLE TO DETERMINE,696,W,51ST ST,935,Y,Y,,,,,2,NO INDICATION OF INJURY,0,0,0,0,0,2,0,20,6,8,41.8017368895,-87.6428422699,POINT (-87.64284226994 41.801736889489)
4f9698bce9d1d8e516150ae4f28e09d1cb6527736baa04db6562fc28cc2b47060b5c555cde673fb5fa051841fa82165721fc6b1e8ea920a8c0937babf2e5dda0,,08/22/2025 08:10:00 PM,35,NO CONTROLS,NO CONTROLS,CLEAR,"DARKNESS, LIGHTED ROAD",TURNING,NOT DIVIDED,,STRAIGHT AND LEVEL,DRY,UNKNOWN,ON SCENE,INJURY AND / OR TOW DUE TO CRASH,,,,"OVER $1,500",08/22/2025 08:20:00 PM,IMPROPER TURNING/NO SIGNAL,FAILING TO YIELD RIGHT-OF-WAY,8441,W,LAWRENCE AVE,1614,,,,,,,2,INCAPACITATING INJURY,2,0,1,1,0,2,0,20,6,8,41.9664546238,-87.8383066062,POINT (-87.838306606233 41.966454623761)
a7495771c4f82335c1f2a42c6efe366d2708f40e2f449a4e214d97418727c0169da7f01bfdc7b7d93ea091b623a9fa432c89184ca6ddfcac85db116a19711891,,08/22/2025 08:07:00 PM,30,NO CONTROLS,NO CONTROLS,CLEAR,DUSK,REAR END,NOT DIVIDED,,STRAIGHT AND LEVEL,DRY,NO DEFECTS,NOT ON SCENE (DESK REPORT),NO INJURY / DRIVE AWAY,Y,,Y,"$501 - $1,500",08/23/2025 12:12:00 AM,IMPROPER LANE USAGE,UNABLE TO DETERMINE,7200,S,EXCHANGE AVE,334,,,,,,,2,NO INDICATION OF INJURY,0,0,0,0,0,2,0,20,6,8,41.7643097391,-87.5651941594,POINT (-87.565194159436 41.764309739115)
aaa2a31c3582f9efba2ab790fc6c32427ee24bb2e14a0797e460669f63764ae432444dc35fe09b5371cd09dd3f44c0469fbf21c31b2e34ff6c4d5a2dde05e167,,08/22/2025 07:50:00 PM,30,STOP SIGN/FLASHER,FUNCTIONING PROPERLY,CLEAR,"DARKNESS, LIGHTED ROAD",ANGLE,FOUR WAY,,STRAIGHT AND LEVEL,DRY,NO DEFECTS,ON SCENE,INJURY AND / OR TOW DUE TO CRASH,Y,,,"OVER $1,500",08/22/2025 07:50:00 PM,FAILING TO YIELD RIGHT-OF-WAY,FAILING TO YIELD RIGHT-OF-WAY,668,W,LAKE ST,1214,,,,,,,2,NONINCAPACITATING INJURY,1,0,0,1,0,3,0,19,6,8,41.8858002526,-87.6453975739,POINT (-87.645397573858 41.88580025257)
b3fb62d5ca23f483ecd06491afeae5d8edb921cf56453eea11c4f49056a6f3f0261e29c286bf2fdedab92659c66cf2f262bec534034cf556300dc4676ed8db3b,,08/22/2025 07:45:00 PM,30,NO CONTROLS,NO CONTROLS,CLEAR,DAYLIGHT,PARKED MOTOR VEHICLE,NOT DIVIDED,,STRAIGHT AND LEVEL,DRY,NO DEFECTS,ON SCENE,NO INJURY / DRIVE AWAY,,,,"$501 - $1,500",08/22/2025 07:50:00 PM,UNABLE TO DETERMINE,UNABLE TO DETERMINE,2129,S,HALSTED ST,1235,,,,,,,2,NO INDICATION OF INJURY,0,0,0,0,0,2,0,19,6,8,41.853354525,-87.6463672316,POINT (-87.646367231605 41.85335452497)
03ea31ab9bbf7a4a334003e511e1319e5ccd649b32f62855b10d467734d198e77bd5519e5d46649429e2eb572fd17cbfd80618852bbc26b9952f7c6a97b60f90,,08/22/2025 07:30:00 PM,30,TRAFFIC SIGNAL,FUNCTIONING PROPERLY,CLEAR,"DARKNESS, LIGHTED ROAD",ANGLE,NOT DIVIDED,,STRAIGHT AND LEVEL,DRY,NO DEFECTS,NOT ON SCENE (DESK REPORT),NO INJURY / DRIVE AWAY,,,,$500 OR LESS,08/25/2025 12:20:00 PM,UNABLE TO DETERMINE,NOT APPLICABLE,2034,N,ASHLAND AVE,1432,,,,,,,2,NO INDICATION OF INJURY,0,0,0,0,0,2,0,19,6,8,41.9189663844,-87.6683594704,POINT (-87.668359470442 41.918966384407)
2c52f296f75ef7631b305e525915aa30a35ef0c26f7426cbb8843e70e9dc681e6b7ec86d00bb8b3362a0bebe0e2d2a226b789ff84bd178bdc870563edeb9c603,,08/22/2025 07:30:00 PM,30,TRAFFIC SIGNAL,FUNCTIONING PROPERLY,CLEAR,DAYLIGHT,REAR END,NOT DIVIDED,,STRAIGHT AND LEVEL,DRY,NO DEFECTS,NOT ON SCENE (DESK REPORT),NO INJURY / DRIVE AWAY,,,,"OVER $1,500",08/24/2025 04:05:00 PM,FOLLOWING TOO CLOSELY,DRIVING SKILLS/KNOWLEDGE/EXPERIENCE,9500,S,STONY ISLAND AVE,511,,,,,,,2,NO INDICATION OF INJURY,0,0,0,0,0,2,0,19,6,8,41.722257273,-87.5852755651,POINT (-87.585275565077 41.722257273006)
6fa5a0e20ecd84966cdf07a2bf5423933d6b5d903a24f470052598c8bf519c05dd7b6e288859171b6b3a38079e51c2005de24370f39c82a16c4cc3203e2040b2,,08/22/2025 07:30:00 PM,25,TRAFFIC SIGNAL,FUNCTIONING PROPERLY,CLEAR,DAYLIGHT,TURNING,FOUR WAY,,STRAIGHT AND LEVEL,DRY,UNKNOWN,NOT ON SCENE (DESK REPORT),NO INJURY / DRIVE AWAY,Y,,Y,"OVER $1,500",08/23/2025 06:00:00 PM,UNABLE TO DETERMINE,UNABLE TO DETERMINE,10297,S,STATE ST,511,,,,,,,2,NO INDICATION OF INJURY,0,0,0,0,0,2,0,19,6,8,41.707212576,-87.6233776292,POINT (-87.623377629164 41.707212575991)
c8664aa7b29ab746bcddb45cabf66bace0683791c42aca2e2ea871fa67010c129225d0b506e5e70cbb45f0cf72f71fefdd92126b60b9a69b0f5d882495b86a7b,,08/22/2025 07:27:00 PM,30,TRAFFIC SIGNAL,FUNCTIONING PROPERLY,CLEAR,DARKNESS,SIDESWIPE SAME DIRECTION,FOUR WAY,,STRAIGHT AND LEVEL,DRY,NO DEFECTS,ON SCENE,INJURY AND / OR TOW DUE TO CRASH,Y,,,"OVER $1,500",08/22/2025 07:37:00 PM,FAILING TO YIELD RIGHT-OF-WAY,FAILING TO YIELD RIGHT-OF-WAY,5356,W,NORTH AVE,2532,,,,,,,3,NO INDICATION OF INJURY,0,0,0,0,0,4,0,19,6,8,41.9095500567,-87.7604279428,POINT (-87.760427942766 41.909550056671)
db06ed5219378bf9cb49a18c5d033e852682a4877241c1e0c71a1b56b47bdfde23603ea714bf483927d680b621116563a028726223f8de10fff03426a36699a3,,08/22/2025 07:25:00 PM,30,NO CONTROLS,NO CONTROLS,CLEAR,DAYLIGHT,TURNING,NOT DIVIDED,,STRAIGHT AND LEVEL,DRY,NO DEFECTS,ON SCENE,INJURY AND / OR TOW DUE TO CRASH,Y,,,"$501 - $1,500",08/22/2025 07:35:00 PM,FAILING TO YIELD RIGHT-OF-WAY,FAILING TO YIELD RIGHT-OF-WAY,4027,W,MONTROSE AVE,1722,,,,,,,2,NO INDICATION OF INJURY,0,0,0,0,0,4,0,19,6,8,41.9608244802,-87.7289758796,POINT (-87.728975879622 41.960824480211)
d81651b1a82f0529f74446fceed5a19bb8ad31385f0dbddc3882b6eb2410b0f3c424e7b0452da0969abfa4931e74ceeb860b0f6aa00aa248edbe9b36b2b0e98f,,08/22/2025 07:20:00 PM,30,NO CONTROLS,NO CONTROLS,CLEAR,DAYLIGHT,SIDESWIPE SAME DIRECTION,NOT DIVIDED,,STRAIGHT AND LEVEL,DRY,NO DEFECTS,ON SCENE,INJURY AND / OR TOW DUE TO CRASH,,,,"OVER $1,500",08/22/2025 07:20:00 PM,DRIVING SKILLS/KNOWLEDGE/EXPERIENCE,PHYSICAL CONDITION OF DRIVER,5000,N,BROADWAY,2033,,,,,,,2,NONINCAPACITATING INJURY,1,0,0,1,0,1,0,19,6,8,41.9727025217,-87.6599157302,POINT (-87.659915730223 41.972702521692)
7aef5415b8f2934f2c0b1f603f9129817e68926287e62dde67841247fcc74155689cca0317404e76fec3c98556e0a886a62c58c6a373074ee3a4e5b52edc0c3b,,08/22/2025 07:13:00 PM,30,TRAFFIC SIGNAL,NO CONTROLS,UNKNOWN,"DARKNESS, LIGHTED ROAD",REAR END,NOT DIVIDED,,STRAIGHT AND LEVEL,UNKNOWN,NO DEFECTS,NOT ON SCENE (DESK REPORT),NO INJURY / DRIVE AWAY,,,,"$501 - $1,500",08/22/2025 07:30:00 PM,FOLLOWING TOO CLOSELY,FOLLOWING TOO CLOSELY,1601,W,GARFIELD BLVD,715,,,,,,,2,NO INDICATION OF INJURY,0,0,0,0,0,4,0,19,6,8,41.793554363,-87.6646375512,POINT (-87.664637551165 41.793554363001)
a0eb636c25afa8cdbdd35c438c308dde356825fc113e7462c1447e71f2b526105ae20ce8cf06337e1c3e46f17a448827712c27b8fbb6a7d3c40a665719a89f0c,,08/22/2025 07:05:00 PM,30,TRAFFIC SIGNAL,FUNCTIONING PROPERLY,CLEAR,DAYLIGHT,ANGLE,FOUR WAY,,STRAIGHT AND LEVEL,DRY,UNKNOWN,ON SCENE,NO INJURY / DRIVE AWAY,Y,,,"OVER $1,500",08/22/2025 07:37:00 PM,DISTRACTION - FROM INSIDE VEHICLE,UNABLE TO DETERMINE,8300,S,STONY ISLAND AVE,412,,,,,,,2,NO INDICATION OF INJURY,0,0,0,0,0,2,0,19,6,8,41.744151639,-87.585945067,POINT (-87.585945066953 41.744151639042)
ab047532683923b2efcf4c5ae5cff283cded4dcd5401999ee4f1108671cc650862369627454273d66a217d43cd56c7a84418b2239c1436ae4c75f2aea3a7e595,,08/22/2025 07:05:00 PM,30,NO CONTROLS,NO CONTROLS,CLEAR,DAYLIGHT,ANGLE,ONE-WAY,,STRAIGHT AND LEVEL,DRY,NO DEFECTS,NOT ON SCENE (DESK REPORT),NO INJURY / DRIVE AWAY,,,,"OVER $1,500",08/23/2025 03:20:00 PM,FOLLOWING TOO CLOSELY,NOT APPLICABLE,1330,W,EARLY AVE,2013,,,,,,,2,NO INDICATION OF INJURY,0,0,0,0,0,2,0,19,6,8,41.9873911805,-87.6640661301,POINT (-87.664066130106 41.98739118051)
4f93f2541940f5a93e073d383f708e4d05270507f0758609888888da6c9ca9285f9a3af78807062c1e2f25df454358274b5582ed148ff3b659974685a7d40558,,08/22/2025 07:00:00 PM,25,NO CONTROLS,UNKNOWN,CLEAR,"DARKNESS, LIGHTED ROAD",SIDESWIPE SAME DIRECTION,NOT DIVIDED,,STRAIGHT AND LEVEL,DRY,NO DEFECTS,NOT ON SCENE (DESK REPORT),NO INJURY / DRIVE AWAY,,,,"OVER $1,500",08/22/2025 07:05:00 PM,"VISION OBSCURED (SIGNS, TREE LIMBS, BUILDINGS, ETC.)","VISION OBSCURED (SIGNS, TREE LIMBS, BUILDINGS, ETC.)",925,N,LARRABEE ST,1823,Y,,,,,,2,NO INDICATION OF INJURY,0,0,0,0,0,2,0,19,6,8,41.8994192488,-87.6429054657,POINT (-87.642905465675 41.899419248823)
5eca86b7f9043ec3526e988a96c15df5c16a16afa13cef85a311fc78822163990014f8a00f0f708736c6aa73c8c9bcbc56a2f4d840b9c1cadcd33922a9c3f8b2,,08/22/2025 07:00:00 PM,30,STOP SIGN/FLASHER,FUNCTIONING PROPERLY,CLEAR,DUSK,ANGLE,FOUR WAY,,STRAIGHT AND LEVEL,DRY,NO DEFECTS,NOT ON SCENE (DESK REPORT),NO INJURY / DRIVE AWAY,,,Y,"OVER $1,500",08/22/2025 08:07:00 PM,FAILING TO YIELD RIGHT-OF-WAY,NOT APPLICABLE,5300,S,LOREL AVE,814,,,,,,,2,NO INDICATION OF INJURY,0,0,0,0,0,2,0,19,6,8,41.7966066046,-87.7564511278,POINT (-87.756451127767 41.79660660463)
2a4193781441c5bff4e6a979e20d04f3073a87fcabea367b8336bcd5a7367caf036e9838cde542173c9dc8d736cacac5ec705052fb700eeb8cea49102cd3572a,,08/22/2025 06:52:00 PM,30,NO CONTROLS,NO CONTROLS,CLEAR,DUSK,PEDALCYCLIST,NOT DIVIDED,,STRAIGHT AND LEVEL,DRY,NO DEFECTS,ON SCENE,NO INJURY / DRIVE AWAY,,,,"$501 - $1,500",08/22/2025 06:52:00 PM,FAILING TO YIELD RIGHT-OF-WAY,UNABLE TO DETERMINE,2665,N,ELSTON AVE,1432,,,,,,,2,NO INDICATION OF INJURY,0,0,0,0,0,2,0,18,6,8,41.9301493799,-87.6846468858,POINT (-87.684646885781 41.93014937989)
bc1b5c4c6540d5b3e38fdac6b6f9f11f1c208a28246656e8abbc038bfd8fdafb6d5705c2f6540f0dde66356c0d81f0bfaf307c64bb16e03c86d077ddd5df1a5f,,08/22/2025 06:52:00 PM,30,UNKNOWN,UNKNOWN,UNKNOWN,UNKNOWN,SIDESWIPE SAME DIRECTION,ONE-WAY,,STRAIGHT AND LEVEL,UNKNOWN,UNKNOWN,ON SCENE,NO INJURY / DRIVE AWAY,,,,$500 OR LESS,08/22/2025 07:02:00 PM,DRIVING SKILLS/KNOWLEDGE/EXPERIENCE,UNABLE TO DETERMINE,193,N,DEARBORN ST,111,,,,,,,2,NO INDICATION OF INJURY,0,0,0,0,0,2,0,18,6,8,41.8855944983,-87.6293455408,POINT (-87.629345540839 41.885594498338)
3fe1a22bf489f6d8d6f4c0efe8c45dec5543564a92cf31d6aa9aebbe5d36d64339af0cfdddf50a574e297c853769427c5375ce09a5aa3633dd3a269973616725,,08/22/2025 06:50:00 PM,30,TRAFFIC SIGNAL,UNKNOWN,CLEAR,DAYLIGHT,REAR END,NOT DIVIDED,,STRAIGHT AND LEVEL,UNKNOWN,UNKNOWN,NOT ON SCENE (DESK REPORT),NO INJURY / DRIVE AWAY,,,Y,"OVER $1,500",08/23/2025 10:50:00 AM,UNABLE TO DETERMINE,UNABLE TO DETERMINE,5601,W,IRVING PARK RD,1633,,,,,,,2,NO INDICATION OF INJURY,0,0,0,0,0,3,0,18,6,8,41.9530734244,-87.7670564147,POINT (-87.767056414731 41.953073424413)
4a6b0deddc313ae947e0cfc215e0cfd2db3e330005f86903e71131d83eb5ebd73fee51045d13421c99cbd02ca5d1362e28cae0ccbf2e88b092db8c1c532643ea,,08/22/2025 06:47:00 PM,30,NO CONTROLS,NO CONTROLS,CLEAR,DAYLIGHT,PEDALCYCLIST,NOT DIVIDED,,STRAIGHT AND LEVEL,DRY,NO DEFECTS,NOT ON SCENE (DESK REPORT),INJURY AND / OR TOW DUE TO CRASH,,,,"OVER $1,500",08/22/2025 07:51:00 PM,NOT APPLICABLE,NOT APPLICABLE,6200,S,PULASKI RD,813,,,,,,,2,NONINCAPACITATING INJURY,1,0,0,1,0,2,0,18,6,8,41.7804237945,-87.7229566243,POINT (-87.722956624315 41.780423794511)
8e8a2b72f49aaf98f9f99270055384eeaf2d060ed5ca0fa18517512abbb4883bd4e50ab22461eba880dd6c836218c4e7da1f7441406b111f5c262cccf35a909b,,08/22/2025 06:45:00 PM,30,NO CONTROLS,FUNCTIONING PROPERLY,CLEAR,DAYLIGHT,PARKED MOTOR VEHICLE,DIVIDED - W/MEDIAN (NOT RAISED),,STRAIGHT AND LEVEL,DRY,UNKNOWN,NOT ON SCENE (DESK REPORT),NO INJURY / DRIVE AWAY,,,Y,"OVER $1,500",08/23/2025 09:00:00 AM,FAILING TO REDUCE SPEED TO AVOID CRASH,UNABLE TO DETERMINE,5145,W,DIVISION ST,1531,,,,,,,2,NO INDICATION OF INJURY,0,0,0,0,0,2,0,18,6,8,41.9021480471,-87.7551607516,POINT (-87.755160751648 41.902148047089)