CRASH_RECORD_ID,CRASH_DATE_EST_I,CRASH_DATE,POSTED_SPEED_LIMIT,TRAFFIC_CONTROL_DEVICE,DEVICE_CONDITION,WEATHER_CONDITION,LIGHTING_CONDITION,FIRST_CRASH_TYPE,TRAFFICWAY_TYPE,LANE_CNT,ALIGNMENT,ROADWAY_SURFACE_COND,ROAD_DEFECT,REPORT_TYPE,CRASH_TYPE,INTERSECTION_RELATED_I,NOT_RIGHT_OF_WAY_I,HIT_AND_RUN_I,DAMAGE,DATE_POLICE_NOTIFIED,PRIM_CONTRIBUTORY_CAUSE,SEC_CONTRIBUTORY_CAUSE,STREET_NO,STREET_DIRECTION,STREET_NAME,BEAT_OF_OCCURRENCE,PHOTOS_TAKEN_I,STATEMENTS_TAKEN_I,DOORING_I,WORK_ZONE_I,WORK_ZONE_TYPE,WORKERS_PRESENT_I,NUM_UNITS,MOST_SEVERE_INJURY,INJURIES_TOTAL,INJURIES_FATAL,INJURIES_INCAPACITATING,INJURIES_NON_INCAPACITATING,INJURIES_REPORTED_NOT_EVIDENT,INJURIES_NO_INDICATION,INJURIES_UNKNOWN,CRASH_HOUR,CRASH_DAY_OF_WEEK,CRASH_MONTH,LATITUDE,LONGITUDE,LOCATION
18e93880032f8aeb3b73abffbe89c87c7df8428c9d9db53a0e4eac6b3f92a42a47245ac3797584a6b587b6048cd7858174e721191fbcea126b4827b0f1cf25bf,,08/22/2025 06:30:00 PM,30,NO CONTROLS,NO CONTROLS,CLEAR,DAYLIGHT,OTHER OBJECT,NOT DIVIDED,,STRAIGHT AND LEVEL,DRY,UNKNOWN,ON SCENE,INJURY AND / OR TOW DUE TO CRASH,,,N,"OVER $1,500",08/22/2025 06:36:00 PM,NOT APPLICABLE,NOT APPLICABLE,1900,S,SPAULDING AVE,1024,,,,,,,1,INCAPACITATING INJURY,1,0,1,0,0,0,0,18,6,8,41.855302708,-87.7079391306,POINT (-87.707939130598 41.855302707987)
5747d604c32f261382ddf760c8bfd4939843281cd6219b6a52c4239e7b47e71602030b80cdfcf6e8ed38a99b425eb1e6d73b7f54b603931ca201a8d62a97235c,,08/22/2025 06:30:00 PM,30,STOP SIGN/FLASHER,UNKNOWN,CLEAR,DAYLIGHT,TURNING,Y-INTERSECTION,,STRAIGHT AND LEVEL,DRY,NO DEFECTS,ON SCENE,NO INJURY / DRIVE AWAY,Y,,,"OVER $1,500",08/22/2025 06:54:00 PM,IMPROPER OVERTAKING/PASSING,FAILING TO YIELD RIGHT-OF-WAY,13102,S,EBERHART AVE,533,Y,,,,,,2,NO INDICATION OF INJURY,0,0,0,0,0,2,0,18,6,8,41.6572245757,-87.6107660259,POINT (-87.610766025855 41.657224575718)
8aea3a8f9e4026310c7e1172ca79aea457449d1a1c32f546de1d234e64ee4cc23b409ff40eedf4f11dc0c6867b1be1f819626c838638d75e75ddaf7b5004438d,,08/22/2025 06:30:00 PM,25,STOP SIGN/FLASHER,FUNCTIONING PROPERLY,CLEAR,DAYLIGHT,PARKED MOTOR VEHICLE,ONE-WAY,,STRAIGHT AND LEVEL,DRY,NO DEFECTS,ON SCENE,NO INJURY / DRIVE AWAY,,,,"OVER $1,500",08/22/2025 06:30:00 PM,UNABLE TO DETERMINE,NOT APPLICABLE,7801,S,PAXTON AVE,414,Y,,,,,,2,NO INDICATION OF INJURY,0,0,0,0,0,1,0,18,6,8,41.7533948023,-87.5709933333,POINT (-87.570993333281 41.753394802343)
8c236f41c2511fb7fb578f37da6b1cd60be888e94c5e49071b828836cb3c8714f1332f351e2f8a4c4af3552ec9cd69e8955de07200df0310ceebefb8577e4719,,08/22/2025 06:30:00 PM,30,UNKNOWN,UNKNOWN,UNKNOWN,UNKNOWN,TURNING,DIVIDED - W/MEDIAN (NOT RAISED),,STRAIGHT AND LEVEL,UNKNOWN,UNKNOWN,NOT ON SCENE (DESK REPORT),NO INJURY / DRIVE AWAY,,,,"OVER $1,500",08/22/2025 07:10:00 PM,FAILING TO YIELD RIGHT-OF-WAY,IMPROPER OVERTAKING/PASSING,10031,S,STATE ST,511,,,,,,,2,NO INDICATION OF INJURY,0,0,0,0,0,2,0,18,6,8,41.7117623316,-87.6234678086,POINT (-87.623467808566 41.711762331571)
fed1698e377d833a27fd9f363b1ee7d4027f29e436a8890935834eb72a036b5a1085b0d3aa22c3b08dc27874ffb85186b73790b991d6ec161a7daa87d40a8253,,08/22/2025 06:30:00 PM,30,NO CONTROLS,NO CONTROLS,CLEAR,DAYLIGHT,REAR END,DIVIDED - W/MEDIAN (NOT RAISED),,STRAIGHT AND LEVEL,DRY,UNKNOWN,NOT ON SCENE (DESK REPORT),NO INJURY / DRIVE AWAY,,,,"$501 - $1,500",08/23/2025 03:28:00 PM,UNABLE TO DETERMINE,UNABLE TO DETERMINE,5255,N,ASHLAND AVE,2012,,,,,,,3,NO INDICATION OF INJURY,0,0,0,0,0,3,0,18,6,8,41.9778389304,-87.6695121632,POINT (-87.669512163164 41.977838930423)
edc0114bfb24efd18f65083d1ccc0b577bbf284f6be1988ee570f342ae9becfd72672f666aab12c49c6c3db84a4ea740d9d9a9d3a6088f827f335f5be19f5739,,08/22/2025 06:22:00 PM,30,TRAFFIC SIGNAL,FUNCTIONING PROPERLY,CLEAR,"DARKNESS, LIGHTED ROAD",TURNING,DIVIDED - W/MEDIAN (NOT RAISED),,STRAIGHT AND LEVEL,DRY,NO DEFECTS,NOT ON SCENE (DESK REPORT),NO INJURY / DRIVE AWAY,,,Y,"OVER $1,500",08/22/2025 10:40:00 PM,UNABLE TO DETERMINE,UNABLE TO DETERMINE,8700,S,HOLLAND RD,634,,,,,,,2,NO INDICATION OF INJURY,0,0,0,0,0,2,0,18,6,8,41.7358672646,-87.6327948012,POINT (-87.632794801154 41.735867264645)
8c96c565173e1f515491c37eebde048c70dc277422edc4ce4404f2d5f65bdf403382fcea926261bf9e26d7d1a53d71cd4a2980ca79df455f790a046177ccc45a,,08/22/2025 06:20:00 PM,30,NO CONTROLS,NO CONTROLS,CLEAR,DAYLIGHT,SIDESWIPE SAME DIRECTION,DIVIDED - W/MEDIAN (NOT RAISED),,STRAIGHT AND LEVEL,DRY,UNKNOWN,NOT ON SCENE (DESK REPORT),NO INJURY / DRIVE AWAY,,,,"OVER $1,500",08/26/2025 01:15:00 PM,IMPROPER LANE USAGE,NOT APPLICABLE,85,W,IDA B WELLS DR,123,,,,,,,2,NO INDICATION OF INJURY,0,0,0,0,0,2,0,18,6,8,41.8755010875,-87.6306566361,POINT (-87.630656636144 41.875501087479)
16c3118d30b3a8528b35b53248c327a40622fa36a88f9db8c9e2f1d5d13d98e271d83a92b26b1634c796e03ab0e4c2fd12f86cef9b0e715249b35a87073c0731,,08/22/2025 06:15:00 PM,30,UNKNOWN,UNKNOWN,UNKNOWN,UNKNOWN,SIDESWIPE SAME DIRECTION,FOUR WAY,,STRAIGHT AND LEVEL,UNKNOWN,UNKNOWN,NOT ON SCENE (DESK REPORT),NO INJURY / DRIVE AWAY,Y,,,"OVER $1,500",08/22/2025 08:15:00 PM,IMPROPER LANE USAGE,DRIVING SKILLS/KNOWLEDGE/EXPERIENCE,401,S,STATE ST,113,,,,,,,2,NO INDICATION OF INJURY,0,0,0,0,0,2,0,18,6,8,41.8768673641,-87.6275032991,POINT (-87.627503299143 41.87686736408)
18c4edc027492dd994755713b90e0831097364b3b88acf60da2c86d575512ef017eb8b59bf770c4afe34f6070e8e873fa1ad54d723685cf0515d22a4b5bfc189,,08/22/2025 06:15:00 PM,10,NO CONTROLS,NO CONTROLS,CLEAR,DAYLIGHT,PEDESTRIAN,PARKING LOT,,STRAIGHT AND LEVEL,DRY,NO DEFECTS,ON SCENE,INJURY AND / OR TOW DUE TO CRASH,,Y,,$500 OR LESS,08/22/2025 06:17:00 PM,UNABLE TO DETERMINE,NOT APPLICABLE,1224,S,WABASH AVE,131,,,,,,,2,NONINCAPACITATING INJURY,1,0,0,1,0,1,0,18,6,8,41.8667243541,-87.6259611484,POINT (-87.625961148378 41.866724354056)
adfc4959c71d8f0cd0810ed771ab8322fd5ac33a9bb7d78431f4141b72c31bea06bf2eedf4ac9aded447de883b0bb5112798214f7963047064c3e4b2c1efcb63,,08/22/2025 06:11:00 PM,20,NO CONTROLS,NO CONTROLS,CLEAR,DUSK,PEDALCYCLIST,ALLEY,,STRAIGHT AND LEVEL,DRY,NO DEFECTS,ON SCENE,INJURY AND / OR TOW DUE TO CRASH,,,,"OVER $1,500",08/22/2025 06:29:00 PM,DRIVING SKILLS/KNOWLEDGE/EXPERIENCE,NOT APPLICABLE,6040,W,ALTGELD ST,2512,,,,,,,2,"REPORTED, NOT EVIDENT",1,0,0,0,1,2,0,18,6,8,41.9257398674,-87.7774486187,POINT (-87.777448618712 41.925739867435)
2710deff49d62c00b64cb2c08c79bd7bed3e9e7795695fa0d3213558b0e37fec24190d1997efbe25bbcc0677b7f9845e0c6fbc918f84bac6d058fa4fd53fe96f,,08/22/2025 06:10:00 PM,30,TRAFFIC SIGNAL,FUNCTIONING PROPERLY,CLEAR,DAYLIGHT,PEDALCYCLIST,NOT DIVIDED,,STRAIGHT AND LEVEL,DRY,UNKNOWN,ON SCENE,INJURY AND / OR TOW DUE TO CRASH,,,,$500 OR LESS,08/22/2025 06:15:00 PM,IMPROPER LANE USAGE,NOT APPLICABLE,2620,N,LARAMIE AVE,2514,,,,,,,2,"REPORTED, NOT EVIDENT",1,0,0,0,1,4,0,18,6,8,41.9284997896,-87.756455422,POINT (-87.756455422019 41.928499789607)
4cd611cf4b6f3be36dbadfa5e1e189b7680d0d988ebbe0a4613486533736ce3161760430715b055801ece203ab52c37c459abc0c6e6937f18539cf10473cb840,,08/22/2025 06:00:00 PM,30,NO CONTROLS,NO CONTROLS,CLEAR,DAYLIGHT,PARKED MOTOR VEHICLE,DIVIDED - W/MEDIAN (NOT RAISED),,STRAIGHT AND LEVEL,DRY,NO DEFECTS,ON SCENE,NO INJURY / DRIVE AWAY,,,,"OVER $1,500",08/22/2025 06:05:00 PM,NOT APPLICABLE,NOT APPLICABLE,2415,N,KIMBALL AVE,1413,,,,,,,4,NO INDICATION OF INJURY,0,0,0,0,0,1,0,18,6,8,41.925150202,-87.711971971,POINT (-87.711971970977 41.925150201976)
5ce78866349d8a49f1eb354e6441ff5707c2969c5a650383e9d5572fd1d50a7360b4844b96bf78508b1e1882940945f164ea0c017bce168fe5e152cf63363fd5,,08/22/2025 06:00:00 PM,30,NO CONTROLS,NO CONTROLS,CLEAR,DAYLIGHT,PARKED MOTOR VEHICLE,ONE-WAY,,STRAIGHT AND LEVEL,DRY,NO DEFECTS,NOT ON SCENE (DESK REPORT),NO INJURY / DRIVE AWAY,,,Y,"$501 - $1,500",08/24/2025 09:00:00 AM,UNABLE TO DETERMINE,UNABLE TO DETERMINE,1265,W,GLENLAKE AVE,2433,,,,,,,2,NO INDICATION OF INJURY,0,0,0,0,0,1,0,18,6,8,41.99258577,-87.6628224966,POINT (-87.662822496554 41.99258576999)
df3e0bba62a2c825c9efcbd4a677ee122a56022fd680ff29dee8deaa47b9a5c185d6e94eeb3bb6688bffb2ec810e66c917b7aecf1f542367aaa05fc208414410,,08/22/2025 05:54:00 PM,30,NO CONTROLS,NO CONTROLS,CLEAR,DAYLIGHT,TURNING,NOT DIVIDED,,STRAIGHT AND LEVEL,DRY,NO DEFECTS,NOT ON SCENE (DESK REPORT),NO INJURY / DRIVE AWAY,,,,"OVER $1,500",08/22/2025 06:50:00 PM,IMPROPER TURNING/NO SIGNAL,NOT APPLICABLE,5745,N,BROADWAY,2022,,,,,,,2,NO INDICATION OF INJURY,0,0,0,0,0,2,0,17,6,8,41.9867317763,-87.6600154043,POINT (-87.660015404264 41.986731776314)
3de6c9e3498ace4232bf11097b8cb983891111d83cfd70c493400e53eb11e02f30c1789c95613ae7fab6b4d8ebd49ab55dfb9676dd54927bab81a9ae9d65ac32,,08/22/2025 05:50:00 PM,30,TRAFFIC SIGNAL,FUNCTIONING PROPERLY,CLEAR,DAYLIGHT,TURNING,DIVIDED - W/MEDIAN (NOT RAISED),,STRAIGHT AND LEVEL,DRY,NO DEFECTS,NOT ON SCENE (DESK REPORT),NO INJURY / DRIVE AWAY,,,Y,"OVER $1,500",08/22/2025 06:10:00 PM,UNABLE TO DETERMINE,UNABLE TO DETERMINE,5560,W,CHICAGO AVE,1524,,,,,,,2,NO INDICATION OF INJURY,0,0,0,0,0,2,0,17,6,8,41.8949651803,-87.7653072872,POINT (-87.765307287172 41.894965180307)
48060009b364491ef79db6b03a4241e2d8d41548d3e492750c8526ccc17305ef0f7e93a99fda4e31cd05c55bf48fede7323b6fb2a298acf89e5e05906a61702e,,08/22/2025 05:49:00 PM,30,TRAFFIC SIGNAL,FUNCTIONING PROPERLY,CLEAR,DAYLIGHT,REAR END,FOUR WAY,,STRAIGHT AND LEVEL,DRY,NO DEFECTS,NOT ON SCENE (DESK REPORT),NO INJURY / DRIVE AWAY,Y,,,"OVER $1,500",08/22/2025 06:20:00 PM,FOLLOWING TOO CLOSELY,NOT APPLICABLE,1040,W,95TH ST,2223,,,,,,,2,NO INDICATION OF INJURY,0,0,0,0,0,2,0,17,6,8,41.7214892448,-87.649696606,POINT (-87.649696606023 41.72148924475)
3113c3097dafd22a76f325cca3cdd0e463ad8577bc5fb40cd31ee8b63a776e51d88128e963a63b2bfcd43c1ce6c61dd8520b9ae52699ee4f5d12ce08964f789e,,08/22/2025 05:45:00 PM,25,NO CONTROLS,NO CONTROLS,CLEAR,DAYLIGHT,SIDESWIPE SAME DIRECTION,NOT DIVIDED,,STRAIGHT AND LEVEL,DRY,NO DEFECTS,NOT ON SCENE (DESK REPORT),NO INJURY / DRIVE AWAY,,,,"OVER $1,500",08/25/2025 01:40:00 PM,UNABLE TO DETERMINE,UNABLE TO DETERMINE,4100,W,ROOSEVELT RD,1132,,,,,,,2,NO INDICATION OF INJURY,0,0,0,0,0,2,0,17,6,8,41.8662458261,-87.7276824221,POINT (-87.727682422083 41.866245826098)
471a895ba6ddca8d024d295201b1f0570201cf5660437eb2f3ab3923ee4f3ff31ed8627e245c26c16ba369701bfb7cd704d1159f35eaa25e8d9b8e355f92ab71,,08/22/2025 05:45:00 PM,30,NO CONTROLS,NO CONTROLS,CLEAR,DAYLIGHT,REAR END,T-INTERSECTION,,STRAIGHT AND LEVEL,DRY,NO DEFECTS,ON SCENE,NO INJURY / DRIVE AWAY,Y,,,"OVER $1,500",08/22/2025 05:55:00 PM,FOLLOWING TOO CLOSELY,NOT APPLICABLE,3535,S,WESTERN BLVD,912,,,,,,,2,NO INDICATION OF INJURY,0,0,0,0,0,4,0,17,6,8,41.8293431953,-87.6842839346,POINT (-87.684283934636 41.829343195269)
ef9046514c49e7f2589079c9c859fae7a0b707f82517ce884c9638b8c2b6cdbded693aafa918f3fe0324abd6bd55581e9098f0168a8a90f588cd7b44ca8c74dc,,08/22/2025 05:42:00 PM,25,NO CONTROLS,NO CONTROLS,CLEAR,DAYLIGHT,PARKED MOTOR VEHICLE,NOT DIVIDED,,STRAIGHT AND LEVEL,DRY,NO DEFECTS,NOT ON SCENE (DESK REPORT),NO INJURY / DRIVE AWAY,,,Y,$500 OR LESS,08/22/2025 06:23:00 PM,UNABLE TO DETERMINE,UNABLE TO DETERMINE,2144,S,ALBANY AVE,1022,,,,,,,2,NO INDICATION OF INJURY,0,0,0,0,0,1,0,17,6,8,41.8521932249,-87.7029798493,POINT (-87.702979849307 41.852193224947)
a0f7a28e0d4d5b4d84bd072102ea0f7280bd61a6ff8f7da23e05ec28b7016cef25a2b63d38cb4d57a828bd43d403082c8bbd94e43099e9ebe85753bf9e513bc0,,08/22/2025 05:40:00 PM,30,TRAFFIC SIGNAL,FUNCTIONING PROPERLY,CLEAR,DAYLIGHT,REAR END,NOT DIVIDED,,STRAIGHT AND LEVEL,DRY,UNKNOWN,NOT ON SCENE (DESK REPORT),NO INJURY / DRIVE AWAY,,,Y,"$501 - $1,500",08/23/2025 12:43:00 AM,IMPROPER OVERTAKING/PASSING,IMPROPER OVERTAKING/PASSING,652,N,ORLEANS ST,1831,,,,,,,2,NO INDICATION OF INJURY,0,0,0,0,0,2,0,17,6,8,41.8939090117,-87.6372493289,POINT (-87.637249328888 41.893909011733)
1467a23799beff0565d8c24f43edf94b08519f8bd6f2bfd5026bf0b9c4f4c05b6b1a3703258985262db108ad934932ee341c974bd758748347cb0c26f2c2d8d0,,08/22/2025 05:38:00 PM,30,OTHER WARNING SIGN,NO CONTROLS,CLEAR,DAYLIGHT,PEDESTRIAN,NOT DIVIDED,,STRAIGHT AND LEVEL,DRY,NO DEFECTS,ON SCENE,INJURY AND / OR TOW DUE TO CRASH,,,Y,$500 OR LESS,08/22/2025 05:38:00 PM,FAILING TO YIELD RIGHT-OF-WAY,FAILING TO YIELD RIGHT-OF-WAY,3700,W,WILSON AVE,1723,,,,,,,2,NONINCAPACITATING INJURY,1,0,0,1,0,1,0,17,6,8,41.9647889206,-87.7207137434,POINT (-87.720713743399 41.964788920582)
5379dd102b37c6be6ced776aa4a5b3a682a9cc7ec7dc01eee16e7293a6ebde1a73ca986fbbe0bf4a7cb58a35a28062254c92e822a4de5eaa8491a49bdd9aefb2,,08/22/2025 05:30:00 PM,30,NO CONTROLS,NO CONTROLS,CLEAR,DAYLIGHT,ANGLE,NOT DIVIDED,,STRAIGHT AND LEVEL,DRY,NO DEFECTS,NOT ON SCENE (DESK REPORT),NO INJURY / DRIVE AWAY,,,Y,"$501 - $1,500",08/22/2025 07:12:00 PM,FAILING TO YIELD RIGHT-OF-WAY,NOT APPLICABLE,3932,W,57TH ST,822,,,,,,,2,NO INDICATION OF INJURY,0,0,0,0,0,3,0,17,6,8,41.7897053814,-87.7219518461,POINT (-87.72195184606 41.789705381371)
5acf20c08458e1d33686f3fecd6f38359fb62fddb1df6995e19112c02543e9db3695805da4c30464b1bd215ef7a9d7fd1c5695c2f549e3ce990fc2b43c89d5ab,,08/22/2025 05:30:00 PM,30,NO CONTROLS,NO CONTROLS,CLEAR,DAYLIGHT,REAR END,NOT DIVIDED,,STRAIGHT AND LEVEL,DRY,NO DEFECTS,NOT ON SCENE (DESK REPORT),NO INJURY / DRIVE AWAY,,,,"OVER $1,500",08/22/2025 05:50:00 PM,FOLLOWING TOO CLOSELY,FOLLOWING TOO CLOSELY,9900,S,VINCENNES AVE,2213,,,,,,,2,NO INDICATION OF INJURY,0,0,0,0,0,2,0,17,6,8,41.7139794991,-87.6535123131,POINT (-87.653512313106 41.713979499108)
fb50dd225b8bdcc6ed18bc2ff9723abb8b5a0a6203047f4bf38f6a36e8f20cd8b31a9f3ebad5ff2e45ba3ff98b1fd5efadf2331b432610254e9dec452c31280d,,08/22/2025 05:28:00 PM,30,STOP SIGN/FLASHER,FUNCTIONING PROPERLY,CLEAR,DAYLIGHT,REAR TO FRONT,ONE-WAY,,STRAIGHT AND LEVEL,DRY,NO DEFECTS,NOT ON SCENE (DESK REPORT),NO INJURY / DRIVE AWAY,,,,"OVER $1,500",08/22/2025 06:40:00 PM,IMPROPER BACKING,IMPROPER BACKING,55,E,SUPERIOR ST,1834,,,,,,,2,NO INDICATION OF INJURY,0,0,0,0,0,2,0,17,6,8,41.8956041204,-87.6259772533,POINT (-87.625977253308 41.895604120396)
8eb6d5326a62655da347f932da94630b79989f8504ffa96ad396de337c243bc2f91e66482d9d738bc4bd77ca45cda780567ac99967136e7a3efcdc1c13ea33dc,,08/22/2025 05:27:00 PM,30,NO CONTROLS,NO CONTROLS,CLEAR,DAYLIGHT,ANGLE,DIVIDED - W/MEDIAN (NOT RAISED),,STRAIGHT AND LEVEL,DRY,NO DEFECTS,ON SCENE,NO INJURY / DRIVE AWAY,Y,,,"OVER $1,500",08/22/2025 05:30:00 PM,FAILING TO YIELD RIGHT-OF-WAY,FAILING TO YIELD RIGHT-OF-WAY,3134,W,ADDISON ST,1733,,,,,,,2,NO INDICATION OF INJURY,0,0,0,0,0,6,0,17,6,8,41.9467485662,-87.7068162356,POINT (-87.706816235604 41.946748566213)
e8b2d4443d089545bc4a3fa3acbbc8814749a903ccbeac08c1e654c84428a6ea883608a9852402d6681f7748196964a3949ba5b1c0620f802cb5ec62094943cc,,08/22/2025 05:27:00 PM,30,TRAFFIC SIGNAL,UNKNOWN,UNKNOWN,UNKNOWN,TURNING,FOUR WAY,,STRAIGHT AND LEVEL,UNKNOWN,UNKNOWN,NOT ON SCENE (DESK REPORT),NO INJURY / DRIVE AWAY,Y,,,"$501 - $1,500",08/22/2025 09:25:00 PM,UNABLE TO DETERMINE,UNABLE TO DETERMINE,1102,W,DIVISION ST,1822,,,,,,,2,NO INDICATION OF INJURY,0,0,0,0,0,2,0,17,6,8,41.9036389444,-87.6556406924,POINT (-87.655640692393 41.90363894444)
790c849298e9f25047c62915e014a3693182e4fa15f69360d2fdba8963eb9878c7f171ad4c830513ea6de6a22c715aa9fbfcfc129a214743ff4c9da48a2af716,,08/22/2025 05:26:00 PM,30,NO CONTROLS,NO CONTROLS,CLEAR,DAYLIGHT,SIDESWIPE SAME DIRECTION,NOT DIVIDED,,STRAIGHT AND LEVEL,DRY,NO DEFECTS,ON SCENE,NO INJURY / DRIVE AWAY,,,Y,"OVER $1,500",08/22/2025 06:30:00 PM,DRIVING SKILLS/KNOWLEDGE/EXPERIENCE,DRIVING SKILLS/KNOWLEDGE/EXPERIENCE,2119,S,HALSTED ST,1235,,,,,,,2,NO INDICATION OF INJURY,0,0,0,0,0,2,0,17,6,8,41.8535440762,-87.6463716887,POINT (-87.646371688669 41.853544076187)
7b8416dedceab24172fa878dd8ed3f63b8403b4b2e858ba1b2eb7f456d963bdeed248b94092cbc4761f46e5df4d409b86a20295202e27bf62f57236be70dd102,,08/22/2025 05:22:00 PM,30,NO CONTROLS,NO CONTROLS,CLEAR,DAYLIGHT,REAR END,DIVIDED - W/MEDIAN (NOT RAISED),,STRAIGHT AND LEVEL,DRY,NO DEFECTS,ON SCENE,INJURY AND / OR TOW DUE TO CRASH,,,,"OVER $1,500",08/22/2025 05:27:00 PM,FAILING TO REDUCE SPEED TO AVOID CRASH,NOT APPLICABLE,3727,N,LARAMIE AVE,1634,,,,,,,2,NO INDICATION OF INJURY,0,0,0,0,0,3,0,17,6,8,41.9486958544,-87.7568558745,POINT (-87.756855874547 41.948695854381)
f8f008474438d6d52ff7b13dd6a11aa7905f29883bf2ae6c33a2e1dc05a9ab47e5cbacdddb53a128f78fae588c251e15bbfc12a64ede5f2335dd461ccb804a30,,08/22/2025 05:21:00 PM,30,STOP SIGN/FLASHER,FUNCTIONING PROPERLY,CLEAR,DAYLIGHT,ANGLE,T-INTERSECTION,,STRAIGHT AND LEVEL,DRY,NO DEFECTS,ON SCENE,NO INJURY / DRIVE AWAY,Y,,,"OVER $1,500",08/22/2025 05:23:00 PM,DISREGARDING STOP SIGN,FAILING TO YIELD RIGHT-OF-WAY,4228,S,ST LAWRENCE AVE,214,,,,,,,2,NO INDICATION OF INJURY,0,0,0,0,0,3,0,17,6,8,41.8176654911,-87.6118151587,POINT (-87.61181515871 41.817665491132)
5067e50a01d0bfd5684a54297bd9d841d3c3fe38d07c5caa68561b5ce156ceffb730374a60df23d5d3973f5d22a537fd4dd143685210307a6ea132751457e4a9,,08/22/2025 05:20:00 PM,30,TRAFFIC SIGNAL,FUNCTIONING PROPERLY,CLEAR,DAYLIGHT,SIDESWIPE SAME DIRECTION,NOT DIVIDED,,STRAIGHT AND LEVEL,DRY,NO DEFECTS,NOT ON SCENE (DESK REPORT),NO INJURY / DRIVE AWAY,,,Y,"OVER $1,500",08/22/2025 08:00:00 PM,IMPROPER OVERTAKING/PASSING,IMPROPER OVERTAKING/PASSING,7900,S,STONY ISLAND AVE,411,,,,,,,2,NO INDICATION OF INJURY,0,0,0,0,0,2,0,17,6,8,41.7514606032,-87.585971993,POINT (-87.585971992965 41.751460603167)
fd35552ad3e9804d1e27b84a6b2aa79b156b73377ea1c2071b60099dd5b55ae87fadcb2697eefd6725e92580b6ec95bb41850f33a6b4a76ed7b484167737d23d,,08/22/2025 05:20:00 PM,10,NO CONTROLS,NO CONTROLS,CLEAR,DAYLIGHT,PEDALCYCLIST,NOT DIVIDED,,STRAIGHT AND LEVEL,DRY,NO DEFECTS,ON SCENE,NO INJURY / DRIVE AWAY,,Y,Y,$500 OR LESS,08/22/2025 05:50:00 PM,FAILING TO REDUCE SPEED TO AVOID CRASH,NOT APPLICABLE,6107,S,ARCHER AVE,811,,,,,,,2,NO INDICATION OF INJURY,0,0,0,0,0,2,0,17,6,8,41.7943548532,-87.7705271521,POINT (-87.770527152113 41.794354853197)
665dde584bb2100ed5d8c5cae849252096295dac7d1d5ceebdb1d0ffdb4606d89998e28a57765a6bd21b672824c2f72708cbacb00bec20a58c8130394ade6df8,,08/22/2025 05:19:00 PM,30,NO CONTROLS,NO CONTROLS,CLEAR,DAYLIGHT,PARKED MOTOR VEHICLE,NOT DIVIDED,,STRAIGHT AND LEVEL,DRY,NO DEFECTS,,NO INJURY / DRIVE AWAY,,,,"OVER $1,500",08/22/2025 05:24:00 PM,FAILING TO REDUCE SPEED TO AVOID CRASH,IMPROPER OVERTAKING/PASSING,1699,E,53RD ST,234,,,,,,,2,NO INDICATION OF INJURY,0,0,0,0,0,1,0,17,6,8,41.7995044348,-87.5841212288,POINT (-87.584121228775 41.799504434837)
496991c19ccd68823eea050cc8ff6c3ea8aebae16b5f8bfb1f9abe39b0694587f6176f765272bdfbe42d76aeb3d4539b439a243cb4e733ddf30d7b481c48f6ca,,08/22/2025 05:13:00 PM,35,TRAFFIC SIGNAL,FUNCTIONING PROPERLY,CLEAR,DAYLIGHT,REAR END,DIVIDED - W/MEDIAN (NOT RAISED),,STRAIGHT AND LEVEL,DRY,NO DEFECTS,NOT ON SCENE (DESK REPORT),NO INJURY / DRIVE AWAY,,,Y,"OVER $1,500",08/22/2025 06:10:00 PM,FOLLOWING TOO CLOSELY,FOLLOWING TOO CLOSELY,9500,S,LAFAYETTE AVE,511,,,,,,,2,NO INDICATION OF INJURY,0,0,0,0,0,2,0,17,6,8,41.7215662926,-87.6251695177,POINT (-87.625169517699 41.721566292573)
b6d01764fe032f2e281e8d07d344eb6bceb5b219d8ca72055e5ca084cbf1a04bb51f2e849c81b17e621dabe65b86731f67bdf84a55420c27b9c22f6131539cb2,,08/22/2025 05:10:00 PM,30,NO CONTROLS,NO CONTROLS,CLEAR,DAYLIGHT,REAR END,NOT DIVIDED,,STRAIGHT AND LEVEL,DRY,NO DEFECTS,NOT ON SCENE (DESK REPORT),NO INJURY / DRIVE AWAY,,,,"OVER $1,500",08/22/2025 06:08:00 PM,FOLLOWING TOO CLOSELY,NOT APPLICABLE,4025,W,GRAND AVE,2534,,,,,,,3,NO INDICATION OF INJURY,0,0,0,0,0,3,0,17,6,8,41.9062904016,-87.7270678321,POINT (-87.727067832062 41.90629040164)
caf88ca07e7bd5131eaf88e0edff499d331c9b1b217b5729f1ddf75f7fa35be906b00597f069b82616395b293b2236730133f05a3742ee2d6b106334204bfbfc,Y,08/22/2025 05:05:00 PM,25,NO CONTROLS,NO CONTROLS,CLEAR,DAYLIGHT,PARKED MOTOR VEHICLE,ONE-WAY,,STRAIGHT AND LEVEL,DRY,UNKNOWN,ON SCENE,NO INJURY / DRIVE AWAY,,,Y,"OVER $1,500",08/22/2025 05:14:00 PM,IMPROPER OVERTAKING/PASSING,NOT APPLICABLE,1943,N,BISSELL ST,1813,,,,,,,2,NO INDICATION OF INJURY,0,0,0,0,0,1,0,17,6,8,41.9172139717,-87.6519769964,POINT (-87.651976996407 41.917213971672)
54ac30ac6f2fda9aa1c5fc56bdfca7ff71cda38edbaba0ff912847dd8a04a1e268bbf546a1254eab87eb1e21bdef750e432c0c4b01e8c4364399d1672a64f9e1,,08/22/2025 05:00:00 PM,30,NO CONTROLS,NO CONTROLS,CLEAR,DAYLIGHT,PARKED MOTOR VEHICLE,NOT DIVIDED,,STRAIGHT AND LEVEL,DRY,NO DEFECTS,NOT ON SCENE (DESK REPORT),NO INJURY / DRIVE AWAY,,,,"OVER $1,500",08/22/2025 06:37:00 PM,NOT APPLICABLE,NOT APPLICABLE,6302,S,SPRINGFIELD AVE,823,,,,,,,2,NO INDICATION OF INJURY,0,0,0,0,0,2,0,17,6,8,41.7785773852,-87.7204508726,POINT (-87.720450872643 41.778577385244)