CRASH_RECORD_ID,CRASH_DATE_EST_I,CRASH_DATE,POSTED_SPEED_LIMIT,TRAFFIC_CONTROL_DEVICE,DEVICE_CONDITION,WEATHER_CONDITION,LIGHTING_CONDITION,FIRST_CRASH_TYPE,TRAFFICWAY_TYPE,LANE_CNT,ALIGNMENT,ROADWAY_SURFACE_COND,ROAD_DEFECT,REPORT_TYPE,CRASH_TYPE,INTERSECTION_RELATED_I,NOT_RIGHT_OF_WAY_I,HIT_AND_RUN_I,DAMAGE,DATE_POLICE_NOTIFIED,PRIM_CONTRIBUTORY_CAUSE,SEC_CONTRIBUTORY_CAUSE,STREET_NO,STREET_DIRECTION,STREET_NAME,BEAT_OF_OCCURRENCE,PHOTOS_TAKEN_I,STATEMENTS_TAKEN_I,DOORING_I,WORK_ZONE_I,WORK_ZONE_TYPE,WORKERS_PRESENT_I,NUM_UNITS,MOST_SEVERE_INJURY,INJURIES_TOTAL,INJURIES_FATAL,INJURIES_INCAPACITATING,INJURIES_NON_INCAPACITATING,INJURIES_REPORTED_NOT_EVIDENT,INJURIES_NO_INDICATION,INJURIES_UNKNOWN,CRASH_HOUR,CRASH_DAY_OF_WEEK,CRASH_MONTH,LATITUDE,LONGITUDE,LOCATION
0cd63597e8b1c470f8bbcaae844e07ade364c312924643208f7c1ceb0d9f0c7a392974a2e73bdf98ae158b4dc41190fe34121b981f4a04443256ccfa5d6636f3,,08/22/2025 04:50:00 PM,30,NO CONTROLS,NO CONTROLS,CLEAR,DAYLIGHT,PEDALCYCLIST,NOT DIVIDED,,STRAIGHT AND LEVEL,DRY,NO DEFECTS,ON SCENE,INJURY AND / OR TOW DUE TO CRASH,,,,"OVER $1,500",08/22/2025 05:06:00 PM,FAILING TO YIELD RIGHT-OF-WAY,DRIVING SKILLS/KNOWLEDGE/EXPERIENCE,1005,W,LAWRENCE AVE,1914,,,,,,,3,"REPORTED, NOT EVIDENT",1,0,0,0,1,2,0,16,6,8,41.9689773805,-87.6550569448,POINT (-87.655056944794 41.968977380502)
6198e4719eb9e4b7329209b1e592d2466a6877bd217994fe96c05c5df7b6e25b11e8a0aebd57a7a0730459b9ce81d1949ce571e27985d8e316d2831fdc03882c,,08/22/2025 04:50:00 PM,0,UNKNOWN,UNKNOWN,UNKNOWN,UNKNOWN,REAR END,UNKNOWN INTERSECTION TYPE,,STRAIGHT ON GRADE,UNKNOWN,UNKNOWN,NOT ON SCENE (DESK REPORT),NO INJURY / DRIVE AWAY,,,Y,"OVER $1,500",08/23/2025 06:05:00 AM,UNABLE TO DETERMINE,NOT APPLICABLE,97,E,ILLINOIS ST,1834,,,,,,,2,NO INDICATION OF INJURY,0,0,0,0,0,4,0,16,6,8,41.8908035553,-87.6254141663,POINT (-87.62541416632 41.890803555257)
d713a3db769443de34c74a2e82f7388a94b6b15d8d1c43d0d2ac7790bedfb2404977132159ee7af5ccdfe24dacfcac777e28f0162e21875b012fc0a6f75da386,,08/22/2025 04:50:00 PM,35,NO CONTROLS,FUNCTIONING PROPERLY,CLEAR,DAYLIGHT,SIDESWIPE SAME DIRECTION,DIVIDED - W/MEDIAN (NOT RAISED),,STRAIGHT AND LEVEL,DRY,NO DEFECTS,NOT ON SCENE (DESK REPORT),NO INJURY / DRIVE AWAY,,,Y,"OVER $1,500",08/22/2025 05:30:00 PM,IMPROPER OVERTAKING/PASSING,UNABLE TO DETERMINE,8700,S,ASHLAND AVE,2221,,,,,,,2,NO INDICATION OF INJURY,0,0,0,0,0,2,0,16,6,8,41.7356969886,-87.6632095445,POINT (-87.663209544457 41.735696988636)
e940137640de2105f7dee348d7a962baa696021e5cc25ebfc142d97d92447189083209a8b82130c9aebe0de1ea93d22653df2fbfc4e937e4930ba49d47f32c71,,08/22/2025 04:50:00 PM,30,TRAFFIC SIGNAL,UNKNOWN,CLEAR,DAYLIGHT,REAR TO SIDE,FOUR WAY,,STRAIGHT AND LEVEL,DRY,NO DEFECTS,ON SCENE,NO INJURY / DRIVE AWAY,,,Y,"$501 - $1,500",08/22/2025 06:05:00 PM,IMPROPER BACKING,IMPROPER BACKING,2783,N,MILWAUKEE AVE,1412,,,,,,,2,NO INDICATION OF INJURY,0,0,0,0,0,3,0,16,6,8,41.9318515201,-87.7117468379,POINT (-87.711746837884 41.931851520053)
97cac8583ecd56e0fe90b3532d4d7299de61b3ce3ae60390eacf0cb6d3e4f26f3c48b2283a3cf3b8c981de583fb44f898c31565a491886e2f2b6d367b114b851,,08/22/2025 04:40:00 PM,30,NO CONTROLS,NO CONTROLS,CLEAR,DAYLIGHT,SIDESWIPE SAME DIRECTION,DIVIDED - W/MEDIAN (NOT RAISED),,STRAIGHT AND LEVEL,DRY,NO DEFECTS,NOT ON SCENE (DESK REPORT),NO INJURY / DRIVE AWAY,,,,"OVER $1,500",08/22/2025 09:00:00 PM,IMPROPER OVERTAKING/PASSING,IMPROPER LANE USAGE,650,S,COLUMBUS DR,114,,,,,,,2,NO INDICATION OF INJURY,0,0,0,0,0,3,0,16,6,8,41.8734261784,-87.6206929697,POINT (-87.62069296969 41.873426178434)
6279bc04f77f3c37f284702569842af606fe97e1f468f198bdb73cab92d4b16d44e4827e8b5996ef40689a03255041530ab177571b0983f3d39e51f0e434ee7b,,08/22/2025 04:38:00 PM,30,TRAFFIC SIGNAL,FUNCTIONING PROPERLY,CLEAR,DAYLIGHT,PARKED MOTOR VEHICLE,NOT DIVIDED,,STRAIGHT AND LEVEL,DRY,NO DEFECTS,ON SCENE,NO INJURY / DRIVE AWAY,,,,"OVER $1,500",08/22/2025 04:41:00 PM,FOLLOWING TOO CLOSELY,FOLLOWING TOO CLOSELY,4812,W,NORTH AVE,2533,,,,,,,2,NO INDICATION OF INJURY,0,0,0,0,0,2,0,16,6,8,41.9097288213,-87.7466399518,POINT (-87.746639951829 41.90972882131)
bd83991eb5dc87b7e515348a4fab7b9aaa57196cf986821d5b5f638d6ac7522d94ab540b924edaff8623ba98ea3ebc5b4a257551a1f3dd101f7ff4293acdc467,,08/22/2025 04:36:00 PM,30,NO CONTROLS,NO CONTROLS,CLEAR,DAYLIGHT,SIDESWIPE OPPOSITE DIRECTION,NOT DIVIDED,,STRAIGHT AND LEVEL,DRY,NO DEFECTS,NOT ON SCENE (DESK REPORT),NO INJURY / DRIVE AWAY,,,Y,"OVER $1,500",08/22/2025 05:51:00 PM,"OPERATING VEHICLE IN ERRATIC, RECKLESS, CARELESS, NEGLIGENT OR AGGRESSIVE MANNER",NOT APPLICABLE,7413,S,WESTERN AVE,835,,,,,,,2,NO INDICATION OF INJURY,0,0,0,0,0,2,0,16,6,8,41.7587555654,-87.682938098,POINT (-87.682938098004 41.758755565423)
94d494befcfd9f109d638310726a2d6d4e9b669f88c04389b5e3319addcf35b9df1ebbceb612d6c8a17f9614e42a4394cd8cd647a5c52bd5f1ddf2af8719e97a,,08/22/2025 04:35:00 PM,30,TRAFFIC SIGNAL,FUNCTIONING PROPERLY,CLEAR,DAYLIGHT,TURNING,FOUR WAY,,STRAIGHT AND LEVEL,DRY,NO DEFECTS,NOT ON SCENE (DESK REPORT),NO INJURY / DRIVE AWAY,Y,,,"OVER $1,500",08/22/2025 06:10:00 PM,FOLLOWING TOO CLOSELY,NOT APPLICABLE,5657,N,MAGNOLIA AVE,2013,,,,,,,2,NO INDICATION OF INJURY,0,0,0,0,0,3,0,16,6,8,41.9853062411,-87.6612549465,POINT (-87.661254946507 41.985306241107)
ff1af1b4e529eab4f5c891a14c76a1f1e8d75f56288b90e9c690aee4ca4bfad1a1aa0305dfb9de0f2bb266deaa0743239866e4e5373e980d4ae21838f8ef2a25,,08/22/2025 04:31:00 PM,30,STOP SIGN/FLASHER,FUNCTIONING PROPERLY,CLEAR,DAYLIGHT,ANGLE,FOUR WAY,,STRAIGHT AND LEVEL,DRY,NO DEFECTS,ON SCENE,INJURY AND / OR TOW DUE TO CRASH,,,,"OVER $1,500",08/22/2025 04:33:00 PM,FAILING TO YIELD RIGHT-OF-WAY,NOT APPLICABLE,1759,W,18TH ST,1234,,,,,,,2,NO INDICATION OF INJURY,0,0,0,0,0,3,0,16,6,8,41.8576166871,-87.6709963307,POINT (-87.670996330709 41.857616687124)
4c1b4baa77925ad9e6b687d610f9bf45816cfad4efaa35875aaf5aa2deee309886b5725b59941a3d269ac36b8b3ec90d2ba086f20ec3c992f707ee14acaca101,,08/22/2025 04:30:00 PM,30,NO CONTROLS,NO CONTROLS,CLEAR,DAYLIGHT,PARKED MOTOR VEHICLE,NOT DIVIDED,,STRAIGHT AND LEVEL,DRY,NO DEFECTS,NOT ON SCENE (DESK REPORT),NO INJURY / DRIVE AWAY,,,,$500 OR LESS,08/22/2025 05:00:00 PM,UNABLE TO DETERMINE,UNABLE TO DETERMINE,6300,S,HARPER AVE,314,,,,,,,2,NO INDICATION OF INJURY,0,0,0,0,0,1,0,16,6,8,41.7804962746,-87.5879698031,POINT (-87.587969803145 41.780496274589)
4ca0546646e1e4f2e37e8b5625d0d149d204143133cca3e89a8568272762d3c2a021f580e209712c682c248410345a5bf60937de548baf81561de2051e4264d8,,08/22/2025 04:30:00 PM,30,NO CONTROLS,NO CONTROLS,CLEAR,DAYLIGHT,PARKED MOTOR VEHICLE,DIVIDED - W/MEDIAN (NOT RAISED),,STRAIGHT AND LEVEL,DRY,NO DEFECTS,NOT ON SCENE (DESK REPORT),NO INJURY / DRIVE AWAY,,Y,Y,"OVER $1,500",08/29/2025 12:40:00 PM,IMPROPER TURNING/NO SIGNAL,IMPROPER TURNING/NO SIGNAL,5740,N,TRIPP AVE,1711,,,,,,,2,NO INDICATION OF INJURY,0,0,0,0,0,1,0,16,6,8,41.9852823899,-87.7343000174,POINT (-87.734300017403 41.985282389852)
8ea4d741778941c811b4ee5c737a1a27d3935599da661f65ad53a761823daad7b4815bcbf37968ee9db50a7c6cb0ed66ed297180f355ba35303b43dae3422d99,,08/22/2025 04:30:00 PM,35,UNKNOWN,UNKNOWN,CLEAR,DAYLIGHT,ANGLE,FOUR WAY,,STRAIGHT AND LEVEL,DRY,UNKNOWN,NOT ON SCENE (DESK REPORT),NO INJURY / DRIVE AWAY,Y,,N,"OVER $1,500",08/25/2025 03:00:00 PM,FAILING TO REDUCE SPEED TO AVOID CRASH,FAILING TO YIELD RIGHT-OF-WAY,2423,E,83RD ST,423,,,,,,,2,NO INDICATION OF INJURY,0,0,0,0,0,2,0,16,6,8,41.7443650073,-87.5650613724,POINT (-87.565061372437 41.744365007271)
a3f4ff9f7fe9b83d45c77ff1389ed39dd57505f075ebf5590a6e73acc094a31eb2e77a9ff676fb3f95ea997664d93f01db39a639611d66803e2962cc806e2639,,08/22/2025 04:30:00 PM,30,NO CONTROLS,NO CONTROLS,CLEAR,DAYLIGHT,ANGLE,T-INTERSECTION,,STRAIGHT AND LEVEL,DRY,UNKNOWN,NOT ON SCENE (DESK REPORT),NO INJURY / DRIVE AWAY,,,,"OVER $1,500",08/22/2025 05:45:00 PM,FAILING TO YIELD RIGHT-OF-WAY,NOT APPLICABLE,3075,W,MEDILL AVE,1414,,,,,,,2,NO INDICATION OF INJURY,0,0,0,0,0,2,0,16,6,8,41.9236700632,-87.7044957499,POINT (-87.704495749938 41.923670063168)
fad242831349e1f90c5af963f3f9f385defcce4901adad150cafe99f604f8f9d0b964f774d3fb7e98cd0bdbc65e74dcca57a179aaf54dc5a245cbc8e542463de,,08/22/2025 04:30:00 PM,30,NO CONTROLS,NO CONTROLS,CLEAR,DAYLIGHT,REAR END,DIVIDED - W/MEDIAN (NOT RAISED),,STRAIGHT AND LEVEL,DRY,NO DEFECTS,NOT ON SCENE (DESK REPORT),NO INJURY / DRIVE AWAY,,,,$500 OR LESS,08/22/2025 04:45:00 PM,FAILING TO YIELD RIGHT-OF-WAY,FOLLOWING TOO CLOSELY,2514,W,PETERSON AVE,2413,,,,,,,2,NO INDICATION OF INJURY,0,0,0,0,0,2,0,16,6,8,41.9905882484,-87.6927999566,POINT (-87.692799956555 41.990588248355)
fcde39797bcc743b7ab7ef1daebe8516937e073b818817f5ae014b271c92dd849bfe975449a87e45fecba50e16a4e8f310e0caa1f1dd9fd02ab7a673d5ccc9ed,,08/22/2025 04:30:00 PM,10,NO CONTROLS,NO CONTROLS,CLEAR,DAYLIGHT,PARKED MOTOR VEHICLE,PARKING LOT,,STRAIGHT AND LEVEL,DRY,NO DEFECTS,ON SCENE,NO INJURY / DRIVE AWAY,,,Y,"OVER $1,500",08/22/2025 05:30:00 PM,UNABLE TO DETERMINE,DRIVING SKILLS/KNOWLEDGE/EXPERIENCE,1106,S,CLINTON ST,124,,,,,,,2,NO INDICATION OF INJURY,0,0,0,0,0,1,0,16,6,8,41.8687888223,-87.6409169224,POINT (-87.640916922355 41.868788822285)
86c0645269d4ece2e1d87b517b1f86e590321e02e000d1463171b9de2eec37fb0a8e06b68d6dcfa8008d7789124c41345d2858950e8e399cd9235bcd45ef914e,,08/22/2025 04:20:00 PM,30,NO CONTROLS,NO CONTROLS,CLEAR,DAYLIGHT,PARKED MOTOR VEHICLE,NOT DIVIDED,,STRAIGHT AND LEVEL,DRY,NO DEFECTS,NOT ON SCENE (DESK REPORT),NO INJURY / DRIVE AWAY,,,Y,"OVER $1,500",08/23/2025 01:20:00 PM,UNABLE TO DETERMINE,UNABLE TO DETERMINE,2555,W,PENSACOLA AVE,1911,,,,,,,2,NO INDICATION OF INJURY,0,0,0,0,0,1,0,16,6,8,41.9602576828,-87.6939373797,POINT (-87.693937379705 41.960257682775)
af330643578a52db031b60eb42a149f4fbad83a03b6fe844768eebbab843ac488dfe68aa48c6f7100fd408dc0736faa2ef7a0fe42fde804c5e9639782acf0cc9,,08/22/2025 04:17:00 PM,30,NO CONTROLS,NO CONTROLS,CLEAR,DAYLIGHT,REAR END,DIVIDED - W/MEDIAN (NOT RAISED),,STRAIGHT AND LEVEL,DRY,NO DEFECTS,NOT ON SCENE (DESK REPORT),NO INJURY / DRIVE AWAY,,,,"OVER $1,500",08/22/2025 05:45:00 PM,FOLLOWING TOO CLOSELY,UNABLE TO DETERMINE,3624,N,PULASKI RD,1732,,,,,,,2,NO INDICATION OF INJURY,0,0,0,0,0,3,0,16,6,8,41.9471158527,-87.7275696117,POINT (-87.72756961165 41.947115852699)
b7d5dfee394c0b5ad2d2ba4687528928a9f76868dc1c106778578f930c655770efe7557c495a03aac2499f01591753ad0eb3f3863ca68b83b40ef0a599a3e033,,08/22/2025 04:15:00 PM,30,NO CONTROLS,NO CONTROLS,CLEAR,DAYLIGHT,SIDESWIPE SAME DIRECTION,ONE-WAY,,STRAIGHT AND LEVEL,DRY,NO DEFECTS,ON SCENE,NO INJURY / DRIVE AWAY,,,,"OVER $1,500",08/22/2025 04:18:00 PM,FOLLOWING TOO CLOSELY,FAILING TO REDUCE SPEED TO AVOID CRASH,6625,N,FAIRFIELD AVE,2412,,,,,,,2,NO INDICATION OF INJURY,0,0,0,0,0,5,0,16,6,8,42.001988664,-87.6983917132,POINT (-87.698391713236 42.001988664023)
efa4e8b0100e6e7b51a4265126c655a6834163f143bd707d672f659ac06454e3d850037b2a80060e00ac166c935efd8aabf597120da16e4d4b78c3d9e55b1633,,08/22/2025 04:15:00 PM,25,TRAFFIC SIGNAL,FUNCTIONING PROPERLY,CLEAR,DAYLIGHT,REAR END,NOT DIVIDED,,STRAIGHT AND LEVEL,DRY,NO DEFECTS,NOT ON SCENE (DESK REPORT),NO INJURY / DRIVE AWAY,Y,,,"$501 - $1,500",08/22/2025 04:30:00 PM,UNABLE TO DETERMINE,UNABLE TO DETERMINE,4400,W,26TH ST,1013,,,,,,,2,NO INDICATION OF INJURY,0,0,0,0,0,2,0,16,6,8,41.8442210021,-87.7344090207,POINT (-87.73440902066 41.844221002066)
2a2e643b858a4d127bb92fd107ccc5d22693d9236cc9f2b8f7afbf84dcab20daff4f23aed6d7ea99d77e48bafd8210d92b6eb1eb53969ada13494ccc2070dd32,,08/22/2025 04:10:00 PM,30,TRAFFIC SIGNAL,FUNCTIONING PROPERLY,CLEAR,DAYLIGHT,TURNING,NOT DIVIDED,,STRAIGHT AND LEVEL,DRY,NO DEFECTS,NOT ON SCENE (DESK REPORT),NO INJURY / DRIVE AWAY,,,,"OVER $1,500",08/22/2025 04:45:00 PM,IMPROPER TURNING/NO SIGNAL,NOT APPLICABLE,50,E,ADAMS ST,112,,,,,,,2,NO INDICATION OF INJURY,0,0,0,0,0,2,0,16,6,8,41.8796405005,-87.6258324831,POINT (-87.625832483096 41.879640500465)
3722cb78922264203d621a573038ae068256eb3a596a59bcf53dc4ce82da3be81714801304d6aa2ec51385f8ebb5269f5bf2b262ac91791a721764b70d33e798,,08/22/2025 04:10:00 PM,30,NO CONTROLS,NO CONTROLS,CLEAR,DAYLIGHT,PARKED MOTOR VEHICLE,NOT DIVIDED,,STRAIGHT AND LEVEL,DRY,NO DEFECTS,NOT ON SCENE (DESK REPORT),NO INJURY / DRIVE AWAY,,,,"OVER $1,500",08/22/2025 05:02:00 PM,NOT APPLICABLE,NOT APPLICABLE,6343,W,59TH ST,811,,,,,,,2,NO INDICATION OF INJURY,0,0,0,0,0,1,0,16,6,8,41.7849137867,-87.7807974221,POINT (-87.78079742214 41.784913786737)
95c31e3525b560173546c6029f611bfb5636e5a81d6fd3817bc1795b009383d95681da188c201399dfef19bebb2f2746352e0dd7d8b5744a4f3a31c77ad6b276,,08/22/2025 04:10:00 PM,30,NO CONTROLS,NO CONTROLS,UNKNOWN,DAYLIGHT,TURNING,DIVIDED - W/MEDIAN (NOT RAISED),,STRAIGHT AND LEVEL,UNKNOWN,UNKNOWN,NOT ON SCENE (DESK REPORT),NO INJURY / DRIVE AWAY,N,,Y,"OVER $1,500",08/22/2025 07:00:00 PM,FAILING TO REDUCE SPEED TO AVOID CRASH,NOT APPLICABLE,4801,W,MONTROSE AVE,1624,,,,,,,2,NO INDICATION OF INJURY,0,0,0,0,0,2,0,16,6,8,41.9606118644,-87.7475936017,POINT (-87.747593601704 41.96061186437)
892c947756ce782ce44e5399e9c81497ac7fd4da3519fb63e9cefd6b11c98f9f033910e88c7a3fc40a5d560e83bd552155762b2cb24c45fe5bfde907c595bb65,,08/22/2025 04:06:00 PM,35,NO CONTROLS,NO CONTROLS,CLEAR,DAYLIGHT,FIXED OBJECT,NOT DIVIDED,,STRAIGHT AND LEVEL,DRY,NO DEFECTS,ON SCENE,NO INJURY / DRIVE AWAY,,,,"OVER $1,500",08/22/2025 04:07:00 PM,UNABLE TO DETERMINE,UNABLE TO DETERMINE,10740,S,STATE ST,513,,,,,,,1,NO INDICATION OF INJURY,0,0,0,0,0,1,0,16,6,8,41.6986490928,-87.6234246018,POINT (-87.623424601826 41.69864909282)
1178d7d2546adb0fe46138ce9e78130cf4fcc8d09216b0504efa8269234d4ab7d52e08cfbed94388d8c59a7f21c8e9b3b94d05246eedf59e073ab54593bafed5,,08/22/2025 04:05:00 PM,30,NO CONTROLS,NO CONTROLS,CLEAR,DAYLIGHT,REAR END,DIVIDED - W/MEDIAN (NOT RAISED),,STRAIGHT AND LEVEL,DRY,NO DEFECTS,NOT ON SCENE (DESK REPORT),NO INJURY / DRIVE AWAY,,,Y,"OVER $1,500",08/25/2025 10:00:00 AM,UNABLE TO DETERMINE,UNABLE TO DETERMINE,343,E,79TH ST,623,,,,,,,2,NO INDICATION OF INJURY,0,0,0,0,0,2,0,16,6,8,41.7509820439,-87.616455485,POINT (-87.616455484968 41.750982043915)
f65bb2ed3a93f46969a982dfcecdeef9ac1237b166826b0c309c37d92493c5ce5889887da76a86f2b27569109c80193f00eece579debf554bc28d5ff8838f08c,,08/22/2025 04:01:00 PM,30,UNKNOWN,UNKNOWN,CLEAR,DAYLIGHT,SIDESWIPE SAME DIRECTION,NOT DIVIDED,,STRAIGHT AND LEVEL,DRY,NO DEFECTS,NOT ON SCENE (DESK REPORT),NO INJURY / DRIVE AWAY,,,,"OVER $1,500",08/22/2025 04:12:00 PM,NOT APPLICABLE,NOT APPLICABLE,2300,N,CENTRAL AVE,2515,,,,,,,2,NO INDICATION OF INJURY,0,0,0,0,0,2,0,16,6,8,41.9222475404,-87.7660728053,POINT (-87.76607280533 41.922247540407)
16187d480e281ca374839c13cd13d7db33c460c0bea2066e69256c1614030b8233f1c05b6c385684b3661f6ddfd1f624fcdb069c9bbcc15a5f06b4608d22aad1,,08/22/2025 04:00:00 PM,30,NO CONTROLS,NO CONTROLS,CLEAR,DAYLIGHT,PARKED MOTOR VEHICLE,NOT DIVIDED,,STRAIGHT AND LEVEL,DRY,NO DEFECTS,NOT ON SCENE (DESK REPORT),NO INJURY / DRIVE AWAY,,,Y,"$501 - $1,500",08/22/2025 04:55:00 PM,UNABLE TO DETERMINE,UNABLE TO DETERMINE,6601,W,MONTROSE AVE,1632,,,,,,,2,NO INDICATION OF INJURY,0,0,0,0,0,1,0,16,6,8,41.9600093285,-87.7917998274,POINT (-87.791799827403 41.96000932854)
4b3976ed3b32da0e24de245b98e067c7f907acd21e92283ba059bdce7f3b1ce1de826b3cc09550f2d3ed3b697327bea91415edcbb72f1170dc50a815b86747f7,,08/22/2025 04:00:00 PM,30,NO CONTROLS,NO CONTROLS,CLEAR,DAYLIGHT,TURNING,NOT DIVIDED,,STRAIGHT AND LEVEL,UNKNOWN,UNKNOWN,NOT ON SCENE (DESK REPORT),NO INJURY / DRIVE AWAY,,,,"OVER $1,500",08/25/2025 02:32:00 PM,UNABLE TO DETERMINE,NOT APPLICABLE,1841,W,DEVON AVE,2433,,,,,,,2,NO INDICATION OF INJURY,0,0,0,0,0,2,0,16,6,8,41.9978505651,-87.6767694377,POINT (-87.676769437678 41.997850565108)
a774ad3dc8d9a5b8c7f6100daaaa5b01f51ec054326cf0cf44d753604868b39e51105ac49e3007e8b99f050a8856551188de993913b7d51e88d105df7181e0b6,,08/22/2025 04:00:00 PM,25,NO CONTROLS,NO CONTROLS,CLEAR,DAYLIGHT,PEDESTRIAN,NOT DIVIDED,,STRAIGHT AND LEVEL,DRY,"RUT, HOLES",ON SCENE,INJURY AND / OR TOW DUE TO CRASH,,,,$500 OR LESS,08/22/2025 04:10:00 PM,NOT APPLICABLE,NOT APPLICABLE,6610,W,RASCHER AVE,1613,,,,,,,2,NONINCAPACITATING INJURY,1,0,0,1,0,1,0,16,6,8,41.9803673044,-87.7931451302,POINT (-87.79314513019 41.980367304385)
b80536af559411563ae2c095fe9b2402b96acbbb6b7e8755e02e83dd3dd6417e2e2af2fdce9739993d31650588b34750f4514d44b37bd87c09b15ecdffe1ed6d,,08/22/2025 04:00:00 PM,30,NO CONTROLS,NO CONTROLS,UNKNOWN,DAYLIGHT,PARKED MOTOR VEHICLE,ONE-WAY,,STRAIGHT AND LEVEL,UNKNOWN,UNKNOWN,,NO INJURY / DRIVE AWAY,,,,"$501 - $1,500",08/22/2025 05:45:00 PM,UNABLE TO DETERMINE,NOT APPLICABLE,1748,W,NORTH SHORE AVE,2432,,,,,,,3,NO INDICATION OF INJURY,0,0,0,0,0,1,0,16,6,8,42.0035921568,-87.6743445576,POINT (-87.674344557582 42.003592156814)
cd623643ff3b034001be9be2b3e514053608c4698e2a284ad4854cd67cd204a801d2aaaa8d7ac52be3cd52a5e63f54d9024d5e02091ca89180d798ab13701ce6,,08/22/2025 04:00:00 PM,30,TRAFFIC SIGNAL,NO CONTROLS,CLEAR,DAYLIGHT,SIDESWIPE SAME DIRECTION,DIVIDED - W/MEDIAN (NOT RAISED),,STRAIGHT AND LEVEL,DRY,NO DEFECTS,NOT ON SCENE (DESK REPORT),NO INJURY / DRIVE AWAY,,,,$500 OR LESS,08/22/2025 04:20:00 PM,IMPROPER LANE USAGE,NOT APPLICABLE,1200,S,RACINE AVE,1233,,,,,,,2,NO INDICATION OF INJURY,0,0,0,0,0,4,0,16,6,8,41.8669514662,-87.6568267984,POINT (-87.656826798414 41.866951466174)
01cf951d0dc0f898fc803a081ea733427db6d677a39891b1edcc8b1d8a397e5024357e7ecc0cbc7053e4b2627109f75757bc52685376cfdffafddb67fff0406b,,08/22/2025 03:59:00 PM,20,NO CONTROLS,NO CONTROLS,CLEAR,DAYLIGHT,PARKED MOTOR VEHICLE,ONE-WAY,,STRAIGHT AND LEVEL,DRY,NO DEFECTS,ON SCENE,NO INJURY / DRIVE AWAY,,,,"OVER $1,500",08/22/2025 04:13:00 PM,UNABLE TO DETERMINE,UNABLE TO DETERMINE,7830,S,KINGSTON AVE,421,,,,,,,2,NO INDICATION OF INJURY,0,0,0,0,0,1,0,15,6,8,41.7526566036,-87.562761266,POINT (-87.562761265999 41.752656603611)
3edcdfb5389ad147889768dc95ed0aa68527ef7b4e63de5f82256b370dcf23aa1e148ec6371c1b76d474e1b8739ab1b8f09fe8754be2e1146db137727c297d7a,,08/22/2025 03:50:00 PM,30,TRAFFIC SIGNAL,FUNCTIONING PROPERLY,CLEAR,DAYLIGHT,TURNING,NOT DIVIDED,,STRAIGHT AND LEVEL,DRY,NO DEFECTS,NOT ON SCENE (DESK REPORT),NO INJURY / DRIVE AWAY,Y,,,"OVER $1,500",08/22/2025 05:00:00 PM,UNABLE TO DETERMINE,UNABLE TO DETERMINE,516,S,SACRAMENTO BLVD,1134,,,,,,,2,NO INDICATION OF INJURY,0,0,0,0,0,2,0,15,6,8,,,
a7019f61ea88c52d7ee8fc057ebc33dc7e73c1d584d9d78698c4b6e7f26c4ceb75a05e4ffcbf6a1d480620b60b173136c2362246b6ff4a73910aff5010de3778,,08/22/2025 03:48:00 PM,30,TRAFFIC SIGNAL,FUNCTIONING PROPERLY,CLEAR,DAYLIGHT,REAR END,NOT DIVIDED,,STRAIGHT AND LEVEL,DRY,NO DEFECTS,NOT ON SCENE (DESK REPORT),NO INJURY / DRIVE AWAY,,,Y,"OVER $1,500",08/22/2025 03:50:00 PM,FOLLOWING TOO CLOSELY,NOT APPLICABLE,7748,S,HALSTED ST,621,,,,,,,2,NO INDICATION OF INJURY,0,0,0,0,0,3,0,15,6,8,41.7528254835,-87.6442436272,POINT (-87.644243627231 41.75282548346)
78768ac7a3542b0a9c1c3a2c652af60259c2b6baa228e0812510f16ec56fad521577fa9d340052acbbeabfc19774472e3a994d2762c5a074649909512e477299,,08/22/2025 03:45:00 PM,20,NO CONTROLS,NO CONTROLS,CLEAR,DAYLIGHT,REAR TO REAR,PARKING LOT,,STRAIGHT AND LEVEL,DRY,NO DEFECTS,ON SCENE,NO INJURY / DRIVE AWAY,,Y,,"$501 - $1,500",08/22/2025 03:47:00 PM,UNABLE TO DETERMINE,UNABLE TO DETERMINE,2526,W,CERMAK RD,1023,,,,,,,2,NO INDICATION OF INJURY,0,0,0,0,0,3,0,15,6,8,41.8521006532,-87.6890511106,POINT (-87.689051110607 41.85210065324)
904b757dc1a120ad39bce80bb8ee7e68d58b4ba218403ccdde27721a19632d514e3cc6e82f3c65293ac6cf034e0df863be48691708c954e5e897385ec396beca,,08/22/2025 03:44:00 PM,30,NO CONTROLS,NO CONTROLS,CLEAR,DAYLIGHT,REAR END,NOT DIVIDED,,STRAIGHT AND LEVEL,DRY,UNKNOWN,NOT ON SCENE (DESK REPORT),NO INJURY / DRIVE AWAY,,,,"OVER $1,500",08/22/2025 08:26:00 PM,NOT APPLICABLE,FAILING TO REDUCE SPEED TO AVOID CRASH,5413,S,CENTRAL AVE,814,,,,,,,2,NO INDICATION OF INJURY,0,0,0,0,0,2,0,15,6,8,41.7941171185,-87.7622016495,POINT (-87.762201649501 41.794117118485)