CRASH_RECORD_ID,CRASH_DATE_EST_I,CRASH_DATE,POSTED_SPEED_LIMIT,TRAFFIC_CONTROL_DEVICE,DEVICE_CONDITION,WEATHER_CONDITION,LIGHTING_CONDITION,FIRST_CRASH_TYPE,TRAFFICWAY_TYPE,LANE_CNT,ALIGNMENT,ROADWAY_SURFACE_COND,ROAD_DEFECT,REPORT_TYPE,CRASH_TYPE,INTERSECTION_RELATED_I,NOT_RIGHT_OF_WAY_I,HIT_AND_RUN_I,DAMAGE,DATE_POLICE_NOTIFIED,PRIM_CONTRIBUTORY_CAUSE,SEC_CONTRIBUTORY_CAUSE,STREET_NO,STREET_DIRECTION,STREET_NAME,BEAT_OF_OCCURRENCE,PHOTOS_TAKEN_I,STATEMENTS_TAKEN_I,DOORING_I,WORK_ZONE_I,WORK_ZONE_TYPE,WORKERS_PRESENT_I,NUM_UNITS,MOST_SEVERE_INJURY,INJURIES_TOTAL,INJURIES_FATAL,INJURIES_INCAPACITATING,INJURIES_NON_INCAPACITATING,INJURIES_REPORTED_NOT_EVIDENT,INJURIES_NO_INDICATION,INJURIES_UNKNOWN,CRASH_HOUR,CRASH_DAY_OF_WEEK,CRASH_MONTH,LATITUDE,LONGITUDE,LOCATION
5b00f59b7089696d6ae982f95b5a7bf1456e4a310755774534ae0ec2904b6f4ea620a68b769b81315efbbe4bae38575a79ec2d212c63cdfc19e894518ae67d71,,08/22/2025 03:43:00 PM,30,NO CONTROLS,NO CONTROLS,CLEAR,DAYLIGHT,ANGLE,NOT DIVIDED,,STRAIGHT AND LEVEL,DRY,NO DEFECTS,NOT ON SCENE (DESK REPORT),NO INJURY / DRIVE AWAY,,,Y,"OVER $1,500",08/22/2025 04:45:00 PM,FOLLOWING TOO CLOSELY,NOT APPLICABLE,1600,W,PRATT BLVD,2431,,,,,,,2,NO INDICATION OF INJURY,0,0,0,0,0,2,0,15,6,8,42.0054946502,-87.6699829341,POINT (-87.669982934137 42.005494650181)
d2084873f13192e745170539d1e0e3aa5bcd7d36c7957385dfe0c9775b06bd97697a5b01f1989bb5eb418f636c53f8a9b43fac06092b7411c3c001f28620a848,,08/22/2025 03:41:00 PM,30,NO CONTROLS,NO CONTROLS,CLEAR,DAYLIGHT,REAR END,NOT DIVIDED,,STRAIGHT AND LEVEL,DRY,NO DEFECTS,NOT ON SCENE (DESK REPORT),INJURY AND / OR TOW DUE TO CRASH,,,,"OVER $1,500",08/22/2025 04:51:00 PM,FOLLOWING TOO CLOSELY,NOT APPLICABLE,4400,S,PULASKI RD,815,,,,,,,2,NONINCAPACITATING INJURY,2,0,0,2,0,1,0,15,6,8,41.8132715982,-87.7239352143,POINT (-87.723935214329 41.813271598175)
cf028457fa5a22cd8904415ab842798e85eee0ee1323efec4e901bad4596791e490fcea73a096c29833fe9e36fde12a993c842ce0ef83d327037810012f7ffd7,,08/22/2025 03:40:00 PM,35,TRAFFIC SIGNAL,FUNCTIONING PROPERLY,CLEAR,DAYLIGHT,FIXED OBJECT,ONE-WAY,,STRAIGHT AND LEVEL,DRY,NO DEFECTS,ON SCENE,NO INJURY / DRIVE AWAY,,,,"$501 - $1,500",08/22/2025 03:43:00 PM,EQUIPMENT - VEHICLE CONDITION,NOT APPLICABLE,200,E,41ST ST,213,,,,Y,CONSTRUCTION,Y,1,NO INDICATION OF INJURY,0,0,0,0,0,1,0,15,6,8,41.8202803618,-87.6214279459,POINT (-87.62142794593 41.820280361758)
0cb8ed5cdf63f0cc851ab0beb63bf7ffce2f1e441db2d4f1e03564ae6e3845beecc8e27496c9de1002b6fb5b410f191695cdd3254c53f9d9b88a5fd8b69b63f2,,08/22/2025 03:35:00 PM,30,STOP SIGN/FLASHER,FUNCTIONING PROPERLY,CLEAR,DAYLIGHT,SIDESWIPE OPPOSITE DIRECTION,ONE-WAY,,STRAIGHT AND LEVEL,DRY,NO DEFECTS,ON SCENE,NO INJURY / DRIVE AWAY,,,,"$501 - $1,500",08/22/2025 03:37:00 PM,DRIVING ON WRONG SIDE/WRONG WAY,DRIVING ON WRONG SIDE/WRONG WAY,2546,S,KOLIN AVE,1013,,,,,,,2,NO INDICATION OF INJURY,0,0,0,0,0,3,0,15,6,8,41.8445616967,-87.7328184913,POINT (-87.732818491284 41.844561696711)
31d25949a6768fd05bde07cd896e9ef7f7552bf82a6b27740acfbfa50780ac00cd7018c1bccdfe3ce405dac52ab343895d8f2b9ef37267d22a1072f6ba4554e1,,08/22/2025 03:35:00 PM,30,STOP SIGN/FLASHER,NO CONTROLS,CLEAR,DAYLIGHT,PEDESTRIAN,ONE-WAY,,STRAIGHT AND LEVEL,DRY,NO DEFECTS,ON SCENE,NO INJURY / DRIVE AWAY,Y,,,"OVER $1,500",08/23/2025 11:43:00 AM,UNABLE TO DETERMINE,UNABLE TO DETERMINE,5400,N,KENMORE AVE,2023,,,,,,,2,NO INDICATION OF INJURY,0,0,0,0,0,2,0,15,6,8,41.9801162606,-87.6566645755,POINT (-87.656664575504 41.980116260626)
c95ba2679de29f8d74c5a7ed16ec658dafc78f8e67069260553a0a65bb7a1701d8d09a68d7edfc28988222b71f5f55cce7950686bc0f59168e46d0f28d374079,,08/22/2025 03:35:00 PM,30,NO CONTROLS,NO CONTROLS,CLEAR,DAYLIGHT,PARKED MOTOR VEHICLE,NOT DIVIDED,,STRAIGHT AND LEVEL,DRY,UNKNOWN,ON SCENE,INJURY AND / OR TOW DUE TO CRASH,,,,"OVER $1,500",08/22/2025 03:41:00 PM,PHYSICAL CONDITION OF DRIVER,NOT APPLICABLE,7309,S,DR MARTIN LUTHER KING JR DR,323,,,,,,,5,INCAPACITATING INJURY,1,0,1,0,0,0,0,15,6,8,41.7617508865,-87.6150528167,POINT (-87.615052816684 41.761750886523)
abe2dc45a823bb1afeefb9073d48ecb1de9b736c875307cf639d8671bdbcd675883828d810730f7ff259b45820775f824ee4c04d999e71e1d78907a7bba82f1c,,08/22/2025 03:33:00 PM,15,NO CONTROLS,NO CONTROLS,CLEAR,DAYLIGHT,REAR END,DIVIDED - W/MEDIAN BARRIER,,STRAIGHT AND LEVEL,DRY,NO DEFECTS,ON SCENE,NO INJURY / DRIVE AWAY,,,,"OVER $1,500",08/22/2025 03:42:00 PM,IMPROPER BACKING,NOT APPLICABLE,8801,S,CHICAGO SKYWAY OB,412,,,,,,,2,NO INDICATION OF INJURY,0,0,0,0,0,2,0,15,6,8,41.7353441671,-87.5655497374,POINT (-87.565549737402 41.735344167053)
378fdf571451a2936c6fb17b386036720918b54fdfff1bd8d010d2714f94d45a21fb5ffd4407bd0ebc1771cc05a835f19366a4c56ab8881beb9688776c89b5e7,,08/22/2025 03:30:00 PM,30,NO CONTROLS,NO CONTROLS,CLEAR,DAYLIGHT,REAR END,DIVIDED - W/MEDIAN (NOT RAISED),,STRAIGHT AND LEVEL,DRY,NO DEFECTS,,INJURY AND / OR TOW DUE TO CRASH,,,Y,"$501 - $1,500",08/22/2025 04:20:00 PM,FAILING TO YIELD RIGHT-OF-WAY,FAILING TO REDUCE SPEED TO AVOID CRASH,1620,N,CICERO AVE,2533,,,,,,,3,"REPORTED, NOT EVIDENT",1,0,0,0,1,2,0,15,6,8,41.9102793442,-87.7462165776,POINT (-87.746216577595 41.910279344171)
5d76de7d3cd0449c70b8ef664b7fc21f4ff3c014c5a60fb994e234b03b78d949b4471bffd14125b1536b13d1e3ee694fc4ea195ef35dc842a3127548b3008e22,,08/22/2025 03:30:00 PM,30,TRAFFIC SIGNAL,FUNCTIONING PROPERLY,CLEAR,DAYLIGHT,SIDESWIPE SAME DIRECTION,NOT DIVIDED,,STRAIGHT AND LEVEL,DRY,NO DEFECTS,NOT ON SCENE (DESK REPORT),NO INJURY / DRIVE AWAY,,,Y,"$501 - $1,500",08/22/2025 04:25:00 PM,IMPROPER OVERTAKING/PASSING,IMPROPER OVERTAKING/PASSING,3100,W,26TH ST,1033,,,,,,,2,NO INDICATION OF INJURY,0,0,0,0,0,2,0,15,6,8,41.8446556125,-87.7026617428,POINT (-87.702661742801 41.844655612536)
8f2209090e2b167c60d6bc8d62e7058a13a0195cdd3be838aea29ca1d11b1b4e007c7368660ef77c0167b16c4cb3362eead42ef539a2536a7513ea7507e0d923,,08/22/2025 03:30:00 PM,35,STOP SIGN/FLASHER,FUNCTIONING PROPERLY,CLEAR,DAYLIGHT,TURNING,FOUR WAY,,STRAIGHT AND LEVEL,DRY,NO DEFECTS,NOT ON SCENE (DESK REPORT),NO INJURY / DRIVE AWAY,Y,,,"OVER $1,500",08/22/2025 05:00:00 PM,IMPROPER TURNING/NO SIGNAL,IMPROPER TURNING/NO SIGNAL,8800,S,HALSTED ST,2223,,,,,,,2,NO INDICATION OF INJURY,0,0,0,0,0,2,0,15,6,8,41.7342226305,-87.6437125899,POINT (-87.643712589891 41.734222630546)
977ebc977a786a8cb32e0b38611fa1341127be570a035d4cf279244e6cfde37cbf942381b3d51f8ca457a33d23fdb4d830cfb916d3882b188da4c752e4803eaf,,08/22/2025 03:30:00 PM,30,NO CONTROLS,NO CONTROLS,CLEAR,DAYLIGHT,REAR END,NOT DIVIDED,,STRAIGHT AND LEVEL,DRY,NO DEFECTS,NOT ON SCENE (DESK REPORT),NO INJURY / DRIVE AWAY,,,,"OVER $1,500",08/22/2025 03:30:00 PM,FOLLOWING TOO CLOSELY,NOT APPLICABLE,2300,S,KEDZIE AVE,1024,,,,,,,2,NO INDICATION OF INJURY,0,0,0,0,0,2,0,15,6,8,41.8498575327,-87.7053434771,POINT (-87.705343477103 41.849857532654)
9d7672e3ea544eaed645bb5109b2bb30e6feee7299ea7998769993b234aec4cebd503b38b7b7b962bae63dd59a8faad43f2d480f058c3e458e09a6d3ed4204af,,08/22/2025 03:30:00 PM,30,NO CONTROLS,NO CONTROLS,CLEAR,DAYLIGHT,REAR END,NOT DIVIDED,,STRAIGHT AND LEVEL,DRY,NO DEFECTS,NOT ON SCENE (DESK REPORT),NO INJURY / DRIVE AWAY,,,,"OVER $1,500",08/22/2025 04:15:00 PM,FOLLOWING TOO CLOSELY,UNABLE TO DETERMINE,2950,W,PETERSON AVE,2413,,,,,,,2,NO INDICATION OF INJURY,0,0,0,0,0,4,0,15,6,8,41.9905275636,-87.7038582037,POINT (-87.703858203744 41.990527563591)
aabb4d8020a2c1fcb54f487edd40aa165e8024af2612852d66052b3fab090f60f807e7ff41f2d070a9fdb0340a27b196b21184c133d99b57a6ee42f3721ad929,,08/22/2025 03:30:00 PM,20,NO CONTROLS,NO CONTROLS,CLEAR,DAYLIGHT,PARKED MOTOR VEHICLE,DIVIDED - W/MEDIAN (NOT RAISED),,STRAIGHT AND LEVEL,DRY,NO DEFECTS,NOT ON SCENE (DESK REPORT),NO INJURY / DRIVE AWAY,,,,"OVER $1,500",08/26/2025 04:15:00 PM,IMPROPER BACKING,UNABLE TO DETERMINE,5704,N,KEYSTONE AVE,1711,,,,,,,2,NO INDICATION OF INJURY,0,0,0,0,0,1,0,15,6,8,41.9844484085,-87.7298414265,POINT (-87.729841426489 41.984448408482)
af3abd6a56d4803a93b2687cd8c902076b8da9c471b75c81c2c59b353230af81d6f0e794b39e7e70edba19a8884cb8d13f2b68a286b98a28fceb420830bf486b,,08/22/2025 03:30:00 PM,30,NO CONTROLS,NO CONTROLS,CLEAR,DAYLIGHT,PEDESTRIAN,NOT DIVIDED,,STRAIGHT AND LEVEL,DRY,NO DEFECTS,ON SCENE,INJURY AND / OR TOW DUE TO CRASH,,,,$500 OR LESS,08/22/2025 03:33:00 PM,"VISION OBSCURED (SIGNS, TREE LIMBS, BUILDINGS, ETC.)","VISION OBSCURED (SIGNS, TREE LIMBS, BUILDINGS, ETC.)",1200,W,FOSTER AVE,2013,,,,,,,2,"REPORTED, NOT EVIDENT",1,0,0,0,1,1,0,15,6,8,41.9764319202,-87.659931806,POINT (-87.65993180604 41.976431920185)
b14ebf55afe1efe1ddc664b35e71f657e4442142e96218441233f9795728331f65176dd9e2c92e6b67945e1df074723610dc7dd57fd89567b2e82b0192018ca3,,08/22/2025 03:30:00 PM,30,NO CONTROLS,NO CONTROLS,CLEAR,DAYLIGHT,SIDESWIPE SAME DIRECTION,NOT DIVIDED,,STRAIGHT AND LEVEL,DRY,NO DEFECTS,NOT ON SCENE (DESK REPORT),NO INJURY / DRIVE AWAY,,,,"OVER $1,500",08/22/2025 03:43:00 PM,IMPROPER LANE USAGE,NOT APPLICABLE,9900,S,BEVERLY AVE,2213,,,,,,,2,NO INDICATION OF INJURY,0,0,0,0,0,2,0,15,6,8,41.713833957,-87.6597106299,POINT (-87.659710629926 41.713833957002)
f742a8d523268a42f06f52caee58460873f062c3f24dce78e4664a4d245a4c1f0da1f2664e5a90188e83572966a5eb2c4e9c33004189735ed7f3aa11cd7ee3ef,,08/22/2025 03:30:00 PM,30,TRAFFIC SIGNAL,FUNCTIONING PROPERLY,CLEAR,DAYLIGHT,REAR END,FOUR WAY,,STRAIGHT AND LEVEL,DRY,UNKNOWN,NOT ON SCENE (DESK REPORT),NO INJURY / DRIVE AWAY,Y,,Y,"OVER $1,500",08/22/2025 04:30:00 PM,UNABLE TO DETERMINE,UNABLE TO DETERMINE,2358,W,95TH ST,2221,,,,,,,2,NO INDICATION OF INJURY,0,0,0,0,0,2,0,15,6,8,41.7210477089,-87.6820048306,POINT (-87.682004830585 41.721047708948)
1f832b993aa599c30b120aa28b526a6cb2b818cd47aef140a0713498368ec8ffa4d245d144443fd6aaac3dec0a259451a3955ca4cfb007ae094771c4e7f4c336,,08/22/2025 03:27:00 PM,30,TRAFFIC SIGNAL,FUNCTIONING PROPERLY,CLEAR,DAYLIGHT,REAR END,NOT DIVIDED,,STRAIGHT AND LEVEL,DRY,NO DEFECTS,NOT ON SCENE (DESK REPORT),NO INJURY / DRIVE AWAY,,,,"OVER $1,500",08/22/2025 04:31:00 PM,FOLLOWING TOO CLOSELY,NOT APPLICABLE,7600,S,PULASKI RD,833,,,,,,,2,NO INDICATION OF INJURY,0,0,0,0,0,2,0,15,6,8,41.7550442797,-87.722315514,POINT (-87.722315514022 41.755044279733)
5d8417f394aab10c896a3f1a3e5b71c380002718aea837b362b2bde5ed575d6251e3dc5f736f18b7ba2d367614f036b8d0c057656580722a4a1fb0c650735196,,08/22/2025 03:26:00 PM,30,TRAFFIC SIGNAL,FUNCTIONING PROPERLY,CLEAR,DAYLIGHT,TURNING,NOT DIVIDED,,STRAIGHT AND LEVEL,DRY,NO DEFECTS,NOT ON SCENE (DESK REPORT),NO INJURY / DRIVE AWAY,Y,,,"OVER $1,500",08/22/2025 04:26:00 PM,IMPROPER OVERTAKING/PASSING,NOT APPLICABLE,4633,W,63RD ST,813,,,,,,,2,NO INDICATION OF INJURY,0,0,0,0,0,3,0,15,6,8,41.7783604558,-87.7386743035,POINT (-87.738674303522 41.778360455796)
4fa0dd4e7636fa57cda577c77815e5318fdd4d82607931709170dcb99717170cd24cba70be438ae505bdddebc2b043f06daeedc45fc16f28da89887df570e13a,,08/22/2025 03:20:00 PM,10,OTHER,OTHER,CLEAR,DAYLIGHT,OTHER OBJECT,OTHER,,STRAIGHT AND LEVEL,DRY,OTHER,ON SCENE,NO INJURY / DRIVE AWAY,,,,$500 OR LESS,08/22/2025 03:27:00 PM,NOT APPLICABLE,NOT APPLICABLE,212,W,CERMAK RD,914,,,,,,,1,NO INDICATION OF INJURY,0,0,0,0,0,1,0,15,6,8,41.8529532997,-87.6326116422,POINT (-87.632611642206 41.852953299717)
bc892462a5a6d9f6d4bfd71e5ba828a034ee96676d1aec0616c0ac149cbc6bf131d368b7ea2915c8da44cffc28156377ebe8c0b44334eaeadf97d1699df87967,,08/22/2025 03:19:00 PM,30,NO CONTROLS,FUNCTIONING PROPERLY,CLEAR,DAYLIGHT,SIDESWIPE SAME DIRECTION,NOT DIVIDED,,STRAIGHT AND LEVEL,DRY,NO DEFECTS,NOT ON SCENE (DESK REPORT),NO INJURY / DRIVE AWAY,,,,"OVER $1,500",08/22/2025 08:27:00 PM,NOT APPLICABLE,NOT APPLICABLE,5601,W,55TH ST,811,,,,,,,2,NO INDICATION OF INJURY,0,0,0,0,0,2,0,15,6,8,41.792624833,-87.7623599325,POINT (-87.7623599325 41.792624832977)
e72ffa78ea6ab83ffe6200a2636a8f9ab952ab9c36d342326dcf1d3d0df38ec38d3fa6600bc82ea473225e5ff4e15044bd8576754baf177f9c64c8f80608d2fb,,08/22/2025 03:15:00 PM,20,NO CONTROLS,NO CONTROLS,CLEAR,DAYLIGHT,HEAD ON,ONE-WAY,,STRAIGHT AND LEVEL,DRY,NO DEFECTS,NOT ON SCENE (DESK REPORT),NO INJURY / DRIVE AWAY,,,Y,"OVER $1,500",08/22/2025 03:43:00 PM,DRIVING ON WRONG SIDE/WRONG WAY,NOT APPLICABLE,2530,S,KOLIN AVE,1013,,,,,,,2,NO INDICATION OF INJURY,0,0,0,0,0,3,0,15,6,8,41.8450962865,-87.7328353348,POINT (-87.732835334801 41.845096286509)
f540395b8f3f21b558359b0eb4f4457126c7517a128811f49ff04b18783710dd8687bf355a84dddc382cf09a76d402a14d11c794f037defee471703cce887477,,08/22/2025 03:15:00 PM,30,TRAFFIC SIGNAL,FUNCTIONING PROPERLY,CLEAR,DAYLIGHT,ANGLE,NOT DIVIDED,,STRAIGHT AND LEVEL,DRY,NO DEFECTS,NOT ON SCENE (DESK REPORT),NO INJURY / DRIVE AWAY,,,Y,"OVER $1,500",08/23/2025 04:45:00 PM,DISREGARDING TRAFFIC SIGNALS,DISREGARDING TRAFFIC SIGNALS,5501,S,RACINE AVE,712,,,,,,,2,NO INDICATION OF INJURY,0,0,0,0,0,2,0,15,6,8,41.793730687,-87.6547166469,POINT (-87.654716646947 41.793730686971)
efa721295ae14edd4a7e614a9e851be1db80401aa10a729319041924737bfa67b011ef288e7fd0f499aab06710efc6fb854956c343754bfee0f3753419bed5ec,,08/22/2025 03:13:00 PM,30,TRAFFIC SIGNAL,FUNCTIONING PROPERLY,CLEAR,DAYLIGHT,REAR END,DIVIDED - W/MEDIAN (NOT RAISED),,STRAIGHT AND LEVEL,DRY,NO DEFECTS,NOT ON SCENE (DESK REPORT),NO INJURY / DRIVE AWAY,,,,"OVER $1,500",08/22/2025 05:00:00 PM,FAILING TO REDUCE SPEED TO AVOID CRASH,FOLLOWING TOO CLOSELY,1548,N,CICERO AVE,2533,,,,,,,2,NO INDICATION OF INJURY,0,0,0,0,0,2,0,15,6,8,41.9092527377,-87.7462621327,POINT (-87.746262132742 41.909252737678)
2aec439fb0d420337966f1da7563900bb0b3ab625524341b2c7962820a480a42c645923502abcde3c52157845e20892a4433ea7eafeab3fdc0f537841b55f480,,08/22/2025 03:10:00 PM,35,NO CONTROLS,NO CONTROLS,CLEAR,DAYLIGHT,PEDALCYCLIST,ONE-WAY,,STRAIGHT AND LEVEL,DRY,UNKNOWN,ON SCENE,INJURY AND / OR TOW DUE TO CRASH,,,Y,$500 OR LESS,08/22/2025 03:42:00 PM,FAILING TO REDUCE SPEED TO AVOID CRASH,"OPERATING VEHICLE IN ERRATIC, RECKLESS, CARELESS, NEGLIGENT OR AGGRESSIVE MANNER",6860,W,BRYN MAWR AVE,1612,,,N,,,,2,NONINCAPACITATING INJURY,1,0,0,1,0,1,0,15,6,8,41.9829266575,-87.7999194538,POINT (-87.799919453779 41.982926657463)
f063e51e992759c3dd229556a8629094bb8edfe1fd34bfb507452f5b2253aaa2d3763dce6cae792ad348be67973d06a9e6d6d4f5fbb0956ce7dff6ba362b227b,,08/22/2025 03:10:00 PM,30,NO CONTROLS,NO CONTROLS,CLEAR,DAYLIGHT,PARKED MOTOR VEHICLE,NOT DIVIDED,,STRAIGHT AND LEVEL,DRY,UNKNOWN,NOT ON SCENE (DESK REPORT),NO INJURY / DRIVE AWAY,,,Y,"OVER $1,500",08/22/2025 07:35:00 PM,UNABLE TO DETERMINE,NOT APPLICABLE,10110,S,WESTERN AVE,2211,,,,,,,2,NO INDICATION OF INJURY,0,0,0,0,0,2,0,15,6,8,41.709654646,-87.6818667194,POINT (-87.681866719418 41.709654645984)
b1841aa7284e8f198abdf06e60e27b619aa6e53e4180d75cff61e3c67824b7c418e6bee4f1f4611bd1e38de3de52fb60e2e790be6206e71b23a17691f4e4467c,,08/22/2025 03:05:00 PM,25,NO CONTROLS,NO CONTROLS,CLEAR,DAYLIGHT,PARKED MOTOR VEHICLE,NOT DIVIDED,,STRAIGHT AND LEVEL,DRY,NO DEFECTS,NOT ON SCENE (DESK REPORT),NO INJURY / DRIVE AWAY,,,Y,"$501 - $1,500",08/22/2025 04:30:00 PM,IMPROPER OVERTAKING/PASSING,UNABLE TO DETERMINE,6049,N,KILPATRICK AVE,1711,,,,,,,2,NO INDICATION OF INJURY,0,0,0,0,0,1,0,15,6,8,41.9912839998,-87.7455527912,POINT (-87.745552791209 41.991283999805)
25637c6dbea21deab4fe109ddc3007294c48527fdb16b2ce0762cac97e385283f77d3059bb544025a5f24df3bffa67a9a2d83517bad4c4a843b6bfd9ec6933f2,,08/22/2025 03:03:00 PM,20,SCHOOL ZONE,NO CONTROLS,CLEAR,DAYLIGHT,ANGLE,FOUR WAY,,STRAIGHT AND LEVEL,DRY,NO DEFECTS,ON SCENE,INJURY AND / OR TOW DUE TO CRASH,Y,,,"OVER $1,500",08/22/2025 03:03:00 PM,UNABLE TO DETERMINE,NOT APPLICABLE,4701,W,PETERSON AVE,1711,,,,,,,2,NO INDICATION OF INJURY,0,0,0,0,0,2,0,15,6,8,41.9898139444,-87.7459531244,POINT (-87.745953124429 41.98981394441)
84a07b8920b9d8fc07776fba192ea232a79df93f58dcc46e57da1eab8a3fd197e13fe7f69f5cbd609150f31b3c9da04e1659dd56ff0080cc8514adfbfe4f69ce,,08/22/2025 03:00:00 PM,30,TRAFFIC SIGNAL,FUNCTIONING PROPERLY,CLEAR,DAYLIGHT,TURNING,NOT DIVIDED,,STRAIGHT AND LEVEL,DRY,UNKNOWN,ON SCENE,NO INJURY / DRIVE AWAY,Y,,,"$501 - $1,500",08/22/2025 03:00:00 PM,UNABLE TO DETERMINE,UNABLE TO DETERMINE,1799,S,UNION AVE,1235,,,,,,,2,NO INDICATION OF INJURY,0,0,0,0,0,2,0,15,6,8,41.8576015396,-87.6446361748,POINT (-87.644636174768 41.857601539592)
b252145ff2ad66e48b3e758571cac81e2f075612238fc3cd167f93866fce967738c075b591d7429c58bf8d5717d275ce617b22146e0d5bb200a1fc283d469a6b,,08/22/2025 03:00:00 PM,30,STOP SIGN/FLASHER,NO CONTROLS,CLEAR,DAYLIGHT,ANGLE,FOUR WAY,,STRAIGHT AND LEVEL,DRY,NO DEFECTS,NOT ON SCENE (DESK REPORT),NO INJURY / DRIVE AWAY,Y,,,"OVER $1,500",08/22/2025 03:40:00 PM,UNABLE TO DETERMINE,UNABLE TO DETERMINE,2400,S,CANAL ST,914,,,,,,,2,NO INDICATION OF INJURY,0,0,0,0,0,5,0,15,6,8,41.8490213968,-87.6385788519,POINT (-87.638578851931 41.849021396789)
b88b5c1e5b684ecdf0ebc62b3ba110f7efd373a71904b0f16c11fbc4774363f6d5e138b3a3632e9e1e6456f495a54784aa22a38f3be5adcd2d103e92c51a96da,,08/22/2025 03:00:00 PM,30,TRAFFIC SIGNAL,NO CONTROLS,CLEAR,DAYLIGHT,TURNING,DIVIDED - W/MEDIAN (NOT RAISED),,STRAIGHT AND LEVEL,DRY,NO DEFECTS,NOT ON SCENE (DESK REPORT),NO INJURY / DRIVE AWAY,,,,"$501 - $1,500",08/22/2025 07:10:00 PM,IMPROPER OVERTAKING/PASSING,NOT APPLICABLE,1800,S,RUBLE ST,1235,,,,,,,2,NO INDICATION OF INJURY,0,0,0,0,0,2,0,15,6,8,41.8575477459,-87.6439260927,POINT (-87.643926092669 41.857547745949)
725985f25844e73f805c7b907657d710446d68bc35da404d698ee6777305e4658276fc080a39995209cfe447496d097d3c59da58456108e3db25fdebbd2418ac,,08/22/2025 02:56:00 PM,30,TRAFFIC SIGNAL,FUNCTIONING PROPERLY,CLEAR,DAYLIGHT,SIDESWIPE SAME DIRECTION,FOUR WAY,,STRAIGHT AND LEVEL,DRY,NO DEFECTS,ON SCENE,NO INJURY / DRIVE AWAY,,,Y,"OVER $1,500",08/22/2025 03:08:00 PM,IMPROPER OVERTAKING/PASSING,NOT APPLICABLE,6,E,ROOSEVELT RD,123,,N,,,,,2,NO INDICATION OF INJURY,0,0,0,0,0,3,0,14,6,8,41.8675269932,-87.6271585872,POINT (-87.627158587181 41.867526993187)
496e330fd6ed882406ab9c8391c473071a716b39fc5c1f4d3de651e72bad64e298ca8ec29b6122e1ca30dfe2a77792cf10462cc637695fcbd0b889053484a33c,,08/22/2025 02:55:00 PM,30,NO CONTROLS,NO CONTROLS,CLEAR,DAYLIGHT,TURNING,NOT DIVIDED,,STRAIGHT AND LEVEL,DRY,UNKNOWN,NOT ON SCENE (DESK REPORT),NO INJURY / DRIVE AWAY,,,,"OVER $1,500",08/22/2025 06:30:00 PM,UNABLE TO DETERMINE,UNABLE TO DETERMINE,11039,S,PULASKI RD,2211,,,,,,,2,NO INDICATION OF INJURY,0,0,0,0,0,2,0,14,6,8,41.6919283746,-87.7202064413,POINT (-87.720206441317 41.69192837458)
ab8fa64ad80cb5a7e02ee67a46f1e123dff1e07492049db4f04423e2b77b7e68e3d55fbdce2bc3d34efc51489941bdc9d3a2ce1b244d7673dcd55cc77ea206c4,,08/22/2025 02:55:00 PM,30,TRAFFIC SIGNAL,FUNCTIONING PROPERLY,CLEAR,DAYLIGHT,SIDESWIPE SAME DIRECTION,NOT DIVIDED,,STRAIGHT AND LEVEL,DRY,NO DEFECTS,NOT ON SCENE (DESK REPORT),NO INJURY / DRIVE AWAY,,,Y,"OVER $1,500",08/22/2025 06:26:00 PM,IMPROPER LANE USAGE,NOT APPLICABLE,6309,S,CICERO AVE,813,,,,,,,2,NO INDICATION OF INJURY,0,0,0,0,0,2,0,14,6,8,41.77811423,-87.7421362296,POINT (-87.742136229553 41.778114230016)
882537a0e6d754bec40945df1e232e464640a17cb6c31a7e8c674448f015ec98979dc3bbd1424197fb13e20dc52998f7876d13534e28a8f5b1b3c94c644ced1a,,08/22/2025 02:50:00 PM,30,TRAFFIC SIGNAL,FUNCTIONING PROPERLY,CLEAR,DAYLIGHT,ANGLE,FOUR WAY,,STRAIGHT AND LEVEL,DRY,NO DEFECTS,NOT ON SCENE (DESK REPORT),NO INJURY / DRIVE AWAY,Y,,,"OVER $1,500",08/22/2025 04:37:00 PM,UNABLE TO DETERMINE,UNABLE TO DETERMINE,8500,S,BENNETT AVE,412,,,,,,,2,NO INDICATION OF INJURY,0,0,0,0,0,2,0,14,6,8,41.7405691178,-87.5783562182,POINT (-87.578356218242 41.740569117843)
b26b40aa093aa150467322e498f5c1ee2388098b485f16f6e7fc7f1fd2b7df85f7e1b9182856dc526a101865ae2f5e94247c268d3a41fd7673e3cdd754cd5d85,,08/22/2025 02:50:00 PM,30,OTHER,OTHER,CLEAR,DAYLIGHT,REAR END,DIVIDED - W/MEDIAN BARRIER,,STRAIGHT AND LEVEL,DRY,NO DEFECTS,ON SCENE,NO INJURY / DRIVE AWAY,,,,"OVER $1,500",08/22/2025 02:50:00 PM,FAILING TO REDUCE SPEED TO AVOID CRASH,FOLLOWING TOO CLOSELY,8607,S,STONY ISLAND AVE,412,Y,,,,,,3,NO INDICATION OF INJURY,0,0,0,0,0,4,0,14,6,8,41.7385023007,-87.5851040092,POINT (-87.585104009216 41.738502300684)