CRASH_RECORD_ID,CRASH_DATE_EST_I,CRASH_DATE,POSTED_SPEED_LIMIT,TRAFFIC_CONTROL_DEVICE,DEVICE_CONDITION,WEATHER_CONDITION,LIGHTING_CONDITION,FIRST_CRASH_TYPE,TRAFFICWAY_TYPE,LANE_CNT,ALIGNMENT,ROADWAY_SURFACE_COND,ROAD_DEFECT,REPORT_TYPE,CRASH_TYPE,INTERSECTION_RELATED_I,NOT_RIGHT_OF_WAY_I,HIT_AND_RUN_I,DAMAGE,DATE_POLICE_NOTIFIED,PRIM_CONTRIBUTORY_CAUSE,SEC_CONTRIBUTORY_CAUSE,STREET_NO,STREET_DIRECTION,STREET_NAME,BEAT_OF_OCCURRENCE,PHOTOS_TAKEN_I,STATEMENTS_TAKEN_I,DOORING_I,WORK_ZONE_I,WORK_ZONE_TYPE,WORKERS_PRESENT_I,NUM_UNITS,MOST_SEVERE_INJURY,INJURIES_TOTAL,INJURIES_FATAL,INJURIES_INCAPACITATING,INJURIES_NON_INCAPACITATING,INJURIES_REPORTED_NOT_EVIDENT,INJURIES_NO_INDICATION,INJURIES_UNKNOWN,CRASH_HOUR,CRASH_DAY_OF_WEEK,CRASH_MONTH,LATITUDE,LONGITUDE,LOCATION
f693c0feba5bfd4cc062d4c3133c04002b3a42cacefe692868c1500140f20156288f6516bb5a37f56fe8d6eff487839ab447386ffa80ef9f6cd07df68cfbfa34,,08/22/2025 02:50:00 PM,15,NO CONTROLS,NO CONTROLS,CLEAR,DAYLIGHT,PARKED MOTOR VEHICLE,NOT DIVIDED,,STRAIGHT AND LEVEL,DRY,NO DEFECTS,NOT ON SCENE (DESK REPORT),NO INJURY / DRIVE AWAY,,,Y,"OVER $1,500",08/23/2025 10:25:00 AM,UNABLE TO DETERMINE,NOT APPLICABLE,1971,N,FREMONT ST,1813,,,,,,,2,NO INDICATION OF INJURY,0,0,0,0,0,1,0,14,6,8,41.9179839781,-87.6507878485,POINT (-87.650787848544 41.917983978055)
b1f2901fb163b87b512601ea9507ee95b1ce68abfcfa0b7e9ffc6236e879f908fca0d347293184151fd7feb95ebc1efb14361111fddc459703703bddd4151ac4,,08/22/2025 02:45:00 PM,30,NO CONTROLS,NO CONTROLS,CLEAR,DAYLIGHT,PARKED MOTOR VEHICLE,NOT DIVIDED,,STRAIGHT AND LEVEL,DRY,UNKNOWN,NOT ON SCENE (DESK REPORT),NO INJURY / DRIVE AWAY,,,Y,"OVER $1,500",08/22/2025 09:30:00 PM,UNABLE TO DETERMINE,UNABLE TO DETERMINE,2650,S,CALIFORNIA AVE,1033,,,,,,,2,NO INDICATION OF INJURY,0,0,0,0,0,1,0,14,6,8,41.8429959896,-87.6953093057,POINT (-87.695309305721 41.842995989593)
c0307ee510dcf37dcc02c492c136310bfe0c01777daf76aeb2a0a2c3ca813f8ec5f6e8ed2da388097c2e6f04a34f76d32407fcb0561336cdc8c8605fb4ed1034,,08/22/2025 02:45:00 PM,30,NO CONTROLS,NO CONTROLS,CLEAR,DAYLIGHT,PARKED MOTOR VEHICLE,NOT DIVIDED,,STRAIGHT AND LEVEL,DRY,NO DEFECTS,NOT ON SCENE (DESK REPORT),NO INJURY / DRIVE AWAY,,,Y,"OVER $1,500",08/22/2025 03:52:00 PM,NOT APPLICABLE,NOT APPLICABLE,4853,W,IRVING PARK RD,1634,,,,,,,2,NO INDICATION OF INJURY,0,0,0,0,0,1,0,14,6,8,41.9532882708,-87.749298577,POINT (-87.749298577029 41.953288270836)
f32f7008f74ea5cbe661d3773f8c69c361b5f2baf8a40bf4f038b317426ef5fb6989ffbce232703b879d2e378f089cb1382ea99a2fc2d776e656482a008fa6b5,,08/22/2025 02:44:00 PM,30,TRAFFIC SIGNAL,FUNCTIONING PROPERLY,CLEAR,DAYLIGHT,TURNING,NOT DIVIDED,,STRAIGHT AND LEVEL,DRY,NO DEFECTS,NOT ON SCENE (DESK REPORT),NO INJURY / DRIVE AWAY,,,,"OVER $1,500",08/22/2025 04:00:00 PM,UNABLE TO DETERMINE,UNABLE TO DETERMINE,1610,N,LA SALLE DR,1814,,,,,,,2,NO INDICATION OF INJURY,0,0,0,0,0,3,0,14,6,8,41.9115129366,-87.6333014228,POINT (-87.633301422838 41.911512936638)
2d956ee6c87e0fdf80c1aa437891998663e4b4fe4883fde657bd6ddd862ca861cb6ede833302a8907057a6b75e4bae81d6cef3ff501a18ccae262c933edeade3,,08/22/2025 02:36:00 PM,25,NO CONTROLS,NO CONTROLS,CLEAR,DAYLIGHT,ANGLE,ONE-WAY,,STRAIGHT AND LEVEL,DRY,NO DEFECTS,,INJURY AND / OR TOW DUE TO CRASH,,,,"OVER $1,500",08/22/2025 02:36:00 PM,FAILING TO YIELD RIGHT-OF-WAY,NOT APPLICABLE,3701,N,KENNETH AVE,1731,,,,,,,2,NONINCAPACITATING INJURY,1,0,0,1,0,1,0,14,6,8,41.9488279713,-87.7396948139,POINT (-87.739694813933 41.948827971267)
fefb1b927d77a3e1a695cf00fbe69a1ba0911b009d84aae3c83130a70211320d7c9a806f078918e37004544951eda9fc2ef3c234ff8d8f76fa70e5d3392170e0,,08/22/2025 02:35:00 PM,30,NO CONTROLS,NO CONTROLS,CLEAR,DAYLIGHT,TURNING,NOT DIVIDED,,STRAIGHT AND LEVEL,DRY,NO DEFECTS,ON SCENE,INJURY AND / OR TOW DUE TO CRASH,,,,"OVER $1,500",08/22/2025 03:47:00 PM,UNABLE TO DETERMINE,NOT APPLICABLE,2601,W,26TH ST,1034,,,,,,,2,NONINCAPACITATING INJURY,3,0,0,3,0,0,0,14,6,8,41.8446453778,-87.6904093368,POINT (-87.690409336787 41.844645377824)
3acd3a35b228e124129c915c2c8d365ad08294018c58ac9f2e4d958d03701c6cbfa7a97fff7e8f4924611d50ad52be7e4f9c136ca314ea3ca2efc93138cc2306,,08/22/2025 02:34:00 PM,30,NO CONTROLS,NO CONTROLS,CLEAR,DAYLIGHT,SIDESWIPE SAME DIRECTION,DIVIDED - W/MEDIAN (NOT RAISED),,STRAIGHT AND LEVEL,DRY,NO DEFECTS,ON SCENE,NO INJURY / DRIVE AWAY,,,,"OVER $1,500",08/22/2025 02:43:00 PM,IMPROPER TURNING/NO SIGNAL,DRIVING SKILLS/KNOWLEDGE/EXPERIENCE,4547,N,BROADWAY,1914,,,,,,,3,NO INDICATION OF INJURY,0,0,0,0,0,4,0,14,6,8,41.9649806467,-87.6570431979,POINT (-87.657043197886 41.96498064673)
afccac9e673e3d26da4c80f7166fe6ad2fe0ef95bd2a68026d0ccc583458d7efcdfcf059a98cfb58ebf597a839fe6d366effcf2b693737bba0b91058a26e4a0b,,08/22/2025 02:31:00 PM,30,NO CONTROLS,NO CONTROLS,CLEAR,DAYLIGHT,PARKED MOTOR VEHICLE,NOT DIVIDED,,STRAIGHT AND LEVEL,DRY,NO DEFECTS,ON SCENE,NO INJURY / DRIVE AWAY,,,,"OVER $1,500",08/22/2025 02:32:00 PM,DRIVING SKILLS/KNOWLEDGE/EXPERIENCE,DRIVING SKILLS/KNOWLEDGE/EXPERIENCE,7053,N,CLARK ST,2423,,,,,,,2,NO INDICATION OF INJURY,0,0,0,0,0,1,0,14,6,8,42.0105605393,-87.674147661,POINT (-87.674147660957 42.010560539259)
00b65cac1592a8e0c96b38ae13963d34c6730199926ce1a7bb19393f512da387168f5dab770f6fdea2b340dec8c236d76afd0046a08a0da3b1b42d0bccfbade3,,08/22/2025 02:30:00 PM,30,NO CONTROLS,NO CONTROLS,CLEAR,DAYLIGHT,SIDESWIPE OPPOSITE DIRECTION,NOT DIVIDED,,STRAIGHT AND LEVEL,DRY,NO DEFECTS,ON SCENE,NO INJURY / DRIVE AWAY,Y,,,"OVER $1,500",08/22/2025 02:35:00 PM,UNABLE TO DETERMINE,UNABLE TO DETERMINE,9400,S,COMMERCIAL AVE,423,,,,Y,UNKNOWN,Y,2,NO INDICATION OF INJURY,0,0,0,0,0,3,0,14,6,8,41.7244205106,-87.5512688567,POINT (-87.551268856739 41.724420510645)
be0543c561e590cfd515f81ce3a2647f84ebf46425bc67427b24aa11d1db02222a293327f885791b2346cb9de2851f8ed8883695c858daf411d768553299819b,,08/22/2025 02:30:00 PM,30,NO CONTROLS,NO CONTROLS,CLEAR,DAYLIGHT,PARKED MOTOR VEHICLE,PARKING LOT,,STRAIGHT AND LEVEL,DRY,NO DEFECTS,NOT ON SCENE (DESK REPORT),NO INJURY / DRIVE AWAY,,Y,,"OVER $1,500",08/22/2025 03:30:00 PM,UNABLE TO DETERMINE,NOT APPLICABLE,1340,S,CANAL ST,124,,,,,,,2,NO INDICATION OF INJURY,0,0,0,0,0,1,0,14,6,8,41.8645211937,-87.6393040996,POINT (-87.639304099636 41.864521193744)
bedfe83d0c852f7956889d830bf19900375fb6431a5287c00e58e176a685d9358c35f334d60c65f73bf95bc1857abbcc83ac41c8d29821896df526f2e6a3a277,,08/22/2025 02:30:00 PM,30,NO CONTROLS,NO CONTROLS,CLEAR,DAYLIGHT,REAR END,DIVIDED - W/MEDIAN (NOT RAISED),,STRAIGHT AND LEVEL,DRY,NO DEFECTS,NOT ON SCENE (DESK REPORT),NO INJURY / DRIVE AWAY,,,,"$501 - $1,500",08/22/2025 03:15:00 PM,FAILING TO REDUCE SPEED TO AVOID CRASH,FOLLOWING TOO CLOSELY,6740,W,DIVERSEY AVE,2511,,,,,,,2,NO INDICATION OF INJURY,0,0,0,0,0,2,0,14,6,8,41.9310049716,-87.7946986466,POINT (-87.7946986466 41.931004971567)
539ad6e2eb83906d3bc7337f76c42f7035a9434b03aa05ad6f011edf8c1d1d0c8d3a9e892a4d79a4347f0c6d62d19142ea5ea2ca05a9edc10509e803194dbf25,,08/22/2025 02:25:00 PM,30,NO CONTROLS,NO CONTROLS,CLEAR,DAYLIGHT,TURNING,T-INTERSECTION,,STRAIGHT AND LEVEL,DRY,NO DEFECTS,ON SCENE,INJURY AND / OR TOW DUE TO CRASH,Y,,,"OVER $1,500",08/22/2025 02:30:00 PM,"VISION OBSCURED (SIGNS, TREE LIMBS, BUILDINGS, ETC.)",NOT APPLICABLE,1116,N,KEDZIE AVE,1121,,,,,,,3,NO INDICATION OF INJURY,0,0,0,0,0,2,0,14,6,8,41.9015659678,-87.7068964134,POINT (-87.706896413395 41.901565967759)
cd47e1282bf72c12c911cddc243f0365996c054212a22b55129b84def3b4dd5373aeb236a972a1fe52159bc6fdd5589494bfa38e04ec24a906ee252397a65c88,,08/22/2025 02:25:00 PM,30,TRAFFIC SIGNAL,FUNCTIONING PROPERLY,CLEAR,DAYLIGHT,REAR END,DIVIDED - W/MEDIAN (NOT RAISED),,STRAIGHT AND LEVEL,DRY,UNKNOWN,NOT ON SCENE (DESK REPORT),INJURY AND / OR TOW DUE TO CRASH,,,Y,"OVER $1,500",08/22/2025 03:30:00 PM,FOLLOWING TOO CLOSELY,NOT APPLICABLE,2337,W,NORTH AVE,1424,,,,,,,2,"REPORTED, NOT EVIDENT",1,0,0,0,1,1,0,14,6,8,41.9102260624,-87.6862258471,POINT (-87.686225847095 41.910226062381)
9798f0a1b3d4bf4b5693b7bc2ce879c40ad821ec5247ec36922ef950394b03f2d1bb3be327fe2af6f25b54def8f346aa19f6647849bd90f973df4d2674428f11,,08/22/2025 02:20:00 PM,30,NO CONTROLS,NO CONTROLS,CLEAR,DAYLIGHT,ANGLE,PARKING LOT,,STRAIGHT AND LEVEL,DRY,NO DEFECTS,NOT ON SCENE (DESK REPORT),NO INJURY / DRIVE AWAY,,Y,,"OVER $1,500",08/22/2025 03:10:00 PM,IMPROPER BACKING,NOT APPLICABLE,6401,N,CLARK ST,2432,,,,,,,2,NO INDICATION OF INJURY,0,0,0,0,0,2,0,14,6,8,41.9981457245,-87.6704630237,POINT (-87.670463023676 41.998145724489)
82db95c8ce7c787bc877794a362c1e476c3e0e32060097b4c592a261290a4375faf41a4a5e49a51a56621145dbc52d1ffbd11232f57991a482251e57ad536a31,,08/22/2025 02:15:00 PM,30,UNKNOWN,UNKNOWN,UNKNOWN,DAYLIGHT,REAR END,DIVIDED - W/MEDIAN (NOT RAISED),,STRAIGHT AND LEVEL,UNKNOWN,UNKNOWN,NOT ON SCENE (DESK REPORT),NO INJURY / DRIVE AWAY,,,,"$501 - $1,500",08/22/2025 04:30:00 PM,UNABLE TO DETERMINE,NOT APPLICABLE,6451,N,RIDGE BLVD,2432,,,,,,,2,NO INDICATION OF INJURY,0,0,0,0,0,2,0,14,6,8,41.9993792138,-87.6773322607,POINT (-87.677332260688 41.999379213802)
a9952eef34c6eba4bfec35c5572863c86ffc1d4bfecb2136893a79f478984918c694c3d2b6a1d5ff1f7598e38d9745b1c9acb09f73342874637f1984ad51acc3,,08/22/2025 02:15:00 PM,30,TRAFFIC SIGNAL,FUNCTIONING PROPERLY,CLEAR,DAYLIGHT,TURNING,DIVIDED - W/MEDIAN (NOT RAISED),,STRAIGHT AND LEVEL,DRY,NO DEFECTS,NOT ON SCENE (DESK REPORT),NO INJURY / DRIVE AWAY,,,,"OVER $1,500",08/22/2025 06:00:00 PM,UNABLE TO DETERMINE,NOT APPLICABLE,801,W,DIVISION ST,1822,,,,,,,2,NO INDICATION OF INJURY,0,0,0,0,0,2,0,14,6,8,41.9035260921,-87.648159783,POINT (-87.648159783038 41.903526092119)
e5711f6b54d15a40189428ca994d42d272cc42c24e8a94b9e3d34fe172bc107d8655e533ea93d32e927cce5e62b4c341a80061cbb600ad0db1c08702154ef409,,08/22/2025 02:15:00 PM,30,NO CONTROLS,NO CONTROLS,CLEAR,DAYLIGHT,SIDESWIPE SAME DIRECTION,DIVIDED - W/MEDIAN (NOT RAISED),,STRAIGHT AND LEVEL,UNKNOWN,UNKNOWN,NOT ON SCENE (DESK REPORT),NO INJURY / DRIVE AWAY,,,,$500 OR LESS,08/22/2025 03:20:00 PM,FAILING TO YIELD RIGHT-OF-WAY,FAILING TO REDUCE SPEED TO AVOID CRASH,110,S,LA SALLE ST,122,,,,,,,2,NO INDICATION OF INJURY,0,0,0,0,0,2,0,14,6,8,41.8803595291,-87.6324662034,POINT (-87.632466203392 41.880359529142)
4cabdcf87bbe9f25fe691c5fd609125d2379efb055d76e00395b83daa72060eb265d6cc3bbede0f251504dce4ed6ea9384939ee796dd4aba6741e3732a58c88a,,08/22/2025 02:10:00 PM,30,TRAFFIC SIGNAL,FUNCTIONING PROPERLY,CLEAR,DAYLIGHT,REAR END,NOT DIVIDED,,STRAIGHT AND LEVEL,DRY,NO DEFECTS,NOT ON SCENE (DESK REPORT),NO INJURY / DRIVE AWAY,,,,"OVER $1,500",08/22/2025 02:22:00 PM,FOLLOWING TOO CLOSELY,UNABLE TO DETERMINE,5124,W,NORTH AVE,2533,,,,,,,2,NO INDICATION OF INJURY,0,0,0,0,0,2,0,14,6,8,41.9096380722,-87.7536920772,POINT (-87.753692077223 41.909638072211)
a8e12362c9994d4e579a4c70f9cc55b3653c1cd6e9e6075ad383f266256264db65e5555b0d220c5ecd18638335595b6d136430f31017fd7c3765b3cc73384d16,,08/22/2025 02:10:00 PM,15,NO CONTROLS,NO CONTROLS,CLEAR,DAYLIGHT,SIDESWIPE SAME DIRECTION,PARKING LOT,,"CURVE, LEVEL",UNKNOWN,UNKNOWN,NOT ON SCENE (DESK REPORT),NO INJURY / DRIVE AWAY,,Y,,"OVER $1,500",08/22/2025 02:45:00 PM,FAILING TO YIELD RIGHT-OF-WAY,NOT APPLICABLE,1725,W,HARRISON ST,1231,,,,,,,2,NO INDICATION OF INJURY,0,0,0,0,0,2,0,14,6,8,41.8740163353,-87.6702608284,POINT (-87.670260828397 41.874016335282)
9f6e7743e3ec9dd70e012a264917d1133a84ff694745452a2cda4a23393e93ac0dc78e5b247801a926d26dee38e664c3fb08a7859d322e9c324af3d54fd2d61b,,08/22/2025 02:07:00 PM,30,PEDESTRIAN CROSSING SIGN,FUNCTIONING PROPERLY,CLEAR,DAYLIGHT,PEDESTRIAN,DIVIDED - W/MEDIAN (NOT RAISED),,STRAIGHT AND LEVEL,DRY,NO DEFECTS,ON SCENE,INJURY AND / OR TOW DUE TO CRASH,Y,,,"OVER $1,500",08/22/2025 02:30:00 PM,FAILING TO YIELD RIGHT-OF-WAY,FAILING TO YIELD RIGHT-OF-WAY,3100,W,IRVING PARK RD,1724,,,,,,,2,INCAPACITATING INJURY,1,0,1,0,0,1,0,14,6,8,41.9540449461,-87.7056363754,POINT (-87.705636375404 41.954044946135)
1bf82125b8fafa5911ee341cbb283bc15904f094309bf9cb9a460f30ac10700593289afdef9e520644a5b39a65e9a5afc0042d356a093ad6e69a685d6a6541bd,,08/22/2025 02:00:00 PM,30,NO CONTROLS,NO CONTROLS,CLEAR,DAYLIGHT,REAR END,DIVIDED - W/MEDIAN (NOT RAISED),,STRAIGHT AND LEVEL,DRY,NO DEFECTS,NOT ON SCENE (DESK REPORT),NO INJURY / DRIVE AWAY,,,,"OVER $1,500",08/22/2025 07:20:00 PM,FOLLOWING TOO CLOSELY,FAILING TO YIELD RIGHT-OF-WAY,153,W,NORTH AVE,1821,,,,,,,2,NO INDICATION OF INJURY,0,0,0,0,0,2,0,14,6,8,41.9110521811,-87.6337552565,POINT (-87.633755256532 41.911052181077)
29868c0fad1ac6b65f003288eedd2a5829fcb7e2bb119a1242e75ffd0d5714064e2eb858fd40ef1bbc3eda455338932f125ad8c3b3c60f2de9152aef2e32c296,,08/22/2025 02:00:00 PM,30,NO CONTROLS,NO CONTROLS,CLEAR,DAYLIGHT,REAR TO FRONT,NOT DIVIDED,,STRAIGHT AND LEVEL,DRY,NO DEFECTS,NOT ON SCENE (DESK REPORT),NO INJURY / DRIVE AWAY,,,,"OVER $1,500",08/22/2025 02:20:00 PM,IMPROPER BACKING,NOT APPLICABLE,6254,N,MAGNOLIA AVE,2433,,,,,,,2,NO INDICATION OF INJURY,0,0,0,0,0,3,0,14,6,8,41.9961576727,-87.6618857284,POINT (-87.661885728448 41.996157672663)
d2c8107ed9d61fb41cbbe01622769fc29089b3b34773e730a735c1b2f582147d2b0a086c567f918e6b80656a2e1af3079c173b66de91f5c4b1b57b321ba98fce,,08/22/2025 02:00:00 PM,30,NO CONTROLS,UNKNOWN,CLEAR,DAYLIGHT,SIDESWIPE SAME DIRECTION,ONE-WAY,,STRAIGHT AND LEVEL,DRY,UNKNOWN,NOT ON SCENE (DESK REPORT),NO INJURY / DRIVE AWAY,,,,"OVER $1,500",08/22/2025 03:00:00 PM,IMPROPER TURNING/NO SIGNAL,NOT APPLICABLE,7432,S,LAFAYETTE AVE,731,,,,,,,2,NO INDICATION OF INJURY,0,0,0,0,0,2,0,14,6,8,41.7589732553,-87.6265380119,POINT (-87.626538011876 41.758973255326)
ef4007671e36fe057db8ff7a666e8ddd7289fbc6266bafd65ed10048a5c3f29dc5c5ddd4d0012dee6bcb954f2ede29628949bd7137f099fe50884cd544b89d60,Y,08/22/2025 02:00:00 PM,20,NO CONTROLS,NO CONTROLS,CLEAR,DAYLIGHT,PARKED MOTOR VEHICLE,ONE-WAY,,STRAIGHT AND LEVEL,DRY,NO DEFECTS,NOT ON SCENE (DESK REPORT),NO INJURY / DRIVE AWAY,,,Y,"OVER $1,500",08/22/2025 02:40:00 PM,UNABLE TO DETERMINE,UNABLE TO DETERMINE,4026,W,MONROE ST,1115,,,,,,,2,NO INDICATION OF INJURY,0,0,0,0,0,1,0,14,6,8,41.8798572393,-87.7267505474,POINT (-87.726750547377 41.879857239289)
527b61b6278a45eecd0d1e3f0f791f01bf390375d043e526888bec6ba0090a5092e9534fe2c36e5c13ea53e083f244aed1fa6aa8110a0899f4b88d32f7d076f5,,08/22/2025 01:58:00 PM,25,NO CONTROLS,NO CONTROLS,CLEAR,DAYLIGHT,PEDESTRIAN,NOT DIVIDED,,STRAIGHT AND LEVEL,DRY,NO DEFECTS,ON SCENE,INJURY AND / OR TOW DUE TO CRASH,,,,$500 OR LESS,08/22/2025 04:59:00 PM,UNABLE TO DETERMINE,NOT APPLICABLE,515,E,51ST ST,233,,Y,,,,,2,"REPORTED, NOT EVIDENT",1,0,0,0,1,1,0,13,6,8,41.8020268289,-87.6134700629,POINT (-87.613470062878 41.802026828928)
1b0bed38df4a77b6332e8c5344c59ccd1fb1eedbb2efc62dbf170fa14d1fa0e00e7237769f71f32611e6df0f5fd1d9b819838df4ed3979f7bbb97bb05c0b6e84,,08/22/2025 01:55:00 PM,30,TRAFFIC SIGNAL,FUNCTIONING PROPERLY,CLEAR,DAYLIGHT,TURNING,FOUR WAY,,STRAIGHT AND LEVEL,DRY,NO DEFECTS,ON SCENE,INJURY AND / OR TOW DUE TO CRASH,Y,,,"OVER $1,500",08/22/2025 02:43:00 PM,FAILING TO YIELD RIGHT-OF-WAY,FAILING TO REDUCE SPEED TO AVOID CRASH,5200,N,CENTRAL AVE,1622,,,,,,,2,"REPORTED, NOT EVIDENT",1,0,0,0,1,1,0,13,6,8,41.9757299348,-87.7686265815,POINT (-87.768626581471 41.975729934848)
ba464c3f54d32c23bce14e8e578fe01749b217466afaff3185ef00fbe6e60dc882d8653063144cffd0b793bf07860db60c868e782a9ec5ae977f7b1bc5d5c098,,08/22/2025 01:53:00 PM,15,NO CONTROLS,NO CONTROLS,CLEAR,DAYLIGHT,ANGLE,PARKING LOT,,STRAIGHT AND LEVEL,DRY,NO DEFECTS,NOT ON SCENE (DESK REPORT),NO INJURY / DRIVE AWAY,,,,"OVER $1,500",08/22/2025 02:09:00 PM,UNABLE TO DETERMINE,UNABLE TO DETERMINE,1753,E,95TH ST,431,,,,,,,2,NO INDICATION OF INJURY,0,0,0,0,0,2,0,13,6,8,41.7222932893,-87.5804324685,POINT (-87.58043246847 41.722293289262)
8caff3260bdf2fdd5f0489e7b165c054b071271f059ff4552b392138c39e5e37160fdd31e7e77520bd1f8d3152d83fdc5ef9f3609f608f731727f3f954e4d015,,08/22/2025 01:50:00 PM,30,TRAFFIC SIGNAL,FUNCTIONING PROPERLY,CLOUDY/OVERCAST,DAYLIGHT,ANGLE,ONE-WAY,,STRAIGHT AND LEVEL,DRY,UNKNOWN,ON SCENE,INJURY AND / OR TOW DUE TO CRASH,Y,,,"OVER $1,500",08/22/2025 03:51:00 PM,IMPROPER OVERTAKING/PASSING,IMPROPER OVERTAKING/PASSING,502,E,ILLINOIS ST,1834,,,,,,,2,NONINCAPACITATING INJURY,1,0,0,1,0,2,0,13,6,8,41.8912095104,-87.6150357732,POINT (-87.615035773194 41.891209510419)
d4da6b5e0b448b0fd6492ccd0d738f8f6708b8476f6ee4f0cf9a50628021b54ced10150693a7e3f6d342378b61c91b9aa2a0dc8f0e2a66984e72404e61fa859a,,08/22/2025 01:45:00 PM,25,NO CONTROLS,NO CONTROLS,CLEAR,DAYLIGHT,SIDESWIPE SAME DIRECTION,NOT DIVIDED,,STRAIGHT AND LEVEL,DRY,NO DEFECTS,NOT ON SCENE (DESK REPORT),NO INJURY / DRIVE AWAY,,,,"$501 - $1,500",08/22/2025 02:00:00 PM,UNABLE TO DETERMINE,UNABLE TO DETERMINE,2600,W,26TH ST,1034,,,,,,,2,NO INDICATION OF INJURY,0,0,0,0,0,2,0,13,6,8,41.8448648875,-87.6904137885,POINT (-87.69041378852 41.84486488751)
c7b747c4eee41cfbf9289018e47cf79c0399888d0526e5f26fa9c51eae1ce6005f8f8cc1747e2f1881fdd64d23e67669abacc4d1df7fce6da7d88b71c71fa858,,08/22/2025 01:40:00 PM,30,TRAFFIC SIGNAL,FUNCTIONING PROPERLY,CLEAR,DAYLIGHT,REAR END,FOUR WAY,,STRAIGHT AND LEVEL,DRY,NO DEFECTS,NOT ON SCENE (DESK REPORT),NO INJURY / DRIVE AWAY,,,,"$501 - $1,500",08/22/2025 02:30:00 PM,FAILING TO REDUCE SPEED TO AVOID CRASH,FOLLOWING TOO CLOSELY,4200,W,GRAND AVE,2534,,,,,,,2,NO INDICATION OF INJURY,0,0,0,0,0,2,0,13,6,8,41.9082555487,-87.7313611584,POINT (-87.73136115844 41.90825554869)
12b39dcd773fecdca838c99c032108815fd44e33c61900dfa030f7c76d702f19d833b51aa138cfabdbb39c6f7f0e55663287498adeb6a5a678cd36768e13d024,,08/22/2025 01:35:00 PM,30,NO CONTROLS,NO CONTROLS,CLEAR,DAYLIGHT,REAR END,NOT DIVIDED,,STRAIGHT AND LEVEL,DRY,NO DEFECTS,ON SCENE,NO INJURY / DRIVE AWAY,,,,"OVER $1,500",08/22/2025 01:50:00 PM,UNABLE TO DETERMINE,NOT APPLICABLE,3719,S,WESTERN BLVD,912,,,,,,,2,NO INDICATION OF INJURY,0,0,0,0,0,2,0,13,6,8,41.8259078943,-87.6841907223,POINT (-87.684190722346 41.82590789431)
3c57057e2468e133baa5e2334402be42abf32c0f103ea0315dae43b0948810afd0b26cae7ba6e304f32d88b7c1055a0bec05fe73936d0a76f2b01d020455a58e,,08/22/2025 01:35:00 PM,30,TRAFFIC SIGNAL,FUNCTIONING PROPERLY,CLEAR,DAYLIGHT,REAR END,NOT DIVIDED,,STRAIGHT AND LEVEL,DRY,NO DEFECTS,NOT ON SCENE (DESK REPORT),NO INJURY / DRIVE AWAY,,,,"OVER $1,500",08/22/2025 01:40:00 PM,FOLLOWING TOO CLOSELY,NOT APPLICABLE,1201,W,79TH ST,612,,,,,,,2,NO INDICATION OF INJURY,0,0,0,0,0,2,0,13,6,8,41.7503869967,-87.6537963646,POINT (-87.653796364634 41.750386996736)
0b307bb55d774341b5f2d0b1d5f6ddf60e8f2874d1ddc94d5aad7296523aa409074b602f8e6aa6c223853b5057e5fee19f93b67f92127eb0b8c80ee29b0dc94a,,08/22/2025 01:30:00 PM,30,NO CONTROLS,NO CONTROLS,CLEAR,DAYLIGHT,SIDESWIPE SAME DIRECTION,NOT DIVIDED,,STRAIGHT AND LEVEL,DRY,NO DEFECTS,NOT ON SCENE (DESK REPORT),NO INJURY / DRIVE AWAY,,,,"$501 - $1,500",08/22/2025 04:15:00 PM,UNABLE TO DETERMINE,NOT APPLICABLE,8941,S,WESTERN AVE,2221,,,,,,,2,NO INDICATION OF INJURY,0,0,0,0,0,2,0,13,6,8,41.7306565667,-87.682216898,POINT (-87.682216897976 41.730656566664)
a9cef656e5ab27daf73a0b64660bde17269ca055c27194e467fc2c7bfd8012691078c232c4401191713463293fc2eb99f7fa01fe024d68bb5c95f9e720f56e9c,N,08/22/2025 01:30:00 PM,30,NO CONTROLS,NO CONTROLS,UNKNOWN,DAYLIGHT,REAR TO SIDE,PARKING LOT,,STRAIGHT AND LEVEL,UNKNOWN,UNKNOWN,NOT ON SCENE (DESK REPORT),NO INJURY / DRIVE AWAY,,,,"$501 - $1,500",08/27/2025 11:55:00 PM,IMPROPER BACKING,NOT APPLICABLE,10000,W,OHARE ST,1651,,,,,,,2,NO INDICATION OF INJURY,0,0,0,0,0,2,0,13,6,8,41.976201139,-87.9053091251,POINT (-87.905309125103 41.976201139024)
e8140e48d5d27d1cabe0e8e43c68728454086947cc533b2f20c758112efdb67d298182b35f06530537b835dae4ae1dbc92d4db54562a1ae3d007cdf8ce47d9dd,,08/22/2025 01:20:00 PM,15,NO CONTROLS,NO CONTROLS,CLEAR,DAYLIGHT,REAR TO SIDE,PARKING LOT,,STRAIGHT AND LEVEL,DRY,NO DEFECTS,NOT ON SCENE (DESK REPORT),NO INJURY / DRIVE AWAY,,,,"$501 - $1,500",08/22/2025 02:20:00 PM,UNABLE TO DETERMINE,NOT APPLICABLE,6040,N,PULASKI RD,1711,,,,,,,2,NO INDICATION OF INJURY,0,0,0,0,0,2,0,13,6,8,41.9913103403,-87.7290119241,POINT (-87.729011924062 41.991310340253)