CRASH_RECORD_ID,CRASH_DATE_EST_I,CRASH_DATE,POSTED_SPEED_LIMIT,TRAFFIC_CONTROL_DEVICE,DEVICE_CONDITION,WEATHER_CONDITION,LIGHTING_CONDITION,FIRST_CRASH_TYPE,TRAFFICWAY_TYPE,LANE_CNT,ALIGNMENT,ROADWAY_SURFACE_COND,ROAD_DEFECT,REPORT_TYPE,CRASH_TYPE,INTERSECTION_RELATED_I,NOT_RIGHT_OF_WAY_I,HIT_AND_RUN_I,DAMAGE,DATE_POLICE_NOTIFIED,PRIM_CONTRIBUTORY_CAUSE,SEC_CONTRIBUTORY_CAUSE,STREET_NO,STREET_DIRECTION,STREET_NAME,BEAT_OF_OCCURRENCE,PHOTOS_TAKEN_I,STATEMENTS_TAKEN_I,DOORING_I,WORK_ZONE_I,WORK_ZONE_TYPE,WORKERS_PRESENT_I,NUM_UNITS,MOST_SEVERE_INJURY,INJURIES_TOTAL,INJURIES_FATAL,INJURIES_INCAPACITATING,INJURIES_NON_INCAPACITATING,INJURIES_REPORTED_NOT_EVIDENT,INJURIES_NO_INDICATION,INJURIES_UNKNOWN,CRASH_HOUR,CRASH_DAY_OF_WEEK,CRASH_MONTH,LATITUDE,LONGITUDE,LOCATION
f173a158e013c58af8f4593b923486128f8f2621831ef3f5f506141ebc64f9e667aa7f55b7f4a99a8440f98474d3637f4e61286ed6c2bc41593f240247ade335,Y,08/22/2025 01:20:00 PM,30,NO CONTROLS,NO CONTROLS,CLEAR,DAYLIGHT,PARKED MOTOR VEHICLE,NOT DIVIDED,,STRAIGHT AND LEVEL,DRY,NO DEFECTS,NOT ON SCENE (DESK REPORT),NO INJURY / DRIVE AWAY,,,,"OVER $1,500",08/22/2025 02:47:00 PM,NOT APPLICABLE,NOT APPLICABLE,2520,N,NARRAGANSETT AVE,2512,,,,,,,2,NO INDICATION OF INJURY,0,0,0,0,0,2,0,13,6,8,41.9262969563,-87.785694824,POINT (-87.785694823992 41.926296956326)
89c8bd0811efafeb2d4a4b9824beed5eb74eb751150ea9d9282332b87164c2ed23c5759185298db09f9fb688cc812eb9e12dd127af87cd89494a997f3120e099,,08/22/2025 01:15:00 PM,30,TRAFFIC SIGNAL,UNKNOWN,CLEAR,DAYLIGHT,PEDALCYCLIST,FOUR WAY,,STRAIGHT AND LEVEL,DRY,NO DEFECTS,NOT ON SCENE (DESK REPORT),NO INJURY / DRIVE AWAY,Y,,Y,"OVER $1,500",08/22/2025 03:36:00 PM,UNABLE TO DETERMINE,NOT APPLICABLE,7900,S,VINCENNES AVE,621,,,,,,,2,NO INDICATION OF INJURY,0,0,0,0,0,2,0,13,6,8,41.7507503867,-87.6343843454,POINT (-87.634384345423 41.750750386696)
1447c6103c7422a8264fa0ca0a4c01ff058d443f00e9e12118efbda8463449bad1dbffe17eed8d68f90c84ffe645820fe74cc10ffd3aaa956c986041d7518408,,08/22/2025 01:08:00 PM,30,TRAFFIC SIGNAL,FUNCTIONING PROPERLY,CLEAR,DAYLIGHT,REAR END,NOT DIVIDED,,STRAIGHT AND LEVEL,DRY,NO DEFECTS,ON SCENE,NO INJURY / DRIVE AWAY,Y,,,"OVER $1,500",08/22/2025 01:38:00 PM,FOLLOWING TOO CLOSELY,NOT APPLICABLE,1330,N,ASHLAND AVE,1433,,,,,,,2,NO INDICATION OF INJURY,0,0,0,0,0,2,0,13,6,8,41.9059635994,-87.6677108633,POINT (-87.667710863286 41.905963599424)
7ada2c87b427bc4e1327e3b68b1141ac96afc3cdba16fef69539e16974b6de492269170772a84337e0f773b1347107913150fec1333c92ca808ffc1fe3aa2fe1,,08/22/2025 01:06:00 PM,30,NO CONTROLS,NO CONTROLS,CLEAR,DAYLIGHT,PARKED MOTOR VEHICLE,NOT DIVIDED,,STRAIGHT AND LEVEL,DRY,NO DEFECTS,ON SCENE,NO INJURY / DRIVE AWAY,,,,"$501 - $1,500",08/22/2025 01:07:00 PM,DRIVING SKILLS/KNOWLEDGE/EXPERIENCE,NOT APPLICABLE,3504,N,LONG AVE,1633,,,,,,,2,NO INDICATION OF INJURY,0,0,0,0,0,1,0,13,6,8,41.9442827634,-87.7619278228,POINT (-87.761927822788 41.944282763401)
6199eb0a8cd973ff70cbf0e9dd5a37b91d42bdd3ae0618e0ccbcc95d122c3ae5a8fa38fe54e0ae561656b06c3a83456de58a0c7a3a908a7a99eed459260d060c,,08/22/2025 01:03:00 PM,30,NO CONTROLS,NO CONTROLS,CLEAR,DAYLIGHT,REAR END,DIVIDED - W/MEDIAN (NOT RAISED),,STRAIGHT AND LEVEL,DRY,NO DEFECTS,NOT ON SCENE (DESK REPORT),INJURY AND / OR TOW DUE TO CRASH,,,,"OVER $1,500",08/22/2025 01:05:00 PM,FOLLOWING TOO CLOSELY,NOT APPLICABLE,7904,S,VINCENNES AVE,621,,,,,,,2,NONINCAPACITATING INJURY,3,0,0,3,0,0,0,13,6,8,41.7506195105,-87.6344092994,POINT (-87.634409299373 41.750619510464)
f4d9b48a2450e301356da283606fe7079b2a3769361d60424a75ca87ccdc91c29bab6b559828956aca71cf1e393fb844614c5b4b9eca38710f7b0b9649ad44a4,,08/22/2025 01:00:00 PM,30,TRAFFIC SIGNAL,FUNCTIONING PROPERLY,CLEAR,DAYLIGHT,TURNING,FOUR WAY,,STRAIGHT AND LEVEL,DRY,NO DEFECTS,NOT ON SCENE (DESK REPORT),NO INJURY / DRIVE AWAY,Y,,,"OVER $1,500",08/22/2025 01:40:00 PM,IMPROPER TURNING/NO SIGNAL,NOT APPLICABLE,5701,N,BROADWAY,2022,,,,Y,CONSTRUCTION,,2,NO INDICATION OF INJURY,0,0,0,0,0,2,0,13,6,8,41.9854791879,-87.6599788425,POINT (-87.659978842493 41.985479187915)
5c6fd3d1cef8f5534f5327ed086b5d3cfac110859f2565082ec4d406363543852c7d8224b0c5978c3c966c6a0cea9b3c8123aadf14f2e26bd855793e9fa23866,,08/22/2025 12:56:00 PM,30,PEDESTRIAN CROSSING SIGN,NO CONTROLS,CLEAR,DAYLIGHT,REAR END,NOT DIVIDED,,STRAIGHT AND LEVEL,DRY,NO DEFECTS,ON SCENE,INJURY AND / OR TOW DUE TO CRASH,,,Y,"OVER $1,500",08/22/2025 02:04:00 PM,UNABLE TO DETERMINE,UNABLE TO DETERMINE,1150,E,55TH ST,233,,,,,,,3,NO INDICATION OF INJURY,0,0,0,0,0,3,0,12,6,8,41.7951658348,-87.5975995936,POINT (-87.597599593571 41.79516583476)
1a7b172610137436722235316d1349de53e37e2ba9135edf027ea0397b7618c25dc39562e4cb25d67b2b4584efae46ea1a71b131334a8af5fcad7471c65dc26b,,08/22/2025 12:55:00 PM,30,NO CONTROLS,NO CONTROLS,CLEAR,DAYLIGHT,TURNING,NOT DIVIDED,,STRAIGHT AND LEVEL,DRY,NO DEFECTS,ON SCENE,NO INJURY / DRIVE AWAY,Y,,,"OVER $1,500",08/22/2025 12:55:00 PM,IMPROPER TURNING/NO SIGNAL,DRIVING SKILLS/KNOWLEDGE/EXPERIENCE,4483,S,ARCHER AVE,821,,,,,,,2,NO INDICATION OF INJURY,0,0,0,0,0,2,0,12,6,8,41.8116776194,-87.7079411073,POINT (-87.707941107334 41.811677619437)
6e08e1f1c7167b9ef2d7e53ce0fe8931a95630b5706e1e4047441962fe7289b2d4c63325d8895c468c44d6ed7be5d089410e0456591d7c09b0c0d5c255b57c72,,08/22/2025 12:53:00 PM,30,NO CONTROLS,NO CONTROLS,CLEAR,DAYLIGHT,TURNING,NOT DIVIDED,,STRAIGHT AND LEVEL,DRY,NO DEFECTS,ON SCENE,INJURY AND / OR TOW DUE TO CRASH,Y,,,"OVER $1,500",08/22/2025 12:59:00 PM,IMPROPER LANE USAGE,DRIVING SKILLS/KNOWLEDGE/EXPERIENCE,3100,N,CENTRAL AVE,2514,,,,,,,2,NONINCAPACITATING INJURY,1,0,0,1,0,1,0,12,6,8,41.936840895,-87.7665848241,POINT (-87.76658482413 41.936840894992)
1f694be9318de54d214b770c517635115e5be9f80552868350f857033178d9f5894762cd77ce11266813443d2fd32c7ecab5a1fc32aa77fa57801e19366bfd6f,,08/22/2025 12:51:00 PM,30,NO CONTROLS,NO CONTROLS,CLEAR,DAYLIGHT,SIDESWIPE SAME DIRECTION,NOT DIVIDED,,STRAIGHT AND LEVEL,DRY,NO DEFECTS,NOT ON SCENE (DESK REPORT),NO INJURY / DRIVE AWAY,,,,"OVER $1,500",08/22/2025 02:20:00 PM,UNABLE TO DETERMINE,UNABLE TO DETERMINE,633,N,MICHIGAN AVE,1834,,,,,,,2,NO INDICATION OF INJURY,0,0,0,0,0,3,0,12,6,8,41.8935582259,-87.6240740878,POINT (-87.624074087765 41.893558225922)
b2c650d35e13667b8cb640c39cde4b8a50ae1ddfe4722fc7f92a9b7dd57b8b9dc68ddefc7cba87e51d048ff9d7a3c94bed347945629f8a3e804e12c646a68fe5,,08/22/2025 12:45:00 PM,30,TRAFFIC SIGNAL,UNKNOWN,UNKNOWN,UNKNOWN,REAR END,FOUR WAY,,STRAIGHT AND LEVEL,UNKNOWN,UNKNOWN,NOT ON SCENE (DESK REPORT),NO INJURY / DRIVE AWAY,Y,,,"$501 - $1,500",08/22/2025 04:30:00 PM,UNABLE TO DETERMINE,NOT APPLICABLE,5401,N,ELSTON AVE,1621,,,,,,,2,NO INDICATION OF INJURY,0,0,0,0,0,2,0,12,6,8,41.9795935502,-87.7585892718,POINT (-87.758589271767 41.979593550153)
0cc68ce9f47c563084956b9aaa91cf08245d6d01b590079397ad637893dc48c5b4e8e394a24b9f1485a9fb6abf9556bed36219f9ab75988c9ebc2ca208766cef,Y,08/22/2025 12:40:00 PM,30,STOP SIGN/FLASHER,FUNCTIONING PROPERLY,CLEAR,DAYLIGHT,TURNING,DIVIDED - W/MEDIAN (NOT RAISED),,STRAIGHT AND LEVEL,DRY,NO DEFECTS,ON SCENE,INJURY AND / OR TOW DUE TO CRASH,Y,,,"OVER $1,500",08/22/2025 12:41:00 PM,UNABLE TO DETERMINE,FAILING TO YIELD RIGHT-OF-WAY,4200,S,WESTERN AVE,921,,,,,,,2,NONINCAPACITATING INJURY,2,0,0,2,0,0,0,12,6,8,41.8174198697,-87.6848194757,POINT (-87.684819475725 41.817419869684)
61960033ab4f96d8cbf52520b1fe27940003b26c33a4b5bcc582d234d7ec8f2531c9059fd75b4410f654458eb9fd9acdaafc86256b009a6324afc2af51e687ae,,08/22/2025 12:35:00 PM,30,NO CONTROLS,NO CONTROLS,CLEAR,DAYLIGHT,TURNING,DIVIDED - W/MEDIAN (NOT RAISED),,STRAIGHT AND LEVEL,DRY,UNKNOWN,NOT ON SCENE (DESK REPORT),NO INJURY / DRIVE AWAY,,,,"OVER $1,500",08/22/2025 01:00:00 PM,FAILING TO YIELD RIGHT-OF-WAY,NOT APPLICABLE,2719,N,CALIFORNIA AVE,1411,,,,,,,2,NO INDICATION OF INJURY,0,0,0,0,0,2,0,12,6,8,41.9308784172,-87.6974396575,POINT (-87.697439657518 41.930878417182)
5ad180ac51f2be1f8aff7b5f83d62f738336603f8f9c99095314e2913e09ff7328b88ca1566b851c1a5a4e36dd74cc73c8caf356ee1862773f0b6d0ee2b5a136,,08/22/2025 12:30:00 PM,15,NO CONTROLS,NO CONTROLS,CLEAR,DAYLIGHT,ANGLE,PARKING LOT,,STRAIGHT AND LEVEL,DRY,NO DEFECTS,NOT ON SCENE (DESK REPORT),NO INJURY / DRIVE AWAY,,,,"OVER $1,500",08/22/2025 01:48:00 PM,FAILING TO YIELD RIGHT-OF-WAY,NOT APPLICABLE,7601,S,CICERO AVE,833,,,,,,,2,NO INDICATION OF INJURY,0,0,0,0,0,3,0,12,6,8,41.7546601244,-87.7413847586,POINT (-87.741384758605 41.754660124394)
bf39ce2115b0aef73c6c45920006338b082cbff66832b6d8443d74a4d88e483bd45d1f747151770d3d1dc89ffb593332e5941ccabc73ed0464190e2c98f1cb2e,,08/22/2025 12:30:00 PM,30,TRAFFIC SIGNAL,FUNCTIONING PROPERLY,CLEAR,DAYLIGHT,REAR END,DIVIDED - W/MEDIAN (NOT RAISED),,STRAIGHT AND LEVEL,DRY,NO DEFECTS,NOT ON SCENE (DESK REPORT),NO INJURY / DRIVE AWAY,Y,,,$500 OR LESS,08/22/2025 05:10:00 PM,UNABLE TO DETERMINE,UNABLE TO DETERMINE,2800,N,MILWAUKEE AVE,1412,,,,,,,2,NO INDICATION OF INJURY,0,0,0,0,0,2,0,12,6,8,41.9319243438,-87.7123813859,POINT (-87.712381385897 41.931924343765)
670610c23a713826c5bcd4367bac9d1ecbcc3ed04254d2adc7882047782cac7854b8d181cd178d7143ee85a2202f63571e2693ef40720ae5f9dc517502c26240,,08/22/2025 12:28:00 PM,15,NO CONTROLS,NO CONTROLS,UNKNOWN,DAYLIGHT,SIDESWIPE SAME DIRECTION,PARKING LOT,,STRAIGHT AND LEVEL,UNKNOWN,UNKNOWN,NOT ON SCENE (DESK REPORT),NO INJURY / DRIVE AWAY,,Y,,"$501 - $1,500",08/22/2025 01:00:00 PM,UNABLE TO DETERMINE,NOT APPLICABLE,3110,W,DEVON AVE,2412,,,,,,,2,NO INDICATION OF INJURY,0,0,0,0,0,3,0,12,6,8,41.9975319045,-87.7074285253,POINT (-87.707428525306 41.997531904503)
124c899e65c7d23146bf060ceeef98792ea84a53a856441bed2a403a83623394dd0e7fe5b4b476577708f7501664b5044772a643a87bd88c9d90545a6c1a72af,,08/22/2025 12:20:00 PM,25,NO CONTROLS,NO CONTROLS,CLEAR,DAYLIGHT,PARKED MOTOR VEHICLE,ONE-WAY,,STRAIGHT AND LEVEL,DRY,NO DEFECTS,NOT ON SCENE (DESK REPORT),NO INJURY / DRIVE AWAY,,,,$500 OR LESS,08/22/2025 01:40:00 PM,IMPROPER OVERTAKING/PASSING,UNABLE TO DETERMINE,3807,N,BERNARD ST,1732,,,,,,,2,NO INDICATION OF INJURY,0,0,0,0,0,1,0,12,6,8,41.9504574665,-87.7138735275,POINT (-87.71387352747 41.950457466465)
a8cd30e2b857d6d470ac6f6fb54e717c7f2658843dc7ffaea148a4ee4c9aff2e7245236016ce6cdddc90211f6550f583f4052f2cc4ec9db3ada0df1bd1e83c6e,,08/22/2025 12:15:00 PM,30,TRAFFIC SIGNAL,FUNCTIONING PROPERLY,CLEAR,DAYLIGHT,REAR END,T-INTERSECTION,,STRAIGHT AND LEVEL,DRY,NO DEFECTS,ON SCENE,NO INJURY / DRIVE AWAY,,,Y,"OVER $1,500",08/22/2025 12:26:00 PM,FOLLOWING TOO CLOSELY,FAILING TO REDUCE SPEED TO AVOID CRASH,9056,S,VINCENNES AVE,2222,,,,,,,2,NO INDICATION OF INJURY,0,0,0,0,0,2,0,12,6,8,41.7288789605,-87.6480374502,POINT (-87.648037450204 41.728878960541)
0199eb12a59bd8ea3bb1bff72adc8c5e58bdef54ddb65c30fa72168ceb56f969856d6388e20c8d9eeeed70733b65bbc167d2b9ceca5cbb3e71ef388627b9a224,,08/22/2025 12:10:00 PM,30,NO CONTROLS,NO CONTROLS,CLEAR,DARKNESS,TURNING,ONE-WAY,,STRAIGHT AND LEVEL,DRY,NO DEFECTS,,NO INJURY / DRIVE AWAY,Y,,,"OVER $1,500",08/23/2025 02:20:00 AM,UNABLE TO DETERMINE,NOT APPLICABLE,2658,W,IOWA ST,1211,,,,,,,2,NO INDICATION OF INJURY,0,0,0,0,0,2,0,12,6,8,41.8975985881,-87.6941631092,POINT (-87.694163109205 41.897598588137)
5f243bbd36c863c539a062d3dd11f845bedf257fdde73d65d54f427d8a4451e6f133f3e938fa0c43d2b370b8a47703dc42d327e56b68fe8ad98d008332785dc5,,08/22/2025 12:10:00 PM,30,NO CONTROLS,NO CONTROLS,CLEAR,DAYLIGHT,SIDESWIPE SAME DIRECTION,ONE-WAY,,STRAIGHT AND LEVEL,DRY,NO DEFECTS,NOT ON SCENE (DESK REPORT),NO INJURY / DRIVE AWAY,Y,,Y,"OVER $1,500",08/23/2025 02:20:00 AM,UNABLE TO DETERMINE,NOT APPLICABLE,307,S,KEDZIE AVE,1124,,,,,,,2,NO INDICATION OF INJURY,0,0,0,0,0,2,0,12,6,8,41.8770775377,-87.7058603004,POINT (-87.705860300352 41.877077537738)
80459060bb7ce82396479f5adbc5794a11e779aadf89677b658251b08544efc439058a0e65220c04dcf2ce8f0d5ef9c1a701776de2cc8f7535580d0cb3098817,,08/22/2025 12:10:00 PM,35,NO CONTROLS,NO CONTROLS,CLEAR,DAYLIGHT,ANGLE,NOT DIVIDED,,STRAIGHT AND LEVEL,DRY,NO DEFECTS,ON SCENE,NO INJURY / DRIVE AWAY,,,,"OVER $1,500",08/22/2025 12:11:00 PM,FAILING TO YIELD RIGHT-OF-WAY,DRIVING SKILLS/KNOWLEDGE/EXPERIENCE,3949,N,OAK PARK AVE,1632,,,,,,,2,NO INDICATION OF INJURY,0,0,0,0,0,2,0,12,6,8,41.9522656597,-87.7961062214,POINT (-87.796106221408 41.952265659667)
99db3fce0e34aed363e3169e6b3159dcdd73da704780c2824a5f89f7ccf6db0e5ade84ee5a9ee40b840b0b4d8379032022cbab446f6d8d57c58d162fecfda5f1,,08/22/2025 12:10:00 PM,30,TRAFFIC SIGNAL,FUNCTIONING PROPERLY,CLEAR,DAYLIGHT,REAR TO FRONT,NOT DIVIDED,,STRAIGHT AND LEVEL,DRY,NO DEFECTS,NOT ON SCENE (DESK REPORT),NO INJURY / DRIVE AWAY,,,,"OVER $1,500",08/22/2025 12:30:00 PM,IMPROPER BACKING,NOT APPLICABLE,350,N,LARAMIE AVE,1523,,,,,,,2,NO INDICATION OF INJURY,0,0,0,0,0,4,0,12,6,8,41.8871253691,-87.7554673895,POINT (-87.755467389547 41.887125369094)
e4b4b4c1571f8c6e642103f40bff32d1c659fb3ab2c2239c95f6780608d0bbb52ec7530816d19ecbd13071186b82660844d70eb9913819d7404a53b7fc8d3bc9,,08/22/2025 12:04:00 PM,30,TRAFFIC SIGNAL,FUNCTIONING PROPERLY,CLEAR,DAYLIGHT,REAR END,NOT DIVIDED,,STRAIGHT AND LEVEL,DRY,NO DEFECTS,NOT ON SCENE (DESK REPORT),NO INJURY / DRIVE AWAY,,,,"OVER $1,500",08/22/2025 01:50:00 PM,UNABLE TO DETERMINE,NOT APPLICABLE,2785,N,MILWAUKEE AVE,1412,,,,,,,2,NO INDICATION OF INJURY,0,0,0,0,0,4,0,12,6,8,41.9318864719,-87.7118134258,POINT (-87.711813425813 41.931886471877)
26e08e1b4657242b37bbaf9870ee3ad811d225e3cb1a9a97405c8964a5f5bbd4e82220d3926cc9b791a24b33ca1da839f0a7eac54d827bb12ac64b664c33d08f,,08/22/2025 12:00:00 PM,30,UNKNOWN,UNKNOWN,CLEAR,DAYLIGHT,SIDESWIPE SAME DIRECTION,T-INTERSECTION,,STRAIGHT AND LEVEL,DRY,NO DEFECTS,NOT ON SCENE (DESK REPORT),NO INJURY / DRIVE AWAY,,,,"$501 - $1,500",08/22/2025 01:45:00 PM,IMPROPER LANE USAGE,IMPROPER OVERTAKING/PASSING,3605,W,BELMONT AVE,2523,,,,,,,2,NO INDICATION OF INJURY,0,0,0,0,0,2,0,12,6,8,41.9391033783,-87.7176363067,POINT (-87.717636306668 41.939103378317)
c7f8baaface79bf694015f23b3d29cc400f3b313ccb0d8daf41b64d2f1540b47bc5a40bf16c2eb4e48a45c53232f45fc51dc72146556e7753da1b60230af1b68,,08/22/2025 11:46:00 AM,30,TRAFFIC SIGNAL,FUNCTIONING PROPERLY,CLEAR,DAYLIGHT,ANGLE,T-INTERSECTION,,STRAIGHT AND LEVEL,DRY,NO DEFECTS,ON SCENE,NO INJURY / DRIVE AWAY,Y,,,"OVER $1,500",08/22/2025 11:46:00 AM,DISREGARDING TRAFFIC SIGNALS,NOT APPLICABLE,4600,S,ASHLAND AVE,924,,,,,,,2,NO INDICATION OF INJURY,0,0,0,0,0,2,0,11,6,8,41.8103461274,-87.6651655862,POINT (-87.665165586176 41.810346127362)
afe712684d0035ca4bd94b0460e78ddeda3b19658ee54e07bb734a91832f9077650cd8e31cf3ce42461b85d456f8d429e92eb7732e36a8d75fd6a09cdb862366,,08/22/2025 11:45:00 AM,30,NO CONTROLS,NO CONTROLS,CLEAR,DAYLIGHT,PARKED MOTOR VEHICLE,NOT DIVIDED,,STRAIGHT AND LEVEL,DRY,NO DEFECTS,NOT ON SCENE (DESK REPORT),NO INJURY / DRIVE AWAY,,,Y,"OVER $1,500",08/22/2025 12:36:00 PM,UNABLE TO DETERMINE,NOT APPLICABLE,4050,W,WASHINGTON BLVD,1114,,,,,,,2,NO INDICATION OF INJURY,0,0,0,0,0,1,0,11,6,8,41.8821292395,-87.7277314191,POINT (-87.727731419094 41.882129239514)
ee7060f33299e57335db104e4420f8b39953bcf08dfdbc703d13677132214e13efc6bace8a2107b99784bc21a340d5bc7f70cad87678df01d0d06ccd49511e9c,,08/22/2025 11:45:00 AM,30,UNKNOWN,UNKNOWN,CLEAR,DAYLIGHT,REAR END,NOT DIVIDED,,STRAIGHT AND LEVEL,UNKNOWN,UNKNOWN,NOT ON SCENE (DESK REPORT),NO INJURY / DRIVE AWAY,,,,"$501 - $1,500",08/22/2025 12:00:00 PM,UNABLE TO DETERMINE,NOT APPLICABLE,6701,S,KEDZIE AVE,831,,,,,,,2,NO INDICATION OF INJURY,0,0,0,0,0,2,0,11,6,8,41.7716462171,-87.7028204342,POINT (-87.702820434233 41.771646217081)
5487979cc054ab740713c65fab92c48b08696895c8ce734002e1b3cfa590ce2734a7a326a485bab8a078b06c602e1061406b791d17ae15725d28418c5b6ce0a5,Y,08/22/2025 11:40:00 AM,25,NO CONTROLS,NO CONTROLS,CLEAR,DAYLIGHT,SIDESWIPE SAME DIRECTION,DIVIDED - W/MEDIAN (NOT RAISED),,STRAIGHT AND LEVEL,DRY,NO DEFECTS,NOT ON SCENE (DESK REPORT),NO INJURY / DRIVE AWAY,,,Y,"OVER $1,500",08/22/2025 12:40:00 PM,IMPROPER OVERTAKING/PASSING,UNABLE TO DETERMINE,5517,N,LINCOLN AVE,2011,,,,,,,2,NO INDICATION OF INJURY,0,0,0,0,0,3,0,11,6,8,41.9819413089,-87.6929129504,POINT (-87.69291295042 41.981941308854)
5ee7aca8791646dd1857407affa9b66399e38b2ae0b3aafadb69d35cd46920b5753e32357cddca288b84dd525165b08197cf532529355c57fca372226b404983,,08/22/2025 11:40:00 AM,30,NO CONTROLS,NO CONTROLS,CLEAR,DAYLIGHT,PARKED MOTOR VEHICLE,DIVIDED - W/MEDIAN (NOT RAISED),,STRAIGHT AND LEVEL,DRY,NO DEFECTS,ON SCENE,NO INJURY / DRIVE AWAY,,,,$500 OR LESS,08/29/2025 11:40:00 AM,NOT APPLICABLE,NOT APPLICABLE,6131,W,BRYN MAWR AVE,1622,,,,,,,3,NO INDICATION OF INJURY,0,0,0,0,0,4,0,11,6,8,41.9827948761,-87.7816078427,POINT (-87.781607842686 41.982794876094)
296a67ba8549eca5f0c65fa178e464024079ec7217a0cf2d1ba2483e7b7c6b3367598f2b99506500fe7a5271ec7cab246639253e3cb60e901df2024cf55fee02,,08/22/2025 11:38:00 AM,15,NO CONTROLS,NO CONTROLS,CLEAR,DAYLIGHT,PEDALCYCLIST,NOT DIVIDED,,STRAIGHT AND LEVEL,DRY,NO DEFECTS,ON SCENE,INJURY AND / OR TOW DUE TO CRASH,,,,"OVER $1,500",08/22/2025 11:50:00 AM,FOLLOWING TOO CLOSELY,FOLLOWING TOO CLOSELY,1655,E,95TH ST,431,,,,,,,2,NONINCAPACITATING INJURY,1,0,0,1,0,2,0,11,6,8,41.7222631981,-87.5829176346,POINT (-87.582917634619 41.722263198134)
3478a823675b89298e767635e7b2634b4e1bb7425818db69596eb8ff98957d300040af102c96675c061faa3b17d8504659647acefef497458e9c7a0ad5fb1827,,08/22/2025 11:36:00 AM,30,NO CONTROLS,NO CONTROLS,CLEAR,DAYLIGHT,PARKED MOTOR VEHICLE,DIVIDED - W/MEDIAN (NOT RAISED),,STRAIGHT AND LEVEL,DRY,NO DEFECTS,ON SCENE,NO INJURY / DRIVE AWAY,,,Y,$500 OR LESS,08/22/2025 11:36:00 AM,IMPROPER BACKING,UNABLE TO DETERMINE,2610,W,71ST ST,831,,,,,,,2,NO INDICATION OF INJURY,0,0,0,0,0,2,0,11,6,8,41.7647185266,-87.6886592318,POINT (-87.688659231814 41.764718526593)
31a733bc87e314f3170b18a66023630ef53e3cd0d4a1cc816dff94d03df5f04bba299dfdea8f4c5699f0a04a123d0288e2f35194884913170c98b8717bf583fc,,08/22/2025 11:30:00 AM,30,NO CONTROLS,NO CONTROLS,CLEAR,DAYLIGHT,REAR TO FRONT,NOT DIVIDED,,STRAIGHT AND LEVEL,DRY,NO DEFECTS,ON SCENE,NO INJURY / DRIVE AWAY,,,,"OVER $1,500",08/22/2025 11:32:00 AM,IMPROPER BACKING,UNABLE TO DETERMINE,1610,W,FULTON ST,1215,,N,,,,,2,NO INDICATION OF INJURY,0,0,0,0,0,2,0,11,6,8,41.8870298171,-87.6675432761,POINT (-87.667543276129 41.887029817107)
3bde343683eb4480793bf0e62f00869847d9242a9f9dae2c6c41abee36f9073f5dae2a9e94d6d0d4c0ac7c8e5ba94394d27ac8878e3c80e1e4c0d673ceb67baa,,08/22/2025 11:30:00 AM,30,TRAFFIC SIGNAL,FUNCTIONING PROPERLY,CLEAR,DAYLIGHT,TURNING,FOUR WAY,,STRAIGHT AND LEVEL,UNKNOWN,UNKNOWN,NOT ON SCENE (DESK REPORT),NO INJURY / DRIVE AWAY,Y,,,"OVER $1,500",08/22/2025 01:00:00 PM,IMPROPER OVERTAKING/PASSING,NOT APPLICABLE,1945,W,OGDEN AVE,1231,,,,,,,2,NO INDICATION OF INJURY,0,0,0,0,0,3,0,11,6,8,41.873728564,-87.6750654485,POINT (-87.675065448485 41.873728564003)
51b925e4e60a6a9011bffa2c890ef732ae6d5caf0b25fcdd1cdb96bd48b0f06c4861b721a007dd0a8ce8a6cad89fb95d72f34eee29b17f0762d6317e5edee32b,,08/22/2025 11:30:00 AM,30,NO CONTROLS,NO CONTROLS,CLEAR,DAYLIGHT,REAR END,NOT DIVIDED,,STRAIGHT AND LEVEL,DRY,NO DEFECTS,NOT ON SCENE (DESK REPORT),NO INJURY / DRIVE AWAY,,,,"OVER $1,500",08/22/2025 12:07:00 PM,UNABLE TO DETERMINE,UNABLE TO DETERMINE,5500,S,CICERO AVE,813,,,,,,,2,NO INDICATION OF INJURY,0,0,0,0,0,2,0,11,6,8,41.7929108835,-87.742077343,POINT (-87.742077342959 41.792910883497)
5a6a69ec8aa33d6bb554eca326b168b348316902629eb060b1e6737b16f9888c3f39e4d46efcc6376a8533e263c5f95a24ae8d8be5b0b2e3a02a79ab03638f3a,,08/22/2025 11:30:00 AM,30,NO CONTROLS,NO CONTROLS,CLEAR,DAYLIGHT,PARKED MOTOR VEHICLE,DIVIDED - W/MEDIAN (NOT RAISED),,STRAIGHT AND LEVEL,DRY,NO DEFECTS,NOT ON SCENE (DESK REPORT),NO INJURY / DRIVE AWAY,,,,"OVER $1,500",08/22/2025 11:45:00 AM,UNABLE TO DETERMINE,NOT APPLICABLE,2777,N,CLYBOURN AVE,1931,,,,,,,2,NO INDICATION OF INJURY,0,0,0,0,0,1,0,11,6,8,41.9317884845,-87.6773602513,POINT (-87.677360251321 41.931788484502)
feb3ff52ec6e990764cd654c683d6e7bf6f0c5f76cfd824d0e9b526d4a9497ba0214d319a27db8ee98eb828b678f21878c8c2d32b3e47350891bb718272f6877,,08/22/2025 11:30:00 AM,30,NO CONTROLS,NO CONTROLS,CLEAR,DAYLIGHT,PARKED MOTOR VEHICLE,NOT DIVIDED,,STRAIGHT AND LEVEL,DRY,NO DEFECTS,NOT ON SCENE (DESK REPORT),NO INJURY / DRIVE AWAY,,,Y,"OVER $1,500",08/22/2025 12:30:00 PM,UNABLE TO DETERMINE,NOT APPLICABLE,20,S,WACKER DR,122,,,,,,,2,NO INDICATION OF INJURY,0,0,0,0,0,3,0,11,6,8,41.8815642129,-87.6371596696,POINT (-87.63715966955 41.881564212858)