CRASH_RECORD_ID,CRASH_DATE_EST_I,CRASH_DATE,POSTED_SPEED_LIMIT,TRAFFIC_CONTROL_DEVICE,DEVICE_CONDITION,WEATHER_CONDITION,LIGHTING_CONDITION,FIRST_CRASH_TYPE,TRAFFICWAY_TYPE,LANE_CNT,ALIGNMENT,ROADWAY_SURFACE_COND,ROAD_DEFECT,REPORT_TYPE,CRASH_TYPE,INTERSECTION_RELATED_I,NOT_RIGHT_OF_WAY_I,HIT_AND_RUN_I,DAMAGE,DATE_POLICE_NOTIFIED,PRIM_CONTRIBUTORY_CAUSE,SEC_CONTRIBUTORY_CAUSE,STREET_NO,STREET_DIRECTION,STREET_NAME,BEAT_OF_OCCURRENCE,PHOTOS_TAKEN_I,STATEMENTS_TAKEN_I,DOORING_I,WORK_ZONE_I,WORK_ZONE_TYPE,WORKERS_PRESENT_I,NUM_UNITS,MOST_SEVERE_INJURY,INJURIES_TOTAL,INJURIES_FATAL,INJURIES_INCAPACITATING,INJURIES_NON_INCAPACITATING,INJURIES_REPORTED_NOT_EVIDENT,INJURIES_NO_INDICATION,INJURIES_UNKNOWN,CRASH_HOUR,CRASH_DAY_OF_WEEK,CRASH_MONTH,LATITUDE,LONGITUDE,LOCATION
a4e164e5769a6794fdc5de046ac561d40171a92c790a17c7337c02e46363d3c0eedb4ac80152cfa8f2fed66b2398f0615b913cf08f6f757b52c789ab48a4989d,,08/22/2025 11:16:00 AM,30,TRAFFIC SIGNAL,FUNCTIONING PROPERLY,CLEAR,DAYLIGHT,OTHER OBJECT,FOUR WAY,,STRAIGHT AND LEVEL,DRY,NO DEFECTS,ON SCENE,INJURY AND / OR TOW DUE TO CRASH,Y,,,"OVER $1,500",08/22/2025 11:19:00 AM,"OPERATING VEHICLE IN ERRATIC, RECKLESS, CARELESS, NEGLIGENT OR AGGRESSIVE MANNER",NOT APPLICABLE,171,N,BESSIE COLEMAN DR,1654,,,,,,,1,NO INDICATION OF INJURY,0,0,0,0,0,1,0,11,6,8,,,
edb60f386228c7374ccd6916aa6cbb244444bf9f2a7bdaecb506bff50a6db5820133f0d56f9b63895110f55263241e6797f9ed750a6e9c975e6ca9e05114aa16,,08/22/2025 11:15:00 AM,30,NO CONTROLS,NO CONTROLS,CLEAR,DAYLIGHT,PARKED MOTOR VEHICLE,DIVIDED - W/MEDIAN BARRIER,,STRAIGHT AND LEVEL,DRY,NO DEFECTS,ON SCENE,INJURY AND / OR TOW DUE TO CRASH,,,,"OVER $1,500",08/22/2025 11:17:00 AM,UNABLE TO DETERMINE,UNABLE TO DETERMINE,3923,W,IRVING PARK RD,1732,,,,,,,2,NO INDICATION OF INJURY,0,0,0,0,0,1,0,11,6,8,41.9535612102,-87.7260293153,POINT (-87.726029315326 41.953561210233)
2c5ec653b36f1f15454c17210fae2b9dcfdcabd14f547e55012c97f8c2766d7e3c8ac12e6c4685bb5f55188ca6c42d254a8a21d3fc58fd36bf088531120404eb,,08/22/2025 11:10:00 AM,30,NO CONTROLS,NO CONTROLS,CLEAR,DAYLIGHT,SIDESWIPE OPPOSITE DIRECTION,DIVIDED - W/MEDIAN (NOT RAISED),,STRAIGHT AND LEVEL,DRY,NO DEFECTS,ON SCENE,NO INJURY / DRIVE AWAY,,,,$500 OR LESS,08/22/2025 11:30:00 AM,UNABLE TO DETERMINE,UNABLE TO DETERMINE,2031,W,BELMONT AVE,1931,,,,,,,2,NO INDICATION OF INJURY,0,0,0,0,0,2,0,11,6,8,41.939447597,-87.6796028288,POINT (-87.679602828784 41.939447596997)
a9e3cb56fd3ede431822f346d36a5ca489a9522ea5d2a20d26067e491dfc6d234d71af78920e96ccf8e3c1befcf0de22587d184671577729555b8d36b7f7901f,,08/22/2025 11:10:00 AM,30,OTHER,NO CONTROLS,CLEAR,DAYLIGHT,PARKED MOTOR VEHICLE,NOT DIVIDED,,STRAIGHT AND LEVEL,DRY,NO DEFECTS,ON SCENE,NO INJURY / DRIVE AWAY,N,,,"OVER $1,500",08/22/2025 11:20:00 AM,IMPROPER BACKING,NOT APPLICABLE,37,E,CULLERTON ST,131,,,,,,,2,NO INDICATION OF INJURY,0,0,0,0,0,1,0,11,6,8,41.8553579192,-87.6255964062,POINT (-87.625596406209 41.855357919187)
9e6d347638b1aedb9315db9ad58aefb64452da560bb32c42146dfa1881ddaeb18e9003a26f98fa8cb1e9413d1bb6a225e010826f5718cdb0fe55205831a5e63c,,08/22/2025 11:08:00 AM,30,NO CONTROLS,NO CONTROLS,CLEAR,DAYLIGHT,REAR END,DIVIDED - W/MEDIAN (NOT RAISED),,STRAIGHT AND LEVEL,DRY,NO DEFECTS,NOT ON SCENE (DESK REPORT),NO INJURY / DRIVE AWAY,,,,"OVER $1,500",08/22/2025 12:00:00 PM,FOLLOWING TOO CLOSELY,NOT APPLICABLE,2255,W,HOWARD ST,2411,,,,,,,2,NO INDICATION OF INJURY,0,0,0,0,0,2,0,11,6,8,42.0193985682,-87.6867293446,POINT (-87.686729344614 42.019398568211)
120acb37cddc7baeed88be11e30adf1878948258a2e9edf4e6cc4bda52e91e7a94faa47258559b994124eddbed85fb9d58f9be8fa21e1888c61eb5ecf2ccd2b8,,08/22/2025 11:00:00 AM,15,NO CONTROLS,NO CONTROLS,CLEAR,DAYLIGHT,REAR TO SIDE,PARKING LOT,,STRAIGHT AND LEVEL,DRY,NO DEFECTS,NOT ON SCENE (DESK REPORT),NO INJURY / DRIVE AWAY,,Y,,"$501 - $1,500",08/30/2025 05:00:00 AM,UNABLE TO DETERMINE,NOT APPLICABLE,3021,N,CENTRAL AVE,2514,,,,,,,2,NO INDICATION OF INJURY,0,0,0,0,0,3,0,11,6,8,41.9355514736,-87.7662474314,POINT (-87.766247431446 41.93555147364)
ed56a089d78b895b983d1df79a1882aa802b9990939d74779097784c3c3fcbe7800e689654e9e62c49367a9dc511079a7e54a87b09b8ac0f84ef0515a7618503,,08/22/2025 11:00:00 AM,30,TRAFFIC SIGNAL,FUNCTIONING PROPERLY,CLEAR,DAYLIGHT,REAR END,FOUR WAY,,STRAIGHT AND LEVEL,DRY,NO DEFECTS,NOT ON SCENE (DESK REPORT),NO INJURY / DRIVE AWAY,Y,,,"OVER $1,500",08/22/2025 07:00:00 PM,FOLLOWING TOO CLOSELY,NOT APPLICABLE,4900,S,WESTERN AVE,923,,,,,,,2,NO INDICATION OF INJURY,0,0,0,0,0,2,0,11,6,8,41.804641245,-87.6845169054,POINT (-87.684516905411 41.804641245012)
cbd63e942d660b590952f6682a261559bd6c4ca697bfe923c7b2bd899383bd5064b2ec922ffda54f21b30165942c8bd048b4c5c407651602e1c19fcf8dda0415,,08/22/2025 10:54:00 AM,30,NO CONTROLS,NO CONTROLS,CLEAR,DAYLIGHT,PARKED MOTOR VEHICLE,NOT DIVIDED,,STRAIGHT AND LEVEL,DRY,NO DEFECTS,ON SCENE,NO INJURY / DRIVE AWAY,,,,"OVER $1,500",08/22/2025 10:54:00 AM,IMPROPER BACKING,FAILING TO REDUCE SPEED TO AVOID CRASH,5340,N,LOWELL AVE,1712,,,,,,,2,NO INDICATION OF INJURY,0,0,0,0,0,1,0,10,6,8,41.9785981273,-87.7371262721,POINT (-87.737126272145 41.978598127342)
c59d3ea7202a8d561649a464959599ee7be15f65d17951228ddb2fc8ea57d431a031f0326ac45156754d001becde68cf4bac2245c49e89a72141e2d0e154d896,,08/22/2025 10:52:00 AM,15,NO CONTROLS,NO CONTROLS,CLEAR,DAYLIGHT,REAR TO REAR,PARKING LOT,,STRAIGHT AND LEVEL,DRY,NO DEFECTS,ON SCENE,NO INJURY / DRIVE AWAY,,Y,,"OVER $1,500",08/22/2025 11:08:00 AM,IMPROPER BACKING,NOT APPLICABLE,5301,W,LEXINGTON ST,1522,,,,,,,2,NO INDICATION OF INJURY,0,0,0,0,0,2,0,10,6,8,41.8709082192,-87.7574278194,POINT (-87.757427819415 41.870908219163)
6452178a0b2d863c18aed16c9dc1687cc63c8259d642e4ed773c952c0ed4d7682f132c4956bc96b19a22576c06a75926b2b7a88ba3194524434f4e7c76b40b8f,,08/22/2025 10:32:00 AM,30,NO CONTROLS,NO CONTROLS,CLEAR,DAYLIGHT,REAR TO FRONT,DIVIDED - W/MEDIAN (NOT RAISED),,STRAIGHT AND LEVEL,DRY,NO DEFECTS,ON SCENE,INJURY AND / OR TOW DUE TO CRASH,,,,"OVER $1,500",08/22/2025 10:33:00 AM,FAILING TO YIELD RIGHT-OF-WAY,NOT APPLICABLE,4224,W,LAKE ST,1114,,,,,,,2,"REPORTED, NOT EVIDENT",1,0,0,0,1,1,0,10,6,8,41.8859114869,-87.7317536977,POINT (-87.731753697729 41.885911486875)
fce761c904753352eec7d648d1ce7fbe278223ab4bd91e05b3db1f9c09303819c076ce21d41b1e12800fcb5dbe68eb84b977e194be8b84453498e5efe3402592,,08/22/2025 10:30:00 AM,30,NO CONTROLS,NO CONTROLS,CLEAR,DAYLIGHT,PARKED MOTOR VEHICLE,NOT DIVIDED,,STRAIGHT AND LEVEL,DRY,NO DEFECTS,NOT ON SCENE (DESK REPORT),NO INJURY / DRIVE AWAY,,,Y,"OVER $1,500",08/22/2025 05:10:00 PM,NOT APPLICABLE,NOT APPLICABLE,9965,S,BEVERLY AVE,2213,,,,,,,2,NO INDICATION OF INJURY,0,0,0,0,0,1,0,10,6,8,41.7122862743,-87.6585940316,POINT (-87.658594031633 41.712286274307)
f6b97f6cf36fbdef9601080f6f5ceedb9a1c0badab089fe5b9730e9ccf75b9bd2266172457e21942799ebe8b2d5b8d1ff09ac18ef18927b4d6636cea6f73a6d3,,08/22/2025 10:25:00 AM,30,TRAFFIC SIGNAL,FUNCTIONING PROPERLY,CLEAR,DAYLIGHT,TURNING,NOT DIVIDED,,STRAIGHT AND LEVEL,DRY,NO DEFECTS,ON SCENE,INJURY AND / OR TOW DUE TO CRASH,Y,,,"OVER $1,500",08/22/2025 10:27:00 AM,FAILING TO YIELD RIGHT-OF-WAY,NOT APPLICABLE,6201,S,ARCHER AVE,811,,,,,,,2,"REPORTED, NOT EVIDENT",1,0,0,0,1,1,0,10,6,8,41.7937271992,-87.7745729023,POINT (-87.774572902345 41.793727199169)
fb6123ec5d23a19f6dcd0fa153e70ad0d793775f8b855b6a48967cf2fb908aca76437226909736572b6b0151605e67a380fb535492e0caa0230f622f87c1c903,,08/22/2025 10:25:00 AM,10,NO CONTROLS,NO CONTROLS,CLEAR,DAYLIGHT,PARKED MOTOR VEHICLE,PARKING LOT,,STRAIGHT AND LEVEL,DRY,NO DEFECTS,NOT ON SCENE (DESK REPORT),NO INJURY / DRIVE AWAY,,,,"OVER $1,500",08/23/2025 03:00:00 PM,UNABLE TO DETERMINE,NOT APPLICABLE,3542,W,BELMONT AVE,1732,,,,,,,2,NO INDICATION OF INJURY,0,0,0,0,0,1,0,10,6,8,41.9393341431,-87.7167116142,POINT (-87.716711614164 41.939334143139)
2b8ff761ce6c3508d632b812e6b56dba92f247dd9250985016beda42b528ed7c84bba5917fdb518ccdbbedd3bc7c62c775aee808bba94e80743e40318ad5131b,,08/22/2025 10:20:00 AM,30,NO CONTROLS,NO CONTROLS,CLEAR,DAYLIGHT,SIDESWIPE SAME DIRECTION,ONE-WAY,,STRAIGHT AND LEVEL,DRY,NO DEFECTS,NOT ON SCENE (DESK REPORT),NO INJURY / DRIVE AWAY,,,Y,$500 OR LESS,08/22/2025 01:55:00 PM,"OPERATING VEHICLE IN ERRATIC, RECKLESS, CARELESS, NEGLIGENT OR AGGRESSIVE MANNER",NOT APPLICABLE,2632,E,74TH PL,334,,,,,,,2,NO INDICATION OF INJURY,0,0,0,0,0,2,0,10,6,8,41.7605524555,-87.5597568274,POINT (-87.559756827398 41.760552455487)
7751c3c5174fc1dfdad023a5d58764a45aa4e0e1671880bf04e37e07f1fc66a89d382953852e7d7ffbe4f4e46226687937c6a813af1e5596a017bdcba6dbef1a,,08/22/2025 10:11:00 AM,30,OTHER,NO CONTROLS,OTHER,DAYLIGHT,PARKED MOTOR VEHICLE,PARKING LOT,,STRAIGHT AND LEVEL,UNKNOWN,UNKNOWN,NOT ON SCENE (DESK REPORT),NO INJURY / DRIVE AWAY,,,,"OVER $1,500",08/22/2025 06:00:00 PM,NOT APPLICABLE,NOT APPLICABLE,2525,S,MICHIGAN AVE,133,,,,,,,2,NO INDICATION OF INJURY,0,0,0,0,0,1,0,10,6,8,41.8467169566,-87.6233697276,POINT (-87.623369727612 41.846716956646)
eea393e06f096fd1ec7abae3e32899f10763818474375c5bd329133a81aeafcafee434b67b3730c0d231584bb47f019122385c96dcc8f7310ef6b1afeda403d6,,08/22/2025 10:11:00 AM,30,TRAFFIC SIGNAL,FUNCTIONING PROPERLY,CLEAR,DAYLIGHT,ANGLE,NOT DIVIDED,,STRAIGHT AND LEVEL,DRY,NO DEFECTS,NOT ON SCENE (DESK REPORT),NO INJURY / DRIVE AWAY,,,,"$501 - $1,500",08/22/2025 04:20:00 PM,UNABLE TO DETERMINE,NOT APPLICABLE,273,N,SACRAMENTO BLVD,1222,,,,,,,2,NO INDICATION OF INJURY,0,0,0,0,0,2,0,10,6,8,41.8862894119,-87.7012069773,POINT (-87.701206977251 41.886289411932)
6015bf8e6618e02a51be0842a0ba563acdb5311c15bb9376448a3e546bb77cd0aecc37b518f07b98af9261c00c12b5c5f3f2ef3749e813b0c46d6678a3282d2b,,08/22/2025 10:07:00 AM,30,TRAFFIC SIGNAL,FUNCTIONING PROPERLY,CLEAR,DAYLIGHT,REAR END,ONE-WAY,,STRAIGHT AND LEVEL,DRY,NO DEFECTS,ON SCENE,INJURY AND / OR TOW DUE TO CRASH,,,,"OVER $1,500",08/22/2025 10:12:00 AM,IMPROPER OVERTAKING/PASSING,FOLLOWING TOO CLOSELY,6935,S,STATE ST,322,,,,,,,2,NONINCAPACITATING INJURY,3,0,0,2,1,1,0,10,6,8,41.768120809,-87.6247685713,POINT (-87.624768571253 41.768120808983)
f6d196e6cf2e4de42fdb420e542b62c73934078f4ddfa72337ce1d76f31975009e039f0bec8ea3841fdaf271abf43d00e01ad4629913dd565e13b05121796f8d,,08/22/2025 10:05:00 AM,25,TRAFFIC SIGNAL,FUNCTIONING PROPERLY,CLEAR,DAYLIGHT,REAR END,NOT DIVIDED,,STRAIGHT AND LEVEL,DRY,NO DEFECTS,NOT ON SCENE (DESK REPORT),NO INJURY / DRIVE AWAY,,,,"OVER $1,500",08/22/2025 11:25:00 AM,UNABLE TO DETERMINE,UNABLE TO DETERMINE,1659,W,79TH ST,611,,,,,,,2,NO INDICATION OF INJURY,0,0,0,0,0,2,0,10,6,8,41.7502153808,-87.6658026927,POINT (-87.665802692739 41.75021538082)
6869065b0fde2646b8340fa2440e5dad696968b848aeaea79830ff394fb44d35ee5232cf8ad5fc8fdbf628773e1a3f03f632300a94625dd9e6b47a60c43e0172,,08/22/2025 10:03:00 AM,25,NO CONTROLS,NO CONTROLS,CLEAR,DAYLIGHT,PARKED MOTOR VEHICLE,NOT DIVIDED,,STRAIGHT AND LEVEL,DRY,NO DEFECTS,ON SCENE,NO INJURY / DRIVE AWAY,,,,"OVER $1,500",08/22/2025 10:03:00 AM,IMPROPER BACKING,UNABLE TO DETERMINE,4607,N,MALDEN ST,1913,,,,Y,CONSTRUCTION,Y,2,NO INDICATION OF INJURY,0,0,0,0,0,1,0,10,6,8,41.9655995258,-87.6623113909,POINT (-87.66231139093 41.9655995258)
5d891ffa6345baf595d1c3051bb3a779dc7e51b60fbdf517adbff8e9e5fb3e78455d1800d93036be0dbb9c4fe2f08300f9d223feb92fd7795870a4fa28c85843,Y,08/22/2025 10:00:00 AM,15,NO CONTROLS,NO CONTROLS,UNKNOWN,UNKNOWN,PARKED MOTOR VEHICLE,ONE-WAY,,STRAIGHT AND LEVEL,UNKNOWN,NO DEFECTS,NOT ON SCENE (DESK REPORT),NO INJURY / DRIVE AWAY,,,Y,"OVER $1,500",08/27/2025 12:35:00 PM,FAILING TO REDUCE SPEED TO AVOID CRASH,UNABLE TO DETERMINE,8918,S,EXCHANGE AVE,423,,,,,,,2,NO INDICATION OF INJURY,0,0,0,0,0,1,0,10,6,8,41.7331098985,-87.5528596564,POINT (-87.552859656359 41.733109898537)
e625c7b8020b3d9d853c74960eed084ad38683342b9a9d0d03b1d5ac65b83999772d845525bcd38cbfaea5f94a1d6ea9ff757a1175eff14541c65b0ffbc07efd,,08/22/2025 09:50:00 AM,30,TRAFFIC SIGNAL,UNKNOWN,UNKNOWN,DAYLIGHT,SIDESWIPE SAME DIRECTION,T-INTERSECTION,,STRAIGHT AND LEVEL,UNKNOWN,UNKNOWN,NOT ON SCENE (DESK REPORT),NO INJURY / DRIVE AWAY,Y,,,"OVER $1,500",08/22/2025 05:05:00 PM,IMPROPER LANE USAGE,FAILING TO REDUCE SPEED TO AVOID CRASH,67,W,LA SALLE DR,1814,,,,,,,2,NO INDICATION OF INJURY,0,0,0,0,0,2,0,9,6,8,41.9132714896,-87.6316459135,POINT (-87.631645913457 41.913271489639)
0c227d53b7afaacdb6be1b9317068980f5c5eb5e25905650b8a5a224113122454130efd672bfd1c05d51adc385474aa3906d775ff34bdf141ff83acd8528c834,,08/22/2025 09:46:00 AM,30,TRAFFIC SIGNAL,FUNCTIONING PROPERLY,CLEAR,DAYLIGHT,TURNING,DIVIDED - W/MEDIAN (NOT RAISED),,STRAIGHT AND LEVEL,DRY,NO DEFECTS,NOT ON SCENE (DESK REPORT),NO INJURY / DRIVE AWAY,Y,,,"OVER $1,500",08/22/2025 10:35:00 AM,FAILING TO YIELD RIGHT-OF-WAY,UNABLE TO DETERMINE,101,W,CERMAK RD,131,,,,,,,2,NO INDICATION OF INJURY,0,0,0,0,0,2,0,9,6,8,41.8527716998,-87.6293836576,POINT (-87.629383657569 41.852771699829)
18361f7760766c83e8fa6057476a6664b7442a6036c74c581eadb247998ab46a6ed26cfa67f308f66bce0b3ec6e27645e289cecb85318478ddaf61997d135bf5,,08/22/2025 09:45:00 AM,30,NO CONTROLS,NO CONTROLS,CLEAR,DAYLIGHT,PARKED MOTOR VEHICLE,ONE-WAY,,STRAIGHT AND LEVEL,UNKNOWN,UNKNOWN,ON SCENE,NO INJURY / DRIVE AWAY,,,Y,"OVER $1,500",08/22/2025 10:48:00 AM,UNABLE TO DETERMINE,UNABLE TO DETERMINE,4256,W,13TH ST,1011,,,,,,,2,NO INDICATION OF INJURY,0,0,0,0,0,1,0,9,6,8,41.8643529448,-87.7323113049,POINT (-87.732311304932 41.864352944815)
21b34889d70dd89eea1be7fd23e27e76d8e711643956fc4e192b17552b534e39147e6a0db59304208eb46958f5d6c5a5c5d812346911e2718d46160f4e193601,,08/22/2025 09:45:00 AM,30,NO CONTROLS,NO CONTROLS,CLEAR,DAYLIGHT,SIDESWIPE SAME DIRECTION,ONE-WAY,,STRAIGHT AND LEVEL,UNKNOWN,UNKNOWN,NOT ON SCENE (DESK REPORT),NO INJURY / DRIVE AWAY,,,,"OVER $1,500",08/22/2025 10:25:00 AM,UNABLE TO DETERMINE,UNABLE TO DETERMINE,10000,W,OHARE ST,1651,,,,,,,2,NO INDICATION OF INJURY,0,0,0,0,0,2,0,9,6,8,41.976201139,-87.9053091251,POINT (-87.905309125103 41.976201139024)
66a0ee2c56d9597efbef3996526b942d6217557f108c7b316472766060979543eb21e23c2fbc0bf592c964f774b98cfc5eb83985cb4d96191e79917cc5a31290,,08/22/2025 09:43:00 AM,30,NO CONTROLS,NO CONTROLS,CLEAR,DAYLIGHT,PARKED MOTOR VEHICLE,ONE-WAY,,STRAIGHT AND LEVEL,DRY,UNKNOWN,ON SCENE,NO INJURY / DRIVE AWAY,,,,"OVER $1,500",08/22/2025 10:00:00 AM,NOT APPLICABLE,UNABLE TO DETERMINE,6421,S,MAY ST,724,,,,,,,3,NO INDICATION OF INJURY,0,0,0,0,0,1,0,9,6,8,41.7771551125,-87.6530755793,POINT (-87.65307557934 41.777155112488)
a71d0d50dd9afeb863e1c947c88a17f6e0e0ec729e19ec3fdb6ca34e282e7cd0573559c72a7bc07781163f0aed890fc5a98cb930c3ded88092d133c0f86ee119,,08/22/2025 09:40:00 AM,30,TRAFFIC SIGNAL,FUNCTIONING PROPERLY,CLEAR,DAYLIGHT,TURNING,DIVIDED - W/MEDIAN BARRIER,,STRAIGHT AND LEVEL,DRY,NO DEFECTS,NOT ON SCENE (DESK REPORT),NO INJURY / DRIVE AWAY,,,,$500 OR LESS,08/22/2025 02:45:00 PM,IMPROPER OVERTAKING/PASSING,NOT APPLICABLE,700,S,MICHIGAN AVE,123,,,,,,,2,NO INDICATION OF INJURY,0,0,0,0,0,2,0,9,6,8,41.8730954853,-87.6243452478,POINT (-87.624345247792 41.873095485332)
0fa2ddb5bed315cc41becc30e37a01572d0c2f85b944a4f4ae374ed2eac3e88af9f8037996e5196d1aee2c8dec735221838e11a13ba58e5f1a5b80e31d423d13,,08/22/2025 09:34:00 AM,35,NO CONTROLS,NO CONTROLS,CLEAR,DAYLIGHT,TURNING,FOUR WAY,,STRAIGHT AND LEVEL,DRY,NO DEFECTS,ON SCENE,INJURY AND / OR TOW DUE TO CRASH,Y,,,"OVER $1,500",08/22/2025 09:35:00 AM,FAILING TO YIELD RIGHT-OF-WAY,FAILING TO YIELD RIGHT-OF-WAY,11001,S,STATE ST,513,,,,,,,2,"REPORTED, NOT EVIDENT",2,0,0,0,2,0,0,9,6,8,41.6943800947,-87.6230098746,POINT (-87.623009874619 41.694380094699)
6632801aa0a71d9d9807ad3bc105d533bfbe0946ad8606c635e7120c903c39e332a15db1724c1bb9bda7ff4c34d504c894d9556d040883ac05bd2349cbd96963,,08/22/2025 09:33:00 AM,30,TRAFFIC SIGNAL,FUNCTIONING PROPERLY,CLEAR,DAYLIGHT,SIDESWIPE SAME DIRECTION,Y-INTERSECTION,,STRAIGHT AND LEVEL,DRY,NO DEFECTS,ON SCENE,INJURY AND / OR TOW DUE TO CRASH,Y,,,"OVER $1,500",08/22/2025 11:20:00 AM,IMPROPER LANE USAGE,IMPROPER LANE USAGE,8683,S,VINCENNES AVE,613,,,,,,,2,"REPORTED, NOT EVIDENT",2,0,0,0,2,1,0,9,6,8,41.7368248248,-87.6442872167,POINT (-87.644287216669 41.736824824813)
697092df69b971761628b91e8fd2300fae4859822063b4087614a57a12ef2ce2e097c055a50b14954392916eea2216a85f1fe4431b73c77d637c9591303c2811,,08/22/2025 09:30:00 AM,30,NO CONTROLS,NO CONTROLS,CLEAR,DAYLIGHT,TURNING,DIVIDED - W/MEDIAN (NOT RAISED),,STRAIGHT AND LEVEL,DRY,NO DEFECTS,,NO INJURY / DRIVE AWAY,,,,"$501 - $1,500",08/22/2025 11:00:00 AM,UNABLE TO DETERMINE,NOT APPLICABLE,5710,N,BROADWAY,2013,,,,,,,2,NO INDICATION OF INJURY,0,0,0,0,0,2,0,9,6,8,41.9858119776,-87.6602818315,POINT (-87.660281831495 41.985811977564)
c195998741008af934b89d3adc27f0dfd8aab8e66e3b894aaec83281226979368c765e5c99ccf78d2ccc4ada69f3fa431bfd23e96fd5f20e8415dfa9260cfe2e,,08/22/2025 09:30:00 AM,30,NO CONTROLS,NO CONTROLS,CLEAR,DAYLIGHT,PARKED MOTOR VEHICLE,NOT DIVIDED,,STRAIGHT AND LEVEL,DRY,NO DEFECTS,NOT ON SCENE (DESK REPORT),NO INJURY / DRIVE AWAY,,,,$500 OR LESS,08/22/2025 10:00:00 AM,UNABLE TO DETERMINE,NOT APPLICABLE,3810,W,42ND ST,821,,,,,,,2,NO INDICATION OF INJURY,0,0,0,0,0,1,0,9,6,8,41.8170918414,-87.7200266691,POINT (-87.720026669084 41.817091841427)
ee00edb3a37ac73a9c119b92359d02b2adfc4f98e9eeb3b3f3446f8e87525c9c3fdc361b05dec83728b014c568cf47ca3e161d0efbe4c0be0cb4eeef3e980f39,,08/22/2025 09:30:00 AM,30,TRAFFIC SIGNAL,FUNCTIONING PROPERLY,CLEAR,DAYLIGHT,SIDESWIPE SAME DIRECTION,FOUR WAY,,STRAIGHT AND LEVEL,DRY,NO DEFECTS,ON SCENE,NO INJURY / DRIVE AWAY,Y,,,"$501 - $1,500",08/22/2025 09:38:00 AM,DRIVING SKILLS/KNOWLEDGE/EXPERIENCE,UNABLE TO DETERMINE,3717,S,ARCHER AVE,911,,,,,,,2,NO INDICATION OF INJURY,0,0,0,0,0,3,0,9,6,8,41.8258699491,-87.6847817943,POINT (-87.684781794256 41.825869949122)
09b8960b03df7c800c636850f2efe8af680d12bffb88d3d45aa39ffedb7762d06db163f3d4b104f567d59ea8ff22b765fff8158ac3e47422f5f8f50242937eb9,,08/22/2025 09:20:00 AM,30,NO CONTROLS,NO CONTROLS,CLEAR,DAYLIGHT,TURNING,T-INTERSECTION,,STRAIGHT AND LEVEL,DRY,NO DEFECTS,ON SCENE,INJURY AND / OR TOW DUE TO CRASH,Y,,,"OVER $1,500",08/22/2025 09:25:00 AM,DRIVING SKILLS/KNOWLEDGE/EXPERIENCE,UNABLE TO DETERMINE,9600,S,COLFAX AVE,431,,,,,,,2,NO INDICATION OF INJURY,0,0,0,0,0,2,0,9,6,8,41.7202235717,-87.5607087159,POINT (-87.560708715914 41.720223571702)
665f1d5723655eb3c4f15bb09e6c920b5f203c888eb631162255d6ed0388bfb1cd35a5c7f3ca4ca66787b84e164b9701bcacbf725242e1b61296fd597a65ea0e,,08/22/2025 09:18:00 AM,30,TRAFFIC SIGNAL,FUNCTIONING PROPERLY,CLEAR,DAYLIGHT,SIDESWIPE SAME DIRECTION,FOUR WAY,,STRAIGHT AND LEVEL,DRY,UNKNOWN,NOT ON SCENE (DESK REPORT),NO INJURY / DRIVE AWAY,Y,,Y,$500 OR LESS,08/22/2025 01:05:00 PM,DRIVING SKILLS/KNOWLEDGE/EXPERIENCE,NOT APPLICABLE,7401,S,HALSTED ST,732,,,,,,,2,NO INDICATION OF INJURY,0,0,0,0,0,2,0,9,6,8,41.7596779216,-87.6441270651,POINT (-87.64412706509 41.75967792156)
0e97b93ae67342c2aaea0a284b9a55f76a41c8f315dd52c6a7cd75d12b5ae17dda7216c26f986c20b7bd91d89887754dfe566033dbc02b92a3ef2155893843c2,,08/22/2025 09:15:00 AM,30,TRAFFIC SIGNAL,FUNCTIONING PROPERLY,CLEAR,DAYLIGHT,ANGLE,DIVIDED - W/MEDIAN (NOT RAISED),,STRAIGHT AND LEVEL,DRY,NO DEFECTS,NOT ON SCENE (DESK REPORT),INJURY AND / OR TOW DUE TO CRASH,,,Y,"OVER $1,500",08/23/2025 04:50:00 PM,UNABLE TO DETERMINE,NOT APPLICABLE,1001,N,CENTRAL PARK AVE,1121,,,,,,,2,NO INDICATION OF INJURY,0,0,0,0,0,2,0,9,6,8,41.8992012206,-87.7162907491,POINT (-87.716290749124 41.899201220561)
4879d28a838b31665d3e7b0904f1e15b7394950add08d13aae7a0e136fc7cb6cf0a941f0ff5c5997cc198ec28c1e4136d418bb2b0a1b2ca8bcab867d2cd489bd,,08/22/2025 09:00:00 AM,30,TRAFFIC SIGNAL,FUNCTIONING PROPERLY,CLEAR,DAYLIGHT,REAR END,FOUR WAY,,STRAIGHT AND LEVEL,DRY,WORN SURFACE,NOT ON SCENE (DESK REPORT),INJURY AND / OR TOW DUE TO CRASH,Y,,N,"OVER $1,500",08/22/2025 10:05:00 AM,UNABLE TO DETERMINE,NOT APPLICABLE,9500,S,COLFAX AVE,431,,,,,,,2,NONINCAPACITATING INJURY,1,0,0,1,0,1,0,9,6,8,41.7226027789,-87.5608678863,POINT (-87.56086788635 41.72260277893)