CRASH_RECORD_ID,CRASH_DATE_EST_I,CRASH_DATE,POSTED_SPEED_LIMIT,TRAFFIC_CONTROL_DEVICE,DEVICE_CONDITION,WEATHER_CONDITION,LIGHTING_CONDITION,FIRST_CRASH_TYPE,TRAFFICWAY_TYPE,LANE_CNT,ALIGNMENT,ROADWAY_SURFACE_COND,ROAD_DEFECT,REPORT_TYPE,CRASH_TYPE,INTERSECTION_RELATED_I,NOT_RIGHT_OF_WAY_I,HIT_AND_RUN_I,DAMAGE,DATE_POLICE_NOTIFIED,PRIM_CONTRIBUTORY_CAUSE,SEC_CONTRIBUTORY_CAUSE,STREET_NO,STREET_DIRECTION,STREET_NAME,BEAT_OF_OCCURRENCE,PHOTOS_TAKEN_I,STATEMENTS_TAKEN_I,DOORING_I,WORK_ZONE_I,WORK_ZONE_TYPE,WORKERS_PRESENT_I,NUM_UNITS,MOST_SEVERE_INJURY,INJURIES_TOTAL,INJURIES_FATAL,INJURIES_INCAPACITATING,INJURIES_NON_INCAPACITATING,INJURIES_REPORTED_NOT_EVIDENT,INJURIES_NO_INDICATION,INJURIES_UNKNOWN,CRASH_HOUR,CRASH_DAY_OF_WEEK,CRASH_MONTH,LATITUDE,LONGITUDE,LOCATION
4e0fce27ec5bd950a81d87f783d1201900294e2ff6f483ce2e0522fe55ff32d5e4334cc84bc18a47a2ea1134930fc35e78f18e850862bc4dd9641ddb8c22a5aa,,08/22/2025 09:00:00 AM,30,NO CONTROLS,NO CONTROLS,CLEAR,DAYLIGHT,PEDALCYCLIST,NOT DIVIDED,,STRAIGHT AND LEVEL,DRY,NO DEFECTS,NOT ON SCENE (DESK REPORT),INJURY AND / OR TOW DUE TO CRASH,,,,$500 OR LESS,08/22/2025 11:45:00 AM,NOT APPLICABLE,NOT APPLICABLE,1715,N,WELLS ST,1814,,,,,,,2,"REPORTED, NOT EVIDENT",1,0,0,0,1,1,0,9,6,8,41.9133487012,-87.6346325506,POINT (-87.634632550628 41.913348701179)
05f9b607f1305a16ea2d7d5f8d0528ecb202a18d271c4a2c6b06f1254b2fec2db7a615285f5814a2a7c24f26ccb10ddd18d611dff5dbe4353ef175625732f4fb,,08/22/2025 08:59:00 AM,30,NO CONTROLS,NO CONTROLS,CLEAR,DAYLIGHT,TURNING,T-INTERSECTION,,STRAIGHT ON HILLCREST,DRY,NO DEFECTS,ON SCENE,NO INJURY / DRIVE AWAY,Y,,,"OVER $1,500",08/22/2025 09:05:00 AM,IMPROPER TURNING/NO SIGNAL,IMPROPER LANE USAGE,10500,W,BALMORAL AVE,1654,,,,,,,2,NO INDICATION OF INJURY,0,0,0,0,0,2,0,8,6,8,,,
004ef4c2402d105316fef9041d760a21a058cbe938c95643bb76b4809f3684b67c25129752fa7dafde1f5354a3181baf48085e8e450da276bd7787e2282d4c43,,08/22/2025 08:55:00 AM,30,NO CONTROLS,NO CONTROLS,CLEAR,DAYLIGHT,ANGLE,T-INTERSECTION,,STRAIGHT AND LEVEL,DRY,NO DEFECTS,ON SCENE,INJURY AND / OR TOW DUE TO CRASH,Y,,,"OVER $1,500",08/22/2025 08:59:00 AM,FAILING TO YIELD RIGHT-OF-WAY,UNABLE TO DETERMINE,3145,W,53RD ST,923,,,,,,,2,NO INDICATION OF INJURY,0,0,0,0,0,5,0,8,6,8,41.7970685604,-87.7030455145,POINT (-87.703045514473 41.797068560412)
0f98a8b3e2dd5013dddb9da1a5dcfa5e1d1caef8fdf5f885043bc9c37ace432e9c0b9d5e4f2c39d534be94941db70e097b631ffb38fb8f1f52599661826119ae,,08/22/2025 08:55:00 AM,30,TRAFFIC SIGNAL,UNKNOWN,CLEAR,DAYLIGHT,SIDESWIPE SAME DIRECTION,DIVIDED - W/MEDIAN (NOT RAISED),,STRAIGHT AND LEVEL,DRY,NO DEFECTS,NOT ON SCENE (DESK REPORT),NO INJURY / DRIVE AWAY,Y,,,"OVER $1,500",08/22/2025 12:02:00 PM,UNABLE TO DETERMINE,NOT APPLICABLE,8300,S,JEFFERY BLVD,414,,,,,,,2,NO INDICATION OF INJURY,0,0,0,0,0,2,0,8,6,8,41.7444938326,-87.5760035609,POINT (-87.5760035609 41.74449383257)
af5a76c480345e755ba98456e64d18a191d677e0ebe7817ad4309679b7799ef75797469ac2f11ad1e95ebb65d345547d23b32c2b67165822640fb3de299281d0,,08/22/2025 08:55:00 AM,30,NO CONTROLS,NO CONTROLS,CLEAR,DAYLIGHT,REAR END,NOT DIVIDED,,STRAIGHT AND LEVEL,DRY,NO DEFECTS,ON SCENE,NO INJURY / DRIVE AWAY,,,,"OVER $1,500",08/22/2025 08:56:00 AM,FOLLOWING TOO CLOSELY,FOLLOWING TOO CLOSELY,5555,W,GRAND AVE,2515,,,,,,,2,NO INDICATION OF INJURY,0,0,0,0,0,2,0,8,6,8,41.9186088912,-87.765574479,POINT (-87.765574478976 41.918608891151)
5cc7ae036dd31f7ceab2b4d8c465b9dd268ef6cc94b13f56e6f2fc33c2d4e057d603520fae8c3aac532f68bc2c599120682531d78d9bedbae095b6cb5bb051c7,,08/22/2025 08:50:00 AM,30,TRAFFIC SIGNAL,FUNCTIONING PROPERLY,CLEAR,DAYLIGHT,PEDESTRIAN,NOT DIVIDED,,STRAIGHT AND LEVEL,DRY,NO DEFECTS,ON SCENE,INJURY AND / OR TOW DUE TO CRASH,,,Y,"OVER $1,500",08/22/2025 09:31:00 AM,UNABLE TO DETERMINE,UNABLE TO DETERMINE,3155,N,KIMBALL AVE,1412,,,,,,,2,NONINCAPACITATING INJURY,1,0,0,1,0,1,0,8,6,8,41.9390812441,-87.712331725,POINT (-87.712331724989 41.939081244083)
ed9877c565f8b95989a8c53f1c067d285dbbcd212c55aa551f097a1fe53462cf5ff18e362ee98921074af4d578f0ad2a9083d890f232e4821db60688fa829b8e,,08/22/2025 08:50:00 AM,30,NO CONTROLS,NO CONTROLS,CLEAR,DAWN,SIDESWIPE SAME DIRECTION,ONE-WAY,,STRAIGHT AND LEVEL,DRY,NO DEFECTS,NOT ON SCENE (DESK REPORT),NO INJURY / DRIVE AWAY,,,,"OVER $1,500",08/22/2025 10:20:00 AM,IMPROPER OVERTAKING/PASSING,IMPROPER OVERTAKING/PASSING,926,W,HOLLYWOOD AVE,2022,,,,,,,2,NO INDICATION OF INJURY,0,0,0,0,0,2,0,8,6,8,41.9856802483,-87.6550676257,POINT (-87.655067625654 41.985680248346)
b72ab7752196bdd9af975a652902ee3b30aa19f0af7b901ca852bc9403378e1116c725ef59d15cc0df2c81e5bc6061504c9c4ce54ce52deab91b93ba2505011b,,08/22/2025 08:48:00 AM,20,NO CONTROLS,NO CONTROLS,CLEAR,DAYLIGHT,REAR TO SIDE,NOT DIVIDED,,STRAIGHT AND LEVEL,DRY,NO DEFECTS,ON SCENE,NO INJURY / DRIVE AWAY,,,,"OVER $1,500",08/22/2025 08:48:00 AM,FAILING TO YIELD RIGHT-OF-WAY,IMPROPER BACKING,2513,W,SUNNYSIDE AVE,1911,,,,,,,2,NO INDICATION OF INJURY,0,0,0,0,0,2,0,8,6,8,41.9630081366,-87.6917956397,POINT (-87.691795639748 41.963008136556)
a04fb51ed78fe54740d99404562210fad393d07af8685919791b79b592af125e18e6c769b6689ee68eabdba5676aff6d3e33e2d60c8987eebf846aba4e605812,,08/22/2025 08:46:00 AM,30,NO CONTROLS,NO CONTROLS,CLEAR,DAYLIGHT,PARKED MOTOR VEHICLE,ONE-WAY,,STRAIGHT AND LEVEL,DRY,NO DEFECTS,ON SCENE,NO INJURY / DRIVE AWAY,,,,"OVER $1,500",08/22/2025 08:46:00 AM,PHYSICAL CONDITION OF DRIVER,NOT APPLICABLE,2727,N,NEW ENGLAND AVE,2512,,,,,,,4,NO INDICATION OF INJURY,0,0,0,0,0,1,0,8,6,8,41.929862172,-87.7977343752,POINT (-87.797734375225 41.929862172023)
3c49697cc7b9711c6bbac6692b613f9f24998418fae77f2754a1fc97729aa275a9da10d56c2023398cc6eefcb054f3529a15e2c3e020f37088f824f117a2b62a,,08/22/2025 08:40:00 AM,30,NO CONTROLS,NO CONTROLS,CLOUDY/OVERCAST,DAYLIGHT,SIDESWIPE SAME DIRECTION,DIVIDED - W/MEDIAN (NOT RAISED),,STRAIGHT AND LEVEL,DRY,NO DEFECTS,,NO INJURY / DRIVE AWAY,,,,"OVER $1,500",08/22/2025 08:40:00 AM,FOLLOWING TOO CLOSELY,NOT APPLICABLE,2135,W,95TH ST,2213,,,,,,,2,NO INDICATION OF INJURY,0,0,0,0,0,2,0,8,6,8,41.7209163419,-87.6762218884,POINT (-87.676221888388 41.720916341879)
157bd2552fd13ffc4e426dc58f2b92bc48c329c5357d98f281ff0046fa838e7a684a7c8fc6fc7f6b9358182e440f4b8ce98ff7245d14a7957fe42388942321d1,,08/22/2025 08:31:00 AM,30,STOP SIGN/FLASHER,FUNCTIONING PROPERLY,CLEAR,DAYLIGHT,ANGLE,FOUR WAY,,STRAIGHT AND LEVEL,DRY,NO DEFECTS,ON SCENE,INJURY AND / OR TOW DUE TO CRASH,Y,,,"OVER $1,500",08/22/2025 08:32:00 AM,FAILING TO YIELD RIGHT-OF-WAY,FAILING TO REDUCE SPEED TO AVOID CRASH,2732,W,111TH ST,2212,,,,,,,2,"REPORTED, NOT EVIDENT",2,0,0,0,2,0,0,8,6,8,41.6918090331,-87.6898226981,POINT (-87.689822698072 41.691809033082)
6ef9909228ed9432ddd5dbd01455647e49935708a7c2397d01aa412ecd16d5ece7d542fb710ea9002ebf6eb1340b3aeace149dc747c8bd0d0cd41930b25ee4a3,,08/22/2025 08:31:00 AM,30,TRAFFIC SIGNAL,FUNCTIONING PROPERLY,CLEAR,DAYLIGHT,FIXED OBJECT,DIVIDED - W/MEDIAN BARRIER,,STRAIGHT AND LEVEL,DRY,NO DEFECTS,ON SCENE,INJURY AND / OR TOW DUE TO CRASH,Y,,,"OVER $1,500",08/22/2025 08:35:00 AM,NOT APPLICABLE,NOT APPLICABLE,3900,S,WESTERN AVE,921,,,,,,,1,"REPORTED, NOT EVIDENT",1,0,0,0,1,0,0,8,6,8,41.8229542941,-87.685012986,POINT (-87.685012986006 41.822954294114)
b54a66b4ae9d79768450505b1a881d74daa4296e2b815daa995f4433b3e92037e4f240cbf9145d239c0fff88493d6ffb5038404227ebd34be641c9c0bf162f0a,,08/22/2025 08:30:00 AM,30,NO CONTROLS,NO CONTROLS,CLEAR,DAYLIGHT,PARKED MOTOR VEHICLE,ONE-WAY,,STRAIGHT AND LEVEL,DRY,NO DEFECTS,NOT ON SCENE (DESK REPORT),NO INJURY / DRIVE AWAY,,,,"$501 - $1,500",08/22/2025 09:00:00 AM,IMPROPER BACKING,IMPROPER BACKING,6944,N,WOLCOTT AVE,2424,,,,,,,2,NO INDICATION OF INJURY,0,0,0,0,0,1,0,8,6,8,42.0078195936,-87.6781694834,POINT (-87.678169483418 42.007819593611)
bc5c01ce482acfea5d24c18814de3c8a521e69541e7309f6d9b5baf3bb71a57e68ec7f72a68d8a840522a178058bbec77bcbb47499eb88db57381c714144ca94,Y,08/22/2025 08:30:00 AM,30,NO CONTROLS,UNKNOWN,CLEAR,DAYLIGHT,PARKED MOTOR VEHICLE,ONE-WAY,,STRAIGHT AND LEVEL,DRY,NO DEFECTS,NOT ON SCENE (DESK REPORT),NO INJURY / DRIVE AWAY,,,N,"OVER $1,500",08/23/2025 12:35:00 AM,UNABLE TO DETERMINE,NOT APPLICABLE,10330,S,AVENUE F,432,,,,,,,3,NO INDICATION OF INJURY,0,0,0,0,0,1,0,8,6,8,41.7072841561,-87.5305981025,POINT (-87.530598102461 41.707284156141)
da8e7e01f864cc3404ca883d96ab38b6a6cf7742d1294475ab1c708e1e6e89363a79c8768b0b3295d51dedc273efc36f1465397981bef7bf971874b98acf5eec,,08/22/2025 08:20:00 AM,30,NO CONTROLS,NO CONTROLS,CLEAR,DAYLIGHT,SIDESWIPE SAME DIRECTION,NOT DIVIDED,,STRAIGHT AND LEVEL,DRY,NO DEFECTS,NOT ON SCENE (DESK REPORT),NO INJURY / DRIVE AWAY,,,Y,"$501 - $1,500",08/22/2025 09:00:00 AM,IMPROPER OVERTAKING/PASSING,NOT APPLICABLE,3064,N,MILWAUKEE AVE,2523,,,,,,,2,NO INDICATION OF INJURY,0,0,0,0,0,2,0,8,6,8,41.9367820309,-87.7202873556,POINT (-87.720287355639 41.936782030874)
ad239458f28e7a0aa17969d96a0cbb1e11b4c641693850fa7e0bcd46b1b0688e5dde06be89fd0c4bdcc72b6ed2c53ef480dec8b1985e4d027c07cf9e38d8d0bb,,08/22/2025 08:15:00 AM,30,TRAFFIC SIGNAL,FUNCTIONING PROPERLY,CLEAR,DAYLIGHT,SIDESWIPE SAME DIRECTION,NOT DIVIDED,,STRAIGHT AND LEVEL,DRY,NO DEFECTS,ON SCENE,NO INJURY / DRIVE AWAY,,,Y,"OVER $1,500",08/22/2025 10:26:00 AM,IMPROPER OVERTAKING/PASSING,UNABLE TO DETERMINE,1901,W,CHICAGO AVE,1221,,,,,,,2,NO INDICATION OF INJURY,0,0,0,0,0,2,0,8,6,8,41.8958400007,-87.6746688362,POINT (-87.674668836213 41.895840000734)
a4eea1b84d7ec8436f14f5adb371dc25bbdca2a84b7154f9cd29271e62134f2048e6502866b0b07701a7dd519b49c1b2572b0ba0b4ede0a448b26d6b8274423a,,08/22/2025 08:14:00 AM,20,STOP SIGN/FLASHER,NO CONTROLS,CLEAR,DAYLIGHT,SIDESWIPE SAME DIRECTION,ONE-WAY,,STRAIGHT AND LEVEL,DRY,NO DEFECTS,NOT ON SCENE (DESK REPORT),NO INJURY / DRIVE AWAY,,,,"OVER $1,500",08/22/2025 08:47:00 AM,FAILING TO YIELD RIGHT-OF-WAY,FAILING TO REDUCE SPEED TO AVOID CRASH,1600,E,84TH ST,412,,,,,,,2,NO INDICATION OF INJURY,0,0,0,0,0,2,0,8,6,8,41.742495591,-87.5852043589,POINT (-87.585204358932 41.74249559099)
e46366e35cf5b6b94d581fe5fbd1163b45be8e713ad231cee91da4e58d8134ac6cf6f6ae7489a3ce4b7c5cd6df5d77c75ce79fe8ccf1fbfb07c85f6a54420661,,08/22/2025 08:14:00 AM,25,STOP SIGN/FLASHER,FUNCTIONING PROPERLY,CLEAR,DAYLIGHT,REAR END,NOT DIVIDED,,STRAIGHT AND LEVEL,DRY,NO DEFECTS,NOT ON SCENE (DESK REPORT),NO INJURY / DRIVE AWAY,,,,$500 OR LESS,08/22/2025 08:35:00 AM,FOLLOWING TOO CLOSELY,FOLLOWING TOO CLOSELY,3401,W,CULLOM AVE,1723,,,,,,,2,NO INDICATION OF INJURY,0,0,0,0,0,2,0,8,6,8,41.9592035259,-87.7131420235,POINT (-87.71314202347 41.959203525887)
c67a6712f7adfb9a359e35c7ebf844b789c032f092ae6fa09892fe61e5fe4c4688ab0942c0a7c0c075830d49a81baa22cd2ea211a8a97010876903e6f288914f,,08/22/2025 08:10:00 AM,30,TRAFFIC SIGNAL,FUNCTIONING PROPERLY,CLEAR,DAYLIGHT,TURNING,FOUR WAY,,STRAIGHT AND LEVEL,DRY,NO DEFECTS,NOT ON SCENE (DESK REPORT),INJURY AND / OR TOW DUE TO CRASH,Y,,Y,"OVER $1,500",08/22/2025 09:10:00 AM,FAILING TO YIELD RIGHT-OF-WAY,DRIVING SKILLS/KNOWLEDGE/EXPERIENCE,400,E,95TH ST,633,,,,,,,2,NONINCAPACITATING INJURY,2,0,0,2,0,1,0,8,6,8,41.7220031253,-87.6140856363,POINT (-87.614085636296 41.722003125289)
c07f2aa807da13bd930997d090a6db8fa7703451ced97e231403020b49a89a32e81cfecf9cf0bfcff69f5d9c4d622a32e4cb54864307c936a9016fee64a33709,,08/22/2025 08:00:00 AM,30,NO CONTROLS,NO CONTROLS,CLEAR,DAYLIGHT,REAR END,DIVIDED - W/MEDIAN (NOT RAISED),,STRAIGHT AND LEVEL,DRY,NO DEFECTS,NOT ON SCENE (DESK REPORT),NO INJURY / DRIVE AWAY,,,Y,"OVER $1,500",08/22/2025 02:10:00 PM,UNABLE TO DETERMINE,UNABLE TO DETERMINE,2345,N,CENTRAL AVE,2515,,,,,,,2,NO INDICATION OF INJURY,0,0,0,0,0,3,0,8,6,8,41.9234972193,-87.7658257121,POINT (-87.765825712124 41.923497219258)
1798c69a12caccadba1f76a4162f01e9701c7d946c6748041d5551dbd0e298d68a16e01c15bcd0b2305330be3e3530876293f7d0d65c24b91ebaa275912dbbc4,,08/22/2025 07:57:00 AM,30,TRAFFIC SIGNAL,FUNCTIONING PROPERLY,CLEAR,DAYLIGHT,SIDESWIPE SAME DIRECTION,T-INTERSECTION,,STRAIGHT AND LEVEL,DRY,NO DEFECTS,ON SCENE,NO INJURY / DRIVE AWAY,Y,,,$500 OR LESS,08/22/2025 08:02:00 AM,DRIVING SKILLS/KNOWLEDGE/EXPERIENCE,NOT APPLICABLE,4600,N,PULASKI RD,1722,,,,,,,2,NO INDICATION OF INJURY,0,0,0,0,0,2,0,7,6,8,41.9646447659,-87.7280765643,POINT (-87.728076564314 41.964644765911)
f5816e870c97fd25b1b6ea3420a339268cf7909556b61cdaf95608e90ba8b3fcc20380b7180b54a4369ddf88756237d59f92fc3b803b7a9962b48ba0aeadf8d0,,08/22/2025 07:48:00 AM,30,TRAFFIC SIGNAL,FUNCTIONING PROPERLY,CLOUDY/OVERCAST,DAYLIGHT,ANGLE,NOT DIVIDED,,STRAIGHT AND LEVEL,UNKNOWN,UNKNOWN,ON SCENE,INJURY AND / OR TOW DUE TO CRASH,Y,,Y,"OVER $1,500",08/22/2025 07:53:00 AM,DISREGARDING TRAFFIC SIGNALS,FAILING TO YIELD RIGHT-OF-WAY,1401,S,CENTRAL PARK AVE,1021,,,,,,,3,"REPORTED, NOT EVIDENT",2,0,0,0,2,2,0,7,6,8,41.8623215868,-87.7151547945,POINT (-87.71515479455 41.862321586769)
0286e83720ad680976b58b0e29d3b81aa1156fdd037bcbdb9e121ec95e4c096730c367b565bee5bca55aebf79bfbb97ae69570d1194b8a865b327a82c9c176b0,,08/22/2025 07:47:00 AM,30,NO CONTROLS,NO CONTROLS,CLEAR,DAYLIGHT,TURNING,DIVIDED - W/MEDIAN (NOT RAISED),,STRAIGHT AND LEVEL,DRY,NO DEFECTS,ON SCENE,NO INJURY / DRIVE AWAY,,,,"OVER $1,500",08/22/2025 07:48:00 AM,UNABLE TO DETERMINE,UNABLE TO DETERMINE,4301,N,ELSTON AVE,1723,,,,,,,2,NO INDICATION OF INJURY,0,0,0,0,0,2,0,7,6,8,41.9588783542,-87.726502892,POINT (-87.726502891978 41.958878354218)
9a4acab6b621ebc0479c97ea32fcada0923612ff275bcf34c5fd65c24a03e02e9a01fcca16d478bc557a3cca41d9896846dbb1691b68d2990629e9dc7de13f20,,08/22/2025 07:45:00 AM,20,NO CONTROLS,NO CONTROLS,CLEAR,DAYLIGHT,ANGLE,ONE-WAY,,STRAIGHT AND LEVEL,DRY,NO DEFECTS,ON SCENE,NO INJURY / DRIVE AWAY,,,Y,"OVER $1,500",08/22/2025 07:50:00 AM,FAILING TO YIELD RIGHT-OF-WAY,IMPROPER BACKING,3761,W,77TH PL,833,,,,,,,2,NO INDICATION OF INJURY,0,0,0,0,0,2,0,7,6,8,41.7520464849,-87.7167288152,POINT (-87.716728815184 41.752046484869)
1b7a4278d0bd7338ad2ec6ee11980f1e6c9d24bb163f541aaabdab87a2e5eea026e173bb6376640dee43900318c0bd4d7526072515bbf05f507ea508fb3c5b02,,08/22/2025 07:43:00 AM,25,NO CONTROLS,NO CONTROLS,CLEAR,DAYLIGHT,SIDESWIPE SAME DIRECTION,NOT DIVIDED,,STRAIGHT AND LEVEL,DRY,UNKNOWN,NOT ON SCENE (DESK REPORT),NO INJURY / DRIVE AWAY,,,,$500 OR LESS,08/22/2025 09:15:00 AM,UNABLE TO DETERMINE,UNABLE TO DETERMINE,2506,N,KOSTNER AVE,2524,,,,,,,2,NO INDICATION OF INJURY,0,0,0,0,0,4,0,7,6,8,41.9265935412,-87.7368144797,POINT (-87.736814479716 41.926593541189)
86263005027942339961b878aa264d18d53e2c8d5d56ba828622ed0ad995943f3f54df2615024e3003da2100144022650a14b61013cc956a3eb82b95ad146845,,08/22/2025 07:39:00 AM,30,NO CONTROLS,NO CONTROLS,CLEAR,DAYLIGHT,REAR END,DIVIDED - W/MEDIAN BARRIER,,STRAIGHT AND LEVEL,DRY,NO DEFECTS,ON SCENE,NO INJURY / DRIVE AWAY,,,,$500 OR LESS,08/22/2025 07:40:00 AM,UNABLE TO DETERMINE,NOT APPLICABLE,4740,S,WESTERN AVE,922,,,,,,,2,NO INDICATION OF INJURY,0,0,0,0,0,2,0,7,6,8,41.8072262987,-87.6845363951,POINT (-87.684536395054 41.807226298685)
0d7c47dbcc76a7c20b34ffc3f7afcf5764b37c4ddd590e7cd62dbaf237430fc6171af7b4f99a7a569c21f5a7df41f8b95235b573d023094d14bc9464e1661e88,,08/22/2025 07:30:00 AM,30,NO CONTROLS,NO CONTROLS,CLEAR,DAYLIGHT,REAR END,ONE-WAY,,STRAIGHT AND LEVEL,DRY,UNKNOWN,NOT ON SCENE (DESK REPORT),NO INJURY / DRIVE AWAY,,,Y,"$501 - $1,500",08/23/2025 07:20:00 AM,UNABLE TO DETERMINE,UNABLE TO DETERMINE,1100,W,99TH ST,2232,,,,,,,2,NO INDICATION OF INJURY,0,0,0,0,0,2,0,7,6,8,41.71361681,-87.6504414699,POINT (-87.65044146986 41.713616809981)
216867c93b7122b14c67460f3b82ea169466bb37b5b6a939872e87c27b4f0f75b58b164875b600bf019d62b1c32b08f42407181b8eeff4fae488f2c69a1e31c8,,08/22/2025 07:30:00 AM,30,STOP SIGN/FLASHER,FUNCTIONING PROPERLY,CLEAR,DAYLIGHT,ANGLE,DIVIDED - W/MEDIAN (NOT RAISED),,STRAIGHT AND LEVEL,DRY,NO DEFECTS,NOT ON SCENE (DESK REPORT),NO INJURY / DRIVE AWAY,,,,"OVER $1,500",08/22/2025 04:00:00 PM,FAILING TO YIELD RIGHT-OF-WAY,NOT APPLICABLE,1200,W,WEBSTER AVE,1811,,,,,,,2,NO INDICATION OF INJURY,0,0,0,0,0,2,0,7,6,8,41.9217704906,-87.658398202,POINT (-87.658398201965 41.921770490641)
f7d970ca7ae91382693f8e62d19c74604a96e4b6942a13c60f9197983f4990728a3d85488a4722c33fbdfb1d06cf2648cfd06af57b8988755fc6c06efc1d49d8,,08/22/2025 07:27:00 AM,30,NO CONTROLS,NO CONTROLS,CLEAR,DAYLIGHT,PARKED MOTOR VEHICLE,L-INTERSECTION,,STRAIGHT AND LEVEL,DRY,"RUT, HOLES",ON SCENE,NO INJURY / DRIVE AWAY,Y,,,"OVER $1,500",08/22/2025 07:50:00 AM,DRIVING SKILLS/KNOWLEDGE/EXPERIENCE,DRIVING SKILLS/KNOWLEDGE/EXPERIENCE,6258,W,ARMITAGE AVE,2512,,,,,,,2,NO INDICATION OF INJURY,0,0,0,0,0,2,0,7,6,8,41.9167707225,-87.7826756569,POINT (-87.782675656922 41.916770722457)
820d219ddc1df97d66b7076c3f1e43da270fd32fdac152c0094a312ecdfd7e777695770ec4196d047a7d5e04d8b0b0b7c8203014ee6e925c0ba9a09cdd9212ad,,08/22/2025 07:23:00 AM,30,NO CONTROLS,NO CONTROLS,CLEAR,DAYLIGHT,PARKED MOTOR VEHICLE,NOT DIVIDED,,STRAIGHT AND LEVEL,DRY,UNKNOWN,NOT ON SCENE (DESK REPORT),NO INJURY / DRIVE AWAY,,,,$500 OR LESS,08/22/2025 09:45:00 AM,UNABLE TO DETERMINE,UNABLE TO DETERMINE,7742,N,MARSHFIELD AVE,2422,,,,,,,2,NO INDICATION OF INJURY,0,0,0,0,0,5,0,7,6,8,42.0224017078,-87.6720314524,POINT (-87.672031452424 42.022401707832)
605ab83e951201b6d6b969078f7bf945ab2d27abc2ec70ad20b8b209099c67752622d7466fc3dbced154e12091a98b7a0dab2baebc4340ffac6db434f4dbdf4d,,08/22/2025 07:20:00 AM,10,NO CONTROLS,NO CONTROLS,CLEAR,DAYLIGHT,ANGLE,PARKING LOT,,STRAIGHT AND LEVEL,DRY,NO DEFECTS,NOT ON SCENE (DESK REPORT),NO INJURY / DRIVE AWAY,,Y,,"OVER $1,500",08/22/2025 09:30:00 AM,UNABLE TO DETERMINE,UNABLE TO DETERMINE,1919,N,CICERO AVE,2533,,,,,,,2,NO INDICATION OF INJURY,0,0,0,0,0,2,0,7,6,8,41.9157101456,-87.7459077545,POINT (-87.745907754514 41.915710145553)
814c37e58cc2ae694577c774cca5e135768a8e81a7f8bc77a63c3c873adcc4fdf4f278bb17a3e0be7332a137b50e7e0ca7fe776024a7879fc9ca53dfbed24b03,,08/22/2025 07:20:00 AM,30,STOP SIGN/FLASHER,FUNCTIONING PROPERLY,CLEAR,DAYLIGHT,TURNING,NOT DIVIDED,,STRAIGHT AND LEVEL,DRY,NO DEFECTS,NOT ON SCENE (DESK REPORT),NO INJURY / DRIVE AWAY,,,,"OVER $1,500",08/22/2025 07:45:00 AM,UNABLE TO DETERMINE,UNABLE TO DETERMINE,2432,N,KOSTNER AVE,2524,,,,,,,2,NO INDICATION OF INJURY,0,0,0,0,0,2,0,7,6,8,41.925456686,-87.7367798636,POINT (-87.736779863599 41.925456686023)
b9f5c9a0854c034b635dc1d8d7fde2f5d040c34adef9a2d1273a76943433703cf52861c0a3f67b2ca00a2659b947dcccae6764152033b18117f95b7b82431df8,,08/22/2025 07:20:00 AM,30,UNKNOWN,UNKNOWN,CLEAR,DAYLIGHT,TURNING,OTHER,,STRAIGHT AND LEVEL,UNKNOWN,UNKNOWN,NOT ON SCENE (DESK REPORT),NO INJURY / DRIVE AWAY,,,Y,"OVER $1,500",08/22/2025 07:45:00 AM,UNABLE TO DETERMINE,NOT APPLICABLE,4140,N,MARINE DR,1915,,,,,,,2,NO INDICATION OF INJURY,0,0,0,0,0,2,0,7,6,8,41.9568071226,-87.6461175022,POINT (-87.646117502244 41.956807122603)
fa8f569f87091c2c57f1c358459b7d6a62224639d738b885d261ddf0db80ebcc859554d22c6840bdfab027660a5430b4f1f465d3cf41919b37eac3a2976a9799,,08/22/2025 07:17:00 AM,30,NO CONTROLS,NO CONTROLS,CLEAR,DAYLIGHT,PEDALCYCLIST,FOUR WAY,,STRAIGHT AND LEVEL,DRY,NO DEFECTS,NOT ON SCENE (DESK REPORT),NO INJURY / DRIVE AWAY,,,,"OVER $1,500",08/22/2025 08:15:00 AM,FAILING TO YIELD RIGHT-OF-WAY,UNABLE TO DETERMINE,456,N,DAMEN AVE,1221,,,Y,,,,2,NO INDICATION OF INJURY,0,0,0,0,0,2,0,7,6,8,41.890374775,-87.677042676,POINT (-87.677042676037 41.890374775033)
90f13f693d6cbac82f8cd88917b97e9ab4fbc66455f96bdd6b09c68005e9ae6e58978bb573f51592cce78c6eb3592d87f8ab205694d7fab1c3364ac449737e37,,08/22/2025 07:07:00 AM,35,PEDESTRIAN CROSSING SIGN,FUNCTIONING IMPROPERLY,CLEAR,DAYLIGHT,SIDESWIPE SAME DIRECTION,NOT DIVIDED,,STRAIGHT AND LEVEL,DRY,NO DEFECTS,ON SCENE,INJURY AND / OR TOW DUE TO CRASH,Y,,,"OVER $1,500",08/22/2025 07:11:00 AM,FOLLOWING TOO CLOSELY,FOLLOWING TOO CLOSELY,925,N,CICERO AVE,1111,,,,,,,2,"REPORTED, NOT EVIDENT",1,0,0,0,1,1,0,7,6,8,41.8977209941,-87.7457174925,POINT (-87.745717492515 41.897720994084)
f48a3750754a772728d54939b11c31e802f36feb2191e0848447b4a04ce82cc3b9b90f124ffbc84f529629d2e4f4bf85aad8ce0b17b11c03fd0fd85e1c96c7f8,,08/22/2025 07:02:00 AM,30,NO CONTROLS,NO CONTROLS,CLEAR,DAYLIGHT,PARKED MOTOR VEHICLE,OTHER,,STRAIGHT AND LEVEL,DRY,NO DEFECTS,ON SCENE,NO INJURY / DRIVE AWAY,,,,"OVER $1,500",08/22/2025 07:05:00 AM,"EVASIVE ACTION DUE TO ANIMAL, OBJECT, NONMOTORIST",NOT APPLICABLE,6530,S,ROCKWELL ST,831,,,,,,,3,NO INDICATION OF INJURY,0,0,0,0,0,7,0,7,6,8,41.7745844632,-87.6885494507,POINT (-87.688549450687 41.774584463186)