CRASH_RECORD_ID,CRASH_DATE_EST_I,CRASH_DATE,POSTED_SPEED_LIMIT,TRAFFIC_CONTROL_DEVICE,DEVICE_CONDITION,WEATHER_CONDITION,LIGHTING_CONDITION,FIRST_CRASH_TYPE,TRAFFICWAY_TYPE,LANE_CNT,ALIGNMENT,ROADWAY_SURFACE_COND,ROAD_DEFECT,REPORT_TYPE,CRASH_TYPE,INTERSECTION_RELATED_I,NOT_RIGHT_OF_WAY_I,HIT_AND_RUN_I,DAMAGE,DATE_POLICE_NOTIFIED,PRIM_CONTRIBUTORY_CAUSE,SEC_CONTRIBUTORY_CAUSE,STREET_NO,STREET_DIRECTION,STREET_NAME,BEAT_OF_OCCURRENCE,PHOTOS_TAKEN_I,STATEMENTS_TAKEN_I,DOORING_I,WORK_ZONE_I,WORK_ZONE_TYPE,WORKERS_PRESENT_I,NUM_UNITS,MOST_SEVERE_INJURY,INJURIES_TOTAL,INJURIES_FATAL,INJURIES_INCAPACITATING,INJURIES_NON_INCAPACITATING,INJURIES_REPORTED_NOT_EVIDENT,INJURIES_NO_INDICATION,INJURIES_UNKNOWN,CRASH_HOUR,CRASH_DAY_OF_WEEK,CRASH_MONTH,LATITUDE,LONGITUDE,LOCATION
606226e8b08d1c470854182749ac4559e7d7a6f4a814e3094d2e5c93b7477ca774388ceac90eddeddba9510a23ab0e9e2edf101602b977bc862ab1c3e2e1c5ca,Y,08/22/2025 07:00:00 AM,25,NO CONTROLS,NO CONTROLS,UNKNOWN,UNKNOWN,PARKED MOTOR VEHICLE,UNKNOWN,,STRAIGHT AND LEVEL,UNKNOWN,UNKNOWN,NOT ON SCENE (DESK REPORT),NO INJURY / DRIVE AWAY,,,Y,"OVER $1,500",08/22/2025 07:50:00 AM,NOT APPLICABLE,NOT APPLICABLE,3653,W,25TH ST,1013,,,,,,,2,NO INDICATION OF INJURY,0,0,0,0,0,1,0,7,6,8,41.8460814867,-87.7169427346,POINT (-87.716942734628 41.846081486692)
985ba487f3feabdc124d998197490250026a08a5709e018b2b88875b3c8b70e701dcfcfee9f63774a7fdc38aac1ecd6b5717fa3b514b79458f21c439ae7403f1,,08/22/2025 07:00:00 AM,30,STOP SIGN/FLASHER,FUNCTIONING PROPERLY,CLEAR,DAYLIGHT,ANGLE,DIVIDED - W/MEDIAN BARRIER,,STRAIGHT AND LEVEL,DRY,NO DEFECTS,NOT ON SCENE (DESK REPORT),NO INJURY / DRIVE AWAY,,,,"OVER $1,500",08/27/2025 07:15:00 PM,FAILING TO YIELD RIGHT-OF-WAY,FAILING TO YIELD RIGHT-OF-WAY,4900,S,DREXEL BLVD,223,,,,,,,2,NO INDICATION OF INJURY,0,0,0,0,0,2,0,7,6,8,41.805826564,-87.6044403416,POINT (-87.604440341609 41.805826563974)
c480417d190472b341458764d42891f97f4f3826bc5af084f202e89bc3c7de9cb6fa00bbbe3f6e768b95269a696a4c3855dc1fcd75fe5a201f5c66219b50c012,,08/22/2025 07:00:00 AM,20,TRAFFIC SIGNAL,FUNCTIONING PROPERLY,CLEAR,DAYLIGHT,SIDESWIPE SAME DIRECTION,NOT DIVIDED,,STRAIGHT AND LEVEL,DRY,NO DEFECTS,NOT ON SCENE (DESK REPORT),NO INJURY / DRIVE AWAY,,,,"$501 - $1,500",08/22/2025 08:00:00 AM,FAILING TO YIELD RIGHT-OF-WAY,NOT APPLICABLE,2305,N,OAK PARK AVE,2512,,,,,,,2,NO INDICATION OF INJURY,0,0,0,0,0,2,0,7,6,8,41.9213535377,-87.7950253379,POINT (-87.795025337917 41.921353537673)
64aa4101d2bbf7ce73d57fa094c6112701e9761a8a7249c35cc37261c1c4db22a5409736e2440aa2e441d50334d62ac004a511a5b3aeeee01bb513509e88f283,,08/22/2025 06:52:00 AM,15,NO CONTROLS,NO CONTROLS,CLEAR,UNKNOWN,PARKED MOTOR VEHICLE,PARKING LOT,,STRAIGHT AND LEVEL,DRY,UNKNOWN,NOT ON SCENE (DESK REPORT),NO INJURY / DRIVE AWAY,,,,"OVER $1,500",08/22/2025 06:30:00 PM,UNABLE TO DETERMINE,NOT APPLICABLE,210,W,79TH ST,623,,,,,,,2,NO INDICATION OF INJURY,0,0,0,0,0,1,0,6,6,8,41.7509665513,-87.6299610504,POINT (-87.629961050438 41.750966551303)
4c9351deb6ec7d05a70fd5c660ed319fa012a92ee07ce6711fe3250c6b9a7f3ad257da9c69500f98af069ca6b74f295d09fcc7353e03eeeef7ce27230eca92c4,,08/22/2025 06:39:00 AM,35,TRAFFIC SIGNAL,FUNCTIONING PROPERLY,CLEAR,DAYLIGHT,TURNING,FOUR WAY,,STRAIGHT AND LEVEL,DRY,NO DEFECTS,ON SCENE,NO INJURY / DRIVE AWAY,Y,,,"OVER $1,500",08/22/2025 06:42:00 AM,NOT APPLICABLE,NOT APPLICABLE,9501,S,WESTERN AVE,2213,,,,,,,2,NO INDICATION OF INJURY,0,0,0,0,0,2,0,6,6,8,41.7208489266,-87.6819151126,POINT (-87.681915112556 41.720848926601)
7c33e0041fc2690264fd5124013b5437f2cdd73991e645c441874bd288ad2614c4cbedbd7c4ab7a4f4dbf960908c5a58d9d602b32c3ccb9edf41df89237be7e7,,08/22/2025 06:20:00 AM,15,NO CONTROLS,NO CONTROLS,CLEAR,DAYLIGHT,PARKED MOTOR VEHICLE,PARKING LOT,,STRAIGHT AND LEVEL,DRY,NO DEFECTS,NOT ON SCENE (DESK REPORT),NO INJURY / DRIVE AWAY,,,Y,"OVER $1,500",08/22/2025 06:40:00 AM,UNABLE TO DETERMINE,NOT APPLICABLE,7859,S,STATE ST,623,,,,,,,2,NO INDICATION OF INJURY,0,0,0,0,0,1,0,6,6,8,41.7510095803,-87.6244014161,POINT (-87.624401416141 41.75100958029)
41d03f814fc4a6910c9aa11d92d70cf1ce85f56ee39aab361d95a99219f10722c0fc2301d4a9bcf27bbb8b382c7827abf97c3a5a2fd03d3ddb76bdea73665c63,,08/22/2025 06:15:00 AM,30,TRAFFIC SIGNAL,FUNCTIONING PROPERLY,CLEAR,DAYLIGHT,ANGLE,NOT DIVIDED,,STRAIGHT AND LEVEL,DRY,NO DEFECTS,ON SCENE,INJURY AND / OR TOW DUE TO CRASH,Y,,,"OVER $1,500",08/22/2025 06:17:00 AM,NOT APPLICABLE,NOT APPLICABLE,10600,S,EWING AVE,432,,,,,,,2,NO INDICATION OF INJURY,0,0,0,0,0,2,0,6,6,8,41.7026430273,-87.5354298463,POINT (-87.535429846322 41.702643027286)
af832613a7c9e2fd37bd65777ad68bc20799f903d8ab8f241f8dbfd7a2b5d99a28c7bdaa2b2ec72876a05199a907cb2f771052038c09a9576b5619c9433e5071,,08/22/2025 06:07:00 AM,30,TRAFFIC SIGNAL,FUNCTIONING PROPERLY,CLEAR,DAWN,TURNING,NOT DIVIDED,,STRAIGHT AND LEVEL,DRY,OTHER,ON SCENE,NO INJURY / DRIVE AWAY,Y,,,"OVER $1,500",08/22/2025 06:12:00 AM,IMPROPER TURNING/NO SIGNAL,DISREGARDING OTHER TRAFFIC SIGNS,4601,W,DEVON AVE,1711,N,N,,Y,CONSTRUCTION,,2,NO INDICATION OF INJURY,0,0,0,0,0,2,0,6,6,8,41.9971560158,-87.7436111039,POINT (-87.743611103871 41.997156015783)
cfe3887c3737ce55dd7689f4efca45b32fcb79ad5cf5104811c3de7213bc9adae65b880d8af557a0a0d943039a1ed360bc65c2ad2c7ab6a1dfd7a129787c2ae3,,08/22/2025 06:03:00 AM,30,TRAFFIC SIGNAL,UNKNOWN,CLEAR,DAWN,FIXED OBJECT,NOT DIVIDED,,STRAIGHT AND LEVEL,DRY,UNKNOWN,ON SCENE,INJURY AND / OR TOW DUE TO CRASH,Y,Y,,"OVER $1,500",08/22/2025 06:03:00 AM,UNABLE TO DETERMINE,NOT APPLICABLE,2145,S,PULASKI RD,1014,,,,,,,1,NONINCAPACITATING INJURY,1,0,0,1,0,0,0,6,6,8,41.8519345757,-87.7246225436,POINT (-87.724622543612 41.851934575674)
660e4b5c8c172c4deaa50a1b1ea5128a3b9fa639cfce3510eba5e20e96a27cf99c92652ca4f886d5ce55876658854817df27495eda09dac74b2d2bd79182efa9,,08/22/2025 06:00:00 AM,15,NO CONTROLS,NO CONTROLS,CLEAR,DAYLIGHT,PARKED MOTOR VEHICLE,ONE-WAY,,STRAIGHT AND LEVEL,UNKNOWN,UNKNOWN,NOT ON SCENE (DESK REPORT),NO INJURY / DRIVE AWAY,,,Y,"$501 - $1,500",08/29/2025 11:50:00 AM,FAILING TO YIELD RIGHT-OF-WAY,UNABLE TO DETERMINE,1867,N,POE ST,1811,,,,,,,2,NO INDICATION OF INJURY,0,0,0,0,0,1,0,6,6,8,41.9159291932,-87.6539497035,POINT (-87.653949703522 41.915929193236)
fc4481926135c74bb12996b3afeb9adb2cd06848242c616672639d1c1d010bc296da4c8ad88fc6e4f2e2b81d31143b37f324c1ad44b6b1a3ee737f049bf8f08e,Y,08/22/2025 06:00:00 AM,35,NO CONTROLS,OTHER,CLEAR,DAYLIGHT,PARKED MOTOR VEHICLE,NOT DIVIDED,,STRAIGHT AND LEVEL,DRY,NO DEFECTS,NOT ON SCENE (DESK REPORT),NO INJURY / DRIVE AWAY,,,Y,$500 OR LESS,08/22/2025 05:00:00 PM,UNABLE TO DETERMINE,UNABLE TO DETERMINE,6338,S,COTTAGE GROVE AVE,312,,,,,,,2,NO INDICATION OF INJURY,0,0,0,0,0,1,0,6,6,8,41.7792468097,-87.6060519151,POINT (-87.606051915116 41.779246809736)
3e399c55a761c9547d3501f52a26bdafcbefba9746b8d2af1bd4bdb4f965453a40f255ae61f47cc752c99613146451ce845376de74f6d72f183eaa0cd32b527f,,08/22/2025 05:30:00 AM,30,TRAFFIC SIGNAL,FUNCTIONING PROPERLY,CLEAR,DAYLIGHT,ANGLE,FOUR WAY,,STRAIGHT AND LEVEL,DRY,NO DEFECTS,ON SCENE,INJURY AND / OR TOW DUE TO CRASH,Y,,,"OVER $1,500",08/22/2025 05:31:00 AM,FAILING TO YIELD RIGHT-OF-WAY,NOT APPLICABLE,6831,W,FOREST PRESERVE AVE,1632,,,,,,,2,NONINCAPACITATING INJURY,1,0,0,1,0,1,0,5,6,8,41.9583173523,-87.7976884667,POINT (-87.797688466696 41.958317352276)
ccd31375728e899475195b3fd2c543523a199affcf2cc363dbe8f868aeef81fba36c80f5b1936c7e3ba563e74563a2e4be338324eb4883477f4bd2002e69298f,,08/22/2025 05:25:00 AM,10,NO CONTROLS,NO CONTROLS,CLEAR,DAYLIGHT,PARKED MOTOR VEHICLE,PARKING LOT,,STRAIGHT AND LEVEL,DRY,NO DEFECTS,ON SCENE,INJURY AND / OR TOW DUE TO CRASH,,Y,,"OVER $1,500",08/22/2025 05:26:00 AM,NOT APPLICABLE,NOT APPLICABLE,4944,S,ARCHER AVE,821,,,,,,,5,INCAPACITATING INJURY,1,0,1,0,0,0,0,5,6,8,41.8034669806,-87.7217864296,POINT (-87.721786429648 41.8034669806)
2d8203aafc95d9e20d34bc49a3122d7c49fdac87d84a4abe5087a9bb0d25a2631c7018611402522866290d1e9d30ad596465bdd8788e84bc5ad23a6fda7d4e43,,08/22/2025 04:07:00 AM,30,STOP SIGN/FLASHER,FUNCTIONING PROPERLY,CLEAR,DAYLIGHT,REAR TO SIDE,DIVIDED - W/MEDIAN (NOT RAISED),,STRAIGHT AND LEVEL,DRY,NO DEFECTS,NOT ON SCENE (DESK REPORT),NO INJURY / DRIVE AWAY,,,,"OVER $1,500",08/23/2025 10:20:00 AM,IMPROPER BACKING,NOT APPLICABLE,1025,N,LARRABEE ST,1823,,,,,,,2,NO INDICATION OF INJURY,0,0,0,0,0,2,0,4,6,8,41.9012404405,-87.6429774272,POINT (-87.64297742722 41.901240440537)
3c4fd41ac352a00226db24e070b166e2348fefc8f3d9a140dd2aa8e39e2f4e0e783bd26e30553a61ddff98d744de07b52532bf359c9a65d558f8ac7c9b8eaa84,,08/22/2025 03:02:00 AM,30,NO CONTROLS,NO CONTROLS,CLEAR,"DARKNESS, LIGHTED ROAD",REAR END,NOT DIVIDED,,STRAIGHT AND LEVEL,DRY,NO DEFECTS,ON SCENE,INJURY AND / OR TOW DUE TO CRASH,,,Y,"OVER $1,500",08/22/2025 03:27:00 AM,UNABLE TO DETERMINE,UNABLE TO DETERMINE,3836,S,CALIFORNIA AVE,911,,,,,,,4,"REPORTED, NOT EVIDENT",1,0,0,0,1,1,0,3,6,8,41.8235249316,-87.6947756906,POINT (-87.694775690594 41.823524931564)
3b22a9ede6b84dbcdc2843d595adf4affbc9b8f79d95ca594733d4355ee900ac3ccbf213f43f2b4f5c5ad638f751efd490e0c973e2f93f9bae4f682323302030,,08/22/2025 03:00:00 AM,30,NO CONTROLS,NO CONTROLS,CLEAR,DARKNESS,PARKED MOTOR VEHICLE,ONE-WAY,,STRAIGHT AND LEVEL,DRY,NO DEFECTS,NOT ON SCENE (DESK REPORT),NO INJURY / DRIVE AWAY,,,Y,"OVER $1,500",08/22/2025 11:55:00 AM,UNABLE TO DETERMINE,UNABLE TO DETERMINE,7408,S,PARNELL AVE,732,,,,,,,2,NO INDICATION OF INJURY,0,0,0,0,0,1,0,3,6,8,41.7595159034,-87.6386233066,POINT (-87.638623306581 41.759515903366)
451ea8da92473561890cf883a027bd53c05754d276aff516750670b4a15671619ea07174317c770a9e0e1731b0213e39d0797823954714ff05c31cf3abf108fb,,08/22/2025 02:57:00 AM,30,TRAFFIC SIGNAL,FUNCTIONING PROPERLY,CLEAR,"DARKNESS, LIGHTED ROAD",FIXED OBJECT,DIVIDED - W/MEDIAN (NOT RAISED),,STRAIGHT AND LEVEL,DRY,NO DEFECTS,ON SCENE,INJURY AND / OR TOW DUE TO CRASH,Y,,,"OVER $1,500",08/22/2025 03:00:00 AM,IMPROPER OVERTAKING/PASSING,IMPROPER OVERTAKING/PASSING,6200,N,WESTERN AVE,2413,,Y,,,,,1,INCAPACITATING INJURY,1,0,1,0,0,0,0,2,6,8,41.9941811771,-87.6899142192,POINT (-87.689914219179 41.994181177113)
84cc457e3c2cae4c069a5b16ac8b2d03b249115f99d49c3c8bb9839e8742f24da3f30f535c956b3716997a0c85e37b613db87ceb40fca338e2d2b9f841ea215f,Y,08/22/2025 02:45:00 AM,30,NO CONTROLS,NO CONTROLS,CLEAR,"DARKNESS, LIGHTED ROAD",PARKED MOTOR VEHICLE,NOT DIVIDED,,STRAIGHT AND LEVEL,DRY,NO DEFECTS,NOT ON SCENE (DESK REPORT),NO INJURY / DRIVE AWAY,,,Y,"OVER $1,500",08/22/2025 07:35:00 PM,UNABLE TO DETERMINE,UNABLE TO DETERMINE,4334,W,13TH ST,1011,,,,,,,2,NO INDICATION OF INJURY,0,0,0,0,0,1,0,2,6,8,41.8643314158,-87.7338299397,POINT (-87.733829939731 41.864331415766)
d332704baf5854978ec85fff30ac81073a738fb1cc0dd43c3740e2c7f560cb7eb18d0724decd760b25fe10ab3488f06497fdb2c2d784c0372b1c6cca311c87e4,,08/22/2025 02:21:00 AM,30,NO CONTROLS,NO CONTROLS,CLEAR,"DARKNESS, LIGHTED ROAD",PARKED MOTOR VEHICLE,DIVIDED - W/MEDIAN (NOT RAISED),,STRAIGHT AND LEVEL,DRY,UNKNOWN,ON SCENE,INJURY AND / OR TOW DUE TO CRASH,,,Y,"OVER $1,500",08/22/2025 02:58:00 AM,UNABLE TO DETERMINE,NOT APPLICABLE,5445,S,CALIFORNIA AVE,923,,,,,,,2,NO INDICATION OF INJURY,0,0,0,0,0,1,0,2,6,8,41.794180809,-87.6936649037,POINT (-87.693664903726 41.794180809036)
166293bdee3bccdcced52bd8ed18f8d1116809e3edc01a854388ec2680a55ca3463da55b137dcacbfbee477856dc98ca1b6f27006e09b5bf6f2509459d9f0590,,08/22/2025 01:30:00 AM,25,NO CONTROLS,NO CONTROLS,RAIN,"DARKNESS, LIGHTED ROAD",PARKED MOTOR VEHICLE,NOT DIVIDED,,STRAIGHT AND LEVEL,DRY,NO DEFECTS,ON SCENE,NO INJURY / DRIVE AWAY,,,,"OVER $1,500",08/22/2025 01:45:00 AM,UNABLE TO DETERMINE,NOT APPLICABLE,5830,S,SANGAMON ST,712,,,,,,,2,NO INDICATION OF INJURY,0,0,0,0,0,1,0,1,6,8,41.7878233759,-87.6487832334,POINT (-87.648783233414 41.787823375859)
b01c241dcd3f99e6e324abe13a3df31776ee9b4f37d8266d1bf02566ce8c55fc88f98bae2d987e77c0a27c7e8bf1cb7bf566814190e64c816a42e5aa8aa629e1,,08/22/2025 01:28:00 AM,30,TRAFFIC SIGNAL,NO CONTROLS,CLEAR,"DARKNESS, LIGHTED ROAD",FIXED OBJECT,ONE-WAY,,STRAIGHT AND LEVEL,DRY,NO DEFECTS,ON SCENE,INJURY AND / OR TOW DUE TO CRASH,,,Y,"$501 - $1,500",08/22/2025 01:30:00 AM,UNABLE TO DETERMINE,UNABLE TO DETERMINE,3549,W,DOUGLAS BLVD,1021,,,,,,,1,"REPORTED, NOT EVIDENT",1,0,0,0,1,3,0,1,6,8,41.8622947895,-87.7147844273,POINT (-87.714784427321 41.862294789539)
5ba01625e02f03cb238365e43799e80e78f31c3531c55d4e0cdc41fe1a55ff0c3f50efa86cebef9c274c7e5560232e9c0c249b6c1beac4ec6a6c4816952c934e,,08/22/2025 01:09:00 AM,30,TRAFFIC SIGNAL,FUNCTIONING PROPERLY,CLEAR,"DARKNESS, LIGHTED ROAD",REAR END,DIVIDED - W/MEDIAN BARRIER,,STRAIGHT AND LEVEL,DRY,NO DEFECTS,ON SCENE,INJURY AND / OR TOW DUE TO CRASH,Y,,Y,"OVER $1,500",08/22/2025 01:22:00 AM,FAILING TO REDUCE SPEED TO AVOID CRASH,UNABLE TO DETERMINE,1958,W,IRVING PARK RD,1912,,,,,,,2,NO INDICATION OF INJURY,0,0,0,0,0,2,0,1,6,8,41.9542682515,-87.678635564,POINT (-87.678635564014 41.954268251544)
704875995039565edc4250d6bb0cfbaaf4cefaf3b22aed171a5a2ede9dc15ceca2c249f1d94767fad70c653fff9e31d3d9ff9575aa1db7c08d9dc708a746d788,Y,08/22/2025 01:00:00 AM,25,NO CONTROLS,NO CONTROLS,CLEAR,UNKNOWN,PARKED MOTOR VEHICLE,NOT DIVIDED,,STRAIGHT AND LEVEL,DRY,NO DEFECTS,ON SCENE,INJURY AND / OR TOW DUE TO CRASH,,,Y,"OVER $1,500",08/22/2025 07:40:00 AM,UNABLE TO DETERMINE,UNABLE TO DETERMINE,2521,N,LONG AVE,2515,,,,,,,2,NO INDICATION OF INJURY,0,0,0,0,0,1,0,1,6,8,41.9265267515,-87.7610106032,POINT (-87.7610106032 41.926526751476)
7d20e1cb57e2d72d33c24d82165df2191efa776af9a9ba007d8dea77f785e84d9bc2e08330b306b691467fbafdb67e9860eb6ecdbeed87aa114fcf87d97c6068,,08/22/2025 12:45:00 AM,30,NO CONTROLS,NO CONTROLS,CLEAR,"DARKNESS, LIGHTED ROAD",PARKED MOTOR VEHICLE,NOT DIVIDED,,STRAIGHT AND LEVEL,DRY,NO DEFECTS,ON SCENE,INJURY AND / OR TOW DUE TO CRASH,,,,"OVER $1,500",08/22/2025 12:56:00 AM,PHYSICAL CONDITION OF DRIVER,NOT APPLICABLE,5240,N,CICERO AVE,1621,,,,,,,2,NONINCAPACITATING INJURY,1,0,0,1,0,0,0,0,6,8,41.9764878104,-87.7481820482,POINT (-87.748182048211 41.976487810389)
df451f8994d06d9b90f80c3001d37350c83221a755da86d9fb9024082a8af2ee994c325b3caa4c8dec6eef5371d5aab16309ab4a1bc06db3027c92753887103f,,08/22/2025 12:25:00 AM,25,TRAFFIC SIGNAL,FUNCTIONING PROPERLY,CLEAR,"DARKNESS, LIGHTED ROAD",ANGLE,CENTER TURN LANE,,STRAIGHT AND LEVEL,DRY,NO DEFECTS,ON SCENE,INJURY AND / OR TOW DUE TO CRASH,Y,,,"OVER $1,500",08/22/2025 12:29:00 AM,FAILING TO YIELD RIGHT-OF-WAY,UNABLE TO DETERMINE,1600,W,IRVING PARK RD,1912,Y,,,,,,2,NO INDICATION OF INJURY,0,0,0,0,0,2,0,0,6,8,41.9543993037,-87.6691128654,POINT (-87.669112865433 41.954399303703)
bade2a16e54cbeebd5a413daa4b4e88efbb269b123fb5205b9374964c708cdec7da7c1edbc140608e44b9db7caf06990c762867459a80eb728de7d3a9e64c094,,08/22/2025 12:01:00 AM,25,NO CONTROLS,NO CONTROLS,CLEAR,"DARKNESS, LIGHTED ROAD",PARKED MOTOR VEHICLE,ONE-WAY,,STRAIGHT AND LEVEL,DRY,NO DEFECTS,NOT ON SCENE (DESK REPORT),NO INJURY / DRIVE AWAY,,,Y,"$501 - $1,500",08/24/2025 06:30:00 PM,PHYSICAL CONDITION OF DRIVER,UNABLE TO DETERMINE,4517,N,KEYSTONE AVE,1722,,,,,,,2,NO INDICATION OF INJURY,0,0,0,0,0,1,0,0,6,8,41.9630492831,-87.7289472884,POINT (-87.728947288383 41.963049283128)
b82480ca9b7ec2f8884730aba92d69294e986d817368aac8e2947af977928699eaf7326d5192fff840632f13058c409d313e0349de08d5a3d5c9d6523b2535f9,,08/22/2025 12:00:00 AM,30,NO CONTROLS,NO CONTROLS,UNKNOWN,UNKNOWN,OTHER NONCOLLISION,NOT DIVIDED,,STRAIGHT AND LEVEL,UNKNOWN,UNKNOWN,ON SCENE,INJURY AND / OR TOW DUE TO CRASH,,,,"OVER $1,500",08/22/2025 08:34:00 AM,UNABLE TO DETERMINE,UNABLE TO DETERMINE,5534,S,RUSSELL DR,233,,,,,,,2,NO INDICATION OF INJURY,0,0,0,0,0,1,0,0,6,8,41.7937221608,-87.6132426677,POINT (-87.613242667664 41.793722160777)
c2ac4a57556fabc48eb28158446f5312813e21e9a3523ab93599fe219197cbaefd462d0de59e58d73d62594ff8da9aff816a4bc8bc4409371855e588799b4640,,08/22/2025 12:00:00 AM,25,NO CONTROLS,NO CONTROLS,CLEAR,"DARKNESS, LIGHTED ROAD",PARKED MOTOR VEHICLE,DIVIDED - W/MEDIAN (NOT RAISED),,STRAIGHT AND LEVEL,DRY,NO DEFECTS,ON SCENE,NO INJURY / DRIVE AWAY,,,,"$501 - $1,500",08/22/2025 12:07:00 AM,UNABLE TO DETERMINE,NOT APPLICABLE,183,N,GREEN ST,1224,,,,,,,2,NO INDICATION OF INJURY,0,0,0,0,0,1,0,0,6,8,41.885529036,-87.6484903162,POINT (-87.648490316187 41.885529035974)
784e4d0079767b0be0a5a6ae511123332f899ab034f829758e8c0633192137d074bfe7f357082b7b1b94bdad3c8eaa0b2093d4aa539b3f1e264dd0330cc56a19,,08/21/2025 11:40:00 PM,35,TRAFFIC SIGNAL,FUNCTIONING PROPERLY,CLEAR,"DARKNESS, LIGHTED ROAD",PARKED MOTOR VEHICLE,NOT DIVIDED,,STRAIGHT AND LEVEL,DRY,NO DEFECTS,ON SCENE,INJURY AND / OR TOW DUE TO CRASH,,,Y,"OVER $1,500",08/21/2025 11:41:00 PM,DISREGARDING TRAFFIC SIGNALS,DISREGARDING TRAFFIC SIGNALS,820,S,CENTRAL PARK AVE,1133,,,,,,,3,NO INDICATION OF INJURY,0,0,0,0,0,1,0,23,5,8,41.8701199845,-87.7156861064,POINT (-87.715686106433 41.870119984548)
362d20d2472117869599def9c1f8e6fe55034fbb9d3a7acafd85d02cd73c78d4e509ef7217c1f87757bde6de54294302bc943b69c2fbae41bb32e8970e504e3c,,08/21/2025 11:37:00 PM,25,STOP SIGN/FLASHER,FUNCTIONING IMPROPERLY,CLEAR,"DARKNESS, LIGHTED ROAD",HEAD ON,NOT DIVIDED,,STRAIGHT AND LEVEL,DRY,NO DEFECTS,ON SCENE,INJURY AND / OR TOW DUE TO CRASH,,,,"OVER $1,500",08/21/2025 11:37:00 PM,FAILING TO YIELD RIGHT-OF-WAY,NOT APPLICABLE,3725,W,WRIGHTWOOD AVE,2524,,,,,,,7,NO INDICATION OF INJURY,0,0,0,0,0,3,0,23,5,8,41.9280984681,-87.7205336562,POINT (-87.72053365621 41.928098468133)
fe2ec40caa9baf44c179211d37fb3aeabe355b5011ca9f3d758214fa9c71b870290d3f62670bcbeda4902f004b695a0c4b8e9a309bda2c92524dabc23437a28f,,08/21/2025 11:34:00 PM,35,TRAFFIC SIGNAL,FUNCTIONING PROPERLY,CLEAR,"DARKNESS, LIGHTED ROAD",SIDESWIPE SAME DIRECTION,ONE-WAY,,STRAIGHT AND LEVEL,DRY,NO DEFECTS,,NO INJURY / DRIVE AWAY,,,Y,"OVER $1,500",08/21/2025 11:45:00 PM,IMPROPER OVERTAKING/PASSING,NOT APPLICABLE,54,W,RANDOLPH ST,111,Y,,,,,,2,NO INDICATION OF INJURY,0,0,0,0,0,3,0,23,5,8,41.8845911581,-87.6299309838,POINT (-87.629930983782 41.88459115814)
512c66a05c82b2cda793dcae2418ff27a1752f13e2032c381c34c3d8ad85a675dcf9fad0b2bdf11d0b8c0600e60b4a87427d8bf71f9bb6d916e7e4a8dbda9f92,,08/21/2025 11:28:00 PM,30,TRAFFIC SIGNAL,FUNCTIONING PROPERLY,CLEAR,"DARKNESS, LIGHTED ROAD",FIXED OBJECT,DIVIDED - W/MEDIAN (NOT RAISED),,STRAIGHT AND LEVEL,DRY,NO DEFECTS,ON SCENE,NO INJURY / DRIVE AWAY,,,Y,"OVER $1,500",08/21/2025 11:28:00 PM,UNABLE TO DETERMINE,NOT APPLICABLE,11199,S,VINCENNES AVE,2234,,,,,,,1,NO INDICATION OF INJURY,0,0,0,0,0,1,0,23,5,8,41.690092864,-87.6644896409,POINT (-87.664489640883 41.69009286396)
bafc238c4bc8904216d581f58460f7f633ef791f28ad728e723c33a8618c38981440fa42fa93c7f5d2175f6cf98d9e8f503bb126c2dbe479e93b12468d7e7de7,Y,08/21/2025 11:10:00 PM,30,OTHER,OTHER,OTHER,UNKNOWN,SIDESWIPE SAME DIRECTION,OTHER,,STRAIGHT AND LEVEL,OTHER,OTHER,NOT ON SCENE (DESK REPORT),INJURY AND / OR TOW DUE TO CRASH,,,,"OVER $1,500",08/21/2025 11:49:00 PM,UNABLE TO DETERMINE,UNABLE TO DETERMINE,300,S,LAKE SHORE DR SB,114,,,,,,,2,"REPORTED, NOT EVIDENT",1,0,0,0,1,3,0,23,5,8,41.8783101346,-87.6175759034,POINT (-87.617575903416 41.878310134581)
adfb7c66e8892c6777f3452a5d24c62771b176325bc7cd15862dd57869129e0ae240bd3191067e033f41f13fb35c2130544fec972667acbed6c6d308ee975d95,,08/21/2025 11:00:00 PM,30,NO CONTROLS,NO CONTROLS,CLEAR,DARKNESS,SIDESWIPE SAME DIRECTION,NOT DIVIDED,,STRAIGHT AND LEVEL,DRY,NO DEFECTS,NOT ON SCENE (DESK REPORT),NO INJURY / DRIVE AWAY,,,,"OVER $1,500",08/21/2025 11:15:00 PM,UNABLE TO DETERMINE,UNABLE TO DETERMINE,2418,N,RIDGEWAY AVE,2524,,,,,,,2,NO INDICATION OF INJURY,0,0,0,0,0,2,0,23,5,8,41.9251526564,-87.7208209874,POINT (-87.720820987397 41.925152656377)
718cc8c835a4f5a5fce2cd2a9dc1f6322a31caf7f4c16079d3ff850214b4330f433da37457799b452bf77bf6c57c8bdcef27fddbe1857d4970b1225d51f15074,,08/21/2025 10:47:00 PM,35,TRAFFIC SIGNAL,FUNCTIONING PROPERLY,CLEAR,"DARKNESS, LIGHTED ROAD",TURNING,DIVIDED - W/MEDIAN (NOT RAISED),,STRAIGHT AND LEVEL,DRY,NO DEFECTS,ON SCENE,INJURY AND / OR TOW DUE TO CRASH,Y,,,"OVER $1,500",08/21/2025 10:50:00 PM,IMPROPER TURNING/NO SIGNAL,NOT APPLICABLE,7100,S,STONY ISLAND AVE,324,,,,,,,2,"REPORTED, NOT EVIDENT",1,0,0,0,1,2,0,22,5,8,41.7659281922,-87.5864700779,POINT (-87.586470077922 41.76592819222)