CRASH_RECORD_ID,CRASH_DATE_EST_I,CRASH_DATE,POSTED_SPEED_LIMIT,TRAFFIC_CONTROL_DEVICE,DEVICE_CONDITION,WEATHER_CONDITION,LIGHTING_CONDITION,FIRST_CRASH_TYPE,TRAFFICWAY_TYPE,LANE_CNT,ALIGNMENT,ROADWAY_SURFACE_COND,ROAD_DEFECT,REPORT_TYPE,CRASH_TYPE,INTERSECTION_RELATED_I,NOT_RIGHT_OF_WAY_I,HIT_AND_RUN_I,DAMAGE,DATE_POLICE_NOTIFIED,PRIM_CONTRIBUTORY_CAUSE,SEC_CONTRIBUTORY_CAUSE,STREET_NO,STREET_DIRECTION,STREET_NAME,BEAT_OF_OCCURRENCE,PHOTOS_TAKEN_I,STATEMENTS_TAKEN_I,DOORING_I,WORK_ZONE_I,WORK_ZONE_TYPE,WORKERS_PRESENT_I,NUM_UNITS,MOST_SEVERE_INJURY,INJURIES_TOTAL,INJURIES_FATAL,INJURIES_INCAPACITATING,INJURIES_NON_INCAPACITATING,INJURIES_REPORTED_NOT_EVIDENT,INJURIES_NO_INDICATION,INJURIES_UNKNOWN,CRASH_HOUR,CRASH_DAY_OF_WEEK,CRASH_MONTH,LATITUDE,LONGITUDE,LOCATION
d0d298bc5abb44dff1e09335942a08ff1ac28c209f8e1923b5144301e7b729738f746afd6100010bccfeab7ce41a47601c34290fa59a107fc989aa0d47965805,,08/21/2025 10:30:00 PM,30,NO CONTROLS,NO CONTROLS,CLEAR,"DARKNESS, LIGHTED ROAD",TURNING,NOT DIVIDED,,STRAIGHT AND LEVEL,DRY,NO DEFECTS,NOT ON SCENE (DESK REPORT),NO INJURY / DRIVE AWAY,Y,,Y,"OVER $1,500",08/21/2025 10:55:00 PM,IMPROPER OVERTAKING/PASSING,DRIVING ON WRONG SIDE/WRONG WAY,3246,W,ADDISON ST,1733,,,,,,,2,NO INDICATION OF INJURY,0,0,0,0,0,2,0,22,5,8,41.9467168984,-87.7096718737,POINT (-87.709671873679 41.946716898377)
10403f1bb3877b67b0f9e308e9fc02374f2b87243ce8be588e9159130e34545a9bb760adcd59b681fc869a2a506ad0ecc76878ab7081c0221d3041afc4c3d4a8,,08/21/2025 10:15:00 PM,30,NO CONTROLS,NO CONTROLS,CLEAR,"DARKNESS, LIGHTED ROAD",REAR TO SIDE,DRIVEWAY,,STRAIGHT AND LEVEL,DRY,UNKNOWN,ON SCENE,NO INJURY / DRIVE AWAY,,,,"$501 - $1,500",08/21/2025 10:18:00 PM,FAILING TO YIELD RIGHT-OF-WAY,UNABLE TO DETERMINE,2549,N,NORDICA AVE,2512,,,,,,,2,NO INDICATION OF INJURY,0,0,0,0,0,4,0,22,5,8,41.9267997995,-87.8025357339,POINT (-87.802535733928 41.926799799492)
6842a41fb9bbc32c284de0c71a1e46a34470698ba6940785b64ada7b08dbada6ad779ea067b88e436cf052469841eaf9f05808bb81f4957603dbee0bf204f335,,08/21/2025 10:15:00 PM,30,UNKNOWN,UNKNOWN,CLEAR,"DARKNESS, LIGHTED ROAD",PARKED MOTOR VEHICLE,UNKNOWN,,STRAIGHT AND LEVEL,UNKNOWN,UNKNOWN,NOT ON SCENE (DESK REPORT),NO INJURY / DRIVE AWAY,,,,"$501 - $1,500",08/21/2025 11:20:00 PM,UNABLE TO DETERMINE,NOT APPLICABLE,9500,S,STATE ST,511,Y,,,,,,2,NO INDICATION OF INJURY,0,0,0,0,0,1,0,22,5,8,41.7215707064,-87.6238733539,POINT (-87.623873353867 41.721570706446)
dc56956834f74667a7b92383ad4db5d0b2251f6493012823c413e55a98032592a66ac14e4698f191e7796026aa668a60fbd0ab5d5d09a650721cbc3031bfa872,,08/21/2025 10:15:00 PM,30,NO CONTROLS,NO CONTROLS,CLEAR,"DARKNESS, LIGHTED ROAD",FIXED OBJECT,ONE-WAY,,STRAIGHT AND LEVEL,DRY,NO DEFECTS,ON SCENE,INJURY AND / OR TOW DUE TO CRASH,,,,"OVER $1,500",08/21/2025 11:37:00 PM,IMPROPER BACKING,NOT APPLICABLE,2432,W,MC LEAN AVE,1431,,,,,,,1,NONINCAPACITATING INJURY,1,0,0,1,0,0,0,22,5,8,41.9186874966,-87.6887931165,POINT (-87.688793116498 41.918687496644)
e2c0f1896134941a52fd2eb0c0236c2d9ecc46353a60b3c931d5c1b41e256cdcd507909287f020a3f3a6d312a45a965f1acba8f9f33782f79bace9af218fd294,,08/21/2025 10:14:00 PM,30,STOP SIGN/FLASHER,FUNCTIONING PROPERLY,CLEAR,"DARKNESS, LIGHTED ROAD",TURNING,T-INTERSECTION,,STRAIGHT AND LEVEL,DRY,NO DEFECTS,ON SCENE,INJURY AND / OR TOW DUE TO CRASH,,,,"OVER $1,500",08/21/2025 10:15:00 PM,IMPROPER TURNING/NO SIGNAL,FAILING TO REDUCE SPEED TO AVOID CRASH,8599,S,STONY ISLAND AVE,412,,,,,,,3,NONINCAPACITATING INJURY,5,0,0,5,0,0,0,22,5,8,41.7387821346,-87.5851029684,POINT (-87.58510296844 41.738782134571)
90fb07eb1e470e7676b7c4c184be552d93244ecd1ac2195dc69242950fc67993f6455852d8af8e21a979db0852e54aa52355395d227340e48fc3c42735afd40a,,08/21/2025 10:10:00 PM,30,TRAFFIC SIGNAL,FUNCTIONING PROPERLY,CLEAR,"DARKNESS, LIGHTED ROAD",TURNING,DIVIDED - W/MEDIAN (NOT RAISED),,STRAIGHT AND LEVEL,DRY,NO DEFECTS,ON SCENE,INJURY AND / OR TOW DUE TO CRASH,,,,"OVER $1,500",08/21/2025 10:14:00 PM,FAILING TO YIELD RIGHT-OF-WAY,NOT APPLICABLE,3400,W,FULLERTON AVE,1413,,,,,,,2,NONINCAPACITATING INJURY,3,0,0,2,1,0,0,22,5,8,41.9247696036,-87.7121699327,POINT (-87.71216993272 41.924769603564)
53539f819b1f2f93d25cbcd78a9143a21b5f61e8e5b6ce86274a3acdd39232d95d7043d5ab75bb2885e70c05860bd710eea9af76abeaa38ec3da19f177e0e0a2,,08/21/2025 10:00:00 PM,30,TRAFFIC SIGNAL,FUNCTIONING PROPERLY,CLEAR,DARKNESS,REAR END,NOT DIVIDED,,STRAIGHT AND LEVEL,DRY,UNKNOWN,NOT ON SCENE (DESK REPORT),NO INJURY / DRIVE AWAY,Y,,,"$501 - $1,500",08/31/2025 02:00:00 PM,FOLLOWING TOO CLOSELY,NOT APPLICABLE,5600,W,GRAND AVE,2515,,,,,,,2,NO INDICATION OF INJURY,0,0,0,0,0,2,0,22,5,8,41.9188702777,-87.765775158,POINT (-87.765775158003 41.918870277663)
7e02d851c0bb7f0e50fd37dae6a429eae4bdf602157873ff421a87e1d1fc4752cc0f4c5154e7ce8b41580e927d061fede4744116601036e06b5ad728f727536f,,08/21/2025 10:00:00 PM,30,NO CONTROLS,NO CONTROLS,CLEAR,DARKNESS,FIXED OBJECT,NOT DIVIDED,,STRAIGHT AND LEVEL,DRY,NO DEFECTS,NOT ON SCENE (DESK REPORT),NO INJURY / DRIVE AWAY,,,,"OVER $1,500",08/28/2025 02:30:00 PM,ROAD ENGINEERING/SURFACE/MARKING DEFECTS,NOT APPLICABLE,1335,W,35TH ST,912,,,,,,,1,NO INDICATION OF INJURY,0,0,0,0,0,1,0,22,5,8,41.8304748819,-87.6588121365,POINT (-87.658812136489 41.830474881851)
90d0811cf332e2a7f6c08bc9a92be0c35e936680c0b2306a2f8c668e7b04e97fd0359f78c4d69271e0f529d23e68b9df50fea8fb4005ce36903d338416be7945,Y,08/21/2025 10:00:00 PM,30,NO CONTROLS,NO CONTROLS,UNKNOWN,UNKNOWN,PARKED MOTOR VEHICLE,ONE-WAY,,STRAIGHT AND LEVEL,UNKNOWN,UNKNOWN,NOT ON SCENE (DESK REPORT),INJURY AND / OR TOW DUE TO CRASH,,,Y,"OVER $1,500",08/22/2025 04:20:00 PM,UNABLE TO DETERMINE,NOT APPLICABLE,4256,W,CONGRESS PKWY,1132,,,,,,,2,NO INDICATION OF INJURY,0,0,0,0,0,1,0,22,5,8,41.8743760343,-87.7325979574,POINT (-87.732597957405 41.874376034321)
805c257476c7e084c89fdf788b5b4df279c5c2847dad0a6a2ac3319e1daebbdacb1aa7e67b0b920d2863330079e1507746ccac239a5423f3243293d3dd34cb60,,08/21/2025 09:50:00 PM,30,UNKNOWN,UNKNOWN,UNKNOWN,UNKNOWN,SIDESWIPE SAME DIRECTION,DIVIDED - W/MEDIAN BARRIER,,STRAIGHT AND LEVEL,UNKNOWN,UNKNOWN,NOT ON SCENE (DESK REPORT),NO INJURY / DRIVE AWAY,Y,,Y,"$501 - $1,500",08/22/2025 03:00:00 PM,DRIVING SKILLS/KNOWLEDGE/EXPERIENCE,UNABLE TO DETERMINE,300,E,ROOSEVELT DR,114,,,,,,,2,NO INDICATION OF INJURY,0,0,0,0,0,4,0,21,5,8,41.8676234285,-87.6203323993,POINT (-87.62033239926 41.867623428526)
cd4f21f5a950323f57a172bef299e35d8ffb902aade5c2d87c21aee16210b66d6307b8d0627f5a5320ec0e982eaa035abe628e2c11b520589c1aaf718c1bff6d,,08/21/2025 09:40:00 PM,30,UNKNOWN,UNKNOWN,CLEAR,"DARKNESS, LIGHTED ROAD",SIDESWIPE SAME DIRECTION,ONE-WAY,,STRAIGHT AND LEVEL,DRY,UNKNOWN,NOT ON SCENE (DESK REPORT),NO INJURY / DRIVE AWAY,,,Y,"$501 - $1,500",08/21/2025 10:50:00 PM,UNABLE TO DETERMINE,UNABLE TO DETERMINE,200,W,GRAND AVE,1831,,,,,,,2,NO INDICATION OF INJURY,0,0,0,0,0,2,0,21,5,8,41.8916961121,-87.634145905,POINT (-87.634145905035 41.891696112063)
fc3ff1559c05425a04bac8cacb5cbe04fdefeccd49832da4b8881b7eaef5125f2c4d75da305af2c20d73605312bbe2098d6609bd56ea55aecb545721473e0bed,,08/21/2025 09:40:00 PM,35,NO CONTROLS,NO CONTROLS,CLEAR,"DARKNESS, LIGHTED ROAD",FIXED OBJECT,DIVIDED - W/MEDIAN (NOT RAISED),,STRAIGHT AND LEVEL,DRY,NO DEFECTS,ON SCENE,INJURY AND / OR TOW DUE TO CRASH,Y,,,"$501 - $1,500",08/21/2025 09:40:00 PM,UNDER THE INFLUENCE OF ALCOHOL/DRUGS (USE WHEN ARREST IS EFFECTED),UNDER THE INFLUENCE OF ALCOHOL/DRUGS (USE WHEN ARREST IS EFFECTED),8337,S,STONY ISLAND AVE,412,,,,,,,1,NO INDICATION OF INJURY,0,0,0,0,0,1,0,21,5,8,41.7431261307,-87.5852104652,POINT (-87.585210465238 41.743126130735)
223dad1230c113bce5d8f0053f428f6f08ef40327e3635da3700b712ccbcef05e87680755746d1832ad4c9379b8981d6aea82303e27b24d5dd70a3e59cbff16f,,08/21/2025 09:39:00 PM,30,TRAFFIC SIGNAL,FUNCTIONING PROPERLY,CLEAR,"DARKNESS, LIGHTED ROAD",REAR TO FRONT,FOUR WAY,,STRAIGHT AND LEVEL,DRY,NO DEFECTS,NOT ON SCENE (DESK REPORT),NO INJURY / DRIVE AWAY,Y,,,$500 OR LESS,08/21/2025 10:15:00 PM,UNABLE TO DETERMINE,NOT APPLICABLE,5601,W,WASHINGTON BLVD,1513,,,,,,,2,NO INDICATION OF INJURY,0,0,0,0,0,2,0,21,5,8,41.882133618,-87.7650065763,POINT (-87.76500657627 41.882133617966)
f6bdc7e34faee247d1af8456a17ddb1acd7b96b28ded439e07c0b3ce4c0becaf2d88bebe0453d706ffc07fa52cc48d12168a257e6265ec42950cea69a750725a,,08/21/2025 09:34:00 PM,30,STOP SIGN/FLASHER,FUNCTIONING PROPERLY,CLEAR,"DARKNESS, LIGHTED ROAD",TURNING,NOT DIVIDED,,STRAIGHT AND LEVEL,DRY,NO DEFECTS,NOT ON SCENE (DESK REPORT),NO INJURY / DRIVE AWAY,Y,,,"$501 - $1,500",08/22/2025 10:25:00 AM,FAILING TO YIELD RIGHT-OF-WAY,NOT APPLICABLE,1035,E,75TH ST,624,,,,,,,2,NO INDICATION OF INJURY,0,0,0,0,0,3,0,21,5,8,41.7585372925,-87.5991782883,POINT (-87.599178288348 41.758537292546)
29c964283a431c95b6b153cf2522effa9f8f21de33fb7df92bde2ed86227be63ae0556a1f1dd122ac4130c25057447744367d47ab27cbbfbe29cc0bc6a00c3c6,,08/21/2025 09:30:00 PM,30,NO CONTROLS,NO CONTROLS,CLEAR,"DARKNESS, LIGHTED ROAD",PARKED MOTOR VEHICLE,DIVIDED - W/MEDIAN (NOT RAISED),,STRAIGHT AND LEVEL,DRY,NO DEFECTS,NOT ON SCENE (DESK REPORT),NO INJURY / DRIVE AWAY,,,,"OVER $1,500",08/21/2025 10:04:00 PM,FOLLOWING TOO CLOSELY,FOLLOWING TOO CLOSELY,600,N,WABASH AVE,1834,,,,,,,2,NO INDICATION OF INJURY,0,0,0,0,0,1,0,21,5,8,41.8925311482,-87.6268959645,POINT (-87.626895964473 41.892531148205)
2f4d705b0e93dc10c2530a5720f83a98a4dcf4b731957d20620fc833b0439c9b1714801743d1c298cc7caf1247e7c91685709ca22cbd9882215adbcac90675b0,,08/21/2025 09:30:00 PM,30,TRAFFIC SIGNAL,FUNCTIONING PROPERLY,CLEAR,"DARKNESS, LIGHTED ROAD",ANGLE,FOUR WAY,,STRAIGHT AND LEVEL,DRY,NO DEFECTS,NOT ON SCENE (DESK REPORT),NO INJURY / DRIVE AWAY,Y,,Y,"OVER $1,500",08/22/2025 06:15:00 PM,DISREGARDING TRAFFIC SIGNALS,NOT APPLICABLE,8298,S,YATES BLVD,414,,,,,,,2,NO INDICATION OF INJURY,0,0,0,0,0,2,0,21,5,8,41.7445509052,-87.5662733566,POINT (-87.566273356577 41.744550905159)
f772b3a763bae2a1b48a89168e1acbe2bb35ae52648f3c7d0a131f9a38b12a2dc642e07083e131d328f8fefd8274697d56ec0880c1149b384ad1b0858dac9a71,,08/21/2025 09:29:00 PM,30,NO CONTROLS,NO CONTROLS,CLEAR,"DARKNESS, LIGHTED ROAD",PARKED MOTOR VEHICLE,NOT DIVIDED,,STRAIGHT AND LEVEL,DRY,NO DEFECTS,ON SCENE,NO INJURY / DRIVE AWAY,,,Y,"OVER $1,500",08/21/2025 09:30:00 PM,UNABLE TO DETERMINE,NOT APPLICABLE,636,W,47TH ST,925,,,,,,,2,NO INDICATION OF INJURY,0,0,0,0,0,1,0,21,5,8,41.8090329227,-87.6421667594,POINT (-87.642166759432 41.809032922729)
9efd851a0e8abd7879e3af56f853ea2c5d524f4495e9ca38d787c749ed5282d081d6d30b694a7382cb41e411fd27e6f48370715212cc2beefe5a9f9e22b759f7,,08/21/2025 09:25:00 PM,30,TRAFFIC SIGNAL,FUNCTIONING PROPERLY,CLEAR,"DARKNESS, LIGHTED ROAD",TURNING,FOUR WAY,,STRAIGHT AND LEVEL,DRY,UNKNOWN,ON SCENE,NO INJURY / DRIVE AWAY,Y,,,"OVER $1,500",08/21/2025 09:49:00 PM,IMPROPER LANE USAGE,IMPROPER TURNING/NO SIGNAL,5200,W,NORTH AVE,2532,,,,,,,2,NO INDICATION OF INJURY,0,0,0,0,0,3,0,21,5,8,41.9096103676,-87.7558522787,POINT (-87.755852278737 41.909610367569)
3f0b42cac13c73a29c0b2f3a8ae1fd1b809ce4f67ec24bda0d9c16323bce8616ae3496cda44e3c7d0bdd7af4ee04c4f989cc6073ff0da9759170da24d855fbf8,,08/21/2025 09:20:00 PM,30,TRAFFIC SIGNAL,FUNCTIONING PROPERLY,CLEAR,"DARKNESS, LIGHTED ROAD",REAR END,DIVIDED - W/MEDIAN (NOT RAISED),,STRAIGHT AND LEVEL,DRY,NO DEFECTS,NOT ON SCENE (DESK REPORT),NO INJURY / DRIVE AWAY,,,,"OVER $1,500",08/21/2025 10:15:00 PM,FOLLOWING TOO CLOSELY,NOT APPLICABLE,2408,N,CENTRAL AVE,2515,,,,,,,2,NO INDICATION OF INJURY,0,0,0,0,0,2,0,21,5,8,41.9242952461,-87.7661504549,POINT (-87.766150454879 41.924295246143)
494d00acacece685d977d902bf81b794590e480c2236c11deae97659a51624489a5660ce957c7e0e10d7a92e2166afbd18bfd34aae7c2dc1869fdd3f328d6347,,08/21/2025 09:16:00 PM,25,NO CONTROLS,NO CONTROLS,CLEAR,"DARKNESS, LIGHTED ROAD",PARKED MOTOR VEHICLE,ONE-WAY,,STRAIGHT AND LEVEL,DRY,UNKNOWN,ON SCENE,NO INJURY / DRIVE AWAY,,,,"$501 - $1,500",08/21/2025 09:48:00 PM,UNABLE TO DETERMINE,NOT APPLICABLE,4020,W,WELLINGTON AVE,2523,,,,,,,2,NO INDICATION OF INJURY,0,0,0,0,0,2,0,21,5,8,41.9355399733,-87.7279689006,POINT (-87.727968900568 41.935539973292)
e49a4c295fd89d31432ec4e3d65bceff0ce23f460b9e6b1eda4ff22f36526c37fa0595d7745bf878dfcf0af7c5912551efee8ff6d4f1b5cb1e672df2c48f4652,,08/21/2025 09:03:00 PM,35,NO CONTROLS,NO CONTROLS,CLEAR,"DARKNESS, LIGHTED ROAD",REAR END,DIVIDED - W/MEDIAN (NOT RAISED),,STRAIGHT AND LEVEL,DRY,NO DEFECTS,ON SCENE,INJURY AND / OR TOW DUE TO CRASH,,,,"OVER $1,500",08/21/2025 09:03:00 PM,FAILING TO REDUCE SPEED TO AVOID CRASH,FOLLOWING TOO CLOSELY,4735,N,PULASKI RD,1723,,,,,,,3,NO INDICATION OF INJURY,0,0,0,0,0,6,0,21,5,8,41.9674389275,-87.7278575178,POINT (-87.727857517802 41.967438927456)
89b4f5fd356a4d87ca2ac4838a001dcd9708542687b3df3f64d810390319849846ee37e6e85be76087731678a8da2b6fe1a0b0187a5d0a78f6f8a3e25a9b3e98,,08/21/2025 09:00:00 PM,20,STOP SIGN/FLASHER,FUNCTIONING PROPERLY,CLEAR,DARKNESS,PEDALCYCLIST,NOT DIVIDED,,STRAIGHT AND LEVEL,DRY,UNKNOWN,NOT ON SCENE (DESK REPORT),INJURY AND / OR TOW DUE TO CRASH,,,Y,"OVER $1,500",08/22/2025 06:30:00 PM,FAILING TO YIELD RIGHT-OF-WAY,UNABLE TO DETERMINE,6000,S,WOOD ST,714,,,,,,,2,"REPORTED, NOT EVIDENT",1,0,0,0,1,1,0,21,5,8,41.7847756756,-87.6693435243,POINT (-87.669343524264 41.784775675568)
39cc1a07c441508ab858fb3365206820e075776e690d32d38e8f75814536bf687574ba7868efdc506760ebff68795a166378f79c338a27dc8a7c8eecb13e4809,,08/21/2025 08:52:00 PM,30,TRAFFIC SIGNAL,FUNCTIONING PROPERLY,CLEAR,"DARKNESS, LIGHTED ROAD",SIDESWIPE SAME DIRECTION,NOT DIVIDED,,STRAIGHT AND LEVEL,DRY,NO DEFECTS,ON SCENE,NO INJURY / DRIVE AWAY,,,,"$501 - $1,500",08/21/2025 08:53:00 PM,FAILING TO YIELD RIGHT-OF-WAY,NOT APPLICABLE,6200,N,SHERIDAN RD,2433,,,,,,,3,NO INDICATION OF INJURY,0,0,0,0,0,6,0,20,5,8,41.9946870986,-87.6556745525,POINT (-87.655674552491 41.994687098576)
ae4d3f6522b63040bc78fd172e7fe5231c98f23e12ba767827b81de2982a2876c4015531a6587c2de3dacb81b43853bc80ef12fd3884484c33e97d219596871b,,08/21/2025 08:45:00 PM,30,NO CONTROLS,NO CONTROLS,CLEAR,"DARKNESS, LIGHTED ROAD",PARKED MOTOR VEHICLE,NOT DIVIDED,,STRAIGHT AND LEVEL,DRY,NO DEFECTS,ON SCENE,NO INJURY / DRIVE AWAY,,,Y,"OVER $1,500",08/21/2025 08:52:00 PM,UNABLE TO DETERMINE,NOT APPLICABLE,6110,S,DAMEN AVE,714,,,,,,,2,NO INDICATION OF INJURY,0,0,0,0,0,1,0,20,5,8,41.7826067456,-87.6741369135,POINT (-87.674136913506 41.782606745566)
4e6de7183d926a7cb98ef0fcca32f4a87258c00aca9e6994faa89fe0228a59c792c8debd3c86c27e95d41845a28ef19866d02ae960db243796bb1f2209f5dbd8,,08/21/2025 08:42:00 PM,30,NO CONTROLS,NO CONTROLS,CLEAR,"DARKNESS, LIGHTED ROAD",TURNING,NOT DIVIDED,,STRAIGHT AND LEVEL,DRY,NO DEFECTS,ON SCENE,NO INJURY / DRIVE AWAY,Y,,,"OVER $1,500",08/21/2025 08:42:00 PM,UNABLE TO DETERMINE,NOT APPLICABLE,900,W,76TH ST,621,,,,,,,2,NO INDICATION OF INJURY,0,0,0,0,0,2,0,20,5,8,41.7561760603,-87.6466712658,POINT (-87.646671265827 41.756176060316)
6418773d7b465edc1b4d8e7f3e9d432a1cfbcacfbf10d52889715f910a80cfa87214bdc7502274023c934a86f13b37a2d93487552a8354635611fb7607a76ae3,,08/21/2025 08:30:00 PM,30,NO CONTROLS,NO CONTROLS,CLEAR,"DARKNESS, LIGHTED ROAD",OTHER OBJECT,NOT DIVIDED,,STRAIGHT AND LEVEL,DRY,UNKNOWN,NOT ON SCENE (DESK REPORT),NO INJURY / DRIVE AWAY,,,,"$501 - $1,500",08/21/2025 09:15:00 PM,UNABLE TO DETERMINE,UNABLE TO DETERMINE,2657,W,DEVON AVE,2413,,,,,,,1,NO INDICATION OF INJURY,0,0,0,0,0,1,0,20,5,8,41.997495257,-87.697056084,POINT (-87.69705608405 41.997495257045)
d75a5f59a8368474482ac11b1f7127b2622a39a875604848826004e093a9daed02220d8ee0df550469fbab930edd7bcea159c9ae600842a820abdc3bf5004270,,08/21/2025 08:27:00 PM,30,TRAFFIC SIGNAL,FUNCTIONING PROPERLY,CLEAR,"DARKNESS, LIGHTED ROAD",REAR END,DIVIDED - W/MEDIAN (NOT RAISED),,STRAIGHT AND LEVEL,DRY,NO DEFECTS,NOT ON SCENE (DESK REPORT),NO INJURY / DRIVE AWAY,,,,"$501 - $1,500",08/21/2025 09:15:00 PM,UNABLE TO DETERMINE,NOT APPLICABLE,4400,S,PULASKI RD,815,,,,,,,2,NO INDICATION OF INJURY,0,0,0,0,0,2,0,20,5,8,41.8132715982,-87.7239352143,POINT (-87.723935214329 41.813271598175)
a11469d60662fe78db9b33ab478fe029bd0d8329d1789516ea01dd30d457041c8bd9c372581a330b3370101fedc6bd1212602e77657fe525f8f9ea7f709b8b5b,,08/21/2025 08:25:00 PM,30,STOP SIGN/FLASHER,FUNCTIONING PROPERLY,CLEAR,"DARKNESS, LIGHTED ROAD",ANGLE,NOT DIVIDED,,STRAIGHT AND LEVEL,UNKNOWN,UNKNOWN,,NO INJURY / DRIVE AWAY,Y,,,"$501 - $1,500",08/22/2025 10:00:00 AM,UNABLE TO DETERMINE,UNABLE TO DETERMINE,10700,S,BELL AVE,2212,,,,,,,2,NO INDICATION OF INJURY,0,0,0,0,0,2,0,20,5,8,41.699031356,-87.6778930008,POINT (-87.677893000813 41.699031355996)
279a3096c75abf90e3e4f353846f5de82ddfda4dcf22399bdb5eb1a21633521cbac809ac1ff31d618b1ad2f605328afb8992d46a5941c46308eb5e274ea67d5d,,08/21/2025 08:15:00 PM,30,NO CONTROLS,NO CONTROLS,CLEAR,"DARKNESS, LIGHTED ROAD",REAR END,NOT DIVIDED,,STRAIGHT AND LEVEL,DRY,NO DEFECTS,NOT ON SCENE (DESK REPORT),NO INJURY / DRIVE AWAY,,,,"OVER $1,500",08/25/2025 09:50:00 AM,FAILING TO REDUCE SPEED TO AVOID CRASH,FOLLOWING TOO CLOSELY,2820,W,FOSTER AVE,2011,,,,,,,2,NO INDICATION OF INJURY,0,0,0,0,0,2,0,20,5,8,41.975920938,-87.699801039,POINT (-87.699801039001 41.975920937962)
f744664bcf7d28a58b1f0a5533c9f06a244579132c34af835c553690609f004ffa24cba45e6d5bf3bd0e53aef31cba392b9381aba59c1ca376a267dd80667113,,08/21/2025 08:15:00 PM,30,UNKNOWN,UNKNOWN,CLEAR,DARKNESS,PEDALCYCLIST,NOT DIVIDED,,STRAIGHT AND LEVEL,DRY,NO DEFECTS,ON SCENE,INJURY AND / OR TOW DUE TO CRASH,,,Y,$500 OR LESS,08/21/2025 08:15:00 PM,FAILING TO YIELD RIGHT-OF-WAY,IMPROPER OVERTAKING/PASSING,1127,N,CALIFORNIA AVE,1211,,,,,,,2,NONINCAPACITATING INJURY,1,0,0,1,0,1,0,20,5,8,41.901951761,-87.6967079657,POINT (-87.696707965685 41.901951761015)
cff0f1d669d535b7404649560049dc5baf1fb6ac9c97992d161876dcced2fb5914107bd1228149a791a1f0af33bfa0fadcd4b9417ebbcb4f79783d81a26b0f8b,,08/21/2025 08:13:00 PM,30,NO CONTROLS,NO CONTROLS,CLEAR,DAYLIGHT,PARKED MOTOR VEHICLE,NOT DIVIDED,,STRAIGHT AND LEVEL,DRY,NO DEFECTS,ON SCENE,INJURY AND / OR TOW DUE TO CRASH,,,Y,"OVER $1,500",08/21/2025 09:16:00 PM,UNABLE TO DETERMINE,UNABLE TO DETERMINE,9540,S,WENTWORTH AVE,511,,,,,,,2,NO INDICATION OF INJURY,0,0,0,0,0,1,0,20,5,8,41.7204372986,-87.6287786827,POINT (-87.628778682731 41.720437298552)
1cd65df8753eb0fe750d7ecf1eea29919c3bdec1df6abdbd6b4825d386bd4f67408e5d6fdd9af3c6a7e77db12161bf1e86010344749a4494a20211fde891eeb3,,08/21/2025 08:00:00 PM,30,NO CONTROLS,NO CONTROLS,CLEAR,"DARKNESS, LIGHTED ROAD",PARKED MOTOR VEHICLE,NOT DIVIDED,,STRAIGHT AND LEVEL,DRY,NO DEFECTS,ON SCENE,NO INJURY / DRIVE AWAY,,,Y,"OVER $1,500",08/21/2025 09:45:00 PM,UNABLE TO DETERMINE,UNABLE TO DETERMINE,3513,N,OAK PARK AVE,1632,,,,,,,3,NO INDICATION OF INJURY,0,0,0,0,0,1,0,20,5,8,41.9440814823,-87.7957847706,POINT (-87.795784770568 41.944081482345)
d746d2513c0b85cdf8ecfc3b33c25e9c706428f3556411b40e272d7f427f2184e0856b830cfff982e5cd9d3e78f282cab30db03857174fe4cacc2c935fed487b,,08/21/2025 07:47:00 PM,30,STOP SIGN/FLASHER,UNKNOWN,CLEAR,"DARKNESS, LIGHTED ROAD",PARKED MOTOR VEHICLE,NOT DIVIDED,,STRAIGHT AND LEVEL,DRY,NO DEFECTS,ON SCENE,INJURY AND / OR TOW DUE TO CRASH,,,N,"OVER $1,500",08/21/2025 08:49:00 PM,NOT APPLICABLE,RELATED TO BUS STOP,3421,W,HURON ST,1121,Y,Y,,,,,4,NO INDICATION OF INJURY,0,0,0,0,0,1,0,19,5,8,41.8935563466,-87.7123562423,POINT (-87.712356242296 41.893556346648)
d27f6fc87cd68d42dc14143e8adb35fe4dfadea3f0a2430ff35f6352a1414b033f6ef4c4e2e23a8e1e5a023998fc73f874e810cbc7806702b53d20dfcbb6292c,,08/21/2025 07:45:00 PM,30,NO CONTROLS,NO CONTROLS,CLEAR,"DARKNESS, LIGHTED ROAD",TURNING,NOT DIVIDED,,STRAIGHT AND LEVEL,DRY,NO DEFECTS,NOT ON SCENE (DESK REPORT),INJURY AND / OR TOW DUE TO CRASH,,,,"OVER $1,500",08/21/2025 10:00:00 PM,UNABLE TO DETERMINE,UNABLE TO DETERMINE,7600,S,RIDGELAND AVE,414,,,,,,,2,NO INDICATION OF INJURY,0,0,0,0,0,2,0,19,5,8,41.7568943854,-87.5823639813,POINT (-87.582363981321 41.756894385421)