CRASH_RECORD_ID,CRASH_DATE_EST_I,CRASH_DATE,POSTED_SPEED_LIMIT,TRAFFIC_CONTROL_DEVICE,DEVICE_CONDITION,WEATHER_CONDITION,LIGHTING_CONDITION,FIRST_CRASH_TYPE,TRAFFICWAY_TYPE,LANE_CNT,ALIGNMENT,ROADWAY_SURFACE_COND,ROAD_DEFECT,REPORT_TYPE,CRASH_TYPE,INTERSECTION_RELATED_I,NOT_RIGHT_OF_WAY_I,HIT_AND_RUN_I,DAMAGE,DATE_POLICE_NOTIFIED,PRIM_CONTRIBUTORY_CAUSE,SEC_CONTRIBUTORY_CAUSE,STREET_NO,STREET_DIRECTION,STREET_NAME,BEAT_OF_OCCURRENCE,PHOTOS_TAKEN_I,STATEMENTS_TAKEN_I,DOORING_I,WORK_ZONE_I,WORK_ZONE_TYPE,WORKERS_PRESENT_I,NUM_UNITS,MOST_SEVERE_INJURY,INJURIES_TOTAL,INJURIES_FATAL,INJURIES_INCAPACITATING,INJURIES_NON_INCAPACITATING,INJURIES_REPORTED_NOT_EVIDENT,INJURIES_NO_INDICATION,INJURIES_UNKNOWN,CRASH_HOUR,CRASH_DAY_OF_WEEK,CRASH_MONTH,LATITUDE,LONGITUDE,LOCATION
672c026baec826229f74600accded797d325a766560d3253e90aa548ebba52fcb04c3b8034f613911bf6d82f2857fa51858996bc3b20b993e317d62360970c63,,08/21/2025 07:40:00 PM,30,STOP SIGN/FLASHER,UNKNOWN,CLEAR,DAWN,REAR END,NOT DIVIDED,,STRAIGHT AND LEVEL,DRY,NO DEFECTS,NOT ON SCENE (DESK REPORT),NO INJURY / DRIVE AWAY,,,,$500 OR LESS,08/25/2025 12:00:00 PM,FOLLOWING TOO CLOSELY,FOLLOWING TOO CLOSELY,1759,W,69TH ST,735,,,,,,,2,NO INDICATION OF INJURY,0,0,0,0,0,3,0,19,5,8,41.7683865075,-87.6687107348,POINT (-87.668710734757 41.768386507547)
519cdcf7adfc1b704bfb11025b510df2b19b8fcff7dc3115809795482b98af9bf1af42cda1e88432e63f93daf34306e400a826308c9ddb96367c1fe6143c9822,Y,08/21/2025 07:30:00 PM,30,NO CONTROLS,NO CONTROLS,UNKNOWN,UNKNOWN,PEDALCYCLIST,NOT DIVIDED,,STRAIGHT AND LEVEL,UNKNOWN,UNKNOWN,ON SCENE,INJURY AND / OR TOW DUE TO CRASH,,,Y,"OVER $1,500",08/24/2025 01:20:00 PM,UNABLE TO DETERMINE,UNABLE TO DETERMINE,1151,N,CALIFORNIA AVE,1211,,,N,,,,2,INCAPACITATING INJURY,1,0,1,0,0,1,0,19,5,8,41.902652648,-87.6967258409,POINT (-87.696725840886 41.902652647978)
b0005715277041ccd88c12d80f5c84247f192fe0b4547fabc343022b173639735523b652caed9e5a7fb7c23db67fcc4ddf12d38bab8a9f611b5d1307245c6113,,08/21/2025 07:30:00 PM,30,NO CONTROLS,NO CONTROLS,CLEAR,DUSK,PARKED MOTOR VEHICLE,ONE-WAY,,STRAIGHT AND LEVEL,DRY,NO DEFECTS,NOT ON SCENE (DESK REPORT),NO INJURY / DRIVE AWAY,,,Y,"OVER $1,500",08/21/2025 10:30:00 PM,UNABLE TO DETERMINE,NOT APPLICABLE,3912,W,LEXINGTON ST,1132,,,,,,,2,NO INDICATION OF INJURY,0,0,0,0,0,1,0,19,5,8,41.8717627498,-87.7235011585,POINT (-87.723501158535 41.871762749798)
2e5e50d9a9a031f66da4f82892adccc44f8ef1907c2b1c877402988b62be4acda37f80b408908bc8e5909b11952c50d6bce6e4d31bb7d984f793fed19a0055fb,,08/21/2025 07:00:00 PM,30,TRAFFIC SIGNAL,FUNCTIONING PROPERLY,CLEAR,DUSK,REAR END,NOT DIVIDED,,STRAIGHT AND LEVEL,DRY,NO DEFECTS,NOT ON SCENE (DESK REPORT),NO INJURY / DRIVE AWAY,Y,,Y,"OVER $1,500",08/21/2025 10:00:00 PM,FAILING TO REDUCE SPEED TO AVOID CRASH,NOT APPLICABLE,2400,N,MILWAUKEE AVE,1414,,,,,,,2,NO INDICATION OF INJURY,0,0,0,0,0,2,0,19,5,8,41.9247274618,-87.700552669,POINT (-87.70055266896 41.924727461841)
71f4c3681561c5dc150ba5ecafe5233f163730388068f5f697715b8f9f4f80de93158b994d44e47b90b6a58575366ebf9ae3a76ce7bee8a9c8c58d910882ab70,Y,08/21/2025 06:59:00 PM,30,NO CONTROLS,NO CONTROLS,CLEAR,DAYLIGHT,PEDESTRIAN,NOT DIVIDED,,STRAIGHT AND LEVEL,DRY,UNKNOWN,ON SCENE,INJURY AND / OR TOW DUE TO CRASH,,,,"$501 - $1,500",08/21/2025 07:00:00 PM,"VISION OBSCURED (SIGNS, TREE LIMBS, BUILDINGS, ETC.)",NOT APPLICABLE,6310,W,IRVING PARK RD,1624,,,,,,,2,NONINCAPACITATING INJURY,1,0,0,1,0,1,0,18,5,8,41.9530511209,-87.784617041,POINT (-87.784617040977 41.953051120924)
186f9baa56349106a26c565beb421f26b3c2f511f6dcd088cbcc23a30ff6080e51426368db96a126c2d98e5b1e0dc1363c8cd1b0601382f9fca622c07cdbbc7c,,08/21/2025 06:56:00 PM,30,TRAFFIC SIGNAL,FUNCTIONING PROPERLY,CLEAR,DAYLIGHT,PEDESTRIAN,FOUR WAY,,STRAIGHT AND LEVEL,DRY,NO DEFECTS,ON SCENE,INJURY AND / OR TOW DUE TO CRASH,Y,,,"OVER $1,500",08/21/2025 06:57:00 PM,FAILING TO YIELD RIGHT-OF-WAY,NOT APPLICABLE,1155,W,FOSTER AVE,2033,,,,,,,2,NONINCAPACITATING INJURY,1,0,0,1,0,1,0,18,5,8,41.9762139697,-87.6597617834,POINT (-87.659761783437 41.976213969689)
c2573aa7b761d0ffc64aff09a3d47175f4c1489465fe6793efa1a557b676e4a109c9215db28dc390e1113e9a184097053f9eb9a121ae356d542c43443a9c18c8,,08/21/2025 06:40:00 PM,20,STOP SIGN/FLASHER,FUNCTIONING PROPERLY,CLEAR,DAYLIGHT,SIDESWIPE SAME DIRECTION,NOT DIVIDED,,STRAIGHT AND LEVEL,DRY,NO DEFECTS,,NO INJURY / DRIVE AWAY,,,,"OVER $1,500",08/21/2025 06:46:00 PM,DRIVING SKILLS/KNOWLEDGE/EXPERIENCE,DRIVING SKILLS/KNOWLEDGE/EXPERIENCE,4028,E,109TH ST,432,,,,,,,2,NO INDICATION OF INJURY,0,0,0,0,0,5,0,18,5,8,41.6973525829,-87.5258493719,POINT (-87.525849371936 41.697352582894)
b976a6dd6115ee577165e78a102de64d275cfce447eb641c5e4de8a86ddfd67923b113436580e6a6cf60b353f14da6d77315006dfcd5f8482b80b8a733859e0c,,08/21/2025 06:30:00 PM,30,NO CONTROLS,NO CONTROLS,CLEAR,DAYLIGHT,REAR END,NOT DIVIDED,,STRAIGHT AND LEVEL,DRY,NO DEFECTS,NOT ON SCENE (DESK REPORT),NO INJURY / DRIVE AWAY,,,Y,"OVER $1,500",08/21/2025 08:08:00 PM,FAILING TO REDUCE SPEED TO AVOID CRASH,NOT APPLICABLE,5728,S,KEDZIE AVE,822,,,,,,,2,NO INDICATION OF INJURY,0,0,0,0,0,2,0,18,5,8,41.7889996052,-87.7035762926,POINT (-87.703576292621 41.788999605177)
f67389807503c795a3720e5b5e3df19ff821374e7a047ea60234a0287935d5d99b54782f087cb8e9515bb62c9780c4f010182295168c4c99207b7b64aa35fadd,,08/21/2025 06:30:00 PM,30,TRAFFIC SIGNAL,FUNCTIONING PROPERLY,CLEAR,DAYLIGHT,PEDALCYCLIST,NOT DIVIDED,,STRAIGHT AND LEVEL,DRY,NO DEFECTS,NOT ON SCENE (DESK REPORT),INJURY AND / OR TOW DUE TO CRASH,,,Y,"$501 - $1,500",08/22/2025 12:00:00 PM,FAILING TO YIELD RIGHT-OF-WAY,NOT APPLICABLE,1600,W,WILSON AVE,1912,,,,,,,2,NONINCAPACITATING INJURY,1,0,0,1,0,2,0,18,5,8,41.9653418602,-87.6694301319,POINT (-87.669430131885 41.96534186021)
fac1cd43c2f4fec5e482052acf27536c7a769a22d4efb6ca74df05118a11200644801eaadcf0cd0e12a12f60c07b6adcdbd92d9b4087b86bc8478dbc7e0aff53,,08/21/2025 06:30:00 PM,30,NO CONTROLS,NO CONTROLS,CLEAR,DAYLIGHT,REAR END,NOT DIVIDED,,STRAIGHT AND LEVEL,DRY,NO DEFECTS,NOT ON SCENE (DESK REPORT),NO INJURY / DRIVE AWAY,,,Y,"OVER $1,500",08/21/2025 08:35:00 PM,FAILING TO REDUCE SPEED TO AVOID CRASH,NOT APPLICABLE,6817,S,WESTERN AVE,832,,,,,,,2,NO INDICATION OF INJURY,0,0,0,0,0,3,0,18,5,8,41.769609617,-87.6832312808,POINT (-87.683231280791 41.769609617004)
4e8b780109f96e8102cd64ac0f2f4e24f67d9213673ffa79947a7078a99458b0ee44a3b28b7ba421e88a218c05e7beada7bbf21cba97ee753ca9550067159f0c,,08/21/2025 06:28:00 PM,30,NO CONTROLS,NO CONTROLS,CLEAR,DAYLIGHT,PEDALCYCLIST,DIVIDED - W/MEDIAN (NOT RAISED),,STRAIGHT AND LEVEL,DRY,NO DEFECTS,ON SCENE,INJURY AND / OR TOW DUE TO CRASH,,,,"$501 - $1,500",08/21/2025 06:28:00 PM,UNABLE TO DETERMINE,UNABLE TO DETERMINE,2662,N,LINCOLN AVE,1932,,,,,,,2,NONINCAPACITATING INJURY,1,0,0,1,0,0,0,18,5,8,41.9303329023,-87.6558119563,POINT (-87.655811956287 41.930332902298)
748da1aa5515461be7f33d14ab1f976fd1022064f569278e3e6b6a782b12f0eaf1722ac8f09be1bc6a7aa78b5f3b023f58beede6e26dd4defd0efc37cb6fb467,,08/21/2025 06:20:00 PM,25,TRAFFIC SIGNAL,FUNCTIONING PROPERLY,CLEAR,DAYLIGHT,REAR END,NOT DIVIDED,,STRAIGHT AND LEVEL,DRY,NO DEFECTS,NOT ON SCENE (DESK REPORT),NO INJURY / DRIVE AWAY,,,,"OVER $1,500",08/21/2025 06:45:00 PM,DRIVING SKILLS/KNOWLEDGE/EXPERIENCE,UNABLE TO DETERMINE,2420,S,HALSTED ST,913,,,,,,,2,NO INDICATION OF INJURY,0,0,0,0,0,3,0,18,5,8,41.8486133149,-87.6466433011,POINT (-87.64664330115 41.848613314866)
7257d6a07494d2abf9eb097e9149f15109008a62a0d606e3650e365cb1aecb0a22373ca5bc0bdf39dee77baca048284b0027cf573b639e596273ccd0c1826b16,,08/21/2025 06:17:00 PM,30,UNKNOWN,UNKNOWN,UNKNOWN,UNKNOWN,PARKED MOTOR VEHICLE,PARKING LOT,,STRAIGHT AND LEVEL,UNKNOWN,UNKNOWN,NOT ON SCENE (DESK REPORT),NO INJURY / DRIVE AWAY,Y,,,"OVER $1,500",08/21/2025 07:46:00 PM,IMPROPER BACKING,DRIVING SKILLS/KNOWLEDGE/EXPERIENCE,2605,S,INDIANA AVE,133,,,,,,,2,NO INDICATION OF INJURY,0,0,0,0,0,2,0,18,5,8,41.8454809502,-87.6219861169,POINT (-87.621986116944 41.845480950206)
1888d0bc5f945f29de7bc15d8edb415c26ef2ed2f6587e358cea3b9657a3f5e5c9a29b49ae3e4b1b03e79761a8159e85bb33e63685ca0012eca79c7bec4151c6,,08/21/2025 06:15:00 PM,30,STOP SIGN/FLASHER,OTHER,CLEAR,DAYLIGHT,PEDESTRIAN,FOUR WAY,,STRAIGHT AND LEVEL,DRY,UNKNOWN,,INJURY AND / OR TOW DUE TO CRASH,Y,,,$500 OR LESS,08/21/2025 09:15:00 PM,"VISION OBSCURED (SIGNS, TREE LIMBS, BUILDINGS, ETC.)","VISION OBSCURED (SIGNS, TREE LIMBS, BUILDINGS, ETC.)",1800,N,ORCHARD ST,1813,,,,,,,2,"REPORTED, NOT EVIDENT",1,0,0,0,1,1,0,18,5,8,41.9139725782,-87.6461031701,POINT (-87.646103170058 41.913972578231)
44a3416c49475965e279c15f1f786b891f3ea317cdaeebb0158e17fa99e9642dd9ce91e0ad0f9feb3f4cf7a3d43a831de72cc5abf87b3a768b6f21983379b390,,08/21/2025 06:15:00 PM,30,TRAFFIC SIGNAL,UNKNOWN,CLEAR,DAYLIGHT,PEDESTRIAN,FOUR WAY,,STRAIGHT AND LEVEL,DRY,UNKNOWN,ON SCENE,INJURY AND / OR TOW DUE TO CRASH,Y,,,"$501 - $1,500",08/21/2025 10:08:00 PM,UNABLE TO DETERMINE,UNABLE TO DETERMINE,525,W,ROOSEVELT RD,124,,,,,,,2,NONINCAPACITATING INJURY,1,0,0,1,0,1,0,18,5,8,41.8671354809,-87.6403063049,POINT (-87.640306304892 41.867135480908)
f45989dc1454c703bcf6a128da0a43681602637e59d7fd2fbbaf4ec0801aa310c30e6e2fc9a5eb9627577049e95599462c528934114afb451160299025b97080,,08/21/2025 06:15:00 PM,30,NO CONTROLS,NO CONTROLS,CLEAR,DAYLIGHT,REAR END,DIVIDED - W/MEDIAN (NOT RAISED),,STRAIGHT AND LEVEL,DRY,NO DEFECTS,NOT ON SCENE (DESK REPORT),INJURY AND / OR TOW DUE TO CRASH,,,Y,"OVER $1,500",08/22/2025 04:10:00 PM,FOLLOWING TOO CLOSELY,NOT APPLICABLE,3101,S,KEDZIE AVE,1033,,,,,,,2,"REPORTED, NOT EVIDENT",1,0,0,0,1,4,0,18,5,8,41.8371368507,-87.704673605,POINT (-87.704673604958 41.83713685068)
849e9a92613f577183da91f04bb314c9dee4eb5493cc594c160d498055fbde0fde4732091cbf36a5e4a070f847115ae6c5ddcbf9d43b97294d9b8a2d5ed13f28,,08/21/2025 06:12:00 PM,20,NO CONTROLS,NO CONTROLS,CLEAR,DAYLIGHT,PARKED MOTOR VEHICLE,ONE-WAY,,STRAIGHT AND LEVEL,UNKNOWN,UNKNOWN,NOT ON SCENE (DESK REPORT),NO INJURY / DRIVE AWAY,,,Y,"OVER $1,500",08/21/2025 06:40:00 PM,UNABLE TO DETERMINE,NOT APPLICABLE,5450,N,VIRGINIA AVE,2011,,,,,,,2,NO INDICATION OF INJURY,0,0,0,0,0,2,0,18,5,8,41.9809008793,-87.7045472211,POINT (-87.704547221146 41.980900879279)
0bf850a54a486b5806f01d70f69f0f5d5109347514524c24bb2f8fcb184e96bf832627b3db2283aa5fb5757146313f3b6de98d263e1cbc6292a395110938f78e,,08/21/2025 06:10:00 PM,30,NO CONTROLS,NO CONTROLS,CLEAR,DAYLIGHT,REAR END,DIVIDED - W/MEDIAN (NOT RAISED),,STRAIGHT AND LEVEL,DRY,NO DEFECTS,NOT ON SCENE (DESK REPORT),NO INJURY / DRIVE AWAY,,,,"$501 - $1,500",08/21/2025 06:34:00 PM,UNABLE TO DETERMINE,NOT APPLICABLE,3824,W,MONTROSE AVE,1723,,,,,,,2,NO INDICATION OF INJURY,0,0,0,0,0,3,0,18,5,8,41.9611032944,-87.7240140556,POINT (-87.724014055616 41.961103294352)
234e637c63c5074204a3f1718e7f7836d338b42c1cc4ea505d1164df4ee77523bdb0f08684cfa0dd9b50625b7867480946fdeab66f224171e8db99e52d9ce2e7,Y,08/21/2025 06:10:00 PM,30,TRAFFIC SIGNAL,FUNCTIONING PROPERLY,CLEAR,DAYLIGHT,ANGLE,FOUR WAY,,STRAIGHT AND LEVEL,DRY,UNKNOWN,ON SCENE,INJURY AND / OR TOW DUE TO CRASH,Y,,,"OVER $1,500",08/21/2025 06:12:00 PM,DISREGARDING TRAFFIC SIGNALS,NOT APPLICABLE,2600,S,WESTERN AVE,1034,,,,,,,2,NONINCAPACITATING INJURY,1,0,0,1,0,5,0,18,5,8,41.8448203764,-87.6855931141,POINT (-87.685593114094 41.84482037639)
3ae1c05972bc2742c46d263c8619c7fbbfccbabce33e82ed98b627109d0247a1b603125ce45217bbee72183ef5041369390b77cddc841a02c585d424e6bf62be,,08/21/2025 06:10:00 PM,30,NO CONTROLS,NO CONTROLS,CLEAR,DAYLIGHT,PEDALCYCLIST,NOT DIVIDED,,STRAIGHT ON GRADE,DRY,UNKNOWN,ON SCENE,INJURY AND / OR TOW DUE TO CRASH,,,Y,"$501 - $1,500",08/21/2025 06:10:00 PM,UNABLE TO DETERMINE,IMPROPER OVERTAKING/PASSING,3500,W,47TH ST,821,,,,,,,2,NONINCAPACITATING INJURY,1,0,0,1,0,1,0,18,5,8,41.8081446572,-87.7110011305,POINT (-87.711001130524 41.808144657193)
63655f9397f6b5656ec9201166ffed57a0762893c8d2e72c03e696d06f481e9f090edae0b19fecea35491311b1806f56b77f556559bf1e0aed3a2704828a363c,,08/21/2025 06:10:00 PM,30,STOP SIGN/FLASHER,NO CONTROLS,CLEAR,DAYLIGHT,ANGLE,DIVIDED - W/MEDIAN (NOT RAISED),,STRAIGHT AND LEVEL,DRY,NO DEFECTS,NOT ON SCENE (DESK REPORT),NO INJURY / DRIVE AWAY,,,,"OVER $1,500",08/21/2025 07:05:00 PM,UNABLE TO DETERMINE,UNABLE TO DETERMINE,2460,W,GEORGE ST,1411,,,,,,,2,NO INDICATION OF INJURY,0,0,0,0,0,2,0,18,5,8,41.9340795173,-87.6902538147,POINT (-87.690253814707 41.934079517287)
9d98baa313184f79a00f84e719f55f331befc55b959e610edcd68448671fb6478ba2f7da1e9798c07d10b08919f9d79dd747812c78dc7bc6372c4447a7640fcc,,08/21/2025 06:02:00 PM,30,UNKNOWN,NO CONTROLS,CLEAR,DAYLIGHT,PARKED MOTOR VEHICLE,NOT DIVIDED,,STRAIGHT AND LEVEL,UNKNOWN,UNKNOWN,NOT ON SCENE (DESK REPORT),NO INJURY / DRIVE AWAY,,,Y,"OVER $1,500",08/21/2025 07:15:00 PM,UNABLE TO DETERMINE,NOT APPLICABLE,2746,N,CLYBOURN AVE,1931,,,,,,,2,NO INDICATION OF INJURY,0,0,0,0,0,1,0,18,5,8,41.9310210058,-87.6768640181,POINT (-87.676864018134 41.931021005798)
71fc4c38953d3a67bfd5b1b847b8663b53babfab7af788957532d215039ad475a94c38e8f974f4c39c34569e87d5ac51e39b232dc3d35d5f135fe0730c6634b9,,08/21/2025 06:00:00 PM,30,TRAFFIC SIGNAL,FUNCTIONING PROPERLY,CLEAR,DAYLIGHT,SIDESWIPE SAME DIRECTION,DIVIDED - W/MEDIAN (NOT RAISED),,STRAIGHT AND LEVEL,DRY,NO DEFECTS,NOT ON SCENE (DESK REPORT),NO INJURY / DRIVE AWAY,,,,"OVER $1,500",08/21/2025 06:57:00 PM,IMPROPER LANE USAGE,UNABLE TO DETERMINE,1974,W,LAWRENCE AVE,2032,,,,,,,2,NO INDICATION OF INJURY,0,0,0,0,0,2,0,18,5,8,41.9688668983,-87.6791137003,POINT (-87.679113700273 41.968866898343)
8271294ef061eaebe6b99ee8450e1dfe391e8a005c31f276a74d9fb0381bb1790b88b3eb78ac949cdb1a21079855d98715c8b699343aeaba1ba69937c4803bd2,,08/21/2025 05:55:00 PM,30,NO CONTROLS,NO CONTROLS,CLEAR,DAYLIGHT,SIDESWIPE SAME DIRECTION,OTHER,,STRAIGHT AND LEVEL,DRY,NO DEFECTS,ON SCENE,NO INJURY / DRIVE AWAY,,,Y,"$501 - $1,500",08/21/2025 05:57:00 PM,IMPROPER OVERTAKING/PASSING,UNABLE TO DETERMINE,119,W,RANDOLPH ST,122,,,,,,,2,NO INDICATION OF INJURY,0,0,0,0,0,2,0,17,5,8,41.8843653543,-87.6315154739,POINT (-87.631515473867 41.88436535429)
0fc6202cb7f9a83e6c361195fadf3f02e3f164f63aa8fc29d701024a524ae13f5d70f892081cfdfb29faecfe64223fcbd36c7250395148ff8d423f8e68555424,,08/21/2025 05:45:00 PM,30,NO CONTROLS,NO CONTROLS,CLEAR,DAYLIGHT,TURNING,Y-INTERSECTION,,STRAIGHT AND LEVEL,UNKNOWN,UNKNOWN,NOT ON SCENE (DESK REPORT),NO INJURY / DRIVE AWAY,Y,,,"OVER $1,500",08/21/2025 06:30:00 PM,UNABLE TO DETERMINE,UNABLE TO DETERMINE,7068,S,SOUTH CHICAGO AVE,322,,,,,,,2,NO INDICATION OF INJURY,0,0,0,0,0,2,0,17,5,8,41.7665013743,-87.6066709895,POINT (-87.606670989463 41.766501374296)
4ad1f971b19f62b77e97afcdbb41b4d674aa2a18ccc353e556a3e65ec68dd60e69b43c262b14c2e49ab22c1f10fff1960d1e783e7168bd68c79db2f4fdbf8c45,,08/21/2025 05:45:00 PM,30,TRAFFIC SIGNAL,FUNCTIONING PROPERLY,CLEAR,DAYLIGHT,REAR END,DIVIDED - W/MEDIAN (NOT RAISED),,STRAIGHT AND LEVEL,DRY,UNKNOWN,NOT ON SCENE (DESK REPORT),NO INJURY / DRIVE AWAY,,,Y,"OVER $1,500",08/21/2025 06:20:00 PM,FOLLOWING TOO CLOSELY,NOT APPLICABLE,3837,W,FULLERTON AVE,2525,,,,,,,3,NO INDICATION OF INJURY,0,0,0,0,0,4,0,17,5,8,41.9244151001,-87.7233983999,POINT (-87.72339839987 41.92441510013)
095fcdde6aa22a0b52da000048edc80c4190360b2bb18c9c9ea7f60de425b83f17bd55e15ee0384e30edd15e73a5c2d7cd9249fca6ba7e56c37ac39610d74595,,08/21/2025 05:40:00 PM,30,TRAFFIC SIGNAL,UNKNOWN,CLEAR,DAYLIGHT,TURNING,FOUR WAY,,STRAIGHT AND LEVEL,UNKNOWN,UNKNOWN,NOT ON SCENE (DESK REPORT),NO INJURY / DRIVE AWAY,Y,,,"OVER $1,500",08/21/2025 05:50:00 PM,IMPROPER TURNING/NO SIGNAL,IMPROPER OVERTAKING/PASSING,9500,S,STONY ISLAND AVE,511,,,,,,,2,NO INDICATION OF INJURY,0,0,0,0,0,2,0,17,5,8,41.722257273,-87.5852755651,POINT (-87.585275565077 41.722257273006)
9793d8a765dad1fcf7211466bdf3727ae3ecaa59901fe89593bfee8959ffa3f1149e8e0fb74976372bfb2a90a4db065086738b20fdc7b50a0d159c7fdf290ddd,,08/21/2025 05:40:00 PM,35,TRAFFIC SIGNAL,FUNCTIONING PROPERLY,CLEAR,DAYLIGHT,REAR END,DIVIDED - W/MEDIAN BARRIER,,STRAIGHT AND LEVEL,DRY,UNKNOWN,ON SCENE,INJURY AND / OR TOW DUE TO CRASH,,,,"OVER $1,500",08/21/2025 05:42:00 PM,FOLLOWING TOO CLOSELY,NOT APPLICABLE,400,W,NORTH AVE,1813,,,,,,,3,NONINCAPACITATING INJURY,1,0,0,1,0,2,0,17,5,8,41.9112233799,-87.6386560318,POINT (-87.638656031792 41.911223379944)
282f11b21b410a7bf3dc53877e5a24c899cdbfee39e72530aab20725a6c913b8a0f92c7035b2177807459fc3bc7bb27d8f6f3c9da9388806f548e103384fd63f,,08/21/2025 05:36:00 PM,30,NO CONTROLS,NO CONTROLS,CLEAR,DAYLIGHT,REAR END,ONE-WAY,,STRAIGHT AND LEVEL,DRY,NO DEFECTS,ON SCENE,INJURY AND / OR TOW DUE TO CRASH,,,Y,"OVER $1,500",08/21/2025 05:36:00 PM,UNABLE TO DETERMINE,NOT APPLICABLE,331,S,KEELER AVE,1132,,,,,,,2,"REPORTED, NOT EVIDENT",2,0,0,0,2,2,0,17,5,8,41.8761647735,-87.7302725384,POINT (-87.73027253837 41.876164773514)
5f7c73b2626ed69d91b662d0cd80675d68c5ad561d70d2e8ba6095aa0233bb0a859c93d6feee99bf9040dbecf99cfd64c8019991da8545b4d4a542c4af788185,,08/21/2025 05:34:00 PM,30,TRAFFIC SIGNAL,FUNCTIONING PROPERLY,CLEAR,DAYLIGHT,REAR END,Y-INTERSECTION,,STRAIGHT AND LEVEL,DRY,NO DEFECTS,NOT ON SCENE (DESK REPORT),NO INJURY / DRIVE AWAY,,,,$500 OR LESS,08/22/2025 06:30:00 PM,FAILING TO REDUCE SPEED TO AVOID CRASH,FOLLOWING TOO CLOSELY,2400,W,DIVERSEY AVE,1411,,,,,,,2,NO INDICATION OF INJURY,0,0,0,0,0,3,0,17,5,8,41.932287183,-87.6879500934,POINT (-87.687950093412 41.932287182991)
bea2be581d3f108e1dc1fba2ae199b611cbdf6cddf66551788851b6a5dbfb6459889afd1b89b2e2daeb28a241d299d9b93c20431ccfd68ebe7687e4856109749,,08/21/2025 05:34:00 PM,30,NO CONTROLS,NO CONTROLS,CLEAR,DAYLIGHT,REAR END,NOT DIVIDED,,STRAIGHT AND LEVEL,DRY,NO DEFECTS,ON SCENE,INJURY AND / OR TOW DUE TO CRASH,,,,"OVER $1,500",08/21/2025 05:35:00 PM,IMPROPER LANE USAGE,NOT APPLICABLE,3981,W,COLUMBUS AVE,834,,,,,,,2,NO INDICATION OF INJURY,0,0,0,0,0,2,0,17,5,8,41.7357755848,-87.7210425235,POINT (-87.721042523451 41.735775584832)
95cac414b054d09db1c18a76221b504a28f6e494e5ead84bf6e3401ce5556bfade76cde3656da45a9d34c728037eb56d43f4949dff6ed435ae3ee184b735f27c,,08/21/2025 05:32:00 PM,30,TRAFFIC SIGNAL,FUNCTIONING PROPERLY,CLEAR,DAYLIGHT,HEAD ON,FOUR WAY,,STRAIGHT AND LEVEL,DRY,NO DEFECTS,ON SCENE,INJURY AND / OR TOW DUE TO CRASH,Y,,,"OVER $1,500",08/21/2025 05:50:00 PM,FAILING TO YIELD RIGHT-OF-WAY,DRIVING SKILLS/KNOWLEDGE/EXPERIENCE,3400,W,ARMITAGE AVE,1413,,,,,,,2,NO INDICATION OF INJURY,0,0,0,0,0,2,0,17,5,8,41.9174509887,-87.7119883729,POINT (-87.711988372904 41.917450988693)
3029ec25e5b72e55fb1bdabded720d6b4c81f8aa19635f29a75b353064f6a1cfbd2062a1c4892cf177c478cb6bc17baf7db8def011a5d3050a5fea2978169678,,08/21/2025 05:31:00 PM,15,STOP SIGN/FLASHER,NO CONTROLS,CLEAR,DAYLIGHT,TURNING,NOT DIVIDED,,STRAIGHT AND LEVEL,DRY,NO DEFECTS,NOT ON SCENE (DESK REPORT),INJURY AND / OR TOW DUE TO CRASH,,,,$500 OR LESS,08/21/2025 05:36:00 PM,FAILING TO REDUCE SPEED TO AVOID CRASH,IMPROPER TURNING/NO SIGNAL,4400,W,BERTEAU AVE,1722,,,,,,,2,"REPORTED, NOT EVIDENT",2,0,0,0,2,1,0,17,5,8,41.9571587212,-87.7381668882,POINT (-87.738166888237 41.957158721223)
02db8220c9236a91692ba1d2e1ebc815680ff1becd94a0651be0eef06d83411e1dedbfa936c39db2f9b85aa8a3b1b757a2bc3c9dd6f206711b404bbd173dacbc,,08/21/2025 05:30:00 PM,30,NO CONTROLS,NO CONTROLS,CLEAR,DAYLIGHT,TURNING,FOUR WAY,,STRAIGHT AND LEVEL,DRY,NO DEFECTS,ON SCENE,INJURY AND / OR TOW DUE TO CRASH,Y,,,"OVER $1,500",08/21/2025 06:02:00 PM,FAILING TO REDUCE SPEED TO AVOID CRASH,UNABLE TO DETERMINE,5730,W,IRVING PARK RD,1624,,,,,,,2,NO INDICATION OF INJURY,0,0,0,0,0,5,0,17,5,8,41.9532424579,-87.770735615,POINT (-87.770735615015 41.953242457921)
42e09ee8407aff223035161627e3c04cad13002f5cf82b90c7a2dc1c51f513e3dd127b7f1ae6d2d73cf1664120d2f1c0b5a001745f25ae7dc844cbe27deff56e,,08/21/2025 05:30:00 PM,30,NO CONTROLS,NO CONTROLS,CLEAR,DAYLIGHT,TURNING,DIVIDED - W/MEDIAN (NOT RAISED),,STRAIGHT AND LEVEL,DRY,NO DEFECTS,NOT ON SCENE (DESK REPORT),NO INJURY / DRIVE AWAY,,,,"OVER $1,500",08/21/2025 06:05:00 PM,FAILING TO YIELD RIGHT-OF-WAY,UNABLE TO DETERMINE,3304,N,WESTERN AVE,1921,,,,,,,2,NO INDICATION OF INJURY,0,0,0,0,0,2,0,17,5,8,41.9414762034,-87.6883741624,POINT (-87.688374162355 41.941476203444)