CRASH_RECORD_ID,CRASH_DATE_EST_I,CRASH_DATE,POSTED_SPEED_LIMIT,TRAFFIC_CONTROL_DEVICE,DEVICE_CONDITION,WEATHER_CONDITION,LIGHTING_CONDITION,FIRST_CRASH_TYPE,TRAFFICWAY_TYPE,LANE_CNT,ALIGNMENT,ROADWAY_SURFACE_COND,ROAD_DEFECT,REPORT_TYPE,CRASH_TYPE,INTERSECTION_RELATED_I,NOT_RIGHT_OF_WAY_I,HIT_AND_RUN_I,DAMAGE,DATE_POLICE_NOTIFIED,PRIM_CONTRIBUTORY_CAUSE,SEC_CONTRIBUTORY_CAUSE,STREET_NO,STREET_DIRECTION,STREET_NAME,BEAT_OF_OCCURRENCE,PHOTOS_TAKEN_I,STATEMENTS_TAKEN_I,DOORING_I,WORK_ZONE_I,WORK_ZONE_TYPE,WORKERS_PRESENT_I,NUM_UNITS,MOST_SEVERE_INJURY,INJURIES_TOTAL,INJURIES_FATAL,INJURIES_INCAPACITATING,INJURIES_NON_INCAPACITATING,INJURIES_REPORTED_NOT_EVIDENT,INJURIES_NO_INDICATION,INJURIES_UNKNOWN,CRASH_HOUR,CRASH_DAY_OF_WEEK,CRASH_MONTH,LATITUDE,LONGITUDE,LOCATION
4748544204c544bdeefdf7b3b536a6f567f02ee453fb0feca046b1c0e0dadcaea351e0f11ad8e11e783c8417f8303477ce5c55d584c4d0ee0fc716dc4dfd9547,,08/21/2025 05:30:00 PM,30,UNKNOWN,UNKNOWN,CLEAR,DAYLIGHT,REAR END,UNKNOWN,,STRAIGHT AND LEVEL,UNKNOWN,UNKNOWN,NOT ON SCENE (DESK REPORT),NO INJURY / DRIVE AWAY,,,,"OVER $1,500",08/21/2025 06:10:00 PM,UNABLE TO DETERMINE,UNABLE TO DETERMINE,4930,W,BERTEAU AVE,1624,,,,,,,2,NO INDICATION OF INJURY,0,0,0,0,0,2,0,17,5,8,41.9571322365,-87.7512940821,POINT (-87.751294082144 41.957132236459)
5fee7de69df6fbbdc83621e2714cb221b263b76b5ca16b5a911cdcdd8b9f3faf3c5fa5c1cfaf208fc8f5573c4734cfcbd562b39ad6cbfb8dbb28dbf68f7c52d6,,08/21/2025 05:30:00 PM,30,TRAFFIC SIGNAL,FUNCTIONING PROPERLY,CLEAR,DAYLIGHT,SIDESWIPE SAME DIRECTION,FOUR WAY,,STRAIGHT AND LEVEL,DRY,NO DEFECTS,ON SCENE,NO INJURY / DRIVE AWAY,Y,,,"OVER $1,500",08/21/2025 05:45:00 PM,FOLLOWING TOO CLOSELY,NOT APPLICABLE,524,N,WELLS ST,1831,,,,,,,2,NO INDICATION OF INJURY,0,0,0,0,0,2,0,17,5,8,41.8915443176,-87.6342140857,POINT (-87.634214085731 41.891544317567)
72250647a5de60c88fe24d263185e19ffc80430d50d2e33776cb1aa59613fc9b622c7780c22a6207805f950e9227c15a00a09b729ff24c94bf5ed182f34c5ffc,,08/21/2025 05:30:00 PM,40,NO CONTROLS,NO CONTROLS,CLEAR,DAYLIGHT,SIDESWIPE SAME DIRECTION,DIVIDED - W/MEDIAN (NOT RAISED),,STRAIGHT AND LEVEL,DRY,NO DEFECTS,ON SCENE,INJURY AND / OR TOW DUE TO CRASH,,,,"$501 - $1,500",08/21/2025 05:47:00 PM,FOLLOWING TOO CLOSELY,NOT APPLICABLE,3800,W,87TH ST,834,,,,,,,2,NO INDICATION OF INJURY,0,0,0,0,0,3,0,17,5,8,41.7350496904,-87.7166983196,POINT (-87.716698319605 41.735049690431)
9e1366507d59552678073e52e983c8df93111feab0f08b5c2a45bca2de07a8a6d5a76ddc19ab639ad51fcc62e230e14fe27b27c84ff89c2cf9f5882344dbb98e,,08/21/2025 05:26:00 PM,30,NO CONTROLS,NO CONTROLS,CLEAR,DAYLIGHT,PEDALCYCLIST,NOT DIVIDED,,STRAIGHT AND LEVEL,DRY,NO DEFECTS,ON SCENE,INJURY AND / OR TOW DUE TO CRASH,,,,$500 OR LESS,08/21/2025 05:26:00 PM,NOT APPLICABLE,NOT APPLICABLE,5442,S,HYDE PARK BLVD,234,,,Y,,,,2,NONINCAPACITATING INJURY,1,0,0,1,0,2,0,17,5,8,41.7968720819,-87.5841348234,POINT (-87.584134823397 41.796872081934)
b3a29a2f91e51c8e6c380f6a2784321dca2f94d6e23ec73bed1c3d031ea5da9d84706a9c9c614515cc5b5fa4e94b3d8171808fadd4d33208799d5b55122f0863,,08/21/2025 05:25:00 PM,30,NO CONTROLS,NO CONTROLS,CLEAR,DAYLIGHT,SIDESWIPE SAME DIRECTION,NOT DIVIDED,,STRAIGHT AND LEVEL,DRY,NO DEFECTS,,NO INJURY / DRIVE AWAY,,,,"$501 - $1,500",08/21/2025 06:00:00 PM,UNABLE TO DETERMINE,UNABLE TO DETERMINE,2014,S,LOOMIS ST,1235,,,,,,,2,NO INDICATION OF INJURY,0,0,0,0,0,2,0,17,5,8,41.8546663982,-87.6613756866,POINT (-87.661375686557 41.854666398239)
01952f42da890bb18e63a03f0ac6cb666b8a1f8e4527e32d49ab5e0828d49bcc016c77155f8c1de5dd57901d309e3e79108663e37e25aefeec6db92d622960d8,,08/21/2025 05:15:00 PM,30,NO CONTROLS,NO CONTROLS,CLEAR,DAYLIGHT,SIDESWIPE SAME DIRECTION,NOT DIVIDED,,STRAIGHT AND LEVEL,DRY,NO DEFECTS,NOT ON SCENE (DESK REPORT),NO INJURY / DRIVE AWAY,,,Y,$500 OR LESS,08/21/2025 07:40:00 PM,UNABLE TO DETERMINE,UNABLE TO DETERMINE,13,E,CERMAK RD,131,,,,,,,2,NO INDICATION OF INJURY,0,0,0,0,0,2,0,17,5,8,41.8527304268,-87.626451285,POINT (-87.626451285014 41.852730426814)
1469fd9a1aef4517403a6a6beada51d8e82942534f56ed3e0747304b9138b9031110bf3f32750d4a4f363dab653d8f7e086644f4dabc96f1b65d04ac157c2b0d,,08/21/2025 05:15:00 PM,30,TRAFFIC SIGNAL,FUNCTIONING PROPERLY,CLEAR,DAYLIGHT,PEDESTRIAN,DIVIDED - W/MEDIAN BARRIER,,STRAIGHT AND LEVEL,DRY,NO DEFECTS,NOT ON SCENE (DESK REPORT),NO INJURY / DRIVE AWAY,,,,$500 OR LESS,08/21/2025 05:45:00 PM,FAILING TO YIELD RIGHT-OF-WAY,DISTRACTION - FROM INSIDE VEHICLE,200,W,95TH ST,634,,,,,,,2,NO INDICATION OF INJURY,0,0,0,0,0,2,0,17,5,8,41.7217690422,-87.6287280473,POINT (-87.628728047329 41.721769042216)
1c8147a676125f6989e81d26be06d6ff2fbffaf2034fc983984aeadc85dcc0ce4e9e85151fb1c016d0cce3c1bff963b3d868bbdab99e940b9f5032bd6e6fab87,,08/21/2025 05:15:00 PM,25,STOP SIGN/FLASHER,FUNCTIONING PROPERLY,CLEAR,DAYLIGHT,PEDALCYCLIST,FOUR WAY,,STRAIGHT AND LEVEL,DRY,NO DEFECTS,ON SCENE,INJURY AND / OR TOW DUE TO CRASH,Y,,,$500 OR LESS,08/21/2025 05:19:00 PM,UNABLE TO DETERMINE,UNABLE TO DETERMINE,5600,S,LAKE PARK AVE,235,,,,,,,2,"REPORTED, NOT EVIDENT",1,0,0,0,1,1,0,17,5,8,41.7932878899,-87.5881110506,POINT (-87.58811105065 41.793287889881)
5144b3e1ea44abcd3e7de2052b131d7e0ea1ec0a0f4bfebdb67c4bf9234932e740c96f765c0ae06f3fb4fea76b9900e93dfc8b872a5e0c3c3742d07e8453d271,,08/21/2025 05:15:00 PM,30,NO CONTROLS,NO CONTROLS,CLEAR,DUSK,SIDESWIPE SAME DIRECTION,ONE-WAY,,STRAIGHT AND LEVEL,DRY,NO DEFECTS,ON SCENE,NO INJURY / DRIVE AWAY,,,,"$501 - $1,500",08/21/2025 05:57:00 PM,FAILING TO YIELD RIGHT-OF-WAY,UNABLE TO DETERMINE,433,W,VAN BUREN ST,121,,,,,,,2,NO INDICATION OF INJURY,0,0,0,0,0,3,0,17,5,8,41.8766674324,-87.6391776641,POINT (-87.639177664114 41.876667432354)
865832f936c57e99a17d272ae849af684e3dc56b6c490a942d95147345079b8cf30b4762e15fb9855f43faab6d4eacba24b98e47aa761c010bc1b639185079de,,08/21/2025 05:15:00 PM,20,NO CONTROLS,NO CONTROLS,CLEAR,DAYLIGHT,ANGLE,NOT DIVIDED,,STRAIGHT AND LEVEL,DRY,UNKNOWN,NOT ON SCENE (DESK REPORT),NO INJURY / DRIVE AWAY,,,,"OVER $1,500",08/22/2025 02:52:00 PM,FAILING TO YIELD RIGHT-OF-WAY,FAILING TO YIELD RIGHT-OF-WAY,4200,W,115TH ST,2211,,,,,,,2,NO INDICATION OF INJURY,0,0,0,0,0,2,0,17,5,8,41.6839918156,-87.7250172758,POINT (-87.725017275758 41.683991815644)
958e01a15f3df50274799c1240a9a3b1951350ffc87bef4b8ba35a79787401f0c5429066eb489ab755a3147591b208379effaaf6e541fe18735287d554ab1bdc,,08/21/2025 05:15:00 PM,30,NO CONTROLS,NO CONTROLS,CLEAR,DAYLIGHT,PARKED MOTOR VEHICLE,ONE-WAY,,STRAIGHT AND LEVEL,UNKNOWN,UNKNOWN,NOT ON SCENE (DESK REPORT),NO INJURY / DRIVE AWAY,,,Y,"OVER $1,500",08/21/2025 06:23:00 PM,UNABLE TO DETERMINE,NOT APPLICABLE,449,N,ELIZABETH ST,1215,,,,,,,2,NO INDICATION OF INJURY,0,0,0,0,0,1,0,17,5,8,41.8902997462,-87.6588343823,POINT (-87.658834382316 41.89029974618)
fa2a878cb3e069835d6ad2040ccb01955377f65fb242507313e01ef525cef7aef47e7f07741158c62d25dbaa4ef670f49419b47268e963e7988f885e913ed6fc,,08/21/2025 05:15:00 PM,10,NO CONTROLS,NO CONTROLS,CLEAR,DAYLIGHT,PARKED MOTOR VEHICLE,PARKING LOT,,STRAIGHT AND LEVEL,DRY,NO DEFECTS,NOT ON SCENE (DESK REPORT),NO INJURY / DRIVE AWAY,,Y,,"OVER $1,500",08/22/2025 11:30:00 AM,UNABLE TO DETERMINE,UNABLE TO DETERMINE,2711,N,ELSTON AVE,1432,,,,,,,2,NO INDICATION OF INJURY,0,0,0,0,0,1,0,17,5,8,41.9308106153,-87.6856103809,POINT (-87.685610380905 41.930810615336)
45a9bf4d91e050da67c4d31924214195247965a3dbeb8eba010e823d608b391fa0be1260e8ff8a2388d7bb0452b77f799ee32d756426818454aa045d909faec0,,08/21/2025 05:14:00 PM,30,TRAFFIC SIGNAL,UNKNOWN,CLEAR,DAYLIGHT,TURNING,FOUR WAY,,STRAIGHT AND LEVEL,DRY,UNKNOWN,ON SCENE,INJURY AND / OR TOW DUE TO CRASH,Y,,,"OVER $1,500",08/21/2025 05:14:00 PM,FAILING TO YIELD RIGHT-OF-WAY,IMPROPER TURNING/NO SIGNAL,5200,W,ROOSEVELT RD,1522,,,,,,,2,"REPORTED, NOT EVIDENT",4,0,0,0,4,2,0,17,5,8,41.8658567344,-87.7548716042,POINT (-87.754871604193 41.865856734392)
edca4f6fd5502c1f76b45732267b4063cf2e010b1530f7b821fb9d3e8933828da79c4a6ccb3e73ba6ad5471d7d04b2fb3fef44f394756200a24a7fad7c5b28ff,,08/21/2025 05:10:00 PM,30,TRAFFIC SIGNAL,UNKNOWN,CLEAR,DAYLIGHT,PARKED MOTOR VEHICLE,NOT DIVIDED,,STRAIGHT AND LEVEL,DRY,UNKNOWN,ON SCENE,NO INJURY / DRIVE AWAY,,,Y,"$501 - $1,500",08/21/2025 05:21:00 PM,UNABLE TO DETERMINE,UNABLE TO DETERMINE,4811,N,CENTRAL PARK AVE,1712,,,,,,,2,NO INDICATION OF INJURY,0,0,0,0,0,1,0,17,5,8,41.9687238879,-87.7181178209,POINT (-87.718117820904 41.968723887913)
1f1dc826d737b13c4c55ea468c6207b28b187f9d05baadc0149c96003bc52b97fbd5291702ad87afa4d77116b4e68af2f52dac4744f2f3b17aaf5aeaa2e22d1f,,08/21/2025 05:09:00 PM,30,UNKNOWN,UNKNOWN,UNKNOWN,UNKNOWN,PEDESTRIAN,NOT DIVIDED,,STRAIGHT AND LEVEL,UNKNOWN,UNKNOWN,NOT ON SCENE (DESK REPORT),INJURY AND / OR TOW DUE TO CRASH,Y,,Y,"OVER $1,500",08/21/2025 05:10:00 PM,UNABLE TO DETERMINE,DRIVING SKILLS/KNOWLEDGE/EXPERIENCE,118,N,CANAL ST,121,,,,,,,2,"REPORTED, NOT EVIDENT",1,0,0,0,1,1,0,17,5,8,41.8838086276,-87.6399383841,POINT (-87.639938384057 41.883808627621)
5e67b50a46cae92e09eed98ad7be2d90c05f885ce7811c404f9beb267845adb3ccb3f2f7ccbe632c854ebc85b89e80a4c68f48dd7963625010eb62c3c0e6d445,,08/21/2025 05:07:00 PM,30,NO CONTROLS,NO CONTROLS,CLEAR,DAYLIGHT,PARKED MOTOR VEHICLE,NOT DIVIDED,,STRAIGHT AND LEVEL,DRY,NO DEFECTS,ON SCENE,NO INJURY / DRIVE AWAY,,,,"OVER $1,500",08/21/2025 05:19:00 PM,UNABLE TO DETERMINE,UNABLE TO DETERMINE,3040,S,GRATTEN AVE,913,,,,,,,2,NO INDICATION OF INJURY,0,0,0,0,0,1,0,17,5,8,41.8391565245,-87.6543487701,POINT (-87.654348770138 41.839156524533)
89a2431b12dca1e28cc90a9bbd6e03bc1f650e05b40bd92dd7faa60313cf3e797c1443512dbec0ea586a02778fe9cd30efdfa4e70cd0c752881b326b220cb4b1,,08/21/2025 05:05:00 PM,35,NO CONTROLS,NO CONTROLS,CLEAR,DAYLIGHT,SIDESWIPE SAME DIRECTION,NOT DIVIDED,,STRAIGHT AND LEVEL,DRY,NO DEFECTS,NOT ON SCENE (DESK REPORT),NO INJURY / DRIVE AWAY,,,,"$501 - $1,500",08/22/2025 07:00:00 PM,UNABLE TO DETERMINE,UNABLE TO DETERMINE,3656,S,PULASKI RD,1031,,,,,,,2,NO INDICATION OF INJURY,0,0,0,0,0,2,0,17,5,8,41.8269521076,-87.7242863356,POINT (-87.724286335634 41.826952107584)
1a0e9e60445a78ede9ba3016ef3edd8f99722431a5f62ed43f210cbcbea76c590f4e486c7b745bf866355c0313bc10afec5637cf05cfea4c8b56139fe86e811e,,08/21/2025 05:03:00 PM,30,TRAFFIC SIGNAL,FUNCTIONING PROPERLY,CLEAR,DAYLIGHT,TURNING,NOT DIVIDED,,STRAIGHT AND LEVEL,DRY,NO DEFECTS,ON SCENE,INJURY AND / OR TOW DUE TO CRASH,Y,,,"$501 - $1,500",08/21/2025 05:09:00 PM,UNABLE TO DETERMINE,NOT APPLICABLE,6200,N,CENTRAL AVE,1621,,,,,,,2,"REPORTED, NOT EVIDENT",1,0,0,0,1,1,0,17,5,8,41.9944139958,-87.7650125941,POINT (-87.765012594053 41.994413995813)
0556fe2c3edc5eb2875a3e305ae2ad35fe92b9303dfac83c7f97128f668c07ac2402a0b9c229f749788f4eedc89b255e9c7cc643d7d961efb2f06fff6bc16f36,Y,08/21/2025 05:00:00 PM,15,NO CONTROLS,NO CONTROLS,UNKNOWN,UNKNOWN,PARKED MOTOR VEHICLE,PARKING LOT,,STRAIGHT AND LEVEL,UNKNOWN,UNKNOWN,ON SCENE,NO INJURY / DRIVE AWAY,,Y,Y,"$501 - $1,500",08/22/2025 12:45:00 PM,UNABLE TO DETERMINE,NOT APPLICABLE,2937,S,DR MARTIN LUTHER KING JR DR,133,,,,,,,2,NO INDICATION OF INJURY,0,0,0,0,0,1,0,17,5,8,41.8409804056,-87.6170276068,POINT (-87.617027606809 41.840980405604)
320129ea601a4ce8aca5375819eba1f26355a39e33ea4a14102cc2ed6e9f874ac67309c4bb58da367f6f5116b9956b3f1a09de74e94b5365490fa89271bb1727,,08/21/2025 05:00:00 PM,30,UNKNOWN,UNKNOWN,UNKNOWN,UNKNOWN,PARKED MOTOR VEHICLE,ONE-WAY,,STRAIGHT AND LEVEL,UNKNOWN,UNKNOWN,NOT ON SCENE (DESK REPORT),NO INJURY / DRIVE AWAY,,,,$500 OR LESS,08/22/2025 08:45:00 AM,IMPROPER TURNING/NO SIGNAL,NOT APPLICABLE,300,E,OHIO ST,1834,,,,,,,2,NO INDICATION OF INJURY,0,0,0,0,0,1,0,17,5,8,41.8927105846,-87.6201306584,POINT (-87.620130658406 41.892710584594)
4a4019620a83405829dda51e5b2b85f9f601295f11850e81cba2dec74089fc4b3f090ab15b051f359d6f795dbc35df1cba365c8676643aed1f7895fa232ca7a5,,08/21/2025 05:00:00 PM,30,NO CONTROLS,NO CONTROLS,CLEAR,DAYLIGHT,SIDESWIPE SAME DIRECTION,NOT DIVIDED,,STRAIGHT AND LEVEL,UNKNOWN,UNKNOWN,NOT ON SCENE (DESK REPORT),NO INJURY / DRIVE AWAY,,,,"OVER $1,500",08/21/2025 06:28:00 PM,DRIVING SKILLS/KNOWLEDGE/EXPERIENCE,NOT APPLICABLE,2704,S,HALSTED ST,913,,,,,,,2,NO INDICATION OF INJURY,0,0,0,0,0,2,0,17,5,8,41.8442842334,-87.6465747118,POINT (-87.646574711813 41.844284233361)
e8d9090d028f65c91e8bc2207170caca5ee0069823f960db244c36dcfead9ed62e0db1bb43e5e4a4a76e6aed31a00ec04cf640032e36cd74f3715a056645b006,,08/21/2025 05:00:00 PM,30,NO CONTROLS,NO CONTROLS,CLEAR,DAYLIGHT,TURNING,NOT DIVIDED,,STRAIGHT AND LEVEL,DRY,NO DEFECTS,ON SCENE,NO INJURY / DRIVE AWAY,,,,"OVER $1,500",08/21/2025 05:06:00 PM,UNABLE TO DETERMINE,UNABLE TO DETERMINE,1802,W,CHICAGO AVE,1212,,,,,,,2,NO INDICATION OF INJURY,0,0,0,0,0,2,0,17,5,8,41.8960979775,-87.6723742549,POINT (-87.672374254946 41.89609797745)
081d18d1089a8cdc5d3bab8a1720c2fa97d1a0771f6933491e6eb0101008528df957b041d7f594aa155f88cf6feb709c408673e25223a9e2c4d25fbefcaa51f3,,08/21/2025 04:52:00 PM,30,NO CONTROLS,NO CONTROLS,CLEAR,DAYLIGHT,REAR END,NOT DIVIDED,,STRAIGHT AND LEVEL,DRY,NO DEFECTS,NOT ON SCENE (DESK REPORT),NO INJURY / DRIVE AWAY,,,,"OVER $1,500",08/21/2025 06:06:00 PM,FOLLOWING TOO CLOSELY,NOT APPLICABLE,1313,S,SACRAMENTO DR,1022,,,,,,,2,NO INDICATION OF INJURY,0,0,0,0,0,2,0,16,5,8,41.8641616879,-87.7020076143,POINT (-87.702007614319 41.86416168788)
effac99adc827be5beef9fe75952c3d20daa784074c48c89e3acfaf18d9915c258ffa1f1489b247bb2282b513673233a72cdf7626173ce8d6fdec253045d6439,,08/21/2025 04:52:00 PM,30,NO CONTROLS,NO CONTROLS,CLEAR,DAYLIGHT,REAR END,NOT DIVIDED,,STRAIGHT AND LEVEL,DRY,NO DEFECTS,ON SCENE,INJURY AND / OR TOW DUE TO CRASH,,,Y,"OVER $1,500",08/21/2025 04:55:00 PM,FOLLOWING TOO CLOSELY,NOT APPLICABLE,3228,W,CHICAGO AVE,1121,,,,,,,2,NONINCAPACITATING INJURY,2,0,0,2,0,4,0,16,5,8,41.8956516626,-87.7077174303,POINT (-87.707717430272 41.895651662649)
d9d6c40928483d00f160d79cdf201eda0909c4b1c26e3d22b53193bfa2936f8196607e6b593df4fe3ae9457557b9e10c009eb2930aa8f526a3706e479d1fdfa3,,08/21/2025 04:50:00 PM,30,NO CONTROLS,NO CONTROLS,CLEAR,DAYLIGHT,PARKED MOTOR VEHICLE,NOT DIVIDED,,STRAIGHT AND LEVEL,DRY,NO DEFECTS,NOT ON SCENE (DESK REPORT),NO INJURY / DRIVE AWAY,,,Y,$500 OR LESS,08/21/2025 05:40:00 PM,UNABLE TO DETERMINE,UNABLE TO DETERMINE,1130,W,VAN BUREN ST,1232,,,,,,,2,NO INDICATION OF INJURY,0,0,0,0,0,2,0,16,5,8,41.8766533756,-87.6556634416,POINT (-87.655663441608 41.876653375611)
f32876acf6a47135ef0997a73a175b405565160626ed8134f00aead4204bbc1a0b4615e6e3dd0e7f2eeb2d42656218f30f1c5c81b922d1ca4cb32030bb2b6e6a,,08/21/2025 04:50:00 PM,30,NO CONTROLS,NO CONTROLS,CLEAR,DAYLIGHT,HEAD ON,NOT DIVIDED,,STRAIGHT AND LEVEL,DRY,NO DEFECTS,,NO INJURY / DRIVE AWAY,,,,"OVER $1,500",08/21/2025 07:14:00 PM,IMPROPER LANE USAGE,NOT APPLICABLE,3700,W,47TH ST,821,,,,,,,2,NO INDICATION OF INJURY,0,0,0,0,0,2,0,16,5,8,41.8080730541,-87.7162964122,POINT (-87.716296412225 41.808073054096)
58d9eb4bb5ff105bbaa5b4da03af183ad16f3dd7e50b21c33e8a31cc890152bd194f6cc6e4d1d322f2f3d6c707f542ebc8cab191df19eabb3d5cc8d20fc69aa0,,08/21/2025 04:45:00 PM,30,NO CONTROLS,NO CONTROLS,CLEAR,DAYLIGHT,SIDESWIPE SAME DIRECTION,NOT DIVIDED,,STRAIGHT AND LEVEL,DRY,NO DEFECTS,,NO INJURY / DRIVE AWAY,,,,"$501 - $1,500",08/21/2025 06:43:00 PM,UNABLE TO DETERMINE,UNABLE TO DETERMINE,401,S,PLYMOUTH CT,113,,,,,,,2,NO INDICATION OF INJURY,0,0,0,0,0,2,0,16,5,8,41.8768459049,-87.6285906187,POINT (-87.628590618654 41.876845904916)
b5c5a714b2714b32d15db41606ea8f938aaa502778c096950d9cdceac7185df24108611c025d3d2f490589414b9d867f42bf7606b0daddcd54afe16bc3ad6b57,,08/21/2025 04:45:00 PM,30,NO CONTROLS,NO CONTROLS,CLEAR,DAYLIGHT,REAR END,NOT DIVIDED,,STRAIGHT AND LEVEL,DRY,NO DEFECTS,NOT ON SCENE (DESK REPORT),NO INJURY / DRIVE AWAY,,,,"OVER $1,500",08/21/2025 06:00:00 PM,UNABLE TO DETERMINE,NOT APPLICABLE,457,N,RACINE AVE,1214,,,,,,,2,NO INDICATION OF INJURY,0,0,0,0,0,2,0,16,5,8,41.8905040807,-87.6572248458,POINT (-87.657224845761 41.890504080659)
47545ef9290a02c3480468fe3f96ed03fb47ebe91685315845bf4e421bcc82f86456dd5ec10da703752c3c9282ffd9df763b31e59485030832a47212a9b3dae6,,08/21/2025 04:40:00 PM,30,UNKNOWN,UNKNOWN,UNKNOWN,UNKNOWN,SIDESWIPE SAME DIRECTION,NOT DIVIDED,,STRAIGHT AND LEVEL,UNKNOWN,UNKNOWN,NOT ON SCENE (DESK REPORT),NO INJURY / DRIVE AWAY,,,,"$501 - $1,500",08/21/2025 06:10:00 PM,DRIVING SKILLS/KNOWLEDGE/EXPERIENCE,UNABLE TO DETERMINE,499,E,MC FETRIDGE DR,132,,,,,,,2,NO INDICATION OF INJURY,0,0,0,0,0,4,0,16,5,8,41.8649142108,-87.6155281113,POINT (-87.615528111338 41.864914210794)
585385b4b77a8d1bf3cac54bf86b9e059180b0e46aa7bb2c2ce8c3ee46cede1766dcb95af49cfd292f58227a5b594e6c4bbd39ced9c444bb98ebdf1c436a1c26,,08/21/2025 04:40:00 PM,15,NO CONTROLS,NO CONTROLS,CLEAR,DAYLIGHT,PARKED MOTOR VEHICLE,ONE-WAY,,STRAIGHT AND LEVEL,DRY,NO DEFECTS,ON SCENE,NO INJURY / DRIVE AWAY,,,,"OVER $1,500",08/21/2025 09:53:00 PM,DRIVING SKILLS/KNOWLEDGE/EXPERIENCE,UNABLE TO DETERMINE,5523,W,PARKER AVE,2514,,,,,,,2,NO INDICATION OF INJURY,0,0,0,0,0,1,0,16,5,8,41.930276289,-87.7647160081,POINT (-87.76471600808 41.930276289005)
d5542b60c30ff80c5f315d81388126d4513c793e7aeb8f222a575539f0553496a214498c15f9b562f02040994d44a2f17d54144316e01aed7f1fdb652883922a,,08/21/2025 04:40:00 PM,35,TRAFFIC SIGNAL,FUNCTIONING PROPERLY,CLEAR,DAYLIGHT,REAR END,NOT DIVIDED,,STRAIGHT AND LEVEL,DRY,NO DEFECTS,NOT ON SCENE (DESK REPORT),NO INJURY / DRIVE AWAY,,,,"OVER $1,500",08/22/2025 10:25:00 AM,FAILING TO REDUCE SPEED TO AVOID CRASH,FOLLOWING TOO CLOSELY,6752,W,DIVERSEY AVE,2511,,,,,,,2,NO INDICATION OF INJURY,0,0,0,0,0,2,0,16,5,8,41.930998968,-87.7951734197,POINT (-87.795173419739 41.930998968004)
9f34fa9a413594c4c733ff5b9e9d79f3f45b57768a59bfc4bce59ab4cc89861535cd15c7bca62b0d1a1f56c31ea5644b3ac674dd2367323ba7d431b4135e996d,,08/21/2025 04:36:00 PM,30,NO CONTROLS,NO CONTROLS,CLEAR,DAYLIGHT,REAR TO REAR,ONE-WAY,,STRAIGHT AND LEVEL,DRY,UNKNOWN,ON SCENE,NO INJURY / DRIVE AWAY,,,,$500 OR LESS,08/21/2025 04:36:00 PM,UNABLE TO DETERMINE,UNABLE TO DETERMINE,2628,N,LAMON AVE,2521,,,,,,,2,NO INDICATION OF INJURY,0,0,0,0,0,2,0,16,5,8,41.928735338,-87.7490987249,POINT (-87.749098724927 41.928735337999)
cf08dbf351951e323e5c6692f31a521db28fd5efc3a9945e83309d5ed1228de4a666617a4b803c03797e9c322211f0c3ea22816de44686c78c8ae6d5c8535ba7,Y,08/21/2025 04:35:00 PM,30,NO CONTROLS,NO CONTROLS,CLEAR,DAYLIGHT,SIDESWIPE SAME DIRECTION,NOT DIVIDED,,STRAIGHT AND LEVEL,DRY,NO DEFECTS,ON SCENE,NO INJURY / DRIVE AWAY,,,,"OVER $1,500",08/21/2025 04:42:00 PM,"VISION OBSCURED (SIGNS, TREE LIMBS, BUILDINGS, ETC.)",DRIVING SKILLS/KNOWLEDGE/EXPERIENCE,5030,W,MONTROSE AVE,1623,,,,,,,2,NO INDICATION OF INJURY,0,0,0,0,0,4,0,16,5,8,41.9607491828,-87.7536327467,POINT (-87.753632746738 41.960749182839)
2a0ee783bf5ef7a24651a284fd486d3acf5733360064a9d42648542299f0d490593295fd058094ed4ce4ca3d598bb8999419345f65ffe24a870a942b33196dbc,,08/21/2025 04:33:00 PM,10,NO CONTROLS,NO CONTROLS,CLEAR,DAYLIGHT,REAR TO FRONT,PARKING LOT,,STRAIGHT AND LEVEL,DRY,NO DEFECTS,NOT ON SCENE (DESK REPORT),NO INJURY / DRIVE AWAY,,,Y,"OVER $1,500",08/21/2025 06:23:00 PM,IMPROPER OVERTAKING/PASSING,NOT APPLICABLE,4798,W,NORTH AVE,2533,,,,,,,2,NO INDICATION OF INJURY,0,0,0,0,0,2,0,16,5,8,41.9097363475,-87.7460534468,POINT (-87.746053446805 41.909736347519)
0ea43f9d033dae915ea12e097dffb637ab93553647b90cff740d568f96b43f746bdb11f015568a509d6722e99cb2ecc5471b57aeb182ec1026ee67308d72712b,,08/21/2025 04:30:00 PM,30,NO CONTROLS,NO CONTROLS,CLEAR,DAYLIGHT,REAR END,DIVIDED - W/MEDIAN (NOT RAISED),,STRAIGHT AND LEVEL,DRY,NO DEFECTS,NOT ON SCENE (DESK REPORT),NO INJURY / DRIVE AWAY,,,,"OVER $1,500",08/21/2025 06:48:00 PM,FOLLOWING TOO CLOSELY,NOT APPLICABLE,2030,W,ARMITAGE AVE,1432,,,,,,,2,NO INDICATION OF INJURY,0,0,0,0,0,2,0,16,5,8,41.9178428157,-87.6788625889,POINT (-87.678862588865 41.917842815669)
ebfdfcb83ba98552dcd32de2fbefeab9403cd9594ceb62ef30cbe8d1f884095c118137a0a1919398e0b9b2d1e46b8928c1f51b993b0d574ef111f62d6667bf6a,,08/21/2025 04:30:00 PM,30,NO CONTROLS,NO CONTROLS,CLEAR,DAYLIGHT,PEDALCYCLIST,NOT DIVIDED,,STRAIGHT AND LEVEL,DRY,NO DEFECTS,ON SCENE,INJURY AND / OR TOW DUE TO CRASH,,,,$500 OR LESS,08/21/2025 04:35:00 PM,FAILING TO YIELD RIGHT-OF-WAY,FAILING TO YIELD RIGHT-OF-WAY,5142,W,BELMONT AVE,1634,,,Y,,,,2,NONINCAPACITATING INJURY,1,0,0,1,0,0,0,16,5,8,41.9388179898,-87.7559630639,POINT (-87.755963063852 41.938817989793)