CRASH_RECORD_ID,CRASH_DATE_EST_I,CRASH_DATE,POSTED_SPEED_LIMIT,TRAFFIC_CONTROL_DEVICE,DEVICE_CONDITION,WEATHER_CONDITION,LIGHTING_CONDITION,FIRST_CRASH_TYPE,TRAFFICWAY_TYPE,LANE_CNT,ALIGNMENT,ROADWAY_SURFACE_COND,ROAD_DEFECT,REPORT_TYPE,CRASH_TYPE,INTERSECTION_RELATED_I,NOT_RIGHT_OF_WAY_I,HIT_AND_RUN_I,DAMAGE,DATE_POLICE_NOTIFIED,PRIM_CONTRIBUTORY_CAUSE,SEC_CONTRIBUTORY_CAUSE,STREET_NO,STREET_DIRECTION,STREET_NAME,BEAT_OF_OCCURRENCE,PHOTOS_TAKEN_I,STATEMENTS_TAKEN_I,DOORING_I,WORK_ZONE_I,WORK_ZONE_TYPE,WORKERS_PRESENT_I,NUM_UNITS,MOST_SEVERE_INJURY,INJURIES_TOTAL,INJURIES_FATAL,INJURIES_INCAPACITATING,INJURIES_NON_INCAPACITATING,INJURIES_REPORTED_NOT_EVIDENT,INJURIES_NO_INDICATION,INJURIES_UNKNOWN,CRASH_HOUR,CRASH_DAY_OF_WEEK,CRASH_MONTH,LATITUDE,LONGITUDE,LOCATION
9467c25abd587c340aa4ca8bb0e0301580429eb94b2f2b951d736e2415868ef085fddad8b13e51ba862178535434d109ec30ddd24872541682f373ef055cc986,,08/21/2025 04:20:00 PM,30,NO CONTROLS,NO CONTROLS,CLEAR,DAYLIGHT,TURNING,NOT DIVIDED,,STRAIGHT AND LEVEL,DRY,UNKNOWN,ON SCENE,NO INJURY / DRIVE AWAY,,,Y,"OVER $1,500",08/21/2025 05:07:00 PM,IMPROPER TURNING/NO SIGNAL,UNABLE TO DETERMINE,730,N,CICERO AVE,1531,,,,,,,2,NO INDICATION OF INJURY,0,0,0,0,0,2,0,16,5,8,41.8940066524,-87.7459216203,POINT (-87.745921620299 41.894006652402)
d2430c6f25b58d1fcabf228c72f0100110421a4fd2a238b17629019d5568f1208f235c2e033ccae51d293206bdadb03e30dae2d0dc5f2d4de20666146a2e1692,,08/21/2025 04:20:00 PM,30,TRAFFIC SIGNAL,FUNCTIONING PROPERLY,CLEAR,DAYLIGHT,REAR END,DIVIDED - W/MEDIAN (NOT RAISED),,STRAIGHT AND LEVEL,DRY,UNKNOWN,NOT ON SCENE (DESK REPORT),NO INJURY / DRIVE AWAY,,,Y,"OVER $1,500",08/21/2025 04:20:00 PM,FOLLOWING TOO CLOSELY,NOT APPLICABLE,2935,W,CHICAGO AVE,1221,,,,,,,2,NO INDICATION OF INJURY,0,0,0,0,0,2,0,16,5,8,41.8955111217,-87.7006536901,POINT (-87.700653690104 41.895511121733)
2419a5043af89f145e2bff7da0adc2364ef8349d3ba6b34d11e84e8a26ca5fe8ceaaf660936c294c6febb221a0d1cf1155204d01f79c50151a68133fe65652b2,,08/21/2025 04:15:00 PM,30,TRAFFIC SIGNAL,FUNCTIONING PROPERLY,CLEAR,DAYLIGHT,TURNING,FOUR WAY,,STRAIGHT AND LEVEL,DRY,UNKNOWN,NOT ON SCENE (DESK REPORT),NO INJURY / DRIVE AWAY,Y,,Y,"OVER $1,500",08/21/2025 04:30:00 PM,FOLLOWING TOO CLOSELY,NOT APPLICABLE,3000,W,AUGUSTA BLVD,1211,Y,,,,,,2,NO INDICATION OF INJURY,0,0,0,0,0,2,0,16,5,8,41.8993434371,-87.7024967196,POINT (-87.702496719596 41.899343437107)
8ebb968685754ec59675ae9961dfec6103b92576db4706caa4f93481852b1c14428440ea2c192631ecad5ca25e31188c3916d06b1aa0e6467fc4179a48c1b2cf,,08/21/2025 04:15:00 PM,30,NO CONTROLS,NO CONTROLS,CLEAR,DAYLIGHT,PARKED MOTOR VEHICLE,DIVIDED - W/MEDIAN (NOT RAISED),,STRAIGHT AND LEVEL,DRY,NO DEFECTS,NOT ON SCENE (DESK REPORT),NO INJURY / DRIVE AWAY,,,,"OVER $1,500",08/21/2025 04:50:00 PM,UNABLE TO DETERMINE,NOT APPLICABLE,10537,S,COTTAGE GROVE AVE,512,,,,,,,2,NO INDICATION OF INJURY,0,0,0,0,0,2,0,16,5,8,41.7026492494,-87.6074471227,POINT (-87.607447122708 41.702649249361)
253b96b2d9282696d11e681cffdb04bb5be2b6693ecb53b76bbc1e561c5c7dc894b107f66112781eb25b76e5076cdeb26f9db05ef77135050c9db6b904b7827f,,08/21/2025 04:13:00 PM,30,NO CONTROLS,NO CONTROLS,CLEAR,DAYLIGHT,SIDESWIPE SAME DIRECTION,NOT DIVIDED,,STRAIGHT AND LEVEL,DRY,NO DEFECTS,ON SCENE,INJURY AND / OR TOW DUE TO CRASH,,,,"OVER $1,500",08/21/2025 05:06:00 PM,EQUIPMENT - VEHICLE CONDITION,UNABLE TO DETERMINE,10300,S,PRAIRIE AVE,512,,N,,,,,3,NO INDICATION OF INJURY,0,0,0,0,0,2,0,16,5,8,41.7071639616,-87.6175692171,POINT (-87.617569217052 41.707163961559)
016f14f278bec5ec1f71873f80ab8229dfc46a0078314de6cf3e1bd8a5390a097eb6d368b017713aad59e83c6811ed7ad5f8404be582eef92a4c223d41cc7a19,,08/21/2025 04:10:00 PM,30,TRAFFIC SIGNAL,FUNCTIONING PROPERLY,CLEAR,DAYLIGHT,SIDESWIPE SAME DIRECTION,NOT DIVIDED,,STRAIGHT AND LEVEL,DRY,NO DEFECTS,,NO INJURY / DRIVE AWAY,,,,"OVER $1,500",08/25/2025 01:30:00 PM,UNABLE TO DETERMINE,UNABLE TO DETERMINE,3200,W,CHICAGO AVE,1121,,,,,,,2,NO INDICATION OF INJURY,0,0,0,0,0,2,0,16,5,8,41.8956625925,-87.706619209,POINT (-87.706619208999 41.895662592504)
7b12c8022dcd4eb6f73b472ccd0f9ce911f0e1ddfd1389005fb7310ab1eff2209bf7132e576801de72df3a254bdc57f16a92ddd2d67244e5d31043f45c7d5efe,,08/21/2025 04:10:00 PM,30,STOP SIGN/FLASHER,FUNCTIONING PROPERLY,CLEAR,DAYLIGHT,PEDALCYCLIST,FOUR WAY,,STRAIGHT AND LEVEL,DRY,NO DEFECTS,ON SCENE,INJURY AND / OR TOW DUE TO CRASH,Y,,,"OVER $1,500",08/21/2025 04:36:00 PM,FAILING TO YIELD RIGHT-OF-WAY,DISREGARDING STOP SIGN,5330,W,THOMAS ST,1524,,,,,,,3,NONINCAPACITATING INJURY,2,0,0,1,1,1,0,16,5,8,41.9004905138,-87.7595521083,POINT (-87.759552108335 41.900490513828)
f16e03d9e6f565113e8babade1cb2f33c6d7d3a377dc889e13a4e5524536d0cab23d4f6f0f726033427e7e754769d2cce7001c4460d4375e73c10897e9509f92,,08/21/2025 04:10:00 PM,30,NO CONTROLS,NO CONTROLS,CLEAR,DAYLIGHT,REAR END,NOT DIVIDED,,STRAIGHT AND LEVEL,DRY,NO DEFECTS,NOT ON SCENE (DESK REPORT),NO INJURY / DRIVE AWAY,,,,"OVER $1,500",08/21/2025 04:52:00 PM,FOLLOWING TOO CLOSELY,NOT APPLICABLE,6240,S,PULASKI RD,813,,,,,,,2,NO INDICATION OF INJURY,0,0,0,0,0,5,0,16,5,8,41.7792536064,-87.7229241905,POINT (-87.722924190517 41.779253606367)
e785f3c8ac342926e2feac4cb51e29842166e80009019b7188efb3f045f69075d08462d300ccbc39a06a69257a960d12553fd3a2d957f9222ea597e06cf3d75f,,08/21/2025 04:03:00 PM,30,NO CONTROLS,NO CONTROLS,CLEAR,DAYLIGHT,SIDESWIPE SAME DIRECTION,NOT DIVIDED,,STRAIGHT AND LEVEL,UNKNOWN,UNKNOWN,ON SCENE,NO INJURY / DRIVE AWAY,,,Y,"OVER $1,500",08/21/2025 04:10:00 PM,UNABLE TO DETERMINE,NOT APPLICABLE,601,N,LAWNDALE AVE,1122,,,,,,,2,NO INDICATION OF INJURY,0,0,0,0,0,2,0,16,5,8,41.8918587703,-87.7185015221,POINT (-87.718501522137 41.891858770304)
0902d61076fdf705800eec546213dee950fb4d40cccb28791b907e16e4299c9266f688c328e43f333545d5433856d517e32a01929b32e4652d1c6079972aa1ad,,08/21/2025 04:00:00 PM,30,TRAFFIC SIGNAL,FUNCTIONING PROPERLY,CLEAR,DAYLIGHT,REAR END,FOUR WAY,,STRAIGHT AND LEVEL,DRY,NO DEFECTS,NOT ON SCENE (DESK REPORT),NO INJURY / DRIVE AWAY,Y,,,"OVER $1,500",08/21/2025 05:06:00 PM,FOLLOWING TOO CLOSELY,NOT APPLICABLE,2000,N,PULASKI RD,2525,,,,,,,2,NO INDICATION OF INJURY,0,0,0,0,0,2,0,16,5,8,41.9172073686,-87.7267082623,POINT (-87.726708262295 41.91720736863)
18a9f4b5538f4b38487f4477d8b0d160b10fec8092dbd5e9e75782a53b591e1ae6b26df452d1d5e3d24c2ff4b3b7ffa9b159a608f6da7ff3d1e967e40b5434c5,,08/21/2025 04:00:00 PM,30,NO CONTROLS,NO CONTROLS,CLEAR,DAYLIGHT,PARKED MOTOR VEHICLE,NOT DIVIDED,,STRAIGHT AND LEVEL,UNKNOWN,UNKNOWN,NOT ON SCENE (DESK REPORT),NO INJURY / DRIVE AWAY,,,N,"$501 - $1,500",08/21/2025 05:00:00 PM,UNABLE TO DETERMINE,NOT APPLICABLE,1506,W,AUGUSTA BLVD,1213,,,,,,,2,NO INDICATION OF INJURY,0,0,0,0,0,2,0,16,5,8,41.8998523569,-87.6652687373,POINT (-87.665268737335 41.899852356853)
3218bf9debce5e23c8b14b0d98f57e1f684ef3dd2ab54fc40d436bb3b341bcea36cad16414eccbbbee0977f5893fd21bc4766ba6ce1b04f30dd52fdbc9dc8e2b,,08/21/2025 04:00:00 PM,30,NO CONTROLS,NO CONTROLS,CLEAR,DAYLIGHT,REAR END,NOT DIVIDED,,STRAIGHT AND LEVEL,DRY,NO DEFECTS,NOT ON SCENE (DESK REPORT),NO INJURY / DRIVE AWAY,,,Y,"OVER $1,500",08/21/2025 04:00:00 PM,UNABLE TO DETERMINE,NOT APPLICABLE,317,S,CALIFORNIA AVE,1125,,,,,,,2,NO INDICATION OF INJURY,0,0,0,0,0,3,0,16,5,8,41.8768748127,-87.6960294342,POINT (-87.696029434222 41.876874812708)
9ecfff2b18941bbdbb8ad00ad4717040c422e96effce31e559712af6eb6aa7f45380e975d8619fdb5cff1af5730349ad3745f632e00f13b3574b88dd946ed8f0,,08/21/2025 04:00:00 PM,30,STOP SIGN/FLASHER,FUNCTIONING PROPERLY,CLEAR,DAYLIGHT,TURNING,FOUR WAY,,STRAIGHT AND LEVEL,DRY,WORN SURFACE,ON SCENE,INJURY AND / OR TOW DUE TO CRASH,Y,,,"OVER $1,500",08/21/2025 04:04:00 PM,"VISION OBSCURED (SIGNS, TREE LIMBS, BUILDINGS, ETC.)",NOT APPLICABLE,1432,W,47TH ST,924,,,,,,,2,NO INDICATION OF INJURY,0,0,0,0,0,5,0,16,5,8,41.8087617873,-87.6613827529,POINT (-87.661382752888 41.808761787303)
afa05bd44f91fc15fefdd1db155baaaa357fa09686140d33a2676fcac3f680a5986be9dc46fb90b4eca4b4205ddd73b3186156830e4728dc07a3362ad6e83314,,08/21/2025 04:00:00 PM,30,TRAFFIC SIGNAL,FUNCTIONING PROPERLY,CLEAR,DAYLIGHT,REAR END,DIVIDED - W/MEDIAN (NOT RAISED),,STRAIGHT AND LEVEL,DRY,NO DEFECTS,ON SCENE,NO INJURY / DRIVE AWAY,,,,"OVER $1,500",08/21/2025 04:15:00 PM,NOT APPLICABLE,NOT APPLICABLE,8042,W,FOREST PRESERVE AVE,1631,,,,,,,2,NO INDICATION OF INJURY,0,0,0,0,0,2,0,16,5,8,41.9439744032,-87.8280978321,POINT (-87.82809783207 41.9439744032)
b8c671fe60978e88c671dd594a111cf4466c7f95d7290ba51bc6c50af893789ec33b1eb8bc96da6a048df966e1f8b422cd320e74d754d9a120042a15cb645505,,08/21/2025 04:00:00 PM,30,TRAFFIC SIGNAL,FUNCTIONING PROPERLY,CLEAR,DAYLIGHT,REAR END,NOT DIVIDED,,STRAIGHT AND LEVEL,DRY,NO DEFECTS,NOT ON SCENE (DESK REPORT),NO INJURY / DRIVE AWAY,,,,"OVER $1,500",08/21/2025 04:28:00 PM,FOLLOWING TOO CLOSELY,FAILING TO REDUCE SPEED TO AVOID CRASH,3900,S,KEDZIE AVE,821,,,,,,,3,NO INDICATION OF INJURY,0,0,0,0,0,3,0,16,5,8,41.8225767875,-87.7045975728,POINT (-87.704597572764 41.822576787534)
c9b3a3beabcabdc23160ff8e027e1b2757c6b5ff0980b3626b7108e5bbfb9ec6fe8fb346530bdd224136915cc55f9f379cf958168f998f91c94f01e65b2a260f,,08/21/2025 04:00:00 PM,30,STOP SIGN/FLASHER,FUNCTIONING PROPERLY,CLEAR,DAYLIGHT,SIDESWIPE SAME DIRECTION,NOT DIVIDED,,STRAIGHT AND LEVEL,DRY,NO DEFECTS,ON SCENE,NO INJURY / DRIVE AWAY,,,,"OVER $1,500",08/21/2025 04:08:00 PM,UNABLE TO DETERMINE,NOT APPLICABLE,653,N,KINGSBURY ST,1831,,,,,,,2,NO INDICATION OF INJURY,0,0,0,0,0,3,0,16,5,8,41.8935595521,-87.6413133901,POINT (-87.641313390103 41.893559552102)
e5a1be5288265b829b894f6ada2644cafdaf6aedd03fd92e2ebdf58d57f0ab62e10a3af33037934c4182cbdb140ee953e0b211e7359330723ad5d815c57d966c,,08/21/2025 04:00:00 PM,30,TRAFFIC SIGNAL,FUNCTIONING PROPERLY,CLEAR,DAYLIGHT,TURNING,FOUR WAY,,STRAIGHT AND LEVEL,DRY,NO DEFECTS,ON SCENE,NO INJURY / DRIVE AWAY,Y,,,"OVER $1,500",08/21/2025 04:07:00 PM,FAILING TO YIELD RIGHT-OF-WAY,NOT APPLICABLE,1,W,47TH ST,224,Y,Y,,,,,2,NO INDICATION OF INJURY,0,0,0,0,0,3,0,16,5,8,41.8091257725,-87.6261361634,POINT (-87.626136163395 41.809125772506)
3df07d87e7f859315ca6500a32fd97b25cbe1b3a4ee350b7ba47c1284ff301cd25a99be3c9a8cf143fe507d128e51bb0fcb35d34caec5d04b30ef19d5f27753b,,08/21/2025 03:59:00 PM,20,NO CONTROLS,NO CONTROLS,CLEAR,DAYLIGHT,PARKED MOTOR VEHICLE,NOT DIVIDED,,STRAIGHT AND LEVEL,DRY,NO DEFECTS,ON SCENE,NO INJURY / DRIVE AWAY,,,,"$501 - $1,500",08/21/2025 04:48:00 PM,NOT APPLICABLE,NOT APPLICABLE,4214,S,ST LAWRENCE AVE,214,,,,,,,2,NO INDICATION OF INJURY,0,0,0,0,0,1,0,15,5,8,41.8180060953,-87.6118207706,POINT (-87.611820770633 41.818006095293)
525fe15a2dd58c130552dec351ee0d6f1d811eae98fed542cd6431e38989871ceede2c774db73a2957faacb517fa8e0217f4db1c70a993198d4ff5c12265978d,,08/21/2025 03:58:00 PM,25,NO CONTROLS,NO CONTROLS,CLEAR,DAYLIGHT,PARKED MOTOR VEHICLE,NOT DIVIDED,,STRAIGHT AND LEVEL,DRY,NO DEFECTS,ON SCENE,NO INJURY / DRIVE AWAY,,,,"OVER $1,500",08/21/2025 04:03:00 PM,UNABLE TO DETERMINE,UNABLE TO DETERMINE,4501,W,NORTH AVE,2533,,,,,,,2,NO INDICATION OF INJURY,0,0,0,0,0,1,0,15,5,8,41.909600386,-87.7393564665,POINT (-87.739356466533 41.909600386011)
7a35e129bae439001d49df30aa3e289ae4b6a1a6fc9d234987b2b165bcf4cbc26c2cd3b742683d6dad597ebb957ba8d6d02c27cdf99f8ed47b02ba36cd6cbd38,,08/21/2025 03:57:00 PM,35,TRAFFIC SIGNAL,FUNCTIONING PROPERLY,CLEAR,DAYLIGHT,PARKED MOTOR VEHICLE,DIVIDED - W/MEDIAN (NOT RAISED),,STRAIGHT AND LEVEL,DRY,UNKNOWN,NOT ON SCENE (DESK REPORT),NO INJURY / DRIVE AWAY,,,,$500 OR LESS,08/21/2025 05:20:00 PM,IMPROPER LANE USAGE,NOT APPLICABLE,112,E,51ST ST,224,,,,,,,2,NO INDICATION OF INJURY,0,0,0,0,0,1,0,15,5,8,41.8021199613,-87.6220236474,POINT (-87.622023647352 41.802119961336)
507109cf85203147cb32391ac592a54103971bc1df1587156ff060ada81fdd65808d36e8a6edfd72a15f79391819efcb3b17d7170669b09243518c5b3b78851f,,08/21/2025 03:53:00 PM,30,NO CONTROLS,NO CONTROLS,CLEAR,DAYLIGHT,PEDALCYCLIST,NOT DIVIDED,,STRAIGHT AND LEVEL,DRY,NO DEFECTS,ON SCENE,INJURY AND / OR TOW DUE TO CRASH,,,,"OVER $1,500",08/21/2025 03:54:00 PM,UNABLE TO DETERMINE,UNABLE TO DETERMINE,4021,W,ARMITAGE AVE,2534,,,,,,,2,"REPORTED, NOT EVIDENT",1,0,0,0,1,0,0,15,5,8,41.9170441582,-87.7275336339,POINT (-87.727533633917 41.917044158169)
7d16e3ac2c98d0bead0978efaf059f9a4d0941aba0eb51b61494516d4d09742ebb7a33eff0310a58173f8fae701d99ca814ec00c52adf0d767634cb5bbeed479,,08/21/2025 03:50:00 PM,30,NO CONTROLS,NO CONTROLS,CLEAR,DAYLIGHT,TURNING,FOUR WAY,,STRAIGHT AND LEVEL,DRY,NO DEFECTS,ON SCENE,NO INJURY / DRIVE AWAY,Y,,,"OVER $1,500",08/21/2025 06:00:00 PM,NOT APPLICABLE,UNABLE TO DETERMINE,5100,S,OAKLEY AVE,932,,,,,,,2,NO INDICATION OF INJURY,0,0,0,0,0,2,0,15,5,8,41.8011158561,-87.6819319981,POINT (-87.681931998061 41.801115856139)
934337d72ee5e9b17293c7893d5ed63ef827d9f24c313004be9e2b1fd207538ada99ef5bc5965930051e8955bfff2d2a89454f9e3147a10d58026a6a80e8db61,,08/21/2025 03:50:00 PM,30,STOP SIGN/FLASHER,FUNCTIONING PROPERLY,CLEAR,DAYLIGHT,ANGLE,FOUR WAY,,STRAIGHT AND LEVEL,DRY,NO DEFECTS,NOT ON SCENE (DESK REPORT),NO INJURY / DRIVE AWAY,Y,,,"OVER $1,500",08/21/2025 05:32:00 PM,FAILING TO YIELD RIGHT-OF-WAY,NOT APPLICABLE,2900,N,CENTRAL AVE,2514,,,,,,,2,NO INDICATION OF INJURY,0,0,0,0,0,2,0,15,5,8,41.9331889972,-87.7664596188,POINT (-87.766459618755 41.933188997167)
5759b58315f66b49da3c2980325501f7de94f96db2e7c9eb680e19d6925e001bd5d55ed8fc14379520e669b7f5abd90bb6d8101575c1cb4e7757532a68f30357,,08/21/2025 03:48:00 PM,30,STOP SIGN/FLASHER,FUNCTIONING PROPERLY,CLEAR,DAYLIGHT,ANGLE,FOUR WAY,,STRAIGHT AND LEVEL,DRY,NO DEFECTS,ON SCENE,INJURY AND / OR TOW DUE TO CRASH,Y,,,"$501 - $1,500",08/21/2025 04:32:00 PM,FAILING TO YIELD RIGHT-OF-WAY,FAILING TO YIELD RIGHT-OF-WAY,148,N,CENTRAL PARK DR,1122,,,,,,,2,NO INDICATION OF INJURY,0,0,0,0,0,2,0,15,5,8,41.8840798665,-87.7165520259,POINT (-87.716552025878 41.884079866528)
71d6a66c5eea2100e41bc2f59d64a308c5d994397cf92855d23ad40b064cc2c3370ab130f4e392429d57992757139f1690f1e70a9863b2ae2b70320488adc5b5,,08/21/2025 03:44:00 PM,30,STOP SIGN/FLASHER,FUNCTIONING PROPERLY,CLEAR,DAYLIGHT,REAR END,ONE-WAY,,STRAIGHT AND LEVEL,DRY,NO DEFECTS,NOT ON SCENE (DESK REPORT),NO INJURY / DRIVE AWAY,N,,,"OVER $1,500",08/21/2025 05:44:00 PM,FOLLOWING TOO CLOSELY,FOLLOWING TOO CLOSELY,2404,N,LUNA AVE,2515,,,,,,,2,NO INDICATION OF INJURY,0,0,0,0,0,2,0,15,5,8,41.9241991762,-87.7649156663,POINT (-87.764915666283 41.924199176184)
089d05e508a478bd2c5311455fbb5a6edb329e3bbfda9d559fd3abea21bcc3210d2aa659cfc4ea59cc54c98e7b02372176c725f27b67e015df55c2d6730bbeaf,,08/21/2025 03:40:00 PM,30,NO CONTROLS,NO CONTROLS,CLEAR,DAYLIGHT,REAR END,DIVIDED - W/MEDIAN (NOT RAISED),,STRAIGHT AND LEVEL,DRY,NO DEFECTS,NOT ON SCENE (DESK REPORT),NO INJURY / DRIVE AWAY,,,,"$501 - $1,500",08/21/2025 04:00:00 PM,FOLLOWING TOO CLOSELY,DRIVING SKILLS/KNOWLEDGE/EXPERIENCE,1038,W,IRVING PARK RD,1915,,,,,,,2,NO INDICATION OF INJURY,0,0,0,0,0,4,0,15,5,8,41.9545733885,-87.6560600156,POINT (-87.656060015622 41.954573388473)
7526516b2ed3623354c86ee4f36a0de070544187d04d8cdee99809ce9ba78e0bfc77c3e6f314f23262a9dc69242acbeeb168ea5201e2d479ea7900264e1dd901,,08/21/2025 03:40:00 PM,30,NO CONTROLS,NO CONTROLS,CLEAR,DAYLIGHT,PARKED MOTOR VEHICLE,NOT DIVIDED,,STRAIGHT AND LEVEL,DRY,NO DEFECTS,ON SCENE,NO INJURY / DRIVE AWAY,,,,$500 OR LESS,08/21/2025 03:41:00 PM,RELATED TO BUS STOP,RELATED TO BUS STOP,1507,W,51ST ST,934,,,,,,,2,NO INDICATION OF INJURY,0,0,0,0,0,1,0,15,5,8,41.8012358819,-87.6626779773,POINT (-87.662677977277 41.801235881908)
98f35786b07bfa5cc8e0e5b04c2c1db27d2703741806e347ccc3937492ce63ca304510e1d8dbed357ab0884be9d55f4936f5cfe4197c8ee0b8a7a27f9548fc3a,,08/21/2025 03:40:00 PM,30,NO CONTROLS,NO CONTROLS,CLEAR,DAYLIGHT,REAR END,NOT DIVIDED,,STRAIGHT AND LEVEL,DRY,NO DEFECTS,NOT ON SCENE (DESK REPORT),NO INJURY / DRIVE AWAY,,,,"OVER $1,500",08/21/2025 03:45:00 PM,DISTRACTION - FROM OUTSIDE VEHICLE,NOT APPLICABLE,3400,W,63RD ST,823,,,,,,,2,NO INDICATION OF INJURY,0,0,0,0,0,3,0,15,5,8,41.7790005449,-87.7081122473,POINT (-87.708112247341 41.779000544921)
bb2b83f8f711e5284930e1a137af86ae1cc8594c41db52db0fef8ae441bb29d9aee8401658e0f9ce47002f908866394796212d9a765438951d0cf9faa25f3a95,,08/21/2025 03:40:00 PM,30,STOP SIGN/FLASHER,FUNCTIONING PROPERLY,CLEAR,DAYLIGHT,TURNING,Y-INTERSECTION,,STRAIGHT AND LEVEL,DRY,NO DEFECTS,NOT ON SCENE (DESK REPORT),INJURY AND / OR TOW DUE TO CRASH,Y,,,"OVER $1,500",08/21/2025 03:42:00 PM,FAILING TO YIELD RIGHT-OF-WAY,FAILING TO REDUCE SPEED TO AVOID CRASH,3428,N,ELSTON AVE,1733,Y,Y,,,,,3,"REPORTED, NOT EVIDENT",2,0,0,0,2,2,0,15,5,8,41.9432250739,-87.7041117165,POINT (-87.704111716512 41.943225073898)
eada0d4326edd09762c814e04f9d3f73fd1cdbef11b72006eb843562c43f64b17e85041af6597eaa1433e53710530e61692dd779924c7bc8c299aa46bb17791f,,08/21/2025 03:40:00 PM,30,NO CONTROLS,NO CONTROLS,CLEAR,DAYLIGHT,SIDESWIPE OPPOSITE DIRECTION,NOT DIVIDED,,STRAIGHT AND LEVEL,DRY,NO DEFECTS,ON SCENE,NO INJURY / DRIVE AWAY,,,,"$501 - $1,500",08/21/2025 03:50:00 PM,IMPROPER TURNING/NO SIGNAL,UNABLE TO DETERMINE,1230,W,FOSTER AVE,2013,,,,,,,2,NO INDICATION OF INJURY,0,0,0,0,0,3,0,15,5,8,41.9764142267,-87.661082473,POINT (-87.661082473007 41.97641422675)
ddf8750a65c928a4d1babb692f810f37fbce90efe8ab1cea511d73af677d18d865ec5d19b95e04d6c924fca5e209d2055627e5a2713a388e241e84bf1ffa3dae,,08/21/2025 03:31:00 PM,30,STOP SIGN/FLASHER,FUNCTIONING PROPERLY,CLEAR,DAYLIGHT,TURNING,NOT DIVIDED,,STRAIGHT AND LEVEL,DRY,NO DEFECTS,NOT ON SCENE (DESK REPORT),NO INJURY / DRIVE AWAY,Y,,,"OVER $1,500",08/23/2025 01:20:00 PM,FAILING TO YIELD RIGHT-OF-WAY,UNABLE TO DETERMINE,3298,N,AUSTIN AVE,1633,,,,,,,2,NO INDICATION OF INJURY,0,0,0,0,0,2,0,15,5,8,41.9402284645,-87.776430438,POINT (-87.776430437954 41.940228464523)
159908ce57d925bb47e4ca442386907978077d0c048cc5affc8c5cd9fc8fa4f494550f0dd01245e1ad4a2a6665303c41c7c4988ab5414c69e625e768632a2483,,08/21/2025 03:30:00 PM,30,NO CONTROLS,NO CONTROLS,CLEAR,DAYLIGHT,SIDESWIPE SAME DIRECTION,NOT DIVIDED,,STRAIGHT AND LEVEL,DRY,NO DEFECTS,NOT ON SCENE (DESK REPORT),NO INJURY / DRIVE AWAY,,,,"$501 - $1,500",08/21/2025 05:35:00 PM,UNABLE TO DETERMINE,UNABLE TO DETERMINE,325,S,FRANKLIN ST,122,,,,,,,2,NO INDICATION OF INJURY,0,0,0,0,0,2,0,15,5,8,41.877489075,-87.6350447079,POINT (-87.635044707943 41.877489074982)
1876ad7d40ea4a8a70a3864e89dc7674b62db3a9f7b50fd86e9ac2991c77e5f19acccae0063ad48e5fd66ee1d0976515ddd713e3d24251ed9f0de3722e8cbd14,,08/21/2025 03:30:00 PM,30,UNKNOWN,UNKNOWN,CLEAR,DAYLIGHT,PARKED MOTOR VEHICLE,PARKING LOT,,STRAIGHT AND LEVEL,UNKNOWN,UNKNOWN,NOT ON SCENE (DESK REPORT),NO INJURY / DRIVE AWAY,,,Y,"OVER $1,500",08/21/2025 04:00:00 PM,UNABLE TO DETERMINE,UNABLE TO DETERMINE,5353,N,ELSTON AVE,1621,,,,,,,2,NO INDICATION OF INJURY,0,0,0,0,0,1,0,15,5,8,41.9787102644,-87.757153772,POINT (-87.757153772042 41.978710264377)
1882f8ad03bd875b369a90341d137ada16a0f01313ebbb63520f165052c3f20b728a43eccc7c2cbdd0cf4a86ef36a2ae3963df05f32891fbadf2d742578bbf32,,08/21/2025 03:30:00 PM,30,TRAFFIC SIGNAL,FUNCTIONING PROPERLY,CLEAR,DAYLIGHT,REAR END,FOUR WAY,,STRAIGHT AND LEVEL,UNKNOWN,UNKNOWN,NOT ON SCENE (DESK REPORT),NO INJURY / DRIVE AWAY,Y,,,"$501 - $1,500",08/21/2025 06:00:00 PM,UNABLE TO DETERMINE,NOT APPLICABLE,4300,W,ADDISON ST,1731,,,,,,,2,NO INDICATION OF INJURY,0,0,0,0,0,2,0,15,5,8,41.9463800049,-87.7352961099,POINT (-87.735296109899 41.946380004916)
27d6bb1a49566b3e901db78e305e3a8635c46d967600f547b5ac0e222e9556f3702785b65703ba2b9d704d3e49f825b86edac02d1bc4cd5705f80b6e69105866,,08/21/2025 03:30:00 PM,30,STOP SIGN/FLASHER,UNKNOWN,CLEAR,DAYLIGHT,ANGLE,UNKNOWN,,STRAIGHT AND LEVEL,OTHER,UNKNOWN,NOT ON SCENE (DESK REPORT),NO INJURY / DRIVE AWAY,,,,"OVER $1,500",08/21/2025 04:30:00 PM,UNABLE TO DETERMINE,UNABLE TO DETERMINE,5843,W,STRONG ST,1622,,,,,,,2,NO INDICATION OF INJURY,0,0,0,0,0,2,0,15,5,8,41.9701749967,-87.7751774263,POINT (-87.775177426292 41.970174996669)