CRASH_RECORD_ID,CRASH_DATE_EST_I,CRASH_DATE,POSTED_SPEED_LIMIT,TRAFFIC_CONTROL_DEVICE,DEVICE_CONDITION,WEATHER_CONDITION,LIGHTING_CONDITION,FIRST_CRASH_TYPE,TRAFFICWAY_TYPE,LANE_CNT,ALIGNMENT,ROADWAY_SURFACE_COND,ROAD_DEFECT,REPORT_TYPE,CRASH_TYPE,INTERSECTION_RELATED_I,NOT_RIGHT_OF_WAY_I,HIT_AND_RUN_I,DAMAGE,DATE_POLICE_NOTIFIED,PRIM_CONTRIBUTORY_CAUSE,SEC_CONTRIBUTORY_CAUSE,STREET_NO,STREET_DIRECTION,STREET_NAME,BEAT_OF_OCCURRENCE,PHOTOS_TAKEN_I,STATEMENTS_TAKEN_I,DOORING_I,WORK_ZONE_I,WORK_ZONE_TYPE,WORKERS_PRESENT_I,NUM_UNITS,MOST_SEVERE_INJURY,INJURIES_TOTAL,INJURIES_FATAL,INJURIES_INCAPACITATING,INJURIES_NON_INCAPACITATING,INJURIES_REPORTED_NOT_EVIDENT,INJURIES_NO_INDICATION,INJURIES_UNKNOWN,CRASH_HOUR,CRASH_DAY_OF_WEEK,CRASH_MONTH,LATITUDE,LONGITUDE,LOCATION
665c9cc4b0e7dff1ee9b6f0e2e34b81c911c17944f5ba0236cf48170c081fa83c5a693dc9266fb647e3ece9d27138c3d55f5e6ca0ef63614dfbdac6fc95a731e,,08/21/2025 03:30:00 PM,15,NO CONTROLS,NO CONTROLS,CLEAR,DAYLIGHT,TURNING,PARKING LOT,,STRAIGHT AND LEVEL,DRY,NO DEFECTS,NOT ON SCENE (DESK REPORT),NO INJURY / DRIVE AWAY,,,,"OVER $1,500",08/21/2025 04:20:00 PM,UNABLE TO DETERMINE,NOT APPLICABLE,8300,S,HOLLAND RD,622,,,,,,,2,NO INDICATION OF INJURY,0,0,0,0,0,2,0,15,5,8,41.7434273331,-87.632181132,POINT (-87.632181132025 41.743427333057)
83e82943553d9b57e3897ba245608c906023a159ba0f74ca20a6b1669c0ee29b561fcf5cf0e58d1c166b7d03e59747d56771c850841aae46ed7ae56c045fdc19,,08/21/2025 03:30:00 PM,20,NO CONTROLS,NO CONTROLS,CLEAR,DAYLIGHT,PARKED MOTOR VEHICLE,ONE-WAY,,STRAIGHT AND LEVEL,DRY,NO DEFECTS,NOT ON SCENE (DESK REPORT),INJURY AND / OR TOW DUE TO CRASH,,,,"OVER $1,500",08/21/2025 04:20:00 PM,FAILING TO YIELD RIGHT-OF-WAY,UNABLE TO DETERMINE,1422,W,GREGORY ST,2013,,,,,,,2,NONINCAPACITATING INJURY,1,0,0,1,0,0,0,15,5,8,41.9827058574,-87.6658936432,POINT (-87.665893643231 41.982705857429)
e26719f8544836cfe84822b1156df7b4769f70fc85203d60bc95695794fedbcfd9d9f331e4d2eadfc802c8a4765131d5c3a740b1da7559343f9c59bfd52cd9a5,,08/21/2025 03:30:00 PM,30,TRAFFIC SIGNAL,FUNCTIONING PROPERLY,CLEAR,DAYLIGHT,TURNING,NOT DIVIDED,,STRAIGHT AND LEVEL,DRY,NO DEFECTS,ON SCENE,NO INJURY / DRIVE AWAY,Y,,,"OVER $1,500",08/21/2025 03:45:00 PM,UNABLE TO DETERMINE,NOT APPLICABLE,3452,S,KEDZIE AVE,911,,,,,,,2,NO INDICATION OF INJURY,0,0,0,0,0,2,0,15,5,8,41.8300290903,-87.7047615162,POINT (-87.704761516248 41.830029090299)
e6a7d126c2f729cae7bc66d6a6b5525c64d3e7c6b2231244fbc99156959c95da4535f52986a0d41119f7f0857628958bf9838b8228bb4ac4e3b3c5132a541061,,08/21/2025 03:30:00 PM,30,STOP SIGN/FLASHER,FUNCTIONING PROPERLY,CLEAR,DAYLIGHT,ANGLE,FOUR WAY,,STRAIGHT AND LEVEL,DRY,NO DEFECTS,ON SCENE,INJURY AND / OR TOW DUE TO CRASH,Y,,,"OVER $1,500",08/21/2025 03:36:00 PM,UNABLE TO DETERMINE,UNABLE TO DETERMINE,5935,W,GRAND AVE,2515,,,,,,,2,NONINCAPACITATING INJURY,1,0,0,1,0,3,0,15,5,8,41.9202535901,-87.7745534639,POINT (-87.77455346392 41.920253590129)
ffbc6078a196b0045771e6332f8be4348e1627fa74741a88be79e73225b57830c7be593b8ef83bd19949458f417370f287a6bbe926fb7611b319ab09837a684f,,08/21/2025 03:30:00 PM,30,TRAFFIC SIGNAL,UNKNOWN,UNKNOWN,UNKNOWN,SIDESWIPE SAME DIRECTION,"FIVE POINT, OR MORE",,STRAIGHT AND LEVEL,UNKNOWN,UNKNOWN,NOT ON SCENE (DESK REPORT),NO INJURY / DRIVE AWAY,,,,"OVER $1,500",08/21/2025 04:00:00 PM,UNABLE TO DETERMINE,UNABLE TO DETERMINE,3955,N,DAMEN AVE,1922,,,,,,,2,NO INDICATION OF INJURY,0,0,0,0,0,4,0,15,5,8,41.954068242,-87.678604449,POINT (-87.678604449027 41.954068242042)
da765c8189c542c4890718b536caf58bf2a51505a03bfcd54b1ed6cbc76a168610ecae420dd352365c97318af621d6b14888664daa11c06f921318c02291f2be,,08/21/2025 03:29:00 PM,30,STOP SIGN/FLASHER,FUNCTIONING PROPERLY,CLEAR,DAYLIGHT,TURNING,T-INTERSECTION,,STRAIGHT AND LEVEL,DRY,NO DEFECTS,ON SCENE,NO INJURY / DRIVE AWAY,Y,,,"$501 - $1,500",08/21/2025 03:29:00 PM,NOT APPLICABLE,NOT APPLICABLE,646,N,MILWAUKEE AVE,1214,,,,,,,2,NO INDICATION OF INJURY,0,0,0,0,0,2,0,15,5,8,41.8932227441,-87.6509600121,POINT (-87.650960012109 41.893222744128)
2ed52472e61ed1ab5af44f284bc388681d243cda8ddc7fd68f8bb5de566f77a6399fd7cca5c3d9260c0a1dff732f96243d64eaf06ace23907060c62e5137ed23,,08/21/2025 03:27:00 PM,30,STOP SIGN/FLASHER,FUNCTIONING PROPERLY,CLEAR,DAYLIGHT,ANGLE,FOUR WAY,,STRAIGHT AND LEVEL,DRY,NO DEFECTS,ON SCENE,NO INJURY / DRIVE AWAY,Y,,,"OVER $1,500",08/21/2025 03:27:00 PM,DISREGARDING STOP SIGN,FAILING TO REDUCE SPEED TO AVOID CRASH,3300,S,HOYNE AVE,912,,,,,,,2,NO INDICATION OF INJURY,0,0,0,0,0,2,0,15,5,8,41.8338992195,-87.6779823113,POINT (-87.677982311346 41.833899219514)
4b70a4fdb68e2f79ef256cb4cbd3990f913da3c7769ab93619588e0b5691389967c80458303b267e8d2cbe2c5fa8e179dad5746d53426d8ca401fee64c8d6404,,08/21/2025 03:17:00 PM,30,NO CONTROLS,NO CONTROLS,CLEAR,DAYLIGHT,TURNING,NOT DIVIDED,,STRAIGHT AND LEVEL,DRY,NO DEFECTS,ON SCENE,INJURY AND / OR TOW DUE TO CRASH,,,,"OVER $1,500",08/21/2025 03:18:00 PM,UNABLE TO DETERMINE,UNABLE TO DETERMINE,898,W,CERMAK RD,1235,,,,,,,2,"REPORTED, NOT EVIDENT",1,0,0,0,1,1,0,15,5,8,41.8527237602,-87.6480540393,POINT (-87.648054039292 41.852723760175)
5d0ae52157ab0e6c23fbcac332cedaa231acf02940d127c2892229159a64c57c30d274bc1c3f5ab596f472f753d390b306ff32e84365d80a68dfed8d13acc7e9,,08/21/2025 03:15:00 PM,30,NO CONTROLS,NO CONTROLS,CLEAR,DAYLIGHT,PARKED MOTOR VEHICLE,NOT DIVIDED,,STRAIGHT AND LEVEL,DRY,NO DEFECTS,ON SCENE,NO INJURY / DRIVE AWAY,,,Y,"$501 - $1,500",08/21/2025 03:20:00 PM,UNABLE TO DETERMINE,NOT APPLICABLE,2102,W,OGDEN AVE,1225,,,,,,,2,NO INDICATION OF INJURY,0,0,0,0,0,1,0,15,5,8,41.8704637282,-87.6793603047,POINT (-87.679360304749 41.870463728229)
c823601009cf63add185a9d316d776ae98f746fc71223a407d35947868f5c58d7d5787eee3b338a8407c4ceab45c7db590c585f45b36125f9a7eda1bfb1896a2,,08/21/2025 03:15:00 PM,30,TRAFFIC SIGNAL,FUNCTIONING PROPERLY,CLEAR,DAYLIGHT,TURNING,NOT DIVIDED,,STRAIGHT AND LEVEL,DRY,NO DEFECTS,NOT ON SCENE (DESK REPORT),NO INJURY / DRIVE AWAY,Y,,,"$501 - $1,500",08/21/2025 04:33:00 PM,UNABLE TO DETERMINE,UNABLE TO DETERMINE,700,S,MICHIGAN AVE,123,,,,,,,2,NO INDICATION OF INJURY,0,0,0,0,0,2,0,15,5,8,41.8730954853,-87.6243452478,POINT (-87.624345247792 41.873095485332)
125d865274ee2c87d5e604c6e35b7275709f3c76061bd04dafdadd7b844028b82b29accb1d4bfdd8053f3dd025e05406d8a8a741dda02a0dc395c378f00f405a,,08/21/2025 03:14:00 PM,30,TRAFFIC SIGNAL,NOT FUNCTIONING,CLEAR,DAYLIGHT,TURNING,CENTER TURN LANE,,STRAIGHT AND LEVEL,DRY,UNKNOWN,NOT ON SCENE (DESK REPORT),NO INJURY / DRIVE AWAY,,,,"OVER $1,500",08/21/2025 04:00:00 PM,IMPROPER OVERTAKING/PASSING,UNABLE TO DETERMINE,5080,S,WESTERN AVE,923,,,,,,,2,NO INDICATION OF INJURY,0,0,0,0,0,3,0,15,5,8,41.801234297,-87.6843737344,POINT (-87.68437373438 41.801234297006)
fa51a2187be0739d1bbfc31b3711ead842633ac3cd8467fe7801b2f5e22cacc32dfb9bfd9dc7c5dc2de2f940e0086a553f87e054d9bb659a497e5edba78025ce,,08/21/2025 03:13:00 PM,20,NO CONTROLS,NO CONTROLS,CLEAR,DAYLIGHT,PARKED MOTOR VEHICLE,NOT DIVIDED,,STRAIGHT AND LEVEL,DRY,NO DEFECTS,ON SCENE,NO INJURY / DRIVE AWAY,,,,"OVER $1,500",08/21/2025 03:18:00 PM,DRIVING SKILLS/KNOWLEDGE/EXPERIENCE,UNABLE TO DETERMINE,5664,N,NATOMA AVE,1612,,,,,,,2,NO INDICATION OF INJURY,0,0,0,0,0,4,0,15,5,8,41.9846678085,-87.793512406,POINT (-87.793512405979 41.984667808477)
e54730e0adcdbc46a0e6920cec61e2dfb84b48e2c3a5e519c0d891c90a25dad629a907aefbbd55125f2a0bcbc61226ae1e60e91f0f53f1f0e7f784144b22ded9,,08/21/2025 03:04:00 PM,30,TRAFFIC SIGNAL,FUNCTIONING PROPERLY,CLEAR,DAYLIGHT,TURNING,NOT DIVIDED,,STRAIGHT AND LEVEL,DRY,NO DEFECTS,,NO INJURY / DRIVE AWAY,Y,,,"OVER $1,500",08/21/2025 03:50:00 PM,UNABLE TO DETERMINE,UNABLE TO DETERMINE,96,E,RANDOLPH ST,111,,,,,,,2,NO INDICATION OF INJURY,0,0,0,0,0,4,0,15,5,8,41.8845904895,-87.6245290674,POINT (-87.624529067356 41.884590489546)
af23e485da531827c555162d9f6b221b0e9b9829d01287e8d04ce4191f5e0a606ff8a9d9a63e4e70767b2d4ae160605ce96cfed14a0de30a1cfa2701755c5ebf,,08/21/2025 03:03:00 PM,30,NO CONTROLS,NO CONTROLS,CLEAR,DAYLIGHT,REAR END,DIVIDED - W/MEDIAN (NOT RAISED),,STRAIGHT AND LEVEL,DRY,NO DEFECTS,NOT ON SCENE (DESK REPORT),NO INJURY / DRIVE AWAY,,,,"OVER $1,500",08/21/2025 07:50:00 PM,UNABLE TO DETERMINE,NOT APPLICABLE,5134,W,MONTROSE AVE,1623,,,,,,,2,NO INDICATION OF INJURY,0,0,0,0,0,2,0,15,5,8,41.9607273847,-87.7559334793,POINT (-87.75593347932 41.960727384738)
e9e2a3c731e94c6d6a70b6639be70354829ce7d5aa1cb0e51fd7abe7bf35be85275d77113d69d2b2a2e5ecf2ba48e4d2e6d8b22dfb150af89a0815c0b7052ba7,,08/21/2025 03:03:00 PM,30,NO CONTROLS,NO CONTROLS,CLEAR,DAYLIGHT,SIDESWIPE SAME DIRECTION,NOT DIVIDED,,STRAIGHT AND LEVEL,DRY,NO DEFECTS,ON SCENE,NO INJURY / DRIVE AWAY,,,,"OVER $1,500",08/21/2025 03:04:00 PM,IMPROPER LANE USAGE,NOT APPLICABLE,6150,S,PULASKI RD,813,,,,,,,2,NO INDICATION OF INJURY,0,0,0,0,0,2,0,15,5,8,41.7807491009,-87.7229661595,POINT (-87.722966159469 41.780749100934)
1ba8fb8d39498f22577bdc8cbab1a26548577ed2ee506da14d3cf7ea06d7913e5b1af30e9df85f7629098b37cf0948cf140b99e2e5ebc944c39362053c12221c,,08/21/2025 03:00:00 PM,10,NO CONTROLS,NO CONTROLS,CLEAR,DAYLIGHT,PARKED MOTOR VEHICLE,NOT DIVIDED,,STRAIGHT AND LEVEL,DRY,NO DEFECTS,NOT ON SCENE (DESK REPORT),NO INJURY / DRIVE AWAY,,,,"OVER $1,500",08/21/2025 03:40:00 PM,FOLLOWING TOO CLOSELY,NOT APPLICABLE,6300,W,DICKENS AVE,2512,,,,,,,2,NO INDICATION OF INJURY,0,0,0,0,0,1,0,15,5,8,41.9183680822,-87.7829003681,POINT (-87.782900368066 41.918368082246)
896c3aec366671060b4e3815be5c57f5fa32684f73fb24d4ef547a3b4877013ce22a733ee384ecdc9ca31138b325d6d27d076de563847fb5398cd3af5e9dc25f,,08/21/2025 03:00:00 PM,25,NO CONTROLS,NO CONTROLS,CLEAR,DAYLIGHT,SIDESWIPE SAME DIRECTION,NOT DIVIDED,,STRAIGHT AND LEVEL,DRY,NO DEFECTS,NOT ON SCENE (DESK REPORT),NO INJURY / DRIVE AWAY,,,,"$501 - $1,500",08/21/2025 06:00:00 PM,UNABLE TO DETERMINE,UNABLE TO DETERMINE,1421,S,WESTERN AVE,1233,,,,,,,2,NO INDICATION OF INJURY,0,0,0,0,0,2,0,15,5,8,41.8623595567,-87.6857723835,POINT (-87.685772383458 41.862359556737)
9f881e29732498d5e99958a41e4a4209830d41f4149a903c51e1a4131fd66e54143976fc1de7e9ee1d863ca8226f7b3d620d3bf3cd98f09cbc4d3d2ee34a981a,,08/21/2025 03:00:00 PM,30,NO CONTROLS,NO CONTROLS,CLEAR,DAYLIGHT,REAR END,DIVIDED - W/MEDIAN (NOT RAISED),,STRAIGHT AND LEVEL,DRY,NO DEFECTS,NOT ON SCENE (DESK REPORT),NO INJURY / DRIVE AWAY,,,Y,"OVER $1,500",08/21/2025 09:45:00 PM,IMPROPER OVERTAKING/PASSING,NOT APPLICABLE,2720,W,GRAND AVE,1221,,,,,,,2,NO INDICATION OF INJURY,0,0,0,0,0,2,0,15,5,8,41.8937420775,-87.6948848527,POINT (-87.694884852717 41.893742077504)
a5294cadf3b239d8cb0948a37adad9f8e1cd5abd8d0536bc6f9cc9c0be3986cd4301f616ce294d49ac8255bea4f4f9abeaf6aed53ecb0897bf264ca3e46dd6dd,,08/21/2025 03:00:00 PM,30,NO CONTROLS,NO CONTROLS,CLEAR,DAYLIGHT,SIDESWIPE SAME DIRECTION,NOT DIVIDED,,STRAIGHT AND LEVEL,DRY,NO DEFECTS,ON SCENE,NO INJURY / DRIVE AWAY,,,,"OVER $1,500",08/21/2025 03:05:00 PM,UNABLE TO DETERMINE,NOT APPLICABLE,4100,W,NORTH AVE,2534,,,,,,,2,NO INDICATION OF INJURY,0,0,0,0,0,2,0,15,5,8,41.9099608832,-87.7288749604,POINT (-87.728874960377 41.909960883248)
2687a03b11bc89ce307f99f351e0540ab8536cf88ba1611894b384ac2ac83b7e4930337f9cde4445d60523c50d121e62c14f7cff66f21d6e0106f739794a2bbe,,08/21/2025 02:58:00 PM,30,NO CONTROLS,NO CONTROLS,CLEAR,DAYLIGHT,REAR END,NOT DIVIDED,,STRAIGHT AND LEVEL,DRY,NO DEFECTS,NOT ON SCENE (DESK REPORT),NO INJURY / DRIVE AWAY,,,,"OVER $1,500",08/21/2025 03:20:00 PM,FOLLOWING TOO CLOSELY,NOT APPLICABLE,3401,W,59TH ST,822,,,,,,,2,NO INDICATION OF INJURY,0,0,0,0,0,3,0,14,5,8,41.7860610388,-87.7082884082,POINT (-87.708288408236 41.786061038845)
446d2fccba7d179966d92cac39dcf9ab9b8c1e7e4db9f4c80077b0ed46a52d51613367f3f06c8448dcbb0331fb1aa393b23d09dfed70f8a3e81d7e01a4c31fad,,08/21/2025 02:52:00 PM,30,STOP SIGN/FLASHER,FUNCTIONING PROPERLY,CLEAR,DAYLIGHT,ANGLE,FOUR WAY,,STRAIGHT AND LEVEL,DRY,WORN SURFACE,ON SCENE,INJURY AND / OR TOW DUE TO CRASH,Y,,,"OVER $1,500",08/21/2025 02:54:00 PM,FAILING TO YIELD RIGHT-OF-WAY,NOT APPLICABLE,4400,S,ROCKWELL ST,922,,,,,,,2,NO INDICATION OF INJURY,0,0,0,0,0,4,0,14,5,8,41.8137114188,-87.6896187478,POINT (-87.68961874782 41.813711418831)
8100e018658e52626f9d03b9447f1265aaefa26aaab6040f6f19bfb8464f5fe1f0eaec2a6b80e051b02a4321de17c2d6917d5790a669466bfd5bf8ea13a9eefd,,08/21/2025 02:48:00 PM,30,STOP SIGN/FLASHER,NO CONTROLS,UNKNOWN,DAYLIGHT,ANGLE,T-INTERSECTION,,STRAIGHT AND LEVEL,UNKNOWN,UNKNOWN,NOT ON SCENE (DESK REPORT),NO INJURY / DRIVE AWAY,,,,"OVER $1,500",08/21/2025 04:30:00 PM,UNABLE TO DETERMINE,UNABLE TO DETERMINE,100,E,71ST ST,322,,,,,,,2,NO INDICATION OF INJURY,0,0,0,0,0,2,0,14,5,8,41.765690875,-87.6216156091,POINT (-87.621615609077 41.765690875014)
2c1643f31e2d80ad89475c1c9baa79f80c39879ff088c70fe4619fa9f4e4ac0b4ddacc3d580b2dc0063cade6bc3ecf2928fff4a9057c0dbc7d04d11f9e01f1fe,,08/21/2025 02:45:00 PM,30,TRAFFIC SIGNAL,FUNCTIONING PROPERLY,CLEAR,DAYLIGHT,REAR END,NOT DIVIDED,,STRAIGHT AND LEVEL,DRY,NO DEFECTS,NOT ON SCENE (DESK REPORT),NO INJURY / DRIVE AWAY,Y,,,"OVER $1,500",08/21/2025 03:45:00 PM,NOT APPLICABLE,NOT APPLICABLE,6600,S,MARQUETTE RD,312,,,,,,,2,NO INDICATION OF INJURY,0,0,0,0,0,2,0,14,5,8,41.7747383284,-87.6132404634,POINT (-87.613240463362 41.774738328394)
47f4f2e1a95784a75614500d45437e2c84dc23db2e7e5f9174c24513bc1cc6bd5cb513cafb971f8e67ea30c80aecbd576d7365d95d9465c38b0b13229561cc54,,08/21/2025 02:45:00 PM,30,NO CONTROLS,NO CONTROLS,CLEAR,DAYLIGHT,SIDESWIPE SAME DIRECTION,NOT DIVIDED,,STRAIGHT AND LEVEL,DRY,NO DEFECTS,NOT ON SCENE (DESK REPORT),NO INJURY / DRIVE AWAY,,,,"OVER $1,500",08/21/2025 03:00:00 PM,IMPROPER LANE USAGE,NOT APPLICABLE,7900,S,RACINE AVE,612,,,,,,,2,NO INDICATION OF INJURY,0,0,0,0,0,2,0,14,5,8,41.7504749298,-87.6538833344,POINT (-87.653883334391 41.750474929778)
48fa722b032eefaecbdb8ba916562c8e5df07bb6a2c2cdceb88f92d96e2e2952f5cd4da3727641ec2d65918899c9bb400f244d6511f929c386cb81682a2dbcc1,,08/21/2025 02:45:00 PM,30,NO CONTROLS,NO CONTROLS,CLEAR,DAYLIGHT,PARKED MOTOR VEHICLE,NOT DIVIDED,,STRAIGHT AND LEVEL,DRY,NO DEFECTS,NOT ON SCENE (DESK REPORT),NO INJURY / DRIVE AWAY,,,,"OVER $1,500",08/21/2025 06:50:00 PM,IMPROPER LANE USAGE,NOT APPLICABLE,3021,W,44TH ST,922,,,,,,,2,NO INDICATION OF INJURY,0,0,0,0,0,3,0,14,5,8,41.8135276407,-87.7002487783,POINT (-87.70024877833 41.81352764068)
d1d454d122cd697d8f0fbe51f346ffd27bad040b2fef3ed70ab0db602ae36728f8c92325700ccd39085a1a8444ddcaf914b3448decc8514929ee8fdf74e65bc9,,08/21/2025 02:45:00 PM,25,STOP SIGN/FLASHER,FUNCTIONING PROPERLY,CLEAR,DAYLIGHT,ANGLE,NOT DIVIDED,,STRAIGHT AND LEVEL,DRY,NO DEFECTS,ON SCENE,INJURY AND / OR TOW DUE TO CRASH,Y,,,"OVER $1,500",08/21/2025 03:00:00 PM,UNABLE TO DETERMINE,NOT APPLICABLE,5400,S,NEVA AVE,811,,,,,,,2,NO INDICATION OF INJURY,0,0,0,0,0,2,0,14,5,8,41.7938640313,-87.8004646887,POINT (-87.800464688702 41.793864031296)
5b5c7c899b9184e4ce399e732ad25602231f7cbb983d6d89f99a842c6b4a19139644e4d0f89074c4a4a8b8772efac2fe3978b7f2b1bc2e6949c7a7535f7c0ffd,,08/21/2025 02:40:00 PM,30,STOP SIGN/FLASHER,FUNCTIONING PROPERLY,CLEAR,DAYLIGHT,PEDALCYCLIST,NOT DIVIDED,,STRAIGHT AND LEVEL,DRY,NO DEFECTS,NOT ON SCENE (DESK REPORT),NO INJURY / DRIVE AWAY,Y,,,$500 OR LESS,08/21/2025 02:40:00 PM,DISREGARDING STOP SIGN,DISREGARDING STOP SIGN,520,W,FULTON ST,1214,,,,,,,2,NO INDICATION OF INJURY,0,0,0,0,0,2,0,14,5,8,41.8869246196,-87.6408431282,POINT (-87.640843128159 41.88692461957)
cce57676d79b3f195ac6857c28e336988237b02c25e892c070a11affea09c28bbe6a570ba6c2da6c6e5b825ac382acf9212c19c0f343f2d61895575ac5a5e16c,,08/21/2025 02:40:00 PM,30,NO CONTROLS,NO CONTROLS,CLEAR,DAYLIGHT,REAR TO SIDE,PARKING LOT,,STRAIGHT AND LEVEL,DRY,NO DEFECTS,NOT ON SCENE (DESK REPORT),NO INJURY / DRIVE AWAY,,,,"OVER $1,500",08/21/2025 04:10:00 PM,FAILING TO YIELD RIGHT-OF-WAY,FAILING TO YIELD RIGHT-OF-WAY,2525,N,ELSTON AVE,1432,,,,,,,2,NO INDICATION OF INJURY,0,0,0,0,0,2,0,14,5,8,41.9274919518,-87.6807875591,POINT (-87.680787559064 41.92749195178)
8f7de12152a9dce190c236c8d222fda6efca72c93d21d4f76b2976bcd8bcc299ec0d0cf47e0aa8b1ccb8fde215bd44852cbfbad021a3eb935003b4f28e9a2ab8,,08/21/2025 02:35:00 PM,25,STOP SIGN/FLASHER,NO CONTROLS,CLEAR,DAYLIGHT,PARKED MOTOR VEHICLE,ONE-WAY,,STRAIGHT AND LEVEL,DRY,NO DEFECTS,ON SCENE,INJURY AND / OR TOW DUE TO CRASH,,,,"OVER $1,500",08/21/2025 02:35:00 PM,"EVASIVE ACTION DUE TO ANIMAL, OBJECT, NONMOTORIST","EVASIVE ACTION DUE TO ANIMAL, OBJECT, NONMOTORIST",11651,S,WALLACE ST,524,,,,,,,2,NONINCAPACITATING INJURY,1,0,0,1,0,0,0,14,5,8,41.6818762711,-87.6370673539,POINT (-87.637067353891 41.681876271083)
7efea1c2bac92b809e4505fc0a84972690c33e76eb0f277bfff37be44cf0899c3f6e7ac489d93fc449eb12c918eb335ddbfae8efffeeec0c79c437dc98685c86,,08/21/2025 02:30:00 PM,30,NO CONTROLS,NO CONTROLS,CLEAR,DAYLIGHT,SIDESWIPE SAME DIRECTION,DIVIDED - W/MEDIAN BARRIER,,STRAIGHT AND LEVEL,DRY,NO DEFECTS,ON SCENE,NO INJURY / DRIVE AWAY,,,,"OVER $1,500",08/21/2025 02:34:00 PM,IMPROPER BACKING,NOT APPLICABLE,837,S,WESTERN AVE,1225,,,,,,,2,NO INDICATION OF INJURY,0,0,0,0,0,2,0,14,5,8,41.8702955226,-87.685994251,POINT (-87.685994251033 41.870295522641)
d2823dbaffcd28d9d2da8c909faac9470ac8a3f6450ad3560a1cc37bfb93a2117aa278a8e51669fd426e05e7c747e3c8cde33135a7a69e758230c681c23a118f,,08/21/2025 02:30:00 PM,40,TRAFFIC SIGNAL,UNKNOWN,CLEAR,DAYLIGHT,SIDESWIPE SAME DIRECTION,NOT DIVIDED,,STRAIGHT AND LEVEL,DRY,UNKNOWN,NOT ON SCENE (DESK REPORT),NO INJURY / DRIVE AWAY,,,,"OVER $1,500",08/21/2025 03:16:00 PM,UNABLE TO DETERMINE,UNABLE TO DETERMINE,6300,S,COAST GUARD DR,331,,,,,,,2,NO INDICATION OF INJURY,0,0,0,0,0,2,0,14,5,8,41.7796807607,-87.575066734,POINT (-87.575066733953 41.77968076067)
f1d9556c7743d744156c57b74407293978b8ff71c3559d043d1ac74dd8ba2e1c5e0a184fb3dfc3f6567c3a90eb01cff15134e748235e2270834452299b12cf8f,,08/21/2025 02:28:00 PM,35,STOP SIGN/FLASHER,FUNCTIONING PROPERLY,CLEAR,DAYLIGHT,ANGLE,DIVIDED - W/MEDIAN (NOT RAISED),,STRAIGHT AND LEVEL,UNKNOWN,UNKNOWN,ON SCENE,INJURY AND / OR TOW DUE TO CRASH,Y,,,"OVER $1,500",08/21/2025 07:02:00 PM,DISREGARDING STOP SIGN,NOT APPLICABLE,7100,S,MICHIGAN AVE,323,,,,,,,2,NO INDICATION OF INJURY,0,0,0,0,0,2,0,14,5,8,41.7654854118,-87.6218343511,POINT (-87.621834351116 41.765485411808)
f304aa8ac27ecdfd2e462a615babaeed14f27238e58a640133f5d575d92d2d4e6bf8ae89d5dd046a7ffdfb6fc8449cd93a6457031fb7a28ca8733cc0261e41be,,08/21/2025 02:20:00 PM,30,STOP SIGN/FLASHER,FUNCTIONING PROPERLY,CLEAR,DAYLIGHT,TURNING,NOT DIVIDED,,STRAIGHT AND LEVEL,DRY,NO DEFECTS,NOT ON SCENE (DESK REPORT),NO INJURY / DRIVE AWAY,Y,,,"OVER $1,500",08/22/2025 07:36:00 PM,IMPROPER TURNING/NO SIGNAL,NOT APPLICABLE,4018,S,ARCHER AVE,921,,,,,,,2,NO INDICATION OF INJURY,0,0,0,0,0,2,0,14,5,8,41.8207928807,-87.6935475085,POINT (-87.693547508484 41.820792880711)
192af73aac2d64de58d870aa460ea23dfe8ba22052de5171e8e18ee888483217ec5e295b61de08969c91a5a85c033ed7a697499b849bc69f8339d28509a61b66,Y,08/21/2025 02:00:00 PM,20,NO CONTROLS,NO CONTROLS,CLEAR,DAWN,PARKED MOTOR VEHICLE,ONE-WAY,,STRAIGHT AND LEVEL,DRY,UNKNOWN,NOT ON SCENE (DESK REPORT),NO INJURY / DRIVE AWAY,,,Y,"OVER $1,500",08/21/2025 05:50:00 PM,IMPROPER LANE USAGE,UNABLE TO DETERMINE,5500,S,INDIANA AVE,231,,,,,,,2,NO INDICATION OF INJURY,0,0,0,0,0,1,0,14,5,8,41.7943689623,-87.6209833126,POINT (-87.620983312554 41.794368962316)
7c89d57b1bc96762a738c741ea3765e8d5a99c9fba93b76b8583d1d107731f85013d8b995182400f84f18c660ffb190381da328be2227350904262efb520acce,,08/21/2025 02:00:00 PM,30,NO CONTROLS,NO CONTROLS,CLEAR,DAYLIGHT,PARKED MOTOR VEHICLE,UNKNOWN,,STRAIGHT AND LEVEL,OTHER,UNKNOWN,,NO INJURY / DRIVE AWAY,,,,"OVER $1,500",08/21/2025 05:15:00 PM,UNABLE TO DETERMINE,UNABLE TO DETERMINE,2035,N,MOBILE AVE,2512,,,,,,,2,NO INDICATION OF INJURY,0,0,0,0,0,2,0,14,5,8,41.9175933405,-87.7826626677,POINT (-87.782662667659 41.917593340511)
9e1ecffc88b8b436c95d6b4c1571e12c040c21bbc5e5dae4dd00b94b02d5141d6b7bb89b0aba4a61267775180f3be11b1d9477021d3ead55f82a8160ecb834fc,,08/21/2025 02:00:00 PM,30,NO CONTROLS,NO CONTROLS,CLEAR,DAYLIGHT,PARKED MOTOR VEHICLE,DIVIDED - W/MEDIAN (NOT RAISED),,STRAIGHT AND LEVEL,DRY,NO DEFECTS,NOT ON SCENE (DESK REPORT),NO INJURY / DRIVE AWAY,,,Y,"OVER $1,500",08/21/2025 03:20:00 PM,UNABLE TO DETERMINE,UNABLE TO DETERMINE,5500,S,WINCHESTER AVE,715,,,,,,,2,NO INDICATION OF INJURY,0,0,0,0,0,1,0,14,5,8,41.7934891009,-87.6732146724,POINT (-87.673214672444 41.793489100857)