CRASH_RECORD_ID,CRASH_DATE_EST_I,CRASH_DATE,POSTED_SPEED_LIMIT,TRAFFIC_CONTROL_DEVICE,DEVICE_CONDITION,WEATHER_CONDITION,LIGHTING_CONDITION,FIRST_CRASH_TYPE,TRAFFICWAY_TYPE,LANE_CNT,ALIGNMENT,ROADWAY_SURFACE_COND,ROAD_DEFECT,REPORT_TYPE,CRASH_TYPE,INTERSECTION_RELATED_I,NOT_RIGHT_OF_WAY_I,HIT_AND_RUN_I,DAMAGE,DATE_POLICE_NOTIFIED,PRIM_CONTRIBUTORY_CAUSE,SEC_CONTRIBUTORY_CAUSE,STREET_NO,STREET_DIRECTION,STREET_NAME,BEAT_OF_OCCURRENCE,PHOTOS_TAKEN_I,STATEMENTS_TAKEN_I,DOORING_I,WORK_ZONE_I,WORK_ZONE_TYPE,WORKERS_PRESENT_I,NUM_UNITS,MOST_SEVERE_INJURY,INJURIES_TOTAL,INJURIES_FATAL,INJURIES_INCAPACITATING,INJURIES_NON_INCAPACITATING,INJURIES_REPORTED_NOT_EVIDENT,INJURIES_NO_INDICATION,INJURIES_UNKNOWN,CRASH_HOUR,CRASH_DAY_OF_WEEK,CRASH_MONTH,LATITUDE,LONGITUDE,LOCATION
c1543386310efe517e81a563c6c79d5aed182e3cf94b7c7f472aac952e84c8c3375b66a97f770d5e71e7e9b7271b0033a731c9a16659849771d428d6af19dd23,,08/21/2025 02:00:00 PM,30,NO CONTROLS,NO CONTROLS,CLEAR,DAYLIGHT,TURNING,DIVIDED - W/MEDIAN (NOT RAISED),,STRAIGHT AND LEVEL,DRY,NO DEFECTS,NOT ON SCENE (DESK REPORT),NO INJURY / DRIVE AWAY,,,,"OVER $1,500",08/21/2025 08:35:00 PM,IMPROPER TURNING/NO SIGNAL,NOT APPLICABLE,4804,W,65TH ST,813,,,,,,,2,NO INDICATION OF INJURY,0,0,0,0,0,2,0,14,5,8,41.7748799916,-87.7424184067,POINT (-87.742418406673 41.774879991581)
fefb23b05613c3a5425909eec93e3019e4e924670bbf00cde0ca7754ed3eeea96b27dcd2f157877274da70dc909d326c3dd6c2a234eee32061690045f094bcbc,,08/21/2025 02:00:00 PM,30,TRAFFIC SIGNAL,FUNCTIONING PROPERLY,CLEAR,DAYLIGHT,SIDESWIPE SAME DIRECTION,DIVIDED - W/MEDIAN BARRIER,,STRAIGHT AND LEVEL,DRY,NO DEFECTS,NOT ON SCENE (DESK REPORT),NO INJURY / DRIVE AWAY,,,Y,$500 OR LESS,08/21/2025 02:30:00 PM,UNABLE TO DETERMINE,NOT APPLICABLE,15,W,87TH ST,634,Y,Y,,,,,2,NO INDICATION OF INJURY,0,0,0,0,0,2,0,14,5,8,41.7361700202,-87.6250111569,POINT (-87.625011156926 41.736170020176)
812707e3573e688f6794842f5a2182a865808571f2fc26bf84482134682a5ae03cf0b2bae7db9fc19092ca50fba936704980f41a39fd64e5c3b662f5504eee06,,08/21/2025 01:56:00 PM,30,TRAFFIC SIGNAL,FUNCTIONING PROPERLY,CLEAR,DAYLIGHT,TURNING,DIVIDED - W/MEDIAN (NOT RAISED),,STRAIGHT AND LEVEL,DRY,NO DEFECTS,NOT ON SCENE (DESK REPORT),NO INJURY / DRIVE AWAY,,,,"OVER $1,500",08/21/2025 03:10:00 PM,DISREGARDING TRAFFIC SIGNALS,NOT APPLICABLE,5500,S,CENTRAL AVE,811,,,,,,,2,NO INDICATION OF INJURY,0,0,0,0,0,2,0,13,5,8,41.7926423369,-87.7624466007,POINT (-87.762446600716 41.792642336891)
ee2d5e41cd74623228fc0c2dbf65fb694b1eba06b82cfd4f4c0bc996d88d1dc3ebb5183dc2a977c142e2de4b73ea5bfbd32036b6242cd135cea6fbd4943fdf57,,08/21/2025 01:56:00 PM,15,NO CONTROLS,NO CONTROLS,CLEAR,DAYLIGHT,ANGLE,NOT DIVIDED,,STRAIGHT AND LEVEL,DRY,NO DEFECTS,ON SCENE,INJURY AND / OR TOW DUE TO CRASH,,,,"OVER $1,500",08/21/2025 02:09:00 PM,UNABLE TO DETERMINE,NOT APPLICABLE,354,W,106TH ST,512,,,,,,,2,NONINCAPACITATING INJURY,1,0,0,1,0,1,0,13,5,8,41.7016909107,-87.632662726,POINT (-87.63266272604 41.701690910706)
e333ac50779b6963899e22a19d44dc5cc920529267a570a11a0f625fe62a1a891dc68116a4b864e9876d60723e48b726d8c284805f67c0a0a1aa7cfde1c43ac8,,08/21/2025 01:51:00 PM,30,TRAFFIC SIGNAL,FUNCTIONING PROPERLY,CLEAR,DAYLIGHT,ANGLE,T-INTERSECTION,,STRAIGHT ON GRADE,DRY,UNKNOWN,ON SCENE,INJURY AND / OR TOW DUE TO CRASH,Y,,,"OVER $1,500",08/21/2025 01:52:00 PM,DISREGARDING TRAFFIC SIGNALS,DRIVING SKILLS/KNOWLEDGE/EXPERIENCE,4300,S,LA SALLE ST,215,,Y,,,,,3,NONINCAPACITATING INJURY,1,0,0,1,0,2,0,13,5,8,41.8164388049,-87.6295865961,POINT (-87.629586596136 41.816438804918)
c5d699ac687f1f6e3aa0278a1555b9b369c55ea5656d634e9663715f60c928d17973552b89f88df69ff34e8d09951befad3858fb23fcc04eb626a9988078fc82,,08/21/2025 01:45:00 PM,30,TRAFFIC SIGNAL,FUNCTIONING PROPERLY,CLEAR,DAYLIGHT,TURNING,NOT DIVIDED,,STRAIGHT AND LEVEL,DRY,NO DEFECTS,NOT ON SCENE (DESK REPORT),NO INJURY / DRIVE AWAY,Y,,,"OVER $1,500",08/22/2025 09:15:00 AM,FAILING TO YIELD RIGHT-OF-WAY,NOT APPLICABLE,6400,S,CICERO AVE,813,,,,,,,2,NO INDICATION OF INJURY,0,0,0,0,0,2,0,13,5,8,41.7765116011,-87.7423723414,POINT (-87.742372341405 41.776511601051)
8a3ed23cb37e997854506f9b6bd8c7c1332fb6d8268b2e04b51bfb56435e6e307d1a74a2a3837187f7ab6a92659146f0e6749d8d62448c2b386ef57eddd2cad1,,08/21/2025 01:43:00 PM,10,NO CONTROLS,NO CONTROLS,UNKNOWN,DAYLIGHT,PARKED MOTOR VEHICLE,PARKING LOT,,STRAIGHT AND LEVEL,UNKNOWN,UNKNOWN,NOT ON SCENE (DESK REPORT),NO INJURY / DRIVE AWAY,,Y,Y,"OVER $1,500",08/27/2025 08:30:00 PM,IMPROPER BACKING,FAILING TO REDUCE SPEED TO AVOID CRASH,1401,W,NORTH AVE,1433,,,,,,,2,NO INDICATION OF INJURY,0,0,0,0,0,1,0,13,5,8,41.9105889523,-87.6628410894,POINT (-87.662841089433 41.910588952288)
2b5ca426730a3aacde0b8e51c634803a36e47bc97b8758a868cccbc74433bd8fc89f7fce518f61d8d4827bfe90b3043342c9b70c1058666192dede1b76aee863,Y,08/21/2025 01:35:00 PM,30,TRAFFIC SIGNAL,FUNCTIONING PROPERLY,CLEAR,DAYLIGHT,REAR END,NOT DIVIDED,,STRAIGHT AND LEVEL,DRY,NO DEFECTS,ON SCENE,NO INJURY / DRIVE AWAY,Y,,,$500 OR LESS,08/21/2025 01:38:00 PM,FOLLOWING TOO CLOSELY,FAILING TO YIELD RIGHT-OF-WAY,2400,W,35TH ST,911,,,,,,,2,NO INDICATION OF INJURY,0,0,0,0,0,2,0,13,5,8,41.8303903161,-87.6850999234,POINT (-87.685099923426 41.830390316125)
312f91ee214ed3baf6497c6b408f36d6e55642194b89ec4624b52b27095905247ee5711d0f3af67c42d7c162fb9e71d413d981590ca300f4ce7cd6e798067ed8,,08/21/2025 01:30:00 PM,30,TRAFFIC SIGNAL,FUNCTIONING PROPERLY,CLEAR,DAYLIGHT,TURNING,FOUR WAY,,STRAIGHT AND LEVEL,DRY,NO DEFECTS,ON SCENE,INJURY AND / OR TOW DUE TO CRASH,Y,,,"OVER $1,500",08/21/2025 01:30:00 PM,FAILING TO YIELD RIGHT-OF-WAY,NOT APPLICABLE,2000,S,DAMEN AVE,1234,,,,,,,2,NO INDICATION OF INJURY,0,0,0,0,0,2,0,13,5,8,41.8549037841,-87.6760660362,POINT (-87.676066036226 41.854903784127)
ce091496ab4ea597320687d85e6f27f089d6d65f9e2b7d3f1e825f31f89ce5bf032e64b98a15570b9fa3782c164959202b181196311e3c63072fae4d5f12fe8b,Y,08/21/2025 01:30:00 PM,30,UNKNOWN,UNKNOWN,CLEAR,DAYLIGHT,PARKED MOTOR VEHICLE,UNKNOWN,,STRAIGHT AND LEVEL,DRY,UNKNOWN,NOT ON SCENE (DESK REPORT),NO INJURY / DRIVE AWAY,,,Y,"OVER $1,500",08/24/2025 10:25:00 AM,UNABLE TO DETERMINE,UNABLE TO DETERMINE,4946,S,CHICAGO BEACH DR,222,,,,,,,2,NO INDICATION OF INJURY,0,0,0,0,0,1,0,13,5,8,41.8048869016,-87.5838969307,POINT (-87.583896930698 41.804886901583)
e2e15810d515d6af231eaf38149f5b36d4d161bdcf1d81ed257260654157d3949ff6171f78252c6b439dfedc6ee6850d2d45c374affd8deb96ae254fda75f11c,,08/21/2025 01:20:00 PM,30,NO CONTROLS,UNKNOWN,CLEAR,DAYLIGHT,OTHER OBJECT,NOT DIVIDED,,STRAIGHT AND LEVEL,DRY,UNKNOWN,NOT ON SCENE (DESK REPORT),NO INJURY / DRIVE AWAY,,,,"OVER $1,500",08/21/2025 03:53:00 PM,DRIVING SKILLS/KNOWLEDGE/EXPERIENCE,NOT APPLICABLE,9507,S,JEFFERY AVE,431,,,,,,,1,NO INDICATION OF INJURY,0,0,0,0,0,1,0,13,5,8,41.7222035465,-87.5752029511,POINT (-87.575202951076 41.722203546517)
4b4b20788f0c9b2177cb9f95acf04ec2d63b972e9ea8f948a635946b74ca203c21ead5a70566d871943211916d09a896f00365e2224e56544201ed88aac061fc,,08/21/2025 01:18:00 PM,25,TRAFFIC SIGNAL,FUNCTIONING PROPERLY,CLEAR,DAYLIGHT,REAR END,TRAFFIC ROUTE,,STRAIGHT AND LEVEL,DRY,NO DEFECTS,NOT ON SCENE (DESK REPORT),INJURY AND / OR TOW DUE TO CRASH,,,,"OVER $1,500",08/21/2025 03:30:00 PM,FAILING TO REDUCE SPEED TO AVOID CRASH,FAILING TO REDUCE SPEED TO AVOID CRASH,8700,S,SOUTH CHICAGO AVE,423,,,,,,,2,"REPORTED, NOT EVIDENT",1,0,0,0,1,1,0,13,5,8,41.7370429734,-87.5656969534,POINT (-87.565696953391 41.737042973423)
516894bf42a6a1fa73efabc0ab2a58d7b2c20ffa792765555f0d1f765ff45bf7b0d02f1c4ebee9c8503696dd2b15abf5bab7c4decfd5cc25f4962498b2619a37,,08/21/2025 01:10:00 PM,35,NO CONTROLS,NO CONTROLS,CLEAR,DAYLIGHT,PARKED MOTOR VEHICLE,DIVIDED - W/MEDIAN BARRIER,,STRAIGHT AND LEVEL,DRY,NO DEFECTS,ON SCENE,INJURY AND / OR TOW DUE TO CRASH,,,,"OVER $1,500",08/21/2025 01:13:00 PM,UNABLE TO DETERMINE,UNABLE TO DETERMINE,5955,S,PULASKI RD,822,,,,,,,3,NO INDICATION OF INJURY,0,0,0,0,0,1,0,13,5,8,41.7842889832,-87.7227707848,POINT (-87.722770784778 41.78428898321)
84fa354b6288c72a1248c48d9321b288b4cea0ca9b4b1b9d2bb69ee3ab4a57759fdb534b2cd9f2775aadafe27719204dce6ba076dd312963ef2bbc7d7ec6566a,,08/21/2025 01:10:00 PM,30,TRAFFIC SIGNAL,FUNCTIONING PROPERLY,CLEAR,DAYLIGHT,SIDESWIPE SAME DIRECTION,DIVIDED - W/MEDIAN (NOT RAISED),,STRAIGHT AND LEVEL,DRY,NO DEFECTS,ON SCENE,NO INJURY / DRIVE AWAY,,,,"$501 - $1,500",08/21/2025 01:10:00 PM,UNABLE TO DETERMINE,UNABLE TO DETERMINE,3759,N,KEDZIE AVE,1733,,,,,,,2,NO INDICATION OF INJURY,0,0,0,0,0,3,0,13,5,8,41.9501916735,-87.7077682715,POINT (-87.70776827145 41.950191673459)
51a0d12c69d9cdb8891311d3d184cd9e51382f17a799f4ece14a86dfec4eafbb0719ae16bd3a63d5f75f4056fc1691f2db88469b540a117929e23637c5196252,,08/21/2025 01:05:00 PM,25,TRAFFIC SIGNAL,FUNCTIONING PROPERLY,CLEAR,DAYLIGHT,FIXED OBJECT,DIVIDED - W/MEDIAN (NOT RAISED),,STRAIGHT AND LEVEL,DRY,NO DEFECTS,ON SCENE,NO INJURY / DRIVE AWAY,,,,"OVER $1,500",08/21/2025 01:06:00 PM,"VISION OBSCURED (SIGNS, TREE LIMBS, BUILDINGS, ETC.)",DRIVING SKILLS/KNOWLEDGE/EXPERIENCE,636,W,MONTROSE DR,1914,,,,,,,1,NO INDICATION OF INJURY,0,0,0,0,0,1,0,13,5,8,41.9620146383,-87.6468477257,POINT (-87.646847725709 41.962014638288)
e505e2f82f7676bd3d4ead42103f7dfb11c0109452180b78ef3c4f8c10ec679440d77c62b524870d48e6d4d4f4454cff5017c1999ffe19734ef0050f95659a7b,,08/21/2025 01:05:00 PM,35,NO CONTROLS,NO CONTROLS,CLEAR,DAYLIGHT,REAR END,DIVIDED - W/MEDIAN (NOT RAISED),,STRAIGHT AND LEVEL,DRY,UNKNOWN,ON SCENE,INJURY AND / OR TOW DUE TO CRASH,,,,"OVER $1,500",08/21/2025 01:10:00 PM,FOLLOWING TOO CLOSELY,FOLLOWING TOO CLOSELY,9106,S,MACKINAW AVE,424,,,,,,,2,"REPORTED, NOT EVIDENT",1,0,0,0,1,3,0,13,5,8,41.7299413969,-87.5430375807,POINT (-87.543037580684 41.729941396913)
bcb6fb5d4784a08d3d327c13e33889640e0ebfd4ccbaa34c9b5b163d4f962cbbc11947434f97e093ab694596cd8fa4f86c1afc74cbc39d852001925c13491fb9,,08/21/2025 01:03:00 PM,30,STOP SIGN/FLASHER,FUNCTIONING PROPERLY,CLEAR,DAYLIGHT,SIDESWIPE SAME DIRECTION,FOUR WAY,,STRAIGHT AND LEVEL,DRY,NO DEFECTS,ON SCENE,NO INJURY / DRIVE AWAY,Y,,,"OVER $1,500",08/21/2025 01:10:00 PM,IMPROPER OVERTAKING/PASSING,NOT APPLICABLE,1501,W,TAYLOR ST,1231,,,,,,,2,NO INDICATION OF INJURY,0,0,0,0,0,2,0,13,5,8,41.8691895464,-87.6641925981,POINT (-87.664192598084 41.869189546367)
0e008524e567fd0bcb83aca79c135077415445a76af730d30e5d3da7dcb162264c62e3b8a5c603c75d50a0b4d93cfeade3944fe9fa8e329730f92218b4ab546c,,08/21/2025 01:00:00 PM,30,TRAFFIC SIGNAL,FUNCTIONING PROPERLY,CLEAR,DAYLIGHT,REAR END,NOT DIVIDED,,STRAIGHT AND LEVEL,DRY,NO DEFECTS,NOT ON SCENE (DESK REPORT),NO INJURY / DRIVE AWAY,Y,,,"$501 - $1,500",08/21/2025 07:00:00 PM,UNABLE TO DETERMINE,UNABLE TO DETERMINE,750,W,MONTROSE AVE,1914,,,,,,,2,NO INDICATION OF INJURY,0,0,0,0,0,2,0,13,5,8,41.9619578842,-87.6495039519,POINT (-87.649503951913 41.961957884192)
4dc1f2cc3ab73f9d68aed742e80eef1f4b948f5bc883bd0f691fa6fde0c7b3c1a727a4f1a8808de820907cad3149ab6113476166284b685338444c1d61013f53,,08/21/2025 01:00:00 PM,40,NO CONTROLS,NO CONTROLS,CLEAR,DAYLIGHT,SIDESWIPE SAME DIRECTION,DIVIDED - W/MEDIAN BARRIER,,STRAIGHT AND LEVEL,DRY,NO DEFECTS,,NO INJURY / DRIVE AWAY,,,,"OVER $1,500",08/21/2025 01:05:00 PM,IMPROPER LANE USAGE,NOT APPLICABLE,3800,N,LAKE SHORE DR NB,1925,,,,,,,3,NO INDICATION OF INJURY,0,0,0,0,0,3,0,13,5,8,41.9524104866,-87.6449536365,POINT (-87.644953636539 41.952410486572)
b413a350a26b5f2bedbc33d544718c06bfb0471e12c7bea3ecafc15f7cc23839c6c23489a0b216c6abb19cd1cdbfd259810270b2fd691f45ea46ef1f56757ba0,,08/21/2025 01:00:00 PM,30,NO CONTROLS,NO CONTROLS,CLEAR,DAYLIGHT,SIDESWIPE SAME DIRECTION,NOT DIVIDED,,STRAIGHT AND LEVEL,DRY,NO DEFECTS,ON SCENE,NO INJURY / DRIVE AWAY,,,Y,"OVER $1,500",08/21/2025 01:15:00 PM,UNABLE TO DETERMINE,NOT APPLICABLE,7103,S,ALBANY AVE,831,,,,,,,2,NO INDICATION OF INJURY,0,0,0,0,0,4,0,13,5,8,41.7642701415,-87.7002137917,POINT (-87.700213791716 41.764270141488)
cd39816db07a9912967ced0a153a117e5b09e616539d87fcadf53f38cc106a5d177356c8549c5a9223d8681dfd9398bedc28e88905f9962234a6c72be9255c1c,,08/21/2025 01:00:00 PM,30,TRAFFIC SIGNAL,NOT FUNCTIONING,CLEAR,DAYLIGHT,ANGLE,DIVIDED - W/MEDIAN BARRIER,,STRAIGHT AND LEVEL,DRY,NO DEFECTS,NOT ON SCENE (DESK REPORT),NO INJURY / DRIVE AWAY,N,,,"$501 - $1,500",08/21/2025 02:00:00 PM,UNABLE TO DETERMINE,NOT APPLICABLE,8401,W,LAWRENCE AVE,1614,,,,,,,2,NO INDICATION OF INJURY,0,0,0,0,0,2,0,13,5,8,41.9664861866,-87.8367407904,POINT (-87.836740790376 41.966486186627)
d6296383e3491d597b559e8e4b443a5b0f9431e19f184e96c3533e5cef0521e27694ce67ee671929eb29f34ff04369699dbe1bd93175eab8c722ac69e8ac5c19,N,08/21/2025 01:00:00 PM,30,TRAFFIC SIGNAL,FUNCTIONING PROPERLY,CLEAR,DAYLIGHT,SIDESWIPE SAME DIRECTION,FOUR WAY,,STRAIGHT AND LEVEL,UNKNOWN,UNKNOWN,NOT ON SCENE (DESK REPORT),NO INJURY / DRIVE AWAY,Y,,,"OVER $1,500",08/21/2025 02:40:00 PM,UNABLE TO DETERMINE,UNABLE TO DETERMINE,395,S,WESTERN AVE,1225,,,,,,,2,NO INDICATION OF INJURY,0,0,0,0,0,2,0,13,5,8,41.8761605284,-87.686125875,POINT (-87.686125874985 41.876160528374)
f5b5407cd7e40280ec4bb430065f7e025ab430ec861dbf5739cd9e7e9c96f43a9b3927ca0ad228d7ebfb88fedc6731402e6dde6cdcbb2f76933babc11c18641c,,08/21/2025 01:00:00 PM,40,NO CONTROLS,NO CONTROLS,CLEAR,DAYLIGHT,SIDESWIPE SAME DIRECTION,DIVIDED - W/MEDIAN BARRIER,,STRAIGHT AND LEVEL,DRY,NO DEFECTS,NOT ON SCENE (DESK REPORT),INJURY AND / OR TOW DUE TO CRASH,,,,"OVER $1,500",08/25/2025 12:30:00 PM,IMPROPER OVERTAKING/PASSING,NOT APPLICABLE,9000,S,CHICAGO SKYWAY OB,423,,,,,,,2,NO INDICATION OF INJURY,0,0,0,0,0,2,0,13,5,8,,,
6662e56d8d9646a14eba09f9a1c7cb150cfd375ca2311a5e877470429f68a45b2d27754e2644f5c721c88cf50060ad3f7f7e5ce6d44f188c47a1f0fa379bdb32,,08/21/2025 12:57:00 PM,25,NO CONTROLS,NO CONTROLS,CLEAR,DAYLIGHT,REAR END,TRAFFIC ROUTE,,STRAIGHT AND LEVEL,DRY,NO DEFECTS,NOT ON SCENE (DESK REPORT),NO INJURY / DRIVE AWAY,,,,"OVER $1,500",08/21/2025 01:45:00 PM,FOLLOWING TOO CLOSELY,UNABLE TO DETERMINE,9344,S,STONY ISLAND AVE,413,,,,,,,2,NO INDICATION OF INJURY,0,0,0,0,0,5,0,12,5,8,41.7245801464,-87.5855023899,POINT (-87.5855023899 41.724580146408)
61618dba7e4206f16846353a7d9c7bd9efd2a5e1889e52b854560b6c8ef528f81a2532419e6fea9592ffd44a02d74f51f7563d16594ebaab7ea96bdaf92acbc2,,08/21/2025 12:50:00 PM,20,TRAFFIC SIGNAL,FUNCTIONING PROPERLY,CLEAR,DAYLIGHT,TURNING,T-INTERSECTION,,STRAIGHT AND LEVEL,DRY,NO DEFECTS,NOT ON SCENE (DESK REPORT),NO INJURY / DRIVE AWAY,Y,,,"OVER $1,500",08/25/2025 11:25:00 AM,UNABLE TO DETERMINE,UNABLE TO DETERMINE,6560,W,FULLERTON AVE,2512,,,,,,,2,NO INDICATION OF INJURY,0,0,0,0,0,2,0,12,5,8,41.923750201,-87.7898808596,POINT (-87.789880859626 41.923750201042)
de7d9105b36024a4ffb7cfdf56c4021cea3f81eae4a1cf39382b3ab7f9caf085c79f7dde7e619884a57c33eb122680d307cf530c007932dc50a643ff2de79598,,08/21/2025 12:49:00 PM,30,NO CONTROLS,NO CONTROLS,CLEAR,DAYLIGHT,PARKED MOTOR VEHICLE,NOT DIVIDED,,STRAIGHT AND LEVEL,DRY,NO DEFECTS,ON SCENE,NO INJURY / DRIVE AWAY,,,,$500 OR LESS,08/21/2025 12:54:00 PM,"EVASIVE ACTION DUE TO ANIMAL, OBJECT, NONMOTORIST",DRIVING SKILLS/KNOWLEDGE/EXPERIENCE,2642,W,DEVON AVE,2412,,,,,,,2,NO INDICATION OF INJURY,0,0,0,0,0,2,0,12,5,8,41.9977250585,-87.6964741962,POINT (-87.696474196216 41.997725058523)
7ea7cf75ceaef57a4f1dc9b86c414f021fbfa6c9da634888de08d17ad483ce5f69b57073d3f58d0514acaa0d4009a04775ed4af25327f40eaa457cec44506c02,,08/21/2025 12:42:00 PM,30,NO CONTROLS,NO CONTROLS,CLEAR,DAYLIGHT,SIDESWIPE SAME DIRECTION,DIVIDED - W/MEDIAN (NOT RAISED),,STRAIGHT AND LEVEL,DRY,NO DEFECTS,NOT ON SCENE (DESK REPORT),NO INJURY / DRIVE AWAY,,,Y,"OVER $1,500",08/21/2025 03:50:00 PM,FAILING TO YIELD RIGHT-OF-WAY,UNABLE TO DETERMINE,375,E,CHICAGO AVE,1833,,,,,,,2,NO INDICATION OF INJURY,0,0,0,0,0,3,0,12,5,8,41.8967201137,-87.6175675066,POINT (-87.617567506554 41.896720113748)
1544cfd0f876f4ff642de9b8994f05d9973ab85d8e580377536a46ed3c5cfdf5b5d2bb6cf14c93800de1111e650e67ef7be26e3a471f76fae26bcb2f16f7a40b,,08/21/2025 12:41:00 PM,15,NO CONTROLS,NO CONTROLS,CLEAR,DAYLIGHT,PARKED MOTOR VEHICLE,ALLEY,,STRAIGHT AND LEVEL,DRY,NO DEFECTS,ON SCENE,NO INJURY / DRIVE AWAY,,,,"OVER $1,500",08/21/2025 12:41:00 PM,DRIVING SKILLS/KNOWLEDGE/EXPERIENCE,UNABLE TO DETERMINE,157,W,CERMAK RD,914,,,,,,,2,NO INDICATION OF INJURY,0,0,0,0,0,1,0,12,5,8,41.8527490601,-87.6315700217,POINT (-87.631570021689 41.852749060069)
3239ef844dbfb159a6020b1d4deb00ff32db22a8b1bf8056490ec889bc1175344302f34bc6edc3078ce991ef70b96b5ef8c66c945e2b4b56743d9327d4af2e0a,,08/21/2025 12:40:00 PM,30,NO CONTROLS,NO CONTROLS,CLEAR,DAYLIGHT,SIDESWIPE SAME DIRECTION,DIVIDED - W/MEDIAN BARRIER,,STRAIGHT AND LEVEL,DRY,NO DEFECTS,ON SCENE,INJURY AND / OR TOW DUE TO CRASH,,,,"OVER $1,500",08/21/2025 01:27:00 PM,IMPROPER OVERTAKING/PASSING,IMPROPER OVERTAKING/PASSING,1030,S,HOYNE AVE,1225,,,,,,,2,NONINCAPACITATING INJURY,1,0,0,1,0,3,0,12,5,8,41.8680848658,-87.6782827737,POINT (-87.678282773717 41.868084865839)
edddca40e8f08c0639345a4070e62e472cca6b668467eb0a6c6add4b8fa7a14709b9890df5fb64b7af3a401b00bfbed534f91e1c0e344a64d9d0cc171dcd06d4,,08/21/2025 12:40:00 PM,10,NO CONTROLS,NO CONTROLS,UNKNOWN,UNKNOWN,PARKED MOTOR VEHICLE,PARKING LOT,,STRAIGHT AND LEVEL,UNKNOWN,UNKNOWN,NOT ON SCENE (DESK REPORT),NO INJURY / DRIVE AWAY,,,,"OVER $1,500",08/21/2025 01:19:00 PM,UNABLE TO DETERMINE,UNABLE TO DETERMINE,6040,N,PULASKI RD,1711,,,,,,,2,NO INDICATION OF INJURY,0,0,0,0,0,1,0,12,5,8,41.9913103403,-87.7290119241,POINT (-87.729011924062 41.991310340253)
357b92dac94ae76c74d9a871560a0384dfce879e9a5bfb0244f45b894b00cb61811b6a0e905adfadecd9fe55e68fbdedd85ce821e66d3b6268a5436f90aa706e,,08/21/2025 12:35:00 PM,30,TRAFFIC SIGNAL,FUNCTIONING PROPERLY,CLEAR,DAYLIGHT,TURNING,NOT DIVIDED,,STRAIGHT AND LEVEL,DRY,NO DEFECTS,NOT ON SCENE (DESK REPORT),NO INJURY / DRIVE AWAY,Y,,,"$501 - $1,500",08/21/2025 01:56:00 PM,UNABLE TO DETERMINE,UNABLE TO DETERMINE,280,N,CLARK ST,122,,,,,,,2,NO INDICATION OF INJURY,0,0,0,0,0,2,0,12,5,8,41.8874151206,-87.6311671283,POINT (-87.631167128318 41.887415120568)
26814d0926695c25a6407f9a1be6a8a4e473603dec1ee828a13a7b0cdaf7dfd506862524f0fc21f62a24f7ed9e4e15c4c6813f2c64402537c8d040db3a3669e9,,08/21/2025 12:32:00 PM,30,TRAFFIC SIGNAL,FUNCTIONING PROPERLY,CLEAR,DAYLIGHT,HEAD ON,NOT DIVIDED,,STRAIGHT AND LEVEL,DRY,NO DEFECTS,ON SCENE,INJURY AND / OR TOW DUE TO CRASH,,,,"OVER $1,500",08/21/2025 12:33:00 PM,NOT APPLICABLE,NOT APPLICABLE,1203,N,AUSTIN BLVD,2531,,,,,,,2,NO INDICATION OF INJURY,0,0,0,0,0,2,0,12,5,8,41.9021475154,-87.775219799,POINT (-87.77521979898 41.902147515429)
1301e42f76b8e282926051fff23d4945a66f23b93177dc7eff4ddbd0897357520702537dce867cc87fc8cb933e394050ea0604f5dec51d06a76bab014ae91c24,,08/21/2025 12:30:00 PM,30,NO CONTROLS,NO CONTROLS,CLEAR,DAYLIGHT,SIDESWIPE SAME DIRECTION,NOT DIVIDED,,STRAIGHT AND LEVEL,DRY,NO DEFECTS,NOT ON SCENE (DESK REPORT),NO INJURY / DRIVE AWAY,,,,"OVER $1,500",08/21/2025 01:15:00 PM,IMPROPER LANE USAGE,NOT APPLICABLE,4631,W,47TH ST,815,,,,,,,2,NO INDICATION OF INJURY,0,0,0,0,0,6,0,12,5,8,41.8075605249,-87.7394254139,POINT (-87.739425413859 41.807560524867)
c39b72e2b4e556b0f49b8d5b679e458b6c4fe23f00e5c5c79b13fd2512669b2c76e92cc1ca328cadeb043c1b9df5f0d635849c478f3db493b43b5d078071965c,,08/21/2025 12:27:00 PM,30,STOP SIGN/FLASHER,FUNCTIONING PROPERLY,CLEAR,DAYLIGHT,REAR END,NOT DIVIDED,,STRAIGHT AND LEVEL,DRY,NO DEFECTS,NOT ON SCENE (DESK REPORT),NO INJURY / DRIVE AWAY,Y,,,"$501 - $1,500",08/21/2025 02:50:00 PM,FOLLOWING TOO CLOSELY,FOLLOWING TOO CLOSELY,8920,W,BELMONT AVE,1631,,,,,,,2,NO INDICATION OF INJURY,0,0,0,0,0,2,0,12,5,8,41.9374707844,-87.8460113282,POINT (-87.846011328186 41.937470784353)
7d801b6fcc935a82d414dce5914d07ea5d33de381fbab88360f12cec68efd809ca8e5d4d53ad4cbf28cd7d17d46c1fa352789a23796c9196cbd33f47cc2d90ba,,08/21/2025 12:22:00 PM,30,TRAFFIC SIGNAL,FUNCTIONING PROPERLY,CLEAR,DAYLIGHT,REAR END,ONE-WAY,,STRAIGHT AND LEVEL,DRY,NO DEFECTS,NOT ON SCENE (DESK REPORT),NO INJURY / DRIVE AWAY,,,,"OVER $1,500",08/21/2025 03:15:00 PM,FOLLOWING TOO CLOSELY,UNABLE TO DETERMINE,7600,S,LAFAYETTE AVE,623,,,,,,,2,NO INDICATION OF INJURY,0,0,0,0,0,5,0,12,5,8,41.7563200058,-87.6264755773,POINT (-87.626475577283 41.756320005823)