CRASH_RECORD_ID,CRASH_DATE_EST_I,CRASH_DATE,POSTED_SPEED_LIMIT,TRAFFIC_CONTROL_DEVICE,DEVICE_CONDITION,WEATHER_CONDITION,LIGHTING_CONDITION,FIRST_CRASH_TYPE,TRAFFICWAY_TYPE,LANE_CNT,ALIGNMENT,ROADWAY_SURFACE_COND,ROAD_DEFECT,REPORT_TYPE,CRASH_TYPE,INTERSECTION_RELATED_I,NOT_RIGHT_OF_WAY_I,HIT_AND_RUN_I,DAMAGE,DATE_POLICE_NOTIFIED,PRIM_CONTRIBUTORY_CAUSE,SEC_CONTRIBUTORY_CAUSE,STREET_NO,STREET_DIRECTION,STREET_NAME,BEAT_OF_OCCURRENCE,PHOTOS_TAKEN_I,STATEMENTS_TAKEN_I,DOORING_I,WORK_ZONE_I,WORK_ZONE_TYPE,WORKERS_PRESENT_I,NUM_UNITS,MOST_SEVERE_INJURY,INJURIES_TOTAL,INJURIES_FATAL,INJURIES_INCAPACITATING,INJURIES_NON_INCAPACITATING,INJURIES_REPORTED_NOT_EVIDENT,INJURIES_NO_INDICATION,INJURIES_UNKNOWN,CRASH_HOUR,CRASH_DAY_OF_WEEK,CRASH_MONTH,LATITUDE,LONGITUDE,LOCATION
bd640818ea4ae09117ad5de11397c2fd8e2b2a4e1102f7e2d6e847c4f1c90c176364a4c21f4910ee53fe591a356023104924cad95d2159c0f1a20d22cb2624ff,Y,08/21/2025 12:21:00 PM,25,NO CONTROLS,NO CONTROLS,CLEAR,DAYLIGHT,REAR TO FRONT,ONE-WAY,,STRAIGHT AND LEVEL,DRY,UNKNOWN,NOT ON SCENE (DESK REPORT),NO INJURY / DRIVE AWAY,,,,"OVER $1,500",08/22/2025 05:30:00 PM,IMPROPER BACKING,NOT APPLICABLE,2400,W,HUBBARD ST,1221,,,,,,,2,NO INDICATION OF INJURY,0,0,0,0,0,2,0,12,5,8,41.8896692146,-87.6867211235,POINT (-87.6867211235 41.889669214639)
28d072137e4e86d66d26c89c71050babe402659e0bbae7c6e3e53f7bf7de38f299fe5ca6049383decc6e9c78c1fe8936943e3c929c550c4e43768fc634c499f0,,08/21/2025 12:19:00 PM,30,UNKNOWN,UNKNOWN,CLEAR,DAYLIGHT,PEDALCYCLIST,FOUR WAY,,STRAIGHT AND LEVEL,UNKNOWN,UNKNOWN,ON SCENE,INJURY AND / OR TOW DUE TO CRASH,Y,,,$500 OR LESS,08/21/2025 12:20:00 PM,UNABLE TO DETERMINE,NOT APPLICABLE,1602,W,IRVING PARK RD,1912,,,,,,,2,NONINCAPACITATING INJURY,1,0,0,1,0,1,0,12,5,8,41.9543982767,-87.6691918656,POINT (-87.669191865634 41.954398276687)
83d9a9158f71f15d344a1f3952cc165568b29a4dc697963f38f77cb115708eaa379bc6d434717e8c843185f906b6a0320f53cd6fe13a8c747b37a4839ca11295,,08/21/2025 12:15:00 PM,30,TRAFFIC SIGNAL,FUNCTIONING PROPERLY,CLEAR,DAYLIGHT,PEDESTRIAN,FOUR WAY,,STRAIGHT AND LEVEL,DRY,NO DEFECTS,ON SCENE,INJURY AND / OR TOW DUE TO CRASH,Y,,Y,$500 OR LESS,08/21/2025 12:18:00 PM,IMPROPER OVERTAKING/PASSING,FAILING TO YIELD RIGHT-OF-WAY,2000,E,95TH ST,413,,,,,,,2,NONINCAPACITATING INJURY,1,0,0,1,0,2,0,12,5,8,41.7225794731,-87.5752925225,POINT (-87.575292522504 41.722579473126)
b196607d83936993515f2ae2e903c919ee9ee5cc342e3f20ffa77accbdc0b981be0e172ff9aa5648eea934ba345cfb0b10c13064521d1823fbcd561d89ed38d5,,08/21/2025 12:15:00 PM,25,UNKNOWN,UNKNOWN,UNKNOWN,UNKNOWN,ANGLE,ONE-WAY,,STRAIGHT AND LEVEL,UNKNOWN,UNKNOWN,NOT ON SCENE (DESK REPORT),NO INJURY / DRIVE AWAY,,,,"OVER $1,500",08/21/2025 02:15:00 PM,NOT APPLICABLE,NOT APPLICABLE,123,N,DESPLAINES ST,121,,,,,,,2,NO INDICATION OF INJURY,0,0,0,0,0,2,0,12,5,8,41.8839095299,-87.6440424108,POINT (-87.644042410805 41.883909529934)
4e01b94f5bef59ddaba05a78acc900d806420fadf977c080a9f20eb961b1ab36472dfc2dbcc03b09aa542aadf4b1ef627c4589833d0db51135ba7cb67d18a30b,,08/21/2025 12:00:00 PM,30,TRAFFIC SIGNAL,FUNCTIONING PROPERLY,CLOUDY/OVERCAST,DAYLIGHT,REAR END,NOT DIVIDED,,STRAIGHT AND LEVEL,DRY,NO DEFECTS,ON SCENE,NO INJURY / DRIVE AWAY,Y,,,$500 OR LESS,08/21/2025 12:09:00 PM,EQUIPMENT - VEHICLE CONDITION,FAILING TO REDUCE SPEED TO AVOID CRASH,601,N,KEDZIE AVE,1221,,,,,,,2,NO INDICATION OF INJURY,0,0,0,0,0,2,0,12,5,8,41.8919899699,-87.7063017494,POINT (-87.706301749367 41.891989969905)
caddc11c3667805b53d894a3632d775b2656865fe523e3d4dc8b245454a5ef3bbbcc1c00c3bc4519730a84f5c36ea75d3444cca0b5053de67e85df345ef56a14,,08/21/2025 12:00:00 PM,30,NO CONTROLS,NO CONTROLS,CLEAR,UNKNOWN,PARKED MOTOR VEHICLE,NOT DIVIDED,,STRAIGHT AND LEVEL,DRY,NO DEFECTS,ON SCENE,NO INJURY / DRIVE AWAY,,,Y,"OVER $1,500",08/21/2025 12:05:00 PM,UNABLE TO DETERMINE,NOT APPLICABLE,4744,N,LAMON AVE,1623,,,,,,,2,NO INDICATION OF INJURY,0,0,0,0,0,1,0,12,5,8,41.9674819725,-87.7504597676,POINT (-87.750459767577 41.96748197253)
e1f41d0c3dba34ee00ec154040e17303f74196ae2a7d8d6592620ba9774d7ab8466af41b2e89b7a07e26b0ff9bb8253661a3d2bb0761bea8d5cda5872ded74ec,,08/21/2025 12:00:00 PM,30,NO CONTROLS,NO CONTROLS,CLEAR,DAYLIGHT,SIDESWIPE SAME DIRECTION,NOT DIVIDED,,STRAIGHT AND LEVEL,UNKNOWN,UNKNOWN,NOT ON SCENE (DESK REPORT),NO INJURY / DRIVE AWAY,,,,"OVER $1,500",08/21/2025 07:30:00 PM,IMPROPER LANE USAGE,IMPROPER LANE USAGE,4156,W,FULLERTON AVE,2524,,,,,,,2,NO INDICATION OF INJURY,0,0,0,0,0,2,0,12,5,8,41.9245368821,-87.731529154,POINT (-87.731529153986 41.924536882101)
e8e346053dacc495e1f137aff9e19e63d1b3b140ed194b15cb4b8ad99194571999dd0bf760d19a8e7235cec12a4505881fa476798bab3ad9941c8e8d3ddc1b47,,08/21/2025 12:00:00 PM,30,NO CONTROLS,NO CONTROLS,CLEAR,DAYLIGHT,PARKED MOTOR VEHICLE,NOT DIVIDED,,STRAIGHT AND LEVEL,UNKNOWN,UNKNOWN,NOT ON SCENE (DESK REPORT),NO INJURY / DRIVE AWAY,,,Y,"OVER $1,500",08/21/2025 02:00:00 PM,UNABLE TO DETERMINE,NOT APPLICABLE,1112,S,KARLOV AVE,1132,,,,,,,2,NO INDICATION OF INJURY,0,0,0,0,0,1,0,12,5,8,41.8675001317,-87.7278145098,POINT (-87.727814509793 41.86750013171)
3e932984153864195ba4dbf931943aa84eefbd1c018d6f702301df4eabb5bafb5845223db091f026076f401ccde9a48aeda6217f3f97028a6c5a45dee2fa7849,,08/21/2025 11:58:00 AM,30,NO CONTROLS,UNKNOWN,CLEAR,DAYLIGHT,SIDESWIPE SAME DIRECTION,NOT DIVIDED,,STRAIGHT AND LEVEL,UNKNOWN,UNKNOWN,ON SCENE,NO INJURY / DRIVE AWAY,,,Y,"OVER $1,500",08/21/2025 12:33:00 PM,IMPROPER TURNING/NO SIGNAL,IMPROPER LANE USAGE,4140,W,FULLERTON AVE,2524,,,,,,,2,NO INDICATION OF INJURY,0,0,0,0,0,3,0,11,5,8,41.9245462033,-87.7309022072,POINT (-87.730902207231 41.924546203312)
66fc7a4ec6819ffe30e08c019e775c2c9d896119c822fc0db5868bc0185ae98f07d6ee870af89046d271bca0cd1301bd408bb701a3a2716cdf58b12afbca635a,,08/21/2025 11:56:00 AM,10,NO CONTROLS,NO CONTROLS,CLEAR,DAYLIGHT,FIXED OBJECT,PARKING LOT,,STRAIGHT ON HILLCREST,DRY,NO DEFECTS,ON SCENE,NO INJURY / DRIVE AWAY,,,,"OVER $1,500",08/21/2025 12:30:00 PM,IMPROPER OVERTAKING/PASSING,NOT APPLICABLE,640,N,LA SALLE DR,1832,,,,,,,1,NO INDICATION OF INJURY,0,0,0,0,0,1,0,11,5,8,41.8936078735,-87.6328005609,POINT (-87.632800560883 41.893607873522)
03c7ac1b18461b4cb66e83588993e8347e7032228c9509ce614c6f5db6b9de8239649f9c1bb8b27415822ceb9b4669f08f21d71a3be54bb17403e3840f42e46e,,08/21/2025 11:55:00 AM,30,TRAFFIC SIGNAL,FUNCTIONING PROPERLY,CLEAR,DAYLIGHT,SIDESWIPE SAME DIRECTION,DIVIDED - W/MEDIAN (NOT RAISED),,STRAIGHT AND LEVEL,DRY,NO DEFECTS,NOT ON SCENE (DESK REPORT),NO INJURY / DRIVE AWAY,,,Y,"$501 - $1,500",08/21/2025 12:45:00 PM,UNABLE TO DETERMINE,UNABLE TO DETERMINE,2358,W,87TH ST,614,,,,,,,2,NO INDICATION OF INJURY,0,0,0,0,0,2,0,11,5,8,41.7356384439,-87.682405788,POINT (-87.682405788023 41.735638443917)
9d70f0e3b7ce9db8fd57ba7e47f679616c9bdb65e126791cf99d93725bc59cdba96120f3366f8fa893b3283bd83fcfc6540acf9456cbe1ef5798b17dceecdc72,,08/21/2025 11:55:00 AM,35,TRAFFIC SIGNAL,FUNCTIONING PROPERLY,CLEAR,DAYLIGHT,SIDESWIPE SAME DIRECTION,DIVIDED - W/MEDIAN (NOT RAISED),,STRAIGHT AND LEVEL,DRY,NO DEFECTS,ON SCENE,INJURY AND / OR TOW DUE TO CRASH,Y,,,"OVER $1,500",08/21/2025 11:57:00 AM,IMPROPER LANE USAGE,NOT APPLICABLE,10310,S,WESTERN AVE,2211,,,,,,,3,"REPORTED, NOT EVIDENT",1,0,0,0,1,2,0,11,5,8,41.7060000297,-87.6817539118,POINT (-87.681753911805 41.70600002972)
f160eb7faff213d5817dabf56bcd42c00df21da2284442860f108d8578e2901feecff372a9c4c8ed213a21d8501d1dcf14f4ef8faad0c358bfbd4b2f387ef4b2,,08/21/2025 11:49:00 AM,35,NO CONTROLS,NO CONTROLS,CLEAR,DAYLIGHT,REAR END,ONE-WAY,,STRAIGHT AND LEVEL,DRY,NO DEFECTS,ON SCENE,NO INJURY / DRIVE AWAY,,,Y,$500 OR LESS,08/21/2025 12:15:00 PM,DRIVING SKILLS/KNOWLEDGE/EXPERIENCE,NOT APPLICABLE,1754,W,LE MOYNE ST,1433,,,,,,,2,NO INDICATION OF INJURY,0,0,0,0,0,2,0,11,5,8,41.909163508,-87.6722611302,POINT (-87.67226113019 41.909163508023)
2425e6ea920d81de0ddc3bb927139d5a1e7505f62305edeb780468c8ad443df0f0041739c27e575391df7b24cea0d99012feec06eae18994e779a563bfae6dd5,,08/21/2025 11:46:00 AM,30,NO CONTROLS,NO CONTROLS,CLEAR,DAYLIGHT,REAR END,NOT DIVIDED,,STRAIGHT AND LEVEL,DRY,NO DEFECTS,ON SCENE,INJURY AND / OR TOW DUE TO CRASH,,,,"OVER $1,500",08/21/2025 11:46:00 AM,FOLLOWING TOO CLOSELY,NOT APPLICABLE,4625,W,CHICAGO AVE,1111,,,,,,,2,NONINCAPACITATING INJURY,2,0,0,1,1,2,0,11,5,8,41.8949551497,-87.7424102334,POINT (-87.742410233432 41.894955149659)
126290aae2278e40716f07851c0b739a69a48d4c8386e9449796e843a76c5058bc79ea76b4cdbe3c88605e7d5b2d2ce9170b9ebb65c6edd5ed49e784d4bd9587,,08/21/2025 11:30:00 AM,35,NO CONTROLS,NO CONTROLS,CLEAR,DAYLIGHT,SIDESWIPE SAME DIRECTION,DIVIDED - W/MEDIAN BARRIER,,STRAIGHT AND LEVEL,DRY,NO DEFECTS,ON SCENE,NO INJURY / DRIVE AWAY,,,,"OVER $1,500",08/21/2025 11:37:00 AM,IMPROPER LANE USAGE,NOT APPLICABLE,1999,W,95TH ST,2213,,,,Y,MAINTENANCE,,2,NO INDICATION OF INJURY,0,0,0,0,0,2,0,11,5,8,41.7209693439,-87.6722809091,POINT (-87.672280909084 41.720969343878)
d93bc55dd1360114aed873349f416ae66dd3772598cf9f42362fae5543933f2c71ed3c46fbdcb6e52eb037e18182b25e44cd873caec9f39ee13813c8c632a728,,08/21/2025 11:30:00 AM,30,UNKNOWN,UNKNOWN,UNKNOWN,UNKNOWN,REAR END,DIVIDED - W/MEDIAN (NOT RAISED),,STRAIGHT AND LEVEL,UNKNOWN,UNKNOWN,NOT ON SCENE (DESK REPORT),NO INJURY / DRIVE AWAY,,,,"OVER $1,500",08/21/2025 12:30:00 PM,UNABLE TO DETERMINE,UNABLE TO DETERMINE,789,E,55TH DR,233,,,,,,,2,NO INDICATION OF INJURY,0,0,0,0,0,2,0,11,5,8,41.794857123,-87.6062787675,POINT (-87.606278767472 41.794857123028)
5e9c23b566f33fdfb9e4aedcf3a794cf74330f4774844930f2b5d3a548c7712ec9b3feb9d0a69e205fbf010c8334c52dcce047dc302c1615a05e6b79d7269cbb,,08/21/2025 11:22:00 AM,20,NO CONTROLS,NO CONTROLS,CLEAR,DAYLIGHT,OTHER NONCOLLISION,NOT DIVIDED,,STRAIGHT AND LEVEL,DRY,NO DEFECTS,NOT ON SCENE (DESK REPORT),NO INJURY / DRIVE AWAY,,,,"OVER $1,500",08/21/2025 11:38:00 AM,NOT APPLICABLE,NOT APPLICABLE,600,S,DEARBORN ST,123,,,,,,,1,,,,,,,,,11,5,8,41.8744811657,-87.6293565399,POINT (-87.629356539905 41.874481165681)
ac927b35e114d34829b004cbd8bf88788f852006446be625936e60dd9f2553205225413d5f830b20a7a3ceb3d19a9dcf273eb015502f88918547749b4164122e,,08/21/2025 11:19:00 AM,30,TRAFFIC SIGNAL,FUNCTIONING PROPERLY,CLEAR,DAYLIGHT,TURNING,FOUR WAY,,STRAIGHT AND LEVEL,DRY,UNKNOWN,ON SCENE,INJURY AND / OR TOW DUE TO CRASH,Y,,,"OVER $1,500",08/21/2025 11:22:00 AM,FAILING TO REDUCE SPEED TO AVOID CRASH,NOT APPLICABLE,8700,S,DR MARTIN LUTHER KING JR DR,632,,Y,,N,,,2,"REPORTED, NOT EVIDENT",1,0,0,0,1,2,0,11,5,8,41.7364550458,-87.6146729127,POINT (-87.614672912717 41.736455045812)
fd7d4669b760f686ade6d361e9d47175ec516a89ae594dd6319c167767281aa85c4d04adfd8a615a9e5a5957c082d1787674af4177faa84414c5a759239ff68c,,08/21/2025 11:18:00 AM,25,TRAFFIC SIGNAL,FUNCTIONING PROPERLY,RAIN,DAYLIGHT,ANGLE,FOUR WAY,,STRAIGHT AND LEVEL,DRY,NO DEFECTS,ON SCENE,NO INJURY / DRIVE AWAY,Y,,,"$501 - $1,500",08/21/2025 11:45:00 AM,DISREGARDING TRAFFIC SIGNALS,DISREGARDING TRAFFIC SIGNALS,5200,N,RAVENSWOOD AVE,2012,,,,,,,2,NO INDICATION OF INJURY,0,0,0,0,0,2,0,11,5,8,41.9761455973,-87.6745564668,POINT (-87.674556466828 41.976145597276)
4f86c78f52854ac0914deea190315e546dac363405f7985f5fc04ffae18b3f5e5a3c80644652be3acb1c52481f335eddc7dc23cd4d29a44177683b769599d161,,08/21/2025 11:14:00 AM,30,TRAFFIC SIGNAL,FUNCTIONING PROPERLY,CLEAR,DAYLIGHT,REAR END,NOT DIVIDED,,STRAIGHT AND LEVEL,DRY,NO DEFECTS,ON SCENE,NO INJURY / DRIVE AWAY,,,,"OVER $1,500",08/21/2025 11:16:00 AM,FOLLOWING TOO CLOSELY,NOT APPLICABLE,2221,S,BLUE ISLAND AVE,1034,,,,,,,2,NO INDICATION OF INJURY,0,0,0,0,0,2,0,11,5,8,41.8517576254,-87.6670618409,POINT (-87.667061840893 41.851757625424)
da02c0e91578f22e571e3b18b3815ebcfb452dcfeba51fff2af47927ca7543967af3c0660849dd4cc31f994d5389b653806c661efa2288b3a85924ef368ad3d3,,08/21/2025 11:03:00 AM,30,TRAFFIC SIGNAL,FUNCTIONING PROPERLY,CLEAR,DAYLIGHT,PARKED MOTOR VEHICLE,PARKING LOT,,STRAIGHT AND LEVEL,DRY,NO DEFECTS,ON SCENE,NO INJURY / DRIVE AWAY,N,Y,,"$501 - $1,500",08/21/2025 12:57:00 PM,UNABLE TO DETERMINE,UNABLE TO DETERMINE,1130,S,CANAL ST,124,,,,,,,2,NO INDICATION OF INJURY,0,0,0,0,0,1,0,11,5,8,41.868082661,-87.6393654159,POINT (-87.639365415895 41.868082660987)
ea777c079eeeae5e222c581ffa051219b8f89f271520b657b8f5488e4cbae59eb41e2adf074873a3333d127e484250d0bfa54c525caccb29d17ef229b85d6d72,,08/21/2025 11:03:00 AM,30,NO CONTROLS,NO CONTROLS,CLEAR,"DARKNESS, LIGHTED ROAD",PARKED MOTOR VEHICLE,NOT DIVIDED,,STRAIGHT AND LEVEL,DRY,UNKNOWN,ON SCENE,INJURY AND / OR TOW DUE TO CRASH,,,,"OVER $1,500",08/21/2025 11:07:00 PM,NOT APPLICABLE,NOT APPLICABLE,11725,S,WENTWORTH AVE,522,,,,,,,3,NONINCAPACITATING INJURY,1,0,0,1,0,2,0,11,5,8,41.6808439158,-87.6274052662,POINT (-87.627405266217 41.680843915805)
197ad65cc46e60e8cc67a0f9c3a17885fe221cdec6d4e70df5fbd7d81314db082b2f30aa68966a520406045282660a1c3ab27e8d8f9355cf2f30ec5c6c498b02,Y,08/21/2025 11:00:00 AM,15,NO CONTROLS,NO CONTROLS,CLEAR,DAYLIGHT,SIDESWIPE SAME DIRECTION,ONE-WAY,,STRAIGHT AND LEVEL,DRY,UNKNOWN,NOT ON SCENE (DESK REPORT),INJURY AND / OR TOW DUE TO CRASH,,,,"OVER $1,500",08/21/2025 06:30:00 PM,FAILING TO YIELD RIGHT-OF-WAY,NOT APPLICABLE,1030,W,WELLINGTON AVE,1933,,,,,,,2,NONINCAPACITATING INJURY,1,0,0,1,0,1,0,11,5,8,41.9363626816,-87.6551420568,POINT (-87.655142056841 41.936362681551)
6a57cbde9112e26e404f798620d11417515035df9c21e32db1f062fe49ce98f1bcca04f8ec1ac09787eb51b2d956383f0f5746d40e50645fbfd954c904f23097,,08/21/2025 11:00:00 AM,30,NO CONTROLS,NO CONTROLS,CLEAR,DAYLIGHT,TURNING,DIVIDED - W/MEDIAN (NOT RAISED),,STRAIGHT AND LEVEL,DRY,NO DEFECTS,ON SCENE,INJURY AND / OR TOW DUE TO CRASH,,,,"OVER $1,500",08/21/2025 11:00:00 AM,IMPROPER TURNING/NO SIGNAL,UNABLE TO DETERMINE,2429,S,STATE ST,131,,,,,,,2,NONINCAPACITATING INJURY,1,0,0,1,0,2,0,11,5,8,41.8484068683,-87.626831776,POINT (-87.626831775975 41.84840686834)
b348365bcdb521dc36316df524bd48ddc2e86c0c34f2cc46aa3445b8726dc12f263afdbd1aa0aab433cbe73bfd7348fe9fedc8287d963c12ed469cf3240b257d,,08/21/2025 11:00:00 AM,30,NO CONTROLS,NO CONTROLS,CLEAR,DAYLIGHT,REAR END,DIVIDED - W/MEDIAN BARRIER,,STRAIGHT AND LEVEL,DRY,NO DEFECTS,ON SCENE,INJURY AND / OR TOW DUE TO CRASH,,,,"OVER $1,500",08/21/2025 11:15:00 AM,FOLLOWING TOO CLOSELY,UNABLE TO DETERMINE,2809,N,ASHLAND AVE,1932,,,,,,,3,"REPORTED, NOT EVIDENT",1,0,0,0,1,2,0,11,5,8,41.9327030316,-87.6682594142,POINT (-87.668259414204 41.932703031634)
b88b24b253e2bb014e42e2ba8073e232908eb1e6cb37d97f7360a0070d7f1e0681a1542e82885ca6fc8d4367475350ce913b6dcf13db37de43517c6e957045fb,N,08/21/2025 11:00:00 AM,30,NO CONTROLS,NO CONTROLS,CLEAR,DAYLIGHT,PARKED MOTOR VEHICLE,ONE-WAY,,STRAIGHT AND LEVEL,DRY,NO DEFECTS,NOT ON SCENE (DESK REPORT),NO INJURY / DRIVE AWAY,,,Y,"OVER $1,500",08/21/2025 01:48:00 PM,DRIVING SKILLS/KNOWLEDGE/EXPERIENCE,UNABLE TO DETERMINE,1300,W,NORTH SHORE AVE,2432,,,,,,,2,NO INDICATION OF INJURY,0,0,0,0,0,1,0,11,5,8,42.0036118513,-87.6636832525,POINT (-87.663683252504 42.003611851286)
e2df34d5b1a4ca704bb75cd7f614e26f413b46a3ac00e6f9d9355e68e5fd1d4c17d1c3511042da53a4643e18767e7e93500d691bc6a7f74116df20b27ebf174b,,08/21/2025 10:55:00 AM,15,NO CONTROLS,NO CONTROLS,CLEAR,DAYLIGHT,PEDESTRIAN,DRIVEWAY,,STRAIGHT AND LEVEL,DRY,NO DEFECTS,ON SCENE,INJURY AND / OR TOW DUE TO CRASH,,,Y,$500 OR LESS,08/21/2025 11:01:00 AM,FAILING TO YIELD RIGHT-OF-WAY,NOT APPLICABLE,3930,N,CLARK ST,1923,,,,,,,2,"REPORTED, NOT EVIDENT",1,0,0,0,1,1,0,10,5,8,41.9533490866,-87.6616086704,POINT (-87.661608670445 41.953349086556)
f854a00369241a0b475d30a8067a16a73b52971418cc2b498ed389abce0c791a9820e0453fbfc2a6eaebd481fbb3e99bb7774796de2b9aff0856112aab05ed4a,,08/21/2025 10:55:00 AM,30,TRAFFIC SIGNAL,FUNCTIONING PROPERLY,CLEAR,DAYLIGHT,REAR END,DIVIDED - W/MEDIAN (NOT RAISED),,STRAIGHT AND LEVEL,DRY,NO DEFECTS,NOT ON SCENE (DESK REPORT),NO INJURY / DRIVE AWAY,,,,"OVER $1,500",08/21/2025 12:15:00 PM,UNABLE TO DETERMINE,NOT APPLICABLE,3247,W,ADDISON ST,1733,,,,,,,2,NO INDICATION OF INJURY,0,0,0,0,0,2,0,10,5,8,41.9464956537,-87.7097765488,POINT (-87.709776548763 41.946495653685)
f23d3f90bb2c347fb2b69a78aff4344fdbaf78918b623573ec2905f0627340664579ea08710760fef7e82d7a83315c180fc3af7345490dc06e7dd51bdde714ba,,08/21/2025 10:54:00 AM,20,NO CONTROLS,NO CONTROLS,CLEAR,DAYLIGHT,TURNING,PARKING LOT,,STRAIGHT AND LEVEL,DRY,NO DEFECTS,ON SCENE,INJURY AND / OR TOW DUE TO CRASH,,,,"OVER $1,500",08/21/2025 10:56:00 AM,UNABLE TO DETERMINE,NOT APPLICABLE,3552,W,GRAND AVE,1121,,,,,,,2,NONINCAPACITATING INJURY,1,0,0,1,0,1,0,10,5,8,41.9019126231,-87.7154044009,POINT (-87.715404400915 41.901912623078)
6ae96c5ed413d460d2f77216154bcefcb5d2432d8308a55dd5074dac66c3c5e1923766c23a3bf8d0357acab08315d5d7a8ee03d275ed82fd53c5ce3a6c51d0cf,,08/21/2025 10:47:00 AM,0,NO CONTROLS,NO CONTROLS,CLEAR,DAYLIGHT,PARKED MOTOR VEHICLE,PARKING LOT,,STRAIGHT AND LEVEL,DRY,UNKNOWN,ON SCENE,NO INJURY / DRIVE AWAY,,,Y,"OVER $1,500",08/21/2025 11:41:00 AM,DRIVING SKILLS/KNOWLEDGE/EXPERIENCE,NOT APPLICABLE,7530,S,STONY ISLAND AVE,411,,,,,,,2,NO INDICATION OF INJURY,0,0,0,0,0,1,0,10,5,8,41.7578056585,-87.586268258,POINT (-87.586268258019 41.757805658543)
e338f897273e4c784062395de9f92ff7a16b1d9a3654320be28bfc3b9a5ffeba06a2decb696a33a50da6c641fa3fa74611faff3cabf1040051f9d6f05c78618e,,08/21/2025 10:44:00 AM,30,TRAFFIC SIGNAL,FUNCTIONING PROPERLY,CLEAR,DAYLIGHT,SIDESWIPE OPPOSITE DIRECTION,NOT DIVIDED,,STRAIGHT AND LEVEL,DRY,NO DEFECTS,ON SCENE,NO INJURY / DRIVE AWAY,,,,"OVER $1,500",08/21/2025 10:46:00 AM,UNABLE TO DETERMINE,NOT APPLICABLE,5758,S,HALSTED ST,712,,,,,,,2,NO INDICATION OF INJURY,0,0,0,0,0,2,0,10,5,8,41.7889350271,-87.6451658487,POINT (-87.645165848664 41.788935027063)
268e593fe5e63d7d776203667200920aaa51be0249cb8047a035c09ae7331ac671eea75fd02d1dce16f6cd59b4dff4b8561c0086f8785914914d2e2d7653cd1a,,08/21/2025 10:32:00 AM,15,NO CONTROLS,NO CONTROLS,CLEAR,DAYLIGHT,PARKED MOTOR VEHICLE,OTHER,,STRAIGHT AND LEVEL,DRY,NO DEFECTS,ON SCENE,NO INJURY / DRIVE AWAY,,,,$500 OR LESS,08/21/2025 10:45:00 AM,UNABLE TO DETERMINE,NOT APPLICABLE,2708,W,JULIA CT,1431,,,,,,,2,NO INDICATION OF INJURY,0,0,0,0,0,1,0,10,5,8,41.919949666,-87.6958451141,POINT (-87.695845114103 41.919949665996)
1c3de9e75084e6b266b50298121c869527a3e4dd50bf6fa60f9aadc0b08afbec1b8b5a0fe038656674cb91fa4c8a2f909862ec2e753433a7210a766a93d5320d,,08/21/2025 10:30:00 AM,30,NO CONTROLS,NO CONTROLS,CLEAR,DAYLIGHT,SIDESWIPE SAME DIRECTION,NOT DIVIDED,,STRAIGHT AND LEVEL,DRY,NO DEFECTS,NOT ON SCENE (DESK REPORT),NO INJURY / DRIVE AWAY,,,,"$501 - $1,500",08/21/2025 10:55:00 AM,IMPROPER LANE USAGE,UNABLE TO DETERMINE,837,E,111TH ST,531,Y,,,,,,2,NO INDICATION OF INJURY,0,0,0,0,0,2,0,10,5,8,41.6927713851,-87.6012733642,POINT (-87.601273364152 41.692771385075)
f1551a3272ca630fd519fa7bdd1135f4e3da0d575a74a4d164029d6814be2d823ce74ed57f00561d933eb8a92c7cde6360f653d99b512f8851baa9c72c80d763,,08/21/2025 10:30:00 AM,30,NO CONTROLS,NO CONTROLS,CLEAR,DAYLIGHT,PARKED MOTOR VEHICLE,DIVIDED - W/MEDIAN (NOT RAISED),,STRAIGHT AND LEVEL,DRY,NO DEFECTS,NOT ON SCENE (DESK REPORT),NO INJURY / DRIVE AWAY,,,,"OVER $1,500",08/21/2025 11:31:00 AM,UNABLE TO DETERMINE,UNABLE TO DETERMINE,1448,E,75TH ST,324,,,,,,,2,NO INDICATION OF INJURY,0,0,0,0,0,3,0,10,5,8,41.758851593,-87.588851537,POINT (-87.588851536986 41.758851592962)
a24513b2227ccca833191807e84c5ea5000b0fe514607bbaad5935050a6fc07cca52baaf76d340d1537cdf48d37df080e1fb5d04aabe49537739391a3a66423f,,08/21/2025 10:20:00 AM,30,NO CONTROLS,NO CONTROLS,CLEAR,DAYLIGHT,PARKED MOTOR VEHICLE,NOT DIVIDED,,STRAIGHT AND LEVEL,DRY,SHOULDER DEFECT,NOT ON SCENE (DESK REPORT),NO INJURY / DRIVE AWAY,,,,"$501 - $1,500",08/22/2025 11:00:00 AM,UNABLE TO DETERMINE,UNABLE TO DETERMINE,6907,N,CLARK ST,2431,,,,,,,2,NO INDICATION OF INJURY,0,0,0,0,0,1,0,10,5,8,42.0068222724,-87.6733081333,POINT (-87.673308133294 42.006822272447)