CRASH_RECORD_ID,CRASH_DATE_EST_I,CRASH_DATE,POSTED_SPEED_LIMIT,TRAFFIC_CONTROL_DEVICE,DEVICE_CONDITION,WEATHER_CONDITION,LIGHTING_CONDITION,FIRST_CRASH_TYPE,TRAFFICWAY_TYPE,LANE_CNT,ALIGNMENT,ROADWAY_SURFACE_COND,ROAD_DEFECT,REPORT_TYPE,CRASH_TYPE,INTERSECTION_RELATED_I,NOT_RIGHT_OF_WAY_I,HIT_AND_RUN_I,DAMAGE,DATE_POLICE_NOTIFIED,PRIM_CONTRIBUTORY_CAUSE,SEC_CONTRIBUTORY_CAUSE,STREET_NO,STREET_DIRECTION,STREET_NAME,BEAT_OF_OCCURRENCE,PHOTOS_TAKEN_I,STATEMENTS_TAKEN_I,DOORING_I,WORK_ZONE_I,WORK_ZONE_TYPE,WORKERS_PRESENT_I,NUM_UNITS,MOST_SEVERE_INJURY,INJURIES_TOTAL,INJURIES_FATAL,INJURIES_INCAPACITATING,INJURIES_NON_INCAPACITATING,INJURIES_REPORTED_NOT_EVIDENT,INJURIES_NO_INDICATION,INJURIES_UNKNOWN,CRASH_HOUR,CRASH_DAY_OF_WEEK,CRASH_MONTH,LATITUDE,LONGITUDE,LOCATION
ca89188692f3b674cf35e0135219718d7a0646449e46105ee15f71177f479f4d9e337e174886668845889d5bb18be9918d14f48ef15fd8e730f3a3bfc5b96fb2,,08/21/2025 10:20:00 AM,30,TRAFFIC SIGNAL,FUNCTIONING PROPERLY,CLEAR,DAYLIGHT,REAR END,DIVIDED - W/MEDIAN (NOT RAISED),,STRAIGHT AND LEVEL,DRY,NO DEFECTS,ON SCENE,INJURY AND / OR TOW DUE TO CRASH,,,,"OVER $1,500",08/21/2025 10:30:00 AM,FOLLOWING TOO CLOSELY,DRIVING SKILLS/KNOWLEDGE/EXPERIENCE,699,W,ROOSEVELT RD,1232,,,,,,,2,NONINCAPACITATING INJURY,1,0,0,1,0,2,0,10,5,8,41.867069158,-87.6451339634,POINT (-87.645133963433 41.867069157962)
f54e6328ccdafad2514686a251cc77b61193a15a49f07ed411d679143fb10b15f1916d8ebbee56abd081c78116653b131d384d32e88df1ea88d017676869177e,,08/21/2025 10:18:00 AM,30,NO CONTROLS,NO CONTROLS,CLEAR,DAYLIGHT,PARKED MOTOR VEHICLE,DIVIDED - W/MEDIAN (NOT RAISED),,STRAIGHT AND LEVEL,DRY,NO DEFECTS,ON SCENE,NO INJURY / DRIVE AWAY,,,,"$501 - $1,500",08/21/2025 10:53:00 AM,UNABLE TO DETERMINE,UNABLE TO DETERMINE,6131,S,KEDZIE AVE,823,,,,,,,2,NO INDICATION OF INJURY,0,0,0,0,0,2,0,10,5,8,41.7816571977,-87.7030662877,POINT (-87.70306628767 41.781657197679)
551c0be95036ec3ba432f73977725c4699a923206ab788fc808c8c5c49992618b0c6767638511823049da63f217292225eb480ff5cc0e27f5292eb50edfcee29,,08/21/2025 10:14:00 AM,30,NO CONTROLS,NO CONTROLS,CLEAR,DAYLIGHT,REAR END,NOT DIVIDED,,STRAIGHT AND LEVEL,DRY,NO DEFECTS,ON SCENE,NO INJURY / DRIVE AWAY,,,,$500 OR LESS,08/21/2025 10:14:00 AM,NOT APPLICABLE,NOT APPLICABLE,1450,N,CICERO AVE,2533,,,,,,,2,NO INDICATION OF INJURY,0,0,0,0,0,2,0,10,5,8,41.9074881596,-87.7462048864,POINT (-87.746204886363 41.907488159553)
f0f64965f3e10358540386bdff79e1900f85150f87a42dce61003a6d78d218277ac1b2372aa1966b3cbea3d876566172e0bd791f9f7a63bbd33713321d62bc1c,,08/21/2025 10:07:00 AM,35,NO CONTROLS,NO CONTROLS,CLEAR,DAYLIGHT,FIXED OBJECT,ALLEY,,STRAIGHT AND LEVEL,DRY,NO DEFECTS,NOT ON SCENE (DESK REPORT),NO INJURY / DRIVE AWAY,,Y,,"OVER $1,500",08/21/2025 03:40:00 PM,"VISION OBSCURED (SIGNS, TREE LIMBS, BUILDINGS, ETC.)",UNABLE TO DETERMINE,7958,S,WOLCOTT AVE,611,,,,,,,1,NO INDICATION OF INJURY,0,0,0,0,0,1,0,10,5,8,41.7485318255,-87.6708144496,POINT (-87.670814449596 41.74853182552)
4b1bdc2c6528716a6527608446cc7e8afa0fadb5407152c3e1410b99e014cf20916123351594222162c8e86c1462902826aeccaeb0bb597ba6776143dca183e9,,08/21/2025 10:00:00 AM,30,NO CONTROLS,NO CONTROLS,CLEAR,DAYLIGHT,SIDESWIPE SAME DIRECTION,NOT DIVIDED,,STRAIGHT AND LEVEL,DRY,NO DEFECTS,ON SCENE,NO INJURY / DRIVE AWAY,,,,"OVER $1,500",08/21/2025 10:08:00 AM,UNABLE TO DETERMINE,UNABLE TO DETERMINE,3098,W,FULLERTON AVE,1414,,,,,,,2,NO INDICATION OF INJURY,0,0,0,0,0,2,0,10,5,8,41.924852133,-87.7045283215,POINT (-87.704528321467 41.924852132952)
c532e2b1676d5b1870b9bf14640379c4d9ee27c61ed34ef829a9a4f3022a2cbe108181e74d3fe946b343121935209d2bf46d5a484d4a80a06abd07fddbfd7700,Y,08/21/2025 10:00:00 AM,25,UNKNOWN,UNKNOWN,UNKNOWN,UNKNOWN,PARKED MOTOR VEHICLE,NOT DIVIDED,,STRAIGHT AND LEVEL,UNKNOWN,UNKNOWN,NOT ON SCENE (DESK REPORT),NO INJURY / DRIVE AWAY,,,,"$501 - $1,500",08/26/2025 04:30:00 PM,UNABLE TO DETERMINE,UNABLE TO DETERMINE,1306,W,ROSEMONT AVE,2433,,,,,,,2,NO INDICATION OF INJURY,0,0,0,0,0,1,0,10,5,8,41.9964572819,-87.6632558219,POINT (-87.66325582193 41.996457281944)
d4567a997659476f447786fb3e140a2538b6fd448e06de20491e11ef5de2daa0e923c48af01432980abc6c93670e12686330217f75f3293d8c7e90bca874781b,,08/21/2025 10:00:00 AM,30,NO CONTROLS,NO CONTROLS,CLEAR,DAYLIGHT,REAR END,DIVIDED - W/MEDIAN (NOT RAISED),,STRAIGHT AND LEVEL,DRY,NO DEFECTS,NOT ON SCENE (DESK REPORT),INJURY AND / OR TOW DUE TO CRASH,,,Y,"OVER $1,500",08/21/2025 12:00:00 PM,UNABLE TO DETERMINE,NOT APPLICABLE,1025,E,130TH ST,533,,,,,,,2,NONINCAPACITATING INJURY,1,0,0,1,0,1,0,10,5,8,41.6594848552,-87.59671902,POINT (-87.596719019961 41.659484855206)
5145427de89825655eb960629616b8a13dad6f3ae6c1194fd172074c98b866e709ca4540430cd0a37169d779c48dc2121bc26c08cb7be7b4b8eecbdd555e3998,,08/21/2025 09:50:00 AM,30,NO CONTROLS,NO CONTROLS,CLEAR,DAYLIGHT,SIDESWIPE SAME DIRECTION,DIVIDED - W/MEDIAN BARRIER,,STRAIGHT AND LEVEL,DRY,NO DEFECTS,ON SCENE,NO INJURY / DRIVE AWAY,,,,"OVER $1,500",08/21/2025 10:27:00 AM,NOT APPLICABLE,NOT APPLICABLE,5800,S,MARYLAND AVE,235,,,,,,,2,NO INDICATION OF INJURY,0,0,0,0,0,5,0,9,5,8,41.7894353063,-87.6051282376,POINT (-87.605128237581 41.789435306348)
52b9b9cf49533100a23e879c8c42734b0fdcb3473595900df3200265299b5e4a373991a38fa18c0f74e382680e5501df80c893df0ee09d67774dd22c6bdd6547,,08/21/2025 09:40:00 AM,30,TRAFFIC SIGNAL,FUNCTIONING PROPERLY,CLEAR,DAYLIGHT,REAR END,NOT DIVIDED,,STRAIGHT AND LEVEL,DRY,NO DEFECTS,NOT ON SCENE (DESK REPORT),NO INJURY / DRIVE AWAY,,,,"OVER $1,500",08/21/2025 09:40:00 PM,UNABLE TO DETERMINE,UNABLE TO DETERMINE,3201,W,26TH ST,1032,,,,,,,2,NO INDICATION OF INJURY,0,0,0,0,0,2,0,9,5,8,41.84440733,-87.7050998494,POINT (-87.705099849405 41.844407330023)
5ac460eb67dbcd9a393eaa392799dd5a136e12f6317ceae04449a6dfac3cc003280b5e86ff78d8f68345720f875e5050a672ad193afdfe91b5dc6d93b4a9b3a8,,08/21/2025 09:40:00 AM,30,NO CONTROLS,NO CONTROLS,CLEAR,DAYLIGHT,PARKED MOTOR VEHICLE,NOT DIVIDED,,STRAIGHT AND LEVEL,DRY,NO DEFECTS,NOT ON SCENE (DESK REPORT),NO INJURY / DRIVE AWAY,,,,"$501 - $1,500",08/21/2025 10:35:00 AM,UNABLE TO DETERMINE,NOT APPLICABLE,1823,N,ROCKWELL ST,1434,,,,,,,2,NO INDICATION OF INJURY,0,0,0,0,0,1,0,9,5,8,41.9146053389,-87.6920709546,POINT (-87.692070954578 41.914605338895)
20b32cc2209b281bf471e1611f377acc6d290cf7d2311fbd8a5bbe325946ddd20210dfae0040b4530b52b0323a0a8b46b7a2117d2fa1b40cbf1153184641b018,,08/21/2025 09:30:00 AM,30,NO CONTROLS,NO CONTROLS,CLEAR,DAYLIGHT,PEDALCYCLIST,NOT DIVIDED,,STRAIGHT AND LEVEL,DRY,NO DEFECTS,,INJURY AND / OR TOW DUE TO CRASH,,,,"OVER $1,500",08/21/2025 03:00:00 PM,FAILING TO YIELD RIGHT-OF-WAY,NOT APPLICABLE,1544,W,18TH ST,1233,,,Y,,,,2,"REPORTED, NOT EVIDENT",1,0,0,0,1,1,0,9,5,8,41.8579184773,-87.6655067118,POINT (-87.66550671179 41.857918477322)
2debf5d40ba46bf1f865f0ded5c30eadb0b9a8407ee785d8aebdc664d32bc017a777ecf4c8c1c683ae2bf121f637d38d87ae339bf1b1900a3193b89d5433db90,,08/21/2025 09:30:00 AM,10,NO CONTROLS,NO CONTROLS,CLEAR,DAYLIGHT,PARKED MOTOR VEHICLE,ONE-WAY,,STRAIGHT AND LEVEL,DRY,NO DEFECTS,NOT ON SCENE (DESK REPORT),NO INJURY / DRIVE AWAY,,,Y,"OVER $1,500",08/21/2025 01:34:00 PM,UNABLE TO DETERMINE,UNABLE TO DETERMINE,500,E,75TH ST,323,,,,,,,2,NO INDICATION OF INJURY,0,0,0,0,0,1,0,9,5,8,41.7585634328,-87.6126178735,POINT (-87.612617873534 41.758563432835)
50d9a2f251078d38ffffe9c4cdf636860dcf2359fbb2eda7c3a0a541eb9caefa779ffe1ee63157237b22dac75ad81956386f1a9b455ce95aa5a9e035d23d3581,,08/21/2025 09:20:00 AM,30,TRAFFIC SIGNAL,UNKNOWN,CLEAR,DAYLIGHT,SIDESWIPE SAME DIRECTION,NOT DIVIDED,,STRAIGHT AND LEVEL,UNKNOWN,UNKNOWN,NOT ON SCENE (DESK REPORT),NO INJURY / DRIVE AWAY,Y,,Y,"OVER $1,500",08/21/2025 10:00:00 AM,DRIVING SKILLS/KNOWLEDGE/EXPERIENCE,DRIVING SKILLS/KNOWLEDGE/EXPERIENCE,100,W,CERMAK RD,131,,,,,,,2,NO INDICATION OF INJURY,0,0,0,0,0,2,0,9,5,8,41.8529912193,-87.629386933,POINT (-87.629386933044 41.852991219253)
e54d6a7554d3b7f91aedc53ca070b83fffdf3d14636796feb1394840802a922879b15ed5d098f485bd64a065f01914f24595554e03c7b5425e1ed9bf803c58b1,,08/21/2025 09:20:00 AM,30,NO CONTROLS,NO CONTROLS,CLEAR,DAYLIGHT,ANGLE,NOT DIVIDED,,STRAIGHT AND LEVEL,UNKNOWN,UNKNOWN,NOT ON SCENE (DESK REPORT),NO INJURY / DRIVE AWAY,,,,"OVER $1,500",08/22/2025 11:35:00 AM,UNABLE TO DETERMINE,UNABLE TO DETERMINE,5334,N,DELPHIA AVE,1614,,,,,,,2,NO INDICATION OF INJURY,0,0,0,0,0,2,0,9,5,8,41.9765826966,-87.8416882571,POINT (-87.841688257067 41.976582696577)
4ec892d1f144798d76a7a135c1819729474e420fcf7cc92ff4c479aae91e6002c1870418b293440f037b76fa4750ec6e1031f7c60f9ec305136785a1a7b0fb0c,,08/21/2025 09:11:00 AM,30,NO CONTROLS,NO CONTROLS,CLEAR,DAYLIGHT,REAR END,DIVIDED - W/MEDIAN (NOT RAISED),,STRAIGHT AND LEVEL,DRY,NO DEFECTS,ON SCENE,INJURY AND / OR TOW DUE TO CRASH,,,,"$501 - $1,500",08/21/2025 09:15:00 AM,UNABLE TO DETERMINE,UNABLE TO DETERMINE,2633,N,CALIFORNIA AVE,1411,,,,,,,2,"REPORTED, NOT EVIDENT",1,0,0,0,1,1,0,9,5,8,41.9296936585,-87.6974055126,POINT (-87.69740551255 41.92969365852)
2109b90e51099ed7426bdab7be73755c6fbb4bd89e7b62c94766fbdc2e16b50308bc47ce3382f08c955811bc1a22989b72b817f57077d8e6a1687a07e39672d7,,08/21/2025 09:06:00 AM,25,NO CONTROLS,NO CONTROLS,CLEAR,DAYLIGHT,TURNING,DIVIDED - W/MEDIAN BARRIER,,STRAIGHT AND LEVEL,DRY,NO DEFECTS,ON SCENE,INJURY AND / OR TOW DUE TO CRASH,,,,"OVER $1,500",08/21/2025 09:06:00 AM,FAILING TO YIELD RIGHT-OF-WAY,DRIVING SKILLS/KNOWLEDGE/EXPERIENCE,311,S,LAFLIN ST,1231,,,,,,,2,"REPORTED, NOT EVIDENT",1,0,0,0,1,2,0,9,5,8,41.8773049096,-87.664165141,POINT (-87.664165140988 41.877304909576)
94f2a0698c25af8a7bf37bf1420c9190e3de9be0202afea880fbb832b527691bd42055ebc2029035a35c38e82202d8a8b41da4958ee97463bf977a15d727ada2,,08/21/2025 09:05:00 AM,30,NO CONTROLS,NO CONTROLS,CLEAR,DAYLIGHT,PARKED MOTOR VEHICLE,NOT DIVIDED,,STRAIGHT AND LEVEL,DRY,NO DEFECTS,NOT ON SCENE (DESK REPORT),NO INJURY / DRIVE AWAY,,,,$500 OR LESS,08/21/2025 10:10:00 AM,UNABLE TO DETERMINE,NOT APPLICABLE,1741,N,WESTERN AVE,1434,,,,,,,2,NO INDICATION OF INJURY,0,0,0,0,0,1,0,9,5,8,41.9133261117,-87.6871532883,POINT (-87.68715328833 41.913326111684)
0c6cd61f2b9c375c7124ff683a4054c003d6ded6b1942d729edd1f40f7618d1a1d8c1d971c53f812fa0d79e96366261dd389b1c0d3cd4dafe0475f3c32de6efa,,08/21/2025 09:00:00 AM,30,NO CONTROLS,NO CONTROLS,CLEAR,DAYLIGHT,PARKED MOTOR VEHICLE,NOT DIVIDED,,STRAIGHT AND LEVEL,DRY,NO DEFECTS,NOT ON SCENE (DESK REPORT),NO INJURY / DRIVE AWAY,,,Y,"OVER $1,500",08/21/2025 07:30:00 PM,UNABLE TO DETERMINE,UNABLE TO DETERMINE,1729,W,OGDEN AVE,1231,,,,,,,2,NO INDICATION OF INJURY,0,0,0,0,0,1,0,9,5,8,41.8781209921,-87.6698710314,POINT (-87.669871031437 41.87812099205)
87d48143407b15df8c73debc116a48714d6c379ed470b915ccd2d2b0a12b0558d8d009e2753d2227692ef442e7d30053d90e87cc6d48d377a67ce9c3a9f6fc80,,08/21/2025 09:00:00 AM,30,NO CONTROLS,NO CONTROLS,CLEAR,DAYLIGHT,TURNING,NOT DIVIDED,,STRAIGHT AND LEVEL,DRY,UNKNOWN,NOT ON SCENE (DESK REPORT),NO INJURY / DRIVE AWAY,,,,"OVER $1,500",08/21/2025 10:52:00 AM,UNABLE TO DETERMINE,UNABLE TO DETERMINE,4532,N,MANOR AVE,1724,,,,,,,2,NO INDICATION OF INJURY,0,0,0,0,0,2,0,9,5,8,41.963773135,-87.6987967342,POINT (-87.69879673416 41.963773135031)
ddb960ad932f3becd7ed50dbe728fe52d0929cc6f217265374e3bfe8e1af2d8923f46f37dca8706d761b017cd9a8a0e16ab86575e35f4f2cfe9a7c96fb858c60,N,08/21/2025 09:00:00 AM,25,NO CONTROLS,NO CONTROLS,CLEAR,DAYLIGHT,PARKED MOTOR VEHICLE,PARKING LOT,,STRAIGHT AND LEVEL,DRY,NO DEFECTS,NOT ON SCENE (DESK REPORT),NO INJURY / DRIVE AWAY,,,Y,"OVER $1,500",08/21/2025 09:00:00 AM,FAILING TO REDUCE SPEED TO AVOID CRASH,UNABLE TO DETERMINE,1725,W,HARRISON ST,1231,,,,,,,2,NO INDICATION OF INJURY,0,0,0,0,0,1,0,9,5,8,41.8740163353,-87.6702608284,POINT (-87.670260828397 41.874016335282)
e1fccd65e2fc9115712a24106ef38395e9da7140f29a2eaea1ac8968bad77c5c06e6e325e84b8329a477cc83ee30946803d1e6f336da7f258ea9292d1be94973,,08/21/2025 09:00:00 AM,30,TRAFFIC SIGNAL,FUNCTIONING PROPERLY,CLEAR,DAYLIGHT,TURNING,NOT DIVIDED,,STRAIGHT AND LEVEL,DRY,NO DEFECTS,NOT ON SCENE (DESK REPORT),NO INJURY / DRIVE AWAY,,,,"OVER $1,500",08/21/2025 10:00:00 AM,UNABLE TO DETERMINE,NOT APPLICABLE,3348,W,BELMONT AVE,1733,,,,,,,2,NO INDICATION OF INJURY,0,0,0,0,0,2,0,9,5,8,41.939403872,-87.7120457715,POINT (-87.712045771496 41.939403872021)
f500a17ced845f5d3de82690136fd53e2acfd96ca091b1191364619129713d7986152714d49c1287f9d45ed65178fa00cc646da2b736cedfaeb410a8caba7c6a,Y,08/21/2025 09:00:00 AM,30,NO CONTROLS,NO CONTROLS,CLEAR,DAYLIGHT,PARKED MOTOR VEHICLE,ONE-WAY,,STRAIGHT AND LEVEL,DRY,NO DEFECTS,ON SCENE,INJURY AND / OR TOW DUE TO CRASH,,,Y,"OVER $1,500",08/21/2025 09:16:00 AM,UNABLE TO DETERMINE,UNABLE TO DETERMINE,4454,N,KEELER AVE,1722,,,,,,,2,NO INDICATION OF INJURY,0,0,0,0,0,1,0,9,5,8,41.9623104407,-87.7323994653,POINT (-87.732399465336 41.962310440703)
ffcc32f555a03655525cf4d192b1f7c8190375b72d7e246736135f62f37f8bf8a350cddc8f329a48c4e3f6ccdbf1988733c6a13d541d76e5bf689b72974b7ae8,,08/21/2025 09:00:00 AM,30,TRAFFIC SIGNAL,FUNCTIONING PROPERLY,CLEAR,DAYLIGHT,FIXED OBJECT,ONE-WAY,,STRAIGHT AND LEVEL,DRY,NO DEFECTS,ON SCENE,INJURY AND / OR TOW DUE TO CRASH,Y,,,"OVER $1,500",08/21/2025 09:11:00 AM,IMPROPER TURNING/NO SIGNAL,DRIVING SKILLS/KNOWLEDGE/EXPERIENCE,1759,S,RUBLE ST,1235,,,,,,,1,NO INDICATION OF INJURY,0,0,0,0,0,1,0,9,5,8,41.8576047098,-87.6436359963,POINT (-87.643635996318 41.857604709783)
1066472fc5bf013b311e0b32dd614a09ced33f9d40d743ae15d56fc0bfa1c749fb752d76327b6dd9df80148c1b790b9e61e4779a775525b0ec51ac9d21740ffb,,08/21/2025 08:51:00 AM,30,TRAFFIC SIGNAL,FUNCTIONING PROPERLY,CLEAR,DAYLIGHT,SIDESWIPE SAME DIRECTION,NOT DIVIDED,,STRAIGHT AND LEVEL,DRY,NO DEFECTS,NOT ON SCENE (DESK REPORT),NO INJURY / DRIVE AWAY,,,,"$501 - $1,500",08/21/2025 10:05:00 AM,IMPROPER LANE USAGE,IMPROPER LANE USAGE,1139,W,SHERIDAN RD,2433,,N,,,,,2,NO INDICATION OF INJURY,0,0,0,0,0,2,0,8,5,8,41.9980829436,-87.6600634344,POINT (-87.6600634344 41.998082943617)
0ace1a80a0d3fd1339706f7fec0895f0c05411365dc5507fe1ca944daf3119f862f34c3d03d1b78f1252708184da667ff00b583d97e57d800102180644376caf,,08/21/2025 08:50:00 AM,30,TRAFFIC SIGNAL,FUNCTIONING PROPERLY,CLEAR,DAYLIGHT,SIDESWIPE SAME DIRECTION,CENTER TURN LANE,,STRAIGHT AND LEVEL,DRY,NO DEFECTS,ON SCENE,NO INJURY / DRIVE AWAY,,,Y,"$501 - $1,500",08/21/2025 08:55:00 AM,UNABLE TO DETERMINE,UNABLE TO DETERMINE,10600,S,TORRENCE AVE,434,,,,,,,2,NO INDICATION OF INJURY,0,0,0,0,0,2,0,8,5,8,41.7026858266,-87.5597477072,POINT (-87.559747707177 41.702685826641)
7e66c45a607672405424e5f8d2d524b51c46cfc2ad38884a20ec537d92a33ddb0ce4173fc9e9250a14b83cd9a39f8e3bc677ac8bf294a9f0f42c36fff27d5f02,,08/21/2025 08:50:00 AM,30,NO CONTROLS,NO CONTROLS,CLEAR,DAYLIGHT,TURNING,NOT DIVIDED,,STRAIGHT AND LEVEL,DRY,NO DEFECTS,,NO INJURY / DRIVE AWAY,,,,"$501 - $1,500",08/22/2025 09:15:00 AM,FAILING TO YIELD RIGHT-OF-WAY,FAILING TO YIELD RIGHT-OF-WAY,6400,N,SHERIDAN RD,2432,,,,,,,2,NO INDICATION OF INJURY,0,0,0,0,0,2,0,8,5,8,41.9982179205,-87.6606952556,POINT (-87.660695255572 41.998217920532)
8431a3f1e0ac9c8a696d9711a793ec12711e6e45406c1c60be0f6d088d7311cbc9caa0e29e57e8862d0d8537e77b7a6b85907e3289d3b0d2393e7d5efd1aa892,,08/21/2025 08:50:00 AM,30,TRAFFIC SIGNAL,FUNCTIONING PROPERLY,CLEAR,DAYLIGHT,TURNING,NOT DIVIDED,,STRAIGHT AND LEVEL,DRY,NO DEFECTS,ON SCENE,INJURY AND / OR TOW DUE TO CRASH,,,,"OVER $1,500",08/21/2025 08:52:00 AM,DISREGARDING TRAFFIC SIGNALS,NOT APPLICABLE,5900,S,WESTERN AVE,824,,,,,,,2,NONINCAPACITATING INJURY,4,0,0,4,0,0,0,8,5,8,41.7864371748,-87.6839752465,POINT (-87.683975246481 41.786437174774)
91be72a84317bc9c7c8ac74b3766c47d4725ed83a7609cc2fa5507071ae709390b381e561b3c543784c2af8b5c3bf08f6fc42c1f0c109d9ebf2533eb8bc13f8d,,08/21/2025 08:50:00 AM,30,NO CONTROLS,NO CONTROLS,CLEAR,DAYLIGHT,FIXED OBJECT,ALLEY,,STRAIGHT AND LEVEL,DRY,UNKNOWN,NOT ON SCENE (DESK REPORT),NO INJURY / DRIVE AWAY,,,,"OVER $1,500",08/21/2025 02:40:00 PM,UNABLE TO DETERMINE,NOT APPLICABLE,3839,W,ADAMS ST,1122,,,,,,,1,NO INDICATION OF INJURY,0,0,0,0,0,1,0,8,5,8,41.8779102912,-87.7222909271,POINT (-87.722290927086 41.877910291234)
baf356ef711d15dbdf254950950b798645f3b5bd92356294e57efbab599d029d01f02b21f09d93af61cdd753690faa91f25637d77dea374b2adff8371758ddc9,,08/21/2025 08:50:00 AM,25,NO CONTROLS,NO CONTROLS,CLEAR,DAYLIGHT,SIDESWIPE SAME DIRECTION,NOT DIVIDED,,STRAIGHT AND LEVEL,DRY,NO DEFECTS,NOT ON SCENE (DESK REPORT),NO INJURY / DRIVE AWAY,,,,"OVER $1,500",08/21/2025 09:10:00 AM,UNABLE TO DETERMINE,NOT APPLICABLE,1950,W,DEVON AVE,2412,,,,,,,2,NO INDICATION OF INJURY,0,0,0,0,0,2,0,8,5,8,41.9980293831,-87.6788620691,POINT (-87.678862069146 41.998029383085)
6ea00ac7566b4f5c0c50d497d1058e17768e58e7c9f45dc14e8c34f67afbe14dffc4843822a1472639a7a9403775f3d0e506e0874284596a3a746c00f1561a01,,08/21/2025 08:45:00 AM,25,NO CONTROLS,NO CONTROLS,CLEAR,DAYLIGHT,ANGLE,NOT DIVIDED,,STRAIGHT AND LEVEL,DRY,NO DEFECTS,NOT ON SCENE (DESK REPORT),NO INJURY / DRIVE AWAY,,,,"$501 - $1,500",08/21/2025 09:00:00 AM,FAILING TO YIELD RIGHT-OF-WAY,FAILING TO YIELD RIGHT-OF-WAY,4016,W,WILSON AVE,1722,,,,,,,2,NO INDICATION OF INJURY,0,0,0,0,0,2,0,8,5,8,41.9641937821,-87.7286460858,POINT (-87.72864608582 41.964193782105)
8fdd6bd65d5a6da99459649d1f8b8c048f7138f5c2a9d3418dfe219228307ac7e35836ad003278b97d2988f4517af5ec2c60ab1515766908471524146f5fcac7,,08/21/2025 08:45:00 AM,30,NO CONTROLS,NO CONTROLS,CLEAR,DAYLIGHT,SIDESWIPE SAME DIRECTION,NOT DIVIDED,,STRAIGHT AND LEVEL,DRY,UNKNOWN,NOT ON SCENE (DESK REPORT),NO INJURY / DRIVE AWAY,,,,"OVER $1,500",08/28/2025 11:05:00 AM,UNABLE TO DETERMINE,UNABLE TO DETERMINE,2548,W,PETERSON AVE,2413,,,,,,,3,NO INDICATION OF INJURY,0,0,0,0,0,2,0,8,5,8,41.9905831017,-87.6940822164,POINT (-87.694082216392 41.990583101688)
de1515a91fcc853c505397f92c5725ea0e6959c1b1993bf1df5f0e40f8cd474a3c9a6fbfce95c9eb6c7c97a59cfcf335b3cd42c9f6167e7fff59a50e511f50ae,,08/21/2025 08:37:00 AM,30,NO CONTROLS,NO CONTROLS,UNKNOWN,UNKNOWN,TURNING,ALLEY,,STRAIGHT AND LEVEL,UNKNOWN,UNKNOWN,NOT ON SCENE (DESK REPORT),NO INJURY / DRIVE AWAY,,,,"OVER $1,500",08/27/2025 06:40:00 PM,FAILING TO YIELD RIGHT-OF-WAY,UNABLE TO DETERMINE,2543,W,AINSLIE ST,2031,,,,,,,2,NO INDICATION OF INJURY,0,0,0,0,0,2,0,8,5,8,41.9706604759,-87.693090483,POINT (-87.69309048298 41.970660475922)
03680eea5b8ade6bfc5519fbfa28b43a32c21ce0b129bcc852941c195b1c2a9b10254a2fd04d44053034e88a9c0819b8236a27fdfc3cade438d72df7cabcad19,,08/21/2025 08:31:00 AM,30,TRAFFIC SIGNAL,FUNCTIONING PROPERLY,CLEAR,DAYLIGHT,REAR END,UNKNOWN,,STRAIGHT AND LEVEL,DRY,NO DEFECTS,ON SCENE,NO INJURY / DRIVE AWAY,,,,"OVER $1,500",08/21/2025 08:31:00 AM,IMPROPER BACKING,UNABLE TO DETERMINE,535,W,ADDISON ST,1925,,,,,,,2,NO INDICATION OF INJURY,0,0,0,0,0,2,0,8,5,8,41.9481007353,-87.6446865935,POINT (-87.644686593462 41.948100735333)
4c3313cffda0b748d1fdde7477092b6d298d411b538831a9e35145df6c4b40cf14ee1768c8c0185e2b6e85b890700af2465331ca3080e9fbb79b1690865bf9cd,,08/21/2025 08:30:00 AM,30,UNKNOWN,UNKNOWN,UNKNOWN,UNKNOWN,PARKED MOTOR VEHICLE,NOT DIVIDED,,STRAIGHT AND LEVEL,UNKNOWN,UNKNOWN,NOT ON SCENE (DESK REPORT),NO INJURY / DRIVE AWAY,Y,,,"OVER $1,500",08/21/2025 04:36:00 PM,IMPROPER OVERTAKING/PASSING,DRIVING SKILLS/KNOWLEDGE/EXPERIENCE,5304,S,CORNELL AVE,234,,,,,,,2,NO INDICATION OF INJURY,0,0,0,0,0,1,0,8,5,8,41.7994056819,-87.5856611313,POINT (-87.585661131292 41.799405681876)
1b8a62fa28a5ec756f4c877583f0ca12cb40066572412f6aeda3544a6c41e0d285c4e7ff08eb6f5a873b921d9d01fbd635c30e7faa05a171048e8a6d65ca1ae2,Y,08/21/2025 08:15:00 AM,30,DELINEATORS,FUNCTIONING PROPERLY,CLEAR,DAYLIGHT,SIDESWIPE SAME DIRECTION,DIVIDED - W/MEDIAN BARRIER,,STRAIGHT AND LEVEL,DRY,NO DEFECTS,ON SCENE,NO INJURY / DRIVE AWAY,,,,"$501 - $1,500",08/21/2025 08:15:00 AM,FAILING TO YIELD RIGHT-OF-WAY,DRIVING SKILLS/KNOWLEDGE/EXPERIENCE,515,S,ASHLAND AVE,1231,,,,Y,CONSTRUCTION,,2,NO INDICATION OF INJURY,0,0,0,0,0,5,0,8,5,8,41.874720571,-87.6664658627,POINT (-87.666465862722 41.874720571029)
9e4474bc654a7465e427f5d869fdc41650fe2d9569a5d8df43936c56142ad4a44f684a2da29db3c4a715d3d65973d6baeeb81d4b700c5690483e61e711466374,,08/21/2025 08:15:00 AM,30,TRAFFIC SIGNAL,NO CONTROLS,CLEAR,DAYLIGHT,TURNING,FOUR WAY,,STRAIGHT AND LEVEL,DRY,UNKNOWN,,INJURY AND / OR TOW DUE TO CRASH,Y,,,"OVER $1,500",08/21/2025 08:19:00 AM,FAILING TO YIELD RIGHT-OF-WAY,"VISION OBSCURED (SIGNS, TREE LIMBS, BUILDINGS, ETC.)",400,W,ROSCOE ST,1925,,,,,,,2,INCAPACITATING INJURY,1,0,1,0,0,2,0,8,5,8,41.943479129,-87.6405833167,POINT (-87.640583316748 41.943479128994)