CRASH_RECORD_ID,CRASH_DATE_EST_I,CRASH_DATE,POSTED_SPEED_LIMIT,TRAFFIC_CONTROL_DEVICE,DEVICE_CONDITION,WEATHER_CONDITION,LIGHTING_CONDITION,FIRST_CRASH_TYPE,TRAFFICWAY_TYPE,LANE_CNT,ALIGNMENT,ROADWAY_SURFACE_COND,ROAD_DEFECT,REPORT_TYPE,CRASH_TYPE,INTERSECTION_RELATED_I,NOT_RIGHT_OF_WAY_I,HIT_AND_RUN_I,DAMAGE,DATE_POLICE_NOTIFIED,PRIM_CONTRIBUTORY_CAUSE,SEC_CONTRIBUTORY_CAUSE,STREET_NO,STREET_DIRECTION,STREET_NAME,BEAT_OF_OCCURRENCE,PHOTOS_TAKEN_I,STATEMENTS_TAKEN_I,DOORING_I,WORK_ZONE_I,WORK_ZONE_TYPE,WORKERS_PRESENT_I,NUM_UNITS,MOST_SEVERE_INJURY,INJURIES_TOTAL,INJURIES_FATAL,INJURIES_INCAPACITATING,INJURIES_NON_INCAPACITATING,INJURIES_REPORTED_NOT_EVIDENT,INJURIES_NO_INDICATION,INJURIES_UNKNOWN,CRASH_HOUR,CRASH_DAY_OF_WEEK,CRASH_MONTH,LATITUDE,LONGITUDE,LOCATION
c3842b182fa9f2121c209616d675daa5ebf0d498cbe45f3648f7f53b35c5c800b68513785c8a813eb02717e1dfe3939db784c946c4a62b848721e4f943b84e11,,08/21/2025 08:15:00 AM,30,NO CONTROLS,NO CONTROLS,CLEAR,DAYLIGHT,TURNING,DIVIDED - W/MEDIAN (NOT RAISED),,STRAIGHT AND LEVEL,DRY,NO DEFECTS,ON SCENE,INJURY AND / OR TOW DUE TO CRASH,,,,"OVER $1,500",08/21/2025 08:20:00 AM,IMPROPER TURNING/NO SIGNAL,"VISION OBSCURED (SIGNS, TREE LIMBS, BUILDINGS, ETC.)",25,N,WOOD ST,1224,,,,,,,2,NONINCAPACITATING INJURY,2,0,0,2,0,1,0,8,5,8,41.882203083,-87.6716220878,POINT (-87.671622087757 41.882203082961)
8fbb424e323e83ef03363af298941f5e659ad849925a5167129fc3f4e25637d4dc6e7207d1d721fc1661e9120675f1dff30e8e2021b253f768d85d9e14f4cc0d,,08/21/2025 08:12:00 AM,30,STOP SIGN/FLASHER,FUNCTIONING PROPERLY,CLEAR,DAYLIGHT,SIDESWIPE SAME DIRECTION,NOT DIVIDED,,STRAIGHT ON GRADE,DRY,NO DEFECTS,NOT ON SCENE (DESK REPORT),NO INJURY / DRIVE AWAY,N,,,"$501 - $1,500",08/21/2025 04:00:00 PM,IMPROPER OVERTAKING/PASSING,IMPROPER LANE USAGE,108,W,RANDOLPH ST,122,,,,,,,2,NO INDICATION OF INJURY,0,0,0,0,0,2,0,8,5,8,41.8845857209,-87.631235485,POINT (-87.631235485029 41.884585720938)
8275e1afea1d3f41ca51f5c7ade48ea7f597bc3495282ca361542034d840837db21d6b09b880ee13d3a5879e6469c500ce4ee68fbfaac77d55b10798f4b6d86f,,08/21/2025 08:08:00 AM,30,NO CONTROLS,NO CONTROLS,CLEAR,DAYLIGHT,REAR END,NOT DIVIDED,,STRAIGHT AND LEVEL,DRY,NO DEFECTS,ON SCENE,INJURY AND / OR TOW DUE TO CRASH,,,,"OVER $1,500",08/21/2025 08:17:00 AM,FOLLOWING TOO CLOSELY,UNABLE TO DETERMINE,5500,W,63RD ST,813,,,,,,,3,NONINCAPACITATING INJURY,1,0,0,1,0,2,0,8,5,8,41.7782089457,-87.7594051934,POINT (-87.759405193447 41.778208945726)
05ffa86bc62515b794dd676ffbb37a0c0e4e1e909eb90b3ed3cce98d0730f2f82cc031c9fb5ce0bfab50f0e44be01f7a67579e0bc1546ea117a41a31f7197c00,,08/21/2025 08:04:00 AM,30,STOP SIGN/FLASHER,FUNCTIONING PROPERLY,CLEAR,DAYLIGHT,ANGLE,FOUR WAY,,STRAIGHT AND LEVEL,DRY,NO DEFECTS,ON SCENE,INJURY AND / OR TOW DUE TO CRASH,Y,,,"OVER $1,500",08/21/2025 08:06:00 AM,FAILING TO YIELD RIGHT-OF-WAY,FAILING TO YIELD RIGHT-OF-WAY,4300,N,MILWAUKEE AVE,1624,,,,,,,2,NO INDICATION OF INJURY,0,0,0,0,0,2,0,8,5,8,41.9588168193,-87.7530817522,POINT (-87.753081752244 41.958816819255)
36918a61121a027e65e9d98293702d63b34d0bd94a1da640ee7f9a85c44f6a69bdc786e138cdc55d005ad0ca14dde36d9ef450d13e2542fb37828b34cfc2a8e8,,08/21/2025 08:00:00 AM,20,NO CONTROLS,NO CONTROLS,CLEAR,DAYLIGHT,SIDESWIPE SAME DIRECTION,ONE-WAY,,STRAIGHT AND LEVEL,DRY,NO DEFECTS,NOT ON SCENE (DESK REPORT),NO INJURY / DRIVE AWAY,,,,"OVER $1,500",08/26/2025 11:10:00 AM,UNABLE TO DETERMINE,UNABLE TO DETERMINE,3706,W,62ND ST,823,,,,,,,2,NO INDICATION OF INJURY,0,0,0,0,0,2,0,8,5,8,41.7806988891,-87.7158050425,POINT (-87.715805042523 41.780698889084)
4d001a8bf036c0f6b8a2d62123f620e133502a1ea33781544e7698ec2bd8eb6f8d2f8102907d4fa6c16d146d4a90948d5b826849e85214129a8afd3d2b8fbad5,,08/21/2025 08:00:00 AM,30,STOP SIGN/FLASHER,FUNCTIONING PROPERLY,CLEAR,DAYLIGHT,ANGLE,DIVIDED - W/MEDIAN (NOT RAISED),,STRAIGHT AND LEVEL,DRY,UNKNOWN,NOT ON SCENE (DESK REPORT),NO INJURY / DRIVE AWAY,Y,,,"OVER $1,500",08/21/2025 09:00:00 AM,FAILING TO YIELD RIGHT-OF-WAY,FAILING TO REDUCE SPEED TO AVOID CRASH,2399,N,KEDVALE AVE,2525,,,,,,,2,NO INDICATION OF INJURY,0,0,0,0,0,2,0,8,5,8,41.9243533257,-87.730294559,POINT (-87.730294558959 41.924353325667)
64be0acc0a4e8115898f98f6c86043b3f9c0b935e9e1e07ff13519f7e6ece3eb212bbbed65b79531b2688d12da14deaf0ce0e553ed69c608922b21d9076d4fb5,,08/21/2025 08:00:00 AM,25,UNKNOWN,UNKNOWN,UNKNOWN,UNKNOWN,SIDESWIPE SAME DIRECTION,NOT DIVIDED,,STRAIGHT AND LEVEL,UNKNOWN,UNKNOWN,NOT ON SCENE (DESK REPORT),NO INJURY / DRIVE AWAY,,,,"OVER $1,500",08/21/2025 05:35:00 PM,NOT APPLICABLE,NOT APPLICABLE,130,E,RANDOLPH ST,114,,,,,,,2,NO INDICATION OF INJURY,0,0,0,0,0,2,0,8,5,8,41.884588372,-87.6232725611,POINT (-87.623272561055 41.884588371969)
89d1c725e5b1aa18da26dc642d175263839fcbe2e89bb77e3599c7c127958a05c48c487f76f29a14f31fe5f708693e0043538196254b3f9571ad883789a276c9,,08/21/2025 08:00:00 AM,25,NO CONTROLS,NO CONTROLS,CLEAR,DAYLIGHT,REAR END,NOT DIVIDED,,STRAIGHT AND LEVEL,DRY,NO DEFECTS,NOT ON SCENE (DESK REPORT),NO INJURY / DRIVE AWAY,,,,"OVER $1,500",08/21/2025 08:25:00 AM,UNABLE TO DETERMINE,NOT APPLICABLE,2128,W,DEVON AVE,2412,,,,,,,2,NO INDICATION OF INJURY,0,0,0,0,0,2,0,8,5,8,41.9979427615,-87.683737944,POINT (-87.683737943962 41.997942761451)
c455a172807714e43116ee609d556102043cdd4bdde00a8938ec2231f41fffc8f9398270b5935a449a458d4a22780ffd2539c71ed590ec3d06ad4d71746cf3d4,Y,08/21/2025 08:00:00 AM,30,NO CONTROLS,NO CONTROLS,CLEAR,DAYLIGHT,SIDESWIPE SAME DIRECTION,NOT DIVIDED,,STRAIGHT AND LEVEL,DRY,NO DEFECTS,NOT ON SCENE (DESK REPORT),NO INJURY / DRIVE AWAY,,,Y,"$501 - $1,500",08/21/2025 09:20:00 AM,UNABLE TO DETERMINE,NOT APPLICABLE,2911,W,47TH ST,922,,,,,,,2,NO INDICATION OF INJURY,0,0,0,0,0,2,0,8,5,8,41.8081216907,-87.6970737495,POINT (-87.697073749518 41.808121690701)
d22a64af2e6dbf7404dc3cb36d9763d65db16e8815693f520f4ae1e3a43ec03e9a19cf8b9de2953cdd5f44fcd8345437dce13b59adad1695a4f1a4c09a9a8732,,08/21/2025 08:00:00 AM,30,NO CONTROLS,NO CONTROLS,CLEAR,DAYLIGHT,TURNING,DIVIDED - W/MEDIAN (NOT RAISED),,STRAIGHT AND LEVEL,DRY,NO DEFECTS,NOT ON SCENE (DESK REPORT),NO INJURY / DRIVE AWAY,,,,"OVER $1,500",08/21/2025 08:15:00 AM,FAILING TO YIELD RIGHT-OF-WAY,NOT APPLICABLE,1713,W,PRATT BLVD,2432,,,,,,,2,NO INDICATION OF INJURY,0,0,0,0,0,2,0,8,5,8,42.005211621,-87.6737001167,POINT (-87.673700116746 42.005211620992)
da6e6b0322373f7182565068f0f3bf146a2662a6b72ba7d0e4a81c573ed8ff33300df6ebe9f42fdf588bdde0739c0df140393adeac55453212fc728a47b13228,,08/21/2025 08:00:00 AM,30,TRAFFIC SIGNAL,FUNCTIONING PROPERLY,CLEAR,DAYLIGHT,SIDESWIPE SAME DIRECTION,FOUR WAY,,STRAIGHT AND LEVEL,UNKNOWN,UNKNOWN,NOT ON SCENE (DESK REPORT),NO INJURY / DRIVE AWAY,Y,,,"OVER $1,500",08/21/2025 03:00:00 PM,UNABLE TO DETERMINE,NOT APPLICABLE,2500,W,FOSTER AVE,2011,,,,,,,2,NO INDICATION OF INJURY,0,0,0,0,0,2,0,8,5,8,41.975976788,-87.6924342762,POINT (-87.692434276169 41.975976787986)
f95846f260c0a650e9ed30e3c0cc6d7d3d2706078c5507082c3554b8a2a9e87d3a40f42225cacf5d8dbdbd195bd4a7698e4276abfcde1cdcdff644130b05a88c,,08/21/2025 08:00:00 AM,35,NO CONTROLS,NO CONTROLS,CLEAR,DAYLIGHT,ANGLE,UNKNOWN INTERSECTION TYPE,,STRAIGHT AND LEVEL,DRY,NO DEFECTS,ON SCENE,INJURY AND / OR TOW DUE TO CRASH,,,,"OVER $1,500",08/21/2025 08:07:00 AM,"VISION OBSCURED (SIGNS, TREE LIMBS, BUILDINGS, ETC.)","VISION OBSCURED (SIGNS, TREE LIMBS, BUILDINGS, ETC.)",4353,S,PULASKI RD,821,,,,,,,2,NO INDICATION OF INJURY,0,0,0,0,0,2,0,8,5,8,41.8136309793,-87.7236554946,POINT (-87.723655494597 41.813630979345)
7b2b0ab8430b3a6fbaf416f3fa8bab87352f24c6156ac2b9370a78031834e1239353faaf591184f9543b1e1277090107e0f1bd6563f3bfee3618436d6f19f300,,08/21/2025 07:59:00 AM,30,NO CONTROLS,NO CONTROLS,CLEAR,DAYLIGHT,TURNING,NOT DIVIDED,,STRAIGHT AND LEVEL,DRY,NO DEFECTS,ON SCENE,NO INJURY / DRIVE AWAY,,,,"$501 - $1,500",08/21/2025 09:00:00 AM,FAILING TO YIELD RIGHT-OF-WAY,NOT APPLICABLE,1755,W,ARMITAGE AVE,1433,,,,,,,2,NO INDICATION OF INJURY,0,0,0,0,0,3,0,7,5,8,41.9177486623,-87.6723102051,POINT (-87.672310205051 41.917748662254)
07c11d9e6ed06806c9ee1cc54b06996f2fb5e111bc490424b7d61ba617efd502dd2086a2d9a8f6e95a51e65c7438cf3dc0b51b83d9179ad8c1fca7d119ce5fe1,,08/21/2025 07:53:00 AM,30,TRAFFIC SIGNAL,FUNCTIONING PROPERLY,CLEAR,DAYLIGHT,REAR END,NOT DIVIDED,,STRAIGHT AND LEVEL,DRY,NO DEFECTS,ON SCENE,NO INJURY / DRIVE AWAY,,,,$500 OR LESS,08/21/2025 07:53:00 AM,FOLLOWING TOO CLOSELY,UNABLE TO DETERMINE,3753,S,WESTERN AVE,911,,,,,,,2,NO INDICATION OF INJURY,0,0,0,0,0,2,0,7,5,8,41.8250684045,-87.6847291051,POINT (-87.684729105123 41.825068404468)
af0a371df19d4a2a8b74925bfda0c2a28f718276085162241856c19aaf621792550e4200556affb0ed8436cef573cc59b87a8f39e1c9957e6863faca9807c02a,,08/21/2025 07:53:00 AM,30,STOP SIGN/FLASHER,FUNCTIONING PROPERLY,CLEAR,DAYLIGHT,ANGLE,DIVIDED - W/MEDIAN (NOT RAISED),,STRAIGHT AND LEVEL,DRY,NO DEFECTS,ON SCENE,INJURY AND / OR TOW DUE TO CRASH,Y,,,"OVER $1,500",08/21/2025 08:09:00 AM,FAILING TO YIELD RIGHT-OF-WAY,DRIVING SKILLS/KNOWLEDGE/EXPERIENCE,2458,W,NORTH AVE,1434,,,,,,,2,NO INDICATION OF INJURY,0,0,0,0,0,2,0,7,5,8,41.9104044603,-87.6896076635,POINT (-87.689607663524 41.910404460307)
19cd726df12c7f54087c1209392d62ba8514deaa1676e3fe0b49221db262206bdbf3943f40313519f3d67dada96504e968ac7122f9e12da1d0e846696da30de4,,08/21/2025 07:51:00 AM,30,STOP SIGN/FLASHER,FUNCTIONING PROPERLY,CLEAR,DAYLIGHT,ANGLE,FOUR WAY,,STRAIGHT AND LEVEL,DRY,UNKNOWN,ON SCENE,INJURY AND / OR TOW DUE TO CRASH,Y,,,"OVER $1,500",08/21/2025 07:52:00 AM,FAILING TO YIELD RIGHT-OF-WAY,NOT APPLICABLE,337,E,60TH ST,311,,,,,,,2,"REPORTED, NOT EVIDENT",2,0,0,0,2,0,0,7,5,8,41.7855637165,-87.6174566495,POINT (-87.617456649481 41.785563716534)
3f6c378b36f5ae2f1fe084ac7eca86e8fcba1facbf63c6b9f5be5bb95620bcdc8b96ee9b289abdad96bd78dcdf410477197c6995e6431039c564770502730b28,,08/21/2025 07:50:00 AM,20,NO CONTROLS,NO CONTROLS,CLEAR,DAYLIGHT,PARKED MOTOR VEHICLE,NOT DIVIDED,,STRAIGHT AND LEVEL,DRY,NO DEFECTS,NOT ON SCENE (DESK REPORT),NO INJURY / DRIVE AWAY,,,N,"$501 - $1,500",08/21/2025 08:50:00 AM,IMPROPER OVERTAKING/PASSING,NOT APPLICABLE,1845,N,HARDING AVE,2535,,,,,,,2,NO INDICATION OF INJURY,0,0,0,0,0,1,0,7,5,8,41.9149433239,-87.7251281016,POINT (-87.725128101576 41.914943323875)
4e554ad79e66559bb067afaf39df1a8079de7c7aa25c33c6938a805962f1b302dcbfd3e6fe1a833a820807f29ec0f6bebd88fd49658dcbd1ada1fa980333c89b,,08/21/2025 07:49:00 AM,30,NO CONTROLS,NO CONTROLS,CLEAR,DAYLIGHT,REAR END,NOT DIVIDED,,STRAIGHT AND LEVEL,DRY,NO DEFECTS,,INJURY AND / OR TOW DUE TO CRASH,,,,"OVER $1,500",08/21/2025 09:30:00 AM,UNABLE TO DETERMINE,UNABLE TO DETERMINE,3901,W,31ST ST,1031,,,,,,,2,"REPORTED, NOT EVIDENT",3,0,0,0,3,1,0,7,5,8,41.8368142357,-87.7219674322,POINT (-87.721967432247 41.836814235718)
1f7ac17e3b8855ff88860fd2be93314fc13a830f971b587175505a252d249ecde26049df0b9e038312af4f37c43fbd020e64432483349dc1de7768aa840c7e2b,,08/21/2025 07:40:00 AM,35,TRAFFIC SIGNAL,FUNCTIONING PROPERLY,UNKNOWN,DAYLIGHT,REAR END,DIVIDED - W/MEDIAN (NOT RAISED),,STRAIGHT AND LEVEL,UNKNOWN,UNKNOWN,NOT ON SCENE (DESK REPORT),NO INJURY / DRIVE AWAY,Y,,,"$501 - $1,500",08/21/2025 10:45:00 AM,UNABLE TO DETERMINE,UNABLE TO DETERMINE,8700,S,SOUTH CHICAGO AVE,423,,,,,,,2,NO INDICATION OF INJURY,0,0,0,0,0,2,0,7,5,8,41.7370429734,-87.5656969534,POINT (-87.565696953391 41.737042973423)
0ffa66f366a1c987b9a3756b5a7ffe19b5c41d83e6294936a07d84312b5e69f672e2e447c9a871dddcf8f63d848368e22a3e3fa45cf2cab13b929878b2f3c850,,08/21/2025 07:35:00 AM,30,TRAFFIC SIGNAL,UNKNOWN,CLEAR,DAYLIGHT,REAR END,NOT DIVIDED,,STRAIGHT AND LEVEL,DRY,UNKNOWN,NOT ON SCENE (DESK REPORT),NO INJURY / DRIVE AWAY,,,,"OVER $1,500",08/21/2025 08:20:00 AM,FOLLOWING TOO CLOSELY,FOLLOWING TOO CLOSELY,1600,W,71ST ST,735,,,,,,,2,NO INDICATION OF INJURY,0,0,0,0,0,2,0,7,5,8,41.7650183056,-87.6638592301,POINT (-87.663859230126 41.765018305558)
49799237a339050db6782ced94574e68369a5e37d4a4505bd50aa4af614f804b980212643abbc6b094ee4df6211e8d369c0d4c084c0f38bf9a185bf039cc8af5,,08/21/2025 07:35:00 AM,30,STOP SIGN/FLASHER,FUNCTIONING PROPERLY,CLEAR,DAYLIGHT,TURNING,NOT DIVIDED,,STRAIGHT AND LEVEL,DRY,NO DEFECTS,ON SCENE,NO INJURY / DRIVE AWAY,,,Y,"OVER $1,500",08/21/2025 07:39:00 AM,IMPROPER TURNING/NO SIGNAL,DISREGARDING STOP SIGN,1,E,102ND ST,511,Y,Y,,,,,2,NO INDICATION OF INJURY,0,0,0,0,0,2,0,7,5,8,41.7088773504,-87.6233746825,POINT (-87.623374682463 41.708877350389)
74afa7843a850770aa63d00ba2cdcd0b17fb8dd2a2bca62a2b6a97dc768050951f6ec35b251116d4b5e1faed3476ec9ec20f455a89de91f3011d28341b52ff35,,08/21/2025 07:34:00 AM,30,TRAFFIC SIGNAL,FUNCTIONING PROPERLY,CLEAR,DAYLIGHT,SIDESWIPE SAME DIRECTION,NOT DIVIDED,,STRAIGHT AND LEVEL,DRY,NO DEFECTS,ON SCENE,INJURY AND / OR TOW DUE TO CRASH,,,,"OVER $1,500",08/21/2025 07:35:00 AM,FAILING TO YIELD RIGHT-OF-WAY,NOT APPLICABLE,4303,S,STATE ST,215,,,,,,,2,NO INDICATION OF INJURY,0,0,0,0,0,2,0,7,5,8,41.8163476502,-87.6261169703,POINT (-87.626116970294 41.816347650215)
6e2316cdf109703286ec6c0b7ef90a74472d3e9b75f5285c64e5a357efa1c2125e8cd892ee878a4e5d666f7cf6abbceb7bd51ef386418f48b5ab3b949f0dd01f,,08/21/2025 07:32:00 AM,30,STOP SIGN/FLASHER,NO CONTROLS,UNKNOWN,UNKNOWN,SIDESWIPE SAME DIRECTION,ONE-WAY,,STRAIGHT AND LEVEL,UNKNOWN,UNKNOWN,NOT ON SCENE (DESK REPORT),NO INJURY / DRIVE AWAY,,,,"$501 - $1,500",08/21/2025 08:40:00 AM,UNABLE TO DETERMINE,UNABLE TO DETERMINE,6200,S,HAMLIN AVE,823,,,,,,,2,NO INDICATION OF INJURY,0,0,0,0,0,3,0,7,5,8,41.7805076314,-87.7180499142,POINT (-87.718049914212 41.780507631392)
0904adfaaa20f862c2ba30d711c2ad9af34f037a99d3563e2635b4b7aeb61d09ca40a159280cbe73964bdb385fb96cbd8d1f83c0af9dd08433e402485155175b,,08/21/2025 07:31:00 AM,20,STOP SIGN/FLASHER,FUNCTIONING PROPERLY,CLEAR,DAYLIGHT,PEDALCYCLIST,NOT DIVIDED,,STRAIGHT AND LEVEL,DRY,NO DEFECTS,NOT ON SCENE (DESK REPORT),NO INJURY / DRIVE AWAY,,,,$500 OR LESS,08/21/2025 08:30:00 AM,UNABLE TO DETERMINE,UNABLE TO DETERMINE,4700,W,63RD ST,813,,,,,,,2,NO INDICATION OF INJURY,0,0,0,0,0,2,0,7,5,8,41.778567203,-87.7399094751,POINT (-87.739909475119 41.778567202964)
176095043be60c6e8612cc8ef4dfc2c80adcb1f39761e4ed812f8f7f403b9141fe2a3c2d43d0fc4fe4891525c3e293ba6392f453adf6001d3c6eff2a0be0a16d,,08/21/2025 07:30:00 AM,30,NO CONTROLS,NO CONTROLS,CLEAR,DAYLIGHT,SIDESWIPE SAME DIRECTION,NOT DIVIDED,,STRAIGHT AND LEVEL,DRY,UNKNOWN,ON SCENE,INJURY AND / OR TOW DUE TO CRASH,,,Y,$500 OR LESS,08/21/2025 09:04:00 AM,IMPROPER OVERTAKING/PASSING,FAILING TO YIELD RIGHT-OF-WAY,650,E,40TH ST,214,,Y,,,,,2,"REPORTED, NOT EVIDENT",1,0,0,0,1,3,0,7,5,8,41.8215739896,-87.6101264914,POINT (-87.610126491372 41.821573989643)
26693a99c74860d73ffd88c5f85e5eee5762eccec6dba3c35b1ada69ff0660fd9fe1680ea99457ea1e1fab726630128d93f792f66891ddb855bbed867fa42587,,08/21/2025 07:30:00 AM,30,TRAFFIC SIGNAL,UNKNOWN,CLEAR,DAYLIGHT,PEDALCYCLIST,"FIVE POINT, OR MORE",,STRAIGHT AND LEVEL,DRY,UNKNOWN,ON SCENE,INJURY AND / OR TOW DUE TO CRASH,Y,,,"OVER $1,500",08/21/2025 07:34:00 AM,IMPROPER LANE USAGE,UNABLE TO DETERMINE,3455,N,CLARK ST,1924,,Y,,,,,2,NONINCAPACITATING INJURY,1,0,0,1,0,1,0,7,5,8,41.9449236897,-87.6545078737,POINT (-87.654507873687 41.944923689681)
86e8ec432cf7106bc785885375e469335f3dcfb8b533467da92d8f887e5f60cb115102333f2434c5e3ebeac8cd5d3fae40b8b8a4833302ec855bbd53cc7e63e1,,08/21/2025 07:30:00 AM,30,NO CONTROLS,NO CONTROLS,CLEAR,DAYLIGHT,SIDESWIPE SAME DIRECTION,NOT DIVIDED,,STRAIGHT AND LEVEL,DRY,NO DEFECTS,NOT ON SCENE (DESK REPORT),NO INJURY / DRIVE AWAY,,,Y,$500 OR LESS,08/21/2025 09:45:00 AM,UNABLE TO DETERMINE,UNABLE TO DETERMINE,4450,W,CARROLL AVE,1113,,,,,,,2,NO INDICATION OF INJURY,0,0,0,0,0,2,0,7,5,8,41.8869619761,-87.7377061099,POINT (-87.737706109865 41.886961976083)
804b8d173a1bc8e4e57439a820dcdaeb4f58906c2b39b825a597679573ec8fe7d2a94e4c4bb48b8a07125cf968cf972b9dda7c522816784edd89cba22bb56d04,,08/21/2025 07:25:00 AM,30,NO CONTROLS,NO CONTROLS,CLEAR,DAYLIGHT,REAR END,DIVIDED - W/MEDIAN (NOT RAISED),,STRAIGHT AND LEVEL,DRY,NO DEFECTS,NOT ON SCENE (DESK REPORT),NO INJURY / DRIVE AWAY,,,,"OVER $1,500",08/21/2025 08:45:00 AM,UNABLE TO DETERMINE,NOT APPLICABLE,3700,N,CALIFORNIA AVE,1733,,,,,,,2,NO INDICATION OF INJURY,0,0,0,0,0,3,0,7,5,8,41.9485923631,-87.6982344395,POINT (-87.698234439499 41.948592363137)
083ee726a7e6a522a5dcd3898945481941273cdd0822668b84533a887e9a8caa6f8982b91f8ebef8ad8a8519538e7fc90a993bf1e6e831f4288ab44bb095f98b,,08/21/2025 07:20:00 AM,30,TRAFFIC SIGNAL,FUNCTIONING PROPERLY,CLEAR,DAYLIGHT,ANGLE,DIVIDED - W/MEDIAN BARRIER,,STRAIGHT AND LEVEL,DRY,NO DEFECTS,ON SCENE,INJURY AND / OR TOW DUE TO CRASH,Y,,,"OVER $1,500",08/21/2025 07:23:00 AM,UNABLE TO DETERMINE,UNABLE TO DETERMINE,2400,S,MICHIGAN AVE,131,,,,,,,2,NONINCAPACITATING INJURY,1,0,0,1,0,1,0,7,5,8,41.8492428544,-87.6238608988,POINT (-87.623860898773 41.849242854384)
7a0c7465ab664f2358ae8fdffd1cac2d6568a9d28c464381dc796812fd9cae160bb84c5b61672c4cce5a85ab46e8661d4f648ae55f7911baf69da56f6e900f79,,08/21/2025 07:20:00 AM,30,UNKNOWN,UNKNOWN,CLEAR,DAYLIGHT,SIDESWIPE SAME DIRECTION,NOT DIVIDED,,STRAIGHT AND LEVEL,UNKNOWN,UNKNOWN,NOT ON SCENE (DESK REPORT),NO INJURY / DRIVE AWAY,,,Y,"OVER $1,500",08/21/2025 05:00:00 PM,UNABLE TO DETERMINE,UNABLE TO DETERMINE,200,E,RANDOLPH ST,114,,,,,,,2,NO INDICATION OF INJURY,0,0,0,0,0,2,0,7,5,8,41.8846320758,-87.6222479911,POINT (-87.622247991089 41.884632075767)
afb2efab9cab28e80634219e79e8fdd167cc89ac091d095392d2edd925e4e5f7ea097c3b7fcbdd880c55694950ba2d134cef2b605865c35f1de05aa4402e610f,,08/21/2025 07:20:00 AM,30,TRAFFIC SIGNAL,FUNCTIONING PROPERLY,CLEAR,DAWN,SIDESWIPE SAME DIRECTION,DIVIDED - W/MEDIAN (NOT RAISED),,STRAIGHT AND LEVEL,DRY,NO DEFECTS,NOT ON SCENE (DESK REPORT),NO INJURY / DRIVE AWAY,,,,"OVER $1,500",08/25/2025 08:12:00 PM,IMPROPER OVERTAKING/PASSING,NOT APPLICABLE,3949,N,CENTRAL AVE,1633,,,,,,,2,NO INDICATION OF INJURY,0,0,0,0,0,2,0,7,5,8,41.9528343121,-87.7668398155,POINT (-87.766839815471 41.952834312087)
c0f957cb7e60f6df5b3466ea46df0378c6a8c92a7a5ab61b7629ec69a86b808033f3bcd1412a1fade70b525d6ed07103bd218318feda58bab2cb2e416ad0770a,,08/21/2025 07:19:00 AM,20,NO CONTROLS,NO CONTROLS,CLEAR,DAYLIGHT,TURNING,NOT DIVIDED,,STRAIGHT AND LEVEL,DRY,NO DEFECTS,ON SCENE,INJURY AND / OR TOW DUE TO CRASH,,,,"OVER $1,500",08/21/2025 07:46:00 AM,IMPROPER TURNING/NO SIGNAL,IMPROPER TURNING/NO SIGNAL,4846,N,CLARK ST,2032,,,,,,,2,NO INDICATION OF INJURY,0,0,0,0,0,2,0,7,5,8,41.9702966876,-87.6678079096,POINT (-87.667807909573 41.97029668759)
001d4191817569a715023ad4f70ab76e08501e88b37ea55ca324b41e89eb35242f05ad2a968077897474631b15e078e26afeb2577b684c9e24653d32c173a908,,08/21/2025 07:15:00 AM,30,NO CONTROLS,NO CONTROLS,CLEAR,DAYLIGHT,PARKED MOTOR VEHICLE,DIVIDED - W/MEDIAN (NOT RAISED),,STRAIGHT AND LEVEL,DRY,NO DEFECTS,ON SCENE,INJURY AND / OR TOW DUE TO CRASH,,,Y,"OVER $1,500",08/21/2025 07:41:00 AM,UNABLE TO DETERMINE,UNABLE TO DETERMINE,3330,W,47TH ST,821,,,,,,,3,NO INDICATION OF INJURY,0,0,0,0,0,1,0,7,5,8,41.808183239,-87.7077084328,POINT (-87.707708432816 41.808183239004)
1f9bce9d90a63a44fe17b33cd41280b94f1572c81341966fd2f02f756c555236df50a0ed9aa329fcc81abb0b316d89f04bf98ba72e1062045bae1ae4a87a77a4,,08/21/2025 07:15:00 AM,25,NO CONTROLS,NO CONTROLS,CLEAR,DAYLIGHT,PARKED MOTOR VEHICLE,ONE-WAY,,STRAIGHT AND LEVEL,DRY,NO DEFECTS,ON SCENE,NO INJURY / DRIVE AWAY,,,Y,"OVER $1,500",08/21/2025 10:13:00 AM,UNABLE TO DETERMINE,UNABLE TO DETERMINE,3554,W,SUNNYSIDE AVE,1723,,,,,,,2,NO INDICATION OF INJURY,0,0,0,0,0,1,0,7,5,8,41.963002212,-87.7178716198,POINT (-87.717871619836 41.963002212007)
1f4b73a27be31d8bf1a400f3b3556c7169b20edacdbf92bf696d5eb38ba6571b53abfc0dc53a959ca0484455824a03920902c330e80c72b9e576887e760a9d7c,,08/21/2025 07:10:00 AM,45,NO CONTROLS,NO CONTROLS,CLEAR,DAYLIGHT,OTHER OBJECT,DIVIDED - W/MEDIAN BARRIER,,STRAIGHT AND LEVEL,DRY,NO DEFECTS,NOT ON SCENE (DESK REPORT),NO INJURY / DRIVE AWAY,,,,"OVER $1,500",08/21/2025 10:30:00 AM,UNABLE TO DETERMINE,NOT APPLICABLE,500,N,LAKE SHORE DR SB,1834,,,,,,,2,NO INDICATION OF INJURY,0,0,0,0,0,2,0,7,5,8,41.8911470717,-87.6143750572,POINT (-87.61437505723 41.89114707171)