CRASH_RECORD_ID,CRASH_DATE_EST_I,CRASH_DATE,POSTED_SPEED_LIMIT,TRAFFIC_CONTROL_DEVICE,DEVICE_CONDITION,WEATHER_CONDITION,LIGHTING_CONDITION,FIRST_CRASH_TYPE,TRAFFICWAY_TYPE,LANE_CNT,ALIGNMENT,ROADWAY_SURFACE_COND,ROAD_DEFECT,REPORT_TYPE,CRASH_TYPE,INTERSECTION_RELATED_I,NOT_RIGHT_OF_WAY_I,HIT_AND_RUN_I,DAMAGE,DATE_POLICE_NOTIFIED,PRIM_CONTRIBUTORY_CAUSE,SEC_CONTRIBUTORY_CAUSE,STREET_NO,STREET_DIRECTION,STREET_NAME,BEAT_OF_OCCURRENCE,PHOTOS_TAKEN_I,STATEMENTS_TAKEN_I,DOORING_I,WORK_ZONE_I,WORK_ZONE_TYPE,WORKERS_PRESENT_I,NUM_UNITS,MOST_SEVERE_INJURY,INJURIES_TOTAL,INJURIES_FATAL,INJURIES_INCAPACITATING,INJURIES_NON_INCAPACITATING,INJURIES_REPORTED_NOT_EVIDENT,INJURIES_NO_INDICATION,INJURIES_UNKNOWN,CRASH_HOUR,CRASH_DAY_OF_WEEK,CRASH_MONTH,LATITUDE,LONGITUDE,LOCATION
3ac3491cbf28d8693184752c177bee9091e44efb358771ffe8e1da5a09b9bff8b08847ea59cb63bd00b96db8a060ad6a9f0533ce3d1644d59619a5063a726145,,08/21/2025 07:10:00 AM,30,STOP SIGN/FLASHER,FUNCTIONING PROPERLY,CLEAR,DAYLIGHT,ANGLE,FOUR WAY,,STRAIGHT AND LEVEL,DRY,NO DEFECTS,NOT ON SCENE (DESK REPORT),NO INJURY / DRIVE AWAY,,,,"OVER $1,500",08/21/2025 06:30:00 PM,FAILING TO YIELD RIGHT-OF-WAY,NOT APPLICABLE,4501,S,FRANCISCO AVE,922,,,,,,,2,NO INDICATION OF INJURY,0,0,0,0,0,2,0,7,5,8,41.8117869187,-87.6966146338,POINT (-87.696614633831 41.811786918704)
42f532e03d2f1d12dc868211846e01398f05142d539bb219e1dd3fc6bc64af01cd23a9d83ce0ec8c6d667f5c98694d2d74f894bdac89204dd5a4a4f306d05049,,08/21/2025 07:05:00 AM,30,STOP SIGN/FLASHER,FUNCTIONING PROPERLY,CLEAR,DAYLIGHT,REAR TO SIDE,DIVIDED - W/MEDIAN (NOT RAISED),,STRAIGHT AND LEVEL,DRY,UNKNOWN,ON SCENE,INJURY AND / OR TOW DUE TO CRASH,,,,"OVER $1,500",08/21/2025 07:11:00 AM,UNABLE TO DETERMINE,UNABLE TO DETERMINE,3187,N,CICERO AVE,2521,,,,,,,2,NO INDICATION OF INJURY,0,0,0,0,0,2,0,7,5,8,41.9387806596,-87.7467258098,POINT (-87.74672580981 41.938780659589)
4b89c9453a5b0125ad17996560ba68daa9cf5584a86bb932a384e60c64192a49ba9ceb1d40c6c266182b47928420fa3e68df82aa9c50fd4ab1aef3c1e87f527f,,08/21/2025 07:00:00 AM,15,NO CONTROLS,NO CONTROLS,CLEAR,DAYLIGHT,ANGLE,PARKING LOT,,STRAIGHT AND LEVEL,DRY,NO DEFECTS,,INJURY AND / OR TOW DUE TO CRASH,,,,"OVER $1,500",08/21/2025 07:04:00 AM,FAILING TO YIELD RIGHT-OF-WAY,UNABLE TO DETERMINE,6312,N,NAGLE AVE,1611,,,,,,,2,NO INDICATION OF INJURY,0,0,0,0,0,4,0,7,5,8,41.9959852861,-87.7876371171,POINT (-87.787637117071 41.995985286062)
5e88b9d3113ef1825dbf6dd213536ee24a248b4480577b19a4864562062e3ca78c3b66c51ceddac92f7e3bd0063db71c2aedf9da073f9926d1efc183df62c440,,08/21/2025 07:00:00 AM,20,NO CONTROLS,NO CONTROLS,CLEAR,DAYLIGHT,REAR END,NOT DIVIDED,,STRAIGHT AND LEVEL,DRY,NO DEFECTS,ON SCENE,INJURY AND / OR TOW DUE TO CRASH,Y,,,"OVER $1,500",08/21/2025 07:02:00 AM,CELL PHONE USE OTHER THAN TEXTING,CELL PHONE USE OTHER THAN TEXTING,527,E,87TH ST,632,,,,,,,2,NONINCAPACITATING INJURY,1,0,0,1,0,1,0,7,5,8,41.7364470336,-87.610971244,POINT (-87.610971244006 41.736447033644)
c3ed951437b7c193e6292f1981dde1af6e450765a312ac42c367562814eefee365690c6e330cffc88a399e877f3b76402dec3c2aac9af162ea625e8df8b2bf5b,,08/21/2025 07:00:00 AM,30,TRAFFIC SIGNAL,FUNCTIONING PROPERLY,CLEAR,DAYLIGHT,REAR END,DIVIDED - W/MEDIAN (NOT RAISED),,STRAIGHT AND LEVEL,DRY,NO DEFECTS,NOT ON SCENE (DESK REPORT),NO INJURY / DRIVE AWAY,,,,"$501 - $1,500",08/21/2025 07:35:00 AM,UNABLE TO DETERMINE,UNABLE TO DETERMINE,4025,N,WESTERN AVE,1911,,,,,,,2,NO INDICATION OF INJURY,0,0,0,0,0,2,0,7,5,8,41.9547729035,-87.6883409965,POINT (-87.688340996464 41.954772903474)
deaa13b495ca24c6b25676f0cd022e7ed3daf875bf5b84d0462383581be1904c1b3e661793abd71733df914a2c2d4a7e14d2ab2c28f6d518fcb2a770da7f0852,,08/21/2025 07:00:00 AM,30,NO CONTROLS,NO CONTROLS,CLEAR,DAYLIGHT,PARKED MOTOR VEHICLE,DIVIDED - W/MEDIAN BARRIER,,STRAIGHT AND LEVEL,DRY,NO DEFECTS,ON SCENE,INJURY AND / OR TOW DUE TO CRASH,,,,"OVER $1,500",08/21/2025 07:02:00 AM,DISTRACTION - FROM OUTSIDE VEHICLE,UNABLE TO DETERMINE,2631,N,ASHLAND AVE,1932,,Y,,,,,2,NO INDICATION OF INJURY,0,0,0,0,0,1,0,7,5,8,41.9296662631,-87.6681555585,POINT (-87.668155558466 41.929666263097)
eb9a0c2073c939dc056f3493b9d54a14e435a46f00fbf4608f969e671dd3a8c10229894bd1fee42b36d61354589e756a39004427b6cc06a88e572889efa5374f,,08/21/2025 06:58:00 AM,30,STOP SIGN/FLASHER,FUNCTIONING PROPERLY,CLEAR,DAYLIGHT,TURNING,FOUR WAY,,STRAIGHT AND LEVEL,DRY,NO DEFECTS,,NO INJURY / DRIVE AWAY,Y,,,"$501 - $1,500",08/21/2025 09:30:00 AM,UNABLE TO DETERMINE,UNABLE TO DETERMINE,7701,S,SPAULDING AVE,835,,,,,,,2,NO INDICATION OF INJURY,0,0,0,0,0,2,0,6,5,8,41.7532806572,-87.7047781115,POINT (-87.704778111532 41.753280657221)
0b32aa10d6211385820ecfbdc0186d43b67e20d84f62b908fc52e8c4a0124989c4c134ec648e268fb8c46d1b8665dbd2fa43df215086524227724432ed5557d3,,08/21/2025 06:55:00 AM,30,TRAFFIC SIGNAL,FUNCTIONING PROPERLY,CLEAR,DAYLIGHT,PEDALCYCLIST,FOUR WAY,,STRAIGHT AND LEVEL,DRY,NO DEFECTS,ON SCENE,INJURY AND / OR TOW DUE TO CRASH,Y,,,"OVER $1,500",08/21/2025 07:08:00 AM,UNABLE TO DETERMINE,UNABLE TO DETERMINE,100,S,COLUMBUS DR,114,,,,,,,2,NONINCAPACITATING INJURY,1,0,0,1,0,1,0,6,5,8,41.8808056553,-87.6209349918,POINT (-87.620934991819 41.880805655312)
8b4124be4df77852bdfcfac2960a4a1bb351c65b31c53c221b0d2358b9de9e0239f05a9f6cfb9f2992137def4568c7be2b0bf5fbb95369b0fad1ab620213b516,,08/21/2025 06:50:00 AM,30,TRAFFIC SIGNAL,FUNCTIONING PROPERLY,CLEAR,DAYLIGHT,TURNING,FOUR WAY,,STRAIGHT AND LEVEL,DRY,NO DEFECTS,ON SCENE,INJURY AND / OR TOW DUE TO CRASH,Y,,,"OVER $1,500",08/21/2025 06:53:00 AM,FAILING TO YIELD RIGHT-OF-WAY,UNABLE TO DETERMINE,4700,S,STATE ST,224,,,,,,,2,INCAPACITATING INJURY,1,0,1,0,0,1,0,6,5,8,41.8091430179,-87.6262291323,POINT (-87.626229132272 41.809143017867)
d0491ac404513341bf1bc5450c88eb0bc5a1cf628b935f7d54638d487cd13b399b1838b5306970cda41ee361e0f2f4e6fb4e17113c919385e45e9cee398594a0,,08/21/2025 06:50:00 AM,30,TRAFFIC SIGNAL,FUNCTIONING PROPERLY,CLEAR,DAYLIGHT,TURNING,NOT DIVIDED,,STRAIGHT AND LEVEL,DRY,NO DEFECTS,NOT ON SCENE (DESK REPORT),NO INJURY / DRIVE AWAY,,,,"OVER $1,500",08/21/2025 08:00:00 AM,FAILING TO YIELD RIGHT-OF-WAY,UNABLE TO DETERMINE,7410,S,WESTERN AVE,835,,,,,,,2,NO INDICATION OF INJURY,0,0,0,0,0,2,0,6,5,8,41.7588048752,-87.6832332505,POINT (-87.683233250533 41.758804875182)
419018b6975a9534ddc3ef1b8dbd41d9e02993e1f6eabac70add70a0decdc100cc2ed9e8c777287881a212a62b03fb4d8be7f58494d068cbe29e062a4b55fcb1,,08/21/2025 06:47:00 AM,35,NO CONTROLS,NO CONTROLS,CLEAR,DAYLIGHT,SIDESWIPE SAME DIRECTION,NOT DIVIDED,,STRAIGHT AND LEVEL,DRY,NO DEFECTS,ON SCENE,NO INJURY / DRIVE AWAY,,,Y,"OVER $1,500",08/21/2025 06:55:00 AM,UNABLE TO DETERMINE,UNABLE TO DETERMINE,4755,W,MONTROSE AVE,1722,,,,,,,2,NO INDICATION OF INJURY,0,0,0,0,0,2,0,6,5,8,41.9606155473,-87.747334346,POINT (-87.747334346011 41.960615547278)
3a9b54898b3a22d9b6cf1b8b61abafa9e3149a65ca9a7421bc684d23e8ef9ebb2320abf592122fe362c345ac4c89cc3ce1ab4078a086cd15a1b075ffcde22c7a,,08/21/2025 06:45:00 AM,30,NO CONTROLS,NO CONTROLS,CLEAR,DAYLIGHT,SIDESWIPE SAME DIRECTION,DIVIDED - W/MEDIAN BARRIER,,STRAIGHT AND LEVEL,DRY,NO DEFECTS,ON SCENE,NO INJURY / DRIVE AWAY,,,Y,"OVER $1,500",08/21/2025 07:05:00 AM,UNABLE TO DETERMINE,UNABLE TO DETERMINE,5447,S,CICERO AVE,815,,,,,,,2,NO INDICATION OF INJURY,0,0,0,0,0,2,0,6,5,8,41.7934119964,-87.7420355302,POINT (-87.742035530204 41.793411996375)
72b170b34ad3cad7d594739f20ae95d1e0a6d4dbabdd4f58cdcc8cb3c9ed206fb96496664b3d8b88ecc98cb6a6799c40c216c558c851cc129d88b0c1cdeacf43,,08/21/2025 06:45:00 AM,30,TRAFFIC SIGNAL,FUNCTIONING PROPERLY,CLEAR,DAYLIGHT,ANIMAL,DIVIDED - W/MEDIAN (NOT RAISED),,STRAIGHT AND LEVEL,DRY,UNKNOWN,NOT ON SCENE (DESK REPORT),NO INJURY / DRIVE AWAY,,,,"$501 - $1,500",08/21/2025 04:15:00 PM,UNABLE TO DETERMINE,NOT APPLICABLE,3133,W,NORTH AVE,1423,,,,,,,1,NO INDICATION OF INJURY,0,0,0,0,0,1,0,6,5,8,41.9100146868,-87.7058084514,POINT (-87.705808451359 41.910014686758)
210c699ef346010c4f995bc77efbd19ac4c447315d31206c64fb42b67ba8f76d08b568ec25c02622ebf34ab7839303deaa18aa683708a77078fd7a57dbe11b53,,08/21/2025 06:40:00 AM,30,NO CONTROLS,NO CONTROLS,CLEAR,DAYLIGHT,SIDESWIPE SAME DIRECTION,DIVIDED - W/MEDIAN (NOT RAISED),,STRAIGHT AND LEVEL,DRY,NO DEFECTS,ON SCENE,NO INJURY / DRIVE AWAY,,,Y,"$501 - $1,500",08/21/2025 06:43:00 AM,UNABLE TO DETERMINE,UNABLE TO DETERMINE,7125,S,KEDZIE AVE,831,,,,,,,2,NO INDICATION OF INJURY,0,0,0,0,0,3,0,6,5,8,41.76361705,-87.7026437439,POINT (-87.702643743851 41.763617049955)
dd37111c873a9ef1652496b697129427c2eeff2987a7fce089bcc9a8d83a755845e74adcc46044f19a62f981c5fafe2cd919a0a40b9f0e65b55b60aa42046021,,08/21/2025 06:39:00 AM,30,NO CONTROLS,NO CONTROLS,CLEAR,DAYLIGHT,PARKED MOTOR VEHICLE,ONE-WAY,,STRAIGHT AND LEVEL,DRY,NO DEFECTS,ON SCENE,NO INJURY / DRIVE AWAY,,,,"$501 - $1,500",08/21/2025 06:47:00 AM,FOLLOWING TOO CLOSELY,UNABLE TO DETERMINE,4540,N,KENNETH AVE,1722,,,,,,,2,NO INDICATION OF INJURY,0,0,0,0,0,1,0,6,5,8,41.9638582333,-87.7400669125,POINT (-87.740066912535 41.963858233264)
ccf19e173ab19502b6203c4ad96702631c5a917030ae3618855aa9c4205942c9000127f8d740431ac48e2c157caf311feae10ed6d16d460ada16bfefa4fab80a,,08/21/2025 06:38:00 AM,35,NO CONTROLS,NO CONTROLS,CLEAR,DAYLIGHT,SIDESWIPE SAME DIRECTION,NOT DIVIDED,,STRAIGHT AND LEVEL,DRY,NO DEFECTS,ON SCENE,NO INJURY / DRIVE AWAY,,,Y,"OVER $1,500",08/21/2025 06:43:00 AM,FOLLOWING TOO CLOSELY,NOT APPLICABLE,3141,N,WESTERN AVE,1931,,,,,,,2,NO INDICATION OF INJURY,0,0,0,0,0,2,0,6,5,8,41.9388525276,-87.6877556047,POINT (-87.687755604699 41.938852527594)
99fd642dd49d88143a2f899b37f60d5c75537fc6ab1d071634987187fc75fd39f20ca3cd6ab422e84a2fca8a9a96de30208b521ab7495516adbb50700b5061ef,Y,08/21/2025 06:30:00 AM,25,NO CONTROLS,NO CONTROLS,UNKNOWN,UNKNOWN,PARKED MOTOR VEHICLE,ONE-WAY,,STRAIGHT AND LEVEL,UNKNOWN,UNKNOWN,NOT ON SCENE (DESK REPORT),NO INJURY / DRIVE AWAY,,,Y,"OVER $1,500",08/21/2025 07:00:00 AM,NOT APPLICABLE,NOT APPLICABLE,2645,S,SPAULDING AVE,1032,,,,,,,2,NO INDICATION OF INJURY,0,0,0,0,0,1,0,6,5,8,41.8431491785,-87.7072936577,POINT (-87.70729365771 41.843149178514)
3f15c93e793a69b92c3686d8af743ab1876c12e3c94c5447c76114baeb1f59d5c56971cbd0749cc5521968a0bfefed15090ddb122b0c1c866ea976c9438ac871,,08/21/2025 06:05:00 AM,30,NO CONTROLS,NO CONTROLS,CLEAR,DAYLIGHT,PARKED MOTOR VEHICLE,DIVIDED - W/MEDIAN (NOT RAISED),,STRAIGHT AND LEVEL,DRY,UNKNOWN,NOT ON SCENE (DESK REPORT),NO INJURY / DRIVE AWAY,,,Y,$500 OR LESS,08/21/2025 04:25:00 PM,UNABLE TO DETERMINE,UNABLE TO DETERMINE,2607,W,HOLLYWOOD AVE,2011,,,,,,,2,NO INDICATION OF INJURY,0,0,0,0,0,1,0,6,5,8,41.9848536243,-87.6946929265,POINT (-87.694692926517 41.98485362428)
0d7c947c4a3bd722819dc8a38d83a469b6a9b002ea43b8e67bb29fb6f0f14f9857a2b0af9eb0981223c57185f360387203b8837a23872bb5a8b602842e4ed3c8,,08/21/2025 06:02:00 AM,30,TRAFFIC SIGNAL,FUNCTIONING PROPERLY,CLEAR,DUSK,TURNING,NOT DIVIDED,,STRAIGHT AND LEVEL,DRY,NO DEFECTS,,INJURY AND / OR TOW DUE TO CRASH,Y,,,"OVER $1,500",08/21/2025 06:42:00 AM,IMPROPER TURNING/NO SIGNAL,NOT APPLICABLE,1998,E,84TH ST,412,,Y,,,,,2,NONINCAPACITATING INJURY,3,0,0,1,2,0,0,6,5,8,41.7426194699,-87.5761358247,POINT (-87.576135824653 41.742619469937)
c21fb19ec39446bbe2ace3852879473fee04ab7d2bef2ac81039472ae8f64ebaec712e640c814ed616feb3e50bf1a434d85306962eba55bded498ebb3fbc7f8c,,08/21/2025 05:50:00 AM,30,NO CONTROLS,NO CONTROLS,CLEAR,DAYLIGHT,PARKED MOTOR VEHICLE,NOT DIVIDED,,STRAIGHT AND LEVEL,DRY,NO DEFECTS,ON SCENE,NO INJURY / DRIVE AWAY,,,Y,"OVER $1,500",08/21/2025 08:01:00 AM,UNABLE TO DETERMINE,UNABLE TO DETERMINE,7912,S,HOMAN AVE,834,,,,,,,2,NO INDICATION OF INJURY,0,0,0,0,0,1,0,5,5,8,41.7492471175,-87.7074050203,POINT (-87.707405020298 41.74924711751)
efe2dab1188e9b8ef4555699e9dea177f5d4e8d3a06e61e829369d166077c137425760957ca687f34b6c5385daff216ef1853294f363e16ec8ecce16ad046804,,08/21/2025 05:40:00 AM,20,NO CONTROLS,NO CONTROLS,CLEAR,DAYLIGHT,FIXED OBJECT,PARKING LOT,,STRAIGHT AND LEVEL,DRY,UNKNOWN,ON SCENE,NO INJURY / DRIVE AWAY,,,Y,"OVER $1,500",08/21/2025 05:49:00 AM,UNABLE TO DETERMINE,NOT APPLICABLE,4036,W,56TH ST,813,,,,,,,1,NO INDICATION OF INJURY,0,0,0,0,0,1,0,5,5,8,41.7914903979,-87.7245757595,POINT (-87.72457575947 41.791490397887)
f499d40ca4c51ffdc3b500db67f4cda5f40e218e9dbd58e82cc87ef826ab180e79fd93d3950d9586fec74da40a35cf6325b6f448df47f06ff70686f9aa1228ba,,08/21/2025 05:40:00 AM,30,TRAFFIC SIGNAL,UNKNOWN,CLEAR,DAYLIGHT,REAR END,DIVIDED - W/MEDIAN (NOT RAISED),,STRAIGHT AND LEVEL,DRY,UNKNOWN,NOT ON SCENE (DESK REPORT),NO INJURY / DRIVE AWAY,,,Y,"OVER $1,500",08/21/2025 07:20:00 AM,FOLLOWING TOO CLOSELY,FOLLOWING TOO CLOSELY,4300,S,WESTERN AVE,922,,,,,,,2,NO INDICATION OF INJURY,0,0,0,0,0,3,0,5,5,8,41.8156032045,-87.6847727236,POINT (-87.684772723609 41.815603204509)
06328a70fdb9fedb9ae8143f2fa4509a8645d837bcce079bd98df50165d67efcab25a2b60085805eec770326cc0818ef19fd93d5b785eacee7b1aaa30e35dd8c,,08/21/2025 05:30:00 AM,30,TRAFFIC SIGNAL,FUNCTIONING PROPERLY,CLEAR,DAYLIGHT,ANGLE,FOUR WAY,,"CURVE, LEVEL",DRY,NO DEFECTS,ON SCENE,INJURY AND / OR TOW DUE TO CRASH,Y,,Y,"OVER $1,500",08/21/2025 05:35:00 AM,DISREGARDING TRAFFIC SIGNALS,FAILING TO YIELD RIGHT-OF-WAY,3412,S,ARCHER AVE,912,,,,,,,2,NO INDICATION OF INJURY,0,0,0,0,0,2,0,5,5,8,41.8319215216,-87.6753793408,POINT (-87.675379340782 41.831921521573)
bb06703a5f9c14be3bb21b45539da81a0bad42ea22484607100bd7dafb39af4b7e948a5cffe22ce4f4f957c3b59b96fe4180a27bd415319b2c7674d7fa7b7e00,,08/21/2025 05:30:00 AM,30,TRAFFIC SIGNAL,FUNCTIONING PROPERLY,CLEAR,DAWN,TURNING,DIVIDED - W/MEDIAN BARRIER,,STRAIGHT AND LEVEL,DRY,NO DEFECTS,NOT ON SCENE (DESK REPORT),NO INJURY / DRIVE AWAY,,,Y,"OVER $1,500",08/21/2025 07:15:00 AM,NOT APPLICABLE,NOT APPLICABLE,351,W,GARFIELD BLVD,711,,,,,,,2,NO INDICATION OF INJURY,0,0,0,0,0,2,0,5,5,8,41.7940190016,-87.6350204851,POINT (-87.635020485059 41.794019001588)
b252ad49e0cf4de4661952b35b540d44e507f9eeffd2b6443cfd51fba214a00c2eadfe4096c95a5cfa66a7bfc6c8b6fe614d96a38b812e63a5836eb0d62e2fd1,,08/21/2025 05:15:00 AM,30,TRAFFIC SIGNAL,FUNCTIONING PROPERLY,CLEAR,"DARKNESS, LIGHTED ROAD",TURNING,NOT DIVIDED,,STRAIGHT AND LEVEL,DRY,NO DEFECTS,NOT ON SCENE (DESK REPORT),NO INJURY / DRIVE AWAY,,,,"$501 - $1,500",08/21/2025 09:10:00 AM,IMPROPER TURNING/NO SIGNAL,NOT APPLICABLE,9900,S,MICHIGAN AVE,511,,,,,,,2,NO INDICATION OF INJURY,0,0,0,0,0,2,0,5,5,8,41.7146496793,-87.6205480055,POINT (-87.620548005498 41.714649679334)
d4cb64e604714bf22a3da930a785855480d6161b90fe5ac9a1e0a64a658a3cbb21d223dc4b70e70ee1c961b1043ffb30184f7fbbc237e5830ba58793050c2028,Y,08/21/2025 05:00:00 AM,30,NO CONTROLS,NO CONTROLS,CLEAR,"DARKNESS, LIGHTED ROAD",PARKED MOTOR VEHICLE,ONE-WAY,,STRAIGHT AND LEVEL,DRY,NO DEFECTS,NOT ON SCENE (DESK REPORT),NO INJURY / DRIVE AWAY,,,Y,$500 OR LESS,08/21/2025 06:50:00 PM,"OPERATING VEHICLE IN ERRATIC, RECKLESS, CARELESS, NEGLIGENT OR AGGRESSIVE MANNER",NOT APPLICABLE,7621,S,BLACKSTONE AVE,411,,,,,,,2,NO INDICATION OF INJURY,0,0,0,0,0,1,0,5,5,8,41.7562414434,-87.5881570153,POINT (-87.588157015266 41.756241443386)
99747cc0b2f2e7b1c668ce6f3029ac33521f148eb760870ea58218b5f6735fa5a5c10bf7aa4e1898ec19bcd7800aeb55db6886aabe00007c392e4be0acc35ef9,,08/21/2025 04:43:00 AM,30,UNKNOWN,UNKNOWN,CLEAR,"DARKNESS, LIGHTED ROAD",FIXED OBJECT,NOT DIVIDED,,STRAIGHT AND LEVEL,DRY,NO DEFECTS,ON SCENE,INJURY AND / OR TOW DUE TO CRASH,,Y,,"OVER $1,500",08/21/2025 04:45:00 AM,NOT APPLICABLE,NOT APPLICABLE,5401,W,HARRISON ST,1522,,,,,,,1,,,,,,,,,4,5,8,41.8727797182,-87.759609698,POINT (-87.759609697973 41.87277971821)
0452ac4c82aa45b511ce2824845daa8041b21396179c41ec4a4c42f0573fc6eae0347c610aa8a0730363c9e785a54fd3430472a2f0848638566e92717692bcc8,,08/21/2025 04:30:00 AM,25,UNKNOWN,UNKNOWN,CLEAR,UNKNOWN,PEDESTRIAN,UNKNOWN,,STRAIGHT AND LEVEL,UNKNOWN,UNKNOWN,ON SCENE,INJURY AND / OR TOW DUE TO CRASH,,,Y,"OVER $1,500",08/21/2025 04:45:00 AM,UNABLE TO DETERMINE,UNABLE TO DETERMINE,326,W,64TH ST,722,,,,,,,2,INCAPACITATING INJURY,1,0,1,0,0,1,0,4,5,8,41.7782151561,-87.633464426,POINT (-87.633464426037 41.778215156109)
0965103b3343dc5cc8f385879f68810e24a96f201c72b7b046f08ab39993979f559444c4026289d6da42ace3bef885636b1e27c0e75d2409a0a5a57ff6078969,,08/21/2025 03:45:00 AM,30,NO CONTROLS,NO CONTROLS,CLEAR,"DARKNESS, LIGHTED ROAD",PARKED MOTOR VEHICLE,NOT DIVIDED,,STRAIGHT AND LEVEL,DRY,NO DEFECTS,ON SCENE,INJURY AND / OR TOW DUE TO CRASH,,,,"OVER $1,500",08/21/2025 03:47:00 AM,EQUIPMENT - VEHICLE CONDITION,UNABLE TO DETERMINE,10409,S,DR MARTIN LUTHER KING JR DR,512,,,,,,,2,NONINCAPACITATING INJURY,1,0,0,1,0,0,0,3,5,8,41.7051734422,-87.6135653225,POINT (-87.61356532245 41.705173442233)
b5c1bdc94b30c54e8015b950301ad90977141a52596dff69c88e91b91f0739a13f633cc7acf640f89f04845578927209cc1882dec528dddd2f80b7867847d2c3,,08/21/2025 03:45:00 AM,30,NO CONTROLS,NO CONTROLS,CLEAR,DAYLIGHT,SIDESWIPE SAME DIRECTION,DIVIDED - W/MEDIAN (NOT RAISED),,STRAIGHT AND LEVEL,DRY,UNKNOWN,NOT ON SCENE (DESK REPORT),NO INJURY / DRIVE AWAY,,,,"OVER $1,500",08/29/2025 08:20:00 AM,IMPROPER OVERTAKING/PASSING,FAILING TO YIELD RIGHT-OF-WAY,623,W,CHICAGO AVE,1831,,,,,,,2,NO INDICATION OF INJURY,0,0,0,0,0,2,0,3,5,8,41.8963502461,-87.6439043527,POINT (-87.643904352716 41.896350246072)
1d1c0757c803a8b17c74e39d006d090a938ec9818052a2895d456b0119423280aa1c23ab2ea5bb0e39339ea9812c06ea12fb46d05b86fb255c05d03b237275f8,,08/21/2025 02:12:00 AM,30,TRAFFIC SIGNAL,FUNCTIONING PROPERLY,CLEAR,"DARKNESS, LIGHTED ROAD",FIXED OBJECT,DIVIDED - W/MEDIAN BARRIER,,STRAIGHT AND LEVEL,DRY,NO DEFECTS,ON SCENE,INJURY AND / OR TOW DUE TO CRASH,Y,,N,"OVER $1,500",08/21/2025 02:16:00 AM,"OPERATING VEHICLE IN ERRATIC, RECKLESS, CARELESS, NEGLIGENT OR AGGRESSIVE MANNER",FAILING TO REDUCE SPEED TO AVOID CRASH,717,N,MICHIGAN AVE,1834,,,,,,,1,NONINCAPACITATING INJURY,2,0,0,2,0,0,0,2,5,8,41.8955581096,-87.6241200636,POINT (-87.624120063627 41.895558109626)
b17226650d65093a48e4d32388ba0cd351c10e88a7095762044e3a3516d42e9f3bb095bdcf5dd39921bc3fd418ffb134bac25028521ddb4d8cbd57c0f05427f9,,08/21/2025 02:10:00 AM,25,NO CONTROLS,NO CONTROLS,CLEAR,"DARKNESS, LIGHTED ROAD",REAR END,NOT DIVIDED,,STRAIGHT AND LEVEL,DRY,NO DEFECTS,NOT ON SCENE (DESK REPORT),NO INJURY / DRIVE AWAY,,,Y,"OVER $1,500",08/21/2025 03:10:00 AM,FOLLOWING TOO CLOSELY,NOT APPLICABLE,3694,N,MILWAUKEE AVE,1731,,,,,,,2,NO INDICATION OF INJURY,0,0,0,0,0,3,0,2,5,8,41.9478231606,-87.7384071539,POINT (-87.738407153902 41.947823160644)
ded7e5f74d2843771c4e4f7b35163c51ef3373e471a57e18c1d28c469ba72b31b1807790a1da86c064a4d7e861e9edd1159222bdaaef475460c5de0c4c1bb097,,08/21/2025 01:40:00 AM,30,TRAFFIC SIGNAL,FUNCTIONING PROPERLY,CLEAR,"DARKNESS, LIGHTED ROAD",REAR END,DIVIDED - W/MEDIAN BARRIER,,STRAIGHT AND LEVEL,DRY,NO DEFECTS,ON SCENE,NO INJURY / DRIVE AWAY,,,,"$501 - $1,500",08/21/2025 01:42:00 AM,FOLLOWING TOO CLOSELY,DRIVING SKILLS/KNOWLEDGE/EXPERIENCE,3458,S,CALIFORNIA AVE,911,,,,,,,2,NO INDICATION OF INJURY,0,0,0,0,0,4,0,1,5,8,41.8301937988,-87.6949442805,POINT (-87.69494428049 41.830193798784)
b8f371341423deccff50be9a704dc6914490ec8db227cc53dabfb8e0411de91a14a254b3d2db6e181295c93ca843996b55754a9064d73b550f28cd78d755c290,,08/21/2025 01:15:00 AM,30,TRAFFIC SIGNAL,FUNCTIONING PROPERLY,CLEAR,"DARKNESS, LIGHTED ROAD",ANGLE,NOT DIVIDED,,STRAIGHT AND LEVEL,DRY,NO DEFECTS,,INJURY AND / OR TOW DUE TO CRASH,Y,,,"OVER $1,500",08/21/2025 01:23:00 AM,FAILING TO YIELD RIGHT-OF-WAY,FAILING TO YIELD RIGHT-OF-WAY,5900,S,RACINE AVE,713,,,,,,,2,"REPORTED, NOT EVIDENT",1,0,0,0,1,1,0,1,5,8,41.7867934463,-87.6548270777,POINT (-87.654827077712 41.786793446291)
ef155987f462de39f4a35ed43b149046dd4bbc9ce89f07746db630401012900c56926cb86262a4101ce60a7e327628a113ee0f2fd152bd5985f1e49aebada52f,Y,08/21/2025 01:00:00 AM,30,NO CONTROLS,NO CONTROLS,CLEAR,"DARKNESS, LIGHTED ROAD",REAR END,ONE-WAY,,STRAIGHT AND LEVEL,DRY,UNKNOWN,ON SCENE,INJURY AND / OR TOW DUE TO CRASH,,,Y,$500 OR LESS,08/21/2025 02:25:00 AM,UNABLE TO DETERMINE,UNABLE TO DETERMINE,1449,S,AVERS AVE,1011,,,,,,,2,"REPORTED, NOT EVIDENT",2,0,0,0,2,2,0,1,5,8,41.8611154517,-87.7212199639,POINT (-87.721219963857 41.861115451711)