CRASH_RECORD_ID,CRASH_DATE_EST_I,CRASH_DATE,POSTED_SPEED_LIMIT,TRAFFIC_CONTROL_DEVICE,DEVICE_CONDITION,WEATHER_CONDITION,LIGHTING_CONDITION,FIRST_CRASH_TYPE,TRAFFICWAY_TYPE,LANE_CNT,ALIGNMENT,ROADWAY_SURFACE_COND,ROAD_DEFECT,REPORT_TYPE,CRASH_TYPE,INTERSECTION_RELATED_I,NOT_RIGHT_OF_WAY_I,HIT_AND_RUN_I,DAMAGE,DATE_POLICE_NOTIFIED,PRIM_CONTRIBUTORY_CAUSE,SEC_CONTRIBUTORY_CAUSE,STREET_NO,STREET_DIRECTION,STREET_NAME,BEAT_OF_OCCURRENCE,PHOTOS_TAKEN_I,STATEMENTS_TAKEN_I,DOORING_I,WORK_ZONE_I,WORK_ZONE_TYPE,WORKERS_PRESENT_I,NUM_UNITS,MOST_SEVERE_INJURY,INJURIES_TOTAL,INJURIES_FATAL,INJURIES_INCAPACITATING,INJURIES_NON_INCAPACITATING,INJURIES_REPORTED_NOT_EVIDENT,INJURIES_NO_INDICATION,INJURIES_UNKNOWN,CRASH_HOUR,CRASH_DAY_OF_WEEK,CRASH_MONTH,LATITUDE,LONGITUDE,LOCATION
41906cc7b32cca5aadcde13f7830745aaeb24dde3eed9f3f3b982946d2ec3b4a8211f6a64ecb5f458da683412c765ebbd1630a2b023d4892b342068a4383e6f8,,08/21/2025 12:30:00 AM,25,TRAFFIC SIGNAL,UNKNOWN,CLEAR,"DARKNESS, LIGHTED ROAD",ANGLE,FOUR WAY,,STRAIGHT AND LEVEL,DRY,UNKNOWN,ON SCENE,NO INJURY / DRIVE AWAY,,,Y,"OVER $1,500",08/21/2025 12:43:00 AM,DISREGARDING TRAFFIC SIGNALS,NOT APPLICABLE,5500,S,WELLS ST,711,,,,,,,2,NO INDICATION OF INJURY,0,0,0,0,0,2,0,0,5,8,41.7941994854,-87.6319254825,POINT (-87.631925482492 41.794199485414)
57a57072874bbc7342fa7ddae03fe5052c3179cbb32b399fac95ea1c7390bbdd64c5f96f530a8fb461bf21ca98ea75efce65fa91e92100549cd63897b37e9247,,08/21/2025 12:11:00 AM,30,NO CONTROLS,UNKNOWN,CLEAR,"DARKNESS, LIGHTED ROAD",OTHER OBJECT,ONE-WAY,,STRAIGHT AND LEVEL,DRY,NO DEFECTS,ON SCENE,NO INJURY / DRIVE AWAY,,,,"OVER $1,500",08/21/2025 12:13:00 AM,NOT APPLICABLE,NOT APPLICABLE,2401,N,BURLING ST,1935,,,,,,,2,NO INDICATION OF INJURY,0,0,0,0,0,8,0,0,5,8,41.9255695995,-87.6473959385,POINT (-87.647395938462 41.925569599511)
fdb8cb315c696dfa684c987015990db486ee0d0c408acc6236a01bca1ef60238b0b4b0d871db42ee2dc944f0d6fba28d525edfe45f7206e67d7f11eafea8cf17,,08/21/2025 12:05:00 AM,25,UNKNOWN,UNKNOWN,CLEAR,"DARKNESS, LIGHTED ROAD",PARKED MOTOR VEHICLE,ONE-WAY,,STRAIGHT AND LEVEL,DRY,NO DEFECTS,NOT ON SCENE (DESK REPORT),NO INJURY / DRIVE AWAY,,,Y,"OVER $1,500",08/21/2025 08:20:00 AM,UNABLE TO DETERMINE,UNABLE TO DETERMINE,2602,W,WELLINGTON AVE,1411,,,,,,,2,NO INDICATION OF INJURY,0,0,0,0,0,1,0,0,5,8,41.9358907159,-87.6930572321,POINT (-87.693057232141 41.935890715865)
ed74ece0bf8e47101194fef4947bc3b31012859a9a84908d35788ef864c2cf630073257744f28c71cf9ae0e7dbf51115bb6923cfb509f0d09cfba8bee5b60bf6,,08/20/2025 11:40:00 PM,30,TRAFFIC SIGNAL,UNKNOWN,CLEAR,"DARKNESS, LIGHTED ROAD",FIXED OBJECT,FOUR WAY,,STRAIGHT AND LEVEL,DRY,NO DEFECTS,ON SCENE,NO INJURY / DRIVE AWAY,,,,$500 OR LESS,08/20/2025 11:50:00 PM,UNABLE TO DETERMINE,UNABLE TO DETERMINE,6171,N,SHERIDAN RD,2433,,,,,,,1,NO INDICATION OF INJURY,0,0,0,0,0,2,0,23,4,8,41.9943293576,-87.6553701769,POINT (-87.655370176867 41.994329357624)
3aad46a59620b70689e59131a5e3ae9411be6a25d99f1cfcb2c17c06c59b9500d7164d9056d49acaa4ea3f730885ec7317214487ebbdc30fecc14802e6f5c16e,,08/20/2025 11:14:00 PM,30,NO CONTROLS,NO CONTROLS,CLEAR,DARKNESS,PARKED MOTOR VEHICLE,ONE-WAY,,STRAIGHT AND LEVEL,DRY,NO DEFECTS,ON SCENE,NO INJURY / DRIVE AWAY,,,Y,"OVER $1,500",08/20/2025 11:33:00 PM,UNABLE TO DETERMINE,UNABLE TO DETERMINE,1902,W,WASHINGTON BLVD,1223,,,,,,,2,NO INDICATION OF INJURY,0,0,0,0,0,2,0,23,4,8,41.8832904245,-87.6744396867,POINT (-87.674439686749 41.883290424496)
f8c6a1b245d7fafc8a94776267833432fec0fcb5bea94268e348fee72b7e004bab2831443b0d5d2c3ee85ada098b6e6b95a7215d0291512a842aaecad1e7cd30,Y,08/20/2025 11:09:00 PM,30,STOP SIGN/FLASHER,FUNCTIONING PROPERLY,CLEAR,DARKNESS,REAR END,ONE-WAY,,STRAIGHT AND LEVEL,DRY,UNKNOWN,ON SCENE,INJURY AND / OR TOW DUE TO CRASH,Y,,Y,"OVER $1,500",08/20/2025 11:09:00 PM,UNABLE TO DETERMINE,UNABLE TO DETERMINE,4153,W,HARRISON ST,1132,,,,,,,2,"REPORTED, NOT EVIDENT",2,0,0,0,2,2,0,23,4,8,41.8732800635,-87.7300162796,POINT (-87.730016279647 41.873280063521)
756abfbf1a1ad4e9bd9daaa7fcc9babac2e7a2a5ec474aed58b296edd480fa60bd36c51c11034ffa5513a59427f5e029fc541ff58e5329fade8672ab90b3d953,,08/20/2025 11:05:00 PM,30,TRAFFIC SIGNAL,FUNCTIONING PROPERLY,CLEAR,"DARKNESS, LIGHTED ROAD",REAR END,CENTER TURN LANE,,STRAIGHT AND LEVEL,DRY,NO DEFECTS,ON SCENE,INJURY AND / OR TOW DUE TO CRASH,,,Y,"OVER $1,500",08/20/2025 11:05:00 PM,FAILING TO REDUCE SPEED TO AVOID CRASH,NOT APPLICABLE,2800,S,ASHLAND AVE,912,,,,,,,2,"REPORTED, NOT EVIDENT",1,0,0,0,1,1,0,23,4,8,41.8408371818,-87.6659703317,POINT (-87.665970331742 41.840837181762)
8284b4d9da9c76c9c0c8228345fa807ffdd914ab4812fad946d1f89142c70e13f2712113cd86765d02155966f879373d77b4a9b8b225bfa8d70d6298528fb483,,08/20/2025 10:55:00 PM,30,TRAFFIC SIGNAL,FUNCTIONING PROPERLY,CLEAR,"DARKNESS, LIGHTED ROAD",REAR END,NOT DIVIDED,,STRAIGHT AND LEVEL,DRY,WORN SURFACE,ON SCENE,NO INJURY / DRIVE AWAY,Y,,Y,$500 OR LESS,08/20/2025 11:21:00 PM,FOLLOWING TOO CLOSELY,FAILING TO REDUCE SPEED TO AVOID CRASH,5500,S,RACINE AVE,713,,,,,,,2,NO INDICATION OF INJURY,0,0,0,0,0,3,0,22,4,8,41.7937276923,-87.6550099829,POINT (-87.655009982896 41.793727692254)
3f2021d588dfec240304c576302b17e7cd5d6fb7cd02a3731cca13c4859d4feef7db207b858a755efd8d76d746cf81e6cfde5a7390b53edc410056e78e398d2f,,08/20/2025 10:53:00 PM,30,NO CONTROLS,NO CONTROLS,CLEAR,"DARKNESS, LIGHTED ROAD",REAR END,NOT DIVIDED,,STRAIGHT AND LEVEL,DRY,NO DEFECTS,ON SCENE,INJURY AND / OR TOW DUE TO CRASH,,,,"OVER $1,500",08/20/2025 11:11:00 PM,FAILING TO REDUCE SPEED TO AVOID CRASH,DISTRACTION - FROM INSIDE VEHICLE,5744,W,ADDISON ST,1633,,,,,,,2,NONINCAPACITATING INJURY,1,0,0,1,0,1,0,22,4,8,41.9459412531,-87.7709798651,POINT (-87.77097986508 41.945941253051)
e6e50f34f7ff4296618a054caa0be47ef3f3accfebc112026f36ecf361f02a8e444398e24b3bdc756bc0dbec6ba5cedde9bc7615480f4c65aece73bb4ddc44aa,,08/20/2025 10:50:00 PM,25,TRAFFIC SIGNAL,FUNCTIONING PROPERLY,CLEAR,"DARKNESS, LIGHTED ROAD",ANGLE,FOUR WAY,,STRAIGHT AND LEVEL,DRY,NO DEFECTS,NOT ON SCENE (DESK REPORT),NO INJURY / DRIVE AWAY,Y,,Y,"OVER $1,500",08/21/2025 02:15:00 PM,DISREGARDING TRAFFIC SIGNALS,NOT APPLICABLE,1800,S,STATE ST,131,,,,,,,2,NO INDICATION OF INJURY,0,0,0,0,0,3,0,22,4,8,41.8577448535,-87.6273413783,POINT (-87.627341378293 41.857744853451)
283d3196f9ec420d4a3e2341fe8ba3ee72292ac7cccb0ff84c1d351984910f786bdd79347f7a0b6e7bfd34ec4af39da95ec81cc2a9f4e531980f98bc6f15e46f,,08/20/2025 10:48:00 PM,30,NO CONTROLS,NO CONTROLS,CLEAR,"DARKNESS, LIGHTED ROAD",PARKED MOTOR VEHICLE,NOT DIVIDED,,STRAIGHT AND LEVEL,DRY,NO DEFECTS,ON SCENE,INJURY AND / OR TOW DUE TO CRASH,,,,"OVER $1,500",08/20/2025 11:45:00 PM,UNABLE TO DETERMINE,NOT APPLICABLE,5434,N,LOVEJOY AVE,1622,,,,,,,3,NO INDICATION OF INJURY,0,0,0,0,0,1,0,22,4,8,41.9801552805,-87.7705349568,POINT (-87.770534956845 41.980155280509)
57526c31deb21751f8bcf4438865b705c3ccb8a42bb39c20496a2c73a0be00f6a235074b835ae4ed142ef99791440d929f48f277e8c2ecd8bc9949530dcb1209,,08/20/2025 10:47:00 PM,30,NO CONTROLS,NO CONTROLS,CLEAR,"DARKNESS, LIGHTED ROAD",ANGLE,UNKNOWN INTERSECTION TYPE,,STRAIGHT AND LEVEL,DRY,UNKNOWN,ON SCENE,NO INJURY / DRIVE AWAY,Y,,Y,"$501 - $1,500",08/20/2025 10:47:00 PM,DISREGARDING STOP SIGN,NOT APPLICABLE,6300,S,KEDVALE AVE,813,,,,,,,2,NO INDICATION OF INJURY,0,0,0,0,0,4,0,22,4,8,41.7785902529,-87.7265720037,POINT (-87.726572003653 41.778590252868)
ed1022557ed301e2f822a5ed8dc5778f284923bba8aad81c63b79bc551da0eebe87ca6b6b1f0e5386b391add1249cae40c05e3743b36fb63a8eede3595cd4733,,08/20/2025 10:44:00 PM,30,NO CONTROLS,NO CONTROLS,CLEAR,"DARKNESS, LIGHTED ROAD",PARKED MOTOR VEHICLE,NOT DIVIDED,,STRAIGHT AND LEVEL,DRY,NO DEFECTS,ON SCENE,NO INJURY / DRIVE AWAY,,,,"OVER $1,500",08/20/2025 10:47:00 PM,UNABLE TO DETERMINE,NOT APPLICABLE,4115,W,MARQUETTE RD,833,,,,,,,2,NO INDICATION OF INJURY,0,0,0,0,0,1,0,22,4,8,41.7712261616,-87.7257118654,POINT (-87.725711865387 41.771226161588)
d52c7bd5ee354a3055df3424ae4d5e6d7669a513ad047c2acd5959a8fe28b5695a4dfc16cb1dcfbb95fb759eb924dc32e41c032121429cd47f071ce0c06eb832,,08/20/2025 10:40:00 PM,30,STOP SIGN/FLASHER,NO CONTROLS,CLEAR,"DARKNESS, LIGHTED ROAD",ANGLE,NOT DIVIDED,,STRAIGHT AND LEVEL,DRY,NO DEFECTS,NOT ON SCENE (DESK REPORT),NO INJURY / DRIVE AWAY,,,,"OVER $1,500",08/20/2025 11:15:00 PM,FAILING TO YIELD RIGHT-OF-WAY,UNABLE TO DETERMINE,13300,S,BALTIMORE AVE,433,,,,,,,2,NO INDICATION OF INJURY,0,0,0,0,0,3,0,22,4,8,41.6535874846,-87.5472961936,POINT (-87.547296193637 41.653587484564)
a59049d20fcc28e9f06a53b97d6da777a24bf9eaaaabea6bec5299a944cc5fb3349e23c4d93bea2a3d9ca48d1e500e85f67d0f26e326dfba8a2c9f0ab853fb77,,08/20/2025 10:35:00 PM,35,NO CONTROLS,UNKNOWN,CLEAR,DARKNESS,TURNING,ALLEY,,STRAIGHT AND LEVEL,DRY,UNKNOWN,ON SCENE,NO INJURY / DRIVE AWAY,,,,$500 OR LESS,08/20/2025 10:41:00 PM,UNABLE TO DETERMINE,UNABLE TO DETERMINE,2704,W,ARTHUR AVE,2412,,,,,,,2,NO INDICATION OF INJURY,0,0,0,0,0,2,0,22,4,8,41.9995333653,-87.6974886052,POINT (-87.697488605242 41.999533365339)
5f0ea6114be01d4513cf10766f45bd1e086c0c7bd25fda0ac379292c2dff9e055d211aa7b03152c3dd8dfa513087833c07a4dbcf8592e3dd1885938d1b8173ec,,08/20/2025 10:30:00 PM,30,NO CONTROLS,NO CONTROLS,CLEAR,"DARKNESS, LIGHTED ROAD",TURNING,NOT DIVIDED,,STRAIGHT AND LEVEL,DRY,UNKNOWN,NOT ON SCENE (DESK REPORT),NO INJURY / DRIVE AWAY,,,Y,$500 OR LESS,08/20/2025 10:45:00 PM,UNABLE TO DETERMINE,NOT APPLICABLE,2907,S,ARCHER AVE,913,,,,,,,2,NO INDICATION OF INJURY,0,0,0,0,0,2,0,22,4,8,41.8415576944,-87.6578697935,POINT (-87.657869793474 41.841557694432)
57539dc93e499304309b315e704939a4f7759278713786a127fccb1848fea8a29a0d239b28e9c5b2c2a4fe2c0a22e266ff61031217d8a6a07155f75135125785,,08/20/2025 10:20:00 PM,30,NO CONTROLS,NO CONTROLS,CLEAR,DAYLIGHT,TURNING,NOT DIVIDED,,STRAIGHT AND LEVEL,DRY,NO DEFECTS,NOT ON SCENE (DESK REPORT),NO INJURY / DRIVE AWAY,,,,"OVER $1,500",08/21/2025 10:04:00 AM,UNABLE TO DETERMINE,NOT APPLICABLE,1500,S,DAMEN AVE,1233,,,,,,,2,NO INDICATION OF INJURY,0,0,0,0,0,2,0,22,4,8,41.8612284044,-87.6762550882,POINT (-87.676255088214 41.861228404437)
eb29786a48a5a3f63d924c26fd5d0e62a010975e14b3a1c23842ada6746b79893f42b7504158ef1ec46c1130693a1cbfd47c32002e963c84d93a6afeb24a03d8,,08/20/2025 10:10:00 PM,30,NO CONTROLS,NO CONTROLS,CLEAR,"DARKNESS, LIGHTED ROAD",TURNING,NOT DIVIDED,,STRAIGHT AND LEVEL,DRY,NO DEFECTS,ON SCENE,INJURY AND / OR TOW DUE TO CRASH,,,Y,"OVER $1,500",08/20/2025 11:22:00 PM,IMPROPER BACKING,DRIVING SKILLS/KNOWLEDGE/EXPERIENCE,9041,S,ASHLAND AVE,2221,,,,,,,2,NO INDICATION OF INJURY,0,0,0,0,0,2,0,22,4,8,41.7290822889,-87.6627210724,POINT (-87.662721072382 41.729082288923)
e9c8918867f0b8d34fb9ddbb390e6783fe5712fcba98b63ff655e7df4eab5b4c6d4f1f8260e7eed889232eaf42b7cfabac92b0f62543c662e56ed812a50f981f,,08/20/2025 10:09:00 PM,30,NO CONTROLS,NO CONTROLS,CLEAR,"DARKNESS, LIGHTED ROAD",PARKED MOTOR VEHICLE,FOUR WAY,,STRAIGHT AND LEVEL,DRY,NO DEFECTS,ON SCENE,INJURY AND / OR TOW DUE TO CRASH,Y,,,"OVER $1,500",08/20/2025 10:09:00 PM,DRIVING SKILLS/KNOWLEDGE/EXPERIENCE,UNABLE TO DETERMINE,2600,W,HOLLYWOOD AVE,2011,,,,,,,2,NO INDICATION OF INJURY,0,0,0,0,0,1,0,22,4,8,41.9850741327,-87.6944210126,POINT (-87.694421012581 41.985074132705)
325a92d45392aed67691ed617f8b211218f044524b8a06059672b16715bc3c419caf89353f887d6a3f841d4ca085d3818795ca9a040a7b6dbb9167934a4442ca,,08/20/2025 09:50:00 PM,30,NO CONTROLS,NO CONTROLS,CLEAR,"DARKNESS, LIGHTED ROAD",FIXED OBJECT,DIVIDED - W/MEDIAN (NOT RAISED),,STRAIGHT AND LEVEL,DRY,NO DEFECTS,NOT ON SCENE (DESK REPORT),INJURY AND / OR TOW DUE TO CRASH,,,,"OVER $1,500",08/20/2025 10:05:00 PM,FAILING TO REDUCE SPEED TO AVOID CRASH,IMPROPER LANE USAGE,8820,W,BELMONT AVE,1631,,,,,,,1,NONINCAPACITATING INJURY,3,0,0,1,2,0,0,21,4,8,41.9375236156,-87.8432190148,POINT (-87.843219014845 41.9375236156)
5c909752fa40458025f10875dc679e786b41b8a2d6330f198f6f6d2147a263718e67491542076dfe1c602a9708e48f4ca08ee35f51123873ef648d9a4cc7c5c8,,08/20/2025 09:45:00 PM,30,TRAFFIC SIGNAL,FUNCTIONING PROPERLY,CLEAR,"DARKNESS, LIGHTED ROAD",SIDESWIPE SAME DIRECTION,NOT DIVIDED,,STRAIGHT AND LEVEL,DRY,UNKNOWN,NOT ON SCENE (DESK REPORT),NO INJURY / DRIVE AWAY,,,Y,$500 OR LESS,08/20/2025 11:05:00 PM,FAILING TO YIELD RIGHT-OF-WAY,NOT APPLICABLE,7100,S,ASHLAND AVE,735,,,,,,,2,NO INDICATION OF INJURY,0,0,0,0,0,2,0,21,4,8,41.7648593824,-87.6639401763,POINT (-87.663940176305 41.764859382425)
e3831b7b615ac99cdd57788a530dadbbb01fe2411bb5fceaf71f3847da91fd75fc6603698813f0865268de4b3066ca6af0a06f5aedd10d38dc08a7835a9e2680,,08/20/2025 09:35:00 PM,30,NO CONTROLS,NO CONTROLS,CLEAR,DARKNESS,PARKED MOTOR VEHICLE,PARKING LOT,,STRAIGHT AND LEVEL,DRY,NO DEFECTS,ON SCENE,NO INJURY / DRIVE AWAY,,,,"OVER $1,500",08/20/2025 10:18:00 PM,IMPROPER BACKING,NOT APPLICABLE,5215,N,WINCHESTER AVE,2012,,,,,,,2,NO INDICATION OF INJURY,0,0,0,0,0,2,0,21,4,8,41.9765433988,-87.6777453926,POINT (-87.677745392582 41.976543398844)
0d0ff3ab2930552527ffa674c465d6f2bd66101c62267fcf84dbeb61208c1356ec43addb5fee96e61b80d82f9df23b15766082a11bbec7dddbf0b6250d83b9e2,,08/20/2025 09:21:00 PM,25,TRAFFIC SIGNAL,FUNCTIONING PROPERLY,CLEAR,DARKNESS,TURNING,"FIVE POINT, OR MORE",,STRAIGHT AND LEVEL,DRY,NO DEFECTS,ON SCENE,INJURY AND / OR TOW DUE TO CRASH,,,,"OVER $1,500",08/20/2025 09:55:00 PM,UNABLE TO DETERMINE,UNABLE TO DETERMINE,2600,W,31ST ST,1034,,,,,,,3,NO INDICATION OF INJURY,0,0,0,0,0,6,0,21,4,8,41.8380657641,-87.6897202162,POINT (-87.689720216218 41.838065764119)
8b9e26745d3ff21e538f6ad99b4f6e944c701cf36e50932c86807bc48dbeb1a81ff9ce5eda4abd3370d969556b681df13e74da7a76b76e6e2e9e2bcae41abeae,,08/20/2025 09:20:00 PM,30,NO CONTROLS,NO CONTROLS,CLEAR,"DARKNESS, LIGHTED ROAD",SIDESWIPE SAME DIRECTION,DIVIDED - W/MEDIAN BARRIER,,STRAIGHT AND LEVEL,DRY,NO DEFECTS,NOT ON SCENE (DESK REPORT),NO INJURY / DRIVE AWAY,,,,"OVER $1,500",08/20/2025 09:45:00 PM,IMPROPER LANE USAGE,UNABLE TO DETERMINE,2540,W,79TH ST,835,,,,,,,2,NO INDICATION OF INJURY,0,0,0,0,0,2,0,21,4,8,41.7502181984,-87.6870653024,POINT (-87.687065302434 41.750218198382)
ea2b22978092b6e52404cb87a4fc767d74256fc6fc0f9b7e6d56f71906c7c3f874c557d3ee21e26fe429b3a405e4dba2e1831c0424a9ee29c2530b49f9453269,,08/20/2025 09:15:00 PM,30,TRAFFIC SIGNAL,FUNCTIONING PROPERLY,CLEAR,"DARKNESS, LIGHTED ROAD",TURNING,NOT DIVIDED,,STRAIGHT AND LEVEL,DRY,UNKNOWN,NOT ON SCENE (DESK REPORT),NO INJURY / DRIVE AWAY,,,,"$501 - $1,500",08/20/2025 09:45:00 PM,UNABLE TO DETERMINE,UNABLE TO DETERMINE,6400,N,CENTRAL AVE,1621,,,,,,,2,NO INDICATION OF INJURY,0,0,0,0,0,2,0,21,4,8,41.9973887205,-87.7639215193,POINT (-87.76392151928 41.997388720503)
08669ea263b63240b7ed076d181daf9262321d12336940d7baf4b0dc9746874abc550ced01f21a5214991edc896e2a282675fc214e62d066ad0491d0bd943a9f,,08/20/2025 09:00:00 PM,30,NO CONTROLS,NO CONTROLS,CLEAR,"DARKNESS, LIGHTED ROAD",SIDESWIPE SAME DIRECTION,NOT DIVIDED,,STRAIGHT ON GRADE,DRY,NO DEFECTS,,NO INJURY / DRIVE AWAY,,,,"$501 - $1,500",08/23/2025 10:25:00 AM,UNABLE TO DETERMINE,NOT APPLICABLE,1058,W,ADDISON ST,1923,,,,,,,2,NO INDICATION OF INJURY,0,0,0,0,0,2,0,21,4,8,41.9473210676,-87.6563525163,POINT (-87.656352516316 41.947321067646)
2822c0aca06a808bd6c033491125e5fd7f7a892fc6b70cd1c4626387cd35a4e363ee55f0be554688a53684bea16a5fda8c209097ae35387197de80946c055be1,,08/20/2025 09:00:00 PM,25,UNKNOWN,UNKNOWN,UNKNOWN,UNKNOWN,PARKED MOTOR VEHICLE,NOT DIVIDED,,STRAIGHT AND LEVEL,UNKNOWN,UNKNOWN,NOT ON SCENE (DESK REPORT),NO INJURY / DRIVE AWAY,,,Y,"$501 - $1,500",08/21/2025 10:59:00 AM,UNABLE TO DETERMINE,UNABLE TO DETERMINE,6520,N,FRANCISCO AVE,2412,,,,,,,2,NO INDICATION OF INJURY,0,0,0,0,0,1,0,21,4,8,41.9999974638,-87.7022998279,POINT (-87.702299827913 41.999997463831)
cb35d71bfba498d283c8d3a419df62ed07643168ad80e48797a9f7689f7dc07036423c505cf601a2d60e7d26e922ad107f3a2fd571197a57d63e03c1f17e2cf4,,08/20/2025 08:56:00 PM,30,NO CONTROLS,NO CONTROLS,CLEAR,"DARKNESS, LIGHTED ROAD",PARKED MOTOR VEHICLE,ONE-WAY,,STRAIGHT AND LEVEL,DRY,UNKNOWN,ON SCENE,NO INJURY / DRIVE AWAY,,,Y,"OVER $1,500",08/20/2025 08:58:00 PM,UNABLE TO DETERMINE,NOT APPLICABLE,4510,S,GREENWOOD AVE,222,,,,,,,3,NO INDICATION OF INJURY,0,0,0,0,0,1,0,20,4,8,41.8128796077,-87.599479788,POINT (-87.599479787959 41.812879607713)
dda4778a2d521d6ff7a81be25e28626e0a0f86624c6a8b9e723448fc9306ede7035e56b1b52680901a835b8ce17738c8ecacbe4991f05d534b7d85fc24d0e193,,08/20/2025 08:43:00 PM,20,UNKNOWN,UNKNOWN,UNKNOWN,DUSK,PARKED MOTOR VEHICLE,ONE-WAY,,STRAIGHT AND LEVEL,UNKNOWN,NO DEFECTS,NOT ON SCENE (DESK REPORT),NO INJURY / DRIVE AWAY,,,Y,"OVER $1,500",08/29/2025 12:00:00 PM,UNABLE TO DETERMINE,UNABLE TO DETERMINE,2452,N,DRAKE AVE,1413,,,,,,,2,NO INDICATION OF INJURY,0,0,0,0,0,2,0,20,4,8,41.9261690298,-87.7159579364,POINT (-87.715957936427 41.926169029823)
9e2c0d90d7e1b8ba487673db828d48d0edacf5d845401086388e0bbf1cc43fdb47c151f4bc4f4503108bb5d1735447121d0b9912186bbcc08539b035df498d23,,08/20/2025 08:41:00 PM,30,TRAFFIC SIGNAL,FUNCTIONING PROPERLY,CLEAR,"DARKNESS, LIGHTED ROAD",TURNING,DIVIDED - W/MEDIAN (NOT RAISED),,STRAIGHT AND LEVEL,DRY,NO DEFECTS,ON SCENE,INJURY AND / OR TOW DUE TO CRASH,Y,,,"OVER $1,500",08/20/2025 09:49:00 PM,FAILING TO YIELD RIGHT-OF-WAY,FAILING TO YIELD RIGHT-OF-WAY,1353,W,NORTH AVE,1433,,,,,,,2,NO INDICATION OF INJURY,0,0,0,0,0,5,0,20,4,8,41.9105910972,-87.6625365191,POINT (-87.662536519118 41.910591097218)
13bf4f9fdcf49f49ec473d214a87b2ca94078d95dc4cfabb74942da319a78caab48b966d059396557878d16db5843c3aab297a3c54bcda2871b13d32e6736edf,,08/20/2025 08:37:00 PM,30,TRAFFIC SIGNAL,FUNCTIONING PROPERLY,CLEAR,"DARKNESS, LIGHTED ROAD",TURNING,ONE-WAY,,STRAIGHT AND LEVEL,DRY,NO DEFECTS,NOT ON SCENE (DESK REPORT),NO INJURY / DRIVE AWAY,,,,"$501 - $1,500",08/22/2025 08:20:00 PM,IMPROPER OVERTAKING/PASSING,IMPROPER TURNING/NO SIGNAL,501,N,CLARK ST,1831,,,,,,,2,NO INDICATION OF INJURY,0,0,0,0,0,2,0,20,4,8,41.8908653375,-87.6309595541,POINT (-87.630959554086 41.890865337518)
bc3d537ab55ebfed3361192df1fb15d93c7528648743f6ad01a403cfb43f2ee00274adc79f073f1ee1b830723815a469aa1dc1930a039280c7d025e952d97761,,08/20/2025 08:30:00 PM,30,NO CONTROLS,NO CONTROLS,CLEAR,"DARKNESS, LIGHTED ROAD",PARKED MOTOR VEHICLE,PARKING LOT,,STRAIGHT AND LEVEL,DRY,UNKNOWN,NOT ON SCENE (DESK REPORT),NO INJURY / DRIVE AWAY,,,,"$501 - $1,500",08/20/2025 09:00:00 PM,UNABLE TO DETERMINE,UNABLE TO DETERMINE,4801,N,LINCOLN AVE,2031,,,,,,,2,NO INDICATION OF INJURY,0,0,0,0,0,1,0,20,4,8,41.9686920332,-87.6884593231,POINT (-87.688459323072 41.968692033226)
6688f2a145432cac41dfd272ede1339f4638a641b92f6cba8197a29c56d7eb6bd28442da5e28344e02259ab75437025bc465d7f0a45271d315e2e93135533eaf,,08/20/2025 08:27:00 PM,25,TRAFFIC SIGNAL,UNKNOWN,CLEAR,"DARKNESS, LIGHTED ROAD",FIXED OBJECT,NOT DIVIDED,,STRAIGHT AND LEVEL,DRY,UNKNOWN,ON SCENE,INJURY AND / OR TOW DUE TO CRASH,,,,"OVER $1,500",08/20/2025 08:27:00 PM,NOT APPLICABLE,NOT APPLICABLE,1400,W,NORTH AVE,1433,,,,,,,1,NO INDICATION OF INJURY,0,0,0,0,0,1,0,20,4,8,41.9108068192,-87.6631049341,POINT (-87.66310493406 41.910806819199)
02ee0c73222b4f9cd7d7c80a64f60276bb62417b0f0c6dfedea6e226dc2a8b30126e234b9f137cdcfa31218f477f06f6449d350d3f460dfe74af11ee95885b82,,08/20/2025 08:21:00 PM,10,UNKNOWN,UNKNOWN,CLEAR,DARKNESS,SIDESWIPE OPPOSITE DIRECTION,PARKING LOT,,STRAIGHT AND LEVEL,DRY,NO DEFECTS,ON SCENE,NO INJURY / DRIVE AWAY,,,Y,"$501 - $1,500",08/20/2025 08:21:00 PM,UNABLE TO DETERMINE,UNABLE TO DETERMINE,4500,N,SIMONDS DR,1914,,,,,,,2,NO INDICATION OF INJURY,0,0,0,0,0,3,0,20,4,8,41.9656492042,-87.6409086919,POINT (-87.640908691934 41.96564920418)
281eb24e5ebe8e90c0012ba26aedea5d751917c2ed20ff032bb14d8db8cca1aac5b2d7137f859c59a929dbc8e0b971316e0e4fbce75d7b2753fe5b7832f6ce5a,,08/20/2025 08:20:00 PM,30,TRAFFIC SIGNAL,FUNCTIONING PROPERLY,CLEAR,"DARKNESS, LIGHTED ROAD",PEDALCYCLIST,NOT DIVIDED,,STRAIGHT AND LEVEL,DRY,NO DEFECTS,ON SCENE,INJURY AND / OR TOW DUE TO CRASH,,,Y,"OVER $1,500",08/20/2025 08:29:00 PM,"OPERATING VEHICLE IN ERRATIC, RECKLESS, CARELESS, NEGLIGENT OR AGGRESSIVE MANNER",NOT APPLICABLE,3001,E,100TH ST,431,,,Y,,,,2,"REPORTED, NOT EVIDENT",1,0,0,0,1,1,0,20,4,8,41.7132775297,-87.5508997882,POINT (-87.550899788172 41.713277529728)