CRASH_RECORD_ID,CRASH_DATE_EST_I,CRASH_DATE,POSTED_SPEED_LIMIT,TRAFFIC_CONTROL_DEVICE,DEVICE_CONDITION,WEATHER_CONDITION,LIGHTING_CONDITION,FIRST_CRASH_TYPE,TRAFFICWAY_TYPE,LANE_CNT,ALIGNMENT,ROADWAY_SURFACE_COND,ROAD_DEFECT,REPORT_TYPE,CRASH_TYPE,INTERSECTION_RELATED_I,NOT_RIGHT_OF_WAY_I,HIT_AND_RUN_I,DAMAGE,DATE_POLICE_NOTIFIED,PRIM_CONTRIBUTORY_CAUSE,SEC_CONTRIBUTORY_CAUSE,STREET_NO,STREET_DIRECTION,STREET_NAME,BEAT_OF_OCCURRENCE,PHOTOS_TAKEN_I,STATEMENTS_TAKEN_I,DOORING_I,WORK_ZONE_I,WORK_ZONE_TYPE,WORKERS_PRESENT_I,NUM_UNITS,MOST_SEVERE_INJURY,INJURIES_TOTAL,INJURIES_FATAL,INJURIES_INCAPACITATING,INJURIES_NON_INCAPACITATING,INJURIES_REPORTED_NOT_EVIDENT,INJURIES_NO_INDICATION,INJURIES_UNKNOWN,CRASH_HOUR,CRASH_DAY_OF_WEEK,CRASH_MONTH,LATITUDE,LONGITUDE,LOCATION
e5b3d34f0d27e7b3a5a19c4949e8520632a2b50a3b6a1da811396ecf55354ea817c9ba6b0e087851034421c469cd43c7124b67a19888e37e80b6c502482c7286,,08/20/2025 08:12:00 PM,30,UNKNOWN,UNKNOWN,UNKNOWN,UNKNOWN,SIDESWIPE SAME DIRECTION,DIVIDED - W/MEDIAN (NOT RAISED),,STRAIGHT AND LEVEL,UNKNOWN,UNKNOWN,NOT ON SCENE (DESK REPORT),NO INJURY / DRIVE AWAY,,,,"$501 - $1,500",08/21/2025 01:10:00 PM,UNABLE TO DETERMINE,NOT APPLICABLE,6400,N,SHERIDAN RD,2432,,,,,,,2,NO INDICATION OF INJURY,0,0,0,0,0,2,0,20,4,8,41.9982179205,-87.6606952556,POINT (-87.660695255572 41.998217920532)
b9e84f040329ab21d30d0657cdcd3cecd0510036ddfcee5efe6410342253021f243d3996dc9d6637fda05b3345258e442fc6373e424826fdd3ee20df82ed94b4,,08/20/2025 08:00:00 PM,10,NO CONTROLS,NO CONTROLS,UNKNOWN,UNKNOWN,PARKED MOTOR VEHICLE,PARKING LOT,,STRAIGHT AND LEVEL,UNKNOWN,UNKNOWN,NOT ON SCENE (DESK REPORT),NO INJURY / DRIVE AWAY,,,Y,"$501 - $1,500",08/21/2025 03:50:00 PM,UNABLE TO DETERMINE,NOT APPLICABLE,3128,W,103RD ST,2211,,,,,,,2,NO INDICATION OF INJURY,0,0,0,0,0,1,0,20,4,8,41.7063128446,-87.6997671192,POINT (-87.699767119209 41.706312844615)
346b2feb9db6dc4ff86ff72982296c7888aacd43b99f2332b45fc7e9e70438bce3639ddfc5d7ae3444dd7b950381afa0793af08b5e61add2d5dc2f9259f40381,,08/20/2025 07:54:00 PM,30,NO CONTROLS,NO CONTROLS,CLEAR,"DARKNESS, LIGHTED ROAD",REAR END,NOT DIVIDED,,STRAIGHT AND LEVEL,DRY,NO DEFECTS,ON SCENE,INJURY AND / OR TOW DUE TO CRASH,,,Y,"OVER $1,500",08/20/2025 08:03:00 PM,UNABLE TO DETERMINE,NOT APPLICABLE,3215,W,38TH PL,911,,Y,,,,,2,NONINCAPACITATING INJURY,1,0,0,1,0,1,0,19,4,8,41.8233755798,-87.7050763809,POINT (-87.705076380902 41.823375579822)
f40f853dc2ff8e8c57d334c791bfb813d88d400094c2447cd472fe70ad10dec326099a723795f436b36f2eb4f1b77723af11a5603fbf2210d38fcb4ba908f2f8,,08/20/2025 07:50:00 PM,30,TRAFFIC SIGNAL,FUNCTIONING PROPERLY,CLEAR,DAWN,PARKED MOTOR VEHICLE,NOT DIVIDED,,STRAIGHT AND LEVEL,DRY,UNKNOWN,ON SCENE,NO INJURY / DRIVE AWAY,,,,"$501 - $1,500",08/20/2025 08:00:00 PM,IMPROPER LANE USAGE,NOT APPLICABLE,10605,S,EWING AVE,432,,,,,,,2,NO INDICATION OF INJURY,0,0,0,0,0,2,0,19,4,8,41.7025309593,-87.5351366299,POINT (-87.535136629939 41.702530959346)
7e929ffbe53aeb459024e5f6c77d89ce781cfcd22cd8c6d1efd5a4d9b1cab67f8f45a2944688402b1223ab11e7ac4a2e79367733bf7a9e3246755535a400da55,,08/20/2025 07:48:00 PM,30,NO CONTROLS,NO CONTROLS,CLEAR,DAYLIGHT,PARKED MOTOR VEHICLE,ONE-WAY,,STRAIGHT AND LEVEL,DRY,UNKNOWN,NOT ON SCENE (DESK REPORT),NO INJURY / DRIVE AWAY,,,Y,"OVER $1,500",08/21/2025 03:44:00 PM,NOT APPLICABLE,UNABLE TO DETERMINE,5964,W,POTOMAC AVE,2531,Y,,,,,,2,NO INDICATION OF INJURY,0,0,0,0,0,1,0,19,4,8,41.903921926,-87.7753645886,POINT (-87.775364588619 41.903921925995)
a8b739e7e18881cae22291d8a1282f390454c6ffc07bb82778d2defc9d47b0aefa91403e32246f8cd775da9af3aba8c33a8d8ff17559899c18ae942a86c18d6a,,08/20/2025 07:45:00 PM,15,NO CONTROLS,NO CONTROLS,CLEAR,"DARKNESS, LIGHTED ROAD",SIDESWIPE SAME DIRECTION,ONE-WAY,,STRAIGHT AND LEVEL,DRY,NO DEFECTS,NOT ON SCENE (DESK REPORT),NO INJURY / DRIVE AWAY,,,Y,"OVER $1,500",08/20/2025 09:11:00 PM,IMPROPER BACKING,NOT APPLICABLE,6656,S,ALBANY AVE,831,,,,,,,2,NO INDICATION OF INJURY,0,0,0,0,0,2,0,19,4,8,41.7718570387,-87.7006623214,POINT (-87.700662321359 41.771857038739)
3fc81269079db645e6bd5eb2f07ca3e91abffd639bba504be9ea1fc9ad7e34d7ee6b7d697144e4009a3cf6d26b6bef7f0d4273a777ae09ee3112f0d95478c1a1,,08/20/2025 07:40:00 PM,20,STOP SIGN/FLASHER,FUNCTIONING PROPERLY,CLEAR,DAYLIGHT,ANGLE,UNKNOWN INTERSECTION TYPE,,STRAIGHT AND LEVEL,DRY,NO DEFECTS,NOT ON SCENE (DESK REPORT),NO INJURY / DRIVE AWAY,,,Y,"OVER $1,500",08/21/2025 12:00:00 PM,UNABLE TO DETERMINE,UNABLE TO DETERMINE,2732,N,LECLAIRE AVE,2521,,,,,,,2,NO INDICATION OF INJURY,0,0,0,0,0,2,0,19,4,8,41.9306285997,-87.7540775081,POINT (-87.754077508143 41.930628599744)
ff617a558e3df098b3da83f92ad18027785cf51f8d10d64ec55cdcd48d241bfb5f8cfc3754ddfa0a3ef7bed0eeb28a49fab617be4438ea6cf5ae1c909080e3f4,,08/20/2025 07:40:00 PM,30,NO CONTROLS,NO CONTROLS,CLEAR,DAYLIGHT,PEDALCYCLIST,NOT DIVIDED,,STRAIGHT AND LEVEL,DRY,NO DEFECTS,NOT ON SCENE (DESK REPORT),INJURY AND / OR TOW DUE TO CRASH,,,,"OVER $1,500",08/21/2025 04:00:00 PM,UNABLE TO DETERMINE,UNABLE TO DETERMINE,1540,N,MILWAUKEE AVE,1424,,,Y,,,,2,NONINCAPACITATING INJURY,1,0,0,1,0,1,0,19,4,8,41.9094200307,-87.6761950826,POINT (-87.676195082568 41.909420030729)
fdf368bc740dec56d6c6585ca790101c3f9d5d60bc37866acd225e2eb6a583da5f160c1a6d209bbb8a260ce8ddb48eb76b5302fb739713bff4750700eb52f5b9,Y,08/20/2025 07:20:00 PM,25,NO CONTROLS,NO CONTROLS,CLEAR,DAYLIGHT,PARKED MOTOR VEHICLE,DIVIDED - W/MEDIAN BARRIER,,STRAIGHT AND LEVEL,DRY,NO DEFECTS,ON SCENE,NO INJURY / DRIVE AWAY,,,Y,"OVER $1,500",08/20/2025 07:24:00 PM,IMPROPER LANE USAGE,IMPROPER LANE USAGE,5537,S,ASHLAND AVE,713,,,,,,,2,NO INDICATION OF INJURY,0,0,0,0,0,1,0,19,4,8,41.7925200818,-87.6643996344,POINT (-87.664399634356 41.792520081811)
659835f8797d5c89594f22df15234c477a82fe1586fe5089f4806574f88868e4dbce18fa9efd5bbd1834d2f2872da6fd2adb8212464a7b492c21b44bb7353db2,,08/20/2025 07:19:00 PM,30,TRAFFIC SIGNAL,FUNCTIONING PROPERLY,CLEAR,DAYLIGHT,REAR END,NOT DIVIDED,,STRAIGHT AND LEVEL,DRY,NO DEFECTS,ON SCENE,INJURY AND / OR TOW DUE TO CRASH,Y,,,"OVER $1,500",08/20/2025 07:19:00 PM,"DISTRACTION - OTHER ELECTRONIC DEVICE (NAVIGATION DEVICE, DVD PLAYER, ETC.)",DISTRACTION - FROM INSIDE VEHICLE,1999,W,ADDISON ST,1922,,,,,,,2,"REPORTED, NOT EVIDENT",1,0,0,0,1,1,0,19,4,8,41.9467563694,-87.6784284107,POINT (-87.678428410736 41.94675636943)
663c25bd25473e817da2c7fb8082e4ceb694bf92bb3bfbd17a0a919f6a7c4c240375d110f27c566fed7c07a69ac0483a0399c90898c49eaf25567e2344c8dbbf,,08/20/2025 07:00:00 PM,30,NO CONTROLS,NO CONTROLS,CLEAR,DAYLIGHT,PARKED MOTOR VEHICLE,NOT DIVIDED,,STRAIGHT AND LEVEL,DRY,NO DEFECTS,ON SCENE,NO INJURY / DRIVE AWAY,,,,"$501 - $1,500",08/20/2025 07:51:00 PM,UNABLE TO DETERMINE,UNABLE TO DETERMINE,455,W,MADISON ST,121,,,,,,,2,NO INDICATION OF INJURY,0,0,0,0,0,3,0,19,4,8,41.8817738925,-87.6396392196,POINT (-87.639639219635 41.881773892528)
b7799c28f65950bd34a7c68faa5bb54c55ffe51221766a115bd977417aa1521d3286f5c4298c0054caf1ba6269242fd27aca986b5d78e684e17c88dae425eb68,,08/20/2025 07:00:00 PM,20,NO CONTROLS,NO CONTROLS,CLEAR,DUSK,PARKED MOTOR VEHICLE,ONE-WAY,,STRAIGHT AND LEVEL,DRY,NO DEFECTS,ON SCENE,INJURY AND / OR TOW DUE TO CRASH,,,Y,"OVER $1,500",08/20/2025 08:56:00 PM,UNABLE TO DETERMINE,UNABLE TO DETERMINE,4938,W,THOMAS ST,1531,,,,,,,2,NO INDICATION OF INJURY,0,0,0,0,0,1,0,19,4,8,41.9005851427,-87.749949594,POINT (-87.749949594042 41.900585142657)
be6c0a48b0d7eb04e156de997e9bab8f5a8756ef8056db49a9849ee8749ca60e6fa565ca51a17bd523f668e4e790d4ecd0b97cd493707d87b95bb0bdf3decee7,,08/20/2025 07:00:00 PM,30,TRAFFIC SIGNAL,FUNCTIONING PROPERLY,CLEAR,DUSK,REAR END,FOUR WAY,,STRAIGHT ON GRADE,DRY,NO DEFECTS,NOT ON SCENE (DESK REPORT),NO INJURY / DRIVE AWAY,Y,,Y,"OVER $1,500",08/20/2025 07:10:00 PM,FAILING TO REDUCE SPEED TO AVOID CRASH,DRIVING SKILLS/KNOWLEDGE/EXPERIENCE,2109,W,111TH ST,2212,,,,,,,2,NO INDICATION OF INJURY,0,0,0,0,0,2,0,19,4,8,41.691775319,-87.6744274314,POINT (-87.674427431445 41.691775318974)
771f044506e35c339fa3f06f900b101942fcef8b0ef9ea6d3d6d436b9e5195118a1e7bdf5c94518e019f8808a89902ac5ca5918b844b435dfac5fd2be046dd08,,08/20/2025 06:50:00 PM,30,PEDESTRIAN CROSSING SIGN,FUNCTIONING PROPERLY,CLEAR,DAYLIGHT,PEDESTRIAN,NOT DIVIDED,,STRAIGHT AND LEVEL,DRY,NO DEFECTS,ON SCENE,INJURY AND / OR TOW DUE TO CRASH,Y,,,$500 OR LESS,08/20/2025 06:57:00 PM,FAILING TO YIELD RIGHT-OF-WAY,NOT APPLICABLE,4916,N,ELSTON AVE,1712,,,,,,,2,"REPORTED, NOT EVIDENT",1,0,0,0,1,1,0,18,4,8,41.9698322494,-87.7431931322,POINT (-87.743193132208 41.969832249394)
3462103eac75989b94dd7167f7adeec3cb43cf05c2317b9aafefedb5c3832a8c1e43ebe10229f06625058d5aa4e5bab1bdef0fdacb0c3873c592d54bcd70458b,Y,08/20/2025 06:31:00 PM,30,NO CONTROLS,NO CONTROLS,CLEAR,DAYLIGHT,PARKED MOTOR VEHICLE,DIVIDED - W/MEDIAN (NOT RAISED),,STRAIGHT AND LEVEL,DRY,WORN SURFACE,ON SCENE,NO INJURY / DRIVE AWAY,,,,"$501 - $1,500",08/20/2025 07:00:00 PM,NOT APPLICABLE,UNABLE TO DETERMINE,812,W,ADAMS ST,1232,,,,,,,2,,,,,,,,,18,4,8,41.8793177337,-87.6478694221,POINT (-87.647869422123 41.879317733745)
b9443082a2f1290e6153e7eb77fa2f2ac317bed13af80ba4534f609cb51a77bff9964a5254e65b3df6306d4dcb03af8b98636c0fea048bd6eaee55f58d3144bd,,08/20/2025 06:27:00 PM,30,OTHER,OTHER,CLEAR,DAYLIGHT,TURNING,PARKING LOT,,STRAIGHT AND LEVEL,DRY,NO DEFECTS,,NO INJURY / DRIVE AWAY,,,Y,"$501 - $1,500",08/20/2025 06:28:00 PM,FAILING TO REDUCE SPEED TO AVOID CRASH,NOT APPLICABLE,6900,S,LAFAYETTE AVE,731,,,,,,,2,NO INDICATION OF INJURY,0,0,0,0,0,3,0,18,4,8,41.7691553353,-87.6268126763,POINT (-87.626812676272 41.769155335336)
7da9a0bbbb8aafecab6db01023786970736540a440361d4593181cda6292314dd41d29141baa5a9aedb1e4d35544fd6380605d0be10ec452b533a1f6c3a1251b,Y,08/20/2025 06:26:00 PM,25,TRAFFIC SIGNAL,FUNCTIONING PROPERLY,CLOUDY/OVERCAST,DAYLIGHT,PEDESTRIAN,FOUR WAY,,STRAIGHT AND LEVEL,DRY,NO DEFECTS,ON SCENE,INJURY AND / OR TOW DUE TO CRASH,Y,,,"$501 - $1,500",08/20/2025 06:28:00 PM,FAILING TO REDUCE SPEED TO AVOID CRASH,NOT APPLICABLE,2559,S,CANAL ST,914,,,,,,,2,INCAPACITATING INJURY,1,0,1,0,0,1,0,18,4,8,41.8454656349,-87.6381900701,POINT (-87.638190070148 41.845465634876)
1c21e10103642434dbf1bd3cc95223fe07fdc2f038e40c3d04be4203afa615ef54ea7d4942c85fbf061fb86615974b5172fc70f7515739945afd7bf17d2c7b57,,08/20/2025 06:22:00 PM,30,NO CONTROLS,NO CONTROLS,CLEAR,DAYLIGHT,FIXED OBJECT,PARKING LOT,,STRAIGHT AND LEVEL,DRY,UNKNOWN,ON SCENE,INJURY AND / OR TOW DUE TO CRASH,,N,,"OVER $1,500",08/20/2025 06:22:00 PM,FAILING TO REDUCE SPEED TO AVOID CRASH,NOT APPLICABLE,5858,S,PULASKI RD,813,,,,,,,1,NO INDICATION OF INJURY,0,0,0,0,0,1,0,18,4,8,41.785979319,-87.7231095783,POINT (-87.723109578319 41.785979319023)
9a013ddba14036d2a5fead9ecad39981391b2feffba974212e5cb77ee7176c389a60cfc49c0471ff66dba53d74838eeef2c6df41e744e5b50ad5ab03bea45df9,,08/20/2025 06:20:00 PM,30,STOP SIGN/FLASHER,FUNCTIONING PROPERLY,CLEAR,DAYLIGHT,ANGLE,NOT DIVIDED,,STRAIGHT AND LEVEL,DRY,NO DEFECTS,ON SCENE,INJURY AND / OR TOW DUE TO CRASH,Y,,,"OVER $1,500",08/20/2025 06:23:00 PM,FAILING TO YIELD RIGHT-OF-WAY,NOT APPLICABLE,2898,N,NARRAGANSETT AVE,2511,,,,,,,4,NONINCAPACITATING INJURY,2,0,0,2,0,2,0,18,4,8,41.9327374847,-87.7858941351,POINT (-87.785894135084 41.932737484659)
faf6f490a4c9ade5cfa65cc9418f11fb8917080bf13a1a9d3d3c70539f93dd2d596404a5c21f15896e1ea21a188620a51cba0286a2325082be35222f9fb4c057,,08/20/2025 06:19:00 PM,30,NO CONTROLS,NO CONTROLS,CLEAR,DAYLIGHT,SIDESWIPE SAME DIRECTION,DIVIDED - W/MEDIAN (NOT RAISED),,STRAIGHT AND LEVEL,DRY,NO DEFECTS,NOT ON SCENE (DESK REPORT),NO INJURY / DRIVE AWAY,,,,"OVER $1,500",08/20/2025 09:10:00 PM,UNABLE TO DETERMINE,NOT APPLICABLE,208,S,PULASKI RD,1115,,,,,,,2,NO INDICATION OF INJURY,0,0,0,0,0,2,0,18,4,8,41.877664517,-87.7257134803,POINT (-87.725713480277 41.877664517007)
762c28437b2404339d2e947259d7a681dce82536345ddf66abe261e797e149ad096e6a08458525aabd1fdbaea63615d4afa5a8ac1c1ee9c00458660fc1a8a510,,08/20/2025 06:05:00 PM,10,NO CONTROLS,NO CONTROLS,CLEAR,DAYLIGHT,ANGLE,PARKING LOT,,STRAIGHT AND LEVEL,UNKNOWN,UNKNOWN,NOT ON SCENE (DESK REPORT),NO INJURY / DRIVE AWAY,,Y,,"OVER $1,500",08/27/2025 09:15:00 AM,UNABLE TO DETERMINE,UNABLE TO DETERMINE,4200,N,CENTRAL AVE,1624,,,,,,,2,NO INDICATION OF INJURY,0,0,0,0,0,2,0,18,4,8,41.9568742865,-87.7672718601,POINT (-87.767271860138 41.956874286464)
4b20e0e2c763871c5bada9222a08a23ebcfda7d431d014eaa57fdbbe7a11d59f43bdc0aae2a6d743a92ba5b16f22b7da239ecdc5d75f465b82071c545fe7a1fa,,08/20/2025 06:04:00 PM,30,STOP SIGN/FLASHER,NO CONTROLS,UNKNOWN,UNKNOWN,PEDESTRIAN,T-INTERSECTION,,STRAIGHT AND LEVEL,UNKNOWN,UNKNOWN,NOT ON SCENE (DESK REPORT),INJURY AND / OR TOW DUE TO CRASH,Y,,Y,$500 OR LESS,08/20/2025 08:27:00 PM,FAILING TO YIELD RIGHT-OF-WAY,FAILING TO YIELD RIGHT-OF-WAY,1132,W,MADISON ST,1224,,,,,,,2,"REPORTED, NOT EVIDENT",1,0,0,0,1,1,0,18,4,8,41.8817552062,-87.6555883612,POINT (-87.655588361177 41.881755206161)
b4d127c12fcfe8404fc848a89f8dcdb6fe00d5577a1ccf47a58d73ee0bbbda8ba6b487fa269ae1f1f587d107ef05c45ac1205030d85d37989c960bc93487106e,Y,08/20/2025 06:00:00 PM,20,NO CONTROLS,NO CONTROLS,CLEAR,DARKNESS,PARKED MOTOR VEHICLE,NOT DIVIDED,,STRAIGHT AND LEVEL,DRY,NO DEFECTS,NOT ON SCENE (DESK REPORT),NO INJURY / DRIVE AWAY,,,Y,"OVER $1,500",08/21/2025 09:35:00 AM,UNABLE TO DETERMINE,UNABLE TO DETERMINE,7172,W,DICKENS AVE,2512,,,,,,,2,NO INDICATION OF INJURY,0,0,0,0,0,1,0,18,4,8,41.9181407496,-87.8052245953,POINT (-87.805224595282 41.91814074959)
1fa46e623c5586fd6c3cbdefdb21ae7dd6c8c6bdfe6e10b9bc3e501d31d5f9487a902c3b623a89e3f617c155a293cdad42b8da68c527f42cd054a2f7107bf898,,08/20/2025 05:57:00 PM,30,TRAFFIC SIGNAL,OTHER,CLOUDY/OVERCAST,DUSK,SIDESWIPE SAME DIRECTION,NOT DIVIDED,,STRAIGHT AND LEVEL,WET,NO DEFECTS,ON SCENE,NO INJURY / DRIVE AWAY,,,Y,"OVER $1,500",08/20/2025 06:00:00 PM,IMPROPER OVERTAKING/PASSING,IMPROPER OVERTAKING/PASSING,444,N,ORLEANS ST,1831,,,,,,,2,NO INDICATION OF INJURY,0,0,0,0,0,2,0,17,4,8,41.8904860552,-87.6371487391,POINT (-87.637148739099 41.890486055212)
03a385235a4d2da0cb9f5b9dc3291f4d899cd46cd9c827359109329a353e1ceed46acf36b4cb205c6d5ec05a2e92fa81a25cf887eef354e2c53562cf9f2ac28f,,08/20/2025 05:50:00 PM,30,STOP SIGN/FLASHER,FUNCTIONING PROPERLY,CLEAR,DAYLIGHT,TURNING,FOUR WAY,,STRAIGHT AND LEVEL,DRY,NO DEFECTS,ON SCENE,NO INJURY / DRIVE AWAY,,,Y,"OVER $1,500",08/20/2025 06:30:00 PM,FAILING TO YIELD RIGHT-OF-WAY,NOT APPLICABLE,4424,W,BELMONT AVE,1731,,,,,,,2,NO INDICATION OF INJURY,0,0,0,0,0,2,0,17,4,8,41.9390572866,-87.7381215137,POINT (-87.738121513668 41.939057286618)
5fa2fcc861c536facc5e264dc131dbf02bc56a4ea0b1a5828798c96b62204ced8bb93740511c7fbd4dc2a4e1f10662e7935ecb10c78173fdcfda2bb55cd1b908,,08/20/2025 05:50:00 PM,30,STOP SIGN/FLASHER,FUNCTIONING PROPERLY,CLEAR,DAYLIGHT,ANGLE,T-INTERSECTION,,STRAIGHT AND LEVEL,DRY,NO DEFECTS,NOT ON SCENE (DESK REPORT),NO INJURY / DRIVE AWAY,Y,,,"OVER $1,500",08/20/2025 07:15:00 PM,FAILING TO YIELD RIGHT-OF-WAY,UNABLE TO DETERMINE,331,S,KOSTNER AVE,1131,,,,,,,2,NO INDICATION OF INJURY,0,0,0,0,0,4,0,17,4,8,41.8761048048,-87.7351714846,POINT (-87.735171484576 41.876104804823)
9bb75273f0990f256d90dded5d65e9bbae77a9c4ca14f7fd87bdbedee281c3885e58470fa19fb15bbb50a51ef77fc88d7a58b5f5637a586f7e8a7ad5911de22b,,08/20/2025 05:48:00 PM,30,NO CONTROLS,NO CONTROLS,CLEAR,DAWN,ANGLE,NOT DIVIDED,,STRAIGHT AND LEVEL,DRY,NO DEFECTS,ON SCENE,INJURY AND / OR TOW DUE TO CRASH,,,,"OVER $1,500",08/20/2025 05:55:00 PM,DRIVING SKILLS/KNOWLEDGE/EXPERIENCE,DRIVING SKILLS/KNOWLEDGE/EXPERIENCE,170,N,WABASH AVE,111,,,,,,,2,NO INDICATION OF INJURY,0,0,0,0,0,2,0,17,4,8,41.8851549711,-87.6264120916,POINT (-87.626412091616 41.88515497109)
22b4ae1bef88d9e221ebe24ed248c41b23c34d818e50cfbfa1a9fe64fa3a274fd5b3559a6ccb238d9135bff1fe6944f3c48273abe947d79cada357032b38b8f7,,08/20/2025 05:45:00 PM,25,NO CONTROLS,NO CONTROLS,CLEAR,DAYLIGHT,HEAD ON,ROUNDABOUT,,STRAIGHT AND LEVEL,DRY,NO DEFECTS,NOT ON SCENE (DESK REPORT),INJURY AND / OR TOW DUE TO CRASH,Y,,Y,"OVER $1,500",08/20/2025 05:55:00 PM,"OPERATING VEHICLE IN ERRATIC, RECKLESS, CARELESS, NEGLIGENT OR AGGRESSIVE MANNER",FAILING TO REDUCE SPEED TO AVOID CRASH,6700,W,DAKIN ST,1632,,,,,,,2,NONINCAPACITATING INJURY,1,0,0,1,0,3,0,17,4,8,41.9516898496,-87.7939249563,POINT (-87.793924956336 41.951689849628)
6359a8b56668140c67ac25beb854d539a819d0da5f1e7f5456bcaaaf29819444da2285b4e2ea2540f86368e834860ee47647fa343f416ff86d0223c495521fc2,,08/20/2025 05:44:00 PM,30,NO CONTROLS,NO CONTROLS,CLEAR,DAYLIGHT,PEDALCYCLIST,NOT DIVIDED,,STRAIGHT AND LEVEL,DRY,NO DEFECTS,ON SCENE,INJURY AND / OR TOW DUE TO CRASH,,,Y,$500 OR LESS,08/20/2025 05:44:00 PM,UNABLE TO DETERMINE,UNABLE TO DETERMINE,7600,S,DR MARTIN LUTHER KING JR DR,623,,,,,,,2,NONINCAPACITATING INJURY,1,0,0,1,0,1,0,17,4,8,41.7564901494,-87.6152267936,POINT (-87.61522679361 41.756490149368)
f913af26a97d14dda8d7f26f16caed94dc819d88cc7112b61f29301b6282a432134819755bfeee225dc258012d4cf5a067ed203c089a9abb285e5f62726602a9,,08/20/2025 05:42:00 PM,30,UNKNOWN,UNKNOWN,UNKNOWN,UNKNOWN,SIDESWIPE SAME DIRECTION,FOUR WAY,,STRAIGHT AND LEVEL,UNKNOWN,UNKNOWN,NOT ON SCENE (DESK REPORT),NO INJURY / DRIVE AWAY,Y,,,"OVER $1,500",08/20/2025 08:14:00 PM,IMPROPER OVERTAKING/PASSING,DRIVING SKILLS/KNOWLEDGE/EXPERIENCE,3199,N,SHERIDAN RD,1934,,,,,,,2,NO INDICATION OF INJURY,0,0,0,0,0,2,0,17,4,8,41.9400706208,-87.6394058613,POINT (-87.639405861329 41.94007062083)
f4c1c41821552a1217342d833ba8086a6d2c614f2c2e2eaa537ebd1d6057b6bd2303512fbe49733c8a1882b59604619541bdd0ab686c6a1adb0fe15c13c99326,,08/20/2025 05:38:00 PM,30,TRAFFIC SIGNAL,FUNCTIONING PROPERLY,CLEAR,DAYLIGHT,REAR END,DIVIDED - W/MEDIAN BARRIER,,STRAIGHT AND LEVEL,DRY,NO DEFECTS,NOT ON SCENE (DESK REPORT),NO INJURY / DRIVE AWAY,,,Y,"$501 - $1,500",08/20/2025 06:45:00 PM,FOLLOWING TOO CLOSELY,UNABLE TO DETERMINE,6004,N,CICERO AVE,1621,,,,,,,2,NO INDICATION OF INJURY,0,0,0,0,0,2,0,17,4,8,41.9900780448,-87.7484729316,POINT (-87.748472931631 41.99007804478)
6d8741e5b7844281800cbc03d57ed18d8d2e17191158e49cd5493cd725b4e74b2e4b151886ea98ee44646f45454c2f27a541a56a92c0bbf3bf31d9cb4602f9e2,,08/20/2025 05:30:00 PM,25,NO CONTROLS,NO CONTROLS,CLEAR,DAYLIGHT,PARKED MOTOR VEHICLE,ONE-WAY,,STRAIGHT AND LEVEL,DRY,NO DEFECTS,NOT ON SCENE (DESK REPORT),NO INJURY / DRIVE AWAY,,,,"OVER $1,500",08/20/2025 07:20:00 PM,UNABLE TO DETERMINE,UNABLE TO DETERMINE,5151,S,MAYFIELD AVE,811,,,,,,,2,NO INDICATION OF INJURY,0,0,0,0,0,1,0,17,4,8,41.798419625,-87.7696487335,POINT (-87.769648733456 41.79841962503)
9ceb2d5cad89401b23c55cbce3a7db3ebf0abda461d5f723e82885b10c7bb1112ba8e408558d47224749d8b8796715103631a34d3e091ac7b720814ed274ce20,,08/20/2025 05:30:00 PM,30,NO CONTROLS,NO CONTROLS,CLEAR,DAYLIGHT,TURNING,NOT DIVIDED,,STRAIGHT AND LEVEL,DRY,NO DEFECTS,NOT ON SCENE (DESK REPORT),NO INJURY / DRIVE AWAY,,,,"OVER $1,500",08/21/2025 02:45:00 PM,IMPROPER TURNING/NO SIGNAL,NOT APPLICABLE,102,W,51ST ST,224,,,,,,,2,NO INDICATION OF INJURY,0,0,0,0,0,2,0,17,4,8,41.8020192152,-87.6281343852,POINT (-87.628134385157 41.802019215231)
c3fa2437492f4f958c8d50e86b9964eb6bff47be26b52329aa3ed0c8c8bad2981487433b7518cab9534b7ef153fb31de228ac377da24232c9ae390e947ea5b1d,,08/20/2025 05:30:00 PM,30,STOP SIGN/FLASHER,FUNCTIONING PROPERLY,UNKNOWN,UNKNOWN,REAR TO FRONT,ONE-WAY,,STRAIGHT AND LEVEL,UNKNOWN,UNKNOWN,NOT ON SCENE (DESK REPORT),NO INJURY / DRIVE AWAY,,,,"$501 - $1,500",08/20/2025 07:00:00 PM,IMPROPER BACKING,NOT APPLICABLE,5564,W,WABANSIA AVE,2532,,,,,,,2,NO INDICATION OF INJURY,0,0,0,0,0,2,0,17,4,8,41.9113143878,-87.7655104312,POINT (-87.765510431226 41.911314387821)
6152f749fc2951de066e3c125caaced22f5f6b90e74a8043c9a95a4c777f75dfa6fcbe0d6349b5d34ee1574d81d1caefdacd8085f6dc80b0fe393903b91aef91,,08/20/2025 05:20:00 PM,30,UNKNOWN,UNKNOWN,CLEAR,DAYLIGHT,TURNING,T-INTERSECTION,,STRAIGHT AND LEVEL,UNKNOWN,UNKNOWN,ON SCENE,INJURY AND / OR TOW DUE TO CRASH,Y,,,"OVER $1,500",08/20/2025 05:25:00 PM,FAILING TO YIELD RIGHT-OF-WAY,FAILING TO YIELD RIGHT-OF-WAY,2128,S,CALIFORNIA AVE,1023,,,,,,,2,NONINCAPACITATING INJURY,1,0,0,1,0,3,0,17,4,8,41.8528554921,-87.6956249793,POINT (-87.695624979291 41.852855492069)