CRASH_RECORD_ID,CRASH_DATE_EST_I,CRASH_DATE,POSTED_SPEED_LIMIT,TRAFFIC_CONTROL_DEVICE,DEVICE_CONDITION,WEATHER_CONDITION,LIGHTING_CONDITION,FIRST_CRASH_TYPE,TRAFFICWAY_TYPE,LANE_CNT,ALIGNMENT,ROADWAY_SURFACE_COND,ROAD_DEFECT,REPORT_TYPE,CRASH_TYPE,INTERSECTION_RELATED_I,NOT_RIGHT_OF_WAY_I,HIT_AND_RUN_I,DAMAGE,DATE_POLICE_NOTIFIED,PRIM_CONTRIBUTORY_CAUSE,SEC_CONTRIBUTORY_CAUSE,STREET_NO,STREET_DIRECTION,STREET_NAME,BEAT_OF_OCCURRENCE,PHOTOS_TAKEN_I,STATEMENTS_TAKEN_I,DOORING_I,WORK_ZONE_I,WORK_ZONE_TYPE,WORKERS_PRESENT_I,NUM_UNITS,MOST_SEVERE_INJURY,INJURIES_TOTAL,INJURIES_FATAL,INJURIES_INCAPACITATING,INJURIES_NON_INCAPACITATING,INJURIES_REPORTED_NOT_EVIDENT,INJURIES_NO_INDICATION,INJURIES_UNKNOWN,CRASH_HOUR,CRASH_DAY_OF_WEEK,CRASH_MONTH,LATITUDE,LONGITUDE,LOCATION
c4a7e428f536f499f3272c087b7044d855eb5646ad6dca334138f57ace3299cc8571dbb90e07c4ebd157a0d253f318e3be4e7442670160bc7fccd2deb65d3490,,08/20/2025 05:15:00 PM,30,TRAFFIC SIGNAL,FUNCTIONING PROPERLY,CLEAR,DAYLIGHT,SIDESWIPE SAME DIRECTION,NOT DIVIDED,,STRAIGHT AND LEVEL,DRY,NO DEFECTS,NOT ON SCENE (DESK REPORT),NO INJURY / DRIVE AWAY,,,Y,"$501 - $1,500",08/20/2025 06:15:00 PM,FOLLOWING TOO CLOSELY,NOT APPLICABLE,10300,S,CALIFORNIA AVE,2211,,,,,,,2,NO INDICATION OF INJURY,0,0,0,0,0,2,0,17,4,8,41.7062015362,-87.691599482,POINT (-87.691599482001 41.706201536239)
f5a32acbbbdd354c3a3483f4d90b874a1158d36a147ac5d55f70198d116984528fe6f50f290651ffa5d35f8f805bb2792e3d971b602b4a85c75a7b203b2eaee8,,08/20/2025 05:13:00 PM,35,NO CONTROLS,NO CONTROLS,CLEAR,DAYLIGHT,PARKED MOTOR VEHICLE,DIVIDED - W/MEDIAN (NOT RAISED),,STRAIGHT AND LEVEL,DRY,NO DEFECTS,NOT ON SCENE (DESK REPORT),NO INJURY / DRIVE AWAY,,,Y,"$501 - $1,500",08/20/2025 06:50:00 PM,IMPROPER OVERTAKING/PASSING,NOT APPLICABLE,1041,N,ASHLAND AVE,1213,,,,,,,2,NO INDICATION OF INJURY,0,0,0,0,0,5,0,17,4,8,41.9008698839,-87.6672777741,POINT (-87.667277774111 41.900869883933)
26e8b3d8fe80fdbd5dbf3fbad3d3b737757ecbd0e2790ab11f3342c9970d8544ffb5497b09fbeb2471db7501e2b0e9bb4b7ca28de96951a203d3fa9c130354f4,,08/20/2025 05:10:00 PM,35,NO CONTROLS,NO CONTROLS,CLEAR,DAYLIGHT,TURNING,DIVIDED - W/MEDIAN (NOT RAISED),,STRAIGHT AND LEVEL,DRY,NO DEFECTS,ON SCENE,INJURY AND / OR TOW DUE TO CRASH,Y,,,"OVER $1,500",08/20/2025 05:35:00 PM,FAILING TO REDUCE SPEED TO AVOID CRASH,NOT APPLICABLE,3900,N,HARLEM AVE,1631,,,,,,,2,NONINCAPACITATING INJURY,1,0,0,1,0,1,0,17,4,8,41.9507553923,-87.8073471682,POINT (-87.807347168183 41.950755392273)
6bbbfa6403491c7db7bc01d05a0999bf4366488b8e2194178506bc64243b0ad04ce6f0e1cae623ddc929cdce9a9bfaa70c5baa61677189bc0f4a7c0013d205f7,,08/20/2025 05:10:00 PM,30,NO CONTROLS,NO CONTROLS,CLEAR,DAYLIGHT,REAR END,NOT DIVIDED,,STRAIGHT AND LEVEL,DRY,NO DEFECTS,,NO INJURY / DRIVE AWAY,,,,$500 OR LESS,08/20/2025 06:45:00 PM,UNABLE TO DETERMINE,UNABLE TO DETERMINE,602,W,LAKE ST,1214,,,,,,,2,NO INDICATION OF INJURY,0,0,0,0,0,2,0,17,4,8,41.8858146661,-87.642935336,POINT (-87.642935335984 41.885814666134)
4793ba7610f74fce6cdc2635a7506000874ed3e5db1867fae56fa80210ee0098063f2c1383426528245ca962b9c0038e9868ac37cfcb050c5b50d01ce9619448,,08/20/2025 05:09:00 PM,30,NO CONTROLS,NO CONTROLS,CLEAR,DAYLIGHT,PARKED MOTOR VEHICLE,DIVIDED - W/MEDIAN (NOT RAISED),,STRAIGHT AND LEVEL,DRY,UNKNOWN,ON SCENE,NO INJURY / DRIVE AWAY,,,,"$501 - $1,500",08/20/2025 05:44:00 PM,FOLLOWING TOO CLOSELY,FOLLOWING TOO CLOSELY,355,E,OHIO ST,1834,,,,,,,2,NO INDICATION OF INJURY,0,0,0,0,0,1,0,17,4,8,41.8925247608,-87.6181338265,POINT (-87.618133826548 41.892524760767)
dddc8615837697abd56ba76e30c4021ae0bd17356a0170f725ec21e0ebacc145b255572200cdb58635ae25c144c1fad2016db91858d3886a767a83f5417738b1,,08/20/2025 05:09:00 PM,30,NO CONTROLS,NO CONTROLS,UNKNOWN,UNKNOWN,PARKED MOTOR VEHICLE,ONE-WAY,,STRAIGHT AND LEVEL,UNKNOWN,NO DEFECTS,NOT ON SCENE (DESK REPORT),NO INJURY / DRIVE AWAY,,,Y,"OVER $1,500",08/21/2025 03:46:00 PM,DRIVING SKILLS/KNOWLEDGE/EXPERIENCE,UNABLE TO DETERMINE,1512,W,FARGO AVE,2422,,,,,,,2,NO INDICATION OF INJURY,0,0,0,0,0,1,0,17,4,8,42.0172193313,-87.6687340753,POINT (-87.668734075261 42.017219331329)
10db104aba7a6d3fd04fc347759cb506a44aba38c11a6f8965cf8731584d4d54cbc87acd4d64a35268fa09ab773a83b905300acf049931600d06fee3fecffba1,,08/20/2025 05:05:00 PM,15,UNKNOWN,UNKNOWN,CLEAR,DAYLIGHT,PARKED MOTOR VEHICLE,ONE-WAY,,STRAIGHT AND LEVEL,DRY,UNKNOWN,ON SCENE,INJURY AND / OR TOW DUE TO CRASH,Y,,,"OVER $1,500",08/20/2025 05:06:00 PM,DISTRACTION - FROM INSIDE VEHICLE,UNABLE TO DETERMINE,8404,S,CRANDON AVE,412,,,,,,,5,INCAPACITATING INJURY,1,0,1,0,0,1,0,17,4,8,41.7424075339,-87.5686731684,POINT (-87.56867316843 41.742407533939)
5ad410f89a3af836ad0c9a9855a7aff1f0b69d6786d3dc935b0413a9fca142d51c660f73032971b601a290ead5f187f33b7ff26f3e21bafacb628487f3f8c78c,,08/20/2025 05:00:00 PM,30,NO CONTROLS,NO CONTROLS,CLEAR,DAYLIGHT,PEDALCYCLIST,NOT DIVIDED,,STRAIGHT AND LEVEL,DRY,NO DEFECTS,ON SCENE,INJURY AND / OR TOW DUE TO CRASH,,,,$500 OR LESS,08/20/2025 05:00:00 PM,FAILING TO YIELD RIGHT-OF-WAY,DRIVING SKILLS/KNOWLEDGE/EXPERIENCE,1800,W,ROSCOE ST,1922,,,Y,,,,2,NONINCAPACITATING INJURY,1,0,0,1,0,1,0,17,4,8,41.9433804583,-87.6740479281,POINT (-87.674047928084 41.943380458306)
6f19ed72a83416997c61b542baab8e6de4c21a30f65af0cdbc0fc7c7ff79979e6a7e98efa75f289fb7408236fb1f2cb4fdec70c3f967430fbe86d1fff22a733e,,08/20/2025 05:00:00 PM,30,TRAFFIC SIGNAL,FUNCTIONING PROPERLY,CLEAR,DAYLIGHT,SIDESWIPE SAME DIRECTION,ONE-WAY,,STRAIGHT AND LEVEL,DRY,NO DEFECTS,NOT ON SCENE (DESK REPORT),NO INJURY / DRIVE AWAY,Y,,Y,"OVER $1,500",08/20/2025 07:15:00 PM,UNABLE TO DETERMINE,UNABLE TO DETERMINE,1548,W,VAN BUREN ST,1231,,,,,,,2,NO INDICATION OF INJURY,0,0,0,0,0,3,0,17,4,8,41.8764617391,-87.666342615,POINT (-87.666342615019 41.876461739118)
bb1c2c18b51c9c16dacc932110a8ca664c4ed8ad3b9e7e0057db0d27ac980fa77cb00b18dcc642e33ecc160f60216177805ae977a282356371ca3d24049e8b27,,08/20/2025 05:00:00 PM,30,UNKNOWN,UNKNOWN,CLEAR,DAYLIGHT,REAR END,NOT DIVIDED,,STRAIGHT AND LEVEL,UNKNOWN,UNKNOWN,NOT ON SCENE (DESK REPORT),NO INJURY / DRIVE AWAY,,,,"OVER $1,500",08/20/2025 05:30:00 PM,UNABLE TO DETERMINE,UNABLE TO DETERMINE,300,W,NORTH AVE,1814,,,,,,,2,NO INDICATION OF INJURY,0,0,0,0,0,2,0,17,4,8,41.9112514213,-87.6367128108,POINT (-87.636712810842 41.911251421315)
8cc4cc10897121aaeadbbd62ee1499048b3129264dfd80858d58ec68fb3098048a57aa0a1ddb9a625f92ca17fe44b5a2ac68c8d0a3fe1d0dd30b7f7a36496a33,,08/20/2025 04:58:00 PM,30,NO CONTROLS,NO CONTROLS,CLEAR,DAYLIGHT,PEDESTRIAN,NOT DIVIDED,,STRAIGHT AND LEVEL,DRY,NO DEFECTS,ON SCENE,INJURY AND / OR TOW DUE TO CRASH,Y,,Y,"OVER $1,500",08/20/2025 05:34:00 PM,IMPROPER OVERTAKING/PASSING,FAILING TO YIELD RIGHT-OF-WAY,600,N,CICERO AVE,1532,,,,,,,2,INCAPACITATING INJURY,1,0,1,0,0,1,0,16,4,8,41.8914231563,-87.7458276747,POINT (-87.745827674668 41.891423156311)
199c4d74a564abbe8b8e8c8f8c7c327e15750ef278b11da982add4925d6af6763b5c94413314b2e4fc7dff1ffe6e7a456466c91a03b092eaeb3e9f39c97a7d86,,08/20/2025 04:52:00 PM,30,TRAFFIC SIGNAL,FUNCTIONING PROPERLY,CLEAR,DAYLIGHT,SIDESWIPE SAME DIRECTION,NOT DIVIDED,,STRAIGHT AND LEVEL,DRY,NO DEFECTS,ON SCENE,NO INJURY / DRIVE AWAY,Y,,,"OVER $1,500",08/20/2025 05:44:00 PM,UNABLE TO DETERMINE,UNABLE TO DETERMINE,2800,W,ROOSEVELT RD,1135,,,,,,,2,NO INDICATION OF INJURY,0,0,0,0,0,2,0,16,4,8,41.8666196517,-87.6959710144,POINT (-87.695971014358 41.866619651743)
ca8522abb6e016ca09db9018b95694eb6c825402f29f7d46d82f8efae320b27dbe541ff6e84a4860e0ccef6226313d7756590f07ee65b883e17ce8003ced57f0,,08/20/2025 04:50:00 PM,35,TRAFFIC SIGNAL,FUNCTIONING PROPERLY,CLEAR,DAYLIGHT,REAR END,DIVIDED - W/MEDIAN (NOT RAISED),,STRAIGHT AND LEVEL,DRY,NO DEFECTS,NOT ON SCENE (DESK REPORT),NO INJURY / DRIVE AWAY,,,,"OVER $1,500",08/20/2025 05:45:00 PM,FOLLOWING TOO CLOSELY,UNABLE TO DETERMINE,7200,S,WENTWORTH AVE,731,,,,,,,2,NO INDICATION OF INJURY,0,0,0,0,0,4,0,16,4,8,41.7635193203,-87.6298730712,POINT (-87.629873071249 41.763519320311)
d5523ef2fa5b77f6c841e27cecb686566285a7f976fcf8be3e2415192a01f9deaea98a550c3e1c86482fe33a0cb1102ccb1204088f14a7135b598169d3d1e7a0,,08/20/2025 04:50:00 PM,30,NO CONTROLS,NO CONTROLS,CLEAR,DAYLIGHT,REAR END,DIVIDED - W/MEDIAN BARRIER,,STRAIGHT AND LEVEL,DRY,NO DEFECTS,NOT ON SCENE (DESK REPORT),INJURY AND / OR TOW DUE TO CRASH,,,,"$501 - $1,500",08/20/2025 04:50:00 PM,FAILING TO REDUCE SPEED TO AVOID CRASH,NOT APPLICABLE,542,N,LAKE SHORE DR NB,1834,,,,,,,2,NONINCAPACITATING INJURY,1,0,0,1,0,1,0,16,4,8,41.8923934662,-87.61435191,POINT (-87.614351910014 41.892393466212)
d896a9d8c3afa6dc5087904c8947fe823d7461556de754abfa2d96d63cb6db8306295ad6e0ee5566ad092650565221fce5073e345fb2dbb9ac0191f8c4168868,,08/20/2025 04:48:00 PM,30,STOP SIGN/FLASHER,FUNCTIONING PROPERLY,CLEAR,DAYLIGHT,ANGLE,FOUR WAY,,STRAIGHT AND LEVEL,DRY,UNKNOWN,ON SCENE,NO INJURY / DRIVE AWAY,,,,"OVER $1,500",08/20/2025 04:50:00 PM,UNABLE TO DETERMINE,NOT APPLICABLE,8401,S,PULASKI RD,834,,,,,,,2,NO INDICATION OF INJURY,0,0,0,0,0,2,0,16,4,8,41.7403052246,-87.7214709058,POINT (-87.721470905786 41.740305224601)
d95dfe28e9e9bf2a0294deff66a21d044cc46127966aab619411bdc18034c4cd5120ecb9d480466e19f48d36a3bcc19efedbfdde5a0b0b2b9015df5a68689e98,,08/20/2025 04:45:00 PM,30,UNKNOWN,UNKNOWN,UNKNOWN,UNKNOWN,REAR END,DIVIDED - W/MEDIAN (NOT RAISED),,STRAIGHT AND LEVEL,UNKNOWN,UNKNOWN,NOT ON SCENE (DESK REPORT),NO INJURY / DRIVE AWAY,,,,"$501 - $1,500",08/20/2025 07:30:00 PM,UNABLE TO DETERMINE,NOT APPLICABLE,1654,W,CONGRESS PKWY,1231,,,,,,,2,NO INDICATION OF INJURY,0,0,0,0,0,2,0,16,4,8,41.8752516968,-87.6688359127,POINT (-87.668835912737 41.875251696829)
2b1ae7d05ba4dac0a12742c8cce142954bcdd83533ca69fdabd50787cfe97a0caf2fef58b3114b747e16da37bcc2bcc1c55194cf066d53d62ee41b85502e9351,,08/20/2025 04:41:00 PM,30,NO CONTROLS,NO CONTROLS,CLEAR,DAYLIGHT,TURNING,NOT DIVIDED,,STRAIGHT AND LEVEL,DRY,NO DEFECTS,ON SCENE,NO INJURY / DRIVE AWAY,,,,"OVER $1,500",08/20/2025 04:46:00 PM,UNABLE TO DETERMINE,NOT APPLICABLE,5946,W,CHICAGO AVE,1511,,,,,,,2,NO INDICATION OF INJURY,0,0,0,0,0,2,0,16,4,8,41.894836792,-87.7741642973,POINT (-87.774164297286 41.894836791957)
56b489bf4bf279cd4d81c30a5f4094abb75df05e058e8c699df2528321325adcb2dc855b6f4e69c50affa2abb0037ca4ae116818ee53443129feca6bc2640140,,08/20/2025 04:40:00 PM,35,TRAFFIC SIGNAL,FUNCTIONING PROPERLY,CLEAR,DAYLIGHT,ANGLE,DIVIDED - W/MEDIAN (NOT RAISED),,STRAIGHT AND LEVEL,DRY,NO DEFECTS,NOT ON SCENE (DESK REPORT),NO INJURY / DRIVE AWAY,,,Y,"OVER $1,500",08/20/2025 06:00:00 PM,IMPROPER LANE USAGE,UNABLE TO DETERMINE,55,E,GARFIELD BLVD,225,,,,,,,2,NO INDICATION OF INJURY,0,0,0,0,0,2,0,16,4,8,41.7942350552,-87.6235656947,POINT (-87.623565694701 41.794235055186)
61af03e1e9aff1cd2c0ec5e5eac556c02a6eab0c680e0d75f17ba846272188952d58f9f2fc1690c4fac82cb33beb5f018780137aa18f10466995998075c67722,,08/20/2025 04:40:00 PM,30,STOP SIGN/FLASHER,FUNCTIONING PROPERLY,CLEAR,DAYLIGHT,REAR END,T-INTERSECTION,,STRAIGHT AND LEVEL,DRY,UNKNOWN,ON SCENE,NO INJURY / DRIVE AWAY,,,Y,"OVER $1,500",08/20/2025 04:41:00 PM,FOLLOWING TOO CLOSELY,FAILING TO REDUCE SPEED TO AVOID CRASH,236,N,LECLAIRE AVE,1532,,,,,,,2,NO INDICATION OF INJURY,0,0,0,0,0,4,0,16,4,8,41.8856033427,-87.7529606644,POINT (-87.75296066445 41.885603342714)
90f37ab7048e6bfbc5e78a75b5f08fc1276b7c56b5e7ab52fbfa7f6be6d8f4ab23889ebcc5b2c11035ac2a2bcc7af758fcd6d9511bb94a9cab2f9a38e00ef26e,,08/20/2025 04:40:00 PM,25,NO CONTROLS,NO CONTROLS,CLEAR,DAYLIGHT,PEDALCYCLIST,FOUR WAY,,STRAIGHT AND LEVEL,DRY,NO DEFECTS,ON SCENE,INJURY AND / OR TOW DUE TO CRASH,Y,,,"$501 - $1,500",08/20/2025 04:44:00 PM,FAILING TO YIELD RIGHT-OF-WAY,NOT APPLICABLE,1226,W,DEVON AVE,2432,,,,,,,2,NONINCAPACITATING INJURY,1,0,0,1,0,1,0,16,4,8,41.9982847047,-87.6617714015,POINT (-87.661771401524 41.998284704681)
9a17a00da42df2043fce32dfc1213b344146a04e43c904ba2eb98f463ab9b3b4e2f773db1d5a9393563a5942f22d9b45fee50f8e5de265d0cf34417e6f64e58b,,08/20/2025 04:40:00 PM,20,STOP SIGN/FLASHER,FUNCTIONING PROPERLY,CLEAR,DUSK,TURNING,NOT DIVIDED,,STRAIGHT AND LEVEL,DRY,NO DEFECTS,NOT ON SCENE (DESK REPORT),NO INJURY / DRIVE AWAY,,,,"$501 - $1,500",08/20/2025 07:07:00 PM,UNABLE TO DETERMINE,UNABLE TO DETERMINE,2554,N,NORMANDY AVE,2512,,,,,,,2,NO INDICATION OF INJURY,0,0,0,0,0,2,0,16,4,8,41.9270122612,-87.793047736,POINT (-87.793047736017 41.927012261155)
3cd72a2078efd0a63ae8673447506ff2699295f9d03e938bf13de3d68b3a4bf47fda6d71e2de30ad644ef9f94e475af43f47af609c5e1263b9c02491e9eb8b8e,,08/20/2025 04:30:00 PM,30,TRAFFIC SIGNAL,UNKNOWN,CLEAR,DAYLIGHT,SIDESWIPE SAME DIRECTION,DIVIDED - W/MEDIAN (NOT RAISED),,STRAIGHT AND LEVEL,UNKNOWN,UNKNOWN,NOT ON SCENE (DESK REPORT),INJURY AND / OR TOW DUE TO CRASH,Y,,,"OVER $1,500",08/20/2025 05:35:00 PM,UNABLE TO DETERMINE,NOT APPLICABLE,2250,W,FOSTER AVE,2012,,,,,,,2,"REPORTED, NOT EVIDENT",1,0,0,0,1,1,0,16,4,8,41.9760424275,-87.6863092757,POINT (-87.686309275737 41.976042427544)
59f2b18557b083af1e236ea400a8507d1d38aa4e261132d91f03b21f1dbbfa05b59179ed7528a5207b57c5b553114b5f1ca071aed5681ef7b21013bdbdb815f2,,08/20/2025 04:30:00 PM,30,NO CONTROLS,NO CONTROLS,CLEAR,DAYLIGHT,SIDESWIPE SAME DIRECTION,NOT DIVIDED,,STRAIGHT AND LEVEL,DRY,NO DEFECTS,ON SCENE,NO INJURY / DRIVE AWAY,,,,"OVER $1,500",08/20/2025 04:35:00 PM,IMPROPER OVERTAKING/PASSING,UNABLE TO DETERMINE,3334,W,CHICAGO AVE,1121,,,,,,,2,NO INDICATION OF INJURY,0,0,0,0,0,2,0,16,4,8,41.8956261399,-87.710352151,POINT (-87.710352151004 41.895626139925)
ecb6851518e9806e04f9b6a4d0db0cd04603b5b263352f763f419d88aa7426765d1fbb28763a6343ebafe4f169eddc79a914fd300bf62a4b249f1fc26007df6b,,08/20/2025 04:30:00 PM,30,TRAFFIC SIGNAL,FUNCTIONING PROPERLY,CLEAR,DAYLIGHT,TURNING,FOUR WAY,,STRAIGHT AND LEVEL,UNKNOWN,UNKNOWN,ON SCENE,NO INJURY / DRIVE AWAY,,,Y,"OVER $1,500",08/20/2025 04:38:00 PM,FAILING TO YIELD RIGHT-OF-WAY,NOT APPLICABLE,500,E,47TH ST,221,,,,,,,2,NO INDICATION OF INJURY,0,0,0,0,0,2,0,16,4,8,41.8095360136,-87.613796347,POINT (-87.613796346972 41.809536013584)
8f13abdc56c3ece1bfd450cbec4816ff49e0a54d9ab0444aec15ab807841c0bec60bebe45e919cb21718cc44d923f92193c619c137789a315cf919563bf3db6a,,08/20/2025 04:25:00 PM,30,TRAFFIC SIGNAL,FUNCTIONING PROPERLY,CLEAR,DAYLIGHT,TURNING,NOT DIVIDED,,STRAIGHT AND LEVEL,DRY,NO DEFECTS,ON SCENE,NO INJURY / DRIVE AWAY,Y,,,"OVER $1,500",08/20/2025 04:26:00 PM,IMPROPER TURNING/NO SIGNAL,FAILING TO YIELD RIGHT-OF-WAY,5200,W,MONTROSE AVE,1623,,,,,,,2,NO INDICATION OF INJURY,0,0,0,0,0,4,0,16,4,8,41.9607082864,-87.7575121126,POINT (-87.757512112614 41.96070828638)
c87014c90b27aca924860a138fa7b8c307498d405f3ac9bf2dc18b2f1748a100ea1bce730ed1bdd58b78169804c4b8643b9ce8f13bc9835d823dc7138b75854a,,08/20/2025 04:25:00 PM,30,NO CONTROLS,NO CONTROLS,CLEAR,DAYLIGHT,TURNING,DIVIDED - W/MEDIAN (NOT RAISED),,STRAIGHT AND LEVEL,DRY,UNKNOWN,NOT ON SCENE (DESK REPORT),NO INJURY / DRIVE AWAY,,,Y,"OVER $1,500",08/20/2025 05:40:00 PM,UNABLE TO DETERMINE,NOT APPLICABLE,3537,W,JACKSON BLVD,1133,,,,,,,2,NO INDICATION OF INJURY,0,0,0,0,0,2,0,16,4,8,41.8771117102,-87.7149707789,POINT (-87.714970778872 41.877111710235)
3e99a2a75357fd0b742b13dfd720cfcdd66991d9c3fee90b56fd39f858cb82d8ccf3be77a589f2ea0f3d0d320799c343036fd0a093a058d220377455cae6414e,,08/20/2025 04:20:00 PM,35,TRAFFIC SIGNAL,FUNCTIONING PROPERLY,CLEAR,DAYLIGHT,ANGLE,"FIVE POINT, OR MORE",,STRAIGHT AND LEVEL,DRY,NO DEFECTS,NOT ON SCENE (DESK REPORT),NO INJURY / DRIVE AWAY,,,,"OVER $1,500",08/20/2025 04:50:00 PM,FAILING TO YIELD RIGHT-OF-WAY,NOT APPLICABLE,4801,W,IRVING PARK RD,1634,,,,,,,2,NO INDICATION OF INJURY,0,0,0,0,0,2,0,16,4,8,41.9533049843,-87.7474268657,POINT (-87.747426865695 41.953304984321)
54e0c151c388c9ff39ad9f8490baf36e00a594f14b293d1ed73f8a6e4fe91340b776492e70866dfe57968ec998d5bdf9a8f6f9c09330f81d3579dfe264c2bbc2,Y,08/20/2025 04:10:00 PM,30,STOP SIGN/FLASHER,FUNCTIONING PROPERLY,CLEAR,DAYLIGHT,ANGLE,L-INTERSECTION,,STRAIGHT AND LEVEL,DRY,NO DEFECTS,,INJURY AND / OR TOW DUE TO CRASH,Y,,N,"OVER $1,500",08/20/2025 05:16:00 PM,FAILING TO YIELD RIGHT-OF-WAY,DISREGARDING STOP SIGN,100,E,58TH ST,232,,,,,,,2,NONINCAPACITATING INJURY,6,0,0,2,4,2,0,16,4,8,41.7893518809,-87.6222497998,POINT (-87.622249799846 41.789351880907)
70a818decc680cb88f566c7b82c488d16814c5a254f2b933c453e67f7b0a280c27f0773badb714f4cbd48d04d2915dc3b25c7cf00708bb46fb7bb88d7eeec50b,,08/20/2025 04:09:00 PM,30,STOP SIGN/FLASHER,UNKNOWN,CLEAR,DAYLIGHT,ANGLE,UNKNOWN INTERSECTION TYPE,,STRAIGHT AND LEVEL,UNKNOWN,UNKNOWN,NOT ON SCENE (DESK REPORT),NO INJURY / DRIVE AWAY,N,,,"OVER $1,500",08/20/2025 04:50:00 PM,FAILING TO YIELD RIGHT-OF-WAY,NOT APPLICABLE,8300,S,MICHIGAN AVE,632,,,,,,,2,NO INDICATION OF INJURY,0,0,0,0,0,4,0,16,4,8,41.7436127189,-87.6213295336,POINT (-87.621329533582 41.743612718903)
c5ac108f7b0c6d4ce7b779cf4d0b2aca262c3f2c4a1fbf0918f6479c6a5eb183b19fe32e4ab002c049141f37cc62a136a1510aceecb6822e4ba27d1e701f4950,,08/20/2025 04:08:00 PM,10,NO CONTROLS,NO CONTROLS,CLEAR,DAYLIGHT,OTHER OBJECT,ALLEY,,STRAIGHT AND LEVEL,DRY,NO DEFECTS,NOT ON SCENE (DESK REPORT),NO INJURY / DRIVE AWAY,,Y,Y,"OVER $1,500",08/22/2025 12:20:00 PM,UNABLE TO DETERMINE,NOT APPLICABLE,4449,N,LARAMIE AVE,1623,,,,,,,1,NO INDICATION OF INJURY,0,0,0,0,0,1,0,16,4,8,41.9620937715,-87.7572882264,POINT (-87.757288226374 41.962093771471)
219576f3c812effd73caae2e9e41fb5ecf3696ed9b519cbe56471713d784fbf8747ed7fae962c35a7dd479fd1e787a2c4e61a777f385119640529606e5d301dc,,08/20/2025 04:05:00 PM,30,TRAFFIC SIGNAL,FUNCTIONING PROPERLY,UNKNOWN,UNKNOWN,REAR END,NOT DIVIDED,,STRAIGHT AND LEVEL,UNKNOWN,UNKNOWN,NOT ON SCENE (DESK REPORT),NO INJURY / DRIVE AWAY,,,Y,"$501 - $1,500",08/20/2025 08:15:00 PM,FOLLOWING TOO CLOSELY,NOT APPLICABLE,2400,N,LONG AVE,2515,,,,,,,2,NO INDICATION OF INJURY,0,0,0,0,0,2,0,16,4,8,41.9241336428,-87.7612181857,POINT (-87.761218185673 41.924133642771)
f0805cb77d79caa25d1e806897c3b7b47c712432cc3592badab482a14d57e7a54bcf8c776ec518d965e89f4ac84df213b8d8a6fa7793b6bb74c109c4b4a98ce2,,08/20/2025 04:03:00 PM,30,NO CONTROLS,NO CONTROLS,CLEAR,DAYLIGHT,SIDESWIPE SAME DIRECTION,DIVIDED - W/MEDIAN BARRIER,,STRAIGHT AND LEVEL,DRY,NO DEFECTS,ON SCENE,NO INJURY / DRIVE AWAY,,,Y,"$501 - $1,500",08/20/2025 04:16:00 PM,IMPROPER OVERTAKING/PASSING,NOT APPLICABLE,5050,S,CICERO AVE,814,,,,,,,2,NO INDICATION OF INJURY,0,0,0,0,0,2,0,16,4,8,41.8006425536,-87.7431134692,POINT (-87.743113469205 41.800642553587)
1efabae9942136e1b9fdbe0b64d314f942e5d496b5d63d78c34fa5d4a6d4156c9ba81561879f0a24e283f8d1b9cdce0f17eb109138c4845fae23724b716490f8,,08/20/2025 04:01:00 PM,30,TRAFFIC SIGNAL,FUNCTIONING PROPERLY,CLEAR,DAYLIGHT,SIDESWIPE SAME DIRECTION,NOT DIVIDED,,STRAIGHT AND LEVEL,DRY,NO DEFECTS,NOT ON SCENE (DESK REPORT),NO INJURY / DRIVE AWAY,,,Y,"$501 - $1,500",08/20/2025 06:07:00 PM,IMPROPER OVERTAKING/PASSING,UNABLE TO DETERMINE,5206,N,HARLEM AVE,1613,,,,,,,2,NO INDICATION OF INJURY,0,0,0,0,0,2,0,16,4,8,41.9747686365,-87.8072184997,POINT (-87.807218499705 41.97476863647)
0256b393938794f775127e800bc921983a01da5c83c37b5a5f4f249b179c629919e17ac6ac2c2fd87d2dd69ee30465f1d2fab3917a93059019846de5e565cd42,,08/20/2025 04:00:00 PM,25,TRAFFIC SIGNAL,FUNCTIONING PROPERLY,CLEAR,DAYLIGHT,REAR END,TRAFFIC ROUTE,,STRAIGHT AND LEVEL,DRY,NO DEFECTS,,NO INJURY / DRIVE AWAY,,,,"OVER $1,500",08/22/2025 01:00:00 PM,FOLLOWING TOO CLOSELY,FOLLOWING TOO CLOSELY,6400,S,STONY ISLAND AVE,314,,,,,,,2,NO INDICATION OF INJURY,0,0,0,0,0,2,0,16,4,8,41.7786774564,-87.5865642068,POINT (-87.586564206768 41.778677456358)
0c5ac83961d698acf7c59d1a4f011bcf1b80a89c510abc8c9dd42e90067bd33980769dcd6821e04d5136cf38fd4d272890d0221aa7132675306fc7ddf98f95cc,,08/20/2025 04:00:00 PM,30,UNKNOWN,UNKNOWN,CLEAR,DAYLIGHT,SIDESWIPE SAME DIRECTION,NOT DIVIDED,,STRAIGHT AND LEVEL,UNKNOWN,UNKNOWN,NOT ON SCENE (DESK REPORT),NO INJURY / DRIVE AWAY,,,,"OVER $1,500",08/21/2025 03:40:00 PM,UNABLE TO DETERMINE,UNABLE TO DETERMINE,2512,N,ASHLAND AVE,1931,,,,,,,2,NO INDICATION OF INJURY,0,0,0,0,0,2,0,16,4,8,41.9273891386,-87.6683715693,POINT (-87.668371569251 41.92738913859)