CRASH_RECORD_ID,CRASH_DATE_EST_I,CRASH_DATE,POSTED_SPEED_LIMIT,TRAFFIC_CONTROL_DEVICE,DEVICE_CONDITION,WEATHER_CONDITION,LIGHTING_CONDITION,FIRST_CRASH_TYPE,TRAFFICWAY_TYPE,LANE_CNT,ALIGNMENT,ROADWAY_SURFACE_COND,ROAD_DEFECT,REPORT_TYPE,CRASH_TYPE,INTERSECTION_RELATED_I,NOT_RIGHT_OF_WAY_I,HIT_AND_RUN_I,DAMAGE,DATE_POLICE_NOTIFIED,PRIM_CONTRIBUTORY_CAUSE,SEC_CONTRIBUTORY_CAUSE,STREET_NO,STREET_DIRECTION,STREET_NAME,BEAT_OF_OCCURRENCE,PHOTOS_TAKEN_I,STATEMENTS_TAKEN_I,DOORING_I,WORK_ZONE_I,WORK_ZONE_TYPE,WORKERS_PRESENT_I,NUM_UNITS,MOST_SEVERE_INJURY,INJURIES_TOTAL,INJURIES_FATAL,INJURIES_INCAPACITATING,INJURIES_NON_INCAPACITATING,INJURIES_REPORTED_NOT_EVIDENT,INJURIES_NO_INDICATION,INJURIES_UNKNOWN,CRASH_HOUR,CRASH_DAY_OF_WEEK,CRASH_MONTH,LATITUDE,LONGITUDE,LOCATION
cb6d72931955a00cc050e994e6bbd40f34dcad4a8a17bb62fc91b83f732fb6ca3613e26c9809c081712c593a86dc30135e02ac43c78c6d7bf0054f80bf11d2e9,,08/20/2025 04:00:00 PM,30,NO CONTROLS,NO CONTROLS,CLEAR,DAYLIGHT,SIDESWIPE SAME DIRECTION,DIVIDED - W/MEDIAN (NOT RAISED),,STRAIGHT AND LEVEL,DRY,NO DEFECTS,NOT ON SCENE (DESK REPORT),NO INJURY / DRIVE AWAY,,,,"OVER $1,500",08/20/2025 04:10:00 PM,IMPROPER OVERTAKING/PASSING,IMPROPER OVERTAKING/PASSING,4355,W,26TH ST,1031,,,,,,,2,NO INDICATION OF INJURY,0,0,0,0,0,2,0,16,4,8,41.8440219559,-87.7331106218,POINT (-87.733110621804 41.844021955925)
b828e1222490291cd282ebcf4a01d70ad1a701accbef5f99b1909ded54773e1ce890768ca9962bc1b94099b3b3484ba2ddfe9e24a238d7d8ff72f071949afb67,,08/20/2025 03:56:00 PM,30,UNKNOWN,UNKNOWN,UNKNOWN,DAYLIGHT,TURNING,NOT DIVIDED,,STRAIGHT AND LEVEL,UNKNOWN,UNKNOWN,NOT ON SCENE (DESK REPORT),NO INJURY / DRIVE AWAY,,,Y,"OVER $1,500",08/20/2025 04:30:00 PM,UNABLE TO DETERMINE,NOT APPLICABLE,2637,W,ADDISON ST,1921,,,,,,,2,NO INDICATION OF INJURY,0,0,0,0,0,2,0,15,4,8,41.9465998643,-87.6943670999,POINT (-87.694367099939 41.946599864281)
bfa0facc8788c93a479bf9ca103323cf8752d46fe1627d27337cbacb18190ac72ab8c1debd852601fa6cbd9ce6e5f7fd7ad30e031e967050fd7d6d5edb865053,,08/20/2025 03:54:00 PM,30,NO CONTROLS,NO CONTROLS,CLEAR,DAYLIGHT,SIDESWIPE SAME DIRECTION,ONE-WAY,,STRAIGHT AND LEVEL,DRY,NO DEFECTS,NOT ON SCENE (DESK REPORT),NO INJURY / DRIVE AWAY,,,,"$501 - $1,500",08/20/2025 04:55:00 PM,UNABLE TO DETERMINE,NOT APPLICABLE,1000,W,ADAMS ST,1232,,,,,,,2,NO INDICATION OF INJURY,0,0,0,0,0,3,0,15,4,8,41.8792466365,-87.6520856125,POINT (-87.652085612539 41.879246636459)
224eefe8a44e53c27d075b74693e9ee88a31dbd31385dbfd85e352a2fae4b0685c26e80d44f56045b9c97b0715f09bc42b2d44e2e1fd6baff59006d64cbab928,,08/20/2025 03:50:00 PM,30,TRAFFIC SIGNAL,FUNCTIONING PROPERLY,CLEAR,DAYLIGHT,REAR END,FOUR WAY,,STRAIGHT AND LEVEL,DRY,NO DEFECTS,NOT ON SCENE (DESK REPORT),NO INJURY / DRIVE AWAY,Y,,,"OVER $1,500",08/20/2025 04:30:00 PM,UNABLE TO DETERMINE,UNABLE TO DETERMINE,4201,S,CICERO AVE,815,,,,,,,2,NO INDICATION OF INJURY,0,0,0,0,0,2,0,15,4,8,41.8167380026,-87.7432434676,POINT (-87.743243467558 41.816738002601)
56a1395ec409204c5b0ab88a81ed0700abdd4aa7b0ff514acd0a0b1db524e316988c28dcff8bd52d4142b11065358669eafb4b6dc9988fe9c8e1098fc337c8c8,,08/20/2025 03:50:00 PM,30,TRAFFIC SIGNAL,FUNCTIONING PROPERLY,CLEAR,DAYLIGHT,SIDESWIPE SAME DIRECTION,NOT DIVIDED,,STRAIGHT AND LEVEL,DRY,NO DEFECTS,NOT ON SCENE (DESK REPORT),NO INJURY / DRIVE AWAY,,,Y,"$501 - $1,500",08/20/2025 04:28:00 PM,IMPROPER OVERTAKING/PASSING,IMPROPER OVERTAKING/PASSING,9900,S,MICHIGAN AVE,511,,,,,,,2,NO INDICATION OF INJURY,0,0,0,0,0,4,0,15,4,8,41.7146496793,-87.6205480055,POINT (-87.620548005498 41.714649679334)
888c0ee66e2f72bbceeeecfe477578375e59fc625eae819f58b77dd548817907fd1f34b64aceae30e008096bcae4a3ed6ffcb2d2b74be59778167822d5689135,,08/20/2025 03:50:00 PM,30,UNKNOWN,UNKNOWN,CLEAR,DAYLIGHT,PEDALCYCLIST,NOT DIVIDED,,STRAIGHT AND LEVEL,DRY,UNKNOWN,ON SCENE,NO INJURY / DRIVE AWAY,,,,$500 OR LESS,08/20/2025 03:51:00 PM,FAILING TO YIELD RIGHT-OF-WAY,UNABLE TO DETERMINE,3301,W,LAWRENCE AVE,1713,,,,,,,2,NO INDICATION OF INJURY,0,0,0,0,0,2,0,15,4,8,41.9683190281,-87.7109804249,POINT (-87.710980424887 41.968319028062)
da7ab2786ac44ff530ee10011a36f3ff0899da957dc79bf470a2bb7afa58747064b32b19d4ed5d5342db027c9ab4ddbf4019177232ea14f4333727d4aa38d8db,,08/20/2025 03:50:00 PM,30,TRAFFIC SIGNAL,FUNCTIONING PROPERLY,CLEAR,DAYLIGHT,REAR END,T-INTERSECTION,,STRAIGHT AND LEVEL,UNKNOWN,UNKNOWN,NOT ON SCENE (DESK REPORT),NO INJURY / DRIVE AWAY,,,,"OVER $1,500",08/20/2025 05:40:00 PM,DRIVING SKILLS/KNOWLEDGE/EXPERIENCE,NOT APPLICABLE,301,S,CICERO AVE,1131,,,,,,,2,NO INDICATION OF INJURY,0,0,0,0,0,2,0,15,4,8,41.8767647293,-87.7449979714,POINT (-87.744997971441 41.876764729315)
a6dcebad7f851dfa82f56b42280a604b3c38e75438f8752f810d52a54ab944778562ce5adafc1aa26006ddd97fa130379c79bb2ce76016083b4b43f6b6424ce9,,08/20/2025 03:45:00 PM,30,TRAFFIC SIGNAL,FUNCTIONING PROPERLY,CLEAR,DAYLIGHT,TURNING,NOT DIVIDED,,STRAIGHT AND LEVEL,DRY,NO DEFECTS,ON SCENE,INJURY AND / OR TOW DUE TO CRASH,Y,,,"$501 - $1,500",08/20/2025 03:47:00 PM,FAILING TO YIELD RIGHT-OF-WAY,FAILING TO YIELD RIGHT-OF-WAY,4401,W,ROOSEVELT RD,1011,,,,,,,2,NO INDICATION OF INJURY,0,0,0,0,0,4,0,15,4,8,41.8659213741,-87.7350838422,POINT (-87.735083842195 41.865921374106)
b465a8b72757f642346324f80f4c8c5cf4605832a48f2ad135676f54f61dcaa865640962f931cd50f715203c6f3db002ebe8f63df3881b9e8fca589b5a7f37b1,,08/20/2025 03:45:00 PM,30,TRAFFIC SIGNAL,UNKNOWN,CLEAR,DAYLIGHT,SIDESWIPE SAME DIRECTION,DIVIDED - W/MEDIAN (NOT RAISED),,STRAIGHT AND LEVEL,DRY,UNKNOWN,NOT ON SCENE (DESK REPORT),NO INJURY / DRIVE AWAY,,,,"OVER $1,500",08/20/2025 03:53:00 PM,UNABLE TO DETERMINE,UNABLE TO DETERMINE,5500,S,HALSTED ST,712,,,,,,,2,NO INDICATION OF INJURY,0,0,0,0,0,9,0,15,4,8,41.7938690123,-87.6452949015,POINT (-87.645294901547 41.793869012306)
8b2c0ae14f3c5fcc6a9111a0f8cd2f9c108fe90a4cb2710f06d3a7d426fb9083527672037a682b644acd0b3c4d3f1dd138362b2cd50fde5284d14a48501225f2,,08/20/2025 03:43:00 PM,30,TRAFFIC SIGNAL,FUNCTIONING PROPERLY,CLEAR,DAYLIGHT,REAR END,NOT DIVIDED,,STRAIGHT AND LEVEL,DRY,NO DEFECTS,ON SCENE,INJURY AND / OR TOW DUE TO CRASH,,,,"OVER $1,500",08/20/2025 03:45:00 PM,"OPERATING VEHICLE IN ERRATIC, RECKLESS, CARELESS, NEGLIGENT OR AGGRESSIVE MANNER",DRIVING SKILLS/KNOWLEDGE/EXPERIENCE,1602,W,DEVON AVE,2432,,,,,,,2,NONINCAPACITATING INJURY,3,0,0,3,0,1,0,15,4,8,41.9981839745,-87.6707466745,POINT (-87.670746674469 41.998183974472)
67214e99b894734c344a2a94401ec6226780181c1115a747f1e77dbe4894f8e9f01dd6fa49fee37224814d3bdf0273be5c04eebe229f963787d8d63fab0d5aa0,,08/20/2025 03:42:00 PM,30,TRAFFIC SIGNAL,FUNCTIONING PROPERLY,CLEAR,DUSK,REAR END,"FIVE POINT, OR MORE",,STRAIGHT AND LEVEL,DRY,NO DEFECTS,ON SCENE,NO INJURY / DRIVE AWAY,Y,,,"OVER $1,500",08/20/2025 08:00:00 PM,"OPERATING VEHICLE IN ERRATIC, RECKLESS, CARELESS, NEGLIGENT OR AGGRESSIVE MANNER","OPERATING VEHICLE IN ERRATIC, RECKLESS, CARELESS, NEGLIGENT OR AGGRESSIVE MANNER",100,W,LA SALLE DR,1814,,,,,,,2,NO INDICATION OF INJURY,0,0,0,0,0,2,0,15,4,8,41.9134833157,-87.6318086819,POINT (-87.631808681867 41.913483315672)
e79474940f1601398b637623433b43965d81fe5d15b6e746ebae27460411ec5520e6f9982ed35f7e7182fd337b7e11f8f541d1032a3b5b2215ac94f1110a207d,,08/20/2025 03:42:00 PM,25,STOP SIGN/FLASHER,FUNCTIONING PROPERLY,CLEAR,DAYLIGHT,OTHER OBJECT,ONE-WAY,,STRAIGHT AND LEVEL,DRY,NO DEFECTS,ON SCENE,NO INJURY / DRIVE AWAY,,,,$500 OR LESS,08/20/2025 03:45:00 PM,UNABLE TO DETERMINE,UNABLE TO DETERMINE,5256,N,WINTHROP AVE,2023,,,,,,,2,NO INDICATION OF INJURY,0,0,0,0,0,3,0,15,4,8,41.9780269968,-87.6580080429,POINT (-87.658008042942 41.978026996765)
157bb8445a49684bfd1c086cda2f0db5e2cc868e118ef92ed7f9dee48a21592102232689f8c6f85a949f824d609cb8beca1db9f9ea700c437b66b8f7e8dda27e,,08/20/2025 03:40:00 PM,30,TRAFFIC SIGNAL,FUNCTIONING PROPERLY,CLEAR,DAYLIGHT,REAR END,FOUR WAY,,STRAIGHT AND LEVEL,DRY,NO DEFECTS,NOT ON SCENE (DESK REPORT),NO INJURY / DRIVE AWAY,Y,,,$500 OR LESS,08/20/2025 04:20:00 PM,FAILING TO REDUCE SPEED TO AVOID CRASH,UNABLE TO DETERMINE,5900,S,ST LOUIS AVE,822,,,,,,,2,NO INDICATION OF INJURY,0,0,0,0,0,2,0,15,4,8,41.786067359,-87.7108001514,POINT (-87.710800151368 41.786067358991)
22b0003d2426da81e4d6aaac505c5f1a5383c54bcb6be39b7ad78da477bfdbe765db79d7f32a65b7acced49140cb262bd4ef7f72263360060b17686c529deb21,,08/20/2025 03:40:00 PM,30,NO CONTROLS,NO CONTROLS,CLEAR,DAYLIGHT,SIDESWIPE SAME DIRECTION,NOT DIVIDED,,STRAIGHT AND LEVEL,DRY,NO DEFECTS,NOT ON SCENE (DESK REPORT),NO INJURY / DRIVE AWAY,,,,"OVER $1,500",08/22/2025 09:30:00 AM,UNABLE TO DETERMINE,UNABLE TO DETERMINE,551,E,83RD ST,632,,,,,,,2,NO INDICATION OF INJURY,0,0,0,0,0,2,0,15,4,8,41.7437760869,-87.610225998,POINT (-87.610225998021 41.743776086929)
f9a55f09e53d6b19f8e9922d7ba4e40687c2995a36744ff4f57e860040db5709b8c6a0a991a34580d8c49d979e0e064d1351537d3546d358c6e5780fcb5d7457,,08/20/2025 03:40:00 PM,30,NO CONTROLS,NO CONTROLS,CLEAR,DAYLIGHT,PARKED MOTOR VEHICLE,ONE-WAY,,STRAIGHT AND LEVEL,DRY,NO DEFECTS,ON SCENE,NO INJURY / DRIVE AWAY,,,Y,"$501 - $1,500",08/20/2025 04:46:00 PM,IMPROPER BACKING,NOT APPLICABLE,5026,W,SCHOOL ST,1634,,,,,,,2,NO INDICATION OF INJURY,0,0,0,0,0,1,0,15,4,8,41.9406844213,-87.752961088,POINT (-87.75296108803 41.94068442128)
ccd17fba964b1bfbb48120525b45908613d52f0f7f7d54bcf0533b6c57a3dd960f0d6ae818ac0702b992793ebf99bb38dfc5ee45ebc2431f607874b84b822e6e,,08/20/2025 03:35:00 PM,30,NO CONTROLS,FUNCTIONING PROPERLY,CLEAR,DAYLIGHT,SIDESWIPE SAME DIRECTION,DIVIDED - W/MEDIAN (NOT RAISED),,STRAIGHT AND LEVEL,DRY,NO DEFECTS,NOT ON SCENE (DESK REPORT),NO INJURY / DRIVE AWAY,,,,"OVER $1,500",08/20/2025 04:15:00 PM,FAILING TO YIELD RIGHT-OF-WAY,FAILING TO YIELD RIGHT-OF-WAY,7141,N,KEDZIE AVE,2411,,,,,,,2,NO INDICATION OF INJURY,0,0,0,0,0,2,0,15,4,8,42.0112767679,-87.7089566768,POINT (-87.708956676772 42.011276767884)
e1958c988ea02e260e736d09b6aff5ed60d0c1c42726972754b024effa765dd5ff5d8869d833f0651c5833115e7f2a0ec4d296363ddf4de1940d7e2a8c1fb2f9,,08/20/2025 03:31:00 PM,30,NO CONTROLS,FUNCTIONING PROPERLY,CLEAR,DAYLIGHT,HEAD ON,NOT DIVIDED,,STRAIGHT AND LEVEL,DRY,NO DEFECTS,NOT ON SCENE (DESK REPORT),NO INJURY / DRIVE AWAY,Y,,,"OVER $1,500",08/20/2025 05:00:00 PM,DRIVING SKILLS/KNOWLEDGE/EXPERIENCE,UNABLE TO DETERMINE,9000,S,CRANDON AVE,413,,,,,,,2,NO INDICATION OF INJURY,0,0,0,0,0,2,0,15,4,8,41.7315914481,-87.5684316544,POINT (-87.568431654374 41.73159144811)
17d458f8bc83cf9f8032e771648fce1fd24f7a22b636d7fd72e1692ad671bdf43d8c4b6d93144bd2d1a3861775ade3f55127ddb3258be9e481c375f8f34c3523,,08/20/2025 03:30:00 PM,25,UNKNOWN,UNKNOWN,UNKNOWN,UNKNOWN,SIDESWIPE SAME DIRECTION,NOT DIVIDED,,STRAIGHT AND LEVEL,UNKNOWN,UNKNOWN,NOT ON SCENE (DESK REPORT),NO INJURY / DRIVE AWAY,,,,"OVER $1,500",08/21/2025 03:10:00 PM,NOT APPLICABLE,NOT APPLICABLE,1001,W,CHICAGO AVE,1214,,,,,,,2,NO INDICATION OF INJURY,0,0,0,0,0,2,0,15,4,8,41.8961983286,-87.6526797277,POINT (-87.6526797277 41.89619832858)
2cbbb53f151b05386f9d9865697ff772afc7d0ac53ee6dbb33d08b65e4f2adef09d406e149a891d3bdf4f893257bac7813cf08d0a609100d1e5cb636f15e5d06,Y,08/20/2025 03:30:00 PM,30,NO CONTROLS,NO CONTROLS,CLEAR,DAYLIGHT,PARKED MOTOR VEHICLE,NOT DIVIDED,,STRAIGHT AND LEVEL,DRY,NO DEFECTS,NOT ON SCENE (DESK REPORT),NO INJURY / DRIVE AWAY,,,,"OVER $1,500",08/21/2025 04:00:00 PM,UNABLE TO DETERMINE,UNABLE TO DETERMINE,752,N,OGDEN AVE,1215,,,,,,,2,NO INDICATION OF INJURY,0,0,0,0,0,1,0,15,4,8,41.89558431,-87.6553889517,POINT (-87.655388951695 41.89558430998)
6b6b7276930c46fa1c51e6b84ae9b3dcadba11982550ff4e58b8af10ae21e3717f372ea33d74f69c80fc8d34d6d2185a6f8369b63822022d68d29858a3667d2b,,08/20/2025 03:30:00 PM,35,NO CONTROLS,NO CONTROLS,CLEAR,DAYLIGHT,SIDESWIPE SAME DIRECTION,NOT DIVIDED,,STRAIGHT AND LEVEL,DRY,UNKNOWN,NOT ON SCENE (DESK REPORT),NO INJURY / DRIVE AWAY,,,Y,"OVER $1,500",08/20/2025 05:00:00 PM,UNABLE TO DETERMINE,NOT APPLICABLE,5255,S,STATE ST,225,,,,,,,2,NO INDICATION OF INJURY,0,0,0,0,0,2,0,15,4,8,41.7984722756,-87.6256550893,POINT (-87.625655089262 41.798472275588)
738374013ae1716c05e94b69f83f74f1c8a2a698f64ca178d2973c416c3193cb1c978d8ace20c40619bb274d73aa6a28044ef72cbecb885ad3490f0d66a18b9f,,08/20/2025 03:30:00 PM,30,NO CONTROLS,NO CONTROLS,CLEAR,DAYLIGHT,PARKED MOTOR VEHICLE,NOT DIVIDED,,STRAIGHT AND LEVEL,UNKNOWN,UNKNOWN,NOT ON SCENE (DESK REPORT),NO INJURY / DRIVE AWAY,,,,"OVER $1,500",08/20/2025 04:49:00 PM,UNABLE TO DETERMINE,NOT APPLICABLE,5754,N,WESTERN AVE,2011,,,,,,,2,NO INDICATION OF INJURY,0,0,0,0,0,1,0,15,4,8,41.9866048026,-87.6896891168,POINT (-87.689689116778 41.986604802638)
7bf8bc5b014de5e9831162f11577a42fcf723b314228cca0a54d69eac98b63277aaad1e6ddb6447e40822cad37c709e3d72a6a4927e2311eaf2c4f0fadcbe42e,,08/20/2025 03:30:00 PM,30,UNKNOWN,UNKNOWN,CLEAR,DAYLIGHT,TURNING,NOT DIVIDED,,STRAIGHT AND LEVEL,DRY,NO DEFECTS,NOT ON SCENE (DESK REPORT),NO INJURY / DRIVE AWAY,,,,$500 OR LESS,08/20/2025 05:58:00 PM,UNABLE TO DETERMINE,UNABLE TO DETERMINE,3179,N,LARAMIE AVE,2521,,,,,,,2,NO INDICATION OF INJURY,0,0,0,0,0,2,0,15,4,8,41.9386577771,-87.7565408693,POINT (-87.756540869335 41.93865777707)
e49081348ddf90bc546f7dc6151f5a7fc8d3b721eeeea27720d39faf519d8ea06a61688c03e778d84b76c7693e1f4a41d3ed8124943eb18ec575c42165b0ae7b,,08/20/2025 03:30:00 PM,30,NO CONTROLS,NO CONTROLS,UNKNOWN,UNKNOWN,REAR END,NOT DIVIDED,,STRAIGHT AND LEVEL,UNKNOWN,UNKNOWN,NOT ON SCENE (DESK REPORT),NO INJURY / DRIVE AWAY,,,,"$501 - $1,500",08/20/2025 06:00:00 PM,FAILING TO REDUCE SPEED TO AVOID CRASH,NOT APPLICABLE,6101,W,BELMONT AVE,2511,,,,,,,2,NO INDICATION OF INJURY,0,0,0,0,0,2,0,15,4,8,41.9383043821,-87.7787630256,POINT (-87.77876302556 41.938304382109)
eca7eb673690dd3e11f35cd96af2309423fbe6848612df2f71eb928f4fe3dff4947318c3fa93e901dfa324cc555f5df6b665014d7abe9c664f783b337214e01d,,08/20/2025 03:30:00 PM,25,UNKNOWN,UNKNOWN,UNKNOWN,UNKNOWN,SIDESWIPE SAME DIRECTION,NOT DIVIDED,,STRAIGHT AND LEVEL,UNKNOWN,UNKNOWN,NOT ON SCENE (DESK REPORT),NO INJURY / DRIVE AWAY,,,Y,"OVER $1,500",08/21/2025 03:40:00 PM,NOT APPLICABLE,NOT APPLICABLE,800,N,MICHIGAN AVE,1833,,,,,,,2,NO INDICATION OF INJURY,0,0,0,0,0,2,0,15,4,8,41.896790572,-87.6243806554,POINT (-87.624380655444 41.896790572039)
3afe238c6f3a96c4409d19bceecb8b99a162ccb2d3f88491803b26e7067f6440913b503789fbec916c387fca152040da27d950559bd2e6e3d9699bb0dc4fb165,,08/20/2025 03:23:00 PM,30,NO CONTROLS,NO CONTROLS,CLEAR,DAYLIGHT,FIXED OBJECT,T-INTERSECTION,,STRAIGHT AND LEVEL,DRY,NO DEFECTS,ON SCENE,NO INJURY / DRIVE AWAY,Y,,,"$501 - $1,500",08/20/2025 03:42:00 PM,DRIVING SKILLS/KNOWLEDGE/EXPERIENCE,NOT APPLICABLE,613,S,KOLMAR AVE,1131,,,,,,,1,NO INDICATION OF INJURY,0,0,0,0,0,1,0,15,4,8,41.8728321241,-87.7388819283,POINT (-87.73888192826 41.872832124131)
616eba82602bd248dbeac64bad5de61955dacd393659b6f4a38a1fa2ad5c38d80d92f8eb462120d181d6a206c0c53d2cf9892ad6e74ed616a742d48d27a6a177,,08/20/2025 03:20:00 PM,30,STOP SIGN/FLASHER,FUNCTIONING PROPERLY,CLEAR,DAYLIGHT,TURNING,T-INTERSECTION,,STRAIGHT AND LEVEL,DRY,NO DEFECTS,ON SCENE,INJURY AND / OR TOW DUE TO CRASH,Y,,,"OVER $1,500",08/20/2025 03:25:00 PM,FAILING TO YIELD RIGHT-OF-WAY,FAILING TO REDUCE SPEED TO AVOID CRASH,6299,N,CALDWELL AVE,1621,,,,,,,2,NO INDICATION OF INJURY,0,0,0,0,0,2,0,15,4,8,41.9958624931,-87.763343521,POINT (-87.763343520995 41.995862493127)
8664ce6db2393bb59e9518b06d5219a083fa868bd404a966ce8595ec5c4fae1e2e67dfafc36b962d883cc72f63b4173d5b65403a375ead9e8bdabeea6503ba32,,08/20/2025 03:20:00 PM,30,TRAFFIC SIGNAL,UNKNOWN,CLEAR,DAYLIGHT,TURNING,DIVIDED - W/MEDIAN BARRIER,,STRAIGHT AND LEVEL,UNKNOWN,UNKNOWN,NOT ON SCENE (DESK REPORT),NO INJURY / DRIVE AWAY,Y,,,"OVER $1,500",08/20/2025 06:00:00 PM,UNABLE TO DETERMINE,NOT APPLICABLE,1200,W,FOSTER AVE,2013,,,,,,,2,NO INDICATION OF INJURY,0,0,0,0,0,2,0,15,4,8,41.9764319202,-87.659931806,POINT (-87.65993180604 41.976431920185)
d38dace2e6ade9ce4c7b4b3cb4efba5f64c3d4a23c1753097793348b27b7803ffec0233e3adb991efaa4f9bc06d4719da2cde943ac09387204cbfbc80f11ef27,,08/20/2025 03:20:00 PM,30,UNKNOWN,UNKNOWN,UNKNOWN,DAYLIGHT,REAR END,NOT DIVIDED,,STRAIGHT AND LEVEL,UNKNOWN,UNKNOWN,NOT ON SCENE (DESK REPORT),INJURY AND / OR TOW DUE TO CRASH,,,,"OVER $1,500",08/20/2025 03:40:00 PM,UNABLE TO DETERMINE,NOT APPLICABLE,7556,S,SOUTH CHICAGO AVE,411,,,,,,,2,"REPORTED, NOT EVIDENT",1,0,0,0,1,1,0,15,4,8,41.7569608569,-87.5933835718,POINT (-87.593383571836 41.756960856949)
5404f11d5a4efa38fc4ad0eaaf3972b483f38813db4bad7b9114b2c2a1bfeb076529d5fdaae6c0c3f27963454b40449af83452c7e58ee4af217ae8324e216faf,,08/20/2025 03:17:00 PM,30,TRAFFIC SIGNAL,FUNCTIONING PROPERLY,CLEAR,DAYLIGHT,SIDESWIPE SAME DIRECTION,DIVIDED - W/MEDIAN (NOT RAISED),,STRAIGHT AND LEVEL,DRY,NO DEFECTS,NOT ON SCENE (DESK REPORT),NO INJURY / DRIVE AWAY,,,,"OVER $1,500",08/25/2025 05:17:00 PM,IMPROPER OVERTAKING/PASSING,NOT APPLICABLE,4000,N,ASHLAND AVE,1912,,,,,,,2,NO INDICATION OF INJURY,0,0,0,0,0,3,0,15,4,8,41.9543793262,-87.6691991198,POINT (-87.669199119804 41.954379326213)
8e39cf7dc643dccb8a10d56755a72c71c770f6dc0bb3d5bf6d0c1d9921bc3c64f4b972ebdecc2f43c1c2d49de19330e2dd9eae086f74d5134092c1cb344afe03,,08/20/2025 03:16:00 PM,30,NO CONTROLS,NO CONTROLS,CLEAR,DAYLIGHT,PARKED MOTOR VEHICLE,ONE-WAY,,STRAIGHT AND LEVEL,DRY,NO DEFECTS,NOT ON SCENE (DESK REPORT),NO INJURY / DRIVE AWAY,,,Y,"OVER $1,500",08/20/2025 06:16:00 PM,NOT APPLICABLE,NOT APPLICABLE,6555,S,ROCKWELL ST,832,,,,,,,2,NO INDICATION OF INJURY,0,0,0,0,0,1,0,15,4,8,41.7739135216,-87.6882374892,POINT (-87.688237489191 41.773913521568)
3255afc30e1918f8a0c1b9c2e9c6bf604235b7c7ba86e107651ee86ef90d32899bbcd7081bf6717e3a8b4f23c2fc7eab941aeab6c8ecad88ccd52224133a91b9,,08/20/2025 03:15:00 PM,30,STOP SIGN/FLASHER,FUNCTIONING PROPERLY,CLEAR,DAYLIGHT,REAR END,FOUR WAY,,STRAIGHT AND LEVEL,DRY,UNKNOWN,NOT ON SCENE (DESK REPORT),NO INJURY / DRIVE AWAY,,,Y,"OVER $1,500",08/20/2025 04:10:00 PM,FOLLOWING TOO CLOSELY,NOT APPLICABLE,2500,W,CHICAGO AVE,1211,,,,,,,2,NO INDICATION OF INJURY,0,0,0,0,0,2,0,15,4,8,41.8958252832,-87.6893713157,POINT (-87.689371315689 41.895825283217)
ce0cdcbe7c857f2a63dfcbb017353009b500c327c5347ba4966bc46d7a4a0fb2ad99050d15cf132172b0d229faf1ccda7d4eff844666d304cd8a72a168183cf8,,08/20/2025 03:14:00 PM,30,TRAFFIC SIGNAL,FUNCTIONING PROPERLY,CLEAR,DAYLIGHT,REAR END,DIVIDED - W/MEDIAN (NOT RAISED),,STRAIGHT AND LEVEL,DRY,NO DEFECTS,NOT ON SCENE (DESK REPORT),NO INJURY / DRIVE AWAY,,,,"OVER $1,500",08/20/2025 04:00:00 PM,DISTRACTION - FROM INSIDE VEHICLE,FAILING TO REDUCE SPEED TO AVOID CRASH,5326,W,LAWRENCE AVE,1623,,,,,,,2,NO INDICATION OF INJURY,0,0,0,0,0,3,0,15,4,8,41.9679788384,-87.7605462619,POINT (-87.760546261892 41.967978838386)
096043c9a1cbb8a9e0a23f542147d952f20935bde6e0d346b253327b099a058b1c7b3131f675566a5304812f1e4af10e2f91346138021cadbc63c7d078ba3b0d,,08/20/2025 03:10:00 PM,30,UNKNOWN,UNKNOWN,UNKNOWN,DAYLIGHT,SIDESWIPE SAME DIRECTION,DIVIDED - W/MEDIAN (NOT RAISED),,STRAIGHT AND LEVEL,UNKNOWN,UNKNOWN,NOT ON SCENE (DESK REPORT),NO INJURY / DRIVE AWAY,,,Y,"$501 - $1,500",08/20/2025 04:25:00 PM,UNABLE TO DETERMINE,NOT APPLICABLE,6424,N,RIDGE BLVD,2412,,,,,,,2,NO INDICATION OF INJURY,0,0,0,0,0,3,0,15,4,8,41.9986378093,-87.6773001544,POINT (-87.677300154356 41.998637809262)
58e1810bef5d7a5becfd142efad4afdfb74ac13663f19b919b9d81ee32a853e77827e184ad5a8d617d3c19fdcb02a5574744efcdb529922c56e8c2efd6c74894,,08/20/2025 03:10:00 PM,30,TRAFFIC SIGNAL,FUNCTIONING PROPERLY,CLEAR,DAYLIGHT,SIDESWIPE SAME DIRECTION,NOT DIVIDED,,STRAIGHT AND LEVEL,DRY,NO DEFECTS,ON SCENE,INJURY AND / OR TOW DUE TO CRASH,Y,,,"OVER $1,500",08/20/2025 03:26:00 PM,FOLLOWING TOO CLOSELY,IMPROPER OVERTAKING/PASSING,3100,S,KEDZIE AVE,1032,,,,,,,2,NO INDICATION OF INJURY,0,0,0,0,0,2,0,15,4,8,41.8371326714,-87.7049671148,POINT (-87.704967114787 41.837132671422)
81ab600f1b155d8f7c3a71611b3fe66669bcc27650cc1ef337ef84aeadeca7b693b98f67720f51511c155881db870cb642328b854363704855965626ed7f3f40,,08/20/2025 03:01:00 PM,30,NO CONTROLS,NO CONTROLS,CLEAR,DAYLIGHT,FIXED OBJECT,UNKNOWN,,STRAIGHT AND LEVEL,DRY,NO DEFECTS,ON SCENE,NO INJURY / DRIVE AWAY,,,,"OVER $1,500",08/20/2025 04:22:00 PM,IMPROPER TURNING/NO SIGNAL,UNABLE TO DETERMINE,6321,N,AVONDALE AVE,1612,,,,,,,1,NO INDICATION OF INJURY,0,0,0,0,0,1,0,15,4,8,41.9958316272,-87.8078779477,POINT (-87.807877947731 41.995831627237)