CRASH_RECORD_ID,CRASH_DATE_EST_I,CRASH_DATE,POSTED_SPEED_LIMIT,TRAFFIC_CONTROL_DEVICE,DEVICE_CONDITION,WEATHER_CONDITION,LIGHTING_CONDITION,FIRST_CRASH_TYPE,TRAFFICWAY_TYPE,LANE_CNT,ALIGNMENT,ROADWAY_SURFACE_COND,ROAD_DEFECT,REPORT_TYPE,CRASH_TYPE,INTERSECTION_RELATED_I,NOT_RIGHT_OF_WAY_I,HIT_AND_RUN_I,DAMAGE,DATE_POLICE_NOTIFIED,PRIM_CONTRIBUTORY_CAUSE,SEC_CONTRIBUTORY_CAUSE,STREET_NO,STREET_DIRECTION,STREET_NAME,BEAT_OF_OCCURRENCE,PHOTOS_TAKEN_I,STATEMENTS_TAKEN_I,DOORING_I,WORK_ZONE_I,WORK_ZONE_TYPE,WORKERS_PRESENT_I,NUM_UNITS,MOST_SEVERE_INJURY,INJURIES_TOTAL,INJURIES_FATAL,INJURIES_INCAPACITATING,INJURIES_NON_INCAPACITATING,INJURIES_REPORTED_NOT_EVIDENT,INJURIES_NO_INDICATION,INJURIES_UNKNOWN,CRASH_HOUR,CRASH_DAY_OF_WEEK,CRASH_MONTH,LATITUDE,LONGITUDE,LOCATION
96c8edb28de6e328fb8cc381c6170ee108f15ffd30effd328a2ff771dbeea48189b36cd49878fa42372bcae15d1a5e492f7dee60dd41ce97d43cb7f96ddc2c93,,08/20/2025 03:00:00 PM,30,STOP SIGN/FLASHER,FUNCTIONING PROPERLY,CLEAR,DAYLIGHT,TURNING,T-INTERSECTION,,STRAIGHT AND LEVEL,DRY,NO DEFECTS,ON SCENE,INJURY AND / OR TOW DUE TO CRASH,Y,,,"OVER $1,500",08/20/2025 03:58:00 PM,FAILING TO YIELD RIGHT-OF-WAY,UNABLE TO DETERMINE,3564,W,COLUMBUS AVE,834,,,,,,,2,NONINCAPACITATING INJURY,1,0,0,1,0,2,0,15,4,8,41.7438073125,-87.7113307499,POINT (-87.711330749926 41.743807312492)
e9082848be01f1e07d3938a449e4e5bde989db7aacf2aab2886e192278443bd008167bf45f39513353c395726baf0eb78f88b577a96207ec48405eb518dd62da,,08/20/2025 03:00:00 PM,35,NO CONTROLS,NO CONTROLS,CLEAR,DAYLIGHT,SIDESWIPE SAME DIRECTION,DIVIDED - W/MEDIAN (NOT RAISED),,STRAIGHT AND LEVEL,DRY,NO DEFECTS,NOT ON SCENE (DESK REPORT),NO INJURY / DRIVE AWAY,,,,"OVER $1,500",08/20/2025 05:30:00 PM,IMPROPER LANE USAGE,NOT APPLICABLE,6236,W,BRYN MAWR AVE,1622,,,,,,,2,NO INDICATION OF INJURY,0,0,0,0,0,3,0,15,4,8,41.9830167311,-87.7840338847,POINT (-87.784033884703 41.983016731058)
f17d24710ebdbff8b4738a5286f54490825cd320cdff2479b38fef187d4d3fc6a08c1208f44e0824a14535fdce5d6c58a513cfce2f25b12126ae039bd11d8812,,08/20/2025 03:00:00 PM,30,NO CONTROLS,NO CONTROLS,CLEAR,DAYLIGHT,SIDESWIPE SAME DIRECTION,NOT DIVIDED,,STRAIGHT AND LEVEL,DRY,NO DEFECTS,NOT ON SCENE (DESK REPORT),NO INJURY / DRIVE AWAY,,,,"OVER $1,500",08/20/2025 06:00:00 PM,UNABLE TO DETERMINE,NOT APPLICABLE,4700,S,PRAIRIE AVE,224,,,,,,,2,NO INDICATION OF INJURY,0,0,0,0,0,2,0,15,4,8,41.8092424965,-87.6197368017,POINT (-87.619736801734 41.809242496495)
01ee133b54737543e2222a66691eedf006fd397eb44ee627e7c48ab65c01588a4ddeb39e8d05271fa6959e27a685230d6efbef1d68b23c79a9182df40e73c33b,,08/20/2025 02:57:00 PM,30,TRAFFIC SIGNAL,NO CONTROLS,CLEAR,DAYLIGHT,REAR END,FOUR WAY,,STRAIGHT AND LEVEL,DRY,UNKNOWN,NOT ON SCENE (DESK REPORT),NO INJURY / DRIVE AWAY,,,,"OVER $1,500",08/20/2025 02:59:00 PM,UNABLE TO DETERMINE,UNABLE TO DETERMINE,2800,N,CENTRAL AVE,2514,,,,,,,2,NO INDICATION OF INJURY,0,0,0,0,0,2,0,14,4,8,41.9313655524,-87.7663965288,POINT (-87.766396528792 41.931365552363)
3d15a1f968b29fcdecde5f3d9f5a7a7ee6579c3b0bec496d59b6c9220eb5e9dd2a6cd8f3e7de7be56bcf203c293da15aeabdbb63fa3745cf74db49746ce8c56f,,08/20/2025 02:50:00 PM,35,NO CONTROLS,NO CONTROLS,CLEAR,DAYLIGHT,PARKED MOTOR VEHICLE,NOT DIVIDED,,STRAIGHT AND LEVEL,DRY,NO DEFECTS,NOT ON SCENE (DESK REPORT),INJURY AND / OR TOW DUE TO CRASH,,,,"OVER $1,500",08/20/2025 06:30:00 PM,UNABLE TO DETERMINE,NOT APPLICABLE,6834,S,HERMITAGE AVE,725,,,,,,,3,NO INDICATION OF INJURY,0,0,0,0,0,1,0,14,4,8,41.7692752857,-87.6677273445,POINT (-87.667727344506 41.76927528568)
4289977e09cd4d7016018c847c257853630551a6b1a5bc5849967918276405fbfbd9166b5339c17793eeaf48359d5b266511d0424f570b53edfcf0184d011305,,08/20/2025 02:50:00 PM,35,NO CONTROLS,NO CONTROLS,CLEAR,DAYLIGHT,SIDESWIPE OPPOSITE DIRECTION,NOT DIVIDED,,STRAIGHT AND LEVEL,DRY,NO DEFECTS,,NO INJURY / DRIVE AWAY,,,N,"OVER $1,500",08/20/2025 05:28:00 PM,UNABLE TO DETERMINE,UNABLE TO DETERMINE,1000,E,76TH ST,624,,Y,,,,,2,NO INDICATION OF INJURY,0,0,0,0,0,2,0,14,4,8,41.7569209373,-87.6004125776,POINT (-87.600412577641 41.75692093732)
886f5940451df00c71edfd3b22ed2cab329b93617b2cffe2ac6b7b99608a4aad7ea6fda2b9e1a68cd1ca9553dea6cbe5aa1838cce6cb2672a08a061c099843bf,,08/20/2025 02:50:00 PM,30,TRAFFIC SIGNAL,FUNCTIONING PROPERLY,CLEAR,DAYLIGHT,SIDESWIPE SAME DIRECTION,FOUR WAY,,STRAIGHT AND LEVEL,DRY,NO DEFECTS,ON SCENE,NO INJURY / DRIVE AWAY,Y,,,"OVER $1,500",08/20/2025 03:18:00 PM,UNABLE TO DETERMINE,UNABLE TO DETERMINE,8801,W,HIGGINS RD,1614,,,,,,,2,NO INDICATION OF INJURY,0,0,0,0,0,3,0,14,4,8,41.9878156053,-87.847021814,POINT (-87.84702181399 41.987815605286)
afea521010224a8342a4338dded21af9744797f3e8c8777c8a8ace939c04955a11550769a412c0736003a397c9e840c4cb9359f2c7f1004e4cce554ff7e957f4,,08/20/2025 02:45:00 PM,30,OTHER,UNKNOWN,UNKNOWN,UNKNOWN,SIDESWIPE SAME DIRECTION,DIVIDED - W/MEDIAN (NOT RAISED),,STRAIGHT AND LEVEL,UNKNOWN,UNKNOWN,NOT ON SCENE (DESK REPORT),NO INJURY / DRIVE AWAY,,,Y,"OVER $1,500",08/21/2025 12:20:00 PM,IMPROPER LANE USAGE,NOT APPLICABLE,2004,S,PULASKI RD,1012,,,,,,,2,NO INDICATION OF INJURY,0,0,0,0,0,2,0,14,4,8,41.854235577,-87.724974465,POINT (-87.724974464991 41.854235576952)
c4c28ae457e9d6706a6f306e1a90ead60224913b277c4491d52a8d90975ff51b67396c6b28f723a5d8e36ad77306e609fc3e1a7c85418dad285167366f158aa6,,08/20/2025 02:45:00 PM,35,TRAFFIC SIGNAL,FUNCTIONING PROPERLY,UNKNOWN,DAYLIGHT,REAR END,ONE-WAY,,STRAIGHT AND LEVEL,UNKNOWN,UNKNOWN,NOT ON SCENE (DESK REPORT),NO INJURY / DRIVE AWAY,,,Y,"OVER $1,500",08/20/2025 02:45:00 PM,DISREGARDING TRAFFIC SIGNALS,NOT APPLICABLE,4300,S,MICHIGAN AVE,215,,,,,,,2,NO INDICATION OF INJURY,0,0,0,0,0,2,0,14,4,8,41.8164470719,-87.6231758739,POINT (-87.623175873911 41.816447071893)
7205f8693d951f045fc2cac65071ec95a34f9562a7d1a4a25879f1aee3ddce254c6147a79d4a00df9d13d2088e661aab676f0a484f5beeac80d31a97c57646a4,,08/20/2025 02:40:00 PM,10,NO CONTROLS,NO CONTROLS,CLEAR,UNKNOWN,PARKED MOTOR VEHICLE,PARKING LOT,,STRAIGHT AND LEVEL,UNKNOWN,UNKNOWN,NOT ON SCENE (DESK REPORT),NO INJURY / DRIVE AWAY,,,,"OVER $1,500",08/20/2025 05:09:00 PM,UNABLE TO DETERMINE,NOT APPLICABLE,5201,N,SHERIDAN RD,2023,,,,,,,2,NO INDICATION OF INJURY,0,0,0,0,0,1,0,14,4,8,41.9764816676,-87.6548397772,POINT (-87.654839777167 41.976481667612)
46540f004f282348173914e3a272c47dedd5e4aecf66556f547bbcd5fc94ea7ac68ac95a7fec1212897189c9e34d8c9ca04741bb8b1aca9cf366f0ee384bd28b,,08/20/2025 02:30:00 PM,30,NO CONTROLS,NO CONTROLS,CLEAR,DAYLIGHT,PARKED MOTOR VEHICLE,NOT DIVIDED,,STRAIGHT AND LEVEL,DRY,WORN SURFACE,NOT ON SCENE (DESK REPORT),NO INJURY / DRIVE AWAY,,,,"OVER $1,500",08/25/2025 01:59:00 PM,DRIVING SKILLS/KNOWLEDGE/EXPERIENCE,NOT APPLICABLE,1540,W,HURON ST,1215,,,,,,,3,NO INDICATION OF INJURY,0,0,0,0,0,2,0,14,4,8,41.8943683246,-87.6671588566,POINT (-87.667158856626 41.894368324628)
64ba31d661f2a70b450036a58123d4348452761d472eb6bd3453f205b2791212b3d7713457be0195d61bcc945aab87a464ba700db844cd927eb03fcafc91e6dc,,08/20/2025 02:30:00 PM,40,NO CONTROLS,NO CONTROLS,UNKNOWN,DAYLIGHT,REAR END,DIVIDED - W/MEDIAN BARRIER,,STRAIGHT AND LEVEL,DRY,UNKNOWN,NOT ON SCENE (DESK REPORT),NO INJURY / DRIVE AWAY,,,,"OVER $1,500",08/20/2025 04:40:00 PM,UNABLE TO DETERMINE,NOT APPLICABLE,121,N,LAKE SHORE DR NB,114,,,,,,,2,NO INDICATION OF INJURY,0,0,0,0,0,2,0,14,4,8,41.8832700033,-87.6149075391,POINT (-87.614907539104 41.883270003318)
6611614ca9dca7f59a2f8faec18acb160a31958604827c80bbac92fb03f6082a8c26fc8dbcd0cf01a5b4426b954c63e50bd7f307c183c1d1f23081d810dce817,,08/20/2025 02:30:00 PM,30,UNKNOWN,UNKNOWN,CLEAR,DAYLIGHT,ANGLE,ALLEY,,STRAIGHT AND LEVEL,UNKNOWN,UNKNOWN,NOT ON SCENE (DESK REPORT),NO INJURY / DRIVE AWAY,,,,"OVER $1,500",08/20/2025 04:20:00 PM,UNABLE TO DETERMINE,UNABLE TO DETERMINE,550,N,STATE ST,1831,,,,,,,2,NO INDICATION OF INJURY,0,0,0,0,0,2,0,14,4,8,41.8924213661,-87.6282348711,POINT (-87.628234871137 41.892421366131)
97339cad05e8099f063ee63a078c5a96cbf19e78ccd92af000a1d3750c7ccd630966da6b7be5cd1396231bc2d1a1db86d25da6d27cfa947469315dee68293ed9,Y,08/20/2025 02:30:00 PM,30,UNKNOWN,UNKNOWN,CLEAR,DAYLIGHT,REAR END,NOT DIVIDED,,STRAIGHT AND LEVEL,DRY,UNKNOWN,NOT ON SCENE (DESK REPORT),NO INJURY / DRIVE AWAY,,,,"OVER $1,500",08/20/2025 04:00:00 PM,UNABLE TO DETERMINE,NOT APPLICABLE,350,N,LAKE SHORE DR NB,114,,,,,,,2,NO INDICATION OF INJURY,0,0,0,0,0,2,0,14,4,8,41.8881020224,-87.6143070112,POINT (-87.61430701123 41.888102022383)
8ee52bc1b94d37b567b7c4831cde0f75ed54c3e433e197e6d94dd2ccee0e6f7a399128bdea7c222e8a40e1c8c425f24c706710279187e93d01dd2a7750b1fe60,,08/20/2025 02:23:00 PM,30,NO CONTROLS,NO CONTROLS,CLEAR,DAYLIGHT,PARKED MOTOR VEHICLE,NOT DIVIDED,,STRAIGHT AND LEVEL,DRY,UNKNOWN,ON SCENE,INJURY AND / OR TOW DUE TO CRASH,,,,"OVER $1,500",08/20/2025 02:23:00 PM,UNABLE TO DETERMINE,UNABLE TO DETERMINE,6312,N,KEDZIE AVE,2413,,,,,,,3,NO INDICATION OF INJURY,0,0,0,0,0,1,0,14,4,8,41.9960385997,-87.7094588096,POINT (-87.709458809616 41.996038599719)
aaf0633ae0a2db3c70dd86921dbe50214b156add4b26466457b4518d8b603760c74633683899820d7117008be21af0199325f6b323489d73102d53b09e220e53,,08/20/2025 02:22:00 PM,30,TRAFFIC SIGNAL,FUNCTIONING PROPERLY,CLEAR,DAYLIGHT,PEDALCYCLIST,FOUR WAY,,STRAIGHT AND LEVEL,DRY,UNKNOWN,ON SCENE,INJURY AND / OR TOW DUE TO CRASH,Y,,,"OVER $1,500",08/20/2025 02:26:00 PM,UNABLE TO DETERMINE,NOT APPLICABLE,4464,W,LAWRENCE AVE,1712,,,,,,,2,INCAPACITATING INJURY,1,0,1,0,0,1,0,14,4,8,41.9682170769,-87.7402305806,POINT (-87.740230580574 41.968217076898)
855d75464b9a07ec2b9b78675efa278fb694d9bffa31068d4f1be4a5d3429398738a6a8fb0898ad2027435b7712b485d8f0b91dd840895e2aae6a97bf9bb49fb,,08/20/2025 02:12:00 PM,30,UNKNOWN,UNKNOWN,UNKNOWN,UNKNOWN,SIDESWIPE SAME DIRECTION,FOUR WAY,,STRAIGHT AND LEVEL,UNKNOWN,UNKNOWN,NOT ON SCENE (DESK REPORT),NO INJURY / DRIVE AWAY,Y,,,"OVER $1,500",08/21/2025 07:21:00 PM,IMPROPER OVERTAKING/PASSING,DRIVING SKILLS/KNOWLEDGE/EXPERIENCE,810,N,CLARK ST,1832,,,,,,,2,NO INDICATION OF INJURY,0,0,0,0,0,2,0,14,4,8,41.897000482,-87.6314000589,POINT (-87.631400058887 41.897000481963)
1eafa9d2d6f8fdf18a2f79ae4147a19b6c626952767ef1f0986efa80c32484683bc17ba56866fee93a6bb9681b29ca52ae47721886eb31ae8dd58a58d295c035,,08/20/2025 02:05:00 PM,25,TRAFFIC SIGNAL,UNKNOWN,CLEAR,DAYLIGHT,SIDESWIPE SAME DIRECTION,NOT DIVIDED,,STRAIGHT AND LEVEL,DRY,UNKNOWN,NOT ON SCENE (DESK REPORT),NO INJURY / DRIVE AWAY,,,,"OVER $1,500",08/20/2025 03:20:00 PM,UNABLE TO DETERMINE,UNABLE TO DETERMINE,700,N,MICHIGAN AVE,1834,,,,,,,2,NO INDICATION OF INJURY,0,0,0,0,0,2,0,14,4,8,41.8949795111,-87.6243999705,POINT (-87.624399970455 41.8949795111)
bcd3a073e013e0bfebe5caf19c4703bdccd2e325db456844d1bbb286dd07072fa4d7b69a9d4c4201b5cb2630458368b1288281488b9d4e294816f38bf729133f,,08/20/2025 02:05:00 PM,30,UNKNOWN,UNKNOWN,CLEAR,DAYLIGHT,REAR END,FOUR WAY,,STRAIGHT AND LEVEL,UNKNOWN,UNKNOWN,NOT ON SCENE (DESK REPORT),NO INJURY / DRIVE AWAY,Y,,,"$501 - $1,500",08/20/2025 03:50:00 PM,UNABLE TO DETERMINE,UNABLE TO DETERMINE,1177,N,ELSTON AVE,1213,,,,,,,2,NO INDICATION OF INJURY,0,0,0,0,0,2,0,14,4,8,41.9034341983,-87.6580866476,POINT (-87.658086647585 41.903434198336)
6c0b698b10727bbd4cd75324e7d7b35112e608349949ad60cb1309eb182bd5fc7e1cc58399cf3a1e63bed94b5e8f7e52b40eb5aeca4f4144aa111ca950a5740a,,08/20/2025 02:03:00 PM,30,NO CONTROLS,NO CONTROLS,CLEAR,DAYLIGHT,REAR END,DIVIDED - W/MEDIAN BARRIER,,STRAIGHT AND LEVEL,DRY,NO DEFECTS,ON SCENE,NO INJURY / DRIVE AWAY,,,,$500 OR LESS,08/20/2025 02:42:00 PM,UNABLE TO DETERMINE,NOT APPLICABLE,9205,S,WESTERN AVE,2221,,,,,,,2,NO INDICATION OF INJURY,0,0,0,0,0,3,0,14,4,8,41.726167541,-87.6820815598,POINT (-87.682081559827 41.726167540952)
b494d23909c509d3885804f2da1d9a76e3e210d0ce5391a729e7ecc49bfb7eac4e479b685913d45ff408e89a05bf5ee7e32209d7962419e79eb73a295cf9ffbf,,08/20/2025 02:02:00 PM,30,TRAFFIC SIGNAL,FUNCTIONING PROPERLY,CLEAR,DAYLIGHT,SIDESWIPE SAME DIRECTION,DIVIDED - W/MEDIAN BARRIER,,STRAIGHT AND LEVEL,UNKNOWN,UNKNOWN,NOT ON SCENE (DESK REPORT),NO INJURY / DRIVE AWAY,,,,"OVER $1,500",08/20/2025 03:00:00 PM,UNABLE TO DETERMINE,NOT APPLICABLE,660,W,MONTROSE AVE,1914,,,,,,,2,NO INDICATION OF INJURY,0,0,0,0,0,2,0,14,4,8,41.9619905058,-87.6475171934,POINT (-87.647517193427 41.961990505752)
2826501169e75a56ce4b4236423ec74d12ffc862451cee466d24740e1919d332924c927841329d393eea2f734805ca9c4728f288682dd37c4ba842778ba79758,,08/20/2025 02:01:00 PM,30,TRAFFIC SIGNAL,FUNCTIONING PROPERLY,CLEAR,DAYLIGHT,SIDESWIPE SAME DIRECTION,DIVIDED - W/MEDIAN (NOT RAISED),,STRAIGHT AND LEVEL,DRY,NO DEFECTS,ON SCENE,NO INJURY / DRIVE AWAY,,,,"OVER $1,500",08/20/2025 02:38:00 PM,IMPROPER OVERTAKING/PASSING,IMPROPER OVERTAKING/PASSING,3105,S,WESTERN AVE,912,,,,,,,2,NO INDICATION OF INJURY,0,0,0,0,0,3,0,14,4,8,41.8376818986,-87.6848229086,POINT (-87.68482290858 41.837681898634)
2978b8cb284c815e139c9c3a1c046dacac95d20408d74ec4933f346c13815b1c702a24c1e0b04bcfe29892c44acc8769ed04c302ca21b46962d71dec815b2307,,08/20/2025 02:00:00 PM,30,TRAFFIC SIGNAL,FUNCTIONING PROPERLY,UNKNOWN,UNKNOWN,REAR END,NOT DIVIDED,,STRAIGHT AND LEVEL,UNKNOWN,UNKNOWN,NOT ON SCENE (DESK REPORT),NO INJURY / DRIVE AWAY,,,,"$501 - $1,500",08/20/2025 04:00:00 PM,FAILING TO REDUCE SPEED TO AVOID CRASH,NOT APPLICABLE,516,N,CICERO AVE,1532,,,,,,,2,NO INDICATION OF INJURY,0,0,0,0,0,3,0,14,4,8,41.8901587059,-87.7457857741,POINT (-87.745785774111 41.890158705921)
39087b604e4eb6f3630753f374adce03379fb4c906b8d9eb3741755fcab25296c0727e132f6199548fdd942f929f203ecce0e9da417cedb559af3b6c4311b59a,,08/20/2025 02:00:00 PM,30,NO CONTROLS,NO CONTROLS,UNKNOWN,UNKNOWN,PARKED MOTOR VEHICLE,PARKING LOT,,STRAIGHT AND LEVEL,UNKNOWN,UNKNOWN,NOT ON SCENE (DESK REPORT),NO INJURY / DRIVE AWAY,,,Y,"$501 - $1,500",08/20/2025 06:45:00 PM,DRIVING SKILLS/KNOWLEDGE/EXPERIENCE,NOT APPLICABLE,4027,W,DIVERSEY AVE,2524,,,,,,,2,NO INDICATION OF INJURY,0,0,0,0,0,1,0,14,4,8,41.9316640173,-87.7280865107,POINT (-87.728086510723 41.931664017314)
54fa70aa561833107682946713c7d4e2375af0bfd876eb077d43885fa161a48cd0218e8fa76ab6974aa54afd3ad99471057f7da8ffe84bf7b0f45fcf2aedd2f0,,08/20/2025 02:00:00 PM,30,NO CONTROLS,NO CONTROLS,CLEAR,DAYLIGHT,SIDESWIPE SAME DIRECTION,ONE-WAY,,STRAIGHT AND LEVEL,DRY,NO DEFECTS,NOT ON SCENE (DESK REPORT),NO INJURY / DRIVE AWAY,,,,"$501 - $1,500",08/20/2025 03:00:00 PM,IMPROPER OVERTAKING/PASSING,IMPROPER OVERTAKING/PASSING,444,W,JACKSON BLVD,121,,,,,,,2,NO INDICATION OF INJURY,0,0,0,0,0,2,0,14,4,8,41.878155377,-87.6394999563,POINT (-87.639499956282 41.878155377048)
fc2666850b595f689d037bd4ec3c399e096e0df0d7ceb1f0420353dee90fbb5f6d07e70414017ddc171d7dd4d18b83c8bb2a668e6beab9496e6e0229936b1a16,,08/20/2025 02:00:00 PM,30,TRAFFIC SIGNAL,FUNCTIONING PROPERLY,CLEAR,DAYLIGHT,ANGLE,FOUR WAY,,STRAIGHT AND LEVEL,DRY,NO DEFECTS,ON SCENE,INJURY AND / OR TOW DUE TO CRASH,Y,,,"OVER $1,500",08/20/2025 02:01:00 PM,FAILING TO YIELD RIGHT-OF-WAY,FAILING TO REDUCE SPEED TO AVOID CRASH,3716,S,ARCHER AVE,911,,,,,,,2,NO INDICATION OF INJURY,0,0,0,0,0,3,0,14,4,8,41.8260400172,-87.6849673999,POINT (-87.684967399868 41.826040017229)
aab90967ca597ea56978568accbce83411b7d0ea6be6b0a1bdd57c0f1a96122c7f77bb7d22eb8c89fcb8fb3b04afff8f8a4c6a8cc292a810b6b003eb69305123,,08/20/2025 01:55:00 PM,30,NO CONTROLS,NO CONTROLS,CLEAR,DAYLIGHT,SIDESWIPE SAME DIRECTION,NOT DIVIDED,,STRAIGHT AND LEVEL,DRY,UNKNOWN,ON SCENE,INJURY AND / OR TOW DUE TO CRASH,,,,"OVER $1,500",08/20/2025 02:00:00 PM,FAILING TO YIELD RIGHT-OF-WAY,FAILING TO YIELD RIGHT-OF-WAY,3237,W,26TH ST,1032,,,,,,,2,NO INDICATION OF INJURY,0,0,0,0,0,2,0,13,4,8,41.8443892553,-87.706405837,POINT (-87.706405837024 41.844389255308)
62c976fd693bc219678cae640620ba1110e2383927563e7e5fd69e6ac78b32cd814f47fe2836e732259e9b7522c9927f408b6b84987059fdcd95aab6f3facfcc,,08/20/2025 01:50:00 PM,30,NO CONTROLS,NO CONTROLS,CLEAR,DAYLIGHT,PEDALCYCLIST,NOT DIVIDED,,STRAIGHT AND LEVEL,DRY,UNKNOWN,ON SCENE,INJURY AND / OR TOW DUE TO CRASH,Y,,N,$500 OR LESS,08/20/2025 02:36:00 PM,UNABLE TO DETERMINE,UNABLE TO DETERMINE,2277,W,HOWARD ST,2411,,,,,,,2,INCAPACITATING INJURY,1,0,1,0,0,1,0,13,4,8,42.0194056236,-87.6875944636,POINT (-87.687594463616 42.019405623596)
bb4728ef687c6dd15ac4fb6bce37a9d200df3fda052456d37dbdaa5ae50e7de1a60d2c67c8f31c47080fff60e80ff27b6e9e7d5257b8cd4c8ac153a5f1357850,,08/20/2025 01:50:00 PM,25,TRAFFIC SIGNAL,FUNCTIONING PROPERLY,CLEAR,DAYLIGHT,SIDESWIPE SAME DIRECTION,NOT DIVIDED,,STRAIGHT AND LEVEL,DRY,NO DEFECTS,NOT ON SCENE (DESK REPORT),NO INJURY / DRIVE AWAY,Y,,,"OVER $1,500",08/20/2025 02:10:00 PM,UNABLE TO DETERMINE,UNABLE TO DETERMINE,2600,S,CALIFORNIA AVE,1033,,,,,,,2,NO INDICATION OF INJURY,0,0,0,0,0,2,0,13,4,8,41.8445843003,-87.6953598432,POINT (-87.695359843215 41.844584300311)
71bb08d69ee572287aa04f6e3aa96878b030beca866f01edc70170d02e57c6d1b126f5776a537fdcbc157839270bc89d4ba2abb5227f99674cbb1785a4fd9661,,08/20/2025 01:47:00 PM,30,TRAFFIC SIGNAL,FUNCTIONING PROPERLY,CLEAR,DAYLIGHT,REAR END,DIVIDED - W/MEDIAN BARRIER,,STRAIGHT AND LEVEL,DRY,NO DEFECTS,NOT ON SCENE (DESK REPORT),NO INJURY / DRIVE AWAY,,,,"$501 - $1,500",08/20/2025 02:15:00 PM,FOLLOWING TOO CLOSELY,FAILING TO REDUCE SPEED TO AVOID CRASH,3800,W,OGDEN AVE,1014,,,,,,,2,NO INDICATION OF INJURY,0,0,0,0,0,3,0,13,4,8,41.8529525701,-87.7200084612,POINT (-87.720008461242 41.852952570147)
750d5f80cce98edec2704cf9c3a33ee5c60d86d505f660a5d5eb5e386558afa1278f47f4c7ac64360ea335b797bd23d83b79c4dc37abc1c7ad75a44f6e2c8d86,,08/20/2025 01:40:00 PM,25,NO CONTROLS,NO CONTROLS,CLEAR,DAYLIGHT,REAR TO REAR,NOT DIVIDED,,STRAIGHT AND LEVEL,DRY,NO DEFECTS,NOT ON SCENE (DESK REPORT),NO INJURY / DRIVE AWAY,,,,"OVER $1,500",08/20/2025 02:00:00 PM,UNABLE TO DETERMINE,UNABLE TO DETERMINE,742,W,31ST ST,914,,,,,,,2,NO INDICATION OF INJURY,0,0,0,0,0,2,0,13,4,8,41.8381640776,-87.6455488551,POINT (-87.64554885514 41.838164077592)
81021ceae40b72f79f79628b661b23cdc6b81022f13bd3c3e7a8e71101eb31984da5e385d5620b4da2da7fac3d2379ec11c85aff579e32d33978d2d065a52e96,,08/20/2025 01:40:00 PM,30,STOP SIGN/FLASHER,FUNCTIONING PROPERLY,CLEAR,DAYLIGHT,SIDESWIPE SAME DIRECTION,FOUR WAY,,STRAIGHT AND LEVEL,DRY,NO DEFECTS,ON SCENE,INJURY AND / OR TOW DUE TO CRASH,Y,,Y,"OVER $1,500",08/20/2025 01:40:00 PM,"OPERATING VEHICLE IN ERRATIC, RECKLESS, CARELESS, NEGLIGENT OR AGGRESSIVE MANNER",IMPROPER OVERTAKING/PASSING,4300,W,AUGUSTA BLVD,1111,,,,,,,2,"REPORTED, NOT EVIDENT",3,0,0,0,3,1,0,13,4,8,41.8990028135,-87.7337055363,POINT (-87.733705536336 41.899002813474)
9433179cd25c306da8c34b10bff757ca6fb7781fd2cb98d9ba162491a3e248ff4935b77b2da58608a8940119552ec8e6d2c6d4ceece159ba4802068df26c0336,N,08/20/2025 01:40:00 PM,30,NO CONTROLS,NO CONTROLS,CLEAR,DAYLIGHT,SIDESWIPE SAME DIRECTION,OTHER,,STRAIGHT AND LEVEL,DRY,NO DEFECTS,ON SCENE,INJURY AND / OR TOW DUE TO CRASH,,,,"OVER $1,500",08/20/2025 02:31:00 PM,UNABLE TO DETERMINE,NOT APPLICABLE,630,S,DESPLAINES ST,124,,,,,,,2,NO INDICATION OF INJURY,0,0,0,0,0,2,0,13,4,8,41.8735697612,-87.6440108895,POINT (-87.644010889503 41.873569761174)
e0b3e5d0daed1e48fad1ee3e43f4bd41c5dbfd3403770c8e6703683f791cded4695960e27bb75cb91432616e65b606005b16dacf96ee774bd624c66ec3b81c5b,,08/20/2025 01:35:00 PM,30,TRAFFIC SIGNAL,FUNCTIONING PROPERLY,CLEAR,DAYLIGHT,PEDALCYCLIST,T-INTERSECTION,,STRAIGHT AND LEVEL,DRY,NO DEFECTS,ON SCENE,INJURY AND / OR TOW DUE TO CRASH,Y,,,"$501 - $1,500",08/20/2025 01:41:00 PM,FAILING TO YIELD RIGHT-OF-WAY,DRIVING SKILLS/KNOWLEDGE/EXPERIENCE,2595,N,WESTERN AVE,1432,,,,,,,2,NONINCAPACITATING INJURY,1,0,0,1,0,1,0,13,4,8,41.9286218263,-87.6876263765,POINT (-87.68762637655 41.928621826255)
17b556f7d326614aea2b741ac27113c55ef94be162c015304b42ed2adeb5c6e469da6f5a79b649d08d7fb1200e405ac7f958454cdcd985c22947880eb0cf964f,,08/20/2025 01:34:00 PM,30,NO CONTROLS,NO CONTROLS,CLEAR,DAYLIGHT,SIDESWIPE OPPOSITE DIRECTION,ONE-WAY,,STRAIGHT AND LEVEL,DRY,NO DEFECTS,NOT ON SCENE (DESK REPORT),NO INJURY / DRIVE AWAY,,,,"OVER $1,500",08/20/2025 05:33:00 PM,IMPROPER BACKING,DRIVING SKILLS/KNOWLEDGE/EXPERIENCE,56,E,CHICAGO AVE,1833,,Y,,,,,2,NO INDICATION OF INJURY,0,0,0,0,0,2,0,13,4,8,41.8968182077,-87.6260211679,POINT (-87.626021167931 41.896818207654)