CRASH_RECORD_ID,CRASH_DATE_EST_I,CRASH_DATE,POSTED_SPEED_LIMIT,TRAFFIC_CONTROL_DEVICE,DEVICE_CONDITION,WEATHER_CONDITION,LIGHTING_CONDITION,FIRST_CRASH_TYPE,TRAFFICWAY_TYPE,LANE_CNT,ALIGNMENT,ROADWAY_SURFACE_COND,ROAD_DEFECT,REPORT_TYPE,CRASH_TYPE,INTERSECTION_RELATED_I,NOT_RIGHT_OF_WAY_I,HIT_AND_RUN_I,DAMAGE,DATE_POLICE_NOTIFIED,PRIM_CONTRIBUTORY_CAUSE,SEC_CONTRIBUTORY_CAUSE,STREET_NO,STREET_DIRECTION,STREET_NAME,BEAT_OF_OCCURRENCE,PHOTOS_TAKEN_I,STATEMENTS_TAKEN_I,DOORING_I,WORK_ZONE_I,WORK_ZONE_TYPE,WORKERS_PRESENT_I,NUM_UNITS,MOST_SEVERE_INJURY,INJURIES_TOTAL,INJURIES_FATAL,INJURIES_INCAPACITATING,INJURIES_NON_INCAPACITATING,INJURIES_REPORTED_NOT_EVIDENT,INJURIES_NO_INDICATION,INJURIES_UNKNOWN,CRASH_HOUR,CRASH_DAY_OF_WEEK,CRASH_MONTH,LATITUDE,LONGITUDE,LOCATION
cd253e652cc80add7ee748b2e81bf0229d044a078d8fbf490b9992cc4ace003b5c7f52d028920844250a60813c861a8dd64f37de491a189e40306f8c143845af,,08/20/2025 01:34:00 PM,30,TRAFFIC SIGNAL,FUNCTIONING PROPERLY,CLEAR,DAYLIGHT,REAR END,DIVIDED - W/MEDIAN (NOT RAISED),,STRAIGHT AND LEVEL,DRY,NO DEFECTS,ON SCENE,INJURY AND / OR TOW DUE TO CRASH,,,,"OVER $1,500",08/20/2025 01:34:00 PM,FAILING TO YIELD RIGHT-OF-WAY,UNABLE TO DETERMINE,2533,N,NARRAGANSETT AVE,2512,,,,,,,3,NO INDICATION OF INJURY,0,0,0,0,0,3,0,13,4,8,41.926605215,-87.7854116163,POINT (-87.785411616326 41.926605215034)
447f47826c7ef66fd013d3a958af0b3184d3eed320180dc86d4505a69ab6741b0ac16901fbd5d39fddb820f76e2461dc1d1b9a4f47b41e04c1ebaf37df0950aa,,08/20/2025 01:30:00 PM,25,STOP SIGN/FLASHER,FUNCTIONING PROPERLY,CLEAR,DAYLIGHT,TURNING,ONE-WAY,,STRAIGHT AND LEVEL,DRY,NO DEFECTS,NOT ON SCENE (DESK REPORT),NO INJURY / DRIVE AWAY,,,,"OVER $1,500",08/28/2025 05:32:00 PM,UNABLE TO DETERMINE,UNABLE TO DETERMINE,2320,S,LAWNDALE AVE,1013,,,,,,,2,NO INDICATION OF INJURY,0,0,0,0,0,2,0,13,4,8,41.8491561974,-87.717511818,POINT (-87.717511817968 41.849156197386)
787720a3a950000194c91d6d0655373cba298e011f5752131255fe76f17c73e5e3da5041a1ece8656b95360c5c2d7d7f4274259e4ef7a8d6d618026afea096df,,08/20/2025 01:30:00 PM,30,NO CONTROLS,NO CONTROLS,CLEAR,DAYLIGHT,FIXED OBJECT,DIVIDED - W/MEDIAN (NOT RAISED),,STRAIGHT AND LEVEL,DRY,UNKNOWN,NOT ON SCENE (DESK REPORT),NO INJURY / DRIVE AWAY,,,,"OVER $1,500",08/20/2025 05:15:00 PM,DRIVING SKILLS/KNOWLEDGE/EXPERIENCE,NOT APPLICABLE,1781,W,WRIGHTWOOD AVE,1931,,,,,,,1,NO INDICATION OF INJURY,0,0,0,0,0,1,0,13,4,8,41.9286046611,-87.6730361956,POINT (-87.673036195576 41.928604661104)
7a032a5210fba4c26d34980272eb628e4fd1fc5d29cc731ae65288b3cb82716df9c763ee5dcabd9dca72886cf1e47b26c290b507669910a666fb1b537d327fae,,08/20/2025 01:30:00 PM,30,NO CONTROLS,NO CONTROLS,CLEAR,DAYLIGHT,HEAD ON,NOT DIVIDED,,STRAIGHT AND LEVEL,DRY,NO DEFECTS,NOT ON SCENE (DESK REPORT),NO INJURY / DRIVE AWAY,,,Y,"OVER $1,500",08/21/2025 08:45:00 AM,UNABLE TO DETERMINE,NOT APPLICABLE,801,N,MILWAUKEE AVE,1213,,,,,,,2,NO INDICATION OF INJURY,0,0,0,0,0,2,0,13,4,8,41.8963844813,-87.6554111193,POINT (-87.655411119252 41.896384481321)
470b0555c275f990cc693cd01eafa075f31afb162b1ffe94327de1adc8fba4d0879d793110f31c48cf3ea6888f726e1c04106d4d9146d1c44f47cbed50ac5e61,,08/20/2025 01:28:00 PM,30,NO CONTROLS,NO CONTROLS,CLEAR,DUSK,SIDESWIPE SAME DIRECTION,NOT DIVIDED,,STRAIGHT AND LEVEL,DRY,NO DEFECTS,NOT ON SCENE (DESK REPORT),NO INJURY / DRIVE AWAY,,,Y,"$501 - $1,500",08/21/2025 12:26:00 AM,IMPROPER LANE USAGE,UNABLE TO DETERMINE,398,E,74TH ST,323,,,,,,,2,NO INDICATION OF INJURY,0,0,0,0,0,2,0,13,4,8,41.7603428488,-87.6152467376,POINT (-87.615246737555 41.760342848773)
1ec1112eae09baaadbcf6bd57cf29bfc22a22671797ce8782e8012760799b7490fed5038534e7c6436d4db4e52818a8c3fa54c97723a27a7f2fc9b461d91c2e5,,08/20/2025 01:25:00 PM,30,NO CONTROLS,NO CONTROLS,CLEAR,DAYLIGHT,PARKED MOTOR VEHICLE,NOT DIVIDED,,STRAIGHT AND LEVEL,DRY,UNKNOWN,ON SCENE,INJURY AND / OR TOW DUE TO CRASH,,Y,,"OVER $1,500",08/20/2025 01:27:00 PM,PHYSICAL CONDITION OF DRIVER,NOT APPLICABLE,4150,N,BROADWAY,1915,,,,,,,2,INCAPACITATING INJURY,1,0,1,0,0,0,0,13,4,8,41.9582012265,-87.6530347724,POINT (-87.653034772432 41.95820122649)
574804f55ebbfbcf7dd834a0e1ab904c9c48d2c5079c3b341583221cb13351df8d88bc70e85ba8498387e64b5572bec5c29cc9ad7861dd70276afc4151e655ae,Y,08/20/2025 01:20:00 PM,30,UNKNOWN,UNKNOWN,UNKNOWN,DAYLIGHT,SIDESWIPE SAME DIRECTION,DIVIDED - W/MEDIAN BARRIER,,STRAIGHT AND LEVEL,UNKNOWN,UNKNOWN,NOT ON SCENE (DESK REPORT),NO INJURY / DRIVE AWAY,,,,"OVER $1,500",08/20/2025 02:20:00 PM,UNABLE TO DETERMINE,NOT APPLICABLE,8,E,69TH ST,322,,,,,,,2,NO INDICATION OF INJURY,0,0,0,0,0,2,0,13,4,8,41.7692929351,-87.6245940162,POINT (-87.624594016233 41.769292935079)
d67fb6282ca64f9f46058bdf2bcd45b5dcbe625a417ea242ea499aa4e61e40e239a07eaf2f21b13814771748a0e42871d7e0c273b233b6943b72d52a7b0dc51a,,08/20/2025 01:20:00 PM,10,NO CONTROLS,NO CONTROLS,CLEAR,DAYLIGHT,PARKED MOTOR VEHICLE,PARKING LOT,,STRAIGHT AND LEVEL,DRY,NO DEFECTS,ON SCENE,NO INJURY / DRIVE AWAY,,Y,,"$501 - $1,500",08/20/2025 01:30:00 PM,NOT APPLICABLE,NOT APPLICABLE,3600,N,CLARK ST,1923,,,,,,,2,NO INDICATION OF INJURY,0,0,0,0,0,1,0,13,4,8,41.9472022255,-87.6566877556,POINT (-87.656687755593 41.947202225469)
9f70ded7be82c7cf3860de1301656dc7e7a0b154b5fb46b963889689e4eef921be3c0c1ba8d51b8bf9912a1e0ccb62ddc221c924a8615e166b558bd62294ea47,,08/20/2025 01:18:00 PM,30,NO CONTROLS,NO CONTROLS,CLEAR,DAYLIGHT,PARKED MOTOR VEHICLE,DIVIDED - W/MEDIAN (NOT RAISED),,STRAIGHT AND LEVEL,DRY,NO DEFECTS,ON SCENE,NO INJURY / DRIVE AWAY,,,,"$501 - $1,500",08/20/2025 01:19:00 PM,IMPROPER BACKING,NOT APPLICABLE,6580,N,SHERIDAN RD,2432,,,,,,,2,NO INDICATION OF INJURY,0,0,0,0,0,3,0,13,4,8,42.0022790805,-87.6609178092,POINT (-87.660917809167 42.002279080479)
7152027612b02648cf4a6a5b6e48deff86f25386f72eb3a0fd75199aa85858b1cbf2e07da1b9446d478dc864527b1ad1dd2728d9956ef4716403dd9695b6aec7,,08/20/2025 01:15:00 PM,30,TRAFFIC SIGNAL,FUNCTIONING PROPERLY,CLEAR,DAYLIGHT,REAR END,FOUR WAY,,STRAIGHT AND LEVEL,DRY,UNKNOWN,NOT ON SCENE (DESK REPORT),NO INJURY / DRIVE AWAY,Y,,,"OVER $1,500",08/20/2025 02:05:00 PM,UNABLE TO DETERMINE,NOT APPLICABLE,7400,S,DR MARTIN LUTHER KING JR DR,323,,,,,,,2,NO INDICATION OF INJURY,0,0,0,0,0,2,0,13,4,8,41.7601403748,-87.6153087718,POINT (-87.61530877184 41.760140374778)
b9d1ef9c04de2254234513060c86c8822bb360b392abc28a475973097ed91df346242a4d5d5507be69d0f48c47003f867a0a03637bf5a641b12aa02428d69ca6,,08/20/2025 01:15:00 PM,15,NO CONTROLS,NO CONTROLS,CLEAR,DAYLIGHT,ANGLE,PARKING LOT,,STRAIGHT AND LEVEL,UNKNOWN,UNKNOWN,NOT ON SCENE (DESK REPORT),NO INJURY / DRIVE AWAY,,,Y,"OVER $1,500",08/20/2025 04:00:00 PM,DRIVING SKILLS/KNOWLEDGE/EXPERIENCE,NOT APPLICABLE,600,W,MONTROSE DR,1914,,,,,,,2,NO INDICATION OF INJURY,0,0,0,0,0,2,0,13,4,8,41.9621401543,-87.6459365922,POINT (-87.645936592224 41.962140154293)
a2f933554344838999868704dc542d19fbaffc2233788fecf637e6b0d127ef4d851ed37b10ba7d22accfa1f4bc5dbcf02ab65196b291f6437950078c00fe6234,,08/20/2025 01:02:00 PM,15,NO CONTROLS,FUNCTIONING PROPERLY,CLEAR,DAYLIGHT,FIXED OBJECT,PARKING LOT,,STRAIGHT AND LEVEL,DRY,NO DEFECTS,ON SCENE,NO INJURY / DRIVE AWAY,,Y,,$500 OR LESS,08/20/2025 01:02:00 PM,NOT APPLICABLE,NOT APPLICABLE,701,N,KILBOURN AVE,1111,,,,,,,1,NO INDICATION OF INJURY,0,0,0,0,0,4,0,13,4,8,41.8936780621,-87.7383918559,POINT (-87.738391855855 41.893678062074)
7f3ee5ef83e793c79bb9605b7ff2748073414937b120cc3460effdc6be94c4e9e7f0ef9cd08895c52bb81cc12501ba4d78e5bebd427b6eeb59e73010161ab517,,08/20/2025 01:00:00 PM,10,NO CONTROLS,NO CONTROLS,CLEAR,DAYLIGHT,REAR TO SIDE,PARKING LOT,,STRAIGHT AND LEVEL,UNKNOWN,UNKNOWN,NOT ON SCENE (DESK REPORT),NO INJURY / DRIVE AWAY,,Y,,"OVER $1,500",08/21/2025 09:57:00 AM,UNABLE TO DETERMINE,UNABLE TO DETERMINE,8712,S,STONY ISLAND AVE,412,,,,,,,2,NO INDICATION OF INJURY,0,0,0,0,0,3,0,13,4,8,41.7364816121,-87.5857840135,POINT (-87.585784013468 41.736481612063)
9891529009b0f5aad49e76fe224e3a801fb7595a2845b9ee787bb8e2387a904dc15842931836cf3c579c6a6058a00945518d8537da22c63f343c2031458766b0,,08/20/2025 01:00:00 PM,30,NO CONTROLS,NO CONTROLS,CLEAR,DAYLIGHT,OTHER OBJECT,ALLEY,,STRAIGHT AND LEVEL,DRY,NO DEFECTS,ON SCENE,NO INJURY / DRIVE AWAY,,,,"OVER $1,500",08/20/2025 03:54:00 PM,UNABLE TO DETERMINE,UNABLE TO DETERMINE,3915,W,CORTLAND ST,2535,,,,,,,2,NO INDICATION OF INJURY,0,0,0,0,0,2,0,13,4,8,41.9152560155,-87.7247616949,POINT (-87.724761694948 41.915256015517)
ce2c387545e027215af921d151fbad47af6f8a3bd3f807882546365ae213ac92ad4987c2344e8f2d19beabd60affbb250d7a6812fbb864cbb74310012011473f,,08/20/2025 12:56:00 PM,30,TRAFFIC SIGNAL,FUNCTIONING PROPERLY,CLEAR,DAYLIGHT,TURNING,NOT DIVIDED,,STRAIGHT AND LEVEL,DRY,NO DEFECTS,ON SCENE,INJURY AND / OR TOW DUE TO CRASH,,,,"OVER $1,500",08/20/2025 03:56:00 PM,IMPROPER TURNING/NO SIGNAL,DRIVING SKILLS/KNOWLEDGE/EXPERIENCE,450,W,WASHINGTON ST,121,,,,,,,2,NO INDICATION OF INJURY,0,0,0,0,0,2,0,12,4,8,41.8832907796,-87.63968609,POINT (-87.639686090045 41.883290779592)
517b4b8fe0c2ac733a1cf6346560495740ebee8cb56627aba8a2c52e5fbb03725c52f1f7e84052773c608ba073bc5e124cd2bbd3b34c2510262fb5695ce11282,,08/20/2025 12:54:00 PM,30,STOP SIGN/FLASHER,FUNCTIONING PROPERLY,CLEAR,DAYLIGHT,PEDALCYCLIST,FOUR WAY,,STRAIGHT AND LEVEL,DRY,NO DEFECTS,ON SCENE,INJURY AND / OR TOW DUE TO CRASH,Y,,,"$501 - $1,500",08/20/2025 12:56:00 PM,UNABLE TO DETERMINE,UNABLE TO DETERMINE,800,W,128TH PL,523,,,,,,,2,NONINCAPACITATING INJURY,1,0,0,1,0,1,0,12,4,8,41.6605683856,-87.6413917581,POINT (-87.641391758083 41.660568385573)
831accc426950b4e7c5a8c61864d65a9b2039e3a6f7a02cd249a9a8de48a574e5b3508f01af2b2c4b4c6eefda2a7e236b59508bd1aca6aa815ba781edd2fff44,,08/20/2025 12:50:00 PM,30,TRAFFIC SIGNAL,FUNCTIONING PROPERLY,CLEAR,DAYLIGHT,SIDESWIPE SAME DIRECTION,NOT DIVIDED,,STRAIGHT AND LEVEL,DRY,NO DEFECTS,NOT ON SCENE (DESK REPORT),NO INJURY / DRIVE AWAY,Y,,,"OVER $1,500",08/20/2025 02:20:00 PM,UNABLE TO DETERMINE,UNABLE TO DETERMINE,4400,W,CHICAGO AVE,1111,,,,,,,2,NO INDICATION OF INJURY,0,0,0,0,0,5,0,12,4,8,41.8952926255,-87.7360706113,POINT (-87.736070611267 41.895292625513)
53738667e0e2b0358ce7c04fcbb460711979f307ab92ec190ee0d59c4f47bd46e56566d3722797068a6adee4e35e8d63ddee7cba4f28c4587b0b41a26762a0e1,,08/20/2025 12:48:00 PM,30,STOP SIGN/FLASHER,FUNCTIONING PROPERLY,CLEAR,DAYLIGHT,PEDALCYCLIST,ONE-WAY,,STRAIGHT AND LEVEL,DRY,NO DEFECTS,ON SCENE,INJURY AND / OR TOW DUE TO CRASH,Y,,,"OVER $1,500",08/20/2025 12:50:00 PM,NOT APPLICABLE,NOT APPLICABLE,4039,W,ADDISON ST,1731,,,,,,,2,NONINCAPACITATING INJURY,1,0,0,1,0,1,0,12,4,8,41.9462449001,-87.7289099669,POINT (-87.728909966861 41.946244900082)
1e5cba0ddc01b565f2102d1c08f917b15f1e7ac61cf44980ed7a56f34c9117c7647a34393bba06413547b81654e6d25c940234327fe897ccb94698afb34cf2e8,,08/20/2025 12:30:00 PM,30,STOP SIGN/FLASHER,FUNCTIONING PROPERLY,CLEAR,DAYLIGHT,ANGLE,NOT DIVIDED,,STRAIGHT AND LEVEL,DRY,UNKNOWN,NOT ON SCENE (DESK REPORT),NO INJURY / DRIVE AWAY,,,,"OVER $1,500",08/20/2025 01:30:00 PM,FAILING TO YIELD RIGHT-OF-WAY,DRIVING SKILLS/KNOWLEDGE/EXPERIENCE,5900,S,PRINCETON AVE,711,,,,,,,2,NO INDICATION OF INJURY,0,0,0,0,0,2,0,12,4,8,41.7871690244,-87.6329472395,POINT (-87.632947239538 41.787169024407)
34d605573f5451b31d134ffcf09a41782d40260ad32983fa6c5370272f402f8d118b9b111d1a25d2d6850239410f353f3d1d67875a3fde1288a2dbf8ffe1686c,,08/20/2025 12:30:00 PM,15,NO CONTROLS,NO CONTROLS,CLEAR,DAYLIGHT,PARKED MOTOR VEHICLE,PARKING LOT,,STRAIGHT AND LEVEL,DRY,NO DEFECTS,NOT ON SCENE (DESK REPORT),NO INJURY / DRIVE AWAY,,,,"OVER $1,500",08/20/2025 12:45:00 PM,IMPROPER OVERTAKING/PASSING,IMPROPER OVERTAKING/PASSING,1618,W,CONGRESS PKWY,1231,,,,,,,2,NO INDICATION OF INJURY,0,0,0,0,0,1,0,12,4,8,41.8752725684,-87.6674478576,POINT (-87.667447857583 41.875272568392)
ddecbfac8adcd4b6b215d1a11a7af2fbf800251f5006ad7444fc60da1ba8ad799a1d05e9b518df3a725a7e12e48b66204469c6ba904831e08415801a638cc28a,,08/20/2025 12:30:00 PM,30,TRAFFIC SIGNAL,FUNCTIONING PROPERLY,UNKNOWN,UNKNOWN,REAR END,NOT DIVIDED,,STRAIGHT AND LEVEL,UNKNOWN,UNKNOWN,NOT ON SCENE (DESK REPORT),NO INJURY / DRIVE AWAY,,,,"$501 - $1,500",08/20/2025 03:00:00 PM,FAILING TO REDUCE SPEED TO AVOID CRASH,NOT APPLICABLE,1533,N,AUSTIN BLVD,2531,,,,,,,2,NO INDICATION OF INJURY,0,0,0,0,0,2,0,12,4,8,41.9084337027,-87.775428631,POINT (-87.775428631022 41.908433702662)
7667f7e52020025b938e3c66c4da8cddf30ed4b8b5fdc581e0667f34d98b839454ecd5401fe71e8933e684b8529b5e687e85e345990378c11ff8750dfc99bf07,,08/20/2025 12:20:00 PM,30,TRAFFIC SIGNAL,FUNCTIONING PROPERLY,CLEAR,DAYLIGHT,TURNING,FOUR WAY,,STRAIGHT AND LEVEL,DRY,NO DEFECTS,NOT ON SCENE (DESK REPORT),NO INJURY / DRIVE AWAY,Y,,Y,"OVER $1,500",08/20/2025 12:30:00 PM,DRIVING SKILLS/KNOWLEDGE/EXPERIENCE,DRIVING SKILLS/KNOWLEDGE/EXPERIENCE,725,W,ROOSEVELT RD,1232,,,,,,,2,NO INDICATION OF INJURY,0,0,0,0,0,2,0,12,4,8,41.8670550495,-87.6461477746,POINT (-87.646147774563 41.867055049543)
82263917e605b69284f1668d1da2b62f15b6655b753489a4334fd34b1e0ec3bfa39e7174dbb592aa291f126b7d462723799240c1283f17da803592622d6e8754,,08/20/2025 12:15:00 PM,30,TRAFFIC SIGNAL,NO CONTROLS,CLEAR,DAYLIGHT,TURNING,FOUR WAY,,STRAIGHT AND LEVEL,DRY,NO DEFECTS,NOT ON SCENE (DESK REPORT),NO INJURY / DRIVE AWAY,,,Y,"OVER $1,500",08/20/2025 01:04:00 PM,UNABLE TO DETERMINE,UNABLE TO DETERMINE,3125,S,ASHLAND AVE,912,,,,,,,2,NO INDICATION OF INJURY,0,0,0,0,0,2,0,12,4,8,41.8370868238,-87.6655828525,POINT (-87.665582852534 41.837086823763)
d9318d0619e2da2d719520b31c6d92afb71ba99707cd07f4fef6022b91afc2021490cdac9722148c2419b108f8e02402e6be4a5cde40bf7a6e2a72a650bedd83,,08/20/2025 12:13:00 PM,30,TRAFFIC SIGNAL,FUNCTIONING PROPERLY,CLEAR,DAYLIGHT,REAR END,DIVIDED - W/MEDIAN (NOT RAISED),,STRAIGHT AND LEVEL,DRY,NO DEFECTS,NOT ON SCENE (DESK REPORT),NO INJURY / DRIVE AWAY,,,,"$501 - $1,500",08/20/2025 01:15:00 PM,UNABLE TO DETERMINE,UNABLE TO DETERMINE,4754,W,DIVERSEY AVE,2521,,,,,,,2,NO INDICATION OF INJURY,0,0,0,0,0,2,0,12,4,8,41.9316459028,-87.7463718184,POINT (-87.746371818405 41.931645902769)
05713e7ad6de2294103d587a4405194ef76ecd807067894019d83b80fb5c7bc5ec80a788cd8ff8de1e564c099c29dc5dc4d97477401f3b47d1f9c15d9495b1d8,,08/20/2025 12:10:00 PM,35,TRAFFIC SIGNAL,FUNCTIONING PROPERLY,UNKNOWN,DAYLIGHT,REAR END,DIVIDED - W/MEDIAN (NOT RAISED),,STRAIGHT AND LEVEL,DRY,UNKNOWN,NOT ON SCENE (DESK REPORT),NO INJURY / DRIVE AWAY,,,Y,"OVER $1,500",08/21/2025 04:20:00 PM,UNABLE TO DETERMINE,NOT APPLICABLE,158,W,DIVISION ST,1821,,,,,,,2,NO INDICATION OF INJURY,0,0,0,0,0,2,0,12,4,8,41.9039745519,-87.6337435603,POINT (-87.633743560304 41.903974551932)
a83524bc25e5c1a4bf894279709dbf3406858ea40d0e9c2739d6702d60f281b2b4f789b0fc1578a64aed916fe24ba32379852563e563a6fc7b6aeb6f6ea44901,,08/20/2025 12:10:00 PM,30,TRAFFIC SIGNAL,FUNCTIONING PROPERLY,CLEAR,DAYLIGHT,ANGLE,FOUR WAY,,STRAIGHT AND LEVEL,DRY,UNKNOWN,ON SCENE,INJURY AND / OR TOW DUE TO CRASH,,,,"OVER $1,500",08/20/2025 12:20:00 PM,NOT APPLICABLE,NOT APPLICABLE,9200,S,HOUSTON AVE,424,,Y,,,,,2,NO INDICATION OF INJURY,0,0,0,0,0,2,0,12,4,8,41.7281698188,-87.5499660024,POINT (-87.549966002382 41.728169818783)
e5535e9bf3f244ad121bd1e40e2e2045225ed6700430a4e9976059902d22c4d12bef34db0c3e5601d055a109217c53c0faee6dc05ad59bab2697bdaf4da70952,,08/20/2025 12:05:00 PM,30,NO CONTROLS,NO CONTROLS,CLEAR,DAYLIGHT,TURNING,DIVIDED - W/MEDIAN (NOT RAISED),,STRAIGHT AND LEVEL,DRY,NO DEFECTS,NOT ON SCENE (DESK REPORT),NO INJURY / DRIVE AWAY,,,,"OVER $1,500",08/20/2025 12:50:00 PM,FAILING TO YIELD RIGHT-OF-WAY,FAILING TO YIELD RIGHT-OF-WAY,1454,S,PULASKI RD,1011,,,,,,,2,NO INDICATION OF INJURY,0,0,0,0,0,2,0,12,4,8,41.8608977615,-87.7251629894,POINT (-87.725162989404 41.860897761479)
336fc22c791938f49dcc8fff92df22a22824af1e3f09a4efa779d88ab43d7a217d41d72d687436b28f0defd06f833beacdad0debf2da836d15aa937e11ec20e6,,08/20/2025 12:04:00 PM,30,TRAFFIC SIGNAL,FUNCTIONING PROPERLY,CLEAR,DAYLIGHT,TURNING,NOT DIVIDED,,STRAIGHT AND LEVEL,DRY,NO DEFECTS,NOT ON SCENE (DESK REPORT),NO INJURY / DRIVE AWAY,,,,"OVER $1,500",08/29/2025 02:55:00 PM,IMPROPER TURNING/NO SIGNAL,NOT APPLICABLE,1212,S,HALSTED ST,1232,,,,,,,2,NO INDICATION OF INJURY,0,0,0,0,0,2,0,12,4,8,41.8667493095,-87.6470573417,POINT (-87.647057341674 41.866749309521)
1fb53b54727917204746ba63bbfa6b94edc11dc498adb04a924da7303f7113477b69a72e4f834ba69cfc8a368f5d0dc8aa05cb1abbb27aa7972873913a8dd11b,,08/20/2025 12:00:00 PM,25,NO CONTROLS,NO CONTROLS,CLEAR,DAYLIGHT,SIDESWIPE SAME DIRECTION,NOT DIVIDED,,STRAIGHT AND LEVEL,DRY,NO DEFECTS,ON SCENE,INJURY AND / OR TOW DUE TO CRASH,Y,,,"OVER $1,500",08/20/2025 12:00:00 PM,UNABLE TO DETERMINE,NOT APPLICABLE,11600,S,STATE ST,522,,,,,,,2,NO INDICATION OF INJURY,0,0,0,0,0,4,0,12,4,8,41.6824967963,-87.622948543,POINT (-87.622948543007 41.68249679626)
217be372b0e1b1dc250730ba1f3a5a898a50eeedda0d2ff0a85918fe3036b516f001e876b55d94ed6c39e06969be522e93d4d185498ae694e397e49102e2b9f3,,08/20/2025 12:00:00 PM,30,NO CONTROLS,NO CONTROLS,CLEAR,DAYLIGHT,SIDESWIPE SAME DIRECTION,NOT DIVIDED,,STRAIGHT AND LEVEL,DRY,UNKNOWN,NOT ON SCENE (DESK REPORT),NO INJURY / DRIVE AWAY,,,,"OVER $1,500",08/20/2025 12:40:00 PM,UNABLE TO DETERMINE,UNABLE TO DETERMINE,301,N,AUSTIN BLVD,1512,,,,,,,2,NO INDICATION OF INJURY,0,0,0,0,0,2,0,12,4,8,41.8856536682,-87.774688353,POINT (-87.774688353019 41.885653668244)
58e1c0b1aeeae4609c670bab7ad67c18d0773932393143b0490bb9137b8f493d8bd4b034ecde05f05f4e34f5b0792b6dbfceadc0a073c8fcb1d451681a25a1f8,,08/20/2025 12:00:00 PM,25,NO CONTROLS,NO CONTROLS,CLEAR,DAYLIGHT,PARKED MOTOR VEHICLE,ONE-WAY,,STRAIGHT AND LEVEL,DRY,NO DEFECTS,NOT ON SCENE (DESK REPORT),NO INJURY / DRIVE AWAY,,,Y,"OVER $1,500",08/20/2025 06:30:00 PM,UNABLE TO DETERMINE,UNABLE TO DETERMINE,7007,S,ROCKWELL ST,832,,,,,,,2,NO INDICATION OF INJURY,0,0,0,0,0,1,0,12,4,8,41.7661803455,-87.6880311967,POINT (-87.688031196742 41.766180345481)
68c77a7ad6d943be88d2b3a86d3c2c8e5b239ac28e8e7dd383c40b32163eec18fb490e24c139e6ab632630a7a19acf94d3238ab0e6e384f64bba5e1d533280ca,,08/20/2025 12:00:00 PM,30,NO CONTROLS,NO CONTROLS,CLEAR,DAYLIGHT,SIDESWIPE SAME DIRECTION,NOT DIVIDED,,STRAIGHT AND LEVEL,DRY,NO DEFECTS,ON SCENE,NO INJURY / DRIVE AWAY,,,,"$501 - $1,500",08/20/2025 12:13:00 PM,FAILING TO YIELD RIGHT-OF-WAY,NOT APPLICABLE,1110,N,OAKLEY BLVD,1212,,,,,,,2,NO INDICATION OF INJURY,0,0,0,0,0,2,0,12,4,8,41.9015476306,-87.684688783,POINT (-87.684688782969 41.901547630572)
7363fc932c9cbbe9b681b74f54b480aaf59e1186178355143e30e12ef43eb1969f6daa8c94a1883d01771863a9adb8a5e3512efb0e483ed08b5fca36cdcef7f0,,08/20/2025 12:00:00 PM,30,NO CONTROLS,NO CONTROLS,UNKNOWN,UNKNOWN,SIDESWIPE SAME DIRECTION,NOT DIVIDED,,STRAIGHT AND LEVEL,UNKNOWN,UNKNOWN,NOT ON SCENE (DESK REPORT),NO INJURY / DRIVE AWAY,,,,"OVER $1,500",08/21/2025 06:00:00 PM,DRIVING SKILLS/KNOWLEDGE/EXPERIENCE,NOT APPLICABLE,11,W,GRAND AVE,1831,,,,,,,2,NO INDICATION OF INJURY,0,0,0,0,0,2,0,12,4,8,41.8915511924,-87.6285651799,POINT (-87.628565179937 41.89155119237)
107db7a636948685434e33f16c40da447a23c7c898c5f8a11dfc60ff94d73730e0dad4acdd377bdb386f878b0e0a4eb75263e29ee598e2605901e17ea8f6a67e,,08/20/2025 11:58:00 AM,30,NO CONTROLS,NO CONTROLS,CLEAR,DAYLIGHT,REAR END,NOT DIVIDED,,STRAIGHT AND LEVEL,DRY,NO DEFECTS,NOT ON SCENE (DESK REPORT),NO INJURY / DRIVE AWAY,,,,"OVER $1,500",08/20/2025 03:47:00 PM,UNABLE TO DETERMINE,UNABLE TO DETERMINE,2304,S,CANAL ST,914,,,,,,,2,NO INDICATION OF INJURY,0,0,0,0,0,2,0,11,4,8,41.8507112228,-87.6386248911,POINT (-87.638624891056 41.850711222765)
dfeede939fd678d5bb39d9390394b285463df5b18009ccb235c0d2f7f578c59dd3da4ed9d5cca3678bc6918b9d82c41f29e29bb2c6750de4c79bba8837d42f36,,08/20/2025 11:55:00 AM,30,STOP SIGN/FLASHER,FUNCTIONING PROPERLY,CLEAR,DAYLIGHT,ANGLE,T-INTERSECTION,,"CURVE, LEVEL",DRY,NO DEFECTS,ON SCENE,INJURY AND / OR TOW DUE TO CRASH,Y,,,"OVER $1,500",08/20/2025 12:00:00 PM,DRIVING SKILLS/KNOWLEDGE/EXPERIENCE,FAILING TO YIELD RIGHT-OF-WAY,10532,W,BALMORAL AVE,1654,,,,,,,2,NO INDICATION OF INJURY,0,0,0,0,0,2,0,11,4,8,,,