CRASH_RECORD_ID,CRASH_DATE_EST_I,CRASH_DATE,POSTED_SPEED_LIMIT,TRAFFIC_CONTROL_DEVICE,DEVICE_CONDITION,WEATHER_CONDITION,LIGHTING_CONDITION,FIRST_CRASH_TYPE,TRAFFICWAY_TYPE,LANE_CNT,ALIGNMENT,ROADWAY_SURFACE_COND,ROAD_DEFECT,REPORT_TYPE,CRASH_TYPE,INTERSECTION_RELATED_I,NOT_RIGHT_OF_WAY_I,HIT_AND_RUN_I,DAMAGE,DATE_POLICE_NOTIFIED,PRIM_CONTRIBUTORY_CAUSE,SEC_CONTRIBUTORY_CAUSE,STREET_NO,STREET_DIRECTION,STREET_NAME,BEAT_OF_OCCURRENCE,PHOTOS_TAKEN_I,STATEMENTS_TAKEN_I,DOORING_I,WORK_ZONE_I,WORK_ZONE_TYPE,WORKERS_PRESENT_I,NUM_UNITS,MOST_SEVERE_INJURY,INJURIES_TOTAL,INJURIES_FATAL,INJURIES_INCAPACITATING,INJURIES_NON_INCAPACITATING,INJURIES_REPORTED_NOT_EVIDENT,INJURIES_NO_INDICATION,INJURIES_UNKNOWN,CRASH_HOUR,CRASH_DAY_OF_WEEK,CRASH_MONTH,LATITUDE,LONGITUDE,LOCATION
fc3ac7f0c377343b5701709aa3407b662da780a180bfd06a7b5c2cb14cdcfeaeb46a551fb4da0bc3c988ad6078c5fe4fb349cb5fc5220edd9b103e336e98fdee,,08/20/2025 11:55:00 AM,30,TRAFFIC SIGNAL,FUNCTIONING PROPERLY,CLEAR,DAYLIGHT,REAR END,FOUR WAY,,STRAIGHT AND LEVEL,DRY,NO DEFECTS,NOT ON SCENE (DESK REPORT),NO INJURY / DRIVE AWAY,,,,"OVER $1,500",08/20/2025 10:33:00 PM,UNABLE TO DETERMINE,NOT APPLICABLE,2348,W,59TH ST,824,,,,,,,2,NO INDICATION OF INJURY,0,0,0,0,0,2,0,11,4,8,41.786626861,-87.6830477175,POINT (-87.683047717477 41.786626860986)
0ad2bb7e1a8d820fd7fa3f88dd4c23fb888ded7880fb4cebc69d00f7f6c252e73f14ef67dc9aec12b968e4db7b7d32af82f8a7f090de606ad356473c1493fb44,,08/20/2025 11:46:00 AM,30,STOP SIGN/FLASHER,FUNCTIONING PROPERLY,CLEAR,DAYLIGHT,REAR TO FRONT,OTHER,,STRAIGHT AND LEVEL,DRY,UNKNOWN,ON SCENE,INJURY AND / OR TOW DUE TO CRASH,,,,"OVER $1,500",08/20/2025 11:46:00 AM,IMPROPER BACKING,NOT APPLICABLE,6951,S,VINCENNES AVE,731,,,,,,,2,NO INDICATION OF INJURY,0,0,0,0,0,2,0,11,4,8,41.7675891191,-87.626518178,POINT (-87.626518177961 41.76758911911)
1fba6531e11ffadaa57d08771bb2e270a568ae1af4899a12a5f4eaef285f0d2fe93313cce7cd4f08eae070885c8989b9b633a03cf3496f92c35c7cd9eb6e7aee,,08/20/2025 11:46:00 AM,30,NO CONTROLS,NO CONTROLS,CLEAR,DAYLIGHT,PEDESTRIAN,NOT DIVIDED,,STRAIGHT AND LEVEL,DRY,UNKNOWN,ON SCENE,INJURY AND / OR TOW DUE TO CRASH,,,Y,"$501 - $1,500",08/20/2025 12:04:00 PM,UNABLE TO DETERMINE,NOT APPLICABLE,1720,W,87TH ST,614,,,,,,,2,NONINCAPACITATING INJURY,1,0,0,1,0,1,0,11,4,8,41.7358537866,-87.6664701084,POINT (-87.66647010836 41.735853786575)
c3ce3a0928a6393fb9eb5aefb1be03a004e129352e9b384563ce52c3fd103216a2372938e0a4d5fa8a33ba9d1a1198fa34c166fe5ba75d0b733e31147e8e9b01,,08/20/2025 11:45:00 AM,30,NO CONTROLS,NO CONTROLS,CLEAR,DAYLIGHT,REAR END,NOT DIVIDED,,STRAIGHT AND LEVEL,DRY,NO DEFECTS,NOT ON SCENE (DESK REPORT),NO INJURY / DRIVE AWAY,,,Y,"$501 - $1,500",08/20/2025 05:55:00 PM,FOLLOWING TOO CLOSELY,FOLLOWING TOO CLOSELY,6400,N,CENTRAL AVE,1621,,,,,,,2,NO INDICATION OF INJURY,0,0,0,0,0,2,0,11,4,8,41.9973887205,-87.7639215193,POINT (-87.76392151928 41.997388720503)
b0bec45a45ff1463fff32727560451d3912f29d59b4538f17ee30bade2291174a91aaae54f4df1696a6782e2ad0b1eb5525155bdfcbcd1d303ec3bcb03554b50,,08/20/2025 11:40:00 AM,30,NO CONTROLS,FUNCTIONING PROPERLY,CLEAR,DAYLIGHT,TURNING,NOT DIVIDED,,STRAIGHT AND LEVEL,DRY,NO DEFECTS,ON SCENE,NO INJURY / DRIVE AWAY,Y,,,"OVER $1,500",08/20/2025 11:50:00 AM,UNABLE TO DETERMINE,UNABLE TO DETERMINE,1200,W,87TH ST,613,,,,,,,3,NO INDICATION OF INJURY,0,0,0,0,0,5,0,11,4,8,41.7360440895,-87.6534042418,POINT (-87.653404241798 41.736044089544)
5307f7428925126333f80329733b6ec78dd8a733bd84b9411abb92f631144b49bd436fabeee5b63011520bcfbe86c6c9b4f2e90fb7cf71e6534d13477260f0d3,,08/20/2025 11:30:00 AM,25,UNKNOWN,UNKNOWN,UNKNOWN,UNKNOWN,SIDESWIPE SAME DIRECTION,NOT DIVIDED,,STRAIGHT AND LEVEL,UNKNOWN,UNKNOWN,NOT ON SCENE (DESK REPORT),NO INJURY / DRIVE AWAY,,,,"OVER $1,500",08/20/2025 01:15:00 PM,NOT APPLICABLE,NOT APPLICABLE,1001,W,WEBSTER AVE,1811,,,,,,,2,NO INDICATION OF INJURY,0,0,0,0,0,2,0,11,4,8,41.921627779,-87.6535453785,POINT (-87.653545378461 41.921627779024)
6394540e83d53a8685cee96bb9c4e4a566b35cd4e299dd23cd7c85a3c57c2c78e2d0eef28489080977ab056d0d902991d98f5ef4adb98ae84cb01f25d0c2d3a7,,08/20/2025 11:30:00 AM,30,NO CONTROLS,NO CONTROLS,CLEAR,UNKNOWN,PARKED MOTOR VEHICLE,PARKING LOT,,STRAIGHT AND LEVEL,DRY,NO DEFECTS,NOT ON SCENE (DESK REPORT),NO INJURY / DRIVE AWAY,,,,"OVER $1,500",08/20/2025 12:36:00 PM,UNABLE TO DETERMINE,NOT APPLICABLE,2600,N,CLYBOURN AVE,1931,,,,,,,2,NO INDICATION OF INJURY,0,0,0,0,0,1,0,11,4,8,41.9286950012,-87.6741950831,POINT (-87.6741950831 41.92869500119)
d5c8eb9359e38794387096356edd13a1e3fd5ad0504ce1a3987ce904ff4c58dab87df926b2765c6d644c2b224aed0b7c8fa8d2a71b5b6fd6258003aec0d0d28f,,08/20/2025 11:27:00 AM,30,TRAFFIC SIGNAL,FUNCTIONING PROPERLY,CLEAR,DAYLIGHT,SIDESWIPE SAME DIRECTION,NOT DIVIDED,,STRAIGHT AND LEVEL,DRY,NO DEFECTS,NOT ON SCENE (DESK REPORT),NO INJURY / DRIVE AWAY,,,Y,"OVER $1,500",08/20/2025 11:45:00 AM,IMPROPER OVERTAKING/PASSING,NOT APPLICABLE,2196,N,CICERO AVE,2522,,,,,,,2,NO INDICATION OF INJURY,0,0,0,0,0,2,0,11,4,8,41.9205365546,-87.7463561732,POINT (-87.746356173176 41.920536554587)
b3ecb239bda0629713b159211e0944b1ba03a74fe0e5da4e18071b9f94eb6cec83807c4208b902357361f65185f3cd1ea7e72378bfafce2d46bd22115021abee,,08/20/2025 11:22:00 AM,30,TRAFFIC SIGNAL,FUNCTIONING PROPERLY,CLEAR,DAYLIGHT,SIDESWIPE SAME DIRECTION,DIVIDED - W/MEDIAN (NOT RAISED),,STRAIGHT AND LEVEL,DRY,NO DEFECTS,ON SCENE,NO INJURY / DRIVE AWAY,Y,,,"OVER $1,500",08/20/2025 11:24:00 AM,UNABLE TO DETERMINE,UNABLE TO DETERMINE,4345,S,KEDZIE AVE,922,,,,,,,3,NO INDICATION OF INJURY,0,0,0,0,0,3,0,11,4,8,41.814089217,-87.7040635436,POINT (-87.704063543634 41.81408921702)
70e06772f282cd3c31bed5c3793e4bbf599601c7038b08bd3a5fb7b53d2be4335cd7b326c4c31221162ad980de5459b2e71d856b83f52e77559b62459869427e,,08/20/2025 11:15:00 AM,30,STOP SIGN/FLASHER,FUNCTIONING PROPERLY,CLEAR,DAYLIGHT,ANGLE,NOT DIVIDED,,STRAIGHT AND LEVEL,UNKNOWN,UNKNOWN,NOT ON SCENE (DESK REPORT),NO INJURY / DRIVE AWAY,Y,,Y,"$501 - $1,500",08/20/2025 12:20:00 PM,UNABLE TO DETERMINE,NOT APPLICABLE,5298,S,ARCHER AVE,815,,,,,,,2,NO INDICATION OF INJURY,0,0,0,0,0,3,0,11,4,8,41.7993826717,-87.7392275504,POINT (-87.739227550357 41.799382671717)
ff8c942e64ee88c8c69215c1e09c0368b45e6e6813613ba37aaed21903bbe123f39ef3ec5103f581894df6e37cc855dfd3e23ef85e871a1bdae04b3f70b204b4,,08/20/2025 11:15:00 AM,30,NO CONTROLS,NO CONTROLS,CLEAR,DAYLIGHT,SIDESWIPE SAME DIRECTION,NOT DIVIDED,,STRAIGHT AND LEVEL,DRY,NO DEFECTS,NOT ON SCENE (DESK REPORT),NO INJURY / DRIVE AWAY,,,Y,"OVER $1,500",08/20/2025 11:45:00 AM,UNABLE TO DETERMINE,NOT APPLICABLE,4014,W,ARMITAGE AVE,2525,,,,,,,2,NO INDICATION OF INJURY,0,0,0,0,0,2,0,11,4,8,41.9172671767,-87.7272639973,POINT (-87.727263997275 41.917267176726)
3e7eb579d6d06002861e84d4f6e8ba5068948e3687f575e622b0a8bd2eca123cf3c9ef135f545496172d7299042f752e3386a6968aac3c3398e5610d4922be97,,08/20/2025 11:10:00 AM,20,NO CONTROLS,NO CONTROLS,CLEAR,DAYLIGHT,PARKED MOTOR VEHICLE,PARKING LOT,,STRAIGHT AND LEVEL,DRY,NO DEFECTS,NOT ON SCENE (DESK REPORT),NO INJURY / DRIVE AWAY,,Y,,"OVER $1,500",08/20/2025 02:00:00 PM,UNABLE TO DETERMINE,UNABLE TO DETERMINE,520,W,24TH PL,914,,,,,,,2,NO INDICATION OF INJURY,0,0,0,0,0,1,0,11,4,8,41.8482371659,-87.6409555275,POINT (-87.64095552752 41.848237165925)
13788226c9559086a4be5a0d975f4ef4ec0df34c430b1e3abe5b249f559e91f25c122117033cc858c5b563b8559954701eb58369ea50bb22c50dcfa4cee9fcf5,,08/20/2025 11:07:00 AM,25,NO CONTROLS,NO CONTROLS,CLEAR,DAYLIGHT,REAR TO SIDE,PARKING LOT,,STRAIGHT AND LEVEL,DRY,NO DEFECTS,ON SCENE,NO INJURY / DRIVE AWAY,,Y,,"$501 - $1,500",08/20/2025 11:07:00 AM,UNABLE TO DETERMINE,UNABLE TO DETERMINE,6900,S,ASHLAND AVE,735,,,,,,,2,NO INDICATION OF INJURY,0,0,0,0,0,2,0,11,4,8,41.7684549099,-87.664038433,POINT (-87.664038433009 41.768454909931)
8ab1c08bbd1ad2ee9cd88ed0f28e715f05ff3471fdff6e19690a1e503bd28228537739a7c9367f5282ca99b6517ab8294b5201e3967ac4836dc93126ac5c0af6,,08/20/2025 11:07:00 AM,25,NO CONTROLS,NO CONTROLS,CLEAR,DAYLIGHT,SIDESWIPE SAME DIRECTION,ONE-WAY,,STRAIGHT AND LEVEL,DRY,NO DEFECTS,ON SCENE,NO INJURY / DRIVE AWAY,,,,"OVER $1,500",08/20/2025 11:15:00 AM,FAILING TO YIELD RIGHT-OF-WAY,NOT APPLICABLE,1,W,TERMINAL ST,1651,,,,,,,2,NO INDICATION OF INJURY,0,0,0,0,0,4,0,11,4,8,,,
4a124cc529e1d8be22c0846467132b8459c51b7eec2b2cd8ba772e0cc0ad35a3cd1ca2a80fd7dc8b921f515da8be4541b546800647160a1b979adc1b9d45c00c,,08/20/2025 11:00:00 AM,30,TRAFFIC SIGNAL,FUNCTIONING PROPERLY,CLEAR,DAYLIGHT,REAR END,NOT DIVIDED,,STRAIGHT AND LEVEL,DRY,NO DEFECTS,ON SCENE,NO INJURY / DRIVE AWAY,,,,"$501 - $1,500",08/20/2025 11:15:00 AM,FOLLOWING TOO CLOSELY,UNABLE TO DETERMINE,5958,W,ROOSEVELT RD,1513,,,,,,,2,NO INDICATION OF INJURY,0,0,0,0,0,2,0,11,4,8,41.865569497,-87.7740785744,POINT (-87.774078574366 41.865569497039)
50bf0e6e6137dea724192ea1acc4266f440f592f9f2731025c6abef825a6a365d34be8fb84e5cc9811659e6410b2336ddce76dca8c412adf2b98f59d49010637,,08/20/2025 11:00:00 AM,30,NO CONTROLS,NO CONTROLS,CLEAR,DAYLIGHT,SIDESWIPE OPPOSITE DIRECTION,PARKING LOT,,STRAIGHT AND LEVEL,UNKNOWN,UNKNOWN,NOT ON SCENE (DESK REPORT),NO INJURY / DRIVE AWAY,,,,"OVER $1,500",08/20/2025 01:47:00 PM,UNABLE TO DETERMINE,UNABLE TO DETERMINE,2333,W,JACKSON BLVD,1225,,,,,,,2,NO INDICATION OF INJURY,0,0,0,0,0,4,0,11,4,8,41.8774528982,-87.6851408872,POINT (-87.685140887208 41.877452898243)
66c26de3031f714182457a4dbd3a5ddafa7951939a9237bd8ea7ca84a4f656cccf09b54444476ec083cbab52619d9d3bb929fcabea6afbc1bcb49f6e0e179747,,08/20/2025 11:00:00 AM,30,UNKNOWN,UNKNOWN,UNKNOWN,UNKNOWN,REAR END,NOT DIVIDED,,STRAIGHT AND LEVEL,UNKNOWN,UNKNOWN,NOT ON SCENE (DESK REPORT),NO INJURY / DRIVE AWAY,,,,"OVER $1,500",08/20/2025 11:26:00 AM,UNABLE TO DETERMINE,UNABLE TO DETERMINE,116,E,43RD ST,213,,,,,,,2,NO INDICATION OF INJURY,0,0,0,0,0,2,0,11,4,8,41.816662565,-87.6222647175,POINT (-87.622264717481 41.816662564953)
fb19fe24e912dc79128957e212e2e861abe8b8582406ca62b6f6a462e80b5e63412accc10825413a6e53111332739180f51bcc8009423e8c55ad95f58cb7dac9,,08/20/2025 11:00:00 AM,30,NO CONTROLS,NO CONTROLS,CLEAR,DAYLIGHT,PARKED MOTOR VEHICLE,ONE-WAY,,STRAIGHT AND LEVEL,DRY,UNKNOWN,ON SCENE,NO INJURY / DRIVE AWAY,,,,"OVER $1,500",08/20/2025 11:05:00 AM,UNABLE TO DETERMINE,UNABLE TO DETERMINE,9216,S,THROOP ST,2222,,,,,,,2,NO INDICATION OF INJURY,0,0,0,0,0,1,0,11,4,8,41.726238092,-87.6556468481,POINT (-87.655646848062 41.726238091954)
bcff52629098c1216d56a8e0be5ca47d68dd2b93a76bc8cec945777c0ba13ef809f50b5f3bef9c12b409988b749fa67657287f598a2dd6a475e5575b4c2f255b,,08/20/2025 10:59:00 AM,25,NO CONTROLS,NO CONTROLS,CLEAR,DAYLIGHT,PARKED MOTOR VEHICLE,NOT DIVIDED,,STRAIGHT AND LEVEL,OTHER,OTHER,NOT ON SCENE (DESK REPORT),NO INJURY / DRIVE AWAY,,,,"$501 - $1,500",08/20/2025 11:31:00 AM,FAILING TO REDUCE SPEED TO AVOID CRASH,UNABLE TO DETERMINE,9133,S,COMMERCIAL AVE,424,,,,,,,2,NO INDICATION OF INJURY,0,0,0,0,0,2,0,10,4,8,41.7290795671,-87.551085388,POINT (-87.551085387986 41.729079567061)
ee6326585bfb833ad3ecd1768b9f67d565e336b05e1e8952d22291234e756c360adbbad3cfc3737366fee5ab3703cf8e7a6dec89c531c3a414cf772138fe72ca,,08/20/2025 10:50:00 AM,30,TRAFFIC SIGNAL,FUNCTIONING PROPERLY,CLEAR,DAYLIGHT,TURNING,FOUR WAY,,STRAIGHT AND LEVEL,DRY,NO DEFECTS,NOT ON SCENE (DESK REPORT),NO INJURY / DRIVE AWAY,Y,,,"OVER $1,500",08/20/2025 11:30:00 AM,FAILING TO YIELD RIGHT-OF-WAY,UNABLE TO DETERMINE,4000,N,CICERO AVE,1624,,,,,,,2,NO INDICATION OF INJURY,0,0,0,0,0,4,0,10,4,8,41.9534715382,-87.7474514978,POINT (-87.747451497756 41.953471538241)
6af614f5e54a397ccafe2b740977c64aa4837464a41372e60adbc9092a6e27663f2051b6da7143406682598d0401d625d6b65f0134e8d37d1f58ea3c5a54b697,,08/20/2025 10:45:00 AM,25,NO CONTROLS,NO CONTROLS,CLEAR,DAYLIGHT,HEAD ON,PARKING LOT,,STRAIGHT AND LEVEL,DRY,NO DEFECTS,NOT ON SCENE (DESK REPORT),NO INJURY / DRIVE AWAY,,Y,,"OVER $1,500",08/20/2025 05:25:00 PM,UNABLE TO DETERMINE,UNABLE TO DETERMINE,1221,S,WABASH AVE,131,,,,,,,2,NO INDICATION OF INJURY,0,0,0,0,0,2,0,10,4,8,41.8668314544,-87.625669609,POINT (-87.625669608957 41.866831454439)
c7fceca341efe1f2422ad008752f08c7603a8c3a310cc2461cbc9dba7dc22e44a1036532e924e36347c5cecbab621afcfef284f206948da3e2666ccef0bd68e4,,08/20/2025 10:39:00 AM,10,NO CONTROLS,NO CONTROLS,CLOUDY/OVERCAST,DAYLIGHT,ANGLE,PARKING LOT,,STRAIGHT AND LEVEL,DRY,NO DEFECTS,ON SCENE,NO INJURY / DRIVE AWAY,,Y,,"OVER $1,500",08/20/2025 11:04:00 AM,FAILING TO YIELD RIGHT-OF-WAY,NOT APPLICABLE,4501,W,NORTH AVE,2533,,,,,,,2,NO INDICATION OF INJURY,0,0,0,0,0,2,0,10,4,8,41.909600386,-87.7393564665,POINT (-87.739356466533 41.909600386011)
1a4238ca15f592c226401de0654a946f6ad6114c9af7e7dd31de7efc44c644af363fe9351d9bd5a415d7792084eb0b72d7327bacf2c8e6a458e02b93a0e7b3bb,,08/20/2025 10:30:00 AM,30,STOP SIGN/FLASHER,FUNCTIONING PROPERLY,CLEAR,DAYLIGHT,TURNING,NOT DIVIDED,,STRAIGHT AND LEVEL,DRY,NO DEFECTS,NOT ON SCENE (DESK REPORT),NO INJURY / DRIVE AWAY,,,,"OVER $1,500",08/20/2025 03:00:00 PM,FAILING TO REDUCE SPEED TO AVOID CRASH,FAILING TO YIELD RIGHT-OF-WAY,3599,S,RICHMOND ST,911,,,,,,,2,NO INDICATION OF INJURY,0,0,0,0,0,2,0,10,4,8,41.8298571918,-87.6985500713,POINT (-87.698550071349 41.829857191772)
c7a90a59003185774b320e23ebd9476049bb075bc6294b0fc977f5ed01f7a59a76f554e3214b5dca7c69887cc586d9bf3780347c26a335b9fe4f268440fbcb6e,,08/20/2025 10:30:00 AM,30,TRAFFIC SIGNAL,UNKNOWN,UNKNOWN,UNKNOWN,REAR END,UNKNOWN,,STRAIGHT AND LEVEL,UNKNOWN,UNKNOWN,NOT ON SCENE (DESK REPORT),NO INJURY / DRIVE AWAY,,,,"OVER $1,500",08/27/2025 03:30:00 PM,UNABLE TO DETERMINE,UNABLE TO DETERMINE,27,E,DELAWARE PL,1833,,,,,,,2,NO INDICATION OF INJURY,0,0,0,0,0,2,0,10,4,8,41.8990525552,-87.6270074335,POINT (-87.627007433496 41.899052555187)
227a753cd1eed9530aedf6f5676af4f7296ab8d1c52f2d5b845191687da4012f644d143e1669c08fffcb8aab12c4bff4fd481203df63c26b43df975a55dfcaa9,,08/20/2025 10:26:00 AM,30,TRAFFIC SIGNAL,FUNCTIONING PROPERLY,CLEAR,DAYLIGHT,PEDALCYCLIST,NOT DIVIDED,,STRAIGHT AND LEVEL,DRY,NO DEFECTS,ON SCENE,INJURY AND / OR TOW DUE TO CRASH,,,Y,$500 OR LESS,08/20/2025 10:29:00 AM,UNABLE TO DETERMINE,UNABLE TO DETERMINE,10300,S,COTTAGE GROVE AVE,512,,,Y,,,,2,NONINCAPACITATING INJURY,1,0,0,1,0,1,0,10,4,8,41.7074051178,-87.6066722152,POINT (-87.606672215235 41.707405117831)
b86f816e4de952c76d5ae8d05acbac74114f84e8e2594eb8566ad65e63079f1a6595fe3c0c2256efe790613e65a0184ccc57f3808e8e7c8d58b4282d63b93dd5,,08/20/2025 10:22:00 AM,30,NO CONTROLS,NO CONTROLS,CLEAR,DAYLIGHT,PARKED MOTOR VEHICLE,FOUR WAY,,STRAIGHT AND LEVEL,DRY,NO DEFECTS,ON SCENE,NO INJURY / DRIVE AWAY,Y,,,"OVER $1,500",08/20/2025 10:25:00 AM,EQUIPMENT - VEHICLE CONDITION,UNABLE TO DETERMINE,2055,W,LE MOYNE ST,1424,,,,,,,2,NO INDICATION OF INJURY,0,0,0,0,0,1,0,10,4,8,41.9081066979,-87.6795681775,POINT (-87.679568177541 41.90810669789)
5cbf634ec1a5b2c02cd9abe11d23750c07692154f28e8a5508fede40975ee34e9250443ff9066da1023cf39f27ee8795c78a1782e40b4865706ebbe67983a435,,08/20/2025 10:18:00 AM,30,NO CONTROLS,FUNCTIONING PROPERLY,CLEAR,DAYLIGHT,REAR END,OTHER,,CURVE ON GRADE,DRY,UNKNOWN,ON SCENE,NO INJURY / DRIVE AWAY,,,,"$501 - $1,500",08/20/2025 10:30:00 AM,UNABLE TO DETERMINE,NOT APPLICABLE,2408,N,ELSTON AVE,1432,,,,,,,2,NO INDICATION OF INJURY,0,0,0,0,0,3,0,10,4,8,41.9252061272,-87.6779095385,POINT (-87.6779095385 41.925206127153)
db41bea95fa2fe70e103517918c7769038147340edaa4dddd3e8cc1584297aa8426c9784d4261bd75097c52c6a21db853bd01ad4452cdc08b02de78c9f6a95ea,,08/20/2025 10:15:00 AM,30,NO CONTROLS,NO CONTROLS,CLEAR,DAYLIGHT,PEDALCYCLIST,NOT DIVIDED,,STRAIGHT AND LEVEL,DRY,NO DEFECTS,ON SCENE,INJURY AND / OR TOW DUE TO CRASH,,,,"$501 - $1,500",08/20/2025 10:19:00 AM,FAILING TO YIELD RIGHT-OF-WAY,UNABLE TO DETERMINE,5218,N,KEDZIE AVE,1712,,,,,,,2,NONINCAPACITATING INJURY,1,0,0,1,0,1,0,10,4,8,41.9763476399,-87.7088428092,POINT (-87.708842809162 41.976347639879)
2e83e8d447b321d763aab8a11c0fcf7d0e699b28adbcbfab63e21ae78878e7b9ec01aab4a483c3773c57a7e56d5a3a93e2a7c4e854c340d3eb1845eca0f100ff,,08/20/2025 10:14:00 AM,20,NO CONTROLS,NO CONTROLS,CLEAR,DAYLIGHT,SIDESWIPE SAME DIRECTION,NOT DIVIDED,,STRAIGHT AND LEVEL,DRY,NO DEFECTS,ON SCENE,NO INJURY / DRIVE AWAY,,,,$500 OR LESS,08/20/2025 11:03:00 AM,UNABLE TO DETERMINE,NOT APPLICABLE,5346,N,CLARK ST,2012,,,,,,,2,NO INDICATION OF INJURY,0,0,0,0,0,2,0,10,4,8,41.9794240706,-87.6684372144,POINT (-87.66843721437 41.979424070646)
19083088c26882a261d4aac5f2d927b7a59d323a2ddfbb2c59c8ed922535685041ba71a77c501a5ec06f0eac48cf6027cb018f38abbcbd0a57ee9eea0de6b264,,08/20/2025 10:00:00 AM,30,NO CONTROLS,NO CONTROLS,CLEAR,DAYLIGHT,PARKED MOTOR VEHICLE,ONE-WAY,,STRAIGHT AND LEVEL,DRY,NO DEFECTS,NOT ON SCENE (DESK REPORT),NO INJURY / DRIVE AWAY,,,Y,"$501 - $1,500",08/20/2025 03:30:00 PM,FOLLOWING TOO CLOSELY,NOT APPLICABLE,4262,N,KENMORE AVE,1915,,,,,,,2,NO INDICATION OF INJURY,0,0,0,0,0,1,0,10,4,8,41.9597827389,-87.656430177,POINT (-87.656430177029 41.959782738873)
1d609d7e334a6caf698d2e15fbc48a05409e8abe422a71f1070777730df633dcf70a21c0d77a4860dc173a1b6762bfe996cc9f27efebd8ee624a2ee4b91f3912,,08/20/2025 10:00:00 AM,15,UNKNOWN,UNKNOWN,UNKNOWN,UNKNOWN,PARKED MOTOR VEHICLE,PARKING LOT,,STRAIGHT AND LEVEL,UNKNOWN,UNKNOWN,NOT ON SCENE (DESK REPORT),NO INJURY / DRIVE AWAY,,,,"OVER $1,500",08/20/2025 03:30:00 PM,UNABLE TO DETERMINE,NOT APPLICABLE,6427,N,SHERIDAN RD,2432,,,,,,,2,NO INDICATION OF INJURY,0,0,0,0,0,1,0,10,4,8,41.9990403726,-87.6605122064,POINT (-87.660512206416 41.999040372585)
7bfb6b0840e7d3f17e9c9f784375d7a1a4bf70569ec6e0a223e8773123df1c153170e73d774de9583b0a8e85fe3d6f34ba06c958be4cc37aea030722b1d64c54,,08/20/2025 10:00:00 AM,20,NO CONTROLS,NO CONTROLS,CLEAR,DAYLIGHT,SIDESWIPE OPPOSITE DIRECTION,DIVIDED - W/MEDIAN (NOT RAISED),,STRAIGHT AND LEVEL,DRY,NO DEFECTS,NOT ON SCENE (DESK REPORT),NO INJURY / DRIVE AWAY,,,,"OVER $1,500",08/20/2025 10:30:00 AM,UNABLE TO DETERMINE,NOT APPLICABLE,2829,W,36TH ST,911,,,,,,,2,NO INDICATION OF INJURY,0,0,0,0,0,2,0,10,4,8,41.8281368967,-87.6959051622,POINT (-87.695905162206 41.828136896661)
406ac84df47fcded0311228a8353c43bcd40d58a456ff210c3349e5cb3ba96c2fe327bf7f4efc8e7e994f8f683d23ada4dad58c1fba3d889ad949b94a53ac22a,,08/20/2025 09:55:00 AM,30,STOP SIGN/FLASHER,FUNCTIONING PROPERLY,CLEAR,DAYLIGHT,REAR END,DIVIDED - W/MEDIAN (NOT RAISED),,STRAIGHT AND LEVEL,DRY,NO DEFECTS,NOT ON SCENE (DESK REPORT),INJURY AND / OR TOW DUE TO CRASH,,,Y,"$501 - $1,500",08/20/2025 10:10:00 AM,UNABLE TO DETERMINE,UNABLE TO DETERMINE,1816,W,PETERSON AVE,2413,,,,,,,2,"REPORTED, NOT EVIDENT",1,0,0,0,1,2,0,9,4,8,41.9908504544,-87.6759219692,POINT (-87.675921969207 41.990850454429)
e60af670420b0d88b80516581f1c13481d03be1148dd879f468cb33e900c5b88c6e6910330f1ca2fd33d2b896e883f406716eed79f832c524c45581960b193a9,,08/20/2025 09:53:00 AM,30,NO CONTROLS,NO CONTROLS,UNKNOWN,DAYLIGHT,PARKED MOTOR VEHICLE,NOT DIVIDED,,STRAIGHT AND LEVEL,DRY,UNKNOWN,ON SCENE,NO INJURY / DRIVE AWAY,,,Y,"$501 - $1,500",08/20/2025 09:53:00 AM,IMPROPER LANE USAGE,NOT APPLICABLE,8500,S,COTTAGE GROVE AVE,632,,,,,,,2,NO INDICATION OF INJURY,0,0,0,0,0,3,0,9,4,8,41.7401770403,-87.6050703066,POINT (-87.605070306618 41.740177040278)
bbc38ad73b4ff274b1d348f6134d321a04f85bfa61fa7d1b9e7b2de098347cee0938a76d57440741188fffd8fd8010f9cbdf667a365fc0182eb05d31e7d9d51d,,08/20/2025 09:47:00 AM,30,NO CONTROLS,NO CONTROLS,CLEAR,DAYLIGHT,SIDESWIPE SAME DIRECTION,NOT DIVIDED,,STRAIGHT AND LEVEL,DRY,NO DEFECTS,ON SCENE,NO INJURY / DRIVE AWAY,,,,$500 OR LESS,08/20/2025 09:48:00 AM,IMPROPER OVERTAKING/PASSING,FAILING TO YIELD RIGHT-OF-WAY,141,N,MORGAN ST,1224,,,,,,,2,NO INDICATION OF INJURY,0,0,0,0,0,2,0,9,4,8,41.8843852753,-87.6519583446,POINT (-87.651958344583 41.884385275313)
18149b7386e64b920ee30b97dffeb82d7cc1ef872c76191c414d7c0f115d2d06eda7962e8189aa0640eb1ed6e3b650fc82edc2b947b0011ad4e4e4838b77bbb4,,08/20/2025 09:46:00 AM,30,NO CONTROLS,NO CONTROLS,CLEAR,DAYLIGHT,TURNING,NOT DIVIDED,,STRAIGHT AND LEVEL,DRY,NO DEFECTS,NOT ON SCENE (DESK REPORT),NO INJURY / DRIVE AWAY,,,,"$501 - $1,500",08/20/2025 10:50:00 AM,UNABLE TO DETERMINE,NOT APPLICABLE,2020,W,FULLERTON AVE,1432,,,,,,,2,NO INDICATION OF INJURY,0,0,0,0,0,2,0,9,4,8,41.9251249519,-87.6787512508,POINT (-87.678751250805 41.925124951853)