CRASH_RECORD_ID,CRASH_DATE_EST_I,CRASH_DATE,POSTED_SPEED_LIMIT,TRAFFIC_CONTROL_DEVICE,DEVICE_CONDITION,WEATHER_CONDITION,LIGHTING_CONDITION,FIRST_CRASH_TYPE,TRAFFICWAY_TYPE,LANE_CNT,ALIGNMENT,ROADWAY_SURFACE_COND,ROAD_DEFECT,REPORT_TYPE,CRASH_TYPE,INTERSECTION_RELATED_I,NOT_RIGHT_OF_WAY_I,HIT_AND_RUN_I,DAMAGE,DATE_POLICE_NOTIFIED,PRIM_CONTRIBUTORY_CAUSE,SEC_CONTRIBUTORY_CAUSE,STREET_NO,STREET_DIRECTION,STREET_NAME,BEAT_OF_OCCURRENCE,PHOTOS_TAKEN_I,STATEMENTS_TAKEN_I,DOORING_I,WORK_ZONE_I,WORK_ZONE_TYPE,WORKERS_PRESENT_I,NUM_UNITS,MOST_SEVERE_INJURY,INJURIES_TOTAL,INJURIES_FATAL,INJURIES_INCAPACITATING,INJURIES_NON_INCAPACITATING,INJURIES_REPORTED_NOT_EVIDENT,INJURIES_NO_INDICATION,INJURIES_UNKNOWN,CRASH_HOUR,CRASH_DAY_OF_WEEK,CRASH_MONTH,LATITUDE,LONGITUDE,LOCATION
79c47871f13650612684fc7f6d8e93cf998e3477b9d33fbc2d030f93aaf9f1ec11e7bfcab2d9ee5075b627a70d7017276042c1cdf41914dac8a109d3f812e144,,08/20/2025 09:45:00 AM,30,STOP SIGN/FLASHER,NO CONTROLS,CLEAR,DAYLIGHT,TURNING,ONE-WAY,,STRAIGHT AND LEVEL,DRY,UNKNOWN,NOT ON SCENE (DESK REPORT),NO INJURY / DRIVE AWAY,,,,"OVER $1,500",08/20/2025 10:15:00 AM,UNABLE TO DETERMINE,UNABLE TO DETERMINE,5000,N,MAJOR AVE,1622,,,,,,,2,NO INDICATION OF INJURY,0,0,0,0,0,2,0,9,4,8,41.9724325574,-87.7711158474,POINT (-87.771115847366 41.972432557445)
b7453b00e07b064afb9edb361139799ec8babc28d45e5295483de986abeea5d78f1a7db3b43ed92f8633420fc4c30be48487056b20cdaa911e235f935901094b,,08/20/2025 09:30:00 AM,30,TRAFFIC SIGNAL,FUNCTIONING PROPERLY,CLEAR,DAYLIGHT,SIDESWIPE SAME DIRECTION,DIVIDED - W/MEDIAN (NOT RAISED),,STRAIGHT AND LEVEL,DRY,NO DEFECTS,NOT ON SCENE (DESK REPORT),NO INJURY / DRIVE AWAY,,,,"$501 - $1,500",08/20/2025 01:30:00 PM,IMPROPER LANE USAGE,NOT APPLICABLE,3500,W,ROOSEVELT RD,1133,,,,,,,2,NO INDICATION OF INJURY,0,0,0,0,0,3,0,9,4,8,41.8664282933,-87.7131064334,POINT (-87.713106433392 41.866428293294)
415c81d268d2480cfa8c7749b1c552e9f710cf22a7386996d9e3e7d2fac548236ffb4c021ab46608b2df6fa29f2e35fb9b14a1b9317a58fa3e76057b2fbaea14,,08/20/2025 09:25:00 AM,30,TRAFFIC SIGNAL,FUNCTIONING PROPERLY,CLOUDY/OVERCAST,DAYLIGHT,REAR END,ONE-WAY,,STRAIGHT AND LEVEL,DRY,NO DEFECTS,NOT ON SCENE (DESK REPORT),NO INJURY / DRIVE AWAY,,,,"OVER $1,500",08/20/2025 10:00:00 AM,FOLLOWING TOO CLOSELY,NOT APPLICABLE,11101,S,HAMLET AVE,2234,,,,,,,2,NO INDICATION OF INJURY,0,0,0,0,0,2,0,9,4,8,41.6920542716,-87.6596166837,POINT (-87.659616683659 41.692054271592)
24df767bee9068f05ec10147b50df87fd4cd9e3c8095f412ba94fb024643ea245cd125f6c8a6099704d2673a9c1f7dfd5db4ce4cebe29420655a8dedf50d954e,,08/20/2025 09:15:00 AM,30,TRAFFIC SIGNAL,FUNCTIONING PROPERLY,CLEAR,DAYLIGHT,REAR END,NOT DIVIDED,,STRAIGHT AND LEVEL,DRY,NO DEFECTS,NOT ON SCENE (DESK REPORT),NO INJURY / DRIVE AWAY,,,,"OVER $1,500",08/20/2025 11:50:00 AM,UNABLE TO DETERMINE,UNABLE TO DETERMINE,1558,W,DIVERSEY PKWY,1932,,,,,,,2,NO INDICATION OF INJURY,0,0,0,0,0,2,0,9,4,8,41.9325140152,-87.6683362296,POINT (-87.668336229586 41.932514015247)
0ec7ab5a92f5cc1da70101e4882f808e1f7c85b52b710b1fa4a14226412c394bdb924f818e3a2f5c48c567248f08ef344255c5354f9262dbfe5d8c1f74fc94ab,,08/20/2025 09:10:00 AM,25,STOP SIGN/FLASHER,FUNCTIONING PROPERLY,CLEAR,DAYLIGHT,ANGLE,ONE-WAY,,STRAIGHT AND LEVEL,DRY,NO DEFECTS,NOT ON SCENE (DESK REPORT),NO INJURY / DRIVE AWAY,,,Y,"OVER $1,500",08/20/2025 09:20:00 AM,UNABLE TO DETERMINE,UNABLE TO DETERMINE,11300,S,CHAMPLAIN AVE,531,,,,,,,2,NO INDICATION OF INJURY,0,0,0,0,0,2,0,9,4,8,41.6890923499,-87.6072767538,POINT (-87.607276753772 41.689092349877)
ba9d177f1c692a5fa146473ff29c2dc18a2965ec862e8f8347064de0bf3f8ae7ac3de42e6af5ad9ca264758e523a29006dd3b063d12a5c39399ac1cf53156f49,,08/20/2025 09:07:00 AM,30,NO CONTROLS,NO CONTROLS,CLEAR,DAYLIGHT,SIDESWIPE SAME DIRECTION,DIVIDED - W/MEDIAN (NOT RAISED),,STRAIGHT AND LEVEL,DRY,"RUT, HOLES",ON SCENE,NO INJURY / DRIVE AWAY,,,,"OVER $1,500",08/20/2025 09:15:00 AM,IMPROPER OVERTAKING/PASSING,UNABLE TO DETERMINE,946,W,WRIGHTWOOD AVE,1935,,,,Y,CONSTRUCTION,,2,NO INDICATION OF INJURY,0,0,0,0,0,3,0,9,4,8,41.929127093,-87.6531686204,POINT (-87.653168620436 41.929127092974)
864cb7f749c4029d21f1b4634a550fc1babca402dc6bc3d90bd9fe32dccdb278e2cc400cb149052d0562926e5b991950b3b2cb18cf7edf25ed68bbdafd25fec3,,08/20/2025 09:00:00 AM,30,NO CONTROLS,NO CONTROLS,CLEAR,DAYLIGHT,PARKED MOTOR VEHICLE,DIVIDED - W/MEDIAN (NOT RAISED),,STRAIGHT AND LEVEL,DRY,NO DEFECTS,ON SCENE,NO INJURY / DRIVE AWAY,,,,"$501 - $1,500",08/20/2025 09:02:00 AM,ROAD CONSTRUCTION/MAINTENANCE,NOT APPLICABLE,4650,N,WESTERN AVE,1911,,,,,,,2,NO INDICATION OF INJURY,0,0,0,0,0,1,0,9,4,8,41.9662963264,-87.6889820445,POINT (-87.688982044494 41.966296326431)
a7c6f656866a408803e8b0fcfd7c8a6d8964622b9ddb9b53f6b6e2706a94a4943c6be323ef119ad688905e6dba93cd3256659cc00adc5a8f37311c047f02c0c9,,08/20/2025 09:00:00 AM,30,NO CONTROLS,NO CONTROLS,CLEAR,DAYLIGHT,SIDESWIPE SAME DIRECTION,NOT DIVIDED,,STRAIGHT AND LEVEL,DRY,NO DEFECTS,ON SCENE,NO INJURY / DRIVE AWAY,,,Y,"$501 - $1,500",08/20/2025 09:12:00 AM,UNABLE TO DETERMINE,NOT APPLICABLE,1950,W,21ST PL,1234,,,,,,,2,NO INDICATION OF INJURY,0,0,0,0,0,2,0,9,4,8,41.8532111948,-87.6754452757,POINT (-87.675445275679 41.853211194832)
ee50b78b4d74ff036079a7740ac4c9984a88a2dfc44eb23b00db6c5b41ca30b89008281a17378e63c8f29096376ee4c0e64338ed329cacf2a8fa695ce156a082,,08/20/2025 09:00:00 AM,30,TRAFFIC SIGNAL,FUNCTIONING PROPERLY,CLEAR,DAYLIGHT,SIDESWIPE SAME DIRECTION,NOT DIVIDED,,STRAIGHT AND LEVEL,DRY,NO DEFECTS,ON SCENE,INJURY AND / OR TOW DUE TO CRASH,,,Y,"OVER $1,500",08/20/2025 09:10:00 AM,UNABLE TO DETERMINE,NOT APPLICABLE,6230,S,STONY ISLAND AVE,314,,,,,,,2,"REPORTED, NOT EVIDENT",1,0,0,0,1,4,0,9,4,8,41.7819569303,-87.5866443863,POINT (-87.586644386278 41.781956930268)
bd58f86aa9989a59c8e137d7df26c962d0cf3d2ebbe4c60d2ab546784e0feed3431ddd004da9e4d094b127a3db06d4b5aca41a8571e8bc47e2c65c25b3c31e79,,08/20/2025 08:53:00 AM,30,TRAFFIC SIGNAL,FUNCTIONING PROPERLY,CLOUDY/OVERCAST,DAYLIGHT,SIDESWIPE SAME DIRECTION,FOUR WAY,,STRAIGHT AND LEVEL,DRY,NO DEFECTS,ON SCENE,NO INJURY / DRIVE AWAY,Y,,,$500 OR LESS,08/20/2025 09:00:00 AM,FAILING TO YIELD RIGHT-OF-WAY,IMPROPER LANE USAGE,1532,W,VAN BUREN ST,1231,,,,Y,CONSTRUCTION,,2,NO INDICATION OF INJURY,0,0,0,0,0,2,0,8,4,8,41.8764778037,-87.6655989544,POINT (-87.665598954353 41.876477803698)
63f77534ac9e25dc600b50e28961ed3677ccb708b0f16179fd868de28c861a3e25a1ee6c6bb938c190bcdf914c98c000f9239e6ecea66f44ba8923bbfbf122fd,,08/20/2025 08:49:00 AM,20,TRAFFIC SIGNAL,FUNCTIONING PROPERLY,UNKNOWN,UNKNOWN,REAR END,FOUR WAY,,STRAIGHT AND LEVEL,UNKNOWN,UNKNOWN,ON SCENE,NO INJURY / DRIVE AWAY,,,,"OVER $1,500",08/20/2025 09:00:00 AM,UNABLE TO DETERMINE,NOT APPLICABLE,6900,S,INDIANA AVE,322,,,,,,,2,NO INDICATION OF INJURY,0,0,0,0,0,2,0,8,4,8,41.7692004107,-87.6203568776,POINT (-87.620356877576 41.769200410735)
d74facaf3549eb9824614c4b7b135dcba04af043c90b1f05d116486ec034ee4fb2d521eb72ddc671eed3fc06940e69623b27cc23e43bb7f2b2790b3509d672d3,,08/20/2025 08:49:00 AM,25,NO CONTROLS,NO CONTROLS,CLEAR,DAYLIGHT,SIDESWIPE SAME DIRECTION,NOT DIVIDED,,STRAIGHT AND LEVEL,DRY,NO DEFECTS,ON SCENE,NO INJURY / DRIVE AWAY,,,,"OVER $1,500",08/20/2025 08:49:00 AM,IMPROPER LANE USAGE,NOT APPLICABLE,746,W,63RD ST,711,,,,,,,2,NO INDICATION OF INJURY,0,0,0,0,0,2,0,8,4,8,41.7798609771,-87.6447319199,POINT (-87.644731919935 41.779860977117)
0c4216f123677c01cc8485b61b427e1e021d4616b9c8c83f62f12e6fbc68ed1c40d6b9a99bdf874cf0b4d8f5ff1e8c4bb7273146aeb9c8ce997cdbcf2e9ab766,,08/20/2025 08:45:00 AM,30,NO CONTROLS,NO CONTROLS,CLEAR,DAYLIGHT,TURNING,FOUR WAY,,STRAIGHT AND LEVEL,DRY,NO DEFECTS,,INJURY AND / OR TOW DUE TO CRASH,Y,,,"OVER $1,500",08/20/2025 08:47:00 AM,UNABLE TO DETERMINE,UNABLE TO DETERMINE,9500,S,THROOP ST,2213,,,,,,,3,NO INDICATION OF INJURY,0,0,0,0,0,5,0,8,4,8,41.7212563033,-87.6555293853,POINT (-87.655529385279 41.721256303276)
1cda88551ac27beeab2f7b6e98e1ac5a1187f62e96b13378c0a2ad1553e57e9093ad622c3f919e8be12257cada346165c04b44a3f424ef38c7badf5117fa9383,Y,08/20/2025 08:40:00 AM,30,TRAFFIC SIGNAL,FUNCTIONING PROPERLY,CLEAR,DAYLIGHT,SIDESWIPE SAME DIRECTION,NOT DIVIDED,,STRAIGHT AND LEVEL,DRY,NO DEFECTS,NOT ON SCENE (DESK REPORT),NO INJURY / DRIVE AWAY,,,Y,"OVER $1,500",08/20/2025 10:44:00 AM,UNABLE TO DETERMINE,NOT APPLICABLE,7059,S,SOUTH SHORE DR,334,,,,,,,2,NO INDICATION OF INJURY,0,0,0,0,0,2,0,8,4,8,41.7666030222,-87.5663237227,POINT (-87.566323722736 41.766603022169)
24cb0e77a6947b9521cc8389eebc4c77359aa2eaa6326c2184b2171049d6c70e138cbc9df7c873a4eda24954ad61e974ea48d0d4dfc8b9c05ed72de6159d2f20,,08/20/2025 08:40:00 AM,30,NO CONTROLS,NO CONTROLS,CLEAR,DAYLIGHT,SIDESWIPE SAME DIRECTION,DIVIDED - W/MEDIAN (NOT RAISED),,STRAIGHT AND LEVEL,DRY,NO DEFECTS,NOT ON SCENE (DESK REPORT),NO INJURY / DRIVE AWAY,,,,"$501 - $1,500",08/21/2025 05:20:00 PM,UNABLE TO DETERMINE,NOT APPLICABLE,4652,N,WESTERN AVE,1911,,,,,,,2,NO INDICATION OF INJURY,0,0,0,0,0,2,0,8,4,8,41.9663473641,-87.6889836464,POINT (-87.688983646353 41.966347364064)
93be8cebe5777fccd510b7fa84b82f173a6ff13971e8f1dbeab9736715e9b67072eb5f8f762d59bd6338651dfa95c44e6969b25954210939354d250f286e1074,,08/20/2025 08:35:00 AM,20,NO CONTROLS,NO CONTROLS,CLEAR,DAYLIGHT,FIXED OBJECT,ALLEY,,STRAIGHT AND LEVEL,DRY,NO DEFECTS,ON SCENE,NO INJURY / DRIVE AWAY,,N,,"OVER $1,500",08/20/2025 08:58:00 AM,UNABLE TO DETERMINE,NOT APPLICABLE,5719,N,SACRAMENTO AVE,2011,,,,,,,1,NO INDICATION OF INJURY,0,0,0,0,0,1,0,8,4,8,41.9855159961,-87.7039417775,POINT (-87.703941777483 41.985515996065)
24a6c36e72cbe8697bf2d0cbb49aedddec650168d795d769385d76a210406b70980e19c19a7072150132fad1f67feb50c3922ebbad26565df0c2e490b10bb612,,08/20/2025 08:30:00 AM,10,SCHOOL ZONE,NO CONTROLS,CLEAR,DAYLIGHT,PARKED MOTOR VEHICLE,PARKING LOT,,STRAIGHT AND LEVEL,DRY,NO DEFECTS,NOT ON SCENE (DESK REPORT),NO INJURY / DRIVE AWAY,,,,$500 OR LESS,08/20/2025 11:20:00 AM,UNABLE TO DETERMINE,NOT APPLICABLE,9833,S,THROOP ST,2213,,,,,,,2,NO INDICATION OF INJURY,0,0,0,0,0,3,0,8,4,8,41.7148851809,-87.6550595749,POINT (-87.655059574898 41.71488518093)
7c42db0375373505614dea7b150c0e4e0c5948ddb64d5012c3500dd282d837b07f71c1353b62c506737cdd07565d9118a6e0189906707030d79f07e6ff1adf7e,,08/20/2025 08:30:00 AM,30,NO CONTROLS,NO CONTROLS,CLEAR,DAYLIGHT,PARKED MOTOR VEHICLE,NOT DIVIDED,,STRAIGHT AND LEVEL,DRY,NO DEFECTS,NOT ON SCENE (DESK REPORT),NO INJURY / DRIVE AWAY,,,N,"OVER $1,500",08/20/2025 01:20:00 PM,UNABLE TO DETERMINE,UNABLE TO DETERMINE,440,E,107TH ST,512,,,,,,,2,NO INDICATION OF INJURY,0,0,0,0,0,1,0,8,4,8,41.700142835,-87.6119520134,POINT (-87.611952013387 41.700142835033)
88b8f54fcade94104e32f76c253ce1ea32718306d4db1488b77e914e25a65539d68caea1074e3066de55ecb87459bc979dd3c28d6fe959a99b4fcf004f6ec7ad,,08/20/2025 08:29:00 AM,30,NO CONTROLS,NO CONTROLS,CLEAR,DAYLIGHT,SIDESWIPE SAME DIRECTION,ONE-WAY,,STRAIGHT AND LEVEL,DRY,NO DEFECTS,,NO INJURY / DRIVE AWAY,,,,"$501 - $1,500",08/20/2025 06:54:00 PM,IMPROPER LANE USAGE,FAILING TO YIELD RIGHT-OF-WAY,40,N,DEARBORN ST,112,,,,,,,2,NO INDICATION OF INJURY,0,0,0,0,0,2,0,8,4,8,41.8829424801,-87.6295804126,POINT (-87.62958041259 41.882942480057)
86a8b4ef4f4f5bfb15bee429add94cc090b93a5ef53c62cbc4b3a539aa0ade3895c078e729e5aebee043c66362022424bce844be6f5919833fd42f32adc41643,,08/20/2025 08:27:00 AM,25,UNKNOWN,UNKNOWN,UNKNOWN,UNKNOWN,SIDESWIPE SAME DIRECTION,NOT DIVIDED,,STRAIGHT AND LEVEL,UNKNOWN,UNKNOWN,NOT ON SCENE (DESK REPORT),NO INJURY / DRIVE AWAY,,,,"OVER $1,500",08/21/2025 06:15:00 PM,NOT APPLICABLE,NOT APPLICABLE,1533,N,LARRABEE ST,1821,,,,,,,2,NO INDICATION OF INJURY,0,0,0,0,0,2,0,8,4,8,41.9101905084,-87.6432600768,POINT (-87.643260076777 41.910190508383)
db00ea3d37b31fe2a9ecfefa3bd0503b32ab388c21396ad07117902bba72be834f5a6e74cc7878c5912b18b490e94fa7158f8c8dc3aa4b9754591be2730f60cc,,08/20/2025 08:27:00 AM,40,NO CONTROLS,NO CONTROLS,CLEAR,DAYLIGHT,REAR END,DIVIDED - W/MEDIAN BARRIER,,STRAIGHT ON GRADE,DRY,UNKNOWN,ON SCENE,INJURY AND / OR TOW DUE TO CRASH,,,,"OVER $1,500",08/20/2025 08:32:00 AM,UNABLE TO DETERMINE,UNABLE TO DETERMINE,4600,N,LAKE SHORE DR SB,1914,,,,,,,2,"REPORTED, NOT EVIDENT",1,0,0,0,1,1,0,8,4,8,41.9657184879,-87.6474766551,POINT (-87.647476655051 41.965718487888)
91a35583c35236788f1924e6aefca259336ec8fe7f8cf5085abca379895319b474be275bc29c3b518cb790e8d45739179901e7e3bba55dec11ccb8583f28bfe0,,08/20/2025 08:25:00 AM,30,NO CONTROLS,NO CONTROLS,CLEAR,DAYLIGHT,PARKED MOTOR VEHICLE,DIVIDED - W/MEDIAN (NOT RAISED),,STRAIGHT AND LEVEL,DRY,UNKNOWN,ON SCENE,NO INJURY / DRIVE AWAY,,,,"OVER $1,500",08/20/2025 08:34:00 AM,FOLLOWING TOO CLOSELY,FOLLOWING TOO CLOSELY,2801,N,LECLAIRE AVE,2521,,,,,,,2,NO INDICATION OF INJURY,0,0,0,0,0,1,0,8,4,8,41.9314826933,-87.7538153716,POINT (-87.753815371614 41.931482693269)
4865389f4fb229e1d849e98da988f633aaa730edb782974b136617ca933203e40a5cc555be8bdba86ad7adeb34b04b6c1ab5d51c2795bf96fba649f9677c92db,,08/20/2025 08:20:00 AM,20,NO CONTROLS,NO CONTROLS,CLOUDY/OVERCAST,DAYLIGHT,PARKED MOTOR VEHICLE,NOT DIVIDED,,STRAIGHT AND LEVEL,DRY,NO DEFECTS,NOT ON SCENE (DESK REPORT),NO INJURY / DRIVE AWAY,,,,"OVER $1,500",08/20/2025 10:15:00 AM,UNABLE TO DETERMINE,NOT APPLICABLE,1009,S,WOOD ST,1231,,,,,,,2,NO INDICATION OF INJURY,0,0,0,0,0,2,0,8,4,8,41.8689367431,-87.6712578294,POINT (-87.671257829415 41.868936743064)
47959372aeef25650b8c618342a6190b343079d5feaaae7c83bcd6ffe1a058de2a18321beb2231d9e5bb1036f40c863269b42939494d2d5a6c041512ae89b713,,08/20/2025 08:17:00 AM,30,NO CONTROLS,NO CONTROLS,CLEAR,DAYLIGHT,SIDESWIPE SAME DIRECTION,NOT DIVIDED,,STRAIGHT AND LEVEL,DRY,NO DEFECTS,NOT ON SCENE (DESK REPORT),NO INJURY / DRIVE AWAY,,,,"OVER $1,500",08/20/2025 06:03:00 PM,IMPROPER LANE USAGE,NOT APPLICABLE,7149,S,KEDZIE AVE,831,,,,,,,2,NO INDICATION OF INJURY,0,0,0,0,0,2,0,8,4,8,41.7629342545,-87.7026238466,POINT (-87.702623846553 41.762934254475)
43a64a6f38cd11c509e259f7f3365592e8b85bf47623c5637c8fb84a6f1ffe44af4092bf2c8855bc98f2abce63903412c8ff1116ba8f2fae1b9b7a00f430c3bb,,08/20/2025 08:15:00 AM,30,TRAFFIC SIGNAL,FUNCTIONING PROPERLY,CLEAR,DAYLIGHT,REAR END,DIVIDED - W/MEDIAN (NOT RAISED),,STRAIGHT AND LEVEL,DRY,NO DEFECTS,NOT ON SCENE (DESK REPORT),NO INJURY / DRIVE AWAY,,,Y,"OVER $1,500",08/21/2025 06:20:00 PM,UNABLE TO DETERMINE,UNABLE TO DETERMINE,3400,W,WILSON AVE,1723,,,,,,,2,NO INDICATION OF INJURY,0,0,0,0,0,2,0,8,4,8,41.9648269009,-87.713258186,POINT (-87.713258186005 41.964826900885)
180d96affc81279facfe77062f5b99bea5bbe207dba3dd531651e1f63b69a2fc06b2259b2eb85404ce6eb365f56f2b6d1c8cefbf05f521243d37c11f35031e63,,08/20/2025 08:13:00 AM,30,NO CONTROLS,NO CONTROLS,CLEAR,DAYLIGHT,SIDESWIPE OPPOSITE DIRECTION,NOT DIVIDED,,STRAIGHT AND LEVEL,DRY,NO DEFECTS,ON SCENE,NO INJURY / DRIVE AWAY,,,,"$501 - $1,500",08/20/2025 08:13:00 AM,DISTRACTION - FROM INSIDE VEHICLE,DISTRACTION - FROM INSIDE VEHICLE,7352,S,JEFFERY BLVD,333,Y,Y,,,,,2,NO INDICATION OF INJURY,0,0,0,0,0,2,0,8,4,8,41.7609292971,-87.5763332438,POINT (-87.576333243792 41.760929297088)
57444a083469a4e9c2fb2391c0a0b38df345045cce7b1aa5503adc54be41b0f781a9b3b18c006ae8e7f46cca2c36f4b031611345e80d7dec109e655d85178a7e,,08/20/2025 08:12:00 AM,30,NO CONTROLS,NO CONTROLS,CLEAR,DAYLIGHT,TURNING,NOT DIVIDED,,STRAIGHT AND LEVEL,DRY,NO DEFECTS,NOT ON SCENE (DESK REPORT),NO INJURY / DRIVE AWAY,,,,"$501 - $1,500",08/23/2025 03:10:00 PM,FAILING TO YIELD RIGHT-OF-WAY,FAILING TO YIELD RIGHT-OF-WAY,3615,N,CENTRAL AVE,1633,,,,,,,2,NO INDICATION OF INJURY,0,0,0,0,0,2,0,8,4,8,41.9463363856,-87.7666250818,POINT (-87.766625081803 41.946336385553)
8abd7d941c51ee11b35d9d8651f9c0b2f8df17f63c011acef93b00be0ffcad00e1da22f9b0cb3bd804ee92694fc75d66af0e195395f97bd199718bba4dc706e8,,08/20/2025 08:10:00 AM,25,NO CONTROLS,NO CONTROLS,CLEAR,DAYLIGHT,SIDESWIPE SAME DIRECTION,DIVIDED - W/MEDIAN (NOT RAISED),,STRAIGHT AND LEVEL,DRY,NO DEFECTS,NOT ON SCENE (DESK REPORT),NO INJURY / DRIVE AWAY,,,Y,"$501 - $1,500",08/20/2025 08:25:00 AM,IMPROPER OVERTAKING/PASSING,IMPROPER OVERTAKING/PASSING,8400,S,RACINE AVE,613,,,,,,,2,NO INDICATION OF INJURY,0,0,0,0,0,2,0,8,4,8,41.7413012677,-87.6536349215,POINT (-87.653634921514 41.741301267701)
9573e29b40eb79e759e0f2b0b963a27afa07ba98ef3f5fd112df691ed3d078fa2a2e0570720d94c39a5965bb930ef02fc4905361bceabc939e4d968bf1dc3120,,08/20/2025 08:10:00 AM,25,NO CONTROLS,NO CONTROLS,CLEAR,DAYLIGHT,PEDALCYCLIST,NOT DIVIDED,,STRAIGHT AND LEVEL,DRY,NO DEFECTS,ON SCENE,INJURY AND / OR TOW DUE TO CRASH,,,,$500 OR LESS,08/20/2025 08:15:00 AM,IMPROPER LANE USAGE,NOT APPLICABLE,595,W,CHICAGO AVE,1831,,,,,,,2,"REPORTED, NOT EVIDENT",1,0,0,0,1,1,0,8,4,8,41.8963672984,-87.6428672501,POINT (-87.642867250054 41.896367298379)
dc69b53dee9cabc022b109c183cda988080940d7cf1a608e0ed1f8beae0f95fb906814711dbc2a956724b35ecdf65da220537f51e2359c2eae8d25fc4b180a94,,08/20/2025 08:10:00 AM,30,STOP SIGN/FLASHER,UNKNOWN,CLEAR,DAYLIGHT,REAR END,NOT DIVIDED,,STRAIGHT AND LEVEL,DRY,UNKNOWN,NOT ON SCENE (DESK REPORT),NO INJURY / DRIVE AWAY,,,,"OVER $1,500",08/20/2025 08:10:00 AM,UNABLE TO DETERMINE,UNABLE TO DETERMINE,5100,N,MULLIGAN AVE,1622,,,,,,,2,NO INDICATION OF INJURY,0,0,0,0,0,4,0,8,4,8,41.9739364402,-87.7868448504,POINT (-87.7868448504 41.973936440193)
f9454e04b05e33131aeb5585fb9c69a83cb9d744ab783ae3341a57528d3a5c7574c4974bb6d9671637a59c7a136fe064535bded9fbae43df648ff2da5de17e0a,,08/20/2025 08:10:00 AM,30,NO CONTROLS,NO CONTROLS,CLEAR,DAYLIGHT,REAR END,DIVIDED - W/MEDIAN (NOT RAISED),,STRAIGHT AND LEVEL,DRY,NO DEFECTS,NOT ON SCENE (DESK REPORT),NO INJURY / DRIVE AWAY,,,,"OVER $1,500",08/20/2025 09:30:00 AM,UNABLE TO DETERMINE,UNABLE TO DETERMINE,3710,W,LAWRENCE AVE,1712,,,,,,,3,NO INDICATION OF INJURY,0,0,0,0,0,3,0,8,4,8,41.9684258795,-87.7211826911,POINT (-87.721182691112 41.96842587949)
518296b11528aa903b5e2e021d8e859f501c36e5ea6220ef3902fdcb2cdb973dc6eba1eb662d39a28bc2e313bddafefd9f7573859b898661855472434ed5a1d7,,08/20/2025 08:09:00 AM,30,NO CONTROLS,NO CONTROLS,CLEAR,DAYLIGHT,SIDESWIPE SAME DIRECTION,DIVIDED - W/MEDIAN BARRIER,,STRAIGHT AND LEVEL,DRY,NO DEFECTS,ON SCENE,NO INJURY / DRIVE AWAY,,,Y,"$501 - $1,500",08/20/2025 08:14:00 AM,IMPROPER LANE USAGE,NOT APPLICABLE,4633,N,WESTERN AVE,1911,,,,,,,2,NO INDICATION OF INJURY,0,0,0,0,0,2,0,8,4,8,41.9658427031,-87.6886727152,POINT (-87.688672715185 41.965842703109)
da4f44a42c07fffbfbc1a753f4924416824ccad84532ede90acc37af8fbbc46f2a2e62e973ab45014b22df2b4b0730e75cd97228420fe26a22d73a4ffdcda74c,,08/20/2025 08:00:00 AM,30,TRAFFIC SIGNAL,FUNCTIONING PROPERLY,CLEAR,DAYLIGHT,REAR END,FOUR WAY,,STRAIGHT AND LEVEL,DRY,NO DEFECTS,NOT ON SCENE (DESK REPORT),NO INJURY / DRIVE AWAY,Y,,,$500 OR LESS,08/20/2025 08:15:00 AM,FAILING TO YIELD RIGHT-OF-WAY,UNABLE TO DETERMINE,3953,N,PULASKI RD,1732,,,,,,,2,NO INDICATION OF INJURY,0,0,0,0,0,3,0,8,4,8,41.9534251003,-87.7274641731,POINT (-87.727464173057 41.953425100295)
e87d52bb84463f497fb739b160a7e6dc8e0780f764d0d9631425b8a28ec442eb0aaeb96ec09b7dba8fbd5d5135a49c8f113d9ed64ff30a9f2e4d2a0f7acb4bd3,,08/20/2025 08:00:00 AM,30,NO CONTROLS,NO CONTROLS,CLEAR,DAYLIGHT,REAR END,DIVIDED - W/MEDIAN (NOT RAISED),,STRAIGHT AND LEVEL,DRY,UNKNOWN,NOT ON SCENE (DESK REPORT),NO INJURY / DRIVE AWAY,,,,"OVER $1,500",08/20/2025 08:20:00 AM,UNABLE TO DETERMINE,UNABLE TO DETERMINE,3960,W,IRVING PARK RD,1723,,,,,,,2,NO INDICATION OF INJURY,0,0,0,0,0,2,0,8,4,8,41.9537584266,-87.7275589211,POINT (-87.72755892105 41.953758426627)
d43c2c5846292ff67423ddc801f29da8bc915cb579aee0fc1d8e6afa21f9bc495d390d7ddcec73d088e6821bf6a74805fd8b2fb3806cb5ca50ea00c609918ba2,,08/20/2025 07:54:00 AM,30,NO CONTROLS,NO CONTROLS,CLEAR,DAYLIGHT,SIDESWIPE SAME DIRECTION,FOUR WAY,,STRAIGHT AND LEVEL,DRY,UNKNOWN,ON SCENE,NO INJURY / DRIVE AWAY,Y,,,"OVER $1,500",08/20/2025 08:03:00 AM,UNABLE TO DETERMINE,UNABLE TO DETERMINE,4358,W,83RD ST,834,,,,,,,2,NO INDICATION OF INJURY,0,0,0,0,0,3,0,7,4,8,41.7421204597,-87.7313266007,POINT (-87.731326600719 41.742120459668)