CRASH_RECORD_ID,CRASH_DATE_EST_I,CRASH_DATE,POSTED_SPEED_LIMIT,TRAFFIC_CONTROL_DEVICE,DEVICE_CONDITION,WEATHER_CONDITION,LIGHTING_CONDITION,FIRST_CRASH_TYPE,TRAFFICWAY_TYPE,LANE_CNT,ALIGNMENT,ROADWAY_SURFACE_COND,ROAD_DEFECT,REPORT_TYPE,CRASH_TYPE,INTERSECTION_RELATED_I,NOT_RIGHT_OF_WAY_I,HIT_AND_RUN_I,DAMAGE,DATE_POLICE_NOTIFIED,PRIM_CONTRIBUTORY_CAUSE,SEC_CONTRIBUTORY_CAUSE,STREET_NO,STREET_DIRECTION,STREET_NAME,BEAT_OF_OCCURRENCE,PHOTOS_TAKEN_I,STATEMENTS_TAKEN_I,DOORING_I,WORK_ZONE_I,WORK_ZONE_TYPE,WORKERS_PRESENT_I,NUM_UNITS,MOST_SEVERE_INJURY,INJURIES_TOTAL,INJURIES_FATAL,INJURIES_INCAPACITATING,INJURIES_NON_INCAPACITATING,INJURIES_REPORTED_NOT_EVIDENT,INJURIES_NO_INDICATION,INJURIES_UNKNOWN,CRASH_HOUR,CRASH_DAY_OF_WEEK,CRASH_MONTH,LATITUDE,LONGITUDE,LOCATION
06feeff6496328be2120a6cff771db3717d294303dca88a8a525c0d9baa345e940b1f7f85a4b6b1e9c688bce359a9167d441c128bc24ccab02aa3cd57bee9f96,,08/20/2025 07:52:00 AM,35,NO CONTROLS,NO CONTROLS,CLEAR,DAYLIGHT,TURNING,Y-INTERSECTION,,STRAIGHT AND LEVEL,DRY,NO DEFECTS,ON SCENE,INJURY AND / OR TOW DUE TO CRASH,,,Y,"$501 - $1,500",08/20/2025 07:52:00 AM,IMPROPER TURNING/NO SIGNAL,DRIVING SKILLS/KNOWLEDGE/EXPERIENCE,7298,S,SOUTH CHICAGO AVE,323,,,,,,,2,"REPORTED, NOT EVIDENT",2,0,0,0,2,1,0,7,4,8,41.7622677605,-87.6007577189,POINT (-87.600757718863 41.762267760497)
5290693d4bcbae469ff1e6c37340ad6752e6395b8f998f258a122ee9fea30c86666f295bcc5e20fb0ea453200c907af6fec35807286b23f932f58463cc868a63,,08/20/2025 07:51:00 AM,20,NO CONTROLS,NO CONTROLS,CLEAR,DAYLIGHT,PARKED MOTOR VEHICLE,ONE-WAY,,STRAIGHT AND LEVEL,DRY,NO DEFECTS,ON SCENE,NO INJURY / DRIVE AWAY,,,,"$501 - $1,500",08/20/2025 07:51:00 AM,UNABLE TO DETERMINE,UNABLE TO DETERMINE,3328,W,SUNNYSIDE AVE,1724,,,,,,,2,NO INDICATION OF INJURY,0,0,0,0,0,6,0,7,4,8,41.9630804359,-87.7119149016,POINT (-87.711914901597 41.963080435942)
4ed42f2fc51ff3e513073af0685f5a742ba9532cfc70c955c48ff1f3a8f237fb92a96a498426249058d9b678b9530d80e8306e30fb497d8381078e9c02400b64,,08/20/2025 07:50:00 AM,30,NO CONTROLS,NO CONTROLS,CLEAR,DAYLIGHT,REAR END,NOT DIVIDED,,STRAIGHT AND LEVEL,DRY,NO DEFECTS,NOT ON SCENE (DESK REPORT),NO INJURY / DRIVE AWAY,,,Y,"OVER $1,500",08/20/2025 07:50:00 AM,UNABLE TO DETERMINE,NOT APPLICABLE,307,E,MARQUETTE RD,322,Y,,,,,,2,NO INDICATION OF INJURY,0,0,0,0,0,2,0,7,4,8,41.7728062177,-87.6183857267,POINT (-87.618385726674 41.772806217686)
1a8d794e6b181f7342fdec6e1f9bc5e5722825fdc45d6d975d30dbc49acfca92a1405f441ab17c832cf316e39bfc8bd7b502b29ad082640aff10dfca9a98f843,,08/20/2025 07:44:00 AM,30,STOP SIGN/FLASHER,FUNCTIONING PROPERLY,CLEAR,DAYLIGHT,ANGLE,T-INTERSECTION,,STRAIGHT AND LEVEL,DRY,UNKNOWN,NOT ON SCENE (DESK REPORT),NO INJURY / DRIVE AWAY,Y,,,"OVER $1,500",08/20/2025 01:20:00 PM,FAILING TO YIELD RIGHT-OF-WAY,NOT APPLICABLE,2130,N,CALIFORNIA AVE,1414,,,,,,,2,NO INDICATION OF INJURY,0,0,0,0,0,2,0,7,4,8,41.9205292257,-87.6974347874,POINT (-87.697434787436 41.920529225658)
3c4dd13d2a697dce15f89a08ac5029a15c16384df0fa6900c93224294f0f82cc1159c1b1ab46c1273bed9e0d26440f924020a15865728b84d164de16fa3f16f4,,08/20/2025 07:40:00 AM,30,TRAFFIC SIGNAL,FUNCTIONING PROPERLY,CLEAR,DAYLIGHT,SIDESWIPE SAME DIRECTION,DIVIDED - W/MEDIAN BARRIER,,STRAIGHT ON GRADE,DRY,NO DEFECTS,NOT ON SCENE (DESK REPORT),NO INJURY / DRIVE AWAY,,,Y,"OVER $1,500",08/20/2025 09:50:00 AM,UNABLE TO DETERMINE,NOT APPLICABLE,1613,W,IRVING PARK RD,1922,,,,,,,2,NO INDICATION OF INJURY,0,0,0,0,0,2,0,7,4,8,41.9541727409,-87.6696179587,POINT (-87.669617958707 41.954172740881)
7d1b2900c0dd9c136fc3d2e028e22221d5c57820bc29686ae006e7b808944df0bcae5122610d223e576d65d2420f4420f1e076c6fabb2b4c39c38bf6f3229202,,08/20/2025 07:40:00 AM,25,NO CONTROLS,NO CONTROLS,CLEAR,DAYLIGHT,REAR END,NOT DIVIDED,,STRAIGHT AND LEVEL,DRY,NO DEFECTS,NOT ON SCENE (DESK REPORT),NO INJURY / DRIVE AWAY,,,,"$501 - $1,500",08/24/2025 11:45:00 AM,UNABLE TO DETERMINE,UNABLE TO DETERMINE,6511,W,GRAND AVE,2512,,,,,,,3,NO INDICATION OF INJURY,0,0,0,0,0,3,0,7,4,8,41.9232593391,-87.7881692854,POINT (-87.788169285409 41.923259339088)
c308a237380c201df15744f7023a4ee9dd97eccd2fdcd3d504db6791ca61e42097da97eaecf0ea8129fe4e7df50f024a4e6483824fabed8ba3c448066bd3b3cf,,08/20/2025 07:40:00 AM,15,NO CONTROLS,NO CONTROLS,CLEAR,DAYLIGHT,ANGLE,T-INTERSECTION,,STRAIGHT AND LEVEL,DRY,NO DEFECTS,ON SCENE,NO INJURY / DRIVE AWAY,Y,,,"OVER $1,500",08/20/2025 07:41:00 AM,FAILING TO YIELD RIGHT-OF-WAY,FAILING TO YIELD RIGHT-OF-WAY,3501,W,MONTROSE AVE,1723,,,,,,,2,NO INDICATION OF INJURY,0,0,0,0,0,2,0,7,4,8,41.9609885935,-87.7156463163,POINT (-87.715646316297 41.960988593538)
cc09a614113f0a9707f686caf8c1e26723bebe04a435dc6a05d09ebcd0150c3dc55d09173241e132e1458a1f5e942e00093960ba16ced02e32c1921014804fba,,08/20/2025 07:37:00 AM,30,NO CONTROLS,NO CONTROLS,CLEAR,DAYLIGHT,PARKED MOTOR VEHICLE,NOT DIVIDED,,STRAIGHT AND LEVEL,DRY,NO DEFECTS,NOT ON SCENE (DESK REPORT),NO INJURY / DRIVE AWAY,,,Y,"OVER $1,500",08/20/2025 01:40:00 PM,UNABLE TO DETERMINE,UNABLE TO DETERMINE,3909,N,LAMON AVE,1634,,,,,,,2,NO INDICATION OF INJURY,0,0,0,0,0,1,0,7,4,8,41.9518370096,-87.7496735937,POINT (-87.749673593696 41.951837009583)
90104356b3a2dac4c1d4a8e82a453d2c985816eea731f16069ca2b2c34a5fdee269af502e8de5d24c2ad144727626f6d6b766dd3da28edd860181e1d27eba9ab,,08/20/2025 07:35:00 AM,30,NO CONTROLS,NO CONTROLS,UNKNOWN,UNKNOWN,PARKED MOTOR VEHICLE,ONE-WAY,,STRAIGHT AND LEVEL,UNKNOWN,UNKNOWN,NOT ON SCENE (DESK REPORT),NO INJURY / DRIVE AWAY,,,Y,"$501 - $1,500",08/20/2025 05:15:00 PM,NOT APPLICABLE,NOT APPLICABLE,2359,N,NORDICA AVE,2512,,,,,,,2,NO INDICATION OF INJURY,0,0,0,0,0,1,0,7,4,8,41.9228756762,-87.8024036029,POINT (-87.802403602871 41.922875676218)
3e7c2f59d995306048db42a98fbbf456da841e5fbb9c611b24a8a95b3c248cb7ac04bd6fba18cbe82997e96060cd969c2506a7d44136952afcd4676cde7af876,,08/20/2025 07:30:00 AM,30,NO CONTROLS,NO CONTROLS,CLEAR,DAYLIGHT,SIDESWIPE SAME DIRECTION,NOT DIVIDED,,STRAIGHT AND LEVEL,DRY,NO DEFECTS,,INJURY AND / OR TOW DUE TO CRASH,,,,"OVER $1,500",08/20/2025 02:30:00 PM,UNABLE TO DETERMINE,UNABLE TO DETERMINE,5639,S,WESTERN AVE,824,,,,,,,2,"REPORTED, NOT EVIDENT",1,0,0,0,1,1,0,7,4,8,41.7911263637,-87.6838182035,POINT (-87.683818203516 41.791126363687)
5ec84b037181af00b93c40773cc4ff92111bfbf38a88c82d284c747264b4f17b56052e2d00d13f7b61700d1018b798c8884a9fae196a66ea2142e63049bac97c,,08/20/2025 07:30:00 AM,30,UNKNOWN,UNKNOWN,CLEAR,DAYLIGHT,TURNING,NOT DIVIDED,,STRAIGHT AND LEVEL,UNKNOWN,UNKNOWN,NOT ON SCENE (DESK REPORT),NO INJURY / DRIVE AWAY,,,,"OVER $1,500",08/20/2025 01:20:00 PM,UNABLE TO DETERMINE,UNABLE TO DETERMINE,5150,N,MILWAUKEE AVE,1623,,,,,,,2,NO INDICATION OF INJURY,0,0,0,0,0,2,0,7,4,8,41.9739137799,-87.7663403014,POINT (-87.766340301374 41.9739137799)
10b2aeb474ae648161091d2f94185a0339d6a17e88685dfed5dfe4dfb92ba943584cf268c30f6f804d3c900977cd8228e8b90adc68fff241b584095ab924acef,,08/20/2025 07:26:00 AM,30,STOP SIGN/FLASHER,FUNCTIONING PROPERLY,CLEAR,DAYLIGHT,ANGLE,DIVIDED - W/MEDIAN (NOT RAISED),,STRAIGHT AND LEVEL,DRY,NO DEFECTS,ON SCENE,INJURY AND / OR TOW DUE TO CRASH,Y,,,"OVER $1,500",08/20/2025 07:26:00 AM,UNABLE TO DETERMINE,UNABLE TO DETERMINE,3100,W,IRVING PARK RD,1724,,,,,,,2,NONINCAPACITATING INJURY,3,0,0,3,0,0,0,7,4,8,41.9540449461,-87.7056363754,POINT (-87.705636375404 41.954044946135)
a8870cc2b684cfda27e02c4ccda3b71e3dbcffaf690c02d08dca690db04a617e9712ba7fd4a8b06e4147a35383f677ebd2911e7b4330c44e4e1006a9f634827c,,08/20/2025 07:24:00 AM,20,NO CONTROLS,NO CONTROLS,CLEAR,DAYLIGHT,PARKED MOTOR VEHICLE,ONE-WAY,,STRAIGHT AND LEVEL,DRY,NO DEFECTS,ON SCENE,NO INJURY / DRIVE AWAY,,,,"$501 - $1,500",08/20/2025 07:24:00 AM,UNABLE TO DETERMINE,UNABLE TO DETERMINE,3337,W,SUNNYSIDE AVE,1724,,,,,,,2,NO INDICATION OF INJURY,0,0,0,0,0,4,0,7,4,8,41.9628577115,-87.7122024269,POINT (-87.712202426884 41.962857711465)
e297bd27fad5639fb32e7d1e7ac39a6fcf28c30615fd712a22132442dee3708dd6bdbb74a668c77cfac2beb947cd3cc1681a88aa6b7ed579eca38a2515daeb41,,08/20/2025 06:58:00 AM,30,TRAFFIC SIGNAL,FUNCTIONING PROPERLY,CLEAR,DAYLIGHT,TURNING,NOT DIVIDED,,STRAIGHT AND LEVEL,DRY,NO DEFECTS,NOT ON SCENE (DESK REPORT),NO INJURY / DRIVE AWAY,,,,"$501 - $1,500",08/20/2025 02:55:00 PM,IMPROPER TURNING/NO SIGNAL,UNABLE TO DETERMINE,5201,W,GRAND AVE,2515,,,,,,,2,NO INDICATION OF INJURY,0,0,0,0,0,2,0,6,4,8,41.9168399143,-87.7560359507,POINT (-87.756035950733 41.916839914318)
93516e45b75f7eecea82b61a07f580c9aaec9300194be194e76d674f8e11b2fc5c093c1888fa151481fb4050d0adf4b9c9981c549f946aa8ed734a59e7f3fb67,,08/20/2025 06:50:00 AM,25,STOP SIGN/FLASHER,FUNCTIONING PROPERLY,CLEAR,DAYLIGHT,ANGLE,NOT REPORTED,,STRAIGHT AND LEVEL,DRY,NO DEFECTS,NOT ON SCENE (DESK REPORT),NO INJURY / DRIVE AWAY,,,,"OVER $1,500",08/20/2025 04:00:00 PM,DISREGARDING STOP SIGN,FAILING TO YIELD RIGHT-OF-WAY,4724,N,LOWELL AVE,1722,,,,,,,2,NO INDICATION OF INJURY,0,0,0,0,0,2,0,6,4,8,41.9670960038,-87.7367940278,POINT (-87.736794027778 41.967096003789)
ce2e4bae981e62e4aeddac3d4422406d19470cce44e5f35327e8fb7afb2a7d7795bd44f8fd97d09b4fa9683f7edfc15c3804c33c1b27a92192778f8ce753dd29,,08/20/2025 06:50:00 AM,30,TRAFFIC SIGNAL,FUNCTIONING PROPERLY,CLEAR,DAYLIGHT,ANGLE,FOUR WAY,,STRAIGHT AND LEVEL,DRY,NO DEFECTS,ON SCENE,NO INJURY / DRIVE AWAY,Y,,,"OVER $1,500",08/20/2025 06:55:00 AM,FAILING TO YIELD RIGHT-OF-WAY,NOT APPLICABLE,5701,N,CENTRAL AVE,1623,,,,,,,2,NO INDICATION OF INJURY,0,0,0,0,0,2,0,6,4,8,41.9847765691,-87.7681563515,POINT (-87.768156351471 41.984776569097)
e11b1bbb9287d2df8a3666306c8e074f17f21c2ede91727fcd118996aa7085692f9a5fbd31114cf129abc7d48aab0968d6d88e05121ea312a2a8df51f1ff3887,,08/20/2025 06:45:00 AM,30,TRAFFIC SIGNAL,FUNCTIONING PROPERLY,CLEAR,DAWN,SIDESWIPE SAME DIRECTION,DIVIDED - W/MEDIAN (NOT RAISED),,STRAIGHT AND LEVEL,DRY,UNKNOWN,ON SCENE,NO INJURY / DRIVE AWAY,,,Y,"$501 - $1,500",08/20/2025 06:47:00 AM,FAILING TO YIELD RIGHT-OF-WAY,UNABLE TO DETERMINE,1759,N,CICERO AVE,2533,,,,,,,2,NO INDICATION OF INJURY,0,0,0,0,0,2,0,6,4,8,41.913189361,-87.7458189059,POINT (-87.745818905867 41.913189360969)
b08797a94ef3d70f42dfea7853fc8f763402fdebb4089d91a17534690209bc83640f447092f16f06ce6b1c054077574dd967a7c586cd6e66b4fb3f3b791624ee,,08/20/2025 06:30:00 AM,30,TRAFFIC SIGNAL,FUNCTIONING PROPERLY,RAIN,DAYLIGHT,REAR END,FOUR WAY,,STRAIGHT AND LEVEL,DRY,NO DEFECTS,NOT ON SCENE (DESK REPORT),NO INJURY / DRIVE AWAY,,,,"OVER $1,500",08/20/2025 07:10:00 AM,UNABLE TO DETERMINE,NOT APPLICABLE,1754,N,CENTRAL AVE,2531,,,,,,,3,NO INDICATION OF INJURY,0,0,0,0,0,3,0,6,4,8,41.9128451481,-87.7657826805,POINT (-87.765782680534 41.912845148082)
25f61696da942eceb1b5b15762f17a725307544dbaa4ef5590f388c2f4143254bfd3084bf1a926fbe90b3cf558c28daff79820cac07ab4a73bbcdfd90ebc35f6,,08/20/2025 06:00:00 AM,30,TRAFFIC SIGNAL,FUNCTIONING PROPERLY,CLEAR,DAWN,TURNING,NOT DIVIDED,,STRAIGHT AND LEVEL,DRY,NO DEFECTS,NOT ON SCENE (DESK REPORT),NO INJURY / DRIVE AWAY,,,,"OVER $1,500",08/20/2025 04:53:00 PM,FOLLOWING TOO CLOSELY,NOT APPLICABLE,5301,S,HARLEM AVE,811,,,,,,,2,NO INDICATION OF INJURY,0,0,0,0,0,2,0,6,4,8,41.7956880528,-87.8014596705,POINT (-87.801459670523 41.795688052768)
9976cd93f3a591820f9fa9b89278857aab9a9c0ab03e0b00b406747f257eda6fc485f7895757de115d5201d3c972d83b182afa7a8b848b3883938196db2fbefb,Y,08/20/2025 05:54:00 AM,30,TRAFFIC SIGNAL,FUNCTIONING PROPERLY,CLEAR,DAWN,TURNING,FOUR WAY,,STRAIGHT AND LEVEL,DRY,NO DEFECTS,ON SCENE,INJURY AND / OR TOW DUE TO CRASH,Y,,Y,"OVER $1,500",08/20/2025 05:55:00 AM,IMPROPER TURNING/NO SIGNAL,DISREGARDING ROAD MARKINGS,2200,S,LOOMIS ST,1235,,,,,,,2,NO INDICATION OF INJURY,0,0,0,0,0,3,0,5,4,8,41.8524092963,-87.6613109926,POINT (-87.661310992602 41.852409296276)
ea1536f738dcc6c6bb2078dad15fff047ac0c72affbec5851e34fd2ca79bed2fb04c624c053df1bb87a40dbb0caa5ee181d5ddb2779a8c55690114cfda9c79f1,,08/20/2025 05:45:00 AM,30,TRAFFIC SIGNAL,FUNCTIONING PROPERLY,CLEAR,UNKNOWN,REAR END,NOT DIVIDED,,STRAIGHT AND LEVEL,UNKNOWN,UNKNOWN,NOT ON SCENE (DESK REPORT),NO INJURY / DRIVE AWAY,,,Y,"$501 - $1,500",08/21/2025 07:59:00 AM,UNABLE TO DETERMINE,NOT APPLICABLE,6301,S,PULASKI RD,823,,,,,,,2,NO INDICATION OF INJURY,0,0,0,0,0,3,0,5,4,8,41.7786395043,-87.7226130871,POINT (-87.722613087091 41.778639504347)
fc81d4da1ae9a1ec6d4657762e86d12316ebab78d7cc51bff1f4edbe10022941779e18856217777b04e76e9f152907429c26a4749b544380c52a365ebd2fca2a,,08/20/2025 05:45:00 AM,15,NO CONTROLS,NO CONTROLS,CLEAR,DAWN,PARKED MOTOR VEHICLE,PARKING LOT,,STRAIGHT AND LEVEL,DRY,NO DEFECTS,ON SCENE,INJURY AND / OR TOW DUE TO CRASH,,Y,,"OVER $1,500",08/20/2025 06:41:00 AM,UNABLE TO DETERMINE,NOT APPLICABLE,2404,S,WOLCOTT AVE,1034,,,,,,,2,NO INDICATION OF INJURY,0,0,0,0,0,1,0,5,4,8,41.8483246554,-87.6734341567,POINT (-87.673434156694 41.848324655385)
5e09d1c4a99fe0551976fd69e72758a70a5c7430c503bcc6b8f90524925e15355d980dc5197ca8429a3bc2ab3d8ca7abb0d7e691225f84a8d591f1c4e09566a2,,08/20/2025 05:37:00 AM,30,NO CONTROLS,NO CONTROLS,CLEAR,DAYLIGHT,PARKED MOTOR VEHICLE,NOT DIVIDED,,STRAIGHT AND LEVEL,DRY,NO DEFECTS,ON SCENE,INJURY AND / OR TOW DUE TO CRASH,,,,"OVER $1,500",08/20/2025 05:44:00 AM,EQUIPMENT - VEHICLE CONDITION,NOT APPLICABLE,2331,W,BELMONT AVE,1931,,,,,,,3,NO INDICATION OF INJURY,0,0,0,0,0,1,0,5,4,8,41.939360492,-87.6868381154,POINT (-87.686838115409 41.939360491955)
b244f43c40f6b659e7a6b9f08333b40864f4520dd1c80ee09e0412a2683f95ae4bee256c19a2d8bd7d428abf2786ccb45496c951b5861fb242c7a79750bc48aa,,08/20/2025 05:30:00 AM,20,TRAFFIC SIGNAL,FUNCTIONING PROPERLY,CLEAR,DAYLIGHT,TURNING,NOT DIVIDED,,STRAIGHT AND LEVEL,DRY,NO DEFECTS,ON SCENE,INJURY AND / OR TOW DUE TO CRASH,Y,,,"OVER $1,500",08/20/2025 05:34:00 AM,DISREGARDING TRAFFIC SIGNALS,NOT APPLICABLE,3500,W,63RD ST,823,,,,,,,2,NO INDICATION OF INJURY,0,0,0,0,0,2,0,5,4,8,41.778961599,-87.7105289488,POINT (-87.710528948795 41.778961598969)
277f661a9d556dc1456b45e6c9b4fa19e70e9357875f85ba4d48bd165ab51fb862abfeda8cb0ec7a8addaf6506041ab6d2fba52e17d27ebf084f3fb4fe47116c,,08/20/2025 05:15:00 AM,30,TRAFFIC SIGNAL,FUNCTIONING PROPERLY,CLEAR,DAWN,PEDALCYCLIST,FOUR WAY,,STRAIGHT AND LEVEL,DRY,NO DEFECTS,ON SCENE,INJURY AND / OR TOW DUE TO CRASH,Y,,Y,"OVER $1,500",08/20/2025 06:43:00 AM,DISREGARDING OTHER TRAFFIC SIGNS,FAILING TO YIELD RIGHT-OF-WAY,1601,W,CHICAGO AVE,1215,,,,,,,2,NONINCAPACITATING INJURY,1,0,0,1,0,1,0,5,4,8,41.89596285,-87.6673492997,POINT (-87.667349299733 41.895962849999)
4f3c88075e043036716bea6629c571ca2f3b361ca4feea6874d215984e2f6a43057a2638a30bb877d7944ab31bf922de385bd4873375b75cb6a8cf28f07a8359,,08/20/2025 04:18:00 AM,30,NO CONTROLS,NO CONTROLS,CLEAR,"DARKNESS, LIGHTED ROAD",FIXED OBJECT,ONE-WAY,,STRAIGHT AND LEVEL,DRY,UNKNOWN,ON SCENE,NO INJURY / DRIVE AWAY,,,,"$501 - $1,500",08/20/2025 04:21:00 AM,FAILING TO REDUCE SPEED TO AVOID CRASH,NOT APPLICABLE,810,S,DESPLAINES ST,124,,,,,,,1,NO INDICATION OF INJURY,0,0,0,0,0,1,0,4,4,8,41.8716650202,-87.6439505981,POINT (-87.643950598064 41.871665020191)
1dc8e0cda4f3cd3df87dca04fec7141d8281cb0cde5450f6b8eab4c6efb3d3e1b2bc602d6dbd64fad9a8becd626baef2ee59ef9c0b7109774e34aa1784ab50e4,,08/20/2025 04:00:00 AM,30,NO CONTROLS,NO CONTROLS,CLEAR,"DARKNESS, LIGHTED ROAD",FIXED OBJECT,NOT DIVIDED,,STRAIGHT AND LEVEL,UNKNOWN,UNKNOWN,NOT ON SCENE (DESK REPORT),NO INJURY / DRIVE AWAY,,,,"OVER $1,500",08/20/2025 10:28:00 AM,DISTRACTION - FROM OUTSIDE VEHICLE,"EVASIVE ACTION DUE TO ANIMAL, OBJECT, NONMOTORIST",6300,S,STATE ST,312,,,,,,,1,NO INDICATION OF INJURY,0,0,0,0,0,2,0,4,4,8,41.7800082774,-87.6255225119,POINT (-87.625522511916 41.780008277408)
ae8c68758bec5899f114b17e2053073bf7b122b0cea5c11b7f1cbf02c358c14060203a1588eb52a426ea3aca666ffa668fa59ecd28d41486f7193c07654b8abe,,08/20/2025 04:00:00 AM,45,NO CONTROLS,NO CONTROLS,CLEAR,"DARKNESS, LIGHTED ROAD",FIXED OBJECT,DIVIDED - W/MEDIAN BARRIER,,STRAIGHT AND LEVEL,DRY,NO DEFECTS,ON SCENE,INJURY AND / OR TOW DUE TO CRASH,,,Y,"OVER $1,500",08/20/2025 04:06:00 AM,UNABLE TO DETERMINE,UNABLE TO DETERMINE,6898,S,CHICAGO SKYWAY IB,322,,,,,,,1,NO INDICATION OF INJURY,0,0,0,0,0,1,0,4,4,8,41.7695729873,-87.6136712676,POINT (-87.613671267593 41.769572987313)
73686c6ef709b72863c3daf1dbba3c429d7d9c4900d19babdffb4c33d377c1a025954c6453b2a3abde75935d19785d5025aa93fe9fd1ba54e819ed919447b361,,08/20/2025 03:30:00 AM,30,NO CONTROLS,NO CONTROLS,CLEAR,"DARKNESS, LIGHTED ROAD",REAR END,NOT DIVIDED,,STRAIGHT AND LEVEL,DRY,NO DEFECTS,ON SCENE,INJURY AND / OR TOW DUE TO CRASH,,,Y,"OVER $1,500",08/20/2025 03:30:00 AM,FOLLOWING TOO CLOSELY,FOLLOWING TOO CLOSELY,3550,W,ADAMS ST,1123,,,,,,,2,"REPORTED, NOT EVIDENT",2,0,0,0,2,2,0,3,4,8,41.8783771412,-87.7155433456,POINT (-87.715543345626 41.878377141175)
53a654bdd8d341041d643a36ca1191357030367864b8bcefaf38c0f69d23e69f7971eb6bd6915eee38c5829f75a3bac5ad23e1225e64e0ba064842d60565f841,,08/20/2025 03:20:00 AM,30,NO CONTROLS,NO CONTROLS,CLEAR,"DARKNESS, LIGHTED ROAD",OVERTURNED,NOT DIVIDED,,STRAIGHT AND LEVEL,DRY,UNKNOWN,ON SCENE,INJURY AND / OR TOW DUE TO CRASH,,,,"OVER $1,500",08/20/2025 03:23:00 AM,UNABLE TO DETERMINE,NOT APPLICABLE,2834,W,IRVING PARK RD,1724,,,,,,,1,NO INDICATION OF INJURY,0,0,0,0,0,1,0,3,4,8,41.9540762774,-87.6996821557,POINT (-87.699682155672 41.95407627735)
d7027f87824e035c3cd7d0215ca36ba32b977d9d0d4c0ceb4acd4f6e7c8a96bb208e5e82868ecedd5605cee5323989d844df0f5d875345711e048a7c33482e73,Y,08/20/2025 03:00:00 AM,15,NO CONTROLS,NO CONTROLS,CLEAR,DARKNESS,PARKED MOTOR VEHICLE,PARKING LOT,,STRAIGHT AND LEVEL,DRY,NO DEFECTS,ON SCENE,NO INJURY / DRIVE AWAY,,,Y,"OVER $1,500",08/20/2025 07:55:00 AM,UNABLE TO DETERMINE,NOT APPLICABLE,1441,S,JEFFERSON ST,124,,,,,,,2,NO INDICATION OF INJURY,0,0,0,0,0,1,0,3,4,8,41.8624768765,-87.6418806763,POINT (-87.641880676251 41.862476876482)
26b4deddf11f0c510c77a9b56a5775639ffad34b98e4fa73983f8f78d27b60d7d528ecefe0d9f33db4c9c24538813810d037deb2dd1b75cf345987dfcc5ea4c5,,08/20/2025 02:05:00 AM,30,NO CONTROLS,NO CONTROLS,CLEAR,"DARKNESS, LIGHTED ROAD",FIXED OBJECT,NOT DIVIDED,,STRAIGHT AND LEVEL,DRY,NO DEFECTS,ON SCENE,INJURY AND / OR TOW DUE TO CRASH,,,,"OVER $1,500",08/20/2025 02:09:00 AM,IMPROPER OVERTAKING/PASSING,DISREGARDING ROAD MARKINGS,2211,S,WABASH AVE,131,,,,,,,1,NONINCAPACITATING INJURY,2,0,0,2,0,0,0,2,4,8,41.8524908447,-87.6253464602,POINT (-87.625346460182 41.852490844699)
5dccdfa1ad37321c500f221080decc7daa503396efb2e6e6f83c33858524df7aac535183fca0cac032bbfbceee423d089a66617dfb00d0f138708d98ef72219e,,08/20/2025 01:32:00 AM,30,TRAFFIC SIGNAL,FUNCTIONING PROPERLY,CLEAR,"DARKNESS, LIGHTED ROAD",ANGLE,ONE-WAY,,STRAIGHT AND LEVEL,DRY,NO DEFECTS,ON SCENE,INJURY AND / OR TOW DUE TO CRASH,,,,"OVER $1,500",08/20/2025 01:32:00 AM,DISREGARDING TRAFFIC SIGNALS,UNABLE TO DETERMINE,2,W,113TH PL,522,,,,,,,4,NO INDICATION OF INJURY,0,0,0,0,0,2,0,1,4,8,41.6881541584,-87.6231110667,POINT (-87.6231110667 41.688154158407)
69c0b7a48945d9eda99ae79a8b980f52e0f82defc36a6d084c560b223e95473a0cac7fbc9637e2d94b8514d77fbf829de10840491a25f5f39a5e7eef7a4579ba,,08/20/2025 01:30:00 AM,25,NO CONTROLS,NO CONTROLS,UNKNOWN,UNKNOWN,PARKED MOTOR VEHICLE,ONE-WAY,,STRAIGHT AND LEVEL,UNKNOWN,UNKNOWN,,NO INJURY / DRIVE AWAY,,,,"OVER $1,500",08/20/2025 03:20:00 PM,UNABLE TO DETERMINE,UNABLE TO DETERMINE,4800,S,LAVERGNE AVE,814,,,,,,,2,NO INDICATION OF INJURY,0,0,0,0,0,1,0,1,4,8,41.8056389525,-87.7481426283,POINT (-87.748142628327 41.805638952543)
e0633568a86fe1f4cd4660ca0dfb84f625b80e52edff9b292533232a9be42f683cdba80c5a8a24bc6ae2f6c3966a2aec8726c03d49c5a2c6435c96c82d57e680,Y,08/20/2025 12:01:00 AM,25,NO CONTROLS,NO CONTROLS,UNKNOWN,UNKNOWN,PARKED MOTOR VEHICLE,NOT DIVIDED,,STRAIGHT AND LEVEL,UNKNOWN,UNKNOWN,NOT ON SCENE (DESK REPORT),NO INJURY / DRIVE AWAY,,,Y,"OVER $1,500",08/21/2025 11:15:00 AM,UNABLE TO DETERMINE,UNABLE TO DETERMINE,1620,N,HAMLIN AVE,2535,,,,,,,2,NO INDICATION OF INJURY,0,0,0,0,0,1,0,0,4,8,41.9105929418,-87.7216086991,POINT (-87.721608699129 41.910592941801)