CRASH_RECORD_ID,CRASH_DATE_EST_I,CRASH_DATE,POSTED_SPEED_LIMIT,TRAFFIC_CONTROL_DEVICE,DEVICE_CONDITION,WEATHER_CONDITION,LIGHTING_CONDITION,FIRST_CRASH_TYPE,TRAFFICWAY_TYPE,LANE_CNT,ALIGNMENT,ROADWAY_SURFACE_COND,ROAD_DEFECT,REPORT_TYPE,CRASH_TYPE,INTERSECTION_RELATED_I,NOT_RIGHT_OF_WAY_I,HIT_AND_RUN_I,DAMAGE,DATE_POLICE_NOTIFIED,PRIM_CONTRIBUTORY_CAUSE,SEC_CONTRIBUTORY_CAUSE,STREET_NO,STREET_DIRECTION,STREET_NAME,BEAT_OF_OCCURRENCE,PHOTOS_TAKEN_I,STATEMENTS_TAKEN_I,DOORING_I,WORK_ZONE_I,WORK_ZONE_TYPE,WORKERS_PRESENT_I,NUM_UNITS,MOST_SEVERE_INJURY,INJURIES_TOTAL,INJURIES_FATAL,INJURIES_INCAPACITATING,INJURIES_NON_INCAPACITATING,INJURIES_REPORTED_NOT_EVIDENT,INJURIES_NO_INDICATION,INJURIES_UNKNOWN,CRASH_HOUR,CRASH_DAY_OF_WEEK,CRASH_MONTH,LATITUDE,LONGITUDE,LOCATION
2edaba2e142190ad3fac3115c534259c702b8f2d1c34878eaa902450ba3369523adfd8e51c04b6bd1f9418d39118d45bd4c2f2ccdcd892d1398382be5a11a4d5,,08/19/2025 11:59:00 PM,30,TRAFFIC SIGNAL,FUNCTIONING PROPERLY,CLEAR,"DARKNESS, LIGHTED ROAD",TURNING,NOT DIVIDED,,STRAIGHT AND LEVEL,DRY,NO DEFECTS,ON SCENE,INJURY AND / OR TOW DUE TO CRASH,Y,,,"OVER $1,500",08/20/2025 12:05:00 AM,IMPROPER TURNING/NO SIGNAL,NOT APPLICABLE,1000,W,ADDISON ST,1923,,,,,,,2,"REPORTED, NOT EVIDENT",1,0,0,0,1,2,0,23,3,8,41.9473522632,-87.6544433751,POINT (-87.65444337511 41.947352263187)
ae791f8bd230bb0ac598d9e9036a863a7513bcbc454dae8c18f002a65e3832abf8f9fcd0d1d4e32f491e6db6a617e5bf468f81553b0f8662873e824b331a0969,,08/19/2025 11:51:00 PM,20,STOP SIGN/FLASHER,FUNCTIONING PROPERLY,CLEAR,"DARKNESS, LIGHTED ROAD",ANGLE,ONE-WAY,,STRAIGHT AND LEVEL,DRY,UNKNOWN,ON SCENE,INJURY AND / OR TOW DUE TO CRASH,,,,"OVER $1,500",08/20/2025 12:21:00 AM,UNABLE TO DETERMINE,NOT APPLICABLE,3000,S,HARDING AVE,1031,,,,,,,2,NO INDICATION OF INJURY,0,0,0,0,0,2,0,23,3,8,41.8386495851,-87.7233218751,POINT (-87.72332187513 41.838649585123)
b3c6a7febbe38de4bb9b28aa9327b05a73de934e55cd40741fccb7989e4fd1e67d6c322aebd07e62bad4b33e57fd7378a1b44948c2a42f13437eddb74921c8da,,08/19/2025 11:30:00 PM,30,UNKNOWN,UNKNOWN,CLEAR,DUSK,SIDESWIPE SAME DIRECTION,NOT DIVIDED,,STRAIGHT AND LEVEL,DRY,UNKNOWN,NOT ON SCENE (DESK REPORT),NO INJURY / DRIVE AWAY,,,,"$501 - $1,500",08/20/2025 12:15:00 AM,IMPROPER LANE USAGE,NOT APPLICABLE,35,S,DAMEN AVE,1223,,,,,,,2,NO INDICATION OF INJURY,0,0,0,0,0,2,0,23,3,8,41.8802034586,-87.6764699832,POINT (-87.676469983202 41.880203458647)
5c97343760c1dfd66d45ab624dbf7d5c2668298fe45392bdfdb1c2fe9edad77938413c978b77058dc553bb31cace729456ba546fdf6c2408347e67a71799a612,,08/19/2025 11:20:00 PM,30,TRAFFIC SIGNAL,FUNCTIONING PROPERLY,CLEAR,"DARKNESS, LIGHTED ROAD",REAR END,DIVIDED - W/MEDIAN (NOT RAISED),,STRAIGHT AND LEVEL,DRY,UNKNOWN,NOT ON SCENE (DESK REPORT),NO INJURY / DRIVE AWAY,Y,,,"$501 - $1,500",08/19/2025 11:45:00 PM,"OPERATING VEHICLE IN ERRATIC, RECKLESS, CARELESS, NEGLIGENT OR AGGRESSIVE MANNER",UNABLE TO DETERMINE,12699,S,MICHIGAN AVE,532,,,,,,,2,NO INDICATION OF INJURY,0,0,0,0,0,2,0,23,3,8,41.6635303623,-87.6198122701,POINT (-87.619812270055 41.663530362325)
2a518f1841b868994e2c8a16cd8b996e100b26e9a80ce5afc28d19e8dff0c933b327c08fcd8b088ee4455ae8a6e72a65f61f1c204f3a4b3f3cb9e728db3716ff,,08/19/2025 11:10:00 PM,30,TRAFFIC SIGNAL,FUNCTIONING PROPERLY,CLEAR,"DARKNESS, LIGHTED ROAD",ANGLE,TRAFFIC ROUTE,,STRAIGHT AND LEVEL,DRY,NO DEFECTS,ON SCENE,INJURY AND / OR TOW DUE TO CRASH,Y,,Y,"OVER $1,500",08/19/2025 11:10:00 PM,DISREGARDING TRAFFIC SIGNALS,FAILING TO REDUCE SPEED TO AVOID CRASH,1001,N,LARAMIE AVE,1531,,,,,,,2,NO INDICATION OF INJURY,0,0,0,0,0,3,0,23,3,8,41.898675904,-87.755544326,POINT (-87.755544326025 41.898675903994)
163eb7a131052f67a98689a0ed5233fe5d6a00c0dbe9848d41dfb6f2dc099be4b4859e00e6e72154a9827bd8d770beba39d85e9e07ff013a975526bd29cd6a01,,08/19/2025 10:58:00 PM,15,NO CONTROLS,NO CONTROLS,CLEAR,"DARKNESS, LIGHTED ROAD",PARKED MOTOR VEHICLE,ALLEY,,STRAIGHT AND LEVEL,DRY,NO DEFECTS,NOT ON SCENE (DESK REPORT),NO INJURY / DRIVE AWAY,,,,"OVER $1,500",08/20/2025 10:20:00 AM,UNABLE TO DETERMINE,NOT APPLICABLE,6645,N,CALIFORNIA AVE,2412,,,,,,,2,NO INDICATION OF INJURY,0,0,0,0,0,1,0,22,3,8,42.0025366045,-87.6996264,POINT (-87.699626399994 42.002536604468)
d072830f16c76ba4e8c2821ac8e8084c6c9e5cb636eb47e0f89a07433e733f3460c6839f6465318e3e8d80865081ce468c3c4cba22036c7f6e005f7065a65eca,,08/19/2025 10:45:00 PM,30,NO CONTROLS,NO CONTROLS,CLEAR,"DARKNESS, LIGHTED ROAD",PARKED MOTOR VEHICLE,DIVIDED - W/MEDIAN (NOT RAISED),,STRAIGHT AND LEVEL,DRY,NO DEFECTS,NOT ON SCENE (DESK REPORT),NO INJURY / DRIVE AWAY,,,Y,"OVER $1,500",08/20/2025 01:30:00 AM,UNABLE TO DETERMINE,UNABLE TO DETERMINE,11600,S,HOMAN AVE,2211,,,,,,,2,NO INDICATION OF INJURY,0,0,0,0,0,1,0,22,3,8,41.6823437975,-87.7054896992,POINT (-87.705489699201 41.682343797498)
43c3bab86339a0638931f103ba8e24a2d17991e5d0fd0cbafb7432b6750b74c0a704bbbb9e8d5107b1169b24e9a2663000dfb0e8558d2dce77470956187a2c2e,,08/19/2025 10:38:00 PM,30,NO CONTROLS,NO CONTROLS,CLEAR,"DARKNESS, LIGHTED ROAD",TURNING,NOT DIVIDED,,STRAIGHT AND LEVEL,DRY,UNKNOWN,NOT ON SCENE (DESK REPORT),NO INJURY / DRIVE AWAY,,,,$500 OR LESS,08/19/2025 11:00:00 PM,NOT APPLICABLE,NOT APPLICABLE,711,W,ADDISON ST,1925,,,,,,,2,NO INDICATION OF INJURY,0,0,0,0,0,2,0,22,3,8,41.9472067091,-87.6477473339,POINT (-87.64774733391 41.947206709051)
e05b98dbc0f13999f3e1df59f791e4096befe0462a6a5f6c0c6d1d2cb4207e9392408bf5ba14c429fe89546a7692edeb0dceeaae4bcadc3e929005c447ace79b,,08/19/2025 10:35:00 PM,30,TRAFFIC SIGNAL,FUNCTIONING PROPERLY,CLEAR,"DARKNESS, LIGHTED ROAD",REAR END,DIVIDED - W/MEDIAN (NOT RAISED),,STRAIGHT AND LEVEL,DRY,WORN SURFACE,NOT ON SCENE (DESK REPORT),NO INJURY / DRIVE AWAY,,,,"$501 - $1,500",08/19/2025 11:10:00 PM,FOLLOWING TOO CLOSELY,DRIVING SKILLS/KNOWLEDGE/EXPERIENCE,5940,N,CLARK ST,2012,,,,,,,2,NO INDICATION OF INJURY,0,0,0,0,0,2,0,22,3,8,41.989576201,-87.6701257857,POINT (-87.670125785683 41.989576201002)
38c462e82a5eaeb294a10e138196c1ba1f5ae3f3b242eaaa302a2bdfb282e8edd762d23773e804df9897ca1ea00cc3a6cd3219e8651e759bed2f7d73b56c5042,,08/19/2025 10:30:00 PM,25,NO CONTROLS,NO CONTROLS,CLEAR,"DARKNESS, LIGHTED ROAD",PARKED MOTOR VEHICLE,NOT DIVIDED,,STRAIGHT AND LEVEL,DRY,NO DEFECTS,NOT ON SCENE (DESK REPORT),NO INJURY / DRIVE AWAY,,,Y,"OVER $1,500",08/19/2025 10:50:00 PM,IMPROPER OVERTAKING/PASSING,UNABLE TO DETERMINE,8218,S,VERNON AVE,631,,,,,,,2,NO INDICATION OF INJURY,0,0,0,0,0,1,0,22,3,8,41.7450810296,-87.613692625,POINT (-87.613692624962 41.745081029571)
1abfa495dd9f921d550e772daa5c03dc876740bccd67cd1b7487902cf183a194702c5f680b6b74e217e57a287e6bca2c6a1b67543d95c2c7ac640eb3afa9f81e,Y,08/19/2025 10:17:00 PM,30,TRAFFIC SIGNAL,FUNCTIONING PROPERLY,CLEAR,"DARKNESS, LIGHTED ROAD",TURNING,NOT DIVIDED,,STRAIGHT AND LEVEL,DRY,UNKNOWN,ON SCENE,INJURY AND / OR TOW DUE TO CRASH,Y,N,,"OVER $1,500",08/19/2025 10:18:00 PM,FAILING TO YIELD RIGHT-OF-WAY,DRIVING SKILLS/KNOWLEDGE/EXPERIENCE,4800,N,MILWAUKEE AVE,1623,,,,,,,2,NONINCAPACITATING INJURY,1,0,0,1,0,1,0,22,3,8,41.9678443985,-87.7608975411,POINT (-87.760897541125 41.967844398521)
37cc2bc07668c90825fddf912c82aeb7b84a658e0d5c7cfa2cda89c65d28764b486bd7357e105ae2a7661ce5884647795c46b3cbfe70713a84a8e3ee1f6ec78c,,08/19/2025 10:00:00 PM,35,UNKNOWN,UNKNOWN,UNKNOWN,UNKNOWN,PEDALCYCLIST,UNKNOWN,,STRAIGHT AND LEVEL,UNKNOWN,UNKNOWN,ON SCENE,INJURY AND / OR TOW DUE TO CRASH,,,Y,$500 OR LESS,08/20/2025 01:14:00 PM,UNABLE TO DETERMINE,UNABLE TO DETERMINE,6800,S,OGLESBY AVE,331,,,,,,,2,INCAPACITATING INJURY,1,0,1,0,0,1,0,22,3,8,41.7716227233,-87.5684386495,POINT (-87.568438649536 41.771622723313)
5a8360394c0c0004940fbc50eaaf216e3cb561df0f50a74473ca4bad5f5dc549a68c5a52591e258720d07bc9f63cb896609bd1d61151a89da4ca61c11b0677d4,,08/19/2025 10:00:00 PM,30,TRAFFIC SIGNAL,FUNCTIONING PROPERLY,CLEAR,"DARKNESS, LIGHTED ROAD",REAR END,NOT DIVIDED,,STRAIGHT AND LEVEL,DRY,NO DEFECTS,NOT ON SCENE (DESK REPORT),NO INJURY / DRIVE AWAY,,,,"OVER $1,500",08/19/2025 10:40:00 PM,UNABLE TO DETERMINE,NOT APPLICABLE,4777,N,MILWAUKEE AVE,1623,,,,,,,2,NO INDICATION OF INJURY,0,0,0,0,0,2,0,22,3,8,41.9675699111,-87.7603058825,POINT (-87.760305882536 41.967569911145)
81ffcaebe474d5f31910358f74a6a96fae3dfb36f6d8a65481dea2abe3149b3176e077316c852434d918c4bf9bb28e75dcf558de640b8b25f5c4fba620fb2731,,08/19/2025 10:00:00 PM,30,NO CONTROLS,NO CONTROLS,CLEAR,"DARKNESS, LIGHTED ROAD",PARKED MOTOR VEHICLE,ONE-WAY,,STRAIGHT AND LEVEL,DRY,NO DEFECTS,ON SCENE,INJURY AND / OR TOW DUE TO CRASH,,,Y,"OVER $1,500",08/19/2025 10:04:00 PM,UNABLE TO DETERMINE,UNABLE TO DETERMINE,6852,S,MERRILL AVE,331,,,,,,,2,NO INDICATION OF INJURY,0,0,0,0,0,1,0,22,3,8,41.7701015502,-87.5728872972,POINT (-87.572887297226 41.770101550232)
a9ae614c951371818625df68f3c46807a5f1f4021e088cad9d244abe59bd9c38ac5a3cde35ce66b6e304977a758b75b9f8e38d9425c82506ba0dfa77c709776c,,08/19/2025 09:50:00 PM,30,TRAFFIC SIGNAL,FUNCTIONING PROPERLY,CLEAR,DUSK,REAR TO SIDE,NOT DIVIDED,,STRAIGHT AND LEVEL,DRY,NO DEFECTS,NOT ON SCENE (DESK REPORT),INJURY AND / OR TOW DUE TO CRASH,Y,,,"$501 - $1,500",08/19/2025 10:10:00 PM,IMPROPER LANE USAGE,UNABLE TO DETERMINE,6898,S,JEFFERY BLVD,332,,,,,,,2,NONINCAPACITATING INJURY,1,0,0,1,0,1,0,21,3,8,41.7698902393,-87.5765472273,POINT (-87.576547227318 41.769890239332)
9502d225f4c443c0faf034638075fbccb5216545684fd780be4b5d2356c7352ff80e590a412a45f2d304200c472da3175a18466565c210e1c853586b0947b860,,08/19/2025 09:42:00 PM,30,TRAFFIC SIGNAL,FUNCTIONING PROPERLY,CLEAR,DARKNESS,REAR END,FOUR WAY,,STRAIGHT AND LEVEL,DRY,NO DEFECTS,ON SCENE,NO INJURY / DRIVE AWAY,Y,,,"OVER $1,500",08/19/2025 09:50:00 PM,FOLLOWING TOO CLOSELY,UNABLE TO DETERMINE,10401,W,ZEMKE RD,1654,,,,,,,2,NO INDICATION OF INJURY,0,0,0,0,0,2,0,21,3,8,41.9948031898,-87.884595299,POINT (-87.884595299043 41.994803189847)
eb4fb16a9574c6c63a0dd2f5992b580fbda16f52152b156b07c213d975b599080b55833c7802a35e3881c7f2d7807fc43d64183e71d1933d5c3c0e90ffa263f0,Y,08/19/2025 09:31:00 PM,30,NO CONTROLS,NO CONTROLS,CLEAR,DARKNESS,SIDESWIPE SAME DIRECTION,NOT DIVIDED,,STRAIGHT AND LEVEL,DRY,NO DEFECTS,ON SCENE,NO INJURY / DRIVE AWAY,,,,"OVER $1,500",08/19/2025 09:31:00 PM,UNABLE TO DETERMINE,UNABLE TO DETERMINE,5709,S,UNION AVE,711,,,,,,,2,NO INDICATION OF INJURY,0,0,0,0,0,2,0,21,3,8,41.7903936233,-87.6424750007,POINT (-87.64247500068 41.79039362334)
53352f57255f5ff2a0ddf914e2df9bc3fb49bb786052a4e08d8a6eaabd0747d7e88824ecc9ecf499dfaf368730afe12376b1377c446f7c7b2c901810ee410a97,,08/19/2025 09:30:00 PM,25,NO CONTROLS,NO CONTROLS,CLEAR,"DARKNESS, LIGHTED ROAD",PARKED MOTOR VEHICLE,NOT DIVIDED,,STRAIGHT AND LEVEL,DRY,NO DEFECTS,NOT ON SCENE (DESK REPORT),NO INJURY / DRIVE AWAY,,,Y,"OVER $1,500",08/20/2025 01:15:00 PM,UNABLE TO DETERMINE,NOT APPLICABLE,12243,S,WENTWORTH AVE,523,,,,,,,2,NO INDICATION OF INJURY,0,0,0,0,0,1,0,21,3,8,41.6712305096,-87.6271160075,POINT (-87.62711600754 41.671230509567)
bf40d87acde7d9f435e3f8cb31273d1e87bfca9dd04366594d00994da7c88b08e706af5a5582d7dd76ac7403cf1dd62091ec9889ae6f0e67a004944cc18a9a78,,08/19/2025 09:30:00 PM,25,TRAFFIC SIGNAL,FUNCTIONING PROPERLY,CLEAR,"DARKNESS, LIGHTED ROAD",REAR END,NOT DIVIDED,,STRAIGHT AND LEVEL,DRY,NO DEFECTS,NOT ON SCENE (DESK REPORT),NO INJURY / DRIVE AWAY,,,,"OVER $1,500",08/20/2025 07:00:00 AM,FAILING TO REDUCE SPEED TO AVOID CRASH,NOT APPLICABLE,3100,S,CENTRAL PARK AVE,1032,,,,,,,2,NO INDICATION OF INJURY,0,0,0,0,0,2,0,21,3,8,41.8369653642,-87.7147391421,POINT (-87.714739142055 41.836965364198)
079fdac0ca654f56bb6d8a719fec28d7528ddde3b7bc8570c89df5f1e5dfeb3cc802da042dc3115bc8325f55ca3b3c9160341e9de421c6742a35b1dbffac4f82,Y,08/19/2025 09:29:00 PM,30,NO CONTROLS,NO CONTROLS,CLEAR,DARKNESS,TURNING,DIVIDED - W/MEDIAN (NOT RAISED),,STRAIGHT AND LEVEL,DRY,NO DEFECTS,ON SCENE,INJURY AND / OR TOW DUE TO CRASH,,,Y,"OVER $1,500",08/19/2025 11:19:00 PM,IMPROPER TURNING/NO SIGNAL,FAILING TO YIELD RIGHT-OF-WAY,336,N,LARAMIE AVE,1523,,,,,,,2,NO INDICATION OF INJURY,0,0,0,0,0,2,0,21,3,8,41.8867629767,-87.7554370997,POINT (-87.755437099734 41.886762976723)
c0fdc822b3cf8187d002ffe86bcbdb6a81b87a9a68e2727748e42aa7bc29abd8f1b6446fe3c8f34e3c2fdf815d470ecf108a069ec30fd6afbbecf21f93f84cd3,,08/19/2025 09:25:00 PM,30,STOP SIGN/FLASHER,FUNCTIONING PROPERLY,CLEAR,"DARKNESS, LIGHTED ROAD",PARKED MOTOR VEHICLE,NOT DIVIDED,,STRAIGHT AND LEVEL,DRY,NO DEFECTS,ON SCENE,NO INJURY / DRIVE AWAY,,,,"OVER $1,500",08/19/2025 09:26:00 PM,FAILING TO REDUCE SPEED TO AVOID CRASH,IMPROPER BACKING,2558,W,LITHUANIAN PLAZA CT,832,,,,,,,2,NO INDICATION OF INJURY,0,0,0,0,0,1,0,21,3,8,41.7683679809,-87.6881789106,POINT (-87.688178910627 41.768367980882)
5963f41074b94932d5418bb5db69fe6b61af697b859be792a4f3f3a27d4d456f99ebd21254fd54a0f25c6b176754aaa7f366cf32eccf299360f9f271d5dae950,,08/19/2025 09:17:00 PM,30,TRAFFIC SIGNAL,FUNCTIONING PROPERLY,CLEAR,DARKNESS,ANGLE,NOT DIVIDED,,STRAIGHT AND LEVEL,DRY,NO DEFECTS,ON SCENE,NO INJURY / DRIVE AWAY,,,Y,"OVER $1,500",08/19/2025 09:42:00 PM,UNABLE TO DETERMINE,UNABLE TO DETERMINE,2000,N,CENTRAL PARK AVE,2525,,,,,,,2,NO INDICATION OF INJURY,0,0,0,0,0,3,0,21,3,8,41.9173253734,-87.7169209281,POINT (-87.7169209281 41.91732537342)
4e79c33293702a5d013f79be60e10c23eb904a5685b48fb86a64c07bbe09884dd5fb16d351ab18c95f3e739dcc4e9ef25055e6d8a6ff1930ef0ec2d929b32f7d,,08/19/2025 09:15:00 PM,30,NO CONTROLS,NO CONTROLS,CLEAR,"DARKNESS, LIGHTED ROAD",SIDESWIPE SAME DIRECTION,NOT DIVIDED,,STRAIGHT AND LEVEL,DRY,NO DEFECTS,NOT ON SCENE (DESK REPORT),NO INJURY / DRIVE AWAY,,,,"OVER $1,500",08/19/2025 10:00:00 PM,UNABLE TO DETERMINE,UNABLE TO DETERMINE,252,W,26TH ST,914,,,,,,,2,NO INDICATION OF INJURY,0,0,0,0,0,2,0,21,3,8,41.8456065008,-87.6338856145,POINT (-87.633885614463 41.845606500779)
ef3db8fede458b689a638960873c8d59772c74f75b017a25a9ed63bb0f62f91dc7e6b138f3ea33db7296ae46f5692ebdfcef2c49f4d17d967d1c0d3bae6f70b2,,08/19/2025 09:15:00 PM,30,NO CONTROLS,NO CONTROLS,CLEAR,"DARKNESS, LIGHTED ROAD",ANGLE,NOT DIVIDED,,STRAIGHT AND LEVEL,DRY,NO DEFECTS,,INJURY AND / OR TOW DUE TO CRASH,,,,"OVER $1,500",08/19/2025 10:00:00 PM,UNABLE TO DETERMINE,UNABLE TO DETERMINE,615,W,26TH ST,914,,,,,,,2,"REPORTED, NOT EVIDENT",1,0,0,0,1,2,0,21,3,8,41.8452742463,-87.6422373776,POINT (-87.642237377588 41.84527424632)
7581e4ee2bc923866deba42578fa8b98d350117dff599d250ba9151fc9bf0b28ff7180b403f957ecdd3e2247a1d8f678cd0ba137ce86c2e19cb035850a64d308,,08/19/2025 09:05:00 PM,30,NO CONTROLS,UNKNOWN,CLEAR,"DARKNESS, LIGHTED ROAD",OTHER OBJECT,NOT DIVIDED,,STRAIGHT AND LEVEL,DRY,NO DEFECTS,ON SCENE,INJURY AND / OR TOW DUE TO CRASH,,,,$500 OR LESS,08/19/2025 09:08:00 PM,"DISTRACTION - OTHER ELECTRONIC DEVICE (NAVIGATION DEVICE, DVD PLAYER, ETC.)",NOT APPLICABLE,1453,W,FOSTER AVE,2033,,,,,,,2,NONINCAPACITATING INJURY,1,0,0,1,0,0,0,21,3,8,41.9761070562,-87.666838079,POINT (-87.66683807901 41.976107056173)
40a4185ddd334666adb9151f76085ae0c310ef4963543e1d5c4e9885c2296cbb297172bf856bf353bed860e7d0b935b8bd4a1ebedad06fb63c40f707dd20e68d,,08/19/2025 08:59:00 PM,30,TRAFFIC SIGNAL,FUNCTIONING PROPERLY,CLEAR,"DARKNESS, LIGHTED ROAD",ANGLE,FOUR WAY,,STRAIGHT AND LEVEL,DRY,UNKNOWN,ON SCENE,INJURY AND / OR TOW DUE TO CRASH,Y,,,"OVER $1,500",08/19/2025 09:00:00 PM,FAILING TO YIELD RIGHT-OF-WAY,DISREGARDING TRAFFIC SIGNALS,82,W,RANDOLPH ST,111,,,,,,,2,NO INDICATION OF INJURY,0,0,0,0,0,3,0,20,3,8,41.8845866284,-87.630861541,POINT (-87.63086154105 41.884586628406)
6a007109cce2bd760b0fc6e01780055d50ad5be15189a28d5e8e18cf62ff7a9842d3f2982eca8ae4f38db88f2ac32084c321c44e41842518e76a8406aad862c8,,08/19/2025 08:40:00 PM,30,STOP SIGN/FLASHER,OTHER,CLEAR,DARKNESS,ANGLE,NOT DIVIDED,,STRAIGHT AND LEVEL,DRY,NO DEFECTS,NOT ON SCENE (DESK REPORT),NO INJURY / DRIVE AWAY,,,,"OVER $1,500",08/19/2025 09:00:00 PM,UNABLE TO DETERMINE,UNABLE TO DETERMINE,3600,W,SHAKESPEARE AVE,2525,,,,,,,2,NO INDICATION OF INJURY,0,0,0,0,0,5,0,20,3,8,41.9201379786,-87.7169719741,POINT (-87.716971974146 41.920137978644)
e901e0e4245bfb95ff7743980ec21a8c115eb84cf923d69e501859f36965c82d371a7478ce23df1b2615b9b980a64c17a6860974c6ab18fd581037ba56f7367c,,08/19/2025 08:31:00 PM,30,NO CONTROLS,NO CONTROLS,CLEAR,"DARKNESS, LIGHTED ROAD",FIXED OBJECT,DIVIDED - W/MEDIAN (NOT RAISED),,STRAIGHT AND LEVEL,DRY,NO DEFECTS,ON SCENE,INJURY AND / OR TOW DUE TO CRASH,,,,"OVER $1,500",08/19/2025 08:33:00 PM,UNABLE TO DETERMINE,NOT APPLICABLE,701,N,KILPATRICK AVE,1111,,,,,,,1,NONINCAPACITATING INJURY,2,0,0,2,0,0,0,20,3,8,41.8932487213,-87.7433182431,POINT (-87.743318243093 41.893248721349)
d16d3e40a7e2d06791e9167bc02fce4281c2b2eeeae954c40ce40824e30531aabe2d86fd778e61997755123cae5a2de354d77cf9b33f7873bc0ec8a5770dbd1c,,08/19/2025 08:30:00 PM,30,NO CONTROLS,NO CONTROLS,CLEAR,"DARKNESS, LIGHTED ROAD",SIDESWIPE SAME DIRECTION,NOT DIVIDED,,STRAIGHT AND LEVEL,DRY,NO DEFECTS,NOT ON SCENE (DESK REPORT),NO INJURY / DRIVE AWAY,,,,"$501 - $1,500",08/19/2025 09:20:00 PM,UNABLE TO DETERMINE,UNABLE TO DETERMINE,6042,N,WESTERN AVE,2413,,,,,,,2,NO INDICATION OF INJURY,0,0,0,0,0,2,0,20,3,8,41.9917049141,-87.6898457701,POINT (-87.689845770145 41.991704914134)
879d9b670b4e878e54bd1617ae59d8c3d4404f8b0a73db9483a996efe6b7d2cdf3e2bc853b6a9cf0ea5499f8de3bf89b93973417bfdecb7186c61e19b60ffd6c,,08/19/2025 08:05:00 PM,30,NO CONTROLS,NO CONTROLS,CLEAR,DARKNESS,SIDESWIPE SAME DIRECTION,NOT DIVIDED,,STRAIGHT AND LEVEL,DRY,NO DEFECTS,ON SCENE,NO INJURY / DRIVE AWAY,,,,"$501 - $1,500",08/19/2025 08:05:00 PM,IMPROPER OVERTAKING/PASSING,IMPROPER OVERTAKING/PASSING,229,N,CENTRAL AVE,1523,,,,,,,2,NO INDICATION OF INJURY,0,0,0,0,0,3,0,20,3,8,41.8851250859,-87.7648892553,POINT (-87.76488925528 41.885125085928)
310aa3441af24cc7f77e7dac26cc2ead9a4be64a07cb599a9e7ce2c082aa8b3ee9c7c79dd2b04543d5a1d9c3cd2b5a1405e7e78b2d2cc0796719d21f3faffb64,Y,08/19/2025 08:00:00 PM,30,UNKNOWN,UNKNOWN,UNKNOWN,UNKNOWN,PARKED MOTOR VEHICLE,NOT DIVIDED,,STRAIGHT AND LEVEL,UNKNOWN,UNKNOWN,NOT ON SCENE (DESK REPORT),NO INJURY / DRIVE AWAY,,,Y,"OVER $1,500",08/20/2025 08:10:00 PM,UNABLE TO DETERMINE,UNABLE TO DETERMINE,1122,W,MONTROSE AVE,1913,,,,,,,2,NO INDICATION OF INJURY,0,0,0,0,0,1,0,20,3,8,41.9618447965,-87.6582169695,POINT (-87.658216969503 41.961844796462)
2ed1bfd7001e78f5d6e8ffc400fe15749b6cd4e23ee1764ac53223d6598715c26c6beb0eca3ee9f5e89ef121352b19623a6fbc7f140e410533af021f671dfe6d,,08/19/2025 07:53:00 PM,30,NO CONTROLS,NO CONTROLS,CLEAR,DAYLIGHT,PARKED MOTOR VEHICLE,NOT DIVIDED,,STRAIGHT AND LEVEL,DRY,NO DEFECTS,NOT ON SCENE (DESK REPORT),NO INJURY / DRIVE AWAY,,,,"OVER $1,500",08/20/2025 07:09:00 PM,IMPROPER BACKING,NOT APPLICABLE,3220,W,57TH ST,822,,,,,,,2,NO INDICATION OF INJURY,0,0,0,0,0,3,0,19,3,8,41.7899764956,-87.7044358542,POINT (-87.704435854159 41.789976495591)
878e65331c67efd5abb68f05525766517e75482b41eb5bf03a8ce33f3500c08aef0636d50a0c5fa8917e62480fd0cbdb83e9b35eaf0037591af0c48441a51ba8,N,08/19/2025 07:50:00 PM,30,TRAFFIC SIGNAL,FUNCTIONING PROPERLY,CLEAR,"DARKNESS, LIGHTED ROAD",TURNING,FOUR WAY,,STRAIGHT AND LEVEL,DRY,NO DEFECTS,ON SCENE,INJURY AND / OR TOW DUE TO CRASH,Y,,Y,"OVER $1,500",08/19/2025 07:54:00 PM,DISREGARDING TRAFFIC SIGNALS,UNABLE TO DETERMINE,3402,W,PETERSON AVE,1711,,,,,,,2,INCAPACITATING INJURY,1,0,1,0,0,1,0,19,3,8,41.9904310797,-87.7141463956,POINT (-87.71414639559 41.990431079717)
afbeaefe180942871c7e9d31ec846275c3c0a2365e6f29f4a6521ad1ce1453c8457889f4a14e634591a8a095349be6e3309da4c8127018b30c60e54da39c02d7,,08/19/2025 07:49:00 PM,30,TRAFFIC SIGNAL,FUNCTIONING PROPERLY,CLEAR,DAYLIGHT,PEDESTRIAN,FOUR WAY,,STRAIGHT AND LEVEL,DRY,NO DEFECTS,ON SCENE,INJURY AND / OR TOW DUE TO CRASH,Y,,Y,"OVER $1,500",08/19/2025 07:59:00 PM,UNABLE TO DETERMINE,NOT APPLICABLE,7200,N,SACRAMENTO AVE,2411,,,,,,,2,NONINCAPACITATING INJURY,1,0,0,1,0,1,0,19,3,8,42.0120120745,-87.7045985752,POINT (-87.704598575151 42.012012074488)
93757ee657aed04d8b29ef7684215615c824f100bb941dea1b9f2d9bf4ee45edf168190027b0d0ac407ba51e3fc8bdada765fb189c05288163b511ba83cdca4e,,08/19/2025 07:43:00 PM,30,NO CONTROLS,NO CONTROLS,CLEAR,"DARKNESS, LIGHTED ROAD",FIXED OBJECT,NOT DIVIDED,,STRAIGHT AND LEVEL,DRY,NO DEFECTS,ON SCENE,NO INJURY / DRIVE AWAY,,,,"OVER $1,500",08/19/2025 09:00:00 PM,IMPROPER TURNING/NO SIGNAL,UNABLE TO DETERMINE,3900,W,ROOSEVELT RD,1132,,,,,,,1,NO INDICATION OF INJURY,0,0,0,0,0,2,0,19,3,8,41.8663146885,-87.7227985037,POINT (-87.722798503721 41.866314688484)