CRASH_RECORD_ID,CRASH_DATE_EST_I,CRASH_DATE,POSTED_SPEED_LIMIT,TRAFFIC_CONTROL_DEVICE,DEVICE_CONDITION,WEATHER_CONDITION,LIGHTING_CONDITION,FIRST_CRASH_TYPE,TRAFFICWAY_TYPE,LANE_CNT,ALIGNMENT,ROADWAY_SURFACE_COND,ROAD_DEFECT,REPORT_TYPE,CRASH_TYPE,INTERSECTION_RELATED_I,NOT_RIGHT_OF_WAY_I,HIT_AND_RUN_I,DAMAGE,DATE_POLICE_NOTIFIED,PRIM_CONTRIBUTORY_CAUSE,SEC_CONTRIBUTORY_CAUSE,STREET_NO,STREET_DIRECTION,STREET_NAME,BEAT_OF_OCCURRENCE,PHOTOS_TAKEN_I,STATEMENTS_TAKEN_I,DOORING_I,WORK_ZONE_I,WORK_ZONE_TYPE,WORKERS_PRESENT_I,NUM_UNITS,MOST_SEVERE_INJURY,INJURIES_TOTAL,INJURIES_FATAL,INJURIES_INCAPACITATING,INJURIES_NON_INCAPACITATING,INJURIES_REPORTED_NOT_EVIDENT,INJURIES_NO_INDICATION,INJURIES_UNKNOWN,CRASH_HOUR,CRASH_DAY_OF_WEEK,CRASH_MONTH,LATITUDE,LONGITUDE,LOCATION
d4f5313cf08157150d4291ec92ee95f2ad5510ccba4f963148edb4f4e0ec895d2b8368f7d158572bdc5144598d90553910d45805e1127e727e37731f2b62fbe2,,08/19/2025 07:33:00 PM,30,STOP SIGN/FLASHER,FUNCTIONING PROPERLY,CLEAR,"DARKNESS, LIGHTED ROAD",PARKED MOTOR VEHICLE,ONE-WAY,,STRAIGHT AND LEVEL,DRY,NO DEFECTS,ON SCENE,NO INJURY / DRIVE AWAY,,,,"OVER $1,500",08/19/2025 08:05:00 PM,IMPROPER BACKING,NOT APPLICABLE,5104,S,BLACKSTONE AVE,234,,,,,,,2,NO INDICATION OF INJURY,0,0,0,0,0,1,0,19,3,8,41.8022394392,-87.5906510551,POINT (-87.590651055149 41.802239439164)
1128bccd4e36875bc78535ac5a8931f652caa1f75874beee01773887d4987071ccde93e134d41f8e13db6beca66249f2cb8c5ad8c5cc365a659546e6b96f1801,,08/19/2025 07:30:00 PM,20,NO CONTROLS,UNKNOWN,UNKNOWN,UNKNOWN,REAR END,ONE-WAY,,STRAIGHT AND LEVEL,UNKNOWN,UNKNOWN,NOT ON SCENE (DESK REPORT),NO INJURY / DRIVE AWAY,,,,"OVER $1,500",08/20/2025 08:15:00 PM,FOLLOWING TOO CLOSELY,FOLLOWING TOO CLOSELY,12050,S,LAFAYETTE AVE,523,,Y,,,,,2,NO INDICATION OF INJURY,0,0,0,0,0,2,0,19,3,8,41.674755237,-87.6239126147,POINT (-87.623912614651 41.674755237005)
7f8ce862eaa630566d47ece1e288d8a456eeb2ae553349ed649d00d1cefff075e28449e9f98446f66f1187cd67ab0af6eb1080e9aff9520b03151709a6fa8d0d,,08/19/2025 07:30:00 PM,30,NO CONTROLS,NO CONTROLS,UNKNOWN,UNKNOWN,SIDESWIPE SAME DIRECTION,OTHER,,STRAIGHT AND LEVEL,UNKNOWN,NO DEFECTS,NOT ON SCENE (DESK REPORT),NO INJURY / DRIVE AWAY,,,,"OVER $1,500",08/21/2025 08:02:00 PM,FAILING TO YIELD RIGHT-OF-WAY,DRIVING SKILLS/KNOWLEDGE/EXPERIENCE,6461,N,SHERIDAN RD,2432,,,,,,,2,NO INDICATION OF INJURY,0,0,0,0,0,2,0,19,3,8,41.9998999375,-87.6605430888,POINT (-87.660543088813 41.999899937481)
9ce3a4f579f5b92d9eacbf741193932b7191c048141cb4c91f104658f4bc98e3de1a10a156d7fd94a69580dfaeb7976850086c92350520b4d7221014a973a916,,08/19/2025 07:23:00 PM,30,TRAFFIC SIGNAL,FUNCTIONING PROPERLY,CLEAR,"DARKNESS, LIGHTED ROAD",REAR END,T-INTERSECTION,,STRAIGHT AND LEVEL,WET,NO DEFECTS,ON SCENE,INJURY AND / OR TOW DUE TO CRASH,,,,"OVER $1,500",08/19/2025 07:27:00 PM,FAILING TO REDUCE SPEED TO AVOID CRASH,NOT APPLICABLE,9058,S,VINCENNES AVE,2222,,,,,,,2,"REPORTED, NOT EVIDENT",1,0,0,0,1,1,0,19,3,8,41.7288217592,-87.6480585705,POINT (-87.64805857048 41.72882175922)
e8ed1d6bdfdce578040a41ea758573d9d85941f7edcdfb0f1facedcc6a9cdef3a08ee75bff18997eef995030dab8adf39bdf1bcb71f38588946b17d2a4bfdc87,,08/19/2025 07:20:00 PM,30,NO CONTROLS,NO CONTROLS,CLEAR,DAWN,REAR TO FRONT,PARKING LOT,,STRAIGHT AND LEVEL,DRY,UNKNOWN,ON SCENE,NO INJURY / DRIVE AWAY,,,Y,"OVER $1,500",08/19/2025 07:28:00 PM,NOT APPLICABLE,NOT APPLICABLE,7832,S,WESTERN AVE,835,,,,,,,2,NO INDICATION OF INJURY,0,0,0,0,0,3,0,19,3,8,41.7509316573,-87.6830175319,POINT (-87.683017531895 41.750931657299)
4434d7589ed010264a6f1853f0c8ea4c1659465fc616ab6df317d2dccc859de9ca6110ecaec4dacbf7809d03b66012238e212d0744e8cbdcc770008161878c15,,08/19/2025 07:00:00 PM,30,TRAFFIC SIGNAL,NO CONTROLS,CLEAR,DAYLIGHT,REAR END,NOT DIVIDED,,STRAIGHT AND LEVEL,DRY,NO DEFECTS,NOT ON SCENE (DESK REPORT),NO INJURY / DRIVE AWAY,,,,"OVER $1,500",08/20/2025 10:20:00 AM,FOLLOWING TOO CLOSELY,NOT APPLICABLE,7455,S,CICERO AVE,833,,,,,,,2,NO INDICATION OF INJURY,0,0,0,0,0,2,0,19,3,8,41.7573805171,-87.7414852913,POINT (-87.741485291316 41.757380517133)
578d28212e4e323e2a0f983b687f86df406caeec25250a82dd22887b426e7d447fdde9da5d716b079f007fb4cca9684d57240e9a39998ffc9c2b52f9983dcbca,,08/19/2025 07:00:00 PM,30,NO CONTROLS,NO CONTROLS,CLEAR,DAYLIGHT,PARKED MOTOR VEHICLE,PARKING LOT,,STRAIGHT AND LEVEL,DRY,NO DEFECTS,,NO INJURY / DRIVE AWAY,,,,"OVER $1,500",08/20/2025 09:00:00 AM,FOLLOWING TOO CLOSELY,NOT APPLICABLE,4728,W,IRVING PARK RD,1722,,,,,,,2,NO INDICATION OF INJURY,0,0,0,0,0,1,0,19,3,8,41.9535433952,-87.7466135438,POINT (-87.746613543792 41.953543395187)
66163f0b52ead216c1afaeaafb91f3babd8efadddf88c02aa29f443e6269f394918d2b0ef9a0b00ee0b3dede5b27172300afdcacfba693cdeac6bc86096a3b98,Y,08/19/2025 06:55:00 PM,25,TRAFFIC SIGNAL,UNKNOWN,CLOUDY/OVERCAST,DUSK,REAR END,NOT DIVIDED,,STRAIGHT AND LEVEL,DRY,UNKNOWN,ON SCENE,INJURY AND / OR TOW DUE TO CRASH,,,,"OVER $1,500",08/19/2025 07:05:00 PM,UNABLE TO DETERMINE,UNABLE TO DETERMINE,5324,W,LAWRENCE AVE,1623,,,,,,,3,"REPORTED, NOT EVIDENT",1,0,0,0,1,2,0,18,3,8,41.9679799541,-87.7604731211,POINT (-87.760473121076 41.96797995412)
94beaf9cb124ffd41ada75e1d4b56aba0c85d3fff0f1fd74ff421412c72e479e6191cf355791d6da266c1977e1df4c60a86355fed0563d2716db0400896c0a6d,Y,08/19/2025 06:50:00 PM,10,NO CONTROLS,NO CONTROLS,CLEAR,DAYLIGHT,SIDESWIPE OPPOSITE DIRECTION,ALLEY,,STRAIGHT AND LEVEL,DRY,NO DEFECTS,ON SCENE,NO INJURY / DRIVE AWAY,,,,"OVER $1,500",08/19/2025 06:51:00 PM,DRIVING SKILLS/KNOWLEDGE/EXPERIENCE,FAILING TO REDUCE SPEED TO AVOID CRASH,4749,S,AVERS AVE,821,,,,,,,2,NO INDICATION OF INJURY,0,0,0,0,0,2,0,18,3,8,41.8064640339,-87.7196874069,POINT (-87.719687406908 41.806464033909)
d5cef66c8945cbedd43c3a7041f87b83fb8e93aee4bf2304387e391419c5bf622b0a413868deab73134468169b520dc811949ec97d188de4a44cde6d57755fba,,08/19/2025 06:50:00 PM,30,TRAFFIC SIGNAL,FUNCTIONING PROPERLY,CLEAR,DAYLIGHT,TURNING,FOUR WAY,,STRAIGHT AND LEVEL,DRY,NO DEFECTS,ON SCENE,INJURY AND / OR TOW DUE TO CRASH,Y,,,"OVER $1,500",08/19/2025 06:52:00 PM,UNABLE TO DETERMINE,UNABLE TO DETERMINE,4300,S,WENTWORTH AVE,925,,,,,,,3,NONINCAPACITATING INJURY,4,0,0,1,3,1,0,18,3,8,41.8163945337,-87.6313400898,POINT (-87.631340089793 41.816394533729)
39421fd64b23fba77b5a43b701837d8620bdfb70e37b5093a2046be2ecf5fda74f2e15bd8a42e09fdd963b3e2e1e4797b5329375e92f7d55dec83c3b9da86209,,08/19/2025 06:40:00 PM,30,STOP SIGN/FLASHER,FUNCTIONING PROPERLY,CLEAR,DUSK,REAR END,NOT DIVIDED,,STRAIGHT AND LEVEL,UNKNOWN,UNKNOWN,NOT ON SCENE (DESK REPORT),NO INJURY / DRIVE AWAY,Y,,,"OVER $1,500",08/19/2025 07:15:00 PM,FOLLOWING TOO CLOSELY,UNABLE TO DETERMINE,9700,S,COMMERCIAL AVE,431,,,,,,,2,NO INDICATION OF INJURY,0,0,0,0,0,3,0,18,3,8,41.7190241876,-87.5511757397,POINT (-87.551175739738 41.719024187564)
ab033c3b9e9bf6ceb9322b42acc75afe67228dd8c2687bc37b1312529f2ae689bf11182d91862827ce8554195ecdb2e6ea670ee1e77c297349842843d25b14e8,,08/19/2025 06:40:00 PM,20,NO CONTROLS,NO CONTROLS,CLOUDY/OVERCAST,"DARKNESS, LIGHTED ROAD",PARKED MOTOR VEHICLE,OTHER,,STRAIGHT AND LEVEL,DRY,UNKNOWN,NOT ON SCENE (DESK REPORT),NO INJURY / DRIVE AWAY,,,Y,"$501 - $1,500",08/19/2025 07:45:00 PM,DRIVING SKILLS/KNOWLEDGE/EXPERIENCE,UNABLE TO DETERMINE,9939,S,CHARLES ST,2213,,,,,,,2,NO INDICATION OF INJURY,0,0,0,0,0,1,0,18,3,8,41.712892525,-87.6609956286,POINT (-87.660995628564 41.712892525018)
336f5ea323b2957f938e28256328730bfdacedbf404308a748053bd04b22d21bfc0bc0e0a317a1732778fdbb2079abec0ace788543f8feae7d07ff372c9dd4f1,,08/19/2025 06:30:00 PM,30,UNKNOWN,UNKNOWN,CLEAR,DAYLIGHT,ANGLE,FOUR WAY,,STRAIGHT AND LEVEL,DRY,UNKNOWN,NOT ON SCENE (DESK REPORT),INJURY AND / OR TOW DUE TO CRASH,,,Y,"OVER $1,500",08/20/2025 01:13:00 PM,FAILING TO REDUCE SPEED TO AVOID CRASH,NOT APPLICABLE,6300,S,KENWOOD AVE,314,,,,,,,2,NONINCAPACITATING INJURY,2,0,0,2,0,3,0,18,3,8,41.7804617862,-87.593206361,POINT (-87.593206361043 41.780461786239)
178c5211dcb754b4d5a411c85e7fdfc6b8ed5597bf545e111ba66963504cc018f5ea36162c2e8d37b925780e7f76a70c9deec26bfd45aacfd1645623d1c256f5,,08/19/2025 06:25:00 PM,30,NO CONTROLS,NO CONTROLS,CLEAR,DAYLIGHT,PARKED MOTOR VEHICLE,DIVIDED - W/MEDIAN (NOT RAISED),,STRAIGHT AND LEVEL,DRY,NO DEFECTS,NOT ON SCENE (DESK REPORT),NO INJURY / DRIVE AWAY,,,,$500 OR LESS,08/19/2025 07:40:00 PM,UNABLE TO DETERMINE,NOT APPLICABLE,120,N,GREEN ST,1224,,,,,,,2,NO INDICATION OF INJURY,0,0,0,0,0,2,0,18,3,8,41.8837787936,-87.6487322413,POINT (-87.648732241252 41.883778793566)
202f4e29add6896c67ad8a025c6d8f30cfb58bbf8a92e0ede877926b0d1b38851493ff343eea2f24c601fe1692648987e37c411104a8f25cfa918da7dcd862dd,,08/19/2025 06:16:00 PM,30,TRAFFIC SIGNAL,FUNCTIONING PROPERLY,CLEAR,DAYLIGHT,ANGLE,FOUR WAY,,STRAIGHT AND LEVEL,DRY,NO DEFECTS,ON SCENE,NO INJURY / DRIVE AWAY,Y,,,"OVER $1,500",08/19/2025 06:31:00 PM,DISREGARDING TRAFFIC SIGNALS,NOT APPLICABLE,422,W,81ST ST,621,,Y,,,,,2,NO INDICATION OF INJURY,0,0,0,0,0,2,0,18,3,8,41.7472338563,-87.6351254799,POINT (-87.635125479887 41.747233856304)
99c3f11608a8b5caf23ba7aeaa361ce9abe54bb4a2965961a84e5bc745e744b7cbfdff885b98f0a6cb15bc56504ab15b9d8a4e09bc17f8699289422fb21fe47c,,08/19/2025 06:15:00 PM,30,NO CONTROLS,NO CONTROLS,CLEAR,DAYLIGHT,SIDESWIPE OPPOSITE DIRECTION,NOT DIVIDED,,STRAIGHT AND LEVEL,DRY,NO DEFECTS,NOT ON SCENE (DESK REPORT),NO INJURY / DRIVE AWAY,,,Y,"$501 - $1,500",08/19/2025 08:30:00 PM,FOLLOWING TOO CLOSELY,NOT APPLICABLE,1250,W,HOOD AVE,2433,,,,,,,2,NO INDICATION OF INJURY,0,0,0,0,0,3,0,18,3,8,41.9937137685,-87.6624489956,POINT (-87.662448995573 41.993713768526)
3d473f434f47207009f0ec9dc32f213b979225fd72d569e94886fb3ae427e092a4cf2f93a4e222a2741ec3374793c04656fbeaf17c693757a041aee31e5db5b2,,08/19/2025 06:10:00 PM,10,NO CONTROLS,NO CONTROLS,CLEAR,DAYLIGHT,REAR TO REAR,PARKING LOT,,STRAIGHT AND LEVEL,DRY,NO DEFECTS,NOT ON SCENE (DESK REPORT),NO INJURY / DRIVE AWAY,,,,"OVER $1,500",08/19/2025 06:55:00 PM,FOLLOWING TOO CLOSELY,FAILING TO REDUCE SPEED TO AVOID CRASH,2105,S,JEFFERSON ST,1235,,,,,,,2,NO INDICATION OF INJURY,0,0,0,0,0,2,0,18,3,8,41.8540710351,-87.6416003433,POINT (-87.641600343301 41.854071035063)
94d4adae08f57cd644ca6446fc9eb46ab240ffe390d769e742a9917d5f31a96565946dda68ac22951461574d0c660b8be7d91e3459e72dc5a9ed2a49ece85d31,,08/19/2025 06:05:00 PM,30,NO CONTROLS,NO CONTROLS,CLOUDY/OVERCAST,DUSK,SIDESWIPE SAME DIRECTION,NOT DIVIDED,,STRAIGHT AND LEVEL,DRY,NO DEFECTS,NOT ON SCENE (DESK REPORT),NO INJURY / DRIVE AWAY,,,,"OVER $1,500",08/20/2025 01:00:00 AM,FAILING TO YIELD RIGHT-OF-WAY,UNABLE TO DETERMINE,1340,S,MICHIGAN AVE,131,,,,,,,2,NO INDICATION OF INJURY,0,0,0,0,0,2,0,18,3,8,41.8646230378,-87.6242334095,POINT (-87.624233409495 41.864623037809)
67954f704ccbde40a9f90cc8d6dec0300c4c9e2d6c0997eaa21e4e1146689969d6aee062d01396189c4a8d4b42791e1598e522d004292acab9616278492e8da4,,08/19/2025 06:00:00 PM,30,STOP SIGN/FLASHER,FUNCTIONING PROPERLY,CLEAR,DAYLIGHT,ANGLE,FOUR WAY,,STRAIGHT AND LEVEL,DRY,UNKNOWN,NOT ON SCENE (DESK REPORT),NO INJURY / DRIVE AWAY,Y,,N,"OVER $1,500",08/19/2025 06:30:00 PM,UNABLE TO DETERMINE,NOT APPLICABLE,341,N,SACRAMENTO BLVD,1222,,,,,,,2,NO INDICATION OF INJURY,0,0,0,0,0,5,0,18,3,8,41.8876300401,-87.7012470634,POINT (-87.701247063367 41.887630040077)
c7efe41984f1bb43ff87562a01286e374c58d2e6f1c9aec7e5c7004472962fae15d65af761bcd30f33ab10121f1ca0070d23553aefc0473e7306dec3811fb0e3,,08/19/2025 06:00:00 PM,30,NO CONTROLS,NO CONTROLS,UNKNOWN,DUSK,SIDESWIPE OPPOSITE DIRECTION,DIVIDED - W/MEDIAN (NOT RAISED),,STRAIGHT AND LEVEL,UNKNOWN,UNKNOWN,NOT ON SCENE (DESK REPORT),NO INJURY / DRIVE AWAY,,,,"$501 - $1,500",08/19/2025 09:30:00 PM,UNABLE TO DETERMINE,NOT APPLICABLE,3837,W,LAKE ST,1122,,,,,,,2,NO INDICATION OF INJURY,0,0,0,0,0,3,0,18,3,8,41.8851799066,-87.7224211407,POINT (-87.722421140688 41.885179906647)
cbf58c1ad04cd81a4c1c2e2e74fdbb4b514f6a5a11c90c9a4682b25625edf03f8c9b6319e4a9015808a1021971fb24be1c62ebd63d14d6d708a2df73ec022905,,08/19/2025 06:00:00 PM,30,NO CONTROLS,UNKNOWN,CLEAR,DAWN,REAR END,DIVIDED - W/MEDIAN (NOT RAISED),,STRAIGHT AND LEVEL,DRY,NO DEFECTS,ON SCENE,INJURY AND / OR TOW DUE TO CRASH,,,,"OVER $1,500",08/19/2025 06:21:00 PM,UNABLE TO DETERMINE,UNABLE TO DETERMINE,4307,N,NARRAGANSETT AVE,1624,,,,,,,3,NO INDICATION OF INJURY,0,0,0,0,0,3,0,18,3,8,41.9587172689,-87.7866306567,POINT (-87.786630656695 41.958717268923)
f52655a2c7523443d51c9333f8b8df1068099c4a532a133d7fc0f83e5917d23f5df6260123100739d910c24bfeeb2530e8a06d9ca9a5b096f4dcdc1c5f123709,,08/19/2025 06:00:00 PM,30,NO CONTROLS,NO CONTROLS,CLEAR,DAYLIGHT,PARKED MOTOR VEHICLE,NOT DIVIDED,,STRAIGHT AND LEVEL,DRY,NO DEFECTS,ON SCENE,INJURY AND / OR TOW DUE TO CRASH,,,,"OVER $1,500",08/19/2025 06:05:00 PM,UNABLE TO DETERMINE,NOT APPLICABLE,2346,W,AUGUSTA BLVD,1212,,Y,,,,,2,NO INDICATION OF INJURY,0,0,0,0,0,1,0,18,3,8,41.8994977463,-87.6863602321,POINT (-87.686360232147 41.899497746321)
1e2019bb2bdcc8194f251c628b6d544629a31dcbf0a8eabbedf4bb70dc366b9c09b65e68ad75f04bc2b01f05513201525e99275c54dc18d210ea6ac0f16f12d9,,08/19/2025 05:58:00 PM,30,NO CONTROLS,NO CONTROLS,CLEAR,DAYLIGHT,PEDESTRIAN,DIVIDED - W/MEDIAN (NOT RAISED),,STRAIGHT AND LEVEL,DRY,NO DEFECTS,NOT ON SCENE (DESK REPORT),INJURY AND / OR TOW DUE TO CRASH,,,,"$501 - $1,500",08/19/2025 05:59:00 PM,UNABLE TO DETERMINE,UNABLE TO DETERMINE,8515,S,ASHLAND AVE,614,,,,,,,2,INCAPACITATING INJURY,1,0,1,0,0,2,0,17,3,8,41.7389478698,-87.6629983971,POINT (-87.6629983971 41.738947869788)
a06ea4be6287cf689b8a1980aae421c3c81498514571e2f4def2f7b876ac96b9f088f9c24ddbe03dfe65fdcbf10c7cd520d0aa9cf831a466c33850965a986928,,08/19/2025 05:56:00 PM,30,NO CONTROLS,NO CONTROLS,CLEAR,DAYLIGHT,REAR END,NOT DIVIDED,,STRAIGHT AND LEVEL,DRY,NO DEFECTS,NOT ON SCENE (DESK REPORT),NO INJURY / DRIVE AWAY,,,,"OVER $1,500",08/19/2025 07:55:00 PM,FOLLOWING TOO CLOSELY,UNABLE TO DETERMINE,1929,N,LARAMIE AVE,2533,,,,,,,2,NO INDICATION OF INJURY,0,0,0,0,0,2,0,17,3,8,41.9159615526,-87.7557573738,POINT (-87.755757373842 41.915961552606)
991ada1ddb7a7308141eb908476594305a0de0676d70a520d7bb9fbe8bc3e5ff347cfce52874e13676f3b66d3db46cf6587e8a123e3d7ef8b6ced9cb4d8131d6,,08/19/2025 05:50:00 PM,30,TRAFFIC SIGNAL,FUNCTIONING PROPERLY,CLEAR,DAYLIGHT,REAR END,NOT DIVIDED,,STRAIGHT AND LEVEL,DRY,NO DEFECTS,NOT ON SCENE (DESK REPORT),NO INJURY / DRIVE AWAY,,,,"$501 - $1,500",08/19/2025 06:44:00 PM,FOLLOWING TOO CLOSELY,NOT APPLICABLE,6941,N,SHERIDAN RD,2431,,,,,,,2,NO INDICATION OF INJURY,0,0,0,0,0,3,0,17,3,8,42.0079442531,-87.6615294439,POINT (-87.661529443876 42.007944253129)
f7d81d309f6aac1fa8f2256ca0a27456d155e47a6729abe0292b5d5219996489d6b68359912554d6f81ea165dbcbe0b27313be835deb9af446bcebb88608ebb1,,08/19/2025 05:50:00 PM,25,NO CONTROLS,NO CONTROLS,CLEAR,"DARKNESS, LIGHTED ROAD",SIDESWIPE OPPOSITE DIRECTION,ONE-WAY,,STRAIGHT AND LEVEL,DRY,NO DEFECTS,NOT ON SCENE (DESK REPORT),NO INJURY / DRIVE AWAY,,,Y,"OVER $1,500",08/19/2025 07:30:00 PM,DRIVING SKILLS/KNOWLEDGE/EXPERIENCE,UNABLE TO DETERMINE,7137,S,ARTESIAN AVE,832,,,,,,,2,NO INDICATION OF INJURY,0,0,0,0,0,2,0,17,3,8,41.763570287,-87.6842892771,POINT (-87.684289277067 41.763570286974)
ee5e5bdc85f465e7a79d4e5bdf6a0dc34a62c8505a1bb0dd8eafc4eea326796502517ac214737af924d78b95c2511412c4545232a6e63ee714b6d03265ca83b5,,08/19/2025 05:49:00 PM,30,NO CONTROLS,NO CONTROLS,CLEAR,DAYLIGHT,SIDESWIPE SAME DIRECTION,NOT DIVIDED,,STRAIGHT AND LEVEL,DRY,NO DEFECTS,ON SCENE,NO INJURY / DRIVE AWAY,,,,$500 OR LESS,08/19/2025 06:57:00 PM,FAILING TO YIELD RIGHT-OF-WAY,NOT APPLICABLE,3930,W,63RD ST,823,,,,,,,2,NO INDICATION OF INJURY,0,0,0,0,0,2,0,17,3,8,41.7787842367,-87.721575172,POINT (-87.721575172038 41.778784236699)
84cfc1ad332d23d98da521ffd1c29dafb831d51376b6a702f017cd9f204ca3a0e27054b3be26f01718b61569b1d4b5ed7a66b0b05e31fc8a1d35b19feb90b0a5,,08/19/2025 05:45:00 PM,30,TRAFFIC SIGNAL,FUNCTIONING PROPERLY,CLEAR,DAYLIGHT,PEDALCYCLIST,FOUR WAY,,STRAIGHT AND LEVEL,DRY,UNKNOWN,NOT ON SCENE (DESK REPORT),NO INJURY / DRIVE AWAY,Y,,,$500 OR LESS,08/19/2025 07:30:00 PM,FOLLOWING TOO CLOSELY,NOT APPLICABLE,2334,W,DIVISION ST,1424,Y,,N,,,,2,NO INDICATION OF INJURY,0,0,0,0,0,3,0,17,3,8,41.9031447532,-87.6859965221,POINT (-87.685996522064 41.903144753166)
96408f948573fe87334d55792d3d880ae96c405bf94b4781263d4001dfaa5259832fccf3869a11dd8f0cab3a5ec620b0cd338bed8bd1a2015658cfb822ead2dd,,08/19/2025 05:45:00 PM,30,NO CONTROLS,NO CONTROLS,CLEAR,DAYLIGHT,SIDESWIPE SAME DIRECTION,NOT DIVIDED,,STRAIGHT AND LEVEL,DRY,NO DEFECTS,ON SCENE,INJURY AND / OR TOW DUE TO CRASH,,,,"OVER $1,500",08/19/2025 05:58:00 PM,FAILING TO YIELD RIGHT-OF-WAY,DRIVING SKILLS/KNOWLEDGE/EXPERIENCE,2933,N,CLYBOURN AVE,1931,,,,,,,2,NO INDICATION OF INJURY,0,0,0,0,0,3,0,17,3,8,41.9349326042,-87.6815832393,POINT (-87.681583239326 41.934932604233)
599a7b7de2b3b9622a15f1d95e47e72681776a88e227acbe33bf32a1e35fc60ddd0dfd8163e2b07966f600f0a3c1dc9ce0e639191cd6899e4d3729b9b0f06dae,,08/19/2025 05:40:00 PM,30,NO CONTROLS,NO CONTROLS,CLOUDY/OVERCAST,DAYLIGHT,PARKED MOTOR VEHICLE,NOT DIVIDED,,STRAIGHT AND LEVEL,DRY,NO DEFECTS,ON SCENE,NO INJURY / DRIVE AWAY,,,,"OVER $1,500",08/19/2025 05:40:00 PM,DRIVING SKILLS/KNOWLEDGE/EXPERIENCE,NOT APPLICABLE,2852,S,SHIELDS AVE,914,N,N,,,,,2,NO INDICATION OF INJURY,0,0,0,0,0,1,0,17,3,8,41.8411888961,-87.6355373467,POINT (-87.635537346734 41.841188896137)
aa3de5fe298aede068a0d43aa2c9cf1c43dfcff84e9ca4f753c1be67bc36aa445e4eafec3747a2c972ae1b1693f4b68b26cb7b2e93a268467e0d7a2c29e4f524,,08/19/2025 05:37:00 PM,30,TRAFFIC SIGNAL,FUNCTIONING PROPERLY,CLEAR,DAYLIGHT,PEDALCYCLIST,FOUR WAY,,STRAIGHT AND LEVEL,DRY,NO DEFECTS,ON SCENE,NO INJURY / DRIVE AWAY,,,,"OVER $1,500",08/19/2025 05:37:00 PM,IMPROPER LANE USAGE,IMPROPER LANE USAGE,400,N,ORLEANS ST,1831,,,,,,,2,NO INDICATION OF INJURY,0,0,0,0,0,2,0,17,3,8,41.8891721923,-87.6371099271,POINT (-87.637109927147 41.889172192338)
04552171b79e632b6e58631c395bb8cdf0d95364e223433c1e3f5c2ff451f2abde07b81dd41c1804a9c149f5e43ab10b1b3b0e108b76aa4513b4063754d076bb,,08/19/2025 05:30:00 PM,30,NO CONTROLS,NO CONTROLS,CLEAR,DAYLIGHT,TURNING,ONE-WAY,,STRAIGHT AND LEVEL,DRY,UNKNOWN,NOT ON SCENE (DESK REPORT),NO INJURY / DRIVE AWAY,,,,"OVER $1,500",08/19/2025 07:00:00 PM,UNABLE TO DETERMINE,NOT APPLICABLE,6300,S,COTTAGE GROVE AVE,312,,,,,,,2,NO INDICATION OF INJURY,0,0,0,0,0,3,0,17,3,8,41.7803174705,-87.6060745584,POINT (-87.606074558366 41.78031747049)
177d53d4cbdc574d4769648301a7459059291d15037299d58cb29f092d500bd129773ee60757b94d3e4b73d78a29f5fd0e86b4d94e3f7ff99512cf7935b7dc5a,,08/19/2025 05:30:00 PM,30,UNKNOWN,UNKNOWN,CLOUDY/OVERCAST,DAYLIGHT,REAR END,NOT DIVIDED,,STRAIGHT AND LEVEL,UNKNOWN,UNKNOWN,NOT ON SCENE (DESK REPORT),NO INJURY / DRIVE AWAY,,,,"OVER $1,500",08/19/2025 07:30:00 PM,UNABLE TO DETERMINE,UNABLE TO DETERMINE,701,N,DAMEN AVE,1221,,,,,,,2,NO INDICATION OF INJURY,0,0,0,0,0,2,0,17,3,8,41.8941313124,-87.6768546658,POINT (-87.676854665811 41.89413131239)
7c3483fbcbaa864884739f83801dbc66911a30f4420138292f323425a265bee0db3c29ab60b8c1798a7b16c922b5a6ccc5074766a89a3f83a9e595cd42ce50cf,,08/19/2025 05:30:00 PM,30,NO CONTROLS,NO CONTROLS,CLEAR,DAYLIGHT,PARKED MOTOR VEHICLE,NOT DIVIDED,,STRAIGHT AND LEVEL,DRY,NO DEFECTS,NOT ON SCENE (DESK REPORT),NO INJURY / DRIVE AWAY,,,,"OVER $1,500",08/19/2025 08:21:00 PM,DRIVING SKILLS/KNOWLEDGE/EXPERIENCE,NOT APPLICABLE,2346,W,AUGUSTA BLVD,1212,,,,,,,2,NO INDICATION OF INJURY,0,0,0,0,0,2,0,17,3,8,41.8994977463,-87.6863602321,POINT (-87.686360232147 41.899497746321)
a5ecec9afdc4ca67e355d889cdf964b04f5d65495b3bac7dbbfe381ff2c7e27397ab7d167ba25d1d61059c615618f3d73a4124891f8f576acf3524406e8e8c81,,08/19/2025 05:30:00 PM,30,NO CONTROLS,NO CONTROLS,CLEAR,DAYLIGHT,SIDESWIPE SAME DIRECTION,NOT DIVIDED,,STRAIGHT AND LEVEL,DRY,NO DEFECTS,ON SCENE,NO INJURY / DRIVE AWAY,,,,"OVER $1,500",08/19/2025 05:31:00 PM,UNABLE TO DETERMINE,UNABLE TO DETERMINE,2941,W,LAKE ST,1222,,,,,,,2,NO INDICATION OF INJURY,0,0,0,0,0,3,0,17,3,8,41.8839876462,-87.7004745374,POINT (-87.700474537407 41.88398764618)