CRASH_RECORD_ID,CRASH_DATE_EST_I,CRASH_DATE,POSTED_SPEED_LIMIT,TRAFFIC_CONTROL_DEVICE,DEVICE_CONDITION,WEATHER_CONDITION,LIGHTING_CONDITION,FIRST_CRASH_TYPE,TRAFFICWAY_TYPE,LANE_CNT,ALIGNMENT,ROADWAY_SURFACE_COND,ROAD_DEFECT,REPORT_TYPE,CRASH_TYPE,INTERSECTION_RELATED_I,NOT_RIGHT_OF_WAY_I,HIT_AND_RUN_I,DAMAGE,DATE_POLICE_NOTIFIED,PRIM_CONTRIBUTORY_CAUSE,SEC_CONTRIBUTORY_CAUSE,STREET_NO,STREET_DIRECTION,STREET_NAME,BEAT_OF_OCCURRENCE,PHOTOS_TAKEN_I,STATEMENTS_TAKEN_I,DOORING_I,WORK_ZONE_I,WORK_ZONE_TYPE,WORKERS_PRESENT_I,NUM_UNITS,MOST_SEVERE_INJURY,INJURIES_TOTAL,INJURIES_FATAL,INJURIES_INCAPACITATING,INJURIES_NON_INCAPACITATING,INJURIES_REPORTED_NOT_EVIDENT,INJURIES_NO_INDICATION,INJURIES_UNKNOWN,CRASH_HOUR,CRASH_DAY_OF_WEEK,CRASH_MONTH,LATITUDE,LONGITUDE,LOCATION
fc5347b24efaa4c0910586b17e36bb337e3dbe44da0eef2e13d143e45db593c1aa0a4a08070d6749cb6b506cf0590702dd579c2ce4226cc2b67e97c8ccea2532,,08/19/2025 05:30:00 PM,30,STOP SIGN/FLASHER,UNKNOWN,CLEAR,DAYLIGHT,REAR TO SIDE,ONE-WAY,,STRAIGHT AND LEVEL,DRY,NO DEFECTS,ON SCENE,NO INJURY / DRIVE AWAY,,,,$500 OR LESS,08/19/2025 05:47:00 PM,IMPROPER BACKING,NOT APPLICABLE,7100,S,EUCLID AVE,333,,,,,,,2,NO INDICATION OF INJURY,0,0,0,0,0,2,0,17,3,8,41.7659651895,-87.578285947,POINT (-87.57828594696 41.76596518952)
4477da329f3effadc442683b5533aa567c3442dd574b8add0643d079169de315b9f8845fa90c7a5101363d038a4d8ae3307c6fa340c6a1c653520ff4933ad5d2,,08/19/2025 05:28:00 PM,25,TRAFFIC SIGNAL,FUNCTIONING PROPERLY,CLEAR,DAYLIGHT,PEDALCYCLIST,FOUR WAY,,STRAIGHT AND LEVEL,DRY,OTHER,ON SCENE,INJURY AND / OR TOW DUE TO CRASH,Y,,,"OVER $1,500",08/19/2025 05:41:00 PM,UNABLE TO DETERMINE,UNABLE TO DETERMINE,2801,W,DIVISION ST,1211,,,,,,,2,NONINCAPACITATING INJURY,1,0,0,1,0,3,0,17,3,8,41.9028152913,-87.6969387034,POINT (-87.696938703372 41.902815291275)
f26a5cb1e66e3a75f952debbd44858757f2b407db2d74b26a7488a94715b9982c616ac48435b2e4f6a4892432648f4e4f48ff128b4b56675ce669e619d5fcb50,,08/19/2025 05:20:00 PM,35,NO CONTROLS,NO CONTROLS,CLEAR,DAYLIGHT,ANIMAL,NOT DIVIDED,,"CURVE, LEVEL",DRY,NO DEFECTS,ON SCENE,INJURY AND / OR TOW DUE TO CRASH,,,,"OVER $1,500",08/19/2025 05:29:00 PM,NOT APPLICABLE,NOT APPLICABLE,6680,N,CALDWELL AVE,1621,,,,,,,1,NO INDICATION OF INJURY,0,0,0,0,0,1,0,17,3,8,42.0023645001,-87.7778520625,POINT (-87.777852062469 42.002364500086)
283036e61f1a73c5964f940b02e628d2fa1a35d83d78e67de24bbd659fed45c4d71ee9d8c91a02f0f5a80217f57a2887e3563c2b59e1ddc1e70b595c9c62a510,,08/19/2025 05:19:00 PM,30,TRAFFIC SIGNAL,FUNCTIONING PROPERLY,CLEAR,DAYLIGHT,TURNING,ONE-WAY,,STRAIGHT AND LEVEL,DRY,NO DEFECTS,ON SCENE,NO INJURY / DRIVE AWAY,Y,,,$500 OR LESS,08/19/2025 05:34:00 PM,IMPROPER TURNING/NO SIGNAL,NOT APPLICABLE,700,W,ADAMS ST,121,,,,,,,2,NO INDICATION OF INJURY,0,0,0,0,0,2,0,17,3,8,41.8793673963,-87.6441054613,POINT (-87.644105461341 41.879367396259)
8d517749043ebb381afd87bad428f55dbcbe48f1715fd3d15a7b9c2d58948e272746ad3e830a704b40c119158e6f9525b9a3ec9364869194cdab8d668c01d9bb,Y,08/19/2025 05:15:00 PM,30,UNKNOWN,UNKNOWN,UNKNOWN,UNKNOWN,ANGLE,FOUR WAY,,STRAIGHT AND LEVEL,UNKNOWN,UNKNOWN,NOT ON SCENE (DESK REPORT),INJURY AND / OR TOW DUE TO CRASH,,,Y,"OVER $1,500",08/19/2025 06:20:00 PM,UNABLE TO DETERMINE,NOT APPLICABLE,942,E,83RD ST,631,,,,,,,2,"REPORTED, NOT EVIDENT",1,0,0,0,1,1,0,17,3,8,41.7441372371,-87.6008861321,POINT (-87.60088613213 41.744137237088)
12acddca43b00b756d10a20c015638c05033307253dd6400ddab7885935e26704fb64f37f286eda7c1f116567fc7146886cbca2a91662f675b90ecd8ce8333d2,,08/19/2025 05:10:00 PM,30,NO CONTROLS,NO CONTROLS,CLEAR,DAYLIGHT,PARKED MOTOR VEHICLE,NOT DIVIDED,,STRAIGHT AND LEVEL,DRY,NO DEFECTS,ON SCENE,INJURY AND / OR TOW DUE TO CRASH,,,,"OVER $1,500",08/19/2025 05:12:00 PM,EQUIPMENT - VEHICLE CONDITION,EQUIPMENT - VEHICLE CONDITION,3621,W,71ST ST,833,,Y,,,,,2,"REPORTED, NOT EVIDENT",1,0,0,0,1,1,0,17,3,8,41.7641146141,-87.7137743435,POINT (-87.713774343516 41.764114614144)
76a8442c155080b0a1889d022b6d4956602b198f36b7de943617b0898f82aa5df0c213bdc5dbc0757babd5cd75cebb7b809c619eb2af289826b60b451e685add,,08/19/2025 05:06:00 PM,20,NO CONTROLS,NO CONTROLS,CLEAR,DAYLIGHT,TURNING,NOT DIVIDED,,STRAIGHT AND LEVEL,DRY,NO DEFECTS,ON SCENE,INJURY AND / OR TOW DUE TO CRASH,,,,"OVER $1,500",08/19/2025 05:08:00 PM,UNABLE TO DETERMINE,NOT APPLICABLE,917,N,SACRAMENTO BLVD,1211,,Y,,,,,2,"REPORTED, NOT EVIDENT",1,0,0,0,1,3,0,17,3,8,41.89877655,-87.7023071867,POINT (-87.702307186674 41.898776549979)
13cc8f8f10f13976f56793cd12a505958667efa05ae9d444d502bb865ae217fc2c67e6a90b814476a9adde562bb5f199e279dd9c4b339b0816fb7ae6b0dcb290,,08/19/2025 05:00:00 PM,30,UNKNOWN,UNKNOWN,UNKNOWN,UNKNOWN,ANGLE,ONE-WAY,,STRAIGHT AND LEVEL,UNKNOWN,UNKNOWN,NOT ON SCENE (DESK REPORT),INJURY AND / OR TOW DUE TO CRASH,,,Y,"OVER $1,500",08/27/2025 07:55:00 PM,UNABLE TO DETERMINE,UNABLE TO DETERMINE,8700,S,LAFAYETTE AVE,634,,,,,,,2,NONINCAPACITATING INJURY,2,0,0,2,0,1,0,17,3,8,41.7361651101,-87.625587569,POINT (-87.625587568999 41.736165110086)
341e25541e77d3921b31f12b9aa10a8ed2cf47fc8920ed28d26dae2ad15ee703f73daf83abd8b9c590af0431521461dd9141176e105a9fd1b1e89bf65bfdfbeb,,08/19/2025 05:00:00 PM,20,NO CONTROLS,NO CONTROLS,UNKNOWN,UNKNOWN,PARKED MOTOR VEHICLE,PARKING LOT,,STRAIGHT AND LEVEL,UNKNOWN,UNKNOWN,NOT ON SCENE (DESK REPORT),NO INJURY / DRIVE AWAY,,,Y,"$501 - $1,500",08/26/2025 08:30:00 PM,UNABLE TO DETERMINE,UNABLE TO DETERMINE,4726,W,MADISON ST,1113,,,,,,,2,NO INDICATION OF INJURY,0,0,0,0,0,1,0,17,3,8,41.8806224351,-87.7439421203,POINT (-87.743942120271 41.880622435099)
34952b8f33cf921271da658915606017d346976b9a678f49e88b43c549c496d301c375fa69cb004d611a27565f7a4f1e0fa52370e0f6e71a68bb58ce8fe19b18,,08/19/2025 05:00:00 PM,30,UNKNOWN,UNKNOWN,CLEAR,DAYLIGHT,SIDESWIPE SAME DIRECTION,NOT DIVIDED,,STRAIGHT AND LEVEL,DRY,NO DEFECTS,ON SCENE,NO INJURY / DRIVE AWAY,,,Y,"$501 - $1,500",08/19/2025 05:20:00 PM,IMPROPER LANE USAGE,UNABLE TO DETERMINE,2358,W,MADISON ST,1223,,,,,,,2,NO INDICATION OF INJURY,0,0,0,0,0,2,0,17,3,8,41.8812733943,-87.6863106507,POINT (-87.686310650724 41.881273394337)
f5285f6512ccc328044a3df9eb367b74b07b7c016ed6a50564d9810b7ee18892c2f933ee89b34b211b98743b27ea6a0baa257fb6017466998d4cc4a3b0dd30ae,,08/19/2025 05:00:00 PM,30,NO CONTROLS,NO CONTROLS,CLEAR,DAYLIGHT,PARKED MOTOR VEHICLE,ONE-WAY,,STRAIGHT AND LEVEL,DRY,NO DEFECTS,NOT ON SCENE (DESK REPORT),NO INJURY / DRIVE AWAY,,,Y,"OVER $1,500",08/24/2025 06:10:00 PM,UNABLE TO DETERMINE,NOT APPLICABLE,1827,S,HAMLIN AVE,1014,,,,,,,2,NO INDICATION OF INJURY,0,0,0,0,0,1,0,17,3,8,41.8562670213,-87.7198296518,POINT (-87.719829651769 41.85626702128)
d4062f04cda34c472ce8d053e3a8308f64c9857610eeb90846fa5dbb999fbefb8a72f3167fb55e9718d3f9065da6bb403ea2b24ca6c418aa2f0cc016f4115ff6,,08/19/2025 04:55:00 PM,20,STOP SIGN/FLASHER,NO CONTROLS,CLEAR,DAYLIGHT,PARKED MOTOR VEHICLE,ONE-WAY,,STRAIGHT AND LEVEL,DRY,NO DEFECTS,NOT ON SCENE (DESK REPORT),NO INJURY / DRIVE AWAY,,,,"OVER $1,500",08/19/2025 05:56:00 PM,FOLLOWING TOO CLOSELY,NOT APPLICABLE,4656,N,MONTICELLO AVE,1723,,,,,,,2,NO INDICATION OF INJURY,0,0,0,0,0,2,0,16,3,8,41.9663121141,-87.7195597286,POINT (-87.719559728618 41.966312114104)
396f79b17690069dd80596b146e7dad618d5d10661a5aa3c5744165ecbe8a3c34552e0c56bd45102808b68a4bf3897943e064ba4dc8e051a02cb2a982c281de3,,08/19/2025 04:48:00 PM,30,STOP SIGN/FLASHER,FUNCTIONING PROPERLY,CLEAR,DAYLIGHT,PARKED MOTOR VEHICLE,FOUR WAY,,STRAIGHT AND LEVEL,DRY,NO DEFECTS,ON SCENE,NO INJURY / DRIVE AWAY,Y,,,"$501 - $1,500",08/19/2025 04:49:00 PM,UNABLE TO DETERMINE,UNABLE TO DETERMINE,3100,N,KEATING AVE,2521,,,,,,,2,NO INDICATION OF INJURY,0,0,0,0,0,5,0,16,3,8,41.9371093975,-87.7456939089,POINT (-87.745693908861 41.937109397518)
da4810747ec8932dccf39b210c91e4289ad139bfef2669f571443c4fd4ccccda5861a51aea9d9f516789db7d96df55a6df132c9ff6aea68f2f41a1bf8ac6534f,,08/19/2025 04:47:00 PM,30,NO CONTROLS,NO CONTROLS,CLEAR,DAYLIGHT,TURNING,NOT DIVIDED,,STRAIGHT AND LEVEL,DRY,NO DEFECTS,NOT ON SCENE (DESK REPORT),NO INJURY / DRIVE AWAY,,,,"OVER $1,500",08/19/2025 06:40:00 PM,FAILING TO YIELD RIGHT-OF-WAY,NOT APPLICABLE,2015,N,HARLEM AVE,2512,,,,,,,2,NO INDICATION OF INJURY,0,0,0,0,0,3,0,16,3,8,41.9166818269,-87.80587558,POINT (-87.805875579989 41.916681826923)
9981d9f9b740a53b060585e4c4b55d6e6208455b7e84639bafe77c30ed1bde3c77243723b9fab4ba2008b8f6aba9d99b86b3ed635ffa58ee9a03ea43a7dec61c,,08/19/2025 04:43:00 PM,30,TRAFFIC SIGNAL,FUNCTIONING PROPERLY,CLEAR,DAYLIGHT,PEDALCYCLIST,"FIVE POINT, OR MORE",,STRAIGHT AND LEVEL,DRY,NO DEFECTS,NOT ON SCENE (DESK REPORT),INJURY AND / OR TOW DUE TO CRASH,,,,$500 OR LESS,08/19/2025 06:55:00 PM,UNABLE TO DETERMINE,NOT APPLICABLE,1199,N,MILWAUKEE AVE,1213,,,,,,,2,"REPORTED, NOT EVIDENT",1,0,0,0,1,1,0,16,3,8,41.9034135016,-87.6663453165,POINT (-87.666345316512 41.903413501569)
4719be77115776348dc5b7bdcbf9c67eafe9ac3592580ce7ed9397a2e3eff6aee18d5915d3ccf94f93f901737c70213746f6a3b2e5a88f1c68afe83ef82e33d0,,08/19/2025 04:30:00 PM,30,TRAFFIC SIGNAL,FUNCTIONING PROPERLY,CLOUDY/OVERCAST,DAYLIGHT,TURNING,FOUR WAY,,STRAIGHT AND LEVEL,DRY,NO DEFECTS,NOT ON SCENE (DESK REPORT),INJURY AND / OR TOW DUE TO CRASH,Y,,,$500 OR LESS,08/19/2025 05:00:00 PM,UNABLE TO DETERMINE,NOT APPLICABLE,3401,W,FRANKLIN BLVD,1123,,,,,,,2,"REPORTED, NOT EVIDENT",1,0,0,0,1,1,0,16,3,8,41.8899060549,-87.711392865,POINT (-87.711392864986 41.889906054886)
b41ea0a35764cbad8847e9346ffab5815b7ffb026937d88ff6ea6ba1dabfdc46c90f0ff70320088f021a0516b8a7ff1409cf9119dc105044143e81faa66d9c48,Y,08/19/2025 04:30:00 PM,15,NO CONTROLS,NO CONTROLS,CLEAR,DAYLIGHT,PARKED MOTOR VEHICLE,PARKING LOT,,STRAIGHT AND LEVEL,DRY,NO DEFECTS,NOT ON SCENE (DESK REPORT),NO INJURY / DRIVE AWAY,,,,"$501 - $1,500",08/20/2025 07:30:00 PM,UNABLE TO DETERMINE,NOT APPLICABLE,4820,N,KEDZIE AVE,1713,,,,,,,2,NO INDICATION OF INJURY,0,0,0,0,0,1,0,16,3,8,41.969105102,-87.7086435486,POINT (-87.708643548641 41.969105102029)
aafb597664b327d8ce654b83f97b6eb7ecd834b6c279fe18c2a9608633fe98e5df92713fb4def6ff5cc49590cd64e405bd58c13a61f3e4d036cc28fa4d29b63e,,08/19/2025 04:23:00 PM,30,NO CONTROLS,NO CONTROLS,CLEAR,DAYLIGHT,SIDESWIPE SAME DIRECTION,NOT DIVIDED,,STRAIGHT ON GRADE,DRY,UNKNOWN,NOT ON SCENE (DESK REPORT),NO INJURY / DRIVE AWAY,,,,"$501 - $1,500",08/19/2025 07:00:00 PM,FAILING TO YIELD RIGHT-OF-WAY,UNABLE TO DETERMINE,4835,S,LAWNDALE AVE,821,Y,,,,,,2,NO INDICATION OF INJURY,0,0,0,0,0,2,0,16,3,8,41.8056623106,-87.7159983412,POINT (-87.715998341177 41.805662310578)
316e11801140d1aa7e999dbcedd396bcf49211304baf70d71561b8d2238a0d45c56b58a5d73e5cee77a7e5c171ab0715c6a58e41ff8deafc1119e3ff9bb6d239,Y,08/19/2025 04:20:00 PM,30,NO CONTROLS,NO CONTROLS,CLEAR,DAYLIGHT,ANGLE,NOT DIVIDED,,STRAIGHT AND LEVEL,DRY,NO DEFECTS,ON SCENE,NO INJURY / DRIVE AWAY,,,,"OVER $1,500",08/19/2025 04:20:00 PM,DISREGARDING STOP SIGN,DISREGARDING STOP SIGN,664,W,ENGLEWOOD AVE,711,,,,,,,2,NO INDICATION OF INJURY,0,0,0,0,0,2,0,16,3,8,41.7808033467,-87.6425047257,POINT (-87.642504725703 41.780803346724)
9f8d6e3190213d58d0cbe428c1999827588d2edc6c91ab707c04c26d4e790ad28490ee67c30d7747b4898cacf723689456c18a9d0e69537b310b9b5cda09b3a5,,08/19/2025 04:20:00 PM,30,NO CONTROLS,NO CONTROLS,CLEAR,DAYLIGHT,REAR END,NOT DIVIDED,,STRAIGHT AND LEVEL,DRY,NO DEFECTS,NOT ON SCENE (DESK REPORT),INJURY AND / OR TOW DUE TO CRASH,,,,"OVER $1,500",08/19/2025 05:26:00 PM,FOLLOWING TOO CLOSELY,NOT APPLICABLE,5440,S,ROCKWELL ST,923,,,,,,,2,NONINCAPACITATING INJURY,1,0,0,1,0,1,0,16,3,8,41.7943181868,-87.6890841248,POINT (-87.689084124774 41.79431818676)
5b1d4e05fe0d1ddbe9bc94c5b445d14fde7c388251453af61cf40da3cf1804ee3bf89b429a7035b4a260fc65024de3f03c1e95f1ee0ed82607d2286b0a5707eb,,08/19/2025 04:15:00 PM,30,TRAFFIC SIGNAL,FUNCTIONING PROPERLY,CLEAR,DAYLIGHT,SIDESWIPE SAME DIRECTION,FOUR WAY,,STRAIGHT AND LEVEL,DRY,NO DEFECTS,NOT ON SCENE (DESK REPORT),NO INJURY / DRIVE AWAY,,,,"OVER $1,500",08/19/2025 05:50:00 PM,UNABLE TO DETERMINE,UNABLE TO DETERMINE,316,N,KOSTNER AVE,1113,,,,,,,2,NO INDICATION OF INJURY,0,0,0,0,0,2,0,16,3,8,41.8859900473,-87.7357922891,POINT (-87.735792289107 41.885990047313)
b9ef18b73014760939059053808f01e9b7428663886c86a91b24cc6adbb3c68053f93b029bb797de0c84fdb2c6f9a75097c8b5d34210754f67bd45621f8842cb,,08/19/2025 04:15:00 PM,15,NO CONTROLS,NO CONTROLS,UNKNOWN,UNKNOWN,PARKED MOTOR VEHICLE,PARKING LOT,,STRAIGHT AND LEVEL,UNKNOWN,UNKNOWN,NOT ON SCENE (DESK REPORT),NO INJURY / DRIVE AWAY,,Y,,"$501 - $1,500",08/19/2025 08:00:00 PM,UNABLE TO DETERMINE,NOT APPLICABLE,1102,S,HAMILTON AVE,1225,,,,,,,2,NO INDICATION OF INJURY,0,0,0,0,0,1,0,16,3,8,41.8677550658,-87.6804512239,POINT (-87.680451223939 41.867755065751)
dc8fd02ead882c8f074796c093b8a00e43352c0ee143516d5b255ec013adc2df6165dee3795d38b6b012ed9755586d249eca381ebd3c1c9c8870245659df1610,,08/19/2025 04:15:00 PM,30,TRAFFIC SIGNAL,FUNCTIONING PROPERLY,CLEAR,DAYLIGHT,SIDESWIPE SAME DIRECTION,NOT DIVIDED,,STRAIGHT AND LEVEL,DRY,NO DEFECTS,,NO INJURY / DRIVE AWAY,Y,,,"OVER $1,500",08/19/2025 04:50:00 PM,UNABLE TO DETERMINE,UNABLE TO DETERMINE,5701,S,PULASKI RD,822,,,,,,,2,NO INDICATION OF INJURY,0,0,0,0,0,2,0,16,3,8,41.7895331156,-87.7229138465,POINT (-87.722913846481 41.789533115582)
80140a146387cde87029a743fb86f80872b49ba6d621e0439b1485cfe46ec43391e7166a9dc0ff696377d2e9239c43713859673b19dcce182f0c3f88903afbf0,,08/19/2025 04:10:00 PM,25,TRAFFIC SIGNAL,FUNCTIONING PROPERLY,CLEAR,DAYLIGHT,REAR END,NOT DIVIDED,,STRAIGHT AND LEVEL,DRY,NO DEFECTS,NOT ON SCENE (DESK REPORT),NO INJURY / DRIVE AWAY,Y,,,"OVER $1,500",08/19/2025 04:45:00 PM,UNABLE TO DETERMINE,UNABLE TO DETERMINE,2400,W,CERMAK RD,1023,,,,,,,2,NO INDICATION OF INJURY,0,0,0,0,0,2,0,16,3,8,41.8521413068,-87.6857526416,POINT (-87.685752641557 41.852141306805)
6e788119a2dbaf2724c30c4ed2af8979c9aaed8200db219b04ed271666a2f41ea3ce07a2a67991edf19757698631e60ae3e671badd7c262fbb630c4c01fa2365,,08/19/2025 04:06:00 PM,35,NO CONTROLS,NO CONTROLS,CLEAR,DAYLIGHT,TURNING,CENTER TURN LANE,,STRAIGHT AND LEVEL,DRY,NO DEFECTS,ON SCENE,INJURY AND / OR TOW DUE TO CRASH,,,,"OVER $1,500",08/19/2025 04:14:00 PM,IMPROPER TURNING/NO SIGNAL,NOT APPLICABLE,8501,S,RACINE AVE,613,,,,,,,2,NONINCAPACITATING INJURY,1,0,0,1,0,4,0,16,3,8,41.7394885084,-87.6532910507,POINT (-87.653291050743 41.739488508357)
1075f4482d9bc65280d2dab70ae02c5371d59892e965943c6161c0a868bf2ecc0b02c5a015c846adca6f625e86477607f9cd8b0bb58519908ed50b205e579493,,08/19/2025 04:05:00 PM,30,NO CONTROLS,NO CONTROLS,CLOUDY/OVERCAST,DAYLIGHT,REAR END,NOT DIVIDED,,STRAIGHT AND LEVEL,DRY,NO DEFECTS,ON SCENE,INJURY AND / OR TOW DUE TO CRASH,,,Y,"OVER $1,500",08/19/2025 04:06:00 PM,FAILING TO REDUCE SPEED TO AVOID CRASH,NOT APPLICABLE,4131,W,55TH ST,813,,,,,,,4,NO INDICATION OF INJURY,0,0,0,0,0,4,0,16,3,8,41.7930647283,-87.7267743866,POINT (-87.726774386589 41.793064728349)
6d97699ad13da412610ee7eaf1847c6a98c82a2e94e90ec17ed23f4373573efd757ffb5646cb905f111270c5e7c6044fc7f86eebfa5f9e1601bab4e72c135360,,08/19/2025 04:05:00 PM,20,STOP SIGN/FLASHER,FUNCTIONING PROPERLY,CLEAR,DAYLIGHT,SIDESWIPE SAME DIRECTION,OTHER,,STRAIGHT AND LEVEL,DRY,UNKNOWN,ON SCENE,INJURY AND / OR TOW DUE TO CRASH,,,,"OVER $1,500",08/19/2025 04:14:00 PM,IMPROPER LANE USAGE,IMPROPER OVERTAKING/PASSING,2349,W,BARRY AVE,1931,,,,N,,,2,"REPORTED, NOT EVIDENT",1,0,0,0,1,2,0,16,3,8,41.9375290966,-87.6874099389,POINT (-87.687409938867 41.937529096634)
06e811fda0914c273f18e8e0cdb8d8ca888d60e7cbd23d6dbb7ebaf846a24f559d5c7ae20b35de7c1c430b6f53805903d92c2ecebd592f939a1b957865154325,,08/19/2025 04:00:00 PM,30,STOP SIGN/FLASHER,FUNCTIONING PROPERLY,CLOUDY/OVERCAST,DAYLIGHT,PARKED MOTOR VEHICLE,FOUR WAY,,STRAIGHT AND LEVEL,DRY,NO DEFECTS,NOT ON SCENE (DESK REPORT),INJURY AND / OR TOW DUE TO CRASH,N,,,"OVER $1,500",08/19/2025 06:20:00 PM,IMPROPER TURNING/NO SIGNAL,UNABLE TO DETERMINE,2800,S,KOSTNER AVE,1031,,,,,,,2,NO INDICATION OF INJURY,0,0,0,0,0,1,0,16,3,8,41.8403511088,-87.734320722,POINT (-87.734320722033 41.840351108819)
85796718c62d9b7f20ac21acc7b4153da955bc9239a4a9d65b844d7a4e889f48bf34bd37f5b0100714aef9d25f6561fadfe10938ef007f5fbcf08a67c25cdf76,,08/19/2025 04:00:00 PM,30,NO CONTROLS,NO CONTROLS,CLEAR,DAYLIGHT,PARKED MOTOR VEHICLE,PARKING LOT,,STRAIGHT AND LEVEL,DRY,NO DEFECTS,NOT ON SCENE (DESK REPORT),NO INJURY / DRIVE AWAY,,,,"$501 - $1,500",08/19/2025 05:30:00 PM,IMPROPER BACKING,NOT APPLICABLE,1831,W,DEVON AVE,2433,,,,,,,2,NO INDICATION OF INJURY,0,0,0,0,0,4,0,16,3,8,41.9978564374,-87.676425026,POINT (-87.676425026021 41.997856437422)
b209f7a1bc1b4c2a185699f3400123676d9c5d2b49dd7debdb1a4f9ee1802fc756b2e17fbcb11408a52b1ba061c4b4b442707aecc854482c3510282b1faf32f4,,08/19/2025 04:00:00 PM,10,NO CONTROLS,NO CONTROLS,CLEAR,DAYLIGHT,REAR END,PARKING LOT,,STRAIGHT AND LEVEL,DRY,NO DEFECTS,NOT ON SCENE (DESK REPORT),NO INJURY / DRIVE AWAY,,,,"OVER $1,500",08/19/2025 07:46:00 PM,FOLLOWING TOO CLOSELY,NOT APPLICABLE,6258,S,AUSTIN AVE,812,,,,,,,2,NO INDICATION OF INJURY,0,0,0,0,0,3,0,16,3,8,41.7779509367,-87.7716458439,POINT (-87.771645843879 41.777950936702)
d0261a55b2e00909f2ad397ade6dedbba3c9ebe5303bf66f112e0913e37a66b984eef0002ca4a814d8023e278f07afe6f9fae083fd4dee3f1ad80ace21fa81be,,08/19/2025 04:00:00 PM,30,NO CONTROLS,NO CONTROLS,CLEAR,DAYLIGHT,REAR END,NOT DIVIDED,,STRAIGHT AND LEVEL,DRY,NO DEFECTS,NOT ON SCENE (DESK REPORT),NO INJURY / DRIVE AWAY,,,,"OVER $1,500",08/25/2025 06:20:00 PM,FOLLOWING TOO CLOSELY,NOT APPLICABLE,6100,S,CENTRAL AVE,812,,,,,,,2,NO INDICATION OF INJURY,0,0,0,0,0,2,0,16,3,8,41.781626709,-87.762015567,POINT (-87.762015567 41.781626708966)
f3ff68c2105bd10845b603fd15427ebcd05eaa43b3bababe879e9592b4330e1b943e9d731d59938427680a38a51ecb9685cba84c07f620777028529c71c1dc65,,08/19/2025 04:00:00 PM,30,NO CONTROLS,NO CONTROLS,CLEAR,DAYLIGHT,PARKED MOTOR VEHICLE,NOT DIVIDED,,STRAIGHT AND LEVEL,DRY,NO DEFECTS,NOT ON SCENE (DESK REPORT),NO INJURY / DRIVE AWAY,,,,"OVER $1,500",08/19/2025 06:40:00 PM,UNABLE TO DETERMINE,UNABLE TO DETERMINE,717,S,CLARK ST,123,,,,,,,2,NO INDICATION OF INJURY,0,0,0,0,0,1,0,16,3,8,41.8730327684,-87.6304856534,POINT (-87.630485653414 41.873032768448)
f97d0d7bb66d5e6172a835fe1aa855f41140afc372158d8348240ae6e249881d7bd013b7a74826c982f70d16c4ab7b0a3b40a2ec5d0d99cf0079ca6844b5b4b4,,08/19/2025 04:00:00 PM,25,UNKNOWN,UNKNOWN,UNKNOWN,UNKNOWN,REAR END,NOT DIVIDED,,STRAIGHT AND LEVEL,UNKNOWN,UNKNOWN,NOT ON SCENE (DESK REPORT),NO INJURY / DRIVE AWAY,,,,"OVER $1,500",08/19/2025 05:05:00 PM,NOT APPLICABLE,NOT APPLICABLE,644,N,LAKE SHORE DR SB,1834,,,,,,,2,NO INDICATION OF INJURY,0,0,0,0,0,2,0,16,3,8,41.8939498494,-87.6150834576,POINT (-87.615083457597 41.893949849381)
3a7b7bf437edf9434a754dd4e3b1f0031a0a877d03d03d0dc297f8103c1e7a3f9da623a455bf1457cb55985ac4b776eb896c2d907a418e8406d0280352cc1166,,08/19/2025 03:45:00 PM,25,NO CONTROLS,NO CONTROLS,CLEAR,DAYLIGHT,REAR END,NOT DIVIDED,,STRAIGHT AND LEVEL,DRY,UNKNOWN,NOT ON SCENE (DESK REPORT),NO INJURY / DRIVE AWAY,,,,$500 OR LESS,08/19/2025 04:00:00 PM,UNABLE TO DETERMINE,UNABLE TO DETERMINE,3401,W,CERMAK RD,1024,,,,,,,2,NO INDICATION OF INJURY,0,0,0,0,0,2,0,15,3,8,41.8515964636,-87.7101647995,POINT (-87.710164799489 41.851596463563)
48cad0f9410783a52aff5a94104f4ca3d8a94209403b5d002944ff8408d59a1288ceedec672cf429993184bfae41d392d973171b9b560762088460bd8424aed5,,08/19/2025 03:44:00 PM,35,NO CONTROLS,NO CONTROLS,CLEAR,DAYLIGHT,PARKED MOTOR VEHICLE,NOT DIVIDED,,STRAIGHT AND LEVEL,DRY,NO DEFECTS,ON SCENE,NO INJURY / DRIVE AWAY,,,,"OVER $1,500",08/19/2025 03:55:00 PM,NOT APPLICABLE,UNABLE TO DETERMINE,38,E,95TH ST,634,,,,,,,2,NO INDICATION OF INJURY,0,0,0,0,0,1,0,15,3,8,41.7218626717,-87.6222784952,POINT (-87.622278495198 41.721862671712)
aec5e03d15b2504345ab424875ec954a07cc6ba6636972711c5a99289e32062795827c33e82074dbab96dd96d0942522126e92cfe4ef2b6a3349dccf504bf4d4,,08/19/2025 03:41:00 PM,30,NO CONTROLS,NO CONTROLS,CLEAR,DAYLIGHT,PARKED MOTOR VEHICLE,DIVIDED - W/MEDIAN (NOT RAISED),,STRAIGHT AND LEVEL,DRY,UNKNOWN,ON SCENE,INJURY AND / OR TOW DUE TO CRASH,,,Y,"OVER $1,500",08/19/2025 03:42:00 PM,DRIVING SKILLS/KNOWLEDGE/EXPERIENCE,DRIVING SKILLS/KNOWLEDGE/EXPERIENCE,1725,N,WESTERN AVE,1434,,,,,,,2,NO INDICATION OF INJURY,0,0,0,0,0,3,0,15,3,8,41.9128892329,-87.687140802,POINT (-87.68714080199 41.91288923291)