CRASH_RECORD_ID,CRASH_DATE_EST_I,CRASH_DATE,POSTED_SPEED_LIMIT,TRAFFIC_CONTROL_DEVICE,DEVICE_CONDITION,WEATHER_CONDITION,LIGHTING_CONDITION,FIRST_CRASH_TYPE,TRAFFICWAY_TYPE,LANE_CNT,ALIGNMENT,ROADWAY_SURFACE_COND,ROAD_DEFECT,REPORT_TYPE,CRASH_TYPE,INTERSECTION_RELATED_I,NOT_RIGHT_OF_WAY_I,HIT_AND_RUN_I,DAMAGE,DATE_POLICE_NOTIFIED,PRIM_CONTRIBUTORY_CAUSE,SEC_CONTRIBUTORY_CAUSE,STREET_NO,STREET_DIRECTION,STREET_NAME,BEAT_OF_OCCURRENCE,PHOTOS_TAKEN_I,STATEMENTS_TAKEN_I,DOORING_I,WORK_ZONE_I,WORK_ZONE_TYPE,WORKERS_PRESENT_I,NUM_UNITS,MOST_SEVERE_INJURY,INJURIES_TOTAL,INJURIES_FATAL,INJURIES_INCAPACITATING,INJURIES_NON_INCAPACITATING,INJURIES_REPORTED_NOT_EVIDENT,INJURIES_NO_INDICATION,INJURIES_UNKNOWN,CRASH_HOUR,CRASH_DAY_OF_WEEK,CRASH_MONTH,LATITUDE,LONGITUDE,LOCATION
44571d08ac1712a78571091011cbfc7b3c89f04381a5bba586f1d8dfab6380fa3aed9948a4eb020da68030088d7d39d5bd1fbb9ecc7af200d36720fd42b56a74,,08/19/2025 03:40:00 PM,35,STOP SIGN/FLASHER,FUNCTIONING PROPERLY,CLEAR,DAYLIGHT,TURNING,DIVIDED - W/MEDIAN (NOT RAISED),,STRAIGHT AND LEVEL,DRY,NO DEFECTS,NOT ON SCENE (DESK REPORT),NO INJURY / DRIVE AWAY,Y,,,"OVER $1,500",08/19/2025 04:10:00 PM,UNABLE TO DETERMINE,UNABLE TO DETERMINE,817,W,87TH ST,2223,,,,,,,2,NO INDICATION OF INJURY,0,0,0,0,0,2,0,15,3,8,41.735952397,-87.6444532616,POINT (-87.64445326161 41.73595239701)
5f1c4f8773f2ec52efca2afc03b42e6dff5621500a6cf0c42b48379cfe29831502ad169e67f5b40ecd3f1cb2d05a5173418b0d8260fa69ca72c2407455162202,N,08/19/2025 03:40:00 PM,30,TRAFFIC SIGNAL,UNKNOWN,CLEAR,DAYLIGHT,PEDALCYCLIST,DIVIDED - W/MEDIAN (NOT RAISED),,STRAIGHT AND LEVEL,DRY,UNKNOWN,ON SCENE,INJURY AND / OR TOW DUE TO CRASH,,,Y,"$501 - $1,500",08/19/2025 04:30:00 PM,UNABLE TO DETERMINE,UNABLE TO DETERMINE,2159,S,PULASKI RD,1014,,,,,,,2,NONINCAPACITATING INJURY,1,0,0,1,0,1,0,15,3,8,41.8516006791,-87.7246132299,POINT (-87.724613229899 41.851600679123)
7b55bddc01514facd0c6efae2db289e56f69d5f90d425ca1e98033af32f87aa136e56ac63d869e65e32ce806e81d1c2038d410d81d5742e95ee5656e40e62f0e,,08/19/2025 03:40:00 PM,30,NO CONTROLS,NO CONTROLS,CLEAR,DUSK,PARKED MOTOR VEHICLE,NOT DIVIDED,,STRAIGHT AND LEVEL,DRY,NO DEFECTS,ON SCENE,NO INJURY / DRIVE AWAY,,,,"$501 - $1,500",08/19/2025 05:42:00 PM,IMPROPER TURNING/NO SIGNAL,IMPROPER TURNING/NO SIGNAL,725,W,SCHILLER ST,1822,,,,,,,2,NO INDICATION OF INJURY,0,0,0,0,0,2,0,15,3,8,41.9073644203,-87.6470363261,POINT (-87.647036326143 41.907364420323)
ab0e95804487a84a07e678568304fef4294a5171e9e82a090bc5eb0258c4ef76239c2096e0a647f3d724d705184746f250bd160a781b9c77341202dbc8cf5a7e,,08/19/2025 03:40:00 PM,30,NO CONTROLS,NO CONTROLS,CLEAR,DAYLIGHT,TURNING,NOT DIVIDED,,STRAIGHT AND LEVEL,DRY,NO DEFECTS,NOT ON SCENE (DESK REPORT),NO INJURY / DRIVE AWAY,,,Y,"OVER $1,500",08/19/2025 06:38:00 PM,IMPROPER TURNING/NO SIGNAL,UNABLE TO DETERMINE,218,N,PULASKI RD,1114,,,,,,,2,NO INDICATION OF INJURY,0,0,0,0,0,2,0,15,3,8,41.8840526638,-87.725911281,POINT (-87.725911280979 41.884052663783)
fd87de39c4adf0ca640b20afa7547e8ac445a4401de9a72e616a996b2988796ca4ea9fe0085bf75f38e9ac3473e893c6f477a023a73b4867b203fdbcda371174,,08/19/2025 03:38:00 PM,30,NO CONTROLS,NO CONTROLS,CLEAR,DAYLIGHT,REAR END,DIVIDED - W/MEDIAN (NOT RAISED),,STRAIGHT AND LEVEL,DRY,NO DEFECTS,NOT ON SCENE (DESK REPORT),NO INJURY / DRIVE AWAY,,,,"OVER $1,500",08/20/2025 08:45:00 AM,UNABLE TO DETERMINE,UNABLE TO DETERMINE,1449,W,IRVING PARK RD,1922,,,,,,,2,NO INDICATION OF INJURY,0,0,0,0,0,2,0,15,3,8,41.9542184332,-87.6660934879,POINT (-87.666093487872 41.954218433242)
579c41bb992f28b4213d46e76ac7ff9ae2815a52d2c0208c45860c238a4b87c0701895b06bd9fe91605458f6f120dcbf69e11e17f44eee1dd0e1a69f04908147,,08/19/2025 03:33:00 PM,30,NO CONTROLS,NO CONTROLS,CLEAR,DAYLIGHT,PARKED MOTOR VEHICLE,ONE-WAY,,STRAIGHT AND LEVEL,UNKNOWN,UNKNOWN,NOT ON SCENE (DESK REPORT),NO INJURY / DRIVE AWAY,,,Y,"OVER $1,500",08/20/2025 07:15:00 PM,UNABLE TO DETERMINE,NOT APPLICABLE,932,N,RUSH ST,1833,,,,,,,2,NO INDICATION OF INJURY,0,0,0,0,0,1,0,15,3,8,41.9000353022,-87.6273329229,POINT (-87.627332922924 41.900035302203)
386c3f209c88284365d3cc601576c1c8f7798e993aa248fd1d4eba7abfcb53eb41848892f00f8cc701654171e1da35cf63789a3014b9db179f01ded9b8a250b4,,08/19/2025 03:30:00 PM,30,NO CONTROLS,NO CONTROLS,CLEAR,DAYLIGHT,ANGLE,DIVIDED - W/MEDIAN (NOT RAISED),,STRAIGHT AND LEVEL,DRY,NO DEFECTS,ON SCENE,INJURY AND / OR TOW DUE TO CRASH,Y,,,"OVER $1,500",08/19/2025 03:40:00 PM,FAILING TO YIELD RIGHT-OF-WAY,UNABLE TO DETERMINE,3135,W,MONTROSE AVE,1724,,,,,,,2,NONINCAPACITATING INJURY,1,0,0,1,0,1,0,15,3,8,41.9610839231,-87.7072412088,POINT (-87.707241208765 41.961083923126)
4063e81d6f3c43f72318b50b0d033cc1acde3ee094c28454112dd52758babfb83a65a53ecc0cda077b082f53716a39545d2078128011dcaeac6b1c60c993c931,,08/19/2025 03:30:00 PM,25,TRAFFIC SIGNAL,FUNCTIONING PROPERLY,CLEAR,DAYLIGHT,TURNING,DIVIDED - W/MEDIAN (NOT RAISED),,STRAIGHT AND LEVEL,DRY,NO DEFECTS,NOT ON SCENE (DESK REPORT),NO INJURY / DRIVE AWAY,,,,"OVER $1,500",08/19/2025 04:00:00 PM,DISREGARDING TRAFFIC SIGNALS,FAILING TO YIELD RIGHT-OF-WAY,4001,W,ARGYLE ST,1712,,,,,,,2,NO INDICATION OF INJURY,0,0,0,0,0,3,0,15,3,8,41.9717736064,-87.7281911254,POINT (-87.728191125433 41.971773606417)
99b696b012e3a6e405a727e18cb62435d150267942754d57c1f226fe82b1fdcfe19179247e86a02a544e6dd62cd446937b9a45a65f5e017c9c6cd64bb65ec4e4,,08/19/2025 03:30:00 PM,30,TRAFFIC SIGNAL,FUNCTIONING PROPERLY,CLEAR,DAYLIGHT,SIDESWIPE SAME DIRECTION,NOT DIVIDED,,STRAIGHT AND LEVEL,DRY,UNKNOWN,NOT ON SCENE (DESK REPORT),NO INJURY / DRIVE AWAY,,,Y,$500 OR LESS,08/19/2025 04:38:00 PM,NOT APPLICABLE,NOT APPLICABLE,6220,S,STONY ISLAND AVE,314,,,,,,,2,NO INDICATION OF INJURY,0,0,0,0,0,2,0,15,3,8,41.7822353879,-87.5866511531,POINT (-87.586651153112 41.782235387903)
de64df745546a8784a788ff4d0459fca1fcd5f8bb87af24e86c9338e4cd3f45c23c0c3fe39585c50daea1faf7fdbf03a8bfd17c6f032c5e131165db365f1a2ae,,08/19/2025 03:30:00 PM,30,UNKNOWN,UNKNOWN,UNKNOWN,UNKNOWN,PARKED MOTOR VEHICLE,NOT DIVIDED,,STRAIGHT AND LEVEL,UNKNOWN,UNKNOWN,NOT ON SCENE (DESK REPORT),NO INJURY / DRIVE AWAY,,,Y,"OVER $1,500",08/20/2025 11:25:00 AM,UNABLE TO DETERMINE,UNABLE TO DETERMINE,1249,W,WAVELAND AVE,1923,,,,,,,2,NO INDICATION OF INJURY,0,0,0,0,0,1,0,15,3,8,41.9488267323,-87.6611604486,POINT (-87.661160448571 41.948826732321)
f43be3cab0b7064323cb11358b49e58e38073f4b9c90b9b64b5d7d030dbbaa5f9939c2bbf31cf87987cb825b8a07f5cdbe57cf152b7e0080cba482d71233fbbe,,08/19/2025 03:30:00 PM,30,TRAFFIC SIGNAL,FUNCTIONING PROPERLY,CLEAR,DAYLIGHT,SIDESWIPE SAME DIRECTION,NOT DIVIDED,,STRAIGHT AND LEVEL,DRY,NO DEFECTS,ON SCENE,NO INJURY / DRIVE AWAY,Y,,,"$501 - $1,500",08/20/2025 03:42:00 PM,UNABLE TO DETERMINE,UNABLE TO DETERMINE,365,N,MICHIGAN AVE,114,,,,,,,2,NO INDICATION OF INJURY,0,0,0,0,0,2,0,15,3,8,41.8883061491,-87.6243592569,POINT (-87.624359256853 41.888306149054)
eebb6e29e4b922a2024115367ac1645fcbfee14df85ad697f4dacec2806ec9e5763dd8cfed7fc7b21e4b94bffbaa4d71bbf412f0419accc97ca8866938b3810e,Y,08/19/2025 03:28:00 PM,25,NO CONTROLS,NO CONTROLS,CLOUDY/OVERCAST,DAYLIGHT,PARKED MOTOR VEHICLE,NOT DIVIDED,,STRAIGHT AND LEVEL,DRY,NO DEFECTS,ON SCENE,NO INJURY / DRIVE AWAY,,,Y,"$501 - $1,500",08/19/2025 03:50:00 PM,UNABLE TO DETERMINE,NOT APPLICABLE,4545,S,WOLCOTT AVE,924,,,,,,,2,NO INDICATION OF INJURY,0,0,0,0,0,6,0,15,3,8,41.8108441623,-87.6721687507,POINT (-87.672168750705 41.810844162347)
9967415d80f2f1dcadfee4b33369471eb3be3cbe3e9d63631f5cf2ae39ab4538d6d4e044b623a1eea87b5d087e7d44ff319012a51be5a786acae9d90e906904a,,08/19/2025 03:26:00 PM,30,NO CONTROLS,NO CONTROLS,CLEAR,DAYLIGHT,OTHER OBJECT,DIVIDED - W/MEDIAN (NOT RAISED),,STRAIGHT AND LEVEL,DRY,NO DEFECTS,ON SCENE,INJURY AND / OR TOW DUE TO CRASH,,,,$500 OR LESS,08/19/2025 03:28:00 PM,UNDER THE INFLUENCE OF ALCOHOL/DRUGS (USE WHEN ARREST IS EFFECTED),UNDER THE INFLUENCE OF ALCOHOL/DRUGS (USE WHEN ARREST IS EFFECTED),5222,W,MADISON ST,1522,,,,,,,1,NO INDICATION OF INJURY,0,0,0,0,0,1,0,15,3,8,41.8804684977,-87.7561340033,POINT (-87.756134003346 41.880468497667)
0fae258766bf85a9c72b79be8399bdde0103cf931336e6ad20aa70d83c47866be78f0639d068e2232319d6d5b615257dec03556c9fdc14bebf52076391338d86,,08/19/2025 03:25:00 PM,30,STOP SIGN/FLASHER,NO CONTROLS,CLEAR,DAYLIGHT,ANGLE,FOUR WAY,,STRAIGHT AND LEVEL,DRY,NO DEFECTS,NOT ON SCENE (DESK REPORT),NO INJURY / DRIVE AWAY,Y,,,"OVER $1,500",08/19/2025 03:50:00 PM,DRIVING SKILLS/KNOWLEDGE/EXPERIENCE,DRIVING SKILLS/KNOWLEDGE/EXPERIENCE,3434,W,PETERSON AVE,1711,,,,,,,2,NO INDICATION OF INJURY,0,0,0,0,0,4,0,15,3,8,41.9904171535,-87.7153576126,POINT (-87.715357612635 41.990417153495)
5e91a82968c552afd264a60f4f51c489a5a1c151f16a2561a49d1f201279d665b3a1d5a25db31856b8397446cf8583ddeebf8160f42a7dd362aae34f086f2d51,Y,08/19/2025 03:25:00 PM,30,NO CONTROLS,NO CONTROLS,CLEAR,DAYLIGHT,PEDALCYCLIST,DIVIDED - W/MEDIAN (NOT RAISED),,STRAIGHT AND LEVEL,DRY,NO DEFECTS,ON SCENE,INJURY AND / OR TOW DUE TO CRASH,,,,"OVER $1,500",08/19/2025 03:34:00 PM,FAILING TO YIELD RIGHT-OF-WAY,IMPROPER OVERTAKING/PASSING,2602,N,CANNON DR,1935,,,,,,,2,INCAPACITATING INJURY,1,0,1,0,0,1,0,15,3,8,41.9297237283,-87.6362723854,POINT (-87.636272385376 41.929723728258)
81a9401452076c213cc4135f9ac13a017775410cf5fb09292fe48ec082f5e8638fa366790ad91174b029a1af60cd4f8efde9e8c2780587946f448aec9f2dd1d9,,08/19/2025 03:25:00 PM,30,NO CONTROLS,NO CONTROLS,CLEAR,DAYLIGHT,SIDESWIPE SAME DIRECTION,NOT DIVIDED,,STRAIGHT AND LEVEL,DRY,NO DEFECTS,ON SCENE,NO INJURY / DRIVE AWAY,,,Y,"OVER $1,500",08/19/2025 03:31:00 PM,UNABLE TO DETERMINE,UNABLE TO DETERMINE,4000,W,ROOSEVELT RD,1132,,,,,,,2,NO INDICATION OF INJURY,0,0,0,0,0,3,0,15,3,8,41.8662810027,-87.7252342198,POINT (-87.725234219839 41.866281002665)
ca083062dcb824bb8ac377db0c773aa8f70bc2cd7420f2758a703b0c88a5e5398fed3875fa07e5d9b7e6c908caded2fc09c95e06f5fa1429a4aae4e6214c332f,,08/19/2025 03:24:00 PM,30,NO CONTROLS,NO CONTROLS,CLEAR,DAYLIGHT,ANGLE,DIVIDED - W/MEDIAN BARRIER,,STRAIGHT AND LEVEL,DRY,NO DEFECTS,ON SCENE,INJURY AND / OR TOW DUE TO CRASH,Y,,Y,"OVER $1,500",08/19/2025 03:32:00 PM,FAILING TO YIELD RIGHT-OF-WAY,UNABLE TO DETERMINE,9330,S,ASHLAND AVE,2221,,,,,,,2,NO INDICATION OF INJURY,0,0,0,0,0,2,0,15,3,8,41.7239718051,-87.6628899515,POINT (-87.662889951548 41.7239718051)
440a5f86e1d90d72649ce048e292c06e564fe4e74254e4e544bcb57243825e14ab3c3a1150730b7d9b2239e359c0895a69c095632a4fb36bc9f1f3e6118d44bb,,08/19/2025 03:20:00 PM,30,NO CONTROLS,NO CONTROLS,CLEAR,DAYLIGHT,TURNING,NOT DIVIDED,,STRAIGHT AND LEVEL,DRY,NO DEFECTS,NOT ON SCENE (DESK REPORT),NO INJURY / DRIVE AWAY,,,,$500 OR LESS,08/19/2025 03:40:00 PM,UNABLE TO DETERMINE,NOT APPLICABLE,4050,W,WASHINGTON BLVD,1114,,,,,,,2,NO INDICATION OF INJURY,0,0,0,0,0,2,0,15,3,8,41.8821292395,-87.7277314191,POINT (-87.727731419094 41.882129239514)
9462435fd25456f3354d97ba4a6e6fbd9651f3b60fe6e16df96457cb33776e8ccc20808b2ed6c76fc21c9b791fef09c0c45cd206ede46b6b246b8f38753d693f,,08/19/2025 03:20:00 PM,30,NO CONTROLS,NO CONTROLS,CLEAR,DAYLIGHT,PARKED MOTOR VEHICLE,DIVIDED - W/MEDIAN (NOT RAISED),,STRAIGHT AND LEVEL,DRY,NO DEFECTS,NOT ON SCENE (DESK REPORT),NO INJURY / DRIVE AWAY,,,,$500 OR LESS,08/20/2025 02:00:00 PM,UNABLE TO DETERMINE,UNABLE TO DETERMINE,2526,W,DIVERSEY AVE,1411,,,,,,,2,NO INDICATION OF INJURY,0,0,0,0,0,1,0,15,3,8,41.9322487629,-87.6915076011,POINT (-87.691507601074 41.932248762869)
2d557c781c4c6ad3c6c5dd51f225af3b5c7652e34141e19043e49914ea3e77ac78a0164d29425f2070106d9a6b1e25beb3a6673355b345db5c7a056d58bcdaa2,,08/19/2025 03:03:00 PM,25,UNKNOWN,UNKNOWN,CLEAR,DAYLIGHT,PEDESTRIAN,NOT DIVIDED,,STRAIGHT AND LEVEL,DRY,UNKNOWN,NOT ON SCENE (DESK REPORT),INJURY AND / OR TOW DUE TO CRASH,,,,"OVER $1,500",08/19/2025 03:03:00 PM,UNABLE TO DETERMINE,NOT APPLICABLE,1255,S,MICHIGAN AVE,132,,,,,,,2,NONINCAPACITATING INJURY,1,0,0,1,0,1,0,15,3,8,41.8659752788,-87.6239706385,POINT (-87.623970638451 41.865975278841)
0e0f99114abace0aaeb5ae6f3286fbfeac3f96ab7b4a07d385ccbf2d700eb6e42a402dd0350f2a588d851d1667b6d06c923451f8be935f7251af3e3abc6e7a8a,,08/19/2025 03:00:00 PM,30,NO CONTROLS,NO CONTROLS,CLEAR,DAYLIGHT,PARKED MOTOR VEHICLE,PARKING LOT,,STRAIGHT AND LEVEL,DRY,UNKNOWN,ON SCENE,NO INJURY / DRIVE AWAY,,,,"OVER $1,500",08/19/2025 03:10:00 PM,UNABLE TO DETERMINE,UNABLE TO DETERMINE,3220,W,111TH ST,2211,,,,,,,2,NO INDICATION OF INJURY,0,0,0,0,0,1,0,15,3,8,41.6916649245,-87.7017536658,POINT (-87.701753665789 41.691664924456)
2a30474f3c67e8cf9ef5d2d7bb1abfea9f9544e78a5a4f57df7eecaaeb722a8b4c80015cf23cf5f334f29be9e224c3c22a32ba27fa2fbaeff486988ea5d4a398,,08/19/2025 03:00:00 PM,30,NO CONTROLS,NO CONTROLS,CLEAR,DAYLIGHT,REAR END,DIVIDED - W/MEDIAN (NOT RAISED),,STRAIGHT AND LEVEL,UNKNOWN,UNKNOWN,NOT ON SCENE (DESK REPORT),NO INJURY / DRIVE AWAY,,,,"OVER $1,500",08/20/2025 11:30:00 AM,UNABLE TO DETERMINE,UNABLE TO DETERMINE,2200,N,CLARK ST,1812,,,,,,,2,NO INDICATION OF INJURY,0,0,0,0,0,2,0,15,3,8,41.921998432,-87.6384579419,POINT (-87.638457941942 41.921998431987)
9b661a9fb7c0f7b141a1ef8813b5ca3c627f4be4326018ca3183d31ec167bdb2808836a7fcf3aa8ee216d7fe56214ff84aaf72e062d05ed08ba57ce8da4ee45c,,08/19/2025 03:00:00 PM,35,UNKNOWN,NO CONTROLS,CLEAR,DAYLIGHT,SIDESWIPE SAME DIRECTION,NOT DIVIDED,,STRAIGHT AND LEVEL,DRY,NO DEFECTS,NOT ON SCENE (DESK REPORT),NO INJURY / DRIVE AWAY,,,Y,"$501 - $1,500",08/19/2025 06:40:00 PM,UNABLE TO DETERMINE,NOT APPLICABLE,4839,N,CENTRAL AVE,1623,,,,,,,2,NO INDICATION OF INJURY,0,0,0,0,0,2,0,15,3,8,41.9689426793,-87.7673662914,POINT (-87.767366291408 41.968942679306)
d4bac69f9dfdc6eed877b157923a644eb879ad3fd13f21d0019488f0d752b5d0bddb28ebcbcb668cc69c2e50a2e695035753c18e6ba140d4d85c914f1d5e4077,,08/19/2025 03:00:00 PM,30,NO CONTROLS,NO CONTROLS,CLEAR,DAYLIGHT,SIDESWIPE SAME DIRECTION,DIVIDED - W/MEDIAN (NOT RAISED),,STRAIGHT AND LEVEL,DRY,UNKNOWN,ON SCENE,NO INJURY / DRIVE AWAY,,,,"OVER $1,500",08/19/2025 03:00:00 PM,FAILING TO YIELD RIGHT-OF-WAY,IMPROPER TURNING/NO SIGNAL,3610,N,LARAMIE AVE,1634,,,,,,,2,NO INDICATION OF INJURY,0,0,0,0,0,3,0,15,3,8,41.946360994,-87.7570788122,POINT (-87.757078812243 41.946360994043)
3a268230bf20295d502831b880ea0fe37061f81986794d24ee224e95b9dc668a52d57970bc561038afb857743411d3e4202204ca3d03a18ee87f567c285c6ae2,,08/19/2025 02:55:00 PM,20,NO CONTROLS,NO CONTROLS,CLEAR,DAYLIGHT,HEAD ON,NOT DIVIDED,,STRAIGHT AND LEVEL,DRY,NO DEFECTS,ON SCENE,INJURY AND / OR TOW DUE TO CRASH,,,,"OVER $1,500",08/19/2025 02:58:00 PM,DRIVING SKILLS/KNOWLEDGE/EXPERIENCE,DRIVING SKILLS/KNOWLEDGE/EXPERIENCE,7859,S,RIDGEWAY AVE,833,,,,,,,2,NONINCAPACITATING INJURY,2,0,0,2,0,0,0,14,3,8,41.7496808985,-87.7160207906,POINT (-87.716020790581 41.749680898538)
351c5986d6d6a6e39e810fe48d5ab26e3d4faa2fd8662e37bdb8fa94ace9eed13190e9c6a6ed77395aed7a0c603a3c31a86959af7a56d469b40dd44761b1a041,,08/19/2025 02:52:00 PM,25,NO CONTROLS,NO CONTROLS,CLEAR,DAYLIGHT,TURNING,NOT DIVIDED,,STRAIGHT AND LEVEL,DRY,NO DEFECTS,ON SCENE,NO INJURY / DRIVE AWAY,Y,,,"OVER $1,500",08/19/2025 02:52:00 PM,DRIVING SKILLS/KNOWLEDGE/EXPERIENCE,NOT APPLICABLE,6500,S,RACINE AVE,724,,,,,,,2,NO INDICATION OF INJURY,0,0,0,0,0,2,0,14,3,8,41.7758805812,-87.6545463946,POINT (-87.654546394578 41.775880581189)
3aebb4ef5f0e0ec5844e4b8e25c697e269f06bfcef815188cde964912e9be3397df5aca9371273873222765f4b3a8e9e460d8af0546340a826c092ae7ed5f419,,08/19/2025 02:50:00 PM,30,UNKNOWN,UNKNOWN,CLEAR,DAYLIGHT,SIDESWIPE SAME DIRECTION,DIVIDED - W/MEDIAN (NOT RAISED),,STRAIGHT AND LEVEL,DRY,UNKNOWN,NOT ON SCENE (DESK REPORT),NO INJURY / DRIVE AWAY,,,,"OVER $1,500",08/19/2025 03:18:00 PM,IMPROPER OVERTAKING/PASSING,FOLLOWING TOO CLOSELY,805,S,STATE ST,123,,,,,,,2,NO INDICATION OF INJURY,0,0,0,0,0,2,0,14,3,8,41.871698689,-87.6273756505,POINT (-87.62737565048 41.871698689044)
70e36cd14f2ee066029a76d2f1b7340423fa489b7d001de18d9ebab3a30451eb0f50d1b9cc9ae8fbbc762a356c16cc7b7a18d8777bd6249f3083b33a97605d8a,N,08/19/2025 02:45:00 PM,25,NO CONTROLS,NO CONTROLS,CLEAR,DAYLIGHT,REAR END,NOT DIVIDED,,STRAIGHT AND LEVEL,DRY,NO DEFECTS,ON SCENE,INJURY AND / OR TOW DUE TO CRASH,,,,"OVER $1,500",08/19/2025 03:10:00 PM,FOLLOWING TOO CLOSELY,NOT APPLICABLE,1542,N,HUMBOLDT DR,1423,,,,,,,2,NO INDICATION OF INJURY,0,0,0,0,0,2,0,14,3,8,41.9094953813,-87.7019652821,POINT (-87.701965282075 41.909495381315)
87d783dd77591d780e6c0b0c6592b274694eb83bce9a398de834b1e70e92312011b52dbbaa84068adf874cd98e672e84979cf04ba4a21fb540dbbac96eb39f6b,,08/19/2025 02:35:00 PM,10,NO CONTROLS,NO CONTROLS,CLOUDY/OVERCAST,DAYLIGHT,REAR TO REAR,PARKING LOT,,STRAIGHT AND LEVEL,DRY,NO DEFECTS,NOT ON SCENE (DESK REPORT),NO INJURY / DRIVE AWAY,,Y,,"OVER $1,500",08/19/2025 02:39:00 PM,IMPROPER BACKING,IMPROPER BACKING,4445,N,BROADWAY,1914,,,,,,,2,NO INDICATION OF INJURY,0,0,0,0,0,2,0,14,3,8,41.9629903557,-87.6557686522,POINT (-87.655768652156 41.962990355678)
90c0a92fa9db12496bf117039863e843cbc3aa2b18b0e08ea182999aae1cd86544c087359f07d295734d31f02ec22036fe46c5abbe1affc14669156a7d89c441,,08/19/2025 02:35:00 PM,30,TRAFFIC SIGNAL,FUNCTIONING PROPERLY,CLOUDY/OVERCAST,DAYLIGHT,REAR END,NOT DIVIDED,,STRAIGHT AND LEVEL,DRY,NO DEFECTS,ON SCENE,INJURY AND / OR TOW DUE TO CRASH,Y,,,"OVER $1,500",08/19/2025 02:46:00 PM,FOLLOWING TOO CLOSELY,UNABLE TO DETERMINE,1221,W,ADDISON ST,1924,,,,,,,2,NO INDICATION OF INJURY,0,0,0,0,0,3,0,14,3,8,41.9470227965,-87.6600702658,POINT (-87.660070265764 41.94702279647)
02bfa038f7b3a73c2114cc0bf9834eb9c89765fdc149fa56eaf36dd9fff07690710964deffb3ae361a24e24d86ad1076def601ec67293b5c4e4129557be2acb4,,08/19/2025 02:30:00 PM,20,NO CONTROLS,NO CONTROLS,CLOUDY/OVERCAST,DAYLIGHT,TURNING,NOT DIVIDED,,STRAIGHT AND LEVEL,DRY,NO DEFECTS,NOT ON SCENE (DESK REPORT),NO INJURY / DRIVE AWAY,N,,,"OVER $1,500",08/19/2025 04:40:00 PM,IMPROPER TURNING/NO SIGNAL,UNABLE TO DETERMINE,2205,S,ALBANY AVE,1033,,,,,,,2,NO INDICATION OF INJURY,0,0,0,0,0,3,0,14,3,8,41.8515987955,-87.7026523086,POINT (-87.702652308577 41.851598795477)
6e3fdecce24d7bc0064b8c2857aa60c97ae3d95bef042de6dae023ba8460c64fac42297c6c348c564303e737042ed07092e0436a8fd51e3606c2e82bae170e9c,,08/19/2025 02:30:00 PM,30,TRAFFIC SIGNAL,FUNCTIONING PROPERLY,CLEAR,DAYLIGHT,SIDESWIPE SAME DIRECTION,NOT DIVIDED,,STRAIGHT AND LEVEL,DRY,NO DEFECTS,ON SCENE,NO INJURY / DRIVE AWAY,,,,"OVER $1,500",08/19/2025 03:20:00 PM,IMPROPER OVERTAKING/PASSING,IMPROPER OVERTAKING/PASSING,2633,E,126TH ST,433,,,,,,,2,NO INDICATION OF INJURY,0,0,0,0,0,2,0,14,3,8,41.6660708367,-87.5587311708,POINT (-87.558731170807 41.666070836658)
d7d1cc64d4d7c1442a6923f8e029d5322d6a5dc012fd7d5cf35a83df84a43545d850c77530d1d3591ba3f7003d3133b2c4bf49f081830919f0d3ce7ccdbad6e3,,08/19/2025 02:30:00 PM,30,TRAFFIC SIGNAL,FUNCTIONING PROPERLY,CLEAR,DAYLIGHT,SIDESWIPE SAME DIRECTION,NOT DIVIDED,,STRAIGHT AND LEVEL,WET,NO DEFECTS,NOT ON SCENE (DESK REPORT),NO INJURY / DRIVE AWAY,Y,,,"OVER $1,500",08/19/2025 04:55:00 PM,UNABLE TO DETERMINE,NOT APPLICABLE,3100,S,PULASKI RD,1031,,,,,,,2,NO INDICATION OF INJURY,0,0,0,0,0,2,0,14,3,8,41.836789643,-87.7244954651,POINT (-87.724495465118 41.836789642982)
df98d2df97905fd877e6295617d965e1624f70b17279b4964526b33af21d0cd2368abbf4bb17289cf769886179d2e0c5d2f3b3904a034f918a21942cd16b7285,,08/19/2025 02:26:00 PM,30,NO CONTROLS,NO CONTROLS,CLEAR,DAYLIGHT,REAR END,NOT DIVIDED,,STRAIGHT AND LEVEL,DRY,UNKNOWN,NOT ON SCENE (DESK REPORT),NO INJURY / DRIVE AWAY,,,Y,"OVER $1,500",08/19/2025 02:45:00 PM,FOLLOWING TOO CLOSELY,NOT APPLICABLE,1852,W,MONTEREY AVE,2212,,,,,,,2,NO INDICATION OF INJURY,0,0,0,0,0,4,0,14,3,8,41.6913947101,-87.6683936696,POINT (-87.66839366957 41.691394710107)
cf4bdd14b142406b20e5a3b2466a00be671f768e78e3547fd4ce2b118312e3c24cd39b32c2f9e3bce771132f5234069448132e0f80d31d137f22cb3ad861f540,,08/19/2025 02:25:00 PM,30,TRAFFIC SIGNAL,FUNCTIONING PROPERLY,CLEAR,DAYLIGHT,TURNING,ONE-WAY,,STRAIGHT AND LEVEL,DRY,NO DEFECTS,NOT ON SCENE (DESK REPORT),NO INJURY / DRIVE AWAY,Y,,Y,"OVER $1,500",08/20/2025 01:40:00 PM,IMPROPER TURNING/NO SIGNAL,UNABLE TO DETERMINE,1401,S,LAKE SHORE DR NB,132,,,,,,,2,NO INDICATION OF INJURY,0,0,0,0,0,2,0,14,3,8,41.8641530913,-87.6186602973,POINT (-87.618660297344 41.864153091273)