CRASH_RECORD_ID,CRASH_DATE_EST_I,CRASH_DATE,POSTED_SPEED_LIMIT,TRAFFIC_CONTROL_DEVICE,DEVICE_CONDITION,WEATHER_CONDITION,LIGHTING_CONDITION,FIRST_CRASH_TYPE,TRAFFICWAY_TYPE,LANE_CNT,ALIGNMENT,ROADWAY_SURFACE_COND,ROAD_DEFECT,REPORT_TYPE,CRASH_TYPE,INTERSECTION_RELATED_I,NOT_RIGHT_OF_WAY_I,HIT_AND_RUN_I,DAMAGE,DATE_POLICE_NOTIFIED,PRIM_CONTRIBUTORY_CAUSE,SEC_CONTRIBUTORY_CAUSE,STREET_NO,STREET_DIRECTION,STREET_NAME,BEAT_OF_OCCURRENCE,PHOTOS_TAKEN_I,STATEMENTS_TAKEN_I,DOORING_I,WORK_ZONE_I,WORK_ZONE_TYPE,WORKERS_PRESENT_I,NUM_UNITS,MOST_SEVERE_INJURY,INJURIES_TOTAL,INJURIES_FATAL,INJURIES_INCAPACITATING,INJURIES_NON_INCAPACITATING,INJURIES_REPORTED_NOT_EVIDENT,INJURIES_NO_INDICATION,INJURIES_UNKNOWN,CRASH_HOUR,CRASH_DAY_OF_WEEK,CRASH_MONTH,LATITUDE,LONGITUDE,LOCATION
2e56a2b670c516f91d37d17deedab0d488e3e1ce02affa4d42afed90cac558939789a4e6a4dbc8c956b6dc2b9595413ee00160807ddab7c9d48025e23be7beb0,,08/19/2025 02:24:00 PM,30,UNKNOWN,UNKNOWN,UNKNOWN,DAYLIGHT,SIDESWIPE SAME DIRECTION,FOUR WAY,,STRAIGHT AND LEVEL,UNKNOWN,UNKNOWN,NOT ON SCENE (DESK REPORT),NO INJURY / DRIVE AWAY,,,,"OVER $1,500",08/19/2025 09:00:00 PM,IMPROPER TURNING/NO SIGNAL,NOT APPLICABLE,2401,W,OGDEN AVE,1023,,,,,,,2,NO INDICATION OF INJURY,0,0,0,0,0,2,0,14,3,8,41.8646467296,-87.6860025122,POINT (-87.686002512195 41.864646729616)
6ccd546c6284cb84cf2fa8ad025e4c530b490bf2554f85bc89e80a8d9d85e4c750c3774e58477e370a27abd9cb9ab15005e8363cdb22f336e3b82855b16663cc,,08/19/2025 02:20:00 PM,30,STOP SIGN/FLASHER,FUNCTIONING PROPERLY,CLEAR,DAYLIGHT,PARKED MOTOR VEHICLE,FOUR WAY,,STRAIGHT AND LEVEL,DRY,UNKNOWN,NOT ON SCENE (DESK REPORT),NO INJURY / DRIVE AWAY,,,,"OVER $1,500",08/19/2025 05:10:00 PM,UNABLE TO DETERMINE,NOT APPLICABLE,302,N,WOOD ST,1223,,,,,,,2,NO INDICATION OF INJURY,0,0,0,0,0,1,0,14,3,8,41.8869609414,-87.6720508968,POINT (-87.67205089679 41.886960941377)
2ad38dec4508e6f50266bc4f3f19e629a2ac348351ad6e26c3afcfb8bc76c5a2d7c82ff2dd8b02a945332a78eff252cf4330b8c36a74dbfd453ac2cc45e9ab43,,08/19/2025 02:16:00 PM,30,STOP SIGN/FLASHER,NO CONTROLS,CLEAR,DAWN,SIDESWIPE SAME DIRECTION,NOT DIVIDED,,STRAIGHT AND LEVEL,DRY,UNKNOWN,NOT ON SCENE (DESK REPORT),NO INJURY / DRIVE AWAY,,,,"OVER $1,500",08/19/2025 03:00:00 PM,FAILING TO YIELD RIGHT-OF-WAY,FAILING TO YIELD RIGHT-OF-WAY,1608,S,ASHLAND AVE,1234,,,,,,,2,NO INDICATION OF INJURY,0,0,0,0,0,2,0,14,3,8,41.8593091571,-87.6663381559,POINT (-87.666338155917 41.859309157147)
ed5a248ab04e4040f0d8c4dbcf60a4ddf85f865a16f3c8bbbe8477822a2d226e684d45b31ac3215ebf3abbde425aeffedb41d670df37a7c059306b1db175ff4e,,08/19/2025 02:15:00 PM,30,UNKNOWN,UNKNOWN,CLOUDY/OVERCAST,DAYLIGHT,SIDESWIPE SAME DIRECTION,NOT DIVIDED,,STRAIGHT AND LEVEL,UNKNOWN,UNKNOWN,NOT ON SCENE (DESK REPORT),NO INJURY / DRIVE AWAY,Y,,Y,"OVER $1,500",08/20/2025 03:20:00 PM,UNABLE TO DETERMINE,UNABLE TO DETERMINE,600,N,ORLEANS ST,1831,,,,,,,2,NO INDICATION OF INJURY,0,0,0,0,0,2,0,14,3,8,41.8924106658,-87.63720268,POINT (-87.637202679986 41.892410665824)
c1dcdce4dec8ced7e520e278750075a6c28f63cc8e629d0d7746600947a9f6bdba5294f77a9bcbf5e966f82d0d9d886e66e30c5edae5d1dbd07ac0a405b3ed2e,,08/19/2025 02:05:00 PM,30,NO CONTROLS,NO CONTROLS,CLEAR,DAYLIGHT,TURNING,NOT DIVIDED,,STRAIGHT AND LEVEL,DRY,NO DEFECTS,NOT ON SCENE (DESK REPORT),NO INJURY / DRIVE AWAY,,,,"OVER $1,500",08/19/2025 04:30:00 PM,IMPROPER TURNING/NO SIGNAL,UNABLE TO DETERMINE,636,N,ORLEANS ST,1831,,,,,,,2,NO INDICATION OF INJURY,0,0,0,0,0,2,0,14,3,8,41.8934736071,-87.6372364622,POINT (-87.63723646225 41.893473607144)
cdd81b59e4031f9b52c9013fdf1e2f485841a96f42ddcbe28bfb5622673e278d12b782eaca61eab2b8ee4bc034550261e3541f9f6bcc984293686f248dc1a06b,,08/19/2025 02:01:00 PM,30,NO CONTROLS,NO CONTROLS,CLOUDY/OVERCAST,DAYLIGHT,REAR END,NOT DIVIDED,,STRAIGHT AND LEVEL,WET,NO DEFECTS,ON SCENE,NO INJURY / DRIVE AWAY,,,Y,"OVER $1,500",08/19/2025 02:05:00 PM,FOLLOWING TOO CLOSELY,FOLLOWING TOO CLOSELY,407,N,LARAMIE AVE,1532,,,,,,,2,NO INDICATION OF INJURY,0,0,0,0,0,2,0,14,3,8,41.8880389635,-87.7551991173,POINT (-87.755199117277 41.88803896349)
2cce185170d38a6859173b3ecdd982a7298ee73de26b20aa9426292aa237e996c4776cd255de1ea70db5f17563366075a9e5f280eadcfdeb5d9773740801f0d7,,08/19/2025 02:00:00 PM,35,NO CONTROLS,NO CONTROLS,CLEAR,DAYLIGHT,PARKED MOTOR VEHICLE,NOT DIVIDED,,STRAIGHT AND LEVEL,DRY,NO DEFECTS,NOT ON SCENE (DESK REPORT),NO INJURY / DRIVE AWAY,,,Y,"$501 - $1,500",08/19/2025 04:00:00 PM,UNABLE TO DETERMINE,NOT APPLICABLE,5401,N,NATCHEZ AVE,1613,,,,,,,2,NO INDICATION OF INJURY,0,0,0,0,0,1,0,14,3,8,41.9793498388,-87.7888671865,POINT (-87.788867186506 41.979349838792)
3b87904166c6410413e4d511bb75d835f379691174eeaac696b499bc36b7510ca568c13fe547e42bce6b8bfa906f8be0a65296bacbeb8370e04644ef5060c708,,08/19/2025 02:00:00 PM,15,NO CONTROLS,NO CONTROLS,CLEAR,DAYLIGHT,TURNING,PARKING LOT,,STRAIGHT AND LEVEL,DRY,NO DEFECTS,NOT ON SCENE (DESK REPORT),NO INJURY / DRIVE AWAY,,Y,,"OVER $1,500",08/20/2025 09:15:00 AM,IMPROPER BACKING,NOT APPLICABLE,1919,N,CICERO AVE,2533,,,,,,,2,NO INDICATION OF INJURY,0,0,0,0,0,2,0,14,3,8,41.9157101456,-87.7459077545,POINT (-87.745907754514 41.915710145553)
8cffc26f00e76ea05f634a2da5f10f1183200b2eaaab0bd92fdfe2a7b6bfa4f6315c7ae341c1ee9728475b6da425ee3363306de8f48fade0cc751b5e9ca15e94,,08/19/2025 02:00:00 PM,10,NO CONTROLS,NO CONTROLS,CLEAR,DAYLIGHT,ANGLE,PARKING LOT,,STRAIGHT AND LEVEL,DRY,NO DEFECTS,NOT ON SCENE (DESK REPORT),INJURY AND / OR TOW DUE TO CRASH,,Y,,"OVER $1,500",08/19/2025 05:02:00 PM,FAILING TO YIELD RIGHT-OF-WAY,NOT APPLICABLE,8333,S,CICERO AVE,834,,,,,,,2,NONINCAPACITATING INJURY,1,0,0,1,0,1,0,14,3,8,41.7409110654,-87.7409228594,POINT (-87.740922859385 41.740911065365)
0171dc7c619361c9c7f1d9d56521a849b4d2ef31f9ed7b97cba2d309ebdeed06f8094fe16cf66e2f6e18a76efd60a84f27c6f7915d026b759667597aa6a7d93e,,08/19/2025 01:50:00 PM,30,UNKNOWN,UNKNOWN,UNKNOWN,DAYLIGHT,REAR TO SIDE,DIVIDED - W/MEDIAN (NOT RAISED),,STRAIGHT AND LEVEL,UNKNOWN,UNKNOWN,NOT ON SCENE (DESK REPORT),NO INJURY / DRIVE AWAY,,,,"OVER $1,500",08/19/2025 11:20:00 PM,DRIVING SKILLS/KNOWLEDGE/EXPERIENCE,UNABLE TO DETERMINE,3320,W,FULLERTON AVE,1413,,,,,,,2,NO INDICATION OF INJURY,0,0,0,0,0,2,0,13,3,8,41.9247774193,-87.7116935355,POINT (-87.71169353548 41.924777419322)
c731afb617da21f98dfb07792f69d61aaa6817640d5f75cfc8f2a43a3c4e0200d2956f58f36ca19f7679766ba77ec346c26a4ed14e4a1c16dde51e36db1de01a,,08/19/2025 01:40:00 PM,30,NO CONTROLS,NO CONTROLS,CLEAR,DAYLIGHT,ANGLE,PARKING LOT,,STRAIGHT AND LEVEL,DRY,NO DEFECTS,NOT ON SCENE (DESK REPORT),NO INJURY / DRIVE AWAY,,Y,,"OVER $1,500",08/19/2025 04:01:00 PM,IMPROPER BACKING,NOT APPLICABLE,5601,S,HARLEM AVE,811,,,,,,,2,NO INDICATION OF INJURY,0,0,0,0,0,4,0,13,3,8,41.7900439686,-87.8013003947,POINT (-87.801300394739 41.790043968552)
58ef7be0a5fe8fbdc339c8a6cc78cccb5aff5ae9c890adde90199bcf766ef6511afddce30163107b452ffc9592857a2a664f01ce0e1d1aea43ce4861be63f0df,,08/19/2025 01:38:00 PM,30,NO CONTROLS,NO CONTROLS,CLEAR,DAYLIGHT,ANGLE,DIVIDED - W/MEDIAN (NOT RAISED),,STRAIGHT AND LEVEL,DRY,NO DEFECTS,,NO INJURY / DRIVE AWAY,,,Y,$500 OR LESS,08/19/2025 01:39:00 PM,FAILING TO YIELD RIGHT-OF-WAY,IMPROPER OVERTAKING/PASSING,6830,N,SHERIDAN RD,2431,,,,,,,2,NO INDICATION OF INJURY,0,0,0,0,0,2,0,13,3,8,42.0064964254,-87.6613587918,POINT (-87.661358791829 42.006496425428)
5e6d102d37a91c3bcb444b9d2f428606084eebe48a92b93358d64d3ae23772b50a4063c5ce128d67fbb87bf7292d37660099c163c64be74bed06fbfdc6ce4517,,08/19/2025 01:35:00 PM,30,TRAFFIC SIGNAL,FUNCTIONING PROPERLY,CLEAR,DAYLIGHT,ANGLE,FOUR WAY,,STRAIGHT AND LEVEL,DRY,NO DEFECTS,NOT ON SCENE (DESK REPORT),NO INJURY / DRIVE AWAY,Y,,,"OVER $1,500",08/19/2025 01:47:00 PM,DISREGARDING TRAFFIC SIGNALS,FAILING TO YIELD RIGHT-OF-WAY,6300,S,RACINE AVE,724,,,,,,,2,NO INDICATION OF INJURY,0,0,0,0,0,2,0,13,3,8,41.779516038,-87.6546468737,POINT (-87.654646873699 41.779516037968)
204bd4441ac1ec01a163034fd14a675f409dbd602878c4e35dc2b120b96f6552ed289a59bbd951450b1e4f132eb452c670452c6147d8e29f5f60ec81853270e8,,08/19/2025 01:30:00 PM,30,TRAFFIC SIGNAL,UNKNOWN,UNKNOWN,DAYLIGHT,SIDESWIPE SAME DIRECTION,DIVIDED - W/MEDIAN (NOT RAISED),,STRAIGHT AND LEVEL,UNKNOWN,UNKNOWN,NOT ON SCENE (DESK REPORT),NO INJURY / DRIVE AWAY,Y,,,"$501 - $1,500",08/19/2025 04:00:00 PM,UNABLE TO DETERMINE,NOT APPLICABLE,6759,N,SHERIDAN RD,2432,,,,,,,2,NO INDICATION OF INJURY,0,0,0,0,0,3,0,13,3,8,42.0052619468,-87.6607363436,POINT (-87.660736343637 42.005261946809)
dcf2e861c1b1b283b04b317443b697d2f370d7ccb3c51210b706340af490dd42fd5941e7bf8280eea6e6eb512686e1d2141d8a969fe15b48c765bf11c54bbdcb,,08/19/2025 01:30:00 PM,30,UNKNOWN,UNKNOWN,CLOUDY/OVERCAST,DAYLIGHT,ANGLE,ALLEY,,STRAIGHT AND LEVEL,UNKNOWN,UNKNOWN,NOT ON SCENE (DESK REPORT),NO INJURY / DRIVE AWAY,,,N,"OVER $1,500",08/19/2025 02:40:00 PM,UNABLE TO DETERMINE,UNABLE TO DETERMINE,2000,N,LARRABEE ST,1812,,,,,,,2,NO INDICATION OF INJURY,0,0,0,0,0,2,0,13,3,8,41.9183413796,-87.643816996,POINT (-87.643816996027 41.918341379591)
c43f7226afcfcf85246eeefb8b9ea656fe3b43332853657901958dcbde5e6fd1c2380239624767ddb98deed1d65d795123a4df2567dd62943069c25f54df2860,,08/19/2025 01:20:00 PM,25,TRAFFIC SIGNAL,FUNCTIONING PROPERLY,CLEAR,DAYLIGHT,TURNING,FOUR WAY,,STRAIGHT AND LEVEL,DRY,NO DEFECTS,ON SCENE,INJURY AND / OR TOW DUE TO CRASH,Y,,,"OVER $1,500",08/19/2025 01:20:00 PM,FAILING TO YIELD RIGHT-OF-WAY,NOT APPLICABLE,7465,S,SOUTH SHORE DR,334,,,,,,,2,"REPORTED, NOT EVIDENT",1,0,0,0,1,2,0,13,3,8,41.760914521,-87.557319918,POINT (-87.557319917975 41.760914521002)
4d6f9f199f12c2aac4aa7258dcc3bc9542a7593c133517243c561d06111b0bafa3030d08b05d9f8cff500d537fb81424dc48385f47b281bb235b694f6dcb72b1,,08/19/2025 01:05:00 PM,30,TRAFFIC SIGNAL,FUNCTIONING PROPERLY,CLEAR,DAYLIGHT,SIDESWIPE SAME DIRECTION,FOUR WAY,,STRAIGHT AND LEVEL,DRY,UNKNOWN,ON SCENE,INJURY AND / OR TOW DUE TO CRASH,Y,,Y,"OVER $1,500",08/19/2025 01:30:00 PM,UNABLE TO DETERMINE,UNABLE TO DETERMINE,6400,W,ARCHER AVE,811,,,,,,,2,"REPORTED, NOT EVIDENT",1,0,0,0,1,1,0,13,3,8,41.7924552555,-87.7818768499,POINT (-87.781876849877 41.792455255505)
0d30d6575cb7c9c7aeb8fa16e1822abcab073200d6143630909960d3846bf201fd0b4644a551b5161ed28cf9cc480b248eccdfb7f3f80d925bce6326c7d55e73,Y,08/19/2025 01:03:00 PM,30,TRAFFIC SIGNAL,FUNCTIONING PROPERLY,CLEAR,DAYLIGHT,REAR END,NOT DIVIDED,,STRAIGHT AND LEVEL,DRY,UNKNOWN,ON SCENE,INJURY AND / OR TOW DUE TO CRASH,,N,,"OVER $1,500",08/19/2025 01:07:00 PM,UNABLE TO DETERMINE,NOT APPLICABLE,3353,N,AUSTIN AVE,1633,Y,Y,,,,,3,"REPORTED, NOT EVIDENT",2,0,0,0,2,2,0,13,3,8,41.9418918506,-87.7762011113,POINT (-87.776201111277 41.941891850593)
216acd60149191325197bdfa5494c0315eb8e95822017ca6fe3e7e8970f891cb9527779252958423f785b759aa063fee115cd0e613254576f3bc88c8d31501b7,,08/19/2025 01:00:00 PM,30,NO CONTROLS,NO CONTROLS,CLEAR,DAYLIGHT,SIDESWIPE SAME DIRECTION,DIVIDED - W/MEDIAN BARRIER,,STRAIGHT AND LEVEL,DRY,NO DEFECTS,NOT ON SCENE (DESK REPORT),NO INJURY / DRIVE AWAY,,,,"OVER $1,500",08/19/2025 02:00:00 PM,UNABLE TO DETERMINE,UNDER THE INFLUENCE OF ALCOHOL/DRUGS (USE WHEN ARREST IS EFFECTED),2036,S,MICHIGAN AVE,131,,,,,,,2,NO INDICATION OF INJURY,0,0,0,0,0,2,0,13,3,8,41.8543998916,-87.6240010743,POINT (-87.624001074303 41.854399891558)
cc20d12671a127824174f103700b2e844275fb8ffd28477fd5e9787c1e2863a8e6e0ce1b8827f5445b4e883d23666300a115d89bf238a03576a9cb6d36416fb1,,08/19/2025 01:00:00 PM,10,NO CONTROLS,NO CONTROLS,CLEAR,DAYLIGHT,PARKED MOTOR VEHICLE,PARKING LOT,,STRAIGHT AND LEVEL,DRY,UNKNOWN,NOT ON SCENE (DESK REPORT),NO INJURY / DRIVE AWAY,,Y,,"OVER $1,500",08/19/2025 03:00:00 PM,UNABLE TO DETERMINE,UNABLE TO DETERMINE,2570,S,BLUE ISLAND AVE,1034,,,,,,,2,NO INDICATION OF INJURY,0,0,0,0,0,1,0,13,3,8,41.8454768377,-87.6840650593,POINT (-87.684065059253 41.845476837655)
eb75a3a76c28af0abf46f6067873ffc1d05c43afe6153360dd506ce2365dd89808758059f1566acd3bf7d7841451a5142c9f39cf02438c35a2d1724045bead5c,,08/19/2025 01:00:00 PM,30,YIELD,FUNCTIONING PROPERLY,CLEAR,DAYLIGHT,TURNING,NOT DIVIDED,,STRAIGHT AND LEVEL,DRY,NO DEFECTS,ON SCENE,INJURY AND / OR TOW DUE TO CRASH,Y,,Y,"OVER $1,500",08/19/2025 01:11:00 PM,FAILING TO YIELD RIGHT-OF-WAY,NOT APPLICABLE,2035,W,79TH ST,611,Y,,,N,,,2,"REPORTED, NOT EVIDENT",1,0,0,0,1,2,0,13,3,8,41.7501056764,-87.6745700074,POINT (-87.674570007407 41.750105676365)
f567efa7eb96ca142d7bd1bfba8ba2bb3794dc1c298eb4e580e7c7b23f1e3f96a2dd62e895db0284a4ca78b40fbd05085bc972b16de02e08af39c56e8fcb7465,,08/19/2025 12:58:00 PM,30,STOP SIGN/FLASHER,FUNCTIONING PROPERLY,CLEAR,DAYLIGHT,ANGLE,FOUR WAY,,STRAIGHT AND LEVEL,DRY,NO DEFECTS,ON SCENE,NO INJURY / DRIVE AWAY,,,,"OVER $1,500",08/19/2025 01:07:00 PM,FAILING TO YIELD RIGHT-OF-WAY,UNABLE TO DETERMINE,7399,W,IRVING PARK RD,1631,,,,,,,2,NO INDICATION OF INJURY,0,0,0,0,0,2,0,12,3,8,41.95254355,-87.8121574956,POINT (-87.812157495595 41.952543550011)
1f5cf7673fb00f737a2476c1709968af843aa377c69e50c4d1e494418599bb117592360f7a14c89937a35c5d90bbc5843d33b053ea1fe91974f0fed8b206b6e6,,08/19/2025 12:50:00 PM,30,NO CONTROLS,NO CONTROLS,CLEAR,DAYLIGHT,TURNING,NOT DIVIDED,,STRAIGHT AND LEVEL,DRY,NO DEFECTS,NOT ON SCENE (DESK REPORT),NO INJURY / DRIVE AWAY,,,,"OVER $1,500",08/19/2025 08:19:00 PM,IMPROPER TURNING/NO SIGNAL,NOT APPLICABLE,4110,W,CHICAGO AVE,1111,,,,,,,2,NO INDICATION OF INJURY,0,0,0,0,0,2,0,12,3,8,41.8954228857,-87.729076769,POINT (-87.729076768967 41.895422885733)
1fcd911a15d4c602c96cd8902086801107aee046d519998b6f96e5014436cdb88d563c4ae7d51022283dc50fcd464f000a771bdddbb4177500b1dee211193122,,08/19/2025 12:50:00 PM,30,TRAFFIC SIGNAL,FUNCTIONING PROPERLY,CLEAR,DAYLIGHT,REAR END,DIVIDED - W/MEDIAN (NOT RAISED),,STRAIGHT AND LEVEL,DRY,UNKNOWN,NOT ON SCENE (DESK REPORT),INJURY AND / OR TOW DUE TO CRASH,,,,"OVER $1,500",08/19/2025 01:30:00 PM,FOLLOWING TOO CLOSELY,NOT APPLICABLE,897,N,SACRAMENTO BLVD,1211,,,,,,,2,"REPORTED, NOT EVIDENT",1,0,0,0,1,1,0,12,3,8,41.8983075898,-87.702294353,POINT (-87.702294352966 41.898307589835)
971ca07708736c70ea2790e9900c291501a147c5c5e3504e675f429f2774a85e2bccbb5f9700fbf5488754c9c67c7467065f919e256a625a6640860eda8cfa2c,,08/19/2025 12:50:00 PM,30,UNKNOWN,UNKNOWN,CLEAR,DAYLIGHT,PARKED MOTOR VEHICLE,NOT DIVIDED,,STRAIGHT AND LEVEL,DRY,UNKNOWN,NOT ON SCENE (DESK REPORT),NO INJURY / DRIVE AWAY,,,,$500 OR LESS,08/19/2025 02:51:00 PM,NOT APPLICABLE,NOT APPLICABLE,5730,S,DREXEL AVE,235,,,,,,,2,NO INDICATION OF INJURY,0,0,0,0,0,1,0,12,3,8,41.7904229345,-87.6038710576,POINT (-87.603871057564 41.790422934492)
ce13dcc9c933e299b503d0422037533eeb5e88957df08ec9dc555adcb65c43689532762966c4db4e956707595cfe2980af61d0f08bea44b77db6fe2c4b604116,,08/19/2025 12:50:00 PM,15,NO CONTROLS,NO CONTROLS,CLOUDY/OVERCAST,DAYLIGHT,PARKED MOTOR VEHICLE,ONE-WAY,,STRAIGHT AND LEVEL,DRY,NO DEFECTS,NOT ON SCENE (DESK REPORT),NO INJURY / DRIVE AWAY,,,Y,"OVER $1,500",08/19/2025 02:00:00 PM,UNABLE TO DETERMINE,UNABLE TO DETERMINE,2313,S,CHRISTIANA AVE,1024,,,,,,,2,NO INDICATION OF INJURY,0,0,0,0,0,1,0,12,3,8,41.8494795377,-87.708695315,POINT (-87.708695315048 41.849479537727)
8bd1729ea5edb89b6a4dca3ec386e3a323e4a9a9d1c05d0dd50ba094157d36273c976b6d269e5e7e8eb7db917ceb729e666be7643851415475462046841152f3,,08/19/2025 12:47:00 PM,35,NO CONTROLS,NO CONTROLS,CLOUDY/OVERCAST,DAYLIGHT,PEDESTRIAN,NOT DIVIDED,,STRAIGHT AND LEVEL,DRY,NO DEFECTS,ON SCENE,INJURY AND / OR TOW DUE TO CRASH,,,Y,$500 OR LESS,08/19/2025 12:47:00 PM,NOT APPLICABLE,NOT APPLICABLE,7701,S,SOUTH SHORE DR,421,,,,,,,2,NONINCAPACITATING INJURY,1,0,0,1,0,1,0,12,3,8,41.757053208,-87.5533067826,POINT (-87.553306782622 41.757053208029)
0777e6634807bbff2b048146fc4ec5fea844f5c82faf0d26d3244b0bdde47f31c9c369f76d4b30d26614cc731f541aabc91e6341a4f02c8db03f93af08351415,,08/19/2025 12:30:00 PM,30,TRAFFIC SIGNAL,FUNCTIONING PROPERLY,CLEAR,DAYLIGHT,TURNING,NOT DIVIDED,,STRAIGHT AND LEVEL,DRY,NO DEFECTS,ON SCENE,NO INJURY / DRIVE AWAY,,,,"OVER $1,500",08/19/2025 01:00:00 PM,DRIVING SKILLS/KNOWLEDGE/EXPERIENCE,NOT APPLICABLE,3601,E,100TH ST,432,,,,,,,2,NO INDICATION OF INJURY,0,0,0,0,0,2,0,12,3,8,41.7137738712,-87.5364658552,POINT (-87.536465855199 41.71377387125)
420e248a2f7cfb998d269f171937497878119ae7d2d3084458b6753f99f5b2a220397b63624b4358bd6674b738e5feb6403d514dcdb74bcfc32967e93fb50325,,08/19/2025 12:30:00 PM,30,NO CONTROLS,NO CONTROLS,CLEAR,DAYLIGHT,PARKED MOTOR VEHICLE,NOT DIVIDED,,STRAIGHT AND LEVEL,DRY,NO DEFECTS,NOT ON SCENE (DESK REPORT),NO INJURY / DRIVE AWAY,,,Y,"$501 - $1,500",08/20/2025 10:10:00 AM,UNABLE TO DETERMINE,NOT APPLICABLE,4897,N,ASHLAND AVE,2032,,,,,,,2,NO INDICATION OF INJURY,0,0,0,0,0,1,0,12,3,8,41.9716520367,-87.6693664072,POINT (-87.669366407176 41.971652036749)
595b633104d51bdb99e4249676367f33920161ef4f22631099c761562c4efa5b30c6da5ee0170bf0460c79c1b8a0b502502c7caf82f623ff3cf2b5a788d4363a,,08/19/2025 12:30:00 PM,30,UNKNOWN,UNKNOWN,CLEAR,DAYLIGHT,TURNING,NOT DIVIDED,,STRAIGHT AND LEVEL,UNKNOWN,UNKNOWN,NOT ON SCENE (DESK REPORT),NO INJURY / DRIVE AWAY,,,Y,"OVER $1,500",08/19/2025 04:40:00 PM,UNABLE TO DETERMINE,UNABLE TO DETERMINE,7347,W,IRVING PARK RD,1631,,,,,,,2,NO INDICATION OF INJURY,0,0,0,0,0,2,0,12,3,8,41.9525479716,-87.8119974105,POINT (-87.811997410514 41.952547971632)
cf4b156e4e6883ffdabb33fd9e45da083e2fa30ff67d84f836e18ff1974da144b643904de11aea331965d866e90539651d966a39e1e5a31cf0202ef995ceae79,,08/19/2025 12:30:00 PM,25,STOP SIGN/FLASHER,FUNCTIONING PROPERLY,CLEAR,DAYLIGHT,SIDESWIPE SAME DIRECTION,NOT DIVIDED,,STRAIGHT AND LEVEL,DRY,NO DEFECTS,ON SCENE,NO INJURY / DRIVE AWAY,Y,,,"OVER $1,500",08/19/2025 12:36:00 PM,UNABLE TO DETERMINE,NOT APPLICABLE,4800,W,FULTON ST,1532,,,,,,,2,NO INDICATION OF INJURY,0,0,0,0,0,2,0,12,3,8,41.8858515589,-87.7455325262,POINT (-87.745532526178 41.885851558869)
e70dc843563ab9577ce8c9b21e908657d0e722a1227c0763a84aa1a9976a677db35c8c2f97c30d45011da89d16f47a40700823e5ccbb8eb80df6bf49bf5499e6,,08/19/2025 12:30:00 PM,30,NO CONTROLS,NO CONTROLS,CLEAR,DAYLIGHT,ANGLE,PARKING LOT,,STRAIGHT AND LEVEL,DRY,UNKNOWN,NOT ON SCENE (DESK REPORT),NO INJURY / DRIVE AWAY,,,,"OVER $1,500",08/19/2025 01:25:00 PM,DRIVING SKILLS/KNOWLEDGE/EXPERIENCE,UNABLE TO DETERMINE,4710,S,ARCHER AVE,821,,,,,,,2,NO INDICATION OF INJURY,0,0,0,0,0,2,0,12,3,8,41.8080130052,-87.7143796234,POINT (-87.714379623416 41.808013005188)
b012ba26d1feb0019fb2620c82ec0d3f45408b65ef97815740f6ecff065bd25c0e014bc8ff8c339df377d586a10373f4394912906051dce216713036b56acd76,,08/19/2025 12:20:00 PM,30,UNKNOWN,UNKNOWN,CLOUDY/OVERCAST,DAYLIGHT,SIDESWIPE SAME DIRECTION,NOT DIVIDED,,STRAIGHT AND LEVEL,UNKNOWN,UNKNOWN,NOT ON SCENE (DESK REPORT),NO INJURY / DRIVE AWAY,,,,"OVER $1,500",08/19/2025 05:20:00 PM,UNABLE TO DETERMINE,UNABLE TO DETERMINE,1704,N,MILWAUKEE AVE,1434,,,,,,,2,NO INDICATION OF INJURY,0,0,0,0,0,2,0,12,3,8,41.9122732164,-87.6806240106,POINT (-87.680624010582 41.912273216356)
11eb35cd0b93f9ec12a571416a66d32ec89083283f1bef267c339a6ac8d8b58d89a27a00efb1f571fafdcbc6c712e901cc1ce30a56dcec63f4b2f7862c17edc2,,08/19/2025 12:17:00 PM,30,NO CONTROLS,NO CONTROLS,CLEAR,DAYLIGHT,FIXED OBJECT,OTHER,,STRAIGHT AND LEVEL,DRY,NO DEFECTS,ON SCENE,INJURY AND / OR TOW DUE TO CRASH,,Y,,"OVER $1,500",08/19/2025 12:19:00 PM,DRIVING SKILLS/KNOWLEDGE/EXPERIENCE,NOT APPLICABLE,6,W,59TH ST,232,,,,,,,5,NONINCAPACITATING INJURY,4,0,0,4,0,2,0,12,3,8,41.7874672902,-87.625766545,POINT (-87.625766545007 41.7874672902)
e351d94df9bceee52aa3e4ee4e763bd05e703875d12b743e236f951d7a9f4f3c3317b513a71c6317664b97495179731739c75e8929dcffd7faf3176e6b421fca,,08/19/2025 12:10:00 PM,10,NO CONTROLS,NO CONTROLS,CLEAR,DAYLIGHT,PARKED MOTOR VEHICLE,PARKING LOT,,STRAIGHT AND LEVEL,DRY,NO DEFECTS,NOT ON SCENE (DESK REPORT),NO INJURY / DRIVE AWAY,,,,"OVER $1,500",08/19/2025 12:30:00 PM,FOLLOWING TOO CLOSELY,NOT APPLICABLE,3838,W,111TH ST,2211,,,,,,,2,NO INDICATION OF INJURY,0,0,0,0,0,1,0,12,3,8,41.6914250398,-87.7170691749,POINT (-87.717069174912 41.691425039764)