CRASH_RECORD_ID,CRASH_DATE_EST_I,CRASH_DATE,POSTED_SPEED_LIMIT,TRAFFIC_CONTROL_DEVICE,DEVICE_CONDITION,WEATHER_CONDITION,LIGHTING_CONDITION,FIRST_CRASH_TYPE,TRAFFICWAY_TYPE,LANE_CNT,ALIGNMENT,ROADWAY_SURFACE_COND,ROAD_DEFECT,REPORT_TYPE,CRASH_TYPE,INTERSECTION_RELATED_I,NOT_RIGHT_OF_WAY_I,HIT_AND_RUN_I,DAMAGE,DATE_POLICE_NOTIFIED,PRIM_CONTRIBUTORY_CAUSE,SEC_CONTRIBUTORY_CAUSE,STREET_NO,STREET_DIRECTION,STREET_NAME,BEAT_OF_OCCURRENCE,PHOTOS_TAKEN_I,STATEMENTS_TAKEN_I,DOORING_I,WORK_ZONE_I,WORK_ZONE_TYPE,WORKERS_PRESENT_I,NUM_UNITS,MOST_SEVERE_INJURY,INJURIES_TOTAL,INJURIES_FATAL,INJURIES_INCAPACITATING,INJURIES_NON_INCAPACITATING,INJURIES_REPORTED_NOT_EVIDENT,INJURIES_NO_INDICATION,INJURIES_UNKNOWN,CRASH_HOUR,CRASH_DAY_OF_WEEK,CRASH_MONTH,LATITUDE,LONGITUDE,LOCATION
b19ed770b08d062565b3493a88dccca976d3fc01b0747d1e74dbea5e445ccde0df16d4ece2d9fcf3ca3de89460a6853453810c17ccde52b65927273ab60c62e2,,08/19/2025 12:09:00 PM,30,NO CONTROLS,NO CONTROLS,CLEAR,DAYLIGHT,REAR END,OTHER,,STRAIGHT AND LEVEL,DRY,NO DEFECTS,ON SCENE,NO INJURY / DRIVE AWAY,,N,,"$501 - $1,500",08/19/2025 12:09:00 PM,UNABLE TO DETERMINE,UNABLE TO DETERMINE,13535,S,TORRENCE AVE,433,,,,,,,2,NO INDICATION OF INJURY,0,0,0,0,0,2,0,12,3,8,41.6490075385,-87.5591646271,POINT (-87.559164627093 41.649007538483)
560a8c0fc5fc9440160ed888cca12c215fcd8ac093cfd7f659a1d47117377436e6cf45bae4a1bf36cce835aee661c471c911350f6dcd0ea62694bdf35b5e1e09,,08/19/2025 12:08:00 PM,0,NO CONTROLS,NO CONTROLS,CLEAR,DAYLIGHT,REAR TO SIDE,PARKING LOT,,STRAIGHT AND LEVEL,DRY,NO DEFECTS,NOT ON SCENE (DESK REPORT),NO INJURY / DRIVE AWAY,,Y,,"OVER $1,500",08/19/2025 12:30:00 PM,IMPROPER BACKING,UNABLE TO DETERMINE,4710,S,ARCHER AVE,821,,,,,,,2,NO INDICATION OF INJURY,0,0,0,0,0,2,0,12,3,8,41.8080130052,-87.7143796234,POINT (-87.714379623416 41.808013005188)
0494aea7ac906c4dd9129acc1290eb4281fa20c4a8be602ed303cf22418e7347c3b35ff034e584fad97085f62b78847e066ce6fe8782e09e41a8ad91c7d7830c,,08/19/2025 12:05:00 PM,30,STOP SIGN/FLASHER,FUNCTIONING PROPERLY,CLOUDY/OVERCAST,DAYLIGHT,TURNING,T-INTERSECTION,,STRAIGHT AND LEVEL,DRY,NO DEFECTS,ON SCENE,NO INJURY / DRIVE AWAY,,Y,,"$501 - $1,500",08/19/2025 12:18:00 PM,UNABLE TO DETERMINE,UNABLE TO DETERMINE,1910,W,FULLERTON AVE,1432,,,,,,,2,NO INDICATION OF INJURY,0,0,0,0,0,2,0,12,3,8,41.9251564407,-87.676293521,POINT (-87.676293521004 41.925156440725)
3213ceb127570eea59fd4e02fe53de53bd9950af6f66532892ca10e5397c32605a39fe151c466b417d9b32471ed3830659ef0747e8f4cc0fee61cea11be37c84,,08/19/2025 12:00:00 PM,30,TRAFFIC SIGNAL,FUNCTIONING PROPERLY,CLEAR,DAYLIGHT,TURNING,FOUR WAY,,STRAIGHT AND LEVEL,DRY,NO DEFECTS,NOT ON SCENE (DESK REPORT),NO INJURY / DRIVE AWAY,Y,,Y,"$501 - $1,500",08/19/2025 02:50:00 PM,TURNING RIGHT ON RED,UNABLE TO DETERMINE,559,S,SACRAMENTO BLVD,1135,,,,,,,2,NO INDICATION OF INJURY,0,0,0,0,0,2,0,12,3,8,41.8737800962,-87.7008672386,POINT (-87.700867238592 41.873780096215)
91dcee81d01f6102be4ac26886a5edf6d08868d9b290d58f47b992776bf3d572dfc40a11e356e12e9411fbbec73d03492b658a32203bea8082d7ee36c3087cdf,,08/19/2025 12:00:00 PM,10,NO CONTROLS,NO CONTROLS,CLOUDY/OVERCAST,DAYLIGHT,REAR TO SIDE,PARKING LOT,,STRAIGHT AND LEVEL,DRY,NO DEFECTS,NOT ON SCENE (DESK REPORT),NO INJURY / DRIVE AWAY,,,,"OVER $1,500",08/19/2025 12:31:00 PM,FAILING TO YIELD RIGHT-OF-WAY,NOT APPLICABLE,2310,W,95TH ST,2221,,,,,,,2,NO INDICATION OF INJURY,0,0,0,0,0,3,0,12,3,8,41.7210779703,-87.6801431098,POINT (-87.680143109838 41.721077970289)
a0c7285aa02f8fe5988bef2421ef79ac99acde223a3f2410329d81eef118d31f33ce5d2523b5f0134ecaec06126efbc9728ab18cb8b6c14977d80adfe816b77e,,08/19/2025 12:00:00 PM,30,NO CONTROLS,NO CONTROLS,CLEAR,DAYLIGHT,SIDESWIPE SAME DIRECTION,NOT DIVIDED,,STRAIGHT AND LEVEL,UNKNOWN,UNKNOWN,NOT ON SCENE (DESK REPORT),NO INJURY / DRIVE AWAY,,,,"OVER $1,500",08/20/2025 11:09:00 AM,FAILING TO YIELD RIGHT-OF-WAY,DRIVING SKILLS/KNOWLEDGE/EXPERIENCE,4700,N,WESTERN AVE,1911,,,,,,,2,NO INDICATION OF INJURY,0,0,0,0,0,2,0,12,3,8,41.966848451,-87.6889984037,POINT (-87.688998403679 41.966848450952)
ce225b6a37c5152253af51788e786fef278901386b9552af63d7c8aa29987424757df4793ab458d1a05e0d636f09a7f75da5d1224ef9445ebb5ac5215d16c7e8,,08/19/2025 12:00:00 PM,5,NO CONTROLS,NO CONTROLS,CLEAR,DAYLIGHT,REAR END,PARKING LOT,,STRAIGHT AND LEVEL,UNKNOWN,UNKNOWN,ON SCENE,NO INJURY / DRIVE AWAY,,,Y,"OVER $1,500",08/19/2025 12:42:00 PM,IMPROPER BACKING,DRIVING SKILLS/KNOWLEDGE/EXPERIENCE,2315,W,OGDEN AVE,1233,,,,,,,2,NO INDICATION OF INJURY,0,0,0,0,0,2,0,12,3,8,41.8661911527,-87.6840609635,POINT (-87.684060963465 41.866191152721)
e9cbaef7ab1345ad38412aeda981dca0fc8ce0752b66bb397a03adbf85a64b2da0259704f2e50d143e165e2a15552a939c26478b4e9b7d07015d04e9ad302c2d,Y,08/19/2025 12:00:00 PM,25,NO CONTROLS,NO CONTROLS,UNKNOWN,UNKNOWN,PARKED MOTOR VEHICLE,ONE-WAY,,STRAIGHT AND LEVEL,UNKNOWN,UNKNOWN,NOT ON SCENE (DESK REPORT),NO INJURY / DRIVE AWAY,,,Y,"OVER $1,500",08/30/2025 10:20:00 AM,UNABLE TO DETERMINE,NOT APPLICABLE,3035,W,ROSEMONT AVE,2413,,,,,,,2,NO INDICATION OF INJURY,0,0,0,0,0,1,0,12,3,8,41.9955685289,-87.7057885367,POINT (-87.705788536676 41.995568528874)
6eb0823c8ec017b61523b060ff677f26adaeac1e3539cb3c1adc60ff028c517973b67adcdbd2cbb84e4b783e422f0180c307ebb64a3d87c1d74ef987a5316588,,08/19/2025 11:45:00 AM,30,STOP SIGN/FLASHER,FUNCTIONING PROPERLY,CLOUDY/OVERCAST,DAYLIGHT,TURNING,DIVIDED - W/MEDIAN (NOT RAISED),,STRAIGHT AND LEVEL,DRY,NO DEFECTS,NOT ON SCENE (DESK REPORT),NO INJURY / DRIVE AWAY,,,,"OVER $1,500",08/19/2025 03:20:00 PM,FAILING TO YIELD RIGHT-OF-WAY,NOT APPLICABLE,8583,S,SOUTH CHICAGO AVE,412,,,,,,,3,NO INDICATION OF INJURY,0,0,0,0,0,3,0,11,3,8,41.7390736003,-87.5680960218,POINT (-87.568096021791 41.739073600285)
ce2468ac36bdc778325f7ef73ead739930ebae72a959cda080a80d31eddef36e495e570390859fe81e580171f9d309ae29520e9c528c1c01b81f7c33dec121c0,,08/19/2025 11:44:00 AM,30,YIELD,FUNCTIONING PROPERLY,CLEAR,DAYLIGHT,REAR END,NOT DIVIDED,,STRAIGHT AND LEVEL,DRY,NO DEFECTS,NOT ON SCENE (DESK REPORT),NO INJURY / DRIVE AWAY,,,,"OVER $1,500",08/19/2025 11:54:00 AM,UNABLE TO DETERMINE,NOT APPLICABLE,3014,S,ARCHER AVE,913,,,,,,,2,NO INDICATION OF INJURY,0,0,0,0,0,2,0,11,3,8,41.8398865763,-87.6618748762,POINT (-87.661874876234 41.839886576341)
5cbe5e81ed520095a06e3ed735fd4f6946412175424f783e98533e4c620d9350301a590bbafd3444e8f289eba8443afbdab2edd647543ab20b9789b61e063604,,08/19/2025 11:40:00 AM,30,NO CONTROLS,NO CONTROLS,CLEAR,DAYLIGHT,SIDESWIPE SAME DIRECTION,DIVIDED - W/MEDIAN (NOT RAISED),,STRAIGHT AND LEVEL,DRY,NO DEFECTS,NOT ON SCENE (DESK REPORT),NO INJURY / DRIVE AWAY,,,,"OVER $1,500",08/19/2025 12:20:00 PM,UNABLE TO DETERMINE,UNABLE TO DETERMINE,4404,N,CICERO AVE,1623,,,,,,,2,NO INDICATION OF INJURY,0,0,0,0,0,2,0,11,3,8,41.9608987145,-87.7476999146,POINT (-87.747699914564 41.96089871454)
82cb198d8903d78bf0baa3c531701941bb5d67e523166d37ee003240e8bb9a839d52a5b8e28d2bf39c177e81e4e1d7f2255dcfa66ea086c9f188acf1dca146e0,,08/19/2025 11:40:00 AM,30,NO CONTROLS,NO CONTROLS,CLEAR,DAYLIGHT,PARKED MOTOR VEHICLE,NOT DIVIDED,,STRAIGHT AND LEVEL,DRY,NO DEFECTS,ON SCENE,INJURY AND / OR TOW DUE TO CRASH,,,,"OVER $1,500",08/19/2025 11:47:00 AM,UNABLE TO DETERMINE,UNABLE TO DETERMINE,6155,W,63RD ST,812,,,,,,,2,NO INDICATION OF INJURY,0,0,0,0,0,2,0,11,3,8,41.7776624885,-87.7761589098,POINT (-87.776158909813 41.777662488523)
cb2ee9f5da1a36b295f6913a022adca43a8c10cb99e3d243b0a84f325400123afee5a697708d7813f72260aa4213fd651a171fc29d226a5253ec723229069033,,08/19/2025 11:40:00 AM,15,NO CONTROLS,NO CONTROLS,CLEAR,DAYLIGHT,REAR TO SIDE,PARKING LOT,,STRAIGHT AND LEVEL,DRY,NO DEFECTS,NOT ON SCENE (DESK REPORT),NO INJURY / DRIVE AWAY,,Y,,"OVER $1,500",08/20/2025 12:15:00 PM,UNABLE TO DETERMINE,UNABLE TO DETERMINE,1737,W,FULLERTON AVE,1811,,,,,,,2,NO INDICATION OF INJURY,0,0,0,0,0,2,0,11,3,8,41.9249893916,-87.6721516741,POINT (-87.672151674122 41.924989391606)
7ed97bd7453926a1b17ca16cd479dd80437d64adba8934c0bfba14e43c9129579e2f1a11ce56f0bca133bf81f8bed97f2b969b0f4031dc5e41043ecca9bc5cb1,,08/19/2025 11:36:00 AM,30,NO CONTROLS,NO CONTROLS,CLEAR,DAYLIGHT,REAR END,NOT DIVIDED,,STRAIGHT AND LEVEL,DRY,NO DEFECTS,ON SCENE,INJURY AND / OR TOW DUE TO CRASH,,,,"OVER $1,500",08/19/2025 11:40:00 AM,FOLLOWING TOO CLOSELY,UNABLE TO DETERMINE,5004,N,EAST RIVER RD,1614,,,,,,,2,INCAPACITATING INJURY,2,0,1,1,0,1,0,11,3,8,41.9707274703,-87.8466892023,POINT (-87.846689202345 41.970727470269)
719eb6daea5c5240317d3d9c478ce1afbc783e0ccf916737a6ab3636636d150d93e76698c41a2880a00bb41de4824a9bd94815ab8ca638ec2436b3bcb035b3b1,,08/19/2025 11:35:00 AM,30,STOP SIGN/FLASHER,FUNCTIONING PROPERLY,CLEAR,DAYLIGHT,ANGLE,FOUR WAY,,STRAIGHT AND LEVEL,DRY,NO DEFECTS,ON SCENE,INJURY AND / OR TOW DUE TO CRASH,Y,,,"OVER $1,500",08/19/2025 11:36:00 AM,FAILING TO YIELD RIGHT-OF-WAY,"VISION OBSCURED (SIGNS, TREE LIMBS, BUILDINGS, ETC.)",4501,W,AUGUSTA BLVD,1111,,,,,,,2,NO INDICATION OF INJURY,0,0,0,0,0,2,0,11,3,8,41.8987089033,-87.7385672717,POINT (-87.738567271721 41.898708903297)
c4174de818bd97a174c69f086e88f0987b7df9c7ba1c9d0011cafeb1b28001098be16a3dff18c91201d505faf66cd9605d1f54281f07081656693c5c109b9dda,,08/19/2025 11:35:00 AM,15,NO CONTROLS,NO CONTROLS,CLOUDY/OVERCAST,DAYLIGHT,PARKED MOTOR VEHICLE,NOT DIVIDED,,STRAIGHT AND LEVEL,DRY,NO DEFECTS,NOT ON SCENE (DESK REPORT),NO INJURY / DRIVE AWAY,,,,"OVER $1,500",08/19/2025 07:00:00 PM,IMPROPER TURNING/NO SIGNAL,UNABLE TO DETERMINE,2644,W,15TH PL,1023,,,,,,,2,NO INDICATION OF INJURY,0,0,0,0,0,1,0,11,3,8,41.860285493,-87.6925802559,POINT (-87.692580255878 41.860285492963)
32515a7c1ff36b3fb5697fd1c0b3ae7051a527173a0eedfb5285940c84c56d617421a1476dfa975dccfce52a14ef90593b23fc8773ddf2f7b91efeaeb6a56bc6,,08/19/2025 11:20:00 AM,10,NO CONTROLS,NO CONTROLS,CLEAR,DAYLIGHT,PARKED MOTOR VEHICLE,PARKING LOT,,STRAIGHT AND LEVEL,DRY,NO DEFECTS,NOT ON SCENE (DESK REPORT),NO INJURY / DRIVE AWAY,,Y,Y,"$501 - $1,500",08/25/2025 09:30:00 AM,NOT APPLICABLE,NOT APPLICABLE,7410,N,HOYNE AVE,2424,,,,,,,2,NO INDICATION OF INJURY,0,0,0,0,0,1,0,11,3,8,42.016278994,-87.6831541691,POINT (-87.683154169085 42.016278994037)
a6223b3ddf0d3e7836ef8490b0ca3b0d1c9ba7ce6093d5ecf1891afdd62f220da951b1052f01a56f93625009809c70e642c709888d1d090a6e680e8aa6104322,,08/19/2025 11:20:00 AM,15,NO CONTROLS,NO CONTROLS,CLEAR,DAYLIGHT,SIDESWIPE SAME DIRECTION,PARKING LOT,,STRAIGHT AND LEVEL,UNKNOWN,UNKNOWN,NOT ON SCENE (DESK REPORT),NO INJURY / DRIVE AWAY,,,,$500 OR LESS,08/19/2025 12:14:00 PM,UNABLE TO DETERMINE,UNABLE TO DETERMINE,6211,N,LINCOLN AVE,1711,,,,,,,2,NO INDICATION OF INJURY,0,0,0,0,0,2,0,11,3,8,41.9948170432,-87.7143427683,POINT (-87.714342768281 41.994817043186)
e6dd9759f48c6d96b0318586611472a999eb6fefac45d5bb8878fabfaebfca42ba5e6aad3394b51b4ecc39bb93b4f6d18461dc3dc9ab75094f21000bb277cd07,,08/19/2025 11:20:00 AM,30,NO CONTROLS,NO CONTROLS,CLEAR,DAYLIGHT,SIDESWIPE OPPOSITE DIRECTION,NOT DIVIDED,,STRAIGHT AND LEVEL,DRY,NO DEFECTS,ON SCENE,NO INJURY / DRIVE AWAY,,,,"OVER $1,500",08/19/2025 12:14:00 PM,IMPROPER LANE USAGE,DRIVING SKILLS/KNOWLEDGE/EXPERIENCE,916,W,21ST ST,1235,,,,,,,2,NO INDICATION OF INJURY,0,0,0,0,0,2,0,11,3,8,41.8540268742,-87.6489078652,POINT (-87.648907865155 41.854026874233)
b85b7fe14f4389e5fe8666f062410294325adc18919373fd25dfac1e2f9b2a4f524424f852e89e819902b9510ea4357dab2a68659082610944961f39b5c69172,,08/19/2025 11:14:00 AM,30,TRAFFIC SIGNAL,FUNCTIONING PROPERLY,CLEAR,DAYLIGHT,TURNING,FOUR WAY,,STRAIGHT AND LEVEL,DRY,NO DEFECTS,ON SCENE,NO INJURY / DRIVE AWAY,Y,,,"OVER $1,500",08/19/2025 11:20:00 AM,UNABLE TO DETERMINE,UNABLE TO DETERMINE,7855,S,KEDZIE AVE,835,,,,,,,2,NO INDICATION OF INJURY,0,0,0,0,0,3,0,11,3,8,41.75000301,-87.7022538906,POINT (-87.702253890555 41.750003009996)
499447f95a9dae3b8c30b0e2db21d847b5c7637d5d42fafea8a266cf67e181d11d67431ca0217eb41d66ae674d66129f54c779757e6f266a446cb9abc70d5a42,,08/19/2025 11:09:00 AM,35,NO CONTROLS,NO CONTROLS,CLEAR,DAYLIGHT,FIXED OBJECT,ALLEY,,STRAIGHT AND LEVEL,DRY,NO DEFECTS,NOT ON SCENE (DESK REPORT),NO INJURY / DRIVE AWAY,,,,"OVER $1,500",08/19/2025 01:20:00 PM,UNABLE TO DETERMINE,UNABLE TO DETERMINE,8700,S,VINCENNES AVE,2222,,,,,,,1,NO INDICATION OF INJURY,0,0,0,0,0,1,0,11,3,8,41.7360065646,-87.645341819,POINT (-87.64534181898 41.736006564585)
ab39720a3f252f52556f8e44b6e4d6ababa2ff979e6fc6813ec15210ad36ac5f497ec11d3685e1efefc28c317f9f8b7abeff90d430f3cf393443517ffb350e7d,,08/19/2025 11:00:00 AM,30,NO CONTROLS,NO CONTROLS,CLEAR,DAYLIGHT,REAR TO REAR,PARKING LOT,,STRAIGHT AND LEVEL,DRY,NO DEFECTS,NOT ON SCENE (DESK REPORT),NO INJURY / DRIVE AWAY,,,,"OVER $1,500",08/19/2025 12:10:00 PM,UNABLE TO DETERMINE,NOT APPLICABLE,1641,W,HARRISON ST,1231,,,,,,,2,NO INDICATION OF INJURY,0,0,0,0,0,2,0,11,3,8,41.8740601078,-87.6683847406,POINT (-87.668384740591 41.874060107846)
f7339b2cbb5e60c4aa968e1cef3bf028251308194c9681f5239d2f44be2b7f043ac257c5083ecd654ce66db5b21b741a84135d49e76e03e60c5dfc114c0547eb,,08/19/2025 11:00:00 AM,30,UNKNOWN,UNKNOWN,CLOUDY/OVERCAST,DAYLIGHT,PARKED MOTOR VEHICLE,NOT DIVIDED,,STRAIGHT AND LEVEL,UNKNOWN,UNKNOWN,NOT ON SCENE (DESK REPORT),NO INJURY / DRIVE AWAY,,,,"OVER $1,500",08/19/2025 01:20:00 PM,UNABLE TO DETERMINE,UNABLE TO DETERMINE,225,E,CHICAGO AVE,1833,,,,,,,2,NO INDICATION OF INJURY,0,0,0,0,0,1,0,11,3,8,41.8966598813,-87.6217552353,POINT (-87.621755235273 41.896659881319)
0afbf20a67f08a8ef10762fe31e708a63adaa61ebe932d17dbe77793bd4e9164e38b42cc462c90a645d0c29b24aecfc04f061da30a73711177cad1261d44a77e,,08/19/2025 10:55:00 AM,25,UNKNOWN,UNKNOWN,UNKNOWN,UNKNOWN,SIDESWIPE SAME DIRECTION,NOT DIVIDED,,STRAIGHT AND LEVEL,UNKNOWN,UNKNOWN,NOT ON SCENE (DESK REPORT),NO INJURY / DRIVE AWAY,,,Y,"OVER $1,500",08/19/2025 01:30:00 PM,NOT APPLICABLE,NOT APPLICABLE,900,N,MICHIGAN AVE,1833,,,,,,,2,NO INDICATION OF INJURY,0,0,0,0,0,2,0,10,3,8,41.899248597,-87.6242749782,POINT (-87.624274978205 41.899248597036)
795beea1db6c5ab00b4606b5ab678d12bcbb6ccd3592bdd8466308b64063aae6fd25893cbf383a51f021e0b274ca05dddd9db18eea0f7b836a7863226c9c6fa2,,08/19/2025 10:55:00 AM,30,TRAFFIC SIGNAL,FUNCTIONING PROPERLY,CLOUDY/OVERCAST,DAYLIGHT,ANGLE,FOUR WAY,,STRAIGHT AND LEVEL,DRY,NO DEFECTS,ON SCENE,INJURY AND / OR TOW DUE TO CRASH,Y,,,"OVER $1,500",08/19/2025 11:03:00 AM,DISREGARDING TRAFFIC SIGNALS,NOT APPLICABLE,800,W,NORTH AVE,1813,,,,,,,2,"REPORTED, NOT EVIDENT",1,0,0,0,1,2,0,10,3,8,41.9110285098,-87.648335806,POINT (-87.64833580602 41.911028509812)
24a0ed65b93a1259d0e7acb99d11b1bc95027b9d26197451f5a9b8a09b1b5bef48fcd898cc0d98b96ac4d508342f0c601a0193a00145d7d3aadeb9c03846ef86,,08/19/2025 10:45:00 AM,30,TRAFFIC SIGNAL,FUNCTIONING PROPERLY,CLOUDY/OVERCAST,DAYLIGHT,TURNING,ONE-WAY,,STRAIGHT AND LEVEL,WET,NO DEFECTS,ON SCENE,INJURY AND / OR TOW DUE TO CRASH,Y,,,"OVER $1,500",08/19/2025 10:46:00 AM,UNABLE TO DETERMINE,NOT APPLICABLE,9500,S,WOODLAWN AVE,511,,,,,,,2,"REPORTED, NOT EVIDENT",1,0,0,0,1,2,0,10,3,8,41.7221000893,-87.594936681,POINT (-87.594936680965 41.722100089261)
4ee28a0f9cf3cc1feaeffb1050c898b73cc8ea429e15140fd167f389ce71b3e971084689bcee1c772a417b63aac184293e8eb81a98c6760f6c95c3ec12178d97,,08/19/2025 10:40:00 AM,30,NO CONTROLS,NO CONTROLS,CLEAR,DAYLIGHT,REAR END,NOT DIVIDED,,STRAIGHT AND LEVEL,DRY,NO DEFECTS,NOT ON SCENE (DESK REPORT),NO INJURY / DRIVE AWAY,,,,"OVER $1,500",08/20/2025 06:20:00 PM,FOLLOWING TOO CLOSELY,FOLLOWING TOO CLOSELY,7200,W,DEVON AVE,1611,,,,,,,2,NO INDICATION OF INJURY,0,0,0,0,0,2,0,10,3,8,41.997879311,-87.8068505411,POINT (-87.806850541081 41.997879310965)
b58a5503bd178591cb89007c0de53483d3519b036ee9904153748eec54e7184d7c24f5d39b1c76046bb55584ef0ea5d4ccf8495dc222ce2af358aa1a13c3e50c,,08/19/2025 10:40:00 AM,30,NO CONTROLS,NO CONTROLS,CLEAR,DAYLIGHT,FIXED OBJECT,ALLEY,,STRAIGHT AND LEVEL,DRY,NO DEFECTS,NOT ON SCENE (DESK REPORT),NO INJURY / DRIVE AWAY,,,,"$501 - $1,500",08/19/2025 09:15:00 PM,NOT APPLICABLE,NOT APPLICABLE,1322,N,LARAMIE AVE,2532,,,,,,,1,,,,,,,,,10,3,8,41.904769537,-87.7559795805,POINT (-87.755979580466 41.904769536987)
498ec18b29f8e6ac36fdaad8290d259e0a38e6a0bbda060e5d7b5e5253288a1916f3fc0cace5847506757a6e705a1e2e1f02eb9423cb0fc1dc2f6f90c5cd2e08,,08/19/2025 10:30:00 AM,30,TRAFFIC SIGNAL,UNKNOWN,UNKNOWN,UNKNOWN,FIXED OBJECT,NOT DIVIDED,,STRAIGHT AND LEVEL,UNKNOWN,UNKNOWN,NOT ON SCENE (DESK REPORT),NO INJURY / DRIVE AWAY,,N,,"OVER $1,500",08/19/2025 11:35:00 AM,NOT APPLICABLE,DISTRACTION - FROM INSIDE VEHICLE,7500,S,LAFAYETTE AVE,623,,,,,,,1,NO INDICATION OF INJURY,0,0,0,0,0,1,0,10,3,8,41.758068532,-87.6265169823,POINT (-87.626516982328 41.75806853202)
7ced8d363464f0ce9e6a2c1bd1d7d6db8c7f34dd3541b81e5bc2316bd3fac3798519e17bd48400a0ab29e68c5cdfe4bd4db42def429ab17b865fcfaea4e1e675,,08/19/2025 10:30:00 AM,30,NO CONTROLS,NO CONTROLS,CLEAR,DAYLIGHT,PARKED MOTOR VEHICLE,ALLEY,,STRAIGHT AND LEVEL,DRY,NO DEFECTS,ON SCENE,NO INJURY / DRIVE AWAY,,,,"$501 - $1,500",08/19/2025 10:35:00 AM,UNABLE TO DETERMINE,DRIVING SKILLS/KNOWLEDGE/EXPERIENCE,5037,W,WEST END AVE,1532,,,,,,,2,NO INDICATION OF INJURY,0,0,0,0,0,1,0,10,3,8,41.8829395556,-87.7517559214,POINT (-87.751755921373 41.882939555614)
c10a6ea095623bef5cb24dc978317b9d50a3de07f552b4c81b7911dec4512b6cef86f9ecdce4b29117ecae7270fd01baaeac104f8f396000cfacfc7fd867cb9e,,08/19/2025 10:30:00 AM,15,NO CONTROLS,NO CONTROLS,CLEAR,DAYLIGHT,PARKED MOTOR VEHICLE,ALLEY,,STRAIGHT AND LEVEL,DRY,NO DEFECTS,NOT ON SCENE (DESK REPORT),NO INJURY / DRIVE AWAY,,,Y,"OVER $1,500",08/19/2025 11:30:00 AM,UNABLE TO DETERMINE,NOT APPLICABLE,5841,N,KENMORE AVE,2022,,,,,,,3,NO INDICATION OF INJURY,0,0,0,0,0,1,0,10,3,8,41.9884805096,-87.6566183804,POINT (-87.656618380395 41.988480509597)
e531492bbb4c5a20aa26964476c0e3faa948778c38ef2e79f071f5411afe23f43013dfafc58936e213f6556cf057183094845d360b8813bcb47ecab08031b123,,08/19/2025 10:20:00 AM,35,NO CONTROLS,NO CONTROLS,CLEAR,DAYLIGHT,PARKED MOTOR VEHICLE,NOT DIVIDED,,STRAIGHT AND LEVEL,DRY,NO DEFECTS,NOT ON SCENE (DESK REPORT),NO INJURY / DRIVE AWAY,,,,"OVER $1,500",08/20/2025 09:15:00 PM,UNABLE TO DETERMINE,NOT APPLICABLE,2159,W,WABANSIA AVE,1434,,,,,,,2,NO INDICATION OF INJURY,0,0,0,0,0,2,0,10,3,8,41.912544707,-87.6823252899,POINT (-87.682325289857 41.912544707044)
1578478c7ba974221f0825215a3cfc08a5ab48f5ebd048033c364a858c03185c615dbfbbfb496e44c630160934d51e397014479ce810814e641134aa6413152c,,08/19/2025 10:05:00 AM,5,STOP SIGN/FLASHER,FUNCTIONING PROPERLY,CLEAR,DAYLIGHT,SIDESWIPE SAME DIRECTION,ONE-WAY,,STRAIGHT AND LEVEL,DRY,NO DEFECTS,NOT ON SCENE (DESK REPORT),NO INJURY / DRIVE AWAY,,,Y,"$501 - $1,500",08/19/2025 10:15:00 AM,DISTRACTION - FROM INSIDE VEHICLE,NOT APPLICABLE,225,E,CHICAGO AVE,1833,,,,,,,2,NO INDICATION OF INJURY,0,0,0,0,0,2,0,10,3,8,41.8966598813,-87.6217552353,POINT (-87.621755235273 41.896659881319)
7b5e0d069da7b15279bb7735e8587751822a8d0b06bb5270a109da59a1805a2ffd0f7ae97b7a48e914302e9fc706bdfcc39c3f08164a99c7adbfc968c2df7765,,08/19/2025 10:05:00 AM,30,STOP SIGN/FLASHER,FUNCTIONING PROPERLY,CLOUDY/OVERCAST,DAYLIGHT,PEDESTRIAN,ONE-WAY,,STRAIGHT AND LEVEL,DRY,NO DEFECTS,ON SCENE,INJURY AND / OR TOW DUE TO CRASH,Y,,,"OVER $1,500",08/19/2025 10:06:00 AM,DRIVING ON WRONG SIDE/WRONG WAY,NOT APPLICABLE,2100,N,KEYSTONE AVE,2525,,,,,,,2,NONINCAPACITATING INJURY,1,0,0,1,0,1,0,10,3,8,41.91906898,-87.7279878937,POINT (-87.727987893655 41.91906898001)
6df95233a63d4885e493dfbebb870bf9a9457f64d444031be56870f78e7ad6824edf38da5dfd4b740144ee7fbe8d838a1eb6bdd997379c12fdf83a6400657b35,Y,08/19/2025 10:00:00 AM,5,NO CONTROLS,NO CONTROLS,CLOUDY/OVERCAST,DAYLIGHT,PARKED MOTOR VEHICLE,PARKING LOT,,STRAIGHT AND LEVEL,DRY,NO DEFECTS,NOT ON SCENE (DESK REPORT),NO INJURY / DRIVE AWAY,,,Y,"OVER $1,500",08/19/2025 01:25:00 PM,UNABLE TO DETERMINE,UNABLE TO DETERMINE,1620,W,HARRISON ST,1231,,,,,,,2,NO INDICATION OF INJURY,0,0,0,0,0,1,0,10,3,8,41.8742961615,-87.6676128105,POINT (-87.667612810518 41.8742961615)
acd301097e72e95ef86a55abbd0eec08a2fcb80f596f6906086a128340200d398b18a4e1e7ca4b6fe542e71c9d05bc925adf715c2c5033cba69a30fe0f8721cb,Y,08/19/2025 10:00:00 AM,30,NO CONTROLS,NO CONTROLS,CLOUDY/OVERCAST,DAYLIGHT,PARKED MOTOR VEHICLE,NOT DIVIDED,,STRAIGHT AND LEVEL,DRY,NO DEFECTS,NOT ON SCENE (DESK REPORT),NO INJURY / DRIVE AWAY,,,Y,"OVER $1,500",08/19/2025 01:20:00 PM,UNABLE TO DETERMINE,NOT APPLICABLE,7200,N,CLARK ST,2424,,,,,,,2,NO INDICATION OF INJURY,0,0,0,0,0,1,0,10,3,8,42.0126785024,-87.6747930363,POINT (-87.674793036341 42.012678502436)