CRASH_RECORD_ID,CRASH_DATE_EST_I,CRASH_DATE,POSTED_SPEED_LIMIT,TRAFFIC_CONTROL_DEVICE,DEVICE_CONDITION,WEATHER_CONDITION,LIGHTING_CONDITION,FIRST_CRASH_TYPE,TRAFFICWAY_TYPE,LANE_CNT,ALIGNMENT,ROADWAY_SURFACE_COND,ROAD_DEFECT,REPORT_TYPE,CRASH_TYPE,INTERSECTION_RELATED_I,NOT_RIGHT_OF_WAY_I,HIT_AND_RUN_I,DAMAGE,DATE_POLICE_NOTIFIED,PRIM_CONTRIBUTORY_CAUSE,SEC_CONTRIBUTORY_CAUSE,STREET_NO,STREET_DIRECTION,STREET_NAME,BEAT_OF_OCCURRENCE,PHOTOS_TAKEN_I,STATEMENTS_TAKEN_I,DOORING_I,WORK_ZONE_I,WORK_ZONE_TYPE,WORKERS_PRESENT_I,NUM_UNITS,MOST_SEVERE_INJURY,INJURIES_TOTAL,INJURIES_FATAL,INJURIES_INCAPACITATING,INJURIES_NON_INCAPACITATING,INJURIES_REPORTED_NOT_EVIDENT,INJURIES_NO_INDICATION,INJURIES_UNKNOWN,CRASH_HOUR,CRASH_DAY_OF_WEEK,CRASH_MONTH,LATITUDE,LONGITUDE,LOCATION
5d62afc10625344153e38a7f6f1d7be8977747fa5100c46348418d81c9870b56e4ceb90ed3ed9a0da0b36438dfa69a33aafcf81ec32e9d2461a9e15bf7627ee9,Y,08/19/2025 09:50:00 AM,5,NO CONTROLS,NO CONTROLS,CLEAR,DAYLIGHT,PARKED MOTOR VEHICLE,PARKING LOT,,STRAIGHT AND LEVEL,DRY,NO DEFECTS,NOT ON SCENE (DESK REPORT),NO INJURY / DRIVE AWAY,,,Y,"$501 - $1,500",08/19/2025 01:10:00 PM,UNABLE TO DETERMINE,NOT APPLICABLE,5843,S,WESTERN AVE,824,,,,,,,2,NO INDICATION OF INJURY,0,0,0,0,0,1,0,9,3,8,41.7870767249,-87.6836999116,POINT (-87.683699911594 41.78707672494)
9896659bf138b74ec258f0adabad32c1e52264883cce9752f8625e14043f46047e4a65ffb90cde2c1234eb47b36ed7beee59b0f3d147e09e953557eca091cc14,,08/19/2025 09:50:00 AM,25,TRAFFIC SIGNAL,FUNCTIONING PROPERLY,UNKNOWN,DAYLIGHT,PEDALCYCLIST,T-INTERSECTION,,STRAIGHT AND LEVEL,UNKNOWN,UNKNOWN,NOT ON SCENE (DESK REPORT),NO INJURY / DRIVE AWAY,Y,,,"OVER $1,500",08/19/2025 05:10:00 PM,UNABLE TO DETERMINE,UNABLE TO DETERMINE,6300,S,DORCHESTER AVE,314,,,,,,,2,NO INDICATION OF INJURY,0,0,0,0,0,2,0,9,3,8,41.7804695325,-87.5916724262,POINT (-87.591672426248 41.780469532479)
afe048da6f3c685f17c56a31d62ee34c35c1ca1694eadcbfea1f53d8d5655aa4d8a7e77fd997cb678f1cdb60cb11cc6d69986b98efc0cf80c5ad5cd4715e3329,,08/19/2025 09:50:00 AM,30,NO CONTROLS,NO CONTROLS,CLEAR,DAYLIGHT,FIXED OBJECT,NOT DIVIDED,,STRAIGHT AND LEVEL,DRY,NO DEFECTS,ON SCENE,INJURY AND / OR TOW DUE TO CRASH,,,,"OVER $1,500",08/19/2025 10:00:00 AM,UNABLE TO DETERMINE,NOT APPLICABLE,1501,W,NORTH AVE,1433,,,,,,,1,NO INDICATION OF INJURY,0,0,0,0,0,1,0,9,3,8,41.9105546456,-87.6652123169,POINT (-87.665212316888 41.910554645603)
13d662515732fa9599ecb625f6c352c2c2d98a8cf62c5f7bf5474d5ad9f8c3d9f853c595e0780cc63e08085dee9b70983ad0a9d69675b7754b68b5836939d3f7,,08/19/2025 09:45:00 AM,35,NO CONTROLS,NO CONTROLS,CLEAR,DAYLIGHT,PARKED MOTOR VEHICLE,DIVIDED - W/MEDIAN (NOT RAISED),,STRAIGHT AND LEVEL,DRY,NO DEFECTS,NOT ON SCENE (DESK REPORT),NO INJURY / DRIVE AWAY,,,,"OVER $1,500",08/19/2025 02:00:00 PM,NOT APPLICABLE,NOT APPLICABLE,3747,W,BELMONT AVE,2523,,,,,,,2,NO INDICATION OF INJURY,0,0,0,0,0,1,0,9,3,8,41.9390535297,-87.7215420946,POINT (-87.721542094576 41.939053529695)
2ff5a30dfe1174bcda6eac67612567bcdc71cf24270761505cf2582ffc0ac8760670fab6e75bb94789f158d2e0aeedc93dfc9656633083a79c30ef76f8b569e8,,08/19/2025 09:38:00 AM,30,STOP SIGN/FLASHER,FUNCTIONING PROPERLY,CLOUDY/OVERCAST,DAYLIGHT,TURNING,UNKNOWN INTERSECTION TYPE,,STRAIGHT AND LEVEL,DRY,UNKNOWN,NOT ON SCENE (DESK REPORT),INJURY AND / OR TOW DUE TO CRASH,Y,,,"$501 - $1,500",08/19/2025 05:40:00 PM,FOLLOWING TOO CLOSELY,UNABLE TO DETERMINE,3100,W,OGDEN AVE,1022,,,,,,,2,NONINCAPACITATING INJURY,1,0,0,1,0,1,0,9,3,8,41.8589284728,-87.7030525184,POINT (-87.703052518354 41.858928472835)
3e355a4345ce9c412c7cd0b97746282192df4c2bf8a932e5386140ad72b5f326115343badbc8d79756f325c1076476d69282fd8949336c6e3d51a11c3cd7f5ec,,08/19/2025 09:38:00 AM,25,NO CONTROLS,NO CONTROLS,CLOUDY/OVERCAST,DAYLIGHT,PEDALCYCLIST,NOT DIVIDED,,STRAIGHT AND LEVEL,DRY,NO DEFECTS,ON SCENE,INJURY AND / OR TOW DUE TO CRASH,,,,"OVER $1,500",08/19/2025 09:39:00 AM,FAILING TO YIELD RIGHT-OF-WAY,NOT APPLICABLE,3648,N,MILWAUKEE AVE,1731,,,,,,,2,NONINCAPACITATING INJURY,1,0,0,1,0,3,0,9,3,8,41.9470101756,-87.7370771959,POINT (-87.737077195944 41.947010175643)
086a77cfa6629c10de02196efc3fc1210f73ef81eec282a4006be6c74836d9393171e0f2fe6849bfcefea8d82e6f4fbc32b7c7297bd8cb80957468fee2ad9d5d,,08/19/2025 09:30:00 AM,30,NO CONTROLS,NO CONTROLS,CLEAR,DAYLIGHT,REAR END,NOT DIVIDED,,STRAIGHT AND LEVEL,DRY,NO DEFECTS,NOT ON SCENE (DESK REPORT),NO INJURY / DRIVE AWAY,Y,,Y,"OVER $1,500",08/19/2025 12:10:00 PM,FOLLOWING TOO CLOSELY,UNABLE TO DETERMINE,101,S,PULASKI RD,1122,,,,,,,2,NO INDICATION OF INJURY,0,0,0,0,0,2,0,9,3,8,41.8797201915,-87.7254886637,POINT (-87.725488663726 41.879720191478)
21390ee6e8051f27571faee2dda796fe4bb9027f8b27b9cbfb30f4f249056f380f674b251bcadcc82c03b79da38b27c289fd52a8cd9c0c89096e5f3c4eb03d93,,08/19/2025 09:30:00 AM,30,TRAFFIC SIGNAL,FUNCTIONING PROPERLY,RAIN,DAYLIGHT,SIDESWIPE SAME DIRECTION,ONE-WAY,,STRAIGHT AND LEVEL,WET,NO DEFECTS,NOT ON SCENE (DESK REPORT),NO INJURY / DRIVE AWAY,Y,,,"$501 - $1,500",08/19/2025 10:25:00 AM,FAILING TO YIELD RIGHT-OF-WAY,UNABLE TO DETERMINE,150,N,WABASH AVE,111,,,,,,,2,NO INDICATION OF INJURY,0,0,0,0,0,2,0,9,3,8,41.8845256252,-87.626395831,POINT (-87.626395830991 41.88452562522)
ce0fe9fef9dc592e670e2ec8b058fff950993d6ccd411445f4d7428e47760ece100908a11d1f0de43917009307a7c3e7df1a8577a4e7eb9b8ceeadb7c8dd9f4b,,08/19/2025 09:30:00 AM,10,NO CONTROLS,NO CONTROLS,CLEAR,DAYLIGHT,PARKED MOTOR VEHICLE,PARKING LOT,,STRAIGHT AND LEVEL,DRY,NO DEFECTS,NOT ON SCENE (DESK REPORT),NO INJURY / DRIVE AWAY,,,Y,"$501 - $1,500",08/20/2025 09:00:00 AM,UNABLE TO DETERMINE,NOT APPLICABLE,2929,S,HALSTED ST,914,,,,,,,2,NO INDICATION OF INJURY,0,0,0,0,0,1,0,9,3,8,41.8407908186,-87.6461984268,POINT (-87.646198426759 41.840790818613)
cc41284fefed74a940034f9ee6c6794bb7dc66caaa52b83694353e337b13cd2b2851596dd0e667ca4c7c91bec0e55c11d0831d14f1913ccb90d849f4b7b96e2d,,08/19/2025 09:21:00 AM,30,NO CONTROLS,NO CONTROLS,CLEAR,DAYLIGHT,TURNING,FOUR WAY,,STRAIGHT AND LEVEL,DRY,NO DEFECTS,NOT ON SCENE (DESK REPORT),NO INJURY / DRIVE AWAY,,,,"OVER $1,500",08/19/2025 10:10:00 AM,UNABLE TO DETERMINE,NOT APPLICABLE,5101,W,BELMONT AVE,2521,,,,,,,2,NO INDICATION OF INJURY,0,0,0,0,0,2,0,9,3,8,41.9386208908,-87.7543622137,POINT (-87.754362213727 41.938620890757)
919690e50fdaf0c5b4d02e75e639569742197d5dc0ec273a4c72bc113397af400165bbe1016c4f3471ac0387c31a77ebc614d362633242bc377ffe7590b16fb4,,08/19/2025 09:13:00 AM,30,TRAFFIC SIGNAL,FUNCTIONING PROPERLY,CLEAR,DAYLIGHT,PEDESTRIAN,ONE-WAY,,STRAIGHT AND LEVEL,DRY,NO DEFECTS,ON SCENE,INJURY AND / OR TOW DUE TO CRASH,Y,,,"$501 - $1,500",08/19/2025 09:20:00 AM,DISREGARDING TRAFFIC SIGNALS,NOT APPLICABLE,631,N,LA SALLE DR,1832,,,,,,,2,NONINCAPACITATING INJURY,1,0,0,1,0,1,0,9,3,8,41.8932511985,-87.6324930122,POINT (-87.632493012229 41.893251198465)
2275206401d39a208e3c091416e509bba69e56f8d5d2c58cc3c2b3710dfd0651c2119ad72b8b41c4879000a5e1afa153aa9798535a0189e42c35ef836b18b8e5,,08/19/2025 09:10:00 AM,30,NO CONTROLS,NO CONTROLS,CLOUDY/OVERCAST,DAYLIGHT,PARKED MOTOR VEHICLE,ONE-WAY,,STRAIGHT AND LEVEL,WET,NO DEFECTS,NOT ON SCENE (DESK REPORT),NO INJURY / DRIVE AWAY,,,N,"$501 - $1,500",08/19/2025 09:15:00 AM,"VISION OBSCURED (SIGNS, TREE LIMBS, BUILDINGS, ETC.)",NOT APPLICABLE,2701,S,HARDING AVE,1031,,,,,,,2,NO INDICATION OF INJURY,0,0,0,0,0,1,0,9,3,8,41.8423358254,-87.7231327587,POINT (-87.723132758676 41.842335825364)
6599be1895ed7895f1aef6194fdf6931278a2e18e04b2945758d1b7c45174b413369b59848479eae4c8398077bb1d4dd904ca713cee7c17266a9ee92706ed28e,,08/19/2025 09:10:00 AM,30,TRAFFIC SIGNAL,FUNCTIONING PROPERLY,RAIN,DAYLIGHT,PEDALCYCLIST,NOT DIVIDED,,STRAIGHT AND LEVEL,WET,NO DEFECTS,ON SCENE,INJURY AND / OR TOW DUE TO CRASH,Y,,,"$501 - $1,500",08/19/2025 09:30:00 AM,DISREGARDING TRAFFIC SIGNALS,DISREGARDING ROAD MARKINGS,3,S,WESTERN AVE,1223,,,,,,,2,"REPORTED, NOT EVIDENT",1,0,0,0,1,1,0,9,3,8,41.88106017,-87.6862821058,POINT (-87.686282105762 41.881060170037)
6b3170cd3be4d79be215b99c583ee8252da8eecb0e85e8a6a0c8d0cddacb04c4cffb911a7b61ebe4c6eba6b4d59a82c83f9f640af0d12ef947458cf490cdae70,,08/19/2025 08:50:00 AM,20,UNKNOWN,UNKNOWN,UNKNOWN,UNKNOWN,SIDESWIPE OPPOSITE DIRECTION,NOT DIVIDED,,STRAIGHT AND LEVEL,UNKNOWN,UNKNOWN,NOT ON SCENE (DESK REPORT),NO INJURY / DRIVE AWAY,,,Y,$500 OR LESS,08/19/2025 09:02:00 AM,DRIVING SKILLS/KNOWLEDGE/EXPERIENCE,UNABLE TO DETERMINE,1500,W,SUNNYSIDE AVE,1912,,,,,,,2,NO INDICATION OF INJURY,0,0,0,0,0,2,0,8,3,8,41.9635414406,-87.6678371182,POINT (-87.667837118212 41.963541440572)
17b360f405029afc562b18d0e12fc9ceea28c82bafae489e45b773c5949cbf553ef5929c113d803c7484d4a8f64a513696041a408f861baad095b10b2f883151,,08/19/2025 08:45:00 AM,30,NO CONTROLS,NO CONTROLS,CLEAR,DAYLIGHT,SIDESWIPE SAME DIRECTION,DIVIDED - W/MEDIAN (NOT RAISED),,STRAIGHT AND LEVEL,DRY,NO DEFECTS,ON SCENE,NO INJURY / DRIVE AWAY,,,,"OVER $1,500",08/19/2025 09:14:00 AM,UNABLE TO DETERMINE,UNABLE TO DETERMINE,4455,S,PULASKI RD,821,,,,,,,2,NO INDICATION OF INJURY,0,0,0,0,0,2,0,8,3,8,41.8117480489,-87.7235833181,POINT (-87.723583318072 41.81174804888)
9f66b9e4108ab61561cf2e825f6bb74d58963dc822b4c0b4ce9e15bd2b8d81a9650d1a76258d224b2fc361675c621d2efbd035283ec0824be2ece492cbd5a6a5,,08/19/2025 08:44:00 AM,30,STOP SIGN/FLASHER,FUNCTIONING PROPERLY,CLEAR,DAYLIGHT,TURNING,UNKNOWN INTERSECTION TYPE,,STRAIGHT AND LEVEL,WET,NO DEFECTS,ON SCENE,NO INJURY / DRIVE AWAY,Y,,Y,"OVER $1,500",08/19/2025 08:44:00 AM,DRIVING ON WRONG SIDE/WRONG WAY,IMPROPER OVERTAKING/PASSING,3800,S,MORGAN ST,915,,,,,,,2,NO INDICATION OF INJURY,0,0,0,0,0,2,0,8,3,8,41.8252180272,-87.6509723537,POINT (-87.650972353727 41.825218027237)
35d7838e719c03a240f83e2ce7bc5b53728bb894d17cf045923e9c1b54d8236a5640b7557c20573f487a98bc839f7e3ff62d9b4869dd6aefe2ecd8816dc09107,,08/19/2025 08:40:00 AM,30,TRAFFIC SIGNAL,FUNCTIONING PROPERLY,CLEAR,DAYLIGHT,REAR END,NOT DIVIDED,,STRAIGHT AND LEVEL,DRY,NO DEFECTS,NOT ON SCENE (DESK REPORT),INJURY AND / OR TOW DUE TO CRASH,,,Y,"OVER $1,500",08/19/2025 08:52:00 AM,UNABLE TO DETERMINE,NOT APPLICABLE,2000,W,DIVERSEY PKWY,1931,,,,,,,2,NONINCAPACITATING INJURY,1,0,0,1,0,1,0,8,3,8,41.932394164,-87.6781730309,POINT (-87.678173030878 41.932394164037)
5b32b5067e910ff5f91c2894de66d144303e7f744c2725550cd25695a770bce000713967916edfc5050b7bd7265dda1ac2b8252282aaa9dde6369b8da955f008,,08/19/2025 08:40:00 AM,35,TRAFFIC SIGNAL,FUNCTIONING PROPERLY,RAIN,DAYLIGHT,REAR END,DIVIDED - W/MEDIAN (NOT RAISED),,STRAIGHT AND LEVEL,WET,NO DEFECTS,ON SCENE,NO INJURY / DRIVE AWAY,,,,$500 OR LESS,08/19/2025 08:44:00 AM,FOLLOWING TOO CLOSELY,EQUIPMENT - VEHICLE CONDITION,4802,N,CICERO AVE,1623,,,,,,,2,NO INDICATION OF INJURY,0,0,0,0,0,2,0,8,3,8,41.9681116837,-87.7478914935,POINT (-87.74789149353 41.968111683735)
3d5d03f04bea0c3257666e8a91a02be05b50a4de7761285ebf9515a121d8558910e3a0f6f39ace4d8e3aeee21a2910f3bb78898f7b12ba5115c0615e65887d3b,,08/19/2025 08:38:00 AM,30,NO CONTROLS,NO CONTROLS,RAIN,DAYLIGHT,REAR END,DIVIDED - W/MEDIAN (NOT RAISED),,STRAIGHT AND LEVEL,WET,NO DEFECTS,ON SCENE,NO INJURY / DRIVE AWAY,,,,"OVER $1,500",08/19/2025 08:49:00 AM,UNABLE TO DETERMINE,UNABLE TO DETERMINE,3700,W,FOSTER AVE,1712,,,,,,,2,NO INDICATION OF INJURY,0,0,0,0,0,2,0,8,3,8,41.9757168206,-87.7210124211,POINT (-87.721012421102 41.975716820635)
b5671d3ee57e9b02483666ce1174811d17d1b0d4fbd410ff577e5aade306d479c5e1e3fadbde532e1dec77e223082071affb2401e5fef5226f367ef9a258805a,,08/19/2025 08:38:00 AM,15,NO CONTROLS,NO CONTROLS,CLEAR,DAYLIGHT,SIDESWIPE SAME DIRECTION,ONE-WAY,,STRAIGHT AND LEVEL,WET,UNKNOWN,NOT ON SCENE (DESK REPORT),NO INJURY / DRIVE AWAY,,,,"OVER $1,500",08/19/2025 09:30:00 AM,NOT APPLICABLE,NOT APPLICABLE,3501,W,ROOSEVELT RD,1021,,,,,,,2,NO INDICATION OF INJURY,0,0,0,0,0,2,0,8,3,8,41.866208793,-87.7131012383,POINT (-87.713101238287 41.866208793006)
c6dd9d0200bd1592e0342ec1a8c457bd87165cc126e7e4979ad59c62ff639fe0a890aa3d9c7260326a028b802d85f54a0fc0fef63daca02f0af09ff0f8b22a90,,08/19/2025 08:36:00 AM,30,TRAFFIC SIGNAL,FUNCTIONING PROPERLY,CLEAR,DAYLIGHT,TURNING,FOUR WAY,,STRAIGHT AND LEVEL,WET,NO DEFECTS,ON SCENE,INJURY AND / OR TOW DUE TO CRASH,Y,,,"OVER $1,500",08/19/2025 08:58:00 AM,IMPROPER TURNING/NO SIGNAL,FAILING TO YIELD RIGHT-OF-WAY,300,N,LOWER COLUMBUS DR,114,,,,,,,2,NO INDICATION OF INJURY,0,0,0,0,0,4,0,8,3,8,41.8868837174,-87.6208801158,POINT (-87.620880115813 41.886883717417)
6fec42aa22882aabd0e1987b838f73c0c86a5d21d481392e35b09a02a474e166acc81656ce60c2e3d163cbb735576e992569806b4af3a96a69c80dd4a8bf571f,,08/19/2025 08:30:00 AM,30,NO CONTROLS,NO CONTROLS,CLOUDY/OVERCAST,DAYLIGHT,PARKED MOTOR VEHICLE,ONE-WAY,,STRAIGHT AND LEVEL,DRY,NO DEFECTS,ON SCENE,NO INJURY / DRIVE AWAY,,,,"OVER $1,500",08/19/2025 11:40:00 AM,IMPROPER BACKING,NOT APPLICABLE,3300,S,WESTERN AVE,911,,,,,,,2,NO INDICATION OF INJURY,0,0,0,0,0,1,0,8,3,8,41.8338864682,-87.6853528715,POINT (-87.685352871518 41.833886468166)
ff13920b6043fbda7c9be9248e5d7faa879902b027caf8fdd2757d55268152fef1921a123221cac62a34cda948780ed2f94c5ea411b50a03048c34894c307519,,08/19/2025 08:30:00 AM,30,NO CONTROLS,NO CONTROLS,CLEAR,DAYLIGHT,PARKED MOTOR VEHICLE,DIVIDED - W/MEDIAN BARRIER,,STRAIGHT AND LEVEL,DRY,UNKNOWN,NOT ON SCENE (DESK REPORT),NO INJURY / DRIVE AWAY,,,Y,"$501 - $1,500",08/19/2025 10:00:00 AM,UNABLE TO DETERMINE,UNABLE TO DETERMINE,1120,W,95TH ST,2222,,,,,,,2,NO INDICATION OF INJURY,0,0,0,0,0,1,0,8,3,8,41.7214660883,-87.6515878592,POINT (-87.651587859162 41.721466088264)
5c07ae3891e37a2ae062aa0bc090e08f8efcd049bd468c148fcae6b937bc442a11ccb4254f392f104f53da876084f59b86f302b53b2f92678a6616813395e65b,Y,08/19/2025 08:15:00 AM,25,STOP SIGN/FLASHER,FUNCTIONING PROPERLY,RAIN,DAYLIGHT,PARKED MOTOR VEHICLE,ONE-WAY,,STRAIGHT AND LEVEL,WET,NO DEFECTS,ON SCENE,NO INJURY / DRIVE AWAY,Y,,,"OVER $1,500",08/19/2025 08:16:00 AM,IMPROPER TURNING/NO SIGNAL,DRIVING SKILLS/KNOWLEDGE/EXPERIENCE,3359,W,BYRON ST,1733,,,,,,,2,NO INDICATION OF INJURY,0,0,0,0,0,5,0,8,3,8,41.9519275924,-87.7127842373,POINT (-87.71278423726 41.951927592442)
aa5952dfe946bcb8814bd2cd5e90b21eccb1a97e1a546dcc8782d1ed595dc66c483b245d5f0d15b54378e136cd11827629ebc9784ca06fc5d81e483cfd1435ba,,08/19/2025 08:15:00 AM,25,UNKNOWN,UNKNOWN,UNKNOWN,UNKNOWN,SIDESWIPE SAME DIRECTION,NOT DIVIDED,,STRAIGHT AND LEVEL,UNKNOWN,UNKNOWN,NOT ON SCENE (DESK REPORT),NO INJURY / DRIVE AWAY,,,,"OVER $1,500",08/19/2025 06:00:00 PM,NOT APPLICABLE,NOT APPLICABLE,1000,N,ASHLAND AVE,1213,,,,,,,2,NO INDICATION OF INJURY,0,0,0,0,0,2,0,8,3,8,41.899751161,-87.6675406149,POINT (-87.667540614866 41.899751161011)
52cabf0a9a7939bb2604223e410744adba0535419fc204d800d156c562ad7a9990c722e73253a51562f1221edfbdde9957dfeeb3a081636cc4ffbd5f1e29b5ef,,08/19/2025 08:10:00 AM,30,TRAFFIC SIGNAL,FUNCTIONING PROPERLY,CLOUDY/OVERCAST,DAYLIGHT,SIDESWIPE SAME DIRECTION,NOT DIVIDED,,STRAIGHT AND LEVEL,WET,NO DEFECTS,ON SCENE,NO INJURY / DRIVE AWAY,,,,$500 OR LESS,08/19/2025 08:35:00 AM,UNABLE TO DETERMINE,NOT APPLICABLE,3441,S,WESTERN BLVD,912,,,,,,,2,NO INDICATION OF INJURY,0,0,0,0,0,2,0,8,3,8,41.8309079316,-87.6843147138,POINT (-87.68431471379 41.830907931554)
7ee1283922a866c9ea9a5e674935c391b902331b95e4162f56d15a774c02240dbb962642b51f31cba9750bc87f1fc7c1747d701e8631d85f5c8aa6d613d3deaa,,08/19/2025 08:10:00 AM,15,STOP SIGN/FLASHER,FUNCTIONING PROPERLY,CLEAR,DAYLIGHT,TURNING,ONE-WAY,,STRAIGHT AND LEVEL,DRY,NO DEFECTS,NOT ON SCENE (DESK REPORT),NO INJURY / DRIVE AWAY,,,Y,"OVER $1,500",08/19/2025 09:05:00 PM,IMPROPER TURNING/NO SIGNAL,IMPROPER LANE USAGE,5857,S,KILDARE AVE,813,,,,,,,2,NO INDICATION OF INJURY,0,0,0,0,0,3,0,8,3,8,41.7860138515,-87.7301549455,POINT (-87.730154945468 41.786013851483)
cadfd92105b60b20bd346983b965b6b5243c61802cd97ba1c08b951d05056bbd4570afbd3b3d7ce1d84f8ca337504aac52ca70e3ad37466535eee18b679e4684,,08/19/2025 08:10:00 AM,30,NO CONTROLS,NO CONTROLS,RAIN,DAYLIGHT,TURNING,T-INTERSECTION,,STRAIGHT AND LEVEL,WET,NO DEFECTS,ON SCENE,INJURY AND / OR TOW DUE TO CRASH,Y,,,"OVER $1,500",08/19/2025 08:15:00 AM,UNABLE TO DETERMINE,UNABLE TO DETERMINE,3500,S,RHODES AVE,212,,,,,,,2,"REPORTED, NOT EVIDENT",4,0,0,0,4,0,0,8,3,8,41.8311270294,-87.6146306504,POINT (-87.61463065044 41.831127029369)
7c5ab35893d7ad25e5eddf717ce7b6b8a475e7d56e82aa7076146413757cbbd691736d9e7155543b5aee48b974dda1c1f4021385b25a933542d3ec5514e635ba,,08/19/2025 08:04:00 AM,30,NO CONTROLS,NO CONTROLS,CLOUDY/OVERCAST,DAYLIGHT,SIDESWIPE SAME DIRECTION,ONE-WAY,,STRAIGHT AND LEVEL,WET,UNKNOWN,ON SCENE,NO INJURY / DRIVE AWAY,,,Y,$500 OR LESS,08/19/2025 08:04:00 AM,IMPROPER OVERTAKING/PASSING,UNABLE TO DETERMINE,6630,S,YALE AVE,722,,,,,,,2,NO INDICATION OF INJURY,0,0,0,0,0,6,0,8,3,8,41.7735653843,-87.6317967726,POINT (-87.631796772561 41.773565384303)
c98b8ca84ec4144c008e328aa40da76f1796f89491f51dfae2b1ea88bb96ae4a18240abba893b9d2b2821d68cfa398e119a9912c6c822e4b25cbb5758b59e3f2,,08/19/2025 08:04:00 AM,30,UNKNOWN,UNKNOWN,UNKNOWN,UNKNOWN,SIDESWIPE SAME DIRECTION,DIVIDED - W/MEDIAN BARRIER,,STRAIGHT AND LEVEL,UNKNOWN,UNKNOWN,NOT ON SCENE (DESK REPORT),NO INJURY / DRIVE AWAY,,,Y,"OVER $1,500",08/19/2025 09:57:00 AM,UNABLE TO DETERMINE,UNABLE TO DETERMINE,8915,S,STONY ISLAND AVE,413,,,,,,,2,NO INDICATION OF INJURY,0,0,0,0,0,2,0,8,3,8,41.7328693696,-87.5849748024,POINT (-87.584974802365 41.732869369592)
5f69c53b3df55b5735076b28e66a6de57a8ded80c1b5073d7d4e8313cd39f1fc299d22c186085f82e3ecc655c6f43f9428e6b3b0b352a7993119ca42bd1100b2,,08/19/2025 08:03:00 AM,30,NO CONTROLS,NO CONTROLS,RAIN,DAYLIGHT,REAR END,NOT DIVIDED,,STRAIGHT AND LEVEL,WET,UNKNOWN,NOT ON SCENE (DESK REPORT),NO INJURY / DRIVE AWAY,,,,"OVER $1,500",08/19/2025 09:29:00 AM,DRIVING SKILLS/KNOWLEDGE/EXPERIENCE,FOLLOWING TOO CLOSELY,4822,S,COTTAGE GROVE AVE,223,,,,,,,2,NO INDICATION OF INJURY,0,0,0,0,0,3,0,8,3,8,41.8070004735,-87.6066581188,POINT (-87.606658118805 41.807000473522)
01b3b148eadfdbf384d39b2e0838908af96cd15b70122a6eb8900b12fa236b3347ae4122ce285430be66bdc0eae4475863018f7d61743a0b3a56a3a6b8f03ac3,,08/19/2025 08:00:00 AM,35,NO CONTROLS,NO CONTROLS,CLEAR,DAYLIGHT,REAR END,NOT DIVIDED,,STRAIGHT AND LEVEL,WET,NO DEFECTS,NOT ON SCENE (DESK REPORT),NO INJURY / DRIVE AWAY,,,,"OVER $1,500",08/19/2025 08:15:00 AM,DRIVING SKILLS/KNOWLEDGE/EXPERIENCE,UNABLE TO DETERMINE,11200,S,AVENUE O,433,,,,,,,2,NO INDICATION OF INJURY,0,0,0,0,0,2,0,8,3,8,41.6917706061,-87.5402542465,POINT (-87.54025424652 41.69177060611)
1e1e27b5a5031c934217ea46996dad24e7ac05d5c2362184cf83a6e9ab8a490e85242888f0ed7859d9389f0b8b9b870b5e475ad32f10e48b9916773b72bad3ee,,08/19/2025 08:00:00 AM,30,NO CONTROLS,NO CONTROLS,CLEAR,DAYLIGHT,PARKED MOTOR VEHICLE,NOT DIVIDED,,STRAIGHT AND LEVEL,DRY,NO DEFECTS,NOT ON SCENE (DESK REPORT),NO INJURY / DRIVE AWAY,,,Y,"$501 - $1,500",08/19/2025 11:30:00 AM,UNABLE TO DETERMINE,NOT APPLICABLE,1620,W,HARRISON ST,1231,,,,,,,2,NO INDICATION OF INJURY,0,0,0,0,0,1,0,8,3,8,41.8742961615,-87.6676128105,POINT (-87.667612810518 41.8742961615)
b294b051f66c9d251a640d21465b85d0827ab8ed115d912c32fcd3fbd24b88572866ed04c92ca98575403cd36d6c49e1512c334d05a786883ae3350f2cb37743,,08/19/2025 08:00:00 AM,30,NO CONTROLS,NO CONTROLS,RAIN,DAYLIGHT,OTHER OBJECT,OTHER,,STRAIGHT AND LEVEL,WET,NO DEFECTS,ON SCENE,NO INJURY / DRIVE AWAY,,Y,,"OVER $1,500",08/19/2025 08:02:00 AM,UNABLE TO DETERMINE,NOT APPLICABLE,8028,S,KEDZIE AVE,834,,,,,,,1,NO INDICATION OF INJURY,0,0,0,0,0,1,0,8,3,8,41.7470243879,-87.7024631281,POINT (-87.702463128146 41.747024387878)
c58efc392938156dcc25bc828975d43bfd7e29c5d2f879c2f063ae1a128487cbcaf56d60143a0e572f7f9fe7a5ad011f8d0340cb5976638791cf43a220302cdd,,08/19/2025 08:00:00 AM,30,NO CONTROLS,NO CONTROLS,CLEAR,DAYLIGHT,PARKED MOTOR VEHICLE,NOT DIVIDED,,STRAIGHT AND LEVEL,DRY,NO DEFECTS,NOT ON SCENE (DESK REPORT),NO INJURY / DRIVE AWAY,,,Y,"OVER $1,500",08/19/2025 10:10:00 PM,UNABLE TO DETERMINE,NOT APPLICABLE,5144,W,MONTANA ST,2521,,,,,,,2,NO INDICATION OF INJURY,0,0,0,0,0,1,0,8,3,8,41.9251773539,-87.7555248707,POINT (-87.755524870704 41.925177353928)