CRASH_RECORD_ID,CRASH_DATE_EST_I,CRASH_DATE,POSTED_SPEED_LIMIT,TRAFFIC_CONTROL_DEVICE,DEVICE_CONDITION,WEATHER_CONDITION,LIGHTING_CONDITION,FIRST_CRASH_TYPE,TRAFFICWAY_TYPE,LANE_CNT,ALIGNMENT,ROADWAY_SURFACE_COND,ROAD_DEFECT,REPORT_TYPE,CRASH_TYPE,INTERSECTION_RELATED_I,NOT_RIGHT_OF_WAY_I,HIT_AND_RUN_I,DAMAGE,DATE_POLICE_NOTIFIED,PRIM_CONTRIBUTORY_CAUSE,SEC_CONTRIBUTORY_CAUSE,STREET_NO,STREET_DIRECTION,STREET_NAME,BEAT_OF_OCCURRENCE,PHOTOS_TAKEN_I,STATEMENTS_TAKEN_I,DOORING_I,WORK_ZONE_I,WORK_ZONE_TYPE,WORKERS_PRESENT_I,NUM_UNITS,MOST_SEVERE_INJURY,INJURIES_TOTAL,INJURIES_FATAL,INJURIES_INCAPACITATING,INJURIES_NON_INCAPACITATING,INJURIES_REPORTED_NOT_EVIDENT,INJURIES_NO_INDICATION,INJURIES_UNKNOWN,CRASH_HOUR,CRASH_DAY_OF_WEEK,CRASH_MONTH,LATITUDE,LONGITUDE,LOCATION
fe13b983d086a699dedefda01ab16c0c0662ec6374a0cced315a1685c7e2592af7cb17c12ad00b39c76f45bbf3c672b48f53f74727d273856a83525f48884a3a,,08/19/2025 08:00:00 AM,20,NO CONTROLS,NO CONTROLS,CLEAR,DAYLIGHT,TURNING,NOT DIVIDED,,STRAIGHT AND LEVEL,WET,NO DEFECTS,ON SCENE,INJURY AND / OR TOW DUE TO CRASH,Y,,,"OVER $1,500",08/19/2025 08:13:00 AM,FAILING TO YIELD RIGHT-OF-WAY,FAILING TO YIELD RIGHT-OF-WAY,6315,S,OAK PARK AVE,812,,,,,,,2,NO INDICATION OF INJURY,0,0,0,0,0,3,0,8,3,8,41.7769750848,-87.7908633552,POINT (-87.790863355164 41.776975084833)
639a9e306604bddb9754d5285a4825430ac45bc479bce71da82062fd6236793da55602f8ea2d67a575682ce86282eb07b5a88b95acbb9cd9e54768f7f1da24d2,,08/19/2025 07:57:00 AM,30,NO CONTROLS,NO CONTROLS,CLEAR,DAYLIGHT,HEAD ON,DIVIDED - W/MEDIAN (NOT RAISED),,STRAIGHT AND LEVEL,DRY,NO DEFECTS,ON SCENE,INJURY AND / OR TOW DUE TO CRASH,,,,"OVER $1,500",08/19/2025 08:13:00 AM,UNABLE TO DETERMINE,UNABLE TO DETERMINE,6520,W,HIGGINS AVE,1613,,,,,,,2,NO INDICATION OF INJURY,0,0,0,0,0,2,0,7,3,8,41.9774566004,-87.7911057533,POINT (-87.791105753296 41.97745660043)
93148185d89bab1555ca866680936dd0f178306beab734262ddac58a408d82d4e6ab27a837a59867e8e921a67a65b913f8a35de2a84995b8bd55fdcc04e11d39,,08/19/2025 07:55:00 AM,20,NO CONTROLS,NO CONTROLS,CLEAR,DAYLIGHT,SIDESWIPE SAME DIRECTION,ONE-WAY,,STRAIGHT AND LEVEL,DRY,NO DEFECTS,NOT ON SCENE (DESK REPORT),NO INJURY / DRIVE AWAY,,,,"$501 - $1,500",08/19/2025 09:00:00 AM,FAILING TO YIELD RIGHT-OF-WAY,FAILING TO YIELD RIGHT-OF-WAY,5505,S,ROCKWELL ST,824,,,,,,,2,NO INDICATION OF INJURY,0,0,0,0,0,2,0,7,3,8,41.7935803891,-87.6887843366,POINT (-87.688784336621 41.793580389142)
34290088ac2921e911d187c54a9bee33ffb0d5581c90d800d10673c251590f4639dcb6d1c5c9994565afff3cb8c33539eed2ea74b16141f7e5ac8987e977cd74,,08/19/2025 07:50:00 AM,30,NO CONTROLS,NO CONTROLS,RAIN,DAYLIGHT,FIXED OBJECT,NOT DIVIDED,,STRAIGHT AND LEVEL,WET,UNKNOWN,ON SCENE,NO INJURY / DRIVE AWAY,,,,"OVER $1,500",08/19/2025 07:54:00 AM,DRIVING SKILLS/KNOWLEDGE/EXPERIENCE,UNABLE TO DETERMINE,2219,W,MARQUETTE RD,832,,,,,,,1,NO INDICATION OF INJURY,0,0,0,0,0,1,0,7,3,8,41.7718928139,-87.6796348732,POINT (-87.679634873219 41.771892813926)
84d0f528e40786d29dd4fd60867913ab0c88fb7dc0fddd23696380b47a26c66bb9f75c3a66320539200c1c3a02efbbfb646e4e2208d95e18ff46be4fd0e0c44d,,08/19/2025 07:50:00 AM,30,NO CONTROLS,NO CONTROLS,CLEAR,DAYLIGHT,REAR END,NOT DIVIDED,,STRAIGHT AND LEVEL,DRY,NO DEFECTS,NOT ON SCENE (DESK REPORT),NO INJURY / DRIVE AWAY,,,,"$501 - $1,500",08/19/2025 09:00:00 AM,UNABLE TO DETERMINE,NOT APPLICABLE,3745,W,FERDINAND ST,1122,,,,,,,2,NO INDICATION OF INJURY,0,0,0,0,0,4,0,7,3,8,41.8897926945,-87.7203327996,POINT (-87.720332799555 41.88979269447)
85a3dde21842d07cde950ff5e7b64965d129083a4ba9dc1a37b37a5a2d373fcdf185589771f69f391377931b534e5038e33e13375bca62ad74f0ab06334178ee,,08/19/2025 07:50:00 AM,30,NO CONTROLS,NO CONTROLS,RAIN,DAYLIGHT,TURNING,DIVIDED - W/MEDIAN (NOT RAISED),,STRAIGHT AND LEVEL,WET,NO DEFECTS,ON SCENE,INJURY AND / OR TOW DUE TO CRASH,N,,,"OVER $1,500",08/19/2025 07:52:00 AM,FAILING TO YIELD RIGHT-OF-WAY,NOT APPLICABLE,1348,W,47TH ST,924,,,,,,,2,NO INDICATION OF INJURY,0,0,0,0,0,2,0,7,3,8,41.8087850158,-87.6595942506,POINT (-87.659594250644 41.808785015813)
a292721f44ccf27485e8d84ab9c24e6ac2a9a4f326c5aa4af67717ee2e65df97964c21d0e051c9bc975ae21d448e2105174670df753aa4643a25c98bca02de98,,08/19/2025 07:50:00 AM,30,STOP SIGN/FLASHER,FUNCTIONING PROPERLY,CLEAR,DAYLIGHT,ANGLE,FOUR WAY,,STRAIGHT AND LEVEL,DRY,NO DEFECTS,NOT ON SCENE (DESK REPORT),INJURY AND / OR TOW DUE TO CRASH,,,,"OVER $1,500",08/19/2025 10:15:00 AM,FAILING TO YIELD RIGHT-OF-WAY,UNABLE TO DETERMINE,5000,W,GEORGE ST,2521,,,,,,,2,"REPORTED, NOT EVIDENT",1,0,0,0,1,2,0,7,3,8,41.9334008471,-87.7517016613,POINT (-87.751701661317 41.93340084709)
d7a61f597429a2df39ffb32ba7f76617d6b2e981a17832cb71981424ddd7a8a5cb1ec13feaf82ec0e3047d800fbc8c578fda7158a9340b31dba307f88b356f77,,08/19/2025 07:50:00 AM,30,TRAFFIC SIGNAL,FUNCTIONING PROPERLY,CLEAR,DAYLIGHT,TURNING,NOT DIVIDED,,STRAIGHT AND LEVEL,DRY,NO DEFECTS,NOT ON SCENE (DESK REPORT),NO INJURY / DRIVE AWAY,Y,,,"OVER $1,500",08/19/2025 10:30:00 AM,FAILING TO YIELD RIGHT-OF-WAY,NOT APPLICABLE,3800,W,CONGRESS PKWY,1133,,,,,,,2,NO INDICATION OF INJURY,0,0,0,0,0,2,0,7,3,8,41.8745518803,-87.7204536586,POINT (-87.720453658604 41.874551880336)
1058f397e9cb6440861761c7179b52b69ce109ed8b134301b4a1338bc14ace917d70727800d77d68e06c32bcb5370bef9d6b8a3868d0d6aab33138b2c6901cba,,08/19/2025 07:45:00 AM,30,TRAFFIC SIGNAL,FUNCTIONING PROPERLY,RAIN,DAYLIGHT,TURNING,NOT DIVIDED,,STRAIGHT AND LEVEL,WET,NO DEFECTS,ON SCENE,INJURY AND / OR TOW DUE TO CRASH,Y,,Y,"OVER $1,500",08/19/2025 08:01:00 AM,IMPROPER TURNING/NO SIGNAL,IMPROPER TURNING/NO SIGNAL,8300,S,EXCHANGE AVE,423,,,,,,,2,NONINCAPACITATING INJURY,1,0,0,1,0,1,0,7,3,8,41.7445811965,-87.5529020208,POINT (-87.552902020838 41.744581196492)
7bb769fb1569484cbd68eee812f6bbd40aaede4d5857fc0e5d271d68ed8d29660fbbfa5b30c446fc1459245a4869adbf8427ba2d0847577f3c9654841adb7910,,08/19/2025 07:45:00 AM,30,TRAFFIC SIGNAL,FUNCTIONING PROPERLY,CLEAR,DAYLIGHT,REAR END,DIVIDED - W/MEDIAN (NOT RAISED),,STRAIGHT AND LEVEL,DRY,NO DEFECTS,NOT ON SCENE (DESK REPORT),NO INJURY / DRIVE AWAY,,,,$500 OR LESS,08/19/2025 11:20:00 AM,UNABLE TO DETERMINE,NOT APPLICABLE,2405,W,BELMONT AVE,1931,,,,,,,2,NO INDICATION OF INJURY,0,0,0,0,0,2,0,7,3,8,41.9393515686,-87.6883367694,POINT (-87.688336769432 41.939351568558)
869159063fefe066842e370f5450da55e1c40505fd6bfab37c0c03bdfba48fec6de017acbe034b18d62c1465041ba3ae6914d98313e89b1e05e159880a72bd97,,08/19/2025 07:45:00 AM,30,STOP SIGN/FLASHER,FUNCTIONING PROPERLY,CLEAR,DAYLIGHT,TURNING,T-INTERSECTION,,STRAIGHT AND LEVEL,DRY,NO DEFECTS,NOT ON SCENE (DESK REPORT),NO INJURY / DRIVE AWAY,,,,"$501 - $1,500",08/19/2025 08:00:00 AM,UNABLE TO DETERMINE,UNABLE TO DETERMINE,6700,N,RAVENSWOOD AVE,2432,,,,,,,2,NO INDICATION OF INJURY,0,0,0,0,0,2,0,7,3,8,42.0035095449,-87.6753180971,POINT (-87.675318097058 42.00350954486)
91e57ddc587e32e94df1ac4493d4ef0616966c799f7d16175e825bd0552eb3341522becedf1c063b6953da794ed479b5a939c5d2571066ba0954c7c6e7957302,Y,08/19/2025 07:45:00 AM,30,NO CONTROLS,NO CONTROLS,CLOUDY/OVERCAST,DAYLIGHT,PEDALCYCLIST,NOT DIVIDED,,STRAIGHT AND LEVEL,DRY,NO DEFECTS,ON SCENE,INJURY AND / OR TOW DUE TO CRASH,,,Y,$500 OR LESS,08/19/2025 08:58:00 AM,FAILING TO REDUCE SPEED TO AVOID CRASH,UNABLE TO DETERMINE,12,N,LARAMIE AVE,1522,,,,,,,2,NONINCAPACITATING INJURY,1,0,0,1,0,1,0,7,3,8,41.8807408041,-87.7552260306,POINT (-87.755226030588 41.88074080414)
2eef2b996f67a5eb27888c96fbb4a6519f1c7a9f02f45e235bf6cc37175b0a0d2689a44342e4949df874c2e63e2e40afbf9351050214ab35b3f39387c6226cb8,,08/19/2025 07:40:00 AM,20,NO CONTROLS,NO CONTROLS,RAIN,DAYLIGHT,PARKED MOTOR VEHICLE,NOT DIVIDED,,STRAIGHT AND LEVEL,WET,UNKNOWN,NOT ON SCENE (DESK REPORT),NO INJURY / DRIVE AWAY,,,,"OVER $1,500",08/23/2025 12:15:00 PM,UNABLE TO DETERMINE,UNABLE TO DETERMINE,5451,N,LINDER AVE,1623,,,,,,,2,NO INDICATION OF INJURY,0,0,0,0,0,1,0,7,3,8,41.9808194977,-87.7657947927,POINT (-87.765794792749 41.98081949766)
828696a43182930eae87c180d1e8ea0a02d0faf18d5c3442fb6b5231080bcb8c231aa02fd1fa5fd5d06f077bf40cdca24adc623bb7c4a716ef3dbca7c7e25b51,Y,08/19/2025 07:40:00 AM,10,NO CONTROLS,NO CONTROLS,RAIN,DAYLIGHT,PARKED MOTOR VEHICLE,PARKING LOT,,STRAIGHT AND LEVEL,WET,NO DEFECTS,ON SCENE,NO INJURY / DRIVE AWAY,,,,$500 OR LESS,08/19/2025 07:44:00 AM,IMPROPER TURNING/NO SIGNAL,DRIVING SKILLS/KNOWLEDGE/EXPERIENCE,2300,W,52ND ST,932,,Y,,,,,2,NO INDICATION OF INJURY,0,0,0,0,0,3,0,7,3,8,41.7989584438,-87.6819147822,POINT (-87.68191478221 41.798958443819)
3d4243aa98bd7888c8bc0951bd75939108aa3c70d3856abd206d497d7277fa0806c5b889b9603a72b78595bb983fa1ad01eb941fc8d559fa765527e1e27259d4,,08/19/2025 07:39:00 AM,30,TRAFFIC SIGNAL,FUNCTIONING PROPERLY,CLEAR,DAYLIGHT,TURNING,T-INTERSECTION,,STRAIGHT AND LEVEL,WET,NO DEFECTS,NOT ON SCENE (DESK REPORT),NO INJURY / DRIVE AWAY,Y,,,"$501 - $1,500",08/19/2025 09:00:00 AM,DISREGARDING TRAFFIC SIGNALS,FAILING TO YIELD RIGHT-OF-WAY,2347,N,CLYBOURN AVE,1811,,,,,,,2,NO INDICATION OF INJURY,0,0,0,0,0,2,0,7,3,8,41.924782296,-87.6686021752,POINT (-87.66860217518 41.924782295991)
9c9767c4a840b08be830b8f05a33fad8aa573710beeebbf81d1fc0ffc1763e19939960eb8c74b4277efc442866d3912e0e775dc339b83c9feba0022d96111a31,,08/19/2025 07:39:00 AM,25,TRAFFIC SIGNAL,FUNCTIONING PROPERLY,CLEAR,DAYLIGHT,PEDALCYCLIST,FOUR WAY,,STRAIGHT AND LEVEL,WET,UNKNOWN,ON SCENE,INJURY AND / OR TOW DUE TO CRASH,,,,"$501 - $1,500",08/19/2025 07:41:00 AM,DISREGARDING TRAFFIC SIGNALS,DISREGARDING TRAFFIC SIGNALS,400,E,MONROE DR,114,,,,,,,2,NONINCAPACITATING INJURY,1,0,0,1,0,1,0,7,3,8,41.8810297169,-87.6172815664,POINT (-87.617281566405 41.881029716883)
f6778362224fb5c9052ee2cb9ea76b24924a47d82e8428b78d08b9d1b07130cdfed63e74f3f6223327f227527de75d160da4292013c195e0d2b022c4ce3fd2aa,,08/19/2025 07:38:00 AM,30,TRAFFIC SIGNAL,FUNCTIONING PROPERLY,RAIN,DAYLIGHT,SIDESWIPE SAME DIRECTION,DIVIDED - W/MEDIAN (NOT RAISED),,STRAIGHT AND LEVEL,WET,NO DEFECTS,NOT ON SCENE (DESK REPORT),NO INJURY / DRIVE AWAY,,,Y,"OVER $1,500",08/19/2025 07:40:00 AM,UNABLE TO DETERMINE,UNABLE TO DETERMINE,2001,W,87TH ST,2221,,,,,,,2,NO INDICATION OF INJURY,0,0,0,0,0,2,0,7,3,8,41.7355447347,-87.6728012809,POINT (-87.672801280906 41.735544734727)
700f7fbf1f7ce8e3deebc7dee8ff59b9da88313826ed119fc43e156b7fc162d4516d20386c03ec0d4d6dcbede93c998426b1ea2db1300aa9a511b571e87a096e,,08/19/2025 07:35:00 AM,30,TRAFFIC SIGNAL,FUNCTIONING PROPERLY,UNKNOWN,DAYLIGHT,REAR END,DIVIDED - W/MEDIAN (NOT RAISED),,STRAIGHT AND LEVEL,DRY,UNKNOWN,NOT ON SCENE (DESK REPORT),NO INJURY / DRIVE AWAY,,,,"OVER $1,500",08/19/2025 08:15:00 AM,FOLLOWING TOO CLOSELY,UNABLE TO DETERMINE,2607,W,FULLERTON AVE,1431,,,,,,,2,NO INDICATION OF INJURY,0,0,0,0,0,2,0,7,3,8,41.9247421566,-87.6928871895,POINT (-87.692887189508 41.924742156567)
88e1caf05c89180f1a78415691853dcc0ca525cb3109f9a5e6578e22787082c7a3dbb5516a90c06dcf4da727f1617473b1df402773ad3eaf3723654a36df500d,,08/19/2025 07:30:00 AM,30,NO CONTROLS,NO CONTROLS,CLEAR,"DARKNESS, LIGHTED ROAD",PARKED MOTOR VEHICLE,ONE-WAY,,STRAIGHT AND LEVEL,DRY,UNKNOWN,NOT ON SCENE (DESK REPORT),NO INJURY / DRIVE AWAY,,,Y,"OVER $1,500",08/20/2025 05:40:00 PM,DRIVING SKILLS/KNOWLEDGE/EXPERIENCE,NOT APPLICABLE,2214,N,CLIFTON AVE,1811,,,,,,,2,NO INDICATION OF INJURY,0,0,0,0,0,1,0,7,3,8,41.92216229,-87.6572902354,POINT (-87.657290235422 41.922162289972)
27f5e9eda25de8ca27773a274cdadabb11a27ff42b9691276d64fdc3825718024d406ac68a06eaab0d9b4336acf85eb1197dfff2cf775fe45e79e9e4b901376a,,08/19/2025 07:29:00 AM,30,STOP SIGN/FLASHER,FUNCTIONING PROPERLY,RAIN,DAYLIGHT,PEDESTRIAN,TRAFFIC ROUTE,,STRAIGHT AND LEVEL,WET,NO DEFECTS,ON SCENE,INJURY AND / OR TOW DUE TO CRASH,,,,"OVER $1,500",08/19/2025 07:32:00 AM,IMPROPER BACKING,NOT APPLICABLE,4703,N,WINCHESTER AVE,1912,,,,,,,2,NONINCAPACITATING INJURY,1,0,0,1,0,1,0,7,3,8,41.9670910963,-87.6775006011,POINT (-87.677500601111 41.967091096315)
46876fd8d1bf821a82da284160fcb6ced6e3ec2346153251d9101f3e0c1a7f55e48f3b10885bf76ae372437e8edad6c32fc364400f8944bc4111126e8ae1dd98,,08/19/2025 07:25:00 AM,30,NO CONTROLS,NO CONTROLS,CLEAR,DAYLIGHT,REAR END,NOT DIVIDED,,STRAIGHT AND LEVEL,WET,UNKNOWN,NOT ON SCENE (DESK REPORT),NO INJURY / DRIVE AWAY,,,,"OVER $1,500",08/19/2025 08:00:00 AM,UNABLE TO DETERMINE,UNABLE TO DETERMINE,9600,S,VINCENNES AVE,2213,,,,,,,3,NO INDICATION OF INJURY,0,0,0,0,0,3,0,7,3,8,41.7191914717,-87.651577456,POINT (-87.651577456021 41.71919147167)
45876ef2707f8c137da88f84dcc455bb54d01cf8202ba97e304b3da8fd98de45791831c5049ba07cbfb9610aa5e1593bb314b1c1a5b6045743cdfdfa93ede9e9,,08/19/2025 07:20:00 AM,30,NO CONTROLS,NO CONTROLS,CLOUDY/OVERCAST,DAYLIGHT,REAR END,NOT DIVIDED,,STRAIGHT ON GRADE,WET,NO DEFECTS,ON SCENE,INJURY AND / OR TOW DUE TO CRASH,,,,"OVER $1,500",08/19/2025 07:20:00 AM,WEATHER,FOLLOWING TOO CLOSELY,1898,W,DEVON AVE,2432,,,,,,,2,NONINCAPACITATING INJURY,1,0,0,1,0,1,0,7,3,8,41.9980700483,-87.6767754344,POINT (-87.676775434372 41.998070048285)
e83f096cafc011363749c8ac8368bea1db8f1e048a22a35d2215f7e6bb8fc4636f17372649828e7dd63e4116bcac84ba937c24081689511d50ff74445524e151,,08/19/2025 07:15:00 AM,30,NO CONTROLS,NO CONTROLS,CLEAR,DAYLIGHT,SIDESWIPE SAME DIRECTION,DIVIDED - W/MEDIAN (NOT RAISED),,STRAIGHT AND LEVEL,WET,NO DEFECTS,NOT ON SCENE (DESK REPORT),NO INJURY / DRIVE AWAY,,,Y,$500 OR LESS,08/19/2025 07:50:00 AM,IMPROPER LANE USAGE,FAILING TO YIELD RIGHT-OF-WAY,6389,W,ADDISON ST,1633,,,,,,,2,NO INDICATION OF INJURY,0,0,0,0,0,2,0,7,3,8,41.945555092,-87.7861799674,POINT (-87.786179967376 41.945555091968)
8fdc5f55daf16e0b4c9855753723621417b199a12a9c635c7509bedccb1a5225cd2b43658398dd5623db508abd8695bec5fc801233ecd707f2568e871323a271,,08/19/2025 07:10:00 AM,30,TRAFFIC SIGNAL,FUNCTIONING PROPERLY,CLOUDY/OVERCAST,DAYLIGHT,TURNING,ONE-WAY,,STRAIGHT AND LEVEL,WET,NO DEFECTS,ON SCENE,NO INJURY / DRIVE AWAY,Y,,,"$501 - $1,500",08/19/2025 07:36:00 AM,NOT APPLICABLE,NOT APPLICABLE,65,E,OHIO ST,1834,,,,,,,2,NO INDICATION OF INJURY,0,0,0,0,0,2,0,7,3,8,41.8924134873,-87.6254533866,POINT (-87.625453386562 41.89241348727)
63b8a6a226066261487c61cfe33f92e0fadb1c4de4c28550a19eea5fdb25e4e38ac0dd7b6bd5f38fa195519af31a172cbfb403c3989197d230fd8263fe646e0b,,08/19/2025 07:06:00 AM,30,NO CONTROLS,NO CONTROLS,CLEAR,DAYLIGHT,SIDESWIPE SAME DIRECTION,NOT DIVIDED,,STRAIGHT AND LEVEL,UNKNOWN,UNKNOWN,ON SCENE,NO INJURY / DRIVE AWAY,,,,"$501 - $1,500",08/19/2025 07:15:00 AM,FAILING TO YIELD RIGHT-OF-WAY,UNABLE TO DETERMINE,1553,N,WESTERN AVE,1424,,,,,,,2,NO INDICATION OF INJURY,0,0,0,0,0,3,0,7,3,8,41.9100613074,-87.6870662342,POINT (-87.687066234235 41.910061307401)
49d8f55e3b7208575d18d02792af2d073c81cf7941e9fea46f980e4270292899d1eba2a42726a62346af8560888ff40403f5b309530384bb2f76db2aa16f00a0,,08/19/2025 07:01:00 AM,30,NO CONTROLS,NO CONTROLS,CLEAR,DAYLIGHT,FIXED OBJECT,OTHER,,STRAIGHT AND LEVEL,WET,NO DEFECTS,ON SCENE,INJURY AND / OR TOW DUE TO CRASH,,,,"OVER $1,500",08/19/2025 07:02:00 AM,UNABLE TO DETERMINE,NOT APPLICABLE,6150,N,MANNHEIM RD,1654,,,,,,,1,NO INDICATION OF INJURY,0,0,0,0,0,1,0,7,3,8,41.990932153,-87.8822811419,POINT (-87.882281141914 41.990932153049)
2926eec95909ccecd91d3d371678448f037278f9a96728c1e928f13938b6bd1af97b7e4a0807a0a52943d088cb27c005230708a5c509f0c4c3a1a165c62318a7,Y,08/19/2025 07:00:00 AM,30,TRAFFIC SIGNAL,NO CONTROLS,CLEAR,DAYLIGHT,REAR END,DIVIDED - W/MEDIAN (NOT RAISED),,STRAIGHT AND LEVEL,WET,NO DEFECTS,ON SCENE,NO INJURY / DRIVE AWAY,,,,"OVER $1,500",08/19/2025 07:20:00 AM,UNABLE TO DETERMINE,NOT APPLICABLE,1902,N,CENTRAL AVE,2515,,,,,,,2,NO INDICATION OF INJURY,0,0,0,0,0,2,0,7,3,8,41.9151270963,-87.7658406158,POINT (-87.765840615784 41.915127096276)
f57a6de0dfcb512f01d1cce1976d6ecf46d17d2cee28b4a96ab4fb4f1e31b297d27b62fd54fc628d574b0b9ed7d6e2d862c458847172ce5449bc254dda984db7,,08/19/2025 07:00:00 AM,30,NO CONTROLS,NO CONTROLS,CLEAR,UNKNOWN,PARKED MOTOR VEHICLE,ONE-WAY,,STRAIGHT AND LEVEL,DRY,NO DEFECTS,NOT ON SCENE (DESK REPORT),NO INJURY / DRIVE AWAY,,,Y,"OVER $1,500",08/21/2025 05:31:00 PM,"OPERATING VEHICLE IN ERRATIC, RECKLESS, CARELESS, NEGLIGENT OR AGGRESSIVE MANNER",NOT APPLICABLE,1272,W,73RD PL,734,,,,,,,2,NO INDICATION OF INJURY,0,0,0,0,0,1,0,7,3,8,41.7605753931,-87.6567838256,POINT (-87.65678382561 41.760575393129)
457c24a1d626b6132ecf9be29d1b750fd47ec1e9680cc53d6ec43e02bdaf8696704cb700d6e390614ddaa76f3b39ef8c3417c8a8105ebb33bb5c58524753db9e,,08/19/2025 06:55:00 AM,30,NO CONTROLS,NO CONTROLS,RAIN,DAYLIGHT,SIDESWIPE SAME DIRECTION,NOT DIVIDED,,STRAIGHT AND LEVEL,WET,NO DEFECTS,NOT ON SCENE (DESK REPORT),NO INJURY / DRIVE AWAY,,,,"OVER $1,500",08/19/2025 07:15:00 AM,UNABLE TO DETERMINE,UNABLE TO DETERMINE,13000,S,STONY ISLAND AVE,434,,,,,,,2,NO INDICATION OF INJURY,0,0,0,0,0,2,0,6,3,8,,,
346382532e3bbe72f87e45e35eddac8e643b7d6c730f05f5e43d7eeaae1aa87fcb3e55fdaf42951871100863a58ba5963e8fe8d59fbe467c59bea191d50d54c3,,08/19/2025 06:46:00 AM,35,STOP SIGN/FLASHER,FUNCTIONING PROPERLY,CLEAR,DAYLIGHT,REAR END,DIVIDED - W/MEDIAN BARRIER,,STRAIGHT AND LEVEL,DRY,UNKNOWN,ON SCENE,NO INJURY / DRIVE AWAY,,,,"OVER $1,500",08/19/2025 06:51:00 AM,DISTRACTION - FROM INSIDE VEHICLE,NOT APPLICABLE,2134,W,LAWRENCE AVE,2032,,,,,,,3,NO INDICATION OF INJURY,0,0,0,0,0,3,0,6,3,8,41.9688106535,-87.6829267184,POINT (-87.682926718449 41.968810653511)
2adffd037158c17bc2946a2f4c44f2f4eac3a121595fa63d4175dd6abe7466cabc4103f5f4fce304be7fd725d1a25ebe23ee76325d2fc0771a480ef3c72aeec9,,08/19/2025 06:41:00 AM,30,TRAFFIC SIGNAL,FUNCTIONING PROPERLY,CLEAR,DAYLIGHT,TURNING,DIVIDED - W/MEDIAN (NOT RAISED),,STRAIGHT AND LEVEL,WET,NO DEFECTS,ON SCENE,NO INJURY / DRIVE AWAY,Y,,,$500 OR LESS,08/19/2025 07:06:00 AM,IMPROPER TURNING/NO SIGNAL,IMPROPER TURNING/NO SIGNAL,2814,N,CALIFORNIA AVE,1411,,,,,,,2,NO INDICATION OF INJURY,0,0,0,0,0,2,0,6,3,8,41.9326073621,-87.6977758236,POINT (-87.697775823571 41.932607362076)
40b0fd10757d093bb92d9262616cd6136584a8608fbf8604d04f3284aa192cb5ac58c03e8d0f777324272418efaa63598df79cc43b6109df61df96120b569b51,,08/19/2025 06:40:00 AM,30,NO CONTROLS,NO CONTROLS,CLEAR,DAYLIGHT,REAR END,NOT DIVIDED,,STRAIGHT AND LEVEL,WET,NO DEFECTS,NOT ON SCENE (DESK REPORT),NO INJURY / DRIVE AWAY,,,,"OVER $1,500",08/19/2025 07:06:00 AM,UNABLE TO DETERMINE,UNABLE TO DETERMINE,5259,S,KEDZIE AVE,923,,,,,,,2,NO INDICATION OF INJURY,0,0,0,0,0,2,0,6,3,8,41.7972603909,-87.7035153252,POINT (-87.70351532519 41.797260390949)
951faaeb5546f2db1beeda096c8c1b5364109f8a7804c4764f75b5acf340439703965228a4e7c189ef0d502530721eed216fca7a0a8eb880f2427511fb9dbf1a,,08/19/2025 06:35:00 AM,30,STOP SIGN/FLASHER,UNKNOWN,CLEAR,DAWN,SIDESWIPE SAME DIRECTION,NOT DIVIDED,,STRAIGHT AND LEVEL,UNKNOWN,UNKNOWN,,NO INJURY / DRIVE AWAY,,,,"OVER $1,500",08/19/2025 10:12:00 AM,UNABLE TO DETERMINE,UNABLE TO DETERMINE,1618,W,119TH ST,2234,,,,,,,2,NO INDICATION OF INJURY,0,0,0,0,0,2,0,6,3,8,41.6776377634,-87.6621210547,POINT (-87.662121054667 41.677637763404)
e5dac29f25235dc4d97bde6ad4ea3adb7d3a0d0bec1ce1e0d0b974026f53b00edc9241d86414b575ce577c6e6232a44c13a237d30a9ebc6336513162b84473fb,,08/19/2025 06:30:00 AM,30,NO CONTROLS,NO CONTROLS,CLEAR,DAYLIGHT,PARKED MOTOR VEHICLE,DIVIDED - W/MEDIAN (NOT RAISED),,STRAIGHT AND LEVEL,DRY,NO DEFECTS,NOT ON SCENE (DESK REPORT),INJURY AND / OR TOW DUE TO CRASH,,,,"$501 - $1,500",08/19/2025 08:30:00 AM,PHYSICAL CONDITION OF DRIVER,UNABLE TO DETERMINE,3124,W,LAWRENCE AVE,1713,,,,,,,3,NO INDICATION OF INJURY,0,0,0,0,0,3,0,6,3,8,41.9685760996,-87.7071120735,POINT (-87.707112073501 41.968576099615)
06ec55c83ea4bb82eaf209421ed23e2bfb00900f76666135d0135396e009f0471e74b67a1c28b01042bd7de0b91873263304b00b3e0e43b1df4247349947e72c,,08/19/2025 06:20:00 AM,10,NO CONTROLS,NO CONTROLS,CLEAR,DARKNESS,PARKED MOTOR VEHICLE,PARKING LOT,,STRAIGHT AND LEVEL,DRY,NO DEFECTS,NOT ON SCENE (DESK REPORT),NO INJURY / DRIVE AWAY,,Y,Y,"OVER $1,500",08/21/2025 06:45:00 PM,IMPROPER LANE USAGE,UNABLE TO DETERMINE,12600,S,TORRENCE AVE,433,,,,,,,2,NO INDICATION OF INJURY,0,0,0,0,0,1,0,6,3,8,41.6661129912,-87.5590030803,POINT (-87.559003080261 41.666112991211)