CRASH_RECORD_ID,CRASH_DATE_EST_I,CRASH_DATE,POSTED_SPEED_LIMIT,TRAFFIC_CONTROL_DEVICE,DEVICE_CONDITION,WEATHER_CONDITION,LIGHTING_CONDITION,FIRST_CRASH_TYPE,TRAFFICWAY_TYPE,LANE_CNT,ALIGNMENT,ROADWAY_SURFACE_COND,ROAD_DEFECT,REPORT_TYPE,CRASH_TYPE,INTERSECTION_RELATED_I,NOT_RIGHT_OF_WAY_I,HIT_AND_RUN_I,DAMAGE,DATE_POLICE_NOTIFIED,PRIM_CONTRIBUTORY_CAUSE,SEC_CONTRIBUTORY_CAUSE,STREET_NO,STREET_DIRECTION,STREET_NAME,BEAT_OF_OCCURRENCE,PHOTOS_TAKEN_I,STATEMENTS_TAKEN_I,DOORING_I,WORK_ZONE_I,WORK_ZONE_TYPE,WORKERS_PRESENT_I,NUM_UNITS,MOST_SEVERE_INJURY,INJURIES_TOTAL,INJURIES_FATAL,INJURIES_INCAPACITATING,INJURIES_NON_INCAPACITATING,INJURIES_REPORTED_NOT_EVIDENT,INJURIES_NO_INDICATION,INJURIES_UNKNOWN,CRASH_HOUR,CRASH_DAY_OF_WEEK,CRASH_MONTH,LATITUDE,LONGITUDE,LOCATION
9e3980e1c1a888cd09ab607ec0032eb587925ccd4359ae220c1c6bde9d90b90330a47eda6199fab778d8a3c87141339ae2244c880cc8b787192c5a584a9f2539,,08/19/2025 06:20:00 AM,20,NO CONTROLS,NO CONTROLS,CLOUDY/OVERCAST,DAYLIGHT,PARKED MOTOR VEHICLE,ONE-WAY,,STRAIGHT AND LEVEL,DRY,NO DEFECTS,ON SCENE,INJURY AND / OR TOW DUE TO CRASH,,,Y,"OVER $1,500",08/19/2025 06:44:00 AM,UNABLE TO DETERMINE,UNABLE TO DETERMINE,9234,S,WOODLAWN AVE,413,,,,,,,3,NO INDICATION OF INJURY,0,0,0,0,0,1,0,6,3,8,41.7266160436,-87.595038676,POINT (-87.595038676024 41.726616043592)
bc2b9c2976cd4875f0e66e0c33e94de19824d498e33d683ee3aee8ccc4296b9fea36386c2764fafd41ce7aa4f37f13d4daeafd1644916ba2a92bca3abefb699c,,08/19/2025 06:16:00 AM,30,NO CONTROLS,NO CONTROLS,CLEAR,DAWN,TURNING,NOT DIVIDED,,STRAIGHT AND LEVEL,DRY,NO DEFECTS,,INJURY AND / OR TOW DUE TO CRASH,,,,"OVER $1,500",08/19/2025 06:16:00 AM,FAILING TO YIELD RIGHT-OF-WAY,UNABLE TO DETERMINE,2346,W,NORTH AVE,1434,,,,,,,2,NO INDICATION OF INJURY,0,0,0,0,0,2,0,6,3,8,41.9104397267,-87.6866544039,POINT (-87.686654403908 41.910439726744)
970bb34ba6eb0710d8a9540f8e284f041f1aaf8be5d73888df4999ea50d57f9c560d9cab696a8f649ebbfaa4788f3bec9d651b8c1ddb83bc6b52e8b8595d49b1,,08/19/2025 06:00:00 AM,30,TRAFFIC SIGNAL,FUNCTIONING PROPERLY,RAIN,DAYLIGHT,TURNING,FOUR WAY,,STRAIGHT AND LEVEL,WET,NO DEFECTS,ON SCENE,NO INJURY / DRIVE AWAY,Y,,,"OVER $1,500",08/19/2025 06:00:00 AM,FOLLOWING TOO CLOSELY,IMPROPER TURNING/NO SIGNAL,626,S,CICERO AVE,1533,,,,,,,2,NO INDICATION OF INJURY,0,0,0,0,0,2,0,6,3,8,41.8722680553,-87.7450830471,POINT (-87.745083047084 41.872268055263)
fc72551d2c19a82f36768559f0f68837e5cf2f9f844f1f1d3aad73f069cbaffc93104c74d47eac6cb6d507872258760d119323129a8935868846f6991fb5e6f4,,08/19/2025 05:40:00 AM,30,TRAFFIC SIGNAL,FUNCTIONING PROPERLY,RAIN,DAYLIGHT,ANGLE,FOUR WAY,,STRAIGHT AND LEVEL,WET,NO DEFECTS,ON SCENE,INJURY AND / OR TOW DUE TO CRASH,Y,,Y,"OVER $1,500",08/19/2025 05:45:00 AM,UNABLE TO DETERMINE,UNABLE TO DETERMINE,9100,S,COTTAGE GROVE AVE,633,,,,,,,2,FATAL,1,1,0,0,0,2,0,5,3,8,41.7293068345,-87.604792543,POINT (-87.604792543012 41.729306834503)
1503480d201192f6db394d17a51eb26f1a189ad06968eae6af15c84ec0173e38b3f8cf87a107c055e12f50cad469c3c5aede27998ddf6f75a826ef261fd2b528,,08/19/2025 05:23:00 AM,30,UNKNOWN,UNKNOWN,RAIN,DUSK,TURNING,NOT DIVIDED,,STRAIGHT AND LEVEL,WET,UNKNOWN,ON SCENE,NO INJURY / DRIVE AWAY,,,,"OVER $1,500",08/19/2025 05:25:00 AM,IMPROPER TURNING/NO SIGNAL,NOT APPLICABLE,5900,S,KNOX AVE,813,,,,,,,2,NO INDICATION OF INJURY,0,0,0,0,0,2,0,5,3,8,41.7843298046,-87.7389629663,POINT (-87.738962966266 41.784329804619)
f7869cafb6e86517ce70f834facdafc2a4c68e93a48dabb74db5073cb0f69317ac1ec35a7171e61ef97804a5838beefdcc7319cf12b010483d8263b4db82c162,,08/19/2025 05:00:00 AM,30,NO CONTROLS,NO CONTROLS,RAIN,DAWN,REAR END,DIVIDED - W/MEDIAN (NOT RAISED),,STRAIGHT AND LEVEL,WET,NO DEFECTS,ON SCENE,INJURY AND / OR TOW DUE TO CRASH,,,,"OVER $1,500",08/19/2025 05:00:00 AM,DISTRACTION - FROM INSIDE VEHICLE,DISTRACTION - FROM INSIDE VEHICLE,9501,S,DORCHESTER AVE,511,,,,,,,2,NO INDICATION OF INJURY,0,0,0,0,0,2,0,5,3,8,41.722195988,-87.5905058523,POINT (-87.590505852274 41.722195987955)
647f00a6c575dad65f7b98193c85c16cffef0f96f79ca2341aa73fcb855fa21fc90a0d0ce1e998b01541117ebc56c410976c685b481555ff639dd5abf8affdbe,,08/19/2025 04:35:00 AM,30,NO CONTROLS,NO CONTROLS,RAIN,"DARKNESS, LIGHTED ROAD",FIXED OBJECT,ONE-WAY,,STRAIGHT AND LEVEL,WET,UNKNOWN,ON SCENE,INJURY AND / OR TOW DUE TO CRASH,,,,"$501 - $1,500",08/19/2025 05:02:00 AM,"VISION OBSCURED (SIGNS, TREE LIMBS, BUILDINGS, ETC.)","VISION OBSCURED (SIGNS, TREE LIMBS, BUILDINGS, ETC.)",1023,W,GARFIELD BLVD,712,,,,,,,1,NO INDICATION OF INJURY,0,0,0,0,0,1,0,4,3,8,41.7937460755,-87.6510659219,POINT (-87.651065921856 41.793746075515)
dddf2c0c0c5f89868137b6f5c45d8220586890765c1074effb5f9b861ddea33a289ba24a921c7ccbeb5f9e71bd6c7359c41e88bac1eca843a4924862d3c6fb75,,08/19/2025 03:07:00 AM,25,OTHER WARNING SIGN,FUNCTIONING PROPERLY,RAIN,"DARKNESS, LIGHTED ROAD",FIXED OBJECT,ONE-WAY,,"CURVE, LEVEL",WET,NO DEFECTS,ON SCENE,INJURY AND / OR TOW DUE TO CRASH,,,,"$501 - $1,500",08/19/2025 03:08:00 AM,WEATHER,NOT APPLICABLE,1001,N,LAKE SHORE DR NB,1824,,,,,,,1,NO INDICATION OF INJURY,0,0,0,0,0,1,0,3,3,8,41.9011654159,-87.6195823059,POINT (-87.619582305888 41.901165415908)
a033329cb3fd464b3f2c03f8987c536e8aa42a0716670292be98df847a619bee19bf4e30d9abd5aa941bc0c662582008b9f7277fe31f8136594c7e8e20633040,Y,08/19/2025 03:00:00 AM,15,NO CONTROLS,NO CONTROLS,UNKNOWN,"DARKNESS, LIGHTED ROAD",PARKED MOTOR VEHICLE,PARKING LOT,,STRAIGHT AND LEVEL,DRY,NO DEFECTS,NOT ON SCENE (DESK REPORT),NO INJURY / DRIVE AWAY,,,Y,"OVER $1,500",08/19/2025 08:30:00 AM,UNABLE TO DETERMINE,NOT APPLICABLE,6206,N,HOYNE AVE,2413,,,,,,,2,NO INDICATION OF INJURY,0,0,0,0,0,1,0,3,3,8,41.9944707254,-87.6825452665,POINT (-87.682545266458 41.994470725425)
91c2babbb5dd5ed226bf5579ba5545020fa6bd31b887a0dd3b78be49307abb61a4ee4191a5a1f03d21041f9f71fc7774c150ec6b3afff54e3627960f5f91a5ab,,08/19/2025 02:57:00 AM,30,NO CONTROLS,NO CONTROLS,RAIN,UNKNOWN,OTHER NONCOLLISION,ALLEY,,STRAIGHT ON HILLCREST,WET,DEBRIS ON ROADWAY,NOT ON SCENE (DESK REPORT),NO INJURY / DRIVE AWAY,,,,$500 OR LESS,08/19/2025 03:00:00 AM,NOT APPLICABLE,NOT APPLICABLE,8738,S,COMMERCIAL AVE,423,,,,,,,1,NO INDICATION OF INJURY,0,0,0,0,0,1,0,2,3,8,41.736212191,-87.5515503145,POINT (-87.551550314505 41.736212191029)
a2bc79c48c235656064e636750b483ab4b1e171cd5795d3ae8e7fd2b03895bff6e7e2206f4a2105701f6a9f928f3a8a983413e8e6dd02e43344ca4a29732b8ab,,08/19/2025 02:56:00 AM,30,NO CONTROLS,NO CONTROLS,RAIN,"DARKNESS, LIGHTED ROAD",REAR TO FRONT,NOT DIVIDED,,STRAIGHT AND LEVEL,WET,NO DEFECTS,ON SCENE,INJURY AND / OR TOW DUE TO CRASH,,,N,"OVER $1,500",08/19/2025 02:56:00 AM,UNABLE TO DETERMINE,UNABLE TO DETERMINE,6731,S,SOUTH SHORE DR,334,,,,,,,2,NO INDICATION OF INJURY,0,0,0,0,0,2,0,2,3,8,41.7726317741,-87.5664733397,POINT (-87.566473339729 41.772631774106)
a8ecfd6416ca02a58d76773165eec3a58635f5df039152ca1d5d6062e09cdb02897667b7f203545f328c730a338d4773cf709e7be354c9940742a8626dc166f8,,08/19/2025 02:30:00 AM,20,NO CONTROLS,NO CONTROLS,CLEAR,"DARKNESS, LIGHTED ROAD",PARKED MOTOR VEHICLE,ONE-WAY,,STRAIGHT AND LEVEL,WET,NO DEFECTS,NOT ON SCENE (DESK REPORT),NO INJURY / DRIVE AWAY,,,Y,"OVER $1,500",08/19/2025 02:40:00 AM,IMPROPER OVERTAKING/PASSING,NOT APPLICABLE,2145,N,LAPORTE AVE,2522,,,,,,,2,NO INDICATION OF INJURY,0,0,0,0,0,1,0,2,3,8,41.9200509594,-87.7497364685,POINT (-87.749736468456 41.92005095943)
bb4fb832fd07ec9bba15896f9b94273c3075935bfed9d545b5f67a1cbbb6bf71b538d1018de252020acecb836a834fddfa98bf26631e4c4207e71d13d09c4380,,08/19/2025 02:16:00 AM,30,TRAFFIC SIGNAL,FUNCTIONING PROPERLY,RAIN,"DARKNESS, LIGHTED ROAD",REAR TO SIDE,FOUR WAY,,STRAIGHT AND LEVEL,WET,NO DEFECTS,ON SCENE,INJURY AND / OR TOW DUE TO CRASH,,,Y,"OVER $1,500",08/19/2025 02:20:00 AM,DISREGARDING TRAFFIC SIGNALS,NOT APPLICABLE,850,S,KOSTNER AVE,1131,,,,,,,2,NO INDICATION OF INJURY,0,0,0,0,0,2,0,2,3,8,41.8698037263,-87.7352418376,POINT (-87.735241837642 41.869803726295)
8707d5efc1afa46aaa10c21cb9dee2776899e09aa578415eb20125e041ba40fd57787240a2e108cdf35905f33ba58440df5d0c36fb02281b22fb830af3a28f3e,,08/19/2025 02:15:00 AM,30,NO CONTROLS,NO CONTROLS,RAIN,"DARKNESS, LIGHTED ROAD",FIXED OBJECT,NOT DIVIDED,,STRAIGHT AND LEVEL,WET,UNKNOWN,ON SCENE,INJURY AND / OR TOW DUE TO CRASH,,,N,"OVER $1,500",08/19/2025 02:52:00 AM,WEATHER,UNABLE TO DETERMINE,8209,S,YATES BLVD,423,,,,,,,1,NO INDICATION OF INJURY,0,0,0,0,0,1,0,2,3,8,41.7459618901,-87.565998728,POINT (-87.565998727972 41.745961890134)
58b66dec3af0a7daa0e561c1c2c996266b413beca9a844110c1e2e5e5e218cf001b57f73b7d13b870d051e0339d1063c7a65c3c40d17398cc6beeca34de95476,,08/19/2025 02:05:00 AM,30,NO CONTROLS,NO CONTROLS,RAIN,"DARKNESS, LIGHTED ROAD",FIXED OBJECT,NOT DIVIDED,,STRAIGHT AND LEVEL,WET,"RUT, HOLES",ON SCENE,INJURY AND / OR TOW DUE TO CRASH,,,,"OVER $1,500",08/19/2025 02:08:00 AM,UNABLE TO DETERMINE,NOT APPLICABLE,5100,S,WELLS ST,935,,,,,,,2,"REPORTED, NOT EVIDENT",1,0,0,0,1,0,0,2,3,8,41.8017945403,-87.6321527164,POINT (-87.632152716406 41.801794540257)
e3d2e8063386cfb6e1e8d03ed783673172c63b79fc73a8bf828521e59029cd687fd1d404a79bab73fabafc954a68c98153509196d80a0a7b4190648c182b0fbc,Y,08/19/2025 02:00:00 AM,30,NO CONTROLS,NO CONTROLS,RAIN,"DARKNESS, LIGHTED ROAD",SIDESWIPE SAME DIRECTION,DIVIDED - W/MEDIAN (NOT RAISED),,STRAIGHT AND LEVEL,WET,NO DEFECTS,ON SCENE,INJURY AND / OR TOW DUE TO CRASH,,,Y,"OVER $1,500",08/19/2025 02:10:00 AM,UNABLE TO DETERMINE,NOT APPLICABLE,5600,N,MANNHEIM RD,1654,,,,,,,3,NO INDICATION OF INJURY,0,0,0,0,0,4,0,2,3,8,41.9810210432,-87.8789119094,POINT (-87.878911909446 41.981021043185)
65b50d624a55dfce371d18fe15b6dd8dfb85637e218c1bc0fae6eb89c93126c654b2bf36d190dbea5e9b138be052f6c30af76c5def143142ab6d586e7a0557fa,,08/19/2025 01:39:00 AM,30,UNKNOWN,UNKNOWN,RAIN,"DARKNESS, LIGHTED ROAD",OTHER OBJECT,T-INTERSECTION,,STRAIGHT AND LEVEL,WET,UNKNOWN,ON SCENE,NO INJURY / DRIVE AWAY,,,,"OVER $1,500",08/19/2025 01:39:00 AM,UNABLE TO DETERMINE,UNABLE TO DETERMINE,4299,S,HALSTED ST,925,,,,,,,1,NO INDICATION OF INJURY,0,0,0,0,0,2,0,1,3,8,41.8162551847,-87.6455821443,POINT (-87.64558214433 41.816255184735)
6aa2a9a4da2a7f5d5ddce92dbb161fc5301bae289503961587f5452ec6d960cfaff74add3a86f271d51149a94b1e13313ea2bfdce941c07bcea4a7fdd6412390,,08/19/2025 01:24:00 AM,35,NO CONTROLS,UNKNOWN,RAIN,"DARKNESS, LIGHTED ROAD",PARKED MOTOR VEHICLE,NOT DIVIDED,,STRAIGHT AND LEVEL,WET,NO DEFECTS,ON SCENE,NO INJURY / DRIVE AWAY,,,Y,"OVER $1,500",08/19/2025 01:24:00 AM,UNABLE TO DETERMINE,NOT APPLICABLE,98,E,126TH ST,532,,,,,,,2,NO INDICATION OF INJURY,0,0,0,0,0,1,0,1,3,8,41.6645787641,-87.6201081644,POINT (-87.62010816442 41.664578764138)
7577cb904c93777d380d0a842fe43f6654c605323015e3e09f01f7fb69847fe594e4e4d6afbdc8fdd7c35b28bf348a2ebd66079b81c5673f68a7806a7bb56bd1,,08/19/2025 01:00:00 AM,30,NO CONTROLS,NO CONTROLS,RAIN,DARKNESS,FIXED OBJECT,NOT DIVIDED,,STRAIGHT AND LEVEL,DRY,UNKNOWN,NOT ON SCENE (DESK REPORT),NO INJURY / DRIVE AWAY,,,,"OVER $1,500",08/19/2025 05:37:00 PM,UNABLE TO DETERMINE,NOT APPLICABLE,2933,W,CHASE AVE,2411,,,,,,,1,NO INDICATION OF INJURY,0,0,0,0,0,1,0,1,3,8,42.0136930343,-87.7033369781,POINT (-87.70333697812 42.01369303433)
ba7163677985512e6c74721f6570d11c8336e717cd2f0e48d5e387e25ff6b2e4b35b84d6f4a04ce184b3f4d720199364daf0c2f73ef145845a103a6d3ca83ec4,,08/19/2025 12:55:00 AM,25,NO CONTROLS,NO CONTROLS,RAIN,"DARKNESS, LIGHTED ROAD",FIXED OBJECT,DIVIDED - W/MEDIAN BARRIER,,STRAIGHT AND LEVEL,WET,NO DEFECTS,ON SCENE,INJURY AND / OR TOW DUE TO CRASH,,,,"OVER $1,500",08/19/2025 01:00:00 AM,DRIVING ON WRONG SIDE/WRONG WAY,UNABLE TO DETERMINE,1000,N,LAKE SHORE DR SB,1824,,,,,,,1,"REPORTED, NOT EVIDENT",1,0,0,0,1,0,0,0,3,8,41.9009589191,-87.6199281737,POINT (-87.619928173678 41.900958919109)
8e3788578e491c4380253229a23e906a63df1be7a7d30ba7b6126bbaabaae9ef1fbf492e0000989888b61df138a52e0897f5b43891e194ebd67bc08ee3ecb408,,08/19/2025 12:45:00 AM,30,NO CONTROLS,FUNCTIONING PROPERLY,RAIN,DARKNESS,FIXED OBJECT,NOT DIVIDED,,STRAIGHT AND LEVEL,WET,NO DEFECTS,ON SCENE,INJURY AND / OR TOW DUE TO CRASH,N,,,"$501 - $1,500",08/19/2025 12:48:00 AM,UNABLE TO DETERMINE,UNABLE TO DETERMINE,6500,S,WENTWORTH AVE,722,,,,,,,1,"REPORTED, NOT EVIDENT",1,0,0,0,1,0,0,0,3,8,41.7765901409,-87.6302171981,POINT (-87.630217198102 41.776590140893)
f2838da1a13e4fec7a9861584055b29c6a248ad213c50bf472fd55efb3d0a49651c9ef4b0fc8a9fd3250a2610b9a69d97e8d4220f17944b906c603b1e75da8d6,,08/19/2025 12:30:00 AM,30,NO CONTROLS,NO CONTROLS,RAIN,"DARKNESS, LIGHTED ROAD",FIXED OBJECT,ONE-WAY,,STRAIGHT AND LEVEL,WET,NO DEFECTS,ON SCENE,NO INJURY / DRIVE AWAY,,,,$500 OR LESS,08/19/2025 02:01:00 AM,WEATHER,IMPROPER BACKING,813,N,KARLOV AVE,1111,,,,,,,1,NO INDICATION OF INJURY,0,0,0,0,0,1,0,0,3,8,41.8957720437,-87.7284136272,POINT (-87.728413627164 41.895772043719)
dd3593dcbed74c293da265a763083acd396eb351ec9e158e3efa9ba9f2202c9920cb8f0d0deabf1b74db52cbd663d1847340f728da9c1475c96afcf37879029f,,08/19/2025 12:10:00 AM,30,NO CONTROLS,NO CONTROLS,RAIN,"DARKNESS, LIGHTED ROAD",FIXED OBJECT,ONE-WAY,,STRAIGHT AND LEVEL,WET,NO DEFECTS,ON SCENE,INJURY AND / OR TOW DUE TO CRASH,,,,"OVER $1,500",08/19/2025 12:14:00 AM,ANIMAL,WEATHER,2854,W,VAN BUREN ST,1124,,,,,,,1,NO INDICATION OF INJURY,0,0,0,0,0,1,0,0,3,8,41.8760654227,-87.6983577942,POINT (-87.698357794172 41.876065422685)
10d27c507e33ea5ad4a6b777ba003e1191360691a9b1fcec7bee3129f631aa665260a5a13c38cf903f4379a49a63b06d5da8ec4781907ff793c07740a4119efa,,08/19/2025 12:04:00 AM,20,TRAFFIC SIGNAL,FUNCTIONING PROPERLY,RAIN,"DARKNESS, LIGHTED ROAD",FIXED OBJECT,NOT DIVIDED,,STRAIGHT AND LEVEL,WET,NO DEFECTS,ON SCENE,INJURY AND / OR TOW DUE TO CRASH,,,,"OVER $1,500",08/19/2025 12:12:00 AM,IMPROPER LANE USAGE,TEXTING,2153,N,MILWAUKEE AVE,1431,,,,,,,2,NO INDICATION OF INJURY,0,0,0,0,0,2,0,0,3,8,41.9204008262,-87.6930324986,POINT (-87.693032498589 41.920400826175)
848ad46b3b60175fce5cea7729ed8d5be80a04cd241502cd6ad6cb8bd072fd559926c27cd2e7b812dc58418214a3ff1aebecefdb59d18a4a8dcd7b911e3b14ad,,08/19/2025 12:00:00 AM,30,NO CONTROLS,NO CONTROLS,RAIN,"DARKNESS, LIGHTED ROAD",REAR END,NOT DIVIDED,,STRAIGHT AND LEVEL,WET,UNKNOWN,NOT ON SCENE (DESK REPORT),NO INJURY / DRIVE AWAY,,,Y,"OVER $1,500",08/19/2025 12:26:00 PM,UNABLE TO DETERMINE,WEATHER,2801,S,LAKE SHORE DR SB,133,,,,,,,2,NO INDICATION OF INJURY,0,0,0,0,0,2,0,0,3,8,41.8433275181,-87.6101594575,POINT (-87.61015945752 41.843327518136)
b6890544ef01a84d32fd0948eed4253c3bb1de2f30edb3bbd1daeff91f6c23ea0f51756e27fd9e82f36c6727afee58aaffd6ca46d1011aa46163a9f8778304cd,,08/19/2025 12:00:00 AM,25,NO CONTROLS,NO CONTROLS,RAIN,UNKNOWN,PARKED MOTOR VEHICLE,ONE-WAY,,STRAIGHT AND LEVEL,WET,NO DEFECTS,ON SCENE,NO INJURY / DRIVE AWAY,,,Y,"OVER $1,500",08/19/2025 08:15:00 AM,IMPROPER TURNING/NO SIGNAL,IMPROPER OVERTAKING/PASSING,5438,S,CLAREMONT AVE,932,,Y,,,,,2,NO INDICATION OF INJURY,0,0,0,0,0,1,0,0,3,8,41.7944985878,-87.6824532615,POINT (-87.682453261508 41.794498587808)
5c20725fc49970208667b25d84fc3f2889c7de82495cf19eeb4b90c5d371b80e1d1b721236addca86f2f9851fcecf6c118277ac19f86cb81fe838d7487b8dc0e,,08/18/2025 11:55:00 PM,30,NO CONTROLS,NO CONTROLS,RAIN,"DARKNESS, LIGHTED ROAD",PARKED MOTOR VEHICLE,NOT DIVIDED,,STRAIGHT AND LEVEL,WET,NO DEFECTS,ON SCENE,INJURY AND / OR TOW DUE TO CRASH,,,,"OVER $1,500",08/18/2025 11:56:00 PM,PHYSICAL CONDITION OF DRIVER,PHYSICAL CONDITION OF DRIVER,4799,N,CLARK ST,1913,,Y,,,,,3,INCAPACITATING INJURY,3,0,1,1,1,1,0,23,2,8,41.9688192976,-87.6673383225,POINT (-87.667338322513 41.968819297601)
736a64fefd8f9ed6eaa5a84658bedb8022a6b17c2985d291b5f7b763b1564765a61f68e07eef49cae508e30a25ab11d513b1d8576845c10569fc9039bf0b42b8,,08/18/2025 11:50:00 PM,25,NO CONTROLS,NO CONTROLS,RAIN,"DARKNESS, LIGHTED ROAD",PARKED MOTOR VEHICLE,ONE-WAY,,STRAIGHT AND LEVEL,WET,UNKNOWN,NOT ON SCENE (DESK REPORT),NO INJURY / DRIVE AWAY,,,,"$501 - $1,500",08/19/2025 12:40:00 AM,WEATHER,DRIVING ON WRONG SIDE/WRONG WAY,5001,N,WINCHESTER AVE,2032,,,,,,,2,NO INDICATION OF INJURY,0,0,0,0,0,2,0,23,2,8,41.9724601149,-87.6776415913,POINT (-87.677641591327 41.972460114942)
2bc8b863b5bb859fc9cdd7fe1daf3ff915f6b150d75e57a297240c89b8848aeb4f895b644ce355a9745d9ab47edf153c27fac871ee2c6df51aef4ab93ca47b44,,08/18/2025 11:39:00 PM,30,TRAFFIC SIGNAL,FUNCTIONING PROPERLY,RAIN,"DARKNESS, LIGHTED ROAD",PARKED MOTOR VEHICLE,NOT DIVIDED,,STRAIGHT AND LEVEL,WET,NO DEFECTS,ON SCENE,INJURY AND / OR TOW DUE TO CRASH,,,,"OVER $1,500",08/18/2025 11:51:00 PM,FAILING TO REDUCE SPEED TO AVOID CRASH,FAILING TO REDUCE SPEED TO AVOID CRASH,2800,W,38TH ST,911,,,,,,,2,NO INDICATION OF INJURY,0,0,0,0,0,1,0,23,2,8,41.8247210606,-87.6947879465,POINT (-87.694787946542 41.82472106059)
9116889e2575d4942dbb9ad96a17bd2f8a4e9a6149af6555e625cdeac2e2e26eaa27b1b26f674da46e1635e46085d16bcb90348e2db3f2672f8b97ef5fe0812f,,08/18/2025 11:25:00 PM,10,NO CONTROLS,NO CONTROLS,RAIN,"DARKNESS, LIGHTED ROAD",PARKED MOTOR VEHICLE,PARKING LOT,,STRAIGHT AND LEVEL,WET,NO DEFECTS,ON SCENE,NO INJURY / DRIVE AWAY,,,,"OVER $1,500",08/18/2025 11:26:00 PM,WEATHER,NOT APPLICABLE,10000,W,OHARE ST,1651,,,,,,,2,NO INDICATION OF INJURY,0,0,0,0,0,1,0,23,2,8,41.976201139,-87.9053091251,POINT (-87.905309125103 41.976201139024)
75cbf110a085d9c7902471c5592f89b657ad6e51752858c995b814f4469c30ebfee12214769ea21c4106f1d68a993b1b6ed63b9f49dfc4f802a956d3623fb01c,,08/18/2025 11:09:00 PM,30,TRAFFIC SIGNAL,FUNCTIONING PROPERLY,RAIN,"DARKNESS, LIGHTED ROAD",TURNING,"FIVE POINT, OR MORE",,STRAIGHT AND LEVEL,WET,UNKNOWN,ON SCENE,NO INJURY / DRIVE AWAY,Y,,,"OVER $1,500",08/18/2025 11:12:00 PM,FAILING TO YIELD RIGHT-OF-WAY,WEATHER,2798,N,DAMEN AVE,1931,,,,,,,2,NO INDICATION OF INJURY,0,0,0,0,0,2,0,23,2,8,41.9321584746,-87.6782810771,POINT (-87.678281077079 41.932158474566)
33ddad1de3bcc23ddd7fc2c0d76221c2aee21a90ff3c907bcfcbf247762d4a9eea062b80330275e9e912c7841a9189c4ae0b0969c1b86615f69d0cb928b5aee0,,08/18/2025 11:08:00 PM,20,NO CONTROLS,NO CONTROLS,RAIN,DARKNESS,PARKED MOTOR VEHICLE,ONE-WAY,,STRAIGHT AND LEVEL,WET,NO DEFECTS,ON SCENE,NO INJURY / DRIVE AWAY,,,Y,"OVER $1,500",08/19/2025 12:02:00 AM,UNABLE TO DETERMINE,UNABLE TO DETERMINE,3946,W,POLK ST,1132,,,,,,,2,NO INDICATION OF INJURY,0,0,0,0,0,1,0,23,2,8,41.8708364402,-87.7247610904,POINT (-87.724761090356 41.870836440177)
1abbf92fa659da74fa12ea5fe00ea55813e8a407fd23cc0e5e0af259ae9f862413144191044401712e3e33c1619da15607298bf3b10addac93e6a95118e4996a,,08/18/2025 11:00:00 PM,35,NO CONTROLS,NO CONTROLS,RAIN,"DARKNESS, LIGHTED ROAD",PEDESTRIAN,FOUR WAY,,STRAIGHT AND LEVEL,WET,NO DEFECTS,ON SCENE,INJURY AND / OR TOW DUE TO CRASH,,,Y,"OVER $1,500",08/18/2025 11:15:00 PM,UNABLE TO DETERMINE,NOT APPLICABLE,7900,S,WABASH AVE,623,,,,,,,2,"REPORTED, NOT EVIDENT",1,0,0,0,1,1,0,23,2,8,41.7508848447,-87.6231392595,POINT (-87.623139259499 41.750884844676)
8c0e39433329787dd0486b74542f9e0e290826a7bfaf81a014fd6d778e001be3e4b3f5a71dd000392b0b17cf96ee6503f621e6711fd4bc2bd5acfbe46cded36f,,08/18/2025 11:00:00 PM,30,NO CONTROLS,NO CONTROLS,UNKNOWN,"DARKNESS, LIGHTED ROAD",PARKED MOTOR VEHICLE,NOT DIVIDED,,STRAIGHT AND LEVEL,UNKNOWN,UNKNOWN,NOT ON SCENE (DESK REPORT),NO INJURY / DRIVE AWAY,,,Y,"OVER $1,500",08/19/2025 07:15:00 PM,UNABLE TO DETERMINE,UNABLE TO DETERMINE,1,S,ST LOUIS AVE,1123,,,,,,,2,NO INDICATION OF INJURY,0,0,0,0,0,1,0,23,2,8,41.8808230027,-87.7134641929,POINT (-87.713464192911 41.880823002734)
aa0b50b9dd09bf422739673236e601005159af9d0247ab00526f458566e07fd0a068ca4665166d16f7f8bc5b8c953f5fd0539c3e769c525d276c567850afe8ca,,08/18/2025 11:00:00 PM,30,NO CONTROLS,NO CONTROLS,UNKNOWN,UNKNOWN,PARKED MOTOR VEHICLE,NOT DIVIDED,,STRAIGHT AND LEVEL,UNKNOWN,NO DEFECTS,ON SCENE,NO INJURY / DRIVE AWAY,,,Y,"OVER $1,500",08/19/2025 11:20:00 AM,UNABLE TO DETERMINE,UNABLE TO DETERMINE,3658,S,RHODES AVE,212,,,,,,,2,NO INDICATION OF INJURY,0,0,0,0,0,1,0,23,2,8,41.8275644951,-87.6145666493,POINT (-87.614566649337 41.82756449513)