CRASH_RECORD_ID,CRASH_DATE_EST_I,CRASH_DATE,POSTED_SPEED_LIMIT,TRAFFIC_CONTROL_DEVICE,DEVICE_CONDITION,WEATHER_CONDITION,LIGHTING_CONDITION,FIRST_CRASH_TYPE,TRAFFICWAY_TYPE,LANE_CNT,ALIGNMENT,ROADWAY_SURFACE_COND,ROAD_DEFECT,REPORT_TYPE,CRASH_TYPE,INTERSECTION_RELATED_I,NOT_RIGHT_OF_WAY_I,HIT_AND_RUN_I,DAMAGE,DATE_POLICE_NOTIFIED,PRIM_CONTRIBUTORY_CAUSE,SEC_CONTRIBUTORY_CAUSE,STREET_NO,STREET_DIRECTION,STREET_NAME,BEAT_OF_OCCURRENCE,PHOTOS_TAKEN_I,STATEMENTS_TAKEN_I,DOORING_I,WORK_ZONE_I,WORK_ZONE_TYPE,WORKERS_PRESENT_I,NUM_UNITS,MOST_SEVERE_INJURY,INJURIES_TOTAL,INJURIES_FATAL,INJURIES_INCAPACITATING,INJURIES_NON_INCAPACITATING,INJURIES_REPORTED_NOT_EVIDENT,INJURIES_NO_INDICATION,INJURIES_UNKNOWN,CRASH_HOUR,CRASH_DAY_OF_WEEK,CRASH_MONTH,LATITUDE,LONGITUDE,LOCATION
b091028406d9f601afbb1dad9b66e3ed9427ecd03799b41da6813c9a7069ee2bf199cb9b3f80717ac0271afa63a867479c8298e7700e2d197274d204a2354173,,08/18/2025 11:00:00 PM,30,TRAFFIC SIGNAL,FUNCTIONING PROPERLY,RAIN,"DARKNESS, LIGHTED ROAD",REAR END,FOUR WAY,,STRAIGHT AND LEVEL,WET,NO DEFECTS,NOT ON SCENE (DESK REPORT),NO INJURY / DRIVE AWAY,,,Y,"OVER $1,500",08/18/2025 11:20:00 PM,FOLLOWING TOO CLOSELY,WEATHER,6300,S,WENTWORTH AVE,312,,,,,,,2,NO INDICATION OF INJURY,0,0,0,0,0,3,0,23,2,8,41.7799026134,-87.6302938056,POINT (-87.630293805556 41.779902613439)
11dcc819376a6eaaafb55bfb23e4a9c9717c7e11e1d0a8a287444bc44e3f30b49898f0456b0b6b9a7f28bd2a893079d785a9159172ee70c93c76b49cc5894ee4,,08/18/2025 10:57:00 PM,30,TRAFFIC SIGNAL,FUNCTIONING PROPERLY,RAIN,DARKNESS,ANGLE,FOUR WAY,,STRAIGHT AND LEVEL,WET,NO DEFECTS,ON SCENE,INJURY AND / OR TOW DUE TO CRASH,Y,,,"OVER $1,500",08/18/2025 10:57:00 PM,DISREGARDING TRAFFIC SIGNALS,FAILING TO YIELD RIGHT-OF-WAY,4336,W,NORTH AVE,2534,,,,,,,2,NONINCAPACITATING INJURY,1,0,0,1,0,1,0,22,2,8,41.9098818734,-87.7350750385,POINT (-87.73507503848 41.909881873407)
d14e84051b19c6abe947208f53b02ee66df7f4ec8624c8fe91022e888c954c61d0a24684f7f37d0846ea5d7747648ce37d453fd372397d67398e0d56b8dda226,,08/18/2025 10:28:00 PM,30,YIELD,FUNCTIONING PROPERLY,RAIN,"DARKNESS, LIGHTED ROAD",PARKED MOTOR VEHICLE,DIVIDED - W/MEDIAN BARRIER,,STRAIGHT AND LEVEL,WET,NO DEFECTS,ON SCENE,INJURY AND / OR TOW DUE TO CRASH,,,,"OVER $1,500",08/18/2025 10:47:00 PM,IMPROPER OVERTAKING/PASSING,UNABLE TO DETERMINE,4538,W,FULLERTON AVE,2521,,,,,,,3,NO INDICATION OF INJURY,0,0,0,0,0,2,0,22,2,8,41.9244266629,-87.7405327382,POINT (-87.740532738167 41.924426662907)
672cb94557e5ee5561c5cd0082b8b95ed8ccb65249491af5bb17af9e49f5d284367d262071f52c2e002ec03e46dc6881eff2b095863695598fa42631b8555fee,,08/18/2025 10:25:00 PM,30,NO CONTROLS,NO CONTROLS,RAIN,"DARKNESS, LIGHTED ROAD",PARKED MOTOR VEHICLE,DIVIDED - W/MEDIAN (NOT RAISED),,STRAIGHT AND LEVEL,WET,NO DEFECTS,NOT ON SCENE (DESK REPORT),NO INJURY / DRIVE AWAY,,,,"OVER $1,500",08/19/2025 12:25:00 AM,IMPROPER OVERTAKING/PASSING,NOT APPLICABLE,1716,N,NARRAGANSETT AVE,2513,,,,,,,2,NO INDICATION OF INJURY,0,0,0,0,0,1,0,22,2,8,41.9113920139,-87.7852218803,POINT (-87.785221880285 41.911392013903)
f7bde1ac0c4b10bd77e8e46ce8c7a76aba3accb5240689b07719eb9dc4eab873fe4a45d98cac3eec609a285e674bdbc802a41f8d56c35d215ea511a04b297b07,,08/18/2025 10:25:00 PM,30,PEDESTRIAN CROSSING SIGN,FUNCTIONING PROPERLY,CLEAR,"DARKNESS, LIGHTED ROAD",PEDESTRIAN,T-INTERSECTION,,STRAIGHT AND LEVEL,DRY,UNKNOWN,ON SCENE,INJURY AND / OR TOW DUE TO CRASH,,,Y,"OVER $1,500",08/18/2025 10:44:00 PM,UNABLE TO DETERMINE,NOT APPLICABLE,3500,N,ELSTON AVE,1733,,,,,,,2,NONINCAPACITATING INJURY,1,0,0,1,0,1,0,22,2,8,41.944745276,-87.7063142985,POINT (-87.706314298452 41.944745276013)
71102c36145468865887dc40afd1ac8773c89520af387afef1fdd020846c30f697e3ae46b97ca337b48b2685f253d4ef8103fa2b24641d5e223dc6b24199574a,,08/18/2025 10:20:00 PM,30,STOP SIGN/FLASHER,OTHER,CLEAR,"DARKNESS, LIGHTED ROAD",TURNING,NOT DIVIDED,,STRAIGHT AND LEVEL,WET,UNKNOWN,NOT ON SCENE (DESK REPORT),NO INJURY / DRIVE AWAY,,,Y,$500 OR LESS,08/18/2025 11:24:00 PM,FAILING TO YIELD RIGHT-OF-WAY,IMPROPER TURNING/NO SIGNAL,827,N,WABASH AVE,1833,,,,,,,2,NO INDICATION OF INJURY,0,0,0,0,0,2,0,22,2,8,41.8975004218,-87.6267234586,POINT (-87.626723458607 41.89750042178)
4d386102a23a7efac446022cb8c46d7b975dccfcfa551a3754e4a7c7acd4c010702fe16056244de26f3fa5ccb2ca9cb02437a21190affec96af220c9d4e79ced,,08/18/2025 10:15:00 PM,30,NO CONTROLS,NO CONTROLS,RAIN,"DARKNESS, LIGHTED ROAD",TURNING,NOT DIVIDED,,STRAIGHT AND LEVEL,WET,NO DEFECTS,NOT ON SCENE (DESK REPORT),NO INJURY / DRIVE AWAY,,,,"OVER $1,500",08/18/2025 11:39:00 PM,FAILING TO YIELD RIGHT-OF-WAY,IMPROPER LANE USAGE,10700,S,AVENUE O,432,,,,,,,2,NO INDICATION OF INJURY,0,0,0,0,0,4,0,22,2,8,41.7008543822,-87.5402359911,POINT (-87.54023599112 41.700854382206)
f867e760d78b922e75125ab9d1533052a86e561fc9ec46adf68d4953d4f743a8ce725729c03ee73dceeff80c76f85f25176e1e2f70b8dcc7c95f55b6b9574d44,,08/18/2025 10:15:00 PM,30,UNKNOWN,UNKNOWN,RAIN,"DARKNESS, LIGHTED ROAD",SIDESWIPE SAME DIRECTION,DIVIDED - W/MEDIAN (NOT RAISED),,STRAIGHT AND LEVEL,WET,UNKNOWN,ON SCENE,NO INJURY / DRIVE AWAY,,,Y,"OVER $1,500",08/18/2025 10:53:00 PM,IMPROPER LANE USAGE,UNABLE TO DETERMINE,7019,W,GRAND AVE,2512,,,,,,,2,NO INDICATION OF INJURY,0,0,0,0,0,2,0,22,2,8,41.9234380581,-87.8015714943,POINT (-87.801571494289 41.92343805814)
b837a82221855378401f5d2249db2fdcd1e66ef9a9944f7c250d9ca4d0d88ce424ee725197b839b935cd043e8323f57efe9f72c89babbc2fa364b1625aaa5458,,08/18/2025 10:10:00 PM,30,STOP SIGN/FLASHER,NO CONTROLS,RAIN,DARKNESS,PARKED MOTOR VEHICLE,ONE-WAY,,STRAIGHT AND LEVEL,WET,UNKNOWN,ON SCENE,INJURY AND / OR TOW DUE TO CRASH,,,Y,"OVER $1,500",08/18/2025 10:30:00 PM,UNABLE TO DETERMINE,NOT APPLICABLE,11251,S,FAIRFIELD AVE,2212,,,,,,,2,NO INDICATION OF INJURY,0,0,0,0,0,1,0,22,2,8,41.6883855239,-87.689502708,POINT (-87.689502708001 41.688385523923)
e8872a65a091095f7b818775043ed213ae2c440fd16b7e39cf39a00fd817d5b4a007e3a22b0c9e17649e5286ee72ba564112913b0d53906e542679c9bfe3c0f8,,08/18/2025 10:10:00 PM,30,NO CONTROLS,NO CONTROLS,RAIN,"DARKNESS, LIGHTED ROAD",REAR END,DIVIDED - W/MEDIAN (NOT RAISED),,STRAIGHT AND LEVEL,WET,NO DEFECTS,NOT ON SCENE (DESK REPORT),NO INJURY / DRIVE AWAY,,,Y,"OVER $1,500",08/19/2025 04:28:00 PM,UNABLE TO DETERMINE,NOT APPLICABLE,157,S,PULASKI RD,1122,,,,,,,2,NO INDICATION OF INJURY,0,0,0,0,0,2,0,22,2,8,41.8780268224,-87.7254330889,POINT (-87.725433088932 41.878026822384)
030ea6c886488c80f77c82f84156e23ef434f9a385afb2667488c4934741755b7f1d473194ca5af11ee917e05c94b8bd966059a7d80cddc6d402f1be4cbb3dd8,,08/18/2025 10:00:00 PM,25,STOP SIGN/FLASHER,NO CONTROLS,CLEAR,"DARKNESS, LIGHTED ROAD",SIDESWIPE OPPOSITE DIRECTION,FOUR WAY,,STRAIGHT AND LEVEL,DRY,NO DEFECTS,NOT ON SCENE (DESK REPORT),NO INJURY / DRIVE AWAY,,,,"OVER $1,500",08/19/2025 01:36:00 PM,UNABLE TO DETERMINE,UNABLE TO DETERMINE,8000,S,VINCENNES AVE,621,,,,,,,2,NO INDICATION OF INJURY,0,0,0,0,0,2,0,22,2,8,41.7488809702,-87.6348607958,POINT (-87.63486079575 41.748880970247)
68e13606b892943769970155ddd9b6e2be33fe114d64e33a406c7749bafa05b5cd110265cd48441f5a19e6889a33a47230412acdbeade4df6f1abde7586bffa0,,08/18/2025 10:00:00 PM,30,TRAFFIC SIGNAL,FUNCTIONING PROPERLY,RAIN,"DARKNESS, LIGHTED ROAD",REAR END,DIVIDED - W/MEDIAN (NOT RAISED),,STRAIGHT AND LEVEL,WET,NO DEFECTS,NOT ON SCENE (DESK REPORT),NO INJURY / DRIVE AWAY,Y,,,"$501 - $1,500",08/18/2025 11:35:00 PM,FAILING TO REDUCE SPEED TO AVOID CRASH,UNABLE TO DETERMINE,1000,N,STATE ST,1824,,,,,,,2,NO INDICATION OF INJURY,0,0,0,0,0,2,0,22,2,8,41.9005978565,-87.628459869,POINT (-87.628459869002 41.900597856491)
7b8a37ec597e3c83170e8402d8bc53a47a8cc33cd098bf5c0dea31f921749b5119abd7a31e11077b13193305c22b9fa9efc720d4264da4aab6429f4be0cece81,,08/18/2025 10:00:00 PM,30,STOP SIGN/FLASHER,FUNCTIONING PROPERLY,RAIN,"DARKNESS, LIGHTED ROAD",TURNING,FOUR WAY,,STRAIGHT AND LEVEL,WET,NO DEFECTS,,INJURY AND / OR TOW DUE TO CRASH,Y,,Y,"OVER $1,500",08/18/2025 10:45:00 PM,DISREGARDING STOP SIGN,DISREGARDING STOP SIGN,3700,S,LA SALLE ST,213,Y,Y,,,,,2,"REPORTED, NOT EVIDENT",1,0,0,0,1,4,0,22,2,8,41.8272803938,-87.6298674166,POINT (-87.629867416583 41.827280393802)
a7eb3df1f4ebad67e5b45726b4156e4f96a7e2c71d735a3dca67db2df8fb93dc3a347bf8025c0d1802684b66659e5ee49342373b94a6f3258f77f8d651954dcb,Y,08/18/2025 10:00:00 PM,30,TRAFFIC SIGNAL,FUNCTIONING PROPERLY,RAIN,"DARKNESS, LIGHTED ROAD",FIXED OBJECT,DIVIDED - W/MEDIAN (NOT RAISED),,STRAIGHT ON GRADE,WET,NO DEFECTS,ON SCENE,INJURY AND / OR TOW DUE TO CRASH,,Y,,"OVER $1,500",08/18/2025 10:04:00 PM,UNABLE TO DETERMINE,NOT APPLICABLE,2152,W,95TH ST,2221,,,,,,,1,INCAPACITATING INJURY,1,0,1,0,0,0,0,22,2,8,41.7211251453,-87.6769285559,POINT (-87.676928555922 41.721125145257)
dd58ec2e0d6311c7937ec56988ab895c58c8623d2b449c741c6224fc933cff0f328cd9b5433bf75b94a4d26cc52addeff2e18026d831867b330502a1904561f1,,08/18/2025 10:00:00 PM,30,NO CONTROLS,NO CONTROLS,RAIN,"DARKNESS, LIGHTED ROAD",REAR TO FRONT,DIVIDED - W/MEDIAN BARRIER,,STRAIGHT AND LEVEL,WET,NO DEFECTS,ON SCENE,NO INJURY / DRIVE AWAY,,,,"OVER $1,500",08/18/2025 10:53:00 PM,WEATHER,NOT APPLICABLE,4100,S,HALSTED ST,925,,,,,,,3,NO INDICATION OF INJURY,0,0,0,0,0,6,0,22,2,8,41.8202163934,-87.6459842815,POINT (-87.645984281536 41.820216393394)
68a7ac93efe8c6df10344659fb5c31725357ba582d71f8d16f572c7e3a37f828d30e5baf22ef88dd6bd72854adfa01470078e6074cd15c75b39dde081724bdd6,,08/18/2025 09:46:00 PM,25,STOP SIGN/FLASHER,UNKNOWN,RAIN,"DARKNESS, LIGHTED ROAD",FIXED OBJECT,NOT DIVIDED,,STRAIGHT AND LEVEL,WET,NO DEFECTS,ON SCENE,INJURY AND / OR TOW DUE TO CRASH,,,,"OVER $1,500",08/18/2025 09:46:00 PM,UNABLE TO DETERMINE,UNABLE TO DETERMINE,4401,S,EVANS AVE,221,,,,,,,1,"REPORTED, NOT EVIDENT",2,0,0,0,2,1,0,21,2,8,41.8148782366,-87.6081706971,POINT (-87.608170697122 41.814878236598)
e2a5692935dff47ecea42eef739018f8151a4f43d244fa87f1a98f550907aea539527d75cc8e9848e3ee0ced05e3b526c0f96cee0032ccf19be11524c59d4120,,08/18/2025 09:45:00 PM,30,TRAFFIC SIGNAL,UNKNOWN,RAIN,"DARKNESS, LIGHTED ROAD",REAR END,FOUR WAY,,STRAIGHT AND LEVEL,WET,UNKNOWN,NOT ON SCENE (DESK REPORT),NO INJURY / DRIVE AWAY,,,,"OVER $1,500",08/18/2025 10:00:00 PM,UNABLE TO DETERMINE,NOT APPLICABLE,2758,W,LAWRENCE AVE,2031,,,,,,,2,NO INDICATION OF INJURY,0,0,0,0,0,2,0,21,2,8,41.9686430444,-87.6984917224,POINT (-87.698491722355 41.968643044359)
77a587fb9ea1e48c9ad751541ed9a643d8233f96340fb47fc486d5fe49c4676dd94a66690a3dce99921f4fde6084158acc85c8b2f0f6464b4ed7b675af3348cd,,08/18/2025 09:35:00 PM,30,NO CONTROLS,NO CONTROLS,RAIN,"DARKNESS, LIGHTED ROAD",PARKED MOTOR VEHICLE,OTHER,,STRAIGHT AND LEVEL,WET,UNKNOWN,ON SCENE,NO INJURY / DRIVE AWAY,,,,"OVER $1,500",08/18/2025 09:42:00 PM,FAILING TO REDUCE SPEED TO AVOID CRASH,NOT APPLICABLE,5248,W,OHIO ST,1524,,,,,,,2,NO INDICATION OF INJURY,0,0,0,0,0,1,0,21,2,8,41.8912894961,-87.7574581232,POINT (-87.757458123219 41.891289496111)
d8f0c371717e18b3a4d9686cdb12c7fc0d79793d96738f3c471bcbeb8991efdbac0e17a5ac63b6d690509a3c25f0ca27b03bfb878ec9652f1bb3d580c6b906ce,,08/18/2025 09:30:00 PM,30,TRAFFIC SIGNAL,FUNCTIONING PROPERLY,RAIN,"DARKNESS, LIGHTED ROAD",TURNING,NOT DIVIDED,,STRAIGHT AND LEVEL,WET,NO DEFECTS,ON SCENE,NO INJURY / DRIVE AWAY,Y,,,"OVER $1,500",08/18/2025 09:33:00 PM,UNABLE TO DETERMINE,UNABLE TO DETERMINE,4757,W,LAWRENCE AVE,1722,,,,,,,2,NO INDICATION OF INJURY,0,0,0,0,0,5,0,21,2,8,41.9679212296,-87.74760057,POINT (-87.74760056998 41.967921229647)
dd3055e653c94c7db49e0872ba6e2d6da07bbb243a5d84d7db46355ca3249d6cf8a1e130fa7b42a7035be59ba57207540d25ece53e5900e0d538a3aeb5088f29,,08/18/2025 09:30:00 PM,30,NO CONTROLS,NO CONTROLS,UNKNOWN,"DARKNESS, LIGHTED ROAD",FIXED OBJECT,DIVIDED - W/MEDIAN (NOT RAISED),,STRAIGHT AND LEVEL,WET,UNKNOWN,ON SCENE,INJURY AND / OR TOW DUE TO CRASH,,,,"OVER $1,500",08/18/2025 09:35:00 PM,UNABLE TO DETERMINE,NOT APPLICABLE,9561,S,HALSTED ST,2223,,,,,,,1,NO INDICATION OF INJURY,0,0,0,0,0,1,0,21,2,8,41.7197399376,-87.643021238,POINT (-87.643021238015 41.719739937589)
46785b8db247370212596cd5c779fbbe96b1e60fe5c72a34c415f0704eac2081b3ed258aed9ded797e4f512fa1e46cab44f93977b19e836c148c6b602bf97618,,08/18/2025 09:20:00 PM,30,TRAFFIC SIGNAL,FUNCTIONING PROPERLY,RAIN,"DARKNESS, LIGHTED ROAD",REAR END,DIVIDED - W/MEDIAN (NOT RAISED),,STRAIGHT AND LEVEL,WET,NO DEFECTS,NOT ON SCENE (DESK REPORT),NO INJURY / DRIVE AWAY,,,,"OVER $1,500",08/18/2025 10:45:00 PM,FOLLOWING TOO CLOSELY,WEATHER,1600,N,WESTERN AVE,1434,,,,,,,2,NO INDICATION OF INJURY,0,0,0,0,0,2,0,21,2,8,41.9104090236,-87.6873702684,POINT (-87.687370268401 41.910409023629)
4652942e1df752dd68ec4dfe27e8959c5115e9180712d355686b0ae0021c66bd1231397d141186c05158f822b78c7f877fe18d03531cae55fcbf8e5976bd990f,,08/18/2025 09:15:00 PM,30,NO CONTROLS,NO CONTROLS,RAIN,"DARKNESS, LIGHTED ROAD",SIDESWIPE SAME DIRECTION,NOT DIVIDED,,STRAIGHT AND LEVEL,WET,UNKNOWN,NOT ON SCENE (DESK REPORT),NO INJURY / DRIVE AWAY,,,,$500 OR LESS,08/18/2025 10:30:00 PM,FAILING TO YIELD RIGHT-OF-WAY,FAILING TO YIELD RIGHT-OF-WAY,230,N,MICHIGAN AVE,111,,,,,,,2,NO INDICATION OF INJURY,0,0,0,0,0,2,0,21,2,8,41.8865172887,-87.6246776864,POINT (-87.624677686429 41.88651728872)
503d27f4151dcea5524400258d67a1e034c3aa82de35c3581fc358c2528c2d965650a1e0c8df47ba123c6ce8a61e600d21d12f06403aef2d8c39f6d05d49b13e,,08/18/2025 09:09:00 PM,30,NO CONTROLS,NO CONTROLS,RAIN,"DARKNESS, LIGHTED ROAD",FIXED OBJECT,PARKING LOT,,STRAIGHT AND LEVEL,WET,NO DEFECTS,ON SCENE,INJURY AND / OR TOW DUE TO CRASH,,,,"OVER $1,500",08/18/2025 09:10:00 PM,UNABLE TO DETERMINE,NOT APPLICABLE,3907,W,MADISON ST,1122,,,,,,,1,NO INDICATION OF INJURY,0,0,0,0,0,1,0,21,2,8,41.8806439071,-87.7235163787,POINT (-87.72351637874 41.880643907076)
ab1575d63e639902929119ee5bd1a4760ae1244ae70d5498474b70b378e329b3fee18b24c5f468a9caedad574d835caaf8e172bbd22284bfe9e583f9acd70d07,,08/18/2025 09:00:00 PM,30,NO CONTROLS,NO CONTROLS,RAIN,DARKNESS,PARKED MOTOR VEHICLE,NOT DIVIDED,,STRAIGHT AND LEVEL,WET,NO DEFECTS,ON SCENE,NO INJURY / DRIVE AWAY,,,Y,"OVER $1,500",08/19/2025 09:04:00 AM,UNABLE TO DETERMINE,UNABLE TO DETERMINE,6642,S,RACINE AVE,724,,,,,,,2,NO INDICATION OF INJURY,0,0,0,0,0,1,0,21,2,8,41.7728743437,-87.6544677401,POINT (-87.654467740052 41.772874343654)
c5c14266f589a64543e472b3fc9b993e1720dde6e6234cbdcb582a095c092589d07e56173bc5b665fbe5716416b3fa79c100e65c758aa8c6e5a21ee9b238d924,,08/18/2025 09:00:00 PM,30,NO CONTROLS,NO CONTROLS,CLEAR,UNKNOWN,PARKED MOTOR VEHICLE,ONE-WAY,,STRAIGHT AND LEVEL,DRY,NO DEFECTS,NOT ON SCENE (DESK REPORT),NO INJURY / DRIVE AWAY,,,Y,"OVER $1,500",08/20/2025 02:29:00 PM,NOT APPLICABLE,NOT APPLICABLE,5032,S,MAY ST,933,,,,,,,2,NO INDICATION OF INJURY,0,0,0,0,0,1,0,21,2,8,41.8022906659,-87.6540139284,POINT (-87.654013928351 41.802290665855)
be197159707da84efb8d3c454d1e29bc32b3450b2b5e61d140b6e75ebb95576544d497b3bf82783238244bdda1794929d3c1226cf6c4db1de424d21d12b2c865,,08/18/2025 08:55:00 PM,30,NO CONTROLS,NO CONTROLS,RAIN,"DARKNESS, LIGHTED ROAD",PARKED MOTOR VEHICLE,DIVIDED - W/MEDIAN (NOT RAISED),,STRAIGHT AND LEVEL,WET,NO DEFECTS,ON SCENE,INJURY AND / OR TOW DUE TO CRASH,,,,"OVER $1,500",08/18/2025 08:55:00 PM,WEATHER,WEATHER,1904,W,71ST ST,735,,,,,,,3,NO INDICATION OF INJURY,0,0,0,0,0,1,0,20,2,8,41.764941275,-87.671333473,POINT (-87.671333473026 41.764941275024)
547f5909a5fa14f19cb52c48ee6d3f586b60af0777c9de0ca5fe3f85462c9a17b8287edc660c92aa09cd5c93e69bfc08ae5ef8e2e0301d6e982f9ba45c445ac9,,08/18/2025 08:45:00 PM,30,NO CONTROLS,NO CONTROLS,RAIN,"DARKNESS, LIGHTED ROAD",FIXED OBJECT,OTHER,,STRAIGHT AND LEVEL,WET,UNKNOWN,NOT ON SCENE (DESK REPORT),NO INJURY / DRIVE AWAY,,,,"OVER $1,500",08/18/2025 09:20:00 PM,UNABLE TO DETERMINE,NOT APPLICABLE,4668,S,ASHLAND AVE,924,,,,,,,1,NO INDICATION OF INJURY,0,0,0,0,0,1,0,20,2,8,41.8086199571,-87.6651195801,POINT (-87.665119580141 41.808619957073)
70b9ad3322ab6e81ddff54e466432602f927cd9ef1d8f79c7105046aaab63e4a54f35710a745f27031f7f1411d3bf898d1d3e39928683b7c0bb8339a002c6828,,08/18/2025 08:44:00 PM,30,TRAFFIC SIGNAL,FUNCTIONING PROPERLY,RAIN,"DARKNESS, LIGHTED ROAD",SIDESWIPE SAME DIRECTION,DIVIDED - W/MEDIAN (NOT RAISED),,STRAIGHT AND LEVEL,WET,UNKNOWN,ON SCENE,NO INJURY / DRIVE AWAY,,,,"OVER $1,500",08/18/2025 08:58:00 PM,WEATHER,UNABLE TO DETERMINE,1405,W,76TH ST,612,,,,,,,2,NO INDICATION OF INJURY,0,0,0,0,0,4,0,20,2,8,41.755770239,-87.6589604706,POINT (-87.658960470634 41.755770239005)
f3ddec5a4e236053c70f3ee2cd6aeb1c822cfc19ccd97a43b6e429c6150c70779b46f8be7461afbaa71787d6444ab7f181a1b8bd611273eedf23e23c7b1050f6,,08/18/2025 08:42:00 PM,25,NO CONTROLS,NO CONTROLS,RAIN,DARKNESS,ANGLE,NOT DIVIDED,,STRAIGHT AND LEVEL,WET,NO DEFECTS,NOT ON SCENE (DESK REPORT),NO INJURY / DRIVE AWAY,,,,$500 OR LESS,08/18/2025 09:34:00 PM,IMPROPER OVERTAKING/PASSING,NOT APPLICABLE,735,S,LARAMIE AVE,1533,,,,,,,2,NO INDICATION OF INJURY,0,0,0,0,0,2,0,20,2,8,41.8710028187,-87.7545771532,POINT (-87.75457715316 41.871002818652)
740b6e283571047efaf9eacb4751d6cff627a1aec68650159aefb4f021d040824787087c9fc32bb7cb783fb905b9117cffefe55cc93bcb2cc41003098ffadcc9,,08/18/2025 08:40:00 PM,30,NO CONTROLS,UNKNOWN,UNKNOWN,DAYLIGHT,SIDESWIPE OPPOSITE DIRECTION,FOUR WAY,,STRAIGHT AND LEVEL,UNKNOWN,UNKNOWN,NOT ON SCENE (DESK REPORT),NO INJURY / DRIVE AWAY,,,Y,"$501 - $1,500",08/18/2025 09:30:00 PM,UNABLE TO DETERMINE,UNABLE TO DETERMINE,4058,W,BELMONT AVE,1731,,,,,,,2,NO INDICATION OF INJURY,0,0,0,0,0,2,0,20,2,8,41.9391730926,-87.7295234275,POINT (-87.729523427493 41.939173092597)
d7fd00a54c92485e6902b8dc3f883c59e07c4d390b227d234f242f0c20b95975f11d2ed1bafa93036d90a7e08f4360f5f85ee22433d217d46f09a970d6c56454,,08/18/2025 08:30:00 PM,30,STOP SIGN/FLASHER,FUNCTIONING PROPERLY,CLEAR,"DARKNESS, LIGHTED ROAD",ANGLE,ONE-WAY,,STRAIGHT AND LEVEL,WET,NO DEFECTS,NOT ON SCENE (DESK REPORT),NO INJURY / DRIVE AWAY,,,Y,"OVER $1,500",08/18/2025 08:50:00 PM,UNABLE TO DETERMINE,NOT APPLICABLE,8800,S,EMERALD AVE,2223,,,,,,,2,NO INDICATION OF INJURY,0,0,0,0,0,2,0,20,2,8,41.7342290023,-87.64249509,POINT (-87.642495089961 41.734229002282)
f094dd7880095480dbd1437bd861b1bf7710a3e1df7f98973e9d15ce59feb2bd0d75f085a799a42911143246816557c616fe17c10bac3c74520444b3d90ba2fb,,08/18/2025 08:30:00 PM,30,NO CONTROLS,NO CONTROLS,RAIN,"DARKNESS, LIGHTED ROAD",SIDESWIPE SAME DIRECTION,NOT DIVIDED,,STRAIGHT AND LEVEL,WET,UNKNOWN,ON SCENE,NO INJURY / DRIVE AWAY,,,Y,"OVER $1,500",08/18/2025 08:34:00 PM,IMPROPER LANE USAGE,UNABLE TO DETERMINE,5550,N,HARLEM AVE,1612,,,,,,,2,NO INDICATION OF INJURY,0,0,0,0,0,2,0,20,2,8,41.9822157329,-87.8070884677,POINT (-87.80708846766 41.982215732864)
968537a9013ea6f5073e08a8d091f5c32e67c3f3f5ec1987101bb7a572bcbaf5ef0b0aaf022c4da15bc0d3d058cfcae11b305cb222fedae8daaca8b7a9ad4a87,,08/18/2025 08:23:00 PM,30,NO CONTROLS,NO CONTROLS,RAIN,"DARKNESS, LIGHTED ROAD",PEDALCYCLIST,NOT DIVIDED,,STRAIGHT AND LEVEL,WET,NO DEFECTS,ON SCENE,INJURY AND / OR TOW DUE TO CRASH,,,,"OVER $1,500",08/18/2025 08:23:00 PM,FAILING TO REDUCE SPEED TO AVOID CRASH,FAILING TO REDUCE SPEED TO AVOID CRASH,1752,W,FOSTER AVE,2012,,,N,,,,2,NONINCAPACITATING INJURY,1,0,0,1,0,1,0,20,2,8,41.9762157788,-87.6742159931,POINT (-87.674215993085 41.976215778843)
d122c70bda8231c57a6c6ff478a958d81920ebcc95bc7a860b895857123e2c8dba04b8441506acace1b0a66c0d33acabca6f922de7badb821be129f0da8d4dcf,,08/18/2025 08:20:00 PM,30,NO CONTROLS,NO CONTROLS,RAIN,"DARKNESS, LIGHTED ROAD",PEDESTRIAN,NOT DIVIDED,,STRAIGHT AND LEVEL,WET,NO DEFECTS,ON SCENE,INJURY AND / OR TOW DUE TO CRASH,,,Y,"OVER $1,500",08/18/2025 08:20:00 PM,FAILING TO REDUCE SPEED TO AVOID CRASH,NOT APPLICABLE,8700,S,MORGAN ST,2222,,,,,,,2,NONINCAPACITATING INJURY,1,0,0,1,0,1,0,20,2,8,41.7359123855,-87.6486391961,POINT (-87.648639196132 41.73591238555)
f7174159e6e9fa4a6a4f28b8ffdfe94f50c055524bcaad0b4e22ba3ecd7efd40bebc5d570c8bbd303f0d9362a135933f2b8877569bcf05bbacb462d4bb71bb52,,08/18/2025 08:20:00 PM,25,UNKNOWN,UNKNOWN,UNKNOWN,UNKNOWN,ANGLE,FOUR WAY,,STRAIGHT AND LEVEL,UNKNOWN,UNKNOWN,NOT ON SCENE (DESK REPORT),NO INJURY / DRIVE AWAY,,,Y,"OVER $1,500",08/18/2025 09:30:00 PM,NOT APPLICABLE,NOT APPLICABLE,10000,S,ESCANABA AVE,431,,,,,,,2,NO INDICATION OF INJURY,0,0,0,0,0,2,0,20,2,8,41.7132961515,-87.5538474927,POINT (-87.553847492704 41.7132961515)