CRASH_RECORD_ID,CRASH_DATE_EST_I,CRASH_DATE,POSTED_SPEED_LIMIT,TRAFFIC_CONTROL_DEVICE,DEVICE_CONDITION,WEATHER_CONDITION,LIGHTING_CONDITION,FIRST_CRASH_TYPE,TRAFFICWAY_TYPE,LANE_CNT,ALIGNMENT,ROADWAY_SURFACE_COND,ROAD_DEFECT,REPORT_TYPE,CRASH_TYPE,INTERSECTION_RELATED_I,NOT_RIGHT_OF_WAY_I,HIT_AND_RUN_I,DAMAGE,DATE_POLICE_NOTIFIED,PRIM_CONTRIBUTORY_CAUSE,SEC_CONTRIBUTORY_CAUSE,STREET_NO,STREET_DIRECTION,STREET_NAME,BEAT_OF_OCCURRENCE,PHOTOS_TAKEN_I,STATEMENTS_TAKEN_I,DOORING_I,WORK_ZONE_I,WORK_ZONE_TYPE,WORKERS_PRESENT_I,NUM_UNITS,MOST_SEVERE_INJURY,INJURIES_TOTAL,INJURIES_FATAL,INJURIES_INCAPACITATING,INJURIES_NON_INCAPACITATING,INJURIES_REPORTED_NOT_EVIDENT,INJURIES_NO_INDICATION,INJURIES_UNKNOWN,CRASH_HOUR,CRASH_DAY_OF_WEEK,CRASH_MONTH,LATITUDE,LONGITUDE,LOCATION
ec09298a541e12fe108f8bd089073944004276fc11186380599e8ccabe3b9eb2803fd8ba92e915c13af360ad548898c87cb3f203f37f7a28215244baf165086d,,08/18/2025 08:15:00 PM,30,TRAFFIC SIGNAL,UNKNOWN,RAIN,DARKNESS,PARKED MOTOR VEHICLE,ONE-WAY,,STRAIGHT AND LEVEL,WET,UNKNOWN,ON SCENE,INJURY AND / OR TOW DUE TO CRASH,,,Y,"OVER $1,500",08/18/2025 08:17:00 PM,UNABLE TO DETERMINE,UNABLE TO DETERMINE,3709,W,ARGYLE ST,1712,,,,,,,2,NO INDICATION OF INJURY,0,0,0,0,0,1,0,20,2,8,41.9718518426,-87.7211938366,POINT (-87.72119383659 41.971851842559)
29d5be0de1071f3bfb0dc5e8782b22af53f221de8d8a1eecca4459cf939f9da839ccb810da48cc3dd1f826c7f9e503f2f30d31d8c6a4636a5748fce6c006a692,,08/18/2025 08:11:00 PM,35,NO CONTROLS,FUNCTIONING PROPERLY,RAIN,"DARKNESS, LIGHTED ROAD",FIXED OBJECT,DIVIDED - W/MEDIAN BARRIER,,"CURVE, LEVEL",WET,UNKNOWN,ON SCENE,NO INJURY / DRIVE AWAY,,,,"OVER $1,500",08/18/2025 08:11:00 PM,UNABLE TO DETERMINE,NOT APPLICABLE,200,E,130TH ST,532,,,,,,,1,NO INDICATION OF INJURY,0,0,0,0,0,1,0,20,2,8,41.6592135131,-87.6171890928,POINT (-87.617189092757 41.659213513068)
30bb0b44ad6efbe20106b8ef0c00a5c32224bcd09ce0607022873dc2e247a491d580ae38f9caf7b5a520ffed17ebda515d9718a5556606489bad7ebe99e7d115,,08/18/2025 08:09:00 PM,30,NO CONTROLS,NO CONTROLS,RAIN,DARKNESS,REAR END,NOT DIVIDED,,STRAIGHT AND LEVEL,WET,NO DEFECTS,ON SCENE,NO INJURY / DRIVE AWAY,,,,"OVER $1,500",08/18/2025 08:09:00 PM,IMPROPER TURNING/NO SIGNAL,IMPROPER TURNING/NO SIGNAL,2665,N,HALSTED ST,1935,,,,,,,2,NO INDICATION OF INJURY,0,0,0,0,0,3,0,20,2,8,41.9308998968,-87.648803203,POINT (-87.648803203039 41.930899896796)
a97063ea540eee1cb63a34050463bc053e6e6a57e97eab9eb7493c177a8d46f364790b28d592cbe70d557978e6c760197ecc74808dd016c1cc5e51b599476268,,08/18/2025 08:05:00 PM,30,NO CONTROLS,NO CONTROLS,RAIN,"DARKNESS, LIGHTED ROAD",PEDALCYCLIST,NOT DIVIDED,,STRAIGHT AND LEVEL,WET,NO DEFECTS,NOT ON SCENE (DESK REPORT),INJURY AND / OR TOW DUE TO CRASH,,,,$500 OR LESS,08/18/2025 08:09:00 PM,FAILING TO YIELD RIGHT-OF-WAY,NOT APPLICABLE,2253,N,LINCOLN AVE,1812,,,Y,,,,2,INCAPACITATING INJURY,1,0,1,0,0,1,0,20,2,8,41.9231521016,-87.6453432405,POINT (-87.64534324048 41.923152101616)
21f841b64e7aa21d5157c8500ec60f8441013ac9371f5c07140db8559371054f1e51ee0764c596f3f2e9e09598d35373d1a6fbdba3fdbaccebbca993db2fc8fb,,08/18/2025 08:00:00 PM,30,TRAFFIC SIGNAL,FUNCTIONING PROPERLY,RAIN,"DARKNESS, LIGHTED ROAD",SIDESWIPE SAME DIRECTION,NOT DIVIDED,,STRAIGHT AND LEVEL,WET,NO DEFECTS,,NO INJURY / DRIVE AWAY,Y,,,"OVER $1,500",08/19/2025 07:40:00 AM,IMPROPER LANE USAGE,FAILING TO YIELD RIGHT-OF-WAY,1330,W,DIVISION ST,1433,,,,,,,2,NO INDICATION OF INJURY,0,0,0,0,0,3,0,20,2,8,41.9035383318,-87.6617871662,POINT (-87.661787166244 41.903538331786)
610a34bf3bc9334817cca4e32ff80caa579673cd6b17a6dc26f63e32d7583de7f7916576d3f79a73838db900a2fb6dca23b154066b743b3cd4816c59cb9806ca,,08/18/2025 08:00:00 PM,35,UNKNOWN,UNKNOWN,RAIN,"DARKNESS, LIGHTED ROAD",SIDESWIPE SAME DIRECTION,NOT DIVIDED,,STRAIGHT AND LEVEL,WET,UNKNOWN,NOT ON SCENE (DESK REPORT),NO INJURY / DRIVE AWAY,,,,"OVER $1,500",08/18/2025 09:52:00 PM,IMPROPER OVERTAKING/PASSING,FAILING TO YIELD RIGHT-OF-WAY,10000,W,OHARE ST,1651,,,,,,,2,NO INDICATION OF INJURY,0,0,0,0,0,2,0,20,2,8,41.976201139,-87.9053091251,POINT (-87.905309125103 41.976201139024)
460de8cc13424a97d4f5689709f1a7288bfaf9a7420671024c010a6ac91e69b5d9d3b5500173c3e09cbc695179ead3f39eb11ca3e68cc16e7d649d0f6aa8a288,Y,08/18/2025 07:58:00 PM,30,TRAFFIC SIGNAL,FUNCTIONING PROPERLY,RAIN,DARKNESS,PEDALCYCLIST,"FIVE POINT, OR MORE",,STRAIGHT AND LEVEL,WET,NO DEFECTS,ON SCENE,INJURY AND / OR TOW DUE TO CRASH,Y,,,$500 OR LESS,08/18/2025 07:59:00 PM,DISREGARDING TRAFFIC SIGNALS,FAILING TO REDUCE SPEED TO AVOID CRASH,1600,N,CLYBOURN AVE,1813,,,Y,,,,2,NONINCAPACITATING INJURY,1,0,0,1,0,2,0,19,2,8,41.9108656861,-87.649664933,POINT (-87.649664933008 41.910865686084)
894df2fc1a0b54f01c34531debc98511646956affee899e4ab5f827bcfb645856a2abd57187864f1b048a510934776c811b4c221787903b75cd8a1d6c8aae296,,08/18/2025 07:58:00 PM,25,NO CONTROLS,NO CONTROLS,CLEAR,DAYLIGHT,ANGLE,ONE-WAY,,STRAIGHT AND LEVEL,DRY,NO DEFECTS,NOT ON SCENE (DESK REPORT),NO INJURY / DRIVE AWAY,,,,"OVER $1,500",08/19/2025 02:15:00 PM,FAILING TO YIELD RIGHT-OF-WAY,FAILING TO REDUCE SPEED TO AVOID CRASH,2544,N,RIDGEWAY AVE,2524,,,,,,,2,NO INDICATION OF INJURY,0,0,0,0,0,4,0,19,2,8,41.9276823773,-87.7208883135,POINT (-87.720888313489 41.927682377253)
84828755d28473fde558a3f7b0eb6ff77e170f95f6ffa2215dcd59633b7d779b819f28a715c5e4799f63f1c16e1e10d6ab37d4c881be592444eefd650f2c9749,,08/18/2025 07:54:00 PM,25,STOP SIGN/FLASHER,OTHER,RAIN,DAWN,PEDESTRIAN,NOT DIVIDED,,STRAIGHT AND LEVEL,WET,NO DEFECTS,NOT ON SCENE (DESK REPORT),INJURY AND / OR TOW DUE TO CRASH,Y,,Y,"$501 - $1,500",08/19/2025 06:33:00 PM,NOT APPLICABLE,NOT APPLICABLE,751,W,WAVELAND AVE,1925,,,,,,,2,"REPORTED, NOT EVIDENT",1,0,0,0,1,1,0,19,2,8,41.9490531667,-87.6483752294,POINT (-87.648375229416 41.949053166742)
26e3e953ec9fe78801bfc4d66a329874d3d190a6cf9a9ca554450a6d614d1ce79977bd6141aa62dece650023394444147509a617ebe8130b2af3f680e1a42060,,08/18/2025 07:50:00 PM,30,TRAFFIC SIGNAL,FUNCTIONING PROPERLY,RAIN,"DARKNESS, LIGHTED ROAD",REAR END,Y-INTERSECTION,,STRAIGHT AND LEVEL,WET,NO DEFECTS,NOT ON SCENE (DESK REPORT),NO INJURY / DRIVE AWAY,,,Y,"OVER $1,500",08/18/2025 08:45:00 PM,FOLLOWING TOO CLOSELY,UNABLE TO DETERMINE,8700,S,SOUTH CHICAGO AVE,423,,,,,,,2,NO INDICATION OF INJURY,0,0,0,0,0,2,0,19,2,8,41.7370429734,-87.5656969534,POINT (-87.565696953391 41.737042973423)
82dcd0da6ec3562329aa8bb7eeea962754b85da818948ab6c3eeb3577be8a19be31f2a72116b71ad6ad6aaa2518b093b2ac5ec4ca6960008717f96f6d1f5e752,,08/18/2025 07:40:00 PM,30,NO CONTROLS,NO CONTROLS,RAIN,"DARKNESS, LIGHTED ROAD",REAR END,ONE-WAY,,STRAIGHT AND LEVEL,WET,NO DEFECTS,ON SCENE,NO INJURY / DRIVE AWAY,,,,"$501 - $1,500",08/18/2025 07:42:00 PM,WEATHER,NOT APPLICABLE,700,W,MONROE ST,121,,,,,,,2,NO INDICATION OF INJURY,0,0,0,0,0,2,0,19,2,8,41.8806389113,-87.644136495,POINT (-87.644136495041 41.880638911328)
142a7ec75d27a62e21f7a4f42db2b83f7c8dde35d90052af84b3877dd79f7a07a6df5044445f52afc015436886a4c1cb2f9691a7b6df942070a67546de15235e,,08/18/2025 07:33:00 PM,30,YIELD,UNKNOWN,UNKNOWN,UNKNOWN,REAR END,NOT DIVIDED,,STRAIGHT AND LEVEL,UNKNOWN,UNKNOWN,NOT ON SCENE (DESK REPORT),NO INJURY / DRIVE AWAY,,,,"OVER $1,500",08/18/2025 08:04:00 PM,UNABLE TO DETERMINE,UNABLE TO DETERMINE,4427,W,IRVING PARK RD,1731,,,,,,,3,NO INDICATION OF INJURY,0,0,0,0,0,3,0,19,2,8,41.9534048943,-87.7392201637,POINT (-87.739220163748 41.953404894341)
f0c5e7452715f6c7ee2514d3c7cbbaeeecd297c21b23c23bfa716300b1f103373c66f743f38b8b8302f6defd9c966d182ae8a8832a049cedd5154d2ef7c05c99,Y,08/18/2025 07:30:00 PM,30,TRAFFIC SIGNAL,FUNCTIONING PROPERLY,RAIN,"DARKNESS, LIGHTED ROAD",HEAD ON,FOUR WAY,,STRAIGHT AND LEVEL,WET,NO DEFECTS,ON SCENE,INJURY AND / OR TOW DUE TO CRASH,Y,,,"OVER $1,500",08/18/2025 07:47:00 PM,WEATHER,NOT APPLICABLE,4001,W,MADISON ST,1115,,,,,,,2,INCAPACITATING INJURY,2,0,1,0,1,0,0,19,2,8,41.8806148421,-87.7257888312,POINT (-87.725788831205 41.880614842122)
12ce6e5aeafde0be8a44b6a498344f6739482127d6aa3569a3311385aa28e4bb04b8817f98a96708ed069f4e57a75139409abf41a850c115e3d03b07b2a90564,,08/18/2025 07:21:00 PM,30,TRAFFIC SIGNAL,UNKNOWN,CLEAR,"DARKNESS, LIGHTED ROAD",TURNING,DIVIDED - W/MEDIAN (NOT RAISED),,STRAIGHT AND LEVEL,DRY,UNKNOWN,ON SCENE,INJURY AND / OR TOW DUE TO CRASH,Y,,,"OVER $1,500",08/18/2025 07:22:00 PM,FAILING TO YIELD RIGHT-OF-WAY,UNABLE TO DETERMINE,5331,W,LAWRENCE AVE,1623,,,,,,,2,NONINCAPACITATING INJURY,2,0,0,2,0,2,0,19,2,8,41.9677698157,-87.7607034297,POINT (-87.760703429685 41.967769815741)
d09c4bc0f24a803c00aea1ab7af2bda97930ceab8941a409111c7ead78d9124988e5150e1dd6ce33a801639a10c26911e46a142125cd99d10ed2b19ea75dc254,,08/18/2025 07:15:00 PM,30,NO CONTROLS,NO CONTROLS,RAIN,DUSK,TURNING,DIVIDED - W/MEDIAN (NOT RAISED),,STRAIGHT AND LEVEL,WET,UNKNOWN,ON SCENE,NO INJURY / DRIVE AWAY,,,,"OVER $1,500",08/18/2025 07:17:00 PM,IMPROPER OVERTAKING/PASSING,UNABLE TO DETERMINE,2601,N,KIMBALL AVE,1412,,,,,,,2,NO INDICATION OF INJURY,0,0,0,0,0,3,0,19,2,8,41.9283654152,-87.7120549889,POINT (-87.712054988883 41.928365415194)
ff4a71da120bc22801b5ae0c83fe312f0664455658419be9e0e439db5e2cfec599d314f799617f0cd40435cd16ff66ac9624b4b8b346d165ec8f47989c6fa10e,,08/18/2025 07:07:00 PM,30,TRAFFIC SIGNAL,FUNCTIONING PROPERLY,RAIN,"DARKNESS, LIGHTED ROAD",HEAD ON,DIVIDED - W/MEDIAN (NOT RAISED),,STRAIGHT AND LEVEL,WET,NO DEFECTS,ON SCENE,NO INJURY / DRIVE AWAY,,,,"OVER $1,500",08/18/2025 07:10:00 PM,WEATHER,WEATHER,724,E,83RD ST,631,,,,,,,2,NO INDICATION OF INJURY,0,0,0,0,0,4,0,19,2,8,41.7440562264,-87.6063909496,POINT (-87.606390949555 41.744056226411)
90685f5a23324e17b051598da65407e7211940ec436d4e694c45a8a54dc32d31190e5cfaf630c3649b71101623648186b40fa87787f5ff47a216db499e8a4e8d,,08/18/2025 07:02:00 PM,25,STOP SIGN/FLASHER,FUNCTIONING PROPERLY,RAIN,"DARKNESS, LIGHTED ROAD",TURNING,NOT DIVIDED,,STRAIGHT AND LEVEL,WET,NO DEFECTS,ON SCENE,INJURY AND / OR TOW DUE TO CRASH,Y,,,"OVER $1,500",08/18/2025 07:04:00 PM,DISREGARDING OTHER TRAFFIC SIGNS,FAILING TO YIELD RIGHT-OF-WAY,400,S,CICERO AVE,1533,,,,,,,2,NONINCAPACITATING INJURY,5,0,0,5,0,0,0,19,2,8,41.8749523027,-87.7452122463,POINT (-87.745212246332 41.874952302696)
0f5fef82a4a770a924b5763c1365203f90cb848c8a7de0b99d0e8f644ad907b9bfb5d9f968d78723b5e72bc3759c3fb8a9dca2f11c533fb6cf9c4dddf1abfe59,,08/18/2025 07:00:00 PM,30,NO CONTROLS,NO CONTROLS,RAIN,"DARKNESS, LIGHTED ROAD",PARKED MOTOR VEHICLE,NOT DIVIDED,,STRAIGHT AND LEVEL,WET,NO DEFECTS,ON SCENE,NO INJURY / DRIVE AWAY,,,,"OVER $1,500",08/18/2025 07:11:00 PM,WEATHER,WEATHER,707,N,HAMLIN AVE,1112,,,,,,,3,NO INDICATION OF INJURY,0,0,0,0,0,1,0,19,2,8,41.8938508258,-87.7209955921,POINT (-87.720995592099 41.893850825844)
1256400ac96ce458064b8a2775afa39eff6233759269fb9d6537283b45723183969e3514c1529a69027c80dcc91d6ede5e6478047d0772131c71507b77051dd1,,08/18/2025 07:00:00 PM,30,TRAFFIC SIGNAL,FUNCTIONING PROPERLY,RAIN,"DARKNESS, LIGHTED ROAD",SIDESWIPE SAME DIRECTION,NOT DIVIDED,,STRAIGHT AND LEVEL,WET,NO DEFECTS,NOT ON SCENE (DESK REPORT),NO INJURY / DRIVE AWAY,,,Y,"OVER $1,500",08/19/2025 08:45:00 PM,IMPROPER OVERTAKING/PASSING,UNABLE TO DETERMINE,9500,S,COLFAX AVE,431,,,,,,,2,NO INDICATION OF INJURY,0,0,0,0,0,2,0,19,2,8,41.7226027789,-87.5608678863,POINT (-87.56086788635 41.72260277893)
7b5a8092b49abab7e089eeba16c64e139043a68c0ab7e66abb18e764061997bc98904cd378b26c3960533bc77765a5c3d361520461da6046c849b9aed527a791,,08/18/2025 07:00:00 PM,30,NO CONTROLS,NO CONTROLS,RAIN,"DARKNESS, LIGHTED ROAD",SIDESWIPE SAME DIRECTION,UNKNOWN,,STRAIGHT AND LEVEL,WET,UNKNOWN,NOT ON SCENE (DESK REPORT),INJURY AND / OR TOW DUE TO CRASH,,,Y,"OVER $1,500",08/23/2025 02:00:00 AM,UNABLE TO DETERMINE,NOT APPLICABLE,4314,W,CERMAK RD,1012,,,,,,,2,"REPORTED, NOT EVIDENT",1,0,0,0,1,1,0,19,2,8,41.8515342904,-87.732763814,POINT (-87.732763813977 41.851534290442)
da36c1936f508642be16fb9e9a0eb324cee3de3799a1fb6822ba9eec85cf1cdafd8db514a0ac80e82597add4d4f8ae66222d31f443105c00f48cbbff9af6d1c5,,08/18/2025 06:57:00 PM,30,NO CONTROLS,NO CONTROLS,CLEAR,DAYLIGHT,FIXED OBJECT,DIVIDED - W/MEDIAN (NOT RAISED),,STRAIGHT AND LEVEL,DRY,UNKNOWN,ON SCENE,NO INJURY / DRIVE AWAY,,,Y,"OVER $1,500",08/18/2025 07:00:00 PM,DRIVING SKILLS/KNOWLEDGE/EXPERIENCE,UNABLE TO DETERMINE,351,E,MARQUETTE RD,322,,,,,,,1,NO INDICATION OF INJURY,0,0,0,0,0,1,0,18,2,8,41.7728382097,-87.6167583826,POINT (-87.616758382587 41.772838209688)
351ac60905975b3c9ea80dd5ac813360bb27cba9675895e51fc9886ac19dd345a4c726254d3270437adc6c030b95538dea16783278ce34783dfaf3a1415b77c0,,08/18/2025 06:54:00 PM,30,UNKNOWN,UNKNOWN,UNKNOWN,UNKNOWN,PARKED MOTOR VEHICLE,UNKNOWN,,STRAIGHT AND LEVEL,UNKNOWN,UNKNOWN,NOT ON SCENE (DESK REPORT),NO INJURY / DRIVE AWAY,,,,"OVER $1,500",08/18/2025 07:47:00 PM,NOT APPLICABLE,NOT APPLICABLE,4376,N,OAKLEY AVE,1911,,,,,,,2,NO INDICATION OF INJURY,0,0,0,0,0,1,0,18,2,8,41.9612513007,-87.6864026824,POINT (-87.686402682353 41.961251300725)
765da618a1297a49a0423e40a30207f7b4c11f85c241700f5ab108addeabd1c4d3a1c6300941a488e9d103c13e9ba7e352182d79e718776dbcf375161145a599,,08/18/2025 06:45:00 PM,30,YIELD,FUNCTIONING PROPERLY,RAIN,DUSK,HEAD ON,NOT DIVIDED,,STRAIGHT AND LEVEL,WET,NO DEFECTS,ON SCENE,INJURY AND / OR TOW DUE TO CRASH,,,Y,"OVER $1,500",08/18/2025 06:45:00 PM,UNABLE TO DETERMINE,IMPROPER LANE USAGE,5030,S,WESTERN AVE,923,,,,,,,4,NO INDICATION OF INJURY,0,0,0,0,0,4,0,18,2,8,41.8019612696,-87.6843940923,POINT (-87.684394092338 41.801961269625)
830405f1668fe4a30b67629499e2f4bc00150c2a5bec2ca074140ed7d476e752b3c146829c1f95266b2f69bc1c932a11845feae49872587ed5e69e108aa0c807,,08/18/2025 06:45:00 PM,25,NO CONTROLS,NO CONTROLS,RAIN,DAWN,REAR END,NOT DIVIDED,,STRAIGHT AND LEVEL,WET,NO DEFECTS,NOT ON SCENE (DESK REPORT),NO INJURY / DRIVE AWAY,,,,"OVER $1,500",08/18/2025 07:09:00 PM,NOT APPLICABLE,NOT APPLICABLE,1700,W,BELMONT AVE,1922,,,,,,,2,NO INDICATION OF INJURY,0,0,0,0,0,2,0,18,2,8,41.9397720299,-87.6712142215,POINT (-87.671214221455 41.939772029853)
c1259d5de438ca63419704d76803ab80435f7fa9832c0edbdaf3f9df1b0442681c7f5fdcf6bae4acbedb61d2da91c7cb341c47e66414da930ba857802de27910,,08/18/2025 06:45:00 PM,30,UNKNOWN,UNKNOWN,RAIN,DAYLIGHT,REAR TO FRONT,NOT DIVIDED,,STRAIGHT AND LEVEL,UNKNOWN,UNKNOWN,NOT ON SCENE (DESK REPORT),NO INJURY / DRIVE AWAY,,,,"OVER $1,500",08/19/2025 07:00:00 PM,UNABLE TO DETERMINE,UNABLE TO DETERMINE,1409,W,CARROLL AVE,1215,,,,,,,2,NO INDICATION OF INJURY,0,0,0,0,0,2,0,18,2,8,41.8873350166,-87.6629116907,POINT (-87.662911690659 41.887335016631)
81a1a02a2e807364077c721c01411ae32be82618a1d678c2a4c757acfaffe364fec0b3e08ca4f2ebde1dfb4bfbcbf21a53c0456b05674633f7d48cd3a6c16da8,,08/18/2025 06:40:00 PM,30,NO CONTROLS,NO CONTROLS,CLEAR,DUSK,PARKED MOTOR VEHICLE,ONE-WAY,,STRAIGHT AND LEVEL,OTHER,UNKNOWN,NOT ON SCENE (DESK REPORT),NO INJURY / DRIVE AWAY,,,Y,"OVER $1,500",08/19/2025 01:00:00 PM,UNABLE TO DETERMINE,UNABLE TO DETERMINE,2207,W,50TH ST,931,,,,,,,2,NO INDICATION OF INJURY,0,0,0,0,0,1,0,18,2,8,41.8028924132,-87.6798447197,POINT (-87.679844719697 41.802892413171)
2eeeb131c8b3c00a7130dfa03dcaa615fc8a232fcb8c2113c3b4b9e91a93bbb794d1d8dbb5f86decc514d9cdb258a76739c0860d73398ce3efcda6c57ee6372b,,08/18/2025 06:30:00 PM,30,NO CONTROLS,FUNCTIONING PROPERLY,RAIN,DUSK,REAR END,FOUR WAY,,STRAIGHT AND LEVEL,WET,UNKNOWN,NOT ON SCENE (DESK REPORT),NO INJURY / DRIVE AWAY,Y,,,"OVER $1,500",08/18/2025 09:05:00 PM,UNABLE TO DETERMINE,NOT APPLICABLE,2500,W,111TH ST,2212,,,,,,,2,NO INDICATION OF INJURY,0,0,0,0,0,2,0,18,2,8,41.6918782887,-87.6837114608,POINT (-87.683711460779 41.691878288702)
a6aea3c31b68b1a1355fb581d78f704f686427fa500ff1f63644cc2d97024610391e438b2ac75a8568eb1b450cd750428fd633b6e7a48fc38b6db9edf73e786e,Y,08/18/2025 06:30:00 PM,25,STOP SIGN/FLASHER,FUNCTIONING PROPERLY,RAIN,"DARKNESS, LIGHTED ROAD",PEDALCYCLIST,FOUR WAY,,STRAIGHT AND LEVEL,WET,NO DEFECTS,ON SCENE,INJURY AND / OR TOW DUE TO CRASH,Y,,,$500 OR LESS,08/18/2025 06:39:00 PM,FAILING TO YIELD RIGHT-OF-WAY,FAILING TO YIELD RIGHT-OF-WAY,599,W,ROOT ST,925,,,,,,,2,NONINCAPACITATING INJURY,1,0,0,1,0,1,0,18,2,8,41.8188807747,-87.6408142501,POINT (-87.640814250147 41.818880774685)
c453f73a4e38ec499ccec140508a18593d0d3891b572a99cbc1ee44d6aa71b490fa8e45c3393554aa3b3eee5c4e228f11ae0a3d9cefc9b7a057ec845333f9463,,08/18/2025 06:30:00 PM,35,TRAFFIC SIGNAL,FUNCTIONING PROPERLY,UNKNOWN,DUSK,SIDESWIPE SAME DIRECTION,ONE-WAY,,STRAIGHT AND LEVEL,UNKNOWN,UNKNOWN,NOT ON SCENE (DESK REPORT),NO INJURY / DRIVE AWAY,,,Y,"OVER $1,500",08/19/2025 06:32:00 PM,FAILING TO YIELD RIGHT-OF-WAY,UNABLE TO DETERMINE,1289,S,COLUMBUS DR,132,,,,,,,2,NO INDICATION OF INJURY,0,0,0,0,0,2,0,18,2,8,41.865895547,-87.6196474757,POINT (-87.61964747574 41.865895547012)
fd27c593b0dc91c19691532621cfd0f0327c0a92b0eb5efe679e8389e16026762f2a2c4748c6146d67a7619448f8d40957c7c2ee23241aabd16dd652fa508576,,08/18/2025 06:30:00 PM,30,NO CONTROLS,NO CONTROLS,RAIN,DAYLIGHT,REAR END,NOT DIVIDED,,STRAIGHT AND LEVEL,DRY,NO DEFECTS,NOT ON SCENE (DESK REPORT),NO INJURY / DRIVE AWAY,N,,,"OVER $1,500",08/18/2025 07:24:00 PM,FOLLOWING TOO CLOSELY,UNABLE TO DETERMINE,3617,W,GRAND AVE,1112,,,,,,,2,NO INDICATION OF INJURY,0,0,0,0,0,2,0,18,2,8,41.9023693632,-87.7171742019,POINT (-87.717174201904 41.902369363237)
2bd37cf8fc725270bd3a05b4786c82d4b79b05bc979bef40fc4f671dc390154be7f489a4bc505727f17f8d82098da07e883641103739b9c990a24ea6290daaf5,,08/18/2025 06:20:00 PM,30,TRAFFIC SIGNAL,FUNCTIONING PROPERLY,RAIN,DAYLIGHT,ANGLE,NOT DIVIDED,,STRAIGHT AND LEVEL,WET,NO DEFECTS,NOT ON SCENE (DESK REPORT),NO INJURY / DRIVE AWAY,Y,,,"OVER $1,500",08/18/2025 06:40:00 PM,FAILING TO YIELD RIGHT-OF-WAY,NOT APPLICABLE,6000,N,CLARK ST,2433,,,,,,,2,NO INDICATION OF INJURY,0,0,0,0,0,2,0,18,2,8,41.9908401093,-87.6701729533,POINT (-87.670172953348 41.990840109284)
60f46f3ab7d5a87d620a62f762ea18a316ef9f47d44a57641ff7f2ba6b033c1e5001d63f79c9c7d0201434af36bbcc9af7eb04dbb6379c6362aac697dbe27197,,08/18/2025 06:20:00 PM,30,NO CONTROLS,NO CONTROLS,RAIN,UNKNOWN,SIDESWIPE SAME DIRECTION,DIVIDED - W/MEDIAN BARRIER,,STRAIGHT AND LEVEL,WET,UNKNOWN,NOT ON SCENE (DESK REPORT),NO INJURY / DRIVE AWAY,,,,"OVER $1,500",08/18/2025 07:08:00 PM,WEATHER,DRIVING SKILLS/KNOWLEDGE/EXPERIENCE,5608,N,ASHLAND AVE,2012,,,,,,,2,NO INDICATION OF INJURY,0,0,0,0,0,2,0,18,2,8,41.9837733591,-87.6699722388,POINT (-87.669972238829 41.983773359124)
8ca80f63fb4aade350edf379dbc5ce13db37e44bc9d454287cff3e779cfb463b0cf5cc7bde9636fb9407886716af94a318f55b48e1c3bbad752ca5df59122f6e,,08/18/2025 06:15:00 PM,25,UNKNOWN,UNKNOWN,UNKNOWN,UNKNOWN,REAR TO FRONT,NOT DIVIDED,,STRAIGHT AND LEVEL,UNKNOWN,UNKNOWN,NOT ON SCENE (DESK REPORT),NO INJURY / DRIVE AWAY,,,Y,"OVER $1,500",08/21/2025 05:05:00 PM,NOT APPLICABLE,NOT APPLICABLE,3435,N,SOUTHPORT AVE,1924,,,,,,,2,NO INDICATION OF INJURY,0,0,0,0,0,2,0,18,2,8,41.9444428269,-87.6637982475,POINT (-87.66379824747 41.944442826916)
5fbcc308429fce76a066efb8b6da2cd5aad1cef468dcd9dd509520621655e006d7a40ede192c382c36928eb36098417358b9da16bdf53b41fc282acdd48003f4,,08/18/2025 06:11:00 PM,30,NO CONTROLS,NO CONTROLS,CLEAR,DUSK,SIDESWIPE SAME DIRECTION,NOT DIVIDED,,STRAIGHT AND LEVEL,DRY,UNKNOWN,ON SCENE,INJURY AND / OR TOW DUE TO CRASH,Y,,,"$501 - $1,500",08/18/2025 06:11:00 PM,UNABLE TO DETERMINE,UNABLE TO DETERMINE,8100,S,STONY ISLAND AVE,411,,,,,,,2,"REPORTED, NOT EVIDENT",1,0,0,0,1,1,0,18,2,8,41.7477492117,-87.5860374164,POINT (-87.586037416392 41.74774921172)
0f104dbbaeea845d867af8bcfaa93d7cbb7e6a5da4a296a3fbcb39020a1834ea94c2109d1376cd7b979951f3ffe493920cc998532b6b3d1d7bafd28a3f2ff44b,,08/18/2025 06:03:00 PM,30,NO CONTROLS,NO CONTROLS,RAIN,DAYLIGHT,REAR END,NOT DIVIDED,,STRAIGHT AND LEVEL,WET,NO DEFECTS,NOT ON SCENE (DESK REPORT),NO INJURY / DRIVE AWAY,,,,"OVER $1,500",08/18/2025 06:30:00 PM,FOLLOWING TOO CLOSELY,NOT APPLICABLE,7201,N,KEDZIE AVE,2411,,,,,,,2,NO INDICATION OF INJURY,0,0,0,0,0,2,0,18,2,8,42.0119067754,-87.7089093161,POINT (-87.708909316148 42.011906775362)
149080a0df257913e7b1afbeb2f20f0b12d98936a5b010c4fe008cd02250ae15ac82003e08c2151bd007a60241fa0453343800eeb1f7775099ffd20b40ce32df,Y,08/18/2025 06:00:00 PM,30,NO CONTROLS,NO CONTROLS,RAIN,DAYLIGHT,REAR END,NOT DIVIDED,,STRAIGHT AND LEVEL,WET,UNKNOWN,NOT ON SCENE (DESK REPORT),NO INJURY / DRIVE AWAY,,,,"OVER $1,500",08/18/2025 06:14:00 PM,FOLLOWING TOO CLOSELY,NOT APPLICABLE,3400,N,WESTERN AVE,1921,,,,,,,3,NO INDICATION OF INJURY,0,0,0,0,0,3,0,18,2,8,41.9431873732,-87.6883020207,POINT (-87.688302020702 41.943187373182)