CRASH_RECORD_ID,CRASH_DATE_EST_I,CRASH_DATE,POSTED_SPEED_LIMIT,TRAFFIC_CONTROL_DEVICE,DEVICE_CONDITION,WEATHER_CONDITION,LIGHTING_CONDITION,FIRST_CRASH_TYPE,TRAFFICWAY_TYPE,LANE_CNT,ALIGNMENT,ROADWAY_SURFACE_COND,ROAD_DEFECT,REPORT_TYPE,CRASH_TYPE,INTERSECTION_RELATED_I,NOT_RIGHT_OF_WAY_I,HIT_AND_RUN_I,DAMAGE,DATE_POLICE_NOTIFIED,PRIM_CONTRIBUTORY_CAUSE,SEC_CONTRIBUTORY_CAUSE,STREET_NO,STREET_DIRECTION,STREET_NAME,BEAT_OF_OCCURRENCE,PHOTOS_TAKEN_I,STATEMENTS_TAKEN_I,DOORING_I,WORK_ZONE_I,WORK_ZONE_TYPE,WORKERS_PRESENT_I,NUM_UNITS,MOST_SEVERE_INJURY,INJURIES_TOTAL,INJURIES_FATAL,INJURIES_INCAPACITATING,INJURIES_NON_INCAPACITATING,INJURIES_REPORTED_NOT_EVIDENT,INJURIES_NO_INDICATION,INJURIES_UNKNOWN,CRASH_HOUR,CRASH_DAY_OF_WEEK,CRASH_MONTH,LATITUDE,LONGITUDE,LOCATION
37793a8a3fd9035bd865258eaf4e533ec248824b9a6101be92b3c88098d1fe672d5bb509d6e0279c9416fd765db89b42490f515812395499afe20b5e9c528fb9,Y,08/18/2025 06:00:00 PM,30,UNKNOWN,UNKNOWN,UNKNOWN,UNKNOWN,PARKED MOTOR VEHICLE,NOT DIVIDED,,STRAIGHT AND LEVEL,UNKNOWN,UNKNOWN,NOT ON SCENE (DESK REPORT),NO INJURY / DRIVE AWAY,,,Y,"OVER $1,500",08/19/2025 05:00:00 PM,UNABLE TO DETERMINE,UNABLE TO DETERMINE,656,W,WRIGHTWOOD AVE,1935,,,,,,,2,NO INDICATION OF INJURY,0,0,0,0,0,1,0,18,2,8,41.9293075474,-87.6450291327,POINT (-87.645029132706 41.929307547403)
71b9c4903fe2c65be52d4958b7bac8b59ed9b13895dfc8b83eb85c66118216e274c99bb102775a2358032e7a1f7cabb34f9be8275ebc3f3842f92c078a4f14e1,,08/18/2025 06:00:00 PM,30,TRAFFIC SIGNAL,FUNCTIONING PROPERLY,CLOUDY/OVERCAST,DAYLIGHT,REAR END,NOT DIVIDED,,STRAIGHT AND LEVEL,DRY,NO DEFECTS,NOT ON SCENE (DESK REPORT),NO INJURY / DRIVE AWAY,,,,"OVER $1,500",08/20/2025 04:15:00 PM,FOLLOWING TOO CLOSELY,NOT APPLICABLE,3634,W,COLUMBUS AVE,834,,,,,,,2,NO INDICATION OF INJURY,0,0,0,0,0,2,0,18,2,8,41.7424380344,-87.7129847734,POINT (-87.712984773429 41.742438034372)
73717dd8808c4ba090b761f06b13a3a2c8553fa04fd44c520923c486194b9dc1766582e2cd0f415268e1c67130e5273beab4fc620ac76cf8dfe843d5e2c00dc0,Y,08/18/2025 06:00:00 PM,30,NO CONTROLS,NO CONTROLS,RAIN,DAYLIGHT,PEDALCYCLIST,NOT DIVIDED,,STRAIGHT AND LEVEL,WET,NO DEFECTS,NOT ON SCENE (DESK REPORT),INJURY AND / OR TOW DUE TO CRASH,,,Y,$500 OR LESS,08/19/2025 06:42:00 AM,UNABLE TO DETERMINE,UNABLE TO DETERMINE,504,W,DIVERSEY PKWY,1934,,,,,,,2,"REPORTED, NOT EVIDENT",1,0,0,0,1,1,0,18,2,8,41.9329737629,-87.6416421399,POINT (-87.641642139897 41.932973762854)
d3bc87692817fe534c9b01d339c06aac14660593d344835fd181a61de884c5d12dd47e51997de892f5fd62fb1395e254ecc9ead318442e6fa05ddc99b225b5a5,,08/18/2025 06:00:00 PM,30,TRAFFIC SIGNAL,FUNCTIONING PROPERLY,CLEAR,DAYLIGHT,TURNING,FOUR WAY,,STRAIGHT AND LEVEL,DRY,NO DEFECTS,NOT ON SCENE (DESK REPORT),NO INJURY / DRIVE AWAY,Y,,,"OVER $1,500",08/18/2025 07:30:00 PM,UNABLE TO DETERMINE,UNABLE TO DETERMINE,5500,S,LAKE PARK AVE,235,,,,,,,2,NO INDICATION OF INJURY,0,0,0,0,0,2,0,18,2,8,41.7951059372,-87.5877094121,POINT (-87.587709412142 41.795105937194)
dcd6a373e878aeaee35f2a44ebc0b14f6beef548e4c1bbb97a338264b7d22c4220316a9d8892e06d639d974b8c62a465eca78b577cf8e5a321e6d9270764c96d,,08/18/2025 06:00:00 PM,35,STOP SIGN/FLASHER,FUNCTIONING PROPERLY,RAIN,DAYLIGHT,REAR END,DIVIDED - W/MEDIAN (NOT RAISED),,STRAIGHT AND LEVEL,WET,UNKNOWN,ON SCENE,NO INJURY / DRIVE AWAY,,,,"OVER $1,500",08/18/2025 06:06:00 PM,FOLLOWING TOO CLOSELY,FOLLOWING TOO CLOSELY,2500,W,51ST ST,923,,,,,,,3,NO INDICATION OF INJURY,0,0,0,0,0,3,0,18,2,8,41.8012225467,-87.6867454251,POINT (-87.686745425122 41.801222546664)
a4f6b6fec6da6fa63cd2f2d703c3a20c136422006eea858df46e855de832ff8a6e437a9ec4e58d5c4df634a50b2aa65a55a793e3e71433684ace3a7f6cd36182,,08/18/2025 05:55:00 PM,30,NO CONTROLS,NO CONTROLS,RAIN,DUSK,TURNING,NOT DIVIDED,,STRAIGHT AND LEVEL,WET,NO DEFECTS,NOT ON SCENE (DESK REPORT),NO INJURY / DRIVE AWAY,,,,"OVER $1,500",08/18/2025 06:50:00 PM,UNABLE TO DETERMINE,UNABLE TO DETERMINE,4927,S,ARCHER AVE,821,,,,,,,2,NO INDICATION OF INJURY,0,0,0,0,0,2,0,17,2,8,41.8036205823,-87.721075327,POINT (-87.721075327022 41.803620582284)
6938ca00c9c56543fb46147e9b0892c62dcea8ab395454617a86cd881b6c40f4ca3c4006313c83c3068b22c62c070ce0c935579ae245758f6b99b45df4e8e5c4,,08/18/2025 05:54:00 PM,15,NO CONTROLS,NO CONTROLS,CLEAR,DAYLIGHT,PARKED MOTOR VEHICLE,ONE-WAY,,STRAIGHT AND LEVEL,DRY,NO DEFECTS,NOT ON SCENE (DESK REPORT),NO INJURY / DRIVE AWAY,,,,"OVER $1,500",08/18/2025 07:37:00 PM,UNABLE TO DETERMINE,NOT APPLICABLE,5700,S,CICERO AVE,813,,,,,,,2,NO INDICATION OF INJURY,0,0,0,0,0,2,0,17,2,8,41.7893293233,-87.7416456442,POINT (-87.741645644196 41.789329323265)
1ab179c695325f2956e124382d373d8cbfb99a258656d4cced39e39ae350ce5d025d479203346b296fd44facc7d05f1d5ef7499d4e7b6813fdbd9116f7410fc2,,08/18/2025 05:50:00 PM,25,NO CONTROLS,NO CONTROLS,RAIN,DAYLIGHT,PEDALCYCLIST,NOT DIVIDED,,STRAIGHT AND LEVEL,WET,NO DEFECTS,,INJURY AND / OR TOW DUE TO CRASH,,,,"OVER $1,500",08/18/2025 05:53:00 PM,UNABLE TO DETERMINE,DRIVING SKILLS/KNOWLEDGE/EXPERIENCE,6602,N,SHERIDAN RD,2432,,,Y,,,,3,NONINCAPACITATING INJURY,1,0,0,1,0,3,0,17,2,8,42.0026602208,-87.6609355965,POINT (-87.660935596497 42.002660220788)
b7fbd022625ba7cff2edbb73b3b362e1c30a957a9bf7e1fe6f4e2340b853c10a9ebb76d073a2931490ddd40e7dee803a753a220ab38ce0b1ad16bd3250a4fb5e,,08/18/2025 05:50:00 PM,30,NO CONTROLS,NO CONTROLS,CLEAR,DAYLIGHT,REAR END,NOT DIVIDED,,STRAIGHT AND LEVEL,WET,NO DEFECTS,NOT ON SCENE (DESK REPORT),NO INJURY / DRIVE AWAY,,,,"$501 - $1,500",08/18/2025 06:21:00 PM,UNABLE TO DETERMINE,UNABLE TO DETERMINE,5356,W,ADDISON ST,1634,,,,,,,2,NO INDICATION OF INJURY,0,0,0,0,0,2,0,17,2,8,41.9460541503,-87.7616402121,POINT (-87.761640212084 41.946054150256)
0044a3a5edb6307eb2c190f9be6591853321b177db44b6dfcba2bcd709e4acc4199247ed382242e1606d107fdac08db62c06e2fcfbce106702d57f98e765f681,,08/18/2025 05:46:00 PM,35,STOP SIGN/FLASHER,FUNCTIONING PROPERLY,CLEAR,DAYLIGHT,ANGLE,FOUR WAY,,STRAIGHT AND LEVEL,DRY,NO DEFECTS,NOT ON SCENE (DESK REPORT),NO INJURY / DRIVE AWAY,,,,"$501 - $1,500",08/19/2025 02:30:00 PM,FAILING TO YIELD RIGHT-OF-WAY,FAILING TO YIELD RIGHT-OF-WAY,4800,S,WABASH AVE,224,,,,,,,2,NO INDICATION OF INJURY,0,0,0,0,0,2,0,17,2,8,41.8073484143,-87.6245505128,POINT (-87.624550512766 41.807348414344)
11bd1d61a98fa40addc077517dedf8834d7d97c9213f26382d73e0144dc3e4d5b315fbdfa07c54d09f452568509e4bae94317b5205804b8cb73ed0d7be7cd373,,08/18/2025 05:44:00 PM,30,TRAFFIC SIGNAL,UNKNOWN,UNKNOWN,DAYLIGHT,REAR END,DIVIDED - W/MEDIAN (NOT RAISED),,STRAIGHT AND LEVEL,UNKNOWN,UNKNOWN,ON SCENE,NO INJURY / DRIVE AWAY,,,Y,"OVER $1,500",08/18/2025 05:45:00 PM,UNABLE TO DETERMINE,UNABLE TO DETERMINE,3611,W,FOSTER AVE,1712,,,,,,,2,NO INDICATION OF INJURY,0,0,0,0,0,3,0,17,2,8,41.9755217161,-87.7189162614,POINT (-87.718916261443 41.975521716092)
188607e4c50781d0b53ffc53d4de0aafbf0a814c8b6be6747a07809d231930bd1b3e7cc3f2775316e8a15faacc3f46ea865331e72d2050905546e8dde2f3b6ce,,08/18/2025 05:40:00 PM,30,UNKNOWN,UNKNOWN,CLEAR,DAYLIGHT,REAR END,DRIVEWAY,,STRAIGHT AND LEVEL,UNKNOWN,UNKNOWN,NOT ON SCENE (DESK REPORT),NO INJURY / DRIVE AWAY,,,,"$501 - $1,500",08/18/2025 06:30:00 PM,UNABLE TO DETERMINE,UNABLE TO DETERMINE,311,E,75TH ST,623,,,,,,,2,NO INDICATION OF INJURY,0,0,0,0,0,2,0,17,2,8,41.7582508066,-87.6177976726,POINT (-87.61779767256 41.758250806572)
2f66bb2c97e74d6ca33ebe753ff364604dba1e28d192f55e82df5f122af270d1ae15a6d30c30eb8dd99caf404d55b351f4861068e2877ba1c8dc2a4585b6f064,,08/18/2025 05:40:00 PM,30,NO CONTROLS,NO CONTROLS,CLOUDY/OVERCAST,DAYLIGHT,REAR END,RAMP,,STRAIGHT AND LEVEL,DRY,NO DEFECTS,ON SCENE,NO INJURY / DRIVE AWAY,,,,"OVER $1,500",08/18/2025 05:40:00 PM,FOLLOWING TOO CLOSELY,NOT APPLICABLE,728,W,99TH ST,2232,,,,,,,2,NO INDICATION OF INJURY,0,0,0,0,0,6,0,17,2,8,41.7143317223,-87.6417504751,POINT (-87.641750475139 41.714331722331)
dae8e3e545187225d650cd235039c4194a77c72daf3aa7025e3e88a31ebd6804ba3558066c0c988b4761ce3bf9e27ce9a21edeb9d6a5b080e9f69d3e6ac77e93,,08/18/2025 05:40:00 PM,25,NO CONTROLS,NO CONTROLS,RAIN,"DARKNESS, LIGHTED ROAD",PARKED MOTOR VEHICLE,NOT DIVIDED,,STRAIGHT AND LEVEL,WET,UNKNOWN,ON SCENE,INJURY AND / OR TOW DUE TO CRASH,,,,"OVER $1,500",08/18/2025 05:44:00 PM,PHYSICAL CONDITION OF DRIVER,PHYSICAL CONDITION OF DRIVER,5520,S,SAYRE AVE,811,,,,,,,3,NONINCAPACITATING INJURY,1,0,0,1,0,0,0,17,2,8,41.7913950893,-87.7965800318,POINT (-87.796580031837 41.791395089338)
6ece7aec32d6bd2d01f118e1602944faf1f135f4b7e97d77c86794202930848dc881ea4f98110911fa39f659bf982b8e4d2eb3107dd8da69662d69212750c268,,08/18/2025 05:35:00 PM,30,TRAFFIC SIGNAL,FUNCTIONING PROPERLY,CLEAR,DAYLIGHT,REAR END,NOT DIVIDED,,STRAIGHT AND LEVEL,DRY,NO DEFECTS,ON SCENE,NO INJURY / DRIVE AWAY,,,,"$501 - $1,500",08/18/2025 05:45:00 PM,IMPROPER BACKING,NOT APPLICABLE,3900,S,HALSTED ST,925,,,,,,,2,NO INDICATION OF INJURY,0,0,0,0,0,2,0,17,2,8,41.8233563484,-87.6460685025,POINT (-87.646068502511 41.823356348371)
a322772547b8e66e18749927bd38a0416c5de9d823b55c2e4973ad965db25d02a7ffb33f2a5c36d752ac63f9a41eee9b486335ae5a8e92d5a205362a652fd63b,,08/18/2025 05:33:00 PM,15,NO CONTROLS,NO CONTROLS,CLOUDY/OVERCAST,DUSK,ANGLE,ALLEY,,STRAIGHT AND LEVEL,DRY,NO DEFECTS,ON SCENE,NO INJURY / DRIVE AWAY,Y,,,"OVER $1,500",08/18/2025 05:33:00 PM,FAILING TO YIELD RIGHT-OF-WAY,UNABLE TO DETERMINE,4927,N,PULASKI RD,1712,,,,,,,2,NO INDICATION OF INJURY,0,0,0,0,0,3,0,17,2,8,41.9708915447,-87.7279573156,POINT (-87.727957315648 41.970891544703)
dae6a66a51c04f5ab2745001fdb8fd7861250e93b50cea45ee11b0eaf79d7d17f19adcc298c57e73c4565d5d592e87f53517aa21e210e8e3e3fba192a714d38a,,08/18/2025 05:33:00 PM,30,STOP SIGN/FLASHER,FUNCTIONING PROPERLY,CLOUDY/OVERCAST,DAYLIGHT,TURNING,FOUR WAY,,STRAIGHT AND LEVEL,DRY,NO DEFECTS,ON SCENE,INJURY AND / OR TOW DUE TO CRASH,,,,"OVER $1,500",08/18/2025 05:35:00 PM,UNABLE TO DETERMINE,UNABLE TO DETERMINE,3029,E,126TH ST,433,,,,,,,2,NO INDICATION OF INJURY,0,0,0,0,0,2,0,17,2,8,41.6665917955,-87.549505106,POINT (-87.549505106032 41.666591795512)
7e876a4c8e25362f72064131b9150c217d3892771ba33ba68b72162efcbb21f61a2262af4826f997cbe7cb93a13d63f037dbb1251b44f6c1c21f74f948a5e180,,08/18/2025 05:30:00 PM,30,NO CONTROLS,NO CONTROLS,CLEAR,DAYLIGHT,SIDESWIPE SAME DIRECTION,NOT DIVIDED,,STRAIGHT AND LEVEL,DRY,NO DEFECTS,NOT ON SCENE (DESK REPORT),NO INJURY / DRIVE AWAY,,,N,"OVER $1,500",08/22/2025 05:45:00 PM,IMPROPER LANE USAGE,NOT APPLICABLE,4200,W,LAKE ST,1114,,,,,,,2,NO INDICATION OF INJURY,0,0,0,0,0,6,0,17,2,8,41.8858584262,-87.7308374451,POINT (-87.730837445119 41.885858426161)
d9dd51f8aa833c9cb2dff01299e9a6de7b1f7a16227b7577eaf1ee18e4275b6a4198d9881b9c9f8ca1ce2e628ba193affc8c5629b0a17b34d684e51a3c9e54c8,,08/18/2025 05:30:00 PM,30,NO CONTROLS,NO CONTROLS,RAIN,DAYLIGHT,PARKED MOTOR VEHICLE,NOT DIVIDED,,STRAIGHT AND LEVEL,WET,NO DEFECTS,,NO INJURY / DRIVE AWAY,,,,"$501 - $1,500",08/18/2025 06:50:00 PM,UNABLE TO DETERMINE,NOT APPLICABLE,1370,W,CRYSTAL ST,1433,,,,,,,2,NO INDICATION OF INJURY,0,0,0,0,0,2,0,17,2,8,41.9045514384,-87.6620725692,POINT (-87.6620725692 41.90455143839)
77394c80bea287961d44f8b6da078b7d9b1996063df238c0bc48ffef26ec6e9263a216b342e17997f3012ad57643ae76f60572a4b7519eeab00ddd226804ccff,,08/18/2025 05:25:00 PM,30,NO CONTROLS,NO CONTROLS,UNKNOWN,DAYLIGHT,PARKED MOTOR VEHICLE,DIVIDED - W/MEDIAN (NOT RAISED),,STRAIGHT AND LEVEL,UNKNOWN,UNKNOWN,NOT ON SCENE (DESK REPORT),NO INJURY / DRIVE AWAY,N,,Y,"OVER $1,500",08/26/2025 07:00:00 PM,FAILING TO REDUCE SPEED TO AVOID CRASH,UNABLE TO DETERMINE,451,N,UNION AVE,1214,,,,,,,2,NO INDICATION OF INJURY,0,0,0,0,0,1,0,17,2,8,41.8904747209,-87.6456686206,POINT (-87.645668620626 41.890474720926)
3a62efdafe4218773b75895d31c8dec17e7d27b6d55493547926ca4c3f37581b4efcb033ec01f8e5b13d51a9abb04f3d3cd23f37d231aaf5f39387a91b030d02,,08/18/2025 05:24:00 PM,45,NO CONTROLS,NO CONTROLS,CLEAR,DAYLIGHT,PEDESTRIAN,OTHER,,STRAIGHT AND LEVEL,DRY,NO DEFECTS,ON SCENE,INJURY AND / OR TOW DUE TO CRASH,,,Y,$500 OR LESS,08/18/2025 05:30:00 PM,UNABLE TO DETERMINE,NOT APPLICABLE,5000,N,LAKE SHORE DR SB,2024,,,,,,,2,NONINCAPACITATING INJURY,1,0,0,1,0,1,0,17,2,8,41.9733917504,-87.6493589489,POINT (-87.649358948908 41.973391750411)
d33b06f86b349ab4248ade2a3fad3c4e439475a9e797c5e7840d1957c8b08442b1ea2df1ab0592621ae0cf19a3b1fd320fdf4411c97b09795053f113977dc31e,,08/18/2025 05:23:00 PM,30,STOP SIGN/FLASHER,FUNCTIONING PROPERLY,CLEAR,DAYLIGHT,SIDESWIPE SAME DIRECTION,NOT DIVIDED,,STRAIGHT AND LEVEL,DRY,NO DEFECTS,NOT ON SCENE (DESK REPORT),NO INJURY / DRIVE AWAY,,,Y,"OVER $1,500",08/18/2025 05:40:00 PM,IMPROPER OVERTAKING/PASSING,UNABLE TO DETERMINE,800,W,70TH ST,733,,,,,,,2,NO INDICATION OF INJURY,0,0,0,0,0,2,0,17,2,8,41.7671243348,-87.6445206573,POINT (-87.64452065734 41.767124334804)
21944a282ed5e2d91c4b0b114319d09181745e01077e49aea52c6f2364985be9c185475177ca8c1d4733c4673892b446bdfea53023684fd685650e58b0ba2ac6,,08/18/2025 05:20:00 PM,30,NO CONTROLS,NO CONTROLS,CLEAR,DAYLIGHT,SIDESWIPE SAME DIRECTION,NOT DIVIDED,,STRAIGHT AND LEVEL,DRY,UNKNOWN,NOT ON SCENE (DESK REPORT),NO INJURY / DRIVE AWAY,,,,"OVER $1,500",08/18/2025 08:35:00 PM,IMPROPER LANE USAGE,IMPROPER LANE USAGE,1701,N,LA SALLE DR,1814,,,,,,,2,NO INDICATION OF INJURY,0,0,0,0,0,3,0,17,2,8,41.9128756647,-87.6329741852,POINT (-87.632974185213 41.912875664741)
cb359d0e919666b331c7c2604d0fe16a2036bff5218cb1c375b84376c9aa40ef0f712b3c6d4249eb9390adbb67f4d5bdb1e0d7af7dca85253f0662d1a2a5742f,,08/18/2025 05:18:00 PM,30,TRAFFIC SIGNAL,FUNCTIONING PROPERLY,RAIN,DUSK,SIDESWIPE SAME DIRECTION,CENTER TURN LANE,,STRAIGHT AND LEVEL,WET,UNKNOWN,NOT ON SCENE (DESK REPORT),INJURY AND / OR TOW DUE TO CRASH,,,,"OVER $1,500",08/18/2025 06:15:00 PM,UNABLE TO DETERMINE,NOT APPLICABLE,2950,W,BELMONT AVE,1733,,,,,,,2,"REPORTED, NOT EVIDENT",1,0,0,0,1,1,0,17,2,8,41.9394752968,-87.7022981999,POINT (-87.702298199871 41.939475296837)
ceeba8d6f6f98148cc2dfa1b7de47599766ac4bc5035bb057e987513bbee893c9f6e77879f93a8799941ca86130562015a8b932cbcd825608e52af44c8dee6ad,,08/18/2025 05:18:00 PM,30,NO CONTROLS,NO CONTROLS,CLEAR,DAYLIGHT,SIDESWIPE SAME DIRECTION,NOT DIVIDED,,STRAIGHT AND LEVEL,DRY,NO DEFECTS,ON SCENE,NO INJURY / DRIVE AWAY,,,,"OVER $1,500",08/18/2025 05:18:00 PM,DRIVING SKILLS/KNOWLEDGE/EXPERIENCE,UNABLE TO DETERMINE,1955,N,HALSTED ST,1813,,,,,,,2,NO INDICATION OF INJURY,0,0,0,0,0,5,0,17,2,8,41.9175480337,-87.6483352264,POINT (-87.648335226351 41.917548033737)
fba38c629421713ad1dabe6ba6d86d2996395dcf731b554a36d7e7917e54116bc9bc41afb7d894f1ca98881a00103be31b36d65dc1242e370522a08541bf75b8,,08/18/2025 05:18:00 PM,30,STOP SIGN/FLASHER,FUNCTIONING PROPERLY,RAIN,DAYLIGHT,TURNING,OTHER,,STRAIGHT AND LEVEL,WET,UNKNOWN,ON SCENE,NO INJURY / DRIVE AWAY,Y,,Y,"OVER $1,500",08/18/2025 06:18:00 PM,IMPROPER TURNING/NO SIGNAL,UNABLE TO DETERMINE,1701,W,47TH ST,931,,,,,,,2,NO INDICATION OF INJURY,0,0,0,0,0,2,0,17,2,8,41.8084712383,-87.6674545133,POINT (-87.667454513294 41.808471238307)
ae351f5bc5593816eb7d4ebb73a7b51e54cee27895cab2db8358dd690933588fa61b411f38d59669095d6c1ab654e3b68e9d4362e47900e5631c23ae2a2b399f,,08/18/2025 05:09:00 PM,25,OTHER,NO CONTROLS,CLEAR,DAYLIGHT,SIDESWIPE SAME DIRECTION,OTHER,,STRAIGHT AND LEVEL,DRY,NO DEFECTS,ON SCENE,INJURY AND / OR TOW DUE TO CRASH,,,,"OVER $1,500",08/18/2025 05:09:00 PM,UNABLE TO DETERMINE,UNABLE TO DETERMINE,5200,S,INDIANA AVE,231,,,,,,,2,"REPORTED, NOT EVIDENT",2,0,0,0,2,0,0,17,2,8,41.7999288146,-87.6211223961,POINT (-87.621122396119 41.799928814603)
43b98d0b1c1585ab52ced038c9ebed023e61f5c6702771eddea7be5298f1a7bf3ce566cde7e0a7638979d23d59c25df176594436fd0b6277de7ce264912ce5a5,,08/18/2025 05:00:00 PM,25,STOP SIGN/FLASHER,FUNCTIONING PROPERLY,CLEAR,DAYLIGHT,PARKED MOTOR VEHICLE,FOUR WAY,,STRAIGHT AND LEVEL,DRY,UNKNOWN,ON SCENE,NO INJURY / DRIVE AWAY,,,Y,"OVER $1,500",08/18/2025 05:06:00 PM,UNABLE TO DETERMINE,UNABLE TO DETERMINE,4715,W,BARRY AVE,2521,,,,,,,3,NO INDICATION OF INJURY,0,0,0,0,0,1,0,17,2,8,41.9369205388,-87.744946815,POINT (-87.744946815025 41.936920538763)
ad98c76cc1369ec5a90318a085099120fe48c0e76123c065277f7e37dd76c2ca9b8051c580d95d8348784cecac372791f44ba388634e5cf6a7f1f54f0e73f8e5,,08/18/2025 05:00:00 PM,30,TRAFFIC SIGNAL,FUNCTIONING PROPERLY,CLEAR,DAYLIGHT,REAR END,NOT DIVIDED,,STRAIGHT AND LEVEL,DRY,NO DEFECTS,NOT ON SCENE (DESK REPORT),NO INJURY / DRIVE AWAY,,,,"OVER $1,500",08/19/2025 07:30:00 AM,FOLLOWING TOO CLOSELY,UNABLE TO DETERMINE,5018,S,CICERO AVE,814,,,,,,,2,NO INDICATION OF INJURY,0,0,0,0,0,2,0,17,2,8,41.8015471271,-87.7431356839,POINT (-87.743135683865 41.801547127067)
eaaf6518d98da7c8c56ea124881f1cb3f16fc44a9c2a20bdbd5d34cda8564248c88e496953b9d3bd2688398c1298c3d496047482dda0d85b05f65c6c276f30a9,,08/18/2025 04:58:00 PM,30,OTHER,OTHER,CLEAR,DAYLIGHT,SIDESWIPE SAME DIRECTION,NOT DIVIDED,,STRAIGHT AND LEVEL,DRY,UNKNOWN,ON SCENE,NO INJURY / DRIVE AWAY,,,,"OVER $1,500",08/18/2025 05:09:00 PM,IMPROPER OVERTAKING/PASSING,NOT APPLICABLE,1135,N,PULASKI RD,1112,,,,,,,2,NO INDICATION OF INJURY,0,0,0,0,0,3,0,16,2,8,41.9018708736,-87.7261321706,POINT (-87.726132170641 41.901870873622)
3e3be43eda26241afab758808ae54b9508e109c6dafff12a4e19f6c3e2b2b68b6473fa1f3a5c260e2b94b7856b68a11df8da5b2046db47ece6309f56983d1406,,08/18/2025 04:53:00 PM,30,STOP SIGN/FLASHER,FUNCTIONING PROPERLY,CLEAR,DAYLIGHT,ANGLE,DIVIDED - W/MEDIAN (NOT RAISED),,STRAIGHT AND LEVEL,DRY,NO DEFECTS,ON SCENE,INJURY AND / OR TOW DUE TO CRASH,Y,,,"OVER $1,500",08/18/2025 04:53:00 PM,UNABLE TO DETERMINE,FAILING TO YIELD RIGHT-OF-WAY,5330,N,ASHLAND AVE,2012,,,,,,,2,NO INDICATION OF INJURY,0,0,0,0,0,3,0,16,2,8,41.9788633064,-87.6698358514,POINT (-87.669835851368 41.978863306449)
ca9f2ec79ca3e1e8669512ee1b35b7f710277fb1c0036cfc15f9d1ec494dd5cb968fa00c08f9dea1f147aec32a28f7861999a734b48182a29dcdbe392c002539,,08/18/2025 04:50:00 PM,30,NO CONTROLS,NO CONTROLS,CLEAR,DAYLIGHT,ANGLE,FOUR WAY,,STRAIGHT AND LEVEL,DRY,NO DEFECTS,NOT ON SCENE (DESK REPORT),NO INJURY / DRIVE AWAY,,,,"$501 - $1,500",08/19/2025 07:45:00 AM,UNABLE TO DETERMINE,NOT APPLICABLE,4018,W,DIVISION ST,2534,,,,,,,2,NO INDICATION OF INJURY,0,0,0,0,0,3,0,16,2,8,41.9027666308,-87.7271946485,POINT (-87.727194648498 41.902766630808)
7e7b009643938f9060c4913b4c3973515edede3c5c52714000f53f2bfb59fda61ed467e35e918c87945af6c379dc15dcd17ad7c842263fb7412aaee5f487ab22,,08/18/2025 04:49:00 PM,30,NO CONTROLS,NO CONTROLS,CLEAR,DAYLIGHT,PARKED MOTOR VEHICLE,NOT DIVIDED,,STRAIGHT AND LEVEL,DRY,NO DEFECTS,ON SCENE,INJURY AND / OR TOW DUE TO CRASH,,,,"OVER $1,500",08/18/2025 04:50:00 PM,UNABLE TO DETERMINE,NOT APPLICABLE,2641,S,KOSTNER AVE,1031,,,,,,,3,NO INDICATION OF INJURY,0,0,0,0,0,1,0,16,2,8,41.8428913117,-87.7340980946,POINT (-87.734098094574 41.842891311728)
adaae681f6f021c9b9f81e36b89b3303f77e8caa4a4b85140e3248510f25a16f27118770b1b20b81cacdc015669e786470a1731aeb202765c44ffe45f300c7ba,,08/18/2025 04:47:00 PM,30,NO CONTROLS,NO CONTROLS,CLEAR,DAYLIGHT,REAR END,ONE-WAY,,STRAIGHT AND LEVEL,DRY,NO DEFECTS,,INJURY AND / OR TOW DUE TO CRASH,,,Y,"OVER $1,500",08/18/2025 05:54:00 PM,UNABLE TO DETERMINE,UNABLE TO DETERMINE,2608,W,VAN BUREN ST,1125,,,,,,,2,"REPORTED, NOT EVIDENT",4,0,0,0,4,1,0,16,2,8,41.8761401545,-87.6917695778,POINT (-87.6917695778 41.876140154453)
139bd11f06e725d0b832072f0ba3b5ee38ad604315feaa8a96889db414e166f0c26a212c5a9bb67b92532e0863f175e6a1899ec3331da7dfc233a9a770f82297,,08/18/2025 04:45:00 PM,30,TRAFFIC SIGNAL,FUNCTIONING PROPERLY,CLEAR,DAYLIGHT,SIDESWIPE SAME DIRECTION,DIVIDED - W/MEDIAN BARRIER,,STRAIGHT AND LEVEL,WET,NO DEFECTS,ON SCENE,INJURY AND / OR TOW DUE TO CRASH,,,,"OVER $1,500",08/18/2025 05:30:00 PM,IMPROPER LANE USAGE,FAILING TO YIELD RIGHT-OF-WAY,4754,W,HARRISON ST,1131,,,,,,,2,NONINCAPACITATING INJURY,1,0,0,1,0,2,0,16,2,8,41.8732617937,-87.7447359307,POINT (-87.744735930737 41.873261793741)