CRASH_RECORD_ID,CRASH_DATE_EST_I,CRASH_DATE,POSTED_SPEED_LIMIT,TRAFFIC_CONTROL_DEVICE,DEVICE_CONDITION,WEATHER_CONDITION,LIGHTING_CONDITION,FIRST_CRASH_TYPE,TRAFFICWAY_TYPE,LANE_CNT,ALIGNMENT,ROADWAY_SURFACE_COND,ROAD_DEFECT,REPORT_TYPE,CRASH_TYPE,INTERSECTION_RELATED_I,NOT_RIGHT_OF_WAY_I,HIT_AND_RUN_I,DAMAGE,DATE_POLICE_NOTIFIED,PRIM_CONTRIBUTORY_CAUSE,SEC_CONTRIBUTORY_CAUSE,STREET_NO,STREET_DIRECTION,STREET_NAME,BEAT_OF_OCCURRENCE,PHOTOS_TAKEN_I,STATEMENTS_TAKEN_I,DOORING_I,WORK_ZONE_I,WORK_ZONE_TYPE,WORKERS_PRESENT_I,NUM_UNITS,MOST_SEVERE_INJURY,INJURIES_TOTAL,INJURIES_FATAL,INJURIES_INCAPACITATING,INJURIES_NON_INCAPACITATING,INJURIES_REPORTED_NOT_EVIDENT,INJURIES_NO_INDICATION,INJURIES_UNKNOWN,CRASH_HOUR,CRASH_DAY_OF_WEEK,CRASH_MONTH,LATITUDE,LONGITUDE,LOCATION
6d6a23610cae0b716a623638ed63e768902047f26b18628940b942dbe8f78ee48d1e0f01851a9c8173a9f5978536b6a691ed8d81713d0352305c2c2e3958937b,,08/18/2025 04:45:00 PM,35,TRAFFIC SIGNAL,FUNCTIONING PROPERLY,CLEAR,DAYLIGHT,REAR END,DIVIDED - W/MEDIAN (NOT RAISED),,STRAIGHT AND LEVEL,DRY,NO DEFECTS,NOT ON SCENE (DESK REPORT),NO INJURY / DRIVE AWAY,,,,$500 OR LESS,08/19/2025 07:30:00 AM,FOLLOWING TOO CLOSELY,UNABLE TO DETERMINE,334,W,CHICAGO AVE,1823,,,,,,,2,NO INDICATION OF INJURY,0,0,0,0,0,2,0,16,2,8,41.8966624152,-87.6371013805,POINT (-87.63710138046 41.896662415212)
af272dd4e8da5921dab8a5f00348b80b0ca17a71232d6b86ee585e29213ca9893be2acdaa9fd465f9d71d7e7feeb332a7425b18f42145798955cec486aca6267,,08/18/2025 04:42:00 PM,30,NO CONTROLS,NO CONTROLS,CLEAR,DAYLIGHT,TURNING,NOT DIVIDED,,STRAIGHT AND LEVEL,DRY,NO DEFECTS,ON SCENE,NO INJURY / DRIVE AWAY,,,,"OVER $1,500",08/18/2025 04:49:00 PM,FAILING TO REDUCE SPEED TO AVOID CRASH,UNABLE TO DETERMINE,5708,W,BARRY AVE,2514,,,,,,,2,NO INDICATION OF INJURY,0,0,0,0,0,3,0,16,2,8,41.9368229598,-87.7692917173,POINT (-87.769291717322 41.936822959828)
09727cf4b6f4e51af1f6040a0aeb3fd85b6ff2a7796b150f0a7aac895e9e6640110b594af4375ddb798d0b0f111989f88edfbc7cceb472add1d2c43c23053ce0,,08/18/2025 04:40:00 PM,25,NO CONTROLS,NO CONTROLS,CLEAR,DAYLIGHT,PEDALCYCLIST,DIVIDED - W/MEDIAN (NOT RAISED),,STRAIGHT AND LEVEL,DRY,UNKNOWN,ON SCENE,INJURY AND / OR TOW DUE TO CRASH,,,Y,$500 OR LESS,08/18/2025 04:46:00 PM,NOT APPLICABLE,NOT APPLICABLE,2725,N,CLARK ST,1935,,Y,,,,,2,NONINCAPACITATING INJURY,1,0,0,1,0,2,0,16,2,8,41.932078435,-87.6445470089,POINT (-87.644547008936 41.932078435022)
a393c960dbcef5c96303bd68ca176d1295b39e4772ccce3790d326f5fc6228ae634f08fb0ed192c633cda54c3583a82218a0e7c03df038397d2a6eb21188c006,,08/18/2025 04:40:00 PM,25,NO CONTROLS,NO CONTROLS,UNKNOWN,DAYLIGHT,HEAD ON,FOUR WAY,,STRAIGHT AND LEVEL,UNKNOWN,UNKNOWN,NOT ON SCENE (DESK REPORT),NO INJURY / DRIVE AWAY,,,,$500 OR LESS,08/19/2025 01:30:00 PM,UNABLE TO DETERMINE,UNABLE TO DETERMINE,1346,E,53RD ST,234,,,,,,,2,NO INDICATION OF INJURY,0,0,0,0,0,2,0,16,2,8,41.7996027435,-87.5931520053,POINT (-87.593152005282 41.799602743547)
c5309e8ac02a6d4d48053c8bf6dfc4b68c35f9ff3128e5e6bfa404567aadfd8337329e371d10c88aaa2f13f9e2919fd395039b9cf59700d5a47d4056bd63c83a,,08/18/2025 04:40:00 PM,30,UNKNOWN,NO CONTROLS,CLEAR,DAYLIGHT,REAR END,NOT DIVIDED,,STRAIGHT AND LEVEL,UNKNOWN,UNKNOWN,ON SCENE,INJURY AND / OR TOW DUE TO CRASH,,,Y,"OVER $1,500",08/18/2025 05:37:00 PM,FAILING TO REDUCE SPEED TO AVOID CRASH,FOLLOWING TOO CLOSELY,2510,N,CENTRAL AVE,2515,,,,,,,2,"REPORTED, NOT EVIDENT",1,0,0,0,1,1,0,16,2,8,41.9261757856,-87.7662143814,POINT (-87.766214381409 41.926175785646)
73f5c4027b5a1e10962f47a1737d7e421e6b9799ae25320938bc74e5f233d7cef7517a895c82eb442f261d3bd256bb3b60634b018b642c51cf60e2c946f6887e,Y,08/18/2025 04:37:00 PM,30,UNKNOWN,UNKNOWN,UNKNOWN,DAYLIGHT,SIDESWIPE SAME DIRECTION,ONE-WAY,,STRAIGHT AND LEVEL,UNKNOWN,UNKNOWN,NOT ON SCENE (DESK REPORT),NO INJURY / DRIVE AWAY,,,Y,"OVER $1,500",08/18/2025 08:05:00 PM,UNABLE TO DETERMINE,NOT APPLICABLE,3926,N,OLCOTT AVE,1631,,,,,,,2,NO INDICATION OF INJURY,0,0,0,0,0,2,0,16,2,8,41.9512323899,-87.8147334344,POINT (-87.814733434413 41.951232389906)
0d88b0b7be54c1829e6fe4e30be96ec05fde9a62836f01619fc21c943d7150ef9361abc392681911ab9aeccf6aa0e0254329abf3f2c0e0690e039309473970c5,,08/18/2025 04:33:00 PM,30,STOP SIGN/FLASHER,FUNCTIONING PROPERLY,CLEAR,DAYLIGHT,ANGLE,FOUR WAY,,STRAIGHT AND LEVEL,DRY,NO DEFECTS,ON SCENE,INJURY AND / OR TOW DUE TO CRASH,Y,,,"OVER $1,500",08/18/2025 04:40:00 PM,FAILING TO YIELD RIGHT-OF-WAY,DISREGARDING STOP SIGN,233,W,71ST ST,731,,,,,,,2,NONINCAPACITATING INJURY,2,0,0,2,0,4,0,16,2,8,41.7653050464,-87.6310577531,POINT (-87.631057753065 41.765305046359)
636fe4a13b1d591f8c0ba76c6a953038846738177850496f44409eea954eeb8fa5f9540b5f8fc589139ba29a66c44c7301fc1e8eb6b6466b2994d95c23fa14d0,,08/18/2025 04:32:00 PM,30,TRAFFIC SIGNAL,FUNCTIONING PROPERLY,CLEAR,DAYLIGHT,PEDALCYCLIST,NOT DIVIDED,,STRAIGHT AND LEVEL,DRY,NO DEFECTS,ON SCENE,INJURY AND / OR TOW DUE TO CRASH,,,,"OVER $1,500",08/18/2025 04:32:00 PM,UNABLE TO DETERMINE,UNABLE TO DETERMINE,1584,N,MILWAUKEE AVE,1424,,,,,,,2,NONINCAPACITATING INJURY,1,0,0,1,0,1,0,16,2,8,41.9102052885,-87.6774077101,POINT (-87.677407710088 41.910205288463)
25afbf233408ce29179b182ffe1104dc7fd8404c1d13e59a587c38ce6afb48af035a8997f6ed201286386a5777d3f956080acc1f8f4fe48e62e755b5a29b62a0,,08/18/2025 04:30:00 PM,30,TRAFFIC SIGNAL,FUNCTIONING PROPERLY,CLEAR,DAYLIGHT,PARKED MOTOR VEHICLE,NOT DIVIDED,,STRAIGHT AND LEVEL,DRY,NO DEFECTS,ON SCENE,NO INJURY / DRIVE AWAY,,,,"OVER $1,500",08/18/2025 04:42:00 PM,FOLLOWING TOO CLOSELY,NOT APPLICABLE,3004,N,PULASKI RD,2523,,,,,,,2,NO INDICATION OF INJURY,0,0,0,0,0,4,0,16,2,8,41.9355854384,-87.7272309254,POINT (-87.727230925392 41.935585438429)
76ac8f74d1eadfba1ea63d5b50b887e8ea87bbcba5b224e8fb7eb01b8f71828e7e3535239a303b842d3defa551f341e04eaf7f659ea3613f02c3c01f1b98037a,,08/18/2025 04:30:00 PM,30,NO CONTROLS,NO CONTROLS,CLEAR,DAYLIGHT,TURNING,NOT DIVIDED,,STRAIGHT AND LEVEL,DRY,NO DEFECTS,NOT ON SCENE (DESK REPORT),NO INJURY / DRIVE AWAY,,,,"OVER $1,500",08/19/2025 02:10:00 AM,FAILING TO YIELD RIGHT-OF-WAY,UNABLE TO DETERMINE,4421,N,NARRAGANSETT AVE,1622,,,,,,,2,NO INDICATION OF INJURY,0,0,0,0,0,2,0,16,2,8,41.9608682307,-87.7866779687,POINT (-87.786677968674 41.960868230699)
7959cab9b9b2e8a377204f52bb4b8c1c80ea4bc77a6319d7ae77035fa8e3fa04e0d355a73fe2dc9ffc9887b69b52684afe35e8930f21a15f095012489296c5b1,Y,08/18/2025 04:30:00 PM,30,NO CONTROLS,NO CONTROLS,RAIN,DAYLIGHT,PARKED MOTOR VEHICLE,NOT DIVIDED,,STRAIGHT AND LEVEL,DRY,UNKNOWN,NOT ON SCENE (DESK REPORT),NO INJURY / DRIVE AWAY,,,Y,"OVER $1,500",08/18/2025 07:15:00 PM,UNABLE TO DETERMINE,UNABLE TO DETERMINE,3010,N,CALIFORNIA AVE,1411,,,,,,,2,NO INDICATION OF INJURY,0,0,0,0,0,1,0,16,2,8,41.9361298266,-87.697880477,POINT (-87.697880477012 41.936129826564)
9354980edcb427fcb8e72feac5f7e35a36ed22dbb0b5b1577bdc960fb9745ba477fa980679572ea022b04bf41d8d5e17c44d66cabde516f930d5848f4b091999,,08/18/2025 04:30:00 PM,30,NO CONTROLS,NO CONTROLS,CLOUDY/OVERCAST,DAYLIGHT,REAR END,DIVIDED - W/MEDIAN (NOT RAISED),,STRAIGHT AND LEVEL,UNKNOWN,UNKNOWN,NOT ON SCENE (DESK REPORT),NO INJURY / DRIVE AWAY,,,,"OVER $1,500",08/18/2025 06:05:00 PM,UNABLE TO DETERMINE,UNABLE TO DETERMINE,2810,W,NORTH AVE,1421,,,,,,,2,NO INDICATION OF INJURY,0,0,0,0,0,2,0,16,2,8,41.9103227789,-87.6975260346,POINT (-87.697526034587 41.91032277891)
96ff516a56e6ddb258e756e35e765386ba1a21a2512ec18467f419c245e14737471689ab1fdbbf3fbb5dc908e12ffa8bd4e8e68dafa102f3f2e4dfff861d0594,N,08/18/2025 04:30:00 PM,30,NO CONTROLS,NO CONTROLS,RAIN,DAYLIGHT,PARKED MOTOR VEHICLE,NOT DIVIDED,,STRAIGHT AND LEVEL,WET,NO DEFECTS,NOT ON SCENE (DESK REPORT),INJURY AND / OR TOW DUE TO CRASH,,,Y,"OVER $1,500",08/18/2025 08:10:00 PM,UNABLE TO DETERMINE,UNABLE TO DETERMINE,4832,W,RACE AVE,1532,,,,,,,2,NO INDICATION OF INJURY,0,0,0,0,0,1,0,16,2,8,41.8905733364,-87.747069895,POINT (-87.747069895027 41.890573336377)
2aad66b00b60834112f13066926fd851a9dc8ad2a8811f9f4ade46cda08d75026baf60bcaffda0d5e106c6df7d588705616e1a05ab8806549ae5fa3af3a9c35e,Y,08/18/2025 04:29:00 PM,30,NO CONTROLS,NO CONTROLS,CLEAR,DAYLIGHT,PARKED MOTOR VEHICLE,NOT DIVIDED,,STRAIGHT AND LEVEL,DRY,NO DEFECTS,ON SCENE,NO INJURY / DRIVE AWAY,,,,"OVER $1,500",08/18/2025 04:29:00 PM,PASSING STOPPED SCHOOL BUS,PASSING STOPPED SCHOOL BUS,1449,W,MARQUETTE RD,725,,,,,,,2,NO INDICATION OF INJURY,0,0,0,0,0,3,0,16,2,8,41.772125425,-87.6611054068,POINT (-87.661105406822 41.772125424988)
65a8a4bb7c686dea0eba471175e500bc0581c2b635686d986cc8bad1214438d764206bce0953adfd39ad0480ae320d049b12acecead34973ab07cac7d731a71b,,08/18/2025 04:29:00 PM,30,NO CONTROLS,NO CONTROLS,CLEAR,DAYLIGHT,SIDESWIPE SAME DIRECTION,NOT DIVIDED,,STRAIGHT AND LEVEL,DRY,NO DEFECTS,ON SCENE,NO INJURY / DRIVE AWAY,,,,"OVER $1,500",08/18/2025 04:31:00 PM,IMPROPER LANE USAGE,FAILING TO YIELD RIGHT-OF-WAY,3320,N,HARLEM AVE,1631,,,,,,,2,NO INDICATION OF INJURY,0,0,0,0,0,2,0,16,2,8,41.9404345511,-87.8069798854,POINT (-87.806979885405 41.940434551116)
d8d283a43d85af43a45ab9c93160e302ed189bba1bd225ded7c6aa58abe1488bd64786c06e77ce6341d84d063c4fa960c8ce218dd37cd25f56eba6a70f00e686,,08/18/2025 04:26:00 PM,30,UNKNOWN,UNKNOWN,RAIN,DAYLIGHT,ANGLE,NOT DIVIDED,,STRAIGHT AND LEVEL,UNKNOWN,UNKNOWN,NOT ON SCENE (DESK REPORT),NO INJURY / DRIVE AWAY,,,,"OVER $1,500",08/18/2025 06:30:00 PM,UNABLE TO DETERMINE,UNABLE TO DETERMINE,661,W,WALNUT ST,1214,,,,,,,2,NO INDICATION OF INJURY,0,0,0,0,0,2,0,16,2,8,41.8861353686,-87.6451750642,POINT (-87.645175064158 41.886135368621)
b957a44d4b8899a5effbec664006110417b891309a4a40092cab2d4fe8ae8049aa6b45d6b21cac66e1c478f2e0785c9d50ffe32c061eda412b2bf33ad6cad84e,,08/18/2025 04:25:00 PM,30,STOP SIGN/FLASHER,FUNCTIONING PROPERLY,CLEAR,DAYLIGHT,TURNING,ONE-WAY,,STRAIGHT AND LEVEL,DRY,NO DEFECTS,ON SCENE,NO INJURY / DRIVE AWAY,Y,,,"OVER $1,500",08/18/2025 04:25:00 PM,DISREGARDING STOP SIGN,NOT APPLICABLE,5500,S,MC VICKER AVE,811,,,,,,,2,NO INDICATION OF INJURY,0,0,0,0,0,2,0,16,2,8,41.792423788,-87.7734268515,POINT (-87.773426851549 41.792423788008)
e252aa35b18fc6f5e56443c6795f61e7ae1f54ed5cc40abae126d4d95558e716f05d9d2c9416aeabaf90977e3d580f02a97318fb3c9b94e3e5e1366057eae3e4,,08/18/2025 04:20:00 PM,30,UNKNOWN,UNKNOWN,UNKNOWN,UNKNOWN,PARKED MOTOR VEHICLE,ONE-WAY,,STRAIGHT AND LEVEL,UNKNOWN,OTHER,NOT ON SCENE (DESK REPORT),NO INJURY / DRIVE AWAY,,,,"OVER $1,500",08/19/2025 02:55:00 PM,UNABLE TO DETERMINE,UNABLE TO DETERMINE,2800,W,ROSEMONT AVE,2413,,,,,,,2,NO INDICATION OF INJURY,0,0,0,0,0,1,0,16,2,8,41.9958784771,-87.6996403534,POINT (-87.699640353357 41.995878477077)
5292c1b5839768db2eb392556ac7abe50ee75dbff201dc411839df7eec444d418ccad8f86337952d8818e3a8c6c564142c8d7f3c1cb5d15af3400eed697cb8fb,,08/18/2025 04:19:00 PM,30,NO CONTROLS,NO CONTROLS,CLEAR,DAYLIGHT,REAR END,NOT DIVIDED,,STRAIGHT AND LEVEL,DRY,UNKNOWN,ON SCENE,INJURY AND / OR TOW DUE TO CRASH,,,,"OVER $1,500",08/18/2025 04:21:00 PM,NOT APPLICABLE,NOT APPLICABLE,510,W,59TH ST,711,,,,,,,2,NONINCAPACITATING INJURY,1,0,0,1,0,1,0,16,2,8,41.7872545076,-87.6380517345,POINT (-87.638051734511 41.787254507638)
52b119c52f23b252485ec5299f7d4ba0255e97374f582f40535ba2b915b312b543d3749caad585d40c1c3a74dec680bf6dce2d05254e3211c7935c7477c37ebc,,08/18/2025 04:15:00 PM,30,NO CONTROLS,NO CONTROLS,CLEAR,DAYLIGHT,REAR END,NOT DIVIDED,,STRAIGHT AND LEVEL,DRY,UNKNOWN,NOT ON SCENE (DESK REPORT),NO INJURY / DRIVE AWAY,,,,"OVER $1,500",08/18/2025 05:18:00 PM,FOLLOWING TOO CLOSELY,UNABLE TO DETERMINE,2306,S,HALSTED ST,1235,,,,,,,3,NO INDICATION OF INJURY,0,0,0,0,0,3,0,16,2,8,41.8505104505,-87.6465754056,POINT (-87.646575405611 41.850510450533)
c5b17a0150fb95d533d63fca2ec1a1d45f481e11c4b7f4bf144c1edcc7b3cb14bf2fe93894fdb5b2fe3508a3dbed909f230ba38d5e195caaf0ee901207f1dc3d,,08/18/2025 04:15:00 PM,30,NO CONTROLS,NO CONTROLS,CLEAR,DAYLIGHT,FIXED OBJECT,ALLEY,,STRAIGHT AND LEVEL,DRY,NO DEFECTS,ON SCENE,INJURY AND / OR TOW DUE TO CRASH,,,,"OVER $1,500",08/18/2025 04:15:00 PM,IMPROPER TURNING/NO SIGNAL,NOT APPLICABLE,2003,W,67TH PL,726,,,,,,,1,"REPORTED, NOT EVIDENT",1,0,0,0,1,2,0,16,2,8,41.7710566056,-87.673888206,POINT (-87.673888205955 41.771056605556)
e0c2c3a097daf65f4a4212fd6dd801c638c2f44123d1c41cf6f187a98f4c5506410c5f253235d2060d6876ea107db045b766f933b470cf7ed70f0b9c4b9965c3,,08/18/2025 04:15:00 PM,30,TRAFFIC SIGNAL,FUNCTIONING PROPERLY,CLOUDY/OVERCAST,DAYLIGHT,REAR END,DIVIDED - W/MEDIAN (NOT RAISED),,STRAIGHT AND LEVEL,WET,NO DEFECTS,NOT ON SCENE (DESK REPORT),NO INJURY / DRIVE AWAY,Y,,,"OVER $1,500",08/18/2025 06:05:00 PM,DRIVING SKILLS/KNOWLEDGE/EXPERIENCE,UNABLE TO DETERMINE,5100,S,WABASH AVE,225,,,,,,,2,NO INDICATION OF INJURY,0,0,0,0,0,2,0,16,2,8,41.8018681636,-87.6244169984,POINT (-87.624416998403 41.801868163627)
b68de621c306b529ab7c1208a9d6759f1a76cb0799b061f498e0531ae8db1095c4c46f36fe1549587781826805d8c317885412596a84d8363496677452d2db13,,08/18/2025 04:12:00 PM,30,TRAFFIC SIGNAL,FUNCTIONING PROPERLY,CLEAR,DAYLIGHT,FIXED OBJECT,DIVIDED - W/MEDIAN (NOT RAISED),,STRAIGHT AND LEVEL,DRY,NO DEFECTS,ON SCENE,NO INJURY / DRIVE AWAY,,,,"OVER $1,500",08/18/2025 04:13:00 PM,UNABLE TO DETERMINE,UNABLE TO DETERMINE,4900,S,WESTERN AVE,923,,,,,,,3,NO INDICATION OF INJURY,0,0,0,0,0,3,0,16,2,8,41.804641245,-87.6845169054,POINT (-87.684516905411 41.804641245012)
99fff892629e6cbb01d69c0f847a64c968b6e048efdcbec54969a9bc98a829e1d2d3a9215d3d3c4793f931723ce5ff9b683c05d3e128cc377b82fbe0d2b466f2,,08/18/2025 04:10:00 PM,25,NO CONTROLS,NO CONTROLS,CLEAR,DAYLIGHT,PEDALCYCLIST,NOT DIVIDED,,STRAIGHT AND LEVEL,DRY,UNKNOWN,ON SCENE,INJURY AND / OR TOW DUE TO CRASH,,,,"$501 - $1,500",08/18/2025 04:10:00 PM,IMPROPER OVERTAKING/PASSING,UNABLE TO DETERMINE,7136,N,CLARK ST,2424,,,,,,,2,NONINCAPACITATING INJURY,1,0,0,1,0,1,0,16,2,8,42.0125611934,-87.6747743704,POINT (-87.674774370391 42.012561193396)
42a63d4e2c96ecfb0e4f24883550e5d01bf65a37d0a18e4bc839a47a5e171deec578782086406dd5d12cfab91ff0102af38eb832222b53656aa2ec59540f3d17,,08/18/2025 04:08:00 PM,30,STOP SIGN/FLASHER,UNKNOWN,CLEAR,DAYLIGHT,ANGLE,FOUR WAY,,STRAIGHT AND LEVEL,DRY,NO DEFECTS,ON SCENE,NO INJURY / DRIVE AWAY,,,,"$501 - $1,500",08/18/2025 04:13:00 PM,FAILING TO YIELD RIGHT-OF-WAY,FAILING TO YIELD RIGHT-OF-WAY,1851,W,OGDEN AVE,1231,,,,,,,2,NO INDICATION OF INJURY,0,0,0,0,0,3,0,16,2,8,41.8756287478,-87.6727951744,POINT (-87.672795174359 41.875628747846)
22700467e95f0c887b69c0dfefeb3f61fe550d060006906d75c9108838f5abd4c863a24cfa7fddedc0998c2b032b587dc5a5f78ede8508280e7d442574eb1079,,08/18/2025 04:00:00 PM,15,NO CONTROLS,NO CONTROLS,CLEAR,DAYLIGHT,PARKED MOTOR VEHICLE,ONE-WAY,,STRAIGHT AND LEVEL,DRY,NO DEFECTS,ON SCENE,NO INJURY / DRIVE AWAY,,,,$500 OR LESS,08/18/2025 04:00:00 PM,IMPROPER BACKING,NOT APPLICABLE,7847,S,CREGIER AVE,414,,,,,,,2,NO INDICATION OF INJURY,0,0,0,0,0,1,0,16,2,8,41.7519764412,-87.5807304277,POINT (-87.580730427674 41.751976441244)
3cb17c1b359c3c4c60f38b5fb99e37e31ce6d4ce40ad9bbe4f1f597d4322b2f11765689620f36ec1c89a9d4710a4c021e5a107c0200dcaba509c7389e26553ac,,08/18/2025 04:00:00 PM,60,OTHER,UNKNOWN,CLEAR,DAYLIGHT,SIDESWIPE SAME DIRECTION,OTHER,,STRAIGHT AND LEVEL,DRY,UNKNOWN,ON SCENE,NO INJURY / DRIVE AWAY,,,,"OVER $1,500",08/18/2025 04:18:00 PM,IMPROPER LANE USAGE,IMPROPER OVERTAKING/PASSING,5000,N,LAKE SHORE DR SB,2024,,,,,,,2,NO INDICATION OF INJURY,0,0,0,0,0,2,0,16,2,8,41.9733917504,-87.6493589489,POINT (-87.649358948908 41.973391750411)
bf74a35d05ece735ed891d078715f06111635b148d1292bdc7d1714ee47af04b6ff0c9d0e2f33acb1f3d21f4765ca5e6bccfb303aae5cb0c274e919839247d72,,08/18/2025 04:00:00 PM,30,NO CONTROLS,NO CONTROLS,CLEAR,DAYLIGHT,SIDESWIPE SAME DIRECTION,DIVIDED - W/MEDIAN (NOT RAISED),,STRAIGHT AND LEVEL,DRY,UNKNOWN,NOT ON SCENE (DESK REPORT),NO INJURY / DRIVE AWAY,,,,"OVER $1,500",08/18/2025 06:00:00 PM,UNABLE TO DETERMINE,UNABLE TO DETERMINE,6900,S,UNION AVE,732,,,,,,,2,NO INDICATION OF INJURY,0,0,0,0,0,3,0,16,2,8,41.7687848415,-87.64220067,POINT (-87.642200670004 41.768784841548)
dbdd3c3d91609c7dbd817b8827f9b5d8d3a2f5add1150e687581f486aef314424acaac54645b19112418691e0902531b1f1daa2028f73be146437d8d15eb94c8,,08/18/2025 04:00:00 PM,25,TRAFFIC SIGNAL,FUNCTIONING PROPERLY,CLEAR,DAYLIGHT,ANGLE,FOUR WAY,,STRAIGHT AND LEVEL,DRY,UNKNOWN,NOT ON SCENE (DESK REPORT),NO INJURY / DRIVE AWAY,Y,,,"$501 - $1,500",08/19/2025 11:15:00 AM,UNABLE TO DETERMINE,UNABLE TO DETERMINE,5601,W,HIRSCH ST,2531,,,,,,,2,NO INDICATION OF INJURY,0,0,0,0,0,5,0,16,2,8,41.9056484627,-87.7658430751,POINT (-87.765843075143 41.905648462689)
a226dff9e8c21db991de5567bf92fc906147fcfc2bfe6949474c9bd278d7757a491dd8f9f6db161cba9eed774c5b3e307511e6e1a2a5b72e3b05a58734c5083e,,08/18/2025 03:57:00 PM,30,STOP SIGN/FLASHER,FUNCTIONING PROPERLY,CLEAR,DAYLIGHT,PEDALCYCLIST,FOUR WAY,,STRAIGHT AND LEVEL,DRY,UNKNOWN,,INJURY AND / OR TOW DUE TO CRASH,Y,,,"OVER $1,500",08/25/2025 04:03:00 PM,UNABLE TO DETERMINE,NOT APPLICABLE,4627,N,KEDZIE AVE,1713,,,,,,,2,NONINCAPACITATING INJURY,1,0,0,1,0,1,0,15,2,8,41.9655424558,-87.7082373651,POINT (-87.708237365074 41.965542455846)
3fb959eb930db585d4436da4f9040b3a3df38c1cebe0da625929381d96d72d03b55b0adaeb024fba7387e3b600d584d84b7e380530a8cf96a7a0c040f27f5c45,,08/18/2025 03:53:00 PM,20,STOP SIGN/FLASHER,FUNCTIONING PROPERLY,CLEAR,DAYLIGHT,PARKED MOTOR VEHICLE,NOT DIVIDED,,STRAIGHT AND LEVEL,DRY,NO DEFECTS,ON SCENE,NO INJURY / DRIVE AWAY,,,,"OVER $1,500",08/18/2025 03:53:00 PM,UNABLE TO DETERMINE,UNABLE TO DETERMINE,2939,N,PINE GROVE AVE,1934,,,,,,,2,NO INDICATION OF INJURY,0,0,0,0,0,1,0,15,2,8,41.9355011658,-87.641674792,POINT (-87.641674791959 41.935501165755)
0f698a4e50a05952087f75c0759490831b1d8a70bbfdf1275990c92dd50abc1765a579c4c9d43f37c4db64940c9923bb65548434cbb8777ba8b7b8379b46ced6,,08/18/2025 03:52:00 PM,35,TRAFFIC SIGNAL,FUNCTIONING PROPERLY,CLEAR,DAYLIGHT,SIDESWIPE SAME DIRECTION,DIVIDED - W/MEDIAN (NOT RAISED),,STRAIGHT AND LEVEL,DRY,NO DEFECTS,ON SCENE,NO INJURY / DRIVE AWAY,,,Y,"OVER $1,500",08/18/2025 04:01:00 PM,IMPROPER OVERTAKING/PASSING,NOT APPLICABLE,900,W,NORTH AVE,1813,,,,,,,2,NO INDICATION OF INJURY,0,0,0,0,0,2,0,15,2,8,41.9109817397,-87.651209308,POINT (-87.651209308018 41.910981739735)
1a93bbcdbb0acf9ce5807ef1157d03aaecba7f670b4b02350395ddb180283f73f5dc0d2e66a580084aab4777471608bc4876fc9de55432c90bf1aa134c537c04,Y,08/18/2025 03:45:00 PM,30,UNKNOWN,UNKNOWN,UNKNOWN,DAYLIGHT,TURNING,DIVIDED - W/MEDIAN BARRIER,,STRAIGHT AND LEVEL,UNKNOWN,UNKNOWN,NOT ON SCENE (DESK REPORT),NO INJURY / DRIVE AWAY,Y,,,"OVER $1,500",08/18/2025 05:00:00 PM,UNABLE TO DETERMINE,NOT APPLICABLE,6700,S,STONY ISLAND AVE,332,,,,,,,2,NO INDICATION OF INJURY,0,0,0,0,0,2,0,15,2,8,41.7732928959,-87.5864423683,POINT (-87.586442368314 41.773292895851)
ac6257bd15079e5b9837c31063a6116fedc9edb4310ae6330f66537ae618bfc22b8f362439b7bed697dd03d418138fa9bfd6dbd46d83cd67d9da3cc60086cc9d,,08/18/2025 03:42:00 PM,30,TRAFFIC SIGNAL,FUNCTIONING PROPERLY,CLEAR,DAYLIGHT,REAR END,DIVIDED - W/MEDIAN (NOT RAISED),,STRAIGHT AND LEVEL,DRY,NO DEFECTS,NOT ON SCENE (DESK REPORT),INJURY AND / OR TOW DUE TO CRASH,,,,"OVER $1,500",08/18/2025 04:25:00 PM,FOLLOWING TOO CLOSELY,NOT APPLICABLE,2002,N,HUMBOLDT BLVD,1414,,,,,,,2,"REPORTED, NOT EVIDENT",2,0,0,0,2,1,0,15,2,8,41.9175548508,-87.7022397509,POINT (-87.70223975088 41.917554850832)
2ba5c5cd9803dbc78d4e928dae67e70ceaee1e970a206f114f64e71fac0ec8cb00d47560400cb30837e6ba0ea1d7413aceb9257ccb25a42d76d469437621a36c,,08/18/2025 03:40:00 PM,30,TRAFFIC SIGNAL,FUNCTIONING PROPERLY,CLEAR,DAYLIGHT,TURNING,FOUR WAY,,STRAIGHT AND LEVEL,DRY,NO DEFECTS,ON SCENE,NO INJURY / DRIVE AWAY,Y,,,"OVER $1,500",08/18/2025 03:54:00 PM,UNABLE TO DETERMINE,UNABLE TO DETERMINE,801,S,INDEPENDENCE BLVD,1133,,,,,,,2,NO INDICATION OF INJURY,0,0,0,0,0,4,0,15,2,8,41.8707614725,-87.7195285786,POINT (-87.719528578627 41.870761472451)
40b4920cd8baff691c4046aacb47c3c5cee3d7dc474397cd8551e531835f6347e13fdcc2e4188fc046976e0d66cc7bf6baf4101cb3ebc8ca3ccd8f6e795fa436,,08/18/2025 03:30:00 PM,25,NO CONTROLS,NO CONTROLS,CLEAR,DAYLIGHT,PARKED MOTOR VEHICLE,NOT DIVIDED,,STRAIGHT AND LEVEL,DRY,NO DEFECTS,NOT ON SCENE (DESK REPORT),NO INJURY / DRIVE AWAY,,,,"OVER $1,500",08/18/2025 06:00:00 PM,UNABLE TO DETERMINE,UNABLE TO DETERMINE,5564,W,52ND ST,814,,,,,,,2,NO INDICATION OF INJURY,0,0,0,0,0,2,0,15,2,8,41.7983510298,-87.7624110171,POINT (-87.762411017149 41.798351029771)