CRASH_RECORD_ID,CRASH_DATE_EST_I,CRASH_DATE,POSTED_SPEED_LIMIT,TRAFFIC_CONTROL_DEVICE,DEVICE_CONDITION,WEATHER_CONDITION,LIGHTING_CONDITION,FIRST_CRASH_TYPE,TRAFFICWAY_TYPE,LANE_CNT,ALIGNMENT,ROADWAY_SURFACE_COND,ROAD_DEFECT,REPORT_TYPE,CRASH_TYPE,INTERSECTION_RELATED_I,NOT_RIGHT_OF_WAY_I,HIT_AND_RUN_I,DAMAGE,DATE_POLICE_NOTIFIED,PRIM_CONTRIBUTORY_CAUSE,SEC_CONTRIBUTORY_CAUSE,STREET_NO,STREET_DIRECTION,STREET_NAME,BEAT_OF_OCCURRENCE,PHOTOS_TAKEN_I,STATEMENTS_TAKEN_I,DOORING_I,WORK_ZONE_I,WORK_ZONE_TYPE,WORKERS_PRESENT_I,NUM_UNITS,MOST_SEVERE_INJURY,INJURIES_TOTAL,INJURIES_FATAL,INJURIES_INCAPACITATING,INJURIES_NON_INCAPACITATING,INJURIES_REPORTED_NOT_EVIDENT,INJURIES_NO_INDICATION,INJURIES_UNKNOWN,CRASH_HOUR,CRASH_DAY_OF_WEEK,CRASH_MONTH,LATITUDE,LONGITUDE,LOCATION
8044266c282fb612fd862454dfcb648497ec251957e018c45499a6f8bb5aab56bea8429062e41cd5f05950954b8aa3dc5877d032b4d087d43fe42a1c175ff352,,08/18/2025 03:30:00 PM,30,NO CONTROLS,NO CONTROLS,UNKNOWN,DAYLIGHT,SIDESWIPE SAME DIRECTION,NOT DIVIDED,,STRAIGHT AND LEVEL,UNKNOWN,UNKNOWN,NOT ON SCENE (DESK REPORT),NO INJURY / DRIVE AWAY,,,,"OVER $1,500",08/18/2025 04:25:00 PM,DRIVING SKILLS/KNOWLEDGE/EXPERIENCE,NOT APPLICABLE,2200,E,130TH ST,434,,,,,,,2,NO INDICATION OF INJURY,0,0,0,0,0,2,0,15,2,8,41.6592969527,-87.5701290445,POINT (-87.570129044549 41.659296952728)
8209a9f0561f7c2a3d0003339108b77241a0201e49778a1cf7a614145fa8830685b22c7e72be885a54d6a964094fd58cb9c6b88968505127410caf9fe7322512,,08/18/2025 03:30:00 PM,30,UNKNOWN,UNKNOWN,UNKNOWN,UNKNOWN,REAR END,NOT DIVIDED,,STRAIGHT AND LEVEL,UNKNOWN,UNKNOWN,,NO INJURY / DRIVE AWAY,,,,"OVER $1,500",08/19/2025 06:20:00 PM,UNABLE TO DETERMINE,UNABLE TO DETERMINE,5521,N,CUMBERLAND AVE,1614,,,,,,,2,NO INDICATION OF INJURY,0,0,0,0,0,2,0,15,2,8,41.9799680223,-87.8364344627,POINT (-87.836434462652 41.979968022314)
88c196cb061c0c57d9a8855132a0697ff22a48507f8b59540fcfa4d1301499a00003ad7bc7f40bff2e19c09d09b06bd46952179223e54e5c57ad2fa56c81c01e,Y,08/18/2025 03:30:00 PM,25,NO CONTROLS,NO CONTROLS,CLEAR,DAYLIGHT,SIDESWIPE OPPOSITE DIRECTION,NOT DIVIDED,,STRAIGHT AND LEVEL,DRY,NO DEFECTS,ON SCENE,NO INJURY / DRIVE AWAY,,,,"OVER $1,500",08/18/2025 04:02:00 PM,NOT APPLICABLE,NOT APPLICABLE,7864,S,KOSTNER AVE,834,,,,,,,2,NO INDICATION OF INJURY,0,0,0,0,0,2,0,15,2,8,41.7496193482,-87.7317870993,POINT (-87.731787099264 41.749619348196)
ca99b7b2cde01fc4e03616e214b19d8baf710e8b5b66787ed4e761b036bac360e5a004f4fbd52f0a5f256fecb606522a85a271ddaf99d8349d727e6adb838d87,,08/18/2025 03:30:00 PM,30,TRAFFIC SIGNAL,FUNCTIONING PROPERLY,CLEAR,DAYLIGHT,PEDALCYCLIST,FOUR WAY,,STRAIGHT AND LEVEL,DRY,NO DEFECTS,ON SCENE,INJURY AND / OR TOW DUE TO CRASH,Y,,,$500 OR LESS,08/18/2025 04:27:00 PM,FAILING TO REDUCE SPEED TO AVOID CRASH,NOT APPLICABLE,4400,N,MELVINA AVE,1622,,,,,,,2,"REPORTED, NOT EVIDENT",1,0,0,0,1,3,0,15,2,8,41.9603053184,-87.7820540418,POINT (-87.782054041758 41.960305318358)
d59aeb58892ce4c2a21fbab18e0b71243daa12668d41e041bce1399c69fd1a3acdcaa92063304cf57660788ec3b4a78f74e8897bac3f5099bf0927407d1a8392,,08/18/2025 03:30:00 PM,30,TRAFFIC SIGNAL,FUNCTIONING PROPERLY,CLEAR,DAYLIGHT,SIDESWIPE SAME DIRECTION,NOT DIVIDED,,STRAIGHT AND LEVEL,DRY,NO DEFECTS,NOT ON SCENE (DESK REPORT),NO INJURY / DRIVE AWAY,,,,"OVER $1,500",08/19/2025 12:44:00 AM,UNABLE TO DETERMINE,NOT APPLICABLE,5852,S,WESTERN AVE,824,,,,,,,2,NO INDICATION OF INJURY,0,0,0,0,0,2,0,15,2,8,41.7867880859,-87.6839848829,POINT (-87.683984882873 41.786788085901)
8470f4e3c07b085998844fec2484ba41624bba7bf7dd31f3a5c081951f9e8a47c164dc5e05c12b2fb35276337d02c4afa957b978badab3cbf1a7371304bdf16e,,08/18/2025 03:21:00 PM,30,TRAFFIC SIGNAL,FUNCTIONING PROPERLY,CLEAR,DAYLIGHT,ANGLE,NOT DIVIDED,,STRAIGHT AND LEVEL,DRY,NO DEFECTS,ON SCENE,NO INJURY / DRIVE AWAY,,,Y,"$501 - $1,500",08/18/2025 03:21:00 PM,DISREGARDING TRAFFIC SIGNALS,DISREGARDING TRAFFIC SIGNALS,3798,W,POLK ST,1133,,,,,,,2,NO INDICATION OF INJURY,0,0,0,0,0,2,0,15,2,8,41.870895053,-87.7202470686,POINT (-87.720247068559 41.870895053041)
2f67bbbe1830734ec8537d151de768f40913752e61c72c24c299fc337567a3b95ef0d79f3fcab202e92edd6cfa6ede80ef25d55f8d53ff1aa56b11926e1551ef,,08/18/2025 03:18:00 PM,30,NO CONTROLS,NO CONTROLS,CLEAR,DAYLIGHT,REAR END,DIVIDED - W/MEDIAN (NOT RAISED),,STRAIGHT AND LEVEL,DRY,UNKNOWN,NOT ON SCENE (DESK REPORT),NO INJURY / DRIVE AWAY,,,,"OVER $1,500",08/18/2025 05:20:00 PM,FOLLOWING TOO CLOSELY,NOT APPLICABLE,1414,N,ASHLAND AVE,1433,Y,,,,,,3,NO INDICATION OF INJURY,0,0,0,0,0,3,0,15,2,8,41.9075060459,-87.6677500847,POINT (-87.667750084677 41.907506045906)
0394fe7b423ff5da555dd461844a841597cc93e173ba9739a2b2517895f17940b12f30a6fd1f7cbd701a8800d804819212d2bd310010b18cedb199bc3eab8044,,08/18/2025 03:14:00 PM,30,STOP SIGN/FLASHER,FUNCTIONING PROPERLY,CLEAR,DAYLIGHT,SIDESWIPE SAME DIRECTION,OTHER,,STRAIGHT AND LEVEL,DRY,UNKNOWN,ON SCENE,NO INJURY / DRIVE AWAY,Y,,,"OVER $1,500",08/18/2025 03:31:00 PM,IMPROPER OVERTAKING/PASSING,DRIVING SKILLS/KNOWLEDGE/EXPERIENCE,300,W,43RD ST,925,,,,,,,3,NO INDICATION OF INJURY,0,0,0,0,0,4,0,15,2,8,41.8164920749,-87.6336245191,POINT (-87.633624519112 41.81649207494)
e5720a0335df66b2e367af4e94ecb98189c3c0e5791def4018ee7316be4b5d8923809f83c8b8f8ca7d669dde8ebeedcb53c7479ede622d5fcfde0d739a0c1eba,,08/18/2025 03:14:00 PM,30,NO CONTROLS,NO CONTROLS,CLEAR,DAYLIGHT,SIDESWIPE SAME DIRECTION,ONE-WAY,,STRAIGHT AND LEVEL,DRY,NO DEFECTS,NOT ON SCENE (DESK REPORT),NO INJURY / DRIVE AWAY,,,Y,"OVER $1,500",08/22/2025 08:00:00 AM,FAILING TO YIELD RIGHT-OF-WAY,UNABLE TO DETERMINE,236,N,FRANKLIN ST,122,,,,,,,2,NO INDICATION OF INJURY,0,0,0,0,0,2,0,15,2,8,41.8865927378,-87.6355782527,POINT (-87.635578252706 41.886592737835)
62913f688337e922a8ef5ccfac54d583fe57996ac4426cd1f2e1b36927ef2fc6ca44db2c4d636e16a41b22fc888c8526e2842efaabf56ffc0f704bd7392532c9,,08/18/2025 03:07:00 PM,30,TRAFFIC SIGNAL,FUNCTIONING PROPERLY,CLEAR,DAYLIGHT,PEDALCYCLIST,FOUR WAY,,STRAIGHT AND LEVEL,WET,NO DEFECTS,ON SCENE,INJURY AND / OR TOW DUE TO CRASH,Y,,Y,"$501 - $1,500",08/18/2025 03:09:00 PM,FAILING TO REDUCE SPEED TO AVOID CRASH,NOT APPLICABLE,530,W,ROOSEVELT RD,124,,,,,,,2,"REPORTED, NOT EVIDENT",1,0,0,0,1,1,0,15,2,8,41.8673524748,-87.6405639839,POINT (-87.64056398387 41.867352474779)
083fa402e50890b028a9c808d435e9541d6777941bdfd4e702c0f7cd7ea5ac96031809d3be18cd89f2e8f165c1c40d7336fd1ae7e543d39aa1b564b3fe9e169d,,08/18/2025 03:00:00 PM,35,TRAFFIC SIGNAL,FUNCTIONING PROPERLY,CLEAR,DAYLIGHT,SIDESWIPE SAME DIRECTION,ONE-WAY,,STRAIGHT AND LEVEL,DRY,NO DEFECTS,ON SCENE,INJURY AND / OR TOW DUE TO CRASH,,,,"OVER $1,500",08/18/2025 03:03:00 PM,IMPROPER LANE USAGE,UNABLE TO DETERMINE,3301,S,MICHIGAN AVE,211,,,,,,,4,NONINCAPACITATING INJURY,1,0,0,1,0,2,0,15,2,8,41.8346161693,-87.6231781513,POINT (-87.623178151254 41.834616169287)
12d85575a98c8adb8993620df42778c2ad41166005ad1286468a9b3bf4c16ce6503ca19e08d48eb4a1224214d03e8c1f9940380725412f9c06fcec7c3964aca1,,08/18/2025 03:00:00 PM,25,UNKNOWN,UNKNOWN,UNKNOWN,UNKNOWN,PEDALCYCLIST,NOT DIVIDED,,STRAIGHT AND LEVEL,UNKNOWN,UNKNOWN,NOT ON SCENE (DESK REPORT),NO INJURY / DRIVE AWAY,,,,"OVER $1,500",08/19/2025 02:10:00 PM,NOT APPLICABLE,NOT APPLICABLE,4400,N,LAKE SHORE DR SB,1914,,,,,,,2,NO INDICATION OF INJURY,0,0,0,0,0,2,0,15,2,8,41.9620271555,-87.6466396613,POINT (-87.64663966128 41.962027155537)
84485c4f33b8acaf83b6c27ba917781a7cb03e1306db73791cf7856cdef8435ca5670648fe3dadde5470faa6ca6e7694cab60dc808cea6c29c66701cdb1c3dd0,,08/18/2025 03:00:00 PM,30,OTHER,FUNCTIONING PROPERLY,CLEAR,DAYLIGHT,SIDESWIPE SAME DIRECTION,ONE-WAY,,STRAIGHT AND LEVEL,DRY,NO DEFECTS,NOT ON SCENE (DESK REPORT),NO INJURY / DRIVE AWAY,,,,"OVER $1,500",08/18/2025 03:50:00 PM,UNABLE TO DETERMINE,NOT APPLICABLE,3100,W,76TH ST,835,,,,,,,2,NO INDICATION OF INJURY,0,0,0,0,0,2,0,15,2,8,41.7553893772,-87.70029918,POINT (-87.700299179988 41.755389377227)
ab9ca5b250a27bc0004ede346b0256259900cd49107061a0077505e77c86a509d9236c3c1cac4409974efc9d766151f2fb0d7c445690e42a774a06572393f992,,08/18/2025 03:00:00 PM,30,TRAFFIC SIGNAL,FUNCTIONING PROPERLY,CLEAR,DAYLIGHT,FIXED OBJECT,DIVIDED - W/MEDIAN (NOT RAISED),,STRAIGHT AND LEVEL,DRY,NO DEFECTS,ON SCENE,INJURY AND / OR TOW DUE TO CRASH,,,,"OVER $1,500",08/18/2025 03:00:00 PM,UNABLE TO DETERMINE,NOT APPLICABLE,2300,W,LAKE ST,1223,,,,,,,1,"REPORTED, NOT EVIDENT",1,0,0,0,1,0,0,15,2,8,41.884815522,-87.6841941679,POINT (-87.684194167867 41.884815521988)
d20083bd5a6f308053d05200cf9047f5cd8e851995dc45e351a304dac0431cd00afbe058c94759fe4154dafc35bd2e7d5bf127e16182b373ba72af001a7cc0a1,,08/18/2025 03:00:00 PM,30,TRAFFIC SIGNAL,FUNCTIONING PROPERLY,CLEAR,DAYLIGHT,REAR END,DIVIDED - W/MEDIAN (NOT RAISED),,STRAIGHT AND LEVEL,DRY,NO DEFECTS,NOT ON SCENE (DESK REPORT),INJURY AND / OR TOW DUE TO CRASH,,,,"OVER $1,500",08/18/2025 03:44:00 PM,FOLLOWING TOO CLOSELY,NOT APPLICABLE,5900,S,WESTERN AVE,824,,,,,,,3,NONINCAPACITATING INJURY,2,0,0,2,0,1,0,15,2,8,41.7864371748,-87.6839752465,POINT (-87.683975246481 41.786437174774)
e5e9a74ccb634dc79ab4ef36169fd245ed4681e6c003479d1306f144e4eab2a7798247c0fcf77be67bd635fa8e61c8aa0f2a5cb77989ad038f378588045361a0,,08/18/2025 03:00:00 PM,25,NO CONTROLS,NO CONTROLS,CLEAR,DAYLIGHT,PARKED MOTOR VEHICLE,ONE-WAY,,STRAIGHT AND LEVEL,UNKNOWN,UNKNOWN,NOT ON SCENE (DESK REPORT),NO INJURY / DRIVE AWAY,,,Y,"OVER $1,500",08/18/2025 04:05:00 PM,DRIVING SKILLS/KNOWLEDGE/EXPERIENCE,FAILING TO REDUCE SPEED TO AVOID CRASH,1619,W,GLENLAKE AVE,2433,,,,,,,2,NO INDICATION OF INJURY,0,0,0,0,0,2,0,15,2,8,41.9927648616,-87.6709625013,POINT (-87.670962501256 41.99276486163)
30f4b5aa6641d6d5ca9a6d2ef8c51c315c6500f6c9346c3d331f66309132921683bfc37e2053566a11e35d0ddf26417a97cbd9aa687c241de35ce382b646f929,,08/18/2025 02:55:00 PM,30,TRAFFIC SIGNAL,FUNCTIONING PROPERLY,CLEAR,DAYLIGHT,TURNING,NOT DIVIDED,,STRAIGHT AND LEVEL,DRY,NO DEFECTS,NOT ON SCENE (DESK REPORT),NO INJURY / DRIVE AWAY,Y,,Y,"OVER $1,500",08/18/2025 04:00:00 PM,IMPROPER LANE USAGE,UNABLE TO DETERMINE,1399,N,CENTRAL AVE,2532,,,,,,,2,NO INDICATION OF INJURY,0,0,0,0,0,4,0,14,2,8,41.9057168237,-87.7656361997,POINT (-87.765636199712 41.905716823748)
343e0edc1fc452ca1878a5158ccb4bc7da9c92cb84e098ecbedb28964b293d2b18bf1aef0d0a63ede2806987640c9c98fecc46ce16f798d5bd8abfcbdb9c27ce,,08/18/2025 02:50:00 PM,30,TRAFFIC SIGNAL,FUNCTIONING PROPERLY,CLEAR,DAYLIGHT,TURNING,FOUR WAY,,STRAIGHT AND LEVEL,DRY,NO DEFECTS,NOT ON SCENE (DESK REPORT),NO INJURY / DRIVE AWAY,Y,,,"OVER $1,500",08/18/2025 05:00:00 PM,DRIVING SKILLS/KNOWLEDGE/EXPERIENCE,UNABLE TO DETERMINE,4104,S,PULASKI RD,815,,,,,,,2,NO INDICATION OF INJURY,0,0,0,0,0,2,0,14,2,8,41.8182448871,-87.7240930064,POINT (-87.724093006429 41.81824488709)
54a9e5b84b85d011b09bd06ddd4b20ed033eecf6275823cd933c69c8610ed80b207565934150355d3c58982fe4651a642b4cce3d697c89fce8436bab793c106e,,08/18/2025 02:50:00 PM,20,NO CONTROLS,NO CONTROLS,CLEAR,DAYLIGHT,PARKED MOTOR VEHICLE,NOT DIVIDED,,STRAIGHT AND LEVEL,DRY,UNKNOWN,NOT ON SCENE (DESK REPORT),NO INJURY / DRIVE AWAY,,,,"OVER $1,500",08/19/2025 01:07:00 PM,IMPROPER LANE USAGE,NOT APPLICABLE,1818,W,PRYOR AVE,2212,,,,,,,2,NO INDICATION OF INJURY,0,0,0,0,0,1,0,14,2,8,41.6926238108,-87.6670980498,POINT (-87.667098049839 41.692623810759)
79b687da3d4dc93b408d8cd6edb6ddbea7f3b0ab615ee0c745a2af50e8ac0c3afddef57f1471d506cdb2b9e588f389ce07ffbbef63234fbae525b60591b61197,,08/18/2025 02:45:00 PM,30,TRAFFIC SIGNAL,FUNCTIONING PROPERLY,CLEAR,DAYLIGHT,PEDESTRIAN,NOT DIVIDED,,STRAIGHT AND LEVEL,DRY,NO DEFECTS,NOT ON SCENE (DESK REPORT),INJURY AND / OR TOW DUE TO CRASH,,,Y,"OVER $1,500",08/19/2025 03:26:00 PM,NOT APPLICABLE,NOT APPLICABLE,5012,S,PULASKI RD,815,,,,,,,2,NONINCAPACITATING INJURY,1,0,0,1,0,1,0,14,2,8,41.8018963345,-87.7235576409,POINT (-87.723557640851 41.801896334541)
9bd9a6722501c9c7437bc933461c702d4d40ba37314b8c2eeda11b3a5a1c7c5b55308538ffd9455028753c74b733a19e50deec1620b67abd769b9dd60cbe0c48,,08/18/2025 02:45:00 PM,30,TRAFFIC SIGNAL,FUNCTIONING PROPERLY,CLEAR,DAYLIGHT,SIDESWIPE SAME DIRECTION,NOT DIVIDED,,STRAIGHT AND LEVEL,DRY,NO DEFECTS,NOT ON SCENE (DESK REPORT),NO INJURY / DRIVE AWAY,Y,,,"OVER $1,500",08/18/2025 03:30:00 PM,IMPROPER OVERTAKING/PASSING,FOLLOWING TOO CLOSELY,1400,N,PULASKI RD,2534,,Y,,,,,2,NO INDICATION OF INJURY,0,0,0,0,0,2,0,14,2,8,41.9062502664,-87.7265567736,POINT (-87.726556773589 41.906250266381)
b74c82b0c5a390ca9e74a30048582968c31585855d3180b2b93b1f704ab70112c1ddc583383c1703835ac1ae9b840a1f11585149ce42a6b291df298b6c3a1ffa,,08/18/2025 02:45:00 PM,30,NO CONTROLS,NO CONTROLS,CLEAR,DAYLIGHT,TURNING,NOT DIVIDED,,STRAIGHT AND LEVEL,DRY,NO DEFECTS,NOT ON SCENE (DESK REPORT),INJURY AND / OR TOW DUE TO CRASH,,,,"OVER $1,500",08/18/2025 03:40:00 PM,IMPROPER TURNING/NO SIGNAL,NOT APPLICABLE,4828,S,COTTAGE GROVE AVE,223,,,,,,,2,"REPORTED, NOT EVIDENT",1,0,0,0,1,1,0,14,2,8,41.8068306808,-87.6066542024,POINT (-87.606654202391 41.806830680778)
cfdc63fe41094cbe511869ced83fb796fca68a124383943302afa00a523f7c7d16208fc40397036706f7ac509594de0a4338905399574ba5f448244c9b4dcd72,,08/18/2025 02:45:00 PM,30,UNKNOWN,UNKNOWN,RAIN,DAYLIGHT,SIDESWIPE SAME DIRECTION,NOT DIVIDED,,STRAIGHT AND LEVEL,DRY,NO DEFECTS,ON SCENE,INJURY AND / OR TOW DUE TO CRASH,,,,"OVER $1,500",08/18/2025 02:59:00 PM,UNABLE TO DETERMINE,UNABLE TO DETERMINE,2834,W,CERMAK RD,1023,,,,,,,2,NO INDICATION OF INJURY,0,0,0,0,0,3,0,14,2,8,41.8519965125,-87.6969998956,POINT (-87.696999895571 41.851996512484)
77cca8c9a0781bdeec464866516ad78bb81c5b57a916c862273a411d35307a39d852472c3b9a708c8b1c8459a5e946d46eea0bee5b804071bba044397aded9cb,Y,08/18/2025 02:43:00 PM,25,STOP SIGN/FLASHER,FUNCTIONING PROPERLY,CLEAR,DAYLIGHT,TURNING,NOT REPORTED,,STRAIGHT AND LEVEL,DRY,NO DEFECTS,ON SCENE,INJURY AND / OR TOW DUE TO CRASH,Y,,,"OVER $1,500",08/18/2025 03:45:00 PM,FAILING TO YIELD RIGHT-OF-WAY,NOT APPLICABLE,3359,S,DAMEN AVE,912,,,,,,,2,NO INDICATION OF INJURY,0,0,0,0,0,3,0,14,2,8,41.8324141272,-87.6751886441,POINT (-87.675188644101 41.832414127247)
e2bd0a80da6a552c027c08c77b48496aa711726a325b5acd33f51d41e2a040ca97763f9dc0ad6efcfc733807c28332398f568f244a882ba6182a9ee2665cdfe9,,08/18/2025 02:34:00 PM,30,TRAFFIC SIGNAL,FUNCTIONING PROPERLY,CLEAR,DAYLIGHT,PARKED MOTOR VEHICLE,NOT DIVIDED,,STRAIGHT AND LEVEL,DRY,NO DEFECTS,ON SCENE,NO INJURY / DRIVE AWAY,,,Y,$500 OR LESS,08/18/2025 02:38:00 PM,IMPROPER OVERTAKING/PASSING,IMPROPER LANE USAGE,3105,S,WALLACE ST,915,,,,,,,2,NO INDICATION OF INJURY,0,0,0,0,0,1,0,14,2,8,41.8379054252,-87.6412625073,POINT (-87.641262507272 41.837905425191)
68fd2c83c46827dc9b61cea74f6457edfa7b71fad9d1268ba33e3320e7270fc04f66bf1a5276fbe8c15ea296c56425d7be782751876272b033582d6759c78a54,,08/18/2025 02:33:00 PM,30,NO CONTROLS,NO CONTROLS,CLEAR,DAYLIGHT,FIXED OBJECT,NOT DIVIDED,,STRAIGHT AND LEVEL,DRY,NO DEFECTS,ON SCENE,NO INJURY / DRIVE AWAY,,,,"$501 - $1,500",08/18/2025 02:57:00 PM,DRIVING SKILLS/KNOWLEDGE/EXPERIENCE,NOT APPLICABLE,1431,W,NORTH AVE,1433,,,,,,,1,NO INDICATION OF INJURY,0,0,0,0,0,1,0,14,2,8,41.9105708451,-87.6640744462,POINT (-87.664074446154 41.910570845144)
4b99d4f89892a625680bb6385ad3cc638ad0f3a4a45b716d60ac59f74fcc0c5c242fefe989ca638cad744afaaddff68727df049fe2d0b7504978033edec669eb,,08/18/2025 02:30:00 PM,30,TRAFFIC SIGNAL,FUNCTIONING PROPERLY,CLEAR,DAYLIGHT,REAR END,FOUR WAY,,STRAIGHT AND LEVEL,DRY,NO DEFECTS,NOT ON SCENE (DESK REPORT),NO INJURY / DRIVE AWAY,Y,,,"OVER $1,500",08/19/2025 01:50:00 PM,FAILING TO REDUCE SPEED TO AVOID CRASH,UNABLE TO DETERMINE,4300,S,WESTERN AVE,922,,,,,,,2,NO INDICATION OF INJURY,0,0,0,0,0,2,0,14,2,8,41.8156032045,-87.6847727236,POINT (-87.684772723609 41.815603204509)
70356057b9ef2081a8f6627a62476f23757f223a74f98639b509abffd928bc9bdeb6cae38d72b038609afbaf9f83a9ad5621549cb238f70b2189f0e25bc8f3dd,,08/18/2025 02:30:00 PM,30,NO CONTROLS,NO CONTROLS,CLEAR,DAYLIGHT,PARKED MOTOR VEHICLE,NOT DIVIDED,,STRAIGHT AND LEVEL,DRY,NO DEFECTS,ON SCENE,NO INJURY / DRIVE AWAY,,,,"OVER $1,500",08/18/2025 02:36:00 PM,UNABLE TO DETERMINE,UNABLE TO DETERMINE,2916,W,DEVON AVE,2412,,,,,,,2,NO INDICATION OF INJURY,0,0,0,0,0,4,0,14,2,8,41.9976140659,-87.7028147495,POINT (-87.702814749508 41.997614065861)
931eb452da668bd432ad350dc60e051c9aef52c6c4445000e2dbd51eff4b1ee55ea3ddbce0f96ecc50e2f35886d3d032238120dddecee7292b7f729492a807a1,,08/18/2025 02:30:00 PM,30,TRAFFIC SIGNAL,FUNCTIONING PROPERLY,CLEAR,DAYLIGHT,REAR END,FOUR WAY,,STRAIGHT AND LEVEL,DRY,NO DEFECTS,NOT ON SCENE (DESK REPORT),NO INJURY / DRIVE AWAY,Y,,Y,"OVER $1,500",08/18/2025 03:55:00 PM,UNABLE TO DETERMINE,FAILING TO REDUCE SPEED TO AVOID CRASH,4305,W,47TH ST,815,,,,,,,2,NO INDICATION OF INJURY,0,0,0,0,0,2,0,14,2,8,41.8076645574,-87.7312737735,POINT (-87.731273773536 41.807664557438)
9c974af6fe54e430b943c12c47a7fa2a20c44cc8e1c36510945017090a373948410069f0c389f46b50e3d671034c6497199aae8130291fc384dc2038e32f2247,,08/18/2025 02:30:00 PM,30,TRAFFIC SIGNAL,FUNCTIONING PROPERLY,CLEAR,DAYLIGHT,TURNING,NOT DIVIDED,,STRAIGHT AND LEVEL,DRY,NO DEFECTS,NOT ON SCENE (DESK REPORT),NO INJURY / DRIVE AWAY,,,,"OVER $1,500",08/18/2025 03:30:00 PM,UNABLE TO DETERMINE,NOT APPLICABLE,2900,N,ASHLAND AVE,1931,,,,,,,2,NO INDICATION OF INJURY,0,0,0,0,0,2,0,14,2,8,41.934268942,-87.6686103167,POINT (-87.66861031665 41.934268942019)
a575752ddcadf61a72e7a2dc73add7ee332581bcdb21f570a8a9070f1cc1b7192df38c3ad5d50f1d5e1f120e629dce08391f7de796c65379ce313882f30baa76,,08/18/2025 02:25:00 PM,10,NO CONTROLS,NO CONTROLS,CLEAR,DAYLIGHT,SIDESWIPE SAME DIRECTION,PARKING LOT,,STRAIGHT AND LEVEL,DRY,NO DEFECTS,ON SCENE,NO INJURY / DRIVE AWAY,,Y,,$500 OR LESS,08/18/2025 02:29:00 PM,IMPROPER BACKING,IMPROPER BACKING,3000,S,ASHLAND AVE,912,,,,,,,2,NO INDICATION OF INJURY,0,0,0,0,0,2,0,14,2,8,41.8392999573,-87.6659352419,POINT (-87.665935241919 41.839299957339)
aab2ea97f0a405757880f914fa12a6bd17d57e4fcc15a3832550d9e8b0e4f07398a4630977fcfac9c1fe91cd145c44309d2f89f8379e07c69f23ab52e1ccd5a1,,08/18/2025 02:23:00 PM,30,STOP SIGN/FLASHER,NO CONTROLS,CLEAR,DAYLIGHT,ANGLE,NOT DIVIDED,,STRAIGHT AND LEVEL,DRY,NO DEFECTS,,INJURY AND / OR TOW DUE TO CRASH,Y,,,"OVER $1,500",08/18/2025 03:20:00 PM,UNABLE TO DETERMINE,NOT APPLICABLE,4101,W,BELMONT AVE,2523,,,,,,,2,"REPORTED, NOT EVIDENT",2,0,0,0,2,1,0,14,2,8,41.9389505968,-87.7297611408,POINT (-87.729761140773 41.938950596845)
7ddfb3b76c1d61cac0c271788395b36c078cc0b8304fa7f25bd7f6a86ef3bad15b6aa1a82d57605f1cd865be00d82b46e8160a69af65952319d90da36386db5c,,08/18/2025 02:21:00 PM,30,TRAFFIC SIGNAL,UNKNOWN,CLEAR,DAYLIGHT,REAR END,FOUR WAY,,STRAIGHT AND LEVEL,DRY,UNKNOWN,ON SCENE,INJURY AND / OR TOW DUE TO CRASH,,,,"OVER $1,500",08/18/2025 02:46:00 PM,UNABLE TO DETERMINE,NOT APPLICABLE,6159,N,LINCOLN AVE,1711,,,,,,,2,NO INDICATION OF INJURY,0,0,0,0,0,2,0,14,2,8,41.9940213336,-87.7130526392,POINT (-87.713052639186 41.994021333569)
40185db4d533b06d24346e5a20febb2e2b7fa9a020895988f208888ea616ec47f4cafdc791fb6f38de935c8cde82fd140e990c7c71e9b0b2a5e115dd774fc930,,08/18/2025 02:20:00 PM,30,TRAFFIC SIGNAL,FUNCTIONING PROPERLY,RAIN,DAYLIGHT,ANGLE,NOT DIVIDED,,STRAIGHT AND LEVEL,WET,NO DEFECTS,NOT ON SCENE (DESK REPORT),NO INJURY / DRIVE AWAY,,,,"OVER $1,500",08/19/2025 12:40:00 PM,UNABLE TO DETERMINE,NOT APPLICABLE,453,W,24TH ST,914,,,,,,,2,NO INDICATION OF INJURY,0,0,0,0,0,2,0,14,2,8,41.8489529272,-87.6388499686,POINT (-87.638849968595 41.848952927185)
77bac5d6736a80450755364f65638a921a2c0c8ac1d7ef1c5cd4bf6d724b8056947ebfab09d8aeac2f29d432434b223a8f260164dad386a6dc20c290e9c097ab,,08/18/2025 02:15:00 PM,30,NO CONTROLS,NO CONTROLS,CLEAR,DAYLIGHT,SIDESWIPE SAME DIRECTION,NOT DIVIDED,,STRAIGHT AND LEVEL,DRY,NO DEFECTS,NOT ON SCENE (DESK REPORT),NO INJURY / DRIVE AWAY,Y,,Y,"OVER $1,500",08/18/2025 04:30:00 PM,UNABLE TO DETERMINE,UNABLE TO DETERMINE,3228,W,59TH ST,822,,,,,,,2,NO INDICATION OF INJURY,0,0,0,0,0,2,0,14,2,8,41.7863383944,-87.7045104712,POINT (-87.704510471158 41.786338394359)