CRASH_RECORD_ID,CRASH_DATE_EST_I,CRASH_DATE,POSTED_SPEED_LIMIT,TRAFFIC_CONTROL_DEVICE,DEVICE_CONDITION,WEATHER_CONDITION,LIGHTING_CONDITION,FIRST_CRASH_TYPE,TRAFFICWAY_TYPE,LANE_CNT,ALIGNMENT,ROADWAY_SURFACE_COND,ROAD_DEFECT,REPORT_TYPE,CRASH_TYPE,INTERSECTION_RELATED_I,NOT_RIGHT_OF_WAY_I,HIT_AND_RUN_I,DAMAGE,DATE_POLICE_NOTIFIED,PRIM_CONTRIBUTORY_CAUSE,SEC_CONTRIBUTORY_CAUSE,STREET_NO,STREET_DIRECTION,STREET_NAME,BEAT_OF_OCCURRENCE,PHOTOS_TAKEN_I,STATEMENTS_TAKEN_I,DOORING_I,WORK_ZONE_I,WORK_ZONE_TYPE,WORKERS_PRESENT_I,NUM_UNITS,MOST_SEVERE_INJURY,INJURIES_TOTAL,INJURIES_FATAL,INJURIES_INCAPACITATING,INJURIES_NON_INCAPACITATING,INJURIES_REPORTED_NOT_EVIDENT,INJURIES_NO_INDICATION,INJURIES_UNKNOWN,CRASH_HOUR,CRASH_DAY_OF_WEEK,CRASH_MONTH,LATITUDE,LONGITUDE,LOCATION
c2b5ee5d3326b9f43fb9a96478b551044d0b0801ae205a911d2e2cf763da60792c4b2da810a11d87dea211fd8487ffecca27a2fedd10d6745f231030bab16478,,08/18/2025 02:15:00 PM,30,NO CONTROLS,NO CONTROLS,CLEAR,DAYLIGHT,PEDALCYCLIST,ONE-WAY,,STRAIGHT AND LEVEL,DRY,NO DEFECTS,NOT ON SCENE (DESK REPORT),INJURY AND / OR TOW DUE TO CRASH,,,,$500 OR LESS,08/18/2025 03:30:00 PM,UNABLE TO DETERMINE,UNABLE TO DETERMINE,4920,S,KILDARE AVE,815,,,Y,,,,2,"REPORTED, NOT EVIDENT",1,0,0,0,1,1,0,14,2,8,41.8034612672,-87.7309515476,POINT (-87.730951547582 41.803461267183)
5ec898c44f9ee75428ec91df8ab6c301ea0c5a7bc8f8073d073de425017e0d1e83114b20f3a2ac3e5aa105fb3fc766488cfb804b77d093d9fb7ac469f9dc4b01,,08/18/2025 02:10:00 PM,35,NO CONTROLS,NO CONTROLS,CLEAR,DAYLIGHT,TURNING,NOT DIVIDED,,STRAIGHT AND LEVEL,DRY,NO DEFECTS,NOT ON SCENE (DESK REPORT),INJURY AND / OR TOW DUE TO CRASH,,,,"OVER $1,500",08/19/2025 02:50:00 AM,IMPROPER TURNING/NO SIGNAL,DRIVING SKILLS/KNOWLEDGE/EXPERIENCE,4601,W,MONTROSE AVE,1722,,,,,,,2,NONINCAPACITATING INJURY,1,0,0,1,0,1,0,14,2,8,41.9606703262,-87.7426442148,POINT (-87.742644214818 41.960670326185)
ad5800189b247aba44343eabad5f84f291761576050d9cd559667a8aed3542d501c6dfbbc9d7c702162ea2efcf79c8cff3d5d7e753cc798321759368315ee454,,08/18/2025 02:10:00 PM,30,NO CONTROLS,NO CONTROLS,CLEAR,DAYLIGHT,TURNING,DIVIDED - W/MEDIAN (NOT RAISED),,STRAIGHT AND LEVEL,DRY,NO DEFECTS,ON SCENE,NO INJURY / DRIVE AWAY,,,,"OVER $1,500",08/18/2025 02:16:00 PM,FAILING TO YIELD RIGHT-OF-WAY,IMPROPER LANE USAGE,2638,W,DIVISION ST,1423,,,,,,,2,NO INDICATION OF INJURY,0,0,0,0,0,2,0,14,2,8,41.9030643376,-87.6935296703,POINT (-87.693529670273 41.903064337615)
aeaa06b8e45ae403ab4fe944f5a34ba6536711a67cd4b251148df6bde8290dd025527f3c721cda6bb2f1a9016a6bae3d640c970be4275ddd6784fbe829dd1ef5,,08/18/2025 02:10:00 PM,35,TRAFFIC SIGNAL,FUNCTIONING PROPERLY,CLEAR,DAYLIGHT,REAR END,DIVIDED - W/MEDIAN (NOT RAISED),,STRAIGHT AND LEVEL,DRY,NO DEFECTS,NOT ON SCENE (DESK REPORT),NO INJURY / DRIVE AWAY,,,,"OVER $1,500",08/19/2025 02:50:00 PM,FOLLOWING TOO CLOSELY,FOLLOWING TOO CLOSELY,1800,S,KOSTNER AVE,1012,,,,,,,2,NO INDICATION OF INJURY,0,0,0,0,0,2,0,14,2,8,41.856841484,-87.7348228153,POINT (-87.734822815255 41.856841483997)
0ee1f78f0d5988f6057879efe21c552b53814ff81cb3d66e75824b1bfb900c83c9aab91d419ce7fb5ad2012ab70d20ba2578a7e4129ac70ded10147b0ae21698,,08/18/2025 02:07:00 PM,30,NO CONTROLS,NO CONTROLS,CLOUDY/OVERCAST,DAYLIGHT,SIDESWIPE SAME DIRECTION,NOT DIVIDED,,STRAIGHT AND LEVEL,DRY,NO DEFECTS,ON SCENE,INJURY AND / OR TOW DUE TO CRASH,,,,"OVER $1,500",08/18/2025 02:07:00 PM,FAILING TO YIELD RIGHT-OF-WAY,FAILING TO YIELD RIGHT-OF-WAY,7733,S,COTTAGE GROVE AVE,624,,,,,,,2,NO INDICATION OF INJURY,0,0,0,0,0,2,0,14,2,8,41.7539367389,-87.6051252831,POINT (-87.605125283055 41.753936738857)
44abf9ee927b6a92d1a61047d9eb629fe0bc959814991c316367b7c60ce2b63ed975b068c0a082835e88049ff7092a71a330081015c5e17b2cc821aab24eab1c,,08/18/2025 02:06:00 PM,30,STOP SIGN/FLASHER,FUNCTIONING PROPERLY,CLEAR,DAYLIGHT,ANGLE,ONE-WAY,,STRAIGHT ON GRADE,DRY,UNKNOWN,ON SCENE,NO INJURY / DRIVE AWAY,Y,,,"OVER $1,500",08/18/2025 02:06:00 PM,UNABLE TO DETERMINE,UNABLE TO DETERMINE,5600,S,MICHIGAN AVE,225,,,,,,,2,NO INDICATION OF INJURY,0,0,0,0,0,3,0,14,2,8,41.7928095051,-87.622562967,POINT (-87.622562966972 41.792809505121)
32697bf79215d293aa20c6ee98b930f5bcc8d9652f80af076e900eab165f4279ebe68950efd3e9c99e0c4c6f1ae04ca954ba2704f737d49e8408fee114273ba1,,08/18/2025 02:00:00 PM,25,STOP SIGN/FLASHER,FUNCTIONING PROPERLY,CLEAR,DAYLIGHT,ANGLE,FOUR WAY,,STRAIGHT AND LEVEL,DRY,NO DEFECTS,ON SCENE,INJURY AND / OR TOW DUE TO CRASH,,,,"OVER $1,500",08/18/2025 02:01:00 PM,FAILING TO YIELD RIGHT-OF-WAY,FAILING TO YIELD RIGHT-OF-WAY,12800,S,MARQUETTE AVE,433,,,,,,,2,NONINCAPACITATING INJURY,1,0,0,1,0,2,0,14,2,8,41.6627576618,-87.5569880421,POINT (-87.556988042077 41.662757661756)
c4fd2f450347be618583bc9bc28414664eec802d1bd5611ab5a8a5c6d1c980c2fb7657e852ca0588e02751f3f6023d50e332f02bbee80e484dfe6a165d6ee8a0,,08/18/2025 01:48:00 PM,15,NO CONTROLS,NO CONTROLS,CLEAR,DAYLIGHT,REAR TO FRONT,NOT DIVIDED,,STRAIGHT AND LEVEL,DRY,NO DEFECTS,NOT ON SCENE (DESK REPORT),NO INJURY / DRIVE AWAY,,,,$500 OR LESS,08/18/2025 02:00:00 PM,IMPROPER BACKING,NOT APPLICABLE,1126,W,GRACE ST,1923,,,,,,,2,NO INDICATION OF INJURY,0,0,0,0,0,2,0,13,2,8,41.9511747216,-87.6580752693,POINT (-87.658075269324 41.951174721598)
f0ef5d9c554f3e5406481c52787de142abb1810f05bb3bcc1d0cc7ddd5dc5282992b24124cb975dd1cdcc5e39ae078bef1494798403fcfe3a41c8153f220ac66,,08/18/2025 01:44:00 PM,30,NO CONTROLS,NO CONTROLS,CLEAR,DAYLIGHT,TURNING,DIVIDED - W/MEDIAN (NOT RAISED),,STRAIGHT AND LEVEL,DRY,NO DEFECTS,ON SCENE,INJURY AND / OR TOW DUE TO CRASH,,,,"OVER $1,500",08/18/2025 04:28:00 PM,IMPROPER TURNING/NO SIGNAL,NOT APPLICABLE,5817,S,WESTERN AVE,824,,,,,,,2,"REPORTED, NOT EVIDENT",4,0,0,0,4,1,0,13,2,8,41.7878147105,-87.6837214676,POINT (-87.683721467555 41.787814710534)
67f4386a7af51cad31692c094eaa3169da18ddd5f83e83acbfd091dfb2ae0229f53c9ee5ee232ba99c372ca91f4595f1adc799da4b67d7b2e0fd5827210d1080,,08/18/2025 01:40:00 PM,30,UNKNOWN,UNKNOWN,CLEAR,DAYLIGHT,ANGLE,NOT DIVIDED,,STRAIGHT AND LEVEL,UNKNOWN,UNKNOWN,,NO INJURY / DRIVE AWAY,,,,"OVER $1,500",08/20/2025 10:05:00 AM,UNABLE TO DETERMINE,UNABLE TO DETERMINE,4300,W,ARMITAGE AVE,2522,,,,,,,2,NO INDICATION OF INJURY,0,0,0,0,0,2,0,13,2,8,41.9171793684,-87.7339493012,POINT (-87.733949301158 41.917179368388)
95da23185444e5b81b768bbe137f681c1e121bb9f80cbf2befdb70e6f249abc7d5477369d7d7b576d9146b3acaccc91fe1f055846e4712d7d1b63193e30b146e,,08/18/2025 01:40:00 PM,25,NO CONTROLS,NO CONTROLS,CLEAR,DAYLIGHT,PARKED MOTOR VEHICLE,NOT DIVIDED,,STRAIGHT AND LEVEL,DRY,NO DEFECTS,ON SCENE,INJURY AND / OR TOW DUE TO CRASH,,,Y,"OVER $1,500",08/18/2025 02:00:00 PM,UNABLE TO DETERMINE,UNABLE TO DETERMINE,11800,S,MICHIGAN AVE,532,,,,,,,2,NO INDICATION OF INJURY,0,0,0,0,0,1,0,13,2,8,41.679830589,-87.6207140271,POINT (-87.620714027077 41.679830589026)
8a2f4d898377de0126c3d06409ee62c7ea42a2dfaf002711f4dd641a350cfd5def9cc8448f7246955dc003b5cc76d61270d3d8738414e961ffe1384312081d98,,08/18/2025 01:30:00 PM,35,TRAFFIC SIGNAL,FUNCTIONING PROPERLY,CLEAR,DAYLIGHT,REAR END,DIVIDED - W/MEDIAN (NOT RAISED),,STRAIGHT AND LEVEL,DRY,NO DEFECTS,NOT ON SCENE (DESK REPORT),NO INJURY / DRIVE AWAY,,,,"OVER $1,500",08/18/2025 04:00:00 PM,FOLLOWING TOO CLOSELY,NOT APPLICABLE,600,W,ROOSEVELT RD,124,,,,,,,2,NO INDICATION OF INJURY,0,0,0,0,0,4,0,13,2,8,41.8673283915,-87.6422642382,POINT (-87.642264238244 41.867328391469)
9f92cf621f2dbd92462a64500a264e193ef36fbaadbbcbe482daf8a5adf7715f5bb8a3315e7220e465629f0f5d80bf2cd48cb0f2711b61da2fbfbb62a9e62bee,Y,08/18/2025 01:30:00 PM,30,UNKNOWN,UNKNOWN,UNKNOWN,UNKNOWN,PARKED MOTOR VEHICLE,ONE-WAY,,STRAIGHT AND LEVEL,UNKNOWN,UNKNOWN,NOT ON SCENE (DESK REPORT),NO INJURY / DRIVE AWAY,,,Y,"OVER $1,500",08/18/2025 05:30:00 PM,UNABLE TO DETERMINE,NOT APPLICABLE,6418,S,EBERHART AVE,312,,,,,,,2,NO INDICATION OF INJURY,0,0,0,0,0,1,0,13,2,8,41.7778658518,-87.6132986832,POINT (-87.613298683159 41.777865851845)
00ef607dfa4785def10ad7acc8f1b95c511cc7d1f7c635294dadc9b18e985264793742bfab2d631f8b97632e4566108c546c240e8c85661d88e4577a4b4c8a33,,08/18/2025 01:20:00 PM,30,TRAFFIC SIGNAL,FUNCTIONING PROPERLY,CLEAR,DAYLIGHT,REAR END,NOT DIVIDED,,STRAIGHT AND LEVEL,DRY,NO DEFECTS,NOT ON SCENE (DESK REPORT),NO INJURY / DRIVE AWAY,,,,"OVER $1,500",08/18/2025 02:05:00 PM,FOLLOWING TOO CLOSELY,UNABLE TO DETERMINE,4000,S,PULASKI RD,815,,,,,,,2,NO INDICATION OF INJURY,0,0,0,0,0,2,0,13,2,8,41.8190524663,-87.7241127025,POINT (-87.7241127025 41.819052466282)
0d787ded0a775274c1735e7b88739718a69ad811217e4791fb67ae40c3ddc0dfa38baebcd9ff0f9a9cb8ad1aae59af4628f7af373a488469c6d665ff6ac5e272,,08/18/2025 01:20:00 PM,30,NO CONTROLS,NO CONTROLS,CLEAR,DAYLIGHT,SIDESWIPE SAME DIRECTION,DIVIDED - W/MEDIAN (NOT RAISED),,STRAIGHT AND LEVEL,DRY,NO DEFECTS,,NO INJURY / DRIVE AWAY,,,,"OVER $1,500",08/18/2025 02:50:00 PM,UNABLE TO DETERMINE,UNABLE TO DETERMINE,4010,N,NARRAGANSETT AVE,1632,,,,,,,2,NO INDICATION OF INJURY,0,0,0,0,0,3,0,13,2,8,41.9532765022,-87.7867224103,POINT (-87.786722410346 41.953276502197)
2ea2bd0fd405c91270806aec41a2fea4e8f7972450880e64c633e57a6481ae88078cfabe167fe00234c7d05296ef3053faf54f7ece8a7965de3937f4755d8d46,,08/18/2025 01:15:00 PM,30,NO CONTROLS,NO CONTROLS,CLEAR,DAYLIGHT,SIDESWIPE SAME DIRECTION,NOT DIVIDED,,STRAIGHT AND LEVEL,DRY,NO DEFECTS,NOT ON SCENE (DESK REPORT),NO INJURY / DRIVE AWAY,,,,"OVER $1,500",08/18/2025 01:15:00 PM,IMPROPER OVERTAKING/PASSING,NOT APPLICABLE,7100,S,CAMPBELL AVE,832,,,,,,,2,NO INDICATION OF INJURY,0,0,0,0,0,2,0,13,2,8,41.764564454,-87.6858323974,POINT (-87.68583239742 41.764564454039)
ef522c14333c3ae23754c9ed934d5a5df83fa4f067244520c1880ecfdcc74828e5540103bd5916bbcf4294b7e0edbcbcc1eb0f82c0767c8850ab34b11e013827,,08/18/2025 01:15:00 PM,30,TRAFFIC SIGNAL,FUNCTIONING PROPERLY,CLEAR,DAYLIGHT,REAR END,DIVIDED - W/MEDIAN BARRIER,,STRAIGHT AND LEVEL,DRY,NO DEFECTS,ON SCENE,INJURY AND / OR TOW DUE TO CRASH,,,,"OVER $1,500",08/18/2025 01:39:00 PM,FOLLOWING TOO CLOSELY,FOLLOWING TOO CLOSELY,6001,S,CICERO AVE,813,,,,,,,2,"REPORTED, NOT EVIDENT",1,0,0,0,1,3,0,13,2,8,41.7841764848,-87.7413338643,POINT (-87.741333864252 41.784176484793)
3e53fa44fd1522ae90003a808f4918c4117cd9ac46388f5f694a30957ee20f64065689e7987aa7ae8445844da9072bd695424a04021088a754a3c02f7ac220c2,Y,08/18/2025 01:08:00 PM,20,NO CONTROLS,NO CONTROLS,CLEAR,DAYLIGHT,PEDESTRIAN,NOT DIVIDED,,STRAIGHT AND LEVEL,DRY,NO DEFECTS,ON SCENE,INJURY AND / OR TOW DUE TO CRASH,,,,$500 OR LESS,08/18/2025 01:15:00 PM,FAILING TO YIELD RIGHT-OF-WAY,DRIVING SKILLS/KNOWLEDGE/EXPERIENCE,5702,W,BELMONT AVE,1633,,,,,,,2,NONINCAPACITATING INJURY,1,0,0,1,0,2,0,13,2,8,41.9386514521,-87.7690711638,POINT (-87.769071163843 41.938651452146)
0a2c9a135b3c3237e7c560701aad2be6c1133657ab6b6b52b3d012f3d0243dedad4a225a53d631fc84b33ad412492cefae24c098f0d023d872c17bf271870bb8,,08/18/2025 01:00:00 PM,30,NO CONTROLS,NO CONTROLS,CLEAR,DAYLIGHT,SIDESWIPE SAME DIRECTION,NOT DIVIDED,,STRAIGHT AND LEVEL,DRY,NO DEFECTS,NOT ON SCENE (DESK REPORT),NO INJURY / DRIVE AWAY,,,,"OVER $1,500",08/18/2025 06:53:00 PM,IMPROPER OVERTAKING/PASSING,NOT APPLICABLE,5501,S,HARLEM AVE,811,,,,,,,2,NO INDICATION OF INJURY,0,0,0,0,0,2,0,13,2,8,41.7918520654,-87.8013777989,POINT (-87.801377798929 41.79185206544)
a8b05625faa6cc111725f1a81a67757941e8c88f12771896d095b1fc20fa155d3e12e27420f130a7b5c6a5838f5d84d72d7fd0fc861227f190b8bc143837a703,,08/18/2025 01:00:00 PM,30,TRAFFIC SIGNAL,FUNCTIONING PROPERLY,CLEAR,DAYLIGHT,PARKED MOTOR VEHICLE,DIVIDED - W/MEDIAN (NOT RAISED),,STRAIGHT AND LEVEL,DRY,NO DEFECTS,NOT ON SCENE (DESK REPORT),NO INJURY / DRIVE AWAY,Y,,,"$501 - $1,500",08/18/2025 03:30:00 PM,UNABLE TO DETERMINE,NOT APPLICABLE,8100,S,ASHLAND AVE,614,,,,,,,2,NO INDICATION OF INJURY,0,0,0,0,0,1,0,13,2,8,41.7466220628,-87.6634893333,POINT (-87.663489333293 41.746622062843)
dbea26b9c282f51e9492bf5c4b602da61f57d1ede04d21c666c72f6fb605a39a4dd8bec5b63a640bc33132a4d5b451a9db1f09ead20296cd935addd23b9c234c,,08/18/2025 12:56:00 PM,30,NO CONTROLS,NO CONTROLS,CLEAR,DAYLIGHT,SIDESWIPE SAME DIRECTION,NOT DIVIDED,,STRAIGHT AND LEVEL,DRY,NO DEFECTS,NOT ON SCENE (DESK REPORT),NO INJURY / DRIVE AWAY,,,,"$501 - $1,500",08/18/2025 02:01:00 PM,IMPROPER OVERTAKING/PASSING,NOT APPLICABLE,2400,W,55TH ST,923,,,,,,,2,NO INDICATION OF INJURY,0,0,0,0,0,5,0,12,2,8,41.7939813466,-87.6841417413,POINT (-87.684141741284 41.793981346574)
240bb6c1ae3bd4bb5b186ea584299bac98d720fccdba319a1028b5337575a9456788dd748c50ab80b6ff753a89116d61419006bf402cc76e4f0ecfa273611742,,08/18/2025 12:55:00 PM,30,TRAFFIC SIGNAL,FUNCTIONING PROPERLY,CLEAR,DAYLIGHT,TURNING,NOT DIVIDED,,STRAIGHT AND LEVEL,DRY,NO DEFECTS,NOT ON SCENE (DESK REPORT),NO INJURY / DRIVE AWAY,,,,"OVER $1,500",08/18/2025 01:00:00 PM,IMPROPER TURNING/NO SIGNAL,UNABLE TO DETERMINE,3601,N,CICERO AVE,1731,,,,,,,2,NO INDICATION OF INJURY,0,0,0,0,0,2,0,12,2,8,41.9461757339,-87.7469215602,POINT (-87.746921560168 41.946175733934)
a57aa86e19d8adcea30975d1e81a1e97e5c659735d4c802a93d7fade1b67238c6770d1543b329b0ac0ec4ee350ae6cfb5e2944bfe2029836bed7cee287a84c62,,08/18/2025 12:54:00 PM,30,NO CONTROLS,NO CONTROLS,CLEAR,DAYLIGHT,PARKED MOTOR VEHICLE,NOT DIVIDED,,STRAIGHT AND LEVEL,DRY,NO DEFECTS,NOT ON SCENE (DESK REPORT),INJURY AND / OR TOW DUE TO CRASH,,,,"OVER $1,500",08/18/2025 12:57:00 PM,DISTRACTION - FROM OUTSIDE VEHICLE,FAILING TO REDUCE SPEED TO AVOID CRASH,3942,N,BROADWAY,1923,,,,,,,2,NO INDICATION OF INJURY,0,0,0,0,0,2,0,12,2,8,41.9539031353,-87.6502720018,POINT (-87.650272001836 41.95390313528)
10cad76c49f54970e204ab925f6a6276b65a2db126f314f78ffaa87077e959d3a61fc2ba809688e9ff50e59d40704b9750408b3960ffd0cf14218062b4f071d0,,08/18/2025 12:45:00 PM,30,NO CONTROLS,NO CONTROLS,CLEAR,DAYLIGHT,FIXED OBJECT,DIVIDED - W/MEDIAN BARRIER,,STRAIGHT AND LEVEL,DRY,NO DEFECTS,ON SCENE,NO INJURY / DRIVE AWAY,,,,"OVER $1,500",08/18/2025 12:51:00 PM,NOT APPLICABLE,NOT APPLICABLE,4057,W,IRVING PARK RD,1732,,,,,,,1,NO INDICATION OF INJURY,0,0,0,0,0,1,0,12,2,8,41.9535256624,-87.729080097,POINT (-87.729080096987 41.953525662386)
d59cfee5eda11af39f81fa072ab50a13c2fe74967d7bf0b3215d4897540dddeb30525f3ee933ec119b5372b343fad74d27733987ddb6a77e8a307efb90d3bb1b,,08/18/2025 12:40:00 PM,30,NO CONTROLS,NO CONTROLS,CLEAR,DAYLIGHT,ANGLE,UNKNOWN,,STRAIGHT AND LEVEL,DRY,NO DEFECTS,ON SCENE,NO INJURY / DRIVE AWAY,,,,"OVER $1,500",08/18/2025 01:05:00 PM,UNABLE TO DETERMINE,NOT APPLICABLE,5115,S,CICERO AVE,815,,,,,,,2,NO INDICATION OF INJURY,0,0,0,0,0,4,0,12,2,8,41.7998080591,-87.7428027527,POINT (-87.742802752746 41.79980805911)
008cb7266e0e9d05a68fcbfc8b7989a9383ac49109cc439ae691bb64d337c63fd3209a885187e316fb6d50b8b59807d9f60cf0a84caef5f4ac63a3b614a2eaa0,,08/18/2025 12:35:00 PM,30,NO CONTROLS,NO CONTROLS,UNKNOWN,DAYLIGHT,FIXED OBJECT,DIVIDED - W/MEDIAN (NOT RAISED),,STRAIGHT AND LEVEL,UNKNOWN,NO DEFECTS,ON SCENE,INJURY AND / OR TOW DUE TO CRASH,,,,"OVER $1,500",08/18/2025 12:41:00 PM,UNDER THE INFLUENCE OF ALCOHOL/DRUGS (USE WHEN ARREST IS EFFECTED),NOT APPLICABLE,5016,W,65TH ST,813,,,,,,,1,NO INDICATION OF INJURY,0,0,0,0,0,1,0,12,2,8,41.7747665585,-87.7475944749,POINT (-87.747594474863 41.774766558546)
1251c7056ab8b81fd1d08deb0d46a7cce79237400d2293df623fdd67b4734e291192cc50199495db750e05532e91ec3ec414496cabd466518f498a7f3dff2603,,08/18/2025 12:35:00 PM,30,STOP SIGN/FLASHER,FUNCTIONING PROPERLY,CLEAR,DAYLIGHT,TURNING,FOUR WAY,,STRAIGHT AND LEVEL,DRY,UNKNOWN,ON SCENE,INJURY AND / OR TOW DUE TO CRASH,Y,,,"OVER $1,500",08/18/2025 12:39:00 PM,"VISION OBSCURED (SIGNS, TREE LIMBS, BUILDINGS, ETC.)",UNABLE TO DETERMINE,1700,W,CARROLL AVE,1215,,,,,,,2,INCAPACITATING INJURY,1,0,1,0,0,1,0,12,2,8,41.8879020676,-87.6696167055,POINT (-87.669616705495 41.887902067599)
f518a6732fcddf7ad4442b367e0ee13ecd877c8f00b268064b3b3fbaad22500d806ba307c388801987fd780f8a415d3a25a357acc7efecd1c1442ddf1ba308d4,,08/18/2025 12:35:00 PM,30,NO CONTROLS,NO CONTROLS,CLEAR,DAYLIGHT,SIDESWIPE SAME DIRECTION,DIVIDED - W/MEDIAN (NOT RAISED),,STRAIGHT AND LEVEL,DRY,NO DEFECTS,ON SCENE,NO INJURY / DRIVE AWAY,,,Y,$500 OR LESS,08/18/2025 12:49:00 PM,UNABLE TO DETERMINE,UNABLE TO DETERMINE,9701,S,HALSTED ST,2223,,,,,,,2,NO INDICATION OF INJURY,0,0,0,0,0,2,0,12,2,8,41.7178191173,-87.6429662962,POINT (-87.642966296196 41.717819117289)
0b56e2259952bec514c253089fb4ff366f82db32b66b3bf30e773cb5bd6f51d351b2d2eca2bf3b2d5816aee53c7ba72f3097d30d510e1c206d0dbf4360f82dbc,,08/18/2025 12:31:00 PM,30,TRAFFIC SIGNAL,FUNCTIONING PROPERLY,CLEAR,DAYLIGHT,ANGLE,FOUR WAY,,STRAIGHT AND LEVEL,DRY,NO DEFECTS,ON SCENE,INJURY AND / OR TOW DUE TO CRASH,Y,,,"OVER $1,500",08/18/2025 12:36:00 PM,DRIVING ON WRONG SIDE/WRONG WAY,DISREGARDING TRAFFIC SIGNALS,2356,W,99TH ST,2213,,,,,,,2,NONINCAPACITATING INJURY,1,0,0,1,0,2,0,12,2,8,41.7137697451,-87.6817755268,POINT (-87.681775526827 41.713769745145)
60d207d7d45161999d864904b4528bfb6e54fcd433f36d6f1ee447f77f75a8f70b10b36d6b493dc9b6d80c62e39dd903fce66e2a5f543d80f3c153fbf17bd759,,08/18/2025 12:20:00 PM,30,NO CONTROLS,NO CONTROLS,CLEAR,DAYLIGHT,REAR END,NOT DIVIDED,,STRAIGHT AND LEVEL,DRY,NO DEFECTS,NOT ON SCENE (DESK REPORT),NO INJURY / DRIVE AWAY,,,,"$501 - $1,500",08/20/2025 11:25:00 AM,FOLLOWING TOO CLOSELY,UNABLE TO DETERMINE,1900,W,103RD ST,2213,,,,,,,2,NO INDICATION OF INJURY,0,0,0,0,0,2,0,12,2,8,41.7066950783,-87.6691922202,POINT (-87.669192220198 41.706695078319)
e4b800b94f339bcc670bbe779862c1f74c43f5f69386ce173defae32434d290aebfab8433f3c0cff69f07b1fce099e4c9a61e5f3b92a14f0ed644eeb41340bf4,,08/18/2025 12:20:00 PM,30,NO CONTROLS,NO CONTROLS,CLEAR,DAYLIGHT,ANGLE,PARKING LOT,,STRAIGHT AND LEVEL,DRY,NO DEFECTS,ON SCENE,INJURY AND / OR TOW DUE TO CRASH,,Y,,"OVER $1,500",08/18/2025 12:23:00 PM,FAILING TO YIELD RIGHT-OF-WAY,UNABLE TO DETERMINE,6447,W,DEVON AVE,1611,,,,,,,2,"REPORTED, NOT EVIDENT",1,0,0,0,1,2,0,12,2,8,41.9972314484,-87.7892974773,POINT (-87.789297477253 41.997231448373)
3318ae94aac8eefce8681a34f166afb7bd7653b853c8184945a62b96283be169bac9a36fc6ae7ac47fcb4d8869bebc1b8de736851ef909221c6266f467e7c29f,,08/18/2025 12:15:00 PM,30,NO CONTROLS,NO CONTROLS,CLEAR,DAYLIGHT,PARKED MOTOR VEHICLE,DIVIDED - W/MEDIAN (NOT RAISED),,STRAIGHT AND LEVEL,DRY,NO DEFECTS,NOT ON SCENE (DESK REPORT),NO INJURY / DRIVE AWAY,,,Y,"$501 - $1,500",08/19/2025 10:30:00 AM,IMPROPER OVERTAKING/PASSING,FAILING TO YIELD RIGHT-OF-WAY,2430,N,HALSTED ST,1935,,,,,,,2,NO INDICATION OF INJURY,0,0,0,0,0,1,0,12,2,8,41.9263521501,-87.6489397734,POINT (-87.648939773385 41.926352150101)
32207e2833638cfe0c88be80cfeb1f5dc729a007e8d09e7a574cadefab4b14769a163461b71b7ff94366e86fe37966a172b8a0f4adfec53de785b6d3a58c2ca4,,08/18/2025 12:14:00 PM,20,NO CONTROLS,NO CONTROLS,CLEAR,DAYLIGHT,PARKED MOTOR VEHICLE,NOT DIVIDED,,STRAIGHT AND LEVEL,DRY,NO DEFECTS,ON SCENE,NO INJURY / DRIVE AWAY,,,,"$501 - $1,500",08/18/2025 12:40:00 PM,UNABLE TO DETERMINE,UNABLE TO DETERMINE,2597,N,RACINE AVE,1932,Y,Y,,,,,2,NO INDICATION OF INJURY,0,0,0,0,0,2,0,12,2,8,41.9288927087,-87.6584297818,POINT (-87.658429781763 41.92889270871)
3c9130b0d03d8e3aafd9cfe2f86e3a41d8e16cb03503ecbd1c7759bf3e5ef3d226c575a75d7522152c8ada2968cda0a847fc31a1d5f332a15ff2b0de15b2e7b9,,08/18/2025 12:07:00 PM,15,NO CONTROLS,NO CONTROLS,CLEAR,DAYLIGHT,PARKED MOTOR VEHICLE,PARKING LOT,,STRAIGHT AND LEVEL,DRY,NO DEFECTS,ON SCENE,NO INJURY / DRIVE AWAY,,Y,,"OVER $1,500",08/18/2025 12:07:00 PM,NOT APPLICABLE,NOT APPLICABLE,3936,N,MILWAUKEE AVE,1731,,,,,,,2,NO INDICATION OF INJURY,0,0,0,0,0,1,0,12,2,8,41.9522959556,-87.7457350209,POINT (-87.74573502093 41.95229595562)
bf1fa8c7958c43046f544e0f9d493ad6b8401e56e36cb26f7464364a587dcc186086e01e575c5fe2541d8f3785978ee4e34f09f5a7897c061f95535c2ccf0c7c,,08/18/2025 12:00:00 PM,30,TRAFFIC SIGNAL,FUNCTIONING PROPERLY,CLEAR,DAYLIGHT,TURNING,NOT DIVIDED,,STRAIGHT ON GRADE,DRY,NO DEFECTS,ON SCENE,INJURY AND / OR TOW DUE TO CRASH,,,,"OVER $1,500",08/18/2025 12:36:00 PM,FAILING TO YIELD RIGHT-OF-WAY,NOT APPLICABLE,7400,S,KOSTNER AVE,833,,,,,,,2,NONINCAPACITATING INJURY,2,0,0,2,0,1,0,12,2,8,41.7583240426,-87.7326440385,POINT (-87.732644038514 41.758324042572)