CRASH_RECORD_ID,CRASH_DATE_EST_I,CRASH_DATE,POSTED_SPEED_LIMIT,TRAFFIC_CONTROL_DEVICE,DEVICE_CONDITION,WEATHER_CONDITION,LIGHTING_CONDITION,FIRST_CRASH_TYPE,TRAFFICWAY_TYPE,LANE_CNT,ALIGNMENT,ROADWAY_SURFACE_COND,ROAD_DEFECT,REPORT_TYPE,CRASH_TYPE,INTERSECTION_RELATED_I,NOT_RIGHT_OF_WAY_I,HIT_AND_RUN_I,DAMAGE,DATE_POLICE_NOTIFIED,PRIM_CONTRIBUTORY_CAUSE,SEC_CONTRIBUTORY_CAUSE,STREET_NO,STREET_DIRECTION,STREET_NAME,BEAT_OF_OCCURRENCE,PHOTOS_TAKEN_I,STATEMENTS_TAKEN_I,DOORING_I,WORK_ZONE_I,WORK_ZONE_TYPE,WORKERS_PRESENT_I,NUM_UNITS,MOST_SEVERE_INJURY,INJURIES_TOTAL,INJURIES_FATAL,INJURIES_INCAPACITATING,INJURIES_NON_INCAPACITATING,INJURIES_REPORTED_NOT_EVIDENT,INJURIES_NO_INDICATION,INJURIES_UNKNOWN,CRASH_HOUR,CRASH_DAY_OF_WEEK,CRASH_MONTH,LATITUDE,LONGITUDE,LOCATION
5c6fbbbb4bbb1c087d5bddd81103e00f97fcc0b7177a8d0f94ed6232d01efe9d919a8e20c63515d8a67e6e20ec7c336908d96ef6e94ea292781a0838b012804b,,08/18/2025 11:50:00 AM,30,TRAFFIC SIGNAL,FUNCTIONING PROPERLY,CLEAR,DAYLIGHT,TURNING,FOUR WAY,,STRAIGHT AND LEVEL,DRY,NO DEFECTS,ON SCENE,INJURY AND / OR TOW DUE TO CRASH,,,Y,"OVER $1,500",08/18/2025 12:26:00 PM,UNABLE TO DETERMINE,NOT APPLICABLE,6404,W,DEVON AVE,1611,,,,,,,2,NO INDICATION OF INJURY,0,0,0,0,0,2,0,11,2,8,41.9974614091,-87.7878582447,POINT (-87.787858244695 41.997461409149)
fe418d16218f9ce0da5a3c8a467e6df26bc00cb09e36c81de618fff40eb108e5648ccb70194d641e13c01d77daaadd434e9ee02d60b30f42f390939cf352ef39,,08/18/2025 11:48:00 AM,30,NO CONTROLS,NO CONTROLS,CLEAR,DAYLIGHT,PARKED MOTOR VEHICLE,NOT DIVIDED,,STRAIGHT AND LEVEL,DRY,NO DEFECTS,NOT ON SCENE (DESK REPORT),NO INJURY / DRIVE AWAY,,,,$500 OR LESS,08/18/2025 05:40:00 PM,DRIVING SKILLS/KNOWLEDGE/EXPERIENCE,NOT APPLICABLE,1448,E,MARQUETTE RD,321,,,,,,,2,NO INDICATION OF INJURY,0,0,0,0,0,2,0,11,2,8,41.7752545723,-87.5893783842,POINT (-87.589378384248 41.775254572269)
3b706d2ffdf05c279cfa670144e3bd293a90b0df25cacc07563cfc0a92ff9a2b7980d5ff1b4f4f9ef19a0a6e841bd503ea6fd18b2a12c4a07c7c48c4400fa21c,,08/18/2025 11:47:00 AM,30,TRAFFIC SIGNAL,UNKNOWN,CLEAR,DAYLIGHT,ANGLE,NOT DIVIDED,,STRAIGHT AND LEVEL,DRY,UNKNOWN,NOT ON SCENE (DESK REPORT),INJURY AND / OR TOW DUE TO CRASH,Y,,,"OVER $1,500",08/18/2025 12:08:00 PM,UNABLE TO DETERMINE,UNABLE TO DETERMINE,7600,S,LAFAYETTE AVE,623,,,,,,,2,"REPORTED, NOT EVIDENT",2,0,0,0,2,0,0,11,2,8,41.7563200058,-87.6264755773,POINT (-87.626475577283 41.756320005823)
bd4ac4142bb955b44988767462fef079cff3a846f13d0b33faab39f7d3636c1296dbf8bb911fd586d41fbaa28f85c81eed480ddacb2e8a689ce5e0359f774258,,08/18/2025 11:40:00 AM,35,NO CONTROLS,NO CONTROLS,CLEAR,DAYLIGHT,REAR TO FRONT,DRIVEWAY,,STRAIGHT AND LEVEL,DRY,NO DEFECTS,NOT ON SCENE (DESK REPORT),NO INJURY / DRIVE AWAY,,,,"OVER $1,500",08/18/2025 12:15:00 PM,UNABLE TO DETERMINE,NOT APPLICABLE,2750,W,15TH ST,1023,,,,,,,2,NO INDICATION OF INJURY,0,0,0,0,0,2,0,11,2,8,41.8611772413,-87.6942202626,POINT (-87.694220262648 41.8611772413)
444b6de0fa8f3ad6f7dbccde6b9a38855aae595571ca3060a1e9ade0e21108dd413030d4823cf33b4d9417a46d0b13fb5c72899bf4f55b9c46f58e51eac9b5e1,,08/18/2025 11:37:00 AM,30,NO CONTROLS,UNKNOWN,CLEAR,DAYLIGHT,SIDESWIPE SAME DIRECTION,DIVIDED - W/MEDIAN (NOT RAISED),,STRAIGHT AND LEVEL,WET,UNKNOWN,NOT ON SCENE (DESK REPORT),NO INJURY / DRIVE AWAY,,,,"OVER $1,500",08/18/2025 12:00:00 PM,UNABLE TO DETERMINE,IMPROPER OVERTAKING/PASSING,319,W,ONTARIO ST,1831,,,,,,,2,NO INDICATION OF INJURY,0,0,0,0,0,2,0,11,2,8,41.8930478037,-87.6364765073,POINT (-87.636476507278 41.893047803658)
33899209952918915229f1594e5ecaf092c1437db0871753aedb90b48ddc13b7f574daf71ddb0daf7b86dcd2807a9b1c0b4121739838b9eac3c2802566ffc0b3,,08/18/2025 11:30:00 AM,20,NO CONTROLS,NO CONTROLS,CLEAR,DAYLIGHT,REAR END,ONE-WAY,,STRAIGHT AND LEVEL,DRY,NO DEFECTS,ON SCENE,INJURY AND / OR TOW DUE TO CRASH,,,,$500 OR LESS,08/18/2025 11:38:00 AM,UNABLE TO DETERMINE,UNABLE TO DETERMINE,2701,N,WESTERN AVE,1432,,,,,,,2,NONINCAPACITATING INJURY,2,0,0,2,0,1,0,11,2,8,41.9304460869,-87.6876971843,POINT (-87.687697184257 41.930446086925)
4ce2d317797aec13836a3a638d27d947c0ea217ffbe950a699317716b03afb8fbf4c16cf05e6b6748621da66e5bb944af25d1cc5862dbf4c2c339c5a1e6a962a,,08/18/2025 11:30:00 AM,30,TRAFFIC SIGNAL,FUNCTIONING PROPERLY,CLOUDY/OVERCAST,DAYLIGHT,TURNING,DIVIDED - W/MEDIAN BARRIER,,STRAIGHT AND LEVEL,DRY,UNKNOWN,NOT ON SCENE (DESK REPORT),NO INJURY / DRIVE AWAY,Y,,,"OVER $1,500",08/18/2025 12:35:00 PM,FAILING TO YIELD RIGHT-OF-WAY,TURNING RIGHT ON RED,1559,W,POLK ST,1231,,,,,,,2,NO INDICATION OF INJURY,0,0,0,0,0,2,0,11,2,8,41.8715209894,-87.666407374,POINT (-87.666407374045 41.871520989381)
8d5b2f790d0e303db7db6d4d44d8f11fed1ad08764b156c732b86236ce46b094240dff908b2705d762666174f0aa28f7fe136c92c30bcbc5ae7c57ed5d3218ae,,08/18/2025 11:30:00 AM,35,NO CONTROLS,NO CONTROLS,CLEAR,DAYLIGHT,PARKED MOTOR VEHICLE,DIVIDED - W/MEDIAN BARRIER,,STRAIGHT AND LEVEL,DRY,NO DEFECTS,ON SCENE,INJURY AND / OR TOW DUE TO CRASH,,,,"OVER $1,500",08/18/2025 11:41:00 AM,UNABLE TO DETERMINE,NOT APPLICABLE,3519,W,103RD ST,2211,,,,,,,2,INCAPACITATING INJURY,1,0,1,0,0,0,0,11,2,8,41.7059787058,-87.709621734,POINT (-87.709621734043 41.705978705765)
b70c47ff6351309cfdc0e64de26b5330d4550900e1c2812192e825ae69cd495f5a79b0d62434c7173ee4335423b96f77d0f727bbc07a5cefc7b22650dc96eeb4,,08/18/2025 11:30:00 AM,10,NO CONTROLS,NO CONTROLS,CLEAR,DAYLIGHT,REAR TO REAR,OTHER,,STRAIGHT AND LEVEL,DRY,NO DEFECTS,ON SCENE,NO INJURY / DRIVE AWAY,,Y,,"$501 - $1,500",08/18/2025 11:51:00 AM,UNABLE TO DETERMINE,UNABLE TO DETERMINE,4650,W,NORTH AVE,2533,,,,,,,2,NO INDICATION OF INJURY,0,0,0,0,0,2,0,11,2,8,41.909764527,-87.7433762957,POINT (-87.743376295706 41.909764527033)
e8585b5f95b5ee1d28010b9286fb61a8d2a2c84612af5ab29a9648bc1b6d2c11512e4f8428b10226f19a68be26566ee6b01132f9ecdf7e4fedd605ea199dea90,,08/18/2025 11:15:00 AM,10,NO CONTROLS,NO CONTROLS,CLOUDY/OVERCAST,DAYLIGHT,PARKED MOTOR VEHICLE,DIVIDED - W/MEDIAN (NOT RAISED),,STRAIGHT AND LEVEL,DRY,NO DEFECTS,NOT ON SCENE (DESK REPORT),NO INJURY / DRIVE AWAY,,,,"OVER $1,500",08/18/2025 11:45:00 AM,UNABLE TO DETERMINE,NOT APPLICABLE,3823,S,CAMPBELL AVE,911,,,,,,,2,NO INDICATION OF INJURY,0,0,0,0,0,1,0,11,2,8,41.8240354976,-87.6871776991,POINT (-87.687177699088 41.824035497644)
f0bda073207b2c0deade84dd44c5d827a677451e5fe73daf1d84220937a29ed72e58bb30d6b36ed7fa5091e439577013745b233ea2ac9f1d223ecf115bc4ecdc,,08/18/2025 10:55:00 AM,35,STOP SIGN/FLASHER,FUNCTIONING PROPERLY,RAIN,DAYLIGHT,ANGLE,FOUR WAY,,STRAIGHT AND LEVEL,WET,UNKNOWN,ON SCENE,INJURY AND / OR TOW DUE TO CRASH,,,,"$501 - $1,500",08/18/2025 11:28:00 AM,FOLLOWING TOO CLOSELY,FAILING TO YIELD RIGHT-OF-WAY,2898,E,95TH ST,423,,,,,,,2,"REPORTED, NOT EVIDENT",1,0,0,0,1,2,0,10,2,8,41.7228416359,-87.5539176562,POINT (-87.55391765617 41.72284163595)
55420e9909952ba6e4c9f88b4359c020ee72f6e94110757e5d73ef0dca8cbd81e0bb333cea3fb16d05412cd9e48f077595ed300a59555e2517662192a1036cde,,08/18/2025 10:51:00 AM,20,NO CONTROLS,NO CONTROLS,CLOUDY/OVERCAST,DAYLIGHT,ANGLE,DIVIDED - W/MEDIAN (NOT RAISED),,STRAIGHT AND LEVEL,DRY,NO DEFECTS,NOT ON SCENE (DESK REPORT),NO INJURY / DRIVE AWAY,,,N,"OVER $1,500",08/20/2025 10:30:00 AM,UNABLE TO DETERMINE,NOT APPLICABLE,715,W,34TH ST,915,,,,,,,2,NO INDICATION OF INJURY,0,0,0,0,0,2,0,10,2,8,41.8324920222,-87.6443620418,POINT (-87.644362041751 41.832492022241)
35840a5f63e684b29b866e90ab0987b76dd76dfebf1ad2df61c67b18373cf6a03f56acfba0fdc9b3db6ceebcbaf3a2f88d24a9c4b890f0d265029aca6c0349c6,,08/18/2025 10:45:00 AM,30,STOP SIGN/FLASHER,FUNCTIONING PROPERLY,CLOUDY/OVERCAST,DAYLIGHT,SIDESWIPE SAME DIRECTION,ONE-WAY,,STRAIGHT AND LEVEL,WET,UNKNOWN,,NO INJURY / DRIVE AWAY,,,,"OVER $1,500",08/18/2025 11:20:00 AM,FAILING TO YIELD RIGHT-OF-WAY,UNABLE TO DETERMINE,1901,S,PEORIA ST,1235,,,,,,,2,NO INDICATION OF INJURY,0,0,0,0,0,3,0,10,2,8,41.856681655,-87.6481030235,POINT (-87.648103023512 41.856681654972)
44f2f4a4be9622fc62804eb2d428ae97a30539f4d12df6fad3f5997f7c75fd9405add19e0f2f89295921ad983490ee333ebf87d169c7aeba126936e64b832b66,,08/18/2025 10:44:00 AM,30,TRAFFIC SIGNAL,FUNCTIONING PROPERLY,CLEAR,DAYLIGHT,TURNING,NOT DIVIDED,,STRAIGHT AND LEVEL,WET,NO DEFECTS,ON SCENE,NO INJURY / DRIVE AWAY,Y,,,"$501 - $1,500",08/18/2025 10:45:00 AM,IMPROPER OVERTAKING/PASSING,NOT APPLICABLE,200,W,51ST ST,224,,,,,,,2,NO INDICATION OF INJURY,0,0,0,0,0,2,0,10,2,8,41.8019379276,-87.6307243181,POINT (-87.630724318114 41.801937927614)
15620254ed590cd6e9bfa9e7bc388a4dca2a7dd950d64db5e7259e2a2a6459194cfe313fd87d27b1419a0f347fe84756edd6216145c6342970485f0c87a61f75,,08/18/2025 10:40:00 AM,30,TRAFFIC SIGNAL,FUNCTIONING PROPERLY,CLEAR,DAYLIGHT,REAR END,NOT DIVIDED,,STRAIGHT AND LEVEL,DRY,NO DEFECTS,NOT ON SCENE (DESK REPORT),NO INJURY / DRIVE AWAY,Y,,,"OVER $1,500",08/18/2025 11:10:00 AM,FOLLOWING TOO CLOSELY,FOLLOWING TOO CLOSELY,502,N,HOMAN AVE,1121,,,,,,,2,NO INDICATION OF INJURY,0,0,0,0,0,2,0,10,2,8,41.8903882464,-87.7114301389,POINT (-87.711430138887 41.890388246385)
8ba79b25ba13452ca2fbcbd651202c9f88c679b2edca30dbdbc076b7d8a8fa977e278f9dc1c38e6e57cfa6ee0070164a509a75e91de835c50a234fae687cbd02,,08/18/2025 10:34:00 AM,30,NO CONTROLS,NO CONTROLS,CLEAR,DAYLIGHT,REAR END,NOT DIVIDED,,STRAIGHT AND LEVEL,DRY,NO DEFECTS,ON SCENE,NO INJURY / DRIVE AWAY,,,Y,$500 OR LESS,08/18/2025 10:38:00 AM,FOLLOWING TOO CLOSELY,RELATED TO BUS STOP,7109,S,SOUTH SHORE DR,334,,,,,,,2,NO INDICATION OF INJURY,0,0,0,0,0,8,0,10,2,8,41.766073827,-87.5624204666,POINT (-87.562420466642 41.766073826979)
55fc299f247eb65f13a26de9bc5d03b92de04173dcb7c325f1aaf0ceefcdfe601d84557c96d5dcd0cf08708f74b177385078532832ee3f887bb5037e5732afe5,,08/18/2025 10:30:00 AM,20,NO CONTROLS,NO CONTROLS,CLEAR,DAYLIGHT,OTHER OBJECT,ALLEY,,STRAIGHT AND LEVEL,DRY,UNKNOWN,NOT ON SCENE (DESK REPORT),NO INJURY / DRIVE AWAY,,,,$500 OR LESS,08/18/2025 12:20:00 PM,NOT APPLICABLE,NOT APPLICABLE,134,N,CENTRAL AVE,1512,,,,,,,1,NO INDICATION OF INJURY,0,0,0,0,0,1,0,10,2,8,41.8832927881,-87.7651111397,POINT (-87.765111139673 41.883292788122)
5f1b5f2b7000049eee311ac4c0ccd33e8d3d73b1aa2142a4d6513ef04003e8c1c0ecbd8d5bdb396e61ff546b732057d00fb547153d17bb9ab91ee1a611faba53,,08/18/2025 10:30:00 AM,30,TRAFFIC SIGNAL,FUNCTIONING PROPERLY,CLEAR,DAYLIGHT,SIDESWIPE SAME DIRECTION,NOT DIVIDED,,STRAIGHT AND LEVEL,DRY,NO DEFECTS,NOT ON SCENE (DESK REPORT),NO INJURY / DRIVE AWAY,,,,"OVER $1,500",08/18/2025 01:00:00 PM,UNABLE TO DETERMINE,UNABLE TO DETERMINE,4100,W,55TH ST,815,,,,,,,2,NO INDICATION OF INJURY,0,0,0,0,0,2,0,10,2,8,41.7932950955,-87.725673369,POINT (-87.725673369006 41.79329509548)
ac3514a2926b1783203521e803951ce647fcbac954225c43afba5f39ebf3042ee4b367082aea17bec5ddd41a408c386358269e7b2dec9e457097f7148ff06f72,,08/18/2025 10:30:00 AM,15,NO CONTROLS,NO CONTROLS,CLEAR,DAYLIGHT,OTHER OBJECT,NOT DIVIDED,,STRAIGHT AND LEVEL,DRY,NO DEFECTS,ON SCENE,NO INJURY / DRIVE AWAY,,,,"OVER $1,500",08/18/2025 10:40:00 AM,UNABLE TO DETERMINE,NOT APPLICABLE,1,W,PARKING LOT D ST,1654,,,,,,,1,NO INDICATION OF INJURY,0,0,0,0,0,1,0,10,2,8,,,
f55be9bffbebbcf39da839d51455995d96201845ad4864bee489052d4aad19b03e83f08cae7f196e60db976c66ebc34e5cc1ae61fddb7846cc8ef2b5eee7c029,,08/18/2025 10:30:00 AM,30,STOP SIGN/FLASHER,FUNCTIONING PROPERLY,CLEAR,DAYLIGHT,TURNING,NOT DIVIDED,,STRAIGHT AND LEVEL,DRY,NO DEFECTS,ON SCENE,NO INJURY / DRIVE AWAY,Y,,,"$501 - $1,500",08/18/2025 11:15:00 AM,IMPROPER LANE USAGE,NOT APPLICABLE,1970,N,RACINE AVE,1811,,,,,,,2,NO INDICATION OF INJURY,0,0,0,0,0,2,0,10,2,8,41.9179585131,-87.6583633657,POINT (-87.658363365668 41.917958513093)
b7731838393ba3c871bf3367dbe2873f702b0f3ded3020a399f4a5fd6c1e74d800e816c68d5c26910bc62a2660e24ace7caef56737841b91122cab5c212355e1,,08/18/2025 10:28:00 AM,30,TRAFFIC SIGNAL,FUNCTIONING PROPERLY,CLEAR,DAYLIGHT,TURNING,CENTER TURN LANE,,STRAIGHT AND LEVEL,DRY,NO DEFECTS,ON SCENE,NO INJURY / DRIVE AWAY,,,,"$501 - $1,500",08/18/2025 10:30:00 AM,NOT APPLICABLE,NOT APPLICABLE,3405,N,KIMBALL AVE,1733,,Y,,,,,2,NO INDICATION OF INJURY,0,0,0,0,0,3,0,10,2,8,41.9429376831,-87.7124609453,POINT (-87.712460945311 41.942937683066)
5e6e93443dd3a3ba5638a1937f6e1a6e9716b204c235e17cfcf584b6cac1cb5101ddbbf1cdab6e643afddbb6ebcf33e79dc9b5ff02f868e039cc00057490bbc8,,08/18/2025 10:27:00 AM,30,STOP SIGN/FLASHER,FUNCTIONING PROPERLY,CLOUDY/OVERCAST,DAYLIGHT,ANGLE,NOT REPORTED,,STRAIGHT AND LEVEL,UNKNOWN,UNKNOWN,ON SCENE,INJURY AND / OR TOW DUE TO CRASH,Y,,,"OVER $1,500",08/18/2025 10:32:00 AM,"VISION OBSCURED (SIGNS, TREE LIMBS, BUILDINGS, ETC.)",FAILING TO YIELD RIGHT-OF-WAY,3526,N,CENTRAL AVE,1633,,,,,,,2,NO INDICATION OF INJURY,0,0,0,0,0,3,0,10,2,8,41.9449152136,-87.766870207,POINT (-87.766870206955 41.944915213632)
c4fe22ce22545fb4223d6997bf4bb3cbd0c2b02e296c6b03a26ffe33425154fac97f097ecda03090a0c6dc403f03b4eecfd792e3cf0e01620aa12a93ac6dc617,,08/18/2025 10:21:00 AM,15,UNKNOWN,UNKNOWN,UNKNOWN,UNKNOWN,PARKED MOTOR VEHICLE,PARKING LOT,,STRAIGHT AND LEVEL,UNKNOWN,UNKNOWN,NOT ON SCENE (DESK REPORT),NO INJURY / DRIVE AWAY,,Y,Y,"OVER $1,500",08/18/2025 10:59:00 AM,UNABLE TO DETERMINE,UNABLE TO DETERMINE,8510,S,COTTAGE GROVE AVE,632,,,,,,,2,NO INDICATION OF INJURY,0,0,0,0,0,1,0,10,2,8,41.7399059536,-87.6050618444,POINT (-87.605061844387 41.739905953574)
109390367588e0afe93cce369505b0f30a7686ad2556f85365b95029cc184860f4e8cdf47803c2796e055e9fd8ce4d498292d54e6c764e59f6604a89f5981e52,,08/18/2025 10:20:00 AM,30,TRAFFIC SIGNAL,FUNCTIONING PROPERLY,RAIN,DAYLIGHT,PEDALCYCLIST,FOUR WAY,,STRAIGHT AND LEVEL,WET,NO DEFECTS,ON SCENE,NO INJURY / DRIVE AWAY,Y,,,$500 OR LESS,08/18/2025 10:46:00 AM,FAILING TO YIELD RIGHT-OF-WAY,NOT APPLICABLE,3506,S,STATE ST,213,,,Y,,,,2,NO INDICATION OF INJURY,0,0,0,0,0,2,0,10,2,8,41.8307821806,-87.6267901762,POINT (-87.62679017622 41.830782180574)
1e02c7d381dd30ee4b9266c24df2a87fb1cf9cc30ff8f45bfd24db44c026f19b926a351bdcc6aebfb8d0b8cafdb95b0f14e379ba679ed4e412c6590f0e2cab26,,08/18/2025 10:20:00 AM,30,NO CONTROLS,NO CONTROLS,CLEAR,DAYLIGHT,SIDESWIPE SAME DIRECTION,NOT DIVIDED,,STRAIGHT AND LEVEL,DRY,NO DEFECTS,ON SCENE,NO INJURY / DRIVE AWAY,,,,"OVER $1,500",08/18/2025 10:20:00 AM,IMPROPER OVERTAKING/PASSING,IMPROPER LANE USAGE,1770,W,BERTEAU AVE,1912,,,,,,,2,NO INDICATION OF INJURY,0,0,0,0,0,3,0,10,2,8,41.9579917756,-87.6735584526,POINT (-87.673558452594 41.957991775635)
5da22a20652967c3273dfa37041ad478d2ea011978d7a7cc905e17d4addd48c864452c98cecdc51d23b781772229824898607834606ce6a4e65fd6c9f7aa2d9a,,08/18/2025 10:10:00 AM,30,TRAFFIC SIGNAL,FUNCTIONING PROPERLY,CLOUDY/OVERCAST,DAYLIGHT,PEDALCYCLIST,DIVIDED - W/MEDIAN (NOT RAISED),,STRAIGHT AND LEVEL,DRY,NO DEFECTS,NOT ON SCENE (DESK REPORT),NO INJURY / DRIVE AWAY,Y,,,"$501 - $1,500",08/18/2025 10:20:00 AM,UNABLE TO DETERMINE,NOT APPLICABLE,3501,S,STATE ST,213,,,,,,,2,NO INDICATION OF INJURY,0,0,0,0,0,2,0,10,2,8,41.8309416792,-87.6263364393,POINT (-87.626336439276 41.83094167916)
e7464162ba5b8ced0c2527e6211a1983beb07db31dcf2363265554982d5724dc4025b8fab2dd12db51336517712ba72f51f53abe9588350149d105a5c322e468,,08/18/2025 10:00:00 AM,30,NO CONTROLS,NO CONTROLS,CLEAR,DAYLIGHT,SIDESWIPE SAME DIRECTION,NOT DIVIDED,,STRAIGHT AND LEVEL,WET,NO DEFECTS,ON SCENE,INJURY AND / OR TOW DUE TO CRASH,,,,"OVER $1,500",08/18/2025 10:13:00 AM,IMPROPER OVERTAKING/PASSING,UNABLE TO DETERMINE,5941,N,CANFIELD AVE,1612,,,,,,,2,"REPORTED, NOT EVIDENT",1,0,0,0,1,1,0,10,2,8,41.9880133393,-87.822707782,POINT (-87.822707781986 41.988013339269)
df8caaad72a36ca9a6ca2653b5e76c3ee295a0e6e05794e0ca49802655185315ca37961cb8ba5df100f1293b2f67cf98d2cc1d8ecc93cd90bc86e7df259f6341,,08/18/2025 09:50:00 AM,30,NO CONTROLS,NO CONTROLS,UNKNOWN,DAYLIGHT,FIXED OBJECT,DIVIDED - W/MEDIAN BARRIER,,STRAIGHT AND LEVEL,WET,NO DEFECTS,ON SCENE,NO INJURY / DRIVE AWAY,,,,$500 OR LESS,08/18/2025 09:55:00 AM,UNABLE TO DETERMINE,UNABLE TO DETERMINE,431,W,35TH ST,915,,,,,,,1,NO INDICATION OF INJURY,0,0,0,0,0,1,0,9,2,8,41.8307517599,-87.6376549482,POINT (-87.63765494824 41.830751759868)
94371da4d165b58d2d30fbada06093db831feaa179f6e39e1abc6365bb80845a487f77bd1036c57e1edb8fce5561d57cc09400d315b0d3dc27491348f69ed2f1,,08/18/2025 09:45:00 AM,30,TRAFFIC SIGNAL,FUNCTIONING PROPERLY,RAIN,DAYLIGHT,REAR END,DIVIDED - W/MEDIAN (NOT RAISED),,STRAIGHT AND LEVEL,WET,NO DEFECTS,NOT ON SCENE (DESK REPORT),NO INJURY / DRIVE AWAY,Y,,,"$501 - $1,500",08/18/2025 11:30:00 AM,FOLLOWING TOO CLOSELY,WEATHER,5726,N,NAGLE AVE,1612,,,,,,,2,NO INDICATION OF INJURY,0,0,0,0,0,2,0,9,2,8,41.9854801378,-87.7878317182,POINT (-87.787831718231 41.985480137808)
a63aa1c55198a4164dce3bfdd745b7c28d9350919672bcc38a613c931b721c5d89982798e3822c374cd749ddb8120871cf7ff5cb4888b9ea6bbb2742c7635e43,,08/18/2025 09:39:00 AM,30,NO CONTROLS,NO CONTROLS,CLEAR,DAYLIGHT,PARKED MOTOR VEHICLE,ALLEY,,STRAIGHT AND LEVEL,DRY,NO DEFECTS,NOT ON SCENE (DESK REPORT),NO INJURY / DRIVE AWAY,,,,"OVER $1,500",08/18/2025 11:35:00 AM,IMPROPER BACKING,IMPROPER BACKING,901,S,MILLER ST,1232,,,,,,,2,NO INDICATION OF INJURY,0,0,0,0,0,1,0,9,2,8,41.8703072869,-87.6520930477,POINT (-87.652093047657 41.870307286908)
03a455273868edab5b19d845068da185a9ef6b5dee39823dcf922819d01dbadea344e62604a3f838a6a4f9467ae44afd0d2630cb70ed0e2ca1170de4562b4215,,08/18/2025 09:30:00 AM,30,NO CONTROLS,NO CONTROLS,CLEAR,DAYLIGHT,PARKED MOTOR VEHICLE,ALLEY,,STRAIGHT AND LEVEL,DRY,NO DEFECTS,ON SCENE,INJURY AND / OR TOW DUE TO CRASH,,,Y,$500 OR LESS,08/18/2025 09:31:00 AM,UNABLE TO DETERMINE,UNABLE TO DETERMINE,7241,S,HALSTED ST,732,,,,,,,2,NO INDICATION OF INJURY,0,0,0,0,0,1,0,9,2,8,41.7621648195,-87.6441887674,POINT (-87.644188767369 41.762164819478)
9b6b18201ad267a2d23d0f5efc856062515ea0a0af047d778223fe2b077f9dfb1666a73bf71d5b72b5c34b4ee77fc855036e48470e8a30fc4e7f043eacb942a8,,08/18/2025 09:19:00 AM,30,NO CONTROLS,NO CONTROLS,CLOUDY/OVERCAST,DAYLIGHT,REAR TO FRONT,ONE-WAY,,STRAIGHT AND LEVEL,DRY,UNKNOWN,NOT ON SCENE (DESK REPORT),NO INJURY / DRIVE AWAY,,,,"OVER $1,500",08/18/2025 10:35:00 AM,IMPROPER BACKING,UNABLE TO DETERMINE,3806,W,SCHOOL ST,1732,,,,,,,2,NO INDICATION OF INJURY,0,0,0,0,0,2,0,9,2,8,41.9410825181,-87.7226471299,POINT (-87.722647129864 41.941082518139)
49e8c28ebf9a7182a55fd7b2a77643fb3cd62b70d59abf724a8a46ece9d17158b1cb18943b90cdbc1c6efd4e2a1894f8927557990c0baf4037310e22fe4213d5,,08/18/2025 09:15:00 AM,15,NO CONTROLS,NO CONTROLS,RAIN,DAYLIGHT,PARKED MOTOR VEHICLE,ONE-WAY,,STRAIGHT AND LEVEL,WET,UNKNOWN,ON SCENE,NO INJURY / DRIVE AWAY,,,Y,"OVER $1,500",08/18/2025 09:18:00 AM,IMPROPER BACKING,UNABLE TO DETERMINE,3010,W,61ST ST,823,,,,,,,2,NO INDICATION OF INJURY,0,0,0,0,0,1,0,9,2,8,41.7827833184,-87.6988890658,POINT (-87.698889065804 41.782783318416)
4afd1d8c4bfb87062ef98180c8fd3a052c9b30d2cb82db01fcb8b90d739495fba3250a4b112e63e216d1a9b20953f1bdbf1bd0768b605b9de0ae923b2ee09c64,,08/18/2025 09:15:00 AM,30,STOP SIGN/FLASHER,FUNCTIONING PROPERLY,CLEAR,DAYLIGHT,REAR END,NOT DIVIDED,,STRAIGHT AND LEVEL,DRY,NO DEFECTS,ON SCENE,INJURY AND / OR TOW DUE TO CRASH,,,,"OVER $1,500",08/18/2025 09:21:00 AM,FOLLOWING TOO CLOSELY,NOT APPLICABLE,3029,W,25TH ST,1033,,,,,,,2,NO INDICATION OF INJURY,0,0,0,0,0,3,0,9,2,8,41.8462706444,-87.7013532419,POINT (-87.70135324192 41.846270644404)
d6b5c47764aed116e9f4e465c5b5ca1b54369cb0ebb0d27421c8e59a1fdac8183bce31871f727f1815d396e973d7d33c2b97b109df1e4f6ecc558409cdc45e74,,08/18/2025 09:15:00 AM,30,NO CONTROLS,NO CONTROLS,CLOUDY/OVERCAST,DAYLIGHT,REAR END,NOT DIVIDED,,STRAIGHT AND LEVEL,DRY,NO DEFECTS,ON SCENE,NO INJURY / DRIVE AWAY,,,,"$501 - $1,500",08/18/2025 09:28:00 AM,FOLLOWING TOO CLOSELY,FOLLOWING TOO CLOSELY,2744,W,TOUHY AVE,2411,,,,,,,2,NO INDICATION OF INJURY,0,0,0,0,0,2,0,9,2,8,42.0121930711,-87.6991482017,POINT (-87.699148201667 42.012193071141)
2ddd0d19474d269632e16170277360f9728a49489d9029684d3bcdd470e807e18b260fd638419a4ab06ce149015df5214b1cfb4ebe5284fab2f72565670d104f,,08/18/2025 09:05:00 AM,30,TRAFFIC SIGNAL,UNKNOWN,CLEAR,DAYLIGHT,SIDESWIPE SAME DIRECTION,FOUR WAY,,STRAIGHT AND LEVEL,DRY,UNKNOWN,ON SCENE,INJURY AND / OR TOW DUE TO CRASH,Y,,Y,"OVER $1,500",08/18/2025 09:11:00 AM,IMPROPER OVERTAKING/PASSING,IMPROPER LANE USAGE,6700,S,WENTWORTH AVE,722,,,,,,,2,NO INDICATION OF INJURY,0,0,0,0,0,2,0,9,2,8,41.7726154357,-87.6300996776,POINT (-87.630099677564 41.77261543566)