CRASH_RECORD_ID,CRASH_DATE_EST_I,CRASH_DATE,POSTED_SPEED_LIMIT,TRAFFIC_CONTROL_DEVICE,DEVICE_CONDITION,WEATHER_CONDITION,LIGHTING_CONDITION,FIRST_CRASH_TYPE,TRAFFICWAY_TYPE,LANE_CNT,ALIGNMENT,ROADWAY_SURFACE_COND,ROAD_DEFECT,REPORT_TYPE,CRASH_TYPE,INTERSECTION_RELATED_I,NOT_RIGHT_OF_WAY_I,HIT_AND_RUN_I,DAMAGE,DATE_POLICE_NOTIFIED,PRIM_CONTRIBUTORY_CAUSE,SEC_CONTRIBUTORY_CAUSE,STREET_NO,STREET_DIRECTION,STREET_NAME,BEAT_OF_OCCURRENCE,PHOTOS_TAKEN_I,STATEMENTS_TAKEN_I,DOORING_I,WORK_ZONE_I,WORK_ZONE_TYPE,WORKERS_PRESENT_I,NUM_UNITS,MOST_SEVERE_INJURY,INJURIES_TOTAL,INJURIES_FATAL,INJURIES_INCAPACITATING,INJURIES_NON_INCAPACITATING,INJURIES_REPORTED_NOT_EVIDENT,INJURIES_NO_INDICATION,INJURIES_UNKNOWN,CRASH_HOUR,CRASH_DAY_OF_WEEK,CRASH_MONTH,LATITUDE,LONGITUDE,LOCATION
3038ea92ca156599f1a4aaa69af7876074b6e8a7772b773f29137a51ccfdc90d47f3bd135c27311e671e19e2a5d8da489ca2b0cae19b96581a4b23300aa12343,,08/18/2025 09:00:00 AM,30,NO CONTROLS,NO CONTROLS,CLEAR,DAYLIGHT,ANGLE,NOT DIVIDED,,STRAIGHT AND LEVEL,DRY,NO DEFECTS,NOT ON SCENE (DESK REPORT),NO INJURY / DRIVE AWAY,,,,"OVER $1,500",08/18/2025 09:00:00 AM,FAILING TO YIELD RIGHT-OF-WAY,NOT APPLICABLE,5644,W,GRAND AVE,2515,,,,,,,2,NO INDICATION OF INJURY,0,0,0,0,0,2,0,9,2,8,41.9191864144,-87.7675273635,POINT (-87.7675273635 41.919186414377)
7d190201f2631bb7eb1a4a995da6b841cb84c7e501100657f573ca23780ffb05a27d8f9e378557a5a3682a740f13a42ed32f1bf4560ff3eb9152575804e493c4,,08/18/2025 09:00:00 AM,10,NO CONTROLS,NO CONTROLS,CLOUDY/OVERCAST,DAYLIGHT,PARKED MOTOR VEHICLE,NOT DIVIDED,,STRAIGHT AND LEVEL,DRY,NO DEFECTS,NOT ON SCENE (DESK REPORT),NO INJURY / DRIVE AWAY,,,Y,"OVER $1,500",08/18/2025 05:41:00 PM,UNABLE TO DETERMINE,NOT APPLICABLE,3717,W,HARRISON ST,1133,,,,,,,2,NO INDICATION OF INJURY,0,0,0,0,0,1,0,9,2,8,41.8734092371,-87.7187661532,POINT (-87.718766153187 41.873409237055)
89d855b7418c0caba6b4107a6c7be366205c7a59a566b72563596d734f4291f64939057ea1ec7fd273e0094699406c3554b159d86546fe001b5d623a488f03f2,,08/18/2025 09:00:00 AM,30,TRAFFIC SIGNAL,FUNCTIONING PROPERLY,CLEAR,DAYLIGHT,REAR END,DIVIDED - W/MEDIAN (NOT RAISED),,STRAIGHT AND LEVEL,DRY,UNKNOWN,NOT ON SCENE (DESK REPORT),NO INJURY / DRIVE AWAY,,,,"OVER $1,500",08/19/2025 12:12:00 PM,FOLLOWING TOO CLOSELY,UNABLE TO DETERMINE,6701,S,WESTERN AVE,832,,,,,,,2,NO INDICATION OF INJURY,0,0,0,0,0,2,0,9,2,8,41.7718884067,-87.6832951958,POINT (-87.683295195772 41.77188840672)
a0936adc294a82bdc5494ec3504b550cc8ee6dd9862639b8b51cfca412edf07530de5d0addff730cd94ca9ff206235a009a6b508d9c360de79e96c1fe689aa47,,08/18/2025 09:00:00 AM,30,TRAFFIC SIGNAL,FUNCTIONING PROPERLY,CLEAR,DAYLIGHT,ANGLE,NOT DIVIDED,,STRAIGHT AND LEVEL,DRY,NO DEFECTS,NOT ON SCENE (DESK REPORT),NO INJURY / DRIVE AWAY,Y,,,"OVER $1,500",08/18/2025 11:00:00 AM,FAILING TO YIELD RIGHT-OF-WAY,NOT APPLICABLE,3330,N,AUSTIN AVE,1633,,,,,,,2,NO INDICATION OF INJURY,0,0,0,0,0,2,0,9,2,8,41.9412350694,-87.7764694518,POINT (-87.776469451818 41.941235069409)
aa16de950539ee879a372534e089bacf5719835aa32e6a579f9ae5b4b9fad422052138d82d18b79134cc493f4cd73472bd21d3943f63877efab0e316a6d33c8b,,08/18/2025 09:00:00 AM,30,TRAFFIC SIGNAL,FUNCTIONING PROPERLY,CLOUDY/OVERCAST,DAYLIGHT,SIDESWIPE SAME DIRECTION,DIVIDED - W/MEDIAN (NOT RAISED),,STRAIGHT AND LEVEL,DRY,NO DEFECTS,NOT ON SCENE (DESK REPORT),NO INJURY / DRIVE AWAY,Y,,Y,"OVER $1,500",08/18/2025 09:30:00 AM,UNABLE TO DETERMINE,NOT APPLICABLE,1501,S,WESTERN AVE,1233,,,,,,,2,NO INDICATION OF INJURY,0,0,0,0,0,2,0,9,2,8,41.861130951,-87.6857362658,POINT (-87.685736265788 41.861130950974)
ca697c811c65dfb0113cbb1440edcfd9474f5467308905219bce7f3bbc2ed2d92408acb181f8db5241bb350ff4d5604ee8a06d8827bbc6ac3154b80527514536,,08/18/2025 09:00:00 AM,30,NO CONTROLS,NO CONTROLS,UNKNOWN,UNKNOWN,FIXED OBJECT,PARKING LOT,,STRAIGHT AND LEVEL,DRY,NO DEFECTS,NOT ON SCENE (DESK REPORT),NO INJURY / DRIVE AWAY,,,,"OVER $1,500",08/20/2025 09:07:00 AM,UNABLE TO DETERMINE,UNABLE TO DETERMINE,500,N,LAKE SHORE DR,1834,,,,,,,1,NO INDICATION OF INJURY,0,0,0,0,0,1,0,9,2,8,41.8911183327,-87.6143846846,POINT (-87.614384684631 41.891118332732)
d9f753a8543206ab78c4e33176bce2a9f4e242b428528fcb68baffeda30fee501129fef0c74a89d9a410d1ef0b3376719813b9852a7cf4be9925176809c7a8fe,,08/18/2025 09:00:00 AM,30,NO CONTROLS,NO CONTROLS,CLEAR,DAYLIGHT,ANGLE,NOT DIVIDED,,STRAIGHT AND LEVEL,DRY,NO DEFECTS,NOT ON SCENE (DESK REPORT),NO INJURY / DRIVE AWAY,,,Y,"OVER $1,500",08/18/2025 11:06:00 AM,FAILING TO YIELD RIGHT-OF-WAY,UNABLE TO DETERMINE,5815,S,HOMAN AVE,822,,,,,,,2,NO INDICATION OF INJURY,0,0,0,0,0,2,0,9,2,8,41.7875049874,-87.7081420072,POINT (-87.708142007203 41.787504987381)
6843045da305dbf6715a7b55bfec0312bceed2cf7cf5a257f46d7fd66fbcbfd5f9c926637548aebf193dc48ae468f4c98ac8809883c4bab2b8dc236602fe4712,,08/18/2025 08:50:00 AM,30,TRAFFIC SIGNAL,FUNCTIONING PROPERLY,CLEAR,DAYLIGHT,TURNING,FOUR WAY,,STRAIGHT AND LEVEL,DRY,NO DEFECTS,ON SCENE,INJURY AND / OR TOW DUE TO CRASH,Y,,,"OVER $1,500",08/18/2025 08:50:00 AM,UNABLE TO DETERMINE,UNABLE TO DETERMINE,4199,W,ROOSEVELT RD,1011,,,,,,,2,"REPORTED, NOT EVIDENT",2,0,0,0,2,0,0,8,2,8,41.865992907,-87.7299996962,POINT (-87.729999696207 41.865992906968)
2c32ec9e7066f2d230702fe025bf78db67ed5856949e637e5bb2cb8c0b563645509eae88829bde10b5fccb27107f9cd2a953a7aa1e67ccd7dabb93e2a6cf690c,,08/18/2025 08:45:00 AM,30,STOP SIGN/FLASHER,FUNCTIONING PROPERLY,CLEAR,DAYLIGHT,TURNING,FOUR WAY,,STRAIGHT AND LEVEL,DRY,NO DEFECTS,ON SCENE,NO INJURY / DRIVE AWAY,Y,,,"$501 - $1,500",08/18/2025 08:53:00 AM,FAILING TO YIELD RIGHT-OF-WAY,NOT APPLICABLE,4815,N,LINCOLN AVE,2031,,,,Y,CONSTRUCTION,,2,NO INDICATION OF INJURY,0,0,0,0,0,4,0,8,2,8,41.9690759602,-87.6887019704,POINT (-87.68870197035 41.969075960204)
220bb26ce7af7d5401f446519f3f0f8b52c2db7f6ba51e0048749a07125f09ecbe9024b75e2cc25aadcf7632a68434503b98488f2a66502300c20561a6bf5147,,08/18/2025 08:41:00 AM,30,NO CONTROLS,NO CONTROLS,CLEAR,DAYLIGHT,SIDESWIPE SAME DIRECTION,NOT DIVIDED,,STRAIGHT AND LEVEL,DRY,NO DEFECTS,ON SCENE,NO INJURY / DRIVE AWAY,,,,"OVER $1,500",08/18/2025 08:58:00 AM,IMPROPER OVERTAKING/PASSING,IMPROPER LANE USAGE,3944,W,DICKENS AVE,2525,,,,,,,2,NO INDICATION OF INJURY,0,0,0,0,0,2,0,8,2,8,41.9191108929,-87.7260183715,POINT (-87.726018371536 41.9191108929)
d708158bcfcf94663ae1dc3b979627ce6cf52edb69f1af74745da9a5bc3156f4c04d2aa2338752a09743dbeb50205fdedca62376caecb1217e2a46fb6dbcb170,,08/18/2025 08:41:00 AM,30,TRAFFIC SIGNAL,FUNCTIONING PROPERLY,CLEAR,DAYLIGHT,TURNING,FOUR WAY,,STRAIGHT AND LEVEL,DRY,NO DEFECTS,ON SCENE,INJURY AND / OR TOW DUE TO CRASH,Y,,,"OVER $1,500",08/18/2025 08:45:00 AM,UNABLE TO DETERMINE,UNABLE TO DETERMINE,199,W,69TH ST,731,,,,,,,2,NONINCAPACITATING INJURY,8,0,0,8,0,1,0,8,2,8,41.7689733226,-87.6297764139,POINT (-87.629776413917 41.768973322569)
b03a5562b7883f41033b4bf5b212cf4b6255131211e9598b7d4abb30dc86e73734f3847073d4d308d3bf64c299d30b7895bca7799e6be26822e23795f82b9ed2,,08/18/2025 08:40:00 AM,25,TRAFFIC SIGNAL,FUNCTIONING PROPERLY,CLEAR,DAYLIGHT,REAR END,NOT DIVIDED,,STRAIGHT AND LEVEL,DRY,UNKNOWN,NOT ON SCENE (DESK REPORT),NO INJURY / DRIVE AWAY,,,,"$501 - $1,500",08/18/2025 09:30:00 AM,UNABLE TO DETERMINE,UNABLE TO DETERMINE,3204,N,PULASKI RD,1731,,,,,,,2,NO INDICATION OF INJURY,0,0,0,0,0,2,0,8,2,8,41.9392551115,-87.7273372308,POINT (-87.727337230796 41.939255111488)
3d9eec0f0a9c257b9467abf2caf06ca836b5f42fcc45f71e76bed355676032d5bdcbe33c5aa62276007f01b55f71e21367b123c840e6459f968da752162514b7,,08/18/2025 08:35:00 AM,30,TRAFFIC SIGNAL,FUNCTIONING PROPERLY,CLEAR,DAYLIGHT,TURNING,FOUR WAY,,STRAIGHT AND LEVEL,DRY,NO DEFECTS,ON SCENE,NO INJURY / DRIVE AWAY,Y,,Y,"$501 - $1,500",08/18/2025 08:43:00 AM,IMPROPER LANE USAGE,NOT APPLICABLE,1777,W,PETERSON AVE,2012,,,,,,,2,NO INDICATION OF INJURY,0,0,0,0,0,2,0,8,2,8,41.990654724,-87.6746268294,POINT (-87.674626829424 41.990654723957)
21623be04a61438f6b20324d186a92cd1b5c1173a7744717425e6c42d1c13cc2b57c154b87ef4e9b3b9d0fb422a46226559e8b4c1a241a61afbce62a36173209,Y,08/18/2025 08:30:00 AM,35,NO CONTROLS,NO CONTROLS,UNKNOWN,"DARKNESS, LIGHTED ROAD",PARKED MOTOR VEHICLE,DIVIDED - W/MEDIAN (NOT RAISED),,STRAIGHT AND LEVEL,UNKNOWN,NO DEFECTS,NOT ON SCENE (DESK REPORT),NO INJURY / DRIVE AWAY,,,Y,"OVER $1,500",08/18/2025 10:00:00 AM,UNABLE TO DETERMINE,NOT APPLICABLE,3120,W,26TH ST,1033,,,,,,,2,NO INDICATION OF INJURY,0,0,0,0,0,1,0,8,2,8,41.8446448118,-87.7034968555,POINT (-87.70349685551 41.844644811846)
685514c88a4ff3e6cb4b6ce796bd3fca754c4530a7b34a945b04193adf14e5df9265b783b9d228a4fd14549160ba5ac83f9df008c1b244289af1b8a09d78e888,Y,08/18/2025 08:30:00 AM,30,NO CONTROLS,NO CONTROLS,CLEAR,DAYLIGHT,PARKED MOTOR VEHICLE,ONE-WAY,,STRAIGHT AND LEVEL,DRY,NO DEFECTS,NOT ON SCENE (DESK REPORT),NO INJURY / DRIVE AWAY,,,Y,"OVER $1,500",08/18/2025 02:55:00 PM,UNABLE TO DETERMINE,NOT APPLICABLE,1622,S,SPRINGFIELD AVE,1014,,,,,,,2,NO INDICATION OF INJURY,0,0,0,0,0,1,0,8,2,8,41.8581826146,-87.7225861612,POINT (-87.722586161225 41.858182614648)
78b95450c1fd2a9491d21fcc36399e9f169ce6b35f693deea58c292f5c042d5b76e3861a514c396a930c1a11013d31dbd38ea048c1c7de9f8b2d8157e42a47f3,,08/18/2025 08:30:00 AM,20,NO CONTROLS,NO CONTROLS,CLEAR,DAYLIGHT,PARKED MOTOR VEHICLE,NOT DIVIDED,,STRAIGHT AND LEVEL,DRY,NO DEFECTS,NOT ON SCENE (DESK REPORT),NO INJURY / DRIVE AWAY,,,,"OVER $1,500",08/18/2025 08:53:00 AM,UNABLE TO DETERMINE,UNABLE TO DETERMINE,7249,S,CHRISTIANA AVE,831,,,,,,,2,NO INDICATION OF INJURY,0,0,0,0,0,1,0,8,2,8,41.7610858899,-87.706234722,POINT (-87.70623472201 41.761085889863)
a9a0d6eb9dd7c63ce88185424bdbf9670095cd5691fbb7b3c617e218494302dfe17569789511bd02de16ca8918dd2cbe46f0b9418744f992f34827efaebc2170,,08/18/2025 08:30:00 AM,30,NO CONTROLS,NO CONTROLS,CLEAR,DAYLIGHT,TURNING,NOT DIVIDED,,STRAIGHT AND LEVEL,DRY,NO DEFECTS,NOT ON SCENE (DESK REPORT),NO INJURY / DRIVE AWAY,,,Y,"OVER $1,500",08/18/2025 09:50:00 AM,UNABLE TO DETERMINE,UNABLE TO DETERMINE,2601,W,MARQUETTE RD,831,,,,,,,2,NO INDICATION OF INJURY,0,0,0,0,0,2,0,8,2,8,41.7717908074,-87.6883900505,POINT (-87.688390050463 41.771790807362)
e7ec43a9b2d0269bc90e394de7270d9a9b6db6af8a2e0fca706636c15fe448be15db2a60909d682da3166d28c036bb3628141890c92f5f4672d8bd6a77e41775,,08/18/2025 08:25:00 AM,15,SCHOOL ZONE,NO CONTROLS,CLEAR,DAYLIGHT,PARKED MOTOR VEHICLE,NOT DIVIDED,,STRAIGHT AND LEVEL,DRY,NO DEFECTS,ON SCENE,INJURY AND / OR TOW DUE TO CRASH,,,Y,"OVER $1,500",08/18/2025 08:28:00 AM,IMPROPER LANE USAGE,IMPROPER LANE USAGE,3625,W,16TH ST,1014,,,,,,,2,NONINCAPACITATING INJURY,2,0,0,2,0,2,0,8,2,8,41.8588535598,-87.7160893715,POINT (-87.716089371539 41.858853559831)
2fdc20aa9d0f0bf8cb59ed5fc11441f082869f026dda9d6a7dc57d7c22891067d6f4b18a2e5f5f02b75a39203f7a5cb53c13943b1076533fa406480c247f5f6a,,08/18/2025 08:20:00 AM,10,NO CONTROLS,NO CONTROLS,CLEAR,DAYLIGHT,REAR TO SIDE,PARKING LOT,,STRAIGHT AND LEVEL,DRY,NO DEFECTS,NOT ON SCENE (DESK REPORT),NO INJURY / DRIVE AWAY,,,,"OVER $1,500",08/18/2025 08:45:00 AM,IMPROPER BACKING,UNABLE TO DETERMINE,7401,S,PULASKI RD,833,,,,,,,2,NO INDICATION OF INJURY,0,0,0,0,0,2,0,8,2,8,41.7579012492,-87.7220477315,POINT (-87.722047731463 41.757901249198)
60c0a52df1b812e7873b2f06e5f37a6058b0c5ca5300b7dfca7414f2bdf5d005421ddb3f0b9a93c723417e35f2c96de134d7fed97bfef23705912d30209430d8,,08/18/2025 08:20:00 AM,30,TRAFFIC SIGNAL,FUNCTIONING PROPERLY,CLEAR,DAYLIGHT,REAR END,DIVIDED - W/MEDIAN BARRIER,,STRAIGHT AND LEVEL,DRY,NO DEFECTS,NOT ON SCENE (DESK REPORT),NO INJURY / DRIVE AWAY,,,,"$501 - $1,500",08/18/2025 08:48:00 AM,UNABLE TO DETERMINE,UNABLE TO DETERMINE,7858,S,STONY ISLAND AVE,411,,,,,,,2,NO INDICATION OF INJURY,0,0,0,0,0,3,0,8,2,8,41.7518453078,-87.5861482354,POINT (-87.586148235418 41.751845307752)
80ecc55cade318108d500db2965207ed60876bd49d3c55e2bf26143e845c57af1f7efbaadf30f6d958f4aa959ef0ad91472a008d5fd1d24029da41c1c0b0892d,,08/18/2025 08:20:00 AM,30,NO CONTROLS,NO CONTROLS,CLEAR,DAYLIGHT,TURNING,PARKING LOT,,STRAIGHT AND LEVEL,DRY,NO DEFECTS,NOT ON SCENE (DESK REPORT),NO INJURY / DRIVE AWAY,,,Y,"OVER $1,500",08/19/2025 05:40:00 PM,IMPROPER OVERTAKING/PASSING,UNABLE TO DETERMINE,5640,W,FULLERTON AVE,2515,,,,,,,2,NO INDICATION OF INJURY,0,0,0,0,0,2,0,8,2,8,41.9240644164,-87.7676604864,POINT (-87.767660486373 41.924064416379)
3db46a14d1f1cd6efc963c695f86277b3af0b0bac354b0ab12b930bb8e5dcdc8c94e0b06e8a4f3f0214bbd400eb0def05a68efa2a645ba110d83a175922d04b3,,08/18/2025 08:15:00 AM,30,NO CONTROLS,NO CONTROLS,CLEAR,DAYLIGHT,PARKED MOTOR VEHICLE,NOT DIVIDED,,STRAIGHT AND LEVEL,DRY,NO DEFECTS,ON SCENE,NO INJURY / DRIVE AWAY,,,Y,"OVER $1,500",08/18/2025 08:30:00 AM,DRIVING SKILLS/KNOWLEDGE/EXPERIENCE,UNABLE TO DETERMINE,645,W,WRIGHTWOOD AVE,1935,,,,,,,2,NO INDICATION OF INJURY,0,0,0,0,0,1,0,8,2,8,41.929156806,-87.6445506177,POINT (-87.64455061765 41.929156806015)
7abee14a7e736251c048929add73ad785b4fe72b98931b27e8c8ca77e6e1ff3d18ba9bd270d3b7d177f418e36826bd30edb8423d30b5d0ec23add293c20fd1da,,08/18/2025 08:15:00 AM,20,NO CONTROLS,NO CONTROLS,CLEAR,DAYLIGHT,PARKED MOTOR VEHICLE,NOT DIVIDED,,STRAIGHT AND LEVEL,WET,UNKNOWN,ON SCENE,NO INJURY / DRIVE AWAY,,,,"OVER $1,500",08/18/2025 08:32:00 AM,UNABLE TO DETERMINE,UNABLE TO DETERMINE,2832,W,BRYN MAWR AVE,2011,,,,,,,2,NO INDICATION OF INJURY,0,0,0,0,0,6,0,8,2,8,41.9832236273,-87.7004328684,POINT (-87.700432868438 41.983223627251)
d7df19b9c549cd478b44474b18251cbbd90514d44095eebe8d8c9dbfa7714febd0a3fd4c5257de5bbd9d763a2f7e8ad4bad67a9379635766a899b85be9c25d1a,,08/18/2025 08:15:00 AM,25,TRAFFIC SIGNAL,FUNCTIONING PROPERLY,CLEAR,DAYLIGHT,REAR END,DIVIDED - W/MEDIAN BARRIER,,STRAIGHT AND LEVEL,DRY,NO DEFECTS,NOT ON SCENE (DESK REPORT),INJURY AND / OR TOW DUE TO CRASH,,,,"OVER $1,500",08/18/2025 11:00:00 AM,FOLLOWING TOO CLOSELY,NOT APPLICABLE,5841,N,CLARK ST,2013,,,,,,,2,"REPORTED, NOT EVIDENT",1,0,0,0,1,3,0,8,2,8,41.9883030455,-87.6696674864,POINT (-87.669667486402 41.988303045508)
57296c53e906772ae2e4543936d39e3ad17c4ee47d8a04b90717ed7fee7872106d8d463f392ad8a15ded4b1c84ecb9ef300b7e19fde6a1a0c2933ff1056560db,,08/18/2025 08:10:00 AM,30,NO CONTROLS,NO CONTROLS,RAIN,DAYLIGHT,REAR END,NOT DIVIDED,,STRAIGHT AND LEVEL,WET,NO DEFECTS,NOT ON SCENE (DESK REPORT),NO INJURY / DRIVE AWAY,,,,$500 OR LESS,08/18/2025 12:00:00 PM,FAILING TO YIELD RIGHT-OF-WAY,FOLLOWING TOO CLOSELY,600,N,WABASH AVE,1834,,,,,,,2,NO INDICATION OF INJURY,0,0,0,0,0,2,0,8,2,8,41.8925311482,-87.6268959645,POINT (-87.626895964473 41.892531148205)
bc31433c8226550d38f8afc0733277ca8c96a947967471725ffd3e0f0897dadca297c572c0e9ff6f270a13df2faa637e9a670cee880fb78a59be153b2a3204da,,08/18/2025 08:09:00 AM,30,TRAFFIC SIGNAL,UNKNOWN,CLOUDY/OVERCAST,DAYLIGHT,SIDESWIPE SAME DIRECTION,FOUR WAY,,STRAIGHT AND LEVEL,UNKNOWN,UNKNOWN,NOT ON SCENE (DESK REPORT),NO INJURY / DRIVE AWAY,,,Y,$500 OR LESS,08/18/2025 10:00:00 AM,UNABLE TO DETERMINE,NOT APPLICABLE,2001,E,79TH ST,414,,,,,,,2,NO INDICATION OF INJURY,0,0,0,0,0,2,0,8,2,8,41.7514970485,-87.5759186792,POINT (-87.575918679209 41.751497048463)
8b6dd4781e97f619b12915396667e5c49a681a65c5fd51c348087030b898ad44562905b1add3ac7825b3eb1f0586db86d42a5ae72b192ed399d26f593f43ae5d,,08/18/2025 08:07:00 AM,30,NO CONTROLS,NO CONTROLS,CLEAR,DAYLIGHT,SIDESWIPE SAME DIRECTION,NOT DIVIDED,,STRAIGHT AND LEVEL,DRY,NO DEFECTS,NOT ON SCENE (DESK REPORT),NO INJURY / DRIVE AWAY,,,Y,"OVER $1,500",08/18/2025 09:41:00 AM,UNABLE TO DETERMINE,NOT APPLICABLE,4401,W,DIVISION ST,1111,,,,,,,2,NO INDICATION OF INJURY,0,0,0,0,0,2,0,8,2,8,41.9023999816,-87.7362637847,POINT (-87.736263784708 41.902399981646)
fb15a5b8f12faca735100c1e80cc22d02f0ac29c8d8d061879a9329caab229247eed55575b3765ffc7554a1cffd9e9b69283bc23a6f8d4379b9ad925d377c984,,08/18/2025 08:05:00 AM,30,NO CONTROLS,NO CONTROLS,CLOUDY/OVERCAST,DAYLIGHT,TURNING,DIVIDED - W/MEDIAN BARRIER,,STRAIGHT AND LEVEL,DRY,NO DEFECTS,ON SCENE,INJURY AND / OR TOW DUE TO CRASH,Y,,,"OVER $1,500",08/18/2025 08:55:00 AM,IMPROPER TURNING/NO SIGNAL,IMPROPER TURNING/NO SIGNAL,3301,N,WESTERN AVE,1921,,,,,,,2,NO INDICATION OF INJURY,0,0,0,0,0,2,0,8,2,8,41.9413695909,-87.6878262966,POINT (-87.687826296567 41.941369590921)
60a1e6a9f0e7c38ddfa17b5231044df8448479b842025c4ee35942f537882b4daec559beaab7015b1939a5e4f8ea47e7d15f68d5522f6ce42be6674fdd9f0ded,,08/18/2025 08:03:00 AM,30,STOP SIGN/FLASHER,FUNCTIONING PROPERLY,CLEAR,DAYLIGHT,ANGLE,NOT DIVIDED,,STRAIGHT AND LEVEL,DRY,NO DEFECTS,ON SCENE,NO INJURY / DRIVE AWAY,Y,,,"OVER $1,500",08/18/2025 08:05:00 AM,UNABLE TO DETERMINE,UNABLE TO DETERMINE,6700,W,DIVERSEY AVE,2511,,,,,,,2,NO INDICATION OF INJURY,0,0,0,0,0,2,0,8,2,8,41.9310223008,-87.7930905709,POINT (-87.793090570898 41.931022300803)
03d0c64b7d6c50b472beaa273373e0c10b8f0cf4f9d9a255053f15de412b7902a02c099b0019a5c01afd9652659161e3ab7689bc53cd2eb4878534474c905b0b,,08/18/2025 08:02:00 AM,30,NO CONTROLS,NO CONTROLS,CLOUDY/OVERCAST,DAYLIGHT,SIDESWIPE SAME DIRECTION,DIVIDED - W/MEDIAN BARRIER,,STRAIGHT AND LEVEL,DRY,NO DEFECTS,NOT ON SCENE (DESK REPORT),NO INJURY / DRIVE AWAY,,,,"OVER $1,500",08/18/2025 08:40:00 AM,UNABLE TO DETERMINE,UNABLE TO DETERMINE,3257,N,WESTERN AVE,1921,,,,,,,2,NO INDICATION OF INJURY,0,0,0,0,0,2,0,8,2,8,41.9411696367,-87.6878189793,POINT (-87.687818979294 41.941169636706)
7e9f2aad63a6d4952f7b85ca8cdcb62573d02e114035dbb8fdb38ce15b54bd6f123694066916e67c55e708825c205c6feac7208ad58f2537fc36c3ca44106572,,08/18/2025 08:00:00 AM,30,NO CONTROLS,NO CONTROLS,CLEAR,DAYLIGHT,PARKED MOTOR VEHICLE,ONE-WAY,,STRAIGHT AND LEVEL,DRY,NO DEFECTS,ON SCENE,NO INJURY / DRIVE AWAY,,,N,$500 OR LESS,08/18/2025 08:38:00 AM,IMPROPER OVERTAKING/PASSING,NOT APPLICABLE,3924,N,MEADE AVE,1633,,,,,,,2,NO INDICATION OF INJURY,0,0,0,0,0,1,0,8,2,8,41.9519112732,-87.7793244461,POINT (-87.779324446056 41.95191127317)
f13519153e852d6d61a6d761fe1fa03abdf8570dcb8248d277b82931113dce024d790724d733b392d0bfc53f73ac7f8865c7981e7bafa2da629b160273945d9d,,08/18/2025 08:00:00 AM,30,UNKNOWN,NO CONTROLS,CLEAR,DAYLIGHT,SIDESWIPE SAME DIRECTION,ONE-WAY,,STRAIGHT AND LEVEL,DRY,NO DEFECTS,NOT ON SCENE (DESK REPORT),NO INJURY / DRIVE AWAY,,,,$500 OR LESS,08/18/2025 09:00:00 AM,UNABLE TO DETERMINE,UNABLE TO DETERMINE,1920,W,57TH ST,715,,,,,,,2,NO INDICATION OF INJURY,0,0,0,0,0,5,0,8,2,8,41.7904012779,-87.6727432461,POINT (-87.672743246142 41.790401277935)
f2dd5b858d40970dc5eafff23da85fd9c12d1e2f9b12dbbfc9b8f2648f316b0b5eeea78866f5e33c69ba8ad57e0b2ef422e7a2bb661f5959246330f5670826f4,,08/18/2025 08:00:00 AM,30,RAILROAD CROSSING GATE,FUNCTIONING PROPERLY,CLEAR,DAYLIGHT,REAR END,DIVIDED - W/MEDIAN BARRIER,,STRAIGHT AND LEVEL,DRY,NO DEFECTS,NOT ON SCENE (DESK REPORT),NO INJURY / DRIVE AWAY,,,,"OVER $1,500",08/18/2025 07:35:00 PM,FAILING TO REDUCE SPEED TO AVOID CRASH,UNABLE TO DETERMINE,1032,W,95TH ST,2223,,,,,,,2,NO INDICATION OF INJURY,0,0,0,0,0,2,0,8,2,8,41.7214954393,-87.6493439453,POINT (-87.649343945342 41.72149543934)
1770ca3e3a6a431337e60e3d4ba3b86ee1e6b1a2ad9ac554fd2c312b0e2719fb30a6667298fb5455614e11157bd410cb894ee12fd04af8a9399c94ee9884461c,,08/18/2025 07:57:00 AM,20,NO CONTROLS,NO CONTROLS,CLEAR,DAYLIGHT,REAR TO FRONT,ONE-WAY,,STRAIGHT AND LEVEL,DRY,NO DEFECTS,NOT ON SCENE (DESK REPORT),NO INJURY / DRIVE AWAY,,,Y,"OVER $1,500",08/18/2025 09:49:00 AM,UNABLE TO DETERMINE,UNABLE TO DETERMINE,6100,S,ROCKWELL ST,825,,,,,,,2,NO INDICATION OF INJURY,0,0,0,0,0,2,0,7,2,8,41.782741703,-87.6887674481,POINT (-87.688767448095 41.782741702975)
65021231774a2de6bf8d51753ee727af8debf54513cae9e5393496afd7df3ab3cd4feae8363d2f36ec21e9c4630e19a85b4e6b98af1b43867ecfb01a9f85a6d0,,08/18/2025 07:53:00 AM,20,NO CONTROLS,NO CONTROLS,CLEAR,DAYLIGHT,TURNING,ONE-WAY,,STRAIGHT AND LEVEL,DRY,NO DEFECTS,ON SCENE,INJURY AND / OR TOW DUE TO CRASH,,,,"OVER $1,500",08/18/2025 08:00:00 AM,DRIVING ON WRONG SIDE/WRONG WAY,DRIVING ON WRONG SIDE/WRONG WAY,6414,S,LINDER AVE,813,,,,,,,2,NO INDICATION OF INJURY,0,0,0,0,0,5,0,7,2,8,41.7757610747,-87.7593529994,POINT (-87.759352999356 41.775761074724)