CRASH_RECORD_ID,CRASH_DATE_EST_I,CRASH_DATE,POSTED_SPEED_LIMIT,TRAFFIC_CONTROL_DEVICE,DEVICE_CONDITION,WEATHER_CONDITION,LIGHTING_CONDITION,FIRST_CRASH_TYPE,TRAFFICWAY_TYPE,LANE_CNT,ALIGNMENT,ROADWAY_SURFACE_COND,ROAD_DEFECT,REPORT_TYPE,CRASH_TYPE,INTERSECTION_RELATED_I,NOT_RIGHT_OF_WAY_I,HIT_AND_RUN_I,DAMAGE,DATE_POLICE_NOTIFIED,PRIM_CONTRIBUTORY_CAUSE,SEC_CONTRIBUTORY_CAUSE,STREET_NO,STREET_DIRECTION,STREET_NAME,BEAT_OF_OCCURRENCE,PHOTOS_TAKEN_I,STATEMENTS_TAKEN_I,DOORING_I,WORK_ZONE_I,WORK_ZONE_TYPE,WORKERS_PRESENT_I,NUM_UNITS,MOST_SEVERE_INJURY,INJURIES_TOTAL,INJURIES_FATAL,INJURIES_INCAPACITATING,INJURIES_NON_INCAPACITATING,INJURIES_REPORTED_NOT_EVIDENT,INJURIES_NO_INDICATION,INJURIES_UNKNOWN,CRASH_HOUR,CRASH_DAY_OF_WEEK,CRASH_MONTH,LATITUDE,LONGITUDE,LOCATION
120c0a41679a1dc60cd27537ecb4322fadab9a4996916a75f577141d0809fb3307c1a0a54f401de4fbf5408578dda6c60c1ef83165922cb37b34c7ae6a1f657a,,08/18/2025 07:48:00 AM,30,STOP SIGN/FLASHER,NO CONTROLS,CLEAR,DAYLIGHT,ANGLE,NOT DIVIDED,,STRAIGHT AND LEVEL,DRY,NO DEFECTS,ON SCENE,NO INJURY / DRIVE AWAY,Y,,Y,"OVER $1,500",08/18/2025 07:49:00 AM,FAILING TO YIELD RIGHT-OF-WAY,UNABLE TO DETERMINE,10800,S,AVENUE N,432,,,,,,,2,NO INDICATION OF INJURY,0,0,0,0,0,2,0,7,2,8,41.6990313973,-87.5390551417,POINT (-87.539055141743 41.699031397326)
da0d286f9cf99ce3f5d5ab67f85fb0c2e5903c178edb7af0eb8c51b48d456b3c0fedc4698c53d35f2d02fa9cbe93c58fb6cd5387f4a6aee2b85802601aa02f14,,08/18/2025 07:45:00 AM,30,NO CONTROLS,NO CONTROLS,CLEAR,DAYLIGHT,REAR END,NOT DIVIDED,,STRAIGHT AND LEVEL,DRY,NO DEFECTS,NOT ON SCENE (DESK REPORT),NO INJURY / DRIVE AWAY,,,,"$501 - $1,500",08/18/2025 09:00:00 AM,FOLLOWING TOO CLOSELY,UNABLE TO DETERMINE,5753,S,DAMEN AVE,715,,,,,,,3,NO INDICATION OF INJURY,0,0,0,0,0,6,0,7,2,8,41.7887144769,-87.6740076903,POINT (-87.674007690307 41.788714476942)
def611cefc7bf4653d3a515fb9792be250e04a764e5cfc07f04cd79bfecaca4a289831a34b9968f0fcfeea8dc15cac671217b00459550b1066c6fdada9f5c9a0,,08/18/2025 07:44:00 AM,30,NO CONTROLS,NO CONTROLS,CLEAR,DAYLIGHT,REAR END,NOT DIVIDED,,STRAIGHT AND LEVEL,DRY,NO DEFECTS,ON SCENE,INJURY AND / OR TOW DUE TO CRASH,,,,"OVER $1,500",08/18/2025 07:45:00 AM,DISREGARDING ROAD MARKINGS,IMPROPER TURNING/NO SIGNAL,2600,E,103RD ST,431,,,,,,,2,NO INDICATION OF INJURY,0,0,0,0,0,2,0,7,2,8,41.7082641443,-87.56082659,POINT (-87.560826590009 41.708264144272)
0b6ac6e3496c7dfcb34c7c5a55063c6975a3fbede7291e4c560cb33326bb8c69c3593c95d46742d5285a064c88a33fd5ef56360cf6e8b559b5e9694146fe6cdb,,08/18/2025 07:40:00 AM,30,NO CONTROLS,NO CONTROLS,RAIN,DAYLIGHT,ANGLE,NOT DIVIDED,,STRAIGHT AND LEVEL,WET,UNKNOWN,NOT ON SCENE (DESK REPORT),NO INJURY / DRIVE AWAY,,,,"OVER $1,500",08/18/2025 08:25:00 AM,UNABLE TO DETERMINE,NOT APPLICABLE,3725,S,HALSTED ST,915,,,,,,,2,NO INDICATION OF INJURY,0,0,0,0,0,2,0,7,2,8,41.826327628,-87.6458552083,POINT (-87.645855208346 41.826327627976)
7243a6a20f49f3966458aa3ea3245ad356f60e7c68c093a9004de1f07ed752be25b0cfa0df36dc447abe6f93626e50c84ba223e9bfe92d95287b89488a7c1242,,08/18/2025 07:40:00 AM,30,NO CONTROLS,NO CONTROLS,CLEAR,DAYLIGHT,TURNING,NOT DIVIDED,,STRAIGHT AND LEVEL,DRY,NO DEFECTS,ON SCENE,INJURY AND / OR TOW DUE TO CRASH,Y,,,"OVER $1,500",08/18/2025 08:10:00 AM,IMPROPER TURNING/NO SIGNAL,NOT APPLICABLE,4150,W,OGDEN AVE,1013,,,,,,,2,NO INDICATION OF INJURY,0,0,0,0,0,2,0,7,2,8,41.8500005029,-87.7281710841,POINT (-87.728171084063 41.850000502875)
a2bac8b5a9a8d6ec88a76427678054217f24115ff963d497317eae07222310357375664d8a95d6a51d5b72403ca1721d824676ce7e552370c5c7648bb09d6b09,,08/18/2025 07:40:00 AM,30,NO CONTROLS,NO CONTROLS,CLEAR,DAYLIGHT,PEDALCYCLIST,NOT DIVIDED,,STRAIGHT AND LEVEL,DRY,UNKNOWN,ON SCENE,NO INJURY / DRIVE AWAY,,,Y,"OVER $1,500",08/18/2025 07:44:00 AM,FAILING TO YIELD RIGHT-OF-WAY,FAILING TO YIELD RIGHT-OF-WAY,1611,N,CENTRAL PARK AVE,1422,,,,,,,2,NO INDICATION OF INJURY,0,0,0,0,0,2,0,7,2,8,41.9103481009,-87.7164712097,POINT (-87.716471209695 41.910348100924)
e4d25a223517657bfbfc2a8db1e0afaa009d1ed28b65c5464f7626ee90842ea78b8b3b3b31f8534fd3cbc5e9d6ebd713a0f110c9fdb415bc39c6d7d85b1cec0d,,08/18/2025 07:40:00 AM,20,NO CONTROLS,NO CONTROLS,CLEAR,DAYLIGHT,SIDESWIPE SAME DIRECTION,ONE-WAY,,STRAIGHT AND LEVEL,DRY,NO DEFECTS,NOT ON SCENE (DESK REPORT),NO INJURY / DRIVE AWAY,,,Y,"OVER $1,500",08/18/2025 10:10:00 AM,UNABLE TO DETERMINE,UNABLE TO DETERMINE,138,W,109TH ST,513,,,,,,,2,NO INDICATION OF INJURY,0,0,0,0,0,2,0,7,2,8,41.6962899812,-87.6271334946,POINT (-87.627133494594 41.696289981204)
4f15b9114e1378bd3bbe1dd87cbcafaff5fcacea0c8054f7555d5fe01833b342ab96b469f0bd0b105c68b862381ce013df684f40526c3601f0440f09c2cbbc62,,08/18/2025 07:36:00 AM,30,NO CONTROLS,NO CONTROLS,CLEAR,DAYLIGHT,ANGLE,FOUR WAY,,STRAIGHT AND LEVEL,DRY,NO DEFECTS,NOT ON SCENE (DESK REPORT),NO INJURY / DRIVE AWAY,Y,,,"OVER $1,500",08/18/2025 09:51:00 AM,IMPROPER BACKING,FAILING TO YIELD RIGHT-OF-WAY,2131,S,HOYNE AVE,1234,,,,,,,2,NO INDICATION OF INJURY,0,0,0,0,0,2,0,7,2,8,41.8531081847,-87.6781730247,POINT (-87.678173024667 41.85310818473)
197be97b244bad13135dbca3164501fe7fc9fefad0e3a83f6eadf144027d3b81e79d0c7d541143f888b7fbd50e014eb908eecff68e390cf935bcc8656d0c044a,,08/18/2025 07:35:00 AM,30,STOP SIGN/FLASHER,FUNCTIONING PROPERLY,CLEAR,DAYLIGHT,OTHER OBJECT,NOT DIVIDED,,STRAIGHT AND LEVEL,DRY,NO DEFECTS,ON SCENE,NO INJURY / DRIVE AWAY,Y,,,"OVER $1,500",08/18/2025 07:40:00 AM,DRIVING SKILLS/KNOWLEDGE/EXPERIENCE,NOT APPLICABLE,4600,N,KILBOURN AVE,1722,,,,,,,1,NO INDICATION OF INJURY,0,0,0,0,0,1,0,7,2,8,41.9645356234,-87.7414867823,POINT (-87.741486782306 41.964535623412)
5244071d05ea765d2212a30775990e97d1d7e9ac2fd30a2e040adcaf794d5513800625ff3530118fb70e085a8450c4ebde10674ef8d6c346d98ebcc47f4495c2,,08/18/2025 07:35:00 AM,30,TRAFFIC SIGNAL,FUNCTIONING IMPROPERLY,CLEAR,DAYLIGHT,REAR END,FOUR WAY,,STRAIGHT AND LEVEL,DRY,NO DEFECTS,NOT ON SCENE (DESK REPORT),NO INJURY / DRIVE AWAY,Y,,,"OVER $1,500",08/18/2025 08:50:00 PM,UNABLE TO DETERMINE,NOT APPLICABLE,2405,W,ARMITAGE AVE,1434,,,,,,,2,NO INDICATION OF INJURY,0,0,0,0,0,2,0,7,2,8,41.9174567971,-87.6876814622,POINT (-87.687681462202 41.917456797114)
b37252dade579b903572a75235260f83fa1150b08d7788c99fcba1a74dd5e1971fda18e04eb66068d2383a0350cce8d6975e9cbb6449cbad9d5e9ca5f04de948,,08/18/2025 07:32:00 AM,15,NO CONTROLS,NO CONTROLS,CLEAR,DAYLIGHT,SIDESWIPE SAME DIRECTION,PARKING LOT,,STRAIGHT AND LEVEL,UNKNOWN,UNKNOWN,NOT ON SCENE (DESK REPORT),NO INJURY / DRIVE AWAY,,,,"OVER $1,500",08/22/2025 02:30:00 PM,DRIVING SKILLS/KNOWLEDGE/EXPERIENCE,NOT APPLICABLE,3535,N,WESTERN AVE,1921,,,,,,,2,NO INDICATION OF INJURY,0,0,0,0,0,2,0,7,2,8,41.9459683281,-87.6880900033,POINT (-87.68809000326 41.945968328061)
cc4ae7ffeb94dd1a0e3b09227ca1d6eb7719ed25864f632a80b4230a4d1c65310cd48e4d8ce0baa00c021ec406780be5f6deeca1b95f613b80aa7f942ff19493,,08/18/2025 07:32:00 AM,30,TRAFFIC SIGNAL,FUNCTIONING PROPERLY,CLOUDY/OVERCAST,DAYLIGHT,ANGLE,FOUR WAY,,STRAIGHT AND LEVEL,DRY,NO DEFECTS,ON SCENE,INJURY AND / OR TOW DUE TO CRASH,Y,,,"OVER $1,500",08/18/2025 08:17:00 AM,DISREGARDING TRAFFIC SIGNALS,DISREGARDING OTHER TRAFFIC SIGNS,35,W,IDA B WELLS DR,123,,,,,,,2,NONINCAPACITATING INJURY,1,0,0,1,0,1,0,7,2,8,41.8755184965,-87.6289689982,POINT (-87.628968998166 41.875518496499)
02ab83c08635573c7297bb319de494fe704901f989251118b89c45d25d5bf7f76f4b8d4ae000fbbcbde762e0a0e954ab53a6d93a8f4e01c59f8fb6fa75d7f1ac,,08/18/2025 07:30:00 AM,25,TRAFFIC SIGNAL,FUNCTIONING PROPERLY,CLEAR,DAYLIGHT,REAR END,NOT DIVIDED,,STRAIGHT AND LEVEL,DRY,UNKNOWN,NOT ON SCENE (DESK REPORT),NO INJURY / DRIVE AWAY,,,,"OVER $1,500",08/19/2025 01:55:00 PM,FOLLOWING TOO CLOSELY,FOLLOWING TOO CLOSELY,4250,S,INDIANA AVE,213,,,,,,,2,NO INDICATION OF INJURY,0,0,0,0,0,3,0,7,2,8,41.8168755159,-87.6215632528,POINT (-87.621563252843 41.816875515883)
109b064f8250225b0e1181a67bd8e5cb51c57babd594ac19c15f055fa6b80447a412c839751615ece339dd65c2d2406d7a47ce6d2e5ab7a82987c00093c72604,,08/18/2025 07:30:00 AM,30,NO CONTROLS,NO CONTROLS,CLEAR,DAYLIGHT,PARKED MOTOR VEHICLE,ONE-WAY,,STRAIGHT AND LEVEL,DRY,NO DEFECTS,NOT ON SCENE (DESK REPORT),NO INJURY / DRIVE AWAY,,,Y,"$501 - $1,500",08/19/2025 06:30:00 AM,IMPROPER BACKING,IMPROPER BACKING,1449,W,NORWOOD ST,2433,,,,,,,2,NO INDICATION OF INJURY,0,0,0,0,0,1,0,7,2,8,41.9916286067,-87.6671272656,POINT (-87.667127265581 41.991628606736)
2b3402db142ba6426cbc9a63eb6a95176fe89e6b05f5725b9d54a46e2501c3bd324c1e26f6a5192ace94e570a04743dec7d64b3c0294188aae83156b64bb3456,,08/18/2025 07:30:00 AM,30,NO CONTROLS,NO CONTROLS,CLEAR,DAYLIGHT,REAR TO REAR,NOT DIVIDED,,STRAIGHT AND LEVEL,DRY,NO DEFECTS,,NO INJURY / DRIVE AWAY,,,,"OVER $1,500",08/18/2025 07:30:00 AM,UNABLE TO DETERMINE,UNABLE TO DETERMINE,8635,S,HERMITAGE AVE,614,,,,,,,2,NO INDICATION OF INJURY,0,0,0,0,0,2,0,7,2,8,41.7365129989,-87.6665849025,POINT (-87.666584902516 41.736512998872)
8cb29216ccf7f18c06d4604e546ace9c795633c7941555926749596c4005ed1a1d9e2d6113d82521b17697a8eff1c4ab789c42d03d73aa95b88381d87347910f,N,08/18/2025 07:28:00 AM,30,TRAFFIC SIGNAL,FUNCTIONING PROPERLY,CLEAR,DAYLIGHT,SIDESWIPE SAME DIRECTION,NOT DIVIDED,,STRAIGHT AND LEVEL,UNKNOWN,UNKNOWN,ON SCENE,NO INJURY / DRIVE AWAY,,,Y,"OVER $1,500",08/18/2025 08:07:00 AM,UNABLE TO DETERMINE,UNABLE TO DETERMINE,4004,N,CENTRAL AVE,1624,Y,Y,,,,,2,NO INDICATION OF INJURY,0,0,0,0,0,2,0,7,2,8,41.9533860415,-87.7671544315,POINT (-87.767154431532 41.953386041485)
42c979f33c0c75cf754b130ec2e8c9cace1724dc10203f5ccb53a24be7f54e64f79a42833e850003cb9da11bab8765b109e48a97363cebb9adc7645e76375e07,,08/18/2025 07:25:00 AM,30,TRAFFIC SIGNAL,FUNCTIONING PROPERLY,CLOUDY/OVERCAST,DAYLIGHT,ANGLE,FOUR WAY,,STRAIGHT AND LEVEL,DRY,UNKNOWN,ON SCENE,INJURY AND / OR TOW DUE TO CRASH,Y,,,"OVER $1,500",08/18/2025 07:27:00 AM,UNABLE TO DETERMINE,NOT APPLICABLE,44,E,GARFIELD BLVD,225,,,,,,,2,"REPORTED, NOT EVIDENT",1,0,0,0,1,1,0,7,2,8,41.7947729749,-87.6241724267,POINT (-87.624172426739 41.79477297493)
85f6c23c0e2b915d9462b85a133155aa95e4e852d555cfbe320b5a64df125b7499ae142b5ae4cb1be7c154b1a2f342c91e3327abf2d5af4f9667f9394e1f833e,,08/18/2025 07:25:00 AM,10,NO CONTROLS,NO CONTROLS,CLOUDY/OVERCAST,DAYLIGHT,SIDESWIPE SAME DIRECTION,PARKING LOT,,STRAIGHT AND LEVEL,DRY,NO DEFECTS,,NO INJURY / DRIVE AWAY,,,,"OVER $1,500",08/18/2025 07:40:00 AM,UNABLE TO DETERMINE,NOT APPLICABLE,3541,N,WESTERN AVE,1921,,,,,,,2,NO INDICATION OF INJURY,0,0,0,0,0,3,0,7,2,8,41.9461364005,-87.6880956838,POINT (-87.688095683784 41.946136400472)
2d8e2e35bf3af7d9b94b05e4b53b2256e8b095fbbff4a1ee2011e79ded0163092b196925a72364dfdf93a506dd83638a04a2cd81e8ae8188805cff1604faa93c,,08/18/2025 07:20:00 AM,30,UNKNOWN,UNKNOWN,CLOUDY/OVERCAST,DAYLIGHT,PARKED MOTOR VEHICLE,ONE-WAY,,STRAIGHT AND LEVEL,WET,UNKNOWN,ON SCENE,NO INJURY / DRIVE AWAY,,,,"OVER $1,500",08/18/2025 07:41:00 AM,UNABLE TO DETERMINE,UNABLE TO DETERMINE,4616,N,KENNETH AVE,1722,,,,,,,2,NO INDICATION OF INJURY,0,0,0,0,0,1,0,7,2,8,41.9650034092,-87.7401012889,POINT (-87.740101288929 41.965003409236)
59b87a8e1b1b925a43c2f808f53bbfd6849c7f6f9bc332253b8facaae3c54db20bc44a8234d336a110e2db349a8552f9b6d168645ad6dd8b0fc52c909a26b1cb,,08/18/2025 07:19:00 AM,30,NO CONTROLS,NO CONTROLS,CLEAR,DAYLIGHT,SIDESWIPE SAME DIRECTION,NOT DIVIDED,,STRAIGHT AND LEVEL,DRY,NO DEFECTS,NOT ON SCENE (DESK REPORT),NO INJURY / DRIVE AWAY,Y,,,"OVER $1,500",08/19/2025 10:19:00 PM,UNABLE TO DETERMINE,NOT APPLICABLE,620,S,KOSTNER AVE,1131,,,,,,,2,NO INDICATION OF INJURY,0,0,0,0,0,2,0,7,2,8,41.8728988319,-87.7353570389,POINT (-87.735357038864 41.872898831921)
9fcf966b086c8e0a22a627d8991459ef0e219580090f853027b59f2e0d69890108d1069b9c4d067971c7cc3dce0affc9f29bf5d998fd354f05c348d9541860b3,,08/18/2025 07:18:00 AM,30,NO CONTROLS,NO CONTROLS,CLEAR,DAYLIGHT,ANGLE,NOT DIVIDED,,STRAIGHT AND LEVEL,DRY,UNKNOWN,,NO INJURY / DRIVE AWAY,,,,"OVER $1,500",08/19/2025 04:49:00 PM,FAILING TO YIELD RIGHT-OF-WAY,NOT APPLICABLE,8243,S,PAULINA ST,614,,,,,,,2,NO INDICATION OF INJURY,0,0,0,0,0,2,0,7,2,8,41.7435862087,-87.6655499643,POINT (-87.665549964253 41.743586208724)
30df2ba9b05b0c84fcec543ddad759da2223a121fd984bd064269b818e1428412357fd62b4fcaf227189de77a2248474d206688773932094c36378460f4e2237,,08/18/2025 07:15:00 AM,30,TRAFFIC SIGNAL,FUNCTIONING PROPERLY,CLEAR,DAYLIGHT,TURNING,T-INTERSECTION,,STRAIGHT AND LEVEL,DRY,NO DEFECTS,NOT ON SCENE (DESK REPORT),NO INJURY / DRIVE AWAY,Y,,,"OVER $1,500",08/18/2025 10:35:00 AM,IMPROPER LANE USAGE,IMPROPER LANE USAGE,600,S,KOSTNER AVE,1131,,,,,,,2,NO INDICATION OF INJURY,0,0,0,0,0,2,0,7,2,8,41.8734994825,-87.735368187,POINT (-87.73536818697 41.873499482485)
657ed55df910fe95c07bc22dcf58cc08d6f80d7aba15b4beab6264e91fbf46610bc98d463a187f1c399abe863c73b4448e8f4b59566f00ba2fc2c1da0729d2fd,,08/18/2025 07:02:00 AM,15,NO CONTROLS,NO CONTROLS,CLEAR,DAYLIGHT,PARKED MOTOR VEHICLE,PARKING LOT,,STRAIGHT AND LEVEL,DRY,UNKNOWN,ON SCENE,NO INJURY / DRIVE AWAY,,,,"OVER $1,500",08/18/2025 07:02:00 AM,UNABLE TO DETERMINE,UNABLE TO DETERMINE,1424,W,PERSHING RD,912,,,,,,,2,NO INDICATION OF INJURY,0,0,0,0,0,1,0,7,2,8,41.8233061153,-87.6614933144,POINT (-87.661493314385 41.823306115312)
7fecb95a33aa0557b2fd9bc78e70632c025439604422cff224a902a4e1951cd80762fb230ddf645ed777051c08f73d3e957742f868217d5f0b4445bea9dab68d,Y,08/18/2025 07:00:00 AM,20,NO CONTROLS,NO CONTROLS,CLEAR,DAYLIGHT,PARKED MOTOR VEHICLE,ONE-WAY,,STRAIGHT AND LEVEL,OTHER,OTHER,ON SCENE,INJURY AND / OR TOW DUE TO CRASH,,,,"OVER $1,500",08/18/2025 08:46:00 AM,UNABLE TO DETERMINE,NOT APPLICABLE,824,N,DRAKE AVE,1121,,,,Y,UNKNOWN,Y,2,NO INDICATION OF INJURY,0,0,0,0,0,1,0,7,2,8,41.8962401447,-87.7152653509,POINT (-87.71526535089 41.896240144717)
ad381a3e2e0839e1dec0d0e0cdd29f106860b26f20673094d7094a7cee04b30082b1d8b1dbba3622ff335976a6073fe26f7183d7e83bb04fcc68b5ee08b838b9,,08/18/2025 07:00:00 AM,30,TRAFFIC SIGNAL,FUNCTIONING PROPERLY,CLEAR,DAYLIGHT,REAR END,NOT DIVIDED,,STRAIGHT AND LEVEL,DRY,UNKNOWN,ON SCENE,NO INJURY / DRIVE AWAY,,,,"OVER $1,500",08/18/2025 07:03:00 AM,DISTRACTION - FROM OUTSIDE VEHICLE,NOT APPLICABLE,4415,W,JACKSON BLVD,1131,,,,,,,2,NO INDICATION OF INJURY,0,0,0,0,0,2,0,7,2,8,41.8768482041,-87.736001203,POINT (-87.736001202959 41.876848204114)
d109296a5c4e7ced3b8632ebba92058d00aaaa1e759763dc185a8e8505b51869ce57b05bee75a2d102d44cdf162f67fc6c1b28c02da9e4bafcce108578761bff,Y,08/18/2025 07:00:00 AM,30,NO CONTROLS,NO CONTROLS,UNKNOWN,UNKNOWN,PARKED MOTOR VEHICLE,ONE-WAY,,STRAIGHT AND LEVEL,UNKNOWN,UNKNOWN,NOT ON SCENE (DESK REPORT),NO INJURY / DRIVE AWAY,,,Y,"OVER $1,500",08/18/2025 06:17:00 PM,UNABLE TO DETERMINE,UNABLE TO DETERMINE,3113,N,KOLMAR AVE,2521,,,,,,,2,NO INDICATION OF INJURY,0,0,0,0,0,1,0,7,2,8,41.937520951,-87.7405115438,POINT (-87.740511543811 41.937520950956)
e61137174014affc15d58a37ff73ef73ad51b38c4ab90a8a47948cb405123971d153ccb616dcdc7dee3eaedae1130bd28a21217fd2bc2dedd5fdc7b7552c1c49,,08/18/2025 07:00:00 AM,30,NO CONTROLS,NO CONTROLS,CLEAR,DAYLIGHT,PARKED MOTOR VEHICLE,NOT DIVIDED,,STRAIGHT AND LEVEL,DRY,NO DEFECTS,NOT ON SCENE (DESK REPORT),NO INJURY / DRIVE AWAY,,,Y,"OVER $1,500",08/18/2025 04:15:00 PM,UNABLE TO DETERMINE,UNABLE TO DETERMINE,1839,S,RACINE AVE,1235,,,,,,,2,NO INDICATION OF INJURY,0,0,0,0,0,1,0,7,2,8,41.8567815835,-87.6562473336,POINT (-87.656247333553 41.856781583487)
96d4d6f0175b1c174cd109baf31953b56bc553d6e053e86a7a5915f1b0b1d0c10075e250d3e679ebf399db15f9624656f88d3ffb3a00a661c574cfeacb60740d,,08/18/2025 06:58:00 AM,30,NO CONTROLS,NO CONTROLS,CLEAR,DAYLIGHT,PARKED MOTOR VEHICLE,NOT DIVIDED,,STRAIGHT AND LEVEL,DRY,UNKNOWN,NOT ON SCENE (DESK REPORT),INJURY AND / OR TOW DUE TO CRASH,,,Y,"OVER $1,500",08/18/2025 10:28:00 AM,UNABLE TO DETERMINE,UNABLE TO DETERMINE,6233,N,SAYRE AVE,1611,,,,,,,2,NO INDICATION OF INJURY,0,0,0,0,0,1,0,6,2,8,41.9948664447,-87.8010227593,POINT (-87.801022759333 41.994866444669)
164cb2d79550d208c1fb3dad9aa9c42da539546fff35a776574055bc97d3a37dfb49e26340bb38cd48cba03ff211609933f03165174ddf85947753148deefaa0,,08/18/2025 06:50:00 AM,30,TRAFFIC SIGNAL,NO CONTROLS,CLEAR,DAYLIGHT,SIDESWIPE SAME DIRECTION,DIVIDED - W/MEDIAN (NOT RAISED),,STRAIGHT AND LEVEL,DRY,UNKNOWN,NOT ON SCENE (DESK REPORT),NO INJURY / DRIVE AWAY,,,,"OVER $1,500",08/18/2025 04:40:00 PM,UNABLE TO DETERMINE,UNABLE TO DETERMINE,7700,S,KEDZIE AVE,835,,,,,,,2,NO INDICATION OF INJURY,0,0,0,0,0,2,0,6,2,8,41.75335698,-87.7026425505,POINT (-87.70264255049 41.753356980012)
93f0e18e9d4e8333353b61ffcd429f329be7c6d7fa0a17b07b2a0bd79713fb77955aed6ec1f665fe1c5c56dc0f2720eb680b5b25b375736287c9308165b973b8,,08/18/2025 06:45:00 AM,25,NO CONTROLS,NO CONTROLS,CLEAR,DAYLIGHT,REAR END,ONE-WAY,,STRAIGHT AND LEVEL,DRY,NO DEFECTS,ON SCENE,NO INJURY / DRIVE AWAY,,,,"$501 - $1,500",08/18/2025 06:49:00 AM,IMPROPER BACKING,NOT APPLICABLE,234,E,ERIE ST,1834,,,,,,,2,NO INDICATION OF INJURY,0,0,0,0,0,2,0,6,2,8,41.8942839897,-87.6213273733,POINT (-87.621327373296 41.89428398975)
1cdac4d76311faae87168f1f7e206482fb0f85c102b5c5bbc66d1cec93cd126d114a0687506cfb8c0bd249ce680d66917748fd5ece266fb36e34571606abccfe,,08/18/2025 06:40:00 AM,30,NO CONTROLS,NO CONTROLS,CLOUDY/OVERCAST,DAYLIGHT,PARKED MOTOR VEHICLE,DIVIDED - W/MEDIAN (NOT RAISED),,STRAIGHT AND LEVEL,WET,NO DEFECTS,ON SCENE,NO INJURY / DRIVE AWAY,,,Y,"$501 - $1,500",08/18/2025 06:41:00 AM,FAILING TO REDUCE SPEED TO AVOID CRASH,DRIVING SKILLS/KNOWLEDGE/EXPERIENCE,1220,S,BLUE ISLAND AVE,1232,,,,,,,2,NO INDICATION OF INJURY,0,0,0,0,0,1,0,6,2,8,41.8665121225,-87.6539525023,POINT (-87.653952502343 41.866512122454)
a556fb9b19f143c8231d2e80e717ef8da2d49d874dbdaf51d09ad635ed17cad609536eb054f6753ab762d2562fec55fab9e7e49ef42a0b38d85dafc8042562cd,,08/18/2025 06:30:00 AM,25,STOP SIGN/FLASHER,FUNCTIONING PROPERLY,CLEAR,DAYLIGHT,ANGLE,NOT DIVIDED,,STRAIGHT AND LEVEL,DRY,NO DEFECTS,NOT ON SCENE (DESK REPORT),NO INJURY / DRIVE AWAY,Y,,,"OVER $1,500",08/18/2025 08:00:00 AM,FAILING TO YIELD RIGHT-OF-WAY,NOT APPLICABLE,4300,N,MILWAUKEE AVE,1624,,,,,,,2,NO INDICATION OF INJURY,0,0,0,0,0,2,0,6,2,8,41.9588168193,-87.7530817522,POINT (-87.753081752244 41.958816819255)
2f1b4d2f21f313504d956f54feb11deed3e1278116259f825f68456014f5a62f268cf5e5a3ad1ef4e443a249d7b6cdbdebf12c25ea4ae2b9482c440a1a768c6a,,08/18/2025 06:00:00 AM,20,NO CONTROLS,NO CONTROLS,CLEAR,"DARKNESS, LIGHTED ROAD",PARKED MOTOR VEHICLE,NOT DIVIDED,,STRAIGHT AND LEVEL,UNKNOWN,UNKNOWN,NOT ON SCENE (DESK REPORT),NO INJURY / DRIVE AWAY,,,Y,"$501 - $1,500",08/18/2025 06:00:00 AM,UNABLE TO DETERMINE,UNABLE TO DETERMINE,12433,S,LOWE AVE,523,,,,,,,2,NO INDICATION OF INJURY,0,0,0,0,0,1,0,6,2,8,41.6677653557,-87.6378150533,POINT (-87.637815053323 41.667765355671)
e4abf5924e7cdd5e4badf5ec56ab390b9f33c4e97daef9a51e278fb5d61758d90323f2e0fc106b0573f332947ac3964bab6b9df7575506631f20dbb1dea47917,Y,08/18/2025 06:00:00 AM,30,NO CONTROLS,NO CONTROLS,UNKNOWN,UNKNOWN,PARKED MOTOR VEHICLE,ONE-WAY,,STRAIGHT AND LEVEL,UNKNOWN,NO DEFECTS,NOT ON SCENE (DESK REPORT),NO INJURY / DRIVE AWAY,,,Y,"OVER $1,500",08/18/2025 09:30:00 AM,UNABLE TO DETERMINE,NOT APPLICABLE,8148,S,LAFAYETTE AVE,622,Y,,,,,,2,NO INDICATION OF INJURY,0,0,0,0,0,1,0,6,2,8,41.7458316287,-87.6258311146,POINT (-87.625831114642 41.745831628692)
4be167b9c646e22aba47afb5fea484686ed12360b028dbacf598b15da17318e069a768798e3979876fa8ac384cf0ba80037e3e0f04624d7ab0af832ea8bf3ca4,,08/18/2025 05:29:00 AM,30,TRAFFIC SIGNAL,FUNCTIONING PROPERLY,CLEAR,DAWN,PEDESTRIAN,DIVIDED - W/MEDIAN (NOT RAISED),,STRAIGHT AND LEVEL,DRY,NO DEFECTS,ON SCENE,INJURY AND / OR TOW DUE TO CRASH,,,Y,"OVER $1,500",08/18/2025 05:33:00 AM,UNABLE TO DETERMINE,UNABLE TO DETERMINE,698,N,LAKE SHORE DR,1834,,,,,,,3,INCAPACITATING INJURY,2,0,2,0,0,1,0,5,2,8,41.8949946638,-87.6159924562,POINT (-87.615992456237 41.894994663849)
567105a8bb3c5276f68e9b6a5828b06ccd7b24add50148b27925b64bebfc2eac9b69b573efe2a314d4dc4b66151f728ab2220ceae273838fdc32b1f18f7bc032,,08/18/2025 05:26:00 AM,30,NO CONTROLS,NO CONTROLS,CLEAR,DAYLIGHT,SIDESWIPE SAME DIRECTION,NOT DIVIDED,,STRAIGHT AND LEVEL,DRY,NO DEFECTS,NOT ON SCENE (DESK REPORT),NO INJURY / DRIVE AWAY,,,,"OVER $1,500",08/18/2025 05:55:00 AM,UNABLE TO DETERMINE,UNABLE TO DETERMINE,4061,S,PULASKI RD,821,,,,,,,2,NO INDICATION OF INJURY,0,0,0,0,0,2,0,5,2,8,41.8187865108,-87.7238182207,POINT (-87.723818220678 41.81878651077)