CRASH_RECORD_ID,CRASH_DATE_EST_I,CRASH_DATE,POSTED_SPEED_LIMIT,TRAFFIC_CONTROL_DEVICE,DEVICE_CONDITION,WEATHER_CONDITION,LIGHTING_CONDITION,FIRST_CRASH_TYPE,TRAFFICWAY_TYPE,LANE_CNT,ALIGNMENT,ROADWAY_SURFACE_COND,ROAD_DEFECT,REPORT_TYPE,CRASH_TYPE,INTERSECTION_RELATED_I,NOT_RIGHT_OF_WAY_I,HIT_AND_RUN_I,DAMAGE,DATE_POLICE_NOTIFIED,PRIM_CONTRIBUTORY_CAUSE,SEC_CONTRIBUTORY_CAUSE,STREET_NO,STREET_DIRECTION,STREET_NAME,BEAT_OF_OCCURRENCE,PHOTOS_TAKEN_I,STATEMENTS_TAKEN_I,DOORING_I,WORK_ZONE_I,WORK_ZONE_TYPE,WORKERS_PRESENT_I,NUM_UNITS,MOST_SEVERE_INJURY,INJURIES_TOTAL,INJURIES_FATAL,INJURIES_INCAPACITATING,INJURIES_NON_INCAPACITATING,INJURIES_REPORTED_NOT_EVIDENT,INJURIES_NO_INDICATION,INJURIES_UNKNOWN,CRASH_HOUR,CRASH_DAY_OF_WEEK,CRASH_MONTH,LATITUDE,LONGITUDE,LOCATION
869da1d9636f9c3157b4f28e9568c474c5396595232de63e032513547a959a7ef94b26c6aae371cec59d8e8b8c12e95247dccd1bdfa48d078bbd2eb3e43a2cfc,,08/18/2025 05:25:00 AM,25,NO CONTROLS,NO CONTROLS,RAIN,DAWN,FIXED OBJECT,DIVIDED - W/MEDIAN (NOT RAISED),,STRAIGHT AND LEVEL,WET,NO DEFECTS,ON SCENE,INJURY AND / OR TOW DUE TO CRASH,,,,"OVER $1,500",08/18/2025 05:30:00 AM,DRIVING SKILLS/KNOWLEDGE/EXPERIENCE,NOT APPLICABLE,8110,S,ELLIOTT AVE,414,,,,,,,1,NO INDICATION OF INJURY,0,0,0,0,0,1,0,5,2,8,41.7475607448,-87.5801938401,POINT (-87.580193840119 41.747560744829)
1a7d3a94ace39a476ab1582b89f2b3b0b6eafd338268c5eb033f212c965597d0836d57d68afeb8b4272622c838b58a6340ac6c9e3b4e0287b2880438162ea9fe,,08/18/2025 05:20:00 AM,25,NO CONTROLS,NO CONTROLS,CLEAR,"DARKNESS, LIGHTED ROAD",ANGLE,NOT DIVIDED,,STRAIGHT AND LEVEL,DRY,NO DEFECTS,NOT ON SCENE (DESK REPORT),NO INJURY / DRIVE AWAY,,,,"OVER $1,500",08/18/2025 08:10:00 PM,UNABLE TO DETERMINE,UNABLE TO DETERMINE,2964,W,46TH ST,922,,,,,,,2,NO INDICATION OF INJURY,0,0,0,0,0,2,0,5,2,8,41.8101293411,-87.6990928662,POINT (-87.699092866213 41.810129341142)
ef87136c770e1cb08bba81d7c90cba3fef60524ddb5e58c4dd5c7c9f67fe2e64bde7493c1b2b48419fa0fe5663db5020383911d780d4ef8f178ad91f36b08fde,,08/18/2025 05:20:00 AM,30,TRAFFIC SIGNAL,FUNCTIONING PROPERLY,CLEAR,"DARKNESS, LIGHTED ROAD",ANGLE,FOUR WAY,,STRAIGHT AND LEVEL,DRY,NO DEFECTS,NOT ON SCENE (DESK REPORT),INJURY AND / OR TOW DUE TO CRASH,Y,,Y,"OVER $1,500",08/21/2025 03:00:00 PM,DISREGARDING TRAFFIC SIGNALS,NOT APPLICABLE,1000,N,CICERO AVE,1531,,,,,,,2,NO INDICATION OF INJURY,0,0,0,0,0,2,0,5,2,8,41.8987298306,-87.7460387132,POINT (-87.746038713154 41.898729830606)
c969ae78267a4db89956f8f90a372d6abc7ad38a80cb310a5f6dba5a10fd43590b7fcd8306c7168ce3f1d0cfc8285ed30f7486b6a8bd4da20b5aafa827605d18,,08/18/2025 05:00:00 AM,30,NO CONTROLS,NO CONTROLS,CLEAR,"DARKNESS, LIGHTED ROAD",PEDESTRIAN,NOT DIVIDED,,STRAIGHT AND LEVEL,DRY,NO DEFECTS,ON SCENE,INJURY AND / OR TOW DUE TO CRASH,,,Y,"OVER $1,500",08/18/2025 05:15:00 AM,DRIVING SKILLS/KNOWLEDGE/EXPERIENCE,NOT APPLICABLE,401,N,KILBOURN AVE,1111,,,,,,,2,INCAPACITATING INJURY,1,0,1,0,0,1,0,5,2,8,41.8876466764,-87.7380138743,POINT (-87.738013874295 41.88764667643)
42adfaa26f113d83bcc47c866b05c70610ec42bcf3dfee0daa19527574cd15369d9a1d8d5308d012a0346242c183c23663cdeae5ae4478ab46de061fec17a751,Y,08/18/2025 04:30:00 AM,30,NO CONTROLS,NO CONTROLS,CLOUDY/OVERCAST,DAWN,PARKED MOTOR VEHICLE,NOT DIVIDED,,STRAIGHT AND LEVEL,DRY,NO DEFECTS,ON SCENE,NO INJURY / DRIVE AWAY,,,Y,"OVER $1,500",08/18/2025 07:25:00 AM,DRIVING SKILLS/KNOWLEDGE/EXPERIENCE,UNABLE TO DETERMINE,1204,W,15TH ST,1233,,,,,,,2,NO INDICATION OF INJURY,0,0,0,0,0,1,0,4,2,8,41.8617129029,-87.6567680267,POINT (-87.656768026673 41.861712902906)
c955b198b7ea4b5e301e95d5df165ded3e7ccd406b7fd0eeb80e9189e4115b10214c223d86665030a292b1ea67fc1580d29577f8221f5d3290870154292da30e,,08/18/2025 04:00:00 AM,35,NO CONTROLS,NO CONTROLS,CLEAR,"DARKNESS, LIGHTED ROAD",PARKED MOTOR VEHICLE,ALLEY,,STRAIGHT AND LEVEL,DRY,NO DEFECTS,ON SCENE,NO INJURY / DRIVE AWAY,,,Y,"$501 - $1,500",08/19/2025 03:00:00 PM,UNABLE TO DETERMINE,NOT APPLICABLE,7827,S,JEFFERY BLVD,414,,,,,,,2,NO INDICATION OF INJURY,0,0,0,0,0,1,0,4,2,8,41.752601476,-87.5758611855,POINT (-87.575861185539 41.752601475983)
e504e681e5d7f1c7fa43f45bb3f59701072e01b3995d1e540eae96b01299e854494becb26a428cf77910e4985118558b7a59c456460edde1ed90bb5d9fb81318,,08/18/2025 03:41:00 AM,20,NO CONTROLS,NO CONTROLS,CLEAR,"DARKNESS, LIGHTED ROAD",PARKED MOTOR VEHICLE,ONE-WAY,,STRAIGHT AND LEVEL,DRY,UNKNOWN,ON SCENE,INJURY AND / OR TOW DUE TO CRASH,,,Y,"OVER $1,500",08/18/2025 04:02:00 AM,UNABLE TO DETERMINE,NOT APPLICABLE,3802,W,LE MOYNE ST,2535,,,,,,,2,NO INDICATION OF INJURY,0,0,0,0,0,1,0,3,2,8,41.9082336136,-87.7217581784,POINT (-87.721758178448 41.908233613626)
955e764ca0563412cec9d89772760585f66b1dafa2039d4eece92d5e40c5c05fffa5e122187e8a80fc65233d83d917d421655111eab3722495cc13b849ab38f1,,08/18/2025 03:30:00 AM,25,NO CONTROLS,NO CONTROLS,CLEAR,"DARKNESS, LIGHTED ROAD",PARKED MOTOR VEHICLE,NOT DIVIDED,,STRAIGHT AND LEVEL,DRY,UNKNOWN,NOT ON SCENE (DESK REPORT),NO INJURY / DRIVE AWAY,,,Y,"OVER $1,500",08/18/2025 12:30:00 PM,UNABLE TO DETERMINE,UNABLE TO DETERMINE,3416,W,55TH ST,822,,,,,,,2,NO INDICATION OF INJURY,0,0,0,0,0,1,0,3,2,8,41.7935397196,-87.7091998914,POINT (-87.709199891395 41.793539719604)
972981c73a177cd2031398e9d57808270910728dae01b315bc163bc16375b8d5de1f6857a0699e63faf4045e86b0c6c74c52500422e5194628c109de7016128c,,08/18/2025 03:15:00 AM,30,TRAFFIC SIGNAL,FUNCTIONING PROPERLY,CLEAR,"DARKNESS, LIGHTED ROAD",ANGLE,DIVIDED - W/MEDIAN (NOT RAISED),,STRAIGHT AND LEVEL,DRY,NO DEFECTS,ON SCENE,INJURY AND / OR TOW DUE TO CRASH,Y,,Y,"OVER $1,500",08/18/2025 03:15:00 AM,DISREGARDING OTHER TRAFFIC SIGNS,NOT APPLICABLE,4800,W,LEXINGTON ST,1533,,Y,,,,,2,NONINCAPACITATING INJURY,1,0,0,1,0,1,0,3,2,8,41.8712890495,-87.7450014716,POINT (-87.745001471603 41.871289049458)
ce42834407656f38529b27cedbbe18cb13a7461b4eb8ed5ad4dfd12521595478921875d97d6f5db8f6f0e5914ae6ace9185f82ae487b444a3d6104ca3b706abd,,08/18/2025 02:58:00 AM,30,NO CONTROLS,NO CONTROLS,CLEAR,"DARKNESS, LIGHTED ROAD",FIXED OBJECT,NOT DIVIDED,,STRAIGHT AND LEVEL,DRY,NO DEFECTS,ON SCENE,INJURY AND / OR TOW DUE TO CRASH,,,,"OVER $1,500",08/18/2025 02:59:00 AM,UNABLE TO DETERMINE,NOT APPLICABLE,13422,S,BRAINARD AVE,433,,,,,,,1,NO INDICATION OF INJURY,0,0,0,0,0,1,0,2,2,8,41.6510915333,-87.549485721,POINT (-87.549485721002 41.651091533322)
0f382400905b48595b0a95fac9131e01ba56ec9394c4bb0dcdcb7d2ee02fb39787b54bdb8b7c9bd1c4b8587b8725154a3bc601d6696e2ac24cbfa5c257a58116,,08/18/2025 02:34:00 AM,30,NO CONTROLS,NO CONTROLS,CLEAR,"DARKNESS, LIGHTED ROAD",FIXED OBJECT,NOT DIVIDED,,STRAIGHT AND LEVEL,DRY,NO DEFECTS,ON SCENE,INJURY AND / OR TOW DUE TO CRASH,,,,$500 OR LESS,08/18/2025 02:58:00 AM,IMPROPER TURNING/NO SIGNAL,DRIVING SKILLS/KNOWLEDGE/EXPERIENCE,7850,S,SOUTH CHICAGO AVE,411,,,,,,,1,INCAPACITATING INJURY,2,0,2,0,0,0,0,2,2,8,41.7518034652,-87.586214866,POINT (-87.586214866037 41.75180346518)
65ccb70ade3454a444e02ac368e79b3f29571ba6639da36f5c9922ac945caece6c17ad5ec99e08be41bc4134864f172f1617c115e9abf1119565521cc176a980,,08/18/2025 02:28:00 AM,25,TRAFFIC SIGNAL,FUNCTIONING PROPERLY,CLEAR,"DARKNESS, LIGHTED ROAD",ANGLE,FOUR WAY,,STRAIGHT AND LEVEL,DRY,NO DEFECTS,ON SCENE,INJURY AND / OR TOW DUE TO CRASH,Y,,,"OVER $1,500",08/18/2025 02:31:00 AM,DRIVING ON WRONG SIDE/WRONG WAY,DRIVING ON WRONG SIDE/WRONG WAY,39,W,ONTARIO ST,1832,,,,,,,2,NO INDICATION OF INJURY,0,0,0,0,0,2,0,2,2,8,41.8931405287,-87.629614165,POINT (-87.629614164999 41.893140528749)
3373279ad8a0ad8f8b8ea7af9b66493d59f9aee1c98162fc780cbada986496a5130244e095ff4f4c6473f44bf1ef4eeca0bf0ea6429a0db2c94e09303cc518f4,,08/18/2025 02:00:00 AM,30,UNKNOWN,UNKNOWN,CLEAR,DARKNESS,TURNING,DIVIDED - W/MEDIAN (NOT RAISED),,STRAIGHT AND LEVEL,UNKNOWN,UNKNOWN,NOT ON SCENE (DESK REPORT),NO INJURY / DRIVE AWAY,,,Y,"$501 - $1,500",08/18/2025 03:08:00 AM,DRIVING SKILLS/KNOWLEDGE/EXPERIENCE,UNABLE TO DETERMINE,601,S,CICERO AVE,1131,,,,,,,2,NO INDICATION OF INJURY,0,0,0,0,0,2,0,2,2,8,41.8731001533,-87.7448502264,POINT (-87.744850226374 41.873100153311)
acdb353f14d5edf0a61bfb7cfa186def5a411980f4ab69176b9899ffa05e6d5c6af7ef896fa1c1bbe1d8d30e8de13ae9c3ecadbbd2d467a9a570a34c36901682,,08/18/2025 02:00:00 AM,30,UNKNOWN,UNKNOWN,UNKNOWN,DARKNESS,OTHER OBJECT,NOT DIVIDED,,STRAIGHT AND LEVEL,UNKNOWN,UNKNOWN,NOT ON SCENE (DESK REPORT),NO INJURY / DRIVE AWAY,,,,"OVER $1,500",08/18/2025 01:44:00 PM,UNABLE TO DETERMINE,UNABLE TO DETERMINE,3700,W,HARRISON ST,1133,,,,,,,1,NO INDICATION OF INJURY,0,0,0,0,0,1,0,2,2,8,41.873632662,-87.7181459115,POINT (-87.718145911534 41.87363266202)
f9cd6433a1fdc08df825146b207f4df7f317ea2ade868dba7cc50c24d76e3de3406f3204bb9836ce09d79c2d24ec6abe4835464a33c6c82e8064bc19bb2d3562,,08/18/2025 01:30:00 AM,30,NO CONTROLS,NO CONTROLS,CLEAR,"DARKNESS, LIGHTED ROAD",PARKED MOTOR VEHICLE,DIVIDED - W/MEDIAN (NOT RAISED),,STRAIGHT AND LEVEL,DRY,NO DEFECTS,NOT ON SCENE (DESK REPORT),NO INJURY / DRIVE AWAY,,,,"OVER $1,500",08/18/2025 02:50:00 AM,IMPROPER OVERTAKING/PASSING,NOT APPLICABLE,5720,W,GRAND AVE,2515,,,,,,,2,NO INDICATION OF INJURY,0,0,0,0,0,1,0,1,2,8,41.9194795552,-87.7691208425,POINT (-87.769120842547 41.919479555202)
8ffbe088d440bccdf7fef2563a58a2fcaa6564a92329e9b2697364b47a0bab5750618e3c35ce13855c971147a0a03549618b90df5ce3f035e0e5137185dbe967,,08/18/2025 01:20:00 AM,30,STOP SIGN/FLASHER,FUNCTIONING PROPERLY,CLEAR,"DARKNESS, LIGHTED ROAD",HEAD ON,NOT DIVIDED,,STRAIGHT AND LEVEL,DRY,NO DEFECTS,ON SCENE,INJURY AND / OR TOW DUE TO CRASH,Y,,,"OVER $1,500",08/18/2025 01:20:00 AM,NOT APPLICABLE,NOT APPLICABLE,211,S,CENTRAL AVE,1522,,Y,,,,,2,"REPORTED, NOT EVIDENT",2,0,0,0,2,1,0,1,2,8,41.877457051,-87.7646142857,POINT (-87.76461428575 41.877457050996)
7f5b7a60029bdfb8afe6c9bd162725cc1a12bc9088f6198a39942135aee8fdfe4db3636f8549c911081e5fe432b20941401c6a0e3e8ebf40ac5c7d3cb75501a7,,08/18/2025 01:17:00 AM,30,TRAFFIC SIGNAL,UNKNOWN,CLEAR,"DARKNESS, LIGHTED ROAD",REAR END,FOUR WAY,,STRAIGHT AND LEVEL,DRY,UNKNOWN,NOT ON SCENE (DESK REPORT),NO INJURY / DRIVE AWAY,Y,,Y,"OVER $1,500",08/18/2025 02:13:00 AM,FOLLOWING TOO CLOSELY,FOLLOWING TOO CLOSELY,1559,N,LA SALLE DR,1821,,,,,,,2,NO INDICATION OF INJURY,0,0,0,0,0,2,0,1,2,8,41.9108475306,-87.6329928483,POINT (-87.632992848256 41.910847530641)
a2e71cacf9e8d71b57615e2ff6655314c50b7dc464f221cd22e13e3ff04c6fc1ff544664e35658be4cfadc2191b5e7507a0f9f6ed1e7a01ffbffca1c923269f7,Y,08/18/2025 01:00:00 AM,10,NO CONTROLS,NO CONTROLS,CLEAR,DARKNESS,FIXED OBJECT,ALLEY,,STRAIGHT AND LEVEL,DRY,NO DEFECTS,ON SCENE,NO INJURY / DRIVE AWAY,,,Y,"OVER $1,500",08/18/2025 08:30:00 AM,UNABLE TO DETERMINE,UNABLE TO DETERMINE,3710,W,HURON ST,1112,,,,,,,1,NO INDICATION OF INJURY,0,0,0,0,0,1,0,1,2,8,41.8937048837,-87.7192187856,POINT (-87.719218785559 41.893704883657)
1d07a6737bb4035b6c9e8483a9cf8bd59257d3ad7f64ffc42758c94a0c864af6c68ce1929502f7c915fdc3e717374a7fcf4debddbccfdc27ca8a00bf882999e1,,08/18/2025 12:55:00 AM,30,NO CONTROLS,NO CONTROLS,CLEAR,DARKNESS,REAR TO FRONT,PARKING LOT,,STRAIGHT AND LEVEL,UNKNOWN,UNKNOWN,NOT ON SCENE (DESK REPORT),NO INJURY / DRIVE AWAY,,,,"OVER $1,500",08/18/2025 02:57:00 PM,UNABLE TO DETERMINE,NOT APPLICABLE,1831,W,DEVON AVE,2433,,,,,,,2,NO INDICATION OF INJURY,0,0,0,0,0,2,0,0,2,8,41.9978564374,-87.676425026,POINT (-87.676425026021 41.997856437422)
1523ee753de22c03ae82f289038ac17cb88c6b46a415c922dce271e66dae9eb19c5e1e2d6c69f2e5372332fbc4cc16e22f5c5c81ea5b38d5e24ef18b0c96a104,,08/18/2025 12:48:00 AM,25,TRAFFIC SIGNAL,FUNCTIONING PROPERLY,CLEAR,"DARKNESS, LIGHTED ROAD",TURNING,NOT DIVIDED,,STRAIGHT AND LEVEL,DRY,NO DEFECTS,ON SCENE,INJURY AND / OR TOW DUE TO CRASH,,,,"OVER $1,500",08/18/2025 12:48:00 AM,IMPROPER TURNING/NO SIGNAL,DISTRACTION - FROM OUTSIDE VEHICLE,758,W,79TH ST,621,,Y,,,,,2,NO INDICATION OF INJURY,0,0,0,0,0,4,0,0,2,8,41.7507532944,-87.6439861005,POINT (-87.643986100541 41.750753294448)
ce51abb5588c00890c44d741365c71cfc1515b4cfab2dc90245a74f67152ae75935f61e89ed9383d64753009921716c22723b0e4a04c26745f1b2857f753b099,,08/18/2025 12:32:00 AM,30,TRAFFIC SIGNAL,FUNCTIONING IMPROPERLY,CLEAR,"DARKNESS, LIGHTED ROAD",PEDESTRIAN,DIVIDED - W/MEDIAN (NOT RAISED),,STRAIGHT AND LEVEL,DRY,NO DEFECTS,ON SCENE,INJURY AND / OR TOW DUE TO CRASH,,,Y,"OVER $1,500",08/18/2025 12:33:00 AM,FOLLOWING TOO CLOSELY,UNABLE TO DETERMINE,3758,W,CHICAGO AVE,1112,,,,,,,2,NONINCAPACITATING INJURY,2,0,0,2,0,0,0,0,2,8,41.8955233638,-87.721132686,POINT (-87.721132685999 41.895523363774)
a930e36f62a7e35c635ca715478b20dffb0acda362ecf608d53f6ea3fb1db949719c2ae9b4ab4dcdb3aca8ce5c2af54632e3427128cb7cbbb472fc6d6cd343f1,,08/18/2025 12:30:00 AM,20,NO CONTROLS,NO CONTROLS,CLEAR,"DARKNESS, LIGHTED ROAD",FIXED OBJECT,NOT DIVIDED,,STRAIGHT AND LEVEL,DRY,NO DEFECTS,ON SCENE,INJURY AND / OR TOW DUE TO CRASH,,,,"OVER $1,500",08/18/2025 12:31:00 AM,IMPROPER OVERTAKING/PASSING,NOT APPLICABLE,4100,S,PULASKI RD,815,,,,,,,1,NO INDICATION OF INJURY,0,0,0,0,0,2,0,0,2,8,41.818349017,-87.7240964055,POINT (-87.724096405469 41.818349016985)
b3de071daf9838e2299112087bc930c2fa30330dc48a0d5cad2f3824e57c91d28d76ba0da47677dcc250eab6dbe69632cfe9c4ffdee55d302266c7c8105f8d71,,08/18/2025 12:28:00 AM,5,UNKNOWN,UNKNOWN,CLEAR,"DARKNESS, LIGHTED ROAD",PEDESTRIAN,PARKING LOT,,STRAIGHT AND LEVEL,DRY,NO DEFECTS,ON SCENE,INJURY AND / OR TOW DUE TO CRASH,,,Y,$500 OR LESS,08/18/2025 12:48:00 AM,NOT APPLICABLE,NOT APPLICABLE,4804,W,MADISON ST,1533,,,,,,,2,NONINCAPACITATING INJURY,1,0,0,1,0,1,0,0,2,8,41.8806045073,-87.7455398422,POINT (-87.74553984217 41.880604507281)
93b0e570a621f3d72d93abbe0d1fdf5c8e50de6f8955dce520958cd6cb0304d2e5d516ea35312a7cb35afe57937491d720b18e96cc985561aac1afc4a023f9d8,,08/18/2025 12:25:00 AM,30,TRAFFIC SIGNAL,OTHER,CLEAR,"DARKNESS, LIGHTED ROAD",PARKED MOTOR VEHICLE,DIVIDED - W/MEDIAN (NOT RAISED),,STRAIGHT AND LEVEL,DRY,NO DEFECTS,ON SCENE,INJURY AND / OR TOW DUE TO CRASH,,,,"OVER $1,500",08/18/2025 01:04:00 AM,IMPROPER LANE USAGE,UNABLE TO DETERMINE,1513,N,WESTERN AVE,1424,,,,,,,4,NO INDICATION OF INJURY,0,0,0,0,0,1,0,0,2,8,41.9089255229,-87.6870376504,POINT (-87.687037650382 41.908925522938)
5a51307d8d8ae05db31500943a14ed5bb786886d87f7fa65560b4d31ef9a17db5a90260310dba091ee9cb50171895581c4aeba7002550e7b89334539b417404d,,08/18/2025 12:24:00 AM,30,NO CONTROLS,NO CONTROLS,CLEAR,"DARKNESS, LIGHTED ROAD",TURNING,DIVIDED - W/MEDIAN (NOT RAISED),,STRAIGHT AND LEVEL,DRY,NO DEFECTS,ON SCENE,INJURY AND / OR TOW DUE TO CRASH,,,,"OVER $1,500",08/18/2025 12:28:00 AM,IMPROPER TURNING/NO SIGNAL,IMPROPER TURNING/NO SIGNAL,9620,S,AVENUE L,432,,,,,,,2,NO INDICATION OF INJURY,0,0,0,0,0,2,0,0,2,8,41.720683732,-87.5366441074,POINT (-87.536644107447 41.720683731954)
347a7b8c2e7da445a0cb29e53721bc7fad4196dada12f11d0466602472a340866d463315bc5b5b83893795bdcc139d4153b25644befaf2d71ba0ad8dffa1b02c,,08/18/2025 12:18:00 AM,30,NO CONTROLS,NO CONTROLS,CLEAR,DARKNESS,PEDESTRIAN,DIVIDED - W/MEDIAN (NOT RAISED),,STRAIGHT AND LEVEL,DRY,NO DEFECTS,ON SCENE,INJURY AND / OR TOW DUE TO CRASH,,,,"$501 - $1,500",08/18/2025 12:18:00 AM,NOT APPLICABLE,NOT APPLICABLE,5341,S,KEDZIE AVE,923,,,,,,,2,INCAPACITATING INJURY,1,0,1,0,0,1,0,0,2,8,41.7959566947,-87.7034796043,POINT (-87.703479604334 41.795956694699)
0139b4c5805211169bb2794826b44b725ad58e935139bbc12b209cd04888d2dfa1728413a550cc5fc5cf76ca7f5e4be530aa653854b7e68160b90d77f5f4c35c,,08/18/2025 12:08:00 AM,30,NO CONTROLS,NO CONTROLS,CLEAR,"DARKNESS, LIGHTED ROAD",PARKED MOTOR VEHICLE,ONE-WAY,,STRAIGHT AND LEVEL,DRY,NO DEFECTS,,INJURY AND / OR TOW DUE TO CRASH,,,,"OVER $1,500",08/18/2025 12:09:00 AM,EQUIPMENT - VEHICLE CONDITION,UNABLE TO DETERMINE,2034,W,CRYSTAL ST,1424,,,,,,,3,NO INDICATION OF INJURY,0,0,0,0,0,1,0,0,2,8,41.9042050531,-87.678698087,POINT (-87.678698087004 41.904205053083)
bc5d32cf769402a54ffaaa8a44a9bfb308cf53a7ed26628caf1da692e33064733ac3687921b3eef4a606c3ce2d1cc64d838d665198c2e1a95b638f1ed1aec0ed,Y,08/18/2025 12:05:00 AM,30,NO CONTROLS,NO CONTROLS,CLEAR,"DARKNESS, LIGHTED ROAD",PARKED MOTOR VEHICLE,NOT DIVIDED,,STRAIGHT AND LEVEL,DRY,NO DEFECTS,ON SCENE,INJURY AND / OR TOW DUE TO CRASH,,,Y,"OVER $1,500",08/18/2025 12:33:00 AM,DISREGARDING STOP SIGN,NOT APPLICABLE,2034,W,JACKSON BLVD,1225,,,,,,,3,NO INDICATION OF INJURY,0,0,0,0,0,1,0,0,2,8,41.8775818842,-87.6779934943,POINT (-87.677993494255 41.877581884164)
5fb584416342815f593e0302c3ad98cd336978649dd2a3d9ebd7e137db33f2ef1241879ed01bc0a1112a9655fb7dc9e38089af78f8cb1fb4927a1f0ab20ba673,,08/18/2025 12:01:00 AM,30,TRAFFIC SIGNAL,FUNCTIONING PROPERLY,CLEAR,"DARKNESS, LIGHTED ROAD",SIDESWIPE SAME DIRECTION,NOT DIVIDED,,STRAIGHT AND LEVEL,DRY,NO DEFECTS,NOT ON SCENE (DESK REPORT),NO INJURY / DRIVE AWAY,,,,"OVER $1,500",08/18/2025 12:50:00 AM,UNABLE TO DETERMINE,NOT APPLICABLE,5155,N,KIMBALL AVE,1713,,,,,,,2,NO INDICATION OF INJURY,0,0,0,0,0,2,0,0,2,8,41.9754916774,-87.7134095457,POINT (-87.713409545706 41.975491677384)
31d01822ad64fead3911eda23ff9c7d54f53bbbf428ebd03b463a163f5306dced3c7be4c5efa55d1bfdfbbecc67526f82c4ee1874d146238f9d592b275b019ef,,08/18/2025 12:00:00 AM,35,NO CONTROLS,NO CONTROLS,CLEAR,"DARKNESS, LIGHTED ROAD",TURNING,NOT DIVIDED,,STRAIGHT AND LEVEL,DRY,NO DEFECTS,ON SCENE,NO INJURY / DRIVE AWAY,,,,"OVER $1,500",08/18/2025 12:04:00 AM,FOLLOWING TOO CLOSELY,UNABLE TO DETERMINE,6201,S,CICERO AVE,813,,,,,,,2,NO INDICATION OF INJURY,0,0,0,0,0,2,0,0,2,8,41.7801681289,-87.7422010621,POINT (-87.742201062053 41.78016812889)
ad7b93507001bb6ae20b2a778f976013ae5fa8db41b00bbb710ba589dcae3f2186161fa336976ca00393f9a94c63193888bbf0f454ac60241a7c7c2ef92dfb91,,08/17/2025 11:56:00 PM,25,NO CONTROLS,NO CONTROLS,CLEAR,"DARKNESS, LIGHTED ROAD",ANGLE,NOT DIVIDED,,STRAIGHT AND LEVEL,DRY,NO DEFECTS,,INJURY AND / OR TOW DUE TO CRASH,,,Y,"OVER $1,500",08/18/2025 12:00:00 AM,FAILING TO YIELD RIGHT-OF-WAY,FAILING TO YIELD RIGHT-OF-WAY,3957,W,NORTH AVE,2535,Y,,,,,,3,NONINCAPACITATING INJURY,2,0,0,1,1,4,0,23,1,8,41.9097776626,-87.7262764569,POINT (-87.726276456932 41.909777662641)
6a15da58af0ee70ae7dbaa57cec4b194154fa885a0eba785c9bfec1bc53238a3e01779940faa7e1e3890cd719e428a40d5f4a883c09fda24cdad2e0e02670fd2,,08/17/2025 11:50:00 PM,30,NO CONTROLS,NO CONTROLS,CLEAR,"DARKNESS, LIGHTED ROAD",REAR END,DIVIDED - W/MEDIAN (NOT RAISED),,STRAIGHT AND LEVEL,DRY,UNKNOWN,NOT ON SCENE (DESK REPORT),NO INJURY / DRIVE AWAY,,,Y,"OVER $1,500",08/18/2025 12:05:00 AM,UNABLE TO DETERMINE,UNABLE TO DETERMINE,3029,N,OAK PARK AVE,2511,,,,,,,2,NO INDICATION OF INJURY,0,0,0,0,0,2,0,23,1,8,41.9354119033,-87.7954635507,POINT (-87.795463550666 41.93541190328)
839ad53e6d97fe3abfd6a3e59b873a7c94f2fce80161592f86a39382f7db9936afdca4588b5c9e771bc523cf9a338bc240a455c67f2749c577cb3d55ab9a3560,,08/17/2025 11:27:00 PM,30,NO CONTROLS,NO CONTROLS,CLEAR,"DARKNESS, LIGHTED ROAD",TURNING,NOT DIVIDED,,STRAIGHT AND LEVEL,DRY,NO DEFECTS,ON SCENE,INJURY AND / OR TOW DUE TO CRASH,,,,"OVER $1,500",08/17/2025 11:34:00 PM,FAILING TO YIELD RIGHT-OF-WAY,IMPROPER TURNING/NO SIGNAL,6524,S,DR MARTIN LUTHER KING JR DR,312,,,,,,,2,NONINCAPACITATING INJURY,1,0,0,1,0,1,0,23,1,8,41.7758340858,-87.6156624577,POINT (-87.615662457741 41.775834085773)
87dd2fe5bd201a8429bd549a42bb94dd015762d88ed637cb855503cbf5e1358748a0738fe33241c117ea60af5721b59ed19ab643fabf4cf16f5a66fbb314ac9b,,08/17/2025 10:40:00 PM,30,OTHER,FUNCTIONING PROPERLY,CLEAR,"DARKNESS, LIGHTED ROAD",TURNING,DIVIDED - W/MEDIAN BARRIER,,STRAIGHT AND LEVEL,DRY,NO DEFECTS,NOT ON SCENE (DESK REPORT),NO INJURY / DRIVE AWAY,,,,"$501 - $1,500",08/17/2025 11:37:00 PM,IMPROPER TURNING/NO SIGNAL,NOT APPLICABLE,300,E,ROOSEVELT DR,114,,,,,,,2,NO INDICATION OF INJURY,0,0,0,0,0,2,0,22,1,8,41.8676234285,-87.6203323993,POINT (-87.62033239926 41.867623428526)
d266ecf8db00e756ede52efff2bf74704558492478854a7961d0771151a161b97db5f2c923964ae3b913b8ea345980c72b5e0685401c55e5bac7d3b9e3923e3c,,08/17/2025 10:40:00 PM,30,NO CONTROLS,NO CONTROLS,CLEAR,"DARKNESS, LIGHTED ROAD",SIDESWIPE SAME DIRECTION,DIVIDED - W/MEDIAN (NOT RAISED),,STRAIGHT AND LEVEL,DRY,NO DEFECTS,,NO INJURY / DRIVE AWAY,,,,"OVER $1,500",08/17/2025 11:34:00 PM,FOLLOWING TOO CLOSELY,FOLLOWING TOO CLOSELY,1400,S,LAKE SHORE DR SB,132,,,,,,,2,NO INDICATION OF INJURY,0,0,0,0,0,2,0,22,1,8,41.8640356398,-87.6192970692,POINT (-87.619297069192 41.864035639814)