CRASH_RECORD_ID,CRASH_DATE_EST_I,CRASH_DATE,POSTED_SPEED_LIMIT,TRAFFIC_CONTROL_DEVICE,DEVICE_CONDITION,WEATHER_CONDITION,LIGHTING_CONDITION,FIRST_CRASH_TYPE,TRAFFICWAY_TYPE,LANE_CNT,ALIGNMENT,ROADWAY_SURFACE_COND,ROAD_DEFECT,REPORT_TYPE,CRASH_TYPE,INTERSECTION_RELATED_I,NOT_RIGHT_OF_WAY_I,HIT_AND_RUN_I,DAMAGE,DATE_POLICE_NOTIFIED,PRIM_CONTRIBUTORY_CAUSE,SEC_CONTRIBUTORY_CAUSE,STREET_NO,STREET_DIRECTION,STREET_NAME,BEAT_OF_OCCURRENCE,PHOTOS_TAKEN_I,STATEMENTS_TAKEN_I,DOORING_I,WORK_ZONE_I,WORK_ZONE_TYPE,WORKERS_PRESENT_I,NUM_UNITS,MOST_SEVERE_INJURY,INJURIES_TOTAL,INJURIES_FATAL,INJURIES_INCAPACITATING,INJURIES_NON_INCAPACITATING,INJURIES_REPORTED_NOT_EVIDENT,INJURIES_NO_INDICATION,INJURIES_UNKNOWN,CRASH_HOUR,CRASH_DAY_OF_WEEK,CRASH_MONTH,LATITUDE,LONGITUDE,LOCATION
f7390d01bafaf203f28afccb7ee2a4b085461497adf04408e5f5e0075edf4dd37fc6de979739a974c73448bdd6d3c6cb89a0c87170336b0c5c7565d9abf1cf25,,08/17/2025 10:40:00 PM,30,NO CONTROLS,NO CONTROLS,CLEAR,"DARKNESS, LIGHTED ROAD",TURNING,DIVIDED - W/MEDIAN (NOT RAISED),,STRAIGHT AND LEVEL,DRY,NO DEFECTS,NOT ON SCENE (DESK REPORT),NO INJURY / DRIVE AWAY,,,Y,"$501 - $1,500",08/18/2025 06:30:00 AM,FAILING TO YIELD RIGHT-OF-WAY,FAILING TO YIELD RIGHT-OF-WAY,611,S,CLARK ST,123,,,,,,,2,NO INDICATION OF INJURY,0,0,0,0,0,2,0,22,1,8,41.8742878934,-87.6305210353,POINT (-87.630521035342 41.874287893439)
a5adba3b9cfdcfbb2451e9d3c4f17afdde8958178db983a59f93bb2324e47c2ac7856ca5c3b66277b80f0a9ff14457a830ad92fce2ccb581bf1fcf1c1a8d1f06,,08/17/2025 10:24:00 PM,30,UNKNOWN,UNKNOWN,UNKNOWN,UNKNOWN,REAR END,NOT DIVIDED,,STRAIGHT AND LEVEL,UNKNOWN,UNKNOWN,NOT ON SCENE (DESK REPORT),NO INJURY / DRIVE AWAY,,,Y,"OVER $1,500",08/25/2025 11:30:00 AM,UNABLE TO DETERMINE,NOT APPLICABLE,700,S,LAKE SHORE DR SB,114,,,,,,,2,NO INDICATION OF INJURY,0,0,0,0,0,2,0,22,1,8,41.873190589,-87.6174581402,POINT (-87.617458140248 41.873190589037)
f28e0d96f2ec0670c2a067028da7d6d98a4437936c22d9b89719e85266b45ed36735d3953a83aa98afb4a66b9535cfa6af9e5be01a676b7b6e9fe8654a5d4d45,,08/17/2025 10:11:00 PM,30,NO CONTROLS,NO CONTROLS,CLEAR,"DARKNESS, LIGHTED ROAD",SIDESWIPE SAME DIRECTION,DIVIDED - W/MEDIAN (NOT RAISED),,STRAIGHT AND LEVEL,DRY,NO DEFECTS,ON SCENE,NO INJURY / DRIVE AWAY,,,Y,"OVER $1,500",08/17/2025 10:22:00 PM,IMPROPER LANE USAGE,IMPROPER OVERTAKING/PASSING,1601,W,95TH ST,2213,,,,,,,2,NO INDICATION OF INJURY,0,0,0,0,0,2,0,22,1,8,41.7211049087,-87.662718867,POINT (-87.662718866958 41.721104908742)
81e9bc6ae547863fef39cb0eed3c06a15490d601d3b136d0e9aa36af1218fbf28bdf32f13c92107b80e1104f3c949c1c2b9a5f87bf7e66facc4c3446a52d32d8,,08/17/2025 10:10:00 PM,30,TRAFFIC SIGNAL,FUNCTIONING PROPERLY,CLEAR,"DARKNESS, LIGHTED ROAD",SIDESWIPE SAME DIRECTION,DIVIDED - W/MEDIAN (NOT RAISED),,STRAIGHT AND LEVEL,DRY,NO DEFECTS,,NO INJURY / DRIVE AWAY,Y,,,"OVER $1,500",08/17/2025 10:30:00 PM,IMPROPER OVERTAKING/PASSING,IMPROPER LANE USAGE,7900,S,VINCENNES AVE,621,,,,,,,2,NO INDICATION OF INJURY,0,0,0,0,0,3,0,22,1,8,41.7507503867,-87.6343843454,POINT (-87.634384345423 41.750750386696)
08f6957022d0df0d95b4a7b0bd8620b84eeac922685a5906afa1bdd244d405ba559e7c44ef98db3c5ccfe58ca8632298e0e8d991695721c5e5f27ac7a530503f,,08/17/2025 10:01:00 PM,15,UNKNOWN,UNKNOWN,UNKNOWN,UNKNOWN,SIDESWIPE OPPOSITE DIRECTION,PARKING LOT,,STRAIGHT AND LEVEL,UNKNOWN,UNKNOWN,NOT ON SCENE (DESK REPORT),NO INJURY / DRIVE AWAY,,Y,,"$501 - $1,500",08/18/2025 12:08:00 PM,UNABLE TO DETERMINE,UNABLE TO DETERMINE,8740,S,LAFAYETTE AVE,634,,,,,,,2,NO INDICATION OF INJURY,0,0,0,0,0,2,0,22,1,8,41.734880619,-87.6255519406,POINT (-87.625551940557 41.734880618955)
95b481568b20a048d80c94672a66da496c811f0577eb7dd112a18fe2a8642ae963a1116c30e268a98dbf97ece9535d26acef2f7d15d756a04f1fa00884225817,,08/17/2025 10:00:00 PM,30,STOP SIGN/FLASHER,UNKNOWN,CLEAR,DARKNESS,SIDESWIPE SAME DIRECTION,NOT DIVIDED,,STRAIGHT AND LEVEL,UNKNOWN,UNKNOWN,NOT ON SCENE (DESK REPORT),NO INJURY / DRIVE AWAY,,,Y,"OVER $1,500",08/18/2025 11:57:00 AM,UNABLE TO DETERMINE,UNABLE TO DETERMINE,7258,S,YATES BLVD,334,,,,,,,2,NO INDICATION OF INJURY,0,0,0,0,0,5,0,22,1,8,41.76270834,-87.5665990444,POINT (-87.566599044434 41.762708340045)
a0d85a784d3d89a4b66246c34d2545a480801243c9a829d0c78483b96faa5e2c31ac90c06644b627c60401b68b055fa4d713ee5313d282800fef013c821eb0bb,N,08/17/2025 10:00:00 PM,30,NO CONTROLS,NO CONTROLS,UNKNOWN,"DARKNESS, LIGHTED ROAD",PARKED MOTOR VEHICLE,NOT DIVIDED,,STRAIGHT AND LEVEL,UNKNOWN,UNKNOWN,ON SCENE,NO INJURY / DRIVE AWAY,,,Y,"OVER $1,500",08/18/2025 09:04:00 AM,UNABLE TO DETERMINE,UNABLE TO DETERMINE,634,W,45TH ST,925,,,,,,,5,NO INDICATION OF INJURY,0,0,0,0,0,1,0,22,1,8,41.8126947347,-87.6421424689,POINT (-87.642142468888 41.812694734666)
af2107ef617373a3c7fad6e5272f8794bfeb23d9885946ff5469922e0dfe3573ae9fda7d3f967e1025d3935638fefe5bbc29240016679716a914890b9fec7fc2,,08/17/2025 09:44:00 PM,30,NO CONTROLS,NO CONTROLS,CLEAR,"DARKNESS, LIGHTED ROAD",TURNING,DIVIDED - W/MEDIAN (NOT RAISED),,STRAIGHT AND LEVEL,DRY,NO DEFECTS,ON SCENE,INJURY AND / OR TOW DUE TO CRASH,,,Y,"$501 - $1,500",08/17/2025 10:51:00 PM,FAILING TO REDUCE SPEED TO AVOID CRASH,NOT APPLICABLE,2010,N,PULASKI RD,2525,,,,,,,2,NONINCAPACITATING INJURY,2,0,0,2,0,1,0,21,1,8,41.9175028577,-87.7267195283,POINT (-87.726719528297 41.917502857725)
0927ee86f24c261008d07452d9ec6236f4273f202a65b2909d81117a509735a81bf1625ee2b27d3ddd2b804917805975b25b5e742479fde1f40cbd4651876fe8,,08/17/2025 09:40:00 PM,25,PEDESTRIAN CROSSING SIGN,FUNCTIONING PROPERLY,CLEAR,"DARKNESS, LIGHTED ROAD",PEDESTRIAN,FOUR WAY,,STRAIGHT AND LEVEL,DRY,NO DEFECTS,,INJURY AND / OR TOW DUE TO CRASH,Y,,Y,"OVER $1,500",08/17/2025 09:40:00 PM,FAILING TO YIELD RIGHT-OF-WAY,FAILING TO REDUCE SPEED TO AVOID CRASH,2700,W,PETERSON AVE,2413,,Y,,,,,3,NONINCAPACITATING INJURY,2,0,0,2,0,2,0,21,1,8,41.9905658534,-87.6970285427,POINT (-87.697028542746 41.990565853358)
4e8b56b119dd4e8c1c88181aec139ce105f412f0587dceae49f274f0e7054c8cd3c089bcb1011b5deb351f032e3c1cf9584826122b7c7c4361e3821cde722a84,,08/17/2025 09:30:00 PM,30,NO CONTROLS,NO CONTROLS,CLEAR,DARKNESS,TURNING,FOUR WAY,,STRAIGHT AND LEVEL,DRY,UNKNOWN,NOT ON SCENE (DESK REPORT),INJURY AND / OR TOW DUE TO CRASH,Y,,,"OVER $1,500",08/17/2025 11:00:00 PM,UNABLE TO DETERMINE,UNABLE TO DETERMINE,7600,S,NORMAL AVE,621,,,,,,,2,NONINCAPACITATING INJURY,1,0,0,1,0,2,0,21,1,8,41.7561237182,-87.637015693,POINT (-87.637015692998 41.756123718188)
e945a5735ebe90e612f2b7fff041642adbbe9e35dc716ade7889e517cb84e2fb5d0f391df4a62c3ff47040bb0a6cdddfdc91e62dce5541196885f75e02de65a3,,08/17/2025 09:23:00 PM,30,TRAFFIC SIGNAL,FUNCTIONING PROPERLY,CLEAR,"DARKNESS, LIGHTED ROAD",TURNING,FOUR WAY,,STRAIGHT AND LEVEL,DRY,UNKNOWN,ON SCENE,NO INJURY / DRIVE AWAY,Y,,,"OVER $1,500",08/17/2025 09:23:00 PM,FAILING TO YIELD RIGHT-OF-WAY,NOT APPLICABLE,5701,S,KEDZIE AVE,824,,,,,,,2,NO INDICATION OF INJURY,0,0,0,0,0,4,0,21,1,8,41.7897946297,-87.7033054669,POINT (-87.703305466913 41.789794629715)
339f6a2eb583ca98deeb4e76706392eb751ba1f0dda3730bfc5f008de878375a411c38c1004c3aa56d26ef713c835d7907060a6c08175d4b718a6ced28b41e3e,,08/17/2025 09:20:00 PM,30,TRAFFIC SIGNAL,FUNCTIONING PROPERLY,CLEAR,"DARKNESS, LIGHTED ROAD",TURNING,FOUR WAY,,STRAIGHT AND LEVEL,DRY,UNKNOWN,NOT ON SCENE (DESK REPORT),INJURY AND / OR TOW DUE TO CRASH,Y,,Y,"$501 - $1,500",08/17/2025 09:50:00 PM,UNABLE TO DETERMINE,UNABLE TO DETERMINE,498,W,ROOSEVELT RD,124,,,,,,,2,"REPORTED, NOT EVIDENT",1,0,0,0,1,1,0,21,1,8,41.8673634931,-87.6391370885,POINT (-87.63913708847 41.867363493083)
6dd00ebb892004b57cb2e1bb938233fcfda8aa385e5033a7937a5d48962898789a72cb05d0ddcab52e62ce2e7ade8c1c0c377fb886b4264b59e9fb4663a4fd8c,,08/17/2025 09:20:00 PM,30,TRAFFIC SIGNAL,FUNCTIONING PROPERLY,CLEAR,"DARKNESS, LIGHTED ROAD",TURNING,FOUR WAY,,STRAIGHT AND LEVEL,DRY,UNKNOWN,ON SCENE,INJURY AND / OR TOW DUE TO CRASH,Y,,Y,"OVER $1,500",08/17/2025 09:26:00 PM,FAILING TO YIELD RIGHT-OF-WAY,IMPROPER LANE USAGE,99,E,ROOSEVELT RD,131,,,,,,,2,NONINCAPACITATING INJURY,1,0,0,1,0,1,0,21,1,8,41.8673463992,-87.6242154676,POINT (-87.624215467554 41.867346399243)
07b4cecbaf3903728c312fc5b3c9bb01fc822bb121c4be3f25faebdb60f284fbeb992556d0ac5223e042c5390bdfb200c9e123adc09cefe75e586c55d639fb70,,08/17/2025 09:19:00 PM,30,NO CONTROLS,NO CONTROLS,CLEAR,DUSK,PARKED MOTOR VEHICLE,OTHER,,STRAIGHT AND LEVEL,DRY,NO DEFECTS,ON SCENE,NO INJURY / DRIVE AWAY,,,Y,"OVER $1,500",08/17/2025 09:19:00 PM,NOT APPLICABLE,NOT APPLICABLE,5200,S,CHRISTIANA AVE,822,,,,,,,14,NO INDICATION OF INJURY,0,0,0,0,0,1,0,21,1,8,41.7988491222,-87.7075314878,POINT (-87.707531487839 41.798849122206)
a009d7ed0ef292d35cb81db406aaab44e6ffa74eff0dbcacd510c4e61bd45771e73d12ba071f2b929a886aff1d68b4e59e8b66571d7393c462eaa6f6cd924223,,08/17/2025 09:15:00 PM,30,TRAFFIC SIGNAL,FUNCTIONING PROPERLY,CLEAR,"DARKNESS, LIGHTED ROAD",SIDESWIPE SAME DIRECTION,NOT DIVIDED,,STRAIGHT AND LEVEL,DRY,NO DEFECTS,ON SCENE,NO INJURY / DRIVE AWAY,,,,$500 OR LESS,08/17/2025 10:07:00 PM,UNABLE TO DETERMINE,UNABLE TO DETERMINE,6700,S,COTTAGE GROVE AVE,321,,,,,,,2,NO INDICATION OF INJURY,0,0,0,0,0,2,0,21,1,8,41.7730478219,-87.6059130529,POINT (-87.605913052872 41.773047821886)
3262e0e209ed38cc26214c3bdb77a28133c1494c5dabb3f5802da9f112806e6044ea2435f0c4eabd81f429d92caef82eddb22e18652fe24b6ff1bc023a38eb46,,08/17/2025 09:00:00 PM,30,TRAFFIC SIGNAL,FUNCTIONING PROPERLY,CLEAR,"DARKNESS, LIGHTED ROAD",REAR END,DIVIDED - W/MEDIAN (NOT RAISED),,STRAIGHT AND LEVEL,DRY,NO DEFECTS,NOT ON SCENE (DESK REPORT),NO INJURY / DRIVE AWAY,,,Y,"OVER $1,500",08/17/2025 11:00:00 PM,UNABLE TO DETERMINE,NOT APPLICABLE,5000,S,PULASKI RD,815,,,,,,,2,NO INDICATION OF INJURY,0,0,0,0,0,2,0,21,1,8,41.8022262411,-87.7235681506,POINT (-87.7235681506 41.802226241093)
b91ac947b98e3f731a34706716a788d142c4d288f6829a9df0a1f31638fa495ea1a70b1cff2fd7879344b716317b95936bf79d24e97a34530701a553f7049b6c,,08/17/2025 09:00:00 PM,30,TRAFFIC SIGNAL,UNKNOWN,UNKNOWN,"DARKNESS, LIGHTED ROAD",TURNING,FOUR WAY,,STRAIGHT AND LEVEL,UNKNOWN,UNKNOWN,NOT ON SCENE (DESK REPORT),NO INJURY / DRIVE AWAY,,,,"OVER $1,500",08/18/2025 04:55:00 PM,UNABLE TO DETERMINE,UNABLE TO DETERMINE,1599,E,MARQUETTE RD,321,,,,,,,2,NO INDICATION OF INJURY,0,0,0,0,0,2,0,21,1,8,41.7750648184,-87.586416575,POINT (-87.586416575049 41.775064818416)
eb594e0b57cb8dca5618d72bb2ad0a7ee7054ec67423674af6e3c5a791397515cbd9f5f87bcdab2e3912e97884c63cfeb61d40db98634f6a2f1b85a0f09b1e2d,,08/17/2025 09:00:00 PM,30,TRAFFIC SIGNAL,FUNCTIONING PROPERLY,CLEAR,"DARKNESS, LIGHTED ROAD",TURNING,FOUR WAY,,STRAIGHT AND LEVEL,DRY,UNKNOWN,,INJURY AND / OR TOW DUE TO CRASH,Y,,,"OVER $1,500",08/17/2025 09:01:00 PM,NOT APPLICABLE,NOT APPLICABLE,600,S,CICERO AVE,1533,,,,,,,2,NONINCAPACITATING INJURY,5,0,0,5,0,1,0,21,1,8,41.8730948325,-87.7451438688,POINT (-87.745143868845 41.873094832519)
1eebb64611cfefb000b70c0e3e029508766bd293bc6e7b00786224daa621c2ca6c1d94c84e23c564c76299479562d97a93f70215a8b925feaef1e8411e0ebac6,Y,08/17/2025 08:50:00 PM,30,TRAFFIC SIGNAL,FUNCTIONING PROPERLY,CLEAR,"DARKNESS, LIGHTED ROAD",TURNING,FOUR WAY,,STRAIGHT AND LEVEL,DRY,NO DEFECTS,ON SCENE,INJURY AND / OR TOW DUE TO CRASH,Y,,,"OVER $1,500",08/17/2025 09:07:00 PM,FAILING TO YIELD RIGHT-OF-WAY,FAILING TO YIELD RIGHT-OF-WAY,5159,N,CICERO AVE,1712,,,,,,,2,INCAPACITATING INJURY,1,0,1,0,0,1,0,20,1,8,41.9752573377,-87.7478414338,POINT (-87.747841433843 41.975257337683)
9dda04934f24a3577f10307e68bc15bd0b1f65703ae401c2ecf06cfa146a59ac92a185d998f7bc7c0e248196b2946aaba44823c74f1409cd6188a3006e23d10a,,08/17/2025 08:50:00 PM,30,STOP SIGN/FLASHER,UNKNOWN,CLEAR,DARKNESS,FIXED OBJECT,FOUR WAY,,STRAIGHT AND LEVEL,DRY,NO DEFECTS,ON SCENE,INJURY AND / OR TOW DUE TO CRASH,Y,,,"OVER $1,500",08/17/2025 08:50:00 PM,DRIVING SKILLS/KNOWLEDGE/EXPERIENCE,NOT APPLICABLE,3992,S,LAKE PARK AVE,214,,,,,,,1,NO INDICATION OF INJURY,0,0,0,0,0,1,0,20,1,8,41.8225662473,-87.6025305154,POINT (-87.602530515442 41.822566247344)
c3a2413ccfcb8880be689740cc6aa4238fce4fb4405e2d37e25bd69056dbceec9977b9dd19cfda31bb78b7c3aa58a91b68996677d531d4afcf1d20dd4e9febbe,,08/17/2025 08:45:00 PM,20,NO CONTROLS,NO CONTROLS,UNKNOWN,"DARKNESS, LIGHTED ROAD",SIDESWIPE SAME DIRECTION,ONE-WAY,,STRAIGHT AND LEVEL,UNKNOWN,UNKNOWN,NOT ON SCENE (DESK REPORT),NO INJURY / DRIVE AWAY,,,Y,"$501 - $1,500",08/18/2025 11:55:00 AM,IMPROPER OVERTAKING/PASSING,NOT APPLICABLE,3,W,TERMINAL ST,1653,,,,,,,2,NO INDICATION OF INJURY,0,0,0,0,0,2,0,20,1,8,,,
b6988f12a49cb0f6292d2585a882e653da9e0cdcc6d1ee7651ec4da3dbb0c31f723aaf0203a395b49ea078ddd35d0f552d7cdf43b154824ca1f5db720a49c70e,,08/17/2025 08:31:00 PM,20,NO CONTROLS,NO CONTROLS,CLEAR,DUSK,SIDESWIPE SAME DIRECTION,ONE-WAY,,"CURVE, LEVEL",DRY,UNKNOWN,ON SCENE,NO INJURY / DRIVE AWAY,,,,"OVER $1,500",08/17/2025 08:45:00 PM,DISREGARDING ROAD MARKINGS,NOT APPLICABLE,3,W,TERMINAL ST,1653,,,,,,,2,NO INDICATION OF INJURY,0,0,0,0,0,2,0,20,1,8,,,
9dd62523fceb946dfd767a9d7620d0ea6be1d0747d17ad5d706c3d53ecab9e12e036897671d05d09d64df1bdf3e47c15ffce1bed880dfce9329687dfa550e5e3,,08/17/2025 08:30:00 PM,30,NO CONTROLS,NO CONTROLS,CLEAR,"DARKNESS, LIGHTED ROAD",PARKED MOTOR VEHICLE,NOT DIVIDED,,STRAIGHT AND LEVEL,DRY,WORN SURFACE,ON SCENE,INJURY AND / OR TOW DUE TO CRASH,,,Y,"OVER $1,500",08/17/2025 08:35:00 PM,IMPROPER LANE USAGE,"OPERATING VEHICLE IN ERRATIC, RECKLESS, CARELESS, NEGLIGENT OR AGGRESSIVE MANNER",2812,S,ARCHER AVE,913,,,,,,,4,NO INDICATION OF INJURY,0,0,0,0,0,1,0,20,1,8,41.8433509992,-87.6546896117,POINT (-87.654689611732 41.843350999237)
caf7590bcceb8e0816467e6ccfef4d029601e9d4e656f90f70c4685e646c78953e93f9452e9984af0c0dd51fcc671c038d9999a6fa99aa73e858b3b7f2a9f133,,08/17/2025 08:10:00 PM,30,NO CONTROLS,NO CONTROLS,CLEAR,DARKNESS,REAR TO FRONT,OTHER,,STRAIGHT AND LEVEL,DRY,UNKNOWN,ON SCENE,NO INJURY / DRIVE AWAY,,Y,Y,"$501 - $1,500",08/17/2025 08:26:00 PM,NOT APPLICABLE,NOT APPLICABLE,7400,S,HALSTED ST,733,,,,,,,2,NO INDICATION OF INJURY,0,0,0,0,0,3,0,20,1,8,41.7596745819,-87.6444202389,POINT (-87.644420238889 41.759674581874)
5942d360a07970220a5bf264fe3401cfa89fe2f422f53c78f70fbce5b54cfd299e499fb2587922f7486f523a0e4005a2163549d5dcd1d31120daedba4b10b03c,,08/17/2025 08:06:00 PM,30,NO CONTROLS,NO CONTROLS,CLEAR,"DARKNESS, LIGHTED ROAD",PEDESTRIAN,DRIVEWAY,,STRAIGHT AND LEVEL,DRY,NO DEFECTS,ON SCENE,INJURY AND / OR TOW DUE TO CRASH,,,,"OVER $1,500",08/17/2025 08:07:00 PM,"VISION OBSCURED (SIGNS, TREE LIMBS, BUILDINGS, ETC.)",UNABLE TO DETERMINE,7507,S,STONY ISLAND AVE,411,,Y,N,,,,2,NONINCAPACITATING INJURY,1,0,0,1,0,1,0,20,1,8,41.758548262,-87.5855872096,POINT (-87.585587209635 41.758548261959)
b53e99fd5d0d20399f655ce7ab06a2f87b35570d1c2be1f3d3ab223d5af9dcc3090647810a3a0660ebed64142f1d2e77bf07f8ea8c46981f3720506808489265,,08/17/2025 08:05:00 PM,25,UNKNOWN,UNKNOWN,CLEAR,DARKNESS,PARKED MOTOR VEHICLE,NOT DIVIDED,,STRAIGHT AND LEVEL,UNKNOWN,UNKNOWN,NOT ON SCENE (DESK REPORT),NO INJURY / DRIVE AWAY,,,,"$501 - $1,500",08/17/2025 09:30:00 PM,DRIVING SKILLS/KNOWLEDGE/EXPERIENCE,UNABLE TO DETERMINE,1204,N,HAMLIN AVE,2535,,,,,,,2,NO INDICATION OF INJURY,0,0,0,0,0,1,0,20,1,8,41.9028808277,-87.7215822842,POINT (-87.721582284225 41.902880827694)
e71ad2c5c8fbb9cc38890444506125b67ea5c0a59ecd32b54757c814027537d435c16fbca708cbec83c1790db80bc224308c787eee40160fe8025a688706ad94,,08/17/2025 08:05:00 PM,10,NO CONTROLS,NO CONTROLS,CLEAR,"DARKNESS, LIGHTED ROAD",PARKED MOTOR VEHICLE,ALLEY,,STRAIGHT AND LEVEL,DRY,NO DEFECTS,ON SCENE,NO INJURY / DRIVE AWAY,,,,$500 OR LESS,08/17/2025 08:10:00 PM,FAILING TO YIELD RIGHT-OF-WAY,NOT APPLICABLE,1414,W,MORSE AVE,2431,,,,,,,2,NO INDICATION OF INJURY,0,0,0,0,0,1,0,20,1,8,42.0080053606,-87.6665674865,POINT (-87.666567486505 42.008005360561)
450f9e5c2951bc6e97085630d9274c8f1b56c9b36dd1040514f0bd18d8fe69ca42cf3f02874e5d50a59dd4c99e8b3bc604675c3ba114bad0307627d8a5005470,,08/17/2025 08:00:00 PM,30,NO CONTROLS,NO CONTROLS,UNKNOWN,UNKNOWN,PARKED MOTOR VEHICLE,NOT DIVIDED,,STRAIGHT AND LEVEL,UNKNOWN,UNKNOWN,NOT ON SCENE (DESK REPORT),NO INJURY / DRIVE AWAY,,,Y,"$501 - $1,500",08/20/2025 02:25:00 PM,UNABLE TO DETERMINE,UNABLE TO DETERMINE,430,N,CLARK ST,1831,,,,,,,2,NO INDICATION OF INJURY,0,0,0,0,0,2,0,20,1,8,41.890058266,-87.6312298874,POINT (-87.631229887382 41.890058266028)
6cb73dbcacb818d27f5ea2f10e119817b6ae29ff58708c7c636444df72f9f6889a77d516bb61aa355680b1dfdfb383d10ff413491c317195a7c3570cf58fdd5a,,08/17/2025 07:55:00 PM,20,UNKNOWN,UNKNOWN,CLEAR,DAWN,PEDALCYCLIST,OTHER,,STRAIGHT AND LEVEL,DRY,UNKNOWN,ON SCENE,INJURY AND / OR TOW DUE TO CRASH,,,,"OVER $1,500",08/17/2025 07:58:00 PM,UNABLE TO DETERMINE,UNABLE TO DETERMINE,2309,W,LAWRENCE AVE,1911,,,,,,,2,NONINCAPACITATING INJURY,1,0,0,1,0,1,0,19,1,8,41.968531574,-87.6868436539,POINT (-87.686843653899 41.968531573989)
2be48f196b634d57a4a96790ca7bee7c9a3fb24496a777aab5661f3b8fa21fd80c0ceead8027555da9fc9e814014413519d8b8221303a4fed8715fc1d0e763fb,,08/17/2025 07:40:00 PM,25,TRAFFIC SIGNAL,FUNCTIONING PROPERLY,CLEAR,"DARKNESS, LIGHTED ROAD",SIDESWIPE SAME DIRECTION,DIVIDED - W/MEDIAN (NOT RAISED),,STRAIGHT AND LEVEL,DRY,NO DEFECTS,ON SCENE,NO INJURY / DRIVE AWAY,,,,"OVER $1,500",08/17/2025 07:41:00 PM,IMPROPER OVERTAKING/PASSING,UNABLE TO DETERMINE,3998,N,SHERIDAN RD,1923,,,,,,,2,NO INDICATION OF INJURY,0,0,0,0,0,2,0,19,1,8,41.95444078,-87.6546905219,POINT (-87.654690521897 41.954440779964)
4a8c5097dc48df8bb2ca16501b56770fb3cb448276e6aef152c93b809bfe1d6fe58508e0103b214d4401918952091c3103face0d49a870dbf05973633b801021,,08/17/2025 07:30:00 PM,30,TRAFFIC SIGNAL,FUNCTIONING PROPERLY,CLEAR,UNKNOWN,REAR END,FOUR WAY,,STRAIGHT AND LEVEL,DRY,NO DEFECTS,NOT ON SCENE (DESK REPORT),NO INJURY / DRIVE AWAY,Y,,,$500 OR LESS,08/19/2025 02:08:00 PM,FOLLOWING TOO CLOSELY,NOT APPLICABLE,798,N,PULASKI RD,1111,,,,,,,2,NO INDICATION OF INJURY,0,0,0,0,0,2,0,19,1,8,41.8952730984,-87.7262241731,POINT (-87.726224173135 41.895273098443)
924225a040bce9438af14163fe16f8e7443dc2649d6c3de7e0250900d6a1937b309efa87d8018db84f713b2f12fbb1879b9a9f071837889eb157938ac3627482,,08/17/2025 07:30:00 PM,25,UNKNOWN,UNKNOWN,UNKNOWN,UNKNOWN,REAR END,NOT DIVIDED,,STRAIGHT AND LEVEL,UNKNOWN,UNKNOWN,NOT ON SCENE (DESK REPORT),NO INJURY / DRIVE AWAY,,,,"OVER $1,500",08/25/2025 11:30:00 AM,UNABLE TO DETERMINE,NOT APPLICABLE,5600,N,SHERIDAN RD,2022,,,,,,,2,NO INDICATION OF INJURY,0,0,0,0,0,2,0,19,1,8,41.9838860408,-87.6553423514,POINT (-87.655342351398 41.983886040841)
15aab2a296900f123c24a9ec8399a7040b50d97b26c7d834e295d593a159c59349b076f4deb9f5d1f5015b9dd75b7e77e55085b49fefb7881a30ae8007cf8c90,,08/17/2025 07:26:00 PM,30,NO CONTROLS,NO CONTROLS,CLEAR,DAYLIGHT,FIXED OBJECT,DIVIDED - W/MEDIAN (NOT RAISED),,STRAIGHT AND LEVEL,DRY,UNKNOWN,ON SCENE,INJURY AND / OR TOW DUE TO CRASH,,,,"OVER $1,500",08/17/2025 08:30:00 PM,UNABLE TO DETERMINE,UNABLE TO DETERMINE,2351,W,99TH ST,2213,,,,,,,1,NO INDICATION OF INJURY,0,0,0,0,0,2,0,19,1,8,41.7135427029,-87.6815134564,POINT (-87.681513456438 41.713542702912)
4870cb7629cbaf1a42e5d4f4df65e7928767ccf68e1aff4bc2977f4b82e8274565171afae0029f245b58dff8497aecb7407ff07dba151b1f442de361f9c17070,,08/17/2025 07:25:00 PM,30,TRAFFIC SIGNAL,FUNCTIONING PROPERLY,CLEAR,DAYLIGHT,ANGLE,TRAFFIC ROUTE,,STRAIGHT AND LEVEL,DRY,NO DEFECTS,ON SCENE,INJURY AND / OR TOW DUE TO CRASH,Y,,,"OVER $1,500",08/17/2025 07:30:00 PM,DISREGARDING TRAFFIC SIGNALS,DISREGARDING TRAFFIC SIGNALS,9500,S,STATE ST,511,,,,,,,2,NONINCAPACITATING INJURY,4,0,0,4,0,1,0,19,1,8,41.7215707064,-87.6238733539,POINT (-87.623873353867 41.721570706446)
47c856489ff578ab71c60e1e5156370e2a5c86a17233cad426d2b41a114be6a86a8d298952e9bffbcc148ac00dd8a053f9b46d2200f07cf650d0cf08bc253109,,08/17/2025 07:16:00 PM,25,TRAFFIC SIGNAL,FUNCTIONING PROPERLY,CLEAR,DAYLIGHT,TURNING,NOT DIVIDED,,STRAIGHT AND LEVEL,DRY,NO DEFECTS,ON SCENE,INJURY AND / OR TOW DUE TO CRASH,Y,,Y,"OVER $1,500",08/17/2025 07:38:00 PM,CELL PHONE USE OTHER THAN TEXTING,FAILING TO YIELD RIGHT-OF-WAY,11100,S,MICHIGAN AVE,531,,Y,,,,,2,"REPORTED, NOT EVIDENT",1,0,0,0,1,1,0,19,1,8,41.6925597626,-87.6211936954,POINT (-87.621193695398 41.692559762592)