CRASH_RECORD_ID,CRASH_DATE_EST_I,CRASH_DATE,POSTED_SPEED_LIMIT,TRAFFIC_CONTROL_DEVICE,DEVICE_CONDITION,WEATHER_CONDITION,LIGHTING_CONDITION,FIRST_CRASH_TYPE,TRAFFICWAY_TYPE,LANE_CNT,ALIGNMENT,ROADWAY_SURFACE_COND,ROAD_DEFECT,REPORT_TYPE,CRASH_TYPE,INTERSECTION_RELATED_I,NOT_RIGHT_OF_WAY_I,HIT_AND_RUN_I,DAMAGE,DATE_POLICE_NOTIFIED,PRIM_CONTRIBUTORY_CAUSE,SEC_CONTRIBUTORY_CAUSE,STREET_NO,STREET_DIRECTION,STREET_NAME,BEAT_OF_OCCURRENCE,PHOTOS_TAKEN_I,STATEMENTS_TAKEN_I,DOORING_I,WORK_ZONE_I,WORK_ZONE_TYPE,WORKERS_PRESENT_I,NUM_UNITS,MOST_SEVERE_INJURY,INJURIES_TOTAL,INJURIES_FATAL,INJURIES_INCAPACITATING,INJURIES_NON_INCAPACITATING,INJURIES_REPORTED_NOT_EVIDENT,INJURIES_NO_INDICATION,INJURIES_UNKNOWN,CRASH_HOUR,CRASH_DAY_OF_WEEK,CRASH_MONTH,LATITUDE,LONGITUDE,LOCATION
f710a753a4a1eb0265361b07ac2adcfcae8118df21d6ea38044c2c073a29617b546488f64f39f6f5ae6562a59f8b1016e0c610b31e1654f2a825e8c383e57536,,08/17/2025 07:15:00 PM,30,NO CONTROLS,NO CONTROLS,CLEAR,DAYLIGHT,PARKED MOTOR VEHICLE,NOT DIVIDED,,STRAIGHT AND LEVEL,DRY,NO DEFECTS,NOT ON SCENE (DESK REPORT),NO INJURY / DRIVE AWAY,,,,"OVER $1,500",08/24/2025 02:00:00 PM,UNABLE TO DETERMINE,NOT APPLICABLE,9031,S,ASHLAND AVE,2221,Y,,,,,,2,NO INDICATION OF INJURY,0,0,0,0,0,1,0,19,1,8,41.7293644193,-87.6627296539,POINT (-87.662729653882 41.729364419314)
1cdd3201396ec316d5d4064d8fe65adc74cabe5b2ef08ed5e2f8993e4a5ea9331000f3e595d94c0a1411b205ec7324021149273fcf0dcbe8ebdb80d78be05859,,08/17/2025 07:00:00 PM,30,NO CONTROLS,NO CONTROLS,CLEAR,UNKNOWN,PEDALCYCLIST,NOT DIVIDED,,STRAIGHT AND LEVEL,UNKNOWN,UNKNOWN,NOT ON SCENE (DESK REPORT),INJURY AND / OR TOW DUE TO CRASH,,,Y,"$501 - $1,500",08/21/2025 10:10:00 AM,UNABLE TO DETERMINE,NOT APPLICABLE,3230,S,KEDZIE AVE,1032,,,,,,,2,"REPORTED, NOT EVIDENT",1,0,0,0,1,1,0,19,1,8,41.8343466838,-87.7048890748,POINT (-87.704889074772 41.834346683764)
5adff6d5aefa4e24513b577298af8e0ec923d12374cffa9ca417611c4600b97084e854ed63959cde68444fb1234faa5ea0ae5bbe1be61a791efb0dc55ef52724,,08/17/2025 07:00:00 PM,30,NO CONTROLS,NO CONTROLS,CLEAR,DAYLIGHT,REAR END,NOT DIVIDED,,STRAIGHT AND LEVEL,DRY,NO DEFECTS,ON SCENE,NO INJURY / DRIVE AWAY,,,,"OVER $1,500",08/17/2025 07:25:00 PM,FOLLOWING TOO CLOSELY,UNABLE TO DETERMINE,4701,W,DEVON AVE,1711,,,,,,,3,NO INDICATION OF INJURY,0,0,0,0,0,8,0,19,1,8,41.9971687443,-87.7459813295,POINT (-87.745981329474 41.997168744337)
6312600dcc0e3c31cfd2b04c4be518a6f67c3fa94db3412b9b98d1d7957127dbc8f2fb5f5a95943bac4a95309d89898e70e144cf0f1ed5ea9c0a99ff2654bb13,,08/17/2025 07:00:00 PM,40,NO CONTROLS,NO CONTROLS,CLEAR,DAYLIGHT,SIDESWIPE SAME DIRECTION,OTHER,,"CURVE, LEVEL",DRY,NO DEFECTS,ON SCENE,NO INJURY / DRIVE AWAY,,,,"OVER $1,500",08/17/2025 07:05:00 PM,DRIVING SKILLS/KNOWLEDGE/EXPERIENCE,DRIVING SKILLS/KNOWLEDGE/EXPERIENCE,5821,S,LAKE SHORE DR,331,,,,,,,2,NO INDICATION OF INJURY,0,0,0,0,0,2,0,19,1,8,41.7894815272,-87.5781118902,POINT (-87.578111890187 41.78948152716)
93ec185efe05f7efe1464c76346b5434a4f6deebcaf874b3bed052a87fbf1d8a2e901f00e93475aadbd41dee2dbcddf45a342fceb8f2d4b6153d247ae010134e,,08/17/2025 06:45:00 PM,35,TRAFFIC SIGNAL,FUNCTIONING PROPERLY,CLEAR,DAYLIGHT,SIDESWIPE SAME DIRECTION,ONE-WAY,,STRAIGHT AND LEVEL,DRY,NO DEFECTS,ON SCENE,NO INJURY / DRIVE AWAY,,,,"OVER $1,500",08/17/2025 06:49:00 PM,UNABLE TO DETERMINE,UNABLE TO DETERMINE,3125,S,LA SALLE ST,211,,,,,,,2,NO INDICATION OF INJURY,0,0,0,0,0,2,0,18,1,8,41.837471639,-87.6298667991,POINT (-87.629866799143 41.837471639048)
1430c17074483fdfbf3f21fbfb34e5eca91613b20f5c9e8ff4ee24076d13198d991332da158a6f2bc1c769f2d4c62d9d613ac3ea9d7ce56c3def8a17397bd943,,08/17/2025 06:30:00 PM,30,STOP SIGN/FLASHER,FUNCTIONING PROPERLY,CLEAR,DUSK,FIXED OBJECT,FOUR WAY,,STRAIGHT AND LEVEL,DRY,NO DEFECTS,ON SCENE,NO INJURY / DRIVE AWAY,Y,,,"OVER $1,500",08/17/2025 06:57:00 PM,DRIVING SKILLS/KNOWLEDGE/EXPERIENCE,PHYSICAL CONDITION OF DRIVER,8000,S,ASHLAND AVE,611,,,,,,,1,NO INDICATION OF INJURY,0,0,0,0,0,1,0,18,1,8,41.7484348028,-87.6635335749,POINT (-87.663533574894 41.748434802843)
1f1790ed520352eb3f587fe53857182a94b95babfa2023b97666bbc14c24077c2478b128c3040783f0dbab8be050d1b9fdaa8944f6b2d222288afffce9494cd8,,08/17/2025 06:30:00 PM,30,TRAFFIC SIGNAL,UNKNOWN,UNKNOWN,UNKNOWN,REAR END,NOT DIVIDED,,STRAIGHT AND LEVEL,UNKNOWN,UNKNOWN,NOT ON SCENE (DESK REPORT),NO INJURY / DRIVE AWAY,,,,"OVER $1,500",08/18/2025 01:31:00 PM,UNABLE TO DETERMINE,UNABLE TO DETERMINE,30,W,CHICAGO AVE,1832,,,,,,,2,NO INDICATION OF INJURY,0,0,0,0,0,4,0,18,1,8,41.8967697344,-87.6294483545,POINT (-87.629448354514 41.896769734399)
267a75e55ab916d854d6aca4e3071f81a7076bbc8cb49e22232a06bad0a6bf46be8df38f11ad32216fe275155ee5113f5c9ccb6c41c0b594f2d84615d87e181f,,08/17/2025 06:30:00 PM,10,NO CONTROLS,NO CONTROLS,CLEAR,"DARKNESS, LIGHTED ROAD",PARKED MOTOR VEHICLE,NOT DIVIDED,,STRAIGHT AND LEVEL,DRY,NO DEFECTS,NOT ON SCENE (DESK REPORT),NO INJURY / DRIVE AWAY,,,Y,"OVER $1,500",08/17/2025 09:50:00 PM,UNABLE TO DETERMINE,NOT APPLICABLE,6448,S,FRANCISCO AVE,823,,,,,,,3,NO INDICATION OF INJURY,0,0,0,0,0,1,0,18,1,8,41.7758047556,-87.695892017,POINT (-87.695892016981 41.775804755626)
551f13da7671458f59de6ce4864407aa152247839f2b84f0ba0042ca00bb42a731001eb81c9e1fc4715d6ce1a5f9ea7c878eb1f94fe95d6111aee9b4e0878d22,,08/17/2025 06:30:00 PM,30,NO CONTROLS,NO CONTROLS,CLEAR,UNKNOWN,SIDESWIPE SAME DIRECTION,ONE-WAY,,STRAIGHT AND LEVEL,DRY,NO DEFECTS,NOT ON SCENE (DESK REPORT),NO INJURY / DRIVE AWAY,,,Y,"$501 - $1,500",08/18/2025 10:30:00 PM,UNABLE TO DETERMINE,UNABLE TO DETERMINE,709,N,RUSH ST,1834,,,,,,,2,NO INDICATION OF INJURY,0,0,0,0,0,4,0,18,1,8,41.8952519069,-87.6253249823,POINT (-87.62532498228 41.895251906869)
4d29305d32d16349420fcb3bf059ef439c2023cfeae70612d95c468928aa1c64232e9d06bb34a58f1bfd2fdfa39a678d3038b5c4aa3ff084a40e3a776a40b5b1,,08/17/2025 06:25:00 PM,30,NO CONTROLS,NO CONTROLS,CLOUDY/OVERCAST,DAYLIGHT,ANGLE,ONE-WAY,,STRAIGHT AND LEVEL,DRY,NO DEFECTS,NOT ON SCENE (DESK REPORT),NO INJURY / DRIVE AWAY,,,,"OVER $1,500",08/19/2025 04:15:00 PM,IMPROPER LANE USAGE,NOT APPLICABLE,66,W,ILLINOIS ST,1831,,,,,,,2,NO INDICATION OF INJURY,0,0,0,0,0,3,0,18,1,8,41.8909383969,-87.6305903346,POINT (-87.630590334568 41.890938396903)
9eb5138bc3e63f47247ee5f83722e03003dbbfdd217c24c9b737eb8820ddaf0fb6db31ab6c35fa51b1f89142f2bb96879a80d6a0e490d1e061354b0fb6b1912b,,08/17/2025 06:25:00 PM,35,NO CONTROLS,NO CONTROLS,CLEAR,DAYLIGHT,REAR END,NOT DIVIDED,,STRAIGHT AND LEVEL,DRY,NO DEFECTS,NOT ON SCENE (DESK REPORT),NO INJURY / DRIVE AWAY,,,,"$501 - $1,500",08/17/2025 07:20:00 PM,UNABLE TO DETERMINE,NOT APPLICABLE,7729,W,IRVING PARK RD,1631,,,,,,,2,NO INDICATION OF INJURY,0,0,0,0,0,3,0,18,1,8,41.9523405277,-87.8206854525,POINT (-87.820685452507 41.952340527697)
c41c9d3ed8b7628f14a2ed07b2565359b49e9138c970f9cd7cbbf25290476eabbb17b7b57107e2c55733cd6b7eb6ee7481e4a30d41011e71f731c090d5c2c193,,08/17/2025 06:20:00 PM,15,NO CONTROLS,NO CONTROLS,CLEAR,DAYLIGHT,SIDESWIPE SAME DIRECTION,PARKING LOT,,STRAIGHT ON GRADE,DRY,UNKNOWN,ON SCENE,NO INJURY / DRIVE AWAY,,,,"$501 - $1,500",08/17/2025 06:26:00 PM,UNABLE TO DETERMINE,UNABLE TO DETERMINE,3111,E,77TH ST,421,,,,,,,2,NO INDICATION OF INJURY,0,0,0,0,0,3,0,18,1,8,41.7580233433,-87.5495009425,POINT (-87.549500942473 41.758023343265)
417115e595e2a94cef29e80e7c2e4e65136bf61d8f358f68eb965d849faeacf1ba9bcde24e33f0608034984ae6f99df6df329947ed3948c09b96ad6fca73e712,,08/17/2025 06:15:00 PM,30,UNKNOWN,UNKNOWN,CLEAR,DAYLIGHT,PEDESTRIAN,NOT DIVIDED,,STRAIGHT AND LEVEL,DRY,NO DEFECTS,ON SCENE,NO INJURY / DRIVE AWAY,,,,$500 OR LESS,08/17/2025 06:26:00 PM,FAILING TO YIELD RIGHT-OF-WAY,UNABLE TO DETERMINE,1300,N,WELLS ST,1821,,,,,,,2,NO INDICATION OF INJURY,0,0,0,0,0,2,0,18,1,8,41.9057733753,-87.6346912953,POINT (-87.634691295253 41.90577337529)
cbf1bc09d3c5fb5dcef7d7a8b88262f0687cdb20e34ea5cafe90fe300b15625f9d53e8c4bf45867e8d2aaf62f9bdae2864f1339dbffb911866943bd3c5f759d8,,08/17/2025 06:15:00 PM,30,NO CONTROLS,NO CONTROLS,CLEAR,DAYLIGHT,PARKED MOTOR VEHICLE,DIVIDED - W/MEDIAN (NOT RAISED),,STRAIGHT AND LEVEL,DRY,NO DEFECTS,ON SCENE,NO INJURY / DRIVE AWAY,,,Y,"OVER $1,500",08/17/2025 06:55:00 PM,UNABLE TO DETERMINE,UNABLE TO DETERMINE,2511,S,ALBANY AVE,1033,,,,,,,3,NO INDICATION OF INJURY,0,0,0,0,0,1,0,18,1,8,41.8459852795,-87.7024797399,POINT (-87.702479739882 41.845985279547)
d68049c69dbcca947f35423759a5d87665682ebea9198e240d22f25034f85b201970e3bf2af2d6cce3b581fc0f412b467b9f4ebd54d8b734a4d71f9ad30d80dd,,08/17/2025 06:15:00 PM,30,STOP SIGN/FLASHER,FUNCTIONING PROPERLY,CLEAR,DAYLIGHT,ANGLE,FOUR WAY,,STRAIGHT AND LEVEL,DRY,NO DEFECTS,ON SCENE,INJURY AND / OR TOW DUE TO CRASH,Y,,,"OVER $1,500",08/17/2025 06:15:00 PM,UNABLE TO DETERMINE,UNABLE TO DETERMINE,5824,N,ELSTON AVE,1622,,,,,,,2,NONINCAPACITATING INJURY,1,0,0,1,0,1,0,18,1,8,41.9872083636,-87.7728223177,POINT (-87.772822317674 41.987208363624)
039febd6be15629f1d21cef9bca0f6d0ced9685d1e28f6b8ca813d10daa2fc881894044571da6a057d229e8578bad5fbdab0c583b479ba95f168b3fb0eabbe43,,08/17/2025 06:00:00 PM,35,NO CONTROLS,NO CONTROLS,CLEAR,DAYLIGHT,REAR END,NOT DIVIDED,,STRAIGHT AND LEVEL,DRY,NO DEFECTS,ON SCENE,INJURY AND / OR TOW DUE TO CRASH,,,Y,"OVER $1,500",08/17/2025 06:14:00 PM,FOLLOWING TOO CLOSELY,UNABLE TO DETERMINE,9487,S,SOUTH CHICAGO AVE,424,,,,,,,2,NO INDICATION OF INJURY,0,0,0,0,0,2,0,18,1,8,41.7229469649,-87.5456350367,POINT (-87.545635036735 41.722946964909)
ee6d109d4c95e69201dad31b97ddee833c554524254b7900266682c48440affe7b17b8fe0ded3b126752cf0937de4dbeebb8f9ce5c6c69e25313a40a9816f862,,08/17/2025 06:00:00 PM,30,UNKNOWN,UNKNOWN,CLEAR,DAYLIGHT,OTHER NONCOLLISION,ALLEY,,STRAIGHT AND LEVEL,DRY,UNKNOWN,NOT ON SCENE (DESK REPORT),NO INJURY / DRIVE AWAY,,,,"OVER $1,500",08/19/2025 04:23:00 PM,FAILING TO REDUCE SPEED TO AVOID CRASH,NOT APPLICABLE,100,E,14TH ST,132,,,,,,,2,NO INDICATION OF INJURY,0,0,0,0,0,1,0,18,1,8,41.8642242583,-87.6240745609,POINT (-87.624074560949 41.864224258304)
fa5f49f46445f3c6123778eaa0da61f5b54b54072dac2ce9a874a106cc75616ad165229d98abf29b08363b6b59bc6ebb85a1092fc6ff4153095dd61babb3b899,,08/17/2025 06:00:00 PM,15,NO CONTROLS,NO CONTROLS,CLEAR,DAYLIGHT,PARKED MOTOR VEHICLE,ALLEY,,STRAIGHT AND LEVEL,UNKNOWN,UNKNOWN,,NO INJURY / DRIVE AWAY,,,Y,"OVER $1,500",08/18/2025 12:51:00 PM,UNABLE TO DETERMINE,UNABLE TO DETERMINE,6034,N,WASHTENAW AVE,2413,,,,,,,2,NO INDICATION OF INJURY,0,0,0,0,0,1,0,18,1,8,41.991465599,-87.6971457334,POINT (-87.697145733437 41.991465598982)
74b3dfc7078283fde77545e3c542f27040f3cc51b4b48cfeee7450003d48745159c395b9afbae2055dd856c3a9593c7b43b3b7fa24f0e11d98d330d32e7a771c,,08/17/2025 05:55:00 PM,30,NO CONTROLS,NO CONTROLS,CLEAR,DAYLIGHT,SIDESWIPE SAME DIRECTION,NOT DIVIDED,,STRAIGHT AND LEVEL,DRY,NO DEFECTS,NOT ON SCENE (DESK REPORT),NO INJURY / DRIVE AWAY,,,,"$501 - $1,500",08/17/2025 07:55:00 PM,UNABLE TO DETERMINE,UNABLE TO DETERMINE,3841,S,PULASKI RD,821,,,,,,,2,NO INDICATION OF INJURY,0,0,0,0,0,3,0,17,1,8,41.8229996423,-87.7239038424,POINT (-87.723903842368 41.822999642303)
402baa0b434f055050cd0543e3cf64396cfea3f357262eced77b1b1e5958b3bcc77b8bf6ec204f4d19becb56a35afffc0f2dfdfdb61f6d08bc8274d2a96fce37,,08/17/2025 05:50:00 PM,30,UNKNOWN,UNKNOWN,CLEAR,DAYLIGHT,REAR TO FRONT,NOT DIVIDED,,STRAIGHT AND LEVEL,DRY,UNKNOWN,NOT ON SCENE (DESK REPORT),NO INJURY / DRIVE AWAY,,,Y,"$501 - $1,500",08/17/2025 06:50:00 PM,UNABLE TO DETERMINE,UNABLE TO DETERMINE,76,E,71ST ST,322,,,,,,,2,NO INDICATION OF INJURY,0,0,0,0,0,3,0,17,1,8,41.765684011,-87.6219358999,POINT (-87.621935899943 41.765684010976)
56fa41695cad78099e9033e68cca7bc5c21eb49ed2aadc573cf7ad6dabf5f0d68cb163a92e9d371d5a2be90ab1497200e4ff84ee8a715f9046b37b9ede831658,,08/17/2025 05:50:00 PM,30,NO CONTROLS,NO CONTROLS,CLEAR,DAYLIGHT,PEDALCYCLIST,NOT DIVIDED,,STRAIGHT AND LEVEL,DRY,NO DEFECTS,NOT ON SCENE (DESK REPORT),NO INJURY / DRIVE AWAY,,,,$500 OR LESS,08/17/2025 05:50:00 PM,UNABLE TO DETERMINE,UNABLE TO DETERMINE,11222,S,DOTY AVE W,531,,,N,,,,2,NO INDICATION OF INJURY,0,0,0,0,0,2,0,17,1,8,41.6903376732,-87.5998461299,POINT (-87.599846129871 41.69033767322)
ab2a8edf940d93b8187e2708b06e3e1c46f997dc65a5543c57f8cdf4bb8edf677e634c03b9b3de5e37988e49788b1f12b0dd729831ac1ed827c45ee33995e008,,08/17/2025 05:50:00 PM,30,STOP SIGN/FLASHER,FUNCTIONING PROPERLY,CLEAR,DAYLIGHT,ANGLE,T-INTERSECTION,,STRAIGHT AND LEVEL,DRY,UNKNOWN,NOT ON SCENE (DESK REPORT),NO INJURY / DRIVE AWAY,Y,,,"OVER $1,500",08/17/2025 07:15:00 PM,FAILING TO YIELD RIGHT-OF-WAY,NOT APPLICABLE,5999,W,GEORGE ST,2514,,,,,,,2,NO INDICATION OF INJURY,0,0,0,0,0,2,0,17,1,8,41.932853288,-87.7759649323,POINT (-87.775964932336 41.932853288013)
ba8aa559b92f15a44da1eb3199b4103513a3df2e6310a520b37623fcab8799f7dfa56398602b6829d1f33c31d09971e65ae2c91796a62b689ac1a43a460a2a75,,08/17/2025 05:48:00 PM,30,TRAFFIC SIGNAL,UNKNOWN,CLEAR,DAYLIGHT,TURNING,FOUR WAY,,STRAIGHT AND LEVEL,DRY,UNKNOWN,ON SCENE,NO INJURY / DRIVE AWAY,Y,,,"$501 - $1,500",08/17/2025 05:52:00 PM,FAILING TO YIELD RIGHT-OF-WAY,UNABLE TO DETERMINE,3200,N,KIMBALL AVE,1732,,,,,,,2,NO INDICATION OF INJURY,0,0,0,0,0,3,0,17,1,8,41.9393196632,-87.7126412851,POINT (-87.712641285082 41.939319663188)
106cdf87ccbf9db71b2d4c6b30a3ea598d4b48ab57ed656a03dec97130b5bf619c3acdddb334d45004e968e35e65410fbf1ac26a527a88133edad7de4c90907a,Y,08/17/2025 05:30:00 PM,30,NO CONTROLS,NO CONTROLS,RAIN,DAYLIGHT,PARKED MOTOR VEHICLE,DIVIDED - W/MEDIAN (NOT RAISED),,STRAIGHT AND LEVEL,DRY,NO DEFECTS,NOT ON SCENE (DESK REPORT),NO INJURY / DRIVE AWAY,,,Y,"OVER $1,500",08/18/2025 07:11:00 PM,UNABLE TO DETERMINE,NOT APPLICABLE,3121,W,26TH ST,1033,,,,,,,2,NO INDICATION OF INJURY,0,0,0,0,0,1,0,17,1,8,41.8444253084,-87.7034918584,POINT (-87.703491858351 41.844425308405)
540775e42e2af93e672f4e434e719bf96c3d0f30d9aa77b3d267be38ab1c695fa29f26259c99e68edf0154c5716c0ce8787e7ca28e16ff924ae42c28b5b1aeae,,08/17/2025 05:30:00 PM,30,NO CONTROLS,NO CONTROLS,CLEAR,DAYLIGHT,REAR END,NOT DIVIDED,,STRAIGHT AND LEVEL,DRY,NO DEFECTS,NOT ON SCENE (DESK REPORT),NO INJURY / DRIVE AWAY,,,,"$501 - $1,500",08/18/2025 02:55:00 PM,FOLLOWING TOO CLOSELY,FOLLOWING TOO CLOSELY,5321,W,IRVING PARK RD,1634,,,,,,,2,NO INDICATION OF INJURY,0,0,0,0,0,2,0,17,1,8,41.9531485977,-87.7604976457,POINT (-87.760497645661 41.953148597709)
602833d5ccbbe703f572ec343e095cce4d71c675e9615765cf58966ce87ad8e3c1d539fb5c72488460162eda4c45828375297b1779adc761209817baa5ab1bda,,08/17/2025 05:30:00 PM,30,NO CONTROLS,NO CONTROLS,CLEAR,DAYLIGHT,SIDESWIPE SAME DIRECTION,DIVIDED - W/MEDIAN (NOT RAISED),,STRAIGHT AND LEVEL,DRY,NO DEFECTS,NOT ON SCENE (DESK REPORT),NO INJURY / DRIVE AWAY,,,Y,"$501 - $1,500",08/17/2025 06:42:00 PM,IMPROPER OVERTAKING/PASSING,NOT APPLICABLE,4600,S,WESTERN BLVD,922,,,,,,,2,NO INDICATION OF INJURY,0,0,0,0,0,3,0,17,1,8,41.8100144335,-87.684056217,POINT (-87.684056217015 41.810014433473)
7aab96c0e91a62467a1a8ed12526ddabc95ef37b2b9deda49a9dbf51d2a98f5e1f99a285d43212061c530c62a3d0611eba66eec02fd4d6caa2bbb0881c1a7fb9,,08/17/2025 05:30:00 PM,30,NO CONTROLS,NO CONTROLS,CLEAR,DAYLIGHT,TURNING,NOT DIVIDED,,STRAIGHT AND LEVEL,DRY,NO DEFECTS,NOT ON SCENE (DESK REPORT),NO INJURY / DRIVE AWAY,,,,"OVER $1,500",08/20/2025 08:11:00 PM,FAILING TO YIELD RIGHT-OF-WAY,NOT APPLICABLE,6501,S,CICERO AVE,833,,,,,,,2,NO INDICATION OF INJURY,0,0,0,0,0,2,0,17,1,8,41.7746945416,-87.7420133008,POINT (-87.742013300808 41.774694541589)
7c4ae9383962986aecae38729b14b77565465349eac6b3928cabe0298553040892d479d21d8167d1f29342049779314e29f9b76f120e8b2fad916b95748e9225,Y,08/17/2025 05:30:00 PM,30,NO CONTROLS,NO CONTROLS,UNKNOWN,DAYLIGHT,PARKED MOTOR VEHICLE,NOT DIVIDED,,STRAIGHT AND LEVEL,DRY,NO DEFECTS,NOT ON SCENE (DESK REPORT),NO INJURY / DRIVE AWAY,,,Y,"OVER $1,500",08/18/2025 05:30:00 PM,UNABLE TO DETERMINE,NOT APPLICABLE,1203,W,BRYN MAWR AVE,2013,,,,,,,2,NO INDICATION OF INJURY,0,0,0,0,0,1,0,17,1,8,41.9835102607,-87.6602114737,POINT (-87.660211473732 41.983510260746)
84ce38d922a391606b16602a0c098578c43af3b48d1e7d7b2d83ad36aab0e3564fa01fc87f69f5867f0d6fb4bde203e72b11081ce02834d3456194dd9d049f97,,08/17/2025 05:30:00 PM,30,NO CONTROLS,NO CONTROLS,CLEAR,DAYLIGHT,REAR END,NOT DIVIDED,,STRAIGHT AND LEVEL,DRY,NO DEFECTS,ON SCENE,NO INJURY / DRIVE AWAY,,,Y,"OVER $1,500",08/17/2025 06:02:00 PM,FOLLOWING TOO CLOSELY,FAILING TO REDUCE SPEED TO AVOID CRASH,6242,W,DEVON AVE,1611,,,,,,,4,NO INDICATION OF INJURY,0,0,0,0,0,5,0,17,1,8,41.9974975863,-87.7845769265,POINT (-87.784576926471 41.997497586255)
fc8242d5c112ed25b4373da52bdae07f3b4ab8e77e3c23dc698c881d3c492a147782c6872fe14e7eed401cfdf4f48ea5b19d15db58a12d7593a1263ac3c324e1,,08/17/2025 05:30:00 PM,25,NO CONTROLS,NO CONTROLS,CLEAR,DAYLIGHT,PARKED MOTOR VEHICLE,ONE-WAY,,STRAIGHT AND LEVEL,DRY,NO DEFECTS,NOT ON SCENE (DESK REPORT),NO INJURY / DRIVE AWAY,,,Y,"OVER $1,500",08/19/2025 07:22:00 PM,UNABLE TO DETERMINE,NOT APPLICABLE,2440,W,WALTON ST,1212,,,,,,,2,NO INDICATION OF INJURY,0,0,0,0,0,1,0,17,1,8,41.8985608389,-87.6885643215,POINT (-87.688564321469 41.898560838902)
d9c8f7ac6f1b3fc4c778addb601210d962910a855fe26d3f5e2b6ac9986869567b76e1841943773be78bf284f7ab15ac03edc3f2a9c9d3cafa46c68218e2a8b3,,08/17/2025 05:15:00 PM,30,STOP SIGN/FLASHER,FUNCTIONING PROPERLY,CLEAR,DAYLIGHT,REAR END,NOT DIVIDED,,STRAIGHT AND LEVEL,DRY,NO DEFECTS,NOT ON SCENE (DESK REPORT),NO INJURY / DRIVE AWAY,,,Y,"OVER $1,500",08/17/2025 06:30:00 PM,FOLLOWING TOO CLOSELY,UNABLE TO DETERMINE,3532,W,EDDY ST,1732,,,,,,,2,NO INDICATION OF INJURY,0,0,0,0,0,2,0,17,1,8,41.9457235501,-87.7163527259,POINT (-87.716352725869 41.945723550128)
004861a16d89863db1b02bfa74d5e5d9a9ed5deeb8a89af2cfa48327a44553a43f186a31431a5104ad050a860e1b23a1fbd281fb71da363ccb5c1162b44b9b81,,08/17/2025 05:10:00 PM,30,NO CONTROLS,NO CONTROLS,CLEAR,DAYLIGHT,ANGLE,DIVIDED - W/MEDIAN BARRIER,,STRAIGHT AND LEVEL,DRY,NO DEFECTS,NOT ON SCENE (DESK REPORT),NO INJURY / DRIVE AWAY,,,,"$501 - $1,500",08/17/2025 07:40:00 PM,FAILING TO YIELD RIGHT-OF-WAY,NOT APPLICABLE,6300,S,SAYRE AVE,812,,,,,,,2,NO INDICATION OF INJURY,0,0,0,0,0,2,0,17,1,8,41.7773648466,-87.7961129751,POINT (-87.796112975061 41.777364846629)
f61c32970a263d53aa5a26ed59fc0e060d19cff390feb3485d52a1b944ba878b5660eddfd5b25b742cfdb0da4d09e370aee1521a258eb8639006f4a67d21a414,,08/17/2025 05:10:00 PM,30,TRAFFIC SIGNAL,FUNCTIONING PROPERLY,CLEAR,DAYLIGHT,SIDESWIPE SAME DIRECTION,FOUR WAY,,STRAIGHT AND LEVEL,DRY,SHOULDER DEFECT,,NO INJURY / DRIVE AWAY,Y,,,"OVER $1,500",08/18/2025 08:30:00 AM,NOT APPLICABLE,NOT APPLICABLE,3989,N,LAKE SHORE DR,1925,,,,,,,2,NO INDICATION OF INJURY,0,0,0,0,0,2,0,17,1,8,41.9545752764,-87.6444147279,POINT (-87.644414727897 41.954575276438)
a1a1a725781e037fd7b2fd1ef0330382e3dfc95d6c5ea9ffb8ce64f46dcb3613d7c9371c2f28b92b60a4f553bd7443f1ccbfa2df6808d49609e7715965ca78d1,,08/17/2025 05:05:00 PM,25,STOP SIGN/FLASHER,NO CONTROLS,CLEAR,DAYLIGHT,ANGLE,T-INTERSECTION,,STRAIGHT AND LEVEL,DRY,NO DEFECTS,ON SCENE,NO INJURY / DRIVE AWAY,,,,"OVER $1,500",08/17/2025 05:20:00 PM,UNDER THE INFLUENCE OF ALCOHOL/DRUGS (USE WHEN ARREST IS EFFECTED),NOT APPLICABLE,5201,W,EDDY ST,1634,,,,,,,2,NO INDICATION OF INJURY,0,0,0,0,0,3,0,17,1,8,41.9450024739,-87.7569967139,POINT (-87.756996713871 41.945002473878)
7a53274b0edb970767e1aa2e34ffd47efb0df5f3eaabacea2f39b2cc3ddf21919fcd9f3ebe6cdc4d8f69a96f917385bfd6da19a45ac39e2cf1c1bd7b46c75414,,08/17/2025 05:01:00 PM,30,NO CONTROLS,NO CONTROLS,CLEAR,DAYLIGHT,TURNING,NOT DIVIDED,,STRAIGHT AND LEVEL,DRY,NO DEFECTS,NOT ON SCENE (DESK REPORT),NO INJURY / DRIVE AWAY,,,,"OVER $1,500",08/17/2025 06:34:00 PM,IMPROPER TURNING/NO SIGNAL,NOT APPLICABLE,6025,S,WESTERN AVE,825,,,,,,,2,NO INDICATION OF INJURY,0,0,0,0,0,4,0,17,1,8,41.7839658423,-87.6836233778,POINT (-87.683623377758 41.783965842276)