CRASH_RECORD_ID,CRASH_DATE_EST_I,CRASH_DATE,POSTED_SPEED_LIMIT,TRAFFIC_CONTROL_DEVICE,DEVICE_CONDITION,WEATHER_CONDITION,LIGHTING_CONDITION,FIRST_CRASH_TYPE,TRAFFICWAY_TYPE,LANE_CNT,ALIGNMENT,ROADWAY_SURFACE_COND,ROAD_DEFECT,REPORT_TYPE,CRASH_TYPE,INTERSECTION_RELATED_I,NOT_RIGHT_OF_WAY_I,HIT_AND_RUN_I,DAMAGE,DATE_POLICE_NOTIFIED,PRIM_CONTRIBUTORY_CAUSE,SEC_CONTRIBUTORY_CAUSE,STREET_NO,STREET_DIRECTION,STREET_NAME,BEAT_OF_OCCURRENCE,PHOTOS_TAKEN_I,STATEMENTS_TAKEN_I,DOORING_I,WORK_ZONE_I,WORK_ZONE_TYPE,WORKERS_PRESENT_I,NUM_UNITS,MOST_SEVERE_INJURY,INJURIES_TOTAL,INJURIES_FATAL,INJURIES_INCAPACITATING,INJURIES_NON_INCAPACITATING,INJURIES_REPORTED_NOT_EVIDENT,INJURIES_NO_INDICATION,INJURIES_UNKNOWN,CRASH_HOUR,CRASH_DAY_OF_WEEK,CRASH_MONTH,LATITUDE,LONGITUDE,LOCATION
022b3699155b0c3101ef7c3938d8ef595468236bcc6178627a1dacc923975ce960e764f271150203f23d32b19eb1dd1ebe5ac54cb38f36a36dac9c5dd459ec93,,08/17/2025 05:00:00 PM,30,NO CONTROLS,NO CONTROLS,CLEAR,DAWN,SIDESWIPE SAME DIRECTION,ONE-WAY,,STRAIGHT AND LEVEL,DRY,NO DEFECTS,ON SCENE,INJURY AND / OR TOW DUE TO CRASH,,,,"OVER $1,500",08/17/2025 05:11:00 PM,IMPROPER LANE USAGE,NOT APPLICABLE,818,N,WOLCOTT AVE,1212,,,,,,,2,NO INDICATION OF INJURY,0,0,0,0,0,3,0,17,1,8,41.8965616932,-87.6747769171,POINT (-87.674776917115 41.896561693192)
951cd10175200f6b394e93cb0a1d07fd10db9ceee33be5fb3a668d5431fdbb3156a520fd5e94c8f2704f8a64925687b9366c56a20d087b4223ff6c4351b98585,,08/17/2025 05:00:00 PM,30,TRAFFIC SIGNAL,FUNCTIONING PROPERLY,CLEAR,DAYLIGHT,SIDESWIPE OPPOSITE DIRECTION,NOT DIVIDED,,STRAIGHT AND LEVEL,DRY,NO DEFECTS,ON SCENE,INJURY AND / OR TOW DUE TO CRASH,,,Y,$500 OR LESS,08/17/2025 05:05:00 PM,UNABLE TO DETERMINE,FAILING TO REDUCE SPEED TO AVOID CRASH,3999,N,ELSTON AVE,1732,,,,,,,2,NO INDICATION OF INJURY,0,0,0,0,0,3,0,17,1,8,41.9537542258,-87.7189153964,POINT (-87.718915396397 41.953754225778)
9d41ed0c719a3774f5baf9562ae0519f2ab96769349a204bf01841c7c156374c6214463fcc5e18e67c5b6d8a6aa9d14f364136aeff586b8c235281cfe61188e7,,08/17/2025 05:00:00 PM,30,NO CONTROLS,NO CONTROLS,CLEAR,DAYLIGHT,REAR TO FRONT,PARKING LOT,,STRAIGHT AND LEVEL,DRY,NO DEFECTS,NOT ON SCENE (DESK REPORT),NO INJURY / DRIVE AWAY,,,Y,"OVER $1,500",08/17/2025 07:42:00 PM,IMPROPER BACKING,NOT APPLICABLE,6802,S,STONY ISLAND AVE,332,Y,,,,,,2,NO INDICATION OF INJURY,0,0,0,0,0,2,0,17,1,8,41.7713659225,-87.5864257032,POINT (-87.586425703157 41.771365922535)
e4351a741f12d87c0b1d124743b4661c4b7cd1f4d4f911a6b53b33859e59aa2eb3e57aa3227bdeef004c623106b5ddb9ee668f710908bc55c2a5bbbce9fcf052,,08/17/2025 05:00:00 PM,30,NO CONTROLS,NO CONTROLS,CLEAR,DAYLIGHT,REAR END,DIVIDED - W/MEDIAN (NOT RAISED),,STRAIGHT AND LEVEL,UNKNOWN,UNKNOWN,NOT ON SCENE (DESK REPORT),NO INJURY / DRIVE AWAY,,,,"OVER $1,500",08/17/2025 05:10:00 PM,FOLLOWING TOO CLOSELY,FAILING TO REDUCE SPEED TO AVOID CRASH,2002,N,HALSTED ST,1812,,,,,,,2,NO INDICATION OF INJURY,0,0,0,0,0,2,0,17,1,8,41.9183232503,-87.6486619757,POINT (-87.648661975734 41.918323250252)
61f8e3c4f7c2425b9b7e075cfbd17b57e403f0f32d426617a604a106f82876a52fe1306514357f6e5058574ba260960b22c0ebb520ea4c402885a3d3dfd38ddd,,08/17/2025 04:53:00 PM,30,NO CONTROLS,NO CONTROLS,CLEAR,DAYLIGHT,SIDESWIPE SAME DIRECTION,DIVIDED - W/MEDIAN BARRIER,,"CURVE, LEVEL",DRY,UNKNOWN,ON SCENE,NO INJURY / DRIVE AWAY,,,,$500 OR LESS,08/17/2025 04:55:00 PM,UNABLE TO DETERMINE,UNABLE TO DETERMINE,4458,N,CICERO AVE,1623,,,,,,,2,NO INDICATION OF INJURY,0,0,0,0,0,6,0,16,1,8,41.9623234287,-87.7479689255,POINT (-87.747968925472 41.962323428691)
a3b87c2096acf7dbcaac342da7e962adc12b89fcd8c4a1d217952130f3765c2781faecf42f707a00b6c0b3464fac3718124ce64819a826850becb62df40674fa,,08/17/2025 04:53:00 PM,35,STOP SIGN/FLASHER,FUNCTIONING PROPERLY,CLEAR,DAYLIGHT,TURNING,NOT DIVIDED,,STRAIGHT AND LEVEL,DRY,NO DEFECTS,ON SCENE,INJURY AND / OR TOW DUE TO CRASH,,,,"OVER $1,500",08/17/2025 04:53:00 PM,FAILING TO YIELD RIGHT-OF-WAY,IMPROPER TURNING/NO SIGNAL,7931,S,CICERO AVE,834,,,,,,,2,NONINCAPACITATING INJURY,1,0,0,1,0,2,0,16,1,8,41.7484716693,-87.7411640303,POINT (-87.741164030323 41.748471669319)
31b8867fadceab102b2929c86250391bc94922ad80bde0a1a993dc9e22258b7ea937b6842b275ee10fb2380972bfd2a83aeca295766c2ae1a4f71a20dcb9bd88,,08/17/2025 04:43:00 PM,30,NO CONTROLS,NO CONTROLS,CLEAR,DAYLIGHT,REAR END,NOT DIVIDED,,STRAIGHT AND LEVEL,DRY,NO DEFECTS,NOT ON SCENE (DESK REPORT),NO INJURY / DRIVE AWAY,,,,"OVER $1,500",08/20/2025 01:35:00 PM,FAILING TO REDUCE SPEED TO AVOID CRASH,UNABLE TO DETERMINE,3598,W,55TH ST,822,,,,,,,2,NO INDICATION OF INJURY,0,0,0,0,0,2,0,16,1,8,41.7934672917,-87.7135796151,POINT (-87.713579615134 41.793467291712)
fc51fc971246af75c51894a0eba74a5ae92a2c1fe1ebf9c10e7de2f3618651fead9d1449a34dd2afb2f4dbd0240aea55a1febfc5735263af46fdea0d10821234,,08/17/2025 04:43:00 PM,30,UNKNOWN,UNKNOWN,CLEAR,DAYLIGHT,SIDESWIPE SAME DIRECTION,DIVIDED - W/MEDIAN (NOT RAISED),,STRAIGHT AND LEVEL,DRY,UNKNOWN,ON SCENE,NO INJURY / DRIVE AWAY,,,,"OVER $1,500",08/17/2025 04:44:00 PM,UNABLE TO DETERMINE,NOT APPLICABLE,668,W,DIVERSEY PKWY,1934,,Y,,,,,2,NO INDICATION OF INJURY,0,0,0,0,0,4,0,16,1,8,41.9328854564,-87.646195486,POINT (-87.646195486046 41.932885456443)
b1e466cf42e5c8c3e7713eba073992fe7dcacd2e676e08f209547026f45713c748fa57ad67e1c9369a3eae7ee0616540b0b9855229363f591c01111dcdc29ad3,,08/17/2025 04:40:00 PM,30,NO CONTROLS,NO CONTROLS,CLEAR,DAYLIGHT,TURNING,NOT DIVIDED,,STRAIGHT AND LEVEL,DRY,NO DEFECTS,NOT ON SCENE (DESK REPORT),NO INJURY / DRIVE AWAY,,,,"$501 - $1,500",08/17/2025 05:10:00 PM,IMPROPER TURNING/NO SIGNAL,UNABLE TO DETERMINE,3170,N,SHERIDAN RD,1934,,,,,,,2,NO INDICATION OF INJURY,0,0,0,0,0,2,0,16,1,8,41.9397836464,-87.6396927655,POINT (-87.639692765466 41.939783646373)
c45ef20e75c91ba9a2f123788ecf343287e42a524439ae3fddaed783656c36180fb8b2e0293789b7dc38931d104eee42030f1b414fe5d0134a367ff0dc55fb40,,08/17/2025 04:40:00 PM,15,NO CONTROLS,NO CONTROLS,CLEAR,DAYLIGHT,REAR TO REAR,PARKING LOT,,STRAIGHT AND LEVEL,DRY,NO DEFECTS,NOT ON SCENE (DESK REPORT),NO INJURY / DRIVE AWAY,,,,"$501 - $1,500",08/17/2025 06:47:00 PM,FAILING TO YIELD RIGHT-OF-WAY,NOT APPLICABLE,8059,S,CICERO AVE,834,,,,,,,2,NO INDICATION OF INJURY,0,0,0,0,0,2,0,16,1,8,41.7459782818,-87.7410999045,POINT (-87.741099904454 41.745978281848)
aa910369c4b0c8fe2e71079953f8f87aeb50b91aed67c65abe38dfa25de954099db4c7c283f19ff0a9e45bf5e7e57c1a8921c8beddeacffd4ee4abe4081f3068,,08/17/2025 04:36:00 PM,30,OTHER,OTHER,CLEAR,DAYLIGHT,PARKED MOTOR VEHICLE,ONE-WAY,,STRAIGHT AND LEVEL,DRY,DEBRIS ON ROADWAY,ON SCENE,INJURY AND / OR TOW DUE TO CRASH,,,Y,"OVER $1,500",08/17/2025 04:38:00 PM,UNABLE TO DETERMINE,UNABLE TO DETERMINE,2440,N,GENEVA TER,1935,,,,,,,3,NO INDICATION OF INJURY,0,0,0,0,0,1,0,16,1,8,41.926663878,-87.6441368446,POINT (-87.644136844648 41.926663878027)
43b03cae497c279ca4f912b285ec2d2052ffa2c54b11101656196256b327d1533005dc188983ff8d51bd039ecfa80324ea9629dd814e47999beea0d9d16f7bad,,08/17/2025 04:30:00 PM,25,NO CONTROLS,NO CONTROLS,CLEAR,DAYLIGHT,ANGLE,NOT DIVIDED,,STRAIGHT AND LEVEL,DRY,UNKNOWN,NOT ON SCENE (DESK REPORT),NO INJURY / DRIVE AWAY,,,,"$501 - $1,500",08/17/2025 05:30:00 PM,FAILING TO YIELD RIGHT-OF-WAY,UNABLE TO DETERMINE,1762,W,AINSLIE ST,2032,,,,,,,2,NO INDICATION OF INJURY,0,0,0,0,0,2,0,16,1,8,41.9719084978,-87.6735426757,POINT (-87.673542675743 41.97190849778)
8cf1fac86fedc4e0bdde11c6b00a852be52ce71f77d24750519f2ec00b570e8556b0d8f4c0bba7d804d89cf0e3c1af26457ba6faddfa413a226654415b1d05d3,,08/17/2025 04:28:00 PM,30,TRAFFIC SIGNAL,FUNCTIONING PROPERLY,CLEAR,DAYLIGHT,TURNING,FOUR WAY,,STRAIGHT AND LEVEL,DRY,NO DEFECTS,ON SCENE,INJURY AND / OR TOW DUE TO CRASH,Y,,,"OVER $1,500",08/17/2025 04:29:00 PM,FAILING TO YIELD RIGHT-OF-WAY,NOT APPLICABLE,4800,W,47TH ST,814,,,,,,,2,"REPORTED, NOT EVIDENT",3,0,0,0,3,0,0,16,1,8,41.8077270168,-87.7432293657,POINT (-87.743229365663 41.807727016772)
bfac196cc68d674fda30bf9e50527fbd81878a8f3cbf4d2ac3371b822c9bc4924997537567b081b7642425cafdfdece4c446e5055f137c90967b26168960edde,,08/17/2025 04:20:00 PM,25,NO CONTROLS,NO CONTROLS,UNKNOWN,UNKNOWN,ANGLE,DIVIDED - W/MEDIAN (NOT RAISED),,STRAIGHT AND LEVEL,UNKNOWN,UNKNOWN,NOT ON SCENE (DESK REPORT),NO INJURY / DRIVE AWAY,,,,"OVER $1,500",08/18/2025 05:54:00 PM,FAILING TO YIELD RIGHT-OF-WAY,DRIVING SKILLS/KNOWLEDGE/EXPERIENCE,6325,N,RIDGE AVE,2433,,,,,,,2,NO INDICATION OF INJURY,0,0,0,0,0,2,0,16,1,8,41.9963150156,-87.6759111757,POINT (-87.675911175685 41.996315015559)
9c3f5455a769077f65deaf6a72e34bf5fb7fc418669ac58a220ce8209609a881d653f1a40675cbef9736f6462d259e73fceec722abe4ff3514ab43f3ac240240,,08/17/2025 04:16:00 PM,30,TRAFFIC SIGNAL,FUNCTIONING PROPERLY,CLEAR,DAYLIGHT,REAR END,DIVIDED - W/MEDIAN (NOT RAISED),,STRAIGHT AND LEVEL,DRY,NO DEFECTS,ON SCENE,NO INJURY / DRIVE AWAY,,,,"OVER $1,500",08/17/2025 04:18:00 PM,FOLLOWING TOO CLOSELY,FOLLOWING TOO CLOSELY,169,W,IDA B WELLS DR,123,,,,,,,2,NO INDICATION OF INJURY,0,0,0,0,0,3,0,16,1,8,41.8754799488,-87.6330135035,POINT (-87.633013503506 41.875479948766)
df5a074bf86221b637c76e9fe4f8a4d6ff7b69c9c63fd17d9b8882a48d971848269bba3814cceef643d027eb27982834ed93c5a9210c67afefcba2e6d20af5b9,,08/17/2025 04:16:00 PM,30,UNKNOWN,UNKNOWN,CLOUDY/OVERCAST,DAYLIGHT,SIDESWIPE SAME DIRECTION,NOT DIVIDED,,STRAIGHT AND LEVEL,UNKNOWN,UNKNOWN,NOT ON SCENE (DESK REPORT),NO INJURY / DRIVE AWAY,,,,"OVER $1,500",08/17/2025 04:30:00 PM,UNABLE TO DETERMINE,NOT APPLICABLE,2356,W,BELMONT AVE,1921,,,,,,,3,NO INDICATION OF INJURY,0,0,0,0,0,3,0,16,1,8,41.9395692515,-87.6877250042,POINT (-87.687725004198 41.9395692515)
e1f46cc3993876c5677fe886ca1cf708dbc5f1c1b00828bdc0089ad9f2ff8c6fbe9e916bffe41ef74a51cfdb98a4f6ae0f5c27506b6024b0506ce608393272d2,,08/17/2025 04:15:00 PM,30,STOP SIGN/FLASHER,FUNCTIONING PROPERLY,CLEAR,DAYLIGHT,PEDESTRIAN,FOUR WAY,,STRAIGHT AND LEVEL,DRY,NO DEFECTS,ON SCENE,INJURY AND / OR TOW DUE TO CRASH,Y,,Y,"OVER $1,500",08/17/2025 04:45:00 PM,UNABLE TO DETERMINE,UNABLE TO DETERMINE,2701,W,HARRISON ST,1135,,,,,,,2,NONINCAPACITATING INJURY,1,0,0,1,0,1,0,16,1,8,41.8737055922,-87.6937975388,POINT (-87.693797538759 41.873705592241)
cb103b08aa511a089ca7f473f589e7d8c0c6ced51de7e00fdb66d69830bcad8c139722496a50685b163f2fec460bf303343979bec046c1f9d4afc4e4d9202ef3,,08/17/2025 04:07:00 PM,30,NO CONTROLS,NO CONTROLS,CLEAR,DAYLIGHT,SIDESWIPE SAME DIRECTION,ONE-WAY,,STRAIGHT AND LEVEL,DRY,NO DEFECTS,NOT ON SCENE (DESK REPORT),INJURY AND / OR TOW DUE TO CRASH,,,,"OVER $1,500",08/17/2025 05:25:00 PM,FAILING TO YIELD RIGHT-OF-WAY,FAILING TO YIELD RIGHT-OF-WAY,1131,S,MOZART ST,1135,,,,,,,2,"REPORTED, NOT EVIDENT",1,0,0,0,1,2,0,16,1,8,41.8673523571,-87.6969988106,POINT (-87.696998810569 41.867352357123)
c385213a3103c7514c90b8710b560998ea5fcd5ad5ffcddf833a8e9a6ec346a7b57816d93aab156e0201c42602c1a25906c97c269bf403b30c8d41543b0f8cde,,08/17/2025 04:01:00 PM,30,NO CONTROLS,NO CONTROLS,CLEAR,DAYLIGHT,PARKED MOTOR VEHICLE,NOT DIVIDED,,STRAIGHT AND LEVEL,UNKNOWN,UNKNOWN,ON SCENE,INJURY AND / OR TOW DUE TO CRASH,,,,"OVER $1,500",08/17/2025 04:01:00 PM,PHYSICAL CONDITION OF DRIVER,"OPERATING VEHICLE IN ERRATIC, RECKLESS, CARELESS, NEGLIGENT OR AGGRESSIVE MANNER",1130,E,MIDWAY PLAISANCE,235,,Y,,,,,3,"REPORTED, NOT EVIDENT",1,0,0,0,1,0,0,16,1,8,41.7873221299,-87.5983332876,POINT (-87.598333287609 41.787322129945)
0395559f4b1ef041d1fc39a060aeeb3234bcb335fc0ebe0bbf12151c2a6f7df9f0742a332334df8dfbcfe1899e67699af026dd618365d5dc25ac41f212db6b57,,08/17/2025 04:00:00 PM,30,NO CONTROLS,NO CONTROLS,CLEAR,DAYLIGHT,PARKED MOTOR VEHICLE,NOT DIVIDED,,STRAIGHT AND LEVEL,DRY,UNKNOWN,NOT ON SCENE (DESK REPORT),NO INJURY / DRIVE AWAY,,,Y,"OVER $1,500",08/17/2025 07:55:00 PM,FOLLOWING TOO CLOSELY,NOT APPLICABLE,4245,W,FULLERTON AVE,2522,,,,,,,2,NO INDICATION OF INJURY,0,0,0,0,0,1,0,16,1,8,41.9242938884,-87.7335018576,POINT (-87.733501857631 41.924293888377)
e8cb9da3e14492f5442ee514c33b00b181795cfe7c6e1b59f142977793444788134580dbd9f0277bff6cc82c2db1a5f5d4d145097a1b1bce6caf5d74bf9283d0,N,08/17/2025 04:00:00 PM,30,TRAFFIC SIGNAL,FUNCTIONING PROPERLY,CLEAR,DAYLIGHT,PEDESTRIAN,ONE-WAY,,STRAIGHT AND LEVEL,DRY,NO DEFECTS,ON SCENE,INJURY AND / OR TOW DUE TO CRASH,,,,$500 OR LESS,08/17/2025 04:07:00 PM,UNABLE TO DETERMINE,UNABLE TO DETERMINE,3950,S,DR MARTIN LUTHER KING JR DR,213,,,,,,,2,NONINCAPACITATING INJURY,1,0,0,1,0,3,0,16,1,8,41.8222956894,-87.6171018752,POINT (-87.617101875208 41.822295689433)
833e9d7f25da27f400cde0ec040e197be115ed245d2e931f63f8ddaa1836afa829d8dd0699984f10243aef158238f24fd7e61a600b267aa299e4a0a83fdd7405,,08/17/2025 03:59:00 PM,30,NO CONTROLS,NO CONTROLS,CLEAR,DAYLIGHT,SIDESWIPE SAME DIRECTION,ONE-WAY,,STRAIGHT AND LEVEL,DRY,UNKNOWN,ON SCENE,INJURY AND / OR TOW DUE TO CRASH,,,,"OVER $1,500",08/17/2025 04:00:00 PM,FAILING TO YIELD RIGHT-OF-WAY,NOT APPLICABLE,4334,W,30TH ST,1031,,,,,,,2,"REPORTED, NOT EVIDENT",1,0,0,0,1,1,0,15,1,8,41.8387315553,-87.7330544553,POINT (-87.733054455256 41.838731555288)
ba5c6b04487262e0aa3b76bb55156a43161f534fc6268bb5095f28d163e98a6907fcb7bb9b5fc0d2ef2a64054dfb11083b3f911a6026749576929db5dd97c95f,,08/17/2025 03:47:00 PM,30,TRAFFIC SIGNAL,FUNCTIONING PROPERLY,CLEAR,DAYLIGHT,REAR END,DIVIDED - W/MEDIAN (NOT RAISED),,STRAIGHT AND LEVEL,DRY,NO DEFECTS,NOT ON SCENE (DESK REPORT),INJURY AND / OR TOW DUE TO CRASH,,,,"OVER $1,500",08/17/2025 03:47:00 PM,UNABLE TO DETERMINE,UNABLE TO DETERMINE,614,E,95TH ST,633,,,,,,,2,"REPORTED, NOT EVIDENT",2,0,0,0,2,1,0,15,1,8,41.7220943302,-87.6087043709,POINT (-87.608704370899 41.722094330242)
f8e5324e2fe074a308584d1d6d163a8f5fbe2b505d6c1172df14b3df14fe11861468b9ed6e14a3e551dae5ab21d131669f17bcfaad91e61b636d847c57b4b3c3,,08/17/2025 03:47:00 PM,25,STOP SIGN/FLASHER,NO CONTROLS,CLEAR,DAYLIGHT,PEDALCYCLIST,NOT DIVIDED,,STRAIGHT AND LEVEL,DRY,UNKNOWN,ON SCENE,INJURY AND / OR TOW DUE TO CRASH,,,,$500 OR LESS,08/17/2025 03:48:00 PM,UNABLE TO DETERMINE,UNABLE TO DETERMINE,3932,W,78TH ST,833,,,,,,,2,"REPORTED, NOT EVIDENT",1,0,0,0,1,1,0,15,1,8,41.7514720539,-87.7218086993,POINT (-87.721808699303 41.751472053894)
d5bd1cb5861766105d15b9251d8c68c77a3516a8d4b9e879da67266c5f3c5adc0ce31d92ff0085a5d09f3536ec68b51acb5ad84281c6f9d5db38d2919e6aaf8f,,08/17/2025 03:41:00 PM,30,STOP SIGN/FLASHER,FUNCTIONING PROPERLY,CLEAR,DAYLIGHT,ANGLE,NOT DIVIDED,,STRAIGHT AND LEVEL,DRY,NO DEFECTS,ON SCENE,NO INJURY / DRIVE AWAY,,,,"OVER $1,500",08/17/2025 03:43:00 PM,FAILING TO YIELD RIGHT-OF-WAY,NOT APPLICABLE,3326,N,CLARK ST,1924,,,,,,,2,NO INDICATION OF INJURY,0,0,0,0,0,2,0,15,1,8,41.9423497857,-87.6527864544,POINT (-87.65278645444 41.94234978566)
1a17da671f02a44e88a1b84d8b1e60ac901af03a6e99e062cd40c77c7f23a270294ff5fe69169e38954b85c559e5ef2cfeaa56257f77cc5bdcecf3c29acbd4e5,,08/17/2025 03:40:00 PM,30,TRAFFIC SIGNAL,FUNCTIONING PROPERLY,RAIN,DAYLIGHT,TURNING,DIVIDED - W/MEDIAN (NOT RAISED),,STRAIGHT AND LEVEL,DRY,NO DEFECTS,NOT ON SCENE (DESK REPORT),NO INJURY / DRIVE AWAY,,,,"OVER $1,500",08/17/2025 04:05:00 PM,IMPROPER TURNING/NO SIGNAL,NOT APPLICABLE,1600,W,JACKSON BLVD,1231,,,,,,,2,NO INDICATION OF INJURY,0,0,0,0,0,3,0,15,1,8,41.8777322185,-87.6668159506,POINT (-87.666815950554 41.877732218454)
1f222ebd56f5e61c2ad1dd9e7480f3ddf75fc71dfd8d13cb34bff20537ab2d5087b5577de26b4d5858280f2a03d63511963f970c64aa130759353830b70c5bbf,,08/17/2025 03:40:00 PM,15,NO CONTROLS,NO CONTROLS,CLEAR,DAYLIGHT,ANGLE,ALLEY,,STRAIGHT AND LEVEL,UNKNOWN,UNKNOWN,NOT ON SCENE (DESK REPORT),NO INJURY / DRIVE AWAY,,,,"OVER $1,500",08/17/2025 04:00:00 PM,UNABLE TO DETERMINE,UNABLE TO DETERMINE,3315,W,79TH ST,834,,,,,,,2,NO INDICATION OF INJURY,0,0,0,0,0,2,0,15,1,8,41.7495832689,-87.7054401231,POINT (-87.705440123083 41.749583268865)
67bbfaaaee3066607f89ad283ae041a7e8863958255c40bacd86392ca024f533fa809ea3165cea63f622c94fcb9c1678c767e7a58a3c68b1027640f9484400c6,,08/17/2025 03:40:00 PM,30,NO CONTROLS,NO CONTROLS,CLEAR,DAYLIGHT,PARKED MOTOR VEHICLE,PARKING LOT,,STRAIGHT AND LEVEL,DRY,NO DEFECTS,ON SCENE,NO INJURY / DRIVE AWAY,,,Y,"OVER $1,500",08/17/2025 04:00:00 PM,NOT APPLICABLE,NOT APPLICABLE,645,N,DRAKE AVE,1121,,N,,,,,2,NO INDICATION OF INJURY,0,0,0,0,0,2,0,15,1,8,41.8931977109,-87.7148779224,POINT (-87.714877922434 41.893197710879)
19d2f8b1d6ce0d7806c471de8783204fe1d952870f3b5ae5fc5b1e0588c76cb430ec65f31ce0077819355dfe8c8b59d276d9ba55d7d7d0cab7cc50bb33f43806,,08/17/2025 03:38:00 PM,30,NO CONTROLS,NO CONTROLS,CLEAR,DAYLIGHT,PARKED MOTOR VEHICLE,NOT DIVIDED,,STRAIGHT AND LEVEL,DRY,NO DEFECTS,NOT ON SCENE (DESK REPORT),INJURY AND / OR TOW DUE TO CRASH,,,Y,"OVER $1,500",08/17/2025 07:04:00 PM,UNABLE TO DETERMINE,UNABLE TO DETERMINE,1210,E,HYDE PARK BLVD,222,,,,,,,2,NO INDICATION OF INJURY,0,0,0,0,0,1,0,15,1,8,41.8024802783,-87.5962826801,POINT (-87.596282680073 41.802480278272)
0941ca1f742fc46e1dfc58ab20ff1851590f38ee9e09a5968b80c090f32cd5c1d6fff7632a75219e229432b757dfa6f9c7d01dee12220b4f3fb0ecb179fae50b,,08/17/2025 03:37:00 PM,15,NO CONTROLS,NO CONTROLS,UNKNOWN,UNKNOWN,REAR TO SIDE,PARKING LOT,,STRAIGHT AND LEVEL,UNKNOWN,UNKNOWN,NOT ON SCENE (DESK REPORT),NO INJURY / DRIVE AWAY,,Y,,"OVER $1,500",08/21/2025 11:40:00 AM,UNABLE TO DETERMINE,NOT APPLICABLE,424,W,DIVISION ST,1821,,,,,,,2,NO INDICATION OF INJURY,0,0,0,0,0,2,0,15,1,8,41.9038839611,-87.6394372016,POINT (-87.639437201552 41.90388396114)
2ba063f69134bea01b0d92f43721c675944199bb8246210b2d8399e7904eb02cfd32cb85de8804557caab88692f90e37ff058cd35a64b1eb7745404a2e78fe41,,08/17/2025 03:31:00 PM,30,STOP SIGN/FLASHER,FUNCTIONING PROPERLY,CLEAR,DAYLIGHT,TURNING,DIVIDED - W/MEDIAN (NOT RAISED),,STRAIGHT AND LEVEL,DRY,NO DEFECTS,ON SCENE,INJURY AND / OR TOW DUE TO CRASH,,,Y,"OVER $1,500",08/17/2025 03:41:00 PM,FAILING TO YIELD RIGHT-OF-WAY,NOT APPLICABLE,5298,S,PRINCETON AVE,935,,,,,,,2,NO INDICATION OF INJURY,0,0,0,0,0,6,0,15,1,8,41.798216355,-87.6332412038,POINT (-87.63324120384 41.798216355048)
26b6d80e40ef689b68c5bed677b5c7eddc76c2501518e6614f6c9392c9df2203b9f30fed2ff46411877de6e7425ba0be9e1ab87605626d643d274a191249655a,,08/17/2025 03:30:00 PM,30,NO CONTROLS,NO CONTROLS,CLEAR,DAYLIGHT,PARKED MOTOR VEHICLE,NOT DIVIDED,,STRAIGHT AND LEVEL,DRY,UNKNOWN,NOT ON SCENE (DESK REPORT),NO INJURY / DRIVE AWAY,,,,$500 OR LESS,08/17/2025 03:30:00 PM,FAILING TO YIELD RIGHT-OF-WAY,NOT APPLICABLE,1645,N,CLARK ST,1814,,,,,,,2,NO INDICATION OF INJURY,0,0,0,0,0,1,0,15,1,8,41.91251871,-87.6322914516,POINT (-87.632291451578 41.912518710009)
58bd7a2864e5b7240d8cf3ff018cc969d141795783c637763155ff4aa2921032e6584c5ce4ae9a8584b6ce17a87e1d2c615de12de14f374280536826ec0f4516,,08/17/2025 03:30:00 PM,30,UNKNOWN,UNKNOWN,CLEAR,DAYLIGHT,REAR TO SIDE,PARKING LOT,,STRAIGHT AND LEVEL,UNKNOWN,UNKNOWN,NOT ON SCENE (DESK REPORT),NO INJURY / DRIVE AWAY,,,,"$501 - $1,500",08/17/2025 07:19:00 PM,NOT APPLICABLE,NOT APPLICABLE,6820,S,STONY ISLAND AVE,332,,,,,,,2,NO INDICATION OF INJURY,0,0,0,0,0,2,0,15,1,8,41.7708587251,-87.5864132973,POINT (-87.58641329728 41.770858725122)
7b09edbfd2be3c7700c6d765e5fdd964083bfad7f9a358d1224f646ce2a6a51d629786ccf63de51b637732806b31f223dbac294e6aac25320e7911290f46b95a,,08/17/2025 03:30:00 PM,30,TRAFFIC SIGNAL,FUNCTIONING PROPERLY,CLEAR,DAYLIGHT,REAR END,DIVIDED - W/MEDIAN (NOT RAISED),,STRAIGHT AND LEVEL,DRY,NO DEFECTS,NOT ON SCENE (DESK REPORT),NO INJURY / DRIVE AWAY,,,,"OVER $1,500",08/17/2025 08:00:00 PM,UNABLE TO DETERMINE,UNABLE TO DETERMINE,5155,W,CHICAGO AVE,1531,,,,,,,2,NO INDICATION OF INJURY,0,0,0,0,0,3,0,15,1,8,41.8948321433,-87.7553756907,POINT (-87.755375690702 41.894832143318)
7fcde4cb92a16e00daa523f245336c5c61fa7900a980fe5a7f2d5702ff6e9621a5721460f1c7d68dde69f2625484ebeab5e6d9f2a542035ee320f9303f521bd0,,08/17/2025 03:30:00 PM,30,TRAFFIC SIGNAL,FUNCTIONING PROPERLY,CLEAR,DAYLIGHT,REAR END,DIVIDED - W/MEDIAN (NOT RAISED),,STRAIGHT AND LEVEL,UNKNOWN,UNKNOWN,NOT ON SCENE (DESK REPORT),NO INJURY / DRIVE AWAY,Y,,,"OVER $1,500",08/20/2025 09:00:00 AM,FAILING TO REDUCE SPEED TO AVOID CRASH,UNABLE TO DETERMINE,5148,W,ADDISON ST,1634,,,,,,,3,NO INDICATION OF INJURY,0,0,0,0,0,3,0,15,1,8,41.9461170272,-87.7564243656,POINT (-87.756424365647 41.946117027248)
4304e6fb8f46f654c7831d3f8cbf539fa7be197541465f94c57c3a5883c68ef88298808485a020f2d3b069ef33096e6869b2f73eef6eb32ff2323b12ef7b15b4,,08/17/2025 03:20:00 PM,30,NO CONTROLS,NO CONTROLS,CLEAR,DAYLIGHT,PEDESTRIAN,NOT DIVIDED,,STRAIGHT AND LEVEL,DRY,NO DEFECTS,ON SCENE,INJURY AND / OR TOW DUE TO CRASH,,,,"OVER $1,500",08/17/2025 03:28:00 PM,FAILING TO YIELD RIGHT-OF-WAY,UNABLE TO DETERMINE,2656,N,ELSTON AVE,1432,,,,,,,2,NONINCAPACITATING INJURY,1,0,0,1,0,1,0,15,1,8,41.9298489966,-87.6846437835,POINT (-87.684643783527 41.929848996597)