CRASH_RECORD_ID,CRASH_DATE_EST_I,CRASH_DATE,POSTED_SPEED_LIMIT,TRAFFIC_CONTROL_DEVICE,DEVICE_CONDITION,WEATHER_CONDITION,LIGHTING_CONDITION,FIRST_CRASH_TYPE,TRAFFICWAY_TYPE,LANE_CNT,ALIGNMENT,ROADWAY_SURFACE_COND,ROAD_DEFECT,REPORT_TYPE,CRASH_TYPE,INTERSECTION_RELATED_I,NOT_RIGHT_OF_WAY_I,HIT_AND_RUN_I,DAMAGE,DATE_POLICE_NOTIFIED,PRIM_CONTRIBUTORY_CAUSE,SEC_CONTRIBUTORY_CAUSE,STREET_NO,STREET_DIRECTION,STREET_NAME,BEAT_OF_OCCURRENCE,PHOTOS_TAKEN_I,STATEMENTS_TAKEN_I,DOORING_I,WORK_ZONE_I,WORK_ZONE_TYPE,WORKERS_PRESENT_I,NUM_UNITS,MOST_SEVERE_INJURY,INJURIES_TOTAL,INJURIES_FATAL,INJURIES_INCAPACITATING,INJURIES_NON_INCAPACITATING,INJURIES_REPORTED_NOT_EVIDENT,INJURIES_NO_INDICATION,INJURIES_UNKNOWN,CRASH_HOUR,CRASH_DAY_OF_WEEK,CRASH_MONTH,LATITUDE,LONGITUDE,LOCATION
e2d9dd7e7d26ee2c01d0530be030f694639d12ef39c96a4b5a02802205fca954e4f39652e768cb8016c9db07d84623798430b30a25c1207637b326e70adcf2a5,,08/17/2025 03:20:00 PM,30,NO CONTROLS,NO CONTROLS,CLEAR,DAYLIGHT,SIDESWIPE SAME DIRECTION,NOT DIVIDED,,STRAIGHT AND LEVEL,DRY,UNKNOWN,,INJURY AND / OR TOW DUE TO CRASH,,,,$500 OR LESS,08/17/2025 03:50:00 PM,UNABLE TO DETERMINE,UNABLE TO DETERMINE,1150,W,TAYLOR ST,1232,,,,,,,2,NONINCAPACITATING INJURY,1,0,0,1,0,2,0,15,1,8,41.8695335439,-87.6562609787,POINT (-87.65626097874 41.869533543941)
c6e88222fff798b2a2c7ab2c7330e1d22c8a4167d4027fd44cc4abdd6e21c68409221042cf60aed5f870efeee4bdc45d15f8be2736035f6eb17b1ff64dec3d0b,,08/17/2025 03:15:00 PM,30,TRAFFIC SIGNAL,FUNCTIONING PROPERLY,CLEAR,DAWN,TURNING,DIVIDED - W/MEDIAN (NOT RAISED),,STRAIGHT AND LEVEL,DRY,NO DEFECTS,ON SCENE,NO INJURY / DRIVE AWAY,Y,,,"OVER $1,500",08/17/2025 03:21:00 PM,NOT APPLICABLE,NOT APPLICABLE,400,W,DIVISION ST,1821,,,,,,,2,NO INDICATION OF INJURY,0,0,0,0,0,2,0,15,1,8,41.9039027427,-87.6383708862,POINT (-87.63837088624 41.903902742747)
fb7abb713cf2be48ca50217c5e27d82c2d9c14b53653e25f4d9d4380853774e3113a5f713629381ca00ed77220213759b78c2d0c3bee915790647e5e892040fe,,08/17/2025 03:10:00 PM,30,TRAFFIC SIGNAL,FUNCTIONING PROPERLY,CLEAR,DAYLIGHT,REAR END,DIVIDED - W/MEDIAN BARRIER,,STRAIGHT AND LEVEL,DRY,NO DEFECTS,NOT ON SCENE (DESK REPORT),NO INJURY / DRIVE AWAY,Y,,Y,"OVER $1,500",08/17/2025 03:40:00 PM,UNABLE TO DETERMINE,NOT APPLICABLE,6309,S,STATE ST,312,,,,,,,2,NO INDICATION OF INJURY,0,0,0,0,0,5,0,15,1,8,41.7797900332,-87.625230768,POINT (-87.625230767983 41.779790033188)
62eda35cc166230d3dd4c99f3b3c6cf160d01783c256a3bdcaf15b9220532fbd90b413da08c6aa503c8c05a1a078f0ecbb23dacac95e522e7b67849e70d2e450,,08/17/2025 03:00:00 PM,30,NO CONTROLS,NO CONTROLS,CLEAR,DAYLIGHT,TURNING,ONE-WAY,,STRAIGHT AND LEVEL,DRY,NO DEFECTS,ON SCENE,INJURY AND / OR TOW DUE TO CRASH,,,,"$501 - $1,500",08/18/2025 09:21:00 AM,UNABLE TO DETERMINE,UNABLE TO DETERMINE,65,E,GOETHE ST,1824,,,,,,,2,NONINCAPACITATING INJURY,1,0,0,1,0,1,0,15,1,8,41.9057365121,-87.6261857286,POINT (-87.626185728626 41.905736512149)
9081d290595001a663012c88b9d47d47410a30115bb6be58b261ba9b7fa045c38e1cc84da588443d8012f868ff90c4a321d71028f09b9f32177f9089dd742df5,,08/17/2025 03:00:00 PM,30,NO CONTROLS,NO CONTROLS,CLEAR,DAYLIGHT,TURNING,NOT DIVIDED,,STRAIGHT AND LEVEL,UNKNOWN,UNKNOWN,NOT ON SCENE (DESK REPORT),NO INJURY / DRIVE AWAY,,,Y,"$501 - $1,500",08/17/2025 03:35:00 PM,NOT APPLICABLE,NOT APPLICABLE,1969,N,HALSTED ST,1813,,,,,,,2,NO INDICATION OF INJURY,0,0,0,0,0,2,0,15,1,8,41.9179168182,-87.6483507682,POINT (-87.648350768163 41.91791681819)
f2cbc58337f0aa7c998cd0fc0f13cced4a7352198685620d0a6a8b2532231f5ce199cd81c10d346f7a6cfa2ee19cbdd4a42132e27b89caf8ca102cc6a8632069,Y,08/17/2025 03:00:00 PM,30,TRAFFIC SIGNAL,FUNCTIONING IMPROPERLY,CLEAR,DAYLIGHT,ANGLE,FOUR WAY,,STRAIGHT AND LEVEL,DRY,NO DEFECTS,ON SCENE,NO INJURY / DRIVE AWAY,Y,,,"OVER $1,500",08/17/2025 03:08:00 PM,DRIVING SKILLS/KNOWLEDGE/EXPERIENCE,DISREGARDING OTHER TRAFFIC SIGNS,1200,W,51ST ST,933,,,,,,,2,NO INDICATION OF INJURY,0,0,0,0,0,3,0,15,1,8,41.8015611784,-87.6551217865,POINT (-87.655121786516 41.801561178361)
ff96b852a08f56603768aec8a1c0859739ba122d521892287462dccd575871b0cf5d677d55436727b18ed48cde2b38c63269bb529b181374ff002ce3cc1c4800,,08/17/2025 03:00:00 PM,30,NO CONTROLS,NO CONTROLS,CLEAR,DAYLIGHT,PARKED MOTOR VEHICLE,NOT DIVIDED,,STRAIGHT AND LEVEL,UNKNOWN,UNKNOWN,NOT ON SCENE (DESK REPORT),NO INJURY / DRIVE AWAY,,,,"OVER $1,500",08/17/2025 05:30:00 PM,UNABLE TO DETERMINE,NOT APPLICABLE,2055,W,BALMORAL AVE,2012,,,,,,,2,NO INDICATION OF INJURY,0,0,0,0,0,2,0,15,1,8,41.9795263295,-87.6816853763,POINT (-87.681685376265 41.979526329453)
91519283ab51c01b049b27026f5cabd1b67bc6fa37246ff3c6bcd67451b85ce5b26195dac75661f735ed403f26851277c57876b3756322d527ecba7e373527d1,,08/17/2025 02:58:00 PM,25,NO CONTROLS,UNKNOWN,CLOUDY/OVERCAST,DAYLIGHT,PEDALCYCLIST,NOT DIVIDED,,STRAIGHT AND LEVEL,DRY,UNKNOWN,ON SCENE,INJURY AND / OR TOW DUE TO CRASH,,,,"$501 - $1,500",08/17/2025 03:11:00 PM,FAILING TO YIELD RIGHT-OF-WAY,UNABLE TO DETERMINE,2856,N,ELSTON AVE,1411,,,,,,,2,"REPORTED, NOT EVIDENT",1,0,0,0,1,1,0,14,1,8,41.9332836747,-87.6896435803,POINT (-87.689643580305 41.933283674732)
b0f02c492c056b4fa0518d4927f0686036f69f3677aa20247288ad7c465ba8a1fcc1614e268e662463b85b9c5feea65aa56fada2420680732e87fffdba7411dd,,08/17/2025 02:57:00 PM,55,NO CONTROLS,NO CONTROLS,CLEAR,DAYLIGHT,SIDESWIPE SAME DIRECTION,DIVIDED - W/MEDIAN BARRIER,,STRAIGHT AND LEVEL,DRY,NO DEFECTS,ON SCENE,NO INJURY / DRIVE AWAY,,,,"$501 - $1,500",08/17/2025 03:53:00 PM,UNABLE TO DETERMINE,UNABLE TO DETERMINE,5907,N,WINTHROP AVE,2022,,,,,,,2,NO INDICATION OF INJURY,0,0,0,0,0,2,0,14,1,8,41.9893446008,-87.6580447783,POINT (-87.65804477833 41.989344600843)
a8b2125b88df925d2b6dd2afd7e80e0c2ec959ea610c0c0bc62012350146081e7561a4542b6a05a4882ebaa795498ad693b2b328c227fa953750e9bd545fa628,,08/17/2025 02:54:00 PM,30,NO CONTROLS,NO CONTROLS,CLEAR,DAYLIGHT,TURNING,NOT DIVIDED,,STRAIGHT AND LEVEL,DRY,NO DEFECTS,ON SCENE,INJURY AND / OR TOW DUE TO CRASH,,,,"OVER $1,500",08/17/2025 03:00:00 PM,IMPROPER TURNING/NO SIGNAL,NOT APPLICABLE,4011,W,FIFTH AVE,1132,,,,,,,2,"REPORTED, NOT EVIDENT",2,0,0,0,2,1,0,14,1,8,41.8727586016,-87.7258284765,POINT (-87.725828476531 41.87275860161)
42ba2e67102cf1a872a90fb9a68c81bfc4524d199e56e5ba6224ec570665f1fa73f75aadb428a53eb636ee191eb1c269271d5c75ba0cbd7a40f023d768bfa5b5,,08/17/2025 02:52:00 PM,30,UNKNOWN,UNKNOWN,CLEAR,DAYLIGHT,TURNING,NOT DIVIDED,,STRAIGHT AND LEVEL,DRY,UNKNOWN,NOT ON SCENE (DESK REPORT),NO INJURY / DRIVE AWAY,,,,$500 OR LESS,08/18/2025 01:40:00 PM,UNABLE TO DETERMINE,NOT APPLICABLE,3200,N,SHERIDAN RD,1925,,,,,,,2,NO INDICATION OF INJURY,0,0,0,0,0,2,0,14,1,8,41.9401895462,-87.6397019809,POINT (-87.639701980874 41.940189546244)
48a40d2d1fe0f5a5e70cda9967dfbe872b73bf7ed5ff8299a91c56fab4637e4d8bf44d060c09e52974aa196c39a6531430f1b0c2019ba0959c43e53854dd817c,,08/17/2025 02:50:00 PM,10,NO CONTROLS,NO CONTROLS,CLEAR,DAYLIGHT,PARKED MOTOR VEHICLE,PARKING LOT,,STRAIGHT AND LEVEL,DRY,NO DEFECTS,NOT ON SCENE (DESK REPORT),NO INJURY / DRIVE AWAY,,,Y,"OVER $1,500",08/17/2025 03:16:00 PM,UNABLE TO DETERMINE,NOT APPLICABLE,2526,W,CERMAK RD,1023,,,,,,,2,NO INDICATION OF INJURY,0,0,0,0,0,1,0,14,1,8,41.8521006532,-87.6890511106,POINT (-87.689051110607 41.85210065324)
b438f6d3478fda8376bc6877c72f1dc96cb74fa92b7ccdfae8bb6d785cfe082a2201b0cd17e30f7019054eb952e1600428980cf4b3400c926ab1f76ab748069f,,08/17/2025 02:49:00 PM,30,STOP SIGN/FLASHER,FUNCTIONING PROPERLY,CLEAR,DAYLIGHT,REAR END,DIVIDED - W/MEDIAN (NOT RAISED),,STRAIGHT AND LEVEL,DRY,NO DEFECTS,ON SCENE,NO INJURY / DRIVE AWAY,Y,,Y,"OVER $1,500",08/17/2025 03:05:00 PM,NOT APPLICABLE,NOT APPLICABLE,2900,N,AUSTIN AVE,2511,,,,,,,2,NO INDICATION OF INJURY,0,0,0,0,0,2,0,14,1,8,41.9330517239,-87.7761761232,POINT (-87.776176123173 41.933051723887)
ff39424c5c31e96aebd55d30308e4c6b5290f7168ff003d2037042f5d1619b5d311693796068de1a30e66f7d13e2924ca3f2d66155785bbe1439c417e1aeadde,,08/17/2025 02:45:00 PM,30,NO CONTROLS,NO CONTROLS,CLEAR,DAYLIGHT,SIDESWIPE SAME DIRECTION,NOT DIVIDED,,STRAIGHT AND LEVEL,DRY,NO DEFECTS,NOT ON SCENE (DESK REPORT),NO INJURY / DRIVE AWAY,Y,,Y,"OVER $1,500",08/17/2025 04:45:00 PM,IMPROPER LANE USAGE,UNABLE TO DETERMINE,5200,S,HALSTED ST,934,,,,,,,2,NO INDICATION OF INJURY,0,0,0,0,0,6,0,14,1,8,41.7996752873,-87.6454412782,POINT (-87.64544127819 41.799675287293)
67d5156c3d17508343860100863e69af2746d5eedb12107900404acaed47e2f79aabbbe44723734c1196a2cdbd3af008b8ce027c0097aba635d7105e893df725,Y,08/17/2025 02:40:00 PM,25,TRAFFIC SIGNAL,FUNCTIONING PROPERLY,CLEAR,DAYLIGHT,TURNING,NOT DIVIDED,,STRAIGHT AND LEVEL,DRY,NO DEFECTS,NOT ON SCENE (DESK REPORT),NO INJURY / DRIVE AWAY,,,Y,"OVER $1,500",08/17/2025 03:30:00 PM,NOT APPLICABLE,NOT APPLICABLE,2800,N,DAMEN AVE,1931,,,,,,,2,NO INDICATION OF INJURY,0,0,0,0,0,6,0,14,1,8,41.9323294941,-87.6782827193,POINT (-87.678282719314 41.932329494099)
07bb12fc93367d34f700b55ae5cafe57f7ef0edc424e02197dcbc5dbee0205c43387768e2ade1bbe5a4b52713aa0ce26fbd49cedd67f1e32e727f90fdc3bd5b4,Y,08/17/2025 02:30:00 PM,30,NO CONTROLS,NO CONTROLS,UNKNOWN,UNKNOWN,PARKED MOTOR VEHICLE,ONE-WAY,,STRAIGHT AND LEVEL,UNKNOWN,UNKNOWN,NOT ON SCENE (DESK REPORT),NO INJURY / DRIVE AWAY,,,Y,"OVER $1,500",08/17/2025 03:59:00 PM,UNABLE TO DETERMINE,UNABLE TO DETERMINE,3724,N,ST LOUIS AVE,1732,,,,,,,2,NO INDICATION OF INJURY,0,0,0,0,0,1,0,14,1,8,41.9491258286,-87.7153835279,POINT (-87.715383527939 41.949125828575)
62afd40b38994d6e52416cdd93055e7e0e9424e392f39f71c8d65b24b6b9b59bdab58d84a0b4973d7ba1729d49aa9b0f57bb6259a623b061c7a20019e1124c46,Y,08/17/2025 02:30:00 PM,30,TRAFFIC SIGNAL,FUNCTIONING PROPERLY,CLEAR,DAYLIGHT,REAR END,NOT DIVIDED,,STRAIGHT AND LEVEL,DRY,UNKNOWN,NOT ON SCENE (DESK REPORT),NO INJURY / DRIVE AWAY,,,,"OVER $1,500",08/17/2025 02:40:00 PM,FOLLOWING TOO CLOSELY,NOT APPLICABLE,4000,N,WESTERN AVE,1911,,,,,,,2,NO INDICATION OF INJURY,0,0,0,0,0,3,0,14,1,8,41.9540567135,-87.688614472,POINT (-87.688614471985 41.954056713542)
6929a793814b031c4842bd3b1f3f442c0f6b71937f5abd3e37d5ddf41c735d9a3167b4eaed81846bd09880640a4f9d71f0f7d7dab5d3184a1c6b13dca148356d,,08/17/2025 02:30:00 PM,30,TRAFFIC SIGNAL,FUNCTIONING PROPERLY,CLEAR,DAYLIGHT,TURNING,DIVIDED - W/MEDIAN (NOT RAISED),,STRAIGHT AND LEVEL,DRY,NO DEFECTS,NOT ON SCENE (DESK REPORT),NO INJURY / DRIVE AWAY,,,,"OVER $1,500",08/17/2025 04:50:00 PM,UNABLE TO DETERMINE,NOT APPLICABLE,2700,N,WOLCOTT AVE,1931,,,,,,,2,NO INDICATION OF INJURY,0,0,0,0,0,3,0,14,1,8,41.9301829893,-87.6754948744,POINT (-87.67549487436 41.930182989348)
ada6e24d6d0e8503b00fd543f81bf674365e8514afa905ec32e357f1ca63ea087374e007c8e855ae3fd14643246dd4594b2eea127279a6d429749bb557317176,,08/17/2025 02:30:00 PM,30,NO CONTROLS,NO CONTROLS,UNKNOWN,DAYLIGHT,SIDESWIPE SAME DIRECTION,DIVIDED - W/MEDIAN (NOT RAISED),,STRAIGHT AND LEVEL,UNKNOWN,UNKNOWN,NOT ON SCENE (DESK REPORT),INJURY AND / OR TOW DUE TO CRASH,,,,"OVER $1,500",08/20/2025 08:25:00 PM,UNABLE TO DETERMINE,UNABLE TO DETERMINE,3611,E,106TH ST,432,,,,,,,2,NO INDICATION OF INJURY,0,0,0,0,0,2,0,14,1,8,41.7026266903,-87.5360147243,POINT (-87.53601472432 41.702626690343)
e8cfaa412463c87de854281bfb27745b747ffbe7dd7b31483512d1acb8f0a8a6f1c1c5cfcc05ccd8263426ed69d738f8f3988ee305f4be3c2f6d7b82d54c7fa9,,08/17/2025 02:30:00 PM,20,NO CONTROLS,NO CONTROLS,CLEAR,DAYLIGHT,FIXED OBJECT,PARKING LOT,,STRAIGHT AND LEVEL,DRY,NO DEFECTS,NOT ON SCENE (DESK REPORT),NO INJURY / DRIVE AWAY,,,,$500 OR LESS,08/17/2025 05:30:00 PM,IMPROPER BACKING,NOT APPLICABLE,3510,S,MICHIGAN AVE,213,,,,,,,2,NO INDICATION OF INJURY,0,0,0,0,0,1,0,14,1,8,41.8307016873,-87.6233953459,POINT (-87.623395345899 41.830701687298)
ff75474c9578035c15dc821c2bb642d37e04c45c8949c5f83a837ef757a454404cb371f8a1e1f1d977c059e71ff9fa99bec73d5da1ddc3e9624db252e1b2e7af,,08/17/2025 02:30:00 PM,30,NO CONTROLS,NO CONTROLS,CLEAR,DAYLIGHT,PARKED MOTOR VEHICLE,PARKING LOT,,STRAIGHT AND LEVEL,DRY,UNKNOWN,NOT ON SCENE (DESK REPORT),NO INJURY / DRIVE AWAY,,,,"$501 - $1,500",08/19/2025 05:15:00 PM,DRIVING SKILLS/KNOWLEDGE/EXPERIENCE,DRIVING SKILLS/KNOWLEDGE/EXPERIENCE,2030,S,STATE ST,131,,,,,,,2,NO INDICATION OF INJURY,0,0,0,0,0,1,0,14,1,8,41.854535033,-87.6272677388,POINT (-87.627267738803 41.854535032965)
5c83b9f1e7ba382d2933843a122a807eeabb49089eb75d1b08b431202362cc9ac30c9735e91a21e186532f8e02cdcee1636b258c30cc25fa514a93e3595f4860,,08/17/2025 02:15:00 PM,30,TRAFFIC SIGNAL,FUNCTIONING PROPERLY,CLEAR,DAYLIGHT,SIDESWIPE SAME DIRECTION,NOT DIVIDED,,STRAIGHT AND LEVEL,DRY,NO DEFECTS,ON SCENE,NO INJURY / DRIVE AWAY,,,Y,"OVER $1,500",08/17/2025 02:25:00 PM,UNABLE TO DETERMINE,UNABLE TO DETERMINE,300,W,47TH ST,925,,,,,,,2,NO INDICATION OF INJURY,0,0,0,0,0,2,0,14,1,8,41.8091854091,-87.6334274395,POINT (-87.633427439501 41.809185409056)
7af573405a972c13b9f1865111385f038c79fe6ee4008299684bb8697d494569b751c74ef3951a75e3bf24c8239124b7b1b71f0bc4de95d522c7ad1441fc24ea,,08/17/2025 02:10:00 PM,30,STOP SIGN/FLASHER,FUNCTIONING PROPERLY,CLEAR,DAYLIGHT,TURNING,T-INTERSECTION,,STRAIGHT AND LEVEL,DRY,UNKNOWN,NOT ON SCENE (DESK REPORT),NO INJURY / DRIVE AWAY,Y,,Y,"OVER $1,500",08/17/2025 04:46:00 PM,FAILING TO YIELD RIGHT-OF-WAY,NOT APPLICABLE,3598,N,SPAULDING AVE,1733,,,,,,,2,NO INDICATION OF INJURY,0,0,0,0,0,2,0,14,1,8,41.9465285252,-87.7099750799,POINT (-87.709975079944 41.946528525249)
a0f05577e963a515154ad5ef67f7db5b5425976b8d51738a6e272fb096989a04db900182184a2f835310767dab56a7d3673d6cd66d166cd279d2e611a6635308,,08/17/2025 02:10:00 PM,30,TRAFFIC SIGNAL,FUNCTIONING PROPERLY,CLEAR,DAYLIGHT,ANGLE,FOUR WAY,,STRAIGHT AND LEVEL,DRY,NO DEFECTS,NOT ON SCENE (DESK REPORT),NO INJURY / DRIVE AWAY,Y,,Y,"OVER $1,500",08/17/2025 04:35:00 PM,FAILING TO YIELD RIGHT-OF-WAY,DRIVING SKILLS/KNOWLEDGE/EXPERIENCE,1601,N,ASHLAND AVE,1433,,,,,,,2,NO INDICATION OF INJURY,0,0,0,0,0,2,0,14,1,8,41.9107233232,-87.6675469592,POINT (-87.667546959206 41.91072332316)
71fd6e415f7512a36ea383068797d5ed0ea25653ca9c384a0eddcf0058086337df5c91332dc983b79481ba34f19d7f7ff6c959ba85f3dc5ec200776e5022d95f,,08/17/2025 02:00:00 PM,30,NO CONTROLS,NO CONTROLS,CLEAR,DAYLIGHT,PARKED MOTOR VEHICLE,ONE-WAY,,STRAIGHT AND LEVEL,DRY,UNKNOWN,NOT ON SCENE (DESK REPORT),NO INJURY / DRIVE AWAY,,,Y,"OVER $1,500",08/17/2025 06:38:00 PM,UNABLE TO DETERMINE,NOT APPLICABLE,900,N,KEELER AVE,1111,,,,,,,2,NO INDICATION OF INJURY,0,0,0,0,0,1,0,14,1,8,41.8971564172,-87.7312145477,POINT (-87.731214547689 41.897156417172)
e7e965f1ae17ba8edf6a3666837a51520e99baed0cf3c786820ff7261e10c0693e872c3c663e80169c50ba5835f72cbb15672ca6017c8719695cf2eba8f28afc,Y,08/17/2025 02:00:00 PM,30,NO CONTROLS,NO CONTROLS,CLEAR,DAYLIGHT,PARKED MOTOR VEHICLE,NOT DIVIDED,,STRAIGHT AND LEVEL,DRY,UNKNOWN,NOT ON SCENE (DESK REPORT),NO INJURY / DRIVE AWAY,,,N,"OVER $1,500",08/17/2025 04:00:00 PM,UNABLE TO DETERMINE,NOT APPLICABLE,3400,N,ASHLAND AVE,1922,,,,,,,2,NO INDICATION OF INJURY,0,0,0,0,0,1,0,14,1,8,41.9434323134,-87.6689127564,POINT (-87.668912756351 41.943432313398)
fd38884c12b125e32a573636e90e7f9250f9ffb783b35b32cd2a472b9024a2f26cf3e9582be72946565118e6bdf42c9da924903e98732330674c7dc47b480fb9,,08/17/2025 02:00:00 PM,30,STOP SIGN/FLASHER,NOT FUNCTIONING,CLEAR,DAYLIGHT,TURNING,NOT DIVIDED,,STRAIGHT AND LEVEL,DRY,NO DEFECTS,NOT ON SCENE (DESK REPORT),NO INJURY / DRIVE AWAY,,,,$500 OR LESS,08/18/2025 03:30:00 PM,TURNING RIGHT ON RED,FOLLOWING TOO CLOSELY,555,W,31ST ST,915,,,,,,,2,NO INDICATION OF INJURY,0,0,0,0,0,2,0,14,1,8,41.8380015386,-87.6411823833,POINT (-87.641182383332 41.838001538617)
f44a02c8f9cbd33b7960a5032845a686702632014e8179af7ad814f392ac7d54b8325bb6de122cd8be60b562cbe4936742c4add5be051096ed1ba79a2404971d,,08/17/2025 01:57:00 PM,10,NO CONTROLS,NO CONTROLS,RAIN,DAYLIGHT,FIXED OBJECT,PARKING LOT,,STRAIGHT AND LEVEL,DRY,NO DEFECTS,ON SCENE,NO INJURY / DRIVE AWAY,,Y,Y,"OVER $1,500",08/17/2025 02:14:00 PM,UNABLE TO DETERMINE,UNABLE TO DETERMINE,1201,W,87TH ST,2222,,,,,,,1,NO INDICATION OF INJURY,0,0,0,0,0,1,0,13,1,8,41.7358246069,-87.6533976493,POINT (-87.653397649296 41.735824606928)
eafb67ce82977397d3bb398336890d232655e0b9415722f711e99d1b9fbc0f8bf91589bc569a3d6f264332f1e243a2979663ee8b8c6dbeec763e6406ffae2150,,08/17/2025 01:55:00 PM,40,TRAFFIC SIGNAL,FUNCTIONING PROPERLY,CLEAR,DAYLIGHT,PEDALCYCLIST,DIVIDED - W/MEDIAN BARRIER,,STRAIGHT AND LEVEL,DRY,NO DEFECTS,ON SCENE,INJURY AND / OR TOW DUE TO CRASH,Y,,,"$501 - $1,500",08/17/2025 01:56:00 PM,UNABLE TO DETERMINE,UNABLE TO DETERMINE,501,S,LAKE SHORE DR NB,114,,,,,,,2,NONINCAPACITATING INJURY,1,0,0,1,0,2,0,13,1,8,41.8757615077,-87.6169920862,POINT (-87.616992086175 41.875761507651)
3e4bb679cbad60ccecec7b9648fcc9823234973280de0db1247e1fe68411a2312ae02a7aecd217203882b51c2a0527e14017877019a14eee284da726eda882ef,,08/17/2025 01:50:00 PM,20,NO CONTROLS,OTHER,CLEAR,DAYLIGHT,SIDESWIPE SAME DIRECTION,DIVIDED - W/MEDIAN (NOT RAISED),,STRAIGHT AND LEVEL,DRY,NO DEFECTS,ON SCENE,INJURY AND / OR TOW DUE TO CRASH,,,,"OVER $1,500",08/17/2025 01:50:00 PM,IMPROPER OVERTAKING/PASSING,NOT APPLICABLE,11051,S,DOTY AVE E,434,,,,,,,2,NO INDICATION OF INJURY,0,0,0,0,0,2,0,13,1,8,41.6932534731,-87.5964021413,POINT (-87.596402141333 41.693253473141)
635592be0ea70db1109c0b67f14aae4ee4c51ae2c2b4c857ff9b2653c3f02161cfb157e0bcac742a3835168d9c6b8582395fd1cbf36d4e55c35bd01a4027f9ba,,08/17/2025 01:50:00 PM,30,UNKNOWN,UNKNOWN,UNKNOWN,UNKNOWN,SIDESWIPE SAME DIRECTION,NOT DIVIDED,,STRAIGHT AND LEVEL,UNKNOWN,UNKNOWN,NOT ON SCENE (DESK REPORT),NO INJURY / DRIVE AWAY,,,Y,"OVER $1,500",08/17/2025 03:25:00 PM,DRIVING SKILLS/KNOWLEDGE/EXPERIENCE,UNABLE TO DETERMINE,500,S,LAKE SHORE DR SB,114,,,,,,,2,NO INDICATION OF INJURY,0,0,0,0,0,2,0,13,1,8,41.8757562552,-87.6175156798,POINT (-87.617515679751 41.875756255241)
9c14f469923e654f2e5999d71d6e92e2221527af19a2fb0bf4b83b4bd087d695b39db705d90b2cab485ef91b49cb6b90670c01c16ebbb47623dee7318c8584e2,,08/17/2025 01:50:00 PM,30,NO CONTROLS,NO CONTROLS,CLEAR,DAYLIGHT,REAR END,NOT DIVIDED,,STRAIGHT AND LEVEL,DRY,NO DEFECTS,NOT ON SCENE (DESK REPORT),NO INJURY / DRIVE AWAY,,,,"$501 - $1,500",08/18/2025 09:30:00 AM,FOLLOWING TOO CLOSELY,FOLLOWING TOO CLOSELY,2625,W,TOUHY AVE,2411,,,,,,,3,NO INDICATION OF INJURY,0,0,0,0,0,3,0,13,1,8,42.0120432278,-87.6960118701,POINT (-87.696011870127 42.012043227801)
405683ab542252dd34c197e14bdf36ce51c2c408fb79e67454c5d84e865ed2d66f7f3d2eb9267cf24734443a543b97cc172f6454ce8eb2219d725fa5d83a1017,,08/17/2025 01:48:00 PM,30,NO CONTROLS,NO CONTROLS,CLEAR,DAYLIGHT,REAR END,NOT DIVIDED,,STRAIGHT AND LEVEL,DRY,NO DEFECTS,ON SCENE,NO INJURY / DRIVE AWAY,,,,"OVER $1,500",08/17/2025 02:08:00 PM,FOLLOWING TOO CLOSELY,DISTRACTION - FROM INSIDE VEHICLE,628,E,115TH ST,531,,,,,,,2,NO INDICATION OF INJURY,0,0,0,0,0,4,0,13,1,8,41.6855905023,-87.6071188707,POINT (-87.607118870671 41.685590502322)
3ddbf6024f7139d1796774a3581c0b56351769d8ae2ce63dc0dead0fe1e2cd2a3cb4b382be14abfc3bb88bfa57f0490b77d289ef42ad5034bf4a4450cbc1c5ed,,08/17/2025 01:46:00 PM,30,NO CONTROLS,NO CONTROLS,CLEAR,DAYLIGHT,SIDESWIPE SAME DIRECTION,DIVIDED - W/MEDIAN (NOT RAISED),,STRAIGHT AND LEVEL,DRY,NO DEFECTS,NOT ON SCENE (DESK REPORT),NO INJURY / DRIVE AWAY,,,Y,"OVER $1,500",08/17/2025 03:41:00 PM,UNABLE TO DETERMINE,NOT APPLICABLE,1133,S,KEDZIE AVE,1134,,,,,,,2,NO INDICATION OF INJURY,0,0,0,0,0,3,0,13,1,8,41.8672330705,-87.7055457116,POINT (-87.705545711634 41.867233070475)
dd60413fcd9c1abf2d4205b5e99eea3e2a7d3994ff1aa9fdc6c978a1bfb9e5dea08332e24b5fc4448ba08b3ec67e80d82beedba2ce4b199b22d4179a362fe5df,,08/17/2025 01:43:00 PM,15,NO CONTROLS,NO CONTROLS,CLEAR,DAYLIGHT,SIDESWIPE OPPOSITE DIRECTION,NOT DIVIDED,,STRAIGHT AND LEVEL,WET,NO DEFECTS,,NO INJURY / DRIVE AWAY,,,,$500 OR LESS,08/17/2025 03:15:00 PM,FAILING TO YIELD RIGHT-OF-WAY,FAILING TO YIELD RIGHT-OF-WAY,2800,S,ROCKWELL ST,1034,,,,,,,2,NO INDICATION OF INJURY,0,0,0,0,0,2,0,13,1,8,41.8407983987,-87.6903639448,POINT (-87.690363944772 41.840798398706)