CRASH_RECORD_ID,CRASH_DATE_EST_I,CRASH_DATE,POSTED_SPEED_LIMIT,TRAFFIC_CONTROL_DEVICE,DEVICE_CONDITION,WEATHER_CONDITION,LIGHTING_CONDITION,FIRST_CRASH_TYPE,TRAFFICWAY_TYPE,LANE_CNT,ALIGNMENT,ROADWAY_SURFACE_COND,ROAD_DEFECT,REPORT_TYPE,CRASH_TYPE,INTERSECTION_RELATED_I,NOT_RIGHT_OF_WAY_I,HIT_AND_RUN_I,DAMAGE,DATE_POLICE_NOTIFIED,PRIM_CONTRIBUTORY_CAUSE,SEC_CONTRIBUTORY_CAUSE,STREET_NO,STREET_DIRECTION,STREET_NAME,BEAT_OF_OCCURRENCE,PHOTOS_TAKEN_I,STATEMENTS_TAKEN_I,DOORING_I,WORK_ZONE_I,WORK_ZONE_TYPE,WORKERS_PRESENT_I,NUM_UNITS,MOST_SEVERE_INJURY,INJURIES_TOTAL,INJURIES_FATAL,INJURIES_INCAPACITATING,INJURIES_NON_INCAPACITATING,INJURIES_REPORTED_NOT_EVIDENT,INJURIES_NO_INDICATION,INJURIES_UNKNOWN,CRASH_HOUR,CRASH_DAY_OF_WEEK,CRASH_MONTH,LATITUDE,LONGITUDE,LOCATION
9ab1e5091a19ce1accfe8291abf5002f5fffd7c9979672a7575551739716f34094577da6b40a87999d25183a37b0e66f81e062fa5c4f2236ecaab64d079c1b4f,,08/17/2025 01:39:00 PM,30,NO CONTROLS,NO CONTROLS,CLEAR,DAYLIGHT,REAR END,DIVIDED - W/MEDIAN (NOT RAISED),,STRAIGHT AND LEVEL,DRY,NO DEFECTS,NOT ON SCENE (DESK REPORT),NO INJURY / DRIVE AWAY,,,,"$501 - $1,500",08/17/2025 02:30:00 PM,FOLLOWING TOO CLOSELY,NOT APPLICABLE,4201,W,59TH ST,813,,,,,,,2,NO INDICATION OF INJURY,0,0,0,0,0,3,0,13,1,8,41.7857757496,-87.7279096386,POINT (-87.727909638571 41.785775749559)
5bfc0a99fcf084595325ef1f5e8d5815bbf87fcccc80909f21b1f338d926d5e43b75fafd00a0b73ab2b63de883895fe8bf0eadafafcb1deb1aa9c963e3fcd879,,08/17/2025 01:37:00 PM,15,NO CONTROLS,NO CONTROLS,CLEAR,DAYLIGHT,PARKED MOTOR VEHICLE,PARKING LOT,,STRAIGHT AND LEVEL,DRY,NO DEFECTS,ON SCENE,NO INJURY / DRIVE AWAY,,Y,Y,"$501 - $1,500",08/17/2025 01:38:00 PM,UNABLE TO DETERMINE,NOT APPLICABLE,4100,S,ASHLAND AVE,924,,,,,,,2,NO INDICATION OF INJURY,0,0,0,0,0,1,0,13,1,8,41.8194414263,-87.6653755449,POINT (-87.665375544909 41.819441426296)
e97086d96289a5c5d8caee913ef982167beb671bc21842eea2112d9138c28b9c0f6a78577d9e8c8b506a4ae18f792d9b0a100ab9e5c8772140e9d4ccd266f3fa,,08/17/2025 01:35:00 PM,30,NO CONTROLS,NO CONTROLS,CLEAR,DAYLIGHT,REAR END,NOT DIVIDED,,STRAIGHT AND LEVEL,UNKNOWN,UNKNOWN,NOT ON SCENE (DESK REPORT),NO INJURY / DRIVE AWAY,,,,"OVER $1,500",08/17/2025 01:48:00 PM,FOLLOWING TOO CLOSELY,FOLLOWING TOO CLOSELY,3645,W,LAWRENCE AVE,1723,,,,,,,2,NO INDICATION OF INJURY,0,0,0,0,0,6,0,13,1,8,41.9682195646,-87.7200843817,POINT (-87.720084381725 41.968219564608)
48f868f1cca95ee1e398dc13c9218b75dc629396ffbc82cafc66bfffd5ef61b34d5a7cdbf16741e007426fded0d39decc3f7d7fde9f40d5b5ba18137b1d89ae9,,08/17/2025 01:30:00 PM,15,NO CONTROLS,NO CONTROLS,CLEAR,DAYLIGHT,PARKED MOTOR VEHICLE,PARKING LOT,,STRAIGHT AND LEVEL,DRY,NO DEFECTS,ON SCENE,INJURY AND / OR TOW DUE TO CRASH,,Y,,"OVER $1,500",08/17/2025 01:36:00 PM,DRIVING SKILLS/KNOWLEDGE/EXPERIENCE,NOT APPLICABLE,3140,N,CENTRAL AVE,2514,,,,,,,6,NO INDICATION OF INJURY,0,0,0,0,0,2,0,13,1,8,41.9379714755,-87.7666235024,POINT (-87.766623502376 41.937971475481)
de074527eb4967de9f08621dcc54a8e82780f98f0ae094eb3169c064c7705a96e42f8230e8852e2acd07c90fbcc11c601e5b9b36880e591c47cdf1a8571bbc9f,,08/17/2025 01:30:00 PM,30,TRAFFIC SIGNAL,FUNCTIONING PROPERLY,CLEAR,DAYLIGHT,REAR END,NOT DIVIDED,,STRAIGHT AND LEVEL,DRY,NO DEFECTS,NOT ON SCENE (DESK REPORT),NO INJURY / DRIVE AWAY,,,,"OVER $1,500",08/17/2025 02:55:00 PM,FOLLOWING TOO CLOSELY,UNABLE TO DETERMINE,4952,W,DIVERSEY AVE,2521,,,,,,,2,NO INDICATION OF INJURY,0,0,0,0,0,2,0,13,1,8,41.9315825598,-87.7511571523,POINT (-87.751157152294 41.931582559784)
794523ef41f66d9890c31a8099aaaeefa6873009eda7d36c0fa03585c0fe49eb4be41ccee25d64e85abce3946d435bc1f722d2a8c23da655a41ca0ea37d333e8,,08/17/2025 01:27:00 PM,30,NO CONTROLS,NO CONTROLS,CLEAR,DAYLIGHT,REAR END,NOT DIVIDED,,STRAIGHT AND LEVEL,DRY,NO DEFECTS,ON SCENE,NO INJURY / DRIVE AWAY,,,,"OVER $1,500",08/17/2025 01:39:00 PM,FOLLOWING TOO CLOSELY,UNABLE TO DETERMINE,7106,W,ARCHER AVE,811,,,,,,,2,NO INDICATION OF INJURY,0,0,0,0,0,2,0,13,1,8,41.792090107,-87.7993244066,POINT (-87.799324406559 41.792090106986)
404f4c7614e241f5cb49a171e2d68f56eaf8ba2c58ebb6f64d54feb36c3ccb7668c080f9f0e28fb2e40c92e1ee149ccf120c62e94a1849f0d5301a45c01f88eb,,08/17/2025 01:20:00 PM,30,NO CONTROLS,NO CONTROLS,CLEAR,DAYLIGHT,PARKED MOTOR VEHICLE,DIVIDED - W/MEDIAN BARRIER,,STRAIGHT AND LEVEL,DRY,NO DEFECTS,,NO INJURY / DRIVE AWAY,,,Y,"OVER $1,500",08/17/2025 06:00:00 PM,IMPROPER OVERTAKING/PASSING,UNABLE TO DETERMINE,3950,N,LAKE SHORE DR SB,1925,,,,,,,2,NO INDICATION OF INJURY,0,0,0,0,0,1,0,13,1,8,41.9543606712,-87.644929553,POINT (-87.64492955303 41.954360671221)
7277c7de4439b05aa19324205e5cf7e2a14b1061a45ce13b3a4a2ba4c2c2a49f2993f5652ba5db3ad6de415a49e21e63da28dc8a383dfa12defaa422461b9b01,,08/17/2025 01:15:00 PM,30,STOP SIGN/FLASHER,FUNCTIONING PROPERLY,CLEAR,DAYLIGHT,TURNING,FOUR WAY,,STRAIGHT AND LEVEL,DRY,NO DEFECTS,NOT ON SCENE (DESK REPORT),NO INJURY / DRIVE AWAY,,,,"$501 - $1,500",08/18/2025 02:40:00 PM,IMPROPER OVERTAKING/PASSING,UNABLE TO DETERMINE,3948,N,LAKE SHORE DR,1925,,,,,,,2,NO INDICATION OF INJURY,0,0,0,0,0,2,0,13,1,8,41.9542963029,-87.6453381654,POINT (-87.645338165388 41.95429630289)
761fc47bfb1503627dca1e929d1b27b51ad8803de3427424d9725d06ea46c0c747d9f2b1ab2a0412ad6eae16f603a57f629950d5e05c0cb75923fc1de581edfe,,08/17/2025 01:15:00 PM,30,NO CONTROLS,NO CONTROLS,CLEAR,DAYLIGHT,REAR END,NOT DIVIDED,,STRAIGHT AND LEVEL,DRY,NO DEFECTS,NOT ON SCENE (DESK REPORT),NO INJURY / DRIVE AWAY,,,N,"$501 - $1,500",08/17/2025 02:00:00 PM,FOLLOWING TOO CLOSELY,UNABLE TO DETERMINE,4624,N,WESTERN AVE,1911,,,,,,,2,NO INDICATION OF INJURY,0,0,0,0,0,2,0,13,1,8,41.9656909012,-87.6889611866,POINT (-87.688961186618 41.965690901168)
57c5b98fdc81c3bcefa8bbd1c308038ecddf061511a6b1bc4e7c69df997ea0e51b82e6d6108b2e3210aa12960ad071df08e5d91730d57bd1f58b1e899babe47e,,08/17/2025 01:10:00 PM,30,UNKNOWN,UNKNOWN,UNKNOWN,UNKNOWN,REAR END,NOT DIVIDED,,STRAIGHT AND LEVEL,UNKNOWN,UNKNOWN,NOT ON SCENE (DESK REPORT),NO INJURY / DRIVE AWAY,,,,$500 OR LESS,08/17/2025 02:00:00 PM,UNABLE TO DETERMINE,UNABLE TO DETERMINE,2325,W,DEVON AVE,2413,,,,,,,2,NO INDICATION OF INJURY,0,0,0,0,0,2,0,13,1,8,41.9976428885,-87.6885145047,POINT (-87.688514504742 41.99764288847)
5c876f4198acb6213c7502f3ee1600d398ffc80021ae471b7735c4f1b0c514487352b0270eda90e04e101e624551aae851cb159ed15a579d1a06642a289f8b67,,08/17/2025 01:08:00 PM,30,NO CONTROLS,NO CONTROLS,CLEAR,DAYLIGHT,SIDESWIPE SAME DIRECTION,ONE-WAY,,STRAIGHT AND LEVEL,DRY,UNKNOWN,NOT ON SCENE (DESK REPORT),NO INJURY / DRIVE AWAY,,,,"OVER $1,500",08/17/2025 05:48:00 PM,UNABLE TO DETERMINE,NOT APPLICABLE,3107,N,NEWCASTLE AVE,2511,,,,,,,2,NO INDICATION OF INJURY,0,0,0,0,0,2,0,13,1,8,41.9365919063,-87.7967281816,POINT (-87.79672818161 41.936591906293)
2136e6af490fe5ce4e27907ab1bcd3a84887ae766cfb4847c18ab16ae25c9873e78e49c780689438fe9120a9e19495970530225d1c9bffc0d4fdbe19aa9e7b48,,08/17/2025 01:00:00 PM,30,TRAFFIC SIGNAL,UNKNOWN,CLEAR,DAYLIGHT,REAR END,FOUR WAY,,STRAIGHT AND LEVEL,DRY,UNKNOWN,NOT ON SCENE (DESK REPORT),NO INJURY / DRIVE AWAY,Y,,,"OVER $1,500",08/17/2025 03:00:00 PM,DRIVING SKILLS/KNOWLEDGE/EXPERIENCE,NOT APPLICABLE,4600,S,ASHLAND AVE,924,,,,,,,2,NO INDICATION OF INJURY,0,0,0,0,0,2,0,13,1,8,41.8103461274,-87.6651655862,POINT (-87.665165586176 41.810346127362)
36b10cbb63840efca43e785ee061f75945d3e171bb647628b477190a6d3ac5b3744f89ad6c185e59ff5ec8ab1ba8d7d83f78c5860f60e247ca0b49480621aedb,,08/17/2025 01:00:00 PM,30,NO CONTROLS,NO CONTROLS,CLEAR,DAYLIGHT,PARKED MOTOR VEHICLE,NOT DIVIDED,,STRAIGHT AND LEVEL,DRY,NO DEFECTS,NOT ON SCENE (DESK REPORT),NO INJURY / DRIVE AWAY,,,Y,"OVER $1,500",08/17/2025 01:00:00 PM,FAILING TO YIELD RIGHT-OF-WAY,FAILING TO YIELD RIGHT-OF-WAY,735,W,18TH ST,1235,,,,,,,2,NO INDICATION OF INJURY,0,0,0,0,0,1,0,13,1,8,41.8574398376,-87.646159121,POINT (-87.646159120972 41.857439837645)
90a55f2c3601f37c15085c05c483298a40bf94933fa1e7dba78c140102cc9e1d41d4ec87789ba29b7f2d2f16f6598637748b272d3e4d278c56f8505b7c0e757f,,08/17/2025 01:00:00 PM,20,TRAFFIC SIGNAL,FUNCTIONING PROPERLY,CLEAR,DAYLIGHT,PARKED MOTOR VEHICLE,FOUR WAY,,STRAIGHT AND LEVEL,DRY,UNKNOWN,NOT ON SCENE (DESK REPORT),NO INJURY / DRIVE AWAY,,,Y,"OVER $1,500",08/24/2025 04:11:00 PM,DRIVING SKILLS/KNOWLEDGE/EXPERIENCE,NOT APPLICABLE,4720,N,KASSON AVE,1722,,,,,,,2,NO INDICATION OF INJURY,0,0,0,0,0,1,0,13,1,8,41.9665920374,-87.7363349485,POINT (-87.736334948462 41.966592037352)
625388f8515d78cc5cd0d3fd52b18e1fa018e99b936077d3ad0789411cd82e0d503be0e03cc05408a3a560bee0615773d61ebe81fe5f6ca4a2f530ca0e977b08,,08/17/2025 12:53:00 PM,20,NO CONTROLS,NO CONTROLS,CLEAR,DAYLIGHT,REAR END,ONE-WAY,,STRAIGHT AND LEVEL,DRY,NO DEFECTS,ON SCENE,NO INJURY / DRIVE AWAY,,,,"$501 - $1,500",08/17/2025 01:00:00 PM,FOLLOWING TOO CLOSELY,NOT APPLICABLE,5,W,TERMINAL ST,1655,,,,,,,2,NO INDICATION OF INJURY,0,0,0,0,0,2,0,12,1,8,,,
9cbe00af78c6fb3aa8ec9483c98526edd28b364411ed963e5da85e955efc7b1bd1fe528d7a9ea5bc057dda0b4a8cad8d33e73b3c809b84c63a0432333cc71d87,,08/17/2025 12:50:00 PM,30,TRAFFIC SIGNAL,FUNCTIONING PROPERLY,CLEAR,DAYLIGHT,REAR TO FRONT,DIVIDED - W/MEDIAN (NOT RAISED),,STRAIGHT AND LEVEL,DRY,NO DEFECTS,NOT ON SCENE (DESK REPORT),NO INJURY / DRIVE AWAY,Y,,Y,$500 OR LESS,08/17/2025 02:10:00 PM,IMPROPER BACKING,UNABLE TO DETERMINE,4775,W,ADDISON ST,1731,,,,,,,2,NO INDICATION OF INJURY,0,0,0,0,0,2,0,12,1,8,41.946015943,-87.7469785108,POINT (-87.746978510796 41.946015943025)
263385c92b49795156178b1d6cbc851355f9b2db5156870b8f7898cf152b2e149adf53fed57bfd20cd6bad8e1c72c95b519ed2c3cb6267f851b308754d17b4c3,,08/17/2025 12:30:00 PM,30,NO CONTROLS,NO CONTROLS,CLEAR,DAYLIGHT,REAR TO SIDE,PARKING LOT,,STRAIGHT AND LEVEL,UNKNOWN,UNKNOWN,NOT ON SCENE (DESK REPORT),INJURY AND / OR TOW DUE TO CRASH,,,,"OVER $1,500",08/17/2025 01:45:00 PM,FAILING TO YIELD RIGHT-OF-WAY,NOT APPLICABLE,6560,W,FULLERTON AVE,2512,,,,,,,2,NONINCAPACITATING INJURY,1,0,0,1,0,8,0,12,1,8,41.923750201,-87.7898808596,POINT (-87.789880859626 41.923750201042)
5acde343f06713e4564443b4f89aa4c956c56c1bc975ac88caa1160ad3c390c2da3b9a4a4997c55a7f54c0c9b4a810e9a7ff353c24962425be73a25485e610ad,,08/17/2025 12:30:00 PM,30,NO CONTROLS,NO CONTROLS,RAIN,DAYLIGHT,SIDESWIPE SAME DIRECTION,DIVIDED - W/MEDIAN (NOT RAISED),,STRAIGHT AND LEVEL,WET,NO DEFECTS,NOT ON SCENE (DESK REPORT),NO INJURY / DRIVE AWAY,,,Y,"OVER $1,500",08/17/2025 06:50:00 PM,IMPROPER LANE USAGE,NOT APPLICABLE,1600,S,BLUE ISLAND AVE,1233,,,,,,,2,NO INDICATION OF INJURY,0,0,0,0,0,4,0,12,1,8,41.8596824524,-87.6597734343,POINT (-87.65977343428 41.859682452426)
96dbefe8ba41ed116f08f4d9659f1cbd62893303c18f751ecb852b221192cf6a380396179efaacc35f54bb8c1cd2467fcfed09b28cfb5fecb431050442c711fe,,08/17/2025 12:30:00 PM,30,NO CONTROLS,NO CONTROLS,CLOUDY/OVERCAST,DAYLIGHT,REAR END,NOT DIVIDED,,STRAIGHT AND LEVEL,DRY,NO DEFECTS,NOT ON SCENE (DESK REPORT),NO INJURY / DRIVE AWAY,,,,"$501 - $1,500",08/17/2025 01:02:00 PM,FOLLOWING TOO CLOSELY,NOT APPLICABLE,4532,W,63RD ST,813,,,,,,,2,NO INDICATION OF INJURY,0,0,0,0,0,2,0,12,1,8,41.7786105319,-87.736249944,POINT (-87.736249944001 41.778610531906)
b8fc6ac6fed2cbe4c91a58ee44b1d29fde53598fbbdc7b6a3c919306fe1e053ea599644d96533b6ca5e6357effedcdb3a62cb419bd1e08d48e0e2eacc1bf0e81,,08/17/2025 12:30:00 PM,30,TRAFFIC SIGNAL,FUNCTIONING PROPERLY,CLEAR,DAYLIGHT,REAR END,DIVIDED - W/MEDIAN (NOT RAISED),,STRAIGHT AND LEVEL,DRY,UNKNOWN,NOT ON SCENE (DESK REPORT),INJURY AND / OR TOW DUE TO CRASH,,,,"OVER $1,500",08/17/2025 01:20:00 PM,FOLLOWING TOO CLOSELY,NOT APPLICABLE,3200,W,FULLERTON AVE,1413,,,,,,,3,"REPORTED, NOT EVIDENT",1,0,0,0,1,2,0,12,1,8,41.9248233083,-87.7076531502,POINT (-87.707653150182 41.924823308285)
cae34c87d6422d4bae86d60fd278f57d7fd5012b8e6b9fa2610737d6721d3334b790191c029ef2705b6859ced184d7708ae22e441beeee99b99f0469d4fec2cc,,08/17/2025 12:30:00 PM,30,NO CONTROLS,NO CONTROLS,CLEAR,DAYLIGHT,PARKED MOTOR VEHICLE,NOT DIVIDED,,STRAIGHT AND LEVEL,DRY,NO DEFECTS,NOT ON SCENE (DESK REPORT),NO INJURY / DRIVE AWAY,,,,"OVER $1,500",08/18/2025 04:21:00 PM,IMPROPER OVERTAKING/PASSING,NOT APPLICABLE,6615,S,CALIFORNIA AVE,831,,,,,,,2,NO INDICATION OF INJURY,0,0,0,0,0,3,0,12,1,8,41.7731546169,-87.6930928642,POINT (-87.693092864156 41.77315461694)
dac7d2f8c31d5ed076e3e4ee8de5b4b1d81cf2c3d79eea17f8389e3a91c22e7cccc8369a2ff50233e260f81fe3b4f86cb5eba1e698f55474c5b7fbbfc02e0180,,08/17/2025 12:30:00 PM,30,NO CONTROLS,NO CONTROLS,UNKNOWN,DAYLIGHT,PARKED MOTOR VEHICLE,NOT DIVIDED,,STRAIGHT AND LEVEL,UNKNOWN,UNKNOWN,NOT ON SCENE (DESK REPORT),NO INJURY / DRIVE AWAY,,,Y,"$501 - $1,500",08/17/2025 03:38:00 PM,NOT APPLICABLE,NOT APPLICABLE,5132,S,WOOD ST,932,,,,,,,2,NO INDICATION OF INJURY,0,0,0,0,0,1,0,12,1,8,41.8002801335,-87.6697660022,POINT (-87.66976600221 41.800280133488)
a8db606ce491efbe63d648d9b36055efb684c10be749087694e63aa3d01d0af41fafb4c4f203680529ccba8e25709b55e71c0fa039e88d8b8b6fb2ceb0df326d,,08/17/2025 12:28:00 PM,30,NO CONTROLS,NO CONTROLS,CLEAR,DAYLIGHT,REAR END,DIVIDED - W/MEDIAN (NOT RAISED),,STRAIGHT AND LEVEL,DRY,NO DEFECTS,NOT ON SCENE (DESK REPORT),NO INJURY / DRIVE AWAY,,,,"$501 - $1,500",08/17/2025 01:26:00 PM,FOLLOWING TOO CLOSELY,NOT APPLICABLE,6925,W,63RD ST,812,,,,,,,2,NO INDICATION OF INJURY,0,0,0,0,0,2,0,12,1,8,41.7773302155,-87.7945231257,POINT (-87.794523125722 41.777330215463)
c9b4c8ee4ac230f077e1deb756b4d4449475384fe0fd2061161c3e8457c31b93c025ffe42170e673d74bf3b30f9e145d035652b63a06080f6e073c6d054c62ac,,08/17/2025 12:25:00 PM,30,STOP SIGN/FLASHER,FUNCTIONING PROPERLY,CLEAR,DAYLIGHT,ANGLE,NOT DIVIDED,,STRAIGHT AND LEVEL,DRY,UNKNOWN,NOT ON SCENE (DESK REPORT),NO INJURY / DRIVE AWAY,,,,"OVER $1,500",08/17/2025 01:24:00 PM,DRIVING SKILLS/KNOWLEDGE/EXPERIENCE,NOT APPLICABLE,3401,W,EVERGREEN AVE,1422,,,,,,,2,NO INDICATION OF INJURY,0,0,0,0,0,2,0,12,1,8,41.9054063182,-87.7118876024,POINT (-87.711887602396 41.905406318236)
0f37b97efdb914f31f3b98aa81859c413d5ea81e40ae17025eca36d503138f08505568b3ecafc2efc2053a8c3a95c0d52e923a17e61f0ea622d3c738fa3c27de,,08/17/2025 12:20:00 PM,30,NO CONTROLS,NO CONTROLS,CLEAR,DAYLIGHT,ANGLE,PARKING LOT,,STRAIGHT AND LEVEL,WET,NO DEFECTS,NOT ON SCENE (DESK REPORT),NO INJURY / DRIVE AWAY,,Y,,"OVER $1,500",08/17/2025 12:30:00 PM,NOT APPLICABLE,NOT APPLICABLE,8847,S,ASHLAND AVE,2221,,,,,,,2,NO INDICATION OF INJURY,0,0,0,0,0,3,0,12,1,8,41.7325675235,-87.662826305,POINT (-87.662826304971 41.732567523517)
1db50c4f3b01034537897e8ec67d417e1e9953997a638a78f36035cbf8fffa917b401884adcf8fc07ace7780d92ec98e8ce37b7e65eb6d608bc9f197f6dbf5b5,,08/17/2025 12:20:00 PM,30,TRAFFIC SIGNAL,FUNCTIONING PROPERLY,CLEAR,DAYLIGHT,TURNING,NOT DIVIDED,,STRAIGHT AND LEVEL,DRY,NO DEFECTS,NOT ON SCENE (DESK REPORT),NO INJURY / DRIVE AWAY,,,,"$501 - $1,500",08/18/2025 06:30:00 PM,IMPROPER TURNING/NO SIGNAL,NOT APPLICABLE,650,N,MICHIGAN AVE,1834,,,,,,,2,NO INDICATION OF INJURY,0,0,0,0,0,2,0,12,1,8,41.8940953161,-87.6243835709,POINT (-87.624383570948 41.894095316065)
3e70002ca2ada87bf7a5075746ee291cd195be7faa9c50bdfe61209b3576bda297b5dc33c6712204266da1b4ea18f003bc963772d26b4a72433d120a593bacca,,08/17/2025 12:20:00 PM,30,STOP SIGN/FLASHER,FUNCTIONING PROPERLY,CLEAR,DAYLIGHT,ANGLE,T-INTERSECTION,,STRAIGHT AND LEVEL,DRY,NO DEFECTS,NOT ON SCENE (DESK REPORT),NO INJURY / DRIVE AWAY,,,,$500 OR LESS,08/17/2025 12:40:00 PM,FAILING TO YIELD RIGHT-OF-WAY,UNABLE TO DETERMINE,2421,N,SHEFFIELD AVE,1932,,,,,,,2,NO INDICATION OF INJURY,0,0,0,0,0,2,0,12,1,8,41.9260488617,-87.6534855158,POINT (-87.653485515758 41.926048861719)
5c94242a46e02d9d87124958ba4a6e891357139cdbb50c3de12a20ac8b9e600a6b8e37e38cd3430322e92d3628e6c6ddc0416355e2ba9b5d6a5f59e615c85c12,,08/17/2025 12:14:00 PM,30,NO CONTROLS,NO CONTROLS,CLOUDY/OVERCAST,DAYLIGHT,PARKED MOTOR VEHICLE,NOT DIVIDED,,STRAIGHT AND LEVEL,DRY,NO DEFECTS,ON SCENE,NO INJURY / DRIVE AWAY,,,,"OVER $1,500",08/17/2025 12:24:00 PM,IMPROPER LANE USAGE,NOT APPLICABLE,1941,N,HARDING AVE,2535,,,,,,,2,NO INDICATION OF INJURY,0,0,0,0,0,1,0,12,1,8,41.9165843192,-87.7251704126,POINT (-87.72517041259 41.916584319245)
1e1a80156576ceba86404b613a60fc82dbc3e744de5d0d3e9d58bd0fe1ebd6d26d250dab0528e16318befa113c90f20f21e97a73ebbd7a9074ab2b5a2fd282bb,,08/17/2025 12:13:00 PM,30,TRAFFIC SIGNAL,FUNCTIONING PROPERLY,CLOUDY/OVERCAST,DAYLIGHT,REAR END,DIVIDED - W/MEDIAN (NOT RAISED),,STRAIGHT AND LEVEL,DRY,UNKNOWN,ON SCENE,NO INJURY / DRIVE AWAY,,,,"OVER $1,500",08/17/2025 12:20:00 PM,FAILING TO REDUCE SPEED TO AVOID CRASH,FOLLOWING TOO CLOSELY,3142,W,NORTH AVE,1421,,,,,,,3,NO INDICATION OF INJURY,0,0,0,0,0,4,0,12,1,8,41.9102296082,-87.7062300461,POINT (-87.706230046121 41.910229608231)
6d056d5aef651701715c90075af44e5b42c29fec8aec45e9fd2f9fcf8aa1c7102b57438115a6b9210762ead4288441c8baef2cf8e48ad18f291fdec3a65850b0,Y,08/17/2025 12:00:00 PM,30,NO CONTROLS,NO CONTROLS,CLEAR,DAYLIGHT,PEDALCYCLIST,NOT DIVIDED,,STRAIGHT AND LEVEL,DRY,NO DEFECTS,NOT ON SCENE (DESK REPORT),INJURY AND / OR TOW DUE TO CRASH,Y,,Y,"OVER $1,500",08/20/2025 11:20:00 AM,UNABLE TO DETERMINE,NOT APPLICABLE,4553,S,WOOD ST,924,,,,,,,2,NONINCAPACITATING INJURY,1,0,0,1,0,1,0,12,1,8,41.8106412993,-87.6697382464,POINT (-87.669738246378 41.810641299268)
d55a0a608fc5ebca65afa6a131455986d5fff7ed98f895ef01dbd09a2fda908ab4350bd8247231693dd07b7d96c45c922ab44b3557c765deeee6ce54af7f37d5,,08/17/2025 12:00:00 PM,35,NO CONTROLS,NO CONTROLS,CLEAR,DAYLIGHT,TURNING,NOT DIVIDED,,STRAIGHT AND LEVEL,DRY,NO DEFECTS,NOT ON SCENE (DESK REPORT),NO INJURY / DRIVE AWAY,,,,"$501 - $1,500",08/17/2025 01:10:00 PM,UNABLE TO DETERMINE,NOT APPLICABLE,6235,W,TOUHY AVE,1621,,,,,,,2,NO INDICATION OF INJURY,0,0,0,0,0,2,0,12,1,8,42.0118935127,-87.7832595228,POINT (-87.783259522776 42.011893512732)
f57243c62a533f9acc0b1ecff588721cab8986619d6ec9f3eeb4d33d56897780ec8a61bc53b094eb4f2109e828476677fe4691869d3ee697c1d58e8beb9b2d56,Y,08/17/2025 11:45:00 AM,30,NO CONTROLS,NO CONTROLS,CLEAR,DAYLIGHT,SIDESWIPE SAME DIRECTION,NOT DIVIDED,,STRAIGHT AND LEVEL,DRY,NO DEFECTS,NOT ON SCENE (DESK REPORT),NO INJURY / DRIVE AWAY,,,,"OVER $1,500",08/17/2025 03:40:00 PM,UNABLE TO DETERMINE,NOT APPLICABLE,3200,N,WOLCOTT AVE,1922,,,,,,,2,NO INDICATION OF INJURY,0,0,0,0,0,2,0,11,1,8,41.9396449243,-87.6760795772,POINT (-87.676079577183 41.939644924294)
7e72e6d3daa4fc96bc6dcfcbba9c13c186aa8cd77f4a637b725329ad2715a46f6c602ee255f01336c5c604d6aa1206e2d47de3b255722d6e38a0f166a1b39fff,,08/17/2025 11:40:00 AM,30,NO CONTROLS,NO CONTROLS,CLEAR,DAYLIGHT,SIDESWIPE SAME DIRECTION,NOT DIVIDED,,STRAIGHT AND LEVEL,DRY,NO DEFECTS,NOT ON SCENE (DESK REPORT),NO INJURY / DRIVE AWAY,,,,"OVER $1,500",08/17/2025 12:00:00 PM,IMPROPER OVERTAKING/PASSING,FAILING TO YIELD RIGHT-OF-WAY,1426,N,MILWAUKEE AVE,1424,,,,,,,2,NO INDICATION OF INJURY,0,0,0,0,0,2,0,11,1,8,41.9077983137,-87.6736588355,POINT (-87.67365883545 41.907798313748)
723ca4838b2edf84d4c8aa549adcc7873b67259f8be26b3fa246b918a5c16afab810b7a30de87359eaec6ac2422abd94397642c6f2573835c4f45f73db5d4705,,08/17/2025 11:35:00 AM,30,TRAFFIC SIGNAL,FUNCTIONING PROPERLY,CLEAR,DAYLIGHT,ANGLE,DIVIDED - W/MEDIAN (NOT RAISED),,STRAIGHT AND LEVEL,DRY,NO DEFECTS,ON SCENE,INJURY AND / OR TOW DUE TO CRASH,Y,,,"OVER $1,500",08/17/2025 11:44:00 AM,UNABLE TO DETERMINE,UNABLE TO DETERMINE,645,W,TAYLOR ST,124,,,,,,,2,NONINCAPACITATING INJURY,1,0,0,1,0,3,0,11,1,8,41.8695873951,-87.6436639606,POINT (-87.643663960591 41.869587395081)
639e27de53a4d24f6631b88466dbbba23bc67931a8f662cee8de2eadf43c211b7701375ad7c117dc6ef1c78e8af578ce83708b4f76217ee2bb474c523016b53b,,08/17/2025 11:30:00 AM,30,NO CONTROLS,NO CONTROLS,CLEAR,DAYLIGHT,PEDALCYCLIST,PARKING LOT,,STRAIGHT AND LEVEL,DRY,NO DEFECTS,ON SCENE,INJURY AND / OR TOW DUE TO CRASH,,,Y,$500 OR LESS,08/17/2025 11:30:00 AM,FAILING TO YIELD RIGHT-OF-WAY,FAILING TO YIELD RIGHT-OF-WAY,2402,W,NORTH AVE,1434,,,,,,,2,NONINCAPACITATING INJURY,1,0,0,1,0,1,0,11,1,8,41.9104288163,-87.6873688084,POINT (-87.687368808368 41.910428816343)