CRASH_RECORD_ID,CRASH_DATE_EST_I,CRASH_DATE,POSTED_SPEED_LIMIT,TRAFFIC_CONTROL_DEVICE,DEVICE_CONDITION,WEATHER_CONDITION,LIGHTING_CONDITION,FIRST_CRASH_TYPE,TRAFFICWAY_TYPE,LANE_CNT,ALIGNMENT,ROADWAY_SURFACE_COND,ROAD_DEFECT,REPORT_TYPE,CRASH_TYPE,INTERSECTION_RELATED_I,NOT_RIGHT_OF_WAY_I,HIT_AND_RUN_I,DAMAGE,DATE_POLICE_NOTIFIED,PRIM_CONTRIBUTORY_CAUSE,SEC_CONTRIBUTORY_CAUSE,STREET_NO,STREET_DIRECTION,STREET_NAME,BEAT_OF_OCCURRENCE,PHOTOS_TAKEN_I,STATEMENTS_TAKEN_I,DOORING_I,WORK_ZONE_I,WORK_ZONE_TYPE,WORKERS_PRESENT_I,NUM_UNITS,MOST_SEVERE_INJURY,INJURIES_TOTAL,INJURIES_FATAL,INJURIES_INCAPACITATING,INJURIES_NON_INCAPACITATING,INJURIES_REPORTED_NOT_EVIDENT,INJURIES_NO_INDICATION,INJURIES_UNKNOWN,CRASH_HOUR,CRASH_DAY_OF_WEEK,CRASH_MONTH,LATITUDE,LONGITUDE,LOCATION
05ba0f08daadcdc7ba24d68b1e3877ae27edc9376105fa8680c3795f43dbbe84a614363fa1afc7e450ccae78e89d2a8af182c7b4249337d2f03607eadbb91c2d,,08/17/2025 11:28:00 AM,25,NO CONTROLS,NO CONTROLS,CLEAR,DAYLIGHT,REAR END,PARKING LOT,,STRAIGHT AND LEVEL,DRY,NO DEFECTS,ON SCENE,NO INJURY / DRIVE AWAY,,,,"$501 - $1,500",08/17/2025 11:35:00 AM,UNABLE TO DETERMINE,NOT APPLICABLE,538,W,OHARE ST,1654,,,,,,,2,NO INDICATION OF INJURY,0,0,0,0,0,2,0,11,1,8,,,
c318042f5e0fb9a173b24eb1e097c6fddb3c9c993c790aa10e920eca2a7f404d40a4f7f75195f59ba7ec5144a2ced153f7dde35310bf734d496d1dbe58d0aba3,,08/17/2025 11:25:00 AM,30,NO CONTROLS,NO CONTROLS,CLOUDY/OVERCAST,DAYLIGHT,PARKED MOTOR VEHICLE,DIVIDED - W/MEDIAN (NOT RAISED),,STRAIGHT AND LEVEL,UNKNOWN,UNKNOWN,NOT ON SCENE (DESK REPORT),NO INJURY / DRIVE AWAY,,,Y,"OVER $1,500",08/17/2025 11:25:00 AM,IMPROPER BACKING,FAILING TO REDUCE SPEED TO AVOID CRASH,900,N,LAKE SHORE DR,1833,,,,,,,3,NO INDICATION OF INJURY,0,0,0,0,0,1,0,11,1,8,41.8992809909,-87.6188945123,POINT (-87.618894512302 41.89928099092)
3fa1c0109abbb11e08c343c164271c91b030ea5deb9b78d37c1c6a56b85e814140136ca59693416f737f28d856d7592f0f3d430b83e96f0cd922f9f3bc3b4803,,08/17/2025 11:24:00 AM,30,NO CONTROLS,NO CONTROLS,CLEAR,DAYLIGHT,PEDESTRIAN,NOT DIVIDED,,STRAIGHT AND LEVEL,DRY,NO DEFECTS,ON SCENE,INJURY AND / OR TOW DUE TO CRASH,N,,Y,$500 OR LESS,08/17/2025 11:30:00 AM,UNABLE TO DETERMINE,NOT APPLICABLE,2198,S,WABASH AVE,131,,,,,,,2,NONINCAPACITATING INJURY,1,0,0,1,0,1,0,11,1,8,41.8529197036,-87.6256475156,POINT (-87.625647515553 41.852919703577)
8103854543fe4a071add8b5d694edc309f4c192e5b91b672dcaaab9dc91e7ad3d1ad7c043d47c9a7b9c886e720ab89167235dc97e4279443e9efbbfb2dbbc848,,08/17/2025 11:15:00 AM,30,NO CONTROLS,NO CONTROLS,CLEAR,DAYLIGHT,SIDESWIPE SAME DIRECTION,DIVIDED - W/MEDIAN (NOT RAISED),,STRAIGHT AND LEVEL,DRY,NO DEFECTS,NOT ON SCENE (DESK REPORT),NO INJURY / DRIVE AWAY,,,Y,"OVER $1,500",08/17/2025 12:00:00 PM,UNABLE TO DETERMINE,UNABLE TO DETERMINE,4657,N,KEDZIE AVE,1713,,,,,,,2,NO INDICATION OF INJURY,0,0,0,0,0,3,0,11,1,8,41.966195229,-87.7082574594,POINT (-87.708257459376 41.966195229025)
3ce5046c31b2829fcf549f8f3ad57c7e3499762174bbd1330c3991bc49899bc6b380b64e4e0f11ac042023ce8e8da9b0dac3e9dd2e3b001ed46eaa8a4f9c62a8,,08/17/2025 11:13:00 AM,30,NO CONTROLS,NO CONTROLS,CLEAR,DAYLIGHT,TURNING,DIVIDED - W/MEDIAN (NOT RAISED),,STRAIGHT AND LEVEL,DRY,NO DEFECTS,ON SCENE,INJURY AND / OR TOW DUE TO CRASH,,,,"OVER $1,500",08/17/2025 11:19:00 AM,UNABLE TO DETERMINE,UNABLE TO DETERMINE,5133,W,NORTH AVE,2533,,,,,,,2,NO INDICATION OF INJURY,0,0,0,0,0,2,0,11,1,8,41.909404663,-87.7547638736,POINT (-87.754763873627 41.909404662966)
833fa447142456015994a14bdeb20d341f0807d0c8b4794256b726d689ef26469e841ba66f739ca07ed0c62184401d43134e5dcd38d005e424779b9ee41f60b9,,08/17/2025 11:10:00 AM,30,NO CONTROLS,NO CONTROLS,CLEAR,DAYLIGHT,PEDESTRIAN,NOT DIVIDED,,STRAIGHT AND LEVEL,DRY,NO DEFECTS,ON SCENE,INJURY AND / OR TOW DUE TO CRASH,,,,$500 OR LESS,08/17/2025 11:11:00 AM,"VISION OBSCURED (SIGNS, TREE LIMBS, BUILDINGS, ETC.)","VISION OBSCURED (SIGNS, TREE LIMBS, BUILDINGS, ETC.)",1901,N,HALSTED ST,1813,,,,,,,2,NONINCAPACITATING INJURY,1,0,0,1,0,1,0,11,1,8,41.9161270367,-87.6482882298,POINT (-87.648288229803 41.916127036717)
44eef027702ede34d6864aae940282638e0a5620df74ae2e9781cba06aae41be48f8091f97dd66a55db7123dd9a5d977e997ba7a0290b47125fc1429953dfc28,,08/17/2025 11:00:00 AM,15,NO CONTROLS,NO CONTROLS,CLOUDY/OVERCAST,DAYLIGHT,PARKED MOTOR VEHICLE,PARKING LOT,,STRAIGHT AND LEVEL,DRY,NO DEFECTS,ON SCENE,NO INJURY / DRIVE AWAY,,,,$500 OR LESS,08/17/2025 11:10:00 AM,DRIVING SKILLS/KNOWLEDGE/EXPERIENCE,UNABLE TO DETERMINE,2345,S,PULASKI RD,1013,,,,,,,2,NO INDICATION OF INJURY,0,0,0,0,0,2,0,11,1,8,41.8485590186,-87.7245322442,POINT (-87.724532244229 41.84855901864)
4f3f2d5cb72cb7f3b1ea38eeb53fa4c87c81cd9190960b1f27e72bc6d5ee994e21c33194a04515812aa1308b26f3ad82f6a9f5b7b3a1a07c13b4822f0a088d0d,,08/17/2025 11:00:00 AM,30,NO CONTROLS,NO CONTROLS,CLEAR,DAYLIGHT,PARKED MOTOR VEHICLE,ALLEY,,STRAIGHT AND LEVEL,DRY,NO DEFECTS,NOT ON SCENE (DESK REPORT),NO INJURY / DRIVE AWAY,,,Y,"OVER $1,500",08/17/2025 02:46:00 PM,UNABLE TO DETERMINE,NOT APPLICABLE,735,N,RIDGEWAY AVE,1112,,,,,,,2,NO INDICATION OF INJURY,0,0,0,0,0,1,0,11,1,8,41.8946865685,-87.7198023517,POINT (-87.719802351685 41.894686568522)
5e383a5e0ba976aacb1b03180c2b4718ec7efb996c6ec58f49f6373695555851a94f30ecb0da0b5fb6a6cd695b33efa3223fd4ec78f30cd7265299e61e7e10de,,08/17/2025 11:00:00 AM,30,NO CONTROLS,NO CONTROLS,CLEAR,DAYLIGHT,PARKED MOTOR VEHICLE,NOT DIVIDED,,STRAIGHT AND LEVEL,DRY,NO DEFECTS,NOT ON SCENE (DESK REPORT),NO INJURY / DRIVE AWAY,,,,"OVER $1,500",08/17/2025 11:30:00 AM,UNABLE TO DETERMINE,UNABLE TO DETERMINE,5200,S,CALIFORNIA AVE,923,,,,,,,2,NO INDICATION OF INJURY,0,0,0,0,0,1,0,11,1,8,41.799069631,-87.6940941033,POINT (-87.694094103269 41.799069630971)
8ba567291deb137772f6d6c5e6c60366688fee3275d69dab7b0c4b84a6d88d41f0f34699cb269a7ec7a0b858b028a8deddcb99e0e2b10f228c913b198778b537,,08/17/2025 11:00:00 AM,30,TRAFFIC SIGNAL,FUNCTIONING PROPERLY,CLEAR,DAYLIGHT,TURNING,OTHER,,STRAIGHT AND LEVEL,DRY,NO DEFECTS,,NO INJURY / DRIVE AWAY,,,N,"OVER $1,500",08/17/2025 11:00:00 AM,IMPROPER OVERTAKING/PASSING,IMPROPER OVERTAKING/PASSING,44,W,RANDOLPH ST,111,,,,,,,2,NO INDICATION OF INJURY,0,0,0,0,0,2,0,11,1,8,41.8845924793,-87.6295964439,POINT (-87.629596443888 41.884592479334)
c0475a35ecbbb50cfc4bce72247a78c4f59eac6dd344e9e00b6d116d199415dbe69f90ec62c37e4c76f62f54e16a144d9dbc81e5059f80c8f1accbf631ac43f9,,08/17/2025 10:50:00 AM,30,STOP SIGN/FLASHER,FUNCTIONING PROPERLY,CLEAR,DAYLIGHT,TURNING,NOT DIVIDED,,STRAIGHT AND LEVEL,DRY,NO DEFECTS,NOT ON SCENE (DESK REPORT),INJURY AND / OR TOW DUE TO CRASH,Y,,,"OVER $1,500",08/17/2025 11:38:00 AM,IMPROPER LANE USAGE,NOT APPLICABLE,800,S,CICERO AVE,1533,,,,,,,2,NONINCAPACITATING INJURY,1,0,0,1,0,2,0,10,1,8,41.8702311448,-87.7450403653,POINT (-87.745040365265 41.870231144775)
2dae1e7483532e07fb4899e874ea0a0cc28b03732f9645af0abda443bdd50d4c6074c3ce5fae8d67442ddd93d04dc5c89c8cf5d964607f1d3a78e5021198e2bd,,08/17/2025 10:45:00 AM,25,TRAFFIC SIGNAL,FUNCTIONING PROPERLY,CLEAR,DAYLIGHT,SIDESWIPE SAME DIRECTION,DIVIDED - W/MEDIAN (NOT RAISED),,STRAIGHT AND LEVEL,DRY,NO DEFECTS,NOT ON SCENE (DESK REPORT),NO INJURY / DRIVE AWAY,,,,"$501 - $1,500",08/17/2025 11:20:00 AM,FAILING TO YIELD RIGHT-OF-WAY,FOLLOWING TOO CLOSELY,2460,N,DAMEN AVE,1432,,,,,,,2,NO INDICATION OF INJURY,0,0,0,0,0,3,0,10,1,8,41.9267613327,-87.6781999359,POINT (-87.678199935912 41.926761332683)
7a6fe0cef6552f98f66f6818c473ab2e4e410e4b850cddb488930be61d338b831c0f290e76646ca234ee14bd0cbf700ef09b9c22cb8a47c023e21b2db8d68fa9,Y,08/17/2025 10:45:00 AM,10,NO CONTROLS,NO CONTROLS,CLEAR,DAYLIGHT,PARKED MOTOR VEHICLE,PARKING LOT,,STRAIGHT AND LEVEL,DRY,NO DEFECTS,ON SCENE,NO INJURY / DRIVE AWAY,,,Y,"OVER $1,500",08/17/2025 11:08:00 AM,UNABLE TO DETERMINE,UNABLE TO DETERMINE,2350,N,CENTRAL AVE,2515,,,,,,,2,NO INDICATION OF INJURY,0,0,0,0,0,1,0,10,1,8,41.9236610623,-87.7661255171,POINT (-87.766125517117 41.923661062297)
912916ba3abefac73202e4dddb6e9fdd8f2c5ba273b61c9efe09ff7c5039bba6fd25e9498645387d77bc100b5ec21312a388c713e06ab1b43ddfe9c329ca01b3,,08/17/2025 10:44:00 AM,30,NO CONTROLS,NO CONTROLS,CLEAR,DAYLIGHT,PARKED MOTOR VEHICLE,ONE-WAY,,STRAIGHT AND LEVEL,DRY,NO DEFECTS,ON SCENE,INJURY AND / OR TOW DUE TO CRASH,,,Y,"$501 - $1,500",08/17/2025 10:44:00 AM,DRIVING SKILLS/KNOWLEDGE/EXPERIENCE,DRIVING SKILLS/KNOWLEDGE/EXPERIENCE,4705,N,AVERS AVE,1723,,,,,,,2,NO INDICATION OF INJURY,0,0,0,0,0,1,0,10,1,8,41.9666410545,-87.7241737254,POINT (-87.724173725448 41.966641054514)
20d63cef6c3939abfa246fb2cea05e6f2cd77e8d41bbd764a141d43b3c4bd8d3563346dc2ed91b6f5bf597434da8cfed9f6d23c1f070c71f173ef51ce430921a,Y,08/17/2025 10:40:00 AM,30,NO CONTROLS,NO CONTROLS,UNKNOWN,UNKNOWN,PARKED MOTOR VEHICLE,DIVIDED - W/MEDIAN BARRIER,,STRAIGHT AND LEVEL,DRY,NO DEFECTS,ON SCENE,NO INJURY / DRIVE AWAY,,,N,"$501 - $1,500",08/17/2025 11:41:00 AM,UNABLE TO DETERMINE,IMPROPER LANE USAGE,2419,N,ASHLAND AVE,1932,,,,,,,2,,,,,,,,,10,1,8,41.9257633883,-87.6680198656,POINT (-87.668019865607 41.925763388305)
808ac174f0d39cf82db33d46d92b0d81d636105eb319593a313184858431a901a8a0761843101bccb6c22d07e572636c5ced4cbd913f156325a407ed44b86bbf,,08/17/2025 10:30:00 AM,30,NO CONTROLS,NO CONTROLS,CLEAR,DAYLIGHT,PARKED MOTOR VEHICLE,ONE-WAY,,STRAIGHT AND LEVEL,DRY,NO DEFECTS,NOT ON SCENE (DESK REPORT),NO INJURY / DRIVE AWAY,,,Y,"OVER $1,500",08/17/2025 01:05:00 PM,UNABLE TO DETERMINE,NOT APPLICABLE,2836,E,78TH ST,421,,,,,,,2,NO INDICATION OF INJURY,0,0,0,0,0,1,0,10,1,8,41.7537965462,-87.5556171645,POINT (-87.555617164453 41.753796546206)
7b0c73adce69782ff1bcf8a76f8938a3451800c109d15bb9370204f5ae8276c62da22541188bc7adf9c5bc2f5c90572bbb40df5c3e1d06a1881d722300b4bdd2,,08/17/2025 10:28:00 AM,25,NO CONTROLS,FUNCTIONING PROPERLY,CLEAR,DAYLIGHT,SIDESWIPE OPPOSITE DIRECTION,NOT DIVIDED,,STRAIGHT AND LEVEL,DRY,NO DEFECTS,NOT ON SCENE (DESK REPORT),NO INJURY / DRIVE AWAY,,,Y,"OVER $1,500",08/17/2025 04:30:00 PM,UNABLE TO DETERMINE,UNABLE TO DETERMINE,3356,W,LAKE ST,1123,,,,,,,2,NO INDICATION OF INJURY,0,0,0,0,0,2,0,10,1,8,41.8847342237,-87.7109190573,POINT (-87.71091905732 41.884734223659)
d3a521bcc37a18e1d76da92dfd55540edcc6a86785f18829f73390617d9b095f56b4209c33ec03d09bbd71b9ad18dd441a2f0945ae60be713a3627625ee90c53,,08/17/2025 10:27:00 AM,15,NO CONTROLS,NO CONTROLS,UNKNOWN,DAYLIGHT,PARKED MOTOR VEHICLE,ONE-WAY,,STRAIGHT AND LEVEL,UNKNOWN,UNKNOWN,NOT ON SCENE (DESK REPORT),NO INJURY / DRIVE AWAY,,,Y,"OVER $1,500",08/17/2025 03:20:00 PM,UNABLE TO DETERMINE,NOT APPLICABLE,1804,N,MAYFIELD AVE,2531,,,,,,,2,NO INDICATION OF INJURY,0,0,0,0,0,1,0,10,1,8,41.9131131936,-87.7729923346,POINT (-87.772992334649 41.913113193595)
1b9c332a0f146bfddc6875927360d59ac601edc5903e6859332c035bd48b0e385af6cf19c640f6a2ac91d84a0dc952e84ce95e89c90312a2b524c0fcf8009a37,,08/17/2025 10:20:00 AM,30,TRAFFIC SIGNAL,UNKNOWN,CLEAR,DAYLIGHT,PEDALCYCLIST,FOUR WAY,,STRAIGHT AND LEVEL,UNKNOWN,UNKNOWN,ON SCENE,INJURY AND / OR TOW DUE TO CRASH,Y,,,"OVER $1,500",08/17/2025 10:26:00 AM,FAILING TO YIELD RIGHT-OF-WAY,NOT APPLICABLE,44,E,GRAND AVE,1834,,,,,,,2,"REPORTED, NOT EVIDENT",1,0,0,0,1,4,0,10,1,8,41.8918001554,-87.6263318662,POINT (-87.626331866183 41.891800155408)
f19250ca79038c6ffa459f04e4f15b2e974410768f91e904667e59e66c9add50b3cbab7f1f8ba6e5c7d19d5be723f7d9c7ee79a7c3013855b59dde3439ca3be6,Y,08/17/2025 10:20:00 AM,30,NO CONTROLS,NO CONTROLS,CLEAR,DAYLIGHT,PARKED MOTOR VEHICLE,NOT DIVIDED,,STRAIGHT AND LEVEL,DRY,NO DEFECTS,ON SCENE,INJURY AND / OR TOW DUE TO CRASH,,,,"$501 - $1,500",08/17/2025 10:44:00 AM,NOT APPLICABLE,NOT APPLICABLE,5022,S,MARSHFIELD AVE,931,,,,,,,2,"REPORTED, NOT EVIDENT",1,0,0,0,1,0,0,10,1,8,41.8024133478,-87.6661780274,POINT (-87.666178027392 41.802413347801)
b03eb2909993748c9c996580dde67128ca67af295665c7b46ca7934cd38c2290952e68045cbdba719c727d1444e62ce1ee11ae047da0f6b9e76e1512b5f4e14c,,08/17/2025 10:15:00 AM,30,NO CONTROLS,NO CONTROLS,CLEAR,DAYLIGHT,PEDESTRIAN,NOT DIVIDED,,STRAIGHT AND LEVEL,DRY,NO DEFECTS,NOT ON SCENE (DESK REPORT),INJURY AND / OR TOW DUE TO CRASH,Y,,Y,$500 OR LESS,08/17/2025 03:03:00 PM,UNABLE TO DETERMINE,NOT APPLICABLE,5201,S,HALSTED ST,935,,,,,,,2,NONINCAPACITATING INJURY,1,0,0,1,0,1,0,10,1,8,41.7996802846,-87.6451479642,POINT (-87.645147964161 41.79968028457)
066cb81ab552a2fc4bef412898f235924f2ce65b3d9380892c840c5dfa376089b10d9a22bdbf8e5d4722dd09b08f4e6ca088194bd2d64565e8b1ec9aa7c8f95f,,08/17/2025 10:00:00 AM,30,NO CONTROLS,NO CONTROLS,UNKNOWN,UNKNOWN,PARKED MOTOR VEHICLE,NOT DIVIDED,,STRAIGHT AND LEVEL,UNKNOWN,UNKNOWN,NOT ON SCENE (DESK REPORT),NO INJURY / DRIVE AWAY,,,Y,"OVER $1,500",08/17/2025 11:00:00 AM,UNABLE TO DETERMINE,NOT APPLICABLE,3858,S,SPAULDING AVE,911,,,,,,,2,NO INDICATION OF INJURY,0,0,0,0,0,1,0,10,1,8,41.822601203,-87.706999538,POINT (-87.706999537976 41.822601202956)
3e104cc4ccbc3e564b0515a6e82dba983b365b40899fafac75485ca55bc63edd9b8a35305e89bbce8dd96e6093b29877cf9ad0f28b22bbdc35fefc91702958a2,Y,08/17/2025 10:00:00 AM,15,OTHER,OTHER,CLEAR,DAYLIGHT,FIXED OBJECT,PARKING LOT,,STRAIGHT AND LEVEL,DRY,NO DEFECTS,ON SCENE,NO INJURY / DRIVE AWAY,,Y,,"OVER $1,500",08/17/2025 10:09:00 AM,NOT APPLICABLE,NOT APPLICABLE,300,S,DAMEN AVE,1225,,,,,,,1,NO INDICATION OF INJURY,0,0,0,0,0,2,0,10,1,8,41.8774128376,-87.6766908959,POINT (-87.676690895903 41.877412837573)
a0f1f9e587b98560c9704fa05cf263c8b033bbd1c50727a22c5041c11ff75e476c0c64676a3d2e1ed2375af4a323bd2fb88566b51535115987e253a4658d071f,,08/17/2025 10:00:00 AM,35,STOP SIGN/FLASHER,FUNCTIONING PROPERLY,CLEAR,DAYLIGHT,ANGLE,DIVIDED - W/MEDIAN (NOT RAISED),,STRAIGHT AND LEVEL,DRY,NO DEFECTS,,NO INJURY / DRIVE AWAY,Y,,,"OVER $1,500",08/17/2025 10:25:00 AM,FAILING TO YIELD RIGHT-OF-WAY,NOT APPLICABLE,2701,S,KEDZIE AVE,1033,,,,,,,2,NO INDICATION OF INJURY,0,0,0,0,0,2,0,10,1,8,41.8426086233,-87.7048343359,POINT (-87.704834335942 41.842608623292)
e4644fcd3db0aed1256642140475d0d15c8cb1f552befb9d0e8c2184011fe6bfd5c59b9c77e8d26b827cab280c89256bc3fdb73131e2a89b6fa3149cb962c2de,,08/17/2025 10:00:00 AM,20,NO CONTROLS,NO CONTROLS,CLEAR,DAYLIGHT,PARKED MOTOR VEHICLE,ONE-WAY,,STRAIGHT AND LEVEL,DRY,NO DEFECTS,NOT ON SCENE (DESK REPORT),NO INJURY / DRIVE AWAY,,,Y,"OVER $1,500",08/17/2025 12:00:00 PM,UNABLE TO DETERMINE,UNABLE TO DETERMINE,4545,S,SPAULDING AVE,821,,,,,,,2,NO INDICATION OF INJURY,0,0,0,0,0,1,0,10,1,8,41.810381658,-87.7063278449,POINT (-87.706327844921 41.810381657971)
b712687a29d5b02f1860fd4d15638eb4952fc25d79409eb63c72eaee18f772930cc569a03ec28101194a80d011a6ace884a3d03cdc97f09976a3fa003bbcf0f3,,08/17/2025 09:50:00 AM,30,STOP SIGN/FLASHER,FUNCTIONING PROPERLY,CLEAR,DAYLIGHT,PEDALCYCLIST,FOUR WAY,,STRAIGHT AND LEVEL,DRY,NO DEFECTS,ON SCENE,INJURY AND / OR TOW DUE TO CRASH,Y,,Y,$500 OR LESS,08/17/2025 09:59:00 AM,FAILING TO YIELD RIGHT-OF-WAY,UNABLE TO DETERMINE,1700,W,TOUHY AVE,2423,,,,,,,2,NONINCAPACITATING INJURY,1,0,0,1,0,1,0,9,1,8,42.012782706,-87.672484088,POINT (-87.672484087993 42.012782706036)
5e7c3bebf380347fcb5a5ed84627ea051a3b1997c4839761968c17f1e8730c3db683f3471c2073f6c95d6ae995cb276aafa2ceb4089f0280fbebb30c9f0216d8,,08/17/2025 09:45:00 AM,30,TRAFFIC SIGNAL,FUNCTIONING PROPERLY,CLEAR,DAYLIGHT,TURNING,FOUR WAY,,STRAIGHT AND LEVEL,UNKNOWN,UNKNOWN,NOT ON SCENE (DESK REPORT),NO INJURY / DRIVE AWAY,Y,,,"OVER $1,500",08/17/2025 10:05:00 AM,FOLLOWING TOO CLOSELY,NOT APPLICABLE,7887,S,VINCENNES AVE,623,,,,,,,2,NO INDICATION OF INJURY,0,0,0,0,0,2,0,9,1,8,41.7507997841,-87.6340775023,POINT (-87.634077502316 41.750799784108)
af75349d00b3c4598c260e18a226ccb8e0ee03de4c03e73328a4cca165baf677457e47cdd605357e520996a4b6e26377fbe3bb687a23ddb8aaf9147edcd39d22,,08/17/2025 09:38:00 AM,30,TRAFFIC SIGNAL,FUNCTIONING PROPERLY,CLOUDY/OVERCAST,DAYLIGHT,PARKED MOTOR VEHICLE,NOT DIVIDED,,STRAIGHT ON GRADE,DRY,NO DEFECTS,ON SCENE,NO INJURY / DRIVE AWAY,,,,"OVER $1,500",08/17/2025 09:38:00 AM,IMPROPER BACKING,DRIVING SKILLS/KNOWLEDGE/EXPERIENCE,9130,S,COMMERCIAL AVE,423,,,,,,,2,NO INDICATION OF INJURY,0,0,0,0,0,2,0,9,1,8,41.7291319264,-87.5513798891,POINT (-87.551379889107 41.729131926351)
375535c3a7d5cf5409b3cdcac210de601f217852cec5c0984a087e776dc3b694fbeaee2e4127e42452671351cafd70c6990f95795167646a219c478996096183,,08/17/2025 09:30:00 AM,30,OTHER,FUNCTIONING PROPERLY,CLEAR,DAYLIGHT,TURNING,T-INTERSECTION,,STRAIGHT AND LEVEL,DRY,NO DEFECTS,ON SCENE,INJURY AND / OR TOW DUE TO CRASH,Y,Y,Y,"OVER $1,500",08/17/2025 09:32:00 AM,IMPROPER LANE USAGE,FAILING TO YIELD RIGHT-OF-WAY,2856,N,WESTERN AVE,1411,,,,,,,2,NO INDICATION OF INJURY,0,0,0,0,0,2,0,9,1,8,41.9339153117,-87.6880869024,POINT (-87.688086902415 41.933915311691)
3b77d39973b2bef7f1f9a6bb6ddbc4aeb28aafa92b4f9cb66f0674e197cc3adae02af3b36954b95f9b0f0d2974ddb5cf69db8be1e96d9f365bfca1f2264ec560,,08/17/2025 09:30:00 AM,10,NO CONTROLS,NO CONTROLS,CLEAR,DAYLIGHT,PARKED MOTOR VEHICLE,PARKING LOT,,STRAIGHT AND LEVEL,WET,NO DEFECTS,NOT ON SCENE (DESK REPORT),NO INJURY / DRIVE AWAY,,Y,Y,"OVER $1,500",08/17/2025 12:00:00 PM,UNABLE TO DETERMINE,NOT APPLICABLE,609,S,STATE ST,123,,,,,,,2,NO INDICATION OF INJURY,0,0,0,0,0,1,0,9,1,8,41.8743089032,-87.6274586596,POINT (-87.627458659561 41.874308903227)
4dbc8ad27044cad5ef65d59b8daf462afdc369e18f4862dc3c8ac8da46930fd29b3f9e9ff89470ee5be470131dd17789ab776f237d1e6b035046362079b119c2,,08/17/2025 09:30:00 AM,15,NO CONTROLS,NO CONTROLS,CLEAR,DAYLIGHT,PARKED MOTOR VEHICLE,ONE-WAY,,STRAIGHT AND LEVEL,DRY,NO DEFECTS,NOT ON SCENE (DESK REPORT),NO INJURY / DRIVE AWAY,,,,"OVER $1,500",08/20/2025 09:25:00 AM,UNABLE TO DETERMINE,NOT APPLICABLE,918,W,AINSLIE ST,2024,,,,,,,2,NO INDICATION OF INJURY,0,0,0,0,0,1,0,9,1,8,41.9717109545,-87.6532994538,POINT (-87.653299453777 41.971710954509)
ce4d332b3670f110efa2ca547a73736f1235c7c826be8310f00f5376fa25740a1560bd4b131e11806ff48be7790526646e10567268f793121f123948a7edb721,,08/17/2025 09:30:00 AM,20,UNKNOWN,UNKNOWN,RAIN,UNKNOWN,PARKED MOTOR VEHICLE,ONE-WAY,,STRAIGHT AND LEVEL,WET,UNKNOWN,NOT ON SCENE (DESK REPORT),NO INJURY / DRIVE AWAY,,,Y,"OVER $1,500",08/17/2025 05:24:00 PM,IMPROPER OVERTAKING/PASSING,IMPROPER OVERTAKING/PASSING,2301,W,GARFIELD BLVD,824,,,,,,,2,NO INDICATION OF INJURY,0,0,0,0,0,1,0,9,1,8,41.7933622769,-87.6813269009,POINT (-87.681326900929 41.793362276932)
51a6dcf063c23d760ceb794a98f37c6604bd871d8ac27927550cf6662bc19e08354ef140701fad72cc8421beb2b28938b011cb252c2b828d776ee8c7a8428083,,08/17/2025 09:20:00 AM,25,NO CONTROLS,NO CONTROLS,CLOUDY/OVERCAST,DAYLIGHT,PARKED MOTOR VEHICLE,ONE-WAY,,STRAIGHT AND LEVEL,DRY,NO DEFECTS,NOT ON SCENE (DESK REPORT),NO INJURY / DRIVE AWAY,,,,"$501 - $1,500",08/22/2025 02:50:00 PM,DRIVING SKILLS/KNOWLEDGE/EXPERIENCE,DRIVING SKILLS/KNOWLEDGE/EXPERIENCE,3546,N,WILTON AVE,1924,,,,,,,2,NO INDICATION OF INJURY,0,0,0,0,0,1,0,9,1,8,41.9468266392,-87.6532476075,POINT (-87.653247607458 41.946826639176)
79eff838f24ed85089bdbb634b3324da4f4223c2112d764176e82812346fc37332cec80cda88f25bb4497ad1de3b3f901289cccf08214eeb6c7c965007c61f28,,08/17/2025 09:12:00 AM,20,NO CONTROLS,NO CONTROLS,CLEAR,DAYLIGHT,REAR END,ONE-WAY,,STRAIGHT AND LEVEL,DRY,NO DEFECTS,ON SCENE,NO INJURY / DRIVE AWAY,,,,"OVER $1,500",08/17/2025 09:25:00 AM,FOLLOWING TOO CLOSELY,DRIVING SKILLS/KNOWLEDGE/EXPERIENCE,1,W,TERMINAL ST,1651,,,,,,,2,NO INDICATION OF INJURY,0,0,0,0,0,2,0,9,1,8,,,
3816d798d88267bcb7dd06f358d55ff6ce607ff4c1b79e9084e876160dc3c44d033da2606496a8b3d6890e56583f5766f5d850b81ec3069dab148b2e67d4b073,Y,08/17/2025 09:11:00 AM,30,TRAFFIC SIGNAL,FUNCTIONING PROPERLY,CLEAR,DAYLIGHT,REAR END,DIVIDED - W/MEDIAN (NOT RAISED),,STRAIGHT AND LEVEL,WET,NO DEFECTS,NOT ON SCENE (DESK REPORT),NO INJURY / DRIVE AWAY,,,,"OVER $1,500",08/17/2025 09:50:00 AM,FOLLOWING TOO CLOSELY,UNABLE TO DETERMINE,2401,W,LAWRENCE AVE,1911,,,,,,,2,NO INDICATION OF INJURY,0,0,0,0,0,2,0,9,1,8,41.9685048247,-87.6889665378,POINT (-87.688966537776 41.968504824734)
f0a986ee8f12339f74e427ad8e7f680b360b092b758860d636461ced29a3d770c7baa21795e9794d0d39678ee66e44a6db416949acead580c5cc7769944fcbfc,,08/17/2025 09:05:00 AM,10,NO CONTROLS,NO CONTROLS,CLEAR,DAYLIGHT,PARKED MOTOR VEHICLE,PARKING LOT,,"CURVE, LEVEL",DRY,NO DEFECTS,ON SCENE,INJURY AND / OR TOW DUE TO CRASH,,Y,,"OVER $1,500",08/17/2025 09:06:00 AM,FAILING TO REDUCE SPEED TO AVOID CRASH,DRIVING SKILLS/KNOWLEDGE/EXPERIENCE,1500,S,FAIRFIELD AVE,1023,,,,,,,4,"REPORTED, NOT EVIDENT",1,0,0,0,1,0,0,9,1,8,41.8610552113,-87.6945596339,POINT (-87.694559633925 41.861055211286)