CRASH_RECORD_ID,CRASH_DATE_EST_I,CRASH_DATE,POSTED_SPEED_LIMIT,TRAFFIC_CONTROL_DEVICE,DEVICE_CONDITION,WEATHER_CONDITION,LIGHTING_CONDITION,FIRST_CRASH_TYPE,TRAFFICWAY_TYPE,LANE_CNT,ALIGNMENT,ROADWAY_SURFACE_COND,ROAD_DEFECT,REPORT_TYPE,CRASH_TYPE,INTERSECTION_RELATED_I,NOT_RIGHT_OF_WAY_I,HIT_AND_RUN_I,DAMAGE,DATE_POLICE_NOTIFIED,PRIM_CONTRIBUTORY_CAUSE,SEC_CONTRIBUTORY_CAUSE,STREET_NO,STREET_DIRECTION,STREET_NAME,BEAT_OF_OCCURRENCE,PHOTOS_TAKEN_I,STATEMENTS_TAKEN_I,DOORING_I,WORK_ZONE_I,WORK_ZONE_TYPE,WORKERS_PRESENT_I,NUM_UNITS,MOST_SEVERE_INJURY,INJURIES_TOTAL,INJURIES_FATAL,INJURIES_INCAPACITATING,INJURIES_NON_INCAPACITATING,INJURIES_REPORTED_NOT_EVIDENT,INJURIES_NO_INDICATION,INJURIES_UNKNOWN,CRASH_HOUR,CRASH_DAY_OF_WEEK,CRASH_MONTH,LATITUDE,LONGITUDE,LOCATION
6d431c61219ff9ccb32b8d0e9ad8839da3b684c965738285fcb6e1e038980f7d046458b899d36bafd280fed4b6a083defda318032b34ed63f716b4cf1c406f2d,,08/17/2025 09:03:00 AM,30,NO CONTROLS,NO CONTROLS,CLEAR,DAYLIGHT,REAR END,ONE-WAY,,STRAIGHT AND LEVEL,DRY,NO DEFECTS,ON SCENE,NO INJURY / DRIVE AWAY,,,Y,"OVER $1,500",08/17/2025 09:33:00 AM,FOLLOWING TOO CLOSELY,FOLLOWING TOO CLOSELY,4607,W,LEXINGTON ST,1131,,,,,,,2,NO INDICATION OF INJURY,0,0,0,0,0,2,0,9,1,8,41.8713148359,-87.740402025,POINT (-87.740402024979 41.871314835924)
48d960527807978e8b8a9fbdb1623f3924198778df284955bc8d6fa7ae4f046b7c515ddc2757224021c5ab36a0dd5a63fcaf880595264052c20ca9b8408300c0,,08/17/2025 09:00:00 AM,30,NO CONTROLS,NO CONTROLS,CLEAR,DAYLIGHT,PARKED MOTOR VEHICLE,ONE-WAY,,STRAIGHT AND LEVEL,DRY,NO DEFECTS,NOT ON SCENE (DESK REPORT),NO INJURY / DRIVE AWAY,,,Y,"OVER $1,500",08/17/2025 02:00:00 PM,UNABLE TO DETERMINE,NOT APPLICABLE,4305,N,MONTICELLO AVE,1723,,,,,,,2,NO INDICATION OF INJURY,0,0,0,0,0,1,0,9,1,8,41.9594413344,-87.7190607879,POINT (-87.719060787911 41.959441334424)
5aaa006eea3312dae7824f64d3d778f7df768c6144492d052a9f18b8fb556164e87a55284bb9148c9c61e46d9deb8e4899ec12f171f121ad9437cdd614333ca4,,08/17/2025 09:00:00 AM,35,NO CONTROLS,NO CONTROLS,CLEAR,DAYLIGHT,REAR END,NOT DIVIDED,,STRAIGHT AND LEVEL,DRY,NO DEFECTS,NOT ON SCENE (DESK REPORT),NO INJURY / DRIVE AWAY,,,,"$501 - $1,500",08/17/2025 07:50:00 PM,UNABLE TO DETERMINE,NOT APPLICABLE,140,N,RACINE AVE,1224,,,,,,,2,NO INDICATION OF INJURY,0,0,0,0,0,2,0,9,1,8,41.8842877636,-87.6568915734,POINT (-87.65689157341 41.884287763606)
cb499a7214e11d43346e03ef722f9716cd53e7bad46b112bbb2d1418671506eb8a2c0734fcae3f2ce78a773ed07312078260bb897ff46fc1a9f91405c17b7f83,,08/17/2025 09:00:00 AM,15,NO CONTROLS,NO CONTROLS,CLEAR,DAYLIGHT,FIXED OBJECT,OTHER,,STRAIGHT AND LEVEL,DRY,NO DEFECTS,ON SCENE,NO INJURY / DRIVE AWAY,,Y,,"OVER $1,500",08/17/2025 09:10:00 AM,UNABLE TO DETERMINE,UNABLE TO DETERMINE,25,W,65TH ST,312,,,,,,,1,NO INDICATION OF INJURY,0,0,0,0,0,1,0,9,1,8,41.7763037965,-87.6263209254,POINT (-87.626320925442 41.776303796457)
e81325fa75bd2a4657a2da77730363d57bc18edc377ac5ae6a8306968cd8cbc3c490b3f391b4ba93d941c9edf97a93fbefff52ad6e96e75c82f6e1c7a5588563,Y,08/17/2025 09:00:00 AM,20,UNKNOWN,UNKNOWN,CLEAR,"DARKNESS, LIGHTED ROAD",PARKED MOTOR VEHICLE,PARKING LOT,,STRAIGHT AND LEVEL,DRY,NO DEFECTS,ON SCENE,NO INJURY / DRIVE AWAY,,,Y,"$501 - $1,500",08/18/2025 01:50:00 AM,UNABLE TO DETERMINE,NOT APPLICABLE,538,W,OHARE ST,1654,,,,,,,2,NO INDICATION OF INJURY,0,0,0,0,0,1,0,9,1,8,,,
c40401eafc7a4f072f22882432f378f8b8c5aa381e2abb7b07b88e79386031ede939c31d35e896eff6502fcb0defabf2fffce0cae594e5b7f122add0038b4f11,,08/17/2025 08:45:00 AM,10,UNKNOWN,NO CONTROLS,CLEAR,DAYLIGHT,REAR TO SIDE,ONE-WAY,,STRAIGHT AND LEVEL,DRY,NO DEFECTS,NOT ON SCENE (DESK REPORT),NO INJURY / DRIVE AWAY,,,,"OVER $1,500",08/17/2025 09:45:00 AM,UNABLE TO DETERMINE,UNABLE TO DETERMINE,474,N,LAKE SHORE DR,1834,,,,,,,2,NO INDICATION OF INJURY,0,0,0,0,0,4,0,8,1,8,41.8906294315,-87.6143303051,POINT (-87.614330305106 41.890629431539)
833ae5043742af2f2a27137af1e006522853b448e49a9624305de2b2b8952c1138a2fca444bca8856b733ec6e98df467f889a07990f3850e11d6ebebc8a1cdb3,,08/17/2025 08:30:00 AM,25,NO CONTROLS,NO CONTROLS,CLEAR,DAYLIGHT,SIDESWIPE SAME DIRECTION,ONE-WAY,,STRAIGHT AND LEVEL,DRY,NO DEFECTS,ON SCENE,NO INJURY / DRIVE AWAY,,,,"OVER $1,500",08/17/2025 09:23:00 AM,IMPROPER OVERTAKING/PASSING,UNABLE TO DETERMINE,948,N,TRUMBULL AVE,1121,,,,,,,2,NO INDICATION OF INJURY,0,0,0,0,0,3,0,8,1,8,41.898762544,-87.7129098201,POINT (-87.712909820112 41.89876254402)
8adffe03e5b33f54ea5e72cb7b1f0dec2b0fa6f5d2353a6793cb8048f88cf40e8207031e043e116486e763daf1f7e4b240e1df9bf622ae0388924990602cec1d,,08/17/2025 08:30:00 AM,30,NO CONTROLS,NO CONTROLS,CLEAR,DAYLIGHT,PARKED MOTOR VEHICLE,NOT DIVIDED,,STRAIGHT AND LEVEL,DRY,NO DEFECTS,NOT ON SCENE (DESK REPORT),NO INJURY / DRIVE AWAY,,,Y,"OVER $1,500",08/18/2025 05:41:00 PM,UNABLE TO DETERMINE,UNABLE TO DETERMINE,2041,N,CENTRAL PARK AVE,1413,,,,,,,2,NO INDICATION OF INJURY,0,0,0,0,0,1,0,8,1,8,41.9185417026,-87.7166629126,POINT (-87.716662912599 41.91854170262)
f1ccde8ab327ef333b346db11a7a6890c6c5dbfc769a92a69c90d14c38874f4c98ba0efd780f2629ea10d97135507d22c0dfe395e1e4950f97108990943d4a5b,,08/17/2025 08:30:00 AM,25,NO CONTROLS,NO CONTROLS,CLOUDY/OVERCAST,UNKNOWN,PARKED MOTOR VEHICLE,ONE-WAY,,STRAIGHT AND LEVEL,WET,NO DEFECTS,NOT ON SCENE (DESK REPORT),NO INJURY / DRIVE AWAY,,,Y,"OVER $1,500",08/17/2025 02:30:00 PM,UNABLE TO DETERMINE,UNABLE TO DETERMINE,621,N,WALLER AVE,1511,,,,,,,2,NO INDICATION OF INJURY,0,0,0,0,0,1,0,8,1,8,41.8917268383,-87.767684642,POINT (-87.767684642006 41.891726838349)
a3745c64d792c4f24c39269101d5131574b1ce65663009519513d1bdeb40796a1c29b070521d20a1a11adbf28d5daa1794c2b01f447ca1ee0523f2efcbfda34d,,08/17/2025 08:20:00 AM,10,NO CONTROLS,NO CONTROLS,CLEAR,DAYLIGHT,FIXED OBJECT,PARKING LOT,,STRAIGHT AND LEVEL,DRY,NO DEFECTS,ON SCENE,INJURY AND / OR TOW DUE TO CRASH,,,,"OVER $1,500",08/17/2025 08:30:00 AM,"OPERATING VEHICLE IN ERRATIC, RECKLESS, CARELESS, NEGLIGENT OR AGGRESSIVE MANNER",NOT APPLICABLE,10255,W,ZEMKE RD,1654,,,,,,,1,"REPORTED, NOT EVIDENT",1,0,0,0,1,0,0,8,1,8,41.9947933861,-87.8827076595,POINT (-87.882707659516 41.994793386112)
4fc2f4d2a201176ea6a2ce4c03cf4f0902ded88428a495a267b40d3b739661bf2228071a3222963a534efa859cc31804707bf82c9e1078b60e1f349b21ef19af,,08/17/2025 08:05:00 AM,10,NO CONTROLS,NO CONTROLS,CLEAR,DAYLIGHT,SIDESWIPE SAME DIRECTION,ONE-WAY,,STRAIGHT AND LEVEL,DRY,NO DEFECTS,ON SCENE,NO INJURY / DRIVE AWAY,,Y,,"$501 - $1,500",08/17/2025 08:05:00 AM,FAILING TO YIELD RIGHT-OF-WAY,IMPROPER LANE USAGE,5701,S,CICERO AVE,813,,,,,,,2,NO INDICATION OF INJURY,0,0,0,0,0,2,0,8,1,8,41.7893386418,-87.7413525626,POINT (-87.741352562622 41.789338641753)
6680a5481377ad641931421640191620336630fae87b9d2efe7dbd29afc5d549a444ef0b251c152f76473af963230a9572b3fe0fee8377507ffd23e1629ad9df,Y,08/17/2025 07:55:00 AM,20,NO CONTROLS,NO CONTROLS,CLEAR,DAYLIGHT,PEDESTRIAN,PARKING LOT,,STRAIGHT AND LEVEL,DRY,NO DEFECTS,ON SCENE,NO INJURY / DRIVE AWAY,,,,$500 OR LESS,08/17/2025 07:55:00 AM,UNABLE TO DETERMINE,UNABLE TO DETERMINE,4917,N,MILWAUKEE AVE,1623,,,,,,,2,NO INDICATION OF INJURY,0,0,0,0,0,2,0,7,1,8,41.9701800166,-87.7625958933,POINT (-87.762595893299 41.970180016633)
2560834a1bd4d382dcc98394891de907bb719452de6a79290430fe9227d57deff5d3cfc690f506430c2b276f1efdc8000036e94d1c2e2f4c3699fab1df2c3200,,08/17/2025 07:51:00 AM,30,NO CONTROLS,NO CONTROLS,CLOUDY/OVERCAST,DAYLIGHT,PARKED MOTOR VEHICLE,NOT DIVIDED,,STRAIGHT AND LEVEL,DRY,NO DEFECTS,ON SCENE,INJURY AND / OR TOW DUE TO CRASH,,,Y,"OVER $1,500",08/17/2025 08:15:00 AM,UNABLE TO DETERMINE,UNABLE TO DETERMINE,5114,W,HURON ST,1531,,,,,,,2,NO INDICATION OF INJURY,0,0,0,0,0,2,0,7,1,8,41.8931228949,-87.7537902296,POINT (-87.753790229608 41.893122894856)
64887ee5c2a619052b007f2b5d80704c853794e60c4167ef02a0fbafb97f6df7f7f00809d5ee741bdc3b7f4478f1564822d6cc3a88b29401bc55822b77a21061,,08/17/2025 07:48:00 AM,30,NO CONTROLS,NO CONTROLS,CLEAR,DAYLIGHT,PARKED MOTOR VEHICLE,T-INTERSECTION,,STRAIGHT AND LEVEL,DRY,NO DEFECTS,ON SCENE,INJURY AND / OR TOW DUE TO CRASH,,,,"OVER $1,500",08/17/2025 07:49:00 AM,IMPROPER TURNING/NO SIGNAL,NOT APPLICABLE,759,N,LECLAIRE AVE,1531,,,,,,,2,NO INDICATION OF INJURY,0,0,0,0,0,1,0,7,1,8,41.8948383689,-87.7530043925,POINT (-87.753004392453 41.894838368935)
8598b3316ce7f49e438b96edf575ef579b23a311e204f699b99cc636af31dc51bb96975b097e88a681a6ea9a0341cf16c230698396ead4e0003413d32661b58e,,08/17/2025 07:29:00 AM,30,TRAFFIC SIGNAL,FUNCTIONING PROPERLY,CLEAR,DAYLIGHT,ANGLE,FOUR WAY,,STRAIGHT AND LEVEL,DRY,UNKNOWN,ON SCENE,INJURY AND / OR TOW DUE TO CRASH,Y,,Y,"OVER $1,500",08/17/2025 07:31:00 AM,UNABLE TO DETERMINE,NOT APPLICABLE,4000,W,ROOSEVELT RD,1132,,,,,,,3,NONINCAPACITATING INJURY,2,0,0,2,0,2,0,7,1,8,41.8662810027,-87.7252342198,POINT (-87.725234219839 41.866281002665)
227b37c83b67b3bb43ef238eb946b679a42666823fa8a10fdbbfec6a8735457d041d5082597c77e9daa631aacbd315a34d542833bc5c7b602dc33edb71be27d3,,08/17/2025 07:20:00 AM,30,UNKNOWN,UNKNOWN,RAIN,UNKNOWN,SIDESWIPE OPPOSITE DIRECTION,OTHER,,STRAIGHT AND LEVEL,WET,UNKNOWN,NOT ON SCENE (DESK REPORT),NO INJURY / DRIVE AWAY,,,Y,"OVER $1,500",08/17/2025 08:15:00 AM,UNABLE TO DETERMINE,UNABLE TO DETERMINE,1100,E,87TH ST,412,,,,,,,2,NO INDICATION OF INJURY,0,0,0,0,0,2,0,7,1,8,41.7368615923,-87.5974451031,POINT (-87.597445103106 41.736861592332)
49201763e9d2b6b29aae0978b1d07317180b5291033f5ff7631bae37cf16c420cb9f3b49583f0903dc78464d41ac114a9c5bc42825e00e7f76c4416949df732e,,08/17/2025 07:00:00 AM,10,NO CONTROLS,NO CONTROLS,UNKNOWN,UNKNOWN,PARKED MOTOR VEHICLE,PARKING LOT,,STRAIGHT AND LEVEL,UNKNOWN,UNKNOWN,NOT ON SCENE (DESK REPORT),NO INJURY / DRIVE AWAY,,,Y,"OVER $1,500",08/19/2025 07:50:00 AM,UNABLE TO DETERMINE,NOT APPLICABLE,1210,E,78TH ST,411,,,,,,,2,NO INDICATION OF INJURY,0,0,0,0,0,1,0,7,1,8,41.7533250161,-87.5950407584,POINT (-87.595040758431 41.753325016069)
344436a43afe9369e0919cac4f72adb9d72b2af4d8c439e470d88cfda15a927fc2386a0aa27a30a12bf325b72b573ff2d61e8f2a9871db53fce30051564fed09,,08/17/2025 06:45:00 AM,45,NO CONTROLS,NO CONTROLS,RAIN,DAYLIGHT,SIDESWIPE SAME DIRECTION,ONE-WAY,,STRAIGHT AND LEVEL,WET,NO DEFECTS,NOT ON SCENE (DESK REPORT),NO INJURY / DRIVE AWAY,,,,"$501 - $1,500",08/17/2025 12:30:00 PM,UNABLE TO DETERMINE,UNABLE TO DETERMINE,999,N,LAKE SHORE DR,1833,,,,,,,2,NO INDICATION OF INJURY,0,0,0,0,0,2,0,6,1,8,41.900943696,-87.6197079423,POINT (-87.619707942312 41.900943696033)
f79cd4bab6a5458c5382a7e7dc1d9390e223322677963fcda7e25a6aca4ced72eb4633696cfe72d0177eaf911668281c0380491feaf62473e109d878d2c45a4f,,08/17/2025 06:45:00 AM,25,STOP SIGN/FLASHER,FUNCTIONING PROPERLY,CLEAR,DAYLIGHT,PARKED MOTOR VEHICLE,DIVIDED - W/MEDIAN (NOT RAISED),,STRAIGHT AND LEVEL,DRY,NO DEFECTS,,NO INJURY / DRIVE AWAY,,,,"OVER $1,500",08/17/2025 09:40:00 AM,UNABLE TO DETERMINE,NOT APPLICABLE,2332,W,GRANVILLE AVE,2413,,,,,,,4,NO INDICATION OF INJURY,0,0,0,0,0,1,0,6,1,8,41.9942218479,-87.6886142922,POINT (-87.688614292155 41.994221847929)
7a1b1024fc8d3b7f66550b6b852d889d333181fa1143089b7ba220d9ddfeb0c458b42a6d3d113ba9d2fbf66571748fb048d5042a12b66855ccb7e821c57e8337,,08/17/2025 06:30:00 AM,10,NO CONTROLS,NO CONTROLS,RAIN,"DARKNESS, LIGHTED ROAD",PARKED MOTOR VEHICLE,PARKING LOT,,STRAIGHT AND LEVEL,WET,NO DEFECTS,NOT ON SCENE (DESK REPORT),NO INJURY / DRIVE AWAY,,Y,Y,"$501 - $1,500",08/17/2025 07:30:00 AM,UNABLE TO DETERMINE,UNABLE TO DETERMINE,7120,N,SHERIDAN RD,2423,,,,,,,2,NO INDICATION OF INJURY,0,0,0,0,0,1,0,6,1,8,42.0120171276,-87.6632216242,POINT (-87.663221624157 42.012017127573)
c41a9cde65b0a6d184eb1fd3e9f6217109833704b0b4b5a208a5b514ae941497e4dd1745b87273a6f64ad61797dfc6139bfa6063234b33ec4f831269e232fbb3,,08/17/2025 06:00:00 AM,25,STOP SIGN/FLASHER,FUNCTIONING PROPERLY,CLEAR,DAYLIGHT,REAR END,NOT DIVIDED,,STRAIGHT AND LEVEL,DRY,NO DEFECTS,NOT ON SCENE (DESK REPORT),NO INJURY / DRIVE AWAY,,,,"$501 - $1,500",08/17/2025 06:30:00 AM,FOLLOWING TOO CLOSELY,UNABLE TO DETERMINE,6958,W,65TH ST,812,,,,,,,2,NO INDICATION OF INJURY,0,0,0,0,0,2,0,6,1,8,41.7738926069,-87.7956968498,POINT (-87.795696849841 41.77389260689)
dc8983a4ec3b06ec53e0f0b3055b4acb2a0dc08ac1e00a31423bee9a91afc42bbb768606c18508481aa85588387224df976f4cf798816940d0cded5db212c146,,08/17/2025 06:00:00 AM,35,NO CONTROLS,NO CONTROLS,CLEAR,DAYLIGHT,PARKED MOTOR VEHICLE,NOT DIVIDED,,STRAIGHT AND LEVEL,DRY,NO DEFECTS,NOT ON SCENE (DESK REPORT),NO INJURY / DRIVE AWAY,,,N,"$501 - $1,500",08/17/2025 02:40:00 PM,UNABLE TO DETERMINE,NOT APPLICABLE,5304,W,ARMSTRONG AVE,1621,,,,,,,2,NO INDICATION OF INJURY,0,0,0,0,0,1,0,6,1,8,41.9845411344,-87.7619018207,POINT (-87.761901820704 41.984541134407)
f4bbdd566b59ab88d6f25552c4920d1771e4ae05074dc7b81c5ab6f2fd1c01254279c463ab8e48d2f6ebf4efd25df924bd54ff340a3350d3ac1cbcdf089ca8fe,,08/17/2025 05:46:00 AM,30,NO CONTROLS,NO CONTROLS,CLEAR,DAWN,REAR END,NOT DIVIDED,,STRAIGHT AND LEVEL,WET,NO DEFECTS,ON SCENE,INJURY AND / OR TOW DUE TO CRASH,Y,,,"OVER $1,500",08/17/2025 06:05:00 AM,FOLLOWING TOO CLOSELY,FAILING TO REDUCE SPEED TO AVOID CRASH,4815,W,DIVISION ST,1531,,,,,,,2,NONINCAPACITATING INJURY,1,0,0,1,0,2,0,5,1,8,41.9022351236,-87.7466288432,POINT (-87.746628843184 41.902235123616)
64aa3bc82b191b9b704156bc11bb8084fedfd241f5b3db766ad583535e7178b2c8303f394f1620e5f21a62d64ece6e18969d35887d78193501dcb415feeb163d,,08/17/2025 05:20:00 AM,20,STOP SIGN/FLASHER,FUNCTIONING PROPERLY,RAIN,DUSK,ANGLE,NOT DIVIDED,,STRAIGHT AND LEVEL,WET,NO DEFECTS,ON SCENE,INJURY AND / OR TOW DUE TO CRASH,,,,"OVER $1,500",08/17/2025 05:23:00 AM,DISREGARDING STOP SIGN,NOT APPLICABLE,60,S,KENTON AVE,1113,,,,,,,2,"REPORTED, NOT EVIDENT",1,0,0,0,1,1,0,5,1,8,41.8793150098,-87.7407189032,POINT (-87.740718903236 41.879315009826)
932b5eb28afefa0c39e4842e9f9d14fa8416d756d38b5d8a3c43edbc964bceee9cfc77856fef9e4f5d500c2bd6f6ccd92339cca48d34f298f8ed2201c34a729e,,08/17/2025 05:15:00 AM,30,UNKNOWN,UNKNOWN,OTHER,UNKNOWN,REAR END,NOT DIVIDED,,STRAIGHT AND LEVEL,OTHER,UNKNOWN,NOT ON SCENE (DESK REPORT),INJURY AND / OR TOW DUE TO CRASH,,,Y,"$501 - $1,500",08/17/2025 07:30:00 AM,UNABLE TO DETERMINE,NOT APPLICABLE,7601,S,KEDZIE AVE,835,,,,,,,2,"REPORTED, NOT EVIDENT",1,0,0,0,1,1,0,5,1,8,41.7551841772,-87.7024026184,POINT (-87.702402618398 41.755184177231)
8e03753c8457faaaa09128ecc854990fa9edf533922295d66b1bd8b8403413221b1f0d0a67f3ce2dc1fd9989de284a74555b6677521450a698bec2e6556bbf9b,,08/17/2025 05:12:00 AM,30,NO CONTROLS,NO CONTROLS,CLEAR,DAWN,FIXED OBJECT,T-INTERSECTION,,STRAIGHT AND LEVEL,WET,NO DEFECTS,ON SCENE,INJURY AND / OR TOW DUE TO CRASH,Y,,,"$501 - $1,500",08/17/2025 05:14:00 AM,WEATHER,NOT APPLICABLE,4601,W,JACKSON BLVD,1131,,,,,,,1,NO INDICATION OF INJURY,0,0,0,0,0,1,0,5,1,8,41.8767925924,-87.7406007123,POINT (-87.740600712347 41.876792592393)
48c85955532292f058054f680eecb99ed156c1659363db13b214a9cc3607355d0e754e470878ad4d72393fc66eace68e8cdf9d6e8bed8e7d53e1c12392959abb,,08/17/2025 05:10:00 AM,30,NO CONTROLS,NO CONTROLS,RAIN,DARKNESS,FIXED OBJECT,NOT DIVIDED,,STRAIGHT AND LEVEL,WET,UNKNOWN,ON SCENE,INJURY AND / OR TOW DUE TO CRASH,,,,"OVER $1,500",08/17/2025 05:15:00 AM,WEATHER,WEATHER,5712,S,KEDZIE AVE,822,,,,,,,1,NONINCAPACITATING INJURY,1,0,0,1,0,0,0,5,1,8,41.7894513765,-87.7035900286,POINT (-87.703590028625 41.789451376523)
2e8e3a1f1c438d250b8227b508521f69e09abf66c90857f1615e95253a1bc59da335e600b77e7e81123740e677813efa54bb65c682a93641aabc9e4da1677965,,08/17/2025 05:00:00 AM,35,TRAFFIC SIGNAL,FUNCTIONING PROPERLY,CLEAR,DAWN,REAR END,NOT DIVIDED,,STRAIGHT AND LEVEL,DRY,NO DEFECTS,NOT ON SCENE (DESK REPORT),NO INJURY / DRIVE AWAY,,,,"$501 - $1,500",08/19/2025 11:55:00 PM,HAD BEEN DRINKING (USE WHEN ARREST IS NOT MADE),NOT APPLICABLE,1401,W,LAKE ST,1224,,,,,,,2,NO INDICATION OF INJURY,0,0,0,0,0,2,0,5,1,8,41.8852994989,-87.6627586377,POINT (-87.662758637707 41.88529949893)
52038194afc299038a6d24d5c5c302feb2e63128f93e72bab1d73ab01ca2255ab75dfad73dacac6d6ef4887f472053fd12b59eefe68ca80bec09caa69abd9acf,,08/17/2025 05:00:00 AM,30,NO CONTROLS,NO CONTROLS,RAIN,"DARKNESS, LIGHTED ROAD",PARKED MOTOR VEHICLE,ONE-WAY,,STRAIGHT AND LEVEL,WET,UNKNOWN,ON SCENE,NO INJURY / DRIVE AWAY,,,Y,"$501 - $1,500",08/17/2025 09:39:00 AM,DRIVING ON WRONG SIDE/WRONG WAY,UNABLE TO DETERMINE,1134,N,SPRINGFIELD AVE,1112,,,,,,,2,NO INDICATION OF INJURY,0,0,0,0,0,1,0,5,1,8,41.9019184269,-87.7239864382,POINT (-87.723986438235 41.901918426935)
2bdafeaf9569054225bd1d32d2a6bb41fd5e65e7d7caf0b0810aeadbfd5f574c1e06a2be8130a1e9258f5a8ae4c61006f15e195a270ae203a673aeec2862d2b7,,08/17/2025 04:59:00 AM,30,NO CONTROLS,NO CONTROLS,RAIN,"DARKNESS, LIGHTED ROAD",PARKED MOTOR VEHICLE,NOT DIVIDED,,STRAIGHT AND LEVEL,WET,UNKNOWN,ON SCENE,INJURY AND / OR TOW DUE TO CRASH,,,Y,"OVER $1,500",08/17/2025 05:02:00 AM,IMPROPER LANE USAGE,NOT APPLICABLE,4563,N,MOBILE AVE,1622,,,,,,,2,NO INDICATION OF INJURY,0,0,0,0,0,1,0,4,1,8,41.9638496523,-87.7843327615,POINT (-87.784332761521 41.963849652327)
a74bd384fca90722485ef6ec72ec491aabd93644bbdcf0c3c5cbdf202a70c70f147af5c9d294a73de5b1319cf07ec737020ea4d1a209bdb6299bd05f32110b12,,08/17/2025 04:57:00 AM,30,NO CONTROLS,NO CONTROLS,RAIN,"DARKNESS, LIGHTED ROAD",FIXED OBJECT,DIVIDED - W/MEDIAN (NOT RAISED),,STRAIGHT AND LEVEL,WET,NO DEFECTS,ON SCENE,INJURY AND / OR TOW DUE TO CRASH,,,,"OVER $1,500",08/17/2025 04:58:00 AM,PHYSICAL CONDITION OF DRIVER,UNABLE TO DETERMINE,3455,N,ELSTON AVE,1733,,,,,,,1,NO INDICATION OF INJURY,0,0,0,0,0,1,0,4,1,8,41.94395126,-87.7047313701,POINT (-87.704731370145 41.94395126005)
697b87a39563917aa7a40fe3cc02014b69182ec37f79380b6263122707f01d495c71fd558988a2f58d639331a47a05c8553b2cbf9fdf0e1243a8c486379cb33a,,08/17/2025 04:41:00 AM,35,TRAFFIC SIGNAL,UNKNOWN,RAIN,DUSK,REAR END,DIVIDED - W/MEDIAN BARRIER,,STRAIGHT AND LEVEL,WET,UNKNOWN,ON SCENE,NO INJURY / DRIVE AWAY,,,Y,"OVER $1,500",08/17/2025 04:45:00 AM,FOLLOWING TOO CLOSELY,NOT APPLICABLE,299,E,ROOSEVELT RD,132,,,,,,,2,NO INDICATION OF INJURY,0,0,0,0,0,3,0,4,1,8,41.867402434,-87.6204276049,POINT (-87.620427604931 41.867402433986)
48ac64023c2a2ff4d1d44f6d4a6a0111e3f2408feee671a47a22e393a8b83dd09a43cd8a80bcbe91d5b829a4616f51aefd41afda192fd489d57b6d89819f2eac,,08/17/2025 04:30:00 AM,30,STOP SIGN/FLASHER,NO CONTROLS,CLEAR,DAWN,ANGLE,FOUR WAY,,STRAIGHT AND LEVEL,DRY,UNKNOWN,NOT ON SCENE (DESK REPORT),INJURY AND / OR TOW DUE TO CRASH,,,Y,"OVER $1,500",08/28/2025 01:30:00 PM,FAILING TO YIELD RIGHT-OF-WAY,UNABLE TO DETERMINE,3933,W,47TH ST,821,,,,,,,2,INCAPACITATING INJURY,1,0,1,0,0,1,0,4,1,8,41.8077790954,-87.7224222912,POINT (-87.722422291167 41.807779095399)
e176710cddceb5386a6f3c8147600a7072a68d50f45b59417621ec7892d25d02b0664b184e8f6ba952681c52f56f2f72d994c73fa21ab5aeb593959cced1a54d,,08/17/2025 04:30:00 AM,30,NO CONTROLS,NO CONTROLS,RAIN,DARKNESS,REAR END,NOT DIVIDED,,STRAIGHT AND LEVEL,WET,NO DEFECTS,ON SCENE,INJURY AND / OR TOW DUE TO CRASH,,,N,"$501 - $1,500",08/17/2025 05:30:00 AM,FOLLOWING TOO CLOSELY,WEATHER,4435,W,DIVISION ST,1111,,,,,,,3,NO INDICATION OF INJURY,0,0,0,0,0,3,0,4,1,8,41.9023782288,-87.737516848,POINT (-87.737516847975 41.902378228785)
206f38d31275e0f000c37f6ab1dd1f6401dac7fcb3816bbdc145f6d29f542755bc74118dfa491ab2a97456272b40462331f1eefbdfac55013b675f93c21e468b,,08/17/2025 04:25:00 AM,30,NO CONTROLS,NO CONTROLS,RAIN,"DARKNESS, LIGHTED ROAD",TURNING,NOT DIVIDED,,STRAIGHT AND LEVEL,WET,UNKNOWN,NOT ON SCENE (DESK REPORT),NO INJURY / DRIVE AWAY,,,,"$501 - $1,500",08/17/2025 04:33:00 AM,IMPROPER TURNING/NO SIGNAL,IMPROPER TURNING/NO SIGNAL,1225,N,WELLS ST,1821,,,,,,,2,NO INDICATION OF INJURY,0,0,0,0,0,2,0,4,1,8,41.9046504825,-87.6343606727,POINT (-87.634360672708 41.904650482462)
c2240318e308db749b0b63c7c5bf261d4ea81fba939cd3698d03174969cffe21d8397ebd876468abdcc7d91af400e5c9da35918dc263aad98937a3ddd9ccf59b,,08/17/2025 04:20:00 AM,30,TRAFFIC SIGNAL,FUNCTIONING PROPERLY,RAIN,"DARKNESS, LIGHTED ROAD",REAR END,DIVIDED - W/MEDIAN (NOT RAISED),,STRAIGHT AND LEVEL,WET,NO DEFECTS,NOT ON SCENE (DESK REPORT),NO INJURY / DRIVE AWAY,,,,$500 OR LESS,08/17/2025 04:30:00 AM,UNABLE TO DETERMINE,NOT APPLICABLE,3159,N,CLYBOURN AVE,1931,,,,,,,2,NO INDICATION OF INJURY,0,0,0,0,0,2,0,4,1,8,41.9390019787,-87.6872054219,POINT (-87.687205421905 41.939001978687)