CRASH_RECORD_ID,CRASH_DATE_EST_I,CRASH_DATE,POSTED_SPEED_LIMIT,TRAFFIC_CONTROL_DEVICE,DEVICE_CONDITION,WEATHER_CONDITION,LIGHTING_CONDITION,FIRST_CRASH_TYPE,TRAFFICWAY_TYPE,LANE_CNT,ALIGNMENT,ROADWAY_SURFACE_COND,ROAD_DEFECT,REPORT_TYPE,CRASH_TYPE,INTERSECTION_RELATED_I,NOT_RIGHT_OF_WAY_I,HIT_AND_RUN_I,DAMAGE,DATE_POLICE_NOTIFIED,PRIM_CONTRIBUTORY_CAUSE,SEC_CONTRIBUTORY_CAUSE,STREET_NO,STREET_DIRECTION,STREET_NAME,BEAT_OF_OCCURRENCE,PHOTOS_TAKEN_I,STATEMENTS_TAKEN_I,DOORING_I,WORK_ZONE_I,WORK_ZONE_TYPE,WORKERS_PRESENT_I,NUM_UNITS,MOST_SEVERE_INJURY,INJURIES_TOTAL,INJURIES_FATAL,INJURIES_INCAPACITATING,INJURIES_NON_INCAPACITATING,INJURIES_REPORTED_NOT_EVIDENT,INJURIES_NO_INDICATION,INJURIES_UNKNOWN,CRASH_HOUR,CRASH_DAY_OF_WEEK,CRASH_MONTH,LATITUDE,LONGITUDE,LOCATION
13afc07493fb1098371ecd7a146849bfd33bfa974c8fe12fcd9121f5ca9ab3bb22583c207dcfb04db9627c53e3cc92adfd1a982ac609bee66e7039cdf2b6e72e,,08/17/2025 04:18:00 AM,25,POLICE/FLAGMAN,FUNCTIONING PROPERLY,RAIN,DARKNESS,SIDESWIPE SAME DIRECTION,NOT DIVIDED,,STRAIGHT AND LEVEL,WET,NO DEFECTS,ON SCENE,INJURY AND / OR TOW DUE TO CRASH,,,,"OVER $1,500",08/17/2025 04:18:00 AM,PHYSICAL CONDITION OF DRIVER,NOT APPLICABLE,1498,W,119TH ST,524,,,,,,,2,NONINCAPACITATING INJURY,3,0,0,1,2,0,0,4,1,8,41.6776863308,-87.6588978401,POINT (-87.658897840102 41.67768633076)
d8a8e5e97742feac74f307d6a57cdedc8e3fac6966587c6cdd330156f345b7d4853a5dfd464569e9ccb7e1d4aa1f5ffe7e3307c08a141570a66b120cc051e21b,,08/17/2025 04:10:00 AM,30,NO CONTROLS,NO CONTROLS,RAIN,"DARKNESS, LIGHTED ROAD",PARKED MOTOR VEHICLE,ONE-WAY,,STRAIGHT AND LEVEL,WET,UNKNOWN,ON SCENE,INJURY AND / OR TOW DUE TO CRASH,,,,"OVER $1,500",08/17/2025 04:15:00 AM,UNABLE TO DETERMINE,NOT APPLICABLE,3624,N,LONG AVE,1633,,,,,,,3,NO INDICATION OF INJURY,0,0,0,0,0,1,0,4,1,8,41.9466889151,-87.762008732,POINT (-87.762008732026 41.9466889151)
0935a167e0b7a36116b7780a6c723726ac6e5c6e4acda02c83c879dc237610741c4106177ce96f3f5941d1b74d5072aafe78c1c3adbe37126f1fdc9aed2f7a09,,08/17/2025 04:00:00 AM,30,NO CONTROLS,NO CONTROLS,CLEAR,DUSK,OTHER OBJECT,NOT DIVIDED,,STRAIGHT AND LEVEL,DRY,NO DEFECTS,NOT ON SCENE (DESK REPORT),NO INJURY / DRIVE AWAY,Y,,,"$501 - $1,500",08/17/2025 04:17:00 AM,IMPROPER LANE USAGE,UNABLE TO DETERMINE,6359,S,DR MARTIN LUTHER KING JR DR,312,,,,,,,1,NO INDICATION OF INJURY,0,0,0,0,0,1,0,4,1,8,41.7784906474,-87.6154378195,POINT (-87.615437819528 41.778490647369)
11968fbbb52737693520a38ac2abdaab6a0ff597461ac7426b6a34c595c8ce1dee5a62a0e0981aa2d205bd6f2ae9ef6e6a9a9065061667012f0febbbca032a8a,,08/17/2025 04:00:00 AM,30,TRAFFIC SIGNAL,FUNCTIONING PROPERLY,RAIN,"DARKNESS, LIGHTED ROAD",REAR END,NOT DIVIDED,,STRAIGHT AND LEVEL,WET,NO DEFECTS,ON SCENE,NO INJURY / DRIVE AWAY,Y,,,"OVER $1,500",08/17/2025 04:04:00 AM,PHYSICAL CONDITION OF DRIVER,FAILING TO REDUCE SPEED TO AVOID CRASH,3759,N,LARAMIE AVE,1634,,,,,,,2,NO INDICATION OF INJURY,0,0,0,0,0,2,0,4,1,8,41.9496048641,-87.7568841906,POINT (-87.75688419058 41.949604864074)
67d8fb51ddbb5b10ec4d5afc99212e818d6c95f8c47f61515bfca33df2f522c80dce70848d68522d4fd4e287bc15e344f13629d983b9796e991426a685eebc54,,08/17/2025 04:00:00 AM,25,NO CONTROLS,NO CONTROLS,RAIN,DARKNESS,PARKED MOTOR VEHICLE,NOT DIVIDED,,STRAIGHT AND LEVEL,WET,UNKNOWN,ON SCENE,INJURY AND / OR TOW DUE TO CRASH,,,,"OVER $1,500",08/17/2025 04:02:00 AM,NOT APPLICABLE,NOT APPLICABLE,2042,E,75TH ST,333,Y,Y,,,,,2,NO INDICATION OF INJURY,0,0,0,0,0,1,0,4,1,8,41.759006939,-87.5744224924,POINT (-87.574422492413 41.759006938969)
e55af480042c312dbaf0fbbd135018f528c7ff77a7ab2cd98dd6f8c882515f1ad8423020d67ce17ea0b6a0806356fd4abf0d2fbec94f7fa448cfb8b0e24214f6,,08/17/2025 04:00:00 AM,30,NO CONTROLS,UNKNOWN,RAIN,"DARKNESS, LIGHTED ROAD",PARKED MOTOR VEHICLE,NOT DIVIDED,,STRAIGHT AND LEVEL,WET,UNKNOWN,ON SCENE,INJURY AND / OR TOW DUE TO CRASH,,,Y,"OVER $1,500",08/17/2025 04:00:00 AM,UNABLE TO DETERMINE,UNABLE TO DETERMINE,556,W,115TH ST,2233,,,,,,,4,"REPORTED, NOT EVIDENT",1,0,0,0,1,3,0,4,1,8,41.6852541532,-87.6371715728,POINT (-87.637171572835 41.685254153166)
04e5b3d7be5df2a49f61ac7067ac463c5ae3831a7a2531e7ce2fb1268b59b64e57983815b08cde4e40c03f62fb244fc065d304c7ded8686fba9eb7c942a5e8f3,,08/17/2025 03:58:00 AM,35,OTHER,FUNCTIONING IMPROPERLY,RAIN,"DARKNESS, LIGHTED ROAD",OTHER OBJECT,NOT DIVIDED,,STRAIGHT AND LEVEL,WET,OTHER,ON SCENE,INJURY AND / OR TOW DUE TO CRASH,,,,"OVER $1,500",08/17/2025 07:30:00 AM,UNABLE TO DETERMINE,UNABLE TO DETERMINE,3535,E,100TH ST,432,,,,Y,CONSTRUCTION,,1,NONINCAPACITATING INJURY,1,0,0,1,0,1,0,3,1,8,41.7137615039,-87.5375454108,POINT (-87.537545410842 41.713761503875)
f0bb56d5fa340acf39ee6bc5656730b2fb4576761a8868ba6b3c2b0ad45a0e2916e638b156fb5b8a3db61237dee7aa589609d692813dfd6c99d34ff39068edcc,,08/17/2025 03:45:00 AM,30,STOP SIGN/FLASHER,FUNCTIONING PROPERLY,RAIN,"DARKNESS, LIGHTED ROAD",REAR END,NOT DIVIDED,,STRAIGHT AND LEVEL,WET,NO DEFECTS,NOT ON SCENE (DESK REPORT),NO INJURY / DRIVE AWAY,,,,"OVER $1,500",08/17/2025 03:20:00 PM,UNABLE TO DETERMINE,NOT APPLICABLE,2857,N,KEDZIE AVE,1411,,,,,,,2,NO INDICATION OF INJURY,0,0,0,0,0,3,0,3,1,8,41.9337287066,-87.7073246164,POINT (-87.707324616432 41.933728706632)
7ad013328d5683b6408e0f6fc37e92562d38c1fe7d37f281b018ca2113d7fb41bd3291266070239f22bf114885249d8735768a214cd3ac073174e98a775800d9,,08/17/2025 03:42:00 AM,30,NO CONTROLS,NO CONTROLS,RAIN,"DARKNESS, LIGHTED ROAD",PARKED MOTOR VEHICLE,NOT DIVIDED,,STRAIGHT AND LEVEL,WET,UNKNOWN,ON SCENE,INJURY AND / OR TOW DUE TO CRASH,,,Y,"OVER $1,500",08/17/2025 04:55:00 AM,UNABLE TO DETERMINE,UNABLE TO DETERMINE,3919,W,59TH ST,822,,,,,,,3,NO INDICATION OF INJURY,0,0,0,0,0,2,0,3,1,8,41.785853779,-87.7213120273,POINT (-87.721312027327 41.785853778976)
01a14ffd6e28105cd1c2fc653cc023cc97281ff05e841845af56325ac800cc7b52d83f1df2040a5ec8cc94ca838aaf1a81d55e5f2bf31c713283a2b174f6ffd0,,08/17/2025 03:30:00 AM,35,NO CONTROLS,NO CONTROLS,RAIN,DARKNESS,REAR END,DIVIDED - W/MEDIAN BARRIER,,STRAIGHT AND LEVEL,WET,NO DEFECTS,NOT ON SCENE (DESK REPORT),NO INJURY / DRIVE AWAY,,,,"OVER $1,500",08/17/2025 09:10:00 AM,WEATHER,WEATHER,5350,S,CICERO AVE,814,,,,,,,2,NO INDICATION OF INJURY,0,0,0,0,0,2,0,3,1,8,41.7951587197,-87.742966255,POINT (-87.74296625503 41.795158719716)
bd13552a306218674bec2744555fe74ea00fa8f9d8cb77743d8f8994448f45dd8af44404bb5a19d7f01b3e02b98b6750f95dda72c2d988146dae37ad3c10e258,,08/17/2025 03:30:00 AM,30,NO CONTROLS,NO CONTROLS,RAIN,"DARKNESS, LIGHTED ROAD",PARKED MOTOR VEHICLE,ONE-WAY,,STRAIGHT AND LEVEL,WET,NO DEFECTS,NOT ON SCENE (DESK REPORT),NO INJURY / DRIVE AWAY,,,Y,"OVER $1,500",08/19/2025 12:00:00 PM,UNABLE TO DETERMINE,UNABLE TO DETERMINE,4423,W,MONROE ST,1113,,,,,,,2,NO INDICATION OF INJURY,0,0,0,0,0,1,0,3,1,8,41.8795234996,-87.7363999872,POINT (-87.736399987206 41.879523499588)
c5b47be833a3714c470f37af6e4076cb67e54ebf51a387bdd891df4cd57ec27d7a961e345ff264677f1dabe71aafe6b5e5f273c33535fa875aef6a13a11ed84b,,08/17/2025 03:30:00 AM,30,NO CONTROLS,NO CONTROLS,RAIN,"DARKNESS, LIGHTED ROAD",PARKED MOTOR VEHICLE,ONE-WAY,,STRAIGHT AND LEVEL,WET,NO DEFECTS,NOT ON SCENE (DESK REPORT),NO INJURY / DRIVE AWAY,,,Y,"OVER $1,500",08/18/2025 11:20:00 AM,NOT APPLICABLE,NOT APPLICABLE,3620,N,LONG AVE,1633,,,,,,,2,NO INDICATION OF INJURY,0,0,0,0,0,1,0,3,1,8,41.9465711648,-87.7620048674,POINT (-87.762004867443 41.946571164833)
d4dd4eaadea4a4a6fee0c268e99f8b1ede0121f75727ce098c04377d2a55eb3d1cde78b8db764b36e230f88fa2f060fcf17702ab12f56182744e56659368fb80,,08/17/2025 03:30:00 AM,30,UNKNOWN,UNKNOWN,RAIN,"DARKNESS, LIGHTED ROAD",FIXED OBJECT,DIVIDED - W/MEDIAN BARRIER,,STRAIGHT AND LEVEL,WET,UNKNOWN,NOT ON SCENE (DESK REPORT),NO INJURY / DRIVE AWAY,,,,"OVER $1,500",08/17/2025 02:00:00 PM,UNABLE TO DETERMINE,UNABLE TO DETERMINE,3902,W,ROOSEVELT RD,1132,,,,,,,1,NO INDICATION OF INJURY,0,0,0,0,0,1,0,3,1,8,41.8663136728,-87.7228764239,POINT (-87.722876423864 41.866313672773)
739f6808beb61fd5e451f5a437fcd419f8a4ea4878d94f8c986536086ee0b37f8d0c5fe990af991c525b6fb9359109cd9b47d89802dd46251a9b1770a14cc02b,,08/17/2025 03:25:00 AM,30,NO CONTROLS,NO CONTROLS,RAIN,"DARKNESS, LIGHTED ROAD",SIDESWIPE SAME DIRECTION,NOT DIVIDED,,STRAIGHT AND LEVEL,WET,NO DEFECTS,,NO INJURY / DRIVE AWAY,,,Y,"OVER $1,500",08/17/2025 03:30:00 AM,IMPROPER BACKING,NOT APPLICABLE,300,E,GARFIELD BLVD,231,,,,,,,2,NO INDICATION OF INJURY,0,0,0,0,0,3,0,3,1,8,41.794861709,-87.6191477269,POINT (-87.619147726853 41.794861709043)
1545d26743f1e5fce3743fcb51ee4da9bd4493552919ff6a1440168563bdd765f712ea7139eb032ad4a371a0e8e41c0aef39e4ac2de490cd73dff50c4942a23a,,08/17/2025 03:22:00 AM,30,TRAFFIC SIGNAL,FUNCTIONING PROPERLY,RAIN,"DARKNESS, LIGHTED ROAD",REAR END,NOT DIVIDED,,STRAIGHT AND LEVEL,WET,NO DEFECTS,ON SCENE,INJURY AND / OR TOW DUE TO CRASH,,,,"OVER $1,500",08/17/2025 03:27:00 AM,DISTRACTION - FROM INSIDE VEHICLE,WEATHER,337,W,CHICAGO AVE,1831,,,,,,,2,"REPORTED, NOT EVIDENT",1,0,0,0,1,1,0,3,1,8,41.8964429552,-87.637093875,POINT (-87.637093875033 41.896442955219)
a85df591cc24a37ede8ce61771c8c319eb6c09710d9c651f9f123e8a0a2e485c12ba38fefda2720a3ffb61f17cc4b311e19dde1f7f6098d1558cf0fbd205e0a3,,08/17/2025 03:15:00 AM,30,STOP SIGN/FLASHER,FUNCTIONING PROPERLY,RAIN,UNKNOWN,REAR END,NOT DIVIDED,,STRAIGHT AND LEVEL,WET,UNKNOWN,,INJURY AND / OR TOW DUE TO CRASH,,,Y,"$501 - $1,500",08/17/2025 11:33:00 AM,UNABLE TO DETERMINE,NOT APPLICABLE,3101,W,47TH ST,922,,,,,,,2,"REPORTED, NOT EVIDENT",1,0,0,0,1,1,0,3,1,8,41.8080532659,-87.7015866843,POINT (-87.701586684268 41.80805326594)
0c8def5a27a633a88c11a3570142bc995b0a7b7a1299693c5e11cb42f5bc9f206d1b2a29654c3b6a5e83441ea639cebc88d88b225d3ab503a1f773f7ce260828,,08/17/2025 03:04:00 AM,30,NO CONTROLS,NO CONTROLS,RAIN,"DARKNESS, LIGHTED ROAD",REAR END,NOT DIVIDED,,STRAIGHT AND LEVEL,WET,NO DEFECTS,ON SCENE,INJURY AND / OR TOW DUE TO CRASH,,,Y,"OVER $1,500",08/17/2025 03:04:00 AM,IMPROPER LANE USAGE,WEATHER,1416,W,119TH ST,524,,,,,,,2,INCAPACITATING INJURY,1,0,1,0,0,1,0,3,1,8,41.6777086854,-87.6573156902,POINT (-87.657315690184 41.677708685385)
4284fd72bf1c67d4af39a7d6f6246838649ab660bce00fb0ecd4e934d859af207f28c791e2b3f2ea57f4d7d595376e675aa122ca85a5f2750b61467a27b656ed,,08/17/2025 03:00:00 AM,30,NO CONTROLS,NO CONTROLS,RAIN,"DARKNESS, LIGHTED ROAD",OTHER OBJECT,NOT DIVIDED,,STRAIGHT AND LEVEL,WET,OTHER,NOT ON SCENE (DESK REPORT),NO INJURY / DRIVE AWAY,,,,"OVER $1,500",08/17/2025 07:19:00 PM,WEATHER,NOT APPLICABLE,5902,S,CENTRAL AVE,812,,,,,,,1,NO INDICATION OF INJURY,0,0,0,0,0,1,0,3,1,8,41.7853025427,-87.762167241,POINT (-87.762167240979 41.785302542658)
617cd3be7b34cddab13b97702bdea4f0d071c637daed26debed1c61d3171b90f94307243d5a1290a4c5ef9a5055b16b49d8d1796ad3c0e151cbb25bac8c179ac,,08/17/2025 03:00:00 AM,15,NO CONTROLS,NO CONTROLS,RAIN,"DARKNESS, LIGHTED ROAD",PARKED MOTOR VEHICLE,NOT DIVIDED,,STRAIGHT AND LEVEL,WET,UNKNOWN,ON SCENE,INJURY AND / OR TOW DUE TO CRASH,,,,"OVER $1,500",08/17/2025 03:10:00 AM,IMPROPER OVERTAKING/PASSING,UNABLE TO DETERMINE,9916,S,TORRENCE AVE,431,,,,,,,3,NO INDICATION OF INJURY,0,0,0,0,0,1,0,3,1,8,41.7148227883,-87.5599139019,POINT (-87.559913901936 41.714822788331)
945552cedb33d246830b942c344280806cd4606006d08e2a47df6a7c0b7929c44b82dc1e1a97ed6715e016c8c0a301c98acdbeaead49c995453fd466785d1306,,08/17/2025 03:00:00 AM,30,TRAFFIC SIGNAL,FUNCTIONING PROPERLY,RAIN,DARKNESS,REAR END,NOT DIVIDED,,STRAIGHT AND LEVEL,WET,NO DEFECTS,ON SCENE,INJURY AND / OR TOW DUE TO CRASH,,,,"OVER $1,500",08/17/2025 07:22:00 AM,FAILING TO REDUCE SPEED TO AVOID CRASH,DRIVING SKILLS/KNOWLEDGE/EXPERIENCE,3000,W,63RD ST,823,,Y,,,,,2,NO INDICATION OF INJURY,0,0,0,0,0,2,0,3,1,8,41.7791524505,-87.6983306152,POINT (-87.698330615168 41.779152450501)
e4d5c2dbdec735c1bd5932fc1424a8909bcd5ec32db31af263ae323ea64c95d7fe6955d24243b025143a5416d02a796b1f80b16bb59df25c8623a0f8ee23bb16,,08/17/2025 03:00:00 AM,30,NO CONTROLS,NO CONTROLS,RAIN,"DARKNESS, LIGHTED ROAD",REAR END,NOT DIVIDED,,STRAIGHT AND LEVEL,WET,NO DEFECTS,NOT ON SCENE (DESK REPORT),NO INJURY / DRIVE AWAY,,,,"OVER $1,500",08/18/2025 09:00:00 AM,WEATHER,UNABLE TO DETERMINE,3921,W,55TH ST,822,,,,,,,2,NO INDICATION OF INJURY,0,0,0,0,0,2,0,3,1,8,41.7931205096,-87.7215384326,POINT (-87.721538432639 41.793120509556)
de9c54d439c823102cd09d08f8d6cc10e836bea67a16f614ea65de36f2cf10f404db440d802cc9604833e8b6e69278e35eb6e490c73aa6c67eb48730333ad5f4,,08/17/2025 02:59:00 AM,30,TRAFFIC SIGNAL,FUNCTIONING PROPERLY,RAIN,"DARKNESS, LIGHTED ROAD",ANGLE,FOUR WAY,,STRAIGHT AND LEVEL,DRY,NO DEFECTS,ON SCENE,INJURY AND / OR TOW DUE TO CRASH,Y,,,"OVER $1,500",08/17/2025 04:18:00 AM,TURNING RIGHT ON RED,NOT APPLICABLE,2600,S,KEDZIE AVE,1032,,Y,,,,,2,NO INDICATION OF INJURY,0,0,0,0,0,2,0,2,1,8,41.8444248308,-87.7051854523,POINT (-87.705185452332 41.844424830844)
c4b9e5cb37242ca2218c7e50552df9f0082f12f2eb2183d5a67dab9bfd96678fb41bc91c5f3166bd6d1ca0af384811beda915ffb51ad508857a92791636a62fb,,08/17/2025 02:54:00 AM,25,NO CONTROLS,NO CONTROLS,UNKNOWN,"DARKNESS, LIGHTED ROAD",PARKED MOTOR VEHICLE,ONE-WAY,,STRAIGHT AND LEVEL,UNKNOWN,UNKNOWN,NOT ON SCENE (DESK REPORT),NO INJURY / DRIVE AWAY,,,Y,"OVER $1,500",08/20/2025 06:45:00 PM,UNABLE TO DETERMINE,UNABLE TO DETERMINE,5834,S,KOLMAR AVE,813,,,,,,,2,NO INDICATION OF INJURY,0,0,0,0,0,1,0,2,1,8,41.7865650463,-87.7365842494,POINT (-87.736584249417 41.786565046277)
acafac0b1ccb2943562eb80950e1a2a72aa809a971cbe2b16e656cc201f599dabb5b2c108c591504c4bb37d5a6b305e910a6406469706e3cf09ad85ff42145a8,,08/17/2025 02:53:00 AM,30,TRAFFIC SIGNAL,FUNCTIONING PROPERLY,RAIN,"DARKNESS, LIGHTED ROAD",TURNING,FOUR WAY,,STRAIGHT AND LEVEL,WET,UNKNOWN,ON SCENE,INJURY AND / OR TOW DUE TO CRASH,Y,,,"OVER $1,500",08/17/2025 03:00:00 AM,IMPROPER TURNING/NO SIGNAL,UNABLE TO DETERMINE,7232,N,SHERIDAN RD,2423,,,,,,,2,NONINCAPACITATING INJURY,2,0,0,2,0,2,0,2,1,8,42.0136461237,-87.6640690097,POINT (-87.664069009661 42.013646123737)
2ef9c3b9a59726c66a7314ad861ab7e7f0b603cd50a005b09d65b7d6169389617d86c8cc1daa95b072e9828268fd0224ec56bb958c9476456a0b4d66fb5d849c,,08/17/2025 02:40:00 AM,30,STOP SIGN/FLASHER,FUNCTIONING PROPERLY,RAIN,"DARKNESS, LIGHTED ROAD",ANGLE,FOUR WAY,,STRAIGHT AND LEVEL,WET,UNKNOWN,NOT ON SCENE (DESK REPORT),NO INJURY / DRIVE AWAY,Y,,,"$501 - $1,500",08/17/2025 03:43:00 AM,UNABLE TO DETERMINE,UNABLE TO DETERMINE,1129,W,LAKE ST,1224,,,,,,,2,NO INDICATION OF INJURY,0,0,0,0,0,2,0,2,1,8,41.885415807,-87.6555775333,POINT (-87.65557753334 41.885415807023)
f0075b6c221ebc4c6fb5a84160b2f1ed5693ff794b05dc72a66fac595504966afe4e91f09a805ab80a5a8d6f69669dbc542e900719aa3b767ce68943f69d760f,,08/17/2025 02:37:00 AM,40,NO CONTROLS,NO CONTROLS,RAIN,DARKNESS,FIXED OBJECT,DIVIDED - W/MEDIAN BARRIER,,STRAIGHT AND LEVEL,WET,NO DEFECTS,NOT ON SCENE (DESK REPORT),INJURY AND / OR TOW DUE TO CRASH,,,,"OVER $1,500",08/17/2025 02:32:00 PM,WEATHER,NOT APPLICABLE,880,N,LAKE SHORE DR SB,1833,,,,,,,1,"REPORTED, NOT EVIDENT",2,0,0,0,2,0,0,2,1,8,41.8988856728,-87.618439346,POINT (-87.618439346002 41.89888567281)
343a997771b5d43f85a26705cfeec32297d124538a96f2f3b39c9d6252f4782fef6cf7fc94fa5a877b6f36e53654b8319b4ddaf623e8e08a16b9a2eb0918f862,,08/17/2025 02:35:00 AM,15,STOP SIGN/FLASHER,FUNCTIONING PROPERLY,RAIN,"DARKNESS, LIGHTED ROAD",TURNING,NOT DIVIDED,,STRAIGHT AND LEVEL,WET,UNKNOWN,,INJURY AND / OR TOW DUE TO CRASH,,,,"OVER $1,500",08/17/2025 02:36:00 AM,FAILING TO YIELD RIGHT-OF-WAY,IMPROPER OVERTAKING/PASSING,10359,S,TORRENCE AVE,434,,,,,,,2,"REPORTED, NOT EVIDENT",2,0,0,0,2,0,0,2,1,8,41.706487427,-87.5594985086,POINT (-87.559498508583 41.706487426978)
8b55278539245aecaedaef1e907773234304e6e497a505896582fd11c79118235fb38f5f3f4e6bd2e7de2544a3618b1f9e6d1955f8ffb417bf9ac59b2a730c07,,08/17/2025 02:30:00 AM,20,NO CONTROLS,NO CONTROLS,RAIN,"DARKNESS, LIGHTED ROAD",PARKED MOTOR VEHICLE,ONE-WAY,,STRAIGHT AND LEVEL,WET,NO DEFECTS,NOT ON SCENE (DESK REPORT),NO INJURY / DRIVE AWAY,,,Y,"OVER $1,500",08/17/2025 10:30:00 AM,UNABLE TO DETERMINE,UNABLE TO DETERMINE,6558,S,KEDVALE AVE,833,,,,,,,2,NO INDICATION OF INJURY,0,0,0,0,0,1,0,2,1,8,41.7732360905,-87.7264278053,POINT (-87.726427805301 41.773236090541)
526c569f8c933e63651595d33ab8ea33a6c2aafbbee2ca2519fdd7bb16145fa09e22ee1952560fff3587abba4756cb434d71a60933e81f73dcff6db36d6da33d,,08/17/2025 02:25:00 AM,30,TRAFFIC SIGNAL,FUNCTIONING PROPERLY,RAIN,"DARKNESS, LIGHTED ROAD",PARKED MOTOR VEHICLE,ONE-WAY,,STRAIGHT AND LEVEL,WET,NO DEFECTS,NOT ON SCENE (DESK REPORT),NO INJURY / DRIVE AWAY,Y,,Y,"$501 - $1,500",08/17/2025 04:18:00 AM,UNABLE TO DETERMINE,UNABLE TO DETERMINE,299,E,OHIO ST,1834,,,,,,,2,NO INDICATION OF INJURY,0,0,0,0,0,2,0,2,1,8,41.8924874187,-87.6203736458,POINT (-87.620373645755 41.892487418693)
1c655716ff8bea3c257a0b38aeaf5e998a4b5eb1e33ef096942267023d1c7a01375dcd948511976f96211d168893ffbb092ca7fbe79ea29cf32e4dd5c66d0d68,,08/17/2025 02:16:00 AM,30,TRAFFIC SIGNAL,FUNCTIONING PROPERLY,RAIN,DARKNESS,TURNING,DIVIDED - W/MEDIAN (NOT RAISED),,STRAIGHT AND LEVEL,WET,NO DEFECTS,ON SCENE,INJURY AND / OR TOW DUE TO CRASH,,,,"OVER $1,500",08/17/2025 02:16:00 AM,FAILING TO YIELD RIGHT-OF-WAY,WEATHER,4801,W,WASHINGTON BLVD,1533,,,,,,,2,NO INDICATION OF INJURY,0,0,0,0,0,3,0,2,1,8,41.8817064526,-87.7454621149,POINT (-87.745462114941 41.881706452614)
a06dbd98972676953d9d9cb190b092c6a26d11f6bf4f0aa4307df4fff6243cf80e1632c22c3db13fb5b725d0c38fb6350836782687d98d885181b5718b87faab,,08/17/2025 02:06:00 AM,30,NO CONTROLS,NO CONTROLS,RAIN,"DARKNESS, LIGHTED ROAD",TURNING,NOT DIVIDED,,STRAIGHT AND LEVEL,WET,NO DEFECTS,ON SCENE,INJURY AND / OR TOW DUE TO CRASH,,,,"OVER $1,500",08/17/2025 02:06:00 AM,IMPROPER TURNING/NO SIGNAL,DRIVING SKILLS/KNOWLEDGE/EXPERIENCE,4300,W,FULLERTON AVE,2524,,,,,,,2,"REPORTED, NOT EVIDENT",1,0,0,0,1,1,0,2,1,8,41.9245052712,-87.7341816652,POINT (-87.734181665183 41.924505271217)
13cce7f52911879bc18097fde588b2b67c5114f65d264977a6421b354d023e06d430de50119ee4214addc4164a17540f165e6a531f5fd9318007db286c85f682,,08/17/2025 02:02:00 AM,30,TRAFFIC SIGNAL,FUNCTIONING PROPERLY,RAIN,"DARKNESS, LIGHTED ROAD",SIDESWIPE SAME DIRECTION,NOT DIVIDED,,STRAIGHT AND LEVEL,WET,NO DEFECTS,ON SCENE,INJURY AND / OR TOW DUE TO CRASH,,,,"OVER $1,500",08/17/2025 02:02:00 AM,IMPROPER TURNING/NO SIGNAL,NOT APPLICABLE,546,E,67TH ST,321,,,,,,,2,NO INDICATION OF INJURY,0,0,0,0,0,5,0,2,1,8,41.7731562344,-87.6111944097,POINT (-87.611194409734 41.773156234352)
06c40aa7d442656f2d281d154a527cf2931863bcc0673bde15d46763c62d1f9e9bf49fb3726e063e179308e6da265171dea9f5ae8988f0d7a5637254a6d8925f,,08/17/2025 02:00:00 AM,30,TRAFFIC SIGNAL,FUNCTIONING PROPERLY,CLEAR,"DARKNESS, LIGHTED ROAD",OTHER NONCOLLISION,FOUR WAY,,STRAIGHT AND LEVEL,WET,NO DEFECTS,NOT ON SCENE (DESK REPORT),NO INJURY / DRIVE AWAY,Y,,,"$501 - $1,500",08/17/2025 02:27:00 AM,UNABLE TO DETERMINE,UNABLE TO DETERMINE,1111,N,STATE ST,1824,,,,,,,2,NO INDICATION OF INJURY,0,0,0,0,0,2,0,2,1,8,41.9024422871,-87.6281941645,POINT (-87.628194164538 41.902442287075)
42c7bf755c1c41ea336b6973a3a2b46967f82cc4e0de736ee530c262a3f96fcc43e3f3c9c6f348c87bfb5fedca4703e83c18628d32fbac0082e627037b39fcb6,,08/17/2025 02:00:00 AM,30,TRAFFIC SIGNAL,FUNCTIONING PROPERLY,RAIN,"DARKNESS, LIGHTED ROAD",ANGLE,NOT DIVIDED,,STRAIGHT AND LEVEL,WET,NO DEFECTS,ON SCENE,INJURY AND / OR TOW DUE TO CRASH,,,,"$501 - $1,500",08/17/2025 02:00:00 AM,DISREGARDING TRAFFIC SIGNALS,NOT APPLICABLE,1400,W,63RD ST,713,,,,,,,2,NO INDICATION OF INJURY,0,0,0,0,0,3,0,2,1,8,41.7796520916,-87.6594242292,POINT (-87.659424229248 41.77965209155)
7f4464c963fb2b1c6ab948fef5e201b412a7033bf68811c7ad8484b04196c9e87d30a47396cb5cd6b4cde355793095ae113e1ff27aebf91cf89a28c7890062e3,Y,08/17/2025 02:00:00 AM,30,NO CONTROLS,NO CONTROLS,UNKNOWN,UNKNOWN,PARKED MOTOR VEHICLE,NOT DIVIDED,,STRAIGHT AND LEVEL,UNKNOWN,UNKNOWN,NOT ON SCENE (DESK REPORT),NO INJURY / DRIVE AWAY,,,Y,"$501 - $1,500",08/17/2025 01:56:00 PM,UNABLE TO DETERMINE,UNABLE TO DETERMINE,5809,S,CARPENTER ST,712,,,,,,,2,NO INDICATION OF INJURY,0,0,0,0,0,1,0,2,1,8,41.7884798295,-87.6509402243,POINT (-87.650940224278 41.788479829467)