CRASH_RECORD_ID,CRASH_DATE_EST_I,CRASH_DATE,POSTED_SPEED_LIMIT,TRAFFIC_CONTROL_DEVICE,DEVICE_CONDITION,WEATHER_CONDITION,LIGHTING_CONDITION,FIRST_CRASH_TYPE,TRAFFICWAY_TYPE,LANE_CNT,ALIGNMENT,ROADWAY_SURFACE_COND,ROAD_DEFECT,REPORT_TYPE,CRASH_TYPE,INTERSECTION_RELATED_I,NOT_RIGHT_OF_WAY_I,HIT_AND_RUN_I,DAMAGE,DATE_POLICE_NOTIFIED,PRIM_CONTRIBUTORY_CAUSE,SEC_CONTRIBUTORY_CAUSE,STREET_NO,STREET_DIRECTION,STREET_NAME,BEAT_OF_OCCURRENCE,PHOTOS_TAKEN_I,STATEMENTS_TAKEN_I,DOORING_I,WORK_ZONE_I,WORK_ZONE_TYPE,WORKERS_PRESENT_I,NUM_UNITS,MOST_SEVERE_INJURY,INJURIES_TOTAL,INJURIES_FATAL,INJURIES_INCAPACITATING,INJURIES_NON_INCAPACITATING,INJURIES_REPORTED_NOT_EVIDENT,INJURIES_NO_INDICATION,INJURIES_UNKNOWN,CRASH_HOUR,CRASH_DAY_OF_WEEK,CRASH_MONTH,LATITUDE,LONGITUDE,LOCATION
c99cdfab0c018df52393fa83227fefb374051686af807da070d7e5f515c14809ca6292d984f8c2b105387dbede0683764d7ab5a93585e7be0a995de4de3f82d5,,08/17/2025 02:00:00 AM,30,TRAFFIC SIGNAL,FUNCTIONING PROPERLY,RAIN,DARKNESS,REAR END,NOT DIVIDED,,STRAIGHT AND LEVEL,WET,NO DEFECTS,NOT ON SCENE (DESK REPORT),NO INJURY / DRIVE AWAY,,,,"OVER $1,500",08/17/2025 11:40:00 AM,FOLLOWING TOO CLOSELY,FOLLOWING TOO CLOSELY,1800,S,KEDZIE AVE,1022,,,,,,,2,NO INDICATION OF INJURY,0,0,0,0,0,3,0,2,1,8,41.8576186354,-87.7055694743,POINT (-87.705569474268 41.85761863537)
c6686db244591c375f968a74acd8d3d48110c244a12b9ccc3da21c3038f9ef210a9f8b80ebebc9661ca04311bbdc20d0eb7aa80a9209202e5f465aa62151a0a0,,08/17/2025 01:58:00 AM,35,TRAFFIC SIGNAL,UNKNOWN,RAIN,"DARKNESS, LIGHTED ROAD",ANGLE,FOUR WAY,,STRAIGHT AND LEVEL,WET,NO DEFECTS,ON SCENE,NO INJURY / DRIVE AWAY,Y,,Y,"OVER $1,500",08/17/2025 02:00:00 AM,UNABLE TO DETERMINE,NOT APPLICABLE,4700,S,CALIFORNIA AVE,922,,,,,,,2,NO INDICATION OF INJURY,0,0,0,0,0,2,0,1,1,8,41.8082170512,-87.6943500349,POINT (-87.694350034906 41.808217051245)
444aa5a3a2be9f9e47847153b24403d08cbc016d4f9d87570c6163bbd327005e49694cb60062a06ffc837e49c9386f5f1cdac11f96a470cb099572304dc2ffb3,,08/17/2025 01:54:00 AM,30,NO CONTROLS,NO CONTROLS,RAIN,"DARKNESS, LIGHTED ROAD",FIXED OBJECT,NOT DIVIDED,,STRAIGHT AND LEVEL,WET,NO DEFECTS,ON SCENE,INJURY AND / OR TOW DUE TO CRASH,,,,"OVER $1,500",08/17/2025 01:54:00 AM,FAILING TO REDUCE SPEED TO AVOID CRASH,WEATHER,1001,N,AUSTIN BLVD,1511,,,,,,,1,"REPORTED, NOT EVIDENT",1,0,0,0,1,0,0,1,1,8,41.8984494811,-87.7751038068,POINT (-87.775103806849 41.898449481093)
2be761b083f2ae32735eaf6233298584046755f7c6370d68f3528a042c2c91b7ca856aedbebd7510386506c65dd8959b4a6f221a710c7fd0f793f281c8ee1999,,08/17/2025 01:50:00 AM,30,UNKNOWN,UNKNOWN,RAIN,DUSK,REAR END,NOT DIVIDED,,STRAIGHT AND LEVEL,WET,UNKNOWN,NOT ON SCENE (DESK REPORT),NO INJURY / DRIVE AWAY,Y,,,"$501 - $1,500",08/17/2025 02:30:00 AM,UNABLE TO DETERMINE,NOT APPLICABLE,2232,W,KINZIE ST,1221,,,,,,,2,NO INDICATION OF INJURY,0,0,0,0,0,3,0,1,1,8,41.888728261,-87.6830881191,POINT (-87.683088119144 41.888728260959)
6816fba0b2b72d83ec7fe36cf310b8057d03dd7d8d6c40329939ec5cb66917498b96cae46d8071c34ee2f5ad3b43fc7e1ff8b7d1185a5142eb61a7f8c46bfad1,,08/17/2025 01:50:00 AM,30,NO CONTROLS,NO CONTROLS,RAIN,DARKNESS,TURNING,NOT DIVIDED,,STRAIGHT AND LEVEL,WET,NO DEFECTS,NOT ON SCENE (DESK REPORT),NO INJURY / DRIVE AWAY,Y,,Y,"OVER $1,500",08/17/2025 10:15:00 PM,UNABLE TO DETERMINE,UNABLE TO DETERMINE,9500,S,PEORIA ST,2223,,,,,,,2,NO INDICATION OF INJURY,0,0,0,0,0,2,0,1,1,8,41.721318728,-87.6457845083,POINT (-87.645784508324 41.721318727957)
81080bb6862056acc161f89aa220132997a5041a7066c9c5334e2fe718a1d2405f1f493480802149563936661fe19743c4e294099ff3c9f4df6c579fdd416f70,,08/17/2025 01:49:00 AM,30,NO CONTROLS,NO CONTROLS,RAIN,DARKNESS,PARKED MOTOR VEHICLE,ONE-WAY,,STRAIGHT AND LEVEL,WET,UNKNOWN,ON SCENE,NO INJURY / DRIVE AWAY,,,,"OVER $1,500",08/17/2025 02:01:00 AM,NOT APPLICABLE,DRIVING SKILLS/KNOWLEDGE/EXPERIENCE,6344,S,THROOP ST,724,,N,,,,,3,NO INDICATION OF INJURY,0,0,0,0,0,1,0,1,1,8,41.7782403599,-87.6570424137,POINT (-87.657042413689 41.778240359905)
1c0dca096654b522aad234f6583d56a7bd690eea96add8e306a521301ea9ab53adbbabcc3dce2fde2502ad5cb0de40d802bf66974e1c3b8eadd202c88d8e57d6,,08/17/2025 01:30:00 AM,25,TRAFFIC SIGNAL,FUNCTIONING PROPERLY,CLEAR,"DARKNESS, LIGHTED ROAD",TURNING,NOT DIVIDED,,STRAIGHT AND LEVEL,DRY,NO DEFECTS,NOT ON SCENE (DESK REPORT),NO INJURY / DRIVE AWAY,,,Y,"OVER $1,500",08/17/2025 12:20:00 PM,UNABLE TO DETERMINE,UNABLE TO DETERMINE,3200,W,47TH ST,821,,,,,,,2,NO INDICATION OF INJURY,0,0,0,0,0,2,0,1,1,8,41.8082262462,-87.7040316722,POINT (-87.70403167216 41.808226246244)
338fb100e88ce688b1d2af19772a3003834f08c422ebaf4b36804764da93c49d64a1451e8ef01919dbd661153d1166a72cc8147d862140ed7338e421349cdd9e,,08/17/2025 01:30:00 AM,45,UNKNOWN,UNKNOWN,UNKNOWN,"DARKNESS, LIGHTED ROAD",SIDESWIPE SAME DIRECTION,UNKNOWN,,STRAIGHT AND LEVEL,WET,UNKNOWN,NOT ON SCENE (DESK REPORT),NO INJURY / DRIVE AWAY,,,,"OVER $1,500",08/17/2025 02:30:00 AM,DRIVING SKILLS/KNOWLEDGE/EXPERIENCE,IMPROPER OVERTAKING/PASSING,298,S,LAKE SHORE DR SB,114,,,,,,,2,NO INDICATION OF INJURY,0,0,0,0,0,2,0,1,1,8,41.8784374525,-87.6175791807,POINT (-87.6175791807 41.878437452526)
c40e9516bb310179e2856cc76d3de16d954b901aeffa0d4762e2569730b1ecf72e0ff07a0cac325c98101c35f8792c2422e18ef544b37c750e10b742024028fe,,08/17/2025 01:30:00 AM,30,TRAFFIC SIGNAL,FUNCTIONING PROPERLY,UNKNOWN,"DARKNESS, LIGHTED ROAD",PARKED MOTOR VEHICLE,DIVIDED - W/MEDIAN (NOT RAISED),,STRAIGHT AND LEVEL,UNKNOWN,NO DEFECTS,ON SCENE,INJURY AND / OR TOW DUE TO CRASH,,,Y,"OVER $1,500",08/17/2025 10:30:00 AM,UNABLE TO DETERMINE,NOT APPLICABLE,3946,N,AUSTIN AVE,1633,,,,,,,2,NO INDICATION OF INJURY,0,0,0,0,0,1,0,1,1,8,41.9526125177,-87.7769076831,POINT (-87.776907683079 41.952612517715)
bb716ae191a1f5d9a1eb6d92213d660e641f59b95b0f3ee45f2298b0f2f16bd365cabc43b5d3f747d555847d32e38a811b63a957c4554efd2d3d194839c28cb5,,08/17/2025 01:19:00 AM,30,TRAFFIC SIGNAL,FUNCTIONING IMPROPERLY,RAIN,"DARKNESS, LIGHTED ROAD",TURNING,DIVIDED - W/MEDIAN BARRIER,,STRAIGHT AND LEVEL,WET,NO DEFECTS,ON SCENE,INJURY AND / OR TOW DUE TO CRASH,Y,,Y,"OVER $1,500",08/17/2025 01:19:00 AM,IMPROPER TURNING/NO SIGNAL,NOT APPLICABLE,9100,S,STONY ISLAND AVE,413,,,,,,,2,NO INDICATION OF INJURY,0,0,0,0,0,3,0,1,1,8,41.7295181284,-87.5856364085,POINT (-87.585636408538 41.729518128388)
b7e98781a0f19930b25ec96235237d252da023a596b98d98914f899d3715eb396d9b9069e4313dda164fb6fd072f3db4e28e388698a5032a8fdb79c51438017f,,08/17/2025 01:10:00 AM,30,NO CONTROLS,NO CONTROLS,RAIN,"DARKNESS, LIGHTED ROAD",FIXED OBJECT,NOT DIVIDED,,STRAIGHT AND LEVEL,WET,NO DEFECTS,ON SCENE,INJURY AND / OR TOW DUE TO CRASH,,,,"OVER $1,500",08/17/2025 01:15:00 AM,WEATHER,WEATHER,1535,W,NORTH AVE,1433,,,,,,,1,NO INDICATION OF INJURY,0,0,0,0,0,1,0,1,1,8,41.910535661,-87.6666375741,POINT (-87.66663757409 41.910535661014)
881216e5355ea03fbf63dcfe50e1720b27b4b26aa3d38891139d057a5d4c05edae19c7f5c91cc9a5dfda40fddb094af3c059c53db4b008e1712bd63d19df02da,,08/17/2025 01:05:00 AM,30,NO CONTROLS,NO CONTROLS,RAIN,"DARKNESS, LIGHTED ROAD",PARKED MOTOR VEHICLE,OTHER,,STRAIGHT AND LEVEL,WET,NO DEFECTS,ON SCENE,INJURY AND / OR TOW DUE TO CRASH,,,Y,"OVER $1,500",08/17/2025 01:08:00 AM,FAILING TO REDUCE SPEED TO AVOID CRASH,DRIVING ON WRONG SIDE/WRONG WAY,4333,W,ROSCOE ST,1731,,,,,,,2,NO INDICATION OF INJURY,0,0,0,0,0,1,0,1,1,8,41.942510106,-87.7360472664,POINT (-87.736047266381 41.942510105995)
be0731d014da1b878c57f74477b6e20ec4211b74694f28d2109852581d9f0082b0a48b80561c02e960e2edb6eb5c368b8b383c89ba803949f77b4e2f7235f3f2,,08/17/2025 01:05:00 AM,30,TRAFFIC SIGNAL,FUNCTIONING PROPERLY,CLEAR,DAYLIGHT,REAR END,ONE-WAY,,STRAIGHT AND LEVEL,DRY,NO DEFECTS,ON SCENE,INJURY AND / OR TOW DUE TO CRASH,,,Y,"OVER $1,500",08/17/2025 01:14:00 AM,UNABLE TO DETERMINE,UNABLE TO DETERMINE,300,S,KEELER AVE,1132,,,,,,,2,NONINCAPACITATING INJURY,2,0,0,2,0,2,0,1,1,8,41.8769787109,-87.7305938711,POINT (-87.730593871148 41.876978710877)
bc7c710f1a3fc749440ceeb4b2e8345ff59b2c9bc79a9b94e66f8f57fc95cc54fd0a492472050d27943c0dfae6e0f0440fac8fb110763f3dc346491f18f99464,,08/17/2025 01:00:00 AM,30,NO CONTROLS,NO CONTROLS,CLEAR,"DARKNESS, LIGHTED ROAD",HEAD ON,NOT DIVIDED,,STRAIGHT AND LEVEL,WET,NO DEFECTS,NOT ON SCENE (DESK REPORT),NO INJURY / DRIVE AWAY,,,Y,"OVER $1,500",08/18/2025 08:33:00 AM,UNABLE TO DETERMINE,NOT APPLICABLE,5600,W,LAKE ST,1512,,,,,,,2,NO INDICATION OF INJURY,0,0,0,0,0,2,0,1,1,8,41.8878387353,-87.7651836634,POINT (-87.765183663385 41.88783873533)
d21a5d90caa904c4acbb70556b38bfaecb3721c715eddb91d63b5749f8912044ede68d4d987f2cdcd74e286a824537c97259cf570160b104ecce1267df593b3a,Y,08/17/2025 01:00:00 AM,30,NO CONTROLS,NO CONTROLS,RAIN,"DARKNESS, LIGHTED ROAD",PARKED MOTOR VEHICLE,NOT DIVIDED,,STRAIGHT AND LEVEL,WET,UNKNOWN,ON SCENE,NO INJURY / DRIVE AWAY,,,Y,"OVER $1,500",08/17/2025 10:40:00 AM,UNABLE TO DETERMINE,UNABLE TO DETERMINE,1738,W,71ST ST,735,,,,,,,2,NO INDICATION OF INJURY,0,0,0,0,0,1,0,1,1,8,41.7649737655,-87.6677757498,POINT (-87.667775749825 41.76497376554)
5aaf3bd9c1e181f64dd0c4e59fcb9989c89388730be348da65fd49ee5ed93cdeb15f882d3e4fe8bfe7947aba2795e59f154b4c98bc4698636ec7e71566e7d49f,,08/17/2025 12:56:00 AM,30,RR CROSSING SIGN,NO CONTROLS,RAIN,"DARKNESS, LIGHTED ROAD",PEDESTRIAN,NOT DIVIDED,,STRAIGHT AND LEVEL,WET,UNKNOWN,ON SCENE,INJURY AND / OR TOW DUE TO CRASH,,,Y,"OVER $1,500",08/17/2025 12:56:00 AM,NOT APPLICABLE,NOT APPLICABLE,3300,W,CHICAGO AVE,1121,,,,,,,2,NONINCAPACITATING INJURY,1,0,0,1,0,1,0,0,1,8,41.8956403144,-87.7089270639,POINT (-87.708927063869 41.895640314447)
495b61a32a5b476018fbd2ad2189e264923986cd33a7d1d15612ccb540104052b1d57d17f046f397d73c35f9c64a7e78fa1fceb310060e01f39fff5c3f778d9a,,08/17/2025 12:53:00 AM,30,TRAFFIC SIGNAL,FUNCTIONING PROPERLY,RAIN,"DARKNESS, LIGHTED ROAD",TURNING,FOUR WAY,,STRAIGHT AND LEVEL,WET,UNKNOWN,NOT ON SCENE (DESK REPORT),NO INJURY / DRIVE AWAY,Y,,,"$501 - $1,500",08/17/2025 01:10:00 AM,IMPROPER TURNING/NO SIGNAL,IMPROPER TURNING/NO SIGNAL,1,E,GRAND AVE,1834,,,,,,,2,NO INDICATION OF INJURY,0,0,0,0,0,2,0,0,1,8,41.8915657621,-87.6279928832,POINT (-87.62799288322 41.891565762144)
f41bd443e6ad6c2954fd96407977ca39aa86048810af41c7efa795e306dc5db2f4b6b338305e65a426c219ae4816911db02f7a0cc86d21acfd6d1c7bf2438340,,08/17/2025 12:50:00 AM,30,STOP SIGN/FLASHER,FUNCTIONING PROPERLY,RAIN,"DARKNESS, LIGHTED ROAD",TURNING,NOT DIVIDED,,STRAIGHT AND LEVEL,WET,NO DEFECTS,NOT ON SCENE (DESK REPORT),INJURY AND / OR TOW DUE TO CRASH,,,,"OVER $1,500",08/17/2025 02:01:00 AM,UNABLE TO DETERMINE,UNABLE TO DETERMINE,7900,S,WOODLAWN AVE,411,,,,,,,2,"REPORTED, NOT EVIDENT",1,0,0,0,1,2,0,0,1,8,41.7513399971,-87.5956359451,POINT (-87.595635945128 41.751339997132)
4c7e3efb215a27d7512969d749296387783ffe41ee03914557cccb8e7bd1728f3c0d1d14c5069afb0f20bccc60b0ff2a2d19680e9d2f8f35b29d9fd80eeaa0a5,,08/17/2025 12:41:00 AM,30,FLASHING CONTROL SIGNAL,FUNCTIONING PROPERLY,RAIN,"DARKNESS, LIGHTED ROAD",ANGLE,NOT DIVIDED,,STRAIGHT AND LEVEL,WET,NO DEFECTS,,NO INJURY / DRIVE AWAY,Y,,,"OVER $1,500",08/17/2025 12:45:00 AM,DISREGARDING TRAFFIC SIGNALS,DISREGARDING TRAFFIC SIGNALS,3600,W,JACKSON BLVD,1122,,,,,,,2,NO INDICATION OF INJURY,0,0,0,0,0,2,0,0,1,8,41.877320853,-87.7158116649,POINT (-87.715811664874 41.877320853015)
1dbc7e223a132a4bf890644ffcecb69e1932f4aa70a39f21848912823c97f900edd062c77b88d0dbc8eb68cf80de82949feaf05c6ddb51dbbf287382e899c1dc,,08/17/2025 12:40:00 AM,30,NO CONTROLS,NO CONTROLS,RAIN,"DARKNESS, LIGHTED ROAD",FIXED OBJECT,NOT DIVIDED,,STRAIGHT AND LEVEL,WET,NO DEFECTS,ON SCENE,INJURY AND / OR TOW DUE TO CRASH,,,Y,"OVER $1,500",08/17/2025 12:43:00 AM,"OPERATING VEHICLE IN ERRATIC, RECKLESS, CARELESS, NEGLIGENT OR AGGRESSIVE MANNER",NOT APPLICABLE,2460,S,ASHLAND AVE,1034,,,,,,,1,NO INDICATION OF INJURY,0,0,0,0,0,1,0,0,1,8,41.8470124694,-87.6660729594,POINT (-87.666072959445 41.847012469449)
c8266085e60be5c1e8216a17129976c81f7ec7fb35f63cf66b27dd52e64779eaa5d404e6c4125705b1018728440373c033a1ebfffa42f5f583c065842f5e7731,,08/17/2025 12:40:00 AM,30,TRAFFIC SIGNAL,FUNCTIONING PROPERLY,RAIN,"DARKNESS, LIGHTED ROAD",TURNING,FOUR WAY,,STRAIGHT AND LEVEL,WET,NO DEFECTS,ON SCENE,INJURY AND / OR TOW DUE TO CRASH,Y,,Y,"OVER $1,500",08/17/2025 12:42:00 AM,UNABLE TO DETERMINE,WEATHER,613,S,PULASKI RD,1132,,,,,,,2,NONINCAPACITATING INJURY,1,0,0,1,0,2,0,0,1,8,41.8730189873,-87.7252586482,POINT (-87.725258648248 41.873018987304)
6bc9622ab445a5c966083912f241952bff3e93f8db27d1167268e14152c5c73a4625c674da0aaf2c47e8df644c5eaf9c4d27c7ba3603f74549bf60e5896a82f5,,08/17/2025 12:38:00 AM,30,NO CONTROLS,NO CONTROLS,RAIN,"DARKNESS, LIGHTED ROAD",PARKED MOTOR VEHICLE,NOT DIVIDED,,STRAIGHT AND LEVEL,WET,NO DEFECTS,ON SCENE,INJURY AND / OR TOW DUE TO CRASH,,,,"OVER $1,500",08/17/2025 01:10:00 AM,UNABLE TO DETERMINE,NOT APPLICABLE,3806,W,63RD ST,823,,,,,,,3,NO INDICATION OF INJURY,0,0,0,0,0,1,0,0,1,8,41.7788390132,-87.7182084121,POINT (-87.718208412064 41.778839013243)
3302ae99d7e3791310bc2f6523ab93fd2ad4312a5d01e6b459a32da5f1b974320ac5dcc3ad3519e418ba2e5fe0b858d6746dcc14e103bb42b48faeae71ac156e,,08/17/2025 12:30:00 AM,30,STOP SIGN/FLASHER,NO CONTROLS,UNKNOWN,"DARKNESS, LIGHTED ROAD",REAR END,NOT DIVIDED,,STRAIGHT AND LEVEL,UNKNOWN,UNKNOWN,NOT ON SCENE (DESK REPORT),NO INJURY / DRIVE AWAY,,,Y,"OVER $1,500",08/17/2025 01:00:00 AM,UNABLE TO DETERMINE,UNABLE TO DETERMINE,3660,N,MILWAUKEE AVE,1731,,,,,,,2,NO INDICATION OF INJURY,0,0,0,0,0,3,0,0,1,8,41.9472029109,-87.7373942399,POINT (-87.737394239932 41.94720291091)
7b6d5cac093d35c3ec2a1e325500960a6a47b1dcf8248100a09db6a371b867cbe6f75d21ab3cbedd66ecea04b52e8b9166c9b689e4df46897c1d1ff421b68b89,,08/17/2025 12:30:00 AM,30,NO CONTROLS,NO CONTROLS,RAIN,DARKNESS,PARKED MOTOR VEHICLE,NOT DIVIDED,,STRAIGHT AND LEVEL,WET,NO DEFECTS,NOT ON SCENE (DESK REPORT),NO INJURY / DRIVE AWAY,,,Y,"OVER $1,500",08/17/2025 02:18:00 PM,NOT APPLICABLE,NOT APPLICABLE,5189,S,ARCHER AVE,815,,,,,,,2,NO INDICATION OF INJURY,0,0,0,0,0,1,0,0,1,8,41.7999450888,-87.7340684296,POINT (-87.734068429563 41.799945088781)
920dbe192f112ac6eb97bdd7e83085cec8a075c2605d45d7ecf9ff9f9212a4e193a06b77234d5c1e892d6c05f0e22d217ca894f47179d747ec7a7b76de3f3d43,,08/17/2025 12:30:00 AM,30,NO CONTROLS,NO CONTROLS,CLEAR,"DARKNESS, LIGHTED ROAD",PARKED MOTOR VEHICLE,DIVIDED - W/MEDIAN (NOT RAISED),,STRAIGHT AND LEVEL,UNKNOWN,NO DEFECTS,NOT ON SCENE (DESK REPORT),NO INJURY / DRIVE AWAY,,,Y,"OVER $1,500",08/17/2025 03:00:00 AM,UNABLE TO DETERMINE,UNABLE TO DETERMINE,1335,E,87TH ST,412,,,,,,,2,NO INDICATION OF INJURY,0,0,0,0,0,1,0,0,1,8,41.73672315,-87.5916651744,POINT (-87.591665174377 41.736723149984)
dad30f5efb69256de24db8146831a5953b906bf784d21114bacf8b14bca1cd2c399d359d030ee8559269ec992cccaa64a8659bb8eec5ba0443b40c62c5e17750,,08/17/2025 12:30:00 AM,30,TRAFFIC SIGNAL,FUNCTIONING PROPERLY,CLEAR,DAYLIGHT,REAR END,DIVIDED - W/MEDIAN (NOT RAISED),,STRAIGHT AND LEVEL,UNKNOWN,UNKNOWN,NOT ON SCENE (DESK REPORT),NO INJURY / DRIVE AWAY,,,,"OVER $1,500",08/19/2025 04:00:00 PM,FOLLOWING TOO CLOSELY,NOT APPLICABLE,1204,N,PULASKI RD,2534,,,,,,,2,NO INDICATION OF INJURY,0,0,0,0,0,2,0,0,1,8,41.9028511872,-87.726455856,POINT (-87.72645585597 41.902851187225)
e00f7589ec5d28249e557170ec2ca6fad7deca4f644d088a93252c9b4733e5a0bef8dc6e945caaed635c1c5cc8b36cf66487e5d71f495ae70c9e84f273e10eee,Y,08/17/2025 12:30:00 AM,30,TRAFFIC SIGNAL,FUNCTIONING PROPERLY,RAIN,"DARKNESS, LIGHTED ROAD",PEDESTRIAN,DIVIDED - W/MEDIAN (NOT RAISED),,STRAIGHT AND LEVEL,WET,NO DEFECTS,NOT ON SCENE (DESK REPORT),INJURY AND / OR TOW DUE TO CRASH,Y,,Y,"OVER $1,500",08/17/2025 01:15:00 AM,UNABLE TO DETERMINE,UNABLE TO DETERMINE,1200,W,RANDOLPH ST,1224,,,,,,,2,NONINCAPACITATING INJURY,1,0,0,1,0,1,0,0,1,8,41.8843519145,-87.6567875881,POINT (-87.656787588102 41.884351914473)
f3551b54876eef12b0c1465ff599277d98601f0951d5090b1c08445d8aa16d4cf9b5c3acc947f3878988b58305bee851690a38fca614bc2b3de8297124ea0a49,,08/17/2025 12:23:00 AM,30,NO CONTROLS,NO CONTROLS,CLEAR,"DARKNESS, LIGHTED ROAD",PARKED MOTOR VEHICLE,NOT DIVIDED,,STRAIGHT AND LEVEL,DRY,NO DEFECTS,ON SCENE,INJURY AND / OR TOW DUE TO CRASH,,,,"OVER $1,500",08/18/2025 12:34:00 AM,DRIVING SKILLS/KNOWLEDGE/EXPERIENCE,NOT APPLICABLE,159,N,HALSTED ST,1224,,,,,,,2,NO INDICATION OF INJURY,0,0,0,0,0,1,0,0,1,8,41.8848491024,-87.6473020093,POINT (-87.647302009302 41.884849102407)
d0feaf55458abf770177544ea994b0cd9fdf7d992d4f1abc4fb3a79190989219dcae7277b7fa944631d679a48ea76bc50843a2ce550b927900b53605d17c44da,,08/17/2025 12:22:00 AM,25,NO CONTROLS,NO CONTROLS,RAIN,"DARKNESS, LIGHTED ROAD",PARKED MOTOR VEHICLE,NOT DIVIDED,,STRAIGHT AND LEVEL,WET,NO DEFECTS,ON SCENE,INJURY AND / OR TOW DUE TO CRASH,,,,"OVER $1,500",08/17/2025 12:22:00 AM,WEATHER,NOT APPLICABLE,6600,N,RIDGE BLVD,2412,,,,,,,2,NO INDICATION OF INJURY,0,0,0,0,0,1,0,0,1,8,42.001670837,-87.6786975399,POINT (-87.678697539918 42.00167083703)
0d6f04f446a7eea8081148dbf06333b71c1d701ccc21663f041257b39c915a50ea24557c8b70c8cfe50b613fd6e809ee4d5c605b53fc0ea13f45e9790d63e6fa,,08/17/2025 12:20:00 AM,30,NO CONTROLS,NO CONTROLS,RAIN,DAWN,SIDESWIPE SAME DIRECTION,NOT DIVIDED,,STRAIGHT AND LEVEL,DRY,NO DEFECTS,NOT ON SCENE (DESK REPORT),NO INJURY / DRIVE AWAY,,,Y,"$501 - $1,500",08/17/2025 01:30:00 PM,IMPROPER OVERTAKING/PASSING,NOT APPLICABLE,2323,W,FULLERTON AVE,1432,,,,,,,2,NO INDICATION OF INJURY,0,0,0,0,0,2,0,0,1,8,41.9248089084,-87.6861276506,POINT (-87.686127650611 41.924808908407)
30a1268cd03d1069c0748d6d5994cf67f73972fa5bae7bfa3f5bf081f638c172112bd5710fa7927e0a483688f613c7fd5384536d26b3f4d567ec920cbb27ce0b,,08/17/2025 12:15:00 AM,30,UNKNOWN,UNKNOWN,RAIN,DARKNESS,FIXED OBJECT,ROUNDABOUT,,STRAIGHT AND LEVEL,WET,UNKNOWN,NOT ON SCENE (DESK REPORT),NO INJURY / DRIVE AWAY,Y,,,"OVER $1,500",08/17/2025 08:18:00 AM,WEATHER,WEATHER,10400,S,PRAIRIE AVE,512,,,,,,,2,NO INDICATION OF INJURY,0,0,0,0,0,2,0,0,1,8,41.7053412853,-87.6175200523,POINT (-87.617520052335 41.705341285328)
6400045e9e7baf0c3dfc95336a4da3b1f39efdb663410937af691743839153a93099d15f9820bf2193a27bd7199260c17164053088c6278fa0ad87de40954a5e,,08/17/2025 12:15:00 AM,30,NO CONTROLS,NO CONTROLS,RAIN,"DARKNESS, LIGHTED ROAD",SIDESWIPE SAME DIRECTION,FOUR WAY,,STRAIGHT AND LEVEL,WET,NO DEFECTS,ON SCENE,INJURY AND / OR TOW DUE TO CRASH,Y,,Y,"$501 - $1,500",08/17/2025 12:20:00 AM,FAILING TO YIELD RIGHT-OF-WAY,UNABLE TO DETERMINE,1700,W,WARREN BLVD,1224,N,N,,,,,2,"REPORTED, NOT EVIDENT",1,0,0,0,1,3,0,0,1,8,41.8824545117,-87.6693717117,POINT (-87.669371711668 41.882454511677)
e4895a9dbfe9d1ed381df91e5776357499c2b4dcc3c7ef99537da3fe290e8239c8d348f332a4a37efec55db15a4316f1958c073c7facbb859a9f589a027dde36,,08/17/2025 12:14:00 AM,30,TRAFFIC SIGNAL,FUNCTIONING PROPERLY,RAIN,"DARKNESS, LIGHTED ROAD",REAR END,FOUR WAY,,STRAIGHT AND LEVEL,WET,UNKNOWN,NOT ON SCENE (DESK REPORT),NO INJURY / DRIVE AWAY,Y,,Y,"$501 - $1,500",08/21/2025 09:00:00 PM,UNABLE TO DETERMINE,UNABLE TO DETERMINE,369,E,25TH ST,133,,,,,,,2,NO INDICATION OF INJURY,0,0,0,0,0,2,0,0,1,8,41.8474493388,-87.6177543756,POINT (-87.617754375577 41.847449338768)
12903a0184f5b8ac5f05a38fd35c89812f2303b3bddb23aba9093c565c7ef86107b831ef92fb88112f19ed617a9d23ff1d9cfa16810d5a32baa41b35a410ecc1,,08/17/2025 12:10:00 AM,30,NO CONTROLS,NO CONTROLS,RAIN,"DARKNESS, LIGHTED ROAD",REAR END,DIVIDED - W/MEDIAN (NOT RAISED),,STRAIGHT AND LEVEL,WET,NO DEFECTS,ON SCENE,INJURY AND / OR TOW DUE TO CRASH,,,Y,"OVER $1,500",08/17/2025 12:20:00 AM,UNABLE TO DETERMINE,UNABLE TO DETERMINE,2850,W,AUGUSTA BLVD,1211,,,,,,,4,NONINCAPACITATING INJURY,3,0,0,3,0,1,0,0,1,8,41.8993767434,-87.6988857946,POINT (-87.698885794595 41.899376743403)
791d2fef97f329a8e3c0b1db3f013588d858de83f15a2cd45244242b73f791a55b2d9ec5a8ac60e23074723bfcc91c91ac0b8786aa12a685b446ab74e84656fd,,08/17/2025 12:10:00 AM,30,TRAFFIC SIGNAL,FUNCTIONING PROPERLY,RAIN,"DARKNESS, LIGHTED ROAD",REAR END,NOT DIVIDED,,STRAIGHT AND LEVEL,WET,NO DEFECTS,ON SCENE,NO INJURY / DRIVE AWAY,,,,"$501 - $1,500",08/17/2025 01:07:00 AM,UNABLE TO DETERMINE,UNABLE TO DETERMINE,8300,S,EXCHANGE AVE,423,,,,,,,2,NO INDICATION OF INJURY,0,0,0,0,0,2,0,0,1,8,41.7445811965,-87.5529020208,POINT (-87.552902020838 41.744581196492)