CRASH_RECORD_ID,CRASH_DATE_EST_I,CRASH_DATE,POSTED_SPEED_LIMIT,TRAFFIC_CONTROL_DEVICE,DEVICE_CONDITION,WEATHER_CONDITION,LIGHTING_CONDITION,FIRST_CRASH_TYPE,TRAFFICWAY_TYPE,LANE_CNT,ALIGNMENT,ROADWAY_SURFACE_COND,ROAD_DEFECT,REPORT_TYPE,CRASH_TYPE,INTERSECTION_RELATED_I,NOT_RIGHT_OF_WAY_I,HIT_AND_RUN_I,DAMAGE,DATE_POLICE_NOTIFIED,PRIM_CONTRIBUTORY_CAUSE,SEC_CONTRIBUTORY_CAUSE,STREET_NO,STREET_DIRECTION,STREET_NAME,BEAT_OF_OCCURRENCE,PHOTOS_TAKEN_I,STATEMENTS_TAKEN_I,DOORING_I,WORK_ZONE_I,WORK_ZONE_TYPE,WORKERS_PRESENT_I,NUM_UNITS,MOST_SEVERE_INJURY,INJURIES_TOTAL,INJURIES_FATAL,INJURIES_INCAPACITATING,INJURIES_NON_INCAPACITATING,INJURIES_REPORTED_NOT_EVIDENT,INJURIES_NO_INDICATION,INJURIES_UNKNOWN,CRASH_HOUR,CRASH_DAY_OF_WEEK,CRASH_MONTH,LATITUDE,LONGITUDE,LOCATION
6a5add79707840b81b02c670af9ee4f2a400389dba7c785b0a67835d4f8e6e5b608cc34870f41a424d2a2a509f9cc7db6d1817bccf05850291992dcf5bf8671d,N,08/17/2025 12:05:00 AM,20,NO CONTROLS,NO CONTROLS,RAIN,"DARKNESS, LIGHTED ROAD",PEDALCYCLIST,NOT DIVIDED,,STRAIGHT AND LEVEL,WET,NO DEFECTS,ON SCENE,INJURY AND / OR TOW DUE TO CRASH,,,,"OVER $1,500",08/17/2025 12:07:00 AM,IMPROPER LANE USAGE,NOT APPLICABLE,1367,N,MILWAUKEE AVE,1433,,,Y,,,,3,NONINCAPACITATING INJURY,1,0,0,1,0,2,0,0,1,8,41.9067660925,-87.6715892117,POINT (-87.671589211655 41.906766092476)
82f17023f5a1d7e55fb63ad7c9bd9064a062e430f9dd8af44b91fe3619f301404d0ee99a480efb90d0d673c4732bf651f96eca2cf859fef5ce0166ffeed57776,,08/17/2025 12:05:00 AM,30,NO CONTROLS,NO CONTROLS,CLEAR,"DARKNESS, LIGHTED ROAD",REAR END,NOT DIVIDED,,STRAIGHT AND LEVEL,DRY,NO DEFECTS,NOT ON SCENE (DESK REPORT),NO INJURY / DRIVE AWAY,,,Y,"OVER $1,500",08/17/2025 01:10:00 AM,FOLLOWING TOO CLOSELY,UNABLE TO DETERMINE,2562,W,WASHINGTON BLVD,1222,,,,,,,2,NO INDICATION OF INJURY,0,0,0,0,0,2,0,0,1,8,41.8830673891,-87.6908929827,POINT (-87.690892982743 41.883067389133)
8c65163da4ca18864e2f9cf2238fa0ce458dd919ce482839fba85a8decacb2d8e2cd89dca3103e82cc0658b51bffe36b01eb4922f1b327360809d92166f90b3f,,08/17/2025 12:05:00 AM,30,TRAFFIC SIGNAL,FUNCTIONING PROPERLY,RAIN,DARKNESS,TURNING,DIVIDED - W/MEDIAN (NOT RAISED),,STRAIGHT AND LEVEL,WET,NO DEFECTS,ON SCENE,INJURY AND / OR TOW DUE TO CRASH,Y,,,"OVER $1,500",08/17/2025 12:55:00 AM,FAILING TO YIELD RIGHT-OF-WAY,FAILING TO YIELD RIGHT-OF-WAY,4003,W,DIVISION ST,1111,,,,,,,2,NO INDICATION OF INJURY,0,0,0,0,0,2,0,0,1,8,41.9025580173,-87.7264514364,POINT (-87.726451436408 41.902558017346)
562dfec15c20ff51dfe6c109d7b545018f8331e93c2e4859af6c2c7f4325bdb1c5c271a825f0d88d7149561222de4d216b16820d8e69082a3107ae515802ea40,N,08/17/2025 12:00:00 AM,30,NO CONTROLS,NO CONTROLS,CLEAR,"DARKNESS, LIGHTED ROAD",PARKED MOTOR VEHICLE,NOT DIVIDED,,STRAIGHT AND LEVEL,DRY,NO DEFECTS,NOT ON SCENE (DESK REPORT),NO INJURY / DRIVE AWAY,,,Y,"OVER $1,500",08/17/2025 07:25:00 PM,UNABLE TO DETERMINE,UNABLE TO DETERMINE,4058,W,ARMITAGE AVE,2525,,,,,,,2,NO INDICATION OF INJURY,0,0,0,0,0,1,0,0,1,8,41.9172454823,-87.7289416856,POINT (-87.728941685641 41.917245482272)
fca94c41825b3c63cca216b3187a67bc0ae13f06eaa54f8a6a5452e77085e89f37784c7f0e32fdc85d98b1b078528e456bade23356cabf8128b02ce04cbd8378,,08/16/2025 11:50:00 PM,30,NO CONTROLS,NO CONTROLS,UNKNOWN,"DARKNESS, LIGHTED ROAD",SIDESWIPE OPPOSITE DIRECTION,DIVIDED - W/MEDIAN (NOT RAISED),,STRAIGHT AND LEVEL,UNKNOWN,NO DEFECTS,ON SCENE,INJURY AND / OR TOW DUE TO CRASH,,,Y,"OVER $1,500",08/16/2025 11:55:00 PM,UNABLE TO DETERMINE,UNABLE TO DETERMINE,5001,W,63RD ST,813,,,,,,,2,NO INDICATION OF INJURY,0,0,0,0,0,2,0,23,7,8,41.7782246128,-87.7472062947,POINT (-87.747206294662 41.778224612839)
9aa4438c765f13df27a8239446f56818ae9a258b9d34f829ecd6ada1bde666972b14efb9aeaaacf4a246c52bd4cfc8675b9bb971eda49a06b7633679e7c4d692,,08/16/2025 11:35:00 PM,30,NO CONTROLS,NO CONTROLS,UNKNOWN,"DARKNESS, LIGHTED ROAD",FIXED OBJECT,DIVIDED - W/MEDIAN (NOT RAISED),,STRAIGHT AND LEVEL,UNKNOWN,UNKNOWN,ON SCENE,INJURY AND / OR TOW DUE TO CRASH,,,,"OVER $1,500",08/16/2025 11:51:00 PM,UNABLE TO DETERMINE,NOT APPLICABLE,300,W,ROOSEVELT RD,124,,N,,Y,CONSTRUCTION,,1,NONINCAPACITATING INJURY,1,0,0,1,0,0,0,23,7,8,41.8674241202,-87.6347648454,POINT (-87.634764845439 41.867424120223)
c662c85a028832d7207fd5aa482039b590428b8a0ccd6d67c9d15705f36d15ddf7819b3469945c8ea01eb819c60c05793f7362943649f81bc5497f50e0ae1c8a,,08/16/2025 11:30:00 PM,30,NO CONTROLS,NO CONTROLS,CLEAR,"DARKNESS, LIGHTED ROAD",PARKED MOTOR VEHICLE,PARKING LOT,,STRAIGHT AND LEVEL,WET,UNKNOWN,NOT ON SCENE (DESK REPORT),NO INJURY / DRIVE AWAY,,,,$500 OR LESS,08/16/2025 11:40:00 PM,FOLLOWING TOO CLOSELY,NOT APPLICABLE,1106,W,LAWRENCE AVE,2033,,,,,,,2,NO INDICATION OF INJURY,0,0,0,0,0,1,0,23,7,8,41.9691578966,-87.6579357803,POINT (-87.657935780292 41.969157896598)
f3b6fee59b49843d173efcf415f7ef989cca1043e3ccceeae81c989fa25158e59f96d85748a46fadbcc00ecefe1e015c9be84f0f9a2cf4cf87e6f5c265b4d202,,08/16/2025 11:30:00 PM,30,UNKNOWN,UNKNOWN,UNKNOWN,DUSK,PARKED MOTOR VEHICLE,NOT DIVIDED,,STRAIGHT AND LEVEL,UNKNOWN,UNKNOWN,NOT ON SCENE (DESK REPORT),NO INJURY / DRIVE AWAY,,,Y,"$501 - $1,500",08/27/2025 11:00:00 PM,NOT APPLICABLE,NOT APPLICABLE,912,S,LAFLIN ST,1231,,,,,,,2,NO INDICATION OF INJURY,0,0,0,0,0,1,0,23,7,8,41.8700904436,-87.6642461328,POINT (-87.664246132771 41.870090443613)
8faa1d54076ef4a7b1982541d4b7abc487852d650be909498ecd64ad31e65b9e37e3191fbe2920ca6cd5f65c5b4c14085a5b0059355c9aab9499c0735fbaaec8,,08/16/2025 11:25:00 PM,30,NO CONTROLS,NO CONTROLS,CLEAR,"DARKNESS, LIGHTED ROAD",PARKED MOTOR VEHICLE,CENTER TURN LANE,,STRAIGHT AND LEVEL,DRY,UNKNOWN,ON SCENE,NO INJURY / DRIVE AWAY,,,,"OVER $1,500",08/16/2025 11:26:00 PM,NOT APPLICABLE,NOT APPLICABLE,4888,S,ARCHER AVE,821,,,,,,,2,NO INDICATION OF INJURY,0,0,0,0,0,1,0,23,7,8,41.8045514673,-87.7200203151,POINT (-87.720020315137 41.804551467287)
f3238febc10598c8418f846d5c68f61dca58cef36499a7f6c532ef72a725dee8091f5d8fa691ddef24b1fa90c7b8cdd7ef7242f7ab34523a57e3526d44f1110e,,08/16/2025 11:25:00 PM,30,TRAFFIC SIGNAL,FUNCTIONING PROPERLY,CLEAR,"DARKNESS, LIGHTED ROAD",SIDESWIPE SAME DIRECTION,DIVIDED - W/MEDIAN BARRIER,,STRAIGHT AND LEVEL,WET,UNKNOWN,NOT ON SCENE (DESK REPORT),NO INJURY / DRIVE AWAY,Y,,,"$501 - $1,500",08/16/2025 11:54:00 PM,IMPROPER LANE USAGE,IMPROPER LANE USAGE,1900,N,ASHLAND AVE,1433,,,,,,,2,NO INDICATION OF INJURY,0,0,0,0,0,2,0,23,7,8,41.916147281,-87.6679473535,POINT (-87.667947353504 41.916147280953)
392721efd209e994b74e507e310f9eb759706cbe7b11c4aa253812da6f4e222eb2c0bb255ca73478082ed3bd3e9520710b6ec4089dca6c974fc2dc8b35846bb7,,08/16/2025 11:20:00 PM,30,NO CONTROLS,NO CONTROLS,CLEAR,DARKNESS,REAR END,NOT DIVIDED,,STRAIGHT AND LEVEL,DRY,NO DEFECTS,NOT ON SCENE (DESK REPORT),NO INJURY / DRIVE AWAY,,,N,$500 OR LESS,08/16/2025 11:56:00 PM,NOT APPLICABLE,NOT APPLICABLE,2457,W,JACKSON BLVD,1125,,,,,,,2,NO INDICATION OF INJURY,0,0,0,0,0,2,0,23,7,8,41.8774137884,-87.6886358576,POINT (-87.688635857605 41.877413788398)
80bf30fd9ac86bedab4c83a3d07465741a21dccd11055379241856bc74a44cf230e622efc2e315c48b4def705afeb2784d1fcb18b36ed46cd772f2db2b9c75a2,,08/16/2025 11:20:00 PM,15,NO CONTROLS,UNKNOWN,UNKNOWN,UNKNOWN,PARKED MOTOR VEHICLE,ONE-WAY,,STRAIGHT AND LEVEL,UNKNOWN,NO DEFECTS,NOT ON SCENE (DESK REPORT),NO INJURY / DRIVE AWAY,,,Y,"OVER $1,500",08/17/2025 10:30:00 AM,UNABLE TO DETERMINE,NOT APPLICABLE,4228,W,MONROE ST,1115,,,,,,,2,NO INDICATION OF INJURY,0,0,0,0,0,1,0,23,7,8,41.8797974648,-87.7317314782,POINT (-87.731731478206 41.879797464804)
92e7b7418a78861b9a022f9d5eb471b0e9ab3b8795aa71329fdf2725cc1a2ecf3a749ca124f1a69307030cf0ce32d903ccd7262335a469d5238c7333c91a4733,,08/16/2025 11:18:00 PM,30,TRAFFIC SIGNAL,FUNCTIONING PROPERLY,CLEAR,"DARKNESS, LIGHTED ROAD",REAR END,NOT DIVIDED,,STRAIGHT AND LEVEL,DRY,NO DEFECTS,NOT ON SCENE (DESK REPORT),NO INJURY / DRIVE AWAY,,,,"$501 - $1,500",08/16/2025 11:35:00 PM,FAILING TO YIELD RIGHT-OF-WAY,NOT APPLICABLE,1754,N,CENTRAL AVE,2531,,,,,,,2,NO INDICATION OF INJURY,0,0,0,0,0,2,0,23,7,8,41.9128451481,-87.7657826805,POINT (-87.765782680534 41.912845148082)
e4a655232f3d7bfae523e10be2045f2db8d3c94b365e38126c3a1f1a1b9257af38c6b3b74936eb0d507325db05f717c8fdb8e970f957b6abf396d002296a0b25,,08/16/2025 11:00:00 PM,30,NO CONTROLS,NO CONTROLS,RAIN,"DARKNESS, LIGHTED ROAD",PARKED MOTOR VEHICLE,NOT DIVIDED,,STRAIGHT AND LEVEL,WET,NO DEFECTS,NOT ON SCENE (DESK REPORT),INJURY AND / OR TOW DUE TO CRASH,,,Y,"OVER $1,500",08/17/2025 04:45:00 PM,UNABLE TO DETERMINE,UNABLE TO DETERMINE,1241,S,BLUE ISLAND AVE,1232,,,,,,,2,NO INDICATION OF INJURY,0,0,0,0,0,1,0,23,7,8,41.8658455311,-87.6541738697,POINT (-87.654173869704 41.865845531102)
fa928dc222ec194af00a5754485214750c40e15c61d3dd12f45f67189c620f8b85f300ebf90571de3c4c0d091dd59c0083f65f3763b10e37d8fe4a1dfa076b40,,08/16/2025 11:00:00 PM,30,UNKNOWN,UNKNOWN,RAIN,DARKNESS,PARKED MOTOR VEHICLE,ONE-WAY,,STRAIGHT AND LEVEL,WET,UNKNOWN,NOT ON SCENE (DESK REPORT),NO INJURY / DRIVE AWAY,,,Y,"OVER $1,500",08/17/2025 04:00:00 PM,UNABLE TO DETERMINE,UNABLE TO DETERMINE,6700,S,CRANDON AVE,331,Y,,,,,,2,NO INDICATION OF INJURY,0,0,0,0,0,1,0,23,7,8,41.7734276547,-87.5701267099,POINT (-87.570126709941 41.773427654738)
febd1f49963390dc5315df6a2e228449f9c9657817f4486f26ab018d20c718cf8ab7b5b92144a8e1ecee3a863995dbf75bce5c532ae1f0dd8259130662dc7be6,Y,08/16/2025 11:00:00 PM,30,NO CONTROLS,NO CONTROLS,RAIN,"DARKNESS, LIGHTED ROAD",PARKED MOTOR VEHICLE,FOUR WAY,,STRAIGHT AND LEVEL,WET,UNKNOWN,,INJURY AND / OR TOW DUE TO CRASH,,,Y,"$501 - $1,500",08/17/2025 02:10:00 PM,UNABLE TO DETERMINE,UNABLE TO DETERMINE,1303,S,MICHIGAN AVE,132,,,,,,,2,NO INDICATION OF INJURY,0,0,0,0,0,1,0,23,7,8,41.8656487799,-87.6239651763,POINT (-87.623965176252 41.86564877988)
bc62bf30ad9a43ecbe2ecf978b6dc767e538dc41769050453c0fffd4596439ef63cf07928dcebc5d1a38727e74730b04ea1bdeae2c9f9e3147c48fac3a111ef0,,08/16/2025 10:55:00 PM,35,TRAFFIC SIGNAL,FUNCTIONING PROPERLY,CLEAR,"DARKNESS, LIGHTED ROAD",PEDESTRIAN,DIVIDED - W/MEDIAN BARRIER,,STRAIGHT AND LEVEL,WET,NO DEFECTS,ON SCENE,INJURY AND / OR TOW DUE TO CRASH,,,,"OVER $1,500",08/16/2025 10:57:00 PM,NOT APPLICABLE,NOT APPLICABLE,660,N,LAKE SHORE DR SB,1834,,,,,,,2,NONINCAPACITATING INJURY,1,0,0,1,0,2,0,22,7,8,41.8943115895,-87.6153314319,POINT (-87.615331431915 41.894311589461)
d4326bd9758dcc1fe88e2ace3277217b8df93a6d3235c0d7d56257072129c5e60099510e5bbf09984fa23f72f66acf26b58f327c37e236659732354323c38dd8,,08/16/2025 10:45:00 PM,30,NO CONTROLS,NO CONTROLS,CLEAR,"DARKNESS, LIGHTED ROAD",TURNING,PARKING LOT,,STRAIGHT AND LEVEL,DRY,NO DEFECTS,ON SCENE,INJURY AND / OR TOW DUE TO CRASH,,,Y,"OVER $1,500",08/16/2025 11:30:00 PM,IMPROPER TURNING/NO SIGNAL,IMPROPER OVERTAKING/PASSING,3397,S,WELLS ST,915,,,,,,,2,INCAPACITATING INJURY,3,0,2,1,0,6,0,22,7,8,41.8328282761,-87.6326109347,POINT (-87.632610934736 41.832828276128)
72d0fdb93e63370387d3788d6f27aef010d8bbd3973922e5761f7e77cd7fff2df5d9048b6b052d9e721be33c6490198366c41f834bb81e6c7f740e8045b37134,,08/16/2025 10:42:00 PM,30,NO CONTROLS,NO CONTROLS,RAIN,"DARKNESS, LIGHTED ROAD",SIDESWIPE SAME DIRECTION,NOT DIVIDED,,STRAIGHT AND LEVEL,WET,NO DEFECTS,NOT ON SCENE (DESK REPORT),NO INJURY / DRIVE AWAY,,,,"$501 - $1,500",08/17/2025 03:25:00 PM,UNABLE TO DETERMINE,NOT APPLICABLE,63,N,DAMEN AVE,1223,,,,,,,2,NO INDICATION OF INJURY,0,0,0,0,0,3,0,22,7,8,41.8831034056,-87.6765422513,POINT (-87.676542251252 41.883103405624)
f010a1330fb3b068777419f5f49a4de7572ac65e85bfcc05d0504d2ea5a59af83f1e8a61f448233cbb3f62d29ff7c30034ee6c01a9b3d16cdb48686fc4dd94fe,,08/16/2025 10:41:00 PM,30,TRAFFIC SIGNAL,FUNCTIONING PROPERLY,CLEAR,"DARKNESS, LIGHTED ROAD",ANGLE,NOT DIVIDED,,STRAIGHT AND LEVEL,DRY,NO DEFECTS,,INJURY AND / OR TOW DUE TO CRASH,Y,,,"OVER $1,500",08/16/2025 10:41:00 PM,DISREGARDING TRAFFIC SIGNALS,"OPERATING VEHICLE IN ERRATIC, RECKLESS, CARELESS, NEGLIGENT OR AGGRESSIVE MANNER",2159,S,KEDZIE AVE,1022,,,,,,,2,NONINCAPACITATING INJURY,2,0,0,1,1,3,0,22,7,8,41.8518939455,-87.7051117009,POINT (-87.705111700921 41.851893945513)
c7668de4207a3f8f5b2a351dcb7fdfa4a2a62fadaf58e11baea05a1aebf9b20f4985048e34d438a03eb9f6f57fe2b0728019ec72d343aa9902f23eb1c3d72777,,08/16/2025 10:40:00 PM,30,NO CONTROLS,NO CONTROLS,CLOUDY/OVERCAST,"DARKNESS, LIGHTED ROAD",PARKED MOTOR VEHICLE,PARKING LOT,,STRAIGHT AND LEVEL,WET,NO DEFECTS,NOT ON SCENE (DESK REPORT),NO INJURY / DRIVE AWAY,,,,"$501 - $1,500",08/16/2025 11:56:00 PM,UNABLE TO DETERMINE,"VISION OBSCURED (SIGNS, TREE LIMBS, BUILDINGS, ETC.)",3445,S,SHIELDS AVE,915,Y,Y,,,,,2,NO INDICATION OF INJURY,0,0,0,0,0,2,0,22,7,8,41.8313840799,-87.635009064,POINT (-87.635009064001 41.831384079854)
db0087735c92184fd2d14ba111d0b8b3e3ab05e4fd37fde7489e7acbd52301da4ef3a22356bd552c011b224bbb86042ac636e4dd529bc755fd4b31eeac91e648,,08/16/2025 10:30:00 PM,25,NO CONTROLS,NO CONTROLS,CLEAR,"DARKNESS, LIGHTED ROAD",PARKED MOTOR VEHICLE,NOT DIVIDED,,STRAIGHT AND LEVEL,DRY,NO DEFECTS,NOT ON SCENE (DESK REPORT),NO INJURY / DRIVE AWAY,,,,"OVER $1,500",08/25/2025 03:30:00 PM,UNABLE TO DETERMINE,UNABLE TO DETERMINE,10612,S,DREW ST,2212,,,,,,,2,NO INDICATION OF INJURY,0,0,0,0,0,1,0,22,7,8,41.7006529482,-87.6647068991,POINT (-87.664706899072 41.70065294819)
05948a97934b1ce5697b435d99dde60fa4829d683216bbb00c1c87be2c533b3a476a020039fd2fe81a3ccba953c2987bea99e6a2ca2bb09f6f63a5369a53e8f0,,08/16/2025 10:15:00 PM,40,NO CONTROLS,NO CONTROLS,CLEAR,"DARKNESS, LIGHTED ROAD",FIXED OBJECT,DIVIDED - W/MEDIAN BARRIER,,STRAIGHT AND LEVEL,WET,UNKNOWN,ON SCENE,INJURY AND / OR TOW DUE TO CRASH,,,,"OVER $1,500",08/16/2025 10:15:00 PM,UNABLE TO DETERMINE,NOT APPLICABLE,1301,N,LAKE SHORE DR NB,1824,,,,,,,1,NO INDICATION OF INJURY,0,0,0,0,0,1,0,22,7,8,41.9059807588,-87.6247167968,POINT (-87.624716796776 41.905980758804)
afb23176191e1776c9e344610b0883c8cfb05dac58ebe49ea2504f6cfaf604e754081803fc098da7d52db989d7b52113a52b62a0af5b3990f42b6daf22fcf24b,,08/16/2025 10:15:00 PM,30,TRAFFIC SIGNAL,FUNCTIONING PROPERLY,RAIN,"DARKNESS, LIGHTED ROAD",REAR END,NOT DIVIDED,,STRAIGHT AND LEVEL,WET,UNKNOWN,,INJURY AND / OR TOW DUE TO CRASH,Y,,,"OVER $1,500",08/16/2025 10:30:00 PM,UNABLE TO DETERMINE,NOT APPLICABLE,1000,W,103RD ST,2232,,,,,,,2,"REPORTED, NOT EVIDENT",1,0,0,0,1,1,0,22,7,8,41.7069822593,-87.6477577331,POINT (-87.64775773311 41.706982259266)
92b782f71be897120bf720f0da825eb3ee56196285a1eafa778768fd2432cb206f4fa8fe12837fdc462863ba246211b9c47a70c38f5303269986ac7e0d910264,,08/16/2025 10:08:00 PM,30,NO CONTROLS,NO CONTROLS,RAIN,"DARKNESS, LIGHTED ROAD",PARKED MOTOR VEHICLE,DIVIDED - W/MEDIAN (NOT RAISED),,STRAIGHT AND LEVEL,WET,NO DEFECTS,ON SCENE,INJURY AND / OR TOW DUE TO CRASH,,,Y,"OVER $1,500",08/16/2025 10:43:00 PM,UNABLE TO DETERMINE,UNABLE TO DETERMINE,4628,W,ARMITAGE AVE,2522,,,,,,,2,NO INDICATION OF INJURY,0,0,0,0,0,1,0,22,7,8,41.9170836637,-87.7426019571,POINT (-87.742601957142 41.917083663685)
54c6f82b94818673354e2ae48c50177ad024198afab140d321364476ee80115981258255726ea52b3172432c8e054589ecbc89f9fcd006ea0b142c08762a7c89,Y,08/16/2025 10:00:00 PM,30,NO CONTROLS,NO CONTROLS,UNKNOWN,UNKNOWN,PARKED MOTOR VEHICLE,NOT DIVIDED,,STRAIGHT AND LEVEL,UNKNOWN,NO DEFECTS,ON SCENE,NO INJURY / DRIVE AWAY,,,Y,"OVER $1,500",08/18/2025 09:10:00 AM,UNABLE TO DETERMINE,NOT APPLICABLE,5508,N,ODELL AVE,1613,,,,,,,2,NO INDICATION OF INJURY,0,0,0,0,0,1,0,22,7,8,41.979346155,-87.8109998636,POINT (-87.810999863635 41.97934615501)
5e0ce86d246ceccdec74195177e1c3f07dbc6f2aef63892d88a6872cc264c996930f6c84743d8102cfdff5558aeb12bc389d6f8dc597781b1c187f70a927f46a,,08/16/2025 10:00:00 PM,30,TRAFFIC SIGNAL,FUNCTIONING PROPERLY,UNKNOWN,"DARKNESS, LIGHTED ROAD",ANGLE,DIVIDED - W/MEDIAN (NOT RAISED),,STRAIGHT AND LEVEL,UNKNOWN,UNKNOWN,NOT ON SCENE (DESK REPORT),NO INJURY / DRIVE AWAY,,,Y,"OVER $1,500",08/17/2025 03:30:00 PM,DISREGARDING TRAFFIC SIGNALS,NOT APPLICABLE,4200,S,PULASKI RD,815,,,,,,,2,NO INDICATION OF INJURY,0,0,0,0,0,2,0,22,7,8,41.8169017075,-87.7240515363,POINT (-87.724051536308 41.816901707548)
7e6a5db9784fee030f9906d359d465cce14777bc5b7681289d7dedbe2634b7c8d40716d22a098c0a7c5888c88007e7060babd946174cc698e21f828615b3dd28,,08/16/2025 10:00:00 PM,35,TRAFFIC SIGNAL,FUNCTIONING PROPERLY,CLEAR,DARKNESS,REAR END,DIVIDED - W/MEDIAN (NOT RAISED),,STRAIGHT AND LEVEL,DRY,NO DEFECTS,NOT ON SCENE (DESK REPORT),NO INJURY / DRIVE AWAY,,,,"$501 - $1,500",08/17/2025 10:20:00 AM,FOLLOWING TOO CLOSELY,FOLLOWING TOO CLOSELY,2120,S,ASHLAND AVE,1234,,,,,,,2,NO INDICATION OF INJURY,0,0,0,0,0,2,0,22,7,8,41.8534722469,-87.6661829925,POINT (-87.666182992502 41.853472246941)
9ca91e7f170b1e6676dd4031c74dc9c5809f85cf9331c16c96cc0bc3a8e82df0a37142daad832334066756cd7193e9a5833b42291161744de284f28b6a4041f2,,08/16/2025 10:00:00 PM,30,NO CONTROLS,NO CONTROLS,UNKNOWN,DARKNESS,PARKED MOTOR VEHICLE,NOT DIVIDED,,STRAIGHT AND LEVEL,UNKNOWN,UNKNOWN,NOT ON SCENE (DESK REPORT),NO INJURY / DRIVE AWAY,,,Y,"OVER $1,500",08/18/2025 10:00:00 AM,UNABLE TO DETERMINE,NOT APPLICABLE,3031,S,PARNELL AVE,914,,,,,,,2,NO INDICATION OF INJURY,0,0,0,0,0,1,0,22,7,8,41.8390089903,-87.6400688889,POINT (-87.640068888921 41.839008990279)
c89a50cda775172e7de6ba8378c203fa417e98dff63982bc37caed9afba68f30a25a75ae045e4c8cfd3a32dcf6a4a2de81f7b25a81a18733b016891dd0a28d2f,,08/16/2025 10:00:00 PM,30,NO CONTROLS,NO CONTROLS,CLEAR,"DARKNESS, LIGHTED ROAD",REAR END,NOT DIVIDED,,STRAIGHT AND LEVEL,DRY,NO DEFECTS,NOT ON SCENE (DESK REPORT),NO INJURY / DRIVE AWAY,,,,"OVER $1,500",08/18/2025 11:10:00 AM,FOLLOWING TOO CLOSELY,UNABLE TO DETERMINE,5300,S,WESTERN AVE,923,,,,,,,2,NO INDICATION OF INJURY,0,0,0,0,0,2,0,22,7,8,41.7973947475,-87.6842729635,POINT (-87.684272963451 41.797394747543)
d82d08ef1253e5a521ede73729661be6e6f96b119cb4f60982bfd8210dc260cf9cb02fb41b33f6aa2d5e17a6cc1012e0b1d8e8cdda97e94f4c585dd22e3f7422,,08/16/2025 09:47:00 PM,30,TRAFFIC SIGNAL,FUNCTIONING PROPERLY,CLEAR,DARKNESS,REAR END,NOT DIVIDED,,STRAIGHT AND LEVEL,DRY,NO DEFECTS,NOT ON SCENE (DESK REPORT),NO INJURY / DRIVE AWAY,,,,"OVER $1,500",08/16/2025 11:30:00 PM,FOLLOWING TOO CLOSELY,FOLLOWING TOO CLOSELY,1765,W,95TH ST,2213,,,,,,,2,NO INDICATION OF INJURY,0,0,0,0,0,3,0,21,7,8,41.7210396737,-87.6673171163,POINT (-87.667317116274 41.721039673747)
56ece71170cfa2a92d53cf4f05c5e13b0ea23aabed0b737119674e3b21f900dc833cd7a3a20c8033b89cf293602dff2d38363cfadee3df77941ca7679d5383ea,,08/16/2025 09:46:00 PM,30,TRAFFIC SIGNAL,FUNCTIONING PROPERLY,CLEAR,"DARKNESS, LIGHTED ROAD",REAR END,DIVIDED - W/MEDIAN (NOT RAISED),,STRAIGHT AND LEVEL,WET,NO DEFECTS,NOT ON SCENE (DESK REPORT),NO INJURY / DRIVE AWAY,Y,,N,"OVER $1,500",08/17/2025 11:58:00 AM,FOLLOWING TOO CLOSELY,UNABLE TO DETERMINE,7894,W,FOSTER AVE,1613,,,,,,,2,NO INDICATION OF INJURY,0,0,0,0,0,2,0,21,7,8,41.9741980072,-87.8246486733,POINT (-87.824648673252 41.974198007163)
c0aecf98226edbc1764263b12aaafb78a70ba19f671a1169b4a5b2aa70cf93572bbe475c9304095ff8df1b11765b7a26aa47d7526603d21129ddddc01b43ca98,,08/16/2025 09:45:00 PM,30,TRAFFIC SIGNAL,FUNCTIONING PROPERLY,CLEAR,DARKNESS,PARKED MOTOR VEHICLE,NOT DIVIDED,,STRAIGHT AND LEVEL,DRY,NO DEFECTS,NOT ON SCENE (DESK REPORT),NO INJURY / DRIVE AWAY,,,Y,"OVER $1,500",08/18/2025 01:49:00 PM,UNABLE TO DETERMINE,UNABLE TO DETERMINE,5740,S,STATE ST,232,,,,,,,2,NO INDICATION OF INJURY,0,0,0,0,0,1,0,21,7,8,41.7898472228,-87.6257250276,POINT (-87.625725027587 41.789847222795)
cab589a3a789e3e943e52a3a841adfe9f25fcd3da78fea12c83df0c5f18e79de86ffec41d01c4b268c03482b5d1118162a1d11096bbf9ce43cfa8cf8f01c47d7,,08/16/2025 09:37:00 PM,40,NO CONTROLS,NO CONTROLS,CLEAR,"DARKNESS, LIGHTED ROAD",FIXED OBJECT,DIVIDED - W/MEDIAN BARRIER,,STRAIGHT AND LEVEL,WET,NO DEFECTS,ON SCENE,INJURY AND / OR TOW DUE TO CRASH,,,,"OVER $1,500",08/16/2025 09:39:00 PM,WEATHER,NOT APPLICABLE,1045,N,LAKE SHORE DR NB,1824,,,,,,,1,NO INDICATION OF INJURY,0,0,0,0,0,1,0,21,7,8,41.9021384559,-87.623252289,POINT (-87.623252288981 41.902138455854)