CRASH_RECORD_ID,CRASH_DATE_EST_I,CRASH_DATE,POSTED_SPEED_LIMIT,TRAFFIC_CONTROL_DEVICE,DEVICE_CONDITION,WEATHER_CONDITION,LIGHTING_CONDITION,FIRST_CRASH_TYPE,TRAFFICWAY_TYPE,LANE_CNT,ALIGNMENT,ROADWAY_SURFACE_COND,ROAD_DEFECT,REPORT_TYPE,CRASH_TYPE,INTERSECTION_RELATED_I,NOT_RIGHT_OF_WAY_I,HIT_AND_RUN_I,DAMAGE,DATE_POLICE_NOTIFIED,PRIM_CONTRIBUTORY_CAUSE,SEC_CONTRIBUTORY_CAUSE,STREET_NO,STREET_DIRECTION,STREET_NAME,BEAT_OF_OCCURRENCE,PHOTOS_TAKEN_I,STATEMENTS_TAKEN_I,DOORING_I,WORK_ZONE_I,WORK_ZONE_TYPE,WORKERS_PRESENT_I,NUM_UNITS,MOST_SEVERE_INJURY,INJURIES_TOTAL,INJURIES_FATAL,INJURIES_INCAPACITATING,INJURIES_NON_INCAPACITATING,INJURIES_REPORTED_NOT_EVIDENT,INJURIES_NO_INDICATION,INJURIES_UNKNOWN,CRASH_HOUR,CRASH_DAY_OF_WEEK,CRASH_MONTH,LATITUDE,LONGITUDE,LOCATION
165bdfdf749f09fec7fab2dc5ce13f6450e2c692c0eda8d6bc3097eae0352f0798bdf3ce49694cfbc1d8596a0d525a7d5bea061fa0980128ccd66f49a56edf8f,,08/16/2025 09:30:00 PM,30,NO CONTROLS,NO CONTROLS,CLEAR,"DARKNESS, LIGHTED ROAD",PARKED MOTOR VEHICLE,DIVIDED - W/MEDIAN (NOT RAISED),,STRAIGHT AND LEVEL,DRY,NO DEFECTS,NOT ON SCENE (DESK REPORT),NO INJURY / DRIVE AWAY,,,Y,"OVER $1,500",08/16/2025 10:45:00 PM,UNABLE TO DETERMINE,NOT APPLICABLE,5635,S,KILDARE AVE,813,,,,,,,2,NO INDICATION OF INJURY,0,0,0,0,0,1,0,21,7,8,41.7902746597,-87.7302796268,POINT (-87.730279626797 41.790274659743)
51ec9184ce27a13261d8a596d0c33a1193a95eaad7caa53c0f7cfd2d26f24bd7272c916f794609a713bba01b14185847481de4ca4d8b964b1c615432f33f4efb,,08/16/2025 09:30:00 PM,15,NO CONTROLS,NO CONTROLS,CLEAR,DAWN,PARKED MOTOR VEHICLE,ONE-WAY,,STRAIGHT AND LEVEL,WET,NO DEFECTS,NOT ON SCENE (DESK REPORT),NO INJURY / DRIVE AWAY,,,Y,"OVER $1,500",08/17/2025 12:30:00 PM,IMPROPER BACKING,UNABLE TO DETERMINE,5810,N,ROCKWELL ST,2011,,,,,,,2,NO INDICATION OF INJURY,0,0,0,0,0,1,0,21,7,8,41.987154933,-87.6945761569,POINT (-87.694576156872 41.987154933014)
94f2c39bb683e6b17580dc2919fb7f2e6c0836f8cb92f999b8a9011b27378ff47ce7271c08bceab26e6f66c59d4fc57d85f54c19f2b399d824e33e40bd380542,,08/16/2025 09:30:00 PM,30,TRAFFIC SIGNAL,FUNCTIONING PROPERLY,RAIN,DARKNESS,REAR END,DIVIDED - W/MEDIAN (NOT RAISED),,STRAIGHT AND LEVEL,WET,NO DEFECTS,NOT ON SCENE (DESK REPORT),NO INJURY / DRIVE AWAY,,,,"$501 - $1,500",08/17/2025 10:51:00 AM,FOLLOWING TOO CLOSELY,UNABLE TO DETERMINE,6700,S,BLACKSTONE AVE,332,,,,,,,2,NO INDICATION OF INJURY,0,0,0,0,0,2,0,21,7,8,41.7732558452,-87.5889073033,POINT (-87.588907303323 41.773255845211)
d9f31f9f8508eff21c7810e34782fc4febd40cb06861557147197e81d5711f0fa26ce03ed55607d9d5a2a4932c0cc1f9bf1f3efabdafc38ce4c788ff388373a6,,08/16/2025 09:30:00 PM,10,NO CONTROLS,NO CONTROLS,CLEAR,"DARKNESS, LIGHTED ROAD",PARKED MOTOR VEHICLE,PARKING LOT,,STRAIGHT AND LEVEL,DRY,NO DEFECTS,NOT ON SCENE (DESK REPORT),NO INJURY / DRIVE AWAY,,,Y,"OVER $1,500",08/17/2025 10:58:00 AM,UNABLE TO DETERMINE,NOT APPLICABLE,47,N,WESTERN AVE,1223,,,,,,,2,NO INDICATION OF INJURY,0,0,0,0,0,2,0,21,7,8,41.882574685,-87.6863262811,POINT (-87.686326281147 41.882574684952)
fa2bacd5dcf3edbc225cada3c430a8d7e3fec89bd206cb6ca5b04f12d13ed1d90cea9263f8bc594e1cb390c7d51c1a594202d75bee9c3483f414fb43d12eef5d,,08/16/2025 09:30:00 PM,30,NO CONTROLS,NO CONTROLS,CLEAR,"DARKNESS, LIGHTED ROAD",PARKED MOTOR VEHICLE,NOT DIVIDED,,STRAIGHT AND LEVEL,DRY,NO DEFECTS,NOT ON SCENE (DESK REPORT),NO INJURY / DRIVE AWAY,,,Y,"OVER $1,500",08/18/2025 12:40:00 PM,UNABLE TO DETERMINE,UNABLE TO DETERMINE,5231,N,LONG AVE,1623,,,,,,,2,NO INDICATION OF INJURY,0,0,0,0,0,1,0,21,7,8,41.976127873,-87.7629890236,POINT (-87.762989023614 41.976127872971)
b8dfba27d945d965195acc9cf296da9902beb76c95238800261579ec174cc49e75174b363597f81f4706535cda8ba1f6cd84da54bc4810657cd33038d884b609,,08/16/2025 09:26:00 PM,30,TRAFFIC SIGNAL,FUNCTIONING PROPERLY,CLEAR,"DARKNESS, LIGHTED ROAD",FIXED OBJECT,FOUR WAY,,STRAIGHT AND LEVEL,DRY,NO DEFECTS,ON SCENE,NO INJURY / DRIVE AWAY,,,Y,"OVER $1,500",08/16/2025 09:32:00 PM,DRIVING SKILLS/KNOWLEDGE/EXPERIENCE,NOT APPLICABLE,2100,W,WASHINGTON BLVD,1223,,,,,,,1,NO INDICATION OF INJURY,0,0,0,0,0,1,0,21,7,8,41.8832147656,-87.6792563467,POINT (-87.679256346742 41.883214765602)
e9d1eac14ebd15d3babe4e7b536ca31c65e58b47a6c165c33c40e1f8b37ff2b38c682d9403ba168004576ce788988ef99f60fd07af1210cc08be2c8db128ac4e,,08/16/2025 09:24:00 PM,35,TRAFFIC SIGNAL,FUNCTIONING PROPERLY,CLEAR,DARKNESS,ANGLE,NOT DIVIDED,,STRAIGHT AND LEVEL,WET,NO DEFECTS,,INJURY AND / OR TOW DUE TO CRASH,,,Y,"OVER $1,500",08/16/2025 09:25:00 PM,DISREGARDING OTHER TRAFFIC SIGNS,NOT APPLICABLE,2024,W,119TH ST,2234,,,,,,,2,NO INDICATION OF INJURY,0,0,0,0,0,2,0,21,7,8,41.6774551694,-87.6717224365,POINT (-87.671722436452 41.677455169409)
e8f39943e360acc86b0cececfc3f91309cfa63a4fecf8ccc52d2459cb667e036af874e1ce61fe6c071c4db2366af342628b75e43368af3c53c895d5fcefdc9ad,,08/16/2025 09:15:00 PM,30,NO CONTROLS,NO CONTROLS,CLEAR,"DARKNESS, LIGHTED ROAD",REAR END,FOUR WAY,,STRAIGHT AND LEVEL,WET,UNKNOWN,NOT ON SCENE (DESK REPORT),NO INJURY / DRIVE AWAY,Y,,,"$501 - $1,500",08/16/2025 10:30:00 PM,FOLLOWING TOO CLOSELY,FOLLOWING TOO CLOSELY,498,W,NORTH AVE,1813,,,,,,,2,NO INDICATION OF INJURY,0,0,0,0,0,2,0,21,7,8,41.9111898767,-87.6409588414,POINT (-87.640958841426 41.911189876673)
f8937f8c263124ba18776a071bd2bf61b9d94a6be009700cb64cc87f54e993bfbbbaa0dabe37f285ad70c99af2840073a8338c871621479a2cbe9d568c0e40d2,,08/16/2025 09:04:00 PM,30,NO CONTROLS,NO CONTROLS,CLOUDY/OVERCAST,"DARKNESS, LIGHTED ROAD",PARKED MOTOR VEHICLE,NOT DIVIDED,,STRAIGHT AND LEVEL,WET,NO DEFECTS,NOT ON SCENE (DESK REPORT),NO INJURY / DRIVE AWAY,,,,"$501 - $1,500",08/16/2025 11:13:00 PM,IMPROPER LANE USAGE,IMPROPER OVERTAKING/PASSING,4355,S,ROCKWELL ST,922,Y,Y,,,,,2,NO INDICATION OF INJURY,0,0,0,0,0,1,0,21,7,8,41.8140104238,-87.6893347109,POINT (-87.689334710917 41.814010423841)
587145f5608dc65e081f2f0b2a8225810a5f18e25616db8ed0e4cd963cffb0efc371f82c13e516567fd5073516548fcd5102e490ef9d06e6361146bf49c1895b,,08/16/2025 09:00:00 PM,30,STOP SIGN/FLASHER,FUNCTIONING PROPERLY,CLEAR,DARKNESS,REAR END,T-INTERSECTION,,STRAIGHT AND LEVEL,WET,UNKNOWN,NOT ON SCENE (DESK REPORT),NO INJURY / DRIVE AWAY,Y,,,"OVER $1,500",08/17/2025 12:38:00 PM,UNABLE TO DETERMINE,NOT APPLICABLE,9500,S,LOWE AVE,2223,,,,,,,2,NO INDICATION OF INJURY,0,0,0,0,0,2,0,21,7,8,41.7214146905,-87.6397162677,POINT (-87.639716267665 41.721414690478)
f8afb405d6ae368da792dd1199fe540c8e85b12b95d815fa366a97aae7a149a95b280df3ef88b9bbf04d34b247104ba9aa38cf37d72666f12503510020eb086b,Y,08/16/2025 09:00:00 PM,30,NO CONTROLS,NO CONTROLS,RAIN,"DARKNESS, LIGHTED ROAD",PARKED MOTOR VEHICLE,NOT DIVIDED,,STRAIGHT AND LEVEL,WET,UNKNOWN,NOT ON SCENE (DESK REPORT),NO INJURY / DRIVE AWAY,,,Y,"OVER $1,500",08/17/2025 08:45:00 PM,IMPROPER LANE USAGE,NOT APPLICABLE,1334,W,WASHBURNE AVE,1233,,,,,,,2,NO INDICATION OF INJURY,0,0,0,0,0,1,0,21,7,8,41.8662093317,-87.6599943607,POINT (-87.659994360727 41.866209331728)
e7044731cd5d59236bd5979560b5b54fe4e2b1ff0f63684c1163d782c9fcf2e0d8e86ba5fbcc240eab2e759c2965e735f5c80be0a00fd812c7d42e09c50b3a4c,,08/16/2025 08:52:00 PM,30,TRAFFIC SIGNAL,FUNCTIONING PROPERLY,RAIN,"DARKNESS, LIGHTED ROAD",PEDESTRIAN,FOUR WAY,,STRAIGHT AND LEVEL,WET,NO DEFECTS,ON SCENE,INJURY AND / OR TOW DUE TO CRASH,Y,,,"OVER $1,500",08/16/2025 08:55:00 PM,WEATHER,NOT APPLICABLE,100,E,RANDOLPH ST,114,,,,,,,3,NONINCAPACITATING INJURY,3,0,0,2,1,1,0,20,7,8,41.8845772195,-87.6244036339,POINT (-87.62440363391 41.884577219487)
ce451f8302ee876c1de1583b3bcf46bd7b3e4887518366cd1ca25318f462657b8cbb50d6a76e10767033b39464e35f8ea10fc84ca8350aef68a7889f460642a3,,08/16/2025 08:49:00 PM,30,UNKNOWN,UNKNOWN,RAIN,DUSK,SIDESWIPE SAME DIRECTION,NOT DIVIDED,,STRAIGHT AND LEVEL,WET,UNKNOWN,NOT ON SCENE (DESK REPORT),NO INJURY / DRIVE AWAY,,,Y,"$501 - $1,500",08/16/2025 10:15:00 PM,NOT APPLICABLE,UNABLE TO DETERMINE,33,N,MICHIGAN AVE,114,,,,,,,2,NO INDICATION OF INJURY,0,0,0,0,0,3,0,20,7,8,41.8828386418,-87.6242414772,POINT (-87.6242414772 41.882838641788)
f483d61d2386fdb5a1c1aa8bc04b067520619b58118feb874cbfadf501eb26a4773d60c186d01dd957210778eedc40438fe6eda03081d2c85c24c4e26a05c3fa,,08/16/2025 08:47:00 PM,20,NO CONTROLS,NO CONTROLS,CLEAR,"DARKNESS, LIGHTED ROAD",PARKED MOTOR VEHICLE,ONE-WAY,,STRAIGHT AND LEVEL,DRY,NO DEFECTS,NOT ON SCENE (DESK REPORT),NO INJURY / DRIVE AWAY,,,Y,"OVER $1,500",08/16/2025 10:35:00 PM,IMPROPER OVERTAKING/PASSING,NOT APPLICABLE,2757,N,SAYRE AVE,2512,,,,,,,2,NO INDICATION OF INJURY,0,0,0,0,0,1,0,20,7,8,41.9306740414,-87.8008260024,POINT (-87.800826002429 41.930674041432)
d1eef7820ba147c91f252658405ba63752cdcd55b3d717950f229cf5223686af020ffd6b385ae816e620bcf947da13eb10edf728e7befcf950f7dd40c9acef7a,,08/16/2025 08:45:00 PM,30,TRAFFIC SIGNAL,FUNCTIONING PROPERLY,UNKNOWN,UNKNOWN,REAR END,NOT DIVIDED,,STRAIGHT AND LEVEL,UNKNOWN,UNKNOWN,NOT ON SCENE (DESK REPORT),NO INJURY / DRIVE AWAY,Y,,Y,"OVER $1,500",08/17/2025 04:00:00 PM,FOLLOWING TOO CLOSELY,FOLLOWING TOO CLOSELY,6100,N,SHERIDAN RD,2433,,,,,,,2,NO INDICATION OF INJURY,0,0,0,0,0,2,0,20,7,8,41.9924690723,-87.6556066005,POINT (-87.655606600521 41.992469072321)
7195193ccb808c4a4d1a7eeab016687bfa977a882ded8c63f19a9b035a73880a45d5598956d4cc0b4dadf573907d7cb932a23c2645a9fe17d0df9e5331f7ee17,,08/16/2025 08:39:00 PM,30,NO CONTROLS,NO CONTROLS,RAIN,DARKNESS,SIDESWIPE SAME DIRECTION,NOT DIVIDED,,STRAIGHT AND LEVEL,WET,NO DEFECTS,ON SCENE,INJURY AND / OR TOW DUE TO CRASH,N,,,"OVER $1,500",08/16/2025 08:46:00 PM,FOLLOWING TOO CLOSELY,UNABLE TO DETERMINE,5946,S,COTTAGE GROVE AVE,233,,,,,,,2,NO INDICATION OF INJURY,0,0,0,0,0,2,0,20,7,8,41.7863868914,-87.6061904978,POINT (-87.606190497819 41.786386891416)
3df24ad82385f1cca0a23e54f3a90bf60f7cab92a616cda0e9d641b4b497fb63781013d6d44b275fab06ea01e398088f753b99a2fd6bc26846fd2be7b291ad98,,08/16/2025 08:30:00 PM,30,NO CONTROLS,NO CONTROLS,RAIN,"DARKNESS, LIGHTED ROAD",REAR END,NOT DIVIDED,,STRAIGHT AND LEVEL,WET,NO DEFECTS,NOT ON SCENE (DESK REPORT),NO INJURY / DRIVE AWAY,,,Y,"$501 - $1,500",08/16/2025 09:16:00 PM,WEATHER,NOT APPLICABLE,3709,N,HARLEM AVE,1632,,,,,,,2,NO INDICATION OF INJURY,0,0,0,0,0,2,0,20,7,8,41.947399191,-87.8069325222,POINT (-87.806932522222 41.947399190997)
c765fdcb0576747299541c8f8feb0bd1afb18e0d31fdc99532013bb9e01addffccf6f5a4f5e2f71a8ec3ad5d750f2c81823841aabeab29e8fa6c9cbacb30ffee,,08/16/2025 08:30:00 PM,25,TRAFFIC SIGNAL,UNKNOWN,UNKNOWN,"DARKNESS, LIGHTED ROAD",TURNING,NOT DIVIDED,,STRAIGHT AND LEVEL,UNKNOWN,UNKNOWN,NOT ON SCENE (DESK REPORT),NO INJURY / DRIVE AWAY,,,,"OVER $1,500",08/16/2025 09:45:00 PM,NOT APPLICABLE,NOT APPLICABLE,9500,S,STONY ISLAND AVE,511,,,,,,,2,NO INDICATION OF INJURY,0,0,0,0,0,2,0,20,7,8,41.722257273,-87.5852755651,POINT (-87.585275565077 41.722257273006)
f664594db671fdc4ee0dd714ddc517a59525767b6e549a2afeffc024c09dbd8bca17821909966772c9bf6d39632c0841d50069940bb014885df51fc1f1e7a73e,,08/16/2025 08:28:00 PM,25,STOP SIGN/FLASHER,FUNCTIONING PROPERLY,RAIN,"DARKNESS, LIGHTED ROAD",ANGLE,FOUR WAY,,STRAIGHT AND LEVEL,WET,NO DEFECTS,ON SCENE,INJURY AND / OR TOW DUE TO CRASH,Y,,,"OVER $1,500",08/16/2025 08:33:00 PM,FAILING TO YIELD RIGHT-OF-WAY,NOT APPLICABLE,429,E,72ND ST,323,,,,,,,2,NONINCAPACITATING INJURY,2,0,0,2,0,0,0,20,7,8,41.7637949985,-87.6140683349,POINT (-87.614068334879 41.763794998537)
03b388a825c7dd058793cc696eb2534d342bc631942a867c5bbdac81c6b59034dbf163db63e6cc7d877eeded5c6e3fb2d198fe3e44f9610c04997cf9e7628063,,08/16/2025 08:22:00 PM,30,STOP SIGN/FLASHER,FUNCTIONING PROPERLY,RAIN,"DARKNESS, LIGHTED ROAD",ANGLE,DIVIDED - W/MEDIAN (NOT RAISED),,STRAIGHT AND LEVEL,WET,NO DEFECTS,ON SCENE,NO INJURY / DRIVE AWAY,Y,,,"OVER $1,500",08/16/2025 08:27:00 PM,UNABLE TO DETERMINE,FAILING TO REDUCE SPEED TO AVOID CRASH,5003,N,CLARK ST,2033,,N,,,,,2,NO INDICATION OF INJURY,0,0,0,0,0,3,0,20,7,8,41.9726603015,-87.6677843532,POINT (-87.667784353221 41.972660301506)
8cade004fbb243899d5fb073f767bbfe01096ad49fdd9060196b41aa936fa253efe8b9b64dbbbc6fbdcb318bf7f9b96b8dd802a2939f9583e4afa7067b7d22cb,,08/16/2025 08:20:00 PM,30,NO CONTROLS,NO CONTROLS,RAIN,DARKNESS,SIDESWIPE OPPOSITE DIRECTION,NOT DIVIDED,,STRAIGHT AND LEVEL,WET,UNKNOWN,ON SCENE,INJURY AND / OR TOW DUE TO CRASH,,,,"OVER $1,500",08/16/2025 08:20:00 PM,WEATHER,NOT APPLICABLE,6243,W,MONTROSE AVE,1624,,Y,,,,,2,NONINCAPACITATING INJURY,1,0,0,1,0,1,0,20,7,8,41.9601510112,-87.7836329173,POINT (-87.783632917311 41.960151011224)
eee547a1a0275bff11ff4824b1c4b00549136058abe0b7362bd55666a85079b13852ad1cdbeda369abaa0f520587ea56be02d175e9e3615c5d4c4b0bb4606cc1,,08/16/2025 08:15:00 PM,30,UNKNOWN,UNKNOWN,RAIN,"DARKNESS, LIGHTED ROAD",REAR END,UNKNOWN,,STRAIGHT AND LEVEL,WET,UNKNOWN,NOT ON SCENE (DESK REPORT),NO INJURY / DRIVE AWAY,,,,"OVER $1,500",08/16/2025 08:50:00 PM,UNABLE TO DETERMINE,UNABLE TO DETERMINE,2804,S,PULASKI RD,1031,,,,,,,2,NO INDICATION OF INJURY,0,0,0,0,0,2,0,20,7,8,41.8403564595,-87.7245895578,POINT (-87.724589557797 41.840356459488)
d414faa8a85607dd1a727c4b63dbded35e98ea5eb32052e302ce84c38219038b1ca4a8666a2673ec0d7f2ffc957570a905a21c35001f5e2faa4341db157c66d0,,08/16/2025 08:11:00 PM,25,TRAFFIC SIGNAL,NOT FUNCTIONING,RAIN,DARKNESS,ANGLE,T-INTERSECTION,,STRAIGHT AND LEVEL,WET,NO DEFECTS,ON SCENE,INJURY AND / OR TOW DUE TO CRASH,Y,,,"OVER $1,500",08/16/2025 08:13:00 PM,UNABLE TO DETERMINE,UNABLE TO DETERMINE,7100,S,LAFAYETTE AVE,731,,,,,,,2,INCAPACITATING INJURY,3,0,1,2,0,2,0,20,7,8,41.7653985858,-87.6266955007,POINT (-87.626695500681 41.765398585764)
0df484d1b3fb0b099658411994f81a003e688a211215fd206fc4494b8ffc822a01f29491c82c7b50d12d95beb0a3fb05b08b6ac6304af1d1b8c805a61820f43a,,08/16/2025 08:10:00 PM,30,NO CONTROLS,NO CONTROLS,RAIN,"DARKNESS, LIGHTED ROAD",PARKED MOTOR VEHICLE,NOT DIVIDED,,STRAIGHT AND LEVEL,WET,UNKNOWN,NOT ON SCENE (DESK REPORT),NO INJURY / DRIVE AWAY,,,,"OVER $1,500",08/17/2025 10:40:00 PM,IMPROPER TURNING/NO SIGNAL,DRIVING SKILLS/KNOWLEDGE/EXPERIENCE,2615,N,SHEFFIELD AVE,1935,,,,,,,2,NO INDICATION OF INJURY,0,0,0,0,0,2,0,20,7,8,41.929496035,-87.653604396,POINT (-87.653604395975 41.929496035006)
cbde564936db6fe45ab16e550906880592c6f22490a0a859ee68a880c932dd0e0d9195d07280c9a783252c9d8c294b653ffdd780551a4584e98f73f550824dc3,,08/16/2025 08:10:00 PM,30,NO CONTROLS,NO CONTROLS,RAIN,"DARKNESS, LIGHTED ROAD",REAR END,NOT DIVIDED,,STRAIGHT AND LEVEL,WET,UNKNOWN,ON SCENE,INJURY AND / OR TOW DUE TO CRASH,,Y,Y,"OVER $1,500",08/16/2025 08:11:00 PM,UNABLE TO DETERMINE,UNABLE TO DETERMINE,3702,N,HARLEM AVE,1631,,,,,,,3,"REPORTED, NOT EVIDENT",1,0,0,0,1,2,0,20,7,8,41.9468507301,-87.8072081764,POINT (-87.807208176419 41.946850730057)
1ac7ea138a69eb8e958f2efb46ff5aee08cd41b3b61b20e3e7d09630ad558f8bb49f63f875a5e0a4ed5d03416ccf76723e400fe0d9fc087ed4942ef037e8d633,,08/16/2025 08:07:00 PM,35,UNKNOWN,UNKNOWN,RAIN,"DARKNESS, LIGHTED ROAD",REAR TO FRONT,NOT DIVIDED,,STRAIGHT AND LEVEL,WET,UNKNOWN,NOT ON SCENE (DESK REPORT),NO INJURY / DRIVE AWAY,,,,"OVER $1,500",08/16/2025 09:09:00 PM,WEATHER,FOLLOWING TOO CLOSELY,4632,W,MONTROSE AVE,1722,,,,,,,2,NO INDICATION OF INJURY,0,0,0,0,0,2,0,20,7,8,41.9608703776,-87.7440970213,POINT (-87.744097021256 41.960870377596)
d1287286cb726d0d8edcdd1e13746a63c03c9e95c8916b469d7762e85390a23b2e5a7623d7b3f1c128bd4c3f52dd4def2380b962e0b488f85f3284a3cecaca36,,08/16/2025 08:05:00 PM,30,STOP SIGN/FLASHER,FUNCTIONING PROPERLY,RAIN,"DARKNESS, LIGHTED ROAD",TURNING,DIVIDED - W/MEDIAN (NOT RAISED),,STRAIGHT AND LEVEL,WET,NO DEFECTS,NOT ON SCENE (DESK REPORT),NO INJURY / DRIVE AWAY,,,,"OVER $1,500",08/19/2025 04:15:00 PM,DISREGARDING STOP SIGN,NOT APPLICABLE,200,E,95TH ST,633,,,,,,,2,NO INDICATION OF INJURY,0,0,0,0,0,3,0,20,7,8,41.7219200866,-87.6189344597,POINT (-87.618934459696 41.721920086644)
137725f9f1062e2d11ba30cd6fe6960126090a417d1e37d8da93a330123144b1bd940f22c8febcfb2a435b5098fd1c9504b8b3c0512c549c232b8475c5dbc84c,,08/16/2025 08:00:00 PM,25,NO CONTROLS,NO CONTROLS,RAIN,DARKNESS,PARKED MOTOR VEHICLE,NOT DIVIDED,,STRAIGHT AND LEVEL,WET,NO DEFECTS,ON SCENE,NO INJURY / DRIVE AWAY,Y,,,"$501 - $1,500",08/16/2025 08:10:00 PM,IMPROPER BACKING,NOT APPLICABLE,7399,N,OCONTO AVE,1611,,,,,,,2,NO INDICATION OF INJURY,0,0,0,0,0,1,0,20,7,8,42.015218372,-87.807665922,POINT (-87.807665921959 42.015218372)
53e173947a96ac442ba2a352a40e769a152e058adaacc6c8a5f8643ed07a697913451b860f862e55125e90be5944aa5d9dabe66d24894fa0a3fbb77cc7a5d99f,,08/16/2025 08:00:00 PM,30,NO CONTROLS,NO CONTROLS,RAIN,"DARKNESS, LIGHTED ROAD",REAR END,DIVIDED - W/MEDIAN (NOT RAISED),,STRAIGHT AND LEVEL,WET,UNKNOWN,NOT ON SCENE (DESK REPORT),NO INJURY / DRIVE AWAY,,,,"OVER $1,500",08/16/2025 08:30:00 PM,FOLLOWING TOO CLOSELY,FAILING TO REDUCE SPEED TO AVOID CRASH,20,W,ONTARIO ST,1832,,,,,,,2,NO INDICATION OF INJURY,0,0,0,0,0,2,0,20,7,8,41.8933688123,-87.6289504473,POINT (-87.628950447332 41.893368812273)
f407030eaefb97d2ea98c650a95e5169b0f2983ed0ef1e9478a158f16164420b49143658119fb4a922b05200e3b16a119bcd7bb0cfd8c34573ebecb2b22f9d83,Y,08/16/2025 08:00:00 PM,30,NO CONTROLS,UNKNOWN,UNKNOWN,UNKNOWN,FIXED OBJECT,DIVIDED - W/MEDIAN (NOT RAISED),,STRAIGHT AND LEVEL,UNKNOWN,UNKNOWN,ON SCENE,INJURY AND / OR TOW DUE TO CRASH,,,,"OVER $1,500",08/17/2025 01:00:00 PM,DISTRACTION - FROM OUTSIDE VEHICLE,DRIVING SKILLS/KNOWLEDGE/EXPERIENCE,9452,S,PAXTON AVE,413,,,,,,,1,NO INDICATION OF INJURY,0,0,0,0,0,2,0,20,7,8,41.7226984283,-87.5706211306,POINT (-87.570621130624 41.72269842833)
96d3a4a62beb321befd4538946b2687fa672b557a1fabc559494a531fc50f0b7794690bf758094bb63a2c78f747a09e48fb5eab604750e8ab0a290e136232aac,,08/16/2025 07:55:00 PM,30,NO CONTROLS,NO CONTROLS,RAIN,"DARKNESS, LIGHTED ROAD",SIDESWIPE SAME DIRECTION,NOT DIVIDED,,STRAIGHT AND LEVEL,WET,NO DEFECTS,NOT ON SCENE (DESK REPORT),NO INJURY / DRIVE AWAY,,,,"OVER $1,500",08/16/2025 09:35:00 PM,DRIVING SKILLS/KNOWLEDGE/EXPERIENCE,NOT APPLICABLE,8701,S,VINCENNES AVE,2223,,,,,,,2,NO INDICATION OF INJURY,0,0,0,0,0,2,0,19,7,8,41.7359463845,-87.6450599462,POINT (-87.645059946216 41.735946384518)
7af47f947fcfff520521b068c2fe76c7fe9138edd2aa8aed871f6b5992e0204de8b0526ec7d795535f4e158c89882b58f796c0e0b67f9b5be3f77601e6a8372a,,08/16/2025 07:50:00 PM,30,TRAFFIC SIGNAL,UNKNOWN,CLEAR,"DARKNESS, LIGHTED ROAD",REAR END,ONE-WAY,,STRAIGHT AND LEVEL,WET,UNKNOWN,NOT ON SCENE (DESK REPORT),NO INJURY / DRIVE AWAY,,,,"OVER $1,500",08/16/2025 08:35:00 PM,FOLLOWING TOO CLOSELY,NOT APPLICABLE,1623,W,CONGRESS PKWY,1231,,,,,,,2,NO INDICATION OF INJURY,0,0,0,0,0,2,0,19,7,8,41.8750506355,-87.6675958687,POINT (-87.667595868662 41.875050635512)
f549777c4506ced7e700570a7e83bd3f3934e78f9b835189dfc0f802ecb3186db4e430cc48b67a907be8a62be5e79722f927241b7c705b86eeaabf2a099107fd,,08/16/2025 07:45:00 PM,30,NO CONTROLS,NO CONTROLS,RAIN,DUSK,REAR END,DIVIDED - W/MEDIAN (NOT RAISED),,STRAIGHT AND LEVEL,WET,NO DEFECTS,NOT ON SCENE (DESK REPORT),INJURY AND / OR TOW DUE TO CRASH,,,,"OVER $1,500",08/16/2025 09:00:00 PM,FOLLOWING TOO CLOSELY,WEATHER,4120,W,DIVERSEY AVE,2523,,,,,,,2,"REPORTED, NOT EVIDENT",1,0,0,0,1,2,0,19,7,8,41.9318563216,-87.7302719129,POINT (-87.730271912904 41.931856321613)
77e4b6409b485a9cd0381c953468f1ec03ceafa19b5ac2dd85b3b9166d86fc876b2e9a324af7861d098a1cae51527cd94cb3f2abc5484e59e40cafd9aba1bfb9,,08/16/2025 07:44:00 PM,30,STOP SIGN/FLASHER,FUNCTIONING PROPERLY,RAIN,"DARKNESS, LIGHTED ROAD",ANGLE,FOUR WAY,,STRAIGHT AND LEVEL,WET,UNKNOWN,ON SCENE,INJURY AND / OR TOW DUE TO CRASH,Y,,,"OVER $1,500",08/16/2025 07:58:00 PM,FAILING TO YIELD RIGHT-OF-WAY,DRIVING SKILLS/KNOWLEDGE/EXPERIENCE,3001,N,RACINE AVE,1933,,,,,,,2,"REPORTED, NOT EVIDENT",2,0,0,0,2,2,0,19,7,8,41.9362449914,-87.6586936308,POINT (-87.658693630764 41.936244991399)
e1de683c642adb9365802acf67c56977596c5e8b73b32ea28f7697685d57f2be86e56ccd880b21eb514f32a9fec0cbddec9425bf1da298b80ef08aa102a44ff0,,08/16/2025 07:40:00 PM,30,TRAFFIC SIGNAL,UNKNOWN,RAIN,"DARKNESS, LIGHTED ROAD",REAR END,DIVIDED - W/MEDIAN (NOT RAISED),,STRAIGHT AND LEVEL,WET,UNKNOWN,NOT ON SCENE (DESK REPORT),NO INJURY / DRIVE AWAY,,,Y,"OVER $1,500",08/16/2025 08:00:00 PM,FOLLOWING TOO CLOSELY,NOT APPLICABLE,2300,W,FULLERTON AVE,1432,,,,,,,2,NO INDICATION OF INJURY,0,0,0,0,0,3,0,19,7,8,41.9250402176,-87.6853080284,POINT (-87.685308028409 41.925040217608)