CRASH_RECORD_ID,CRASH_DATE_EST_I,CRASH_DATE,POSTED_SPEED_LIMIT,TRAFFIC_CONTROL_DEVICE,DEVICE_CONDITION,WEATHER_CONDITION,LIGHTING_CONDITION,FIRST_CRASH_TYPE,TRAFFICWAY_TYPE,LANE_CNT,ALIGNMENT,ROADWAY_SURFACE_COND,ROAD_DEFECT,REPORT_TYPE,CRASH_TYPE,INTERSECTION_RELATED_I,NOT_RIGHT_OF_WAY_I,HIT_AND_RUN_I,DAMAGE,DATE_POLICE_NOTIFIED,PRIM_CONTRIBUTORY_CAUSE,SEC_CONTRIBUTORY_CAUSE,STREET_NO,STREET_DIRECTION,STREET_NAME,BEAT_OF_OCCURRENCE,PHOTOS_TAKEN_I,STATEMENTS_TAKEN_I,DOORING_I,WORK_ZONE_I,WORK_ZONE_TYPE,WORKERS_PRESENT_I,NUM_UNITS,MOST_SEVERE_INJURY,INJURIES_TOTAL,INJURIES_FATAL,INJURIES_INCAPACITATING,INJURIES_NON_INCAPACITATING,INJURIES_REPORTED_NOT_EVIDENT,INJURIES_NO_INDICATION,INJURIES_UNKNOWN,CRASH_HOUR,CRASH_DAY_OF_WEEK,CRASH_MONTH,LATITUDE,LONGITUDE,LOCATION
ddbd6812e71dfd28eec47d9490c31ce0e2ac2ec91a63d6be2f267ade4858dbd481522713a5ccdeed0bf9d8145acbcd329a8d4be43583a17d3283674de15a6b04,,08/16/2025 07:36:00 PM,35,TRAFFIC SIGNAL,FUNCTIONING PROPERLY,RAIN,DUSK,REAR END,NOT DIVIDED,,STRAIGHT AND LEVEL,WET,NO DEFECTS,ON SCENE,NO INJURY / DRIVE AWAY,,,,"OVER $1,500",08/16/2025 08:16:00 PM,FOLLOWING TOO CLOSELY,NOT APPLICABLE,2500,S,CALIFORNIA BLVD,1034,,,,,,,2,NO INDICATION OF INJURY,0,0,0,0,0,2,0,19,7,8,41.8464123816,-87.6948568491,POINT (-87.694856849098 41.846412381616)
a4bd1194d9584fbee1403df058527d2b721a29c789069c0dea5c2df63ed86186f2fb5ab222318b199cea1129b7e20db12a7113a758919114f3fb93622f98b715,Y,08/16/2025 07:35:00 PM,25,NO CONTROLS,NO CONTROLS,RAIN,"DARKNESS, LIGHTED ROAD",SIDESWIPE SAME DIRECTION,NOT DIVIDED,,STRAIGHT AND LEVEL,WET,UNKNOWN,ON SCENE,NO INJURY / DRIVE AWAY,,Y,,"OVER $1,500",08/16/2025 07:41:00 PM,UNABLE TO DETERMINE,UNABLE TO DETERMINE,4801,N,MILWAUKEE AVE,1623,,,,,,,2,NO INDICATION OF INJURY,0,0,0,0,0,3,0,19,7,8,41.9679658111,-87.7606524592,POINT (-87.760652459159 41.967965811139)
bb8bd8b5fd4cea4b08c5f551d53d3b215f1fedd94fa2cb73a62bd247d442ec123dfa1b402667100e3feb49b271b117339ddd8514b3162fecef226a7eb6401243,,08/16/2025 07:32:00 PM,30,STOP SIGN/FLASHER,FUNCTIONING PROPERLY,CLOUDY/OVERCAST,DUSK,ANGLE,DIVIDED - W/MEDIAN BARRIER,,STRAIGHT AND LEVEL,WET,NO DEFECTS,ON SCENE,INJURY AND / OR TOW DUE TO CRASH,Y,,,"OVER $1,500",08/16/2025 07:33:00 PM,DISREGARDING STOP SIGN,FAILING TO REDUCE SPEED TO AVOID CRASH,6600,S,ASHLAND AVE,725,,,,,,,2,NONINCAPACITATING INJURY,3,0,0,2,1,3,0,19,7,8,41.7739190108,-87.6642139276,POINT (-87.664213927644 41.77391901084)
9c2b95cad133b35377b3d81fdd9c46efe62a5eb9105c3c0efb3769ce82c03d64d1fd1df534ca2a4e89f5db454977f882cfd9bb7df03b01dcdbb67ccec91956ed,,08/16/2025 07:31:00 PM,30,STOP SIGN/FLASHER,FUNCTIONING PROPERLY,RAIN,DUSK,ANGLE,FOUR WAY,,STRAIGHT AND LEVEL,WET,NO DEFECTS,,INJURY AND / OR TOW DUE TO CRASH,Y,,,"OVER $1,500",08/16/2025 07:36:00 PM,UNABLE TO DETERMINE,UNABLE TO DETERMINE,3032,W,ADDISON ST,1733,,,,,,,2,NO INDICATION OF INJURY,0,0,0,0,0,2,0,19,7,8,41.9467603895,-87.7042904868,POINT (-87.70429048685 41.946760389454)
3b5f43b0d6c8563afcbf7ea26b2ff15895bf7587929a721eca659bc460447a8155636b790f72c91f4d73b44f84e5dc48e40ea136f7527fa8715e0cf70f4fd3d9,,08/16/2025 07:30:00 PM,20,NO CONTROLS,NO CONTROLS,RAIN,DARKNESS,PARKED MOTOR VEHICLE,ONE-WAY,,STRAIGHT AND LEVEL,WET,NO DEFECTS,ON SCENE,INJURY AND / OR TOW DUE TO CRASH,,,,"OVER $1,500",08/16/2025 08:09:00 PM,PASSING STOPPED SCHOOL BUS,UNABLE TO DETERMINE,2812,S,CHRISTIANA AVE,1032,,,,,,,2,NONINCAPACITATING INJURY,1,0,0,1,0,0,0,19,7,8,41.8403825906,-87.7087243131,POINT (-87.708724313062 41.84038259064)
ecea959662e0d28455e2de18c341313c65f90c6d2e6c7cef438e836a99db79705729c50cdcba597203a1e9110812e3115b9c3abf0f0892625ce7e9fb63fe1226,,08/16/2025 07:03:00 PM,30,STOP SIGN/FLASHER,FUNCTIONING PROPERLY,RAIN,"DARKNESS, LIGHTED ROAD",ANGLE,T-INTERSECTION,,STRAIGHT AND LEVEL,WET,NO DEFECTS,ON SCENE,NO INJURY / DRIVE AWAY,Y,,,"$501 - $1,500",08/16/2025 07:03:00 PM,NOT APPLICABLE,NOT APPLICABLE,727,N,MILWAUKEE AVE,1214,,,,,,,2,NO INDICATION OF INJURY,0,0,0,0,0,2,0,19,7,8,41.894888834,-87.6530939278,POINT (-87.653093927821 41.894888834044)
246005af54a936716c904f9d4aa4db3c7612aa728dee64b2384646ac89ac77497038501e1f77db9bf5cf4a9c0fbf9586555ffabd1ba44313c959337ee97038b6,,08/16/2025 07:00:00 PM,25,NO CONTROLS,NO CONTROLS,UNKNOWN,DAYLIGHT,PARKED MOTOR VEHICLE,ONE-WAY,,STRAIGHT AND LEVEL,UNKNOWN,NO DEFECTS,NOT ON SCENE (DESK REPORT),INJURY AND / OR TOW DUE TO CRASH,,,Y,"OVER $1,500",08/19/2025 11:10:00 AM,UNABLE TO DETERMINE,NOT APPLICABLE,5447,W,ADAMS ST,1522,,,,,,,2,NO INDICATION OF INJURY,0,0,0,0,0,1,0,19,7,8,41.8782783491,-87.7614953978,POINT (-87.761495397771 41.878278349122)
33cce060562dbb34f5e685a97f6dc513d0d0baf3c139f8677433568f9d8dafd86f832cf1c490bf35b0d1365c4715fa2d8096850c5efe515f53ecafe33e1598c9,,08/16/2025 07:00:00 PM,30,TRAFFIC SIGNAL,FUNCTIONING PROPERLY,CLOUDY/OVERCAST,DUSK,TURNING,FOUR WAY,,STRAIGHT AND LEVEL,DRY,NO DEFECTS,NOT ON SCENE (DESK REPORT),INJURY AND / OR TOW DUE TO CRASH,Y,,,"OVER $1,500",08/16/2025 07:45:00 PM,DRIVING SKILLS/KNOWLEDGE/EXPERIENCE,UNABLE TO DETERMINE,36,W,HURON ST,1832,,,,,,,2,"REPORTED, NOT EVIDENT",1,0,0,0,1,2,0,19,7,8,41.8949649963,-87.6296486731,POINT (-87.629648673112 41.894964996277)
59f556974e555cf5a962cbaba14c30b0a9a94bbbc04fc5154834897744900a325ce0abc3baad5a1f6d1db465a75626eec23100439dd995ce73b5fcc1778176a8,,08/16/2025 07:00:00 PM,30,NO CONTROLS,NO CONTROLS,CLEAR,"DARKNESS, LIGHTED ROAD",PARKED MOTOR VEHICLE,DIVIDED - W/MEDIAN (NOT RAISED),,STRAIGHT AND LEVEL,UNKNOWN,UNKNOWN,NOT ON SCENE (DESK REPORT),NO INJURY / DRIVE AWAY,,,Y,"$501 - $1,500",08/18/2025 10:11:00 AM,UNABLE TO DETERMINE,UNABLE TO DETERMINE,2742,W,DEVON AVE,2412,,,,,,,2,NO INDICATION OF INJURY,0,0,0,0,0,1,0,19,7,8,41.9976821157,-87.6989131591,POINT (-87.698913159107 41.997682115657)
98ef433e7b3d88c5f18519c8003a6a862236661d93d70940cc183ee07b4f9cee9398b220dd09df77cefc034b072453522ef7892f4b37e9315fe229a7e0e30a34,Y,08/16/2025 07:00:00 PM,30,NO CONTROLS,NO CONTROLS,CLEAR,DUSK,PARKED MOTOR VEHICLE,NOT DIVIDED,,STRAIGHT AND LEVEL,DRY,NO DEFECTS,NOT ON SCENE (DESK REPORT),NO INJURY / DRIVE AWAY,,,Y,"OVER $1,500",08/25/2025 08:59:00 PM,UNABLE TO DETERMINE,NOT APPLICABLE,1810,S,CENTRAL PARK AVE,1014,,,,,,,2,NO INDICATION OF INJURY,0,0,0,0,0,1,0,19,7,8,41.8567471935,-87.7152920475,POINT (-87.71529204746 41.856747193544)
b4b76ad8dd122674eb34330408a8b61c5fd1a4104f8e4bf1f48a73690cccaf0284bc164c512bf1b85ebbcdf814a37071153799cd43f9d50ba3cb7ea0a5626ee1,,08/16/2025 07:00:00 PM,30,TRAFFIC SIGNAL,UNKNOWN,UNKNOWN,UNKNOWN,REAR END,FOUR WAY,,STRAIGHT AND LEVEL,UNKNOWN,UNKNOWN,NOT ON SCENE (DESK REPORT),NO INJURY / DRIVE AWAY,,,,"OVER $1,500",08/16/2025 07:46:00 PM,UNABLE TO DETERMINE,NOT APPLICABLE,6900,S,WENTWORTH AVE,731,,,,,,,2,NO INDICATION OF INJURY,0,0,0,0,0,2,0,19,7,8,41.7689916,-87.6300074056,POINT (-87.630007405551 41.76899160004)
d13ffde79381f526c10512cec23c2db1a343d119bfbaa0aa828525da37aeec08f330510fdf6a21fd65d0d8ef76b9379d052887baa4ac29c5225ec44f38eb09a0,,08/16/2025 07:00:00 PM,15,NO CONTROLS,NO CONTROLS,CLOUDY/OVERCAST,DAYLIGHT,PARKED MOTOR VEHICLE,PARKING LOT,,STRAIGHT AND LEVEL,WET,NO DEFECTS,ON SCENE,NO INJURY / DRIVE AWAY,,,,"$501 - $1,500",08/16/2025 07:33:00 PM,UNABLE TO DETERMINE,UNABLE TO DETERMINE,2011,W,63RD ST,726,,,,,,,2,NO INDICATION OF INJURY,0,0,0,0,0,2,0,19,7,8,41.779199342,-87.6744184312,POINT (-87.674418431155 41.77919934204)
fee5747b3b5321693e2b1a3c26362008a1c543a0e7b9d306d7e273a30a297d9f85762b96d353ed376dead542bf4f7ef6a86b63463186ced4e46ccfe4cc56ad7a,,08/16/2025 07:00:00 PM,15,NO CONTROLS,NO CONTROLS,RAIN,DARKNESS,PARKED MOTOR VEHICLE,PARKING LOT,,STRAIGHT AND LEVEL,WET,NO DEFECTS,NOT ON SCENE (DESK REPORT),NO INJURY / DRIVE AWAY,,,Y,"OVER $1,500",08/16/2025 07:40:00 PM,UNABLE TO DETERMINE,UNABLE TO DETERMINE,1940,W,33RD ST,912,,,,,,,2,NO INDICATION OF INJURY,0,0,0,0,0,1,0,19,7,8,41.8341473875,-87.6745978564,POINT (-87.674597856436 41.834147387528)
3dc7d33fa04454971ef491f4b42eeafa6c59941382ed5a7395c8045db288a130ce782e1e2b74f59ea6532514d0bdaebf5ac778fe2f03bd2e860ee905cf76a2eb,,08/16/2025 06:57:00 PM,30,NO CONTROLS,NO CONTROLS,RAIN,DAYLIGHT,REAR END,NOT DIVIDED,,STRAIGHT AND LEVEL,WET,NO DEFECTS,ON SCENE,INJURY AND / OR TOW DUE TO CRASH,,,,"OVER $1,500",08/16/2025 08:50:00 PM,WEATHER,WEATHER,1950,E,95TH ST,413,,,,,,,2,NONINCAPACITATING INJURY,5,0,0,5,0,1,0,18,7,8,41.7225743767,-87.5757561307,POINT (-87.575756130673 41.722574376737)
3c825985ee02f992050584a1fd90a24da79e9ea059e01e9b92e029251950d331d329ec57d80430bd045f65ae2a391dc11214a59b8d6d863dc2876d77cfe6bbce,,08/16/2025 06:55:00 PM,30,NO CONTROLS,NO CONTROLS,RAIN,DUSK,TURNING,NOT DIVIDED,,STRAIGHT AND LEVEL,WET,UNKNOWN,ON SCENE,INJURY AND / OR TOW DUE TO CRASH,Y,,,"OVER $1,500",08/16/2025 07:26:00 PM,FAILING TO YIELD RIGHT-OF-WAY,UNABLE TO DETERMINE,5815,W,BELDEN AVE,2515,,,,,,,2,"REPORTED, NOT EVIDENT",1,0,0,0,1,3,0,18,7,8,41.9219628295,-87.7713933871,POINT (-87.771393387115 41.921962829468)
106d5ef7faabc49e10469a28ff0564056bf9c9d3dfd3848242a5a1ddd1297acd9cd18c3b267059b37a8240cec318094cda4f13f447cf40e6c94ba1f51999bbe7,,08/16/2025 06:50:00 PM,30,NO CONTROLS,NO CONTROLS,CLEAR,DAYLIGHT,TURNING,NOT DIVIDED,,STRAIGHT AND LEVEL,DRY,NO DEFECTS,NOT ON SCENE (DESK REPORT),NO INJURY / DRIVE AWAY,,,Y,"OVER $1,500",08/16/2025 07:00:00 PM,IMPROPER TURNING/NO SIGNAL,NOT APPLICABLE,8700,S,COTTAGE GROVE AVE,632,,,,,,,2,NO INDICATION OF INJURY,0,0,0,0,0,3,0,18,7,8,41.7366015585,-87.6049681002,POINT (-87.604968100168 41.736601558476)
719a8032a2519305cfe2b1cf056bf3d1cd4f667e09967c38c0a72d8697cd350e0b26d83a17728e4944bcb5d8d4ff02341ef91d56a391f0622b603c62c1543d09,,08/16/2025 06:40:00 PM,30,NO CONTROLS,NO CONTROLS,CLEAR,DAYLIGHT,TURNING,NOT DIVIDED,,STRAIGHT AND LEVEL,WET,NO DEFECTS,NOT ON SCENE (DESK REPORT),NO INJURY / DRIVE AWAY,,,,"OVER $1,500",08/16/2025 07:20:00 PM,FAILING TO YIELD RIGHT-OF-WAY,FAILING TO YIELD RIGHT-OF-WAY,4020,W,DIVISION ST,2534,,,,,,,2,NO INDICATION OF INJURY,0,0,0,0,0,2,0,18,7,8,41.9027654884,-87.7272866545,POINT (-87.727286654462 41.902765488421)
44f73d87995d7e11d340183a3b00deb3e4fd82953825fbeb3a302947bf304e64dd7bac6334730db44782813bf1aef40083e4e4e3e18acb750d672f227994a8dc,,08/16/2025 06:30:00 PM,30,TRAFFIC SIGNAL,FUNCTIONING PROPERLY,RAIN,"DARKNESS, LIGHTED ROAD",TURNING,FOUR WAY,,STRAIGHT AND LEVEL,WET,UNKNOWN,NOT ON SCENE (DESK REPORT),NO INJURY / DRIVE AWAY,Y,,,"OVER $1,500",08/16/2025 06:45:00 PM,TURNING RIGHT ON RED,NOT APPLICABLE,6902,S,HALSTED ST,733,,,,,,,2,NO INDICATION OF INJURY,0,0,0,0,0,2,0,18,7,8,41.7686877779,-87.6446499424,POINT (-87.644649942363 41.768687777949)
7fbe6b84e92c87c4298e54b84530ed3be5303a997d7f896f3fa4d1d8f62f71077e873803211678307dbe228c4edc6f24f6831659a408167ec0516585a63da179,,08/16/2025 06:30:00 PM,35,NO CONTROLS,NO CONTROLS,RAIN,DAYLIGHT,REAR END,DIVIDED - W/MEDIAN (NOT RAISED),,STRAIGHT AND LEVEL,WET,NO DEFECTS,NOT ON SCENE (DESK REPORT),NO INJURY / DRIVE AWAY,,,,"OVER $1,500",08/18/2025 03:00:00 PM,FOLLOWING TOO CLOSELY,NOT APPLICABLE,1664,W,DIVISION ST,1424,,,,,,,2,NO INDICATION OF INJURY,0,0,0,0,0,2,0,18,7,8,41.9034150774,-87.6699714414,POINT (-87.669971441408 41.903415077446)
840f28b7497199bf7f62045c6bac2f2b6c68edba8095a1a7e9fff79daba656e8b62e743de1c4146822def1b465f91746d34022a74bb8b36a4db44e9c4ad4073f,,08/16/2025 06:30:00 PM,30,NO CONTROLS,NO CONTROLS,RAIN,DAYLIGHT,SIDESWIPE SAME DIRECTION,DIVIDED - W/MEDIAN BARRIER,,STRAIGHT AND LEVEL,WET,UNKNOWN,NOT ON SCENE (DESK REPORT),NO INJURY / DRIVE AWAY,,,,"OVER $1,500",08/16/2025 07:00:00 PM,NOT APPLICABLE,NOT APPLICABLE,900,N,MICHIGAN AVE,1833,,,,,,,2,NO INDICATION OF INJURY,0,0,0,0,0,3,0,18,7,8,41.899248597,-87.6242749782,POINT (-87.624274978205 41.899248597036)
86cde67462bb15498b6aafb5923f2a27475b9c09ceed7c2e8fb57811ae08a09adb95e8b6d4b4918720f3073c12f8b2f78eb28b800ee3d5428425390abf110ccf,,08/16/2025 06:30:00 PM,40,NO CONTROLS,NO CONTROLS,RAIN,DAYLIGHT,REAR END,DIVIDED - W/MEDIAN BARRIER,,STRAIGHT AND LEVEL,WET,UNKNOWN,NOT ON SCENE (DESK REPORT),NO INJURY / DRIVE AWAY,,,,"OVER $1,500",08/16/2025 07:40:00 PM,FOLLOWING TOO CLOSELY,WEATHER,475,N,LAKE SHORE DR NB,1834,,,,,,,2,NO INDICATION OF INJURY,0,0,0,0,0,2,0,18,7,8,41.8905468123,-87.6137467923,POINT (-87.613746792261 41.890546812282)
ca3fa088a8c5a28d4ceb72933c92522a84a8e358dc1dba9230606a868b3585fcc12e6394b87efdbf5596d7371b2df53abd074546788e3fa6ad11218e4055c69e,,08/16/2025 06:30:00 PM,30,TRAFFIC SIGNAL,FUNCTIONING PROPERLY,RAIN,DAYLIGHT,REAR END,FOUR WAY,,STRAIGHT AND LEVEL,WET,WORN SURFACE,ON SCENE,NO INJURY / DRIVE AWAY,Y,,,"OVER $1,500",08/16/2025 06:35:00 PM,WEATHER,WEATHER,3558,S,KEDZIE AVE,911,,,,,,,2,NO INDICATION OF INJURY,0,0,0,0,0,5,0,18,7,8,41.8281142999,-87.7046956553,POINT (-87.704695655282 41.828114299889)
1b8bfa6043dab2965fe0f8e79d4f4e9faea6ea24afa7604b3ea6aa8a5032650d711a986dd3b56052785d14f8af4b9b9a3759b9f39790acf66130740d1650ac19,,08/16/2025 06:25:00 PM,30,NO CONTROLS,NO CONTROLS,RAIN,DAYLIGHT,TURNING,NOT DIVIDED,,STRAIGHT AND LEVEL,WET,NO DEFECTS,NOT ON SCENE (DESK REPORT),NO INJURY / DRIVE AWAY,Y,,,"OVER $1,500",08/16/2025 07:00:00 PM,UNABLE TO DETERMINE,UNABLE TO DETERMINE,4011,W,DIVISION ST,1111,,,,,,,2,NO INDICATION OF INJURY,0,0,0,0,0,2,0,18,7,8,41.902551695,-87.7268217454,POINT (-87.726821745445 41.902551695038)
f09301edcaf2a6d541ce97734fca4443e63a475467c884c7c3e776b127071dbe6f33b11feb77cc1f62738f171dad41b6fbdef5dab4fe1dd8dbd081504090eda4,,08/16/2025 06:15:00 PM,30,NO CONTROLS,NO CONTROLS,RAIN,DAWN,TURNING,DIVIDED - W/MEDIAN (NOT RAISED),,STRAIGHT AND LEVEL,WET,NO DEFECTS,ON SCENE,NO INJURY / DRIVE AWAY,,,Y,"OVER $1,500",08/16/2025 07:15:00 PM,FAILING TO YIELD RIGHT-OF-WAY,FAILING TO YIELD RIGHT-OF-WAY,3539,W,26TH ST,1032,,,,,,,2,NO INDICATION OF INJURY,0,0,0,0,0,2,0,18,7,8,41.8442870065,-87.7138796714,POINT (-87.713879671407 41.844287006466)
e1ee5605a68ab90004640709cafe9858187c75358a44cbfeab206f3f4a313a0f8cf35390b5fdd37e87713bcda03de14b78a7ae05cc2354f21dcdb134e79021a1,,08/16/2025 06:10:00 PM,30,TRAFFIC SIGNAL,NO CONTROLS,CLEAR,DAYLIGHT,TURNING,DIVIDED - W/MEDIAN (NOT RAISED),,STRAIGHT AND LEVEL,WET,UNKNOWN,NOT ON SCENE (DESK REPORT),NO INJURY / DRIVE AWAY,Y,,,"OVER $1,500",08/16/2025 07:40:00 PM,IMPROPER OVERTAKING/PASSING,NOT APPLICABLE,7600,S,COTTAGE GROVE AVE,624,,,,,,,2,NO INDICATION OF INJURY,0,0,0,0,0,3,0,18,7,8,41.7566635775,-87.6054873662,POINT (-87.605487366182 41.756663577514)
d7aae8b8d1961843d92557d178f75c74b9f5682dd0b7f13110b405c344c6377732a891bffcb4835d562f4847cdae445317aa2410e7f7afbe91c1a8bd9e758ef6,,08/16/2025 06:05:00 PM,30,TRAFFIC SIGNAL,FUNCTIONING PROPERLY,RAIN,DAYLIGHT,SIDESWIPE SAME DIRECTION,DIVIDED - W/MEDIAN (NOT RAISED),,STRAIGHT AND LEVEL,WET,NO DEFECTS,NOT ON SCENE (DESK REPORT),NO INJURY / DRIVE AWAY,,,Y,"OVER $1,500",08/16/2025 06:40:00 PM,DRIVING SKILLS/KNOWLEDGE/EXPERIENCE,NOT APPLICABLE,350,W,BELMONT AVE,1925,,,,,,,2,NO INDICATION OF INJURY,0,0,0,0,0,2,0,18,7,8,41.940297326,-87.6390742223,POINT (-87.639074222297 41.940297326019)
0285bc5bf792c19d9859a32ad46f71d81e01007e04f0e9c09b8a8e2747d1cdd3b60d3dc460826e88094560b1b7c775f5c4809c01afb01f7c6e7197624f6176a1,Y,08/16/2025 06:00:00 PM,25,NO CONTROLS,NO CONTROLS,UNKNOWN,UNKNOWN,PARKED MOTOR VEHICLE,PARKING LOT,,STRAIGHT AND LEVEL,UNKNOWN,UNKNOWN,NOT ON SCENE (DESK REPORT),NO INJURY / DRIVE AWAY,,Y,Y,"OVER $1,500",08/20/2025 01:00:00 PM,UNABLE TO DETERMINE,UNABLE TO DETERMINE,16,E,HURON ST,1834,,,,,,,2,NO INDICATION OF INJURY,0,0,0,0,0,1,0,18,7,8,41.8949957274,-87.6274829525,POINT (-87.627482952531 41.894995727416)
33f445d73d96f99af0e51f931eff31f8ec99889fa429501c736b3559a5bc993dd60c727e9c5c7c7df845cbf098fb52c2ff9d5314cdff9ef950b2d088cf750168,,08/16/2025 06:00:00 PM,30,STOP SIGN/FLASHER,FUNCTIONING PROPERLY,RAIN,DAYLIGHT,ANGLE,FOUR WAY,,STRAIGHT AND LEVEL,WET,NO DEFECTS,,NO INJURY / DRIVE AWAY,Y,,,$500 OR LESS,08/16/2025 06:10:00 PM,FAILING TO YIELD RIGHT-OF-WAY,UNABLE TO DETERMINE,1800,S,JEFFERSON ST,1235,,,,,,,2,NO INDICATION OF INJURY,0,0,0,0,0,2,0,18,7,8,41.8575761087,-87.6420089716,POINT (-87.642008971645 41.857576108665)
552bacdba0a1251da5c8eb9c371758115c6972291f5f35ac4bed8c63f774efeab18fea541a44faeb620e04b7ff8508d91f2020f689e73abb3066a55dbf513e39,,08/16/2025 06:00:00 PM,30,TRAFFIC SIGNAL,FUNCTIONING PROPERLY,RAIN,DAYLIGHT,REAR END,NOT DIVIDED,,STRAIGHT AND LEVEL,WET,NO DEFECTS,NOT ON SCENE (DESK REPORT),NO INJURY / DRIVE AWAY,Y,,Y,"OVER $1,500",08/16/2025 06:36:00 PM,FOLLOWING TOO CLOSELY,DRIVING SKILLS/KNOWLEDGE/EXPERIENCE,2350,W,ARMITAGE AVE,1432,,,,,,,2,NO INDICATION OF INJURY,0,0,0,0,0,3,0,18,7,8,41.9176785065,-87.6871652483,POINT (-87.687165248294 41.917678506489)
84b2bdd910f436bc2b534f58ccd178af220de7c9d9fd3c125fd4444412b750bb344e27b9453a0f07f6bcb1bd50171627b5ae0e0bc8e8f40d7104e15d72cb98e4,,08/16/2025 06:00:00 PM,30,NO CONTROLS,NO CONTROLS,RAIN,DAYLIGHT,REAR END,NOT DIVIDED,,STRAIGHT AND LEVEL,WET,NO DEFECTS,NOT ON SCENE (DESK REPORT),NO INJURY / DRIVE AWAY,,,,"OVER $1,500",08/16/2025 07:15:00 PM,FOLLOWING TOO CLOSELY,FOLLOWING TOO CLOSELY,3112,N,WESTERN AVE,1931,,,,,,,2,NO INDICATION OF INJURY,0,0,0,0,0,3,0,18,7,8,41.9380201423,-87.6882924404,POINT (-87.688292440401 41.938020142261)
fce58322691ae93a8e4c4daaf732204fba352bd4809ebec79f0e5d7189b33eb945c82fcfe5e29a92f7a324507180cf1b394077cbb10c54a181eb4c469a359b50,,08/16/2025 06:00:00 PM,35,NO CONTROLS,NO CONTROLS,RAIN,DAYLIGHT,HEAD ON,NOT DIVIDED,,STRAIGHT AND LEVEL,WET,NO DEFECTS,ON SCENE,INJURY AND / OR TOW DUE TO CRASH,Y,,,"OVER $1,500",08/16/2025 06:02:00 PM,EQUIPMENT - VEHICLE CONDITION,NOT APPLICABLE,498,E,71ST ST,322,,,,,,,2,INCAPACITATING INJURY,2,0,1,0,1,1,0,18,7,8,41.7658609639,-87.6129087423,POINT (-87.612908742319 41.765860963856)
11f9e2ac2d79b562fc764f4de5c2f0abf2ef5fa9f2539d4e2affa83625d8aaebe18c80f7bdbecfd232b458ef26915139f2b392b6ad09a2d83b772c0c29405a5f,,08/16/2025 05:54:00 PM,30,TRAFFIC SIGNAL,FUNCTIONING PROPERLY,RAIN,DUSK,SIDESWIPE SAME DIRECTION,T-INTERSECTION,,STRAIGHT AND LEVEL,WET,NO DEFECTS,ON SCENE,NO INJURY / DRIVE AWAY,Y,,Y,$500 OR LESS,08/16/2025 05:54:00 PM,UNABLE TO DETERMINE,UNABLE TO DETERMINE,1001,N,SPAULDING AVE,1121,,,,,,,2,NO INDICATION OF INJURY,0,0,0,0,0,2,0,17,7,8,41.8994191658,-87.7091914701,POINT (-87.709191470052 41.899419165846)
34c87335d05b2d24a5d0e359c4fa728acaff6a9dc4958e19eee4d62ce8ce826d596ad8ded1630230c99e48ad3c7166d3038381ddbd0fe631a140a4f4be0009c4,,08/16/2025 05:52:00 PM,30,TRAFFIC SIGNAL,FUNCTIONING PROPERLY,CLOUDY/OVERCAST,DAYLIGHT,TURNING,FOUR WAY,,STRAIGHT AND LEVEL,WET,UNKNOWN,ON SCENE,INJURY AND / OR TOW DUE TO CRASH,Y,,,"OVER $1,500",08/16/2025 06:45:00 PM,IMPROPER TURNING/NO SIGNAL,NOT APPLICABLE,10200,W,BALMORAL AVE,1654,,,,,,,2,NO INDICATION OF INJURY,0,0,0,0,0,2,0,17,7,8,,,
d17178fe7ba0072107adf78ce4dc2fa08d838fcd580663df7619d192d0c6db48812d9e9a5d5e6e5b15c24306cdc63ea9f4ed7adaa716ed92b3f91d23e0be785b,,08/16/2025 05:50:00 PM,30,NO CONTROLS,NO CONTROLS,CLEAR,DAYLIGHT,SIDESWIPE SAME DIRECTION,ROUNDABOUT,,STRAIGHT AND LEVEL,UNKNOWN,UNKNOWN,NOT ON SCENE (DESK REPORT),NO INJURY / DRIVE AWAY,,,Y,"OVER $1,500",08/16/2025 06:49:00 PM,UNABLE TO DETERMINE,NOT APPLICABLE,5531,S,DR MARTIN LUTHER KING JR DR,233,,,,,,,2,NO INDICATION OF INJURY,0,0,0,0,0,2,0,17,7,8,41.7935330642,-87.6158030549,POINT (-87.615803054868 41.793533064163)
42dd9a5666f2190f299e61683f0fdadd199b927c03aa54c9ab4186bf8219311832c44bf9499a2dfab941321dcaae45677a25ba9bf179b9a34f71ff6389ffa955,,08/16/2025 05:48:00 PM,25,TRAFFIC SIGNAL,FUNCTIONING PROPERLY,RAIN,DUSK,TURNING,NOT DIVIDED,,STRAIGHT AND LEVEL,WET,NO DEFECTS,ON SCENE,NO INJURY / DRIVE AWAY,,,,"OVER $1,500",08/16/2025 05:51:00 PM,DRIVING SKILLS/KNOWLEDGE/EXPERIENCE,PHYSICAL CONDITION OF DRIVER,5001,N,SHERIDAN RD,2024,,,,,,,2,NO INDICATION OF INJURY,0,0,0,0,0,5,0,17,7,8,41.9733641763,-87.6547824387,POINT (-87.654782438702 41.973364176256)