CRASH_RECORD_ID,CRASH_DATE_EST_I,CRASH_DATE,POSTED_SPEED_LIMIT,TRAFFIC_CONTROL_DEVICE,DEVICE_CONDITION,WEATHER_CONDITION,LIGHTING_CONDITION,FIRST_CRASH_TYPE,TRAFFICWAY_TYPE,LANE_CNT,ALIGNMENT,ROADWAY_SURFACE_COND,ROAD_DEFECT,REPORT_TYPE,CRASH_TYPE,INTERSECTION_RELATED_I,NOT_RIGHT_OF_WAY_I,HIT_AND_RUN_I,DAMAGE,DATE_POLICE_NOTIFIED,PRIM_CONTRIBUTORY_CAUSE,SEC_CONTRIBUTORY_CAUSE,STREET_NO,STREET_DIRECTION,STREET_NAME,BEAT_OF_OCCURRENCE,PHOTOS_TAKEN_I,STATEMENTS_TAKEN_I,DOORING_I,WORK_ZONE_I,WORK_ZONE_TYPE,WORKERS_PRESENT_I,NUM_UNITS,MOST_SEVERE_INJURY,INJURIES_TOTAL,INJURIES_FATAL,INJURIES_INCAPACITATING,INJURIES_NON_INCAPACITATING,INJURIES_REPORTED_NOT_EVIDENT,INJURIES_NO_INDICATION,INJURIES_UNKNOWN,CRASH_HOUR,CRASH_DAY_OF_WEEK,CRASH_MONTH,LATITUDE,LONGITUDE,LOCATION
66fc0c5560dbb8322f8f01626ae5c4667f2f267c5df0e9aefe8d8b82d0464aeda36fe6645cdebe84c857ea6686220c0b967e2efa11accaf87ffa3a38d7ce15cf,,08/16/2025 05:45:00 PM,30,TRAFFIC SIGNAL,FUNCTIONING PROPERLY,RAIN,"DARKNESS, LIGHTED ROAD",REAR END,FOUR WAY,,STRAIGHT AND LEVEL,WET,NO DEFECTS,NOT ON SCENE (DESK REPORT),NO INJURY / DRIVE AWAY,Y,,,"$501 - $1,500",08/16/2025 06:16:00 PM,UNABLE TO DETERMINE,NOT APPLICABLE,3556,W,FOSTER AVE,1712,,,,,,,2,NO INDICATION OF INJURY,0,0,0,0,0,2,0,17,7,8,41.975750377,-87.7181825378,POINT (-87.718182537766 41.975750376966)
94d4b47daf44dc53a336cdeffda64049795282c2cbc3c8dc26ea54f563bb0849f60f63ba461aa3a66e8ee1444808dabeb95ad9371ced5ce6391d360b49d2eae5,,08/16/2025 05:45:00 PM,30,STOP SIGN/FLASHER,FUNCTIONING PROPERLY,RAIN,DUSK,PEDALCYCLIST,FOUR WAY,,STRAIGHT AND LEVEL,WET,NO DEFECTS,ON SCENE,INJURY AND / OR TOW DUE TO CRASH,Y,,,$500 OR LESS,08/16/2025 05:45:00 PM,NOT APPLICABLE,NOT APPLICABLE,424,N,MC CLURG CT,1834,,,,,,,2,"REPORTED, NOT EVIDENT",1,0,0,0,1,1,0,17,7,8,41.8894882678,-87.6177670275,POINT (-87.617767027456 41.889488267803)
9807ff94ef98044b9f9759a282a023e107727e2b4e4777dad9d21923455b48d770223ce98e67addb121e51591c26b2cfb521312f5e16c84f295383ebd89cefab,,08/16/2025 05:45:00 PM,30,NO CONTROLS,NO CONTROLS,RAIN,DAYLIGHT,REAR END,DIVIDED - W/MEDIAN (NOT RAISED),,STRAIGHT AND LEVEL,WET,UNKNOWN,NOT ON SCENE (DESK REPORT),NO INJURY / DRIVE AWAY,,,,"OVER $1,500",08/16/2025 06:30:00 PM,FOLLOWING TOO CLOSELY,FAILING TO REDUCE SPEED TO AVOID CRASH,1543,W,NORTH AVE,1433,,,,,,,2,NO INDICATION OF INJURY,0,0,0,0,0,2,0,17,7,8,41.910531194,-87.6669679371,POINT (-87.666967937125 41.910531193959)
656325873f70f99c7dd070c0d22318d5c0de9b30993c91400a389601d2051b564cfcb2b96151e3ed1e6f038ec5121685158a85cad8de84ce8e62f37c2fa8065f,,08/16/2025 05:40:00 PM,30,UNKNOWN,UNKNOWN,UNKNOWN,UNKNOWN,REAR END,NOT DIVIDED,,STRAIGHT AND LEVEL,UNKNOWN,UNKNOWN,NOT ON SCENE (DESK REPORT),NO INJURY / DRIVE AWAY,,,,$500 OR LESS,08/18/2025 04:00:00 PM,UNABLE TO DETERMINE,UNABLE TO DETERMINE,5100,N,ASHLAND AVE,2032,,,,,,,2,NO INDICATION OF INJURY,0,0,0,0,0,2,0,17,7,8,41.9743841669,-87.669724282,POINT (-87.669724281976 41.974384166927)
d98cf5b4d1db7308f41d2b6590869a98c4cfe129937ce498406c5914772e93e97871ed09d681690d692a2546e4414a3d4b605374bd9e1c6962d05c4a23de6cc3,,08/16/2025 05:40:00 PM,20,OTHER,OTHER,RAIN,DAWN,PARKED MOTOR VEHICLE,NOT DIVIDED,,STRAIGHT AND LEVEL,WET,UNKNOWN,ON SCENE,NO INJURY / DRIVE AWAY,,,,"OVER $1,500",08/16/2025 05:48:00 PM,DRIVING SKILLS/KNOWLEDGE/EXPERIENCE,FAILING TO REDUCE SPEED TO AVOID CRASH,2439,N,GREENVIEW AVE,1932,,,,,,,2,NO INDICATION OF INJURY,0,0,0,0,0,2,0,17,7,8,41.9263724853,-87.6656331953,POINT (-87.665633195273 41.926372485313)
e0037f486cc8834e583d0cdc188f0985b088df863b6321e6af46db89952631659288087d5afcb6ea2ea1e3413125a0f6c0fcf2da2f236aaed84124446dd281bb,,08/16/2025 05:38:00 PM,30,NO CONTROLS,NO CONTROLS,CLEAR,DAYLIGHT,HEAD ON,ALLEY,,STRAIGHT AND LEVEL,DRY,NO DEFECTS,ON SCENE,NO INJURY / DRIVE AWAY,,,,"OVER $1,500",08/16/2025 05:47:00 PM,"OPERATING VEHICLE IN ERRATIC, RECKLESS, CARELESS, NEGLIGENT OR AGGRESSIVE MANNER","OPERATING VEHICLE IN ERRATIC, RECKLESS, CARELESS, NEGLIGENT OR AGGRESSIVE MANNER",6755,S,KARLOV AVE,833,,,,,,,2,NO INDICATION OF INJURY,0,0,0,0,0,3,0,17,7,8,41.7697296767,-87.7248259919,POINT (-87.724825991853 41.769729676676)
2a038f16e0f1cd424fce8136de1425736108ea303eeadb26c7c7945194afce73775face4f61efaebe929ab1745f4f79b9d7d59ada1e8490049a0d81327ac4fa2,,08/16/2025 05:35:00 PM,30,NO CONTROLS,NO CONTROLS,RAIN,DAYLIGHT,REAR END,DIVIDED - W/MEDIAN (NOT RAISED),,STRAIGHT AND LEVEL,WET,UNKNOWN,NOT ON SCENE (DESK REPORT),INJURY AND / OR TOW DUE TO CRASH,,,,"OVER $1,500",08/21/2025 10:00:00 AM,FAILING TO REDUCE SPEED TO AVOID CRASH,UNABLE TO DETERMINE,1912,W,FULLERTON AVE,1432,,,,,,,2,"REPORTED, NOT EVIDENT",1,0,0,0,1,1,0,17,7,8,41.9251554423,-87.6763715456,POINT (-87.676371545632 41.925155442281)
b162ac708c854973ce6cd1d2c461643081c3a52dcb7236add19da60531a2cad2043c8e414043d187f7973fc9fe0125785959f9723ba17e483e5b5b111fe5ec93,,08/16/2025 05:30:00 PM,45,NO CONTROLS,NO CONTROLS,RAIN,DAYLIGHT,REAR END,DIVIDED - W/MEDIAN (NOT RAISED),,STRAIGHT AND LEVEL,WET,NO DEFECTS,NOT ON SCENE (DESK REPORT),NO INJURY / DRIVE AWAY,,,,"OVER $1,500",08/16/2025 05:30:00 PM,WEATHER,UNABLE TO DETERMINE,2801,N,LAKE SHORE DR SB,1934,,,,,,,2,NO INDICATION OF INJURY,0,0,0,0,0,2,0,17,7,8,41.9326739472,-87.6317492981,POINT (-87.631749298125 41.932673947217)
e4a99ca79640f25c028cde08f67b0a22a22fc94496b1840baf9873b1f16d5463592c0ed1f2ed59c0a404fbbb7affa6cc7b2b552eee14872390b5d2ca4212e37b,,08/16/2025 05:30:00 PM,30,UNKNOWN,UNKNOWN,RAIN,DAYLIGHT,SIDESWIPE SAME DIRECTION,NOT DIVIDED,,STRAIGHT AND LEVEL,UNKNOWN,UNKNOWN,NOT ON SCENE (DESK REPORT),NO INJURY / DRIVE AWAY,,,,"OVER $1,500",08/16/2025 06:40:00 PM,UNABLE TO DETERMINE,UNABLE TO DETERMINE,1598,N,DEARBORN PKWY,1824,,,,,,,2,NO INDICATION OF INJURY,0,0,0,0,0,2,0,17,7,8,41.9111117405,-87.6303511238,POINT (-87.630351123827 41.911111740525)
6e855fffb7e115927e117c88114a66133665d77c66427180be6a105effedee0e9bec2c38f1d00d245b6e3d35b2f017f15b06557c9869bfbdd193fb27106b627e,,08/16/2025 05:20:00 PM,10,NO CONTROLS,NO CONTROLS,UNKNOWN,UNKNOWN,PARKED MOTOR VEHICLE,PARKING LOT,,STRAIGHT AND LEVEL,UNKNOWN,UNKNOWN,NOT ON SCENE (DESK REPORT),NO INJURY / DRIVE AWAY,,,,"OVER $1,500",08/18/2025 06:38:00 PM,IMPROPER BACKING,IMPROPER BACKING,6819,N,WAYNE AVE,2431,,,,,,,2,NO INDICATION OF INJURY,0,0,0,0,0,1,0,17,7,8,42.00606789,-87.6648263911,POINT (-87.66482639111 42.006067890001)
91ed0736431cec25ed58cc68ef1c628be462761360922c8f1625232bc603e23da35637d07fa2be0c56f6eeef6c0ff1130e76f1bf689077505565241356b9cc0c,,08/16/2025 05:11:00 PM,30,TRAFFIC SIGNAL,FUNCTIONING PROPERLY,RAIN,DAYLIGHT,PEDESTRIAN,NOT DIVIDED,,STRAIGHT AND LEVEL,WET,NO DEFECTS,ON SCENE,INJURY AND / OR TOW DUE TO CRASH,,,,"$501 - $1,500",08/16/2025 05:29:00 PM,FAILING TO YIELD RIGHT-OF-WAY,WEATHER,8298,W,BELMONT AVE,1631,,,,,,,2,NONINCAPACITATING INJURY,1,0,0,1,0,1,0,17,7,8,41.9377052572,-87.8335767126,POINT (-87.833576712649 41.937705257235)
2291b395ffab75a78152a04b1fbbe3009be26fde8660a23ab25aea38fce081676b722f9a9bda6cbddb58e7a330cad9e13c29491edf52954b699c297bd2ac0641,,08/16/2025 05:10:00 PM,30,NO CONTROLS,NO CONTROLS,RAIN,DAYLIGHT,SIDESWIPE SAME DIRECTION,NOT DIVIDED,,STRAIGHT AND LEVEL,WET,NO DEFECTS,NOT ON SCENE (DESK REPORT),NO INJURY / DRIVE AWAY,,,,"OVER $1,500",08/16/2025 07:00:00 PM,IMPROPER OVERTAKING/PASSING,UNABLE TO DETERMINE,1332,E,79TH ST,411,,,,,,,2,NO INDICATION OF INJURY,0,0,0,0,0,3,0,17,7,8,41.7515354319,-87.5917779005,POINT (-87.591777900485 41.751535431895)
56fe1736ba14b749d559cbe0df4646e8ec5519a31db9b2dcab2f72f4abc4e5d974deea50cf5c7855718b782240a7ba7779171c6accaaafe5895adfeca17b3478,,08/16/2025 05:10:00 PM,30,NO CONTROLS,NO CONTROLS,RAIN,DAYLIGHT,TURNING,DIVIDED - W/MEDIAN (NOT RAISED),,STRAIGHT AND LEVEL,WET,NO DEFECTS,ON SCENE,INJURY AND / OR TOW DUE TO CRASH,,,,"OVER $1,500",08/16/2025 05:14:00 PM,DRIVING ON WRONG SIDE/WRONG WAY,NOT APPLICABLE,3229,W,BELMONT AVE,1412,,,,,,,2,NO INDICATION OF INJURY,0,0,0,0,0,6,0,17,7,8,41.9392100697,-87.7088187145,POINT (-87.708818714455 41.939210069696)
6078db0f11e61a1f69f004ea77f6a5154f528c67ddd74602cde8ebbf48a59216c9b063fd07a6dcf2f1f8020a497d53f2f1b02653dcacbde4f169f25276c72b05,Y,08/16/2025 05:05:00 PM,10,STOP SIGN/FLASHER,FUNCTIONING PROPERLY,CLEAR,DAYLIGHT,PARKED MOTOR VEHICLE,NOT DIVIDED,,STRAIGHT AND LEVEL,DRY,NO DEFECTS,ON SCENE,INJURY AND / OR TOW DUE TO CRASH,,,,"$501 - $1,500",08/16/2025 05:10:00 PM,PHYSICAL CONDITION OF DRIVER,PHYSICAL CONDITION OF DRIVER,2504,W,64TH ST,825,,,,,,,2,NONINCAPACITATING INJURY,1,0,0,1,0,0,0,17,7,8,41.7775110573,-87.686284353,POINT (-87.686284352972 41.777511057304)
34034a3ca312bb09005f44099a70049b366eb8b92bad88e24a2c09135dcf454084b034f0e500a6d36e9fc93000a808deb96c1600e9a8d66c4d7606fa7e34289c,,08/16/2025 05:00:00 PM,30,TRAFFIC SIGNAL,FUNCTIONING PROPERLY,CLEAR,DAYLIGHT,REAR END,DIVIDED - W/MEDIAN (NOT RAISED),,STRAIGHT AND LEVEL,DRY,NO DEFECTS,ON SCENE,INJURY AND / OR TOW DUE TO CRASH,,,Y,"OVER $1,500",08/16/2025 05:08:00 PM,FOLLOWING TOO CLOSELY,NOT APPLICABLE,3498,S,WESTERN BLVD,911,,,,,,,3,NONINCAPACITATING INJURY,1,0,0,1,0,2,0,17,7,8,41.8303028264,-87.6846064163,POINT (-87.684606416323 41.830302826429)
82bf7fe34a17dde525bc57b9275466e8aeeaaf2d4cf119e6285356dc42ece9f2c75f62a5d186ec065e3a67e8bb5a10ab2c4baa94221f5277e502db3a13eebe22,,08/16/2025 05:00:00 PM,25,NO CONTROLS,NO CONTROLS,RAIN,DAYLIGHT,REAR END,NOT DIVIDED,,STRAIGHT AND LEVEL,WET,NO DEFECTS,NOT ON SCENE (DESK REPORT),NO INJURY / DRIVE AWAY,,,,"OVER $1,500",08/18/2025 05:19:00 PM,NOT APPLICABLE,NOT APPLICABLE,2342,W,WILSON AVE,1911,,,,,,,2,NO INDICATION OF INJURY,0,0,0,0,0,2,0,17,7,8,41.9649959896,-87.6878929899,POINT (-87.687892989947 41.964995989576)
8b33c80de7063cb0bf006049e811b491ea67c183f0f57d9ce18981c68ed2950c0f0516c1cc08321aad4dcc8366b7e4fbfa0a996a2304834dcd4ca16765e792c0,,08/16/2025 05:00:00 PM,30,TRAFFIC SIGNAL,FUNCTIONING PROPERLY,CLEAR,DAYLIGHT,REAR END,FOUR WAY,,STRAIGHT AND LEVEL,DRY,NO DEFECTS,NOT ON SCENE (DESK REPORT),NO INJURY / DRIVE AWAY,Y,,,"OVER $1,500",08/16/2025 06:11:00 PM,UNABLE TO DETERMINE,UNABLE TO DETERMINE,6300,S,COAST GUARD DR,331,,,,,,,3,NO INDICATION OF INJURY,0,0,0,0,0,3,0,17,7,8,41.7796807607,-87.575066734,POINT (-87.575066733953 41.77968076067)
e1fb55c98f92476563699b61f7d88ff1ddb7276bfcb4d29eef382f6135c1306cab62a0159dbf08287ddea2fdf4a3c6692fea1694daa6fd54d0c91689907dbeb8,Y,08/16/2025 05:00:00 PM,30,TRAFFIC SIGNAL,FUNCTIONING PROPERLY,CLEAR,DAWN,REAR END,FOUR WAY,,STRAIGHT AND LEVEL,DRY,NO DEFECTS,ON SCENE,INJURY AND / OR TOW DUE TO CRASH,Y,,Y,"OVER $1,500",08/16/2025 05:00:00 PM,FAILING TO REDUCE SPEED TO AVOID CRASH,NOT APPLICABLE,9900,S,HALSTED ST,2232,,,,,,,2,NONINCAPACITATING INJURY,1,0,0,1,0,1,0,17,7,8,41.7141188681,-87.6431454082,POINT (-87.643145408182 41.71411886809)
f48e1c25140680c15e0f39cc5b496bd003c2ec16f571ba3ef9b2d61d441c5fe4c8ac335416f8da760c2dae3b6b2f9dca113068be5f509f7cfae73fe6293d2fdf,,08/16/2025 05:00:00 PM,30,NO CONTROLS,NO CONTROLS,CLEAR,DAYLIGHT,PARKED MOTOR VEHICLE,NOT DIVIDED,,STRAIGHT AND LEVEL,DRY,NO DEFECTS,NOT ON SCENE (DESK REPORT),NO INJURY / DRIVE AWAY,,,Y,"$501 - $1,500",08/17/2025 07:00:00 PM,UNABLE TO DETERMINE,NOT APPLICABLE,3144,W,DEVON AVE,2412,,,,,,,2,NO INDICATION OF INJURY,0,0,0,0,0,1,0,17,7,8,41.9975096366,-87.7087156096,POINT (-87.708715609551 41.997509636593)
984ef9ab05f87247260caae838d8538800096c6c5e203dbd85140b0a01f3d5bb33e0e424956b32010d86a8601adada3c8a89c087c2c5d76987f4a60a03dbc27d,,08/16/2025 04:51:00 PM,30,NO CONTROLS,NO CONTROLS,CLEAR,DAYLIGHT,PARKED MOTOR VEHICLE,DIVIDED - W/MEDIAN (NOT RAISED),,STRAIGHT AND LEVEL,DRY,NO DEFECTS,NOT ON SCENE (DESK REPORT),NO INJURY / DRIVE AWAY,,,Y,"OVER $1,500",08/16/2025 11:00:00 PM,FAILING TO YIELD RIGHT-OF-WAY,UNABLE TO DETERMINE,1330,N,DEARBORN ST,1824,,,,,,,2,NO INDICATION OF INJURY,0,0,0,0,0,1,0,16,7,8,41.9066873142,-87.6302165986,POINT (-87.630216598589 41.90668731423)
223af1fc946ba25d75b0bb2f4ead1b401e3b114584ede5fa0a24de4348916814671f05fc2365a6586bf57d1d28b62ce245a69950dfd72caceab4ba143f605625,,08/16/2025 04:45:00 PM,30,NO CONTROLS,NO CONTROLS,CLOUDY/OVERCAST,DAYLIGHT,REAR END,OTHER,,STRAIGHT AND LEVEL,DRY,NO DEFECTS,NOT ON SCENE (DESK REPORT),NO INJURY / DRIVE AWAY,,,,"$501 - $1,500",08/16/2025 05:12:00 PM,IMPROPER BACKING,NOT APPLICABLE,5800,S,SACRAMENTO AVE,824,,,,,,,2,NO INDICATION OF INJURY,0,0,0,0,0,2,0,16,7,8,41.7880512007,-87.6986671021,POINT (-87.698667102142 41.788051200697)
8d6ba59eb8536743cfa85ff785f28ecccdc9b745354ae098b060ae1ab86ad7733aeb9032f84fb89716f0456af1bf4998cf04e30cbf73da05f8503f0901b7423a,,08/16/2025 04:40:00 PM,30,NO CONTROLS,NO CONTROLS,CLEAR,DAYLIGHT,PARKED MOTOR VEHICLE,DIVIDED - W/MEDIAN (NOT RAISED),,STRAIGHT AND LEVEL,DRY,UNKNOWN,ON SCENE,NO INJURY / DRIVE AWAY,,,,"OVER $1,500",08/16/2025 04:40:00 PM,UNABLE TO DETERMINE,UNABLE TO DETERMINE,2226,E,71ST ST,331,,,,,,,2,NO INDICATION OF INJURY,0,0,0,0,0,2,0,16,7,8,41.7664070136,-87.5703149981,POINT (-87.570314998136 41.766407013633)
f4428a2e5036aa434b15a966595482a1121e5afc7a50ecd6380b4114c9e03ccc3d7e34f26b552f5a8a2ce772755cf8cb098331a7f89ff5c5cdaea550df75bcb4,,08/16/2025 04:35:00 PM,30,TRAFFIC SIGNAL,FUNCTIONING PROPERLY,CLOUDY/OVERCAST,DAYLIGHT,REAR END,NOT DIVIDED,,STRAIGHT AND LEVEL,DRY,UNKNOWN,NOT ON SCENE (DESK REPORT),NO INJURY / DRIVE AWAY,,,,"OVER $1,500",08/16/2025 05:06:00 PM,NOT APPLICABLE,FAILING TO REDUCE SPEED TO AVOID CRASH,228,N,LARAMIE AVE,1523,,,,,,,2,NO INDICATION OF INJURY,0,0,0,0,0,2,0,16,7,8,41.8852571489,-87.7553923216,POINT (-87.755392321619 41.885257148869)
17d99c61cf7a352aabc4e7e13db47248df404b794206fa3018d5ae16ddfd21646daacb70d97f49b4ead1adda43c3f36b91e493289f8a9c49c380673324bb6083,,08/16/2025 04:30:00 PM,30,NO CONTROLS,NO CONTROLS,CLEAR,DAYLIGHT,SIDESWIPE SAME DIRECTION,DIVIDED - W/MEDIAN (NOT RAISED),,STRAIGHT AND LEVEL,DRY,NO DEFECTS,NOT ON SCENE (DESK REPORT),NO INJURY / DRIVE AWAY,,,,$500 OR LESS,08/16/2025 04:39:00 PM,IMPROPER LANE USAGE,NOT APPLICABLE,1701,S,WESTERN AVE,1233,,,,,,,2,NO INDICATION OF INJURY,0,0,0,0,0,2,0,16,7,8,41.858385392,-87.685663432,POINT (-87.685663431987 41.858385392021)
e7e9d82f3528241e7f01aac94af6ae7b82d031325cb28fe77007ba8aaa94f0aa092667618c1fc2e9ee6262f358e5d23e358bd303b75332424eee72629e8614e6,Y,08/16/2025 04:30:00 PM,30,STOP SIGN/FLASHER,FUNCTIONING PROPERLY,UNKNOWN,DAYLIGHT,TURNING,NOT DIVIDED,,STRAIGHT AND LEVEL,UNKNOWN,NO DEFECTS,NOT ON SCENE (DESK REPORT),NO INJURY / DRIVE AWAY,Y,,,"OVER $1,500",08/20/2025 03:00:00 PM,UNABLE TO DETERMINE,NOT APPLICABLE,1300,W,WELLINGTON AVE,1933,,,,,,,2,NO INDICATION OF INJURY,0,0,0,0,0,2,0,16,7,8,41.9362667203,-87.6613796449,POINT (-87.661379644875 41.936266720275)
ae078f59c5d327e32910e2c55d1f246662989ac768781956893e6b035ff4dfb7a4d35d8327a34dd34cdea6a9b1953b0cc7a42d149e0afffec660d129e8956155,,08/16/2025 04:24:00 PM,30,NO CONTROLS,NO CONTROLS,CLEAR,DAYLIGHT,TURNING,ONE-WAY,,STRAIGHT AND LEVEL,DRY,UNKNOWN,ON SCENE,INJURY AND / OR TOW DUE TO CRASH,Y,,Y,"OVER $1,500",08/16/2025 04:29:00 PM,FAILING TO YIELD RIGHT-OF-WAY,UNABLE TO DETERMINE,4410,N,SPAULDING AVE,1724,,,,,,,2,NONINCAPACITATING INJURY,1,0,0,1,0,2,0,16,7,8,41.961531284,-87.7108427859,POINT (-87.710842785945 41.961531284042)
0da2f140b4a7767e9702d41d97340db4886c0127edfbbb5ee363e53f9e69c2cae85031aaf603e64930d6a76a3d119a484b190932b61596e84cc4e7f1ac1274b4,,08/16/2025 04:20:00 PM,10,NO CONTROLS,NO CONTROLS,UNKNOWN,DAYLIGHT,PARKED MOTOR VEHICLE,PARKING LOT,,STRAIGHT AND LEVEL,UNKNOWN,NO DEFECTS,NOT ON SCENE (DESK REPORT),NO INJURY / DRIVE AWAY,,Y,Y,"OVER $1,500",08/29/2025 10:00:00 AM,UNABLE TO DETERMINE,UNABLE TO DETERMINE,3452,W,MONTROSE AVE,1723,,,,,,,2,NO INDICATION OF INJURY,0,0,0,0,0,1,0,16,7,8,41.9612117008,-87.7152920589,POINT (-87.715292058908 41.961211700758)
0596019d7c3f1327b8eaba166180ad6722c9194f127e60d8eee53bdb9863793bdb1ef1407d4c7fb31f9ffb6aa9bdd959b42f6a4c17c37b910623c32638f1c41f,,08/16/2025 04:12:00 PM,20,UNKNOWN,UNKNOWN,CLEAR,DAYLIGHT,PARKED MOTOR VEHICLE,ONE-WAY,,STRAIGHT AND LEVEL,DRY,UNKNOWN,ON SCENE,NO INJURY / DRIVE AWAY,,,,"OVER $1,500",08/16/2025 04:21:00 PM,UNABLE TO DETERMINE,NOT APPLICABLE,939,W,NEWPORT AVE,1924,,Y,,,,,2,NO INDICATION OF INJURY,0,0,0,0,0,1,0,16,7,8,41.9443569687,-87.6534254346,POINT (-87.653425434629 41.944356968723)
d5a20fc5dee28815d92047892d42068da521d8d25902aadc86ce37bb521eec4cdb478ceac52f1ab9d65a888229adaf07b8e73b61e7d482e1cc14e7e65672a1a0,Y,08/16/2025 04:10:00 PM,30,TRAFFIC SIGNAL,FUNCTIONING PROPERLY,CLOUDY/OVERCAST,DAYLIGHT,TURNING,FOUR WAY,,STRAIGHT AND LEVEL,DRY,NO DEFECTS,ON SCENE,INJURY AND / OR TOW DUE TO CRASH,Y,,,"OVER $1,500",08/16/2025 04:15:00 PM,DISREGARDING TRAFFIC SIGNALS,NOT APPLICABLE,2800,S,KEDZIE AVE,1032,,,,,,,2,NONINCAPACITATING INJURY,3,0,0,3,0,3,0,16,7,8,41.8408096454,-87.7050749478,POINT (-87.705074947842 41.840809645357)
0e50dc04c1efdac80855ff71ecc2019daeb2c22e93fc1365f9a16a77c9be6fec2449ca8ab9a3777a8f0d40ad819e06b51fb9ec0a2219997071c3a4f67f629524,,08/16/2025 04:00:00 PM,10,NO CONTROLS,NO CONTROLS,UNKNOWN,UNKNOWN,PARKED MOTOR VEHICLE,PARKING LOT,,STRAIGHT AND LEVEL,UNKNOWN,UNKNOWN,NOT ON SCENE (DESK REPORT),NO INJURY / DRIVE AWAY,,Y,Y,"OVER $1,500",08/22/2025 04:25:00 PM,UNABLE TO DETERMINE,UNABLE TO DETERMINE,37,S,JEFFERSON ST,121,,,,,,,2,NO INDICATION OF INJURY,0,0,0,0,0,1,0,16,7,8,41.8806463701,-87.6424747843,POINT (-87.64247478427 41.880646370108)
1c520b1ce3effd75c6f2253bdce68927ca6023f32e7af012e9d7f85e4598652bcb5431e0d73840537c6708f22871f82f08871485c0329569cff8fd94dbb3a245,Y,08/16/2025 04:00:00 PM,10,NO CONTROLS,NO CONTROLS,CLEAR,DAYLIGHT,SIDESWIPE SAME DIRECTION,NOT DIVIDED,,STRAIGHT AND LEVEL,DRY,NO DEFECTS,ON SCENE,INJURY AND / OR TOW DUE TO CRASH,,,,"OVER $1,500",08/16/2025 04:01:00 PM,FAILING TO YIELD RIGHT-OF-WAY,UNABLE TO DETERMINE,5701,S,CICERO AVE,813,,,,,,,2,NO INDICATION OF INJURY,0,0,0,0,0,2,0,16,7,8,41.7893386418,-87.7413525626,POINT (-87.741352562622 41.789338641753)
42c6b59d4357e27f29ff8262a85df0214e63a1616781b292317b2927f59407bc32b8d22d8e0fbfe2875331326dc717047159ac10737495044a9d03c6af0fc2dd,,08/16/2025 04:00:00 PM,30,NO CONTROLS,NO CONTROLS,CLOUDY/OVERCAST,DAYLIGHT,PEDALCYCLIST,DIVIDED - W/MEDIAN (NOT RAISED),,STRAIGHT AND LEVEL,DRY,NO DEFECTS,ON SCENE,INJURY AND / OR TOW DUE TO CRASH,,,Y,$500 OR LESS,08/16/2025 05:54:00 PM,UNABLE TO DETERMINE,UNABLE TO DETERMINE,2710,S,KEDZIE AVE,1032,,,,,,,2,NONINCAPACITATING INJURY,1,0,0,1,0,2,0,16,7,8,41.8423212316,-87.705119439,POINT (-87.705119439008 41.842321231638)
bfc1aac70cfd492dca493daa064ba44be11a1a8a009bade3306790836dc7a6e8c142317d8192553c7388473a0da42dfdd30edb58fbaf2322c22cd71ec8e8dbfc,,08/16/2025 04:00:00 PM,30,UNKNOWN,UNKNOWN,CLEAR,DAYLIGHT,REAR TO REAR,PARKING LOT,,STRAIGHT AND LEVEL,UNKNOWN,UNKNOWN,NOT ON SCENE (DESK REPORT),NO INJURY / DRIVE AWAY,,Y,,"OVER $1,500",08/16/2025 04:40:00 PM,UNABLE TO DETERMINE,UNABLE TO DETERMINE,1229,N,CLYBOURN AVE,1821,,,,,,,2,NO INDICATION OF INJURY,0,0,0,0,0,2,0,16,7,8,41.9044725439,-87.6403336244,POINT (-87.640333624354 41.904472543855)
cf93485211e31a6d6aa714896f41eb882f27904b58ec29b9dcb48330dd7ef94270341016f586b379870736c4a6a92b817f30fa72dbb5f59feec45ee48db19338,,08/16/2025 04:00:00 PM,30,UNKNOWN,FUNCTIONING PROPERLY,CLEAR,DAYLIGHT,TURNING,FOUR WAY,,STRAIGHT AND LEVEL,DRY,NO DEFECTS,,NO INJURY / DRIVE AWAY,,,,"OVER $1,500",08/17/2025 11:20:00 AM,UNABLE TO DETERMINE,NOT APPLICABLE,4400,W,GRAND AVE,2533,,,,,,,2,NO INDICATION OF INJURY,0,0,0,0,0,2,0,16,7,8,41.9101814096,-87.7362488704,POINT (-87.736248870407 41.910181409597)
4e6871cf0f00b3a638c3aa07790a4af3216ef8f3d3ba00ed854ad7ffd70d439e10e446da8da58ae0762d568fe9fcded9aa463df12d0ec64ca6a55fe3d0486773,,08/16/2025 03:59:00 PM,10,NO CONTROLS,NO CONTROLS,CLOUDY/OVERCAST,DAYLIGHT,REAR TO SIDE,ALLEY,,STRAIGHT AND LEVEL,DRY,UNKNOWN,ON SCENE,INJURY AND / OR TOW DUE TO CRASH,,,,"OVER $1,500",08/16/2025 04:00:00 PM,FAILING TO YIELD RIGHT-OF-WAY,IMPROPER BACKING,5141,W,MONTANA ST,2521,,,,,,,2,NO INDICATION OF INJURY,0,0,0,0,0,3,0,15,7,8,41.9249596566,-87.7553673172,POINT (-87.755367317228 41.924959656567)