CRASH_RECORD_ID,CRASH_DATE_EST_I,CRASH_DATE,POSTED_SPEED_LIMIT,TRAFFIC_CONTROL_DEVICE,DEVICE_CONDITION,WEATHER_CONDITION,LIGHTING_CONDITION,FIRST_CRASH_TYPE,TRAFFICWAY_TYPE,LANE_CNT,ALIGNMENT,ROADWAY_SURFACE_COND,ROAD_DEFECT,REPORT_TYPE,CRASH_TYPE,INTERSECTION_RELATED_I,NOT_RIGHT_OF_WAY_I,HIT_AND_RUN_I,DAMAGE,DATE_POLICE_NOTIFIED,PRIM_CONTRIBUTORY_CAUSE,SEC_CONTRIBUTORY_CAUSE,STREET_NO,STREET_DIRECTION,STREET_NAME,BEAT_OF_OCCURRENCE,PHOTOS_TAKEN_I,STATEMENTS_TAKEN_I,DOORING_I,WORK_ZONE_I,WORK_ZONE_TYPE,WORKERS_PRESENT_I,NUM_UNITS,MOST_SEVERE_INJURY,INJURIES_TOTAL,INJURIES_FATAL,INJURIES_INCAPACITATING,INJURIES_NON_INCAPACITATING,INJURIES_REPORTED_NOT_EVIDENT,INJURIES_NO_INDICATION,INJURIES_UNKNOWN,CRASH_HOUR,CRASH_DAY_OF_WEEK,CRASH_MONTH,LATITUDE,LONGITUDE,LOCATION
994d96ad1d68e594de3b4088ed3a5fe33298b2da671affd13bf5e32093f2d7d2cc2b0e2a56a34f48b6d632e037be18b6d651315b9239aa24a4510fcf6ac1f065,,08/16/2025 03:55:00 PM,30,TRAFFIC SIGNAL,FUNCTIONING PROPERLY,CLEAR,DAYLIGHT,REAR END,FOUR WAY,,STRAIGHT AND LEVEL,DRY,NO DEFECTS,NOT ON SCENE (DESK REPORT),NO INJURY / DRIVE AWAY,Y,,,"$501 - $1,500",08/18/2025 07:45:00 AM,FAILING TO YIELD RIGHT-OF-WAY,FOLLOWING TOO CLOSELY,9300,S,EWING AVE,432,,,,,,,2,NO INDICATION OF INJURY,0,0,0,0,0,2,0,15,7,8,41.7273409974,-87.5414359427,POINT (-87.541435942727 41.727340997385)
0b04826a03029a8b92fb805ed0dcc7d9c9dec97f300bd9dc5be9250f2b79a0dc40b6299a511a3163ddb222ad14e492a40547cf227c46b5368c9efa103f815e3c,,08/16/2025 03:50:00 PM,30,NO CONTROLS,NO CONTROLS,CLEAR,DAYLIGHT,SIDESWIPE SAME DIRECTION,NOT DIVIDED,,STRAIGHT AND LEVEL,DRY,NO DEFECTS,NOT ON SCENE (DESK REPORT),NO INJURY / DRIVE AWAY,,,Y,"OVER $1,500",08/16/2025 05:00:00 PM,IMPROPER LANE USAGE,UNABLE TO DETERMINE,3210,N,CICERO AVE,1634,,,,,,,2,NO INDICATION OF INJURY,0,0,0,0,0,2,0,15,7,8,41.93916408,-87.7470229014,POINT (-87.747022901371 41.939164079993)
66fbc9a6778a847b7413e098060ea51c78d4b072ce3cc267d47bb54b748c93018cb35e34729ba54ac44af13d97fc5becb9dcb86849310c4515ca1cd01c1538b6,,08/16/2025 03:45:00 PM,30,STOP SIGN/FLASHER,FUNCTIONING PROPERLY,CLOUDY/OVERCAST,DAYLIGHT,TURNING,T-INTERSECTION,,STRAIGHT AND LEVEL,DRY,UNKNOWN,ON SCENE,INJURY AND / OR TOW DUE TO CRASH,Y,,,"OVER $1,500",08/16/2025 03:48:00 PM,FAILING TO YIELD RIGHT-OF-WAY,FAILING TO REDUCE SPEED TO AVOID CRASH,5801,N,NAGLE AVE,1622,,,,,,,2,"REPORTED, NOT EVIDENT",1,0,0,0,1,1,0,15,7,8,41.9866041415,-87.7875188889,POINT (-87.787518888866 41.986604141544)
66c9c92f3a5314a289a06a0f5fe1b8a6d6fc1f91b0a63d571ddd137b1dfdb3656f2ecf09228b8edb70d1d81eff9b706e305f80d21aed96e185b59312957ce07e,,08/16/2025 03:42:00 PM,30,TRAFFIC SIGNAL,FUNCTIONING PROPERLY,CLEAR,DAYLIGHT,SIDESWIPE SAME DIRECTION,ONE-WAY,,STRAIGHT AND LEVEL,DRY,NO DEFECTS,NOT ON SCENE (DESK REPORT),INJURY AND / OR TOW DUE TO CRASH,,,,"OVER $1,500",08/18/2025 12:35:00 PM,IMPROPER LANE USAGE,NOT APPLICABLE,1708,W,JACKSON BLVD,1231,,,,,,,2,NONINCAPACITATING INJURY,1,0,0,1,0,2,0,15,7,8,41.8776895788,-87.6696371428,POINT (-87.669637142819 41.877689578848)
5960c2696c196da56826dcc342bf28f7e8f9b5a90712a297bb5830aa47fb24f4d20b7acff3f3e6a24dd1906ec84795404b4dd3c649a838cce8b9036d03a775b1,,08/16/2025 03:30:00 PM,30,NO CONTROLS,UNKNOWN,RAIN,"DARKNESS, LIGHTED ROAD",REAR END,OTHER,,STRAIGHT AND LEVEL,WET,UNKNOWN,,NO INJURY / DRIVE AWAY,,,N,"OVER $1,500",08/16/2025 05:50:00 PM,WEATHER,NOT APPLICABLE,1149,W,95TH ST,2213,,,,,,,2,NO INDICATION OF INJURY,0,0,0,0,0,2,0,15,7,8,41.7212297352,-87.6526482862,POINT (-87.652648286179 41.721229735239)
6be0b4d61bca934b5fd2551f18c3e5c4b98fb1fabbccc34081a387baccf4be7c0440ae02ac1b4712d491614e09aca8466b4d3f32bcfce51fb5608002b097422b,,08/16/2025 03:30:00 PM,30,NO CONTROLS,NO CONTROLS,CLEAR,DAYLIGHT,REAR END,NOT DIVIDED,,STRAIGHT AND LEVEL,DRY,NO DEFECTS,,NO INJURY / DRIVE AWAY,,,Y,"$501 - $1,500",08/18/2025 05:08:00 PM,FOLLOWING TOO CLOSELY,NOT APPLICABLE,4700,S,KEDZIE AVE,821,,,,,,,2,NO INDICATION OF INJURY,0,0,0,0,0,2,0,15,7,8,41.8080472717,-87.7041188223,POINT (-87.704118822299 41.80804727165)
9f5c3405f326ca4dacebfb7d8b28b4cb706e264e50dbe61600a4c78a96dfe2c4e42b619365ed1f7d951b0155dba517f12205ebdefea8aef8f76d0b0b13615c52,,08/16/2025 03:30:00 PM,30,NO CONTROLS,NO CONTROLS,CLEAR,DAWN,FIXED OBJECT,DIVIDED - W/MEDIAN BARRIER,,STRAIGHT AND LEVEL,DRY,NO DEFECTS,NOT ON SCENE (DESK REPORT),NO INJURY / DRIVE AWAY,,,,"$501 - $1,500",08/16/2025 08:00:00 PM,UNABLE TO DETERMINE,UNABLE TO DETERMINE,828,W,87TH ST,613,,,,,,,1,NO INDICATION OF INJURY,0,0,0,0,0,1,0,15,7,8,41.7361645582,-87.6449541647,POINT (-87.644954164654 41.736164558159)
b5b986936521e7203a26c8a3dab1326d7979d32c3b5cdcff4b4d03a798e337af4334621917c9dd845b7914a60a43d2b8571665d3550e76fa8c5c96785612deeb,,08/16/2025 03:29:00 PM,30,NO CONTROLS,NO CONTROLS,CLEAR,DAYLIGHT,SIDESWIPE OPPOSITE DIRECTION,NOT DIVIDED,,STRAIGHT AND LEVEL,DRY,NO DEFECTS,ON SCENE,INJURY AND / OR TOW DUE TO CRASH,,,,"OVER $1,500",08/16/2025 03:30:00 PM,IMPROPER LANE USAGE,FAILING TO REDUCE SPEED TO AVOID CRASH,4827,N,KEDZIE AVE,1713,,,,,,,2,"REPORTED, NOT EVIDENT",2,0,0,0,2,0,0,15,7,8,41.9692794044,-87.7083549371,POINT (-87.708354937121 41.969279404387)
9ea88aee04cf8f5264332ffb7089bd3c06e72df357602b365b2c25193ebf5cb12b2b21ea25db3c8d6512ed71f3459fff6577c7b3ff36d3d820b9fc3f13e8c32d,,08/16/2025 03:20:00 PM,30,TRAFFIC SIGNAL,FUNCTIONING PROPERLY,CLEAR,DAYLIGHT,REAR END,DIVIDED - W/MEDIAN BARRIER,,STRAIGHT AND LEVEL,DRY,NO DEFECTS,NOT ON SCENE (DESK REPORT),NO INJURY / DRIVE AWAY,Y,,,"$501 - $1,500",08/16/2025 04:15:00 PM,FOLLOWING TOO CLOSELY,UNABLE TO DETERMINE,3614,W,IRVING PARK RD,1723,,,,,,,2,NO INDICATION OF INJURY,0,0,0,0,0,3,0,15,7,8,41.9538657953,-87.7185023836,POINT (-87.718502383648 41.953865795297)
bbcc830d70065d3c630bde90230c32ef36dd3d6d873fa01a6d006aa6495347b4ec5477fd50af9ae548f76f33a738724d36f996f419b4beb64b40f071ceb091c2,,08/16/2025 03:20:00 PM,25,STOP SIGN/FLASHER,FUNCTIONING PROPERLY,CLEAR,DAYLIGHT,REAR END,T-INTERSECTION,,STRAIGHT AND LEVEL,DRY,NO DEFECTS,NOT ON SCENE (DESK REPORT),NO INJURY / DRIVE AWAY,Y,,,"OVER $1,500",08/16/2025 04:00:00 PM,FOLLOWING TOO CLOSELY,NOT APPLICABLE,11858,S,BISHOP ST,524,,,,,,,2,NO INDICATION OF INJURY,0,0,0,0,0,2,0,15,7,8,41.6776822866,-87.6578884967,POINT (-87.657888496728 41.677682286562)
6bb72f5d1d6cfe42fcffddc86da02ce0b610dd65dce41f6fdaeb4a0ec5474f2fabc6f2f7f9fe05b0ea039878c1810b775795031a9db736c47580d00f92b4e2b3,,08/16/2025 03:15:00 PM,30,UNKNOWN,UNKNOWN,CLOUDY/OVERCAST,UNKNOWN,REAR END,NOT DIVIDED,,STRAIGHT AND LEVEL,UNKNOWN,UNKNOWN,NOT ON SCENE (DESK REPORT),NO INJURY / DRIVE AWAY,,,Y,"OVER $1,500",08/16/2025 03:30:00 PM,UNABLE TO DETERMINE,NOT APPLICABLE,2400,W,ADDISON ST,1921,,,,,,,2,NO INDICATION OF INJURY,0,0,0,0,0,2,0,15,7,8,41.946839991,-87.6883201925,POINT (-87.68832019253 41.946839991005)
6aa61b2253b27d35a6c360d57a675ccd41af57d4b09499f4470e147822088fd59a1c6f802540399a423df54ddd8d861df64c270d71fccbe9aff71915b9e6e9fe,,08/16/2025 03:12:00 PM,10,NO CONTROLS,NO CONTROLS,RAIN,DAYLIGHT,PARKED MOTOR VEHICLE,PARKING LOT,,STRAIGHT AND LEVEL,WET,NO DEFECTS,ON SCENE,NO INJURY / DRIVE AWAY,,,Y,$500 OR LESS,08/16/2025 05:13:00 PM,IMPROPER LANE USAGE,NOT APPLICABLE,1,W,PARKING LOT D ST,1654,,,,,,,2,NO INDICATION OF INJURY,0,0,0,0,0,1,0,15,7,8,,,
598413acffc71d300d49e9dbe069694b6eaf262383a536a5638cde003cca7e230581fda7ffafd43c944d70e2201c003ad94d76246d417c5ad4264348ed18aac4,,08/16/2025 03:11:00 PM,30,TRAFFIC SIGNAL,FUNCTIONING PROPERLY,UNKNOWN,UNKNOWN,TURNING,UNKNOWN INTERSECTION TYPE,,STRAIGHT AND LEVEL,UNKNOWN,UNKNOWN,NOT ON SCENE (DESK REPORT),NO INJURY / DRIVE AWAY,,,,"OVER $1,500",08/16/2025 03:35:00 PM,IMPROPER OVERTAKING/PASSING,IMPROPER OVERTAKING/PASSING,4100,W,IRVING PARK RD,1722,,,,,,,2,NO INDICATION OF INJURY,0,0,0,0,0,2,0,15,7,8,41.9537433213,-87.7292540671,POINT (-87.729254067147 41.953743321298)
dbbf00ca64809f8965a078c906b3673bc596fa65ff0385071637e117b1057b30c96bfa9fe58769ff75ae3a8726fcc5a2117e6f25999c11c2a796c1970c54f59f,,08/16/2025 03:10:00 PM,30,NO CONTROLS,NO CONTROLS,CLEAR,DAYLIGHT,REAR TO FRONT,DIVIDED - W/MEDIAN (NOT RAISED),,STRAIGHT AND LEVEL,DRY,NO DEFECTS,ON SCENE,INJURY AND / OR TOW DUE TO CRASH,,,,"OVER $1,500",08/16/2025 03:12:00 PM,FAILING TO REDUCE SPEED TO AVOID CRASH,NOT APPLICABLE,3655,N,ASHLAND AVE,1922,,,,,,,2,"REPORTED, NOT EVIDENT",1,0,0,0,1,3,0,15,7,8,41.9486113362,-87.6687554742,POINT (-87.668755474171 41.948611336159)
e1fc7c33d8b734dc80e2c0353df6260b1b8c7fb56949346075aba7fca1e818d3222ef34e49ac78b7ad15cc910723c187f21f3f32b2493c1beb677afff093d7a9,,08/16/2025 03:09:00 PM,30,TRAFFIC SIGNAL,UNKNOWN,CLEAR,DAYLIGHT,REAR END,NOT DIVIDED,,STRAIGHT AND LEVEL,UNKNOWN,UNKNOWN,ON SCENE,NO INJURY / DRIVE AWAY,,,,$500 OR LESS,08/16/2025 03:25:00 PM,FOLLOWING TOO CLOSELY,NOT APPLICABLE,4998,S,ARCHER AVE,821,,,,,,,2,NO INDICATION OF INJURY,0,0,0,0,0,3,0,15,7,8,41.8024996514,-87.7233581997,POINT (-87.723358199708 41.802499651403)
9b01db114c149740b22cc7e970769fcfeabdbbb93763f05c391746ed132ff4a9a87b9cbde0f520a2e0b6b03f6efac48278c3f23ff4b0a55392319a0cede76a02,,08/16/2025 03:03:00 PM,30,UNKNOWN,UNKNOWN,CLEAR,DAYLIGHT,SIDESWIPE SAME DIRECTION,Y-INTERSECTION,,STRAIGHT AND LEVEL,UNKNOWN,UNKNOWN,ON SCENE,NO INJURY / DRIVE AWAY,Y,,Y,"OVER $1,500",08/16/2025 03:49:00 PM,IMPROPER OVERTAKING/PASSING,UNABLE TO DETERMINE,2000,N,CLARK ST,1814,,,,,,,2,NO INDICATION OF INJURY,0,0,0,0,0,2,0,15,7,8,41.9184483652,-87.6362638088,POINT (-87.636263808758 41.918448365232)
3675760850acb859b45612bb1ffeae149ad13a6391ffa7155b11b16d04859c0aabc835f8f738d4c87788004b50cb27fcc06b0e66d76529df24ed2df6b01969ba,Y,08/16/2025 03:00:00 PM,30,NO CONTROLS,NO CONTROLS,CLEAR,UNKNOWN,PARKED MOTOR VEHICLE,NOT DIVIDED,,STRAIGHT AND LEVEL,DRY,NO DEFECTS,ON SCENE,NO INJURY / DRIVE AWAY,,,Y,"$501 - $1,500",08/17/2025 04:36:00 PM,UNABLE TO DETERMINE,UNABLE TO DETERMINE,60,W,KINZIE ST,1831,,,,,,,2,NO INDICATION OF INJURY,0,0,0,0,0,1,0,15,7,8,41.889333215,-87.6302824722,POINT (-87.630282472199 41.889333215048)
4e4147dfd275c4ed5911bd9b190bec3a1ef16fdebdb316ae32a4e8c6415268b612210b2b2052b5332e2f86b9e5b9a23aca0d94e8c3fe2a1a23dcbab29d3c2b2a,,08/16/2025 03:00:00 PM,35,NO CONTROLS,NO CONTROLS,CLEAR,DAYLIGHT,PARKED MOTOR VEHICLE,ONE-WAY,,STRAIGHT AND LEVEL,DRY,NO DEFECTS,NOT ON SCENE (DESK REPORT),NO INJURY / DRIVE AWAY,,,,"OVER $1,500",08/18/2025 11:20:00 AM,UNABLE TO DETERMINE,NOT APPLICABLE,1633,W,OHIO ST,1215,,,,,,,2,NO INDICATION OF INJURY,0,0,0,0,0,1,0,15,7,8,41.8922976674,-87.6683418408,POINT (-87.668341840798 41.892297667392)
5e71aae13626bb7158722e9f56b8bbbdaf819a0e88afc9bfe56d7f534fb2af431f95cfb14449860e9a9aad1d1b6bab02953b767afed393c260998e33409681dd,,08/16/2025 03:00:00 PM,35,NO CONTROLS,NO CONTROLS,CLEAR,DAYLIGHT,PARKED MOTOR VEHICLE,ONE-WAY,,STRAIGHT AND LEVEL,DRY,NO DEFECTS,NOT ON SCENE (DESK REPORT),NO INJURY / DRIVE AWAY,,,,"OVER $1,500",08/26/2025 03:30:00 PM,IMPROPER BACKING,UNABLE TO DETERMINE,9100,S,LAFLIN ST,2221,,,,,,,2,NO INDICATION OF INJURY,0,0,0,0,0,1,0,15,7,8,41.7284557373,-87.6605627866,POINT (-87.6605627866 41.728455737318)
6485bfff70b9979b8e9167b65b9cccd874b6c8d8a1e2a7c970367834a5872467f8fdc84796a2647d7baa9f9b05aeaf47b5ce65ccf7343cfa000882d4e03ab143,,08/16/2025 03:00:00 PM,30,NO CONTROLS,NO CONTROLS,CLEAR,DAYLIGHT,TURNING,T-INTERSECTION,,STRAIGHT AND LEVEL,DRY,NO DEFECTS,NOT ON SCENE (DESK REPORT),NO INJURY / DRIVE AWAY,Y,,,"OVER $1,500",08/16/2025 03:30:00 PM,DRIVING SKILLS/KNOWLEDGE/EXPERIENCE,NOT APPLICABLE,7200,S,COTTAGE GROVE AVE,323,,,,,,,2,NO INDICATION OF INJURY,0,0,0,0,0,2,0,15,7,8,41.7640547056,-87.6056757585,POINT (-87.605675758538 41.764054705554)
b2e38165141ead2309984b140091fed1119185bfccf0e5205e9eff8050743b2e4e8e37f7610b1560bb4b3870d9c65154fb54d4e24d9069f32db3eb338c6d3e3b,,08/16/2025 03:00:00 PM,20,UNKNOWN,UNKNOWN,CLEAR,DAYLIGHT,SIDESWIPE SAME DIRECTION,ONE-WAY,,STRAIGHT AND LEVEL,UNKNOWN,UNKNOWN,,NO INJURY / DRIVE AWAY,,,,"OVER $1,500",08/16/2025 04:05:00 PM,UNABLE TO DETERMINE,NOT APPLICABLE,1307,N,KEELER AVE,2534,,,,,,,2,NO INDICATION OF INJURY,0,0,0,0,0,2,0,15,7,8,41.9046491443,-87.7311344761,POINT (-87.731134476067 41.904649144285)
d1cc95bbbbe2a5e3cea0223a1faa74ec82c85ca83f38c586dfbc373a00c2b057eeff6d433834175908dc0d79faab1df1954d8f088f3a8271cba9be6fcae80c6b,,08/16/2025 03:00:00 PM,20,STOP SIGN/FLASHER,OTHER,CLEAR,DAYLIGHT,SIDESWIPE SAME DIRECTION,PARKING LOT,,STRAIGHT AND LEVEL,DRY,NO DEFECTS,NOT ON SCENE (DESK REPORT),NO INJURY / DRIVE AWAY,,,,"$501 - $1,500",08/16/2025 03:55:00 PM,NOT APPLICABLE,NOT APPLICABLE,6412,W,IRVING PARK RD,1632,,,,,,,2,NO INDICATION OF INJURY,0,0,0,0,0,2,0,15,7,8,41.9530196685,-87.787092578,POINT (-87.787092577952 41.953019668547)
0eb3bfacab9d6fbdb5a23c85efb0ed8ac2d90b6df38c3b08aaece0fe4413e1a4a916d1cc42182453fd7086e0257b64f09136366d935a67e50f53c11316b4fa3b,,08/16/2025 02:50:00 PM,30,NO CONTROLS,UNKNOWN,UNKNOWN,UNKNOWN,SIDESWIPE SAME DIRECTION,DIVIDED - W/MEDIAN BARRIER,,STRAIGHT AND LEVEL,UNKNOWN,UNKNOWN,NOT ON SCENE (DESK REPORT),NO INJURY / DRIVE AWAY,,,,"OVER $1,500",08/16/2025 03:30:00 PM,UNABLE TO DETERMINE,NOT APPLICABLE,4555,N,LAKE SHORE DR NB,1914,,,,,,,2,NO INDICATION OF INJURY,0,0,0,0,0,2,0,14,7,8,41.9655098478,-87.6468730087,POINT (-87.646873008739 41.965509847781)
d842c779da7878364b529cc8bfbcc98aae3bd67ea50ce475e262e95460f98de0550c2221315092d96485eb3348204b2403b5672af253b43161f3415ba07fc297,,08/16/2025 02:49:00 PM,30,STOP SIGN/FLASHER,FUNCTIONING PROPERLY,CLEAR,DAYLIGHT,ANGLE,T-INTERSECTION,,STRAIGHT AND LEVEL,DRY,NO DEFECTS,ON SCENE,INJURY AND / OR TOW DUE TO CRASH,Y,,,"OVER $1,500",08/16/2025 02:49:00 PM,FAILING TO YIELD RIGHT-OF-WAY,FAILING TO REDUCE SPEED TO AVOID CRASH,4846,S,ARCHER AVE,821,,,,,,,2,NO INDICATION OF INJURY,0,0,0,0,0,2,0,14,7,8,41.8052528706,-87.7188706516,POINT (-87.718870651571 41.805252870584)
995658bd84c74d0b5c5c400bcf98a785e120f7cccf1c4dd9882e3c6f85348211e666a4204d077559f8a3d8c2c692585c5587ea69c24b5f9ff066daa380178d08,,08/16/2025 02:47:00 PM,20,NO CONTROLS,NO CONTROLS,CLEAR,DAYLIGHT,TURNING,OTHER,,STRAIGHT AND LEVEL,DRY,NO DEFECTS,ON SCENE,INJURY AND / OR TOW DUE TO CRASH,,,,"OVER $1,500",08/16/2025 02:47:00 PM,UNABLE TO DETERMINE,UNABLE TO DETERMINE,15,N,RACINE AVE,1224,,,,,,,2,NO INDICATION OF INJURY,0,0,0,0,0,3,0,14,7,8,41.8820954263,-87.6565567031,POINT (-87.656556703093 41.882095426314)
31d2adaadaa09739be6d1f9791c41332091cf1bba767cf6c6cff4b834da76dde2e2ac25ab7a361893c7443a6e126fc9bdca5b32435dc3a85b6fe05df25873172,,08/16/2025 02:45:00 PM,30,TRAFFIC SIGNAL,FUNCTIONING PROPERLY,CLEAR,DAYLIGHT,TURNING,NOT DIVIDED,,STRAIGHT ON GRADE,DRY,NO DEFECTS,NOT ON SCENE (DESK REPORT),NO INJURY / DRIVE AWAY,,,Y,"$501 - $1,500",08/20/2025 09:20:00 AM,FAILING TO YIELD RIGHT-OF-WAY,NOT APPLICABLE,3600,N,ASHLAND AVE,1922,,,,,,,2,NO INDICATION OF INJURY,0,0,0,0,0,2,0,14,7,8,41.9470793702,-87.6690072991,POINT (-87.669007299094 41.947079370164)
776aba48e3b3045276f7e669eb32eb956ae2c12876537eb7047ba43bb15121488f5d26d84fcbd53f9dcb813dbedf6c4567aa031e3ccb22dc299f2221359b1fbb,,08/16/2025 02:45:00 PM,30,STOP SIGN/FLASHER,FUNCTIONING PROPERLY,UNKNOWN,UNKNOWN,ANGLE,FOUR WAY,,STRAIGHT AND LEVEL,UNKNOWN,UNKNOWN,NOT ON SCENE (DESK REPORT),NO INJURY / DRIVE AWAY,Y,,,"OVER $1,500",08/16/2025 03:20:00 PM,UNABLE TO DETERMINE,NOT APPLICABLE,4500,N,CLARK ST,1912,,,,,,,2,NO INDICATION OF INJURY,0,0,0,0,0,2,0,14,7,8,41.9635233837,-87.6665126673,POINT (-87.6665126673 41.963523383726)
01b022dd15350976d76d2e353fbbdfc84bfd40ee2cef53caa4314ade8f605b14e8b394baac15d1795e51ff58f90842536e9a3fe823c3582d7f2b044794e6ed31,,08/16/2025 02:43:00 PM,25,TRAFFIC SIGNAL,FUNCTIONING PROPERLY,CLEAR,DAYLIGHT,ANGLE,FOUR WAY,,STRAIGHT AND LEVEL,UNKNOWN,UNKNOWN,ON SCENE,INJURY AND / OR TOW DUE TO CRASH,Y,,,"OVER $1,500",08/16/2025 02:45:00 PM,UNABLE TO DETERMINE,NOT APPLICABLE,5100,S,WELLS ST,935,,,,,,,2,NONINCAPACITATING INJURY,3,0,0,2,1,2,0,14,7,8,41.8017945403,-87.6321527164,POINT (-87.632152716406 41.801794540257)
1c2d3739411936b3714b274603d38e6cea38d1ccc13e64c70a1889befbdef7b2afe26ad951ffd460671819b8eeb27faea44fadeae399b82854543ce868fe8108,,08/16/2025 02:40:00 PM,30,NO CONTROLS,NO CONTROLS,CLEAR,DAYLIGHT,PEDALCYCLIST,DIVIDED - W/MEDIAN (NOT RAISED),,STRAIGHT AND LEVEL,DRY,NO DEFECTS,ON SCENE,INJURY AND / OR TOW DUE TO CRASH,,,,"$501 - $1,500",08/16/2025 02:40:00 PM,UNABLE TO DETERMINE,UNABLE TO DETERMINE,2457,W,MONTROSE AVE,1911,,,,,,,2,NONINCAPACITATING INJURY,1,0,0,1,0,1,0,14,7,8,41.9611887581,-87.6908621899,POINT (-87.690862189943 41.961188758109)
242eef0106b6f45787ba27dc220208292a0b1a87878ff200066b5150de7ac84a014d60594cd31b6f8bac319d1185aebebf43ced614651e1bed8494fab2d6934c,,08/16/2025 02:40:00 PM,30,NO CONTROLS,NO CONTROLS,CLEAR,DAYLIGHT,TURNING,ALLEY,,STRAIGHT AND LEVEL,DRY,UNKNOWN,NOT ON SCENE (DESK REPORT),NO INJURY / DRIVE AWAY,,,,"OVER $1,500",08/16/2025 04:00:00 PM,FAILING TO YIELD RIGHT-OF-WAY,UNABLE TO DETERMINE,1154,W,MADISON ST,1224,,,,,,,2,NO INDICATION OF INJURY,0,0,0,0,0,2,0,14,7,8,41.8817370302,-87.6565469467,POINT (-87.656546946656 41.881737030222)
b6566b9867051f8a99b2c279c4099db43357d1da5c09df075b37f729bc9a677af60f8eae801eebf5b6897ba318880f99cae509ebb7b4fc64d19bf0a477ef05fc,,08/16/2025 02:36:00 PM,32,TRAFFIC SIGNAL,FUNCTIONING PROPERLY,CLEAR,DAYLIGHT,SIDESWIPE SAME DIRECTION,FOUR WAY,,STRAIGHT AND LEVEL,DRY,UNKNOWN,ON SCENE,NO INJURY / DRIVE AWAY,Y,,Y,"OVER $1,500",08/16/2025 02:36:00 PM,IMPROPER OVERTAKING/PASSING,IMPROPER OVERTAKING/PASSING,6550,N,SHERIDAN RD,2432,,,,,,,2,NO INDICATION OF INJURY,0,0,0,0,0,2,0,14,7,8,42.0016244507,-87.6608955301,POINT (-87.660895530051 42.001624450693)
9984f88140adae63c59dcf4bf5da230da2dba13844d1839366a4f1e2d4948382c66f2ba2bbb0238f80f11c1bc7c7c27ee44a70cd5610e378cc9d2ab2912da966,,08/16/2025 02:30:00 PM,30,UNKNOWN,UNKNOWN,CLEAR,DAYLIGHT,PEDALCYCLIST,NOT DIVIDED,,STRAIGHT AND LEVEL,DRY,UNKNOWN,NOT ON SCENE (DESK REPORT),NO INJURY / DRIVE AWAY,,,Y,"OVER $1,500",08/16/2025 04:10:00 PM,UNABLE TO DETERMINE,UNABLE TO DETERMINE,2350,N,CLARK ST,1812,,,,,,,2,NO INDICATION OF INJURY,0,0,0,0,0,2,0,14,7,8,41.925020477,-87.6402812184,POINT (-87.640281218406 41.925020477029)
ee153b6eeb2177cea6276d5234be035b858f8bd8a7fe97e751555731510293032b66258733fc875b31d2d9f12ab6ebc166e9f24afca9f7785561758519dc883a,,08/16/2025 02:30:00 PM,30,TRAFFIC SIGNAL,FUNCTIONING PROPERLY,CLEAR,DAYLIGHT,SIDESWIPE SAME DIRECTION,FOUR WAY,,STRAIGHT AND LEVEL,DRY,NO DEFECTS,NOT ON SCENE (DESK REPORT),NO INJURY / DRIVE AWAY,,,,"OVER $1,500",08/16/2025 04:00:00 PM,DISREGARDING ROAD MARKINGS,DISREGARDING ROAD MARKINGS,760,W,CHICAGO AVE,1213,,,,,,,2,NO INDICATION OF INJURY,0,0,0,0,0,2,0,14,7,8,41.8965056469,-87.6476545792,POINT (-87.647654579153 41.896505646882)
4dd0911409dae38f54730551554e317faeb43d93bc307deab5868235cc34738c5c8d708e393b82a77c4bca0168e04f30feb6716aa31de7b9af4759794b7e68c9,,08/16/2025 02:28:00 PM,30,TRAFFIC SIGNAL,FUNCTIONING PROPERLY,CLEAR,DAYLIGHT,REAR END,UNKNOWN INTERSECTION TYPE,,STRAIGHT AND LEVEL,DRY,NO DEFECTS,NOT ON SCENE (DESK REPORT),NO INJURY / DRIVE AWAY,Y,,,"OVER $1,500",08/16/2025 03:40:00 PM,UNABLE TO DETERMINE,UNABLE TO DETERMINE,4301,S,ARCHER AVE,922,,,,,,,2,NO INDICATION OF INJURY,0,0,0,0,0,2,0,14,7,8,41.8153006937,-87.7020416008,POINT (-87.702041600781 41.815300693661)
795c8832afcfef82b5d93a58d0d9b435d3e82a3177a9039c6c6140b9886fb7f401e0f208b11f836f21a0661b194bab6e599cd7fbbc54a917b3f734b90eeafd19,,08/16/2025 02:27:00 PM,30,TRAFFIC SIGNAL,UNKNOWN,CLEAR,DAYLIGHT,REAR END,NOT DIVIDED,,STRAIGHT AND LEVEL,DRY,UNKNOWN,NOT ON SCENE (DESK REPORT),NO INJURY / DRIVE AWAY,,,Y,"$501 - $1,500",08/16/2025 04:25:00 PM,UNABLE TO DETERMINE,NOT APPLICABLE,2000,W,111TH ST,2212,,,,,,,2,NO INDICATION OF INJURY,0,0,0,0,0,2,0,14,7,8,41.6920403218,-87.672004942,POINT (-87.672004941955 41.692040321783)
84d079e186f9161bee6676650bad9ff7c65ee341b946ef3ef2f0e27a510cbd7ad8ca75183d7cf38b4ee8d12490aca304d1a3b1ef58ad84df87370342234a907e,,08/16/2025 02:27:00 PM,30,NO CONTROLS,NO CONTROLS,CLEAR,DAYLIGHT,SIDESWIPE SAME DIRECTION,NOT DIVIDED,,STRAIGHT AND LEVEL,DRY,NO DEFECTS,NOT ON SCENE (DESK REPORT),NO INJURY / DRIVE AWAY,,,,"OVER $1,500",08/16/2025 03:40:00 PM,IMPROPER OVERTAKING/PASSING,UNABLE TO DETERMINE,179,W,WASHINGTON ST,122,,,,,,,2,NO INDICATION OF INJURY,0,0,0,0,0,2,0,14,7,8,41.8830982388,-87.6332431109,POINT (-87.633243110947 41.883098238776)