CRASH_RECORD_ID,CRASH_DATE_EST_I,CRASH_DATE,POSTED_SPEED_LIMIT,TRAFFIC_CONTROL_DEVICE,DEVICE_CONDITION,WEATHER_CONDITION,LIGHTING_CONDITION,FIRST_CRASH_TYPE,TRAFFICWAY_TYPE,LANE_CNT,ALIGNMENT,ROADWAY_SURFACE_COND,ROAD_DEFECT,REPORT_TYPE,CRASH_TYPE,INTERSECTION_RELATED_I,NOT_RIGHT_OF_WAY_I,HIT_AND_RUN_I,DAMAGE,DATE_POLICE_NOTIFIED,PRIM_CONTRIBUTORY_CAUSE,SEC_CONTRIBUTORY_CAUSE,STREET_NO,STREET_DIRECTION,STREET_NAME,BEAT_OF_OCCURRENCE,PHOTOS_TAKEN_I,STATEMENTS_TAKEN_I,DOORING_I,WORK_ZONE_I,WORK_ZONE_TYPE,WORKERS_PRESENT_I,NUM_UNITS,MOST_SEVERE_INJURY,INJURIES_TOTAL,INJURIES_FATAL,INJURIES_INCAPACITATING,INJURIES_NON_INCAPACITATING,INJURIES_REPORTED_NOT_EVIDENT,INJURIES_NO_INDICATION,INJURIES_UNKNOWN,CRASH_HOUR,CRASH_DAY_OF_WEEK,CRASH_MONTH,LATITUDE,LONGITUDE,LOCATION
fc0533a8cad0f6fe39dcef848793130eec67fcac877143e332894afc241b74e06f5c561b8ae075e668fe11bc9a76999187e4d62c092d210696027b86c93c2d1b,Y,08/16/2025 02:27:00 PM,30,TRAFFIC SIGNAL,FUNCTIONING PROPERLY,CLEAR,DAYLIGHT,TURNING,NOT DIVIDED,,STRAIGHT AND LEVEL,DRY,NO DEFECTS,ON SCENE,INJURY AND / OR TOW DUE TO CRASH,Y,,,"OVER $1,500",08/16/2025 02:29:00 PM,UNABLE TO DETERMINE,NOT APPLICABLE,7101,S,HALSTED ST,732,,,,,,,2,NONINCAPACITATING INJURY,1,0,0,1,0,2,0,14,7,8,41.7651141149,-87.644263786,POINT (-87.644263786005 41.765114114933)
cb0c06ad1dac9516537a059139ed7bfeae298b1febd6f8e2f5a5882b081888ed278360e19b6d4024473e22ed0f3c1bda85b571e0580f79bb2b67f5a93c3e1e2f,,08/16/2025 02:25:00 PM,30,NO CONTROLS,NO CONTROLS,CLEAR,DAYLIGHT,PARKED MOTOR VEHICLE,NOT DIVIDED,,STRAIGHT AND LEVEL,UNKNOWN,UNKNOWN,NOT ON SCENE (DESK REPORT),NO INJURY / DRIVE AWAY,,,Y,"OVER $1,500",08/17/2025 01:25:00 PM,UNABLE TO DETERMINE,NOT APPLICABLE,5442,N,WESTERN AVE,2011,,,,,,,2,NO INDICATION OF INJURY,0,0,0,0,0,1,0,14,7,8,41.980781076,-87.689488128,POINT (-87.689488127958 41.980781075968)
25d5b83ae4819e9f7e7aae379a92d1dc045cbb6bc236836e16d1d311e5906a0b6fff1db56be864dd1a8876f398f4c4fced3d19beafdc136f14ec368ad7ad3216,,08/16/2025 02:20:00 PM,30,NO CONTROLS,NO CONTROLS,CLEAR,DAYLIGHT,TURNING,T-INTERSECTION,,STRAIGHT AND LEVEL,DRY,NO DEFECTS,ON SCENE,INJURY AND / OR TOW DUE TO CRASH,Y,,,"OVER $1,500",08/16/2025 02:36:00 PM,DISREGARDING ROAD MARKINGS,IMPROPER OVERTAKING/PASSING,2141,N,CLYBOURN AVE,1811,,,,,,,2,NO INDICATION OF INJURY,0,0,0,0,0,3,0,14,7,8,41.9202384401,-87.662276012,POINT (-87.662276011975 41.920238440126)
12fc192287668e0a753747abd564cfc98086fa1689db6461b6e2dd20a5969a31f0c3bcd4c6be809573b747e3a517b544c4cbd9698d623e09a5490d020c27cec3,,08/16/2025 02:17:00 PM,30,UNKNOWN,UNKNOWN,CLOUDY/OVERCAST,DAYLIGHT,REAR END,NOT DIVIDED,,STRAIGHT AND LEVEL,UNKNOWN,UNKNOWN,NOT ON SCENE (DESK REPORT),NO INJURY / DRIVE AWAY,,,,"OVER $1,500",08/16/2025 02:45:00 PM,UNABLE TO DETERMINE,NOT APPLICABLE,3536,N,WESTERN AVE,1921,,,,,,,2,NO INDICATION OF INJURY,0,0,0,0,0,2,0,14,7,8,41.9460188094,-87.6883859343,POINT (-87.688385934291 41.946018809383)
b3ae553bc503ad39db3605633551fe998fceeb8da7552671b378a80d480f870feadf41a7a3fff7433a911f07144ac40b92f155e29499042bd02b507138c3ee12,,08/16/2025 02:17:00 PM,20,TRAFFIC SIGNAL,UNKNOWN,UNKNOWN,DAYLIGHT,SIDESWIPE OPPOSITE DIRECTION,NOT DIVIDED,,STRAIGHT AND LEVEL,UNKNOWN,UNKNOWN,NOT ON SCENE (DESK REPORT),NO INJURY / DRIVE AWAY,,,Y,"OVER $1,500",08/16/2025 04:30:00 PM,UNABLE TO DETERMINE,NOT APPLICABLE,1213,S,ASHLAND AVE,1233,,,,,,,2,NO INDICATION OF INJURY,0,0,0,0,0,2,0,14,7,8,41.8664802444,-87.6662361762,POINT (-87.66623617619 41.866480244441)
0545277837568a56cef417b2cd6ca74feacc488ac39a6c665772b4539313b292755bf4d1d759c9107648a2bd1493d939377e077a9cae02bb1face6d429b90bdf,,08/16/2025 02:04:00 PM,30,UNKNOWN,UNKNOWN,CLEAR,UNKNOWN,TURNING,DIVIDED - W/MEDIAN (NOT RAISED),,STRAIGHT AND LEVEL,DRY,UNKNOWN,NOT ON SCENE (DESK REPORT),NO INJURY / DRIVE AWAY,,,,"$501 - $1,500",08/16/2025 03:00:00 PM,FAILING TO YIELD RIGHT-OF-WAY,FAILING TO YIELD RIGHT-OF-WAY,3200,W,ADDISON ST,1733,,,,,,,2,NO INDICATION OF INJURY,0,0,0,0,0,3,0,14,7,8,41.9467400322,-87.7078754891,POINT (-87.707875489132 41.946740032195)
368ff2c3aca3addcca808dfe466653b112ef91b76a1adf4e4d00c18694d44e7b24eab5a4d7df834032e509bdbb0917cbf3ec5864ac47d61107fdeee4fcfc6b3c,,08/16/2025 02:00:00 PM,30,TRAFFIC SIGNAL,FUNCTIONING PROPERLY,CLEAR,DAYLIGHT,SIDESWIPE SAME DIRECTION,ONE-WAY,,STRAIGHT AND LEVEL,DRY,NO DEFECTS,NOT ON SCENE (DESK REPORT),NO INJURY / DRIVE AWAY,,,,"OVER $1,500",08/16/2025 02:38:00 PM,UNABLE TO DETERMINE,NOT APPLICABLE,25,E,WASHINGTON ST,112,,,,,,,2,NO INDICATION OF INJURY,0,0,0,0,0,3,0,14,7,8,41.883109079,-87.6269760337,POINT (-87.626976033709 41.883109078966)
96447e80d8e913cc5d18addcc71e81aaceefc129c04e220ccd88e65cde6302fa48f14fd795c713922ad38b308ea0f751e5d5a38f065adc8d27937e3b6664a3d7,,08/16/2025 02:00:00 PM,30,NO CONTROLS,NO CONTROLS,CLEAR,DAYLIGHT,SIDESWIPE SAME DIRECTION,DIVIDED - W/MEDIAN (NOT RAISED),,STRAIGHT AND LEVEL,UNKNOWN,UNKNOWN,NOT ON SCENE (DESK REPORT),NO INJURY / DRIVE AWAY,,,,"OVER $1,500",08/16/2025 02:30:00 PM,IMPROPER LANE USAGE,FAILING TO REDUCE SPEED TO AVOID CRASH,1550,N,CLARK ST,1821,,,,,,,2,NO INDICATION OF INJURY,0,0,0,0,0,3,0,14,7,8,41.91093885,-87.6318120126,POINT (-87.631812012607 41.91093885001)
bed9613bfc8b84e12a69f7a54678b4e0837e9f3c6364348f7ee0444372805ec3a87b0899b5f419a930cf98db2adfa3e4f14a43f1c3571baa6d2e13ef2f30213a,,08/16/2025 02:00:00 PM,30,STOP SIGN/FLASHER,FUNCTIONING PROPERLY,CLEAR,DAYLIGHT,PEDALCYCLIST,DIVIDED - W/MEDIAN (NOT RAISED),,STRAIGHT AND LEVEL,DRY,NO DEFECTS,NOT ON SCENE (DESK REPORT),NO INJURY / DRIVE AWAY,,,,$500 OR LESS,08/16/2025 02:20:00 PM,DRIVING SKILLS/KNOWLEDGE/EXPERIENCE,UNABLE TO DETERMINE,700,W,BELMONT AVE,1925,,,,,,,2,NO INDICATION OF INJURY,0,0,0,0,0,2,0,14,7,8,41.9401233712,-87.6469598167,POINT (-87.646959816705 41.940123371176)
d6c112525bb417c46628e16145dbf37c81a5dc1704a954b968962f98a600b36c9c3ca3500f1e140e0c4c5048ba2abbfca27d28d329c7f365b73536dc30e8f65a,,08/16/2025 02:00:00 PM,30,NO CONTROLS,NO CONTROLS,CLEAR,DAYLIGHT,PARKED MOTOR VEHICLE,ONE-WAY,,STRAIGHT AND LEVEL,DRY,NO DEFECTS,ON SCENE,INJURY AND / OR TOW DUE TO CRASH,,,,"OVER $1,500",08/16/2025 02:06:00 PM,EQUIPMENT - VEHICLE CONDITION,EQUIPMENT - VEHICLE CONDITION,1945,S,HARDING AVE,1014,,,,,,,3,NO INDICATION OF INJURY,0,0,0,0,0,2,0,14,7,8,41.8538081795,-87.7234131022,POINT (-87.723413102177 41.853808179489)
d7b7da1f0f414fd0f98951d870ef9c44176bb741f15452ff25d54a6e9ba9963d760aa149c1c4f5bef0930c3be1d5d680c46566cfd44f3e84843820b8580d8f29,,08/16/2025 02:00:00 PM,30,TRAFFIC SIGNAL,FUNCTIONING PROPERLY,CLEAR,DAYLIGHT,REAR END,DIVIDED - W/MEDIAN (NOT RAISED),,STRAIGHT AND LEVEL,DRY,NO DEFECTS,NOT ON SCENE (DESK REPORT),NO INJURY / DRIVE AWAY,Y,,,"OVER $1,500",08/16/2025 04:35:00 PM,FOLLOWING TOO CLOSELY,UNABLE TO DETERMINE,8700,S,RACINE AVE,2222,,,,,,,2,NO INDICATION OF INJURY,0,0,0,0,0,2,0,14,7,8,41.7358416433,-87.6534839498,POINT (-87.653483949803 41.735841643319)
fdb0bef5a3a9a6146c74b36969d56044e83933c82e346ceb71f297b1f0a40fb758b75f46a659188b9e3fcb9306a3b50ff0213100f0c2aad0b55c070a3baf9f96,,08/16/2025 02:00:00 PM,5,NO CONTROLS,NO CONTROLS,CLEAR,DAYLIGHT,PARKED MOTOR VEHICLE,ONE-WAY,,STRAIGHT AND LEVEL,DRY,NO DEFECTS,NOT ON SCENE (DESK REPORT),NO INJURY / DRIVE AWAY,,Y,,"$501 - $1,500",08/16/2025 05:45:00 PM,DRIVING SKILLS/KNOWLEDGE/EXPERIENCE,NOT APPLICABLE,1561,N,FREMONT ST,1822,,,,,,,2,NO INDICATION OF INJURY,0,0,0,0,0,1,0,14,7,8,41.9102866559,-87.650941527,POINT (-87.650941527011 41.910286655933)
07059aab65d1c83625dbea2f86b29cbdf1bddb206e46cede3251a9fd7d7fb74d9b492d18e86ab97653c4c762429b6a204e35ac0e15ae955dd6d1d04e122c3109,,08/16/2025 01:57:00 PM,30,TRAFFIC SIGNAL,NO CONTROLS,CLEAR,DAYLIGHT,TURNING,FOUR WAY,,STRAIGHT AND LEVEL,DRY,NO DEFECTS,ON SCENE,NO INJURY / DRIVE AWAY,Y,,N,"OVER $1,500",08/16/2025 01:58:00 PM,UNABLE TO DETERMINE,NOT APPLICABLE,800,W,GRAND AVE,1214,,Y,,,,,2,NO INDICATION OF INJURY,0,0,0,0,0,2,0,13,7,8,41.891293713,-87.647680593,POINT (-87.647680593026 41.891293712961)
775bb65ce7e1f0661bbc8617588e065b3ed4a3dcb2d07987f11b617bbc7b513fa755ad0308c7a46d06b04a15df648fba29e29e4d414bf71a4eb2c25c37027228,,08/16/2025 01:55:00 PM,30,STOP SIGN/FLASHER,UNKNOWN,CLEAR,DAYLIGHT,TURNING,FOUR WAY,,STRAIGHT AND LEVEL,UNKNOWN,UNKNOWN,NOT ON SCENE (DESK REPORT),NO INJURY / DRIVE AWAY,Y,,Y,"OVER $1,500",08/16/2025 03:05:00 PM,FOLLOWING TOO CLOSELY,FAILING TO REDUCE SPEED TO AVOID CRASH,2342,N,ASHLAND AVE,1811,,,,,,,2,NO INDICATION OF INJURY,0,0,0,0,0,2,0,13,7,8,41.9245801374,-87.6682712228,POINT (-87.668271222831 41.924580137368)
0db9523694480417bcbc1ac0f1a1352d123d9a9a06a390d6cfadfa4097a41c5e268e84e402b0cbc9caa2404d761b443940a2811e1c5fb6358f855d12adc31907,,08/16/2025 01:45:00 PM,30,TRAFFIC SIGNAL,FUNCTIONING PROPERLY,CLEAR,DAYLIGHT,REAR TO FRONT,DIVIDED - W/MEDIAN (NOT RAISED),,STRAIGHT AND LEVEL,DRY,NO DEFECTS,NOT ON SCENE (DESK REPORT),NO INJURY / DRIVE AWAY,Y,,,"OVER $1,500",08/16/2025 04:05:00 PM,IMPROPER BACKING,UNABLE TO DETERMINE,300,E,ILLINOIS ST,1834,,,,,,,2,NO INDICATION OF INJURY,0,0,0,0,0,2,0,13,7,8,41.8911138819,-87.6201994176,POINT (-87.620199417551 41.89111388192)
44a58116a80a1a87b1bd618e53adb32be29a8a4a3ef551fbd1611550dbb6a98c5be4d41843ace9c3a86f703e0bc753f1a80218a89fdf6d6b2e9b151fcaeae91d,,08/16/2025 01:45:00 PM,10,NO CONTROLS,NO CONTROLS,CLEAR,DAYLIGHT,FIXED OBJECT,OTHER,,STRAIGHT AND LEVEL,DRY,NO DEFECTS,ON SCENE,NO INJURY / DRIVE AWAY,,Y,,"OVER $1,500",08/16/2025 01:50:00 PM,UNABLE TO DETERMINE,NOT APPLICABLE,429,W,95TH PL,2223,,,,,,,1,NO INDICATION OF INJURY,0,0,0,0,0,1,0,13,7,8,41.7205488708,-87.6351208331,POINT (-87.635120833111 41.720548870816)
db1f990ef6a23ad20a3dd4815960c261925b76777bc54b3c955090ee6edbde373fb7ddf9842d19e666fa8e04b8b6f79045142bb728c532ae1b63f8a71e65abed,,08/16/2025 01:42:00 PM,30,OTHER,NO CONTROLS,CLEAR,DAYLIGHT,SIDESWIPE SAME DIRECTION,NOT DIVIDED,,STRAIGHT AND LEVEL,DRY,NO DEFECTS,ON SCENE,INJURY AND / OR TOW DUE TO CRASH,,,,"$501 - $1,500",08/16/2025 01:42:00 PM,UNABLE TO DETERMINE,UNABLE TO DETERMINE,5298,W,DIVERSEY AVE,2514,,,,,,,2,NONINCAPACITATING INJURY,2,0,0,2,0,2,0,13,7,8,41.9314801686,-87.7587520833,POINT (-87.758752083279 41.931480168569)
dd9796f1d7c247ed0dae01c0e5f55ba1d2b260da214025bbf9a0856f83aeef99d103c13789e5ed57d09c3872bd868934a5d2449fad2bb129a7bf2959ce14ca14,,08/16/2025 01:40:00 PM,30,STOP SIGN/FLASHER,FUNCTIONING PROPERLY,CLEAR,DAYLIGHT,TURNING,DIVIDED - W/MEDIAN (NOT RAISED),,STRAIGHT AND LEVEL,DRY,NO DEFECTS,NOT ON SCENE (DESK REPORT),NO INJURY / DRIVE AWAY,,,,"OVER $1,500",08/16/2025 03:25:00 PM,FAILING TO YIELD RIGHT-OF-WAY,NOT APPLICABLE,2101,W,ARMITAGE AVE,1434,,,,,,,2,NO INDICATION OF INJURY,0,0,0,0,0,3,0,13,7,8,41.9175936638,-87.6802117933,POINT (-87.680211793323 41.917593663833)
e42ba625127134d7e370b667389284da505d8a50cee8b19bd5c87da5a5e96de5f9de6e651955e93c17a71f4bb4accb939a7382fef41f3080ff142c048b5c2860,,08/16/2025 01:40:00 PM,30,NO CONTROLS,NO CONTROLS,CLEAR,DAYLIGHT,ANGLE,NOT DIVIDED,,STRAIGHT AND LEVEL,DRY,NO DEFECTS,NOT ON SCENE (DESK REPORT),NO INJURY / DRIVE AWAY,,,Y,"$501 - $1,500",08/16/2025 07:41:00 PM,"OPERATING VEHICLE IN ERRATIC, RECKLESS, CARELESS, NEGLIGENT OR AGGRESSIVE MANNER",NOT APPLICABLE,548,E,67TH ST,321,,,,,,,2,NO INDICATION OF INJURY,0,0,0,0,0,2,0,13,7,8,41.7731578119,-87.6111108613,POINT (-87.611110861253 41.773157811926)
fd0f3c8b812f0b84bcdccbd8aa618ba83b467c41cfdc541535183e950d3adf087174d4f47ce9c447c9b2a8fad46e578ee6b160bc7a3b5532d55fa0fc364d23f1,Y,08/16/2025 01:40:00 PM,25,TRAFFIC SIGNAL,FUNCTIONING PROPERLY,CLEAR,DAYLIGHT,REAR END,NOT DIVIDED,,STRAIGHT AND LEVEL,DRY,NO DEFECTS,NOT ON SCENE (DESK REPORT),INJURY AND / OR TOW DUE TO CRASH,Y,,,"OVER $1,500",08/16/2025 02:50:00 PM,UNABLE TO DETERMINE,UNABLE TO DETERMINE,3711,S,WESTERN BLVD,912,,,,,,,2,"REPORTED, NOT EVIDENT",2,0,0,0,2,3,0,13,7,8,41.8261100183,-87.6841967321,POINT (-87.684196732113 41.826110018278)
c3245df08f6b9a7724ea2ca5fa739bc685cf7297474de3c66dc2f06eafdb5084dcf6d58b34935dfa65ede34d03ebfd782b85a2a8c65a6a52e82583ae4e65838d,,08/16/2025 01:39:00 PM,30,NO CONTROLS,NO CONTROLS,CLEAR,DAYLIGHT,TURNING,NOT DIVIDED,,STRAIGHT AND LEVEL,DRY,NO DEFECTS,NOT ON SCENE (DESK REPORT),NO INJURY / DRIVE AWAY,,,,"OVER $1,500",08/16/2025 03:12:00 PM,IMPROPER OVERTAKING/PASSING,DRIVING SKILLS/KNOWLEDGE/EXPERIENCE,2628,N,ELSTON AVE,1432,,,,,,,2,NO INDICATION OF INJURY,0,0,0,0,0,2,0,13,7,8,41.9293624615,-87.6839374251,POINT (-87.6839374251 41.929362461543)
445200e0c619c6317eb7171be02f0c0a837f0230c32dc6f66a399f71745afe19265d9bbb7cd1ce780a4d1ad3bc671a3cc823a16f00dc31e55e794ba2ff92ef24,,08/16/2025 01:35:00 PM,30,UNKNOWN,UNKNOWN,CLEAR,DAYLIGHT,TURNING,NOT DIVIDED,,STRAIGHT AND LEVEL,DRY,UNKNOWN,,NO INJURY / DRIVE AWAY,,,,"OVER $1,500",08/16/2025 03:15:00 PM,UNABLE TO DETERMINE,NOT APPLICABLE,3705,W,DIVISION ST,1112,,,,,,,2,NO INDICATION OF INJURY,0,0,0,0,0,2,0,13,7,8,41.902623035,-87.719238142,POINT (-87.719238141981 41.902623035045)
6271fc3c4b23249832d5cad459213c6d4897f043174e3e0737084a2483f1065dfbbe88d6da40344dfe9a624e1eeb5146583235bf11621bd78b031fa49a04fa6f,,08/16/2025 01:35:00 PM,30,STOP SIGN/FLASHER,FUNCTIONING PROPERLY,CLEAR,DAYLIGHT,ANGLE,FOUR WAY,,STRAIGHT AND LEVEL,DRY,NO DEFECTS,NOT ON SCENE (DESK REPORT),NO INJURY / DRIVE AWAY,Y,,Y,"OVER $1,500",08/16/2025 03:10:00 PM,FAILING TO YIELD RIGHT-OF-WAY,NOT APPLICABLE,3900,N,ELSTON AVE,1732,,,,,,,2,NO INDICATION OF INJURY,0,0,0,0,0,2,0,13,7,8,41.9518626852,-87.7166972674,POINT (-87.71669726745 41.951862685154)
111626b94b710bf840d11a45a57effa19a01e1cc830e36fb30a07eab8f0ee5bc672e0712b522276af5a6a19b2d2b439ad0ce966c11dd57154e2ae2db73fddfe5,,08/16/2025 01:30:00 PM,30,TRAFFIC SIGNAL,FUNCTIONING PROPERLY,CLEAR,DAYLIGHT,SIDESWIPE SAME DIRECTION,NOT DIVIDED,,STRAIGHT AND LEVEL,DRY,NO DEFECTS,NOT ON SCENE (DESK REPORT),NO INJURY / DRIVE AWAY,Y,,,"OVER $1,500",08/21/2025 08:00:00 PM,IMPROPER OVERTAKING/PASSING,FOLLOWING TOO CLOSELY,809,W,BELMONT AVE,1933,,,,,,,2,NO INDICATION OF INJURY,0,0,0,0,0,2,0,13,7,8,41.9398661757,-87.649629745,POINT (-87.649629744977 41.939866175697)
9758d404d9236da3336ab9880f5edd980e020af477168343ed64003680eafb7f1809eb8ae479f0a13af00b4f211a40dca78021adb041da7958469a60396fe048,,08/16/2025 01:30:00 PM,30,UNKNOWN,UNKNOWN,CLEAR,DAYLIGHT,PARKED MOTOR VEHICLE,NOT DIVIDED,,STRAIGHT AND LEVEL,DRY,UNKNOWN,ON SCENE,NO INJURY / DRIVE AWAY,,,Y,"OVER $1,500",08/16/2025 03:39:00 PM,UNABLE TO DETERMINE,UNABLE TO DETERMINE,3540,N,PULASKI RD,1731,,,,,,,2,NO INDICATION OF INJURY,0,0,0,0,0,1,0,13,7,8,41.9457741696,-87.7275284732,POINT (-87.72752847324 41.945774169615)
75b82815c149fae2e68a74109d45560621415658a6a81a5fcc8a9815f8db58dd5cdfadccd79a988476060a0b8084487c587da3765a2c792b0955ad336fbebc14,,08/16/2025 01:24:00 PM,35,NO CONTROLS,NO CONTROLS,CLEAR,DAYLIGHT,TURNING,DIVIDED - W/MEDIAN BARRIER,,STRAIGHT AND LEVEL,DRY,NO DEFECTS,NOT ON SCENE (DESK REPORT),NO INJURY / DRIVE AWAY,,,,"$501 - $1,500",08/16/2025 03:19:00 PM,FAILING TO YIELD RIGHT-OF-WAY,NOT APPLICABLE,2344,W,87TH ST,614,,,,,,,2,NO INDICATION OF INJURY,0,0,0,0,0,2,0,13,7,8,41.7356451002,-87.6819264127,POINT (-87.681926412725 41.7356451002)
cc7a23b9d5fad74409d5933d957ac9adc70b7708f8fb7790f5260235e2ff92e67ebe5394d3f75895b03b92515a52edbf86cc0058c0f190ac308f673241291da9,,08/16/2025 01:20:00 PM,30,TRAFFIC SIGNAL,FUNCTIONING PROPERLY,CLEAR,DAYLIGHT,PEDESTRIAN,FOUR WAY,,STRAIGHT AND LEVEL,DRY,NO DEFECTS,NOT ON SCENE (DESK REPORT),INJURY AND / OR TOW DUE TO CRASH,Y,,Y,$500 OR LESS,08/17/2025 09:15:00 AM,FAILING TO YIELD RIGHT-OF-WAY,UNABLE TO DETERMINE,3540,N,MILWAUKEE AVE,1731,,,,,,,2,NONINCAPACITATING INJURY,1,0,0,1,0,1,0,13,7,8,41.9449143795,-87.7336358831,POINT (-87.733635883128 41.944914379507)
d65be62f5335cd5727ed84eac098e279d243c81192826d7ba45bf2d649a9ece1454ef076a3ea86c22e8189390129167d27a80c30a8dea0d1dc99aa9a61704507,,08/16/2025 01:20:00 PM,25,NO CONTROLS,NO CONTROLS,UNKNOWN,UNKNOWN,PARKED MOTOR VEHICLE,PARKING LOT,,STRAIGHT AND LEVEL,UNKNOWN,UNKNOWN,NOT ON SCENE (DESK REPORT),NO INJURY / DRIVE AWAY,,Y,,"OVER $1,500",08/18/2025 05:30:00 PM,UNABLE TO DETERMINE,UNABLE TO DETERMINE,5601,S,KEDZIE AVE,824,,,,,,,2,NO INDICATION OF INJURY,0,0,0,0,0,2,0,13,7,8,41.791609872,-87.7033555982,POINT (-87.703355598231 41.791609871969)
140b6007d03305dfa9ed5f43ba72461ce7f108aca97c2ffdca6b095ff568af2114db89b249c80bfa7a36ace6fb38e31b25ffeab811c4f411d7d85bc38245f809,,08/16/2025 01:11:00 PM,30,NO CONTROLS,NO CONTROLS,CLEAR,DAYLIGHT,PARKED MOTOR VEHICLE,DIVIDED - W/MEDIAN (NOT RAISED),,STRAIGHT AND LEVEL,DRY,NO DEFECTS,NOT ON SCENE (DESK REPORT),NO INJURY / DRIVE AWAY,,,Y,$500 OR LESS,08/16/2025 02:00:00 PM,IMPROPER BACKING,NOT APPLICABLE,555,W,ROOSEVELT RD,124,,,,,,,2,NO INDICATION OF INJURY,0,0,0,0,0,4,0,13,7,8,41.8671220173,-87.6414076004,POINT (-87.641407600431 41.867122017279)
52ccebddd5e08e09a566407324fcb560b4d47ff603e6443399f871af4d9242a7f66eebc74e210fb2e7cba9a272a23fcbaf5acfc0e3bb9d65e0af9900a167bdae,,08/16/2025 01:10:00 PM,30,UNKNOWN,UNKNOWN,UNKNOWN,UNKNOWN,SIDESWIPE SAME DIRECTION,NOT DIVIDED,,STRAIGHT AND LEVEL,UNKNOWN,UNKNOWN,NOT ON SCENE (DESK REPORT),NO INJURY / DRIVE AWAY,,,Y,$500 OR LESS,08/16/2025 03:12:00 PM,UNABLE TO DETERMINE,UNABLE TO DETERMINE,4000,N,CLARK ST,1912,,,,,,,2,NO INDICATION OF INJURY,0,0,0,0,0,2,0,13,7,8,41.9544324414,-87.6624462591,POINT (-87.662446259141 41.954432441417)
90f9dbf9f7cdd73ff1feed78d1fed5db4c256bb2c057ee99248745d63a2559bf7a8461092bf98ad60b35703b47ab31e93fc5ae7cbe7c2ef612d3b44e4f3a8989,,08/16/2025 01:10:00 PM,30,NO CONTROLS,NO CONTROLS,CLEAR,DAYLIGHT,ANGLE,ALLEY,,STRAIGHT AND LEVEL,DRY,NO DEFECTS,ON SCENE,NO INJURY / DRIVE AWAY,Y,,Y,"OVER $1,500",08/16/2025 01:14:00 PM,UNABLE TO DETERMINE,NOT APPLICABLE,5202,N,OAKLEY AVE,2012,,,,,,,2,NO INDICATION OF INJURY,0,0,0,0,0,2,0,13,7,8,41.9760378241,-87.6868826964,POINT (-87.686882696351 41.97603782406)
d9ba6a6c3ed3d487a67c837453229d036a8426fbffad4a8a80a54268684c34d5416d7bb80df213d34d8c9a22d73f915f6ccf956e7abff6047b2801c64aaa5674,,08/16/2025 01:08:00 PM,30,STOP SIGN/FLASHER,FUNCTIONING PROPERLY,CLEAR,DAYLIGHT,PEDALCYCLIST,DIVIDED - W/MEDIAN (NOT RAISED),,STRAIGHT AND LEVEL,DRY,NO DEFECTS,ON SCENE,INJURY AND / OR TOW DUE TO CRASH,Y,,,"OVER $1,500",08/16/2025 01:09:00 PM,FAILING TO YIELD RIGHT-OF-WAY,NOT APPLICABLE,4500,W,JACKSON BLVD,1113,,,,,,,2,NONINCAPACITATING INJURY,1,0,0,1,0,1,0,13,7,8,41.8770455936,-87.7378851869,POINT (-87.737885186908 41.877045593596)
dffdf7a996c74622700d1f467d44bf7aa3a83ba356cc9e1790d6d66f73f6e5ae11d54740964c1e5adae9c76e4c1f312b1fe044af6980460906d5f629c1ae758e,,08/16/2025 01:00:00 PM,30,NO CONTROLS,NO CONTROLS,CLEAR,DAYLIGHT,SIDESWIPE SAME DIRECTION,NOT DIVIDED,,STRAIGHT AND LEVEL,DRY,NO DEFECTS,NOT ON SCENE (DESK REPORT),NO INJURY / DRIVE AWAY,N,,,"OVER $1,500",08/16/2025 02:30:00 PM,DRIVING SKILLS/KNOWLEDGE/EXPERIENCE,UNABLE TO DETERMINE,6725,W,GRAND AVE,2512,,,,,,,2,NO INDICATION OF INJURY,0,0,0,0,0,3,0,13,7,8,41.9235030078,-87.7934545371,POINT (-87.793454537131 41.923503007759)
ecfa8e2f6b0cf886b8f69f04af8475bea5cb3d446e8c54cf67502f259603944a6e131adcee2ebccb74bd829955d5e766651bce50f8e1bd1973555f82f4ed6c5e,,08/16/2025 01:00:00 PM,30,UNKNOWN,UNKNOWN,UNKNOWN,UNKNOWN,PEDALCYCLIST,PARKING LOT,,STRAIGHT AND LEVEL,UNKNOWN,UNKNOWN,NOT ON SCENE (DESK REPORT),INJURY AND / OR TOW DUE TO CRASH,,,Y,"$501 - $1,500",08/19/2025 10:26:00 AM,FAILING TO YIELD RIGHT-OF-WAY,FOLLOWING TOO CLOSELY,1232,W,NORTH AVE,1433,,,,,,,2,NONINCAPACITATING INJURY,1,0,0,1,0,1,0,13,7,8,41.910875544,-87.6582782399,POINT (-87.658278239858 41.910875543991)
1025cf5a20b10dd05751d2562efca1feaff2aa7b7ad4675a342053c70c92f62d704e1238411ab0f4b26b8b715992f95636123f27b0252454239ffbf9891af5a6,,08/16/2025 12:50:00 PM,30,TRAFFIC SIGNAL,FUNCTIONING PROPERLY,CLEAR,DAYLIGHT,REAR END,NOT DIVIDED,,STRAIGHT AND LEVEL,DRY,NO DEFECTS,NOT ON SCENE (DESK REPORT),INJURY AND / OR TOW DUE TO CRASH,,,,"$501 - $1,500",08/16/2025 01:19:00 PM,FOLLOWING TOO CLOSELY,NOT APPLICABLE,5900,S,CICERO AVE,813,,,,,,,2,NONINCAPACITATING INJURY,1,0,0,1,0,2,0,12,7,8,41.7856433239,-87.7414857784,POINT (-87.741485778405 41.785643323876)