CRASH_RECORD_ID,CRASH_DATE_EST_I,CRASH_DATE,POSTED_SPEED_LIMIT,TRAFFIC_CONTROL_DEVICE,DEVICE_CONDITION,WEATHER_CONDITION,LIGHTING_CONDITION,FIRST_CRASH_TYPE,TRAFFICWAY_TYPE,LANE_CNT,ALIGNMENT,ROADWAY_SURFACE_COND,ROAD_DEFECT,REPORT_TYPE,CRASH_TYPE,INTERSECTION_RELATED_I,NOT_RIGHT_OF_WAY_I,HIT_AND_RUN_I,DAMAGE,DATE_POLICE_NOTIFIED,PRIM_CONTRIBUTORY_CAUSE,SEC_CONTRIBUTORY_CAUSE,STREET_NO,STREET_DIRECTION,STREET_NAME,BEAT_OF_OCCURRENCE,PHOTOS_TAKEN_I,STATEMENTS_TAKEN_I,DOORING_I,WORK_ZONE_I,WORK_ZONE_TYPE,WORKERS_PRESENT_I,NUM_UNITS,MOST_SEVERE_INJURY,INJURIES_TOTAL,INJURIES_FATAL,INJURIES_INCAPACITATING,INJURIES_NON_INCAPACITATING,INJURIES_REPORTED_NOT_EVIDENT,INJURIES_NO_INDICATION,INJURIES_UNKNOWN,CRASH_HOUR,CRASH_DAY_OF_WEEK,CRASH_MONTH,LATITUDE,LONGITUDE,LOCATION
2c09c74bf2bf48b2d3ca1b25cab341f5a10ea07c8077c0ce30398e5faf6408dc87c79a9c4249c27b6f39f85c6094bc3af0c76cc2c34ff5942c5e651bb336dd57,,08/16/2025 12:50:00 PM,30,TRAFFIC SIGNAL,FUNCTIONING PROPERLY,CLEAR,DAYLIGHT,ANGLE,NOT DIVIDED,,STRAIGHT AND LEVEL,DRY,UNKNOWN,,INJURY AND / OR TOW DUE TO CRASH,Y,,,"OVER $1,500",08/16/2025 12:53:00 PM,UNABLE TO DETERMINE,UNABLE TO DETERMINE,800,W,103RD ST,2232,,,,,,,2,NONINCAPACITATING INJURY,1,0,0,1,0,5,0,12,7,8,41.7070263198,-87.6428960074,POINT (-87.642896007418 41.707026319812)
afba49f9dcefee3477c62c1395b4dce9886dcd57084753e364333f6606e45d6f926f47c89d878fc1ac4882ba9a92ee04cf7c39531d2c60460e832c531ed0074b,,08/16/2025 12:50:00 PM,30,UNKNOWN,UNKNOWN,UNKNOWN,UNKNOWN,REAR END,NOT DIVIDED,,STRAIGHT AND LEVEL,UNKNOWN,UNKNOWN,NOT ON SCENE (DESK REPORT),NO INJURY / DRIVE AWAY,,,,$500 OR LESS,08/16/2025 02:15:00 PM,UNABLE TO DETERMINE,NOT APPLICABLE,2300,N,LINCOLN AVE,1812,,,,,,,2,NO INDICATION OF INJURY,0,0,0,0,0,2,0,12,7,8,41.9236244659,-87.6464272903,POINT (-87.64642729029 41.92362446591)
ccb8b8d9ea32698060bc5c4862ee6d90c45ca252b21256b8486ee3288bf83e95df2b62f9d395c1d89d6673aac1304223cf818a9c01dbb1a582434300b1c8aac5,,08/16/2025 12:50:00 PM,30,NO CONTROLS,NO CONTROLS,CLEAR,DAYLIGHT,TURNING,DIVIDED - W/MEDIAN (NOT RAISED),,STRAIGHT AND LEVEL,DRY,NO DEFECTS,NOT ON SCENE (DESK REPORT),NO INJURY / DRIVE AWAY,,,,"OVER $1,500",08/16/2025 02:40:00 PM,UNABLE TO DETERMINE,NOT APPLICABLE,3408,W,ARMITAGE AVE,1413,,,,,,,2,NO INDICATION OF INJURY,0,0,0,0,0,2,0,12,7,8,41.9174469475,-87.7123112298,POINT (-87.712311229796 41.917446947478)
3f063d615771e76fa143d41d7ea234725db73f444fa8d395d24567bb3b45582c83a66297a131bda0423e94928dfa7606d1f9299035d8dac565dbc05795b71587,,08/16/2025 12:46:00 PM,10,NO CONTROLS,NO CONTROLS,UNKNOWN,DAYLIGHT,PARKED MOTOR VEHICLE,PARKING LOT,,STRAIGHT AND LEVEL,UNKNOWN,UNKNOWN,NOT ON SCENE (DESK REPORT),NO INJURY / DRIVE AWAY,,,,"OVER $1,500",08/16/2025 01:50:00 PM,UNABLE TO DETERMINE,UNABLE TO DETERMINE,3142,W,LAWRENCE AVE,1713,,,,,,,2,NO INDICATION OF INJURY,0,0,0,0,0,3,0,12,7,8,41.9685727721,-87.7077877013,POINT (-87.707787701272 41.968572772124)
37be9d40e0f60f2a084b4aa7c6ddc0a2b131519513b3347cc187d96191f464ca9022af478e8ff003e7b0d7d86d1c81934ecee255e59d3d31397a0eb802db9f05,,08/16/2025 12:45:00 PM,30,TRAFFIC SIGNAL,FUNCTIONING PROPERLY,CLEAR,DAYLIGHT,REAR END,NOT DIVIDED,,STRAIGHT AND LEVEL,DRY,NO DEFECTS,NOT ON SCENE (DESK REPORT),NO INJURY / DRIVE AWAY,,,Y,"OVER $1,500",08/17/2025 10:45:00 AM,FOLLOWING TOO CLOSELY,NOT APPLICABLE,56,E,47TH ST,215,,,,,,,3,NO INDICATION OF INJURY,0,0,0,0,0,4,0,12,7,8,41.8093789256,-87.6239240151,POINT (-87.623924015099 41.809378925614)
b934be9f389980a3363a26996756e3a3839da12084c25244255078d109e5a82c37fbc1eabb5c029798a134db933001f63515183ae02e2fb77e67f7dd8c6e0c19,,08/16/2025 12:45:00 PM,25,UNKNOWN,UNKNOWN,CLEAR,DAYLIGHT,SIDESWIPE SAME DIRECTION,DIVIDED - W/MEDIAN (NOT RAISED),,STRAIGHT AND LEVEL,DRY,UNKNOWN,NOT ON SCENE (DESK REPORT),NO INJURY / DRIVE AWAY,,,,"$501 - $1,500",08/16/2025 04:15:00 PM,IMPROPER LANE USAGE,IMPROPER LANE USAGE,100,W,LA SALLE DR,1814,,,,,,,2,NO INDICATION OF INJURY,0,0,0,0,0,2,0,12,7,8,41.9134833157,-87.6318086819,POINT (-87.631808681867 41.913483315672)
606a1b47f68e9bdd61e99fd3a8dff014d2fccba74b8cd1f6d131001f6fe7bc992b9c09ccbedfcd2cd4a9c92e131dcff7b8da40d0745c5273a5e8eaa1283e71bc,,08/16/2025 12:42:00 PM,30,NO CONTROLS,NO CONTROLS,CLEAR,DAYLIGHT,PARKED MOTOR VEHICLE,DIVIDED - W/MEDIAN (NOT RAISED),,STRAIGHT AND LEVEL,DRY,NO DEFECTS,NOT ON SCENE (DESK REPORT),NO INJURY / DRIVE AWAY,,,,"OVER $1,500",08/16/2025 01:45:00 PM,IMPROPER LANE USAGE,UNABLE TO DETERMINE,4545,N,KEDZIE AVE,1724,,,,,,,2,NO INDICATION OF INJURY,0,0,0,0,0,2,0,12,7,8,41.9643357684,-87.7081968744,POINT (-87.708196874429 41.964335768354)
154f44e7285beaafebd05f2acea35763d800a96a00ecb137031990f1334f7804952892a43adcdc543ac88aa9ab8a57d18805c8797c04f7a6c45dac4f682c2c0c,,08/16/2025 12:41:00 PM,30,NO CONTROLS,NO CONTROLS,CLEAR,DAYLIGHT,PARKED MOTOR VEHICLE,NOT DIVIDED,,STRAIGHT ON GRADE,DRY,NO DEFECTS,NOT ON SCENE (DESK REPORT),NO INJURY / DRIVE AWAY,,,,"OVER $1,500",08/18/2025 01:40:00 PM,DISTRACTION - FROM OUTSIDE VEHICLE,FAILING TO REDUCE SPEED TO AVOID CRASH,846,W,76TH ST,621,,,,,,,2,NO INDICATION OF INJURY,0,0,0,0,0,1,0,12,7,8,41.7561851115,-87.6460461116,POINT (-87.646046111574 41.756185111459)
20bfaeb02f55b55bbbf60834bdcce8a3c227392c20447e1dbf7b56f3467b342ff4d36b631aee01f60f2051be31cc2295124aa1d36a2ba86fa94ff970b57d3942,,08/16/2025 12:41:00 PM,10,NO CONTROLS,NO CONTROLS,CLEAR,DAYLIGHT,OTHER OBJECT,PARKING LOT,,STRAIGHT AND LEVEL,DRY,NO DEFECTS,ON SCENE,INJURY AND / OR TOW DUE TO CRASH,,,,"$501 - $1,500",08/16/2025 12:50:00 PM,PHYSICAL CONDITION OF DRIVER,NOT APPLICABLE,1,W,PARKING LOT D ST,1654,,,,,,,1,FATAL,1,1,0,0,0,0,0,12,7,8,,,
2ef44e38428923b1de19e6bdf202073c63105af70ebf5dc1351149bb89463c9f698186f2bdf7ac11f10bf3201c45fdb2be7a2b5a28eab0b3088d2b0e8ed7d47f,,08/16/2025 12:40:00 PM,10,NO CONTROLS,NO CONTROLS,CLEAR,DAYLIGHT,PARKED MOTOR VEHICLE,PARKING LOT,,STRAIGHT AND LEVEL,DRY,NO DEFECTS,ON SCENE,NO INJURY / DRIVE AWAY,,,,$500 OR LESS,08/16/2025 12:45:00 PM,UNABLE TO DETERMINE,UNABLE TO DETERMINE,4027,W,DIVERSEY AVE,2524,,,,,,,2,NO INDICATION OF INJURY,0,0,0,0,0,1,0,12,7,8,41.9316640173,-87.7280865107,POINT (-87.728086510723 41.931664017314)
4689dee2286ef93e75562cf442cfc6f70abe63b4ce71860db6f62ea4c0bbe594b15098fdfb836def11f98e321ad46706d08a18b51642b08ebdb818b9de0e74c1,,08/16/2025 12:39:00 PM,30,NO CONTROLS,NO CONTROLS,CLEAR,DAYLIGHT,REAR END,NOT DIVIDED,,STRAIGHT AND LEVEL,DRY,NO DEFECTS,NOT ON SCENE (DESK REPORT),NO INJURY / DRIVE AWAY,,,Y,"OVER $1,500",08/16/2025 01:10:00 PM,UNABLE TO DETERMINE,NOT APPLICABLE,321,S,CENTRAL AVE,1522,,,,,,,2,NO INDICATION OF INJURY,0,0,0,0,0,5,0,12,7,8,41.8758187161,-87.7645570543,POINT (-87.764557054349 41.875818716064)
7f1e169841fbea0c0ef917bc5f4b1d572f1f50fb3deb5240eaa31e2b0f4d383756bc1d4ae1163cfe49c14af4c8933e9090ed421deda00fce70a1a83b24ed2b7a,,08/16/2025 12:36:00 PM,15,NO CONTROLS,NO CONTROLS,CLEAR,DAYLIGHT,PARKED MOTOR VEHICLE,PARKING LOT,,STRAIGHT AND LEVEL,DRY,NO DEFECTS,ON SCENE,NO INJURY / DRIVE AWAY,,,,"$501 - $1,500",08/16/2025 12:36:00 PM,UNABLE TO DETERMINE,UNABLE TO DETERMINE,6659,S,HARVARD AVE,722,,,,,,,2,NO INDICATION OF INJURY,0,0,0,0,0,1,0,12,7,8,41.7727523452,-87.6330957822,POINT (-87.633095782207 41.772752345186)
1eb7f074eb9572b56febe68dc7057fd387d7d20ef847e9f5772a7c75d557882c30556849ff988e686258de350bf541bd228e7f4aad3e00a5de79b75bfce24b92,,08/16/2025 12:33:00 PM,30,OTHER,UNKNOWN,CLEAR,DAYLIGHT,FIXED OBJECT,DIVIDED - W/MEDIAN BARRIER,,STRAIGHT AND LEVEL,DRY,NO DEFECTS,ON SCENE,NO INJURY / DRIVE AWAY,,,,$500 OR LESS,08/16/2025 12:52:00 PM,NOT APPLICABLE,NOT APPLICABLE,1000,E,OHIO ST,1834,,,,,,,1,NO INDICATION OF INJURY,0,0,0,0,0,1,0,12,7,8,41.8934348479,-87.602566439,POINT (-87.602566439037 41.893434847949)
3e125c5aad172f05f608c4a1fbcd5f62b98a060581438a20091ce61646850ce463e5d40c398a643387361ea83e4d20f5487092e011581468871dbe5a3327a44c,,08/16/2025 12:30:00 PM,30,TRAFFIC SIGNAL,FUNCTIONING PROPERLY,CLEAR,DAYLIGHT,SIDESWIPE SAME DIRECTION,NOT DIVIDED,,STRAIGHT AND LEVEL,DRY,NO DEFECTS,NOT ON SCENE (DESK REPORT),NO INJURY / DRIVE AWAY,Y,,,"OVER $1,500",08/16/2025 02:30:00 PM,IMPROPER OVERTAKING/PASSING,FAILING TO YIELD RIGHT-OF-WAY,4408,W,GRAND AVE,2533,,,,,,,2,NO INDICATION OF INJURY,0,0,0,0,0,2,0,12,7,8,41.9102786775,-87.7364948191,POINT (-87.736494819132 41.910278677464)
88e2d80b9794041edefe0fad6e5ae932687cac9ff0be6616fa6d5727ed7c608e402612f600e79bc863a0ee497bc0bc8401e722c10757dcfdb8a0680cf78f3f7b,,08/16/2025 12:30:00 PM,30,NO CONTROLS,NO CONTROLS,CLEAR,DAYLIGHT,ANGLE,NOT DIVIDED,,STRAIGHT AND LEVEL,DRY,NO DEFECTS,NOT ON SCENE (DESK REPORT),NO INJURY / DRIVE AWAY,,,,"$501 - $1,500",08/16/2025 02:05:00 PM,FAILING TO YIELD RIGHT-OF-WAY,FAILING TO YIELD RIGHT-OF-WAY,4400,N,LARAMIE AVE,1623,,,,,,,2,NO INDICATION OF INJURY,0,0,0,0,0,2,0,12,7,8,41.9606432055,-87.7575349374,POINT (-87.75753493736 41.96064320551)
98697710a7629ca0494f2f5f1b400eb10abb19a22f68467e06c08332bad9646704ef892ce176641f5ec85d75a2397466a8ce67d8d9f720d8b38234a6a25372e8,,08/16/2025 12:30:00 PM,30,NO CONTROLS,NO CONTROLS,CLEAR,DAYLIGHT,REAR END,DIVIDED - W/MEDIAN BARRIER,,STRAIGHT AND LEVEL,UNKNOWN,UNKNOWN,NOT ON SCENE (DESK REPORT),NO INJURY / DRIVE AWAY,,,,"OVER $1,500",08/18/2025 01:19:00 PM,UNABLE TO DETERMINE,NOT APPLICABLE,5230,N,ASHLAND AVE,2012,,,,,,,2,NO INDICATION OF INJURY,0,0,0,0,0,2,0,12,7,8,41.977036891,-87.6697840799,POINT (-87.669784079907 41.97703689097)
bda8622154c8db0d2a4545d9b8c30e0572fa1b1d8363f509d7858a9500312e03a275a42ce5e50c7989818180c655f978dfe8f6aaa79aed244c4005fb9013da80,,08/16/2025 12:25:00 PM,30,TRAFFIC SIGNAL,FUNCTIONING PROPERLY,CLEAR,DAYLIGHT,REAR END,NOT DIVIDED,,STRAIGHT AND LEVEL,DRY,UNKNOWN,NOT ON SCENE (DESK REPORT),NO INJURY / DRIVE AWAY,Y,,,"$501 - $1,500",08/16/2025 12:30:00 PM,UNABLE TO DETERMINE,UNABLE TO DETERMINE,1600,W,111TH ST,2234,,,,,,,2,NO INDICATION OF INJURY,0,0,0,0,0,2,0,12,7,8,41.6922265036,-87.6619200153,POINT (-87.661920015286 41.692226503626)
e2c7d8bb21851a72fed96fa76394320d9528949d504993f11f3c0d44c0d6f1d97f92dde6096ca56692e79be49fa3e05c1bbdc926d0078f491dde6f508b76a78d,,08/16/2025 12:23:00 PM,30,TRAFFIC SIGNAL,FUNCTIONING PROPERLY,CLEAR,DAYLIGHT,REAR END,DIVIDED - W/MEDIAN BARRIER,,STRAIGHT AND LEVEL,DRY,NO DEFECTS,NOT ON SCENE (DESK REPORT),NO INJURY / DRIVE AWAY,,,,"OVER $1,500",08/16/2025 12:56:00 PM,FOLLOWING TOO CLOSELY,NOT APPLICABLE,1198,S,LAKE SHORE DR NB,114,,,,,,,2,NO INDICATION OF INJURY,0,0,0,0,0,2,0,12,7,8,41.8676554381,-87.6190070691,POINT (-87.619007069149 41.867655438063)
9be60998f7403e126b14174365b9cb27e921c81bfc17b6539fe232e65151d3bb6f20a29828cfbe9c208ea61034d9fb933ae0eb53436c80f3441bebb2c6becfd2,,08/16/2025 12:20:00 PM,30,TRAFFIC SIGNAL,FUNCTIONING PROPERLY,CLEAR,DAYLIGHT,ANGLE,DIVIDED - W/MEDIAN (NOT RAISED),,STRAIGHT AND LEVEL,DRY,NO DEFECTS,ON SCENE,INJURY AND / OR TOW DUE TO CRASH,Y,,,"OVER $1,500",08/16/2025 12:24:00 PM,UNABLE TO DETERMINE,UNABLE TO DETERMINE,50,E,CERMAK RD,131,,,,,,,3,NONINCAPACITATING INJURY,2,0,0,2,0,1,0,12,7,8,41.8529651438,-87.6250969351,POINT (-87.625096935093 41.852965143768)
cc7e50bd75e966d9e6ebcc1f4305850f81ba75a53dfa6e3d59c6ab3ac0df308d5098a203bc0e725c691c2ddf256e6db7ee3dbd92180f4e6c2920728df42cf70b,,08/16/2025 12:20:00 PM,30,NO CONTROLS,NO CONTROLS,CLEAR,DAYLIGHT,PEDALCYCLIST,NOT DIVIDED,,STRAIGHT AND LEVEL,DRY,NO DEFECTS,ON SCENE,INJURY AND / OR TOW DUE TO CRASH,,,,"$501 - $1,500",08/16/2025 12:30:00 PM,FAILING TO YIELD RIGHT-OF-WAY,UNABLE TO DETERMINE,1416,N,MILWAUKEE AVE,1424,,,,,,,2,NONINCAPACITATING INJURY,1,0,0,1,0,2,0,12,7,8,41.9075909496,-87.673333722,POINT (-87.673333721999 41.907590949622)
832a89ecb35ab662460af8ca2e1f8c0774285561ae2233d6cab8aeaf4c28f32e55dda9257d2e4de7682bbfc3b342dc04a407872ac943ba0aa0ae13b491d8665f,,08/16/2025 12:17:00 PM,30,NO CONTROLS,NO CONTROLS,CLEAR,DAYLIGHT,TURNING,NOT DIVIDED,,STRAIGHT AND LEVEL,DRY,NO DEFECTS,ON SCENE,NO INJURY / DRIVE AWAY,,,,"OVER $1,500",08/16/2025 12:20:00 PM,FAILING TO YIELD RIGHT-OF-WAY,UNABLE TO DETERMINE,11300,S,DOTY AVE E,531,,,,,,,2,NO INDICATION OF INJURY,0,0,0,0,0,2,0,12,7,8,41.6890653645,-87.5989722344,POINT (-87.59897223443 41.689065364528)
120934d6d36946116472c056974c66cac07f5d538f742302f2cb5e6a41d032c83872cf26da297f517e8a153dfc93425484c8ff085aec91791977815bf47e8e1b,,08/16/2025 12:15:00 PM,30,UNKNOWN,UNKNOWN,CLEAR,DAYLIGHT,SIDESWIPE SAME DIRECTION,ONE-WAY,,STRAIGHT AND LEVEL,UNKNOWN,UNKNOWN,NOT ON SCENE (DESK REPORT),NO INJURY / DRIVE AWAY,,,,"OVER $1,500",08/16/2025 01:30:00 PM,UNABLE TO DETERMINE,UNABLE TO DETERMINE,150,E,ONTARIO ST,1834,,,,,,,2,NO INDICATION OF INJURY,0,0,0,0,0,2,0,12,7,8,41.8934577214,-87.6234699245,POINT (-87.623469924524 41.893457721355)
58c7ce113af88dc4577b2d2aa32ee0c62d6dee130c220e1c355778056dbb6281bd08d15f83250e54d45602d178e5754936d187bc642b5b539a3ec52f0a8aa89e,,08/16/2025 12:15:00 PM,30,UNKNOWN,UNKNOWN,CLEAR,DAYLIGHT,REAR TO FRONT,PARKING LOT,,STRAIGHT AND LEVEL,UNKNOWN,UNKNOWN,NOT ON SCENE (DESK REPORT),NO INJURY / DRIVE AWAY,,Y,,"OVER $1,500",08/16/2025 05:30:00 PM,UNABLE TO DETERMINE,UNABLE TO DETERMINE,1600,N,LAKE SHORE DR,1814,,,,,,,2,NO INDICATION OF INJURY,0,0,0,0,0,2,0,12,7,8,41.9112245556,-87.6264825724,POINT (-87.626482572426 41.911224555611)
b3d31eae716e86883d1b588a92afc16f81bc0a393f2e92f4c1b69b23f5ead4a6c48a9458fd8e5e50785e2bda3d8e26785d1ad9b60c12bf33a6c0d289da5d4e6e,,08/16/2025 12:15:00 PM,35,TRAFFIC SIGNAL,FUNCTIONING PROPERLY,CLEAR,DAYLIGHT,REAR END,NOT DIVIDED,,STRAIGHT AND LEVEL,DRY,UNKNOWN,ON SCENE,INJURY AND / OR TOW DUE TO CRASH,Y,,,"OVER $1,500",08/16/2025 12:20:00 PM,DISTRACTION - FROM INSIDE VEHICLE,NOT APPLICABLE,4258,S,PULASKI RD,815,N,,,,,,2,NO INDICATION OF INJURY,0,0,0,0,0,3,0,12,7,8,41.8152508299,-87.7240106964,POINT (-87.724010696386 41.815250829925)
76572ccb768d4d7ebfdad1239a6eb4efdf14bd324da1b172f55b814660a8eb841e3dda6244a0b4c6b4078447bdc7e2ca525cf9abab549ace2efaddebb783f26f,,08/16/2025 12:14:00 PM,30,UNKNOWN,UNKNOWN,CLEAR,DAYLIGHT,SIDESWIPE SAME DIRECTION,NOT DIVIDED,,STRAIGHT AND LEVEL,UNKNOWN,UNKNOWN,NOT ON SCENE (DESK REPORT),NO INJURY / DRIVE AWAY,,,Y,"OVER $1,500",08/16/2025 02:15:00 PM,UNABLE TO DETERMINE,UNABLE TO DETERMINE,600,E,GRAND AVE,1834,,,,,,,2,NO INDICATION OF INJURY,0,0,0,0,0,2,0,12,7,8,41.8920941369,-87.6115698839,POINT (-87.611569883947 41.892094136862)
a6dbb8576cec18c9d6067bd990844a98f49d41052d469b0a8b0570f8c251129d70fbdc1cabd6937251d99e9d4899d38829aa2c558e5faa4e715eb143fd808fa3,,08/16/2025 12:13:00 PM,25,NO CONTROLS,NO CONTROLS,CLEAR,DAYLIGHT,PARKED MOTOR VEHICLE,NOT DIVIDED,,STRAIGHT AND LEVEL,DRY,NO DEFECTS,ON SCENE,NO INJURY / DRIVE AWAY,,,Y,"OVER $1,500",08/16/2025 12:20:00 PM,NOT APPLICABLE,NOT APPLICABLE,6336,N,HOYNE AVE,2413,,,,,,,2,NO INDICATION OF INJURY,0,0,0,0,0,1,0,12,7,8,41.9971731826,-87.6826861907,POINT (-87.682686190726 41.997173182555)
e4b7ae905373777347c33e1faeef39685a6f37d13d14275269caa3f29d9b6579103d67e6912f9496a4493afd26e23b6d19890cfdae90a7970c73c77199e26260,Y,08/16/2025 12:12:00 PM,25,NO CONTROLS,NO CONTROLS,CLEAR,DAYLIGHT,REAR TO FRONT,PARKING LOT,,STRAIGHT AND LEVEL,DRY,UNKNOWN,NOT ON SCENE (DESK REPORT),NO INJURY / DRIVE AWAY,,Y,Y,$500 OR LESS,08/16/2025 01:05:00 PM,UNABLE TO DETERMINE,UNABLE TO DETERMINE,2700,S,KEDZIE AVE,1032,,,,,,,2,NO INDICATION OF INJURY,0,0,0,0,0,2,0,12,7,8,41.8426025264,-87.7051278107,POINT (-87.705127810739 41.842602526365)
5a4d3d0dfb6762039dd6758327ad810b134eead57e2270fe0f5f37ca85ef1df6c520771708720887f7c27f414a3ded68aa3fa1ebca014bc1a371b951b8acc508,,08/16/2025 12:10:00 PM,30,NO CONTROLS,NO CONTROLS,CLEAR,DAYLIGHT,PARKED MOTOR VEHICLE,ONE-WAY,,STRAIGHT AND LEVEL,DRY,NO DEFECTS,ON SCENE,NO INJURY / DRIVE AWAY,,,,$500 OR LESS,08/16/2025 12:37:00 PM,UNABLE TO DETERMINE,UNABLE TO DETERMINE,912,N,LATROBE AVE,1524,,,,,,,2,NO INDICATION OF INJURY,0,0,0,0,0,1,0,12,7,8,41.8971771797,-87.7570287851,POINT (-87.757028785056 41.897177179692)
7202070d8af63a8b2298a99f5ccfdf3f27bc353f8a4773a3001776b777809aeac50dc78ac5f6e5ba856ce1df2d95ce9c6210669aee46be31216b083df3654244,,08/16/2025 12:00:00 PM,30,TRAFFIC SIGNAL,FUNCTIONING PROPERLY,CLEAR,DAYLIGHT,PEDESTRIAN,NOT DIVIDED,,STRAIGHT AND LEVEL,DRY,NO DEFECTS,ON SCENE,INJURY AND / OR TOW DUE TO CRASH,Y,,Y,"$501 - $1,500",08/16/2025 12:10:00 PM,FAILING TO YIELD RIGHT-OF-WAY,NOT APPLICABLE,100,W,NORTH AVE,1814,,,,,,,2,NONINCAPACITATING INJURY,1,0,0,1,0,1,0,12,7,8,41.9112877028,-87.6317331502,POINT (-87.631733150215 41.911287702774)
d1cf195812a14bcbb9e42a4147494b952838e0a1552a62d87d66c859e02a06899c84707a30058390bf96dafda60c67b72d30248c43d876e69af6aa9f08c616bd,Y,08/16/2025 12:00:00 PM,25,NO CONTROLS,NO CONTROLS,UNKNOWN,"DARKNESS, LIGHTED ROAD",PARKED MOTOR VEHICLE,ONE-WAY,,STRAIGHT AND LEVEL,UNKNOWN,NO DEFECTS,ON SCENE,INJURY AND / OR TOW DUE TO CRASH,,,Y,"OVER $1,500",08/17/2025 12:20:00 PM,UNABLE TO DETERMINE,UNABLE TO DETERMINE,6352,W,64TH PL,812,,,,,,,3,NO INDICATION OF INJURY,0,0,0,0,0,1,0,12,7,8,41.7750616553,-87.7808118397,POINT (-87.780811839723 41.775061655282)
d615811f2f86363fa496db078b6eafcdf6e5bec41c24ca290a1e8559322f4601b6c5f40b74aa930f115147a1a59eb82cfeacb4199a9b401bc4f3889834372341,,08/16/2025 12:00:00 PM,10,UNKNOWN,UNKNOWN,CLEAR,DAYLIGHT,SIDESWIPE SAME DIRECTION,ONE-WAY,,STRAIGHT AND LEVEL,DRY,UNKNOWN,NOT ON SCENE (DESK REPORT),NO INJURY / DRIVE AWAY,,,,"OVER $1,500",08/20/2025 09:30:00 AM,UNABLE TO DETERMINE,UNABLE TO DETERMINE,600,E,GRAND AVE,1834,,,,,,,2,NO INDICATION OF INJURY,0,0,0,0,0,2,0,12,7,8,41.8920941369,-87.6115698839,POINT (-87.611569883947 41.892094136862)
4748a337c1e38629ca9d1a3835a56bc7211352d58709160a7c152a41a7103f117691b24ddc4487ea1c3dbabde95a1c01ca1b69183e4963f7d6234899ef77533c,,08/16/2025 11:56:00 AM,30,TRAFFIC SIGNAL,FUNCTIONING PROPERLY,CLEAR,DAYLIGHT,TURNING,UNKNOWN,,STRAIGHT AND LEVEL,DRY,UNKNOWN,NOT ON SCENE (DESK REPORT),NO INJURY / DRIVE AWAY,,,Y,$500 OR LESS,08/16/2025 01:00:00 PM,FOLLOWING TOO CLOSELY,UNABLE TO DETERMINE,4401,W,ROOSEVELT RD,1011,,,,,,,2,NO INDICATION OF INJURY,0,0,0,0,0,2,0,11,7,8,41.8659213741,-87.7350838422,POINT (-87.735083842195 41.865921374106)
0ac26437008dc33d42177d3272246d746e9017cb3a3c8c2d05b4225d42fa1791c2b3d65ef16378d1f34bc9748cd749e50ce44832ce6442dd077919fc064a999d,,08/16/2025 11:53:00 AM,30,UNKNOWN,UNKNOWN,CLEAR,DAYLIGHT,PARKED MOTOR VEHICLE,ONE-WAY,,STRAIGHT AND LEVEL,DRY,UNKNOWN,NOT ON SCENE (DESK REPORT),NO INJURY / DRIVE AWAY,,,Y,"OVER $1,500",08/16/2025 03:48:00 PM,UNABLE TO DETERMINE,UNABLE TO DETERMINE,1027,E,62ND ST,314,Y,,,,,,2,NO INDICATION OF INJURY,0,0,0,0,0,1,0,11,7,8,41.7821895437,-87.5999697329,POINT (-87.59996973286 41.782189543721)
ec070d15cb49867c16c0ab8489777b4940178b9790369093b9725d8b9adef06684d01bfe9899e857a73696503c0db473576483e2eae613fde894647d08927602,,08/16/2025 11:52:00 AM,30,TRAFFIC SIGNAL,FUNCTIONING PROPERLY,CLEAR,DAYLIGHT,PEDESTRIAN,DIVIDED - W/MEDIAN BARRIER,,STRAIGHT AND LEVEL,DRY,NO DEFECTS,ON SCENE,INJURY AND / OR TOW DUE TO CRASH,Y,,,$500 OR LESS,08/16/2025 12:04:00 PM,DISREGARDING TRAFFIC SIGNALS,DISREGARDING TRAFFIC SIGNALS,341,N,MICHIGAN AVE,114,,,,,,,2,NONINCAPACITATING INJURY,1,0,0,1,0,1,0,11,7,8,41.8877088271,-87.6244100947,POINT (-87.624410094747 41.887708827122)
31ac4ec21eb30e1bed952c3ddeac816713467823e8ab68128844d4145995b310f1ac675b8606727a78a824fd3906e3d287d8b01456e5a21ab5a74cec7c5a5419,,08/16/2025 11:45:00 AM,30,UNKNOWN,UNKNOWN,CLEAR,DAYLIGHT,SIDESWIPE SAME DIRECTION,UNKNOWN,,STRAIGHT AND LEVEL,DRY,UNKNOWN,NOT ON SCENE (DESK REPORT),NO INJURY / DRIVE AWAY,,,,"OVER $1,500",08/16/2025 01:45:00 PM,IMPROPER LANE USAGE,UNABLE TO DETERMINE,1335,W,JACKSON BLVD,1231,,,,,,,2,NO INDICATION OF INJURY,0,0,0,0,0,2,0,11,7,8,41.8776183963,-87.6608545091,POINT (-87.660854509082 41.877618396316)
d19ac702e8820d5fadde51930129b0fcf53b6380f32819c2680185b51975f2a44777b3547273efe0914c4803463817f9d004e70fbe02a2c01b9884c4d8eaeef8,,08/16/2025 11:35:00 AM,30,TRAFFIC SIGNAL,FUNCTIONING PROPERLY,CLEAR,DAYLIGHT,PEDALCYCLIST,NOT DIVIDED,,STRAIGHT AND LEVEL,DRY,NO DEFECTS,NOT ON SCENE (DESK REPORT),INJURY AND / OR TOW DUE TO CRASH,Y,,Y,"OVER $1,500",08/17/2025 10:25:00 AM,FAILING TO YIELD RIGHT-OF-WAY,NOT APPLICABLE,950,N,PULASKI RD,1111,,,,,,,2,NONINCAPACITATING INJURY,2,0,0,2,0,0,0,11,7,8,41.8987009842,-87.7263317144,POINT (-87.726331714423 41.898700984249)