CRASH_RECORD_ID,CRASH_DATE_EST_I,CRASH_DATE,POSTED_SPEED_LIMIT,TRAFFIC_CONTROL_DEVICE,DEVICE_CONDITION,WEATHER_CONDITION,LIGHTING_CONDITION,FIRST_CRASH_TYPE,TRAFFICWAY_TYPE,LANE_CNT,ALIGNMENT,ROADWAY_SURFACE_COND,ROAD_DEFECT,REPORT_TYPE,CRASH_TYPE,INTERSECTION_RELATED_I,NOT_RIGHT_OF_WAY_I,HIT_AND_RUN_I,DAMAGE,DATE_POLICE_NOTIFIED,PRIM_CONTRIBUTORY_CAUSE,SEC_CONTRIBUTORY_CAUSE,STREET_NO,STREET_DIRECTION,STREET_NAME,BEAT_OF_OCCURRENCE,PHOTOS_TAKEN_I,STATEMENTS_TAKEN_I,DOORING_I,WORK_ZONE_I,WORK_ZONE_TYPE,WORKERS_PRESENT_I,NUM_UNITS,MOST_SEVERE_INJURY,INJURIES_TOTAL,INJURIES_FATAL,INJURIES_INCAPACITATING,INJURIES_NON_INCAPACITATING,INJURIES_REPORTED_NOT_EVIDENT,INJURIES_NO_INDICATION,INJURIES_UNKNOWN,CRASH_HOUR,CRASH_DAY_OF_WEEK,CRASH_MONTH,LATITUDE,LONGITUDE,LOCATION
faf308eb99aa70364c7170643b1ae90ce7bf20f91d5ffcd12e3abf47bcbb05df51aa9908b08b77d9909d5095d0403fb3cdcca9bb400a12d900463b2c35f28653,,08/16/2025 11:35:00 AM,30,NO CONTROLS,NO CONTROLS,CLEAR,DAYLIGHT,REAR END,ONE-WAY,,STRAIGHT AND LEVEL,DRY,NO DEFECTS,ON SCENE,NO INJURY / DRIVE AWAY,,,Y,$500 OR LESS,08/16/2025 11:35:00 AM,FAILING TO YIELD RIGHT-OF-WAY,FOLLOWING TOO CLOSELY,3828,N,BELL AVE,1921,,,,,,,2,NO INDICATION OF INJURY,0,0,0,0,0,2,0,11,7,8,41.9513100573,-87.6848904761,POINT (-87.684890476088 41.95131005725)
2d7b6f1ed7267b005f166fc87528f1507d3ad3155ba817daa066845b6ab63a190640fbc080558babe0f8c9fed9494fdf9b51e28fddfe40fe3eab2ddcdfa918b4,,08/16/2025 11:32:00 AM,25,NO CONTROLS,NO CONTROLS,CLEAR,DAYLIGHT,PARKED MOTOR VEHICLE,NOT DIVIDED,,STRAIGHT AND LEVEL,DRY,NO DEFECTS,ON SCENE,NO INJURY / DRIVE AWAY,,,,"OVER $1,500",08/16/2025 11:43:00 AM,UNABLE TO DETERMINE,UNABLE TO DETERMINE,2353,W,DEVON AVE,2413,,,,,,,2,NO INDICATION OF INJURY,0,0,0,0,0,1,0,11,7,8,41.9976267608,-87.6895838032,POINT (-87.68958380319 41.997626760813)
1add9e6b33e867b5a4aa2a96d212082ab0f0a56b6a57f4c709bc3c59b7181bc64ba2982c1903ebd93c13e9dd79d305e844322bd96362f3f25d434572c4d796fd,,08/16/2025 11:30:00 AM,30,TRAFFIC SIGNAL,FUNCTIONING PROPERLY,CLEAR,"DARKNESS, LIGHTED ROAD",REAR END,DIVIDED - W/MEDIAN (NOT RAISED),,STRAIGHT AND LEVEL,WET,NO DEFECTS,NOT ON SCENE (DESK REPORT),NO INJURY / DRIVE AWAY,,,Y,"$501 - $1,500",08/17/2025 03:55:00 PM,FOLLOWING TOO CLOSELY,UNABLE TO DETERMINE,7548,S,ASHLAND AVE,611,,,,,,,2,NO INDICATION OF INJURY,0,0,0,0,0,4,0,11,7,8,41.7561537432,-87.6637283552,POINT (-87.663728355151 41.756153743216)
6fa18a661b7ed46ad9de5a2289721d3ca5afe821a1965b946c2a609b25fc8caf676c1aab799b1b73690ddff96c054e126b3e961e58a2942642e8878f494cb7a9,Y,08/16/2025 11:30:00 AM,35,NO CONTROLS,NO CONTROLS,CLEAR,DAYLIGHT,ANGLE,NOT DIVIDED,,STRAIGHT AND LEVEL,DRY,NO DEFECTS,NOT ON SCENE (DESK REPORT),NO INJURY / DRIVE AWAY,,,,$500 OR LESS,08/16/2025 11:50:00 AM,UNABLE TO DETERMINE,UNABLE TO DETERMINE,4182,N,ELSTON AVE,1723,,,,,,,2,NO INDICATION OF INJURY,0,0,0,0,0,3,0,11,7,8,41.956965694,-87.7241651928,POINT (-87.724165192787 41.95696569396)
a7020d3559c69c038b1aa0468c49c8de42f51c61c4d72262044ff92000c7363927bf63c9305a3c571e6ea8f1f8d4f6cfae30cba91b29b465d2edb27a6f249a9c,,08/16/2025 11:30:00 AM,35,NO CONTROLS,NO CONTROLS,CLEAR,DAYLIGHT,PARKED MOTOR VEHICLE,NOT DIVIDED,,STRAIGHT AND LEVEL,DRY,NO DEFECTS,ON SCENE,INJURY AND / OR TOW DUE TO CRASH,,,,"OVER $1,500",08/16/2025 11:38:00 AM,FAILING TO REDUCE SPEED TO AVOID CRASH,FAILING TO REDUCE SPEED TO AVOID CRASH,246,N,CALIFORNIA AVE,1222,,,,,,,3,NONINCAPACITATING INJURY,1,0,0,1,0,0,0,11,7,8,41.8855602232,-87.6965545963,POINT (-87.696554596312 41.885560223194)
bef877037768ee5d04c8c8315aa512e78366dedaf8d8f54c10b5d78c3e43dab1cc37836273eead0c83910529cacf66490e0802e97a2fedd87e551a66809b108b,Y,08/16/2025 11:30:00 AM,30,NO CONTROLS,NO CONTROLS,CLEAR,DAYLIGHT,PARKED MOTOR VEHICLE,NOT DIVIDED,,STRAIGHT AND LEVEL,DRY,UNKNOWN,ON SCENE,NO INJURY / DRIVE AWAY,,,,"$501 - $1,500",08/16/2025 11:30:00 AM,UNABLE TO DETERMINE,UNABLE TO DETERMINE,11041,S,KEDZIE AVE,2211,,,,,,,2,NO INDICATION OF INJURY,0,0,0,0,0,1,0,11,7,8,41.6921708355,-87.7006994485,POINT (-87.700699448493 41.692170835454)
3b653b45157baf309bf0d7e541a897a91b06864b2d967a02a52f88ca508c8d205dc2155ec6f22429ecc20af00981788b8a5a5ba67bec641c6bf54630662f0f50,,08/16/2025 11:20:00 AM,30,NO CONTROLS,NO CONTROLS,UNKNOWN,DAYLIGHT,PARKED MOTOR VEHICLE,ONE-WAY,,STRAIGHT AND LEVEL,UNKNOWN,UNKNOWN,ON SCENE,INJURY AND / OR TOW DUE TO CRASH,,,,"OVER $1,500",08/16/2025 05:21:00 PM,DRIVING SKILLS/KNOWLEDGE/EXPERIENCE,UNABLE TO DETERMINE,2814,E,77TH PL,421,,,,,,,2,NO INDICATION OF INJURY,0,0,0,0,0,1,0,11,7,8,41.754860683,-87.5546727623,POINT (-87.554672762267 41.754860682969)
9704bcd8e45829098b574fddc5fffe33976740ebba7d17508801b19fa297fcb15557022c65d57ad7fa560d431cecc397def9f47ae0d638e42009b89b190662c5,,08/16/2025 11:15:00 AM,25,NO CONTROLS,NO CONTROLS,CLEAR,DAYLIGHT,REAR END,NOT DIVIDED,,STRAIGHT AND LEVEL,DRY,UNKNOWN,NOT ON SCENE (DESK REPORT),NO INJURY / DRIVE AWAY,,,,"$501 - $1,500",08/18/2025 10:50:00 AM,UNABLE TO DETERMINE,UNABLE TO DETERMINE,2337,N,CICERO AVE,2522,,,,,,,2,NO INDICATION OF INJURY,0,0,0,0,0,2,0,11,7,8,41.9235496884,-87.7461338753,POINT (-87.746133875298 41.923549688404)
04b6d893949c866ef6938acb1ff36438edfbee41b38394d225ffd7092c7f8217bae9e45b19aa8fad92e1c78265b1d223e39a2ac8fe83ee36b21577cf3ebaf2f9,,08/16/2025 11:00:00 AM,30,NO CONTROLS,NO CONTROLS,CLEAR,DAYLIGHT,PARKED MOTOR VEHICLE,ONE-WAY,,STRAIGHT AND LEVEL,DRY,UNKNOWN,NOT ON SCENE (DESK REPORT),NO INJURY / DRIVE AWAY,,,,"OVER $1,500",08/16/2025 12:15:00 PM,UNABLE TO DETERMINE,UNABLE TO DETERMINE,3942,N,HOYNE AVE,1921,,,,,,,2,NO INDICATION OF INJURY,0,0,0,0,0,1,0,11,7,8,41.9535757432,-87.6813136967,POINT (-87.681313696733 41.953575743165)
81f59dc4cbb9be66e1c761130e6e9c02b0ca869e5ad8fd3371ac655e5cf62af2d96352da909e833aed3b655f3238d76f192bbf869f90d57275c9aa98b47ea624,,08/16/2025 11:00:00 AM,40,STOP SIGN/FLASHER,NO CONTROLS,CLEAR,DAYLIGHT,REAR END,T-INTERSECTION,,STRAIGHT AND LEVEL,DRY,NO DEFECTS,NOT ON SCENE (DESK REPORT),NO INJURY / DRIVE AWAY,Y,,,"OVER $1,500",08/16/2025 11:10:00 AM,FOLLOWING TOO CLOSELY,NOT APPLICABLE,372,E,JACKSON DR,114,,,,,,,2,NO INDICATION OF INJURY,0,0,0,0,0,4,0,11,7,8,41.8784763659,-87.6181268938,POINT (-87.618126893813 41.878476365919)
8e18a8a1deda633be2af82ff13141e4df64d4fd71cefe4469b4eef7bc3791c1a15d09fd5b0046469283f0ff04ae6454a9b65c0daf5b798c6e724fdb730fffac1,,08/16/2025 11:00:00 AM,15,NO CONTROLS,NO CONTROLS,CLEAR,DAYLIGHT,REAR TO SIDE,ALLEY,,STRAIGHT AND LEVEL,UNKNOWN,UNKNOWN,NOT ON SCENE (DESK REPORT),NO INJURY / DRIVE AWAY,,,,$500 OR LESS,08/16/2025 12:10:00 PM,"VISION OBSCURED (SIGNS, TREE LIMBS, BUILDINGS, ETC.)",UNABLE TO DETERMINE,5853,N,FAIRFIELD AVE,2011,,,,,,,2,NO INDICATION OF INJURY,0,0,0,0,0,2,0,11,7,8,41.9883261016,-87.6979653607,POINT (-87.697965360669 41.98832610159)
eb84bda4b742e252b48282b59513b73faaa56964c78401235ea95cf606a71bbb982ba1c5469e0d5ca6a069b2af0aa92396d929347a3c472ece970459c86e3216,,08/16/2025 11:00:00 AM,30,TRAFFIC SIGNAL,UNKNOWN,CLEAR,DAYLIGHT,SIDESWIPE SAME DIRECTION,DIVIDED - W/MEDIAN (NOT RAISED),,STRAIGHT AND LEVEL,DRY,NO DEFECTS,ON SCENE,NO INJURY / DRIVE AWAY,,,Y,"$501 - $1,500",08/16/2025 11:08:00 AM,UNABLE TO DETERMINE,UNABLE TO DETERMINE,180,N,MORGAN ST,1224,,,,,,,2,NO INDICATION OF INJURY,0,0,0,0,0,2,0,11,7,8,41.8854671245,-87.6522839173,POINT (-87.652283917324 41.88546712445)
22f752dcf467a0bb56746d6819066af8e01566cd8e0bc5fa2fbb6b4b3ea21ec48ea107295003bb3fca325b1e3488235af1b15954ec054a68934c3ab934e0c879,,08/16/2025 10:57:00 AM,30,STOP SIGN/FLASHER,FUNCTIONING PROPERLY,CLEAR,DAYLIGHT,PARKED MOTOR VEHICLE,ONE-WAY,,STRAIGHT AND LEVEL,DRY,NO DEFECTS,ON SCENE,NO INJURY / DRIVE AWAY,,,Y,"OVER $1,500",08/16/2025 11:20:00 AM,UNABLE TO DETERMINE,UNABLE TO DETERMINE,3143,W,WARREN BLVD,1222,,,,,,,2,NO INDICATION OF INJURY,0,0,0,0,0,1,0,10,7,8,41.8817900626,-87.70541198,POINT (-87.705411980038 41.881790062633)
aef36e12430be3669a109c083fab1360c527bdf965590d9d3d80b83ea902acae327c068a079d58eacf8ec388c1ce72ebded9e138e5c3c84af643bb274d7f6b53,,08/16/2025 10:55:00 AM,30,NO CONTROLS,NO CONTROLS,CLEAR,DAYLIGHT,TURNING,ONE-WAY,,STRAIGHT AND LEVEL,DRY,NO DEFECTS,NOT ON SCENE (DESK REPORT),NO INJURY / DRIVE AWAY,,,,"$501 - $1,500",08/16/2025 11:05:00 AM,FAILING TO YIELD RIGHT-OF-WAY,NOT APPLICABLE,2167,N,MAJOR AVE,2515,,,,,,,2,NO INDICATION OF INJURY,0,0,0,0,0,2,0,10,7,8,41.9199985854,-87.7681280441,POINT (-87.768128044084 41.919998585381)
b36a3917a7ff453f45ccffcde7ff9bb583fb1ceb64010c0009f6f4071fe2fa559a13a1ee4dfae891753667d25674a6c88a0fd136f816a24b0f51a2af2288889b,,08/16/2025 10:54:00 AM,30,NO CONTROLS,NO CONTROLS,CLEAR,DAYLIGHT,REAR END,NOT DIVIDED,,STRAIGHT AND LEVEL,UNKNOWN,UNKNOWN,NOT ON SCENE (DESK REPORT),NO INJURY / DRIVE AWAY,,,Y,"OVER $1,500",08/16/2025 01:10:00 PM,FOLLOWING TOO CLOSELY,FAILING TO REDUCE SPEED TO AVOID CRASH,2302,N,LINCOLN PARK WEST,1814,,,,,,,2,NO INDICATION OF INJURY,0,0,0,0,0,2,0,10,7,8,41.9239655255,-87.6366648131,POINT (-87.636664813096 41.923965525471)
1ed0c04e61d9b67749b0fcb23dfaa323ef2ef2a270e99dc45d58ffee12a3564f45c977a1063b4594c68c016463ed33f13428f07d49fce728310da9ab6d81a805,,08/16/2025 10:45:00 AM,30,NO CONTROLS,NO CONTROLS,CLEAR,DAYLIGHT,REAR END,NOT DIVIDED,,STRAIGHT AND LEVEL,DRY,NO DEFECTS,NOT ON SCENE (DESK REPORT),NO INJURY / DRIVE AWAY,,,,"OVER $1,500",08/16/2025 05:53:00 PM,NOT APPLICABLE,NOT APPLICABLE,4006,N,MILWAUKEE AVE,1624,,,,,,,3,NO INDICATION OF INJURY,0,0,0,0,0,3,0,10,7,8,41.9534915217,-87.7476751325,POINT (-87.747675132505 41.953491521689)
0e06d0029214ead28481de2802d96881b44188753271f5f649ce71b51d852fce22884b489f145b3178d8e0d762ace3d11e1d7db906daa1e33772cd16db33e1ab,,08/16/2025 10:40:00 AM,30,NO CONTROLS,NO CONTROLS,CLEAR,DAYLIGHT,ANGLE,ONE-WAY,,STRAIGHT AND LEVEL,DRY,NO DEFECTS,NOT ON SCENE (DESK REPORT),NO INJURY / DRIVE AWAY,,,,"OVER $1,500",08/16/2025 03:48:00 PM,UNABLE TO DETERMINE,UNABLE TO DETERMINE,4430,S,TALMAN AVE,922,,N,,,,,2,NO INDICATION OF INJURY,0,0,0,0,0,2,0,10,7,8,41.8128515809,-87.69082136,POINT (-87.690821359975 41.812851580909)
0f106bb9082af8ed6cf1e05de6e8467bc2e831c90ec819f237767d503530ca45c7b4d6051076c531a9ece37361c2ea6d25831784ad1bd244cfc913d3389af7fc,,08/16/2025 10:40:00 AM,30,TRAFFIC SIGNAL,FUNCTIONING PROPERLY,CLEAR,"DARKNESS, LIGHTED ROAD",TURNING,NOT DIVIDED,,STRAIGHT AND LEVEL,DRY,WORN SURFACE,NOT ON SCENE (DESK REPORT),NO INJURY / DRIVE AWAY,,,Y,"OVER $1,500",08/16/2025 03:20:00 PM,IMPROPER TURNING/NO SIGNAL,IMPROPER LANE USAGE,153,E,GRAND AVE,1834,,,,,,,2,NO INDICATION OF INJURY,0,0,0,0,0,3,0,10,7,8,41.8916394534,-87.6233308533,POINT (-87.623330853303 41.891639453393)
e77d5199a3e1d7d849bea968ca27fc58f5f4d8c73832f2df122048bd998c32c0f6bb7af094cf081d3655887c022ae549e7b674589875d9ffe699056d1a28b438,,08/16/2025 10:40:00 AM,30,TRAFFIC SIGNAL,FUNCTIONING PROPERLY,CLEAR,DAYLIGHT,SIDESWIPE SAME DIRECTION,T-INTERSECTION,,STRAIGHT AND LEVEL,DRY,NO DEFECTS,ON SCENE,NO INJURY / DRIVE AWAY,Y,,,"OVER $1,500",08/16/2025 10:51:00 AM,FAILING TO YIELD RIGHT-OF-WAY,UNABLE TO DETERMINE,1211,W,ARTHUR AVE,2432,,,,,,,2,NO INDICATION OF INJURY,0,0,0,0,0,2,0,10,7,8,42.0003233515,-87.6612253387,POINT (-87.661225338666 42.000323351488)
eae0c1385d3d9644d9e2b37cb87397ab87f8ca099a80ff1c49d39167df455448e8e3d6e5b22b09844bc68c8d0d4bd9bc4d380ce03429f1518b7d1e925e4d286c,,08/16/2025 10:40:00 AM,30,TRAFFIC SIGNAL,FUNCTIONING PROPERLY,CLEAR,DAYLIGHT,TURNING,NOT DIVIDED,,STRAIGHT AND LEVEL,DRY,NO DEFECTS,NOT ON SCENE (DESK REPORT),NO INJURY / DRIVE AWAY,Y,,,"OVER $1,500",08/16/2025 11:45:00 AM,FAILING TO YIELD RIGHT-OF-WAY,NOT APPLICABLE,9200,S,EWING AVE,424,,,,,,,2,NO INDICATION OF INJURY,0,0,0,0,0,8,0,10,7,8,41.7284164225,-87.5429248555,POINT (-87.54292485552 41.728416422524)
b8d14b32c13d5dc3478a7ce7427b3a8607529cab1fb7d14b8f33510f3a03756c467f537849fb1f94b6afc42800c88238e0edcca1c4daf9f9c3f68d32bd6899dc,,08/16/2025 10:36:00 AM,30,STOP SIGN/FLASHER,NO CONTROLS,UNKNOWN,UNKNOWN,PARKED MOTOR VEHICLE,NOT DIVIDED,,STRAIGHT AND LEVEL,UNKNOWN,UNKNOWN,NOT ON SCENE (DESK REPORT),NO INJURY / DRIVE AWAY,,,Y,"OVER $1,500",08/17/2025 02:35:00 PM,UNABLE TO DETERMINE,UNABLE TO DETERMINE,5009,N,KILBOURN AVE,1712,,,,,,,2,NO INDICATION OF INJURY,0,0,0,0,0,1,0,10,7,8,41.9721262786,-87.7404227466,POINT (-87.740422746627 41.972126278568)
e7a49ec509e34342dee113f784f7f0f4ed86d984045538d3cf0970f1dcdc2c9c35d2fd65f2a5d4928feaf048f7e0e1d0d73e65a73be592712c7f699fd235751c,,08/16/2025 10:36:00 AM,30,NO CONTROLS,NO CONTROLS,CLEAR,DAYLIGHT,PARKED MOTOR VEHICLE,NOT DIVIDED,,STRAIGHT AND LEVEL,DRY,UNKNOWN,NOT ON SCENE (DESK REPORT),NO INJURY / DRIVE AWAY,,,Y,"OVER $1,500",08/16/2025 12:15:00 PM,FAILING TO REDUCE SPEED TO AVOID CRASH,UNABLE TO DETERMINE,5831,W,BLOOMINGDALE AVE,2531,,,,,,,2,NO INDICATION OF INJURY,0,0,0,0,0,2,0,10,7,8,41.9128405493,-87.771645277,POINT (-87.77164527702 41.912840549339)
6a2955930f3ad668597fb10adbba9b2249f4ee6f5c8210b5aaeb98143bff2dd1cc8e4b931236b527390770c3a9d2a79c6febda0697830d01918aeea33ef0077b,,08/16/2025 10:30:00 AM,10,NO CONTROLS,NO CONTROLS,CLEAR,DAYLIGHT,OTHER OBJECT,OTHER,,STRAIGHT AND LEVEL,DRY,NO DEFECTS,ON SCENE,NO INJURY / DRIVE AWAY,,Y,,"OVER $1,500",08/16/2025 11:02:00 AM,UNABLE TO DETERMINE,NOT APPLICABLE,1800,N,CENTRAL AVE,2531,,,,,,,1,NO INDICATION OF INJURY,0,0,0,0,0,1,0,10,7,8,41.9130926427,-87.7657812462,POINT (-87.765781246153 41.913092642715)
830eaf104d4b735db070b383f4d9164cfc2b34deeb754f2b5f4bd7ee26a42967f872fbe2d0a94290e0bcc9b4e12116ada34c12172a17ac0299326ba863db8547,Y,08/16/2025 10:30:00 AM,30,NO CONTROLS,NO CONTROLS,CLEAR,DAYLIGHT,FIXED OBJECT,NOT DIVIDED,,STRAIGHT AND LEVEL,DRY,NO DEFECTS,ON SCENE,NO INJURY / DRIVE AWAY,,,,"$501 - $1,500",08/16/2025 10:32:00 AM,UNABLE TO DETERMINE,UNABLE TO DETERMINE,6430,S,RACINE AVE,724,,,,,,,1,NO INDICATION OF INJURY,0,0,0,0,0,1,0,10,7,8,41.7768525661,-87.654571343,POINT (-87.654571343043 41.776852566075)
752637bbb9f573b80beb7d11d4ad7856b6c1bfb4e61df0beeb3d8e68c7ca7e819a3085f0565145f7f108b736ec7de011fc63fc5d7b9effa7a940a48eb589bdba,,08/16/2025 10:26:00 AM,25,NO CONTROLS,NO CONTROLS,CLEAR,DAYLIGHT,PEDALCYCLIST,NOT DIVIDED,,STRAIGHT AND LEVEL,DRY,NO DEFECTS,ON SCENE,NO INJURY / DRIVE AWAY,,,,$500 OR LESS,08/16/2025 10:28:00 AM,UNABLE TO DETERMINE,UNABLE TO DETERMINE,3428,N,BROADWAY,1925,,,Y,,,,2,NO INDICATION OF INJURY,0,0,0,0,0,3,0,10,7,8,41.9440003114,-87.6453883057,POINT (-87.645388305722 41.944000311408)
f9de361bc820d341282db1ff94120fb361e876bbb4ee08282bc07ffd4895043877d8178dcfc2aa08652702dea4bd83004f911e145011c15e64dc76e7eba4905e,,08/16/2025 10:25:00 AM,30,TRAFFIC SIGNAL,UNKNOWN,CLEAR,DAYLIGHT,TURNING,NOT DIVIDED,,STRAIGHT AND LEVEL,UNKNOWN,UNKNOWN,NOT ON SCENE (DESK REPORT),NO INJURY / DRIVE AWAY,N,,,"OVER $1,500",08/16/2025 11:19:00 AM,IMPROPER LANE USAGE,IMPROPER LANE USAGE,3901,W,103RD ST,2211,,,,,,,2,NO INDICATION OF INJURY,0,0,0,0,0,3,0,10,7,8,41.7058235531,-87.7185399462,POINT (-87.718539946205 41.705823553063)
41f13675dcb75f0034e23bf36af283a65714fed2b3aeea9b4dd52d948880f0944832ac773169da208cc6f26fa1113d523d91f1625c052ac92728f021840a9064,,08/16/2025 10:22:00 AM,30,UNKNOWN,UNKNOWN,UNKNOWN,UNKNOWN,ANGLE,T-INTERSECTION,,STRAIGHT AND LEVEL,UNKNOWN,UNKNOWN,NOT ON SCENE (DESK REPORT),NO INJURY / DRIVE AWAY,,,Y,"OVER $1,500",08/16/2025 11:30:00 AM,UNABLE TO DETERMINE,UNABLE TO DETERMINE,4249,S,LA SALLE ST,213,,,,,,,2,NO INDICATION OF INJURY,0,0,0,0,0,2,0,10,7,8,41.8168625706,-87.6293034949,POINT (-87.629303494919 41.816862570575)
f2e97c2e2077ca3970983873f5ce7e570b884d9ccd5635a68cf2a9b794c86c8b6bcf3a53e4d9a0b4199760ef6a3e541df44b0c142df013d19544212fcafbc285,,08/16/2025 10:20:00 AM,30,NO CONTROLS,NO CONTROLS,CLEAR,DAYLIGHT,PARKED MOTOR VEHICLE,PARKING LOT,,STRAIGHT AND LEVEL,DRY,NO DEFECTS,ON SCENE,NO INJURY / DRIVE AWAY,,Y,,"$501 - $1,500",08/16/2025 10:20:00 AM,DRIVING SKILLS/KNOWLEDGE/EXPERIENCE,DRIVING SKILLS/KNOWLEDGE/EXPERIENCE,908,S,LAFLIN ST,1231,,,,,,,2,NO INDICATION OF INJURY,0,0,0,0,0,1,0,10,7,8,41.8702031961,-87.6642497706,POINT (-87.664249770574 41.870203196059)
5b197d7ec1f0c9ebd09b41870ecfa3546f45b63b43287b04e18dfa166939a1c10fcae4841af516bf1f9e30f627a8fa6d7ca5541f2371fe71febf21350b1a65fa,,08/16/2025 10:15:00 AM,30,NO CONTROLS,NO CONTROLS,CLEAR,DAYLIGHT,TURNING,NOT DIVIDED,,STRAIGHT AND LEVEL,DRY,NO DEFECTS,NOT ON SCENE (DESK REPORT),NO INJURY / DRIVE AWAY,,,,"OVER $1,500",08/16/2025 01:20:00 PM,IMPROPER LANE USAGE,UNABLE TO DETERMINE,6330,W,NORTH AVE,2513,,,,,,,2,NO INDICATION OF INJURY,0,0,0,0,0,2,0,10,7,8,41.9092610663,-87.7846751709,POINT (-87.784675170855 41.909261066341)
37501b6702cc66833b63522ca4122f55cec55342f1b42cacc10eabf285830626ac67f904d95eec950f78c660cc22f5b28551c51a93dccba5b3dd15c85e8b6c2f,Y,08/16/2025 10:10:00 AM,15,NO CONTROLS,NO CONTROLS,CLEAR,DAYLIGHT,PEDALCYCLIST,ALLEY,,STRAIGHT AND LEVEL,WET,NO DEFECTS,NOT ON SCENE (DESK REPORT),INJURY AND / OR TOW DUE TO CRASH,,,,"OVER $1,500",08/16/2025 12:25:00 PM,IMPROPER BACKING,UNABLE TO DETERMINE,2762,W,THORNDALE AVE,2011,,,,,,,2,NONINCAPACITATING INJURY,1,0,0,1,0,1,0,10,7,8,41.9886865366,-87.6992781611,POINT (-87.699278161089 41.988686536646)
181598a36471997d4d0747a55bc94d18df30f53e3e36e5f43b483ae4027c2a2d8f63904b7597b0afa17d39cb45ba553e8a8216a1f5ca7a0d9818c3c487aeb9c6,,08/16/2025 10:00:00 AM,20,NO CONTROLS,NO CONTROLS,CLEAR,DAYLIGHT,SIDESWIPE SAME DIRECTION,OTHER,,STRAIGHT AND LEVEL,DRY,NO DEFECTS,ON SCENE,NO INJURY / DRIVE AWAY,,,,"$501 - $1,500",08/16/2025 10:11:00 AM,FAILING TO YIELD RIGHT-OF-WAY,UNABLE TO DETERMINE,4950,S,CHICAGO BEACH DR,222,,,,,,,2,NO INDICATION OF INJURY,0,0,0,0,0,2,0,10,7,8,41.8047557839,-87.583863785,POINT (-87.583863784981 41.804755783943)
8b3ce03203c58cd85ed8a164e62434a54b9a36c4f398f37df52d6e29c9ce053f2283677aa16d3723b39cb24c1db099899f8fbdeccba7e971d90972857c9e0847,,08/16/2025 10:00:00 AM,30,NO CONTROLS,NO CONTROLS,UNKNOWN,DAYLIGHT,PARKED MOTOR VEHICLE,PARKING LOT,,STRAIGHT AND LEVEL,UNKNOWN,UNKNOWN,NOT ON SCENE (DESK REPORT),NO INJURY / DRIVE AWAY,,,Y,"OVER $1,500",08/17/2025 08:29:00 PM,UNABLE TO DETERMINE,UNABLE TO DETERMINE,9041,S,MUSKEGON AVE,423,,,,,,,2,NO INDICATION OF INJURY,0,0,0,0,0,1,0,10,7,8,41.7306201287,-87.5552721367,POINT (-87.555272136746 41.730620128703)
b3392a74dcfc2593f99022074c5717c2fb051acdea4d6023470f0f35ec3a5b5ae81e867f45e83ad0cb880da63424573e27f8faa3fe516fcf5dd5f1b8f9f9ded2,,08/16/2025 10:00:00 AM,30,UNKNOWN,UNKNOWN,UNKNOWN,UNKNOWN,PARKED MOTOR VEHICLE,UNKNOWN,,STRAIGHT AND LEVEL,UNKNOWN,UNKNOWN,NOT ON SCENE (DESK REPORT),NO INJURY / DRIVE AWAY,,,Y,"OVER $1,500",08/16/2025 05:45:00 PM,UNABLE TO DETERMINE,NOT APPLICABLE,960,W,MONTANA ST,1932,,,,,,,2,NO INDICATION OF INJURY,0,0,0,0,0,1,0,10,7,8,41.926468407,-87.6526368589,POINT (-87.652636858874 41.926468407042)
08fbc576b7808affbfc021ee912d4b2316e1e1fafb5ab225cde1643caf4c0e9cea875fbe793bbdd1021f03499c5d8d1dbacff9d3fd9d570f88fdebe1978a6325,,08/16/2025 09:50:00 AM,30,NO CONTROLS,NO CONTROLS,CLEAR,DAYLIGHT,TURNING,FOUR WAY,,STRAIGHT AND LEVEL,DRY,NO DEFECTS,NOT ON SCENE (DESK REPORT),NO INJURY / DRIVE AWAY,,,,"OVER $1,500",08/16/2025 10:10:00 AM,UNABLE TO DETERMINE,NOT APPLICABLE,2537,W,FULLERTON AVE,1431,,,,,,,2,NO INDICATION OF INJURY,0,0,0,0,0,3,0,9,7,8,41.9247548764,-87.6914008071,POINT (-87.691400807149 41.924754876393)
98ae7985b97304a02d9aacb9021c1799fea27369a6bb50d740b9e2bfbdd0a73e994642190b76e82cf67b515ad1a6b4d4c69ba59eb051d49ef9fee44cd96ce0b2,,08/16/2025 09:50:00 AM,20,TRAFFIC SIGNAL,FUNCTIONING PROPERLY,CLEAR,DAYLIGHT,REAR END,FOUR WAY,,STRAIGHT AND LEVEL,DRY,NO DEFECTS,ON SCENE,INJURY AND / OR TOW DUE TO CRASH,Y,,,"OVER $1,500",08/16/2025 09:50:00 AM,FOLLOWING TOO CLOSELY,UNABLE TO DETERMINE,11900,S,HALSTED ST,524,,,,,,,2,NO INDICATION OF INJURY,0,0,0,0,0,2,0,9,7,8,41.6777208292,-87.642051845,POINT (-87.642051844982 41.677720829248)