CRASH_RECORD_ID,CRASH_DATE_EST_I,CRASH_DATE,POSTED_SPEED_LIMIT,TRAFFIC_CONTROL_DEVICE,DEVICE_CONDITION,WEATHER_CONDITION,LIGHTING_CONDITION,FIRST_CRASH_TYPE,TRAFFICWAY_TYPE,LANE_CNT,ALIGNMENT,ROADWAY_SURFACE_COND,ROAD_DEFECT,REPORT_TYPE,CRASH_TYPE,INTERSECTION_RELATED_I,NOT_RIGHT_OF_WAY_I,HIT_AND_RUN_I,DAMAGE,DATE_POLICE_NOTIFIED,PRIM_CONTRIBUTORY_CAUSE,SEC_CONTRIBUTORY_CAUSE,STREET_NO,STREET_DIRECTION,STREET_NAME,BEAT_OF_OCCURRENCE,PHOTOS_TAKEN_I,STATEMENTS_TAKEN_I,DOORING_I,WORK_ZONE_I,WORK_ZONE_TYPE,WORKERS_PRESENT_I,NUM_UNITS,MOST_SEVERE_INJURY,INJURIES_TOTAL,INJURIES_FATAL,INJURIES_INCAPACITATING,INJURIES_NON_INCAPACITATING,INJURIES_REPORTED_NOT_EVIDENT,INJURIES_NO_INDICATION,INJURIES_UNKNOWN,CRASH_HOUR,CRASH_DAY_OF_WEEK,CRASH_MONTH,LATITUDE,LONGITUDE,LOCATION
2dff3531cf9d2fb8c6e57b632e2135560202ca94e52ffb6528e5bd824eac82e26c324e2e0c71edd45317c35d208579ae9acec97b267b5d460158c3d4c8986d29,,08/16/2025 09:49:00 AM,30,TRAFFIC SIGNAL,FUNCTIONING PROPERLY,CLEAR,DAYLIGHT,REAR END,FOUR WAY,,STRAIGHT AND LEVEL,DRY,NO DEFECTS,ON SCENE,INJURY AND / OR TOW DUE TO CRASH,Y,,,"OVER $1,500",08/16/2025 09:49:00 AM,FOLLOWING TOO CLOSELY,FOLLOWING TOO CLOSELY,7600,S,SOUTH CHICAGO AVE,411,,,,,,,2,NONINCAPACITATING INJURY,4,0,0,1,3,1,0,9,7,8,41.756736099,-87.5930709554,POINT (-87.593070955379 41.756736099049)
fcf1c8c251c6aeb556c00f760ed22263301f3dd8d9f1d02ede060b5319b94ffc837407906548f80f30308143724a4fab6996068fe0b775214a7ae5cdd1648888,,08/16/2025 09:45:00 AM,30,NO CONTROLS,FUNCTIONING PROPERLY,CLEAR,DAYLIGHT,SIDESWIPE SAME DIRECTION,ONE-WAY,,STRAIGHT AND LEVEL,UNKNOWN,UNKNOWN,NOT ON SCENE (DESK REPORT),NO INJURY / DRIVE AWAY,,,,"$501 - $1,500",08/16/2025 10:45:00 AM,UNABLE TO DETERMINE,UNABLE TO DETERMINE,5120,S,WASHTENAW AVE,923,,,,,,,2,NO INDICATION OF INJURY,0,0,0,0,0,2,0,9,7,8,41.8003709063,-87.6916861399,POINT (-87.691686139898 41.800370906341)
41e0f4e74bb060b623c4a5ffb4de225744a0a5d49eabd2f0e3154dc10cafbb11b0d7744887062043f7711151e4cdae285f1625cf87522629837e5b7e019d7fa0,Y,08/16/2025 09:30:00 AM,30,NO CONTROLS,NO CONTROLS,CLEAR,"DARKNESS, LIGHTED ROAD",PARKED MOTOR VEHICLE,ONE-WAY,,STRAIGHT AND LEVEL,WET,NO DEFECTS,,NO INJURY / DRIVE AWAY,,,Y,"OVER $1,500",08/17/2025 03:25:00 PM,"OPERATING VEHICLE IN ERRATIC, RECKLESS, CARELESS, NEGLIGENT OR AGGRESSIVE MANNER",NOT APPLICABLE,7842,S,MARQUETTE AVE,421,,,,,,,2,NO INDICATION OF INJURY,0,0,0,0,0,1,0,9,7,8,41.7523746564,-87.5586025924,POINT (-87.558602592404 41.75237465639)
84b6030d9d440761eb4599d5e44ca12e39526e74de8faae331d02a902c396a61fd9a96c18c03e115241d82e22ef5ba588c75502010c7787a3788bff2753bc5ae,,08/16/2025 09:15:00 AM,0,NO CONTROLS,NO CONTROLS,CLEAR,DAYLIGHT,OTHER OBJECT,DRIVEWAY,,STRAIGHT AND LEVEL,DRY,NO DEFECTS,ON SCENE,NO INJURY / DRIVE AWAY,,Y,,"OVER $1,500",08/16/2025 09:35:00 AM,NOT APPLICABLE,NOT APPLICABLE,1550,N,LAKE SHORE DR,1824,,,,,,,1,NO INDICATION OF INJURY,0,0,0,0,0,1,0,9,7,8,41.9109438785,-87.6263927966,POINT (-87.626392796579 41.910943878451)
66126e5970035a019d63c2eea03c2c1e88c9127f2962b48c927ef1c2c2c1e019bd88ea5ca197b4457238110da89be35340fec79e147b7524270d26d419e8271d,,08/16/2025 09:11:00 AM,30,STOP SIGN/FLASHER,FUNCTIONING PROPERLY,CLEAR,DAYLIGHT,PARKED MOTOR VEHICLE,NOT DIVIDED,,STRAIGHT AND LEVEL,DRY,NO DEFECTS,NOT ON SCENE (DESK REPORT),NO INJURY / DRIVE AWAY,,,,"OVER $1,500",08/16/2025 11:25:00 AM,UNABLE TO DETERMINE,NOT APPLICABLE,4707,S,MARSHFIELD AVE,931,,,,,,,2,NO INDICATION OF INJURY,0,0,0,0,0,1,0,9,7,8,41.8083640191,-87.666033435,POINT (-87.666033434994 41.808364019131)
b47c3d40b20e66b2d452724ddf91c5948d7959cae48539dc5d722b2faf14a3bf7c9b84bd1cc24c74cca3255871c17176bd7938e8cbab3707b64d57d49c42aed8,,08/16/2025 09:10:00 AM,30,TRAFFIC SIGNAL,FUNCTIONING PROPERLY,CLEAR,DAYLIGHT,PEDALCYCLIST,DIVIDED - W/MEDIAN (NOT RAISED),,STRAIGHT AND LEVEL,DRY,NO DEFECTS,ON SCENE,INJURY AND / OR TOW DUE TO CRASH,Y,,,$500 OR LESS,08/16/2025 09:27:00 AM,IMPROPER TURNING/NO SIGNAL,FAILING TO YIELD RIGHT-OF-WAY,1019,W,NORTH AVE,1822,,,,,,,2,"REPORTED, NOT EVIDENT",1,0,0,0,1,1,0,9,7,8,41.9107150632,-87.6540281597,POINT (-87.654028159736 41.910715063167)
5b332ce5ef8be080a2079ebe7b9b53a1754501128f8a58437d21dd308cc903fe117d747d4e36205d8abb270103960fef734dcc35787983dcf9fdc989dbd226e0,,08/16/2025 09:05:00 AM,30,NO CONTROLS,NO CONTROLS,CLEAR,DAYLIGHT,REAR END,DIVIDED - W/MEDIAN (NOT RAISED),,STRAIGHT AND LEVEL,DRY,NO DEFECTS,ON SCENE,NO INJURY / DRIVE AWAY,,,Y,"OVER $1,500",08/16/2025 09:21:00 AM,FAILING TO REDUCE SPEED TO AVOID CRASH,NOT APPLICABLE,5533,S,PULASKI RD,822,,,,,,,2,NO INDICATION OF INJURY,0,0,0,0,0,2,0,9,7,8,41.7922396407,-87.7229839295,POINT (-87.722983929507 41.792239640673)
3cc431baa7a678cd934a0c4cd25ae6278ab98cbb6e9f48777f53920850568771abe1842e681d35b417a6aaa2d63bebcaab30f167f8991f8e838a0196c80e85dc,,08/16/2025 09:00:00 AM,30,TRAFFIC SIGNAL,FUNCTIONING PROPERLY,CLEAR,DAYLIGHT,REAR END,NOT DIVIDED,,STRAIGHT AND LEVEL,DRY,NO DEFECTS,ON SCENE,NO INJURY / DRIVE AWAY,Y,,,"OVER $1,500",08/16/2025 09:35:00 AM,NOT APPLICABLE,NOT APPLICABLE,8900,S,JEFFERY BLVD,413,,,,,,,2,NO INDICATION OF INJURY,0,0,0,0,0,2,0,9,7,8,41.7333162283,-87.5757748298,POINT (-87.575774829817 41.733316228278)
52a9fa1121976718b946f1470d0e17472a583de99a613269cd80df1451fd248b878ec34f14172d32b10747e4c3a9139d3cdd637996ce27aa60734c6dda0f379a,Y,08/16/2025 09:00:00 AM,30,TRAFFIC SIGNAL,FUNCTIONING PROPERLY,CLEAR,DAYLIGHT,PEDESTRIAN,FOUR WAY,,STRAIGHT AND LEVEL,DRY,NO DEFECTS,ON SCENE,INJURY AND / OR TOW DUE TO CRASH,,,,"OVER $1,500",08/16/2025 09:07:00 AM,DRIVING SKILLS/KNOWLEDGE/EXPERIENCE,NOT APPLICABLE,1858,N,CICERO AVE,2533,,,,,,,2,NONINCAPACITATING INJURY,1,0,0,1,0,1,0,9,7,8,41.9150133475,-87.7461759569,POINT (-87.746175956904 41.915013347525)
6125a5d25adcfdac71aafa437f905004e8859113042c31091bbb9ec9bb5cf4daeab07de95317bbb44f7c022a927e9246e271654705caf30eb84bd28d70f9b96a,,08/16/2025 09:00:00 AM,30,NO CONTROLS,NO CONTROLS,RAIN,"DARKNESS, LIGHTED ROAD",PARKED MOTOR VEHICLE,DIVIDED - W/MEDIAN (NOT RAISED),,STRAIGHT AND LEVEL,WET,UNKNOWN,NOT ON SCENE (DESK REPORT),INJURY AND / OR TOW DUE TO CRASH,,,Y,"OVER $1,500",08/18/2025 02:46:00 PM,UNABLE TO DETERMINE,UNABLE TO DETERMINE,13200,S,INDIANA AVE,533,,,,,,,2,NO INDICATION OF INJURY,0,0,0,0,0,1,0,9,7,8,41.6553104809,-87.6174121814,POINT (-87.617412181422 41.655310480937)
a99d8154da5be0fc19f1566ec03f8ae391b1c04d7ec485379a6bc974e52ffd279506301ac476079286ff0b4c99f0b50290163b8c6979dd6552b178417d0d886f,,08/16/2025 09:00:00 AM,40,NO CONTROLS,NO CONTROLS,CLEAR,DAYLIGHT,SIDESWIPE SAME DIRECTION,DIVIDED - W/MEDIAN BARRIER,,STRAIGHT AND LEVEL,DRY,NO DEFECTS,NOT ON SCENE (DESK REPORT),NO INJURY / DRIVE AWAY,,,Y,"OVER $1,500",08/16/2025 09:59:00 AM,IMPROPER OVERTAKING/PASSING,IMPROPER OVERTAKING/PASSING,1559,S,LAKE SHORE DR NB,132,,,,,,,2,NO INDICATION OF INJURY,0,0,0,0,0,2,0,9,7,8,41.8604499335,-87.6174881929,POINT (-87.617488192921 41.860449933483)
b64c2325ecc53824e6eb8ffcf1ce9280b29860e55cf95975c00d486d05e265cec799e5f2c6b27fb8a9c47a67812b70d5ddd6397464674b8dbc28be896251e62e,,08/16/2025 08:59:00 AM,30,TRAFFIC SIGNAL,FUNCTIONING PROPERLY,CLEAR,DAYLIGHT,PARKED MOTOR VEHICLE,DIVIDED - W/MEDIAN BARRIER,,STRAIGHT AND LEVEL,DRY,NO DEFECTS,ON SCENE,INJURY AND / OR TOW DUE TO CRASH,,,,"OVER $1,500",08/16/2025 08:59:00 AM,UNABLE TO DETERMINE,UNABLE TO DETERMINE,100,E,GARFIELD BLVD,231,,,,,,,2,NO INDICATION OF INJURY,0,0,0,0,0,2,0,8,7,8,41.7948057945,-87.6223898258,POINT (-87.62238982575 41.79480579448)
a076b8843248871a1d703951063d2d200f7b261bb7f9158d19d138c8801b5aa9ec6b4bd9d41322330b9709fb240f71eed5b1d2c1f6eb71ca163b3bc747da4e73,,08/16/2025 08:30:00 AM,30,TRAFFIC SIGNAL,FUNCTIONING PROPERLY,CLEAR,DAYLIGHT,SIDESWIPE SAME DIRECTION,ONE-WAY,,STRAIGHT AND LEVEL,DRY,UNKNOWN,NOT ON SCENE (DESK REPORT),NO INJURY / DRIVE AWAY,Y,,Y,"OVER $1,500",08/20/2025 07:45:00 PM,NOT APPLICABLE,IMPROPER OVERTAKING/PASSING,261,S,LAVERGNE AVE,1533,,,,,,,2,NO INDICATION OF INJURY,0,0,0,0,0,2,0,8,7,8,41.8767799837,-87.7491369913,POINT (-87.749136991322 41.876779983679)
b6c950a0d853f607d9ac72876d89ba0f4fe5afcab5db3bd479cf2cd5eea844ae4ea847f621418d66c0302918b372cf0c7c185a5be607bb38d29f0ca18f789477,,08/16/2025 08:15:00 AM,25,NO CONTROLS,NO CONTROLS,CLEAR,DAYLIGHT,REAR TO SIDE,NOT DIVIDED,,STRAIGHT AND LEVEL,DRY,NO DEFECTS,ON SCENE,INJURY AND / OR TOW DUE TO CRASH,,,Y,"$501 - $1,500",08/16/2025 08:20:00 AM,IMPROPER BACKING,FAILING TO REDUCE SPEED TO AVOID CRASH,5459,W,OHIO ST,1523,,,,,,,2,NO INDICATION OF INJURY,0,0,0,0,0,2,0,8,7,8,41.8910059713,-87.7628876822,POINT (-87.762887682197 41.891005971312)
a8e60fa54ade2a5690541c11a2aac9283f741c68279e8df3880f7017c9469d4efe3d8135799f678c92d8d86190afe1df90f7f01e1a70f467a94e44fb4d96cfaa,,08/16/2025 08:10:00 AM,30,NO CONTROLS,NO CONTROLS,CLEAR,DAYLIGHT,SIDESWIPE SAME DIRECTION,NOT DIVIDED,,STRAIGHT AND LEVEL,DRY,NO DEFECTS,ON SCENE,NO INJURY / DRIVE AWAY,,,,"$501 - $1,500",08/16/2025 08:15:00 AM,UNABLE TO DETERMINE,NOT APPLICABLE,5420,S,WESTERN BLVD,923,,,,,,,2,NO INDICATION OF INJURY,0,0,0,0,0,2,0,8,7,8,41.7947888345,-87.6836388541,POINT (-87.683638854142 41.794788834527)
dd549929e659dc5146f2378c82a3a7e8d7285e418efe59b5be1c21f2a5570c98c49006de106d6653249b59beb6415ed196f191d02a5ce10d21c291b93c3a84d4,,08/16/2025 08:10:00 AM,30,NO CONTROLS,NO CONTROLS,CLEAR,DAYLIGHT,PARKED MOTOR VEHICLE,PARKING LOT,,STRAIGHT AND LEVEL,DRY,NO DEFECTS,NOT ON SCENE (DESK REPORT),NO INJURY / DRIVE AWAY,,,,"OVER $1,500",08/16/2025 04:10:00 PM,UNABLE TO DETERMINE,UNABLE TO DETERMINE,5201,W,DIVERSEY AVE,2514,,,,,,,2,NO INDICATION OF INJURY,0,0,0,0,0,1,0,8,7,8,41.9312879892,-87.7565400728,POINT (-87.756540072827 41.93128798919)
5923a07ed77f78acb55da16e855e8872c6106ae4e7ecdfa17eafb28cfc7bee5ac580e6dab1c9e8b6f634864d9d4a9127cc15bfac96171f39b7c692e87b21e4a8,,08/16/2025 08:00:00 AM,30,NO CONTROLS,NO CONTROLS,CLEAR,DAYLIGHT,FIXED OBJECT,NOT DIVIDED,,STRAIGHT AND LEVEL,DRY,NO DEFECTS,ON SCENE,NO INJURY / DRIVE AWAY,,,Y,"OVER $1,500",08/16/2025 08:41:00 AM,UNABLE TO DETERMINE,NOT APPLICABLE,3798,W,78TH PL,833,,,,,,,1,NO INDICATION OF INJURY,0,0,0,0,0,1,0,8,7,8,41.7508092648,-87.7181714114,POINT (-87.71817141136 41.750809264823)
a16647fb8ed61f082035b186c7223834b9c8df17737eb3783a126a916204efd926f677c950b0dc8e1d63d318aa5eeccc034f7a19144d56d219d58e2d93bb8224,,08/16/2025 07:45:00 AM,30,NO CONTROLS,NO CONTROLS,CLEAR,DAYLIGHT,REAR END,NOT DIVIDED,,STRAIGHT AND LEVEL,DRY,NO DEFECTS,NOT ON SCENE (DESK REPORT),NO INJURY / DRIVE AWAY,Y,,,"OVER $1,500",08/16/2025 08:10:00 AM,UNABLE TO DETERMINE,UNABLE TO DETERMINE,8208,W,BELMONT AVE,1631,,,,,,,2,NO INDICATION OF INJURY,0,0,0,0,0,3,0,7,7,8,41.9377580151,-87.8316131866,POINT (-87.831613186562 41.937758015109)
6e627168c40620696ed23333acf412d4410e5235ae178a1e5166fbd875b3a841c02406b6379d9ab3c087946002983f475c1ea551364a6b391b74b7b5b44b0cff,,08/16/2025 07:30:00 AM,30,TRAFFIC SIGNAL,FUNCTIONING PROPERLY,CLEAR,DAYLIGHT,REAR END,DIVIDED - W/MEDIAN (NOT RAISED),,STRAIGHT AND LEVEL,DRY,NO DEFECTS,NOT ON SCENE (DESK REPORT),NO INJURY / DRIVE AWAY,Y,,,"OVER $1,500",08/16/2025 06:30:00 PM,UNABLE TO DETERMINE,UNABLE TO DETERMINE,8305,W,HIGGINS RD,1614,,,,,,,2,NO INDICATION OF INJURY,0,0,0,0,0,2,0,7,7,8,41.985954432,-87.8342716001,POINT (-87.834271600093 41.985954431955)
8a91ef512b7be791ee7929dc5147402fbce412ca041f3d43f279581b4f5f27c79b997418a1635ddc186d1693de86d4ae5d059d3292f3df76dd35b49707729026,,08/16/2025 07:30:00 AM,30,TRAFFIC SIGNAL,FUNCTIONING PROPERLY,CLEAR,DAYLIGHT,ANGLE,NOT DIVIDED,,STRAIGHT AND LEVEL,DRY,NO DEFECTS,ON SCENE,INJURY AND / OR TOW DUE TO CRASH,Y,,,"OVER $1,500",08/16/2025 07:52:00 AM,CELL PHONE USE OTHER THAN TEXTING,DISREGARDING TRAFFIC SIGNALS,7600,S,JEFFERY BLVD,414,,N,,,,,2,NO INDICATION OF INJURY,0,0,0,0,0,2,0,7,7,8,41.7569668999,-87.5762476242,POINT (-87.576247624193 41.756966899896)
b8d7ec8696386df896cab798ac8e8e5359e27d6ee8743c975ce2cb429813e37b2a3a536e3ad64a2bdf447680ff73ecc3b55c78e5d821212329309b64ad0d9a99,,08/16/2025 06:54:00 AM,30,UNKNOWN,UNKNOWN,CLEAR,DAYLIGHT,TURNING,OTHER,,STRAIGHT AND LEVEL,DRY,NO DEFECTS,ON SCENE,INJURY AND / OR TOW DUE TO CRASH,,,,"OVER $1,500",08/16/2025 06:57:00 AM,UNABLE TO DETERMINE,UNABLE TO DETERMINE,823,S,CENTRAL PARK AVE,1133,Y,Y,,,,,2,NO INDICATION OF INJURY,0,0,0,0,0,2,0,6,7,8,41.8700570931,-87.7153906667,POINT (-87.715390666703 41.8700570931)
4830200e63cda939f6408e6a59d79b0abd68899ce374c7e1166826b2e86fe6fb9b4b866bc09ebb2f07a09f27a89b0b6e34a4ad40320229082e9e107c83128c91,,08/16/2025 06:30:00 AM,30,NO CONTROLS,FUNCTIONING PROPERLY,CLEAR,DAYLIGHT,PARKED MOTOR VEHICLE,NOT DIVIDED,,STRAIGHT AND LEVEL,DRY,NO DEFECTS,NOT ON SCENE (DESK REPORT),NO INJURY / DRIVE AWAY,,,Y,"OVER $1,500",08/16/2025 09:00:00 AM,UNABLE TO DETERMINE,UNABLE TO DETERMINE,2923,W,ARTHINGTON ST,1135,,,,,,,2,NO INDICATION OF INJURY,0,0,0,0,0,1,0,6,7,8,41.8700040139,-87.6994059965,POINT (-87.699405996517 41.870004013871)
8895f57bdb0b931072adc3e3a15cf5703bc0c11c7c4d46bef3e474a10d2df796d9a2b81b861afb836cf969eb65f3b883aba8038e74fd55951554bfc726739c2a,,08/16/2025 06:15:00 AM,35,NO CONTROLS,NO CONTROLS,CLEAR,DAYLIGHT,PARKED MOTOR VEHICLE,DIVIDED - W/MEDIAN (NOT RAISED),,STRAIGHT AND LEVEL,DRY,NO DEFECTS,ON SCENE,NO INJURY / DRIVE AWAY,,,,$500 OR LESS,08/16/2025 06:31:00 AM,IMPROPER BACKING,IMPROPER BACKING,6813,N,SHERIDAN RD,2431,,,,,,,2,NO INDICATION OF INJURY,0,0,0,0,0,1,0,6,7,8,42.0059998949,-87.6608898292,POINT (-87.660889829175 42.00599989491)
52c1e93081c35089847acb7ba0f8d6c0150d6e9ce40ad3c786942581a322ec84401a28a3660d7bc683512d149078efedbd571d976596b7af05f26f3d17f01264,Y,08/16/2025 06:00:00 AM,30,NO CONTROLS,NO CONTROLS,CLEAR,DAYLIGHT,PARKED MOTOR VEHICLE,OTHER,,STRAIGHT AND LEVEL,DRY,NO DEFECTS,ON SCENE,NO INJURY / DRIVE AWAY,,,Y,"OVER $1,500",08/16/2025 07:40:00 AM,NOT APPLICABLE,NOT APPLICABLE,4203,S,FRANCISCO AVE,921,,,,,,,3,NO INDICATION OF INJURY,0,0,0,0,0,1,0,6,7,8,41.8171776124,-87.69678237,POINT (-87.696782369953 41.817177612419)
cce77d6e2310040ae2f1e9713dffa4a1c112c3ac7ba5e99e7b84ba9653146f6e7e2bca00352a6af28049f3fd4e76873154b22f097267a3f8863107dca03d8f13,,08/16/2025 06:00:00 AM,30,NO CONTROLS,NO CONTROLS,CLEAR,DAWN,PARKED MOTOR VEHICLE,NOT DIVIDED,,STRAIGHT AND LEVEL,DRY,NO DEFECTS,ON SCENE,INJURY AND / OR TOW DUE TO CRASH,,,Y,"OVER $1,500",08/16/2025 10:30:00 AM,UNABLE TO DETERMINE,NOT APPLICABLE,9515,S,MICHIGAN AVE,511,,,,,,,3,NO INDICATION OF INJURY,0,0,0,0,0,1,0,6,7,8,41.72129694,-87.6204321162,POINT (-87.620432116179 41.721296939983)
742beebe5d935914339c57cd5b158d7f416ba2e2e8ea19471b002b22510d6f7afd87593f3be83c7737aac283d4326d52577b28eb91d217c52b3bac1479aacfaa,,08/16/2025 05:00:00 AM,30,NO CONTROLS,NO CONTROLS,CLEAR,DAYLIGHT,PARKED MOTOR VEHICLE,DIVIDED - W/MEDIAN (NOT RAISED),,STRAIGHT AND LEVEL,DRY,NO DEFECTS,NOT ON SCENE (DESK REPORT),NO INJURY / DRIVE AWAY,,,,"$501 - $1,500",08/16/2025 07:00:00 AM,IMPROPER BACKING,UNABLE TO DETERMINE,1707,W,47TH ST,931,,,,,,,2,NO INDICATION OF INJURY,0,0,0,0,0,1,0,5,7,8,41.8084687952,-87.6677274811,POINT (-87.667727481144 41.80846879521)
08a64f44e0e97ec2e410d7ffc37eddcd24729371e057a697b65c657afc4a79bd1b760b438c332d5e85331eb85745dea5276763361effca4ae9a16a265285547c,,08/16/2025 04:30:00 AM,30,TRAFFIC SIGNAL,FUNCTIONING PROPERLY,CLEAR,DAWN,FIXED OBJECT,NOT DIVIDED,,STRAIGHT AND LEVEL,DRY,NO DEFECTS,ON SCENE,INJURY AND / OR TOW DUE TO CRASH,,,N,"OVER $1,500",08/16/2025 04:45:00 AM,UNABLE TO DETERMINE,NOT APPLICABLE,7445,S,STATE ST,323,,,,,,,1,NO INDICATION OF INJURY,0,0,0,0,0,1,0,4,7,8,41.7587200134,-87.6246245437,POINT (-87.624624543653 41.758720013411)
5b39aa7fbf2b896915eecb4d316563a87b12bcfeb0b839d50526501a480159fda1e6d8f91058447f887b038fbfda36c855eb414c6f4d556f601a8be6de582789,,08/16/2025 04:19:00 AM,30,TRAFFIC SIGNAL,FUNCTIONING PROPERLY,CLEAR,"DARKNESS, LIGHTED ROAD",ANGLE,FOUR WAY,,STRAIGHT AND LEVEL,DRY,NO DEFECTS,ON SCENE,INJURY AND / OR TOW DUE TO CRASH,Y,,,"OVER $1,500",08/16/2025 04:21:00 AM,UNABLE TO DETERMINE,NOT APPLICABLE,5455,S,WELLS ST,935,,,,,,,2,"REPORTED, NOT EVIDENT",2,0,0,0,2,0,0,4,7,8,41.7946879929,-87.6316374644,POINT (-87.631637464353 41.794687992921)
8f7b2fa40efd533753a14f279f96576e73df61af601aad493536d7ffad30a5df57985ee9a6b285cd11a974b98860fc03aefeb161a44890323873af54708d921f,,08/16/2025 03:52:00 AM,15,NO CONTROLS,NO CONTROLS,CLEAR,"DARKNESS, LIGHTED ROAD",OTHER OBJECT,ALLEY,,STRAIGHT AND LEVEL,DRY,UNKNOWN,NOT ON SCENE (DESK REPORT),NO INJURY / DRIVE AWAY,,,,$500 OR LESS,08/16/2025 03:52:00 AM,UNABLE TO DETERMINE,NOT APPLICABLE,1737,W,TOUHY AVE,2423,,,,,,,1,NO INDICATION OF INJURY,0,0,0,0,0,1,0,3,7,8,42.012540168,-87.6738396783,POINT (-87.673839678297 42.012540167968)
1ba1c765730b2ea5ce0dfd574e6018bb2ae7832b982febe0b476f3cdc64b3c082c355b5f12ef4fa3d7c530be626f6a9bbf867637f69cc72c3f157e9f956eec0b,,08/16/2025 03:51:00 AM,35,NO CONTROLS,NO CONTROLS,UNKNOWN,"DARKNESS, LIGHTED ROAD",PARKED MOTOR VEHICLE,PARKING LOT,,STRAIGHT AND LEVEL,UNKNOWN,NO DEFECTS,ON SCENE,NO INJURY / DRIVE AWAY,,Y,Y,"OVER $1,500",08/21/2025 04:42:00 PM,IMPROPER BACKING,IMPROPER BACKING,1028,N,HOOKER ST,1822,,,,,,,2,NO INDICATION OF INJURY,0,0,0,0,0,1,0,3,7,8,41.900848609,-87.6488767902,POINT (-87.648876790173 41.900848609037)
8b3325bd3b97d333a4862cfc29862e36bef943d600c2ad2b457a16674ce489bdce6f2961d504a142e77d330c9f37bf49d26e69ec2d34815e4467b98eae4d74c2,,08/16/2025 03:40:00 AM,25,NO CONTROLS,NO CONTROLS,CLEAR,"DARKNESS, LIGHTED ROAD",ANGLE,ONE-WAY,,STRAIGHT AND LEVEL,DRY,UNKNOWN,NOT ON SCENE (DESK REPORT),NO INJURY / DRIVE AWAY,,,,"$501 - $1,500",08/16/2025 11:15:00 AM,UNABLE TO DETERMINE,UNABLE TO DETERMINE,1227,N,KILDARE AVE,2534,,,,,,,2,NO INDICATION OF INJURY,0,0,0,0,0,2,0,3,7,8,41.903415087,-87.7335599085,POINT (-87.733559908475 41.90341508705)
9a2e58f2b8b2f2673c3c355cc973624f33e1fbba91f0027a33408fa4a3b0b9ee8f57abcc47dc92fe36fee3ae7a44d672b019b0292f8557453b80aed6131e28b6,,08/16/2025 03:11:00 AM,30,NO CONTROLS,NO CONTROLS,CLEAR,"DARKNESS, LIGHTED ROAD",FIXED OBJECT,FOUR WAY,,STRAIGHT AND LEVEL,DRY,NO DEFECTS,ON SCENE,INJURY AND / OR TOW DUE TO CRASH,,,,"OVER $1,500",08/16/2025 03:14:00 AM,UNABLE TO DETERMINE,EQUIPMENT - VEHICLE CONDITION,4801,S,PULASKI RD,821,,,,,,,1,NONINCAPACITATING INJURY,5,0,0,5,0,1,0,3,7,8,41.8059498201,-87.7233797218,POINT (-87.723379721815 41.805949820064)
7917acedcebc60b352fa562684a072cc49acc3d30c6ac834e59e69e6fc6e86505547faa78f75c78be57ff7d1d360d72fc5b7f8fd89405808e96ad4d09343cbcd,,08/16/2025 03:10:00 AM,30,NO CONTROLS,UNKNOWN,RAIN,DARKNESS,REAR END,NOT DIVIDED,,STRAIGHT AND LEVEL,WET,OTHER,ON SCENE,INJURY AND / OR TOW DUE TO CRASH,,,Y,"OVER $1,500",08/17/2025 02:56:00 AM,FOLLOWING TOO CLOSELY,NOT APPLICABLE,6300,S,STATE ST,312,,,,,,,2,NO INDICATION OF INJURY,0,0,0,0,0,2,0,3,7,8,41.7800082774,-87.6255225119,POINT (-87.625522511916 41.780008277408)
eed2585e6f4fece1a65824e522ebcf2a50ce7a3dbb3a8e1e67203bb10269b9f7b86cf1150ce750a888fd18f5fc2d998cb3feddd077d5c4182a6b2bb603b9b9ea,,08/16/2025 02:44:00 AM,30,NO CONTROLS,NO CONTROLS,CLEAR,"DARKNESS, LIGHTED ROAD",PARKED MOTOR VEHICLE,ONE-WAY,,STRAIGHT AND LEVEL,DRY,NO DEFECTS,NOT ON SCENE (DESK REPORT),NO INJURY / DRIVE AWAY,,,Y,"OVER $1,500",08/18/2025 09:50:00 PM,UNABLE TO DETERMINE,NOT APPLICABLE,16,W,ONTARIO ST,1832,,,,,,,2,NO INDICATION OF INJURY,0,0,0,0,0,3,0,2,7,8,41.8933709035,-87.6287831526,POINT (-87.62878315259 41.893370903548)
2536129082d4424fea0bbb1ac4d9b3227dec16594562f7d049fe7af8b5e5dc8d04cd765de1eccceccfc5fb250e4a1c33f4d9d1104ae76a3d930bbd7dac74f6f2,,08/16/2025 02:40:00 AM,30,NO CONTROLS,NO CONTROLS,CLEAR,"DARKNESS, LIGHTED ROAD",PARKED MOTOR VEHICLE,NOT DIVIDED,,STRAIGHT AND LEVEL,DRY,NO DEFECTS,ON SCENE,INJURY AND / OR TOW DUE TO CRASH,,,Y,"OVER $1,500",08/16/2025 02:40:00 AM,UNABLE TO DETERMINE,NOT APPLICABLE,951,N,LARAMIE AVE,1531,,,,,,,3,NO INDICATION OF INJURY,0,0,0,0,0,2,0,2,7,8,41.8982665675,-87.7555360345,POINT (-87.755536034489 41.898266567479)
05fa75e0597c75bba81477e905836fe11a09362b1735304ea793fd4ac5511267b31165f77c75b016ea1c9c7e13e9e12988f77547480a6be4554959c17f383511,,08/16/2025 02:35:00 AM,15,NO CONTROLS,NO CONTROLS,CLEAR,"DARKNESS, LIGHTED ROAD",REAR END,PARKING LOT,,STRAIGHT AND LEVEL,DRY,NO DEFECTS,ON SCENE,NO INJURY / DRIVE AWAY,,,,$500 OR LESS,08/16/2025 02:36:00 AM,DISTRACTION - FROM INSIDE VEHICLE,NOT APPLICABLE,3457,S,DR MARTIN LUTHER KING JR DR,211,,,,,,,2,NO INDICATION OF INJURY,0,0,0,0,0,2,0,2,7,8,41.8316399037,-87.6168273569,POINT (-87.616827356867 41.831639903733)