CRASH_RECORD_ID,CRASH_DATE_EST_I,CRASH_DATE,POSTED_SPEED_LIMIT,TRAFFIC_CONTROL_DEVICE,DEVICE_CONDITION,WEATHER_CONDITION,LIGHTING_CONDITION,FIRST_CRASH_TYPE,TRAFFICWAY_TYPE,LANE_CNT,ALIGNMENT,ROADWAY_SURFACE_COND,ROAD_DEFECT,REPORT_TYPE,CRASH_TYPE,INTERSECTION_RELATED_I,NOT_RIGHT_OF_WAY_I,HIT_AND_RUN_I,DAMAGE,DATE_POLICE_NOTIFIED,PRIM_CONTRIBUTORY_CAUSE,SEC_CONTRIBUTORY_CAUSE,STREET_NO,STREET_DIRECTION,STREET_NAME,BEAT_OF_OCCURRENCE,PHOTOS_TAKEN_I,STATEMENTS_TAKEN_I,DOORING_I,WORK_ZONE_I,WORK_ZONE_TYPE,WORKERS_PRESENT_I,NUM_UNITS,MOST_SEVERE_INJURY,INJURIES_TOTAL,INJURIES_FATAL,INJURIES_INCAPACITATING,INJURIES_NON_INCAPACITATING,INJURIES_REPORTED_NOT_EVIDENT,INJURIES_NO_INDICATION,INJURIES_UNKNOWN,CRASH_HOUR,CRASH_DAY_OF_WEEK,CRASH_MONTH,LATITUDE,LONGITUDE,LOCATION
c0a8c9d5b405ae251ebb9f0c6639e5d86e1f6279eb23732451adbfbc47e3e2ec3528995b3c9fc2af19467a341dbe0ade05a6d50907c93f3a16b3e9bfc9eec6ca,,08/16/2025 02:28:00 AM,15,NO CONTROLS,NO CONTROLS,CLEAR,"DARKNESS, LIGHTED ROAD",FIXED OBJECT,PARKING LOT,,STRAIGHT AND LEVEL,DRY,NO DEFECTS,ON SCENE,NO INJURY / DRIVE AWAY,,,Y,"OVER $1,500",08/16/2025 02:31:00 AM,FAILING TO REDUCE SPEED TO AVOID CRASH,FAILING TO YIELD RIGHT-OF-WAY,5201,W,DIVISION ST,1524,,,,,,,1,NO INDICATION OF INJURY,0,0,0,0,0,1,0,2,7,8,41.902138635,-87.7558329875,POINT (-87.755832987503 41.902138635014)
24fe13d56c95e3654b7f529139270b97e678ffb16c3ad5416b1c72a17c581e85bfa2bd9a6adf9021a5ee84498bb37a8caf272626a4e4ead5ec233e88f4034ddc,,08/16/2025 02:15:00 AM,30,TRAFFIC SIGNAL,FUNCTIONING PROPERLY,CLEAR,"DARKNESS, LIGHTED ROAD",TURNING,FOUR WAY,,STRAIGHT AND LEVEL,DRY,NO DEFECTS,NOT ON SCENE (DESK REPORT),NO INJURY / DRIVE AWAY,Y,,Y,"OVER $1,500",08/16/2025 02:40:00 AM,UNABLE TO DETERMINE,UNABLE TO DETERMINE,5700,N,SHERIDAN RD,2022,,,,,,,2,NO INDICATION OF INJURY,0,0,0,0,0,3,0,2,7,8,41.9856410954,-87.6553885441,POINT (-87.655388544127 41.985641095429)
cfe1c7025316495da80c993c0d2b5f90ab99bea6f4e3356a335f7acdaaf58c9e09306684b37e22d0b5117268841f3e98faa1ab0b75a4b4aa1e9e6c2355879445,,08/16/2025 02:05:00 AM,25,NO CONTROLS,NO CONTROLS,CLEAR,"DARKNESS, LIGHTED ROAD",REAR END,DIVIDED - W/MEDIAN BARRIER,,STRAIGHT AND LEVEL,DRY,NO DEFECTS,ON SCENE,INJURY AND / OR TOW DUE TO CRASH,,,,"OVER $1,500",08/16/2025 02:14:00 AM,FOLLOWING TOO CLOSELY,UNABLE TO DETERMINE,1000,N,LAKE SHORE DR SB,1824,,,,,,,2,NO INDICATION OF INJURY,0,0,0,0,0,2,0,2,7,8,41.9009589191,-87.6199281737,POINT (-87.619928173678 41.900958919109)
ef2cfe022d89894b469dd04a6fa6d2c84d490ba2994749e7b14a20281bdba0220a26cf51089d83bec8bb0bf36bd9d9dc3a8b4d65e636c6dff5efde261bdd5762,,08/16/2025 02:05:00 AM,30,NO CONTROLS,NO CONTROLS,CLEAR,"DARKNESS, LIGHTED ROAD",PARKED MOTOR VEHICLE,NOT DIVIDED,,STRAIGHT AND LEVEL,DRY,NO DEFECTS,ON SCENE,INJURY AND / OR TOW DUE TO CRASH,,,,"OVER $1,500",08/16/2025 02:34:00 AM,FAILING TO REDUCE SPEED TO AVOID CRASH,IMPROPER BACKING,2311,W,69TH ST,832,,,,,,,3,NONINCAPACITATING INJURY,1,0,0,1,0,0,0,2,7,8,41.7682470648,-87.681288786,POINT (-87.681288785998 41.768247064791)
509a1163826736d5f17da0d6a9daa96180fb54bfbf8a9cad5e33659f6487e939f07be1e694fcd8383f1704ca83d609a0261d10ef43d1a53ca1c36746740ffca0,,08/16/2025 01:53:00 AM,30,TRAFFIC SIGNAL,FUNCTIONING PROPERLY,CLEAR,DARKNESS,ANGLE,DIVIDED - W/MEDIAN BARRIER,,STRAIGHT AND LEVEL,DRY,NO DEFECTS,ON SCENE,INJURY AND / OR TOW DUE TO CRASH,Y,,,"OVER $1,500",08/16/2025 01:53:00 AM,DISREGARDING TRAFFIC SIGNALS,NOT APPLICABLE,100,E,LAKE ST,114,,,,,,,2,NO INDICATION OF INJURY,0,0,0,0,0,5,0,1,7,8,41.8858641533,-87.6244855285,POINT (-87.624485528482 41.88586415331)
c21b99390cc1010bb094bbc1c8e4e4bde6d3d4eb6f0a58b2cb9619e2d89ede483c03962179c45c3e15501f843542c5821749307bbb09a688b4cb186419618d70,Y,08/16/2025 01:43:00 AM,30,NO CONTROLS,NO CONTROLS,CLEAR,"DARKNESS, LIGHTED ROAD",PARKED MOTOR VEHICLE,NOT DIVIDED,,STRAIGHT AND LEVEL,DRY,NO DEFECTS,ON SCENE,INJURY AND / OR TOW DUE TO CRASH,,,,"OVER $1,500",08/16/2025 01:50:00 AM,FAILING TO REDUCE SPEED TO AVOID CRASH,CELL PHONE USE OTHER THAN TEXTING,11143,S,ST LOUIS AVE,2211,,,,,,,2,NO INDICATION OF INJURY,0,0,0,0,0,1,0,1,7,8,41.6902094046,-87.7079469316,POINT (-87.70794693158 41.690209404553)
b3b4f80fdd654b6f87c5f63d1c1ecc1fac8a27299746676d28719b6c118df7eb57cc858878bd5227d5631f8f9e597caf4a9c2744d8542ba1a71d9e27a95f631c,,08/16/2025 01:40:00 AM,25,NO CONTROLS,NO CONTROLS,CLEAR,DARKNESS,PARKED MOTOR VEHICLE,NOT DIVIDED,,STRAIGHT AND LEVEL,DRY,NO DEFECTS,NOT ON SCENE (DESK REPORT),NO INJURY / DRIVE AWAY,,,Y,"OVER $1,500",08/16/2025 01:10:00 PM,UNABLE TO DETERMINE,UNABLE TO DETERMINE,2745,S,PULASKI RD,1031,,,,,,,3,NO INDICATION OF INJURY,0,0,0,0,0,1,0,1,7,8,41.8410607691,-87.7243157653,POINT (-87.724315765335 41.841060769079)
5dc1b6a8edf254b794b8fff7ab5034b55456e12df5f8a190d6d8317d2ac4d4b507ab1d28b83e1d3d7da7e794a2cd22d223ed5d26c1eb37684b945045466ed4b7,,08/16/2025 01:30:00 AM,26,NO CONTROLS,UNKNOWN,CLEAR,"DARKNESS, LIGHTED ROAD",PEDESTRIAN,NOT DIVIDED,,STRAIGHT AND LEVEL,DRY,UNKNOWN,,INJURY AND / OR TOW DUE TO CRASH,,,Y,"OVER $1,500",08/16/2025 01:30:00 AM,UNABLE TO DETERMINE,UNABLE TO DETERMINE,8141,S,HALSTED ST,622,,,,,,,2,NONINCAPACITATING INJURY,1,0,0,1,0,1,0,1,7,8,41.7457874161,-87.6437530681,POINT (-87.643753068108 41.74578741611)
7a2be4f4cf6b37d0d3715eee08dab65461d80f836b7c292b93b5d80149c7b796b1c82d104433854d37c205574bbaa1e8aea0d5aebdcca979948d068e77b1d22a,Y,08/16/2025 01:30:00 AM,25,NO CONTROLS,NO CONTROLS,CLEAR,DARKNESS,PARKED MOTOR VEHICLE,ONE-WAY,,STRAIGHT AND LEVEL,DRY,NO DEFECTS,NOT ON SCENE (DESK REPORT),NO INJURY / DRIVE AWAY,,,Y,"OVER $1,500",08/16/2025 07:00:00 AM,UNABLE TO DETERMINE,NOT APPLICABLE,5424,W,HURON ST,1524,,,,,,,2,NO INDICATION OF INJURY,0,0,0,0,0,1,0,1,7,8,41.8930633647,-87.7616487532,POINT (-87.761648753186 41.893063364748)
85d43b9475a3ccfb219ae4565137fa209199f9c1de538d3ca894b59c933828018c44245dc2b74692bb1b7a2cce61242489387c89904d43d03c2d7ba76a4d9ac1,,08/16/2025 01:30:00 AM,30,NO CONTROLS,NO CONTROLS,CLEAR,"DARKNESS, LIGHTED ROAD",FIXED OBJECT,NOT DIVIDED,,STRAIGHT AND LEVEL,DRY,NO DEFECTS,ON SCENE,INJURY AND / OR TOW DUE TO CRASH,,,,"OVER $1,500",08/16/2025 01:32:00 AM,EQUIPMENT - VEHICLE CONDITION,NOT APPLICABLE,1019,W,47TH ST,933,,,,,,,1,NO INDICATION OF INJURY,0,0,0,0,0,1,0,1,7,8,41.8086746499,-87.6511915152,POINT (-87.651191515157 41.808674649867)
4fe02a93cdf68588c1c4a37fc03d99eda6a79e2f0b43f6e764fed15cd8d10b829f3d60fd66819ce9ce66d6270aa7ee37fcc23781f418d4dda063cea087092551,,08/16/2025 01:15:00 AM,30,STOP SIGN/FLASHER,FUNCTIONING PROPERLY,CLEAR,"DARKNESS, LIGHTED ROAD",SIDESWIPE OPPOSITE DIRECTION,NOT DIVIDED,,STRAIGHT ON GRADE,DRY,NO DEFECTS,ON SCENE,INJURY AND / OR TOW DUE TO CRASH,,,Y,$500 OR LESS,08/16/2025 01:45:00 AM,UNABLE TO DETERMINE,UNABLE TO DETERMINE,7801,S,YATES BLVD,421,,,,,,,2,NO INDICATION OF INJURY,0,0,0,0,0,2,0,1,7,8,41.7534571848,-87.5661198919,POINT (-87.566119891909 41.753457184754)
792d119875d8f0f04c27c0f6dacad78c3bf19b3190e6f34f9b09c0b5695aa5a6d05f321ef6384bfbde9f7b9107fd177f40ab48c1679dbb1ca97c6ebfe0a3777c,,08/16/2025 01:09:00 AM,30,NO CONTROLS,NO CONTROLS,CLEAR,"DARKNESS, LIGHTED ROAD",PARKED MOTOR VEHICLE,NOT DIVIDED,,STRAIGHT AND LEVEL,DRY,UNKNOWN,ON SCENE,INJURY AND / OR TOW DUE TO CRASH,,,,"OVER $1,500",08/16/2025 01:09:00 AM,EQUIPMENT - VEHICLE CONDITION,NOT APPLICABLE,10011,S,CHARLES ST,2213,,,,,,,2,NO INDICATION OF INJURY,0,0,0,0,0,1,0,1,7,8,41.711038252,-87.6602385305,POINT (-87.66023853052 41.71103825197)
108d327d945c473fa4ace968a6120889b1868e1d762952344e2b88f17ebedd08aadf26d5d71d8a5b20eae8fc65269663c3a4c19ade90bb66dbd37d6db720739d,,08/16/2025 01:08:00 AM,25,TRAFFIC SIGNAL,UNKNOWN,CLEAR,DARKNESS,SIDESWIPE SAME DIRECTION,NOT DIVIDED,,STRAIGHT AND LEVEL,DRY,UNKNOWN,ON SCENE,INJURY AND / OR TOW DUE TO CRASH,N,,N,"OVER $1,500",08/16/2025 01:10:00 AM,DISREGARDING TRAFFIC SIGNALS,DISREGARDING TRAFFIC SIGNALS,500,E,GRAND AVE,1834,,,,,,,2,NO INDICATION OF INJURY,0,0,0,0,0,2,0,1,7,8,41.8920193534,-87.6137716434,POINT (-87.613771643383 41.892019353419)
c7480a528eca036f5e85ce4dfe7320c37dff49ee719ca40942677224342f85a1328377aaeefaa19c26152bf8e658a86d29c57723e8ab4cfca2651ba8952a52f1,,08/16/2025 01:02:00 AM,35,STOP SIGN/FLASHER,FUNCTIONING PROPERLY,CLEAR,"DARKNESS, LIGHTED ROAD",ANGLE,FOUR WAY,,STRAIGHT AND LEVEL,DRY,NO DEFECTS,ON SCENE,NO INJURY / DRIVE AWAY,Y,,,"OVER $1,500",08/16/2025 01:03:00 AM,FAILING TO YIELD RIGHT-OF-WAY,FAILING TO YIELD RIGHT-OF-WAY,4998,S,WESTERN AVE,923,,,,,,,2,NO INDICATION OF INJURY,0,0,0,0,0,2,0,1,7,8,41.8030297263,-87.6844203746,POINT (-87.684420374564 41.803029726266)
669c91096cdd5eb43d71d9c78e7902d2e571ec42778c65d06668abd2df8137700da3992c23a9bec13d208910002757e030f83a570a29c3d72c42a561a8715757,,08/16/2025 01:00:00 AM,30,NO CONTROLS,NO CONTROLS,CLEAR,DARKNESS,PARKED MOTOR VEHICLE,NOT DIVIDED,,STRAIGHT AND LEVEL,DRY,UNKNOWN,NOT ON SCENE (DESK REPORT),NO INJURY / DRIVE AWAY,,,,"OVER $1,500",08/16/2025 11:00:00 AM,EQUIPMENT - VEHICLE CONDITION,EQUIPMENT - VEHICLE CONDITION,4400,W,55TH ST,815,,,,,,,3,NO INDICATION OF INJURY,0,0,0,0,0,1,0,1,7,8,41.7932260121,-87.733024083,POINT (-87.733024082995 41.793226012108)
85b427f3680192a76eb8444363feca9ae5967ab3a057d7c37cf2131df649fa11962f5710c1e8a48a38b8a3901f2fd501aeb11ed865b52cf6f83fb0ffa685d60b,,08/16/2025 01:00:00 AM,30,UNKNOWN,UNKNOWN,UNKNOWN,UNKNOWN,PARKED MOTOR VEHICLE,NOT DIVIDED,,STRAIGHT AND LEVEL,UNKNOWN,UNKNOWN,NOT ON SCENE (DESK REPORT),NO INJURY / DRIVE AWAY,,,Y,"OVER $1,500",08/18/2025 01:30:00 PM,UNABLE TO DETERMINE,NOT APPLICABLE,6321,S,COTTAGE GROVE AVE,312,,,,,,,2,NO INDICATION OF INJURY,0,0,0,0,0,1,0,1,7,8,41.7797573036,-87.6057696255,POINT (-87.605769625499 41.779757303597)
d80e254d208e5b9e850cffc3886ca31924561f5ab34bbc71e15226aee6cdefbca848a52191af147dff5d7d709f841606a7e65845a3660f367ffdf56968b60024,,08/16/2025 12:55:00 AM,30,NO CONTROLS,NO CONTROLS,CLEAR,"DARKNESS, LIGHTED ROAD",REAR TO FRONT,ONE-WAY,,STRAIGHT AND LEVEL,DRY,NO DEFECTS,ON SCENE,NO INJURY / DRIVE AWAY,,,,$500 OR LESS,08/16/2025 12:56:00 AM,UNABLE TO DETERMINE,NOT APPLICABLE,5235,W,NEWPORT AVE,1634,,,,,,,2,NO INDICATION OF INJURY,0,0,0,0,0,2,0,0,7,8,41.9431367439,-87.7582492709,POINT (-87.75824927086 41.94313674389)
9146409fa79d1fd186f2d05592c25f1cb12e6879b7c4f6e1348ea87a3eb8d4a19627262feab93cec0449f7b38d3941487383c6553d15679601d93ef2885ab4a5,,08/16/2025 12:51:00 AM,30,NO CONTROLS,NO CONTROLS,CLEAR,DAYLIGHT,PARKED MOTOR VEHICLE,DIVIDED - W/MEDIAN (NOT RAISED),,STRAIGHT AND LEVEL,DRY,NO DEFECTS,ON SCENE,INJURY AND / OR TOW DUE TO CRASH,,,Y,"OVER $1,500",08/16/2025 01:00:00 AM,UNABLE TO DETERMINE,NOT APPLICABLE,4830,W,FULLERTON AVE,2521,,,,,,,2,NO INDICATION OF INJURY,0,0,0,0,0,1,0,0,7,8,41.9243322794,-87.7475704204,POINT (-87.74757042043 41.924332279445)
369bd16c0abe4ca6df2b80c08bfd42e678b6f40094d78111c3581df57b2ab43c4c6678c09755cf3321dd1a85ceed656bf2baec9005acbd8ebed0510b3c5797b5,,08/16/2025 12:50:00 AM,30,NO CONTROLS,NO CONTROLS,CLEAR,"DARKNESS, LIGHTED ROAD",REAR END,NOT DIVIDED,,STRAIGHT AND LEVEL,DRY,NO DEFECTS,ON SCENE,NO INJURY / DRIVE AWAY,,,Y,"OVER $1,500",08/16/2025 12:58:00 AM,FOLLOWING TOO CLOSELY,UNABLE TO DETERMINE,820,W,CHICAGO AVE,1213,,Y,,,,,2,NO INDICATION OF INJURY,0,0,0,0,0,2,0,0,7,8,41.8964946998,-87.6487312745,POINT (-87.64873127447 41.896494699815)
adc404373213ed38aec0f77f77f8622da459b1c1d022eedf8fd8d9a1733446db16123eed18cae34a2ad169fbab63fe542d07f55c3a9c883bdc3b1c3c8dcc7225,,08/16/2025 12:50:00 AM,30,TRAFFIC SIGNAL,FUNCTIONING PROPERLY,CLEAR,"DARKNESS, LIGHTED ROAD",PARKED MOTOR VEHICLE,NOT DIVIDED,,STRAIGHT AND LEVEL,DRY,NO DEFECTS,ON SCENE,INJURY AND / OR TOW DUE TO CRASH,,,,"OVER $1,500",08/16/2025 12:52:00 AM,UNABLE TO DETERMINE,UNABLE TO DETERMINE,104,W,99TH ST,511,,,,,,,2,NO INDICATION OF INJURY,0,0,0,0,0,1,0,0,7,8,41.7145210487,-87.6263090675,POINT (-87.626309067545 41.714521048749)
af99767f3394a7cc55bd944487ab317b3db2e5c04df81cd55ed99fe26de44ec7057c6893cf2ea9317d4cd5c0eec8e89b40cdddd07d15c975f2404063d6d7481d,,08/16/2025 12:45:00 AM,30,NO CONTROLS,NO CONTROLS,CLEAR,"DARKNESS, LIGHTED ROAD",REAR TO FRONT,NOT DIVIDED,,STRAIGHT AND LEVEL,DRY,NO DEFECTS,NOT ON SCENE (DESK REPORT),INJURY AND / OR TOW DUE TO CRASH,N,,,"$501 - $1,500",08/16/2025 01:30:00 AM,IMPROPER BACKING,NOT APPLICABLE,3329,W,FRANKLIN BLVD,1123,,,,,,,2,"REPORTED, NOT EVIDENT",1,0,0,0,1,1,0,0,7,8,41.8899199349,-87.7100119659,POINT (-87.710011965939 41.889919934915)
d399ffb60dae5d7f2ef2ecf7081a4859e9ca537a9240245b369212d9aa7a5ebfbf56f50576a6681b8c32dbc36cccb9532ad90b9f32d44b0beb6e883e08bd7f61,,08/16/2025 12:30:00 AM,30,NO CONTROLS,NO CONTROLS,CLEAR,"DARKNESS, LIGHTED ROAD",REAR END,DIVIDED - W/MEDIAN (NOT RAISED),,STRAIGHT AND LEVEL,DRY,UNKNOWN,NOT ON SCENE (DESK REPORT),NO INJURY / DRIVE AWAY,Y,,,"$501 - $1,500",08/16/2025 12:30:00 AM,UNABLE TO DETERMINE,UNABLE TO DETERMINE,3026,W,FRANKLIN BLVD,1221,,,,,,,2,NO INDICATION OF INJURY,0,0,0,0,0,2,0,0,7,8,41.8902226773,-87.7026919362,POINT (-87.702691936159 41.890222677263)
00eabf73f30fb0e2270f6de52c70be128c06bb54b59c1b150af56bb73895f1993d771b3f91c5dba5eb104e5483dcfa764dc99181ea1c39871f11ecd637dad49f,,08/16/2025 12:27:00 AM,30,TRAFFIC SIGNAL,FUNCTIONING PROPERLY,CLEAR,"DARKNESS, LIGHTED ROAD",REAR END,FOUR WAY,,STRAIGHT AND LEVEL,DRY,UNKNOWN,NOT ON SCENE (DESK REPORT),NO INJURY / DRIVE AWAY,,,Y,"$501 - $1,500",08/16/2025 01:22:00 AM,UNABLE TO DETERMINE,UNABLE TO DETERMINE,400,N,CLARK ST,1831,,,,,,,2,NO INDICATION OF INJURY,0,0,0,0,0,2,0,0,7,8,41.8892498019,-87.6312078202,POINT (-87.631207820201 41.889249801889)
2ad77ef326b518b03221755fc9b22bae3311bfcdd0b451156dee2367faef17b59ab602f577327353f8a9c57e636b2e1d12fd1d17ae8dd2d6d0080345114510b8,Y,08/16/2025 12:00:00 AM,30,NO CONTROLS,FUNCTIONING PROPERLY,UNKNOWN,"DARKNESS, LIGHTED ROAD",PARKED MOTOR VEHICLE,NOT DIVIDED,,STRAIGHT AND LEVEL,DRY,NO DEFECTS,ON SCENE,INJURY AND / OR TOW DUE TO CRASH,,,Y,"OVER $1,500",08/16/2025 07:08:00 AM,UNABLE TO DETERMINE,NOT APPLICABLE,1116,N,KEDZIE AVE,1121,,,,,,,2,NO INDICATION OF INJURY,0,0,0,0,0,1,0,0,7,8,41.9015659678,-87.7068964134,POINT (-87.706896413395 41.901565967759)
57acc19033915fb08327333014425accbb03667b92312879da26b63882f5a07d6a79b2c698a182712dd8fca2f2033fb3e0fda71565c997e5482b0b8dec442c95,,08/16/2025 12:00:00 AM,10,NO CONTROLS,NO CONTROLS,CLEAR,"DARKNESS, LIGHTED ROAD",PARKED MOTOR VEHICLE,NOT DIVIDED,,STRAIGHT AND LEVEL,DRY,NO DEFECTS,NOT ON SCENE (DESK REPORT),INJURY AND / OR TOW DUE TO CRASH,,,Y,"OVER $1,500",08/16/2025 01:30:00 AM,UNABLE TO DETERMINE,NOT APPLICABLE,4400,W,55TH ST,815,,,,,,,2,NO INDICATION OF INJURY,0,0,0,0,0,1,0,0,7,8,41.7932260121,-87.733024083,POINT (-87.733024082995 41.793226012108)
5fad6334974361fea8568ceec11e8f8932d0d6449d945b3ad6521e0912620e01a435bf0d99e5d91eba3163998e94936f21e959a692c057aeace16397bda81a88,,08/16/2025 12:00:00 AM,30,STOP SIGN/FLASHER,FUNCTIONING PROPERLY,RAIN,"DARKNESS, LIGHTED ROAD",PEDESTRIAN,NOT DIVIDED,,STRAIGHT AND LEVEL,WET,UNKNOWN,ON SCENE,INJURY AND / OR TOW DUE TO CRASH,,,Y,$500 OR LESS,08/17/2025 02:44:00 AM,FAILING TO REDUCE SPEED TO AVOID CRASH,UNABLE TO DETERMINE,421,N,MORGAN ST,1214,,,,,,,2,NONINCAPACITATING INJURY,1,0,0,1,0,1,0,0,7,8,41.8896673116,-87.6521089176,POINT (-87.652108917619 41.889667311614)
f531d7e52ed19405a28833d98f98734e0ca4a6ff0bb4fa2255a13c00ff9725f6bb081face568e4a413941c632a48bc60cbad6aa37d706ac013e29e059a74d96a,,08/16/2025 12:00:00 AM,30,TRAFFIC SIGNAL,NO CONTROLS,CLEAR,"DARKNESS, LIGHTED ROAD",REAR TO FRONT,NOT DIVIDED,,STRAIGHT AND LEVEL,DRY,NO DEFECTS,ON SCENE,INJURY AND / OR TOW DUE TO CRASH,,,Y,"OVER $1,500",08/16/2025 12:18:00 AM,IMPROPER BACKING,NOT APPLICABLE,7901,S,FARRAGUT DR,422,,,,,,,2,NONINCAPACITATING INJURY,1,0,0,1,0,1,0,0,7,8,41.7521560092,-87.5450414522,POINT (-87.54504145219 41.752156009158)
7bf624d9f4c46071390beab7eaad4d1fffd0669dcb71075f0e4a175ccf97f419181a93ce0b17e48510d11c105d3393ded0243734b5f7d7193e6bf12456a9cf88,,08/15/2025 11:56:00 PM,35,TRAFFIC SIGNAL,FUNCTIONING PROPERLY,CLEAR,"DARKNESS, LIGHTED ROAD",REAR END,FOUR WAY,,STRAIGHT AND LEVEL,DRY,NO DEFECTS,ON SCENE,INJURY AND / OR TOW DUE TO CRASH,,,,"OVER $1,500",08/15/2025 11:56:00 PM,FOLLOWING TOO CLOSELY,NOT APPLICABLE,1200,S,COLUMBUS DR,132,,,,,,,2,NONINCAPACITATING INJURY,1,0,0,1,0,2,0,23,6,8,41.8673879139,-87.6204910341,POINT (-87.620491034097 41.867387913926)
039132110e4d7c67ef3893724b2f986cba44baab834d81510e001878423266fdb75df4b213c165ef49e62c91581d6790935d87e4249e410ac863188ec2bb0fcb,Y,08/15/2025 11:52:00 PM,30,TRAFFIC SIGNAL,FUNCTIONING PROPERLY,CLEAR,DARKNESS,TURNING,FOUR WAY,,STRAIGHT AND LEVEL,DRY,NO DEFECTS,ON SCENE,INJURY AND / OR TOW DUE TO CRASH,Y,,,"OVER $1,500",08/15/2025 11:59:00 PM,UNABLE TO DETERMINE,NOT APPLICABLE,198,W,73RD ST,731,,,,,,,2,NONINCAPACITATING INJURY,2,0,0,2,0,2,0,23,6,8,41.7619074944,-87.629576583,POINT (-87.629576582996 41.761907494352)
bdc9659445810646c14062c3d32e4b3f25f11ed60cd8cc95a1ba1fad45380f72a1334e2c880a36f17c68232d49dec57a98a3509f22514c4e479f82c83df6e301,,08/15/2025 11:45:00 PM,30,NO CONTROLS,NO CONTROLS,CLEAR,"DARKNESS, LIGHTED ROAD",SIDESWIPE SAME DIRECTION,NOT DIVIDED,,STRAIGHT AND LEVEL,UNKNOWN,UNKNOWN,NOT ON SCENE (DESK REPORT),NO INJURY / DRIVE AWAY,,,,$500 OR LESS,08/16/2025 10:00:00 AM,UNABLE TO DETERMINE,UNABLE TO DETERMINE,5102,S,WABASH AVE,225,,,,,,,2,NO INDICATION OF INJURY,0,0,0,0,0,2,0,23,6,8,41.8018138344,-87.6244155935,POINT (-87.624415593452 41.801813834442)
69c7646db4573ab3bf1b782584d940525f8586fbbad0ace0457ff7007dc9921e8c8d05b25372e58652960ecc676d1a6add0b951e19ec920e3205e78fed6452d5,,08/15/2025 11:20:00 PM,30,NO CONTROLS,NO CONTROLS,CLEAR,"DARKNESS, LIGHTED ROAD",PARKED MOTOR VEHICLE,NOT DIVIDED,,STRAIGHT AND LEVEL,UNKNOWN,UNKNOWN,NOT ON SCENE (DESK REPORT),NO INJURY / DRIVE AWAY,,,,"$501 - $1,500",08/16/2025 12:45:00 AM,UNABLE TO DETERMINE,NOT APPLICABLE,400,N,MC CLURG CT,1834,,,,,,,2,NO INDICATION OF INJURY,0,0,0,0,0,2,0,23,6,8,41.889118473,-87.6177548765,POINT (-87.617754876517 41.88911847301)
0929c146abacbd0b8734547a01cf9df065548d32190b7c568f96af4fd2d9f2a0790437e7efc6074ee11cd8535084f32c2a7e680fdd42b71a6409e0c6ce125d1e,,08/15/2025 11:16:00 PM,30,NO CONTROLS,NO CONTROLS,CLEAR,"DARKNESS, LIGHTED ROAD",FIXED OBJECT,NOT DIVIDED,,STRAIGHT AND LEVEL,DRY,NO DEFECTS,ON SCENE,INJURY AND / OR TOW DUE TO CRASH,,Y,,"OVER $1,500",08/15/2025 11:39:00 PM,DISTRACTION - FROM INSIDE VEHICLE,UNABLE TO DETERMINE,1318,W,CERMAK RD,1235,,,,,,,1,NONINCAPACITATING INJURY,2,0,0,1,1,0,0,23,6,8,41.8525541031,-87.6594887961,POINT (-87.659488796094 41.852554103074)
339062609e69bf570a177db913939bf4d2720d919686da5e9743a2471395b9b1763a9b1690f34df3e1674c2375a638642723bc2e32cf994472873dee3a9c8693,,08/15/2025 11:00:00 PM,40,NO CONTROLS,NO CONTROLS,CLEAR,"DARKNESS, LIGHTED ROAD",OTHER OBJECT,DIVIDED - W/MEDIAN (NOT RAISED),,STRAIGHT AND LEVEL,DRY,NO DEFECTS,NOT ON SCENE (DESK REPORT),NO INJURY / DRIVE AWAY,,,,"OVER $1,500",08/25/2025 11:40:00 AM,UNABLE TO DETERMINE,UNABLE TO DETERMINE,486,N,LAKE SHORE DR,1834,,,,,,,1,NO INDICATION OF INJURY,0,0,0,0,0,2,0,23,6,8,41.8908241715,-87.6143335004,POINT (-87.614333500401 41.89082417147)
5ad0a1240e8874c962ec69444370d974252abf1221e67e4e6bcc4374e9c55128af4405acf3bef6b41ea18b8cda56f97fee24294f43404de111ea56da49d0f204,Y,08/15/2025 11:00:00 PM,30,NO CONTROLS,NO CONTROLS,CLEAR,DARKNESS,PARKED MOTOR VEHICLE,DIVIDED - W/MEDIAN (NOT RAISED),,STRAIGHT AND LEVEL,DRY,NO DEFECTS,NOT ON SCENE (DESK REPORT),NO INJURY / DRIVE AWAY,,,Y,"OVER $1,500",08/16/2025 01:50:00 PM,UNABLE TO DETERMINE,UNABLE TO DETERMINE,747,N,CENTRAL AVE,1524,,,,,,,2,NO INDICATION OF INJURY,0,0,0,0,0,1,0,23,6,8,41.8943563328,-87.7652278502,POINT (-87.765227850152 41.894356332824)