CRASH_RECORD_ID,CRASH_DATE_EST_I,CRASH_DATE,POSTED_SPEED_LIMIT,TRAFFIC_CONTROL_DEVICE,DEVICE_CONDITION,WEATHER_CONDITION,LIGHTING_CONDITION,FIRST_CRASH_TYPE,TRAFFICWAY_TYPE,LANE_CNT,ALIGNMENT,ROADWAY_SURFACE_COND,ROAD_DEFECT,REPORT_TYPE,CRASH_TYPE,INTERSECTION_RELATED_I,NOT_RIGHT_OF_WAY_I,HIT_AND_RUN_I,DAMAGE,DATE_POLICE_NOTIFIED,PRIM_CONTRIBUTORY_CAUSE,SEC_CONTRIBUTORY_CAUSE,STREET_NO,STREET_DIRECTION,STREET_NAME,BEAT_OF_OCCURRENCE,PHOTOS_TAKEN_I,STATEMENTS_TAKEN_I,DOORING_I,WORK_ZONE_I,WORK_ZONE_TYPE,WORKERS_PRESENT_I,NUM_UNITS,MOST_SEVERE_INJURY,INJURIES_TOTAL,INJURIES_FATAL,INJURIES_INCAPACITATING,INJURIES_NON_INCAPACITATING,INJURIES_REPORTED_NOT_EVIDENT,INJURIES_NO_INDICATION,INJURIES_UNKNOWN,CRASH_HOUR,CRASH_DAY_OF_WEEK,CRASH_MONTH,LATITUDE,LONGITUDE,LOCATION
9535cb1053fecca4a906ea84beb46569cbe4333ba0a72c83126e4678b1e6b98be64380c373e07a879acf36cbd96efcb4b3deaa66fe1f4a75a1acc3497cfff208,,08/15/2025 11:00:00 PM,30,UNKNOWN,UNKNOWN,CLEAR,"DARKNESS, LIGHTED ROAD",SIDESWIPE SAME DIRECTION,NOT DIVIDED,,STRAIGHT AND LEVEL,UNKNOWN,UNKNOWN,NOT ON SCENE (DESK REPORT),NO INJURY / DRIVE AWAY,,,,"OVER $1,500",08/16/2025 03:00:00 PM,UNABLE TO DETERMINE,UNABLE TO DETERMINE,679,N,MC CLURG CT,1834,,,,,,,2,NO INDICATION OF INJURY,0,0,0,0,0,2,0,23,6,8,41.8950126678,-87.6176433693,POINT (-87.617643369338 41.895012667767)
e8c47df750722a934863446ed853852321485f8de47aa300d9f82dacd24bad2c9e46d11ec0d4ebd37d81569d2eaf066e58311fb2e1adccbbdda20cf4354a05e4,,08/15/2025 11:00:00 PM,30,UNKNOWN,UNKNOWN,UNKNOWN,UNKNOWN,PARKED MOTOR VEHICLE,NOT DIVIDED,,STRAIGHT AND LEVEL,UNKNOWN,UNKNOWN,NOT ON SCENE (DESK REPORT),NO INJURY / DRIVE AWAY,,,Y,$500 OR LESS,08/23/2025 02:57:00 PM,UNABLE TO DETERMINE,UNABLE TO DETERMINE,2431,N,CANNON DR,1935,,,,,,,2,NO INDICATION OF INJURY,0,0,0,0,0,1,0,23,6,8,41.9267823169,-87.6340362794,POINT (-87.634036279366 41.926782316851)
5f93d2bc79bc0bea7cf8d78ac3b6af6fe904f531939835b5a4dcfb6c555b103aa689529ec6f217c59c1be60109014b48bebddd296b6d975c58060e721c094605,,08/15/2025 10:55:00 PM,30,TRAFFIC SIGNAL,FUNCTIONING PROPERLY,CLEAR,"DARKNESS, LIGHTED ROAD",SIDESWIPE SAME DIRECTION,NOT DIVIDED,,STRAIGHT AND LEVEL,DRY,NO DEFECTS,NOT ON SCENE (DESK REPORT),NO INJURY / DRIVE AWAY,,,,"OVER $1,500",08/16/2025 12:34:00 AM,FAILING TO YIELD RIGHT-OF-WAY,UNABLE TO DETERMINE,1033,W,CHICAGO AVE,1214,,,,,,,2,NO INDICATION OF INJURY,0,0,0,0,0,3,0,22,6,8,41.8961791548,-87.6538339255,POINT (-87.653833925533 41.896179154792)
663c26d1dd43a1267d6b654374c619bd17aa9af4da056ab2ef3dcbb6059959d83eed063d219cbc79e33bc6702c401327e255646d4e0832113e674c668aa4c1a1,,08/15/2025 10:45:00 PM,30,NO CONTROLS,NO CONTROLS,CLEAR,"DARKNESS, LIGHTED ROAD",PARKED MOTOR VEHICLE,ONE-WAY,,STRAIGHT AND LEVEL,DRY,NO DEFECTS,NOT ON SCENE (DESK REPORT),NO INJURY / DRIVE AWAY,,,,"OVER $1,500",08/15/2025 11:15:00 PM,UNABLE TO DETERMINE,NOT APPLICABLE,7919,S,KIRKLAND AVE,834,,,,,,,2,NO INDICATION OF INJURY,0,0,0,0,0,1,0,22,6,8,41.7483692389,-87.729509339,POINT (-87.729509338962 41.748369238933)
f144c327623850cc7d8008ccfe8bbfd337d0e90c996853837bbac8567bcb257f7978caaaaeb26a0eb2f0fc47b0d9c6a8a1d228d451d46c1a0036751945da5d2f,,08/15/2025 10:45:00 PM,30,TRAFFIC SIGNAL,FUNCTIONING PROPERLY,CLEAR,"DARKNESS, LIGHTED ROAD",ANGLE,UNKNOWN,,STRAIGHT AND LEVEL,WET,UNKNOWN,NOT ON SCENE (DESK REPORT),NO INJURY / DRIVE AWAY,,,Y,"OVER $1,500",08/16/2025 02:30:00 PM,IMPROPER LANE USAGE,UNABLE TO DETERMINE,1820,W,WASHINGTON BLVD,1223,,,,,,,2,NO INDICATION OF INJURY,0,0,0,0,0,2,0,22,6,8,41.8833189163,-87.6726798112,POINT (-87.672679811163 41.883318916322)
f6f5ffa32f4e5391769fe7a6851905d858aabca2edcf24841d0c9128a58867e21ed6f1734f156fa56f43124c54771ae50de2859a8175ec608f51da5702f79bb1,,08/15/2025 10:40:00 PM,10,UNKNOWN,UNKNOWN,CLEAR,"DARKNESS, LIGHTED ROAD",PARKED MOTOR VEHICLE,PARKING LOT,,STRAIGHT AND LEVEL,DRY,UNKNOWN,ON SCENE,NO INJURY / DRIVE AWAY,,,Y,"$501 - $1,500",08/15/2025 11:03:00 PM,UNABLE TO DETERMINE,NOT APPLICABLE,5742,W,55TH ST,811,,,,,,,2,NO INDICATION OF INJURY,0,0,0,0,0,1,0,22,6,8,41.7927640872,-87.7664529958,POINT (-87.766452995763 41.792764087153)
1676ae6e56a18c10844bb7991a04203139cf547d9ba8326db6114aa7ba95c29d914beb0f52dbbea5f9195f5f0789a0478f53ddc76835a7387099c1997cbe0882,,08/15/2025 10:30:00 PM,10,NO CONTROLS,NO CONTROLS,CLEAR,"DARKNESS, LIGHTED ROAD",PARKED MOTOR VEHICLE,OTHER,,STRAIGHT AND LEVEL,DRY,UNKNOWN,NOT ON SCENE (DESK REPORT),NO INJURY / DRIVE AWAY,,Y,N,"$501 - $1,500",08/15/2025 10:54:00 PM,UNABLE TO DETERMINE,UNABLE TO DETERMINE,631,N,LA SALLE DR,1832,,,,,,,2,NO INDICATION OF INJURY,0,0,0,0,0,2,0,22,6,8,41.8932511985,-87.6324930122,POINT (-87.632493012229 41.893251198465)
63ec0ec2e7c4cf71549cbd73f6b847c71961e49151c173c353148c3c6eb47bc1d957e668d238eee41d787a899face5e7ebe5f4eb7133cec6c5fcf8acbc59e46c,,08/15/2025 10:30:00 PM,20,NO CONTROLS,NO CONTROLS,CLEAR,"DARKNESS, LIGHTED ROAD",PARKED MOTOR VEHICLE,NOT DIVIDED,,STRAIGHT AND LEVEL,DRY,NO DEFECTS,,INJURY AND / OR TOW DUE TO CRASH,,,Y,"OVER $1,500",08/16/2025 12:15:00 AM,UNABLE TO DETERMINE,NOT APPLICABLE,5124,S,KEDZIE AVE,822,,,,,,,2,NO INDICATION OF INJURY,0,0,0,0,0,1,0,22,6,8,41.8000464472,-87.703891532,POINT (-87.703891531973 41.800046447196)
786a0ce77b8888a88995ad08d8af65f145d7540c83bcabf399b581c72f92de09f78bae0cc0495795b3aa9616807d58ac2e6787d399a733d8dbec11b1bbedfd7e,,08/15/2025 10:30:00 PM,30,TRAFFIC SIGNAL,FUNCTIONING PROPERLY,CLEAR,"DARKNESS, LIGHTED ROAD",REAR END,DIVIDED - W/MEDIAN (NOT RAISED),,STRAIGHT AND LEVEL,DRY,NO DEFECTS,NOT ON SCENE (DESK REPORT),NO INJURY / DRIVE AWAY,Y,,,"OVER $1,500",08/15/2025 11:00:00 PM,DISTRACTION - FROM INSIDE VEHICLE,FAILING TO REDUCE SPEED TO AVOID CRASH,2400,W,TOUHY AVE,2411,,,,,,,2,NO INDICATION OF INJURY,0,0,0,0,0,2,0,22,6,8,42.0123891037,-87.690377997,POINT (-87.690377997032 42.012389103715)
d8ecdf705e1ff67b86105bfc590777b236d8847dd43bda78780a7245edac170d470aaa50b312312c43b27647affc772c76d2679e62e734eff71f1cd03058ea61,,08/15/2025 10:30:00 PM,35,NO CONTROLS,NO CONTROLS,CLEAR,"DARKNESS, LIGHTED ROAD",FIXED OBJECT,NOT DIVIDED,,"CURVE, LEVEL",DRY,NO DEFECTS,ON SCENE,INJURY AND / OR TOW DUE TO CRASH,,,,"OVER $1,500",08/15/2025 10:36:00 PM,UNABLE TO DETERMINE,UNABLE TO DETERMINE,9361,S,EWING AVE,432,,,,,,,1,NO INDICATION OF INJURY,0,0,0,0,0,3,0,22,6,8,41.7260175244,-87.5388918359,POINT (-87.538891835891 41.72601752445)
ff7430fc0875ede392eaa4da13315915feca91d568c56166f0bb1bef43b0ca38fc48cace99a0815538ba78bd12527bbcfe5715768b5e8e12d64873fba34de9b5,,08/15/2025 10:25:00 PM,30,TRAFFIC SIGNAL,FUNCTIONING PROPERLY,CLEAR,"DARKNESS, LIGHTED ROAD",REAR END,DIVIDED - W/MEDIAN (NOT RAISED),,STRAIGHT AND LEVEL,DRY,NO DEFECTS,NOT ON SCENE (DESK REPORT),NO INJURY / DRIVE AWAY,Y,,,"OVER $1,500",08/15/2025 11:00:00 PM,FOLLOWING TOO CLOSELY,NOT APPLICABLE,5601,W,FULLERTON AVE,2515,,,,,,,2,NO INDICATION OF INJURY,0,0,0,0,0,2,0,22,6,8,41.9238706888,-87.7660492214,POINT (-87.766049221352 41.923870688815)
8945cd10830857acd75c08781be85294dc332ca4e2f630bab78a0da3c0eec286d888c88c89a1d1b98ff45ebae6313f07507340e93d9daaedbd5986a6c06c5d98,,08/15/2025 10:20:00 PM,30,STOP SIGN/FLASHER,FUNCTIONING PROPERLY,CLEAR,"DARKNESS, LIGHTED ROAD",REAR END,NOT DIVIDED,,STRAIGHT AND LEVEL,DRY,NO DEFECTS,ON SCENE,INJURY AND / OR TOW DUE TO CRASH,Y,,,"OVER $1,500",08/15/2025 10:21:00 PM,FAILING TO REDUCE SPEED TO AVOID CRASH,CELL PHONE USE OTHER THAN TEXTING,1405,W,99TH ST,2213,,,,,,,2,"REPORTED, NOT EVIDENT",3,0,0,0,3,1,0,22,6,8,41.7139148511,-87.6580714394,POINT (-87.658071439423 41.713914851067)
295cdda0a85c16c1378f39677d4e8150f176cb3ec3b68b87720555ddd11137dea61ba79d84c4e3ff6e1387c9def2bba4e37004740d64e38fb2374462cecf5510,,08/15/2025 10:00:00 PM,30,TRAFFIC SIGNAL,FUNCTIONING PROPERLY,CLEAR,UNKNOWN,PEDALCYCLIST,NOT DIVIDED,,STRAIGHT AND LEVEL,DRY,UNKNOWN,NOT ON SCENE (DESK REPORT),INJURY AND / OR TOW DUE TO CRASH,,,Y,"OVER $1,500",08/15/2025 10:05:00 PM,UNABLE TO DETERMINE,UNABLE TO DETERMINE,5219,W,DIVERSEY AVE,2514,,,,,,,2,NONINCAPACITATING INJURY,1,0,0,1,0,1,0,22,6,8,41.9312801748,-87.7572255933,POINT (-87.757225593334 41.931280174795)
4dfffc6c07e857721cad3ddb95b3a58e6a9346f517911ef1d4a554dcea6d9c625acb789e07644626d2baa3a4ee10156d513241f056d7217b88d1af9e05381636,,08/15/2025 10:00:00 PM,30,STOP SIGN/FLASHER,UNKNOWN,UNKNOWN,UNKNOWN,ANGLE,FOUR WAY,,STRAIGHT AND LEVEL,UNKNOWN,UNKNOWN,NOT ON SCENE (DESK REPORT),NO INJURY / DRIVE AWAY,,,,"OVER $1,500",08/16/2025 03:18:00 PM,UNABLE TO DETERMINE,NOT APPLICABLE,8600,S,ABERDEEN ST,613,,,,,,,2,NO INDICATION OF INJURY,0,0,0,0,0,3,0,22,6,8,41.7376965069,-87.6511055073,POINT (-87.651105507303 41.737696506928)
9ce33ec8fcc1bc837ac1de8462d0002abe15c2647736979f9a78120a78dced8f3b67639de397c76e41661f599ea4499b8c3fbdc3b872cb8eac30f4ba531f5898,,08/15/2025 10:00:00 PM,30,TRAFFIC SIGNAL,FUNCTIONING PROPERLY,CLEAR,"DARKNESS, LIGHTED ROAD",SIDESWIPE SAME DIRECTION,FOUR WAY,,STRAIGHT AND LEVEL,DRY,NO DEFECTS,NOT ON SCENE (DESK REPORT),NO INJURY / DRIVE AWAY,Y,,,"OVER $1,500",08/20/2025 05:50:00 PM,UNABLE TO DETERMINE,UNABLE TO DETERMINE,2352,W,GARFIELD BLVD,932,,,,,,,2,NO INDICATION OF INJURY,0,0,0,0,0,2,0,22,6,8,41.7939364255,-87.6832104665,POINT (-87.683210466528 41.793936425503)
dd3cb4586a68764aee7b7a1e8aecac4322ab213091bc28d0ecda72623a23391a2049ad06f55e7c5219913f33d7247d0e82f935da10487c24c04abfbfa2b6a4c5,Y,08/15/2025 10:00:00 PM,30,NO CONTROLS,NO CONTROLS,CLEAR,"DARKNESS, LIGHTED ROAD",SIDESWIPE SAME DIRECTION,DIVIDED - W/MEDIAN BARRIER,,"CURVE, LEVEL",DRY,NO DEFECTS,ON SCENE,NO INJURY / DRIVE AWAY,,,Y,"OVER $1,500",08/15/2025 11:20:00 PM,NOT APPLICABLE,NOT APPLICABLE,4832,S,LAKE SHORE DR SB,222,,,,,,,2,NO INDICATION OF INJURY,0,0,0,0,0,2,0,22,6,8,41.8069124043,-87.5860615151,POINT (-87.586061515111 41.806912404279)
7234f82a4772b1692e89acd72faa908881301d2a49dc2cc221031470358dede70e176dc2b265eaeca039086f3a1e795049e63107dd1f1d47f4ccec2425a41e77,,08/15/2025 09:55:00 PM,15,NO CONTROLS,NO CONTROLS,CLEAR,"DARKNESS, LIGHTED ROAD",PARKED MOTOR VEHICLE,PARKING LOT,,STRAIGHT AND LEVEL,DRY,UNKNOWN,NOT ON SCENE (DESK REPORT),NO INJURY / DRIVE AWAY,,,,"OVER $1,500",08/16/2025 12:34:00 PM,UNABLE TO DETERMINE,NOT APPLICABLE,3405,S,NORMAL AVE,915,,,,,,,2,NO INDICATION OF INJURY,0,0,0,0,0,1,0,21,6,8,41.8324602983,-87.6386943904,POINT (-87.638694390361 41.832460298279)
70608bcaa11ed53b904e5dc13bf7e6714eb564faa618bdfdbf24ad06b7e60f0b593c34693e1f80a43bf188f4c6a6685c2a4b053997db78e1357740915fe8e3ec,,08/15/2025 09:54:00 PM,10,NO CONTROLS,NO CONTROLS,CLEAR,DARKNESS,REAR TO SIDE,PARKING LOT,,STRAIGHT AND LEVEL,DRY,NO DEFECTS,ON SCENE,NO INJURY / DRIVE AWAY,,,,$500 OR LESS,08/15/2025 10:25:00 PM,UNABLE TO DETERMINE,UNABLE TO DETERMINE,630,W,OHARE ST,1654,,,,,,,2,NO INDICATION OF INJURY,0,0,0,0,0,2,0,21,6,8,,,
46aee250f43db047949f3fea277c1b05700653a51a56f2eeab7736d6cd53a81ecbb43ea4ac8a31c447fa9a3b6fd8555f6e8562db5700f4c94201fe5ad59fd3a1,,08/15/2025 09:50:00 PM,30,NO CONTROLS,NO CONTROLS,CLEAR,"DARKNESS, LIGHTED ROAD",REAR TO FRONT,ONE-WAY,,STRAIGHT AND LEVEL,DRY,UNKNOWN,,INJURY AND / OR TOW DUE TO CRASH,,,,"OVER $1,500",08/15/2025 09:54:00 PM,IMPROPER BACKING,NOT APPLICABLE,1101,W,ADAMS ST,1232,,,,,,,4,NO INDICATION OF INJURY,0,0,0,0,0,2,0,21,6,8,41.8789858254,-87.6547313091,POINT (-87.654731309149 41.878985825364)
a060a710f491e2dc2e52ae9b530f21cd901666b686b194f3fd3e5d97966a5a70781d9abf23f834a9d846df242bf914e536ed266c1948ee5b6a9bf74792effd6c,,08/15/2025 09:50:00 PM,30,NO CONTROLS,NO CONTROLS,CLEAR,"DARKNESS, LIGHTED ROAD",PARKED MOTOR VEHICLE,NOT DIVIDED,,"CURVE, LEVEL",DRY,NO DEFECTS,ON SCENE,INJURY AND / OR TOW DUE TO CRASH,,,Y,"OVER $1,500",08/16/2025 12:03:00 AM,UNABLE TO DETERMINE,UNABLE TO DETERMINE,1630,E,HAYES DR,331,,Y,,,,,3,NO INDICATION OF INJURY,0,0,0,0,0,1,0,21,6,8,41.7807432304,-87.5846540136,POINT (-87.584654013631 41.780743230431)
7a6fcd2a54a3a7563e2633ce135eef0e0e5e87046e708326bcd0db76487681a1ea1b228d918665acdc6b006a5ca9e5f381348827b4d8da677f76363b09e45cb7,,08/15/2025 09:42:00 PM,30,NO CONTROLS,NO CONTROLS,UNKNOWN,"DARKNESS, LIGHTED ROAD",SIDESWIPE SAME DIRECTION,DIVIDED - W/MEDIAN (NOT RAISED),,STRAIGHT AND LEVEL,UNKNOWN,UNKNOWN,NOT ON SCENE (DESK REPORT),NO INJURY / DRIVE AWAY,,,Y,"OVER $1,500",08/16/2025 07:25:00 PM,IMPROPER OVERTAKING/PASSING,IMPROPER OVERTAKING/PASSING,6800,S,STONY ISLAND AVE,332,,,,,,,2,NO INDICATION OF INJURY,0,0,0,0,0,2,0,21,6,8,41.7714223364,-87.586427401,POINT (-87.586427400954 41.771422336378)
1ad7c07d50f36426ce5d0d04755790a66f6478b746a9ec7a33ad42ed4e142555b49b9d00ebdec12d4d1187d58d0e635d615ebeab84f055c78ab848d66a71c962,,08/15/2025 09:40:00 PM,30,NO CONTROLS,NO CONTROLS,CLEAR,"DARKNESS, LIGHTED ROAD",PARKED MOTOR VEHICLE,NOT DIVIDED,,STRAIGHT AND LEVEL,DRY,NO DEFECTS,ON SCENE,INJURY AND / OR TOW DUE TO CRASH,,,Y,"OVER $1,500",08/16/2025 12:51:00 AM,"OPERATING VEHICLE IN ERRATIC, RECKLESS, CARELESS, NEGLIGENT OR AGGRESSIVE MANNER",NOT APPLICABLE,2318,W,27TH ST,1034,,,,,,,2,NO INDICATION OF INJURY,0,0,0,0,0,1,0,21,6,8,41.8435606143,-87.6837704948,POINT (-87.683770494797 41.843560614291)
64e45bc735a3664668394330814eb02103bba59f27ddde133319ba43e12455829e51c80c5ffa1a82b39c56246056c89640f4b652cbb0e3596c197f5344677396,,08/15/2025 09:32:00 PM,30,TRAFFIC SIGNAL,FUNCTIONING PROPERLY,CLEAR,"DARKNESS, LIGHTED ROAD",TURNING,NOT DIVIDED,,STRAIGHT AND LEVEL,DRY,NO DEFECTS,ON SCENE,INJURY AND / OR TOW DUE TO CRASH,,,,"OVER $1,500",08/15/2025 09:54:00 PM,IMPROPER TURNING/NO SIGNAL,IMPROPER OVERTAKING/PASSING,6360,N,CALDWELL AVE,1621,,,,,,,2,NO INDICATION OF INJURY,0,0,0,0,0,2,0,21,6,8,41.9966453723,-87.7655754986,POINT (-87.765575498629 41.996645372319)
999c49646f1ab694fd88bf201ee2be72cf790dad19fe289689a6a1221299e6b65034b87981dacfacafa610e0faa9ef7d3d263f15b6392e3ef8b448bb51a99bc3,,08/15/2025 09:30:00 PM,30,NO CONTROLS,NO CONTROLS,RAIN,"DARKNESS, LIGHTED ROAD",PARKED MOTOR VEHICLE,NOT DIVIDED,,STRAIGHT AND LEVEL,WET,UNKNOWN,NOT ON SCENE (DESK REPORT),NO INJURY / DRIVE AWAY,,,Y,"OVER $1,500",08/19/2025 10:30:00 AM,UNABLE TO DETERMINE,UNABLE TO DETERMINE,3453,W,111TH ST,2211,,,,,,,2,NO INDICATION OF INJURY,0,0,0,0,0,1,0,21,6,8,41.6913399262,-87.7079219612,POINT (-87.707921961151 41.691339926178)
da34d1ecd20fef210b8074613a52af46719f6c0ad22f230a9ae9a43fa41b33f5bb31fb4a109eb1d927474dc4e3344da7e71741defe11cfc058d72a813b066af1,,08/15/2025 09:30:00 PM,30,NO CONTROLS,NO CONTROLS,CLEAR,"DARKNESS, LIGHTED ROAD",ANGLE,NOT DIVIDED,,STRAIGHT AND LEVEL,DRY,NO DEFECTS,NOT ON SCENE (DESK REPORT),NO INJURY / DRIVE AWAY,,,,$500 OR LESS,08/25/2025 04:25:00 PM,UNABLE TO DETERMINE,UNABLE TO DETERMINE,3300,S,UNION AVE,915,,,,,,,2,NO INDICATION OF INJURY,0,0,0,0,0,2,0,21,6,8,41.8343396085,-87.6439021603,POINT (-87.643902160323 41.834339608486)
89d90142ccbdee6df3ffe30c8316066fef675447288ad167c9ea101d82ac60171db0885c0c9d87d01c0c0673fb87ea12f2e9afe46abe7631db352125151e2dd4,,08/15/2025 09:20:00 PM,30,NO CONTROLS,NO CONTROLS,CLEAR,"DARKNESS, LIGHTED ROAD",SIDESWIPE SAME DIRECTION,ONE-WAY,,STRAIGHT AND LEVEL,DRY,UNKNOWN,NOT ON SCENE (DESK REPORT),NO INJURY / DRIVE AWAY,,,,"$501 - $1,500",08/15/2025 09:45:00 PM,FAILING TO YIELD RIGHT-OF-WAY,FAILING TO YIELD RIGHT-OF-WAY,120,E,DELAWARE PL,1833,,,,,,,2,NO INDICATION OF INJURY,0,0,0,0,0,2,0,21,6,8,41.8993040964,-87.6252364915,POINT (-87.62523649148 41.899304096445)
c7b9d908139824e256a0ecca3e6d10f446cf11287b75e8be1a7cf439d23a875766ac250263c6f4a420e19b3f02e35534c1b0e11c18d8596ceadb1a58308ef619,,08/15/2025 09:20:00 PM,30,TRAFFIC SIGNAL,FUNCTIONING PROPERLY,CLEAR,"DARKNESS, LIGHTED ROAD",TURNING,OTHER,,STRAIGHT AND LEVEL,DRY,UNKNOWN,ON SCENE,INJURY AND / OR TOW DUE TO CRASH,Y,,Y,"OVER $1,500",08/15/2025 11:17:00 PM,IMPROPER TURNING/NO SIGNAL,FAILING TO YIELD RIGHT-OF-WAY,4300,S,WESTERN BLVD,922,,,,,,,3,"REPORTED, NOT EVIDENT",2,0,0,0,2,1,0,21,6,8,41.8156049513,-87.6842159161,POINT (-87.684215916118 41.815604951255)
29a5c7eaa0819630a28f19c29f3cd79f0da04496f1b7dfe5456ddcc121f4f68ad08d2aa305cb77e438f840cfcccedae9b150871871b1802f08625e42d787ed57,,08/15/2025 09:15:00 PM,10,NO CONTROLS,NO CONTROLS,CLEAR,DARKNESS,PARKED MOTOR VEHICLE,PARKING LOT,,STRAIGHT AND LEVEL,DRY,NO DEFECTS,NOT ON SCENE (DESK REPORT),NO INJURY / DRIVE AWAY,,Y,,"$501 - $1,500",08/16/2025 03:17:00 PM,IMPROPER BACKING,NOT APPLICABLE,5925,S,PULASKI RD,822,,,,,,,2,NO INDICATION OF INJURY,0,0,0,0,0,5,0,21,6,8,41.7850764903,-87.7227906487,POINT (-87.722790648656 41.78507649032)
8ecf4e333aefd57ba4983b66f2b960c4ae0f0a24fd3c8394a4e1eb0fcb2684d484637afcf481af9a3da33794fd296026cc371cc12000294767122bee0b945ec4,,08/15/2025 09:10:00 PM,30,NO CONTROLS,NO CONTROLS,CLEAR,"DARKNESS, LIGHTED ROAD",ANGLE,DIVIDED - W/MEDIAN (NOT RAISED),,STRAIGHT ON GRADE,DRY,NO DEFECTS,NOT ON SCENE (DESK REPORT),NO INJURY / DRIVE AWAY,,,,"OVER $1,500",08/15/2025 10:00:00 PM,IMPROPER OVERTAKING/PASSING,NOT APPLICABLE,710,W,GRAND AVE,1214,,,,,,,2,NO INDICATION OF INJURY,0,0,0,0,0,2,0,21,6,8,41.8913106255,-87.6463244631,POINT (-87.646324463052 41.891310625518)
2a7c12fecd1869320627e5bacb9d8cdfeb5e6d38b00c67eee8956c446791cc0b5d62f05a94a7a0418035c6bdb06b8980ec6eb7b62fea771c97859964e48b1eb0,,08/15/2025 09:01:00 PM,30,STOP SIGN/FLASHER,FUNCTIONING PROPERLY,CLEAR,"DARKNESS, LIGHTED ROAD",PEDALCYCLIST,T-INTERSECTION,,STRAIGHT AND LEVEL,DRY,NO DEFECTS,ON SCENE,INJURY AND / OR TOW DUE TO CRASH,,,,"$501 - $1,500",08/15/2025 09:01:00 PM,UNABLE TO DETERMINE,NOT APPLICABLE,4549,N,CLARENDON AVE,1914,,,,,,,2,NONINCAPACITATING INJURY,1,0,0,1,0,1,0,21,6,8,41.965149518,-87.6498619848,POINT (-87.649861984825 41.965149517983)
01fe287f91c0cba4cb2d20195f99255f9e595e438c69b53d6f7489dc75ce0be759a8da52abfbde800b5c841dee34ece4c85ed6bb8110014d6e412658b9391cad,,08/15/2025 09:00:00 PM,30,NO CONTROLS,NO CONTROLS,CLEAR,DARKNESS,PARKED MOTOR VEHICLE,NOT DIVIDED,,STRAIGHT AND LEVEL,UNKNOWN,UNKNOWN,NOT ON SCENE (DESK REPORT),NO INJURY / DRIVE AWAY,,,,"OVER $1,500",08/16/2025 12:40:00 PM,UNABLE TO DETERMINE,UNABLE TO DETERMINE,1841,W,105TH ST,2212,,,,,,,2,NO INDICATION OF INJURY,0,0,0,0,0,1,0,21,6,8,41.7027581191,-87.6686533211,POINT (-87.668653321094 41.702758119061)
8f9c59d25149041eaf83dc439546a4fecd7395e4acf5531cc36d9d48f21a6671951832231eca1f96421f0d9c6f8997c60951e40bc0b8c2e481049594bd7c4830,,08/15/2025 09:00:00 PM,30,NO CONTROLS,NO CONTROLS,CLEAR,"DARKNESS, LIGHTED ROAD",SIDESWIPE SAME DIRECTION,DIVIDED - W/MEDIAN (NOT RAISED),,STRAIGHT AND LEVEL,DRY,NO DEFECTS,NOT ON SCENE (DESK REPORT),NO INJURY / DRIVE AWAY,,,Y,$500 OR LESS,08/15/2025 09:10:00 PM,UNABLE TO DETERMINE,NOT APPLICABLE,4000,S,CICERO AVE,1031,,,,,,,2,NO INDICATION OF INJURY,0,0,0,0,0,2,0,21,6,8,41.820565773,-87.7436531982,POINT (-87.743653198213 41.820565772976)
b9615077cb103bbb21b684e5a4cdd6e3faf3f42133c72e95b3db0428e03491fc90b6abb0199de20caaad1c861a14e14ec9126b860c27c7fa7235f534f2a89d4a,Y,08/15/2025 09:00:00 PM,30,NO CONTROLS,NO CONTROLS,CLEAR,UNKNOWN,PARKED MOTOR VEHICLE,NOT DIVIDED,,STRAIGHT AND LEVEL,DRY,NO DEFECTS,NOT ON SCENE (DESK REPORT),NO INJURY / DRIVE AWAY,,,Y,"OVER $1,500",08/16/2025 12:30:00 PM,UNABLE TO DETERMINE,UNABLE TO DETERMINE,9873,S,CHARLES ST,2213,,,,,,,2,NO INDICATION OF INJURY,0,0,0,0,0,1,0,21,6,8,41.7144556394,-87.6616170981,POINT (-87.661617098124 41.714455639385)
8f15cf543b4cec5234f19f6b63fcf1913ffdcc5c3787e48647b9cb989b1076f4bb4ab1e4f970f42d5e681e12b0d873ec00f89be9fe8233866e12035891934e4b,,08/15/2025 08:56:00 PM,30,STOP SIGN/FLASHER,FUNCTIONING PROPERLY,CLEAR,"DARKNESS, LIGHTED ROAD",TURNING,FOUR WAY,,STRAIGHT AND LEVEL,DRY,NO DEFECTS,ON SCENE,NO INJURY / DRIVE AWAY,Y,,Y,"OVER $1,500",08/15/2025 08:56:00 PM,FAILING TO YIELD RIGHT-OF-WAY,NOT APPLICABLE,2048,W,GREENLEAF AVE,2424,,,,,,,2,NO INDICATION OF INJURY,0,0,0,0,0,2,0,20,6,8,42.0101698933,-87.6821860182,POINT (-87.682186018171 42.010169893276)
e821eab21f75ed0b47114aca31c88eb70386099a03ff250f94190049587a14dcc77eaf2f2d98321d18a41e96f8ee53644d6e1a4db8f739e51449cea01a2d3135,,08/15/2025 08:52:00 PM,30,NO CONTROLS,NO CONTROLS,CLEAR,"DARKNESS, LIGHTED ROAD",PARKED MOTOR VEHICLE,DIVIDED - W/MEDIAN (NOT RAISED),,STRAIGHT AND LEVEL,DRY,NO DEFECTS,NOT ON SCENE (DESK REPORT),INJURY AND / OR TOW DUE TO CRASH,,,,"OVER $1,500",08/15/2025 10:21:00 PM,UNABLE TO DETERMINE,UNABLE TO DETERMINE,9035,S,ASHLAND AVE,2221,,,,,,,2,"REPORTED, NOT EVIDENT",4,0,0,0,4,1,0,20,6,8,41.7292517309,-87.6627260852,POINT (-87.662726085203 41.729251730901)