CRASH_RECORD_ID,CRASH_DATE_EST_I,CRASH_DATE,POSTED_SPEED_LIMIT,TRAFFIC_CONTROL_DEVICE,DEVICE_CONDITION,WEATHER_CONDITION,LIGHTING_CONDITION,FIRST_CRASH_TYPE,TRAFFICWAY_TYPE,LANE_CNT,ALIGNMENT,ROADWAY_SURFACE_COND,ROAD_DEFECT,REPORT_TYPE,CRASH_TYPE,INTERSECTION_RELATED_I,NOT_RIGHT_OF_WAY_I,HIT_AND_RUN_I,DAMAGE,DATE_POLICE_NOTIFIED,PRIM_CONTRIBUTORY_CAUSE,SEC_CONTRIBUTORY_CAUSE,STREET_NO,STREET_DIRECTION,STREET_NAME,BEAT_OF_OCCURRENCE,PHOTOS_TAKEN_I,STATEMENTS_TAKEN_I,DOORING_I,WORK_ZONE_I,WORK_ZONE_TYPE,WORKERS_PRESENT_I,NUM_UNITS,MOST_SEVERE_INJURY,INJURIES_TOTAL,INJURIES_FATAL,INJURIES_INCAPACITATING,INJURIES_NON_INCAPACITATING,INJURIES_REPORTED_NOT_EVIDENT,INJURIES_NO_INDICATION,INJURIES_UNKNOWN,CRASH_HOUR,CRASH_DAY_OF_WEEK,CRASH_MONTH,LATITUDE,LONGITUDE,LOCATION
af4399c1ac90cf52229d75157afe0596c7de52d9459fd0dca525c09c0e0ff992dc1f7890c50f52e19e6e69803c3cf50d64130348742098c82e0597005fbd99f2,,08/15/2025 08:40:00 PM,30,TRAFFIC SIGNAL,FUNCTIONING PROPERLY,CLEAR,"DARKNESS, LIGHTED ROAD",SIDESWIPE OPPOSITE DIRECTION,DIVIDED - W/MEDIAN BARRIER,,STRAIGHT AND LEVEL,DRY,NO DEFECTS,ON SCENE,INJURY AND / OR TOW DUE TO CRASH,,,,$500 OR LESS,08/15/2025 08:50:00 PM,UNABLE TO DETERMINE,NOT APPLICABLE,4213,W,MADISON ST,1115,,,,,,,2,"REPORTED, NOT EVIDENT",1,0,0,0,1,1,0,20,6,8,41.8805502569,-87.7311496802,POINT (-87.731149680153 41.880550256934)
790926e60aec48cbd2fcf462884c08c66f625c912415c07eb23a4ff9d76d87419264f0ae7e7adf1aca6d008f066278f46face80c07df691a32cc02c8ad94546f,,08/15/2025 08:20:00 PM,30,STOP SIGN/FLASHER,UNKNOWN,UNKNOWN,UNKNOWN,ANGLE,OTHER,,STRAIGHT AND LEVEL,UNKNOWN,UNKNOWN,NOT ON SCENE (DESK REPORT),NO INJURY / DRIVE AWAY,Y,,,"OVER $1,500",08/15/2025 09:00:00 PM,UNABLE TO DETERMINE,UNABLE TO DETERMINE,900,W,RANDOLPH ST,1224,,,,,,,2,NO INDICATION OF INJURY,0,0,0,0,0,2,0,20,6,8,41.8844761868,-87.6498329341,POINT (-87.649832934091 41.884476186837)
84205bb4f6d41ddc1620ede6dab1b7f3c38cf6f3cd53ba7f416b661b65be36c0e17eecc0d7b2caa124fea86bfb0e0d7f4cfe5f1ef3a60d92f848931c31e2f511,,08/15/2025 08:20:00 PM,30,NO CONTROLS,NO CONTROLS,CLEAR,"DARKNESS, LIGHTED ROAD",SIDESWIPE SAME DIRECTION,NOT DIVIDED,,STRAIGHT AND LEVEL,DRY,UNKNOWN,ON SCENE,NO INJURY / DRIVE AWAY,,,Y,"OVER $1,500",08/15/2025 08:54:00 PM,IMPROPER OVERTAKING/PASSING,NOT APPLICABLE,3220,W,FOSTER AVE,1712,,,,,,,2,NO INDICATION OF INJURY,0,0,0,0,0,5,0,20,6,8,41.9758486041,-87.7095254857,POINT (-87.70952548573 41.97584860411)
8018f6e07d447ecaf7422389bca04ba8229a581e10d46ed9cee56b2b334de225b076a2e25140a80cb5053150d7b48db61cdd21b36cd438e71f4bb3db76fc243b,,08/15/2025 08:15:00 PM,30,STOP SIGN/FLASHER,UNKNOWN,UNKNOWN,UNKNOWN,PEDESTRIAN,FOUR WAY,,STRAIGHT AND LEVEL,UNKNOWN,UNKNOWN,NOT ON SCENE (DESK REPORT),NO INJURY / DRIVE AWAY,Y,,Y,$500 OR LESS,08/15/2025 09:00:00 PM,UNABLE TO DETERMINE,UNABLE TO DETERMINE,1459,W,18TH ST,1233,,,,,,,2,NO INDICATION OF INJURY,0,0,0,0,0,2,0,20,6,8,41.8577256591,-87.6637075806,POINT (-87.663707580594 41.857725659147)
456a0dd36ae0455696df50882386383e76501c2eeb285df9838887526ccf651a1b7796cb6471b27f82487ea41084c79f8519fede8d46e06ffdb7d99b4cc4be2c,,08/15/2025 08:10:00 PM,30,STOP SIGN/FLASHER,FUNCTIONING PROPERLY,CLEAR,"DARKNESS, LIGHTED ROAD",PARKED MOTOR VEHICLE,ONE-WAY,,STRAIGHT AND LEVEL,DRY,UNKNOWN,ON SCENE,NO INJURY / DRIVE AWAY,Y,,,"$501 - $1,500",08/15/2025 08:14:00 PM,DISREGARDING OTHER TRAFFIC SIGNS,NOT APPLICABLE,402,W,ALDINE AVE,1925,,,,,,,2,NO INDICATION OF INJURY,0,0,0,0,0,2,0,20,6,8,41.9423957311,-87.640107536,POINT (-87.640107536013 41.942395731086)
59f2c3b1e5ca455baaac0fc130a6eef0ab57f34c629698702f3deb54647fff2476a2865deb77f3ce701375bc1e81052802d2763453b45836384bb9df32ef08af,,08/15/2025 08:03:00 PM,30,UNKNOWN,UNKNOWN,CLEAR,"DARKNESS, LIGHTED ROAD",PEDESTRIAN,DIVIDED - W/MEDIAN (NOT RAISED),,STRAIGHT AND LEVEL,DRY,UNKNOWN,ON SCENE,NO INJURY / DRIVE AWAY,,,,$500 OR LESS,08/15/2025 08:20:00 PM,UNABLE TO DETERMINE,NOT APPLICABLE,3001,N,SHERIDAN RD,1934,,Y,,,,,2,NO INDICATION OF INJURY,0,0,0,0,0,2,0,20,6,8,41.936647111,-87.6392889596,POINT (-87.639288959565 41.936647110997)
7edadf64c92a15ea88c0389a38c8782e685dbb1b66f4dcd4ea66357a32ddf49cd57eb1a2c6d4d6011bac7167b1bfbead3470493aea046907ec7c9994f65a5b39,,08/15/2025 08:00:00 PM,30,NO CONTROLS,NO CONTROLS,CLEAR,"DARKNESS, LIGHTED ROAD",PEDALCYCLIST,DIVIDED - W/MEDIAN (NOT RAISED),,STRAIGHT AND LEVEL,DRY,NO DEFECTS,ON SCENE,NO INJURY / DRIVE AWAY,,,,$500 OR LESS,08/15/2025 08:10:00 PM,NOT APPLICABLE,NOT APPLICABLE,1389,N,MILWAUKEE AVE,1433,,,,,,,2,NO INDICATION OF INJURY,0,0,0,0,0,3,0,20,6,8,41.9071406217,-87.6721750401,POINT (-87.672175040113 41.907140621746)
cea4b085bdf64f34e213ba459521aba714871fece1d3c297e6d9744534986052a966504aa0b48432e7a86eb8fc02e2fddbf2c7514b13e503961f61e0e9e3a268,,08/15/2025 08:00:00 PM,30,TRAFFIC SIGNAL,FUNCTIONING PROPERLY,CLEAR,"DARKNESS, LIGHTED ROAD",TURNING,FOUR WAY,,STRAIGHT AND LEVEL,DRY,NO DEFECTS,NOT ON SCENE (DESK REPORT),NO INJURY / DRIVE AWAY,Y,,,"$501 - $1,500",08/15/2025 09:55:00 PM,FAILING TO YIELD RIGHT-OF-WAY,NOT APPLICABLE,7000,N,CLARK ST,2424,,,,,,,2,NO INDICATION OF INJURY,0,0,0,0,0,2,0,20,6,8,42.0090349109,-87.6741221605,POINT (-87.674122160514 42.009034910919)
eb43081ea4ec6aec125fd660c1910b3db159e43ded795cd1acf97cea491aa9e837de6dc68f396fcb6123ca65c589fb795a8ef5027cb01a7f1788f603d2846fce,,08/15/2025 08:00:00 PM,30,TRAFFIC SIGNAL,FUNCTIONING PROPERLY,CLEAR,DARKNESS,REAR END,DIVIDED - W/MEDIAN BARRIER,,STRAIGHT AND LEVEL,DRY,NO DEFECTS,NOT ON SCENE (DESK REPORT),NO INJURY / DRIVE AWAY,,,,"$501 - $1,500",08/16/2025 10:23:00 AM,UNABLE TO DETERMINE,NOT APPLICABLE,9416,S,STONY ISLAND AVE,413,,,,,,,2,NO INDICATION OF INJURY,0,0,0,0,0,3,0,20,6,8,41.7235850306,-87.5852928947,POINT (-87.585292894718 41.723585030594)
25438dd73b378f5baa02450bbc97de92c734052d6eb7d9cab263cb89234bc44fa9e5ae28affef1f342574c204ec3beff297ba77f0664037bbcc5d8b9858ff0e4,,08/15/2025 07:55:00 PM,30,STOP SIGN/FLASHER,FUNCTIONING PROPERLY,CLEAR,"DARKNESS, LIGHTED ROAD",REAR END,NOT DIVIDED,,STRAIGHT AND LEVEL,DRY,NO DEFECTS,NOT ON SCENE (DESK REPORT),NO INJURY / DRIVE AWAY,Y,,Y,"OVER $1,500",08/15/2025 08:45:00 PM,FOLLOWING TOO CLOSELY,FAILING TO REDUCE SPEED TO AVOID CRASH,7800,S,CENTRAL PARK AVE,835,,,,,,,2,NO INDICATION OF INJURY,0,0,0,0,0,3,0,19,6,8,41.7514345548,-87.7120887159,POINT (-87.712088715873 41.751434554806)
09ce24b1b385cb2de80172f29c0bdceea0c9dd577c53598fd1a248cc427e4990cc4d5c7346f629fd3f5abb7aa739863ea6e0a12e7f8df6f164248bf669062f05,,08/15/2025 07:54:00 PM,30,NO CONTROLS,FUNCTIONING PROPERLY,CLEAR,DAWN,TURNING,NOT DIVIDED,,STRAIGHT AND LEVEL,DRY,NO DEFECTS,ON SCENE,INJURY AND / OR TOW DUE TO CRASH,,,,"OVER $1,500",08/15/2025 08:26:00 PM,IMPROPER TURNING/NO SIGNAL,IMPROPER OVERTAKING/PASSING,1900,W,WEBSTER AVE,1432,,,,,,,2,"REPORTED, NOT EVIDENT",1,0,0,0,1,1,0,19,6,8,41.9215453965,-87.675208338,POINT (-87.675208338011 41.921545396502)
81c326a80722672fe792985674b17b05a1b516a942858c6291c405e392bfa7b1994d851f9839963ff489329806369af85a0acb3891d2f6de356f1ccbcf0c5f8e,,08/15/2025 07:41:00 PM,30,NO CONTROLS,NO CONTROLS,CLEAR,"DARKNESS, LIGHTED ROAD",FIXED OBJECT,NOT DIVIDED,,STRAIGHT AND LEVEL,DRY,NO DEFECTS,ON SCENE,INJURY AND / OR TOW DUE TO CRASH,,,Y,"OVER $1,500",08/15/2025 07:45:00 PM,UNABLE TO DETERMINE,NOT APPLICABLE,7110,S,VINCENNES AVE,731,,,,,,,1,NO INDICATION OF INJURY,0,0,0,0,0,2,0,19,6,8,41.7651010483,-87.6282445712,POINT (-87.628244571152 41.765101048302)
c19d1e45a5b6233c2d5b4e5b7e6fbf7c89c08712705993d96c6f9fe71cb4a5b61cd8ae83b8f0fb2b000694b0fec386b24a07506eaf1a679c79774cb6f00d6aa5,,08/15/2025 07:36:00 PM,30,TRAFFIC SIGNAL,FUNCTIONING PROPERLY,CLEAR,DAYLIGHT,TURNING,DIVIDED - W/MEDIAN (NOT RAISED),,STRAIGHT AND LEVEL,DRY,NO DEFECTS,NOT ON SCENE (DESK REPORT),NO INJURY / DRIVE AWAY,Y,,,"OVER $1,500",08/18/2025 12:00:00 PM,UNABLE TO DETERMINE,UNABLE TO DETERMINE,7901,S,KEDZIE AVE,835,,,,,,,2,NO INDICATION OF INJURY,0,0,0,0,0,2,0,19,6,8,41.7497284151,-87.7022464674,POINT (-87.702246467369 41.749728415098)
a77970df17dfd975588423541e210907000294cf6053b160867e3d868662e147e13e4f8c3393f252c7f6686b9946169cd8939e06aca6a44214c15626686d8759,,08/15/2025 07:30:00 PM,30,STOP SIGN/FLASHER,NO CONTROLS,CLEAR,DAYLIGHT,PEDESTRIAN,NOT DIVIDED,,STRAIGHT AND LEVEL,DRY,NO DEFECTS,ON SCENE,INJURY AND / OR TOW DUE TO CRASH,,,Y,"$501 - $1,500",08/15/2025 07:30:00 PM,UNABLE TO DETERMINE,UNABLE TO DETERMINE,9949,S,STATE ST,511,,,,,,,2,NONINCAPACITATING INJURY,1,0,0,1,0,1,0,19,6,8,41.7129906879,-87.6234953649,POINT (-87.623495364899 41.712990687896)
b4e562a34b1720ba1dfb042ba16c97ac68c6287c6a37e8759ba09b6a9ac196bea725fc62e60fb85e3e025df2ecb43f6b2f9a4fb509b077be4f4fdad4723c2068,,08/15/2025 07:30:00 PM,30,UNKNOWN,UNKNOWN,CLEAR,DAYLIGHT,SIDESWIPE SAME DIRECTION,DIVIDED - W/MEDIAN BARRIER,,STRAIGHT AND LEVEL,DRY,NO DEFECTS,ON SCENE,NO INJURY / DRIVE AWAY,,,,"OVER $1,500",08/15/2025 07:30:00 PM,IMPROPER OVERTAKING/PASSING,FAILING TO REDUCE SPEED TO AVOID CRASH,8550,S,STONY ISLAND AVE,412,,,,,,,2,NO INDICATION OF INJURY,0,0,0,0,0,2,0,19,6,8,41.7390271855,-87.5858406597,POINT (-87.585840659673 41.739027185474)
5550cf0cf4e6d8bf4d969d52348fdd236f7bd98e2fca4e980be234fa990701c69760b406a01243b5fecf3cf69046351b15e295fed6352abb3b7454451152da5e,,08/15/2025 07:29:00 PM,30,TRAFFIC SIGNAL,UNKNOWN,CLEAR,"DARKNESS, LIGHTED ROAD",TURNING,T-INTERSECTION,,STRAIGHT AND LEVEL,UNKNOWN,UNKNOWN,NOT ON SCENE (DESK REPORT),NO INJURY / DRIVE AWAY,,,Y,"OVER $1,500",08/15/2025 08:20:00 PM,IMPROPER TURNING/NO SIGNAL,FAILING TO REDUCE SPEED TO AVOID CRASH,1200,N,ORLEANS ST,1821,,,,,,,2,NO INDICATION OF INJURY,0,0,0,0,0,2,0,19,6,8,41.9042262525,-87.6376726122,POINT (-87.637672612186 41.904226252467)
5ede8961898fb2d7b1db7ba03bd37a160685bf0225b58fc09baa2c2ffa3f01b7f55f18e7bba52856049c48fda55a7bd0f03fc4b5a2db26a7073ca0fb01528379,,08/15/2025 07:21:00 PM,30,TRAFFIC SIGNAL,FUNCTIONING PROPERLY,CLEAR,DAYLIGHT,SIDESWIPE SAME DIRECTION,NOT DIVIDED,,STRAIGHT AND LEVEL,DRY,NO DEFECTS,ON SCENE,NO INJURY / DRIVE AWAY,,,Y,"OVER $1,500",08/15/2025 07:22:00 PM,FOLLOWING TOO CLOSELY,IMPROPER OVERTAKING/PASSING,1957,N,WESTERN AVE,1434,,,,,,,2,NO INDICATION OF INJURY,0,0,0,0,0,6,0,19,6,8,41.9173608877,-87.687257525,POINT (-87.687257525013 41.917360887679)
72b017ef87557d3d07563aa184ac1c92916501c7f5b9b97a1daf3ec251b0295a45c5a6ef695a33afb97a1db9b09965831a7b6809ea1f27444cc38d6816dde517,,08/15/2025 07:20:00 PM,25,STOP SIGN/FLASHER,FUNCTIONING PROPERLY,CLEAR,DAYLIGHT,REAR END,FOUR WAY,,STRAIGHT AND LEVEL,DRY,NO DEFECTS,,INJURY AND / OR TOW DUE TO CRASH,,,Y,"OVER $1,500",08/15/2025 07:21:00 PM,"OPERATING VEHICLE IN ERRATIC, RECKLESS, CARELESS, NEGLIGENT OR AGGRESSIVE MANNER",UNABLE TO DETERMINE,10400,S,TORRENCE AVE,434,,,,,,,2,"REPORTED, NOT EVIDENT",1,0,0,0,1,4,0,19,6,8,41.7063077218,-87.5597909176,POINT (-87.559790917563 41.706307721812)
73b406331679f930b7158b2a84b944a95b64ebb5a82664f0676f1156c7a51d282509897a2b6fbebffdb262a852593a6fca2b819ab7d7a4ffa5d2ecae45d0205b,,08/15/2025 07:20:00 PM,30,NO CONTROLS,NO CONTROLS,CLEAR,DAYLIGHT,TURNING,DIVIDED - W/MEDIAN (NOT RAISED),,STRAIGHT AND LEVEL,DRY,NO DEFECTS,ON SCENE,INJURY AND / OR TOW DUE TO CRASH,,,,"OVER $1,500",08/15/2025 07:21:00 PM,IMPROPER TURNING/NO SIGNAL,NOT APPLICABLE,2500,W,DIVERSEY AVE,1411,,,,,,,2,NO INDICATION OF INJURY,0,0,0,0,0,2,0,19,6,8,41.932260262,-87.6904116686,POINT (-87.690411668628 41.932260262026)
5e6a13a3da961b3fad662fe9864ddca91d752369d535feb861fccf34fe368a5208fa0994d6dcd82c9407981985d2b39011932346a30dc129ced96f5e74823ba9,N,08/15/2025 07:15:00 PM,25,NO CONTROLS,NO CONTROLS,CLEAR,"DARKNESS, LIGHTED ROAD",PEDESTRIAN,NOT DIVIDED,,STRAIGHT AND LEVEL,DRY,NO DEFECTS,NOT ON SCENE (DESK REPORT),NO INJURY / DRIVE AWAY,,,Y,$500 OR LESS,08/19/2025 04:00:00 PM,IMPROPER LANE USAGE,UNABLE TO DETERMINE,105,S,WABASH AVE,112,,,,,,,2,NO INDICATION OF INJURY,0,0,0,0,0,2,0,19,6,8,41.880636503,-87.6260205308,POINT (-87.626020530754 41.880636502952)
57ab3223382d9acd0725263571f087d4faf8855defd29dd776d41a7c615d5de82a2dfc3be069a8b755dfbea3252b6de753f3d34c690222b2659458603d37940a,,08/15/2025 07:08:00 PM,25,STOP SIGN/FLASHER,FUNCTIONING PROPERLY,CLEAR,DAYLIGHT,ANGLE,T-INTERSECTION,,STRAIGHT AND LEVEL,DRY,NO DEFECTS,ON SCENE,INJURY AND / OR TOW DUE TO CRASH,Y,,,"OVER $1,500",08/15/2025 07:08:00 PM,UNABLE TO DETERMINE,UNABLE TO DETERMINE,6899,W,GRACE ST,1632,,,,,,,2,NO INDICATION OF INJURY,0,0,0,0,0,2,0,19,6,8,41.9489542905,-87.7984909678,POINT (-87.798490967761 41.948954290454)
40bf663d6f5d5ba30eb136966761b14a47597e28687c6d640cff622873752e8e2f2efc683d5be4bbcfefa936ddaf6854e98e81028e3524613093cfc8e4800eb0,,08/15/2025 07:00:00 PM,30,TRAFFIC SIGNAL,FUNCTIONING PROPERLY,CLEAR,DUSK,SIDESWIPE SAME DIRECTION,NOT DIVIDED,,STRAIGHT AND LEVEL,DRY,NO DEFECTS,NOT ON SCENE (DESK REPORT),NO INJURY / DRIVE AWAY,Y,,,"OVER $1,500",08/15/2025 09:00:00 PM,IMPROPER LANE USAGE,NOT APPLICABLE,97,E,WACKER DR,111,,,,,,,2,NO INDICATION OF INJURY,0,0,0,0,0,2,0,19,6,8,41.8880989039,-87.6247700036,POINT (-87.624770003635 41.88809890391)
6f6750858f3afc15f505d0592e8bc44e5e9dc0cfd403f08d26aadb739470f7e3dcd76a03839eac0b3af01b27d50cab062a4a2a37e876d656ec87def8c5f467c1,,08/15/2025 07:00:00 PM,30,NO CONTROLS,NO CONTROLS,CLEAR,DUSK,SIDESWIPE SAME DIRECTION,DIVIDED - W/MEDIAN (NOT RAISED),,STRAIGHT AND LEVEL,DRY,NO DEFECTS,NOT ON SCENE (DESK REPORT),NO INJURY / DRIVE AWAY,,,,"$501 - $1,500",08/15/2025 07:45:00 PM,FAILING TO YIELD RIGHT-OF-WAY,NOT APPLICABLE,5403,W,BELMONT AVE,2514,,,,,,,2,NO INDICATION OF INJURY,0,0,0,0,0,2,0,19,6,8,41.9385261136,-87.7617335892,POINT (-87.761733589217 41.938526113623)
7d40cccc353d75287afc5f1baa95bd3d56ffab97bab5126154c8b68ecfb206fe148d29c0c9d93b727638c10b550743d46d52e9fe92a5c47b2cf0c19d2e0a3b68,,08/15/2025 07:00:00 PM,30,TRAFFIC SIGNAL,FUNCTIONING PROPERLY,CLEAR,DAYLIGHT,OTHER OBJECT,ONE-WAY,,STRAIGHT AND LEVEL,DRY,NO DEFECTS,ON SCENE,INJURY AND / OR TOW DUE TO CRASH,,,,"OVER $1,500",08/15/2025 07:02:00 PM,UNABLE TO DETERMINE,UNABLE TO DETERMINE,204,W,109TH PL,513,,,,,,,1,NO INDICATION OF INJURY,0,0,0,0,0,3,0,19,6,8,41.6953659994,-87.6282406314,POINT (-87.628240631366 41.695365999399)
c287a5564c0a0a3ce09615aba2f705a4fae3d0837458be371881ec36b171fc89e70e2ff6bc854a3e6dec9f21be18a8c086c72e22934cb4d17c4e0ade531a684b,Y,08/15/2025 07:00:00 PM,15,NO CONTROLS,NO CONTROLS,CLEAR,UNKNOWN,PARKED MOTOR VEHICLE,NOT DIVIDED,,STRAIGHT AND LEVEL,DRY,NO DEFECTS,NOT ON SCENE (DESK REPORT),NO INJURY / DRIVE AWAY,,,Y,"$501 - $1,500",08/16/2025 04:10:00 PM,UNABLE TO DETERMINE,NOT APPLICABLE,4500,S,TRUMBULL AVE,821,,,,,,,2,NO INDICATION OF INJURY,0,0,0,0,0,1,0,19,6,8,41.8116490909,-87.71029512,POINT (-87.710295119979 41.811649090896)
45b9c0468c25a419acbb480c1707a2d4e0b7c40636a3c57262d7ce1b0a3bbd9cb93f5ef1a31aedba5ebe2a9cbdf4c2fcec123f32a5125496269cccf84d8684a0,,08/15/2025 06:50:00 PM,30,TRAFFIC SIGNAL,FUNCTIONING PROPERLY,CLEAR,DAWN,ANGLE,FOUR WAY,,STRAIGHT AND LEVEL,DRY,NO DEFECTS,ON SCENE,INJURY AND / OR TOW DUE TO CRASH,Y,,,"OVER $1,500",08/15/2025 06:54:00 PM,NOT APPLICABLE,NOT APPLICABLE,2300,W,HUBBARD ST,1221,,,,,,,2,NO INDICATION OF INJURY,0,0,0,0,0,3,0,18,6,8,41.8897092551,-87.6842806867,POINT (-87.68428068665 41.889709255057)
ca0a61405cea8c8219bfb8d8e6a1b07f10c4c9b11c1766192192d991e90c069eb32546f339168d56879b1b59efb1ff635733a4f91def0d25bbca80b65905b06c,,08/15/2025 06:45:00 PM,30,TRAFFIC SIGNAL,FUNCTIONING PROPERLY,UNKNOWN,DUSK,SIDESWIPE OPPOSITE DIRECTION,FOUR WAY,,STRAIGHT AND LEVEL,UNKNOWN,UNKNOWN,NOT ON SCENE (DESK REPORT),NO INJURY / DRIVE AWAY,Y,,,"OVER $1,500",08/21/2025 07:44:00 PM,UNABLE TO DETERMINE,UNABLE TO DETERMINE,3000,W,GRAND AVE,1211,,,,,,,2,NO INDICATION OF INJURY,0,0,0,0,0,4,0,18,6,8,41.8966610612,-87.7021775244,POINT (-87.702177524363 41.896661061228)
9c2059a537342ef2772de802fd57691725521469ea7b12b285f16d9fc10a0684f33ef19c700562ec76eb72743c65ba09e315f910b8f95fc15c012b2a740294f9,,08/15/2025 06:20:00 PM,30,NO CONTROLS,NO CONTROLS,CLEAR,DAYLIGHT,PARKED MOTOR VEHICLE,NOT DIVIDED,,STRAIGHT AND LEVEL,DRY,NO DEFECTS,NOT ON SCENE (DESK REPORT),NO INJURY / DRIVE AWAY,,,Y,"OVER $1,500",08/15/2025 07:59:00 PM,UNABLE TO DETERMINE,NOT APPLICABLE,332,N,PAULINA ST,1215,,,,,,,2,NO INDICATION OF INJURY,0,0,0,0,0,1,0,18,6,8,41.8878351209,-87.6696393563,POINT (-87.669639356315 41.88783512092)
ed84f55b0d0ae67b019d281f5bf3ac640f74e9e898236ccf550442755ec8801a665fa35d34865e36e3b6da3ed1ed0aeb58e572b692163fc09fa193bf46aca329,N,08/15/2025 06:15:00 PM,25,NO CONTROLS,NO CONTROLS,CLEAR,DAYLIGHT,TURNING,T-INTERSECTION,,STRAIGHT AND LEVEL,DRY,NO DEFECTS,ON SCENE,NO INJURY / DRIVE AWAY,,,,"$501 - $1,500",08/15/2025 06:21:00 PM,FAILING TO YIELD RIGHT-OF-WAY,WEATHER,1501,W,AUGUSTA BLVD,1213,,,,,,,2,NO INDICATION OF INJURY,0,0,0,0,0,2,0,18,6,8,41.8996362537,-87.6650395504,POINT (-87.665039550387 41.899636253678)
cff85048afbb0bbc942a55494103fbba831df53f45111a537ea921fa2856bd3876241a1e423946337c7a1390c875a5bab6b83fd0bfc2eeb48cc7c058721b1ba9,,08/15/2025 06:11:00 PM,25,TRAFFIC SIGNAL,FUNCTIONING PROPERLY,CLEAR,DAYLIGHT,PEDALCYCLIST,DIVIDED - W/MEDIAN (NOT RAISED),,STRAIGHT AND LEVEL,DRY,NO DEFECTS,ON SCENE,INJURY AND / OR TOW DUE TO CRASH,Y,,Y,"OVER $1,500",08/15/2025 06:14:00 PM,UNABLE TO DETERMINE,FOLLOWING TOO CLOSELY,636,W,LAKE ST,1214,,,,,,,2,"REPORTED, NOT EVIDENT",1,0,0,0,1,1,0,18,6,8,41.8858070197,-87.6441718947,POINT (-87.644171894657 41.885807019662)
6b5d7a98af76de03d6838c5379081d6fd5c5a23e7ef3b07277f999494f9aafbde54650ff0d3b05ec74bc3d27bc585d690e113ff2647b5e623b226805b955e8d2,,08/15/2025 06:10:00 PM,30,NO CONTROLS,NO CONTROLS,CLEAR,DAYLIGHT,PARKED MOTOR VEHICLE,PARKING LOT,,STRAIGHT AND LEVEL,DRY,NO DEFECTS,ON SCENE,NO INJURY / DRIVE AWAY,,,Y,"$501 - $1,500",08/15/2025 06:15:00 PM,NOT APPLICABLE,NOT APPLICABLE,1750,W,119TH ST,2234,,Y,,,,,2,NO INDICATION OF INJURY,0,0,0,0,0,1,0,18,6,8,41.6775673075,-87.6658449257,POINT (-87.665844925659 41.677567307473)
dfdb1da28caa2a9779a6e1ae2eabd64dd9d72877e6a62e647b47db0e2a3d64a56f050f903721c4b73d3135d6d70fbb127a1dedea4d443c222b08db48e550d475,,08/15/2025 06:10:00 PM,30,TRAFFIC SIGNAL,FUNCTIONING PROPERLY,CLEAR,DAYLIGHT,REAR END,NOT DIVIDED,,STRAIGHT AND LEVEL,DRY,NO DEFECTS,ON SCENE,NO INJURY / DRIVE AWAY,,,,"OVER $1,500",08/15/2025 06:12:00 PM,FOLLOWING TOO CLOSELY,FOLLOWING TOO CLOSELY,5700,N,CENTRAL AVE,1622,,,,,,,2,NO INDICATION OF INJURY,0,0,0,0,0,3,0,18,6,8,41.9847795195,-87.7684505671,POINT (-87.768450567113 41.984779519506)
7061b93a7257cade2de961f84a4ae5244af6be48f12813c3ccb2112db321a641cd870bd744e2d75e98c376fa4f11d60fe903159a87eced309e458727cf290ba5,,08/15/2025 06:07:00 PM,20,NO CONTROLS,NO CONTROLS,CLEAR,DAYLIGHT,PARKED MOTOR VEHICLE,ONE-WAY,,STRAIGHT AND LEVEL,DRY,NO DEFECTS,ON SCENE,NO INJURY / DRIVE AWAY,,,,"OVER $1,500",08/15/2025 06:11:00 PM,IMPROPER TURNING/NO SIGNAL,NOT APPLICABLE,1021,W,BALMORAL AVE,2023,,,,,,,2,NO INDICATION OF INJURY,0,0,0,0,0,1,0,18,6,8,41.979926257,-87.6560121592,POINT (-87.656012159152 41.979926257023)
4fd0534ece9fffb842e133cbb6ae338927c140c8995c6bd9e95df86d020a6ec855f70860378308f6a3d0f8173bf62b530af054551bda4687cac90ef10658151d,,08/15/2025 06:00:00 PM,15,NO CONTROLS,NO CONTROLS,CLEAR,DAYLIGHT,PARKED MOTOR VEHICLE,PARKING LOT,,STRAIGHT AND LEVEL,DRY,NO DEFECTS,NOT ON SCENE (DESK REPORT),NO INJURY / DRIVE AWAY,,,Y,"$501 - $1,500",08/15/2025 06:40:00 PM,UNABLE TO DETERMINE,UNABLE TO DETERMINE,2320,E,93RD ST,413,,,,,,,2,NO INDICATION OF INJURY,0,0,0,0,0,1,0,18,6,8,41.7263292314,-87.5672709082,POINT (-87.567270908236 41.726329231443)
c2c513b7195ffce98980e8f59b3dd5dc49ec10caf365f10b697ff8ac05f3fef8ce3123a54d5f0035a254c71331d7747d6e2305e676fffdd36597d26a322af68a,,08/15/2025 05:57:00 PM,20,STOP SIGN/FLASHER,NO CONTROLS,CLEAR,DAYLIGHT,PEDALCYCLIST,ONE-WAY,,STRAIGHT AND LEVEL,DRY,UNKNOWN,ON SCENE,NO INJURY / DRIVE AWAY,,,,$500 OR LESS,08/15/2025 06:07:00 PM,UNABLE TO DETERMINE,UNABLE TO DETERMINE,5500,S,SAWYER AVE,822,,,,,,,2,NO INDICATION OF INJURY,0,0,0,0,0,2,0,17,6,8,41.7934016596,-87.7049241653,POINT (-87.704924165261 41.793401659626)