CRASH_RECORD_ID,CRASH_DATE_EST_I,CRASH_DATE,POSTED_SPEED_LIMIT,TRAFFIC_CONTROL_DEVICE,DEVICE_CONDITION,WEATHER_CONDITION,LIGHTING_CONDITION,FIRST_CRASH_TYPE,TRAFFICWAY_TYPE,LANE_CNT,ALIGNMENT,ROADWAY_SURFACE_COND,ROAD_DEFECT,REPORT_TYPE,CRASH_TYPE,INTERSECTION_RELATED_I,NOT_RIGHT_OF_WAY_I,HIT_AND_RUN_I,DAMAGE,DATE_POLICE_NOTIFIED,PRIM_CONTRIBUTORY_CAUSE,SEC_CONTRIBUTORY_CAUSE,STREET_NO,STREET_DIRECTION,STREET_NAME,BEAT_OF_OCCURRENCE,PHOTOS_TAKEN_I,STATEMENTS_TAKEN_I,DOORING_I,WORK_ZONE_I,WORK_ZONE_TYPE,WORKERS_PRESENT_I,NUM_UNITS,MOST_SEVERE_INJURY,INJURIES_TOTAL,INJURIES_FATAL,INJURIES_INCAPACITATING,INJURIES_NON_INCAPACITATING,INJURIES_REPORTED_NOT_EVIDENT,INJURIES_NO_INDICATION,INJURIES_UNKNOWN,CRASH_HOUR,CRASH_DAY_OF_WEEK,CRASH_MONTH,LATITUDE,LONGITUDE,LOCATION
3d7dc304152dd3fa5b8593d75c82490e407b05470216d418a5ebe7d5f6db112405cca3b748743ac5fe701dc72ce54dc05ab6afc7fea47ae7f68694c70f68ac8c,,08/15/2025 05:55:00 PM,30,TRAFFIC SIGNAL,FUNCTIONING PROPERLY,CLEAR,DAYLIGHT,PEDESTRIAN,"FIVE POINT, OR MORE",,STRAIGHT AND LEVEL,DRY,NO DEFECTS,ON SCENE,INJURY AND / OR TOW DUE TO CRASH,Y,,,"OVER $1,500",08/15/2025 05:58:00 PM,FAILING TO YIELD RIGHT-OF-WAY,UNABLE TO DETERMINE,3260,W,GRAND AVE,1121,,,,,,,2,NONINCAPACITATING INJURY,1,0,0,1,0,1,0,17,6,8,41.8993317848,-87.7089046873,POINT (-87.708904687276 41.899331784774)
04ed2aae4815d4e90c7def841285d5afa509a231e50c4ae735444a23b6ec94b1a6e7749f29bfb3e17bb1df1ab01587ff776aac509e6c26db9a64623fec11828b,,08/15/2025 05:50:00 PM,40,NO CONTROLS,NO CONTROLS,UNKNOWN,UNKNOWN,ANGLE,DIVIDED - W/MEDIAN BARRIER,,STRAIGHT AND LEVEL,UNKNOWN,UNKNOWN,NOT ON SCENE (DESK REPORT),NO INJURY / DRIVE AWAY,,,Y,"OVER $1,500",08/16/2025 04:45:00 PM,FAILING TO YIELD RIGHT-OF-WAY,FAILING TO YIELD RIGHT-OF-WAY,3150,N,LAKE SHORE DR SB,1934,,,,,,,2,NO INDICATION OF INJURY,0,0,0,0,0,3,0,17,6,8,41.9396804515,-87.6379521263,POINT (-87.637952126316 41.939680451461)
ba8ff137c33aad7c76bb697d2ca3f1475d4f4905fab5219c97c82fa51db97c27c25dc541f5e17f06f726a1fb8eb473398e866d03b60a6bc51895c08b2d7411c6,,08/15/2025 05:50:00 PM,30,TRAFFIC SIGNAL,FUNCTIONING PROPERLY,CLEAR,DAYLIGHT,TURNING,NOT DIVIDED,,STRAIGHT AND LEVEL,DRY,NO DEFECTS,ON SCENE,INJURY AND / OR TOW DUE TO CRASH,,,,"OVER $1,500",08/15/2025 05:53:00 PM,UNABLE TO DETERMINE,UNABLE TO DETERMINE,8200,S,COTTAGE GROVE AVE,631,,,,,,,2,NO INDICATION OF INJURY,0,0,0,0,0,2,0,17,6,8,41.7457041401,-87.6052282036,POINT (-87.605228203638 41.745704140078)
d78c3ea3a0f869b44c2f445e74a068b2289891dd16b84c0b88bc429eaed6ba365366f0e74cd23590a45bdc22689243cdd62c1ab8dc9babce9e876f46c07e645c,,08/15/2025 05:50:00 PM,20,TRAFFIC SIGNAL,FUNCTIONING PROPERLY,CLEAR,DAYLIGHT,TURNING,NOT DIVIDED,,STRAIGHT AND LEVEL,DRY,UNKNOWN,ON SCENE,NO INJURY / DRIVE AWAY,Y,,,"OVER $1,500",08/15/2025 06:03:00 PM,UNABLE TO DETERMINE,UNABLE TO DETERMINE,1202,W,DEVON AVE,2432,,,,,,,2,NO INDICATION OF INJURY,0,0,0,0,0,2,0,17,6,8,41.9982971539,-87.6607083304,POINT (-87.660708330353 41.998297153928)
1a7f33f443e6c4c193ded77c425e6a20ba4528eb84521585250015ae77e5c9d9908093e02adcf42ab6f9daa9ffabf6dd105c13946098894338758efc770e9678,,08/15/2025 05:45:00 PM,15,NO CONTROLS,NO CONTROLS,CLEAR,DAYLIGHT,PEDESTRIAN,PARKING LOT,,STRAIGHT AND LEVEL,DRY,NO DEFECTS,ON SCENE,INJURY AND / OR TOW DUE TO CRASH,,,Y,$500 OR LESS,08/15/2025 06:00:00 PM,FAILING TO REDUCE SPEED TO AVOID CRASH,UNABLE TO DETERMINE,11,W,26TH ST,133,,,,,,,2,NONINCAPACITATING INJURY,1,0,0,1,0,1,0,17,6,8,41.8454681615,-87.6274529904,POINT (-87.627452990434 41.845468161546)
7e7022badc1be745bfd0b5e212809e1a2dae2dabba2a68a1c96e82e80e2a3b7adfb2054bb36b9e7c8f6f106dd24489764c4c0685e50ab44fa324a0d34c5e25b0,,08/15/2025 05:40:00 PM,30,STOP SIGN/FLASHER,FUNCTIONING PROPERLY,CLEAR,DAYLIGHT,TURNING,NOT DIVIDED,,STRAIGHT AND LEVEL,DRY,NO DEFECTS,ON SCENE,NO INJURY / DRIVE AWAY,Y,,,"OVER $1,500",08/15/2025 05:45:00 PM,UNABLE TO DETERMINE,NOT APPLICABLE,664,W,LAKE ST,1214,,,,,,,2,NO INDICATION OF INJURY,0,0,0,0,0,2,0,17,6,8,41.8858036668,-87.6452492199,POINT (-87.64524921989 41.885803666844)
fa670b9ced900c57e3f41568421582649061efa443e844e90a387f298ac808d4a8c27bc85df7ee01ce40aa84a42c367f3dc5f73cb9d1d21f838ce5c2c3e0d2be,,08/15/2025 05:38:00 PM,30,NO CONTROLS,NO CONTROLS,CLEAR,DAYLIGHT,TURNING,NOT DIVIDED,,STRAIGHT AND LEVEL,DRY,NO DEFECTS,ON SCENE,NO INJURY / DRIVE AWAY,,,,"OVER $1,500",08/15/2025 06:24:00 PM,IMPROPER TURNING/NO SIGNAL,IMPROPER OVERTAKING/PASSING,934,W,CHICAGO AVE,1213,,,,,,,2,NO INDICATION OF INJURY,0,0,0,0,0,3,0,17,6,8,41.8964446538,-87.6512137898,POINT (-87.651213789762 41.896444653845)
d9449025052899d56775c64900785830db670c255b8fea445540406ae2b212235592524013c643ce594c0915d2f38e7fed1ab8936eb127cbfa7705985bf18d60,,08/15/2025 05:36:00 PM,30,TRAFFIC SIGNAL,FUNCTIONING PROPERLY,CLEAR,DAYLIGHT,REAR END,FOUR WAY,,STRAIGHT AND LEVEL,DRY,NO DEFECTS,NOT ON SCENE (DESK REPORT),INJURY AND / OR TOW DUE TO CRASH,Y,,Y,"OVER $1,500",08/15/2025 06:10:00 PM,UNABLE TO DETERMINE,NOT APPLICABLE,3618,W,IRVING PARK RD,1723,,,,,,,2,NONINCAPACITATING INJURY,1,0,0,1,0,2,0,17,6,8,41.9538579644,-87.7186785873,POINT (-87.7186785873 41.953857964432)
a5c7d8e1c7bb456d7013d26ef553780f12128921ac490f08f482fda3584c6b67fd5e02c31f1afd3d1907e4051688be4b423fbe20187f703b5f599825282689fc,Y,08/15/2025 05:35:00 PM,30,NO CONTROLS,NO CONTROLS,CLEAR,DAYLIGHT,REAR END,NOT DIVIDED,,STRAIGHT AND LEVEL,DRY,UNKNOWN,ON SCENE,NO INJURY / DRIVE AWAY,,,,"OVER $1,500",08/15/2025 05:39:00 PM,FOLLOWING TOO CLOSELY,DISTRACTION - FROM INSIDE VEHICLE,4420,W,ADDISON ST,1731,,,,,,,2,NO INDICATION OF INJURY,0,0,0,0,0,2,0,17,6,8,41.9463465899,-87.7380268726,POINT (-87.738026872585 41.946346589905)
3aa7f3906ebd70cb9be91578c694c207b57e984a3cd0ad5a29c8fa6de89781112353a3b157991936a01e9469485933af7028503e18bcc5b2d53550aa954bc539,,08/15/2025 05:34:00 PM,30,NO CONTROLS,NO CONTROLS,CLEAR,DAYLIGHT,PEDESTRIAN,NOT DIVIDED,,STRAIGHT AND LEVEL,DRY,NO DEFECTS,ON SCENE,INJURY AND / OR TOW DUE TO CRASH,Y,,,$500 OR LESS,08/15/2025 05:36:00 PM,UNABLE TO DETERMINE,UNABLE TO DETERMINE,8599,W,LAWRENCE AVE,1614,,,,,,,2,"REPORTED, NOT EVIDENT",1,0,0,0,1,1,0,17,6,8,41.9663949401,-87.8416666564,POINT (-87.841666656448 41.966394940141)
b791eead9134185e2b959254c4180b14bfba9115f40992effbcda1395698db59b974d2de27b302b107af2d22a155e3bfdcbc0b508fb30039377a247950931192,,08/15/2025 05:31:00 PM,30,STOP SIGN/FLASHER,FUNCTIONING PROPERLY,CLEAR,DAYLIGHT,TURNING,UNKNOWN INTERSECTION TYPE,,STRAIGHT AND LEVEL,DRY,NO DEFECTS,ON SCENE,INJURY AND / OR TOW DUE TO CRASH,,,Y,"OVER $1,500",08/15/2025 05:33:00 PM,IMPROPER TURNING/NO SIGNAL,FAILING TO YIELD RIGHT-OF-WAY,5100,S,JUSTINE ST,934,,,,,,,2,NONINCAPACITATING INJURY,1,0,0,1,0,1,0,17,6,8,41.8012416838,-87.6637026542,POINT (-87.663702654164 41.801241683799)
40b09a4d2524bb7a9fc57d32cfdfe1d0bd7a010c39e79023601b73777067695b9625bc51ac7fe883479e75f1694e95774a63514f6652d9067a3a8efb6f39b6a7,,08/15/2025 05:20:00 PM,30,TRAFFIC SIGNAL,FUNCTIONING PROPERLY,CLEAR,DAYLIGHT,ANGLE,ONE-WAY,,STRAIGHT AND LEVEL,DRY,NO DEFECTS,ON SCENE,INJURY AND / OR TOW DUE TO CRASH,Y,,,"OVER $1,500",08/15/2025 05:26:00 PM,DISREGARDING OTHER TRAFFIC SIGNS,NOT APPLICABLE,4298,S,LA SALLE ST,213,,,,,,,2,NO INDICATION OF INJURY,0,0,0,0,0,4,0,17,6,8,41.8164595264,-87.6295867735,POINT (-87.629586773546 41.816459526414)
f5a43f158478e4651ded39125b4659eff6773ae9db05d577d6dc35abd7ca590650c7bb67effc2442fb1623c1985c6cb93affddf23c8bdb97962847ebec093b40,,08/15/2025 05:20:00 PM,30,TRAFFIC SIGNAL,UNKNOWN,UNKNOWN,DAYLIGHT,REAR END,DIVIDED - W/MEDIAN (NOT RAISED),,STRAIGHT AND LEVEL,UNKNOWN,UNKNOWN,NOT ON SCENE (DESK REPORT),NO INJURY / DRIVE AWAY,,,,"$501 - $1,500",08/15/2025 06:00:00 PM,UNABLE TO DETERMINE,NOT APPLICABLE,6759,N,CLARK ST,2432,,,,,,,2,NO INDICATION OF INJURY,0,0,0,0,0,2,0,17,6,8,42.0052510906,-87.6729203876,POINT (-87.672920387647 42.005251090601)
646a312c060ac1f657d328a99a3cf1c6fec81fb12b3952edb0816e75bea7293796b0d02ec4aece15baa80f991a1fcb5c75d0f2608bdc42655468263d20171208,,08/15/2025 05:17:00 PM,30,NO CONTROLS,NO CONTROLS,CLEAR,DAYLIGHT,TURNING,FOUR WAY,,STRAIGHT AND LEVEL,DRY,NO DEFECTS,ON SCENE,INJURY AND / OR TOW DUE TO CRASH,,,,"OVER $1,500",08/15/2025 05:17:00 PM,UNABLE TO DETERMINE,UNABLE TO DETERMINE,1900,W,WASHINGTON BLVD,1223,,,,,,,2,"REPORTED, NOT EVIDENT",1,0,0,0,1,3,0,17,6,8,41.8832914819,-87.6743635845,POINT (-87.674363584528 41.88329148186)
c43e658a0a7de2efd8ca9abbfed4fe51b6d887a37c01084f4d9925c3a30b6f44e8c84eb0b0cf17a7e4fd099a945ae6573eb8d89253dca3e62e62e04a119f9431,,08/15/2025 05:17:00 PM,30,STOP SIGN/FLASHER,FUNCTIONING PROPERLY,CLEAR,DAYLIGHT,PEDALCYCLIST,NOT DIVIDED,,STRAIGHT AND LEVEL,DRY,NO DEFECTS,ON SCENE,INJURY AND / OR TOW DUE TO CRASH,N,,,"OVER $1,500",08/15/2025 05:20:00 PM,DRIVING ON WRONG SIDE/WRONG WAY,DRIVING SKILLS/KNOWLEDGE/EXPERIENCE,1700,N,PULASKI RD,2534,,,,,,,2,INCAPACITATING INJURY,2,0,1,1,0,0,0,17,6,8,41.9117720889,-87.7265395602,POINT (-87.726539560243 41.911772088882)
f655fe3f2c9219915777f7a010da576b0bb3bd06a3662c8367efaae565385ff3716ea60c3467dbc318a91682d83230aba6ceb6dfd74ad05b90bfe3075bb50dad,,08/15/2025 05:17:00 PM,30,UNKNOWN,UNKNOWN,CLEAR,DAYLIGHT,PARKED MOTOR VEHICLE,DIVIDED - W/MEDIAN (NOT RAISED),,STRAIGHT AND LEVEL,UNKNOWN,UNKNOWN,ON SCENE,NO INJURY / DRIVE AWAY,,,,"OVER $1,500",08/15/2025 05:17:00 PM,UNABLE TO DETERMINE,UNABLE TO DETERMINE,6056,N,BROADWAY,2433,,,,,,,2,NO INDICATION OF INJURY,0,0,0,0,0,1,0,17,6,8,41.9925714521,-87.6604938972,POINT (-87.660493897213 41.992571452113)
712a3ad2426358e04663b34834797596a0a273b806c90d2963d1a115c87b5e254607b41354ced9916c1a72794616fffe083b1f1a65d6a9ffb2073694c99986db,,08/15/2025 05:15:00 PM,30,TRAFFIC SIGNAL,UNKNOWN,CLEAR,DAYLIGHT,REAR END,FOUR WAY,,STRAIGHT AND LEVEL,DRY,NO DEFECTS,ON SCENE,NO INJURY / DRIVE AWAY,,,,"OVER $1,500",08/15/2025 05:18:00 PM,FOLLOWING TOO CLOSELY,FOLLOWING TOO CLOSELY,6500,S,DAMEN AVE,726,,,,,,,2,NO INDICATION OF INJURY,0,0,0,0,0,4,0,17,6,8,41.7756135059,-87.6739523672,POINT (-87.673952367202 41.775613505891)
de2821d9be2aabe8b2dfdbc37e9a8aaaba0242fe63b290494794afb4f87597e3f90c19b118ec1484877c87da69a2b72d140e0ea04ca6c1802940c7dcea10d50e,,08/15/2025 05:12:00 PM,30,NO CONTROLS,UNKNOWN,CLEAR,DAYLIGHT,FIXED OBJECT,NOT DIVIDED,,STRAIGHT AND LEVEL,UNKNOWN,UNKNOWN,ON SCENE,NO INJURY / DRIVE AWAY,,Y,,"OVER $1,500",08/15/2025 05:12:00 PM,NOT APPLICABLE,NOT APPLICABLE,1943,W,MONTEREY AVE,2212,,,,,,,1,,,,,,,,,17,6,8,41.6917054141,-87.6701137203,POINT (-87.670113720334 41.691705414101)
b1fbd8c3abd6737befb14de8b0e0337d5d64eb0e7151761d701c112de599c23f2c0e32c8b4d2103fef6bb5732c27980cf51039602c64a3691c4477ec63361d5d,,08/15/2025 05:11:00 PM,30,TRAFFIC SIGNAL,UNKNOWN,CLEAR,DAYLIGHT,SIDESWIPE SAME DIRECTION,FOUR WAY,,STRAIGHT AND LEVEL,DRY,UNKNOWN,ON SCENE,NO INJURY / DRIVE AWAY,Y,,,"$501 - $1,500",08/15/2025 05:13:00 PM,FOLLOWING TOO CLOSELY,UNABLE TO DETERMINE,2601,N,PULASKI RD,2524,,Y,,,,,2,NO INDICATION OF INJURY,0,0,0,0,0,2,0,17,6,8,41.9282262596,-87.7267310198,POINT (-87.726731019804 41.928226259593)
63a41adef19829c74c197092464cd5b2c9f8de4d09e996931a8b04f869901f5df18d3536519785f7b05d570bd4f6453bb9b8aab411c1225c7f8799d662cdb0dd,Y,08/15/2025 05:10:00 PM,10,NO CONTROLS,NO CONTROLS,CLEAR,DAYLIGHT,PARKED MOTOR VEHICLE,PARKING LOT,,STRAIGHT AND LEVEL,DRY,NO DEFECTS,ON SCENE,NO INJURY / DRIVE AWAY,,Y,Y,"OVER $1,500",08/15/2025 05:20:00 PM,IMPROPER TURNING/NO SIGNAL,IMPROPER TURNING/NO SIGNAL,5401,S,WENTWORTH AVE,225,,,,,,,2,NO INDICATION OF INJURY,0,0,0,0,0,2,0,17,6,8,41.7962348752,-87.6304049244,POINT (-87.630404924387 41.796234875219)
cc47c0fd35ec0cc14e2e6a1b2ed294a1558da25780f413feae1fd8c2803db8eff8f974e12a662830fb1c179f43f1548efe24a7a0c9318b776141577ac8e115fa,,08/15/2025 05:10:00 PM,30,TRAFFIC SIGNAL,FUNCTIONING PROPERLY,CLEAR,DAYLIGHT,TURNING,FOUR WAY,,STRAIGHT AND LEVEL,DRY,UNKNOWN,ON SCENE,NO INJURY / DRIVE AWAY,,,,"OVER $1,500",08/15/2025 05:35:00 PM,DRIVING SKILLS/KNOWLEDGE/EXPERIENCE,NOT APPLICABLE,1400,W,CERMAK RD,1235,,,,,,,2,NO INDICATION OF INJURY,0,0,0,0,0,2,0,17,6,8,41.8525261656,-87.6612900647,POINT (-87.661290064695 41.852526165608)
2f8874758a947db12b25eddd44ffe4e7a3806147ddac7922f96c848c012ec520b771cef8ff0bcb22328167a35d4533450e7ddfff8be4058865b143205128f911,,08/15/2025 05:09:00 PM,30,NO CONTROLS,NO CONTROLS,UNKNOWN,UNKNOWN,PARKED MOTOR VEHICLE,PARKING LOT,,STRAIGHT AND LEVEL,UNKNOWN,UNKNOWN,NOT ON SCENE (DESK REPORT),NO INJURY / DRIVE AWAY,,,Y,"OVER $1,500",08/18/2025 01:08:00 PM,UNABLE TO DETERMINE,UNABLE TO DETERMINE,1835,W,HARRISON ST,1231,,,,,,,2,NO INDICATION OF INJURY,0,0,0,0,0,1,0,17,6,8,41.8739879533,-87.6729974093,POINT (-87.672997409337 41.873987953314)
f5a608dbb25a51a99b9cdcb221f605499d0eee5908dafe0aedc67fb0a79d21894c0081b9c7487d942c40ba288756859785134c37734ca17f11fffb4b46431dd4,,08/15/2025 05:07:00 PM,30,NO CONTROLS,NO CONTROLS,CLEAR,DAYLIGHT,SIDESWIPE SAME DIRECTION,DIVIDED - W/MEDIAN (NOT RAISED),,STRAIGHT AND LEVEL,DRY,NO DEFECTS,NOT ON SCENE (DESK REPORT),NO INJURY / DRIVE AWAY,,,,"$501 - $1,500",08/15/2025 05:40:00 PM,IMPROPER OVERTAKING/PASSING,UNABLE TO DETERMINE,2811,N,ASHLAND AVE,1932,,,,,,,2,NO INDICATION OF INJURY,0,0,0,0,0,2,0,17,6,8,41.9327657357,-87.6682620088,POINT (-87.668262008829 41.932765735712)
08f4bbebe3c6ee714baf1209a5e117c8faa2199b7539334e2a446d442afe2e0dbe85f908c0a43fce5e4199adc6230848e2f8ab6df2d59d5f76578aae25715005,,08/15/2025 05:05:00 PM,30,NO CONTROLS,NO CONTROLS,UNKNOWN,DAYLIGHT,SIDESWIPE SAME DIRECTION,ONE-WAY,,STRAIGHT AND LEVEL,UNKNOWN,UNKNOWN,NOT ON SCENE (DESK REPORT),NO INJURY / DRIVE AWAY,,,,"OVER $1,500",08/18/2025 05:05:00 PM,UNABLE TO DETERMINE,UNABLE TO DETERMINE,4050,W,CORTLAND ST,2534,,,,,,,2,NO INDICATION OF INJURY,0,0,0,0,0,2,0,17,6,8,41.9154249694,-87.7285747433,POINT (-87.728574743259 41.915424969427)
4e58bd4641f7e7adc3c9ae1497672cd3fd4c9b1c4189658cf0c3249114ea92b0ad4af2c445366215741c7980daaae85b07e648f938198fb22cb3e2122be097f6,,08/15/2025 05:00:00 PM,30,STOP SIGN/FLASHER,FUNCTIONING PROPERLY,CLEAR,DAYLIGHT,TURNING,DIVIDED - W/MEDIAN BARRIER,,STRAIGHT AND LEVEL,DRY,NO DEFECTS,NOT ON SCENE (DESK REPORT),NO INJURY / DRIVE AWAY,,,,"OVER $1,500",08/15/2025 05:45:00 PM,FAILING TO YIELD RIGHT-OF-WAY,FAILING TO YIELD RIGHT-OF-WAY,4400,S,HALSTED ST,925,,,,,,,2,NO INDICATION OF INJURY,0,0,0,0,0,2,0,17,6,8,41.8141915282,-87.6458245366,POINT (-87.645824536606 41.814191528205)
6102dfe0f971453136397ef86419b112ade417d15286868259dca209c4fc6f24bf98eff7e3a89df4da8f1725c108d6d1a1b8dd48466147331eeed78c1a72cafb,,08/15/2025 05:00:00 PM,30,NO CONTROLS,NO CONTROLS,CLEAR,DAYLIGHT,REAR TO FRONT,DIVIDED - W/MEDIAN BARRIER,,STRAIGHT ON GRADE,DRY,NO DEFECTS,,INJURY AND / OR TOW DUE TO CRASH,,,Y,"OVER $1,500",08/15/2025 05:05:00 PM,"OPERATING VEHICLE IN ERRATIC, RECKLESS, CARELESS, NEGLIGENT OR AGGRESSIVE MANNER","OPERATING VEHICLE IN ERRATIC, RECKLESS, CARELESS, NEGLIGENT OR AGGRESSIVE MANNER",1555,E,103RD ST,434,,,,,,,2,NONINCAPACITATING INJURY,1,0,0,1,0,1,0,17,6,8,41.7076660699,-87.5856425134,POINT (-87.585642513405 41.707666069901)
a09bc7f346a337cd79df348f75ae3d7bb0c3dcfe63eb33c3facc374d5df57cbb9b74e840242c9e63c81ef92b5c0637893b304c6510ade09478a4100ff8291d11,,08/15/2025 05:00:00 PM,30,UNKNOWN,NO CONTROLS,CLEAR,DAYLIGHT,PEDALCYCLIST,RAMP,,STRAIGHT AND LEVEL,DRY,NO DEFECTS,,INJURY AND / OR TOW DUE TO CRASH,,,,"OVER $1,500",08/15/2025 05:13:00 PM,UNABLE TO DETERMINE,UNABLE TO DETERMINE,1154,S,CLARK ST,123,,Y,,,,,2,NONINCAPACITATING INJURY,1,0,0,1,0,1,0,17,6,8,41.8675710154,-87.6305864739,POINT (-87.630586473861 41.867571015433)
b31377364e62d065bcc6e10aa34b70bb93506cede0065ed6de2180a2eaec9977ca1d6749d3f49ed61a1d8af241d7eab7a6c2730a5ace18830bbfdeaf3e823f2e,,08/15/2025 05:00:00 PM,30,NO CONTROLS,NO CONTROLS,CLEAR,DAYLIGHT,TURNING,NOT DIVIDED,,STRAIGHT AND LEVEL,DRY,NO DEFECTS,NOT ON SCENE (DESK REPORT),NO INJURY / DRIVE AWAY,,,,"$501 - $1,500",08/15/2025 06:07:00 PM,IMPROPER TURNING/NO SIGNAL,NOT APPLICABLE,5501,S,KEDZIE AVE,824,,,,,,,2,NO INDICATION OF INJURY,0,0,0,0,0,2,0,17,6,8,41.7934260292,-87.7034042472,POINT (-87.703404247151 41.793426029245)
c33a70fe9f5502fd0072945ae5f589220ae399936545723cf5b4dd477ed6e502692d9b280d5b75160d91526f63bbb957421462d4b791b450963f27ab8c41e445,,08/15/2025 05:00:00 PM,30,NO CONTROLS,NO CONTROLS,CLEAR,DAYLIGHT,REAR END,NOT DIVIDED,,STRAIGHT AND LEVEL,DRY,NO DEFECTS,NOT ON SCENE (DESK REPORT),NO INJURY / DRIVE AWAY,,,,"OVER $1,500",08/15/2025 07:43:00 PM,FOLLOWING TOO CLOSELY,DRIVING SKILLS/KNOWLEDGE/EXPERIENCE,5938,W,DIVISION ST,2531,,,,,,,2,NO INDICATION OF INJURY,0,0,0,0,0,8,0,17,6,8,41.902121214,-87.7744655909,POINT (-87.774465590909 41.902121214034)
f5023038a3c8cdbd64844cc25fee24985d4fc1736731452bafda1485a11d984d873246e52bcdb3caf6f0d41d424235df76091162af3e7d8a0e5f8f73521a046b,,08/15/2025 05:00:00 PM,25,UNKNOWN,UNKNOWN,CLEAR,DAYLIGHT,PARKED MOTOR VEHICLE,NOT DIVIDED,,STRAIGHT AND LEVEL,UNKNOWN,UNKNOWN,NOT ON SCENE (DESK REPORT),NO INJURY / DRIVE AWAY,N,,,"$501 - $1,500",08/15/2025 05:30:00 PM,UNABLE TO DETERMINE,UNABLE TO DETERMINE,6023,N,PAULINA ST,2433,,,,,,,2,NO INDICATION OF INJURY,0,0,0,0,0,1,0,17,6,8,41.9914475426,-87.671649891,POINT (-87.671649891007 41.99144754261)
6beef179669d8e99b3b1f99b94069f3ce928dc1f76fd894d21f9422e6d21f6ee274013b5fd51ef11787743fbbf40a5b9c1daec42aa9af1f78c0d8caa16472a82,,08/15/2025 04:45:00 PM,30,NO CONTROLS,NO CONTROLS,CLEAR,DAYLIGHT,PEDALCYCLIST,DIVIDED - W/MEDIAN BARRIER,,STRAIGHT AND LEVEL,DRY,NO DEFECTS,NOT ON SCENE (DESK REPORT),INJURY AND / OR TOW DUE TO CRASH,,,Y,$500 OR LESS,08/26/2025 10:50:00 PM,UNABLE TO DETERMINE,UNABLE TO DETERMINE,340,E,RANDOLPH ST,114,,,Y,,,,2,NONINCAPACITATING INJURY,1,0,0,1,0,1,0,16,6,8,41.8846247731,-87.619254324,POINT (-87.619254324027 41.884624773137)
bbf3bc41a81ee5f09998ce652f3f9cfddd21b18d2afe16b142495d1e5b1e5c7bfd02f70323be2bff28d4783b5f0d9c7ad3d8febaaf5c416005dd79776a4ae22a,,08/15/2025 04:42:00 PM,30,NO CONTROLS,NO CONTROLS,CLEAR,DAYLIGHT,REAR TO FRONT,FOUR WAY,,STRAIGHT AND LEVEL,DRY,NO DEFECTS,NOT ON SCENE (DESK REPORT),NO INJURY / DRIVE AWAY,,,,"OVER $1,500",08/15/2025 06:34:00 PM,FOLLOWING TOO CLOSELY,NOT APPLICABLE,3400,W,NORTH AVE,1422,,,,,,,2,NO INDICATION OF INJURY,0,0,0,0,0,2,0,16,6,8,41.9101628468,-87.7119538677,POINT (-87.711953867691 41.910162846803)
11fc45b90a840703fb495258b25713fb177dd64c0494433ea7da31132c3a64d70271d8b87124f89a9f6422b4e5c2b104881632f494201e2f11e0ead329e1b2e5,,08/15/2025 04:41:00 PM,30,TRAFFIC SIGNAL,FUNCTIONING PROPERLY,CLEAR,DAYLIGHT,REAR END,DIVIDED - W/MEDIAN BARRIER,,STRAIGHT AND LEVEL,DRY,NO DEFECTS,ON SCENE,NO INJURY / DRIVE AWAY,Y,,Y,$500 OR LESS,08/15/2025 04:43:00 PM,FOLLOWING TOO CLOSELY,FAILING TO REDUCE SPEED TO AVOID CRASH,8400,S,VINCENNES AVE,622,,,,,,,2,NO INDICATION OF INJURY,0,0,0,0,0,5,0,16,6,8,41.7414095888,-87.6384314909,POINT (-87.638431490943 41.741409588823)
331c880626f1aaba0a24bcf376f774ea60520672d3817838439ccd516423e9db9f1cf474ef8e5516acde70c5817af32db9e205a40f30f0c21b0a496faab03fc9,,08/15/2025 04:41:00 PM,10,NO CONTROLS,NO CONTROLS,UNKNOWN,DAYLIGHT,FIXED OBJECT,DRIVEWAY,,STRAIGHT AND LEVEL,UNKNOWN,NO DEFECTS,ON SCENE,NO INJURY / DRIVE AWAY,,Y,,"OVER $1,500",08/16/2025 11:59:00 AM,UNABLE TO DETERMINE,UNABLE TO DETERMINE,1133,E,83RD ST,412,,,,,,,1,NO INDICATION OF INJURY,0,0,0,0,0,1,0,16,6,8,41.7439625835,-87.5963985545,POINT (-87.596398554528 41.743962583526)
fa53966c6762e6d614e5593218e59ba3d666d0bea484f7855f28b0d1234e52d4313f1fd367838584c30dde7313f94421a8ee96a7be8789882ce0362c67f92a57,,08/15/2025 04:38:00 PM,30,NO CONTROLS,NO CONTROLS,CLEAR,DAYLIGHT,SIDESWIPE SAME DIRECTION,DIVIDED - W/MEDIAN (NOT RAISED),,STRAIGHT AND LEVEL,DRY,NO DEFECTS,ON SCENE,NO INJURY / DRIVE AWAY,,,,"$501 - $1,500",08/15/2025 04:38:00 PM,UNABLE TO DETERMINE,UNABLE TO DETERMINE,4521,N,LINCOLN AVE,1911,,,,,,,2,NO INDICATION OF INJURY,0,0,0,0,0,2,0,16,6,8,41.9638230767,-87.6852514222,POINT (-87.685251422202 41.963823076678)