CRASH_RECORD_ID,CRASH_DATE_EST_I,CRASH_DATE,POSTED_SPEED_LIMIT,TRAFFIC_CONTROL_DEVICE,DEVICE_CONDITION,WEATHER_CONDITION,LIGHTING_CONDITION,FIRST_CRASH_TYPE,TRAFFICWAY_TYPE,LANE_CNT,ALIGNMENT,ROADWAY_SURFACE_COND,ROAD_DEFECT,REPORT_TYPE,CRASH_TYPE,INTERSECTION_RELATED_I,NOT_RIGHT_OF_WAY_I,HIT_AND_RUN_I,DAMAGE,DATE_POLICE_NOTIFIED,PRIM_CONTRIBUTORY_CAUSE,SEC_CONTRIBUTORY_CAUSE,STREET_NO,STREET_DIRECTION,STREET_NAME,BEAT_OF_OCCURRENCE,PHOTOS_TAKEN_I,STATEMENTS_TAKEN_I,DOORING_I,WORK_ZONE_I,WORK_ZONE_TYPE,WORKERS_PRESENT_I,NUM_UNITS,MOST_SEVERE_INJURY,INJURIES_TOTAL,INJURIES_FATAL,INJURIES_INCAPACITATING,INJURIES_NON_INCAPACITATING,INJURIES_REPORTED_NOT_EVIDENT,INJURIES_NO_INDICATION,INJURIES_UNKNOWN,CRASH_HOUR,CRASH_DAY_OF_WEEK,CRASH_MONTH,LATITUDE,LONGITUDE,LOCATION
403ec3334babf4b8b15bad6ff3e13a2e8f316212737ecb6dc3e528a11c96758c9e767fba98ec3a7af543d1b56ef1981d2e4787911735f6a87715125d7737683d,,08/15/2025 04:36:00 PM,20,STOP SIGN/FLASHER,FUNCTIONING PROPERLY,CLEAR,DAYLIGHT,TURNING,OTHER,,STRAIGHT AND LEVEL,UNKNOWN,UNKNOWN,ON SCENE,INJURY AND / OR TOW DUE TO CRASH,,,,"$501 - $1,500",08/15/2025 04:36:00 PM,UNABLE TO DETERMINE,NOT APPLICABLE,1901,S,DAMEN AVE,1234,,,,,,,2,NO INDICATION OF INJURY,0,0,0,0,0,3,0,16,6,8,41.8558166222,-87.6757993237,POINT (-87.67579932375 41.855816622186)
07278e52e1d96417b0bb72f6e64bf0f9812b1b67109bbab5d9f1b53d1acef0b259984692a6af19d102ada72a2113396456cde7f4882d38ac89763707d0ca7ea6,,08/15/2025 04:30:00 PM,15,NO CONTROLS,NO CONTROLS,CLEAR,DAYLIGHT,ANGLE,T-INTERSECTION,,STRAIGHT AND LEVEL,DRY,NO DEFECTS,ON SCENE,INJURY AND / OR TOW DUE TO CRASH,,,,"OVER $1,500",08/15/2025 04:31:00 PM,UNABLE TO DETERMINE,NOT APPLICABLE,6644,S,ARTESIAN AVE,832,,,,,,,2,NO INDICATION OF INJURY,0,0,0,0,0,2,0,16,6,8,41.772442386,-87.6848244772,POINT (-87.684824477228 41.772442385954)
281e512fd2f6c30abb36125b37f6d3cde3684ebbb4707d20d8c093e7f6f7767f54e2002dc61a22558c0bdb01feefda3d2d1e5a49e95630f806e9a2df64944f5e,Y,08/15/2025 04:30:00 PM,25,NO CONTROLS,NO CONTROLS,CLEAR,DAYLIGHT,PEDALCYCLIST,NOT DIVIDED,,STRAIGHT AND LEVEL,DRY,NO DEFECTS,,INJURY AND / OR TOW DUE TO CRASH,,,N,"OVER $1,500",08/15/2025 04:35:00 PM,UNABLE TO DETERMINE,UNABLE TO DETERMINE,5358,N,ELSTON AVE,1623,,,,,,,2,INCAPACITATING INJURY,1,0,1,0,0,1,0,16,6,8,41.978664059,-87.7575399154,POINT (-87.757539915429 41.978664058981)
2dcf2ad19d095eb3cfb7b1a1afdc0cb0787ef1e5fda2aa88f0bd3c6d46943a32a35b41172a7a8332b1bee9a5f9078936095298390dbc8ff8d0137b567bf57d81,,08/15/2025 04:30:00 PM,30,NO CONTROLS,NO CONTROLS,CLEAR,DAYLIGHT,SIDESWIPE SAME DIRECTION,DIVIDED - W/MEDIAN (NOT RAISED),,STRAIGHT AND LEVEL,DRY,NO DEFECTS,NOT ON SCENE (DESK REPORT),NO INJURY / DRIVE AWAY,,,Y,"OVER $1,500",08/16/2025 11:45:00 PM,IMPROPER TURNING/NO SIGNAL,FAILING TO YIELD RIGHT-OF-WAY,6900,N,WESTERN AVE,2411,,,,,,,2,NO INDICATION OF INJURY,0,0,0,0,0,2,0,16,6,8,42.0068512376,-87.6902606045,POINT (-87.690260604528 42.006851237571)
5b8116628365ae31b3f9a19245463ed4850acb83ed2c1e919267ecac2b0b8a48051b2c0ec78dd438b5a63cc7d7e55c3c45f12b4237ac800545f50596e46da107,,08/15/2025 04:30:00 PM,30,TRAFFIC SIGNAL,FUNCTIONING PROPERLY,CLEAR,DAYLIGHT,REAR END,NOT DIVIDED,,STRAIGHT ON GRADE,DRY,NO DEFECTS,ON SCENE,INJURY AND / OR TOW DUE TO CRASH,,,,"OVER $1,500",08/15/2025 04:33:00 PM,FOLLOWING TOO CLOSELY,UNABLE TO DETERMINE,5633,W,63RD ST,812,,,,,,,3,"REPORTED, NOT EVIDENT",1,0,0,0,1,2,0,16,6,8,41.7779161936,-87.7630038433,POINT (-87.763003843284 41.777916193609)
e37a2e8813f45755da31215c6edda634522ebf7460534297f3ea76087764e371415178a409ddb69b40c1a379e7c26ae6fc702087a3a4d9f9102c6f8b18eb3f7c,,08/15/2025 04:30:00 PM,30,NO CONTROLS,NO CONTROLS,CLEAR,DAYLIGHT,PARKED MOTOR VEHICLE,ONE-WAY,,STRAIGHT AND LEVEL,DRY,NO DEFECTS,NOT ON SCENE (DESK REPORT),NO INJURY / DRIVE AWAY,,,Y,"$501 - $1,500",08/15/2025 05:35:00 PM,NOT APPLICABLE,NOT APPLICABLE,6030,S,HERMITAGE AVE,714,,,,,,,2,NO INDICATION OF INJURY,0,0,0,0,0,1,0,16,6,8,41.7839428786,-87.6681123658,POINT (-87.668112365752 41.78394287859)
f3e8d3409b299ac3256170838d42599a3e176254077262e762b3dd290134735e73afff940a85b3484c13a42afaf0b199415dd5a8625a453fcd46d44763219b6b,,08/15/2025 04:30:00 PM,30,STOP SIGN/FLASHER,FUNCTIONING PROPERLY,CLEAR,DAYLIGHT,ANGLE,NOT DIVIDED,,STRAIGHT AND LEVEL,DRY,NO DEFECTS,NOT ON SCENE (DESK REPORT),INJURY AND / OR TOW DUE TO CRASH,,,,"OVER $1,500",08/15/2025 07:09:00 PM,DISREGARDING TRAFFIC SIGNALS,NOT APPLICABLE,4120,W,47TH ST,815,,,,,,,2,NONINCAPACITATING INJURY,1,0,0,1,0,3,0,16,6,8,41.8079383233,-87.7270134174,POINT (-87.727013417398 41.80793832335)
bcc756aceb66fa5bffeb421ebbe16802b9b71532b0cbaae630e17acce544f7f17437e25dd63a6c92882b5b3a2c359a9dad0a42d90f34d7a05366728ded444d33,,08/15/2025 04:25:00 PM,30,TRAFFIC SIGNAL,UNKNOWN,CLEAR,DAYLIGHT,SIDESWIPE SAME DIRECTION,DIVIDED - W/MEDIAN (NOT RAISED),,STRAIGHT AND LEVEL,DRY,UNKNOWN,ON SCENE,NO INJURY / DRIVE AWAY,,,Y,"$501 - $1,500",08/15/2025 04:30:00 PM,UNABLE TO DETERMINE,UNABLE TO DETERMINE,4746,W,LAWRENCE AVE,1712,,,,,,,2,NO INDICATION OF INJURY,0,0,0,0,0,2,0,16,6,8,41.9681467,-87.7472038625,POINT (-87.747203862483 41.968146700012)
77926f825fde1b2ba7aaeace44e8ae8a0161412960cf6f7a32aa2cc43b4658b99606061cde2ff04f0d21b0f6261d1a099c0d8f2c0ba7b721be858313edba9894,,08/15/2025 04:22:00 PM,30,NO CONTROLS,NO CONTROLS,CLEAR,DAYLIGHT,SIDESWIPE SAME DIRECTION,DIVIDED - W/MEDIAN (NOT RAISED),,STRAIGHT AND LEVEL,DRY,NO DEFECTS,NOT ON SCENE (DESK REPORT),NO INJURY / DRIVE AWAY,,,,"OVER $1,500",08/15/2025 05:00:00 PM,IMPROPER OVERTAKING/PASSING,IMPROPER LANE USAGE,4732,W,MONTROSE AVE,1722,,,,,,,2,NO INDICATION OF INJURY,0,0,0,0,0,3,0,16,6,8,41.9608449242,-87.7465385955,POINT (-87.746538595507 41.960844924224)
53c5c64ff7b0e5be61f1cf1f116a940fa42ae1de70e4cd487c66f6859e5ef148604d4be78cf628ef8f5a9012fbc2b9bfd237725dd7155615b87dbf390aaf9199,,08/15/2025 04:20:00 PM,25,TRAFFIC SIGNAL,FUNCTIONING PROPERLY,CLEAR,DAYLIGHT,REAR END,DIVIDED - W/MEDIAN BARRIER,,STRAIGHT AND LEVEL,DRY,NO DEFECTS,NOT ON SCENE (DESK REPORT),INJURY AND / OR TOW DUE TO CRASH,,,,"OVER $1,500",08/15/2025 04:20:00 PM,FOLLOWING TOO CLOSELY,UNABLE TO DETERMINE,4747,S,PULASKI RD,821,,,,,,,3,"REPORTED, NOT EVIDENT",1,0,0,0,1,3,0,16,6,8,41.806477076,-87.7233966603,POINT (-87.723396660337 41.806477075977)
83312d3c61cb66d8de6e09b357e878bf8947d1d53968730bf87966555bafa2b57a98f328388d99de669a4dd3b8f17c14fb6e24113ed7934e621a32808f51fcaa,,08/15/2025 04:20:00 PM,30,NO CONTROLS,NO CONTROLS,CLEAR,DAYLIGHT,ANGLE,NOT DIVIDED,,STRAIGHT AND LEVEL,DRY,NO DEFECTS,NOT ON SCENE (DESK REPORT),NO INJURY / DRIVE AWAY,,,,"OVER $1,500",08/15/2025 10:45:00 PM,FAILING TO YIELD RIGHT-OF-WAY,NOT APPLICABLE,5056,W,FULLERTON AVE,2521,,,,,,,2,NO INDICATION OF INJURY,0,0,0,0,0,2,0,16,6,8,41.9242536187,-87.7534860754,POINT (-87.753486075412 41.924253618706)
b91dbbec1b36e55dc07cec15461881de707e165a32baefb80815f37508c04b4b91692b0398784e0be39eb69c37b55a880dace42dbfcac5f65ecf7cfea233e8ce,,08/15/2025 04:20:00 PM,30,NO CONTROLS,NO CONTROLS,CLEAR,DAYLIGHT,PARKED MOTOR VEHICLE,ONE-WAY,,STRAIGHT AND LEVEL,DRY,NO DEFECTS,NOT ON SCENE (DESK REPORT),NO INJURY / DRIVE AWAY,,,Y,"OVER $1,500",08/15/2025 05:19:00 PM,UNABLE TO DETERMINE,NOT APPLICABLE,1122,W,NEWPORT AVE,1924,,,,,,,2,NO INDICATION OF INJURY,0,0,0,0,0,2,0,16,6,8,41.9445372202,-87.657624435,POINT (-87.657624434987 41.944537220218)
c3b9d2f4c9fae7d76bb369fa6985a0b531270a4ab36aa992fc6a24148d72c1e6905be636e8a4687065b7f331b1b6e89b5479a9d4ac1865686dab0860f0ff4965,,08/15/2025 04:20:00 PM,30,TRAFFIC SIGNAL,NO CONTROLS,CLEAR,DAYLIGHT,SIDESWIPE SAME DIRECTION,NOT DIVIDED,,STRAIGHT AND LEVEL,DRY,NO DEFECTS,NOT ON SCENE (DESK REPORT),NO INJURY / DRIVE AWAY,,,,"OVER $1,500",08/15/2025 05:10:00 PM,IMPROPER OVERTAKING/PASSING,FOLLOWING TOO CLOSELY,8525,S,KEDZIE AVE,835,Y,,,,,,2,NO INDICATION OF INJURY,0,0,0,0,0,2,0,16,6,8,41.7381139841,-87.7019254702,POINT (-87.701925470176 41.738113984113)
f2b418ccc7b06d1a99ad7bb1b4eef7b1658bd4457014609e404905c1805e6870b5f0cf04933783e1f6ccf1027334dcc2141d1fe547eea5634c108b14e7e5443a,,08/15/2025 04:20:00 PM,30,STOP SIGN/FLASHER,NO CONTROLS,CLEAR,DAYLIGHT,ANGLE,FOUR WAY,,STRAIGHT AND LEVEL,DRY,NO DEFECTS,ON SCENE,INJURY AND / OR TOW DUE TO CRASH,Y,,,"OVER $1,500",08/15/2025 04:25:00 PM,FAILING TO YIELD RIGHT-OF-WAY,NOT APPLICABLE,5299,W,LAKE ST,1523,,,,,,,2,NO INDICATION OF INJURY,0,0,0,0,0,3,0,16,6,8,41.8872228365,-87.7577030217,POINT (-87.757703021665 41.887222836473)
c9de6ec42e6a1467388c1ed647bf206c33cb5e6c96ee0adf2a3ae512538987a8c6b03f1070c00e46fcf1aedb894a4f1c3b947cbfe6e57094dd1c03349ee63944,,08/15/2025 04:15:00 PM,30,NO CONTROLS,NO CONTROLS,CLEAR,DAYLIGHT,SIDESWIPE SAME DIRECTION,NOT DIVIDED,,STRAIGHT AND LEVEL,DRY,NO DEFECTS,ON SCENE,NO INJURY / DRIVE AWAY,,,,"OVER $1,500",08/15/2025 04:19:00 PM,IMPROPER OVERTAKING/PASSING,NOT APPLICABLE,4111,W,LAWRENCE AVE,1722,,,,,,,2,NO INDICATION OF INJURY,0,0,0,0,0,2,0,16,6,8,41.9680986378,-87.7309722517,POINT (-87.730972251653 41.968098637821)
e72e5a6d61cf082a4c33e70c678086142f9ebfb8fc5f63f2ee8d2b77f0cbb3a15f0a9d8d9eae00a503b33f1397e17437e80b6729a9dcd5a506c684416b29b888,,08/15/2025 04:15:00 PM,25,NO CONTROLS,NO CONTROLS,UNKNOWN,UNKNOWN,PARKED MOTOR VEHICLE,OTHER,,STRAIGHT AND LEVEL,UNKNOWN,UNKNOWN,NOT ON SCENE (DESK REPORT),NO INJURY / DRIVE AWAY,,,Y,$500 OR LESS,08/17/2025 04:05:00 PM,UNABLE TO DETERMINE,NOT APPLICABLE,10126,S,MALTA ST,2213,,,,,,,2,NO INDICATION OF INJURY,0,0,0,0,0,1,0,16,6,8,41.7097362444,-87.6583265323,POINT (-87.658326532268 41.709736244418)
926252c94019b59370627aa2677a16c9aaca09a816e5c2a0810ac9769cccfada473aa7d72742469bd7b7adcc56cd012d9ac5e2eb7e97b2e3b89cfa5a3b05b7d6,,08/15/2025 04:10:00 PM,30,UNKNOWN,UNKNOWN,CLEAR,DAYLIGHT,REAR END,NOT DIVIDED,,STRAIGHT AND LEVEL,UNKNOWN,UNKNOWN,NOT ON SCENE (DESK REPORT),NO INJURY / DRIVE AWAY,,,Y,"OVER $1,500",08/15/2025 05:30:00 PM,UNABLE TO DETERMINE,UNABLE TO DETERMINE,520,S,MICHIGAN AVE,123,,,,,,,2,NO INDICATION OF INJURY,0,0,0,0,0,2,0,16,6,8,41.8752598258,-87.6243966738,POINT (-87.624396673836 41.875259825819)
f27ec9e321e499ced326263380061e099188ef5e1d24313aea58caa02979cda99cf3ea2d54f5d1a68fb53c589fa9fc3636e33b3e1b75b782a345994b0f2acb1f,,08/15/2025 04:10:00 PM,20,NO CONTROLS,NO CONTROLS,CLEAR,DAYLIGHT,ANGLE,ONE-WAY,,STRAIGHT AND LEVEL,DRY,NO DEFECTS,ON SCENE,INJURY AND / OR TOW DUE TO CRASH,,,,"OVER $1,500",08/15/2025 04:14:00 PM,FAILING TO REDUCE SPEED TO AVOID CRASH,NOT APPLICABLE,2332,N,MANGO AVE,2515,,,,,,,2,NONINCAPACITATING INJURY,1,0,0,1,0,5,0,16,6,8,41.9230941939,-87.7697546591,POINT (-87.769754659091 41.923094193903)
69ebb8a106fed0abdfa7d862ba2262f7ce94000d02fa4fd5354629a1597adcf309704d85ec09974d40ee45a775ae37b70a5ee207eab6cc4775850d1e446e949b,,08/15/2025 04:05:00 PM,30,NO CONTROLS,NO CONTROLS,CLEAR,DAYLIGHT,OTHER OBJECT,ONE-WAY,,STRAIGHT AND LEVEL,DRY,NO DEFECTS,ON SCENE,NO INJURY / DRIVE AWAY,,,Y,"OVER $1,500",08/15/2025 04:18:00 PM,UNABLE TO DETERMINE,UNABLE TO DETERMINE,10924,S,STATE ST,513,,,,,,,1,NO INDICATION OF INJURY,0,0,0,0,0,1,0,16,6,8,41.6953609254,-87.6233298077,POINT (-87.623329807734 41.695360925383)
83a54bb00e06d68a606871ed82462cd2c950d0f65faddca8a20ea1ee3e1b863b2f37eed61c69183a29dbc52aebef15b056666daf2bf371735573b62e033b0ae4,,08/15/2025 04:00:00 PM,30,UNKNOWN,UNKNOWN,CLOUDY/OVERCAST,DAYLIGHT,PARKED MOTOR VEHICLE,NOT DIVIDED,,STRAIGHT AND LEVEL,UNKNOWN,UNKNOWN,NOT ON SCENE (DESK REPORT),NO INJURY / DRIVE AWAY,,,,"OVER $1,500",08/15/2025 05:00:00 PM,UNABLE TO DETERMINE,NOT APPLICABLE,1551,N,KEDZIE AVE,1423,,,,,,,2,NO INDICATION OF INJURY,0,0,0,0,0,1,0,16,6,8,41.9098327231,-87.7068536972,POINT (-87.706853697186 41.909832723118)
a64b4330a8799c2f436708a4c41f02f34b54a608143b12aef239a80fdd9e74b7bf809f6e96cd6265367be4abcece556aff833457c3520885fabc70cf6e858d37,,08/15/2025 04:00:00 PM,30,NO CONTROLS,NO CONTROLS,CLEAR,DAYLIGHT,ANGLE,DIVIDED - W/MEDIAN (NOT RAISED),,STRAIGHT AND LEVEL,DRY,NO DEFECTS,NOT ON SCENE (DESK REPORT),NO INJURY / DRIVE AWAY,,,,"OVER $1,500",08/15/2025 04:38:00 PM,FAILING TO YIELD RIGHT-OF-WAY,NOT APPLICABLE,4357,N,CENTRAL AVE,1624,,,,,,,2,NO INDICATION OF INJURY,0,0,0,0,0,2,0,16,6,8,41.9603822766,-87.767092826,POINT (-87.767092825994 41.960382276604)
aa74023b76f2c803dc137c41764bf56988c0b86a260c61a7419aebdce02958d83d2acfd5652c18d3d42e721905806cd0317515ad51937b7a000be09be269ff88,,08/15/2025 04:00:00 PM,35,STOP SIGN/FLASHER,NO CONTROLS,CLEAR,DAYLIGHT,HEAD ON,T-INTERSECTION,,STRAIGHT AND LEVEL,UNKNOWN,UNKNOWN,NOT ON SCENE (DESK REPORT),NO INJURY / DRIVE AWAY,Y,,Y,"OVER $1,500",08/15/2025 04:55:00 PM,UNABLE TO DETERMINE,UNABLE TO DETERMINE,1600,E,72ND ST,324,,,,,,,2,NO INDICATION OF INJURY,0,0,0,0,0,2,0,16,6,8,41.7643484466,-87.5858451682,POINT (-87.585845168175 41.764348446598)
df9b29efc04b3d3e4a62f6f90f86671124f7d0ac1de42dca0994a80dc2f5c9bce3d7bf36986537fda85eb4092935efc784ce38c08087c555bbb8e46bd1eacbca,,08/15/2025 04:00:00 PM,30,STOP SIGN/FLASHER,FUNCTIONING PROPERLY,CLEAR,DAYLIGHT,ANGLE,FOUR WAY,,STRAIGHT AND LEVEL,DRY,WORN SURFACE,ON SCENE,INJURY AND / OR TOW DUE TO CRASH,Y,,,"OVER $1,500",08/15/2025 04:00:00 PM,FAILING TO YIELD RIGHT-OF-WAY,NOT APPLICABLE,3100,W,55TH ST,923,,,,,,,2,NO INDICATION OF INJURY,0,0,0,0,0,2,0,16,6,8,41.7936683244,-87.7011823518,POINT (-87.701182351844 41.793668324372)
e96ad81b7713357f008909d70ae4fa24f981d6091e6944b6c755f71134c836e07887c2f71bfa676fb27c30ba8baea9c10dd1b1757f09df06e7bdf5a0878bc259,,08/15/2025 04:00:00 PM,30,UNKNOWN,UNKNOWN,UNKNOWN,DAYLIGHT,PARKED MOTOR VEHICLE,UNKNOWN,,STRAIGHT AND LEVEL,UNKNOWN,UNKNOWN,,NO INJURY / DRIVE AWAY,,,Y,"OVER $1,500",08/20/2025 04:20:00 PM,UNABLE TO DETERMINE,UNABLE TO DETERMINE,6949,N,OTTAWA AVE,1611,,,,,,,2,NO INDICATION OF INJURY,0,0,0,0,0,1,0,16,6,8,42.0074048686,-87.8174597909,POINT (-87.817459790869 42.007404868579)
8208b5ea40df9f3edb0a897a7bfb50c914a173939ce6bf545b51beeb2af9c1e033d25fa203cd1889571409d4dae3a45253d0f6c0d5ba66d6b4b3abc87a901fb2,,08/15/2025 03:59:00 PM,30,NO CONTROLS,NO CONTROLS,CLEAR,DAYLIGHT,SIDESWIPE SAME DIRECTION,NOT DIVIDED,,STRAIGHT AND LEVEL,DRY,NO DEFECTS,ON SCENE,INJURY AND / OR TOW DUE TO CRASH,,,,"OVER $1,500",08/15/2025 04:00:00 PM,DRIVING SKILLS/KNOWLEDGE/EXPERIENCE,FAILING TO YIELD RIGHT-OF-WAY,4852,W,LAWRENCE AVE,1623,,,,,,,2,NO INDICATION OF INJURY,0,0,0,0,0,2,0,15,6,8,41.9681120518,-87.7498380922,POINT (-87.749838092209 41.968112051803)
b9990f1e100ed1a5276fe95b60818d7681fa241029fab10d311df89021db5bed756023b41bdb0ded5bedbfd6621236115f05eaae24c5350b3d58c988f6f05260,,08/15/2025 03:57:00 PM,20,TRAFFIC SIGNAL,FUNCTIONING PROPERLY,CLEAR,DAYLIGHT,ANGLE,DIVIDED - W/MEDIAN BARRIER,,STRAIGHT AND LEVEL,DRY,NO DEFECTS,NOT ON SCENE (DESK REPORT),NO INJURY / DRIVE AWAY,,,,"OVER $1,500",08/15/2025 05:05:00 PM,UNABLE TO DETERMINE,NOT APPLICABLE,5467,N,LYNCH AVE,1623,,,,,,,2,NO INDICATION OF INJURY,0,0,0,0,0,2,0,15,6,8,41.9807218059,-87.7614658272,POINT (-87.76146582719 41.980721805853)
d3b0f6ae3b0af5a0ad5d4414668450a1808ce8c787d2a44cd15d72e5463772d2f9efbf37c18200ae7e108c3476082b2c6d0679f81f404b02462b7217fa6bd4b3,,08/15/2025 03:50:00 PM,30,TRAFFIC SIGNAL,FUNCTIONING PROPERLY,CLEAR,DAYLIGHT,REAR END,DIVIDED - W/MEDIAN (NOT RAISED),,STRAIGHT AND LEVEL,DRY,NO DEFECTS,NOT ON SCENE (DESK REPORT),NO INJURY / DRIVE AWAY,,,,"OVER $1,500",08/15/2025 04:00:00 PM,UNABLE TO DETERMINE,NOT APPLICABLE,7900,S,VINCENNES AVE,621,,,,,,,2,NO INDICATION OF INJURY,0,0,0,0,0,2,0,15,6,8,41.7507503867,-87.6343843454,POINT (-87.634384345423 41.750750386696)
197b29138b0aad06be369179f90cc183b47f7cf9d65d8fd74a5b8144b5b5bc10b612f84c44bf019893a90ff3eea15d501641eed079764df216a397a3989c7433,,08/15/2025 03:45:00 PM,30,NO CONTROLS,NO CONTROLS,CLEAR,DAYLIGHT,REAR END,ONE-WAY,,STRAIGHT AND LEVEL,UNKNOWN,UNKNOWN,NOT ON SCENE (DESK REPORT),NO INJURY / DRIVE AWAY,,,,"OVER $1,500",08/15/2025 04:50:00 PM,FOLLOWING TOO CLOSELY,FAILING TO REDUCE SPEED TO AVOID CRASH,534,N,WELLS ST,1831,,,,,,,2,NO INDICATION OF INJURY,0,0,0,0,0,2,0,15,6,8,41.8917700715,-87.6342208454,POINT (-87.63422084544 41.891770071509)
ff8350c7f6c3f5de2e3df1af5142515f9e3f2a4b3fbd3a87192cbf34809d6131d963804e3b8201fcc375ed21bdad201a2ad09d859cb503307f0e19308416a8c7,Y,08/15/2025 03:45:00 PM,30,TRAFFIC SIGNAL,UNKNOWN,CLEAR,DAYLIGHT,TURNING,FOUR WAY,,STRAIGHT AND LEVEL,UNKNOWN,UNKNOWN,NOT ON SCENE (DESK REPORT),NO INJURY / DRIVE AWAY,Y,,,"$501 - $1,500",08/15/2025 06:30:00 PM,UNABLE TO DETERMINE,UNABLE TO DETERMINE,6422,N,SHERIDAN RD,2432,,,,,,,2,NO INDICATION OF INJURY,0,0,0,0,0,4,0,15,6,8,41.9988587842,-87.6607839261,POINT (-87.66078392609 41.998858784157)
c739e9f7f2970a9d3d0e7c7f06476981ec93026fca9fe5da29fdc80510da1110268b8110e7058d6e86e712f8a05d187dc4edaf2ae0fc5a68c1db3254a299aacf,Y,08/15/2025 03:44:00 PM,30,TRAFFIC SIGNAL,FUNCTIONING PROPERLY,CLEAR,DAYLIGHT,PEDESTRIAN,NOT DIVIDED,,STRAIGHT AND LEVEL,DRY,NO DEFECTS,ON SCENE,INJURY AND / OR TOW DUE TO CRASH,Y,,,"OVER $1,500",08/15/2025 03:44:00 PM,DISREGARDING TRAFFIC SIGNALS,UNABLE TO DETERMINE,2300,W,MADISON ST,1223,,,,,,,2,NONINCAPACITATING INJURY,1,0,0,1,0,1,0,15,6,8,41.8813083,-87.6840866983,POINT (-87.684086698329 41.88130830004)
8d6904002cb8a55b1e0f070fe80ff82b439af134f6152b24eead57935b9d07c0b83cf9c85973ec747a3d8694b77fb6cd6dd4cdc9d9383a0f10f86a6999aae68f,,08/15/2025 03:40:00 PM,30,TRAFFIC SIGNAL,FUNCTIONING PROPERLY,CLEAR,DAYLIGHT,REAR END,FOUR WAY,,STRAIGHT AND LEVEL,DRY,NO DEFECTS,NOT ON SCENE (DESK REPORT),NO INJURY / DRIVE AWAY,Y,,,"OVER $1,500",08/16/2025 02:34:00 PM,UNABLE TO DETERMINE,NOT APPLICABLE,4353,N,CICERO AVE,1722,,,,,,,2,NO INDICATION OF INJURY,0,0,0,0,0,2,0,15,6,8,41.9604905304,-87.747366285,POINT (-87.74736628501 41.960490530359)
5e819aea3cce931dad44c1a700721f320b3f81e03541751489069454def814cdb4d89e250029bd4e22e192df77e7c2948ff6a79187d96d506b9f121cbd5a0aaf,,08/15/2025 03:35:00 PM,30,NO CONTROLS,NO CONTROLS,CLEAR,DAYLIGHT,PEDALCYCLIST,NOT DIVIDED,,STRAIGHT AND LEVEL,DRY,NO DEFECTS,ON SCENE,NO INJURY / DRIVE AWAY,,,,"$501 - $1,500",08/15/2025 05:17:00 PM,FAILING TO YIELD RIGHT-OF-WAY,NOT APPLICABLE,1009,S,WOOD ST,1231,,,,,,,2,NO INDICATION OF INJURY,0,0,0,0,0,3,0,15,6,8,41.8689367431,-87.6712578294,POINT (-87.671257829415 41.868936743064)
3d129da74c689cc8d5deba17193159d93d4d9a25fc7fe0f60ce1968d61602ac5e518023fb3b0b197c488dccc997897aa4c20be5229d7790485068f5408c30c94,,08/15/2025 03:24:00 PM,30,TRAFFIC SIGNAL,FUNCTIONING PROPERLY,CLEAR,DAYLIGHT,TURNING,FOUR WAY,,STRAIGHT AND LEVEL,DRY,NO DEFECTS,ON SCENE,NO INJURY / DRIVE AWAY,,,,$500 OR LESS,08/15/2025 03:24:00 PM,UNABLE TO DETERMINE,UNABLE TO DETERMINE,2402,W,ROOSEVELT RD,1135,,,,,,,2,NO INDICATION OF INJURY,0,0,0,0,0,2,0,15,6,8,41.866720102,-87.6862075034,POINT (-87.686207503382 41.866720102038)
152262307841142f85c13bb5f34e8cb36911f138eb4d7d2d94c97c6ec888d058193ade34dcb1ae631de2a1ed8fc43c1e26574eeca8087bd7f30f5ec1536d612d,,08/15/2025 03:20:00 PM,30,NO CONTROLS,NO CONTROLS,CLEAR,DAYLIGHT,SIDESWIPE SAME DIRECTION,NOT DIVIDED,,STRAIGHT AND LEVEL,DRY,NO DEFECTS,NOT ON SCENE (DESK REPORT),NO INJURY / DRIVE AWAY,,,,"$501 - $1,500",08/15/2025 04:15:00 PM,UNABLE TO DETERMINE,UNABLE TO DETERMINE,5958,W,LAWRENCE AVE,1622,,,,,,,2,NO INDICATION OF INJURY,0,0,0,0,0,2,0,15,6,8,41.967766338,-87.7769510499,POINT (-87.776951049864 41.967766337978)
5b70d6c1c28b3008c2720aabb187177fc5c2db1e05680993f91624a7a48a3c97c59398d367ea7092a7f528a1e2c7bc58b6668be967504e756deea76b90e6ae39,,08/15/2025 03:20:00 PM,30,TRAFFIC SIGNAL,FUNCTIONING PROPERLY,CLEAR,DAYLIGHT,REAR END,FOUR WAY,,STRAIGHT AND LEVEL,DRY,UNKNOWN,NOT ON SCENE (DESK REPORT),NO INJURY / DRIVE AWAY,Y,,Y,"OVER $1,500",08/15/2025 04:00:00 PM,UNABLE TO DETERMINE,UNABLE TO DETERMINE,728,E,111TH ST,513,,,,,,,2,NO INDICATION OF INJURY,0,0,0,0,0,6,0,15,6,8,41.6929489101,-87.6040255174,POINT (-87.604025517445 41.69294891009)
5dc27fc8137f9b9007d711ddc18af64a554f4bd38d93cc756cd41191ccd3c4a315f4d310ef9de316ab74ab2b1cf1f18d1b6be6c17dfcf4c7793bead73171fda3,,08/15/2025 03:20:00 PM,30,TRAFFIC SIGNAL,UNKNOWN,CLEAR,DAYLIGHT,TURNING,NOT DIVIDED,,STRAIGHT AND LEVEL,DRY,NO DEFECTS,NOT ON SCENE (DESK REPORT),NO INJURY / DRIVE AWAY,Y,,,$500 OR LESS,08/15/2025 03:22:00 PM,IMPROPER OVERTAKING/PASSING,NOT APPLICABLE,6249,N,MC CORMICK RD,1711,,,,,,,2,NO INDICATION OF INJURY,0,0,0,0,0,2,0,15,6,8,41.9954406022,-87.7129173789,POINT (-87.712917378905 41.995440602185)