CRASH_RECORD_ID,CRASH_DATE_EST_I,CRASH_DATE,POSTED_SPEED_LIMIT,TRAFFIC_CONTROL_DEVICE,DEVICE_CONDITION,WEATHER_CONDITION,LIGHTING_CONDITION,FIRST_CRASH_TYPE,TRAFFICWAY_TYPE,LANE_CNT,ALIGNMENT,ROADWAY_SURFACE_COND,ROAD_DEFECT,REPORT_TYPE,CRASH_TYPE,INTERSECTION_RELATED_I,NOT_RIGHT_OF_WAY_I,HIT_AND_RUN_I,DAMAGE,DATE_POLICE_NOTIFIED,PRIM_CONTRIBUTORY_CAUSE,SEC_CONTRIBUTORY_CAUSE,STREET_NO,STREET_DIRECTION,STREET_NAME,BEAT_OF_OCCURRENCE,PHOTOS_TAKEN_I,STATEMENTS_TAKEN_I,DOORING_I,WORK_ZONE_I,WORK_ZONE_TYPE,WORKERS_PRESENT_I,NUM_UNITS,MOST_SEVERE_INJURY,INJURIES_TOTAL,INJURIES_FATAL,INJURIES_INCAPACITATING,INJURIES_NON_INCAPACITATING,INJURIES_REPORTED_NOT_EVIDENT,INJURIES_NO_INDICATION,INJURIES_UNKNOWN,CRASH_HOUR,CRASH_DAY_OF_WEEK,CRASH_MONTH,LATITUDE,LONGITUDE,LOCATION
5046d5c5ccd5ca5fda24eb6b00b94e76981f8e763458bb10d4d7d5c84e8274749dfb15c2b220de97eac07fe8b78b3186527ffef9fc0228ba102a53bf5e979eb4,,08/15/2025 03:15:00 PM,10,NO CONTROLS,NO CONTROLS,CLEAR,DAYLIGHT,REAR TO REAR,PARKING LOT,,STRAIGHT AND LEVEL,DRY,NO DEFECTS,,INJURY AND / OR TOW DUE TO CRASH,,N,,"OVER $1,500",08/15/2025 06:50:00 PM,UNABLE TO DETERMINE,DRIVING SKILLS/KNOWLEDGE/EXPERIENCE,6525,W,DIVERSEY AVE,2512,,,,,,,2,"REPORTED, NOT EVIDENT",1,0,0,0,1,2,0,15,6,8,41.9308339152,-87.7891337875,POINT (-87.789133787544 41.93083391524)
aa496fdcef324a5953429aa28275de02d914f772e3dffe6048a50e26e49a656e454fedb4055bb560196fa40b602840271aff26e13634f908b7a6797b9df052c4,,08/15/2025 03:15:00 PM,30,NO CONTROLS,NO CONTROLS,CLEAR,DAYLIGHT,PARKED MOTOR VEHICLE,NOT DIVIDED,,STRAIGHT AND LEVEL,DRY,NO DEFECTS,NOT ON SCENE (DESK REPORT),NO INJURY / DRIVE AWAY,,,,"$501 - $1,500",08/15/2025 03:42:00 PM,UNABLE TO DETERMINE,UNABLE TO DETERMINE,2426,W,MADISON ST,1222,,,,,,,2,NO INDICATION OF INJURY,0,0,0,0,0,1,0,15,6,8,41.8812601653,-87.6875394191,POINT (-87.687539419115 41.881260165341)
e9435fe549c8dba19d900eb35ee65e1e6282166f1f729d002f91e21831b9a6e2c04b90140646b73ab5f665ea618dff80f665bd3fe996fda4c26ac0c4484522e0,,08/15/2025 03:10:00 PM,30,TRAFFIC SIGNAL,FUNCTIONING PROPERLY,UNKNOWN,UNKNOWN,REAR END,DIVIDED - W/MEDIAN (NOT RAISED),,STRAIGHT AND LEVEL,UNKNOWN,UNKNOWN,NOT ON SCENE (DESK REPORT),NO INJURY / DRIVE AWAY,,,,"$501 - $1,500",08/15/2025 06:30:00 PM,FOLLOWING TOO CLOSELY,FOLLOWING TOO CLOSELY,47,W,83RD ST,622,,,,,,,2,NO INDICATION OF INJURY,0,0,0,0,0,2,0,15,6,8,41.7435154289,-87.6262729646,POINT (-87.626272964571 41.743515428878)
cb08b156e4aeafcffbe6306853e83563c4155750a40bfdea397730df624f0ba7a11e7a4b419a72ffccbb4ff35fbec0b97a999153e978a617cc517c59096158e1,,08/15/2025 03:06:00 PM,30,UNKNOWN,UNKNOWN,CLEAR,DAYLIGHT,SIDESWIPE SAME DIRECTION,NOT DIVIDED,,STRAIGHT AND LEVEL,UNKNOWN,UNKNOWN,NOT ON SCENE (DESK REPORT),NO INJURY / DRIVE AWAY,,,Y,"OVER $1,500",08/15/2025 04:40:00 PM,UNABLE TO DETERMINE,UNABLE TO DETERMINE,750,N,HUDSON AVE,1831,,,,,,,2,NO INDICATION OF INJURY,0,0,0,0,0,2,0,15,6,8,41.8963156535,-87.6401914937,POINT (-87.640191493689 41.896315653515)
b7f5ac303295ff30d5eeb7827126675496b26c2f87a1345aefe99d9589db64c0ecc39db6ab24a9628a477e9c33b9a3d8162a107ac30cdb09384778a00783b5c6,,08/15/2025 03:00:00 PM,30,NO CONTROLS,NO CONTROLS,CLEAR,DAYLIGHT,TURNING,NOT DIVIDED,,STRAIGHT AND LEVEL,DRY,NO DEFECTS,NOT ON SCENE (DESK REPORT),NO INJURY / DRIVE AWAY,,,,"OVER $1,500",08/20/2025 12:00:00 PM,IMPROPER LANE USAGE,NOT APPLICABLE,4520,S,CICERO AVE,814,,,,,,,2,NO INDICATION OF INJURY,0,0,0,0,0,2,0,15,6,8,41.8106128709,-87.7433820571,POINT (-87.743382057067 41.810612870948)
db110b412ea27dedf6d6d9ad47f6540f5dde78c77f5fadbefff59d2c93742fc886dc7cb759cef372091d542e7594f186e17b42a69e608c38581ccceb7e68e06a,Y,08/15/2025 03:00:00 PM,30,NO CONTROLS,NO CONTROLS,CLEAR,DAYLIGHT,PARKED MOTOR VEHICLE,DIVIDED - W/MEDIAN (NOT RAISED),,STRAIGHT AND LEVEL,DRY,NO DEFECTS,NOT ON SCENE (DESK REPORT),NO INJURY / DRIVE AWAY,,,Y,"OVER $1,500",08/16/2025 03:15:00 PM,UNABLE TO DETERMINE,NOT APPLICABLE,3141,W,26TH ST,1033,,,,,,,2,NO INDICATION OF INJURY,0,0,0,0,0,1,0,15,6,8,41.8444160612,-87.7042100103,POINT (-87.704210010292 41.844416061244)
366631d71e8e5cc17ac4bdabcc6d09d0113c6b0f050731665c66e86a38a67d8c2d216505c72b0a9f99e31e6e4e9ae7e4c86f3144a983d236c92180ce81176db7,,08/15/2025 02:50:00 PM,35,NO CONTROLS,NO CONTROLS,CLEAR,DAYLIGHT,REAR END,NOT DIVIDED,,STRAIGHT AND LEVEL,DRY,NO DEFECTS,ON SCENE,INJURY AND / OR TOW DUE TO CRASH,,,,"OVER $1,500",08/15/2025 02:52:00 PM,FAILING TO REDUCE SPEED TO AVOID CRASH,NOT APPLICABLE,1307,S,PULASKI RD,1011,,Y,,,,,2,NONINCAPACITATING INJURY,1,0,0,1,0,1,0,14,6,8,41.8640847742,-87.7249653936,POINT (-87.724965393555 41.864084774244)
acf17f30fb95b3e632788c5fc79ce4e41e0c0b6f94a1f9c155eafef9fc7f26ce5d2169912905264eb088695e13cb7d0f13eed817fcb6ae09fd633e8a227d7b68,,08/15/2025 02:50:00 PM,40,TRAFFIC SIGNAL,FUNCTIONING PROPERLY,CLEAR,DAYLIGHT,SIDESWIPE SAME DIRECTION,DIVIDED - W/MEDIAN BARRIER,,STRAIGHT AND LEVEL,DRY,NO DEFECTS,ON SCENE,NO INJURY / DRIVE AWAY,,,,"$501 - $1,500",08/15/2025 02:53:00 PM,IMPROPER OVERTAKING/PASSING,IMPROPER LANE USAGE,1429,S,LAKE SHORE DR NB,132,,,,,,,2,NO INDICATION OF INJURY,0,0,0,0,0,4,0,14,6,8,41.8633983839,-87.6185047184,POINT (-87.618504718433 41.863398383864)
f2b74db6ef860c799dc3ebd7b78999bd67d348bfc0837d993a454e625935823d830f04af3a3e762816f133d37adf0c942464d5f06fba6adf2aa4bea27eb9e535,,08/15/2025 02:50:00 PM,30,TRAFFIC SIGNAL,FUNCTIONING PROPERLY,CLEAR,DAYLIGHT,REAR END,DIVIDED - W/MEDIAN (NOT RAISED),,STRAIGHT AND LEVEL,DRY,NO DEFECTS,NOT ON SCENE (DESK REPORT),NO INJURY / DRIVE AWAY,Y,,Y,"OVER $1,500",08/15/2025 03:10:00 PM,FOLLOWING TOO CLOSELY,UNABLE TO DETERMINE,8615,S,VINCENNES AVE,622,,,,,,,2,NO INDICATION OF INJURY,0,0,0,0,0,2,0,14,6,8,41.7380324862,-87.6421030245,POINT (-87.642103024502 41.738032486151)
3a50f0f8b225d1508d90b7121d632aa4e7ddaee278941706d7152fcc89d6c19fca1a1764e7b9bc8513073115282fd1370318a08008af21ae51f08b57e1dc5b13,,08/15/2025 02:48:00 PM,30,NO CONTROLS,NO CONTROLS,CLEAR,DAYLIGHT,REAR END,NOT DIVIDED,,STRAIGHT AND LEVEL,DRY,NO DEFECTS,NOT ON SCENE (DESK REPORT),INJURY AND / OR TOW DUE TO CRASH,,,,"OVER $1,500",08/15/2025 03:30:00 PM,UNABLE TO DETERMINE,NOT APPLICABLE,1545,S,KOSTNER AVE,1012,,,,,,,3,"REPORTED, NOT EVIDENT",2,0,0,0,2,2,0,14,6,8,41.8592208924,-87.7346032277,POINT (-87.734603227727 41.859220892401)
e3a879c1a8a534d9bd44b07549c7e205213c7371b87ba85c85f24b138d5ba691c749da5386eb473a4d8cd4ed727d23402a6ee0ce7c57fbc73465595d99094191,,08/15/2025 02:45:00 PM,30,NO CONTROLS,NO CONTROLS,CLEAR,DAYLIGHT,SIDESWIPE SAME DIRECTION,NOT DIVIDED,,STRAIGHT AND LEVEL,DRY,NO DEFECTS,NOT ON SCENE (DESK REPORT),INJURY AND / OR TOW DUE TO CRASH,,,,"OVER $1,500",08/15/2025 03:14:00 PM,UNABLE TO DETERMINE,NOT APPLICABLE,1460,S,LOOMIS ST,1233,,,,,,,2,"REPORTED, NOT EVIDENT",2,0,0,0,2,1,0,14,6,8,41.8615754374,-87.6615671562,POINT (-87.661567156225 41.861575437398)
41e3a85d1bea1a95c01daf2f0f66cf330d0093eb2e06f7173fcc8f5fc9b09b4c10c00a208c29191f66117663e86d1cb7b5db8e7591b37821da228d654ca00b1c,,08/15/2025 02:40:00 PM,30,NO CONTROLS,NO CONTROLS,UNKNOWN,DAYLIGHT,SIDESWIPE SAME DIRECTION,ONE-WAY,,STRAIGHT AND LEVEL,UNKNOWN,UNKNOWN,NOT ON SCENE (DESK REPORT),NO INJURY / DRIVE AWAY,,,,"OVER $1,500",08/17/2025 04:30:00 PM,IMPROPER LANE USAGE,FAILING TO REDUCE SPEED TO AVOID CRASH,162,E,OHIO ST,1834,,,,,,,2,NO INDICATION OF INJURY,0,0,0,0,0,2,0,14,6,8,41.892666897,-87.6228660109,POINT (-87.622866010896 41.892666897031)
8557080ff95e9659e7fd2ee6adc466000f8b56a08dec6fd56953e87b73ef78373221dd7ff02583f6e8ba15a3d3c424d00ded49a4343bdf0008dee475cd7f9b48,,08/15/2025 02:38:00 PM,30,TRAFFIC SIGNAL,FUNCTIONING PROPERLY,CLEAR,DAYLIGHT,PEDESTRIAN,NOT DIVIDED,,STRAIGHT AND LEVEL,DRY,NO DEFECTS,ON SCENE,INJURY AND / OR TOW DUE TO CRASH,Y,,,$500 OR LESS,08/15/2025 02:47:00 PM,FAILING TO YIELD RIGHT-OF-WAY,UNABLE TO DETERMINE,3300,S,ASHLAND AVE,912,,,,,,,2,NONINCAPACITATING INJURY,1,0,0,1,0,1,0,14,6,8,41.8341365965,-87.6657982672,POINT (-87.665798267236 41.834136596492)
f1441e628e9bccad3afe7989a0658d2b1f2de9ed413bebd844399e7772e8d27699ee8d67aabc67003147878aec8bb37ef5aef2d081576fd64d24d694ec86436d,,08/15/2025 02:35:00 PM,30,UNKNOWN,UNKNOWN,UNKNOWN,DAYLIGHT,REAR END,DIVIDED - W/MEDIAN (NOT RAISED),,STRAIGHT AND LEVEL,UNKNOWN,UNKNOWN,NOT ON SCENE (DESK REPORT),NO INJURY / DRIVE AWAY,,,Y,"$501 - $1,500",08/15/2025 04:10:00 PM,UNABLE TO DETERMINE,NOT APPLICABLE,1400,W,HOLLYWOOD AVE,2013,,,,,,,2,NO INDICATION OF INJURY,0,0,0,0,0,2,0,14,6,8,41.9856037396,-87.6651417643,POINT (-87.665141764255 41.98560373961)
f35177e51cbbe4a36080f622d09ec268854a9df3979602669e5d55dc5710915a4c58c7067ea7522be02853028420d7bcf01bf5cf173101096277e3f568cf30f0,,08/15/2025 02:35:00 PM,25,NO CONTROLS,NO CONTROLS,CLEAR,DAYLIGHT,REAR END,DIVIDED - W/MEDIAN (NOT RAISED),,STRAIGHT AND LEVEL,DRY,NO DEFECTS,,INJURY AND / OR TOW DUE TO CRASH,,,Y,"OVER $1,500",08/15/2025 03:44:00 PM,FAILING TO REDUCE SPEED TO AVOID CRASH,FOLLOWING TOO CLOSELY,522,N,MILWAUKEE AVE,1214,,,,,,,3,INCAPACITATING INJURY,1,0,1,0,0,2,0,14,6,8,41.8917328651,-87.6486541929,POINT (-87.648654192939 41.891732865147)
91900e58b981c6726ce12decc658483c56752d214e2085b6fb4c37f382ad6060e95d8ab6d42b2a5b9fef1d240bb2ed4e889514fc7b75046cb9a72048ee8ebe29,,08/15/2025 02:32:00 PM,30,TRAFFIC SIGNAL,FUNCTIONING PROPERLY,CLEAR,DAYLIGHT,ANGLE,NOT DIVIDED,,STRAIGHT AND LEVEL,DRY,NO DEFECTS,ON SCENE,INJURY AND / OR TOW DUE TO CRASH,Y,,Y,"$501 - $1,500",08/15/2025 03:42:00 PM,DISREGARDING TRAFFIC SIGNALS,UNABLE TO DETERMINE,7000,N,RIDGE BLVD,2411,,,,,,,2,NONINCAPACITATING INJURY,1,0,0,1,0,1,0,14,6,8,42.0089828887,-87.682054656,POINT (-87.682054656039 42.008982888712)
27fe465baa20e60ba3dc63f8e42f8480f24895ba253228238b4f8725ee4098420701487b8fd73686e761e6425e0ff7f41a357b372b67e295ddadfcaa9ac66456,,08/15/2025 02:30:00 PM,30,UNKNOWN,UNKNOWN,CLOUDY/OVERCAST,DAYLIGHT,ANGLE,NOT DIVIDED,,STRAIGHT AND LEVEL,UNKNOWN,UNKNOWN,NOT ON SCENE (DESK REPORT),NO INJURY / DRIVE AWAY,,,,"OVER $1,500",08/15/2025 03:40:00 PM,UNABLE TO DETERMINE,NOT APPLICABLE,2658,W,LAWRENCE AVE,2031,,,,,,,2,NO INDICATION OF INJURY,0,0,0,0,0,2,0,14,6,8,41.9686628659,-87.696183541,POINT (-87.696183541004 41.96866286585)
914c10e79b93de74874d5ea6c162427f103b2a8d8868c1256ac8468cc8e62b9044c820c55372dd801960740ff622d305fecd5236f202511c14bf00cf9b0e13fe,,08/15/2025 02:30:00 PM,30,UNKNOWN,UNKNOWN,UNKNOWN,DAYLIGHT,OTHER OBJECT,NOT DIVIDED,,STRAIGHT AND LEVEL,UNKNOWN,UNKNOWN,NOT ON SCENE (DESK REPORT),NO INJURY / DRIVE AWAY,,,,"OVER $1,500",08/15/2025 03:00:00 PM,UNABLE TO DETERMINE,NOT APPLICABLE,2548,N,SOUTHPORT AVE,1932,,,,,,,1,,,,,,,,,14,6,8,41.9284854778,-87.6635773576,POINT (-87.663577357604 41.928485477764)
b5ab933b5fa6fe4ff1bc34a529c48828376cd65291e1d790dae2857920816a00d1d249b90ea85567eb5cf5f83ddddfe95a27631d0ab1487185eb28d12c72f256,,08/15/2025 02:30:00 PM,30,NO CONTROLS,NO CONTROLS,CLEAR,DAYLIGHT,PARKED MOTOR VEHICLE,NOT DIVIDED,,STRAIGHT AND LEVEL,DRY,NO DEFECTS,NOT ON SCENE (DESK REPORT),NO INJURY / DRIVE AWAY,,,,"$501 - $1,500",08/15/2025 03:50:00 PM,FOLLOWING TOO CLOSELY,FOLLOWING TOO CLOSELY,1725,S,WABASH AVE,131,,,,,,,2,NO INDICATION OF INJURY,0,0,0,0,0,1,0,14,6,8,41.8582978388,-87.6254740147,POINT (-87.625474014714 41.858297838757)
a35b14b6a7be1dc7c6fc9816b1834507afc871ea14396842ba8983e60e0c6857a6e1da80e60e7c77098045156c785e9662ec65526df5ebc24d46334839ab5ead,,08/15/2025 02:25:00 PM,25,UNKNOWN,UNKNOWN,CLEAR,DAYLIGHT,PARKED MOTOR VEHICLE,ONE-WAY,,STRAIGHT AND LEVEL,DRY,UNKNOWN,ON SCENE,NO INJURY / DRIVE AWAY,Y,,,"OVER $1,500",08/15/2025 02:36:00 PM,UNABLE TO DETERMINE,NOT APPLICABLE,9052,S,LOOMIS ST,2222,,,,,,,2,NO INDICATION OF INJURY,0,0,0,0,0,1,0,14,6,8,41.7288394798,-87.6581526943,POINT (-87.658152694313 41.728839479808)
2202f131b71fad9522512ac1a498204598b01061c596dbc77985de13df74e7862f50983088e5fe290edc7d750201a4df9c3802fc905bab50d0820af05f817bbb,Y,08/15/2025 02:20:00 PM,30,STOP SIGN/FLASHER,FUNCTIONING PROPERLY,CLEAR,DAYLIGHT,PARKED MOTOR VEHICLE,T-INTERSECTION,,STRAIGHT AND LEVEL,DRY,NO DEFECTS,ON SCENE,INJURY AND / OR TOW DUE TO CRASH,Y,,Y,"OVER $1,500",08/15/2025 05:50:00 PM,IMPROPER LANE USAGE,DRIVING SKILLS/KNOWLEDGE/EXPERIENCE,2347,W,MORSE AVE,2411,,,,,,,2,NO INDICATION OF INJURY,0,0,0,0,0,1,0,14,6,8,42.0070538443,-87.6898657356,POINT (-87.689865735589 42.007053844279)
1e850472400c4ad308a24a90b0afe8f3c9f985fcfba7954833ba8a9158d085fab9e29b9473f7cd62c3fad06dc6deecc02a9b4d199561d105a76644d38c23f35a,,08/15/2025 02:19:00 PM,30,NO CONTROLS,NO CONTROLS,CLEAR,DAYLIGHT,PARKED MOTOR VEHICLE,NOT DIVIDED,,STRAIGHT AND LEVEL,DRY,NO DEFECTS,ON SCENE,NO INJURY / DRIVE AWAY,,,,"OVER $1,500",08/15/2025 03:19:00 PM,DRIVING SKILLS/KNOWLEDGE/EXPERIENCE,FOLLOWING TOO CLOSELY,950,W,WILLOW ST,1813,,Y,,,,,2,NO INDICATION OF INJURY,0,0,0,0,0,1,0,14,6,8,41.9138684809,-87.6528474171,POINT (-87.652847417135 41.913868480865)
f321c26cd5ed0db4536ef6b7c3e31823b2fd21c1da1e3ed09db7492b8752ee2c244a793261460b299b326f58e2df8f6add7b9b43df5df44ee5b0ecf5d87cdad8,,08/15/2025 02:16:00 PM,30,NO CONTROLS,NO CONTROLS,CLEAR,DAYLIGHT,SIDESWIPE SAME DIRECTION,ONE-WAY,,STRAIGHT AND LEVEL,UNKNOWN,UNKNOWN,NOT ON SCENE (DESK REPORT),NO INJURY / DRIVE AWAY,,,,"OVER $1,500",08/15/2025 02:16:00 PM,IMPROPER LANE USAGE,FAILING TO REDUCE SPEED TO AVOID CRASH,210,W,LAKE ST,122,,,,,,,2,NO INDICATION OF INJURY,0,0,0,0,0,2,0,14,6,8,41.8858397952,-87.6343474405,POINT (-87.634347440469 41.885839795197)
0ccaaaea1377fe8157b1969c7e0d3340689b6bbcb23d19be8cc81fbe1086683464fdffca76eba7e170f0a417ae0442bbc4d50d60ee4a39e9eae57a4ca8968811,,08/15/2025 02:15:00 PM,30,NO CONTROLS,NO CONTROLS,CLEAR,DAYLIGHT,SIDESWIPE SAME DIRECTION,NOT DIVIDED,,STRAIGHT AND LEVEL,DRY,NO DEFECTS,NOT ON SCENE (DESK REPORT),NO INJURY / DRIVE AWAY,,,,"$501 - $1,500",08/15/2025 04:39:00 PM,IMPROPER OVERTAKING/PASSING,NOT APPLICABLE,6641,S,CICERO AVE,833,,,,,,,2,NO INDICATION OF INJURY,0,0,0,0,0,5,0,14,6,8,41.7717350987,-87.7419233957,POINT (-87.741923395725 41.771735098662)
48f13ada679cd45a277a41589440aa0d54657ac6c18e0fed3b65ce734d6ad606e597b9f2211dfa24204999c0d68ecfec55cd0650f4fb2da987ed99c862a8e199,,08/15/2025 02:15:00 PM,30,NO CONTROLS,NO CONTROLS,CLEAR,DAYLIGHT,PARKED MOTOR VEHICLE,ONE-WAY,,STRAIGHT AND LEVEL,DRY,NO DEFECTS,NOT ON SCENE (DESK REPORT),NO INJURY / DRIVE AWAY,,,,"$501 - $1,500",08/16/2025 04:21:00 PM,NOT APPLICABLE,NOT APPLICABLE,1111,S,MORGAN ST,1232,,,,,,,2,NO INDICATION OF INJURY,0,0,0,0,0,2,0,14,6,8,41.868002796,-87.6509303044,POINT (-87.650930304415 41.868002796029)
f8d703c0f2c87e0a59c75170a52ff4995da93a459a568115efeb19c16513f5d763dac497b7be3b560f99979338e13c06d64d035245f8b488fb4fc52b1abb3559,,08/15/2025 02:15:00 PM,30,NO CONTROLS,NO CONTROLS,CLEAR,DAYLIGHT,PARKED MOTOR VEHICLE,ONE-WAY,,STRAIGHT AND LEVEL,DRY,NO DEFECTS,NOT ON SCENE (DESK REPORT),NO INJURY / DRIVE AWAY,,,Y,"OVER $1,500",08/15/2025 02:41:00 PM,UNABLE TO DETERMINE,UNABLE TO DETERMINE,1540,E,67TH PL,332,,,,,,,2,NO INDICATION OF INJURY,0,0,0,0,0,1,0,14,6,8,41.7725278065,-87.587103449,POINT (-87.587103449025 41.772527806504)
9af00d029537085ff31bc2153f0907bc0cca733a0a2acfc3ef4434048faaee1ebd9339abd045e4e1f7dc47aa8e68b2861fc95c7ba9a366c4d55b091561320ce6,,08/15/2025 02:09:00 PM,30,STOP SIGN/FLASHER,FUNCTIONING PROPERLY,CLEAR,DAYLIGHT,ANGLE,FOUR WAY,,STRAIGHT AND LEVEL,DRY,NO DEFECTS,,NO INJURY / DRIVE AWAY,Y,,,"OVER $1,500",08/15/2025 02:10:00 PM,FAILING TO YIELD RIGHT-OF-WAY,UNABLE TO DETERMINE,7300,S,LOOMIS BLVD,734,,,,,,,2,NO INDICATION OF INJURY,0,0,0,0,0,3,0,14,6,8,41.7612974384,-87.6590167106,POINT (-87.659016710612 41.761297438408)
fe94fe4875882efd0e9d643e85d18b702eec5032f340d009e28f8a58d1680c74bdc7af6c0f0daa0e67e98d1d07d5fb413a1205a39db5775dd0dc810c3dce5ef3,,08/15/2025 02:05:00 PM,30,TRAFFIC SIGNAL,FUNCTIONING PROPERLY,CLEAR,DAYLIGHT,TURNING,NOT DIVIDED,,STRAIGHT AND LEVEL,DRY,NO DEFECTS,NOT ON SCENE (DESK REPORT),NO INJURY / DRIVE AWAY,Y,,,"OVER $1,500",08/15/2025 02:57:00 PM,UNABLE TO DETERMINE,NOT APPLICABLE,728,S,LARAMIE AVE,1522,,,,,,,2,NO INDICATION OF INJURY,0,0,0,0,0,2,0,14,6,8,41.8710541364,-87.7548734343,POINT (-87.754873434308 41.871054136374)
09e273ee7c37ee76cfe9c3ee9e49b32d94ff4a18beb1cd0721a9ac31c6a8f2fe498439ba71d1f364d3bb7cce05c1620668d52ad55b823b26348709e60c525a3c,,08/15/2025 02:00:00 PM,30,NO CONTROLS,NO CONTROLS,CLEAR,DAYLIGHT,SIDESWIPE SAME DIRECTION,NOT DIVIDED,,STRAIGHT AND LEVEL,DRY,NO DEFECTS,ON SCENE,NO INJURY / DRIVE AWAY,,,Y,"OVER $1,500",08/16/2025 11:41:00 AM,DISREGARDING ROAD MARKINGS,UNABLE TO DETERMINE,676,N,ST CLAIR ST,1834,,,,,,,2,NO INDICATION OF INJURY,0,0,0,0,0,3,0,14,6,8,41.8948529614,-87.6229018004,POINT (-87.622901800428 41.89485296136)
1513d281052edec32e7e53edf6885bb1c84e7f5c03d609f9e4c51028ad27616f3c0fe53b2719b5865db2d08a0f2a238fe1785f0b070f23c9882b82f7f8cb6581,,08/15/2025 02:00:00 PM,35,NO CONTROLS,NO CONTROLS,CLEAR,DAYLIGHT,PARKED MOTOR VEHICLE,NOT DIVIDED,,STRAIGHT AND LEVEL,DRY,NO DEFECTS,,INJURY AND / OR TOW DUE TO CRASH,,,Y,"OVER $1,500",08/15/2025 04:50:00 PM,UNABLE TO DETERMINE,NOT APPLICABLE,6551,N,KEDZIE AVE,2412,,,,,,,2,NO INDICATION OF INJURY,0,0,0,0,0,1,0,14,6,8,42.000699398,-87.7092197958,POINT (-87.709219795768 42.000699398043)
7307595514e859a4c2401a9082a7d63e7ed568542b86942265a0586c97ebc0c0ef0d8d4cc442c30ab975bdefb5a16bc2bbc18f34c8a29d24e0326e1bf98e6a8c,,08/15/2025 02:00:00 PM,30,TRAFFIC SIGNAL,FUNCTIONING PROPERLY,CLEAR,DAYLIGHT,REAR END,NOT DIVIDED,,STRAIGHT AND LEVEL,DRY,NO DEFECTS,NOT ON SCENE (DESK REPORT),NO INJURY / DRIVE AWAY,,,,"OVER $1,500",08/16/2025 12:10:00 PM,FOLLOWING TOO CLOSELY,FAILING TO REDUCE SPEED TO AVOID CRASH,2800,N,CALIFORNIA AVE,1411,,,,,,,2,NO INDICATION OF INJURY,0,0,0,0,0,2,0,14,6,8,41.9321207191,-87.6977653004,POINT (-87.697765300365 41.932120719106)
eb9fe1d6680037b41958ce7a574d1f676b88220a202ec21cf516d749f87041b33cd61113b8c98bbd0a201c1174e9013535786f4951ab9d34daaa694bffc93ad0,,08/15/2025 02:00:00 PM,30,STOP SIGN/FLASHER,FUNCTIONING PROPERLY,CLEAR,DAYLIGHT,TURNING,DIVIDED - W/MEDIAN (NOT RAISED),,STRAIGHT AND LEVEL,DRY,NO DEFECTS,NOT ON SCENE (DESK REPORT),NO INJURY / DRIVE AWAY,Y,,,"OVER $1,500",08/15/2025 02:15:00 PM,IMPROPER TURNING/NO SIGNAL,UNABLE TO DETERMINE,4199,W,DEVON AVE,1711,,,,,,,2,NO INDICATION OF INJURY,0,0,0,0,0,2,0,14,6,8,41.9971343351,-87.7337151727,POINT (-87.733715172692 41.997134335075)
bbf2497593812c3aba61ab59214a73ace0619fdbc999ea040393be8131385161f8dcc2d2cd3645285d0e93a4c4e416585d2250e53c472456689a47b5fa2753ba,,08/15/2025 01:54:00 PM,30,NO CONTROLS,NO CONTROLS,UNKNOWN,UNKNOWN,PARKED MOTOR VEHICLE,NOT DIVIDED,,STRAIGHT AND LEVEL,UNKNOWN,UNKNOWN,NOT ON SCENE (DESK REPORT),NO INJURY / DRIVE AWAY,,,Y,"OVER $1,500",08/15/2025 02:14:00 PM,UNABLE TO DETERMINE,UNABLE TO DETERMINE,4217,N,KEELER AVE,1722,,,,,,,2,NO INDICATION OF INJURY,0,0,0,0,0,1,0,13,6,8,41.9577922645,-87.7324534149,POINT (-87.732453414927 41.957792264478)
bef87f9475ed6ba12615132763afc3496c0e774a7b66fa6496aa2c26e0bfdb645ddfe8fa3a78a37b9cd279b7784e88a93ffbca9ea26d9d76805672f64aa18d85,,08/15/2025 01:53:00 PM,30,NO CONTROLS,NO CONTROLS,CLEAR,DAYLIGHT,TURNING,FOUR WAY,,STRAIGHT AND LEVEL,DRY,NO DEFECTS,ON SCENE,INJURY AND / OR TOW DUE TO CRASH,Y,,,"OVER $1,500",08/15/2025 02:00:00 PM,FAILING TO YIELD RIGHT-OF-WAY,UNABLE TO DETERMINE,8600,S,PULASKI RD,834,,,,,,,2,NO INDICATION OF INJURY,0,0,0,0,0,4,0,13,6,8,41.7366282832,-87.7216400829,POINT (-87.721640082906 41.736628283167)
597ead144f8ab8dd40ba33d9e77f1ed179fc720203804f13dab3974c0e9aed829a6871f5e58f6d3361895b07a76ac09309ba8c2b67a62d9728b930e07cac8891,,08/15/2025 01:52:00 PM,30,NO CONTROLS,NO CONTROLS,CLEAR,DAYLIGHT,TURNING,DIVIDED - W/MEDIAN (NOT RAISED),,STRAIGHT AND LEVEL,DRY,UNKNOWN,NOT ON SCENE (DESK REPORT),NO INJURY / DRIVE AWAY,,,,"OVER $1,500",08/15/2025 02:00:00 PM,NOT APPLICABLE,IMPROPER TURNING/NO SIGNAL,5222,W,MADISON ST,1522,,,,,,,2,NO INDICATION OF INJURY,0,0,0,0,0,2,0,13,6,8,41.8804684977,-87.7561340033,POINT (-87.756134003346 41.880468497667)