CRASH_RECORD_ID,CRASH_DATE_EST_I,CRASH_DATE,POSTED_SPEED_LIMIT,TRAFFIC_CONTROL_DEVICE,DEVICE_CONDITION,WEATHER_CONDITION,LIGHTING_CONDITION,FIRST_CRASH_TYPE,TRAFFICWAY_TYPE,LANE_CNT,ALIGNMENT,ROADWAY_SURFACE_COND,ROAD_DEFECT,REPORT_TYPE,CRASH_TYPE,INTERSECTION_RELATED_I,NOT_RIGHT_OF_WAY_I,HIT_AND_RUN_I,DAMAGE,DATE_POLICE_NOTIFIED,PRIM_CONTRIBUTORY_CAUSE,SEC_CONTRIBUTORY_CAUSE,STREET_NO,STREET_DIRECTION,STREET_NAME,BEAT_OF_OCCURRENCE,PHOTOS_TAKEN_I,STATEMENTS_TAKEN_I,DOORING_I,WORK_ZONE_I,WORK_ZONE_TYPE,WORKERS_PRESENT_I,NUM_UNITS,MOST_SEVERE_INJURY,INJURIES_TOTAL,INJURIES_FATAL,INJURIES_INCAPACITATING,INJURIES_NON_INCAPACITATING,INJURIES_REPORTED_NOT_EVIDENT,INJURIES_NO_INDICATION,INJURIES_UNKNOWN,CRASH_HOUR,CRASH_DAY_OF_WEEK,CRASH_MONTH,LATITUDE,LONGITUDE,LOCATION
df93691331fa8b307c51efdd6d0c246b049b73e25c4f89fb2a2942239168a31295efb62c57256629cf201f9452c59b9c8e71be0b5626bc12f9e9f8d45326a6b6,,08/15/2025 01:52:00 PM,30,TRAFFIC SIGNAL,UNKNOWN,UNKNOWN,DAYLIGHT,REAR TO SIDE,NOT DIVIDED,,STRAIGHT AND LEVEL,UNKNOWN,UNKNOWN,NOT ON SCENE (DESK REPORT),NO INJURY / DRIVE AWAY,,,Y,"OVER $1,500",08/15/2025 03:07:00 PM,UNABLE TO DETERMINE,UNABLE TO DETERMINE,4013,W,GRAND AVE,2534,,,,,,,2,NO INDICATION OF INJURY,0,0,0,0,0,3,0,13,6,8,41.9061602563,-87.7267287496,POINT (-87.726728749599 41.906160256331)
019b730b6203c10ccaee5f3cf48896706ee9020cef73ec5b736e35efeb1e8381baed970f94a328d7e01739918da957b94650327240bf69559802f8165fc9acfd,,08/15/2025 01:50:00 PM,30,STOP SIGN/FLASHER,FUNCTIONING PROPERLY,CLEAR,DAYLIGHT,PEDALCYCLIST,T-INTERSECTION,,STRAIGHT AND LEVEL,DRY,NO DEFECTS,,INJURY AND / OR TOW DUE TO CRASH,,,,"OVER $1,500",08/15/2025 01:57:00 PM,FAILING TO REDUCE SPEED TO AVOID CRASH,DRIVING SKILLS/KNOWLEDGE/EXPERIENCE,6635,N,ASHLAND AVE,2432,,,,,,,4,NONINCAPACITATING INJURY,1,0,0,1,0,1,0,13,6,8,42.0028045838,-87.6703734253,POINT (-87.670373425286 42.002804583837)
4cc2128803f5177222a2c03205da14da10b6de656bd0f312bb5d11bd9cc6a5877e8ae19937c9c3e776f4fe464ad96bf1edb24dcfb4279a4344d6b16824e8d7e8,,08/15/2025 01:50:00 PM,30,NO CONTROLS,NO CONTROLS,CLEAR,DAYLIGHT,SIDESWIPE SAME DIRECTION,NOT DIVIDED,,STRAIGHT AND LEVEL,DRY,NO DEFECTS,NOT ON SCENE (DESK REPORT),NO INJURY / DRIVE AWAY,,,,"OVER $1,500",08/15/2025 02:45:00 PM,UNABLE TO DETERMINE,UNABLE TO DETERMINE,225,N,DESPLAINES ST,1214,,,,,,,2,NO INDICATION OF INJURY,0,0,0,0,0,2,0,13,6,8,41.8865683887,-87.6441236524,POINT (-87.644123652355 41.886568388664)
5047b5cd17cbef960716573ed95e28f2e2447632fb45311a48e76f42abf18218ac937e79f43622cd8e70dfca612cf8cd2dc01dcb97392d0691e6de35b04024cf,,08/15/2025 01:50:00 PM,20,NO CONTROLS,NO CONTROLS,CLEAR,DAYLIGHT,PARKED MOTOR VEHICLE,NOT DIVIDED,,STRAIGHT AND LEVEL,DRY,UNKNOWN,ON SCENE,INJURY AND / OR TOW DUE TO CRASH,Y,Y,,"OVER $1,500",08/15/2025 02:38:00 PM,UNABLE TO DETERMINE,UNABLE TO DETERMINE,2757,W,FARWELL AVE,2411,,,,,,,2,NO INDICATION OF INJURY,0,0,0,0,0,1,0,13,6,8,42.0056474205,-87.6996190888,POINT (-87.699619088788 42.005647420508)
4f36606407b555af67d0ae1b858d7738afd580ced92bed26c794671926e16b2adb15b18dc6445dbf4d123148819630deaabf9858288d30db96db5696e0c6d483,Y,08/15/2025 01:45:00 PM,10,NO CONTROLS,NO CONTROLS,CLEAR,DAYLIGHT,SIDESWIPE SAME DIRECTION,ALLEY,,STRAIGHT AND LEVEL,DRY,UNKNOWN,NOT ON SCENE (DESK REPORT),NO INJURY / DRIVE AWAY,,,,"OVER $1,500",08/15/2025 02:00:00 PM,FAILING TO YIELD RIGHT-OF-WAY,NOT APPLICABLE,1048,W,WAVELAND AVE,1923,,,,,,,2,NO INDICATION OF INJURY,0,0,0,0,0,2,0,13,6,8,41.9491218211,-87.6562822491,POINT (-87.656282249123 41.949121821135)
6331d1bb64cff9738a8265ceb9e9f15f40c0b62fd194053c50ef89ebf0bdc435b9a44c9946c126e8b29e213412b1d0e5f235c8ed472161ff1230ec8016673a8b,,08/15/2025 01:43:00 PM,30,TRAFFIC SIGNAL,FUNCTIONING PROPERLY,CLEAR,DAYLIGHT,REAR END,FOUR WAY,,STRAIGHT AND LEVEL,DRY,NO DEFECTS,NOT ON SCENE (DESK REPORT),NO INJURY / DRIVE AWAY,Y,,,"OVER $1,500",08/15/2025 05:29:00 PM,FOLLOWING TOO CLOSELY,DRIVING SKILLS/KNOWLEDGE/EXPERIENCE,2348,W,DIVISION ST,1424,,,,,,,2,NO INDICATION OF INJURY,0,0,0,0,0,6,0,13,6,8,41.903136178,-87.6865280327,POINT (-87.68652803269 41.903136177966)
bef9db5905543ed1b23560a254d65bbee76340dfdb2096c9b771a0727e51c14d2327a9b3a65f36b9e8e906a00ba0d54b67bfabc90cfc095afcdd729adbb67425,,08/15/2025 01:40:00 PM,30,STOP SIGN/FLASHER,FUNCTIONING PROPERLY,CLEAR,DAYLIGHT,REAR TO FRONT,NOT DIVIDED,,STRAIGHT AND LEVEL,DRY,NO DEFECTS,NOT ON SCENE (DESK REPORT),NO INJURY / DRIVE AWAY,Y,,,"OVER $1,500",08/15/2025 05:00:00 PM,UNABLE TO DETERMINE,UNABLE TO DETERMINE,4001,W,GRAND AVE,2534,,,,,,,2,NO INDICATION OF INJURY,0,0,0,0,0,2,0,13,6,8,41.9060654738,-87.7264925453,POINT (-87.7264925453 41.906065473819)
0c217e4aec2acdb6e0fb3a61291a8881ba70f195ffd56e3a0ee808ca7f8f8a2897abf3f177fd320a9e78c4dd1c71d8ebf84c66a004dde29b74915ba50e9c1c6d,,08/15/2025 01:30:00 PM,30,UNKNOWN,UNKNOWN,CLEAR,DAYLIGHT,SIDESWIPE SAME DIRECTION,DIVIDED - W/MEDIAN BARRIER,,STRAIGHT AND LEVEL,UNKNOWN,UNKNOWN,NOT ON SCENE (DESK REPORT),NO INJURY / DRIVE AWAY,,,,"OVER $1,500",08/15/2025 03:30:00 PM,UNABLE TO DETERMINE,UNABLE TO DETERMINE,1200,N,LAKE SHORE DR SB,1824,,,,,,,2,NO INDICATION OF INJURY,0,0,0,0,0,2,0,13,6,8,41.904076743,-87.6248039371,POINT (-87.624803937073 41.904076743028)
c51f3833a775a286e752b44d5c269bb724fea8b7a80678eadadde7d7a1bd58f167a0904a9c8fc29ea317f826b81c698b8ccb1ce8a5e4bd811cd45252ef92638a,,08/15/2025 01:30:00 PM,35,OTHER,OTHER,CLEAR,DAYLIGHT,FIXED OBJECT,DIVIDED - W/MEDIAN (NOT RAISED),,STRAIGHT AND LEVEL,DRY,NO DEFECTS,ON SCENE,NO INJURY / DRIVE AWAY,,Y,,"$501 - $1,500",08/15/2025 02:37:00 PM,"OPERATING VEHICLE IN ERRATIC, RECKLESS, CARELESS, NEGLIGENT OR AGGRESSIVE MANNER",DISTRACTION - FROM OUTSIDE VEHICLE,1056,W,CHICAGO AVE,1213,,,,,,,1,NO INDICATION OF INJURY,0,0,0,0,0,1,0,13,6,8,41.8963880593,-87.6546456619,POINT (-87.65464566186 41.896388059268)
db4990ba57e69151328b6b7ffd69e2e5ee6d5f9e4e40036d25e0111ebfdedc401977f9c97e8021cb99160ed1e94fb038c36665637de2049fa2e1f5056d63681c,,08/15/2025 01:30:00 PM,35,NO CONTROLS,NO CONTROLS,CLEAR,DAYLIGHT,TURNING,T-INTERSECTION,,STRAIGHT AND LEVEL,DRY,NO DEFECTS,NOT ON SCENE (DESK REPORT),INJURY AND / OR TOW DUE TO CRASH,,,,"OVER $1,500",08/15/2025 03:20:00 PM,FAILING TO YIELD RIGHT-OF-WAY,NOT APPLICABLE,4001,W,CULLOM AVE,1722,,,,,,,2,NO INDICATION OF INJURY,0,0,0,0,0,2,0,13,6,8,41.9590135612,-87.7278528816,POINT (-87.727852881562 41.959013561202)
56f09c0afc3759b69e9ad807ab9b9453e6b8a78a48aaba14a085b2eb65995df0c2e37d585ea76bbecdaa5f920ae800072f76b24ba39491584a47a2aeecd67130,,08/15/2025 01:26:00 PM,30,NO CONTROLS,NO CONTROLS,CLEAR,DAYLIGHT,PARKED MOTOR VEHICLE,ONE-WAY,,STRAIGHT AND LEVEL,DRY,UNKNOWN,ON SCENE,INJURY AND / OR TOW DUE TO CRASH,,,,"OVER $1,500",08/15/2025 01:26:00 PM,IMPROPER TURNING/NO SIGNAL,NOT APPLICABLE,4800,W,SUPERIOR ST,1531,,,,,,,2,NO INDICATION OF INJURY,0,0,0,0,0,2,0,13,6,8,41.8941618929,-87.7459005691,POINT (-87.745900569135 41.894161892903)
ebb87f56a4bd7c20fc14823735f3b8ff7f648ee7e15cdc008e6275075c227dc5bebc73f97fede91dbbd57b455f1da86a30429f10ffc3584a1b259f1ba20ea694,,08/15/2025 01:23:00 PM,10,UNKNOWN,UNKNOWN,CLEAR,DAYLIGHT,REAR TO SIDE,PARKING LOT,,STRAIGHT AND LEVEL,DRY,UNKNOWN,NOT ON SCENE (DESK REPORT),NO INJURY / DRIVE AWAY,,Y,,"$501 - $1,500",08/15/2025 02:00:00 PM,UNABLE TO DETERMINE,UNABLE TO DETERMINE,2800,N,CLARK ST,1934,,,,,,,2,NO INDICATION OF INJURY,0,0,0,0,0,2,0,13,6,8,41.9328286998,-87.645080351,POINT (-87.645080351015 41.932828699843)
1aa9fd83ab9ecfbc30cead8ae7ee02508fe2f4014ddedc44ab8383cd19ce3ca19ecb7df2977075e24df194f38034931309e4c5ad050af0affcfeff26e8d5f227,,08/15/2025 01:20:00 PM,30,UNKNOWN,UNKNOWN,CLEAR,DAYLIGHT,SIDESWIPE SAME DIRECTION,NOT DIVIDED,,STRAIGHT AND LEVEL,UNKNOWN,UNKNOWN,NOT ON SCENE (DESK REPORT),NO INJURY / DRIVE AWAY,,,,"OVER $1,500",08/15/2025 01:40:00 PM,UNABLE TO DETERMINE,UNABLE TO DETERMINE,2274,N,LINCOLN AVE,1812,,,,,,,2,NO INDICATION OF INJURY,0,0,0,0,0,2,0,13,6,8,41.9234578173,-87.646194661,POINT (-87.646194661044 41.923457817332)
528e9d2dc35e401f1464071d447817bc1d59c0fd20a1eee584a4456eafffa68f1fdd078e8ca19ed11c006e9dff2db54eb85f3208884e6cbc25d0a1309b62ef69,,08/15/2025 01:20:00 PM,30,NO CONTROLS,NO CONTROLS,CLEAR,DAYLIGHT,TURNING,NOT DIVIDED,,STRAIGHT AND LEVEL,DRY,UNKNOWN,ON SCENE,NO INJURY / DRIVE AWAY,,,,"OVER $1,500",08/15/2025 01:20:00 PM,FAILING TO YIELD RIGHT-OF-WAY,UNABLE TO DETERMINE,2658,W,38TH ST,911,,,,,,,2,NO INDICATION OF INJURY,0,0,0,0,0,2,0,13,6,8,41.8247735772,-87.6920915814,POINT (-87.692091581369 41.824773577166)
f99f08fad962ad2e63c01620e67565f15b488a6650097ec75b394d45bb4f6349ee8a6156edcc553219a22850d74cad3696da57d868d180593af98ab00c3e6e1f,,08/15/2025 01:15:00 PM,25,TRAFFIC SIGNAL,FUNCTIONING PROPERLY,CLEAR,DAYLIGHT,TURNING,NOT DIVIDED,,STRAIGHT AND LEVEL,DRY,NO DEFECTS,NOT ON SCENE (DESK REPORT),INJURY AND / OR TOW DUE TO CRASH,Y,,,"OVER $1,500",08/15/2025 01:35:00 PM,UNABLE TO DETERMINE,UNABLE TO DETERMINE,2100,S,PULASKI RD,1012,,,,,,,2,"REPORTED, NOT EVIDENT",1,0,0,0,1,3,0,13,6,8,41.8533671384,-87.7249469885,POINT (-87.724946988508 41.853367138386)
ca1f51295fddefba6b66798b107c5a26e5281fff7ce743d88306931ba73fe039d1a53fa6c017a7f8cc13edd77a0fa7a66c93ed88a5942c5ead2d997491023367,,08/15/2025 01:09:00 PM,30,NO CONTROLS,NO CONTROLS,CLEAR,DAYLIGHT,SIDESWIPE SAME DIRECTION,DIVIDED - W/MEDIAN (NOT RAISED),,STRAIGHT AND LEVEL,UNKNOWN,UNKNOWN,NOT ON SCENE (DESK REPORT),NO INJURY / DRIVE AWAY,,,Y,"OVER $1,500",08/15/2025 01:20:00 PM,"OPERATING VEHICLE IN ERRATIC, RECKLESS, CARELESS, NEGLIGENT OR AGGRESSIVE MANNER",NOT APPLICABLE,1552,N,WELLS ST,1821,,,,,,,2,NO INDICATION OF INJURY,0,0,0,0,0,2,0,13,6,8,41.9106760909,-87.6348427366,POINT (-87.634842736593 41.910676090906)
5d23a95c634f0e53cf39d707fe56c431d8560ae1976415f15443bbdeafa073565b0721cbfb9b00e2f2af7d3ab7baf43e05c0f517d9eab95206254f8f0b9fd26c,,08/15/2025 12:55:00 PM,30,STOP SIGN/FLASHER,FUNCTIONING PROPERLY,CLEAR,DAYLIGHT,PEDESTRIAN,NOT DIVIDED,,STRAIGHT AND LEVEL,DRY,NO DEFECTS,ON SCENE,INJURY AND / OR TOW DUE TO CRASH,Y,,Y,"OVER $1,500",08/15/2025 12:58:00 PM,DISREGARDING STOP SIGN,NOT APPLICABLE,1098,N,MILWAUKEE AVE,1213,,,,,,,2,NONINCAPACITATING INJURY,1,0,0,1,0,1,0,12,6,8,41.9014659493,-87.6637683468,POINT (-87.663768346766 41.901465949308)
1c2429db77cfbc29f31a4c679e1a94ae1718cd7667ddd8955530dd9e37a7735cc87e5d0a06b5d4b360157dd1f1984fd93289616771104fc519400a900e4f4d37,,08/15/2025 12:50:00 PM,30,NO CONTROLS,NO CONTROLS,CLEAR,DAYLIGHT,PARKED MOTOR VEHICLE,DIVIDED - W/MEDIAN BARRIER,,STRAIGHT AND LEVEL,DRY,UNKNOWN,ON SCENE,INJURY AND / OR TOW DUE TO CRASH,,,,"OVER $1,500",08/15/2025 12:56:00 PM,DRIVING SKILLS/KNOWLEDGE/EXPERIENCE,DRIVING SKILLS/KNOWLEDGE/EXPERIENCE,1309,N,ASHLAND AVE,1433,,,,,,,2,NO INDICATION OF INJURY,0,0,0,0,0,2,0,12,6,8,41.9053651396,-87.6674016557,POINT (-87.667401655689 41.905365139573)
6564dfd08670622370f6d3c344f5991558eaaae5c1f8691cec1051457ca5d91e07d04a53002de401d1695fca3f43de095f527fc49d72a46dbb27eba938ebae73,,08/15/2025 12:50:00 PM,30,NO CONTROLS,NO CONTROLS,CLEAR,DAYLIGHT,PEDALCYCLIST,OTHER,,STRAIGHT AND LEVEL,DRY,NO DEFECTS,NOT ON SCENE (DESK REPORT),INJURY AND / OR TOW DUE TO CRASH,,,Y,"OVER $1,500",08/16/2025 02:37:00 PM,DISREGARDING STOP SIGN,NOT APPLICABLE,3644,S,ARCHER AVE,912,,,,,,,2,NONINCAPACITATING INJURY,1,0,0,1,0,2,0,12,6,8,41.8275838968,-87.6824544425,POINT (-87.682454442461 41.827583896764)
2c2efe58969826b5b09dadd337a632924ddde9aacc8d671bdcca2026c08f2045ced5a821a97401ed8ee6138321927f08e8ca9caa1258510128c8f70ff5709f4e,,08/15/2025 12:45:00 PM,30,NO CONTROLS,NO CONTROLS,CLEAR,DAYLIGHT,PARKED MOTOR VEHICLE,NOT DIVIDED,,STRAIGHT AND LEVEL,DRY,NO DEFECTS,ON SCENE,INJURY AND / OR TOW DUE TO CRASH,,,,"OVER $1,500",08/15/2025 12:47:00 PM,IMPROPER OVERTAKING/PASSING,NOT APPLICABLE,544,E,51ST ST,223,,,,,,,4,NO INDICATION OF INJURY,0,0,0,0,0,2,0,12,6,8,41.802262799,-87.6123670851,POINT (-87.612367085144 41.802262799044)
ba990c7895eb12931129af1e2e644d235d00954028492c9a21235ff281cb2339cebf6f6268dcc00fd3e009c1eaf66054577329dce4ecc836e342f3d7dec39c56,,08/15/2025 12:35:00 PM,30,TRAFFIC SIGNAL,FUNCTIONING PROPERLY,CLEAR,DAYLIGHT,REAR END,NOT DIVIDED,,STRAIGHT AND LEVEL,DRY,NO DEFECTS,NOT ON SCENE (DESK REPORT),NO INJURY / DRIVE AWAY,,,,"OVER $1,500",08/15/2025 02:50:00 PM,FOLLOWING TOO CLOSELY,DRIVING SKILLS/KNOWLEDGE/EXPERIENCE,9501,S,EWING AVE,432,,,,,,,3,NO INDICATION OF INJURY,0,0,0,0,0,3,0,12,6,8,41.7229196138,-87.5363529507,POINT (-87.536352950654 41.722919613791)
18daeef905b7c80731d39d592d01ebc717135493f3e8c0d11180db0f2ff1bc8169ef79d36b05ae7867376804e2a02853485b331aff487402de9920efb3354ac7,,08/15/2025 12:30:00 PM,30,TRAFFIC SIGNAL,FUNCTIONING PROPERLY,CLEAR,DAYLIGHT,TURNING,DIVIDED - W/MEDIAN (NOT RAISED),,STRAIGHT AND LEVEL,DRY,NO DEFECTS,NOT ON SCENE (DESK REPORT),NO INJURY / DRIVE AWAY,Y,,Y,"OVER $1,500",08/15/2025 01:11:00 PM,FOLLOWING TOO CLOSELY,NOT APPLICABLE,4400,N,MILWAUKEE AVE,1623,,,,,,,2,NO INDICATION OF INJURY,0,0,0,0,0,2,0,12,6,8,41.9606172297,-87.7546382401,POINT (-87.754638240071 41.960617229696)
2673cc34d71116cd05fae4b20aca4edc000aa97eeabf9d8f782d35b07a868c71fc3e2432c4b17a923cd4ecfcf38a1d8da01a14da118aa36d0c0435b6142c737d,,08/15/2025 12:30:00 PM,30,NO CONTROLS,NO CONTROLS,CLEAR,DAYLIGHT,PARKED MOTOR VEHICLE,PARKING LOT,,STRAIGHT AND LEVEL,DRY,NO DEFECTS,ON SCENE,NO INJURY / DRIVE AWAY,,,,"$501 - $1,500",08/15/2025 12:40:00 PM,IMPROPER LANE USAGE,NOT APPLICABLE,1829,W,FULLERTON AVE,1811,,,,,,,2,NO INDICATION OF INJURY,0,0,0,0,0,1,0,12,6,8,41.9249632986,-87.6741174935,POINT (-87.674117493548 41.924963298594)
3a849d9032160c5dee229df99a2fc1c3fb53bcc6ebad04d5e51115f31142df375b79b7dd2ccae4bdb750880aef232f090575f37c36262ee56b0077a27a20c3c3,,08/15/2025 12:30:00 PM,30,STOP SIGN/FLASHER,OTHER,CLEAR,DAYLIGHT,ANGLE,NOT DIVIDED,,STRAIGHT AND LEVEL,DRY,NO DEFECTS,NOT ON SCENE (DESK REPORT),NO INJURY / DRIVE AWAY,,,,"OVER $1,500",08/15/2025 01:10:00 PM,UNABLE TO DETERMINE,NOT APPLICABLE,1776,S,JEFFERSON ST,1235,,,,,,,2,NO INDICATION OF INJURY,0,0,0,0,0,2,0,12,6,8,41.8576732351,-87.64201212,POINT (-87.642012119964 41.857673235133)
95cd3d7038c3626bd109a81d873374c0e75baab9ba8c2d6b4b3417dabb1a1a2f457b69089c91f922658a30feb0bf95fd8afaef65a6ce45eeae16fe32f90dcab7,,08/15/2025 12:30:00 PM,30,NO CONTROLS,NO CONTROLS,CLEAR,DAYLIGHT,REAR END,DIVIDED - W/MEDIAN (NOT RAISED),,STRAIGHT AND LEVEL,DRY,UNKNOWN,ON SCENE,NO INJURY / DRIVE AWAY,,,,"OVER $1,500",08/15/2025 12:32:00 PM,DISTRACTION - FROM INSIDE VEHICLE,DISTRACTION - FROM INSIDE VEHICLE,2448,N,CICERO AVE,2521,,,,,,,3,NO INDICATION OF INJURY,0,0,0,0,0,4,0,12,6,8,41.9257276745,-87.7465033061,POINT (-87.7465033061 41.92572767446)
a186c4bee8efeacf3b45df1ff2a2006ef247722f470accc29fc694766f1e137ec428e94bf67600a6d62a0a110261f00eef46f9943c6b762f6bd7689558f13947,,08/15/2025 12:30:00 PM,20,NO CONTROLS,NO CONTROLS,CLEAR,DAYLIGHT,PARKED MOTOR VEHICLE,PARKING LOT,,STRAIGHT AND LEVEL,DRY,NO DEFECTS,NOT ON SCENE (DESK REPORT),NO INJURY / DRIVE AWAY,,,,"OVER $1,500",08/16/2025 09:55:00 AM,UNABLE TO DETERMINE,UNABLE TO DETERMINE,2900,W,87TH ST,835,,,,,,,2,NO INDICATION OF INJURY,0,0,0,0,0,1,0,12,6,8,41.7354282096,-87.6947814949,POINT (-87.694781494905 41.735428209584)
7bc365dc7db8158a34324f88eaff9c9905a18ff39ccea3f526975b162f2d3bcbe69828c4e8ceb4804bac1647352aacefedc49e94512f165ceef95a483a5e4a73,,08/15/2025 12:25:00 PM,30,NO CONTROLS,NO CONTROLS,CLEAR,DAYLIGHT,REAR TO SIDE,NOT DIVIDED,,STRAIGHT AND LEVEL,DRY,NO DEFECTS,ON SCENE,NO INJURY / DRIVE AWAY,,,,$500 OR LESS,08/15/2025 12:50:00 PM,FAILING TO YIELD RIGHT-OF-WAY,UNABLE TO DETERMINE,531,N,ST CLAIR ST,1834,,,,,,,2,NO INDICATION OF INJURY,0,0,0,0,0,2,0,12,6,8,41.8917976254,-87.6225206356,POINT (-87.622520635565 41.891797625432)
813e4df929e168b079a621ca1bd59eb8214ef1c6f0f0ddcb743bfc8c5260d57f5a0c0c249a66ee689c8d687f399f67212944506ed3536d835ac5af1572dfd684,,08/15/2025 12:20:00 PM,30,NO CONTROLS,NO CONTROLS,CLEAR,DAYLIGHT,PARKED MOTOR VEHICLE,ONE-WAY,,STRAIGHT AND LEVEL,DRY,NO DEFECTS,ON SCENE,NO INJURY / DRIVE AWAY,,,,"OVER $1,500",08/15/2025 12:45:00 PM,UNABLE TO DETERMINE,NOT APPLICABLE,2911,S,FARRELL ST,913,,,,,,,2,NO INDICATION OF INJURY,0,0,0,0,0,1,0,12,6,8,41.8407822542,-87.6528815498,POINT (-87.652881549757 41.84078225424)
6dcc19f67df66e107ce7bea00fb3ddae9a6769bd45961fbd80693e7f5f0f081775f162e1c9547586e78f03f2ae3ef01449ae45ba60823ef4de0d34b15316a126,,08/15/2025 12:10:00 PM,30,TRAFFIC SIGNAL,FUNCTIONING PROPERLY,CLEAR,DAYLIGHT,SIDESWIPE SAME DIRECTION,CENTER TURN LANE,,STRAIGHT AND LEVEL,DRY,NO DEFECTS,ON SCENE,NO INJURY / DRIVE AWAY,,,,"OVER $1,500",08/15/2025 12:15:00 PM,DRIVING SKILLS/KNOWLEDGE/EXPERIENCE,UNABLE TO DETERMINE,3840,S,ASHLAND AVE,912,,,,,,,2,NO INDICATION OF INJURY,0,0,0,0,0,3,0,12,6,8,41.823801437,-87.6657352244,POINT (-87.665735224433 41.823801436953)
1044a0a3644954698d8d99f3664f97ebc429071f4600b50562f2b963336fa215421562b292d26813d06eafe8fb5ff289369b342703bf5993717be7dbe1d98c20,,08/15/2025 12:08:00 PM,30,TRAFFIC SIGNAL,FUNCTIONING PROPERLY,CLEAR,DAYLIGHT,SIDESWIPE SAME DIRECTION,DIVIDED - W/MEDIAN (NOT RAISED),,STRAIGHT AND LEVEL,DRY,NO DEFECTS,NOT ON SCENE (DESK REPORT),NO INJURY / DRIVE AWAY,Y,,,"OVER $1,500",08/15/2025 01:05:00 PM,FAILING TO YIELD RIGHT-OF-WAY,NOT APPLICABLE,1601,E,87TH ST,412,,,,,,,2,NO INDICATION OF INJURY,0,0,0,0,0,3,0,12,6,8,41.7368114947,-87.58508095,POINT (-87.585080949974 41.736811494725)
19ea812cdb7192a85110695e04acae9b2bae96239bd0b3d26f5f64755befb2936ae8789246a6e46299c0ad38971485689fc6e1699cfe0b180229781dddc4d4df,,08/15/2025 12:06:00 PM,15,NO CONTROLS,NO CONTROLS,CLEAR,DAYLIGHT,PEDESTRIAN,NOT DIVIDED,,STRAIGHT AND LEVEL,DRY,NO DEFECTS,,INJURY AND / OR TOW DUE TO CRASH,,,,$500 OR LESS,08/15/2025 12:07:00 PM,UNABLE TO DETERMINE,UNABLE TO DETERMINE,9900,S,CRILLY DR,432,,,,,,,2,NONINCAPACITATING INJURY,1,0,0,1,0,1,0,12,6,8,41.7157935986,-87.5294348582,POINT (-87.529434858211 41.715793598604)
225bf7c3cb9fb4f9dcb78c15ce9770abfad50a5505d0151fac263871436fc0929e727f9d24f228060f0cc2104415abc2bffbe3a646ce0dff5ed6320f65376eb3,,08/15/2025 12:00:00 PM,30,NO CONTROLS,NO CONTROLS,CLEAR,DAYLIGHT,PEDALCYCLIST,ONE-WAY,,STRAIGHT AND LEVEL,DRY,UNKNOWN,NOT ON SCENE (DESK REPORT),INJURY AND / OR TOW DUE TO CRASH,,,Y,$500 OR LESS,08/15/2025 07:20:00 PM,UNABLE TO DETERMINE,NOT APPLICABLE,7100,S,PRAIRIE AVE,323,,,,,,,2,NONINCAPACITATING INJURY,1,0,0,1,0,1,0,12,6,8,41.7655520866,-87.6186225349,POINT (-87.618622534879 41.765552086609)
af415ed17998350088ac654ee94ac31c1ff14351dbc6acb418135d341e928a8689b4042c01ff0b9d5a67d4fcf068c78a9abd493f345880b16ab2906001fde05d,,08/15/2025 12:00:00 PM,30,UNKNOWN,UNKNOWN,CLEAR,DAYLIGHT,PARKED MOTOR VEHICLE,DIVIDED - W/MEDIAN (NOT RAISED),,STRAIGHT AND LEVEL,DRY,UNKNOWN,NOT ON SCENE (DESK REPORT),NO INJURY / DRIVE AWAY,,,,"OVER $1,500",08/15/2025 01:00:00 PM,NOT APPLICABLE,NOT APPLICABLE,218,W,GRAND AVE,1831,,,,,,,2,NO INDICATION OF INJURY,0,0,0,0,0,1,0,12,6,8,41.8916866201,-87.634909672,POINT (-87.634909671982 41.891686620148)
d2bbc87e7adb5fd990ef518db6e61553e60724b16d97155e750c4b729429e1f3745269b3b3647f134d831612a55146a7e2b09e6bd74baa36f309b2148b217fa2,,08/15/2025 12:00:00 PM,25,NO CONTROLS,NO CONTROLS,CLEAR,DAYLIGHT,ANGLE,NOT DIVIDED,,STRAIGHT AND LEVEL,DRY,NO DEFECTS,NOT ON SCENE (DESK REPORT),INJURY AND / OR TOW DUE TO CRASH,,,,"OVER $1,500",08/25/2025 07:14:00 PM,NOT APPLICABLE,NOT APPLICABLE,4443,N,SHERIDAN RD,1914,,,,,,,2,NONINCAPACITATING INJURY,1,0,0,1,0,2,0,12,6,8,41.9630080975,-87.6546130695,POINT (-87.654613069468 41.963008097498)
12f04637cd08fbd4b9036bc08fdb4e7d77abc7ef1d7f8595d57791054f3c9d1ce44e7c46cd44e366380dc7cb2d6446d6d8a8fc7a9f60211b909eea0838802e70,,08/15/2025 11:55:00 AM,30,NO CONTROLS,NO CONTROLS,CLEAR,DAYLIGHT,PARKED MOTOR VEHICLE,NOT DIVIDED,,STRAIGHT AND LEVEL,DRY,NO DEFECTS,ON SCENE,NO INJURY / DRIVE AWAY,,,,"$501 - $1,500",08/15/2025 12:04:00 PM,DRIVING SKILLS/KNOWLEDGE/EXPERIENCE,NOT APPLICABLE,2560,S,BLUE ISLAND AVE,1034,,,,,,,2,NO INDICATION OF INJURY,0,0,0,0,0,1,0,11,6,8,41.8456372728,-87.6836474264,POINT (-87.683647426393 41.845637272816)