CRASH_RECORD_ID,CRASH_DATE_EST_I,CRASH_DATE,POSTED_SPEED_LIMIT,TRAFFIC_CONTROL_DEVICE,DEVICE_CONDITION,WEATHER_CONDITION,LIGHTING_CONDITION,FIRST_CRASH_TYPE,TRAFFICWAY_TYPE,LANE_CNT,ALIGNMENT,ROADWAY_SURFACE_COND,ROAD_DEFECT,REPORT_TYPE,CRASH_TYPE,INTERSECTION_RELATED_I,NOT_RIGHT_OF_WAY_I,HIT_AND_RUN_I,DAMAGE,DATE_POLICE_NOTIFIED,PRIM_CONTRIBUTORY_CAUSE,SEC_CONTRIBUTORY_CAUSE,STREET_NO,STREET_DIRECTION,STREET_NAME,BEAT_OF_OCCURRENCE,PHOTOS_TAKEN_I,STATEMENTS_TAKEN_I,DOORING_I,WORK_ZONE_I,WORK_ZONE_TYPE,WORKERS_PRESENT_I,NUM_UNITS,MOST_SEVERE_INJURY,INJURIES_TOTAL,INJURIES_FATAL,INJURIES_INCAPACITATING,INJURIES_NON_INCAPACITATING,INJURIES_REPORTED_NOT_EVIDENT,INJURIES_NO_INDICATION,INJURIES_UNKNOWN,CRASH_HOUR,CRASH_DAY_OF_WEEK,CRASH_MONTH,LATITUDE,LONGITUDE,LOCATION
03fe637d258bcc509cf2fcaf0d270a5fb1de96a7e83e99e97cd20e34e0a748700c1b87cbf53f47a2b8a4a8d9e24d5f6ac74f33793782cd198a3092d3af84f800,,08/15/2025 11:53:00 AM,30,NO CONTROLS,NO CONTROLS,CLEAR,DAYLIGHT,TURNING,NOT DIVIDED,,STRAIGHT AND LEVEL,DRY,NO DEFECTS,ON SCENE,NO INJURY / DRIVE AWAY,,,,"OVER $1,500",08/15/2025 12:18:00 PM,UNABLE TO DETERMINE,UNABLE TO DETERMINE,6694,N,RIDGE BLVD,2412,,,,,,,2,NO INDICATION OF INJURY,0,0,0,0,0,5,0,11,6,8,42.0032815324,-87.6794396666,POINT (-87.679439666614 42.003281532411)
5afbcfe8a4a45f52f31f35f6b969d1d1af3c14e822726d02eda24f49bf73cd34876547d59f99cca1cb821b41ae687b39cb8cc83e845734f607d50b9923b95e8a,,08/15/2025 11:45:00 AM,30,NO CONTROLS,NO CONTROLS,CLEAR,DAYLIGHT,REAR TO FRONT,NOT DIVIDED,,STRAIGHT AND LEVEL,DRY,NO DEFECTS,NOT ON SCENE (DESK REPORT),NO INJURY / DRIVE AWAY,,,,$500 OR LESS,08/15/2025 02:10:00 PM,FOLLOWING TOO CLOSELY,FOLLOWING TOO CLOSELY,801,S,FINANCIAL PL,123,,,,,,,2,NO INDICATION OF INJURY,0,0,0,0,0,2,0,11,6,8,41.8721022966,-87.632797134,POINT (-87.632797133964 41.872102296637)
5d08657311b4a21c322688b896a81d86b1cc66127f72e920ec200fedb5b6c33a5e5bf31728cbff4e8e38aefb8d8fd884c64fa7c6ac3bbfe63fbb86ad97bca3ed,,08/15/2025 11:45:00 AM,30,UNKNOWN,UNKNOWN,CLEAR,DAYLIGHT,PEDALCYCLIST,DIVIDED - W/MEDIAN (NOT RAISED),,STRAIGHT AND LEVEL,DRY,UNKNOWN,NOT ON SCENE (DESK REPORT),NO INJURY / DRIVE AWAY,,,Y,$500 OR LESS,08/15/2025 01:15:00 PM,UNABLE TO DETERMINE,UNABLE TO DETERMINE,2800,N,CLARK ST,1934,,,,,,,2,NO INDICATION OF INJURY,0,0,0,0,0,2,0,11,6,8,41.9328286998,-87.645080351,POINT (-87.645080351015 41.932828699843)
7c857b8f2323ab8e4200c7a1dd5156d444ed63cd664a914a20b9050e6bfbfdd089ad7b5c40e5b3b36815bf3807b648c588ada907f1d84d94048bf5eed8a978f8,,08/15/2025 11:40:00 AM,30,STOP SIGN/FLASHER,FUNCTIONING PROPERLY,CLEAR,DAYLIGHT,ANGLE,FOUR WAY,,STRAIGHT AND LEVEL,DRY,WORN SURFACE,NOT ON SCENE (DESK REPORT),INJURY AND / OR TOW DUE TO CRASH,Y,,,"OVER $1,500",08/15/2025 11:45:00 AM,FAILING TO YIELD RIGHT-OF-WAY,UNABLE TO DETERMINE,1399,W,CONGRESS PKWY,1231,,,,Y,CONSTRUCTION,N,2,"REPORTED, NOT EVIDENT",1,0,0,0,1,2,0,11,6,8,41.8751527892,-87.6617147886,POINT (-87.661714788596 41.875152789169)
43a7166bc5750c82f5c2fbb90f4201c929264c4af273a3902dae30dd4297f4c0705773a797a812b9816d6e1addd513d429501702d67f5fd485f83111e9d4e6e0,,08/15/2025 11:35:00 AM,30,TRAFFIC SIGNAL,FUNCTIONING PROPERLY,CLEAR,DAYLIGHT,HEAD ON,NOT DIVIDED,,STRAIGHT AND LEVEL,DRY,NO DEFECTS,ON SCENE,NO INJURY / DRIVE AWAY,,,Y,"OVER $1,500",08/15/2025 11:37:00 AM,DRIVING ON WRONG SIDE/WRONG WAY,NOT APPLICABLE,7600,S,ASHLAND AVE,611,,,,,,,2,NO INDICATION OF INJURY,0,0,0,0,0,3,0,11,6,8,41.7557194408,-87.6637177842,POINT (-87.663717784195 41.755719440847)
2a02f499172b1e8bb546213dd1ec505ffd15bf6253690fba1b3999948d0518a0cb2fc2c278900a07d9763c3df7b73dff015df80dcbdae430d615fe6425c8a8de,,08/15/2025 11:27:00 AM,30,NO CONTROLS,NO CONTROLS,CLEAR,DAYLIGHT,SIDESWIPE SAME DIRECTION,ONE-WAY,,STRAIGHT AND LEVEL,DRY,NO DEFECTS,NOT ON SCENE (DESK REPORT),NO INJURY / DRIVE AWAY,,,,"OVER $1,500",08/16/2025 08:00:00 PM,IMPROPER OVERTAKING/PASSING,FAILING TO YIELD RIGHT-OF-WAY,1819,S,RUBLE ST,1235,,,,,,,2,NO INDICATION OF INJURY,0,0,0,0,0,2,0,11,6,8,41.8571107228,-87.6436198691,POINT (-87.643619869067 41.857110722807)
0cad036b50de54cd5d5d1dce7a02bcbdadfbaf48674beaecd6ab3eb37a7c0649b2658a38cdd18facfa27527ed02c11f06133cdcd18c4facdc114e4e6ca7a5197,,08/15/2025 11:20:00 AM,25,NO CONTROLS,NO CONTROLS,CLEAR,DAYLIGHT,PARKED MOTOR VEHICLE,ONE-WAY,,STRAIGHT AND LEVEL,DRY,NO DEFECTS,NOT ON SCENE (DESK REPORT),NO INJURY / DRIVE AWAY,,,,"OVER $1,500",08/15/2025 12:15:00 PM,UNABLE TO DETERMINE,NOT APPLICABLE,5611,N,WINTHROP AVE,2022,,,,,,,2,NO INDICATION OF INJURY,0,0,0,0,0,1,0,11,6,8,41.9840366135,-87.6578705964,POINT (-87.657870596357 41.984036613544)
386bba0d4450a71c61636889d618af42e38f88dadc1e4930c08549dcec7b489ed69479cb0327a62a5b0d11a8197b0ef4e674c043fe5632c6a9ceddda9693f62b,,08/15/2025 11:20:00 AM,30,NO CONTROLS,NO CONTROLS,CLEAR,DAYLIGHT,SIDESWIPE SAME DIRECTION,ONE-WAY,,STRAIGHT AND LEVEL,DRY,NO DEFECTS,ON SCENE,NO INJURY / DRIVE AWAY,,,,"OVER $1,500",08/15/2025 11:24:00 AM,FAILING TO YIELD RIGHT-OF-WAY,UNABLE TO DETERMINE,2022,W,CHARLESTON ST,1432,,,,,,,3,NO INDICATION OF INJURY,0,0,0,0,0,2,0,11,6,8,41.9201340113,-87.6786457059,POINT (-87.678645705861 41.920134011345)
d3a438514a1d8063cf14ff8e1b82be2e10362878ebd22595daca2f7eda97fa24e4c24d8540dcf33085bce311b702855ae8e05cdc76bede05d9aaa236da38b493,,08/15/2025 11:20:00 AM,30,NO CONTROLS,NO CONTROLS,CLEAR,DAYLIGHT,TURNING,NOT DIVIDED,,STRAIGHT AND LEVEL,DRY,NO DEFECTS,NOT ON SCENE (DESK REPORT),INJURY AND / OR TOW DUE TO CRASH,,,,"$501 - $1,500",08/15/2025 11:26:00 AM,UNABLE TO DETERMINE,NOT APPLICABLE,3735,W,NORTH AVE,2535,,,,,,,2,NO INDICATION OF INJURY,0,0,0,0,0,2,0,11,6,8,41.9098298762,-87.7205720316,POINT (-87.720572031576 41.909829876218)
539e3038831020432181b19f77ac7c836bc1b531fa3192b69c8db7683c2248db896cb9861f8b0b579e32b15181c3486f96e0bd86eebaf983bd7d712266205be6,,08/15/2025 11:15:00 AM,30,TRAFFIC SIGNAL,FUNCTIONING PROPERLY,UNKNOWN,DAYLIGHT,REAR END,NOT DIVIDED,,STRAIGHT AND LEVEL,UNKNOWN,UNKNOWN,NOT ON SCENE (DESK REPORT),NO INJURY / DRIVE AWAY,,,Y,"$501 - $1,500",08/15/2025 11:48:00 AM,UNABLE TO DETERMINE,NOT APPLICABLE,5017,S,PULASKI RD,821,,,,,,,2,NO INDICATION OF INJURY,0,0,0,0,0,3,0,11,6,8,41.8017911067,-87.7232612058,POINT (-87.723261205831 41.801791106731)
43563f443114e8a3489fe642a04a2520411067d4c7c10688b0f6b7440df09086a7603013456482f68fc125649c28065c989d312b97db4314241a9c158edbc10b,,08/15/2025 11:12:00 AM,20,TRAFFIC SIGNAL,FUNCTIONING PROPERLY,CLEAR,DAYLIGHT,PARKED MOTOR VEHICLE,ONE-WAY,,STRAIGHT AND LEVEL,DRY,NO DEFECTS,NOT ON SCENE (DESK REPORT),NO INJURY / DRIVE AWAY,,,,"OVER $1,500",08/15/2025 03:37:00 PM,UNABLE TO DETERMINE,NOT APPLICABLE,1618,W,BLACKHAWK ST,1433,,,,,,,2,NO INDICATION OF INJURY,0,0,0,0,0,1,0,11,6,8,41.9071266641,-87.6683566683,POINT (-87.668356668301 41.907126664108)
1d802bb9067584016fde82186716a0b5acc57d4713bd30624f7b991fb729315a65ca662113e372b3386c2b29626ea3a7cf31ab4b951b9baff6de1c984f2e453d,,08/15/2025 11:00:00 AM,30,NO CONTROLS,NO CONTROLS,CLEAR,DAYLIGHT,SIDESWIPE SAME DIRECTION,DIVIDED - W/MEDIAN (NOT RAISED),,STRAIGHT AND LEVEL,DRY,NO DEFECTS,NOT ON SCENE (DESK REPORT),NO INJURY / DRIVE AWAY,,,,"OVER $1,500",08/15/2025 11:30:00 AM,FAILING TO YIELD RIGHT-OF-WAY,FAILING TO YIELD RIGHT-OF-WAY,5425,S,MARYLAND AVE,233,,,,,,,2,NO INDICATION OF INJURY,0,0,0,0,0,2,0,11,6,8,41.7964376319,-87.6049066543,POINT (-87.60490665426 41.796437631914)
ac94654b434b2d1e3932dd5e628f6191d5054c2f4b95ebaac8776684d3c858f8d7c15b82e80f8b5b14d86e1ca43a11f390b7cf830735f6cbcc07e6a082d45ad3,,08/15/2025 11:00:00 AM,30,NO CONTROLS,NO CONTROLS,UNKNOWN,UNKNOWN,PARKED MOTOR VEHICLE,PARKING LOT,,STRAIGHT AND LEVEL,UNKNOWN,UNKNOWN,NOT ON SCENE (DESK REPORT),NO INJURY / DRIVE AWAY,,,,$500 OR LESS,08/25/2025 01:00:00 PM,IMPROPER BACKING,IMPROPER BACKING,5701,S,WOOD ST,715,,,,,,,2,NO INDICATION OF INJURY,0,0,0,0,0,1,0,11,6,8,41.7902434179,-87.6691958081,POINT (-87.669195808107 41.79024341787)
c4d25a682bc23be3ab4a6adb937880a4fb882fb3429651d70bcc9f530b0d54509bd94968bd2e6f95aae132d540de44f047b2b953947b0d9ca936c509a4ba2585,,08/15/2025 11:00:00 AM,30,TRAFFIC SIGNAL,FUNCTIONING PROPERLY,CLEAR,DAYLIGHT,SIDESWIPE SAME DIRECTION,NOT DIVIDED,,STRAIGHT AND LEVEL,DRY,NO DEFECTS,ON SCENE,NO INJURY / DRIVE AWAY,,,,"OVER $1,500",08/15/2025 11:25:00 AM,UNABLE TO DETERMINE,UNABLE TO DETERMINE,1945,N,WESTERN AVE,1434,,,,,,,2,NO INDICATION OF INJURY,0,0,0,0,0,2,0,11,6,8,41.9168454725,-87.6872426718,POINT (-87.68724267177 41.91684547251)
8444e842c8c721464581af75111ff72905d7e19b5107722abe7b4f4997838ce41437e3fe35c3d64cf818ad4f09129380b5e4d74f3fa35eb5c700ee3fe5fe96cb,,08/15/2025 10:50:00 AM,30,NO CONTROLS,NO CONTROLS,CLEAR,DAYLIGHT,PARKED MOTOR VEHICLE,NOT DIVIDED,,STRAIGHT AND LEVEL,DRY,NO DEFECTS,NOT ON SCENE (DESK REPORT),NO INJURY / DRIVE AWAY,,,,"OVER $1,500",08/15/2025 11:30:00 AM,UNABLE TO DETERMINE,NOT APPLICABLE,3941,N,PINE GROVE AVE,1925,,,,,,,2,NO INDICATION OF INJURY,0,0,0,0,0,1,0,10,6,8,41.9540593264,-87.6477755167,POINT (-87.64777551673 41.954059326415)
43f881299d475032aba30d7ae116c82798134b23a4578fbe71c639813ae9240ac3f99da74e0e5c063b22ba84192d8b21797f2a776014c9637aa937b0d8494be0,,08/15/2025 10:45:00 AM,30,UNKNOWN,UNKNOWN,UNKNOWN,DAYLIGHT,REAR END,NOT DIVIDED,,STRAIGHT AND LEVEL,UNKNOWN,UNKNOWN,NOT ON SCENE (DESK REPORT),NO INJURY / DRIVE AWAY,,,,"$501 - $1,500",08/17/2025 02:19:00 PM,UNABLE TO DETERMINE,UNABLE TO DETERMINE,2752,W,MARQUETTE RD,831,Y,,,,,,2,NO INDICATION OF INJURY,0,0,0,0,0,2,0,10,6,8,41.7719368041,-87.6929650022,POINT (-87.692965002207 41.771936804077)
50859ba08d7dbf01909f8b96ceafbe15e95802ca7870ca3a47ef47e687a0170968ddb9f667e5d249b2ca854d29e75b05a4caa14bb6342a6b026ca54e51a2e88c,,08/15/2025 10:45:00 AM,30,TRAFFIC SIGNAL,FUNCTIONING PROPERLY,CLEAR,DAYLIGHT,REAR END,NOT DIVIDED,,STRAIGHT AND LEVEL,DRY,NO DEFECTS,NOT ON SCENE (DESK REPORT),NO INJURY / DRIVE AWAY,,,,"OVER $1,500",08/15/2025 11:25:00 AM,FOLLOWING TOO CLOSELY,UNABLE TO DETERMINE,6307,S,HARLEM AVE,812,,,,,,,2,NO INDICATION OF INJURY,0,0,0,0,0,2,0,10,6,8,41.7771114218,-87.8007378344,POINT (-87.800737834397 41.77711142182)
7df28e4730bebe7c57882134a9769b1fa6beaad8cd7b8d6291dbfa328ceec575cebb6f6c553609d4d53fe781ad1732fd5f19c67e4a6a3497ab9cdea482b8af79,,08/15/2025 10:45:00 AM,30,STOP SIGN/FLASHER,FUNCTIONING PROPERLY,CLEAR,DAYLIGHT,TURNING,FOUR WAY,,STRAIGHT AND LEVEL,DRY,NO DEFECTS,NOT ON SCENE (DESK REPORT),NO INJURY / DRIVE AWAY,Y,,,"OVER $1,500",08/15/2025 12:00:00 PM,FAILING TO YIELD RIGHT-OF-WAY,UNABLE TO DETERMINE,6732,W,BARRY AVE,2511,,,,,,,2,NO INDICATION OF INJURY,0,0,0,0,0,2,0,10,6,8,41.9364729275,-87.7945606745,POINT (-87.794560674504 41.936472927471)
b74d029babfe178d7ac0b16cd11b8c9842cfc28de351726e47706cbe46448526665ad2ee895d698bc03d3c18bf3c2eb23385ad0903e48c4dd2a50dd1fde44b24,,08/15/2025 10:45:00 AM,10,NO CONTROLS,NO CONTROLS,CLEAR,DAYLIGHT,PARKED MOTOR VEHICLE,PARKING LOT,,STRAIGHT AND LEVEL,UNKNOWN,UNKNOWN,NOT ON SCENE (DESK REPORT),NO INJURY / DRIVE AWAY,,Y,Y,"OVER $1,500",08/15/2025 05:40:00 PM,FAILING TO REDUCE SPEED TO AVOID CRASH,UNABLE TO DETERMINE,1905,N,CLYBOURN AVE,1811,,,,,,,2,NO INDICATION OF INJURY,0,0,0,0,0,1,0,10,6,8,41.9157091897,-87.6559882426,POINT (-87.655988242623 41.915709189652)
42bfba8c3d45267a76a1abe2ab80067d692650a488b5b56c5be23db6b2f65072e6348cb3d1c2ee24d2c24636e3ada2945d2b6b8b76e96ae5a1296ee1fcc37156,,08/15/2025 10:40:00 AM,30,NO CONTROLS,NO CONTROLS,CLEAR,DAYLIGHT,PARKED MOTOR VEHICLE,NOT DIVIDED,,STRAIGHT AND LEVEL,DRY,NO DEFECTS,NOT ON SCENE (DESK REPORT),NO INJURY / DRIVE AWAY,,,N,"OVER $1,500",08/15/2025 12:10:00 PM,FOLLOWING TOO CLOSELY,UNABLE TO DETERMINE,3235,N,WESTERN AVE,1921,,,,,,,2,NO INDICATION OF INJURY,0,0,0,0,0,3,0,10,6,8,41.9404769072,-87.6877953102,POINT (-87.687795310239 41.940476907198)
776d109db7cd0a21871e9ac272ddb787acf305ed5137f76b7850439e375352767c8a5fe70844ac9403d0c8bcd2f3ad34838b29d82269eb769d19559fea8eb970,,08/15/2025 10:38:00 AM,30,NO CONTROLS,NO CONTROLS,CLEAR,DAYLIGHT,ANGLE,NOT DIVIDED,,STRAIGHT AND LEVEL,DRY,NO DEFECTS,ON SCENE,NO INJURY / DRIVE AWAY,,,Y,"OVER $1,500",08/15/2025 10:40:00 AM,UNABLE TO DETERMINE,UNABLE TO DETERMINE,1950,E,87TH ST,412,,,,,,,2,NO INDICATION OF INJURY,0,0,0,0,0,2,0,10,6,8,41.7371601116,-87.5761180795,POINT (-87.57611807945 41.737160111624)
d1ce1891e1aea945756977c85ab504d893f474c9ad14ab68f029bb4d4e5dc7118cee2c8a73a8c817cb14bd50ea0bda41bf545f3e5190ea1574aa40a9607830d3,,08/15/2025 10:30:00 AM,30,NO CONTROLS,NO CONTROLS,CLEAR,DAYLIGHT,PEDALCYCLIST,FOUR WAY,,STRAIGHT AND LEVEL,DRY,NO DEFECTS,NOT ON SCENE (DESK REPORT),NO INJURY / DRIVE AWAY,Y,,,"OVER $1,500",08/15/2025 01:46:00 PM,FAILING TO YIELD RIGHT-OF-WAY,NOT APPLICABLE,4000,W,DICKENS AVE,2525,,,,,,,2,NO INDICATION OF INJURY,0,0,0,0,0,2,0,10,6,8,41.9191027583,-87.7266781466,POINT (-87.726678146627 41.919102758259)
911e9b9c2a217d6cca5e332bf94f3043eeb2110f01eebc27356620743d09a545a4568b3c8d18614c3a0aa61e7289c06db0bf4a18a3e6c9bd8519b253d890bdc2,,08/15/2025 10:28:00 AM,30,NO CONTROLS,NO CONTROLS,CLEAR,DAYLIGHT,PARKED MOTOR VEHICLE,NOT DIVIDED,,STRAIGHT AND LEVEL,DRY,NO DEFECTS,NOT ON SCENE (DESK REPORT),NO INJURY / DRIVE AWAY,,,,"OVER $1,500",08/18/2025 10:45:00 AM,UNABLE TO DETERMINE,UNABLE TO DETERMINE,2751,W,MARQUETTE RD,831,,,,,,,2,NO INDICATION OF INJURY,0,0,0,0,0,1,0,10,6,8,41.7717186978,-87.6928676024,POINT (-87.692867602387 41.771718697828)
38041f9f89bbb930d971d724a8c6b6363a4ecfcb84dd1e5f2e9c24886a9c8818d73d6bb2e30837b2a7677a1d18c84ff1a750734aa871ae66059a2411ddb884f5,,08/15/2025 10:20:00 AM,30,NO CONTROLS,UNKNOWN,CLEAR,DAYLIGHT,SIDESWIPE SAME DIRECTION,DIVIDED - W/MEDIAN (NOT RAISED),,STRAIGHT AND LEVEL,UNKNOWN,UNKNOWN,NOT ON SCENE (DESK REPORT),NO INJURY / DRIVE AWAY,,,,$500 OR LESS,08/15/2025 11:25:00 AM,UNABLE TO DETERMINE,UNABLE TO DETERMINE,10800,S,HALSTED ST,2233,,,,,,,2,NO INDICATION OF INJURY,0,0,0,0,0,2,0,10,6,8,41.6977227488,-87.6426940942,POINT (-87.642694094205 41.697722748775)
e4186f769d56e9b0748b5a386c51aff87b1755549b45e17ce3d028b163c7ee70263c19329d3267d349112731271afe64cc6f9c7936bc1962d46204b8449e60e7,,08/15/2025 10:20:00 AM,30,TRAFFIC SIGNAL,FUNCTIONING PROPERLY,CLEAR,DAYLIGHT,SIDESWIPE SAME DIRECTION,DIVIDED - W/MEDIAN (NOT RAISED),,STRAIGHT AND LEVEL,DRY,NO DEFECTS,ON SCENE,NO INJURY / DRIVE AWAY,,,,$500 OR LESS,08/15/2025 10:30:00 AM,FAILING TO YIELD RIGHT-OF-WAY,NOT APPLICABLE,3420,N,CICERO AVE,1634,,,,,,,2,NO INDICATION OF INJURY,0,0,0,0,0,2,0,10,6,8,41.9431057225,-87.7471278359,POINT (-87.747127835919 41.943105722473)
cc3dffa6e84826ca44581255313df6436d21cfe7e82028d8214ed027150f3f9a6a4e98de428aae9e220902b78f5eb2bdc839a43086212b27a7b8e10abe61616b,,08/15/2025 10:18:00 AM,30,UNKNOWN,UNKNOWN,CLEAR,DAYLIGHT,SIDESWIPE SAME DIRECTION,NOT DIVIDED,,STRAIGHT AND LEVEL,UNKNOWN,UNKNOWN,NOT ON SCENE (DESK REPORT),NO INJURY / DRIVE AWAY,,Y,,"OVER $1,500",08/15/2025 04:10:00 PM,UNABLE TO DETERMINE,UNABLE TO DETERMINE,600,E,GRAND AVE,1834,,,,,,,2,NO INDICATION OF INJURY,0,0,0,0,0,2,0,10,6,8,41.8920941369,-87.6115698839,POINT (-87.611569883947 41.892094136862)
4ede61e7152787551d400b99f4c37b7048ccca9c7414f516166e14dabf5fe302dad1e66e054da6235131fc1993bf18a005a4a74e0a8239e6062693cbeb1bc197,,08/15/2025 10:10:00 AM,30,NO CONTROLS,NO CONTROLS,CLEAR,DAYLIGHT,TURNING,NOT DIVIDED,,STRAIGHT AND LEVEL,DRY,NO DEFECTS,NOT ON SCENE (DESK REPORT),NO INJURY / DRIVE AWAY,Y,,,"OVER $1,500",08/15/2025 11:15:00 AM,FOLLOWING TOO CLOSELY,DRIVING SKILLS/KNOWLEDGE/EXPERIENCE,10658,S,HALSTED ST,2233,,,,,,,2,NO INDICATION OF INJURY,0,0,0,0,0,2,0,10,6,8,41.6997295158,-87.642757014,POINT (-87.642757014002 41.699729515808)
735c7f99f021f9ff62e5a60ce8c1626e03f15b7b43e9a0ac25d904129a8693133d8c2d0cedb5e35dcf9fbd0e18f924326fe933253b2be4bd99b3e2e2c7b80b84,,08/15/2025 10:07:00 AM,30,NO CONTROLS,NO CONTROLS,CLEAR,DAYLIGHT,REAR END,NOT DIVIDED,,STRAIGHT AND LEVEL,DRY,NO DEFECTS,NOT ON SCENE (DESK REPORT),NO INJURY / DRIVE AWAY,Y,,,"$501 - $1,500",08/15/2025 10:50:00 AM,UNABLE TO DETERMINE,NOT APPLICABLE,4609,S,ASHLAND AVE,924,,,,,,,2,NO INDICATION OF INJURY,0,0,0,0,0,2,0,10,6,8,41.8101381525,-87.664867266,POINT (-87.664867266043 41.810138152519)
6d1bc8091d333d0772dc9a58fbf883a1a451f77f4b547feff8605be48db86e1163747950f627b71cc90e3b099874651d5d5085ab96819698d5300a3574dfd401,,08/15/2025 10:00:00 AM,30,TRAFFIC SIGNAL,FUNCTIONING PROPERLY,CLEAR,DAYLIGHT,REAR END,NOT DIVIDED,,STRAIGHT AND LEVEL,DRY,NO DEFECTS,NOT ON SCENE (DESK REPORT),NO INJURY / DRIVE AWAY,,,,$500 OR LESS,08/15/2025 12:25:00 PM,FOLLOWING TOO CLOSELY,UNABLE TO DETERMINE,2800,W,87TH ST,835,,,,,,,2,NO INDICATION OF INJURY,0,0,0,0,0,2,0,10,6,8,41.7354684591,-87.6923707356,POINT (-87.692370735592 41.735468459066)
c9adc8434230050749120c3b9173ad7d4fb266a24d459a79879e05dd76dadeb3fd38e0c1fba5d9933b9aa5e6c39b5a60f43b91186f9bdd1e03855bb01ca9fd29,,08/15/2025 10:00:00 AM,30,NO CONTROLS,NO CONTROLS,CLEAR,DAYLIGHT,PARKED MOTOR VEHICLE,NOT DIVIDED,,STRAIGHT AND LEVEL,DRY,NO DEFECTS,NOT ON SCENE (DESK REPORT),NO INJURY / DRIVE AWAY,,,Y,"OVER $1,500",08/15/2025 02:00:00 PM,FAILING TO YIELD RIGHT-OF-WAY,FAILING TO YIELD RIGHT-OF-WAY,1056,W,ARTHINGTON ST,1232,,,,,,,2,NO INDICATION OF INJURY,0,0,0,0,0,1,0,10,6,8,41.8708100664,-87.6532932649,POINT (-87.653293264852 41.8708100664)
0d3e684341d1a50aae19d620c160e1d695701695978f4f13dc00fe5b0a83dd977e975cade8c24a7766b7cb657562fc8562cd945093c33ea2c0acc8df6b5cebbb,,08/15/2025 09:51:00 AM,25,NO CONTROLS,NO CONTROLS,CLEAR,DAYLIGHT,PEDALCYCLIST,NOT DIVIDED,,STRAIGHT AND LEVEL,DRY,NO DEFECTS,ON SCENE,NO INJURY / DRIVE AWAY,,,,"OVER $1,500",08/15/2025 09:53:00 AM,FAILING TO YIELD RIGHT-OF-WAY,FAILING TO YIELD RIGHT-OF-WAY,1056,W,FOSTER AVE,2023,,,Y,,,,2,NO INDICATION OF INJURY,0,0,0,0,0,2,0,9,6,8,41.9764712068,-87.657276812,POINT (-87.657276811991 41.976471206843)
8942c5c0127d0bbc49ca9e0cb376a9c489a2c93c5599cca9861bada09d7c1eeeb11d351942f335f17f1b29063431bdfbc93f1e6bc64039aed9edf5846a43232b,,08/15/2025 09:50:00 AM,30,NO CONTROLS,NO CONTROLS,CLEAR,DAYLIGHT,PARKED MOTOR VEHICLE,PARKING LOT,,STRAIGHT AND LEVEL,DRY,NO DEFECTS,ON SCENE,NO INJURY / DRIVE AWAY,,,,"OVER $1,500",08/15/2025 09:52:00 AM,UNABLE TO DETERMINE,UNABLE TO DETERMINE,1255,W,NORTH AVE,1433,,,,,,,2,NO INDICATION OF INJURY,0,0,0,0,0,1,0,9,6,8,41.9106553277,-87.6590174223,POINT (-87.659017422338 41.91065532766)
6a131a72c62aafdf3738c7aaf2852a5d14e8f5356ba6d1d094941960e282edb141d3d679e0988e21eafcc66a04ee684a3d68b582f713d6a7e00814c13ed636ab,,08/15/2025 09:40:00 AM,30,TRAFFIC SIGNAL,FUNCTIONING PROPERLY,CLEAR,DAYLIGHT,TURNING,NOT DIVIDED,,STRAIGHT AND LEVEL,DRY,NO DEFECTS,NOT ON SCENE (DESK REPORT),NO INJURY / DRIVE AWAY,,,Y,"OVER $1,500",08/15/2025 11:05:00 AM,UNABLE TO DETERMINE,NOT APPLICABLE,100,N,MICHIGAN AVE,111,,,,,,,2,NO INDICATION OF INJURY,0,0,0,0,0,2,0,9,6,8,41.8832891514,-87.6245493964,POINT (-87.624549396399 41.883289151389)
53bb2086e91d7a15f0b7a967833fa049b767ddccd82637189253617ad5e4abe0c3c16e90a50ba653cc9d5f1fb2dd19b2ed1adf323d8de6a66579edb689021d36,,08/15/2025 09:35:00 AM,30,NO CONTROLS,NO CONTROLS,CLEAR,DAYLIGHT,ANGLE,NOT DIVIDED,,STRAIGHT AND LEVEL,DRY,NO DEFECTS,ON SCENE,NO INJURY / DRIVE AWAY,,,,"OVER $1,500",08/15/2025 09:36:00 AM,FAILING TO YIELD RIGHT-OF-WAY,NOT APPLICABLE,2415,W,DIVERSEY AVE,1411,,,,,,,2,NO INDICATION OF INJURY,0,0,0,0,0,2,0,9,6,8,41.9320523575,-87.688544543,POINT (-87.688544543026 41.932052357464)
9152db78a15406bb746c805b37128096b1df9c1c3417efdc7c23cf339d2b62a0c6363483ba048baa0f46887d031ada652ea76642cacc9ec1d52764712a3b6615,,08/15/2025 09:30:00 AM,30,TRAFFIC SIGNAL,FUNCTIONING PROPERLY,CLEAR,DAYLIGHT,TURNING,FOUR WAY,,STRAIGHT AND LEVEL,DRY,NO DEFECTS,NOT ON SCENE (DESK REPORT),NO INJURY / DRIVE AWAY,Y,,,"OVER $1,500",08/15/2025 10:30:00 AM,UNABLE TO DETERMINE,NOT APPLICABLE,6510,N,SHERIDAN RD,2432,,,,,,,2,NO INDICATION OF INJURY,0,0,0,0,0,2,0,9,6,8,42.0004434961,-87.6608593509,POINT (-87.660859350903 42.000443496129)