CRASH_RECORD_ID,CRASH_DATE_EST_I,CRASH_DATE,POSTED_SPEED_LIMIT,TRAFFIC_CONTROL_DEVICE,DEVICE_CONDITION,WEATHER_CONDITION,LIGHTING_CONDITION,FIRST_CRASH_TYPE,TRAFFICWAY_TYPE,LANE_CNT,ALIGNMENT,ROADWAY_SURFACE_COND,ROAD_DEFECT,REPORT_TYPE,CRASH_TYPE,INTERSECTION_RELATED_I,NOT_RIGHT_OF_WAY_I,HIT_AND_RUN_I,DAMAGE,DATE_POLICE_NOTIFIED,PRIM_CONTRIBUTORY_CAUSE,SEC_CONTRIBUTORY_CAUSE,STREET_NO,STREET_DIRECTION,STREET_NAME,BEAT_OF_OCCURRENCE,PHOTOS_TAKEN_I,STATEMENTS_TAKEN_I,DOORING_I,WORK_ZONE_I,WORK_ZONE_TYPE,WORKERS_PRESENT_I,NUM_UNITS,MOST_SEVERE_INJURY,INJURIES_TOTAL,INJURIES_FATAL,INJURIES_INCAPACITATING,INJURIES_NON_INCAPACITATING,INJURIES_REPORTED_NOT_EVIDENT,INJURIES_NO_INDICATION,INJURIES_UNKNOWN,CRASH_HOUR,CRASH_DAY_OF_WEEK,CRASH_MONTH,LATITUDE,LONGITUDE,LOCATION
fecb2fc3b74b78d6676f7e9d4cfb2aecb983a15b791aed42ac98fd970f7d392908a3eac38584bfdbbe04fd2350c27125a0bd3c963ccb381ef30b66ed499f5ef3,,08/15/2025 09:25:00 AM,30,NO CONTROLS,NO CONTROLS,CLEAR,DAYLIGHT,SIDESWIPE SAME DIRECTION,DIVIDED - W/MEDIAN BARRIER,,STRAIGHT AND LEVEL,DRY,NO DEFECTS,NOT ON SCENE (DESK REPORT),NO INJURY / DRIVE AWAY,,,Y,$500 OR LESS,08/15/2025 01:00:00 PM,NOT APPLICABLE,UNABLE TO DETERMINE,4620,N,CUMBERLAND AVE,1614,,,,,,,2,NO INDICATION OF INJURY,0,0,0,0,0,2,0,9,6,8,41.9636764988,-87.8368392071,POINT (-87.836839207103 41.963676498798)
1f1f4d4bcd1cd16926b652d3cdbea42499c9320f41874c5aeb2181e55d449daea26d9ea5e5e8290618c274119dd8906ca4b038df3fc7362c67929edf11ad1a64,,08/15/2025 09:15:00 AM,25,UNKNOWN,UNKNOWN,CLEAR,DAYLIGHT,REAR END,DIVIDED - W/MEDIAN (NOT RAISED),,STRAIGHT AND LEVEL,DRY,NO DEFECTS,NOT ON SCENE (DESK REPORT),NO INJURY / DRIVE AWAY,,,Y,"OVER $1,500",08/15/2025 09:40:00 AM,UNABLE TO DETERMINE,UNABLE TO DETERMINE,4198,W,WRIGHTWOOD AVE,2524,,,,,,,2,NO INDICATION OF INJURY,0,0,0,0,0,2,0,9,6,8,41.9281635161,-87.7316698727,POINT (-87.731669872726 41.928163516075)
c78427dda37adc1a52fbfecc20ad6fe46f28f546c2afca2557caa8d5d73e353d734b8c760fc58b4e8820ac48b03a10ee9ed59895eceae4409880e7d174884fe0,,08/15/2025 09:14:00 AM,30,NO CONTROLS,NO CONTROLS,CLEAR,DAYLIGHT,ANGLE,NOT DIVIDED,,STRAIGHT AND LEVEL,DRY,NO DEFECTS,NOT ON SCENE (DESK REPORT),NO INJURY / DRIVE AWAY,,,,"OVER $1,500",08/15/2025 09:45:00 AM,UNABLE TO DETERMINE,NOT APPLICABLE,3416,N,RACINE AVE,1924,,,,,,,2,NO INDICATION OF INJURY,0,0,0,0,0,2,0,9,6,8,41.9440415045,-87.6592340076,POINT (-87.659234007603 41.944041504485)
a5b7aa5bcbf7e2dacbd79316f4ade71e9508d99885ce6e05965ae2f646c2711cd69ddd1d0e43e34b0068841f8837a967cff4f61083cf831885630fcc2e38bcd2,N,08/15/2025 09:12:00 AM,25,TRAFFIC SIGNAL,FUNCTIONING PROPERLY,CLEAR,DAYLIGHT,PEDALCYCLIST,DIVIDED - W/MEDIAN BARRIER,,STRAIGHT AND LEVEL,DRY,NO DEFECTS,ON SCENE,INJURY AND / OR TOW DUE TO CRASH,Y,,Y,"$501 - $1,500",08/15/2025 09:12:00 AM,DISREGARDING TRAFFIC SIGNALS,FAILING TO REDUCE SPEED TO AVOID CRASH,5000,W,MADISON ST,1533,Y,Y,,,,,2,INCAPACITATING INJURY,1,0,1,0,0,1,0,9,6,8,41.8805428541,-87.7502982261,POINT (-87.750298226061 41.880542854064)
05cc50e454b297b1b139f8d18f0983b19bcee702fa7505dd47b2eb6a85c06e246420bec1daa362e3be87ab5f10e3d69055fa5aa46149d2e8cabe5f7d5e15bab7,,08/15/2025 09:00:00 AM,30,TRAFFIC SIGNAL,FUNCTIONING PROPERLY,CLEAR,DAYLIGHT,PEDESTRIAN,NOT DIVIDED,,STRAIGHT AND LEVEL,DRY,NO DEFECTS,NOT ON SCENE (DESK REPORT),INJURY AND / OR TOW DUE TO CRASH,,,,$500 OR LESS,08/15/2025 04:45:00 PM,FAILING TO YIELD RIGHT-OF-WAY,FAILING TO YIELD RIGHT-OF-WAY,2458,S,CALIFORNIA AVE,1033,,,,,,,2,"REPORTED, NOT EVIDENT",1,0,0,0,1,1,0,9,6,8,41.8465164286,-87.6954234594,POINT (-87.695423459386 41.846516428599)
41ec119f28747b5d5a2dd251488b6802c9a5fa318db1ed1290d1eaead5c97fd1a58741b144572ee4e60bf9a72330be45c65a289dadef558c33183efba2fe6def,,08/15/2025 09:00:00 AM,35,NO CONTROLS,NO CONTROLS,CLEAR,DAYLIGHT,REAR END,NOT DIVIDED,,STRAIGHT AND LEVEL,DRY,NO DEFECTS,ON SCENE,NO INJURY / DRIVE AWAY,,,,"$501 - $1,500",08/15/2025 09:00:00 AM,FOLLOWING TOO CLOSELY,NOT APPLICABLE,5701,W,DIVERSEY AVE,2514,,Y,,,,,2,NO INDICATION OF INJURY,0,0,0,0,0,2,0,9,6,8,41.9311333913,-87.7687335914,POINT (-87.768733591449 41.931133391281)
4d3094d95555139796d12d8307d042b9159f6c66de19d2505727e6c07609b2878f92dc81cdbf9bbe46400665848fa4100ad04e71fbab7689693db412fa941a72,,08/15/2025 09:00:00 AM,30,NO CONTROLS,NO CONTROLS,CLEAR,DAYLIGHT,PARKED MOTOR VEHICLE,NOT DIVIDED,,STRAIGHT AND LEVEL,DRY,NO DEFECTS,NOT ON SCENE (DESK REPORT),NO INJURY / DRIVE AWAY,,,Y,"OVER $1,500",08/21/2025 11:00:00 AM,FAILING TO REDUCE SPEED TO AVOID CRASH,UNABLE TO DETERMINE,2853,N,MULLIGAN AVE,2511,,,,,,,2,NO INDICATION OF INJURY,0,0,0,0,0,1,0,9,6,8,41.9325887182,-87.7843788637,POINT (-87.784378863651 41.932588718236)
58f509051b4ee538b7529e420054645e64cfa0ad9df57450023e9c3bdc714de387f8c19576c97a47971489797068822a1200a1fce702d0448c3f8884d1c79fc5,,08/15/2025 09:00:00 AM,30,NO CONTROLS,NO CONTROLS,CLEAR,UNKNOWN,PARKED MOTOR VEHICLE,NOT DIVIDED,,STRAIGHT AND LEVEL,DRY,NO DEFECTS,NOT ON SCENE (DESK REPORT),NO INJURY / DRIVE AWAY,,,Y,"OVER $1,500",08/16/2025 05:30:00 AM,UNABLE TO DETERMINE,UNABLE TO DETERMINE,3610,W,58TH PL,822,,,,,,,2,NO INDICATION OF INJURY,0,0,0,0,0,1,0,9,6,8,41.7870997885,-87.7138992138,POINT (-87.713899213819 41.787099788462)
bc05d60b97dac40e20ee062e8e74bf052a170e25c89cad2cda7ba9abed6b332fa892d3c1bc8119b27aff877f0442ff2d28f0ae1f71a74b79df2e2858f925d5b0,,08/15/2025 09:00:00 AM,30,UNKNOWN,UNKNOWN,CLEAR,DAYLIGHT,SIDESWIPE SAME DIRECTION,FOUR WAY,,STRAIGHT AND LEVEL,UNKNOWN,UNKNOWN,NOT ON SCENE (DESK REPORT),NO INJURY / DRIVE AWAY,,,,"OVER $1,500",08/15/2025 09:00:00 AM,UNABLE TO DETERMINE,UNABLE TO DETERMINE,298,S,HOMAN AVE,1123,,,,,,,2,NO INDICATION OF INJURY,0,0,0,0,0,3,0,9,6,8,41.8773250743,-87.7110358469,POINT (-87.711035846856 41.877325074274)
c68d7e42a55249a84c0918ca9acc4e6fccf3293a4e0e1ec25e26ba64388ef522c9b48c36d61523277a92b645cf6d915069e7a7e2b9c91d6d8dc44840a4596dac,,08/15/2025 09:00:00 AM,20,NO CONTROLS,NO CONTROLS,CLEAR,DAYLIGHT,SIDESWIPE SAME DIRECTION,ONE-WAY,,"CURVE, LEVEL",DRY,NO DEFECTS,NOT ON SCENE (DESK REPORT),NO INJURY / DRIVE AWAY,,,,"OVER $1,500",08/15/2025 09:15:00 AM,IMPROPER LANE USAGE,DRIVING SKILLS/KNOWLEDGE/EXPERIENCE,10000,W,OHARE ST,1651,,,,,,,2,NO INDICATION OF INJURY,0,0,0,0,0,2,0,9,6,8,41.976201139,-87.9053091251,POINT (-87.905309125103 41.976201139024)
7618a2b042f480c6e9d623c1c32dbdc7e0a79cd0fb7943c008ed35cc720e3718b71b2f0cd0e7fa2a36d32c99cf7d21051cc2efc8e568e51932df3e682c462d29,,08/15/2025 08:50:00 AM,40,NO CONTROLS,NO CONTROLS,CLEAR,DAYLIGHT,REAR END,DIVIDED - W/MEDIAN (NOT RAISED),,STRAIGHT ON GRADE,UNKNOWN,UNKNOWN,ON SCENE,NO INJURY / DRIVE AWAY,,,,"OVER $1,500",08/15/2025 08:55:00 AM,FOLLOWING TOO CLOSELY,FOLLOWING TOO CLOSELY,835,S,LAKE SHORE DR NB,114,,,,,,,2,NO INDICATION OF INJURY,0,0,0,0,0,2,0,8,6,8,41.8715128078,-87.6168873119,POINT (-87.616887311908 41.871512807799)
693278da91b87bd1734ae982047b14569ca89e89ae6195f5736f24f0aded16c71a899afef9ba270833b6ebafa1e6af0aec4ad399faa83d98e1c032f1e4390b85,,08/15/2025 08:47:00 AM,30,TRAFFIC SIGNAL,FUNCTIONING PROPERLY,CLEAR,DAYLIGHT,SIDESWIPE SAME DIRECTION,FOUR WAY,,STRAIGHT AND LEVEL,DRY,NO DEFECTS,NOT ON SCENE (DESK REPORT),NO INJURY / DRIVE AWAY,Y,,Y,$500 OR LESS,08/15/2025 09:30:00 AM,NOT APPLICABLE,NOT APPLICABLE,3002,W,WARREN BLVD,1222,,,,,,,2,NO INDICATION OF INJURY,0,0,0,0,0,3,0,8,6,8,41.8820485271,-87.7014313373,POINT (-87.701431337316 41.882048527103)
89236bfeafe55a040b2482d702b1940f63ef5bea07119741d8f16a75748f1eb5fcd80c48b15755ac0d577ab614e35404389f00ffc725e655043fabc9aa94963c,,08/15/2025 08:41:00 AM,30,TRAFFIC SIGNAL,FUNCTIONING PROPERLY,CLEAR,DAYLIGHT,REAR END,FOUR WAY,,STRAIGHT AND LEVEL,UNKNOWN,UNKNOWN,NOT ON SCENE (DESK REPORT),NO INJURY / DRIVE AWAY,,,,"OVER $1,500",08/15/2025 03:45:00 PM,FOLLOWING TOO CLOSELY,NOT APPLICABLE,2309,W,GRAND AVE,1221,,,,,,,2,NO INDICATION OF INJURY,0,0,0,0,0,2,0,8,6,8,41.8905859608,-87.6846211543,POINT (-87.684621154302 41.890585960753)
7a3262c09825c51cb10cebc0d9325df057390279de2061b2eef0be96e0f92a84318e55a52a3d267cc62659a742c69594ac8aee02ae05438ab174cb4c72d60360,,08/15/2025 08:40:00 AM,30,NO CONTROLS,NO CONTROLS,CLEAR,DAYLIGHT,PEDALCYCLIST,DIVIDED - W/MEDIAN (NOT RAISED),,STRAIGHT AND LEVEL,DRY,NO DEFECTS,ON SCENE,INJURY AND / OR TOW DUE TO CRASH,,,,"OVER $1,500",08/15/2025 08:47:00 AM,UNABLE TO DETERMINE,NOT APPLICABLE,921,N,WESTERN AVE,1212,,,,,,,2,NONINCAPACITATING INJURY,1,0,0,1,0,1,0,8,6,8,41.8982908784,-87.686760477,POINT (-87.686760477031 41.898290878394)
e13ae053f455b3b4a380475c3f645a6583bc8ee72acab5b36c05b8200df60d2b420c981766a71ffa51a172b2bd6937970bb10c7abf39ad6e0f3cfa34cfeb9911,,08/15/2025 08:40:00 AM,30,NO CONTROLS,NO CONTROLS,CLEAR,DAYLIGHT,SIDESWIPE SAME DIRECTION,DIVIDED - W/MEDIAN BARRIER,,STRAIGHT AND LEVEL,DRY,NO DEFECTS,ON SCENE,NO INJURY / DRIVE AWAY,,,Y,$500 OR LESS,08/15/2025 08:43:00 AM,IMPROPER OVERTAKING/PASSING,UNABLE TO DETERMINE,6550,N,SHERIDAN RD,2432,,,,,,,3,NO INDICATION OF INJURY,0,0,0,0,0,3,0,8,6,8,42.0016244507,-87.6608955301,POINT (-87.660895530051 42.001624450693)
f8bced0d93b02970beaf8bfc32483bff04225b519b3a3d5acd66b7d8bcd5db222dca012b456d477cdf48267e8375e78e03154007b33cd5ef160b4551b7ef45d3,,08/15/2025 08:33:00 AM,30,NO CONTROLS,NO CONTROLS,CLEAR,DAYLIGHT,PEDALCYCLIST,NOT DIVIDED,,STRAIGHT AND LEVEL,DRY,NO DEFECTS,ON SCENE,INJURY AND / OR TOW DUE TO CRASH,,,,$500 OR LESS,08/15/2025 08:34:00 AM,FAILING TO YIELD RIGHT-OF-WAY,NOT APPLICABLE,3804,N,LAKE SHORE DR,1925,,,Y,,,,2,NONINCAPACITATING INJURY,1,0,0,1,0,0,0,8,6,8,41.9524988094,-87.6451766667,POINT (-87.645176666737 41.952498809364)
e36fe34cbb2626fe33a2bfc00e42a0057f4157df8c0103bd710b185c3bce02ddacbdd88fb873beb187306e9300e3379d69a01879e33f259adf76098b7ab898a7,,08/15/2025 08:30:00 AM,10,NO CONTROLS,NO CONTROLS,CLEAR,DAYLIGHT,REAR TO FRONT,PARKING LOT,,STRAIGHT AND LEVEL,DRY,NO DEFECTS,NOT ON SCENE (DESK REPORT),NO INJURY / DRIVE AWAY,,,,"OVER $1,500",08/15/2025 04:00:00 PM,IMPROPER BACKING,NOT APPLICABLE,4359,N,PULASKI RD,1723,,,,,,,2,NO INDICATION OF INJURY,0,0,0,0,0,2,0,8,6,8,41.9608825137,-87.727679242,POINT (-87.727679241979 41.960882513674)
7ff4e4442b4e511ff37ce6f22ff48d13fb2ee8b932bccc311adff23b49870a616fec39a500d333e0c8728a79d61d4d0ad074b7b24f8f811df81f6d993435ad36,,08/15/2025 08:15:00 AM,30,NO CONTROLS,NO CONTROLS,CLEAR,DAYLIGHT,TURNING,ALLEY,,STRAIGHT AND LEVEL,DRY,UNKNOWN,NOT ON SCENE (DESK REPORT),NO INJURY / DRIVE AWAY,,,,"$501 - $1,500",08/15/2025 09:35:00 AM,UNABLE TO DETERMINE,UNABLE TO DETERMINE,1802,W,BERENICE AVE,1922,,,,,,,2,NO INDICATION OF INJURY,0,0,0,0,0,2,0,8,6,8,41.9515915595,-87.6743464031,POINT (-87.674346403103 41.951591559486)
5d1159e81f77c4bee740a7528400a26b9620e776453aba286b296ce8eac7c7a310fe73d83a91b4462931b5ed5fb17d809c6629c16207a00b481a9bc7e1e6ffc3,,08/15/2025 08:14:00 AM,30,TRAFFIC SIGNAL,FUNCTIONING PROPERLY,CLEAR,DAYLIGHT,REAR END,DIVIDED - W/MEDIAN BARRIER,,STRAIGHT AND LEVEL,DRY,NO DEFECTS,NOT ON SCENE (DESK REPORT),NO INJURY / DRIVE AWAY,,,Y,"$501 - $1,500",08/15/2025 07:05:00 PM,FOLLOWING TOO CLOSELY,NOT APPLICABLE,3525,N,HARLEM AVE,1632,,,,,,,2,NO INDICATION OF INJURY,0,0,0,0,0,2,0,8,6,8,41.944217201,-87.8068223423,POINT (-87.806822342328 41.944217201003)
c9e97faae73598e87fd6cea109c369b0a03eac38265bb4fac060dbb1fa5918bdeabebe54991d169ca6554cc88d1f7f164b08e06ed8ee1dcf5a0ee6e20ddbd971,,08/15/2025 08:12:00 AM,15,NO CONTROLS,NO CONTROLS,CLEAR,DAYLIGHT,PARKED MOTOR VEHICLE,PARKING LOT,,STRAIGHT AND LEVEL,DRY,NO DEFECTS,ON SCENE,NO INJURY / DRIVE AWAY,,Y,,"$501 - $1,500",08/15/2025 08:13:00 AM,DRIVING SKILLS/KNOWLEDGE/EXPERIENCE,UNABLE TO DETERMINE,716,E,111TH ST,513,,,,,,,2,NO INDICATION OF INJURY,0,0,0,0,0,1,0,8,6,8,41.6929419347,-87.6046069177,POINT (-87.604606917728 41.692941934682)
18a1498fe98742ebc77e1c91475eb347142f6ffaabab96c362d915d72c17e17655a48cb92feb6af93dac693dc8c47cb94547b5294e5b614e83b53270bcd9cbc7,,08/15/2025 08:09:00 AM,30,UNKNOWN,FUNCTIONING PROPERLY,CLEAR,DAYLIGHT,REAR END,NOT DIVIDED,,STRAIGHT AND LEVEL,DRY,NO DEFECTS,NOT ON SCENE (DESK REPORT),NO INJURY / DRIVE AWAY,,,,"OVER $1,500",08/17/2025 08:00:00 AM,UNABLE TO DETERMINE,NOT APPLICABLE,2510,N,CENTRAL AVE,2515,,,,,,,2,NO INDICATION OF INJURY,0,0,0,0,0,2,0,8,6,8,41.9261757856,-87.7662143814,POINT (-87.766214381409 41.926175785646)
c4c96abf397ec60e1217ea62cf5ed6afcc1e495caa2688aa0c75ad3ae798d07996566e24671830dff65cce6b430bc068ca7f37c5643a0b1e41749c2dca31968a,,08/15/2025 08:00:00 AM,30,NO CONTROLS,NO CONTROLS,CLEAR,DAYLIGHT,SIDESWIPE SAME DIRECTION,DIVIDED - W/MEDIAN (NOT RAISED),,STRAIGHT AND LEVEL,DRY,NO DEFECTS,NOT ON SCENE (DESK REPORT),NO INJURY / DRIVE AWAY,,,,"$501 - $1,500",08/15/2025 08:45:00 AM,UNABLE TO DETERMINE,NOT APPLICABLE,1209,W,GLENLAKE AVE,2433,,,,,,,2,NO INDICATION OF INJURY,0,0,0,0,0,2,0,8,6,8,41.9926122508,-87.6607713316,POINT (-87.660771331579 41.992612250762)
db9ade977ac7e81d3b946942f50e1198a99b671eb99dd366883013f3fcc1b5ab2519bf4b9dbf2281dbc196808e904946c87b3c6c4d11d8db1331c01c20d7941a,,08/15/2025 08:00:00 AM,30,NO CONTROLS,NO CONTROLS,CLEAR,DAYLIGHT,SIDESWIPE SAME DIRECTION,NOT DIVIDED,,STRAIGHT AND LEVEL,DRY,NO DEFECTS,ON SCENE,NO INJURY / DRIVE AWAY,,,,"OVER $1,500",08/15/2025 08:30:00 AM,UNABLE TO DETERMINE,UNABLE TO DETERMINE,10133,S,DR MARTIN LUTHER KING JR DR,511,,,,,,,2,NO INDICATION OF INJURY,0,0,0,0,0,2,0,8,6,8,41.7099658826,-87.6136919252,POINT (-87.613691925204 41.709965882587)
dfd314d8e6a7fa51ce308161b93c05c6dcb5d8f347f85f85a550a92168119132331dc343646f42a324d1a301131cbfc4f834a67d141ff3c093cba44d8e058f01,,08/15/2025 08:00:00 AM,30,TRAFFIC SIGNAL,FUNCTIONING PROPERLY,CLEAR,DAYLIGHT,FIXED OBJECT,NOT DIVIDED,,STRAIGHT AND LEVEL,DRY,UNKNOWN,NOT ON SCENE (DESK REPORT),NO INJURY / DRIVE AWAY,,,Y,"OVER $1,500",08/15/2025 11:55:00 AM,UNABLE TO DETERMINE,NOT APPLICABLE,100,N,CICERO AVE,1532,,,,,,,1,NO INDICATION OF INJURY,0,0,0,0,0,1,0,8,6,8,41.8818797099,-87.7454892473,POINT (-87.745489247301 41.881879709916)
763ff16dae4da6ee79a5991e22a37ed0381913f334054b22ccf383139135490456537e326caa0dbad844a1470e69195168488b9ebdba4bd471470f60ad6c2a88,,08/15/2025 07:59:00 AM,30,STOP SIGN/FLASHER,FUNCTIONING PROPERLY,CLEAR,DAYLIGHT,SIDESWIPE SAME DIRECTION,NOT DIVIDED,,STRAIGHT AND LEVEL,DRY,NO DEFECTS,NOT ON SCENE (DESK REPORT),NO INJURY / DRIVE AWAY,Y,,Y,$500 OR LESS,08/15/2025 10:00:00 AM,DISREGARDING STOP SIGN,NOT APPLICABLE,8300,S,PAULINA ST,614,,,,,,,2,NO INDICATION OF INJURY,0,0,0,0,0,2,0,7,6,8,41.7429477457,-87.6658281023,POINT (-87.665828102257 41.742947745677)
4278b2ea267f32a1b4ef391f0d35dd4e061e6ca50a9e4aaeffb574751639f85b1bd857723714d370fadea77d1f659ce93d9c67330db6d22e06170e03a4bbd3ba,,08/15/2025 07:58:00 AM,30,NO CONTROLS,NO CONTROLS,CLEAR,DAYLIGHT,PARKED MOTOR VEHICLE,NOT DIVIDED,,STRAIGHT AND LEVEL,DRY,UNKNOWN,ON SCENE,NO INJURY / DRIVE AWAY,,,,"OVER $1,500",08/15/2025 08:00:00 AM,IMPROPER BACKING,IMPROPER BACKING,1805,W,ELLEN ST,1424,,,,,,,2,NO INDICATION OF INJURY,0,0,0,0,0,2,0,7,6,8,41.905418924,-87.6726471791,POINT (-87.672647179094 41.905418923981)
4e14513407798696324ebb1f701cbd7736eed4bb718d7bc7e98b37f039a5565c45779b82d20a33e909be9ba7522bf3db58a330fded7d65307e8909112acc0497,,08/15/2025 07:50:00 AM,30,NO CONTROLS,NO CONTROLS,CLEAR,DAYLIGHT,PARKED MOTOR VEHICLE,ONE-WAY,,STRAIGHT AND LEVEL,DRY,UNKNOWN,NOT ON SCENE (DESK REPORT),INJURY AND / OR TOW DUE TO CRASH,,,Y,"OVER $1,500",08/15/2025 09:46:00 AM,UNABLE TO DETERMINE,UNABLE TO DETERMINE,5440,W,MONROE ST,1522,,,,,,,2,NO INDICATION OF INJURY,0,0,0,0,0,1,0,7,6,8,41.8794066511,-87.7613049459,POINT (-87.761304945915 41.879406651073)
a586bb47dc1e3a5a114b3c1e7f1208e88769443cd3b12c9543a0dc9fc91ea718cba8835d3072a4d19491aca766c740191b634ba30cfeed2550f40d3a9b838259,,08/15/2025 07:50:00 AM,30,NO CONTROLS,NO CONTROLS,CLEAR,DAYLIGHT,PARKED MOTOR VEHICLE,ONE-WAY,,STRAIGHT AND LEVEL,DRY,NO DEFECTS,NOT ON SCENE (DESK REPORT),NO INJURY / DRIVE AWAY,,,,"OVER $1,500",08/15/2025 08:45:00 AM,UNABLE TO DETERMINE,UNABLE TO DETERMINE,5731,S,CAMPBELL AVE,824,,,,,,,2,NO INDICATION OF INJURY,0,0,0,0,0,1,0,7,6,8,41.7892387916,-87.686208195,POINT (-87.686208195031 41.789238791641)
d89202e64094c26d7dabb1972833382a3d5331aff8f44b6e6164608ec680804278abeaaa19ce36b5e45133796eee0901329900561b4606ccba2fb50403c200fe,,08/15/2025 07:50:00 AM,30,NO CONTROLS,NO CONTROLS,CLEAR,DAYLIGHT,REAR END,DIVIDED - W/MEDIAN (NOT RAISED),,STRAIGHT AND LEVEL,DRY,UNKNOWN,NOT ON SCENE (DESK REPORT),NO INJURY / DRIVE AWAY,,,Y,"OVER $1,500",08/15/2025 09:30:00 AM,UNABLE TO DETERMINE,UNABLE TO DETERMINE,4183,W,IRVING PARK RD,1731,,,,,,,2,NO INDICATION OF INJURY,0,0,0,0,0,2,0,7,6,8,41.9534901294,-87.7322507396,POINT (-87.732250739648 41.953490129378)
e7e4901bfcc7a248ed28c5ab0b21794d7cbdc6f9ea7432be9518260819c024f36572603eaaf223d110240e40e0c54ca8edb480ca3ddafa560f38230f831369b5,,08/15/2025 07:50:00 AM,20,TRAFFIC SIGNAL,FUNCTIONING PROPERLY,CLEAR,DAYLIGHT,SIDESWIPE SAME DIRECTION,NOT DIVIDED,,STRAIGHT AND LEVEL,DRY,NO DEFECTS,NOT ON SCENE (DESK REPORT),NO INJURY / DRIVE AWAY,,,,"OVER $1,500",08/15/2025 09:15:00 AM,UNABLE TO DETERMINE,UNABLE TO DETERMINE,4700,S,KOSTNER AVE,815,,,,,,,2,NO INDICATION OF INJURY,0,0,0,0,0,2,0,7,6,8,41.8076543361,-87.7335153811,POINT (-87.733515381115 41.80765433614)
67c925a1e07c32fd000dbb94e16bd3031329884c4bb6679413d35d06d6b1e4aeb8f410938f1f6a8b35ea5b1b2259320e9bb59f81524cfea8f4b91f624e87753b,,08/15/2025 07:45:00 AM,30,NO CONTROLS,NO CONTROLS,CLEAR,DAYLIGHT,SIDESWIPE SAME DIRECTION,NOT DIVIDED,,STRAIGHT AND LEVEL,DRY,NO DEFECTS,NOT ON SCENE (DESK REPORT),NO INJURY / DRIVE AWAY,,,,"OVER $1,500",08/15/2025 01:54:00 PM,IMPROPER TURNING/NO SIGNAL,FAILING TO YIELD RIGHT-OF-WAY,541,N,LAKE SHORE DR,1834,,,,,,,2,NO INDICATION OF INJURY,0,0,0,0,0,2,0,7,6,8,41.8923339069,-87.6142640777,POINT (-87.614264077677 41.89233390687)
45e56debbc50c7a45ca3ca5971cce1c0f557bc294920a929e86f3ed6300c37b98f31dcdb1a8633dc296aa38af9eeeb437ba993581b06acbeb4af65637d894a5f,,08/15/2025 07:40:00 AM,30,TRAFFIC SIGNAL,FUNCTIONING PROPERLY,CLEAR,DAYLIGHT,TURNING,FOUR WAY,,STRAIGHT AND LEVEL,DRY,NO DEFECTS,ON SCENE,INJURY AND / OR TOW DUE TO CRASH,Y,,,"OVER $1,500",08/15/2025 07:43:00 AM,IMPROPER TURNING/NO SIGNAL,NOT APPLICABLE,401,E,75TH ST,624,,,,,,,2,"REPORTED, NOT EVIDENT",1,0,0,0,1,2,0,7,6,8,41.7582990437,-87.6150546842,POINT (-87.615054684232 41.758299043742)
3ea27073128782bcf31e5c2594ba7e934de4bedfada04b0578ab596682bbab8a699d317ec11bb9306abed691d0ce3241239783491e1189f88c281aed5b5837b6,Y,08/15/2025 07:30:00 AM,30,NO CONTROLS,NO CONTROLS,CLEAR,DAYLIGHT,PARKED MOTOR VEHICLE,DIVIDED - W/MEDIAN (NOT RAISED),,STRAIGHT AND LEVEL,DRY,NO DEFECTS,NOT ON SCENE (DESK REPORT),NO INJURY / DRIVE AWAY,,,Y,"$501 - $1,500",08/15/2025 11:15:00 AM,UNABLE TO DETERMINE,NOT APPLICABLE,1100,W,THORNDALE AVE,2433,,,,,,,2,NO INDICATION OF INJURY,0,0,0,0,0,1,0,7,6,8,41.9901658906,-87.6583208643,POINT (-87.658320864302 41.990165890632)
45b4511a108b9ba443e945d636057e0b0f01f9e5abb8241aa82f7ca1dde1360c20c071b0d509f36a8a3c9f6162fc7b14224b80bd889e1b832e0b10857c4a1c92,,08/15/2025 07:30:00 AM,30,TRAFFIC SIGNAL,FUNCTIONING PROPERLY,CLEAR,DAYLIGHT,FIXED OBJECT,NOT DIVIDED,,STRAIGHT AND LEVEL,DRY,NO DEFECTS,ON SCENE,INJURY AND / OR TOW DUE TO CRASH,Y,N,,"OVER $1,500",08/15/2025 08:08:00 AM,ROAD CONSTRUCTION/MAINTENANCE,DISREGARDING ROAD MARKINGS,1437,W,NORTH AVE,1433,,,,,,,1,NO INDICATION OF INJURY,0,0,0,0,0,1,0,7,6,8,41.9105666471,-87.6643461947,POINT (-87.664346194703 41.91056664705)
59b5c90d723a5d91377b9b64b36613067193c476a74992f534a4f6098a8c6b087fbd0e47770d4d4ecc9f86c63ca70b12e974488a9db4a00f317ddf027ee27e1a,,08/15/2025 07:30:00 AM,25,NO CONTROLS,NO CONTROLS,CLEAR,DAYLIGHT,PARKED MOTOR VEHICLE,PARKING LOT,,STRAIGHT AND LEVEL,DRY,NO DEFECTS,NOT ON SCENE (DESK REPORT),NO INJURY / DRIVE AWAY,,,Y,"OVER $1,500",08/15/2025 04:50:00 PM,UNABLE TO DETERMINE,UNABLE TO DETERMINE,3400,W,65TH PL,831,,,,,,,2,NO INDICATION OF INJURY,0,0,0,0,0,1,0,7,6,8,41.7744470969,-87.7080018896,POINT (-87.708001889553 41.774447096887)