CRASH_RECORD_ID,CRASH_DATE_EST_I,CRASH_DATE,POSTED_SPEED_LIMIT,TRAFFIC_CONTROL_DEVICE,DEVICE_CONDITION,WEATHER_CONDITION,LIGHTING_CONDITION,FIRST_CRASH_TYPE,TRAFFICWAY_TYPE,LANE_CNT,ALIGNMENT,ROADWAY_SURFACE_COND,ROAD_DEFECT,REPORT_TYPE,CRASH_TYPE,INTERSECTION_RELATED_I,NOT_RIGHT_OF_WAY_I,HIT_AND_RUN_I,DAMAGE,DATE_POLICE_NOTIFIED,PRIM_CONTRIBUTORY_CAUSE,SEC_CONTRIBUTORY_CAUSE,STREET_NO,STREET_DIRECTION,STREET_NAME,BEAT_OF_OCCURRENCE,PHOTOS_TAKEN_I,STATEMENTS_TAKEN_I,DOORING_I,WORK_ZONE_I,WORK_ZONE_TYPE,WORKERS_PRESENT_I,NUM_UNITS,MOST_SEVERE_INJURY,INJURIES_TOTAL,INJURIES_FATAL,INJURIES_INCAPACITATING,INJURIES_NON_INCAPACITATING,INJURIES_REPORTED_NOT_EVIDENT,INJURIES_NO_INDICATION,INJURIES_UNKNOWN,CRASH_HOUR,CRASH_DAY_OF_WEEK,CRASH_MONTH,LATITUDE,LONGITUDE,LOCATION
f288497a48d7d94000c359a5685f17684a33a26947167bc2a9443c13a0d82de1fad5dabfe051a5987c0f4dce85dd1a3b6f3606f4cc1fbb3ffe5a7bc470ec8c80,,08/15/2025 07:30:00 AM,30,TRAFFIC SIGNAL,FUNCTIONING PROPERLY,CLEAR,DAYLIGHT,SIDESWIPE SAME DIRECTION,NOT DIVIDED,,STRAIGHT AND LEVEL,DRY,NO DEFECTS,NOT ON SCENE (DESK REPORT),NO INJURY / DRIVE AWAY,,,Y,"OVER $1,500",08/15/2025 08:05:00 AM,IMPROPER OVERTAKING/PASSING,UNABLE TO DETERMINE,6803,W,ARCHER AVE,811,,,,,,,2,NO INDICATION OF INJURY,0,0,0,0,0,2,0,7,6,8,41.7920435489,-87.7917174587,POINT (-87.79171745867 41.79204354891)
7ffe132baea15aa547a91b7dbf0aff45d2df36894d53420acbd69d74848c6c3963ac3a58a2710102b48b41f1bb749abaad60be01e12cf223db92eca88478bd66,,08/15/2025 07:24:00 AM,30,NO CONTROLS,NO CONTROLS,CLEAR,DAYLIGHT,SIDESWIPE SAME DIRECTION,NOT DIVIDED,,STRAIGHT AND LEVEL,DRY,NO DEFECTS,ON SCENE,NO INJURY / DRIVE AWAY,,,Y,$500 OR LESS,08/15/2025 07:49:00 AM,UNABLE TO DETERMINE,UNABLE TO DETERMINE,2715,S,ARCHER AVE,913,,,,,,,2,NO INDICATION OF INJURY,0,0,0,0,0,2,0,7,6,8,41.8442170219,-87.6523832419,POINT (-87.652383241862 41.844217021865)
19b35960ec7e17f850790ae3bd1ac96d093a5e88f2179426aee59c8116e691d5025f2639b3bfef8c9a59ae4130dec3b88d10633c49d90ed91e23808d36b80cb3,,08/15/2025 07:23:00 AM,30,TRAFFIC SIGNAL,FUNCTIONING PROPERLY,CLEAR,DAYLIGHT,ANGLE,NOT DIVIDED,,STRAIGHT AND LEVEL,DRY,NO DEFECTS,ON SCENE,INJURY AND / OR TOW DUE TO CRASH,Y,,,"OVER $1,500",08/15/2025 07:30:00 AM,DISREGARDING TRAFFIC SIGNALS,NOT APPLICABLE,5201,N,CENTRAL AVE,1623,,,,,,,2,NONINCAPACITATING INJURY,2,0,0,2,0,2,0,7,6,8,41.9757250993,-87.7683324523,POINT (-87.768332452294 41.975725099262)
e78b1f9cdaa0672fb2d7f91fda54ee1f07871ed4cfeb8f74b7dd7e7c176b8035107a2d7b505eb179dafb3eaea45354e7e222ef0e8f0096a4105f7033a1b1fc3f,,08/15/2025 07:20:00 AM,30,TRAFFIC SIGNAL,FUNCTIONING PROPERLY,CLEAR,DAYLIGHT,TURNING,FOUR WAY,,STRAIGHT AND LEVEL,DRY,NO DEFECTS,NOT ON SCENE (DESK REPORT),NO INJURY / DRIVE AWAY,,,Y,"$501 - $1,500",08/15/2025 10:00:00 AM,UNABLE TO DETERMINE,NOT APPLICABLE,4191,S,CICERO AVE,815,,,,,,,2,NO INDICATION OF INJURY,0,0,0,0,0,2,0,7,6,8,41.8167693609,-87.7432450592,POINT (-87.743245059168 41.816769360882)
a1308da0769f4c7f907c32114abb3c75f658f6d28963864b2b249e3eee7b2ab90c586e9d67e1a46a2d70339340756040a186cb7162e388a48150acf7f8cb31ec,,08/15/2025 07:15:00 AM,30,NO CONTROLS,NO CONTROLS,CLEAR,DAYLIGHT,SIDESWIPE SAME DIRECTION,ONE-WAY,,STRAIGHT AND LEVEL,DRY,NO DEFECTS,NOT ON SCENE (DESK REPORT),NO INJURY / DRIVE AWAY,,,,"OVER $1,500",08/15/2025 07:45:00 AM,UNABLE TO DETERMINE,UNABLE TO DETERMINE,16,W,GRAND AVE,1831,,,,,,,2,NO INDICATION OF INJURY,0,0,0,0,0,2,0,7,6,8,41.8917685946,-87.6287376537,POINT (-87.628737653651 41.891768594591)
7cf7fbad39140933b72587bba8b62a2956508aaa65fb60d66d37ec2c749ee5e50bd9a830a3c9baea415372326b524e8610853b5575c6381449002cbe8b03de74,,08/15/2025 07:10:00 AM,30,TRAFFIC SIGNAL,FUNCTIONING PROPERLY,CLEAR,DAYLIGHT,REAR END,DIVIDED - W/MEDIAN BARRIER,,STRAIGHT AND LEVEL,DRY,NO DEFECTS,ON SCENE,INJURY AND / OR TOW DUE TO CRASH,Y,,,"OVER $1,500",08/15/2025 07:18:00 AM,FOLLOWING TOO CLOSELY,FOLLOWING TOO CLOSELY,4700,S,CICERO AVE,814,,,,,,,2,NONINCAPACITATING INJURY,1,0,0,1,0,3,0,7,6,8,41.8075303729,-87.7432968212,POINT (-87.743296821242 41.807530372894)
184e119fcbe8d1b8554f36b17acd50d2460981fd8400a8163d76774cf559f582ddcb52a5577fadaa0e7963a7ba75763526501252e0ed3ab073c59e757a95a357,,08/15/2025 07:03:00 AM,30,NO CONTROLS,NO CONTROLS,CLEAR,DAYLIGHT,TURNING,NOT DIVIDED,,STRAIGHT AND LEVEL,DRY,NO DEFECTS,ON SCENE,NO INJURY / DRIVE AWAY,,,,"OVER $1,500",08/15/2025 07:03:00 AM,IMPROPER TURNING/NO SIGNAL,NOT APPLICABLE,1455,N,MILWAUKEE AVE,1424,,,,,,,2,NO INDICATION OF INJURY,0,0,0,0,0,2,0,7,6,8,41.9084372898,-87.6742083089,POINT (-87.674208308851 41.908437289767)
c1baeb7620f9f78cdeead88dd7ab608e6d05482038c3c420839a2aaa2e0ffa2804967f03fc35f1ca40fa18facf56fe54f58be826bdddd922045b1719a6387d7d,,08/15/2025 07:00:00 AM,30,UNKNOWN,UNKNOWN,CLEAR,DAYLIGHT,SIDESWIPE SAME DIRECTION,ONE-WAY,,STRAIGHT AND LEVEL,UNKNOWN,UNKNOWN,NOT ON SCENE (DESK REPORT),NO INJURY / DRIVE AWAY,,,,"OVER $1,500",08/15/2025 02:30:00 PM,UNABLE TO DETERMINE,UNABLE TO DETERMINE,150,W,GRAND AVE,1831,,,,,,,2,NO INDICATION OF INJURY,0,0,0,0,0,2,0,7,6,8,41.8917077189,-87.6331040632,POINT (-87.633104063157 41.891707718884)
49169c5fea3feaf3e2b4c9f3c1c7ad71744806c8d1578f8859f6764dbd8b031c08fca57f2063306a805ef32ac6830599b93b615999600ae3455668389f3861eb,,08/15/2025 06:57:00 AM,30,TRAFFIC SIGNAL,FUNCTIONING PROPERLY,CLEAR,DAYLIGHT,TURNING,FOUR WAY,,STRAIGHT AND LEVEL,DRY,NO DEFECTS,ON SCENE,INJURY AND / OR TOW DUE TO CRASH,Y,,,"OVER $1,500",08/15/2025 06:57:00 AM,FAILING TO YIELD RIGHT-OF-WAY,DISREGARDING TRAFFIC SIGNALS,300,N,MICHIGAN AVE,111,,Y,,,,,2,NONINCAPACITATING INJURY,3,0,0,3,0,2,0,6,6,8,41.8868757954,-87.6246851867,POINT (-87.624685186707 41.886875795392)
3a61c22d3997dc4f05808d4defc2a0e3abb312ee13aa2f4a4f8ad85fdcad205039b0248ef56d89fc158305df6551415c39a50640b754a9e7f213dbe9f9dccbbd,,08/15/2025 06:45:00 AM,35,NO CONTROLS,NO CONTROLS,CLEAR,DAYLIGHT,PARKED MOTOR VEHICLE,NOT DIVIDED,,STRAIGHT AND LEVEL,DRY,NO DEFECTS,ON SCENE,NO INJURY / DRIVE AWAY,,,,$500 OR LESS,08/15/2025 06:50:00 AM,IMPROPER LANE USAGE,NOT APPLICABLE,2430,W,110TH ST,2212,,,,,,,2,NO INDICATION OF INJURY,0,0,0,0,0,1,0,6,6,8,41.6937279509,-87.6824291867,POINT (-87.682429186715 41.693727950921)
743de8f02b894701e3fe7b7347ae1e8f509f186b4f6c858f0b0d632bd6f181e7aae02a58a727b426ec57f2fc84f4d7db3ff86eb5056db72a68225a196749326e,,08/15/2025 06:30:00 AM,30,NO CONTROLS,NO CONTROLS,CLEAR,DAYLIGHT,PARKED MOTOR VEHICLE,DIVIDED - W/MEDIAN (NOT RAISED),,STRAIGHT AND LEVEL,DRY,UNKNOWN,NOT ON SCENE (DESK REPORT),NO INJURY / DRIVE AWAY,,,Y,"OVER $1,500",08/15/2025 10:00:00 AM,UNABLE TO DETERMINE,UNABLE TO DETERMINE,3807,W,FULLERTON AVE,2525,,,,,,,2,NO INDICATION OF INJURY,0,0,0,0,0,1,0,6,6,8,41.92442836,-87.7221755692,POINT (-87.722175569181 41.924428360028)
ddbf70fd32bc91cde36231a516cba33138f3e5fa548309a9d27ad09caf9afa23d2860908c4a97d5b5235361079f0af4b4c08f06080eb7a8fb644cf7a8aa1172f,,08/15/2025 06:29:00 AM,30,TRAFFIC SIGNAL,FUNCTIONING PROPERLY,CLEAR,DAYLIGHT,PEDESTRIAN,FOUR WAY,,STRAIGHT AND LEVEL,DRY,UNKNOWN,ON SCENE,INJURY AND / OR TOW DUE TO CRASH,Y,,,"OVER $1,500",08/15/2025 06:31:00 AM,FAILING TO YIELD RIGHT-OF-WAY,NOT APPLICABLE,2003,E,67TH ST,331,,,,,,,2,NONINCAPACITATING INJURY,1,0,0,1,0,1,0,6,6,8,41.773346969,-87.5763410293,POINT (-87.576341029343 41.773346969019)
a18c4e6b75bccffc2520c3088ca777092ad66e432f331622a8a37204178817989313048d457e99f9d7e858c910273b4ac955805c3d9bf3cc0fe210f151f2a3b4,,08/15/2025 06:12:00 AM,30,FLASHING CONTROL SIGNAL,FUNCTIONING PROPERLY,CLEAR,DAYLIGHT,REAR END,NOT DIVIDED,,STRAIGHT AND LEVEL,DRY,UNKNOWN,ON SCENE,INJURY AND / OR TOW DUE TO CRASH,Y,,,"OVER $1,500",08/15/2025 07:12:00 AM,FOLLOWING TOO CLOSELY,NOT APPLICABLE,350,N,PULASKI RD,1114,,,,,,,2,NONINCAPACITATING INJURY,2,0,0,2,0,0,0,6,6,8,41.8867593234,-87.7259881688,POINT (-87.725988168821 41.886759323426)
a3ee7117845e6f105e44155481911d1f9418c31456ffbf19988515088678b426e7e880445daa6492ca853fc46ca0b314ea23c01b7a70dbbe8440f1f1118ef53b,,08/15/2025 05:57:00 AM,30,NO CONTROLS,NO CONTROLS,CLEAR,"DARKNESS, LIGHTED ROAD",PARKED MOTOR VEHICLE,NOT DIVIDED,,STRAIGHT AND LEVEL,DRY,NO DEFECTS,ON SCENE,NO INJURY / DRIVE AWAY,,,,"OVER $1,500",08/15/2025 05:57:00 AM,EQUIPMENT - VEHICLE CONDITION,IMPROPER LANE USAGE,320,W,110TH ST,513,,,,,,,2,NO INDICATION OF INJURY,0,0,0,0,0,1,0,5,6,8,41.6944201989,-87.6312090298,POINT (-87.63120902981 41.694420198942)
cfe04ac0663bb20ed206592323c66a70385b6716a150610891d766890aa988c414f5e00480b79bc6cc1e4f36d2c4916ad3f510bd9fae63d9d890e13aa4c5baab,,08/15/2025 05:53:00 AM,30,TRAFFIC SIGNAL,FUNCTIONING PROPERLY,CLEAR,DAWN,TURNING,CENTER TURN LANE,,STRAIGHT AND LEVEL,DRY,WORN SURFACE,ON SCENE,NO INJURY / DRIVE AWAY,Y,,,"OVER $1,500",08/15/2025 05:54:00 AM,UNABLE TO DETERMINE,ROAD ENGINEERING/SURFACE/MARKING DEFECTS,624,S,KOSTNER AVE,1131,,,,,,,2,NO INDICATION OF INJURY,0,0,0,0,0,2,0,5,6,8,41.8727628966,-87.7353545159,POINT (-87.735354515882 41.872762896631)
88287ea0abfe179f36fbedd89a230cb5fe1a5d2b4a958263f878470067db4767288c4bd7ba554a36bae866785dee4533f8f51199291a4315a96ab045d52ba9b7,,08/15/2025 05:30:00 AM,30,NO CONTROLS,NO CONTROLS,CLEAR,DAYLIGHT,SIDESWIPE SAME DIRECTION,ONE-WAY,,STRAIGHT AND LEVEL,DRY,NO DEFECTS,ON SCENE,INJURY AND / OR TOW DUE TO CRASH,,,Y,"OVER $1,500",08/15/2025 05:40:00 AM,UNABLE TO DETERMINE,UNABLE TO DETERMINE,7515,S,LAFAYETTE AVE,623,,,,,,,2,NONINCAPACITATING INJURY,1,0,0,1,0,2,0,5,6,8,41.757681884,-87.6262137085,POINT (-87.626213708512 41.757681883951)
cf67dbf5b30b1ecd72c898ad1730c301a48b0ebe4479ea9e15cde52ca4c0f30b377abf96c5144bb529aa6601d9d87e58868e430683d4dfa8368ed30c0cadebfd,,08/15/2025 04:58:00 AM,45,NO CONTROLS,NO CONTROLS,CLEAR,DAWN,FIXED OBJECT,OTHER,,STRAIGHT AND LEVEL,DRY,NO DEFECTS,ON SCENE,INJURY AND / OR TOW DUE TO CRASH,,,N,"OVER $1,500",08/15/2025 05:00:00 AM,NOT APPLICABLE,NOT APPLICABLE,1000,S,LAKE SHORE DR SB,114,,,,,,,1,NO INDICATION OF INJURY,0,0,0,0,0,2,0,4,6,8,41.8699574432,-87.6173724409,POINT (-87.617372440882 41.86995744317)
07703b76cec9cb86800d91fb11e9ee9bd06cfac28b88c623089a1352ba63374f9c03c847f115e5148120d61fa11104ac2eeec51f04ff47314d7cb1369b75a96e,,08/15/2025 04:30:00 AM,35,NO CONTROLS,NO CONTROLS,CLEAR,"DARKNESS, LIGHTED ROAD",PARKED MOTOR VEHICLE,ONE-WAY,,STRAIGHT AND LEVEL,DRY,NO DEFECTS,NOT ON SCENE (DESK REPORT),NO INJURY / DRIVE AWAY,,,Y,"OVER $1,500",08/15/2025 05:15:00 PM,UNABLE TO DETERMINE,NOT APPLICABLE,2932,N,AVERS AVE,2523,,,,,,,2,NO INDICATION OF INJURY,0,0,0,0,0,1,0,4,6,8,41.9346464994,-87.723532913,POINT (-87.723532912992 41.934646499425)
a1a5e73ee1065332da2dd63f2f413f235c5fd2f31f870c2b2676b906c502e4a8ce08b206eddd22e6891757d15af1f64f20658c2a1000fa4e1730ff4b35fb7a6f,,08/15/2025 04:30:00 AM,40,NO CONTROLS,NO CONTROLS,CLEAR,"DARKNESS, LIGHTED ROAD",OTHER OBJECT,ONE-WAY,,STRAIGHT AND LEVEL,DRY,NO DEFECTS,NOT ON SCENE (DESK REPORT),NO INJURY / DRIVE AWAY,,,,"OVER $1,500",08/16/2025 02:00:00 PM,ROAD CONSTRUCTION/MAINTENANCE,NOT APPLICABLE,5600,N,LAKE SHORE DR NB,2022,,,,Y,CONSTRUCTION,,1,NO INDICATION OF INJURY,0,0,0,0,0,1,0,4,6,8,41.9839519461,-87.6532151083,POINT (-87.653215108266 41.983951946132)
7edc7bc33690ea0db11591e5872244da9d705d1cb3d129b3664fb4f5386bebbaa6bcfae08c7ba518405c984a7fff69e0922127e72bfa07a62b5064bb2c5ba170,,08/15/2025 04:11:00 AM,30,NO CONTROLS,NO CONTROLS,CLEAR,"DARKNESS, LIGHTED ROAD",PARKED MOTOR VEHICLE,ONE-WAY,,STRAIGHT AND LEVEL,DRY,NO DEFECTS,ON SCENE,INJURY AND / OR TOW DUE TO CRASH,,,Y,"OVER $1,500",08/15/2025 04:11:00 AM,UNABLE TO DETERMINE,NOT APPLICABLE,2827,W,60TH ST,823,,Y,,,,,5,NO INDICATION OF INJURY,0,0,0,0,0,1,0,4,6,8,41.7844555794,-87.6946977686,POINT (-87.694697768577 41.784455579428)
f5c5a2afb429384eb25f29a7683bea4c3f9fe17924076a132ac7bf8ab5010febf6df237198ff9f97b9980678758fadc509b7b8562a88f18af15dee0ad26e4a87,,08/15/2025 04:07:00 AM,30,NO CONTROLS,NO CONTROLS,CLEAR,DAWN,FIXED OBJECT,NOT DIVIDED,,STRAIGHT AND LEVEL,DRY,NO DEFECTS,ON SCENE,NO INJURY / DRIVE AWAY,,,,"OVER $1,500",08/15/2025 04:07:00 AM,NOT APPLICABLE,NOT APPLICABLE,7011,S,WESTERN AVE,832,,,,,,,1,NO INDICATION OF INJURY,0,0,0,0,0,1,0,4,6,8,41.7661466218,-87.6831364127,POINT (-87.683136412698 41.766146621824)
c4e5698d8657200126b67e9754eccd08b2ff7d67d955410249536bff93ee444bbba45070592eb900540119ea8d55b1701d0a09c9a949d260f2539aff4ab7000b,,08/15/2025 03:03:00 AM,30,PEDESTRIAN CROSSING SIGN,FUNCTIONING PROPERLY,CLEAR,"DARKNESS, LIGHTED ROAD",FIXED OBJECT,DIVIDED - W/MEDIAN BARRIER,,STRAIGHT AND LEVEL,DRY,UNKNOWN,ON SCENE,INJURY AND / OR TOW DUE TO CRASH,N,,,"OVER $1,500",08/15/2025 03:04:00 AM,EQUIPMENT - VEHICLE CONDITION,NOT APPLICABLE,4120,S,ARCHER AVE,921,,,,,,,1,NO INDICATION OF INJURY,0,0,0,0,0,1,0,3,6,8,41.8186708075,-87.6970063812,POINT (-87.697006381179 41.818670807503)
12c9fe705f8e273eb2fcf6d960ab2f284f075bcf43501151577998e56cbaa39f02bbb05651d815434f40af88781e3fa90aa0c94834301f9505595fb920e52673,,08/15/2025 03:00:00 AM,30,NO CONTROLS,NO CONTROLS,CLEAR,DAYLIGHT,ANGLE,FOUR WAY,,STRAIGHT AND LEVEL,DRY,NO DEFECTS,ON SCENE,INJURY AND / OR TOW DUE TO CRASH,Y,,,"OVER $1,500",08/15/2025 03:10:00 AM,NOT APPLICABLE,NOT APPLICABLE,11659,S,ARTESIAN AVE,2212,,,,,,,2,NO INDICATION OF INJURY,0,0,0,0,0,2,0,3,6,8,41.6809950905,-87.6818980493,POINT (-87.68189804927 41.680995090532)
88576d96a99a60b839adeab06abf0b149e727a57f479b445abf84dc74bb5cff42eebd8d175092c5e130bcb107c65c2b5bcd6ca7fb259fcee8a4e28614e187369,,08/15/2025 02:59:00 AM,25,TRAFFIC SIGNAL,FUNCTIONING PROPERLY,CLEAR,"DARKNESS, LIGHTED ROAD",PARKED MOTOR VEHICLE,NOT DIVIDED,,STRAIGHT AND LEVEL,UNKNOWN,NO DEFECTS,ON SCENE,NO INJURY / DRIVE AWAY,,,Y,"OVER $1,500",08/15/2025 08:37:00 AM,UNABLE TO DETERMINE,UNABLE TO DETERMINE,1173,E,53RD ST,233,,,,,,,3,NO INDICATION OF INJURY,0,0,0,0,0,1,0,2,6,8,41.7993466342,-87.5968037948,POINT (-87.596803794848 41.799346634243)
aef90c70dce1136f9a9838cc4b55e9fa8c6d54280421ee3e7e633b606b8daa1e1fd58a8018d6b1b4165a33bbd8222b96ac976f24be922026c96cc4f3156f8520,,08/15/2025 02:52:00 AM,30,NO CONTROLS,NO CONTROLS,CLEAR,"DARKNESS, LIGHTED ROAD",PARKED MOTOR VEHICLE,NOT DIVIDED,,STRAIGHT AND LEVEL,DRY,NO DEFECTS,,INJURY AND / OR TOW DUE TO CRASH,,,Y,"OVER $1,500",08/15/2025 02:52:00 AM,UNABLE TO DETERMINE,UNABLE TO DETERMINE,2139,E,67TH ST,331,,,,,,,2,NO INDICATION OF INJURY,0,0,0,0,0,1,0,2,6,8,41.773379867,-87.5725126859,POINT (-87.572512685872 41.773379867023)
76cc10e257fdcd5634cceb28de51aaac91f4c00942e29283da8ead5e7c20c6c3a34adf117ae6f5eff2fd245336333abd552a7354daa4a3d4ae08126e05dcd7d9,,08/15/2025 02:44:00 AM,30,TRAFFIC SIGNAL,FUNCTIONING PROPERLY,CLEAR,DARKNESS,PARKED MOTOR VEHICLE,NOT DIVIDED,,STRAIGHT AND LEVEL,DRY,NO DEFECTS,ON SCENE,INJURY AND / OR TOW DUE TO CRASH,,,,"OVER $1,500",08/15/2025 02:44:00 AM,FAILING TO REDUCE SPEED TO AVOID CRASH,FAILING TO REDUCE SPEED TO AVOID CRASH,2711,W,CERMAK RD,1034,,,,,,,3,NONINCAPACITATING INJURY,1,0,0,1,0,0,0,2,6,8,41.851817998,-87.6934434193,POINT (-87.693443419318 41.851817997996)
be954df924afaa0104082012707fb93ace5becaafba18d146c1838f8ac9528b1bc7303e9607faa08fd81875e52bd8faf12310b5daf61d94bde2edeab33160505,,08/15/2025 02:02:00 AM,30,NO CONTROLS,NO CONTROLS,CLEAR,"DARKNESS, LIGHTED ROAD",PARKED MOTOR VEHICLE,NOT DIVIDED,,STRAIGHT AND LEVEL,DRY,NO DEFECTS,ON SCENE,INJURY AND / OR TOW DUE TO CRASH,,,,"OVER $1,500",08/15/2025 02:02:00 AM,NOT APPLICABLE,NOT APPLICABLE,222,N,LARAMIE AVE,1523,,,,,,,2,,,,,,,,,2,6,8,41.8850699157,-87.7553849475,POINT (-87.75538494753 41.885069915687)
0f11a097cbcacff30406a7ae357319877379a5a0600e787dde7146b8fce8313ae48c293675a5a48bc1d9b7d7e1607430ca689ed8f3e36f5024728b8c0e150cff,,08/15/2025 01:02:00 AM,20,NO CONTROLS,NO CONTROLS,CLEAR,"DARKNESS, LIGHTED ROAD",PARKED MOTOR VEHICLE,ONE-WAY,,STRAIGHT AND LEVEL,DRY,NO DEFECTS,ON SCENE,INJURY AND / OR TOW DUE TO CRASH,,,Y,"OVER $1,500",08/15/2025 01:02:00 AM,TEXTING,DISTRACTION - FROM INSIDE VEHICLE,3326,S,LEAVITT ST,912,,,,,,,3,NO INDICATION OF INJURY,0,0,0,0,0,1,0,1,6,8,41.833139723,-87.6803939589,POINT (-87.680393958862 41.83313972303)
70d07a440969264ea458a2c99ba943322524034ad51c72a03c707d9d21c06c8159d94ccffd63bbff034d61e7b75e6eff3d576f51856a084c2e2d7374f0f466f8,,08/15/2025 12:48:00 AM,25,NO CONTROLS,NO CONTROLS,CLEAR,"DARKNESS, LIGHTED ROAD",PARKED MOTOR VEHICLE,ONE-WAY,,STRAIGHT AND LEVEL,DRY,"RUT, HOLES",ON SCENE,INJURY AND / OR TOW DUE TO CRASH,,,,"OVER $1,500",08/15/2025 12:52:00 AM,UNABLE TO DETERMINE,UNABLE TO DETERMINE,3727,W,EDDY ST,1732,,,,,,,3,NO INDICATION OF INJURY,0,0,0,0,0,1,0,0,6,8,41.945437053,-87.7211407504,POINT (-87.72114075044 41.94543705297)
d6f901005f833871508b5f8a4ccb5282a4b1f7574c751f4235e87456e4b360d3df87b6a648c6a3402f6add443a4bd9e28898cd77d1b24b82d69dbfa067b3a8f4,,08/15/2025 12:30:00 AM,30,TRAFFIC SIGNAL,FUNCTIONING PROPERLY,CLEAR,"DARKNESS, LIGHTED ROAD",TURNING,Y-INTERSECTION,,STRAIGHT AND LEVEL,DRY,NO DEFECTS,ON SCENE,NO INJURY / DRIVE AWAY,Y,,,"$501 - $1,500",08/15/2025 12:34:00 AM,IMPROPER TURNING/NO SIGNAL,NOT APPLICABLE,3201,W,BELMONT AVE,1412,,,,,,,2,NO INDICATION OF INJURY,0,0,0,0,0,2,0,0,6,8,41.9392210489,-87.7077146023,POINT (-87.707714602329 41.939221048898)
e0915fcabb15458170c89cded54702a958366828d3e1ee92efe37997a89f805ccfb9c26d60adbf816fce3ddb346ea5cfbecef1d5d44a710fa060a79e571face2,,08/15/2025 12:30:00 AM,35,NO CONTROLS,NO CONTROLS,CLEAR,DAYLIGHT,PARKED MOTOR VEHICLE,ONE-WAY,,STRAIGHT AND LEVEL,DRY,NO DEFECTS,ON SCENE,NO INJURY / DRIVE AWAY,,,Y,$500 OR LESS,08/15/2025 11:30:00 AM,IMPROPER BACKING,NOT APPLICABLE,9225,S,LAFLIN ST,2222,,,,,,,2,NO INDICATION OF INJURY,0,0,0,0,0,1,0,0,6,8,41.7259479301,-87.6602099392,POINT (-87.660209939211 41.725947930065)
34aec92f6666c17b2bcda184b9929e64e889276bc54d64a3444a6661a7d5bf0503c1a804863ee9de67661e5207ebf01c82a71045e8ed72173e36f7b9776278e9,,08/15/2025 12:23:00 AM,30,STOP SIGN/FLASHER,FUNCTIONING PROPERLY,CLEAR,"DARKNESS, LIGHTED ROAD",OVERTURNED,ONE-WAY,,STRAIGHT AND LEVEL,DRY,NO DEFECTS,ON SCENE,INJURY AND / OR TOW DUE TO CRASH,,,,$500 OR LESS,08/15/2025 12:27:00 AM,UNABLE TO DETERMINE,UNABLE TO DETERMINE,2652,W,LOGAN BLVD,1411,,,,,,,1,NONINCAPACITATING INJURY,1,0,0,1,0,0,0,0,6,8,41.9286001025,-87.6948054065,POINT (-87.694805406474 41.928600102495)
520d9f41a522cfa83d8951b8ae404f1461f598ab62889652755cd624b872cb7dd45aa0797ee1cd8296fa9f6a3b19633f5a6a8e3ab7fa5de951d361753e2d428e,,08/15/2025 12:10:00 AM,20,UNKNOWN,UNKNOWN,UNKNOWN,UNKNOWN,HEAD ON,PARKING LOT,,STRAIGHT AND LEVEL,UNKNOWN,UNKNOWN,NOT ON SCENE (DESK REPORT),NO INJURY / DRIVE AWAY,,Y,,"OVER $1,500",08/15/2025 12:11:00 AM,UNABLE TO DETERMINE,UNABLE TO DETERMINE,1154,S,CLARK ST,123,,,,,,,2,NO INDICATION OF INJURY,0,0,0,0,0,2,0,0,6,8,41.8675710154,-87.6305864739,POINT (-87.630586473861 41.867571015433)
34a2dfebe3b6ae17d0a9c983df6eb47ed6af264a2702c1af793ac95f64919c176da1096e8a6a4055d486a625e62bbfacd2f41fccdeff0061ca4980afe06b08b5,Y,08/14/2025 11:55:00 PM,30,TRAFFIC SIGNAL,FUNCTIONING PROPERLY,CLEAR,"DARKNESS, LIGHTED ROAD",PEDALCYCLIST,FOUR WAY,,STRAIGHT AND LEVEL,DRY,NO DEFECTS,ON SCENE,INJURY AND / OR TOW DUE TO CRASH,Y,,,"OVER $1,500",08/14/2025 11:55:00 PM,FAILING TO YIELD RIGHT-OF-WAY,FAILING TO REDUCE SPEED TO AVOID CRASH,100,N,MORGAN ST,1224,,,,,,,2,NONINCAPACITATING INJURY,1,0,0,1,0,1,0,23,5,8,41.8831180716,-87.6522197924,POINT (-87.652219792417 41.88311807162)
cc663cb034427f1850f78f8b61dad26d81eb9c611463ed5743f8f365bc1e03b71bacc3645007a816d6cf9868098d1caf8e8cb54b978cd8b99f9af13102a35292,,08/14/2025 11:30:00 PM,35,TRAFFIC SIGNAL,FUNCTIONING PROPERLY,CLEAR,"DARKNESS, LIGHTED ROAD",TURNING,FOUR WAY,,STRAIGHT AND LEVEL,DRY,NO DEFECTS,,INJURY AND / OR TOW DUE TO CRASH,Y,,,"OVER $1,500",08/14/2025 11:32:00 PM,DISREGARDING TRAFFIC SIGNALS,NOT APPLICABLE,64,W,LOWER WACKER DR,111,,,,,,,2,FATAL,2,1,0,1,0,2,0,23,5,8,41.8870693044,-87.6303678686,POINT (-87.630367868642 41.887069304408)
34b9eed3def4ffdbaf7bb06ee328b8b3a9eb8e4b7be1fcfcc918860a48dd627f5a8b73c65fafac2480e5da7ce761cd3c0fc261f94d5239c4b24979f099510087,,08/14/2025 11:15:00 PM,30,STOP SIGN/FLASHER,FUNCTIONING PROPERLY,CLEAR,DARKNESS,PEDALCYCLIST,FOUR WAY,,STRAIGHT AND LEVEL,DRY,NO DEFECTS,NOT ON SCENE (DESK REPORT),NO INJURY / DRIVE AWAY,Y,,,"OVER $1,500",08/15/2025 01:28:00 PM,FAILING TO YIELD RIGHT-OF-WAY,UNABLE TO DETERMINE,5130,W,JACKSON BLVD,1533,,,,,,,2,NO INDICATION OF INJURY,0,0,0,0,0,2,0,23,5,8,41.87677136,-87.7547713647,POINT (-87.754771364685 41.876771359965)