CRASH_RECORD_ID,CRASH_DATE_EST_I,CRASH_DATE,POSTED_SPEED_LIMIT,TRAFFIC_CONTROL_DEVICE,DEVICE_CONDITION,WEATHER_CONDITION,LIGHTING_CONDITION,FIRST_CRASH_TYPE,TRAFFICWAY_TYPE,LANE_CNT,ALIGNMENT,ROADWAY_SURFACE_COND,ROAD_DEFECT,REPORT_TYPE,CRASH_TYPE,INTERSECTION_RELATED_I,NOT_RIGHT_OF_WAY_I,HIT_AND_RUN_I,DAMAGE,DATE_POLICE_NOTIFIED,PRIM_CONTRIBUTORY_CAUSE,SEC_CONTRIBUTORY_CAUSE,STREET_NO,STREET_DIRECTION,STREET_NAME,BEAT_OF_OCCURRENCE,PHOTOS_TAKEN_I,STATEMENTS_TAKEN_I,DOORING_I,WORK_ZONE_I,WORK_ZONE_TYPE,WORKERS_PRESENT_I,NUM_UNITS,MOST_SEVERE_INJURY,INJURIES_TOTAL,INJURIES_FATAL,INJURIES_INCAPACITATING,INJURIES_NON_INCAPACITATING,INJURIES_REPORTED_NOT_EVIDENT,INJURIES_NO_INDICATION,INJURIES_UNKNOWN,CRASH_HOUR,CRASH_DAY_OF_WEEK,CRASH_MONTH,LATITUDE,LONGITUDE,LOCATION
6d0b3bd5fb9aa3f7e1cce75104b35cd348ab0061df3b31f01a7befef7cc4c91afa4a666fb3d428aeb5e79e60caf7bf798927f754d841071031f41e4d64591983,,08/14/2025 11:04:00 PM,25,YIELD,UNKNOWN,CLEAR,"DARKNESS, LIGHTED ROAD",REAR END,DIVIDED - W/MEDIAN (NOT RAISED),,STRAIGHT AND LEVEL,DRY,NO DEFECTS,ON SCENE,INJURY AND / OR TOW DUE TO CRASH,,,Y,"$501 - $1,500",08/15/2025 12:16:00 AM,FAILING TO REDUCE SPEED TO AVOID CRASH,FAILING TO YIELD RIGHT-OF-WAY,4229,W,ARMITAGE AVE,2534,,,,,,,2,NO INDICATION OF INJURY,0,0,0,0,0,2,0,23,5,8,41.9169782,-87.7326054445,POINT (-87.732605444482 41.916978200029)
41514f97f77fd26d308637b1780e62aeec1d7d4bca533333b872f314532c9023eb0273e99eee5db9a2bf76d4ee906b2db2669083a29009071717de6d5334f3a3,,08/14/2025 10:50:00 PM,30,NO CONTROLS,NO CONTROLS,CLEAR,"DARKNESS, LIGHTED ROAD",PARKED MOTOR VEHICLE,NOT DIVIDED,,STRAIGHT AND LEVEL,DRY,NO DEFECTS,NOT ON SCENE (DESK REPORT),NO INJURY / DRIVE AWAY,,,Y,"OVER $1,500",08/15/2025 12:10:00 AM,UNABLE TO DETERMINE,NOT APPLICABLE,3130,N,NARRAGANSETT AVE,2511,,,,,,,2,NO INDICATION OF INJURY,0,0,0,0,0,1,0,22,5,8,41.9374480331,-87.7860501566,POINT (-87.786050156571 41.937448033145)
a891c3ac695fae73a0832f3e3fa1eee9f8621fc82def9093b336ffca3148b69babf062e7d5c852c0210f33ce9c3b3a043749abb60de400a10166ef1eb4b290c8,,08/14/2025 10:41:00 PM,30,TRAFFIC SIGNAL,FUNCTIONING PROPERLY,CLEAR,"DARKNESS, LIGHTED ROAD",ANGLE,NOT REPORTED,,STRAIGHT AND LEVEL,DRY,NO DEFECTS,NOT ON SCENE (DESK REPORT),INJURY AND / OR TOW DUE TO CRASH,Y,,,"OVER $1,500",08/15/2025 12:30:00 AM,FAILING TO REDUCE SPEED TO AVOID CRASH,FAILING TO YIELD RIGHT-OF-WAY,300,S,MICHIGAN AVE,113,,,,,,,2,NONINCAPACITATING INJURY,1,0,0,1,0,2,0,22,5,8,41.8782173453,-87.6244558403,POINT (-87.624455840297 41.878217345311)
772257a44fc93def9d76e627417a59c43b8f31e58dbcffa0e097bd526f20c751d88b2d99d16b215638ef5a93113ced42efa46b52d59d1107ca290b70c9fa501d,,08/14/2025 10:40:00 PM,30,NO CONTROLS,NO CONTROLS,CLEAR,DUSK,PARKED MOTOR VEHICLE,DIVIDED - W/MEDIAN (NOT RAISED),,STRAIGHT AND LEVEL,DRY,UNKNOWN,NOT ON SCENE (DESK REPORT),NO INJURY / DRIVE AWAY,,,Y,"OVER $1,500",08/15/2025 11:55:00 AM,FAILING TO REDUCE SPEED TO AVOID CRASH,UNABLE TO DETERMINE,3122,N,NARRAGANSETT AVE,2511,,,,,,,2,NO INDICATION OF INJURY,0,0,0,0,0,1,0,22,5,8,41.9371803686,-87.7860420517,POINT (-87.78604205165 41.937180368632)
fe1d9bfff7118c24dde54f94e6a9d031059687279121dc135a8bbb145731bf99c546d8f231dbe130c1b22f886a27aed007162f0eeb4a50e63ee0ae86d7cd09bc,,08/14/2025 10:10:00 PM,30,TRAFFIC SIGNAL,FUNCTIONING PROPERLY,CLEAR,"DARKNESS, LIGHTED ROAD",SIDESWIPE SAME DIRECTION,FOUR WAY,,STRAIGHT AND LEVEL,DRY,UNKNOWN,NOT ON SCENE (DESK REPORT),NO INJURY / DRIVE AWAY,Y,,,"OVER $1,500",08/14/2025 10:20:00 PM,"OPERATING VEHICLE IN ERRATIC, RECKLESS, CARELESS, NEGLIGENT OR AGGRESSIVE MANNER","OPERATING VEHICLE IN ERRATIC, RECKLESS, CARELESS, NEGLIGENT OR AGGRESSIVE MANNER",100,E,GRAND AVE,1834,,,,,,,2,NO INDICATION OF INJURY,0,0,0,0,0,2,0,22,5,8,41.8918234902,-87.6253177097,POINT (-87.625317709668 41.891823490173)
d1b5cba684569acf6f54eecf4c4e1de76c4521e9499a587673e0517ab301464ccd20ba530355bf9ec9233229229d88fdbe39c0e3b6653bb75b86e855d0293d29,,08/14/2025 10:00:00 PM,35,NO CONTROLS,NO CONTROLS,CLEAR,DAYLIGHT,PARKED MOTOR VEHICLE,NOT DIVIDED,,STRAIGHT AND LEVEL,DRY,NO DEFECTS,ON SCENE,INJURY AND / OR TOW DUE TO CRASH,,,,"OVER $1,500",08/14/2025 10:10:00 PM,FAILING TO REDUCE SPEED TO AVOID CRASH,DISTRACTION - FROM INSIDE VEHICLE,512,E,95TH ST,633,,,,,,,2,NO INDICATION OF INJURY,0,0,0,0,0,1,0,22,5,8,41.7220529614,-87.6111234934,POINT (-87.61112349337 41.722052961444)
db0ce2e6de9236ab20f1eb5f2fff6788e993f32fa8ebb94fcf42cf827c3bf12f665e73741783356d134989c175b9fc3f01047f47f59a5d88e3f7835c5a85098f,,08/14/2025 09:54:00 PM,30,TRAFFIC SIGNAL,UNKNOWN,CLEAR,"DARKNESS, LIGHTED ROAD",REAR END,NOT DIVIDED,,STRAIGHT AND LEVEL,DRY,UNKNOWN,ON SCENE,INJURY AND / OR TOW DUE TO CRASH,,,Y,"OVER $1,500",08/14/2025 10:00:00 PM,UNABLE TO DETERMINE,NOT APPLICABLE,3258,N,KEDZIE AVE,1733,,,,,,,2,NO INDICATION OF INJURY,0,0,0,0,0,2,0,21,5,8,41.940940092,-87.7078146497,POINT (-87.70781464971 41.940940092037)
d4b9f62a3f31b623ab55ebd46c4529e9c9e764ca5d6efbd098a34e4294c2a5f06ec8a5b832617c5ed06081526a094ea028a32eed0aa417bcd24f0c7ea75eee48,,08/14/2025 09:52:00 PM,30,UNKNOWN,UNKNOWN,UNKNOWN,UNKNOWN,PARKED MOTOR VEHICLE,ONE-WAY,,STRAIGHT AND LEVEL,UNKNOWN,UNKNOWN,NOT ON SCENE (DESK REPORT),NO INJURY / DRIVE AWAY,,,Y,"OVER $1,500",08/15/2025 04:22:00 PM,UNABLE TO DETERMINE,UNABLE TO DETERMINE,3231,N,IRENE AVE,1733,,,,,,,2,NO INDICATION OF INJURY,0,0,0,0,0,1,0,21,5,8,41.9399822314,-87.7070809488,POINT (-87.707080948813 41.939982231422)
d4453e330ca1549ae50a0b92b05c9697360e647a352f8d6f9b009b127357ed95e0c09a8ab47cc4ca4b501792a1fda48e02e36b2139d01a6e40482cbbbfefc2ed,,08/14/2025 09:45:00 PM,30,NO CONTROLS,NO CONTROLS,CLEAR,"DARKNESS, LIGHTED ROAD",SIDESWIPE SAME DIRECTION,DIVIDED - W/MEDIAN BARRIER,,STRAIGHT AND LEVEL,UNKNOWN,UNKNOWN,NOT ON SCENE (DESK REPORT),NO INJURY / DRIVE AWAY,,,,"OVER $1,500",08/14/2025 11:35:00 PM,UNABLE TO DETERMINE,UNABLE TO DETERMINE,500,S,ASHLAND AVE,1231,,,,,,,2,NO INDICATION OF INJURY,0,0,0,0,0,3,0,21,5,8,41.8751258946,-87.6667717745,POINT (-87.666771774482 41.875125894617)
f906f6731d03278b916f2e4321c161390e95a2a4619f1b1f13e723ec4288c5cb8d1d605cee61033eeb3562c4dba9c342c3e39c34cbdc2a7ef0b0f169fe6b25c5,,08/14/2025 09:30:00 PM,30,TRAFFIC SIGNAL,UNKNOWN,CLEAR,"DARKNESS, LIGHTED ROAD",ANGLE,DIVIDED - W/MEDIAN (NOT RAISED),,STRAIGHT AND LEVEL,DRY,UNKNOWN,NOT ON SCENE (DESK REPORT),INJURY AND / OR TOW DUE TO CRASH,,,,"OVER $1,500",08/14/2025 10:15:00 PM,UNABLE TO DETERMINE,NOT APPLICABLE,4700,S,LAKE PARK AVE,222,,,,,,,2,NONINCAPACITATING INJURY,1,0,0,1,0,1,0,21,5,8,41.8095347808,-87.5924502234,POINT (-87.592450223394 41.809534780826)
45ff706ed558031ad8597935ea4e9502fd570660125b618b698520035d94048c388913fe291115be33585ffe7419f4df68712ff0a4c12265dab0eaf94a7753ab,,08/14/2025 09:18:00 PM,30,FLASHING CONTROL SIGNAL,FUNCTIONING PROPERLY,CLEAR,"DARKNESS, LIGHTED ROAD",SIDESWIPE SAME DIRECTION,NOT DIVIDED,,STRAIGHT AND LEVEL,DRY,NO DEFECTS,ON SCENE,NO INJURY / DRIVE AWAY,,,,$500 OR LESS,08/14/2025 09:18:00 PM,FAILING TO REDUCE SPEED TO AVOID CRASH,DISTRACTION - FROM OUTSIDE VEHICLE,15,W,79TH ST,623,,,,,,,2,NO INDICATION OF INJURY,0,0,0,0,0,3,0,21,5,8,41.7508303581,-87.6251802018,POINT (-87.625180201785 41.750830358086)
4af7557e43a9eb9699c71bcc6c013e5ca708986e18ea41829b410664e759c5a35a75dbf6654f09b686daef615cc45e37c6eeb1f68c792acec70508efcd9ca092,,08/14/2025 09:16:00 PM,30,NO CONTROLS,NO CONTROLS,CLEAR,DUSK,REAR TO SIDE,NOT DIVIDED,,STRAIGHT AND LEVEL,DRY,NO DEFECTS,NOT ON SCENE (DESK REPORT),NO INJURY / DRIVE AWAY,Y,,,"$501 - $1,500",08/14/2025 09:30:00 PM,IMPROPER LANE USAGE,UNABLE TO DETERMINE,1600,E,70TH ST,332,,,,,,,2,NO INDICATION OF INJURY,0,0,0,0,0,2,0,21,5,8,41.7679923221,-87.585899131,POINT (-87.58589913102 41.767992322056)
03a0546a819cd36a27b0e7bf0d3c45d94f4e96c530f8160fb0061d0b242866724df888cffcc9d7188fddf0e68113fdb1db3e11ed3550cabab9673835a5081285,,08/14/2025 09:15:00 PM,30,NO CONTROLS,NO CONTROLS,CLEAR,DARKNESS,FIXED OBJECT,NOT DIVIDED,,STRAIGHT AND LEVEL,DRY,NO DEFECTS,ON SCENE,NO INJURY / DRIVE AWAY,,,Y,"OVER $1,500",08/14/2025 09:21:00 PM,UNABLE TO DETERMINE,UNABLE TO DETERMINE,3301,E,106TH ST,432,,,,,,,2,NO INDICATION OF INJURY,0,0,0,0,0,2,0,21,5,8,41.7026524665,-87.5437074949,POINT (-87.543707494885 41.702652466452)
22e082d4b4e218fa0b403da8a22974c709740c61c75c05d765ba2e15994365220017c0d86a54ade0f46757c093762ecc3d729415fbb803eb9917a3bcc8229145,,08/14/2025 09:00:00 PM,30,STOP SIGN/FLASHER,NO CONTROLS,CLEAR,"DARKNESS, LIGHTED ROAD",ANGLE,DIVIDED - W/MEDIAN (NOT RAISED),,STRAIGHT AND LEVEL,DRY,NO DEFECTS,NOT ON SCENE (DESK REPORT),NO INJURY / DRIVE AWAY,Y,,,"OVER $1,500",08/15/2025 03:20:00 AM,IMPROPER OVERTAKING/PASSING,NOT APPLICABLE,5800,W,EDDY ST,1633,,,,,,,2,NO INDICATION OF INJURY,0,0,0,0,0,2,0,21,5,8,41.9450189671,-87.7717181823,POINT (-87.771718182284 41.945018967133)
befa64618c1de52c3fa4a7f704c8ec509d0bcd5d525334cabb806fbfa59c1d41709b45ed5d8abb29e03da8245ff62a936d6385e014164421e87f9d2b391d9bd3,,08/14/2025 09:00:00 PM,30,TRAFFIC SIGNAL,FUNCTIONING PROPERLY,CLEAR,"DARKNESS, LIGHTED ROAD",TURNING,NOT DIVIDED,,STRAIGHT AND LEVEL,DRY,NO DEFECTS,NOT ON SCENE (DESK REPORT),INJURY AND / OR TOW DUE TO CRASH,Y,,,"OVER $1,500",08/14/2025 10:06:00 PM,UNABLE TO DETERMINE,NOT APPLICABLE,4300,S,CICERO AVE,814,,,,,,,2,"REPORTED, NOT EVIDENT",4,0,0,0,4,1,0,21,5,8,41.8148367504,-87.7435014806,POINT (-87.743501480634 41.81483675036)
c678af9b1b12eec523975fc35d1952a208785493f38937f64c045b1c33c55e688f6ac76add17cd48f688cf9c4b815bbda686af4d2346ed099445aff26166e562,,08/14/2025 09:00:00 PM,30,NO CONTROLS,NO CONTROLS,UNKNOWN,UNKNOWN,PARKED MOTOR VEHICLE,PARKING LOT,,STRAIGHT AND LEVEL,UNKNOWN,UNKNOWN,NOT ON SCENE (DESK REPORT),NO INJURY / DRIVE AWAY,,Y,Y,"OVER $1,500",08/16/2025 04:26:00 PM,UNABLE TO DETERMINE,DRIVING SKILLS/KNOWLEDGE/EXPERIENCE,1529,S,STATE ST,131,,,,,,,2,NO INDICATION OF INJURY,0,0,0,0,0,1,0,21,5,8,41.861078123,-87.6271240245,POINT (-87.62712402455 41.861078122968)
760c03d044adc2ce721f15e321f6fc7ca3f6c4ae71282deaa6632b1054ca70c0672eec8f55ac1439719e2ee1cdefe2f17af249142ef49d3c8e2f06c5b829fc8d,,08/14/2025 08:52:00 PM,30,NO CONTROLS,NO CONTROLS,UNKNOWN,UNKNOWN,REAR END,ONE-WAY,,STRAIGHT AND LEVEL,UNKNOWN,UNKNOWN,NOT ON SCENE (DESK REPORT),NO INJURY / DRIVE AWAY,,,,"OVER $1,500",08/15/2025 10:26:00 AM,FOLLOWING TOO CLOSELY,DRIVING SKILLS/KNOWLEDGE/EXPERIENCE,4049,S,MICHIGAN AVE,213,,,,,,,2,NO INDICATION OF INJURY,0,0,0,0,0,2,0,20,5,8,41.8205297703,-87.6229878899,POINT (-87.622987889913 41.820529770304)
ab525bbddaa584b75691507e75d0d761b7af25150cd5b7574338b3f09927e3b29be59146c0427aedfedeadfc5cd668d3c242f551d0d7f5b10c5f347175fd8656,,08/14/2025 08:50:00 PM,30,NO CONTROLS,NO CONTROLS,CLEAR,DARKNESS,PARKED MOTOR VEHICLE,NOT DIVIDED,,STRAIGHT AND LEVEL,DRY,NO DEFECTS,NOT ON SCENE (DESK REPORT),NO INJURY / DRIVE AWAY,,,,"OVER $1,500",08/16/2025 03:50:00 PM,IMPROPER BACKING,IMPROPER BACKING,3142,N,KOLMAR AVE,2521,,,,,,,2,NO INDICATION OF INJURY,0,0,0,0,0,1,0,20,5,8,41.9383614837,-87.7410601556,POINT (-87.74106015558 41.93836148369)
60812e5ee067605e5268d96ffb7420f6936956b5f5b2a4fb80e7cd17444e196ccc6199d44de603a116b8247a8e4113a7e432aac1365de6da1e3e274a55b4a5b9,,08/14/2025 08:45:00 PM,30,TRAFFIC SIGNAL,FUNCTIONING PROPERLY,CLEAR,DUSK,REAR TO SIDE,NOT DIVIDED,,STRAIGHT AND LEVEL,DRY,NO DEFECTS,NOT ON SCENE (DESK REPORT),NO INJURY / DRIVE AWAY,Y,,,"$501 - $1,500",08/14/2025 08:45:00 PM,IMPROPER LANE USAGE,UNABLE TO DETERMINE,1199,E,75TH ST,624,,,,,,,2,NO INDICATION OF INJURY,0,0,0,0,0,2,0,20,5,8,41.7585859549,-87.5956732775,POINT (-87.595673277515 41.758585954934)
ef2de2317ea07022b3b0a19e881f38912f9ee1e5ba632176853ed808d93dc08f951d2b89980b689c242f3f415ce2dbf8bee4ceb152fac133f446f89b83914a88,,08/14/2025 08:40:00 PM,25,TRAFFIC SIGNAL,FUNCTIONING PROPERLY,CLEAR,DAYLIGHT,TURNING,NOT DIVIDED,,STRAIGHT AND LEVEL,DRY,NO DEFECTS,NOT ON SCENE (DESK REPORT),NO INJURY / DRIVE AWAY,,,,"OVER $1,500",08/15/2025 02:30:00 PM,UNABLE TO DETERMINE,UNABLE TO DETERMINE,4211,S,CICERO AVE,815,,,,,,,2,NO INDICATION OF INJURY,0,0,0,0,0,2,0,20,5,8,41.8163606741,-87.7432332456,POINT (-87.743233245559 41.816360674112)
3bdff87b57ec09d2654336759745d4a4a2c594c79961c2425135256fb81907c92031eaa0d035d2be965ed9371be6982595a7bc509a382134824d94d7a50bf62c,,08/14/2025 08:35:00 PM,30,NO CONTROLS,NO CONTROLS,CLEAR,DARKNESS,SIDESWIPE SAME DIRECTION,ONE-WAY,,STRAIGHT AND LEVEL,DRY,NO DEFECTS,NOT ON SCENE (DESK REPORT),NO INJURY / DRIVE AWAY,,,,"$501 - $1,500",08/14/2025 09:35:00 PM,UNABLE TO DETERMINE,NOT APPLICABLE,4323,W,GLADYS AVE,1131,,,,,,,2,NO INDICATION OF INJURY,0,0,0,0,0,2,0,20,5,8,41.8759644256,-87.733823979,POINT (-87.733823978999 41.875964425613)
87f9bdfa4da345c986299d123b25236b8d7f9b56282ecb11c14bc65c2fd274cac90307c8054414cbbb0d477e79c90766549212610c22a8d7a8d6805d8f1e6b3b,N,08/14/2025 08:30:00 PM,30,NO CONTROLS,NO CONTROLS,CLEAR,"DARKNESS, LIGHTED ROAD",PARKED MOTOR VEHICLE,DRIVEWAY,,STRAIGHT AND LEVEL,DRY,NO DEFECTS,ON SCENE,NO INJURY / DRIVE AWAY,,,Y,"OVER $1,500",08/14/2025 08:57:00 PM,UNABLE TO DETERMINE,NOT APPLICABLE,820,S,KEELER AVE,1132,,,,,,,2,NO INDICATION OF INJURY,0,0,0,0,0,1,0,20,5,8,41.8703190879,-87.7303572609,POINT (-87.730357260908 41.870319087931)
907b1a49b85d67422a4b239d82cbc2a5992e0d392da1eac4b9b51832fec2dadb31370d9b4b47ed469b11b1a47c1ed62e20dc821a5f165e76c003ea238168dfb6,,08/14/2025 08:30:00 PM,30,NO CONTROLS,NO CONTROLS,CLEAR,"DARKNESS, LIGHTED ROAD",SIDESWIPE SAME DIRECTION,NOT DIVIDED,,STRAIGHT AND LEVEL,DRY,NO DEFECTS,NOT ON SCENE (DESK REPORT),NO INJURY / DRIVE AWAY,,,,"OVER $1,500",08/14/2025 09:15:00 PM,IMPROPER OVERTAKING/PASSING,IMPROPER OVERTAKING/PASSING,1533,W,JARVIS AVE,2423,,,,,,,2,NO INDICATION OF INJURY,0,0,0,0,0,2,0,20,5,8,42.015901674,-87.669442135,POINT (-87.669442135045 42.015901673999)
809db010105247869fc0f351e30cfacfbf5b9578b30550bde3f555811feb62acc32922ff4a602d957e292ec6f0a4b21733edc3d3ec961b7a4ea12cc8eec86d45,,08/14/2025 08:25:00 PM,30,NO CONTROLS,NO CONTROLS,CLEAR,DAYLIGHT,PARKED MOTOR VEHICLE,ONE-WAY,,STRAIGHT AND LEVEL,DRY,NO DEFECTS,NOT ON SCENE (DESK REPORT),NO INJURY / DRIVE AWAY,,,Y,"OVER $1,500",08/17/2025 06:25:00 PM,UNABLE TO DETERMINE,UNABLE TO DETERMINE,5117,W,ALTGELD ST,2521,,,,,,,2,NO INDICATION OF INJURY,0,0,0,0,0,1,0,20,5,8,41.9258764847,-87.7544842631,POINT (-87.754484263099 41.925876484722)
ae301dbf8527a1591bffee0adec0d5f3acf905f08178a72f5880d00fa76e5dd9eddcdef2e56342de4f35bc5c7232f5e7f3be6cba7d76690e3361505a02b55556,,08/14/2025 08:19:00 PM,30,TRAFFIC SIGNAL,FUNCTIONING PROPERLY,CLEAR,"DARKNESS, LIGHTED ROAD",PARKED MOTOR VEHICLE,DIVIDED - W/MEDIAN (NOT RAISED),,STRAIGHT AND LEVEL,DRY,NO DEFECTS,ON SCENE,INJURY AND / OR TOW DUE TO CRASH,Y,,,"OVER $1,500",08/14/2025 08:42:00 PM,"EVASIVE ACTION DUE TO ANIMAL, OBJECT, NONMOTORIST",NOT APPLICABLE,1,E,79TH ST,623,,Y,,,,,3,"REPORTED, NOT EVIDENT",5,0,0,0,5,1,0,20,5,8,41.7508520955,-87.6244638321,POINT (-87.624463832103 41.750852095511)
1c07eab9d4443d22572a3c641f19b75cee3fa8b22e0ccfbae1750b5b063ee0c7cdb31f384415faedb0a4970c521801488383c4d7c1eb643f614e99a6b0871eb0,,08/14/2025 08:10:00 PM,10,NO CONTROLS,NO CONTROLS,CLEAR,"DARKNESS, LIGHTED ROAD",PARKED MOTOR VEHICLE,PARKING LOT,,STRAIGHT AND LEVEL,DRY,NO DEFECTS,NOT ON SCENE (DESK REPORT),NO INJURY / DRIVE AWAY,,,Y,"OVER $1,500",08/14/2025 09:20:00 PM,UNABLE TO DETERMINE,UNABLE TO DETERMINE,3554,W,NORTH AVE,1422,,,,,,,2,NO INDICATION OF INJURY,0,0,0,0,0,1,0,20,5,8,41.9101080822,-87.7163634778,POINT (-87.716363477798 41.910108082249)
792f0dcd66d0e4fd3ca60d0648e9ff751633cfdd54eba79632e2da55dbd2cf2098e781671238d185794e7fdb340208abe801008a9666621b698483a8ae887ea4,,08/14/2025 08:07:00 PM,30,STOP SIGN/FLASHER,FUNCTIONING PROPERLY,CLEAR,DUSK,TURNING,FOUR WAY,,STRAIGHT AND LEVEL,DRY,NO DEFECTS,ON SCENE,INJURY AND / OR TOW DUE TO CRASH,,,,"OVER $1,500",08/14/2025 08:07:00 PM,DISREGARDING ROAD MARKINGS,DISTRACTION - FROM INSIDE VEHICLE,533,E,103RD ST,512,,,,,,,2,NONINCAPACITATING INJURY,1,0,0,1,0,2,0,20,5,8,41.7072616185,-87.6100485491,POINT (-87.610048549119 41.707261618544)
bfaf6e97b62e1a73d61cfaa5afa2075181e51a9e37cbb91ac7158489c7f1ebd63d95789d93cabbc13898a1e18a96a4231729e95a29d77555fbcdd2827d11ccd2,,08/14/2025 08:00:00 PM,10,NO CONTROLS,NO CONTROLS,CLEAR,"DARKNESS, LIGHTED ROAD",PARKED MOTOR VEHICLE,ALLEY,,STRAIGHT AND LEVEL,DRY,NO DEFECTS,NOT ON SCENE (DESK REPORT),NO INJURY / DRIVE AWAY,,,Y,"OVER $1,500",08/15/2025 10:30:00 AM,UNABLE TO DETERMINE,UNABLE TO DETERMINE,3534,W,72ND PL,831,,,,,,,2,NO INDICATION OF INJURY,0,0,0,0,0,1,0,20,5,8,41.7616331506,-87.7113620681,POINT (-87.711362068115 41.761633150588)
9416fb5ebddfeb5782c7aec4463090e761c96abc6289a8e8f1d858ab62d953744cba20f1b2b0a5a46a0ac5eb65dbabeb38e10366bdc77c481d9e2ac3dd616a3a,,08/14/2025 07:53:00 PM,30,TRAFFIC SIGNAL,UNKNOWN,UNKNOWN,UNKNOWN,SIDESWIPE SAME DIRECTION,OTHER,,STRAIGHT AND LEVEL,UNKNOWN,UNKNOWN,NOT ON SCENE (DESK REPORT),NO INJURY / DRIVE AWAY,Y,,,"$501 - $1,500",08/14/2025 10:00:00 PM,UNABLE TO DETERMINE,UNABLE TO DETERMINE,803,W,GARFIELD BLVD,712,,,,,,,2,NO INDICATION OF INJURY,0,0,0,0,0,4,0,19,5,8,41.7938315431,-87.6452999391,POINT (-87.645299939125 41.79383154308)
3aeb72f002937a17f6d3457091e7e4ba2a07560ef304b6d6ecb2bca2fe6f285db411626b7372c25be0052b667b32737c90149dde31cfbf726c8a093db4a7a27f,,08/14/2025 07:50:00 PM,30,TRAFFIC SIGNAL,FUNCTIONING PROPERLY,CLEAR,DUSK,REAR END,NOT DIVIDED,,STRAIGHT AND LEVEL,DRY,NO DEFECTS,ON SCENE,NO INJURY / DRIVE AWAY,,,Y,"$501 - $1,500",08/14/2025 08:10:00 PM,UNABLE TO DETERMINE,UNABLE TO DETERMINE,2030,W,47TH ST,924,,,,,,,2,NO INDICATION OF INJURY,0,0,0,0,0,2,0,19,5,8,41.8086141587,-87.6758524897,POINT (-87.675852489693 41.808614158684)
4fb15237b54e01b9264d46126520dc23cdffb47365abb8a5909fff9b34da82e5ed59d9523f93513f084e8f94b048fd8b805aefebbdb5d303a53763055b84f7af,,08/14/2025 07:41:00 PM,30,TRAFFIC SIGNAL,FUNCTIONING PROPERLY,CLEAR,"DARKNESS, LIGHTED ROAD",SIDESWIPE SAME DIRECTION,Y-INTERSECTION,,STRAIGHT ON GRADE,DRY,UNKNOWN,ON SCENE,INJURY AND / OR TOW DUE TO CRASH,Y,,,"OVER $1,500",08/14/2025 08:32:00 PM,UNABLE TO DETERMINE,UNABLE TO DETERMINE,3698,W,COLUMBUS AVE,834,,,,,,,2,"REPORTED, NOT EVIDENT",2,0,0,0,2,0,0,19,5,8,41.7412849168,-87.7144331761,POINT (-87.714433176106 41.74128491677)
f247075ea6ec40f40031e0c098c77eef06c5c1a5045d75442cf31e3e5266a15e0785711bbbe2ab16a9d8f52df6c21baf07d9fb3fd92278da613410e527ad8a26,,08/14/2025 07:38:00 PM,30,NO CONTROLS,NO CONTROLS,CLEAR,DAYLIGHT,REAR END,DIVIDED - W/MEDIAN (NOT RAISED),,STRAIGHT AND LEVEL,DRY,NO DEFECTS,NOT ON SCENE (DESK REPORT),NO INJURY / DRIVE AWAY,,,,"OVER $1,500",08/18/2025 02:00:00 PM,FOLLOWING TOO CLOSELY,FOLLOWING TOO CLOSELY,6100,S,HALSTED ST,712,,,,,,,2,NO INDICATION OF INJURY,0,0,0,0,0,2,0,19,5,8,41.783338493,-87.6450229514,POINT (-87.64502295135 41.783338492969)
e3ae287e36f84eb45baef4f885cd9197b287c143e38601d0647ec98d1b0777d959e5e3784c458237ea95db33f41fbda0654cff1dce52a2b484cca87ad27b2779,,08/14/2025 07:36:00 PM,30,NO CONTROLS,NO CONTROLS,CLEAR,"DARKNESS, LIGHTED ROAD",TURNING,DIVIDED - W/MEDIAN (NOT RAISED),,STRAIGHT AND LEVEL,DRY,NO DEFECTS,ON SCENE,NO INJURY / DRIVE AWAY,,,,"OVER $1,500",08/14/2025 08:39:00 PM,IMPROPER LANE USAGE,NOT APPLICABLE,1608,N,MILWAUKEE AVE,1434,,,,,,,2,NO INDICATION OF INJURY,0,0,0,0,0,2,0,19,5,8,41.9105744942,-87.6779911483,POINT (-87.677991148303 41.910574494164)
2d0e5450a8884c4d92e41f5d691b5fce246d298c9ecbdf0b8282974721744cd092303dc84c45df160a8fc632d3fcb8b098340abcfa5a74208404bac5bb6285b6,,08/14/2025 07:30:00 PM,30,STOP SIGN/FLASHER,FUNCTIONING PROPERLY,CLEAR,DAYLIGHT,REAR END,NOT DIVIDED,,STRAIGHT AND LEVEL,DRY,NO DEFECTS,ON SCENE,INJURY AND / OR TOW DUE TO CRASH,,,,"OVER $1,500",08/14/2025 07:32:00 PM,FOLLOWING TOO CLOSELY,FOLLOWING TOO CLOSELY,9501,S,STONY ISLAND AVE,431,,Y,,,,,2,"REPORTED, NOT EVIDENT",1,0,0,0,1,1,0,19,5,8,41.722243815,-87.5849691185,POINT (-87.584969118484 41.722243814964)