CRASH_RECORD_ID,CRASH_DATE_EST_I,CRASH_DATE,POSTED_SPEED_LIMIT,TRAFFIC_CONTROL_DEVICE,DEVICE_CONDITION,WEATHER_CONDITION,LIGHTING_CONDITION,FIRST_CRASH_TYPE,TRAFFICWAY_TYPE,LANE_CNT,ALIGNMENT,ROADWAY_SURFACE_COND,ROAD_DEFECT,REPORT_TYPE,CRASH_TYPE,INTERSECTION_RELATED_I,NOT_RIGHT_OF_WAY_I,HIT_AND_RUN_I,DAMAGE,DATE_POLICE_NOTIFIED,PRIM_CONTRIBUTORY_CAUSE,SEC_CONTRIBUTORY_CAUSE,STREET_NO,STREET_DIRECTION,STREET_NAME,BEAT_OF_OCCURRENCE,PHOTOS_TAKEN_I,STATEMENTS_TAKEN_I,DOORING_I,WORK_ZONE_I,WORK_ZONE_TYPE,WORKERS_PRESENT_I,NUM_UNITS,MOST_SEVERE_INJURY,INJURIES_TOTAL,INJURIES_FATAL,INJURIES_INCAPACITATING,INJURIES_NON_INCAPACITATING,INJURIES_REPORTED_NOT_EVIDENT,INJURIES_NO_INDICATION,INJURIES_UNKNOWN,CRASH_HOUR,CRASH_DAY_OF_WEEK,CRASH_MONTH,LATITUDE,LONGITUDE,LOCATION
62e10a5dba658aa28a87bb5766c4a2a0996298d7e9136ceea904abf3e092c85137cb8b6816e53932f070d166662da0e765c8774719fb6c9d3c9f411d62e237e6,,08/14/2025 07:02:00 PM,30,UNKNOWN,UNKNOWN,UNKNOWN,"DARKNESS, LIGHTED ROAD",SIDESWIPE OPPOSITE DIRECTION,NOT DIVIDED,,STRAIGHT AND LEVEL,UNKNOWN,UNKNOWN,NOT ON SCENE (DESK REPORT),NO INJURY / DRIVE AWAY,,,,"OVER $1,500",08/14/2025 08:05:00 PM,UNABLE TO DETERMINE,NOT APPLICABLE,2339,N,BOSWORTH AVE,1811,,,,,,,2,NO INDICATION OF INJURY,0,0,0,0,0,2,0,19,5,8,41.9247495858,-87.6668281986,POINT (-87.666828198626 41.924749585823)
23fb40cd5dbe24072b043c27aeedf3ae8dc303c2d2bbc48639e69a8eea7198ed92a6097cc0fd1b954e52740562c8eadc026401bd683a6ddeba49078985f63795,,08/14/2025 07:00:00 PM,25,NO CONTROLS,NO CONTROLS,CLEAR,"DARKNESS, LIGHTED ROAD",SIDESWIPE SAME DIRECTION,OTHER,,"CURVE, LEVEL",DRY,NO DEFECTS,NOT ON SCENE (DESK REPORT),NO INJURY / DRIVE AWAY,,,,"OVER $1,500",08/14/2025 07:20:00 PM,IMPROPER OVERTAKING/PASSING,IMPROPER OVERTAKING/PASSING,350,W,ONTARIO ST,1831,Y,,,,,,2,NO INDICATION OF INJURY,0,0,0,0,0,2,0,19,5,8,41.8932507701,-87.6375556861,POINT (-87.637555686078 41.89325077006)
2f627d12b3154ed9c6236c03f63d645dde35ca0a2fddda984422a4abacaab986090c1c85b0a347c5627391144e5ace000667abfc757b0b3d9e582c730ba0cdba,,08/14/2025 07:00:00 PM,30,NO CONTROLS,FUNCTIONING PROPERLY,CLEAR,DAYLIGHT,REAR END,DIVIDED - W/MEDIAN (NOT RAISED),,STRAIGHT AND LEVEL,DRY,UNKNOWN,NOT ON SCENE (DESK REPORT),NO INJURY / DRIVE AWAY,N,,,"OVER $1,500",08/14/2025 08:05:00 PM,UNABLE TO DETERMINE,NOT APPLICABLE,6500,S,DR MARTIN LUTHER KING JR DR,312,,,,,,,2,NO INDICATION OF INJURY,0,0,0,0,0,2,0,19,5,8,41.7765106171,-87.6156798597,POINT (-87.615679859657 41.776510617137)
69af584207a53fee321c04659e8fde0f3f525acac0f73934202e8a0900e4fb3dd0bb34a58246c48641ca9abac92b49515d8d0022e1ad697433fcdde672b1db17,,08/14/2025 07:00:00 PM,30,NO CONTROLS,NO CONTROLS,CLEAR,DAYLIGHT,SIDESWIPE OPPOSITE DIRECTION,NOT DIVIDED,,STRAIGHT AND LEVEL,DRY,NO DEFECTS,NOT ON SCENE (DESK REPORT),NO INJURY / DRIVE AWAY,,,,"OVER $1,500",08/17/2025 04:15:00 PM,IMPROPER OVERTAKING/PASSING,UNABLE TO DETERMINE,2958,W,CARROLL AVE,1222,,,,,,,2,NO INDICATION OF INJURY,0,0,0,0,0,2,0,19,5,8,41.8876931713,-87.7012704828,POINT (-87.701270482763 41.887693171278)
a484fcb0138cb546d1506cd83f12d8f7d26458fb15da826b232ed52b20e56ba5c0975046cd61b0de3479173a832e280303b6213c9277fe7fb19d5b0919995d52,,08/14/2025 07:00:00 PM,30,NO CONTROLS,NO CONTROLS,CLEAR,DAYLIGHT,PARKED MOTOR VEHICLE,NOT DIVIDED,,STRAIGHT AND LEVEL,DRY,NO DEFECTS,ON SCENE,NO INJURY / DRIVE AWAY,,,,"OVER $1,500",08/14/2025 07:15:00 PM,UNABLE TO DETERMINE,UNABLE TO DETERMINE,2302,N,CLYBOURN AVE,1811,,,,,,,2,NO INDICATION OF INJURY,0,0,0,0,0,1,0,19,5,8,41.9236946354,-87.667510897,POINT (-87.667510897005 41.923694635351)
dc914a9019e62693dd6dd1761f003f5ccb8d9101b1de8e5847fe8ade34e3ea4b063e6d615dd3363f56615c3948d7af78422fbe31011ced745c45d0151d31bf27,,08/14/2025 07:00:00 PM,30,NO CONTROLS,NO CONTROLS,CLEAR,DAYLIGHT,OTHER OBJECT,NOT DIVIDED,,STRAIGHT AND LEVEL,DRY,UNKNOWN,ON SCENE,INJURY AND / OR TOW DUE TO CRASH,,,,"$501 - $1,500",08/14/2025 07:02:00 PM,FAILING TO YIELD RIGHT-OF-WAY,NOT APPLICABLE,23,W,KINZIE ST,1831,,,,,,,2,"REPORTED, NOT EVIDENT",1,0,0,0,1,1,0,19,5,8,41.8891306124,-87.6290098662,POINT (-87.629009866158 41.889130612422)
e5fa9f88673b26e80dc35ed2f75b38a417177c2e6b9fcff5f9924f72b27fe481f19bdd18f5c2b8e4f1bbcecac5352d108d52bda41f9e72221480f778f2506b4d,,08/14/2025 06:58:00 PM,30,NO CONTROLS,NO CONTROLS,CLEAR,DAYLIGHT,PARKED MOTOR VEHICLE,NOT DIVIDED,,STRAIGHT AND LEVEL,DRY,NO DEFECTS,NOT ON SCENE (DESK REPORT),NO INJURY / DRIVE AWAY,,,,"$501 - $1,500",08/14/2025 09:45:00 PM,FOLLOWING TOO CLOSELY,NOT APPLICABLE,2242,S,WENTWORTH AVE,914,,,,,,,2,NO INDICATION OF INJURY,0,0,0,0,0,1,0,18,5,8,41.8516594836,-87.6321322792,POINT (-87.632132279208 41.851659483625)
704d243fcc5500205059ae8290bcb0d6087cf131a34c9ee2223e7e5ff4fe779a6c57b0a2ddf59f2ac00ca2b06ddeeb45caceda09824aac369bc16d258edcb42c,,08/14/2025 06:55:00 PM,30,NO CONTROLS,NO CONTROLS,CLEAR,DAYLIGHT,PARKED MOTOR VEHICLE,ONE-WAY,,STRAIGHT AND LEVEL,DRY,WORN SURFACE,ON SCENE,NO INJURY / DRIVE AWAY,,,,"OVER $1,500",08/14/2025 06:59:00 PM,UNABLE TO DETERMINE,NOT APPLICABLE,1633,W,53RD ST,932,,,,,,,2,NO INDICATION OF INJURY,0,0,0,0,0,1,0,18,5,8,41.7975504079,-87.6659536747,POINT (-87.665953674666 41.79755040786)
1a3a8a279d074e076aff2c400834ab1303dcabfe7054f33dd934715a06eee92df34374bc599fad0b525bb92ec83ee0de1d1581175e053668d44979a3ae660d5f,,08/14/2025 06:50:00 PM,30,STOP SIGN/FLASHER,FUNCTIONING PROPERLY,CLEAR,DUSK,REAR END,NOT DIVIDED,,STRAIGHT AND LEVEL,DRY,NO DEFECTS,NOT ON SCENE (DESK REPORT),NO INJURY / DRIVE AWAY,,,,"OVER $1,500",08/14/2025 09:05:00 PM,UNABLE TO DETERMINE,NOT APPLICABLE,1809,W,50TH ST,931,,,,,,,2,NO INDICATION OF INJURY,0,0,0,0,0,3,0,18,5,8,41.8029811987,-87.6701145294,POINT (-87.670114529388 41.802981198736)
1e026125d1f5db4e94249baa43c0a8a24e2e96d91b1a078a6743e9b13b54d32bcafcd31ead327575c7b38bc23a54e31a9bcc0998e55cf23918979497acd8170b,,08/14/2025 06:45:00 PM,30,STOP SIGN/FLASHER,FUNCTIONING PROPERLY,CLEAR,DAYLIGHT,REAR END,NOT DIVIDED,,STRAIGHT AND LEVEL,DRY,NO DEFECTS,NOT ON SCENE (DESK REPORT),NO INJURY / DRIVE AWAY,Y,,Y,"OVER $1,500",08/16/2025 01:52:00 PM,FOLLOWING TOO CLOSELY,DRIVING SKILLS/KNOWLEDGE/EXPERIENCE,2101,W,DIVISION ST,1212,,,,,,,2,NO INDICATION OF INJURY,0,0,0,0,0,3,0,18,5,8,41.9030350339,-87.6798186906,POINT (-87.679818690623 41.903035033911)
c13cade31e0ccd2ec6f159e76de9d9aee42aaadb138e215f46ff0aa56b14cd9e70732fe092dd8b1bbf86b05c70b4f6ed5b0b8d5ae4fbf102c615dfd0caf00051,,08/14/2025 06:45:00 PM,25,TRAFFIC SIGNAL,UNKNOWN,CLEAR,DAYLIGHT,TURNING,FOUR WAY,,STRAIGHT AND LEVEL,DRY,UNKNOWN,NOT ON SCENE (DESK REPORT),NO INJURY / DRIVE AWAY,Y,,,"$501 - $1,500",08/14/2025 07:00:00 PM,UNABLE TO DETERMINE,UNABLE TO DETERMINE,1558,W,DEVON AVE,2432,,,,,,,2,NO INDICATION OF INJURY,0,0,0,0,0,3,0,18,5,8,41.9981913735,-87.6700844185,POINT (-87.670084418452 41.998191373471)
7dc670248ead31ca620f964364bf5e6e0e32811f278f891b95406ac0dfd134b38dcb9de2fd487755f32615baa561070914e1fa164bf1299f99406e656d1f8664,,08/14/2025 06:40:00 PM,30,UNKNOWN,UNKNOWN,CLEAR,DAYLIGHT,SIDESWIPE SAME DIRECTION,NOT DIVIDED,,STRAIGHT AND LEVEL,UNKNOWN,UNKNOWN,NOT ON SCENE (DESK REPORT),NO INJURY / DRIVE AWAY,,,,"OVER $1,500",08/14/2025 08:00:00 PM,UNABLE TO DETERMINE,UNABLE TO DETERMINE,701,N,MICHIGAN AVE,1834,,,,,,,2,NO INDICATION OF INJURY,0,0,0,0,0,2,0,18,5,8,41.8949836069,-87.6241061965,POINT (-87.624106196489 41.894983606939)
5d1ac48442b03f434593a9887b35ff5ee3e562f0e2110ba7f8fe69b192127db9ff75d5e695e862d35deeeffbc86b6f52545689e9d8ce22b750a58ab96a0d57e7,,08/14/2025 06:34:00 PM,30,STOP SIGN/FLASHER,FUNCTIONING PROPERLY,CLEAR,DAYLIGHT,ANGLE,NOT DIVIDED,,STRAIGHT AND LEVEL,DRY,NO DEFECTS,ON SCENE,INJURY AND / OR TOW DUE TO CRASH,Y,,,"OVER $1,500",08/14/2025 06:34:00 PM,"VISION OBSCURED (SIGNS, TREE LIMBS, BUILDINGS, ETC.)",NOT APPLICABLE,5700,S,MERRIMAC AVE,811,,,,,,,2,NO INDICATION OF INJURY,0,0,0,0,0,3,0,18,5,8,41.7886558559,-87.7781574214,POINT (-87.778157421397 41.788655855904)
d5d26c2f2a9c00bb5aa9916a6883bd0d4749614f6ba98d92686ae41cb76668d3dc43a9f1cce2d02f75ff53d6d3a5fb12772b6e5a3e6d466b5e3bfd567962eb7a,,08/14/2025 06:33:00 PM,30,TRAFFIC SIGNAL,FUNCTIONING PROPERLY,CLEAR,DAYLIGHT,TURNING,FOUR WAY,,STRAIGHT AND LEVEL,DRY,NO DEFECTS,ON SCENE,INJURY AND / OR TOW DUE TO CRASH,Y,,,"OVER $1,500",08/14/2025 06:33:00 PM,FAILING TO YIELD RIGHT-OF-WAY,NOT APPLICABLE,7900,S,DR MARTIN LUTHER KING JR DR,623,,,,,,,2,NO INDICATION OF INJURY,0,0,0,0,0,2,0,18,5,8,41.7510204707,-87.6151022455,POINT (-87.615102245534 41.751020470682)
205c2241890af8e845aebf2936af44a45366495c4b382f9316f536161c97d302dac2665a48b82411129356020a8617a7a9efaab8ca4a2fd37eae94efd6c19b18,,08/14/2025 06:32:00 PM,30,TRAFFIC SIGNAL,FUNCTIONING PROPERLY,CLEAR,DAYLIGHT,REAR END,NOT DIVIDED,,STRAIGHT AND LEVEL,DRY,NO DEFECTS,,NO INJURY / DRIVE AWAY,,,,"OVER $1,500",08/14/2025 08:35:00 PM,UNABLE TO DETERMINE,NOT APPLICABLE,2256,W,NORTH AVE,1434,,,,,,,3,NO INDICATION OF INJURY,0,0,0,0,0,3,0,18,5,8,41.9104690676,-87.6846394588,POINT (-87.684639458829 41.910469067577)
23d4387bac418b97c38151108299c14458399ac0bab8543ef6c90844ef4ff74aa498db90ae338708510968a1992d1cb6e6fece44c7973cf9d3cbc14b02d77d70,,08/14/2025 06:30:00 PM,30,TRAFFIC SIGNAL,FUNCTIONING PROPERLY,UNKNOWN,UNKNOWN,REAR END,DIVIDED - W/MEDIAN (NOT RAISED),,STRAIGHT AND LEVEL,UNKNOWN,UNKNOWN,NOT ON SCENE (DESK REPORT),NO INJURY / DRIVE AWAY,,,,"OVER $1,500",08/15/2025 02:45:00 PM,IMPROPER LANE USAGE,IMPROPER LANE USAGE,4046,S,CICERO AVE,814,,,,,,,2,NO INDICATION OF INJURY,0,0,0,0,0,2,0,18,5,8,41.8193597909,-87.7436217638,POINT (-87.743621763829 41.81935979089)
8bf815c2177669562bf4d3c558907273bca75d0012912f93c195799be2e905ec9386685bce6b3297987cce8581679703433b7a1f9e19d830382e99094f9bc750,,08/14/2025 06:28:00 PM,30,TRAFFIC SIGNAL,FUNCTIONING PROPERLY,UNKNOWN,DAYLIGHT,REAR END,UNKNOWN INTERSECTION TYPE,,STRAIGHT AND LEVEL,UNKNOWN,NO DEFECTS,NOT ON SCENE (DESK REPORT),INJURY AND / OR TOW DUE TO CRASH,Y,,,"$501 - $1,500",08/16/2025 02:05:00 PM,UNABLE TO DETERMINE,UNABLE TO DETERMINE,1750,W,31ST PL,912,,,,,,,2,NONINCAPACITATING INJURY,1,0,0,1,0,1,0,18,5,8,41.8370826581,-87.6698979184,POINT (-87.669897918407 41.837082658119)
f505c520cbadfea88a13f1d457c4b4ce781dccfa19507fceab0f83725c26b40d8d093a3b892c70d4304b1fb881eb06a7509ad0bb2adf2ce7e368e9861476b5ce,,08/14/2025 06:24:00 PM,25,NO CONTROLS,NO CONTROLS,CLEAR,DAYLIGHT,SIDESWIPE SAME DIRECTION,DIVIDED - W/MEDIAN (NOT RAISED),,STRAIGHT AND LEVEL,DRY,NO DEFECTS,NOT ON SCENE (DESK REPORT),NO INJURY / DRIVE AWAY,,,Y,"$501 - $1,500",08/15/2025 07:40:00 AM,UNABLE TO DETERMINE,UNABLE TO DETERMINE,599,W,87TH ST,2223,,,,,,,2,NO INDICATION OF INJURY,0,0,0,0,0,3,0,18,5,8,41.7359277231,-87.6386886941,POINT (-87.63868869407 41.735927723097)
5ee5757f5d60e86906f4f53630181b121235cddc29c3521910bb456917f7d20ea35c67b72cdc5c7652ef7be1a05f58ac817dd611e0ecb55631095849cb59b3ca,,08/14/2025 06:17:00 PM,30,TRAFFIC SIGNAL,FUNCTIONING PROPERLY,CLEAR,DAYLIGHT,REAR END,NOT DIVIDED,,STRAIGHT AND LEVEL,DRY,NO DEFECTS,ON SCENE,NO INJURY / DRIVE AWAY,,,,$500 OR LESS,08/14/2025 06:20:00 PM,FOLLOWING TOO CLOSELY,NOT APPLICABLE,4026,W,50TH ST,815,,,,,,,2,NO INDICATION OF INJURY,0,0,0,0,0,2,0,18,5,8,41.8024734148,-87.7245843736,POINT (-87.724584373552 41.802473414798)
212a488f767ea29239a77e5143203e2989bea5f8ca932cf2db9ac5e4484e77328ebdf99f8033f01a147ff3f066b54b5672459d7a030ddbf20e30b4e4e1916d24,,08/14/2025 06:15:00 PM,30,TRAFFIC SIGNAL,FUNCTIONING PROPERLY,CLEAR,DAYLIGHT,TURNING,NOT DIVIDED,,STRAIGHT AND LEVEL,DRY,NO DEFECTS,ON SCENE,INJURY AND / OR TOW DUE TO CRASH,Y,,Y,"OVER $1,500",08/14/2025 06:22:00 PM,DISREGARDING TRAFFIC SIGNALS,UNABLE TO DETERMINE,3998,W,JACKSON BLVD,1122,,,,,,,2,"REPORTED, NOT EVIDENT",1,0,0,0,1,1,0,18,5,8,41.8771987914,-87.7254266875,POINT (-87.725426687532 41.877198791436)
2cbb31abbee776f962a680d068fb21dd3bc98c696c757521c22ccbb5daaf3579e95d4d44a502a0814e0cf5ce2518f5be5185e52964e3b45cc5acd978d1d70b72,,08/14/2025 06:11:00 PM,30,TRAFFIC SIGNAL,FUNCTIONING PROPERLY,CLEAR,DAYLIGHT,TURNING,T-INTERSECTION,,STRAIGHT AND LEVEL,DRY,NO DEFECTS,ON SCENE,INJURY AND / OR TOW DUE TO CRASH,Y,,,"OVER $1,500",08/14/2025 06:45:00 PM,FAILING TO REDUCE SPEED TO AVOID CRASH,NOT APPLICABLE,3100,W,PETERSON AVE,2413,,,,,,,2,NO INDICATION OF INJURY,0,0,0,0,0,2,0,18,5,8,41.9905081606,-87.7067186782,POINT (-87.706718678176 41.9905081606)
1eb2eea280b3927d11f185f85f815bef9b14cca8c65ea4e535c7513909d2cae8e460ecc1ab19f48b6e292c2c9a5d696b8b2aec82b1431b836c22fa953bfa14c6,,08/14/2025 06:10:00 PM,30,NO CONTROLS,NO CONTROLS,CLEAR,DAYLIGHT,REAR END,DIVIDED - W/MEDIAN (NOT RAISED),,STRAIGHT AND LEVEL,DRY,NO DEFECTS,ON SCENE,NO INJURY / DRIVE AWAY,,,Y,"OVER $1,500",08/14/2025 06:16:00 PM,FOLLOWING TOO CLOSELY,UNABLE TO DETERMINE,5900,W,FULLERTON AVE,2515,,,,,,,2,NO INDICATION OF INJURY,0,0,0,0,0,2,0,18,5,8,41.9239748496,-87.773349489,POINT (-87.773349488982 41.923974849631)
ab71ed4d332278eb69566901aaa9197eed955af51facab40e7986e215fac4e961092179c0c6fdaa07e242689850468a3e439a3565ac739640ae5467c7cff4d9c,,08/14/2025 06:10:00 PM,30,NO CONTROLS,NO CONTROLS,CLEAR,DAYLIGHT,REAR END,NOT DIVIDED,,STRAIGHT AND LEVEL,DRY,NO DEFECTS,NOT ON SCENE (DESK REPORT),INJURY AND / OR TOW DUE TO CRASH,,,Y,"OVER $1,500",08/14/2025 07:07:00 PM,FOLLOWING TOO CLOSELY,NOT APPLICABLE,3000,S,LAWNDALE AVE,1031,,,,,,,2,NONINCAPACITATING INJURY,2,0,0,2,0,1,0,18,5,8,41.8387533287,-87.7172261362,POINT (-87.717226136241 41.838753328747)
1b52c1ae79372b5de1e5d71b23fb16d5a0ae859ea6d6d28cd4c27c788ebcf0fa4ff19cd7e5c2aee914d9d0b40873781e02ec8e9d13435eceb67d2f99a9fd3be1,,08/14/2025 06:08:00 PM,30,NO CONTROLS,NO CONTROLS,CLEAR,DAYLIGHT,PARKED MOTOR VEHICLE,NOT DIVIDED,,STRAIGHT AND LEVEL,DRY,NO DEFECTS,NOT ON SCENE (DESK REPORT),NO INJURY / DRIVE AWAY,,,,"OVER $1,500",08/15/2025 09:40:00 AM,IMPROPER LANE USAGE,UNABLE TO DETERMINE,7055,S,CALIFORNIA AVE,831,,,,,,,2,NO INDICATION OF INJURY,0,0,0,0,0,1,0,18,5,8,41.7647451287,-87.6928867982,POINT (-87.692886798197 41.764745128686)
0374ba18f2b3dc72ca846d11c7a7fba7d1b8e59628d28d0ef4243dd18de35a796f317731bfee63f7d22ef04c24a7a3d8eb3e58c3bb37d1ff28d260b370994eb9,,08/14/2025 06:00:00 PM,30,NO CONTROLS,NO CONTROLS,CLEAR,DAYLIGHT,SIDESWIPE SAME DIRECTION,ONE-WAY,,STRAIGHT AND LEVEL,DRY,NO DEFECTS,NOT ON SCENE (DESK REPORT),NO INJURY / DRIVE AWAY,,,,"OVER $1,500",08/15/2025 11:30:00 AM,UNABLE TO DETERMINE,NOT APPLICABLE,401,E,ONTARIO ST,1834,,,,,,,2,NO INDICATION OF INJURY,0,0,0,0,0,2,0,18,5,8,41.8933412963,-87.6175891512,POINT (-87.617589151206 41.893341296312)
68b1de89000f805b544b6e633e7c2892e9d63405f4b22e3bc14295f626e5e25b816dc98ecb14731226c986b8611d261e565cfa85a5ebc5cc9b4a916653b378c2,Y,08/14/2025 06:00:00 PM,25,STOP SIGN/FLASHER,FUNCTIONING PROPERLY,CLEAR,DAYLIGHT,PARKED MOTOR VEHICLE,FOUR WAY,,STRAIGHT AND LEVEL,UNKNOWN,UNKNOWN,NOT ON SCENE (DESK REPORT),NO INJURY / DRIVE AWAY,Y,,Y,"$501 - $1,500",08/15/2025 02:30:00 PM,UNABLE TO DETERMINE,UNABLE TO DETERMINE,3105,W,JARVIS AVE,2411,,,,,,,2,NO INDICATION OF INJURY,0,0,0,0,0,1,0,18,5,8,42.0154270304,-87.7070098698,POINT (-87.70700986978 42.015427030391)
7104711b0683e318f72079d36220c5f0400aecab8cba70e11695dc541132a38e625ec5ead9062922e818b41d5ac7fbfbee3e1ab0fff829ec2f43d4b472e267fa,,08/14/2025 06:00:00 PM,30,NO CONTROLS,NO CONTROLS,CLEAR,DAWN,REAR END,NOT DIVIDED,,STRAIGHT AND LEVEL,DRY,NO DEFECTS,NOT ON SCENE (DESK REPORT),NO INJURY / DRIVE AWAY,,,,"$501 - $1,500",08/14/2025 07:00:00 PM,FOLLOWING TOO CLOSELY,FOLLOWING TOO CLOSELY,5443,S,ASHLAND AVE,934,,,,,,,2,NO INDICATION OF INJURY,0,0,0,0,0,4,0,18,5,8,41.7945716405,-87.6644512874,POINT (-87.664451287406 41.794571640493)
bd7939b3d07d343b6aa32ebe34ab35be840b3cdd8dcf8654e881a8b5435535573ba5e463d4eac88a8992d767cdab74e1068649806ba1af98b28a5fb5057e41db,,08/14/2025 06:00:00 PM,20,NO CONTROLS,NO CONTROLS,CLEAR,DAYLIGHT,TURNING,NOT DIVIDED,,STRAIGHT AND LEVEL,DRY,NO DEFECTS,ON SCENE,NO INJURY / DRIVE AWAY,,,,"$501 - $1,500",08/14/2025 06:10:00 PM,FAILING TO YIELD RIGHT-OF-WAY,FAILING TO YIELD RIGHT-OF-WAY,1445,E,54TH ST,234,,Y,,,,,2,NO INDICATION OF INJURY,0,0,0,0,0,2,0,18,5,8,41.7979577375,-87.5899887773,POINT (-87.589988777339 41.797957737539)
e577c799029f48e65d45fe024db035e76033b43d9d37b545051512fddd08bdb3a15be8dcc92f9c76f713030ec1f220bf1741e2d88bd82555144c46ac2ff53efc,,08/14/2025 06:00:00 PM,30,TRAFFIC SIGNAL,FUNCTIONING PROPERLY,CLEAR,DAYLIGHT,REAR END,NOT DIVIDED,,STRAIGHT AND LEVEL,DRY,NO DEFECTS,NOT ON SCENE (DESK REPORT),INJURY AND / OR TOW DUE TO CRASH,,,,"OVER $1,500",08/15/2025 04:55:00 PM,FOLLOWING TOO CLOSELY,UNABLE TO DETERMINE,7400,S,SOUTH SHORE DR,334,,,,,,,2,"REPORTED, NOT EVIDENT",1,0,0,0,1,1,0,18,5,8,41.762174118,-87.558927464,POINT (-87.558927463962 41.762174118016)
38149a30eff59aabfd23a2e287c2300d9005937c10173724bb16833fa118e14f71be3d8966cccfaab8f38889bf12ec5f27e6a0e7e0ed52ee32446d248e3a6ff7,,08/14/2025 05:53:00 PM,30,TRAFFIC SIGNAL,FUNCTIONING PROPERLY,CLEAR,DAYLIGHT,REAR END,FOUR WAY,,STRAIGHT AND LEVEL,DRY,NO DEFECTS,ON SCENE,NO INJURY / DRIVE AWAY,Y,,N,"OVER $1,500",08/14/2025 06:04:00 PM,FOLLOWING TOO CLOSELY,UNABLE TO DETERMINE,1598,W,74TH ST,734,,,,,,,2,NO INDICATION OF INJURY,0,0,0,0,0,3,0,17,5,8,41.7595636031,-87.6635610209,POINT (-87.66356102087 41.75956360308)
f470c8527667d82b3d5626ea6ad216571141e754f9e4b8195bb5eef28d1ca8169fefd0e4cd522ced65612b805011ad84a726bfd4729c7e3c49d5b8379f4bcf37,,08/14/2025 05:52:00 PM,30,UNKNOWN,UNKNOWN,CLEAR,DAYLIGHT,REAR END,NOT DIVIDED,,STRAIGHT AND LEVEL,UNKNOWN,UNKNOWN,NOT ON SCENE (DESK REPORT),NO INJURY / DRIVE AWAY,,,,"OVER $1,500",08/14/2025 06:20:00 PM,UNABLE TO DETERMINE,UNABLE TO DETERMINE,552,N,DEARBORN ST,1831,,,,,,,2,NO INDICATION OF INJURY,0,0,0,0,0,2,0,17,5,8,41.8924053313,-87.6298215525,POINT (-87.629821552513 41.892405331272)
cf64fc3d21a79ca3f1234de74ff4954df7d051893a894c076f06aa1639d74356773139f159aece77e93fc4a40ce5e23f920b6078ecb13a751d411b3c5a2dd93b,,08/14/2025 05:50:00 PM,30,STOP SIGN/FLASHER,FUNCTIONING PROPERLY,CLEAR,DAYLIGHT,ANGLE,DIVIDED - W/MEDIAN (NOT RAISED),,STRAIGHT AND LEVEL,DRY,NO DEFECTS,,INJURY AND / OR TOW DUE TO CRASH,,,,"OVER $1,500",08/14/2025 06:06:00 PM,DISREGARDING STOP SIGN,DISREGARDING STOP SIGN,2898,E,100TH ST,431,,,,,,,3,NONINCAPACITATING INJURY,1,0,0,1,0,4,0,17,5,8,41.7134830999,-87.5537725193,POINT (-87.553772519278 41.713483099933)
1c629624f46675e7ae84b7ca6bcb1df25a9b24320e3704b283b56970d478def5e26079d3faf55a3616386779475a5c9b1a699a949fb57543a4761bde892feb34,,08/14/2025 05:45:00 PM,20,NO CONTROLS,NO CONTROLS,CLEAR,DAYLIGHT,ANGLE,OTHER,,STRAIGHT AND LEVEL,DRY,NO DEFECTS,NOT ON SCENE (DESK REPORT),NO INJURY / DRIVE AWAY,,,,"OVER $1,500",08/14/2025 07:41:00 PM,FAILING TO YIELD RIGHT-OF-WAY,IMPROPER BACKING,5800,W,CORCORAN PL,1512,,,,,,,2,NO INDICATION OF INJURY,0,0,0,0,0,2,0,17,5,8,41.8872706576,-87.7701064823,POINT (-87.77010648228 41.887270657585)
c5115ebe570f38d55af6bbed270ce47f69f84bcd98479aac27f47d1a857d0100fe09ca19fd0824c45ba5b07cded1e1bd23b1fa5d6102973b4f22cd55eb0579b8,,08/14/2025 05:42:00 PM,25,UNKNOWN,UNKNOWN,UNKNOWN,UNKNOWN,REAR END,NOT DIVIDED,,STRAIGHT AND LEVEL,UNKNOWN,UNKNOWN,NOT ON SCENE (DESK REPORT),NO INJURY / DRIVE AWAY,,,Y,"OVER $1,500",08/20/2025 02:00:00 PM,NOT APPLICABLE,NOT APPLICABLE,230,W,GRAND AVE,1831,,,,,,,2,NO INDICATION OF INJURY,0,0,0,0,0,2,0,17,5,8,41.8916792806,-87.6354185257,POINT (-87.635418525719 41.891679280638)
6b23d08473a480a0c8fa6083d0e7cc6618405806dadbafecc590ed2e39cfa140135a09e5bf0e38b67f1ed4881ca9fc5a928103029c60f6188aaab1feaa56220d,,08/14/2025 05:40:00 PM,30,UNKNOWN,UNKNOWN,UNKNOWN,UNKNOWN,SIDESWIPE SAME DIRECTION,DIVIDED - W/MEDIAN BARRIER,,STRAIGHT AND LEVEL,UNKNOWN,UNKNOWN,NOT ON SCENE (DESK REPORT),NO INJURY / DRIVE AWAY,,,,$500 OR LESS,08/21/2025 02:05:00 PM,DRIVING SKILLS/KNOWLEDGE/EXPERIENCE,UNABLE TO DETERMINE,550,N,LAKE SHORE DR NB,1834,,,,,,,2,NO INDICATION OF INJURY,0,0,0,0,0,2,0,17,5,8,41.8926172461,-87.6143556287,POINT (-87.614355628716 41.892617246113)
72e8f0ced74434a56d676dfb448ae0f9da626e877c50f78b316147d8f61bb996eded79ff98f818823140caecca8c3fdb5e6a74edb997656c145dac218d26c05e,,08/14/2025 05:40:00 PM,30,NO CONTROLS,NO CONTROLS,CLEAR,DUSK,REAR TO REAR,NOT DIVIDED,,STRAIGHT AND LEVEL,DRY,NO DEFECTS,NOT ON SCENE (DESK REPORT),INJURY AND / OR TOW DUE TO CRASH,,,,"OVER $1,500",08/14/2025 07:19:00 PM,UNABLE TO DETERMINE,NOT APPLICABLE,3533,S,HERMITAGE AVE,912,,,,,,,2,NONINCAPACITATING INJURY,1,0,0,1,0,1,0,17,5,8,41.8294635595,-87.6690059631,POINT (-87.669005963122 41.829463559546)