CRASH_RECORD_ID,CRASH_DATE_EST_I,CRASH_DATE,POSTED_SPEED_LIMIT,TRAFFIC_CONTROL_DEVICE,DEVICE_CONDITION,WEATHER_CONDITION,LIGHTING_CONDITION,FIRST_CRASH_TYPE,TRAFFICWAY_TYPE,LANE_CNT,ALIGNMENT,ROADWAY_SURFACE_COND,ROAD_DEFECT,REPORT_TYPE,CRASH_TYPE,INTERSECTION_RELATED_I,NOT_RIGHT_OF_WAY_I,HIT_AND_RUN_I,DAMAGE,DATE_POLICE_NOTIFIED,PRIM_CONTRIBUTORY_CAUSE,SEC_CONTRIBUTORY_CAUSE,STREET_NO,STREET_DIRECTION,STREET_NAME,BEAT_OF_OCCURRENCE,PHOTOS_TAKEN_I,STATEMENTS_TAKEN_I,DOORING_I,WORK_ZONE_I,WORK_ZONE_TYPE,WORKERS_PRESENT_I,NUM_UNITS,MOST_SEVERE_INJURY,INJURIES_TOTAL,INJURIES_FATAL,INJURIES_INCAPACITATING,INJURIES_NON_INCAPACITATING,INJURIES_REPORTED_NOT_EVIDENT,INJURIES_NO_INDICATION,INJURIES_UNKNOWN,CRASH_HOUR,CRASH_DAY_OF_WEEK,CRASH_MONTH,LATITUDE,LONGITUDE,LOCATION
f55ecca0bc401f9294e691379b735ba7b6d3a879d02a1f5d6628dfe1896822cb6e30cb255005f9e0906ea997a30f91951d9fd2dc80f018db9e30d16de7908db0,,08/14/2025 05:40:00 PM,30,UNKNOWN,UNKNOWN,CLEAR,DAYLIGHT,REAR END,DIVIDED - W/MEDIAN (NOT RAISED),,STRAIGHT AND LEVEL,DRY,UNKNOWN,NOT ON SCENE (DESK REPORT),NO INJURY / DRIVE AWAY,,,,$500 OR LESS,08/14/2025 06:00:00 PM,DISTRACTION - FROM OUTSIDE VEHICLE,UNABLE TO DETERMINE,900,W,FULLERTON AVE,1932,,,,,,,2,NO INDICATION OF INJURY,0,0,0,0,0,3,0,17,5,8,41.9255231509,-87.6513077556,POINT (-87.651307755557 41.925523150875)
92379cee4b595e148cb80510c368f3668f3f37d6815328329e45c1a1f27266a3021749e516e2d830ee3c74059ea25aec578361d77ba72f727fb650dd7e725e47,Y,08/14/2025 05:32:00 PM,30,NO CONTROLS,NO CONTROLS,CLEAR,DAYLIGHT,REAR END,NOT DIVIDED,,STRAIGHT AND LEVEL,DRY,NO DEFECTS,ON SCENE,INJURY AND / OR TOW DUE TO CRASH,,,,"OVER $1,500",08/14/2025 06:28:00 PM,FOLLOWING TOO CLOSELY,FOLLOWING TOO CLOSELY,232,E,87TH ST,632,,,,,,,3,NONINCAPACITATING INJURY,1,0,0,1,0,2,0,17,5,8,41.7365620607,-87.617928266,POINT (-87.617928266013 41.736562060659)
147adf72a8c1525138fc4e12119bf84919aebeeeff846a3e6d1ce6491ae5e6560078dece4570c400d6333eae09509e9d7e02dfe78d8719b97e173bc3f0c12716,,08/14/2025 05:30:00 PM,35,TRAFFIC SIGNAL,FUNCTIONING PROPERLY,CLEAR,DAYLIGHT,REAR END,NOT DIVIDED,,STRAIGHT AND LEVEL,DRY,NO DEFECTS,ON SCENE,NO INJURY / DRIVE AWAY,,,,$500 OR LESS,08/14/2025 05:33:00 PM,UNABLE TO DETERMINE,NOT APPLICABLE,3146,W,TOUHY AVE,2411,,,,,,,2,NO INDICATION OF INJURY,0,0,0,0,0,2,0,17,5,8,42.0119798793,-87.7085338515,POINT (-87.708533851483 42.011979879283)
2204c8a155ab85088103124a77aff05c6cf82a7548ce3d03ec30dfc3a524fb4d8c1a9e42850ec30f90d5e51bbf1e5e81d3cfe0a83a3a939457a0f6b631a6660b,,08/14/2025 05:30:00 PM,30,NO CONTROLS,NO CONTROLS,CLEAR,DAYLIGHT,SIDESWIPE SAME DIRECTION,NOT DIVIDED,,STRAIGHT AND LEVEL,DRY,NO DEFECTS,,NO INJURY / DRIVE AWAY,,,,"OVER $1,500",08/22/2025 08:15:00 PM,IMPROPER OVERTAKING/PASSING,NOT APPLICABLE,11500,S,CENTRAL PARK AVE,2211,,,,,,,2,NO INDICATION OF INJURY,0,0,0,0,0,2,0,17,5,8,41.6840627292,-87.7104340085,POINT (-87.710434008518 41.684062729212)
31103b2a0a7f06ede15d81b1cdd487b9065c5074b3e585c38b332c91376db2b2c4a3421da22aa7ae69be8cdc2e9f9f50de65849c8326bd28fa6ca9d066a7197f,,08/14/2025 05:30:00 PM,30,NO CONTROLS,NO CONTROLS,CLEAR,DAYLIGHT,SIDESWIPE SAME DIRECTION,DIVIDED - W/MEDIAN (NOT RAISED),,STRAIGHT AND LEVEL,DRY,NO DEFECTS,NOT ON SCENE (DESK REPORT),NO INJURY / DRIVE AWAY,,,,"$501 - $1,500",08/15/2025 05:15:00 PM,IMPROPER OVERTAKING/PASSING,NOT APPLICABLE,6551,N,SHERIDAN RD,2432,,,,,,,2,NO INDICATION OF INJURY,0,0,0,0,0,2,0,17,5,8,42.0016340738,-87.6606014318,POINT (-87.660601431826 42.001634073815)
374bfecd8582dab25e76ae8e9adb46ed0125e35f5ae6cefcc9d625e109c26598e879cb52e0e90c9eed60fbc42239126615da696f1391cb76013f36b7f87724c8,,08/14/2025 05:30:00 PM,20,STOP SIGN/FLASHER,FUNCTIONING PROPERLY,CLEAR,DAYLIGHT,REAR END,T-INTERSECTION,,STRAIGHT AND LEVEL,DRY,NO DEFECTS,NOT ON SCENE (DESK REPORT),NO INJURY / DRIVE AWAY,Y,,,"OVER $1,500",08/14/2025 06:14:00 PM,FOLLOWING TOO CLOSELY,NOT APPLICABLE,123,W,POLK ST,123,,,,,,,2,NO INDICATION OF INJURY,0,0,0,0,0,2,0,17,5,8,41.8720751225,-87.6313744808,POINT (-87.63137448078 41.872075122541)
6c641846a3e208479131fc5d70f1dec8c0a8eeb5e1ec66fa6cfe1fa28939b6f5e21f685264edce80642c2e0df99745a01266f7064e08b42ef82c122af04ca2e6,Y,08/14/2025 05:30:00 PM,20,NO CONTROLS,NO CONTROLS,CLEAR,DAYLIGHT,REAR END,NOT DIVIDED,,STRAIGHT AND LEVEL,DRY,NO DEFECTS,ON SCENE,NO INJURY / DRIVE AWAY,,,,"OVER $1,500",08/14/2025 05:35:00 PM,UNABLE TO DETERMINE,UNABLE TO DETERMINE,3201,N,HARLEM AVE,1632,,,,,,,2,NO INDICATION OF INJURY,0,0,0,0,0,2,0,17,5,8,41.9380898311,-87.8066028081,POINT (-87.806602808103 41.938089831104)
9a993e8711c069cc8141cd85a1974a57afa5c73993230e58ea2f12b070cc2ea0ce2700e719752f6b2450ce63bc05bc50d6a631a4d7c23edadf673d053e82e96a,Y,08/14/2025 05:30:00 PM,30,UNKNOWN,UNKNOWN,UNKNOWN,UNKNOWN,REAR END,NOT DIVIDED,,STRAIGHT AND LEVEL,UNKNOWN,UNKNOWN,NOT ON SCENE (DESK REPORT),INJURY AND / OR TOW DUE TO CRASH,,,,"OVER $1,500",08/18/2025 06:30:00 PM,UNABLE TO DETERMINE,NOT APPLICABLE,1513,E,87TH ST,412,,,,,,,2,"REPORTED, NOT EVIDENT",2,0,0,0,2,1,0,17,5,8,41.7367771911,-87.587464863,POINT (-87.587464862993 41.736777191099)
d174de6b2569e0b43c63de82cb2282cc9ec981c2f7d7bc472297df36c6c0379db01fcefeed2d30cf558eef3a96d86cf6daa05ed4755967880a32f395c74f76ae,,08/14/2025 05:30:00 PM,30,STOP SIGN/FLASHER,FUNCTIONING PROPERLY,CLEAR,DAYLIGHT,REAR END,NOT DIVIDED,,STRAIGHT AND LEVEL,DRY,NO DEFECTS,NOT ON SCENE (DESK REPORT),NO INJURY / DRIVE AWAY,,,,"$501 - $1,500",08/15/2025 11:20:00 AM,FOLLOWING TOO CLOSELY,UNABLE TO DETERMINE,6273,N,CALIFORNIA AVE,2413,,,,,,,2,NO INDICATION OF INJURY,0,0,0,0,0,2,0,17,5,8,41.9956833587,-87.6994260723,POINT (-87.69942607231 41.995683358666)
e068952e074d98f56e6a72e678ce209324e80250a9cee72f4a16ec3e654a037e204c1b0b7b55402979a95f920050d28ca6b5d1b692ec2a4aede35f8976e75c67,,08/14/2025 05:30:00 PM,30,NO CONTROLS,NO CONTROLS,CLEAR,DAYLIGHT,SIDESWIPE SAME DIRECTION,DIVIDED - W/MEDIAN (NOT RAISED),,STRAIGHT AND LEVEL,DRY,NO DEFECTS,ON SCENE,NO INJURY / DRIVE AWAY,,,Y,"$501 - $1,500",08/14/2025 07:00:00 PM,IMPROPER OVERTAKING/PASSING,NOT APPLICABLE,7899,S,CICERO AVE,834,,,,,,,2,NO INDICATION OF INJURY,0,0,0,0,0,2,0,17,5,8,41.7492463346,-87.7412201409,POINT (-87.741220140926 41.749246334623)
fe2714cb758179f6751a3d580029d1dd3ca39d61780020e97bc2ac962db7c2937510ca7c7382aaddc424761a9cd5eb634b2e7fe2ecf06f03cd82a73e4bed5943,,08/14/2025 05:30:00 PM,30,TRAFFIC SIGNAL,FUNCTIONING PROPERLY,CLEAR,DAYLIGHT,ANGLE,FOUR WAY,,STRAIGHT AND LEVEL,DRY,NO DEFECTS,NOT ON SCENE (DESK REPORT),NO INJURY / DRIVE AWAY,Y,,Y,"OVER $1,500",08/14/2025 06:05:00 PM,DISREGARDING TRAFFIC SIGNALS,DISREGARDING TRAFFIC SIGNALS,2600,E,95TH ST,423,,,,,,,2,NO INDICATION OF INJURY,0,0,0,0,0,2,0,17,5,8,41.7227595077,-87.5606837284,POINT (-87.560683728383 41.722759507721)
dc1d14e4af30f803c7946a96c2d68c8d7564ad4c46d74dbd452e429eab686bca06d46b9260e8a6c0779520f500526ea9916cebe40d136a4dcf7e4ec528fcdeba,,08/14/2025 05:29:00 PM,30,TRAFFIC SIGNAL,FUNCTIONING PROPERLY,CLEAR,DAYLIGHT,TURNING,DIVIDED - W/MEDIAN (NOT RAISED),,STRAIGHT AND LEVEL,DRY,NO DEFECTS,ON SCENE,NO INJURY / DRIVE AWAY,Y,,,"$501 - $1,500",08/14/2025 05:41:00 PM,FAILING TO YIELD RIGHT-OF-WAY,NOT APPLICABLE,240,W,63RD ST,711,,,,,,,2,NO INDICATION OF INJURY,0,0,0,0,0,6,0,17,5,8,41.7800732998,-87.6318151832,POINT (-87.631815183173 41.780073299817)
4186fab768cf2f713e711590a380b14b5a68a37838e1675c7e8bac3737cbd3a14017cd74da56c63d5c02b01c06436845c643e7739e243b04d4aaa762f7ff9cf3,,08/14/2025 05:25:00 PM,30,NO CONTROLS,NO CONTROLS,CLEAR,DAYLIGHT,PARKED MOTOR VEHICLE,NOT DIVIDED,,STRAIGHT AND LEVEL,DRY,NO DEFECTS,NOT ON SCENE (DESK REPORT),NO INJURY / DRIVE AWAY,,,,"$501 - $1,500",08/14/2025 06:00:00 PM,NOT APPLICABLE,NOT APPLICABLE,5025,N,LARAMIE AVE,1623,,,,,,,2,NO INDICATION OF INJURY,0,0,0,0,0,2,0,17,5,8,41.9723791359,-87.7575277601,POINT (-87.757527760081 41.972379135874)
76ea95f872002a2a6a2c5c3fef217416a74523fcf44006344ae7cfd07528a5516e7b13b5b5eea5d25ce6da67b3754354f531dc92ea41eb61b53190914dc56775,,08/14/2025 05:25:00 PM,30,STOP SIGN/FLASHER,FUNCTIONING PROPERLY,CLEAR,DAYLIGHT,FIXED OBJECT,PARKING LOT,,"CURVE, LEVEL",DRY,NO DEFECTS,ON SCENE,INJURY AND / OR TOW DUE TO CRASH,,Y,Y,"OVER $1,500",08/14/2025 05:39:00 PM,FAILING TO REDUCE SPEED TO AVOID CRASH,UNABLE TO DETERMINE,2,S,PULASKI RD,1115,,,,,,,1,NO INDICATION OF INJURY,0,0,0,0,0,1,0,17,5,8,41.8806769909,-87.7258161269,POINT (-87.725816126919 41.880676990874)
ea25d32cc5b4de342dbd3a8c0d3f973244a82c94417c9036ba7979e6b1a4f7039c1ab2af7589b1283b217b404b8ffb22b67534d40ce1d3431962f8c23e8e7a5d,,08/14/2025 05:25:00 PM,30,TRAFFIC SIGNAL,FUNCTIONING PROPERLY,CLEAR,DAYLIGHT,SIDESWIPE SAME DIRECTION,DIVIDED - W/MEDIAN (NOT RAISED),,STRAIGHT AND LEVEL,DRY,UNKNOWN,NOT ON SCENE (DESK REPORT),NO INJURY / DRIVE AWAY,,,Y,"$501 - $1,500",08/14/2025 05:35:00 PM,UNABLE TO DETERMINE,UNABLE TO DETERMINE,2743,W,BRYN MAWR AVE,2011,,,,,,,2,NO INDICATION OF INJURY,0,0,0,0,0,3,0,17,5,8,41.9830121092,-87.6984715734,POINT (-87.698471573359 41.983012109248)
88a0e9a0a77325293d3553c22ce345093c5912c128bb9eccca38039b98cff86cf57f4a91fae79106d9c94483676ce4649dfda416cb4f0898a12802d4e5d7d5b2,,08/14/2025 05:22:00 PM,25,NO CONTROLS,NO CONTROLS,CLEAR,DUSK,SIDESWIPE SAME DIRECTION,NOT DIVIDED,,STRAIGHT AND LEVEL,DRY,NO DEFECTS,NOT ON SCENE (DESK REPORT),NO INJURY / DRIVE AWAY,,,,"OVER $1,500",08/14/2025 09:30:00 PM,IMPROPER OVERTAKING/PASSING,UNABLE TO DETERMINE,9930,S,CALHOUN AVE,431,,,,,,,2,NO INDICATION OF INJURY,0,0,0,0,0,2,0,17,5,8,41.7144433025,-87.5623265938,POINT (-87.562326593799 41.71444330255)
51db5bacb1a8e96607b56a846dcccc46b8cfc3e184b99cbc7e63a48d3997252ac71c2829ec49cc0145c80d5ca7c70551b2a50caa2991eccde3a5110e4fe37f70,,08/14/2025 05:20:00 PM,30,NO CONTROLS,NO CONTROLS,CLEAR,DAYLIGHT,TURNING,DIVIDED - W/MEDIAN (NOT RAISED),,STRAIGHT AND LEVEL,DRY,UNKNOWN,NOT ON SCENE (DESK REPORT),NO INJURY / DRIVE AWAY,,,,"OVER $1,500",08/14/2025 07:15:00 PM,UNABLE TO DETERMINE,UNABLE TO DETERMINE,1176,S,SACRAMENTO BLVD,1134,,,,,,,2,NO INDICATION OF INJURY,0,0,0,0,0,2,0,17,5,8,41.8665442486,-87.7009375736,POINT (-87.70093757357 41.866544248556)
61cd814d0dbe32eb68faf2c54912b9c5d5a849a8beec9d33fd6803e44a328f2cfd23de37237c5b288764c14cad6f0bb757265f1e03d7c057594d2bd5f87aa189,,08/14/2025 05:20:00 PM,25,TRAFFIC SIGNAL,FUNCTIONING PROPERLY,CLEAR,DAYLIGHT,TURNING,NOT DIVIDED,,STRAIGHT AND LEVEL,DRY,NO DEFECTS,NOT ON SCENE (DESK REPORT),NO INJURY / DRIVE AWAY,Y,,,"OVER $1,500",08/14/2025 05:40:00 PM,UNABLE TO DETERMINE,UNABLE TO DETERMINE,2950,W,OGDEN AVE,1022,,,,,,,2,NO INDICATION OF INJURY,0,0,0,0,0,2,0,17,5,8,41.8597807644,-87.700445131,POINT (-87.700445131038 41.859780764446)
b4f6aaf0682730c42e238f82e22d0d8962a70113e0dec29967ecde338b2e892059d4f2b4dbeaf990b0081dda36fb8ec20b2e11f8745f215ca14b9bfd36ecd059,,08/14/2025 05:20:00 PM,40,UNKNOWN,UNKNOWN,CLEAR,UNKNOWN,REAR END,DIVIDED - W/MEDIAN BARRIER,,STRAIGHT AND LEVEL,DRY,UNKNOWN,NOT ON SCENE (DESK REPORT),INJURY AND / OR TOW DUE TO CRASH,,,,"OVER $1,500",08/14/2025 07:20:00 PM,FOLLOWING TOO CLOSELY,UNABLE TO DETERMINE,500,S,LAKE SHORE DR NB,114,,,,,,,2,"REPORTED, NOT EVIDENT",1,0,0,0,1,1,0,17,5,8,41.8757562552,-87.6175156798,POINT (-87.617515679751 41.875756255241)
9991e7f929934275dd776aeb1e2d6a80bdffa8edf5da891dc0609a66a2e285a445ff935166473bb38474e9e851b26a6fdbf62d2d2a37e66d4e4ced7a06acfde7,,08/14/2025 05:15:00 PM,30,TRAFFIC SIGNAL,FUNCTIONING PROPERLY,CLEAR,DAYLIGHT,REAR END,NOT DIVIDED,,STRAIGHT AND LEVEL,DRY,NO DEFECTS,NOT ON SCENE (DESK REPORT),NO INJURY / DRIVE AWAY,,,,"OVER $1,500",08/14/2025 05:30:00 PM,FOLLOWING TOO CLOSELY,NOT APPLICABLE,1132,S,ASHLAND AVE,1231,,,,,,,2,NO INDICATION OF INJURY,0,0,0,0,0,2,0,17,5,8,41.8674240375,-87.6665447539,POINT (-87.666544753949 41.867424037542)
9e82cf75d8a0d9567785decdefd78b572e4764bbb9dfce03bc47fc0e6101c0d25b3d61386e377562b148b0968bf3f59f8c0d63047cc78d09911c6b2b9dc68405,,08/14/2025 05:15:00 PM,30,NO CONTROLS,NO CONTROLS,CLEAR,DAYLIGHT,PARKED MOTOR VEHICLE,NOT DIVIDED,,STRAIGHT AND LEVEL,DRY,NO DEFECTS,NOT ON SCENE (DESK REPORT),NO INJURY / DRIVE AWAY,,,Y,"OVER $1,500",08/14/2025 06:45:00 PM,UNABLE TO DETERMINE,NOT APPLICABLE,1000,W,CARROLL AVE,1214,,,,,,,2,NO INDICATION OF INJURY,0,0,0,0,0,1,0,17,5,8,41.8878719903,-87.6522615594,POINT (-87.652261559439 41.887871990347)
b4d7c5e9742240aa5a209ff75a250189723e918d8729e65cf985bcd83de58ae6a949c46f05dd5b49dfbe6f120cb6c2dcb2dc6fbe4abd8e4784e5888879521a3e,,08/14/2025 05:15:00 PM,25,NO CONTROLS,NO CONTROLS,CLEAR,DAYLIGHT,PARKED MOTOR VEHICLE,ONE-WAY,,STRAIGHT AND LEVEL,DRY,NO DEFECTS,NOT ON SCENE (DESK REPORT),NO INJURY / DRIVE AWAY,,,Y,"OVER $1,500",08/14/2025 10:00:00 PM,FAILING TO YIELD RIGHT-OF-WAY,IMPROPER OVERTAKING/PASSING,6326,N,CAMPBELL AVE,2413,,,,,,,2,NO INDICATION OF INJURY,0,0,0,0,0,1,0,17,5,8,41.9966948195,-87.6924411108,POINT (-87.692441110781 41.996694819455)
f65adfaf96df75687ee9ad367d99eba26fdef6107d59cbcd38dc8554ab7c529d9f70c06bcefaff8918118fca64aa3df0dfb56adc33d504f43b485cd3e92e6eec,,08/14/2025 05:15:00 PM,30,UNKNOWN,UNKNOWN,CLEAR,DAYLIGHT,SIDESWIPE SAME DIRECTION,NOT DIVIDED,,STRAIGHT AND LEVEL,UNKNOWN,UNKNOWN,NOT ON SCENE (DESK REPORT),NO INJURY / DRIVE AWAY,,,,"OVER $1,500",08/14/2025 05:50:00 PM,UNABLE TO DETERMINE,UNABLE TO DETERMINE,500,W,GRAND AVE,1831,,,,,,,2,NO INDICATION OF INJURY,0,0,0,0,0,2,0,17,5,8,41.8915146872,-87.6412859157,POINT (-87.641285915708 41.891514687191)
e2c46685e0fda073c776db5cfd933712dd4bec1563591239d68f0bb36bf0933b19cd1afdc77cc6711e056c23ac2494d525aa7ff4fbb86973953423f36a841cbf,,08/14/2025 05:05:00 PM,30,NO CONTROLS,NO CONTROLS,CLEAR,DAYLIGHT,PEDALCYCLIST,NOT DIVIDED,,STRAIGHT AND LEVEL,UNKNOWN,UNKNOWN,ON SCENE,INJURY AND / OR TOW DUE TO CRASH,,,,$500 OR LESS,08/14/2025 05:05:00 PM,UNABLE TO DETERMINE,NOT APPLICABLE,2426,W,GRANVILLE AVE,2413,,,N,,,,2,"REPORTED, NOT EVIDENT",1,0,0,0,1,2,0,17,5,8,41.9941888039,-87.6909347863,POINT (-87.690934786329 41.994188803911)
8f65d7f3a3bb7dbb175513dd4a0713f40a1a9f63d7e3e67ae08b268e3dbbddd2326d243834c39edc762715abcd0a1a57ccaddc8dfda57b2adc8b1d43ef39550e,,08/14/2025 05:04:00 PM,35,NO CONTROLS,NO CONTROLS,CLEAR,DAYLIGHT,TURNING,NOT DIVIDED,,STRAIGHT AND LEVEL,DRY,NO DEFECTS,ON SCENE,INJURY AND / OR TOW DUE TO CRASH,Y,,,"OVER $1,500",08/14/2025 05:04:00 PM,FAILING TO YIELD RIGHT-OF-WAY,NOT APPLICABLE,5401,S,HARLEM AVE,811,,,,,,,3,NONINCAPACITATING INJURY,4,0,0,2,2,0,0,17,5,8,41.7939229464,-87.8014421117,POINT (-87.801442111652 41.793922946388)
d8eecbc9bb490cd4c6e1fd59dc847da470a96d48cac8b95ad765ecd993e1e37b046fe5566fb72b482cd8a7b7f710a95c61fc4ce9717d7ba36a2ac49f38a9c9ab,N,08/14/2025 05:01:00 PM,30,STOP SIGN/FLASHER,FUNCTIONING PROPERLY,CLEAR,DAYLIGHT,TURNING,NOT DIVIDED,,STRAIGHT AND LEVEL,DRY,NO DEFECTS,ON SCENE,INJURY AND / OR TOW DUE TO CRASH,Y,,,"OVER $1,500",08/14/2025 05:05:00 PM,FAILING TO YIELD RIGHT-OF-WAY,FAILING TO YIELD RIGHT-OF-WAY,11500,S,CHAMPLAIN AVE,532,,,,,,,2,NONINCAPACITATING INJURY,1,0,0,1,0,1,0,17,5,8,41.6854533525,-87.6072024303,POINT (-87.607202430264 41.685453352497)
05b05607ee797780fb9f501751f27f4ee6da7b242ca43facf444209f39e09b93487a1d2de00a44dea89527467d3219db3c9fd7b09ede544c7f74d3ef13cd5fb7,,08/14/2025 05:00:00 PM,30,NO CONTROLS,NO CONTROLS,CLEAR,DAYLIGHT,PARKED MOTOR VEHICLE,PARKING LOT,,STRAIGHT AND LEVEL,DRY,NO DEFECTS,NOT ON SCENE (DESK REPORT),NO INJURY / DRIVE AWAY,,,Y,"OVER $1,500",08/15/2025 07:00:00 AM,UNABLE TO DETERMINE,UNABLE TO DETERMINE,5228,W,MELROSE ST,1634,,,,,,,2,NO INDICATION OF INJURY,0,0,0,0,0,1,0,17,5,8,41.9397077857,-87.757912367,POINT (-87.757912367045 41.939707785731)
ca95d075d19ff5de6091554127c3855ded0aa2620a5cfae753541354652170990813688153136bf2cef3107c68fcad94047c7fe654b6a974c9603d1fe4695608,,08/14/2025 05:00:00 PM,30,NO CONTROLS,NO CONTROLS,CLEAR,DAYLIGHT,ANGLE,ALLEY,,STRAIGHT AND LEVEL,DRY,NO DEFECTS,ON SCENE,INJURY AND / OR TOW DUE TO CRASH,,,,"OVER $1,500",08/14/2025 05:05:00 PM,FAILING TO YIELD RIGHT-OF-WAY,DRIVING SKILLS/KNOWLEDGE/EXPERIENCE,50,N,HAMLIN BLVD,1122,,,,,,,2,NONINCAPACITATING INJURY,3,0,0,3,0,0,0,17,5,8,41.8818388719,-87.7209653359,POINT (-87.720965335863 41.881838871901)
ed7221d65d75fec9eb13676653eddd8df2611602561a1f61e82ec19de9af7c0cb4dd77deeb68152064463fd072dd98461437edfd45792661a936f8471afcf45b,,08/14/2025 05:00:00 PM,10,NO CONTROLS,NO CONTROLS,CLEAR,DAYLIGHT,ANGLE,PARKING LOT,,STRAIGHT AND LEVEL,DRY,UNKNOWN,NOT ON SCENE (DESK REPORT),NO INJURY / DRIVE AWAY,,,,"OVER $1,500",08/14/2025 07:00:00 PM,UNABLE TO DETERMINE,UNABLE TO DETERMINE,2841,N,NARRAGANSETT AVE,2511,,,,,,,2,NO INDICATION OF INJURY,0,0,0,0,0,3,0,17,5,8,41.9322317818,-87.7855838981,POINT (-87.785583898092 41.932231781777)
c9998e330f169ede0014c8901c68cf1d55a8668990c07c5575793a86e27c2dadfd1cf034fd9dc1c1a71991a2e77d427246d8c99a00819f908e811bd2088b37bd,,08/14/2025 04:55:00 PM,30,NO CONTROLS,NO CONTROLS,CLEAR,DAYLIGHT,SIDESWIPE SAME DIRECTION,NOT DIVIDED,,STRAIGHT AND LEVEL,DRY,NO DEFECTS,ON SCENE,NO INJURY / DRIVE AWAY,,,,"OVER $1,500",08/14/2025 04:59:00 PM,NOT APPLICABLE,NOT APPLICABLE,2999,W,CERMAK RD,1033,,,,,,,2,NO INDICATION OF INJURY,0,0,0,0,0,2,0,16,5,8,41.8517296207,-87.7002971217,POINT (-87.700297121687 41.851729620657)
4da06fb1694dd1509415abc2aa578b105b993c9ab046badcdc32091fc53de455b26c96a71b3bab2d28b7f001632f70de755fe48fafae1d0e51e738cee1570a02,,08/14/2025 04:48:00 PM,30,NO CONTROLS,UNKNOWN,CLEAR,DAYLIGHT,TURNING,NOT DIVIDED,,STRAIGHT AND LEVEL,UNKNOWN,UNKNOWN,ON SCENE,INJURY AND / OR TOW DUE TO CRASH,Y,,,"OVER $1,500",08/14/2025 04:49:00 PM,FAILING TO YIELD RIGHT-OF-WAY,NOT APPLICABLE,1900,N,CLARK ST,1814,N,N,,,,,2,NONINCAPACITATING INJURY,1,0,0,1,0,3,0,16,5,8,41.9166279751,-87.6351388808,POINT (-87.635138880837 41.916627975092)
39166901e8c6a416e6d5720049757e1c36b2213b384aab1a3bbfe4c43590da2861bee313055c4feb7644f5893e62031cfcb3955ff4e15febea9e472a7282352c,Y,08/14/2025 04:45:00 PM,30,TRAFFIC SIGNAL,FUNCTIONING PROPERLY,CLEAR,DAYLIGHT,ANGLE,NOT DIVIDED,,STRAIGHT AND LEVEL,DRY,NO DEFECTS,NOT ON SCENE (DESK REPORT),NO INJURY / DRIVE AWAY,,,Y,"OVER $1,500",08/14/2025 06:00:00 PM,DISREGARDING TRAFFIC SIGNALS,NOT APPLICABLE,1000,W,WELLINGTON AVE,1933,,,,,,,2,NO INDICATION OF INJURY,0,0,0,0,0,2,0,16,5,8,41.9363800804,-87.6540473299,POINT (-87.654047329867 41.936380080358)
8ece5cb575cce941b8356c7925d9425cd3797061846bb324a7e38dd5a20d2146cd66c6b6716c4473a16fccfe288b7456adf6ae52d26d5655481237099417d560,,08/14/2025 04:45:00 PM,30,TRAFFIC SIGNAL,FUNCTIONING PROPERLY,CLEAR,DAYLIGHT,ANGLE,NOT DIVIDED,,STRAIGHT AND LEVEL,DRY,NO DEFECTS,NOT ON SCENE (DESK REPORT),INJURY AND / OR TOW DUE TO CRASH,,,Y,"OVER $1,500",08/15/2025 10:15:00 AM,DISREGARDING OTHER TRAFFIC SIGNS,NOT APPLICABLE,3000,N,SHEFFIELD AVE,1933,,,,,,,2,NO INDICATION OF INJURY,0,0,0,0,0,2,0,16,5,8,41.9363142418,-87.6541313644,POINT (-87.654131364433 41.936314241797)
81a3e6523fadb1f7c11b712eb1e7a499c5fe5fa3f656765c01a58241025bd799ad5f7151fe9ff73edc2068d392c79d048a28a8c8ecf56a4be9ddab409387fadd,,08/14/2025 04:41:00 PM,30,NO CONTROLS,NO CONTROLS,CLEAR,DAYLIGHT,REAR TO REAR,PARKING LOT,,STRAIGHT AND LEVEL,DRY,NO DEFECTS,NOT ON SCENE (DESK REPORT),NO INJURY / DRIVE AWAY,,,,$500 OR LESS,08/14/2025 06:00:00 PM,UNABLE TO DETERMINE,UNABLE TO DETERMINE,3958,W,79TH ST,833,,,,,,,2,NO INDICATION OF INJURY,0,0,0,0,0,2,0,16,5,8,41.7496814413,-87.7218362961,POINT (-87.721836296149 41.74968144127)
8f174d30f9f496f8685f111a73693f3aa9715c27f640280438a2df8b64af5fae7c7929d168af3605f250be681a86ed469019577f3df5db3c77a04b43f56d8bcf,Y,08/14/2025 04:40:00 PM,30,TRAFFIC SIGNAL,FUNCTIONING PROPERLY,CLEAR,DAYLIGHT,PARKED MOTOR VEHICLE,NOT DIVIDED,,STRAIGHT AND LEVEL,DRY,UNKNOWN,NOT ON SCENE (DESK REPORT),NO INJURY / DRIVE AWAY,,,Y,"OVER $1,500",08/14/2025 05:20:00 PM,IMPROPER OVERTAKING/PASSING,IMPROPER OVERTAKING/PASSING,229,E,MARQUETTE RD,322,,,,,,,2,NO INDICATION OF INJURY,0,0,0,0,0,1,0,16,5,8,41.7727931446,-87.6190736954,POINT (-87.619073695395 41.772793144607)