CRASH_RECORD_ID,CRASH_DATE_EST_I,CRASH_DATE,POSTED_SPEED_LIMIT,TRAFFIC_CONTROL_DEVICE,DEVICE_CONDITION,WEATHER_CONDITION,LIGHTING_CONDITION,FIRST_CRASH_TYPE,TRAFFICWAY_TYPE,LANE_CNT,ALIGNMENT,ROADWAY_SURFACE_COND,ROAD_DEFECT,REPORT_TYPE,CRASH_TYPE,INTERSECTION_RELATED_I,NOT_RIGHT_OF_WAY_I,HIT_AND_RUN_I,DAMAGE,DATE_POLICE_NOTIFIED,PRIM_CONTRIBUTORY_CAUSE,SEC_CONTRIBUTORY_CAUSE,STREET_NO,STREET_DIRECTION,STREET_NAME,BEAT_OF_OCCURRENCE,PHOTOS_TAKEN_I,STATEMENTS_TAKEN_I,DOORING_I,WORK_ZONE_I,WORK_ZONE_TYPE,WORKERS_PRESENT_I,NUM_UNITS,MOST_SEVERE_INJURY,INJURIES_TOTAL,INJURIES_FATAL,INJURIES_INCAPACITATING,INJURIES_NON_INCAPACITATING,INJURIES_REPORTED_NOT_EVIDENT,INJURIES_NO_INDICATION,INJURIES_UNKNOWN,CRASH_HOUR,CRASH_DAY_OF_WEEK,CRASH_MONTH,LATITUDE,LONGITUDE,LOCATION
8affbc3bfea45e16d7e57f2ef16262293a8baef82e61b820f0be79fd0d0f19ef3f63cb9e2fd6f8b3b1782ea5c76dd8335806c844f2ac44be9ee0ea452c657af8,,08/14/2025 04:39:00 PM,30,NO CONTROLS,NO CONTROLS,CLEAR,DAYLIGHT,TURNING,OTHER,,STRAIGHT AND LEVEL,DRY,NO DEFECTS,ON SCENE,INJURY AND / OR TOW DUE TO CRASH,N,,,"OVER $1,500",08/14/2025 05:14:00 PM,FAILING TO YIELD RIGHT-OF-WAY,DISTRACTION - FROM INSIDE VEHICLE,200,E,132ND ST,533,,Y,,,,,2,NONINCAPACITATING INJURY,3,0,0,3,0,1,0,16,5,8,41.6557314463,-87.6172413166,POINT (-87.617241316575 41.655731446297)
a8eeb514bf4343fdf656035b792d01efda97c6a02f3b9047e660f9f84555763d1774cb26f5a8b35224ba4f3003378db994a07e2e149e8397348286b976ab9ea6,,08/14/2025 04:30:00 PM,30,TRAFFIC SIGNAL,FUNCTIONING PROPERLY,CLEAR,DAYLIGHT,TURNING,NOT REPORTED,,STRAIGHT AND LEVEL,DRY,NO DEFECTS,NOT ON SCENE (DESK REPORT),NO INJURY / DRIVE AWAY,,,,"$501 - $1,500",08/14/2025 09:00:00 PM,FAILING TO YIELD RIGHT-OF-WAY,IMPROPER LANE USAGE,140,W,OHIO ST,1832,,,,,,,2,NO INDICATION OF INJURY,0,0,0,0,0,3,0,16,5,8,41.8925170782,-87.6326841979,POINT (-87.632684197901 41.892517078168)
d9c1fd0c0c84fada4638479c7e811d29987b447f651c06c53c8245e63a8ab192ae643ae4082471a7f75e00ab60640f6bbde194fcaa5606bb4a828c2f05fe5d02,,08/14/2025 04:30:00 PM,30,TRAFFIC SIGNAL,FUNCTIONING PROPERLY,CLEAR,DAYLIGHT,REAR TO SIDE,FOUR WAY,,STRAIGHT AND LEVEL,DRY,NO DEFECTS,NOT ON SCENE (DESK REPORT),NO INJURY / DRIVE AWAY,,,,"OVER $1,500",08/15/2025 07:10:00 AM,UNABLE TO DETERMINE,NOT APPLICABLE,9900,S,HALSTED ST,2232,,,,,,,2,NO INDICATION OF INJURY,0,0,0,0,0,2,0,16,5,8,41.7141188681,-87.6431454082,POINT (-87.643145408182 41.71411886809)
1f44ad2d05ee40bc6a18a65bd6cf0218177630577d0f17b730dddb8e0d538878c968d6dd7b9cd64a5eeda8f69c4fba9923eb3d54c2865abfc5e6c1a8f25ff60b,,08/14/2025 04:20:00 PM,30,TRAFFIC SIGNAL,FUNCTIONING PROPERLY,CLEAR,DAYLIGHT,ANGLE,NOT DIVIDED,,STRAIGHT AND LEVEL,DRY,UNKNOWN,NOT ON SCENE (DESK REPORT),NO INJURY / DRIVE AWAY,,,Y,"OVER $1,500",08/14/2025 08:15:00 PM,NOT APPLICABLE,FAILING TO YIELD RIGHT-OF-WAY,1602,N,OAK PARK AVE,2513,,,,,,,2,NO INDICATION OF INJURY,0,0,0,0,0,3,0,16,5,8,41.9091708121,-87.7949499525,POINT (-87.794949952527 41.909170812109)
5085bbf232c1814154f7e11d5baaff57c2d0cd06a38e7696a5f3f9287f7f81afa8879d8b57bde97d397427872cccacdc18c0e1c9f8400cd7be1134cd068e8d82,,08/14/2025 04:20:00 PM,25,NO CONTROLS,NO CONTROLS,CLEAR,DAYLIGHT,PARKED MOTOR VEHICLE,NOT DIVIDED,,STRAIGHT AND LEVEL,DRY,NO DEFECTS,NOT ON SCENE (DESK REPORT),NO INJURY / DRIVE AWAY,,,,"OVER $1,500",08/15/2025 02:38:00 PM,NOT APPLICABLE,NOT APPLICABLE,5714,W,WELLINGTON AVE,2514,,,,,,,2,NO INDICATION OF INJURY,0,0,0,0,0,2,0,16,5,8,41.9349944076,-87.7695020718,POINT (-87.769502071827 41.934994407616)
59cb914579617e6e2ebdfec81244ff8d13b34303ae0b540c97ed815c0e191786286ad697499a829860cb96f6f829927b5ef999563b998b2f685a3e0c0dc31f12,,08/14/2025 04:20:00 PM,30,STOP SIGN/FLASHER,FUNCTIONING PROPERLY,CLEAR,DAYLIGHT,ANGLE,FOUR WAY,,STRAIGHT AND LEVEL,DRY,NO DEFECTS,ON SCENE,NO INJURY / DRIVE AWAY,Y,,,"OVER $1,500",08/14/2025 04:24:00 PM,FAILING TO YIELD RIGHT-OF-WAY,UNABLE TO DETERMINE,5401,S,HALSTED ST,935,,,,,,,2,NO INDICATION OF INJURY,0,0,0,0,0,2,0,16,5,8,41.7960868802,-87.6450568396,POINT (-87.645056839582 41.796086880227)
4522122d0687edb4aae2a01c16317ea40cc3a88a731d97b763c9098ad75f5537c101ca0dd35ef2aba8102535a246d03d3fedebf65f6f5fedb860de36dc72a125,,08/14/2025 04:17:00 PM,30,TRAFFIC SIGNAL,UNKNOWN,CLEAR,DAYLIGHT,SIDESWIPE SAME DIRECTION,FOUR WAY,,STRAIGHT AND LEVEL,UNKNOWN,UNKNOWN,NOT ON SCENE (DESK REPORT),NO INJURY / DRIVE AWAY,Y,,,$500 OR LESS,08/14/2025 06:15:00 PM,UNABLE TO DETERMINE,UNABLE TO DETERMINE,10038,S,EWING AVE,432,,,,,,,2,NO INDICATION OF INJURY,0,0,0,0,0,2,0,16,5,8,41.7127712418,-87.5354221874,POINT (-87.535422187416 41.712771241793)
6b6cea38827e341dfa11797ddb1893fa55f4a147324878f9467c20852c38124cea6378419abd1ffe866d75bb22587ed551587566101d2f8ce1dc0bac02088c34,,08/14/2025 04:15:00 PM,30,NO CONTROLS,NO CONTROLS,CLEAR,DAYLIGHT,PARKED MOTOR VEHICLE,NOT DIVIDED,,STRAIGHT AND LEVEL,DRY,NO DEFECTS,NOT ON SCENE (DESK REPORT),NO INJURY / DRIVE AWAY,,,,"$501 - $1,500",08/14/2025 05:58:00 PM,NOT APPLICABLE,NOT APPLICABLE,7971,S,KOSTNER AVE,834,,,,,,,2,NO INDICATION OF INJURY,0,0,0,0,0,1,0,16,5,8,41.7471614397,-87.7314110054,POINT (-87.731411005377 41.747161439741)
6eb48d5e16291838d054c840b88f12fc37b35dd93a2bb89f025baec94daed47ff02e96c1bded92676d47f4392fcffd00f58c6f37c85cbad441258a6f06b15c87,,08/14/2025 04:15:00 PM,30,NO CONTROLS,NO CONTROLS,CLEAR,DAYLIGHT,PARKED MOTOR VEHICLE,NOT DIVIDED,,STRAIGHT AND LEVEL,DRY,UNKNOWN,NOT ON SCENE (DESK REPORT),NO INJURY / DRIVE AWAY,,,Y,"OVER $1,500",08/14/2025 05:50:00 PM,UNABLE TO DETERMINE,NOT APPLICABLE,54,N,HERMITAGE AVE,1224,,,,,,,2,NO INDICATION OF INJURY,0,0,0,0,0,1,0,16,5,8,41.8829869769,-87.6707187897,POINT (-87.670718789739 41.882986976886)
ce1b63b83f2d623a8e8d08a8639d123a0dd6eef55b0e90a5fb1f05b4824d85fe46b96db73ffc4b82cb01734af8e446b4f98fa029a6a7523faa3d250b4619cb47,,08/14/2025 04:15:00 PM,30,NO CONTROLS,NO CONTROLS,CLEAR,DAYLIGHT,ANGLE,NOT DIVIDED,,STRAIGHT AND LEVEL,DRY,NO DEFECTS,ON SCENE,NO INJURY / DRIVE AWAY,,,Y,"OVER $1,500",08/14/2025 04:29:00 PM,NOT APPLICABLE,NOT APPLICABLE,11506,S,MORGAN ST,524,,Y,,,,,2,NO INDICATION OF INJURY,0,0,0,0,0,2,0,16,5,8,41.6847960401,-87.6471552629,POINT (-87.647155262939 41.684796040091)
9324023324154edef1815e1adb27cb6efcb7432cc690bab9b020d6721d19bb1b383581463fb919f080759a771e23f13d85141af5ad872dbb1fc51487ba75507f,,08/14/2025 04:14:00 PM,30,NO CONTROLS,NO CONTROLS,CLEAR,DAYLIGHT,SIDESWIPE SAME DIRECTION,DIVIDED - W/MEDIAN (NOT RAISED),,STRAIGHT AND LEVEL,DRY,NO DEFECTS,,NO INJURY / DRIVE AWAY,,,,"$501 - $1,500",08/14/2025 04:14:00 PM,IMPROPER LANE USAGE,UNABLE TO DETERMINE,5247,N,NORTHWEST HWY,1622,,,,,,,2,NO INDICATION OF INJURY,0,0,0,0,0,2,0,16,5,8,41.9761284766,-87.7698700654,POINT (-87.769870065415 41.97612847664)
26fcb0dc685b8f76bbbc7b390bb31cfc2fb6783dce3eb4dbd598d02bf8b1b29f3b9d41ba9a3d3aba62b59d09418e3706db16887f69061d5649d4c005a438d48b,,08/14/2025 04:10:00 PM,30,NO CONTROLS,NO CONTROLS,CLEAR,DAYLIGHT,REAR END,DIVIDED - W/MEDIAN (NOT RAISED),,STRAIGHT AND LEVEL,DRY,UNKNOWN,NOT ON SCENE (DESK REPORT),NO INJURY / DRIVE AWAY,,,Y,"OVER $1,500",08/14/2025 05:00:00 PM,UNABLE TO DETERMINE,UNABLE TO DETERMINE,898,N,PULASKI RD,1111,,,,,,,2,NO INDICATION OF INJURY,0,0,0,0,0,3,0,16,5,8,41.8971062421,-87.7262840458,POINT (-87.726284045834 41.897106242103)
fb2e7efb93bd05c5251d376708b93ac10fa3d5bef8492dc4660f98f8f7b67e74109a091ff78606765d95a8cf7eca8990c3b04d4e93473b8d6c1608083c791d3a,,08/14/2025 04:08:00 PM,25,UNKNOWN,UNKNOWN,CLEAR,"DARKNESS, LIGHTED ROAD",PARKED MOTOR VEHICLE,ONE-WAY,,STRAIGHT AND LEVEL,DRY,NO DEFECTS,ON SCENE,NO INJURY / DRIVE AWAY,,,N,"OVER $1,500",08/14/2025 04:13:00 PM,DISTRACTION - FROM INSIDE VEHICLE,UNABLE TO DETERMINE,10849,S,TALMAN AVE,2212,,Y,,,,,2,NO INDICATION OF INJURY,0,0,0,0,0,1,0,16,5,8,41.6957514327,-87.687287989,POINT (-87.687287989016 41.695751432678)
500f120f7ef5704f072ee5692064ee259fbb570c9241d23f55ce6e5bfb110c7e418ab30363421c1e55071776e477feee96b09ae3a781c9665bdcda75030c0e76,,08/14/2025 04:01:00 PM,20,STOP SIGN/FLASHER,FUNCTIONING PROPERLY,CLEAR,DAYLIGHT,ANGLE,NOT DIVIDED,,STRAIGHT AND LEVEL,DRY,NO DEFECTS,ON SCENE,NO INJURY / DRIVE AWAY,Y,,,"OVER $1,500",08/14/2025 04:01:00 PM,FAILING TO YIELD RIGHT-OF-WAY,FAILING TO YIELD RIGHT-OF-WAY,3632,W,25TH ST,1013,,,,,,,2,NO INDICATION OF INJURY,0,0,0,0,0,4,0,16,5,8,41.8463146245,-87.7160031755,POINT (-87.716003175525 41.846314624465)
172728d77df9b9c654099328a2c85a0c66de82863884337eee8f27ab5d7c3a814ea547bdba259bf4039ffa939fcaa9ffc0231442e7f9098c530d90b216bb3c8c,Y,08/14/2025 04:00:00 PM,30,NO CONTROLS,NO CONTROLS,CLEAR,DAYLIGHT,PARKED MOTOR VEHICLE,NOT DIVIDED,,STRAIGHT AND LEVEL,DRY,NO DEFECTS,ON SCENE,INJURY AND / OR TOW DUE TO CRASH,,,,"OVER $1,500",08/14/2025 05:00:00 PM,FAILING TO REDUCE SPEED TO AVOID CRASH,NOT APPLICABLE,4440,S,MORGAN ST,925,,,,,,,2,NO INDICATION OF INJURY,0,0,0,0,0,1,0,16,5,8,41.8130283878,-87.650672785,POINT (-87.65067278497 41.813028387827)
26b20a0375453f57456f669e502dc86b319e9ce5db6794ec0a9dff2414ede4f49159e1af69f21abce0d1491311305fdde971b796a850d4ebdd6f66143a04e6f5,,08/14/2025 04:00:00 PM,30,NO CONTROLS,NO CONTROLS,CLEAR,DAYLIGHT,SIDESWIPE SAME DIRECTION,DIVIDED - W/MEDIAN (NOT RAISED),,STRAIGHT AND LEVEL,DRY,NO DEFECTS,NOT ON SCENE (DESK REPORT),NO INJURY / DRIVE AWAY,,,,"OVER $1,500",08/14/2025 04:25:00 PM,UNABLE TO DETERMINE,UNABLE TO DETERMINE,4922,N,KIMBALL AVE,1712,,,,,,,2,NO INDICATION OF INJURY,0,0,0,0,0,2,0,16,5,8,41.9708706549,-87.7135796579,POINT (-87.713579657867 41.970870654851)
3d64a34d24bd64455c3e1707301c356e7e5c24e36afae33094fcc576da2175de328626826e3563bde4335cf407e3e3d51b78dfd43832a307610fdf656976fd3a,,08/14/2025 04:00:00 PM,25,STOP SIGN/FLASHER,UNKNOWN,CLEAR,DAYLIGHT,PARKED MOTOR VEHICLE,FOUR WAY,,STRAIGHT AND LEVEL,DRY,NO DEFECTS,NOT ON SCENE (DESK REPORT),NO INJURY / DRIVE AWAY,Y,,Y,"$501 - $1,500",08/14/2025 04:30:00 PM,UNABLE TO DETERMINE,UNABLE TO DETERMINE,1356,W,ROSEMONT AVE,2433,,,,,,,2,NO INDICATION OF INJURY,0,0,0,0,0,1,0,16,5,8,41.9964422705,-87.6652024814,POINT (-87.665202481386 41.996442270525)
4b741683874b78745795d36066b9f276141d8cd33bee1f707a1909861ab0dfdfb997eb7c0de445f90ecf72a09023a0b30530463ba620b32f6e5aa6dcf1ac0dcc,,08/14/2025 04:00:00 PM,15,NO CONTROLS,NO CONTROLS,CLEAR,DAYLIGHT,PARKED MOTOR VEHICLE,PARKING LOT,,STRAIGHT AND LEVEL,DRY,SHOULDER DEFECT,NOT ON SCENE (DESK REPORT),NO INJURY / DRIVE AWAY,,Y,,"OVER $1,500",08/14/2025 04:04:00 PM,FAILING TO YIELD RIGHT-OF-WAY,FAILING TO YIELD RIGHT-OF-WAY,1430,S,ASHLAND AVE,1233,,,,,,,2,NO INDICATION OF INJURY,0,0,0,0,0,1,0,16,5,8,41.8624024249,-87.6664189682,POINT (-87.666418968157 41.862402424927)
5f1ad4a8cc05b248fa73c03558b5bc7d3980ec53b4291ea14d96ed856a62d90971afcce26d8d27a6415ff5c833d3e7d29cd99523a13f758e5aef1c30b51922b3,,08/14/2025 04:00:00 PM,10,NO CONTROLS,NO CONTROLS,CLEAR,DAYLIGHT,PARKED MOTOR VEHICLE,PARKING LOT,,STRAIGHT AND LEVEL,DRY,NO DEFECTS,NOT ON SCENE (DESK REPORT),NO INJURY / DRIVE AWAY,,,Y,"OVER $1,500",08/14/2025 08:09:00 PM,UNABLE TO DETERMINE,NOT APPLICABLE,6560,W,FULLERTON AVE,2512,,,,,,,2,NO INDICATION OF INJURY,0,0,0,0,0,1,0,16,5,8,41.923750201,-87.7898808596,POINT (-87.789880859626 41.923750201042)
81806130ecb2927cddca62957d653065a4840c946376c404b30cbcac94dbfc44742226deba56f0a10d2a2cf62e6f95eea3a9353e9ff8b78641534ed583df5f3a,,08/14/2025 04:00:00 PM,30,NO CONTROLS,NO CONTROLS,CLEAR,DAYLIGHT,PARKED MOTOR VEHICLE,DIVIDED - W/MEDIAN BARRIER,,STRAIGHT AND LEVEL,DRY,UNKNOWN,ON SCENE,NO INJURY / DRIVE AWAY,,,Y,"$501 - $1,500",08/14/2025 04:27:00 PM,NOT APPLICABLE,NOT APPLICABLE,5228,S,LAKE PARK AVE,234,,,,,,,2,NO INDICATION OF INJURY,0,0,0,0,0,1,0,16,5,8,41.8001783984,-87.5875161877,POINT (-87.587516187718 41.800178398404)
8198cb30f4322244b31699b55c64cdec55cd48acf8e947b42557eac5ce1c561f72f68ddbdb10b8156bee2e1fa2c4ea6cd4f70159bafe4135a860c9d88eb097fc,,08/14/2025 04:00:00 PM,25,TRAFFIC SIGNAL,FUNCTIONING PROPERLY,CLEAR,DAYLIGHT,REAR END,FOUR WAY,,STRAIGHT AND LEVEL,DRY,NO DEFECTS,ON SCENE,NO INJURY / DRIVE AWAY,,,,$500 OR LESS,08/14/2025 04:24:00 PM,FOLLOWING TOO CLOSELY,UNABLE TO DETERMINE,5500,N,BROADWAY,2013,,Y,,,,,2,NO INDICATION OF INJURY,0,0,0,0,0,3,0,16,5,8,41.981887333,-87.6601674062,POINT (-87.660167406249 41.981887333036)
828513311ff3fac83a565bd694c44b2be50d2af6f26f078d55c11f6a9c102183289a33f05aec5907956bc0a91039fd1a2c3d1ebe1a8cbad93787990d5eaad0a6,,08/14/2025 04:00:00 PM,25,NO CONTROLS,NO CONTROLS,CLEAR,DAYLIGHT,SIDESWIPE SAME DIRECTION,TRAFFIC ROUTE,,STRAIGHT AND LEVEL,DRY,NO DEFECTS,NOT ON SCENE (DESK REPORT),NO INJURY / DRIVE AWAY,,,,"$501 - $1,500",08/14/2025 05:15:00 PM,FAILING TO YIELD RIGHT-OF-WAY,FAILING TO YIELD RIGHT-OF-WAY,2476,E,130TH ST,434,,,,,,,2,NO INDICATION OF INJURY,0,0,0,0,0,3,0,16,5,8,41.6592806467,-87.5634313502,POINT (-87.563431350236 41.659280646662)
9bf4207f7f7e932c35478e82c7aae5991688eba0dc2baf78cf87cf653be2a3e2f82d555aa168f55982dc621718eb7959c8c0f5e0c755635cbc6233f1ae94500a,,08/14/2025 04:00:00 PM,30,NO CONTROLS,NO CONTROLS,CLEAR,DAYLIGHT,SIDESWIPE SAME DIRECTION,DIVIDED - W/MEDIAN (NOT RAISED),,STRAIGHT AND LEVEL,DRY,UNKNOWN,ON SCENE,INJURY AND / OR TOW DUE TO CRASH,,,,"OVER $1,500",08/14/2025 04:02:00 PM,IMPROPER LANE USAGE,FAILING TO YIELD RIGHT-OF-WAY,7038,W,NORTH AVE,2513,,,,,,,2,NO INDICATION OF INJURY,0,0,0,0,0,2,0,16,5,8,41.9090448912,-87.8019835962,POINT (-87.801983596224 41.909044891158)
af364d75f22ac1bccfb5506d22712285ca51ad5a03e746cb12b9f1facd9691ce6175482cd963799561f5262e9549941600c9e7d30ac03d1087ed84d44ae2cc77,,08/14/2025 04:00:00 PM,30,STOP SIGN/FLASHER,FUNCTIONING PROPERLY,CLEAR,DAYLIGHT,REAR END,FOUR WAY,,STRAIGHT AND LEVEL,DRY,NO DEFECTS,NOT ON SCENE (DESK REPORT),NO INJURY / DRIVE AWAY,Y,,,"OVER $1,500",08/15/2025 03:50:00 PM,FOLLOWING TOO CLOSELY,UNABLE TO DETERMINE,1415,W,99TH ST,2213,,,,,,,2,NO INDICATION OF INJURY,0,0,0,0,0,2,0,16,5,8,41.7139139292,-87.6581588677,POINT (-87.658158867663 41.713913929171)
dfbbae7e32170feff611ecde2ba5e90eb8d4062e7ccb4e573e509aed81dfa627369f1cbd61e2b848c7db2503937f4a9a086e5b9ecfe781d95f40fc94c4ddc8f3,Y,08/14/2025 04:00:00 PM,30,TRAFFIC SIGNAL,FUNCTIONING PROPERLY,CLEAR,DAYLIGHT,ANGLE,DIVIDED - W/MEDIAN (NOT RAISED),,STRAIGHT AND LEVEL,DRY,NO DEFECTS,ON SCENE,NO INJURY / DRIVE AWAY,Y,,,"OVER $1,500",08/14/2025 04:08:00 PM,DISREGARDING TRAFFIC SIGNALS,NOT APPLICABLE,525,N,ORLEANS ST,1831,,,,,,,2,NO INDICATION OF INJURY,0,0,0,0,0,2,0,16,5,8,41.8915077044,-87.6368826773,POINT (-87.636882677276 41.891507704413)
eead37e8032e30feb8b12c588d9a8596e4dd207a98601e6fd7ba346321d9c8c8565eb9a1fb419a80d08a24b69e38d3678dfd289c075d3660a83e0bf43560c7d8,,08/14/2025 04:00:00 PM,30,NO CONTROLS,NO CONTROLS,CLEAR,DAYLIGHT,PARKED MOTOR VEHICLE,NOT DIVIDED,,STRAIGHT AND LEVEL,DRY,NO DEFECTS,NOT ON SCENE (DESK REPORT),NO INJURY / DRIVE AWAY,,,Y,"OVER $1,500",08/15/2025 10:00:00 AM,UNABLE TO DETERMINE,UNABLE TO DETERMINE,7425,W,IRVING PARK RD,1631,,,,,,,2,NO INDICATION OF INJURY,0,0,0,0,0,1,0,16,5,8,41.9525177082,-87.813283783,POINT (-87.813283783026 41.952517708249)
aa6c51d512f900e6c031d3a9c42597cafa77e05472aa4b21d78a8d571ccd21eec91e6658fdeee0091535afa55deaad23ae9387849b75287ecbcf5aa78336fae8,,08/14/2025 03:56:00 PM,30,NO CONTROLS,NO CONTROLS,CLEAR,DAYLIGHT,ANGLE,NOT DIVIDED,,STRAIGHT AND LEVEL,DRY,NO DEFECTS,,INJURY AND / OR TOW DUE TO CRASH,,,,"OVER $1,500",08/14/2025 07:11:00 PM,UNABLE TO DETERMINE,NOT APPLICABLE,856,E,64TH ST,312,,,,,,,2,"REPORTED, NOT EVIDENT",1,0,0,0,1,8,0,15,5,8,41.7787306709,-87.6035828139,POINT (-87.60358281393 41.778730670851)
c981438422e8352b2a5322b42195417eef4c6c1c3c349065a51c080c30d6229c5e186b04ed9f2bad64a5774706c133ec9e5b511fe26c3feac1c89a2d9ab58e8c,,08/14/2025 03:55:00 PM,30,NO CONTROLS,NO CONTROLS,CLEAR,DAYLIGHT,PARKED MOTOR VEHICLE,ONE-WAY,,STRAIGHT AND LEVEL,DRY,UNKNOWN,NOT ON SCENE (DESK REPORT),NO INJURY / DRIVE AWAY,,,Y,"OVER $1,500",08/15/2025 12:00:00 PM,DRIVING SKILLS/KNOWLEDGE/EXPERIENCE,UNABLE TO DETERMINE,1557,E,MIDWAY PLAISANCE,235,,,,,,,2,NO INDICATION OF INJURY,0,0,0,0,0,1,0,15,5,8,41.7862808325,-87.5867041664,POINT (-87.586704166435 41.786280832546)
1d93c21948f662eac97d902f0732f3229b92a5a9f301c22571dd98f1076d20b26540b4671138151cbf80c7e7e788b7555ac1b9995709b7dde425bac550c057e1,Y,08/14/2025 03:47:00 PM,25,STOP SIGN/FLASHER,FUNCTIONING PROPERLY,CLEAR,DAYLIGHT,ANGLE,NOT DIVIDED,,STRAIGHT AND LEVEL,DRY,NO DEFECTS,ON SCENE,INJURY AND / OR TOW DUE TO CRASH,,,,"$501 - $1,500",08/14/2025 03:48:00 PM,DISREGARDING STOP SIGN,NOT APPLICABLE,3000,W,POLK ST,1134,,,,,,,2,NO INDICATION OF INJURY,0,0,0,0,0,2,0,15,5,8,41.8711168738,-87.7010486126,POINT (-87.701048612635 41.871116873827)
4f5a67dc26538453ba0f2609dbabbd9975aec7f7263ad20fba29f274973e9ae33600f0fd50eba56dd3f66407491132e0379cf8dd93117d2c71e7fc0017a97496,,08/14/2025 03:47:00 PM,30,NO CONTROLS,NO CONTROLS,CLEAR,DAYLIGHT,TURNING,NOT DIVIDED,,STRAIGHT AND LEVEL,DRY,NO DEFECTS,NOT ON SCENE (DESK REPORT),INJURY AND / OR TOW DUE TO CRASH,,,,"$501 - $1,500",08/14/2025 03:47:00 PM,UNABLE TO DETERMINE,UNABLE TO DETERMINE,1627,E,75TH ST,411,,,,,,,2,NONINCAPACITATING INJURY,1,0,0,1,0,1,0,15,5,8,41.7586726977,-87.5846445426,POINT (-87.584644542629 41.758672697729)
f31f1156b93d2f8106bbe325fab83e847ad5ba661daa4bdd3692324740b3914cdafc7a0a3ce9edb3a72231928bc7d54472f9ebff8b5867c16e3075132455bdd8,,08/14/2025 03:45:00 PM,30,TRAFFIC SIGNAL,UNKNOWN,UNKNOWN,DAYLIGHT,TURNING,FOUR WAY,,STRAIGHT AND LEVEL,UNKNOWN,UNKNOWN,NOT ON SCENE (DESK REPORT),NO INJURY / DRIVE AWAY,Y,,,"$501 - $1,500",08/14/2025 04:25:00 PM,UNABLE TO DETERMINE,NOT APPLICABLE,6401,N,SHERIDAN RD,2432,,,,,,,2,NO INDICATION OF INJURY,0,0,0,0,0,2,0,15,5,8,41.9983088064,-87.6596963833,POINT (-87.659696383256 41.99830880639)
647e1a62c324e0b02a2a14c63b52feabaee84325c499b746e8300fd4dbde98bb6b198a288ed0d3e0eea9e11fbaaa9955c9e8f3e2ed43bfe57208546c2797ad4f,,08/14/2025 03:40:00 PM,10,NO CONTROLS,NO CONTROLS,CLEAR,DAYLIGHT,PARKED MOTOR VEHICLE,PARKING LOT,,STRAIGHT AND LEVEL,UNKNOWN,UNKNOWN,NOT ON SCENE (DESK REPORT),NO INJURY / DRIVE AWAY,,,,"OVER $1,500",08/16/2025 02:10:00 PM,UNABLE TO DETERMINE,NOT APPLICABLE,4743,W,FULLERTON AVE,2522,,,,,,,2,NO INDICATION OF INJURY,0,0,0,0,0,1,0,15,5,8,41.924139584,-87.7456080681,POINT (-87.745608068108 41.924139584013)
716f7c0f47d599cb7767f06c7c6e33b459f548ac6298228259908cfd4b9fdf82bea4b5d52eaa337f226e2111b16bf751df6488f4ff2fb08d3ff8f6e8eff042ab,,08/14/2025 03:40:00 PM,10,NO CONTROLS,NO CONTROLS,OTHER,DAYLIGHT,FIXED OBJECT,PARKING LOT,,STRAIGHT AND LEVEL,DRY,NO DEFECTS,NOT ON SCENE (DESK REPORT),NO INJURY / DRIVE AWAY,,,,"$501 - $1,500",08/14/2025 04:30:00 PM,IMPROPER BACKING,NOT APPLICABLE,4548,N,MAGNOLIA AVE,1913,,,,,,,1,NO INDICATION OF INJURY,0,0,0,0,0,1,0,15,5,8,41.9649707204,-87.6611588098,POINT (-87.661158809767 41.964970720425)
b87241432ec6515153e4853d384c7cf3bcabc3c98835e6d9de6cb31bf54ae3e9159ff1bdf3a88add71df0fe3c0693de82d87530575d81588a2a2d23203fabd4b,,08/14/2025 03:40:00 PM,30,TRAFFIC SIGNAL,FUNCTIONING PROPERLY,CLEAR,DAYLIGHT,REAR END,DIVIDED - W/MEDIAN (NOT RAISED),,STRAIGHT AND LEVEL,DRY,NO DEFECTS,,NO INJURY / DRIVE AWAY,,,,"$501 - $1,500",08/23/2025 01:05:00 PM,FOLLOWING TOO CLOSELY,FAILING TO YIELD RIGHT-OF-WAY,5029,N,WESTERN AVE,2031,,,,,,,2,NO INDICATION OF INJURY,0,0,0,0,0,2,0,15,5,8,41.973124415,-87.6889097586,POINT (-87.688909758558 41.973124414967)
3338494a091e66c636177cf3e9ea3b0a842128cc0d1fdf497720809c543878b623474576641217b6f8dfeb4c855f731c466d6362165b6d560eba0d5bde9631f9,,08/14/2025 03:39:00 PM,35,TRAFFIC SIGNAL,FUNCTIONING PROPERLY,CLEAR,DAYLIGHT,SIDESWIPE SAME DIRECTION,NOT DIVIDED,,STRAIGHT AND LEVEL,DRY,NO DEFECTS,ON SCENE,NO INJURY / DRIVE AWAY,,,Y,"$501 - $1,500",08/14/2025 03:47:00 PM,UNABLE TO DETERMINE,UNABLE TO DETERMINE,401,E,71ST ST,323,,Y,,,,,2,NO INDICATION OF INJURY,0,0,0,0,0,3,0,15,5,8,41.765603104,-87.6151973863,POINT (-87.615197386332 41.765603103978)