CRASH_RECORD_ID,CRASH_DATE_EST_I,CRASH_DATE,POSTED_SPEED_LIMIT,TRAFFIC_CONTROL_DEVICE,DEVICE_CONDITION,WEATHER_CONDITION,LIGHTING_CONDITION,FIRST_CRASH_TYPE,TRAFFICWAY_TYPE,LANE_CNT,ALIGNMENT,ROADWAY_SURFACE_COND,ROAD_DEFECT,REPORT_TYPE,CRASH_TYPE,INTERSECTION_RELATED_I,NOT_RIGHT_OF_WAY_I,HIT_AND_RUN_I,DAMAGE,DATE_POLICE_NOTIFIED,PRIM_CONTRIBUTORY_CAUSE,SEC_CONTRIBUTORY_CAUSE,STREET_NO,STREET_DIRECTION,STREET_NAME,BEAT_OF_OCCURRENCE,PHOTOS_TAKEN_I,STATEMENTS_TAKEN_I,DOORING_I,WORK_ZONE_I,WORK_ZONE_TYPE,WORKERS_PRESENT_I,NUM_UNITS,MOST_SEVERE_INJURY,INJURIES_TOTAL,INJURIES_FATAL,INJURIES_INCAPACITATING,INJURIES_NON_INCAPACITATING,INJURIES_REPORTED_NOT_EVIDENT,INJURIES_NO_INDICATION,INJURIES_UNKNOWN,CRASH_HOUR,CRASH_DAY_OF_WEEK,CRASH_MONTH,LATITUDE,LONGITUDE,LOCATION
6d0c0d2c27c06a752b362fd836fc29dd890b446e43ea3d4703afe4ce533b7c0aa196e0bfc304988ebd4e6973dc104f316bbf660bd216ab5d70fa810623ff82fa,,08/14/2025 03:39:00 PM,25,OTHER,FUNCTIONING PROPERLY,CLEAR,DAYLIGHT,TURNING,DIVIDED - W/MEDIAN (NOT RAISED),,STRAIGHT AND LEVEL,DRY,NO DEFECTS,ON SCENE,INJURY AND / OR TOW DUE TO CRASH,,,,"OVER $1,500",08/14/2025 03:50:00 PM,NOT APPLICABLE,NOT APPLICABLE,2935,N,CENTRAL PARK AVE,1412,,,,,,,2,NO INDICATION OF INJURY,0,0,0,0,0,3,0,15,5,8,41.9348053141,-87.7171202197,POINT (-87.717120219717 41.934805314115)
9143a2381ced9a1aa18c0f2ce354863bb8f2dbd15f31c52686e39019e6b91bd2bb0ce8282bb244ce3e19c5fbb3941b3584b57542fef36150930dd1496586db5d,Y,08/14/2025 03:37:00 PM,15,NO CONTROLS,NO CONTROLS,UNKNOWN,DAYLIGHT,PARKED MOTOR VEHICLE,PARKING LOT,,STRAIGHT AND LEVEL,UNKNOWN,NO DEFECTS,NOT ON SCENE (DESK REPORT),NO INJURY / DRIVE AWAY,,,Y,"OVER $1,500",08/17/2025 09:15:00 PM,UNABLE TO DETERMINE,UNABLE TO DETERMINE,20,E,RANDOLPH ST,111,,,,,,,2,NO INDICATION OF INJURY,0,0,0,0,0,1,0,15,5,8,41.8846028549,-87.6271869402,POINT (-87.627186940196 41.884602854888)
46048db608aa27c7faeeddc18130892db4c210dedd28bd9f0f1f91cbc3b108e81625a3516ee170cdb8e86993df7f7423434a26ce1b7ca4da45a4fd1c9478c3cf,,08/14/2025 03:35:00 PM,30,NO CONTROLS,NO CONTROLS,CLEAR,DAYLIGHT,PARKED MOTOR VEHICLE,DIVIDED - W/MEDIAN (NOT RAISED),,STRAIGHT AND LEVEL,DRY,NO DEFECTS,NOT ON SCENE (DESK REPORT),NO INJURY / DRIVE AWAY,,,,"OVER $1,500",08/14/2025 09:00:00 PM,IMPROPER OVERTAKING/PASSING,FAILING TO YIELD RIGHT-OF-WAY,2629,W,WILSON AVE,1911,,,,,,,2,NO INDICATION OF INJURY,0,0,0,0,0,3,0,15,5,8,41.9646972332,-87.6948668153,POINT (-87.694866815317 41.964697233195)
1e00c5911b63712bdbfdb1357567a924fcc9099fa5f99f70279634c23c0fd857f13a46c58c6dc9f1d39024b73bdce42f30bba17d09438810ab077534a938d796,,08/14/2025 03:33:00 PM,30,TRAFFIC SIGNAL,FUNCTIONING PROPERLY,CLEAR,DAYLIGHT,SIDESWIPE SAME DIRECTION,FOUR WAY,,STRAIGHT AND LEVEL,DRY,NO DEFECTS,NOT ON SCENE (DESK REPORT),INJURY AND / OR TOW DUE TO CRASH,Y,,,"OVER $1,500",08/14/2025 10:00:00 PM,IMPROPER OVERTAKING/PASSING,IMPROPER LANE USAGE,150,N,MICHIGAN AVE,111,,,,,,,2,NO INDICATION OF INJURY,0,0,0,0,0,2,0,15,5,8,41.8845309638,-87.6246020446,POINT (-87.624602044601 41.884530963783)
cf5ac2ac0f567708fdb90fe2cafba37ea7c2981cc4ce67b49273cffa2c1af9946ed6a03899d6ae42ff056f072e1da6b5dbbeff0df34853f299a8ed68e0b54277,,08/14/2025 03:31:00 PM,30,TRAFFIC SIGNAL,FUNCTIONING PROPERLY,CLEAR,DAYLIGHT,TURNING,NOT DIVIDED,,STRAIGHT AND LEVEL,DRY,UNKNOWN,ON SCENE,INJURY AND / OR TOW DUE TO CRASH,Y,,,"OVER $1,500",08/14/2025 04:29:00 PM,UNABLE TO DETERMINE,UNABLE TO DETERMINE,3058,W,PETERSON AVE,2413,,N,,,,,2,NO INDICATION OF INJURY,0,0,0,0,0,3,0,15,5,8,41.990508926,-87.706622194,POINT (-87.70662219398 41.990508925961)
28eba37d6625cae09d68877c6d55a09b664afa3366b1fcacad7a36785ae00fa7c5b5982f36bde3045f8aa28921b1aa3c09e5e6408834ba239c1fed17cd89b58e,,08/14/2025 03:30:00 PM,10,NO CONTROLS,NO CONTROLS,CLEAR,DAYLIGHT,REAR END,PARKING LOT,,STRAIGHT AND LEVEL,DRY,UNKNOWN,NOT ON SCENE (DESK REPORT),NO INJURY / DRIVE AWAY,,,Y,"OVER $1,500",08/19/2025 02:21:00 PM,UNABLE TO DETERMINE,UNABLE TO DETERMINE,7131,S,JEFFERY BLVD,333,,,,,,,2,NO INDICATION OF INJURY,0,0,0,0,0,2,0,15,5,8,41.7651895243,-87.576133104,POINT (-87.576133103966 41.765189524328)
370e126eb365e1418d61e84d6768731ea1bcabaa215835c4681ff990e465f6b0465407ba08ccf0d1dd1cfd78100c6fd5bc469d55544f9513f0a346cfaf95b42f,,08/14/2025 03:30:00 PM,30,TRAFFIC SIGNAL,FUNCTIONING PROPERLY,CLEAR,DAYLIGHT,FIXED OBJECT,NOT DIVIDED,,STRAIGHT AND LEVEL,DRY,NO DEFECTS,ON SCENE,INJURY AND / OR TOW DUE TO CRASH,,Y,,"OVER $1,500",08/14/2025 03:40:00 PM,EQUIPMENT - VEHICLE CONDITION,EQUIPMENT - VEHICLE CONDITION,532,W,95TH ST,2223,,,,,,,1,NO INDICATION OF INJURY,0,0,0,0,0,1,0,15,5,8,41.7216507182,-87.6372172134,POINT (-87.637217213351 41.721650718156)
6a9c1a2f623a3f04cf8288f312b564e5ddaf6aa67b53a2924ca30d764785b1cc2eb0c5670801ea02c5ebce72f87b2d2ad4106f35ef9af4119310b7fb4bc0f8b9,,08/14/2025 03:30:00 PM,25,NO CONTROLS,NO CONTROLS,CLEAR,DAYLIGHT,PARKED MOTOR VEHICLE,NOT DIVIDED,,STRAIGHT AND LEVEL,DRY,NO DEFECTS,NOT ON SCENE (DESK REPORT),NO INJURY / DRIVE AWAY,,,Y,$500 OR LESS,08/14/2025 07:18:00 PM,IMPROPER LANE USAGE,NOT APPLICABLE,2629,W,WILSON AVE,1911,,,,,,,2,NO INDICATION OF INJURY,0,0,0,0,0,2,0,15,5,8,41.9646972332,-87.6948668153,POINT (-87.694866815317 41.964697233195)
7f92db972fe5ecbc05a8bb42633236a868fe7de8a2b95d9fb7aa8dd137041b714b9669443073bd1f5cf06f1cae3b148a91eaacb3cf7807ccbf8cf9e62ade791e,,08/14/2025 03:30:00 PM,25,NO CONTROLS,NO CONTROLS,CLEAR,DAYLIGHT,PARKED MOTOR VEHICLE,ONE-WAY,,STRAIGHT AND LEVEL,DRY,NO DEFECTS,NOT ON SCENE (DESK REPORT),NO INJURY / DRIVE AWAY,,,,"OVER $1,500",08/22/2025 08:30:00 AM,DRIVING SKILLS/KNOWLEDGE/EXPERIENCE,UNABLE TO DETERMINE,3654,W,BERTEAU AVE,1723,,,,,,,2,NO INDICATION OF INJURY,0,0,0,0,0,1,0,15,5,8,41.9575078274,-87.7201552682,POINT (-87.720155268153 41.957507827368)
a51b61d70bcf124c3abcfcd239a3b36ff043f16ced5a0daa58b9fa15d192e2f4e141a042afad82ed8427fbe1026214b5b219fa31a5af73a47accc32be4343dd9,,08/14/2025 03:30:00 PM,25,NO CONTROLS,NO CONTROLS,CLEAR,DAYLIGHT,PARKED MOTOR VEHICLE,PARKING LOT,,STRAIGHT AND LEVEL,DRY,NO DEFECTS,,NO INJURY / DRIVE AWAY,,,Y,"OVER $1,500",08/14/2025 06:30:00 PM,DRIVING SKILLS/KNOWLEDGE/EXPERIENCE,DRIVING SKILLS/KNOWLEDGE/EXPERIENCE,6015,S,HARPER AVE,314,,,,,,,2,NO INDICATION OF INJURY,0,0,0,0,0,1,0,15,5,8,41.7854460202,-87.5880146001,POINT (-87.588014600106 41.785446020226)
d7f7b2337f2f17b78f32f356a221f2dabfe9dda2dbb8e2233a32ca9ffc775cc9590488b05bc136a463a12d1d504465c9c4e010f47b80941c53e5a7529a2e6229,,08/14/2025 03:30:00 PM,30,NO CONTROLS,NO CONTROLS,CLEAR,DAYLIGHT,SIDESWIPE SAME DIRECTION,DIVIDED - W/MEDIAN BARRIER,,STRAIGHT AND LEVEL,DRY,NO DEFECTS,NOT ON SCENE (DESK REPORT),NO INJURY / DRIVE AWAY,,,,"OVER $1,500",08/14/2025 05:00:00 PM,DRIVING SKILLS/KNOWLEDGE/EXPERIENCE,NOT APPLICABLE,8226,S,COTTAGE GROVE AVE,631,,,,,,,2,NO INDICATION OF INJURY,0,0,0,0,0,2,0,15,5,8,41.7449668106,-87.6052072693,POINT (-87.605207269302 41.744966810585)
399641ec47e03a92e29a01e131dafa320ee970482c686ea952d0cf8edf5d2a3fb894963c203b91e928bea04ccec78e168f92f10274b690bb1d5bc6135b8916ae,,08/14/2025 03:27:00 PM,30,TRAFFIC SIGNAL,UNKNOWN,CLEAR,DAYLIGHT,TURNING,FOUR WAY,,STRAIGHT AND LEVEL,UNKNOWN,UNKNOWN,NOT ON SCENE (DESK REPORT),NO INJURY / DRIVE AWAY,Y,,,"OVER $1,500",08/14/2025 05:50:00 PM,IMPROPER TURNING/NO SIGNAL,FAILING TO REDUCE SPEED TO AVOID CRASH,1027,N,STATE ST,1824,,,,,,,2,NO INDICATION OF INJURY,0,0,0,0,0,2,0,15,5,8,41.9014208655,-87.6281867038,POINT (-87.628186703758 41.901420865532)
b66cd565378c70b9521fae28c827f729daf48a8baa7bdf622f890b19496b96df51056088d198ef0cad47351c1dcc034a3888ec36a937593c90c9e56e02b88f9d,,08/14/2025 03:27:00 PM,15,NO CONTROLS,NO CONTROLS,CLEAR,DAYLIGHT,SIDESWIPE SAME DIRECTION,OTHER,,STRAIGHT AND LEVEL,DRY,NO DEFECTS,NOT ON SCENE (DESK REPORT),NO INJURY / DRIVE AWAY,,,Y,"OVER $1,500",08/15/2025 10:00:00 AM,FAILING TO YIELD RIGHT-OF-WAY,NOT APPLICABLE,10000,W,OHARE ST,1651,,,,,,,2,NO INDICATION OF INJURY,0,0,0,0,0,2,0,15,5,8,41.976201139,-87.9053091251,POINT (-87.905309125103 41.976201139024)
9378234e5f57f6fd9638ab59f20d2d9ae05d781ee03d894b144dee39c7f3c6b424e83c69314098eb1c02c9535d31bf86de51d9ac38da6d22b98fe39dcfea2e8e,,08/14/2025 03:25:00 PM,30,NO CONTROLS,NO CONTROLS,UNKNOWN,UNKNOWN,PARKED MOTOR VEHICLE,DIVIDED - W/MEDIAN (NOT RAISED),,STRAIGHT AND LEVEL,UNKNOWN,UNKNOWN,NOT ON SCENE (DESK REPORT),NO INJURY / DRIVE AWAY,,,Y,"OVER $1,500",08/16/2025 04:40:00 PM,UNABLE TO DETERMINE,UNABLE TO DETERMINE,10426,S,TORRENCE AVE,434,,,,,,,2,NO INDICATION OF INJURY,0,0,0,0,0,1,0,15,5,8,41.7055747057,-87.5597872471,POINT (-87.55978724711 41.705574705706)
ad3d81d96c847f2ebbe81f77a527c8a71a947d3d3dcd613617cfd3893c0ee3a6d365475713a00ebde23a0fef76ed020f5538213b800a228d2587cf07e7ddf423,,08/14/2025 03:20:00 PM,30,NO CONTROLS,NO CONTROLS,CLEAR,DAYLIGHT,PARKED MOTOR VEHICLE,DIVIDED - W/MEDIAN (NOT RAISED),,STRAIGHT AND LEVEL,DRY,NO DEFECTS,ON SCENE,NO INJURY / DRIVE AWAY,,,,"OVER $1,500",08/14/2025 03:57:00 PM,DRIVING SKILLS/KNOWLEDGE/EXPERIENCE,UNABLE TO DETERMINE,2952,W,NORTH AVE,1421,,,,,,,2,NO INDICATION OF INJURY,0,0,0,0,0,1,0,15,5,8,41.9102873138,-87.7012080594,POINT (-87.701208059436 41.910287313782)
e44d8c0ff5b6f6ff4af30bf144f93b7ad3434c41aa12ac5f216d241fdbbef424d7315b2113a4184b3e212db1d8216e88fed89f5956699af875750c4340cd11ce,,08/14/2025 03:20:00 PM,30,TRAFFIC SIGNAL,FUNCTIONING PROPERLY,CLEAR,DAYLIGHT,SIDESWIPE SAME DIRECTION,FOUR WAY,,STRAIGHT AND LEVEL,DRY,NO DEFECTS,NOT ON SCENE (DESK REPORT),NO INJURY / DRIVE AWAY,Y,,,"$501 - $1,500",08/14/2025 04:15:00 PM,FAILING TO YIELD RIGHT-OF-WAY,FAILING TO YIELD RIGHT-OF-WAY,3758,S,KEDZIE AVE,911,,,,,,,2,NO INDICATION OF INJURY,0,0,0,0,0,2,0,15,5,8,41.8244471106,-87.7045962358,POINT (-87.704596235788 41.824447110566)
f21e3b09cf3e6b24ab0f6d001d77800227365e53f36d9ded81dc558fce7e17c64c59fdae887c18d846dda74402afc6b33a3bd5e2d5e9f1ab9c4f0fb5c5fe92f1,,08/14/2025 03:15:00 PM,30,NO CONTROLS,NO CONTROLS,CLEAR,DAYLIGHT,ANGLE,OTHER,,STRAIGHT AND LEVEL,DRY,UNKNOWN,NOT ON SCENE (DESK REPORT),NO INJURY / DRIVE AWAY,,,Y,"$501 - $1,500",08/14/2025 07:00:00 PM,UNABLE TO DETERMINE,NOT APPLICABLE,9500,S,JEFFERY AVE,431,,,,,,,2,NO INDICATION OF INJURY,0,0,0,0,0,3,0,15,5,8,41.722375907,-87.5754999033,POINT (-87.575499903328 41.722375907041)
5da861ab0ae3467499ef8ea2dace834721e87474e15fb7b08ec1b975bbbc1a540188674fc18b59a2a971caec00945486fc5f3d39af2701f96554941524ad145d,,08/14/2025 03:13:00 PM,30,NO CONTROLS,NO CONTROLS,CLEAR,DAYLIGHT,PARKED MOTOR VEHICLE,PARKING LOT,,STRAIGHT AND LEVEL,DRY,NO DEFECTS,NOT ON SCENE (DESK REPORT),NO INJURY / DRIVE AWAY,,Y,Y,"OVER $1,500",08/14/2025 04:40:00 PM,UNABLE TO DETERMINE,NOT APPLICABLE,711,W,JACKSON BLVD,121,,,,,,,2,NO INDICATION OF INJURY,0,0,0,0,0,1,0,15,5,8,41.8778717386,-87.6445094596,POINT (-87.644509459649 41.877871738632)
771cbb68ff5d1e41265271556ad0b5c827886820b27d4949b6cdf38e3d899f3eab71042622d8052a92cc46b354c68638becebdbd0053e611f5699466c2eae748,,08/14/2025 03:13:00 PM,30,NO CONTROLS,NO CONTROLS,CLEAR,DAYLIGHT,REAR TO FRONT,ONE-WAY,,STRAIGHT AND LEVEL,DRY,NO DEFECTS,ON SCENE,NO INJURY / DRIVE AWAY,,,,"OVER $1,500",08/14/2025 03:22:00 PM,UNABLE TO DETERMINE,UNABLE TO DETERMINE,7017,S,HONORE ST,735,,Y,,,,,2,NO INDICATION OF INJURY,0,0,0,0,0,3,0,15,5,8,41.7661247159,-87.669776563,POINT (-87.669776563012 41.76612471588)
ecffcf03693b6fb812e7c8a2549b7c5d2e511cfccad624ea21de97ae941513f3041f982b5729fe2ecb24b09d1f17413df3c90bea0525939d6e576bef4ee1a02e,,08/14/2025 03:13:00 PM,25,TRAFFIC SIGNAL,FUNCTIONING PROPERLY,CLEAR,DAYLIGHT,TURNING,NOT DIVIDED,,STRAIGHT AND LEVEL,DRY,NO DEFECTS,,INJURY AND / OR TOW DUE TO CRASH,Y,,Y,"OVER $1,500",08/14/2025 03:50:00 PM,UNABLE TO DETERMINE,UNABLE TO DETERMINE,3800,S,KEDZIE AVE,911,,,,,,,2,NONINCAPACITATING INJURY,1,0,0,1,0,3,0,15,5,8,41.8243563076,-87.7045936543,POINT (-87.704593654313 41.824356307608)
02f2db004a533b4a2d4aa2760756b9d62a9e6b79241b5335c49f0ee23ac2614edff5bed5f1c5eabf4e83cfab2bdccc90cc871ade9d1cf558920cbc36ca14ed75,,08/14/2025 03:12:00 PM,30,STOP SIGN/FLASHER,NO CONTROLS,CLEAR,DAYLIGHT,REAR TO SIDE,FOUR WAY,,STRAIGHT AND LEVEL,DRY,NO DEFECTS,ON SCENE,INJURY AND / OR TOW DUE TO CRASH,,,,"$501 - $1,500",08/14/2025 03:15:00 PM,FAILING TO YIELD RIGHT-OF-WAY,DISREGARDING STOP SIGN,10000,S,CRANDON AVE,431,,,,,,,2,NONINCAPACITATING INJURY,1,0,0,1,0,1,0,15,5,8,41.7134013533,-87.5671513806,POINT (-87.567151380595 41.713401353325)
8503d9d1e172fe408b84590b2ec78aed5450dda305a70623eaabbe9b2a7206f31a31f2658aca424035a8bc0ce0616fc6b56d89968dfa0e130a7ae40dd59c0ee7,,08/14/2025 03:02:00 PM,35,STOP SIGN/FLASHER,FUNCTIONING PROPERLY,CLEAR,DAYLIGHT,ANGLE,NOT DIVIDED,,STRAIGHT AND LEVEL,DRY,NO DEFECTS,ON SCENE,NO INJURY / DRIVE AWAY,Y,,,"OVER $1,500",08/14/2025 03:02:00 PM,FAILING TO YIELD RIGHT-OF-WAY,NOT APPLICABLE,5601,S,HARLEM AVE,811,,,,,,,2,NO INDICATION OF INJURY,0,0,0,0,0,2,0,15,5,8,41.7900439686,-87.8013003947,POINT (-87.801300394739 41.790043968552)
5c4685228613cf6373d8c3af2bf9fd21c61908f93262776e2fd6d1856595664978d7706bd625a71d5ce593461122218304b7d960b51d47a968dba85dd2dcf754,,08/14/2025 03:00:00 PM,40,NO CONTROLS,NO CONTROLS,CLEAR,DAYLIGHT,REAR END,DIVIDED - W/MEDIAN BARRIER,,STRAIGHT AND LEVEL,UNKNOWN,UNKNOWN,NOT ON SCENE (DESK REPORT),NO INJURY / DRIVE AWAY,,,,"OVER $1,500",08/14/2025 04:40:00 PM,FOLLOWING TOO CLOSELY,FAILING TO REDUCE SPEED TO AVOID CRASH,814,N,LAKE SHORE DR SB,1833,,,,,,,2,NO INDICATION OF INJURY,0,0,0,0,0,2,0,15,5,8,41.89719308,-87.6172911511,POINT (-87.617291151074 41.897193080006)
8a69a10cace3d49bc480b9f18d2eff6aef61326c892f283cea875a14bf7b607324999a0f808a35a6b7516713f5b8da34fe3286616647e9c91f7dc47d6d8a40f7,,08/14/2025 03:00:00 PM,30,NO CONTROLS,NO CONTROLS,CLEAR,DAYLIGHT,REAR END,DIVIDED - W/MEDIAN (NOT RAISED),,STRAIGHT AND LEVEL,DRY,NO DEFECTS,NOT ON SCENE (DESK REPORT),NO INJURY / DRIVE AWAY,,,Y,"OVER $1,500",08/14/2025 03:15:00 PM,FOLLOWING TOO CLOSELY,UNABLE TO DETERMINE,3939,W,OGDEN AVE,1013,,,,,,,2,NO INDICATION OF INJURY,0,0,0,0,0,2,0,15,5,8,41.8512884884,-87.7238508433,POINT (-87.723850843329 41.851288488406)
9f172820fffa8cceb87d2be99a4b8e199cf55d6fd7eca8e564f6b6a35fb190098fd65cd8b9e53b6c1d1bf67487ea27417c6785dc88c879516cede281f77c2aed,,08/14/2025 03:00:00 PM,15,NO CONTROLS,NO CONTROLS,CLEAR,DAYLIGHT,FIXED OBJECT,ALLEY,,STRAIGHT AND LEVEL,DRY,UNKNOWN,ON SCENE,NO INJURY / DRIVE AWAY,,,,"OVER $1,500",08/14/2025 03:33:00 PM,IMPROPER OVERTAKING/PASSING,DRIVING SKILLS/KNOWLEDGE/EXPERIENCE,3014,N,CLIFTON AVE,1933,,,,,,,1,NO INDICATION OF INJURY,0,0,0,0,0,1,0,15,5,8,41.9366998591,-87.657790309,POINT (-87.657790308993 41.936699859114)
a1d284c63125861a783b2ab9feddbb2dbc2321ec885d3ae33c07b100931ac6453def7ea8b80f46cf467602b56b6bb8661050b202fe59c54d825482fbf8d00916,Y,08/14/2025 03:00:00 PM,30,NO CONTROLS,NO CONTROLS,CLEAR,DAYLIGHT,TURNING,NOT DIVIDED,,STRAIGHT AND LEVEL,DRY,NO DEFECTS,NOT ON SCENE (DESK REPORT),NO INJURY / DRIVE AWAY,,,,"$501 - $1,500",08/14/2025 03:20:00 PM,FAILING TO YIELD RIGHT-OF-WAY,NOT APPLICABLE,744,W,WILLOW ST,1813,,,,,,,2,NO INDICATION OF INJURY,0,0,0,0,0,3,0,15,5,8,41.9139471316,-87.6477220749,POINT (-87.647722074943 41.913947131567)
214a59aa8b8aec0e068fe1100947eb2e2a05b9a9f922e77f7e10912556f26e0cc0d124d2604762a84e611804693438e4392f0dbb2ecc6dab67f503afeaf06ede,,08/14/2025 02:50:00 PM,30,TRAFFIC SIGNAL,FUNCTIONING PROPERLY,CLEAR,DAYLIGHT,REAR END,NOT DIVIDED,,STRAIGHT AND LEVEL,DRY,NO DEFECTS,NOT ON SCENE (DESK REPORT),INJURY AND / OR TOW DUE TO CRASH,,,Y,"$501 - $1,500",08/14/2025 03:32:00 PM,FOLLOWING TOO CLOSELY,NOT APPLICABLE,5498,S,PULASKI RD,815,,,,,,,2,NONINCAPACITATING INJURY,1,0,0,1,0,4,0,14,5,8,41.7932935692,-87.7233091848,POINT (-87.723309184773 41.793293569206)
b98340dc157152f6a7c4b79a60292011b275f3ad7726aa671eb4eee5dd4582cd64bdc23b148030d94fcc867eb17124609e5c03711d42f05e005919a3a243b18f,,08/14/2025 02:50:00 PM,30,UNKNOWN,UNKNOWN,CLEAR,DAYLIGHT,REAR END,DIVIDED - W/MEDIAN (NOT RAISED),,STRAIGHT AND LEVEL,DRY,UNKNOWN,NOT ON SCENE (DESK REPORT),NO INJURY / DRIVE AWAY,,,,"$501 - $1,500",08/14/2025 03:15:00 PM,UNABLE TO DETERMINE,UNABLE TO DETERMINE,1607,W,MONTROSE AVE,1912,,,,,,,2,NO INDICATION OF INJURY,0,0,0,0,0,2,0,14,5,8,41.961477015,-87.6695710298,POINT (-87.669571029803 41.961477015002)
35b198364e14ccab3d4a9a693f71f64df61cb20f46c3a9af9f3f9b55422ae5eb250331f907fe17a21199f19a200f9ea2f8c27ede4eb7506df9134ddfcb744580,,08/14/2025 02:45:00 PM,30,TRAFFIC SIGNAL,FUNCTIONING PROPERLY,CLEAR,DAYLIGHT,ANGLE,FOUR WAY,,STRAIGHT AND LEVEL,DRY,UNKNOWN,NOT ON SCENE (DESK REPORT),NO INJURY / DRIVE AWAY,Y,,Y,"OVER $1,500",08/14/2025 03:35:00 PM,"OPERATING VEHICLE IN ERRATIC, RECKLESS, CARELESS, NEGLIGENT OR AGGRESSIVE MANNER",NOT APPLICABLE,2799,N,CALIFORNIA AVE,1411,Y,,,,,,2,NO INDICATION OF INJURY,0,0,0,0,0,2,0,14,5,8,41.9320066927,-87.6974684704,POINT (-87.697468470355 41.932006692678)
177a2bff1e7c4f2ba5b73349d31a871d7f39010ed7f06aa34dabca2179d48c30db7e9d2ec1f5c7c77fe733307a24ca336253ea19ddad2dedc75175d06f0bc18d,,08/14/2025 02:42:00 PM,25,NO CONTROLS,NO CONTROLS,CLEAR,DAYLIGHT,REAR END,OTHER,,STRAIGHT AND LEVEL,UNKNOWN,UNKNOWN,NOT ON SCENE (DESK REPORT),NO INJURY / DRIVE AWAY,,,,"$501 - $1,500",08/14/2025 03:20:00 PM,UNABLE TO DETERMINE,NOT APPLICABLE,219,W,90TH PL,634,,,,,,,2,NO INDICATION OF INJURY,0,0,0,0,0,2,0,14,5,8,41.7294355221,-87.629726922,POINT (-87.629726921975 41.729435522092)
eb4442c3f61698d358ecdf2be9b3b1333ee97d324757e757ae95c0aa83f913d864916d70e82e410870ca4a55ae37daaa98444e441be0505b361202bf10fa7150,,08/14/2025 02:42:00 PM,30,TRAFFIC SIGNAL,FUNCTIONING PROPERLY,CLEAR,DAYLIGHT,PEDESTRIAN,NOT DIVIDED,,STRAIGHT AND LEVEL,DRY,NO DEFECTS,ON SCENE,INJURY AND / OR TOW DUE TO CRASH,Y,,,"$501 - $1,500",08/14/2025 03:00:00 PM,FAILING TO YIELD RIGHT-OF-WAY,NOT APPLICABLE,800,W,59TH ST,712,,,,,,,2,"REPORTED, NOT EVIDENT",1,0,0,0,1,1,0,14,5,8,41.7871340751,-87.6450320009,POINT (-87.645032000935 41.787134075078)
41cd566370a4a062dba829cad543baf58c1e11c816adcd9eaf420a38105c2fb80e465e814ca041326fa669d64ee2456efc475a7f5936fcf88dcaf0d3bfedab80,,08/14/2025 02:40:00 PM,30,NO CONTROLS,NO CONTROLS,CLEAR,DAYLIGHT,SIDESWIPE SAME DIRECTION,DIVIDED - W/MEDIAN (NOT RAISED),,STRAIGHT AND LEVEL,DRY,NO DEFECTS,,NO INJURY / DRIVE AWAY,,,Y,"OVER $1,500",08/14/2025 03:20:00 PM,UNABLE TO DETERMINE,UNABLE TO DETERMINE,3430,S,HALSTED ST,913,,,,,,,2,NO INDICATION OF INJURY,0,0,0,0,0,2,0,14,5,8,41.8318158454,-87.6462779286,POINT (-87.646277928607 41.831815845388)
10f4807ef036fd1cd7272cebdc65f8232a9aeb5701dd4e376b99a1e9357962bc3e8a7d14dc284c0fdb8677e15884fa22ff29561ee6d76842f945352dba4e9c88,,08/14/2025 02:32:00 PM,30,TRAFFIC SIGNAL,FUNCTIONING PROPERLY,CLEAR,DAYLIGHT,ANGLE,T-INTERSECTION,,STRAIGHT AND LEVEL,DRY,NO DEFECTS,ON SCENE,INJURY AND / OR TOW DUE TO CRASH,Y,,Y,"$501 - $1,500",08/14/2025 03:02:00 PM,DISREGARDING TRAFFIC SIGNALS,DRIVING SKILLS/KNOWLEDGE/EXPERIENCE,7100,S,LAFAYETTE AVE,731,,,,,,,2,NO INDICATION OF INJURY,0,0,0,0,0,5,0,14,5,8,41.7653985858,-87.6266955007,POINT (-87.626695500681 41.765398585764)
0cdb9859b7ff98877f6c8415fd6ef066416893499678a3cdecfcf33f237abcad6ec6e5ce28509ee599e1dfa8fa3020f0e051dff99e52f1273611654e00265ade,,08/14/2025 02:30:00 PM,30,OTHER,NO CONTROLS,CLEAR,DAYLIGHT,SIDESWIPE SAME DIRECTION,FOUR WAY,,STRAIGHT AND LEVEL,DRY,NO DEFECTS,,INJURY AND / OR TOW DUE TO CRASH,,,,"OVER $1,500",08/14/2025 02:30:00 PM,FAILING TO YIELD RIGHT-OF-WAY,NOT APPLICABLE,10032,S,EWING AVE,432,,,,,,,2,NONINCAPACITATING INJURY,2,0,0,1,1,1,0,14,5,8,41.7128355251,-87.5354219375,POINT (-87.535421937537 41.712835525064)
0fbf239e432a06676e7092e84f3909b2be683dbfcbeea13c6ad2dadf4437e855fea5e8e886a6bf575d723dd6f4c446103c6f87ea5cc869640aacd74262307e4c,Y,08/14/2025 02:30:00 PM,15,NO CONTROLS,NO CONTROLS,CLEAR,DAYLIGHT,PARKED MOTOR VEHICLE,PARKING LOT,,STRAIGHT AND LEVEL,DRY,NO DEFECTS,NOT ON SCENE (DESK REPORT),NO INJURY / DRIVE AWAY,,Y,,"$501 - $1,500",08/16/2025 04:45:00 PM,UNABLE TO DETERMINE,UNABLE TO DETERMINE,1940,W,18TH ST,1234,,,,,,,2,NO INDICATION OF INJURY,0,0,0,0,0,1,0,14,5,8,41.8577824787,-87.6751925303,POINT (-87.675192530278 41.857782478702)