CRASH_RECORD_ID,CRASH_DATE_EST_I,CRASH_DATE,POSTED_SPEED_LIMIT,TRAFFIC_CONTROL_DEVICE,DEVICE_CONDITION,WEATHER_CONDITION,LIGHTING_CONDITION,FIRST_CRASH_TYPE,TRAFFICWAY_TYPE,LANE_CNT,ALIGNMENT,ROADWAY_SURFACE_COND,ROAD_DEFECT,REPORT_TYPE,CRASH_TYPE,INTERSECTION_RELATED_I,NOT_RIGHT_OF_WAY_I,HIT_AND_RUN_I,DAMAGE,DATE_POLICE_NOTIFIED,PRIM_CONTRIBUTORY_CAUSE,SEC_CONTRIBUTORY_CAUSE,STREET_NO,STREET_DIRECTION,STREET_NAME,BEAT_OF_OCCURRENCE,PHOTOS_TAKEN_I,STATEMENTS_TAKEN_I,DOORING_I,WORK_ZONE_I,WORK_ZONE_TYPE,WORKERS_PRESENT_I,NUM_UNITS,MOST_SEVERE_INJURY,INJURIES_TOTAL,INJURIES_FATAL,INJURIES_INCAPACITATING,INJURIES_NON_INCAPACITATING,INJURIES_REPORTED_NOT_EVIDENT,INJURIES_NO_INDICATION,INJURIES_UNKNOWN,CRASH_HOUR,CRASH_DAY_OF_WEEK,CRASH_MONTH,LATITUDE,LONGITUDE,LOCATION
4433f32829e49251d30d4c1609ebe258419c8712f39b37dc1a5b6b924ad4f8630f016df7902ee9d2b890d6531e0b59c8953bd07df9152f108d63f1902831a6a2,,08/14/2025 02:30:00 PM,30,NO CONTROLS,NO CONTROLS,CLEAR,DAYLIGHT,PARKED MOTOR VEHICLE,ONE-WAY,,STRAIGHT AND LEVEL,DRY,UNKNOWN,ON SCENE,NO INJURY / DRIVE AWAY,,,,"$501 - $1,500",08/14/2025 02:55:00 PM,DRIVING SKILLS/KNOWLEDGE/EXPERIENCE,DRIVING SKILLS/KNOWLEDGE/EXPERIENCE,660,W,MELROSE ST,1925,,,,,,,2,NO INDICATION OF INJURY,0,0,0,0,0,1,0,14,5,8,41.9412082931,-87.6467351578,POINT (-87.646735157816 41.941208293121)
83b2b3b7c636a241ccb91f769c0e48ad30e60209b699166d5fd3970acb98dd0d5d39ea874c7c27483761ee736f7af55ded9a327aec9546e10c9052772dcda786,,08/14/2025 02:30:00 PM,30,NO CONTROLS,NO CONTROLS,CLEAR,DAYLIGHT,PARKED MOTOR VEHICLE,NOT DIVIDED,,STRAIGHT AND LEVEL,DRY,NO DEFECTS,NOT ON SCENE (DESK REPORT),NO INJURY / DRIVE AWAY,,,Y,"$501 - $1,500",08/14/2025 04:40:00 PM,NOT APPLICABLE,NOT APPLICABLE,4918,W,64TH ST,813,,,,,,,2,NO INDICATION OF INJURY,0,0,0,0,0,1,0,14,5,8,41.7766510613,-87.7455510798,POINT (-87.745551079774 41.776651061283)
ae9533040cfd960bbe677d389da6f0d9e2821f6ea2b0547a512365385a6e62bbd0c0301fb3d42acf33451e27600372fab531d5dcd47388116dabe7979a5c3edd,,08/14/2025 02:11:00 PM,30,UNKNOWN,UNKNOWN,CLEAR,DAYLIGHT,SIDESWIPE SAME DIRECTION,ONE-WAY,,STRAIGHT AND LEVEL,UNKNOWN,UNKNOWN,NOT ON SCENE (DESK REPORT),NO INJURY / DRIVE AWAY,Y,,Y,"OVER $1,500",08/14/2025 03:40:00 PM,UNABLE TO DETERMINE,UNABLE TO DETERMINE,500,N,ORLEANS ST,1831,,,,,,,2,NO INDICATION OF INJURY,0,0,0,0,0,2,0,14,5,8,41.8907818776,-87.6371577369,POINT (-87.637157736892 41.890781877557)
fa26cdd8a9fd599db348810568e070ce410b95da96b016af4fec061dda5298ce9359758663d3768919f6bf934ed8aca4d9a96dae563322e9bfd5c3f7e5776964,,08/14/2025 02:10:00 PM,30,NO CONTROLS,NO CONTROLS,CLEAR,DAYLIGHT,REAR END,NOT DIVIDED,,STRAIGHT AND LEVEL,DRY,NO DEFECTS,NOT ON SCENE (DESK REPORT),NO INJURY / DRIVE AWAY,,,,"$501 - $1,500",08/14/2025 02:40:00 PM,DISTRACTION - FROM OUTSIDE VEHICLE,FAILING TO REDUCE SPEED TO AVOID CRASH,3519,W,BELMONT AVE,1412,,,,,,,2,NO INDICATION OF INJURY,0,0,0,0,0,2,0,14,5,8,41.9391256352,-87.71582102,POINT (-87.715821019959 41.939125635225)
26f07fc60fa03a86a13a0a62fa9bfebc10b69202181f3b2efff5fe024c26ea646f0fc880d9dcd67c72257bc052abc8e4f3fe4ff24c84a6df3e72b0fb372c17b3,,08/14/2025 02:07:00 PM,25,NO CONTROLS,NO CONTROLS,CLEAR,DAYLIGHT,REAR TO SIDE,DIVIDED - W/MEDIAN (NOT RAISED),,STRAIGHT AND LEVEL,DRY,NO DEFECTS,NOT ON SCENE (DESK REPORT),NO INJURY / DRIVE AWAY,,,Y,"OVER $1,500",08/14/2025 02:45:00 PM,FAILING TO YIELD RIGHT-OF-WAY,FAILING TO YIELD RIGHT-OF-WAY,4809,N,SAWYER AVE,1713,,,,,,,2,NO INDICATION OF INJURY,0,0,0,0,0,2,0,14,5,8,41.9687591226,-87.7095600744,POINT (-87.709560074392 41.968759122552)
5d1036589164be97f24b8dab5c1fa08c3df7ebec2bd684dc31cc3c9dd3b46d47102278cc0ba619b82451b1f85f9c900ec8c44b0cd1c2c070d8b65712ea6cbee5,,08/14/2025 02:06:00 PM,20,NO CONTROLS,NO CONTROLS,CLEAR,DAYLIGHT,ANGLE,NOT DIVIDED,,STRAIGHT AND LEVEL,DRY,NO DEFECTS,ON SCENE,NO INJURY / DRIVE AWAY,Y,,,"OVER $1,500",08/14/2025 02:34:00 PM,"VISION OBSCURED (SIGNS, TREE LIMBS, BUILDINGS, ETC.)","VISION OBSCURED (SIGNS, TREE LIMBS, BUILDINGS, ETC.)",1427,S,FAIRFIELD AVE,1023,,,,,,,2,NO INDICATION OF INJURY,0,0,0,0,0,2,0,14,5,8,41.8618447529,-87.6943494534,POINT (-87.694349453378 41.861844752867)
7e0f860cbb3c1ba3f21c43759d9f9660a8186f25b01fbc78afc6cc0ddc98828d1e46c206569e448d9781050cd8486adca9b9c5c0cc32794122e03af73a222a21,,08/14/2025 02:03:00 PM,30,UNKNOWN,UNKNOWN,CLEAR,DAYLIGHT,SIDESWIPE SAME DIRECTION,NOT DIVIDED,,STRAIGHT AND LEVEL,UNKNOWN,UNKNOWN,NOT ON SCENE (DESK REPORT),INJURY AND / OR TOW DUE TO CRASH,,,,"$501 - $1,500",08/24/2025 05:00:00 PM,DRIVING SKILLS/KNOWLEDGE/EXPERIENCE,UNABLE TO DETERMINE,100,W,87TH ST,622,,,,,,,2,"REPORTED, NOT EVIDENT",1,0,0,0,1,1,0,14,5,8,41.7363738203,-87.6272315646,POINT (-87.627231564567 41.736373820276)
03e7de2c3e7c93f8e7730c25442b3aa21c5e117410f8f8b0620e2a1e3d4fb9f82350a284eacc121147951a35d671a80299ac0aa6101604cc99f5747cafdf01ad,,08/14/2025 01:57:00 PM,30,NO CONTROLS,NO CONTROLS,CLEAR,DAYLIGHT,PARKED MOTOR VEHICLE,DIVIDED - W/MEDIAN (NOT RAISED),,STRAIGHT AND LEVEL,DRY,NO DEFECTS,ON SCENE,NO INJURY / DRIVE AWAY,,,Y,"OVER $1,500",08/14/2025 01:57:00 PM,UNABLE TO DETERMINE,UNABLE TO DETERMINE,2015,W,63RD ST,726,,,,,,,2,NO INDICATION OF INJURY,0,0,0,0,0,1,0,13,5,8,41.7791969477,-87.6746005038,POINT (-87.67460050378 41.779196947662)
12f84560c6a257bb1cc9186726e0944faa0aa21bfb2c560bec9f68544d2e08142f59097a2715d3dbdabe12fedafa73027998eafe74562fcab956e0f57f96ce18,,08/14/2025 01:50:00 PM,30,STOP SIGN/FLASHER,FUNCTIONING PROPERLY,CLEAR,DAYLIGHT,REAR END,NOT DIVIDED,,STRAIGHT AND LEVEL,DRY,NO DEFECTS,ON SCENE,NO INJURY / DRIVE AWAY,,,,"OVER $1,500",08/14/2025 03:47:00 PM,FOLLOWING TOO CLOSELY,UNABLE TO DETERMINE,2703,N,ELSTON AVE,1432,,,,,,,2,NO INDICATION OF INJURY,0,0,0,0,0,2,0,13,5,8,41.9306437189,-87.6853682156,POINT (-87.685368215632 41.930643718921)
5cdd6453cd1447d9038284ae1cf9185e6c1b42707069daca891592c4ecafd764b3720d134530ffc7993dfd6e653c6c91d56a545a1100979c9c69d4745c77cfaf,,08/14/2025 01:49:00 PM,30,TRAFFIC SIGNAL,FUNCTIONING PROPERLY,CLEAR,DAYLIGHT,REAR END,NOT DIVIDED,,STRAIGHT AND LEVEL,DRY,NO DEFECTS,NOT ON SCENE (DESK REPORT),NO INJURY / DRIVE AWAY,,,,"OVER $1,500",08/15/2025 10:00:00 AM,FOLLOWING TOO CLOSELY,NOT APPLICABLE,2540,E,95TH ST,423,,,,,,,2,NO INDICATION OF INJURY,0,0,0,0,0,2,0,13,5,8,41.7227439524,-87.5618506377,POINT (-87.561850637675 41.72274395241)
37d15d7197a848d4aefd9f4f06fde7109d6af5717b633c3ac1393c04a769e363ac0d9e4ca42111fc91716824765bcf87fdb61a185f4483b80b1e469d4b434631,,08/14/2025 01:45:00 PM,30,TRAFFIC SIGNAL,FUNCTIONING PROPERLY,CLEAR,DAYLIGHT,SIDESWIPE SAME DIRECTION,ONE-WAY,,STRAIGHT AND LEVEL,DRY,NO DEFECTS,ON SCENE,NO INJURY / DRIVE AWAY,,,Y,"OVER $1,500",08/14/2025 03:15:00 PM,IMPROPER OVERTAKING/PASSING,UNABLE TO DETERMINE,5900,S,WENTWORTH AVE,232,,,,,,,2,NO INDICATION OF INJURY,0,0,0,0,0,2,0,13,5,8,,,
2f55fa077303aa350754dcb8a27b41a57538ecb8016496afc4203250975dd3cf1526b6b7d6400374ff0136c04babf3f0d8031309dc3f3e91d184be9790b8eec1,,08/14/2025 01:40:00 PM,30,STOP SIGN/FLASHER,FUNCTIONING PROPERLY,CLEAR,DAYLIGHT,ANGLE,DIVIDED - W/MEDIAN (NOT RAISED),,STRAIGHT AND LEVEL,DRY,NO DEFECTS,ON SCENE,INJURY AND / OR TOW DUE TO CRASH,,,,"OVER $1,500",08/14/2025 01:41:00 PM,FAILING TO YIELD RIGHT-OF-WAY,NOT APPLICABLE,5300,S,WESTERN BLVD,923,,,,,,,2,NONINCAPACITATING INJURY,2,0,0,2,0,1,0,13,5,8,41.7974176227,-87.6837111872,POINT (-87.683711187209 41.79741762265)
8adb91af8ad9089b315719bafd27a764a03d8f23977711c5f919fe9298114f06e3bac3fa2111bbd2948009d37ec352bfcc8a237ffa56b82afdad1cb36aea3129,,08/14/2025 01:40:00 PM,10,NO CONTROLS,NO CONTROLS,CLEAR,DAYLIGHT,PEDESTRIAN,PARKING LOT,,STRAIGHT AND LEVEL,DRY,NO DEFECTS,ON SCENE,INJURY AND / OR TOW DUE TO CRASH,,,,$500 OR LESS,08/14/2025 03:28:00 PM,UNABLE TO DETERMINE,UNABLE TO DETERMINE,3828,W,TAYLOR ST,1133,,,,,,,2,"REPORTED, NOT EVIDENT",1,0,0,0,1,3,0,13,5,8,41.8690861765,-87.7214054353,POINT (-87.721405435327 41.869086176523)
95e2247125594e4df000c7e452242bc008fc388c840b43c6742162a25d421c41871869106f46f4c34d33f2b26fde555f67869848a7ea844a3d5809bcd5c60a20,,08/14/2025 01:36:00 PM,30,TRAFFIC SIGNAL,UNKNOWN,CLEAR,DAYLIGHT,PEDESTRIAN,FOUR WAY,,STRAIGHT AND LEVEL,DRY,NO DEFECTS,ON SCENE,INJURY AND / OR TOW DUE TO CRASH,,,Y,$500 OR LESS,08/14/2025 03:37:00 PM,IMPROPER TURNING/NO SIGNAL,NOT APPLICABLE,10,S,CANAL ST,121,,,,,,,2,"REPORTED, NOT EVIDENT",1,0,0,0,1,1,0,13,5,8,41.8815816305,-87.6398243894,POINT (-87.639824389389 41.88158163053)
27577428476c2f0e3ee94f01dcbacb03a1dc7718d8fd32f3bee97be376513faceb425cf86c689d0a45afd0baa7e7421c9a00b0a7ae85b2832374eb5c43892354,Y,08/14/2025 01:35:00 PM,25,TRAFFIC SIGNAL,FUNCTIONING PROPERLY,CLEAR,DAYLIGHT,TURNING,NOT DIVIDED,,STRAIGHT AND LEVEL,DRY,NO DEFECTS,NOT ON SCENE (DESK REPORT),NO INJURY / DRIVE AWAY,Y,,,"OVER $1,500",08/14/2025 01:50:00 PM,UNABLE TO DETERMINE,UNABLE TO DETERMINE,2400,W,35TH ST,911,,,,,,,2,NO INDICATION OF INJURY,0,0,0,0,0,3,0,13,5,8,41.8303903161,-87.6850999234,POINT (-87.685099923426 41.830390316125)
7f3f11d8d472e5419730c76a2feab653203a8e975b9416c388ec0da9070c6ebd1e8dd9be03c5b8e8c05f4334482c163465a8c7762bfb573b7a1dd4ab15722f8d,,08/14/2025 01:25:00 PM,20,STOP SIGN/FLASHER,OTHER,CLEAR,DAYLIGHT,REAR END,PARKING LOT,,STRAIGHT AND LEVEL,DRY,NO DEFECTS,NOT ON SCENE (DESK REPORT),NO INJURY / DRIVE AWAY,,Y,Y,"$501 - $1,500",08/14/2025 01:45:00 PM,FAILING TO YIELD RIGHT-OF-WAY,UNABLE TO DETERMINE,6900,S,ASHLAND AVE,735,,,,,,,2,NO INDICATION OF INJURY,0,0,0,0,0,2,0,13,5,8,41.7684549099,-87.664038433,POINT (-87.664038433009 41.768454909931)
b529ac3f477d5d2bb0553c746bc333b464a676950281a02b945af25f7126f30d0d3fc8bacd797577b8f160e3679ac64e7917b80c47d85709eb2898008a3fb491,,08/14/2025 01:25:00 PM,30,NO CONTROLS,NO CONTROLS,CLEAR,DAYLIGHT,SIDESWIPE SAME DIRECTION,NOT DIVIDED,,STRAIGHT AND LEVEL,DRY,NO DEFECTS,ON SCENE,NO INJURY / DRIVE AWAY,,,,"OVER $1,500",08/14/2025 01:30:00 PM,FAILING TO YIELD RIGHT-OF-WAY,FAILING TO YIELD RIGHT-OF-WAY,4014,W,LAWRENCE AVE,1712,,,,,,,2,NO INDICATION OF INJURY,0,0,0,0,0,2,0,13,5,8,41.9683442803,-87.7286887639,POINT (-87.728688763946 41.968344280263)
eb64bc640645901ec81b3eddf0c58c246b42df7eb126333ac167d3310defb7fd4c4af79723dc0877663e2a3141e5ccb3196183e8dece9bff2fbbac5b99876dad,,08/14/2025 01:25:00 PM,35,TRAFFIC SIGNAL,FUNCTIONING PROPERLY,CLEAR,DAYLIGHT,SIDESWIPE SAME DIRECTION,DIVIDED - W/MEDIAN (NOT RAISED),,STRAIGHT AND LEVEL,DRY,NO DEFECTS,,INJURY AND / OR TOW DUE TO CRASH,N,,Y,"OVER $1,500",08/14/2025 01:38:00 PM,FAILING TO YIELD RIGHT-OF-WAY,IMPROPER LANE USAGE,850,W,87TH ST,613,,,,,,,2,NO INDICATION OF INJURY,0,0,0,0,0,2,0,13,5,8,41.7361560175,-87.6455305667,POINT (-87.645530566693 41.736156017458)
c428f309ad198e0f70587019c12c04e90b7f5acc44f9dae093df150d383a96153dca8fc2e9a575de8d474e45aa9e5dbb75ba378d4a20874af29e03a7b587f090,,08/14/2025 01:20:00 PM,30,NO CONTROLS,NO CONTROLS,CLEAR,DAYLIGHT,PARKED MOTOR VEHICLE,ONE-WAY,,STRAIGHT AND LEVEL,DRY,UNKNOWN,NOT ON SCENE (DESK REPORT),NO INJURY / DRIVE AWAY,,,Y,"OVER $1,500",08/14/2025 02:55:00 PM,NOT APPLICABLE,UNABLE TO DETERMINE,5410,W,FERDINAND ST,1523,,,,,,,2,NO INDICATION OF INJURY,0,0,0,0,0,1,0,13,5,8,41.8890058435,-87.7609024587,POINT (-87.760902458685 41.889005843511)
844c702a714aa4af05505d78b481b01f9d124baefa07c6fc15b12e998e26a180628a049b4928fddf537bea10e9f64bfc89a09804164ea76ce2fbef3e2a420172,,08/14/2025 01:15:00 PM,30,TRAFFIC SIGNAL,FUNCTIONING PROPERLY,CLEAR,DAYLIGHT,TURNING,FOUR WAY,,STRAIGHT AND LEVEL,DRY,NO DEFECTS,NOT ON SCENE (DESK REPORT),NO INJURY / DRIVE AWAY,Y,,,"$501 - $1,500",08/14/2025 01:30:00 PM,UNABLE TO DETERMINE,UNABLE TO DETERMINE,138,W,CERMAK RD,914,,,,,,,2,NO INDICATION OF INJURY,0,0,0,0,0,3,0,13,5,8,41.8529769859,-87.6309693986,POINT (-87.630969398558 41.85297698594)
b68eadc2ad86ffff1786e2dadc47f2879807d85c99047b9cab22364e2f55439c74ac5a61bb2ad3f711ea357636ee3ff08245d5253b47e7646e635ca98e6cbd36,,08/14/2025 01:15:00 PM,10,NO CONTROLS,NO CONTROLS,CLEAR,DAYLIGHT,REAR TO FRONT,PARKING LOT,,STRAIGHT AND LEVEL,DRY,UNKNOWN,NOT ON SCENE (DESK REPORT),NO INJURY / DRIVE AWAY,,,,"$501 - $1,500",08/14/2025 01:45:00 PM,UNABLE TO DETERMINE,NOT APPLICABLE,11840,S,MARSHFIELD AVE,2234,,,,,,,2,NO INDICATION OF INJURY,0,0,0,0,0,2,0,13,5,8,41.6781204127,-87.6626390272,POINT (-87.662639027162 41.678120412663)
126d67e1f391a14dba3536d5a38fd953101cf3193b2f6fe4e43afb79c6ab7694576e17e2c83ad88e791c80c7c1a716d2928f864a1917030ba20fe979f74e112c,,08/14/2025 01:13:00 PM,30,TRAFFIC SIGNAL,FUNCTIONING IMPROPERLY,CLEAR,DAYLIGHT,PEDESTRIAN,FOUR WAY,,STRAIGHT AND LEVEL,DRY,NO DEFECTS,ON SCENE,INJURY AND / OR TOW DUE TO CRASH,Y,,,"OVER $1,500",08/14/2025 01:30:00 PM,FAILING TO YIELD RIGHT-OF-WAY,UNABLE TO DETERMINE,6300,S,NARRAGANSETT AVE,812,,,,,,,2,INCAPACITATING INJURY,1,0,1,0,0,1,0,13,5,8,41.7776281648,-87.7814106204,POINT (-87.781410620358 41.777628164752)
00b96fdc5d82363496f28501f2917e41909f4f0dd6d3815b33e009e91291f0f3c79dbfe6f512a70be77ab441990ab3af3221f7bce24842e00e0b4bc4d8d4e0d7,,08/14/2025 01:10:00 PM,30,UNKNOWN,UNKNOWN,CLEAR,DAYLIGHT,REAR END,ONE-WAY,,STRAIGHT AND LEVEL,UNKNOWN,UNKNOWN,NOT ON SCENE (DESK REPORT),NO INJURY / DRIVE AWAY,,,,"OVER $1,500",08/14/2025 01:40:00 PM,UNABLE TO DETERMINE,UNABLE TO DETERMINE,110,W,ONTARIO ST,1832,,,,,,,2,NO INDICATION OF INJURY,0,0,0,0,0,2,0,13,5,8,41.8933319638,-87.6316854661,POINT (-87.631685466077 41.893331963812)
195f5a1f5226abef52a74386948e2b2222968ddde6258cb7ce33323b898847c5e3366c55ad1c8bdbdca464be91545d36218a0e7b3dbb145df97f2a9f2b30faad,,08/14/2025 01:10:00 PM,30,NO CONTROLS,NO CONTROLS,CLEAR,DAYLIGHT,SIDESWIPE OPPOSITE DIRECTION,NOT DIVIDED,,STRAIGHT AND LEVEL,DRY,NO DEFECTS,ON SCENE,NO INJURY / DRIVE AWAY,,,,"OVER $1,500",08/14/2025 01:10:00 PM,IMPROPER LANE USAGE,IMPROPER LANE USAGE,5733,S,HALSTED ST,711,,,,,,,2,NO INDICATION OF INJURY,0,0,0,0,0,2,0,13,5,8,41.7896741195,-87.6448919103,POINT (-87.644891910286 41.789674119521)
e3a9afb5ea51461b4ad454b88d9363faed593d119d9b2aa0d3277034a20e07ac9f9a896634202f2b3c1578699ecc7992ac1441ddd4eea632e370e1509c32c760,,08/14/2025 01:05:00 PM,30,NO CONTROLS,NO CONTROLS,CLEAR,DAYLIGHT,REAR END,NOT DIVIDED,,STRAIGHT AND LEVEL,DRY,NO DEFECTS,ON SCENE,NO INJURY / DRIVE AWAY,,,,"OVER $1,500",08/14/2025 03:10:00 PM,FOLLOWING TOO CLOSELY,FAILING TO REDUCE SPEED TO AVOID CRASH,4455,S,KEDZIE AVE,922,,,,,,,2,NO INDICATION OF INJURY,0,0,0,0,0,2,0,13,5,8,41.8119657426,-87.7039795779,POINT (-87.703979577881 41.811965742642)
47c8c63c078a52da7c62c339e579ea41f51fa7caa349480a0e68301e61f5f99827c5eaa8e4c9ee2e1b85c1c1dc0dfd7a1ab776f7a61a8ffed60cfcc086b74739,,08/14/2025 01:00:00 PM,30,NO CONTROLS,UNKNOWN,CLEAR,DAYLIGHT,OTHER NONCOLLISION,NOT DIVIDED,,STRAIGHT AND LEVEL,DRY,UNKNOWN,ON SCENE,NO INJURY / DRIVE AWAY,,,,"$501 - $1,500",08/14/2025 01:06:00 PM,NOT APPLICABLE,NOT APPLICABLE,7999,S,HALSTED ST,621,,,,Y,CONSTRUCTION,Y,1,NO INDICATION OF INJURY,0,0,0,0,0,1,0,13,5,8,41.7489136203,-87.6438455495,POINT (-87.643845549515 41.748913620257)
c4b08ee2888c6bb4a63830c6f19236cac5f38d0b66f59112052d4292243ce0fc8c4da5d1ab98fd12cb53bbec4ec4d45c8bc13728ecdae55aba27e85877345d10,,08/14/2025 12:56:00 PM,30,TRAFFIC SIGNAL,FUNCTIONING PROPERLY,CLEAR,DAYLIGHT,PEDALCYCLIST,DIVIDED - W/MEDIAN (NOT RAISED),,STRAIGHT AND LEVEL,DRY,NO DEFECTS,ON SCENE,INJURY AND / OR TOW DUE TO CRASH,,,Y,"$501 - $1,500",08/14/2025 01:05:00 PM,FAILING TO YIELD RIGHT-OF-WAY,FAILING TO YIELD RIGHT-OF-WAY,6201,W,IRVING PARK RD,1633,,,,,,,2,NONINCAPACITATING INJURY,1,0,0,1,0,1,0,12,5,8,41.952870506,-87.7817045087,POINT (-87.781704508717 41.952870506026)
a1800ef8994efe2bd401cab7a40cb4761b1c86b6e44013e64840199111e77eb06179e861c8c21fb872d03f323252a038eb3e217fa6ecd494b430d0e20e6730a2,,08/14/2025 12:50:00 PM,30,TRAFFIC SIGNAL,UNKNOWN,CLEAR,DAYLIGHT,ANGLE,NOT DIVIDED,,STRAIGHT AND LEVEL,UNKNOWN,UNKNOWN,NOT ON SCENE (DESK REPORT),NO INJURY / DRIVE AWAY,,,,"OVER $1,500",08/14/2025 06:25:00 PM,UNABLE TO DETERMINE,UNABLE TO DETERMINE,6307,N,CALDWELL AVE,1621,,,,,,,2,NO INDICATION OF INJURY,0,0,0,0,0,2,0,12,5,8,41.9960084772,-87.7636542695,POINT (-87.763654269491 41.996008477233)
6e2f9e6995f24ec5a607c49ba9f1adf3e14d96a4d4aedb3f7eae3d037b7c294f99ac2e17dc0e7b73bfb14a05d972a3afd988f9497745bd90e11ed764bfe4b6e5,,08/14/2025 12:48:00 PM,30,TRAFFIC SIGNAL,FUNCTIONING PROPERLY,CLEAR,DAYLIGHT,REAR END,NOT DIVIDED,,STRAIGHT AND LEVEL,DRY,UNKNOWN,ON SCENE,NO INJURY / DRIVE AWAY,,,,"$501 - $1,500",08/14/2025 01:01:00 PM,UNABLE TO DETERMINE,UNABLE TO DETERMINE,7658,S,WESTERN AVE,835,,,,,,,2,NO INDICATION OF INJURY,0,0,0,0,0,3,0,12,5,8,41.7538344394,-87.6830923829,POINT (-87.683092382906 41.75383443944)
78c6145f08c8e22c6327f293c2bda754f5fce8a810db0251bf6140ee66c8380bce7a3c26102483d6ed0c787523d0664f257fae3a79a966623287331e1c7e4b27,,08/14/2025 12:45:00 PM,15,STOP SIGN/FLASHER,FUNCTIONING PROPERLY,CLEAR,DAYLIGHT,TURNING,PARKING LOT,,STRAIGHT AND LEVEL,DRY,NO DEFECTS,NOT ON SCENE (DESK REPORT),NO INJURY / DRIVE AWAY,,,,"OVER $1,500",08/14/2025 02:40:00 PM,UNABLE TO DETERMINE,NOT APPLICABLE,4044,W,FOSTER AVE,1712,,,,,,,2,NO INDICATION OF INJURY,0,0,0,0,0,2,0,12,5,8,41.9756233723,-87.7299164351,POINT (-87.729916435094 41.975623372276)
85eac723f29f31c8811975aab6b5c4fc5fae49f82ffe3390387cf620121f981ce4e7d6b30f28070c2994af67fa1cd969e69efb0435fc6f561c67d5d767a3d7f5,,08/14/2025 12:45:00 PM,25,NO CONTROLS,NO CONTROLS,CLEAR,DAYLIGHT,PARKED MOTOR VEHICLE,PARKING LOT,,STRAIGHT AND LEVEL,DRY,NO DEFECTS,NOT ON SCENE (DESK REPORT),NO INJURY / DRIVE AWAY,,,Y,"$501 - $1,500",08/14/2025 08:45:00 PM,UNABLE TO DETERMINE,UNABLE TO DETERMINE,2850,W,24TH BLVD,1033,,,,,,,2,NO INDICATION OF INJURY,0,0,0,0,0,1,0,12,5,8,41.8479685881,-87.6972871231,POINT (-87.697287123089 41.847968588061)
a5e161fcddc26ad35d6d555cfb2cc9f0b62466a78c10ec7ccc4241ff92f48d48081d7c50a133cf9b3fbab4008331739be161146a56e1d77802fb8fbac080cd4f,,08/14/2025 12:45:00 PM,30,NO CONTROLS,NO CONTROLS,CLEAR,DAYLIGHT,TURNING,NOT DIVIDED,,STRAIGHT AND LEVEL,DRY,UNKNOWN,ON SCENE,INJURY AND / OR TOW DUE TO CRASH,,,,"OVER $1,500",08/14/2025 12:46:00 PM,UNABLE TO DETERMINE,UNABLE TO DETERMINE,2037,W,47TH ST,931,,,,,,,3,NONINCAPACITATING INJURY,1,0,0,1,0,3,0,12,5,8,41.8083962875,-87.6761321661,POINT (-87.676132166124 41.808396287539)
2d56f832e69d69a1dd63c44b7956a8bf6393949475e0d73b949495e1b7e86e408727dacadc2f6c17f03272a278cb12efa13a3089cdb7217cb54ac7fb3fbfafef,,08/14/2025 12:35:00 PM,30,STOP SIGN/FLASHER,FUNCTIONING PROPERLY,CLEAR,DAYLIGHT,PARKED MOTOR VEHICLE,FOUR WAY,,STRAIGHT AND LEVEL,DRY,NO DEFECTS,ON SCENE,NO INJURY / DRIVE AWAY,Y,,,$500 OR LESS,08/14/2025 12:44:00 PM,UNABLE TO DETERMINE,UNABLE TO DETERMINE,1656,W,BLACKHAWK ST,1433,,,,,,,2,NO INDICATION OF INJURY,0,0,0,0,0,2,0,12,5,8,41.9071039424,-87.6698921307,POINT (-87.669892130721 41.907103942355)
b9d9925f14a8f36ea02aaee9641a452bca8f688ba4ea39312a9bf5b461a6303e6072f4ed72e1b91a288d1de53a6a4448a2e80120fff6a90c7c3dd546d0876917,,08/14/2025 12:30:00 PM,20,UNKNOWN,UNKNOWN,CLEAR,DAYLIGHT,FIXED OBJECT,NOT DIVIDED,,STRAIGHT AND LEVEL,DRY,OTHER,NOT ON SCENE (DESK REPORT),INJURY AND / OR TOW DUE TO CRASH,,,,"OVER $1,500",08/16/2025 02:30:00 PM,UNABLE TO DETERMINE,UNABLE TO DETERMINE,8030,S,HALSTED ST,621,Y,,,Y,CONSTRUCTION,Y,1,"REPORTED, NOT EVIDENT",1,0,0,0,1,0,0,12,5,8,41.747878376,-87.6441080312,POINT (-87.644108031231 41.74787837599)
d73be48d5bf63d07cae4bd4d41ee1e66f818c595564ad7a54dbae44edcdf6d368e138038d275e34d18aff09b64ad77efcafbbc7930f6f355967b956035db075d,,08/14/2025 12:30:00 PM,10,NO CONTROLS,NO CONTROLS,CLEAR,DAYLIGHT,REAR TO FRONT,PARKING LOT,,STRAIGHT AND LEVEL,DRY,NO DEFECTS,NOT ON SCENE (DESK REPORT),NO INJURY / DRIVE AWAY,,Y,,"OVER $1,500",08/14/2025 01:00:00 PM,IMPROPER BACKING,UNABLE TO DETERMINE,3951,W,103RD ST,2211,,,,,,,2,NO INDICATION OF INJURY,0,0,0,0,0,2,0,12,5,8,41.7057696614,-87.7205329374,POINT (-87.720532937399 41.705769661372)
e8613ea8dba7c0330127ade5cd60060a9184eb491000360a4c1d26458e4eec174fac2d6edcd50d209a1a5f51a4db4b431d599d28f9c9e0b445085773f57409b1,,08/14/2025 12:30:00 PM,30,NO CONTROLS,NO CONTROLS,CLEAR,DAYLIGHT,ANGLE,DIVIDED - W/MEDIAN (NOT RAISED),,STRAIGHT AND LEVEL,DRY,NO DEFECTS,ON SCENE,NO INJURY / DRIVE AWAY,,,,"$501 - $1,500",08/14/2025 12:35:00 PM,DRIVING SKILLS/KNOWLEDGE/EXPERIENCE,UNABLE TO DETERMINE,1738,W,DEVON AVE,2432,,,,,,,2,NO INDICATION OF INJURY,0,0,0,0,0,2,0,12,5,8,41.9981320496,-87.6735002533,POINT (-87.673500253319 41.998132049558)