CRASH_RECORD_ID,CRASH_DATE_EST_I,CRASH_DATE,POSTED_SPEED_LIMIT,TRAFFIC_CONTROL_DEVICE,DEVICE_CONDITION,WEATHER_CONDITION,LIGHTING_CONDITION,FIRST_CRASH_TYPE,TRAFFICWAY_TYPE,LANE_CNT,ALIGNMENT,ROADWAY_SURFACE_COND,ROAD_DEFECT,REPORT_TYPE,CRASH_TYPE,INTERSECTION_RELATED_I,NOT_RIGHT_OF_WAY_I,HIT_AND_RUN_I,DAMAGE,DATE_POLICE_NOTIFIED,PRIM_CONTRIBUTORY_CAUSE,SEC_CONTRIBUTORY_CAUSE,STREET_NO,STREET_DIRECTION,STREET_NAME,BEAT_OF_OCCURRENCE,PHOTOS_TAKEN_I,STATEMENTS_TAKEN_I,DOORING_I,WORK_ZONE_I,WORK_ZONE_TYPE,WORKERS_PRESENT_I,NUM_UNITS,MOST_SEVERE_INJURY,INJURIES_TOTAL,INJURIES_FATAL,INJURIES_INCAPACITATING,INJURIES_NON_INCAPACITATING,INJURIES_REPORTED_NOT_EVIDENT,INJURIES_NO_INDICATION,INJURIES_UNKNOWN,CRASH_HOUR,CRASH_DAY_OF_WEEK,CRASH_MONTH,LATITUDE,LONGITUDE,LOCATION
fd14df05437d101912c8aff165b4bb37cacaf484aaf13757149b779816d873a687c22dd15a7ae2c220d905fd513accbf22ccd10421e528505b8175d84586bb23,,08/14/2025 12:25:00 PM,30,NO CONTROLS,NO CONTROLS,CLEAR,DAYLIGHT,PARKED MOTOR VEHICLE,NOT DIVIDED,,STRAIGHT AND LEVEL,DRY,NO DEFECTS,NOT ON SCENE (DESK REPORT),NO INJURY / DRIVE AWAY,,,Y,"OVER $1,500",08/14/2025 02:51:00 PM,FAILING TO YIELD RIGHT-OF-WAY,FAILING TO YIELD RIGHT-OF-WAY,1346,W,WAVELAND AVE,1923,,,,,,,2,NO INDICATION OF INJURY,0,0,0,0,0,1,0,12,5,8,41.9490076094,-87.6635063563,POINT (-87.663506356318 41.949007609417)
2b620443f4067de95b7da057a8ff45a03c0b792e4611e415441c5234ae3bde3763b0829e813f88b20107e26887f75c5361d4849f69ae90d079885a5d56a6bd86,,08/14/2025 12:20:00 PM,30,UNKNOWN,UNKNOWN,UNKNOWN,UNKNOWN,ANGLE,FOUR WAY,,STRAIGHT AND LEVEL,UNKNOWN,UNKNOWN,NOT ON SCENE (DESK REPORT),NO INJURY / DRIVE AWAY,Y,,,$500 OR LESS,08/24/2025 01:50:00 PM,UNABLE TO DETERMINE,UNABLE TO DETERMINE,200,E,ERIE ST,1834,,,,,,,2,NO INDICATION OF INJURY,0,0,0,0,0,2,0,12,5,8,41.8942634979,-87.6226070328,POINT (-87.62260703282 41.894263497885)
081c126318b0e6e954bfeba4c55413d77b7df90b9060e69512faebd97cefb36492afb84dbbe3c6531efc61865c74c1fd1ec795ba70cf95c0619fc900d11bd2e2,,08/14/2025 12:15:00 PM,30,TRAFFIC SIGNAL,FUNCTIONING PROPERLY,CLEAR,DAYLIGHT,REAR END,NOT DIVIDED,,STRAIGHT AND LEVEL,DRY,NO DEFECTS,,NO INJURY / DRIVE AWAY,,,,"$501 - $1,500",08/14/2025 12:15:00 PM,FOLLOWING TOO CLOSELY,FOLLOWING TOO CLOSELY,500,N,HOMAN AVE,1121,,,,,,,2,NO INDICATION OF INJURY,0,0,0,0,0,2,0,12,5,8,41.8903319396,-87.7114284817,POINT (-87.711428481659 41.890331939623)
a503457eeab0081b48906e789214723e293a2cb2da1da63ef4656a72448554e37b92d80ab4b2bcaf5a1b406e8698a0aa850506ad6621ed7fff58b0463ee21aca,,08/14/2025 12:15:00 PM,30,TRAFFIC SIGNAL,FUNCTIONING PROPERLY,CLEAR,DAYLIGHT,TURNING,ONE-WAY,,STRAIGHT AND LEVEL,DRY,NO DEFECTS,,NO INJURY / DRIVE AWAY,Y,,Y,"OVER $1,500",08/14/2025 01:30:00 PM,IMPROPER TURNING/NO SIGNAL,UNABLE TO DETERMINE,500,W,WASHINGTON BLVD,121,,,,,,,2,NO INDICATION OF INJURY,0,0,0,0,0,4,0,12,5,8,41.8832909204,-87.6397847589,POINT (-87.639784758898 41.883290920413)
30aece073bc84dd929b5ef9f578c1a2f69f95ed1687aeb7fbae03fc7b45513770258d6a541fb8186240b172c992422d73290ea78446fd3681650642d70959ae2,,08/14/2025 12:10:00 PM,30,TRAFFIC SIGNAL,FUNCTIONING PROPERLY,CLEAR,DAYLIGHT,REAR END,NOT DIVIDED,,STRAIGHT AND LEVEL,DRY,NO DEFECTS,NOT ON SCENE (DESK REPORT),INJURY AND / OR TOW DUE TO CRASH,,,Y,"OVER $1,500",08/14/2025 12:45:00 PM,FOLLOWING TOO CLOSELY,NOT APPLICABLE,1184,S,DESPLAINES ST,124,,,,,,,2,"REPORTED, NOT EVIDENT",2,0,0,0,2,1,0,12,5,8,41.8672836969,-87.643810604,POINT (-87.643810603956 41.867283696852)
08cc83ab99230ca17718ce41d9a3f85aaf79adfda1fc7b3ac560cbecfc5057637d7baf26bf3f786a0682ab08d214edc5304e6e2b630d219b0b84ae4af64b1387,,08/14/2025 12:05:00 PM,30,UNKNOWN,UNKNOWN,UNKNOWN,UNKNOWN,PARKED MOTOR VEHICLE,ONE-WAY,,STRAIGHT AND LEVEL,UNKNOWN,UNKNOWN,NOT ON SCENE (DESK REPORT),NO INJURY / DRIVE AWAY,,,,"OVER $1,500",08/19/2025 05:05:00 PM,UNABLE TO DETERMINE,NOT APPLICABLE,540,W,MADISON ST,121,,,,,,,2,NO INDICATION OF INJURY,0,0,0,0,0,1,0,12,5,8,41.8819664488,-87.6412758255,POINT (-87.641275825477 41.881966448756)
4efa587babeba6bd0d96239387489cb74960a73330304477a53cfd3c96431c005d806aee42ccd6b6592fe9008d64c0ecff86200f2b27111be00751d1ac5a5cbb,,08/14/2025 12:05:00 PM,10,NO CONTROLS,NO CONTROLS,CLEAR,DAYLIGHT,REAR TO SIDE,PARKING LOT,,STRAIGHT AND LEVEL,DRY,NO DEFECTS,ON SCENE,INJURY AND / OR TOW DUE TO CRASH,,Y,,"OVER $1,500",08/14/2025 12:07:00 PM,FAILING TO YIELD RIGHT-OF-WAY,NOT APPLICABLE,2900,N,ASHLAND AVE,1931,,,,,,,2,NONINCAPACITATING INJURY,1,0,0,1,0,1,0,12,5,8,41.934268942,-87.6686103167,POINT (-87.66861031665 41.934268942019)
6083596240e9a414608276c74fd6640f8b4e0327d6dc2d7602feb5fedc8fce2e4958e8f819bb53e8c941cae61e86389fda5d97be368b7ae98d6a8abf8975d20a,Y,08/14/2025 12:00:00 PM,30,NO CONTROLS,NO CONTROLS,CLEAR,UNKNOWN,PARKED MOTOR VEHICLE,ONE-WAY,,STRAIGHT AND LEVEL,UNKNOWN,UNKNOWN,NOT ON SCENE (DESK REPORT),NO INJURY / DRIVE AWAY,,,Y,"OVER $1,500",08/14/2025 01:30:00 PM,UNABLE TO DETERMINE,NOT APPLICABLE,55,E,101ST ST,511,,,,,,,2,NO INDICATION OF INJURY,0,0,0,0,0,1,0,12,5,8,41.7107290741,-87.6214529417,POINT (-87.62145294172 41.710729074069)
94f6fe6147c456d238eb824069283545af9dd50b1b302f62b834b4fa14115b689508a253356790cc8c3449f037b612a87ee05c2cdb440ceb55e51c6fbeb3300d,,08/14/2025 12:00:00 PM,20,STOP SIGN/FLASHER,NO CONTROLS,CLEAR,DAYLIGHT,PARKED MOTOR VEHICLE,ONE-WAY,,STRAIGHT AND LEVEL,DRY,NO DEFECTS,NOT ON SCENE (DESK REPORT),NO INJURY / DRIVE AWAY,Y,,,"$501 - $1,500",08/14/2025 12:30:00 PM,DRIVING SKILLS/KNOWLEDGE/EXPERIENCE,UNABLE TO DETERMINE,3025,W,AINSLIE ST,1713,,,,,,,2,NO INDICATION OF INJURY,0,0,0,0,0,1,0,12,5,8,41.9701933601,-87.7046897128,POINT (-87.704689712814 41.970193360075)
9a5124d1d2997f52b966f543416aff10fe98b537f613bccdb891ec8c30c7aca6ff75537e0ea8e7ab62d21ff5a74bae603730743cdbcb32558d4511cc419f70b0,Y,08/14/2025 12:00:00 PM,30,NO CONTROLS,NO CONTROLS,CLEAR,DAYLIGHT,PARKED MOTOR VEHICLE,PARKING LOT,,STRAIGHT AND LEVEL,DRY,UNKNOWN,NOT ON SCENE (DESK REPORT),NO INJURY / DRIVE AWAY,,,Y,"OVER $1,500",08/14/2025 04:45:00 PM,UNABLE TO DETERMINE,NOT APPLICABLE,4626,W,DIVERSEY AVE,2521,,,,,,,2,NO INDICATION OF INJURY,0,0,0,0,0,1,0,12,5,8,41.9316889194,-87.7430169468,POINT (-87.743016946831 41.931688919351)
b2a47e6a4fd548b50152b5aa737be29d5d4c58b6b5d82b7c9df93bd76f5f5ebd9c82a8bcaa68b5f21c0e57eb0b4ff6b42d682161574fb71552ffa28c871107fa,,08/14/2025 12:00:00 PM,10,NO CONTROLS,NO CONTROLS,CLEAR,DAYLIGHT,HEAD ON,PARKING LOT,,STRAIGHT AND LEVEL,DRY,NO DEFECTS,NOT ON SCENE (DESK REPORT),NO INJURY / DRIVE AWAY,,,Y,"OVER $1,500",08/14/2025 04:37:00 PM,DRIVING SKILLS/KNOWLEDGE/EXPERIENCE,NOT APPLICABLE,4501,W,NORTH AVE,2533,,,,,,,2,NO INDICATION OF INJURY,0,0,0,0,0,3,0,12,5,8,41.909600386,-87.7393564665,POINT (-87.739356466533 41.909600386011)
e75cabb85f436d1ad8bdabf0d75330ad9b18e75cfb9996b1c80f8abcbfcb2d8955731afb4d2dfe5b8eee78cc32ddf177fa4e2ae3f67e0d0c2206115b570d0bfb,,08/14/2025 12:00:00 PM,30,NO CONTROLS,NO CONTROLS,CLEAR,DAYLIGHT,PARKED MOTOR VEHICLE,PARKING LOT,,STRAIGHT AND LEVEL,DRY,NO DEFECTS,NOT ON SCENE (DESK REPORT),NO INJURY / DRIVE AWAY,,Y,Y,"$501 - $1,500",08/14/2025 11:30:00 PM,UNABLE TO DETERMINE,NOT APPLICABLE,355,E,ERIE ST,1834,,,,,,,2,NO INDICATION OF INJURY,0,0,0,0,0,1,0,12,5,8,41.8941336002,-87.6181791496,POINT (-87.61817914958 41.894133600184)
fc8e5f72a02d21174305c633679b0df8c3b119995f219b62b3e536d39e09e1b3435feeea15ecf0736ca64b610d4e949c92865df4a6376ad8b49cbeb516060e69,Y,08/14/2025 12:00:00 PM,30,NO CONTROLS,NO CONTROLS,CLEAR,DAYLIGHT,TURNING,NOT DIVIDED,,STRAIGHT AND LEVEL,DRY,UNKNOWN,ON SCENE,INJURY AND / OR TOW DUE TO CRASH,,,,"$501 - $1,500",08/14/2025 12:05:00 PM,IMPROPER TURNING/NO SIGNAL,NOT APPLICABLE,1599,N,KINGSBURY ST,1822,,,,,,,2,NONINCAPACITATING INJURY,1,0,0,1,0,2,0,12,5,8,41.9108301868,-87.6539111143,POINT (-87.653911114283 41.910830186786)
4c91a7193974ca95aa8463080dacc8b35fd35d8f128034a974c9a53d92e8a29dc689855f4488a4fbb20ea3ecc78341a9cafd63bf8394119bbceabc60ff48f056,,08/14/2025 11:50:00 AM,30,TRAFFIC SIGNAL,FUNCTIONING PROPERLY,CLEAR,DAYLIGHT,SIDESWIPE SAME DIRECTION,FOUR WAY,,STRAIGHT AND LEVEL,DRY,NO DEFECTS,NOT ON SCENE (DESK REPORT),NO INJURY / DRIVE AWAY,Y,,Y,"OVER $1,500",08/14/2025 12:21:00 PM,DRIVING SKILLS/KNOWLEDGE/EXPERIENCE,DRIVING SKILLS/KNOWLEDGE/EXPERIENCE,26,E,IDA B WELLS DR,113,,,,,,,2,NO INDICATION OF INJURY,0,0,0,0,0,3,0,11,5,8,41.8757876004,-87.6266332898,POINT (-87.626633289849 41.875787600378)
c733480cc9606d54f2a2d0d143d9c1236b9d6abeee0d6bd512c67833f5459827bff13c74ec1f6a215dd3e94e422b9fabe88bf850d83263fbb2bd1b4bc07cf0ce,,08/14/2025 11:50:00 AM,30,NO CONTROLS,NO CONTROLS,UNKNOWN,DAYLIGHT,SIDESWIPE SAME DIRECTION,DIVIDED - W/MEDIAN (NOT RAISED),,STRAIGHT AND LEVEL,UNKNOWN,UNKNOWN,NOT ON SCENE (DESK REPORT),INJURY AND / OR TOW DUE TO CRASH,,,,"OVER $1,500",08/15/2025 03:30:00 PM,FAILING TO YIELD RIGHT-OF-WAY,FAILING TO REDUCE SPEED TO AVOID CRASH,2244,N,SOUTHPORT AVE,1811,,,,,,,2,NO INDICATION OF INJURY,0,0,0,0,0,2,0,11,5,8,41.9229358493,-87.6633881361,POINT (-87.663388136148 41.92293584927)
3b2d508a7abdc8fea7428cee8105ae913acf4897e666670b9378ef04b8caaffc884c1b0c9804ae453dbd998351ce406dd5dee141ef34eb626c4e1c0ad9e6d26f,,08/14/2025 11:48:00 AM,35,TRAFFIC SIGNAL,FUNCTIONING PROPERLY,CLEAR,DAYLIGHT,TURNING,FOUR WAY,,STRAIGHT AND LEVEL,DRY,NO DEFECTS,NOT ON SCENE (DESK REPORT),NO INJURY / DRIVE AWAY,Y,,Y,"OVER $1,500",08/14/2025 02:25:00 PM,DISREGARDING TRAFFIC SIGNALS,DISREGARDING OTHER TRAFFIC SIGNS,520,S,STATE ST,123,,,,,,,2,NO INDICATION OF INJURY,0,0,0,0,0,2,0,11,5,8,41.8752472684,-87.6277671856,POINT (-87.62776718558 41.875247268407)
4b4391086cbbf3333c3c915435f22f1ea1b94e33bcb1248c349f32942a9498c011751f4b2b7612d3c0f0d09a33e53efa7af486d02c38320e405c77d20e397d9d,,08/14/2025 11:45:00 AM,25,STOP SIGN/FLASHER,FUNCTIONING PROPERLY,CLEAR,DAYLIGHT,PARKED MOTOR VEHICLE,NOT DIVIDED,,STRAIGHT AND LEVEL,UNKNOWN,NO DEFECTS,ON SCENE,INJURY AND / OR TOW DUE TO CRASH,,,Y,"OVER $1,500",08/14/2025 07:16:00 PM,UNABLE TO DETERMINE,UNABLE TO DETERMINE,2400,W,GEORGE ST,1411,,,,,,,2,NO INDICATION OF INJURY,0,0,0,0,0,1,0,11,5,8,41.9340954456,-87.6880645691,POINT (-87.688064569096 41.934095445604)
904ec80affd9bed3e10074dfb41d43170981598c9e024678d6780d21bfbfda65bd0cd0e4608d83d978dc8f60896f430cf3daad21d0b8ecaece131b25370689be,,08/14/2025 11:41:00 AM,30,STOP SIGN/FLASHER,FUNCTIONING PROPERLY,CLEAR,DAYLIGHT,PARKED MOTOR VEHICLE,ONE-WAY,,STRAIGHT AND LEVEL,DRY,NO DEFECTS,ON SCENE,NO INJURY / DRIVE AWAY,,,,"$501 - $1,500",08/14/2025 11:45:00 AM,UNABLE TO DETERMINE,UNABLE TO DETERMINE,66,W,OAK ST,1824,,,,,,,2,NO INDICATION OF INJURY,0,0,0,0,0,1,0,11,5,8,41.9006702853,-87.6308416959,POINT (-87.630841695886 41.900670285306)
03caf7e64f298618e1156c131f748b76fac678deb952f508dd4e4dd1b99a54444f351a7faa01d69fc353afaa97a038961b2d95941c37d6bda576aa22e2990da6,,08/14/2025 11:40:00 AM,25,NO CONTROLS,NO CONTROLS,CLEAR,DAYLIGHT,ANGLE,PARKING LOT,,STRAIGHT AND LEVEL,DRY,UNKNOWN,NOT ON SCENE (DESK REPORT),NO INJURY / DRIVE AWAY,,,,"OVER $1,500",08/14/2025 12:30:00 PM,IMPROPER BACKING,IMPROPER BACKING,4633,W,DIVERSEY AVE,2521,,,,,,,2,NO INDICATION OF INJURY,0,0,0,0,0,4,0,11,5,8,41.9314664036,-87.7432467669,POINT (-87.743246766867 41.931466403636)
ecb4b9cb8f924ba08cd07663999cfbcc3a2745d781f54a727ab184ae54bdc3e9c0e5b24b17f1ef412b7fd9d8f3cf0569620bb9d017a6244d408052303ddfa9e7,,08/14/2025 11:39:00 AM,30,NO CONTROLS,NO CONTROLS,CLEAR,DAYLIGHT,FIXED OBJECT,NOT DIVIDED,,STRAIGHT AND LEVEL,DRY,NO DEFECTS,ON SCENE,INJURY AND / OR TOW DUE TO CRASH,,,,"OVER $1,500",08/14/2025 11:43:00 AM,DISREGARDING ROAD MARKINGS,NOT APPLICABLE,1760,W,WRIGHTWOOD AVE,1931,,,,,,,1,NO INDICATION OF INJURY,0,0,0,0,0,1,0,11,5,8,41.9288241493,-87.6730420199,POINT (-87.673042019911 41.928824149319)
20ac4b77ac5d93bc7537bc0b881b77ea6dad229ba5d58a142d1ba1ebcbed467d8842e47619cc6a031d616a88f8e967ca38101702f904750e3f55d92f6f0a8804,,08/14/2025 11:35:00 AM,30,TRAFFIC SIGNAL,FUNCTIONING PROPERLY,CLEAR,DAYLIGHT,REAR END,DIVIDED - W/MEDIAN BARRIER,,STRAIGHT AND LEVEL,DRY,NO DEFECTS,ON SCENE,INJURY AND / OR TOW DUE TO CRASH,Y,,,"OVER $1,500",08/14/2025 12:00:00 PM,IMPROPER LANE USAGE,IMPROPER LANE USAGE,4701,S,CICERO AVE,815,,,,,,,2,NO INDICATION OF INJURY,0,0,0,0,0,2,0,11,5,8,41.8075334573,-87.7430034212,POINT (-87.743003421203 41.807533457298)
d46097213291eb90d49756d2d9b1683aa15d5347969a2c9668d272e14974ac36b67ccf6e81515f198af84ee79a531cf124a09d5286b0794ca8997f9e3e849ea8,,08/14/2025 11:35:00 AM,30,TRAFFIC SIGNAL,FUNCTIONING PROPERLY,CLEAR,DAYLIGHT,REAR END,CENTER TURN LANE,,STRAIGHT AND LEVEL,DRY,NO DEFECTS,ON SCENE,NO INJURY / DRIVE AWAY,Y,,,"$501 - $1,500",08/14/2025 11:37:00 AM,FAILING TO REDUCE SPEED TO AVOID CRASH,UNABLE TO DETERMINE,5140,S,CICERO AVE,814,,,,,,,3,NO INDICATION OF INJURY,0,0,0,0,0,4,0,11,5,8,41.7990408352,-87.7430905888,POINT (-87.743090588785 41.799040835171)
2266a3779e620e7770c1c25488ab70248d734a34bcb622cf0d7a6863d1f8dc3139179043543e286327ce759eb07ad1e8a3750568cb6d9c631668dff5557cdf6c,,08/14/2025 11:23:00 AM,30,NO CONTROLS,NO CONTROLS,CLEAR,DAYLIGHT,SIDESWIPE SAME DIRECTION,NOT DIVIDED,,STRAIGHT AND LEVEL,DRY,NO DEFECTS,ON SCENE,NO INJURY / DRIVE AWAY,,,,$500 OR LESS,08/14/2025 11:30:00 AM,FAILING TO YIELD RIGHT-OF-WAY,FAILING TO YIELD RIGHT-OF-WAY,348,E,CHICAGO AVE,1833,,,,,,,2,NO INDICATION OF INJURY,0,0,0,0,0,2,0,11,5,8,41.8969280578,-87.6184127232,POINT (-87.618412723225 41.896928057761)
d591214b318fd877b3baf0458daac3b8e80cd110acb298a856da9d69d6a88fadd3b896ba12017ce7b6a565632740430417b80fe5008284abedcc00a65b1aec4e,,08/14/2025 11:22:00 AM,15,NO CONTROLS,NO CONTROLS,CLEAR,DAYLIGHT,PARKED MOTOR VEHICLE,PARKING LOT,,STRAIGHT AND LEVEL,DRY,NO DEFECTS,ON SCENE,NO INJURY / DRIVE AWAY,,,Y,"OVER $1,500",08/14/2025 11:30:00 AM,IMPROPER LANE USAGE,UNABLE TO DETERMINE,142,W,DIVERSEY PKWY,1934,,,,,,,2,NO INDICATION OF INJURY,0,0,0,0,0,1,0,11,5,8,41.9334449736,-87.6336791431,POINT (-87.633679143098 41.933444973562)
9129c1bbfd74980ad8f7e8e38c49b8e55839348be7f07a2c23c4e9839848413b63ea6a744587b2fc9e9800711bf8f53315fb9d4f9eb7780cba917199b5a11937,,08/14/2025 11:20:00 AM,45,OTHER,FUNCTIONING PROPERLY,CLEAR,DAYLIGHT,SIDESWIPE SAME DIRECTION,DIVIDED - W/MEDIAN BARRIER,,STRAIGHT AND LEVEL,DRY,NO DEFECTS,ON SCENE,INJURY AND / OR TOW DUE TO CRASH,,,,"OVER $1,500",08/14/2025 11:25:00 AM,IMPROPER OVERTAKING/PASSING,UNABLE TO DETERMINE,1641,N,LAKE SHORE DR SB,1814,,,,,,,2,NO INDICATION OF INJURY,0,0,0,0,0,2,0,11,5,8,41.9124811123,-87.625859943,POINT (-87.625859942971 41.912481112274)
26e1274f0fb283bbcd67598081444ff66275f4ad446d3fe28f20ae34c2687d67e5a8e846b5eea831a0ca458756e35b9484c87082281e9092d07ae4cade1873a4,,08/14/2025 11:00:00 AM,30,YIELD,FUNCTIONING PROPERLY,CLEAR,DAYLIGHT,SIDESWIPE SAME DIRECTION,ONE-WAY,,STRAIGHT AND LEVEL,DRY,NO DEFECTS,NOT ON SCENE (DESK REPORT),NO INJURY / DRIVE AWAY,,,,"OVER $1,500",08/14/2025 04:00:00 PM,UNABLE TO DETERMINE,UNABLE TO DETERMINE,11840,S,MARSHFIELD AVE,2234,,,,,,,2,NO INDICATION OF INJURY,0,0,0,0,0,2,0,11,5,8,41.6781204127,-87.6626390272,POINT (-87.662639027162 41.678120412663)
7d57110812a31e8efc27340758901c571c9ca96445feabf76fd16c54c7e3e87e303f54ed50cc9e33ba7c353d17ed2c38da72e3f8416baa19ee9b7d41e3a52f38,,08/14/2025 11:00:00 AM,30,NO CONTROLS,NO CONTROLS,CLEAR,DAYLIGHT,SIDESWIPE SAME DIRECTION,DIVIDED - W/MEDIAN (NOT RAISED),,STRAIGHT AND LEVEL,DRY,UNKNOWN,NOT ON SCENE (DESK REPORT),NO INJURY / DRIVE AWAY,,,,"OVER $1,500",08/14/2025 11:56:00 AM,FAILING TO YIELD RIGHT-OF-WAY,FAILING TO REDUCE SPEED TO AVOID CRASH,5515,W,NORTH AVE,2532,,,,,,,2,NO INDICATION OF INJURY,0,0,0,0,0,2,0,11,5,8,41.9092902536,-87.7637177452,POINT (-87.763717745189 41.90929025358)
1369f23bf04277ca802e8106580d5ebc48b43cbd2083a1df7aa19a18a9383f7daa822504b5cceb4b1dacc6a40cea9150e97343ab4934cf35affac02f672ce3c4,Y,08/14/2025 10:39:00 AM,30,OTHER,OTHER,OTHER,UNKNOWN,SIDESWIPE SAME DIRECTION,OTHER,,STRAIGHT AND LEVEL,UNKNOWN,UNKNOWN,NOT ON SCENE (DESK REPORT),NO INJURY / DRIVE AWAY,,,,"OVER $1,500",08/15/2025 09:30:00 PM,UNABLE TO DETERMINE,UNABLE TO DETERMINE,2400,N,LAKE SHORE DR NB,1935,,,,,,,3,NO INDICATION OF INJURY,0,0,0,0,0,2,0,10,5,8,41.9261607198,-87.6315146648,POINT (-87.631514664826 41.926160719812)
c8f520ccdad84eed58de2748289c99ade9678d88663090494841d79208192db660e4ba7b96bc3642d740764e6ae841769277921708f3d0c11ac5a5150479fa16,,08/14/2025 10:39:00 AM,30,TRAFFIC SIGNAL,FUNCTIONING PROPERLY,CLEAR,DAYLIGHT,REAR END,FOUR WAY,,STRAIGHT AND LEVEL,DRY,NO DEFECTS,ON SCENE,INJURY AND / OR TOW DUE TO CRASH,Y,,,"OVER $1,500",08/14/2025 10:39:00 AM,FOLLOWING TOO CLOSELY,DISTRACTION - FROM INSIDE VEHICLE,100,S,COLUMBUS DR,114,,,,,,,2,NO INDICATION OF INJURY,0,0,0,0,0,4,0,10,5,8,41.8808056553,-87.6209349918,POINT (-87.620934991819 41.880805655312)
0fa3d52e4e77e9264634c98226f2446a287e398645dd9932c5946adbe29a222128ac9b3b1b4e1d0c1a38f986d423499a5214814d45a7a297e8e03929f7ef0d08,,08/14/2025 10:36:00 AM,30,TRAFFIC SIGNAL,FUNCTIONING PROPERLY,CLEAR,DAYLIGHT,REAR END,FOUR WAY,,STRAIGHT AND LEVEL,DRY,NO DEFECTS,ON SCENE,NO INJURY / DRIVE AWAY,Y,,,"$501 - $1,500",08/14/2025 10:47:00 AM,FOLLOWING TOO CLOSELY,DRIVING SKILLS/KNOWLEDGE/EXPERIENCE,218,S,WELLS ST,122,,,,,,,2,NO INDICATION OF INJURY,0,0,0,0,0,2,0,10,5,8,41.8787599344,-87.6338992568,POINT (-87.633899256784 41.878759934438)
134c028cdaa5cf826ab731da11f6656d1ee4a788006352fb609bc6e0fa09e9c37dcc5e923a8e392db8ffc985874ff93aeb120d5d791d03972001769472c3fa25,,08/14/2025 10:30:00 AM,20,NO CONTROLS,NO CONTROLS,CLEAR,DAYLIGHT,PARKED MOTOR VEHICLE,ONE-WAY,,STRAIGHT AND LEVEL,DRY,NO DEFECTS,NOT ON SCENE (DESK REPORT),NO INJURY / DRIVE AWAY,,,Y,"OVER $1,500",08/14/2025 08:00:00 PM,IMPROPER LANE USAGE,NOT APPLICABLE,4900,N,WHIPPLE ST,1713,,,,,,,2,NO INDICATION OF INJURY,0,0,0,0,0,1,0,10,5,8,41.9703905809,-87.7050137696,POINT (-87.705013769573 41.970390580943)
d3ab3f771eafe662cf0dbe14d0f90cb1758d05218ab26086107ee95eb24736c9caddc8d74e9f31fb46950341cccf01256b9e97f09cbaa780af8a337b3e0e09fb,,08/14/2025 10:17:00 AM,25,NO CONTROLS,NO CONTROLS,UNKNOWN,DAYLIGHT,FIXED OBJECT,NOT DIVIDED,,STRAIGHT AND LEVEL,UNKNOWN,UNKNOWN,ON SCENE,NO INJURY / DRIVE AWAY,,Y,Y,"OVER $1,500",08/14/2025 10:17:00 AM,UNABLE TO DETERMINE,UNABLE TO DETERMINE,730,E,63RD ST,313,,,,,,,1,NO INDICATION OF INJURY,0,0,0,0,0,1,0,10,5,8,41.780499956,-87.6072520663,POINT (-87.607252066342 41.780499956032)
15cc1c4a3780b33d4401162a2c52554905e69acaf7560cbcac4962666d966606fa8a74c693f73b65ab573fa27da4c42076df80ba11345501839b1742c2dfd4d9,,08/14/2025 10:15:00 AM,30,STOP SIGN/FLASHER,FUNCTIONING PROPERLY,CLEAR,DAYLIGHT,TURNING,OTHER,,STRAIGHT AND LEVEL,DRY,NO DEFECTS,NOT ON SCENE (DESK REPORT),NO INJURY / DRIVE AWAY,Y,,,"$501 - $1,500",08/14/2025 10:30:00 AM,FAILING TO YIELD RIGHT-OF-WAY,NOT APPLICABLE,5042,W,LAWRENCE AVE,1623,,,,,,,2,NO INDICATION OF INJURY,0,0,0,0,0,2,0,10,5,8,41.9680542298,-87.7543641757,POINT (-87.75436417568 41.968054229759)
ba39b413de1c8aa5a4f32216908cc522fe62d3e3603d3c2edc8c826c7b3f0a9122d7ece1b667fb87500df208d5cba8a8d024ef3e11476679d4dfecf88370f217,,08/14/2025 10:09:00 AM,30,TRAFFIC SIGNAL,FUNCTIONING PROPERLY,CLEAR,DAYLIGHT,TURNING,NOT DIVIDED,,STRAIGHT AND LEVEL,DRY,NO DEFECTS,NOT ON SCENE (DESK REPORT),NO INJURY / DRIVE AWAY,Y,,,"$501 - $1,500",08/15/2025 09:39:00 AM,IMPROPER TURNING/NO SIGNAL,NOT APPLICABLE,200,W,87TH ST,622,,,,,,,2,NO INDICATION OF INJURY,0,0,0,0,0,2,0,10,5,8,41.7362616994,-87.6290647164,POINT (-87.629064716425 41.736261699376)
1788910ec66b7d44fd58509e283a8e97d5a95d964fccf1a32b7c2804dd9ae5fea2941944e6cb7a2f58a8df706090735403d232e123326477b1a1245e99eee3f7,,08/14/2025 10:07:00 AM,30,NO CONTROLS,NO CONTROLS,CLEAR,DAYLIGHT,ANGLE,PARKING LOT,,STRAIGHT AND LEVEL,DRY,UNKNOWN,NOT ON SCENE (DESK REPORT),NO INJURY / DRIVE AWAY,,,,"OVER $1,500",08/14/2025 11:08:00 AM,DRIVING SKILLS/KNOWLEDGE/EXPERIENCE,UNABLE TO DETERMINE,3241,S,MICHIGAN AVE,211,,,,,,,2,NO INDICATION OF INJURY,0,0,0,0,0,2,0,10,5,8,41.8352821552,-87.6232011968,POINT (-87.623201196758 41.835282155236)