CRASH_RECORD_ID,CRASH_DATE_EST_I,CRASH_DATE,POSTED_SPEED_LIMIT,TRAFFIC_CONTROL_DEVICE,DEVICE_CONDITION,WEATHER_CONDITION,LIGHTING_CONDITION,FIRST_CRASH_TYPE,TRAFFICWAY_TYPE,LANE_CNT,ALIGNMENT,ROADWAY_SURFACE_COND,ROAD_DEFECT,REPORT_TYPE,CRASH_TYPE,INTERSECTION_RELATED_I,NOT_RIGHT_OF_WAY_I,HIT_AND_RUN_I,DAMAGE,DATE_POLICE_NOTIFIED,PRIM_CONTRIBUTORY_CAUSE,SEC_CONTRIBUTORY_CAUSE,STREET_NO,STREET_DIRECTION,STREET_NAME,BEAT_OF_OCCURRENCE,PHOTOS_TAKEN_I,STATEMENTS_TAKEN_I,DOORING_I,WORK_ZONE_I,WORK_ZONE_TYPE,WORKERS_PRESENT_I,NUM_UNITS,MOST_SEVERE_INJURY,INJURIES_TOTAL,INJURIES_FATAL,INJURIES_INCAPACITATING,INJURIES_NON_INCAPACITATING,INJURIES_REPORTED_NOT_EVIDENT,INJURIES_NO_INDICATION,INJURIES_UNKNOWN,CRASH_HOUR,CRASH_DAY_OF_WEEK,CRASH_MONTH,LATITUDE,LONGITUDE,LOCATION
801a64535bee4da51146a8c02f7fd98bc49fc55a090d5de049968480f9d23e069530dd487779c229ebf721a1a603a63546c2168df209e1b5bb93da2a6e633864,,08/14/2025 10:00:00 AM,10,OTHER,OTHER,CLEAR,DAYLIGHT,PEDESTRIAN,PARKING LOT,,STRAIGHT AND LEVEL,DRY,NO DEFECTS,NOT ON SCENE (DESK REPORT),INJURY AND / OR TOW DUE TO CRASH,,,,"OVER $1,500",08/21/2025 02:23:00 PM,FOLLOWING TOO CLOSELY,NOT APPLICABLE,4000,W,WRIGHTWOOD AVE,2524,,,,,,,2,NONINCAPACITATING INJURY,1,0,0,1,0,1,0,10,5,8,41.9282334398,-87.7270115203,POINT (-87.727011520348 41.928233439765)
d126c14b09d9093f9b0ffcd03391779562b874dd653e83f26c1f1d25e77bed251ffda8683cfc204081bb88a9e44f3410f2454f4aff251c9c99ca54508ebc527b,,08/14/2025 10:00:00 AM,30,TRAFFIC SIGNAL,FUNCTIONING PROPERLY,CLEAR,DAYLIGHT,PEDESTRIAN,FOUR WAY,,STRAIGHT AND LEVEL,DRY,UNKNOWN,ON SCENE,INJURY AND / OR TOW DUE TO CRASH,Y,,Y,"OVER $1,500",08/14/2025 05:40:00 PM,FAILING TO YIELD RIGHT-OF-WAY,NOT APPLICABLE,4699,S,WOODLAWN AVE,222,,,,,,,2,INCAPACITATING INJURY,1,0,1,0,0,1,0,10,5,8,41.8096964978,-87.5966863721,POINT (-87.596686372135 41.809696497792)
3a4d15b2ba14a27f2561094ed028c626188defd663ebdc457152e18327a17323928ecd1996787f0dd598f26a2839e993cd3f2e98f6397e46405f24094de77b9f,,08/14/2025 09:46:00 AM,30,NO CONTROLS,NO CONTROLS,CLEAR,DAYLIGHT,PARKED MOTOR VEHICLE,DIVIDED - W/MEDIAN (NOT RAISED),,STRAIGHT AND LEVEL,DRY,NO DEFECTS,ON SCENE,NO INJURY / DRIVE AWAY,,,Y,"OVER $1,500",08/14/2025 10:00:00 AM,UNABLE TO DETERMINE,UNABLE TO DETERMINE,2744,N,DAYTON ST,1935,,,,,,,2,NO INDICATION OF INJURY,0,0,0,0,0,1,0,9,5,8,41.9322074237,-87.6503502827,POINT (-87.650350282682 41.932207423688)
acb708f76cc98da97998bf767b80dcfba3ec2cf851e57bb3c148086ce11b0ed8eca2fabe15463f76b06af645bda9bcf3b2e573c7dadfe108c5780fb22ab65ea8,,08/14/2025 09:30:00 AM,30,NO CONTROLS,NO CONTROLS,UNKNOWN,UNKNOWN,SIDESWIPE SAME DIRECTION,NOT DIVIDED,,STRAIGHT AND LEVEL,UNKNOWN,UNKNOWN,ON SCENE,NO INJURY / DRIVE AWAY,,,,"OVER $1,500",08/14/2025 10:15:00 PM,NOT APPLICABLE,NOT APPLICABLE,2678,N,STOCKTON DR,1935,,,,,,,2,NO INDICATION OF INJURY,0,0,0,0,0,2,0,9,5,8,41.9312372819,-87.63910541,POINT (-87.639105409996 41.931237281865)
f34d231627c3197c9b8485a60f368510d38f4bc0dec46eadedae4b573880f63e551886470ea754667446eef10b77433b243404fc6f6fcac3dbe5fd47f1ee06d9,,08/14/2025 09:30:00 AM,30,NO CONTROLS,NO CONTROLS,CLEAR,DAYLIGHT,SIDESWIPE SAME DIRECTION,ONE-WAY,,STRAIGHT AND LEVEL,DRY,NO DEFECTS,NOT ON SCENE (DESK REPORT),NO INJURY / DRIVE AWAY,,,,"$501 - $1,500",08/14/2025 10:30:00 AM,FAILING TO YIELD RIGHT-OF-WAY,UNABLE TO DETERMINE,325,S,JEFFERSON ST,121,,,,,,,2,NO INDICATION OF INJURY,0,0,0,0,0,2,0,9,5,8,41.8772194468,-87.6423651049,POINT (-87.642365104941 41.877219446848)
f685330c42aa3796f2979fd2fe112c4858727a1f37d5ecbfb7f82bb5ed135fcb20dd90217a9131ca3a8c9b98a239755dd9c94bac5cfda339a4252380ede708b2,,08/14/2025 09:30:00 AM,25,NO CONTROLS,NO CONTROLS,CLEAR,DAYLIGHT,TURNING,PARKING LOT,,STRAIGHT AND LEVEL,DRY,UNKNOWN,NOT ON SCENE (DESK REPORT),NO INJURY / DRIVE AWAY,,,,"OVER $1,500",08/14/2025 10:20:00 AM,FOLLOWING TOO CLOSELY,FOLLOWING TOO CLOSELY,2650,N,NARRAGANSETT AVE,2512,,,,,,,2,NO INDICATION OF INJURY,0,0,0,0,0,3,0,9,5,8,41.9288472233,-87.7857810192,POINT (-87.785781019201 41.928847223324)
7fc1c74f2ad1763d76d0b11f3b87d966b7d408d99d58c5ad6051d4a2b97d4c746edb1b263f642c7d9ad3976271c7c0605c2ac58608d70af8af4d43509759f16d,,08/14/2025 09:25:00 AM,30,STOP SIGN/FLASHER,FUNCTIONING PROPERLY,CLEAR,DAYLIGHT,ANGLE,T-INTERSECTION,,STRAIGHT AND LEVEL,DRY,NO DEFECTS,ON SCENE,NO INJURY / DRIVE AWAY,Y,,,"$501 - $1,500",08/14/2025 09:25:00 AM,DRIVING SKILLS/KNOWLEDGE/EXPERIENCE,NOT APPLICABLE,10201,W,ZEMKE RD,1654,,,,,,,2,NO INDICATION OF INJURY,0,0,0,0,0,2,0,9,5,8,41.9948321195,-87.880873283,POINT (-87.880873283011 41.994832119507)
5fe2139dea95d212c0088c2bc9960e1a6aa5ed633e82ab69a2dc1c92aa69b03f4ee8380dfdeb6ff3c2835b5cf73a4e015f6050986167407edfa184fc80425475,,08/14/2025 09:21:00 AM,30,TRAFFIC SIGNAL,FUNCTIONING PROPERLY,CLEAR,DAYLIGHT,PARKED MOTOR VEHICLE,ONE-WAY,,STRAIGHT AND LEVEL,DRY,NO DEFECTS,ON SCENE,NO INJURY / DRIVE AWAY,,,,"OVER $1,500",08/14/2025 09:21:00 AM,UNABLE TO DETERMINE,UNABLE TO DETERMINE,1710,S,LOOMIS ST,1233,,,,,,,2,NO INDICATION OF INJURY,0,0,0,0,0,4,0,9,5,8,41.8584207439,-87.6614797149,POINT (-87.661479714912 41.858420743935)
5441ab4d1dd72833c984b6c545a931d6029af31aa086a179c9bdc833f5a5262c1ba9635aa5e7ea8d7c168de90cd7aba306a1e63e36c6c4a596a5ff22592a29ca,,08/14/2025 09:20:00 AM,25,OTHER RAILROAD CROSSING,FUNCTIONING PROPERLY,CLEAR,DAYLIGHT,FIXED OBJECT,DIVIDED - W/MEDIAN (NOT RAISED),,STRAIGHT AND LEVEL,DRY,NO DEFECTS,ON SCENE,NO INJURY / DRIVE AWAY,,Y,Y,"OVER $1,500",08/14/2025 10:04:00 AM,UNABLE TO DETERMINE,UNABLE TO DETERMINE,4664,N,MANOR AVE,1713,,,,,,,1,NO INDICATION OF INJURY,0,0,0,0,0,1,0,9,5,8,41.9661579289,-87.7012056307,POINT (-87.701205630652 41.966157928905)
54c68f2470edeccda22632305ad219dcfc644d7e41a97577364bdbbb2fb260ae30fbd81ae47a073c4f2b234f9fdd25bf390c337bc2b15dc680ce6eb4fd3aa82d,,08/14/2025 09:20:00 AM,30,NO CONTROLS,NO CONTROLS,CLEAR,DAYLIGHT,SIDESWIPE SAME DIRECTION,NOT DIVIDED,,STRAIGHT AND LEVEL,DRY,NO DEFECTS,NOT ON SCENE (DESK REPORT),NO INJURY / DRIVE AWAY,,,,"OVER $1,500",08/14/2025 05:36:00 PM,FAILING TO YIELD RIGHT-OF-WAY,FAILING TO YIELD RIGHT-OF-WAY,2510,N,STOCKTON DR,1935,,,,,,,2,NO INDICATION OF INJURY,0,0,0,0,0,3,0,9,5,8,41.9290483662,-87.6389512137,POINT (-87.638951213742 41.929048366236)
0a2a862a9aa7fec573ada5e06664892747d3b0da01f736493f5b0e137021c2cb81f180e1e5de08527418ad7860119ab1adf1589f78389f326b920938a41bd52d,,08/14/2025 09:15:00 AM,35,NO CONTROLS,NO CONTROLS,CLEAR,DAYLIGHT,SIDESWIPE SAME DIRECTION,NOT DIVIDED,,STRAIGHT AND LEVEL,DRY,NO DEFECTS,NOT ON SCENE (DESK REPORT),NO INJURY / DRIVE AWAY,,,,"OVER $1,500",08/14/2025 09:30:00 AM,DRIVING SKILLS/KNOWLEDGE/EXPERIENCE,UNABLE TO DETERMINE,2258,E,103RD ST,431,,,,,,,2,NO INDICATION OF INJURY,0,0,0,0,0,2,0,9,5,8,41.7081552039,-87.5681982095,POINT (-87.568198209543 41.708155203937)
bcd7f271f5e6ddee950fd948b484ecb67a330900c6d1512aaf84115eb2e534c0e657bdce52a330b2c398ba786606a2a8d9a5bff28284dfd46a4aa455cdea5460,,08/14/2025 09:15:00 AM,30,NO CONTROLS,NO CONTROLS,CLEAR,DAYLIGHT,PARKED MOTOR VEHICLE,DIVIDED - W/MEDIAN (NOT RAISED),,STRAIGHT AND LEVEL,DRY,NO DEFECTS,ON SCENE,INJURY AND / OR TOW DUE TO CRASH,,,,"OVER $1,500",08/14/2025 09:18:00 AM,UNABLE TO DETERMINE,UNABLE TO DETERMINE,3143,N,CENTRAL AVE,2514,,,,,,,2,"REPORTED, NOT EVIDENT",1,0,0,0,1,0,0,9,5,8,41.9380346831,-87.7663320036,POINT (-87.766332003555 41.938034683101)
14436347821c87dbbb3bde0b3a2e592c55dd4311728f463920ad9f4bcadda10902fc150dfa1c3ca87f7ca009ad44b05fb69efba29cf871f2a5755a2fb569285d,,08/14/2025 09:13:00 AM,30,TRAFFIC SIGNAL,FUNCTIONING PROPERLY,CLEAR,DAYLIGHT,TURNING,FOUR WAY,,STRAIGHT AND LEVEL,DRY,NO DEFECTS,ON SCENE,INJURY AND / OR TOW DUE TO CRASH,Y,,,"OVER $1,500",08/14/2025 09:13:00 AM,IMPROPER TURNING/NO SIGNAL,NOT APPLICABLE,819,S,KOSTNER AVE,1131,,,,,,,2,"REPORTED, NOT EVIDENT",2,0,0,0,2,1,0,9,5,8,41.870226179,-87.7349621207,POINT (-87.734962120734 41.870226179008)
9514dec10a5d137180f0d408724890a98431fff56ac8271e9979f34708957d4dc923723c7ccbbf3d1a57e2b0830f28570ce91d7823d882adabed58772e6fcf82,,08/14/2025 09:10:00 AM,10,NO CONTROLS,NO CONTROLS,CLEAR,DAYLIGHT,FIXED OBJECT,ALLEY,,STRAIGHT AND LEVEL,DRY,UNKNOWN,ON SCENE,NO INJURY / DRIVE AWAY,,,,"OVER $1,500",08/14/2025 09:35:00 AM,UNABLE TO DETERMINE,UNABLE TO DETERMINE,545,W,104TH ST,2233,,,,N,,,1,NO INDICATION OF INJURY,0,0,0,0,0,1,0,9,5,8,41.7050569809,-87.637285872,POINT (-87.637285872021 41.70505698093)
38786350a5cfa906c7cef79426ef31dac62f3586b695796763e481054190a65adfff75b067f87de79425c3500791279cc2901fb55fc78d5bd382000de4acf605,,08/14/2025 09:00:00 AM,30,TRAFFIC SIGNAL,FUNCTIONING PROPERLY,CLEAR,DAYLIGHT,REAR END,FOUR WAY,,STRAIGHT AND LEVEL,DRY,NO DEFECTS,ON SCENE,NO INJURY / DRIVE AWAY,,,,"OVER $1,500",08/14/2025 09:00:00 AM,FOLLOWING TOO CLOSELY,FOLLOWING TOO CLOSELY,8700,S,SOUTH CHICAGO AVE,423,,,,,,,2,NO INDICATION OF INJURY,0,0,0,0,0,2,0,9,5,8,41.7370429734,-87.5656969534,POINT (-87.565696953391 41.737042973423)
bc2733f248d89120b8a9ac96d0980d88c7f0f987f358df211e09c078ade1000addb2048ed78096bd5f91325f26872d6b24214b6e0baa9b53c1b70558f4826637,,08/14/2025 09:00:00 AM,10,NO CONTROLS,NO CONTROLS,CLEAR,DAYLIGHT,REAR TO SIDE,PARKING LOT,,STRAIGHT AND LEVEL,UNKNOWN,UNKNOWN,NOT ON SCENE (DESK REPORT),NO INJURY / DRIVE AWAY,,,,"OVER $1,500",08/14/2025 09:15:00 AM,UNABLE TO DETERMINE,NOT APPLICABLE,1869,W,PERSHING RD,924,,,,,,,2,NO INDICATION OF INJURY,0,0,0,0,0,2,0,9,5,8,41.8230348329,-87.6725216417,POINT (-87.672521641663 41.823034832925)
d82efa0680952e0b27cee9617e9acee66d9358579f1349891be70739a37b085400f7563a503a0450ae67f53e8eedcd12d80b29a5cdc2a72702d855d401559245,,08/14/2025 09:00:00 AM,30,TRAFFIC SIGNAL,FUNCTIONING PROPERLY,CLEAR,DAYLIGHT,PEDALCYCLIST,DIVIDED - W/MEDIAN BARRIER,,STRAIGHT AND LEVEL,DRY,OTHER,ON SCENE,INJURY AND / OR TOW DUE TO CRASH,Y,,,$500 OR LESS,08/14/2025 09:01:00 AM,FAILING TO YIELD RIGHT-OF-WAY,NOT APPLICABLE,81,E,CERMAK RD,131,,,,,,,2,"REPORTED, NOT EVIDENT",1,0,0,0,1,1,0,9,5,8,41.8527542982,-87.6238937045,POINT (-87.623893704473 41.852754298174)
65c70e5a809b4b59ed41b795d8978413d6268e7c9a7150d8fc41881400a90d5516cc52652aa255cc22d6aef4e82fd0e76d60336740412d798f474d48c6711f94,,08/14/2025 08:55:00 AM,30,NO CONTROLS,NO CONTROLS,CLEAR,DAYLIGHT,PARKED MOTOR VEHICLE,NOT DIVIDED,,STRAIGHT AND LEVEL,DRY,UNKNOWN,NOT ON SCENE (DESK REPORT),NO INJURY / DRIVE AWAY,,,,"OVER $1,500",08/15/2025 07:00:00 AM,UNABLE TO DETERMINE,UNABLE TO DETERMINE,7341,S,WINCHESTER AVE,735,Y,,,,,,2,NO INDICATION OF INJURY,0,0,0,0,0,1,0,8,5,8,41.7599504402,-87.6720438194,POINT (-87.67204381937 41.759950440238)
a0174dce47b1bc6033692e7001fb26d08fe77dcdf56e4f565334933f7a8d893ccdb402b1e3d7a6a500fb99ba12dfdb5c86f8d4e6c2e3af85f8d7cbbf98cbb202,,08/14/2025 08:55:00 AM,30,TRAFFIC SIGNAL,FUNCTIONING PROPERLY,CLEAR,DAYLIGHT,PEDESTRIAN,NOT DIVIDED,,STRAIGHT AND LEVEL,UNKNOWN,UNKNOWN,ON SCENE,INJURY AND / OR TOW DUE TO CRASH,Y,,Y,"OVER $1,500",08/14/2025 09:14:00 AM,FAILING TO YIELD RIGHT-OF-WAY,NOT APPLICABLE,1802,S,WESTERN AVE,1023,,,,,,,2,"REPORTED, NOT EVIDENT",1,0,0,0,1,1,0,8,5,8,41.8573936762,-87.6859589002,POINT (-87.685958900178 41.857393676185)
71852f4a83833c8bce639226bd6a5ade743252bccb8873aebfd0b7665bead329963a1fcda1c7d2d1a942bd97feb14d79886ce88ba55b19042cce6e0160dab58a,,08/14/2025 08:50:00 AM,35,TRAFFIC SIGNAL,FUNCTIONING PROPERLY,CLEAR,DAYLIGHT,TURNING,FOUR WAY,,STRAIGHT AND LEVEL,DRY,NO DEFECTS,ON SCENE,INJURY AND / OR TOW DUE TO CRASH,Y,,,"OVER $1,500",08/14/2025 08:56:00 AM,IMPROPER OVERTAKING/PASSING,DISREGARDING TRAFFIC SIGNALS,2,E,PERSHING RD,213,,,,,,,2,INCAPACITATING INJURY,2,0,1,1,0,0,0,8,5,8,41.8238246726,-87.6263451219,POINT (-87.626345121934 41.823824672611)
1c524f9af80d18c6c860084ab42073975377eafa85dd48d25a2bd7f01ae0cd5f5b636d8d30557b234146b48273643d564a1734c70aa8be0f03f40a0e5bda6b04,,08/14/2025 08:45:00 AM,30,NO CONTROLS,NO CONTROLS,CLEAR,DAYLIGHT,ANGLE,ONE-WAY,,STRAIGHT AND LEVEL,DRY,NO DEFECTS,NOT ON SCENE (DESK REPORT),NO INJURY / DRIVE AWAY,,,,"OVER $1,500",08/14/2025 09:00:00 AM,IMPROPER BACKING,IMPROPER BACKING,6309,S,LOWE AVE,723,,,,,,,2,NO INDICATION OF INJURY,0,0,0,0,0,2,0,8,5,8,41.7795327439,-87.6407157667,POINT (-87.64071576668 41.779532743884)
3fd0bad931241a6cf071e633c72c46b3d589066368833d481c5ff9f87c4f926fed242055b8461e69f95b7e22c27bc20cc3033e3f308b04875ee9da11f8a1f00c,,08/14/2025 08:42:00 AM,30,TRAFFIC SIGNAL,FUNCTIONING PROPERLY,CLEAR,DAYLIGHT,TURNING,CENTER TURN LANE,,STRAIGHT AND LEVEL,DRY,NO DEFECTS,ON SCENE,INJURY AND / OR TOW DUE TO CRASH,Y,,,"OVER $1,500",08/14/2025 08:45:00 AM,FAILING TO YIELD RIGHT-OF-WAY,NOT APPLICABLE,5141,N,CENTRAL AVE,1623,,,,,,,2,"REPORTED, NOT EVIDENT",1,0,0,0,1,1,0,8,5,8,41.9748300026,-87.7683490743,POINT (-87.768349074296 41.974830002589)
9b9783aeedf8d3850d687f0694383ebeef18704c024c9de2b5ed3d7c89bdc2c08b9ee4f7ac5367a0b040f4c156de28a86bd0a95dd9e9d6932949fe440ff75e8c,,08/14/2025 08:41:00 AM,30,TRAFFIC SIGNAL,FUNCTIONING PROPERLY,CLEAR,DAYLIGHT,TURNING,NOT DIVIDED,,STRAIGHT AND LEVEL,DRY,NO DEFECTS,NOT ON SCENE (DESK REPORT),NO INJURY / DRIVE AWAY,Y,,,"OVER $1,500",08/14/2025 10:06:00 AM,IMPROPER TURNING/NO SIGNAL,NOT APPLICABLE,71,E,WASHINGTON ST,112,,,,,,,2,NO INDICATION OF INJURY,0,0,0,0,0,2,0,8,5,8,41.8831140921,-87.6252906307,POINT (-87.625290630669 41.883114092137)
fa40874366e9335d8e89fe0cd6206b9f3da2724a9d8f358e772dabc37c49d7540bf200984d03e597d8b4ec9626b863852c5f0066b44ac0e75dc6e5c881013f4c,,08/14/2025 08:41:00 AM,30,NO CONTROLS,NO CONTROLS,CLEAR,DAYLIGHT,PARKED MOTOR VEHICLE,NOT DIVIDED,,STRAIGHT AND LEVEL,DRY,NO DEFECTS,ON SCENE,NO INJURY / DRIVE AWAY,Y,,,"OVER $1,500",08/14/2025 08:47:00 AM,DRIVING SKILLS/KNOWLEDGE/EXPERIENCE,NOT APPLICABLE,814,S,MICHIGAN AVE,123,,,,,,,2,NO INDICATION OF INJURY,0,0,0,0,0,3,0,8,5,8,41.8716474154,-87.624311065,POINT (-87.624311064956 41.871647415408)
760a934a709c41bd2f40ffed400e5d9c7f1c15183cc8acab05de240b51e3927fc06c38bb9a31936d92fdb2e6ed402404e24296a146f85c84bf3da38535e7d820,,08/14/2025 08:40:00 AM,30,NO CONTROLS,NO CONTROLS,CLEAR,DAYLIGHT,REAR END,NOT DIVIDED,,STRAIGHT AND LEVEL,DRY,UNKNOWN,ON SCENE,NO INJURY / DRIVE AWAY,,,,"OVER $1,500",08/14/2025 08:42:00 AM,UNABLE TO DETERMINE,UNABLE TO DETERMINE,3210,W,63RD ST,823,,,,,,,2,NO INDICATION OF INJURY,0,0,0,0,0,2,0,8,5,8,41.7790749952,-87.7036367533,POINT (-87.703636753281 41.779074995235)
ef1a264785fa2eb11792c4bc9fae2bdd5d4abdc28b7875c5c5edda0054c269535426f17a3d51e00e7ff42cd31f3ba1378b73734a48e10c8e52c53d7a02aca2e1,,08/14/2025 08:30:00 AM,30,TRAFFIC SIGNAL,FUNCTIONING PROPERLY,CLEAR,DAYLIGHT,FIXED OBJECT,FOUR WAY,,STRAIGHT AND LEVEL,DRY,UNKNOWN,ON SCENE,NO INJURY / DRIVE AWAY,Y,,Y,"OVER $1,500",08/14/2025 08:31:00 AM,NOT APPLICABLE,NOT APPLICABLE,6362,N,PULASKI RD,1711,,,,,,,1,NO INDICATION OF INJURY,0,0,0,0,0,1,0,8,5,8,41.9971511699,-87.7290573862,POINT (-87.729057386203 41.997151169918)
8a5cd30838fd52974aac78e87f81220ed24b597af1609ee8df5aa9d95690413ae3e18a7fff8d0ad51e2e297ffccc2ed1fbb56f42902616a101fbcf68c4a1f875,,08/14/2025 08:20:00 AM,30,NO CONTROLS,NO CONTROLS,UNKNOWN,UNKNOWN,TURNING,OTHER,,STRAIGHT AND LEVEL,UNKNOWN,UNKNOWN,NOT ON SCENE (DESK REPORT),NO INJURY / DRIVE AWAY,,,,"$501 - $1,500",08/14/2025 02:45:00 PM,UNABLE TO DETERMINE,NOT APPLICABLE,125,S,OAKLEY BLVD,1223,,,,,,,2,NO INDICATION OF INJURY,0,0,0,0,0,2,0,8,5,8,41.879049339,-87.6837641636,POINT (-87.683764163598 41.879049339036)
1a24267d6da4729ca44aa40b03ad315854c677128439bd1e5b00f97c0c4b668bf1f855cffc44f6d2a4eceecc8664b7eeee43903c4a7a3cf09475001ff6feaa77,,08/14/2025 08:15:00 AM,30,NO CONTROLS,NO CONTROLS,CLEAR,DAYLIGHT,REAR END,NOT DIVIDED,,STRAIGHT AND LEVEL,DRY,NO DEFECTS,NOT ON SCENE (DESK REPORT),NO INJURY / DRIVE AWAY,,,Y,"$501 - $1,500",08/14/2025 09:30:00 AM,UNABLE TO DETERMINE,UNABLE TO DETERMINE,3700,W,IRVING PARK RD,1723,,,,,,,2,NO INDICATION OF INJURY,0,0,0,0,0,2,0,8,5,8,41.953862599,-87.7203222587,POINT (-87.720322258737 41.953862598991)
3e7787302fc2948e2ed7134d58f7e5781445b91cfdcc5750136e8ff616ca14ff063b1f169ec50deca1db5716ebde6dcdb2e7baed2e9a596fc74f7d2cb5dd7205,,08/14/2025 08:15:00 AM,30,RAILROAD CROSSING GATE,FUNCTIONING PROPERLY,CLEAR,DAYLIGHT,SIDESWIPE SAME DIRECTION,FOUR WAY,,STRAIGHT AND LEVEL,DRY,NO DEFECTS,ON SCENE,NO INJURY / DRIVE AWAY,,,,$500 OR LESS,08/14/2025 08:20:00 AM,IMPROPER BACKING,UNABLE TO DETERMINE,1002,W,95TH ST,2223,,,,,,,2,NO INDICATION OF INJURY,0,0,0,0,0,2,0,8,5,8,41.7215096026,-87.6482290446,POINT (-87.648229044618 41.721509602644)
dd643a8229275577bfd3eef61149295194fce7cd963df9c5fd6822a6e278513e3d6f14d92bfc9a2da0114d83dc4f0043c79dbb9c062737ea7120e3e5e718979c,,08/14/2025 08:12:00 AM,30,TRAFFIC SIGNAL,FUNCTIONING PROPERLY,CLEAR,DAYLIGHT,SIDESWIPE SAME DIRECTION,NOT DIVIDED,,STRAIGHT AND LEVEL,DRY,UNKNOWN,ON SCENE,INJURY AND / OR TOW DUE TO CRASH,,,,"OVER $1,500",08/14/2025 08:14:00 AM,UNABLE TO DETERMINE,UNABLE TO DETERMINE,4498,S,DR MARTIN LUTHER KING JR DR,215,,,,,,,2,NONINCAPACITATING INJURY,2,0,0,2,0,0,0,8,5,8,41.813098351,-87.6168394311,POINT (-87.6168394311 41.813098351009)
df3160e4ee46c525d971fb669c2f119774c81189b32e5d7a5b0f303a630111abd126c3b07b2eea1ca25c788bd817b16ed5c9461672b198448c2f4d2e35f0a9e8,,08/14/2025 08:10:00 AM,15,NO CONTROLS,NO CONTROLS,CLEAR,DAYLIGHT,FIXED OBJECT,PARKING LOT,,STRAIGHT AND LEVEL,DRY,NO DEFECTS,ON SCENE,NO INJURY / DRIVE AWAY,,Y,,"OVER $1,500",08/14/2025 08:15:00 AM,UNABLE TO DETERMINE,UNABLE TO DETERMINE,2534,N,NARRAGANSETT AVE,2512,,,,,,,1,NO INDICATION OF INJURY,0,0,0,0,0,1,0,8,5,8,41.9266499271,-87.7857072361,POINT (-87.78570723612 41.926649927097)
0a763ec5fea512285a2be1e4803d6a6b402f42bde9ed71c1f752ba6d3441dd3f9e7a5af3236c88cc81f63a447b8703d58d03eb3c3d61cdc77c29739744d10d0a,,08/14/2025 07:50:00 AM,30,TRAFFIC SIGNAL,FUNCTIONING PROPERLY,CLEAR,DAYLIGHT,REAR END,NOT DIVIDED,,STRAIGHT AND LEVEL,DRY,UNKNOWN,NOT ON SCENE (DESK REPORT),NO INJURY / DRIVE AWAY,Y,,,"OVER $1,500",08/14/2025 09:25:00 AM,IMPROPER BACKING,IMPROPER BACKING,100,N,LA SALLE ST,122,,,,,,,2,NO INDICATION OF INJURY,0,0,0,0,0,2,0,7,5,8,41.8832371751,-87.632555577,POINT (-87.632555577008 41.88323717512)
69a8a7835b42288dc85547583e2ad36eecaadd5158f7a6c90ccfef3bdf7e0455b19bff04519a1104f9d8923e490cef235a28591e2f340329f0654945787f3126,,08/14/2025 07:50:00 AM,30,NO CONTROLS,NO CONTROLS,CLEAR,DAYLIGHT,PARKED MOTOR VEHICLE,PARKING LOT,,STRAIGHT AND LEVEL,DRY,NO DEFECTS,ON SCENE,NO INJURY / DRIVE AWAY,,,,"OVER $1,500",08/14/2025 08:05:00 AM,UNABLE TO DETERMINE,UNABLE TO DETERMINE,4137,N,ELSTON AVE,1723,,,,,,,2,NO INDICATION OF INJURY,0,0,0,0,0,1,0,7,5,8,41.9561262015,-87.7224828263,POINT (-87.722482826292 41.956126201479)
27476a38ee1ceb54c2651b17f75e93089c8ce33413f47c7c8727e35bd6d05a008a7a2e25c9e6943e520f3a97b260c2672aa406d44dd64795822b33ce7841cac2,,08/14/2025 07:45:00 AM,15,NO CONTROLS,NO CONTROLS,CLEAR,DAYLIGHT,TURNING,DIVIDED - W/MEDIAN (NOT RAISED),,STRAIGHT AND LEVEL,DRY,NO DEFECTS,ON SCENE,NO INJURY / DRIVE AWAY,,,,"OVER $1,500",08/14/2025 07:55:00 AM,FAILING TO YIELD RIGHT-OF-WAY,IMPROPER TURNING/NO SIGNAL,1,W,PARKING LOT E ST,1654,,,,,,,2,NO INDICATION OF INJURY,0,0,0,0,0,2,0,7,5,8,,,
edfbd618c0e172e35e04bd75aab1c95d9a30b2b7c55109c368e49b7d87f2f535583f44ff84053ae277bedb7f72f293d2e98a1aa5f6ae1661e7afc463c5e97765,,08/14/2025 07:45:00 AM,30,TRAFFIC SIGNAL,FUNCTIONING PROPERLY,CLEAR,DAYLIGHT,REAR END,DIVIDED - W/MEDIAN (NOT RAISED),,STRAIGHT AND LEVEL,DRY,NO DEFECTS,NOT ON SCENE (DESK REPORT),NO INJURY / DRIVE AWAY,Y,,,"OVER $1,500",08/14/2025 08:30:00 AM,FOLLOWING TOO CLOSELY,UNABLE TO DETERMINE,5411,W,LAWRENCE AVE,1623,,,,,,,2,NO INDICATION OF INJURY,0,0,0,0,0,2,0,7,5,8,41.9675830203,-87.7630638188,POINT (-87.763063818755 41.967583020277)
eb910a602bd70eaf9359ed962f9ee3136bb9b35e9d3dac6e757607863f803fadc1a3078d5dff757830eab2d530d3c88e384a71a769fe71874fa482dd7fa60b2d,,08/14/2025 07:41:00 AM,35,NO CONTROLS,NO CONTROLS,CLEAR,DAYLIGHT,SIDESWIPE SAME DIRECTION,DIVIDED - W/MEDIAN (NOT RAISED),,STRAIGHT AND LEVEL,DRY,NO DEFECTS,ON SCENE,NO INJURY / DRIVE AWAY,,,,"OVER $1,500",08/14/2025 07:44:00 AM,IMPROPER OVERTAKING/PASSING,UNABLE TO DETERMINE,2498,W,COLUMBUS AVE,835,,,,,,,2,NO INDICATION OF INJURY,0,0,0,0,0,2,0,7,5,8,41.7581277012,-87.6855284222,POINT (-87.685528422199 41.758127701186)