CRASH_RECORD_ID,CRASH_DATE_EST_I,CRASH_DATE,POSTED_SPEED_LIMIT,TRAFFIC_CONTROL_DEVICE,DEVICE_CONDITION,WEATHER_CONDITION,LIGHTING_CONDITION,FIRST_CRASH_TYPE,TRAFFICWAY_TYPE,LANE_CNT,ALIGNMENT,ROADWAY_SURFACE_COND,ROAD_DEFECT,REPORT_TYPE,CRASH_TYPE,INTERSECTION_RELATED_I,NOT_RIGHT_OF_WAY_I,HIT_AND_RUN_I,DAMAGE,DATE_POLICE_NOTIFIED,PRIM_CONTRIBUTORY_CAUSE,SEC_CONTRIBUTORY_CAUSE,STREET_NO,STREET_DIRECTION,STREET_NAME,BEAT_OF_OCCURRENCE,PHOTOS_TAKEN_I,STATEMENTS_TAKEN_I,DOORING_I,WORK_ZONE_I,WORK_ZONE_TYPE,WORKERS_PRESENT_I,NUM_UNITS,MOST_SEVERE_INJURY,INJURIES_TOTAL,INJURIES_FATAL,INJURIES_INCAPACITATING,INJURIES_NON_INCAPACITATING,INJURIES_REPORTED_NOT_EVIDENT,INJURIES_NO_INDICATION,INJURIES_UNKNOWN,CRASH_HOUR,CRASH_DAY_OF_WEEK,CRASH_MONTH,LATITUDE,LONGITUDE,LOCATION
ec225681c5c55b882d178e8355b9dc4202586c5bf014dacc73d7155bc5c1044b4c6bdfdec04f6b9bc3f6e66e8fb612faca81bb6c6763b5691114c1aee862ee1f,,08/14/2025 07:41:00 AM,35,TRAFFIC SIGNAL,FUNCTIONING IMPROPERLY,CLEAR,DAYLIGHT,SIDESWIPE SAME DIRECTION,DIVIDED - W/MEDIAN (NOT RAISED),,STRAIGHT AND LEVEL,DRY,NO DEFECTS,NOT ON SCENE (DESK REPORT),NO INJURY / DRIVE AWAY,,,,"$501 - $1,500",08/14/2025 10:30:00 AM,IMPROPER OVERTAKING/PASSING,DISREGARDING ROAD MARKINGS,1750,W,119TH ST,2234,,,,,,,2,NO INDICATION OF INJURY,0,0,0,0,0,2,0,7,5,8,41.6775673075,-87.6658449257,POINT (-87.665844925659 41.677567307473)
2a4ec41bbc3f208485f0c5a7d6ab4a2d3fb63b4a626aeecc8ecad4997235d63d1a6c5e2bc3f58c1c33e5cd8dad5467fad62a15fc24521d45b6b0f1ed9a59292c,,08/14/2025 07:40:00 AM,30,NO CONTROLS,NO CONTROLS,CLEAR,DAYLIGHT,REAR END,DIVIDED - W/MEDIAN (NOT RAISED),,STRAIGHT AND LEVEL,DRY,NO DEFECTS,ON SCENE,NO INJURY / DRIVE AWAY,,,,"OVER $1,500",08/14/2025 07:50:00 AM,DISTRACTION - FROM OUTSIDE VEHICLE,UNABLE TO DETERMINE,7173,W,GRAND AVE,2512,,,,,,,2,NO INDICATION OF INJURY,0,0,0,0,0,2,0,7,5,8,41.9237675638,-87.805432792,POINT (-87.805432791954 41.923767563785)
f1004d572626946d29704b57bcb157379593b5a81aa838af198fca49861d76aea5c741073d6ab09a59f6246e0b8c7884d592eeb88631562298813136753ea1af,,08/14/2025 07:40:00 AM,30,NO CONTROLS,NO CONTROLS,CLEAR,DAYLIGHT,SIDESWIPE SAME DIRECTION,DIVIDED - W/MEDIAN (NOT RAISED),,STRAIGHT AND LEVEL,UNKNOWN,UNKNOWN,NOT ON SCENE (DESK REPORT),NO INJURY / DRIVE AWAY,,,Y,"OVER $1,500",08/14/2025 01:10:00 PM,"OPERATING VEHICLE IN ERRATIC, RECKLESS, CARELESS, NEGLIGENT OR AGGRESSIVE MANNER",FAILING TO REDUCE SPEED TO AVOID CRASH,3602,N,ELSTON AVE,1733,,,,,,,2,NO INDICATION OF INJURY,0,0,0,0,0,2,0,7,5,8,41.9466129035,-87.7090459264,POINT (-87.709045926433 41.946612903511)
2a878f82806d15cbf6bb31c123f01e470683a158cc795630529af9976626d7f8ae898b3506b769747d2828668b9a4b6b1fbc559bb5993695db135b72d92e265e,,08/14/2025 07:36:00 AM,30,NO CONTROLS,NO CONTROLS,CLEAR,DAYLIGHT,SIDESWIPE SAME DIRECTION,NOT DIVIDED,,STRAIGHT AND LEVEL,DRY,NO DEFECTS,ON SCENE,NO INJURY / DRIVE AWAY,,,,"OVER $1,500",08/14/2025 07:40:00 AM,FOLLOWING TOO CLOSELY,NOT APPLICABLE,1512,W,63RD ST,713,,,,,,,2,NO INDICATION OF INJURY,0,0,0,0,0,3,0,7,5,8,41.7796097685,-87.6623935443,POINT (-87.662393544303 41.779609768534)
aa616a8e80ba81f0fe9675cae98c0bde9ceb60c5d6a61dbf80cd59f54ca7e80f578387c9bbb7ba993398da52d504e9be5f29ed9af9add05e2db5801a402fc08a,,08/14/2025 07:36:00 AM,30,NO CONTROLS,NO CONTROLS,CLEAR,DAYLIGHT,ANGLE,NOT DIVIDED,,STRAIGHT AND LEVEL,DRY,NO DEFECTS,NOT ON SCENE (DESK REPORT),NO INJURY / DRIVE AWAY,,,,"$501 - $1,500",08/14/2025 08:30:00 AM,UNABLE TO DETERMINE,NOT APPLICABLE,3944,N,SAWYER AVE,1733,,,,,,,2,NO INDICATION OF INJURY,0,0,0,0,0,4,0,7,5,8,41.9534212969,-87.7093730553,POINT (-87.709373055319 41.953421296852)
45d6ed7c858dcf5d10323ae6cd60422ff850af3405ecdbcf54e8c416854a066561cbe4bf41e50c4f47670fe0976c31068b96e4977f69d34b0a933adb6d340937,,08/14/2025 07:30:00 AM,30,NO CONTROLS,NO CONTROLS,CLEAR,DAYLIGHT,TURNING,NOT DIVIDED,,STRAIGHT AND LEVEL,DRY,UNKNOWN,NOT ON SCENE (DESK REPORT),NO INJURY / DRIVE AWAY,,,,"OVER $1,500",08/14/2025 07:59:00 AM,UNABLE TO DETERMINE,"VISION OBSCURED (SIGNS, TREE LIMBS, BUILDINGS, ETC.)",5130,S,LAKE PARK AVE,234,,,,,,,2,NO INDICATION OF INJURY,0,0,0,0,0,2,0,7,5,8,41.8014565525,-87.5877418622,POINT (-87.587741862156 41.801456552461)
fc4feadbb1e61fe67789977f8d82e4de9ea1a83729d4e95bdd7f63b0143a1b7f707034a29c8d02c45141d861bc85a37d70179cd70875bac5ebd65dc9b8633677,,08/14/2025 07:30:00 AM,30,STOP SIGN/FLASHER,FUNCTIONING PROPERLY,CLEAR,DAYLIGHT,TURNING,DIVIDED - W/MEDIAN BARRIER,,STRAIGHT AND LEVEL,DRY,NO DEFECTS,NOT ON SCENE (DESK REPORT),NO INJURY / DRIVE AWAY,Y,,,"OVER $1,500",08/15/2025 09:45:00 AM,FAILING TO YIELD RIGHT-OF-WAY,NOT APPLICABLE,1117,S,CENTRAL AVE,1522,,,,,,,2,NO INDICATION OF INJURY,0,0,0,0,0,2,0,7,5,8,41.8669927444,-87.7640623678,POINT (-87.764062367765 41.866992744397)
af07af8c8ecda4740cb082fcb73169ccc1b0b44f051ca8ea16f020082bbc4f2658ab8dbd0ec0fe84152908ffdd41ad85a5e284a44d0a2e548910caebc6e92384,,08/14/2025 07:16:00 AM,30,STOP SIGN/FLASHER,FUNCTIONING PROPERLY,CLEAR,DAYLIGHT,PEDESTRIAN,FOUR WAY,,STRAIGHT AND LEVEL,DRY,NO DEFECTS,ON SCENE,NO INJURY / DRIVE AWAY,Y,,Y,$500 OR LESS,08/14/2025 07:22:00 AM,FAILING TO YIELD RIGHT-OF-WAY,DISREGARDING STOP SIGN,298,S,WOOD ST,1225,,,,,,,2,NO INDICATION OF INJURY,0,0,0,0,0,2,0,7,5,8,41.8775770371,-87.6717963246,POINT (-87.671796324646 41.877577037088)
842f89bca6900fd4b08699847f4d76bd54bc2a563a7eaf8f569cc57b1469fe7bab71dcf8dee90b75b0caba48dfca8fc2358eb3b0a242228cade8355ae1a3aa2d,,08/14/2025 07:15:00 AM,30,TRAFFIC SIGNAL,UNKNOWN,UNKNOWN,DAYLIGHT,REAR END,UNKNOWN INTERSECTION TYPE,,STRAIGHT AND LEVEL,UNKNOWN,UNKNOWN,NOT ON SCENE (DESK REPORT),NO INJURY / DRIVE AWAY,Y,,Y,"$501 - $1,500",08/14/2025 08:35:00 AM,UNABLE TO DETERMINE,UNABLE TO DETERMINE,2573,E,71ST ST,334,,,,,,,2,NO INDICATION OF INJURY,0,0,0,0,0,2,0,7,5,8,41.7661850751,-87.561530016,POINT (-87.561530016021 41.766185075146)
fe5db383c4d852351cc52172b1208bb42d220a580110c8b1c962b15e54ca94c7d0649893b78073a2b1f638d44c89ebdc0793586e27b4b52083ee21f5801ec8b6,,08/14/2025 07:08:00 AM,30,TRAFFIC SIGNAL,FUNCTIONING PROPERLY,CLEAR,DAYLIGHT,PEDALCYCLIST,ONE-WAY,,STRAIGHT AND LEVEL,DRY,NO DEFECTS,ON SCENE,NO INJURY / DRIVE AWAY,Y,,,"$501 - $1,500",08/14/2025 07:20:00 AM,UNABLE TO DETERMINE,NOT APPLICABLE,100,W,SUPERIOR ST,1832,,,,,,,2,NO INDICATION OF INJURY,0,0,0,0,0,2,0,7,5,8,41.8957431899,-87.6312996333,POINT (-87.631299633321 41.895743189877)
5dd0dd89343c8e908be025e49443f98b64c97ba64ee85b85e07a8c62bd1cbf9bf579b75933d65c745c9cf856f16439ab593b28f47b324575d0b619151be35eb2,,08/14/2025 07:00:00 AM,25,NO CONTROLS,NO CONTROLS,CLEAR,DAYLIGHT,REAR TO FRONT,NOT DIVIDED,,STRAIGHT AND LEVEL,DRY,NO DEFECTS,NOT ON SCENE (DESK REPORT),NO INJURY / DRIVE AWAY,,,,"$501 - $1,500",08/14/2025 03:00:00 PM,UNABLE TO DETERMINE,UNABLE TO DETERMINE,300,N,LA SALLE DR,1831,,,,,,,2,NO INDICATION OF INJURY,0,0,0,0,0,1,0,7,5,8,41.8875286397,-87.6326468365,POINT (-87.632646836524 41.887528639657)
a1b3b1dc518934860664315b391350b1ba437fa19cab4eae46dfdec043b546a25a6507e9b7d871d842cce076f2da0b5deab5bb72335c556d32564e703c70bec0,,08/14/2025 07:00:00 AM,30,STOP SIGN/FLASHER,UNKNOWN,CLEAR,DAYLIGHT,SIDESWIPE SAME DIRECTION,NOT DIVIDED,,STRAIGHT AND LEVEL,UNKNOWN,UNKNOWN,NOT ON SCENE (DESK REPORT),NO INJURY / DRIVE AWAY,,,,"OVER $1,500",08/14/2025 07:55:00 AM,UNABLE TO DETERMINE,UNABLE TO DETERMINE,3601,N,AVONDALE AVE,1732,,,,,,,2,NO INDICATION OF INJURY,0,0,0,0,0,3,0,7,5,8,41.946808257,-87.7200992981,POINT (-87.720099298092 41.946808256969)
ac7bd38cb3dc5abf45913ecfdeffefcc7dbc57317cc7ac7708e9dd11eaf2c9b660c2147883d64a2efb9035de862f7bd5b7e8b8492eef0560d8c03ac21f13bfe5,Y,08/14/2025 07:00:00 AM,30,NO CONTROLS,NO CONTROLS,CLEAR,DAYLIGHT,PARKED MOTOR VEHICLE,NOT DIVIDED,,STRAIGHT AND LEVEL,DRY,NO DEFECTS,ON SCENE,NO INJURY / DRIVE AWAY,,,Y,"OVER $1,500",08/14/2025 07:53:00 AM,UNABLE TO DETERMINE,UNABLE TO DETERMINE,1373,W,ESTES AVE,2423,,,,,,,2,NO INDICATION OF INJURY,0,0,0,0,0,1,0,7,5,8,42.0114570436,-87.6656448055,POINT (-87.665644805512 42.011457043624)
f9202f9dc467723a63772c15d01387f9187ba06b4c02c1b8d5d94496411dc31dd9baaa309d51b6eb8692fade2ff087fe084590370fd2619791cd4a838b5d9aff,Y,08/14/2025 07:00:00 AM,30,NO CONTROLS,NO CONTROLS,CLEAR,UNKNOWN,PARKED MOTOR VEHICLE,ONE-WAY,,STRAIGHT AND LEVEL,DRY,NO DEFECTS,NOT ON SCENE (DESK REPORT),NO INJURY / DRIVE AWAY,,,Y,"OVER $1,500",08/16/2025 10:15:00 AM,FOLLOWING TOO CLOSELY,UNABLE TO DETERMINE,3242,W,ARGYLE ST,1713,,,,,,,2,NO INDICATION OF INJURY,0,0,0,0,0,1,0,7,5,8,41.9721828881,-87.710333206,POINT (-87.710333205958 41.972182888124)
918a1d494eafdd68a377ea8268d76505536c98105d6cd975738e44fec87c8922a12a4dfeb5a20e6ef1bb78290413599649acc8c6a19740e50a799d699f74cd40,,08/14/2025 06:58:00 AM,30,NO CONTROLS,NO CONTROLS,CLEAR,DAYLIGHT,REAR END,NOT DIVIDED,,STRAIGHT AND LEVEL,DRY,NO DEFECTS,NOT ON SCENE (DESK REPORT),NO INJURY / DRIVE AWAY,,,,$500 OR LESS,08/14/2025 08:00:00 AM,FOLLOWING TOO CLOSELY,UNABLE TO DETERMINE,804,N,HOMAN AVE,1121,,,,,,,2,NO INDICATION OF INJURY,0,0,0,0,0,2,0,6,5,8,41.8956684017,-87.7115876942,POINT (-87.711587694168 41.895668401706)
280811804f41b4479dc4958ad2701a9c4e510a1a97ee153d8f9b1935974d79faa6d9c68a5052b1f5290e1d32dc349075da6aa35c4ce965a97fe98c5ea7c6906c,,08/14/2025 06:50:00 AM,30,STOP SIGN/FLASHER,FUNCTIONING PROPERLY,CLEAR,DAYLIGHT,OTHER OBJECT,NOT DIVIDED,,STRAIGHT AND LEVEL,DRY,NO DEFECTS,ON SCENE,NO INJURY / DRIVE AWAY,Y,,,"OVER $1,500",08/14/2025 06:57:00 AM,UNABLE TO DETERMINE,NOT APPLICABLE,2927,E,79TH ST,422,,,,Y,CONSTRUCTION,Y,2,NO INDICATION OF INJURY,0,0,0,0,0,2,0,6,5,8,41.7517996213,-87.552955224,POINT (-87.552955224041 41.751799621333)
066648a44b292651679591ad835a767058f2ec01c77c888633b320546255ed9a208c280e654d7743c100ed1b17a41d1be62327a81b461aae013d253c124cbf53,,08/14/2025 06:45:00 AM,30,TRAFFIC SIGNAL,UNKNOWN,CLEAR,DAYLIGHT,ANGLE,FOUR WAY,,STRAIGHT AND LEVEL,UNKNOWN,UNKNOWN,NOT ON SCENE (DESK REPORT),NO INJURY / DRIVE AWAY,Y,,,"OVER $1,500",08/14/2025 09:40:00 AM,UNABLE TO DETERMINE,UNABLE TO DETERMINE,5221,N,NAGLE AVE,1622,,,,,,,2,NO INDICATION OF INJURY,0,0,0,0,0,2,0,6,5,8,41.9762521324,-87.7877141581,POINT (-87.787714158077 41.97625213242)
a8ee35b9a8c93b2675de346c5ac0318666d8a0a6de37e7ecb4a295c6800fed21123c51d596413b208b15e93417040c78ecb5d438e8828e04d56fd3e80dcc9c4e,,08/14/2025 06:40:00 AM,30,NO CONTROLS,NO CONTROLS,CLEAR,DAYLIGHT,TURNING,DIVIDED - W/MEDIAN (NOT RAISED),,STRAIGHT AND LEVEL,DRY,UNKNOWN,NOT ON SCENE (DESK REPORT),NO INJURY / DRIVE AWAY,,,,"OVER $1,500",08/14/2025 07:30:00 AM,FAILING TO YIELD RIGHT-OF-WAY,FAILING TO YIELD RIGHT-OF-WAY,5959,W,DIVERSEY AVE,2514,,,,,,,2,NO INDICATION OF INJURY,0,0,0,0,0,2,0,6,5,8,41.9310303035,-87.7759031318,POINT (-87.77590313181 41.931030303545)
127839032c07f1ad56865c016108b732a5597b2d18a65f73a6cb414928dac64e4e58c0819832e95350bcd21689784198098e9b3f161ad611e22b13bcea0c578f,,08/14/2025 06:00:00 AM,30,NO CONTROLS,FUNCTIONING PROPERLY,CLEAR,DAYLIGHT,FIXED OBJECT,UNKNOWN INTERSECTION TYPE,,STRAIGHT AND LEVEL,DRY,NO DEFECTS,ON SCENE,NO INJURY / DRIVE AWAY,,,,"OVER $1,500",08/14/2025 06:08:00 AM,UNABLE TO DETERMINE,DRIVING SKILLS/KNOWLEDGE/EXPERIENCE,328,W,35TH ST,915,,,,,,,1,NO INDICATION OF INJURY,0,0,0,0,0,1,0,6,5,8,41.8310059419,-87.6350930469,POINT (-87.635093046922 41.831005941898)
58e889fb89fd6262ab72a45d37bfa0b3a97accb5ed3b8bb2d3494189a2c05f8290de6b3ada5382a8ca615fbeacb86892ae74e4ca1a3c1158d3b6e08a93330907,,08/14/2025 05:55:00 AM,30,UNKNOWN,UNKNOWN,UNKNOWN,DAYLIGHT,ANGLE,NOT DIVIDED,,STRAIGHT AND LEVEL,UNKNOWN,UNKNOWN,NOT ON SCENE (DESK REPORT),NO INJURY / DRIVE AWAY,,,,"OVER $1,500",08/20/2025 02:00:00 PM,UNABLE TO DETERMINE,NOT APPLICABLE,2262,N,PULASKI RD,2525,,,,,,,2,NO INDICATION OF INJURY,0,0,0,0,0,2,0,5,5,8,41.9225183172,-87.7271672821,POINT (-87.727167282051 41.922518317174)
2b7ac4280c4d51cf4e274e7feca3601f16d10eb9e9376306240e50c5cb5103ae591d6136bef65998fb6618871989d7962435089ad51c31157e146269861f173e,,08/14/2025 05:40:00 AM,30,TRAFFIC SIGNAL,FUNCTIONING PROPERLY,CLEAR,DAYLIGHT,REAR END,NOT DIVIDED,,STRAIGHT AND LEVEL,DRY,NO DEFECTS,NOT ON SCENE (DESK REPORT),NO INJURY / DRIVE AWAY,,,,"$501 - $1,500",08/14/2025 04:50:00 PM,FOLLOWING TOO CLOSELY,NOT APPLICABLE,6200,N,SHERIDAN RD,2433,,,,,,,2,NO INDICATION OF INJURY,0,0,0,0,0,2,0,5,5,8,41.9946870986,-87.6556745525,POINT (-87.655674552491 41.994687098576)
52412f3caf5aa947b44e803b2e1b97fa1e55124ba4e252da768030d6de1ec701d87d54f2559d511d057cfab654fb564dee30f32425fbd59b2f4e43aedd155441,,08/14/2025 05:39:00 AM,30,NO CONTROLS,NO CONTROLS,CLEAR,DAWN,REAR END,DIVIDED - W/MEDIAN (NOT RAISED),,STRAIGHT AND LEVEL,DRY,NO DEFECTS,ON SCENE,NO INJURY / DRIVE AWAY,,,,"OVER $1,500",08/14/2025 05:39:00 AM,FAILING TO REDUCE SPEED TO AVOID CRASH,FAILING TO REDUCE SPEED TO AVOID CRASH,1007,S,AUSTIN BLVD,1513,,,,,,,4,NO INDICATION OF INJURY,0,0,0,0,0,3,0,5,5,8,41.8688558435,-87.77410687,POINT (-87.774106869984 41.868855843503)
971b9255ebc67c4c4278cc9a7d4b3768a400310199352eb0e97d275925b84ba88edaf5e6e25cdc32f111dee04f2fb78688e58628d5fe4abee33a0ec5415a98f5,,08/14/2025 05:35:00 AM,30,NO CONTROLS,NO CONTROLS,CLEAR,DAYLIGHT,SIDESWIPE OPPOSITE DIRECTION,DIVIDED - W/MEDIAN (NOT RAISED),,STRAIGHT AND LEVEL,DRY,NO DEFECTS,ON SCENE,INJURY AND / OR TOW DUE TO CRASH,,,,"OVER $1,500",08/14/2025 05:36:00 AM,IMPROPER OVERTAKING/PASSING,DRIVING SKILLS/KNOWLEDGE/EXPERIENCE,5037,W,DIVERSEY AVE,2521,,,,,,,2,"REPORTED, NOT EVIDENT",2,0,0,0,2,1,0,5,5,8,41.9313365534,-87.7529970538,POINT (-87.752997053812 41.931336553381)
c37203105514ee0565ffd72c3978f44615392d0186cac51e89c11c5afe5afc615a2544d5171019e36cfa1591a2ff205666ff5f7bc3cdda2787f2a10a628b5978,,08/14/2025 05:30:00 AM,30,TRAFFIC SIGNAL,FUNCTIONING PROPERLY,CLEAR,DARKNESS,SIDESWIPE SAME DIRECTION,FOUR WAY,,STRAIGHT AND LEVEL,DRY,NO DEFECTS,NOT ON SCENE (DESK REPORT),NO INJURY / DRIVE AWAY,Y,,,"OVER $1,500",08/19/2025 02:05:00 PM,IMPROPER OVERTAKING/PASSING,NOT APPLICABLE,3968,N,PULASKI RD,1732,,,,,,,2,NO INDICATION OF INJURY,0,0,0,0,0,2,0,5,5,8,41.9535993173,-87.7277629541,POINT (-87.727762954083 41.953599317324)
1a508a795198853461231fb42670b4bfe2a55a9f89f96d9318f24eea70abdceacee01f7b5d462c64a511bfc43dc45587b4d02ef253336df1f29a64a87313de60,Y,08/14/2025 05:15:00 AM,30,TRAFFIC SIGNAL,FUNCTIONING PROPERLY,CLEAR,DAWN,REAR END,"FIVE POINT, OR MORE",,STRAIGHT AND LEVEL,DRY,NO DEFECTS,ON SCENE,INJURY AND / OR TOW DUE TO CRASH,Y,,,"OVER $1,500",08/14/2025 05:25:00 AM,FOLLOWING TOO CLOSELY,FAILING TO REDUCE SPEED TO AVOID CRASH,2205,S,ASHLAND AVE,1235,,,,,,,2,NONINCAPACITATING INJURY,1,0,0,1,0,1,0,5,5,8,41.8519662343,-87.6658745547,POINT (-87.665874554747 41.851966234263)
323e344c24100c0c28c27b666241aa736dd44a5decdee99b9316de9f22e9b2878285a52aea836715322cd09f484090085e3ec5ec717bd1835aea5e097d3d0b82,,08/14/2025 04:37:00 AM,30,NO CONTROLS,NO CONTROLS,CLEAR,"DARKNESS, LIGHTED ROAD",PARKED MOTOR VEHICLE,NOT DIVIDED,,STRAIGHT AND LEVEL,DRY,NO DEFECTS,ON SCENE,NO INJURY / DRIVE AWAY,,,,"OVER $1,500",08/14/2025 04:37:00 AM,UNABLE TO DETERMINE,UNABLE TO DETERMINE,2119,W,DEVON AVE,2413,,,,,,,3,NO INDICATION OF INJURY,0,0,0,0,0,1,0,4,5,8,41.9977313996,-87.6832906679,POINT (-87.683290667938 41.997731399641)
6b4367049767de7f2fb511a4ff9bb31f650777d7aa8525a402e822cfb92c79df56c3c0ae4b505f7d9c37e03a4c9eca88d59fc522f46216239bf41457b23530f9,,08/14/2025 04:00:00 AM,20,NO CONTROLS,NO CONTROLS,CLEAR,UNKNOWN,PARKED MOTOR VEHICLE,DIVIDED - W/MEDIAN (NOT RAISED),,STRAIGHT AND LEVEL,UNKNOWN,UNKNOWN,NOT ON SCENE (DESK REPORT),NO INJURY / DRIVE AWAY,,,,"OVER $1,500",08/14/2025 06:40:00 PM,UNABLE TO DETERMINE,NOT APPLICABLE,8224,S,ST LAWRENCE AVE,631,,,,,,,2,NO INDICATION OF INJURY,0,0,0,0,0,1,0,4,5,8,41.7449432573,-87.6100549555,POINT (-87.610054955478 41.744943257341)
8abe8e0929e09cc851e07c35c3ea5f11dc13618e78e2041d56113e32f2e863043ce260d6045d86c8cf3794f7d383d6402d8635c87156b9d194de93ddfc023250,Y,08/14/2025 04:00:00 AM,30,TRAFFIC SIGNAL,UNKNOWN,CLEAR,DARKNESS,PARKED MOTOR VEHICLE,NOT DIVIDED,,STRAIGHT AND LEVEL,UNKNOWN,UNKNOWN,NOT ON SCENE (DESK REPORT),NO INJURY / DRIVE AWAY,,,Y,"OVER $1,500",08/14/2025 12:00:00 PM,UNABLE TO DETERMINE,UNABLE TO DETERMINE,3957,N,AUSTIN AVE,1633,,,,,,,2,NO INDICATION OF INJURY,0,0,0,0,0,1,0,4,5,8,41.9529463881,-87.7766234849,POINT (-87.776623484923 41.952946388129)
f04a9dd282819dbfe8dc0991f3f0e147dd6d56c75bca2ef0401adbf1225094bbdfc134417b2528a55c0beb3db9ea48e4c16403545370058cde567019b3342c81,,08/14/2025 03:57:00 AM,35,TRAFFIC SIGNAL,FUNCTIONING PROPERLY,CLEAR,"DARKNESS, LIGHTED ROAD",ANGLE,FOUR WAY,,STRAIGHT AND LEVEL,DRY,UNKNOWN,,INJURY AND / OR TOW DUE TO CRASH,Y,,,"OVER $1,500",08/14/2025 03:57:00 AM,DISREGARDING TRAFFIC SIGNALS,NOT APPLICABLE,600,N,LA SALLE DR,1832,,,,,,,2,NONINCAPACITATING INJURY,2,0,0,2,0,0,0,3,5,8,41.8924452824,-87.6327553744,POINT (-87.632755374411 41.892445282365)
423c275634426ce9d6d0e30dc8c29fcc047d07c05650df7a8699396f59a5e8dbba49f35a0d7665ed6d294a657cf5c89e5477bc441d6804bffe14a4fa0fde124e,,08/14/2025 03:50:00 AM,30,NO CONTROLS,NO CONTROLS,CLEAR,"DARKNESS, LIGHTED ROAD",PEDESTRIAN,DRIVEWAY,,STRAIGHT AND LEVEL,DRY,NO DEFECTS,NOT ON SCENE (DESK REPORT),INJURY AND / OR TOW DUE TO CRASH,,,Y,"OVER $1,500",08/14/2025 03:51:00 AM,UNABLE TO DETERMINE,NOT APPLICABLE,345,N,CANAL ST,1214,,,,,,,3,NONINCAPACITATING INJURY,2,0,0,1,1,1,0,3,5,8,41.8881658196,-87.6398148129,POINT (-87.63981481295 41.888165819564)
f243deb33282a1914f38622980c70dcb607f06be5cf6f4b249e2f923bea33c2ee3a9cd7caaa6252efc1b6c69c65eb861e5cddae4e9fca054e7db740f2fc84821,,08/14/2025 02:30:00 AM,30,NO CONTROLS,NO CONTROLS,CLEAR,"DARKNESS, LIGHTED ROAD",PARKED MOTOR VEHICLE,DIVIDED - W/MEDIAN (NOT RAISED),,STRAIGHT AND LEVEL,DRY,NO DEFECTS,NOT ON SCENE (DESK REPORT),NO INJURY / DRIVE AWAY,Y,,Y,"OVER $1,500",08/14/2025 09:15:00 AM,UNABLE TO DETERMINE,NOT APPLICABLE,3104,W,55TH ST,923,,,,,,,2,NO INDICATION OF INJURY,0,0,0,0,0,1,0,2,5,8,41.7936652271,-87.7013509503,POINT (-87.701350950309 41.793665227093)
ecb00ee3707ccdcacd25aec43148e36637f318b489e5fb5ed16a4d891de874183413c3ec93cb37a872aa49b2088cbdfd6e958b9d6d3b37cf60b0d684e4380aca,,08/14/2025 01:42:00 AM,30,TRAFFIC SIGNAL,UNKNOWN,CLEAR,UNKNOWN,SIDESWIPE SAME DIRECTION,T-INTERSECTION,,STRAIGHT AND LEVEL,UNKNOWN,UNKNOWN,ON SCENE,NO INJURY / DRIVE AWAY,,,Y,"OVER $1,500",08/14/2025 01:42:00 AM,DRIVING SKILLS/KNOWLEDGE/EXPERIENCE,NOT APPLICABLE,2359,W,GARFIELD BLVD,824,,Y,,,,,2,NO INDICATION OF INJURY,0,0,0,0,0,2,0,1,5,8,41.7933355677,-87.683158673,POINT (-87.683158672964 41.793335567743)
93b695be2331f4f73bd37023a9587401dac4b4d1467622e9f0fdc47be195ac837c871632f13dcc2dd115baec780bd9bd964e3663ba4122d3266e58ea505710d0,,08/14/2025 01:39:00 AM,30,NO CONTROLS,NO CONTROLS,CLEAR,"DARKNESS, LIGHTED ROAD",PARKED MOTOR VEHICLE,ONE-WAY,,STRAIGHT AND LEVEL,DRY,NO DEFECTS,ON SCENE,NO INJURY / DRIVE AWAY,,,,$500 OR LESS,08/14/2025 01:39:00 AM,PHYSICAL CONDITION OF DRIVER,NOT APPLICABLE,6112,N,ROCKWELL ST,2413,,,,,,,2,NO INDICATION OF INJURY,0,0,0,0,0,1,0,1,5,8,41.9926528657,-87.6947487227,POINT (-87.694748722684 41.992652865726)
6ae3bd0a7af019c085cb8b93fd80169e0289159a8e629143d1a2d642be5cbe5b1b7f2a8682fd65b55083cc2607c993d2142a96a5a78cf9bed653a90a3f2d144b,Y,08/14/2025 01:15:00 AM,30,NO CONTROLS,NO CONTROLS,CLEAR,"DARKNESS, LIGHTED ROAD",PARKED MOTOR VEHICLE,ONE-WAY,,STRAIGHT AND LEVEL,DRY,UNKNOWN,NOT ON SCENE (DESK REPORT),NO INJURY / DRIVE AWAY,,,Y,"OVER $1,500",08/14/2025 01:00:00 PM,UNABLE TO DETERMINE,NOT APPLICABLE,7546,S,DORCHESTER AVE,411,,,,,,,2,NO INDICATION OF INJURY,0,0,0,0,0,1,0,1,5,8,41.7573308886,-87.5909095965,POINT (-87.590909596515 41.757330888569)
599125ba2e5c88a13b19759151ba0e7e467b0e82fb9372f120f540c575ea9a3c5277c2c9e4d3fcb0aa9a9a3d2af12d753263109862eb3fc7520a8801fa5cba70,,08/14/2025 01:10:00 AM,25,NO CONTROLS,NO CONTROLS,CLEAR,"DARKNESS, LIGHTED ROAD",PARKED MOTOR VEHICLE,ONE-WAY,,STRAIGHT AND LEVEL,DRY,NO DEFECTS,NOT ON SCENE (DESK REPORT),NO INJURY / DRIVE AWAY,,,Y,"OVER $1,500",08/14/2025 03:35:00 PM,DRIVING ON WRONG SIDE/WRONG WAY,UNABLE TO DETERMINE,5257,W,ADAMS ST,1522,,,,,,,2,NO INDICATION OF INJURY,0,0,0,0,0,1,0,1,5,8,41.878333475,-87.757259463,POINT (-87.757259462952 41.878333474996)