CRASH_RECORD_ID,CRASH_DATE_EST_I,CRASH_DATE,POSTED_SPEED_LIMIT,TRAFFIC_CONTROL_DEVICE,DEVICE_CONDITION,WEATHER_CONDITION,LIGHTING_CONDITION,FIRST_CRASH_TYPE,TRAFFICWAY_TYPE,LANE_CNT,ALIGNMENT,ROADWAY_SURFACE_COND,ROAD_DEFECT,REPORT_TYPE,CRASH_TYPE,INTERSECTION_RELATED_I,NOT_RIGHT_OF_WAY_I,HIT_AND_RUN_I,DAMAGE,DATE_POLICE_NOTIFIED,PRIM_CONTRIBUTORY_CAUSE,SEC_CONTRIBUTORY_CAUSE,STREET_NO,STREET_DIRECTION,STREET_NAME,BEAT_OF_OCCURRENCE,PHOTOS_TAKEN_I,STATEMENTS_TAKEN_I,DOORING_I,WORK_ZONE_I,WORK_ZONE_TYPE,WORKERS_PRESENT_I,NUM_UNITS,MOST_SEVERE_INJURY,INJURIES_TOTAL,INJURIES_FATAL,INJURIES_INCAPACITATING,INJURIES_NON_INCAPACITATING,INJURIES_REPORTED_NOT_EVIDENT,INJURIES_NO_INDICATION,INJURIES_UNKNOWN,CRASH_HOUR,CRASH_DAY_OF_WEEK,CRASH_MONTH,LATITUDE,LONGITUDE,LOCATION
8e134fc0068c0f1454722059de5308173415fadb34d12d866a4834b97a52734ee4c21b2a7ce937368a3961846530d3bd2f4f2095fef9fbe96de193bc3280c78f,,08/14/2025 01:00:00 AM,30,TRAFFIC SIGNAL,FUNCTIONING PROPERLY,CLEAR,"DARKNESS, LIGHTED ROAD",REAR END,NOT DIVIDED,,STRAIGHT AND LEVEL,DRY,NO DEFECTS,NOT ON SCENE (DESK REPORT),NO INJURY / DRIVE AWAY,,,Y,"OVER $1,500",08/14/2025 01:30:00 AM,FOLLOWING TOO CLOSELY,FOLLOWING TOO CLOSELY,6401,W,IRVING PARK RD,1632,,,,,,,2,NO INDICATION OF INJURY,0,0,0,0,0,2,0,1,5,8,41.9528052482,-87.7866783475,POINT (-87.786678347489 41.952805248178)
e9d5e0173ef9dd4918e2bd9a7e301e73a6bf30d959c32446926242288014e6faa2460ab3523cc4a0c9017ff705eff406124d5e1ddb8ffdf8d72d8428aedbff76,,08/14/2025 12:20:00 AM,30,TRAFFIC SIGNAL,UNKNOWN,UNKNOWN,"DARKNESS, LIGHTED ROAD",REAR END,UNKNOWN,,STRAIGHT AND LEVEL,UNKNOWN,UNKNOWN,NOT ON SCENE (DESK REPORT),NO INJURY / DRIVE AWAY,,,Y,"OVER $1,500",08/14/2025 01:00:00 AM,FOLLOWING TOO CLOSELY,UNABLE TO DETERMINE,659,S,LAKE SHORE DR NB,114,,,,,,,2,NO INDICATION OF INJURY,0,0,0,0,0,2,0,0,5,8,41.873324106,-87.6169363726,POINT (-87.616936372647 41.873324106032)
a658222ecdd6bae6351ccc4bf1829db06b80945a948eb7a52eddf3a91b337dbd8fe9e348295eb36cb399c3ea6c625cd8a5489649af21923fa4d46d5c06f036ae,,08/14/2025 12:07:00 AM,30,TRAFFIC SIGNAL,FUNCTIONING PROPERLY,CLEAR,"DARKNESS, LIGHTED ROAD",ANGLE,NOT DIVIDED,,STRAIGHT AND LEVEL,DRY,UNKNOWN,ON SCENE,INJURY AND / OR TOW DUE TO CRASH,Y,,,"OVER $1,500",08/14/2025 12:15:00 AM,DISREGARDING TRAFFIC SIGNALS,DISREGARDING TRAFFIC SIGNALS,2000,N,CALIFORNIA AVE,1414,,,,,,,2,NONINCAPACITATING INJURY,1,0,0,1,0,1,0,0,5,8,41.9175195384,-87.6973485388,POINT (-87.697348538849 41.917519538447)
56d07c13d7ff6f1923befde89df3e50501f6a769c55b69bf62fefc81be913cb03187730f6eaff2ce6f3ca0b48e0d0012b414530d021496c66a1f4bdc15e3b8d0,,08/13/2025 11:55:00 PM,30,UNKNOWN,UNKNOWN,UNKNOWN,UNKNOWN,SIDESWIPE SAME DIRECTION,UNKNOWN,,STRAIGHT AND LEVEL,UNKNOWN,UNKNOWN,NOT ON SCENE (DESK REPORT),NO INJURY / DRIVE AWAY,,,Y,"OVER $1,500",08/16/2025 12:30:00 PM,UNABLE TO DETERMINE,NOT APPLICABLE,1301,S,LAKE SHORE DR NB,132,,,,,,,2,NO INDICATION OF INJURY,0,0,0,0,0,2,0,23,4,8,41.8657727259,-87.6190137643,POINT (-87.619013764294 41.865772725852)
62ce58d25b0c8b87a209a25a07b488bb316bc7f16aa2f59f69b4933d2b18caf997ee7f90e9aa04a09ea98bfa955e199f37a8f13891dd869792962902eb9e3c7b,,08/13/2025 11:48:00 PM,35,TRAFFIC SIGNAL,FUNCTIONING PROPERLY,CLEAR,DUSK,TURNING,NOT DIVIDED,,STRAIGHT AND LEVEL,DRY,NO DEFECTS,ON SCENE,INJURY AND / OR TOW DUE TO CRASH,Y,,Y,"OVER $1,500",08/13/2025 11:48:00 PM,FAILING TO REDUCE SPEED TO AVOID CRASH,IMPROPER TURNING/NO SIGNAL,652,W,ROOSEVELT RD,1232,,,,,,,2,NONINCAPACITATING INJURY,1,0,0,1,0,3,0,23,4,8,41.8672997743,-87.6443306921,POINT (-87.644330692089 41.867299774301)
594786160da84aef18c437b937b93754d3e2a9f63291fa0d938e972ed9336f5c989dc588f03d19d7e495237a2bf865d22bf41661da5963e5d08fc1576e546a0b,,08/13/2025 11:00:00 PM,30,NO CONTROLS,NO CONTROLS,CLEAR,"DARKNESS, LIGHTED ROAD",ANGLE,NOT DIVIDED,,STRAIGHT AND LEVEL,UNKNOWN,UNKNOWN,NOT ON SCENE (DESK REPORT),NO INJURY / DRIVE AWAY,,,,"OVER $1,500",08/13/2025 11:20:00 PM,IMPROPER TURNING/NO SIGNAL,"OPERATING VEHICLE IN ERRATIC, RECKLESS, CARELESS, NEGLIGENT OR AGGRESSIVE MANNER",4732,N,AUSTIN AVE,1622,,,,,,,2,NO INDICATION OF INJURY,0,0,0,0,0,2,0,23,4,8,41.9668421225,-87.777384907,POINT (-87.77738490698 41.966842122548)
de1667658439bb2c0e448e5d2a5fae77c9d0484bd4f9a392f3e9c1576f76dcb086ee012784088dbbe9d7b5bb8898b91e49ff1a5e2d007c42c0d5a57f9d03880b,,08/13/2025 10:55:00 PM,35,TRAFFIC SIGNAL,FUNCTIONING PROPERLY,CLEAR,"DARKNESS, LIGHTED ROAD",SIDESWIPE SAME DIRECTION,NOT DIVIDED,,STRAIGHT AND LEVEL,DRY,NO DEFECTS,ON SCENE,NO INJURY / DRIVE AWAY,,,Y,"$501 - $1,500",08/13/2025 11:02:00 PM,IMPROPER OVERTAKING/PASSING,NOT APPLICABLE,758,W,71ST ST,732,,,,,,,2,NO INDICATION OF INJURY,0,0,0,0,0,3,0,22,4,8,41.7653136517,-87.6443543102,POINT (-87.644354310185 41.765313651678)
d8d3a4cbe5a6b441a494c4a34443f888bd98f6fc1cfa187c4b8cc5ec0c5dbb0341519c34400fa977b804a5308db0aba04ba46265051b00bd945be1d28ea90f7c,,08/13/2025 10:33:00 PM,30,NO CONTROLS,NO CONTROLS,CLEAR,"DARKNESS, LIGHTED ROAD",PARKED MOTOR VEHICLE,NOT DIVIDED,,STRAIGHT AND LEVEL,DRY,UNKNOWN,NOT ON SCENE (DESK REPORT),NO INJURY / DRIVE AWAY,,,,"OVER $1,500",08/14/2025 12:15:00 AM,IMPROPER BACKING,NOT APPLICABLE,1312,S,HALSTED ST,1232,,,,,,,2,NO INDICATION OF INJURY,0,0,0,0,0,1,0,22,4,8,41.8650589483,-87.6470026946,POINT (-87.647002694564 41.865058948272)
94e97f3b185f99e9bdb3fb0232ab7f58aa3b1a9c8be0cc88f767c214e133b290cf68818b745822495d5ac9e201591c3763017198304e0d5f2df40e80b5bfcac8,,08/13/2025 10:30:00 PM,30,STOP SIGN/FLASHER,FUNCTIONING PROPERLY,CLEAR,"DARKNESS, LIGHTED ROAD",PEDALCYCLIST,FOUR WAY,,STRAIGHT AND LEVEL,DRY,NO DEFECTS,ON SCENE,NO INJURY / DRIVE AWAY,Y,,,"$501 - $1,500",08/13/2025 10:33:00 PM,DISREGARDING STOP SIGN,NOT APPLICABLE,6100,N,RICHMOND ST,2413,,,,,,,2,NO INDICATION OF INJURY,0,0,0,0,0,2,0,22,4,8,41.9922457397,-87.703247909,POINT (-87.703247908969 41.992245739725)
a30546fa78d4ae4af6ab6c47fb378faa9fe49cb5c846f9fcd36da7911663d92ea5543f94873ed02a8dc4cce4fa94f4b1caa6101517e946a3d095551146fee040,,08/13/2025 10:10:00 PM,35,NO CONTROLS,NO CONTROLS,CLEAR,"DARKNESS, LIGHTED ROAD",SIDESWIPE SAME DIRECTION,ONE-WAY,,STRAIGHT AND LEVEL,DRY,UNKNOWN,ON SCENE,INJURY AND / OR TOW DUE TO CRASH,,,,"OVER $1,500",08/13/2025 10:19:00 PM,FAILING TO REDUCE SPEED TO AVOID CRASH,UNABLE TO DETERMINE,5459,N,MANNHEIM RD,1654,,,,,,,2,NO INDICATION OF INJURY,0,0,0,0,0,2,0,22,4,8,41.9790632919,-87.8787288288,POINT (-87.878728828809 41.979063291944)
32714fa8800a3d24e092f1b6229f1b36a90601b92374e2d8a26cb03ee72a582191dc442a0bbc5d89e3c3bde994a8bbffa88b9da6d91216278a099ae075b7f416,Y,08/13/2025 10:00:00 PM,5,NO CONTROLS,NO CONTROLS,CLEAR,"DARKNESS, LIGHTED ROAD",PARKED MOTOR VEHICLE,PARKING LOT,,STRAIGHT AND LEVEL,DRY,NO DEFECTS,NOT ON SCENE (DESK REPORT),NO INJURY / DRIVE AWAY,,Y,Y,"$501 - $1,500",08/20/2025 12:20:00 PM,IMPROPER LANE USAGE,UNABLE TO DETERMINE,221,E,CULLERTON ST,132,,,,,,,2,NO INDICATION OF INJURY,0,0,0,0,0,1,0,22,4,8,41.8554146773,-87.6214173367,POINT (-87.62141733667 41.855414677321)
3d9a177e6052edd8f2f4cc50c872ff0305565c0b7576f846ca15cb2605acc8a98ca0c313933925b90a4686b2a891ebca5842ecd84090a096f43942fc9225b099,Y,08/13/2025 10:00:00 PM,30,NO CONTROLS,NO CONTROLS,CLEAR,"DARKNESS, LIGHTED ROAD",PARKED MOTOR VEHICLE,ONE-WAY,,STRAIGHT AND LEVEL,DRY,NO DEFECTS,ON SCENE,NO INJURY / DRIVE AWAY,,,Y,"OVER $1,500",08/14/2025 12:11:00 AM,FAILING TO REDUCE SPEED TO AVOID CRASH,UNABLE TO DETERMINE,8757,S,BURLEY AVE,424,,,,,,,3,NO INDICATION OF INJURY,0,0,0,0,0,1,0,22,4,8,41.7357688936,-87.5456553006,POINT (-87.5456553006 41.73576889356)
758558034bc943b841a2c020e1b3dab607a5b930aef82a98f89ada6b5c2b38dbe4c9052fb19200a22977aab17ff19690a8e07a1ea9f099e7936cec9349bfb532,,08/13/2025 09:35:00 PM,30,NO CONTROLS,NO CONTROLS,CLEAR,DARKNESS,PEDESTRIAN,NOT DIVIDED,,STRAIGHT AND LEVEL,DRY,UNKNOWN,ON SCENE,INJURY AND / OR TOW DUE TO CRASH,,,Y,"$501 - $1,500",08/13/2025 09:45:00 PM,UNABLE TO DETERMINE,NOT APPLICABLE,5140,W,MADISON ST,1533,,,,,,,2,NONINCAPACITATING INJURY,1,0,0,1,0,1,0,21,4,8,41.8804922763,-87.7542725312,POINT (-87.754272531204 41.880492276328)
916acec60b50622c85d27855b66fee00461ff43a48f074e41615afb9c22641a966a5e1f49ee48d2cbc34bf16e1e1f48c774ced23d82ee5586f97d2e54eade93d,,08/13/2025 09:33:00 PM,20,TRAFFIC SIGNAL,FUNCTIONING PROPERLY,CLEAR,"DARKNESS, LIGHTED ROAD",REAR END,NOT DIVIDED,,STRAIGHT AND LEVEL,DRY,NO DEFECTS,NOT ON SCENE (DESK REPORT),INJURY AND / OR TOW DUE TO CRASH,,,,"OVER $1,500",08/14/2025 09:50:00 PM,FOLLOWING TOO CLOSELY,UNABLE TO DETERMINE,4042,W,FOSTER AVE,1712,,,,Y,CONSTRUCTION,,2,"REPORTED, NOT EVIDENT",4,0,0,0,4,1,0,21,4,8,41.9756241124,-87.7298445616,POINT (-87.72984456157 41.975624112446)
3c7aa6ec089e1b08812db3e5bc1953f89e0770527c7461b781ff535304d38f30589ddbb2c4f7a857dcfefce824b030bc0fa9cd23cbb3ab17e0485d4642773777,,08/13/2025 09:30:00 PM,25,STOP SIGN/FLASHER,FUNCTIONING PROPERLY,CLEAR,"DARKNESS, LIGHTED ROAD",PARKED MOTOR VEHICLE,NOT DIVIDED,,STRAIGHT AND LEVEL,DRY,UNKNOWN,ON SCENE,NO INJURY / DRIVE AWAY,,,,"OVER $1,500",08/13/2025 10:35:00 PM,UNABLE TO DETERMINE,NOT APPLICABLE,1301,W,BRYN MAWR AVE,2013,,,,,,,2,NO INDICATION OF INJURY,0,0,0,0,0,1,0,21,4,8,41.9834747536,-87.6625967577,POINT (-87.662596757668 41.983474753609)
467e51f36ff8507804184c3b19a2e07eecad7a3d839525d45adc3c9fb1ae386a008364767546bb76ebdddf82a7b3eec3d26c4377f518fd9536c066ca4437067b,,08/13/2025 09:30:00 PM,30,TRAFFIC SIGNAL,FUNCTIONING PROPERLY,CLEAR,"DARKNESS, LIGHTED ROAD",SIDESWIPE SAME DIRECTION,NOT DIVIDED,,STRAIGHT AND LEVEL,DRY,NO DEFECTS,NOT ON SCENE (DESK REPORT),NO INJURY / DRIVE AWAY,,,,"OVER $1,500",08/13/2025 10:40:00 PM,UNABLE TO DETERMINE,UNABLE TO DETERMINE,500,W,MARQUETTE RD,722,,,,,,,2,NO INDICATION OF INJURY,0,0,0,0,0,2,0,21,4,8,41.7727044642,-87.6371130909,POINT (-87.637113090947 41.772704464185)
3b8b4052d17474f104931389a5a8e88173580e4015e3a53570310732db1641fda2122d4d72247f55d3bc03a3af19fd87ea4692bc8788d9fcdce722dac0c316e0,,08/13/2025 09:26:00 PM,30,TRAFFIC SIGNAL,FUNCTIONING PROPERLY,CLEAR,DARKNESS,REAR END,NOT DIVIDED,,STRAIGHT AND LEVEL,DRY,NO DEFECTS,NOT ON SCENE (DESK REPORT),NO INJURY / DRIVE AWAY,,,,$500 OR LESS,08/13/2025 09:26:00 PM,UNABLE TO DETERMINE,UNABLE TO DETERMINE,7500,S,STATE ST,623,,,,,,,2,NO INDICATION OF INJURY,0,0,0,0,0,2,0,21,4,8,41.7580921764,-87.6249022282,POINT (-87.624902228247 41.758092176383)
d3096548aba18c131dca032471b8ba2db3586e1e0e1b4c52821556805e6ae550bbe87f5c5ffeab77469f7b0ee0ec66e583170108a70f2c2a7bf26faba1abf866,,08/13/2025 09:20:00 PM,30,NO CONTROLS,NO CONTROLS,CLEAR,"DARKNESS, LIGHTED ROAD",REAR END,NOT DIVIDED,,STRAIGHT AND LEVEL,DRY,UNKNOWN,NOT ON SCENE (DESK REPORT),NO INJURY / DRIVE AWAY,,,,"$501 - $1,500",08/13/2025 09:45:00 PM,FOLLOWING TOO CLOSELY,FOLLOWING TOO CLOSELY,3319,N,CICERO AVE,1731,,,,,,,2,NO INDICATION OF INJURY,0,0,0,0,0,2,0,21,4,8,41.9412272072,-87.7467851898,POINT (-87.746785189753 41.941227207154)
11e90b80744ed4fc5be09bdeca2971b65ce3e42ba1aa241d9cf826daff1887de1fd32a52ace2b20df46a30b720f3c085a34d66917109963493e17531e9be88c5,,08/13/2025 09:00:00 PM,30,NO CONTROLS,NO CONTROLS,CLEAR,"DARKNESS, LIGHTED ROAD",ANGLE,NOT DIVIDED,,STRAIGHT AND LEVEL,DRY,UNKNOWN,ON SCENE,INJURY AND / OR TOW DUE TO CRASH,Y,,Y,"OVER $1,500",08/13/2025 09:30:00 PM,FAILING TO YIELD RIGHT-OF-WAY,NOT APPLICABLE,3300,W,DOUGLAS BLVD,1021,,,,,,,2,NONINCAPACITATING INJURY,1,0,0,1,0,1,0,21,4,8,41.8630432549,-87.7080704478,POINT (-87.708070447796 41.863043254891)
588988cfbd09dafac1115831711e8b62f7488964026cc88efbd777d9cfc1336b453db51288faf6463c5a0bc6b46271582b02cc11820500aceaa4541b8b6b8edd,,08/13/2025 09:00:00 PM,25,NO CONTROLS,NO CONTROLS,CLEAR,"DARKNESS, LIGHTED ROAD",SIDESWIPE SAME DIRECTION,FOUR WAY,,STRAIGHT AND LEVEL,DRY,NO DEFECTS,,NO INJURY / DRIVE AWAY,,,,"OVER $1,500",08/13/2025 09:10:00 PM,IMPROPER OVERTAKING/PASSING,IMPROPER OVERTAKING/PASSING,450,W,ONTARIO ST,1831,Y,,,,,,2,NO INDICATION OF INJURY,0,0,0,0,0,2,0,21,4,8,41.8932158665,-87.6404281352,POINT (-87.64042813523 41.893215866543)
bc51bce4088c4b2a849b37daef40978c87c02ad661f960f2ec45d525b6c0f57096056d710985740bdcfe099d6af03d4596d2a70880f65ffd95489fa053f8b3dc,,08/13/2025 09:00:00 PM,30,TRAFFIC SIGNAL,FUNCTIONING PROPERLY,CLEAR,DAYLIGHT,PEDESTRIAN,NOT DIVIDED,,STRAIGHT AND LEVEL,DRY,NO DEFECTS,NOT ON SCENE (DESK REPORT),INJURY AND / OR TOW DUE TO CRASH,,,,"OVER $1,500",08/17/2025 06:14:00 PM,IMPROPER TURNING/NO SIGNAL,NOT APPLICABLE,5499,S,NASHVILLE AVE,811,,,,,,,2,NONINCAPACITATING INJURY,1,0,0,1,0,1,0,21,4,8,41.7923481486,-87.7865474882,POINT (-87.786547488202 41.792348148621)
42bf52164cb7e0b65072629b184f23909520eb9c4cf51fac74d272f20a17eb081864027db4d1c1e939102502b992eb5d2d25c2cbd2a7e55a7474804d8b5f3743,,08/13/2025 08:55:00 PM,15,NO CONTROLS,NO CONTROLS,CLEAR,"DARKNESS, LIGHTED ROAD",PARKED MOTOR VEHICLE,ONE-WAY,,STRAIGHT AND LEVEL,DRY,NO DEFECTS,NOT ON SCENE (DESK REPORT),NO INJURY / DRIVE AWAY,,,Y,"OVER $1,500",08/13/2025 10:20:00 PM,UNABLE TO DETERMINE,NOT APPLICABLE,6045,S,SAWYER AVE,823,,,,,,,2,NO INDICATION OF INJURY,0,0,0,0,0,1,0,20,4,8,41.7830778697,-87.7043173334,POINT (-87.704317333353 41.783077869674)
a24ddcb013ae95d3b6a5e1511706b8b6438a6b48b8116f67d8125349f95ec4b1d0768338df7b3e51561bf309e6bea19b2d8985c6d6d677bdc5d7030abbd6663c,,08/13/2025 08:55:00 PM,10,NO CONTROLS,NO CONTROLS,CLEAR,"DARKNESS, LIGHTED ROAD",ANGLE,PARKING LOT,,STRAIGHT AND LEVEL,DRY,NO DEFECTS,NOT ON SCENE (DESK REPORT),NO INJURY / DRIVE AWAY,,Y,,"OVER $1,500",08/22/2025 02:50:00 PM,FAILING TO YIELD RIGHT-OF-WAY,NOT APPLICABLE,1835,E,95TH ST,431,,,,,,,2,NO INDICATION OF INJURY,0,0,0,0,0,2,0,20,4,8,41.7223152189,-87.5788543234,POINT (-87.578854323402 41.72231521886)
04d46fdb53a4546c7eb2ef92a8c59e5a02568908707a551d9234520f7005407ed041771dd25cb4be5aac336ae4fbf30f433f18b926a345a4eb4b5d3cd434114b,,08/13/2025 08:52:00 PM,30,STOP SIGN/FLASHER,FUNCTIONING PROPERLY,CLEAR,"DARKNESS, LIGHTED ROAD",ANGLE,FOUR WAY,,STRAIGHT AND LEVEL,DRY,UNKNOWN,ON SCENE,NO INJURY / DRIVE AWAY,,,Y,"OVER $1,500",08/13/2025 08:52:00 PM,FAILING TO YIELD RIGHT-OF-WAY,FAILING TO YIELD RIGHT-OF-WAY,4227,W,13TH ST,1011,,,,,,,3,NO INDICATION OF INJURY,0,0,0,0,0,3,0,20,4,8,41.8641486058,-87.7311667495,POINT (-87.73116674955 41.864148605808)
7ee155248e4f66e8d27576e163b0fb22b3cc8d99cda901951fe1575a2ca6c839c80c2d20a280cf36c5e8af97a3d64d0edca03554d41dc2dc8628d0ffd1cca60f,,08/13/2025 08:49:00 PM,20,NO CONTROLS,NO CONTROLS,CLEAR,DARKNESS,SIDESWIPE OPPOSITE DIRECTION,NOT DIVIDED,,STRAIGHT AND LEVEL,DRY,NO DEFECTS,NOT ON SCENE (DESK REPORT),NO INJURY / DRIVE AWAY,,,,"OVER $1,500",08/14/2025 08:25:00 AM,IMPROPER BACKING,IMPROPER BACKING,5730,S,TRIPP AVE,813,,,,,,,2,NO INDICATION OF INJURY,0,0,0,0,0,2,0,20,4,8,41.7885739259,-87.7293002187,POINT (-87.72930021866 41.788573925908)
8eb83faf300527f1519b6458b01f74822e9e603106ea27f215b488d88721e9729ba3d0fb01519ff281a36f57c1e0f5a1996ec6aa3e2a21b7571b2fe0fad22ee2,,08/13/2025 08:45:00 PM,30,NO CONTROLS,NO CONTROLS,CLEAR,DARKNESS,SIDESWIPE SAME DIRECTION,NOT DIVIDED,,STRAIGHT AND LEVEL,DRY,NO DEFECTS,ON SCENE,NO INJURY / DRIVE AWAY,,,,"$501 - $1,500",08/13/2025 08:49:00 PM,IMPROPER OVERTAKING/PASSING,NOT APPLICABLE,633,W,47TH ST,935,,,,,,,2,NO INDICATION OF INJURY,0,0,0,0,0,3,0,20,4,8,41.8088162552,-87.6420081183,POINT (-87.642008118262 41.808816255219)
f60d4a4820fc57b1a00510feaa5a584b0dd457d674dc612224e8166721681e91dfa1e00302839168e65bbb718b54e40fb5bb24c9e08b03d9ef1ee0131078ad1e,,08/13/2025 08:30:00 PM,30,TRAFFIC SIGNAL,FUNCTIONING PROPERLY,CLEAR,"DARKNESS, LIGHTED ROAD",REAR END,FOUR WAY,,STRAIGHT AND LEVEL,DRY,NO DEFECTS,NOT ON SCENE (DESK REPORT),NO INJURY / DRIVE AWAY,,,,"$501 - $1,500",08/13/2025 09:22:00 PM,FAILING TO REDUCE SPEED TO AVOID CRASH,NOT APPLICABLE,3798,W,POLK ST,1133,,,,,,,2,NO INDICATION OF INJURY,0,0,0,0,0,2,0,20,4,8,41.870895053,-87.7202470686,POINT (-87.720247068559 41.870895053041)
05711dcc84c0e1f024e84f8a4b3b050aacd34fc4e5be2c6a174f559311363a59984a1e7e75f6721becf17f8d765695d287e6c58183df397b2290f82981e5cead,Y,08/13/2025 08:20:00 PM,30,NO CONTROLS,NO CONTROLS,CLEAR,"DARKNESS, LIGHTED ROAD",HEAD ON,NOT DIVIDED,,STRAIGHT AND LEVEL,DRY,UNKNOWN,ON SCENE,INJURY AND / OR TOW DUE TO CRASH,,,Y,"OVER $1,500",08/13/2025 09:53:00 PM,UNABLE TO DETERMINE,DRIVING ON WRONG SIDE/WRONG WAY,2819,S,PULASKI RD,1031,,,,,,,2,NO INDICATION OF INJURY,0,0,0,0,0,2,0,20,4,8,41.8399608921,-87.7242859872,POINT (-87.724285987189 41.839960892118)
1bb349c946ba5c8ac81c3e8181981fd93b11abf3c873e9ba3bb356167853c56662cf90b0a54d8875498a107e53017f2d20d79d7ca564dca07872fb645b9523c8,,08/13/2025 08:14:00 PM,30,NO CONTROLS,NO CONTROLS,CLEAR,"DARKNESS, LIGHTED ROAD",TURNING,T-INTERSECTION,,STRAIGHT AND LEVEL,DRY,NO DEFECTS,ON SCENE,INJURY AND / OR TOW DUE TO CRASH,Y,,Y,"OVER $1,500",08/13/2025 08:20:00 PM,FAILING TO YIELD RIGHT-OF-WAY,FAILING TO REDUCE SPEED TO AVOID CRASH,2501,N,PULASKI RD,2524,,,,,,,2,NONINCAPACITATING INJURY,1,0,0,1,0,2,0,20,4,8,41.9264136329,-87.7266776622,POINT (-87.726677662244 41.926413632865)
e7a9593334c7349650d8e9caeb62aeac15cbea766f78fe57dd8815af2db2f0c3854addb7ddc6290f3f5b8d08d2817438a1bb44aedf6cebc0edd848da43567854,,08/13/2025 08:13:00 PM,10,NO CONTROLS,NO CONTROLS,CLEAR,DARKNESS,PARKED MOTOR VEHICLE,PARKING LOT,,STRAIGHT AND LEVEL,DRY,UNKNOWN,NOT ON SCENE (DESK REPORT),NO INJURY / DRIVE AWAY,,,Y,"OVER $1,500",08/13/2025 09:00:00 PM,IMPROPER BACKING,"OPERATING VEHICLE IN ERRATIC, RECKLESS, CARELESS, NEGLIGENT OR AGGRESSIVE MANNER",4800,N,CENTRAL AVE,1622,,,,,,,2,NO INDICATION OF INJURY,0,0,0,0,0,1,0,20,4,8,41.9678259908,-87.767624856,POINT (-87.767624856049 41.967825990817)
ba76fd09292a2f93ec6cb4f77fec8db0f9502685ea50251de7cd303877bad1d88f84f3688637a34ad2ad6305da790ef79d46d63f7d914cdf505edcb0bf6c7c5c,,08/13/2025 08:07:00 PM,30,NO CONTROLS,NO CONTROLS,CLEAR,"DARKNESS, LIGHTED ROAD",ANGLE,DIVIDED - W/MEDIAN (NOT RAISED),,STRAIGHT AND LEVEL,DRY,NO DEFECTS,NOT ON SCENE (DESK REPORT),NO INJURY / DRIVE AWAY,,,Y,$500 OR LESS,08/13/2025 09:10:00 PM,DISREGARDING STOP SIGN,NOT APPLICABLE,3700,W,47TH ST,821,,,,,,,2,NO INDICATION OF INJURY,0,0,0,0,0,2,0,20,4,8,41.8080730541,-87.7162964122,POINT (-87.716296412225 41.808073054096)
69536a6e0b0434b5108d28c5218597b41c9b00db759a145bdd789cf2147244ab0d368193ccbd18f46ee66f051987a3b3437942030681a1b2e43b70a4512a7e85,,08/13/2025 08:00:00 PM,30,NO CONTROLS,NO CONTROLS,CLEAR,DAYLIGHT,PARKED MOTOR VEHICLE,DIVIDED - W/MEDIAN (NOT RAISED),,STRAIGHT AND LEVEL,DRY,NO DEFECTS,NOT ON SCENE (DESK REPORT),NO INJURY / DRIVE AWAY,,,,"OVER $1,500",08/15/2025 04:00:00 PM,UNABLE TO DETERMINE,NOT APPLICABLE,6412,N,WASHTENAW AVE,2412,,,,,,,2,NO INDICATION OF INJURY,0,0,0,0,0,1,0,20,4,8,41.9980313634,-87.6973681192,POINT (-87.697368119157 41.998031363426)
27723a093bd052628550a98d8599a0a99212f1fade014bc465cf8e67cbbaf5c44afdea181ab22e8d02762e31beb1240305e7c1832300315265feb2ede4c4cdb3,,08/13/2025 07:50:00 PM,30,TRAFFIC SIGNAL,UNKNOWN,CLEAR,DUSK,ANGLE,FOUR WAY,,STRAIGHT AND LEVEL,DRY,UNKNOWN,NOT ON SCENE (DESK REPORT),NO INJURY / DRIVE AWAY,,,,"OVER $1,500",08/13/2025 09:25:00 PM,FAILING TO YIELD RIGHT-OF-WAY,FAILING TO YIELD RIGHT-OF-WAY,500,S,MICHIGAN AVE,123,,,,,,,2,NO INDICATION OF INJURY,0,0,0,0,0,2,0,19,4,8,41.875658543,-87.6244049409,POINT (-87.624404940923 41.87565854302)
565fc814dfa353bf15bfd4d1d7d573a07de07e1874cbfe5456917e2d173eba2e2fa32fb1002e9eefa9d9d8ac31692c9c62b012950cf950a9c80d97e8e84341e7,,08/13/2025 07:41:00 PM,35,TRAFFIC SIGNAL,FUNCTIONING PROPERLY,CLEAR,"DARKNESS, LIGHTED ROAD",PEDALCYCLIST,Y-INTERSECTION,,STRAIGHT AND LEVEL,DRY,NO DEFECTS,ON SCENE,INJURY AND / OR TOW DUE TO CRASH,Y,,,"OVER $1,500",08/13/2025 07:42:00 PM,FAILING TO YIELD RIGHT-OF-WAY,FAILING TO YIELD RIGHT-OF-WAY,1300,N,MILWAUKEE AVE,1424,,,,,,,2,NONINCAPACITATING INJURY,1,0,0,1,0,1,0,19,4,8,41.9052000853,-87.6695787541,POINT (-87.669578754052 41.905200085348)