CRASH_RECORD_ID,CRASH_DATE_EST_I,CRASH_DATE,POSTED_SPEED_LIMIT,TRAFFIC_CONTROL_DEVICE,DEVICE_CONDITION,WEATHER_CONDITION,LIGHTING_CONDITION,FIRST_CRASH_TYPE,TRAFFICWAY_TYPE,LANE_CNT,ALIGNMENT,ROADWAY_SURFACE_COND,ROAD_DEFECT,REPORT_TYPE,CRASH_TYPE,INTERSECTION_RELATED_I,NOT_RIGHT_OF_WAY_I,HIT_AND_RUN_I,DAMAGE,DATE_POLICE_NOTIFIED,PRIM_CONTRIBUTORY_CAUSE,SEC_CONTRIBUTORY_CAUSE,STREET_NO,STREET_DIRECTION,STREET_NAME,BEAT_OF_OCCURRENCE,PHOTOS_TAKEN_I,STATEMENTS_TAKEN_I,DOORING_I,WORK_ZONE_I,WORK_ZONE_TYPE,WORKERS_PRESENT_I,NUM_UNITS,MOST_SEVERE_INJURY,INJURIES_TOTAL,INJURIES_FATAL,INJURIES_INCAPACITATING,INJURIES_NON_INCAPACITATING,INJURIES_REPORTED_NOT_EVIDENT,INJURIES_NO_INDICATION,INJURIES_UNKNOWN,CRASH_HOUR,CRASH_DAY_OF_WEEK,CRASH_MONTH,LATITUDE,LONGITUDE,LOCATION
c341f55f2934a009e180051d6b0a4726db948bcc075716c799d2b2ade030d94e834270b309da82c46dfe81a5350a7bc673d41ce94e244e6164d82c9628536f34,,08/13/2025 07:36:00 PM,30,TRAFFIC SIGNAL,UNKNOWN,CLEAR,DAYLIGHT,SIDESWIPE SAME DIRECTION,DIVIDED - W/MEDIAN (NOT RAISED),,STRAIGHT AND LEVEL,DRY,UNKNOWN,NOT ON SCENE (DESK REPORT),NO INJURY / DRIVE AWAY,,,,"$501 - $1,500",08/13/2025 09:00:00 PM,DRIVING SKILLS/KNOWLEDGE/EXPERIENCE,UNABLE TO DETERMINE,2001,N,PULASKI RD,2525,,,,,,,2,NO INDICATION OF INJURY,0,0,0,0,0,2,0,19,4,8,41.9172162006,-87.7264145698,POINT (-87.726414569839 41.917216200554)
b3c3d3328a3697b117bd2f6113c7f8fb9476c48ca9aab76b0380345c7f240069ab52fbc1e716c5ef82e1c519661800c61838fed5444f3673a61fb14a8c8737bb,,08/13/2025 07:34:00 PM,30,TRAFFIC SIGNAL,FUNCTIONING PROPERLY,CLEAR,DUSK,PEDALCYCLIST,DIVIDED - W/MEDIAN (NOT RAISED),,STRAIGHT AND LEVEL,DRY,NO DEFECTS,ON SCENE,INJURY AND / OR TOW DUE TO CRASH,Y,,,"$501 - $1,500",08/13/2025 07:34:00 PM,DISTRACTION - FROM INSIDE VEHICLE,FAILING TO YIELD RIGHT-OF-WAY,4467,N,BROADWAY,1914,,,,,,,2,"REPORTED, NOT EVIDENT",1,0,0,0,1,2,0,19,4,8,41.9635319941,-87.6561154614,POINT (-87.656115461363 41.9635319941)
07a7e21a80c4981acc437b8e2c56e1978e07cab302eeda16c924b3b844bbca4f9cebd021e27c159bf4c116e43da6b8a3464625a21f68cf4331beb41906bb88e9,,08/13/2025 07:30:00 PM,30,TRAFFIC SIGNAL,FUNCTIONING PROPERLY,CLEAR,DAYLIGHT,FIXED OBJECT,FOUR WAY,,STRAIGHT AND LEVEL,DRY,NO DEFECTS,NOT ON SCENE (DESK REPORT),NO INJURY / DRIVE AWAY,Y,,,"$501 - $1,500",08/13/2025 08:00:00 PM,UNABLE TO DETERMINE,UNABLE TO DETERMINE,5501,S,HARLEM AVE,811,,,,,,,1,NO INDICATION OF INJURY,0,0,0,0,0,2,0,19,4,8,41.7918520654,-87.8013777989,POINT (-87.801377798929 41.79185206544)
34bb069faa635fb15790cfcf9926177e15f5786d9c5e50186e54a03ef53bea3f2d374a5acc29dd45b45ada7103bddc532e678494ed32536a7193b88f54be5226,,08/13/2025 07:30:00 PM,25,UNKNOWN,UNKNOWN,UNKNOWN,UNKNOWN,SIDESWIPE SAME DIRECTION,NOT DIVIDED,,STRAIGHT AND LEVEL,UNKNOWN,UNKNOWN,NOT ON SCENE (DESK REPORT),NO INJURY / DRIVE AWAY,,,Y,"OVER $1,500",08/13/2025 07:30:00 PM,NOT APPLICABLE,NOT APPLICABLE,2000,W,VAN BUREN ST,1225,,,,,,,2,NO INDICATION OF INJURY,0,0,0,0,0,2,0,19,4,8,41.8763172202,-87.6766441938,POINT (-87.676644193783 41.876317220175)
9e8ca6818daf30e3570521e324d2edafb6f7c778e1ebf161de6e1be51db4a0e9e8158ca3aa3fe385f4143351b4bb3447b86829bcde55376fd17b74c4d73cf9ec,,08/13/2025 07:30:00 PM,30,NO CONTROLS,NO CONTROLS,CLEAR,"DARKNESS, LIGHTED ROAD",PEDALCYCLIST,NOT DIVIDED,,STRAIGHT AND LEVEL,UNKNOWN,UNKNOWN,NOT ON SCENE (DESK REPORT),INJURY AND / OR TOW DUE TO CRASH,,,,"OVER $1,500",08/13/2025 07:50:00 PM,FAILING TO YIELD RIGHT-OF-WAY,UNABLE TO DETERMINE,5230,N,MILWAUKEE AVE,1623,,,Y,,,,2,NONINCAPACITATING INJURY,1,0,0,1,0,1,0,19,4,8,41.975305716,-87.7675930235,POINT (-87.767593023506 41.975305715985)
3898c782957f83c4e8ea80d16e8facd167438b2afa1cda374d176cfe32a431ff5f23529951b80f6885caf33a0950b4492478e3f7da364fc00b025b08c003b186,,08/13/2025 07:26:00 PM,30,NO CONTROLS,NO CONTROLS,CLEAR,DAYLIGHT,PARKED MOTOR VEHICLE,NOT DIVIDED,,STRAIGHT AND LEVEL,DRY,NO DEFECTS,NOT ON SCENE (DESK REPORT),NO INJURY / DRIVE AWAY,,,,"OVER $1,500",08/13/2025 08:26:00 PM,DRIVING SKILLS/KNOWLEDGE/EXPERIENCE,DRIVING SKILLS/KNOWLEDGE/EXPERIENCE,8345,S,ASHLAND AVE,614,,Y,,,,,2,NO INDICATION OF INJURY,0,0,0,0,0,1,0,19,4,8,41.7417416514,-87.6630733293,POINT (-87.663073329251 41.741741651402)
7613ac2a53e14c0292f2889a486dda16cc2bb431ad582af7cda063b9c3b18d1de3600607521c502e85f459e4fa51ab358d333b681c9621f9bec85f2a32c01e7c,,08/13/2025 07:20:00 PM,25,STOP SIGN/FLASHER,NO CONTROLS,CLEAR,DAYLIGHT,SIDESWIPE SAME DIRECTION,NOT DIVIDED,,STRAIGHT AND LEVEL,DRY,NO DEFECTS,NOT ON SCENE (DESK REPORT),NO INJURY / DRIVE AWAY,,,,"OVER $1,500",08/20/2025 05:14:00 PM,UNABLE TO DETERMINE,UNABLE TO DETERMINE,5558,S,HYDE PARK BLVD,235,,,,,,,2,NO INDICATION OF INJURY,0,0,0,0,0,2,0,19,4,8,41.7935082207,-87.5840558384,POINT (-87.584055838431 41.793508220671)
49c84b6eacf0cc9225fef99e44997491cc5e89586d3b56fed5cf1ab339e573da3518a33238fc93c2322fd13d201bbdbfac98f14e3e3f5f3092c6088d26bdc306,,08/13/2025 07:15:00 PM,30,STOP SIGN/FLASHER,FUNCTIONING PROPERLY,CLEAR,DUSK,REAR END,FOUR WAY,,STRAIGHT AND LEVEL,DRY,UNKNOWN,NOT ON SCENE (DESK REPORT),NO INJURY / DRIVE AWAY,Y,,Y,"OVER $1,500",08/13/2025 07:50:00 PM,FAILING TO REDUCE SPEED TO AVOID CRASH,NOT APPLICABLE,5600,S,HYDE PARK DR,331,,,,,,,2,NO INDICATION OF INJURY,0,0,0,0,0,2,0,19,4,8,41.793378954,-87.584053824,POINT (-87.584053824031 41.793378954013)
85f19c40abb8592d37e5cbeaf2d798163ddc26f3b47615c625cb7e62f9cfc79382763872406831d4388535dc53c655a94b39c9982298b0d34973c6bd3cacc2e4,,08/13/2025 07:15:00 PM,30,NO CONTROLS,NO CONTROLS,CLEAR,DAYLIGHT,SIDESWIPE SAME DIRECTION,NOT DIVIDED,,STRAIGHT AND LEVEL,DRY,NO DEFECTS,ON SCENE,INJURY AND / OR TOW DUE TO CRASH,,,,"OVER $1,500",08/13/2025 07:16:00 PM,FAILING TO YIELD RIGHT-OF-WAY,IMPROPER OVERTAKING/PASSING,10522,S,WESTERN AVE,2211,,,,,,,3,NO INDICATION OF INJURY,0,0,0,0,0,3,0,19,4,8,41.7020154738,-87.6816296312,POINT (-87.681629631173 41.702015473847)
666aa6f2174c3010e5008870a24e1944f501115c234a1824756f2289426d05802823af48957aab4deba7d71017f9fa7f44cb1176c7a720c06a4f161e616c158e,,08/13/2025 07:00:00 PM,30,TRAFFIC SIGNAL,FUNCTIONING PROPERLY,CLEAR,DAYLIGHT,SIDESWIPE SAME DIRECTION,FOUR WAY,,STRAIGHT AND LEVEL,DRY,WORN SURFACE,ON SCENE,NO INJURY / DRIVE AWAY,Y,,,"OVER $1,500",08/13/2025 07:00:00 PM,DRIVING SKILLS/KNOWLEDGE/EXPERIENCE,DRIVING SKILLS/KNOWLEDGE/EXPERIENCE,2400,W,51ST ST,923,,,,,,,2,NO INDICATION OF INJURY,0,0,0,0,0,2,0,19,4,8,41.801257492,-87.6842811156,POINT (-87.684281115646 41.801257491999)
c38ef1daa88f36b93cf8e4809be99c533bd8959fe362f6d4a1ccf5a010b38fe733d574987a65c5f9b36bb9b700f0d1988d6cf1ece074b626fa6153206983770b,,08/13/2025 07:00:00 PM,30,TRAFFIC SIGNAL,FUNCTIONING PROPERLY,CLEAR,DAYLIGHT,TURNING,FOUR WAY,,STRAIGHT ON GRADE,DRY,NO DEFECTS,ON SCENE,NO INJURY / DRIVE AWAY,Y,,,"OVER $1,500",08/13/2025 07:04:00 PM,IMPROPER LANE USAGE,NOT APPLICABLE,2500,S,HALSTED ST,913,,,,,,,2,NO INDICATION OF INJURY,0,0,0,0,0,3,0,19,4,8,41.8471390028,-87.646632768,POINT (-87.646632767956 41.847139002778)
6c3e517d9707aa1893846a0f728bccd0ca908def1164f22ed462f45d6a1bb48d6716d08008f44301f762d596aa1b537a2bb7b934b3b59d2a8687e996183d862c,,08/13/2025 06:58:00 PM,30,STOP SIGN/FLASHER,FUNCTIONING PROPERLY,CLEAR,DAYLIGHT,ANGLE,FOUR WAY,,STRAIGHT AND LEVEL,UNKNOWN,UNKNOWN,NOT ON SCENE (DESK REPORT),NO INJURY / DRIVE AWAY,Y,,,"OVER $1,500",08/13/2025 07:23:00 PM,UNABLE TO DETERMINE,UNABLE TO DETERMINE,9000,S,PAXTON AVE,413,,,,,,,2,NO INDICATION OF INJURY,0,0,0,0,0,2,0,18,4,8,41.7315574787,-87.5708680078,POINT (-87.570868007847 41.731557478743)
e1719c24e98761bb742d695199b5a6afec9fdb42ac1b3d4c2587b5f4ea8d480bd08deccd3ecb2bae3d9504dba068d6d4d74d251920b4177b5abe883e362734db,,08/13/2025 06:54:00 PM,30,STOP SIGN/FLASHER,FUNCTIONING PROPERLY,CLEAR,DAWN,ANGLE,FOUR WAY,,STRAIGHT AND LEVEL,DRY,UNKNOWN,NOT ON SCENE (DESK REPORT),NO INJURY / DRIVE AWAY,,,,$500 OR LESS,08/13/2025 06:56:00 PM,FAILING TO YIELD RIGHT-OF-WAY,NOT APPLICABLE,9000,S,PAXTON AVE,413,,,,,,,2,NO INDICATION OF INJURY,0,0,0,0,0,2,0,18,4,8,41.7315574787,-87.5708680078,POINT (-87.570868007847 41.731557478743)
e9bcb2ef579982bb8afeca98ab145576ec21c142cae9ae00464acacc46cb53e8762bf208dfbe47624479b819c9414dfd6660fe7d1e03c948788f7a467c72249f,,08/13/2025 06:53:00 PM,30,NO CONTROLS,NO CONTROLS,CLEAR,DAYLIGHT,REAR TO REAR,OTHER,,STRAIGHT AND LEVEL,DRY,NO DEFECTS,,NO INJURY / DRIVE AWAY,,,,"$501 - $1,500",08/18/2025 06:45:00 PM,IMPROPER BACKING,UNABLE TO DETERMINE,4501,N,RAVENSWOOD AVE,1912,,,,,,,2,NO INDICATION OF INJURY,0,0,0,0,0,3,0,18,4,8,41.9634430878,-87.6738817043,POINT (-87.673881704254 41.963443087753)
1900022a5345b88c4a87fc70d4a4181ec2d6e69bd5f1c33bceca889f6098c58c3c27c291dae1c4e2bcfd44732301680a2e3ddad58b731042ee0f281c74f075dd,,08/13/2025 06:51:00 PM,25,NO CONTROLS,NO CONTROLS,CLEAR,DAWN,REAR TO REAR,PARKING LOT,,STRAIGHT AND LEVEL,DRY,NO DEFECTS,NOT ON SCENE (DESK REPORT),NO INJURY / DRIVE AWAY,,,,"OVER $1,500",08/19/2025 01:12:00 PM,NOT APPLICABLE,NOT APPLICABLE,5001,N,RAVENSWOOD AVE,2032,,,,,,,2,NO INDICATION OF INJURY,0,0,0,0,0,4,0,18,4,8,41.9725203103,-87.6741184992,POINT (-87.674118499205 41.972520310262)
a9e46a3a7b2e9a681e7f03e4e65ae0553778baf0bc42dbcb4bc6418fbe5aff1c0180b949954ea8f1bc32ea3a28e013d63041f072d818671902d2d45191ff4bd7,,08/13/2025 06:46:00 PM,30,NO CONTROLS,NO CONTROLS,CLEAR,DAYLIGHT,OTHER OBJECT,DRIVEWAY,,STRAIGHT AND LEVEL,DRY,NO DEFECTS,ON SCENE,NO INJURY / DRIVE AWAY,,N,,"OVER $1,500",08/13/2025 06:46:00 PM,NOT APPLICABLE,NOT APPLICABLE,1162,W,86TH ST,613,,,,,,,2,NO INDICATION OF INJURY,0,0,0,0,0,1,0,18,4,8,41.737865028,-87.6533338956,POINT (-87.653333895646 41.737865028005)
f4cb8811d241268525c9b000439302189150253243021c477688e08268e44f5d525568b92f29cf7bb4fc097720b2583bffeac01f2cf2cc96cdadc4995c11471c,,08/13/2025 06:40:00 PM,30,NO CONTROLS,NO CONTROLS,CLEAR,DAWN,SIDESWIPE SAME DIRECTION,NOT DIVIDED,,STRAIGHT AND LEVEL,DRY,NO DEFECTS,,NO INJURY / DRIVE AWAY,,,,"$501 - $1,500",08/13/2025 08:15:00 PM,IMPROPER OVERTAKING/PASSING,NOT APPLICABLE,230,W,MONROE ST,122,,,,,,,2,NO INDICATION OF INJURY,0,0,0,0,0,2,0,18,4,8,41.8807571586,-87.6347092983,POINT (-87.634709298342 41.880757158647)
56f496122f4e8e99d50cdb4bf07d78a9ddc7fd8638469cac24d9e9b7c394479d67c7b43e17c4280c4c04edee7c34bab140f7cec1eb66b7edbd4255564f96bd82,,08/13/2025 06:30:00 PM,30,TRAFFIC SIGNAL,FUNCTIONING PROPERLY,CLEAR,DAYLIGHT,SIDESWIPE SAME DIRECTION,T-INTERSECTION,,STRAIGHT AND LEVEL,DRY,UNKNOWN,NOT ON SCENE (DESK REPORT),NO INJURY / DRIVE AWAY,,,,"OVER $1,500",08/13/2025 07:00:00 PM,DRIVING SKILLS/KNOWLEDGE/EXPERIENCE,NOT APPLICABLE,2909,N,CALIFORNIA AVE,1411,,,,,,,2,NO INDICATION OF INJURY,0,0,0,0,0,2,0,18,4,8,41.9342017224,-87.6975362412,POINT (-87.697536241229 41.934201722423)
95b003bae790c2d5e49554c1d58ecfb88d9b91ca9a19e9d68917a27c70c3025a86aa141b6ac4a944fc7c42805d971860b1bb82e8eaa0ced3473691b73d35a93a,,08/13/2025 06:30:00 PM,30,TRAFFIC SIGNAL,FUNCTIONING PROPERLY,CLEAR,DAYLIGHT,SIDESWIPE SAME DIRECTION,DIVIDED - W/MEDIAN (NOT RAISED),,STRAIGHT AND LEVEL,DRY,NO DEFECTS,NOT ON SCENE (DESK REPORT),NO INJURY / DRIVE AWAY,,,,"$501 - $1,500",08/13/2025 08:30:00 PM,IMPROPER LANE USAGE,IMPROPER LANE USAGE,3956,W,87TH ST,834,,,,,,,2,NO INDICATION OF INJURY,0,0,0,0,0,2,0,18,4,8,41.7349753265,-87.7210912882,POINT (-87.721091288246 41.734975326529)
bcc638a438bbc64dc89ef4c3ce3c814033b925de72e59e4aa2cd7740f46492d07bb71592cb85a651c16b676d64e67ec2a2537844a5b2b75acebefff9f6c12371,,08/13/2025 06:30:00 PM,30,TRAFFIC SIGNAL,UNKNOWN,CLEAR,DAYLIGHT,ANGLE,DIVIDED - W/MEDIAN BARRIER,,STRAIGHT AND LEVEL,DRY,UNKNOWN,NOT ON SCENE (DESK REPORT),NO INJURY / DRIVE AWAY,,,,"OVER $1,500",08/18/2025 03:30:00 PM,FAILING TO YIELD RIGHT-OF-WAY,FAILING TO YIELD RIGHT-OF-WAY,505,N,MICHIGAN AVE,1834,,,,,,,2,NO INDICATION OF INJURY,0,0,0,0,0,2,0,18,4,8,41.891120593,-87.6239887043,POINT (-87.623988704323 41.891120593049)
f72591d0298659ba765e08da07a2d677447630e268a9661e37ad81cb0358a3053e016ad85bfc295d82f7a66bcab389658ae68d7b7c5c423a34c884d1ff62ac02,,08/13/2025 06:30:00 PM,25,NO CONTROLS,NO CONTROLS,CLEAR,DUSK,REAR END,NOT DIVIDED,,STRAIGHT AND LEVEL,UNKNOWN,UNKNOWN,ON SCENE,NO INJURY / DRIVE AWAY,,,,"OVER $1,500",08/13/2025 06:35:00 PM,IMPROPER OVERTAKING/PASSING,NOT APPLICABLE,3149,N,NARRAGANSETT AVE,2511,,,,,,,2,NO INDICATION OF INJURY,0,0,0,0,0,2,0,18,4,8,41.9380001679,-87.7858025504,POINT (-87.785802550393 41.938000167862)
10dd137df1aef89e74e0667cb75977e5b10909912c27824b34c9c6187446f4ce954f441c0670ce908ec5959a7f9870df8a1518d61d3db6a20f684e42e830f0cc,,08/13/2025 06:27:00 PM,30,NO CONTROLS,NO CONTROLS,CLEAR,DAYLIGHT,TURNING,DIVIDED - W/MEDIAN (NOT RAISED),,STRAIGHT AND LEVEL,DRY,NO DEFECTS,NOT ON SCENE (DESK REPORT),NO INJURY / DRIVE AWAY,,,,"OVER $1,500",08/13/2025 07:15:00 PM,UNABLE TO DETERMINE,NOT APPLICABLE,4654,N,KEDZIE AVE,1713,,,,,,,2,NO INDICATION OF INJURY,0,0,0,0,0,3,0,18,4,8,41.9661473448,-87.7085503445,POINT (-87.708550344547 41.966147344775)
008c8f58e02976227f6316cbdc7432610731229350c75b1838c621ce549d4a73ed7386b4106d98f6b37dd8438887db3bff9d5f3cb2995f329df1c0adf2ae3978,,08/13/2025 06:26:00 PM,30,STOP SIGN/FLASHER,FUNCTIONING PROPERLY,CLEAR,DAYLIGHT,TURNING,FOUR WAY,,STRAIGHT AND LEVEL,DRY,NO DEFECTS,NOT ON SCENE (DESK REPORT),NO INJURY / DRIVE AWAY,Y,,,$500 OR LESS,08/13/2025 06:26:00 PM,FOLLOWING TOO CLOSELY,NOT APPLICABLE,11700,S,HALSTED ST,524,Y,,,,,,2,NO INDICATION OF INJURY,0,0,0,0,0,2,0,18,4,8,41.6814045658,-87.6421754579,POINT (-87.642175457921 41.681404565804)
bb5e1d2fb1246e272301d4dda26e87556f02857a31c2df4c053d9e64bfc44bf9c3ff24bdd723e38547df89617b5bd7071dfc065d307c1acc65cce2369123c25e,,08/13/2025 06:17:00 PM,30,DELINEATORS,FUNCTIONING PROPERLY,CLEAR,DAYLIGHT,REAR END,DIVIDED - W/MEDIAN BARRIER,,STRAIGHT ON GRADE,DRY,NO DEFECTS,ON SCENE,INJURY AND / OR TOW DUE TO CRASH,,,Y,"OVER $1,500",08/13/2025 06:39:00 PM,UNABLE TO DETERMINE,UNABLE TO DETERMINE,2719,N,WESTERN AVE,1432,,,,,,,2,"REPORTED, NOT EVIDENT",1,0,0,0,1,1,0,18,4,8,41.9309744981,-87.6877150961,POINT (-87.687715096106 41.93097449806)
ca5b379be1287e23fdf3cf324ce3ac6a20f058d8e079108f1523544b8ddb38596d75029ca8974b7739e6f0cb455eb34c446bc885629b7abdd97e1c485fd9c4f0,,08/13/2025 06:13:00 PM,30,NO CONTROLS,NO CONTROLS,CLEAR,DAYLIGHT,PARKED MOTOR VEHICLE,ONE-WAY,,STRAIGHT AND LEVEL,DRY,NO DEFECTS,ON SCENE,NO INJURY / DRIVE AWAY,,,Y,"OVER $1,500",08/13/2025 06:23:00 PM,UNABLE TO DETERMINE,NOT APPLICABLE,1343,W,85TH ST,613,,,,,,,3,NO INDICATION OF INJURY,0,0,0,0,0,2,0,18,4,8,41.739403791,-87.6575651789,POINT (-87.657565178915 41.739403791004)
c28b71ff66e9b52c52dfc20d4075ecad3571915a133e250d903f5418ddcf1648c6c7ad65ca96030823b788f2cc22634d018c467c9a24aa15c7e2d32576dbc9fc,,08/13/2025 06:05:00 PM,35,TRAFFIC SIGNAL,FUNCTIONING PROPERLY,CLEAR,DAWN,REAR END,FOUR WAY,,STRAIGHT AND LEVEL,DRY,NO DEFECTS,NOT ON SCENE (DESK REPORT),NO INJURY / DRIVE AWAY,Y,,,$500 OR LESS,08/13/2025 09:15:00 PM,NOT APPLICABLE,NOT APPLICABLE,3153,W,IRVING PARK RD,1733,,,,,,,2,NO INDICATION OF INJURY,0,0,0,0,0,2,0,18,4,8,41.9538120329,-87.7077171018,POINT (-87.707717101816 41.953812032924)
b72a8d5cf7893db3cbf689431454c53c202929758f4bd880cdf1934abe18fc33c91a1be3047c8d9634970564174425ccf236022741ce24e326579038363e97bc,,08/13/2025 06:02:00 PM,15,NO CONTROLS,NO CONTROLS,CLEAR,DAYLIGHT,PARKED MOTOR VEHICLE,NOT DIVIDED,,STRAIGHT AND LEVEL,DRY,NO DEFECTS,ON SCENE,NO INJURY / DRIVE AWAY,,,,"$501 - $1,500",08/13/2025 06:02:00 PM,IMPROPER BACKING,UNABLE TO DETERMINE,1127,N,WELLS ST,1824,,,,,,,2,NO INDICATION OF INJURY,0,0,0,0,0,2,0,18,4,8,41.9029357736,-87.6342970052,POINT (-87.634297005176 41.902935773582)
311f2c12ee407e456b64eb6ed65df5ded84f22da5b7214050eb800d732fc056606f4ce3aee75623b5b9a5b5f1216365d3f60f3b1edaeadf63211aad369175d83,,08/13/2025 06:00:00 PM,20,NO CONTROLS,NO CONTROLS,CLEAR,DAYLIGHT,REAR TO FRONT,PARKING LOT,,STRAIGHT AND LEVEL,DRY,NO DEFECTS,NOT ON SCENE (DESK REPORT),NO INJURY / DRIVE AWAY,,,Y,"OVER $1,500",08/13/2025 09:10:00 PM,IMPROPER BACKING,NOT APPLICABLE,1919,N,CICERO AVE,2533,,,,,,,2,NO INDICATION OF INJURY,0,0,0,0,0,2,0,18,4,8,41.9157101456,-87.7459077545,POINT (-87.745907754514 41.915710145553)
657bfbfda830259e5ebfa7c10c32b0dc3b14013b1007fa1116cd40874925dbc562221f657ba1c950144077a52655376ab49ed5fab46ef991540c72ff6089e929,,08/13/2025 06:00:00 PM,25,NO CONTROLS,NO CONTROLS,CLEAR,DAYLIGHT,REAR END,DIVIDED - W/MEDIAN (NOT RAISED),,STRAIGHT AND LEVEL,DRY,NO DEFECTS,NOT ON SCENE (DESK REPORT),NO INJURY / DRIVE AWAY,,,,"OVER $1,500",08/14/2025 04:30:00 PM,UNABLE TO DETERMINE,NOT APPLICABLE,6500,S,DR MARTIN LUTHER KING JR DR,312,,,,,,,2,NO INDICATION OF INJURY,0,0,0,0,0,2,0,18,4,8,41.7765106171,-87.6156798597,POINT (-87.615679859657 41.776510617137)
8bd0b71ec6a874b0bcff0412daa4837a510459cbdb613837a396ef1b124da08052cb06e272fbb7a2bdab8567bca92d95695153c5de58ab7e6404b8ca8394956a,,08/13/2025 06:00:00 PM,25,NO CONTROLS,NO CONTROLS,CLEAR,DAYLIGHT,TURNING,NOT DIVIDED,,STRAIGHT AND LEVEL,DRY,NO DEFECTS,NOT ON SCENE (DESK REPORT),NO INJURY / DRIVE AWAY,,,,$500 OR LESS,08/13/2025 06:23:00 PM,UNABLE TO DETERMINE,UNABLE TO DETERMINE,3020,S,HALSTED ST,913,,,,,,,2,NO INDICATION OF INJURY,0,0,0,0,0,2,0,18,4,8,41.8392068323,-87.6464535456,POINT (-87.646453545641 41.839206832287)
a7c077807e5edda84dfb45bb08c4d59b2df08928358a304d1fdcbd1ecb0ae9f45ccb66d69c4a1c43967701126951b9d76ddcc0e312d04d5f590a94ac124621a7,,08/13/2025 05:51:00 PM,20,TRAFFIC SIGNAL,FUNCTIONING PROPERLY,CLEAR,DAYLIGHT,PEDALCYCLIST,NOT DIVIDED,,STRAIGHT AND LEVEL,DRY,NO DEFECTS,ON SCENE,INJURY AND / OR TOW DUE TO CRASH,,,,"OVER $1,500",08/13/2025 05:53:00 PM,FAILING TO REDUCE SPEED TO AVOID CRASH,UNABLE TO DETERMINE,2604,W,FRANCIS PL,1431,,,,,,,2,NONINCAPACITATING INJURY,1,0,0,1,0,1,0,17,4,8,41.9202729784,-87.6933981891,POINT (-87.693398189137 41.920272978361)
7d7980e002c9cc9d9177c799f22a77732e8793e169cda434963062ec9747bb0f23d92f437542867c91d98e2944eead992679314149d5f9215e14fea0625f99e8,,08/13/2025 05:50:00 PM,35,NO CONTROLS,NO CONTROLS,CLEAR,DAYLIGHT,OTHER OBJECT,OTHER,,STRAIGHT AND LEVEL,DRY,NO DEFECTS,ON SCENE,INJURY AND / OR TOW DUE TO CRASH,,,,"OVER $1,500",08/13/2025 06:19:00 PM,UNABLE TO DETERMINE,UNABLE TO DETERMINE,2751,W,COLUMBUS AVE,835,,,,,,,1,NO INDICATION OF INJURY,0,0,0,0,0,3,0,17,4,8,41.7550553752,-87.6919114026,POINT (-87.691911402584 41.755055375191)
5d72e836d72ecd31d0071f238c2f15db63935689bced71516bdad0446e5a2d3ba09e6b9fb2330f0afb6cdae5739067662fd7a6feedd7e15797d89853922dc700,,08/13/2025 05:46:00 PM,30,NO CONTROLS,NO CONTROLS,CLEAR,DAYLIGHT,TURNING,NOT DIVIDED,,STRAIGHT AND LEVEL,DRY,UNKNOWN,ON SCENE,INJURY AND / OR TOW DUE TO CRASH,Y,,,"OVER $1,500",08/13/2025 06:06:00 PM,FAILING TO YIELD RIGHT-OF-WAY,IMPROPER TURNING/NO SIGNAL,1719,N,DAMEN AVE,1434,,Y,,,,,2,"REPORTED, NOT EVIDENT",1,0,0,0,1,1,0,17,4,8,41.9128658712,-87.6773708362,POINT (-87.67737083624 41.912865871191)
f5c40ee75d629f3ff3e1842d6ced91d3eab4033dd279dfd669c64af476bdff24f14f241d876d513e9ed5d7471813966b16d595e4ca21400b0988ed50f7c0d554,,08/13/2025 05:45:00 PM,30,TRAFFIC SIGNAL,FUNCTIONING PROPERLY,CLEAR,DAYLIGHT,REAR END,DIVIDED - W/MEDIAN (NOT RAISED),,STRAIGHT AND LEVEL,DRY,NO DEFECTS,NOT ON SCENE (DESK REPORT),NO INJURY / DRIVE AWAY,,,,$500 OR LESS,08/13/2025 07:00:00 PM,FAILING TO REDUCE SPEED TO AVOID CRASH,FAILING TO REDUCE SPEED TO AVOID CRASH,800,N,KEDZIE AVE,1121,,,,,,,2,NO INDICATION OF INJURY,0,0,0,0,0,2,0,17,4,8,41.8956153135,-87.7067053251,POINT (-87.706705325106 41.895615313545)
0f8fa61cb6dce12bcae711a35a4d521196825513c34163a4fbf2997f12bffa1e263b83649f2c4801ee14cbffd5a94c8e8a71856caf658a98709da49967ca7f82,,08/13/2025 05:43:00 PM,30,NO CONTROLS,NO CONTROLS,CLEAR,DAYLIGHT,ANGLE,DIVIDED - W/MEDIAN (NOT RAISED),,STRAIGHT AND LEVEL,DRY,NO DEFECTS,ON SCENE,INJURY AND / OR TOW DUE TO CRASH,Y,,Y,"OVER $1,500",08/13/2025 05:45:00 PM,UNABLE TO DETERMINE,NOT APPLICABLE,1237,W,103RD ST,2232,,,,,,,2,"REPORTED, NOT EVIDENT",2,0,0,0,2,1,0,17,4,8,41.7067081554,-87.6540791079,POINT (-87.654079107884 41.70670815543)