CRASH_RECORD_ID,CRASH_DATE_EST_I,CRASH_DATE,POSTED_SPEED_LIMIT,TRAFFIC_CONTROL_DEVICE,DEVICE_CONDITION,WEATHER_CONDITION,LIGHTING_CONDITION,FIRST_CRASH_TYPE,TRAFFICWAY_TYPE,LANE_CNT,ALIGNMENT,ROADWAY_SURFACE_COND,ROAD_DEFECT,REPORT_TYPE,CRASH_TYPE,INTERSECTION_RELATED_I,NOT_RIGHT_OF_WAY_I,HIT_AND_RUN_I,DAMAGE,DATE_POLICE_NOTIFIED,PRIM_CONTRIBUTORY_CAUSE,SEC_CONTRIBUTORY_CAUSE,STREET_NO,STREET_DIRECTION,STREET_NAME,BEAT_OF_OCCURRENCE,PHOTOS_TAKEN_I,STATEMENTS_TAKEN_I,DOORING_I,WORK_ZONE_I,WORK_ZONE_TYPE,WORKERS_PRESENT_I,NUM_UNITS,MOST_SEVERE_INJURY,INJURIES_TOTAL,INJURIES_FATAL,INJURIES_INCAPACITATING,INJURIES_NON_INCAPACITATING,INJURIES_REPORTED_NOT_EVIDENT,INJURIES_NO_INDICATION,INJURIES_UNKNOWN,CRASH_HOUR,CRASH_DAY_OF_WEEK,CRASH_MONTH,LATITUDE,LONGITUDE,LOCATION
7e0daec467e8fb0d5791da8f82f361e0488b7808901478329b458384d0d5b13151faf2d5b01473821a6ee2a922c03b1e5489b5883bfb10a75ff5da58481886f0,,08/13/2025 05:38:00 PM,30,TRAFFIC SIGNAL,FUNCTIONING PROPERLY,CLEAR,DAYLIGHT,REAR END,NOT DIVIDED,,STRAIGHT AND LEVEL,DRY,NO DEFECTS,ON SCENE,INJURY AND / OR TOW DUE TO CRASH,,,,"OVER $1,500",08/13/2025 06:19:00 PM,UNABLE TO DETERMINE,UNABLE TO DETERMINE,2998,E,100TH ST,431,,,,,,,2,NO INDICATION OF INJURY,0,0,0,0,0,2,0,17,4,8,41.7134965242,-87.5510174334,POINT (-87.551017433368 41.713496524195)
69c4d3b39b5129f874b5bdfa4650e0aefe4e5ad6763c7b57230c4ee598aea8ea74a91a7ae502836ee42025b3a8ae18614d4341d68ae3f6a0cfd279ef0f818199,,08/13/2025 05:34:00 PM,30,STOP SIGN/FLASHER,FUNCTIONING PROPERLY,CLEAR,DAYLIGHT,PEDALCYCLIST,NOT DIVIDED,,STRAIGHT AND LEVEL,DRY,NO DEFECTS,ON SCENE,INJURY AND / OR TOW DUE TO CRASH,Y,,,"OVER $1,500",08/13/2025 05:39:00 PM,DISREGARDING STOP SIGN,NOT APPLICABLE,4400,S,FAIRFIELD AVE,922,,Y,,,,,2,NONINCAPACITATING INJURY,1,0,0,1,0,2,0,17,4,8,41.8136641371,-87.69329058,POINT (-87.693290579977 41.813664137108)
bab96a70685db0e4c5b6525c6ab8b40417a0f57bb8fc41f1a9a2c90615696759019b74af74f1c85c4fddf23650cf264602ac4ebb8892381a84c16b04e6c9cc79,,08/13/2025 05:30:00 PM,30,TRAFFIC SIGNAL,FUNCTIONING PROPERLY,CLEAR,DAYLIGHT,ANGLE,NOT DIVIDED,,STRAIGHT AND LEVEL,DRY,NO DEFECTS,NOT ON SCENE (DESK REPORT),NO INJURY / DRIVE AWAY,Y,,,"OVER $1,500",08/13/2025 05:55:00 PM,FAILING TO YIELD RIGHT-OF-WAY,IMPROPER OVERTAKING/PASSING,2332,W,MARQUETTE RD,832,,,,,,,2,NO INDICATION OF INJURY,0,0,0,0,0,3,0,17,4,8,41.7720892064,-87.6821716516,POINT (-87.682171651601 41.772089206421)
bc97b8d3de2ced069f4f3d8d577596d4b2a5c2f2497dac321faa8a4c7801cc4643ed5a8c6b3ff40fa42d86bb8a57b0019aac1b98503a24b16b04f5201d619f61,,08/13/2025 05:30:00 PM,30,OTHER,NO CONTROLS,CLEAR,DAWN,SIDESWIPE SAME DIRECTION,NOT DIVIDED,,STRAIGHT AND LEVEL,DRY,NO DEFECTS,ON SCENE,NO INJURY / DRIVE AWAY,,,,"OVER $1,500",08/13/2025 06:20:00 PM,IMPROPER OVERTAKING/PASSING,UNABLE TO DETERMINE,1847,S,LOOMIS ST,1233,,,,,,,2,NO INDICATION OF INJURY,0,0,0,0,0,3,0,17,4,8,41.8564848443,-87.6611344167,POINT (-87.661134416677 41.856484844325)
d6467bf65cd0130a665f66248114721f1edcb66030d48abd751378f64c24b72dfb831de53c4a9340d59c177eb79ec802c26f3c546d82bfd147b534357f60343d,,08/13/2025 05:30:00 PM,30,TRAFFIC SIGNAL,FUNCTIONING PROPERLY,UNKNOWN,UNKNOWN,SIDESWIPE OPPOSITE DIRECTION,DIVIDED - W/MEDIAN (NOT RAISED),,STRAIGHT AND LEVEL,UNKNOWN,UNKNOWN,NOT ON SCENE (DESK REPORT),NO INJURY / DRIVE AWAY,Y,,,"$501 - $1,500",08/13/2025 06:40:00 PM,UNABLE TO DETERMINE,UNABLE TO DETERMINE,4200,W,LAKE ST,1114,,,,,,,2,NO INDICATION OF INJURY,0,0,0,0,0,4,0,17,4,8,41.8858584262,-87.7308374451,POINT (-87.730837445119 41.885858426161)
db68e2e556e88d7975544244a9793dfee2ed14fcecdf73261b892ef909959552421896bb5f9a2626049122a4307b873cee224d7e797a6a47a1eb61aa39b28dbb,,08/13/2025 05:30:00 PM,30,TRAFFIC SIGNAL,FUNCTIONING PROPERLY,CLEAR,DAYLIGHT,REAR END,NOT DIVIDED,,STRAIGHT AND LEVEL,DRY,NO DEFECTS,NOT ON SCENE (DESK REPORT),NO INJURY / DRIVE AWAY,,,,"OVER $1,500",08/13/2025 08:10:00 PM,FOLLOWING TOO CLOSELY,UNABLE TO DETERMINE,4232,N,CICERO AVE,1624,,,,,,,2,NO INDICATION OF INJURY,0,0,0,0,0,2,0,17,4,8,41.9580252777,-87.7475947543,POINT (-87.747594754337 41.958025277713)
fb597a403b1471131a20098ebed3e0d20989d43fa6cf53a21ce5300b19034d675e38194c237382c9f6ca061c1cc99648e625b34f3f37f9c698a8e36e36a2601e,,08/13/2025 05:30:00 PM,25,TRAFFIC SIGNAL,FUNCTIONING PROPERLY,CLEAR,DAYLIGHT,TURNING,CENTER TURN LANE,,STRAIGHT AND LEVEL,DRY,NO DEFECTS,ON SCENE,INJURY AND / OR TOW DUE TO CRASH,N,,,"OVER $1,500",08/13/2025 05:30:00 PM,FAILING TO YIELD RIGHT-OF-WAY,NOT APPLICABLE,4402,W,ROOSEVELT RD,1131,,,,,,,2,NO INDICATION OF INJURY,0,0,0,0,0,2,0,17,4,8,41.8661397658,-87.7351652568,POINT (-87.735165256794 41.866139765818)
777fb16ad76b4980aec9dd20c01465c3102ee35f768dafe5bab5ac3eafff955aa6e0230325e19e3fae81ba53e52829817edb1ca2bdcb4d12af0f8456390e50e9,,08/13/2025 05:20:00 PM,30,TRAFFIC SIGNAL,FUNCTIONING PROPERLY,CLEAR,DAYLIGHT,PEDESTRIAN,FOUR WAY,,STRAIGHT AND LEVEL,DRY,UNKNOWN,ON SCENE,INJURY AND / OR TOW DUE TO CRASH,Y,,,$500 OR LESS,08/13/2025 05:23:00 PM,FAILING TO YIELD RIGHT-OF-WAY,NOT APPLICABLE,5700,S,KEDZIE AVE,822,,,,,,,2,INCAPACITATING INJURY,1,0,1,0,0,1,0,17,4,8,41.7897908215,-87.7035987697,POINT (-87.703598769655 41.789790821511)
07cf627fba80ec868c493f58e7f4f947556e1453d06f2f34310f7d8eecf1b79a07b21c5c346ee162037ad116689417dcbb3ea8dab4c3b7f7bbfecd6e0a384f11,,08/13/2025 05:16:00 PM,30,NO CONTROLS,NO CONTROLS,CLEAR,DAYLIGHT,FIXED OBJECT,NOT DIVIDED,,STRAIGHT AND LEVEL,DRY,NO DEFECTS,ON SCENE,NO INJURY / DRIVE AWAY,,Y,,"OVER $1,500",08/13/2025 05:23:00 PM,DRIVING SKILLS/KNOWLEDGE/EXPERIENCE,NOT APPLICABLE,1238,W,WELLINGTON AVE,1933,,,,,,,1,NO INDICATION OF INJURY,0,0,0,0,0,2,0,17,4,8,41.9362827858,-87.6603873348,POINT (-87.660387334777 41.936282785819)
b1ee586ee52e3ae043d2b8796975d146d7440ec2cea5e7d149cdd364aba9f58a1faed77a2baa3cd33cb90b123cca8d365ba444340a2be7786441c3cf6aaa7fea,,08/13/2025 05:13:00 PM,30,NO CONTROLS,NO CONTROLS,CLEAR,DAYLIGHT,FIXED OBJECT,DIVIDED - W/MEDIAN (NOT RAISED),,STRAIGHT AND LEVEL,DRY,NO DEFECTS,ON SCENE,INJURY AND / OR TOW DUE TO CRASH,,,,"OVER $1,500",08/13/2025 05:18:00 PM,PHYSICAL CONDITION OF DRIVER,FAILING TO REDUCE SPEED TO AVOID CRASH,6914,W,TALCOTT AVE,1612,,,,,,,1,NONINCAPACITATING INJURY,1,0,0,1,0,0,0,17,4,8,41.9831242207,-87.800624787,POINT (-87.800624786983 41.983124220691)
0bc087040f49d2860dcc1536a7897a7da4cfeb7c5858bbb2221dfc27ad13e0b35994815ffbe88bc4ebae2ab6bfac19b118899d70376be5043ffda6b0faec9374,,08/13/2025 05:11:00 PM,30,NO CONTROLS,NO CONTROLS,CLEAR,DAYLIGHT,PEDALCYCLIST,NOT DIVIDED,,STRAIGHT AND LEVEL,DRY,UNKNOWN,ON SCENE,INJURY AND / OR TOW DUE TO CRASH,,,,"OVER $1,500",08/13/2025 05:11:00 PM,FAILING TO YIELD RIGHT-OF-WAY,UNABLE TO DETERMINE,4833,N,BROADWAY,2033,,,,,,,2,NONINCAPACITATING INJURY,1,0,0,1,0,1,0,17,4,8,41.9700094777,-87.6595504346,POINT (-87.659550434617 41.970009477712)
1257c076670a627a57d9437e9976a5e827fda4873d8a0b30b12f87b33e6840d7efb76a697c8ecb3707b75da2cfea4293776e9a88e7227ea5072154685cd805d9,,08/13/2025 05:10:00 PM,30,TRAFFIC SIGNAL,FUNCTIONING PROPERLY,CLEAR,DAYLIGHT,TURNING,DIVIDED - W/MEDIAN (NOT RAISED),,STRAIGHT AND LEVEL,UNKNOWN,UNKNOWN,NOT ON SCENE (DESK REPORT),NO INJURY / DRIVE AWAY,,,,"OVER $1,500",08/13/2025 06:00:00 PM,FAILING TO YIELD RIGHT-OF-WAY,NOT APPLICABLE,7000,S,SOUTH SHORE DR,331,,,,,,,2,NO INDICATION OF INJURY,0,0,0,0,0,2,0,17,4,8,41.7680284693,-87.5666498932,POINT (-87.566649893195 41.768028469262)
194b69b8998baf0130d52933de9a42bccca4bc5225ef6e54f49e96e81181ec7e4d325fc2feada2e6337bf7be8203473c327ec2dd04573c4b4fc77e7e83a0fd62,,08/13/2025 05:00:00 PM,30,STOP SIGN/FLASHER,FUNCTIONING PROPERLY,UNKNOWN,UNKNOWN,TURNING,DIVIDED - W/MEDIAN (NOT RAISED),,STRAIGHT AND LEVEL,UNKNOWN,UNKNOWN,NOT ON SCENE (DESK REPORT),NO INJURY / DRIVE AWAY,,,,"$501 - $1,500",08/13/2025 05:15:00 PM,FAILING TO YIELD RIGHT-OF-WAY,FAILING TO YIELD RIGHT-OF-WAY,920,S,CICERO AVE,1533,,,,,,,2,NO INDICATION OF INJURY,0,0,0,0,0,2,0,17,4,8,41.8686825181,-87.7449870432,POINT (-87.744987043234 41.868682518123)
c9cd35c6962347eea971c68d2524bad2228dbff3677abd56c30807ce2b89a93d51239e41161df8f573ace0e7a08f165a2315db2a534cd015044e799fb88092be,,08/13/2025 05:00:00 PM,30,STOP SIGN/FLASHER,FUNCTIONING PROPERLY,CLEAR,DAYLIGHT,OTHER OBJECT,T-INTERSECTION,,STRAIGHT AND LEVEL,DRY,NO DEFECTS,NOT ON SCENE (DESK REPORT),NO INJURY / DRIVE AWAY,,,,"$501 - $1,500",08/15/2025 10:05:00 AM,DRIVING SKILLS/KNOWLEDGE/EXPERIENCE,UNABLE TO DETERMINE,800,E,99TH ST,511,,,,,,,2,NO INDICATION OF INJURY,0,0,0,0,0,2,0,17,4,8,41.7148669436,-87.6047691501,POINT (-87.604769150109 41.714866943598)
41224184a1a113ba6ce5c2fea9925a1b5322a52181678b2a17d2b8a53c4240fe41ff28d99685ebf6436c83806e0c6566e7b3c88a285408a6d2d73f05936a0e84,,08/13/2025 04:56:00 PM,30,NO CONTROLS,NO CONTROLS,CLEAR,DAYLIGHT,SIDESWIPE SAME DIRECTION,NOT DIVIDED,,STRAIGHT AND LEVEL,DRY,NO DEFECTS,ON SCENE,INJURY AND / OR TOW DUE TO CRASH,,,,"OVER $1,500",08/13/2025 04:58:00 PM,FAILING TO YIELD RIGHT-OF-WAY,UNABLE TO DETERMINE,849,N,WESTERN AVE,1212,,,,,,,2,NO INDICATION OF INJURY,0,0,0,0,0,2,0,16,4,8,41.897228028,-87.6867321624,POINT (-87.686732162446 41.897228028001)
fde46bd475ccc449c93e3d01fcebe7dce3438b308ceaf7824b8677e1ae1b44d1687f96c3c64ac88b2c5674c749d7cfb815cae5e4facbed3d326cb34cb75e974a,,08/13/2025 04:54:00 PM,30,NO CONTROLS,NO CONTROLS,CLEAR,DUSK,SIDESWIPE SAME DIRECTION,NOT DIVIDED,,STRAIGHT AND LEVEL,DRY,NO DEFECTS,NOT ON SCENE (DESK REPORT),NO INJURY / DRIVE AWAY,,,Y,"$501 - $1,500",08/13/2025 10:19:00 PM,IMPROPER LANE USAGE,UNABLE TO DETERMINE,1818,E,79TH ST,414,,,,,,,2,NO INDICATION OF INJURY,0,0,0,0,0,2,0,16,4,8,41.7516644927,-87.5800955075,POINT (-87.580095507528 41.7516644927)
4991334dffca6f9bc771c2f24a7a9ef98bd6947a15ba62b300f1f08346d725769e8786646554dbca5801c1652ea36ff79e039996e151c16d4f9029c870a9e3e6,,08/13/2025 04:50:00 PM,30,NO CONTROLS,NO CONTROLS,CLEAR,DAYLIGHT,SIDESWIPE OPPOSITE DIRECTION,ONE-WAY,,STRAIGHT AND LEVEL,DRY,NO DEFECTS,ON SCENE,NO INJURY / DRIVE AWAY,,,,"OVER $1,500",08/13/2025 04:52:00 PM,IMPROPER BACKING,FAILING TO YIELD RIGHT-OF-WAY,450,W,MELROSE ST,1925,,,,,,,2,NO INDICATION OF INJURY,0,0,0,0,0,2,0,16,4,8,41.9412901799,-87.6413279973,POINT (-87.641327997309 41.941290179897)
73b8691cdac0f7d59f1bb24c9fe333f31568da77e3808a3be4925fad0d737b19f60217956819454ae9f02c4dacf98b2eeb5537e185ab966c70e9c604c6815a3e,Y,08/13/2025 04:48:00 PM,30,TRAFFIC SIGNAL,FUNCTIONING PROPERLY,CLEAR,DAYLIGHT,SIDESWIPE SAME DIRECTION,FOUR WAY,,STRAIGHT AND LEVEL,DRY,NO DEFECTS,NOT ON SCENE (DESK REPORT),NO INJURY / DRIVE AWAY,,,,"$501 - $1,500",08/13/2025 05:30:00 PM,FAILING TO YIELD RIGHT-OF-WAY,NOT APPLICABLE,1202,S,WESTERN AVE,1023,,,,,,,2,NO INDICATION OF INJURY,0,0,0,0,0,2,0,16,4,8,41.8664902297,-87.6861813588,POINT (-87.686181358843 41.86649022966)
71653522353fbf4f8832d8bb969d5f929ddcd71accb5d50412c78922275d2ade32575ad3db0567257727324c64e2388e23948b64a5c501a494e7d5061ba8b155,,08/13/2025 04:45:00 PM,30,STOP SIGN/FLASHER,FUNCTIONING PROPERLY,CLEAR,DAYLIGHT,PEDESTRIAN,FOUR WAY,,STRAIGHT AND LEVEL,DRY,NO DEFECTS,ON SCENE,INJURY AND / OR TOW DUE TO CRASH,,,,$500 OR LESS,08/13/2025 05:01:00 PM,UNABLE TO DETERMINE,NOT APPLICABLE,1600,N,MEADE AVE,2513,,,,,,,2,"REPORTED, NOT EVIDENT",1,0,0,0,1,1,0,16,4,8,41.9093161915,-87.7778014355,POINT (-87.777801435521 41.909316191528)
d227ce450a4eb88a2e696f9b9dc378a5baaa857faf7eda9bcbb079e64c34c8816bf8bb1bbf743e8bb88ae496e505d79da53106d24f101b2082ebb0973f547f60,,08/13/2025 04:45:00 PM,40,NO CONTROLS,NO CONTROLS,UNKNOWN,UNKNOWN,SIDESWIPE SAME DIRECTION,DIVIDED - W/MEDIAN BARRIER,,STRAIGHT AND LEVEL,UNKNOWN,UNKNOWN,NOT ON SCENE (DESK REPORT),NO INJURY / DRIVE AWAY,,,Y,"$501 - $1,500",08/14/2025 06:45:00 PM,UNABLE TO DETERMINE,NOT APPLICABLE,5600,N,LAKE SHORE DR NB,2022,,,,,,,2,NO INDICATION OF INJURY,0,0,0,0,0,4,0,16,4,8,41.9839519461,-87.6532151083,POINT (-87.653215108266 41.983951946132)
269bdfb9efbee5a7987219f229bec222551b7ca016517aa601820fac6386c1004f176f610691bf33ccae81dc758f194da334fd53c20e7e990fd76f4abc397ffe,,08/13/2025 04:40:00 PM,25,NO CONTROLS,NO CONTROLS,CLEAR,DAYLIGHT,REAR END,ONE-WAY,,STRAIGHT AND LEVEL,DRY,NO DEFECTS,NOT ON SCENE (DESK REPORT),NO INJURY / DRIVE AWAY,,,,"OVER $1,500",08/13/2025 05:30:00 PM,UNABLE TO DETERMINE,UNABLE TO DETERMINE,8389,S,ANTHONY AVE,412,,,,,,,2,NO INDICATION OF INJURY,0,0,0,0,0,2,0,16,4,8,41.7426665972,-87.5760882671,POINT (-87.57608826709 41.742666597179)
4f9e9b5994c5b85951073f1fa02c33ceaebf87b5cb1ff479b3cd50e2920c5098742c8a8703edd018e252ee862e59a38b8ef0fe75028ee134715b02812defaaa3,,08/13/2025 04:32:00 PM,25,NO CONTROLS,NO CONTROLS,CLEAR,DAYLIGHT,REAR END,PARKING LOT,,STRAIGHT AND LEVEL,DRY,NO DEFECTS,NOT ON SCENE (DESK REPORT),NO INJURY / DRIVE AWAY,,,,"OVER $1,500",08/13/2025 05:00:00 PM,UNABLE TO DETERMINE,NOT APPLICABLE,9901,S,DR MARTIN LUTHER KING JR DR,511,,,,,,,2,NO INDICATION OF INJURY,0,0,0,0,0,2,0,16,4,8,41.7145740319,-87.6138305262,POINT (-87.613830526229 41.714574031879)
1dbeac71a6687ea9379d4046b78770a9b748eed550ff6f162062cd63e8f3e1fdd5d6335b4d933196dadce182ed10aa6ea266a91f30430dd40be6aa4f527bada2,,08/13/2025 04:30:00 PM,25,TRAFFIC SIGNAL,UNKNOWN,CLEAR,DAYLIGHT,REAR END,NOT DIVIDED,,STRAIGHT AND LEVEL,DRY,NO DEFECTS,NOT ON SCENE (DESK REPORT),NO INJURY / DRIVE AWAY,,,,$500 OR LESS,08/13/2025 04:41:00 PM,UNABLE TO DETERMINE,UNABLE TO DETERMINE,2341,S,DAMEN AVE,1034,,,,,,,2,NO INDICATION OF INJURY,0,0,0,0,0,2,0,16,4,8,41.8490642189,-87.6756158488,POINT (-87.675615848843 41.849064218863)
4f5776db533b467ec87c8be4704577c4700fe5b3595df8610f19cec615486ad16eb98d8948390b42b8fa338f086fb982e494b1eb02338cc791ba88c0477e9430,,08/13/2025 04:30:00 PM,35,TRAFFIC SIGNAL,FUNCTIONING PROPERLY,CLEAR,DAYLIGHT,ANGLE,FOUR WAY,,STRAIGHT AND LEVEL,DRY,NO DEFECTS,ON SCENE,INJURY AND / OR TOW DUE TO CRASH,Y,,,"OVER $1,500",08/13/2025 04:35:00 PM,DISREGARDING TRAFFIC SIGNALS,DISREGARDING TRAFFIC SIGNALS,800,N,LAKE SHORE DR SB,1833,,,,,,,2,NONINCAPACITATING INJURY,1,0,0,1,0,2,0,16,4,8,41.8968049724,-87.6170274232,POINT (-87.617027423234 41.896804972416)
7e7e03ed9a9e59f2ce116a817682f293da16070d3707e2be7b0aa7a3932bdb931699ba167ee0b449906a080511909146eb7b5d347b76571e8dbdad1a4d901adf,,08/13/2025 04:30:00 PM,30,NO CONTROLS,NO CONTROLS,CLEAR,DAYLIGHT,PARKED MOTOR VEHICLE,NOT DIVIDED,,STRAIGHT AND LEVEL,DRY,NO DEFECTS,ON SCENE,NO INJURY / DRIVE AWAY,,,Y,"OVER $1,500",08/13/2025 04:30:00 PM,UNABLE TO DETERMINE,NOT APPLICABLE,1158,W,49TH ST,933,,,,,,,2,NO INDICATION OF INJURY,0,0,0,0,0,1,0,16,4,8,41.8052032271,-87.655096206,POINT (-87.65509620595 41.805203227059)
b64234e9a9da55bfad631622a287c9e639776b7b30e4e2cd32bec5c08af2d03b47d33a132b6d5e9bb9342d52261ad514d4d370ae954bbe4d9112ad452a628708,,08/13/2025 04:30:00 PM,25,NO CONTROLS,NO CONTROLS,CLEAR,DAYLIGHT,ANIMAL,NOT DIVIDED,,STRAIGHT AND LEVEL,DRY,NO DEFECTS,NOT ON SCENE (DESK REPORT),NO INJURY / DRIVE AWAY,,,,$500 OR LESS,08/15/2025 03:35:00 PM,UNABLE TO DETERMINE,UNABLE TO DETERMINE,5243,S,KOSTNER AVE,815,,,,,,,1,NO INDICATION OF INJURY,0,0,0,0,0,1,0,16,4,8,41.7973285506,-87.7329346743,POINT (-87.732934674282 41.797328550616)
1ad5b683a14543a7c935b178137ebf5442b0e839548e67343ddc1d98344337ca51797859a93ecc8bd0a0f7e70fcd0fa5467b51979386c21a2841d71e2ffc24b6,,08/13/2025 04:29:00 PM,55,NO CONTROLS,NO CONTROLS,CLEAR,DAYLIGHT,REAR END,DIVIDED - W/MEDIAN BARRIER,,STRAIGHT AND LEVEL,DRY,SHOULDER DEFECT,ON SCENE,INJURY AND / OR TOW DUE TO CRASH,,,,"OVER $1,500",08/13/2025 04:34:00 PM,FOLLOWING TOO CLOSELY,FOLLOWING TOO CLOSELY,3959,N,LAKE SHORE DR,1925,N,,,,,,2,NO INDICATION OF INJURY,0,0,0,0,0,2,0,16,4,8,41.9545738371,-87.6450960119,POINT (-87.645096011895 41.954573837089)
4a4562f191491aae4f60973e3b1f6a230e3c5666033633be8ab0792d2cba4ad78470c77cc3e7b66c39f4aac42362341967bd601b86c5338944696a80a63e72f1,,08/13/2025 04:28:00 PM,30,STOP SIGN/FLASHER,FUNCTIONING PROPERLY,CLEAR,DAYLIGHT,TURNING,FOUR WAY,,STRAIGHT AND LEVEL,DRY,NO DEFECTS,NOT ON SCENE (DESK REPORT),NO INJURY / DRIVE AWAY,Y,,,"OVER $1,500",08/13/2025 05:30:00 PM,UNABLE TO DETERMINE,NOT APPLICABLE,8354,S,ANTHONY AVE,412,,,,,,,2,NO INDICATION OF INJURY,0,0,0,0,0,2,0,16,4,8,41.7430154658,-87.5769918963,POINT (-87.576991896265 41.743015465794)
9228c3acc3da815b7388352255e465ddb94ac9d929f069b1ee625258239bc192b0bd3e00923a9c090292059d490601ef57d034af789ce759d15b5374ded7147c,,08/13/2025 04:22:00 PM,30,NO CONTROLS,NO CONTROLS,CLEAR,DAYLIGHT,PARKED MOTOR VEHICLE,NOT DIVIDED,,STRAIGHT AND LEVEL,DRY,NO DEFECTS,NOT ON SCENE (DESK REPORT),INJURY AND / OR TOW DUE TO CRASH,,,,"$501 - $1,500",08/13/2025 08:09:00 PM,FOLLOWING TOO CLOSELY,NOT APPLICABLE,7117,N,CLARK ST,2423,,,,,,,2,NONINCAPACITATING INJURY,1,0,0,1,0,1,0,16,4,8,42.0119757995,-87.6743840578,POINT (-87.674384057769 42.011975799512)
f76a6496086809520ab0aa02a05400aaa23de5121c910f944ba74efc69ae016d3b9ad41501903a8dd9509cc4a7518acf13f63dcaf7976e30510760c11f9a2483,,08/13/2025 04:15:00 PM,30,UNKNOWN,UNKNOWN,UNKNOWN,DAYLIGHT,REAR END,OTHER,,STRAIGHT AND LEVEL,UNKNOWN,UNKNOWN,NOT ON SCENE (DESK REPORT),NO INJURY / DRIVE AWAY,,,,"OVER $1,500",08/13/2025 07:00:00 PM,UNABLE TO DETERMINE,UNABLE TO DETERMINE,1331,S,PRAIRIE AVE,132,,,,,,,2,NO INDICATION OF INJURY,0,0,0,0,0,2,0,16,4,8,41.8651219501,-87.6208097201,POINT (-87.620809720105 41.865121950073)
6412733b0b9d577292c59233046d1179be8022dad6866da8691041b8631698cb2924ee00de2e6ca9c4d99517e59a16170e6ab76a70c5ff777bce412b7bcfe39b,,08/13/2025 04:10:00 PM,30,NO CONTROLS,NO CONTROLS,CLEAR,DAYLIGHT,SIDESWIPE SAME DIRECTION,DIVIDED - W/MEDIAN (NOT RAISED),,STRAIGHT ON GRADE,DRY,NO DEFECTS,ON SCENE,NO INJURY / DRIVE AWAY,,,,"OVER $1,500",08/13/2025 04:15:00 PM,FAILING TO REDUCE SPEED TO AVOID CRASH,"VISION OBSCURED (SIGNS, TREE LIMBS, BUILDINGS, ETC.)",2338,N,CALIFORNIA AVE,1414,,,,,,,2,NO INDICATION OF INJURY,0,0,0,0,0,3,0,16,4,8,41.9239599417,-87.697540605,POINT (-87.697540604962 41.923959941666)
8a786b4d039ab1a8c7f8aa6f5e46053a5bbdc69ca34cdb329c58d53b3c01926ffae5ac1cb9a4f27e409313eb20799fdeea0b14c0623b3db117f3b774dce993a1,,08/13/2025 04:10:00 PM,30,TRAFFIC SIGNAL,FUNCTIONING PROPERLY,CLEAR,DAYLIGHT,REAR END,FOUR WAY,,STRAIGHT AND LEVEL,DRY,UNKNOWN,ON SCENE,NO INJURY / DRIVE AWAY,,,,"OVER $1,500",08/13/2025 05:00:00 PM,FOLLOWING TOO CLOSELY,UNABLE TO DETERMINE,2600,W,31ST BLVD,1034,,,,,,,2,NO INDICATION OF INJURY,0,0,0,0,0,2,0,16,4,8,41.8382432053,-87.6907173654,POINT (-87.690717365388 41.838243205348)
f0a6bf47db138e8f7c7b01d1df56e2885a51946595d3d7e81e81e7d94a4c238137436e00d87e077a19fd315af2829d2becef3abbd820fcf7b5bca3758d9b82d5,,08/13/2025 04:10:00 PM,25,NO CONTROLS,NO CONTROLS,CLEAR,DAYLIGHT,PARKED MOTOR VEHICLE,ONE-WAY,,STRAIGHT ON GRADE,DRY,NO DEFECTS,NOT ON SCENE (DESK REPORT),NO INJURY / DRIVE AWAY,,,,"OVER $1,500",08/25/2025 12:15:00 PM,UNABLE TO DETERMINE,NOT APPLICABLE,2403,W,BERTEAU AVE,1911,,,,,,,2,NO INDICATION OF INJURY,0,0,0,0,0,1,0,16,4,8,41.957558112,-87.6887707077,POINT (-87.688770707684 41.957558111994)
32dd6be785de26d57fbe589d999578b4a454c12562a42bff44511e93bd1104115d87e858b627978034a3d97f6a7520ffe6353b30f611a65062d930a8b38dd476,,08/13/2025 04:08:00 PM,30,TRAFFIC SIGNAL,FUNCTIONING PROPERLY,CLEAR,DAYLIGHT,REAR END,NOT DIVIDED,,STRAIGHT AND LEVEL,DRY,NO DEFECTS,ON SCENE,NO INJURY / DRIVE AWAY,Y,,,"OVER $1,500",08/13/2025 04:08:00 PM,TEXTING,CELL PHONE USE OTHER THAN TEXTING,8300,S,YATES BLVD,412,,,,,,,2,NO INDICATION OF INJURY,0,0,0,0,0,4,0,16,4,8,41.7443693006,-87.5662707113,POINT (-87.566270711305 41.744369300555)
26b2f6fc97786eff2f2a4f905fc644154ab1b118869882aa42b646bed85d1e793e6bacc8944a3617b06747cb3c473939350ef1fa9af32c20c6004be8c9875463,,08/13/2025 04:00:00 PM,25,UNKNOWN,UNKNOWN,UNKNOWN,UNKNOWN,PEDALCYCLIST,ONE-WAY,,STRAIGHT AND LEVEL,UNKNOWN,UNKNOWN,,NO INJURY / DRIVE AWAY,,,,"OVER $1,500",08/13/2025 05:15:00 PM,NOT APPLICABLE,NOT APPLICABLE,520,N,DEARBORN ST,1831,,,,,,,2,NO INDICATION OF INJURY,0,0,0,0,0,2,0,16,4,8,41.8916012848,-87.6297967052,POINT (-87.629796705231 41.891601284754)