CRASH_RECORD_ID,CRASH_DATE_EST_I,CRASH_DATE,POSTED_SPEED_LIMIT,TRAFFIC_CONTROL_DEVICE,DEVICE_CONDITION,WEATHER_CONDITION,LIGHTING_CONDITION,FIRST_CRASH_TYPE,TRAFFICWAY_TYPE,LANE_CNT,ALIGNMENT,ROADWAY_SURFACE_COND,ROAD_DEFECT,REPORT_TYPE,CRASH_TYPE,INTERSECTION_RELATED_I,NOT_RIGHT_OF_WAY_I,HIT_AND_RUN_I,DAMAGE,DATE_POLICE_NOTIFIED,PRIM_CONTRIBUTORY_CAUSE,SEC_CONTRIBUTORY_CAUSE,STREET_NO,STREET_DIRECTION,STREET_NAME,BEAT_OF_OCCURRENCE,PHOTOS_TAKEN_I,STATEMENTS_TAKEN_I,DOORING_I,WORK_ZONE_I,WORK_ZONE_TYPE,WORKERS_PRESENT_I,NUM_UNITS,MOST_SEVERE_INJURY,INJURIES_TOTAL,INJURIES_FATAL,INJURIES_INCAPACITATING,INJURIES_NON_INCAPACITATING,INJURIES_REPORTED_NOT_EVIDENT,INJURIES_NO_INDICATION,INJURIES_UNKNOWN,CRASH_HOUR,CRASH_DAY_OF_WEEK,CRASH_MONTH,LATITUDE,LONGITUDE,LOCATION
b0627247d01095dcbe7993dd444e3534a2332d1c50c9e1ec8fd3d1bb567ca6d741617bd3608f107f04cbf33842659342e4af1e503a1030749d662b4f7b0fa5c6,,08/13/2025 04:00:00 PM,30,TRAFFIC SIGNAL,NO CONTROLS,CLEAR,DAYLIGHT,ANGLE,NOT DIVIDED,,STRAIGHT AND LEVEL,DRY,NO DEFECTS,NOT ON SCENE (DESK REPORT),NO INJURY / DRIVE AWAY,N,,,"OVER $1,500",08/13/2025 04:22:00 PM,IMPROPER OVERTAKING/PASSING,FAILING TO YIELD RIGHT-OF-WAY,8203,S,HALSTED ST,622,,,,,,,2,NO INDICATION OF INJURY,0,0,0,0,0,2,0,16,4,8,41.7450426944,-87.6437318958,POINT (-87.643731895837 41.745042694375)
da42413964d01be3a0d6815cd96306e49b9290daebcec166dc9edad9e9cbf75f3e13005d5e713acc7e71ab07735e5d63e0df18d740635b03a67b1eb14c3b5031,,08/13/2025 03:56:00 PM,30,NO CONTROLS,NO CONTROLS,CLEAR,DAYLIGHT,PEDALCYCLIST,ONE-WAY,,STRAIGHT AND LEVEL,DRY,NO DEFECTS,ON SCENE,INJURY AND / OR TOW DUE TO CRASH,,,Y,$500 OR LESS,08/13/2025 03:58:00 PM,IMPROPER OVERTAKING/PASSING,FAILING TO YIELD RIGHT-OF-WAY,555,W,ADAMS ST,121,,,,,,,2,NONINCAPACITATING INJURY,1,0,0,1,0,1,0,15,4,8,41.8791705594,-87.6417961401,POINT (-87.641796140113 41.879170559388)
687b3d00e2ad4cf2aeeb040b5a360cc4839293dee6eb45fc9269bcf0b18048658f47aaac24cbd6ebbc6f2a179c3589b7a038e4554c320fd09fb60951aac932a1,,08/13/2025 03:50:00 PM,35,NO CONTROLS,NO CONTROLS,CLEAR,DAYLIGHT,PEDALCYCLIST,NOT DIVIDED,,STRAIGHT AND LEVEL,DRY,NO DEFECTS,ON SCENE,INJURY AND / OR TOW DUE TO CRASH,,,,$500 OR LESS,08/13/2025 03:54:00 PM,FAILING TO YIELD RIGHT-OF-WAY,NOT APPLICABLE,2845,N,BROADWAY,1934,,,Y,,,,2,NONINCAPACITATING INJURY,1,0,0,1,0,1,0,15,4,8,41.9339814143,-87.6442622021,POINT (-87.644262202054 41.933981414324)
d8846be453ae6ef80eeb6542b6ce23df69bcf23a3fa90f4088223a703b709b5a549931ca4513eec3355b426a4397dc79f352d87ece00ff8bebb6ad7d7507b38f,,08/13/2025 03:50:00 PM,30,TRAFFIC SIGNAL,FUNCTIONING PROPERLY,CLEAR,DAYLIGHT,REAR END,DIVIDED - W/MEDIAN (NOT RAISED),,STRAIGHT AND LEVEL,DRY,UNKNOWN,NOT ON SCENE (DESK REPORT),NO INJURY / DRIVE AWAY,,,,"$501 - $1,500",08/14/2025 08:30:00 AM,IMPROPER LANE USAGE,NOT APPLICABLE,1732,N,LA SALLE DR,1814,,,,,,,2,NO INDICATION OF INJURY,0,0,0,0,0,2,0,15,4,8,,,
3b10e8970f7a1f81bdf23ffc0144d8adc7606a9b6a3d4a1d3e60e440d516539f317eeb71db88102f857c629df95a5ba819a5ced8477fa7d8faaece61d415876c,,08/13/2025 03:46:00 PM,30,STOP SIGN/FLASHER,FUNCTIONING PROPERLY,CLEAR,DAYLIGHT,REAR END,UNKNOWN,,STRAIGHT AND LEVEL,DRY,UNKNOWN,NOT ON SCENE (DESK REPORT),NO INJURY / DRIVE AWAY,,,Y,"OVER $1,500",08/13/2025 05:25:00 PM,FOLLOWING TOO CLOSELY,DRIVING SKILLS/KNOWLEDGE/EXPERIENCE,1821,W,DIVISION ST,1212,,,,,,,2,NO INDICATION OF INJURY,0,0,0,0,0,2,0,15,4,8,41.9031424996,-87.6732390717,POINT (-87.673239071743 41.903142499603)
6d736a4a5c7b556866f5df48fae102c2cc8381619a0e1c726f7a1bfccffba21f57db452f911f9c86d803202b613e5f984c99a781380b2efcca03bef81045de50,,08/13/2025 03:40:00 PM,30,TRAFFIC SIGNAL,FUNCTIONING PROPERLY,CLEAR,DAYLIGHT,PEDALCYCLIST,ONE-WAY,,STRAIGHT AND LEVEL,DRY,NO DEFECTS,NOT ON SCENE (DESK REPORT),INJURY AND / OR TOW DUE TO CRASH,,,,$500 OR LESS,08/14/2025 10:15:00 AM,UNABLE TO DETERMINE,NOT APPLICABLE,550,W,ADAMS ST,121,,,,,,,2,NONINCAPACITATING INJURY,1,0,0,1,0,1,0,15,4,8,41.8793927981,-87.6416261769,POINT (-87.641626176901 41.87939279811)
9680a1befed44650dc19375ec4f4063690c43999e59367c46c7807ebfc7f84877d54c9a829e7ef157c7994c231ceb9c944a44d26a28895fa383b3d171f09024e,,08/13/2025 03:40:00 PM,30,TRAFFIC SIGNAL,FUNCTIONING PROPERLY,CLEAR,DAYLIGHT,PEDESTRIAN,FOUR WAY,,STRAIGHT AND LEVEL,UNKNOWN,UNKNOWN,NOT ON SCENE (DESK REPORT),NO INJURY / DRIVE AWAY,,,,$500 OR LESS,08/13/2025 04:20:00 PM,DISREGARDING TRAFFIC SIGNALS,NOT APPLICABLE,201,S,WESTERN AVE,1225,,,,,,,2,NO INDICATION OF INJURY,0,0,0,0,0,2,0,15,4,8,41.8785390058,-87.6862167013,POINT (-87.686216701342 41.878539005792)
81589bd3401d45f0fe1b4cc3c796dba514a344dc261d302e4bcc824177848aaf114edda14521cc26826c76e448c9e82783ecbebf9ecda2b141e684bb2e01cdac,,08/13/2025 03:38:00 PM,30,STOP SIGN/FLASHER,FUNCTIONING PROPERLY,CLEAR,DAYLIGHT,TURNING,FOUR WAY,,STRAIGHT AND LEVEL,DRY,NO DEFECTS,ON SCENE,NO INJURY / DRIVE AWAY,,,,"$501 - $1,500",08/13/2025 03:40:00 PM,UNABLE TO DETERMINE,UNABLE TO DETERMINE,340,N,ASHLAND AVE,1215,,,,,,,2,NO INDICATION OF INJURY,0,0,0,0,0,2,0,15,4,8,41.8881469024,-87.6672059764,POINT (-87.667205976363 41.888146902357)
51c5334dd4bc4322ccecab9e8308da08daae27358af2f841d26f1a831b6fae8311ce7af0b04f59a1d3f5d68940162b439279db0957aaf34816c98335c9a74bc5,,08/13/2025 03:37:00 PM,30,NO CONTROLS,NO CONTROLS,CLEAR,DAYLIGHT,PARKED MOTOR VEHICLE,NOT DIVIDED,,STRAIGHT AND LEVEL,DRY,NO DEFECTS,,NO INJURY / DRIVE AWAY,,,,"OVER $1,500",08/13/2025 04:20:00 PM,UNABLE TO DETERMINE,NOT APPLICABLE,3952,W,MADISON ST,1122,,,,,,,2,NO INDICATION OF INJURY,0,0,0,0,0,2,0,15,4,8,41.8808508399,-87.7246325281,POINT (-87.72463252812 41.880850839877)
503ab36d6dcc3a00c4fd1fb25d560407ed45cb59991a16c1fc1a43c82ff1c8c0b4b30c5e135b9023a6ab224b00a8f47d42f35c84a5287d5afbb5461da3ef308e,N,08/13/2025 03:30:00 PM,35,NO CONTROLS,NO CONTROLS,UNKNOWN,DAYLIGHT,PARKED MOTOR VEHICLE,PARKING LOT,,STRAIGHT AND LEVEL,UNKNOWN,UNKNOWN,ON SCENE,NO INJURY / DRIVE AWAY,,N,Y,"OVER $1,500",08/19/2025 11:00:00 AM,UNABLE TO DETERMINE,NOT APPLICABLE,6220,S,COTTAGE GROVE AVE,313,,,,,,,2,NO INDICATION OF INJURY,0,0,0,0,0,1,0,15,4,8,41.7815741301,-87.6061040706,POINT (-87.606104070639 41.781574130075)
66fec5e5451a735edba3d9ec8be8b0d4428e42fd6c2ed47a1ec9f813fa706e282ac3f37c5da2e113fe401edd347bf0962079bb14342d645566d0d277da8e409c,,08/13/2025 03:30:00 PM,30,NO CONTROLS,NO CONTROLS,CLEAR,DAYLIGHT,PARKED MOTOR VEHICLE,DIVIDED - W/MEDIAN (NOT RAISED),,STRAIGHT AND LEVEL,DRY,NO DEFECTS,NOT ON SCENE (DESK REPORT),NO INJURY / DRIVE AWAY,,,,"OVER $1,500",08/13/2025 04:30:00 PM,UNABLE TO DETERMINE,NOT APPLICABLE,7908,S,HALSTED ST,621,,,,,,,2,NO INDICATION OF INJURY,0,0,0,0,0,2,0,15,4,8,41.7503223874,-87.6441824061,POINT (-87.644182406058 41.750322387408)
96de06e57e68a0561bd025c21b7db2db2a7af57bc01c04af916cbe0e000f757977c3cd943c5cac31237abde00c06d3efaabf75389b60ca7649c224760fd9e37b,,08/13/2025 03:30:00 PM,30,STOP SIGN/FLASHER,NO CONTROLS,CLEAR,DAYLIGHT,REAR TO SIDE,FOUR WAY,,STRAIGHT AND LEVEL,DRY,NO DEFECTS,NOT ON SCENE (DESK REPORT),INJURY AND / OR TOW DUE TO CRASH,Y,,,"OVER $1,500",08/13/2025 05:00:00 PM,FAILING TO YIELD RIGHT-OF-WAY,NOT APPLICABLE,9256,S,LAFLIN ST,2221,,,,,,,2,INCAPACITATING INJURY,1,0,1,0,0,1,0,15,4,8,41.7250370532,-87.6604823197,POINT (-87.660482319704 41.725037053189)
e4170c9d23ff9ebdba28026b20cd7f5174c0831b7151df86a567f35d552af007e0839501b8144a9f7b5b798d4c17b074a909a2172c8326360f83afced01d6139,,08/13/2025 03:30:00 PM,30,TRAFFIC SIGNAL,NO CONTROLS,CLEAR,DAYLIGHT,ANGLE,DIVIDED - W/MEDIAN BARRIER,,STRAIGHT AND LEVEL,DRY,NO DEFECTS,NOT ON SCENE (DESK REPORT),NO INJURY / DRIVE AWAY,,,,"OVER $1,500",08/13/2025 04:45:00 PM,DISREGARDING TRAFFIC SIGNALS,NOT APPLICABLE,45,E,45TH ST,215,,,,,,,2,NO INDICATION OF INJURY,0,0,0,0,0,2,0,15,4,8,41.8129742184,-87.6244804917,POINT (-87.624480491741 41.812974218447)
350cd357cacd3c1593d139b828796a7f118f2f85ac5f8094a0bcd308df4ecba4cc6929c1de5eabf919d222d7f37a25799a3db081aa330732b1514ddfb26c04c1,,08/13/2025 03:20:00 PM,20,NO CONTROLS,NO CONTROLS,CLEAR,DAYLIGHT,PARKED MOTOR VEHICLE,NOT DIVIDED,,STRAIGHT AND LEVEL,DRY,NO DEFECTS,ON SCENE,NO INJURY / DRIVE AWAY,,,Y,"OVER $1,500",08/13/2025 04:19:00 PM,UNABLE TO DETERMINE,NOT APPLICABLE,2904,W,SHERWIN AVE,2411,,,,,,,2,NO INDICATION OF INJURY,0,0,0,0,0,1,0,15,4,8,42.014843609,-87.7023019459,POINT (-87.70230194591 42.014843608969)
430d39923448e5e8e856bce48d828171170aba9fb011d72e7eb2322bda42f23215cb44d51a1c7f5554d1174152e1a0a3353f56bb0d3b0b53799ff48837738fe0,,08/13/2025 03:16:00 PM,25,NO CONTROLS,NO CONTROLS,CLEAR,DAYLIGHT,TURNING,TRAFFIC ROUTE,,STRAIGHT AND LEVEL,DRY,NO DEFECTS,NOT ON SCENE (DESK REPORT),NO INJURY / DRIVE AWAY,,,Y,"$501 - $1,500",08/13/2025 04:00:00 PM,IMPROPER OVERTAKING/PASSING,IMPROPER OVERTAKING/PASSING,1938,E,95TH ST,413,,,,,,,2,NO INDICATION OF INJURY,0,0,0,0,0,4,0,15,4,8,41.7225667251,-87.5762603972,POINT (-87.576260397238 41.722566725117)
5df53fed78f2a7354417ff100b7c07e169eede467506809be9b2ca4c9cae1a166564e4dac6428bdec4e8c4c388aba76a64c9b56cfeba02db23afb25891d52c6a,,08/13/2025 03:16:00 PM,30,UNKNOWN,UNKNOWN,CLEAR,DAYLIGHT,TURNING,ONE-WAY,,STRAIGHT AND LEVEL,DRY,NO DEFECTS,NOT ON SCENE (DESK REPORT),NO INJURY / DRIVE AWAY,,,,$500 OR LESS,08/13/2025 04:30:00 PM,IMPROPER TURNING/NO SIGNAL,IMPROPER TURNING/NO SIGNAL,705,S,INDEPENDENCE BLVD,1133,,,,,,,2,NO INDICATION OF INJURY,0,0,0,0,0,2,0,15,4,8,41.8724413776,-87.7195859945,POINT (-87.719585994496 41.872441377579)
ad7282d97d096ab5ac10742cad3c6f0f958d53c90114dedc6f85b50774133a6583df3db13eb81e49e921497ddbac07a7617c267f436d2a95bec27a1a401c8c98,,08/13/2025 03:10:00 PM,30,TRAFFIC SIGNAL,FUNCTIONING PROPERLY,CLEAR,DAYLIGHT,TURNING,NOT DIVIDED,,STRAIGHT AND LEVEL,DRY,NO DEFECTS,NOT ON SCENE (DESK REPORT),NO INJURY / DRIVE AWAY,,,Y,"OVER $1,500",08/13/2025 04:00:00 PM,DISREGARDING TRAFFIC SIGNALS,FAILING TO YIELD RIGHT-OF-WAY,9950,S,TORRENCE AVE,431,,,,,,,2,NO INDICATION OF INJURY,0,0,0,0,0,2,0,15,4,8,41.7137968956,-87.5598999433,POINT (-87.559899943268 41.713796895552)
c375841931b31fb00d517ae0d81c86487861fd86b7ad842c0dbd630f39ff04f7fa5208783fdafc1dab5bf84b3a4440fc25c5a807239f744c9eebc7807f13c7ff,,08/13/2025 03:08:00 PM,30,TRAFFIC SIGNAL,FUNCTIONING PROPERLY,CLEAR,DAYLIGHT,TURNING,NOT DIVIDED,,STRAIGHT AND LEVEL,DRY,NO DEFECTS,,NO INJURY / DRIVE AWAY,Y,,,"$501 - $1,500",08/13/2025 03:50:00 PM,FAILING TO YIELD RIGHT-OF-WAY,UNABLE TO DETERMINE,3632,W,IRVING PARK RD,1723,,,,,,,2,NO INDICATION OF INJURY,0,0,0,0,0,5,0,15,4,8,41.9538408125,-87.7191405331,POINT (-87.719140533085 41.953840812484)
475e5719b3ea862a0ef5bd252269a541ee70b15af432eb9309fb1e07c32c73f67c9902e24ca7100adb2e861ccb1fb5a2ba8512bdbe073d8988b24166be49b6d7,,08/13/2025 03:05:00 PM,30,NO CONTROLS,NO CONTROLS,CLEAR,DAYLIGHT,PEDESTRIAN,NOT DIVIDED,,STRAIGHT AND LEVEL,DRY,NO DEFECTS,ON SCENE,INJURY AND / OR TOW DUE TO CRASH,,,,"OVER $1,500",08/13/2025 03:15:00 PM,RELATED TO BUS STOP,RELATED TO BUS STOP,2425,E,79TH ST,422,,,,,,,2,NONINCAPACITATING INJURY,1,0,0,1,0,1,0,15,4,8,41.751633599,-87.5651606509,POINT (-87.565160650934 41.751633598976)
10762db6694cd48ca3a2421e6c5cc816dc81c5f38032e38a5c2c0cef48f59be50ad5acacc9146332c803f67fe99bda99c092df665dbe8c953e27f92214276594,,08/13/2025 03:00:00 PM,30,STOP SIGN/FLASHER,FUNCTIONING PROPERLY,CLEAR,DAYLIGHT,PEDESTRIAN,FOUR WAY,,STRAIGHT AND LEVEL,DRY,NO DEFECTS,ON SCENE,INJURY AND / OR TOW DUE TO CRASH,,,Y,$500 OR LESS,08/13/2025 04:46:00 PM,DISREGARDING STOP SIGN,NOT APPLICABLE,1400,N,LOCKWOOD AVE,2532,,,,,,,2,"REPORTED, NOT EVIDENT",1,0,0,0,1,3,0,15,4,8,41.9059335799,-87.7584906969,POINT (-87.758490696945 41.905933579926)
72bc0658e9f16223c3e8173141055e58e89c2e2239e44dd05f4dd54914bce72ab7dbb5149085c61e17b4a623838c3f4257d8492c2f5af4fa9aa4717d741fbd17,,08/13/2025 03:00:00 PM,30,NO CONTROLS,NO CONTROLS,CLEAR,DAYLIGHT,OTHER OBJECT,DIVIDED - W/MEDIAN BARRIER,,STRAIGHT AND LEVEL,DRY,NO DEFECTS,NOT ON SCENE (DESK REPORT),NO INJURY / DRIVE AWAY,,,,"$501 - $1,500",08/16/2025 06:40:00 AM,ROAD CONSTRUCTION/MAINTENANCE,ROAD CONSTRUCTION/MAINTENANCE,5140,N,KENNEDY EXPY OB,1622,,,,Y,CONSTRUCTION,Y,1,NO INDICATION OF INJURY,0,0,0,0,0,1,0,15,4,8,41.9750159799,-87.7707877407,POINT (-87.770787740717 41.97501597986)
929fac6b7c7e3df8694b97758018fa93268c378900eb52196fbff9e334d1c8f1f70e477876ab71b8377935a28b5af304d6e3a78eab6fca067e443374cc951c76,,08/13/2025 03:00:00 PM,30,NO CONTROLS,NO CONTROLS,CLEAR,DAYLIGHT,PEDALCYCLIST,DIVIDED - W/MEDIAN (NOT RAISED),,STRAIGHT AND LEVEL,DRY,UNKNOWN,NOT ON SCENE (DESK REPORT),INJURY AND / OR TOW DUE TO CRASH,,,,"OVER $1,500",08/14/2025 09:00:00 AM,DRIVING ON WRONG SIDE/WRONG WAY,DRIVING ON WRONG SIDE/WRONG WAY,6106,W,NORTH AVE,2513,,,,,,,2,NONINCAPACITATING INJURY,1,0,0,1,0,1,0,15,4,8,41.909332947,-87.7779832636,POINT (-87.777983263598 41.909332946956)
cc4f19843ca50df7345281bc52c0466f2644baaf78f1540f0abc1f176c8b081bd80040a4571017972b2ade0e6fc06381a47e182ba665432d024c9ec089c53cb1,,08/13/2025 03:00:00 PM,35,OTHER,OTHER,CLEAR,DAYLIGHT,REAR END,Y-INTERSECTION,,STRAIGHT AND LEVEL,DRY,NO DEFECTS,NOT ON SCENE (DESK REPORT),NO INJURY / DRIVE AWAY,,,,"$501 - $1,500",08/13/2025 03:20:00 PM,UNABLE TO DETERMINE,UNABLE TO DETERMINE,3700,S,WENTWORTH AVE,915,,,,,,,2,NO INDICATION OF INJURY,0,0,0,0,0,5,0,15,4,8,41.8272023118,-87.6315653942,POINT (-87.631565394199 41.827202311791)
e9cc1119856c3c95119d8b626cf2fe93ba8fabf69b2bcba28dac462833fe23185e1ebbadf161f2755fea673b5136101602cb7ab9034c6da9decc5a5b50dfe360,,08/13/2025 03:00:00 PM,30,TRAFFIC SIGNAL,FUNCTIONING PROPERLY,CLEAR,DAYLIGHT,PEDESTRIAN,FOUR WAY,,STRAIGHT AND LEVEL,DRY,NO DEFECTS,ON SCENE,INJURY AND / OR TOW DUE TO CRASH,,,,"$501 - $1,500",08/13/2025 03:04:00 PM,IMPROPER TURNING/NO SIGNAL,FAILING TO YIELD RIGHT-OF-WAY,5600,N,JERSEY AVE,1711,,,,,,,2,NONINCAPACITATING INJURY,1,0,0,1,0,2,0,15,4,8,41.983109198,-87.7090288377,POINT (-87.709028837739 41.983109197962)
f0abb0a8a46f6c3eee747bce12707a1938fc83b3250561b6c6f77610c8a39ad10913b6460aa5f2025a124249bc52a2e65e8f3bde5ae153295710c7073924f28c,,08/13/2025 03:00:00 PM,10,NO CONTROLS,NO CONTROLS,CLEAR,DAYLIGHT,PARKED MOTOR VEHICLE,PARKING LOT,,STRAIGHT AND LEVEL,DRY,NO DEFECTS,NOT ON SCENE (DESK REPORT),NO INJURY / DRIVE AWAY,,,,"OVER $1,500",08/13/2025 07:30:00 PM,IMPROPER BACKING,UNABLE TO DETERMINE,5202,S,KEDZIE AVE,822,,,,,,,2,NO INDICATION OF INJURY,0,0,0,0,0,1,0,15,4,8,41.7988424613,-87.7038563941,POINT (-87.703856394076 41.798842461322)
68f4c81defbc68af0d3c732edc8dd9f3229bbb53627ef5d6d7edf5f8ab210f5056df68b369754559d4826e72b2e3b48963ef8efc3bd3b19c7812409601ad16fc,Y,08/13/2025 02:52:00 PM,30,STOP SIGN/FLASHER,FUNCTIONING PROPERLY,CLEAR,DAYLIGHT,ANGLE,DIVIDED - W/MEDIAN (NOT RAISED),,STRAIGHT AND LEVEL,DRY,WORN SURFACE,ON SCENE,INJURY AND / OR TOW DUE TO CRASH,Y,,,"OVER $1,500",08/13/2025 03:10:00 PM,UNABLE TO DETERMINE,NOT APPLICABLE,833,W,ADAMS ST,1232,,,,,,,2,INCAPACITATING INJURY,1,0,1,0,0,1,0,14,4,8,41.8790858157,-87.6485878512,POINT (-87.648587851174 41.879085815654)
37dfad505e0feba4e1025cf0136185625a2d7033f01422aa9f305f9bcd03f4d9811472095237df314f91c75f44e681cfbbd925c0126d5455b1fe8cade145cf07,,08/13/2025 02:50:00 PM,30,NO CONTROLS,NO CONTROLS,CLEAR,DAYLIGHT,PARKED MOTOR VEHICLE,DIVIDED - W/MEDIAN (NOT RAISED),,STRAIGHT AND LEVEL,DRY,NO DEFECTS,ON SCENE,NO INJURY / DRIVE AWAY,,,,"OVER $1,500",08/13/2025 02:52:00 PM,UNABLE TO DETERMINE,UNABLE TO DETERMINE,3845,N,ASHLAND AVE,1922,,,,,,,2,NO INDICATION OF INJURY,0,0,0,0,0,1,0,14,4,8,41.9519796746,-87.6688438162,POINT (-87.668843816246 41.95197967458)
35edc478bbc8677a5cf66ec7e8fe22b909f603172c08a1ecec7731e0130a1702a0fbe853a1fe0754d66518796a41f4075b9580d8bbdcc00f1cadd07b4310348f,,08/13/2025 02:45:00 PM,30,STOP SIGN/FLASHER,FUNCTIONING PROPERLY,CLEAR,DAYLIGHT,ANGLE,FOUR WAY,,STRAIGHT AND LEVEL,DRY,UNKNOWN,ON SCENE,INJURY AND / OR TOW DUE TO CRASH,Y,,,"OVER $1,500",08/13/2025 02:52:00 PM,DISREGARDING STOP SIGN,FAILING TO YIELD RIGHT-OF-WAY,2500,S,MILLARD AVE,1013,,,,,,,2,NO INDICATION OF INJURY,0,0,0,0,0,3,0,14,4,8,41.8461092655,-87.7162041048,POINT (-87.716204104847 41.846109265455)
4492703b6ffee207b0b1067ed99787be7f206ae1f62f0ec6a2d0194fae294ca2c2303db72997d54e22657a4d68a4a7c4d9d3ce9a9392d4852e30e1d5a77cc194,,08/13/2025 02:40:00 PM,30,NO CONTROLS,NO CONTROLS,CLEAR,DAYLIGHT,REAR TO SIDE,DIVIDED - W/MEDIAN (NOT RAISED),,STRAIGHT AND LEVEL,UNKNOWN,UNKNOWN,NOT ON SCENE (DESK REPORT),NO INJURY / DRIVE AWAY,,,,"$501 - $1,500",08/13/2025 03:00:00 PM,FAILING TO YIELD RIGHT-OF-WAY,NOT APPLICABLE,9824,S,OGLESBY AVE,431,,,,,,,2,NO INDICATION OF INJURY,0,0,0,0,0,2,0,14,4,8,41.7157193926,-87.5659800337,POINT (-87.565980033729 41.715719392632)
489b9a4cd0dcd2cdc765ca273122cd27cbf755c8c289b30bc9fa9d0a8bca61e24829ab14135562d8ab7abafa1ba3c2bd45b833f90ea12baf5a8a9fd279b891b2,,08/13/2025 02:30:00 PM,30,TRAFFIC SIGNAL,FUNCTIONING PROPERLY,CLEAR,DAYLIGHT,PEDESTRIAN,FOUR WAY,,STRAIGHT AND LEVEL,DRY,NO DEFECTS,NOT ON SCENE (DESK REPORT),NO INJURY / DRIVE AWAY,Y,,,"$501 - $1,500",08/14/2025 06:20:00 PM,UNABLE TO DETERMINE,UNABLE TO DETERMINE,2359,W,CHICAGO AVE,1221,,,,,,,2,NO INDICATION OF INJURY,0,0,0,0,0,3,0,14,4,8,41.8956354373,-87.686717188,POINT (-87.686717188009 41.895635437291)
645d9401bb3409d8de8846aadbbfd43f21af815c9a9ecffe42ed7cd48266e5e7add1b6e1607c453235b0109ddb1229f3c069beddcfa06f441f19cc66173be4d2,Y,08/13/2025 02:25:00 PM,30,NO CONTROLS,NO CONTROLS,CLEAR,DAWN,PEDALCYCLIST,NOT DIVIDED,,STRAIGHT AND LEVEL,DRY,NO DEFECTS,ON SCENE,INJURY AND / OR TOW DUE TO CRASH,,,,"OVER $1,500",08/13/2025 02:35:00 PM,DISREGARDING ROAD MARKINGS,FAILING TO REDUCE SPEED TO AVOID CRASH,1238,N,HALSTED ST,1822,,,,,,,2,"REPORTED, NOT EVIDENT",1,0,0,0,1,1,0,14,4,8,41.9046354791,-87.6482694655,POINT (-87.648269465463 41.904635479103)
e523abdf9201d82532acbfbf1a97821e70a2a2744391077ffff5f6fe143cf475bf8bfc5a3ed6f928519aa13c0a9b7f8071a06d303909baa1ecf97755cdbba567,,08/13/2025 02:15:00 PM,25,TRAFFIC SIGNAL,UNKNOWN,CLEAR,DAYLIGHT,TURNING,NOT DIVIDED,,STRAIGHT AND LEVEL,DRY,UNKNOWN,NOT ON SCENE (DESK REPORT),NO INJURY / DRIVE AWAY,,,,$500 OR LESS,08/13/2025 02:35:00 PM,UNABLE TO DETERMINE,UNABLE TO DETERMINE,3459,S,HALSTED ST,915,,,,,,,2,NO INDICATION OF INJURY,0,0,0,0,0,2,0,14,4,8,41.8308047927,-87.6459613483,POINT (-87.64596134827 41.830804792671)
871e8e57e52e274d1f75fd7687c1cb26d306997c4385237350d6fb23b7094449bc1e6ea92e2db2aa66acce4d00852afd2061575ff2e300a764f6cbeed0c86106,,08/13/2025 02:11:00 PM,30,UNKNOWN,UNKNOWN,UNKNOWN,DAYLIGHT,REAR END,DIVIDED - W/MEDIAN (NOT RAISED),,STRAIGHT AND LEVEL,UNKNOWN,UNKNOWN,NOT ON SCENE (DESK REPORT),NO INJURY / DRIVE AWAY,,,Y,"OVER $1,500",08/13/2025 05:04:00 PM,UNABLE TO DETERMINE,UNABLE TO DETERMINE,3601,W,AUGUSTA BLVD,1112,,,,,,,2,NO INDICATION OF INJURY,0,0,0,0,0,2,0,14,4,8,41.8989968384,-87.7164938185,POINT (-87.716493818519 41.898996838364)
63a7ead884f2f9b6601f3a26f5ef2f4c0b8a338f235ba4c040f4918bf341fb1fd2b705d7a69eb20a4cbb58e778127aa40afe1ab127739b3f5e30bff51f7a8534,,08/13/2025 02:05:00 PM,30,TRAFFIC SIGNAL,FUNCTIONING PROPERLY,CLEAR,DAYLIGHT,REAR END,ONE-WAY,,STRAIGHT AND LEVEL,DRY,UNKNOWN,ON SCENE,INJURY AND / OR TOW DUE TO CRASH,Y,,,"$501 - $1,500",08/13/2025 02:07:00 PM,FOLLOWING TOO CLOSELY,UNABLE TO DETERMINE,101,S,FRANKLIN ST,122,,,,,,,2,NO INDICATION OF INJURY,0,0,0,0,0,2,0,14,4,8,41.8805796529,-87.6351324671,POINT (-87.635132467095 41.880579652895)
707ea01a569956f5307c729ab92860e27ecce00e6218fc7218dd40416e18b25634863dce2e309877bbf4cd6b5e1de3a2b1a6140a26b70b0e3ae3f9780b33777d,,08/13/2025 02:00:00 PM,30,TRAFFIC SIGNAL,FUNCTIONING PROPERLY,CLEAR,DAYLIGHT,REAR END,DIVIDED - W/MEDIAN BARRIER,,STRAIGHT AND LEVEL,DRY,NO DEFECTS,NOT ON SCENE (DESK REPORT),NO INJURY / DRIVE AWAY,Y,,,"$501 - $1,500",08/14/2025 09:20:00 AM,FOLLOWING TOO CLOSELY,UNABLE TO DETERMINE,6385,N,MILWAUKEE AVE,1611,,,,,,,2,NO INDICATION OF INJURY,0,0,0,0,0,3,0,14,4,8,41.99739209,-87.7877286013,POINT (-87.78772860133 41.997392089958)
71d72217831b64c869002dd5a6c27271e1779e2093d122ac9262b21041f9bad8cce33643491c6741db742322cf99e15f1cead615ba3895d3860257c3363ef965,,08/13/2025 02:00:00 PM,10,NO CONTROLS,NO CONTROLS,CLEAR,DAYLIGHT,ANGLE,PARKING LOT,,STRAIGHT AND LEVEL,DRY,NO DEFECTS,NOT ON SCENE (DESK REPORT),NO INJURY / DRIVE AWAY,,Y,Y,$500 OR LESS,08/13/2025 03:00:00 PM,IMPROPER BACKING,NOT APPLICABLE,9450,S,ASHLAND AVE,2221,,,,,,,2,NO INDICATION OF INJURY,0,0,0,0,0,2,0,14,4,8,41.7215305376,-87.6628388889,POINT (-87.662838888933 41.721530537574)