CRASH_RECORD_ID,CRASH_DATE_EST_I,CRASH_DATE,POSTED_SPEED_LIMIT,TRAFFIC_CONTROL_DEVICE,DEVICE_CONDITION,WEATHER_CONDITION,LIGHTING_CONDITION,FIRST_CRASH_TYPE,TRAFFICWAY_TYPE,LANE_CNT,ALIGNMENT,ROADWAY_SURFACE_COND,ROAD_DEFECT,REPORT_TYPE,CRASH_TYPE,INTERSECTION_RELATED_I,NOT_RIGHT_OF_WAY_I,HIT_AND_RUN_I,DAMAGE,DATE_POLICE_NOTIFIED,PRIM_CONTRIBUTORY_CAUSE,SEC_CONTRIBUTORY_CAUSE,STREET_NO,STREET_DIRECTION,STREET_NAME,BEAT_OF_OCCURRENCE,PHOTOS_TAKEN_I,STATEMENTS_TAKEN_I,DOORING_I,WORK_ZONE_I,WORK_ZONE_TYPE,WORKERS_PRESENT_I,NUM_UNITS,MOST_SEVERE_INJURY,INJURIES_TOTAL,INJURIES_FATAL,INJURIES_INCAPACITATING,INJURIES_NON_INCAPACITATING,INJURIES_REPORTED_NOT_EVIDENT,INJURIES_NO_INDICATION,INJURIES_UNKNOWN,CRASH_HOUR,CRASH_DAY_OF_WEEK,CRASH_MONTH,LATITUDE,LONGITUDE,LOCATION
d9e7cb30443dcb76c3f0711cf66b706564443caeff54d6f553284e82cd0afe3d7691a0db7e31bc5c4105f96b21887059a040d180308438538d26a850c2148fc9,,08/13/2025 02:00:00 PM,30,TRAFFIC SIGNAL,FUNCTIONING PROPERLY,CLEAR,DAYLIGHT,TURNING,NOT DIVIDED,,STRAIGHT AND LEVEL,DRY,NO DEFECTS,NOT ON SCENE (DESK REPORT),NO INJURY / DRIVE AWAY,,,,"OVER $1,500",08/13/2025 04:10:00 PM,IMPROPER TURNING/NO SIGNAL,DRIVING SKILLS/KNOWLEDGE/EXPERIENCE,2401,W,65TH ST,832,,,,,,,2,NO INDICATION OF INJURY,0,0,0,0,0,2,0,14,4,8,41.7754939643,-87.6836212985,POINT (-87.683621298503 41.775493964254)
dffb66e790ac7d3c7774ac75afbd9968f3288071fbd00491e62dda98bfc7ea1212537ac4191016f3ecdbae20569118382a4a581ac2f6b898812578ab61d4908f,,08/13/2025 02:00:00 PM,30,NO CONTROLS,NO CONTROLS,CLEAR,DAYLIGHT,PARKED MOTOR VEHICLE,OTHER,,STRAIGHT AND LEVEL,DRY,NO DEFECTS,NOT ON SCENE (DESK REPORT),NO INJURY / DRIVE AWAY,,,Y,$500 OR LESS,08/14/2025 02:24:00 PM,UNABLE TO DETERMINE,NOT APPLICABLE,6243,S,EBERHART AVE,313,,,,,,,2,NO INDICATION OF INJURY,0,0,0,0,0,1,0,14,4,8,41.7808267186,-87.6130697868,POINT (-87.613069786772 41.780826718559)
d0ca333999e3cead66547bdf6d1369d718f5eb3fe8c05ba34a295587a1e8e51ff04224666828996bc57e9a66dccf6a1bbc970e893eef985456567a47590b9497,,08/13/2025 01:55:00 PM,30,STOP SIGN/FLASHER,NO CONTROLS,CLEAR,DAYLIGHT,TURNING,NOT DIVIDED,,STRAIGHT AND LEVEL,DRY,NO DEFECTS,NOT ON SCENE (DESK REPORT),NO INJURY / DRIVE AWAY,Y,,,"$501 - $1,500",08/13/2025 02:05:00 PM,UNABLE TO DETERMINE,NOT APPLICABLE,598,E,100TH ST,511,,,,,,,2,NO INDICATION OF INJURY,0,0,0,0,0,3,0,13,4,8,41.7129681655,-87.6091109638,POINT (-87.609110963791 41.712968165494)
2a7c6b522d56a3dfdace3343da6bb30759b98695c3a6b07dba721d73332d869af6a660a98146411a755293478a8f6de5e4cc9df297ad77ee84ee805a7e3ea904,,08/13/2025 01:53:00 PM,30,TRAFFIC SIGNAL,FUNCTIONING PROPERLY,CLEAR,DAYLIGHT,SIDESWIPE SAME DIRECTION,FOUR WAY,,STRAIGHT AND LEVEL,DRY,NO DEFECTS,ON SCENE,NO INJURY / DRIVE AWAY,Y,,,"OVER $1,500",08/13/2025 01:54:00 PM,TURNING RIGHT ON RED,IMPROPER TURNING/NO SIGNAL,5601,N,ASHLAND AVE,2012,,,,,,,2,NO INDICATION OF INJURY,0,0,0,0,0,3,0,13,4,8,41.9835220666,-87.6696708967,POINT (-87.669670896748 41.983522066562)
167f11b3c05705eb1728753320773d6c9369ec24fa9c8090d58456973ff65971cc65973755a262018781c3bb4fdf3d5c8288fb4704dcc22590ddc96cd0617b9b,,08/13/2025 01:45:00 PM,15,NO CONTROLS,NO CONTROLS,CLEAR,DAYLIGHT,ANGLE,PARKING LOT,,STRAIGHT AND LEVEL,DRY,UNKNOWN,ON SCENE,NO INJURY / DRIVE AWAY,,N,,"OVER $1,500",08/13/2025 02:20:00 PM,DRIVING SKILLS/KNOWLEDGE/EXPERIENCE,NOT APPLICABLE,3500,N,KIMBALL AVE,1732,,,,,,,2,NO INDICATION OF INJURY,0,0,0,0,0,2,0,13,4,8,41.9448810738,-87.7128050888,POINT (-87.712805088759 41.944881073845)
7f0a03401ab58b1bdac9d5405e90472916849428b95d78cdf03c6e6a4103d6277b9aa92efa204884ac93e9c54304c8763f3e949c005fec8c80623d52ae7d8591,,08/13/2025 01:40:00 PM,25,NO CONTROLS,NO CONTROLS,CLEAR,DAYLIGHT,TURNING,NOT DIVIDED,,STRAIGHT AND LEVEL,DRY,NO DEFECTS,NOT ON SCENE (DESK REPORT),NO INJURY / DRIVE AWAY,,,,"$501 - $1,500",08/13/2025 02:15:00 PM,IMPROPER OVERTAKING/PASSING,IMPROPER OVERTAKING/PASSING,798,W,72ND ST,732,,,,,,,2,NO INDICATION OF INJURY,0,0,0,0,0,2,0,13,4,8,41.7634937862,-87.6443003297,POINT (-87.644300329744 41.763493786245)
812df73420afb386eb1e60f2b55c5e414cd7bdc94fe118afbcd3d893ab27dacb69224921af18cff08ea3d7804a94762c0884b0865a4cb859446c93cf56f49aa2,,08/13/2025 01:40:00 PM,15,NO CONTROLS,NO CONTROLS,CLEAR,DAYLIGHT,ANGLE,PARKING LOT,,STRAIGHT AND LEVEL,DRY,NO DEFECTS,NOT ON SCENE (DESK REPORT),INJURY AND / OR TOW DUE TO CRASH,,,,"OVER $1,500",08/13/2025 02:40:00 PM,UNABLE TO DETERMINE,NOT APPLICABLE,3500,N,KIMBALL AVE,1732,,,,,,,2,"REPORTED, NOT EVIDENT",1,0,0,0,1,1,0,13,4,8,41.9448810738,-87.7128050888,POINT (-87.712805088759 41.944881073845)
0d8086033c1c8fc3d5fb91a468e7efeaa8bb933205b243adec789544d4df5705ab9ac2bdf51492d26986c39d1cfa3ecb31584638367661de2228d976065ffeac,,08/13/2025 01:30:00 PM,30,TRAFFIC SIGNAL,FUNCTIONING PROPERLY,CLEAR,DAYLIGHT,SIDESWIPE SAME DIRECTION,DIVIDED - W/MEDIAN (NOT RAISED),,STRAIGHT AND LEVEL,DRY,NO DEFECTS,NOT ON SCENE (DESK REPORT),NO INJURY / DRIVE AWAY,,,,"OVER $1,500",08/13/2025 01:45:00 PM,IMPROPER OVERTAKING/PASSING,IMPROPER OVERTAKING/PASSING,5500,S,WENTWORTH AVE,225,,,,,,,2,NO INDICATION OF INJURY,0,0,0,0,0,2,0,13,4,8,,,
38593c690e4e7cb2a14e2e7fcc269a85eae3f64656f365c8ebd65a9dcabc8a779ee4f8b91b3ceb96989c460aa56a085c55c58346cd1feac516cbb811828110c9,,08/13/2025 01:30:00 PM,30,TRAFFIC SIGNAL,FUNCTIONING PROPERLY,CLEAR,DAYLIGHT,TURNING,FOUR WAY,,STRAIGHT AND LEVEL,DRY,UNKNOWN,ON SCENE,NO INJURY / DRIVE AWAY,Y,,,"OVER $1,500",08/13/2025 01:31:00 PM,UNABLE TO DETERMINE,UNABLE TO DETERMINE,5100,S,HALSTED ST,934,,,,,,,2,NO INDICATION OF INJURY,0,0,0,0,0,2,0,13,4,8,41.8015371521,-87.6454903606,POINT (-87.645490360635 41.801537152074)
39e443ca5d9e4520e2e1fc5a2081cd1f31bc63983abff3717cc62e775334ebb06c0a939b402f19affba11af3d6d386a52e34386909bcc5ef8f1973507407abe9,,08/13/2025 01:30:00 PM,15,NO CONTROLS,NO CONTROLS,CLEAR,DAYLIGHT,PARKED MOTOR VEHICLE,PARKING LOT,,STRAIGHT AND LEVEL,DRY,NO DEFECTS,NOT ON SCENE (DESK REPORT),NO INJURY / DRIVE AWAY,,Y,,"OVER $1,500",08/16/2025 12:00:00 PM,UNABLE TO DETERMINE,NOT APPLICABLE,3465,N,KIMBALL AVE,1733,,,,,,,2,NO INDICATION OF INJURY,0,0,0,0,0,1,0,13,4,8,41.9445704778,-87.7125020431,POINT (-87.712502043089 41.944570477818)
a8eaf871e825ad8c7be2314302f09d2e84d51c6e230ecfa680c2732de4b0b6f4407af27ca9749acf9e6bdd50528d9a4b4804bac60dabfeb69e4a1d470dce1f7e,,08/13/2025 01:30:00 PM,5,UNKNOWN,UNKNOWN,CLEAR,UNKNOWN,PARKED MOTOR VEHICLE,PARKING LOT,,STRAIGHT AND LEVEL,DRY,UNKNOWN,NOT ON SCENE (DESK REPORT),NO INJURY / DRIVE AWAY,,,,$500 OR LESS,08/13/2025 02:45:00 PM,UNABLE TO DETERMINE,UNABLE TO DETERMINE,4814,N,CLARK ST,2032,,,,,,,2,NO INDICATION OF INJURY,0,0,0,0,0,2,0,13,4,8,41.9694204668,-87.6677120689,POINT (-87.667712068899 41.969420466801)
a9601dba1479856792b75590147b2b31082cf04c2b29fce80854f94086c431cfe89055412ff82df22ac249879d8984667ea59c518b776601b6e424d42b80a0ca,,08/13/2025 01:17:00 PM,30,UNKNOWN,UNKNOWN,CLEAR,DAYLIGHT,SIDESWIPE SAME DIRECTION,DIVIDED - W/MEDIAN (NOT RAISED),,STRAIGHT AND LEVEL,DRY,NO DEFECTS,NOT ON SCENE (DESK REPORT),NO INJURY / DRIVE AWAY,,,,"$501 - $1,500",08/13/2025 01:50:00 PM,DRIVING ON WRONG SIDE/WRONG WAY,DRIVING ON WRONG SIDE/WRONG WAY,601,N,PULASKI RD,1122,,,,,,,2,NO INDICATION OF INJURY,0,0,0,0,0,2,0,13,4,8,41.8917285945,-87.7258264901,POINT (-87.72582649007 41.891728594504)
0e0db9bafdeabee27b54fc3b3f5eb980674775e227dafaa8cd885794822d2d7b641e1b167a15c23705485d86d26febad9953532be02c53859eece05c637913ce,,08/13/2025 01:15:00 PM,25,NO CONTROLS,NO CONTROLS,CLEAR,DAYLIGHT,TURNING,NOT DIVIDED,,STRAIGHT AND LEVEL,DRY,NO DEFECTS,NOT ON SCENE (DESK REPORT),INJURY AND / OR TOW DUE TO CRASH,Y,,,"OVER $1,500",08/13/2025 01:51:00 PM,NOT APPLICABLE,NOT APPLICABLE,2800,N,HALSTED ST,1933,,,,,,,2,"REPORTED, NOT EVIDENT",1,0,0,0,1,1,0,13,4,8,41.932762143,-87.6491604961,POINT (-87.649160496084 41.93276214296)
7403c3c1f3c1879dc888f2032916c4e15c64af6f5eaaffd4d0d105cac0245b6ba5d7cc65e3bf01c434061878b3a13924afc886545d5a6f4f0a6a2a4433d89625,,08/13/2025 01:15:00 PM,30,OTHER,FUNCTIONING PROPERLY,CLEAR,DAYLIGHT,TURNING,NOT DIVIDED,,STRAIGHT AND LEVEL,DRY,NO DEFECTS,NOT ON SCENE (DESK REPORT),NO INJURY / DRIVE AWAY,,,,"OVER $1,500",08/13/2025 01:17:00 PM,IMPROPER OVERTAKING/PASSING,NOT APPLICABLE,3134,W,63RD ST,823,,,,,,,2,NO INDICATION OF INJURY,0,0,0,0,0,6,0,13,4,8,41.7790982067,-87.7020671232,POINT (-87.702067123231 41.77909820666)
99b114188689a8a55f32016d6f362660f2544f2702084131d9ae37e0eff6e06c616c88f006233fff22621a91041dd1372471a7e86aad844b95628f8882567713,,08/13/2025 01:15:00 PM,30,NO CONTROLS,NO CONTROLS,CLEAR,DAYLIGHT,TURNING,NOT DIVIDED,,STRAIGHT AND LEVEL,DRY,NO DEFECTS,ON SCENE,INJURY AND / OR TOW DUE TO CRASH,,,,"OVER $1,500",08/13/2025 01:20:00 PM,UNABLE TO DETERMINE,NOT APPLICABLE,5026,S,WESTERN AVE,923,,,,,,,2,NONINCAPACITATING INJURY,4,0,0,4,0,2,0,13,4,8,41.8020830017,-87.6843975403,POINT (-87.684397540342 41.802083001749)
313dac0704bc6653ecbbc873224dd04984c6c4e0ff310127433ef0362618cf82badfa9ff5d0065bf6c4f163d759036ea1d0214ae69475f0f7a52d65552e006e4,,08/13/2025 01:10:00 PM,35,TRAFFIC SIGNAL,FUNCTIONING PROPERLY,CLEAR,DAYLIGHT,PEDALCYCLIST,DIVIDED - W/MEDIAN (NOT RAISED),,STRAIGHT AND LEVEL,DRY,NO DEFECTS,ON SCENE,INJURY AND / OR TOW DUE TO CRASH,,,,$500 OR LESS,08/13/2025 01:12:00 PM,NOT APPLICABLE,NOT APPLICABLE,358,W,RANDOLPH ST,122,,,Y,,,,2,NONINCAPACITATING INJURY,1,0,0,1,0,2,0,13,4,8,41.8845711313,-87.6370096615,POINT (-87.63700966151 41.884571131282)
7c1e30428a189ffc54f8bd96dce083bb305c371ea75b00916b4dc65996cd1b02898be48b0c4a37719c00b69ec8f2be0a94f404d0b3307d17e662077b0f70df58,,08/13/2025 01:10:00 PM,30,NO CONTROLS,NO CONTROLS,CLEAR,DAYLIGHT,PEDESTRIAN,NOT DIVIDED,,STRAIGHT AND LEVEL,DRY,NO DEFECTS,NOT ON SCENE (DESK REPORT),NO INJURY / DRIVE AWAY,,,,$500 OR LESS,08/13/2025 02:09:00 PM,FAILING TO YIELD RIGHT-OF-WAY,NOT APPLICABLE,118,N,CLARK ST,122,,,,,,,2,NO INDICATION OF INJURY,0,0,0,0,0,2,0,13,4,8,41.8837001725,-87.6310651231,POINT (-87.631065123099 41.883700172548)
f2e29032fd48d19cedb80587041d87dd0e5ee5e7e979e21925eec1d59b3f85bab27e27d25df93515d6a51ce9223bbf362d6da172c5839a1535d05a7e0a446e1b,,08/13/2025 01:05:00 PM,25,NO CONTROLS,NO CONTROLS,CLEAR,DAYLIGHT,PEDESTRIAN,NOT REPORTED,,STRAIGHT AND LEVEL,DRY,NO DEFECTS,NOT ON SCENE (DESK REPORT),INJURY AND / OR TOW DUE TO CRASH,,,,$500 OR LESS,08/13/2025 07:40:00 PM,UNABLE TO DETERMINE,UNABLE TO DETERMINE,2000,W,18TH ST,1234,,,,,,,2,INCAPACITATING INJURY,1,0,1,0,0,1,0,13,4,8,41.8577710109,-87.6761195654,POINT (-87.676119565392 41.857771010925)
2853025c299db2620d388cb54821fa0c9c162a4cc8ac23ff7bd91f04ca45bde6fbfc14f835e516f1a14d868c2d153f2c93eb1ed07f4c3c18b2939a56a5eb2821,,08/13/2025 01:00:00 PM,25,UNKNOWN,UNKNOWN,CLEAR,DAYLIGHT,TURNING,ONE-WAY,,STRAIGHT AND LEVEL,DRY,UNKNOWN,NOT ON SCENE (DESK REPORT),NO INJURY / DRIVE AWAY,,,Y,"OVER $1,500",08/13/2025 03:00:00 PM,FOLLOWING TOO CLOSELY,UNABLE TO DETERMINE,450,W,OAKDALE AVE,1934,,,,,,,2,NO INDICATION OF INJURY,0,0,0,0,0,3,0,13,4,8,41.9356784162,-87.6414048455,POINT (-87.641404845453 41.935678416179)
2c2e39c3fb7ca123f91baf9e03813775d37fdc9de300b4ba282ff056d1b649b3ced0ca162d54271135df4e489fcd8ea7e8dad5c82bd44f2212e5376ffc65603c,,08/13/2025 01:00:00 PM,30,NO CONTROLS,NO CONTROLS,CLEAR,DAYLIGHT,REAR END,DIVIDED - W/MEDIAN (NOT RAISED),,STRAIGHT AND LEVEL,DRY,NO DEFECTS,ON SCENE,INJURY AND / OR TOW DUE TO CRASH,,,,"OVER $1,500",08/13/2025 01:10:00 PM,PHYSICAL CONDITION OF DRIVER,UNABLE TO DETERMINE,1137,W,ADDISON ST,1924,,,,,,,4,NONINCAPACITATING INJURY,3,0,0,3,0,0,0,13,4,8,41.9470462168,-87.6586268864,POINT (-87.658626886424 41.947046216759)
4f3b9cedb5524b0bfee6a0bbc08d3dc8bd62f9f1f2673c3c5c471e5232f4995bfc70f66824ca5678fdbab7db7ddd0fc1ceac370e3a1438422e85da93c6f89ab1,,08/13/2025 01:00:00 PM,30,NO CONTROLS,NO CONTROLS,CLEAR,DAYLIGHT,PARKED MOTOR VEHICLE,NOT DIVIDED,,STRAIGHT AND LEVEL,DRY,NO DEFECTS,NOT ON SCENE (DESK REPORT),NO INJURY / DRIVE AWAY,,,Y,"OVER $1,500",08/13/2025 04:15:00 PM,UNABLE TO DETERMINE,UNABLE TO DETERMINE,4321,N,KNOX AVE,1722,N,,,,,,2,NO INDICATION OF INJURY,0,0,0,0,0,1,0,13,4,8,41.9596428628,-87.7448405115,POINT (-87.744840511507 41.959642862828)
eb981ebeaacf27903b556298fc25be67ab218753db51e4ea6abe8112e284ccd2247af53650c228db607d4271c65baf7f06640bb0a04955a9fd776d94a354127e,,08/13/2025 12:59:00 PM,35,NO CONTROLS,NO CONTROLS,CLEAR,DAYLIGHT,TURNING,DIVIDED - W/MEDIAN (NOT RAISED),,STRAIGHT AND LEVEL,DRY,NO DEFECTS,ON SCENE,INJURY AND / OR TOW DUE TO CRASH,,,,"OVER $1,500",08/13/2025 12:59:00 PM,FAILING TO YIELD RIGHT-OF-WAY,NOT APPLICABLE,5154,W,IRVING PARK RD,1624,,,,,,,2,NO INDICATION OF INJURY,0,0,0,0,0,2,0,12,4,8,41.9534165984,-87.7568656668,POINT (-87.756865666804 41.953416598439)
af76140e84fc2b1f82160223fba2e59b05b2bd9bd36aa21c35b541a2a94242c5b5180acf1d794428d67a8253fe53fd7b8b4da3ba9d828dfe8599acebb5942ee3,,08/13/2025 12:45:00 PM,30,NO CONTROLS,NO CONTROLS,CLEAR,DAYLIGHT,SIDESWIPE SAME DIRECTION,NOT DIVIDED,,STRAIGHT AND LEVEL,DRY,NO DEFECTS,NOT ON SCENE (DESK REPORT),NO INJURY / DRIVE AWAY,,,,"OVER $1,500",08/13/2025 03:00:00 PM,UNABLE TO DETERMINE,UNABLE TO DETERMINE,530,N,PULASKI RD,1111,,,,,,,2,NO INDICATION OF INJURY,0,0,0,0,0,2,0,12,4,8,41.8908037199,-87.7260983249,POINT (-87.726098324943 41.890803719931)
e4090d3e07933be5206b4e48c28c1b8f2addaf346649a6df07a54e0ab535df5a394da29e945c752feacb63b73b0398e71af9433e2ef09ec70344702e6e0b6b75,,08/13/2025 12:45:00 PM,30,NO CONTROLS,NO CONTROLS,CLEAR,DAYLIGHT,PARKED MOTOR VEHICLE,DIVIDED - W/MEDIAN (NOT RAISED),,STRAIGHT AND LEVEL,DRY,NO DEFECTS,ON SCENE,NO INJURY / DRIVE AWAY,,,,$500 OR LESS,08/13/2025 01:45:00 PM,UNABLE TO DETERMINE,UNABLE TO DETERMINE,2036,W,NORTH AVE,1434,,,,,,,2,NO INDICATION OF INJURY,0,0,0,0,0,1,0,12,4,8,41.9105699128,-87.6788306544,POINT (-87.678830654441 41.91056991284)
14e935717c2d410b05b86513a331cb3d344fa193b60f88cb112dea20c62565cea3334583676efee12229ec6de6b844ed6684807a35a38aa3bd2b22011442eeed,,08/13/2025 12:40:00 PM,30,NO CONTROLS,NO CONTROLS,CLEAR,DAYLIGHT,TURNING,ONE-WAY,,STRAIGHT AND LEVEL,DRY,NO DEFECTS,ON SCENE,NO INJURY / DRIVE AWAY,,,,"OVER $1,500",08/13/2025 12:45:00 PM,FAILING TO YIELD RIGHT-OF-WAY,NOT APPLICABLE,729,W,JAMES M ROCHFORD ST,1232,,,,,,,2,NO INDICATION OF INJURY,0,0,0,0,0,2,0,12,4,8,41.8658965423,-87.6462473133,POINT (-87.646247313283 41.865896542303)
08bce4d95522a6ea0be6900e8c3776fc3f5fa112cbe1a7f52b64008c375e828b2d8d613c69a83f082630f05b07e57ff6a632f32168a7eb2f5e0246f90ef8a3bf,,08/13/2025 12:30:00 PM,30,NO CONTROLS,NO CONTROLS,CLEAR,DAYLIGHT,HEAD ON,DIVIDED - W/MEDIAN BARRIER,,STRAIGHT AND LEVEL,DRY,NO DEFECTS,NOT ON SCENE (DESK REPORT),NO INJURY / DRIVE AWAY,,,Y,"$501 - $1,500",08/13/2025 02:50:00 PM,FOLLOWING TOO CLOSELY,NOT APPLICABLE,6312,S,STATE ST,312,,,,,,,2,NO INDICATION OF INJURY,0,0,0,0,0,2,0,12,4,8,41.7796764312,-87.6255211871,POINT (-87.625521187113 41.779676431166)
659accf03e110e3db39334c08c7363000da0acabae2ec149982e199f26e49283773e203cf5d2c9c91b0fc63cb5e106d76f7bd03d488e805a208878845eb9b9e6,,08/13/2025 12:30:00 PM,25,STOP SIGN/FLASHER,FUNCTIONING PROPERLY,UNKNOWN,DAYLIGHT,ANGLE,FOUR WAY,,STRAIGHT AND LEVEL,UNKNOWN,NO DEFECTS,NOT ON SCENE (DESK REPORT),NO INJURY / DRIVE AWAY,,,,"OVER $1,500",08/14/2025 10:00:00 AM,UNABLE TO DETERMINE,NOT APPLICABLE,868,N,MILWAUKEE AVE,1213,,,,,,,2,NO INDICATION OF INJURY,0,0,0,0,0,2,0,12,4,8,41.8976088605,-87.6577523792,POINT (-87.657752379154 41.897608860452)
90abde76c5f7f169d32ddac0e34ad938dc576e79acbdc22d663cf8cb313dbe7bfadc423c076de43ba237ceeb863babcdbad66b810961f6ed3e28185cbff08d89,,08/13/2025 12:30:00 PM,30,TRAFFIC SIGNAL,FUNCTIONING PROPERLY,CLEAR,DAYLIGHT,ANGLE,NOT DIVIDED,,STRAIGHT AND LEVEL,DRY,NO DEFECTS,ON SCENE,NO INJURY / DRIVE AWAY,Y,,,"$501 - $1,500",08/13/2025 12:34:00 PM,IMPROPER BACKING,IMPROPER BACKING,4600,N,CICERO AVE,1623,,,,,,,2,NO INDICATION OF INJURY,0,0,0,0,0,2,0,12,4,8,41.9644511676,-87.7477764313,POINT (-87.747776431281 41.964451167552)
bc414c27f575bd5fc75c75c7efd00dfeaaaa875454fb22ef52e2e8dfadd0766646107da6f25d053017f6059af8f42eaeb0e49d94989554ddde55de5abf5c0238,,08/13/2025 12:30:00 PM,30,NO CONTROLS,NO CONTROLS,CLEAR,DAYLIGHT,TURNING,DIVIDED - W/MEDIAN (NOT RAISED),,STRAIGHT AND LEVEL,DRY,NO DEFECTS,ON SCENE,NO INJURY / DRIVE AWAY,,,,"OVER $1,500",08/13/2025 02:35:00 PM,IMPROPER TURNING/NO SIGNAL,UNABLE TO DETERMINE,12700,S,SANGAMON ST,523,,,,,,,2,NO INDICATION OF INJURY,0,0,0,0,0,2,0,12,4,8,41.6630832607,-87.6452268373,POINT (-87.64522683728 41.663083260657)
cd7fde0997db05d014ad677aa24637bac049082b2aa349c8ab5e37779cb41f060d6fbdd811c0b75b22088508673e5ded2df6a92ca33f75b26664c60d58c8132d,,08/13/2025 12:30:00 PM,35,NO CONTROLS,NO CONTROLS,CLEAR,DAYLIGHT,TURNING,FOUR WAY,,STRAIGHT AND LEVEL,DRY,NO DEFECTS,NOT ON SCENE (DESK REPORT),NO INJURY / DRIVE AWAY,,,,"OVER $1,500",08/15/2025 10:15:00 AM,NOT APPLICABLE,NOT APPLICABLE,12700,S,SANGAMON ST,523,,,,,,,2,NO INDICATION OF INJURY,0,0,0,0,0,2,0,12,4,8,41.6630832607,-87.6452268373,POINT (-87.64522683728 41.663083260657)
79256c62c528d00540f214d82bf872a0321bb7d705d89f9f41bd72274105df7fc2232bf81ecb52cc01407bd249f029e3a0668a6c5eb25d5e216a2ff7c908ef6a,,08/13/2025 12:27:00 PM,30,NO CONTROLS,NO CONTROLS,CLEAR,DAYLIGHT,PARKED MOTOR VEHICLE,NOT DIVIDED,,STRAIGHT AND LEVEL,DRY,NO DEFECTS,NOT ON SCENE (DESK REPORT),NO INJURY / DRIVE AWAY,,,,"OVER $1,500",08/13/2025 02:15:00 PM,UNABLE TO DETERMINE,NOT APPLICABLE,200,E,CHICAGO AVE,1833,,,,,,,2,NO INDICATION OF INJURY,0,0,0,0,0,3,0,12,4,8,41.896868119,-87.6225564109,POINT (-87.622556410923 41.89686811895)
8e36ae2739e6ab52c782636f9843fdcdffa9571d30169e515c9ed198ce92e8d8496c53f6c5ecee26c9046ff84465f04721231157b47e8fe72a21fec8c4cd2c2c,,08/13/2025 12:10:00 PM,30,NO CONTROLS,NO CONTROLS,CLEAR,DAYLIGHT,FIXED OBJECT,NOT DIVIDED,,STRAIGHT AND LEVEL,DRY,NO DEFECTS,NOT ON SCENE (DESK REPORT),NO INJURY / DRIVE AWAY,,Y,,$500 OR LESS,08/13/2025 01:20:00 PM,FOLLOWING TOO CLOSELY,NOT APPLICABLE,3760,N,HALSTED ST,1923,,,,,,,1,NO INDICATION OF INJURY,0,0,0,0,0,1,0,12,4,8,41.9509011575,-87.6497718382,POINT (-87.649771838187 41.950901157508)
018174b0c93c64d9341a5d261b136e7198d986d76d86b39d8bc4d0142589c790dde87203be1fe6895321ca315b3827115b67c8d3a692a2a60f61ee56fa56b1b9,,08/13/2025 12:09:00 PM,30,STOP SIGN/FLASHER,FUNCTIONING PROPERLY,CLEAR,DAYLIGHT,PEDALCYCLIST,FOUR WAY,,STRAIGHT AND LEVEL,DRY,NO DEFECTS,ON SCENE,INJURY AND / OR TOW DUE TO CRASH,Y,,,"$501 - $1,500",08/13/2025 12:17:00 PM,DRIVING ON WRONG SIDE/WRONG WAY,UNABLE TO DETERMINE,7000,W,NORTH AVE,2513,,,,,,,2,"REPORTED, NOT EVIDENT",1,0,0,0,1,1,0,12,4,8,41.909061558,-87.8003236785,POINT (-87.800323678517 41.909061557985)
15498b48ce40e9f813b48d55a9de1708997f9ae64f176649b8b068cda298f8314d6e2a3ba4aaffecb39ae449c68e4692283c7104aae26db9e9f368c418526bb8,N,08/13/2025 12:05:00 PM,25,TRAFFIC SIGNAL,FUNCTIONING PROPERLY,CLEAR,DAYLIGHT,ANGLE,NOT DIVIDED,,STRAIGHT AND LEVEL,DRY,NO DEFECTS,ON SCENE,INJURY AND / OR TOW DUE TO CRASH,Y,,,"OVER $1,500",08/13/2025 12:06:00 PM,FAILING TO YIELD RIGHT-OF-WAY,FAILING TO REDUCE SPEED TO AVOID CRASH,5200,W,JACKSON BLVD,1522,,,,,,,2,INCAPACITATING INJURY,3,0,2,1,0,2,0,12,4,8,41.8767673738,-87.7550633597,POINT (-87.755063359691 41.876767373839)
01806caf0b8af76cf749c3f46090042fa6b3c17a74930f878dfd74e9407c12528841294afa118d54aeaa1da4dc70204e4eda5eaac7254e6d3436bd937521bb76,Y,08/13/2025 12:00:00 PM,30,STOP SIGN/FLASHER,FUNCTIONING PROPERLY,CLEAR,DAYLIGHT,PARKED MOTOR VEHICLE,FOUR WAY,,STRAIGHT AND LEVEL,DRY,UNKNOWN,ON SCENE,NO INJURY / DRIVE AWAY,,,,$500 OR LESS,08/13/2025 12:22:00 PM,IMPROPER OVERTAKING/PASSING,DISTRACTION - FROM OUTSIDE VEHICLE,400,E,115TH ST,531,,,,,,,2,NO INDICATION OF INJURY,0,0,0,0,0,2,0,12,4,8,41.6855361992,-87.6131205499,POINT (-87.613120549854 41.685536199181)