CRASH_RECORD_ID,CRASH_DATE_EST_I,CRASH_DATE,POSTED_SPEED_LIMIT,TRAFFIC_CONTROL_DEVICE,DEVICE_CONDITION,WEATHER_CONDITION,LIGHTING_CONDITION,FIRST_CRASH_TYPE,TRAFFICWAY_TYPE,LANE_CNT,ALIGNMENT,ROADWAY_SURFACE_COND,ROAD_DEFECT,REPORT_TYPE,CRASH_TYPE,INTERSECTION_RELATED_I,NOT_RIGHT_OF_WAY_I,HIT_AND_RUN_I,DAMAGE,DATE_POLICE_NOTIFIED,PRIM_CONTRIBUTORY_CAUSE,SEC_CONTRIBUTORY_CAUSE,STREET_NO,STREET_DIRECTION,STREET_NAME,BEAT_OF_OCCURRENCE,PHOTOS_TAKEN_I,STATEMENTS_TAKEN_I,DOORING_I,WORK_ZONE_I,WORK_ZONE_TYPE,WORKERS_PRESENT_I,NUM_UNITS,MOST_SEVERE_INJURY,INJURIES_TOTAL,INJURIES_FATAL,INJURIES_INCAPACITATING,INJURIES_NON_INCAPACITATING,INJURIES_REPORTED_NOT_EVIDENT,INJURIES_NO_INDICATION,INJURIES_UNKNOWN,CRASH_HOUR,CRASH_DAY_OF_WEEK,CRASH_MONTH,LATITUDE,LONGITUDE,LOCATION
9be81f022d883c020b3145e341dca2e2797f490fe0bbaaaa09ea6dcc682f518970b9a29a2ea1548ba7813564fe9fcb31c61abc1ae6efe94a4a5d815dde8a52eb,,08/13/2025 12:00:00 PM,30,TRAFFIC SIGNAL,NO CONTROLS,CLEAR,DAYLIGHT,REAR END,FOUR WAY,,STRAIGHT AND LEVEL,DRY,NO DEFECTS,NOT ON SCENE (DESK REPORT),NO INJURY / DRIVE AWAY,Y,,Y,"$501 - $1,500",08/13/2025 02:15:00 PM,NOT APPLICABLE,NOT APPLICABLE,7901,S,ASHLAND AVE,612,,,,,,,2,NO INDICATION OF INJURY,0,0,0,0,0,2,0,12,4,8,41.7502689871,-87.66328709,POINT (-87.663287090011 41.750268987086)
9e02300f01e5f6c5cb1277433b70767e29f1423f8441b7922ee672e6af9ce332f4f54e4185405fd5ae50b928af2d1fcb69772445be390cba4d96c2c999b6a4a1,,08/13/2025 12:00:00 PM,30,STOP SIGN/FLASHER,FUNCTIONING PROPERLY,CLEAR,DAYLIGHT,ANGLE,FOUR WAY,,STRAIGHT AND LEVEL,DRY,NO DEFECTS,ON SCENE,INJURY AND / OR TOW DUE TO CRASH,Y,,,"OVER $1,500",08/13/2025 12:03:00 PM,FAILING TO YIELD RIGHT-OF-WAY,UNABLE TO DETERMINE,4499,W,CARROLL AVE,1113,,,,,,,2,"REPORTED, NOT EVIDENT",1,0,0,0,1,1,0,12,4,8,41.8867389165,-87.7380071074,POINT (-87.738007107356 41.88673891647)
d31d7f02b5dbdb6a9fa7f4299554b656f850c73ef585d0c54b6bb0cdfe34f139befe83f1e929427623b0bc95b4e37f22974b54ab17eefd3532131e70da60b70c,,08/13/2025 11:59:00 AM,30,NO CONTROLS,NO CONTROLS,CLEAR,DAYLIGHT,PEDESTRIAN,DIVIDED - W/MEDIAN (NOT RAISED),,STRAIGHT AND LEVEL,DRY,NO DEFECTS,ON SCENE,INJURY AND / OR TOW DUE TO CRASH,Y,,,"$501 - $1,500",08/13/2025 11:59:00 AM,FAILING TO REDUCE SPEED TO AVOID CRASH,UNABLE TO DETERMINE,2300,N,OAKLEY AVE,1432,,,,,,,2,"REPORTED, NOT EVIDENT",1,0,0,0,1,1,0,11,4,8,41.9234422853,-87.6853033234,POINT (-87.68530332342 41.923442285256)
993b3d40a369b7dd6e22a76d6341d249e1a3aadb0b45309874bf5d8317f6f1f5dd37158ecae8adbeee81e8f2f1401c4c9e703f10a5bc681896b1bf06f64d0141,,08/13/2025 11:55:00 AM,10,NO CONTROLS,NO CONTROLS,CLEAR,DAYLIGHT,REAR END,PARKING LOT,,STRAIGHT AND LEVEL,DRY,NO DEFECTS,NOT ON SCENE (DESK REPORT),NO INJURY / DRIVE AWAY,,,,"OVER $1,500",08/13/2025 12:45:00 PM,FOLLOWING TOO CLOSELY,FOLLOWING TOO CLOSELY,8415,S,PULASKI RD,834,,,,,,,2,NO INDICATION OF INJURY,0,0,0,0,0,2,0,11,4,8,41.739860522,-87.7214563026,POINT (-87.721456302612 41.739860522047)
e6974efcaa640ef338793e4c9da0be72d0e48b35c50c85c73973ed0d451090c0354e58616fb813c7693b5b4484500a1748f7fefb416ede27323ec88af66128ed,,08/13/2025 11:45:00 AM,15,STOP SIGN/FLASHER,FUNCTIONING PROPERLY,CLEAR,DAYLIGHT,PEDALCYCLIST,OTHER,,STRAIGHT AND LEVEL,DRY,NO DEFECTS,ON SCENE,INJURY AND / OR TOW DUE TO CRASH,,N,,"OVER $1,500",08/13/2025 11:46:00 AM,DRIVING ON WRONG SIDE/WRONG WAY,FAILING TO REDUCE SPEED TO AVOID CRASH,10258,S,WESTERN AVE,2211,,,,,,,2,NO INDICATION OF INJURY,0,0,0,0,0,2,0,11,4,8,41.7064645575,-87.6817700042,POINT (-87.681770004194 41.706464557469)
599a65ddd0a45d2b6a8979c2d07ee295975a9f0cdcd12e762f308740c55477710f4bde47b7ec2dad1f0e75841e107d590c066b1f6416251763e42e175457b26e,,08/13/2025 11:40:00 AM,15,NO CONTROLS,NO CONTROLS,CLEAR,DAYLIGHT,REAR TO SIDE,PARKING LOT,,STRAIGHT AND LEVEL,DRY,NO DEFECTS,NOT ON SCENE (DESK REPORT),NO INJURY / DRIVE AWAY,,,,$500 OR LESS,08/13/2025 01:26:00 PM,UNABLE TO DETERMINE,NOT APPLICABLE,4023,S,ARCHER AVE,921,,,,,,,2,NO INDICATION OF INJURY,0,0,0,0,0,4,0,11,4,8,41.8205830407,-87.693426166,POINT (-87.693426165962 41.820583040659)
9c2693cd4a5bf8cd6adf9d375f43651fa6e3252d391edc1f557d9bb9acec7dfbc50d020cc1c481f3797ae87935f46455a574dc2ba77c7ee73d50b35d91248415,,08/13/2025 11:39:00 AM,30,NO CONTROLS,NO CONTROLS,CLEAR,DAYLIGHT,SIDESWIPE SAME DIRECTION,NOT DIVIDED,,STRAIGHT AND LEVEL,DRY,NO DEFECTS,,NO INJURY / DRIVE AWAY,,,N,"OVER $1,500",08/13/2025 12:05:00 PM,IMPROPER LANE USAGE,NOT APPLICABLE,6010,N,NAGLE AVE,1611,,,,,,,2,NO INDICATION OF INJURY,0,0,0,0,0,3,0,11,4,8,41.99049796,-87.7877423467,POINT (-87.787742346683 41.990497959967)
00a671bf5890d73c43f36f70d600a0e258dfd1ad0a58db3ae787b91bf2c29f65127dacff25dbeb77c1540ebdd85a86f93a1d166aebd1ce72a351ed81bb445701,,08/13/2025 11:34:00 AM,30,NO CONTROLS,NO CONTROLS,CLEAR,DAYLIGHT,SIDESWIPE SAME DIRECTION,DIVIDED - W/MEDIAN BARRIER,,STRAIGHT AND LEVEL,DRY,NO DEFECTS,NOT ON SCENE (DESK REPORT),NO INJURY / DRIVE AWAY,,,,"OVER $1,500",08/13/2025 11:39:00 AM,FAILING TO YIELD RIGHT-OF-WAY,IMPROPER OVERTAKING/PASSING,303,E,WACKER DR,114,,,,,,,2,NO INDICATION OF INJURY,0,0,0,0,0,2,0,11,4,8,41.8877053794,-87.6205881439,POINT (-87.620588143928 41.887705379378)
4eec83f62f1feb2c6fc20ba244f73dbf769628c2c5cea60e28d8124323cf5d77fb43db45b5d5867f3bde95a4964679b400a2ea89c683fb02361c9422bf703aac,,08/13/2025 11:32:00 AM,30,NO CONTROLS,NO CONTROLS,CLEAR,DAYLIGHT,ANGLE,NOT DIVIDED,,STRAIGHT AND LEVEL,DRY,NO DEFECTS,ON SCENE,NO INJURY / DRIVE AWAY,,,,$500 OR LESS,08/13/2025 11:32:00 AM,DRIVING ON WRONG SIDE/WRONG WAY,PHYSICAL CONDITION OF DRIVER,901,S,ADA ST,1231,,,,,,,2,NO INDICATION OF INJURY,0,0,0,0,0,2,0,11,4,8,41.8702655349,-87.659990303,POINT (-87.659990303006 41.870265534933)
196eb7121e38e931f40efa648bb7fa4428b89dbef2558975a751c71b9ab824233ece3766b113d8bcbb8886b9094f0dd4c7a00b544eafa6f1639adbdea18e5567,,08/13/2025 11:30:00 AM,30,NO CONTROLS,NO CONTROLS,CLEAR,DAYLIGHT,ANGLE,NOT DIVIDED,,STRAIGHT AND LEVEL,DRY,NO DEFECTS,NOT ON SCENE (DESK REPORT),NO INJURY / DRIVE AWAY,,,,"OVER $1,500",08/13/2025 01:45:00 PM,"VISION OBSCURED (SIGNS, TREE LIMBS, BUILDINGS, ETC.)",UNABLE TO DETERMINE,2821,N,CICERO AVE,2521,,,,,,,2,NO INDICATION OF INJURY,0,0,0,0,0,2,0,11,4,8,41.9321701224,-87.7464696136,POINT (-87.746469613578 41.932170122427)
d24eb3787be615db2148657bd4335cf28e5373e21c076d4bc97c030052423290845d1331434a39e48e484965780718eb33f3071f74a0f0e58e1fc204fa97a824,Y,08/13/2025 11:30:00 AM,25,NO CONTROLS,NO CONTROLS,CLEAR,DAYLIGHT,REAR END,NOT DIVIDED,,STRAIGHT AND LEVEL,DRY,NO DEFECTS,NOT ON SCENE (DESK REPORT),NO INJURY / DRIVE AWAY,N,,Y,"OVER $1,500",08/13/2025 01:00:00 PM,UNABLE TO DETERMINE,UNABLE TO DETERMINE,3121,W,26TH ST,1033,,,,,,,2,NO INDICATION OF INJURY,0,0,0,0,0,2,0,11,4,8,41.8444253084,-87.7034918584,POINT (-87.703491858351 41.844425308405)
ff7b27fc96a4d369c59f343b573c016c57b887559093b10a448c42ac53896486254b375be943f20867c8059ee288da0a25e5c4dfaf3cc8157419d6b93b024400,,08/13/2025 11:30:00 AM,15,NO CONTROLS,NO CONTROLS,CLEAR,DAYLIGHT,SIDESWIPE SAME DIRECTION,DIVIDED - W/MEDIAN (NOT RAISED),,STRAIGHT AND LEVEL,DRY,NO DEFECTS,NOT ON SCENE (DESK REPORT),NO INJURY / DRIVE AWAY,,,,"OVER $1,500",08/13/2025 07:39:00 PM,DRIVING ON WRONG SIDE/WRONG WAY,NOT APPLICABLE,2400,N,CANNON DR,1935,,,,,,,2,NO INDICATION OF INJURY,0,0,0,0,0,4,0,11,4,8,41.9258069317,-87.6338196492,POINT (-87.633819649202 41.925806931737)
615cdd50ad7667db6f9c1c672f29eab9dc53dfff1a99e50b2aa12125824089499e71b86e5cb6bb20e404f9696ef8d0cf01f0029313d256031a40cde5b27415b1,,08/13/2025 11:25:00 AM,30,TRAFFIC SIGNAL,NOT FUNCTIONING,CLEAR,DAYLIGHT,REAR END,NOT DIVIDED,,STRAIGHT AND LEVEL,DRY,NO DEFECTS,NOT ON SCENE (DESK REPORT),NO INJURY / DRIVE AWAY,,,,"OVER $1,500",08/13/2025 06:30:00 PM,UNABLE TO DETERMINE,NOT APPLICABLE,5800,N,SHERIDAN RD,2022,,,,,,,2,NO INDICATION OF INJURY,0,0,0,0,0,2,0,11,4,8,41.9874468008,-87.655453001,POINT (-87.65545300098 41.98744680079)
7ecfbefe1578c5d622ccc99f39be53dc0d2edcfe7ea90b06c8cb2650a157b9310a4563ec195a7b7951f4a54755286cc3e28a90a063169ed0bff20d1a5a882d47,,08/13/2025 11:25:00 AM,30,TRAFFIC SIGNAL,FUNCTIONING PROPERLY,CLEAR,DAYLIGHT,TURNING,DIVIDED - W/MEDIAN (NOT RAISED),,STRAIGHT AND LEVEL,DRY,NO DEFECTS,NOT ON SCENE (DESK REPORT),NO INJURY / DRIVE AWAY,,,,"OVER $1,500",08/13/2025 11:50:00 AM,UNABLE TO DETERMINE,UNABLE TO DETERMINE,2801,N,DAMEN AVE,1931,,,,,,,2,NO INDICATION OF INJURY,0,0,0,0,0,4,0,11,4,8,41.9323310674,-87.6779887286,POINT (-87.677988728566 41.932331067392)
74569ee956a3e90edfcf3d590a7c6b0fe0bacde8790d7b6629afda70d62e15a0b97fd069bef86e59f92eb395d1e14d0e34a5038186f9350e277ec62c137627c1,,08/13/2025 11:22:00 AM,30,NO CONTROLS,NO CONTROLS,CLEAR,DAYLIGHT,REAR END,NOT DIVIDED,,STRAIGHT AND LEVEL,DRY,NO DEFECTS,NOT ON SCENE (DESK REPORT),NO INJURY / DRIVE AWAY,,,,"OVER $1,500",08/13/2025 01:15:00 PM,FOLLOWING TOO CLOSELY,NOT APPLICABLE,5743,N,BROADWAY,2022,,,,,,,2,NO INDICATION OF INJURY,0,0,0,0,0,2,0,11,4,8,41.986677942,-87.6600137655,POINT (-87.660013765474 41.986677942004)
08bd08171e129857da5bd6c793f3fc0ee8b3f171ec172cf9fa8c9f119d32e7318661c7d8338566515f8fba4f10f94eafae4b2914db59852cff4a8708426bf0db,,08/13/2025 11:17:00 AM,30,NO CONTROLS,NO CONTROLS,CLEAR,DAYLIGHT,PARKED MOTOR VEHICLE,NOT DIVIDED,,STRAIGHT AND LEVEL,DRY,NO DEFECTS,ON SCENE,INJURY AND / OR TOW DUE TO CRASH,,,,"OVER $1,500",08/13/2025 11:22:00 AM,DRIVING SKILLS/KNOWLEDGE/EXPERIENCE,NOT APPLICABLE,5217,S,PRINCETON AVE,935,,,,,,,3,NO INDICATION OF INJURY,0,0,0,0,0,3,0,11,4,8,41.7994460131,-87.6329791732,POINT (-87.632979173164 41.799446013149)
3ef4c89f364e9f75cf3d470462f14d46ae5499ee4254992c3ac24c37716f1b9fbe74b92d06a10610f476604bc1bf0bab54647e9a6102745fdaf496db9ff72dd9,,08/13/2025 11:13:00 AM,25,NO CONTROLS,NO CONTROLS,CLEAR,DAYLIGHT,PARKED MOTOR VEHICLE,ONE-WAY,,STRAIGHT AND LEVEL,DRY,NO DEFECTS,ON SCENE,INJURY AND / OR TOW DUE TO CRASH,,,,"OVER $1,500",08/13/2025 11:13:00 AM,UNABLE TO DETERMINE,NOT APPLICABLE,8500,S,EXCHANGE AVE,423,,,,,,,3,INCAPACITATING INJURY,2,0,1,0,1,0,0,11,4,8,41.7409113711,-87.5528652508,POINT (-87.552865250756 41.740911371135)
a8748a16698c9233c19994693e3f6b56b31e10b745c5caee1b1f95b80ff113fceb8bb02ee32a9fe49dec8514bae1b217b69ce3fc2183c821c08eb7044efd515b,,08/13/2025 11:05:00 AM,30,NO CONTROLS,NO CONTROLS,CLEAR,DAYLIGHT,REAR END,NOT DIVIDED,,STRAIGHT AND LEVEL,DRY,NO DEFECTS,ON SCENE,NO INJURY / DRIVE AWAY,,,,"$501 - $1,500",08/13/2025 11:52:00 AM,UNABLE TO DETERMINE,NOT APPLICABLE,1637,W,TOUHY AVE,2423,,,,,,,2,NO INDICATION OF INJURY,0,0,0,0,0,2,0,11,4,8,42.012577159,-87.671708284,POINT (-87.671708284044 42.012577159049)
6ff7235190990b6d0fba7469b3dcf6965996e4bd8d0096e0f23c588040c42ef1283cfc3a78dbe4dd24ee3f195cfe919a00c49a97d5262fa48b45430e0b0f5694,,08/13/2025 11:00:00 AM,30,NO CONTROLS,NO CONTROLS,CLEAR,DAYLIGHT,TURNING,NOT DIVIDED,,STRAIGHT AND LEVEL,DRY,NO DEFECTS,NOT ON SCENE (DESK REPORT),NO INJURY / DRIVE AWAY,,,,"$501 - $1,500",08/13/2025 11:15:00 AM,UNABLE TO DETERMINE,NOT APPLICABLE,900,W,CORNELIA AVE,1924,,,,,,,2,NO INDICATION OF INJURY,0,0,0,0,0,2,0,11,4,8,41.9455435571,-87.651909221,POINT (-87.651909221001 41.945543557058)
9656ff0876f136ce2e40dbfa7a185540e2ff54214cc525f65cb04bb357ae9ca36394d28e1a7fe2885e8485cf8138fef2e326b11fc8c52c6a9c4a2fe9ceb28816,,08/13/2025 11:00:00 AM,30,NO CONTROLS,NO CONTROLS,CLEAR,DAYLIGHT,SIDESWIPE SAME DIRECTION,NOT DIVIDED,,STRAIGHT AND LEVEL,DRY,NO DEFECTS,NOT ON SCENE (DESK REPORT),NO INJURY / DRIVE AWAY,,,,"OVER $1,500",08/13/2025 12:25:00 PM,UNABLE TO DETERMINE,UNABLE TO DETERMINE,5311,N,CLARK ST,2013,,,,,,,2,NO INDICATION OF INJURY,0,0,0,0,0,2,0,11,4,8,41.978402769,-87.6681870245,POINT (-87.668187024516 41.978402769033)
899c4d44fa42d5a1f4406c36ca68012f92a4660e84072ebb96f6e4851318ec21ec04f8d0ed3f5450836095b2a1027a2eedbd653d952a948c470819018eeffc7a,,08/13/2025 10:50:00 AM,15,NO CONTROLS,NO CONTROLS,CLEAR,DAYLIGHT,PARKED MOTOR VEHICLE,OTHER,,STRAIGHT AND LEVEL,DRY,NO DEFECTS,ON SCENE,NO INJURY / DRIVE AWAY,,Y,,"$501 - $1,500",08/13/2025 10:50:00 AM,UNABLE TO DETERMINE,NOT APPLICABLE,2828,N,PULASKI RD,2523,,,,,,,2,NO INDICATION OF INJURY,0,0,0,0,0,2,0,10,4,8,41.932604222,-87.727148226,POINT (-87.727148226037 41.932604221966)
9c79f5406b6f7459c3db115fc64434b7dad3e3b860a519bec0fafb085bf5e4b334f5ff1f51c52363bb250b6feb884b328ecf4e2e4a94746cdf55cd858a3ddb4d,,08/13/2025 10:45:00 AM,30,NO CONTROLS,NO CONTROLS,CLEAR,DAYLIGHT,PARKED MOTOR VEHICLE,ONE-WAY,,STRAIGHT AND LEVEL,DRY,NO DEFECTS,ON SCENE,NO INJURY / DRIVE AWAY,,,,"OVER $1,500",08/13/2025 11:10:00 AM,DISTRACTION - FROM OUTSIDE VEHICLE,DRIVING SKILLS/KNOWLEDGE/EXPERIENCE,3250,S,WENTWORTH AVE,915,,,,,,,2,NO INDICATION OF INJURY,0,0,0,0,0,3,0,10,4,8,41.8348990166,-87.6317534068,POINT (-87.631753406791 41.834899016578)
f260a67b1080ae3e3cb049eae79f682d6377ef2b2a8a10b411f82ae5c1dc75c7149382dc731142771f906ea145848ae463245e62f7dc5ee2aed86bd982d71f21,,08/13/2025 10:45:00 AM,30,TRAFFIC SIGNAL,FUNCTIONING PROPERLY,CLEAR,DAYLIGHT,REAR END,NOT DIVIDED,,STRAIGHT AND LEVEL,DRY,NO DEFECTS,ON SCENE,INJURY AND / OR TOW DUE TO CRASH,,,,"OVER $1,500",08/13/2025 10:47:00 AM,FAILING TO REDUCE SPEED TO AVOID CRASH,UNABLE TO DETERMINE,6805,W,ARCHER AVE,811,,,,,,,3,NO INDICATION OF INJURY,0,0,0,0,0,6,0,10,4,8,41.792041842,-87.7918019275,POINT (-87.791801927451 41.792041842024)
fb03c90ee7eaa4808f88db1214a575fbeb5bad42680fbeca67d1d8c9682df8bbde1d845bc1ae501de32258f341d96374388a0fc64661404b51e48609176530fb,,08/13/2025 10:45:00 AM,30,NO CONTROLS,NO CONTROLS,CLEAR,DAYLIGHT,REAR END,NOT DIVIDED,,STRAIGHT AND LEVEL,DRY,NO DEFECTS,NOT ON SCENE (DESK REPORT),NO INJURY / DRIVE AWAY,,,,"OVER $1,500",08/13/2025 12:00:00 PM,FOLLOWING TOO CLOSELY,FOLLOWING TOO CLOSELY,5310,S,CENTRAL AVE,811,,,,,,,2,NO INDICATION OF INJURY,0,0,0,0,0,2,0,10,4,8,41.7960282272,-87.7625717045,POINT (-87.762571704459 41.796028227232)
fd90090c2d49a0ff4c16da8dffaf1fb4c6b32ff2ea280fba48afab077af2545cbc071328cd337893a456418b956a3328209c9944e6d3a0f91bcff1712e0d590b,,08/13/2025 10:45:00 AM,30,NO CONTROLS,NO CONTROLS,CLEAR,DAYLIGHT,ANGLE,NOT DIVIDED,,STRAIGHT AND LEVEL,DRY,NO DEFECTS,ON SCENE,NO INJURY / DRIVE AWAY,,,,"$501 - $1,500",08/13/2025 10:59:00 AM,FAILING TO YIELD RIGHT-OF-WAY,NOT APPLICABLE,3125,E,91ST ST,424,,,,,,,2,NO INDICATION OF INJURY,0,0,0,0,0,4,0,10,4,8,41.7300080267,-87.5474407093,POINT (-87.547440709344 41.730008026663)
b284d324b6c9591767a271bd74acdfd74aa8573a8f653db8b3785401701b75a9552d0e8264f2166540ec10ea970d7268581c154c4c9376f31e2990f7cd247c1c,,08/13/2025 10:40:00 AM,30,TRAFFIC SIGNAL,FUNCTIONING PROPERLY,CLEAR,DAYLIGHT,TURNING,NOT DIVIDED,,STRAIGHT AND LEVEL,DRY,NO DEFECTS,NOT ON SCENE (DESK REPORT),NO INJURY / DRIVE AWAY,,,,"OVER $1,500",08/13/2025 12:15:00 PM,FOLLOWING TOO CLOSELY,NOT APPLICABLE,8635,S,PULASKI RD,834,,,,,,,2,NO INDICATION OF INJURY,0,0,0,0,0,2,0,10,4,8,41.7356592384,-87.7213166912,POINT (-87.721316691207 41.735659238398)
e50366865a260f8e9d1bf6453dc674d210bbb18f2e14c828d67949f75d11b432a8db030fc77f3c61cc98f78916faa605f6c596f4485110aa9ada6d8b98e18d69,,08/13/2025 10:40:00 AM,30,NO CONTROLS,NO CONTROLS,CLEAR,DAYLIGHT,SIDESWIPE OPPOSITE DIRECTION,NOT DIVIDED,,STRAIGHT AND LEVEL,DRY,NO DEFECTS,NOT ON SCENE (DESK REPORT),NO INJURY / DRIVE AWAY,,,,"$501 - $1,500",08/13/2025 08:40:00 PM,IMPROPER OVERTAKING/PASSING,UNABLE TO DETERMINE,4337,N,MENARD AVE,1624,,,,,,,2,NO INDICATION OF INJURY,0,0,0,0,0,2,0,10,4,8,41.9597322984,-87.7719625319,POINT (-87.77196253186 41.959732298402)
f6b854416254cea33dc0db331c0f67bce66c6d5171c00e6b9b3a6249d9d25c1e56f10f81b6dd467e490664d59df99b3dec7dea44d8fc0b291078f4554fe96759,,08/13/2025 10:40:00 AM,30,STOP SIGN/FLASHER,NO CONTROLS,CLEAR,DAYLIGHT,REAR TO FRONT,ONE-WAY,,STRAIGHT AND LEVEL,DRY,NO DEFECTS,ON SCENE,NO INJURY / DRIVE AWAY,,,,"OVER $1,500",08/13/2025 10:44:00 AM,IMPROPER BACKING,IMPROPER BACKING,4801,W,WABANSIA AVE,2533,,,,,,,2,NO INDICATION OF INJURY,0,0,0,0,0,3,0,10,4,8,41.9113438744,-87.7460725228,POINT (-87.746072522793 41.911343874382)
8c3d168da15c9ff8700c7d37c9a30ff9020175a813dc6ffdfe0c2a60fd54e98922232501155155b86ba623786137173d611cf1495c59e6063f2ea369af10da5d,,08/13/2025 10:35:00 AM,15,NO CONTROLS,NO CONTROLS,CLEAR,DAYLIGHT,PARKED MOTOR VEHICLE,OTHER,,STRAIGHT AND LEVEL,UNKNOWN,UNKNOWN,ON SCENE,NO INJURY / DRIVE AWAY,,,,"$501 - $1,500",08/13/2025 10:42:00 AM,UNABLE TO DETERMINE,UNABLE TO DETERMINE,2501,S,PAULINA ST,1034,,,,,,,2,NO INDICATION OF INJURY,0,0,0,0,0,1,0,10,4,8,41.8467672742,-87.6682145231,POINT (-87.668214523058 41.846767274196)
d124c7979a2df197567c6b360edda8b9a759dcc58f10744bc91389f4fefc49da89b0b19975b9c471fa01350057b3b9755368b173204c476fc73fd43687471466,,08/13/2025 10:35:00 AM,30,STOP SIGN/FLASHER,FUNCTIONING PROPERLY,CLEAR,DAYLIGHT,REAR END,NOT DIVIDED,,STRAIGHT AND LEVEL,DRY,NO DEFECTS,ON SCENE,INJURY AND / OR TOW DUE TO CRASH,,,,"$501 - $1,500",08/13/2025 10:35:00 AM,FOLLOWING TOO CLOSELY,FOLLOWING TOO CLOSELY,701,S,RACINE AVE,1232,,,,,,,2,"REPORTED, NOT EVIDENT",2,0,0,0,2,0,0,10,4,8,41.8729274299,-87.6566555454,POINT (-87.65665554537 41.872927429923)
9648beef22adb1c7fc6e45149643aff683084f4fa1b691654bca4dd8e82e38457446a7e8b0d5bfab6e1f79db56efa73c0205a16c9db784b8a8c6814368e84707,,08/13/2025 10:29:00 AM,20,TRAFFIC SIGNAL,FUNCTIONING PROPERLY,CLEAR,DAYLIGHT,SIDESWIPE SAME DIRECTION,FOUR WAY,,STRAIGHT AND LEVEL,DRY,NO DEFECTS,NOT ON SCENE (DESK REPORT),NO INJURY / DRIVE AWAY,Y,,,"OVER $1,500",08/13/2025 11:15:00 AM,FAILING TO YIELD RIGHT-OF-WAY,FAILING TO REDUCE SPEED TO AVOID CRASH,1516,E,71ST ST,332,,,,,,,2,NO INDICATION OF INJURY,0,0,0,0,0,2,0,10,4,8,41.7662512649,-87.587937769,POINT (-87.587937769034 41.766251264882)
90452d915a9a1cf2fd6c23baacd26de508f9bd4cf7eb8ad1142b7f19954a95e922905962184b17ce2e37022dfb3108ffc78f18d2b257864fe9b9fe5ba10d8d7a,,08/13/2025 10:26:00 AM,35,PEDESTRIAN CROSSING SIGN,FUNCTIONING PROPERLY,CLEAR,DAYLIGHT,PEDESTRIAN,NOT DIVIDED,,STRAIGHT AND LEVEL,DRY,NO DEFECTS,ON SCENE,INJURY AND / OR TOW DUE TO CRASH,Y,,,"OVER $1,500",08/13/2025 10:28:00 AM,TURNING RIGHT ON RED,TURNING RIGHT ON RED,600,S,HOMAN AVE,1133,,,,,,,2,"REPORTED, NOT EVIDENT",1,0,0,0,1,1,0,10,4,8,41.8735817471,-87.7109278695,POINT (-87.71092786952 41.873581747107)
a60b6134693025f051a6b22046f3fc9e8de6a12674eee32bb5d1ea885098d9449d38a4ed6ba1240578c96f6a3a25b5a3e608f98fe76c72c6349bdcef0f121ac8,,08/13/2025 10:25:00 AM,30,TRAFFIC SIGNAL,FUNCTIONING PROPERLY,CLEAR,DAYLIGHT,REAR END,NOT DIVIDED,,STRAIGHT AND LEVEL,DRY,NO DEFECTS,ON SCENE,NO INJURY / DRIVE AWAY,,,,"OVER $1,500",08/13/2025 10:29:00 AM,FOLLOWING TOO CLOSELY,NOT APPLICABLE,1230,S,WESTERN AVE,1023,,,,,,,2,NO INDICATION OF INJURY,0,0,0,0,0,3,0,10,4,8,41.8656530748,-87.6861625238,POINT (-87.686162523762 41.865653074809)
be3721c08040e40ffbe0a62adc77a1145eafbd1ae98bfa5fecdcc39dbe1f095cb11b5b07abbd7d8ffe06f933413224be581732a7ec136c2828f2b7e5e398e389,,08/13/2025 10:25:00 AM,30,NO CONTROLS,UNKNOWN,CLEAR,DAYLIGHT,PEDALCYCLIST,NOT DIVIDED,,STRAIGHT AND LEVEL,DRY,UNKNOWN,NOT ON SCENE (DESK REPORT),INJURY AND / OR TOW DUE TO CRASH,,,Y,"OVER $1,500",08/13/2025 11:00:00 AM,FOLLOWING TOO CLOSELY,UNABLE TO DETERMINE,350,W,GRAND AVE,1831,,,,,,,2,NONINCAPACITATING INJURY,1,0,0,1,0,1,0,10,4,8,41.8916481833,-87.6375105886,POINT (-87.637510588581 41.891648183252)
89ed464f9a84655ec7401225cf6493c7abc87c18aa1b9b688ac6ea49ac7f5e8948670093628554702bad0b4e79555286eac9c1f5bdffc029d5b5b187ec3085fb,,08/13/2025 10:20:00 AM,30,TRAFFIC SIGNAL,UNKNOWN,CLEAR,DAYLIGHT,SIDESWIPE SAME DIRECTION,FOUR WAY,,STRAIGHT AND LEVEL,DRY,NO DEFECTS,NOT ON SCENE (DESK REPORT),NO INJURY / DRIVE AWAY,Y,,,"OVER $1,500",08/13/2025 11:35:00 AM,UNABLE TO DETERMINE,UNABLE TO DETERMINE,1601,E,71ST ST,324,,,,,,,2,NO INDICATION OF INJURY,0,0,0,0,0,2,0,10,4,8,41.7658669164,-87.5858889192,POINT (-87.5858889192 41.765866916387)
4c9170e581fa0873e68cc2e9ef2036dafb6a46aca0bcfcb5df3a28b56253a7efd16f1aa07f6264f07848758dff15e593165a0307b745b1a0f8aa127e6d12b45f,,08/13/2025 10:15:00 AM,30,NO CONTROLS,NO CONTROLS,CLEAR,DAYLIGHT,PEDALCYCLIST,FOUR WAY,,STRAIGHT AND LEVEL,DRY,NO DEFECTS,,INJURY AND / OR TOW DUE TO CRASH,Y,,,"$501 - $1,500",08/13/2025 10:18:00 AM,FAILING TO REDUCE SPEED TO AVOID CRASH,FAILING TO YIELD RIGHT-OF-WAY,4200,S,HALSTED ST,925,,,,,,,2,NONINCAPACITATING INJURY,1,0,0,1,0,1,0,10,4,8,41.8174933568,-87.6459091954,POINT (-87.645909195444 41.81749335684)