CRASH_RECORD_ID,CRASH_DATE_EST_I,CRASH_DATE,POSTED_SPEED_LIMIT,TRAFFIC_CONTROL_DEVICE,DEVICE_CONDITION,WEATHER_CONDITION,LIGHTING_CONDITION,FIRST_CRASH_TYPE,TRAFFICWAY_TYPE,LANE_CNT,ALIGNMENT,ROADWAY_SURFACE_COND,ROAD_DEFECT,REPORT_TYPE,CRASH_TYPE,INTERSECTION_RELATED_I,NOT_RIGHT_OF_WAY_I,HIT_AND_RUN_I,DAMAGE,DATE_POLICE_NOTIFIED,PRIM_CONTRIBUTORY_CAUSE,SEC_CONTRIBUTORY_CAUSE,STREET_NO,STREET_DIRECTION,STREET_NAME,BEAT_OF_OCCURRENCE,PHOTOS_TAKEN_I,STATEMENTS_TAKEN_I,DOORING_I,WORK_ZONE_I,WORK_ZONE_TYPE,WORKERS_PRESENT_I,NUM_UNITS,MOST_SEVERE_INJURY,INJURIES_TOTAL,INJURIES_FATAL,INJURIES_INCAPACITATING,INJURIES_NON_INCAPACITATING,INJURIES_REPORTED_NOT_EVIDENT,INJURIES_NO_INDICATION,INJURIES_UNKNOWN,CRASH_HOUR,CRASH_DAY_OF_WEEK,CRASH_MONTH,LATITUDE,LONGITUDE,LOCATION
717c724508499a7fff65a64141f3dd9a9869782a36fb205eebdff0a2d90d54e57cfae2ee1553ad9c953907b507fdc72cdf296a44ab3fdfd1f6da31e972caeaa3,,08/13/2025 10:12:00 AM,30,NO CONTROLS,NO CONTROLS,CLEAR,DAYLIGHT,PARKED MOTOR VEHICLE,NOT DIVIDED,,STRAIGHT AND LEVEL,DRY,UNKNOWN,ON SCENE,NO INJURY / DRIVE AWAY,,,,"$501 - $1,500",08/13/2025 10:23:00 AM,UNABLE TO DETERMINE,UNABLE TO DETERMINE,111,E,47TH ST,224,,,,,,,2,NO INDICATION OF INJURY,0,0,0,0,0,1,0,10,4,8,41.8091853618,-87.6222949026,POINT (-87.622294902557 41.809185361812)
31e3018e9544f2a6b1447b23dca6b2c5c9a0d7f6b968f0963ebf7f96f072c0c827ec26db3a6fa3af70d859411f1acbb22dcd54bfbbce78eeb7c0ffbbc2f02572,,08/13/2025 10:02:00 AM,30,NO CONTROLS,NO CONTROLS,CLEAR,DAYLIGHT,REAR TO REAR,DIVIDED - W/MEDIAN (NOT RAISED),,STRAIGHT AND LEVEL,DRY,NO DEFECTS,ON SCENE,NO INJURY / DRIVE AWAY,,,,"$501 - $1,500",08/13/2025 10:08:00 AM,"VISION OBSCURED (SIGNS, TREE LIMBS, BUILDINGS, ETC.)",UNABLE TO DETERMINE,1702,W,WEBSTER AVE,1432,,,,,,,2,NO INDICATION OF INJURY,0,0,0,0,0,2,0,10,4,8,41.9216241632,-87.6707679779,POINT (-87.670767977926 41.921624163217)
0afda1ad66fc61da2a1b9f6322116304b3d515352c1321ccac68a1dea74da8bc3417258c8538240454300aa4d4a9eae8538c4078d0008a1469f2b67501a3a079,,08/13/2025 10:00:00 AM,15,NO CONTROLS,NO CONTROLS,CLEAR,DAYLIGHT,SIDESWIPE OPPOSITE DIRECTION,NOT DIVIDED,,STRAIGHT AND LEVEL,DRY,UNKNOWN,NOT ON SCENE (DESK REPORT),NO INJURY / DRIVE AWAY,,,,"OVER $1,500",08/13/2025 11:05:00 AM,NOT APPLICABLE,NOT APPLICABLE,820,S,DAMEN AVE,1225,,,,,,,2,NO INDICATION OF INJURY,0,0,0,0,0,2,0,10,4,8,41.8708894961,-87.6765126502,POINT (-87.676512650226 41.870889496052)
4d68cfcca20d5a3d8f223c982bc7d2acade076b47e4c83d23707b669e16767726f306e85bf3fc4312aaee5ba0f1e6ff51822fa5eb6dd5f61eeb2bb9cf36b3bf5,,08/13/2025 10:00:00 AM,30,TRAFFIC SIGNAL,FUNCTIONING PROPERLY,CLEAR,DAYLIGHT,TURNING,FOUR WAY,,STRAIGHT AND LEVEL,DRY,NO DEFECTS,ON SCENE,INJURY AND / OR TOW DUE TO CRASH,Y,,,"OVER $1,500",08/13/2025 10:05:00 AM,FAILING TO YIELD RIGHT-OF-WAY,UNABLE TO DETERMINE,4700,S,CICERO AVE,814,,,,,,,2,"REPORTED, NOT EVIDENT",1,0,0,0,1,3,0,10,4,8,41.8075303729,-87.7432968212,POINT (-87.743296821242 41.807530372894)
57dc02343333c3454d3fc28b2dbc8d8a6e28cfcf9ea116170a55224084c8d36b904a1126c2974db549f687e051fdb6fbec094c1ae106ef659cb73199734bde9b,,08/13/2025 10:00:00 AM,25,NO CONTROLS,NO CONTROLS,UNKNOWN,UNKNOWN,PARKED MOTOR VEHICLE,OTHER,,STRAIGHT AND LEVEL,UNKNOWN,UNKNOWN,NOT ON SCENE (DESK REPORT),NO INJURY / DRIVE AWAY,,,,"$501 - $1,500",08/14/2025 04:05:00 PM,UNABLE TO DETERMINE,NOT APPLICABLE,11536,S,HALE AVE,2212,,,,,,,2,NO INDICATION OF INJURY,0,0,0,0,0,1,0,10,4,8,41.6835396648,-87.6726269878,POINT (-87.672626987775 41.683539664806)
c2d034c84d52cfd9693442d989c765ecb1be59f61804b6c97af4b845c5216b51bc124f633ed2c91c42e2feba195799647781230ab782ccc2127839df3968d7f1,,08/13/2025 10:00:00 AM,30,TRAFFIC SIGNAL,FUNCTIONING PROPERLY,CLEAR,DAYLIGHT,REAR END,FOUR WAY,,STRAIGHT AND LEVEL,UNKNOWN,UNKNOWN,NOT ON SCENE (DESK REPORT),NO INJURY / DRIVE AWAY,,,,"OVER $1,500",08/13/2025 04:15:00 PM,FOLLOWING TOO CLOSELY,NOT APPLICABLE,469,N,ASHLAND AVE,1215,,,,,,,2,NO INDICATION OF INJURY,0,0,0,0,0,2,0,10,4,8,41.8908651498,-87.6669931137,POINT (-87.66699311369 41.890865149756)
222c85f2c94d089c2f5ec48a0764f66f1dda5d3d7cd11a8ae5a0606501fadfa3e0f2ac5f78aa55d1167c36f18a5ac43e30ca8e308963218da3e900ac6eada278,Y,08/13/2025 09:50:00 AM,30,NO CONTROLS,NO CONTROLS,CLEAR,DAYLIGHT,SIDESWIPE SAME DIRECTION,FOUR WAY,,STRAIGHT AND LEVEL,DRY,NO DEFECTS,ON SCENE,INJURY AND / OR TOW DUE TO CRASH,,,,"OVER $1,500",08/13/2025 09:59:00 AM,UNABLE TO DETERMINE,NOT APPLICABLE,5643,N,BROADWAY,2022,,,,,,,2,NO INDICATION OF INJURY,0,0,0,0,0,2,0,9,4,8,41.9849161175,-87.6599618329,POINT (-87.65996183293 41.984916117491)
57c7034271171358e54e41d13f3ba08ec8dee808b735b6cb51c127283b8da863f63eca423ff741708715f938f9762663a116bd6c22d6d046ae8faef2b14000b7,,08/13/2025 09:50:00 AM,30,NO CONTROLS,NO CONTROLS,CLEAR,DAYLIGHT,ANGLE,ONE-WAY,,STRAIGHT AND LEVEL,DRY,NO DEFECTS,ON SCENE,INJURY AND / OR TOW DUE TO CRASH,,,,"OVER $1,500",08/13/2025 09:51:00 AM,FAILING TO YIELD RIGHT-OF-WAY,FAILING TO YIELD RIGHT-OF-WAY,4014,N,WHIPPLE ST,1724,,,,,,,2,NO INDICATION OF INJURY,0,0,0,0,0,2,0,9,4,8,41.9544265286,-87.7045131729,POINT (-87.704513172889 41.954426528617)
723c69a8e0c7af5546b6d997a1e09a6ecefa987acce2833881b6dd7ebee009828863685df7109834993c963257fe7d3b2e02a6a6814947e5d67921ab863f90b4,,08/13/2025 09:50:00 AM,30,NO CONTROLS,NO CONTROLS,CLEAR,DAYLIGHT,SIDESWIPE SAME DIRECTION,NOT DIVIDED,,STRAIGHT AND LEVEL,DRY,NO DEFECTS,ON SCENE,INJURY AND / OR TOW DUE TO CRASH,,,,"OVER $1,500",08/13/2025 09:55:00 AM,IMPROPER LANE USAGE,UNABLE TO DETERMINE,6010,S,STONY ISLAND AVE,314,,,,,,,2,NO INDICATION OF INJURY,0,0,0,0,0,2,0,9,4,8,41.7857449582,-87.5867315599,POINT (-87.586731559937 41.7857449582)
37bef0981d784772764e01872512b9a95e54a4b826d418e2950904da596c080f480320cd581068abf99c487ccda882c579d8ebe33fbe4e321820b09f30207309,,08/13/2025 09:45:00 AM,30,TRAFFIC SIGNAL,FUNCTIONING PROPERLY,CLEAR,DAYLIGHT,SIDESWIPE OPPOSITE DIRECTION,NOT DIVIDED,,STRAIGHT AND LEVEL,DRY,NO DEFECTS,,NO INJURY / DRIVE AWAY,,,,"OVER $1,500",08/13/2025 11:10:00 AM,UNABLE TO DETERMINE,NOT APPLICABLE,2600,W,ADDISON ST,1921,,,,,,,2,NO INDICATION OF INJURY,0,0,0,0,0,2,0,9,4,8,41.9468248791,-87.6932129127,POINT (-87.693212912693 41.946824879097)
fae9650ce10a2880175f957c6fde66251ec2372082af5bfe64e3ea7e605f3e3c949473de9b22aa790b19adef8a3d48727bbcf15a0b5d5a7b8c1464199439426d,,08/13/2025 09:45:00 AM,30,NO CONTROLS,NO CONTROLS,CLEAR,DAYLIGHT,SIDESWIPE SAME DIRECTION,DIVIDED - W/MEDIAN (NOT RAISED),,STRAIGHT AND LEVEL,DRY,UNKNOWN,ON SCENE,NO INJURY / DRIVE AWAY,,,,$500 OR LESS,08/13/2025 10:10:00 AM,UNABLE TO DETERMINE,UNABLE TO DETERMINE,1717,N,DAMEN AVE,1434,,,,,,,2,NO INDICATION OF INJURY,0,0,0,0,0,2,0,9,4,8,41.9128082831,-87.6773695901,POINT (-87.677369590063 41.912808283133)
ffba85171bbe60caac4f397e5c097cb46847c79930ed21556084025232b5af1672267054131315ffec0161af32911f97ecc8c9f513c20c8a19f09a415208bcc6,,08/13/2025 09:45:00 AM,30,NO CONTROLS,NO CONTROLS,CLEAR,DAYLIGHT,REAR END,ONE-WAY,,STRAIGHT AND LEVEL,DRY,NO DEFECTS,NOT ON SCENE (DESK REPORT),INJURY AND / OR TOW DUE TO CRASH,,,,"OVER $1,500",08/16/2025 03:44:00 PM,FOLLOWING TOO CLOSELY,NOT APPLICABLE,4416,W,VAN BUREN ST,1131,,,,,,,2,NONINCAPACITATING INJURY,1,0,0,1,0,2,0,9,4,8,41.8752449972,-87.7360170049,POINT (-87.73601700485 41.875244997175)
63ba4987277492b6698843de65b825c1405fa07202bb54fc8dde474ed33c36d35438e114180b55e7f9a308a0e021505c7c7dd5c3f4b90a0d7dcc8440839d7f92,,08/13/2025 09:40:00 AM,30,NO CONTROLS,FUNCTIONING PROPERLY,CLEAR,DAYLIGHT,REAR END,OTHER,,STRAIGHT AND LEVEL,DRY,NO DEFECTS,ON SCENE,INJURY AND / OR TOW DUE TO CRASH,,,,"OVER $1,500",08/13/2025 09:41:00 AM,DISTRACTION - FROM OUTSIDE VEHICLE,NOT APPLICABLE,4401,S,WESTERN AVE,922,,,,,,,2,NO INDICATION OF INJURY,0,0,0,0,0,3,0,9,4,8,41.8137946021,-87.6844299795,POINT (-87.684429979522 41.813794602072)
eb63b89f4bb4f6677044fae4087439894bc38023c2cfd919d27f411f9aa8726e6b3333cea93c9646602b5b5672fb95b2f696bcadc17de323f031fc6222462b3b,,08/13/2025 09:35:00 AM,30,NO CONTROLS,NO CONTROLS,CLEAR,DAYLIGHT,SIDESWIPE SAME DIRECTION,DIVIDED - W/MEDIAN (NOT RAISED),,STRAIGHT AND LEVEL,DRY,NO DEFECTS,NOT ON SCENE (DESK REPORT),NO INJURY / DRIVE AWAY,,,,"$501 - $1,500",08/21/2025 03:00:00 AM,UNABLE TO DETERMINE,NOT APPLICABLE,1600,W,GARFIELD BLVD,932,,,,,,,2,NO INDICATION OF INJURY,0,0,0,0,0,2,0,9,4,8,41.7941332202,-87.6646452632,POINT (-87.664645263203 41.794133220224)
58e73f36b9f06c12d0ec9d8c388d4107f7ea6853e3213d433d18b525e0d8922dba554ca2a8f69d2e8243995d14bd73441b09ff8b8e1453c852de2d85242f8472,,08/13/2025 09:30:00 AM,30,NO CONTROLS,NO CONTROLS,CLEAR,DAYLIGHT,PARKED MOTOR VEHICLE,NOT DIVIDED,,STRAIGHT AND LEVEL,DRY,NO DEFECTS,NOT ON SCENE (DESK REPORT),NO INJURY / DRIVE AWAY,,,Y,$500 OR LESS,08/13/2025 10:25:00 AM,UNABLE TO DETERMINE,UNABLE TO DETERMINE,5239,W,BELMONT AVE,2514,,,,,,,2,NO INDICATION OF INJURY,0,0,0,0,0,1,0,9,4,8,41.9385700696,-87.7582520691,POINT (-87.758252069051 41.938570069565)
ac2daa7b79468b1b3e3b193f392fc07715c36ad6db1dd9771161c1806aa8bed0a2e89723335e8849433dc540874655fda703b01868486b9761b3edf01c14ee11,,08/13/2025 09:30:00 AM,30,STOP SIGN/FLASHER,FUNCTIONING PROPERLY,CLEAR,DAYLIGHT,REAR END,DIVIDED - W/MEDIAN (NOT RAISED),,STRAIGHT AND LEVEL,DRY,NO DEFECTS,NOT ON SCENE (DESK REPORT),INJURY AND / OR TOW DUE TO CRASH,,,,"OVER $1,500",08/14/2025 09:30:00 AM,FOLLOWING TOO CLOSELY,NOT APPLICABLE,2340,W,TOUHY AVE,2411,,,,,,,3,NONINCAPACITATING INJURY,1,0,0,1,0,2,0,9,4,8,42.0123807781,-87.6892139453,POINT (-87.689213945322 42.012380778092)
b68105b7c0ca2de9b99d51176bce9a57f9a451191da8376f51e421fce63945b26f6b424aa3fb1b50bb6e7cbe34eb4c7ca2d868bb275c54aa178d1627921eea9f,,08/13/2025 09:28:00 AM,30,TRAFFIC SIGNAL,FUNCTIONING PROPERLY,CLEAR,DAYLIGHT,TURNING,NOT DIVIDED,,STRAIGHT AND LEVEL,DRY,NO DEFECTS,NOT ON SCENE (DESK REPORT),NO INJURY / DRIVE AWAY,,,,"OVER $1,500",08/13/2025 05:30:00 PM,UNABLE TO DETERMINE,UNABLE TO DETERMINE,4701,S,ASHLAND AVE,933,,,,,,,2,NO INDICATION OF INJURY,0,0,0,0,0,2,0,9,4,8,41.808515065,-87.6648238973,POINT (-87.664823897314 41.808515064962)
9694d738eb7a10f2dd355ce1c71740f7b46a7197de246a60cb6c924ec58b3f5dc99e338065feb1869f6ea11cc8bf18ff5bc4ab426e582d395aa0931d08f152ce,,08/13/2025 09:21:00 AM,30,NO CONTROLS,NO CONTROLS,CLEAR,DAYLIGHT,SIDESWIPE SAME DIRECTION,NOT DIVIDED,,STRAIGHT AND LEVEL,DRY,UNKNOWN,ON SCENE,NO INJURY / DRIVE AWAY,,,Y,"OVER $1,500",08/13/2025 09:21:00 AM,IMPROPER LANE USAGE,UNABLE TO DETERMINE,701,W,VAN BUREN ST,121,,,,,,,2,NO INDICATION OF INJURY,0,0,0,0,0,2,0,9,4,8,41.8766050391,-87.6439855437,POINT (-87.643985543659 41.876605039116)
4f6d835e3525f11ad1423fd482685f82132aaf85a6573e21ecbd92483c10c9b7b7cdc426549c0804c73b01be3d94b30b4b687349f32b7e9077dc854ffbdba613,,08/13/2025 09:20:00 AM,30,NO CONTROLS,NO CONTROLS,CLEAR,DAYLIGHT,TURNING,DIVIDED - W/MEDIAN (NOT RAISED),,STRAIGHT ON GRADE,DRY,NO DEFECTS,ON SCENE,INJURY AND / OR TOW DUE TO CRASH,,,,"OVER $1,500",08/13/2025 09:21:00 AM,FAILING TO YIELD RIGHT-OF-WAY,IMPROPER TURNING/NO SIGNAL,1437,W,MONTROSE AVE,1912,,,,,,,2,"REPORTED, NOT EVIDENT",1,0,0,0,1,1,0,9,4,8,41.961519135,-87.666419675,POINT (-87.666419675027 41.961519134991)
e659ca4bcfe932a37d0fdd620f63ffb9f6a790c8eb54fd4f09b5b372b2da4403956447d05e85ea0576a1398f01b5365bdfa32491d33f904a98e43e2f79c345b3,,08/13/2025 09:20:00 AM,30,STOP SIGN/FLASHER,NO CONTROLS,CLEAR,DAYLIGHT,TURNING,T-INTERSECTION,,STRAIGHT AND LEVEL,DRY,NO DEFECTS,ON SCENE,INJURY AND / OR TOW DUE TO CRASH,,,,"OVER $1,500",08/13/2025 09:45:00 AM,FAILING TO YIELD RIGHT-OF-WAY,DRIVING SKILLS/KNOWLEDGE/EXPERIENCE,1878,W,OGDEN AVE,1225,,,,,,,2,NO INDICATION OF INJURY,0,0,0,0,0,2,0,9,4,8,41.8751547798,-87.6737558815,POINT (-87.673755881513 41.875154779829)
4c1e69cadb2d27315c92dbd2d7b1facbd6d1ca7ea97715931ad979bd2f19edd187c83622db8c744bc0bb9994e81fd6147e410317957b5964707b4ffc0136c070,,08/13/2025 09:19:00 AM,30,STOP SIGN/FLASHER,FUNCTIONING PROPERLY,CLEAR,DAYLIGHT,PEDALCYCLIST,ONE-WAY,,STRAIGHT AND LEVEL,DRY,NO DEFECTS,ON SCENE,INJURY AND / OR TOW DUE TO CRASH,Y,,,$500 OR LESS,08/13/2025 09:20:00 AM,DISREGARDING STOP SIGN,DISREGARDING STOP SIGN,400,W,EVERGREEN AVE,1821,,,,,,,2,NONINCAPACITATING INJURY,2,0,0,1,1,2,0,9,4,8,41.9066283591,-87.6385162042,POINT (-87.638516204239 41.90662835907)
67c9f85cd092fe1ac66b8c3688fcfc0c4e3d5969c5b6e101c685c257c1594eaf033faefc44622c1316a4f20473e249dfbfbb3316d0b3575d88a2e9532114e961,,08/13/2025 09:01:00 AM,30,TRAFFIC SIGNAL,FUNCTIONING PROPERLY,CLEAR,DAYLIGHT,REAR END,DIVIDED - W/MEDIAN (NOT RAISED),,STRAIGHT AND LEVEL,DRY,NO DEFECTS,,INJURY AND / OR TOW DUE TO CRASH,,,,"OVER $1,500",08/14/2025 09:01:00 AM,FOLLOWING TOO CLOSELY,FOLLOWING TOO CLOSELY,4002,W,DIVISION ST,2534,,,,,,,2,INCAPACITATING INJURY,1,0,1,0,0,1,0,9,4,8,41.9027774347,-87.7264609969,POINT (-87.726460996864 41.902777434688)
a71448e339a0c344ddf6b1fa2cb843662ff8388d44e42c7e889dd310eee77def49aefbf44a013659e2da21490d10fb36915e41cdabe0e9dd6188da4594ca986b,,08/13/2025 09:00:00 AM,30,NO CONTROLS,NO CONTROLS,CLEAR,UNKNOWN,SIDESWIPE SAME DIRECTION,ONE-WAY,,STRAIGHT AND LEVEL,UNKNOWN,UNKNOWN,NOT ON SCENE (DESK REPORT),NO INJURY / DRIVE AWAY,,,,"OVER $1,500",08/13/2025 11:00:00 AM,DRIVING SKILLS/KNOWLEDGE/EXPERIENCE,DRIVING SKILLS/KNOWLEDGE/EXPERIENCE,17,S,WABASH AVE,112,,,,,,,2,NO INDICATION OF INJURY,0,0,0,0,0,2,0,9,4,8,41.8816311873,-87.6260524253,POINT (-87.626052425255 41.881631187326)
e84332e72804cb3d13083ac3f487d84123f363b3c73812b62f47c222ef5eafe8408260afbf70178cbd7c45e4b7fad38968c60f75400730f9d1af67a948343401,,08/13/2025 08:55:00 AM,25,STOP SIGN/FLASHER,FUNCTIONING PROPERLY,CLEAR,DAYLIGHT,ANGLE,T-INTERSECTION,,STRAIGHT AND LEVEL,DRY,NO DEFECTS,,NO INJURY / DRIVE AWAY,,,Y,"$501 - $1,500",08/13/2025 09:00:00 AM,FAILING TO YIELD RIGHT-OF-WAY,NOT APPLICABLE,10800,S,EDBROOKE AVE,513,,,,,,,2,NO INDICATION OF INJURY,0,0,0,0,0,2,0,8,4,8,41.6980048597,-87.6197728379,POINT (-87.619772837916 41.698004859688)
b304a715819a4c6481c61ea468fb548936f63cd6aba9290709971b98f1aed79301d7fd49fd764f9882bef5c0e021c03d7c7009335dd291acba2c5a9cca813928,,08/13/2025 08:52:00 AM,20,TRAFFIC SIGNAL,FUNCTIONING PROPERLY,CLEAR,DAYLIGHT,SIDESWIPE SAME DIRECTION,DIVIDED - W/MEDIAN (NOT RAISED),,STRAIGHT AND LEVEL,DRY,NO DEFECTS,NOT ON SCENE (DESK REPORT),NO INJURY / DRIVE AWAY,Y,,Y,$500 OR LESS,08/13/2025 09:28:00 AM,FOLLOWING TOO CLOSELY,FAILING TO REDUCE SPEED TO AVOID CRASH,1600,W,83RD ST,614,,,,,,,2,NO INDICATION OF INJURY,0,0,0,0,0,2,0,8,4,8,41.7431841699,-87.6633193913,POINT (-87.663319391286 41.743184169881)
f28773e821ac1a4392100e6946e46ea400aa69aeaad6a7e78f3adb7f40559b38fece89820435390fbf8b18c64c2d587a486cd679e2701758fedfaaabb33a218e,,08/13/2025 08:50:00 AM,30,NO CONTROLS,NO CONTROLS,CLEAR,DAYLIGHT,REAR END,DIVIDED - W/MEDIAN (NOT RAISED),,STRAIGHT AND LEVEL,DRY,NO DEFECTS,ON SCENE,NO INJURY / DRIVE AWAY,,,,"OVER $1,500",08/13/2025 08:55:00 AM,IMPROPER TURNING/NO SIGNAL,FOLLOWING TOO CLOSELY,4331,W,PETERSON AVE,1711,,,,,,,5,NO INDICATION OF INJURY,0,0,0,0,0,5,0,8,4,8,41.9899149267,-87.737443437,POINT (-87.737443436992 41.989914926684)
cd6c8d9724f6e8a9c1870cadca1a9f4a862ca73e97933c232d5a888c058d35e0180c5493cc77eb15ed7153f8615c6f777b0816e12704e4e3680592053de96011,Y,08/13/2025 08:39:00 AM,30,NO CONTROLS,NO CONTROLS,UNKNOWN,UNKNOWN,PARKED MOTOR VEHICLE,ONE-WAY,,STRAIGHT AND LEVEL,UNKNOWN,NO DEFECTS,ON SCENE,NO INJURY / DRIVE AWAY,,,Y,$500 OR LESS,08/13/2025 08:39:00 AM,UNABLE TO DETERMINE,UNABLE TO DETERMINE,1556,N,LINDER AVE,2532,,,,,,,2,NO INDICATION OF INJURY,0,0,0,0,0,1,0,8,4,8,41.9092547459,-87.7635617996,POINT (-87.76356179958 41.909254745873)
34b65d879b0bb6d3916dc9fa0674fc40338fb13e1877c566d454e921bb06ce5fa14df044b5433595950e045bc839ac25f38eefcb940a13048d1fa1206fb5d1d4,,08/13/2025 08:38:00 AM,30,NO CONTROLS,NO CONTROLS,CLEAR,DAYLIGHT,SIDESWIPE SAME DIRECTION,DIVIDED - W/MEDIAN BARRIER,,STRAIGHT AND LEVEL,DRY,UNKNOWN,ON SCENE,NO INJURY / DRIVE AWAY,,,,"OVER $1,500",08/13/2025 08:43:00 AM,UNABLE TO DETERMINE,UNABLE TO DETERMINE,4325,S,CICERO AVE,815,,,,,,,2,NO INDICATION OF INJURY,0,0,0,0,0,3,0,8,4,8,41.8141582768,-87.743187551,POINT (-87.743187551047 41.814158276756)
5b542fc835f6ed7a74710149b49c0552c08d25008b6292ee970e0eaecfd4b9df26dbddfeb7977cb9e532dd9f3695b66d9150796d0c3ab20d445e4f76803192df,,08/13/2025 08:33:00 AM,30,TRAFFIC SIGNAL,FUNCTIONING PROPERLY,CLEAR,DAYLIGHT,PEDALCYCLIST,NOT DIVIDED,,STRAIGHT AND LEVEL,UNKNOWN,UNKNOWN,ON SCENE,INJURY AND / OR TOW DUE TO CRASH,Y,Y,Y,"$501 - $1,500",08/13/2025 08:37:00 AM,DISREGARDING TRAFFIC SIGNALS,FAILING TO YIELD RIGHT-OF-WAY,366,E,31ST ST,133,,,,,,,2,NONINCAPACITATING INJURY,1,0,0,1,0,1,0,8,4,8,41.838528605,-87.6175093603,POINT (-87.617509360335 41.838528605003)
062e9dd54e86e3b50ca5ebf2aa1be41eb7ea6aae1e45b82ccc7033629f51862cbd339246868468f9a5d4cf6fcec553bdba2b51a4a0c52cc4b8ade339ee35999e,,08/13/2025 08:30:00 AM,30,UNKNOWN,UNKNOWN,CLEAR,DAYLIGHT,REAR END,NOT DIVIDED,,STRAIGHT AND LEVEL,UNKNOWN,UNKNOWN,NOT ON SCENE (DESK REPORT),NO INJURY / DRIVE AWAY,,,,"OVER $1,500",08/13/2025 06:00:00 PM,UNABLE TO DETERMINE,UNABLE TO DETERMINE,600,W,CHICAGO AVE,1822,,,,,,,2,NO INDICATION OF INJURY,0,0,0,0,0,2,0,8,4,8,41.8965851912,-87.6429961817,POINT (-87.642996181725 41.8965851912)
344c77f22695b42f9cc1dff29f8634690be1081bf78792c9422fc1f85d30c85c42f4563c7d1a67de587596527faba7a46c7efce13d67e9333dc812a967d8f89c,Y,08/13/2025 08:30:00 AM,30,NO CONTROLS,NO CONTROLS,CLEAR,DAYLIGHT,PARKED MOTOR VEHICLE,NOT DIVIDED,,STRAIGHT AND LEVEL,DRY,NO DEFECTS,ON SCENE,INJURY AND / OR TOW DUE TO CRASH,,,Y,"OVER $1,500",08/13/2025 10:24:00 AM,UNABLE TO DETERMINE,UNABLE TO DETERMINE,1254,W,NORWOOD ST,2433,,,,,,,3,NO INDICATION OF INJURY,0,0,0,0,0,1,0,8,4,8,41.9919064769,-87.662409014,POINT (-87.662409014023 41.991906476861)
f8a0c4c53294c17657faf0a6f7f6d28e43ccc02897d58d97a57e98397ab24d821b8d8b0977bc07332d381c3c9d50733629d02e297708cb8a764b6ab322a995ed,,08/13/2025 08:23:00 AM,30,NO CONTROLS,NO CONTROLS,CLEAR,DAYLIGHT,PEDESTRIAN,NOT DIVIDED,,STRAIGHT AND LEVEL,DRY,NO DEFECTS,ON SCENE,INJURY AND / OR TOW DUE TO CRASH,Y,,,"OVER $1,500",08/13/2025 08:45:00 AM,FAILING TO YIELD RIGHT-OF-WAY,NOT APPLICABLE,1101,W,FULLERTON AVE,1811,,,,,,,2,"REPORTED, NOT EVIDENT",1,0,0,0,1,1,0,8,4,8,41.9252316994,-87.6560815847,POINT (-87.656081584699 41.925231699449)
5003d50dd3c21bfc7ca7acb73085b1c3b2d7484af2e340374ba027df2865036eb2eb64f9ff9ba9d1611780c3f3faa1032c34f787d00e5b2fcecdf916e17a776c,,08/13/2025 08:20:00 AM,30,NO CONTROLS,NO CONTROLS,CLEAR,DAYLIGHT,TURNING,NOT DIVIDED,,STRAIGHT AND LEVEL,DRY,UNKNOWN,ON SCENE,INJURY AND / OR TOW DUE TO CRASH,,,,"OVER $1,500",08/13/2025 08:40:00 AM,IMPROPER TURNING/NO SIGNAL,UNABLE TO DETERMINE,5330,S,LARAMIE AVE,814,,,,,,,2,NO INDICATION OF INJURY,0,0,0,0,0,6,0,8,4,8,41.7962624012,-87.7527464537,POINT (-87.752746453689 41.796262401187)
dfa186f26a01ff218e2ab819f1a66f585160cc7e718b11ceca24861eac2e122db5f4863ef3103afbe29768298bba18b1603b4d087c3fee11e418edac08400abe,,08/13/2025 08:09:00 AM,30,NO CONTROLS,NO CONTROLS,CLEAR,DAYLIGHT,REAR END,DIVIDED - W/MEDIAN (NOT RAISED),,STRAIGHT AND LEVEL,DRY,NO DEFECTS,ON SCENE,NO INJURY / DRIVE AWAY,Y,,,"OVER $1,500",08/13/2025 08:12:00 AM,FOLLOWING TOO CLOSELY,FOLLOWING TOO CLOSELY,1837,W,FOSTER AVE,2032,,,,,,,2,NO INDICATION OF INJURY,0,0,0,0,0,2,0,8,4,8,41.9759663254,-87.6763560022,POINT (-87.676356002224 41.97596632544)
7fb42c2530d06d6dbd4d25fd1165ab9369435bee9eb946311a72f00e0238b80f55bbff99af2f80106e1265df8a16f45f041e9c6d8edd9b0a38ceb69487b103e5,,08/13/2025 08:07:00 AM,30,NO CONTROLS,NO CONTROLS,CLEAR,DAYLIGHT,SIDESWIPE SAME DIRECTION,ONE-WAY,,STRAIGHT AND LEVEL,DRY,UNKNOWN,NOT ON SCENE (DESK REPORT),NO INJURY / DRIVE AWAY,,,,"OVER $1,500",08/13/2025 08:45:00 AM,UNABLE TO DETERMINE,NOT APPLICABLE,718,N,DEARBORN ST,1832,,,,,,,2,NO INDICATION OF INJURY,0,0,0,0,0,2,0,8,4,8,41.8955421829,-87.629897667,POINT (-87.629897666982 41.895542182944)