CRASH_RECORD_ID,CRASH_DATE_EST_I,CRASH_DATE,POSTED_SPEED_LIMIT,TRAFFIC_CONTROL_DEVICE,DEVICE_CONDITION,WEATHER_CONDITION,LIGHTING_CONDITION,FIRST_CRASH_TYPE,TRAFFICWAY_TYPE,LANE_CNT,ALIGNMENT,ROADWAY_SURFACE_COND,ROAD_DEFECT,REPORT_TYPE,CRASH_TYPE,INTERSECTION_RELATED_I,NOT_RIGHT_OF_WAY_I,HIT_AND_RUN_I,DAMAGE,DATE_POLICE_NOTIFIED,PRIM_CONTRIBUTORY_CAUSE,SEC_CONTRIBUTORY_CAUSE,STREET_NO,STREET_DIRECTION,STREET_NAME,BEAT_OF_OCCURRENCE,PHOTOS_TAKEN_I,STATEMENTS_TAKEN_I,DOORING_I,WORK_ZONE_I,WORK_ZONE_TYPE,WORKERS_PRESENT_I,NUM_UNITS,MOST_SEVERE_INJURY,INJURIES_TOTAL,INJURIES_FATAL,INJURIES_INCAPACITATING,INJURIES_NON_INCAPACITATING,INJURIES_REPORTED_NOT_EVIDENT,INJURIES_NO_INDICATION,INJURIES_UNKNOWN,CRASH_HOUR,CRASH_DAY_OF_WEEK,CRASH_MONTH,LATITUDE,LONGITUDE,LOCATION
91ffb8eff28bd04bc91fdc7c0127bdab6078db9fa2612d31d562f39b438e99265754ba937b4568841c04c168d0643a97b21c6b911dff42224e3748f0b1fc666b,,08/13/2025 08:05:00 AM,30,NO CONTROLS,NO CONTROLS,CLEAR,DAYLIGHT,ANGLE,DIVIDED - W/MEDIAN (NOT RAISED),,STRAIGHT AND LEVEL,DRY,NO DEFECTS,,NO INJURY / DRIVE AWAY,,,,"OVER $1,500",08/13/2025 08:10:00 AM,FAILING TO YIELD RIGHT-OF-WAY,FAILING TO REDUCE SPEED TO AVOID CRASH,1951,E,95TH ST,431,,,,,,,2,NO INDICATION OF INJURY,0,0,0,0,0,3,0,8,4,8,41.7223544483,-87.5757780641,POINT (-87.575778064147 41.722354448293)
bf3c623893ba626a5d2fbe3c8c4b7d9fb2d8731fd9bf538f6fa972ea6e8c3e013af2625a1f5fbdc6249d66c3c328fd6caa5d9ec0b61b62d0978f4b54478c95a1,,08/13/2025 08:05:00 AM,30,TRAFFIC SIGNAL,FUNCTIONING PROPERLY,CLEAR,DAYLIGHT,SIDESWIPE SAME DIRECTION,NOT DIVIDED,,STRAIGHT AND LEVEL,DRY,NO DEFECTS,ON SCENE,NO INJURY / DRIVE AWAY,,,,"$501 - $1,500",08/13/2025 08:09:00 AM,UNABLE TO DETERMINE,UNABLE TO DETERMINE,1932,S,RUBLE ST,1235,,,,,,,2,NO INDICATION OF INJURY,0,0,0,0,0,3,0,8,4,8,41.855953459,-87.6438923204,POINT (-87.643892320422 41.855953459038)
2c5b2c30fbf93677ea4d3ae7a58286276365d2e30add533af8b17727c3b953e0949bd53dbeea07a7ca98976f676e0e8950d856a90363dbe6c51735e2b3dbbd0d,,08/13/2025 08:00:00 AM,30,NO CONTROLS,NO CONTROLS,CLEAR,DAYLIGHT,PARKED MOTOR VEHICLE,ONE-WAY,,STRAIGHT AND LEVEL,DRY,NO DEFECTS,NOT ON SCENE (DESK REPORT),NO INJURY / DRIVE AWAY,,,Y,"OVER $1,500",08/13/2025 10:40:00 PM,DRIVING SKILLS/KNOWLEDGE/EXPERIENCE,NOT APPLICABLE,5250,N,CAMPBELL AVE,2011,,,,,,,2,NO INDICATION OF INJURY,0,0,0,0,0,1,0,8,4,8,41.9774561234,-87.6911892591,POINT (-87.691189259059 41.977456123382)
525768ca03cbfc6f2e44445d950ddb2054f08d883deaca512277f3b07fabdb791d3961fbbdbe36964aefd02082a9f137f47ccc605809cb346a67af4a6726451d,,08/13/2025 07:53:00 AM,30,TRAFFIC SIGNAL,FUNCTIONING PROPERLY,CLEAR,DAYLIGHT,ANGLE,FOUR WAY,,STRAIGHT AND LEVEL,DRY,NO DEFECTS,ON SCENE,INJURY AND / OR TOW DUE TO CRASH,,,Y,"OVER $1,500",08/13/2025 08:00:00 AM,DISREGARDING TRAFFIC SIGNALS,NOT APPLICABLE,2598,S,KOSTNER AVE,1013,Y,,,,,,2,NONINCAPACITATING INJURY,1,0,0,1,0,1,0,7,4,8,41.844156446,-87.7344288755,POINT (-87.734428875477 41.844156445955)
14e70107e850a9111cc57bbc4570a4090ff194ae8d81918a6b181aa3376a5a1d254616e3357a7c9f6c25ede5bd41e1f9d7fd9ff6e8f008f3b120502f67ce3c87,,08/13/2025 07:47:00 AM,30,STOP SIGN/FLASHER,FUNCTIONING PROPERLY,CLEAR,DAYLIGHT,PARKED MOTOR VEHICLE,NOT DIVIDED,,STRAIGHT AND LEVEL,DRY,UNKNOWN,NOT ON SCENE (DESK REPORT),NO INJURY / DRIVE AWAY,,,,"OVER $1,500",08/13/2025 08:40:00 AM,IMPROPER LANE USAGE,UNABLE TO DETERMINE,304,N,ADA ST,1215,,,,,,,2,NO INDICATION OF INJURY,0,0,0,0,0,1,0,7,4,8,41.8867870414,-87.6609462515,POINT (-87.660946251547 41.886787041428)
18b9ccce54c3198d7056e049c30583fb7bbc8459aa79c0a539fe281c86f4cc253301bdd3037367b8f5ef945790aa405232f50f37bb0df1d3c00d0d92cd37f7e1,,08/13/2025 07:45:00 AM,30,TRAFFIC SIGNAL,FUNCTIONING PROPERLY,CLEAR,DAYLIGHT,TURNING,NOT DIVIDED,,STRAIGHT AND LEVEL,DRY,NO DEFECTS,ON SCENE,NO INJURY / DRIVE AWAY,Y,,,"$501 - $1,500",08/13/2025 07:47:00 AM,UNABLE TO DETERMINE,UNABLE TO DETERMINE,6658,N,SHERIDAN RD,2432,,,,,,,2,NO INDICATION OF INJURY,0,0,0,0,0,2,0,7,4,8,42.0034919514,-87.660961379,POINT (-87.660961378956 42.003491951427)
62d9970a849f3ef7a2231f03e8ea1ab05a12296251a775b2f4e5f1ea556938190ae9b578c9c1fc4b42e587872ba9794e6fd2b8abaa6a93b1bada0c42b3ad76ae,,08/13/2025 07:45:00 AM,30,NO CONTROLS,NO CONTROLS,CLEAR,DAYLIGHT,SIDESWIPE SAME DIRECTION,DIVIDED - W/MEDIAN BARRIER,,STRAIGHT AND LEVEL,DRY,NO DEFECTS,ON SCENE,NO INJURY / DRIVE AWAY,,,,"OVER $1,500",08/13/2025 07:55:00 AM,FAILING TO YIELD RIGHT-OF-WAY,FAILING TO YIELD RIGHT-OF-WAY,2725,N,ASHLAND AVE,1932,,,,,,,2,NO INDICATION OF INJURY,0,0,0,0,0,3,0,7,4,8,41.9313973177,-87.6682189156,POINT (-87.668218915618 41.931397317655)
7e84448662b09e395e5e607b6d12e826c86f4cfb3212b1376cfd38905a41ba6e2cf8522ea86828a66dc34d3902f7e598e5abb29a97488fad46c463082d7464d2,,08/13/2025 07:42:00 AM,30,NO CONTROLS,NO CONTROLS,CLEAR,DAYLIGHT,TURNING,DIVIDED - W/MEDIAN (NOT RAISED),,STRAIGHT AND LEVEL,DRY,NO DEFECTS,ON SCENE,INJURY AND / OR TOW DUE TO CRASH,,,,"OVER $1,500",08/13/2025 07:43:00 AM,DISREGARDING ROAD MARKINGS,NOT APPLICABLE,6326,W,DEVON AVE,1611,,,,,,,2,NO INDICATION OF INJURY,0,0,0,0,0,2,0,7,4,8,41.9974833776,-87.7864191366,POINT (-87.786419136611 41.99748337761)
bcac8ab3a4f12eb99d68727a90507e6422c5d985ee43bb42e2b73d4c70d1f97953e32aa6603cf797d86edcb87d83c359b5109a7d1831aa5c07f910d059f95323,,08/13/2025 07:39:00 AM,35,TRAFFIC SIGNAL,FUNCTIONING PROPERLY,CLEAR,DAYLIGHT,REAR END,DIVIDED - W/MEDIAN (NOT RAISED),,STRAIGHT AND LEVEL,DRY,NO DEFECTS,NOT ON SCENE (DESK REPORT),NO INJURY / DRIVE AWAY,,,,"OVER $1,500",08/13/2025 08:40:00 AM,UNABLE TO DETERMINE,NOT APPLICABLE,5934,W,ROOSEVELT RD,1513,,,,,,,2,NO INDICATION OF INJURY,0,0,0,0,0,2,0,7,4,8,41.8655862926,-87.7730476275,POINT (-87.773047627454 41.865586292617)
c0bb4a808ac8ec12a625d7138594c4a55ffe7adaa446cc2d083512c4d86de57bcbc4ca03e82e09ea8ff48ba5ab552a6d184c5daf39f941696402dc0ab02e6747,,08/13/2025 07:30:00 AM,30,NO CONTROLS,NO CONTROLS,CLEAR,DAYLIGHT,PARKED MOTOR VEHICLE,NOT DIVIDED,,STRAIGHT AND LEVEL,DRY,NO DEFECTS,ON SCENE,NO INJURY / DRIVE AWAY,,,,"OVER $1,500",08/13/2025 07:40:00 AM,NOT APPLICABLE,NOT APPLICABLE,3051,W,POLK ST,1134,,,,,,,2,NO INDICATION OF INJURY,0,0,0,0,0,3,0,7,4,8,41.8708765262,-87.7029459715,POINT (-87.702945971537 41.870876526177)
c414b4addea4457e5a15049e0c26b2dfc349eb592ace81977cf7e3f34afeba328559fee7e4b618789f76d13fe71c7e5840304ef4ea39e5c4e7db6761ce17a71b,,08/13/2025 07:30:00 AM,30,NO CONTROLS,NO CONTROLS,CLEAR,DAYLIGHT,REAR END,NOT DIVIDED,,STRAIGHT AND LEVEL,DRY,NO DEFECTS,NOT ON SCENE (DESK REPORT),NO INJURY / DRIVE AWAY,,,,"OVER $1,500",08/13/2025 10:00:00 AM,FOLLOWING TOO CLOSELY,FOLLOWING TOO CLOSELY,6900,W,63RD ST,812,,,,,,,3,NO INDICATION OF INJURY,0,0,0,0,0,3,0,7,4,8,41.7775733471,-87.7935343642,POINT (-87.793534364156 41.77757334706)
b6bd162120a44f2ad2fcaa7215ea8b678487363d268b46122ae87509f65bbccc3717ab3fc3fd38cf51ea5b1c0bc9bf1dcd2e168cfdda1eba25a23b865a21cc7c,,08/13/2025 07:19:00 AM,10,NO CONTROLS,NO CONTROLS,CLEAR,DAYLIGHT,PARKED MOTOR VEHICLE,PARKING LOT,,STRAIGHT AND LEVEL,WET,NO DEFECTS,ON SCENE,NO INJURY / DRIVE AWAY,,Y,,"OVER $1,500",08/13/2025 07:19:00 AM,UNABLE TO DETERMINE,UNABLE TO DETERMINE,3201,W,CERMAK RD,1024,Y,,,,,,2,NO INDICATION OF INJURY,0,0,0,0,0,1,0,7,4,8,41.8516545452,-87.7053126941,POINT (-87.7053126941 41.851654545163)
d9de297a31f581b1da30d9be76d76db7407ef13568aca0a016e4f3c4f338ba1ce37e3b5c65d1650d980c8e4cdacec4895bcd0dc6e81cf36dd5e36c6520a1b942,,08/13/2025 07:15:00 AM,30,NO CONTROLS,NO CONTROLS,CLEAR,DAYLIGHT,TURNING,NOT DIVIDED,,STRAIGHT AND LEVEL,DRY,NO DEFECTS,ON SCENE,INJURY AND / OR TOW DUE TO CRASH,,,,"$501 - $1,500",08/13/2025 07:36:00 AM,IMPROPER TURNING/NO SIGNAL,FAILING TO YIELD RIGHT-OF-WAY,4919,W,WASHINGTON BLVD,1533,,,,,,,2,NONINCAPACITATING INJURY,1,0,0,1,0,1,0,7,4,8,41.8816628387,-87.7485771441,POINT (-87.748577144076 41.881662838672)
5cef80652ba835945b3529367e6a3dfdcc30ae68eb67760380b210653bc41d27246b42a66658bea7139a304746f2f8bdadbf9e5629527a7e4c7e99bad9173f1f,,08/13/2025 07:00:00 AM,30,UNKNOWN,UNKNOWN,CLEAR,DAYLIGHT,PARKED MOTOR VEHICLE,NOT DIVIDED,,STRAIGHT AND LEVEL,UNKNOWN,UNKNOWN,NOT ON SCENE (DESK REPORT),NO INJURY / DRIVE AWAY,,,Y,"OVER $1,500",08/13/2025 05:00:00 PM,UNABLE TO DETERMINE,UNABLE TO DETERMINE,819,N,RUSH ST,1833,,,,,,,2,NO INDICATION OF INJURY,0,0,0,0,0,1,0,7,4,8,41.8974069508,-87.6257540297,POINT (-87.625754029717 41.897406950752)
d12fada73f9a282e42513cc6418ffac31fd7496e323ec17bb35ea64f36fdba3c311accf0afc568101b1d068f8dd4ca2b7eea1a7104c53c8cec9ec935f2056ed8,,08/13/2025 07:00:00 AM,30,NO CONTROLS,NO CONTROLS,CLEAR,DAYLIGHT,PARKED MOTOR VEHICLE,NOT DIVIDED,,STRAIGHT AND LEVEL,DRY,NO DEFECTS,NOT ON SCENE (DESK REPORT),NO INJURY / DRIVE AWAY,,,Y,"OVER $1,500",08/13/2025 10:40:00 AM,UNABLE TO DETERMINE,NOT APPLICABLE,1601,W,45TH ST,924,,,,,,,2,NO INDICATION OF INJURY,0,0,0,0,0,1,0,7,4,8,41.8121192043,-87.6651429806,POINT (-87.665142980557 41.812119204342)
97bfd4565c407d1a4a2fbaf164fa14929d4d90addfaf37cb4f8af010d380bfce2e39d18c89fbdbdbcbaf6671cb0b5a3e17e5d8704751a09aaf54cf4a733c4452,,08/13/2025 06:57:00 AM,30,UNKNOWN,UNKNOWN,CLEAR,DAYLIGHT,SIDESWIPE SAME DIRECTION,NOT DIVIDED,,STRAIGHT AND LEVEL,DRY,UNKNOWN,NOT ON SCENE (DESK REPORT),NO INJURY / DRIVE AWAY,Y,,,"$501 - $1,500",08/13/2025 07:30:00 AM,IMPROPER OVERTAKING/PASSING,NOT APPLICABLE,800,S,ASHLAND AVE,1231,,,,,,,2,NO INDICATION OF INJURY,0,0,0,0,0,2,0,6,4,8,41.8715659906,-87.6666754145,POINT (-87.666675414457 41.871565990609)
6ea4e252e59972163fef691bb8128ec14322c7ddaf9a979c3d20332075345f0efe063417e53a217b482569c7f2f080738be6baa98084d50c06044531c1855b01,,08/13/2025 06:50:00 AM,30,NO CONTROLS,NO CONTROLS,CLEAR,DAYLIGHT,PEDESTRIAN,ONE-WAY,,STRAIGHT AND LEVEL,DRY,NO DEFECTS,NOT ON SCENE (DESK REPORT),NO INJURY / DRIVE AWAY,,,Y,$500 OR LESS,08/13/2025 08:05:00 AM,UNABLE TO DETERMINE,UNABLE TO DETERMINE,151,W,ADAMS ST,122,,,,,,,2,NO INDICATION OF INJURY,0,0,0,0,0,2,0,6,4,8,41.8792900733,-87.6323627253,POINT (-87.6323627253 41.879290073296)
97c2f376a19ff3f2b7ddda90968a2dc112046d90d490eaabb2583d150b6b35f3aa80e2c213445e5448aeed7e31783a4f3eb7e938a8f122282e90632728dad808,,08/13/2025 06:30:00 AM,20,NO CONTROLS,NO CONTROLS,CLEAR,DAYLIGHT,PARKED MOTOR VEHICLE,ONE-WAY,,STRAIGHT AND LEVEL,DRY,NO DEFECTS,ON SCENE,INJURY AND / OR TOW DUE TO CRASH,,,Y,"OVER $1,500",08/13/2025 06:41:00 AM,UNABLE TO DETERMINE,UNABLE TO DETERMINE,5155,S,HARDING AVE,822,,,,,,,3,NO INDICATION OF INJURY,0,0,0,0,0,1,0,6,4,8,41.7989395569,-87.721904271,POINT (-87.721904270989 41.798939556855)
58f0d6397e404b64495e40e73bd429b9ed4607e4d1219b96677edd2a316932d405ff45203f5a106e99e9dfb5e1fc82a3446139f9f7c404519e9205b68ad0b8d2,,08/13/2025 06:20:00 AM,35,NO CONTROLS,NO CONTROLS,CLEAR,DAYLIGHT,ANGLE,NOT DIVIDED,,STRAIGHT AND LEVEL,DRY,NO DEFECTS,NOT ON SCENE (DESK REPORT),NO INJURY / DRIVE AWAY,N,,,"OVER $1,500",08/13/2025 06:45:00 AM,FAILING TO YIELD RIGHT-OF-WAY,NOT APPLICABLE,4535,N,CENTRAL AVE,1623,,,,,,,2,NO INDICATION OF INJURY,0,0,0,0,0,2,0,6,4,8,41.9634168027,-87.7671908259,POINT (-87.767190825914 41.96341680272)
0f18dfdeefddad2a0e6426ec0cba9969e1e80fc8e1663380254c5c3a64dd639b85e5157fecb78560027d163626b86bf55d5cb9f26d9a5890d84a5008215c6114,,08/13/2025 06:17:00 AM,25,NO CONTROLS,NO CONTROLS,CLEAR,DAYLIGHT,SIDESWIPE SAME DIRECTION,NOT DIVIDED,,STRAIGHT AND LEVEL,DRY,NO DEFECTS,NOT ON SCENE (DESK REPORT),NO INJURY / DRIVE AWAY,Y,,,"OVER $1,500",08/13/2025 08:45:00 AM,IMPROPER OVERTAKING/PASSING,UNABLE TO DETERMINE,2335,N,HARLEM AVE,2512,,,,,,,2,NO INDICATION OF INJURY,0,0,0,0,0,2,0,6,4,8,41.9221738173,-87.8060497782,POINT (-87.80604977816 41.922173817344)
e0e1b366a8f06b0a179758237b2eb49f2f51af87968f5e63032e2f686ed1a3f633bd6bbd1663f6e98897b2e2324fb4804fe39459dbe1aedb4a76b3ef077ea588,,08/13/2025 06:16:00 AM,30,NO CONTROLS,NO CONTROLS,CLEAR,DAYLIGHT,REAR END,DIVIDED - W/MEDIAN BARRIER,,STRAIGHT AND LEVEL,DRY,NO DEFECTS,ON SCENE,INJURY AND / OR TOW DUE TO CRASH,,,,"OVER $1,500",08/13/2025 06:16:00 AM,FOLLOWING TOO CLOSELY,NOT APPLICABLE,5955,S,LAKE SHORE DR,331,,Y,,,,,4,NONINCAPACITATING INJURY,4,0,0,3,1,0,0,6,4,8,41.78634607,-87.57742526,POINT (-87.577425259974 41.786346070036)
54675c52217c0a8f49c0e615a116b7379ab3e481e8bef8ce7a491bc9f26757ec52504389c5e2e36e9e7875dcf3862a024d4fd6b2bd05c6d6101a37141319f589,,08/13/2025 06:15:00 AM,40,NO CONTROLS,NO CONTROLS,CLEAR,DAYLIGHT,REAR END,DIVIDED - W/MEDIAN BARRIER,,STRAIGHT AND LEVEL,UNKNOWN,NO DEFECTS,NOT ON SCENE (DESK REPORT),NO INJURY / DRIVE AWAY,,,,"OVER $1,500",08/13/2025 09:15:00 AM,UNABLE TO DETERMINE,NOT APPLICABLE,5955,S,LAKE SHORE DR,331,,,,,,,2,NO INDICATION OF INJURY,0,0,0,0,0,2,0,6,4,8,41.78634607,-87.57742526,POINT (-87.577425259974 41.786346070036)
643c1ee7b496724c6a7c98da3f13da4a882942f5e316cb07be791e61469003226010399ae93d05625f300b08175647f5a1b07c03c9e8f243b65f700e754061e6,,08/13/2025 06:15:00 AM,30,NO CONTROLS,NO CONTROLS,CLEAR,DAWN,TURNING,ALLEY,,STRAIGHT AND LEVEL,DRY,UNKNOWN,NOT ON SCENE (DESK REPORT),NO INJURY / DRIVE AWAY,,,Y,"OVER $1,500",08/13/2025 06:45:00 AM,UNABLE TO DETERMINE,NOT APPLICABLE,3459,S,CALIFORNIA AVE,911,,,,,,,2,NO INDICATION OF INJURY,0,0,0,0,0,2,0,6,4,8,41.8301479711,-87.6946488287,POINT (-87.694648828742 41.830147971066)
beebb938f837ce4046c225cc33b68b936774f0e933aae7240f4caafeefb836d4eaae021615e209e24220258c5dc5acad591cb65486aac27485c91b9afbe99e19,,08/13/2025 06:00:00 AM,15,NO CONTROLS,NO CONTROLS,CLEAR,DAYLIGHT,FIXED OBJECT,DRIVEWAY,,STRAIGHT AND LEVEL,DRY,NO DEFECTS,NOT ON SCENE (DESK REPORT),NO INJURY / DRIVE AWAY,,Y,N,"OVER $1,500",08/13/2025 10:40:00 AM,NOT APPLICABLE,NOT APPLICABLE,7617,S,PEORIA ST,621,,,,,,,1,NO INDICATION OF INJURY,0,0,0,0,0,1,0,6,4,8,41.7555254618,-87.6464483492,POINT (-87.646448349237 41.755525461826)
2a85617e5cff789ccf1d39df925f346613520c913a2d20a9fd31b3b9d3c121b43ee61be105a1c32b27c95f1a2fdd00ced04735d7a4afcc1a8442a134b94a23f8,,08/13/2025 05:05:00 AM,30,NO CONTROLS,NO CONTROLS,CLEAR,DAYLIGHT,SIDESWIPE SAME DIRECTION,ONE-WAY,,STRAIGHT AND LEVEL,DRY,UNKNOWN,NOT ON SCENE (DESK REPORT),NO INJURY / DRIVE AWAY,,,,"OVER $1,500",08/13/2025 06:00:00 AM,UNABLE TO DETERMINE,UNABLE TO DETERMINE,10000,W,OHARE ST,1651,,,,,,,2,NO INDICATION OF INJURY,0,0,0,0,0,2,0,5,4,8,41.976201139,-87.9053091251,POINT (-87.905309125103 41.976201139024)
cb98387447d1aa24ba9d4faa4f4d304e05a8200a6e0e03ce471ba78b320c2338d4c055203856459335c2789dca3e9cd9af31efb11edeacd4ae8ad1f72dd7d4b2,,08/13/2025 05:01:00 AM,30,TRAFFIC SIGNAL,FUNCTIONING PROPERLY,CLEAR,"DARKNESS, LIGHTED ROAD",TURNING,NOT DIVIDED,,STRAIGHT AND LEVEL,DRY,NO DEFECTS,ON SCENE,INJURY AND / OR TOW DUE TO CRASH,,,,"OVER $1,500",08/13/2025 05:02:00 AM,UNABLE TO DETERMINE,UNABLE TO DETERMINE,4399,S,ASHLAND AVE,924,,,,,,,2,"REPORTED, NOT EVIDENT",1,0,0,0,1,2,0,5,4,8,41.8141522054,-87.6649643473,POINT (-87.664964347347 41.814152205395)
82595ee461edc8053292e8082be629daf0b2dffa847efe8fa6cc460159b743ae23fa054ded0366377e29895a616ae67f6983b1f0d552a4df7d22d59f2d0b07f1,,08/13/2025 05:00:00 AM,25,NO CONTROLS,NO CONTROLS,CLEAR,DAWN,PARKED MOTOR VEHICLE,NOT DIVIDED,,STRAIGHT AND LEVEL,DRY,NO DEFECTS,ON SCENE,INJURY AND / OR TOW DUE TO CRASH,,,,"OVER $1,500",08/13/2025 05:01:00 AM,UNABLE TO DETERMINE,UNABLE TO DETERMINE,3301,N,MELVINA AVE,1633,,,,,,,3,NO INDICATION OF INJURY,0,0,0,0,0,1,0,5,4,8,41.9402680729,-87.7810022976,POINT (-87.781002297635 41.940268072938)
8bc89d4d9f746130a724735f4f2f6df411af41b418a4361cfe9c8e4185245eedc0577d4366dc5cc35cccfae2b9b66c51ac1fc47032896f5cc2ae45ce85672a42,,08/13/2025 04:50:00 AM,30,TRAFFIC SIGNAL,FUNCTIONING PROPERLY,CLEAR,DARKNESS,REAR END,DIVIDED - W/MEDIAN (NOT RAISED),,STRAIGHT AND LEVEL,DRY,NO DEFECTS,,NO INJURY / DRIVE AWAY,,,Y,"OVER $1,500",08/13/2025 04:00:00 PM,FAILING TO REDUCE SPEED TO AVOID CRASH,FAILING TO REDUCE SPEED TO AVOID CRASH,5900,S,STATE ST,232,,,,,,,2,NO INDICATION OF INJURY,0,0,0,0,0,2,0,4,4,8,41.7872687485,-87.625657367,POINT (-87.625657367013 41.787268748515)
18c54617bc29df949651169791fd7407a64c765fca5a9322280dc24f68b5c8f4143bb5b48ab7f0c2668e80388a43bf61504eb9944622640dc55427b200d26eb5,,08/13/2025 04:36:00 AM,30,STOP SIGN/FLASHER,OTHER,CLEAR,"DARKNESS, LIGHTED ROAD",ANGLE,FOUR WAY,,STRAIGHT AND LEVEL,DRY,NO DEFECTS,ON SCENE,INJURY AND / OR TOW DUE TO CRASH,Y,,,"OVER $1,500",08/13/2025 04:38:00 AM,FAILING TO YIELD RIGHT-OF-WAY,NOT APPLICABLE,4235,W,ARMITAGE AVE,2534,,,,,,,2,NO INDICATION OF INJURY,0,0,0,0,0,2,0,4,4,8,41.9169746017,-87.7328834332,POINT (-87.732883433168 41.916974601737)
c016e20deea2c00e49dae929c6862fc640dd8234335690227d110017309cc58358f800cf6d81395152d34e64325149b38b6f7e84d3b9f9c32b08a360c7ea3f41,,08/13/2025 03:30:00 AM,30,TRAFFIC SIGNAL,FUNCTIONING PROPERLY,CLEAR,"DARKNESS, LIGHTED ROAD",REAR END,DIVIDED - W/MEDIAN BARRIER,,STRAIGHT ON GRADE,DRY,NO DEFECTS,ON SCENE,NO INJURY / DRIVE AWAY,,,,"OVER $1,500",08/13/2025 03:35:00 AM,FAILING TO REDUCE SPEED TO AVOID CRASH,FAILING TO REDUCE SPEED TO AVOID CRASH,12998,S,TORRENCE AVE,433,,,,,,,2,NO INDICATION OF INJURY,0,0,0,0,0,2,0,3,4,8,41.6592827795,-87.5594322617,POINT (-87.559432261693 41.659282779464)
e4a2b71265b1f839a0593e477ffbdd45abaf511a5db2654180fa723608dc01b6967fb21c8b8c955b8dbc80a7ae72e72b8fc220ac85c4fe27a8fab055e0cfa495,,08/13/2025 02:50:00 AM,35,UNKNOWN,UNKNOWN,CLOUDY/OVERCAST,"DARKNESS, LIGHTED ROAD",REAR END,NOT DIVIDED,,STRAIGHT AND LEVEL,WET,NO DEFECTS,ON SCENE,INJURY AND / OR TOW DUE TO CRASH,,,Y,"OVER $1,500",08/13/2025 02:53:00 AM,FAILING TO REDUCE SPEED TO AVOID CRASH,FOLLOWING TOO CLOSELY,3525,W,VAN BUREN ST,1133,,,,,,,2,"REPORTED, NOT EVIDENT",2,0,0,0,2,2,0,2,4,8,41.8753026106,-87.7141215445,POINT (-87.714121544466 41.875302610611)
80f3b95ec46af62fa0e879f2aeecef67a2f14d43a4aa871b3eb032a49ebe671319e9eb609b3048cc88d8cfc441bfb18c35c0319cc52b5404bdedf815323d189f,,08/13/2025 02:30:00 AM,20,NO CONTROLS,NO CONTROLS,CLEAR,"DARKNESS, LIGHTED ROAD",PARKED MOTOR VEHICLE,NOT DIVIDED,,STRAIGHT AND LEVEL,DRY,NO DEFECTS,NOT ON SCENE (DESK REPORT),NO INJURY / DRIVE AWAY,,,Y,"OVER $1,500",08/19/2025 11:50:00 AM,UNABLE TO DETERMINE,NOT APPLICABLE,1110,N,NOBLE ST,1213,,,,,,,2,NO INDICATION OF INJURY,0,0,0,0,0,1,0,2,4,8,41.901857651,-87.6627420673,POINT (-87.66274206727 41.901857650973)
17d7c8c5cbd5f0cb1e397aaf75e6530864c54f8d5ea612a43c4075f19c3dc667a37cb21395dbd8a45fe1fde9295dc781694804fa0568df69f272ccbe9994b17d,,08/13/2025 02:15:00 AM,35,NO CONTROLS,NO CONTROLS,CLEAR,DARKNESS,PARKED MOTOR VEHICLE,ONE-WAY,,STRAIGHT AND LEVEL,DRY,NO DEFECTS,NOT ON SCENE (DESK REPORT),NO INJURY / DRIVE AWAY,,,N,$500 OR LESS,08/13/2025 03:10:00 AM,NOT APPLICABLE,NOT APPLICABLE,1754,W,ALBION AVE,2432,,,,,,,2,NO INDICATION OF INJURY,0,0,0,0,0,1,0,2,4,8,42.0017674559,-87.6744987194,POINT (-87.67449871945 42.001767455948)
86c4574cef5725ea88b97938ee0dec58b6d71ed267155a7f3829185c74f846073ff65825cae7e4e2c546da3cb4d01e0a4b83a149f60b1ab792094e494a904ea1,,08/13/2025 02:00:00 AM,30,NO CONTROLS,NO CONTROLS,RAIN,DARKNESS,PARKED MOTOR VEHICLE,NOT DIVIDED,,STRAIGHT AND LEVEL,WET,NO DEFECTS,NOT ON SCENE (DESK REPORT),NO INJURY / DRIVE AWAY,,,,"$501 - $1,500",08/13/2025 06:09:00 PM,FAILING TO REDUCE SPEED TO AVOID CRASH,NOT APPLICABLE,1801,S,WABASH AVE,131,,,,,,,2,NO INDICATION OF INJURY,0,0,0,0,0,1,0,2,4,8,41.857792921,-87.6254623688,POINT (-87.625462368835 41.857792921043)
87df7dd61b1917e51215d38577a13718fac9ccc4f8956479872f30444b367bea84bae484ea3c98c4d9b510aa442ccd9a919edfb7ae5ef548e554228e7d6334dd,Y,08/13/2025 02:00:00 AM,30,NO CONTROLS,UNKNOWN,UNKNOWN,UNKNOWN,SIDESWIPE SAME DIRECTION,NOT DIVIDED,,STRAIGHT AND LEVEL,UNKNOWN,NO DEFECTS,ON SCENE,INJURY AND / OR TOW DUE TO CRASH,,,Y,"OVER $1,500",08/13/2025 09:57:00 AM,DRIVING SKILLS/KNOWLEDGE/EXPERIENCE,NOT APPLICABLE,2129,E,75TH ST,414,,,,,,,2,NO INDICATION OF INJURY,0,0,0,0,0,3,0,2,4,8,41.758808204,-87.5725922991,POINT (-87.572592299127 41.75880820404)
ac5333c166613a2359832cef8da2fa9815de5706149367a47f74d1062278c8095b9609d0221de0b30d5ca609ac4eafe741f439ff261db91c6b7dc977e074b9ae,,08/13/2025 01:55:00 AM,25,UNKNOWN,NO CONTROLS,CLEAR,"DARKNESS, LIGHTED ROAD",OTHER OBJECT,NOT DIVIDED,,STRAIGHT AND LEVEL,WET,NO DEFECTS,ON SCENE,INJURY AND / OR TOW DUE TO CRASH,Y,,,"OVER $1,500",08/13/2025 01:59:00 AM,UNABLE TO DETERMINE,UNABLE TO DETERMINE,2100,W,BELMONT AVE,1921,,,,,,,1,NO INDICATION OF INJURY,0,0,0,0,0,1,0,1,4,8,41.9396519315,-87.6809032053,POINT (-87.680903205327 41.939651931538)