CRASH_RECORD_ID,CRASH_DATE_EST_I,CRASH_DATE,POSTED_SPEED_LIMIT,TRAFFIC_CONTROL_DEVICE,DEVICE_CONDITION,WEATHER_CONDITION,LIGHTING_CONDITION,FIRST_CRASH_TYPE,TRAFFICWAY_TYPE,LANE_CNT,ALIGNMENT,ROADWAY_SURFACE_COND,ROAD_DEFECT,REPORT_TYPE,CRASH_TYPE,INTERSECTION_RELATED_I,NOT_RIGHT_OF_WAY_I,HIT_AND_RUN_I,DAMAGE,DATE_POLICE_NOTIFIED,PRIM_CONTRIBUTORY_CAUSE,SEC_CONTRIBUTORY_CAUSE,STREET_NO,STREET_DIRECTION,STREET_NAME,BEAT_OF_OCCURRENCE,PHOTOS_TAKEN_I,STATEMENTS_TAKEN_I,DOORING_I,WORK_ZONE_I,WORK_ZONE_TYPE,WORKERS_PRESENT_I,NUM_UNITS,MOST_SEVERE_INJURY,INJURIES_TOTAL,INJURIES_FATAL,INJURIES_INCAPACITATING,INJURIES_NON_INCAPACITATING,INJURIES_REPORTED_NOT_EVIDENT,INJURIES_NO_INDICATION,INJURIES_UNKNOWN,CRASH_HOUR,CRASH_DAY_OF_WEEK,CRASH_MONTH,LATITUDE,LONGITUDE,LOCATION
a99e75c346152ba30eb47a8ae139d3ecd989f123fb8e22eeaafea31c64c1b66f1d700a175768c0ba8cb668542af5851d160aae6ce58ad43ed56d83bf3b513054,,08/13/2025 12:59:00 AM,35,TRAFFIC SIGNAL,FUNCTIONING PROPERLY,CLEAR,"DARKNESS, LIGHTED ROAD",TURNING,NOT DIVIDED,,STRAIGHT AND LEVEL,WET,NO DEFECTS,ON SCENE,INJURY AND / OR TOW DUE TO CRASH,Y,,,"OVER $1,500",08/13/2025 12:59:00 AM,UNABLE TO DETERMINE,UNABLE TO DETERMINE,3959,W,26TH ST,1031,,,,,,,2,NO INDICATION OF INJURY,0,0,0,0,0,2,0,0,4,8,41.8441455027,-87.7244918217,POINT (-87.724491821678 41.844145502669)
22c6eb7ca600f61b4702c2dda1cbd6fe588596f0804278771ca6ca7685661f8b2e9cde7a2864bf66912a0bd69ead091313c5b603b75baecc619047ab1900ca5e,Y,08/13/2025 12:52:00 AM,15,NO CONTROLS,NO CONTROLS,CLOUDY/OVERCAST,"DARKNESS, LIGHTED ROAD",FIXED OBJECT,NOT DIVIDED,,STRAIGHT AND LEVEL,DRY,NO DEFECTS,ON SCENE,NO INJURY / DRIVE AWAY,,,Y,"OVER $1,500",08/13/2025 11:00:00 AM,UNABLE TO DETERMINE,UNABLE TO DETERMINE,3325,S,THROOP ST,913,,,,,,,1,NO INDICATION OF INJURY,0,0,0,0,0,1,0,0,4,8,,,
3c8a2432e2fb13e4dc97e78b9587cdcc4fa895a4fc8b59c1bdc6982b12606c9303bb548c56d657ff85ed39aae1108dec8a82815ea6e998c97695f8e257aa69d5,,08/13/2025 12:30:00 AM,3,TRAFFIC SIGNAL,FUNCTIONING PROPERLY,CLEAR,"DARKNESS, LIGHTED ROAD",SIDESWIPE SAME DIRECTION,DIVIDED - W/MEDIAN BARRIER,,STRAIGHT AND LEVEL,DRY,NO DEFECTS,NOT ON SCENE (DESK REPORT),NO INJURY / DRIVE AWAY,Y,,,"$501 - $1,500",08/13/2025 02:41:00 PM,FAILING TO YIELD RIGHT-OF-WAY,NOT APPLICABLE,442,E,115TH ST,531,,,,,,,2,NO INDICATION OF INJURY,0,0,0,0,0,3,0,0,4,8,41.6855517744,-87.6114324103,POINT (-87.611432410254 41.685551774429)
2b8c3a56fca7a54678ccfd7433b4727e2cd9311bf87a90f23a10fc37a052c12be5c17134ef7f3e731472878214236483367c8213a4f04f107c7e155592b6a883,Y,08/12/2025 11:45:00 PM,20,NO CONTROLS,NO CONTROLS,CLEAR,"DARKNESS, LIGHTED ROAD",PARKED MOTOR VEHICLE,NOT DIVIDED,,STRAIGHT AND LEVEL,DRY,NO DEFECTS,ON SCENE,INJURY AND / OR TOW DUE TO CRASH,,,Y,"OVER $1,500",08/12/2025 11:47:00 PM,UNABLE TO DETERMINE,UNABLE TO DETERMINE,1765,W,54TH ST,932,,,,,,,4,NO INDICATION OF INJURY,0,0,0,0,0,1,0,23,3,8,41.7956994711,-87.6694678512,POINT (-87.669467851189 41.795699471081)
fe56337c24c0e595fb37b30efea7fb37035183b01f50a55f8ce95d5cd7ebc33f733f9d9042e24f8cb9a1badfd03bb7828515b14bc58feda46c8ed097e3f11ea6,,08/12/2025 11:37:00 PM,30,NO CONTROLS,NO CONTROLS,CLEAR,"DARKNESS, LIGHTED ROAD",PARKED MOTOR VEHICLE,ONE-WAY,,STRAIGHT AND LEVEL,WET,NO DEFECTS,ON SCENE,INJURY AND / OR TOW DUE TO CRASH,,,Y,"OVER $1,500",08/12/2025 11:38:00 PM,UNABLE TO DETERMINE,DRIVING ON WRONG SIDE/WRONG WAY,5814,W,DAKIN ST,1633,,,,,,,5,NO INDICATION OF INJURY,0,0,0,0,0,1,0,23,3,8,41.9522752119,-87.7725085564,POINT (-87.772508556423 41.952275211883)
f21e103c6bbcaa22bac891446c88add8c8d66f4b0440524003675ca9281270c5193b59abe70477983a5ce4a3bc75fe5c2a40fb32b058b448bbaf3ab666743371,,08/12/2025 11:33:00 PM,30,NO CONTROLS,OTHER,CLOUDY/OVERCAST,"DARKNESS, LIGHTED ROAD",SIDESWIPE OPPOSITE DIRECTION,NOT DIVIDED,,STRAIGHT AND LEVEL,WET,NO DEFECTS,,INJURY AND / OR TOW DUE TO CRASH,N,,,"OVER $1,500",08/14/2025 03:10:00 PM,DRIVING SKILLS/KNOWLEDGE/EXPERIENCE,DRIVING SKILLS/KNOWLEDGE/EXPERIENCE,330,W,35TH ST,915,,,,,,,2,NO INDICATION OF INJURY,0,0,0,0,0,2,0,23,3,8,41.8310059419,-87.6350930469,POINT (-87.635093046922 41.831005941898)
3a22efc02e86db08a0be5c1fb0cfa2cf5c2d4b0a929de1b51760b22fab00cd6b01c9e79e6a7ae2e97a03e381aa89ad4eca65d0b7f99d50725aea50f165ee1996,,08/12/2025 11:32:00 PM,30,TRAFFIC SIGNAL,FUNCTIONING PROPERLY,CLEAR,"DARKNESS, LIGHTED ROAD",REAR END,FOUR WAY,,STRAIGHT AND LEVEL,WET,NO DEFECTS,ON SCENE,INJURY AND / OR TOW DUE TO CRASH,Y,,,"OVER $1,500",08/12/2025 11:39:00 PM,FAILING TO REDUCE SPEED TO AVOID CRASH,DRIVING SKILLS/KNOWLEDGE/EXPERIENCE,5301,N,WESTERN AVE,2012,,,,,,,2,NO INDICATION OF INJURY,0,0,0,0,0,5,0,23,3,8,41.9778014636,-87.6890776922,POINT (-87.689077692183 41.97780146365)
4c8a45233301b447608a28c100ebaf684f18914224c846d563740cb3bb6dd995d8701a52f1ce9b9925c577cb6042f870a1702ec66edf68bca4b750f0eff82cba,,08/12/2025 11:00:00 PM,30,NO CONTROLS,UNKNOWN,RAIN,"DARKNESS, LIGHTED ROAD",SIDESWIPE SAME DIRECTION,ONE-WAY,,STRAIGHT AND LEVEL,WET,UNKNOWN,ON SCENE,INJURY AND / OR TOW DUE TO CRASH,,,Y,"OVER $1,500",08/12/2025 11:05:00 PM,FAILING TO REDUCE SPEED TO AVOID CRASH,NOT APPLICABLE,4530,W,CONGRESS PKWY,1131,,,,,,,2,NO INDICATION OF INJURY,0,0,0,0,0,3,0,23,3,8,41.8742947325,-87.7390082023,POINT (-87.739008202332 41.874294732471)
ad4f29884651726496be13db61ddc848c627037454c7a3d08f1f2428d9292ace5e56ce6ba5bbcf46341d6a98e9286a1b928e9f442958cf0e9acc509a23041bd4,,08/12/2025 10:52:00 PM,10,NO CONTROLS,NO CONTROLS,CLEAR,"DARKNESS, LIGHTED ROAD",PARKED MOTOR VEHICLE,PARKING LOT,,STRAIGHT AND LEVEL,DRY,NO DEFECTS,ON SCENE,NO INJURY / DRIVE AWAY,,Y,,$500 OR LESS,08/12/2025 10:56:00 PM,DRIVING SKILLS/KNOWLEDGE/EXPERIENCE,DRIVING SKILLS/KNOWLEDGE/EXPERIENCE,514,W,OHARE ST,1654,,,,,,,2,NO INDICATION OF INJURY,0,0,0,0,0,1,0,22,3,8,,,
6898269ff25e9e7829712f87c5fac4b8afdda203a4119a82a151b64f423610e846dbf01e1ad0723e544bf619e4b8d733f403125cd480060060c00483b1eb897c,,08/12/2025 10:48:00 PM,25,UNKNOWN,UNKNOWN,UNKNOWN,"DARKNESS, LIGHTED ROAD",PARKED MOTOR VEHICLE,ONE-WAY,,STRAIGHT AND LEVEL,WET,UNKNOWN,ON SCENE,INJURY AND / OR TOW DUE TO CRASH,,,,"$501 - $1,500",08/12/2025 11:12:00 PM,UNABLE TO DETERMINE,UNABLE TO DETERMINE,7626,S,GREEN ST,621,,,,,,,4,NO INDICATION OF INJURY,0,0,0,0,0,1,0,22,3,8,41.7552560793,-87.6455204694,POINT (-87.645520469369 41.755256079303)
17866129c84e411867690b582b4fe861c120d68f7922e2a8a759af9102cc3205a4fc8b1f88d71ce02881cabc9b9c6ec57eeb7bec5943c515263905b8b8a734a9,,08/12/2025 10:40:00 PM,30,TRAFFIC SIGNAL,FUNCTIONING PROPERLY,CLEAR,"DARKNESS, LIGHTED ROAD",PEDALCYCLIST,FOUR WAY,,STRAIGHT AND LEVEL,DRY,UNKNOWN,ON SCENE,INJURY AND / OR TOW DUE TO CRASH,Y,,Y,"$501 - $1,500",08/12/2025 10:44:00 PM,UNABLE TO DETERMINE,NOT APPLICABLE,6401,N,KEDZIE AVE,2412,,,,,,,2,NONINCAPACITATING INJURY,1,0,0,1,0,1,0,22,3,8,41.9974814463,-87.7091980696,POINT (-87.709198069582 41.997481446282)
2a9b738668fed88f51557cd8474838f31d342414f9f44d67655a6f3ea26d6b613757f68da5999e0ec48aa2a9d59232e18a948bb8a19917bf7bba46af8b1080a9,,08/12/2025 10:02:00 PM,30,NO CONTROLS,NO CONTROLS,CLOUDY/OVERCAST,"DARKNESS, LIGHTED ROAD",PARKED MOTOR VEHICLE,ONE-WAY,,STRAIGHT AND LEVEL,WET,NO DEFECTS,ON SCENE,INJURY AND / OR TOW DUE TO CRASH,,,,"OVER $1,500",08/12/2025 10:02:00 PM,UNABLE TO DETERMINE,UNABLE TO DETERMINE,5159,N,KOLMAR AVE,1712,,,,,,,2,NO INDICATION OF INJURY,0,0,0,0,0,2,0,22,3,8,41.9753002312,-87.7417583884,POINT (-87.741758388447 41.975300231245)
8bb4b44332423f6d6c32f76ec50bab8a636e70fe9d41d07488a9740e7c481a813356db50b0e308f76edcdc0780d07d3c4e0e88924172426963ceb8f8d9833bef,,08/12/2025 10:02:00 PM,30,NO CONTROLS,OTHER,OTHER,"DARKNESS, LIGHTED ROAD",SIDESWIPE SAME DIRECTION,NOT DIVIDED,,STRAIGHT AND LEVEL,WET,NO DEFECTS,ON SCENE,INJURY AND / OR TOW DUE TO CRASH,,,,"OVER $1,500",08/12/2025 10:04:00 PM,FAILING TO YIELD RIGHT-OF-WAY,DRIVING SKILLS/KNOWLEDGE/EXPERIENCE,8101,S,COTTAGE GROVE AVE,631,,,,,,,2,NO INDICATION OF INJURY,0,0,0,0,0,3,0,22,3,8,41.7475384484,-87.6049857308,POINT (-87.604985730802 41.747538448447)
77c07324bed8c79a2233220af71facc79e45368c4724fa7240325f7eb247d748ed3264159b4d8333915d08ba09099ffa11a9c66ab55056edcc31695b433c151e,,08/12/2025 10:00:00 PM,30,NO CONTROLS,NO CONTROLS,CLEAR,"DARKNESS, LIGHTED ROAD",ANGLE,OTHER,,STRAIGHT AND LEVEL,WET,NO DEFECTS,NOT ON SCENE (DESK REPORT),NO INJURY / DRIVE AWAY,,,,"OVER $1,500",08/12/2025 10:05:00 PM,FAILING TO YIELD RIGHT-OF-WAY,NOT APPLICABLE,5209,W,FULLERTON AVE,2515,,,,,,,2,NO INDICATION OF INJURY,0,0,0,0,0,2,0,22,3,8,41.9239908878,-87.7565191411,POINT (-87.756519141113 41.923990887768)
e2e87d6c05f395b2586e79fe279eba1f023b8f51d0ed3384c9c2e22e4130a604bfc7bf7db1db59e79e3b72cfe38de19ee17e4179f12db7e3e026e06225ddd52c,,08/12/2025 10:00:00 PM,30,NO CONTROLS,NO CONTROLS,UNKNOWN,"DARKNESS, LIGHTED ROAD",PEDESTRIAN,FOUR WAY,,STRAIGHT AND LEVEL,WET,UNKNOWN,,INJURY AND / OR TOW DUE TO CRASH,N,,Y,"OVER $1,500",08/12/2025 11:46:00 PM,UNABLE TO DETERMINE,NOT APPLICABLE,7128,W,ARCHER AVE,811,,Y,,,,,2,NONINCAPACITATING INJURY,1,0,0,1,0,1,0,22,3,8,41.7920672141,-87.8001988872,POINT (-87.800198887183 41.792067214057)
72e441b8b94170beb92bb9fa7bd9e4492330b5b321c92b300f2a10a4c62c758dc1feb6b8379a439cca0788c2f995cfba1fb0878b92b37270594d03f4f77e8e22,,08/12/2025 09:50:00 PM,25,NO CONTROLS,NO CONTROLS,CLOUDY/OVERCAST,"DARKNESS, LIGHTED ROAD",OTHER OBJECT,ONE-WAY,,STRAIGHT AND LEVEL,WET,WORN SURFACE,NOT ON SCENE (DESK REPORT),NO INJURY / DRIVE AWAY,,,Y,"$501 - $1,500",08/13/2025 12:15:00 AM,WEATHER,WEATHER,1333,W,NORTH SHORE AVE,2432,,,,,,,2,NO INDICATION OF INJURY,0,0,0,0,0,1,0,21,3,8,42.0033735761,-87.6649374283,POINT (-87.664937428282 42.003373576116)
dfa74e6be4b9453310ae24bdc8ca8f9a22841866f37f3992b595522613e4131a8286f04100dab97acf53a7e77439a7b388b10af8ea804ebfc97a36e172b1c58f,Y,08/12/2025 09:45:00 PM,30,TRAFFIC SIGNAL,FUNCTIONING PROPERLY,RAIN,DARKNESS,ANGLE,NOT DIVIDED,,STRAIGHT AND LEVEL,WET,NO DEFECTS,ON SCENE,NO INJURY / DRIVE AWAY,,,,"OVER $1,500",08/12/2025 09:49:00 PM,FAILING TO REDUCE SPEED TO AVOID CRASH,ROAD CONSTRUCTION/MAINTENANCE,25,E,OHIO ST,1834,,,,Y,UNKNOWN,,2,NO INDICATION OF INJURY,0,0,0,0,0,2,0,21,3,8,41.8923787742,-87.626983277,POINT (-87.626983277027 41.892378774151)
bc15050c84786ae3e8579f955df85a12cbc6901dee56ebe7773f9c3681531399b08b389d8b54a14a40a6278285d019d585ded485e6ff3b0c6c9a5efb483c519b,Y,08/12/2025 09:38:00 PM,30,NO CONTROLS,NO CONTROLS,CLEAR,"DARKNESS, LIGHTED ROAD",PARKED MOTOR VEHICLE,NOT DIVIDED,,STRAIGHT AND LEVEL,DRY,NO DEFECTS,NOT ON SCENE (DESK REPORT),NO INJURY / DRIVE AWAY,,,Y,"$501 - $1,500",08/16/2025 07:15:00 PM,UNABLE TO DETERMINE,NOT APPLICABLE,3178,N,CLARK ST,1933,,,,,,,2,NO INDICATION OF INJURY,0,0,0,0,0,1,0,21,3,8,41.9397051626,-87.6506501341,POINT (-87.650650134137 41.939705162599)
d56b65c1eda4b8117a1b37499012b4e2312b1d22fdc3f64d51b08f14850a88212e11cad4207e360aad5fc5fe9c31b14d5ad8f7501f5f36e9a7f47a966bf31183,,08/12/2025 09:34:00 PM,30,TRAFFIC SIGNAL,FUNCTIONING PROPERLY,CLEAR,"DARKNESS, LIGHTED ROAD",REAR END,DIVIDED - W/MEDIAN (NOT RAISED),,STRAIGHT AND LEVEL,WET,NO DEFECTS,NOT ON SCENE (DESK REPORT),NO INJURY / DRIVE AWAY,,,Y,"OVER $1,500",08/12/2025 10:00:00 PM,UNABLE TO DETERMINE,NOT APPLICABLE,3960,W,COLUMBUS AVE,834,,,,,,,2,NO INDICATION OF INJURY,0,0,0,0,0,2,0,21,3,8,41.7363127639,-87.7207674691,POINT (-87.720767469067 41.736312763888)
7ce0f833829e2f25f85261f728b8ab01280e95b84434345ca021672e6d61a2329756de817e6b6736fcc0c9a68e0357356646c0e22758664774c7fed6c25108e8,,08/12/2025 09:15:00 PM,30,TRAFFIC SIGNAL,FUNCTIONING PROPERLY,CLEAR,DUSK,REAR TO SIDE,NOT DIVIDED,,STRAIGHT AND LEVEL,DRY,NO DEFECTS,,INJURY AND / OR TOW DUE TO CRASH,Y,,Y,"$501 - $1,500",08/12/2025 10:00:00 PM,IMPROPER LANE USAGE,UNABLE TO DETERMINE,7901,S,SOUTH CHICAGO AVE,411,,,,,,,2,NO INDICATION OF INJURY,0,0,0,0,0,2,0,21,3,8,41.7515037487,-87.5854374369,POINT (-87.585437436949 41.751503748743)
25c514ac8ea54bfaf4d24de0d10362a49cffe1c65250a0bea003febe1791e8a08e5dd6ae31329902350b18ed6c1e4e99986db29e8a22727386e269c3a5d03e3f,,08/12/2025 09:00:00 PM,30,UNKNOWN,UNKNOWN,UNKNOWN,DARKNESS,SIDESWIPE SAME DIRECTION,FOUR WAY,,STRAIGHT AND LEVEL,WET,UNKNOWN,NOT ON SCENE (DESK REPORT),NO INJURY / DRIVE AWAY,,,Y,"$501 - $1,500",08/12/2025 10:00:00 PM,DRIVING SKILLS/KNOWLEDGE/EXPERIENCE,UNABLE TO DETERMINE,3150,W,LOGAN BLVD,1411,,,,,,,2,NO INDICATION OF INJURY,0,0,0,0,0,2,0,21,3,8,41.9288659324,-87.7067977436,POINT (-87.706797743636 41.92886593239)
d0f6f0c485a9988d7fc7f182eda96bad90b4cdc05bee455168713f7466a449f8bb1196934db3530515234ca0d6335d14b67544ed9d04c33575a5f953bc6302bf,,08/12/2025 09:00:00 PM,30,NO CONTROLS,NO CONTROLS,RAIN,"DARKNESS, LIGHTED ROAD",TURNING,NOT DIVIDED,,STRAIGHT AND LEVEL,WET,NO DEFECTS,NOT ON SCENE (DESK REPORT),NO INJURY / DRIVE AWAY,,,,"$501 - $1,500",08/12/2025 11:30:00 PM,IMPROPER TURNING/NO SIGNAL,NOT APPLICABLE,5698,W,CHICAGO AVE,1511,,,,,,,2,NO INDICATION OF INJURY,0,0,0,0,0,2,0,21,3,8,41.8949300075,-87.7677701393,POINT (-87.767770139348 41.894930007463)
f42bf17a0fde7ccdf72eaf9f64f9cf2882e900339bdead4b76dd0bf83047b364092dd409226da9295fcce254b0765c7badeb71a905cae6c07cf6be06cc6e3a9b,Y,08/12/2025 09:00:00 PM,5,NO CONTROLS,NO CONTROLS,CLEAR,DARKNESS,PARKED MOTOR VEHICLE,PARKING LOT,,STRAIGHT AND LEVEL,DRY,UNKNOWN,NOT ON SCENE (DESK REPORT),NO INJURY / DRIVE AWAY,,,Y,"OVER $1,500",08/13/2025 06:50:00 PM,IMPROPER OVERTAKING/PASSING,NOT APPLICABLE,4714,W,IRVING PARK RD,1722,,,,,,,2,NO INDICATION OF INJURY,0,0,0,0,0,1,0,21,3,8,41.9535489567,-87.7461408109,POINT (-87.746140810937 41.95354895668)
0e3f45a4e9b30d766f46ae820b5e4be42ef3f9d1954758678b05b1db9d1804a0349fbef81e84faf5663de3fa52437f42b0819d3d8dc21811d37e86e6350c1aa3,,08/12/2025 08:40:00 PM,30,NO CONTROLS,NO CONTROLS,RAIN,DARKNESS,REAR END,ONE-WAY,,STRAIGHT AND LEVEL,WET,UNKNOWN,ON SCENE,NO INJURY / DRIVE AWAY,,,,"$501 - $1,500",08/12/2025 08:49:00 PM,IMPROPER BACKING,NOT APPLICABLE,98,S,WELLS ST,122,,,,,,,2,NO INDICATION OF INJURY,0,0,0,0,0,2,0,20,3,8,41.8806887308,-87.6339460938,POINT (-87.633946093765 41.880688730816)
c010a0cc3dfa4c670e5e5a10696ee811dd2a2ad4de84a59852bc24fd0f316bfebc664d226dd77ae5e4b303d4d5d65c55c1c9ffd646739bcfc91e9f1ca659eb45,,08/12/2025 08:40:00 PM,40,NO CONTROLS,NO CONTROLS,CLEAR,"DARKNESS, LIGHTED ROAD",SIDESWIPE SAME DIRECTION,DIVIDED - W/MEDIAN BARRIER,,STRAIGHT AND LEVEL,UNKNOWN,NO DEFECTS,ON SCENE,NO INJURY / DRIVE AWAY,,,,"OVER $1,500",08/12/2025 08:46:00 PM,IMPROPER OVERTAKING/PASSING,"EVASIVE ACTION DUE TO ANIMAL, OBJECT, NONMOTORIST",4800,N,LAKE SHORE DR NB,2024,,,,,,,3,NO INDICATION OF INJURY,0,0,0,0,0,3,0,20,3,8,41.9694086179,-87.6483172637,POINT (-87.648317263699 41.969408617919)
56dade178b5c1d0157d17712b1453dbc0f3d6ecf6a429da982a7b88749bc302ae612d9dbb85327e6fc7d451ac1a5e31ba5616f05847a3f232bef7786069e78a4,,08/12/2025 08:30:00 PM,30,STOP SIGN/FLASHER,FUNCTIONING PROPERLY,SNOW,DARKNESS,ANGLE,FOUR WAY,,STRAIGHT AND LEVEL,WET,NO DEFECTS,ON SCENE,INJURY AND / OR TOW DUE TO CRASH,Y,,,"OVER $1,500",08/12/2025 08:35:00 PM,DISREGARDING STOP SIGN,NOT APPLICABLE,434,N,HALSTED ST,1214,,,,,,,2,NONINCAPACITATING INJURY,4,0,0,4,0,0,0,20,3,8,41.890077898,-87.6477560898,POINT (-87.647756089786 41.89007789797)
f081ec36244f56afffbb3f21871f5b60469975aa133d17a86dd11b6fafaf0fddbdf6b2798fdefa74d1ea381e394dc2e825da12a7ff184e94357496b43f412db3,,08/12/2025 08:25:00 PM,30,TRAFFIC SIGNAL,FUNCTIONING PROPERLY,UNKNOWN,UNKNOWN,SIDESWIPE SAME DIRECTION,NOT DIVIDED,,STRAIGHT AND LEVEL,UNKNOWN,UNKNOWN,NOT ON SCENE (DESK REPORT),NO INJURY / DRIVE AWAY,,,Y,"$501 - $1,500",08/13/2025 06:30:00 AM,UNABLE TO DETERMINE,NOT APPLICABLE,1618,N,CICERO AVE,2533,,,,,,,2,NO INDICATION OF INJURY,0,0,0,0,0,2,0,20,3,8,41.9102209217,-87.7462295165,POINT (-87.746229516542 41.910220921711)
bff7463ce2dd8bf98ebb68adfc72181d5c564479a516f0d022644f22c59f8ad84d12a8dbb463f5421b4f4fd92cd0c1e9c04fef0a8bacb099ad90064dbff6ba59,,08/12/2025 08:20:00 PM,30,NO CONTROLS,NO CONTROLS,RAIN,DARKNESS,REAR TO FRONT,ONE-WAY,,STRAIGHT AND LEVEL,WET,NO DEFECTS,ON SCENE,NO INJURY / DRIVE AWAY,,,,"OVER $1,500",08/12/2025 08:24:00 PM,NOT APPLICABLE,NOT APPLICABLE,545,W,101ST ST,2232,,,,,,,2,NO INDICATION OF INJURY,0,0,0,0,0,6,0,20,3,8,41.7105290682,-87.6374238814,POINT (-87.637423881354 41.710529068219)
2e98d38cae652853f1c7f6a1229b36c6aab9ce46a664c8d87406284078549c9a55a5dd15e4933d3678c54eeb5cb04b2c5e0bbe3ef8f57e1b1c4859f97bc60a3a,,08/12/2025 08:10:00 PM,30,UNKNOWN,NO CONTROLS,CLEAR,DAYLIGHT,OTHER OBJECT,NOT DIVIDED,,STRAIGHT AND LEVEL,WET,UNKNOWN,ON SCENE,INJURY AND / OR TOW DUE TO CRASH,,,Y,"OVER $1,500",08/12/2025 08:10:00 PM,NOT APPLICABLE,NOT APPLICABLE,1328,E,83RD ST,411,,,,,,,1,NO INDICATION OF INJURY,0,0,0,0,0,1,0,20,3,8,41.7442377108,-87.5917296456,POINT (-87.591729645572 41.744237710838)
0278b5cabee1edbe9cd8528fa99e8666ef9548141a219c292a1072e52564326db78c997656d4715f5c756fc584f145cb3848838abd45e84f3d5553e4e7c104a3,,08/12/2025 08:00:00 PM,30,TRAFFIC SIGNAL,FUNCTIONING PROPERLY,RAIN,DUSK,REAR END,FOUR WAY,,STRAIGHT AND LEVEL,WET,UNKNOWN,ON SCENE,INJURY AND / OR TOW DUE TO CRASH,N,,Y,"$501 - $1,500",08/12/2025 08:07:00 PM,UNABLE TO DETERMINE,NOT APPLICABLE,10278,S,HALSTED ST,2232,,,,,,,2,NONINCAPACITATING INJURY,1,0,0,1,0,1,0,20,3,8,41.7070054259,-87.6429833482,POINT (-87.642983348178 41.707005425851)
2ac9a0af2d80ab118ea372e1bf4ebab33453497a8263a0f56971ae6951a2b8ab3866fd65785bf618a61d8abde72bbaee0cf273af920b769527ff1f6dcec9972c,,08/12/2025 08:00:00 PM,30,UNKNOWN,UNKNOWN,CLEAR,DARKNESS,REAR TO FRONT,NOT DIVIDED,,STRAIGHT AND LEVEL,WET,UNKNOWN,ON SCENE,NO INJURY / DRIVE AWAY,,,,"$501 - $1,500",08/12/2025 08:00:00 PM,FOLLOWING TOO CLOSELY,NOT APPLICABLE,4107,W,LAWRENCE AVE,1722,,,,,,,2,NO INDICATION OF INJURY,0,0,0,0,0,3,0,20,3,8,41.9681010616,-87.7307985041,POINT (-87.730798504144 41.968101061624)
4b2947ee9baf65b8f51b2e32509d5f7b4586f73459c95804cf6b83d746203c8c6df7264a11a04eb8dff0a626249a74cfefce0c17acdda490b85e6443d235a1ca,,08/12/2025 08:00:00 PM,30,NO CONTROLS,NO CONTROLS,CLEAR,"DARKNESS, LIGHTED ROAD",REAR TO SIDE,PARKING LOT,,STRAIGHT AND LEVEL,DRY,NO DEFECTS,NOT ON SCENE (DESK REPORT),NO INJURY / DRIVE AWAY,,,,$500 OR LESS,08/12/2025 08:30:00 PM,UNABLE TO DETERMINE,NOT APPLICABLE,3943,W,47TH ST,821,,,,,,,2,NO INDICATION OF INJURY,0,0,0,0,0,2,0,20,3,8,41.8077790643,-87.7228469466,POINT (-87.722846946613 41.807779064307)
ff87dd0536e67432523f336e7f75c6e463522970ff30618da052db0a924b8c9c60e56f72b35df376b9361af033f47aebc2ca523688e8a6f5b2f5f3f425bf3377,,08/12/2025 07:55:00 PM,30,NO CONTROLS,NO CONTROLS,CLEAR,DAYLIGHT,REAR END,T-INTERSECTION,,STRAIGHT AND LEVEL,DRY,NO DEFECTS,ON SCENE,NO INJURY / DRIVE AWAY,Y,,,"OVER $1,500",08/12/2025 07:59:00 PM,UNABLE TO DETERMINE,NOT APPLICABLE,7301,N,WESTERN AVE,2411,,,,,,,2,NO INDICATION OF INJURY,0,0,0,0,0,2,0,19,3,8,42.0141820295,-87.6900839861,POINT (-87.690083986099 42.014182029503)
58438d07a7449fe0d82f6a73bc09b4d0d7dfb5ecb9509e672ec3ffb6e9c0b8ca2cc5e28d91bf58b78703bf52e35557ecb19dfc80463b1444f3c835349ea042f2,,08/12/2025 07:44:00 PM,30,NO CONTROLS,NO CONTROLS,RAIN,DUSK,ANGLE,NOT DIVIDED,,STRAIGHT AND LEVEL,WET,NO DEFECTS,ON SCENE,INJURY AND / OR TOW DUE TO CRASH,,,,"OVER $1,500",08/12/2025 07:54:00 PM,FAILING TO YIELD RIGHT-OF-WAY,FAILING TO YIELD RIGHT-OF-WAY,3111,W,ARMITAGE AVE,1421,,,,,,,2,NONINCAPACITATING INJURY,2,0,0,1,1,1,0,19,3,8,41.9172988389,-87.7057878492,POINT (-87.705787849224 41.917298838943)
7474fe2b39a3fc478be8154972c4ff4d7c48f6a0845f074c55227855243dbf133797a24cbdef722da139186c0ce21cc35c9cf8d696b3439e967bff8d665963ca,,08/12/2025 07:38:00 PM,30,NO CONTROLS,NO CONTROLS,CLEAR,DAYLIGHT,TURNING,DIVIDED - W/MEDIAN BARRIER,,STRAIGHT AND LEVEL,UNKNOWN,UNKNOWN,NOT ON SCENE (DESK REPORT),NO INJURY / DRIVE AWAY,,,,"OVER $1,500",08/12/2025 07:54:00 PM,UNABLE TO DETERMINE,NOT APPLICABLE,6261,N,LINCOLN AVE,1711,,,,,,,2,NO INDICATION OF INJURY,0,0,0,0,0,2,0,19,3,8,41.995709603,-87.7157947214,POINT (-87.715794721355 41.995709603025)