CRASH_RECORD_ID,CRASH_DATE_EST_I,CRASH_DATE,POSTED_SPEED_LIMIT,TRAFFIC_CONTROL_DEVICE,DEVICE_CONDITION,WEATHER_CONDITION,LIGHTING_CONDITION,FIRST_CRASH_TYPE,TRAFFICWAY_TYPE,LANE_CNT,ALIGNMENT,ROADWAY_SURFACE_COND,ROAD_DEFECT,REPORT_TYPE,CRASH_TYPE,INTERSECTION_RELATED_I,NOT_RIGHT_OF_WAY_I,HIT_AND_RUN_I,DAMAGE,DATE_POLICE_NOTIFIED,PRIM_CONTRIBUTORY_CAUSE,SEC_CONTRIBUTORY_CAUSE,STREET_NO,STREET_DIRECTION,STREET_NAME,BEAT_OF_OCCURRENCE,PHOTOS_TAKEN_I,STATEMENTS_TAKEN_I,DOORING_I,WORK_ZONE_I,WORK_ZONE_TYPE,WORKERS_PRESENT_I,NUM_UNITS,MOST_SEVERE_INJURY,INJURIES_TOTAL,INJURIES_FATAL,INJURIES_INCAPACITATING,INJURIES_NON_INCAPACITATING,INJURIES_REPORTED_NOT_EVIDENT,INJURIES_NO_INDICATION,INJURIES_UNKNOWN,CRASH_HOUR,CRASH_DAY_OF_WEEK,CRASH_MONTH,LATITUDE,LONGITUDE,LOCATION
a57b64509b0db1d3f759bb293a4270a8b56d22a99d0c31d43da5b9f9a477ee674d9061667e31512dd811e930ac3f07fce25282b444aca46c9244283d1ab01fbd,,08/12/2025 07:38:00 PM,30,NO CONTROLS,NO CONTROLS,UNKNOWN,DAYLIGHT,PARKED MOTOR VEHICLE,NOT DIVIDED,,STRAIGHT AND LEVEL,UNKNOWN,UNKNOWN,NOT ON SCENE (DESK REPORT),NO INJURY / DRIVE AWAY,,,,"OVER $1,500",08/13/2025 09:00:00 PM,IMPROPER LANE USAGE,IMPROPER LANE USAGE,2100,N,LINCOLN PARK WEST,1814,,,,,,,2,NO INDICATION OF INJURY,0,0,0,0,0,1,0,19,3,8,41.9202652637,-87.6365525035,POINT (-87.636552503451 41.920265263684)
db32b649b68c930172f9ab7b095b2a5bf76b139fd3f3dcd9cf7fff7461d828ad97cb04389d7b9be3d4cb34858a258c332950633c755948af0bd46588d9bf51f0,,08/12/2025 07:37:00 PM,15,NO CONTROLS,NO CONTROLS,CLOUDY/OVERCAST,DUSK,FIXED OBJECT,RAMP,,STRAIGHT ON HILLCREST,DRY,UNKNOWN,ON SCENE,INJURY AND / OR TOW DUE TO CRASH,,,,"OVER $1,500",08/12/2025 07:45:00 PM,UNABLE TO DETERMINE,NOT APPLICABLE,10020,W,BALMORAL AVE,1654,,,,,,,1,INCAPACITATING INJURY,1,0,1,0,0,0,0,19,3,8,,,
b0ba39d110c027cf898582f69aa09067800b1addbe7f8f1a0946f82fa6a30c125b90e95a182a2152a3dc54b8660f3be7dd70b6af013890594cbc7fae8ae39387,,08/12/2025 07:30:00 PM,30,TRAFFIC SIGNAL,FUNCTIONING PROPERLY,UNKNOWN,UNKNOWN,REAR END,FOUR WAY,,STRAIGHT AND LEVEL,UNKNOWN,UNKNOWN,NOT ON SCENE (DESK REPORT),NO INJURY / DRIVE AWAY,Y,,,"OVER $1,500",08/13/2025 03:00:00 PM,UNABLE TO DETERMINE,NOT APPLICABLE,220,N,COLUMBUS DR,114,,,,,,,2,NO INDICATION OF INJURY,0,0,0,0,0,3,0,19,3,8,41.886309104,-87.6208355197,POINT (-87.62083551967 41.886309104026)
259976c6a63491329d960f9bd0e85b93d511e8d85336a2bccec05863f3e993cd3fd22f9af741ebb085caa1e15ed46975805ddf9c9fb79343ad0bad959b123f50,,08/12/2025 07:15:00 PM,30,TRAFFIC SIGNAL,FUNCTIONING PROPERLY,CLEAR,DAYLIGHT,REAR END,NOT DIVIDED,,STRAIGHT AND LEVEL,WET,NO DEFECTS,NOT ON SCENE (DESK REPORT),NO INJURY / DRIVE AWAY,Y,,,"OVER $1,500",08/12/2025 08:00:00 PM,FOLLOWING TOO CLOSELY,UNABLE TO DETERMINE,6155,W,FULLERTON AVE,2512,,,,,,,2,NO INDICATION OF INJURY,0,0,0,0,0,2,0,19,3,8,41.9236450918,-87.7803559367,POINT (-87.780355936663 41.923645091761)
465d5e6bad0ddd3bb87463038ec14910884cd1c1063bce9e5cd4535d83790ee0d756a5a1dc62df3442d1e5e631aa0d5a6703aa0fa4f3d87cd85de6952c4fbbfc,,08/12/2025 07:12:00 PM,30,STOP SIGN/FLASHER,FUNCTIONING PROPERLY,CLEAR,DAYLIGHT,ANGLE,FOUR WAY,,STRAIGHT AND LEVEL,WET,NO DEFECTS,NOT ON SCENE (DESK REPORT),INJURY AND / OR TOW DUE TO CRASH,Y,,,"OVER $1,500",08/12/2025 07:15:00 PM,FAILING TO YIELD RIGHT-OF-WAY,DRIVING SKILLS/KNOWLEDGE/EXPERIENCE,2100,S,WABASH AVE,131,,,,,,,2,NONINCAPACITATING INJURY,1,0,0,1,0,1,0,19,3,8,41.854190765,-87.6256751276,POINT (-87.625675127571 41.854190765016)
bcc9ce4c350f18ec0f82dcf2aeeae9f4436278af9b06625c8fae9bb2c72d0ef2cb71a8c279842dd37010a345ffaaac08d7a3d0862bf34c4be50a852173db7ffe,,08/12/2025 07:11:00 PM,15,NO CONTROLS,NO CONTROLS,RAIN,DAYLIGHT,REAR END,ALLEY,,STRAIGHT AND LEVEL,WET,UNKNOWN,ON SCENE,NO INJURY / DRIVE AWAY,,,Y,"OVER $1,500",08/12/2025 11:17:00 PM,UNABLE TO DETERMINE,NOT APPLICABLE,1521,N,CICERO AVE,2533,,,,,,,2,NO INDICATION OF INJURY,0,0,0,0,0,2,0,19,3,8,41.908465806,-87.7459318403,POINT (-87.745931840325 41.908465805983)
980635ff041013883aff6f331c2213ef9f370ab661933789cc2368510efe66850cc6f986cfefd0d694b5e067fab8b75d73430a89a34b1406b5679b72f2955095,,08/12/2025 07:08:00 PM,25,NO CONTROLS,NO CONTROLS,RAIN,DAYLIGHT,PARKED MOTOR VEHICLE,NOT DIVIDED,,STRAIGHT AND LEVEL,DRY,NO DEFECTS,,NO INJURY / DRIVE AWAY,,,Y,"OVER $1,500",08/12/2025 07:09:00 PM,UNABLE TO DETERMINE,NOT APPLICABLE,7046,S,SPRINGFIELD AVE,833,,,,,,,3,NO INDICATION OF INJURY,0,0,0,0,0,1,0,19,3,8,41.7645499464,-87.7201035091,POINT (-87.720103509147 41.764549946416)
7b8ab5bccfa2d21f70246837edd78a71456f04609e532df2727af5a3c93a8434f395b67f00920dbadaecc8f30f6831a622dcec8b5fe8fb2f1aa5d8d5e8ddfbf0,,08/12/2025 07:00:00 PM,25,TRAFFIC SIGNAL,FUNCTIONING PROPERLY,CLEAR,DAYLIGHT,SIDESWIPE SAME DIRECTION,NOT DIVIDED,,STRAIGHT AND LEVEL,DRY,NO DEFECTS,NOT ON SCENE (DESK REPORT),NO INJURY / DRIVE AWAY,,,,"OVER $1,500",08/21/2025 11:20:00 AM,FAILING TO YIELD RIGHT-OF-WAY,DRIVING SKILLS/KNOWLEDGE/EXPERIENCE,600,N,MICHIGAN AVE,1834,,,,,,,2,NO INDICATION OF INJURY,0,0,0,0,0,2,0,19,3,8,41.8925932255,-87.6243340479,POINT (-87.624334047949 41.892593225538)
862e20dcf07fa558662d525fff7f9b2518dafb102194e17139ad41d82df0221deeff75e3e7d95a3d34a258cdbfedefae9fb6ae7b598b94ce82aebec3f5289d3c,,08/12/2025 07:00:00 PM,30,NO CONTROLS,NO CONTROLS,RAIN,DAYLIGHT,PARKED MOTOR VEHICLE,NOT DIVIDED,,STRAIGHT AND LEVEL,WET,NO DEFECTS,ON SCENE,INJURY AND / OR TOW DUE TO CRASH,,,Y,"OVER $1,500",08/12/2025 07:13:00 PM,UNABLE TO DETERMINE,UNABLE TO DETERMINE,10554,S,DR MARTIN LUTHER KING JR DR,512,,,,,,,2,NO INDICATION OF INJURY,0,0,0,0,0,1,0,19,3,8,41.7020403806,-87.6137722368,POINT (-87.613772236779 41.70204038056)
9bb21dee26aa7b741177900f6659f60dab7870c4b7c48599991200a30385739c08d98ce1fa69bee91a42164b296e23678303e031b8e0f510bba7ef4db3e4ba84,,08/12/2025 07:00:00 PM,30,TRAFFIC SIGNAL,FUNCTIONING PROPERLY,CLEAR,DAYLIGHT,SIDESWIPE SAME DIRECTION,NOT DIVIDED,,STRAIGHT AND LEVEL,DRY,NO DEFECTS,NOT ON SCENE (DESK REPORT),NO INJURY / DRIVE AWAY,,,,"OVER $1,500",08/13/2025 07:35:00 AM,IMPROPER LANE USAGE,NOT APPLICABLE,1630,W,FULLERTON AVE,1931,,,,,,,2,NO INDICATION OF INJURY,0,0,0,0,0,2,0,19,3,8,41.9252466488,-87.6692520973,POINT (-87.669252097327 41.925246648779)
afe74e2a0f96cf058f0edd58991842df69e42bf3af41460c362a821b924d8df4072e318d02b7fa766dacf38d1e5421c6510779a6a5db1fb5680db81e2dde2437,,08/12/2025 07:00:00 PM,30,UNKNOWN,UNKNOWN,RAIN,DAWN,PARKED MOTOR VEHICLE,PARKING LOT,,STRAIGHT AND LEVEL,WET,UNKNOWN,NOT ON SCENE (DESK REPORT),NO INJURY / DRIVE AWAY,,,,"$501 - $1,500",08/12/2025 11:30:00 PM,NOT APPLICABLE,UNABLE TO DETERMINE,17,S,HALSTED ST,1232,,,,,,,2,NO INDICATION OF INJURY,0,0,0,0,0,1,0,19,3,8,41.8812530899,-87.6471958618,POINT (-87.647195861781 41.881253089928)
bb2d296055fe083f177d133d4a4e9ad3373317e7e440a54ab3f8ea834443fec50665704117fdde34465e2863567af58ec6f31c07103e427cf22803367dd5cf41,,08/12/2025 07:00:00 PM,30,NO CONTROLS,NO CONTROLS,RAIN,DUSK,PEDESTRIAN,NOT DIVIDED,,STRAIGHT AND LEVEL,WET,UNKNOWN,NOT ON SCENE (DESK REPORT),NO INJURY / DRIVE AWAY,Y,,,"$501 - $1,500",08/12/2025 09:00:00 PM,UNABLE TO DETERMINE,UNABLE TO DETERMINE,156,N,WOOD ST,1223,,,,,,,2,NO INDICATION OF INJURY,0,0,0,0,0,2,0,19,3,8,41.8849286078,-87.6719929233,POINT (-87.671992923302 41.884928607829)
cf83324c59902c02f918e5ef2999c8cea0d64b81de44f7817e028c9294bbe0f5cb172bcbf0d49c6ca9e74133a5faa5ced65ac20297582bb1f06acf379bb01843,Y,08/12/2025 07:00:00 PM,30,OTHER,OTHER,UNKNOWN,UNKNOWN,PARKED MOTOR VEHICLE,OTHER,,STRAIGHT AND LEVEL,UNKNOWN,UNKNOWN,NOT ON SCENE (DESK REPORT),NO INJURY / DRIVE AWAY,,,Y,"OVER $1,500",08/12/2025 10:10:00 PM,UNABLE TO DETERMINE,UNABLE TO DETERMINE,5400,S,MORGAN ST,934,,,,,,,2,NO INDICATION OF INJURY,0,0,0,0,0,1,0,19,3,8,41.7959320375,-87.6502098575,POINT (-87.650209857487 41.795932037492)
d19b774b76ab9e80e915277e08ec39a5e1e72fe99c7a977ecf8db82c777d51a0b14ece751627fa83df5a854fbb32d70098506e6a065f81c00c444eb21bc5fb68,,08/12/2025 07:00:00 PM,30,NO CONTROLS,NO CONTROLS,RAIN,DAWN,ANGLE,T-INTERSECTION,,STRAIGHT AND LEVEL,WET,NO DEFECTS,NOT ON SCENE (DESK REPORT),NO INJURY / DRIVE AWAY,Y,,,"OVER $1,500",08/13/2025 07:35:00 AM,UNABLE TO DETERMINE,UNABLE TO DETERMINE,1701,N,CENTRAL AVE,2532,,,,,,,2,NO INDICATION OF INJURY,0,0,0,0,0,4,0,19,3,8,41.9112802146,-87.765428019,POINT (-87.76542801903 41.911280214617)
deda063beeecb5cbb586ee57e4f4af0036c5afba1d7f25463411947deaad7e3745b888d599efff2d73668274939a9e42e46cb725f7e9690c8c6e3283f08b09b8,,08/12/2025 07:00:00 PM,30,NO CONTROLS,NO CONTROLS,UNKNOWN,UNKNOWN,PARKED MOTOR VEHICLE,DIVIDED - W/MEDIAN (NOT RAISED),,STRAIGHT AND LEVEL,UNKNOWN,UNKNOWN,NOT ON SCENE (DESK REPORT),INJURY AND / OR TOW DUE TO CRASH,,,Y,"OVER $1,500",08/13/2025 01:25:00 PM,UNABLE TO DETERMINE,UNABLE TO DETERMINE,9800,S,EWING AVE,432,,,,,,,2,NO INDICATION OF INJURY,0,0,0,0,0,1,0,19,3,8,41.7176510773,-87.5354278603,POINT (-87.535427860344 41.717651077265)
9d5c430b95c542cb4d1c9e842ae8de84517758266e7e57eac19fddb49d724e0bf7a71874fc48ba063023dbaed1269ca35eba540d9a27c4fea714da3e71767c29,,08/12/2025 06:55:00 PM,30,UNKNOWN,UNKNOWN,RAIN,DAYLIGHT,PEDALCYCLIST,DIVIDED - W/MEDIAN (NOT RAISED),,STRAIGHT AND LEVEL,WET,UNKNOWN,ON SCENE,INJURY AND / OR TOW DUE TO CRASH,,,Y,"OVER $1,500",08/12/2025 06:55:00 PM,UNABLE TO DETERMINE,NOT APPLICABLE,537,E,43RD ST,221,,,,,,,2,NONINCAPACITATING INJURY,1,0,0,1,0,1,0,18,3,8,41.8165996637,-87.6127019258,POINT (-87.61270192578 41.816599663664)
d88a3252edefc572ad03abdb6d2c93c057e511f0cac8da20abd690bd4f280a87935bc503d500b4c09104938c975a4b6fac8b2842622884638d7251c1e96a3ef5,,08/12/2025 06:55:00 PM,30,TRAFFIC SIGNAL,FUNCTIONING PROPERLY,RAIN,DAYLIGHT,REAR END,DIVIDED - W/MEDIAN (NOT RAISED),,STRAIGHT AND LEVEL,WET,NO DEFECTS,ON SCENE,INJURY AND / OR TOW DUE TO CRASH,,,,"OVER $1,500",08/12/2025 07:00:00 PM,FOLLOWING TOO CLOSELY,IMPROPER OVERTAKING/PASSING,2400,N,ASHLAND AVE,1931,,,,,,,2,NO INDICATION OF INJURY,0,0,0,0,0,2,0,18,3,8,41.9251938898,-87.6682943634,POINT (-87.668294363399 41.92519388981)
e8cc06ef839ca62996988b0ed6e0dc4f53029fc64f9f4ed3394344238c1902672ee13770769ce62fec9f564e8bcffcbc47ea3131092949f7b8797df9c3cbecca,N,08/12/2025 06:45:00 PM,15,NO CONTROLS,NO CONTROLS,RAIN,DARKNESS,PARKED MOTOR VEHICLE,NOT DIVIDED,,STRAIGHT AND LEVEL,WET,OTHER,ON SCENE,NO INJURY / DRIVE AWAY,,,Y,"OVER $1,500",08/12/2025 07:49:00 PM,NOT APPLICABLE,NOT APPLICABLE,6431,S,LAWNDALE AVE,823,,,,,,,2,NO INDICATION OF INJURY,0,0,0,0,0,1,0,18,3,8,41.7760813873,-87.7151907428,POINT (-87.71519074279 41.776081387263)
884bbd8ea99b59dab8335aaafe587127c8bfa6163ae2339a1bac9f751874db81e8479526d66da7cc42fd2888203bf7e6727ef55984229e8f00c5f3d722cc8e3b,,08/12/2025 06:42:00 PM,25,TRAFFIC SIGNAL,FUNCTIONING PROPERLY,FOG/SMOKE/HAZE,"DARKNESS, LIGHTED ROAD",REAR END,NOT DIVIDED,,STRAIGHT AND LEVEL,WET,NO DEFECTS,ON SCENE,NO INJURY / DRIVE AWAY,,,,"OVER $1,500",08/12/2025 07:38:00 PM,FOLLOWING TOO CLOSELY,FOLLOWING TOO CLOSELY,1400,S,MICHIGAN AVE,131,,,,,,,2,NO INDICATION OF INJURY,0,0,0,0,0,2,0,18,3,8,41.8640015435,-87.6242257291,POINT (-87.62422572914 41.86400154355)
079448803609fde32f56ccfa6565ce77fd3a4633db254abb0340b959a47698b1ce96ac09256eaac19106d71b8629ef61f0a881b3a0c6922defc2f6990aa583c0,,08/12/2025 06:40:00 PM,30,STOP SIGN/FLASHER,FUNCTIONING PROPERLY,CLEAR,DAYLIGHT,TURNING,DIVIDED - W/MEDIAN (NOT RAISED),,STRAIGHT AND LEVEL,DRY,NO DEFECTS,,NO INJURY / DRIVE AWAY,Y,,,"OVER $1,500",08/13/2025 11:50:00 AM,UNABLE TO DETERMINE,UNABLE TO DETERMINE,661,N,LA SALLE DR,1832,,,,,,,2,NO INDICATION OF INJURY,0,0,0,0,0,3,0,18,3,8,41.8941247035,-87.6325163201,POINT (-87.632516320127 41.894124703524)
220ff5a822f4d0be0042e9a90d8019740d1656eb1f025c12f65d5674cc4e90015e37c68ea36a4aa5c529ca01aa85d45cb9cbe1de1b3adc3d1a9d664d5be39052,,08/12/2025 06:40:00 PM,30,NO CONTROLS,NO CONTROLS,RAIN,DAYLIGHT,TURNING,DIVIDED - W/MEDIAN (NOT RAISED),,STRAIGHT AND LEVEL,WET,NO DEFECTS,ON SCENE,INJURY AND / OR TOW DUE TO CRASH,,,,"OVER $1,500",08/12/2025 06:41:00 PM,IMPROPER OVERTAKING/PASSING,NOT APPLICABLE,730,N,MILWAUKEE AVE,1214,,,,,,,2,"REPORTED, NOT EVIDENT",1,0,0,0,1,1,0,18,3,8,41.8950601209,-87.6537901784,POINT (-87.653790178363 41.895060120897)
467a80035e2c122467b173a8f196f73d93143d0f4705d775ea7bf6bd30b2fdf5bc8a0e9df15ba99ad3057b11bff1179f212777010bc351ff6308a77a8e78af51,,08/12/2025 06:40:00 PM,30,TRAFFIC SIGNAL,FUNCTIONING PROPERLY,RAIN,DAYLIGHT,ANGLE,NOT DIVIDED,,STRAIGHT AND LEVEL,WET,NO DEFECTS,ON SCENE,NO INJURY / DRIVE AWAY,,,,"OVER $1,500",08/12/2025 06:47:00 PM,WEATHER,IMPROPER LANE USAGE,9902,S,VINCENNES AVE,2213,,,,,,,2,NO INDICATION OF INJURY,0,0,0,0,0,4,0,18,3,8,41.7139280655,-87.6535319696,POINT (-87.65353196959 41.713928065475)
ba303c1acdae232beb455bdc47286afa6495bf805d09193e5243cf497dfa5a81ec6c101110fdaa97ac206013248b4c7546ff46ea4741ed6002c9ddc23a1d41e1,,08/12/2025 06:40:00 PM,10,NO CONTROLS,NO CONTROLS,CLEAR,DAYLIGHT,TURNING,NOT DIVIDED,,STRAIGHT AND LEVEL,WET,NO DEFECTS,NOT ON SCENE (DESK REPORT),NO INJURY / DRIVE AWAY,,,,"OVER $1,500",08/13/2025 03:40:00 PM,UNABLE TO DETERMINE,NOT APPLICABLE,9100,S,HARPER AVE,413,,,,,,,2,NO INDICATION OF INJURY,0,0,0,0,0,2,0,18,3,8,41.7294908864,-87.5869024766,POINT (-87.586902476615 41.72949088636)
cfb72a268220dc99910dfd4e7c430c4f1f0fa051f18799209a5719c06fd95cb8f8642e0c867e1547645be6a7ef822739968335a108ed58fd5fa88521d7492530,,08/12/2025 06:35:00 PM,30,TRAFFIC SIGNAL,UNKNOWN,RAIN,DAYLIGHT,SIDESWIPE SAME DIRECTION,NOT DIVIDED,,STRAIGHT AND LEVEL,WET,UNKNOWN,ON SCENE,NO INJURY / DRIVE AWAY,,,,"OVER $1,500",08/12/2025 06:40:00 PM,UNABLE TO DETERMINE,UNABLE TO DETERMINE,7059,S,STATE ST,322,,,,,,,2,NO INDICATION OF INJURY,0,0,0,0,0,8,0,18,3,8,41.7654690661,-87.6247589405,POINT (-87.624758940498 41.765469066053)
cc924d179da0040111842ccc98a82d6a2a605121877c0db0f8b5eb2694ab03f056cb83aab859a3d154ab4ea180af6ca99aeb4bdfc322d3574e68afe17eb55035,,08/12/2025 06:33:00 PM,30,NO CONTROLS,NO CONTROLS,CLEAR,DAYLIGHT,ANGLE,T-INTERSECTION,,STRAIGHT AND LEVEL,WET,UNKNOWN,ON SCENE,INJURY AND / OR TOW DUE TO CRASH,,,,"OVER $1,500",08/12/2025 06:49:00 PM,FAILING TO REDUCE SPEED TO AVOID CRASH,NOT APPLICABLE,2544,N,LINDER AVE,2515,,,,,,,2,NO INDICATION OF INJURY,0,0,0,0,0,3,0,18,3,8,41.9271690808,-87.7637883997,POINT (-87.763788399688 41.927169080785)
b2e70cda8341cd62a5ec19208d5ea5a57f0aa5df2c71e9f1dddb2c94f0e6383dad7ef6221120748683cc1b6df9140e675cb0eac2629625d444a37901e7669f2f,,08/12/2025 06:30:00 PM,10,NO CONTROLS,NO CONTROLS,CLEAR,DAYLIGHT,FIXED OBJECT,PARKING LOT,,STRAIGHT AND LEVEL,DRY,NO DEFECTS,ON SCENE,NO INJURY / DRIVE AWAY,,,,"OVER $1,500",08/12/2025 06:45:00 PM,DRIVING SKILLS/KNOWLEDGE/EXPERIENCE,NOT APPLICABLE,1,W,PARKING LOT A ST,1654,,,,,,,1,NO INDICATION OF INJURY,0,0,0,0,0,1,0,18,3,8,,,
baa09cd4da23ea11c077f69b1aba120d971d39e68e2f0041468514a3745ffd564d19f0720bcbb16db87db7c110fcd1c95584c040e5d94c34099e9703ffebe969,,08/12/2025 06:30:00 PM,30,TRAFFIC SIGNAL,FUNCTIONING PROPERLY,CLEAR,DAYLIGHT,REAR END,NOT DIVIDED,,STRAIGHT AND LEVEL,WET,NO DEFECTS,NOT ON SCENE (DESK REPORT),NO INJURY / DRIVE AWAY,,,,"OVER $1,500",08/12/2025 06:42:00 PM,FOLLOWING TOO CLOSELY,UNABLE TO DETERMINE,200,W,63RD ST,311,,,,,,,2,NO INDICATION OF INJURY,0,0,0,0,0,3,0,18,3,8,41.7800965005,-87.6301721989,POINT (-87.630172198939 41.780096500488)
9ac50d781f438ea40c1d4946979c09367ed4bd877d149bd42f2a046c49bbbbfcd78dac317dc405edd584e75403482a95df6667ae16e72fbab95ff5267643deb9,,08/12/2025 06:29:00 PM,30,NO CONTROLS,NO CONTROLS,RAIN,DAYLIGHT,TURNING,T-INTERSECTION,,STRAIGHT AND LEVEL,WET,NO DEFECTS,ON SCENE,INJURY AND / OR TOW DUE TO CRASH,Y,,,"OVER $1,500",08/12/2025 06:29:00 PM,IMPROPER LANE USAGE,FAILING TO YIELD RIGHT-OF-WAY,2123,S,PULASKI RD,1014,,,,,,,2,NONINCAPACITATING INJURY,2,0,0,2,0,1,0,18,3,8,41.8526898758,-87.7246379301,POINT (-87.724637930068 41.852689875827)
2c8395be57a7b23d24cf9ac5ebeb81de82a2764653a864ed74120762cba1946d849ea6b350765620db6e6d181d14d43d1e97d6f5df8cf96c82523fbf23fea9c7,,08/12/2025 06:22:00 PM,35,NO CONTROLS,NO CONTROLS,RAIN,DAYLIGHT,ANGLE,DIVIDED - W/MEDIAN (NOT RAISED),,STRAIGHT AND LEVEL,WET,NO DEFECTS,ON SCENE,NO INJURY / DRIVE AWAY,,,Y,"$501 - $1,500",08/12/2025 06:22:00 PM,UNABLE TO DETERMINE,UNABLE TO DETERMINE,1150,E,55TH ST,233,,,,,,,2,NO INDICATION OF INJURY,0,0,0,0,0,4,0,18,3,8,41.7951658348,-87.5975995936,POINT (-87.597599593571 41.79516583476)
8fb9e252acbe671d800d322077839102d25394a8d1aec63f4d4a977389be7e6b0ee9ebd711af48faa68e06b3eb198b36ba9f9d23cc6e0aca57433dd76efa86d3,,08/12/2025 06:22:00 PM,30,NO CONTROLS,NO CONTROLS,RAIN,DAYLIGHT,SIDESWIPE SAME DIRECTION,ONE-WAY,,STRAIGHT AND LEVEL,WET,UNKNOWN,ON SCENE,NO INJURY / DRIVE AWAY,,,,"OVER $1,500",08/12/2025 07:06:00 PM,DISREGARDING ROAD MARKINGS,NOT APPLICABLE,50,E,GRAND AVE,1834,,,,,,,2,NO INDICATION OF INJURY,0,0,0,0,0,2,0,18,3,8,41.8918054835,-87.6260893784,POINT (-87.626089378443 41.891805483488)
a99dae9c267b9bb80df5f7298c2a9c55e149515f6826058b28377a1e9f3083a74d9f079fb852c941ac9fab0d5c7838885ae233e88c15e5c5fae5c4d658ae4817,,08/12/2025 06:20:00 PM,30,UNKNOWN,UNKNOWN,UNKNOWN,UNKNOWN,SIDESWIPE SAME DIRECTION,OTHER,,STRAIGHT AND LEVEL,UNKNOWN,UNKNOWN,,NO INJURY / DRIVE AWAY,,,,"$501 - $1,500",08/12/2025 09:05:00 PM,UNABLE TO DETERMINE,NOT APPLICABLE,849,W,BUCKINGHAM PL,1924,,,,,,,2,NO INDICATION OF INJURY,0,0,0,0,0,3,0,18,3,8,41.9425737252,-87.6511730205,POINT (-87.651173020484 41.94257372523)
4753bca2f26176cb68845372976a38828cd722bc280d4027ce78c35eb499b15525f96e8d28fbc1be9c9a62885610c266c29dfc1f25c33999c7bb2adb31d2725d,,08/12/2025 06:19:00 PM,35,TRAFFIC SIGNAL,FUNCTIONING PROPERLY,CLEAR,DAYLIGHT,FIXED OBJECT,TRAFFIC ROUTE,,STRAIGHT AND LEVEL,WET,NO DEFECTS,ON SCENE,INJURY AND / OR TOW DUE TO CRASH,,,,"OVER $1,500",08/12/2025 06:20:00 PM,UNABLE TO DETERMINE,NOT APPLICABLE,6300,S,COAST GUARD DR,331,,,,,,,1,"REPORTED, NOT EVIDENT",1,0,0,0,1,0,0,18,3,8,41.7796807607,-87.575066734,POINT (-87.575066733953 41.77968076067)
2365ccc16e80daa63ee4894e5494a7b6b09f497107263fe368c2ff438a933b99a8554e6f364a5137b34a7b1437e969ae33d915e075bccc8f6e217e03986602a1,,08/12/2025 06:15:00 PM,30,NO CONTROLS,NO CONTROLS,RAIN,DAYLIGHT,TURNING,DIVIDED - W/MEDIAN (NOT RAISED),,STRAIGHT AND LEVEL,WET,UNKNOWN,NOT ON SCENE (DESK REPORT),NO INJURY / DRIVE AWAY,,,,"$501 - $1,500",08/12/2025 07:00:00 PM,FAILING TO YIELD RIGHT-OF-WAY,NOT APPLICABLE,3607,W,FULLERTON AVE,2525,,,,,,,2,NO INDICATION OF INJURY,0,0,0,0,0,2,0,18,3,8,41.924490094,-87.717288131,POINT (-87.717288130979 41.924490093998)
59691b5759fd382dd8ad988be4ccc8a3f18bebdb7dc88bb3f3491dbb46306e0df30e6a511c69c187a936fac86b7ac418866934c0adf2a58b2bebca91cf2c952f,,08/12/2025 06:15:00 PM,20,OTHER,FUNCTIONING PROPERLY,RAIN,DAYLIGHT,REAR END,DIVIDED - W/MEDIAN BARRIER,,STRAIGHT AND LEVEL,WET,NO DEFECTS,ON SCENE,NO INJURY / DRIVE AWAY,,,,"OVER $1,500",08/12/2025 06:20:00 PM,IMPROPER LANE USAGE,NOT APPLICABLE,8800,S,CHICAGO SKYWAY IB,423,,,,,,,2,NO INDICATION OF INJURY,0,0,0,0,0,2,0,18,3,8,41.7352767744,-87.5665292962,POINT (-87.566529296213 41.735276774373)
85e0bf9f6fcaf2d1fff93afe69258fd1d88fc9d36a9ce1d4d8bb24462e6d256ee2065ef9805655dc8a51b18f9f01af641ac1ab848bab5c70c5598abc4a5da666,Y,08/12/2025 06:10:00 PM,30,STOP SIGN/FLASHER,FUNCTIONING PROPERLY,CLEAR,DUSK,PEDESTRIAN,FOUR WAY,,STRAIGHT AND LEVEL,DRY,NO DEFECTS,NOT ON SCENE (DESK REPORT),INJURY AND / OR TOW DUE TO CRASH,,,Y,"OVER $1,500",08/18/2025 12:00:00 PM,UNABLE TO DETERMINE,UNABLE TO DETERMINE,1401,W,PRATT BLVD,2432,,,,,,,2,INCAPACITATING INJURY,2,0,1,1,0,0,0,18,3,8,42.0053458852,-87.6659176571,POINT (-87.665917657092 42.005345885161)
8c6e002ca70e9ee7dc2568f972ac34bc679cfa9ce7077e608f5b109508181374062dda1f9e1362511a48251139552cb6b074c6327a60a16113ba4e3b6c1a5a56,,08/12/2025 06:07:00 PM,30,STOP SIGN/FLASHER,FUNCTIONING PROPERLY,CLEAR,DAYLIGHT,REAR END,NOT DIVIDED,,STRAIGHT AND LEVEL,WET,NO DEFECTS,NOT ON SCENE (DESK REPORT),NO INJURY / DRIVE AWAY,,,,"OVER $1,500",08/12/2025 06:10:00 PM,UNABLE TO DETERMINE,UNABLE TO DETERMINE,4901,W,MONTROSE AVE,1624,,,,,,,2,NO INDICATION OF INJURY,0,0,0,0,0,2,0,18,3,8,41.9605844275,-87.7500307083,POINT (-87.750030708268 41.960584427532)