CRASH_RECORD_ID,CRASH_DATE_EST_I,CRASH_DATE,POSTED_SPEED_LIMIT,TRAFFIC_CONTROL_DEVICE,DEVICE_CONDITION,WEATHER_CONDITION,LIGHTING_CONDITION,FIRST_CRASH_TYPE,TRAFFICWAY_TYPE,LANE_CNT,ALIGNMENT,ROADWAY_SURFACE_COND,ROAD_DEFECT,REPORT_TYPE,CRASH_TYPE,INTERSECTION_RELATED_I,NOT_RIGHT_OF_WAY_I,HIT_AND_RUN_I,DAMAGE,DATE_POLICE_NOTIFIED,PRIM_CONTRIBUTORY_CAUSE,SEC_CONTRIBUTORY_CAUSE,STREET_NO,STREET_DIRECTION,STREET_NAME,BEAT_OF_OCCURRENCE,PHOTOS_TAKEN_I,STATEMENTS_TAKEN_I,DOORING_I,WORK_ZONE_I,WORK_ZONE_TYPE,WORKERS_PRESENT_I,NUM_UNITS,MOST_SEVERE_INJURY,INJURIES_TOTAL,INJURIES_FATAL,INJURIES_INCAPACITATING,INJURIES_NON_INCAPACITATING,INJURIES_REPORTED_NOT_EVIDENT,INJURIES_NO_INDICATION,INJURIES_UNKNOWN,CRASH_HOUR,CRASH_DAY_OF_WEEK,CRASH_MONTH,LATITUDE,LONGITUDE,LOCATION
157ca272cd5195099089d53b54373413426a352af3f6d41dbede585070ef8ae711f72c10fdf5e0516d7cb2bfff4b46f239095059a515ff2c8b03be286d21ad0d,,08/12/2025 06:06:00 PM,30,STOP SIGN/FLASHER,FUNCTIONING PROPERLY,RAIN,DAYLIGHT,TURNING,NOT DIVIDED,,STRAIGHT AND LEVEL,WET,NO DEFECTS,NOT ON SCENE (DESK REPORT),NO INJURY / DRIVE AWAY,,,,"$501 - $1,500",08/13/2025 04:30:00 PM,FOLLOWING TOO CLOSELY,UNABLE TO DETERMINE,656,N,ST CLAIR ST,1834,,,,,,,2,NO INDICATION OF INJURY,0,0,0,0,0,4,0,18,3,8,41.8941153065,-87.6228797231,POINT (-87.622879723127 41.8941153065)
2e15198a1451e43e270185796debb40c8f48663c0c1fa54564b8cfc0113e498c34f78babb2d6c98f63232ce60661c84114b656173717f991519e3f03696783e1,,08/12/2025 06:05:00 PM,30,TRAFFIC SIGNAL,FUNCTIONING PROPERLY,RAIN,DAYLIGHT,ANGLE,NOT DIVIDED,,STRAIGHT AND LEVEL,WET,NO DEFECTS,ON SCENE,INJURY AND / OR TOW DUE TO CRASH,Y,,,"OVER $1,500",08/12/2025 06:09:00 PM,UNABLE TO DETERMINE,UNABLE TO DETERMINE,499,S,KOSTNER AVE,1131,,,,,,,2,"REPORTED, NOT EVIDENT",2,0,0,0,2,0,0,18,3,8,41.8742807339,-87.7350967238,POINT (-87.735096723816 41.874280733946)
872a38ea47b28ed74d1aafacc8e95b40cbdfc38a473c84092c6fb72b8d87265119fbfc6c7d15adad01dea0401222c4762946cbe762a5867d0c263283b073f33f,,08/12/2025 06:05:00 PM,30,UNKNOWN,UNKNOWN,CLEAR,DAYLIGHT,ANGLE,ALLEY,,STRAIGHT AND LEVEL,WET,UNKNOWN,ON SCENE,NO INJURY / DRIVE AWAY,,,,"OVER $1,500",08/12/2025 06:11:00 PM,FAILING TO YIELD RIGHT-OF-WAY,NOT APPLICABLE,4742,N,LAWNDALE AVE,1723,,,,,,,2,NO INDICATION OF INJURY,0,0,0,0,0,2,0,18,3,8,41.9677760001,-87.720826574,POINT (-87.720826574039 41.967776000122)
16e67b87b19bb13cd4fc1e6a0009a7a7e72feb18c155349b60e1eafcd46fa7c5f6872ed5cc0853d623c7534d45f3ed014bf1879b0c4bc5d97976ddec92b6815a,Y,08/12/2025 06:00:00 PM,30,NO CONTROLS,NO CONTROLS,RAIN,DAYLIGHT,REAR END,NOT DIVIDED,,STRAIGHT AND LEVEL,WET,UNKNOWN,NOT ON SCENE (DESK REPORT),NO INJURY / DRIVE AWAY,,,,"OVER $1,500",08/12/2025 06:15:00 PM,FOLLOWING TOO CLOSELY,NOT APPLICABLE,2400,W,ADDISON ST,1921,,,,,,,2,NO INDICATION OF INJURY,0,0,0,0,0,2,0,18,3,8,41.946839991,-87.6883201925,POINT (-87.68832019253 41.946839991005)
27e18ed59cda0a6196771e8b93111105d7ebcbf1451aabe039a7472bc3ca1ca7c7948cff5245ee0d822c5f482c76893f5f882409e200593ded743b44f504213c,,08/12/2025 06:00:00 PM,20,TRAFFIC SIGNAL,FUNCTIONING IMPROPERLY,RAIN,DAWN,SIDESWIPE SAME DIRECTION,NOT DIVIDED,,STRAIGHT AND LEVEL,WET,NO DEFECTS,NOT ON SCENE (DESK REPORT),NO INJURY / DRIVE AWAY,,,Y,"OVER $1,500",08/20/2025 03:47:00 PM,FAILING TO YIELD RIGHT-OF-WAY,FAILING TO YIELD RIGHT-OF-WAY,3254,N,PULASKI RD,1731,,,,,,,2,NO INDICATION OF INJURY,0,0,0,0,0,2,0,18,3,8,41.9406371781,-87.7273750553,POINT (-87.727375055256 41.940637178072)
76139e8e2cb314dd937ada235a09785c5d29b8229a9870beb5900b88387cb7bdf5b8baf6f1666b6b2330108d7dda62f4472d1cf467a5df0bd09c503b2b8fc50d,,08/12/2025 06:00:00 PM,30,TRAFFIC SIGNAL,FUNCTIONING PROPERLY,RAIN,DAYLIGHT,ANGLE,FOUR WAY,,STRAIGHT AND LEVEL,WET,NO DEFECTS,NOT ON SCENE (DESK REPORT),NO INJURY / DRIVE AWAY,,,Y,"$501 - $1,500",08/12/2025 07:40:00 PM,IMPROPER BACKING,NOT APPLICABLE,35,W,WACKER DR,111,,,,,,,2,NO INDICATION OF INJURY,0,0,0,0,0,2,0,18,3,8,41.8867096667,-87.629303031,POINT (-87.629303030993 41.886709666707)
b3c4ef502e04ac73b64b55e5ed62e826b65a363c16beb88a838db93e2ca7f38ccbdaad27d9f0fdba48ac04f355aba17e55c489d3763867b6ce4846d06de9466c,,08/12/2025 06:00:00 PM,30,TRAFFIC SIGNAL,UNKNOWN,UNKNOWN,UNKNOWN,SIDESWIPE SAME DIRECTION,UNKNOWN,,STRAIGHT AND LEVEL,UNKNOWN,UNKNOWN,NOT ON SCENE (DESK REPORT),NO INJURY / DRIVE AWAY,,,,"OVER $1,500",08/13/2025 04:30:00 PM,UNABLE TO DETERMINE,UNABLE TO DETERMINE,2400,W,IRVING PARK RD,1911,,,,,,,2,NO INDICATION OF INJURY,0,0,0,0,0,2,0,18,3,8,41.9541206966,-87.6885895815,POINT (-87.688589581518 41.954120696614)
c7959354505118694038dc1c37c54937a6b5ce1d8e1f5e7d41494293bf0d9e1a883de42471c331ad35aa5ff05dd56d0c70d64dea3685144ff46a2a4e682c185e,,08/12/2025 06:00:00 PM,30,TRAFFIC SIGNAL,FUNCTIONING PROPERLY,RAIN,DAYLIGHT,TURNING,NOT DIVIDED,,STRAIGHT AND LEVEL,WET,UNKNOWN,ON SCENE,NO INJURY / DRIVE AWAY,,,Y,"OVER $1,500",08/12/2025 07:10:00 PM,IMPROPER TURNING/NO SIGNAL,UNABLE TO DETERMINE,5153,W,CHICAGO AVE,1531,,,,,,,2,NO INDICATION OF INJURY,0,0,0,0,0,2,0,18,3,8,41.8948336616,-87.7553010647,POINT (-87.755301064659 41.894833661618)
d7ad283f8e642ff79b840469c26145311732618e2f903338f218a8be8d13fe5a9f77b0962beb7f5596002579f07cf5ee54355984149603413840ba3f05dd2d2d,,08/12/2025 06:00:00 PM,30,UNKNOWN,UNKNOWN,UNKNOWN,DAWN,REAR END,OTHER,,STRAIGHT AND LEVEL,UNKNOWN,UNKNOWN,NOT ON SCENE (DESK REPORT),NO INJURY / DRIVE AWAY,,,,"OVER $1,500",08/12/2025 07:27:00 PM,NOT APPLICABLE,NOT APPLICABLE,2256,W,LAWRENCE AVE,2031,,,,,,,2,NO INDICATION OF INJURY,0,0,0,0,0,2,0,18,3,8,41.9687592677,-87.6863314492,POINT (-87.686331449205 41.968759267691)
8c6b13473c37150b570745f010c7ab4d430e78e8749ae4bdca3f888fc74936f2c37bc232fdd97451a4aebf3db6605f40427daa6af5cae96c099f0079dc9c364e,,08/12/2025 05:57:00 PM,30,TRAFFIC SIGNAL,FUNCTIONING PROPERLY,RAIN,DAYLIGHT,REAR END,DIVIDED - W/MEDIAN (NOT RAISED),,STRAIGHT AND LEVEL,WET,NO DEFECTS,ON SCENE,INJURY AND / OR TOW DUE TO CRASH,,,,"OVER $1,500",08/12/2025 05:57:00 PM,FOLLOWING TOO CLOSELY,NOT APPLICABLE,451,N,KEDZIE AVE,1221,,,,,,,2,NONINCAPACITATING INJURY,1,0,0,1,0,1,0,17,3,8,41.8898418643,-87.7062362821,POINT (-87.706236282125 41.889841864346)
a9718df28287c78aa936752ef80cd10c052774465170acd92d655a0d4aefe7fda3a72e2b1d679f17fe4db5ffb616f30aedbc481add7240db63b0e741d8269b48,,08/12/2025 05:57:00 PM,30,TRAFFIC SIGNAL,FUNCTIONING PROPERLY,RAIN,DAYLIGHT,SIDESWIPE SAME DIRECTION,DIVIDED - W/MEDIAN BARRIER,,STRAIGHT AND LEVEL,WET,UNKNOWN,ON SCENE,NO INJURY / DRIVE AWAY,,,,"$501 - $1,500",08/12/2025 06:07:00 PM,FAILING TO YIELD RIGHT-OF-WAY,FAILING TO YIELD RIGHT-OF-WAY,3133,N,KEDZIE AVE,1411,,,,,,,2,NO INDICATION OF INJURY,0,0,0,0,0,2,0,17,3,8,41.9384982642,-87.7074865997,POINT (-87.707486599652 41.938498264212)
0cd1228bc1969dfd58cce594d64d40f6aba967cd656e87d59870cdf104b70d11f07a844d0e3ffa00b4d4eefaabfe49fff73dbb75672177b878905eeeb59f026d,,08/12/2025 05:50:00 PM,30,UNKNOWN,UNKNOWN,RAIN,DAYLIGHT,SIDESWIPE SAME DIRECTION,FOUR WAY,,STRAIGHT AND LEVEL,WET,UNKNOWN,NOT ON SCENE (DESK REPORT),NO INJURY / DRIVE AWAY,,,Y,"OVER $1,500",08/12/2025 09:20:00 PM,IMPROPER TURNING/NO SIGNAL,IMPROPER LANE USAGE,1200,S,CANAL ST,124,,,,,,,2,NO INDICATION OF INJURY,0,0,0,0,0,2,0,17,3,8,41.8671751247,-87.6393758126,POINT (-87.639375812581 41.86717512472)
e964c81cd01c88346496ecfe39d41b326023043e9f81c8f1432523f9b9496ad51c4df4d1598cf01b874b40d83a347664d6b6d4b41a0b8b9cd085a640af23cdf9,,08/12/2025 05:50:00 PM,20,NO CONTROLS,NO CONTROLS,CLEAR,DAYLIGHT,ANGLE,NOT DIVIDED,,STRAIGHT AND LEVEL,DRY,NO DEFECTS,NOT ON SCENE (DESK REPORT),NO INJURY / DRIVE AWAY,,,Y,"OVER $1,500",08/13/2025 11:40:00 AM,FAILING TO YIELD RIGHT-OF-WAY,FAILING TO YIELD RIGHT-OF-WAY,2532,W,70TH ST,832,,,,,,,2,NO INDICATION OF INJURY,0,0,0,0,0,2,0,17,3,8,41.7665671503,-87.6870255332,POINT (-87.687025533234 41.766567150301)
1dea5dfc527e213c2c9d83bab801dce027200509447d0ee123114583c1ba17e37eecf20d21d4c32795ff2debde6b9826f28d5d988ef1b7eb051d4dbe8bf86ddf,,08/12/2025 05:41:00 PM,30,STOP SIGN/FLASHER,NO CONTROLS,RAIN,DAYLIGHT,TURNING,NOT DIVIDED,,STRAIGHT AND LEVEL,WET,NO DEFECTS,NOT ON SCENE (DESK REPORT),NO INJURY / DRIVE AWAY,,,,"OVER $1,500",08/12/2025 06:15:00 PM,DRIVING SKILLS/KNOWLEDGE/EXPERIENCE,UNABLE TO DETERMINE,731,W,MONROE ST,1232,,,,,,,2,NO INDICATION OF INJURY,0,0,0,0,0,2,0,17,3,8,41.8804041151,-87.6454778613,POINT (-87.645477861288 41.880404115143)
7cdf24435ead798daeb060990726c00069d059a5824c7a8de346b188414510295488e8c9a9d3f4b08589cc3ba4d2e8b476d8d4e3024ef4aa01c8dad0f606c3bb,,08/12/2025 05:40:00 PM,30,NO CONTROLS,NO CONTROLS,RAIN,DAYLIGHT,SIDESWIPE SAME DIRECTION,NOT DIVIDED,,STRAIGHT AND LEVEL,WET,NO DEFECTS,NOT ON SCENE (DESK REPORT),NO INJURY / DRIVE AWAY,,,,"$501 - $1,500",08/13/2025 08:50:00 AM,UNABLE TO DETERMINE,UNABLE TO DETERMINE,3600,S,PULASKI RD,1031,,,,,,,2,NO INDICATION OF INJURY,0,0,0,0,0,2,0,17,3,8,41.8287180645,-87.7243206046,POINT (-87.724320604623 41.828718064452)
7191a4b72d54ef6e2102bae2e4cc3bc58c05e756f773f3c46da4b9125de0d8aab9db2951f273b7f8b33809edbce3ba58e93228edfce1ca1970e434b28ef5af7a,,08/12/2025 05:37:00 PM,30,NO CONTROLS,FUNCTIONING PROPERLY,RAIN,DAYLIGHT,REAR END,FOUR WAY,,STRAIGHT AND LEVEL,DRY,NO DEFECTS,NOT ON SCENE (DESK REPORT),NO INJURY / DRIVE AWAY,,,,$500 OR LESS,08/12/2025 05:52:00 PM,UNABLE TO DETERMINE,UNABLE TO DETERMINE,5915,S,STONY ISLAND AVE,331,,,,,,,2,NO INDICATION OF INJURY,0,0,0,0,0,3,0,17,3,8,41.7872497375,-87.5864702807,POINT (-87.586470280746 41.787249737543)
bc6dc08ab3c04e9237acf7030631d398003128ae5fcfdc86fdd53594933a603ac21eece56159c8e4c28b9437dce308474ffe72aef98ec10267b2739d95ad032b,,08/12/2025 05:31:00 PM,30,NO CONTROLS,NO CONTROLS,RAIN,DAYLIGHT,ANGLE,ONE-WAY,,STRAIGHT AND LEVEL,WET,NO DEFECTS,ON SCENE,NO INJURY / DRIVE AWAY,,,Y,"OVER $1,500",08/12/2025 05:35:00 PM,FAILING TO YIELD RIGHT-OF-WAY,DRIVING SKILLS/KNOWLEDGE/EXPERIENCE,1614,N,DRAKE AVE,1422,,,,,,,2,NO INDICATION OF INJURY,0,0,0,0,0,2,0,17,3,8,41.9104972861,-87.7150921939,POINT (-87.715092193901 41.910497286104)
58a0eb7d7bf8d01e0103c837e2792ce9b657c0706d826c8e2528e2fe47c41d9da5baaba3b723e68bc73b095197a0b0b05a21bd0e06f4bdeb0a9d783a39278b92,,08/12/2025 05:30:00 PM,30,STOP SIGN/FLASHER,FUNCTIONING PROPERLY,RAIN,DAYLIGHT,TURNING,T-INTERSECTION,,STRAIGHT AND LEVEL,WET,NO DEFECTS,NOT ON SCENE (DESK REPORT),NO INJURY / DRIVE AWAY,Y,,,"OVER $1,500",08/12/2025 05:30:00 PM,UNABLE TO DETERMINE,UNABLE TO DETERMINE,2657,W,21ST PL,1023,,,,,,,2,NO INDICATION OF INJURY,0,0,0,0,0,2,0,17,3,8,41.8527431216,-87.6928233981,POINT (-87.692823398085 41.852743121571)
9a69336a2556ee94375a3882e843005a113a8fbbb7f1b97d2563891e1b773c16b461166e0bc687ad01ee54f7af7de777c30603f269b928a459d8ac69376ed1a4,,08/12/2025 05:30:00 PM,30,TRAFFIC SIGNAL,FUNCTIONING PROPERLY,CLEAR,DAYLIGHT,REAR END,NOT DIVIDED,,STRAIGHT AND LEVEL,DRY,NO DEFECTS,NOT ON SCENE (DESK REPORT),NO INJURY / DRIVE AWAY,Y,,,"OVER $1,500",08/12/2025 06:10:00 PM,FOLLOWING TOO CLOSELY,NOT APPLICABLE,6022,N,RAVENSWOOD AVE,2413,,,,,,,2,NO INDICATION OF INJURY,0,0,0,0,0,2,0,17,3,8,41.9914409181,-87.6754259759,POINT (-87.675425975855 41.991440918068)
e5ac87e2a640f7d3e40c1cebcd0c2315dcca875d1e259cbfa441d6fe983b98cdc37ee30bd57f1a1be2d281b5888c9f975439fc281f3c0bf865d1b59d1775da32,,08/12/2025 05:30:00 PM,30,NO CONTROLS,NO CONTROLS,CLEAR,DAYLIGHT,PARKED MOTOR VEHICLE,NOT DIVIDED,,STRAIGHT AND LEVEL,DRY,NO DEFECTS,NOT ON SCENE (DESK REPORT),NO INJURY / DRIVE AWAY,,,Y,"OVER $1,500",08/13/2025 07:15:00 AM,UNABLE TO DETERMINE,NOT APPLICABLE,5222,S,WINCHESTER AVE,932,,,,,,,2,NO INDICATION OF INJURY,0,0,0,0,0,1,0,17,3,8,41.7987133476,-87.673369586,POINT (-87.673369585992 41.798713347572)
fd3dff5a78d7b1232d65ce56380705d62aa95eab529652bd01e93d3d80851653623a2cdeea79cae514bd80f862384bccebcb60f222899f7dd4cd45d90e6d85ca,,08/12/2025 05:25:00 PM,30,NO CONTROLS,NO CONTROLS,RAIN,DAYLIGHT,REAR END,NOT DIVIDED,,STRAIGHT AND LEVEL,WET,NO DEFECTS,ON SCENE,NO INJURY / DRIVE AWAY,,,,"OVER $1,500",08/12/2025 05:46:00 PM,FOLLOWING TOO CLOSELY,FOLLOWING TOO CLOSELY,3300,W,ARMITAGE AVE,1413,,,,,,,2,NO INDICATION OF INJURY,0,0,0,0,0,2,0,17,3,8,41.9174692906,-87.7103598781,POINT (-87.710359878103 41.917469290584)
4e316ab58ac6788d7c8787a64acd1b8f88df969a0a8b67c2a57ea94a12e466ed0aa7ff45fa95b8ed1ec85510c871ad7f37b859599bb4f2b2a0ec39b5074299d4,,08/12/2025 05:20:00 PM,30,NO CONTROLS,NO CONTROLS,RAIN,DAYLIGHT,TURNING,NOT DIVIDED,,STRAIGHT AND LEVEL,WET,UNKNOWN,ON SCENE,INJURY AND / OR TOW DUE TO CRASH,,,,"OVER $1,500",08/12/2025 05:21:00 PM,FAILING TO YIELD RIGHT-OF-WAY,NOT APPLICABLE,6931,S,SOUTH SHORE DR,334,,,,,,,2,NONINCAPACITATING INJURY,1,0,0,1,0,1,0,17,3,8,41.7689648325,-87.5663773467,POINT (-87.566377346728 41.768964832474)
53d5c495ef664b6df25a1f03f832df1313ecae806fa28327e4c7f8f8c4432e2ea9a35a1922a4d870e22674703a1cdfc275c8ec9a297c047d4cd6dd877291af53,,08/12/2025 05:20:00 PM,30,TRAFFIC SIGNAL,FUNCTIONING PROPERLY,RAIN,DAYLIGHT,REAR END,NOT DIVIDED,,STRAIGHT AND LEVEL,WET,NO DEFECTS,ON SCENE,NO INJURY / DRIVE AWAY,,,Y,"$501 - $1,500",08/12/2025 05:37:00 PM,UNABLE TO DETERMINE,UNABLE TO DETERMINE,1598,E,79TH ST,411,,,,,,,3,NO INDICATION OF INJURY,0,0,0,0,0,3,0,17,3,8,41.7516118473,-87.5856595692,POINT (-87.585659569152 41.751611847254)
d4ea44ad723c5654f0ea08d5c75961c5fb2fc4149a7c2a239de17f9810a761ec252a75c0c5bd09e482f06a541d0665fb68396e009357d46fbbd53485ce6c66cb,,08/12/2025 05:20:00 PM,30,TRAFFIC SIGNAL,UNKNOWN,RAIN,DAYLIGHT,REAR END,NOT DIVIDED,,STRAIGHT AND LEVEL,WET,UNKNOWN,NOT ON SCENE (DESK REPORT),NO INJURY / DRIVE AWAY,,,Y,"OVER $1,500",08/12/2025 07:17:00 PM,UNABLE TO DETERMINE,UNABLE TO DETERMINE,7947,S,SOUTH CHICAGO AVE,411,,,,,,,3,NO INDICATION OF INJURY,0,0,0,0,0,3,0,17,3,8,41.7505620867,-87.5840681831,POINT (-87.584068183103 41.750562086663)
8d207b1d1250243d860919fe413205ee6ea09b27899096f5b15ffd87d756d5539499ebba2b3d751b5ca77a97ee8841253515dfe2726334e4a6b061333981b324,,08/12/2025 05:15:00 PM,25,NO CONTROLS,NO CONTROLS,RAIN,DAYLIGHT,OTHER OBJECT,NOT DIVIDED,,STRAIGHT AND LEVEL,WET,UNKNOWN,ON SCENE,INJURY AND / OR TOW DUE TO CRASH,,,,"OVER $1,500",08/12/2025 05:20:00 PM,WEATHER,NOT APPLICABLE,1209,W,ARTHUR AVE,2432,N,,,,,,2,NONINCAPACITATING INJURY,1,0,0,1,0,1,0,17,3,8,42.0003243071,-87.6611343684,POINT (-87.661134368369 42.000324307143)
2ed353c684e8b3b156cd38d80a2b938cf476935aa3cf76360fb8d9d50d1074588069f4694d30d47cf04c0cc9ec08683dcec79516232f020898be9c3eadd0c42f,,08/12/2025 05:10:00 PM,30,NO CONTROLS,NO CONTROLS,CLOUDY/OVERCAST,DAYLIGHT,ANGLE,ONE-WAY,,STRAIGHT AND LEVEL,WET,NO DEFECTS,NOT ON SCENE (DESK REPORT),NO INJURY / DRIVE AWAY,,,Y,"OVER $1,500",08/12/2025 05:20:00 PM,FAILING TO YIELD RIGHT-OF-WAY,UNABLE TO DETERMINE,7800,S,WOOD ST,611,,,,,,,2,NO INDICATION OF INJURY,0,0,0,0,0,2,0,17,3,8,41.7520223806,-87.668481506,POINT (-87.668481506034 41.752022380595)
e8de5ed2b9a2daa4a81d203b35b879534b2b38f5a6bd86d4ec61166d72e2ac9c9fb02a057215596957f6002bdde1d55bdc802dbaf939dcd4d6294be58386f038,,08/12/2025 05:10:00 PM,20,OTHER,OTHER,RAIN,DAYLIGHT,REAR TO FRONT,PARKING LOT,,STRAIGHT AND LEVEL,WET,UNKNOWN,ON SCENE,NO INJURY / DRIVE AWAY,,Y,Y,"OVER $1,500",08/12/2025 05:12:00 PM,IMPROPER BACKING,IMPROPER BACKING,3300,N,ASHLAND AVE,1922,,,,,,,2,NO INDICATION OF INJURY,0,0,0,0,0,2,0,17,3,8,41.9415658578,-87.6688604029,POINT (-87.668860402909 41.941565857782)
1b4b45c6528f7c17dae7ec003c904d0da0005c32c9e3d489de8fcd99e2e9364aa5f7b6b1d3428d6f0de430de5a112f07bcda73f5a9b389edec4d0fdb7d0262ed,,08/12/2025 05:08:00 PM,35,TRAFFIC SIGNAL,FUNCTIONING PROPERLY,CLEAR,DAYLIGHT,REAR END,DIVIDED - W/MEDIAN (NOT RAISED),,STRAIGHT AND LEVEL,DRY,NO DEFECTS,NOT ON SCENE (DESK REPORT),NO INJURY / DRIVE AWAY,,,,"OVER $1,500",08/13/2025 04:30:00 PM,FOLLOWING TOO CLOSELY,NOT APPLICABLE,4415,W,MONTROSE AVE,1722,,,,,,,2,NO INDICATION OF INJURY,0,0,0,0,0,2,0,17,3,8,41.960711012,-87.7391209229,POINT (-87.739120922939 41.960711011979)
1c58ea1712c7e0e127d160d001442db2cfa72ed9fa6fd3e3ac7632cfa8a1b72eac7acfdc34b0c917ca2491e3f479e23dffa6b8dd353530a6b9ea2a44753a2f45,,08/12/2025 05:07:00 PM,30,STOP SIGN/FLASHER,NO CONTROLS,RAIN,DAYLIGHT,REAR END,NOT DIVIDED,,STRAIGHT AND LEVEL,WET,NO DEFECTS,NOT ON SCENE (DESK REPORT),NO INJURY / DRIVE AWAY,,,,"$501 - $1,500",08/13/2025 02:52:00 PM,WEATHER,NOT APPLICABLE,1648,W,TOUHY AVE,2423,,,,,,,2,NO INDICATION OF INJURY,0,0,0,0,0,2,0,17,3,8,42.012788735,-87.6721833435,POINT (-87.672183343523 42.012788735012)
ab66359a858ebdf4ec4d6824eb67644d082b2e31040c385202402f71b3b12d08a7fad90af1a5a905f79df837e8ad46dd4c23c272d43f11914ccdd23620c96ebe,,08/12/2025 05:07:00 PM,30,NO CONTROLS,NO CONTROLS,RAIN,DAYLIGHT,SIDESWIPE SAME DIRECTION,ONE-WAY,,STRAIGHT AND LEVEL,DRY,NO DEFECTS,ON SCENE,NO INJURY / DRIVE AWAY,,,,"OVER $1,500",08/12/2025 05:30:00 PM,FAILING TO YIELD RIGHT-OF-WAY,NOT APPLICABLE,2002,W,PENSACOLA AVE,1911,,,,,,,2,NO INDICATION OF INJURY,0,0,0,0,0,2,0,17,3,8,41.9606461259,-87.6791444074,POINT (-87.679144407407 41.960646125882)
cd91b49ba884aafc0332dc3ffb5f8a9e65fbb0c69e65b16e07bb981aa5e7c2e5a5b0d4905d4a17e63fe0ff8194ca2fa011179b3dacd1b35749fcba3ff34f8144,Y,08/12/2025 05:06:00 PM,30,NO CONTROLS,NO CONTROLS,RAIN,DAYLIGHT,REAR END,NOT DIVIDED,,STRAIGHT AND LEVEL,WET,NO DEFECTS,ON SCENE,INJURY AND / OR TOW DUE TO CRASH,,,N,"OVER $1,500",08/12/2025 05:06:00 PM,NOT APPLICABLE,NOT APPLICABLE,3031,W,63RD ST,823,,Y,,,,,2,"REPORTED, NOT EVIDENT",1,0,0,0,1,3,0,17,3,8,41.7789183025,-87.6994209028,POINT (-87.699420902798 41.778918302534)
fa4b410f117d877cd1089685a6711d6e8bea9e610e846acba52ade81620f3d8dcd9625e44264bd314d2fb3fa4108ae26aaca1ba928be5c199f183228df2a4280,,08/12/2025 05:05:00 PM,30,NO CONTROLS,NO CONTROLS,CLEAR,DAYLIGHT,SIDESWIPE SAME DIRECTION,FOUR WAY,,STRAIGHT AND LEVEL,DRY,NO DEFECTS,NOT ON SCENE (DESK REPORT),NO INJURY / DRIVE AWAY,,,,"$501 - $1,500",08/13/2025 11:30:00 AM,FAILING TO YIELD RIGHT-OF-WAY,FAILING TO YIELD RIGHT-OF-WAY,6431,N,KEDZIE AVE,2412,,,,,,,2,NO INDICATION OF INJURY,0,0,0,0,0,2,0,17,3,8,41.9983297343,-87.7092107753,POINT (-87.709210775294 41.998329734325)
42aad599efebcac39e3cff3a01892de8774d393cae6cc13e9eb33c4ff4d872bc48912423de011f2804dc3cd1c1453829ba624cb72794f9e2e520493184a801f9,,08/12/2025 05:00:00 PM,30,NO CONTROLS,NO CONTROLS,RAIN,"DARKNESS, LIGHTED ROAD",SIDESWIPE SAME DIRECTION,ONE-WAY,,STRAIGHT AND LEVEL,WET,UNKNOWN,ON SCENE,NO INJURY / DRIVE AWAY,,,Y,"OVER $1,500",08/12/2025 05:05:00 PM,IMPROPER OVERTAKING/PASSING,DRIVING SKILLS/KNOWLEDGE/EXPERIENCE,501,N,DEARBORN ST,1831,,,,,,,2,NO INDICATION OF INJURY,0,0,0,0,0,3,0,17,3,8,41.8908753683,-87.629482222,POINT (-87.629482221982 41.890875368292)
44038c87478c43ed7caf6ef3ad05a8f8e555af5b9227d58f4ed0aa280f999c769dcd6ca1eec0d274b20775855564456f6012533653e433abec5a1d771289ccab,,08/12/2025 05:00:00 PM,30,STOP SIGN/FLASHER,FUNCTIONING PROPERLY,RAIN,DAYLIGHT,ANGLE,FOUR WAY,,STRAIGHT AND LEVEL,WET,UNKNOWN,NOT ON SCENE (DESK REPORT),NO INJURY / DRIVE AWAY,Y,,,"OVER $1,500",08/12/2025 07:10:00 PM,UNABLE TO DETERMINE,UNABLE TO DETERMINE,6900,W,WELLINGTON AVE,2511,,,,,,,2,NO INDICATION OF INJURY,0,0,0,0,0,2,0,17,3,8,41.9345997966,-87.7980980905,POINT (-87.798098090542 41.934599796559)
49214ece051cacfee0d682baebd84d80307bd0a26b3848d93f7737a108d037562d360a1c1f1dc5ac3e9e96c263a624ea1b56a9759ec5e107cd1bb0f93d1d724e,,08/12/2025 05:00:00 PM,20,NO CONTROLS,NO CONTROLS,CLEAR,DAYLIGHT,FIXED OBJECT,NOT DIVIDED,,STRAIGHT AND LEVEL,DRY,NO DEFECTS,NOT ON SCENE (DESK REPORT),NO INJURY / DRIVE AWAY,,Y,Y,"OVER $1,500",08/15/2025 11:30:00 AM,IMPROPER TURNING/NO SIGNAL,NOT APPLICABLE,9860,S,CALHOUN AVE,431,,,,,,,1,NO INDICATION OF INJURY,0,0,0,0,0,1,0,17,3,8,41.7154441994,-87.5623979335,POINT (-87.562397933456 41.715444199362)
4eef8f98a776c30bd32fb3f3f04cee6d5e98e46f9c875105f3d1bd903c02f721ec7869bf200bea145b28ddb81cdaa21952cab27c616aa875fdd8170a57e95b29,,08/12/2025 05:00:00 PM,30,TRAFFIC SIGNAL,FUNCTIONING PROPERLY,CLEAR,DAYLIGHT,TURNING,NOT DIVIDED,,STRAIGHT AND LEVEL,WET,NO DEFECTS,NOT ON SCENE (DESK REPORT),NO INJURY / DRIVE AWAY,Y,,,"OVER $1,500",08/12/2025 06:00:00 PM,UNABLE TO DETERMINE,UNABLE TO DETERMINE,4758,W,FULLERTON AVE,2521,,,,,,,2,NO INDICATION OF INJURY,0,0,0,0,0,2,0,17,3,8,41.9243499158,-87.7462435909,POINT (-87.746243590888 41.924349915846)