CRASH_RECORD_ID,CRASH_DATE_EST_I,CRASH_DATE,POSTED_SPEED_LIMIT,TRAFFIC_CONTROL_DEVICE,DEVICE_CONDITION,WEATHER_CONDITION,LIGHTING_CONDITION,FIRST_CRASH_TYPE,TRAFFICWAY_TYPE,LANE_CNT,ALIGNMENT,ROADWAY_SURFACE_COND,ROAD_DEFECT,REPORT_TYPE,CRASH_TYPE,INTERSECTION_RELATED_I,NOT_RIGHT_OF_WAY_I,HIT_AND_RUN_I,DAMAGE,DATE_POLICE_NOTIFIED,PRIM_CONTRIBUTORY_CAUSE,SEC_CONTRIBUTORY_CAUSE,STREET_NO,STREET_DIRECTION,STREET_NAME,BEAT_OF_OCCURRENCE,PHOTOS_TAKEN_I,STATEMENTS_TAKEN_I,DOORING_I,WORK_ZONE_I,WORK_ZONE_TYPE,WORKERS_PRESENT_I,NUM_UNITS,MOST_SEVERE_INJURY,INJURIES_TOTAL,INJURIES_FATAL,INJURIES_INCAPACITATING,INJURIES_NON_INCAPACITATING,INJURIES_REPORTED_NOT_EVIDENT,INJURIES_NO_INDICATION,INJURIES_UNKNOWN,CRASH_HOUR,CRASH_DAY_OF_WEEK,CRASH_MONTH,LATITUDE,LONGITUDE,LOCATION
c2c8205cd426d9cae9245867033ddaafa4ca2be93f2605a2ae55a978f2a32dfb388e152b9821d57eb9ff57c6f8b12a22918cc52a827d5b506bec880a9f087450,,08/12/2025 05:00:00 PM,30,NO CONTROLS,NO CONTROLS,RAIN,DAYLIGHT,REAR END,NOT DIVIDED,,STRAIGHT AND LEVEL,WET,NO DEFECTS,NOT ON SCENE (DESK REPORT),NO INJURY / DRIVE AWAY,,,,"OVER $1,500",08/12/2025 05:35:00 PM,FOLLOWING TOO CLOSELY,FAILING TO REDUCE SPEED TO AVOID CRASH,4519,S,ARCHER AVE,821,,,,,,,2,NO INDICATION OF INJURY,0,0,0,0,0,2,0,17,3,8,41.8112081853,-87.7087081503,POINT (-87.708708150317 41.811208185305)
cf1a0279aee617c5de71ffd8eb4eacc9d90c2522a85253e11c9667f31475cefb1536b407c2d37d57bee8db8f1fca92e63a46e5a4ffc82786496fe325455786fa,,08/12/2025 05:00:00 PM,30,NO CONTROLS,NO CONTROLS,RAIN,DAYLIGHT,SIDESWIPE SAME DIRECTION,ONE-WAY,,STRAIGHT AND LEVEL,WET,NO DEFECTS,NOT ON SCENE (DESK REPORT),NO INJURY / DRIVE AWAY,,,,"$501 - $1,500",08/12/2025 11:15:00 PM,IMPROPER LANE USAGE,IMPROPER LANE USAGE,39,W,WASHINGTON ST,112,,,,,,,2,NO INDICATION OF INJURY,0,0,0,0,0,2,0,17,3,8,41.883105737,-87.6293555645,POINT (-87.629355564469 41.883105736973)
dee6652368e95d5bdf4310e2e07e3aac1e42bb3b99a067b4f5e6b06a97245c59d0b3baca19debfbb9761826e5cb27573bd8443c25e18cebf807d46b1cb7932e9,,08/12/2025 05:00:00 PM,30,TRAFFIC SIGNAL,FUNCTIONING PROPERLY,RAIN,DAYLIGHT,REAR END,FOUR WAY,,STRAIGHT AND LEVEL,WET,NO DEFECTS,NOT ON SCENE (DESK REPORT),INJURY AND / OR TOW DUE TO CRASH,Y,,,"OVER $1,500",08/21/2025 04:30:00 PM,UNABLE TO DETERMINE,UNABLE TO DETERMINE,1800,S,CANAL ST,1235,,,,,,,2,"REPORTED, NOT EVIDENT",1,0,0,0,1,1,0,17,3,8,41.8575640708,-87.6390789106,POINT (-87.639078910579 41.857564070819)
624c44acfd3fa186e61fbeb872d68d20345f2f8f9cb99444f26b5175dd3c5c86870f1d696f2e24e0b44b56d9a1d2c988b745e2ee5950446938361ac20aa7e390,,08/12/2025 04:54:00 PM,30,NO CONTROLS,NO CONTROLS,RAIN,DAYLIGHT,PARKED MOTOR VEHICLE,NOT DIVIDED,,STRAIGHT AND LEVEL,WET,NO DEFECTS,ON SCENE,NO INJURY / DRIVE AWAY,,,,$500 OR LESS,08/12/2025 05:15:00 PM,IMPROPER LANE USAGE,FAILING TO REDUCE SPEED TO AVOID CRASH,3033,S,WALLACE ST,914,,,,,,,2,NO INDICATION OF INJURY,0,0,0,0,0,3,0,16,3,8,41.8389355779,-87.6412878051,POINT (-87.641287805059 41.838935577932)
fcc0565e5cb0b295f0f3146de3a6fd0aaf9b905948ece9830a88b0cf319e0fbea76188c8a50072988d171d5fcb6beceb2cc7fdef501f3ba22e9d6a522c4596bb,,08/12/2025 04:45:00 PM,30,NO CONTROLS,NO CONTROLS,CLEAR,DAYLIGHT,SIDESWIPE SAME DIRECTION,NOT DIVIDED,,STRAIGHT AND LEVEL,DRY,NO DEFECTS,NOT ON SCENE (DESK REPORT),INJURY AND / OR TOW DUE TO CRASH,,,Y,"OVER $1,500",08/12/2025 11:10:00 PM,UNABLE TO DETERMINE,NOT APPLICABLE,5416,W,JACKSON BLVD,1522,,,,,,,2,NO INDICATION OF INJURY,0,0,0,0,0,5,0,16,3,8,41.8766948248,-87.7603106307,POINT (-87.760310630701 41.876694824793)
bad8ab4dea7b8796feeefa4cc8d11483ea6f0d036a0d87f67d50138850aecba121c06b52544fb677808452555b5c952ea59f4fa968f49f0a2e98220dbb2ac9b4,,08/12/2025 04:39:00 PM,30,NO CONTROLS,NO CONTROLS,CLEAR,DAYLIGHT,REAR END,DIVIDED - W/MEDIAN (NOT RAISED),,STRAIGHT AND LEVEL,DRY,NO DEFECTS,NOT ON SCENE (DESK REPORT),NO INJURY / DRIVE AWAY,,,,"$501 - $1,500",08/14/2025 06:30:00 PM,UNABLE TO DETERMINE,UNABLE TO DETERMINE,3950,S,CICERO AVE,1031,,,,,,,2,NO INDICATION OF INJURY,0,0,0,0,0,2,0,16,3,8,41.8206694491,-87.7436558689,POINT (-87.74365586894 41.820669449112)
f64fea51b49d9ec4ab57abd4b73a4ea1d45cf37bac56fd3045e67e0e6d709e92c771419d1618f92f3680bfe797374a422cf4624562a57747a40346093c02e612,,08/12/2025 04:39:00 PM,30,TRAFFIC SIGNAL,FUNCTIONING PROPERLY,RAIN,DAYLIGHT,PEDALCYCLIST,NOT DIVIDED,,STRAIGHT AND LEVEL,WET,UNKNOWN,ON SCENE,INJURY AND / OR TOW DUE TO CRASH,Y,,,"OVER $1,500",08/12/2025 04:40:00 PM,FAILING TO YIELD RIGHT-OF-WAY,UNABLE TO DETERMINE,1999,N,MILWAUKEE AVE,1434,,N,,,,,2,NONINCAPACITATING INJURY,1,0,0,1,0,1,0,16,3,8,41.9176110212,-87.6884420906,POINT (-87.688442090612 41.917611021237)
3797f500d9b75a1bb548401ffe461eeb1db8c43fccb8c6200e0cd9947b191e4d4b70897f4efb349bd696c7e2c1092bd876f33b97baf1528e0a87e4921aa06c58,,08/12/2025 04:36:00 PM,30,TRAFFIC SIGNAL,FUNCTIONING IMPROPERLY,RAIN,DAYLIGHT,REAR END,DIVIDED - W/MEDIAN BARRIER,,STRAIGHT AND LEVEL,WET,UNKNOWN,NOT ON SCENE (DESK REPORT),NO INJURY / DRIVE AWAY,,,N,"OVER $1,500",08/22/2025 02:50:00 PM,NOT APPLICABLE,WEATHER,3815,W,LAKE ST,1122,,,,,,,2,NO INDICATION OF INJURY,0,0,0,0,0,2,0,16,3,8,41.8851329772,-87.7215596756,POINT (-87.721559675638 41.885132977237)
4213438edec80b4365834e2765976faa8127a096fd11b8077e78eedf5da8aa252bc07b0e75b8ff44b3c2c196c4718fbbc1d076943cc945a9c09c77c4345eb12f,,08/12/2025 04:35:00 PM,30,STOP SIGN/FLASHER,NO CONTROLS,RAIN,DAYLIGHT,ANGLE,NOT DIVIDED,,STRAIGHT AND LEVEL,WET,NO DEFECTS,ON SCENE,INJURY AND / OR TOW DUE TO CRASH,,,,"OVER $1,500",08/12/2025 04:35:00 PM,FAILING TO YIELD RIGHT-OF-WAY,FAILING TO YIELD RIGHT-OF-WAY,250,W,SUPERIOR ST,1831,,,,,,,2,"REPORTED, NOT EVIDENT",2,0,0,0,2,2,0,16,3,8,41.895682894,-87.6356072777,POINT (-87.635607277683 41.895682893956)
f569dfc0bf739d5514aa79232643321addc9a1ecf433a3b17be93847b614689f8179c865d148d44d50fe0816f79bd5965c173d5a5439712ae4df2645f0e831a2,,08/12/2025 04:35:00 PM,30,NO CONTROLS,NO CONTROLS,RAIN,DAYLIGHT,SIDESWIPE SAME DIRECTION,NOT DIVIDED,,STRAIGHT AND LEVEL,WET,NO DEFECTS,NOT ON SCENE (DESK REPORT),NO INJURY / DRIVE AWAY,,,,"$501 - $1,500",08/12/2025 05:30:00 PM,IMPROPER LANE USAGE,NOT APPLICABLE,10,E,95TH ST,634,,,,,,,2,NO INDICATION OF INJURY,0,0,0,0,0,2,0,16,3,8,41.7218320075,-87.6233245848,POINT (-87.623324584803 41.7218320075)
f64829be24a63dfa02c69647cbe72c2a981d5a9f33068430f0b9740662604fdc668683f6b0b40dedf0a5e583161d8bbfd1d3878bb932968b38b50fa3de5486c4,,08/12/2025 04:35:00 PM,30,TRAFFIC SIGNAL,FUNCTIONING PROPERLY,UNKNOWN,DAYLIGHT,SIDESWIPE SAME DIRECTION,DIVIDED - W/MEDIAN (NOT RAISED),,STRAIGHT AND LEVEL,UNKNOWN,UNKNOWN,NOT ON SCENE (DESK REPORT),NO INJURY / DRIVE AWAY,,,Y,$500 OR LESS,08/12/2025 05:37:00 PM,NOT APPLICABLE,NOT APPLICABLE,6700,S,DORCHESTER AVE,321,,,,,,,2,NO INDICATION OF INJURY,0,0,0,0,0,2,0,16,3,8,41.7732378962,-87.591314808,POINT (-87.591314808038 41.773237896191)
189b56f9d66d0a08df7b811cf84b1b1676ea3a837b9a88969b4455c5bdbb547cc64ad26081ccc907cba98e0b8def6957447da96e2df3644b2d7fc768211718a5,,08/12/2025 04:30:00 PM,30,STOP SIGN/FLASHER,FUNCTIONING PROPERLY,RAIN,DAYLIGHT,ANGLE,FOUR WAY,,STRAIGHT AND LEVEL,WET,UNKNOWN,ON SCENE,INJURY AND / OR TOW DUE TO CRASH,Y,,,"OVER $1,500",08/12/2025 04:34:00 PM,UNABLE TO DETERMINE,UNABLE TO DETERMINE,2301,W,CERMAK RD,1034,,,,,,,2,NO INDICATION OF INJURY,0,0,0,0,0,2,0,16,3,8,41.8519506068,-87.6833074111,POINT (-87.683307411076 41.851950606784)
31be32ae3320793f0ccc8066b1ca60ed285065f0b8cb9887899dd73e24ef772b8dbcbbb29321fadea038e177d355d513e6fc1dd0d5d12e70dd723dbb69d9bf28,,08/12/2025 04:30:00 PM,30,NO CONTROLS,FUNCTIONING PROPERLY,RAIN,DAYLIGHT,ANGLE,DIVIDED - W/MEDIAN (NOT RAISED),,STRAIGHT AND LEVEL,WET,NO DEFECTS,NOT ON SCENE (DESK REPORT),NO INJURY / DRIVE AWAY,,,,"OVER $1,500",08/12/2025 05:05:00 PM,UNABLE TO DETERMINE,DRIVING SKILLS/KNOWLEDGE/EXPERIENCE,1530,W,LAWRENCE AVE,2032,,,,,,,2,NO INDICATION OF INJURY,0,0,0,0,0,2,0,16,3,8,41.9689897602,-87.6688447181,POINT (-87.668844718118 41.968989760172)
4920f5e975c7f262603370a33d5285189b4ae055884a10ce1792241461c688e1c470ba0318883abcc57c53ca04589abb244c7302ab48943cc1124fa9508d2043,Y,08/12/2025 04:30:00 PM,25,NO CONTROLS,NO CONTROLS,RAIN,DAYLIGHT,ANGLE,ONE-WAY,,STRAIGHT AND LEVEL,WET,UNKNOWN,NOT ON SCENE (DESK REPORT),NO INJURY / DRIVE AWAY,,,,"OVER $1,500",08/12/2025 05:00:00 PM,FAILING TO YIELD RIGHT-OF-WAY,NOT APPLICABLE,2300,W,THOMAS ST,1212,,,,,,,2,NO INDICATION OF INJURY,0,0,0,0,0,2,0,16,3,8,41.9013464937,-87.6846604877,POINT (-87.684660487686 41.901346493728)
786903bebd3f01c27eb90729a83656ffd6e418411c6ae9a500f32df2299619697b8f73a65ef3245a46fd5730835a71160d5393dd67db46e78a4744370e6932f5,,08/12/2025 04:30:00 PM,30,STOP SIGN/FLASHER,FUNCTIONING PROPERLY,RAIN,DAYLIGHT,ANGLE,FOUR WAY,,STRAIGHT AND LEVEL,WET,NO DEFECTS,NOT ON SCENE (DESK REPORT),NO INJURY / DRIVE AWAY,Y,,Y,"OVER $1,500",08/12/2025 07:15:00 PM,UNABLE TO DETERMINE,NOT APPLICABLE,2698,S,CENTRAL PARK AVE,1032,,,,,,,2,NO INDICATION OF INJURY,0,0,0,0,0,3,0,16,3,8,41.8426421089,-87.7148882794,POINT (-87.714888279388 41.842642108893)
b7bec7d80a3269a05a29aaa3e18612c40759f58f1691c815ebf12a8cae23291c7d4554f314abf6adca840f86d9a6c4f20ea9cc4a1c694d27238b6f44094a33ec,,08/12/2025 04:30:00 PM,30,TRAFFIC SIGNAL,NO CONTROLS,RAIN,DAYLIGHT,SIDESWIPE SAME DIRECTION,DIVIDED - W/MEDIAN (NOT RAISED),,STRAIGHT AND LEVEL,WET,NO DEFECTS,NOT ON SCENE (DESK REPORT),NO INJURY / DRIVE AWAY,,,,$500 OR LESS,08/12/2025 06:20:00 PM,WEATHER,NOT APPLICABLE,15,N,ASHLAND AVE,1224,,,,,,,2,NO INDICATION OF INJURY,0,0,0,0,0,2,0,16,3,8,41.8819523089,-87.6666743625,POINT (-87.6666743625 41.88195230891)
e184e16ce90fd5c83322318369beb2f0ebb123ac2dfbc492d25ac3d0d3fc73127e2f2ba5224005c5758ffbbc4b60add61b7bf7668675e7152633f43578ab1e5b,,08/12/2025 04:30:00 PM,25,UNKNOWN,UNKNOWN,UNKNOWN,UNKNOWN,SIDESWIPE SAME DIRECTION,ONE-WAY,,STRAIGHT AND LEVEL,UNKNOWN,UNKNOWN,NOT ON SCENE (DESK REPORT),NO INJURY / DRIVE AWAY,,,,"OVER $1,500",08/12/2025 05:20:00 PM,NOT APPLICABLE,NOT APPLICABLE,331,E,ERIE ST,1834,,,,,,,2,NO INDICATION OF INJURY,0,0,0,0,0,2,0,16,3,8,41.8941195105,-87.6190610425,POINT (-87.6190610425 41.894119510544)
acbb9dba04f97761c179232b3ca9f763c0dbec9f28dbef67d703b8164f51ce7d4eae86f2be96fb7e1856e22b7fc6c6a003f1d78f118c3d6bfb9b3d6ad0d5b128,,08/12/2025 04:28:00 PM,30,UNKNOWN,UNKNOWN,RAIN,DAYLIGHT,PARKED MOTOR VEHICLE,NOT DIVIDED,,STRAIGHT AND LEVEL,WET,UNKNOWN,NOT ON SCENE (DESK REPORT),NO INJURY / DRIVE AWAY,,,Y,"$501 - $1,500",08/12/2025 09:22:00 PM,DRIVING SKILLS/KNOWLEDGE/EXPERIENCE,UNABLE TO DETERMINE,5418,W,JACKSON BLVD,1522,,,,,,,2,NO INDICATION OF INJURY,0,0,0,0,0,1,0,16,3,8,41.8766937414,-87.7603858321,POINT (-87.760385832132 41.876693741403)
770c8818aa982f06dc68c67121d8db1fde3b80cf043907d42de51a8cf773369e6f509815669c40ff33f98ffd265133b81b448bd1f4eee6dc9080a7bd588ef241,,08/12/2025 04:27:00 PM,30,NO CONTROLS,NO CONTROLS,RAIN,DAYLIGHT,FIXED OBJECT,ALLEY,,STRAIGHT AND LEVEL,WET,NO DEFECTS,NOT ON SCENE (DESK REPORT),NO INJURY / DRIVE AWAY,,,Y,$500 OR LESS,08/12/2025 06:00:00 PM,UNABLE TO DETERMINE,UNABLE TO DETERMINE,6030,S,RICHMOND ST,823,,,,,,,1,NO INDICATION OF INJURY,0,0,0,0,0,1,0,16,3,8,41.7835834454,-87.697322832,POINT (-87.697322831975 41.783583445427)
84b724059b009a511c66993eed423f38c6be6ea77be5c1e4e19eb62234e9dfc1b539fdbd134ea1bae2eb680cd87ca4b2f2383484948e5b073d3169b79c8c5bdf,,08/12/2025 04:27:00 PM,15,NO CONTROLS,NO CONTROLS,CLEAR,DAYLIGHT,FIXED OBJECT,ALLEY,,STRAIGHT AND LEVEL,OTHER,UNKNOWN,ON SCENE,NO INJURY / DRIVE AWAY,,,Y,"OVER $1,500",08/12/2025 04:37:00 PM,UNABLE TO DETERMINE,UNABLE TO DETERMINE,6030,S,RICHMOND ST,823,,,,,,,1,NO INDICATION OF INJURY,0,0,0,0,0,1,0,16,3,8,41.7835834454,-87.697322832,POINT (-87.697322831975 41.783583445427)
3d3af5db6cfc87999d2d7e7aed98fbf6f755babf0e7b0edd4c21844510d574dc8f454af952ae4faf17f44f9743373404e4d51276920091e2fe19f89c05b141c9,,08/12/2025 04:25:00 PM,35,STOP SIGN/FLASHER,FUNCTIONING PROPERLY,RAIN,DAYLIGHT,ANGLE,DIVIDED - W/MEDIAN (NOT RAISED),,STRAIGHT AND LEVEL,WET,NO DEFECTS,ON SCENE,INJURY AND / OR TOW DUE TO CRASH,,,,"OVER $1,500",08/12/2025 04:33:00 PM,FAILING TO REDUCE SPEED TO AVOID CRASH,NOT APPLICABLE,2255,W,FULLERTON AVE,1432,,,,,,,3,NONINCAPACITATING INJURY,2,0,0,1,1,1,0,16,3,8,41.9248256086,-87.6849870177,POINT (-87.684987017655 41.924825608637)
1023c0617a3d5d55c132fa55cea4fcf3dc67b87a8a2322befc56ff8f8293e1b420569b73958e8820746241cac29f0ab1ffa5dc4b4a170d94c2646cf2a775d4a3,,08/12/2025 04:20:00 PM,30,UNKNOWN,UNKNOWN,UNKNOWN,DAYLIGHT,REAR END,UNKNOWN,,STRAIGHT AND LEVEL,UNKNOWN,NO DEFECTS,NOT ON SCENE (DESK REPORT),NO INJURY / DRIVE AWAY,,,,"OVER $1,500",08/12/2025 04:37:00 PM,NOT APPLICABLE,NOT APPLICABLE,3700,W,PETERSON AVE,1711,,,,,,,2,NO INDICATION OF INJURY,0,0,0,0,0,2,0,16,3,8,41.9903381658,-87.7214903865,POINT (-87.721490386516 41.990338165844)
401594672fb68ef9a7e4026d4c9a8a3d0c0f0fa77244f9a633ac18fa264dadf51fa22daa06472c0da09927f833adf317094bb80afc7cf93e230484fc9aa11bd1,,08/12/2025 04:20:00 PM,30,TRAFFIC SIGNAL,FUNCTIONING PROPERLY,RAIN,DAYLIGHT,REAR END,T-INTERSECTION,,STRAIGHT AND LEVEL,WET,NO DEFECTS,NOT ON SCENE (DESK REPORT),NO INJURY / DRIVE AWAY,Y,,,"OVER $1,500",08/13/2025 10:20:00 AM,UNABLE TO DETERMINE,NOT APPLICABLE,5174,W,NORTH AVE,2533,,,,,,,2,NO INDICATION OF INJURY,0,0,0,0,0,2,0,16,3,8,41.9096127514,-87.7556552175,POINT (-87.755655217464 41.909612751365)
54906fc731fe869df79784085cea4b926cb7dc6e895245fcf7a1208d8f1fcb69a393c1e31666a5270596ed2597cb6eb78466cc2c4db4e306a36d29fe622a14e9,,08/12/2025 04:20:00 PM,30,TRAFFIC SIGNAL,FUNCTIONING PROPERLY,RAIN,DAWN,SIDESWIPE SAME DIRECTION,DIVIDED - W/MEDIAN BARRIER,,STRAIGHT AND LEVEL,WET,NO DEFECTS,ON SCENE,NO INJURY / DRIVE AWAY,,,,$500 OR LESS,08/12/2025 04:27:00 PM,UNABLE TO DETERMINE,NOT APPLICABLE,520,S,MICHIGAN AVE,123,,,,,,,2,NO INDICATION OF INJURY,0,0,0,0,0,2,0,16,3,8,41.8752598258,-87.6243966738,POINT (-87.624396673836 41.875259825819)
5bc8b1188f746436aab9b1a3ac0ad495b1d22aab6797f608e158716c29e73844bbfd698d30ce72d9570c38f5a1070166da73d7efdca99f6aefb2b1b293ca0246,,08/12/2025 04:20:00 PM,30,STOP SIGN/FLASHER,FUNCTIONING PROPERLY,RAIN,DAYLIGHT,PARKED MOTOR VEHICLE,NOT DIVIDED,,STRAIGHT AND LEVEL,WET,NO DEFECTS,NOT ON SCENE (DESK REPORT),NO INJURY / DRIVE AWAY,Y,,,"OVER $1,500",08/12/2025 05:15:00 PM,FOLLOWING TOO CLOSELY,FAILING TO REDUCE SPEED TO AVOID CRASH,4800,S,WHIPPLE ST,922,,,,,,,2,NO INDICATION OF INJURY,0,0,0,0,0,1,0,16,3,8,41.8062193558,-87.7004022368,POINT (-87.700402236781 41.806219355845)
8cb58bbe174fd7319ef18f6de6e281fb916f8058e23bd7dd956ddba68270d23a7519d795779e4cdb5854f8fd407afe90502e4dc7f202a373cde06b5d57544519,,08/12/2025 04:20:00 PM,30,NO CONTROLS,NO CONTROLS,RAIN,DAYLIGHT,FIXED OBJECT,ONE-WAY,,STRAIGHT AND LEVEL,WET,NO DEFECTS,ON SCENE,NO INJURY / DRIVE AWAY,,,Y,"OVER $1,500",08/12/2025 05:12:00 PM,UNABLE TO DETERMINE,UNABLE TO DETERMINE,10844,S,STATE LINE RD,432,,,,,,,2,NO INDICATION OF INJURY,0,0,0,0,0,2,0,16,3,8,41.6977193889,-87.5247673787,POINT (-87.524767378713 41.697719388895)
a3db565b9af03890cb443bfdd581e6c161ad1325d3e98a39264d0297252b5e8f5d386c99821703e5e6d95d791001483f512d837acf07c59858eec4e14df7429d,,08/12/2025 04:20:00 PM,30,TRAFFIC SIGNAL,FUNCTIONING PROPERLY,RAIN,DAYLIGHT,REAR END,DIVIDED - W/MEDIAN (NOT RAISED),,STRAIGHT AND LEVEL,WET,NO DEFECTS,NOT ON SCENE (DESK REPORT),NO INJURY / DRIVE AWAY,Y,,,"OVER $1,500",08/12/2025 04:30:00 PM,UNABLE TO DETERMINE,NOT APPLICABLE,39,W,MARQUETTE RD,722,,,,,,,2,NO INDICATION OF INJURY,0,0,0,0,0,2,0,16,3,8,41.7725763018,-87.626740364,POINT (-87.626740364026 41.772576301797)
3e861df0d2f99371ef8db4ad1e14ace042eae4bddf84f355e88d0b091ad3a720c1497dcc0ed682ce4bebe03004c3731cad56692711553f6dc3e079be8831745f,,08/12/2025 04:15:00 PM,30,TRAFFIC SIGNAL,UNKNOWN,UNKNOWN,DAYLIGHT,REAR END,NOT DIVIDED,,STRAIGHT AND LEVEL,UNKNOWN,UNKNOWN,NOT ON SCENE (DESK REPORT),NO INJURY / DRIVE AWAY,Y,,Y,"OVER $1,500",08/13/2025 09:00:00 AM,FOLLOWING TOO CLOSELY,FOLLOWING TOO CLOSELY,1201,S,COLUMBUS DR,132,,,,,,,2,NO INDICATION OF INJURY,0,0,0,0,0,2,0,16,3,8,41.8674707758,-87.6202190599,POINT (-87.620219059938 41.867470775841)
7ce89cefa70a8b5ae538fae0fb093af67f94d9b0037b5e709227c919f30b4ee85b41383ff68f2ad2fb27700a5dfc0e5245ce83d9a81b9ce80c50c9297dec49d2,,08/12/2025 04:15:00 PM,30,TRAFFIC SIGNAL,FUNCTIONING PROPERLY,RAIN,DAYLIGHT,REAR END,FOUR WAY,,STRAIGHT ON GRADE,WET,NO DEFECTS,ON SCENE,INJURY AND / OR TOW DUE TO CRASH,,,,"OVER $1,500",08/12/2025 04:26:00 PM,FOLLOWING TOO CLOSELY,NOT APPLICABLE,1601,W,PERSHING RD,924,,,,,,,2,"REPORTED, NOT EVIDENT",1,0,0,0,1,1,0,16,3,8,41.8230372573,-87.6657037592,POINT (-87.665703759172 41.823037257322)
c95268d3540fe0633862a762e9dcf2b3ce795fea134012f783c32db82b53467cfaac15c6b77b5835013d0e6139120f66cba4965fbc08ea935e5f5177ebfbbe57,,08/12/2025 04:15:00 PM,30,TRAFFIC SIGNAL,FUNCTIONING PROPERLY,RAIN,DAYLIGHT,REAR END,FOUR WAY,,STRAIGHT AND LEVEL,WET,NO DEFECTS,NOT ON SCENE (DESK REPORT),INJURY AND / OR TOW DUE TO CRASH,Y,,Y,"OVER $1,500",08/12/2025 07:45:00 PM,EQUIPMENT - VEHICLE CONDITION,UNABLE TO DETERMINE,2555,S,DAMEN AVE,1034,,,,N,,,3,NONINCAPACITATING INJURY,1,0,0,1,0,2,0,16,3,8,41.8452470025,-87.6755141393,POINT (-87.675514139255 41.845247002463)
f38a1426339287d2495e055833265c4fd2f1e429284c3572927803aa3a5a577223cb2bd150bf2c32aa8f537529e5b48684508047c0dfd161649a95b1f3862a5a,,08/12/2025 04:15:00 PM,30,NO CONTROLS,NO CONTROLS,RAIN,DAYLIGHT,SIDESWIPE SAME DIRECTION,NOT DIVIDED,,STRAIGHT AND LEVEL,WET,NO DEFECTS,ON SCENE,NO INJURY / DRIVE AWAY,,,,"OVER $1,500",08/12/2025 04:15:00 PM,IMPROPER OVERTAKING/PASSING,NOT APPLICABLE,840,N,LARRABEE ST,1822,,,,,,,2,NO INDICATION OF INJURY,0,0,0,0,0,2,0,16,3,8,41.8976748524,-87.6431225633,POINT (-87.643122563342 41.897674852449)
68c0efea500f6cdf82cec8d09e32ff6884ef5e130f9d52b8f75cc7546daddf9e4a2c91d353b07559443e7fee4c1daeedaed023ea2e3f7d4fabc51b5db2d580b8,,08/12/2025 04:10:00 PM,30,NO CONTROLS,NO CONTROLS,CLEAR,DAYLIGHT,PARKED MOTOR VEHICLE,PARKING LOT,,STRAIGHT AND LEVEL,DRY,NO DEFECTS,NOT ON SCENE (DESK REPORT),NO INJURY / DRIVE AWAY,,,Y,"OVER $1,500",08/12/2025 05:26:00 PM,IMPROPER BACKING,NOT APPLICABLE,1634,S,BLUE ISLAND AVE,1233,,,,,,,2,NO INDICATION OF INJURY,0,0,0,0,0,2,0,16,3,8,41.8588542142,-87.6604797807,POINT (-87.660479780727 41.858854214226)
8e712609524f912338df85a77ad1cda95f5c27afbcaaaf7b5de23aa038db5f942dd3638cf48f85a5780c080d504a2f1afb960e009038be6f0df895ac9c5841f7,,08/12/2025 04:02:00 PM,30,UNKNOWN,UNKNOWN,RAIN,DAYLIGHT,PEDESTRIAN,NOT DIVIDED,,STRAIGHT AND LEVEL,WET,UNKNOWN,ON SCENE,INJURY AND / OR TOW DUE TO CRASH,,,,"OVER $1,500",08/12/2025 04:11:00 PM,WEATHER,WEATHER,3751,N,BROADWAY,1925,,,,,,,2,NONINCAPACITATING INJURY,1,0,0,1,0,1,0,16,3,8,41.9505765164,-87.6490676222,POINT (-87.649067622232 41.950576516362)
f945e165570d2a1b0e412a7223010f76596a6fba639d3f378807308eff8c5c20d0a7f8e541fd4743e6652d30cbcf780d2c4f3dfc846c4014eadfee81a899edae,,08/12/2025 03:50:00 PM,30,TRAFFIC SIGNAL,FUNCTIONING PROPERLY,RAIN,DAYLIGHT,REAR END,FOUR WAY,,STRAIGHT AND LEVEL,WET,NO DEFECTS,ON SCENE,NO INJURY / DRIVE AWAY,,,,$500 OR LESS,08/12/2025 04:01:00 PM,WEATHER,WEATHER,3760,W,MADISON ST,1122,,,,,,,2,NO INDICATION OF INJURY,0,0,0,0,0,2,0,15,3,8,41.8809110835,-87.7198764739,POINT (-87.719876473853 41.880911083518)
c40b665d73e351c70632aebae64c399b7974360b7cf597460800aa05916b546a7c3ebb4798f75cf47047986deb00b5ac82509d227b2507729024bd2f5af80484,,08/12/2025 03:45:00 PM,30,NO CONTROLS,NO CONTROLS,CLOUDY/OVERCAST,DAYLIGHT,ANGLE,T-INTERSECTION,,STRAIGHT AND LEVEL,WET,UNKNOWN,NOT ON SCENE (DESK REPORT),NO INJURY / DRIVE AWAY,Y,,,"OVER $1,500",08/12/2025 04:50:00 PM,FAILING TO YIELD RIGHT-OF-WAY,NOT APPLICABLE,2455,W,FULLERTON AVE,1431,,Y,,,,,2,NO INDICATION OF INJURY,0,0,0,0,0,2,0,15,3,8,41.9247686196,-87.6898713576,POINT (-87.689871357614 41.924768619623)