CRASH_RECORD_ID,CRASH_DATE_EST_I,CRASH_DATE,POSTED_SPEED_LIMIT,TRAFFIC_CONTROL_DEVICE,DEVICE_CONDITION,WEATHER_CONDITION,LIGHTING_CONDITION,FIRST_CRASH_TYPE,TRAFFICWAY_TYPE,LANE_CNT,ALIGNMENT,ROADWAY_SURFACE_COND,ROAD_DEFECT,REPORT_TYPE,CRASH_TYPE,INTERSECTION_RELATED_I,NOT_RIGHT_OF_WAY_I,HIT_AND_RUN_I,DAMAGE,DATE_POLICE_NOTIFIED,PRIM_CONTRIBUTORY_CAUSE,SEC_CONTRIBUTORY_CAUSE,STREET_NO,STREET_DIRECTION,STREET_NAME,BEAT_OF_OCCURRENCE,PHOTOS_TAKEN_I,STATEMENTS_TAKEN_I,DOORING_I,WORK_ZONE_I,WORK_ZONE_TYPE,WORKERS_PRESENT_I,NUM_UNITS,MOST_SEVERE_INJURY,INJURIES_TOTAL,INJURIES_FATAL,INJURIES_INCAPACITATING,INJURIES_NON_INCAPACITATING,INJURIES_REPORTED_NOT_EVIDENT,INJURIES_NO_INDICATION,INJURIES_UNKNOWN,CRASH_HOUR,CRASH_DAY_OF_WEEK,CRASH_MONTH,LATITUDE,LONGITUDE,LOCATION
69c1d6baefa5e4a0df800e98b3756130ef2564bd990c6e964f3f11df1168f5c18909fdcc1e1507ccd8ad80512f839d156702a169809008586a06e4175d70d049,,08/12/2025 03:41:00 PM,25,TRAFFIC SIGNAL,FUNCTIONING PROPERLY,RAIN,DAYLIGHT,REAR END,TRAFFIC ROUTE,,STRAIGHT AND LEVEL,WET,NO DEFECTS,NOT ON SCENE (DESK REPORT),NO INJURY / DRIVE AWAY,,,,"$501 - $1,500",08/12/2025 04:45:00 PM,UNABLE TO DETERMINE,UNABLE TO DETERMINE,10598,S,INDIANAPOLIS AVE,432,,,,,,,2,NO INDICATION OF INJURY,0,0,0,0,0,3,0,15,3,8,41.7027212168,-87.5246906679,POINT (-87.524690667899 41.702721216802)
e333bdbaf27c1aa96269af496ecb94c54351b1b962d5d45845fb3817196b5b7de088b520decb22c455048826851a9fef95e6098183e83a6d41ef12bb84837a69,,08/12/2025 03:38:00 PM,30,NO CONTROLS,NO CONTROLS,RAIN,DAYLIGHT,PARKED MOTOR VEHICLE,NOT DIVIDED,,STRAIGHT AND LEVEL,WET,SHOULDER DEFECT,ON SCENE,NO INJURY / DRIVE AWAY,,,,"OVER $1,500",08/12/2025 04:50:00 PM,IMPROPER TURNING/NO SIGNAL,DRIVING SKILLS/KNOWLEDGE/EXPERIENCE,1343,E,76TH ST,411,,Y,,,,,2,NO INDICATION OF INJURY,0,0,0,0,0,2,0,15,3,8,41.7567864138,-87.591437379,POINT (-87.591437378977 41.756786413802)
edb959caa35162c4b55d1b7711e98905352633aee4889148ffe630cb24e553477c4d0ea62437b3122bb5ddb76471a34c937a7ecd4624049051eab6232f94d3fc,Y,08/12/2025 03:38:00 PM,30,UNKNOWN,UNKNOWN,RAIN,UNKNOWN,REAR END,NOT DIVIDED,,STRAIGHT AND LEVEL,WET,UNKNOWN,,INJURY AND / OR TOW DUE TO CRASH,,,,"OVER $1,500",08/12/2025 03:41:00 PM,UNABLE TO DETERMINE,UNABLE TO DETERMINE,5025,W,LAWRENCE AVE,1623,,,,,,,2,NO INDICATION OF INJURY,0,0,0,0,0,2,0,15,3,8,41.9678452025,-87.7536212232,POINT (-87.753621223195 41.967845202471)
030a62a0c90c6915b50d772e8637e4b2e37437da827ea42c9c4f538de8131b20062b415a0576d8f25cfd8e0b676bfd48d0937292f2bfeb555d9e1c9d11abf08a,,08/12/2025 03:30:00 PM,30,NO CONTROLS,NO CONTROLS,RAIN,DAYLIGHT,SIDESWIPE SAME DIRECTION,NOT DIVIDED,,STRAIGHT AND LEVEL,WET,UNKNOWN,NOT ON SCENE (DESK REPORT),NO INJURY / DRIVE AWAY,,,Y,"OVER $1,500",08/12/2025 04:15:00 PM,UNABLE TO DETERMINE,UNABLE TO DETERMINE,5700,S,LAKE SHORE DR,331,,,,,,,2,NO INDICATION OF INJURY,0,0,0,0,0,2,0,15,3,8,41.7914202821,-87.5801477687,POINT (-87.580147768689 41.791420282098)
2007d0003aef3668db8e5bb229aa295b69623434fb0eb554aa127bcd5769d3a543e9ba2b5f0d3c9cfbd45bd3ba610d181c6a52437518552fd951aab2485efd2c,,08/12/2025 03:30:00 PM,30,NO CONTROLS,NO CONTROLS,RAIN,DAYLIGHT,PARKED MOTOR VEHICLE,ONE-WAY,,STRAIGHT AND LEVEL,WET,NO DEFECTS,ON SCENE,NO INJURY / DRIVE AWAY,,,Y,"OVER $1,500",08/12/2025 05:50:00 PM,UNABLE TO DETERMINE,NOT APPLICABLE,2732,S,CHRISTIANA AVE,1032,,,,,,,2,NO INDICATION OF INJURY,0,0,0,0,0,1,0,15,3,8,41.841641728,-87.7087604589,POINT (-87.708760458881 41.841641727983)
6970fceb4b471b330802a7aadb99397e6d7c43bbf6a9fab5132d33229808c200b569b900a73bbe390e26da6ab1de7c26a1b0408232cbab279594d0de970a6707,,08/12/2025 03:30:00 PM,30,NO CONTROLS,NO CONTROLS,CLEAR,DAYLIGHT,REAR END,NOT DIVIDED,,STRAIGHT AND LEVEL,WET,NO DEFECTS,NOT ON SCENE (DESK REPORT),NO INJURY / DRIVE AWAY,,,,"OVER $1,500",08/12/2025 04:25:00 PM,FOLLOWING TOO CLOSELY,FAILING TO REDUCE SPEED TO AVOID CRASH,3046,W,71ST ST,831,,,,,,,2,NO INDICATION OF INJURY,0,0,0,0,0,2,0,15,3,8,41.764535341,-87.6998006061,POINT (-87.699800606137 41.764535340977)
98055b358392e62bea0e7b23e472c569c04b51cd424605c4a4f5dd3235be76be20d8d53f879df0027f67fd7597b574835b9469a13e291185d8a5ef7bb26f5497,,08/12/2025 03:30:00 PM,30,TRAFFIC SIGNAL,FUNCTIONING PROPERLY,RAIN,DAYLIGHT,TURNING,NOT DIVIDED,,STRAIGHT AND LEVEL,WET,NO DEFECTS,NOT ON SCENE (DESK REPORT),NO INJURY / DRIVE AWAY,,,,"OVER $1,500",08/13/2025 09:55:00 AM,UNABLE TO DETERMINE,NOT APPLICABLE,3100,S,KOSTNER AVE,1031,,,,,,,2,NO INDICATION OF INJURY,0,0,0,0,0,4,0,15,3,8,41.8367505188,-87.7342176265,POINT (-87.734217626459 41.836750518772)
aee8f3803d80312f6b80f62083c874f550394646af446c92930bbbc1d991d501282b38c0a3319e85c41dc447469f95aa0842c8309f3297176109b8a50d7ef6fa,,08/12/2025 03:30:00 PM,30,NO CONTROLS,UNKNOWN,CLEAR,DAYLIGHT,REAR END,ONE-WAY,,STRAIGHT AND LEVEL,DRY,NO DEFECTS,NOT ON SCENE (DESK REPORT),NO INJURY / DRIVE AWAY,,,Y,"OVER $1,500",08/13/2025 08:11:00 PM,FOLLOWING TOO CLOSELY,NOT APPLICABLE,8640,S,LAFAYETTE AVE,622,,,,,,,2,NO INDICATION OF INJURY,0,0,0,0,0,2,0,15,3,8,41.7368701664,-87.6256072906,POINT (-87.62560729062 41.736870166364)
bc466dd6b92081e3f488028eeac23d7818d252b0a8c7d6baea128d3e7e4239aef4f5809661461a149e15df56891045fe989e064b66025debb143bc8ca0857277,,08/12/2025 03:30:00 PM,30,TRAFFIC SIGNAL,FUNCTIONING PROPERLY,RAIN,DAYLIGHT,REAR END,FOUR WAY,,STRAIGHT AND LEVEL,WET,NO DEFECTS,ON SCENE,NO INJURY / DRIVE AWAY,Y,,,"$501 - $1,500",08/12/2025 05:30:00 PM,FAILING TO REDUCE SPEED TO AVOID CRASH,FOLLOWING TOO CLOSELY,4200,W,FULLERTON AVE,2524,,,,,,,2,NO INDICATION OF INJURY,0,0,0,0,0,3,0,15,3,8,41.9245348004,-87.7317300938,POINT (-87.731730093759 41.924534800435)
5c3576c0384630db1174b0d697a8c941007cc607434ede0057bf692c96f39949418170ca9048d682e24b4c2c64c3d0c02136486deec394eb399c8183a8ceeda9,,08/12/2025 03:24:00 PM,30,TRAFFIC SIGNAL,FUNCTIONING IMPROPERLY,RAIN,DAYLIGHT,ANGLE,FOUR WAY,,STRAIGHT AND LEVEL,WET,NO DEFECTS,ON SCENE,INJURY AND / OR TOW DUE TO CRASH,Y,,,"OVER $1,500",08/12/2025 03:28:00 PM,DISREGARDING TRAFFIC SIGNALS,NOT APPLICABLE,8300,S,DR MARTIN LUTHER KING JR DR,632,,,,,,,2,NONINCAPACITATING INJURY,1,0,0,1,0,1,0,15,3,8,41.7437109663,-87.6148811193,POINT (-87.614881119323 41.743710966316)
fe461045beb7271ec71d1f0e53cc8f98b0573814f6ff845183a2a516dae799620031eeb0ac41234cb6abb2d468d944121237a3aa671c01fe551533a19d1546ec,,08/12/2025 03:15:00 PM,30,TRAFFIC SIGNAL,FUNCTIONING PROPERLY,CLEAR,DAYLIGHT,TURNING,DIVIDED - W/MEDIAN (NOT RAISED),,STRAIGHT AND LEVEL,WET,NO DEFECTS,NOT ON SCENE (DESK REPORT),NO INJURY / DRIVE AWAY,,,,"$501 - $1,500",08/22/2025 05:20:00 PM,FOLLOWING TOO CLOSELY,NOT APPLICABLE,339,N,COLUMBUS DR,114,,,,,,,2,NO INDICATION OF INJURY,0,0,0,0,0,2,0,15,3,8,41.8877583368,-87.6205374165,POINT (-87.62053741652 41.887758336823)
5e4599a521a1f83b8e3ee57d0aa0e939bc7df627a06145ffbf92416561880428194bb25fcaa23d17251ab47c4fc50268e1fe17e1bfc2d47d14fcf3dadbb5ab9b,,08/12/2025 03:00:00 PM,30,STOP SIGN/FLASHER,FUNCTIONING PROPERLY,RAIN,DAYLIGHT,REAR END,NOT DIVIDED,,STRAIGHT AND LEVEL,WET,NO DEFECTS,ON SCENE,NO INJURY / DRIVE AWAY,,,Y,"OVER $1,500",08/12/2025 03:35:00 PM,FOLLOWING TOO CLOSELY,UNABLE TO DETERMINE,1140,W,MARQUETTE RD,724,,,,,,,2,NO INDICATION OF INJURY,0,0,0,0,0,3,0,15,3,8,41.7724548151,-87.6534960121,POINT (-87.653496012134 41.772454815072)
a8ce7aaafb2f8f98fe6fe93556105af0e27b6f46a2b57e0b7930c9ea4c35fa1fbdb2036d2dedfc00bcedf15dc82344544b648589ab8c97bdeb321390f184ea18,,08/12/2025 03:00:00 PM,30,TRAFFIC SIGNAL,FUNCTIONING PROPERLY,RAIN,DAYLIGHT,REAR END,NOT DIVIDED,,STRAIGHT AND LEVEL,WET,NO DEFECTS,NOT ON SCENE (DESK REPORT),NO INJURY / DRIVE AWAY,,,,"$501 - $1,500",08/13/2025 01:50:00 PM,FOLLOWING TOO CLOSELY,UNABLE TO DETERMINE,6411,W,IRVING PARK RD,1632,,,,,,,2,NO INDICATION OF INJURY,0,0,0,0,0,2,0,15,3,8,41.9528005749,-87.7870547511,POINT (-87.787054751059 41.952800574947)
7a26cab8d8a4c55b9ae978453398fb69c9c45ba3bc0ba5dbf174bb53968b32efeb85f92a2f249b15ed0232832535a045fea598134f7429618a21eac34cde0c74,,08/12/2025 02:45:00 PM,15,NO CONTROLS,NO CONTROLS,CLEAR,DAYLIGHT,PARKED MOTOR VEHICLE,PARKING LOT,,STRAIGHT AND LEVEL,DRY,NO DEFECTS,NOT ON SCENE (DESK REPORT),NO INJURY / DRIVE AWAY,,,,"OVER $1,500",08/12/2025 03:15:00 PM,UNABLE TO DETERMINE,UNABLE TO DETERMINE,3108,S,HALSTED ST,913,,,,,,,2,NO INDICATION OF INJURY,0,0,0,0,0,1,0,14,3,8,41.8377364586,-87.6464167637,POINT (-87.646416763692 41.837736458648)
3c46c56e188c5f64fd76fefd1f991fe3e52b3d3e9c2634e21113baefb5e923e277ee1afffc3d0000748a281cd676c05391cb230c95d14b8dcabb552af3977a5f,,08/12/2025 02:40:00 PM,30,TRAFFIC SIGNAL,FUNCTIONING PROPERLY,CLEAR,DAYLIGHT,SIDESWIPE SAME DIRECTION,ONE-WAY,,STRAIGHT AND LEVEL,DRY,NO DEFECTS,NOT ON SCENE (DESK REPORT),NO INJURY / DRIVE AWAY,N,,,"OVER $1,500",08/12/2025 04:00:00 PM,UNABLE TO DETERMINE,UNABLE TO DETERMINE,265,E,SUPERIOR ST,1834,,,,,,,2,NO INDICATION OF INJURY,0,0,0,0,0,2,0,14,3,8,41.8956849804,-87.6204626896,POINT (-87.620462689579 41.895684980428)
218ba6bd80b1e8f55c77c0873008c3fbaa541e34c101761f7274f4654724eac9d794500e6bcb6f73362d19ed5571d6858b4810738299ddc2d88b71920ca35561,,08/12/2025 02:38:00 PM,30,NO CONTROLS,NO CONTROLS,CLOUDY/OVERCAST,DAYLIGHT,REAR END,NOT DIVIDED,,STRAIGHT AND LEVEL,WET,UNKNOWN,ON SCENE,NO INJURY / DRIVE AWAY,,,,"OVER $1,500",08/12/2025 02:38:00 PM,FAILING TO REDUCE SPEED TO AVOID CRASH,DRIVING SKILLS/KNOWLEDGE/EXPERIENCE,1400,W,NORTH AVE,1433,,,,,,,2,NO INDICATION OF INJURY,0,0,0,0,0,2,0,14,3,8,41.9108068192,-87.6631049341,POINT (-87.66310493406 41.910806819199)
bdab32ef6b550076f3779d88a2850d1ce3e49b828876dde4795e6ef2bb5eb9a30bec9bf73cb90dc3c7fab625a3af53e332218d302409113d945fae79ba2385f7,,08/12/2025 02:37:00 PM,30,NO CONTROLS,NO CONTROLS,CLEAR,DAYLIGHT,FIXED OBJECT,NOT DIVIDED,,STRAIGHT AND LEVEL,WET,NO DEFECTS,ON SCENE,NO INJURY / DRIVE AWAY,Y,,,"OVER $1,500",08/12/2025 03:10:00 PM,FAILING TO REDUCE SPEED TO AVOID CRASH,UNABLE TO DETERMINE,4701,W,LAKE ST,1113,,,,,,,1,NO INDICATION OF INJURY,0,0,0,0,0,1,0,14,3,8,41.8863562324,-87.7431704228,POINT (-87.743170422752 41.886356232378)
1f4c0116751c9cab959f471c8182dacf48e7b06bc06a179ca66fc798895f39470cd8a37a371bcd5d890be9478637cc7c23eacb648760b0356a280482a79455fb,,08/12/2025 02:36:00 PM,20,NO CONTROLS,NO CONTROLS,RAIN,DAYLIGHT,PARKED MOTOR VEHICLE,NOT DIVIDED,,STRAIGHT AND LEVEL,WET,NO DEFECTS,ON SCENE,NO INJURY / DRIVE AWAY,,,Y,"OVER $1,500",08/12/2025 03:38:00 PM,UNABLE TO DETERMINE,UNABLE TO DETERMINE,8031,S,CENTRAL PARK AVE,834,,,,,,,2,NO INDICATION OF INJURY,0,0,0,0,0,1,0,14,3,8,41.7468715239,-87.7116713038,POINT (-87.711671303839 41.746871523923)
3f9b25dccda455420220600cc79faf5127ee36a4b7097b7738706dde082fd0fa1ea4ffae95dbdfbaf885b7c9759b7b5e424924973c6e093f14e505d46107fa5e,,08/12/2025 02:34:00 PM,20,NO CONTROLS,NO CONTROLS,UNKNOWN,DAYLIGHT,SIDESWIPE SAME DIRECTION,ONE-WAY,,STRAIGHT AND LEVEL,UNKNOWN,NO DEFECTS,NOT ON SCENE (DESK REPORT),NO INJURY / DRIVE AWAY,,,,"$501 - $1,500",08/12/2025 03:15:00 PM,FAILING TO YIELD RIGHT-OF-WAY,NOT APPLICABLE,8627,S,VERNON AVE,632,,,,,,,2,NO INDICATION OF INJURY,0,0,0,0,0,2,0,14,3,8,41.7375293331,-87.6127868589,POINT (-87.612786858929 41.737529333109)
124b708ad2c0a845306264abd55828ac14313a52284ceddf4a34143ce2d05d9239e577faa3d61c5793e87f6c2d41515f0d3a86006cf920844ad66d2a2fcd9069,,08/12/2025 02:30:00 PM,25,TRAFFIC SIGNAL,FUNCTIONING PROPERLY,RAIN,DAYLIGHT,TURNING,NOT DIVIDED,,STRAIGHT AND LEVEL,WET,NO DEFECTS,NOT ON SCENE (DESK REPORT),INJURY AND / OR TOW DUE TO CRASH,Y,,,"OVER $1,500",08/12/2025 02:35:00 PM,UNABLE TO DETERMINE,UNABLE TO DETERMINE,5500,S,WESTERN AVE,824,,,,,,,2,NO INDICATION OF INJURY,0,0,0,0,0,2,0,14,3,8,41.7933705543,-87.6841753768,POINT (-87.684175376759 41.79337055433)
c066ba48e3ba3122f143eeafefe2f6673613d4659607f6cfef0b220b6f65d77f39a31e9c1c814280b985d52a72cc678419b887d066b9034e50a34ec43ba730c1,,08/12/2025 02:25:00 PM,30,NO CONTROLS,NO CONTROLS,CLEAR,DAYLIGHT,SIDESWIPE SAME DIRECTION,NOT DIVIDED,,STRAIGHT AND LEVEL,DRY,NO DEFECTS,NOT ON SCENE (DESK REPORT),NO INJURY / DRIVE AWAY,,,,"OVER $1,500",08/12/2025 02:47:00 PM,UNABLE TO DETERMINE,UNABLE TO DETERMINE,3905,S,HALSTED ST,925,,,,,,,2,NO INDICATION OF INJURY,0,0,0,0,0,3,0,14,3,8,41.823254563,-87.6457707085,POINT (-87.645770708482 41.823254562974)
2c3ecb3dc34d200fa00ebbd313223513bc5fbb0d4eae545051a39dd3cd39f216fe1a1fd63faa5718ed4ea0dcf37fec12973f6c404b30797f6f45b75cdc46bae1,,08/12/2025 02:24:00 PM,30,TRAFFIC SIGNAL,FUNCTIONING PROPERLY,RAIN,DAYLIGHT,TURNING,FOUR WAY,,STRAIGHT AND LEVEL,WET,NO DEFECTS,,INJURY AND / OR TOW DUE TO CRASH,Y,,,"OVER $1,500",08/12/2025 04:20:00 PM,DISREGARDING TRAFFIC SIGNALS,UNABLE TO DETERMINE,107,E,IDA B WELLS DR,114,,,,,,,2,NONINCAPACITATING INJURY,2,0,0,2,0,1,0,14,3,8,41.8756183884,-87.624000927,POINT (-87.624000926976 41.875618388352)
399f156ab96f0b004ac033c4449ecdf22f26249a30a1b0d7ebddff1d242fa21436c8bcfa85d2d941f96ba2cac4df2291aab80ad09fdae2778ddc71319379fbe0,,08/12/2025 02:20:00 PM,15,NO CONTROLS,NO CONTROLS,RAIN,UNKNOWN,TURNING,NOT DIVIDED,,STRAIGHT AND LEVEL,WET,UNKNOWN,ON SCENE,NO INJURY / DRIVE AWAY,,,Y,"OVER $1,500",08/13/2025 07:40:00 AM,FAILING TO YIELD RIGHT-OF-WAY,WEATHER,2369,N,NORMANDY AVE,2512,,,,,,,2,NO INDICATION OF INJURY,0,0,0,0,0,2,0,14,3,8,41.9232189272,-87.7922483629,POINT (-87.792248362876 41.923218927157)
bb339b65b9a344413b9a316bdce64d4781a62e1293c92bce4e915e9bb7b8f4d46044d7436c2493cb4c89657a1c6d227aac92395ed244063cf4057bbd5a384fc6,,08/12/2025 02:20:00 PM,30,STOP SIGN/FLASHER,FUNCTIONING PROPERLY,CLEAR,DAYLIGHT,ANGLE,T-INTERSECTION,,STRAIGHT AND LEVEL,DRY,NO DEFECTS,NOT ON SCENE (DESK REPORT),INJURY AND / OR TOW DUE TO CRASH,,,,"OVER $1,500",08/12/2025 04:00:00 PM,FAILING TO YIELD RIGHT-OF-WAY,UNABLE TO DETERMINE,3196,N,NAGLE AVE,2511,,,,,,,2,"REPORTED, NOT EVIDENT",1,0,0,0,1,1,0,14,3,8,41.9382060381,-87.7872961572,POINT (-87.787296157159 41.938206038051)
f6ecb96d44efbe70fdb9d4c6c2fce387f55223de4c25ae165a6255493143c70d340e781e267afa680a4596489058e944448c795c6ea34c575114f1c269f5813c,Y,08/12/2025 02:20:00 PM,25,TRAFFIC SIGNAL,UNKNOWN,UNKNOWN,DAYLIGHT,TURNING,NOT DIVIDED,,STRAIGHT AND LEVEL,UNKNOWN,UNKNOWN,NOT ON SCENE (DESK REPORT),NO INJURY / DRIVE AWAY,Y,,,"OVER $1,500",08/12/2025 03:00:00 PM,UNABLE TO DETERMINE,UNABLE TO DETERMINE,1,N,CICERO AVE,1113,,,,,,,2,NO INDICATION OF INJURY,0,0,0,0,0,2,0,14,3,8,41.8805669932,-87.7451331943,POINT (-87.745133194265 41.880566993238)
ed9a1ad971cd1df45c618722850b3234b0f3ee0681fffb4dce869041e3accd74608464454c00c46d0413403306cabd433a17b336689bd26b556c80094d4f2e44,,08/12/2025 02:17:00 PM,30,NO CONTROLS,NO CONTROLS,RAIN,DAYLIGHT,ANGLE,OTHER,,STRAIGHT AND LEVEL,WET,NO DEFECTS,ON SCENE,INJURY AND / OR TOW DUE TO CRASH,,,,"OVER $1,500",08/12/2025 02:17:00 PM,IMPROPER LANE USAGE,IMPROPER OVERTAKING/PASSING,5425,S,PULASKI RD,822,,,,,,,2,NONINCAPACITATING INJURY,5,0,0,5,0,0,0,14,3,8,41.7942742617,-87.7230433945,POINT (-87.723043394499 41.794274261747)
743a25f4cc926b9e83ddb5ad705de65602f1e2389c6e9e7ee10dbcae6ed1af9d5967313261ce27b888e339e3ef3b41f4b5ccb5399844247033af62596110d636,,08/12/2025 02:15:00 PM,25,STOP SIGN/FLASHER,FUNCTIONING PROPERLY,CLEAR,DAYLIGHT,ANGLE,FOUR WAY,,STRAIGHT AND LEVEL,UNKNOWN,NO DEFECTS,ON SCENE,NO INJURY / DRIVE AWAY,Y,,,"$501 - $1,500",08/12/2025 02:27:00 PM,DISREGARDING STOP SIGN,FAILING TO YIELD RIGHT-OF-WAY,2700,S,KEDZIE AVE,1032,,,,,,,2,NO INDICATION OF INJURY,0,0,0,0,0,2,0,14,3,8,41.8426025264,-87.7051278107,POINT (-87.705127810739 41.842602526365)
c207585a28a71a28a3e8318470a1bc15cbcab0dfd7b3f1fa25f44becd1af14846974a474cad56e4ec1daad0e62bdf94f86f583513482a59747934104f0a380f0,,08/12/2025 02:12:00 PM,30,NO CONTROLS,FUNCTIONING PROPERLY,RAIN,DAYLIGHT,REAR END,NOT DIVIDED,,STRAIGHT AND LEVEL,WET,NO DEFECTS,ON SCENE,INJURY AND / OR TOW DUE TO CRASH,,,,"OVER $1,500",08/12/2025 02:36:00 PM,WEATHER,FOLLOWING TOO CLOSELY,5352,N,ELSTON AVE,1623,,,,,,,2,NO INDICATION OF INJURY,0,0,0,0,0,2,0,14,3,8,41.9785713155,-87.7573901001,POINT (-87.757390100076 41.978571315477)
7d6f05750ca97fcb539b94f265e7c972bc65479990fe457451d9fafff221b2f2d3d4f2dcf8a18c7965a3e23dd366a3af47540cc90c3825e1d0dd26b680dac18f,,08/12/2025 02:10:00 PM,30,NO CONTROLS,NO CONTROLS,CLOUDY/OVERCAST,DAYLIGHT,TURNING,PARKING LOT,,STRAIGHT AND LEVEL,UNKNOWN,UNKNOWN,NOT ON SCENE (DESK REPORT),NO INJURY / DRIVE AWAY,,,,"$501 - $1,500",08/12/2025 03:02:00 PM,FAILING TO YIELD RIGHT-OF-WAY,NOT APPLICABLE,5700,S,LAKE SHORE DR,331,,,,,,,2,NO INDICATION OF INJURY,0,0,0,0,0,2,0,14,3,8,41.7914202821,-87.5801477687,POINT (-87.580147768689 41.791420282098)
6c9fd13c5c7c74e4a28608e0d0626c8b32b7212a1192b9274726c842c73c5f9ba45d98496402b65f7615a1acd7b95bfa4b6189ac53c4f1ead226abd9d7a2e131,,08/12/2025 02:04:00 PM,25,NO CONTROLS,NO CONTROLS,RAIN,DAYLIGHT,PEDALCYCLIST,NOT DIVIDED,,STRAIGHT AND LEVEL,WET,NO DEFECTS,ON SCENE,INJURY AND / OR TOW DUE TO CRASH,,,,$500 OR LESS,08/12/2025 02:04:00 PM,UNABLE TO DETERMINE,NOT APPLICABLE,2438,N,CLARK ST,1935,N,,Y,,,,2,INCAPACITATING INJURY,1,0,1,0,0,0,0,14,3,8,41.9265544028,-87.6412290761,POINT (-87.641229076094 41.92655440283)
95d12f8c763e4b4303e30e71e120c4ceb4f81aa1de6c8914a434a0fd21a44e59f61038a25a695857973f56461a381eafbef2f264ca1e5fa483af53533d2462b0,,08/12/2025 02:00:00 PM,30,NO CONTROLS,NO CONTROLS,RAIN,DAYLIGHT,PARKED MOTOR VEHICLE,NOT DIVIDED,,STRAIGHT AND LEVEL,WET,NO DEFECTS,,NO INJURY / DRIVE AWAY,,,,"OVER $1,500",08/12/2025 02:00:00 PM,DISTRACTION - FROM INSIDE VEHICLE,DISTRACTION - FROM INSIDE VEHICLE,726,E,48TH ST,223,,,,,,,2,NO INDICATION OF INJURY,0,0,0,0,0,1,0,14,3,8,41.8078059894,-87.6078123248,POINT (-87.607812324792 41.807805989397)
f78f07fcaa72245292429f152b3dac46e2d9f20a0c3a4adf1b5bb57a1350d8d5dca327e5884d456058a95b93ddbed19bd5b38d0daa8553994fe8290123055198,Y,08/12/2025 02:00:00 PM,25,UNKNOWN,UNKNOWN,UNKNOWN,UNKNOWN,PARKED MOTOR VEHICLE,NOT DIVIDED,,STRAIGHT AND LEVEL,UNKNOWN,UNKNOWN,NOT ON SCENE (DESK REPORT),NO INJURY / DRIVE AWAY,,,N,"$501 - $1,500",08/26/2025 06:00:00 PM,UNABLE TO DETERMINE,UNABLE TO DETERMINE,1529,W,ROSEMONT AVE,2433,,,,,,,2,NO INDICATION OF INJURY,0,0,0,0,0,1,0,14,3,8,41.9962943087,-87.6689650786,POINT (-87.668965078638 41.996294308745)
4499a8acda4f54ad49411e672ec1af4c0a64e2f7a2d5a742e39fd8eda6d7b5250e88a032c8c4ff816fd658ba5d6621dba585f76b41483027a5d42fb3382d3588,,08/12/2025 01:51:00 PM,30,NO CONTROLS,NO CONTROLS,RAIN,DAYLIGHT,PARKED MOTOR VEHICLE,ALLEY,,STRAIGHT AND LEVEL,WET,NO DEFECTS,ON SCENE,NO INJURY / DRIVE AWAY,,,N,"OVER $1,500",08/12/2025 01:52:00 PM,DRIVING SKILLS/KNOWLEDGE/EXPERIENCE,NOT APPLICABLE,932,W,WILSON AVE,1914,,Y,,,,,2,NO INDICATION OF INJURY,0,0,0,0,0,1,0,13,3,8,41.9655553911,-87.6537075262,POINT (-87.653707526216 41.965555391103)
651145cdb0bccc4a28944743b74e8a8551f70e6b2567d634b177f7f4317b096b169efbcaa8ef9b6e66d6a283e70411012fa45b1df815ae2b5d72209673521224,,08/12/2025 01:50:00 PM,30,STOP SIGN/FLASHER,NO CONTROLS,RAIN,DAYLIGHT,REAR END,DIVIDED - W/MEDIAN (NOT RAISED),,STRAIGHT AND LEVEL,WET,NO DEFECTS,NOT ON SCENE (DESK REPORT),NO INJURY / DRIVE AWAY,,,,"OVER $1,500",08/12/2025 02:30:00 PM,UNABLE TO DETERMINE,NOT APPLICABLE,7154,S,JEFFERY BLVD,333,,,,,,,2,NO INDICATION OF INJURY,0,0,0,0,0,4,0,13,3,8,41.7644924185,-87.5764114503,POINT (-87.576411450261 41.764492418494)
58c561d2d939dddfe8f3cd21a48ed90c80a570e7c02331ea3aa4c014ff5f7fe4745119eaa653380d71fea12bd971bf31b19277c4b3a655ed4d09e3d47893c7c8,,08/12/2025 01:41:00 PM,30,NO CONTROLS,NO CONTROLS,CLEAR,DAYLIGHT,REAR END,OTHER,,STRAIGHT AND LEVEL,DRY,NO DEFECTS,NOT ON SCENE (DESK REPORT),NO INJURY / DRIVE AWAY,,,,$500 OR LESS,08/13/2025 06:00:00 PM,IMPROPER BACKING,NOT APPLICABLE,6417,W,HIGGINS AVE,1613,,,,,,,2,NO INDICATION OF INJURY,0,0,0,0,0,2,0,13,3,8,41.9764216009,-87.7886476058,POINT (-87.788647605786 41.976421600884)
114e67f0d158583668dc1e74b18fea37d9c11e91e5aa36038190e8b66e6d621854e5b394ad55090bab5a36936b1b2d773880e5b3ff5d48b11c270469399c15b2,Y,08/12/2025 01:40:00 PM,25,TRAFFIC SIGNAL,UNKNOWN,UNKNOWN,UNKNOWN,PEDALCYCLIST,FOUR WAY,,STRAIGHT AND LEVEL,UNKNOWN,NO DEFECTS,ON SCENE,INJURY AND / OR TOW DUE TO CRASH,Y,,Y,"OVER $1,500",08/14/2025 03:44:00 PM,IMPROPER TURNING/NO SIGNAL,DRIVING SKILLS/KNOWLEDGE/EXPERIENCE,500,S,WABASH AVE,123,,,,,,,2,"REPORTED, NOT EVIDENT",1,0,0,0,1,1,0,13,3,8,41.8756225408,-87.6261727387,POINT (-87.626172738716 41.875622540805)