CRASH_RECORD_ID,CRASH_DATE_EST_I,CRASH_DATE,POSTED_SPEED_LIMIT,TRAFFIC_CONTROL_DEVICE,DEVICE_CONDITION,WEATHER_CONDITION,LIGHTING_CONDITION,FIRST_CRASH_TYPE,TRAFFICWAY_TYPE,LANE_CNT,ALIGNMENT,ROADWAY_SURFACE_COND,ROAD_DEFECT,REPORT_TYPE,CRASH_TYPE,INTERSECTION_RELATED_I,NOT_RIGHT_OF_WAY_I,HIT_AND_RUN_I,DAMAGE,DATE_POLICE_NOTIFIED,PRIM_CONTRIBUTORY_CAUSE,SEC_CONTRIBUTORY_CAUSE,STREET_NO,STREET_DIRECTION,STREET_NAME,BEAT_OF_OCCURRENCE,PHOTOS_TAKEN_I,STATEMENTS_TAKEN_I,DOORING_I,WORK_ZONE_I,WORK_ZONE_TYPE,WORKERS_PRESENT_I,NUM_UNITS,MOST_SEVERE_INJURY,INJURIES_TOTAL,INJURIES_FATAL,INJURIES_INCAPACITATING,INJURIES_NON_INCAPACITATING,INJURIES_REPORTED_NOT_EVIDENT,INJURIES_NO_INDICATION,INJURIES_UNKNOWN,CRASH_HOUR,CRASH_DAY_OF_WEEK,CRASH_MONTH,LATITUDE,LONGITUDE,LOCATION
05ea8eeade1935c6fc3540bc403312c777a31b68f4df9ea2933402c00491a56646ee36bd43b474379c567607fdf6c7d624273acfbbc08d94dd3c898a3799c620,,08/12/2025 01:37:00 PM,30,TRAFFIC SIGNAL,FUNCTIONING PROPERLY,RAIN,DAYLIGHT,SIDESWIPE SAME DIRECTION,DIVIDED - W/MEDIAN (NOT RAISED),,STRAIGHT AND LEVEL,WET,NO DEFECTS,ON SCENE,NO INJURY / DRIVE AWAY,,,,"OVER $1,500",08/12/2025 01:38:00 PM,UNABLE TO DETERMINE,DRIVING SKILLS/KNOWLEDGE/EXPERIENCE,5458,S,CENTRAL AVE,811,,,,,,,2,NO INDICATION OF INJURY,0,0,0,0,0,2,0,13,3,8,41.7928237325,-87.7624505723,POINT (-87.762450572332 41.792823732509)
bf6e5256eb9745bea9c8811a440b6666a1ec83fccfb20f762f18c0014af5ce5e598d605e866603bae841a8bb221b20bf50e9e4fd6ba7b3b08d4e2c915cc3f7c9,,08/12/2025 01:36:00 PM,30,NO CONTROLS,NO CONTROLS,CLEAR,DAYLIGHT,PARKED MOTOR VEHICLE,ONE-WAY,,STRAIGHT AND LEVEL,DRY,UNKNOWN,ON SCENE,NO INJURY / DRIVE AWAY,Y,,,$500 OR LESS,08/12/2025 01:36:00 PM,UNABLE TO DETERMINE,UNABLE TO DETERMINE,4314,W,DICKENS AVE,2522,,,,,,,2,NO INDICATION OF INJURY,0,0,0,0,0,1,0,13,3,8,41.9190092199,-87.734601217,POINT (-87.73460121701 41.91900921994)
cb709a586a82d9e80b3c31bb420c7889c0bb6cdb5759914c4997171aec1ace1caee6801e6b77b89ec84a412aa30d42c69402dcddb2748870d7435312c486c9c5,,08/12/2025 01:35:00 PM,30,UNKNOWN,UNKNOWN,UNKNOWN,DAYLIGHT,SIDESWIPE SAME DIRECTION,UNKNOWN,,STRAIGHT AND LEVEL,OTHER,UNKNOWN,NOT ON SCENE (DESK REPORT),NO INJURY / DRIVE AWAY,,,,"OVER $1,500",08/12/2025 03:20:00 PM,UNABLE TO DETERMINE,UNABLE TO DETERMINE,5998,N,ROGERS AVE,1711,,,,,,,2,NO INDICATION OF INJURY,0,0,0,0,0,2,0,13,3,8,41.9900670491,-87.7330414099,POINT (-87.733041409916 41.990067049143)
037e2e064f3be9f26dd18c7619713248495be84af7377102a9296f7b12ee9cc991c53cec925428e4420bcfce65646290c7ecbaee218878b876a9cdecfd5339a5,,08/12/2025 01:33:00 PM,30,UNKNOWN,UNKNOWN,UNKNOWN,DAYLIGHT,TURNING,DIVIDED - W/MEDIAN (NOT RAISED),,STRAIGHT AND LEVEL,UNKNOWN,UNKNOWN,NOT ON SCENE (DESK REPORT),NO INJURY / DRIVE AWAY,,,,"OVER $1,500",08/14/2025 09:00:00 PM,UNABLE TO DETERMINE,DRIVING SKILLS/KNOWLEDGE/EXPERIENCE,2389,N,CICERO AVE,2522,,,,,,,2,NO INDICATION OF INJURY,0,0,0,0,0,2,0,13,3,8,41.9241961695,-87.7461533375,POINT (-87.746153337491 41.92419616948)
4f6eaf1d0ecb9af9f26536b7079b40f5b4694dff1a3042dac11119bc488c064f949d7c4e8c086d0d4ccacd83d054d06fc48e2ee103d66da8def5851e43f849ae,,08/12/2025 01:30:00 PM,30,STOP SIGN/FLASHER,FUNCTIONING PROPERLY,CLEAR,DAYLIGHT,REAR END,NOT DIVIDED,,STRAIGHT AND LEVEL,DRY,NO DEFECTS,NOT ON SCENE (DESK REPORT),NO INJURY / DRIVE AWAY,Y,,,"OVER $1,500",08/12/2025 01:45:00 PM,FOLLOWING TOO CLOSELY,FAILING TO REDUCE SPEED TO AVOID CRASH,2100,W,83RD ST,614,,,,,,,2,NO INDICATION OF INJURY,0,0,0,0,0,3,0,13,3,8,41.7430197344,-87.6754677369,POINT (-87.675467736851 41.743019734353)
71087816727cff07b83b27f11e563b9df2c30a5d4e5a3a5fa52560c6a23ccaf860bba830b0d7b552626a91d03b5ebb3643829694cfad5c89a8b0f33186f87281,,08/12/2025 01:30:00 PM,30,UNKNOWN,UNKNOWN,RAIN,DAYLIGHT,SIDESWIPE SAME DIRECTION,NOT DIVIDED,,STRAIGHT AND LEVEL,UNKNOWN,UNKNOWN,NOT ON SCENE (DESK REPORT),NO INJURY / DRIVE AWAY,,,,"OVER $1,500",08/12/2025 02:20:00 PM,UNABLE TO DETERMINE,UNABLE TO DETERMINE,333,W,WACKER DR,122,,,,,,,2,NO INDICATION OF INJURY,0,0,0,0,0,2,0,13,3,8,41.8860254125,-87.6362977032,POINT (-87.63629770323 41.886025412541)
7c173e5a9e834214b35a374b381c0962deb91e976423b04b9d9299ad4bc4f85c0b008977df58b584eb58237dbdeb4f5e1df06df29526b0ac5769d9b2e212468e,,08/12/2025 01:30:00 PM,25,UNKNOWN,UNKNOWN,UNKNOWN,UNKNOWN,PARKED MOTOR VEHICLE,PARKING LOT,,STRAIGHT AND LEVEL,UNKNOWN,UNKNOWN,NOT ON SCENE (DESK REPORT),NO INJURY / DRIVE AWAY,,,,"OVER $1,500",08/12/2025 03:00:00 PM,NOT APPLICABLE,NOT APPLICABLE,641,N,CLARK ST,1832,,,,,,,2,NO INDICATION OF INJURY,0,0,0,0,0,1,0,13,3,8,41.8936322938,-87.6310300083,POINT (-87.631030008305 41.893632293807)
89feb7cbabb4a3f6fd4b3d9fb2bb272056efb2f4f042b25192707a0bbc9e7d355ed950d73e27dcbf10ae126f0520ba8dbd8fd19ac9efdd786d474560b170cee1,,08/12/2025 01:30:00 PM,30,TRAFFIC SIGNAL,FUNCTIONING PROPERLY,CLEAR,DAYLIGHT,TURNING,DIVIDED - W/MEDIAN (NOT RAISED),,STRAIGHT AND LEVEL,DRY,NO DEFECTS,NOT ON SCENE (DESK REPORT),NO INJURY / DRIVE AWAY,Y,,,$500 OR LESS,08/12/2025 02:15:00 PM,UNABLE TO DETERMINE,NOT APPLICABLE,5458,S,CENTRAL AVE,811,,,,,,,2,NO INDICATION OF INJURY,0,0,0,0,0,2,0,13,3,8,41.7928237325,-87.7624505723,POINT (-87.762450572332 41.792823732509)
f3e74d8de07629f70c6f76b4875ee56e63a21ee02348652982e16e34eaee95125c30c8fe8440b875dcc93f8720f02b6e70c0f3cf413c746588d01909d547f3be,,08/12/2025 01:30:00 PM,30,UNKNOWN,UNKNOWN,UNKNOWN,DAYLIGHT,REAR END,UNKNOWN,,STRAIGHT AND LEVEL,UNKNOWN,UNKNOWN,NOT ON SCENE (DESK REPORT),NO INJURY / DRIVE AWAY,,,,"OVER $1,500",08/12/2025 05:50:00 PM,UNABLE TO DETERMINE,UNABLE TO DETERMINE,5531,N,NAGLE AVE,1622,,,,,,,2,NO INDICATION OF INJURY,0,0,0,0,0,2,0,13,3,8,41.9820111293,-87.7876050701,POINT (-87.787605070098 41.982011129306)
7269308f1ccc700ac39986c0bf99ac4ae4eb69ba98187bab61fe11155343fe57c20ca3ecf68289b08582a7197ef01d47d46147467a0af1dd69348ef19db3e54e,,08/12/2025 01:27:00 PM,30,NO CONTROLS,NO CONTROLS,CLEAR,DAYLIGHT,PARKED MOTOR VEHICLE,DIVIDED - W/MEDIAN (NOT RAISED),,STRAIGHT AND LEVEL,DRY,NO DEFECTS,ON SCENE,NO INJURY / DRIVE AWAY,,,Y,"$501 - $1,500",08/12/2025 01:28:00 PM,DRIVING SKILLS/KNOWLEDGE/EXPERIENCE,NOT APPLICABLE,3241,N,KEDZIE AVE,1733,,Y,,,,,2,NO INDICATION OF INJURY,0,0,0,0,0,1,0,13,3,8,41.9405251047,-87.7075109443,POINT (-87.707510944338 41.94052510469)
f1c809fadc94fc992a6faf08d0bf3270d03cc6adad9cd9a9719105a77a8e3ed5d5f73f40bffc2ad468d1a250d89f9ee03ae38591ca482f12fa79a3739e72b289,,08/12/2025 01:25:00 PM,30,TRAFFIC SIGNAL,FUNCTIONING PROPERLY,RAIN,DAYLIGHT,PEDESTRIAN,NOT DIVIDED,,STRAIGHT AND LEVEL,WET,UNKNOWN,NOT ON SCENE (DESK REPORT),INJURY AND / OR TOW DUE TO CRASH,,,,"$501 - $1,500",08/12/2025 01:25:00 PM,UNABLE TO DETERMINE,UNABLE TO DETERMINE,5701,S,PULASKI RD,822,,,,,,,2,INCAPACITATING INJURY,1,0,1,0,0,6,0,13,3,8,41.7895331156,-87.7229138465,POINT (-87.722913846481 41.789533115582)
8fdf54e9e3ab2d8a09e3e8747ea49c5a7a94892ce6f0c297f23522fb07bd3fc872e58ad0c1f338c4eef1dd6c5eb27e302cb2e7556267381907e9f6a3578ed7c0,,08/12/2025 01:18:00 PM,15,NO CONTROLS,NO CONTROLS,CLEAR,DAYLIGHT,ANGLE,ALLEY,,STRAIGHT AND LEVEL,UNKNOWN,UNKNOWN,NOT ON SCENE (DESK REPORT),NO INJURY / DRIVE AWAY,,,,"OVER $1,500",08/12/2025 03:37:00 PM,UNABLE TO DETERMINE,UNABLE TO DETERMINE,6425,N,MOZART ST,2412,,,,,,,2,NO INDICATION OF INJURY,0,0,0,0,0,2,0,13,3,8,41.998311232,-87.7007414128,POINT (-87.700741412808 41.99831123197)
7e226c0a3daaa2a195d940750a313defd03a0cd8a1b21e484e71978620d0201c6b3c697fb613cdbfc009f1a18b3654e9f1085c16f5d2d993f8688ffb010fceff,,08/12/2025 01:15:00 PM,30,UNKNOWN,UNKNOWN,CLEAR,DAYLIGHT,ANGLE,UNKNOWN,,STRAIGHT AND LEVEL,UNKNOWN,UNKNOWN,NOT ON SCENE (DESK REPORT),NO INJURY / DRIVE AWAY,,,,"OVER $1,500",08/12/2025 03:06:00 PM,NOT APPLICABLE,NOT APPLICABLE,4010,N,WESTERN AVE,1911,,,,,,,2,NO INDICATION OF INJURY,0,0,0,0,0,2,0,13,3,8,41.9543760632,-87.6886228782,POINT (-87.688622878247 41.954376063153)
f0a56b2b805c4932a3e067a393b67f63c858261c4619f31802a2ddb01ddb8afd2be4ad008b144bc308f566691f9a7b0a9b41b28114fc0a98c8a9b40f15d0834f,,08/12/2025 01:10:00 PM,25,TRAFFIC SIGNAL,FUNCTIONING PROPERLY,UNKNOWN,UNKNOWN,REAR END,UNKNOWN,,STRAIGHT AND LEVEL,UNKNOWN,UNKNOWN,NOT ON SCENE (DESK REPORT),NO INJURY / DRIVE AWAY,,,,"OVER $1,500",08/21/2025 08:30:00 AM,UNABLE TO DETERMINE,NOT APPLICABLE,2234,N,WESTERN AVE,1431,,,,,,,2,NO INDICATION OF INJURY,0,0,0,0,0,2,0,13,3,8,41.9226506913,-87.6877196716,POINT (-87.687719671625 41.922650691274)
3f4aeb628e7d109eb7923abef8c192efce57326dfe97e0aa4a42affc5310f7e13b6d6a4c8c2520bebfe3e32e687d6fe6e012dade7dde1330818fb42873a00783,Y,08/12/2025 01:00:00 PM,30,NO CONTROLS,NO CONTROLS,CLEAR,DAYLIGHT,SIDESWIPE SAME DIRECTION,NOT DIVIDED,,STRAIGHT AND LEVEL,DRY,NO DEFECTS,NOT ON SCENE (DESK REPORT),NO INJURY / DRIVE AWAY,,,,"OVER $1,500",08/13/2025 09:15:00 AM,UNABLE TO DETERMINE,UNABLE TO DETERMINE,1001,W,NORTH AVE,1822,,,,,,,2,NO INDICATION OF INJURY,0,0,0,0,0,2,0,13,3,8,41.9107292921,-87.6531526219,POINT (-87.653152621895 41.910729292099)
b0682378a6ebbe53410ddb1fa77815bede36a666955e89f6810f5208e98e5a9668cd42b67cb6475e6a989757cbeedfa5d7bc67b3ae4f5ce2e403271aefa86bdd,,08/12/2025 01:00:00 PM,35,NO CONTROLS,NO CONTROLS,CLEAR,DAYLIGHT,REAR END,NOT DIVIDED,,STRAIGHT AND LEVEL,DRY,NO DEFECTS,NOT ON SCENE (DESK REPORT),NO INJURY / DRIVE AWAY,,,,"$501 - $1,500",08/12/2025 02:10:00 PM,UNABLE TO DETERMINE,NOT APPLICABLE,5326,W,LAWRENCE AVE,1623,,,,,,,2,NO INDICATION OF INJURY,0,0,0,0,0,2,0,13,3,8,41.9679788384,-87.7605462619,POINT (-87.760546261892 41.967978838386)
d89f34585bf92860a96bdb14bc1228f8180098f6c5be28365fb8de7a5b56bff389d98f42d23d3e1df339d174a9ba885469c4eb24d3a330b6c46f7974f3de633a,,08/12/2025 01:00:00 PM,30,UNKNOWN,NO CONTROLS,UNKNOWN,DUSK,TURNING,UNKNOWN,,STRAIGHT AND LEVEL,UNKNOWN,NO DEFECTS,NOT ON SCENE (DESK REPORT),NO INJURY / DRIVE AWAY,,,,"OVER $1,500",08/12/2025 02:12:00 PM,NOT APPLICABLE,NOT APPLICABLE,4900,S,CICERO AVE,814,,,,,,,2,NO INDICATION OF INJURY,0,0,0,0,0,2,0,13,3,8,41.8038771466,-87.7432043372,POINT (-87.743204337182 41.803877146599)
cce68e53fd28179a1a0c071b28672fb2e2570ab710f2523161435b7b1acb4aecd4feb0223ef7baa993fa057f4ebe0a6edb7bbcb9198037c61e038a1733fdb246,,08/12/2025 12:56:00 PM,30,NO CONTROLS,NO CONTROLS,UNKNOWN,DAYLIGHT,REAR TO REAR,PARKING LOT,,STRAIGHT AND LEVEL,UNKNOWN,NO DEFECTS,NOT ON SCENE (DESK REPORT),NO INJURY / DRIVE AWAY,,,,"$501 - $1,500",08/12/2025 01:50:00 PM,UNABLE TO DETERMINE,NOT APPLICABLE,1655,E,95TH ST,431,,,,,,,2,NO INDICATION OF INJURY,0,0,0,0,0,2,0,12,3,8,41.7222631981,-87.5829176346,POINT (-87.582917634619 41.722263198134)
2e5fb5ada96796f6813f1bfa43ab0a4679cd7124494b0697780bdd2fc7f0632199e7f504c952685b218f1c6ce57d067b30a36e00db91265489019e3d3957855b,,08/12/2025 12:54:00 PM,30,NO CONTROLS,UNKNOWN,CLEAR,DAYLIGHT,PARKED MOTOR VEHICLE,DIVIDED - W/MEDIAN (NOT RAISED),,STRAIGHT AND LEVEL,DRY,NO DEFECTS,ON SCENE,NO INJURY / DRIVE AWAY,,,Y,$500 OR LESS,08/12/2025 12:54:00 PM,FOLLOWING TOO CLOSELY,FOLLOWING TOO CLOSELY,403,N,WABASH AVE,1834,,,,,,,2,NO INDICATION OF INJURY,0,0,0,0,0,1,0,12,3,8,41.8893933579,-87.6265145675,POINT (-87.626514567496 41.889393357851)
93026afba23f2e26d787b7d5875595fc68c68f3785e78f7c2e1da828be3f7049e694aa72f070e9a4c039388311234d6571825def96cfd4296f47c3c8d972a965,,08/12/2025 12:45:00 PM,25,NO CONTROLS,NO CONTROLS,CLEAR,DAYLIGHT,PARKED MOTOR VEHICLE,ONE-WAY,,STRAIGHT AND LEVEL,DRY,NO DEFECTS,ON SCENE,NO INJURY / DRIVE AWAY,,,,$500 OR LESS,08/12/2025 12:51:00 PM,IMPROPER BACKING,NOT APPLICABLE,9838,S,LOWE AVE,2223,,,,,,,2,NO INDICATION OF INJURY,0,0,0,0,0,1,0,12,3,8,,,
f20ec71c021693b85599a4d13b283dcddc06adc0e0a43c37aac29e17a71aa5a91fea22942deb30ab82ad7ad2cf990ffbb305583fac6436ca9ae6408b34de3b0b,,08/12/2025 12:45:00 PM,30,UNKNOWN,UNKNOWN,UNKNOWN,UNKNOWN,REAR END,NOT DIVIDED,,STRAIGHT AND LEVEL,UNKNOWN,UNKNOWN,NOT ON SCENE (DESK REPORT),NO INJURY / DRIVE AWAY,,,Y,$500 OR LESS,08/12/2025 01:36:00 PM,UNABLE TO DETERMINE,UNABLE TO DETERMINE,2801,W,DEVON AVE,2413,,,,,,,2,NO INDICATION OF INJURY,0,0,0,0,0,2,0,12,3,8,41.9974500494,-87.6996997862,POINT (-87.69969978623 41.997450049375)
fce7baa7dfa033681d5b37205ef722d482fff9f0efd5316a2028c178c82a8a0733af5be4629624931e9183f26f7fba88c2461acc02ebda9e0916a80145bcce90,,08/12/2025 12:30:00 PM,35,NO CONTROLS,NO CONTROLS,CLEAR,DAYLIGHT,FIXED OBJECT,DIVIDED - W/MEDIAN (NOT RAISED),,STRAIGHT AND LEVEL,DRY,UNKNOWN,ON SCENE,NO INJURY / DRIVE AWAY,,,,"OVER $1,500",08/12/2025 12:30:00 PM,NOT APPLICABLE,NOT APPLICABLE,5959,S,HARLEM AVE,812,,,,,,,1,NO INDICATION OF INJURY,0,0,0,0,0,1,0,12,3,8,41.7828905426,-87.8009926655,POINT (-87.800992665468 41.782890542639)
297870f33ab7b11b9624cf34713765d53a322485233ebb4f604aa5f016eca17c11f636e078784e2723cd96eb192cc3098f3551954b463cb3c30261b4cd0a6741,,08/12/2025 12:20:00 PM,25,NO CONTROLS,NO CONTROLS,CLEAR,DAYLIGHT,TURNING,NOT DIVIDED,,STRAIGHT AND LEVEL,DRY,NO DEFECTS,ON SCENE,NO INJURY / DRIVE AWAY,,,,$500 OR LESS,08/12/2025 01:20:00 PM,UNABLE TO DETERMINE,UNABLE TO DETERMINE,6200,S,ARCHER AVE,811,,,,,,,2,NO INDICATION OF INJURY,0,0,0,0,0,3,0,12,3,8,41.7939420483,-87.7746332149,POINT (-87.774633214946 41.793942048308)
82023dba1d9f98bd1500ef3428eedaa3ff0542479a6478069fbc279cf1dbcdfb073b4b4a93d6b5f661946f0ae84219a05e863761a006ef915428ed42aee5bef9,,08/12/2025 12:20:00 PM,35,TRAFFIC SIGNAL,FUNCTIONING PROPERLY,CLEAR,DAYLIGHT,ANGLE,FOUR WAY,,STRAIGHT AND LEVEL,DRY,NO DEFECTS,ON SCENE,INJURY AND / OR TOW DUE TO CRASH,Y,,,"OVER $1,500",08/12/2025 12:30:00 PM,DISREGARDING TRAFFIC SIGNALS,DISREGARDING TRAFFIC SIGNALS,6900,S,ASHLAND AVE,735,,,,,,,2,NONINCAPACITATING INJURY,2,0,0,1,1,1,0,12,3,8,41.7684549099,-87.664038433,POINT (-87.664038433009 41.768454909931)
92cd6592b080d5666cd5646dacf3c629df8f82b5704500bc96a8a1545ac1be3c498aab5b5971da980f0b3ad30f8936fb157cd3811f5a585269a5852a004de946,,08/12/2025 12:20:00 PM,30,UNKNOWN,UNKNOWN,CLEAR,DAYLIGHT,REAR END,NOT DIVIDED,,STRAIGHT AND LEVEL,UNKNOWN,UNKNOWN,NOT ON SCENE (DESK REPORT),NO INJURY / DRIVE AWAY,,,,"OVER $1,500",08/12/2025 01:40:00 PM,UNABLE TO DETERMINE,UNABLE TO DETERMINE,2056,N,LINCOLN PARK WEST,1814,,,,,,,2,NO INDICATION OF INJURY,0,0,0,0,0,2,0,12,3,8,41.9200705708,-87.6365467304,POINT (-87.636546730397 41.920070570755)
a85b438bba510277bbf4388b3f384608cddee9ed92e1c5d7be234d553a33c03dd29e0a45f892102d60cb0c9d821f9f2db12604ae399318c5e9abc2b41f9495a5,,08/12/2025 12:20:00 PM,30,NO CONTROLS,NO CONTROLS,CLEAR,DAYLIGHT,TURNING,DIVIDED - W/MEDIAN (NOT RAISED),,STRAIGHT AND LEVEL,DRY,NO DEFECTS,NOT ON SCENE (DESK REPORT),NO INJURY / DRIVE AWAY,,,,"OVER $1,500",08/12/2025 12:20:00 PM,IMPROPER TURNING/NO SIGNAL,IMPROPER TURNING/NO SIGNAL,6430,S,CICERO AVE,813,,,,,,,2,NO INDICATION OF INJURY,0,0,0,0,0,2,0,12,3,8,41.7756633676,-87.7423278111,POINT (-87.742327811139 41.775663367554)
73888202e88dae6884a140c105a97fdacfaddf9c5664e38ebe51b345314042ff4f65e904dbdb1356f81faba33e0b5cb77bb6096511ee6b9dff2bb867edcd373d,,08/12/2025 12:17:00 PM,35,TRAFFIC SIGNAL,FUNCTIONING PROPERLY,CLEAR,DAYLIGHT,PEDESTRIAN,NOT DIVIDED,,STRAIGHT AND LEVEL,DRY,NO DEFECTS,ON SCENE,INJURY AND / OR TOW DUE TO CRASH,Y,,Y,$500 OR LESS,08/12/2025 12:17:00 PM,FAILING TO YIELD RIGHT-OF-WAY,NOT APPLICABLE,4956,N,SHERIDAN RD,2024,,,,,,,2,NONINCAPACITATING INJURY,1,0,0,1,0,1,0,12,3,8,41.9732246038,-87.6550734978,POINT (-87.655073497763 41.97322460375)
d5fa5e4eb04a97080578ee67b5d6ceaa2a1d92089c3605082bc308c56cf8a64ca1c43b2236adf3e382ece19ee3daa035c7cb2128fa4a2bd089e59b0abe5fee6a,,08/12/2025 12:17:00 PM,30,TRAFFIC SIGNAL,FUNCTIONING PROPERLY,CLEAR,DAYLIGHT,SIDESWIPE SAME DIRECTION,NOT DIVIDED,,STRAIGHT AND LEVEL,DRY,NO DEFECTS,NOT ON SCENE (DESK REPORT),NO INJURY / DRIVE AWAY,Y,,,"OVER $1,500",08/12/2025 12:40:00 PM,IMPROPER LANE USAGE,UNABLE TO DETERMINE,4405,W,PETERSON AVE,1711,,,,,,,2,NO INDICATION OF INJURY,0,0,0,0,0,2,0,12,3,8,41.9899048603,-87.7385719254,POINT (-87.738571925449 41.98990486028)
570525f0c5f6b9fc86f24a5960b91afc488af67e53d5a5a8063603340d97dcf4b61e8c577d645b117346608b9b84171fb349ab9db799eb3a385fafb1cfdef5df,,08/12/2025 12:15:00 PM,30,NO CONTROLS,NO CONTROLS,CLEAR,DAYLIGHT,SIDESWIPE SAME DIRECTION,NOT DIVIDED,,STRAIGHT AND LEVEL,DRY,NO DEFECTS,NOT ON SCENE (DESK REPORT),NO INJURY / DRIVE AWAY,,,,"OVER $1,500",08/17/2025 09:58:00 AM,DRIVING SKILLS/KNOWLEDGE/EXPERIENCE,UNABLE TO DETERMINE,3400,W,87TH ST,834,,,,,,,2,NO INDICATION OF INJURY,0,0,0,0,0,2,0,12,3,8,41.7352218079,-87.7070355338,POINT (-87.707035533844 41.735221807853)
dadf04836240d72ebe9f71b4db1517b6cba438b5222fb3c153765cc61baf28af9e4c25e8d268061068da27ef2c796becd95d129886b90b5067d11b678e140336,,08/12/2025 11:53:00 AM,25,NO CONTROLS,NO CONTROLS,CLEAR,DAYLIGHT,PARKED MOTOR VEHICLE,PARKING LOT,,STRAIGHT AND LEVEL,DRY,NO DEFECTS,ON SCENE,NO INJURY / DRIVE AWAY,,,,$500 OR LESS,08/12/2025 01:36:00 PM,IMPROPER BACKING,IMPROPER BACKING,860,E,SOLIDARITY DR,132,,,,,,,2,NO INDICATION OF INJURY,0,0,0,0,0,1,0,11,3,8,41.8665904581,-87.608991993,POINT (-87.608991992957 41.866590458107)
d5a52af9f134d78d24b6d67c1f1d16f839d71066309ff33f3740bea2d050956c9d64374eab8b3275d35cf63569395c900151245f507b02d5a4247071dfde0700,,08/12/2025 11:52:00 AM,15,NO CONTROLS,NO CONTROLS,CLEAR,DAYLIGHT,ANGLE,PARKING LOT,,STRAIGHT AND LEVEL,UNKNOWN,UNKNOWN,ON SCENE,NO INJURY / DRIVE AWAY,,,,"OVER $1,500",08/12/2025 11:53:00 AM,IMPROPER BACKING,DRIVING SKILLS/KNOWLEDGE/EXPERIENCE,6460,W,FULLERTON AVE,2512,,,,,,,2,NO INDICATION OF INJURY,0,0,0,0,0,4,0,11,3,8,41.9237693534,-87.787626099,POINT (-87.787626098972 41.923769353437)
2914d57925856f8692e4d90020c10957bc31d859403173982d3916220e01474549930bda8828d8e6bbc56243ac3e5d31a5ac7a19743591b487c2d7a8f08330cf,,08/12/2025 11:50:00 AM,30,TRAFFIC SIGNAL,FUNCTIONING PROPERLY,CLEAR,DAYLIGHT,REAR END,NOT DIVIDED,,STRAIGHT AND LEVEL,DRY,UNKNOWN,ON SCENE,INJURY AND / OR TOW DUE TO CRASH,,,,"OVER $1,500",08/12/2025 11:53:00 AM,UNABLE TO DETERMINE,UNABLE TO DETERMINE,5056,S,WESTERN AVE,923,,,,,,,2,"REPORTED, NOT EVIDENT",1,0,0,0,1,1,0,11,3,8,41.801234297,-87.6843737344,POINT (-87.68437373438 41.801234297006)
c7d4bddc4e35e9d248f91071c0a908986e8e553ba53ffa1c0e87d9bbdaa72834c34571e0e4cc7309c078613b9db80268598297a45e5782dbba565b3572a06d51,,08/12/2025 11:50:00 AM,30,TRAFFIC SIGNAL,FUNCTIONING PROPERLY,UNKNOWN,DAYLIGHT,REAR END,NOT DIVIDED,,STRAIGHT AND LEVEL,UNKNOWN,NO DEFECTS,NOT ON SCENE (DESK REPORT),NO INJURY / DRIVE AWAY,Y,,,"$501 - $1,500",08/16/2025 12:00:00 PM,UNABLE TO DETERMINE,UNABLE TO DETERMINE,3600,W,115TH ST,2211,,,,,,,2,NO INDICATION OF INJURY,0,0,0,0,0,2,0,11,3,8,41.684220303,-87.7103528762,POINT (-87.710352876184 41.684220303012)
b8874b6ffb4b199cc9dc003750a777c91ece33d0250c7e789b9ffda003aa441f36249f13ad46324b4527db1bbfdc7b4af146d0b483ec449cbf27893c32504226,,08/12/2025 11:48:00 AM,30,NO CONTROLS,NO CONTROLS,CLEAR,DAYLIGHT,REAR END,NOT DIVIDED,,STRAIGHT AND LEVEL,DRY,UNKNOWN,NOT ON SCENE (DESK REPORT),NO INJURY / DRIVE AWAY,,,Y,"OVER $1,500",08/12/2025 02:30:00 PM,FOLLOWING TOO CLOSELY,UNABLE TO DETERMINE,1955,E,95TH ST,431,,,,,,,2,NO INDICATION OF INJURY,0,0,0,0,0,2,0,11,3,8,41.7223567785,-87.5755966879,POINT (-87.575596687932 41.722356778466)
887d1c835673b294565d405c5030bb8d86b328105131b5b39d04934050aa0a4bde3da674e06d0f350445ed533f8f3c5d210f749c1abcce776f78920485306383,,08/12/2025 11:40:00 AM,10,NO CONTROLS,NO CONTROLS,CLEAR,DAYLIGHT,PARKED MOTOR VEHICLE,PARKING LOT,,STRAIGHT AND LEVEL,DRY,NO DEFECTS,NOT ON SCENE (DESK REPORT),NO INJURY / DRIVE AWAY,,,,$500 OR LESS,08/18/2025 02:00:00 PM,UNABLE TO DETERMINE,UNABLE TO DETERMINE,8339,S,WESTERN AVE,614,,,,,,,2,NO INDICATION OF INJURY,0,0,0,0,0,1,0,11,3,8,41.7417072395,-87.6825098721,POINT (-87.682509872071 41.741707239452)
f7dfb9655ec40e8a5fc6c4afc3fa5c13512a44eb223eddd07ac4a34ab161709c87569b6e1f74d755145e96c7a091e8ff6e1537d90f7e0b16d59631d6a96d11fa,,08/12/2025 11:40:00 AM,25,STOP SIGN/FLASHER,FUNCTIONING PROPERLY,CLEAR,DAYLIGHT,TURNING,NOT DIVIDED,,STRAIGHT AND LEVEL,DRY,NO DEFECTS,ON SCENE,NO INJURY / DRIVE AWAY,Y,,,"OVER $1,500",08/12/2025 11:41:00 AM,IMPROPER LANE USAGE,UNABLE TO DETERMINE,932,N,DEARBORN ST,1832,,,,,,,2,NO INDICATION OF INJURY,0,0,0,0,0,2,0,11,3,8,41.8997691351,-87.6300057236,POINT (-87.630005723602 41.899769135138)