CRASH_RECORD_ID,CRASH_DATE_EST_I,CRASH_DATE,POSTED_SPEED_LIMIT,TRAFFIC_CONTROL_DEVICE,DEVICE_CONDITION,WEATHER_CONDITION,LIGHTING_CONDITION,FIRST_CRASH_TYPE,TRAFFICWAY_TYPE,LANE_CNT,ALIGNMENT,ROADWAY_SURFACE_COND,ROAD_DEFECT,REPORT_TYPE,CRASH_TYPE,INTERSECTION_RELATED_I,NOT_RIGHT_OF_WAY_I,HIT_AND_RUN_I,DAMAGE,DATE_POLICE_NOTIFIED,PRIM_CONTRIBUTORY_CAUSE,SEC_CONTRIBUTORY_CAUSE,STREET_NO,STREET_DIRECTION,STREET_NAME,BEAT_OF_OCCURRENCE,PHOTOS_TAKEN_I,STATEMENTS_TAKEN_I,DOORING_I,WORK_ZONE_I,WORK_ZONE_TYPE,WORKERS_PRESENT_I,NUM_UNITS,MOST_SEVERE_INJURY,INJURIES_TOTAL,INJURIES_FATAL,INJURIES_INCAPACITATING,INJURIES_NON_INCAPACITATING,INJURIES_REPORTED_NOT_EVIDENT,INJURIES_NO_INDICATION,INJURIES_UNKNOWN,CRASH_HOUR,CRASH_DAY_OF_WEEK,CRASH_MONTH,LATITUDE,LONGITUDE,LOCATION
39eceb0e0d85ffc0a8249af676b0a3cf2f70b03ae967454021de92325af2162ed28d8ae212d935300760d18a8ed6af7492d940db906dcdfb4d249dc518e10799,,08/12/2025 11:37:00 AM,40,TRAFFIC SIGNAL,FUNCTIONING PROPERLY,CLEAR,DAYLIGHT,SIDESWIPE SAME DIRECTION,DIVIDED - W/MEDIAN (NOT RAISED),,STRAIGHT AND LEVEL,DRY,NO DEFECTS,ON SCENE,NO INJURY / DRIVE AWAY,,,,"OVER $1,500",08/12/2025 11:38:00 AM,IMPROPER OVERTAKING/PASSING,UNABLE TO DETERMINE,3950,W,87TH ST,834,,,,,,,2,NO INDICATION OF INJURY,0,0,0,0,0,2,0,11,3,8,41.7349773345,-87.7209724819,POINT (-87.720972481856 41.734977334547)
4d24ceba219aa8a69a81f9cf72aa055167a7685a7c81a53002b8afabfb1f5cf682fc28dabb04f33f1846c298123d94c91b44a4934bdbfcce73931c4eea8bddf0,,08/12/2025 11:30:00 AM,30,STOP SIGN/FLASHER,FUNCTIONING PROPERLY,CLEAR,DAYLIGHT,ANGLE,DIVIDED - W/MEDIAN BARRIER,,STRAIGHT AND LEVEL,DRY,NO DEFECTS,NOT ON SCENE (DESK REPORT),NO INJURY / DRIVE AWAY,Y,,,"OVER $1,500",08/12/2025 12:00:00 PM,DISREGARDING STOP SIGN,FAILING TO YIELD RIGHT-OF-WAY,1048,W,RANDOLPH ST,1224,,,,,,,2,NO INDICATION OF INJURY,0,0,0,0,0,2,0,11,3,8,41.8844011051,-87.6540314082,POINT (-87.654031408159 41.884401105097)
4601a0ef0781f4f82608ec3635049cfe9f514aadf81249f8755e208690bf36fc8762b83d80b4d9e3823ed1c14c5550eeeb638e2ea2f62f3bd77976b810416eb9,,08/12/2025 11:27:00 AM,30,TRAFFIC SIGNAL,UNKNOWN,CLEAR,DAYLIGHT,SIDESWIPE SAME DIRECTION,NOT DIVIDED,,STRAIGHT AND LEVEL,DRY,UNKNOWN,NOT ON SCENE (DESK REPORT),NO INJURY / DRIVE AWAY,Y,,,"OVER $1,500",08/12/2025 11:27:00 AM,FAILING TO YIELD RIGHT-OF-WAY,FAILING TO YIELD RIGHT-OF-WAY,7900,S,COTTAGE GROVE AVE,624,,N,,,,,2,NO INDICATION OF INJURY,0,0,0,0,0,2,0,11,3,8,41.7511943382,-87.6053673263,POINT (-87.60536732633 41.751194338222)
f92985af3b686802f979b466693557bb1ea1c77c7289c0ad24455b61dab7bc147885cb163535f884227d116f7f8fab97660cd80802140e51595e32964b642b21,,08/12/2025 11:24:00 AM,30,NO CONTROLS,NO CONTROLS,CLEAR,DAYLIGHT,PARKED MOTOR VEHICLE,NOT DIVIDED,,STRAIGHT AND LEVEL,DRY,NO DEFECTS,ON SCENE,NO INJURY / DRIVE AWAY,,,Y,"$501 - $1,500",08/12/2025 11:33:00 AM,UNABLE TO DETERMINE,UNABLE TO DETERMINE,104,S,RACINE AVE,1224,,,,,,,2,NO INDICATION OF INJURY,0,0,0,0,0,1,0,11,3,8,41.8801430664,-87.6572406821,POINT (-87.657240682126 41.880143066421)
8f7f1103919775cb502a9bfdd47dd53000031aab25160b4b976d01b3ab6f7420c3b56bdd6e3d7419d19f7987ad66458fcc454a7718cc1b1a188796181633328d,,08/12/2025 11:21:00 AM,30,TRAFFIC SIGNAL,FUNCTIONING PROPERLY,CLEAR,DAYLIGHT,PEDESTRIAN,DIVIDED - W/MEDIAN (NOT RAISED),,STRAIGHT AND LEVEL,DRY,NO DEFECTS,ON SCENE,INJURY AND / OR TOW DUE TO CRASH,,,,$500 OR LESS,08/12/2025 11:23:00 AM,UNABLE TO DETERMINE,UNABLE TO DETERMINE,1,E,8TH ST,123,,,,,,,2,NONINCAPACITATING INJURY,1,0,0,1,0,1,0,11,3,8,41.8716977697,-87.6274844726,POINT (-87.627484472649 41.871697769698)
492918c691cedcb386ca0c28b702a832c9af5783410681175de8df9f0dca06793e308baa2042aa638274a68dc20ae9e6735fc784d8fd9cdafaa7e73abee5e956,,08/12/2025 11:20:00 AM,30,NO CONTROLS,NO CONTROLS,UNKNOWN,DAYLIGHT,TURNING,NOT DIVIDED,,STRAIGHT AND LEVEL,UNKNOWN,UNKNOWN,NOT ON SCENE (DESK REPORT),NO INJURY / DRIVE AWAY,,,,"OVER $1,500",08/12/2025 12:15:00 PM,FAILING TO YIELD RIGHT-OF-WAY,IMPROPER TURNING/NO SIGNAL,2221,N,LINCOLN AVE,1812,,,,,,,2,NO INDICATION OF INJURY,0,0,0,0,0,2,0,11,3,8,41.9224779134,-87.6443990471,POINT (-87.644399047051 41.922477913374)
4c53be1e510b5a93903faa470d7c6097fbaeea842869515fdc3fdcb03eb90525d72943166a30d4d6545cd9cde80fdacf189a29350149f220bd2dc7ebe8dcd4fd,,08/12/2025 11:20:00 AM,30,NO CONTROLS,NO CONTROLS,CLEAR,DAYLIGHT,REAR END,NOT DIVIDED,,STRAIGHT AND LEVEL,DRY,NO DEFECTS,,NO INJURY / DRIVE AWAY,,,,"$501 - $1,500",08/12/2025 12:00:00 PM,FOLLOWING TOO CLOSELY,FOLLOWING TOO CLOSELY,6430,N,SHERIDAN RD,2432,,,,,,,2,NO INDICATION OF INJURY,0,0,0,0,0,2,0,11,3,8,41.9991319138,-87.6608100512,POINT (-87.660810051238 41.9991319138)
03979b9746ae58f4d8392c05086c27fa75667ed3463430db15a0e7dedf3c63e5c7212818b439358110fbd2b30a8a17a5e50e9b3af58a9a90aeb04b19fbfc6510,,08/12/2025 11:15:00 AM,30,NO CONTROLS,NO CONTROLS,CLEAR,DAYLIGHT,REAR END,NOT DIVIDED,,STRAIGHT AND LEVEL,DRY,NO DEFECTS,NOT ON SCENE (DESK REPORT),NO INJURY / DRIVE AWAY,,,,"$501 - $1,500",08/14/2025 12:00:00 PM,FOLLOWING TOO CLOSELY,FOLLOWING TOO CLOSELY,6400,N,SHERIDAN RD,2432,,,,,,,2,NO INDICATION OF INJURY,0,0,0,0,0,2,0,11,3,8,41.9982179205,-87.6606952556,POINT (-87.660695255572 41.998217920532)
d8db1c823504d4169536cea8eb55c6e8773eea7efd009ec1f3d79fc2b898d43957e751d7e4584406b6c1259a55dcbc4136e722a2d82ac6bd8069bcd2a5595cdd,,08/12/2025 11:15:00 AM,30,NO CONTROLS,NO CONTROLS,CLEAR,DAYLIGHT,SIDESWIPE SAME DIRECTION,T-INTERSECTION,,STRAIGHT AND LEVEL,DRY,NO DEFECTS,NOT ON SCENE (DESK REPORT),NO INJURY / DRIVE AWAY,Y,,,"OVER $1,500",08/12/2025 12:00:00 PM,FAILING TO YIELD RIGHT-OF-WAY,UNABLE TO DETERMINE,2407,N,LAMON AVE,2521,,,,,,,2,NO INDICATION OF INJURY,0,0,0,0,0,2,0,11,3,8,41.9244721924,-87.7486345198,POINT (-87.748634519782 41.924472192413)
8394163d4b18a07f3238a62c8d5ebe3db23c7ae9e36201ce893fd4a7b8164709cad6de88877f880c6b317a0ee201f1c3b653eca21d6fb0c0f5544cf4775ead95,,08/12/2025 11:13:00 AM,30,STOP SIGN/FLASHER,UNKNOWN,CLEAR,DAYLIGHT,TURNING,NOT DIVIDED,,STRAIGHT AND LEVEL,DRY,NO DEFECTS,NOT ON SCENE (DESK REPORT),NO INJURY / DRIVE AWAY,Y,,,"OVER $1,500",08/12/2025 11:34:00 AM,UNABLE TO DETERMINE,"VISION OBSCURED (SIGNS, TREE LIMBS, BUILDINGS, ETC.)",532,E,51ST ST,223,,,,,,,2,NO INDICATION OF INJURY,0,0,0,0,0,2,0,11,3,8,41.8022572259,-87.6127413654,POINT (-87.612741365379 41.802257225945)
d3732b96d7f76579960f2399275956ca594ddf49ad44af4eb36c237ec2f4be97d67d17d625d18b97ebed8d7297d07a66659a8a9587e97efecda003b9d7a70461,,08/12/2025 11:10:00 AM,20,NO CONTROLS,NO CONTROLS,CLEAR,DAYLIGHT,TURNING,NOT DIVIDED,,STRAIGHT AND LEVEL,DRY,NO DEFECTS,ON SCENE,INJURY AND / OR TOW DUE TO CRASH,,,,"OVER $1,500",08/12/2025 11:15:00 AM,FAILING TO YIELD RIGHT-OF-WAY,IMPROPER TURNING/NO SIGNAL,850,W,OHARE ST,1654,,,,,,,2,NO INDICATION OF INJURY,0,0,0,0,0,2,0,11,3,8,,,
61a0f4a9a9764687082e8571135e57afb43831137155838da45780772e2989f5c96ea89c9cd61ffd53dd32aa4b19a9a333701e204714d6327827fb8889499ab5,,08/12/2025 11:00:00 AM,30,NO CONTROLS,NO CONTROLS,CLEAR,DAYLIGHT,TURNING,FOUR WAY,,STRAIGHT AND LEVEL,DRY,NO DEFECTS,NOT ON SCENE (DESK REPORT),NO INJURY / DRIVE AWAY,Y,,,"OVER $1,500",08/12/2025 01:45:00 PM,UNABLE TO DETERMINE,UNABLE TO DETERMINE,65,W,HARRISON ST,123,,,,,,,2,NO INDICATION OF INJURY,0,0,0,0,0,4,0,11,3,8,41.8744211109,-87.6299257339,POINT (-87.629925733868 41.874421110906)
865ec1f740b85ff34e91b573eeaa13db6cbf30f6dd553eec34b58b4533b423869af31f32c77310e64fe825c4bfc45db626eb9947c5ab4bb1f3c58b544052872e,Y,08/12/2025 11:00:00 AM,15,NO CONTROLS,NO CONTROLS,UNKNOWN,DAYLIGHT,FIXED OBJECT,PARKING LOT,,STRAIGHT AND LEVEL,UNKNOWN,UNKNOWN,ON SCENE,NO INJURY / DRIVE AWAY,,N,,"OVER $1,500",08/12/2025 04:17:00 PM,UNABLE TO DETERMINE,NOT APPLICABLE,4343,W,PETERSON AVE,1711,,,,,,,1,NO INDICATION OF INJURY,0,0,0,0,0,1,0,11,3,8,41.9899096859,-87.7378314787,POINT (-87.737831478694 41.989909685926)
ea54a194cc37495087b4d8a7aa677c5013c91502b9baa84a0d20045ea057f4e8393d237bb9cf9a1d827b1e3f92a3a5a792904844fa334631cbbc260e41b7733a,,08/12/2025 11:00:00 AM,25,NO CONTROLS,NO CONTROLS,CLEAR,DAYLIGHT,PARKED MOTOR VEHICLE,NOT DIVIDED,,STRAIGHT AND LEVEL,DRY,NO DEFECTS,NOT ON SCENE (DESK REPORT),NO INJURY / DRIVE AWAY,,,,"OVER $1,500",08/14/2025 10:10:00 AM,IMPROPER OVERTAKING/PASSING,IMPROPER OVERTAKING/PASSING,2131,W,BOWLER ST,1225,,,,,,,2,NO INDICATION OF INJURY,0,0,0,0,0,1,0,11,3,8,41.8711114783,-87.6795885566,POINT (-87.679588556635 41.871111478259)
f48f090b716d1ceb67bf79fbb43ff9bc1a8c9dd94e704543ee51103448accfc75a5754281aa08d3ec96e82641b95ce2f25671f4dec1474cb04e262c116ebfd56,,08/12/2025 11:00:00 AM,30,NO CONTROLS,NO CONTROLS,CLOUDY/OVERCAST,DAYLIGHT,TURNING,NOT DIVIDED,,STRAIGHT AND LEVEL,DRY,NO DEFECTS,ON SCENE,NO INJURY / DRIVE AWAY,,,,"$501 - $1,500",08/12/2025 11:51:00 AM,IMPROPER TURNING/NO SIGNAL,DRIVING SKILLS/KNOWLEDGE/EXPERIENCE,1139,S,CANAL ST,124,,,,,,,2,NO INDICATION OF INJURY,0,0,0,0,0,2,0,11,3,8,41.8678744789,-87.6390645753,POINT (-87.639064575272 41.867874478935)
6ca475db3d162218694bb3c9fa2f1e13d47f54d63f64e8ac3920c232795a592b61ee93d55785d1072cb7c6f80ef13a107cac757348460f446c33b27ecb5777f2,,08/12/2025 10:50:00 AM,30,NO CONTROLS,NO CONTROLS,CLEAR,DAYLIGHT,TURNING,NOT DIVIDED,,STRAIGHT AND LEVEL,DRY,NO DEFECTS,NOT ON SCENE (DESK REPORT),NO INJURY / DRIVE AWAY,,,,"OVER $1,500",08/12/2025 11:15:00 AM,UNABLE TO DETERMINE,NOT APPLICABLE,9801,S,HALSTED ST,2223,Y,,,,,,2,NO INDICATION OF INJURY,0,0,0,0,0,2,0,10,3,8,41.7158749437,-87.6429171994,POINT (-87.642917199365 41.715874943679)
4268c4d1c1de1fee3113ae94e3abe125623a9e30f8edbbcf65d53b096664f7cec71f41b33c7c963f9501a1d8fcf76e88a7f3dbf946cce563ef5083873681fc3d,,08/12/2025 10:35:00 AM,30,TRAFFIC SIGNAL,FUNCTIONING PROPERLY,CLEAR,DAYLIGHT,TURNING,DIVIDED - W/MEDIAN (NOT RAISED),,STRAIGHT AND LEVEL,DRY,NO DEFECTS,ON SCENE,NO INJURY / DRIVE AWAY,Y,,,"OVER $1,500",08/12/2025 10:38:00 AM,IMPROPER TURNING/NO SIGNAL,IMPROPER OVERTAKING/PASSING,2398,N,CLARK ST,1812,,,,,,,2,NO INDICATION OF INJURY,0,0,0,0,0,5,0,10,3,8,41.9254470513,-87.6405540373,POINT (-87.640554037286 41.92544705133)
705fb4b6f0c2e68a2905a1369d04de768241dcedbaa54047f526c6c025fa34258505c53e95df48b59047824c35097449fc75551a3763746ca4f1ed105cbdc1ee,,08/12/2025 10:33:00 AM,30,NO CONTROLS,NO CONTROLS,UNKNOWN,DAYLIGHT,TURNING,NOT DIVIDED,,STRAIGHT AND LEVEL,UNKNOWN,UNKNOWN,NOT ON SCENE (DESK REPORT),NO INJURY / DRIVE AWAY,,,,"OVER $1,500",08/12/2025 11:05:00 AM,UNABLE TO DETERMINE,UNABLE TO DETERMINE,5733,N,SHERIDAN RD,2022,,,,,,,2,NO INDICATION OF INJURY,0,0,0,0,0,3,0,10,3,8,41.9865369189,-87.6551381759,POINT (-87.655138175859 41.986536918913)
958a5e6855afc4d2b303810d32a967f8fc3cfdfdaa55615caa5d8305b91cd571ffe738d39fea555b4e3d4f4621bad761bea069b8981f47ad4913019be076a7c2,,08/12/2025 10:30:00 AM,30,TRAFFIC SIGNAL,FUNCTIONING PROPERLY,CLEAR,DAYLIGHT,REAR END,NOT DIVIDED,,STRAIGHT AND LEVEL,DRY,UNKNOWN,ON SCENE,INJURY AND / OR TOW DUE TO CRASH,,,,"OVER $1,500",08/12/2025 10:44:00 AM,UNABLE TO DETERMINE,UNABLE TO DETERMINE,847,N,ELSTON AVE,1213,,,,,,,2,"REPORTED, NOT EVIDENT",1,0,0,0,1,1,0,10,3,8,41.8976043121,-87.656425139,POINT (-87.656425138957 41.897604312067)
aa7e44d57a44c055614c559696b40b0dbd46554e21f72a22f6b7aca87aa04b869dd585ab9f0e5a3af681384e2c07e29e8f37696dc300530dc61040c657a4a648,,08/12/2025 10:30:00 AM,30,TRAFFIC SIGNAL,FUNCTIONING PROPERLY,CLEAR,DAYLIGHT,TURNING,DIVIDED - W/MEDIAN (NOT RAISED),,STRAIGHT AND LEVEL,DRY,UNKNOWN,ON SCENE,NO INJURY / DRIVE AWAY,,,,"OVER $1,500",08/12/2025 10:42:00 AM,UNABLE TO DETERMINE,NOT APPLICABLE,3958,W,31ST ST,1031,,,,,,,2,NO INDICATION OF INJURY,0,0,0,0,0,2,0,10,3,8,41.8369928617,-87.7242922636,POINT (-87.72429226365 41.836992861745)
bd98658f9d50c06583d7940c976e0c31faced84d3f07362c07fda62039e5c4f19dc1d7042474df7a02a62cd916e8ea9554976b30c401d3e96ea1a3839ac75f81,,08/12/2025 10:30:00 AM,30,TRAFFIC SIGNAL,FUNCTIONING PROPERLY,CLEAR,DAYLIGHT,TURNING,NOT DIVIDED,,STRAIGHT AND LEVEL,DRY,NO DEFECTS,NOT ON SCENE (DESK REPORT),NO INJURY / DRIVE AWAY,,,,"OVER $1,500",08/12/2025 06:00:00 PM,FAILING TO YIELD RIGHT-OF-WAY,UNABLE TO DETERMINE,5511,S,KEDZIE AVE,824,,,,,,,2,NO INDICATION OF INJURY,0,0,0,0,0,3,0,10,3,8,41.7931434329,-87.7033962823,POINT (-87.703396282295 41.793143432861)
9da7c6b7bedb905f7165701284421483587212e74cd89567faeba513d7eb4501dcc46c2cd9db666a926cc37f31d2737b8a26a6719c5d8b52aaa25efd6707b378,,08/12/2025 10:25:00 AM,30,NO CONTROLS,NO CONTROLS,CLEAR,DAYLIGHT,FIXED OBJECT,DIVIDED - W/MEDIAN (NOT RAISED),,STRAIGHT AND LEVEL,DRY,NO DEFECTS,ON SCENE,INJURY AND / OR TOW DUE TO CRASH,,,,"OVER $1,500",08/12/2025 10:54:00 AM,NOT APPLICABLE,NOT APPLICABLE,4501,N,CICERO AVE,1722,,,,,,,1,NO INDICATION OF INJURY,0,0,0,0,0,1,0,10,3,8,41.9621736377,-87.7474648095,POINT (-87.747464809535 41.962173637665)
cabe7adeb3d01dbed102982130d5e39497e84d49ffc28b0ffeed83bda248d2870ba1635fe13495924a66e7bf873da86141014ca93da1af9885cc73bd69234b6b,,08/12/2025 10:20:00 AM,30,NO CONTROLS,NO CONTROLS,CLEAR,DAYLIGHT,REAR TO FRONT,ONE-WAY,,STRAIGHT AND LEVEL,UNKNOWN,UNKNOWN,ON SCENE,NO INJURY / DRIVE AWAY,,,,$500 OR LESS,08/12/2025 10:20:00 AM,FAILING TO YIELD RIGHT-OF-WAY,NOT APPLICABLE,105,W,GRAND AVE,1831,,,,,,,2,NO INDICATION OF INJURY,0,0,0,0,0,2,0,10,3,8,41.8915133921,-87.6313713272,POINT (-87.631371327171 41.891513392098)
e253afd0b4e44b896804e7ff5d50a9072a4a2229efd67c277ea8ab224281a1db14a525e9fd3964b1ea646adbfd07c36fdd6794a6041a577a20ab7037068887aa,,08/12/2025 10:10:00 AM,30,NO CONTROLS,NO CONTROLS,CLEAR,DAYLIGHT,FIXED OBJECT,NOT DIVIDED,,STRAIGHT AND LEVEL,DRY,NO DEFECTS,ON SCENE,NO INJURY / DRIVE AWAY,,,,"OVER $1,500",08/12/2025 10:13:00 AM,UNABLE TO DETERMINE,NOT APPLICABLE,4801,W,LAWRENCE AVE,1623,,,,,,,1,NO INDICATION OF INJURY,0,0,0,0,0,1,0,10,3,8,41.9679134551,-87.7480487734,POINT (-87.748048773425 41.967913455117)
0823f296fac678cd2ea82af4baa5ae49d9b1e3f2f3180df39ea33a568fd49395bf513b954c3703a45900342368b7b6407bb12755004d4ef0a6eb2c213bb117d4,,08/12/2025 10:00:00 AM,30,NO CONTROLS,NO CONTROLS,UNKNOWN,"DARKNESS, LIGHTED ROAD",PARKED MOTOR VEHICLE,ONE-WAY,,STRAIGHT AND LEVEL,UNKNOWN,UNKNOWN,NOT ON SCENE (DESK REPORT),INJURY AND / OR TOW DUE TO CRASH,,,Y,"OVER $1,500",08/12/2025 08:10:00 PM,UNABLE TO DETERMINE,UNABLE TO DETERMINE,1500,S,RIDGEWAY AVE,1014,,,,,,,2,NO INDICATION OF INJURY,0,0,0,0,0,1,0,10,3,8,41.8606684488,-87.7190616173,POINT (-87.719061617267 41.860668448774)
e8332b9fc684c481e344f34df9cace0f8f6447bd405ce7d738986e06ec8b5979144edc6f1c3493fd66c81c14f15f93552ba379b4c95f2f44740dc497c760337e,,08/12/2025 10:00:00 AM,20,STOP SIGN/FLASHER,FUNCTIONING PROPERLY,RAIN,DAYLIGHT,FIXED OBJECT,NOT DIVIDED,,STRAIGHT AND LEVEL,WET,NO DEFECTS,ON SCENE,NO INJURY / DRIVE AWAY,,,Y,"$501 - $1,500",08/12/2025 03:00:00 PM,NOT APPLICABLE,NOT APPLICABLE,9801,S,AVENUE H,432,,,,,,,2,NO INDICATION OF INJURY,0,0,0,0,0,1,0,10,3,8,41.7176974334,-87.5327199425,POINT (-87.532719942515 41.717697433381)
0dae96a6bd669fec8a8b010772b84d45a9685b4b64e7d3bbc4a4eaa2eb5f86a5ee13abae42e793a732f44699936969f68cb9752b7623c91490142fff1a997e22,,08/12/2025 09:55:00 AM,30,NO CONTROLS,NO CONTROLS,CLEAR,DAYLIGHT,SIDESWIPE SAME DIRECTION,NOT DIVIDED,,STRAIGHT AND LEVEL,UNKNOWN,UNKNOWN,NOT ON SCENE (DESK REPORT),NO INJURY / DRIVE AWAY,,,,"OVER $1,500",08/13/2025 08:40:00 PM,UNABLE TO DETERMINE,UNABLE TO DETERMINE,76,E,MONROE ST,112,,,,,,,2,NO INDICATION OF INJURY,0,0,0,0,0,2,0,9,3,8,41.8809240351,-87.6249341999,POINT (-87.624934199852 41.880924035095)
5ce0ec653ed52626e0552e4e7e304eeb42c9db5c01f2c5261c461f7088726b9ac96b8f8005b2b543a5a034c9e8c5deb8665dfab69ace8de6e1f0f75ac041dbb7,,08/12/2025 09:52:00 AM,30,STOP SIGN/FLASHER,FUNCTIONING PROPERLY,CLEAR,DAYLIGHT,REAR TO SIDE,NOT DIVIDED,,STRAIGHT AND LEVEL,DRY,UNKNOWN,NOT ON SCENE (DESK REPORT),INJURY AND / OR TOW DUE TO CRASH,,,,"OVER $1,500",08/12/2025 11:20:00 AM,IMPROPER BACKING,UNABLE TO DETERMINE,1500,W,LELAND AVE,1912,,,,,,,2,"REPORTED, NOT EVIDENT",1,0,0,0,1,1,0,9,3,8,41.967186551,-87.6671601684,POINT (-87.667160168387 41.967186551025)
3f5f65999a8dd67523100e7b99135ac9b5c3445e00c0c665ebbfb43ca0709901bba60fbac236aa4d87a248b466b058838463f10bb91af27b2d3219874053161c,,08/12/2025 09:51:00 AM,30,NO CONTROLS,NO CONTROLS,CLEAR,DAYLIGHT,SIDESWIPE SAME DIRECTION,NOT DIVIDED,,STRAIGHT AND LEVEL,DRY,NO DEFECTS,NOT ON SCENE (DESK REPORT),NO INJURY / DRIVE AWAY,,,,"OVER $1,500",08/12/2025 10:01:00 AM,FAILING TO YIELD RIGHT-OF-WAY,IMPROPER OVERTAKING/PASSING,1536,W,CHICAGO AVE,1213,,,,,,,2,NO INDICATION OF INJURY,0,0,0,0,0,2,0,9,3,8,41.8961963991,-87.6664042636,POINT (-87.666404263591 41.896196399052)
b9fe579883f3ebae3df8958706d7ac9080aaeaf6270bf5aa0a7123c6d98179bead45f8422f0611ed7500b145b0e4a3883c557bd2b3eae53199798dfc6c9f55dd,,08/12/2025 09:50:00 AM,30,TRAFFIC SIGNAL,FUNCTIONING PROPERLY,CLEAR,DAYLIGHT,ANGLE,FOUR WAY,,STRAIGHT AND LEVEL,DRY,NO DEFECTS,ON SCENE,NO INJURY / DRIVE AWAY,Y,,,"OVER $1,500",08/12/2025 09:55:00 AM,FAILING TO REDUCE SPEED TO AVOID CRASH,UNABLE TO DETERMINE,6300,S,RACINE AVE,724,,,,,,,2,NO INDICATION OF INJURY,0,0,0,0,0,2,0,9,3,8,41.779516038,-87.6546468737,POINT (-87.654646873699 41.779516037968)
b424969a19c14cae33622e27caa9157afbbc80b065e9d21e105f94dbbd397b96988a2e459b5c1a3fedb1109e52e5d600e4913621776be623ed49946a1dfd1c13,,08/12/2025 09:40:00 AM,30,NO CONTROLS,NO CONTROLS,CLEAR,DAYLIGHT,PARKED MOTOR VEHICLE,NOT DIVIDED,,STRAIGHT AND LEVEL,DRY,NO DEFECTS,NOT ON SCENE (DESK REPORT),NO INJURY / DRIVE AWAY,,,,"OVER $1,500",08/13/2025 06:00:00 PM,UNABLE TO DETERMINE,UNABLE TO DETERMINE,2224,N,SEELEY AVE,1432,,,,,,,2,NO INDICATION OF INJURY,0,0,0,0,0,1,0,9,3,8,41.9221409125,-87.6791578849,POINT (-87.679157884874 41.922140912541)
f0ce5859eb2b85d9d85d8b34cbe4e86753027a9970ad7c61de6bb4ec100d6707a44f60a86ef58e411ddce45c1d27a8d4adfe5142e6ee19d89a0926a9b90fdf15,,08/12/2025 09:20:00 AM,30,STOP SIGN/FLASHER,FUNCTIONING PROPERLY,CLEAR,DAYLIGHT,TURNING,FOUR WAY,,STRAIGHT AND LEVEL,DRY,NO DEFECTS,NOT ON SCENE (DESK REPORT),NO INJURY / DRIVE AWAY,Y,,,"OVER $1,500",08/12/2025 04:12:00 PM,FAILING TO YIELD RIGHT-OF-WAY,DISREGARDING STOP SIGN,800,S,CALIFORNIA AVE,1135,,,,,,,2,NO INDICATION OF INJURY,0,0,0,0,0,2,0,9,3,8,41.8710137613,-87.6961710507,POINT (-87.69617105074 41.871013761335)
7f730d79c5a0f7763b9503c72dc3c7b21eb952059f6f5ce2579280fd648e11a2dc648a0f69ab74fa529173f63b712ac7dd2db9f6375bb240b8735242ecfc24fd,,08/12/2025 09:15:00 AM,10,NO CONTROLS,UNKNOWN,UNKNOWN,UNKNOWN,PARKED MOTOR VEHICLE,PARKING LOT,,STRAIGHT AND LEVEL,UNKNOWN,UNKNOWN,NOT ON SCENE (DESK REPORT),NO INJURY / DRIVE AWAY,,,,"OVER $1,500",08/12/2025 04:11:00 PM,UNABLE TO DETERMINE,UNABLE TO DETERMINE,4155,W,PETERSON AVE,1711,,,,,,,2,NO INDICATION OF INJURY,0,0,0,0,0,1,0,9,3,8,41.9899657832,-87.7333474304,POINT (-87.733347430364 41.989965783245)
9621e13d3aac5ab436ece90f10ef624536a98e0f3ca731dca43be641e166ff7e6d163861a3e603e3c4044f188e67d513c192c5bf498104fcf7cc5e594d70fe40,,08/12/2025 09:15:00 AM,30,NO CONTROLS,NO CONTROLS,RAIN,DAYLIGHT,SIDESWIPE SAME DIRECTION,DIVIDED - W/MEDIAN (NOT RAISED),,STRAIGHT AND LEVEL,WET,NO DEFECTS,,NO INJURY / DRIVE AWAY,,,,"OVER $1,500",08/12/2025 09:35:00 AM,IMPROPER OVERTAKING/PASSING,IMPROPER OVERTAKING/PASSING,5325,N,ASHLAND AVE,2012,,,,,,,2,NO INDICATION OF INJURY,0,0,0,0,0,2,0,9,3,8,41.9788045404,-87.6695402852,POINT (-87.669540285236 41.978804540363)
599099d47edbf044359308b437c126b7ea66cc7c6fbcf49f488e9f868e5d0b1e00e99c12259d46f96000c1b7ec79609f5e36d6010b995f800e255160ec52961d,,08/12/2025 09:05:00 AM,30,TRAFFIC SIGNAL,FUNCTIONING PROPERLY,RAIN,DAYLIGHT,SIDESWIPE SAME DIRECTION,DIVIDED - W/MEDIAN (NOT RAISED),,STRAIGHT AND LEVEL,WET,NO DEFECTS,ON SCENE,INJURY AND / OR TOW DUE TO CRASH,,,,"OVER $1,500",08/12/2025 01:13:00 PM,DRIVING SKILLS/KNOWLEDGE/EXPERIENCE,IMPROPER OVERTAKING/PASSING,943,N,STATE ST,1833,,,,,,,2,"REPORTED, NOT EVIDENT",1,0,0,0,1,1,0,9,3,8,41.9003665973,-87.6281586264,POINT (-87.628158626424 41.900366597345)