CRASH_RECORD_ID,CRASH_DATE_EST_I,CRASH_DATE,POSTED_SPEED_LIMIT,TRAFFIC_CONTROL_DEVICE,DEVICE_CONDITION,WEATHER_CONDITION,LIGHTING_CONDITION,FIRST_CRASH_TYPE,TRAFFICWAY_TYPE,LANE_CNT,ALIGNMENT,ROADWAY_SURFACE_COND,ROAD_DEFECT,REPORT_TYPE,CRASH_TYPE,INTERSECTION_RELATED_I,NOT_RIGHT_OF_WAY_I,HIT_AND_RUN_I,DAMAGE,DATE_POLICE_NOTIFIED,PRIM_CONTRIBUTORY_CAUSE,SEC_CONTRIBUTORY_CAUSE,STREET_NO,STREET_DIRECTION,STREET_NAME,BEAT_OF_OCCURRENCE,PHOTOS_TAKEN_I,STATEMENTS_TAKEN_I,DOORING_I,WORK_ZONE_I,WORK_ZONE_TYPE,WORKERS_PRESENT_I,NUM_UNITS,MOST_SEVERE_INJURY,INJURIES_TOTAL,INJURIES_FATAL,INJURIES_INCAPACITATING,INJURIES_NON_INCAPACITATING,INJURIES_REPORTED_NOT_EVIDENT,INJURIES_NO_INDICATION,INJURIES_UNKNOWN,CRASH_HOUR,CRASH_DAY_OF_WEEK,CRASH_MONTH,LATITUDE,LONGITUDE,LOCATION
f56f68e234b29c5e6a7b4f74d96a8de04a272fea4dbe6c1c2fa53bc06e8850bb8b8d97497de0a3408c967f01884d7c51b8bde5bdf93007bb480281deb32ad63a,,08/12/2025 09:05:00 AM,15,NO CONTROLS,NO CONTROLS,CLEAR,DAYLIGHT,PARKED MOTOR VEHICLE,ALLEY,,STRAIGHT AND LEVEL,WET,NO DEFECTS,ON SCENE,NO INJURY / DRIVE AWAY,,,,"$501 - $1,500",08/12/2025 09:10:00 AM,IMPROPER TURNING/NO SIGNAL,IMPROPER TURNING/NO SIGNAL,5950,W,BELDEN AVE,2515,,,,,,,2,NO INDICATION OF INJURY,0,0,0,0,0,1,0,9,3,8,41.9221218638,-87.7752612275,POINT (-87.775261227544 41.922121863847)
845b7c7120c55282507442410ef6630602090cb3bb49110a89c504761f18a79bc6d91e874c0972a16ff538d38a54df99bd38d06e1e804ed43be69188aea9b07f,,08/12/2025 09:00:00 AM,30,NO CONTROLS,NO CONTROLS,CLEAR,DAYLIGHT,PARKED MOTOR VEHICLE,NOT DIVIDED,,STRAIGHT AND LEVEL,DRY,NO DEFECTS,NOT ON SCENE (DESK REPORT),NO INJURY / DRIVE AWAY,,,,"OVER $1,500",08/15/2025 11:00:00 AM,UNABLE TO DETERMINE,NOT APPLICABLE,2139,N,DAMEN AVE,1432,,,,,,,2,NO INDICATION OF INJURY,0,0,0,0,0,1,0,9,3,8,41.9207615969,-87.6775834761,POINT (-87.677583476143 41.920761596852)
9c05bbf7478848080ca0a978035ec1cab6be889b75f53e922930cc3165761ecbeaaec60e255755d6dc1c0b8876bc4810a4c626888920c30b342c42e546f5438f,,08/12/2025 09:00:00 AM,30,NO CONTROLS,NO CONTROLS,CLEAR,DAYLIGHT,FIXED OBJECT,PARKING LOT,,STRAIGHT AND LEVEL,DRY,NO DEFECTS,NOT ON SCENE (DESK REPORT),NO INJURY / DRIVE AWAY,,Y,,"OVER $1,500",08/12/2025 09:30:00 AM,UNABLE TO DETERMINE,NOT APPLICABLE,4141,W,63RD ST,813,,,,,,,1,NO INDICATION OF INJURY,0,0,0,0,0,1,0,9,3,8,41.7784986747,-87.7268202722,POINT (-87.72682027224 41.778498674689)
e7d5de184ab2ebfa848195e567aad5c3e97d204aa276680568096f12657a7a70f87702e77a6e7c786f7cac5a8ac85329753ced0bfc34830123953785c96ea2f0,,08/12/2025 09:00:00 AM,30,STOP SIGN/FLASHER,FUNCTIONING PROPERLY,CLEAR,DAYLIGHT,PEDALCYCLIST,ONE-WAY,,STRAIGHT AND LEVEL,DRY,NO DEFECTS,NOT ON SCENE (DESK REPORT),INJURY AND / OR TOW DUE TO CRASH,Y,,N,"OVER $1,500",08/12/2025 02:15:00 PM,DISREGARDING STOP SIGN,UNABLE TO DETERMINE,3000,W,57TH ST,824,,,,,,,2,NONINCAPACITATING INJURY,1,0,0,1,0,1,0,9,3,8,41.7900732896,-87.6986419356,POINT (-87.698641935648 41.790073289558)
c39271f71b33d1672cc4dde58fa279daec6ece2b55f47877e9c2ef87afdb8a42f1ec7bb58367ecc6f000e8684019e717d7854587f722ec44ac9100f4c5b26ad5,,08/12/2025 08:55:00 AM,30,NO CONTROLS,FUNCTIONING PROPERLY,CLEAR,DAYLIGHT,PARKED MOTOR VEHICLE,OTHER,,STRAIGHT AND LEVEL,DRY,NO DEFECTS,NOT ON SCENE (DESK REPORT),NO INJURY / DRIVE AWAY,,,Y,"OVER $1,500",08/12/2025 11:30:00 AM,DRIVING SKILLS/KNOWLEDGE/EXPERIENCE,UNABLE TO DETERMINE,717,N,MICHIGAN AVE,1834,,,,,,,2,NO INDICATION OF INJURY,0,0,0,0,0,1,0,8,3,8,41.8955581096,-87.6241200636,POINT (-87.624120063627 41.895558109626)
e28e5b7a0558aea3c6131de6f74db417dceefac439b6870897488b27448bcd843f9c8b9f5f4337d95498b5ff63cf491ce88381a958b8fb769e37bec350bd164a,,08/12/2025 08:52:00 AM,30,NO CONTROLS,FUNCTIONING PROPERLY,CLEAR,DAYLIGHT,OTHER OBJECT,ONE-WAY,,STRAIGHT AND LEVEL,DRY,NO DEFECTS,ON SCENE,INJURY AND / OR TOW DUE TO CRASH,,,,"OVER $1,500",08/12/2025 09:10:00 AM,NOT APPLICABLE,NOT APPLICABLE,5219,S,WENTWORTH AVE,225,,,,,,,1,NONINCAPACITATING INJURY,1,0,0,1,0,0,0,8,3,8,41.7993701266,-87.6304849094,POINT (-87.630484909352 41.799370126618)
341d2c05d0aae8df0ae3f5c6d85cbdf1e30f881fc089b3e0c624d848623ac1d8fc4c2055a51c206c752780d541e6abc499b05e00fa93ddfc8bd66b98590fc305,,08/12/2025 08:50:00 AM,30,TRAFFIC SIGNAL,FUNCTIONING PROPERLY,RAIN,DAYLIGHT,TURNING,DIVIDED - W/MEDIAN (NOT RAISED),,STRAIGHT AND LEVEL,WET,NO DEFECTS,NOT ON SCENE (DESK REPORT),NO INJURY / DRIVE AWAY,Y,,,"OVER $1,500",08/12/2025 08:56:00 AM,UNABLE TO DETERMINE,UNABLE TO DETERMINE,4600,N,PULASKI RD,1722,,,,,,,2,NO INDICATION OF INJURY,0,0,0,0,0,2,0,8,3,8,41.9646447659,-87.7280765643,POINT (-87.728076564314 41.964644765911)
753471b525a3f480aea6f8bd456d938bee776dd2c5d9efdf3505005840025ce52d355c89028db6e14e5a415c8eead82704dd873fab057ae60e641ffe93550ba6,,08/12/2025 08:45:00 AM,30,OTHER,NO CONTROLS,CLEAR,DAYLIGHT,REAR TO SIDE,ALLEY,,STRAIGHT AND LEVEL,DRY,NO DEFECTS,ON SCENE,NO INJURY / DRIVE AWAY,,,,"OVER $1,500",08/12/2025 08:47:00 AM,UNABLE TO DETERMINE,NOT APPLICABLE,4242,N,WESTERN AVE,1911,,,,,,,2,NO INDICATION OF INJURY,0,0,0,0,0,2,0,8,3,8,41.9589373433,-87.688758966,POINT (-87.688758965968 41.958937343285)
4a9e38ae98be34b7273a9c97cfa9fb2d2eb327bfc95d5331e02dc85ea32fcf5fa33c0933ffbb23a2b3ae46abb8aecae6430553f07505211b387a2e506cced8cd,,08/12/2025 08:40:00 AM,30,NO PASSING,FUNCTIONING PROPERLY,CLEAR,DAYLIGHT,SIDESWIPE SAME DIRECTION,ONE-WAY,,STRAIGHT AND LEVEL,DRY,NO DEFECTS,NOT ON SCENE (DESK REPORT),NO INJURY / DRIVE AWAY,,,N,"OVER $1,500",08/12/2025 09:10:00 AM,IMPROPER OVERTAKING/PASSING,NOT APPLICABLE,4740,S,COTTAGE GROVE AVE,223,N,,,,,,2,NO INDICATION OF INJURY,0,0,0,0,0,2,0,8,3,8,41.8082849266,-87.6066840141,POINT (-87.606684014052 41.808284926643)
21cebb42250a5686936e2fc6105974bcf605f7e1ff0fe019db0b7a62578ae5ceb4e5f47265ad3ff24e8ce7e075a248efd7cd8b8b2e52d85a6f0136f24b54b440,,08/12/2025 08:36:00 AM,30,NO CONTROLS,NO CONTROLS,CLEAR,DAYLIGHT,SIDESWIPE SAME DIRECTION,DIVIDED - W/MEDIAN (NOT RAISED),,STRAIGHT AND LEVEL,DRY,NO DEFECTS,ON SCENE,NO INJURY / DRIVE AWAY,,,Y,"$501 - $1,500",08/12/2025 08:54:00 AM,UNABLE TO DETERMINE,UNABLE TO DETERMINE,5679,S,ARCHER AVE,814,,,,,,,2,NO INDICATION OF INJURY,0,0,0,0,0,2,0,8,3,8,41.7970202479,-87.7531834953,POINT (-87.753183495265 41.797020247873)
68e07dc148ee4450a11b6969c915fa48ffe16808f30fa1177b5be51bdf105091d5ce7a97d0b0ec4cde77a102ac5d13300bb8cde1ba9367fcc2215f525fe4d92f,,08/12/2025 08:35:00 AM,30,NO CONTROLS,NO CONTROLS,CLEAR,DAYLIGHT,REAR END,NOT DIVIDED,,STRAIGHT AND LEVEL,DRY,NO DEFECTS,ON SCENE,INJURY AND / OR TOW DUE TO CRASH,,,,"OVER $1,500",08/12/2025 08:37:00 AM,FAILING TO REDUCE SPEED TO AVOID CRASH,FOLLOWING TOO CLOSELY,4731,W,WILSON AVE,1722,,,,,,,3,"REPORTED, NOT EVIDENT",2,0,0,0,2,3,0,8,3,8,41.9642768456,-87.7465784893,POINT (-87.746578489285 41.964276845597)
96e14708b77a828ba1a81124b3f683b011c8afa285211503163c655cd37bc09487d60e1e9e280455422c4130a917c6629bb360736bad05b90c0b684be70fcb27,,08/12/2025 08:35:00 AM,30,TRAFFIC SIGNAL,FUNCTIONING PROPERLY,CLEAR,DAYLIGHT,SIDESWIPE SAME DIRECTION,DIVIDED - W/MEDIAN (NOT RAISED),,STRAIGHT AND LEVEL,WET,NO DEFECTS,NOT ON SCENE (DESK REPORT),NO INJURY / DRIVE AWAY,,,,"$501 - $1,500",08/12/2025 09:15:00 AM,IMPROPER LANE USAGE,UNABLE TO DETERMINE,6318,N,CALDWELL AVE,1621,,,,,,,2,NO INDICATION OF INJURY,0,0,0,0,0,2,0,8,3,8,41.9960275634,-87.7642535907,POINT (-87.764253590677 41.996027563389)
77528760435dee6d5d9ee4d2f2eab1df0dfdb2769057f855ea3a90cc184fef97d215e34a171150380e5fe3a1d58268c8dbb0e361a266db7b5bdb5658a9fe736e,,08/12/2025 08:32:00 AM,30,NO CONTROLS,NO CONTROLS,CLEAR,DAYLIGHT,PARKED MOTOR VEHICLE,DIVIDED - W/MEDIAN (NOT RAISED),,STRAIGHT AND LEVEL,UNKNOWN,OTHER,NOT ON SCENE (DESK REPORT),NO INJURY / DRIVE AWAY,,,,"OVER $1,500",08/12/2025 11:00:00 AM,UNABLE TO DETERMINE,UNABLE TO DETERMINE,1122,W,BALMORAL AVE,2023,,,,,,,2,NO INDICATION OF INJURY,0,0,0,0,0,1,0,8,3,8,41.9800978386,-87.6589042385,POINT (-87.658904238469 41.98009783859)
23ba03787a063cd2b2fd4545b1759da60cae9552277e172fe41daa5c0ae60cf5df11990372c412f1deb07b39ff3a43e60b8dc6322030aac8c4c25352129de65e,,08/12/2025 08:30:00 AM,25,NO CONTROLS,NO CONTROLS,RAIN,DAYLIGHT,OTHER OBJECT,ALLEY,,STRAIGHT AND LEVEL,WET,UNKNOWN,NOT ON SCENE (DESK REPORT),NO INJURY / DRIVE AWAY,,,,"OVER $1,500",08/12/2025 11:15:00 AM,UNABLE TO DETERMINE,UNABLE TO DETERMINE,5918,W,CULLOM AVE,1624,,,,,,,1,NO INDICATION OF INJURY,0,0,0,0,0,1,0,8,3,8,41.9586594586,-87.7752861251,POINT (-87.775286125125 41.958659458637)
31d689b66e840eb519ab880f5054d0d8e12851c2da58c196b72b4541373925a40f8daca0ab8dbd95320bae05a492c683b37c3189c3bf5800d43e2c86fe348a88,,08/12/2025 08:30:00 AM,30,TRAFFIC SIGNAL,FUNCTIONING PROPERLY,CLOUDY/OVERCAST,DAYLIGHT,PEDALCYCLIST,NOT DIVIDED,,STRAIGHT AND LEVEL,WET,UNKNOWN,ON SCENE,INJURY AND / OR TOW DUE TO CRASH,Y,,,$500 OR LESS,08/12/2025 08:34:00 AM,UNABLE TO DETERMINE,NOT APPLICABLE,5609,W,HIGGINS AVE,1622,,,Y,,,,2,NONINCAPACITATING INJURY,1,0,0,1,0,0,0,8,3,8,41.9703380273,-87.7680274646,POINT (-87.768027464613 41.970338027321)
7ed315ed27862b897c6bcc1a13b95a84880cf73adcd1ff3ffffddf3432c7aeb5c31d11dd86f5be93b7d39245a172f999dd894a874a444bbd21e803b3c7295744,,08/12/2025 08:30:00 AM,30,NO CONTROLS,NO CONTROLS,CLEAR,DAYLIGHT,REAR END,NOT DIVIDED,,STRAIGHT AND LEVEL,DRY,NO DEFECTS,NOT ON SCENE (DESK REPORT),NO INJURY / DRIVE AWAY,,,,$500 OR LESS,08/12/2025 09:05:00 AM,FOLLOWING TOO CLOSELY,FOLLOWING TOO CLOSELY,2366,N,CLYBOURN AVE,1811,,,,,,,2,NO INDICATION OF INJURY,0,0,0,0,0,2,0,8,3,8,41.9249398732,-87.6692460911,POINT (-87.669246091122 41.924939873159)
d29f647ca8b2f2fd47f49d2dbecc6d52205f36019d75d940cf5134751e69d922eaee63ceb59417716bc30e4e2cf827d793669c87ff468ca8b60bd224493715b1,,08/12/2025 08:30:00 AM,20,STOP SIGN/FLASHER,NO CONTROLS,CLEAR,DAYLIGHT,REAR TO SIDE,ALLEY,,STRAIGHT AND LEVEL,DRY,NO DEFECTS,NOT ON SCENE (DESK REPORT),NO INJURY / DRIVE AWAY,,,,"OVER $1,500",08/13/2025 12:20:00 PM,UNABLE TO DETERMINE,UNABLE TO DETERMINE,320,W,116TH ST,522,,,,,,,2,NO INDICATION OF INJURY,0,0,0,0,0,2,0,8,3,8,41.683511239,-87.6309929698,POINT (-87.630992969793 41.683511238992)
8d77cfe12d1901e9faed24191e9c066f3fb08cb96a67dae7cf139f3acd61c102f2d019e35adce22595b0b2c47d4768c62ea909c6666998f99ab4d4910c40cfd6,,08/12/2025 08:28:00 AM,30,NO CONTROLS,NO CONTROLS,CLEAR,DAYLIGHT,REAR END,NOT DIVIDED,,STRAIGHT AND LEVEL,DRY,NO DEFECTS,ON SCENE,INJURY AND / OR TOW DUE TO CRASH,,,,"OVER $1,500",08/13/2025 08:35:00 AM,FAILING TO REDUCE SPEED TO AVOID CRASH,IMPROPER OVERTAKING/PASSING,327,E,100TH ST,511,,,,,,,2,NO INDICATION OF INJURY,0,0,0,0,0,2,0,8,3,8,41.7126435759,-87.6151847642,POINT (-87.615184764205 41.712643575866)
dc9ef9116fb89f9a921463026f6ca93cc5941644ef62c73fd77da718cfc10eb94cfc5dcef766f986657ee31f48e78707cb008f4c83c34ac94b9bc89657b9c1b8,,08/12/2025 08:20:00 AM,30,TRAFFIC SIGNAL,FUNCTIONING PROPERLY,CLEAR,DAYLIGHT,ANGLE,NOT DIVIDED,,STRAIGHT ON GRADE,WET,NO DEFECTS,,NO INJURY / DRIVE AWAY,Y,,Y,"OVER $1,500",08/12/2025 09:10:00 AM,UNABLE TO DETERMINE,NOT APPLICABLE,2400,N,STOCKTON DR,1935,,,,,,,2,NO INDICATION OF INJURY,0,0,0,0,0,2,0,8,3,8,41.9257946768,-87.6362702695,POINT (-87.636270269466 41.925794676811)
cd13a4819368d5ea1d34c73716e4fff2dc506e3362b8c0f4bebdac7263c592f291975e399fa14285ef1be56a8791f57e48470c646dc1fd26cbc7105ae6a46fd1,,08/12/2025 08:18:00 AM,25,NO CONTROLS,NO CONTROLS,RAIN,DAYLIGHT,REAR END,DIVIDED - W/MEDIAN (NOT RAISED),,STRAIGHT AND LEVEL,WET,NO DEFECTS,NOT ON SCENE (DESK REPORT),NO INJURY / DRIVE AWAY,,,N,"$501 - $1,500",08/12/2025 08:45:00 AM,FOLLOWING TOO CLOSELY,UNABLE TO DETERMINE,4039,W,CERMAK RD,1013,,,,,,,2,NO INDICATION OF INJURY,0,0,0,0,0,4,0,8,3,8,41.8514164461,-87.7261728346,POINT (-87.726172834581 41.851416446121)
109297662d97321615515d3c70db101242f1641da2258c9937c9e484c943922a099de30845616bacfc615ad76f99b29ba6c9c8ab63a054b7f57530b5cd3435bd,,08/12/2025 08:15:00 AM,30,TRAFFIC SIGNAL,FUNCTIONING PROPERLY,CLEAR,DAYLIGHT,SIDESWIPE SAME DIRECTION,NOT DIVIDED,,STRAIGHT AND LEVEL,DRY,NO DEFECTS,ON SCENE,NO INJURY / DRIVE AWAY,,,Y,$500 OR LESS,08/12/2025 08:50:00 AM,IMPROPER OVERTAKING/PASSING,NOT APPLICABLE,7100,S,YATES BLVD,334,,,,,,,2,NO INDICATION OF INJURY,0,0,0,0,0,2,0,8,3,8,41.7662877009,-87.5666332658,POINT (-87.566633265847 41.766287700895)
63ea33b90d9f45d1e80dd88b13fb75e1fe244e1bf49e918a6651a9da082d28c5f9783c782a49ebd6453f1ae9a450111799b8f538623a0f30c3a517b22f458fdd,,08/12/2025 08:10:00 AM,30,NO CONTROLS,NO CONTROLS,CLEAR,DAYLIGHT,HEAD ON,DIVIDED - W/MEDIAN (NOT RAISED),,STRAIGHT AND LEVEL,WET,UNKNOWN,ON SCENE,INJURY AND / OR TOW DUE TO CRASH,,,Y,"OVER $1,500",08/12/2025 08:10:00 AM,UNABLE TO DETERMINE,UNABLE TO DETERMINE,452,W,63RD ST,711,,Y,,,,,2,"REPORTED, NOT EVIDENT",1,0,0,0,1,1,0,8,3,8,41.779983497,-87.6372130274,POINT (-87.637213027409 41.779983497008)
1ba96e33b14f44be41e1722779fd06a57533562a14fb85ffa1282d623251e6a28c3d41416e19bc41966b67af72a580cf232f023cd4294155c2adb3ea3b25d933,N,08/12/2025 08:00:00 AM,15,OTHER,OTHER,CLEAR,DAYLIGHT,PARKED MOTOR VEHICLE,ALLEY,,STRAIGHT AND LEVEL,DRY,UNKNOWN,ON SCENE,NO INJURY / DRIVE AWAY,,,Y,"OVER $1,500",08/12/2025 05:30:00 PM,UNABLE TO DETERMINE,UNABLE TO DETERMINE,233,N,MASON AVE,1512,,,,,,,2,NO INDICATION OF INJURY,0,0,0,0,0,1,0,8,3,8,41.8851028329,-87.7732377952,POINT (-87.773237795161 41.885102832881)
1dceb30b612668f8959df8697958d7d8d51326fa27dcce92e2769000f0c2031c46ca557db181547bb5c6920171297570b0f2f08dbcc62dc9fcefe86dd7480892,Y,08/12/2025 08:00:00 AM,30,STOP SIGN/FLASHER,FUNCTIONING PROPERLY,CLEAR,UNKNOWN,PARKED MOTOR VEHICLE,T-INTERSECTION,,STRAIGHT AND LEVEL,UNKNOWN,UNKNOWN,ON SCENE,INJURY AND / OR TOW DUE TO CRASH,,,Y,"OVER $1,500",08/12/2025 03:01:00 PM,IMPROPER LANE USAGE,NOT APPLICABLE,1164,W,31ST ST,913,,,,,,,2,NO INDICATION OF INJURY,0,0,0,0,0,1,0,8,3,8,41.8380239095,-87.6560049707,POINT (-87.656004970717 41.838023909502)
d50988c945af1ae5d315790a1f5d17f396b20e4d3a7794c037423755c1fef7562d20d79055ce62e0bf52c7c39d8cb848a1a4b8b3c5422f1682fd000dfbc1b337,,08/12/2025 08:00:00 AM,25,NO CONTROLS,NO CONTROLS,CLEAR,DAYLIGHT,TURNING,DIVIDED - W/MEDIAN (NOT RAISED),,STRAIGHT AND LEVEL,DRY,NO DEFECTS,,NO INJURY / DRIVE AWAY,,,,"$501 - $1,500",08/16/2025 09:00:00 AM,FAILING TO YIELD RIGHT-OF-WAY,"VISION OBSCURED (SIGNS, TREE LIMBS, BUILDINGS, ETC.)",2430,W,DEVON AVE,2412,,,,,,,2,NO INDICATION OF INJURY,0,0,0,0,0,2,0,8,3,8,41.9978204254,-87.69104545,POINT (-87.691045449968 41.997820425443)
3c74982d871802a077d17c25c7f0ed450fb39f547be15b70d33b997583d495a35b6f5a5ec449840a58c3f2717662b4f154738922685411f1e4bdba1702cdf353,,08/12/2025 07:54:00 AM,30,STOP SIGN/FLASHER,FUNCTIONING PROPERLY,CLEAR,DAYLIGHT,REAR END,NOT DIVIDED,,STRAIGHT AND LEVEL,DRY,NO DEFECTS,NOT ON SCENE (DESK REPORT),NO INJURY / DRIVE AWAY,,,,"$501 - $1,500",08/12/2025 10:00:00 AM,FOLLOWING TOO CLOSELY,FOLLOWING TOO CLOSELY,4799,W,DEVON AVE,1711,,,,,,,2,NO INDICATION OF INJURY,0,0,0,0,0,2,0,7,3,8,41.9971778334,-87.7482834887,POINT (-87.748283488725 41.997177833412)
9982dc1317c2b57c90f444b6c16fc3a36184b08991e5a81f20aa5fb1c7686b87bc697eb94b056d15eb13cece0946288e27548a42a16f3589bcb5c1cff27c1b6b,,08/12/2025 07:46:00 AM,30,TRAFFIC SIGNAL,FUNCTIONING PROPERLY,RAIN,DAYLIGHT,REAR END,NOT DIVIDED,,STRAIGHT AND LEVEL,WET,UNKNOWN,ON SCENE,INJURY AND / OR TOW DUE TO CRASH,,,,"OVER $1,500",08/12/2025 08:00:00 AM,DRIVING SKILLS/KNOWLEDGE/EXPERIENCE,UNABLE TO DETERMINE,4658,S,CICERO AVE,814,,,,,,,3,NONINCAPACITATING INJURY,1,0,0,1,0,3,0,7,3,8,41.8077126833,-87.7433002458,POINT (-87.743300245789 41.80771268334)
801dec42eae99a47cf84401a7adbf4b62f1d2de0615894f4193a76d9ccc6e27da70f06e4aa0dcd0e639b07f0a0fe8ec0f2b032f00fc9c981d9c983b776aabef7,,08/12/2025 07:45:00 AM,30,NO CONTROLS,NO CONTROLS,CLEAR,DAYLIGHT,REAR END,ALLEY,,STRAIGHT AND LEVEL,DRY,NO DEFECTS,NOT ON SCENE (DESK REPORT),NO INJURY / DRIVE AWAY,,,Y,"OVER $1,500",08/12/2025 06:30:00 PM,"OPERATING VEHICLE IN ERRATIC, RECKLESS, CARELESS, NEGLIGENT OR AGGRESSIVE MANNER",NOT APPLICABLE,659,E,73RD ST,323,,,,,,,2,NO INDICATION OF INJURY,0,0,0,0,0,2,0,7,3,8,41.7620770093,-87.6079848713,POINT (-87.607984871334 41.762077009313)
442451e883179626f785a2474fb7d0056796a21cfcd6c82ffdb51a0cf85131e3ffccc2c292f2ecc6d4bdfdea2e10db6b45849eae386a27779f7fb4c0c8a6b71f,,08/12/2025 07:44:00 AM,30,NO CONTROLS,NO CONTROLS,RAIN,DAYLIGHT,PARKED MOTOR VEHICLE,ONE-WAY,,STRAIGHT AND LEVEL,UNKNOWN,UNKNOWN,ON SCENE,NO INJURY / DRIVE AWAY,,,,"OVER $1,500",08/12/2025 07:52:00 AM,UNABLE TO DETERMINE,UNABLE TO DETERMINE,4113,N,LEAMINGTON AVE,1624,,,,,,,2,NO INDICATION OF INJURY,0,0,0,0,0,1,0,7,3,8,41.955572543,-87.7558438266,POINT (-87.755843826596 41.955572542988)
2689b98556c9cc7c4c0f0ec2176f486069a20a93955c9bd067ff87d41732c0db2cc7791c1c09cb4a28a225dabdfe476bc8cad138cab633227ab6b50e5981c986,,08/12/2025 07:43:00 AM,30,TRAFFIC SIGNAL,UNKNOWN,RAIN,DAYLIGHT,REAR END,ONE-WAY,,STRAIGHT AND LEVEL,WET,UNKNOWN,ON SCENE,NO INJURY / DRIVE AWAY,,,Y,"$501 - $1,500",08/12/2025 07:44:00 AM,UNABLE TO DETERMINE,NOT APPLICABLE,3200,N,LAKE SHORE DR NB,1925,,,,,,,2,NO INDICATION OF INJURY,0,0,0,0,0,2,0,7,3,8,41.9404429026,-87.6386335392,POINT (-87.638633539238 41.940442902597)
0f6a03776d89b48516f2c4cba358dee997f1609ac782e79ae5924220f0b373f606e895b4467aabf95f4e10f65ec11c5d9e0aee9ae7533556e1edd4c727734521,,08/12/2025 07:30:00 AM,40,NO CONTROLS,NO CONTROLS,CLEAR,DAYLIGHT,OTHER NONCOLLISION,DIVIDED - W/MEDIAN BARRIER,,STRAIGHT AND LEVEL,DRY,NO DEFECTS,ON SCENE,INJURY AND / OR TOW DUE TO CRASH,,,,"OVER $1,500",08/12/2025 07:40:00 AM,EQUIPMENT - VEHICLE CONDITION,NOT APPLICABLE,753,S,LAKE SHORE DR NB,114,,Y,,,,,1,NO INDICATION OF INJURY,0,0,0,0,0,1,0,7,3,8,41.8724250151,-87.6169210938,POINT (-87.616921093827 41.872425015053)
7e2dc5736194c5086fddc9d09216496b11c31099662ce50a9fe4557a1141728c896b5f9d589d2fcd2ba3b74b436ac93584d9b851ae8287d29952b525c30debcd,,08/12/2025 07:30:00 AM,30,YIELD,FUNCTIONING PROPERLY,RAIN,DAYLIGHT,REAR END,NOT DIVIDED,,STRAIGHT AND LEVEL,WET,NO DEFECTS,ON SCENE,INJURY AND / OR TOW DUE TO CRASH,,,,"$501 - $1,500",08/12/2025 07:34:00 AM,FAILING TO REDUCE SPEED TO AVOID CRASH,WEATHER,5069,W,MADISON ST,1533,,,,,,,3,NO INDICATION OF INJURY,0,0,0,0,0,3,0,7,3,8,41.8802960895,-87.7524941982,POINT (-87.752494198152 41.880296089472)
82efa3e1e439ee9d68ef3a7571998d04ebdd680db3d202db5a87b88368f355c870b6bee2785279fc6fe2ee978373a0e1196c32dbca9849be28054c718cc4f184,,08/12/2025 07:30:00 AM,30,NO CONTROLS,NO CONTROLS,CLEAR,DAYLIGHT,PARKED MOTOR VEHICLE,NOT DIVIDED,,STRAIGHT AND LEVEL,DRY,NO DEFECTS,ON SCENE,NO INJURY / DRIVE AWAY,,,Y,"OVER $1,500",08/12/2025 09:15:00 AM,FOLLOWING TOO CLOSELY,NOT APPLICABLE,1543,W,WALTON ST,1213,,,,,,,2,NO INDICATION OF INJURY,0,0,0,0,0,1,0,7,3,8,41.8987006988,-87.6666339642,POINT (-87.666633964192 41.898700698835)
c77ff948fa892141c171beb3a647b5aa4d2511f5c5f2e14cd320ebc65e5bac63786b7929c2620f2e24240b9b6d5b142156c3503dbc3894ef122c42d2411dd3d7,,08/12/2025 07:30:00 AM,20,NO CONTROLS,NO CONTROLS,CLEAR,DAYLIGHT,PARKED MOTOR VEHICLE,NOT DIVIDED,,STRAIGHT AND LEVEL,WET,NO DEFECTS,ON SCENE,NO INJURY / DRIVE AWAY,,,,"OVER $1,500",08/12/2025 07:41:00 AM,UNABLE TO DETERMINE,NOT APPLICABLE,1423,W,BRYN MAWR AVE,2013,,,,,,,2,NO INDICATION OF INJURY,0,0,0,0,0,2,0,7,3,8,41.9834281892,-87.6658653729,POINT (-87.665865372922 41.983428189179)
dbd7efd565ef07e9ef91d43067c8efc3974c0dec4bbf9a9648d0d76676574fd1736400e69d082c10800ecf4940dce422a0ef86cebbb1d6ab72f4d15d66c1b5f3,,08/12/2025 07:30:00 AM,30,TRAFFIC SIGNAL,FUNCTIONING PROPERLY,CLEAR,DAYLIGHT,PEDESTRIAN,NOT DIVIDED,,STRAIGHT AND LEVEL,DRY,NO DEFECTS,NOT ON SCENE (DESK REPORT),INJURY AND / OR TOW DUE TO CRASH,Y,,Y,"OVER $1,500",08/18/2025 05:30:00 PM,FAILING TO YIELD RIGHT-OF-WAY,FAILING TO YIELD RIGHT-OF-WAY,3356,N,CENTRAL AVE,1633,,,,,,,2,"REPORTED, NOT EVIDENT",1,0,0,0,1,1,0,7,3,8,41.9419856058,-87.7667661439,POINT (-87.766766143882 41.941985605758)