CRASH_RECORD_ID,CRASH_DATE_EST_I,CRASH_DATE,POSTED_SPEED_LIMIT,TRAFFIC_CONTROL_DEVICE,DEVICE_CONDITION,WEATHER_CONDITION,LIGHTING_CONDITION,FIRST_CRASH_TYPE,TRAFFICWAY_TYPE,LANE_CNT,ALIGNMENT,ROADWAY_SURFACE_COND,ROAD_DEFECT,REPORT_TYPE,CRASH_TYPE,INTERSECTION_RELATED_I,NOT_RIGHT_OF_WAY_I,HIT_AND_RUN_I,DAMAGE,DATE_POLICE_NOTIFIED,PRIM_CONTRIBUTORY_CAUSE,SEC_CONTRIBUTORY_CAUSE,STREET_NO,STREET_DIRECTION,STREET_NAME,BEAT_OF_OCCURRENCE,PHOTOS_TAKEN_I,STATEMENTS_TAKEN_I,DOORING_I,WORK_ZONE_I,WORK_ZONE_TYPE,WORKERS_PRESENT_I,NUM_UNITS,MOST_SEVERE_INJURY,INJURIES_TOTAL,INJURIES_FATAL,INJURIES_INCAPACITATING,INJURIES_NON_INCAPACITATING,INJURIES_REPORTED_NOT_EVIDENT,INJURIES_NO_INDICATION,INJURIES_UNKNOWN,CRASH_HOUR,CRASH_DAY_OF_WEEK,CRASH_MONTH,LATITUDE,LONGITUDE,LOCATION
e306a0510986ab9d9de6e74170e00803ea6d16d4055aa82930df63b1b7c8ff8b8289527332c7ff6984112cf9a440af5aa6c98d027ce5ee2356d7c6aef9cb23f3,,08/12/2025 07:30:00 AM,30,NO CONTROLS,NO CONTROLS,CLEAR,DAYLIGHT,TURNING,DIVIDED - W/MEDIAN (NOT RAISED),,STRAIGHT AND LEVEL,DRY,NO DEFECTS,ON SCENE,NO INJURY / DRIVE AWAY,,,Y,"$501 - $1,500",08/12/2025 07:50:00 AM,IMPROPER TURNING/NO SIGNAL,IMPROPER LANE USAGE,4732,W,47TH ST,815,,,,,,,2,NO INDICATION OF INJURY,0,0,0,0,0,2,0,7,3,8,41.8077478821,-87.7419957563,POINT (-87.741995756333 41.807747882071)
e814af70ca5d9aa1ad4331f0f49fb2f148ddc4517c305424d999f03b44a08ed199f50b16e4acfcf55b7f6f450e9c2f15ca86951bb7a56a8942232948f30117e5,,08/12/2025 07:30:00 AM,30,TRAFFIC SIGNAL,FUNCTIONING PROPERLY,CLEAR,DAYLIGHT,REAR END,NOT DIVIDED,,STRAIGHT AND LEVEL,WET,NO DEFECTS,NOT ON SCENE (DESK REPORT),NO INJURY / DRIVE AWAY,,,Y,"OVER $1,500",08/12/2025 07:30:00 AM,UNABLE TO DETERMINE,NOT APPLICABLE,6220,N,CENTRAL AVE,1621,,,,,,,2,NO INDICATION OF INJURY,0,0,0,0,0,2,0,7,3,8,41.9950484473,-87.7647757715,POINT (-87.764775771516 41.995048447288)
4413e38d5b46ac88bc38a9c0143437a3c2fdbd998ee449e9c5f525bdfc36cb605b85eeb81eb6c00bbef2bf065f62e19df8427192fd71ce1b5f0997e52d6d5ae3,,08/12/2025 07:28:00 AM,30,TRAFFIC SIGNAL,FUNCTIONING PROPERLY,UNKNOWN,UNKNOWN,REAR END,DIVIDED - W/MEDIAN BARRIER,,STRAIGHT AND LEVEL,UNKNOWN,UNKNOWN,NOT ON SCENE (DESK REPORT),NO INJURY / DRIVE AWAY,,,,"OVER $1,500",08/12/2025 08:55:00 AM,UNABLE TO DETERMINE,NOT APPLICABLE,4039,W,CERMAK RD,1013,,,,,,,2,NO INDICATION OF INJURY,0,0,0,0,0,4,0,7,3,8,41.8514164461,-87.7261728346,POINT (-87.726172834581 41.851416446121)
f485851e5c7e4261a1f08ebf99cc5e20546ef0a891e82e477f869fd0c536ac9633cbb045be9e1ddbe02bfbca2e34489fa15d2f06122c9dcf8515fb548f1411e9,,08/12/2025 07:17:00 AM,30,NO CONTROLS,NO CONTROLS,RAIN,DAYLIGHT,PEDESTRIAN,NOT DIVIDED,,STRAIGHT AND LEVEL,WET,NO DEFECTS,ON SCENE,INJURY AND / OR TOW DUE TO CRASH,,,,"OVER $1,500",08/12/2025 07:17:00 AM,NOT APPLICABLE,NOT APPLICABLE,2737,W,WARREN BLVD,1222,,,,,,,2,NONINCAPACITATING INJURY,2,0,0,1,1,0,0,7,3,8,41.8818909087,-87.6953802937,POINT (-87.695380293697 41.881890908724)
bf0fa4558fd936521a33a483e1703a6cdb296183dc2fb712df2d265277e3f6d57c81c9dd545626a2acf4a0caa174db0a6d1a3fbd27376a0038b1cdf58251ca52,,08/12/2025 07:14:00 AM,30,NO CONTROLS,NO CONTROLS,CLEAR,DAYLIGHT,PARKED MOTOR VEHICLE,NOT DIVIDED,,STRAIGHT AND LEVEL,DRY,NO DEFECTS,ON SCENE,NO INJURY / DRIVE AWAY,,,,"$501 - $1,500",08/12/2025 07:25:00 AM,UNABLE TO DETERMINE,NOT APPLICABLE,5600,S,WESTERN AVE,824,,,,,,,2,NO INDICATION OF INJURY,0,0,0,0,0,2,0,7,3,8,41.7922647972,-87.6841436378,POINT (-87.68414363785 41.792264797229)
258ce7626c45823c9e1bfc72fc5e521afea4475264df15589787f30ac450c028636c0405aa8acac4f4c3ce43ad2e1c8fddd21ff6e27009e2ae771d8f0c1bf63e,,08/12/2025 07:00:00 AM,30,STOP SIGN/FLASHER,FUNCTIONING PROPERLY,CLOUDY/OVERCAST,DAYLIGHT,ANGLE,FOUR WAY,,STRAIGHT AND LEVEL,WET,UNKNOWN,ON SCENE,NO INJURY / DRIVE AWAY,Y,,,"OVER $1,500",08/12/2025 07:05:00 AM,UNABLE TO DETERMINE,NOT APPLICABLE,3700,W,CERMAK RD,1014,,,,,,,2,NO INDICATION OF INJURY,0,0,0,0,0,2,0,7,3,8,41.8517426808,-87.7174934383,POINT (-87.717493438332 41.851742680807)
b4f9c7d606c18df0d49b8719153c5bdede4d018ed9dc109842cb2af05fbe6919002ba8eee39901560b55f2fff14dece145c17842bc869af02a4b5ce49689c4fb,,08/12/2025 07:00:00 AM,10,NO CONTROLS,NO CONTROLS,CLEAR,DAYLIGHT,PARKED MOTOR VEHICLE,PARKING LOT,,STRAIGHT AND LEVEL,DRY,NO DEFECTS,ON SCENE,NO INJURY / DRIVE AWAY,,,Y,"OVER $1,500",08/12/2025 10:17:00 AM,UNABLE TO DETERMINE,UNABLE TO DETERMINE,4905,W,NORTH AVE,2533,,,,,,,2,NO INDICATION OF INJURY,0,0,0,0,0,1,0,7,3,8,41.9094801719,-87.7488564309,POINT (-87.748856430894 41.909480171867)
cd0cd0bd2a42cfd5ea459baa624b8910cd1105065f80346edc410e6a4f55e11d052323b2fbc1284538c71d1e430b29a985d990a502d34d8a6afff7f32356eb01,,08/12/2025 07:00:00 AM,30,UNKNOWN,UNKNOWN,RAIN,UNKNOWN,PARKED MOTOR VEHICLE,NOT DIVIDED,,STRAIGHT AND LEVEL,WET,UNKNOWN,NOT ON SCENE (DESK REPORT),NO INJURY / DRIVE AWAY,,,Y,"OVER $1,500",08/13/2025 09:38:00 AM,NOT APPLICABLE,NOT APPLICABLE,745,E,69TH PL,321,,,,,,,2,NO INDICATION OF INJURY,0,0,0,0,0,1,0,7,3,8,41.7683667779,-87.6071831652,POINT (-87.607183165171 41.768366777934)
68c5d69075b2f41f30864751802a61e31a74d1575b798d25a66c019a9c37974912fde473f740888b3f8ba31380e44303bd692ffaae2b5ff995f96e364af50b82,,08/12/2025 06:56:00 AM,30,TRAFFIC SIGNAL,FUNCTIONING PROPERLY,CLEAR,DAYLIGHT,ANGLE,FOUR WAY,,STRAIGHT AND LEVEL,DRY,NO DEFECTS,ON SCENE,INJURY AND / OR TOW DUE TO CRASH,Y,,,"OVER $1,500",08/12/2025 07:01:00 AM,DRIVING SKILLS/KNOWLEDGE/EXPERIENCE,NOT APPLICABLE,10100,S,HALSTED ST,2232,,,,,,,2,NONINCAPACITATING INJURY,1,0,0,1,0,1,0,6,3,8,41.7104642821,-87.6430725056,POINT (-87.643072505572 41.710464282056)
d4495cf3173b291cab013209e123cd472dac706845372ec46a5a0cafdee90b14d88f996171d5b12be7fa841fe3eb688f5c4b6e31ba3adf7cb080e1a1f8c0cced,,08/12/2025 06:44:00 AM,30,NO CONTROLS,NO CONTROLS,RAIN,DAWN,PARKED MOTOR VEHICLE,NOT DIVIDED,,STRAIGHT AND LEVEL,WET,NO DEFECTS,ON SCENE,INJURY AND / OR TOW DUE TO CRASH,,,,"OVER $1,500",08/12/2025 07:00:00 AM,WEATHER,DRIVING SKILLS/KNOWLEDGE/EXPERIENCE,2034,N,NARRAGANSETT AVE,2512,,,,,,,3,NO INDICATION OF INJURY,0,0,0,0,0,1,0,6,3,8,41.9175537551,-87.7854052891,POINT (-87.785405289137 41.91755375507)
c6c061346312073856baac2270db644ab6f6f7a525518ac6d2370ecb6453233274cfbb295ad4d886c8691d1ea43c12605c1d0644f5c68a3525beb9f74d78b59a,,08/12/2025 06:34:00 AM,30,UNKNOWN,UNKNOWN,CLEAR,DAYLIGHT,ANGLE,FOUR WAY,,STRAIGHT AND LEVEL,UNKNOWN,UNKNOWN,ON SCENE,INJURY AND / OR TOW DUE TO CRASH,Y,,,"OVER $1,500",08/12/2025 06:45:00 AM,UNABLE TO DETERMINE,UNABLE TO DETERMINE,5900,S,YALE AVE,711,,,,,,,2,INCAPACITATING INJURY,1,0,1,0,0,1,0,6,3,8,41.7871751726,-87.6320955367,POINT (-87.632095536704 41.787175172589)
788406fd16fc67967a24290421411bf330f07acc1060e8ef8b5efd316b6ffa94a95595ee2561dc4365aa1d03fb5e4eebc077d1c4d0da74d60977f33723da8465,,08/12/2025 06:15:00 AM,30,TRAFFIC SIGNAL,FUNCTIONING PROPERLY,CLOUDY/OVERCAST,DAYLIGHT,SIDESWIPE SAME DIRECTION,ONE-WAY,,STRAIGHT AND LEVEL,DRY,NO DEFECTS,ON SCENE,NO INJURY / DRIVE AWAY,,,Y,"OVER $1,500",08/12/2025 06:30:00 AM,IMPROPER LANE USAGE,UNABLE TO DETERMINE,3600,W,CONGRESS PKWY,1133,,,,,,,2,NO INDICATION OF INJURY,0,0,0,0,0,2,0,6,3,8,41.8745991564,-87.7157409093,POINT (-87.71574090926 41.874599156417)
3499132455b8ccf0aead8565c89812db6759f6069ace278403027cbd99a51e297c85886502132db3af454e42dcf7663000e44b7d8c0263fa68f741a7baeb2aef,,08/12/2025 06:05:00 AM,35,NO CONTROLS,NO CONTROLS,RAIN,DAYLIGHT,PEDALCYCLIST,NOT DIVIDED,,STRAIGHT AND LEVEL,WET,NO DEFECTS,ON SCENE,INJURY AND / OR TOW DUE TO CRASH,,,,$500 OR LESS,08/12/2025 07:30:00 AM,FAILING TO YIELD RIGHT-OF-WAY,UNABLE TO DETERMINE,1700,N,CLYBOURN AVE,1813,,,,,,,2,NONINCAPACITATING INJURY,1,0,0,1,0,1,0,6,3,8,41.9119324962,-87.6511508425,POINT (-87.651150842511 41.911932496239)
d2099b167e74e917db755157eabc5813e07c6b9cf37d5750784661fd237455e0527af1fdd137f0475daea5e0fd47d42cb72704ea7284b763abb680057e133b45,,08/12/2025 05:30:00 AM,30,NO CONTROLS,NO CONTROLS,CLEAR,DAYLIGHT,SIDESWIPE SAME DIRECTION,NOT DIVIDED,,STRAIGHT AND LEVEL,DRY,NO DEFECTS,,NO INJURY / DRIVE AWAY,,,,"OVER $1,500",08/12/2025 03:30:00 PM,UNABLE TO DETERMINE,UNABLE TO DETERMINE,4716,W,ROOSEVELT RD,1131,,,,,,,2,NO INDICATION OF INJURY,0,0,0,0,0,2,0,5,3,8,41.8660254068,-87.7430390118,POINT (-87.743039011818 41.866025406822)
5f2ba6cd5e6246ba9f862d4158f269346b251f28d71c7838ce549072bab7dd09c7679ff03f4f81cd62a1a5f5c4aaf29f220c866661132021dab815e44ba3c3a3,,08/12/2025 05:20:00 AM,30,TRAFFIC SIGNAL,FUNCTIONING PROPERLY,CLOUDY/OVERCAST,DAYLIGHT,TURNING,FOUR WAY,,STRAIGHT AND LEVEL,WET,NO DEFECTS,ON SCENE,INJURY AND / OR TOW DUE TO CRASH,Y,,,"OVER $1,500",08/12/2025 05:30:00 AM,UNABLE TO DETERMINE,NOT APPLICABLE,3135,S,DAMEN AVE,912,,,,,,,2,NONINCAPACITATING INJURY,4,0,0,4,0,0,0,5,3,8,41.8366356639,-87.6752915396,POINT (-87.675291539614 41.83663566387)
6bf71af3c95032d229819315c15731e4ac2d0c12439949d0ded9f6da368ff0cccae18950bfdf706916b7a631a36ee5b22cc25daace3d93cee56a19053c115a45,,08/12/2025 05:20:00 AM,30,NO CONTROLS,NO CONTROLS,CLEAR,"DARKNESS, LIGHTED ROAD",SIDESWIPE SAME DIRECTION,NOT DIVIDED,,STRAIGHT AND LEVEL,WET,NO DEFECTS,NOT ON SCENE (DESK REPORT),NO INJURY / DRIVE AWAY,,,,"OVER $1,500",08/12/2025 05:35:00 AM,IMPROPER LANE USAGE,FAILING TO YIELD RIGHT-OF-WAY,1040,N,ASHLAND AVE,1213,,,,,,,2,NO INDICATION OF INJURY,0,0,0,0,0,2,0,5,3,8,41.9009544583,-87.6675740402,POINT (-87.667574040222 41.900954458291)
74799fd19feca5b2edb329f832519a88db4ebe67ed79f5fd6946fff2a0231fee4f5ab9c8b1d0a6ed6c9eb89d47a5f5aaff04ec182ff427b69997d76782f78346,N,08/12/2025 05:00:00 AM,15,STOP SIGN/FLASHER,NO CONTROLS,CLEAR,DAYLIGHT,PARKED MOTOR VEHICLE,ONE-WAY,,STRAIGHT AND LEVEL,DRY,NO DEFECTS,NOT ON SCENE (DESK REPORT),NO INJURY / DRIVE AWAY,,,Y,"OVER $1,500",08/12/2025 06:00:00 AM,FOLLOWING TOO CLOSELY,NOT APPLICABLE,6404,S,KEATING AVE,813,,,,,,,2,NO INDICATION OF INJURY,0,0,0,0,0,1,0,5,3,8,41.7764163793,-87.7411543122,POINT (-87.741154312175 41.776416379302)
68d284f9a359a8a9feff14d887921e3524d3f9e9e640cf2ca5a9314dfbb3bf68df97fd89105c1b8c2f1e10ad96ef5ef7017cefdfab6abc683a2f6215a8c82b0b,,08/12/2025 04:50:00 AM,30,TRAFFIC SIGNAL,FUNCTIONING PROPERLY,CLEAR,"DARKNESS, LIGHTED ROAD",ANGLE,DIVIDED - W/MEDIAN (NOT RAISED),,STRAIGHT AND LEVEL,DRY,NO DEFECTS,ON SCENE,NO INJURY / DRIVE AWAY,Y,,,"OVER $1,500",08/12/2025 04:52:00 AM,DRIVING SKILLS/KNOWLEDGE/EXPERIENCE,DISREGARDING OTHER TRAFFIC SIGNS,2400,N,KOSTNER AVE,2524,,,,,,,2,NO INDICATION OF INJURY,0,0,0,0,0,3,0,4,3,8,41.9244106573,-87.7367198212,POINT (-87.736719821172 41.924410657307)
50c3531fb74d6d7c3a1f65675c4605c24c4cc0a5ba3e9ad90cca55010990781c2ab947efb642db6fd6711dd4dd148a88d270eb8af1ee8bb885971e370676dc63,,08/12/2025 04:37:00 AM,35,NO CONTROLS,NO CONTROLS,CLEAR,"DARKNESS, LIGHTED ROAD",PARKED MOTOR VEHICLE,NOT DIVIDED,,STRAIGHT AND LEVEL,DRY,NO DEFECTS,,INJURY AND / OR TOW DUE TO CRASH,,,Y,"OVER $1,500",08/12/2025 04:40:00 AM,FAILING TO REDUCE SPEED TO AVOID CRASH,EQUIPMENT - VEHICLE CONDITION,3514,N,CICERO AVE,1634,,,,,,,3,NO INDICATION OF INJURY,0,0,0,0,0,1,0,4,3,8,41.94481458,-87.7471761918,POINT (-87.747176191812 41.944814579979)
a58670bb441393ebf298962bb41818d62a53b7496f4d52887d04997dbbd272116214fdd290862c6dcc5ed8451166693fb18281eff72b83f53f0e7f5f9da1edb7,,08/12/2025 03:30:00 AM,30,TRAFFIC SIGNAL,UNKNOWN,CLEAR,UNKNOWN,SIDESWIPE SAME DIRECTION,FOUR WAY,,STRAIGHT AND LEVEL,UNKNOWN,UNKNOWN,NOT ON SCENE (DESK REPORT),NO INJURY / DRIVE AWAY,,,,$500 OR LESS,08/12/2025 03:47:00 AM,DRIVING SKILLS/KNOWLEDGE/EXPERIENCE,UNABLE TO DETERMINE,5155,N,WESTERN AVE,2031,,,,,,,2,NO INDICATION OF INJURY,0,0,0,0,0,2,0,3,3,8,41.9756914552,-87.6889952971,POINT (-87.68899529712 41.975691455171)
842b8f6e0dd438d7d71cc436f2147e1a5fa8782a911b5202d451ecdb4c0f55cc7c7e19db400e97ba0622c11cb9e4e40f981ee4adafe877aec10252e42c78daab,,08/12/2025 03:27:00 AM,30,TRAFFIC SIGNAL,FUNCTIONING PROPERLY,CLOUDY/OVERCAST,"DARKNESS, LIGHTED ROAD",TURNING,DIVIDED - W/MEDIAN BARRIER,,STRAIGHT AND LEVEL,WET,NO DEFECTS,ON SCENE,INJURY AND / OR TOW DUE TO CRASH,,,,"OVER $1,500",08/12/2025 03:28:00 AM,UNABLE TO DETERMINE,NOT APPLICABLE,2001,W,GARFIELD BLVD,715,,,,,,,2,NO INDICATION OF INJURY,0,0,0,0,0,2,0,3,3,8,41.7934462595,-87.6743464583,POINT (-87.674346458333 41.793446259528)
802c45f7037680a5ee1426340bfa6cba9553e83cde88d501d7d12303d5ea92ce79d734ce9837827decd543131e3343d0f8cdf7761dec2124a88f636d29769ad6,,08/12/2025 03:15:00 AM,30,NO CONTROLS,NO CONTROLS,UNKNOWN,UNKNOWN,PARKED MOTOR VEHICLE,ONE-WAY,,STRAIGHT AND LEVEL,UNKNOWN,UNKNOWN,NOT ON SCENE (DESK REPORT),NO INJURY / DRIVE AWAY,,,Y,$500 OR LESS,08/13/2025 09:50:00 AM,UNABLE TO DETERMINE,NOT APPLICABLE,4514,S,LAPORTE AVE,814,,,,,,,2,NO INDICATION OF INJURY,0,0,0,0,0,1,0,3,3,8,41.810735999,-87.747059728,POINT (-87.747059728002 41.810735998997)
5fd4f1010fb5b7f7d764e0e981afcaa0ff4e1e6fa7a69e6f04aa1158f173ddde3f281c231c9482af04e645fe0acb76c900a6a40d97b4c6e659a8afdbaa8885ee,N,08/12/2025 03:00:00 AM,20,NO CONTROLS,NO CONTROLS,CLEAR,"DARKNESS, LIGHTED ROAD",PARKED MOTOR VEHICLE,DIVIDED - W/MEDIAN (NOT RAISED),,STRAIGHT AND LEVEL,DRY,NO DEFECTS,NOT ON SCENE (DESK REPORT),NO INJURY / DRIVE AWAY,,,Y,"OVER $1,500",08/14/2025 06:15:00 PM,UNABLE TO DETERMINE,UNABLE TO DETERMINE,5158,N,AVERS AVE,1712,,,,,,,2,NO INDICATION OF INJURY,0,0,0,0,0,1,0,3,3,8,41.9754219401,-87.7247408592,POINT (-87.724740859181 41.97542194007)
f031cf97d0b64939c53665555db70ed4ffbfd3bda4d8f6c01de3d86e36b84504eb8daa8bbcb3d40f87800271e63327254b439ab77a440bb4c9f446b7a5bff4b8,,08/12/2025 02:15:00 AM,30,TRAFFIC SIGNAL,FUNCTIONING PROPERLY,RAIN,"DARKNESS, LIGHTED ROAD",REAR END,NOT DIVIDED,,STRAIGHT AND LEVEL,WET,NO DEFECTS,NOT ON SCENE (DESK REPORT),NO INJURY / DRIVE AWAY,,,Y,"OVER $1,500",08/12/2025 03:50:00 AM,UNABLE TO DETERMINE,NOT APPLICABLE,5166,W,MONTROSE AVE,1623,,,,,,,2,NO INDICATION OF INJURY,0,0,0,0,0,4,0,2,3,8,41.9607122977,-87.7571663011,POINT (-87.757166301075 41.960712297695)
3cdcf3c5e5197d6c4f6ad476ae6d63fceb9f9eac577be74e99988b93e734d1a0a9e3d66e6b159b6362f7acc506cbd14c3b496543290f9565d33cb86cd27a4eae,,08/12/2025 02:14:00 AM,30,TRAFFIC SIGNAL,FUNCTIONING PROPERLY,RAIN,"DARKNESS, LIGHTED ROAD",SIDESWIPE SAME DIRECTION,DIVIDED - W/MEDIAN (NOT RAISED),,STRAIGHT AND LEVEL,WET,NO DEFECTS,ON SCENE,NO INJURY / DRIVE AWAY,Y,,Y,$500 OR LESS,08/12/2025 02:20:00 AM,FOLLOWING TOO CLOSELY,UNABLE TO DETERMINE,2800,N,PULASKI RD,2523,,,,,,,2,NO INDICATION OF INJURY,0,0,0,0,0,4,0,2,3,8,41.9318310256,-87.727126873,POINT (-87.727126873005 41.931831025615)
09144e49f88221f93565ee369db64bcf2c0881571ec598d4b5cbb4588c1b0ff82e050e84cec1982cdfbe5864570d7d4ecab7a41e47ee6c4a49ddc96ac4f4fe9f,,08/12/2025 01:30:00 AM,15,NO CONTROLS,NO CONTROLS,CLEAR,"DARKNESS, LIGHTED ROAD",PARKED MOTOR VEHICLE,PARKING LOT,,STRAIGHT AND LEVEL,DRY,NO DEFECTS,NOT ON SCENE (DESK REPORT),NO INJURY / DRIVE AWAY,,,,"OVER $1,500",08/13/2025 09:20:00 PM,IMPROPER BACKING,NOT APPLICABLE,4614,S,DAMEN AVE,924,,,,,,,2,NO INDICATION OF INJURY,0,0,0,0,0,2,0,1,3,8,41.8098378926,-87.675121198,POINT (-87.675121197983 41.809837892605)
cbaf2b8582f060cf0d4720e8a2ad8cedd381ea9fbd17fd94949b8d14231ac2afd14b9bc1a6d3ca259706a5fa8ba0218359fcd6fc9ff7162b2e9833e238f6917f,,08/12/2025 01:30:00 AM,30,TRAFFIC SIGNAL,FUNCTIONING PROPERLY,CLEAR,DAYLIGHT,TURNING,ONE-WAY,,STRAIGHT AND LEVEL,DRY,NO DEFECTS,NOT ON SCENE (DESK REPORT),NO INJURY / DRIVE AWAY,,,Y,"OVER $1,500",08/13/2025 07:30:00 PM,UNABLE TO DETERMINE,UNABLE TO DETERMINE,4250,S,WENTWORTH AVE,925,,,,,,,2,NO INDICATION OF INJURY,0,0,0,0,0,3,0,1,3,8,41.8167835148,-87.6313401785,POINT (-87.631340178481 41.816783514781)
bf7b404cd49c17665271d4d5aebc75a34c9b0e5cf3e8720177ba02bee35c648caab063861a79acbfd211f7becedad9f95652de7b711cf6b68f617e32451b5016,,08/12/2025 01:15:00 AM,30,NO CONTROLS,NO CONTROLS,RAIN,"DARKNESS, LIGHTED ROAD",SIDESWIPE SAME DIRECTION,NOT DIVIDED,,STRAIGHT AND LEVEL,WET,SHOULDER DEFECT,ON SCENE,INJURY AND / OR TOW DUE TO CRASH,,,,"OVER $1,500",08/12/2025 02:09:00 AM,IMPROPER OVERTAKING/PASSING,NOT APPLICABLE,2945,N,WESTERN AVE,1432,,,,,,,2,NO INDICATION OF INJURY,0,0,0,0,0,3,0,1,3,8,41.9354548651,-87.6878227599,POINT (-87.687822759906 41.935454865138)
5a41c2f526ced98ea6c815cf4d14205a926ca6c1de2815aa359ed2c446bbc40fd013e9374bf5fe763c995596a9445791678f24d865077efcb757827614ecd7b8,,08/12/2025 01:00:00 AM,30,UNKNOWN,UNKNOWN,RAIN,UNKNOWN,PARKED MOTOR VEHICLE,UNKNOWN,,STRAIGHT AND LEVEL,WET,UNKNOWN,NOT ON SCENE (DESK REPORT),INJURY AND / OR TOW DUE TO CRASH,Y,,,"OVER $1,500",08/13/2025 08:30:00 AM,EQUIPMENT - VEHICLE CONDITION,WEATHER,8100,S,EVANS AVE,631,,,,,,,2,NO INDICATION OF INJURY,0,0,0,0,0,1,0,1,3,8,41.747515295,-87.6064900589,POINT (-87.60649005894 41.747515295044)
9b3c3da85c02d334c908520d9cde792695c3a557b95960563c0b4e36520c4fb96de7c96996d4f6263a7063dd3ee414eb367cfa4866aec27e185e175d945a24c9,,08/12/2025 01:00:00 AM,15,NO CONTROLS,NO CONTROLS,CLEAR,"DARKNESS, LIGHTED ROAD",PARKED MOTOR VEHICLE,OTHER,,STRAIGHT AND LEVEL,WET,NO DEFECTS,NOT ON SCENE (DESK REPORT),NO INJURY / DRIVE AWAY,,,Y,"OVER $1,500",08/12/2025 01:15:00 AM,UNABLE TO DETERMINE,NOT APPLICABLE,6500,S,KEDZIE AVE,831,,,,,,,2,NO INDICATION OF INJURY,0,0,0,0,0,1,0,1,3,8,41.7752744575,-87.7031973331,POINT (-87.703197333057 41.775274457458)
aadf7e1c92e05fbed4482520a386004540d2e5f612d0e33b8d1d1670155651bb09f06ff2772235338821c2b45575aab81e695d7a8f4b4450d41a318e5f94bd5c,,08/12/2025 01:00:00 AM,30,NO CONTROLS,NO CONTROLS,RAIN,"DARKNESS, LIGHTED ROAD",PARKED MOTOR VEHICLE,ONE-WAY,,STRAIGHT AND LEVEL,WET,NO DEFECTS,ON SCENE,INJURY AND / OR TOW DUE TO CRASH,,,,"OVER $1,500",08/12/2025 01:45:00 AM,UNABLE TO DETERMINE,NOT APPLICABLE,1141,W,82ND ST,613,,,,,,,3,NONINCAPACITATING INJURY,1,0,0,1,0,0,0,1,3,8,41.7449385209,-87.6527723736,POINT (-87.652772373579 41.744938520939)
2745b6e63752f3865d31f0e0fbee3978343dd91b034065e8bba807c429305128d17bc5073f4a37e167340873415cd08c6c09465316dbbbc6e30743da702c6801,,08/12/2025 12:51:00 AM,30,TRAFFIC SIGNAL,FUNCTIONING PROPERLY,RAIN,"DARKNESS, LIGHTED ROAD",ANGLE,T-INTERSECTION,,STRAIGHT AND LEVEL,WET,UNKNOWN,ON SCENE,NO INJURY / DRIVE AWAY,Y,,,"OVER $1,500",08/12/2025 12:51:00 AM,FAILING TO REDUCE SPEED TO AVOID CRASH,FAILING TO YIELD RIGHT-OF-WAY,700,W,TAYLOR ST,124,,,,,,,2,NO INDICATION OF INJURY,0,0,0,0,0,3,0,0,3,8,41.8698052221,-87.6437763018,POINT (-87.643776301838 41.869805222061)
3191e8e0510f3a9a780b7aad2f16db8f9e636bca83ad86abdff32d503b7985d5394999d4fb81d7ab32518ad2a18b6adbefd520b60c324fbf4a4fee064628fd4c,Y,08/12/2025 12:47:00 AM,30,NO CONTROLS,NO CONTROLS,CLEAR,DARKNESS,PARKED MOTOR VEHICLE,NOT DIVIDED,,STRAIGHT AND LEVEL,WET,NO DEFECTS,ON SCENE,NO INJURY / DRIVE AWAY,,,Y,"OVER $1,500",08/13/2025 12:54:00 AM,UNABLE TO DETERMINE,UNABLE TO DETERMINE,4448,S,PACKERS AVE,924,,,,,,,2,NO INDICATION OF INJURY,0,0,0,0,0,1,0,0,3,8,41.8127318746,-87.6587204279,POINT (-87.658720427898 41.812731874598)
77f7f001836216f3aa00bfdcb7e20cb0a48ea65e4a078b4c4c2142719b99694e66ca0f1f06d2d612b5af1855f8528d96abe48c28276a5e31bd4c9007cf5867b0,,08/12/2025 12:10:00 AM,30,TRAFFIC SIGNAL,FUNCTIONING PROPERLY,RAIN,"DARKNESS, LIGHTED ROAD",ANGLE,NOT DIVIDED,,STRAIGHT AND LEVEL,WET,NO DEFECTS,ON SCENE,INJURY AND / OR TOW DUE TO CRASH,Y,,,"OVER $1,500",08/12/2025 12:14:00 AM,DISREGARDING TRAFFIC SIGNALS,UNABLE TO DETERMINE,7900,S,KEDZIE AVE,834,,,,,,,2,NONINCAPACITATING INJURY,1,0,0,1,0,1,0,0,3,8,41.7497239717,-87.7025395717,POINT (-87.702539571674 41.749723971726)
42b4152f4ff10f3066ee28f86b89a84881f0bd9768d99f7ccd69c1daba5955a132ac7991970b35031904208ec91d244755f8dadfb352d42249d0cc5b868adb41,,08/12/2025 12:02:00 AM,30,UNKNOWN,UNKNOWN,RAIN,DARKNESS,SIDESWIPE OPPOSITE DIRECTION,NOT DIVIDED,,STRAIGHT AND LEVEL,WET,NO DEFECTS,ON SCENE,NO INJURY / DRIVE AWAY,,,,"OVER $1,500",08/12/2025 12:14:00 AM,UNABLE TO DETERMINE,UNABLE TO DETERMINE,5700,S,KOSTNER AVE,813,,,,,,,2,NO INDICATION OF INJURY,0,0,0,0,0,2,0,0,3,8,41.789385271,-87.7330000364,POINT (-87.733000036366 41.789385270974)
dfa64b434ecc21a4bf65ec1a9e6c6c8b110e305123a18103d06a10a28687d38e9b9206c0fea7026dd2eea03da10a30e4b158b0019da59c66a6ba92657fd4c2cf,,08/12/2025 12:00:00 AM,30,NO CONTROLS,NO CONTROLS,RAIN,"DARKNESS, LIGHTED ROAD",FIXED OBJECT,DRIVEWAY,,STRAIGHT AND LEVEL,WET,NO DEFECTS,ON SCENE,NO INJURY / DRIVE AWAY,,,,"OVER $1,500",08/12/2025 12:13:00 AM,UNABLE TO DETERMINE,NOT APPLICABLE,3053,S,SACRAMENTO AVE,1033,,,,,,,1,NO INDICATION OF INJURY,0,0,0,0,0,5,0,0,3,8,41.8375733558,-87.6997857835,POINT (-87.699785783505 41.837573355778)