CRASH_RECORD_ID,CRASH_DATE_EST_I,CRASH_DATE,POSTED_SPEED_LIMIT,TRAFFIC_CONTROL_DEVICE,DEVICE_CONDITION,WEATHER_CONDITION,LIGHTING_CONDITION,FIRST_CRASH_TYPE,TRAFFICWAY_TYPE,LANE_CNT,ALIGNMENT,ROADWAY_SURFACE_COND,ROAD_DEFECT,REPORT_TYPE,CRASH_TYPE,INTERSECTION_RELATED_I,NOT_RIGHT_OF_WAY_I,HIT_AND_RUN_I,DAMAGE,DATE_POLICE_NOTIFIED,PRIM_CONTRIBUTORY_CAUSE,SEC_CONTRIBUTORY_CAUSE,STREET_NO,STREET_DIRECTION,STREET_NAME,BEAT_OF_OCCURRENCE,PHOTOS_TAKEN_I,STATEMENTS_TAKEN_I,DOORING_I,WORK_ZONE_I,WORK_ZONE_TYPE,WORKERS_PRESENT_I,NUM_UNITS,MOST_SEVERE_INJURY,INJURIES_TOTAL,INJURIES_FATAL,INJURIES_INCAPACITATING,INJURIES_NON_INCAPACITATING,INJURIES_REPORTED_NOT_EVIDENT,INJURIES_NO_INDICATION,INJURIES_UNKNOWN,CRASH_HOUR,CRASH_DAY_OF_WEEK,CRASH_MONTH,LATITUDE,LONGITUDE,LOCATION
7b005e7b6ef57cc26271b8fa97555cf110944a0133e7258752e3f7d00826c26c46f4056dedbc642c02dadfdc5943bd8a07ea42bf79c51e530e6591a79cca597e,,08/11/2025 11:58:00 PM,30,TRAFFIC SIGNAL,FUNCTIONING PROPERLY,RAIN,"DARKNESS, LIGHTED ROAD",SIDESWIPE SAME DIRECTION,NOT DIVIDED,,STRAIGHT AND LEVEL,WET,NO DEFECTS,ON SCENE,INJURY AND / OR TOW DUE TO CRASH,,,,"OVER $1,500",08/11/2025 11:58:00 PM,WEATHER,CELL PHONE USE OTHER THAN TEXTING,5949,N,SHERIDAN RD,2433,,,,,,,2,"REPORTED, NOT EVIDENT",2,0,0,0,2,2,0,23,2,8,41.9905069707,-87.6552521932,POINT (-87.655252193157 41.990506970695)
d8831bf1c09a13485bb718e28b0d9affda44e18fdf8fcc6c8cf114c1cc3a5a722303b918f7760649127a9d401c25ff5b63b29c2c405ddeafff8c4322a704da48,,08/11/2025 11:50:00 PM,30,NO CONTROLS,NO CONTROLS,RAIN,"DARKNESS, LIGHTED ROAD",PARKED MOTOR VEHICLE,NOT DIVIDED,,STRAIGHT AND LEVEL,WET,NO DEFECTS,ON SCENE,INJURY AND / OR TOW DUE TO CRASH,,,,"OVER $1,500",08/11/2025 11:51:00 PM,FAILING TO REDUCE SPEED TO AVOID CRASH,UNABLE TO DETERMINE,3547,W,63RD ST,823,,,,,,,3,NO INDICATION OF INJURY,0,0,0,0,0,1,0,23,2,8,41.7787167258,-87.7122399321,POINT (-87.712239932078 41.778716725774)
dfae45fd8fee61c06a93895eea04f6599812e450f7d42d16026181cc1de9119a59decd264b263d9a3d88c2d223fe8628dee25ad5df6642aae6b706e809918e2b,,08/11/2025 11:39:00 PM,35,NO CONTROLS,NO CONTROLS,RAIN,"DARKNESS, LIGHTED ROAD",OTHER NONCOLLISION,DIVIDED - W/MEDIAN BARRIER,,STRAIGHT AND LEVEL,WET,NO DEFECTS,ON SCENE,NO INJURY / DRIVE AWAY,,,,"OVER $1,500",08/11/2025 11:40:00 PM,WEATHER,NOT APPLICABLE,557,W,79TH ST,621,,,,,,,1,NO INDICATION OF INJURY,0,0,0,0,0,1,0,23,2,8,41.7506041182,-87.6391162203,POINT (-87.639116220337 41.750604118203)
650b942a89943736ad00e35911738b4d88ce624740ed98f594477b9b63f2cf3a759ebe46af5a36487041137286a94d5a6bbeceec6888fc984a5a994efca00b89,,08/11/2025 11:38:00 PM,30,TRAFFIC SIGNAL,FUNCTIONING PROPERLY,RAIN,"DARKNESS, LIGHTED ROAD",REAR END,NOT DIVIDED,,STRAIGHT AND LEVEL,WET,NO DEFECTS,ON SCENE,NO INJURY / DRIVE AWAY,,,,$500 OR LESS,08/11/2025 11:49:00 PM,FAILING TO REDUCE SPEED TO AVOID CRASH,UNABLE TO DETERMINE,949,W,MADISON ST,1232,,,,,,,2,NO INDICATION OF INJURY,0,0,0,0,0,3,0,23,2,8,41.8815979874,-87.6516210707,POINT (-87.651621070739 41.881597987414)
1e789d11b3f685ae88a061a371a5c1403b1abfadce8cd9ace95e0f387a6107d0ad992569c8414a1ef80e58ab3d8c6e0f2a3ee859cb4ee8fe7b0f72952028c419,,08/11/2025 11:22:00 PM,30,TRAFFIC SIGNAL,FUNCTIONING PROPERLY,RAIN,"DARKNESS, LIGHTED ROAD",ANGLE,FOUR WAY,,STRAIGHT AND LEVEL,WET,NO DEFECTS,ON SCENE,INJURY AND / OR TOW DUE TO CRASH,Y,,,"OVER $1,500",08/11/2025 11:23:00 PM,DISREGARDING TRAFFIC SIGNALS,FAILING TO REDUCE SPEED TO AVOID CRASH,5201,W,HARRISON ST,1522,,Y,,,,,2,NONINCAPACITATING INJURY,3,0,0,2,1,0,0,23,2,8,41.8728360887,-87.7548375161,POINT (-87.754837516097 41.872836088721)
0bbe835c789c875006930d19f2a34c56953df9d72a1550bb9454860ea0e2ab84b52c98dc3c6a0f46135b2c16ea2e1386ce5d114f550b03dd400059f123a60616,N,08/11/2025 11:14:00 PM,30,TRAFFIC SIGNAL,FUNCTIONING PROPERLY,RAIN,"DARKNESS, LIGHTED ROAD",TURNING,T-INTERSECTION,,STRAIGHT AND LEVEL,WET,NO DEFECTS,ON SCENE,INJURY AND / OR TOW DUE TO CRASH,Y,,Y,"OVER $1,500",08/11/2025 11:14:00 PM,IMPROPER TURNING/NO SIGNAL,WEATHER,4700,S,ASHLAND AVE,931,,,,,,,2,NO INDICATION OF INJURY,0,0,0,0,0,2,0,23,2,8,41.8085115972,-87.6651172917,POINT (-87.665117291733 41.808511597247)
576e93b9cede8325cfd9304470fdeaffe8d09a2365fe7366465db3ff88361c2fff129a4e071049fdd42a383d9fc4decb1c12717368943737950095060ae87302,Y,08/11/2025 11:11:00 PM,30,TRAFFIC SIGNAL,FUNCTIONING PROPERLY,RAIN,"DARKNESS, LIGHTED ROAD",REAR END,T-INTERSECTION,,STRAIGHT AND LEVEL,WET,NO DEFECTS,ON SCENE,NO INJURY / DRIVE AWAY,Y,,,"OVER $1,500",08/11/2025 11:12:00 PM,FOLLOWING TOO CLOSELY,FAILING TO REDUCE SPEED TO AVOID CRASH,100,S,DAMEN AVE,1223,,,,,,,2,NO INDICATION OF INJURY,0,0,0,0,0,3,0,23,2,8,41.8799475858,-87.6767569934,POINT (-87.676756993386 41.87994758579)
55b3e90e4ffe2a5255bdd48beeba33229b19b116b4d7d7c6e7441636e13798fe204b1d4bc4245f1d43dfd528e2f37c77edbd0311f02de94a6570876619ef4fda,,08/11/2025 11:10:00 PM,30,TRAFFIC SIGNAL,FUNCTIONING PROPERLY,RAIN,"DARKNESS, LIGHTED ROAD",TURNING,NOT DIVIDED,,STRAIGHT AND LEVEL,WET,NO DEFECTS,ON SCENE,INJURY AND / OR TOW DUE TO CRASH,,,Y,"OVER $1,500",08/11/2025 11:35:00 PM,FAILING TO YIELD RIGHT-OF-WAY,DRIVING SKILLS/KNOWLEDGE/EXPERIENCE,4802,W,MONTROSE AVE,1623,,,,,,,2,NONINCAPACITATING INJURY,4,0,0,3,1,1,0,23,2,8,41.9608302412,-87.7476776958,POINT (-87.747677695844 41.960830241206)
592c0dedd2e85ca8b7f6b0729b7cdceaa9dfa0e655334fff642e8ef6dca5dfdb06b9a8f7c0c41c1d07203d15480b2765eedd0c0c9e17684cb6d9fff8a9c20705,,08/11/2025 11:07:00 PM,30,NO CONTROLS,NO CONTROLS,RAIN,"DARKNESS, LIGHTED ROAD",FIXED OBJECT,DIVIDED - W/MEDIAN (NOT RAISED),,STRAIGHT AND LEVEL,WET,NO DEFECTS,ON SCENE,NO INJURY / DRIVE AWAY,N,,Y,"$501 - $1,500",08/11/2025 11:08:00 PM,NOT APPLICABLE,NOT APPLICABLE,2469,W,MONTROSE AVE,1911,,,,,,,1,NO INDICATION OF INJURY,0,0,0,0,0,1,0,23,2,8,41.9611844133,-87.6913365726,POINT (-87.69133657262 41.961184413311)
97924be5295894a4c316ac7f65da2c18158ed9b989eef96f122bd0c9b285f30affe3edf735de8e4817556d475a530a70794a6718529e85b14cca732d0cfda907,,08/11/2025 11:05:00 PM,30,NO CONTROLS,NO CONTROLS,RAIN,"DARKNESS, LIGHTED ROAD",PARKED MOTOR VEHICLE,PARKING LOT,,STRAIGHT AND LEVEL,WET,NO DEFECTS,NOT ON SCENE (DESK REPORT),NO INJURY / DRIVE AWAY,,,Y,"$501 - $1,500",08/11/2025 11:35:00 PM,UNABLE TO DETERMINE,NOT APPLICABLE,121,S,SEELEY AVE,1223,,,,,,,2,NO INDICATION OF INJURY,0,0,0,0,0,1,0,23,2,8,41.8793362672,-87.6776706544,POINT (-87.677670654367 41.879336267192)
4c801674d27302e46a3e67931ff2a2329392b3719a6a3c0ef8f1dd27b58b83ceacf7a0e9185ea9b7ccaac46f9d96d7eed7c357626b8749eb64cbc55e798b47e5,,08/11/2025 11:00:00 PM,30,NO CONTROLS,NO CONTROLS,RAIN,"DARKNESS, LIGHTED ROAD",REAR END,ONE-WAY,,STRAIGHT AND LEVEL,WET,NO DEFECTS,NOT ON SCENE (DESK REPORT),NO INJURY / DRIVE AWAY,,,,"$501 - $1,500",08/12/2025 10:00:00 AM,FOLLOWING TOO CLOSELY,FOLLOWING TOO CLOSELY,1330,W,MORSE AVE,2431,,,,,,,2,NO INDICATION OF INJURY,0,0,0,0,0,2,0,23,2,8,42.008035999,-87.6649739236,POINT (-87.664973923583 42.008035998971)
aa983566f51ab0970afe70aae50fcb11b18f74ee77b8cd0a03a8d027e6603bc3c751c7796c995ab23e405181f276cf030997c4303449ac2d7a96e938539481fa,,08/11/2025 10:55:00 PM,25,NO CONTROLS,NO CONTROLS,UNKNOWN,UNKNOWN,SIDESWIPE SAME DIRECTION,NOT DIVIDED,,STRAIGHT AND LEVEL,UNKNOWN,UNKNOWN,ON SCENE,INJURY AND / OR TOW DUE TO CRASH,,,,"OVER $1,500",08/12/2025 07:40:00 PM,UNABLE TO DETERMINE,UNABLE TO DETERMINE,6262,N,NAGLE AVE,1611,,,,,,,2,"REPORTED, NOT EVIDENT",1,0,0,0,1,2,0,22,2,8,41.9953054044,-87.787649816,POINT (-87.787649816032 41.995305404379)
a6deee2e1002cf9f0d8492c720416aa020bd0ecd107943507d6caed597b761d7e5324de96f3cd50374a8f60a9d156416d35c3aaf275e453de8313936e2b4f591,,08/11/2025 10:54:00 PM,30,NO CONTROLS,NO CONTROLS,RAIN,"DARKNESS, LIGHTED ROAD",REAR END,ONE-WAY,,STRAIGHT AND LEVEL,WET,NO DEFECTS,ON SCENE,INJURY AND / OR TOW DUE TO CRASH,,,Y,"$501 - $1,500",08/11/2025 10:54:00 PM,UNABLE TO DETERMINE,UNABLE TO DETERMINE,4839,W,KAMERLING AVE,2533,,,,,,,2,"REPORTED, NOT EVIDENT",3,0,0,0,3,2,0,22,2,8,41.9049539629,-87.7475933811,POINT (-87.747593381126 41.904953962861)
5073c9a0d0578ff4d693e3d996838fc79f809ed8ec218a4a0b8ace912fdd44e42e057d69d1000aa2cc21c3da00ee5dc2073e93c2ce23825d55f1d95b9caea546,,08/11/2025 10:48:00 PM,30,TRAFFIC SIGNAL,FUNCTIONING PROPERLY,RAIN,"DARKNESS, LIGHTED ROAD",FIXED OBJECT,FOUR WAY,,STRAIGHT AND LEVEL,WET,NO DEFECTS,ON SCENE,INJURY AND / OR TOW DUE TO CRASH,Y,,,"OVER $1,500",08/11/2025 10:48:00 PM,UNABLE TO DETERMINE,WEATHER,801,S,INDEPENDENCE BLVD,1133,,,,,,,1,NO INDICATION OF INJURY,0,0,0,0,0,1,0,22,2,8,41.8707614725,-87.7195285786,POINT (-87.719528578627 41.870761472451)
0916c5db6e921ab62fb63b305c53607a948bd4849fba95e0611f217fcaffbad122b99daeadc0e235b8a1f89c67d0aea3fcb425f068206268d526f164eb54757b,,08/11/2025 10:40:00 PM,30,TRAFFIC SIGNAL,FUNCTIONING IMPROPERLY,RAIN,"DARKNESS, LIGHTED ROAD",REAR END,DIVIDED - W/MEDIAN (NOT RAISED),,STRAIGHT AND LEVEL,WET,NO DEFECTS,ON SCENE,INJURY AND / OR TOW DUE TO CRASH,Y,,,"OVER $1,500",08/11/2025 11:01:00 PM,FAILING TO REDUCE SPEED TO AVOID CRASH,DISTRACTION - FROM INSIDE VEHICLE,2200,N,CICERO AVE,2522,,,,,,,2,NONINCAPACITATING INJURY,2,0,0,1,1,1,0,22,2,8,41.920673812,-87.7463594055,POINT (-87.746359405534 41.920673812039)
6861da15718ea4c9e3bd0244bacecb62218afb0cf6dcaaedd55e08cca9cfb3831403dca1ce876c76102435788bfc8012f42cfa5105b86c381cdaf06dbfa452b9,,08/11/2025 10:30:00 PM,30,NO CONTROLS,NO CONTROLS,RAIN,"DARKNESS, LIGHTED ROAD",REAR END,NOT DIVIDED,,STRAIGHT AND LEVEL,WET,UNKNOWN,NOT ON SCENE (DESK REPORT),NO INJURY / DRIVE AWAY,,,,"OVER $1,500",08/11/2025 11:30:00 PM,UNABLE TO DETERMINE,UNABLE TO DETERMINE,1610,W,WEBSTER AVE,1432,,,,,,,2,NO INDICATION OF INJURY,0,0,0,0,0,2,0,22,2,8,41.9216632673,-87.6686992355,POINT (-87.668699235527 41.921663267293)
004524ab1acce90886c1b41a4f8ceb802f7581da0525b65b99c395193993126dd76ff13cef090b5ae024260e7422017d4ad4c0f579ad0e75634d1e6c353109ac,Y,08/11/2025 10:20:00 PM,30,NO CONTROLS,NO CONTROLS,RAIN,"DARKNESS, LIGHTED ROAD",REAR END,NOT DIVIDED,,STRAIGHT AND LEVEL,WET,NO DEFECTS,,INJURY AND / OR TOW DUE TO CRASH,,,Y,"OVER $1,500",08/11/2025 10:23:00 PM,FOLLOWING TOO CLOSELY,FAILING TO REDUCE SPEED TO AVOID CRASH,325,S,KOSTNER AVE,1131,N,N,,,,,2,INCAPACITATING INJURY,1,0,1,0,0,1,0,22,2,8,41.8761048048,-87.7351714846,POINT (-87.735171484576 41.876104804823)
be21e074dc207be6a171241381204a98a4a3570f0c63635876093f2a44e6b065399a86890f62d3eeecfbf5b633fc4f10d1269bab31668da4597648635292fb3a,,08/11/2025 10:15:00 PM,25,NO CONTROLS,NO CONTROLS,RAIN,"DARKNESS, LIGHTED ROAD",REAR END,DIVIDED - W/MEDIAN BARRIER,,STRAIGHT AND LEVEL,WET,NO DEFECTS,NOT ON SCENE (DESK REPORT),NO INJURY / DRIVE AWAY,,,Y,"OVER $1,500",08/11/2025 11:30:00 PM,UNABLE TO DETERMINE,UNABLE TO DETERMINE,329,N,WESTERN AVE,1223,,,,,,,2,NO INDICATION OF INJURY,0,0,0,0,0,3,0,22,2,8,41.8875420553,-87.6864447643,POINT (-87.686444764299 41.887542055253)
9dad7267a60813f7ff75d88e26ae99deda6da27bb086740f3073d1d837a728a9da19e3810a7b452ad7cffc667386d47e665ba48de99fb872ec6558707c6c4075,,08/11/2025 10:13:00 PM,30,TRAFFIC SIGNAL,FUNCTIONING PROPERLY,RAIN,"DARKNESS, LIGHTED ROAD",REAR END,DIVIDED - W/MEDIAN BARRIER,,STRAIGHT AND LEVEL,WET,NO DEFECTS,ON SCENE,INJURY AND / OR TOW DUE TO CRASH,,,,"OVER $1,500",08/11/2025 10:27:00 PM,"VISION OBSCURED (SIGNS, TREE LIMBS, BUILDINGS, ETC.)",WEATHER,3601,W,DEVON AVE,1711,,,,,,,3,NONINCAPACITATING INJURY,1,0,0,1,0,4,0,22,2,8,41.9971660175,-87.7191254649,POINT (-87.719125464901 41.997166017521)
df0de8f246ac933e1b9d5cd2fd1d69bf254c1809342aafa360de87000cb4e31420fc7b75a11fa7384e390765083175ca88d9f9935e2c26878a65023f5ddd0c15,,08/11/2025 10:10:00 PM,30,TRAFFIC SIGNAL,FUNCTIONING PROPERLY,RAIN,"DARKNESS, LIGHTED ROAD",TURNING,NOT DIVIDED,,STRAIGHT AND LEVEL,WET,UNKNOWN,NOT ON SCENE (DESK REPORT),NO INJURY / DRIVE AWAY,,,Y,"$501 - $1,500",08/11/2025 11:30:00 PM,UNABLE TO DETERMINE,UNABLE TO DETERMINE,500,S,COLUMBUS DR,114,,,,,,,2,NO INDICATION OF INJURY,0,0,0,0,0,2,0,22,2,8,41.8757110332,-87.6207367629,POINT (-87.620736762921 41.875711033222)
f885ca624d6f2f181f6fa21a5eefff080e80d56272511fa3c9030b68e9bc3bd49e507290c174009e1ccb6d9244df10fd41a25ea3c025c82b8380576253c3010a,,08/11/2025 10:05:00 PM,30,NO CONTROLS,NO CONTROLS,RAIN,DARKNESS,TURNING,T-INTERSECTION,,STRAIGHT AND LEVEL,WET,UNKNOWN,NOT ON SCENE (DESK REPORT),INJURY AND / OR TOW DUE TO CRASH,Y,,,"OVER $1,500",08/12/2025 10:40:00 AM,IMPROPER TURNING/NO SIGNAL,UNABLE TO DETERMINE,4739,W,FULLERTON AVE,2522,,,,,,,2,NO INDICATION OF INJURY,0,0,0,0,0,2,0,22,2,8,41.9241416859,-87.7454506092,POINT (-87.745450609189 41.924141685887)
afbb14b3c368394a90861e13d57035edf1bb04db0b293e38dc0ad6fc071f3f9d29a6c967ea4e43611cf95a7bba5dec44d9b0074fbad9898fe9d750e5f48b726c,,08/11/2025 10:02:00 PM,30,STOP SIGN/FLASHER,NO CONTROLS,RAIN,"DARKNESS, LIGHTED ROAD",REAR END,NOT DIVIDED,,STRAIGHT AND LEVEL,WET,NO DEFECTS,NOT ON SCENE (DESK REPORT),NO INJURY / DRIVE AWAY,,,Y,"OVER $1,500",08/11/2025 11:30:00 PM,FAILING TO YIELD RIGHT-OF-WAY,NOT APPLICABLE,759,N,CICERO AVE,1111,,,,,,,2,NO INDICATION OF INJURY,0,0,0,0,0,2,0,22,2,8,41.8949590936,-87.7456588987,POINT (-87.74565889869 41.894959093611)
8da0d4523a2261caf1a77c99a923f83ed4c8821f6776e0b01c8c1f5887e10116e383a2943c4264152884ec03df3e61310af8767b3df49d4303aa0aa9e4e7cfda,,08/11/2025 10:00:00 PM,25,NO CONTROLS,NO CONTROLS,RAIN,"DARKNESS, LIGHTED ROAD",REAR END,NOT DIVIDED,,STRAIGHT AND LEVEL,WET,UNKNOWN,NOT ON SCENE (DESK REPORT),NO INJURY / DRIVE AWAY,,,,"$501 - $1,500",08/12/2025 12:15:00 PM,UNABLE TO DETERMINE,UNABLE TO DETERMINE,4742,W,FULLERTON AVE,2521,,,,,,,2,NO INDICATION OF INJURY,0,0,0,0,0,2,0,22,2,8,41.9243590821,-87.745613322,POINT (-87.745613321962 41.924359082103)
ee9370760541190ecd4e369df4b46cf76e95799d937aa99a8af5adf8e8cad12a4fd7df342450def657443f2b22150f753f1f8de79b6155a42d46b12aa47b372a,,08/11/2025 09:56:00 PM,30,TRAFFIC SIGNAL,FUNCTIONING PROPERLY,RAIN,"DARKNESS, LIGHTED ROAD",PEDESTRIAN,DIVIDED - W/MEDIAN BARRIER,,STRAIGHT AND LEVEL,WET,NO DEFECTS,ON SCENE,INJURY AND / OR TOW DUE TO CRASH,Y,,,"$501 - $1,500",08/11/2025 09:56:00 PM,UNABLE TO DETERMINE,UNABLE TO DETERMINE,1101,N,LA SALLE DR,1824,,,,,,,2,INCAPACITATING INJURY,1,0,1,0,0,1,0,21,2,8,41.9018912261,-87.6327112985,POINT (-87.632711298455 41.901891226091)
f1a22167a79b6e37c9d2be473b44440eb4f77a6ccea7049da17db535b1b8f992c41eff37a9efc634d72883297c9ffc72e2ce807c05b0f430b60687f20ecd19da,,08/11/2025 09:46:00 PM,20,NO CONTROLS,NO CONTROLS,CLEAR,"DARKNESS, LIGHTED ROAD",PARKED MOTOR VEHICLE,PARKING LOT,,STRAIGHT AND LEVEL,WET,UNKNOWN,NOT ON SCENE (DESK REPORT),NO INJURY / DRIVE AWAY,,,,"OVER $1,500",08/11/2025 11:15:00 PM,DRIVING SKILLS/KNOWLEDGE/EXPERIENCE,NOT APPLICABLE,548,E,31ST ST,133,,,,,,,2,NO INDICATION OF INJURY,0,0,0,0,0,1,0,21,2,8,41.8386194442,-87.6115986464,POINT (-87.611598646439 41.838619444242)
6e3a463bc46dd5520b27d70f014bf9476e3655e13242ee576407616f2378b476b8c7cded85b2f763d400b86d30008c60741165f73992e5876f8a13b91b1c08c9,Y,08/11/2025 09:45:00 PM,20,UNKNOWN,UNKNOWN,RAIN,DARKNESS,PARKED MOTOR VEHICLE,PARKING LOT,,STRAIGHT AND LEVEL,WET,UNKNOWN,NOT ON SCENE (DESK REPORT),NO INJURY / DRIVE AWAY,,,Y,"OVER $1,500",08/11/2025 11:00:00 PM,UNABLE TO DETERMINE,UNABLE TO DETERMINE,415,W,37TH ST,915,,,,,,,2,NO INDICATION OF INJURY,0,0,0,0,0,1,0,21,2,8,41.8271101862,-87.6370801729,POINT (-87.637080172914 41.82711018617)
9fb668efa5a234fcdb4a59c37e2f65de3c7f5195b4cdae9f45c3124d3f3b97ced8c6e596b31fffff35c87775265d9a0c881985304c94fc2d1ce68ca782ed40df,,08/11/2025 09:36:00 PM,30,STOP SIGN/FLASHER,FUNCTIONING PROPERLY,RAIN,"DARKNESS, LIGHTED ROAD",PEDALCYCLIST,DIVIDED - W/MEDIAN (NOT RAISED),,STRAIGHT AND LEVEL,WET,NO DEFECTS,NOT ON SCENE (DESK REPORT),NO INJURY / DRIVE AWAY,Y,,Y,"OVER $1,500",08/12/2025 12:00:00 PM,UNABLE TO DETERMINE,UNABLE TO DETERMINE,1500,W,ADDISON ST,1922,,,,,,,2,NO INDICATION OF INJURY,0,0,0,0,0,2,0,21,2,8,41.9471379534,-87.6665031701,POINT (-87.666503170093 41.947137953357)
7f01c3cebcf6baddd8f18a9f1019b8d3df385c6edbfbb8e7160d44d2910615d619a3cc764c3fa1987a5b20632aff4c043ee9c56f52ee4196e3a540f0fcf26390,,08/11/2025 09:33:00 PM,30,TRAFFIC SIGNAL,FUNCTIONING PROPERLY,RAIN,"DARKNESS, LIGHTED ROAD",PEDALCYCLIST,NOT DIVIDED,2,STRAIGHT AND LEVEL,WET,UNKNOWN,ON SCENE,INJURY AND / OR TOW DUE TO CRASH,Y,,,$500 OR LESS,08/11/2025 09:39:00 PM,UNABLE TO DETERMINE,UNABLE TO DETERMINE,500,N,HALSTED ST,1214,,,,,,,2,NONINCAPACITATING INJURY,1,0,0,1,0,1,0,21,2,8,41.8912363959,-87.6477651192,POINT (-87.647765119244 41.89123639588)
2d881dc96e652d6fe0490428b2508a976a12ba7f2ece762d0cf83053a7d7fa5aadb724e62be0d2d40cb0faf2f81025f19ba843f938de68268acd760b829bbef7,,08/11/2025 09:30:00 PM,30,NO CONTROLS,NO CONTROLS,RAIN,DARKNESS,PEDESTRIAN,NOT DIVIDED,,STRAIGHT AND LEVEL,WET,NO DEFECTS,ON SCENE,INJURY AND / OR TOW DUE TO CRASH,,,,$500 OR LESS,08/11/2025 11:00:00 PM,UNABLE TO DETERMINE,UNABLE TO DETERMINE,4550,N,CLARENDON AVE,1914,,,,,,,2,"REPORTED, NOT EVIDENT",1,0,0,0,1,1,0,21,2,8,41.9652022351,-87.6501580984,POINT (-87.650158098378 41.965202235091)
d60ccb6d54c85f7bd0ec9bb15b026f2f65685cb6519ebf10f3a7cb32437d3ad8f1c8b9b545a2e9e289e0b75b6ef51afee03fd3a2cd0af29b3510465f0f6cda4f,,08/11/2025 09:30:00 PM,30,STOP SIGN/FLASHER,FUNCTIONING PROPERLY,CLEAR,DARKNESS,REAR END,NOT DIVIDED,,STRAIGHT AND LEVEL,DRY,NO DEFECTS,,NO INJURY / DRIVE AWAY,Y,,,"OVER $1,500",08/18/2025 06:48:00 PM,UNABLE TO DETERMINE,UNABLE TO DETERMINE,3758,W,MADISON ST,1122,,,,,,,2,NO INDICATION OF INJURY,0,0,0,0,0,3,0,21,2,8,41.8809116634,-87.719835994,POINT (-87.719835994017 41.880911663395)
679057140a50f8d8d9d5c83d432ae845adabbf5ec249a5eec90c8771df83fc566479fa86a1c252c6c2278bd4d2b1cf187ab12b1c5e9b3beda7c0d2b445b887f3,Y,08/11/2025 09:26:00 PM,30,TRAFFIC SIGNAL,FUNCTIONING PROPERLY,CLEAR,"DARKNESS, LIGHTED ROAD",REAR END,NOT DIVIDED,,STRAIGHT AND LEVEL,WET,NO DEFECTS,NOT ON SCENE (DESK REPORT),NO INJURY / DRIVE AWAY,,,,"OVER $1,500",08/20/2025 01:00:00 PM,UNABLE TO DETERMINE,NOT APPLICABLE,200,W,CERMAK RD,914,,,,,,,2,NO INDICATION OF INJURY,0,0,0,0,0,3,0,21,2,8,41.8529596787,-87.6321520043,POINT (-87.632152004271 41.852959678693)
69dded966ec175fe59382b8934d685dae380a826f999fee0bf15110b11e1588852e2abd38b546b805062f17bfb4d46d1bc2faadbc543287958e08bd54b9898d2,,08/11/2025 09:25:00 PM,30,TRAFFIC SIGNAL,FUNCTIONING PROPERLY,RAIN,"DARKNESS, LIGHTED ROAD",SIDESWIPE SAME DIRECTION,ONE-WAY,,STRAIGHT AND LEVEL,WET,NO DEFECTS,NOT ON SCENE (DESK REPORT),NO INJURY / DRIVE AWAY,,,,$500 OR LESS,08/12/2025 06:30:00 PM,IMPROPER OVERTAKING/PASSING,FOLLOWING TOO CLOSELY,3459,S,WENTWORTH AVE,915,,,,,,,2,NO INDICATION OF INJURY,0,0,0,0,0,2,0,21,2,8,41.8309858249,-87.6313592086,POINT (-87.631359208646 41.830985824933)
7bf5bac1d1ebe4d35e56b52939bddec0484aa37b24569d6ee867823198bd9e141b19e3526c5b5c89507131b1b1c52fc6482d0d65f40c27d76bbcd0afceb0c423,,08/11/2025 09:22:00 PM,30,NO CONTROLS,NO CONTROLS,RAIN,"DARKNESS, LIGHTED ROAD",FIXED OBJECT,DIVIDED - W/MEDIAN BARRIER,,STRAIGHT AND LEVEL,WET,UNKNOWN,ON SCENE,INJURY AND / OR TOW DUE TO CRASH,Y,,,"OVER $1,500",08/11/2025 09:22:00 PM,WEATHER,UNABLE TO DETERMINE,2298,W,PETERSON AVE,2413,,,,,,,1,INCAPACITATING INJURY,1,0,1,0,0,0,0,21,2,8,41.9906539723,-87.6870882716,POINT (-87.687088271615 41.990653972344)
c7f3083333824719c46da09d2508fd784b9b487894f797f265ca0da415b6218e02fc181aab7f44f27f3939ddb74af7026a914c06ae4170bcef21643552490a77,,08/11/2025 09:20:00 PM,30,STOP SIGN/FLASHER,FUNCTIONING PROPERLY,RAIN,"DARKNESS, LIGHTED ROAD",PEDALCYCLIST,ONE-WAY,,STRAIGHT AND LEVEL,WET,NO DEFECTS,,INJURY AND / OR TOW DUE TO CRASH,Y,,,"OVER $1,500",08/11/2025 09:20:00 PM,FAILING TO REDUCE SPEED TO AVOID CRASH,FAILING TO YIELD RIGHT-OF-WAY,5700,N,SACRAMENTO AVE,2011,,,,,,,2,INCAPACITATING INJURY,1,0,1,0,0,2,0,21,2,8,41.9850027557,-87.7042200968,POINT (-87.704220096807 41.985002755713)