CRASH_RECORD_ID,CRASH_DATE_EST_I,CRASH_DATE,POSTED_SPEED_LIMIT,TRAFFIC_CONTROL_DEVICE,DEVICE_CONDITION,WEATHER_CONDITION,LIGHTING_CONDITION,FIRST_CRASH_TYPE,TRAFFICWAY_TYPE,LANE_CNT,ALIGNMENT,ROADWAY_SURFACE_COND,ROAD_DEFECT,REPORT_TYPE,CRASH_TYPE,INTERSECTION_RELATED_I,NOT_RIGHT_OF_WAY_I,HIT_AND_RUN_I,DAMAGE,DATE_POLICE_NOTIFIED,PRIM_CONTRIBUTORY_CAUSE,SEC_CONTRIBUTORY_CAUSE,STREET_NO,STREET_DIRECTION,STREET_NAME,BEAT_OF_OCCURRENCE,PHOTOS_TAKEN_I,STATEMENTS_TAKEN_I,DOORING_I,WORK_ZONE_I,WORK_ZONE_TYPE,WORKERS_PRESENT_I,NUM_UNITS,MOST_SEVERE_INJURY,INJURIES_TOTAL,INJURIES_FATAL,INJURIES_INCAPACITATING,INJURIES_NON_INCAPACITATING,INJURIES_REPORTED_NOT_EVIDENT,INJURIES_NO_INDICATION,INJURIES_UNKNOWN,CRASH_HOUR,CRASH_DAY_OF_WEEK,CRASH_MONTH,LATITUDE,LONGITUDE,LOCATION
4fde5858b97bdd68c9d5a21c29e20888b07f89253155f522e972854b239bd4f5f9a39c95c821a84ae0d6c94210d6a62698f15e986a4d2f7e221a8202eb1e5267,,08/11/2025 06:45:00 PM,30,NO CONTROLS,NO CONTROLS,RAIN,"DARKNESS, LIGHTED ROAD",PARKED MOTOR VEHICLE,NOT DIVIDED,,STRAIGHT AND LEVEL,WET,NO DEFECTS,NOT ON SCENE (DESK REPORT),NO INJURY / DRIVE AWAY,,,Y,"$501 - $1,500",08/12/2025 12:10:00 PM,UNABLE TO DETERMINE,NOT APPLICABLE,4925,N,BROADWAY,2033,,,,,,,2,NO INDICATION OF INJURY,0,0,0,0,0,1,0,18,2,8,41.972213557,-87.6596091001,POINT (-87.659609100107 41.972213556991)
47750b089632a52f72dc8ac1d8db27fb42234dc8bf6d233885b049b018ac32d9353fb63db48b728d07f85634e9e5604f263354eed0980b6e32c37c46b1d3227f,,08/11/2025 06:44:00 PM,20,NO CONTROLS,NO CONTROLS,CLEAR,DUSK,PARKED MOTOR VEHICLE,NOT DIVIDED,,STRAIGHT AND LEVEL,DRY,UNKNOWN,ON SCENE,INJURY AND / OR TOW DUE TO CRASH,,,Y,"OVER $1,500",08/11/2025 07:30:00 PM,UNABLE TO DETERMINE,UNABLE TO DETERMINE,2128,N,LEAVITT ST,1432,,,,,,,2,NO INDICATION OF INJURY,0,0,0,0,0,1,0,18,2,8,41.9207378198,-87.6827641301,POINT (-87.682764130139 41.920737819777)
ae728c2ae75d3e8cf4059177bfe188a708bb959d3c9488687a25655a099578ab7a040c264c3ff37943c7740b2baafdd830c251c441ddbaed74f30a7a5245d073,,08/11/2025 06:44:00 PM,30,STOP SIGN/FLASHER,FUNCTIONING PROPERLY,CLEAR,DAYLIGHT,ANGLE,FOUR WAY,,STRAIGHT AND LEVEL,DRY,UNKNOWN,ON SCENE,INJURY AND / OR TOW DUE TO CRASH,Y,,Y,"OVER $1,500",08/11/2025 06:45:00 PM,FAILING TO YIELD RIGHT-OF-WAY,NOT APPLICABLE,800,N,LAWNDALE AVE,1112,,,,,,,2,NONINCAPACITATING INJURY,1,0,0,1,0,1,0,18,2,8,41.8955250258,-87.7189050209,POINT (-87.718905020883 41.895525025809)
ac7678c6a13a3b1b160c1ff371e275fcea890082f038d223280126aaacf0fdd0fedf7315877322438d61386baf8c0065e51495085b6616e6ad9f56d0c57afd55,,08/11/2025 06:43:00 PM,25,NO CONTROLS,NO CONTROLS,CLEAR,DAYLIGHT,SIDESWIPE SAME DIRECTION,NOT DIVIDED,,STRAIGHT AND LEVEL,DRY,NO DEFECTS,ON SCENE,NO INJURY / DRIVE AWAY,,,Y,"$501 - $1,500",08/11/2025 06:52:00 PM,IMPROPER TURNING/NO SIGNAL,NOT APPLICABLE,9140,S,COMMERCIAL AVE,423,,,,,,,2,NO INDICATION OF INJURY,0,0,0,0,0,2,0,18,2,8,41.7288484801,-87.5513724241,POINT (-87.551372424102 41.728848480082)
eb4efe41821446242fe09226a012af8ae61c3bf6d4fc45a26905d9b0da5a2c345ac5a5f0bda4b52200261841ce771dcc53bfc7086851fd1b4779748b80cbe19d,,08/11/2025 06:39:00 PM,30,NO CONTROLS,NO CONTROLS,CLEAR,DAYLIGHT,REAR END,ONE-WAY,,STRAIGHT AND LEVEL,DRY,NO DEFECTS,NOT ON SCENE (DESK REPORT),NO INJURY / DRIVE AWAY,,,,"OVER $1,500",08/11/2025 08:00:00 PM,UNABLE TO DETERMINE,UNABLE TO DETERMINE,854,W,RANDOLPH ST,1224,,,,,,,2,NO INDICATION OF INJURY,0,0,0,0,0,2,0,18,2,8,41.8844794271,-87.6496285473,POINT (-87.649628547324 41.884479427051)
04b7416857ca6bdfc4dfd13f2a9da545dd5bdd3d475f2ab470a8adf9bca7c12c32fbb7d9d643fb618f43d9beb89fb0d3c8f9c24981101742acdf961368e7ed62,,08/11/2025 06:38:00 PM,30,TRAFFIC SIGNAL,FUNCTIONING PROPERLY,CLEAR,"DARKNESS, LIGHTED ROAD",TURNING,DIVIDED - W/MEDIAN BARRIER,,STRAIGHT AND LEVEL,DRY,NO DEFECTS,ON SCENE,NO INJURY / DRIVE AWAY,,,,"OVER $1,500",08/11/2025 07:21:00 PM,DRIVING SKILLS/KNOWLEDGE/EXPERIENCE,FAILING TO REDUCE SPEED TO AVOID CRASH,221,W,LOWER WACKER DR,122,,,,,,,2,NO INDICATION OF INJURY,0,0,0,0,0,2,0,18,2,8,41.8866818439,-87.634729405,POINT (-87.634729405046 41.886681843855)
1d2d4b0885e26a6528461052c1cb2e49131eabe4d8cd5ddc8c7be153232996bd9eecc693dbaad6841765fa9231db45aaba3b4d8187a87df95b8cfe7ab3e74c4f,,08/11/2025 06:33:00 PM,30,STOP SIGN/FLASHER,NO CONTROLS,CLEAR,DAYLIGHT,REAR END,NOT DIVIDED,,STRAIGHT AND LEVEL,DRY,NO DEFECTS,ON SCENE,INJURY AND / OR TOW DUE TO CRASH,Y,,Y,"$501 - $1,500",08/11/2025 06:40:00 PM,UNABLE TO DETERMINE,UNABLE TO DETERMINE,2222,W,ROSCOE ST,1921,,,,,,,3,"REPORTED, NOT EVIDENT",1,0,0,0,1,3,0,18,2,8,41.9432540472,-87.6842870588,POINT (-87.684287058781 41.943254047221)
ddd9dfd104d8581e0b49d7d773d076cb98c53d9f7c03d269a976b115968e95f20e2641a1c5ddb8aa363d7c19eb91aa268cdd90628aa6304391fbaa164bfcad04,,08/11/2025 06:30:00 PM,25,NO CONTROLS,NO CONTROLS,CLEAR,DAYLIGHT,PARKED MOTOR VEHICLE,NOT DIVIDED,,STRAIGHT AND LEVEL,DRY,NO DEFECTS,NOT ON SCENE (DESK REPORT),NO INJURY / DRIVE AWAY,,,Y,"OVER $1,500",08/15/2025 09:39:00 AM,UNABLE TO DETERMINE,NOT APPLICABLE,1221,S,KEDVALE AVE,1011,,,,,,,2,NO INDICATION OF INJURY,0,0,0,0,0,1,0,18,2,8,41.8654632239,-87.7286698571,POINT (-87.728669857053 41.865463223935)
fad1e45c452b788b15f9331316604df9656b9b889ff5ed56b3094f0b0b8836cf5fd1b89d2ba14cfdc5e9baf202334e5f41cd85c0a416eba7045927d4fed60e30,,08/11/2025 06:30:00 PM,30,NO CONTROLS,NO CONTROLS,CLEAR,DAYLIGHT,REAR END,NOT DIVIDED,,STRAIGHT AND LEVEL,DRY,NO DEFECTS,NOT ON SCENE (DESK REPORT),NO INJURY / DRIVE AWAY,,,,"$501 - $1,500",08/13/2025 03:45:00 PM,FOLLOWING TOO CLOSELY,UNABLE TO DETERMINE,6854,W,GRAND AVE,2512,,,,,,,2,NO INDICATION OF INJURY,0,0,0,0,0,2,0,18,2,8,41.923691374,-87.7973765312,POINT (-87.797376531217 41.92369137404)
a3aa75cdc657eea41e7bda68c9e6f0747a8a802fffb7023a2e571af600e549636842f6b847d63295b64613a37e84e612428609d31cd00b5c5ea288ec26e201b3,,08/11/2025 06:20:00 PM,30,NO CONTROLS,NO CONTROLS,CLEAR,DAYLIGHT,ANGLE,DIVIDED - W/MEDIAN (NOT RAISED),,STRAIGHT AND LEVEL,UNKNOWN,UNKNOWN,NOT ON SCENE (DESK REPORT),NO INJURY / DRIVE AWAY,,,,"OVER $1,500",08/11/2025 06:57:00 PM,FAILING TO YIELD RIGHT-OF-WAY,DRIVING SKILLS/KNOWLEDGE/EXPERIENCE,1611,W,DEVON AVE,2433,,,,,,,2,NO INDICATION OF INJURY,0,0,0,0,0,2,0,18,2,8,41.9979587612,-87.6711076129,POINT (-87.671107612886 41.997958761171)
e98709334a2648fca2f31a656150f0f436caf0bb77d93ae8c4b6cc354488c0bddff9259a85c238c9a8547b625025c91ca691a92169cbd410e055f1c487cc0a2f,,08/11/2025 06:15:00 PM,30,TRAFFIC SIGNAL,FUNCTIONING PROPERLY,CLEAR,DAYLIGHT,REAR END,NOT DIVIDED,,STRAIGHT AND LEVEL,DRY,NO DEFECTS,NOT ON SCENE (DESK REPORT),NO INJURY / DRIVE AWAY,,,,"OVER $1,500",08/12/2025 08:40:00 AM,FOLLOWING TOO CLOSELY,FOLLOWING TOO CLOSELY,601,N,CICERO AVE,1111,,,,,,,2,NO INDICATION OF INJURY,0,0,0,0,0,2,0,18,2,8,41.8914287473,-87.7455339572,POINT (-87.745533957234 41.891428747289)
5897d46d5f91ad4b6326d86af1b7c8a73ee16aa394e53cfc7810275ed784c3dc6496e5da3e4ccb376c8a3aa21a76f5e1f7c05655ed29db6eeb3112dd00bcdaae,,08/11/2025 06:13:00 PM,30,TRAFFIC SIGNAL,FUNCTIONING PROPERLY,CLEAR,DAYLIGHT,ANGLE,FOUR WAY,,STRAIGHT AND LEVEL,DRY,UNKNOWN,ON SCENE,INJURY AND / OR TOW DUE TO CRASH,Y,,,"OVER $1,500",08/11/2025 07:15:00 PM,DISREGARDING TRAFFIC SIGNALS,UNABLE TO DETERMINE,2100,S,WESTERN AVE,1023,,,,,,,2,NO INDICATION OF INJURY,0,0,0,0,0,3,0,18,2,8,41.8538282529,-87.6858339647,POINT (-87.685833964746 41.853828252932)
03c3e81ecf17b6f4eb1ffbbe7b87293c087ca6cebb565aa0a059e0901d3348c5150253bfa1290f77e1cd7a5eb55f1b701b1d20a281a46f4e2a0c9a527cfc7ca4,,08/11/2025 06:10:00 PM,30,STOP SIGN/FLASHER,OTHER,CLEAR,DAYLIGHT,ANGLE,DIVIDED - W/MEDIAN (NOT RAISED),,STRAIGHT AND LEVEL,DRY,NO DEFECTS,ON SCENE,INJURY AND / OR TOW DUE TO CRASH,Y,,,"OVER $1,500",08/11/2025 06:10:00 PM,FAILING TO REDUCE SPEED TO AVOID CRASH,FAILING TO YIELD RIGHT-OF-WAY,2446,W,NORTH AVE,1434,,,,,,,2,NONINCAPACITATING INJURY,2,0,0,1,1,2,0,18,2,8,41.9104087799,-87.6891353242,POINT (-87.689135324209 41.910408779898)
7bfce363ca7246bfe2c8d33ff5c65ddcfcfe0910c45b4319d2df540a7df104808a36e985e5ddb4b6f07e6678555eb45a522d44fab4fd59cff667426b1b0c1500,,08/11/2025 06:10:00 PM,30,NO CONTROLS,NO CONTROLS,CLEAR,DAYLIGHT,TURNING,ONE-WAY,,STRAIGHT AND LEVEL,DRY,NO DEFECTS,NOT ON SCENE (DESK REPORT),NO INJURY / DRIVE AWAY,,,,"OVER $1,500",08/11/2025 07:00:00 PM,IMPROPER LANE USAGE,UNABLE TO DETERMINE,1930,W,WASHINGTON BLVD,1223,,,,,,,2,NO INDICATION OF INJURY,0,0,0,0,0,3,0,18,2,8,41.8832745155,-87.6755052938,POINT (-87.675505293803 41.88327451553)
e73efe48838279658b308dbb480dc10db002883b56a4313a5cd112fcbbad04e158ee5565f4df5faeace67b3afcdceeb52908e73408bd69feff23d9021039fccc,,08/11/2025 06:10:00 PM,30,NO CONTROLS,NO CONTROLS,CLEAR,DAYLIGHT,PARKED MOTOR VEHICLE,NOT DIVIDED,,STRAIGHT AND LEVEL,DRY,UNKNOWN,NOT ON SCENE (DESK REPORT),NO INJURY / DRIVE AWAY,,,,$500 OR LESS,08/11/2025 07:15:00 PM,IMPROPER BACKING,DRIVING SKILLS/KNOWLEDGE/EXPERIENCE,1309,N,CLEAVER ST,1433,,,,,,,2,NO INDICATION OF INJURY,0,0,0,0,0,1,0,18,2,8,41.9055016457,-87.6637456798,POINT (-87.663745679804 41.905501645731)
698f773f1e4d9b31ed00435836e8fee90ca1a30e3d3a0d34f987510a47349cc1e4b9032e4a08b9d8ee1f3ccc23b65bc686d99986c9e893878597932129352188,,08/11/2025 06:09:00 PM,10,NO CONTROLS,NO CONTROLS,CLEAR,DAYLIGHT,FIXED OBJECT,OTHER,,STRAIGHT AND LEVEL,DRY,UNKNOWN,ON SCENE,INJURY AND / OR TOW DUE TO CRASH,,,Y,"OVER $1,500",08/11/2025 06:10:00 PM,UNABLE TO DETERMINE,NOT APPLICABLE,7835,S,CENTRAL PARK AVE,835,,,,,,,1,NO INDICATION OF INJURY,0,0,0,0,0,1,0,18,2,8,41.750470883,-87.7117644613,POINT (-87.711764461315 41.750470883006)
1b118bed149b4a9ca1e83b6b457d732e71525f108f22e5ddad153f21b29dcc84adad7d0ff0302cd8deb25793cf61f6c1d614f11bb09f1814d619e7fe6929637d,,08/11/2025 06:00:00 PM,30,NO CONTROLS,NO CONTROLS,CLEAR,"DARKNESS, LIGHTED ROAD",REAR END,NOT DIVIDED,,STRAIGHT AND LEVEL,DRY,NO DEFECTS,NOT ON SCENE (DESK REPORT),NO INJURY / DRIVE AWAY,,,,"OVER $1,500",08/11/2025 08:40:00 PM,UNABLE TO DETERMINE,UNABLE TO DETERMINE,4648,W,FULLERTON AVE,2521,,,,,,,2,NO INDICATION OF INJURY,0,0,0,0,0,2,0,18,2,8,41.9243821865,-87.7437303239,POINT (-87.743730323914 41.924382186524)
5dc11dab470fafd4b699ebb576ffd1da507973f11b6f0a68b891ea4be55d442eb1db68331cd13f91b0319c69d8ac00320d727a77f23419125359d6888f988f05,,08/11/2025 06:00:00 PM,30,STOP SIGN/FLASHER,FUNCTIONING PROPERLY,CLEAR,DAYLIGHT,REAR END,NOT DIVIDED,,STRAIGHT AND LEVEL,DRY,NO DEFECTS,NOT ON SCENE (DESK REPORT),NO INJURY / DRIVE AWAY,,,,"OVER $1,500",08/11/2025 07:15:00 PM,UNABLE TO DETERMINE,NOT APPLICABLE,1925,W,50TH ST,931,,,,,,,2,NO INDICATION OF INJURY,0,0,0,0,0,2,0,18,2,8,41.8029555218,-87.6733048283,POINT (-87.67330482833 41.802955521813)
801a0e868dce1427347e2a64af757500af892733d30c001b7d6f992029b01b678e69a3fee616c7338909757bdce0ace872fa70cb7f575407d3596d6e4829ba10,,08/11/2025 06:00:00 PM,30,TRAFFIC SIGNAL,FUNCTIONING PROPERLY,CLEAR,DAYLIGHT,REAR END,DIVIDED - W/MEDIAN (NOT RAISED),,STRAIGHT AND LEVEL,DRY,UNKNOWN,NOT ON SCENE (DESK REPORT),NO INJURY / DRIVE AWAY,,,,"OVER $1,500",08/11/2025 06:45:00 PM,NOT APPLICABLE,FAILING TO REDUCE SPEED TO AVOID CRASH,7156,W,NORTH AVE,2513,,,,,,,2,NO INDICATION OF INJURY,0,0,0,0,0,2,0,18,2,8,41.9089918214,-87.804281708,POINT (-87.804281707978 41.908991821356)
9e574fd9c9ba43448a700596a24dcfde6ed78b5829c3e7a924ba9eb1bbb9d4f8ee0857ea61d5df538593f0a81a1e37de2c96d05753cddffcb8712261806394ef,,08/11/2025 06:00:00 PM,30,TRAFFIC SIGNAL,FUNCTIONING PROPERLY,CLEAR,DAYLIGHT,TURNING,T-INTERSECTION,,STRAIGHT AND LEVEL,DRY,NO DEFECTS,ON SCENE,INJURY AND / OR TOW DUE TO CRASH,,,,"OVER $1,500",08/11/2025 06:05:00 PM,UNABLE TO DETERMINE,UNABLE TO DETERMINE,3959,N,HARLEM AVE,1632,,,,,,,2,NO INDICATION OF INJURY,0,0,0,0,0,2,0,18,2,8,41.9524792787,-87.8071108484,POINT (-87.807110848355 41.952479278655)
b7d6804bed33399cdac527e0767e9634396d1a0176cf196a5a92400703ad3ba0581158af5e5cb8a2f2328f9f727c018dd0c014ee069ac1960c6d3635d02b6ab6,,08/11/2025 06:00:00 PM,30,TRAFFIC SIGNAL,FUNCTIONING PROPERLY,CLEAR,DAYLIGHT,REAR END,DIVIDED - W/MEDIAN (NOT RAISED),,STRAIGHT AND LEVEL,DRY,NO DEFECTS,NOT ON SCENE (DESK REPORT),NO INJURY / DRIVE AWAY,,,,"OVER $1,500",08/12/2025 11:50:00 AM,FOLLOWING TOO CLOSELY,UNABLE TO DETERMINE,3640,N,ELSTON AVE,1733,,,,,,,2,NO INDICATION OF INJURY,0,0,0,0,0,2,0,18,2,8,41.9473499869,-87.7101222878,POINT (-87.710122287831 41.947349986872)
c4ae819e36a0d8fc1572e7e87dd7f3a2ebdb7e8d28a4ed4708f2fc1adacfb05bf734c40665d00141029c58eadb4aa4b48e41a79e6f8fbf4be07919275677d69e,,08/11/2025 06:00:00 PM,30,NO CONTROLS,NO CONTROLS,CLEAR,DAYLIGHT,PARKED MOTOR VEHICLE,NOT DIVIDED,,STRAIGHT AND LEVEL,DRY,NO DEFECTS,ON SCENE,INJURY AND / OR TOW DUE TO CRASH,,,,"OVER $1,500",08/11/2025 06:17:00 PM,ROAD CONSTRUCTION/MAINTENANCE,"VISION OBSCURED (SIGNS, TREE LIMBS, BUILDINGS, ETC.)",2320,E,93RD ST,413,N,,,,,,2,NO INDICATION OF INJURY,0,0,0,0,0,1,0,18,2,8,41.7263292314,-87.5672709082,POINT (-87.567270908236 41.726329231443)
004d1ac51d26a7bcc49d3cdd86db384c62ea9cc086a329ad3cf0b49dc60f8261e811c84e02c0ba17b271963698518ddf1f50a69cc2d695c515f5a4bc2c4c50fc,,08/11/2025 05:45:00 PM,30,TRAFFIC SIGNAL,FUNCTIONING PROPERLY,CLEAR,DAYLIGHT,SIDESWIPE SAME DIRECTION,DIVIDED - W/MEDIAN (NOT RAISED),,STRAIGHT AND LEVEL,DRY,UNKNOWN,ON SCENE,NO INJURY / DRIVE AWAY,,,,"OVER $1,500",08/11/2025 05:55:00 PM,UNABLE TO DETERMINE,NOT APPLICABLE,777,N,FAIRBANKS CT,1833,,,,,,,2,NO INDICATION OF INJURY,0,0,0,0,0,2,0,17,2,8,41.896737923,-87.620221354,POINT (-87.620221354034 41.896737923045)
1ad75d660871ac14235a8a2dbab4fc1c19cd37afb12e8955bb427aa47579242f08bf83f31f063dfcd9850cf505ed97d9f479aae28ae3f1d0fce00ba0d80c4dbd,,08/11/2025 05:45:00 PM,30,TRAFFIC SIGNAL,UNKNOWN,UNKNOWN,UNKNOWN,SIDESWIPE SAME DIRECTION,NOT DIVIDED,,STRAIGHT AND LEVEL,UNKNOWN,UNKNOWN,NOT ON SCENE (DESK REPORT),NO INJURY / DRIVE AWAY,,,,"OVER $1,500",08/11/2025 05:59:00 PM,UNABLE TO DETERMINE,UNABLE TO DETERMINE,4551,N,KEDZIE AVE,1724,,,,,,,2,NO INDICATION OF INJURY,0,0,0,0,0,2,0,17,2,8,41.9645048039,-87.7082016802,POINT (-87.708201680179 41.964504803892)
b070c31b9ce9ab5b872a483772609071f1d63f8d1b341fe5168c6bd82f93845eff60c0276172a0ea9bcb78d86e94a8c5d0912a1b877686d0df3ac05cb3d6af9b,,08/11/2025 05:45:00 PM,30,NO CONTROLS,NO CONTROLS,CLEAR,DAYLIGHT,REAR END,NOT DIVIDED,,STRAIGHT AND LEVEL,DRY,UNKNOWN,NOT ON SCENE (DESK REPORT),NO INJURY / DRIVE AWAY,,,,"OVER $1,500",08/12/2025 09:30:00 PM,UNABLE TO DETERMINE,UNABLE TO DETERMINE,3261,W,COLUMBUS AVE,834,,,,,,,2,NO INDICATION OF INJURY,0,0,0,0,0,2,0,17,2,8,41.7492564733,-87.7040179849,POINT (-87.704017984851 41.749256473295)
283e3ff8d1cae6b49ad0ce3aa22f010df74a10828b940f04be810bbd1a11c36acbcd3a77aa220bf336d08ed5c652cb325ae0ab400769e03af7dab56fc7ce6166,,08/11/2025 05:40:00 PM,30,STOP SIGN/FLASHER,FUNCTIONING PROPERLY,CLEAR,DAYLIGHT,PEDESTRIAN,NOT DIVIDED,,STRAIGHT AND LEVEL,DRY,NO DEFECTS,,INJURY AND / OR TOW DUE TO CRASH,N,,,$500 OR LESS,08/15/2025 03:00:00 PM,UNABLE TO DETERMINE,NOT APPLICABLE,3240,W,PALMER ST,1413,,,,,,,2,NONINCAPACITATING INJURY,1,0,0,1,0,1,0,17,2,8,41.9211479481,-87.7089712659,POINT (-87.708971265866 41.921147948129)
314acf8bc2fab1dcb0509e7549f509d98c5fe87fbf7282d18bcb29fa822120a05a3c3b61b7cf3bf276c934d445751a3df4e826c94b6e11debf144f7ad0fc485a,,08/11/2025 05:40:00 PM,30,STOP SIGN/FLASHER,FUNCTIONING PROPERLY,CLEAR,DAYLIGHT,ANGLE,NOT DIVIDED,,STRAIGHT AND LEVEL,DRY,NO DEFECTS,,NO INJURY / DRIVE AWAY,,,,"$501 - $1,500",08/11/2025 07:30:00 PM,UNABLE TO DETERMINE,UNABLE TO DETERMINE,4807,W,HARRISON ST,1533,,,,,,,2,NO INDICATION OF INJURY,0,0,0,0,0,2,0,17,2,8,41.8730170055,-87.745321742,POINT (-87.745321742007 41.873017005496)
35d70115775f76c62dce65592266653bd3a9fd91af5ddc93bf3bb56a7cf41bd52147c1164921c1825219f0e3367a4bfcc8d2bc2f66c617d3455daef782c6a80e,,08/11/2025 05:40:00 PM,30,NO CONTROLS,NO CONTROLS,CLEAR,DAYLIGHT,REAR END,NOT DIVIDED,,STRAIGHT AND LEVEL,DRY,NO DEFECTS,ON SCENE,INJURY AND / OR TOW DUE TO CRASH,,,,"OVER $1,500",08/11/2025 05:42:00 PM,FAILING TO REDUCE SPEED TO AVOID CRASH,UNABLE TO DETERMINE,10,N,OGDEN AVE,1224,,,,,,,3,NONINCAPACITATING INJURY,1,0,0,1,0,2,0,17,2,8,41.8817627995,-87.6659463579,POINT (-87.665946357882 41.881762799507)
b3efbab9447fb674054306ae769a32e65de22372387be3ffb2043e325c2ba41a87d3d99e7400bd87eb07e066da2cace5e2dff213e0732dfcd9f89e86efb96e31,,08/11/2025 05:26:00 PM,30,STOP SIGN/FLASHER,FUNCTIONING PROPERLY,CLEAR,DAYLIGHT,PEDALCYCLIST,OTHER,,STRAIGHT AND LEVEL,DRY,UNKNOWN,ON SCENE,INJURY AND / OR TOW DUE TO CRASH,,,Y,"OVER $1,500",08/11/2025 05:28:00 PM,UNABLE TO DETERMINE,UNABLE TO DETERMINE,2701,S,LOOMIS ST,913,,,,,,,2,"REPORTED, NOT EVIDENT",1,0,0,0,1,1,0,17,2,8,41.8446757392,-87.6599738604,POINT (-87.65997386042 41.844675739223)
0cc714c1838202e8f9e14d446138c302eabee73fd7870e2537ee13700c8716e7c2209af9408495a03fedc120bd9ccf8f20d5c47031e2fb2a386b88f400979859,,08/11/2025 05:24:00 PM,30,TRAFFIC SIGNAL,UNKNOWN,CLEAR,DAYLIGHT,REAR END,NOT DIVIDED,,STRAIGHT AND LEVEL,UNKNOWN,UNKNOWN,NOT ON SCENE (DESK REPORT),NO INJURY / DRIVE AWAY,,,,"$501 - $1,500",08/11/2025 06:50:00 PM,FOLLOWING TOO CLOSELY,FOLLOWING TOO CLOSELY,8306,S,ST LAWRENCE AVE,632,,,,,,,2,NO INDICATION OF INJURY,0,0,0,0,0,2,0,17,2,8,41.7436577636,-87.6100151521,POINT (-87.610015152073 41.743657763605)
60f94e48ff3054a337fc29f751c96239c80e7e7a882f80b538aa3274a9e77aea51bf7873b7a91e5e8988718ebc91db62e4b4ff409327602ce044ea27b730d1f0,,08/11/2025 05:19:00 PM,30,TRAFFIC SIGNAL,FUNCTIONING PROPERLY,CLEAR,DAYLIGHT,SIDESWIPE SAME DIRECTION,FOUR WAY,,STRAIGHT AND LEVEL,DRY,NO DEFECTS,NOT ON SCENE (DESK REPORT),NO INJURY / DRIVE AWAY,,,,"OVER $1,500",08/11/2025 07:40:00 PM,IMPROPER OVERTAKING/PASSING,IMPROPER OVERTAKING/PASSING,200,W,35TH ST,915,,,,,,,2,NO INDICATION OF INJURY,0,0,0,0,0,2,0,17,2,8,41.8310478445,-87.6315270888,POINT (-87.631527088833 41.831047844498)
0f89420dd20a2c6ceaff57870be685a0fa54a810def57d28692cb0d3e7f2acd5d11e52e8916684a700d3777782a59148b422476474843699c96b73223143a555,,08/11/2025 05:17:00 PM,25,TRAFFIC SIGNAL,FUNCTIONING PROPERLY,CLEAR,DAYLIGHT,REAR END,DIVIDED - W/MEDIAN BARRIER,,STRAIGHT ON GRADE,DRY,UNKNOWN,ON SCENE,INJURY AND / OR TOW DUE TO CRASH,,,,"OVER $1,500",08/11/2025 05:18:00 PM,UNABLE TO DETERMINE,NOT APPLICABLE,298,E,WACKER DR,114,,,,,,,2,NO INDICATION OF INJURY,0,0,0,0,0,2,0,17,2,8,41.8880826288,-87.6206582611,POINT (-87.620658261066 41.888082628849)
217952ea4966c0e9003b33f7eec8878a92917047661b9c67f0ee22c18edd26996d1d31b374ffece5eb16ff5cea5fab6d1a15351c5e35040a8e17d0907a24ae61,,08/11/2025 05:15:00 PM,30,TRAFFIC SIGNAL,UNKNOWN,CLEAR,DAYLIGHT,PARKED MOTOR VEHICLE,DIVIDED - W/MEDIAN (NOT RAISED),,STRAIGHT AND LEVEL,DRY,UNKNOWN,ON SCENE,NO INJURY / DRIVE AWAY,,,,"$501 - $1,500",08/11/2025 05:18:00 PM,UNABLE TO DETERMINE,UNABLE TO DETERMINE,4207,W,MONTROSE AVE,1722,,,,,,,2,NO INDICATION OF INJURY,0,0,0,0,0,1,0,17,2,8,41.9607789564,-87.7330395442,POINT (-87.733039544181 41.960778956393)
ab555148c44e9e9184446c70c236f514b1322f251f86a1c5fa798a717e20c61891f5300a249fb5c781758d3dd06744c1b18fe09f9be5c027c051839b57d39a0b,,08/11/2025 05:11:00 PM,30,STOP SIGN/FLASHER,FUNCTIONING PROPERLY,CLEAR,DAYLIGHT,TURNING,FOUR WAY,,STRAIGHT AND LEVEL,DRY,NO DEFECTS,ON SCENE,INJURY AND / OR TOW DUE TO CRASH,Y,,,"OVER $1,500",08/11/2025 05:11:00 PM,UNABLE TO DETERMINE,NOT APPLICABLE,8300,S,DR MARTIN LUTHER KING JR DR,632,,,,,,,2,"REPORTED, NOT EVIDENT",3,0,0,0,3,1,0,17,2,8,41.7437109663,-87.6148811193,POINT (-87.614881119323 41.743710966316)
171707aaf0d729ea1645a6fce5bd3eee3f9ad2f17088d496430b9c755c0d7daf8450b8595939acfb37cd454077da154e7521db87375b3efe1c81f2d0ef46c6b9,,08/11/2025 05:10:00 PM,30,STOP SIGN/FLASHER,FUNCTIONING PROPERLY,CLEAR,DAYLIGHT,ANGLE,NOT DIVIDED,,STRAIGHT AND LEVEL,DRY,UNKNOWN,NOT ON SCENE (DESK REPORT),NO INJURY / DRIVE AWAY,Y,,,"OVER $1,500",08/11/2025 05:40:00 PM,DISREGARDING STOP SIGN,NOT APPLICABLE,2800,N,MEADE AVE,2511,,,,,,,2,NO INDICATION OF INJURY,0,0,0,0,0,3,0,17,2,8,41.9311936515,-87.7785446486,POINT (-87.778544648571 41.931193651451)