CRASH_RECORD_ID,CRASH_DATE_EST_I,CRASH_DATE,POSTED_SPEED_LIMIT,TRAFFIC_CONTROL_DEVICE,DEVICE_CONDITION,WEATHER_CONDITION,LIGHTING_CONDITION,FIRST_CRASH_TYPE,TRAFFICWAY_TYPE,LANE_CNT,ALIGNMENT,ROADWAY_SURFACE_COND,ROAD_DEFECT,REPORT_TYPE,CRASH_TYPE,INTERSECTION_RELATED_I,NOT_RIGHT_OF_WAY_I,HIT_AND_RUN_I,DAMAGE,DATE_POLICE_NOTIFIED,PRIM_CONTRIBUTORY_CAUSE,SEC_CONTRIBUTORY_CAUSE,STREET_NO,STREET_DIRECTION,STREET_NAME,BEAT_OF_OCCURRENCE,PHOTOS_TAKEN_I,STATEMENTS_TAKEN_I,DOORING_I,WORK_ZONE_I,WORK_ZONE_TYPE,WORKERS_PRESENT_I,NUM_UNITS,MOST_SEVERE_INJURY,INJURIES_TOTAL,INJURIES_FATAL,INJURIES_INCAPACITATING,INJURIES_NON_INCAPACITATING,INJURIES_REPORTED_NOT_EVIDENT,INJURIES_NO_INDICATION,INJURIES_UNKNOWN,CRASH_HOUR,CRASH_DAY_OF_WEEK,CRASH_MONTH,LATITUDE,LONGITUDE,LOCATION
2d9ab14f67cc3ed9528d86e3f552b973aa1fdc9fe4208d36aff4205b68a6d3fdce7f35e8c2a256ba51e13fbc5b70deabb20e2a9ce1611bfdc1c895909f805f9a,,08/11/2025 05:10:00 PM,30,NO CONTROLS,NO CONTROLS,CLEAR,DAYLIGHT,REAR TO SIDE,ALLEY,,STRAIGHT AND LEVEL,DRY,NO DEFECTS,NOT ON SCENE (DESK REPORT),NO INJURY / DRIVE AWAY,,,,"OVER $1,500",08/11/2025 05:55:00 PM,"VISION OBSCURED (SIGNS, TREE LIMBS, BUILDINGS, ETC.)",UNABLE TO DETERMINE,5334,W,DRUMMOND PL,2514,,,,,,,2,NO INDICATION OF INJURY,0,0,0,0,0,2,0,17,2,8,41.9287444784,-87.7601971104,POINT (-87.760197110439 41.928744478416)
3ad7458012f0086b692eef94325726c78cebb7a264447c8751e82a32492913ee955d3df141080ab998474a24164d5eefc330fc9732a26309df1ea4afcd15db26,,08/11/2025 05:10:00 PM,30,STOP SIGN/FLASHER,FUNCTIONING PROPERLY,CLEAR,DAYLIGHT,ANGLE,T-INTERSECTION,,STRAIGHT AND LEVEL,DRY,UNKNOWN,ON SCENE,INJURY AND / OR TOW DUE TO CRASH,Y,,,"OVER $1,500",08/11/2025 05:14:00 PM,DRIVING SKILLS/KNOWLEDGE/EXPERIENCE,UNABLE TO DETERMINE,7305,W,HIGGINS AVE,1613,,,,,,,2,NONINCAPACITATING INJURY,1,0,0,1,0,1,0,17,2,8,,,
c89992609df3e7e1cf92ee5c502ee5725768cb3fb771606a34938175341013f590f03772874bf430844d49b1357b2a4ddf34133de9f7feed67c20408b2b75269,,08/11/2025 05:10:00 PM,30,NO CONTROLS,NO CONTROLS,CLEAR,DAYLIGHT,PARKED MOTOR VEHICLE,NOT DIVIDED,,STRAIGHT AND LEVEL,DRY,UNKNOWN,ON SCENE,NO INJURY / DRIVE AWAY,,,,"OVER $1,500",08/11/2025 05:14:00 PM,IMPROPER OVERTAKING/PASSING,UNABLE TO DETERMINE,3430,W,ROOSEVELT RD,1133,,,,,,,2,NO INDICATION OF INJURY,0,0,0,0,0,4,0,17,2,8,41.8664439902,-87.711802379,POINT (-87.711802378964 41.866443990247)
80e39c452964c841ca4f4841b1366a4feebe31cdb53dd9faa2b9a9758d62800cf45a210af626242c1a6a7ea2727ad011fb0cc33edb06d49886999a15fd2dcd8e,,08/11/2025 05:09:00 PM,30,NO CONTROLS,NO CONTROLS,CLEAR,DAYLIGHT,PARKED MOTOR VEHICLE,PARKING LOT,,STRAIGHT AND LEVEL,DRY,NO DEFECTS,NOT ON SCENE (DESK REPORT),NO INJURY / DRIVE AWAY,,,Y,"OVER $1,500",08/11/2025 07:15:00 PM,UNABLE TO DETERMINE,UNABLE TO DETERMINE,3850,W,NORTH AVE,2535,,,,,,,2,NO INDICATION OF INJURY,0,0,0,0,0,2,0,17,2,8,41.9100281927,-87.7235137036,POINT (-87.723513703642 41.910028192695)
0d4bca6c4c817345f9ae7d3f718fd16e8fc1696472a1eda010a764c73b38f82180ca4f11a898a5a02ab9857261f95723f4e03d2e37b89e12956380a0ace918fe,,08/11/2025 05:00:00 PM,30,NO CONTROLS,NO CONTROLS,CLEAR,DAYLIGHT,PEDALCYCLIST,NOT DIVIDED,,STRAIGHT AND LEVEL,DRY,NO DEFECTS,,NO INJURY / DRIVE AWAY,,,Y,"$501 - $1,500",08/11/2025 08:10:00 PM,FAILING TO YIELD RIGHT-OF-WAY,FAILING TO YIELD RIGHT-OF-WAY,5601,W,SUNNYSIDE AVE,1622,,,,,,,2,NO INDICATION OF INJURY,0,0,0,0,0,2,0,17,2,8,41.9622429852,-87.7673605194,POINT (-87.767360519449 41.962242985173)
977774db5b0bc9367727fcece9b8063790f1b8dcb346b65534ead0cbfb55a3249f44b26dbbcfdbb7348563338b5ae11053dc404c0df6a9f7de5b31a1bddb73b5,,08/11/2025 05:00:00 PM,35,UNKNOWN,NO CONTROLS,CLEAR,DAYLIGHT,PARKED MOTOR VEHICLE,NOT DIVIDED,,STRAIGHT AND LEVEL,DRY,NO DEFECTS,NOT ON SCENE (DESK REPORT),NO INJURY / DRIVE AWAY,,,,"$501 - $1,500",08/11/2025 05:30:00 PM,UNABLE TO DETERMINE,NOT APPLICABLE,7342,W,FOSTER AVE,1613,,,,,,,2,NO INDICATION OF INJURY,0,0,0,0,0,1,0,17,2,8,41.9745429477,-87.8113468842,POINT (-87.811346884218 41.974542947709)
bf848ac85cdccdca1915273cac8160edb40ae8b0de88d9d817d09cd5479b9a5ae5cbf3257abf4d5782d7ea4d3a88676f0c41313d3e7789dc1be20fe13fdca750,Y,08/11/2025 05:00:00 PM,30,STOP SIGN/FLASHER,FUNCTIONING PROPERLY,UNKNOWN,DAYLIGHT,SIDESWIPE SAME DIRECTION,ONE-WAY,,STRAIGHT AND LEVEL,UNKNOWN,UNKNOWN,NOT ON SCENE (DESK REPORT),NO INJURY / DRIVE AWAY,,,,"OVER $1,500",08/12/2025 06:45:00 PM,UNABLE TO DETERMINE,NOT APPLICABLE,1500,N,OAKLEY BLVD,1424,,,,,,,2,NO INDICATION OF INJURY,0,0,0,0,0,2,0,17,2,8,41.9086170163,-87.6848815863,POINT (-87.684881586304 41.908617016335)
d71971ae3fd42003c09a9f65fe117ba60311094c3b9eb1d8df39675d9282eb050c322bd595d1868cfd77817824851b91525d87968c628a7209dfb06bd6fbe05a,,08/11/2025 05:00:00 PM,30,STOP SIGN/FLASHER,FUNCTIONING PROPERLY,CLEAR,DAYLIGHT,SIDESWIPE SAME DIRECTION,NOT DIVIDED,,STRAIGHT AND LEVEL,DRY,NO DEFECTS,,NO INJURY / DRIVE AWAY,,,,"OVER $1,500",08/11/2025 05:15:00 PM,IMPROPER LANE USAGE,FAILING TO YIELD RIGHT-OF-WAY,4361,S,DR MARTIN LUTHER KING JR DR,221,,,,,,,2,NO INDICATION OF INJURY,0,0,0,0,0,4,0,17,2,8,41.8149153636,-87.6165972102,POINT (-87.616597210155 41.814915363572)
d5d5a0c14da816b6ecbad2676044338bcfbbb29b4d13f8e5ecb8bbebd5ed9a23485e6cf6694d9a157c563b3171fbe4c533bd0f58c4009708d4844153aa39a49a,,08/11/2025 04:58:00 PM,35,UNKNOWN,UNKNOWN,CLEAR,DAYLIGHT,PEDALCYCLIST,FOUR WAY,,STRAIGHT AND LEVEL,UNKNOWN,UNKNOWN,ON SCENE,INJURY AND / OR TOW DUE TO CRASH,Y,,,"OVER $1,500",08/11/2025 04:58:00 PM,NOT APPLICABLE,UNABLE TO DETERMINE,4798,W,79TH ST,834,,,,,,,2,NONINCAPACITATING INJURY,1,0,0,1,0,2,0,16,2,8,41.7492587734,-87.7413046217,POINT (-87.741304621682 41.749258773449)
3d37f27c3c4e18fd7e2625b45b59e153bdded6c8501e3a9f20d3d6d8be82e23f8f1e96533934a3c3676e7f3a813d6e5760c3742b056ab84a2bc6972f15abfae7,,08/11/2025 04:50:00 PM,30,NO CONTROLS,NO CONTROLS,CLEAR,DAYLIGHT,TURNING,PARKING LOT,,STRAIGHT AND LEVEL,DRY,NO DEFECTS,NOT ON SCENE (DESK REPORT),NO INJURY / DRIVE AWAY,,,,"$501 - $1,500",08/11/2025 04:50:00 PM,UNABLE TO DETERMINE,NOT APPLICABLE,1133,W,13TH ST,1232,,,,,,,2,NO INDICATION OF INJURY,0,0,0,0,0,2,0,16,2,8,41.8651218323,-87.6554656394,POINT (-87.655465639411 41.865121832331)
51c63637c6ebd2cc0fe56e531eac4b2c3cad74ed53e0537b28c7653fd85f87667b1cb8631ded47b398fff73ba5973507b737393e45891cf61f213e71a4fb21ca,,08/11/2025 04:50:00 PM,30,TRAFFIC SIGNAL,UNKNOWN,CLEAR,DAYLIGHT,SIDESWIPE SAME DIRECTION,RAMP,,STRAIGHT AND LEVEL,DRY,UNKNOWN,ON SCENE,NO INJURY / DRIVE AWAY,,,,"$501 - $1,500",08/11/2025 06:16:00 PM,IMPROPER OVERTAKING/PASSING,IMPROPER OVERTAKING/PASSING,50,W,71ST ST,731,,,,,,,2,NO INDICATION OF INJURY,0,0,0,0,0,3,0,16,2,8,41.7655526165,-87.6268248335,POINT (-87.626824833481 41.76555261653)
7e63c4ed6e79d58035fd276747ab91a3329484779f2548707adf3b5404a82936378e1e1f538b6e5b97ca6daeb2be1440801b0ef17deeca20bb3d3232685eb6e4,,08/11/2025 04:50:00 PM,30,NO CONTROLS,NO CONTROLS,CLEAR,DAYLIGHT,OTHER NONCOLLISION,ONE-WAY,,STRAIGHT AND LEVEL,DRY,NO DEFECTS,ON SCENE,INJURY AND / OR TOW DUE TO CRASH,,,,"OVER $1,500",08/11/2025 04:50:00 PM,FOLLOWING TOO CLOSELY,NOT APPLICABLE,355,W,WASHINGTON ST,122,,,,,,,2,NONINCAPACITATING INJURY,1,0,0,1,0,1,0,16,2,8,41.8830916196,-87.6368071974,POINT (-87.636807197384 41.883091619631)
aee5ae75776cd72cf236d7fb4eb17649543fc115ef472f2717c5f493270840b67a468acd67e54ec72de14370e87eadec5f79848a8f0af9fcdafeb47becb3fcf2,,08/11/2025 04:49:00 PM,30,NO CONTROLS,NO CONTROLS,CLEAR,DAYLIGHT,PARKED MOTOR VEHICLE,NOT DIVIDED,,STRAIGHT AND LEVEL,DRY,NO DEFECTS,ON SCENE,NO INJURY / DRIVE AWAY,,,Y,"$501 - $1,500",08/11/2025 05:07:00 PM,UNABLE TO DETERMINE,UNABLE TO DETERMINE,4821,W,SUNNYSIDE AVE,1623,,,,,,,2,NO INDICATION OF INJURY,0,0,0,0,0,1,0,16,2,8,41.9624274997,-87.7485875729,POINT (-87.748587572929 41.962427499729)
3021e2669652580fce28e14e94793066194ad40cde79673d6e04ad75b6fb3dfe010962f0274038de115e0dcae828dab6c3c9aeb4af114835d474d2b42b97a312,,08/11/2025 04:45:00 PM,30,TRAFFIC SIGNAL,FUNCTIONING PROPERLY,CLEAR,DAYLIGHT,REAR END,CENTER TURN LANE,,STRAIGHT AND LEVEL,DRY,NO DEFECTS,NOT ON SCENE (DESK REPORT),INJURY AND / OR TOW DUE TO CRASH,,,,"$501 - $1,500",08/11/2025 06:06:00 PM,UNABLE TO DETERMINE,NOT APPLICABLE,3118,W,MONTROSE AVE,1724,,,,,,,2,NONINCAPACITATING INJURY,1,0,0,1,0,2,0,16,2,8,41.9613055456,-87.7065695453,POINT (-87.706569545289 41.961305545595)
ec9f2b6a16ffe5b3e6c79d65ca17052a65de232f98efc585cbd8d00e887d2db449729b98ec72746d556f7d7c2606cd1ea1b596dbcd49aaadf8ca17aa1c0d6b24,,08/11/2025 04:45:00 PM,30,STOP SIGN/FLASHER,NO CONTROLS,CLEAR,DAYLIGHT,ANGLE,FOUR WAY,,STRAIGHT AND LEVEL,DRY,NO DEFECTS,NOT ON SCENE (DESK REPORT),NO INJURY / DRIVE AWAY,Y,,,"OVER $1,500",08/12/2025 06:30:00 PM,FAILING TO YIELD RIGHT-OF-WAY,UNABLE TO DETERMINE,2301,W,CERMAK RD,1034,,,,,,,2,NO INDICATION OF INJURY,0,0,0,0,0,2,0,16,2,8,41.8519506068,-87.6833074111,POINT (-87.683307411076 41.851950606784)
45851e1ee8588fc0aa0f38f6564672b81741f82f132a1b56251ff85201d10d3aca36da7950f6a2c55089694d40ed5f11cc43bf3cae6ea2a7aa38f3f8930ebc03,,08/11/2025 04:44:00 PM,30,NO CONTROLS,NO CONTROLS,CLEAR,DAYLIGHT,SIDESWIPE SAME DIRECTION,ONE-WAY,,STRAIGHT AND LEVEL,DRY,NO DEFECTS,ON SCENE,NO INJURY / DRIVE AWAY,,Y,,"OVER $1,500",08/11/2025 04:45:00 PM,NOT APPLICABLE,NOT APPLICABLE,1650,W,HARRISON ST,1231,,,,,,,2,NO INDICATION OF INJURY,0,0,0,0,0,3,0,16,2,8,41.8742749934,-87.6686741085,POINT (-87.668674108475 41.874274993448)
132ceec783aa6738c311eca47cf5ef0511ff8bd131bb75dec2a95ed1fc31dff16a8fe6c2f8c4f4972d80feadc29087201c4ba4d0ba61f9f7bb2362961def44b1,,08/11/2025 04:32:00 PM,30,OTHER,OTHER,CLEAR,DAYLIGHT,TURNING,DIVIDED - W/MEDIAN (NOT RAISED),,STRAIGHT AND LEVEL,DRY,NO DEFECTS,ON SCENE,INJURY AND / OR TOW DUE TO CRASH,,,,"$501 - $1,500",08/11/2025 04:35:00 PM,FAILING TO YIELD RIGHT-OF-WAY,FAILING TO YIELD RIGHT-OF-WAY,742,W,65TH ST,723,,,,,,,2,NONINCAPACITATING INJURY,1,0,0,1,0,2,0,16,2,8,41.7762475001,-87.6441547037,POINT (-87.644154703701 41.776247500086)
3fd14f1253d609f4b308e5b4a71d8057cdbddc1f6de570d6f0faed2e7efcc80f4953fcba3f36d65a5f3e1985cbd582a33ed1e0d9e01b79f915949760cafee744,N,08/11/2025 04:30:00 PM,30,NO CONTROLS,NO CONTROLS,CLEAR,DAYLIGHT,PARKED MOTOR VEHICLE,ONE-WAY,,STRAIGHT AND LEVEL,DRY,UNKNOWN,NOT ON SCENE (DESK REPORT),NO INJURY / DRIVE AWAY,,,,"OVER $1,500",08/13/2025 04:12:00 PM,UNABLE TO DETERMINE,UNABLE TO DETERMINE,333,E,ONTARIO ST,1834,,Y,,,,,2,NO INDICATION OF INJURY,0,0,0,0,0,1,0,16,2,8,41.8933211887,-87.6189671889,POINT (-87.618967188858 41.893321188673)
4b4486d9c9c3f0143397554dfe47bf750f61701a1ad932fea832e7745d25177db0911481789949d344242723e4137941db5a17829130ea00fec9c917de8b2c1b,,08/11/2025 04:30:00 PM,30,NO CONTROLS,NO CONTROLS,CLEAR,DAYLIGHT,REAR END,DIVIDED - W/MEDIAN BARRIER,,STRAIGHT AND LEVEL,DRY,NO DEFECTS,NOT ON SCENE (DESK REPORT),NO INJURY / DRIVE AWAY,,,,"$501 - $1,500",08/11/2025 06:22:00 PM,FOLLOWING TOO CLOSELY,NOT APPLICABLE,3213,W,47TH PL,821,,,,,,,2,NO INDICATION OF INJURY,0,0,0,0,0,2,0,16,2,8,41.8067052577,-87.7044645887,POINT (-87.704464588665 41.806705257666)
7cd80455488bcc1b8924473bd38c517100226737c9e4871627ea558ca08577fcda2865da368d615a5bbf09abaccfd03836f7526316523e98cee3302c79f39a04,,08/11/2025 04:30:00 PM,30,TRAFFIC SIGNAL,FUNCTIONING PROPERLY,CLEAR,DAYLIGHT,FIXED OBJECT,NOT DIVIDED,,STRAIGHT AND LEVEL,DRY,NO DEFECTS,NOT ON SCENE (DESK REPORT),NO INJURY / DRIVE AWAY,,,,"OVER $1,500",08/17/2025 08:50:00 AM,IMPROPER TURNING/NO SIGNAL,IMPROPER TURNING/NO SIGNAL,6249,S,MORGAN ST,712,,,,,,,2,NO INDICATION OF INJURY,0,0,0,0,0,2,0,16,2,8,41.7800493832,-87.6495071207,POINT (-87.649507120743 41.780049383206)
a9b26133b73f862f8ef1b1deefb4f62d07a2bdfd1115045a412326c2d6b5f5c552c3d3a75cb64539f9da274c82ac1ce72ffed122da56be7026a911a3be0db8ce,Y,08/11/2025 04:30:00 PM,30,NO CONTROLS,NO CONTROLS,CLEAR,DAYLIGHT,REAR END,NOT DIVIDED,,STRAIGHT AND LEVEL,DRY,UNKNOWN,NOT ON SCENE (DESK REPORT),NO INJURY / DRIVE AWAY,,,,"OVER $1,500",08/11/2025 04:55:00 PM,FOLLOWING TOO CLOSELY,NOT APPLICABLE,2569,N,MILWAUKEE AVE,1414,,,,,,,2,NO INDICATION OF INJURY,0,0,0,0,0,2,0,16,2,8,41.928078074,-87.7055520554,POINT (-87.705552055427 41.928078074023)
4c0c10de0e369edfcfa77b572e52352e3975c76c2ba63bc21a4f34b2c0711b3e7b7035820b87e0c7a68c5cc9185f07ee0dcc37519d293ad633b43df22d28754d,,08/11/2025 04:29:00 PM,35,NO CONTROLS,NO CONTROLS,CLEAR,DAYLIGHT,REAR END,NOT DIVIDED,,STRAIGHT AND LEVEL,DRY,NO DEFECTS,NOT ON SCENE (DESK REPORT),NO INJURY / DRIVE AWAY,,,,"$501 - $1,500",08/12/2025 10:30:00 PM,FOLLOWING TOO CLOSELY,FAILING TO REDUCE SPEED TO AVOID CRASH,1555,N,CICERO AVE,2533,,,,,,,2,NO INDICATION OF INJURY,0,0,0,0,0,2,0,16,2,8,41.9094217672,-87.7459679029,POINT (-87.745967902871 41.909421767155)
4daf6ed1f2833b0de984d55dae4a5153f183b8b5998fe0f446732e84f15715d16b673fb6973836683df65c1093ef0a58b19ff5e53ae8b354a3ffa5a47f14b48c,,08/11/2025 04:23:00 PM,30,NO CONTROLS,NO CONTROLS,CLEAR,DAYLIGHT,REAR END,DIVIDED - W/MEDIAN (NOT RAISED),,STRAIGHT AND LEVEL,DRY,NO DEFECTS,ON SCENE,NO INJURY / DRIVE AWAY,,,,"OVER $1,500",08/11/2025 05:35:00 PM,FOLLOWING TOO CLOSELY,NOT APPLICABLE,2657,N,CENTRAL AVE,2514,,,,,,,3,NO INDICATION OF INJURY,0,0,0,0,0,3,0,16,2,8,41.9293514208,-87.7660310632,POINT (-87.766031063153 41.929351420843)
d94d2094637eb85e060fcc3c568ae31f501551eb73bb0f75c73b284b63afe0cd0a87634e28c607979a4c5e963d630902a93fa4df113c20579a23b724a80f6f75,,08/11/2025 04:17:00 PM,35,NO CONTROLS,NO CONTROLS,CLEAR,DAYLIGHT,SIDESWIPE SAME DIRECTION,CENTER TURN LANE,,STRAIGHT AND LEVEL,DRY,NO DEFECTS,NOT ON SCENE (DESK REPORT),INJURY AND / OR TOW DUE TO CRASH,,,Y,"OVER $1,500",08/12/2025 08:10:00 AM,UNABLE TO DETERMINE,UNABLE TO DETERMINE,11420,S,WESTERN AVE,2212,,,,,,,2,NONINCAPACITATING INJURY,1,0,0,1,0,1,0,16,2,8,41.6855193665,-87.6811071275,POINT (-87.681107127504 41.68551936648)
6de73510fd0d5b7d88045d14b279f5610165a507cfb514efd924fc3210ef5853ad7342cade4a79a93aa8768b51f619c94142e241838528c85f4962a6c86373e4,,08/11/2025 04:15:00 PM,30,TRAFFIC SIGNAL,FUNCTIONING PROPERLY,CLEAR,DAYLIGHT,REAR END,NOT DIVIDED,,STRAIGHT AND LEVEL,DRY,UNKNOWN,NOT ON SCENE (DESK REPORT),INJURY AND / OR TOW DUE TO CRASH,Y,,,"OVER $1,500",08/11/2025 11:55:00 PM,UNABLE TO DETERMINE,UNABLE TO DETERMINE,4700,S,ASHLAND AVE,931,,,,,,,2,NONINCAPACITATING INJURY,2,0,0,2,0,2,0,16,2,8,41.8085115972,-87.6651172917,POINT (-87.665117291733 41.808511597247)
2cfb598eb45fdda2e9f2cda233b51719eff57206bbde7dab6a1a21dd3175177bbb73104356b5f933148ef7daeb9cf472999a6fb03633890452df562e29530fc0,,08/11/2025 04:10:00 PM,30,TRAFFIC SIGNAL,FUNCTIONING PROPERLY,CLEAR,DAYLIGHT,SIDESWIPE SAME DIRECTION,FOUR WAY,,STRAIGHT AND LEVEL,DRY,UNKNOWN,ON SCENE,NO INJURY / DRIVE AWAY,,,,"OVER $1,500",08/11/2025 04:32:00 PM,UNABLE TO DETERMINE,UNABLE TO DETERMINE,209,E,ONTARIO ST,1834,,,,,,,2,NO INDICATION OF INJURY,0,0,0,0,0,3,0,16,2,8,41.8932564612,-87.6223987455,POINT (-87.622398745465 41.893256461178)
5952c6c3288db394206dbbbb6dd80b38636c039363a852fbc5c9054f4fcd6a45f8d7b8140cc5cb308eac85ef333ec6a7d7e479b90be0ed253240745b314087c8,,08/11/2025 04:09:00 PM,30,STOP SIGN/FLASHER,FUNCTIONING PROPERLY,CLEAR,DAYLIGHT,ANGLE,NOT DIVIDED,,STRAIGHT AND LEVEL,DRY,NO DEFECTS,NOT ON SCENE (DESK REPORT),NO INJURY / DRIVE AWAY,Y,,,"$501 - $1,500",08/11/2025 04:35:00 PM,FAILING TO YIELD RIGHT-OF-WAY,UNABLE TO DETERMINE,5300,N,KIMBALL AVE,1712,,,,,,,2,NO INDICATION OF INJURY,0,0,0,0,0,2,0,16,2,8,41.9776162846,-87.7137374227,POINT (-87.713737422724 41.977616284586)
d737c81a2a32933053a8e92d2afd3b146a74994fce79126df3864a56dc2925b3d38ef8908cbd5dcb1cd08cd19e91a8b41691496d16ea4cbd72fd1ef395cf4f0c,,08/11/2025 04:09:00 PM,30,NO CONTROLS,NO CONTROLS,CLEAR,DAYLIGHT,PARKED MOTOR VEHICLE,NOT DIVIDED,,STRAIGHT AND LEVEL,DRY,UNKNOWN,NOT ON SCENE (DESK REPORT),NO INJURY / DRIVE AWAY,,,,"$501 - $1,500",08/11/2025 10:30:00 PM,UNABLE TO DETERMINE,UNABLE TO DETERMINE,901,W,ARGYLE ST,2024,,,,,,,2,NO INDICATION OF INJURY,0,0,0,0,0,1,0,16,2,8,41.9732352007,-87.6526515955,POINT (-87.652651595549 41.973235200725)
ad4aaea3199dbbee32d9375524f8575cab0f5dbaad9c5559f710f0c95ea392dda407920b5f3f1c9b6da1b9d0049b318fefdb127c4f190c455bf236760f2ed6c3,,08/11/2025 04:08:00 PM,30,STOP SIGN/FLASHER,FUNCTIONING PROPERLY,CLEAR,DAYLIGHT,ANGLE,FOUR WAY,,STRAIGHT AND LEVEL,DRY,NO DEFECTS,ON SCENE,INJURY AND / OR TOW DUE TO CRASH,Y,,,"OVER $1,500",08/11/2025 04:28:00 PM,FAILING TO YIELD RIGHT-OF-WAY,NOT APPLICABLE,2159,S,PAULINA ST,1234,,,,,,,2,NO INDICATION OF INJURY,0,0,0,0,0,2,0,16,2,8,41.8523328672,-87.668352368,POINT (-87.668352367991 41.852332867249)
6a335f2c1ef781030869a3da40b790e97d3fd7f1a4eca7632c2b1d5a43da4e4dadb0290638d2d6e1942aaab56a25a029cf720e92a3aadf6fd125e097967b0c9f,,08/11/2025 04:06:00 PM,15,NO CONTROLS,NO CONTROLS,UNKNOWN,DAYLIGHT,PARKED MOTOR VEHICLE,PARKING LOT,,STRAIGHT AND LEVEL,UNKNOWN,NO DEFECTS,NOT ON SCENE (DESK REPORT),NO INJURY / DRIVE AWAY,,Y,N,"OVER $1,500",08/14/2025 11:00:00 AM,UNABLE TO DETERMINE,NOT APPLICABLE,949,N,ELSTON AVE,1213,,,,,,,2,NO INDICATION OF INJURY,0,0,0,0,0,1,0,16,2,8,41.8997438676,-87.6564954575,POINT (-87.656495457518 41.899743867626)
5d0bfa5e3000116a936cf2e327c43ec401772d601fe0ffc94b68a6ef6969c88cdb04a14fe42251e221206f5d27c5b51910f75ec966ed28831ed8f4ad4ed50c6f,,08/11/2025 04:00:00 PM,30,TRAFFIC SIGNAL,FUNCTIONING PROPERLY,CLEAR,DAYLIGHT,TURNING,NOT DIVIDED,,STRAIGHT AND LEVEL,DRY,NO DEFECTS,NOT ON SCENE (DESK REPORT),NO INJURY / DRIVE AWAY,Y,,Y,"OVER $1,500",08/11/2025 05:18:00 PM,UNABLE TO DETERMINE,UNABLE TO DETERMINE,3601,S,WESTERN BLVD,912,,,,,,,2,NO INDICATION OF INJURY,0,0,0,0,0,2,0,16,2,8,41.8284074621,-87.6842571095,POINT (-87.684257109515 41.828407462065)
7caa445eb61d0b12acd8c8227f9df77800e9520939cb23065eca3c427f743c64576bfdca3aa678fff774fc780d216ee51ca20cb797ef9861074109717155e99b,,08/11/2025 04:00:00 PM,30,UNKNOWN,UNKNOWN,UNKNOWN,DAYLIGHT,REAR END,NOT DIVIDED,,STRAIGHT AND LEVEL,UNKNOWN,UNKNOWN,NOT ON SCENE (DESK REPORT),INJURY AND / OR TOW DUE TO CRASH,,,,"OVER $1,500",08/14/2025 03:20:00 PM,UNABLE TO DETERMINE,UNABLE TO DETERMINE,5600,N,PULASKI RD,1711,,,,,,,2,"REPORTED, NOT EVIDENT",1,0,0,0,1,1,0,16,2,8,41.9829033459,-87.7285813391,POINT (-87.728581339088 41.982903345885)
a55d5c696f6afa7fd08ec37464e8cb89928c70310201dd814a4762f2e7b3c22fd45ecec8b311385eb585e93ba2623b521f20f208d897533f7e58de1bbf778967,,08/11/2025 04:00:00 PM,45,NO CONTROLS,NO CONTROLS,CLEAR,DAYLIGHT,REAR END,OTHER,,STRAIGHT AND LEVEL,DRY,NO DEFECTS,ON SCENE,NO INJURY / DRIVE AWAY,,,,"$501 - $1,500",08/11/2025 04:04:00 PM,FOLLOWING TOO CLOSELY,NOT APPLICABLE,10000,W,OHARE ST,1651,,,,,,,2,NO INDICATION OF INJURY,0,0,0,0,0,2,0,16,2,8,41.976201139,-87.9053091251,POINT (-87.905309125103 41.976201139024)
f25c85a028a38ae4bfcd48e5ef8b2a439639f8cfff36792cd308f7aa48586a083f5ddab4984e878f67348764dcea2ab06395f6a0ccb2701294c72c21e6f446f7,,08/11/2025 04:00:00 PM,30,TRAFFIC SIGNAL,FUNCTIONING PROPERLY,CLEAR,DAYLIGHT,TURNING,NOT DIVIDED,,STRAIGHT AND LEVEL,DRY,NO DEFECTS,NOT ON SCENE (DESK REPORT),NO INJURY / DRIVE AWAY,,,,"$501 - $1,500",08/11/2025 05:55:00 PM,NOT APPLICABLE,NOT APPLICABLE,4632,W,47TH ST,815,,,,,,,2,NO INDICATION OF INJURY,0,0,0,0,0,3,0,16,2,8,41.8077761313,-87.7397219844,POINT (-87.739721984416 41.807776131284)
04f60ea4474dd46cb651f1ec6a1ab0f48b3414feccbb454e61fa5978ab9d3224daa56a2744817101a2a52ba10631eff19d4da0c487c378ada449736374bb8ce5,,08/11/2025 03:55:00 PM,20,NO CONTROLS,NO CONTROLS,CLEAR,DAYLIGHT,FIXED OBJECT,ALLEY,,STRAIGHT AND LEVEL,DRY,UNKNOWN,ON SCENE,NO INJURY / DRIVE AWAY,,,,"OVER $1,500",08/11/2025 04:00:00 PM,NOT APPLICABLE,NOT APPLICABLE,2524,N,ORCHARD ST,1935,,Y,,,,,1,NO INDICATION OF INJURY,0,0,0,0,0,2,0,15,2,8,41.9285930063,-87.6465839197,POINT (-87.64658391968 41.928593006259)
72e0e5ddf20473ed5a5676e1c5e6e6209489daab61dcc23bbd054fc211ed120c43cd4adc53d2e8324a5891d479a0ea2d7ae58fee6d1fc9a3f68b1a86ba3f7b72,,08/11/2025 03:51:00 PM,25,TRAFFIC SIGNAL,FUNCTIONING PROPERLY,CLEAR,DAYLIGHT,PEDESTRIAN,T-INTERSECTION,,STRAIGHT AND LEVEL,DRY,NO DEFECTS,ON SCENE,INJURY AND / OR TOW DUE TO CRASH,Y,,,"OVER $1,500",08/11/2025 03:56:00 PM,FAILING TO YIELD RIGHT-OF-WAY,FAILING TO YIELD RIGHT-OF-WAY,3800,W,31ST ST,1031,,,,,,,2,"REPORTED, NOT EVIDENT",1,0,0,0,1,2,0,15,2,8,41.8370767958,-87.7195326202,POINT (-87.719532620217 41.837076795796)