CRASH_RECORD_ID,CRASH_DATE_EST_I,CRASH_DATE,POSTED_SPEED_LIMIT,TRAFFIC_CONTROL_DEVICE,DEVICE_CONDITION,WEATHER_CONDITION,LIGHTING_CONDITION,FIRST_CRASH_TYPE,TRAFFICWAY_TYPE,LANE_CNT,ALIGNMENT,ROADWAY_SURFACE_COND,ROAD_DEFECT,REPORT_TYPE,CRASH_TYPE,INTERSECTION_RELATED_I,NOT_RIGHT_OF_WAY_I,HIT_AND_RUN_I,DAMAGE,DATE_POLICE_NOTIFIED,PRIM_CONTRIBUTORY_CAUSE,SEC_CONTRIBUTORY_CAUSE,STREET_NO,STREET_DIRECTION,STREET_NAME,BEAT_OF_OCCURRENCE,PHOTOS_TAKEN_I,STATEMENTS_TAKEN_I,DOORING_I,WORK_ZONE_I,WORK_ZONE_TYPE,WORKERS_PRESENT_I,NUM_UNITS,MOST_SEVERE_INJURY,INJURIES_TOTAL,INJURIES_FATAL,INJURIES_INCAPACITATING,INJURIES_NON_INCAPACITATING,INJURIES_REPORTED_NOT_EVIDENT,INJURIES_NO_INDICATION,INJURIES_UNKNOWN,CRASH_HOUR,CRASH_DAY_OF_WEEK,CRASH_MONTH,LATITUDE,LONGITUDE,LOCATION
6310a1ee93bb09323f210f742c17109e0deecaf0d86a0bbf9be4103ff74158c7ffb0a96b51463d27f484f3488c5d78368515063b8aed42db9b3949685743f525,,08/11/2025 03:49:00 PM,35,NO CONTROLS,NO CONTROLS,CLEAR,DAYLIGHT,PARKED MOTOR VEHICLE,NOT DIVIDED,,STRAIGHT AND LEVEL,DRY,NO DEFECTS,ON SCENE,NO INJURY / DRIVE AWAY,,,,$500 OR LESS,08/11/2025 03:50:00 PM,UNABLE TO DETERMINE,UNABLE TO DETERMINE,200,N,HOMAN AVE,1123,,,,,,,2,NO INDICATION OF INJURY,0,0,0,0,0,2,0,15,2,8,41.8846707197,-87.7112658556,POINT (-87.711265855632 41.884670719661)
426d18b3db999a33600c4e1a5d474aaea1218d8adf3e3b8d22469c967249992581d0116af0a02d4aec3a22c06334fe647c42a4d5c8f7bfc25f40410d7979dc63,,08/11/2025 03:40:00 PM,30,NO CONTROLS,NO CONTROLS,CLEAR,DAYLIGHT,SIDESWIPE SAME DIRECTION,DIVIDED - W/MEDIAN (NOT RAISED),,STRAIGHT AND LEVEL,DRY,UNKNOWN,ON SCENE,NO INJURY / DRIVE AWAY,,,Y,"OVER $1,500",08/11/2025 03:47:00 PM,IMPROPER OVERTAKING/PASSING,IMPROPER LANE USAGE,634,N,FAIRBANKS CT,1834,,,,,,,2,NO INDICATION OF INJURY,0,0,0,0,0,2,0,15,2,8,41.8936602257,-87.6204239702,POINT (-87.62042397021 41.893660225749)
64c37aa6e838e45f8fdecab5f21163853e463332935f319f96953cf2b2e4b4294d445cc6cd3d7633ea95cb454b4c20fafb76ee7708958d96e9fce891c9413a5f,,08/11/2025 03:40:00 PM,30,STOP SIGN/FLASHER,NO CONTROLS,UNKNOWN,DAYLIGHT,TURNING,DIVIDED - W/MEDIAN (NOT RAISED),,STRAIGHT AND LEVEL,UNKNOWN,UNKNOWN,NOT ON SCENE (DESK REPORT),NO INJURY / DRIVE AWAY,,,,"$501 - $1,500",08/17/2025 03:25:00 PM,FOLLOWING TOO CLOSELY,NOT APPLICABLE,7500,S,INGLESIDE AVE,624,,,,,,,2,NO INDICATION OF INJURY,0,0,0,0,0,2,0,15,2,8,41.7585288646,-87.6018703632,POINT (-87.601870363182 41.758528864559)
6ab2403bd376b8062a32d2f2449dec9749fc74295e040cd4686e362950935bab872370fce05d515fbbe642b21d609cf60cdba4c0fe62ae5cda47765e24799a1d,,08/11/2025 03:40:00 PM,15,NO CONTROLS,NO CONTROLS,CLEAR,DAYLIGHT,REAR TO REAR,PARKING LOT,,STRAIGHT AND LEVEL,DRY,NO DEFECTS,ON SCENE,NO INJURY / DRIVE AWAY,,,,"OVER $1,500",08/11/2025 03:42:00 PM,UNABLE TO DETERMINE,UNABLE TO DETERMINE,1734,E,71ST ST,332,,Y,,,,,2,NO INDICATION OF INJURY,0,0,0,0,0,5,0,15,2,8,41.7662898046,-87.5823112899,POINT (-87.582311289947 41.76628980462)
04d379ff54896f83672f903224472fdb2dac1bb1da517ce19a2567cff46bfde2bcb6203c894d20d2014be1391bfe096196ac30255bb24e2337151427ffc45e4a,,08/11/2025 03:37:00 PM,30,TRAFFIC SIGNAL,FUNCTIONING PROPERLY,CLEAR,DAYLIGHT,REAR END,FOUR WAY,,STRAIGHT AND LEVEL,DRY,NO DEFECTS,NOT ON SCENE (DESK REPORT),NO INJURY / DRIVE AWAY,Y,,,"OVER $1,500",08/11/2025 06:30:00 PM,FOLLOWING TOO CLOSELY,UNABLE TO DETERMINE,3854,W,CERMAK RD,1014,,,,N,,,2,NO INDICATION OF INJURY,0,0,0,0,0,2,0,15,2,8,41.8516940292,-87.7220613968,POINT (-87.722061396842 41.851694029165)
e252772d041adb36b7b91671dfeabe902335013dc8bf34b29f2b307e3428177d14c22499573d72c2d4a321414b809663ccece9923ca0a8ff2d9bc66f73026856,,08/11/2025 03:34:00 PM,30,NO CONTROLS,NO CONTROLS,CLEAR,DAYLIGHT,PARKED MOTOR VEHICLE,DIVIDED - W/MEDIAN (NOT RAISED),,STRAIGHT AND LEVEL,DRY,NO DEFECTS,ON SCENE,NO INJURY / DRIVE AWAY,,,,"OVER $1,500",08/11/2025 03:34:00 PM,UNABLE TO DETERMINE,UNABLE TO DETERMINE,4652,N,WESTERN AVE,1911,,,,,,,2,NO INDICATION OF INJURY,0,0,0,0,0,1,0,15,2,8,41.9663473641,-87.6889836464,POINT (-87.688983646353 41.966347364064)
c1194c4e59c34485bbbd4057078c93477cdc8fa7eff1b0a7b57af12f0360c7a87d09bba8a22cc9e637b07e08df19736bd42f6435acaa3f9d5972841161dc6a62,,08/11/2025 03:32:00 PM,30,STOP SIGN/FLASHER,UNKNOWN,UNKNOWN,UNKNOWN,REAR END,NOT DIVIDED,,STRAIGHT AND LEVEL,UNKNOWN,UNKNOWN,NOT ON SCENE (DESK REPORT),NO INJURY / DRIVE AWAY,,,,"OVER $1,500",08/14/2025 05:45:00 PM,UNABLE TO DETERMINE,UNABLE TO DETERMINE,5598,N,ELSTON AVE,1623,,,,,,,2,NO INDICATION OF INJURY,0,0,0,0,0,2,0,15,2,8,41.9829012929,-87.764500066,POINT (-87.764500065952 41.982901292932)
5a4949e958582677a87313d3846dd21d95c234a7dd22661c246fa0300985f43a1ea4be0f4f024a28f56cbdb25defc7c7a222eb66cf16cbcea5f378836e10d6c8,,08/11/2025 03:31:00 PM,30,NO CONTROLS,NO CONTROLS,CLEAR,DAYLIGHT,SIDESWIPE SAME DIRECTION,DIVIDED - W/MEDIAN (NOT RAISED),,STRAIGHT AND LEVEL,DRY,NO DEFECTS,NOT ON SCENE (DESK REPORT),NO INJURY / DRIVE AWAY,,,,"OVER $1,500",08/11/2025 04:00:00 PM,FAILING TO YIELD RIGHT-OF-WAY,UNABLE TO DETERMINE,3709,S,WESTERN AVE,911,,,,,,,2,NO INDICATION OF INJURY,0,0,0,0,0,2,0,15,2,8,41.8262046444,-87.6847654775,POINT (-87.684765477549 41.826204644376)
832df34978e04706580dd84b53cfdaa005253a4fdd8b0c67da947cd9a19a42b812ef2defb77f3b766eb879010561e8e7d9dc71f51e49f7b67b39ada1cdebed1d,,08/11/2025 03:30:00 PM,30,NO CONTROLS,NO CONTROLS,CLEAR,DAYLIGHT,REAR END,DIVIDED - W/MEDIAN (NOT RAISED),,STRAIGHT AND LEVEL,DRY,NO DEFECTS,ON SCENE,NO INJURY / DRIVE AWAY,,,,"OVER $1,500",08/11/2025 05:38:00 PM,NOT APPLICABLE,NOT APPLICABLE,2050,N,PULASKI RD,2525,,,,,,,2,NO INDICATION OF INJURY,0,0,0,0,0,2,0,15,2,8,41.9187103879,-87.7267544055,POINT (-87.726754405523 41.918710387914)
279fe68ec011486148dd3dca37fefb898b1bc12b1c4abe89c02727c90dc614743a3918ef8a56908a2a3a0a80a889c33b1ba5267fc3d2e8a092ba94582650dd6f,,08/11/2025 03:24:00 PM,30,NO PASSING,FUNCTIONING PROPERLY,CLEAR,DAYLIGHT,TURNING,NOT DIVIDED,,STRAIGHT AND LEVEL,DRY,NO DEFECTS,ON SCENE,INJURY AND / OR TOW DUE TO CRASH,,,,"OVER $1,500",08/11/2025 03:26:00 PM,IMPROPER LANE USAGE,IMPROPER LANE USAGE,1334,N,PULASKI RD,2534,,,,,,,2,INCAPACITATING INJURY,8,0,1,7,0,0,0,15,2,8,41.9054436049,-87.7265346258,POINT (-87.72653462581 41.905443604894)
abd1cc03b3bef9cc38da831aeabe07a9518b32b180ab380a6bf2eac8c708952320a484ecf8373244f3cb62dd11d1692fc23356a87213e2023fb6c89064841de2,,08/11/2025 03:23:00 PM,30,NO CONTROLS,NO CONTROLS,CLEAR,DAYLIGHT,TURNING,NOT DIVIDED,,STRAIGHT AND LEVEL,DRY,NO DEFECTS,ON SCENE,INJURY AND / OR TOW DUE TO CRASH,,,,"OVER $1,500",08/11/2025 03:58:00 PM,FAILING TO YIELD RIGHT-OF-WAY,NOT APPLICABLE,1923,N,SHEFFIELD AVE,1813,,,,,,,2,NO INDICATION OF INJURY,0,0,0,0,0,2,0,15,2,8,41.9166634254,-87.6531725046,POINT (-87.653172504581 41.916663425384)
7e25ccd45f06c7004de02770cd54548f468ac09dcc1953d891cc54e0e2ec8bf263e5bac805cf83ffdd5bc847d51eb8e048c9fa7731f261ad6f38bfe013eae835,,08/11/2025 03:20:00 PM,15,NO CONTROLS,NO CONTROLS,CLOUDY/OVERCAST,DAYLIGHT,PARKED MOTOR VEHICLE,ONE-WAY,,STRAIGHT AND LEVEL,DRY,NO DEFECTS,ON SCENE,NO INJURY / DRIVE AWAY,,,,"$501 - $1,500",08/12/2025 03:27:00 PM,DRIVING SKILLS/KNOWLEDGE/EXPERIENCE,UNABLE TO DETERMINE,2,W,TERMINAL ST,1652,,,,,,,2,NO INDICATION OF INJURY,0,0,0,0,0,1,0,15,2,8,,,
17821697949e9daf6d1de99790febeedb1c3fbde5476702a5e0e11a75c86f82e4173cf658734357256b25acd668b83145fa18748de276a19654c62e6650a28cc,,08/11/2025 03:18:00 PM,30,TRAFFIC SIGNAL,FUNCTIONING PROPERLY,CLEAR,DAYLIGHT,REAR END,NOT DIVIDED,,STRAIGHT ON GRADE,DRY,NO DEFECTS,ON SCENE,NO INJURY / DRIVE AWAY,,,,"$501 - $1,500",08/11/2025 03:20:00 PM,FOLLOWING TOO CLOSELY,NOT APPLICABLE,2350,S,HALSTED ST,1235,,,,,,,2,NO INDICATION OF INJURY,0,0,0,0,0,2,0,15,2,8,41.8493215701,-87.6466210429,POINT (-87.646621042908 41.849321570065)
0ecf64f8dbd8755626391001a8ae0a7bab0a0c15c651cd9d1f3fb080ade4258ae70f038759cc43495ba58c7f78c3912cd7e28cff3d39f1c14342322a19dce244,,08/11/2025 03:16:00 PM,30,STOP SIGN/FLASHER,NO CONTROLS,CLEAR,DAYLIGHT,ANGLE,FOUR WAY,,STRAIGHT AND LEVEL,DRY,NO DEFECTS,ON SCENE,NO INJURY / DRIVE AWAY,,,,"OVER $1,500",08/11/2025 03:28:00 PM,FAILING TO YIELD RIGHT-OF-WAY,NOT APPLICABLE,8199,S,WHIPPLE ST,835,,,,,,,2,NO INDICATION OF INJURY,0,0,0,0,0,2,0,15,2,8,41.7444782784,-87.6984387019,POINT (-87.698438701898 41.744478278415)
4a1f50c7675b978dae87db0bca0be4658616777e8d8bd315a83c0b5402fee35ea108c5ed7f8f05320e704d6a92fc7edec1236853e329285d2522fb8d59ff98ba,,08/11/2025 03:15:00 PM,25,NO CONTROLS,NO CONTROLS,CLEAR,DAYLIGHT,PARKED MOTOR VEHICLE,NOT DIVIDED,,STRAIGHT AND LEVEL,DRY,NO DEFECTS,NOT ON SCENE (DESK REPORT),NO INJURY / DRIVE AWAY,,,,"OVER $1,500",08/11/2025 04:18:00 PM,NOT APPLICABLE,NOT APPLICABLE,1531,W,LELAND AVE,1912,,,,,,,2,NO INDICATION OF INJURY,0,0,0,0,0,2,0,15,2,8,41.9669513066,-87.6683576723,POINT (-87.668357672308 41.966951306637)
8ee8b29ca3837468b7692745852f73fddbd3d7acb1cc88dbb8ad9daa295661b67e96b1ce8f539112a096115accf287f46f524f26a02b6ca95057044da08c590b,,08/11/2025 03:10:00 PM,35,TRAFFIC SIGNAL,FUNCTIONING PROPERLY,CLEAR,DAYLIGHT,TURNING,NOT DIVIDED,,STRAIGHT AND LEVEL,DRY,UNKNOWN,ON SCENE,INJURY AND / OR TOW DUE TO CRASH,Y,,,"OVER $1,500",08/11/2025 03:10:00 PM,UNABLE TO DETERMINE,UNABLE TO DETERMINE,3600,W,OGDEN AVE,1014,,,,,,,3,NONINCAPACITATING INJURY,2,0,0,1,1,3,0,15,2,8,41.8546457019,-87.7152062518,POINT (-87.715206251845 41.854645701934)
53e659907fb37f29730ce48d9484e6bdd83ce1ff3f1305757b8e687a703f18bad69563d518490a20ffd5938f4ba0eeef39d5a1995f050265de2ead1dcbeece38,,08/11/2025 03:05:00 PM,30,NO CONTROLS,NO CONTROLS,CLEAR,DAYLIGHT,PARKED MOTOR VEHICLE,NOT DIVIDED,,STRAIGHT AND LEVEL,DRY,NO DEFECTS,ON SCENE,NO INJURY / DRIVE AWAY,,,Y,"OVER $1,500",08/11/2025 03:05:00 PM,"OPERATING VEHICLE IN ERRATIC, RECKLESS, CARELESS, NEGLIGENT OR AGGRESSIVE MANNER",NOT APPLICABLE,3569,W,CORTLAND ST,1422,,Y,,,,,3,NO INDICATION OF INJURY,0,0,0,0,0,3,0,15,2,8,41.9153616978,-87.7161728767,POINT (-87.716172876651 41.915361697771)
e882af2d2358b56a5898ac4950b0708dfab4aedfc4bf8900772e8cfb13d0fabe0f67a0b033dd4b7a301c7be5d666dbde0f0bc4346d2a829bef7033e7b529f0d5,,08/11/2025 03:05:00 PM,30,NO CONTROLS,NO CONTROLS,CLEAR,DAYLIGHT,TURNING,NOT DIVIDED,,STRAIGHT AND LEVEL,DRY,UNKNOWN,ON SCENE,INJURY AND / OR TOW DUE TO CRASH,,,,"OVER $1,500",08/11/2025 03:09:00 PM,UNABLE TO DETERMINE,UNABLE TO DETERMINE,4738,W,LAKE ST,1113,,,,,,,2,NONINCAPACITATING INJURY,2,0,0,1,1,1,0,15,2,8,41.8866533238,-87.7446022687,POINT (-87.744602268678 41.886653323814)
11ed3305384214b5d9991fd624a17a79db3483276c8075747b81b17eaeffef5a510b2668d1f8eba35380e219386b0629b4f13bc47fcf47cad947c60c79b4127e,,08/11/2025 02:55:00 PM,20,NO CONTROLS,NO CONTROLS,CLEAR,DAYLIGHT,ANGLE,ALLEY,,STRAIGHT AND LEVEL,DRY,WORN SURFACE,ON SCENE,NO INJURY / DRIVE AWAY,,,,"OVER $1,500",08/11/2025 02:57:00 PM,"VISION OBSCURED (SIGNS, TREE LIMBS, BUILDINGS, ETC.)",FAILING TO YIELD RIGHT-OF-WAY,2750,W,BERWYN AVE,2011,,,,Y,CONSTRUCTION,Y,2,NO INDICATION OF INJURY,0,0,0,0,0,3,0,14,2,8,41.9777576814,-87.6985580103,POINT (-87.698558010304 41.977757681377)
85b5aac89a81474b3853f141e6e38395a77dc353274f8ee69b96a29af5412130cd9ad0c5fe9fe1c4fbabf7b21aff85806fda58b2815548aafe9dbcde765a5526,,08/11/2025 02:42:00 PM,30,TRAFFIC SIGNAL,UNKNOWN,CLEAR,DAYLIGHT,SIDESWIPE SAME DIRECTION,NOT DIVIDED,,STRAIGHT AND LEVEL,DRY,UNKNOWN,ON SCENE,INJURY AND / OR TOW DUE TO CRASH,,,,"OVER $1,500",08/11/2025 02:47:00 PM,UNABLE TO DETERMINE,NOT APPLICABLE,3840,N,PULASKI RD,1732,,,,,,,2,NO INDICATION OF INJURY,0,0,0,0,0,2,0,14,2,8,41.9511696792,-87.727684218,POINT (-87.727684217986 41.951169679214)
6498802a2d6063e72ba7711ec1aa5131cfec549b27b529feeab62845e7f3e049e98b4931211f5e8391188c85851b90b4849fa4cd70cc9c4cd6bbbf8e61c478a0,,08/11/2025 02:40:00 PM,30,UNKNOWN,UNKNOWN,CLEAR,DAYLIGHT,REAR END,NOT DIVIDED,,STRAIGHT AND LEVEL,DRY,NO DEFECTS,ON SCENE,INJURY AND / OR TOW DUE TO CRASH,Y,,,"OVER $1,500",08/11/2025 02:43:00 PM,"DISTRACTION - OTHER ELECTRONIC DEVICE (NAVIGATION DEVICE, DVD PLAYER, ETC.)",DISTRACTION - FROM INSIDE VEHICLE,5908,S,DAMEN AVE,714,,,,,,,3,NONINCAPACITATING INJURY,1,0,0,1,0,2,0,14,2,8,41.7863081413,-87.6742366944,POINT (-87.674236694381 41.786308141328)
7f4b41071b77c3800b853414cf6e05d5d74231135a9e77d977bb1d4b8bd9cd04e05cdd17e0591d7c69e9bc30dd50df93a1c632fb6e2977ca813e9e0a46dca45a,,08/11/2025 02:40:00 PM,30,TRAFFIC SIGNAL,FUNCTIONING PROPERLY,CLEAR,DAYLIGHT,REAR END,NOT DIVIDED,,STRAIGHT AND LEVEL,DRY,NO DEFECTS,ON SCENE,INJURY AND / OR TOW DUE TO CRASH,,,,"OVER $1,500",08/11/2025 02:46:00 PM,UNABLE TO DETERMINE,UNABLE TO DETERMINE,7172,W,IRVING PARK RD,1632,,,,,,,3,NO INDICATION OF INJURY,0,0,0,0,0,4,0,14,2,8,41.9528770323,-87.806298372,POINT (-87.806298371963 41.952877032275)
23ba9058f1e450f5cadb75a6125e8c3f48660d97033b76eab0050a9617ad0d08498bcdb9c46acd51264181aac303fdab2bbfa81aaf8644f77a0aab9f21fd0da7,,08/11/2025 02:30:00 PM,30,UNKNOWN,UNKNOWN,CLEAR,DAYLIGHT,ANGLE,NOT DIVIDED,,STRAIGHT AND LEVEL,DRY,UNKNOWN,ON SCENE,NO INJURY / DRIVE AWAY,Y,,,"OVER $1,500",08/11/2025 02:57:00 PM,DISREGARDING TRAFFIC SIGNALS,UNABLE TO DETERMINE,201,N,HOMAN AVE,1123,,,,,,,3,NO INDICATION OF INJURY,0,0,0,0,0,5,0,14,2,8,41.8846718091,-87.7109720785,POINT (-87.710972078509 41.884671809054)
7b00c14060e6db816880a6b1b7e8fbf88be01fafca88065c774eeda3e0f4567f5fb1f6eb412b2bd06de37dc940e9a063b27d0dd9d89f85234ab8261c507a4703,,08/11/2025 02:30:00 PM,30,TRAFFIC SIGNAL,FUNCTIONING PROPERLY,CLEAR,DAYLIGHT,ANGLE,FOUR WAY,,STRAIGHT AND LEVEL,DRY,UNKNOWN,NOT ON SCENE (DESK REPORT),NO INJURY / DRIVE AWAY,Y,,,"$501 - $1,500",08/11/2025 03:00:00 PM,IMPROPER OVERTAKING/PASSING,DRIVING SKILLS/KNOWLEDGE/EXPERIENCE,1200,N,CALIFORNIA AVE,1423,,,,,,,2,NO INDICATION OF INJURY,0,0,0,0,0,2,0,14,2,8,41.9029699526,-87.6970278123,POINT (-87.697027812314 41.902969952568)
3bd03adfa998e4fc502e65afda2ead75d04680f21cc13e3ad19d8a3e2bbf187c329dc98ed97b7a3d2570fc158a4f74826164cdc2896ad69ffdc7a20e253201e7,,08/11/2025 02:25:00 PM,10,NO CONTROLS,NO CONTROLS,CLEAR,DAYLIGHT,PARKED MOTOR VEHICLE,PARKING LOT,,STRAIGHT AND LEVEL,DRY,NO DEFECTS,ON SCENE,NO INJURY / DRIVE AWAY,,Y,Y,$500 OR LESS,08/11/2025 02:32:00 PM,DISTRACTION - FROM INSIDE VEHICLE,NOT APPLICABLE,9332,S,WENTWORTH AVE,634,,,,,,,2,NO INDICATION OF INJURY,0,0,0,0,0,1,0,14,2,8,41.7243276369,-87.62887175,POINT (-87.628871749986 41.724327636917)
35b5d1597291279e24b0e32cf6138597b8d7c49309026e89a46f73ab27c9aad22f6757fa106285b86c76ab1c29a6d0a68cfbef1281c2a8b85a7344fd1bc1f026,,08/11/2025 02:21:00 PM,30,NO CONTROLS,NO CONTROLS,CLEAR,DAYLIGHT,SIDESWIPE SAME DIRECTION,NOT DIVIDED,,STRAIGHT AND LEVEL,DRY,UNKNOWN,ON SCENE,INJURY AND / OR TOW DUE TO CRASH,,,,"OVER $1,500",08/11/2025 03:05:00 PM,UNABLE TO DETERMINE,UNABLE TO DETERMINE,2617,S,ASHLAND AVE,913,,,,,,,3,NO INDICATION OF INJURY,0,0,0,0,0,6,0,14,2,8,41.8443924791,-87.6657171427,POINT (-87.665717142691 41.844392479059)
1bf85f37500507c42311636855773d0ca009ca7f37fd646ef4d1b5cb4bf8d677dd0940a4de4e67bbe4aedf2144a34c5a995279aee4edb35d936747e29e11525b,,08/11/2025 02:20:00 PM,30,NO CONTROLS,UNKNOWN,CLEAR,DAYLIGHT,SIDESWIPE SAME DIRECTION,NOT DIVIDED,,STRAIGHT AND LEVEL,DRY,SHOULDER DEFECT,NOT ON SCENE (DESK REPORT),NO INJURY / DRIVE AWAY,,,Y,"OVER $1,500",08/11/2025 07:53:00 PM,FAILING TO YIELD RIGHT-OF-WAY,FAILING TO YIELD RIGHT-OF-WAY,440,N,HALSTED ST,1214,,,,,,,2,NO INDICATION OF INJURY,0,0,0,0,0,2,0,14,2,8,41.8901430073,-87.6477542648,POINT (-87.647754264831 41.890143007329)
e3ec11e804d1e0c248f5c69dbc3a4557379c2809b96c26b6e2288aa0f47901e8c65180bcdd1aaf26da05b55ac55730c1b5d79149f6c3b9e72035cd7c9a827360,,08/11/2025 02:20:00 PM,30,NO CONTROLS,NO CONTROLS,CLEAR,DAYLIGHT,PARKED MOTOR VEHICLE,ONE-WAY,,STRAIGHT AND LEVEL,DRY,NO DEFECTS,ON SCENE,INJURY AND / OR TOW DUE TO CRASH,,,,"OVER $1,500",08/11/2025 02:40:00 PM,PHYSICAL CONDITION OF DRIVER,FAILING TO REDUCE SPEED TO AVOID CRASH,3908,N,NORA AVE,1632,,,,,,,3,NONINCAPACITATING INJURY,1,0,0,1,0,0,0,14,2,8,41.9511323391,-87.8024550257,POINT (-87.802455025731 41.951132339137)
2f9beb051742b87f0412b058db2c77b58953287185b045c6b764f20ec6ced9e509cdd35c43c78a79f29ba84a40ca9c97f5501c86f3b840f287f2da0a1ea1cea0,,08/11/2025 02:13:00 PM,30,UNKNOWN,UNKNOWN,CLEAR,DAYLIGHT,PARKED MOTOR VEHICLE,ONE-WAY,,STRAIGHT AND LEVEL,DRY,UNKNOWN,ON SCENE,NO INJURY / DRIVE AWAY,,,Y,$500 OR LESS,08/11/2025 02:13:00 PM,UNABLE TO DETERMINE,NOT APPLICABLE,4751,W,BARRY AVE,2521,,,,,,,2,NO INDICATION OF INJURY,0,0,0,0,0,1,0,14,2,8,41.9368990301,-87.7464214056,POINT (-87.746421405575 41.936899030125)
2824a9374232b853ccbc86531b43f44a2505ab636adef2c429d326b5e7443f26c31f8b6166db7598d4009731d1c0c3e5cd5e393eb66257ae9f23c712728acdb2,,08/11/2025 02:10:00 PM,15,NO CONTROLS,NO CONTROLS,CLEAR,DAYLIGHT,SIDESWIPE SAME DIRECTION,ALLEY,,STRAIGHT AND LEVEL,DRY,NO DEFECTS,NOT ON SCENE (DESK REPORT),NO INJURY / DRIVE AWAY,,,,$500 OR LESS,08/11/2025 02:30:00 PM,UNABLE TO DETERMINE,NOT APPLICABLE,650,E,100TH PL,511,,,,,,,2,NO INDICATION OF INJURY,0,0,0,0,0,2,0,14,2,8,41.7120893418,-87.6070580985,POINT (-87.607058098518 41.712089341817)
7e5030f66c16f78a47144f597285985fe8039474a22580a5cc1cf3a8fef9502349e91ef3a068b5d613709156286f1973567d2ac9f9df74095ecbb53e3bf55561,,08/11/2025 02:10:00 PM,30,NO CONTROLS,NO CONTROLS,CLEAR,DAYLIGHT,SIDESWIPE SAME DIRECTION,DIVIDED - W/MEDIAN (NOT RAISED),,STRAIGHT AND LEVEL,DRY,NO DEFECTS,NOT ON SCENE (DESK REPORT),NO INJURY / DRIVE AWAY,,,,"$501 - $1,500",08/11/2025 04:09:00 PM,IMPROPER OVERTAKING/PASSING,NOT APPLICABLE,7455,S,CICERO AVE,833,,,,,,,2,NO INDICATION OF INJURY,0,0,0,0,0,2,0,14,2,8,41.7573805171,-87.7414852913,POINT (-87.741485291316 41.757380517133)
bd71d00536e337b751dbf4ad272ec3e2ecca21601704f92fd7f7ceb4b6efab159323ad56570de08e4d0952bb1f9210895a911e905503fd56c9f95db19817316f,,08/11/2025 02:10:00 PM,30,STOP SIGN/FLASHER,FUNCTIONING PROPERLY,CLEAR,DAYLIGHT,TURNING,DIVIDED - W/MEDIAN (NOT RAISED),,STRAIGHT AND LEVEL,DRY,NO DEFECTS,NOT ON SCENE (DESK REPORT),NO INJURY / DRIVE AWAY,,,,"OVER $1,500",08/11/2025 03:20:00 PM,FAILING TO YIELD RIGHT-OF-WAY,UNABLE TO DETERMINE,3102,N,CENTRAL PARK AVE,2523,,,,,,,2,NO INDICATION OF INJURY,0,0,0,0,0,2,0,14,2,8,41.9375381385,-87.7174837779,POINT (-87.71748377794 41.93753813853)
d0293037bc257eafafb2ab04eb52aa3594ac867660095b8b6458e41cc7b28bfaeeb41267f3a5a100910e60ea9a9aec9edc95c7d82e6d683b40ff812aa702a36b,,08/11/2025 02:05:00 PM,15,NO CONTROLS,NO CONTROLS,CLEAR,DAYLIGHT,PEDESTRIAN,OTHER,,STRAIGHT AND LEVEL,DRY,UNKNOWN,ON SCENE,INJURY AND / OR TOW DUE TO CRASH,,Y,,$500 OR LESS,08/11/2025 04:21:00 PM,UNABLE TO DETERMINE,UNABLE TO DETERMINE,251,E,HURON ST,1834,,,,,,,2,"REPORTED, NOT EVIDENT",1,0,0,0,1,2,0,14,2,8,41.8949033024,-87.6207437262,POINT (-87.62074372624 41.894903302355)
74cbeaa35863a4a7ed68e0dddf7f9667def8559a73da649355f8ca1cd4e0a9de46fe865d576f58dfc06bd706be05d634897f15f36186da5bb2a7c2d647b92eda,,08/11/2025 02:00:00 PM,30,NO CONTROLS,NO CONTROLS,CLEAR,DAYLIGHT,REAR END,OTHER,,STRAIGHT AND LEVEL,DRY,NO DEFECTS,ON SCENE,INJURY AND / OR TOW DUE TO CRASH,,,,"OVER $1,500",08/11/2025 02:50:00 PM,UNABLE TO DETERMINE,UNABLE TO DETERMINE,3532,W,OGDEN AVE,1021,,,,,,,2,NO INDICATION OF INJURY,0,0,0,0,0,3,0,14,2,8,41.8551308068,-87.7138142269,POINT (-87.713814226949 41.855130806831)
b4fa53884df30b1ffbee57f0c0d8f42b26bd1df167b5c270f9e2b899b879c9b3623de22e6eae0c6dd75591dd205af2bff20ac0f5d6e139eb32432d60741d536d,,08/11/2025 02:00:00 PM,25,NO CONTROLS,NO CONTROLS,CLEAR,DAYLIGHT,PARKED MOTOR VEHICLE,NOT DIVIDED,,STRAIGHT AND LEVEL,DRY,NO DEFECTS,NOT ON SCENE (DESK REPORT),NO INJURY / DRIVE AWAY,,,,"$501 - $1,500",08/11/2025 03:30:00 PM,DRIVING SKILLS/KNOWLEDGE/EXPERIENCE,UNABLE TO DETERMINE,3439,W,BELLE PLAINE AVE,1723,,,,,,,2,NO INDICATION OF INJURY,0,0,0,0,0,1,0,14,2,8,41.9555445306,-87.7145677566,POINT (-87.714567756559 41.955544530571)
63dd554dd7801b4c09cd66249132a27ef0cfc0e02527d1b69812a9fed00992b2a26d4304acdb902b3ffccd2df87481324506b07aab1d584d7dd6d28752893d1e,,08/11/2025 01:49:00 PM,30,NO CONTROLS,NO CONTROLS,CLEAR,DAYLIGHT,SIDESWIPE SAME DIRECTION,NOT DIVIDED,,STRAIGHT AND LEVEL,DRY,NO DEFECTS,NOT ON SCENE (DESK REPORT),NO INJURY / DRIVE AWAY,,,Y,"OVER $1,500",08/11/2025 04:27:00 PM,IMPROPER LANE USAGE,UNABLE TO DETERMINE,3903,S,KEDZIE AVE,921,,,,,,,2,NO INDICATION OF INJURY,0,0,0,0,0,2,0,13,2,8,41.8224496941,-87.7043413657,POINT (-87.704341365691 41.822449694082)