CRASH_RECORD_ID,CRASH_DATE_EST_I,CRASH_DATE,POSTED_SPEED_LIMIT,TRAFFIC_CONTROL_DEVICE,DEVICE_CONDITION,WEATHER_CONDITION,LIGHTING_CONDITION,FIRST_CRASH_TYPE,TRAFFICWAY_TYPE,LANE_CNT,ALIGNMENT,ROADWAY_SURFACE_COND,ROAD_DEFECT,REPORT_TYPE,CRASH_TYPE,INTERSECTION_RELATED_I,NOT_RIGHT_OF_WAY_I,HIT_AND_RUN_I,DAMAGE,DATE_POLICE_NOTIFIED,PRIM_CONTRIBUTORY_CAUSE,SEC_CONTRIBUTORY_CAUSE,STREET_NO,STREET_DIRECTION,STREET_NAME,BEAT_OF_OCCURRENCE,PHOTOS_TAKEN_I,STATEMENTS_TAKEN_I,DOORING_I,WORK_ZONE_I,WORK_ZONE_TYPE,WORKERS_PRESENT_I,NUM_UNITS,MOST_SEVERE_INJURY,INJURIES_TOTAL,INJURIES_FATAL,INJURIES_INCAPACITATING,INJURIES_NON_INCAPACITATING,INJURIES_REPORTED_NOT_EVIDENT,INJURIES_NO_INDICATION,INJURIES_UNKNOWN,CRASH_HOUR,CRASH_DAY_OF_WEEK,CRASH_MONTH,LATITUDE,LONGITUDE,LOCATION
26c9165c2f401d0169debe49fa81acda33b475fa2a68906570fdd0540d4d09dc85340a35478096b98a25e06b14a2e28043909e28865f9c8b9ab13a64dbd61e46,,08/11/2025 01:46:00 PM,20,NO CONTROLS,NO CONTROLS,CLEAR,DAYLIGHT,TURNING,NOT DIVIDED,,STRAIGHT AND LEVEL,DRY,NO DEFECTS,ON SCENE,NO INJURY / DRIVE AWAY,,,,"OVER $1,500",08/11/2025 01:55:00 PM,IMPROPER TURNING/NO SIGNAL,NOT APPLICABLE,6500,N,PATTON DR,1654,,,,,,,3,NO INDICATION OF INJURY,0,0,0,0,0,2,0,13,2,8,41.997562935,-87.8888323568,POINT (-87.888832356799 41.997562934969)
63043919ec1cb31993558eac3c8882607020d90c6d807f7d10a1e3ed68f6edd578c99b2339457537efb6ce83ac82d03c9088a67aee98d90ac73b02589ab7c2f9,,08/11/2025 01:46:00 PM,30,TRAFFIC SIGNAL,FUNCTIONING PROPERLY,CLEAR,DAYLIGHT,ANGLE,DIVIDED - W/MEDIAN (NOT RAISED),,STRAIGHT AND LEVEL,DRY,NO DEFECTS,ON SCENE,INJURY AND / OR TOW DUE TO CRASH,Y,,,"OVER $1,500",08/11/2025 03:01:00 PM,DISREGARDING OTHER TRAFFIC SIGNS,NOT APPLICABLE,1800,W,WASHINGTON BLVD,1223,,,,,,,2,INCAPACITATING INJURY,2,0,1,1,0,0,0,13,2,8,41.8833299074,-87.6719211878,POINT (-87.671921187797 41.883329907404)
e87dce2be34cb4a7d3190e20280799adf8d1ac90d9133c2899e600a1efc08182fc30394118b9609622b3bff5c23d5b0c3c6377ab4e47954ea301a4661fd2bc75,,08/11/2025 01:45:00 PM,15,NO CONTROLS,NO CONTROLS,CLEAR,DAYLIGHT,REAR TO SIDE,PARKING LOT,,STRAIGHT AND LEVEL,DRY,NO DEFECTS,NOT ON SCENE (DESK REPORT),NO INJURY / DRIVE AWAY,,,,"$501 - $1,500",08/11/2025 03:08:00 PM,IMPROPER OVERTAKING/PASSING,NOT APPLICABLE,5210,S,CICERO AVE,814,,,,,,,2,NO INDICATION OF INJURY,0,0,0,0,0,2,0,13,2,8,41.7983099784,-87.7430622326,POINT (-87.743062232619 41.79830997844)
2103af91400aabe7628b401e908418e6c5c68c22fe3915daf64ba735cdc5c2df1a9628aa8e6c227bf673f37650249b7bf4f631f56314b2a29388002b735e13b7,,08/11/2025 01:40:00 PM,30,TRAFFIC SIGNAL,FUNCTIONING PROPERLY,CLEAR,DAYLIGHT,PEDALCYCLIST,DIVIDED - W/MEDIAN (NOT RAISED),,STRAIGHT AND LEVEL,DRY,NO DEFECTS,NOT ON SCENE (DESK REPORT),INJURY AND / OR TOW DUE TO CRASH,,,Y,$500 OR LESS,08/11/2025 01:40:00 PM,FAILING TO YIELD RIGHT-OF-WAY,UNABLE TO DETERMINE,3729,N,KIMBALL AVE,1733,,,,,,,2,NONINCAPACITATING INJURY,1,0,0,1,0,1,0,13,2,8,41.9492850479,-87.7126432009,POINT (-87.712643200939 41.949285047945)
b26a3cf5c474892a34d37fd313768ecc5428f2d50d34d24a63c49c1ccf34494b8dcd554cb26d516ba51e522269f3bced83d0ed3bf234c3eca6183e42964a9764,,08/11/2025 01:30:00 PM,30,NO CONTROLS,NO CONTROLS,CLEAR,DAYLIGHT,REAR END,DIVIDED - W/MEDIAN (NOT RAISED),,STRAIGHT AND LEVEL,DRY,NO DEFECTS,NOT ON SCENE (DESK REPORT),NO INJURY / DRIVE AWAY,,,,"OVER $1,500",08/11/2025 04:56:00 PM,UNABLE TO DETERMINE,NOT APPLICABLE,2101,W,59TH ST,714,,,,,,,2,NO INDICATION OF INJURY,0,0,0,0,0,2,0,13,2,8,41.7864852357,-87.676665443,POINT (-87.676665442955 41.786485235679)
b48f9c3c6bd189ec987592418e1a81073973cd94f95af78e60d71d733fb6ba2416265dab7901d461550c8bbe64ce9ad8d91de7bea1f7488be51f5856add0b2f2,,08/11/2025 01:25:00 PM,35,NO CONTROLS,NO CONTROLS,CLEAR,DAYLIGHT,SIDESWIPE SAME DIRECTION,NOT DIVIDED,,STRAIGHT AND LEVEL,DRY,NO DEFECTS,ON SCENE,NO INJURY / DRIVE AWAY,,,,"OVER $1,500",08/11/2025 01:30:00 PM,UNABLE TO DETERMINE,DRIVING SKILLS/KNOWLEDGE/EXPERIENCE,6810,S,PULASKI RD,833,,,,,,,2,NO INDICATION OF INJURY,0,0,0,0,0,2,0,13,2,8,41.7692156751,-87.7226664164,POINT (-87.722666416439 41.769215675126)
5f34c724b3658efa9130d3daa5bd7ff8c559269a45437b4fe1576f14de6b9208f3bb59e4d233d1691513acf21cb638ca3db559766e000da1e4449e28dfc434cd,,08/11/2025 01:20:00 PM,30,NO CONTROLS,NO CONTROLS,CLEAR,DAYLIGHT,SIDESWIPE SAME DIRECTION,DIVIDED - W/MEDIAN (NOT RAISED),,STRAIGHT AND LEVEL,DRY,NO DEFECTS,NOT ON SCENE (DESK REPORT),NO INJURY / DRIVE AWAY,Y,,,"$501 - $1,500",08/11/2025 01:25:00 PM,"OPERATING VEHICLE IN ERRATIC, RECKLESS, CARELESS, NEGLIGENT OR AGGRESSIVE MANNER",IMPROPER OVERTAKING/PASSING,7800,S,RACINE AVE,612,,,,,,,2,NO INDICATION OF INJURY,0,0,0,0,0,3,0,13,2,8,41.7522696958,-87.6539316073,POINT (-87.653931607333 41.75226969581)
f3e753bc602b695499b6edf975c9d9d24a0a0bcfaa273ec80be4a472a42425ac8cd83a350b0ffb14433b83125aea67eecff635b98aa154029ff9e390bb66743f,,08/11/2025 01:20:00 PM,25,NO CONTROLS,NO CONTROLS,CLEAR,DAYLIGHT,REAR TO REAR,PARKING LOT,,STRAIGHT AND LEVEL,DRY,UNKNOWN,NOT ON SCENE (DESK REPORT),NO INJURY / DRIVE AWAY,,,,$500 OR LESS,08/11/2025 03:15:00 PM,UNABLE TO DETERMINE,UNABLE TO DETERMINE,2120,W,23RD PL,1034,,,,,,,2,NO INDICATION OF INJURY,0,0,0,0,0,4,0,13,2,8,41.8495124766,-87.6791050066,POINT (-87.679105006608 41.84951247659)
7518703cbdbab2508db05935a201f71bf47175e73330800159cf278f8fde6ac7a495b26e54a85bb2db79b796ac5b978572049259bebdd43499348d8822932c9d,,08/11/2025 01:15:00 PM,30,NO CONTROLS,NO CONTROLS,CLEAR,DAYLIGHT,SIDESWIPE SAME DIRECTION,NOT DIVIDED,,STRAIGHT AND LEVEL,DRY,NO DEFECTS,ON SCENE,NO INJURY / DRIVE AWAY,,,Y,$500 OR LESS,08/11/2025 02:42:00 PM,UNABLE TO DETERMINE,NOT APPLICABLE,5250,N,SHERIDAN RD,2023,,,,,,,2,NO INDICATION OF INJURY,0,0,0,0,0,2,0,13,2,8,41.9779022097,-87.6551773244,POINT (-87.6551773244 41.977902209748)
9ffd2e2f395d90b01f71a70615ed206ff3cd79f8b324a70671637d77df89d63e55b324e3964b7dac4d21109510bc969241c74433472d845403bb07992653950b,,08/11/2025 01:07:00 PM,30,STOP SIGN/FLASHER,FUNCTIONING PROPERLY,CLEAR,DAYLIGHT,REAR END,ONE-WAY,,STRAIGHT AND LEVEL,DRY,UNKNOWN,NOT ON SCENE (DESK REPORT),NO INJURY / DRIVE AWAY,,,Y,"OVER $1,500",08/11/2025 04:10:00 PM,UNABLE TO DETERMINE,FOLLOWING TOO CLOSELY,110,N,MAYFIELD AVE,1512,,,,,,,2,NO INDICATION OF INJURY,0,0,0,0,0,2,0,13,2,8,41.8825328519,-87.7720160113,POINT (-87.772016011306 41.882532851927)
660ad2f04d649c76dbacc466948b7e7f040d675442e020acc26dce0ea4140292336e3d47e674eecf37a81a82e77e1d1beb4d95eb4f2063284403ec6c07ebf253,,08/11/2025 01:06:00 PM,30,NO CONTROLS,NO CONTROLS,CLEAR,DAYLIGHT,SIDESWIPE SAME DIRECTION,NOT DIVIDED,,STRAIGHT AND LEVEL,DRY,NO DEFECTS,ON SCENE,NO INJURY / DRIVE AWAY,,,,"OVER $1,500",08/11/2025 01:10:00 PM,UNABLE TO DETERMINE,UNABLE TO DETERMINE,1444,W,WILLOW ST,1433,,,,,,,2,NO INDICATION OF INJURY,0,0,0,0,0,2,0,13,2,8,41.9142527463,-87.6635198344,POINT (-87.663519834398 41.914252746348)
702858ecda8555fff427c36a747540d14a7a9bfbfc27bb3c393cb493069d3e0d4781ff5edc3c5df79ed66d37ec186b80fd262f68aea3882b54f8ff4f3e7e52c4,,08/11/2025 01:02:00 PM,30,STOP SIGN/FLASHER,FUNCTIONING PROPERLY,CLEAR,DAYLIGHT,PARKED MOTOR VEHICLE,FOUR WAY,,STRAIGHT AND LEVEL,DRY,NO DEFECTS,ON SCENE,INJURY AND / OR TOW DUE TO CRASH,,,,"OVER $1,500",08/11/2025 01:20:00 PM,UNABLE TO DETERMINE,UNABLE TO DETERMINE,2051,W,WARREN BLVD,1223,,,,,,,2,NO INDICATION OF INJURY,0,0,0,0,0,2,0,13,2,8,41.8820911958,-87.6786746752,POINT (-87.678674675173 41.882091195754)
a06fea8ae5444452b09d5376fdf7463bf51d04c535da5b839a77ee34fde4c3f24f773e533637bab1a28e28c0ab492768287da4ca185a1c2979ef26064e0967dd,,08/11/2025 01:00:00 PM,30,NO CONTROLS,NO CONTROLS,CLEAR,DAYLIGHT,PARKED MOTOR VEHICLE,PARKING LOT,,STRAIGHT AND LEVEL,DRY,NO DEFECTS,NOT ON SCENE (DESK REPORT),NO INJURY / DRIVE AWAY,,,,$500 OR LESS,08/11/2025 02:16:00 PM,UNABLE TO DETERMINE,NOT APPLICABLE,1133,W,13TH ST,1232,,,,,,,2,NO INDICATION OF INJURY,0,0,0,0,0,1,0,13,2,8,41.8651218323,-87.6554656394,POINT (-87.655465639411 41.865121832331)
c82c17adfbaa86683f03c0c215cf1755740d95fe80397e85c6fe9ae7f264a6f2020564835e76f649ba8394b2c4d907744d5146f4342c78a54d235e6deb991541,,08/11/2025 01:00:00 PM,25,NO CONTROLS,NO CONTROLS,CLEAR,DAYLIGHT,REAR END,DIVIDED - W/MEDIAN (NOT RAISED),,STRAIGHT AND LEVEL,UNKNOWN,UNKNOWN,NOT ON SCENE (DESK REPORT),NO INJURY / DRIVE AWAY,,,,"OVER $1,500",08/11/2025 01:47:00 PM,FOLLOWING TOO CLOSELY,DRIVING SKILLS/KNOWLEDGE/EXPERIENCE,6035,N,RIDGE AVE,2433,,,,,,,2,NO INDICATION OF INJURY,0,0,0,0,0,2,0,13,2,8,41.9913585672,-87.6730297387,POINT (-87.67302973867 41.991358567237)
ce5828b58befe5c2d8b2635d3d72d0e7d100d47330fb7707293ef18790590217fc7ebe2e32191cb0ea53a9609de6dc7a44f00ced2bb1a7700e5f50b6c3a0c40d,,08/11/2025 01:00:00 PM,30,STOP SIGN/FLASHER,FUNCTIONING PROPERLY,CLEAR,DAYLIGHT,REAR END,DIVIDED - W/MEDIAN (NOT RAISED),,STRAIGHT AND LEVEL,UNKNOWN,UNKNOWN,NOT ON SCENE (DESK REPORT),NO INJURY / DRIVE AWAY,,,,$500 OR LESS,08/11/2025 02:10:00 PM,UNABLE TO DETERMINE,NOT APPLICABLE,6300,S,CICERO AVE,813,,,,,,,2,NO INDICATION OF INJURY,0,0,0,0,0,2,0,13,2,8,41.7783353905,-87.7424364942,POINT (-87.74243649416 41.778335390453)
d0fc80349551e85ef9c26bc4fd9758f571d4eab741b480e1f8cdc4ce2f3531aa7d3357d38911a82e1dd3a7c3fdc2c14e1b290ce61b4af0d6666eb3518a8dfaf2,,08/11/2025 01:00:00 PM,30,TRAFFIC SIGNAL,FUNCTIONING PROPERLY,CLEAR,DAYLIGHT,REAR END,FOUR WAY,,STRAIGHT AND LEVEL,DRY,NO DEFECTS,NOT ON SCENE (DESK REPORT),NO INJURY / DRIVE AWAY,Y,,,"$501 - $1,500",08/11/2025 01:40:00 PM,UNABLE TO DETERMINE,NOT APPLICABLE,5930,N,SHERIDAN RD,2022,,,,,,,2,NO INDICATION OF INJURY,0,0,0,0,0,2,0,13,2,8,41.9900568134,-87.655531287,POINT (-87.655531287039 41.990056813424)
6eed671c11946d8b91011d61d635dcb15c6c2f6f8b435fc92be863882213abfb6ececd6457bda58f282ba502bfacafa77a39f14028291489758eecc2ce7c67cb,,08/11/2025 12:59:00 PM,30,TRAFFIC SIGNAL,FUNCTIONING PROPERLY,CLEAR,DAYLIGHT,REAR END,DIVIDED - W/MEDIAN BARRIER,,STRAIGHT AND LEVEL,DRY,NO DEFECTS,NOT ON SCENE (DESK REPORT),NO INJURY / DRIVE AWAY,,,,"OVER $1,500",08/11/2025 01:55:00 PM,UNABLE TO DETERMINE,UNABLE TO DETERMINE,5500,S,CICERO AVE,813,,,,,,,2,NO INDICATION OF INJURY,0,0,0,0,0,2,0,12,2,8,41.7929108835,-87.742077343,POINT (-87.742077342959 41.792910883497)
136d55816aa9aa0ad9b85933e918c8594109a08bad76c5ac8e44f87f5e11b272b9d069c4a563cb455a37db6b63bfafd4a97021d0a841059aa4dd2f0ea78de00d,,08/11/2025 12:45:00 PM,30,NO CONTROLS,NO CONTROLS,CLEAR,DAYLIGHT,ANGLE,DIVIDED - W/MEDIAN (NOT RAISED),,STRAIGHT AND LEVEL,DRY,NO DEFECTS,,INJURY AND / OR TOW DUE TO CRASH,,,,"OVER $1,500",08/11/2025 12:45:00 PM,UNABLE TO DETERMINE,NOT APPLICABLE,6516,S,HALSTED ST,723,,,,,,,2,"REPORTED, NOT EVIDENT",2,0,0,0,2,0,0,12,2,8,41.7755914363,-87.6448818381,POINT (-87.644881838087 41.775591436287)
7a30a7b7af393608328f31e055a47f0de41fee3293d5f1c740e743b76681c311194107bf42491e81c27c737e61ee99ae6e6d62d1892e1d04766efb69cc0c3858,,08/11/2025 12:45:00 PM,30,TRAFFIC SIGNAL,FUNCTIONING PROPERLY,CLEAR,DAYLIGHT,REAR END,NOT DIVIDED,,STRAIGHT AND LEVEL,DRY,UNKNOWN,NOT ON SCENE (DESK REPORT),NO INJURY / DRIVE AWAY,,,,"OVER $1,500",08/11/2025 01:45:00 PM,FOLLOWING TOO CLOSELY,FOLLOWING TOO CLOSELY,5900,S,HALSTED ST,712,,,,,,,2,NO INDICATION OF INJURY,0,0,0,0,0,6,0,12,2,8,41.7869316518,-87.6451124499,POINT (-87.64511244991 41.786931651847)
e71a5b32e905797a7ce69e13cc13692a7cf9c113a93e7a812c0d6439f076cfadeabd5dfe3331a676e4b315eee045fe5cdfd981e918b21a50a2cfc4128bd72a27,,08/11/2025 12:45:00 PM,30,STOP SIGN/FLASHER,UNKNOWN,UNKNOWN,UNKNOWN,PARKED MOTOR VEHICLE,ONE-WAY,,STRAIGHT AND LEVEL,UNKNOWN,UNKNOWN,NOT ON SCENE (DESK REPORT),NO INJURY / DRIVE AWAY,,,,"OVER $1,500",08/11/2025 02:05:00 PM,UNABLE TO DETERMINE,UNABLE TO DETERMINE,3150,N,RIDGEWAY AVE,2523,,,,,,,2,NO INDICATION OF INJURY,0,0,0,0,0,1,0,12,2,8,41.9385851153,-87.7208245728,POINT (-87.720824572834 41.938585115312)
45890bb320a2bb9a4a71ebe77b008b1075911e48b277783eab04c7400247ddb8775c8c141ebe52eed2cd67e2770242f6b1b07892e178b7d59cdc14836cd23ea0,,08/11/2025 12:43:00 PM,30,NO CONTROLS,NO CONTROLS,CLEAR,DAYLIGHT,REAR END,DIVIDED - W/MEDIAN BARRIER,,STRAIGHT AND LEVEL,DRY,NO DEFECTS,NOT ON SCENE (DESK REPORT),NO INJURY / DRIVE AWAY,,,,"$501 - $1,500",08/11/2025 03:50:00 PM,FOLLOWING TOO CLOSELY,UNABLE TO DETERMINE,342,N,WESTERN AVE,1222,,,,,,,2,NO INDICATION OF INJURY,0,0,0,0,0,2,0,12,2,8,41.887949564,-87.6867421666,POINT (-87.686742166625 41.887949563994)
b9db17cd8e71ab1055cdf74b73a01964228b702e18bc7ba61a7a8384ec8ffe29bd3a0b9a9bd64849adc61ef5f86b7bfa1388bc526e812f156e51233b2d1573b7,,08/11/2025 12:40:00 PM,30,UNKNOWN,FUNCTIONING PROPERLY,CLEAR,DAYLIGHT,PARKED MOTOR VEHICLE,DIVIDED - W/MEDIAN BARRIER,,STRAIGHT AND LEVEL,DRY,NO DEFECTS,NOT ON SCENE (DESK REPORT),NO INJURY / DRIVE AWAY,,,,"$501 - $1,500",08/11/2025 03:00:00 PM,IMPROPER BACKING,NOT APPLICABLE,729,S,STATE ST,123,,,,,,,2,NO INDICATION OF INJURY,0,0,0,0,0,2,0,12,2,8,41.8723918682,-87.6273961222,POINT (-87.627396122243 41.872391868197)
003a8ed3b00519f0b4372dff88ef19777ad3aedf1690d4e9e8131bcd3d3f51e43e4ab9c2176659ff5eaf22817970682f8c067a1387914057d6127b74a512f4a5,,08/11/2025 12:30:00 PM,30,NO CONTROLS,NO CONTROLS,UNKNOWN,DAYLIGHT,SIDESWIPE SAME DIRECTION,NOT DIVIDED,,STRAIGHT AND LEVEL,UNKNOWN,UNKNOWN,NOT ON SCENE (DESK REPORT),NO INJURY / DRIVE AWAY,,,Y,"OVER $1,500",08/13/2025 02:00:00 PM,UNABLE TO DETERMINE,UNABLE TO DETERMINE,10404,W,ZEMKE RD,1654,,,,,,,2,NO INDICATION OF INJURY,0,0,0,0,0,2,0,12,2,8,41.9950162958,-87.8847516524,POINT (-87.884751652363 41.995016295815)
40f61da1dca84c137ce82a7935f8a1be9eb2aa89338c8508f200ce6b7252f54eac1656d2239e79c9edbd47951a1ac7f2e2c461926fd1895b03a0dad0c153c0ea,,08/11/2025 12:30:00 PM,30,TRAFFIC SIGNAL,FUNCTIONING PROPERLY,CLEAR,DAYLIGHT,TURNING,FOUR WAY,,STRAIGHT AND LEVEL,DRY,NO DEFECTS,NOT ON SCENE (DESK REPORT),NO INJURY / DRIVE AWAY,Y,,Y,"$501 - $1,500",08/11/2025 01:15:00 PM,UNABLE TO DETERMINE,NOT APPLICABLE,6659,S,DAMEN AVE,726,,,,N,,,2,NO INDICATION OF INJURY,0,0,0,0,0,2,0,12,2,8,41.7721674229,-87.6735665679,POINT (-87.673566567906 41.772167422941)
4402b1a2176438d7732002d50561a9754dd2aa8fdd9279f660b23accdb1ef251b7a5ea5fc6105c24f8e82d7a748b18949ba98be3c2e3d3456e5abba3b4b0c2a0,,08/11/2025 12:30:00 PM,35,OTHER,FUNCTIONING PROPERLY,CLEAR,DAYLIGHT,PARKED MOTOR VEHICLE,NOT DIVIDED,,STRAIGHT AND LEVEL,DRY,NO DEFECTS,ON SCENE,NO INJURY / DRIVE AWAY,,,Y,"OVER $1,500",08/11/2025 03:23:00 PM,UNABLE TO DETERMINE,UNABLE TO DETERMINE,6300,S,DR MARTIN LUTHER KING JR DR,312,,Y,,,,,2,NO INDICATION OF INJURY,0,0,0,0,0,1,0,12,2,8,41.7802113218,-87.6157682918,POINT (-87.615768291828 41.780211321839)
494a5221173909afbeaf04ab0ee58c96acb8134d059a13ffd68377a7806bffe0a4dd393adf83a81ba091cae59c201ce20b501a4db17b61e4d3410d4817e1b88f,,08/11/2025 12:30:00 PM,15,NO CONTROLS,NO CONTROLS,CLEAR,DAYLIGHT,PARKED MOTOR VEHICLE,PARKING LOT,,STRAIGHT AND LEVEL,DRY,WORN SURFACE,ON SCENE,INJURY AND / OR TOW DUE TO CRASH,,Y,Y,"OVER $1,500",08/11/2025 12:53:00 PM,UNABLE TO DETERMINE,UNABLE TO DETERMINE,3711,S,ASHLAND AVE,912,,,,,,,2,NO INDICATION OF INJURY,0,0,0,0,0,1,0,12,2,8,41.8264853296,-87.6653302593,POINT (-87.665330259347 41.826485329584)
a5ec189a88557bb4273d891bb1e264f5ae475ad41c95ac914009216661f6daef60b5a74ce6599d4a654e3bae1856d98ea774de47bda81be48fada4a3ed2e545b,,08/11/2025 12:23:00 PM,30,STOP SIGN/FLASHER,NO CONTROLS,CLEAR,DAYLIGHT,TURNING,FOUR WAY,,STRAIGHT AND LEVEL,DRY,NO DEFECTS,NOT ON SCENE (DESK REPORT),NO INJURY / DRIVE AWAY,Y,,,"OVER $1,500",08/11/2025 02:30:00 PM,FAILING TO YIELD RIGHT-OF-WAY,FAILING TO YIELD RIGHT-OF-WAY,3500,W,31ST ST,1032,,,,,,,2,NO INDICATION OF INJURY,0,0,0,0,0,2,0,12,2,8,41.8372114647,-87.7121884033,POINT (-87.712188403329 41.837211464732)
435f0ec44b668736be2f184fcf796c971cf3fb7da6f324f1903d72af5560b270ecb4846710404b04427af123e7994812997891e5495be76e3c4d9412d564cac9,,08/11/2025 12:20:00 PM,30,TRAFFIC SIGNAL,FUNCTIONING PROPERLY,CLEAR,DAYLIGHT,SIDESWIPE SAME DIRECTION,ONE-WAY,,STRAIGHT AND LEVEL,DRY,NO DEFECTS,ON SCENE,NO INJURY / DRIVE AWAY,,,,$500 OR LESS,08/11/2025 12:26:00 PM,UNABLE TO DETERMINE,NOT APPLICABLE,3101,S,WENTWORTH AVE,915,,,,,,,2,NO INDICATION OF INJURY,0,0,0,0,0,2,0,12,2,8,41.8382048833,-87.6315298665,POINT (-87.631529866465 41.838204883348)
061a98331c8872b33743bc3987a1be1bdaa9cdc48e2b50f314d2d9d13292b095e7bcb3354aa03e6a03033940c18117a6e22977601859177fd4f0bada791dd652,,08/11/2025 12:15:00 PM,30,NO CONTROLS,NO CONTROLS,CLEAR,DAYLIGHT,PARKED MOTOR VEHICLE,DIVIDED - W/MEDIAN (NOT RAISED),,STRAIGHT AND LEVEL,UNKNOWN,UNKNOWN,NOT ON SCENE (DESK REPORT),NO INJURY / DRIVE AWAY,,,Y,"OVER $1,500",08/11/2025 01:18:00 PM,DRIVING SKILLS/KNOWLEDGE/EXPERIENCE,NOT APPLICABLE,6241,N,BROADWAY,2433,,,,,,,2,NO INDICATION OF INJURY,0,0,0,0,0,1,0,12,2,8,41.995776977,-87.6602950531,POINT (-87.660295053059 41.995776976972)
5a240d3881705bb95a71184cce20a30a4cf8df2301c9db7e0fb0a70e19c80c2981e6f0da6f41ddc22cbc21f02e101385cd944bfccfa7fdcbde79ebc0bd59ab69,,08/11/2025 12:09:00 PM,30,NO CONTROLS,NO CONTROLS,CLEAR,DAYLIGHT,REAR END,NOT DIVIDED,,STRAIGHT AND LEVEL,DRY,NO DEFECTS,ON SCENE,NO INJURY / DRIVE AWAY,,,,"OVER $1,500",08/11/2025 12:09:00 PM,EQUIPMENT - VEHICLE CONDITION,NOT APPLICABLE,309,N,AUSTIN BLVD,1512,,,,,,,2,NO INDICATION OF INJURY,0,0,0,0,0,3,0,12,2,8,41.8858732491,-87.7746953433,POINT (-87.774695343322 41.885873249119)
093b400778c1acf6f0d3d9028bedcd742ae09469a95f0a72a84bfa668b2b044d08d86205233f53057b9423ddb95e5a9e70a0a5a6bfb6646ba6667fc1ff00e7dc,,08/11/2025 12:05:00 PM,30,NO CONTROLS,NO CONTROLS,CLEAR,DAYLIGHT,SIDESWIPE SAME DIRECTION,NOT DIVIDED,,STRAIGHT AND LEVEL,DRY,NO DEFECTS,NOT ON SCENE (DESK REPORT),NO INJURY / DRIVE AWAY,,,,"$501 - $1,500",08/11/2025 01:20:00 PM,IMPROPER OVERTAKING/PASSING,NOT APPLICABLE,6207,S,CICERO AVE,813,,,,,,,2,NO INDICATION OF INJURY,0,0,0,0,0,3,0,12,2,8,41.7799979431,-87.7421958359,POINT (-87.742195835863 41.779997943137)
bfab3a6ecea96468fa18a25bfadfa378d51376fbdad8ce6ab8fc020b8afc8bdbb7b4ca562ef200a04ec27492bb4dfb238dd45a0f1f13e57d261103e57cfc7a11,,08/11/2025 12:03:00 PM,15,NO CONTROLS,NO CONTROLS,CLEAR,DAYLIGHT,SIDESWIPE SAME DIRECTION,ONE-WAY,,STRAIGHT AND LEVEL,DRY,NO DEFECTS,ON SCENE,NO INJURY / DRIVE AWAY,,,,"OVER $1,500",08/11/2025 12:07:00 PM,UNABLE TO DETERMINE,NOT APPLICABLE,2061,N,CAMPBELL AVE,1431,,,,,,,2,NO INDICATION OF INJURY,0,0,0,0,0,4,0,12,2,8,41.9193834489,-87.6890739416,POINT (-87.689073941609 41.919383448905)
2051875b52dccb17de649b70712b318959c407db770f0def94710533a3f62f054f6ecca3d29176dd60d3668b4ee7646dc808ebfcab95441abb158daca3510d04,,08/11/2025 12:00:00 PM,30,TRAFFIC SIGNAL,FUNCTIONING PROPERLY,CLEAR,DAYLIGHT,ANGLE,FOUR WAY,,STRAIGHT AND LEVEL,DRY,NO DEFECTS,NOT ON SCENE (DESK REPORT),NO INJURY / DRIVE AWAY,Y,,,"OVER $1,500",08/11/2025 01:20:00 PM,FAILING TO YIELD RIGHT-OF-WAY,FAILING TO YIELD RIGHT-OF-WAY,2600,N,AUSTIN AVE,2512,,,,,,,2,NO INDICATION OF INJURY,0,0,0,0,0,3,0,12,2,8,41.9275038303,-87.7759890491,POINT (-87.775989049051 41.927503830282)
43735959131d41e5113dbebf84d265c8eadb5af22bacd0ab23d5fc44719b796da1fe7d3ee8f71fb6816b2c3dc6f0b57b520e49100189048841a074acbfbbf24a,,08/11/2025 12:00:00 PM,30,NO CONTROLS,NO CONTROLS,CLEAR,DAYLIGHT,PARKED MOTOR VEHICLE,NOT DIVIDED,,STRAIGHT AND LEVEL,DRY,NO DEFECTS,NOT ON SCENE (DESK REPORT),NO INJURY / DRIVE AWAY,,,,"$501 - $1,500",08/12/2025 09:27:00 AM,UNABLE TO DETERMINE,NOT APPLICABLE,3958,W,LE MOYNE ST,2535,,,,,,,2,NO INDICATION OF INJURY,0,0,0,0,0,1,0,12,2,8,41.9081867774,-87.726403429,POINT (-87.726403428963 41.908186777367)
46a56e157cd8fac78c0bdd53ead993e0ef38ecffb945149be122478cb5d3323015eac43345da6a016382cde1636457591c2f990893ad945e0a5d9bd33dafba28,,08/11/2025 12:00:00 PM,30,UNKNOWN,UNKNOWN,UNKNOWN,UNKNOWN,SIDESWIPE SAME DIRECTION,NOT DIVIDED,,STRAIGHT AND LEVEL,UNKNOWN,UNKNOWN,NOT ON SCENE (DESK REPORT),NO INJURY / DRIVE AWAY,,,,$500 OR LESS,08/12/2025 11:00:00 AM,UNABLE TO DETERMINE,NOT APPLICABLE,5901,S,ST LOUIS AVE,822,,,,,,,2,NO INDICATION OF INJURY,0,0,0,0,0,2,0,12,2,8,41.7861096381,-87.7105123121,POINT (-87.710512312072 41.786109638135)