CRASH_RECORD_ID,CRASH_DATE_EST_I,CRASH_DATE,POSTED_SPEED_LIMIT,TRAFFIC_CONTROL_DEVICE,DEVICE_CONDITION,WEATHER_CONDITION,LIGHTING_CONDITION,FIRST_CRASH_TYPE,TRAFFICWAY_TYPE,LANE_CNT,ALIGNMENT,ROADWAY_SURFACE_COND,ROAD_DEFECT,REPORT_TYPE,CRASH_TYPE,INTERSECTION_RELATED_I,NOT_RIGHT_OF_WAY_I,HIT_AND_RUN_I,DAMAGE,DATE_POLICE_NOTIFIED,PRIM_CONTRIBUTORY_CAUSE,SEC_CONTRIBUTORY_CAUSE,STREET_NO,STREET_DIRECTION,STREET_NAME,BEAT_OF_OCCURRENCE,PHOTOS_TAKEN_I,STATEMENTS_TAKEN_I,DOORING_I,WORK_ZONE_I,WORK_ZONE_TYPE,WORKERS_PRESENT_I,NUM_UNITS,MOST_SEVERE_INJURY,INJURIES_TOTAL,INJURIES_FATAL,INJURIES_INCAPACITATING,INJURIES_NON_INCAPACITATING,INJURIES_REPORTED_NOT_EVIDENT,INJURIES_NO_INDICATION,INJURIES_UNKNOWN,CRASH_HOUR,CRASH_DAY_OF_WEEK,CRASH_MONTH,LATITUDE,LONGITUDE,LOCATION
e5c81e7736e0a7a6522b85f32bbb9366305029fefea390f15c3ba72bccf7732fde5d79adbe8ce06ec561f610c5e249b8eea822242505608859185e746cebdf70,,08/11/2025 12:00:00 PM,25,STOP SIGN/FLASHER,FUNCTIONING PROPERLY,CLEAR,DAYLIGHT,PEDESTRIAN,ONE-WAY,,STRAIGHT AND LEVEL,DRY,NO DEFECTS,ON SCENE,INJURY AND / OR TOW DUE TO CRASH,N,,Y,$500 OR LESS,08/11/2025 02:58:00 PM,UNABLE TO DETERMINE,UNABLE TO DETERMINE,7300,S,WABASH AVE,323,,Y,,,,,2,"REPORTED, NOT EVIDENT",1,0,0,0,1,1,0,12,2,8,41.7618127712,-87.6233647234,POINT (-87.62336472341 41.761812771185)
add41858986bb20467a4220c001725e3261018c44afb49b191d7f9335727c25c8e6cc99b485f6ce6d37587946e9f5c5527e99e2006711d360c32b3af13267bc5,,08/11/2025 11:56:00 AM,30,TRAFFIC SIGNAL,FUNCTIONING PROPERLY,CLEAR,DAYLIGHT,PEDALCYCLIST,FOUR WAY,,STRAIGHT AND LEVEL,DRY,UNKNOWN,ON SCENE,NO INJURY / DRIVE AWAY,Y,,,"OVER $1,500",08/11/2025 11:56:00 AM,FAILING TO YIELD RIGHT-OF-WAY,UNABLE TO DETERMINE,500,S,STATE ST,123,,,,,,,2,NO INDICATION OF INJURY,0,0,0,0,0,2,0,11,2,8,41.8755842342,-87.6277655039,POINT (-87.627765503911 41.875584234189)
39e580e5b6a86797ca249fe3ae9ed24b5fe9363bc77552474123ff62d2380e368fdf16a379b496d1f6b875da5a130c6fe6d5a12b09f76a0ec97bdddf6157a0cb,,08/11/2025 11:45:00 AM,30,NO CONTROLS,NO CONTROLS,CLEAR,DAYLIGHT,PARKED MOTOR VEHICLE,ONE-WAY,,STRAIGHT AND LEVEL,DRY,NO DEFECTS,NOT ON SCENE (DESK REPORT),NO INJURY / DRIVE AWAY,,,,"$501 - $1,500",08/11/2025 03:40:00 PM,UNABLE TO DETERMINE,NOT APPLICABLE,8231,S,CLYDE AVE,414,,,,,,,2,NO INDICATION OF INJURY,0,0,0,0,0,1,0,11,2,8,41.7452467196,-87.5732888807,POINT (-87.573288880656 41.74524671956)
5b753272109b0b7e6a34d535b264c130bedf885f41a6414eb0aaa048a4e15e53e182d26ebadd522135e4974edb515668e4cc6fa5eb92063a8e932a463c11b298,,08/11/2025 11:45:00 AM,30,NO CONTROLS,NO CONTROLS,CLEAR,DAYLIGHT,ANGLE,NOT DIVIDED,,STRAIGHT AND LEVEL,DRY,NO DEFECTS,ON SCENE,INJURY AND / OR TOW DUE TO CRASH,,,,"OVER $1,500",08/11/2025 11:56:00 AM,FAILING TO YIELD RIGHT-OF-WAY,NOT APPLICABLE,5231,N,HARLEM AVE,1613,,,,,,,3,NO INDICATION OF INJURY,0,0,0,0,0,2,0,11,2,8,41.9763563051,-87.8068889635,POINT (-87.806888963508 41.976356305071)
661001b4ef81b7b71ea1d3f5daafb5d581cbea2c5679672fdd5cde1d3c3770be31e7b10c8462defbccea5a20ee95c0b589b70f547b654abf59f105af773726c2,,08/11/2025 11:40:00 AM,20,NO CONTROLS,NO CONTROLS,CLEAR,DAYLIGHT,ANGLE,NOT DIVIDED,,STRAIGHT AND LEVEL,DRY,NO DEFECTS,NOT ON SCENE (DESK REPORT),NO INJURY / DRIVE AWAY,,,,"OVER $1,500",08/11/2025 12:20:00 PM,FAILING TO YIELD RIGHT-OF-WAY,NOT APPLICABLE,6926,W,WELLINGTON AVE,2511,,,,,,,2,NO INDICATION OF INJURY,0,0,0,0,0,2,0,11,2,8,41.9345843418,-87.7992023516,POINT (-87.799202351649 41.934584341818)
6ed3c87110caa2195416edf669f734c64d44fcc202df7c77e51d07f84844d71490725f6e3f2731a93f8b50940f0e2cd0098f9919cfac19cf0b2e00a65f6eb155,,08/11/2025 11:40:00 AM,30,TRAFFIC SIGNAL,FUNCTIONING PROPERLY,CLEAR,DAYLIGHT,PEDALCYCLIST,FOUR WAY,,"CURVE, LEVEL",DRY,NO DEFECTS,ON SCENE,INJURY AND / OR TOW DUE TO CRASH,Y,,,"OVER $1,500",08/11/2025 11:40:00 AM,FAILING TO YIELD RIGHT-OF-WAY,DRIVING SKILLS/KNOWLEDGE/EXPERIENCE,3716,S,ARCHER AVE,911,,,,,,,2,NONINCAPACITATING INJURY,1,0,0,1,0,1,0,11,2,8,41.8260400172,-87.6849673999,POINT (-87.684967399868 41.826040017229)
0017168fa16a2a81e6f6e1bdd26e88b8647c1915b25250f36bf005844f13e3459e36ba24b96bacdbe2976b57b33d9d6f9a2a37fcd6edcb087edf52537aeff134,,08/11/2025 11:30:00 AM,15,NO CONTROLS,NO CONTROLS,CLEAR,DAYLIGHT,FIXED OBJECT,NOT DIVIDED,,STRAIGHT AND LEVEL,DRY,NO DEFECTS,NOT ON SCENE (DESK REPORT),NO INJURY / DRIVE AWAY,,,,"$501 - $1,500",08/13/2025 10:30:00 AM,NOT APPLICABLE,NOT APPLICABLE,6700,S,SOUTH SHORE DR,331,,,,,,,1,NO INDICATION OF INJURY,0,0,0,0,0,1,0,11,2,8,41.773438566,-87.5668993058,POINT (-87.566899305833 41.773438566009)
21ff2a57b9994f91ffdc131a235c14d84aded6b59db9d4fb3425b6995ab11b4344f15ed8912d06697a956b01ea8f7ec9125309b3138fd0428ab2e2ffb55401a2,,08/11/2025 11:30:00 AM,30,NO CONTROLS,NO CONTROLS,CLEAR,DAYLIGHT,ANGLE,DIVIDED - W/MEDIAN (NOT RAISED),,STRAIGHT AND LEVEL,DRY,NO DEFECTS,ON SCENE,INJURY AND / OR TOW DUE TO CRASH,,,,"OVER $1,500",08/11/2025 11:50:00 AM,IMPROPER LANE USAGE,IMPROPER OVERTAKING/PASSING,10300,W,JOHNSON RD,1654,,,,,,,2,"REPORTED, NOT EVIDENT",1,0,0,0,1,1,0,11,2,8,41.9976557211,-87.8860448696,POINT (-87.886044869569 41.997655721147)
30e3472c27a5517c2231a191b2545dc87d943ffb607e42b3bfeb9c1dc19f17ec2e877d15e3c5c74493f780bc44743c0f50959f8e460c962fef2a5ef3684be297,,08/11/2025 11:30:00 AM,30,TRAFFIC SIGNAL,FUNCTIONING PROPERLY,CLEAR,DAYLIGHT,PEDALCYCLIST,DIVIDED - W/MEDIAN (NOT RAISED),,STRAIGHT AND LEVEL,DRY,UNKNOWN,ON SCENE,INJURY AND / OR TOW DUE TO CRASH,,,Y,"OVER $1,500",08/11/2025 11:38:00 AM,FAILING TO YIELD RIGHT-OF-WAY,FAILING TO YIELD RIGHT-OF-WAY,4800,W,DIVERSEY AVE,2521,,,,,,,2,NONINCAPACITATING INJURY,1,0,0,1,0,1,0,11,2,8,41.9316414204,-87.7467199106,POINT (-87.746719910646 41.931641420407)
791562d5524ca7729a02c1f215c1fb111829e784dcb8ed0265abae0c49d6675091ce1a4f1a96466daef1fc93e96c0e2f22799a64629195b3fad4440a1181a8d1,,08/11/2025 11:30:00 AM,30,NO CONTROLS,UNKNOWN,CLEAR,DAYLIGHT,PARKED MOTOR VEHICLE,ONE-WAY,,STRAIGHT AND LEVEL,DRY,NO DEFECTS,NOT ON SCENE (DESK REPORT),NO INJURY / DRIVE AWAY,,,Y,"OVER $1,500",08/11/2025 11:30:00 AM,UNABLE TO DETERMINE,NOT APPLICABLE,2016,W,WILLOW ST,1434,,,,,,,2,NO INDICATION OF INJURY,0,0,0,0,0,1,0,11,2,8,41.9139334122,-87.6782759194,POINT (-87.678275919447 41.913933412208)
8bf0f6b72a3fb0a2b5fb1779b1f7e410a4be1fc0436b06da0e67bb8c753e0238603383349bf9dc73d4bbdc030cf581650cfe573d52ca7998494fb96394d2a29d,,08/11/2025 11:30:00 AM,30,NO CONTROLS,NO CONTROLS,CLEAR,DAYLIGHT,ANGLE,NOT DIVIDED,,STRAIGHT AND LEVEL,DRY,NO DEFECTS,NOT ON SCENE (DESK REPORT),NO INJURY / DRIVE AWAY,,,,"$501 - $1,500",08/11/2025 12:15:00 PM,UNABLE TO DETERMINE,UNABLE TO DETERMINE,6942,N,PAULINA ST,2431,,,,,,,2,NO INDICATION OF INJURY,0,0,0,0,0,2,0,11,2,8,42.0078594328,-87.6723490025,POINT (-87.672349002492 42.007859432761)
6928c1c77be54f63ef648347dd1c61f198ec5cf1a886558880047e63dc81af0af069b45c34da95993c61d5a339fc1ddd1b7e8dca1835548718f671084b26e554,,08/11/2025 11:28:00 AM,30,TRAFFIC SIGNAL,FUNCTIONING PROPERLY,CLEAR,DAYLIGHT,SIDESWIPE SAME DIRECTION,DIVIDED - W/MEDIAN BARRIER,,STRAIGHT AND LEVEL,DRY,NO DEFECTS,ON SCENE,INJURY AND / OR TOW DUE TO CRASH,Y,,,"OVER $1,500",08/11/2025 11:40:00 AM,IMPROPER TURNING/NO SIGNAL,IMPROPER TURNING/NO SIGNAL,2601,S,STATE ST,133,,,,,,,2,NO INDICATION OF INJURY,0,0,0,0,0,2,0,11,2,8,41.8455282987,-87.626611141,POINT (-87.626611141041 41.845528298716)
64e6ca83f0d6fad50238c71801ed809da1f4de4002e7de7a1448ade0a3979a00bcb1a5401c29341be3c8d1144e895db4104c2a5a8fe746b0ed31dc7736f0a84d,,08/11/2025 11:27:00 AM,30,NO CONTROLS,NO CONTROLS,CLEAR,DAYLIGHT,PARKED MOTOR VEHICLE,NOT DIVIDED,,STRAIGHT AND LEVEL,DRY,NO DEFECTS,ON SCENE,NO INJURY / DRIVE AWAY,,,,"OVER $1,500",08/11/2025 11:28:00 AM,IMPROPER OVERTAKING/PASSING,DRIVING SKILLS/KNOWLEDGE/EXPERIENCE,1401,S,MICHIGAN AVE,132,,,,,,,2,NO INDICATION OF INJURY,0,0,0,0,0,2,0,11,2,8,41.8640025957,-87.6239320493,POINT (-87.623932049301 41.864002595738)
40105077cd164c78a80cb263228062b3dcad30a9f9c90f69cf765e58902ceb61d645831a5c754344a7e67ce5bc505223c39e1a8ab8f5d6d6e37e263ee2051f6a,,08/11/2025 11:20:00 AM,10,NO CONTROLS,NO CONTROLS,CLEAR,DAYLIGHT,TURNING,PARKING LOT,,STRAIGHT AND LEVEL,DRY,NO DEFECTS,ON SCENE,NO INJURY / DRIVE AWAY,,,,"OVER $1,500",08/11/2025 11:26:00 AM,DRIVING SKILLS/KNOWLEDGE/EXPERIENCE,UNABLE TO DETERMINE,2200,S,WESTERN AVE,1034,,,,,,,2,NO INDICATION OF INJURY,0,0,0,0,0,2,0,11,2,8,41.8519838396,-87.6857857042,POINT (-87.685785704205 41.851983839573)
e05ca95a4f76bc874be1e370ba1b4612bcdc50768dcc89f57d5b31efa1a5e9e6a4465091c8543910a9e09db89ca82195f6a54b0fd02aaa370ca0c938f794fcfa,,08/11/2025 11:20:00 AM,30,NO CONTROLS,NO CONTROLS,CLEAR,DAYLIGHT,SIDESWIPE SAME DIRECTION,ONE-WAY,,STRAIGHT AND LEVEL,DRY,NO DEFECTS,NOT ON SCENE (DESK REPORT),NO INJURY / DRIVE AWAY,,,,"OVER $1,500",08/11/2025 12:10:00 PM,UNABLE TO DETERMINE,NOT APPLICABLE,911,N,RUSH ST,1833,,,,,,,2,NO INDICATION OF INJURY,0,0,0,0,0,2,0,11,2,8,41.899530672,-87.6268078711,POINT (-87.626807871053 41.899530672041)
1e88f1fe62c5e6b6ddf527c7b5082d7a73a9dccadb4ae17427f7ff918b4973690d6b72b8a53466e141cdffe936b842c65dc8fc00c692cfa85d2db09324d2a600,,08/11/2025 11:12:00 AM,30,NO CONTROLS,NO CONTROLS,CLEAR,DAYLIGHT,PARKED MOTOR VEHICLE,DIVIDED - W/MEDIAN (NOT RAISED),,STRAIGHT AND LEVEL,DRY,NO DEFECTS,ON SCENE,NO INJURY / DRIVE AWAY,,,Y,$500 OR LESS,08/11/2025 11:12:00 AM,UNABLE TO DETERMINE,UNABLE TO DETERMINE,8100,S,COTTAGE GROVE AVE,631,,,,,,,2,NO INDICATION OF INJURY,0,0,0,0,0,1,0,11,2,8,41.7475332863,-87.6052788008,POINT (-87.605278800842 41.747533286283)
7de0148df2f22e22dbb43495e4894e4c0a50bfe27719532cc4f49f3b47f851c8bea2d2552e03963f9902630a1c5404ed849ab0b6d5a4f9cbe2a8b8b731c3a207,,08/11/2025 11:08:00 AM,30,NO CONTROLS,NO CONTROLS,CLEAR,DAYLIGHT,REAR END,NOT DIVIDED,,STRAIGHT AND LEVEL,DRY,NO DEFECTS,ON SCENE,NO INJURY / DRIVE AWAY,,,,"OVER $1,500",08/11/2025 11:16:00 AM,EQUIPMENT - VEHICLE CONDITION,EQUIPMENT - VEHICLE CONDITION,9411,S,EWING AVE,432,,,,,,,4,NO INDICATION OF INJURY,0,0,0,0,0,5,0,11,2,8,41.7247273917,-87.5378320399,POINT (-87.537832039906 41.724727391659)
1b1a2350b324e8d1019272c35b92f14cb6c473ea7ad23e83f084784634f1803635e717fa5cab550fd327380bc0049be99a4230bc82ee1727aad84fb65bd59dc4,,08/11/2025 11:00:00 AM,30,NO CONTROLS,NO CONTROLS,CLEAR,DAYLIGHT,PARKED MOTOR VEHICLE,DIVIDED - W/MEDIAN (NOT RAISED),,STRAIGHT AND LEVEL,DRY,NO DEFECTS,NOT ON SCENE (DESK REPORT),NO INJURY / DRIVE AWAY,,,Y,"OVER $1,500",08/11/2025 06:00:00 PM,UNABLE TO DETERMINE,NOT APPLICABLE,1840,N,CALIFORNIA AVE,1421,,,,,,,2,NO INDICATION OF INJURY,0,0,0,0,0,1,0,11,2,8,41.9151036179,-87.6972769511,POINT (-87.69727695114 41.91510361794)
806b0fe5c3275e61d726caefe5ad7a652c3cfac827a2181820973fc71c50e48cf0bcff10af02b6a804e0f7cfea28afc05fd795b694e6feddfe1f192a2c177b2f,,08/11/2025 11:00:00 AM,30,NO CONTROLS,NO CONTROLS,CLEAR,DAYLIGHT,PARKED MOTOR VEHICLE,NOT DIVIDED,,STRAIGHT AND LEVEL,DRY,NO DEFECTS,,NO INJURY / DRIVE AWAY,Y,,,$500 OR LESS,08/11/2025 02:30:00 PM,UNABLE TO DETERMINE,NOT APPLICABLE,1535,W,DEVON AVE,2433,,,,,,,2,NO INDICATION OF INJURY,0,0,0,0,0,1,0,11,2,8,41.9979852186,-87.6691071204,POINT (-87.669107120398 41.997985218648)
c65643875ef182a60738c7aa08a89bae53042c6b0ea430bfc67b387b70a6e724a2c2eb07f3463a9d41c5b270155e5796f104d0d0089ae5593f7d7f5099049367,,08/11/2025 11:00:00 AM,10,NO CONTROLS,NO CONTROLS,CLEAR,DAYLIGHT,REAR TO FRONT,PARKING LOT,,STRAIGHT AND LEVEL,DRY,NO DEFECTS,NOT ON SCENE (DESK REPORT),NO INJURY / DRIVE AWAY,,,,"OVER $1,500",08/11/2025 11:20:00 AM,IMPROPER BACKING,UNABLE TO DETERMINE,3850,S,WABASH AVE,213,,,,,,,2,NO INDICATION OF INJURY,0,0,0,0,0,2,0,11,2,8,41.8240505324,-87.6249560699,POINT (-87.624956069948 41.824050532439)
e5aff2909a3b92b4dcb03d24590b413e9afd82cddc07981ac55ccbc05307f3f6556f410d9d4749848672ad9cc4be7958dc7df390969965028fa45d61935a96e9,,08/11/2025 11:00:00 AM,25,NO CONTROLS,NO CONTROLS,CLEAR,DAYLIGHT,REAR END,RAMP,,STRAIGHT AND LEVEL,DRY,NO DEFECTS,NOT ON SCENE (DESK REPORT),NO INJURY / DRIVE AWAY,,,,"OVER $1,500",08/15/2025 10:10:00 AM,UNABLE TO DETERMINE,NOT APPLICABLE,1600,N,LAKE SHORE DR,1814,,,,,,,2,NO INDICATION OF INJURY,0,0,0,0,0,2,0,11,2,8,41.9112245556,-87.6264825724,POINT (-87.626482572426 41.911224555611)
e706085b0c92ba3ccc7a223c8ad022a43cabc8ada3b6d0541aafe74c6c5a7a4e90a15684b6369d0e6fadf072890f3dfc1bdeb5d38a8c0bec445883ad54457f3a,,08/11/2025 11:00:00 AM,35,NO CONTROLS,NO CONTROLS,CLEAR,DAYLIGHT,PARKED MOTOR VEHICLE,NOT DIVIDED,,STRAIGHT AND LEVEL,DRY,NO DEFECTS,NOT ON SCENE (DESK REPORT),NO INJURY / DRIVE AWAY,,,,"$501 - $1,500",08/11/2025 06:40:00 PM,UNABLE TO DETERMINE,NOT APPLICABLE,4400,N,LAKE SHORE DR NB,1914,,,,,,,2,NO INDICATION OF INJURY,0,0,0,0,0,1,0,11,2,8,41.9620271555,-87.6466396613,POINT (-87.64663966128 41.962027155537)
584b19beb80853b288477490581124dc831169d7fb14db078699c640fd330c3e70a2fe441550244bbea5c1d5e7a8ca847a6a5c955a7973fa670ea26501dfd951,Y,08/11/2025 10:45:00 AM,10,NO CONTROLS,NO CONTROLS,UNKNOWN,UNKNOWN,PARKED MOTOR VEHICLE,PARKING LOT,,STRAIGHT AND LEVEL,UNKNOWN,UNKNOWN,NOT ON SCENE (DESK REPORT),NO INJURY / DRIVE AWAY,,,Y,"$501 - $1,500",08/12/2025 10:03:00 AM,UNABLE TO DETERMINE,NOT APPLICABLE,4149,W,79TH ST,834,,,,,,,2,NO INDICATION OF INJURY,0,0,0,0,0,1,0,10,2,8,41.7492520481,-87.7261403639,POINT (-87.726140363877 41.749252048051)
945dc184f697cb91ffdc821dfd3d65140685cd24d7a4bdbbced5321c78bf899f9f4eb0d2efa81002acd699ebc0733ea65a03e4b166db2888a05baeb640f09e8a,,08/11/2025 10:35:00 AM,30,TRAFFIC SIGNAL,UNKNOWN,CLEAR,DAYLIGHT,SIDESWIPE SAME DIRECTION,NOT DIVIDED,,STRAIGHT AND LEVEL,UNKNOWN,UNKNOWN,NOT ON SCENE (DESK REPORT),NO INJURY / DRIVE AWAY,,,Y,$500 OR LESS,08/11/2025 11:15:00 AM,UNABLE TO DETERMINE,UNABLE TO DETERMINE,1305,W,103RD ST,2232,,,,,,,2,NO INDICATION OF INJURY,0,0,0,0,0,3,0,10,2,8,41.7066868071,-87.6552838636,POINT (-87.655283863588 41.706686807125)
312b42e511c0d6445450ddb06a1152aca85c472478f6d0983a5a7cc4b42e257738a427a44d2d219ec649c0326034445b5b55732c18c45a4e9f6bbbbec72801b4,,08/11/2025 10:33:00 AM,25,TRAFFIC SIGNAL,FUNCTIONING PROPERLY,CLEAR,DAYLIGHT,SIDESWIPE SAME DIRECTION,NOT DIVIDED,,STRAIGHT AND LEVEL,DRY,NO DEFECTS,,NO INJURY / DRIVE AWAY,,,Y,"OVER $1,500",08/11/2025 03:43:00 PM,IMPROPER LANE USAGE,NOT APPLICABLE,4757,W,MADISON ST,1113,,,,,,,2,NO INDICATION OF INJURY,0,0,0,0,0,2,0,10,2,8,41.8803907215,-87.7450767808,POINT (-87.745076780799 41.880390721466)
df37cdad6c9c97ad5ce3c29d777e38564ab7462a3a653c724bfe19e39e0f3ff35cfe319fcdcdcef616a225eba3ea0a7bca05f436d940c578c03a50f8ddd635b5,,08/11/2025 10:30:00 AM,30,TRAFFIC SIGNAL,UNKNOWN,UNKNOWN,DAYLIGHT,PARKED MOTOR VEHICLE,NOT DIVIDED,,STRAIGHT AND LEVEL,UNKNOWN,UNKNOWN,NOT ON SCENE (DESK REPORT),NO INJURY / DRIVE AWAY,,,Y,"OVER $1,500",08/12/2025 07:15:00 AM,UNABLE TO DETERMINE,UNABLE TO DETERMINE,500,N,PESHTIGO CT,1834,,,,,,,2,NO INDICATION OF INJURY,0,0,0,0,0,1,0,10,2,8,41.891134614,-87.6153220048,POINT (-87.6153220048 41.891134614032)
f793eccfbeba0931bd70ea71c62a67ac4fa74df3dbca89f253b545bcac88d2f451d821fb31dc918ce2aa0ebe642fc80342f60e58c0b29257bd896b1004fa3b6a,,08/11/2025 10:30:00 AM,15,NO CONTROLS,NO CONTROLS,CLEAR,DAYLIGHT,SIDESWIPE SAME DIRECTION,ROUNDABOUT,,STRAIGHT AND LEVEL,UNKNOWN,UNKNOWN,NOT ON SCENE (DESK REPORT),NO INJURY / DRIVE AWAY,,,,"OVER $1,500",08/13/2025 07:00:00 PM,UNABLE TO DETERMINE,UNABLE TO DETERMINE,3,W,TERMINAL ST,1653,,,,,,,2,NO INDICATION OF INJURY,0,0,0,0,0,2,0,10,2,8,,,
567311b2a0d64d188e66c3b4696ca1c3555ec5b6144270b026e44f939626b283ff806b555fe1708bfd3f92c757e517f12fcf523797f5a3e66a5803ad1de0142a,,08/11/2025 10:22:00 AM,30,NO CONTROLS,NO CONTROLS,CLEAR,DAYLIGHT,SIDESWIPE SAME DIRECTION,ONE-WAY,,STRAIGHT AND LEVEL,DRY,NO DEFECTS,NOT ON SCENE (DESK REPORT),NO INJURY / DRIVE AWAY,,,,"OVER $1,500",08/12/2025 10:00:00 AM,UNABLE TO DETERMINE,UNABLE TO DETERMINE,10000,W,OHARE ST,1651,,,,,,,2,NO INDICATION OF INJURY,0,0,0,0,0,2,0,10,2,8,41.976201139,-87.9053091251,POINT (-87.905309125103 41.976201139024)
97970d0dfe96e1cb7ed5fd9185898b7d71b6c20101261e9fd9c3443f312ba619f639d5eea9a2ff6970c6834b995efd747dc663644b8595064d11b01a87bdf57c,,08/11/2025 10:20:00 AM,10,NO CONTROLS,NO CONTROLS,CLEAR,DAYLIGHT,PARKED MOTOR VEHICLE,PARKING LOT,,STRAIGHT AND LEVEL,DRY,NO DEFECTS,NOT ON SCENE (DESK REPORT),NO INJURY / DRIVE AWAY,,,,"OVER $1,500",08/11/2025 07:29:00 PM,UNABLE TO DETERMINE,UNABLE TO DETERMINE,520,W,24TH PL,914,,,,,,,2,NO INDICATION OF INJURY,0,0,0,0,0,2,0,10,2,8,41.8482371659,-87.6409555275,POINT (-87.64095552752 41.848237165925)
32d377ab04d419508bc8e481ed3be58542e0249ff7013922692282756343a5985a7147fa0dd9b7510a6bb2d0554f3acfcb5a18c94bab26853179d52d168a803b,,08/11/2025 10:16:00 AM,30,STOP SIGN/FLASHER,FUNCTIONING PROPERLY,CLEAR,DAYLIGHT,TURNING,NOT DIVIDED,,STRAIGHT AND LEVEL,DRY,UNKNOWN,ON SCENE,INJURY AND / OR TOW DUE TO CRASH,Y,,,"OVER $1,500",08/11/2025 10:18:00 AM,UNABLE TO DETERMINE,UNABLE TO DETERMINE,6900,S,COTTAGE GROVE AVE,321,,,,,,,2,"REPORTED, NOT EVIDENT",3,0,0,0,3,1,0,10,2,8,41.7694511713,-87.6058302165,POINT (-87.605830216477 41.769451171337)
3fdc3c50f31c07ed7e471d35d6d79d4fd47bde5f476f9760451def060fc3bb491279b6ef1101c8b4d323430f8ba96e3c7ac7d3245ea9c112c73967b688ec12a7,,08/11/2025 10:15:00 AM,30,TRAFFIC SIGNAL,UNKNOWN,UNKNOWN,DAYLIGHT,PARKED MOTOR VEHICLE,NOT DIVIDED,,STRAIGHT AND LEVEL,UNKNOWN,UNKNOWN,NOT ON SCENE (DESK REPORT),NO INJURY / DRIVE AWAY,,,Y,"OVER $1,500",08/12/2025 07:15:00 AM,UNABLE TO DETERMINE,UNABLE TO DETERMINE,500,N,PESHTIGO CT,1834,,,,,,,2,NO INDICATION OF INJURY,0,0,0,0,0,1,0,10,2,8,41.891134614,-87.6153220048,POINT (-87.6153220048 41.891134614032)
a475bc786dc428970de608f7ec97efb17903c46418d6a900d367f65e9d90bda5599055e6449bff90df7151f9f4cb2313aca80ecfd35e7cef3ef7cecb13d92652,Y,08/11/2025 09:59:00 AM,30,NO CONTROLS,NO CONTROLS,CLEAR,DAYLIGHT,SIDESWIPE SAME DIRECTION,DIVIDED - W/MEDIAN (NOT RAISED),,STRAIGHT AND LEVEL,DRY,NO DEFECTS,ON SCENE,NO INJURY / DRIVE AWAY,,,,"$501 - $1,500",08/11/2025 09:59:00 AM,DRIVING SKILLS/KNOWLEDGE/EXPERIENCE,NOT APPLICABLE,325,S,PAULINA ST,1231,,,,,,,2,NO INDICATION OF INJURY,0,0,0,0,0,2,0,9,2,8,41.8768036268,-87.6690235087,POINT (-87.669023508747 41.876803626771)
523aa5c646a57db507ccc1b7a95f1cc68e18b99257fe279d25df4bd6465d33f20807347b2806a7b3c1a17163d81b45ac60c47bc988da00fd6a69c278bc682797,,08/11/2025 09:50:00 AM,30,UNKNOWN,UNKNOWN,CLEAR,DAYLIGHT,ANGLE,ONE-WAY,,STRAIGHT AND LEVEL,DRY,UNKNOWN,ON SCENE,NO INJURY / DRIVE AWAY,,,,"OVER $1,500",08/11/2025 11:00:00 AM,UNABLE TO DETERMINE,UNABLE TO DETERMINE,3244,W,ARDMORE AVE,1711,,,,,,,2,NO INDICATION OF INJURY,0,0,0,0,0,3,0,9,2,8,41.9867895889,-87.7109576191,POINT (-87.710957619074 41.986789588916)
40962d33962e0a0055c5048dfe2c3dc1dbd9c446db7301e9b0e0e36f0825642823083290686508c184778a0c22125b06256459cfaa5d691a75c720f56c1167e6,,08/11/2025 09:45:00 AM,30,NO CONTROLS,NO CONTROLS,CLEAR,DAYLIGHT,PARKED MOTOR VEHICLE,PARKING LOT,,STRAIGHT AND LEVEL,UNKNOWN,UNKNOWN,NOT ON SCENE (DESK REPORT),NO INJURY / DRIVE AWAY,,,Y,"$501 - $1,500",08/11/2025 01:37:00 PM,UNABLE TO DETERMINE,NOT APPLICABLE,3241,W,PETERSON AVE,1711,,,,,,,2,NO INDICATION OF INJURY,0,0,0,0,0,3,0,9,2,8,41.9902548481,-87.7107632435,POINT (-87.710763243534 41.990254848132)
812fce7138346d802d4c2f9975ea9ec4adbba72cfb3571e66dc9c2ce0dc14300909ce30b3e7a4d2182ecd4e46c8fb157fd0ab98867a5bbc298db64e74eddc276,,08/11/2025 09:37:00 AM,20,UNKNOWN,UNKNOWN,UNKNOWN,UNKNOWN,REAR TO FRONT,PARKING LOT,,STRAIGHT AND LEVEL,UNKNOWN,UNKNOWN,NOT ON SCENE (DESK REPORT),NO INJURY / DRIVE AWAY,,,,"OVER $1,500",08/11/2025 05:45:00 PM,NOT APPLICABLE,NOT APPLICABLE,600,E,GRAND AVE,1834,,,,,,,2,NO INDICATION OF INJURY,0,0,0,0,0,2,0,9,2,8,41.8920941369,-87.6115698839,POINT (-87.611569883947 41.892094136862)