CRASH_RECORD_ID,CRASH_DATE_EST_I,CRASH_DATE,POSTED_SPEED_LIMIT,TRAFFIC_CONTROL_DEVICE,DEVICE_CONDITION,WEATHER_CONDITION,LIGHTING_CONDITION,FIRST_CRASH_TYPE,TRAFFICWAY_TYPE,LANE_CNT,ALIGNMENT,ROADWAY_SURFACE_COND,ROAD_DEFECT,REPORT_TYPE,CRASH_TYPE,INTERSECTION_RELATED_I,NOT_RIGHT_OF_WAY_I,HIT_AND_RUN_I,DAMAGE,DATE_POLICE_NOTIFIED,PRIM_CONTRIBUTORY_CAUSE,SEC_CONTRIBUTORY_CAUSE,STREET_NO,STREET_DIRECTION,STREET_NAME,BEAT_OF_OCCURRENCE,PHOTOS_TAKEN_I,STATEMENTS_TAKEN_I,DOORING_I,WORK_ZONE_I,WORK_ZONE_TYPE,WORKERS_PRESENT_I,NUM_UNITS,MOST_SEVERE_INJURY,INJURIES_TOTAL,INJURIES_FATAL,INJURIES_INCAPACITATING,INJURIES_NON_INCAPACITATING,INJURIES_REPORTED_NOT_EVIDENT,INJURIES_NO_INDICATION,INJURIES_UNKNOWN,CRASH_HOUR,CRASH_DAY_OF_WEEK,CRASH_MONTH,LATITUDE,LONGITUDE,LOCATION
1f2a4592c9255a46a92b63831dfea3f71ae4634fdecd1bacf4e4136d9974044915263c804007f1c24446bafa77aff3bd758e52b8c11c2ea75c3e9e2db7427590,,08/11/2025 09:30:00 AM,30,UNKNOWN,UNKNOWN,CLEAR,DAYLIGHT,REAR TO FRONT,PARKING LOT,,STRAIGHT AND LEVEL,DRY,NO DEFECTS,NOT ON SCENE (DESK REPORT),NO INJURY / DRIVE AWAY,,,Y,"OVER $1,500",08/11/2025 11:30:00 AM,FOLLOWING TOO CLOSELY,IMPROPER BACKING,7838,S,COTTAGE GROVE AVE,624,,,,,,,2,NO INDICATION OF INJURY,0,0,0,0,0,2,0,9,2,8,41.7519405033,-87.6053680818,POINT (-87.605368081793 41.751940503348)
19893c5c147d3648216ada5e9dcca2e0e129f7f4d963a858d5641eae7f2600c17ceecb11ca63aa1402c5ae5bb1b8bbbef708770025c0a9732164c0c033085688,,08/11/2025 09:00:00 AM,35,NO CONTROLS,NO CONTROLS,CLEAR,DAYLIGHT,OTHER OBJECT,NOT DIVIDED,,STRAIGHT AND LEVEL,DRY,NO DEFECTS,ON SCENE,NO INJURY / DRIVE AWAY,,Y,Y,"OVER $1,500",08/11/2025 09:30:00 AM,EQUIPMENT - VEHICLE CONDITION,NOT APPLICABLE,9621,S,COTTAGE GROVE AVE,511,,,,,,,1,NO INDICATION OF INJURY,0,0,0,0,0,1,0,9,2,8,41.7195355439,-87.6036153306,POINT (-87.603615330586 41.719535543871)
f9df9666dc79cc821b0306ee95497016bb38860b53a889a3abde9e45319b9d95e3beb327cd33f06511cd39d6a2e2387e8229357096818221e816c215e6618781,,08/11/2025 09:00:00 AM,35,NO CONTROLS,NO CONTROLS,CLEAR,DAYLIGHT,PARKED MOTOR VEHICLE,NOT DIVIDED,,STRAIGHT AND LEVEL,DRY,NO DEFECTS,NOT ON SCENE (DESK REPORT),NO INJURY / DRIVE AWAY,,,Y,"$501 - $1,500",08/11/2025 01:30:00 PM,UNABLE TO DETERMINE,UNABLE TO DETERMINE,4500,N,LONG AVE,1623,,,,,,,2,NO INDICATION OF INJURY,0,0,0,0,0,1,0,9,2,8,41.9624543349,-87.7625442574,POINT (-87.762544257377 41.962454334851)
ae5e903957a037506fe517568bf2c204ef0e473a361ff7bb7c1316f8857b14746f2a0b528ce6ce0313d4bd4d73116bacc75655582970a12b25c16e3d75d0b797,,08/11/2025 08:55:00 AM,30,STOP SIGN/FLASHER,NO CONTROLS,CLEAR,DAYLIGHT,PARKED MOTOR VEHICLE,DIVIDED - W/MEDIAN (NOT RAISED),,STRAIGHT AND LEVEL,DRY,NO DEFECTS,ON SCENE,NO INJURY / DRIVE AWAY,,,Y,"OVER $1,500",08/11/2025 09:21:00 AM,UNABLE TO DETERMINE,NOT APPLICABLE,4130,W,16TH ST,1012,,,,,,,2,NO INDICATION OF INJURY,0,0,0,0,0,1,0,8,2,8,41.8589353826,-87.7284922835,POINT (-87.728492283488 41.8589353826)
e085b5aefd9e6fad89c79fb2b6a1f066752e9ac6b879f0a5f1da0115622f8dc7c23b3708d23f36440782838fd6b0c8e1662c934c825af4dfd2fdfb4db7800b28,,08/11/2025 08:50:00 AM,30,NO CONTROLS,NO CONTROLS,CLEAR,DAYLIGHT,TURNING,NOT DIVIDED,,STRAIGHT AND LEVEL,DRY,NO DEFECTS,NOT ON SCENE (DESK REPORT),NO INJURY / DRIVE AWAY,,,,"$501 - $1,500",08/11/2025 09:07:00 AM,FAILING TO YIELD RIGHT-OF-WAY,NOT APPLICABLE,4300,S,KEDZIE AVE,821,,,,,,,2,NO INDICATION OF INJURY,0,0,0,0,0,2,0,8,2,8,41.8153520373,-87.704406263,POINT (-87.704406262956 41.815352037319)
a09724ea35ec108ab5ff1d04bbe2d9da05a21be1920e476a6163890edf82296abee7b91484c96cff09adbed543f686acf42d7c69a145203f3d9ee499103ecdd9,,08/11/2025 08:49:00 AM,30,NO CONTROLS,NO CONTROLS,CLEAR,DAYLIGHT,PARKED MOTOR VEHICLE,NOT DIVIDED,,STRAIGHT AND LEVEL,DRY,NO DEFECTS,ON SCENE,NO INJURY / DRIVE AWAY,,,,"$501 - $1,500",08/11/2025 08:54:00 AM,UNABLE TO DETERMINE,UNABLE TO DETERMINE,622,N,ST LOUIS AVE,1121,,,,,,,2,NO INDICATION OF INJURY,0,0,0,0,0,1,0,8,2,8,41.8925570108,-87.7139331594,POINT (-87.71393315936 41.892557010789)
9107e0fbf9d9cd2292e11c8c6cb0c2ab331299ef079487c9af6c18607620edb06086b419db579ceccbf75de022ccdb0ae28bbb8218782d26f45df509fdf3c5e0,,08/11/2025 08:34:00 AM,30,TRAFFIC SIGNAL,UNKNOWN,CLEAR,DAYLIGHT,SIDESWIPE SAME DIRECTION,FOUR WAY,,STRAIGHT AND LEVEL,DRY,UNKNOWN,ON SCENE,NO INJURY / DRIVE AWAY,,,Y,"OVER $1,500",08/11/2025 08:43:00 AM,UNABLE TO DETERMINE,UNABLE TO DETERMINE,8658,S,PULASKI RD,834,,,,,,,2,NO INDICATION OF INJURY,0,0,0,0,0,2,0,8,2,8,41.7348942818,-87.7215864186,POINT (-87.721586418622 41.734894281755)
2a45250e28512f081cc4675df340acc2a807d6903694671625d0f63eabb0bb0d76b570d78e51a2c18beaa2dde98aa9a0ec9dfbd00456466eb17a874cc145c306,,08/11/2025 08:30:00 AM,30,NO CONTROLS,NO CONTROLS,CLEAR,DAYLIGHT,SIDESWIPE SAME DIRECTION,DIVIDED - W/MEDIAN (NOT RAISED),,STRAIGHT AND LEVEL,UNKNOWN,UNKNOWN,NOT ON SCENE (DESK REPORT),NO INJURY / DRIVE AWAY,,,,"$501 - $1,500",08/11/2025 03:35:00 PM,UNABLE TO DETERMINE,NOT APPLICABLE,4500,S,LAKE SHORE DR NB,222,,,,,,,2,NO INDICATION OF INJURY,0,0,0,0,0,2,0,8,2,8,41.8141929265,-87.5930111758,POINT (-87.5930111758 41.814192926512)
3cedb0f264d5cb11ca26a163f3a555cbc502a28df030784e9a9a5b04cea87f6523740cb1924ce6c5825f32549814bac69da123a0fbf1994f9798c046bf42c36e,,08/11/2025 08:25:00 AM,10,NO CONTROLS,NO CONTROLS,CLEAR,DAYLIGHT,PARKED MOTOR VEHICLE,NOT DIVIDED,,STRAIGHT AND LEVEL,DRY,NO DEFECTS,NOT ON SCENE (DESK REPORT),NO INJURY / DRIVE AWAY,,Y,,"OVER $1,500",08/11/2025 10:35:00 AM,FOLLOWING TOO CLOSELY,DRIVING SKILLS/KNOWLEDGE/EXPERIENCE,8359,W,ADDISON ST,1631,,,,,,,2,NO INDICATION OF INJURY,0,0,0,0,0,1,0,8,2,8,41.9446528361,-87.8363646003,POINT (-87.836364600258 41.94465283609)
0a4c8766a1209a8c8d7a68d4f0ad0cdd52f893a47a1c37115e7824d15349350b945d53d00fec65a13018834be3e02ce87cd2c454f387c093ecf8905eae9d3bd2,,08/11/2025 08:20:00 AM,30,NO CONTROLS,NO CONTROLS,CLEAR,DAYLIGHT,SIDESWIPE SAME DIRECTION,ONE-WAY,,STRAIGHT AND LEVEL,DRY,NO DEFECTS,NOT ON SCENE (DESK REPORT),NO INJURY / DRIVE AWAY,,,Y,"OVER $1,500",08/11/2025 08:30:00 AM,IMPROPER OVERTAKING/PASSING,IMPROPER OVERTAKING/PASSING,7610,S,WOLCOTT AVE,611,,,,,,,2,NO INDICATION OF INJURY,0,0,0,0,0,2,0,8,2,8,41.7553496755,-87.6709972032,POINT (-87.670997203152 41.755349675486)
515d5ec2ef897a757a46a75ac4ad7383a55a221f11cdad0105db80258db37c4a54a760d9424c0fee13b0d0f62639ffaabaea59aebf55c90865ffb712ff46eaeb,,08/11/2025 08:20:00 AM,30,TRAFFIC SIGNAL,FUNCTIONING PROPERLY,CLEAR,DAYLIGHT,REAR END,DIVIDED - W/MEDIAN (NOT RAISED),,STRAIGHT AND LEVEL,DRY,NO DEFECTS,NOT ON SCENE (DESK REPORT),INJURY AND / OR TOW DUE TO CRASH,,,,"OVER $1,500",08/11/2025 10:30:00 AM,FOLLOWING TOO CLOSELY,NOT APPLICABLE,500,N,LAKE SHORE DR,1834,,,,,,,2,NO INDICATION OF INJURY,0,0,0,0,0,3,0,8,2,8,41.8911183327,-87.6143846846,POINT (-87.614384684631 41.891118332732)
4ed17f4292f32c5f6f34ece90ad1945fce80b0ab8a3202d7af4f7ff818819d032ac5d1714e4116c16270ddccb7868b4f19e864b2cb20db14f46d74c6db11ab36,,08/11/2025 08:16:00 AM,30,TRAFFIC SIGNAL,FUNCTIONING PROPERLY,CLEAR,DAYLIGHT,REAR END,T-INTERSECTION,,STRAIGHT AND LEVEL,DRY,NO DEFECTS,ON SCENE,INJURY AND / OR TOW DUE TO CRASH,Y,,,$500 OR LESS,08/11/2025 08:17:00 AM,UNABLE TO DETERMINE,UNABLE TO DETERMINE,9460,S,COTTAGE GROVE AVE,633,,,,,,,2,"REPORTED, NOT EVIDENT",2,0,0,0,2,1,0,8,2,8,41.7221818341,-87.6046298853,POINT (-87.604629885276 41.722181834102)
7b31f706d9a0f90574c0070f1838c4c1fbe80963f059b45946f306da2eb336da7c36ee20f5837e3fbb2f8e2d3afb00cffa7525502564305abebdaaf710c8f9c4,,08/11/2025 08:15:00 AM,30,TRAFFIC SIGNAL,FUNCTIONING PROPERLY,UNKNOWN,DAYLIGHT,TURNING,DIVIDED - W/MEDIAN (NOT RAISED),,STRAIGHT AND LEVEL,UNKNOWN,UNKNOWN,NOT ON SCENE (DESK REPORT),INJURY AND / OR TOW DUE TO CRASH,Y,,,"OVER $1,500",08/11/2025 12:10:00 PM,UNABLE TO DETERMINE,NOT APPLICABLE,2416,S,BLUE ISLAND AVE,1034,,,,,,,2,NO INDICATION OF INJURY,0,0,0,0,0,2,0,8,2,8,41.8484586334,-87.6762712691,POINT (-87.676271269123 41.848458633353)
f6d9094814122c74373401dcd06fe3556a471106c134bc192e2958663e5e16cf97c908da75fb7399953f4b45ec5c643f9b410b6ef039f3d6f62c6bcf17c34a43,,08/11/2025 07:59:00 AM,30,NO CONTROLS,NO CONTROLS,RAIN,DAYLIGHT,SIDESWIPE SAME DIRECTION,NOT DIVIDED,,STRAIGHT AND LEVEL,DRY,NO DEFECTS,ON SCENE,NO INJURY / DRIVE AWAY,,,,"OVER $1,500",08/11/2025 08:06:00 AM,UNABLE TO DETERMINE,NOT APPLICABLE,1666,W,PRATT BLVD,2431,,,,,,,2,NO INDICATION OF INJURY,0,0,0,0,0,3,0,7,2,8,42.0054528054,-87.6725271388,POINT (-87.672527138831 42.005452805385)
9c002484666c6f68b70039c0f0eabc4808662d9849a8f1ac85d470a5b839e1be503080f25bd29990f80e236a9c321ae2bb6c6ec5f699f0a30ea89096f79f1821,Y,08/11/2025 07:45:00 AM,15,NO CONTROLS,NO CONTROLS,CLEAR,DAYLIGHT,PARKED MOTOR VEHICLE,ONE-WAY,,STRAIGHT AND LEVEL,UNKNOWN,NO DEFECTS,ON SCENE,NO INJURY / DRIVE AWAY,,,Y,"$501 - $1,500",08/11/2025 08:00:00 AM,UNABLE TO DETERMINE,NOT APPLICABLE,3601,W,LE MOYNE ST,2535,N,,,,,,2,NO INDICATION OF INJURY,0,0,0,0,0,1,0,7,2,8,41.9080709514,-87.7168103645,POINT (-87.716810364475 41.908070951419)
7289f44d3df45cc3c6f87ddc8b55fca6aec92d578838b7a042386ba892eb7fc8217e3ba1a38d4fccdae3f473853f589a1de8220e4688f93257d517f12d0e56a4,,08/11/2025 07:40:00 AM,30,NO CONTROLS,NO CONTROLS,CLEAR,DAYLIGHT,SIDESWIPE SAME DIRECTION,NOT DIVIDED,,STRAIGHT AND LEVEL,UNKNOWN,UNKNOWN,NOT ON SCENE (DESK REPORT),NO INJURY / DRIVE AWAY,,,,"OVER $1,500",08/11/2025 08:30:00 AM,FAILING TO YIELD RIGHT-OF-WAY,FAILING TO YIELD RIGHT-OF-WAY,651,W,DIVERSEY PKWY,1935,,,,,,,2,NO INDICATION OF INJURY,0,0,0,0,0,3,0,7,2,8,41.9326772021,-87.6455777466,POINT (-87.645577746619 41.932677202101)
79a8aa04fbdd0d9310d795b52bb80786e1a1f6fc04765ef050c5ada76d6bff2f36e0cb6fb155535243829e8a380cde33ecd8b21d201289ed66d2f1edc995852f,,08/11/2025 07:33:00 AM,30,TRAFFIC SIGNAL,FUNCTIONING PROPERLY,CLEAR,DAYLIGHT,REAR END,NOT DIVIDED,,STRAIGHT AND LEVEL,DRY,NO DEFECTS,NOT ON SCENE (DESK REPORT),NO INJURY / DRIVE AWAY,,,,"OVER $1,500",08/11/2025 07:40:00 AM,FOLLOWING TOO CLOSELY,NOT APPLICABLE,310,S,LARAMIE AVE,1522,,,,,,,2,NO INDICATION OF INJURY,0,0,0,0,0,2,0,7,2,8,41.8762713566,-87.755060524,POINT (-87.755060524047 41.876271356589)
522c93fc575eed2b8ef47846e689bf95b2cb654f213c6f5f9cac3152c0bf611a39b50c9cbe2bb01b3b8e01b633152a08c109d1730c2439eeae1cd337b233b9fd,,08/11/2025 07:25:00 AM,30,NO CONTROLS,NO CONTROLS,CLEAR,DAYLIGHT,PARKED MOTOR VEHICLE,NOT DIVIDED,,STRAIGHT AND LEVEL,DRY,NO DEFECTS,ON SCENE,NO INJURY / DRIVE AWAY,,,,"$501 - $1,500",08/11/2025 07:27:00 AM,UNABLE TO DETERMINE,UNABLE TO DETERMINE,3105,W,HURON ST,1221,,,,,,,2,NO INDICATION OF INJURY,0,0,0,0,0,1,0,7,2,8,41.8936377451,-87.7042840056,POINT (-87.704284005582 41.893637745092)
1774c3a196d62e08091cd2e1126d09a954c80b6a71294df66a72902274e669dfba030aca7bfac68d991e10172523f32822b43c74d698a76686d956a6da302f55,,08/11/2025 07:20:00 AM,30,TRAFFIC SIGNAL,FUNCTIONING PROPERLY,UNKNOWN,UNKNOWN,TURNING,DIVIDED - W/MEDIAN (NOT RAISED),,STRAIGHT AND LEVEL,UNKNOWN,UNKNOWN,NOT ON SCENE (DESK REPORT),NO INJURY / DRIVE AWAY,Y,,,"OVER $1,500",08/11/2025 08:10:00 AM,UNABLE TO DETERMINE,NOT APPLICABLE,3001,W,OGDEN AVE,1022,,,,,,,2,NO INDICATION OF INJURY,0,0,0,0,0,2,0,7,2,8,41.859458984,-87.7006690621,POINT (-87.70066906213 41.859458983999)
9faf5a912b037569b000104367a7abf65549636506d14315a81052f5cce974f47392f4067c5759cfefae14193752d91d63721bfb40001969b33e2efb14ee234e,Y,08/11/2025 07:10:00 AM,5,NO CONTROLS,NO CONTROLS,OTHER,UNKNOWN,PARKED MOTOR VEHICLE,PARKING LOT,,STRAIGHT AND LEVEL,UNKNOWN,UNKNOWN,ON SCENE,NO INJURY / DRIVE AWAY,,Y,Y,"$501 - $1,500",08/12/2025 01:35:00 PM,UNABLE TO DETERMINE,UNABLE TO DETERMINE,2001,S,MICHIGAN AVE,132,,,,,,,2,NO INDICATION OF INJURY,0,0,0,0,0,1,0,7,2,8,41.855431999,-87.6237282156,POINT (-87.623728215571 41.855431999021)
527487e9860d5e570cda8925f0d42b16ecbc66d57fb7487ab03c40ba8cf60354d374527b3b4cba3ee2ea5661a8b8e606b6d75d3b6e680da2bc3de8380be04e57,,08/11/2025 06:57:00 AM,30,NO CONTROLS,NO CONTROLS,CLEAR,DAYLIGHT,FIXED OBJECT,NOT DIVIDED,,STRAIGHT AND LEVEL,DRY,NO DEFECTS,ON SCENE,INJURY AND / OR TOW DUE TO CRASH,,,,"OVER $1,500",08/11/2025 06:57:00 AM,NOT APPLICABLE,NOT APPLICABLE,7641,S,GREENWOOD AVE,624,,,,,,,2,NO INDICATION OF INJURY,0,0,0,0,0,1,0,6,2,8,41.7557053115,-87.5978757375,POINT (-87.597875737464 41.755705311526)
a08de66b2e85f64a33aad46a6c576040e40384a70967e04951b4ea9d0199d11394409be6449635c9792df30d14ada45d5681b0c972684ed34a4fcab7fbf0f6bc,,08/11/2025 06:43:00 AM,30,NO CONTROLS,NO CONTROLS,CLEAR,DAYLIGHT,REAR END,NOT DIVIDED,,STRAIGHT AND LEVEL,DRY,NO DEFECTS,NOT ON SCENE (DESK REPORT),INJURY AND / OR TOW DUE TO CRASH,,,,"OVER $1,500",08/11/2025 03:20:00 PM,FOLLOWING TOO CLOSELY,NOT APPLICABLE,4800,W,63RD ST,813,,,,,,,2,NONINCAPACITATING INJURY,1,0,0,1,0,1,0,6,2,8,41.7785380711,-87.7423558784,POINT (-87.74235587842 41.778538071066)
58042f4dbbd5babbb1ded1760d7abc2b4e96346430b94fc770209925528c4ddbe97672696ea17800d7a9b726783bc2e53865a8070721ac366e7128b0181b77d4,,08/11/2025 06:40:00 AM,20,NO CONTROLS,NO CONTROLS,CLEAR,DAYLIGHT,SIDESWIPE SAME DIRECTION,NOT DIVIDED,,STRAIGHT AND LEVEL,DRY,NO DEFECTS,NOT ON SCENE (DESK REPORT),NO INJURY / DRIVE AWAY,,,,"OVER $1,500",08/11/2025 07:45:00 AM,IMPROPER LANE USAGE,NOT APPLICABLE,875,N,MICHIGAN AVE,1833,,,,,,,2,NO INDICATION OF INJURY,0,0,0,0,0,2,0,6,2,8,41.8989485417,-87.6239749877,POINT (-87.62397498769 41.89894854173)
ff3015714725a13044b2c02f49dc4e69bfeb6afefcc827e17e6f9bc7b9e1d6548b39c7c077ac52433c0c664a2e94629204d4dbdfb55fbfdc43eeb07cd5a94bba,,08/11/2025 06:15:00 AM,30,NO CONTROLS,NO CONTROLS,CLEAR,DAYLIGHT,SIDESWIPE SAME DIRECTION,NOT DIVIDED,,STRAIGHT AND LEVEL,DRY,NO DEFECTS,NOT ON SCENE (DESK REPORT),NO INJURY / DRIVE AWAY,,,,"OVER $1,500",08/11/2025 06:30:00 AM,IMPROPER OVERTAKING/PASSING,IMPROPER OVERTAKING/PASSING,4828,N,WESTERN AVE,2031,,,,,,,2,NO INDICATION OF INJURY,0,0,0,0,0,2,0,6,2,8,41.9695015636,-87.689081096,POINT (-87.689081095988 41.969501563625)
8aa18944505425a564866bc1ab69833e3101ca76bc997e08a9ff880234ca5ea64ce824621c32f96235e830b6d01a0b7a4aabd1ae0044f0d6a84a72d79ebc72a2,,08/11/2025 06:10:00 AM,30,NO CONTROLS,NO CONTROLS,CLEAR,DAYLIGHT,SIDESWIPE SAME DIRECTION,DIVIDED - W/MEDIAN (NOT RAISED),,STRAIGHT AND LEVEL,DRY,NO DEFECTS,NOT ON SCENE (DESK REPORT),NO INJURY / DRIVE AWAY,,,,"OVER $1,500",08/11/2025 06:30:00 AM,UNABLE TO DETERMINE,NOT APPLICABLE,4852,N,WESTERN AVE,2031,,,,,,,2,NO INDICATION OF INJURY,0,0,0,0,0,2,0,6,2,8,41.9702035619,-87.6891056115,POINT (-87.689105611466 41.970203561941)
d8ad763d00471eac380ad607098fa0eefb150e943758d6fc4ea5c8a175cecc8dcda6726e358fd39207cc62eba52e15f4f5915608741ef4e8c0a089d02b3f7c11,,08/11/2025 05:20:00 AM,30,STOP SIGN/FLASHER,FUNCTIONING PROPERLY,CLEAR,DAYLIGHT,ANGLE,FOUR WAY,,STRAIGHT AND LEVEL,DRY,NO DEFECTS,NOT ON SCENE (DESK REPORT),NO INJURY / DRIVE AWAY,Y,,,"OVER $1,500",08/11/2025 06:00:00 AM,UNABLE TO DETERMINE,UNABLE TO DETERMINE,4232,W,55TH ST,815,,,,,,,2,NO INDICATION OF INJURY,0,0,0,0,0,2,0,5,2,8,41.7932597697,-87.7293509766,POINT (-87.72935097663 41.793259769697)
342fc0384757ae62e3d833e0abfac69399289ae80023d7bb914cb70dcaa58abc00d132c199bd031b9d17aed7f01621f87653421910ea420bcf33a9aa161c6c69,,08/11/2025 05:15:00 AM,30,NO CONTROLS,NO CONTROLS,CLEAR,DARKNESS,SIDESWIPE SAME DIRECTION,NOT DIVIDED,,STRAIGHT AND LEVEL,DRY,UNKNOWN,ON SCENE,INJURY AND / OR TOW DUE TO CRASH,,,Y,"OVER $1,500",08/11/2025 06:50:00 AM,IMPROPER LANE USAGE,NOT APPLICABLE,600,N,PULASKI RD,1111,,,,,,,3,NO INDICATION OF INJURY,0,0,0,0,0,3,0,5,2,8,41.891722404,-87.7261201868,POINT (-87.726120186754 41.891722404049)
9a452b90b91970582bde602a4d2956cca4d9ddcb99e8590a14aae8829febd24f60dcb9b20b40ab4a1d4704ff8a5637f58ca787b534dca6d09d39a5b18829c9b1,,08/11/2025 04:38:00 AM,30,STOP SIGN/FLASHER,NO CONTROLS,CLEAR,"DARKNESS, LIGHTED ROAD",ANGLE,NOT DIVIDED,,STRAIGHT AND LEVEL,DRY,NO DEFECTS,,INJURY AND / OR TOW DUE TO CRASH,Y,,,"OVER $1,500",08/11/2025 04:38:00 AM,UNABLE TO DETERMINE,FAILING TO YIELD RIGHT-OF-WAY,7600,S,STEWART AVE,621,,,,,,,2,NONINCAPACITATING INJURY,1,0,0,1,0,1,0,4,2,8,41.75616061,-87.634583596,POINT (-87.634583595966 41.756160610031)
e43fc72a698d7ebb3c77f4c3e858b4e8caf5f5dc12fc5472af33cf4b873e43aa757a9e94b9a698987685f196e52539cfc0ccc7b8234d5cde8bb3eea6774b7b27,,08/11/2025 03:54:00 AM,30,NO CONTROLS,NO CONTROLS,CLEAR,DUSK,PARKED MOTOR VEHICLE,ONE-WAY,,STRAIGHT AND LEVEL,DRY,NO DEFECTS,ON SCENE,INJURY AND / OR TOW DUE TO CRASH,,N,,"OVER $1,500",08/11/2025 03:54:00 AM,DISTRACTION - FROM INSIDE VEHICLE,FAILING TO YIELD RIGHT-OF-WAY,6000,S,STONY ISLAND AVE,314,,,,,,,2,NO INDICATION OF INJURY,0,0,0,0,0,1,0,3,2,8,41.7860247351,-87.5867384664,POINT (-87.586738466448 41.786024735096)
2b79d5f39f56d4e38fa6ccde89a605d266397c4b347969fda55f6c39d62956b6b17be9213cb43e919a4b57749e51bc203e2e98ece1f1712980e53d3f4ac408cb,,08/11/2025 03:45:00 AM,30,NO CONTROLS,NO CONTROLS,CLEAR,"DARKNESS, LIGHTED ROAD",FIXED OBJECT,NOT DIVIDED,,STRAIGHT AND LEVEL,UNKNOWN,UNKNOWN,ON SCENE,INJURY AND / OR TOW DUE TO CRASH,,,,"OVER $1,500",08/11/2025 03:45:00 AM,UNDER THE INFLUENCE OF ALCOHOL/DRUGS (USE WHEN ARREST IS EFFECTED),NOT APPLICABLE,6830,S,HALSTED ST,723,,,,,,,1,NONINCAPACITATING INJURY,1,0,0,1,0,0,0,3,2,8,41.7697157251,-87.6446747093,POINT (-87.644674709259 41.769715725125)
3013af67849a10dea8091e0faac6b48030e2de73fc4207bbc8315b151e495448684608e33858f968fec9d7e10b198859da13bb8eeef1de1cb025ab19a1eacff4,,08/11/2025 03:05:00 AM,30,NO CONTROLS,NO CONTROLS,CLEAR,DARKNESS,PARKED MOTOR VEHICLE,NOT DIVIDED,,STRAIGHT AND LEVEL,DRY,NO DEFECTS,NOT ON SCENE (DESK REPORT),INJURY AND / OR TOW DUE TO CRASH,,,,"OVER $1,500",08/11/2025 03:12:00 AM,DRIVING SKILLS/KNOWLEDGE/EXPERIENCE,DRIVING SKILLS/KNOWLEDGE/EXPERIENCE,621,W,FULLERTON PKWY,1812,,,,,,,3,NO INDICATION OF INJURY,0,0,0,0,0,2,0,3,2,8,41.9254091991,-87.6447920817,POINT (-87.644792081741 41.925409199113)
4e07c6c1bd6984c074710979f401637e66133e1bb8d3c160a1bf8ea0596e05673029f022a0b6c417faf1d1d86f7558fbf4d83c6082e4cbd45500523826e03fd4,,08/11/2025 03:00:00 AM,30,TRAFFIC SIGNAL,FUNCTIONING PROPERLY,CLEAR,"DARKNESS, LIGHTED ROAD",REAR END,NOT DIVIDED,,STRAIGHT AND LEVEL,DRY,NO DEFECTS,NOT ON SCENE (DESK REPORT),NO INJURY / DRIVE AWAY,,,Y,"OVER $1,500",08/11/2025 04:00:00 PM,FOLLOWING TOO CLOSELY,UNABLE TO DETERMINE,1601,S,HOMAN AVE,1021,,,,,,,2,NO INDICATION OF INJURY,0,0,0,0,0,2,0,3,2,8,41.8589362584,-87.7101833013,POINT (-87.710183301343 41.858936258385)
40615383e8795e721bec238099d1537a58862f889a3fb8f0503a94311666cf5af62dac4802d45fcb65631d4625df7976b6d572f1aed86bc8cc9022fb58f515cb,,08/11/2025 02:55:00 AM,30,TRAFFIC SIGNAL,FUNCTIONING IMPROPERLY,CLEAR,"DARKNESS, LIGHTED ROAD",REAR END,DIVIDED - W/MEDIAN (NOT RAISED),,STRAIGHT AND LEVEL,DRY,NO DEFECTS,ON SCENE,INJURY AND / OR TOW DUE TO CRASH,,,,"OVER $1,500",08/11/2025 02:58:00 AM,FOLLOWING TOO CLOSELY,FOLLOWING TOO CLOSELY,3359,W,CHICAGO AVE,1121,,,,,,,2,NONINCAPACITATING INJURY,1,0,0,1,0,1,0,2,2,8,41.8953980715,-87.7112947982,POINT (-87.711294798165 41.895398071531)
c4ba3299596eeab6b3dd4a9549228e6a44c207a97955dfefec370c12c0d6bf67b72dc16bd603ddf89ebd2f689af20f09512597c39fdec81fd66eda8067edbe14,,08/11/2025 02:40:00 AM,30,NO CONTROLS,NO CONTROLS,CLEAR,DAYLIGHT,SIDESWIPE SAME DIRECTION,DIVIDED - W/MEDIAN (NOT RAISED),,STRAIGHT AND LEVEL,DRY,NO DEFECTS,NOT ON SCENE (DESK REPORT),NO INJURY / DRIVE AWAY,,,,"OVER $1,500",08/11/2025 11:00:00 PM,UNABLE TO DETERMINE,NOT APPLICABLE,4400,S,PULASKI RD,815,,,,,,,2,NO INDICATION OF INJURY,0,0,0,0,0,2,0,2,2,8,41.8132715982,-87.7239352143,POINT (-87.723935214329 41.813271598175)
8ea1b1959cb1dfea67b5a9815c0006edbc1a8ffe7db73323584d40dc0828c1acc23147fa436968d0fa1312dad2c0f2c24b23eea7714a3820acb161ddc540d52d,,08/11/2025 02:35:00 AM,30,NO CONTROLS,NO CONTROLS,CLEAR,"DARKNESS, LIGHTED ROAD",PARKED MOTOR VEHICLE,ONE-WAY,,STRAIGHT AND LEVEL,UNKNOWN,NO DEFECTS,ON SCENE,NO INJURY / DRIVE AWAY,,,Y,"OVER $1,500",08/11/2025 04:00:00 AM,UNABLE TO DETERMINE,NOT APPLICABLE,1032,N,RIDGEWAY AVE,1112,,,,,,,2,NO INDICATION OF INJURY,0,0,0,0,0,1,0,2,2,8,41.9000682211,-87.7202724021,POINT (-87.720272402111 41.900068221065)