CRASH_RECORD_ID,CRASH_DATE_EST_I,CRASH_DATE,POSTED_SPEED_LIMIT,TRAFFIC_CONTROL_DEVICE,DEVICE_CONDITION,WEATHER_CONDITION,LIGHTING_CONDITION,FIRST_CRASH_TYPE,TRAFFICWAY_TYPE,LANE_CNT,ALIGNMENT,ROADWAY_SURFACE_COND,ROAD_DEFECT,REPORT_TYPE,CRASH_TYPE,INTERSECTION_RELATED_I,NOT_RIGHT_OF_WAY_I,HIT_AND_RUN_I,DAMAGE,DATE_POLICE_NOTIFIED,PRIM_CONTRIBUTORY_CAUSE,SEC_CONTRIBUTORY_CAUSE,STREET_NO,STREET_DIRECTION,STREET_NAME,BEAT_OF_OCCURRENCE,PHOTOS_TAKEN_I,STATEMENTS_TAKEN_I,DOORING_I,WORK_ZONE_I,WORK_ZONE_TYPE,WORKERS_PRESENT_I,NUM_UNITS,MOST_SEVERE_INJURY,INJURIES_TOTAL,INJURIES_FATAL,INJURIES_INCAPACITATING,INJURIES_NON_INCAPACITATING,INJURIES_REPORTED_NOT_EVIDENT,INJURIES_NO_INDICATION,INJURIES_UNKNOWN,CRASH_HOUR,CRASH_DAY_OF_WEEK,CRASH_MONTH,LATITUDE,LONGITUDE,LOCATION
d17c47c824f8973ad75fcffa23acb5089fdd3bc5598c62b2fd5f2c62529d9b8fddb3c0ddb2928082943a8ce2c0c051487fb7c78b8835bd025e4030322d7b19cc,,08/11/2025 02:25:00 AM,30,NO CONTROLS,NO CONTROLS,CLEAR,"DARKNESS, LIGHTED ROAD",SIDESWIPE SAME DIRECTION,NOT DIVIDED,,STRAIGHT AND LEVEL,DRY,NO DEFECTS,ON SCENE,INJURY AND / OR TOW DUE TO CRASH,N,,,"OVER $1,500",08/11/2025 02:25:00 AM,DRIVING SKILLS/KNOWLEDGE/EXPERIENCE,DRIVING SKILLS/KNOWLEDGE/EXPERIENCE,4925,N,CENTRAL AVE,1623,,,,,,,2,NONINCAPACITATING INJURY,1,0,0,1,0,1,0,2,2,8,41.970295681,-87.7674118832,POINT (-87.767411883174 41.970295680968)
37eb377b2cc412bb2a86aeb1e64eab323edab97a2741e2c17109a40e93e7cda8c5dac2d4a18519e57b8cd87d90455be47c9c2ebed22ec8c50d075c1e95824b73,,08/11/2025 01:51:00 AM,30,NO CONTROLS,NO CONTROLS,CLEAR,"DARKNESS, LIGHTED ROAD",PARKED MOTOR VEHICLE,ONE-WAY,,STRAIGHT AND LEVEL,DRY,NO DEFECTS,ON SCENE,NO INJURY / DRIVE AWAY,,,Y,"OVER $1,500",08/11/2025 01:51:00 AM,UNABLE TO DETERMINE,NOT APPLICABLE,2509,N,RUTHERFORD AVE,2512,,,,,,,2,NO INDICATION OF INJURY,0,0,0,0,0,1,0,1,2,8,41.9257504915,-87.7939378093,POINT (-87.793937809335 41.925750491527)
9eb3d439a2ed120382dec10578875ed39c7e07ecdbab9d27ec42fbf3b4804bc0bf4790cfed66922ee1c87f0f8fac2127bc39943e37227ef6bb215b730f8983f6,,08/11/2025 01:47:00 AM,30,NO CONTROLS,NO CONTROLS,CLEAR,"DARKNESS, LIGHTED ROAD",REAR TO FRONT,NOT DIVIDED,,STRAIGHT AND LEVEL,DRY,NO DEFECTS,ON SCENE,NO INJURY / DRIVE AWAY,,,,"$501 - $1,500",08/11/2025 01:47:00 AM,NOT APPLICABLE,NOT APPLICABLE,1147,W,BALMORAL AVE,2023,,,,,,,2,NO INDICATION OF INJURY,0,0,0,0,0,2,0,1,2,8,41.9798627693,-87.6598628735,POINT (-87.659862873512 41.979862769317)
4a3a7309592d71b14a98b753837a539fd3a104ee7eb74b5b932f42c93742eae5f6595ca1f586df34012608f984f7b2cc202d4d02a83dfec3a3eae49cd48e96ef,,08/11/2025 01:14:00 AM,30,TRAFFIC SIGNAL,FUNCTIONING PROPERLY,CLEAR,"DARKNESS, LIGHTED ROAD",REAR END,NOT DIVIDED,,STRAIGHT AND LEVEL,DRY,NO DEFECTS,ON SCENE,NO INJURY / DRIVE AWAY,Y,,Y,"$501 - $1,500",08/11/2025 01:25:00 AM,UNABLE TO DETERMINE,UNABLE TO DETERMINE,2200,W,DEVON AVE,2412,,,,,,,2,NO INDICATION OF INJURY,0,0,0,0,0,3,0,1,2,8,41.9979215809,-87.6850747999,POINT (-87.685074799889 41.997921580923)
e348df21e7ef275bf1374c68d51cc0c2d664f6d370a64376667f6ca7ffb17858c3012fc25292c2616ecc4dfe9cea822540261ba3b5ed8e1b5b8e7afa517ea50a,,08/11/2025 01:06:00 AM,30,NO CONTROLS,NO CONTROLS,UNKNOWN,"DARKNESS, LIGHTED ROAD",PARKED MOTOR VEHICLE,FOUR WAY,,STRAIGHT AND LEVEL,UNKNOWN,NO DEFECTS,ON SCENE,INJURY AND / OR TOW DUE TO CRASH,,,Y,"OVER $1,500",08/11/2025 02:32:00 PM,FOLLOWING TOO CLOSELY,NOT APPLICABLE,916,E,76TH ST,624,,,,,,,2,NO INDICATION OF INJURY,0,0,0,0,0,1,0,1,2,8,41.7569034294,-87.602162407,POINT (-87.602162407034 41.75690342936)
c8c6fef29cbac509eb95f83c85d4ae113960cb625f228dd0d30a4645d490166d166cdb4717106fe00d4cb1a324ece3f7bc6361832e92ef53875597c4a7c7e1fe,,08/11/2025 12:48:00 AM,30,NO CONTROLS,NO CONTROLS,CLEAR,"DARKNESS, LIGHTED ROAD",HEAD ON,DIVIDED - W/MEDIAN BARRIER,,STRAIGHT AND LEVEL,DRY,NO DEFECTS,,INJURY AND / OR TOW DUE TO CRASH,,,,"OVER $1,500",08/11/2025 01:14:00 AM,DRIVING ON WRONG SIDE/WRONG WAY,UNDER THE INFLUENCE OF ALCOHOL/DRUGS (USE WHEN ARREST IS EFFECTED),2567,E,130TH ST,434,,,,,,,2,INCAPACITATING INJURY,2,0,1,1,0,0,0,0,2,8,41.6590536699,-87.5611404133,POINT (-87.561140413257 41.659053669851)
2f7a0debbf6044030695a0d7f3d6e90e814345fc76fb2eec5cccbe33f05592c54c7bcb0844ac3fff33e3b0baf07e691127dddec5ace7b43a8b30d08779c774a2,,08/11/2025 12:33:00 AM,25,UNKNOWN,UNKNOWN,CLEAR,DARKNESS,SIDESWIPE SAME DIRECTION,NOT DIVIDED,,STRAIGHT AND LEVEL,DRY,UNKNOWN,ON SCENE,NO INJURY / DRIVE AWAY,Y,,,"OVER $1,500",08/11/2025 12:35:00 AM,UNABLE TO DETERMINE,NOT APPLICABLE,526,N,WABASH AVE,1834,,,,,,,2,NO INDICATION OF INJURY,0,0,0,0,0,2,0,0,2,8,41.8916444421,-87.6268635406,POINT (-87.626863540571 41.891644442098)
97dc546cf3cb051db2f1d9e1e093ec680d972f4ebe384409b1c31d6b2b420546a3b89264a05a87d538b40dab59d1250a058ebeede3d3f77ac998930fc963878e,,08/11/2025 12:27:00 AM,30,TRAFFIC SIGNAL,FUNCTIONING PROPERLY,CLEAR,"DARKNESS, LIGHTED ROAD",REAR END,DIVIDED - W/MEDIAN BARRIER,,STRAIGHT AND LEVEL,DRY,UNKNOWN,,INJURY AND / OR TOW DUE TO CRASH,,,Y,"OVER $1,500",08/11/2025 12:27:00 AM,UNABLE TO DETERMINE,UNABLE TO DETERMINE,1600,E,103RD ST,431,,,,,,,2,"REPORTED, NOT EVIDENT",2,0,0,0,2,1,0,0,2,8,41.7078998865,-87.5848228888,POINT (-87.584822888781 41.707899886453)
bed700748a0cd46e88507fc08f54f41d2ccec1b52cb1cd3b2ac2d7d30f52e032b79a1c289799924780e0c7c782cee03414f22c678f82d5468c34aa7442ffe2dc,,08/11/2025 12:24:00 AM,45,NO CONTROLS,NO CONTROLS,CLEAR,"DARKNESS, LIGHTED ROAD",SIDESWIPE SAME DIRECTION,DIVIDED - W/MEDIAN BARRIER,,STRAIGHT AND LEVEL,DRY,NO DEFECTS,ON SCENE,INJURY AND / OR TOW DUE TO CRASH,,,Y,"OVER $1,500",08/11/2025 12:24:00 AM,UNABLE TO DETERMINE,NOT APPLICABLE,3100,S,LAKE SHORE DR NB,211,,,,,,,2,NONINCAPACITATING INJURY,1,0,0,1,0,2,0,0,2,8,41.8383932992,-87.6087495204,POINT (-87.608749520406 41.838393299151)
a6217b9e0ff63e5bf86e6c0a4762ca9d3bcdbd7721606bef1762311e3d3bee86060e3b72ff41800a1868e2c372f372044a64dccc7c0c8c067af21de936fd6f11,Y,08/11/2025 12:10:00 AM,30,STOP SIGN/FLASHER,UNKNOWN,CLEAR,DARKNESS,PARKED MOTOR VEHICLE,NOT DIVIDED,,STRAIGHT AND LEVEL,DRY,NO DEFECTS,ON SCENE,INJURY AND / OR TOW DUE TO CRASH,Y,,,"OVER $1,500",08/11/2025 12:18:00 AM,FOLLOWING TOO CLOSELY,FOLLOWING TOO CLOSELY,8355,S,SEELEY AVE,614,,,,,,,3,NO INDICATION OF INJURY,0,0,0,0,0,1,0,0,2,8,41.7413118886,-87.6739920304,POINT (-87.673992030378 41.741311888633)
2959653d08721d4559358932dc9e911a55b4c8c698a965b5eec14ad3be15068dd48082d5aa89536bb655b1ddfad49d7174ce85b27b9c2d0c345b872262e78caf,,08/11/2025 12:06:00 AM,30,NO CONTROLS,NO CONTROLS,CLEAR,"DARKNESS, LIGHTED ROAD",REAR END,ONE-WAY,,STRAIGHT AND LEVEL,DRY,NO DEFECTS,ON SCENE,INJURY AND / OR TOW DUE TO CRASH,,,Y,"$501 - $1,500",08/11/2025 12:24:00 AM,UNABLE TO DETERMINE,NOT APPLICABLE,1252,S,RUBLE ST,124,,,,,,,2,NONINCAPACITATING INJURY,2,0,0,2,0,3,0,0,2,8,41.8656431405,-87.6441819426,POINT (-87.64418194263 41.865643140514)
b5977c38cb591a8390bb21149907ed2b9b83783f6fde53481c6a3e52368cc6faf9605c220130d11b745cade39b9329c9665a41dba72b3d8f400e0cbbb914169d,,08/10/2025 11:53:00 PM,30,NO CONTROLS,NO CONTROLS,CLEAR,"DARKNESS, LIGHTED ROAD",SIDESWIPE SAME DIRECTION,NOT DIVIDED,,STRAIGHT AND LEVEL,DRY,NO DEFECTS,NOT ON SCENE (DESK REPORT),NO INJURY / DRIVE AWAY,,,,"$501 - $1,500",08/13/2025 07:15:00 PM,IMPROPER OVERTAKING/PASSING,NOT APPLICABLE,2940,N,SHERIDAN RD,1934,,,,,,,2,NO INDICATION OF INJURY,0,0,0,0,0,4,0,23,1,8,41.9355297107,-87.6395432247,POINT (-87.639543224703 41.935529710737)
ddf0a68be8cddd3f779c9ca2f4648ce6c347205809cb182312b4f2e4f5cb04c8109fe508bff893eb1eb1d1ef80675b39ff49b95c4735b320dbebe817ea7403a9,,08/10/2025 11:53:00 PM,30,UNKNOWN,UNKNOWN,CLEAR,"DARKNESS, LIGHTED ROAD",REAR END,DIVIDED - W/MEDIAN (NOT RAISED),,STRAIGHT AND LEVEL,DRY,UNKNOWN,NOT ON SCENE (DESK REPORT),INJURY AND / OR TOW DUE TO CRASH,,,Y,"OVER $1,500",08/11/2025 01:04:00 AM,NOT APPLICABLE,NOT APPLICABLE,8200,S,LAKE SHORE DR,422,,,,,,,2,"REPORTED, NOT EVIDENT",1,0,0,0,1,1,0,23,1,8,41.74652266,-87.5406586982,POINT (-87.540658698156 41.746522660031)
22d8caae42bef2cc333bf646548231caee9d7f3e8a31cdd5ff3fc54bc80850a6058add3aa333f0c488764d777e2d79b86f7b8812c14a8d9ba509a011e6c0de5e,,08/10/2025 11:42:00 PM,30,NO CONTROLS,NO CONTROLS,CLEAR,"DARKNESS, LIGHTED ROAD",TURNING,NOT DIVIDED,,STRAIGHT AND LEVEL,DRY,NO DEFECTS,ON SCENE,NO INJURY / DRIVE AWAY,Y,,Y,"OVER $1,500",08/10/2025 11:48:00 PM,UNABLE TO DETERMINE,UNABLE TO DETERMINE,1200,E,71ST ST,321,,,,,,,2,NO INDICATION OF INJURY,0,0,0,0,0,3,0,23,1,8,41.7660124521,-87.5958409183,POINT (-87.595840918275 41.766012452065)
95666fe6e2d0ebf580a741caf2f64ae4c9985d3951daebee86ad5f651f6b223efa3ee3aa447109366fa93c3584f3f3ddff041f3cecb757d3a733d1445f25d616,,08/10/2025 11:30:00 PM,25,UNKNOWN,UNKNOWN,UNKNOWN,UNKNOWN,OTHER OBJECT,PARKING LOT,,STRAIGHT AND LEVEL,UNKNOWN,UNKNOWN,NOT ON SCENE (DESK REPORT),NO INJURY / DRIVE AWAY,,,,"OVER $1,500",08/19/2025 04:05:00 PM,NOT APPLICABLE,NOT APPLICABLE,2300,N,COMMONWEALTH AVE,1814,,,,,,,1,NO INDICATION OF INJURY,0,0,0,0,0,1,0,23,1,8,41.9238816707,-87.6382028662,POINT (-87.638202866169 41.923881670702)
3b4e54b89e0d02d6982f7a06967cc29fbc3d36ba4c43a359da776df362b1de6b1a95a617af842f5091076fcd203320c66455ece51da2270afdb4d8713c8290e5,Y,08/10/2025 11:15:00 PM,15,NO CONTROLS,UNKNOWN,UNKNOWN,DARKNESS,PARKED MOTOR VEHICLE,NOT DIVIDED,,STRAIGHT AND LEVEL,DRY,UNKNOWN,NOT ON SCENE (DESK REPORT),NO INJURY / DRIVE AWAY,,,Y,"OVER $1,500",08/12/2025 05:40:00 PM,UNABLE TO DETERMINE,NOT APPLICABLE,13320,S,MACKINAW AVE,433,,,,,,,2,NO INDICATION OF INJURY,0,0,0,0,0,1,0,23,1,8,41.6530152491,-87.5424504134,POINT (-87.542450413403 41.653015249087)
75feef5956235c443f0d0931acb48f3d9f9ef9211b2957c9d41e02b1eb0bd3b1b3f24ff8ec97000eacc16cb91a7949433cd1561e3089024614b226d614ebda93,,08/10/2025 11:15:00 PM,30,NO CONTROLS,FUNCTIONING PROPERLY,CLEAR,"DARKNESS, LIGHTED ROAD",SIDESWIPE SAME DIRECTION,FOUR WAY,,STRAIGHT AND LEVEL,DRY,NO DEFECTS,NOT ON SCENE (DESK REPORT),NO INJURY / DRIVE AWAY,Y,,,"OVER $1,500",08/11/2025 12:30:00 AM,FAILING TO REDUCE SPEED TO AVOID CRASH,NOT APPLICABLE,958,W,MARQUETTE RD,723,,,,,,,2,NO INDICATION OF INJURY,0,0,0,0,0,5,0,23,1,8,41.7725151109,-87.6493965763,POINT (-87.649396576257 41.772515110893)
02a6ef0103572e6a52deebd2399da01d2325a1ce483d52654263c380a519692cb62697299adbfd54363a1d77e6c0cb760322d3e6d4b4d7be5c95738c4346d7b8,,08/10/2025 11:00:00 PM,10,NO CONTROLS,NO CONTROLS,CLEAR,DARKNESS,PARKED MOTOR VEHICLE,PARKING LOT,,STRAIGHT AND LEVEL,DRY,NO DEFECTS,NOT ON SCENE (DESK REPORT),NO INJURY / DRIVE AWAY,,,Y,"OVER $1,500",08/11/2025 09:45:00 AM,UNABLE TO DETERMINE,NOT APPLICABLE,3036,W,MONTROSE AVE,1724,,,,,,,2,NO INDICATION OF INJURY,0,0,0,0,0,1,0,23,1,8,41.9613204581,-87.7048812765,POINT (-87.704881276465 41.961320458148)
a0520964de74d74b202cf0843b0426580ec85483787f207851ddfae94d65fa9603dac9c7a538ea73ea94ad6b8b3c794d54fa4e6bd13a44cbcdf5c2be0a67513e,,08/10/2025 11:00:00 PM,30,NO CONTROLS,NO CONTROLS,CLEAR,DARKNESS,PARKED MOTOR VEHICLE,NOT DIVIDED,,STRAIGHT AND LEVEL,DRY,NO DEFECTS,NOT ON SCENE (DESK REPORT),NO INJURY / DRIVE AWAY,,,Y,"$501 - $1,500",08/11/2025 08:36:00 PM,NOT APPLICABLE,NOT APPLICABLE,5214,S,ARCHER AVE,815,,,,,,,2,NO INDICATION OF INJURY,0,0,0,0,0,1,0,23,1,8,41.8000029668,-87.7351692687,POINT (-87.735169268656 41.800002966778)
d83b9530c13f8de021045831d539bdf2fe0cad2763b49f3c81a257a6d17c9bb7da242a9e8ecbb19a9f70b3217b6e3d91d768b2dbfc4c8624d7f539d3bcd15c81,,08/10/2025 11:00:00 PM,30,NO CONTROLS,NO CONTROLS,CLEAR,DARKNESS,PARKED MOTOR VEHICLE,NOT DIVIDED,,STRAIGHT AND LEVEL,DRY,NO DEFECTS,NOT ON SCENE (DESK REPORT),NO INJURY / DRIVE AWAY,,,Y,"$501 - $1,500",08/12/2025 08:40:00 AM,UNABLE TO DETERMINE,UNABLE TO DETERMINE,1011,W,16TH ST,1235,,,,,,,2,NO INDICATION OF INJURY,0,0,0,0,0,1,0,23,1,8,41.8597338854,-87.651420485,POINT (-87.651420484993 41.859733885352)
fb0407edf3ba1cf48affc48ad08a5b620948cf47965265f81bf2db579f44aa03ded10f48de0c85ec101c1684dea575e5757cf49df8163f1ee45bef1322a68285,,08/10/2025 10:54:00 PM,30,UNKNOWN,UNKNOWN,UNKNOWN,DARKNESS,SIDESWIPE SAME DIRECTION,NOT DIVIDED,,STRAIGHT AND LEVEL,UNKNOWN,UNKNOWN,NOT ON SCENE (DESK REPORT),INJURY AND / OR TOW DUE TO CRASH,,,Y,"OVER $1,500",08/11/2025 07:50:00 PM,IMPROPER LANE USAGE,UNABLE TO DETERMINE,2001,N,CLARK ST,1814,,,,,,,2,NO INDICATION OF INJURY,0,0,0,0,0,2,0,22,1,8,41.9185407691,-87.6359971818,POINT (-87.635997181801 41.918540769064)
71ed04447f577a9a648b508adab522d1100803bfff706c271794a28761bf99de7945772327373dc28b22eef90d12e952a4e67799192f7113765dadcba4352ecb,,08/10/2025 10:50:00 PM,30,OTHER REG. SIGN,FUNCTIONING PROPERLY,CLEAR,"DARKNESS, LIGHTED ROAD",PARKED MOTOR VEHICLE,ONE-WAY,,STRAIGHT AND LEVEL,DRY,NO DEFECTS,ON SCENE,INJURY AND / OR TOW DUE TO CRASH,,Y,,"$501 - $1,500",08/10/2025 11:04:00 PM,HAD BEEN DRINKING (USE WHEN ARREST IS NOT MADE),UNDER THE INFLUENCE OF ALCOHOL/DRUGS (USE WHEN ARREST IS EFFECTED),6130,W,WELLINGTON AVE,2511,,,,,,,2,NO INDICATION OF INJURY,0,0,0,0,0,1,0,22,1,8,41.9348534845,-87.7797989598,POINT (-87.779798959796 41.934853484453)
3230ffe63e69e132b33604b5304859d4bb658e7549af725c9b01bc8ea83a8028e4b9ceef250e2c99376917d534f342e1eb492316381ca9908aadc0889b531a97,,08/10/2025 10:49:00 PM,30,UNKNOWN,UNKNOWN,CLEAR,"DARKNESS, LIGHTED ROAD",PARKED MOTOR VEHICLE,NOT DIVIDED,,STRAIGHT AND LEVEL,DRY,UNKNOWN,ON SCENE,INJURY AND / OR TOW DUE TO CRASH,,,,"OVER $1,500",08/10/2025 10:49:00 PM,UNABLE TO DETERMINE,UNABLE TO DETERMINE,1351,W,107TH ST,2234,,,,,,,2,NO INDICATION OF INJURY,0,0,0,0,0,1,0,22,1,8,41.6993700983,-87.6566533367,POINT (-87.656653336663 41.699370098254)
1d1c08d1a76bce403507e3798248d75e1221cec4a9a75e0324ba8f855950bd11f48bb2ec14135de04378ac160af51f423ae2439d5fb9c82377908eed3f7e729c,,08/10/2025 10:45:00 PM,30,NO CONTROLS,NO CONTROLS,CLEAR,"DARKNESS, LIGHTED ROAD",SIDESWIPE SAME DIRECTION,NOT DIVIDED,,STRAIGHT AND LEVEL,UNKNOWN,UNKNOWN,ON SCENE,INJURY AND / OR TOW DUE TO CRASH,,,Y,"OVER $1,500",08/10/2025 11:00:00 PM,IMPROPER LANE USAGE,NOT APPLICABLE,6357,W,DIVERSEY AVE,2512,,,,,,,2,NO INDICATION OF INJURY,0,0,0,0,0,2,0,22,1,8,41.9308939851,-87.7855474062,POINT (-87.785547406163 41.930893985065)
b97525e0577dfada4871bfa139693d4ddb1a0d0fde15a71afdff456b494a2f1cc24029a4f0b2f372d5f36f2022da39715d87be99123fb604bacaff465c4ebfcf,,08/10/2025 10:16:00 PM,30,NO CONTROLS,NO CONTROLS,CLEAR,"DARKNESS, LIGHTED ROAD",REAR END,DIVIDED - W/MEDIAN BARRIER,,STRAIGHT AND LEVEL,DRY,NO DEFECTS,NOT ON SCENE (DESK REPORT),NO INJURY / DRIVE AWAY,,,Y,"OVER $1,500",08/10/2025 10:58:00 PM,IMPROPER OVERTAKING/PASSING,UNABLE TO DETERMINE,2400,N,LAKE SHORE DR NB,1935,,,,,,,2,NO INDICATION OF INJURY,0,0,0,0,0,3,0,22,1,8,41.9261607198,-87.6315146648,POINT (-87.631514664826 41.926160719812)
14e1e3446e26fbffd5c7969f472998e68d08db9e2b200dbcdfa35f9ffe01d0071250324cb050a55970439f6717503a1574acc47445f0d6689302e3c9ae3c64be,,08/10/2025 10:15:00 PM,30,NO CONTROLS,NO CONTROLS,CLEAR,"DARKNESS, LIGHTED ROAD",ANGLE,DIVIDED - W/MEDIAN (NOT RAISED),,STRAIGHT AND LEVEL,DRY,NO DEFECTS,NOT ON SCENE (DESK REPORT),NO INJURY / DRIVE AWAY,,,Y,"OVER $1,500",08/10/2025 11:30:00 PM,IMPROPER OVERTAKING/PASSING,NOT APPLICABLE,2753,N,HARLEM AVE,2512,,,,,,,2,NO INDICATION OF INJURY,0,0,0,0,0,2,0,22,1,8,41.9305781932,-87.806339093,POINT (-87.806339093029 41.930578193234)
49b239e945dfd68206e35aa70190d25eacc587531f29f2610496c11973ef62943333d85a9834825e301792dfe3bf47a75fcfa1b714eb66c9ed2e16e7687d2c64,,08/10/2025 10:00:00 PM,30,TRAFFIC SIGNAL,FUNCTIONING PROPERLY,CLEAR,"DARKNESS, LIGHTED ROAD",TURNING,OTHER,,STRAIGHT AND LEVEL,DRY,NO DEFECTS,ON SCENE,NO INJURY / DRIVE AWAY,Y,,,"OVER $1,500",08/10/2025 10:30:00 PM,"VISION OBSCURED (SIGNS, TREE LIMBS, BUILDINGS, ETC.)",NOT APPLICABLE,8700,S,STATE ST,632,,,,,,,2,NO INDICATION OF INJURY,0,0,0,0,0,2,0,22,1,8,41.7362094694,-87.6243055191,POINT (-87.624305519124 41.736209469449)
4c95fca515447fb6828e921cdc77c56e859a5696927d1211771849c8c5aebad0029ff131ea5748c14ca15d49e0d792cf18426cec80b379264753643a77b06b4f,,08/10/2025 10:00:00 PM,30,NO CONTROLS,NO CONTROLS,CLEAR,"DARKNESS, LIGHTED ROAD",PEDESTRIAN,NOT DIVIDED,,STRAIGHT AND LEVEL,DRY,NO DEFECTS,ON SCENE,INJURY AND / OR TOW DUE TO CRASH,,,Y,"OVER $1,500",08/10/2025 10:08:00 PM,FAILING TO YIELD RIGHT-OF-WAY,"OPERATING VEHICLE IN ERRATIC, RECKLESS, CARELESS, NEGLIGENT OR AGGRESSIVE MANNER",2100,W,DEVON AVE,2412,,,,,,,2,"REPORTED, NOT EVIDENT",1,0,0,0,1,1,0,22,1,8,41.997962721,-87.6826376371,POINT (-87.682637637121 41.997962721021)
68b3447fa08c6d3b17335f72a575e86ca130eefbad5b90d46b9c8ac4d6d496ad4858f39bdef1984e4efc9808ee50dd22ccf09bfa79d90b3cabdb71d92ebf8462,,08/10/2025 10:00:00 PM,10,NO CONTROLS,NO CONTROLS,CLEAR,"DARKNESS, LIGHTED ROAD",PARKED MOTOR VEHICLE,NOT DIVIDED,,STRAIGHT AND LEVEL,DRY,NO DEFECTS,NOT ON SCENE (DESK REPORT),INJURY AND / OR TOW DUE TO CRASH,,,Y,"OVER $1,500",08/10/2025 10:23:00 PM,UNABLE TO DETERMINE,NOT APPLICABLE,3913,W,56TH PL,822,,,,,,,2,NO INDICATION OF INJURY,0,0,0,0,0,1,0,22,1,8,41.7904065641,-87.7212086542,POINT (-87.721208654153 41.790406564075)
6998030bff85b0fa1dedbcf0ccbe6c17db70935f7c23e6e8c2ecaed47a82e8aa596c8ae274e6e3e3ac3243dff7d2d0a34acc09c9bafd379cadd321a325b01638,,08/10/2025 10:00:00 PM,30,TRAFFIC SIGNAL,FUNCTIONING PROPERLY,CLEAR,"DARKNESS, LIGHTED ROAD",REAR END,NOT DIVIDED,,STRAIGHT AND LEVEL,DRY,NO DEFECTS,ON SCENE,NO INJURY / DRIVE AWAY,,,Y,"OVER $1,500",08/10/2025 10:36:00 PM,FAILING TO REDUCE SPEED TO AVOID CRASH,NOT APPLICABLE,2345,N,LINCOLN AVE,1812,,,,,,,2,NO INDICATION OF INJURY,0,0,0,0,0,3,0,22,1,8,41.9247412088,-87.6475634736,POINT (-87.647563473603 41.924741208756)
d53fc58874992f49cabce6b2940b6f1978973b5ed71a66d8a61ceb544b675db5f2a4b8c1b78ab8c9d1b927f56e3eace07bbb6d4f7f5070941290215f42d4418b,,08/10/2025 10:00:00 PM,30,NO CONTROLS,NO CONTROLS,CLEAR,"DARKNESS, LIGHTED ROAD",REAR END,DIVIDED - W/MEDIAN (NOT RAISED),,STRAIGHT AND LEVEL,UNKNOWN,UNKNOWN,NOT ON SCENE (DESK REPORT),NO INJURY / DRIVE AWAY,N,,,"OVER $1,500",08/10/2025 11:50:00 PM,UNABLE TO DETERMINE,UNABLE TO DETERMINE,522,N,RUSH ST,1834,,Y,,,,,2,NO INDICATION OF INJURY,0,0,0,0,0,2,0,22,1,8,41.8916732355,-87.6255185264,POINT (-87.625518526412 41.891673235519)
eb7cc65857d375d542a7376f51c8a337c5d94341217a8ac3516c12680a9d3916d4ccbba9c381a8059abbffd6306e1469be18fd67924f406aadba4cd16082ec61,,08/10/2025 09:53:00 PM,30,PEDESTRIAN CROSSING SIGN,FUNCTIONING PROPERLY,UNKNOWN,"DARKNESS, LIGHTED ROAD",REAR END,FOUR WAY,,STRAIGHT AND LEVEL,UNKNOWN,UNKNOWN,NOT ON SCENE (DESK REPORT),INJURY AND / OR TOW DUE TO CRASH,,,Y,"OVER $1,500",08/10/2025 11:15:00 PM,UNABLE TO DETERMINE,UNABLE TO DETERMINE,3738,W,BELMONT AVE,1732,,,,,,,2,"REPORTED, NOT EVIDENT",1,0,0,0,1,1,0,21,1,8,41.9392748876,-87.7213836851,POINT (-87.721383685052 41.939274887589)
512d568989cfc1a0f298ed0c8dfaa0364947dcf55ab567fb4d545dda1d969a3c15321e6ccf7116643089ad39c802ddc8b26bb933c25ea1fc777729e6a128f8eb,,08/10/2025 09:48:00 PM,20,STOP SIGN/FLASHER,UNKNOWN,CLEAR,"DARKNESS, LIGHTED ROAD",ANGLE,FOUR WAY,,STRAIGHT AND LEVEL,DRY,NO DEFECTS,ON SCENE,INJURY AND / OR TOW DUE TO CRASH,,,Y,"OVER $1,500",08/10/2025 09:49:00 PM,UNABLE TO DETERMINE,NOT APPLICABLE,2898,N,CENTRAL AVE,2514,,,,,,,2,NO INDICATION OF INJURY,0,0,0,0,0,2,0,21,1,8,41.9330064594,-87.7664537507,POINT (-87.766453750733 41.93300645939)
a6213e664d3aa92011f87c55a095c7dc046c01fa4b7cc73839428944685f09f58d20e57f1f0fdb816df174379e43657e2aafb6927e977a58c941cb0bf03560fe,,08/10/2025 09:42:00 PM,30,STOP SIGN/FLASHER,FUNCTIONING PROPERLY,CLEAR,"DARKNESS, LIGHTED ROAD",ANGLE,FOUR WAY,,STRAIGHT AND LEVEL,DRY,NO DEFECTS,ON SCENE,INJURY AND / OR TOW DUE TO CRASH,Y,,Y,"OVER $1,500",08/10/2025 09:56:00 PM,DISREGARDING STOP SIGN,FAILING TO REDUCE SPEED TO AVOID CRASH,5800,S,MICHIGAN AVE,232,,,,,,,3,INCAPACITATING INJURY,2,0,1,1,0,3,0,21,1,8,41.7891477191,-87.6224723614,POINT (-87.622472361425 41.789147719083)
fc09153bc7fd475c5271e92ec43e75b029602d41788c1238f7cf13f6441b6999c8a5bccc1f11e0f19d03730e4fd3bf5c40420074a0a1c074f3dc911c3d5ddf67,,08/10/2025 09:42:00 PM,30,NO CONTROLS,NO CONTROLS,CLEAR,DARKNESS,SIDESWIPE SAME DIRECTION,FOUR WAY,,STRAIGHT AND LEVEL,UNKNOWN,UNKNOWN,ON SCENE,NO INJURY / DRIVE AWAY,Y,,Y,"OVER $1,500",08/10/2025 09:43:00 PM,FAILING TO YIELD RIGHT-OF-WAY,NOT APPLICABLE,4701,W,LAKE ST,1113,,,,,,,2,NO INDICATION OF INJURY,0,0,0,0,0,3,0,21,1,8,41.8863562324,-87.7431704228,POINT (-87.743170422752 41.886356232378)