CRASH_RECORD_ID,CRASH_DATE_EST_I,CRASH_DATE,POSTED_SPEED_LIMIT,TRAFFIC_CONTROL_DEVICE,DEVICE_CONDITION,WEATHER_CONDITION,LIGHTING_CONDITION,FIRST_CRASH_TYPE,TRAFFICWAY_TYPE,LANE_CNT,ALIGNMENT,ROADWAY_SURFACE_COND,ROAD_DEFECT,REPORT_TYPE,CRASH_TYPE,INTERSECTION_RELATED_I,NOT_RIGHT_OF_WAY_I,HIT_AND_RUN_I,DAMAGE,DATE_POLICE_NOTIFIED,PRIM_CONTRIBUTORY_CAUSE,SEC_CONTRIBUTORY_CAUSE,STREET_NO,STREET_DIRECTION,STREET_NAME,BEAT_OF_OCCURRENCE,PHOTOS_TAKEN_I,STATEMENTS_TAKEN_I,DOORING_I,WORK_ZONE_I,WORK_ZONE_TYPE,WORKERS_PRESENT_I,NUM_UNITS,MOST_SEVERE_INJURY,INJURIES_TOTAL,INJURIES_FATAL,INJURIES_INCAPACITATING,INJURIES_NON_INCAPACITATING,INJURIES_REPORTED_NOT_EVIDENT,INJURIES_NO_INDICATION,INJURIES_UNKNOWN,CRASH_HOUR,CRASH_DAY_OF_WEEK,CRASH_MONTH,LATITUDE,LONGITUDE,LOCATION
caa10eba73ad1b74b24b9ced3cc6e388b01922c8f8910bb37cc738379b801007a0fc9ae8fc2f8728243240a795a43a8b4a5fb630bcb48655caa375c8a6a4f541,,08/10/2025 09:37:00 PM,25,TRAFFIC SIGNAL,FUNCTIONING PROPERLY,CLEAR,"DARKNESS, LIGHTED ROAD",ANGLE,FOUR WAY,,STRAIGHT AND LEVEL,DRY,NO DEFECTS,ON SCENE,INJURY AND / OR TOW DUE TO CRASH,,,,$500 OR LESS,08/10/2025 09:37:00 PM,DISREGARDING TRAFFIC SIGNALS,NOT APPLICABLE,5459,S,WELLS ST,935,,,,,,,2,NONINCAPACITATING INJURY,2,0,0,2,0,2,0,21,1,8,41.7945610058,-87.6316351113,POINT (-87.631635111252 41.794561005835)
b6c1a7aeffaad6ca5ceed7e3e78f19f0ddf7992d7b8f564312017a75489c88d511c6461cc3fba61ea9b55d080c5a59f17703f7c3b3cb1423fbeec8d444c5e54a,,08/10/2025 09:15:00 PM,30,TRAFFIC SIGNAL,FUNCTIONING PROPERLY,CLEAR,DAYLIGHT,REAR END,NOT DIVIDED,,STRAIGHT AND LEVEL,DRY,NO DEFECTS,NOT ON SCENE (DESK REPORT),NO INJURY / DRIVE AWAY,,,Y,"$501 - $1,500",08/13/2025 10:30:00 AM,FOLLOWING TOO CLOSELY,FOLLOWING TOO CLOSELY,3130,W,TOUHY AVE,2411,,,,,,,2,NO INDICATION OF INJURY,0,0,0,0,0,2,0,21,1,8,42.0119922454,-87.707979816,POINT (-87.707979815981 42.011992245354)
b020512bbf51f66d1ceebc8f6347e5fbabcf97dbdfc45a018ba7f18be8976729d5a98d60a518b2d084c7b4b589f41e6bb04cea9d6308d1672cc0c858e77a59d0,,08/10/2025 09:10:00 PM,30,TRAFFIC SIGNAL,FUNCTIONING PROPERLY,CLEAR,"DARKNESS, LIGHTED ROAD",REAR END,NOT DIVIDED,,STRAIGHT AND LEVEL,DRY,UNKNOWN,NOT ON SCENE (DESK REPORT),NO INJURY / DRIVE AWAY,Y,,,"OVER $1,500",08/10/2025 09:15:00 PM,UNABLE TO DETERMINE,NOT APPLICABLE,2200,W,103RD ST,2213,,,,,,,3,NO INDICATION OF INJURY,0,0,0,0,0,4,0,21,1,8,41.7065613277,-87.676851327,POINT (-87.67685132698 41.706561327738)
5ec3e7b78f4338f7aed5e392b8b369256fda631e1336ec28013fb12ff526278306ca94538d2a3c80c8022a0cba1e47a77ee9b4121d01ec82375bf571dc5cc964,,08/10/2025 09:00:00 PM,30,NO CONTROLS,NO CONTROLS,CLEAR,"DARKNESS, LIGHTED ROAD",REAR END,DIVIDED - W/MEDIAN (NOT RAISED),,STRAIGHT AND LEVEL,DRY,NO DEFECTS,NOT ON SCENE (DESK REPORT),NO INJURY / DRIVE AWAY,,,Y,"$501 - $1,500",08/10/2025 09:30:00 PM,FOLLOWING TOO CLOSELY,NOT APPLICABLE,1450,N,CICERO AVE,2533,,,,,,,2,NO INDICATION OF INJURY,0,0,0,0,0,2,0,21,1,8,41.9074881596,-87.7462048864,POINT (-87.746204886363 41.907488159553)
c192100f796c81be595bc0e91d9ce96abb3358bb1e1c1c99dd910c252e2a80be5052a03b5d5635f2ed9080488ab34f0f1fe0c82f842edd8847e80fafa53c1f57,,08/10/2025 09:00:00 PM,30,NO CONTROLS,NO CONTROLS,CLEAR,"DARKNESS, LIGHTED ROAD",PARKED MOTOR VEHICLE,NOT DIVIDED,,STRAIGHT AND LEVEL,DRY,NO DEFECTS,,NO INJURY / DRIVE AWAY,,,Y,"OVER $1,500",08/10/2025 11:12:00 PM,DRIVING SKILLS/KNOWLEDGE/EXPERIENCE,UNABLE TO DETERMINE,5989,N,NINA AVE,1612,,,,,,,2,NO INDICATION OF INJURY,0,0,0,0,0,1,0,21,1,8,41.9900207963,-87.800576914,POINT (-87.800576913958 41.990020796308)
24367c9ae10d73b424334a22e028fd2ca9361914ceae3d1d960068abd8245a4ae746a225498f1802e583cb86a33509b771adf7be146bf75d3f96e81b345e3752,,08/10/2025 08:50:00 PM,30,NO CONTROLS,NO CONTROLS,CLEAR,"DARKNESS, LIGHTED ROAD",ANGLE,NOT DIVIDED,,STRAIGHT AND LEVEL,DRY,NO DEFECTS,,NO INJURY / DRIVE AWAY,,,,"OVER $1,500",08/10/2025 09:30:00 PM,FAILING TO YIELD RIGHT-OF-WAY,UNABLE TO DETERMINE,2713,N,KENMORE AVE,1935,,,,,,,2,NO INDICATION OF INJURY,0,0,0,0,0,2,0,20,1,8,41.9304224637,-87.6549610734,POINT (-87.654961073359 41.930422463733)
4b560f09b3d12739f22a0bcbab0193a5b8dc67779300cb5ed91dbc46b970e65dac963e0c7bbe3a9449103a1d14f0ab31850c6caee832fc049f05fd314f5d44e7,,08/10/2025 08:48:00 PM,30,NO CONTROLS,NO CONTROLS,CLEAR,"DARKNESS, LIGHTED ROAD",REAR END,PARKING LOT,,STRAIGHT AND LEVEL,DRY,NO DEFECTS,ON SCENE,NO INJURY / DRIVE AWAY,,,Y,"OVER $1,500",08/10/2025 08:48:00 PM,"OPERATING VEHICLE IN ERRATIC, RECKLESS, CARELESS, NEGLIGENT OR AGGRESSIVE MANNER",NOT APPLICABLE,5959,W,MONTROSE AVE,1624,,,,,,,2,NO INDICATION OF INJURY,0,0,0,0,0,4,0,20,1,8,41.960242504,-87.7769558962,POINT (-87.776955896207 41.960242503969)
b7f70419c169bc825f58fb0bdfb500c4da47b56a5da46819e51c031e2e76af26980b8eb15b48c5845af75d467640a5242fd7215cf605f1308dc5e62ff9e1edfb,,08/10/2025 08:44:00 PM,30,TRAFFIC SIGNAL,FUNCTIONING PROPERLY,CLEAR,"DARKNESS, LIGHTED ROAD",REAR END,NOT DIVIDED,,STRAIGHT AND LEVEL,DRY,UNKNOWN,ON SCENE,INJURY AND / OR TOW DUE TO CRASH,,,,"OVER $1,500",08/10/2025 08:44:00 PM,DISTRACTION - FROM OUTSIDE VEHICLE,DISTRACTION - FROM OUTSIDE VEHICLE,631,S,PULASKI RD,1132,N,Y,,,,,2,"REPORTED, NOT EVIDENT",1,0,0,0,1,1,0,20,1,8,41.8725551777,-87.7252537934,POINT (-87.725253793432 41.872555177695)
ac246300de5781def191759cffcc05c121b907af42a7b7d7a297f541f968cfff80833f6b9b1e371112a6f198e2e941243b272320a9a8fb86619d4a882773aad4,,08/10/2025 08:43:00 PM,30,UNKNOWN,UNKNOWN,CLEAR,"DARKNESS, LIGHTED ROAD",PARKED MOTOR VEHICLE,NOT DIVIDED,,STRAIGHT AND LEVEL,DRY,UNKNOWN,NOT ON SCENE (DESK REPORT),NO INJURY / DRIVE AWAY,,,,"OVER $1,500",08/10/2025 08:45:00 PM,UNABLE TO DETERMINE,UNABLE TO DETERMINE,6244,S,DR MARTIN LUTHER KING JR DR,311,,,,,,,2,NO INDICATION OF INJURY,0,0,0,0,0,2,0,20,1,8,41.7807271102,-87.6157824196,POINT (-87.615782419589 41.780727110241)
d8ce62c798d8174a073ccd5bab674fc10e1ea806a3d779c49813cb049b517a48b8bbaa450807a2e7f6ae7bd7deef8b3126ead65817457e6dc1414f8a4e36eab7,,08/10/2025 08:40:00 PM,20,NO CONTROLS,NO CONTROLS,CLEAR,"DARKNESS, LIGHTED ROAD",PARKED MOTOR VEHICLE,ALLEY,,STRAIGHT AND LEVEL,DRY,NO DEFECTS,ON SCENE,NO INJURY / DRIVE AWAY,,,,"OVER $1,500",08/10/2025 08:45:00 PM,UNABLE TO DETERMINE,NOT APPLICABLE,805,W,ROSCOE ST,1924,,,,,,,2,NO INDICATION OF INJURY,0,0,0,0,0,1,0,20,1,8,41.9435025144,-87.6496407789,POINT (-87.649640778906 41.943502514438)
e885d4ddb4165447a51f8253e1eed747e54ebaa05381d812fb875883e265ea0e9c22d0848cb06d07585e50b3caad04e46f727aaee92784e610c25e8774bab772,,08/10/2025 08:40:00 PM,30,NO CONTROLS,NO CONTROLS,CLEAR,"DARKNESS, LIGHTED ROAD",TURNING,FOUR WAY,,STRAIGHT AND LEVEL,UNKNOWN,UNKNOWN,NOT ON SCENE (DESK REPORT),NO INJURY / DRIVE AWAY,,,Y,"OVER $1,500",08/10/2025 09:30:00 PM,IMPROPER OVERTAKING/PASSING,NOT APPLICABLE,4700,S,SPRINGFIELD AVE,821,,,,,,,2,NO INDICATION OF INJURY,0,0,0,0,0,3,0,20,1,8,41.8078044299,-87.7212628093,POINT (-87.721262809253 41.807804429932)
6cf894b5b6096a0533790881f02a344a138e7bb9cc72cddfd4bf113e3a52b4d102cc7604e21eabf50455e4c1fdb13dd14a286284e1b899d52e88993094bdacdc,,08/10/2025 08:35:00 PM,30,TRAFFIC SIGNAL,FUNCTIONING PROPERLY,CLEAR,"DARKNESS, LIGHTED ROAD",TURNING,ONE-WAY,,STRAIGHT AND LEVEL,DRY,UNKNOWN,NOT ON SCENE (DESK REPORT),NO INJURY / DRIVE AWAY,Y,,,$500 OR LESS,08/10/2025 09:57:00 PM,IMPROPER TURNING/NO SIGNAL,IMPROPER TURNING/NO SIGNAL,801,W,WASHINGTON BLVD,1224,,,,,,,2,NO INDICATION OF INJURY,0,0,0,0,0,2,0,20,1,8,41.883036025,-87.6474310132,POINT (-87.647431013169 41.88303602505)
7996e4121044b923e0f8b81998fdfa998b6846e28bb685e1791a52e6c91be386d365e1facd53ccc76408d3e16f28183e82213f444f0747721f075c3bc74e64a2,,08/10/2025 08:35:00 PM,30,TRAFFIC SIGNAL,FUNCTIONING PROPERLY,CLEAR,DAWN,ANGLE,NOT DIVIDED,,STRAIGHT AND LEVEL,DRY,NO DEFECTS,ON SCENE,NO INJURY / DRIVE AWAY,Y,,Y,"OVER $1,500",08/10/2025 08:40:00 PM,DISREGARDING TRAFFIC SIGNALS,NOT APPLICABLE,2409,S,BLUE ISLAND AVE,1034,,,,,,,2,NO INDICATION OF INJURY,0,0,0,0,0,2,0,20,1,8,41.8483917906,-87.6758018018,POINT (-87.675801801761 41.848391790645)
93fb18d4cc3b56de85b7953cb91e64aea6c8ad3774fc94b5e5198fcb66f105a8403154df1e2312cfcbaae76acdf28e263ecf37d71c58e7f26856685a80b46ce3,,08/10/2025 08:19:00 PM,20,NO CONTROLS,NO CONTROLS,CLEAR,"DARKNESS, LIGHTED ROAD",SIDESWIPE SAME DIRECTION,NOT DIVIDED,,STRAIGHT AND LEVEL,DRY,NO DEFECTS,ON SCENE,NO INJURY / DRIVE AWAY,,,Y,"OVER $1,500",08/10/2025 08:31:00 PM,IMPROPER LANE USAGE,NOT APPLICABLE,3410,W,DIVERSEY AVE,1412,,,,,,,2,NO INDICATION OF INJURY,0,0,0,0,0,4,0,20,1,8,41.9320738365,-87.7127372527,POINT (-87.712737252718 41.932073836513)
698598e9874234b9632d3cde3c3eb4cd72d6d25b6882efd3451e2b38d915619491de33958b33c64bc28a546ba22df63c197117afc6842adc63f8ea1362189386,,08/10/2025 08:14:00 PM,30,TRAFFIC SIGNAL,FUNCTIONING PROPERLY,CLEAR,"DARKNESS, LIGHTED ROAD",SIDESWIPE SAME DIRECTION,DIVIDED - W/MEDIAN (NOT RAISED),,STRAIGHT AND LEVEL,DRY,NO DEFECTS,NOT ON SCENE (DESK REPORT),INJURY AND / OR TOW DUE TO CRASH,Y,,Y,"OVER $1,500",08/10/2025 08:50:00 PM,IMPROPER LANE USAGE,IMPROPER OVERTAKING/PASSING,2600,N,CALIFORNIA AVE,1411,,,,,,,2,NO INDICATION OF INJURY,0,0,0,0,0,2,0,20,1,8,41.9287882438,-87.697672173,POINT (-87.697672173033 41.9287882438)
28188c2281702f28305e55b06ccb1771c6dd6b9a51c64aa5e473ca53795a5e3d19eac325b37d2017ceb9a1ca36eb23dd9b2c6a3b5dbf65cabc61d660309933df,,08/10/2025 08:08:00 PM,30,NO CONTROLS,NO CONTROLS,CLEAR,DAYLIGHT,TURNING,NOT DIVIDED,,STRAIGHT AND LEVEL,DRY,NO DEFECTS,ON SCENE,INJURY AND / OR TOW DUE TO CRASH,,,,"OVER $1,500",08/10/2025 08:11:00 PM,UNABLE TO DETERMINE,UNABLE TO DETERMINE,600,W,ENGLEWOOD AVE,711,,,,,,,2,NO INDICATION OF INJURY,0,0,0,0,0,3,0,20,1,8,41.7808463068,-87.6401698368,POINT (-87.640169836809 41.780846306829)
0af17db8bdeedde2200a42debcdc2a916e5ff4148020e60aa59556b1aa3848205ad78d32a2b97304004c666aad28dcdceb334b6b8865bd2542a2555dd8ca4681,,08/10/2025 08:01:00 PM,25,NO CONTROLS,UNKNOWN,CLEAR,DUSK,PEDESTRIAN,DRIVEWAY,,STRAIGHT AND LEVEL,DRY,UNKNOWN,ON SCENE,INJURY AND / OR TOW DUE TO CRASH,,,,"$501 - $1,500",08/10/2025 08:01:00 PM,UNABLE TO DETERMINE,UNABLE TO DETERMINE,2720,E,74TH ST,334,,,,,,,2,NONINCAPACITATING INJURY,1,0,0,1,0,1,0,20,1,8,41.762761369,-87.5583032964,POINT (-87.558303296373 41.762761368953)
07a3fb92ed04f3c49e9e6b7ae79c6e535673412cb1b5ae0c90f02ee851bc108306218cda42b4e1dc0fc695903795193da45afdfa4eacd1e93acfa0904f1a18dc,,08/10/2025 08:00:00 PM,30,STOP SIGN/FLASHER,FUNCTIONING PROPERLY,CLEAR,DAWN,PEDALCYCLIST,T-INTERSECTION,,STRAIGHT AND LEVEL,DRY,UNKNOWN,NOT ON SCENE (DESK REPORT),INJURY AND / OR TOW DUE TO CRASH,Y,,Y,$500 OR LESS,08/11/2025 01:30:00 AM,FAILING TO YIELD RIGHT-OF-WAY,FAILING TO YIELD RIGHT-OF-WAY,6100,S,INDIANA AVE,311,,,,,,,2,NONINCAPACITATING INJURY,1,0,0,1,0,1,0,20,1,8,41.7837350801,-87.6207073732,POINT (-87.620707373155 41.783735080115)
b74de890b5e079cf7ede86b34a2df3d9bb8a90e81628d172407445ab79a9975de2d846fd0870d64d7eea2448e9f90c5e451a54aa4f2244ce5eb1cdfaad367bfd,,08/10/2025 07:45:00 PM,30,NO CONTROLS,NO CONTROLS,CLEAR,DAYLIGHT,PARKED MOTOR VEHICLE,NOT DIVIDED,,STRAIGHT AND LEVEL,DRY,UNKNOWN,ON SCENE,INJURY AND / OR TOW DUE TO CRASH,,,,"OVER $1,500",08/10/2025 07:50:00 PM,IMPROPER OVERTAKING/PASSING,UNABLE TO DETERMINE,656,W,WRIGHTWOOD AVE,1935,,,,,,,3,NO INDICATION OF INJURY,0,0,0,0,0,2,0,19,1,8,41.9293075474,-87.6450291327,POINT (-87.645029132706 41.929307547403)
0b13b9358dcbe6faae27270e2f9ddc22b1422baef9920722be40e83f4c23e3066a6594cf0c64995a21c9d398c249924dfe203b1de338178318251af66febdc5c,,08/10/2025 07:30:00 PM,25,TRAFFIC SIGNAL,FUNCTIONING PROPERLY,CLEAR,"DARKNESS, LIGHTED ROAD",REAR END,NOT DIVIDED,,STRAIGHT AND LEVEL,DRY,NO DEFECTS,ON SCENE,INJURY AND / OR TOW DUE TO CRASH,,,,"OVER $1,500",08/10/2025 07:54:00 PM,FOLLOWING TOO CLOSELY,FOLLOWING TOO CLOSELY,299,E,CERMAK RD,132,,,,,,,2,NO INDICATION OF INJURY,0,0,0,0,0,2,0,19,1,8,41.8527988271,-87.6207420821,POINT (-87.620742082064 41.852798827146)
707f40fbbb9ec13c05615b16c453e1a0e06890e60a927bcac387b2fe6de339ea6df289da3ae6596583075f316ef0c72ff1b40ab33472a7487b62006905b329df,,08/10/2025 07:20:00 PM,35,TRAFFIC SIGNAL,FUNCTIONING PROPERLY,CLEAR,DAYLIGHT,TURNING,FOUR WAY,,STRAIGHT AND LEVEL,DRY,NO DEFECTS,NOT ON SCENE (DESK REPORT),NO INJURY / DRIVE AWAY,Y,,Y,"$501 - $1,500",08/10/2025 07:45:00 PM,DISREGARDING TRAFFIC SIGNALS,DRIVING SKILLS/KNOWLEDGE/EXPERIENCE,10200,W,BALMORAL AVE,1654,,,,,,,2,NO INDICATION OF INJURY,0,0,0,0,0,2,0,19,1,8,,,
9aea71f47f141df70afafdd1c2b0df7a8d0454b45ee6087f8de0411df7e711e802e61bfb3e0c3315e76931e3966451742a3fb7514fee3907c3b0c9b0cde9f789,,08/10/2025 07:20:00 PM,20,TRAFFIC SIGNAL,FUNCTIONING PROPERLY,CLEAR,DAYLIGHT,PEDALCYCLIST,OTHER,,STRAIGHT AND LEVEL,DRY,UNKNOWN,ON SCENE,INJURY AND / OR TOW DUE TO CRASH,Y,,,"OVER $1,500",08/10/2025 07:25:00 PM,IMPROPER TURNING/NO SIGNAL,UNABLE TO DETERMINE,3298,N,CLARK ST,1924,,,N,,,,2,"REPORTED, NOT EVIDENT",1,0,0,0,1,1,0,19,1,8,41.9416212555,-87.6521959019,POINT (-87.652195901906 41.941621255545)
235112ba7699bfb2398eaa09b6a43c1efe7e293b499ebc390fe3da80a8d297c1ccedda1d641ce96891a3315d4515239089fa550619b9cfe92f10667f349a4087,,08/10/2025 07:10:00 PM,30,STOP SIGN/FLASHER,FUNCTIONING PROPERLY,CLEAR,DAYLIGHT,ANGLE,DIVIDED - W/MEDIAN BARRIER,,STRAIGHT AND LEVEL,DRY,NO DEFECTS,ON SCENE,INJURY AND / OR TOW DUE TO CRASH,Y,,,"OVER $1,500",08/10/2025 07:14:00 PM,FAILING TO YIELD RIGHT-OF-WAY,NOT APPLICABLE,1600,W,HUBBARD ST,1215,,,,,,,2,NO INDICATION OF INJURY,0,0,0,0,0,3,0,19,1,8,41.8899960018,-87.6671603665,POINT (-87.667160366454 41.889996001809)
45200186df441d0382c305538d714e69fd81b52c2fa0e85a1d0f969bbaaeb943be0dbf4b3a2df51719d22c97505d98dd548491e90e141a8a479f1641395fbd79,,08/10/2025 07:00:00 PM,25,UNKNOWN,UNKNOWN,UNKNOWN,UNKNOWN,SIDESWIPE OPPOSITE DIRECTION,NOT DIVIDED,,STRAIGHT AND LEVEL,UNKNOWN,UNKNOWN,NOT ON SCENE (DESK REPORT),NO INJURY / DRIVE AWAY,,,,"OVER $1,500",08/10/2025 08:15:00 PM,NOT APPLICABLE,NOT APPLICABLE,2312,N,ASHLAND AVE,1811,,,,,,,2,NO INDICATION OF INJURY,0,0,0,0,0,2,0,19,1,8,41.9237416824,-87.6683194106,POINT (-87.668319410607 41.923741682421)
2123f0924fdb8f478892f77bad68ac060a2e8ae6243e185a5067f1f22d4e99bb624ba70b52d78a059c642fdef732b960fff397ff02709e73285d3013fcb8799a,,08/10/2025 06:55:00 PM,30,NO CONTROLS,NO CONTROLS,CLEAR,"DARKNESS, LIGHTED ROAD",SIDESWIPE SAME DIRECTION,ONE-WAY,,STRAIGHT AND LEVEL,DRY,NO DEFECTS,ON SCENE,INJURY AND / OR TOW DUE TO CRASH,,,,"OVER $1,500",08/10/2025 08:08:00 PM,FAILING TO YIELD RIGHT-OF-WAY,NOT APPLICABLE,2627,N,RIDGEWAY AVE,2524,,,,,,,2,NO INDICATION OF INJURY,0,0,0,0,0,2,0,18,1,8,41.9290951507,-87.7206317481,POINT (-87.720631748094 41.929095150684)
052d558daef7589c428a609455701c78743b171895331be9d2514bb03b659f7ba2cd43c5c0cd095e4d3f11b78e917bb0ce541664b67cb924bab5f6c1f3ceb173,,08/10/2025 06:45:00 PM,30,NO CONTROLS,NO CONTROLS,CLEAR,DAYLIGHT,PARKED MOTOR VEHICLE,NOT DIVIDED,,STRAIGHT AND LEVEL,DRY,NO DEFECTS,NOT ON SCENE (DESK REPORT),NO INJURY / DRIVE AWAY,,,,"$501 - $1,500",08/12/2025 03:55:00 PM,NOT APPLICABLE,NOT APPLICABLE,10000,W,OHARE ST,1651,,,,,,,2,NO INDICATION OF INJURY,0,0,0,0,0,1,0,18,1,8,41.976201139,-87.9053091251,POINT (-87.905309125103 41.976201139024)
3c1c2e432d3a307208780a28161ac15eb8e8c98d6383660ff55b410d9103fa6d73d07dce16c198ce61a79cbc2b977e9b9a80b5badd897e8c0e64aecba991c06d,,08/10/2025 06:20:00 PM,30,TRAFFIC SIGNAL,FUNCTIONING PROPERLY,CLEAR,DUSK,REAR END,DIVIDED - W/MEDIAN (NOT RAISED),,STRAIGHT AND LEVEL,DRY,NO DEFECTS,NOT ON SCENE (DESK REPORT),NO INJURY / DRIVE AWAY,Y,,,"OVER $1,500",08/10/2025 06:40:00 PM,FAILING TO YIELD RIGHT-OF-WAY,FOLLOWING TOO CLOSELY,9100,S,VINCENNES AVE,2222,,,,,,,2,NO INDICATION OF INJURY,0,0,0,0,0,4,0,18,1,8,41.7286379217,-87.6481264481,POINT (-87.648126448137 41.728637921715)
66014dafd0cd82cde383d0d87a08f85b824b6685cb6dd2fa6fe2254bd626e872b37d1a945ca2b58f31ecc0c6bd199f1f07edc3662f7cf9506cd9e9bcf9881b44,,08/10/2025 06:15:00 PM,30,NO CONTROLS,NO CONTROLS,CLEAR,DAYLIGHT,PARKED MOTOR VEHICLE,ONE-WAY,,STRAIGHT AND LEVEL,DRY,NO DEFECTS,ON SCENE,INJURY AND / OR TOW DUE TO CRASH,,,,"OVER $1,500",08/10/2025 06:17:00 PM,UNABLE TO DETERMINE,UNABLE TO DETERMINE,1247,W,80TH ST,612,,,,,,,2,NONINCAPACITATING INJURY,1,0,0,1,0,0,0,18,1,8,41.7485403497,-87.6555484926,POINT (-87.655548492553 41.748540349737)
fa3a4e1bd9900cb8f0104a3cbe5e6101c19ed727c778dc4ba627b4610e3573ca9001782b0a9474d11ecc70a177eddc378e5c16f031d7034df20935b4ef7d5190,,08/10/2025 06:15:00 PM,30,NO CONTROLS,NO CONTROLS,CLEAR,DAYLIGHT,ANGLE,PARKING LOT,,STRAIGHT AND LEVEL,DRY,NO DEFECTS,ON SCENE,NO INJURY / DRIVE AWAY,,Y,,"OVER $1,500",08/10/2025 06:18:00 PM,FAILING TO YIELD RIGHT-OF-WAY,UNABLE TO DETERMINE,2950,N,CICERO AVE,2521,,,,,,,2,NO INDICATION OF INJURY,0,0,0,0,0,2,0,18,1,8,41.9348786815,-87.74687541,POINT (-87.746875410036 41.934878681474)
136e32e6d964787d287294317fe475da6fd7bfd7ccfeeb6218a63729588de22dab25bbf7493d003e3735a39447be49a7e2cc76494afa371147c478a46b7b205f,,08/10/2025 06:10:00 PM,30,NO CONTROLS,NO CONTROLS,CLEAR,DAYLIGHT,PARKED MOTOR VEHICLE,ONE-WAY,,STRAIGHT AND LEVEL,DRY,NO DEFECTS,NOT ON SCENE (DESK REPORT),NO INJURY / DRIVE AWAY,,,Y,"OVER $1,500",08/10/2025 06:30:00 PM,UNABLE TO DETERMINE,NOT APPLICABLE,920,W,CARMEN AVE,2024,,,,,,,2,NO INDICATION OF INJURY,0,0,0,0,0,1,0,18,1,8,41.9744312243,-87.6534406326,POINT (-87.653440632564 41.974431224302)
1538c51d05f4b02e9bfbf1d372b101bea1d70dbc1bfc4d281df4ad0db34c09cab9b9051b7208f9cf59ba4aa4e480dc2e00234464412f30feb746850e90d9e8d5,,08/10/2025 06:10:00 PM,30,TRAFFIC SIGNAL,FUNCTIONING PROPERLY,CLEAR,DAYLIGHT,SIDESWIPE SAME DIRECTION,T-INTERSECTION,,STRAIGHT AND LEVEL,DRY,NO DEFECTS,NOT ON SCENE (DESK REPORT),NO INJURY / DRIVE AWAY,Y,,,"OVER $1,500",08/10/2025 06:15:00 PM,FAILING TO YIELD RIGHT-OF-WAY,NOT APPLICABLE,2400,N,KEDZIE BLVD,1413,,,,,,,2,NO INDICATION OF INJURY,0,0,0,0,0,6,0,18,1,8,41.9247969338,-87.7073677247,POINT (-87.707367724723 41.924796933803)
5d01f59e2927b4da189e67a34c5e0eb060906a7757438dc5df173a08c696a5532eed029c730e16ff6d7050a6717eb3193563ed6fbc4fba361d2a6580bf0c61ba,,08/10/2025 06:05:00 PM,30,NO CONTROLS,NO CONTROLS,CLEAR,DAYLIGHT,PARKED MOTOR VEHICLE,NOT DIVIDED,,STRAIGHT AND LEVEL,DRY,NO DEFECTS,ON SCENE,INJURY AND / OR TOW DUE TO CRASH,,,,"OVER $1,500",08/10/2025 06:41:00 PM,DISTRACTION - FROM INSIDE VEHICLE,UNABLE TO DETERMINE,2552,N,NORMANDY AVE,2512,,,,,,,3,NO INDICATION OF INJURY,0,0,0,0,0,4,0,18,1,8,41.9269575272,-87.7930460814,POINT (-87.793046081414 41.926957527192)
2eba751b1f0b71d0d0614154911928c1dcbe63ca716481ae0b312b26fcfa2af27e4a180144afcbe4dde0f9e917c6920335c593211c4bda76a75661acbf7cb781,,08/10/2025 06:00:00 PM,25,UNKNOWN,UNKNOWN,UNKNOWN,UNKNOWN,SIDESWIPE SAME DIRECTION,NOT DIVIDED,,STRAIGHT AND LEVEL,UNKNOWN,UNKNOWN,NOT ON SCENE (DESK REPORT),NO INJURY / DRIVE AWAY,,,,"OVER $1,500",08/10/2025 07:30:00 PM,NOT APPLICABLE,NOT APPLICABLE,520,N,STATE ST,1831,,,,,,,2,NO INDICATION OF INJURY,0,0,0,0,0,2,0,18,1,8,41.8916310557,-87.6282158453,POINT (-87.628215845305 41.891631055727)
451ffb34096b92161c9402bdf13be143afe3f766681fde28c9e0184321c75de5bf69cdf54b17c18591cd3ea418f9bf9e898d6431eddacb98afaa4b68c046fc74,,08/10/2025 06:00:00 PM,30,NO CONTROLS,NO CONTROLS,UNKNOWN,UNKNOWN,PARKED MOTOR VEHICLE,PARKING LOT,,STRAIGHT AND LEVEL,UNKNOWN,UNKNOWN,NOT ON SCENE (DESK REPORT),NO INJURY / DRIVE AWAY,,Y,Y,"OVER $1,500",08/11/2025 06:50:00 PM,IMPROPER BACKING,FAILING TO REDUCE SPEED TO AVOID CRASH,455,W,GRANT PL,1812,,,,,,,2,NO INDICATION OF INJURY,0,0,0,0,0,1,0,18,1,8,41.9227462019,-87.641122843,POINT (-87.641122842988 41.92274620186)
49834a186246edabb56ae5fa139ac69c2b37a9c53caa2398d8cf3af6e74e38b88192e908d980dbe93413034b2ebb89ad0b8ea7cfd4f13c6de6fe396efacb84b6,,08/10/2025 06:00:00 PM,25,NO CONTROLS,NO CONTROLS,CLEAR,DAYLIGHT,REAR TO SIDE,NOT DIVIDED,,STRAIGHT AND LEVEL,DRY,NO DEFECTS,ON SCENE,NO INJURY / DRIVE AWAY,,,,$500 OR LESS,08/10/2025 06:05:00 PM,UNABLE TO DETERMINE,NOT APPLICABLE,2572,N,CLARK ST,1935,,,,,,,2,NO INDICATION OF INJURY,0,0,0,0,0,2,0,18,1,8,41.9295372159,-87.6429775087,POINT (-87.642977508656 41.929537215913)