CRASH_RECORD_ID,CRASH_DATE_EST_I,CRASH_DATE,POSTED_SPEED_LIMIT,TRAFFIC_CONTROL_DEVICE,DEVICE_CONDITION,WEATHER_CONDITION,LIGHTING_CONDITION,FIRST_CRASH_TYPE,TRAFFICWAY_TYPE,LANE_CNT,ALIGNMENT,ROADWAY_SURFACE_COND,ROAD_DEFECT,REPORT_TYPE,CRASH_TYPE,INTERSECTION_RELATED_I,NOT_RIGHT_OF_WAY_I,HIT_AND_RUN_I,DAMAGE,DATE_POLICE_NOTIFIED,PRIM_CONTRIBUTORY_CAUSE,SEC_CONTRIBUTORY_CAUSE,STREET_NO,STREET_DIRECTION,STREET_NAME,BEAT_OF_OCCURRENCE,PHOTOS_TAKEN_I,STATEMENTS_TAKEN_I,DOORING_I,WORK_ZONE_I,WORK_ZONE_TYPE,WORKERS_PRESENT_I,NUM_UNITS,MOST_SEVERE_INJURY,INJURIES_TOTAL,INJURIES_FATAL,INJURIES_INCAPACITATING,INJURIES_NON_INCAPACITATING,INJURIES_REPORTED_NOT_EVIDENT,INJURIES_NO_INDICATION,INJURIES_UNKNOWN,CRASH_HOUR,CRASH_DAY_OF_WEEK,CRASH_MONTH,LATITUDE,LONGITUDE,LOCATION
5280ccb7afa725259e523189cfb4ee614d6655d0c1bd9d36dfbd1af42951639b35d5b9dcd0efed5f212f0855b33696568fc782d96b7b05a32ff0b2fb3803c286,,08/10/2025 06:00:00 PM,25,UNKNOWN,UNKNOWN,UNKNOWN,UNKNOWN,REAR END,PARKING LOT,,STRAIGHT AND LEVEL,UNKNOWN,UNKNOWN,NOT ON SCENE (DESK REPORT),NO INJURY / DRIVE AWAY,,,Y,"OVER $1,500",08/10/2025 06:00:00 PM,FOLLOWING TOO CLOSELY,IMPROPER OVERTAKING/PASSING,2056,N,CANNON DR,1814,,,,,,,2,NO INDICATION OF INJURY,0,0,0,0,0,6,0,18,1,8,41.9200635267,-87.6315382393,POINT (-87.631538239325 41.920063526749)
e3dee4c3a2296697051cd4c7075383a55f7d3ed1d7c1068a4c8fb80eaf1a1ce8e55ce5d6a2b1d5912d8244a7bf4e897a95f8a231aeb63e0772cb6b8c69de1094,,08/10/2025 06:00:00 PM,20,NO CONTROLS,NO CONTROLS,CLEAR,DAWN,PARKED MOTOR VEHICLE,ONE-WAY,,STRAIGHT AND LEVEL,DRY,NO DEFECTS,NOT ON SCENE (DESK REPORT),NO INJURY / DRIVE AWAY,,,Y,"$501 - $1,500",08/20/2025 08:36:00 PM,UNABLE TO DETERMINE,UNABLE TO DETERMINE,954,N,LOREL AVE,1524,,,,,,,2,NO INDICATION OF INJURY,0,0,0,0,0,1,0,18,1,8,41.8983467395,-87.7595724227,POINT (-87.759572422712 41.89834673951)
4f770b5fbff1cc2437c1c478dfdaf5cfcd38af6a9a8a1a8edaff7b8a792c6d88c827d2522dcca9f10c7080947466b2505a41da4f0ae7bb4d82cdcbb0a4feaf8d,,08/10/2025 05:57:00 PM,25,TRAFFIC SIGNAL,FUNCTIONING PROPERLY,CLEAR,DAYLIGHT,ANGLE,NOT DIVIDED,,STRAIGHT AND LEVEL,DRY,NO DEFECTS,ON SCENE,INJURY AND / OR TOW DUE TO CRASH,Y,,Y,"$501 - $1,500",08/10/2025 05:57:00 PM,DISREGARDING TRAFFIC SIGNALS,DISREGARDING TRAFFIC SIGNALS,39,W,75TH ST,623,,,,,,,2,"REPORTED, NOT EVIDENT",1,0,0,0,1,2,0,17,1,8,41.758051433,-87.6263415839,POINT (-87.626341583898 41.758051432973)
a15ab4418222fdd37d802041f82e6a6a52d84a9141b5b3ee0a460b9fb8888b586d9816e191d7e78f206fbb5fe6fab7504626f726a071e92b682d21cecad1e1ba,Y,08/10/2025 05:45:00 PM,20,NO CONTROLS,NO CONTROLS,CLEAR,DAYLIGHT,FIXED OBJECT,NOT DIVIDED,,STRAIGHT AND LEVEL,DRY,NO DEFECTS,,INJURY AND / OR TOW DUE TO CRASH,,Y,,"OVER $1,500",08/10/2025 05:52:00 PM,UNABLE TO DETERMINE,UNABLE TO DETERMINE,7500,S,HONORE ST,611,,Y,,,,,1,NO INDICATION OF INJURY,0,0,0,0,0,2,0,17,1,8,41.7573553454,-87.6698323908,POINT (-87.66983239079 41.75735534544)
19f207a8323d85aaa20617565d793a8b8d9e0894888bc75f96968d8a41e6ab597f9eaebff1456807a62ee9f7d66d733e30d6c81d84d8be0b8e6d51e77c266afc,,08/10/2025 05:40:00 PM,30,UNKNOWN,UNKNOWN,CLEAR,DAYLIGHT,OTHER NONCOLLISION,NOT DIVIDED,,STRAIGHT AND LEVEL,DRY,UNKNOWN,ON SCENE,INJURY AND / OR TOW DUE TO CRASH,,,Y,"$501 - $1,500",08/10/2025 06:10:00 PM,UNABLE TO DETERMINE,UNABLE TO DETERMINE,3558,W,PETERSON AVE,1711,,,,,,,2,NONINCAPACITATING INJURY,1,0,0,1,0,1,0,17,1,8,41.9903730908,-87.7188033148,POINT (-87.718803314823 41.990373090831)
7a4e8c856f7e6edb0f0e158f77bbaaf359707ba176569e79ce006ad04341b147b8dce086249553c8685ea4b8c9f32ea6f512719be26c39fbdb6f346a8c8d8a52,,08/10/2025 05:33:00 PM,30,NO CONTROLS,NO CONTROLS,CLEAR,DAYLIGHT,PARKED MOTOR VEHICLE,NOT DIVIDED,,STRAIGHT AND LEVEL,DRY,UNKNOWN,,INJURY AND / OR TOW DUE TO CRASH,,,Y,"OVER $1,500",08/10/2025 05:33:00 PM,NOT APPLICABLE,NOT APPLICABLE,3600,S,COTTAGE GROVE AVE,212,,,,,,,2,"REPORTED, NOT EVIDENT",1,0,0,0,1,1,0,17,1,8,41.8290261749,-87.6096489881,POINT (-87.609648988058 41.829026174869)
a17a10df54e0a2578cd9535f3befa33f05833b79f719eede4e42a0baaf62615fcd358fef35f945ce9a55804e19d4227d85eff20648c00942899fd15f83bec6b0,,08/10/2025 05:30:00 PM,30,TRAFFIC SIGNAL,UNKNOWN,CLEAR,DAYLIGHT,REAR END,FOUR WAY,,STRAIGHT AND LEVEL,DRY,UNKNOWN,NOT ON SCENE (DESK REPORT),NO INJURY / DRIVE AWAY,Y,,Y,"OVER $1,500",08/10/2025 06:45:00 PM,UNABLE TO DETERMINE,NOT APPLICABLE,5500,S,CICERO AVE,813,,,,,,,2,NO INDICATION OF INJURY,0,0,0,0,0,3,0,17,1,8,41.7929108835,-87.742077343,POINT (-87.742077342959 41.792910883497)
e9770bedaa701d6940931ef0247d848a795ee6c950fd51d9670f47696118779c41f979a9015e96c577e2615dad5e6c42a30c94a3a632693a8f0b8b00b2a6e40f,,08/10/2025 05:30:00 PM,30,STOP SIGN/FLASHER,FUNCTIONING PROPERLY,CLEAR,DAYLIGHT,REAR END,ONE-WAY,,STRAIGHT AND LEVEL,DRY,NO DEFECTS,ON SCENE,NO INJURY / DRIVE AWAY,,,Y,"OVER $1,500",08/10/2025 05:31:00 PM,UNABLE TO DETERMINE,UNABLE TO DETERMINE,401,S,LOTUS AVE,1522,,,,,,,2,NO INDICATION OF INJURY,0,0,0,0,0,2,0,17,1,8,41.8747246697,-87.7614722593,POINT (-87.761472259284 41.874724669655)
a516a2caedcf481fe0a084eb5af1e08a8b343427dc4d63d084d9ec102e4dda35a8611389e38a83334d444595645e243586e09497391fd88bea1397644cb5b62b,,08/10/2025 05:26:00 PM,30,NO CONTROLS,NO CONTROLS,CLEAR,DAYLIGHT,SIDESWIPE SAME DIRECTION,NOT DIVIDED,,STRAIGHT AND LEVEL,DRY,UNKNOWN,,INJURY AND / OR TOW DUE TO CRASH,,,,"OVER $1,500",08/10/2025 06:00:00 PM,FAILING TO YIELD RIGHT-OF-WAY,NOT APPLICABLE,237,S,GREEN ST,1232,,,,,,,2,NO INDICATION OF INJURY,0,0,0,0,0,5,0,17,1,8,41.8780564438,-87.6482684642,POINT (-87.648268464195 41.878056443768)
6be0fd32f7553b969df55fb13dd9395b973430dae49fa0f05312c1f8856e40f8baab47dd1cc15adec4001bcfd62b32f40cae004fc2ec9bf2cee32066663ef071,,08/10/2025 05:20:00 PM,30,NO CONTROLS,NO CONTROLS,CLEAR,DAYLIGHT,PEDALCYCLIST,DIVIDED - W/MEDIAN (NOT RAISED),,STRAIGHT AND LEVEL,DRY,NO DEFECTS,NOT ON SCENE (DESK REPORT),NO INJURY / DRIVE AWAY,,,Y,$500 OR LESS,08/10/2025 05:50:00 PM,FAILING TO YIELD RIGHT-OF-WAY,UNABLE TO DETERMINE,4017,W,LAWRENCE AVE,1722,,,,,,,2,NO INDICATION OF INJURY,0,0,0,0,0,2,0,17,1,8,41.9681238782,-87.7287699391,POINT (-87.728769939129 41.968123878182)
4fd05da8cfc94e6a24ad7f77255c298481c742a14ed3d42143f111a9005c2799760fcb32616b84a683889a38be51460dc114d7cebe9ae04ffc3fa225d2b3ea19,,08/10/2025 05:15:00 PM,30,NO CONTROLS,NO CONTROLS,CLEAR,DAYLIGHT,REAR END,NOT DIVIDED,,STRAIGHT AND LEVEL,DRY,NO DEFECTS,NOT ON SCENE (DESK REPORT),NO INJURY / DRIVE AWAY,,,,"OVER $1,500",08/11/2025 03:16:00 PM,UNABLE TO DETERMINE,UNABLE TO DETERMINE,5800,S,COTTAGE GROVE AVE,233,,,,,,,2,NO INDICATION OF INJURY,0,0,0,0,0,2,0,17,1,8,41.7894207178,-87.6062625882,POINT (-87.606262588229 41.789420717811)
015d89432654753860e9e7418bff767eee2ed205381b536dda8d4ba30a36f13e4e14181b5b98fdb21220b7ef055db3d552baddf5ebedf7212cff59b638027b43,,08/10/2025 05:00:00 PM,20,NO CONTROLS,NO CONTROLS,CLEAR,DAYLIGHT,PARKED MOTOR VEHICLE,PARKING LOT,,STRAIGHT AND LEVEL,DRY,UNKNOWN,NOT ON SCENE (DESK REPORT),NO INJURY / DRIVE AWAY,,,Y,"OVER $1,500",08/10/2025 05:34:00 PM,UNABLE TO DETERMINE,UNABLE TO DETERMINE,11055,S,WESTERN AVE,2212,,,,,,,2,NO INDICATION OF INJURY,0,0,0,0,0,1,0,17,1,8,41.6923615188,-87.6810264382,POINT (-87.681026438224 41.692361518817)
0870d0c0cc124ded3b1b90afa2355e69c6847fe244488b5c6596b3b95a46bdae474c46c1c5c4503af5c618d66c7fc38f5388ddc30430b3b1a07875867d51ea4b,Y,08/10/2025 05:00:00 PM,25,NO CONTROLS,NO CONTROLS,UNKNOWN,UNKNOWN,PARKED MOTOR VEHICLE,NOT DIVIDED,,STRAIGHT AND LEVEL,UNKNOWN,UNKNOWN,NOT ON SCENE (DESK REPORT),NO INJURY / DRIVE AWAY,,,Y,"OVER $1,500",08/11/2025 08:00:00 PM,UNABLE TO DETERMINE,NOT APPLICABLE,5312,W,JACKSON BLVD,1522,,,,,,,2,NO INDICATION OF INJURY,0,0,0,0,0,1,0,17,1,8,41.8767282133,-87.7581024173,POINT (-87.758102417306 41.876728213288)
1352246bb514f0ed25ca28b38f1b846cd5fd9faf00f9b4f0dcfef474b356d86871b1a2ef4991d2d3e05aec201f5fe62aa623fd79b74c43546d087afa40e5b0ef,,08/10/2025 05:00:00 PM,30,NO CONTROLS,NO CONTROLS,UNKNOWN,DAYLIGHT,REAR END,ONE-WAY,,STRAIGHT AND LEVEL,UNKNOWN,UNKNOWN,NOT ON SCENE (DESK REPORT),NO INJURY / DRIVE AWAY,,,,"OVER $1,500",08/12/2025 05:22:00 PM,UNABLE TO DETERMINE,UNABLE TO DETERMINE,6140,S,MICHIGAN AVE,311,Y,,,,,,2,NO INDICATION OF INJURY,0,0,0,0,0,2,0,17,1,8,41.7825714722,-87.6223003326,POINT (-87.62230033261 41.782571472202)
199e7c66210796beaaf1dfc87393f61ab7741b400d2e140e7d8e802c9861e54d39a86f3e210698eee11c4bfcbfacf4a50f636399f2038fee2f835dd0c2f7a94e,,08/10/2025 05:00:00 PM,30,NO CONTROLS,NO CONTROLS,CLEAR,DAYLIGHT,PEDALCYCLIST,ALLEY,,STRAIGHT AND LEVEL,DRY,NO DEFECTS,ON SCENE,INJURY AND / OR TOW DUE TO CRASH,,,,$500 OR LESS,08/10/2025 05:09:00 PM,UNABLE TO DETERMINE,NOT APPLICABLE,5036,W,WASHINGTON BLVD,1532,,,,,,,2,"REPORTED, NOT EVIDENT",1,0,0,0,1,2,0,17,1,8,41.8818430511,-87.7517133716,POINT (-87.751713371598 41.881843051075)
319aba5918c9f54e623bf0759fb60d2031de160079bea8ee2dffb025593969dd50a57b807ff0785938c9e97badf811371e58b4c4dbbd062e9aead0647573059d,,08/10/2025 05:00:00 PM,30,NO CONTROLS,NO CONTROLS,CLEAR,DAYLIGHT,TURNING,DIVIDED - W/MEDIAN (NOT RAISED),,STRAIGHT AND LEVEL,DRY,NO DEFECTS,,NO INJURY / DRIVE AWAY,,,,"OVER $1,500",08/10/2025 05:30:00 PM,UNABLE TO DETERMINE,NOT APPLICABLE,1801,W,BLOOMINGDALE AVE,1434,,,,,,,2,NO INDICATION OF INJURY,0,0,0,0,0,3,0,17,1,8,41.9141395721,-87.6727249159,POINT (-87.672724915943 41.914139572081)
48340dd8f756ca08e93af9b88e5a435d43c22f49a897539d550cacb187270dcc407e5bc0d3271a01d8fbbcbfa93d3e52975a16f2b99aec01d943f564501a2b39,,08/10/2025 05:00:00 PM,25,TRAFFIC SIGNAL,FUNCTIONING PROPERLY,CLEAR,DAYLIGHT,REAR END,DIVIDED - W/MEDIAN (NOT RAISED),,STRAIGHT AND LEVEL,DRY,NO DEFECTS,ON SCENE,NO INJURY / DRIVE AWAY,,,Y,"$501 - $1,500",08/10/2025 05:05:00 PM,UNABLE TO DETERMINE,UNABLE TO DETERMINE,200,W,MARQUETTE RD,722,,,,,,,2,NO INDICATION OF INJURY,0,0,0,0,0,2,0,17,1,8,41.7728176836,-87.6300244852,POINT (-87.630024485162 41.772817683552)
632a1393a13e4499a0a1dc834a8f14e7020f56c5d559ff704557e001cf7a1741412a519d5a990a7c5c82c7eccd1be3479c7112d22db10a8d5b5e44761bf2fe20,Y,08/10/2025 05:00:00 PM,45,NO CONTROLS,NO CONTROLS,CLEAR,DAYLIGHT,REAR TO FRONT,DIVIDED - W/MEDIAN BARRIER,,STRAIGHT AND LEVEL,DRY,WORN SURFACE,NOT ON SCENE (DESK REPORT),NO INJURY / DRIVE AWAY,,,Y,"OVER $1,500",08/10/2025 05:53:00 PM,DRIVING SKILLS/KNOWLEDGE/EXPERIENCE,NOT APPLICABLE,630,N,LAKE SHORE DR SB,1834,,,,,,,2,NO INDICATION OF INJURY,0,0,0,0,0,2,0,17,1,8,41.8936310596,-87.6148679557,POINT (-87.614867955678 41.893631059554)
b8513cfd7ad17ec65afa8e54b125f6ac04154d5e402d09ca99618b1f51d1529a9da6b7623a5d4e121d9c25456b8b3118e3ae273c0add913f554561fd8ae961b1,,08/10/2025 05:00:00 PM,25,UNKNOWN,UNKNOWN,UNKNOWN,UNKNOWN,REAR TO FRONT,NOT DIVIDED,,STRAIGHT AND LEVEL,UNKNOWN,UNKNOWN,,NO INJURY / DRIVE AWAY,,,,"OVER $1,500",08/10/2025 06:50:00 PM,NOT APPLICABLE,NOT APPLICABLE,1237,N,MILWAUKEE AVE,1433,,,,,,,3,NO INDICATION OF INJURY,0,0,0,0,0,4,0,17,1,8,41.9042599647,-87.6676647561,POINT (-87.667664756135 41.904259964741)
e0f012bae7ee7338eaab750415f679f7b4bd789cf4e755df09b17b29909baba1e290385e79289ae4e477614b6d171aef231f14c12dc2e840cbf327448fc3c0c8,,08/10/2025 05:00:00 PM,30,NO CONTROLS,NO CONTROLS,CLEAR,DAYLIGHT,REAR END,NOT DIVIDED,,STRAIGHT AND LEVEL,DRY,NO DEFECTS,NOT ON SCENE (DESK REPORT),NO INJURY / DRIVE AWAY,,,,"$501 - $1,500",08/11/2025 01:50:00 PM,FOLLOWING TOO CLOSELY,FOLLOWING TOO CLOSELY,398,E,BALBO DR,114,,,,,,,2,NO INDICATION OF INJURY,0,0,0,0,0,2,0,17,1,8,41.8733686787,-87.6170961519,POINT (-87.617096151852 41.873368678706)
b3f2cb4ecde850a20a687454e695dd8ba0d79d778d6d0c974c1e46490851925c929629894d6d5f3b1f180c00fb82c6ffa18a5c6876ce7c4149992c617f7dfc10,,08/10/2025 04:55:00 PM,30,NO CONTROLS,UNKNOWN,CLEAR,DAYLIGHT,TURNING,ALLEY,,STRAIGHT AND LEVEL,DRY,UNKNOWN,ON SCENE,INJURY AND / OR TOW DUE TO CRASH,,,,"OVER $1,500",08/10/2025 04:56:00 PM,FAILING TO YIELD RIGHT-OF-WAY,NOT APPLICABLE,4009,N,KIMBALL AVE,1724,,,,,,,4,"REPORTED, NOT EVIDENT",2,0,0,0,2,2,0,16,1,8,41.9541533182,-87.7127714153,POINT (-87.71277141526 41.954153318202)
ceb429dd797b5e134537884c141c9187bae80fbbce77446799d97bb68f47bcd241e113fa594ab9218d0fef8e5fdf7c3f62628fe65840b197d8e2b357c11355ac,,08/10/2025 04:50:00 PM,15,NO CONTROLS,NO CONTROLS,CLEAR,DAYLIGHT,SIDESWIPE SAME DIRECTION,ONE-WAY,,STRAIGHT AND LEVEL,DRY,NO DEFECTS,ON SCENE,NO INJURY / DRIVE AWAY,,,,"OVER $1,500",08/10/2025 04:50:00 PM,FAILING TO REDUCE SPEED TO AVOID CRASH,NOT APPLICABLE,1146,N,SPRINGFIELD AVE,1112,,,,,,,3,NO INDICATION OF INJURY,0,0,0,0,0,2,0,16,1,8,41.9022581596,-87.7239982726,POINT (-87.723998272585 41.902258159607)
e63c8663752653c6d92aeddd491c8ef81d26627cfab92ccdedf11595dd942cc508d3c7fd4bb1d810f86a7a4e1b799ec2619116a7038edc0d56a890288f5e2f5e,,08/10/2025 04:50:00 PM,15,NO CONTROLS,NO CONTROLS,CLEAR,DAYLIGHT,ANGLE,PARKING LOT,,STRAIGHT AND LEVEL,DRY,NO DEFECTS,NOT ON SCENE (DESK REPORT),NO INJURY / DRIVE AWAY,,Y,Y,"$501 - $1,500",08/10/2025 05:50:00 PM,FAILING TO YIELD RIGHT-OF-WAY,NOT APPLICABLE,10532,S,INDIANAPOLIS AVE,432,,,,,,,2,NO INDICATION OF INJURY,0,0,0,0,0,3,0,16,1,8,41.7036623609,-87.5257124268,POINT (-87.52571242676 41.703662360894)
fbb13fa3941eda9dd7bd0785629136832f0a38329740459e7e6723060f289dfbd180bc1803242bb53ee36fbeee347442af35e4948e257627b0efbcf657b00f40,,08/10/2025 04:44:00 PM,30,TRAFFIC SIGNAL,FUNCTIONING PROPERLY,CLEAR,DAYLIGHT,REAR END,NOT DIVIDED,,STRAIGHT AND LEVEL,DRY,NO DEFECTS,NOT ON SCENE (DESK REPORT),NO INJURY / DRIVE AWAY,,,Y,"OVER $1,500",08/10/2025 05:20:00 PM,FOLLOWING TOO CLOSELY,NOT APPLICABLE,9003,S,HALSTED ST,2223,,,,,,,2,NO INDICATION OF INJURY,0,0,0,0,0,2,0,16,1,8,41.7306891425,-87.6433179748,POINT (-87.643317974817 41.730689142488)
3a73e5755f409b01d3a4863f0672ea22481c885c39b69de30927d27b2c8577c5f681e276a0fc8de9bd0c490a3a80558da8b717593097bd39e1150843a46c804b,,08/10/2025 04:40:00 PM,30,NO CONTROLS,NO CONTROLS,CLEAR,DAYLIGHT,PARKED MOTOR VEHICLE,NOT DIVIDED,,STRAIGHT AND LEVEL,DRY,UNKNOWN,NOT ON SCENE (DESK REPORT),NO INJURY / DRIVE AWAY,,,Y,"$501 - $1,500",08/10/2025 09:00:00 PM,UNABLE TO DETERMINE,UNABLE TO DETERMINE,200,W,INSTITUTE PL,1823,,,,,,,2,NO INDICATION OF INJURY,0,0,0,0,0,1,0,16,1,8,41.8975285968,-87.634307927,POINT (-87.634307927001 41.897528596845)
de1903f31e43f02058b233bfc2dafd3b217c2bb983f446d40391d90e88ba7840bba433e5cc70babc895c31329a01f4a2e19dc25fbb19e18d0c9f9a696d5a823e,,08/10/2025 04:35:00 PM,30,UNKNOWN,UNKNOWN,CLEAR,DAYLIGHT,ANGLE,T-INTERSECTION,,STRAIGHT AND LEVEL,UNKNOWN,UNKNOWN,NOT ON SCENE (DESK REPORT),NO INJURY / DRIVE AWAY,,,,"OVER $1,500",08/10/2025 06:30:00 PM,UNABLE TO DETERMINE,UNABLE TO DETERMINE,1340,N,NORTH PARK AVE,1821,,,,,,,2,NO INDICATION OF INJURY,0,0,0,0,0,2,0,16,1,8,41.9068358375,-87.6366808169,POINT (-87.636680816881 41.90683583747)
5ff5bfa5546cd337c170507cf4fb4077ff59ce6f387f84774b7efda804a12a48236a3aaf38b4e04afe44540742d526a8476a9659bf3b93877373ba1c4f2940d0,,08/10/2025 04:33:00 PM,30,NO CONTROLS,NO CONTROLS,CLEAR,DAYLIGHT,PARKED MOTOR VEHICLE,ONE-WAY,,STRAIGHT AND LEVEL,DRY,NO DEFECTS,ON SCENE,NO INJURY / DRIVE AWAY,,,,"$501 - $1,500",08/10/2025 04:33:00 PM,IMPROPER BACKING,IMPROPER BACKING,4317,W,28TH ST,1031,,,,,,,2,NO INDICATION OF INJURY,0,0,0,0,0,1,0,16,1,8,41.840354402,-87.7325368307,POINT (-87.732536830668 41.840354402038)
790baad4a3472a94f35cb446102aaa0e7353087c677b979b644ab883d121f0b5e4f9bb42fbe24951a2e055aadc0ba4c474fc66c1eab32ff8ff3e5d834b4d8179,,08/10/2025 04:33:00 PM,30,TRAFFIC SIGNAL,FUNCTIONING PROPERLY,CLEAR,DAYLIGHT,ANGLE,FOUR WAY,,STRAIGHT AND LEVEL,DRY,WORN SURFACE,ON SCENE,INJURY AND / OR TOW DUE TO CRASH,Y,,Y,"OVER $1,500",08/10/2025 04:40:00 PM,DISREGARDING TRAFFIC SIGNALS,FAILING TO YIELD RIGHT-OF-WAY,3500,S,UNION AVE,915,,,,,,,2,NONINCAPACITATING INJURY,1,0,0,1,0,1,0,16,1,8,41.8306886884,-87.6438185379,POINT (-87.643818537902 41.830688688438)
493f8ccc41a9a72a8f4208f5aaaa498f4f8b7c4e1ce6e71a4d85950bdc0170af140a360262ce931221a393ca443eefc3b0f88b42cec0ccef1ae410febeaf3f8b,,08/10/2025 04:30:00 PM,30,TRAFFIC SIGNAL,FUNCTIONING PROPERLY,CLEAR,DAYLIGHT,TURNING,FOUR WAY,,STRAIGHT AND LEVEL,DRY,NO DEFECTS,ON SCENE,NO INJURY / DRIVE AWAY,Y,,Y,"OVER $1,500",08/10/2025 04:55:00 PM,DISREGARDING TRAFFIC SIGNALS,"OPERATING VEHICLE IN ERRATIC, RECKLESS, CARELESS, NEGLIGENT OR AGGRESSIVE MANNER",3001,N,CICERO AVE,2521,,,,,,,2,NO INDICATION OF INJURY,0,0,0,0,0,2,0,16,1,8,41.9352299706,-87.7465957178,POINT (-87.746595717803 41.935229970562)
e870fb4c1adc3d3b0bb32fa0abc1ba5b886b591d19681443b29ebbe066dc050e8eaf7fc14995d54874301ebb958d69a841c42e25fb852def4a94b158ccf045c3,,08/10/2025 04:30:00 PM,30,UNKNOWN,UNKNOWN,CLEAR,DAYLIGHT,SIDESWIPE SAME DIRECTION,NOT DIVIDED,,STRAIGHT AND LEVEL,UNKNOWN,UNKNOWN,NOT ON SCENE (DESK REPORT),NO INJURY / DRIVE AWAY,,,,"OVER $1,500",08/10/2025 05:00:00 PM,UNABLE TO DETERMINE,UNABLE TO DETERMINE,400,N,MILWAUKEE AVE,1214,,,,,,,2,NO INDICATION OF INJURY,0,0,0,0,0,2,0,16,1,8,41.8890094526,-87.6445004202,POINT (-87.644500420233 41.889009452567)
ee372e7d1a6a82f75f92456baaffdad79eb5aeba839f99e7c7b662ae015ef1ee82a4f5eafb8553abb5b00774682d109986a4f3e45bca196281ec72b9b69acd38,,08/10/2025 04:30:00 PM,20,NO CONTROLS,NO CONTROLS,CLEAR,DAYLIGHT,PARKED MOTOR VEHICLE,ONE-WAY,,STRAIGHT AND LEVEL,DRY,NO DEFECTS,ON SCENE,NO INJURY / DRIVE AWAY,,,Y,"$501 - $1,500",08/12/2025 10:00:00 AM,IMPROPER BACKING,NOT APPLICABLE,5423,W,GIDDINGS ST,1623,,,,,,,2,NO INDICATION OF INJURY,0,0,0,0,0,1,0,16,1,8,41.9663527757,-87.7634583267,POINT (-87.763458326658 41.966352775697)
4419b383cdca53ab49e737c04b82591cfa02898467d2810cdd9a2b16926f57aa84204b3ba2fe4b090d8edd59e6004d7533dcdbce663c56022c0de206c1ae2420,,08/10/2025 04:20:00 PM,30,NO CONTROLS,NO CONTROLS,CLEAR,DAYLIGHT,PARKED MOTOR VEHICLE,NOT DIVIDED,,STRAIGHT AND LEVEL,UNKNOWN,UNKNOWN,NOT ON SCENE (DESK REPORT),NO INJURY / DRIVE AWAY,,,Y,"$501 - $1,500",08/10/2025 04:38:00 PM,UNABLE TO DETERMINE,NOT APPLICABLE,5200,N,ROCKWELL ST,2011,,,,,,,2,NO INDICATION OF INJURY,0,0,0,0,0,1,0,16,1,8,41.9759185764,-87.6942122464,POINT (-87.694212246409 41.975918576402)
3dab32bac2d75d0f1c17ec96cd23f6fcb0f247474c716c9480473f09520a8836426fa7cbe6cdca9532f25034e5bd70d1c4fb39ed9790c0a9f54f8bd3df963f99,,08/10/2025 04:19:00 PM,30,STOP SIGN/FLASHER,FUNCTIONING PROPERLY,CLEAR,DAYLIGHT,ANGLE,FOUR WAY,,STRAIGHT AND LEVEL,DRY,NO DEFECTS,NOT ON SCENE (DESK REPORT),NO INJURY / DRIVE AWAY,Y,,,"OVER $1,500",08/10/2025 05:15:00 PM,DISREGARDING STOP SIGN,FAILING TO REDUCE SPEED TO AVOID CRASH,6731,W,BARRY AVE,2511,,,,,,,2,NO INDICATION OF INJURY,0,0,0,0,0,4,0,16,1,8,41.9362545553,-87.7944764863,POINT (-87.794476486264 41.936254555339)
5842ee2b5e90cfffc44b8abba1c7cff2cd865358c3da25e91522186cc5f9d0787456a997939530c3e60c419312960c7288f58edc7e8106af9e8befbd61b71eaa,,08/10/2025 04:15:00 PM,20,NO CONTROLS,NO CONTROLS,CLEAR,DAYLIGHT,PARKED MOTOR VEHICLE,NOT DIVIDED,,STRAIGHT AND LEVEL,DRY,NO DEFECTS,ON SCENE,NO INJURY / DRIVE AWAY,,,,"OVER $1,500",08/10/2025 04:26:00 PM,IMPROPER OVERTAKING/PASSING,UNABLE TO DETERMINE,1238,W,BRYN MAWR AVE,2013,,,,,,,2,NO INDICATION OF INJURY,0,0,0,0,0,1,0,16,1,8,41.9837097578,-87.6616110611,POINT (-87.661611061071 41.983709757816)
49ff73da32d803b7edd82c6d1636dcfd30bf4202ae3b18f6c2969b11a7e2cf83137bcfcf919ee9b326be831167b20b12a57d70b845dcdf5dc76936c2ea1e588b,,08/10/2025 04:10:00 PM,30,TRAFFIC SIGNAL,FUNCTIONING PROPERLY,CLEAR,DAYLIGHT,ANGLE,DIVIDED - W/MEDIAN (NOT RAISED),,STRAIGHT AND LEVEL,DRY,NO DEFECTS,ON SCENE,INJURY AND / OR TOW DUE TO CRASH,Y,,,"OVER $1,500",08/10/2025 04:20:00 PM,IMPROPER TURNING/NO SIGNAL,FAILING TO YIELD RIGHT-OF-WAY,7150,W,ADDISON ST,1632,,,,,,,2,NO INDICATION OF INJURY,0,0,0,0,0,2,0,16,1,8,41.945403315,-87.8054005242,POINT (-87.805400524217 41.94540331496)
ecd38bc283b33a166e896e23b1dcce8e5c4b95ddb4f0e506cb88c35453be43b8b372bebf3adebd917934f52f37262fdfb25a5f99869dc10768ad93941d67933c,,08/10/2025 04:07:00 PM,30,TRAFFIC SIGNAL,FUNCTIONING PROPERLY,CLEAR,DAYLIGHT,REAR END,DIVIDED - W/MEDIAN (NOT RAISED),,STRAIGHT AND LEVEL,DRY,NO DEFECTS,ON SCENE,NO INJURY / DRIVE AWAY,,,,"OVER $1,500",08/10/2025 04:07:00 PM,FOLLOWING TOO CLOSELY,FOLLOWING TOO CLOSELY,3221,W,IRVING PARK RD,1733,,,,,,,2,NO INDICATION OF INJURY,0,0,0,0,0,3,0,16,1,8,41.9538040011,-87.7088620931,POINT (-87.708862093136 41.953804001068)