CRASH_RECORD_ID,CRASH_DATE_EST_I,CRASH_DATE,POSTED_SPEED_LIMIT,TRAFFIC_CONTROL_DEVICE,DEVICE_CONDITION,WEATHER_CONDITION,LIGHTING_CONDITION,FIRST_CRASH_TYPE,TRAFFICWAY_TYPE,LANE_CNT,ALIGNMENT,ROADWAY_SURFACE_COND,ROAD_DEFECT,REPORT_TYPE,CRASH_TYPE,INTERSECTION_RELATED_I,NOT_RIGHT_OF_WAY_I,HIT_AND_RUN_I,DAMAGE,DATE_POLICE_NOTIFIED,PRIM_CONTRIBUTORY_CAUSE,SEC_CONTRIBUTORY_CAUSE,STREET_NO,STREET_DIRECTION,STREET_NAME,BEAT_OF_OCCURRENCE,PHOTOS_TAKEN_I,STATEMENTS_TAKEN_I,DOORING_I,WORK_ZONE_I,WORK_ZONE_TYPE,WORKERS_PRESENT_I,NUM_UNITS,MOST_SEVERE_INJURY,INJURIES_TOTAL,INJURIES_FATAL,INJURIES_INCAPACITATING,INJURIES_NON_INCAPACITATING,INJURIES_REPORTED_NOT_EVIDENT,INJURIES_NO_INDICATION,INJURIES_UNKNOWN,CRASH_HOUR,CRASH_DAY_OF_WEEK,CRASH_MONTH,LATITUDE,LONGITUDE,LOCATION
d009fb9dcd58811617d87c9a6996a7a1d17d79d6e9c560df659e645f1d1a8933427c431ba18c2fb91e18defe04d96534e5459799f74a9e00e343b6337961c4d5,,08/10/2025 04:00:00 PM,25,NO CONTROLS,NO CONTROLS,CLEAR,DAYLIGHT,OTHER OBJECT,PARKING LOT,,STRAIGHT AND LEVEL,DRY,NO DEFECTS,ON SCENE,INJURY AND / OR TOW DUE TO CRASH,,,,"OVER $1,500",08/10/2025 04:05:00 PM,EQUIPMENT - VEHICLE CONDITION,EQUIPMENT - VEHICLE CONDITION,9530,S,CONSTANCE AVE,431,,,,,,,1,NONINCAPACITATING INJURY,1,0,0,1,0,0,0,16,1,8,41.7215236624,-87.5791262642,POINT (-87.579126264159 41.721523662449)
de1f833d55d3522aa24acfeb0e6007fc354250fc0afb7f33540517d740158d5faef49471af315d8715b640f444824d54a5eb9c3f5527aaf92cd010a9a9c92479,N,08/10/2025 04:00:00 PM,30,NO CONTROLS,NO CONTROLS,CLEAR,DAYLIGHT,TURNING,NOT DIVIDED,,STRAIGHT AND LEVEL,DRY,NO DEFECTS,NOT ON SCENE (DESK REPORT),NO INJURY / DRIVE AWAY,,,,"$501 - $1,500",08/10/2025 05:40:00 PM,UNABLE TO DETERMINE,UNABLE TO DETERMINE,9737,S,WESTERN AVE,2213,,,,,,,2,NO INDICATION OF INJURY,0,0,0,0,0,2,0,16,1,8,41.7162936095,-87.6817771949,POINT (-87.681777194949 41.716293609507)
e9b8242a9be093740be3a00e0ededa43adc023d4e7004061ee79edfc3804883e2657f7aace9eb176fb881bea3548d1ba1e0967a9002213121d57d7c9c7ef9e18,,08/10/2025 03:57:00 PM,30,NO CONTROLS,NO CONTROLS,CLEAR,DAYLIGHT,SIDESWIPE SAME DIRECTION,ONE-WAY,,STRAIGHT AND LEVEL,UNKNOWN,UNKNOWN,ON SCENE,INJURY AND / OR TOW DUE TO CRASH,,,,"OVER $1,500",08/10/2025 04:10:00 PM,UNABLE TO DETERMINE,UNABLE TO DETERMINE,1932,N,BURLING ST,1813,,,,,,,2,NO INDICATION OF INJURY,0,0,0,0,0,3,0,15,1,8,41.9169918016,-87.6474159719,POINT (-87.647415971852 41.916991801582)
71740d86410787393117ab51c0f85be7556b14b65b241b1e6e2207c1b98b68b56520682d545f2e962eb7c0acd33969f4a21af028980f61a303f4f381db3a6216,,08/10/2025 03:53:00 PM,25,TRAFFIC SIGNAL,FUNCTIONING PROPERLY,CLEAR,DAYLIGHT,SIDESWIPE SAME DIRECTION,NOT DIVIDED,,STRAIGHT AND LEVEL,DRY,NO DEFECTS,ON SCENE,NO INJURY / DRIVE AWAY,,,Y,"OVER $1,500",08/10/2025 05:16:00 PM,IMPROPER OVERTAKING/PASSING,IMPROPER OVERTAKING/PASSING,360,N,MICHIGAN AVE,111,,,,,,,2,NO INDICATION OF INJURY,0,0,0,0,0,2,0,15,1,8,41.8881401524,-87.6246957901,POINT (-87.624695790101 41.888140152412)
1901fe1e05f70b1350d989b2198a94636722a3c88f2bc6bbe933211e5311879744dc655caa7c88048508bc6e74c02f688402e9ea1e66a6a4e1a259dd22fa8247,,08/10/2025 03:50:00 PM,30,NO CONTROLS,NO CONTROLS,CLEAR,DAYLIGHT,PARKED MOTOR VEHICLE,ONE-WAY,,STRAIGHT AND LEVEL,DRY,NO DEFECTS,NOT ON SCENE (DESK REPORT),NO INJURY / DRIVE AWAY,,,Y,"$501 - $1,500",08/10/2025 08:22:00 PM,NOT APPLICABLE,NOT APPLICABLE,5628,S,TROY ST,824,,,,,,,2,NO INDICATION OF INJURY,0,0,0,0,0,1,0,15,1,8,41.7908370472,-87.702404261,POINT (-87.702404260992 41.790837047214)
ed69d0c8f60a8735bffbe39c1f68e62a7c4aabd0d3e2826bfc09ff0b7df85193e299872961536ba0d79d0a3c7d0b021e4817e3f7d275cf4c17be6b7a33f0f0a9,,08/10/2025 03:50:00 PM,30,NO CONTROLS,NO CONTROLS,CLEAR,DAYLIGHT,REAR END,DIVIDED - W/MEDIAN (NOT RAISED),,STRAIGHT AND LEVEL,DRY,NO DEFECTS,ON SCENE,NO INJURY / DRIVE AWAY,,,,"$501 - $1,500",08/10/2025 03:53:00 PM,FOLLOWING TOO CLOSELY,NOT APPLICABLE,10323,S,PULASKI RD,2211,,,,,,,2,NO INDICATION OF INJURY,0,0,0,0,0,6,0,15,1,8,41.7051605829,-87.7207437519,POINT (-87.7207437519 41.70516058286)
45bb1a99af46e5b49d8b9bd13d79c2ba572bcc8a24612a997164669419ca67308389152223bb5bcf4263d39b2bbcda7dc8efa8375a1c4b5ce2e377257d9901b7,,08/10/2025 03:37:00 PM,30,STOP SIGN/FLASHER,FUNCTIONING PROPERLY,CLEAR,DAYLIGHT,PARKED MOTOR VEHICLE,ONE-WAY,,STRAIGHT AND LEVEL,DRY,UNKNOWN,NOT ON SCENE (DESK REPORT),NO INJURY / DRIVE AWAY,,,,"OVER $1,500",08/10/2025 04:10:00 PM,DRIVING SKILLS/KNOWLEDGE/EXPERIENCE,NOT APPLICABLE,2452,W,OHIO ST,1221,,,,,,,2,NO INDICATION OF INJURY,0,0,0,0,0,2,0,15,1,8,41.8921984442,-87.6888925843,POINT (-87.688892584346 41.892198444229)
08ed179efac3f7608e34b009e29a12f4ecaa6f847a92afb604b3c541df9aed53b1bf8a6eedcb664a36d28b5deb7cc6f50c068d735fbdcc16ae20779cbd48d649,,08/10/2025 03:30:00 PM,25,TRAFFIC SIGNAL,FUNCTIONING PROPERLY,CLEAR,DAYLIGHT,FIXED OBJECT,FOUR WAY,,STRAIGHT AND LEVEL,DRY,UNKNOWN,ON SCENE,INJURY AND / OR TOW DUE TO CRASH,,,,"OVER $1,500",08/10/2025 03:34:00 PM,UNABLE TO DETERMINE,DRIVING SKILLS/KNOWLEDGE/EXPERIENCE,2600,S,CANAL ST,914,,,,,,,1,NO INDICATION OF INJURY,0,0,0,0,0,1,0,15,1,8,41.8453884528,-87.6384815129,POINT (-87.638481512919 41.845388452774)
951097997f562d349bd2dd93b5edcf88823b42231eae2de8f658e36c9b9522dbffd285f47a82d9afb54ad3e15ef88f5d1c90222541ca7287732cfe1428758333,,08/10/2025 03:30:00 PM,30,NO CONTROLS,NO CONTROLS,CLEAR,DAYLIGHT,REAR END,NOT DIVIDED,,STRAIGHT AND LEVEL,DRY,NO DEFECTS,ON SCENE,NO INJURY / DRIVE AWAY,,,,"OVER $1,500",08/10/2025 03:47:00 PM,FOLLOWING TOO CLOSELY,FAILING TO REDUCE SPEED TO AVOID CRASH,2639,W,83RD ST,835,,,,,,,2,NO INDICATION OF INJURY,0,0,0,0,0,3,0,15,1,8,41.742601292,-87.6892306636,POINT (-87.689230663625 41.742601292034)
cd39b20097b9b7d9b5ea475166eef99c7f7d0fb92d4a056d1e1045787474934b2f7003d7e247785cceba03515f10f620bb5d022dfa4b03a47ae2921ce3ea6643,,08/10/2025 03:30:00 PM,30,TRAFFIC SIGNAL,FUNCTIONING PROPERLY,CLEAR,DAYLIGHT,REAR END,NOT DIVIDED,,STRAIGHT AND LEVEL,DRY,UNKNOWN,NOT ON SCENE (DESK REPORT),NO INJURY / DRIVE AWAY,,,Y,"OVER $1,500",08/10/2025 04:40:00 PM,FOLLOWING TOO CLOSELY,UNABLE TO DETERMINE,17,S,PULASKI RD,1122,,,,,,,2,NO INDICATION OF INJURY,0,0,0,0,0,3,0,15,1,8,41.880146878,-87.7255044127,POINT (-87.72550441267 41.880146878032)
32e02d5beef0fa301ac98eb46624fd1b96542852cef339f05a5d4883d8db94b20af9ebd9952db728712bc06f3a77370946608ba1a593bc597bbf67e31618fb73,,08/10/2025 03:20:00 PM,35,TRAFFIC SIGNAL,UNKNOWN,CLEAR,DAYLIGHT,SIDESWIPE SAME DIRECTION,NOT DIVIDED,,STRAIGHT AND LEVEL,DRY,UNKNOWN,ON SCENE,NO INJURY / DRIVE AWAY,,,,"OVER $1,500",08/10/2025 03:22:00 PM,DRIVING SKILLS/KNOWLEDGE/EXPERIENCE,NOT APPLICABLE,3899,S,WESTERN AVE,911,,,,,,,2,NO INDICATION OF INJURY,0,0,0,0,0,2,0,15,1,8,41.8230513047,-87.6847463682,POINT (-87.684746368215 41.823051304692)
fffb6cce1bb7db57c45ff1d14d9cbadfb6562cba3afe534afe14bb2c5390e99df943d54b85e2ece841e8a4756a40e271e20fa4d463e793e18f3b43176f12f7eb,,08/10/2025 03:15:00 PM,5,NO CONTROLS,NO CONTROLS,CLEAR,DAYLIGHT,REAR END,OTHER,,STRAIGHT AND LEVEL,WET,NO DEFECTS,NOT ON SCENE (DESK REPORT),NO INJURY / DRIVE AWAY,,,,"OVER $1,500",08/10/2025 03:40:00 PM,UNABLE TO DETERMINE,NOT APPLICABLE,3549,S,KEDZIE AVE,911,,,,,,,2,NO INDICATION OF INJURY,0,0,0,0,0,2,0,15,1,8,41.8283551061,-87.7044006208,POINT (-87.704400620843 41.828355106082)
185fcdb4a30e88ef34d39949f52ac75d442fb0906bb306705019bfb54865a483b835d7466455aa715f92449b825fa23059e3d844223879f151b6c97fb5d4fe7a,,08/10/2025 03:00:00 PM,30,NO CONTROLS,NO CONTROLS,CLEAR,DAYLIGHT,REAR END,NOT DIVIDED,,STRAIGHT AND LEVEL,DRY,NO DEFECTS,ON SCENE,NO INJURY / DRIVE AWAY,,,,"OVER $1,500",08/10/2025 03:05:00 PM,FOLLOWING TOO CLOSELY,DRIVING SKILLS/KNOWLEDGE/EXPERIENCE,1550,W,MADISON ST,1224,,,,,,,2,NO INDICATION OF INJURY,0,0,0,0,0,2,0,15,1,8,41.8815677265,-87.6665098293,POINT (-87.666509829278 41.881567726469)
0db6b0db00f41e933f93ceeda9d635cee450cb37a682a0c6fac2d5144e51bd83706b945de6396e8f093299ebf72e2461206e24768a6a5ddb4b5d6fb1c2aaf1dc,,08/10/2025 02:59:00 PM,30,TRAFFIC SIGNAL,FUNCTIONING PROPERLY,CLEAR,DAYLIGHT,PEDALCYCLIST,NOT DIVIDED,,STRAIGHT AND LEVEL,DRY,NO DEFECTS,NOT ON SCENE (DESK REPORT),NO INJURY / DRIVE AWAY,,,,$500 OR LESS,08/10/2025 08:28:00 PM,NOT APPLICABLE,NOT APPLICABLE,165,W,31ST ST,915,,,Y,,,,2,NO INDICATION OF INJURY,0,0,0,0,0,2,0,14,1,8,41.8381356687,-87.6310748115,POINT (-87.631074811454 41.8381356687)
224cc0deb00ce5a828b5d32dde4d5bf702f438b7742a486fed80deeafaab50f7c278a8f0ad12228248374917d186d80e9fc8178d9969ea3c506532041383e7ac,,08/10/2025 02:57:00 PM,25,NO CONTROLS,NO CONTROLS,CLEAR,DAYLIGHT,REAR END,NOT DIVIDED,,STRAIGHT AND LEVEL,DRY,NO DEFECTS,ON SCENE,INJURY AND / OR TOW DUE TO CRASH,Y,,,"OVER $1,500",08/10/2025 02:57:00 PM,FOLLOWING TOO CLOSELY,FAILING TO REDUCE SPEED TO AVOID CRASH,509,E,79TH ST,624,N,,,,,,3,NO INDICATION OF INJURY,0,0,0,0,0,5,0,14,1,8,41.7510552777,-87.612102936,POINT (-87.612102935981 41.751055277659)
e833fe6c33dec3a292ee47d60263fec5894f6e56f1d07cbdeedc3753437837fb08d61f144535df5e5710753333ce5a589a504eb594a29d3c00a821078d3fe67a,,08/10/2025 02:47:00 PM,30,TRAFFIC SIGNAL,UNKNOWN,CLEAR,DAYLIGHT,TURNING,"FIVE POINT, OR MORE",,STRAIGHT AND LEVEL,DRY,UNKNOWN,NOT ON SCENE (DESK REPORT),INJURY AND / OR TOW DUE TO CRASH,Y,,Y,"OVER $1,500",08/11/2025 09:30:00 AM,UNABLE TO DETERMINE,UNABLE TO DETERMINE,1600,E,79TH ST,411,,,,,,,2,"REPORTED, NOT EVIDENT",1,0,0,0,1,1,0,14,1,8,41.7516115233,-87.5855922843,POINT (-87.585592284288 41.751611523273)
c018c1029208360a8d0761ddc413c9403bddaefe6f05831e42645e5a6d11a6ab2d536c389ba115a6551ef0b1804600621bc8327509c44ea75cf8ea86b4877cae,,08/10/2025 02:44:00 PM,20,NO CONTROLS,UNKNOWN,UNKNOWN,UNKNOWN,PARKED MOTOR VEHICLE,ONE-WAY,,STRAIGHT AND LEVEL,UNKNOWN,UNKNOWN,NOT ON SCENE (DESK REPORT),NO INJURY / DRIVE AWAY,,,Y,"OVER $1,500",08/11/2025 04:36:00 PM,UNABLE TO DETERMINE,UNABLE TO DETERMINE,3846,W,ARGYLE ST,1712,,,,,,,2,NO INDICATION OF INJURY,0,0,0,0,0,1,0,14,1,8,41.9720272905,-87.7251845186,POINT (-87.725184518645 41.972027290485)
1ffa422461165709b73fb89df07c978193ffed96ced6b3f8749f081c7947d2fc667a664bc59aeda694f6efa5a0814eca415b35e4476fad072044411b89ea6297,,08/10/2025 02:40:00 PM,35,TRAFFIC SIGNAL,FUNCTIONING PROPERLY,CLEAR,DAYLIGHT,TURNING,NOT DIVIDED,,STRAIGHT AND LEVEL,DRY,NO DEFECTS,ON SCENE,INJURY AND / OR TOW DUE TO CRASH,Y,,,"OVER $1,500",08/10/2025 03:16:00 PM,IMPROPER TURNING/NO SIGNAL,IMPROPER TURNING/NO SIGNAL,101,S,LAKE SHORE DR NB,114,,,,,,,3,NO INDICATION OF INJURY,0,0,0,0,0,4,0,14,1,8,41.8808569263,-87.6171033844,POINT (-87.617103384378 41.880856926277)
e1077f1a42e5a7b1154be8a882d3da3c8495aae0cd77f39c72196b186dae320cb0d4cb959427623dd147e766264d28c5c32c2626524d7c9451342326d6671578,,08/10/2025 02:40:00 PM,10,NO CONTROLS,NO CONTROLS,CLEAR,DAYLIGHT,REAR TO SIDE,PARKING LOT,,STRAIGHT AND LEVEL,DRY,UNKNOWN,NOT ON SCENE (DESK REPORT),NO INJURY / DRIVE AWAY,,,,"OVER $1,500",08/11/2025 11:35:00 AM,FAILING TO YIELD RIGHT-OF-WAY,FAILING TO REDUCE SPEED TO AVOID CRASH,4626,W,DIVERSEY AVE,2521,,,,,,,2,NO INDICATION OF INJURY,0,0,0,0,0,2,0,14,1,8,41.9316889194,-87.7430169468,POINT (-87.743016946831 41.931688919351)
95277156c9bdf84c0531c862e0557d8194c481ec40eee5ab3d4eb8afdf396be96adee50238cba3a13d530d4016f4637f3e615d954cffd628d12c9ea6bbd7ac1e,,08/10/2025 02:35:00 PM,10,NO CONTROLS,NO CONTROLS,CLEAR,DAYLIGHT,REAR TO REAR,PARKING LOT,,STRAIGHT AND LEVEL,DRY,NO DEFECTS,NOT ON SCENE (DESK REPORT),NO INJURY / DRIVE AWAY,,Y,,"OVER $1,500",08/10/2025 03:15:00 PM,UNABLE TO DETERMINE,NOT APPLICABLE,419,E,103RD ST,512,,,,,,,2,NO INDICATION OF INJURY,0,0,0,0,0,2,0,14,1,8,41.7072177336,-87.6129453845,POINT (-87.61294538453 41.707217733631)
28962b92d4176824105de896fcfe732ae3e0bb3669f6ab8f35277b4136c9dedb250fa7733875424335c60d666d01e4ff53255f2716c775af1e33d566abc18828,,08/10/2025 02:30:00 PM,30,TRAFFIC SIGNAL,FUNCTIONING PROPERLY,CLEAR,DAYLIGHT,REAR END,NOT DIVIDED,,STRAIGHT AND LEVEL,DRY,NO DEFECTS,NOT ON SCENE (DESK REPORT),NO INJURY / DRIVE AWAY,,,,$500 OR LESS,08/11/2025 09:30:00 AM,UNABLE TO DETERMINE,NOT APPLICABLE,800,N,MICHIGAN AVE,1833,,,,,,,2,NO INDICATION OF INJURY,0,0,0,0,0,2,0,14,1,8,41.896790572,-87.6243806554,POINT (-87.624380655444 41.896790572039)
99e07173149a9dff7fafedf3396a9e15fd6246230bab8036037d15401e6c25e032f62e2f014887c2237c11e0c954a7e5b4d4578be7e197267b33db1b4526291f,,08/10/2025 02:30:00 PM,15,UNKNOWN,UNKNOWN,UNKNOWN,UNKNOWN,FIXED OBJECT,PARKING LOT,,STRAIGHT AND LEVEL,UNKNOWN,UNKNOWN,NOT ON SCENE (DESK REPORT),NO INJURY / DRIVE AWAY,,Y,,"OVER $1,500",08/14/2025 10:32:00 AM,UNABLE TO DETERMINE,UNABLE TO DETERMINE,5700,S,LAKE SHORE DR,331,,,,,,,1,NO INDICATION OF INJURY,0,0,0,0,0,1,0,14,1,8,41.7914202821,-87.5801477687,POINT (-87.580147768689 41.791420282098)
b18cb8e1191298ac7ed18bb1e75c9cbf5a6f9c9a1c240103f81fda78f9aeca52666d3bf96eb3adb2694b2a1f03b0b4a2c56dcb3539cf943b7e16a287a27499a0,Y,08/10/2025 02:30:00 PM,10,NO CONTROLS,NO CONTROLS,CLEAR,DAYLIGHT,ANGLE,PARKING LOT,,STRAIGHT AND LEVEL,DRY,UNKNOWN,,INJURY AND / OR TOW DUE TO CRASH,,,,"OVER $1,500",08/10/2025 03:00:00 PM,FAILING TO YIELD RIGHT-OF-WAY,NOT APPLICABLE,2600,W,ADDISON ST,1921,,,,,,,2,"REPORTED, NOT EVIDENT",1,0,0,0,1,1,0,14,1,8,41.9468248791,-87.6932129127,POINT (-87.693212912693 41.946824879097)
bee449e1a14324de5983304b66d2014d953138504287b40f8a78aa74e282d5c435f19488f479cfa2ad8c1e7f4c4b5fbb406ec380d0d5033a3a439d6a0c3709e0,,08/10/2025 02:30:00 PM,30,TRAFFIC SIGNAL,UNKNOWN,UNKNOWN,DAYLIGHT,PEDESTRIAN,DIVIDED - W/MEDIAN BARRIER,,STRAIGHT AND LEVEL,UNKNOWN,UNKNOWN,NOT ON SCENE (DESK REPORT),INJURY AND / OR TOW DUE TO CRASH,,,Y,$500 OR LESS,08/14/2025 02:05:00 PM,FAILING TO YIELD RIGHT-OF-WAY,FAILING TO REDUCE SPEED TO AVOID CRASH,300,N,ORLEANS ST,122,,,,,,,2,NONINCAPACITATING INJURY,1,0,0,1,0,1,0,14,1,8,41.8868759857,-87.6355936949,POINT (-87.635593694875 41.886875985672)
0e48476bdefae51a0c51f3faea093bd4e855a473c5ce7ddf0cb252beaf30e2bbdd969f2b190f1a09a875e61b06a225b63de0b5c4dcf8051e31669213a2d339e9,,08/10/2025 02:29:00 PM,40,NO CONTROLS,NO CONTROLS,CLEAR,DAYLIGHT,SIDESWIPE SAME DIRECTION,DIVIDED - W/MEDIAN BARRIER,,STRAIGHT AND LEVEL,DRY,NO DEFECTS,ON SCENE,INJURY AND / OR TOW DUE TO CRASH,,,Y,"OVER $1,500",08/10/2025 02:29:00 PM,FAILING TO REDUCE SPEED TO AVOID CRASH,NOT APPLICABLE,3750,N,LAKE SHORE DR SB,1925,,,,,,,3,NO INDICATION OF INJURY,0,0,0,0,0,5,0,14,1,8,41.9519923603,-87.6449556599,POINT (-87.644955659941 41.951992360302)
630f630257a51226081e403821d6c1e55e613b614656f4c0fb2411e0542bafefeee54785209477be756489d7d43d42f87f48534e6516c8dad6951105ef31e7e1,,08/10/2025 02:26:00 PM,30,TRAFFIC SIGNAL,FUNCTIONING PROPERLY,CLEAR,DAYLIGHT,REAR END,DIVIDED - W/MEDIAN (NOT RAISED),,STRAIGHT AND LEVEL,DRY,NO DEFECTS,NOT ON SCENE (DESK REPORT),NO INJURY / DRIVE AWAY,,,,"OVER $1,500",08/10/2025 03:20:00 PM,FOLLOWING TOO CLOSELY,DRIVING SKILLS/KNOWLEDGE/EXPERIENCE,757,N,MICHIGAN AVE,1833,,,,,,,2,NO INDICATION OF INJURY,0,0,0,0,0,2,0,14,1,8,41.8964106756,-87.6241332966,POINT (-87.624133296552 41.896410675642)
46ee0d04d963bc3f1503fde981998892fc4d2cbd07e7b9fe1984abb094ea914f659cee7c72c5c598af2fc87e2db8f098cb19322bfd8b3af35ef15bf646634196,,08/10/2025 02:25:00 PM,30,NO CONTROLS,NO CONTROLS,CLEAR,DAYLIGHT,REAR END,NOT DIVIDED,,STRAIGHT AND LEVEL,DRY,UNKNOWN,ON SCENE,INJURY AND / OR TOW DUE TO CRASH,,,,"OVER $1,500",08/10/2025 03:29:00 PM,FOLLOWING TOO CLOSELY,FAILING TO REDUCE SPEED TO AVOID CRASH,3930,W,DIVERSEY AVE,2523,,,,,,,2,NONINCAPACITATING INJURY,3,0,0,3,0,2,0,14,1,8,41.931914858,-87.7258240123,POINT (-87.725824012259 41.931914858005)
ec45a730993714d282382cabb0c58237f04e4b9bd8ed2a7650e0655e7424d8af1ed70f787d6ef7e04cffcd97a195c5748a5dd68698d69835a63017d66ffd87eb,,08/10/2025 02:25:00 PM,35,NO CONTROLS,NO CONTROLS,CLEAR,DAYLIGHT,REAR END,OTHER,,STRAIGHT AND LEVEL,WET,UNKNOWN,NOT ON SCENE (DESK REPORT),NO INJURY / DRIVE AWAY,,Y,,"$501 - $1,500",08/10/2025 03:00:00 PM,UNABLE TO DETERMINE,NOT APPLICABLE,7068,S,SOUTH CHICAGO AVE,322,,,,,,,2,NO INDICATION OF INJURY,0,0,0,0,0,2,0,14,1,8,41.7665013743,-87.6066709895,POINT (-87.606670989463 41.766501374296)
358b9e6e77868ab59e7ab08ec8fb024612400c989f1c6789f9bed5ae901c9d7effba9e6cc0041980efcfc6b72acf6607bf7b53cadc061f760cf4c79b198d2bed,,08/10/2025 02:15:00 PM,25,NO CONTROLS,NO CONTROLS,CLEAR,DAYLIGHT,PEDALCYCLIST,ONE-WAY,,STRAIGHT AND LEVEL,DRY,NO DEFECTS,ON SCENE,INJURY AND / OR TOW DUE TO CRASH,,,,"$501 - $1,500",08/10/2025 02:41:00 PM,"VISION OBSCURED (SIGNS, TREE LIMBS, BUILDINGS, ETC.)",UNABLE TO DETERMINE,7625,N,EASTLAKE TER,2422,,,,,,,2,NONINCAPACITATING INJURY,1,0,0,1,0,4,0,14,1,8,42.0200458099,-87.6646468763,POINT (-87.66464687632 42.020045809879)
a87522affa2d86bc77c3c16f82ac0bb1481679cdd14cb2537ba96293b90908e5ee155326ea5cab7a336f0923fbab8dbdf45a0274b98667f563df00ab1d029e86,,08/10/2025 02:15:00 PM,30,TRAFFIC SIGNAL,FUNCTIONING PROPERLY,CLEAR,DAYLIGHT,TURNING,FOUR WAY,,STRAIGHT AND LEVEL,DRY,NO DEFECTS,ON SCENE,INJURY AND / OR TOW DUE TO CRASH,Y,,,"OVER $1,500",08/10/2025 02:17:00 PM,FAILING TO YIELD RIGHT-OF-WAY,FAILING TO YIELD RIGHT-OF-WAY,5935,N,BROADWAY,2433,,,,,,,2,NONINCAPACITATING INJURY,1,0,0,1,0,1,0,14,1,8,41.9900497125,-87.6601205972,POINT (-87.660120597243 41.990049712521)
f56981044a6f19d1487609fb5f829f1be6be9cee48c6c9c33628c6b6698153ad194c4e7c50f46b19d522b3e77c91a40f462103a52d98f78365c852ad5b1fc3da,,08/10/2025 02:15:00 PM,30,UNKNOWN,UNKNOWN,CLEAR,DAYLIGHT,SIDESWIPE SAME DIRECTION,DIVIDED - W/MEDIAN (NOT RAISED),,STRAIGHT AND LEVEL,UNKNOWN,NO DEFECTS,NOT ON SCENE (DESK REPORT),NO INJURY / DRIVE AWAY,,,,"OVER $1,500",08/10/2025 02:30:00 PM,IMPROPER TURNING/NO SIGNAL,NOT APPLICABLE,1300,S,CLINTON ST,124,,,,,,,2,NO INDICATION OF INJURY,0,0,0,0,0,2,0,14,1,8,41.8655346778,-87.6408133123,POINT (-87.64081331229 41.865534677771)
7e33f309fecfb280df6fa9793b18f08236f87033582091bddf785603334797c947690403eec0aad996514c5a91b1f08f4d9c67dee05f9ba5686e13823a0ab91d,,08/10/2025 02:00:00 PM,45,NO CONTROLS,NO CONTROLS,CLEAR,DAYLIGHT,REAR END,OTHER,,STRAIGHT AND LEVEL,DRY,NO DEFECTS,NOT ON SCENE (DESK REPORT),NO INJURY / DRIVE AWAY,,,Y,"OVER $1,500",08/10/2025 07:45:00 PM,FOLLOWING TOO CLOSELY,UNABLE TO DETERMINE,2200,S,LAKE SHORE DR NB,132,,,,,,,2,NO INDICATION OF INJURY,0,0,0,0,0,4,0,14,1,8,41.8528456398,-87.6147063219,POINT (-87.614706321914 41.852845639769)
9ba7005392bd808f17e41400539c902d6f044b9fb946275bacf6d011cb91781b86d8acb59437b43ecc5f710690b702419f2b94453e7b6694697f1ce098f31e5d,,08/10/2025 02:00:00 PM,30,TRAFFIC SIGNAL,FUNCTIONING PROPERLY,CLEAR,DAYLIGHT,REAR END,NOT DIVIDED,,STRAIGHT AND LEVEL,DRY,WORN SURFACE,NOT ON SCENE (DESK REPORT),NO INJURY / DRIVE AWAY,,,,"OVER $1,500",08/10/2025 04:19:00 PM,FOLLOWING TOO CLOSELY,NOT APPLICABLE,1701,W,47TH ST,931,,,,,,,2,NO INDICATION OF INJURY,0,0,0,0,0,2,0,14,1,8,41.8084712383,-87.6674545133,POINT (-87.667454513294 41.808471238307)
aafeb824c85a9a4e5c152ece71477d6e0ebadfeff0beb10943ef7e0ca135ac3bde498b7c36b52593101dc00953a4d9ab0dbb2feaacb43eb34835fb9db4bbb638,,08/10/2025 02:00:00 PM,35,NO CONTROLS,NO CONTROLS,CLEAR,DAYLIGHT,PARKED MOTOR VEHICLE,ONE-WAY,,STRAIGHT AND LEVEL,DRY,NO DEFECTS,NOT ON SCENE (DESK REPORT),NO INJURY / DRIVE AWAY,,,Y,$500 OR LESS,08/10/2025 02:22:00 PM,IMPROPER OVERTAKING/PASSING,NOT APPLICABLE,117,E,61ST ST,311,,,,,,,2,NO INDICATION OF INJURY,0,0,0,0,0,1,0,14,1,8,41.7836742853,-87.6214118264,POINT (-87.621411826424 41.783674285289)
da6c0cba421498c5c3c268aa435e9a77ba22140aa5572734d21ec85da0c8b84f0e837f5e273f17a6a91b21a9252eaa086882f5b9c2cb3c9b29c82cd5dabbf01c,,08/10/2025 02:00:00 PM,30,TRAFFIC SIGNAL,UNKNOWN,CLEAR,DAYLIGHT,REAR END,FOUR WAY,,STRAIGHT AND LEVEL,DRY,UNKNOWN,NOT ON SCENE (DESK REPORT),NO INJURY / DRIVE AWAY,Y,,,"OVER $1,500",08/10/2025 02:20:00 PM,FAILING TO REDUCE SPEED TO AVOID CRASH,NOT APPLICABLE,6081,S,KEDZIE AVE,823,,,,,,,2,NO INDICATION OF INJURY,0,0,0,0,0,4,0,14,1,8,41.7826960996,-87.7031034596,POINT (-87.70310345957 41.782696099597)