CRASH_RECORD_ID,CRASH_DATE_EST_I,CRASH_DATE,POSTED_SPEED_LIMIT,TRAFFIC_CONTROL_DEVICE,DEVICE_CONDITION,WEATHER_CONDITION,LIGHTING_CONDITION,FIRST_CRASH_TYPE,TRAFFICWAY_TYPE,LANE_CNT,ALIGNMENT,ROADWAY_SURFACE_COND,ROAD_DEFECT,REPORT_TYPE,CRASH_TYPE,INTERSECTION_RELATED_I,NOT_RIGHT_OF_WAY_I,HIT_AND_RUN_I,DAMAGE,DATE_POLICE_NOTIFIED,PRIM_CONTRIBUTORY_CAUSE,SEC_CONTRIBUTORY_CAUSE,STREET_NO,STREET_DIRECTION,STREET_NAME,BEAT_OF_OCCURRENCE,PHOTOS_TAKEN_I,STATEMENTS_TAKEN_I,DOORING_I,WORK_ZONE_I,WORK_ZONE_TYPE,WORKERS_PRESENT_I,NUM_UNITS,MOST_SEVERE_INJURY,INJURIES_TOTAL,INJURIES_FATAL,INJURIES_INCAPACITATING,INJURIES_NON_INCAPACITATING,INJURIES_REPORTED_NOT_EVIDENT,INJURIES_NO_INDICATION,INJURIES_UNKNOWN,CRASH_HOUR,CRASH_DAY_OF_WEEK,CRASH_MONTH,LATITUDE,LONGITUDE,LOCATION
df48f4ae23811ce07ce5bc0d2253102ee7e18b239dcf8d8f9b4b2e15afc79229d4e0d7bb174fd19787f85096fca1922eb9bad3a855d82f2ee6a926e998036772,,08/10/2025 02:00:00 PM,30,STOP SIGN/FLASHER,FUNCTIONING PROPERLY,CLEAR,DAYLIGHT,TURNING,NOT DIVIDED,,STRAIGHT AND LEVEL,DRY,NO DEFECTS,NOT ON SCENE (DESK REPORT),NO INJURY / DRIVE AWAY,Y,,,$500 OR LESS,08/10/2025 05:00:00 PM,FAILING TO YIELD RIGHT-OF-WAY,NOT APPLICABLE,2200,W,IRVING PARK RD,1911,,,,,,,2,NO INDICATION OF INJURY,0,0,0,0,0,2,0,14,1,8,41.9541935847,-87.6836752695,POINT (-87.683675269525 41.954193584671)
eb02e3a7f9edef2c860c8d3bfef37db6896b66c7a84845d30c941523645fa59103f86e1aa2802ceb376872c495f222286b5e7f078bded950f2f3f792d42c1a7e,,08/10/2025 01:57:00 PM,30,NO CONTROLS,NO CONTROLS,CLEAR,DAYLIGHT,SIDESWIPE SAME DIRECTION,NOT DIVIDED,,STRAIGHT AND LEVEL,DRY,NO DEFECTS,NOT ON SCENE (DESK REPORT),NO INJURY / DRIVE AWAY,,,,"$501 - $1,500",08/10/2025 02:46:00 PM,IMPROPER OVERTAKING/PASSING,NOT APPLICABLE,4698,W,47TH ST,815,,,,,,,2,NO INDICATION OF INJURY,0,0,0,0,0,3,0,13,1,8,41.8077631009,-87.7406516735,POINT (-87.740651673468 41.807763100944)
b53865c8300b7b7f12dd4f5ae552286776a06311409a294e56d3cc6a7ddf1fc61c424803cf774330ceb3af18d9c87fcbcbd174635a20f18ce637029641be88f3,,08/10/2025 01:53:00 PM,30,TRAFFIC SIGNAL,FUNCTIONING PROPERLY,CLEAR,DAYLIGHT,TURNING,NOT DIVIDED,,STRAIGHT AND LEVEL,DRY,NO DEFECTS,NOT ON SCENE (DESK REPORT),NO INJURY / DRIVE AWAY,Y,,,"OVER $1,500",08/10/2025 02:30:00 PM,FOLLOWING TOO CLOSELY,UNABLE TO DETERMINE,4300,S,WESTERN AVE,922,,,,,,,2,NO INDICATION OF INJURY,0,0,0,0,0,3,0,13,1,8,41.8156032045,-87.6847727236,POINT (-87.684772723609 41.815603204509)
1191081648257272f531dcaa4fdda4d9ae7da0d2c17c5bfb7da70d2d63e393930d487b5e8f34cc8cf7b5370753ba8488c77b7673fec32939bc432da1517e713e,,08/10/2025 01:50:00 PM,30,TRAFFIC SIGNAL,FUNCTIONING PROPERLY,CLEAR,DAYLIGHT,TURNING,NOT DIVIDED,,STRAIGHT AND LEVEL,WET,NO DEFECTS,ON SCENE,INJURY AND / OR TOW DUE TO CRASH,,,,"OVER $1,500",08/10/2025 02:20:00 PM,UNABLE TO DETERMINE,UNABLE TO DETERMINE,4000,W,PETERSON AVE,1711,,,,,,,2,NO INDICATION OF INJURY,0,0,0,0,0,2,0,13,1,8,41.9902441856,-87.728714391,POINT (-87.728714391009 41.990244185647)
126309c7f32b85544e0c4863b8d2b52d25d1d79c85d08255cf533dc3d68e64663bbb4dccea8fad29a2a16809fdc4962a5036e0caa0c2c4e01f1eb28bb0ea4c30,,08/10/2025 01:40:00 PM,30,NO CONTROLS,NO CONTROLS,CLEAR,DAYLIGHT,PARKED MOTOR VEHICLE,NOT DIVIDED,,STRAIGHT AND LEVEL,DRY,NO DEFECTS,ON SCENE,NO INJURY / DRIVE AWAY,,,Y,"$501 - $1,500",08/10/2025 01:45:00 PM,UNABLE TO DETERMINE,NOT APPLICABLE,420,W,BELMONT AVE,1925,,,,,,,2,NO INDICATION OF INJURY,0,0,0,0,0,1,0,13,1,8,41.9402128873,-87.6404497737,POINT (-87.640449773738 41.94021288734)
4b1cbd1bac6b06195efa60f3b3c5520c71dedf7fbfccec744e16bfe817e08fd492c03355e886a40de09adc36b0472836bb2de0398bba7b62da236c155842ec4a,,08/10/2025 01:30:00 PM,30,TRAFFIC SIGNAL,FUNCTIONING PROPERLY,CLEAR,DAYLIGHT,REAR END,FOUR WAY,,STRAIGHT AND LEVEL,DRY,NO DEFECTS,NOT ON SCENE (DESK REPORT),NO INJURY / DRIVE AWAY,Y,,Y,"OVER $1,500",08/10/2025 02:15:00 PM,UNABLE TO DETERMINE,FOLLOWING TOO CLOSELY,718,W,63RD ST,711,,,,,,,2,NO INDICATION OF INJURY,0,0,0,0,0,3,0,13,1,8,41.7798783053,-87.6436137001,POINT (-87.64361370013 41.779878305259)
19270ffdc18d3fcd58c5494ab53df47dcb6514c0167176645199252e4570d3beda7aa2ff2daa707aca6cd7c1df152165293fb8a337423886ec11b394057c0e59,,08/10/2025 01:20:00 PM,40,NO CONTROLS,NO CONTROLS,CLEAR,DAYLIGHT,REAR END,DIVIDED - W/MEDIAN BARRIER,,STRAIGHT AND LEVEL,UNKNOWN,UNKNOWN,NOT ON SCENE (DESK REPORT),NO INJURY / DRIVE AWAY,,,Y,"OVER $1,500",08/10/2025 02:00:00 PM,UNABLE TO DETERMINE,UNABLE TO DETERMINE,2400,N,LAKE SHORE DR SB,1935,,,,,,,2,NO INDICATION OF INJURY,0,0,0,0,0,5,0,13,1,8,41.9261607198,-87.6315146648,POINT (-87.631514664826 41.926160719812)
2524bcfe94e38c1c2bbd4f212443bdbc64aee5bf72277ce588f9858e853f7c3a6fafc8005a7088d7d92cd1187f6871691ad15765a02047952ac9b384db9a112c,,08/10/2025 01:19:00 PM,20,NO CONTROLS,NO CONTROLS,CLEAR,DAYLIGHT,PARKED MOTOR VEHICLE,ONE-WAY,,STRAIGHT AND LEVEL,DRY,NO DEFECTS,ON SCENE,INJURY AND / OR TOW DUE TO CRASH,,,,"OVER $1,500",08/10/2025 01:25:00 PM,DRIVING SKILLS/KNOWLEDGE/EXPERIENCE,DRIVING SKILLS/KNOWLEDGE/EXPERIENCE,420,E,WATERSIDE DR,114,,,,,,,3,NONINCAPACITATING INJURY,1,0,0,1,0,2,0,13,1,8,41.887026634,-87.6165892303,POINT (-87.616589230348 41.887026634013)
414dabe45792b317d87e694e8b993127856aeb9e53bd9ee0348fab9494e4161a2ebce4f03c6ea869f784934c664c774cfae514afa5c6017d2d66431dc42d0213,,08/10/2025 01:05:00 PM,20,NO CONTROLS,NO CONTROLS,CLEAR,DAYLIGHT,ANGLE,PARKING LOT,,STRAIGHT AND LEVEL,DRY,UNKNOWN,ON SCENE,INJURY AND / OR TOW DUE TO CRASH,,Y,,"$501 - $1,500",08/10/2025 01:10:00 PM,UNABLE TO DETERMINE,UNABLE TO DETERMINE,4034,W,51ST ST,815,,,,,,,2,NONINCAPACITATING INJURY,1,0,0,1,0,1,0,13,1,8,41.8006398397,-87.7247926523,POINT (-87.724792652256 41.800639839742)
fd38ccfac769c0b0630d815adb01260375eec1eff743e2dfee22438591c7776a1e1cbd51b96c1fddd543e9f9a4a4fdcdacddd195613f389dadaefb7577e89dda,,08/10/2025 01:00:00 PM,30,NO CONTROLS,NO CONTROLS,CLEAR,DAYLIGHT,PARKED MOTOR VEHICLE,ONE-WAY,,STRAIGHT AND LEVEL,DRY,UNKNOWN,NOT ON SCENE (DESK REPORT),NO INJURY / DRIVE AWAY,,,Y,"OVER $1,500",08/10/2025 02:10:00 PM,UNABLE TO DETERMINE,UNABLE TO DETERMINE,527,N,LONG AVE,1523,,,,,,,2,NO INDICATION OF INJURY,0,0,0,0,0,1,0,13,1,8,41.8897692691,-87.7603045691,POINT (-87.760304569102 41.889769269059)
d8b317113aee90b6d32b32aea511126818c9c59c67a77575e817cd5e66a9cb7f806366dae56d27eee5434e560b9eda5e2e0b4602183de710c861b4b59072e7aa,,08/10/2025 12:42:00 PM,30,TRAFFIC SIGNAL,FUNCTIONING PROPERLY,CLOUDY/OVERCAST,DAYLIGHT,ANGLE,FOUR WAY,,STRAIGHT AND LEVEL,DRY,NO DEFECTS,ON SCENE,INJURY AND / OR TOW DUE TO CRASH,Y,,,"OVER $1,500",08/10/2025 12:52:00 PM,UNABLE TO DETERMINE,UNABLE TO DETERMINE,7200,W,BRYN MAWR AVE,1612,,,,,,,2,NO INDICATION OF INJURY,0,0,0,0,0,5,0,12,1,8,41.9828764684,-87.8070768414,POINT (-87.807076841426 41.982876468384)
720530396d112dc2f3c4ff250a688256ea9e7605212f12d864c90a215bf558137aba86ead511723315e895195d12c3cbfefc918cb7b37e40c145688cfe409abd,,08/10/2025 12:41:00 PM,30,TRAFFIC SIGNAL,FUNCTIONING PROPERLY,CLEAR,DAYLIGHT,TURNING,DIVIDED - W/MEDIAN (NOT RAISED),,STRAIGHT AND LEVEL,DRY,NO DEFECTS,ON SCENE,INJURY AND / OR TOW DUE TO CRASH,Y,,,"OVER $1,500",08/10/2025 12:45:00 PM,FAILING TO YIELD RIGHT-OF-WAY,UNABLE TO DETERMINE,1901,W,DIVERSEY PKWY,1931,,,,,,,3,NONINCAPACITATING INJURY,2,0,0,2,0,0,0,12,1,8,41.9322118515,-87.675181302,POINT (-87.675181302036 41.932211851534)
768c16df19505f7bdb7a1bee1b4141c5e885fc19c4a60cee3a6eaa6d5ea26e96de8b5be2fa7b28329d855f8f03512171e4fd22479b2d82226e0ce2ba18d97556,,08/10/2025 12:38:00 PM,30,NO CONTROLS,NO CONTROLS,CLEAR,DAYLIGHT,SIDESWIPE SAME DIRECTION,NOT DIVIDED,,STRAIGHT AND LEVEL,DRY,NO DEFECTS,NOT ON SCENE (DESK REPORT),NO INJURY / DRIVE AWAY,,,,"$501 - $1,500",08/10/2025 01:22:00 PM,NOT APPLICABLE,NOT APPLICABLE,8452,S,KEDZIE AVE,834,,,,,,,2,NO INDICATION OF INJURY,0,0,0,0,0,3,0,12,1,8,41.7390842736,-87.7022444637,POINT (-87.702244463748 41.739084273588)
02cf11b9427f33bb30e5459f5f5ad77080addcaf148ad099e5d25ea6a2ac0a1a8e013f34af5ea56851caafaf233bb863d1f4af92dac699c3a89c2d58b0352027,,08/10/2025 12:35:00 PM,35,NO CONTROLS,NO CONTROLS,CLEAR,DAYLIGHT,TURNING,FOUR WAY,,STRAIGHT AND LEVEL,DRY,NO DEFECTS,ON SCENE,INJURY AND / OR TOW DUE TO CRASH,Y,,,"OVER $1,500",08/10/2025 12:37:00 PM,FAILING TO YIELD RIGHT-OF-WAY,DRIVING SKILLS/KNOWLEDGE/EXPERIENCE,4110,N,NARRAGANSETT AVE,1632,,,,,,,3,"REPORTED, NOT EVIDENT",3,0,0,0,3,0,0,12,1,8,41.9550839359,-87.7867777079,POINT (-87.78677770785 41.955083935851)
7d04438ad5c7e073c40aa4d1f0053ab0d4c4a6e8b7ca28bd473858f1ec70d880f736be11ea3f83761cab1a6ebf25e1e37b2734761a02f919e9876881ddf39d07,,08/10/2025 12:35:00 PM,30,STOP SIGN/FLASHER,FUNCTIONING PROPERLY,CLEAR,DAYLIGHT,SIDESWIPE SAME DIRECTION,FOUR WAY,,STRAIGHT AND LEVEL,UNKNOWN,UNKNOWN,NOT ON SCENE (DESK REPORT),NO INJURY / DRIVE AWAY,Y,,,"OVER $1,500",08/10/2025 01:25:00 PM,UNABLE TO DETERMINE,UNABLE TO DETERMINE,1301,S,KEDZIE AVE,1022,,,,,,,2,NO INDICATION OF INJURY,0,0,0,0,0,2,0,12,1,8,41.8644955183,-87.7054652044,POINT (-87.705465204434 41.864495518315)
a5230cf0eb2d7a44f0da068428938001c94053ec9c35cffcef2dbbc54dbb81d72f78718e5329d50969a9176521c072bd98d811f503a2902bd5103ae10f201e3d,,08/10/2025 12:35:00 PM,30,NO CONTROLS,NO CONTROLS,CLEAR,DAYLIGHT,PEDALCYCLIST,NOT DIVIDED,,STRAIGHT AND LEVEL,DRY,NO DEFECTS,ON SCENE,NO INJURY / DRIVE AWAY,,,,$500 OR LESS,08/10/2025 12:40:00 PM,FAILING TO YIELD RIGHT-OF-WAY,NOT APPLICABLE,3730,N,HALSTED ST,1923,,,,,,,2,NO INDICATION OF INJURY,0,0,0,0,0,3,0,12,1,8,41.9500998632,-87.6497241736,POINT (-87.649724173573 41.950099863241)
e6d42b6d4e63ac63662ba5c3f55e60538d1da63f8831066018a2b12cd23a4f6b1368a273406748d2170c5bbb2a4d732b3cdefefb778e10e41701c0192a8ca2d9,,08/10/2025 12:33:00 PM,30,NO CONTROLS,NO CONTROLS,CLEAR,DAYLIGHT,SIDESWIPE SAME DIRECTION,DIVIDED - W/MEDIAN (NOT RAISED),,STRAIGHT AND LEVEL,DRY,NO DEFECTS,NOT ON SCENE (DESK REPORT),NO INJURY / DRIVE AWAY,,,,"OVER $1,500",08/10/2025 03:43:00 PM,FAILING TO YIELD RIGHT-OF-WAY,NOT APPLICABLE,1814,N,WESTERN AVE,1434,,,,,,,2,NO INDICATION OF INJURY,0,0,0,0,0,2,0,12,1,8,41.914406751,-87.6874730752,POINT (-87.687473075158 41.914406750993)
40995946cdfd2775c893e3c8d0b41ba58f820023d057bb1aadc2c62f41f59393cac0741f2f8395fe1ff8441bd39fd66c32c1a708bef0ac65be6ded1490acf8a7,,08/10/2025 12:30:00 PM,25,NO CONTROLS,NO CONTROLS,CLEAR,DAYLIGHT,SIDESWIPE SAME DIRECTION,ONE-WAY,,STRAIGHT AND LEVEL,DRY,NO DEFECTS,NOT ON SCENE (DESK REPORT),NO INJURY / DRIVE AWAY,,,,"$501 - $1,500",08/10/2025 01:00:00 PM,NOT APPLICABLE,NOT APPLICABLE,3722,N,OLEANDER AVE,1631,,,,,,,2,NO INDICATION OF INJURY,0,0,0,0,0,2,0,12,1,8,41.9472935558,-87.8157821681,POINT (-87.815782168104 41.947293555832)
342468e2ce5b4ae11f5879945ec70bb2f81b23eea6abca00ea76c9bc80146e5ad49cc9221de39ed35e43fa5d7335331b6ace796b7a1d873fb53372b6b200de5f,,08/10/2025 12:22:00 PM,20,NO CONTROLS,NO CONTROLS,CLEAR,DAYLIGHT,OTHER OBJECT,NOT DIVIDED,,STRAIGHT AND LEVEL,DRY,OTHER,ON SCENE,INJURY AND / OR TOW DUE TO CRASH,,,,"OVER $1,500",08/10/2025 12:22:00 PM,UNABLE TO DETERMINE,NOT APPLICABLE,7223,S,HERMITAGE AVE,735,,,,Y,UTILITY,,1,NO INDICATION OF INJURY,0,0,0,0,0,1,0,12,1,8,41.7623408505,-87.6672436346,POINT (-87.667243634557 41.762340850466)
de34c22d51f32f09f535859102a9e2c6c65bda01b167e10fbcbd399de8125198f041eeeeb94b2d8523de4f32109b2126a4c6d1a0cd1cf4919845fd3c71e3cbd5,,08/10/2025 12:22:00 PM,30,NO CONTROLS,NO CONTROLS,CLEAR,DAYLIGHT,PEDESTRIAN,NOT DIVIDED,,STRAIGHT AND LEVEL,DRY,NO DEFECTS,,INJURY AND / OR TOW DUE TO CRASH,Y,,Y,"OVER $1,500",08/10/2025 12:23:00 PM,"VISION OBSCURED (SIGNS, TREE LIMBS, BUILDINGS, ETC.)",NOT APPLICABLE,3998,W,CONGRESS PKWY,1132,,,,,,,2,INCAPACITATING INJURY,1,0,1,0,0,2,0,12,1,8,41.8744696874,-87.7253238658,POINT (-87.72532386577 41.87446968738)
29f9a0726e73692e44ca4e7eba8f515b48fe2041df8bd9a839ef2b7ef8d90f984dcad6968fe1d80d5bf605443b53410f75b69f7e4db720e4a28ffffbe5a9ba10,,08/10/2025 12:11:00 PM,30,RR CROSSING SIGN,UNKNOWN,UNKNOWN,DAYLIGHT,TURNING,UNKNOWN,,STRAIGHT AND LEVEL,UNKNOWN,UNKNOWN,NOT ON SCENE (DESK REPORT),NO INJURY / DRIVE AWAY,,,Y,"OVER $1,500",08/12/2025 02:20:00 PM,UNABLE TO DETERMINE,UNABLE TO DETERMINE,5998,W,IRVING PARK RD,1624,,,,,,,2,NO INDICATION OF INJURY,0,0,0,0,0,2,0,12,1,8,41.9531678239,-87.7767203871,POINT (-87.776720387061 41.953167823917)
728fffaf971e1cba1f1196bf61040e103c5e5fa1655eecd2b2994e314592c1e4ca4a8359f10e75205eee8e6cbe096d47f1eff827a402e91f196af2a3b406d19d,,08/10/2025 12:10:00 PM,30,UNKNOWN,UNKNOWN,CLEAR,DAYLIGHT,SIDESWIPE SAME DIRECTION,NOT DIVIDED,,STRAIGHT AND LEVEL,DRY,UNKNOWN,ON SCENE,INJURY AND / OR TOW DUE TO CRASH,,,,"OVER $1,500",08/10/2025 12:29:00 PM,FAILING TO YIELD RIGHT-OF-WAY,FAILING TO YIELD RIGHT-OF-WAY,1255,W,ADDISON ST,1924,,,,,,,2,INCAPACITATING INJURY,1,0,1,0,0,2,0,12,1,8,41.9470019191,-87.6613869922,POINT (-87.661386992158 41.947001919097)
3fe9ce8ee8c49ab3346a454f128f7116b54586da603b31e3572a1d715e676b3d76af779e0802af4edcc752333ee8b173a9c0c863da4270052db907a626c98645,,08/10/2025 12:07:00 PM,30,STOP SIGN/FLASHER,FUNCTIONING PROPERLY,UNKNOWN,DAYLIGHT,REAR END,T-INTERSECTION,,STRAIGHT AND LEVEL,DRY,UNKNOWN,NOT ON SCENE (DESK REPORT),NO INJURY / DRIVE AWAY,Y,,,$500 OR LESS,08/13/2025 12:50:00 PM,FAILING TO REDUCE SPEED TO AVOID CRASH,NOT APPLICABLE,7000,S,SOUTH SHORE DR,331,,,,,,,2,NO INDICATION OF INJURY,0,0,0,0,0,2,0,12,1,8,41.7680284693,-87.5666498932,POINT (-87.566649893195 41.768028469262)
f222aa0a74782b633e2cc8a5c80d6a678c6b5a91a0970ced7abd4cc68101dea5996a0b0c9b62b7c60cdda45e92b7e1da2edf20ae648a05dd4107d34929919ccf,,08/10/2025 12:05:00 PM,30,TRAFFIC SIGNAL,FUNCTIONING PROPERLY,CLEAR,DAYLIGHT,ANGLE,FOUR WAY,,STRAIGHT AND LEVEL,DRY,NO DEFECTS,NOT ON SCENE (DESK REPORT),NO INJURY / DRIVE AWAY,,,Y,"$501 - $1,500",08/10/2025 05:30:00 PM,DISREGARDING TRAFFIC SIGNALS,FOLLOWING TOO CLOSELY,550,E,PERSHING RD,212,,,,,,,2,NO INDICATION OF INJURY,0,0,0,0,0,2,0,12,1,8,41.8239935146,-87.6131610238,POINT (-87.613161023791 41.823993514612)
1e9de58b025fa215a747e8df6ff3ac969517c7c07543b309ef1a55ec8f2915e3dc80987d9c8adca7e4613c08eac7bf5be7aa0c4c9c0d6315e326d0511f16d216,,08/10/2025 12:00:00 PM,35,NO CONTROLS,NO CONTROLS,CLEAR,DAYLIGHT,REAR END,NOT DIVIDED,,STRAIGHT AND LEVEL,DRY,NO DEFECTS,NOT ON SCENE (DESK REPORT),NO INJURY / DRIVE AWAY,,,,"$501 - $1,500",08/10/2025 01:00:00 PM,UNABLE TO DETERMINE,NOT APPLICABLE,4872,N,MILWAUKEE AVE,1623,,,,,,,2,NO INDICATION OF INJURY,0,0,0,0,0,3,0,12,1,8,41.9696248035,-87.7624441515,POINT (-87.762444151502 41.969624803483)
7687f08f9628f727e5b26002afbbedb6c25a9a9d0251c745dc63f86cb1854bc27aa24737d1a768a82cf39849a83dc7ee35e60ab4fe048ade3a7ed3dee2ee9747,,08/10/2025 12:00:00 PM,30,STOP SIGN/FLASHER,NO CONTROLS,CLEAR,DAYLIGHT,TURNING,NOT DIVIDED,,STRAIGHT AND LEVEL,DRY,NO DEFECTS,NOT ON SCENE (DESK REPORT),NO INJURY / DRIVE AWAY,Y,,N,"OVER $1,500",08/10/2025 12:42:00 PM,UNABLE TO DETERMINE,UNABLE TO DETERMINE,6400,W,ARCHER AVE,811,,,,,,,2,NO INDICATION OF INJURY,0,0,0,0,0,2,0,12,1,8,41.7924552555,-87.7818768499,POINT (-87.781876849877 41.792455255505)
cdc8ce1dac667515409c64cc918aef30e76e28600592cc41870c145d21048a9cac4b02eb71d8ace9f6eeb82271adbf5ffa25e2a6168cde569c660472fb4481f7,,08/10/2025 12:00:00 PM,30,NO CONTROLS,NO CONTROLS,CLEAR,DAYLIGHT,PARKED MOTOR VEHICLE,ONE-WAY,,STRAIGHT AND LEVEL,DRY,NO DEFECTS,NOT ON SCENE (DESK REPORT),NO INJURY / DRIVE AWAY,,,Y,"OVER $1,500",08/12/2025 10:20:00 AM,UNABLE TO DETERMINE,UNABLE TO DETERMINE,8837,S,LAFLIN ST,2222,,,,,,,2,NO INDICATION OF INJURY,0,0,0,0,0,1,0,12,1,8,41.7329228958,-87.6604021628,POINT (-87.660402162782 41.732922895774)
e5a8ee4704cf176114930761100ce26b6fe89261ebd3a3cbe137403ee6dd1ef6a874e8a033f787a91375655d929468b6fd51a715e10b663953221fb89907ed34,,08/10/2025 11:57:00 AM,30,STOP SIGN/FLASHER,FUNCTIONING PROPERLY,CLEAR,DAYLIGHT,PEDALCYCLIST,T-INTERSECTION,,STRAIGHT AND LEVEL,DRY,NO DEFECTS,NOT ON SCENE (DESK REPORT),INJURY AND / OR TOW DUE TO CRASH,Y,,,"OVER $1,500",08/10/2025 02:15:00 PM,UNABLE TO DETERMINE,UNABLE TO DETERMINE,1959,N,HARDING AVE,2535,,,Y,,,,2,NONINCAPACITATING INJURY,1,0,0,1,0,1,0,11,1,8,41.9170938455,-87.7251856069,POINT (-87.725185606943 41.917093845465)
8a89d2014ede69a426244c46b539507cf470018549d0b4568c27b95f9e53483df6d3a947d2dcda57e30fe60929835823760d3be7865a1705d2463320442ac1ce,,08/10/2025 11:50:00 AM,30,NO CONTROLS,NO CONTROLS,CLEAR,DAYLIGHT,SIDESWIPE SAME DIRECTION,ONE-WAY,,STRAIGHT AND LEVEL,DRY,NO DEFECTS,ON SCENE,NO INJURY / DRIVE AWAY,,,,"$501 - $1,500",08/10/2025 11:53:00 AM,NOT APPLICABLE,NOT APPLICABLE,4236,W,HIRSCH ST,2534,,,,,,,2,NO INDICATION OF INJURY,0,0,0,0,0,3,0,11,1,8,41.9063095623,-87.7327670834,POINT (-87.732767083399 41.906309562264)
f503bfc0131b204a409a3fcbbca4263256bd807a84284925500d2fe8c079069378d1437dffa660bb6f055bb77c1bc4c0c1072a3526fd82f64c1dcf699594a676,,08/10/2025 11:50:00 AM,20,NO CONTROLS,NO CONTROLS,CLEAR,DAYLIGHT,PARKED MOTOR VEHICLE,NOT DIVIDED,,STRAIGHT AND LEVEL,DRY,NO DEFECTS,NOT ON SCENE (DESK REPORT),NO INJURY / DRIVE AWAY,,,,"OVER $1,500",08/13/2025 12:30:00 PM,UNABLE TO DETERMINE,NOT APPLICABLE,2721,W,84TH ST,835,,,,,,,2,NO INDICATION OF INJURY,0,0,0,0,0,1,0,11,1,8,41.7408144733,-87.6906754795,POINT (-87.690675479484 41.740814473277)
6ee357864436883bdcf56bdf99a19a88f331f6ed803c4d36db9be3d31db721c87f5b4b54dffd798941dd39ab2d041b2ac7c0f16938205e7111bdf09fbde9f6ee,Y,08/10/2025 11:45:00 AM,30,NO CONTROLS,NO CONTROLS,CLEAR,DAYLIGHT,REAR END,DIVIDED - W/MEDIAN (NOT RAISED),,STRAIGHT AND LEVEL,DRY,NO DEFECTS,NOT ON SCENE (DESK REPORT),INJURY AND / OR TOW DUE TO CRASH,,,,"OVER $1,500",08/10/2025 12:05:00 PM,FAILING TO YIELD RIGHT-OF-WAY,FAILING TO REDUCE SPEED TO AVOID CRASH,5548,W,GRAND AVE,2515,,,,,,,3,"REPORTED, NOT EVIDENT",1,0,0,0,1,3,0,11,1,8,41.9187697138,-87.7652099994,POINT (-87.76520999942 41.918769713807)
c7ccf803d4e31d548e1ce530d1de32f7463e2beb67065614587c13ce32360a0b1f383b465c03dacc4cc4db12491fc6739524ae2bb6958f65c9764bd5103012f7,,08/10/2025 11:45:00 AM,30,STOP SIGN/FLASHER,FUNCTIONING PROPERLY,CLEAR,DAYLIGHT,REAR END,FOUR WAY,,STRAIGHT AND LEVEL,DRY,NO DEFECTS,NOT ON SCENE (DESK REPORT),NO INJURY / DRIVE AWAY,,,,"$501 - $1,500",08/10/2025 12:15:00 PM,FOLLOWING TOO CLOSELY,FOLLOWING TOO CLOSELY,5800,N,BROADWAY,2013,,,,,,,2,NO INDICATION OF INJURY,0,0,0,0,0,2,0,11,1,8,41.9869634776,-87.660318021,POINT (-87.660318021002 41.986963477571)
fa5a68bc63012f5a8b6a24cdd04b00d978f46bcbc122dc07688c6304bbc99a84233ffa4a67d83068a8b8dad465ddfe50f560c67b8b349dad1cabe8031201dfe7,,08/10/2025 11:40:00 AM,30,NO CONTROLS,NO CONTROLS,CLEAR,DAYLIGHT,PARKED MOTOR VEHICLE,PARKING LOT,,STRAIGHT AND LEVEL,DRY,NO DEFECTS,NOT ON SCENE (DESK REPORT),NO INJURY / DRIVE AWAY,,,,$500 OR LESS,08/11/2025 06:00:00 PM,IMPROPER BACKING,NOT APPLICABLE,811,S,LYTLE ST,1231,,,,,,,2,NO INDICATION OF INJURY,0,0,0,0,0,1,0,11,1,8,41.871321623,-87.6578914076,POINT (-87.657891407555 41.871321622987)
968114737857baefb5d349b07627e85fe5877235512fd4ff5031ff7a7dd36fd84d1dfc7118c78fa978bb96e4e9df021888b59670cb7699f62e16d640a949641f,,08/10/2025 11:34:00 AM,30,NO CONTROLS,NO CONTROLS,CLEAR,DAYLIGHT,PARKED MOTOR VEHICLE,PARKING LOT,,STRAIGHT AND LEVEL,DRY,UNKNOWN,NOT ON SCENE (DESK REPORT),NO INJURY / DRIVE AWAY,,,,"$501 - $1,500",08/11/2025 05:30:00 PM,IMPROPER TURNING/NO SIGNAL,NOT APPLICABLE,220,W,CHICAGO AVE,1823,,,,,,,2,NO INDICATION OF INJURY,0,0,0,0,0,1,0,11,1,8,41.8966917703,-87.6351194384,POINT (-87.63511943839 41.896691770254)
65823b6cac41d0e6faae9dcb0928bca5830950c9483b022869d4ab4ed0e6b4f2d3a746a700f1c5ba235c401c5125ec3fa85ced69d3e7cac8ef69e9bf0e665ec0,,08/10/2025 11:33:00 AM,30,TRAFFIC SIGNAL,FUNCTIONING PROPERLY,CLEAR,DAYLIGHT,SIDESWIPE SAME DIRECTION,FOUR WAY,,STRAIGHT AND LEVEL,DRY,NO DEFECTS,ON SCENE,NO INJURY / DRIVE AWAY,,,Y,$500 OR LESS,08/10/2025 11:35:00 AM,UNABLE TO DETERMINE,UNABLE TO DETERMINE,1958,W,71ST ST,735,,,,,,,2,NO INDICATION OF INJURY,0,0,0,0,0,2,0,11,1,8,41.7649167743,-87.673475087,POINT (-87.67347508697 41.764916774341)