CRASH_RECORD_ID,CRASH_DATE_EST_I,CRASH_DATE,POSTED_SPEED_LIMIT,TRAFFIC_CONTROL_DEVICE,DEVICE_CONDITION,WEATHER_CONDITION,LIGHTING_CONDITION,FIRST_CRASH_TYPE,TRAFFICWAY_TYPE,LANE_CNT,ALIGNMENT,ROADWAY_SURFACE_COND,ROAD_DEFECT,REPORT_TYPE,CRASH_TYPE,INTERSECTION_RELATED_I,NOT_RIGHT_OF_WAY_I,HIT_AND_RUN_I,DAMAGE,DATE_POLICE_NOTIFIED,PRIM_CONTRIBUTORY_CAUSE,SEC_CONTRIBUTORY_CAUSE,STREET_NO,STREET_DIRECTION,STREET_NAME,BEAT_OF_OCCURRENCE,PHOTOS_TAKEN_I,STATEMENTS_TAKEN_I,DOORING_I,WORK_ZONE_I,WORK_ZONE_TYPE,WORKERS_PRESENT_I,NUM_UNITS,MOST_SEVERE_INJURY,INJURIES_TOTAL,INJURIES_FATAL,INJURIES_INCAPACITATING,INJURIES_NON_INCAPACITATING,INJURIES_REPORTED_NOT_EVIDENT,INJURIES_NO_INDICATION,INJURIES_UNKNOWN,CRASH_HOUR,CRASH_DAY_OF_WEEK,CRASH_MONTH,LATITUDE,LONGITUDE,LOCATION
473d58538e1b4e1c4de2d8d67d2a07690951dbd312b2d862516583e5f3315a096f3e001fcb26eaed3aea505b039ed129c765c10e9af9996f08d84a473c7184d8,,08/10/2025 11:30:00 AM,20,NO CONTROLS,NO CONTROLS,CLEAR,DAYLIGHT,PARKED MOTOR VEHICLE,OTHER,,STRAIGHT AND LEVEL,DRY,NO DEFECTS,NOT ON SCENE (DESK REPORT),NO INJURY / DRIVE AWAY,,Y,Y,"OVER $1,500",08/11/2025 12:30:00 PM,UNABLE TO DETERMINE,UNABLE TO DETERMINE,221,N,STETSON AVE,114,,,,,,,2,NO INDICATION OF INJURY,0,0,0,0,0,1,0,11,1,8,41.886215557,-87.6221699924,POINT (-87.622169992421 41.886215557047)
4d1fae1d01c27c64c9135b4c2acc4cf33beb960394bf816be9a4e8fc56629736e6048e40bb199a364205df3e9a4c247c41a1a45184db79ed6f4bd48d1fb847be,,08/10/2025 11:30:00 AM,30,NO CONTROLS,NO CONTROLS,CLEAR,DAYLIGHT,PARKED MOTOR VEHICLE,ONE-WAY,,STRAIGHT AND LEVEL,DRY,NO DEFECTS,ON SCENE,NO INJURY / DRIVE AWAY,,,,"$501 - $1,500",08/10/2025 11:40:00 AM,NOT APPLICABLE,NOT APPLICABLE,3613,N,JANSSEN AVE,1922,,,,,,,2,NO INDICATION OF INJURY,0,0,0,0,0,1,0,11,1,8,41.947481105,-87.6650947694,POINT (-87.66509476939 41.947481105011)
4fb84bfdd99e110737e5456f94e81be7c3779b1652f1a1fca33e3d6360ac1bbbf932b4b41a9e2e9284457a5803b36009f2b9c850cd3a5b1406405e44ed2e5262,,08/10/2025 11:30:00 AM,30,NO CONTROLS,NO CONTROLS,CLEAR,DAYLIGHT,PARKED MOTOR VEHICLE,NOT DIVIDED,,STRAIGHT AND LEVEL,DRY,NO DEFECTS,NOT ON SCENE (DESK REPORT),NO INJURY / DRIVE AWAY,,,,"OVER $1,500",08/12/2025 01:20:00 PM,UNABLE TO DETERMINE,NOT APPLICABLE,10226,S,HALSTED ST,2232,,,,,,,2,NO INDICATION OF INJURY,0,0,0,0,0,1,0,11,1,8,41.7079099282,-87.6430067378,POINT (-87.643006737818 41.707909928157)
dc95580c244a5e22aa0b4203a81034e21bcfbf2911b141d484ca5c63fe5a7bffeca40f996b8a408955021bd8dfca450c3d3d43845f8f738e96398f1cb3b649d0,,08/10/2025 11:30:00 AM,30,NO CONTROLS,NO CONTROLS,CLEAR,DAYLIGHT,SIDESWIPE SAME DIRECTION,DIVIDED - W/MEDIAN BARRIER,,STRAIGHT AND LEVEL,DRY,NO DEFECTS,ON SCENE,INJURY AND / OR TOW DUE TO CRASH,,,,"OVER $1,500",08/10/2025 11:36:00 AM,UNABLE TO DETERMINE,NOT APPLICABLE,32,S,WESTERN AVE,1125,,,,,,,2,"REPORTED, NOT EVIDENT",1,0,0,0,1,1,0,11,1,8,41.8803005836,-87.6865597955,POINT (-87.6865597955 41.88030058363)
fa23dcb55a1ecba90b86a444ad598bb09bdefe56b49e53a402a0cdcac25c7fc486c1e2c899dc376095f78a90f4d8b22b1d8e97ae7ebfed37c3a20ac3566e522a,,08/10/2025 11:26:00 AM,30,NO CONTROLS,NO CONTROLS,CLEAR,DAYLIGHT,PARKED MOTOR VEHICLE,ONE-WAY,,STRAIGHT AND LEVEL,DRY,NO DEFECTS,NOT ON SCENE (DESK REPORT),NO INJURY / DRIVE AWAY,,,,"OVER $1,500",08/13/2025 03:10:00 PM,UNABLE TO DETERMINE,UNABLE TO DETERMINE,2038,N,NEWLAND AVE,2512,,,,,,,2,NO INDICATION OF INJURY,0,0,0,0,0,1,0,11,1,8,41.9174338269,-87.7988613857,POINT (-87.79886138572 41.917433826928)
270246ef685bfb6ea04dd23330c25d717b4c47d510fcae68c1417d05b7c5c3bfc450c9a714b67516b7f2744a6a1faf25e676876cbd00c1526445144ff8576c55,,08/10/2025 11:25:00 AM,25,UNKNOWN,UNKNOWN,UNKNOWN,UNKNOWN,SIDESWIPE OPPOSITE DIRECTION,NOT DIVIDED,,STRAIGHT AND LEVEL,UNKNOWN,UNKNOWN,NOT ON SCENE (DESK REPORT),NO INJURY / DRIVE AWAY,,,,"OVER $1,500",08/10/2025 01:20:00 PM,NOT APPLICABLE,NOT APPLICABLE,228,W,CHICAGO AVE,1823,,,,,,,2,NO INDICATION OF INJURY,0,0,0,0,0,2,0,11,1,8,41.8967000583,-87.6354608475,POINT (-87.635460847506 41.896700058276)
1f785d24c81ea3e4c51ebf9543fa31e18f3e1e87c087bc2993cf1640f6d864411bdedd55f6be300521051b0cbbab345564329053ff986a02eaa5006a48bd28d5,,08/10/2025 11:24:00 AM,30,TRAFFIC SIGNAL,FUNCTIONING PROPERLY,CLEAR,DAYLIGHT,REAR END,FOUR WAY,,STRAIGHT AND LEVEL,DRY,NO DEFECTS,ON SCENE,NO INJURY / DRIVE AWAY,Y,,,"$501 - $1,500",08/10/2025 11:27:00 AM,FOLLOWING TOO CLOSELY,NOT APPLICABLE,5938,N,BROADWAY,2013,,,,,,,2,NO INDICATION OF INJURY,0,0,0,0,0,3,0,11,1,8,41.9901622952,-87.6604180086,POINT (-87.660418008647 41.99016229521)
2b477d709b36ccf15f35e0815f4f9c94fdf91eb96b91cba462476c20004518aecb7ef14c9864c742c96658f43c0df9d3f377684cd85618a3abd492110bc1b64e,,08/10/2025 11:21:00 AM,30,UNKNOWN,UNKNOWN,CLEAR,DAYLIGHT,REAR END,ONE-WAY,,STRAIGHT AND LEVEL,DRY,UNKNOWN,NOT ON SCENE (DESK REPORT),NO INJURY / DRIVE AWAY,,,Y,"OVER $1,500",08/10/2025 11:50:00 AM,FOLLOWING TOO CLOSELY,DRIVING SKILLS/KNOWLEDGE/EXPERIENCE,1745,S,UNION AVE,1235,,Y,,,,,2,NO INDICATION OF INJURY,0,0,0,0,0,2,0,11,1,8,41.8577785815,-87.6446408026,POINT (-87.644640802573 41.857778581503)
f92e0a7e3e5ac9521892c19aafd9c4ec31ee16b3cd9c4d40dd2b698dbf4f8232c5995cba75260622ee061a86b3af964f11bcc5cfc78ee597021118cc272a6cb7,,08/10/2025 11:15:00 AM,35,NO CONTROLS,NO CONTROLS,CLEAR,DAYLIGHT,REAR END,NOT DIVIDED,,STRAIGHT AND LEVEL,DRY,NO DEFECTS,NOT ON SCENE (DESK REPORT),NO INJURY / DRIVE AWAY,Y,,N,$500 OR LESS,08/10/2025 11:30:00 AM,UNABLE TO DETERMINE,UNABLE TO DETERMINE,3757,N,SACRAMENTO AVE,1733,,,,,,,2,NO INDICATION OF INJURY,0,0,0,0,0,2,0,11,1,8,41.9501578851,-87.7028753582,POINT (-87.702875358154 41.950157885074)
cdd1994eae78d0f5c7677e2db19f41cd84f0d48fc953db766e962ce264f7f6a6517a881fc1d6ae793f375a8e5f0bc9556a569f3517238b2984b87fa67560147f,,08/10/2025 11:11:00 AM,10,NO CONTROLS,NO CONTROLS,CLEAR,DAYLIGHT,PARKED MOTOR VEHICLE,PARKING LOT,,STRAIGHT AND LEVEL,DRY,NO DEFECTS,ON SCENE,NO INJURY / DRIVE AWAY,,,Y,"$501 - $1,500",08/10/2025 11:49:00 AM,DRIVING SKILLS/KNOWLEDGE/EXPERIENCE,UNABLE TO DETERMINE,4500,N,BROADWAY,1913,,,,,,,2,NO INDICATION OF INJURY,0,0,0,0,0,1,0,11,1,8,41.9637889643,-87.6566064924,POINT (-87.656606492376 41.963788964252)
ab48b2304f575354aa1fb5d28829e1233947a4038e734eb62ac3d287cc66bcc3c31f47bd19be68b400bdea15bdfb8df0fb46e01d24d366e6fa377ad0a8db13b6,,08/10/2025 11:10:00 AM,30,NO CONTROLS,NO CONTROLS,CLEAR,DAYLIGHT,SIDESWIPE SAME DIRECTION,NOT DIVIDED,,STRAIGHT AND LEVEL,DRY,NO DEFECTS,ON SCENE,INJURY AND / OR TOW DUE TO CRASH,,,,"OVER $1,500",08/10/2025 11:11:00 AM,FAILING TO YIELD RIGHT-OF-WAY,FAILING TO YIELD RIGHT-OF-WAY,55,E,75TH ST,623,,,,,,,2,NO INDICATION OF INJURY,0,0,0,0,0,3,0,11,1,8,41.758164129,-87.6225291969,POINT (-87.622529196875 41.758164129025)
cd19929a762c872bee430f49e08ca0095ec9ea98ae05998ebb7773f528c3edbc1fb031d24e2233a1872fe944e73f0317a522be8c5e8ce314709d601d82e6c3d8,,08/10/2025 11:10:00 AM,30,STOP SIGN/FLASHER,FUNCTIONING PROPERLY,CLEAR,DAYLIGHT,ANGLE,NOT DIVIDED,,STRAIGHT AND LEVEL,DRY,UNKNOWN,NOT ON SCENE (DESK REPORT),NO INJURY / DRIVE AWAY,Y,,,"OVER $1,500",08/11/2025 06:45:00 AM,FAILING TO YIELD RIGHT-OF-WAY,FAILING TO REDUCE SPEED TO AVOID CRASH,5200,N,OKETO AVE,1613,,,,,,,2,NO INDICATION OF INJURY,0,0,0,0,0,3,0,11,1,8,41.9745065189,-87.8121606349,POINT (-87.812160634931 41.974506518876)
3b7fa9f36f84eb96dc82f2b1ae62e251f800892179dc635ea2c1cf3b5a605b4b290c4029a7d12321d66371be82cae6c5998132627ef35b6e6c96b299f961746c,,08/10/2025 11:05:00 AM,30,NO CONTROLS,NO CONTROLS,CLEAR,DAYLIGHT,PARKED MOTOR VEHICLE,NOT DIVIDED,,STRAIGHT AND LEVEL,DRY,NO DEFECTS,,NO INJURY / DRIVE AWAY,,,,"OVER $1,500",08/10/2025 12:17:00 PM,DRIVING SKILLS/KNOWLEDGE/EXPERIENCE,DRIVING SKILLS/KNOWLEDGE/EXPERIENCE,51,E,14TH ST,131,,,,,,,2,NO INDICATION OF INJURY,0,0,0,0,0,1,0,11,1,8,41.8639617994,-87.6253987513,POINT (-87.625398751263 41.863961799386)
01919bc67ba650b970536929c1ae13995fd99bba779f752d3c50a3adb91484ae04d6c8175133d911c97ea60a3bd7cf9f2862200978cde6ee84e7d9c2470e6bd4,,08/10/2025 10:42:00 AM,30,NO CONTROLS,NO CONTROLS,CLEAR,DAYLIGHT,PEDALCYCLIST,NOT DIVIDED,,STRAIGHT AND LEVEL,DRY,NO DEFECTS,ON SCENE,INJURY AND / OR TOW DUE TO CRASH,,,,"$501 - $1,500",08/10/2025 10:43:00 AM,FAILING TO YIELD RIGHT-OF-WAY,NOT APPLICABLE,1207,W,PRATT BLVD,2432,,,N,,,,2,NONINCAPACITATING INJURY,1,0,0,1,0,1,0,10,1,8,42.005425228,-87.6612833496,POINT (-87.661283349576 42.005425227986)
c05a00d769630de7f6ccbd595069fcc1cb3b5efb979fa8e984cb35270ef818005275afb6a6312d8a047e57e7d425fb2c44440ebb7d51d44555e6a57ab0532b04,,08/10/2025 10:37:00 AM,25,UNKNOWN,UNKNOWN,UNKNOWN,UNKNOWN,PARKED MOTOR VEHICLE,PARKING LOT,,STRAIGHT AND LEVEL,UNKNOWN,UNKNOWN,NOT ON SCENE (DESK REPORT),NO INJURY / DRIVE AWAY,,,,"OVER $1,500",08/13/2025 04:10:00 PM,NOT APPLICABLE,NOT APPLICABLE,1700,N,NORTH PARK AVE,1814,,,,,,,2,NO INDICATION OF INJURY,0,0,0,0,0,1,0,10,1,8,41.9128862766,-87.6368659971,POINT (-87.636865997108 41.912886276614)
44988f4270bd547f323098ad6c6a6a31491f20cce55a13f1f4b2227be2735a688fa9a60807106630f32cc5aab862661cb82e5db797b8ae6cdcc27c2a1b01df83,,08/10/2025 10:30:00 AM,30,NO CONTROLS,NO CONTROLS,CLEAR,DAYLIGHT,TURNING,NOT DIVIDED,,STRAIGHT AND LEVEL,DRY,NO DEFECTS,ON SCENE,NO INJURY / DRIVE AWAY,,,,"OVER $1,500",08/10/2025 10:30:00 AM,FAILING TO YIELD RIGHT-OF-WAY,IMPROPER TURNING/NO SIGNAL,2913,W,38TH ST,911,,,,,,,2,NO INDICATION OF INJURY,0,0,0,0,0,2,0,10,1,8,41.8244409601,-87.6976789459,POINT (-87.697678945933 41.824440960106)
b84c6d0e9c0f77ba4f8d7ab2430090ac6470d6e812bada70a387fe316dd28d62ced65a2fb0a57fdb58484ca2a15c92683b2228209ff065d5fa377e4da01ec03c,,08/10/2025 10:30:00 AM,30,NO CONTROLS,NO CONTROLS,CLEAR,DAYLIGHT,PARKED MOTOR VEHICLE,NOT DIVIDED,,STRAIGHT AND LEVEL,UNKNOWN,UNKNOWN,NOT ON SCENE (DESK REPORT),NO INJURY / DRIVE AWAY,,,,$500 OR LESS,08/10/2025 11:02:00 AM,DRIVING SKILLS/KNOWLEDGE/EXPERIENCE,UNABLE TO DETERMINE,6314,N,LINCOLN AVE,1711,,,,,,,2,NO INDICATION OF INJURY,0,0,0,0,0,2,0,10,1,8,41.9960292557,-87.7167872648,POINT (-87.716787264751 41.996029255706)
fcdbf41a1f2955310637d15658f75dde7a04d03abdd34126293bbc4d2f572018f3a8128a3d65971c09515449471add775e12c893ba6d575a37117fdb380badab,,08/10/2025 10:30:00 AM,30,TRAFFIC SIGNAL,FUNCTIONING PROPERLY,CLEAR,DAYLIGHT,REAR END,NOT DIVIDED,,STRAIGHT AND LEVEL,DRY,NO DEFECTS,NOT ON SCENE (DESK REPORT),NO INJURY / DRIVE AWAY,,,,"OVER $1,500",08/17/2025 03:00:00 PM,UNABLE TO DETERMINE,NOT APPLICABLE,4159,N,PULASKI RD,1723,,,,,,,2,NO INDICATION OF INJURY,0,0,0,0,0,5,0,10,1,8,41.957211584,-87.7275735917,POINT (-87.727573591667 41.95721158397)
733c3915b6d34aecd8ffffd8439e6a1fded044b8aaf881a4a96564c24ccd3b773fe8d7b7e92fc7c71ad4e06a2c34ac018b8164cb4973717097b335a1d6748c3f,,08/10/2025 10:16:00 AM,10,NO CONTROLS,NO CONTROLS,CLEAR,DAYLIGHT,PARKED MOTOR VEHICLE,PARKING LOT,,STRAIGHT AND LEVEL,DRY,NO DEFECTS,ON SCENE,NO INJURY / DRIVE AWAY,,Y,Y,"$501 - $1,500",08/10/2025 11:40:00 AM,UNABLE TO DETERMINE,UNABLE TO DETERMINE,4650,W,NORTH AVE,2533,,,,,,,2,NO INDICATION OF INJURY,0,0,0,0,0,1,0,10,1,8,41.909764527,-87.7433762957,POINT (-87.743376295706 41.909764527033)
fcb3fc2f930a3a3491fac205df2e49db71c893b40c61dcd3122b01ebffd74aa9dccdafb1803c7d612072413a524ff926c269a0b51c2aa068e7fca12b75d5e047,,08/10/2025 10:15:00 AM,30,NO CONTROLS,NO CONTROLS,CLEAR,DAYLIGHT,ANGLE,T-INTERSECTION,,STRAIGHT AND LEVEL,DRY,UNKNOWN,NOT ON SCENE (DESK REPORT),NO INJURY / DRIVE AWAY,Y,,,"$501 - $1,500",08/10/2025 10:45:00 AM,UNABLE TO DETERMINE,NOT APPLICABLE,4149,W,WABANSIA AVE,2534,,,,,,,2,NO INDICATION OF INJURY,0,0,0,0,0,2,0,10,1,8,41.9115401901,-87.7308140344,POINT (-87.730814034431 41.911540190081)
b6af4d393e60dfe1d2f2d2d3f090d3da3c1b403e7c3c937057d6c959c405ef2d8b3be781e30ded411dfd54b11ca3272a05a58d5e0f1c09aa9c518064cda12f13,,08/10/2025 10:10:00 AM,30,TRAFFIC SIGNAL,FUNCTIONING PROPERLY,CLEAR,DAYLIGHT,TURNING,FOUR WAY,,STRAIGHT AND LEVEL,DRY,NO DEFECTS,NOT ON SCENE (DESK REPORT),NO INJURY / DRIVE AWAY,,,Y,"OVER $1,500",08/10/2025 11:32:00 AM,UNABLE TO DETERMINE,NOT APPLICABLE,4830,W,LEXINGTON ST,1533,,,,,,,2,NO INDICATION OF INJURY,0,0,0,0,0,2,0,10,1,8,41.8712644325,-87.7462928893,POINT (-87.746292889271 41.871264432506)
06a281ef4ba1a817f3471ffef06d1ccab2117f00523903e55a8cd7cc8113e321a3512ba1b470db8a8537f16d797eb563eb72f75a3a3ce71e0385104c3ad991f2,,08/10/2025 10:05:00 AM,30,NO CONTROLS,NO CONTROLS,CLEAR,DAYLIGHT,REAR END,DIVIDED - W/MEDIAN (NOT RAISED),,STRAIGHT AND LEVEL,DRY,OTHER,ON SCENE,INJURY AND / OR TOW DUE TO CRASH,,,,"OVER $1,500",08/10/2025 10:07:00 AM,FAILING TO REDUCE SPEED TO AVOID CRASH,NOT APPLICABLE,7601,S,KEDZIE AVE,835,,,,,,,2,"REPORTED, NOT EVIDENT",2,0,0,0,2,2,0,10,1,8,41.7551841772,-87.7024026184,POINT (-87.702402618398 41.755184177231)
9dbde85fbef96893070dcbdd1ed9330ef5cdb8e0e7f5a2ef372ee89491d046eb9e76b66b5d5067ff88c4c196a3766a9da209ff9e3702a4fed279416afa958cd3,,08/10/2025 10:05:00 AM,30,NO CONTROLS,NO CONTROLS,CLEAR,DAYLIGHT,PARKED MOTOR VEHICLE,NOT DIVIDED,,STRAIGHT AND LEVEL,DRY,NO DEFECTS,NOT ON SCENE (DESK REPORT),NO INJURY / DRIVE AWAY,,,,"$501 - $1,500",08/10/2025 10:30:00 AM,UNABLE TO DETERMINE,NOT APPLICABLE,4003,W,ARGYLE ST,1712,,,,,,,2,NO INDICATION OF INJURY,0,0,0,0,0,1,0,10,1,8,41.9717726244,-87.7282764453,POINT (-87.728276445297 41.971772624424)
0e193558ede35172749cbb151edb3478b9d5b14f6f619d3ce96b9576c51adbe77e2de6f71c6a716fa73fd76e4f4c4213efc0e693fba682fc638f45702dd4bba6,Y,08/10/2025 10:00:00 AM,30,NO CONTROLS,NO CONTROLS,UNKNOWN,UNKNOWN,PARKED MOTOR VEHICLE,ONE-WAY,,STRAIGHT AND LEVEL,UNKNOWN,UNKNOWN,NOT ON SCENE (DESK REPORT),NO INJURY / DRIVE AWAY,,,Y,"OVER $1,500",08/16/2025 08:50:00 PM,IMPROPER LANE USAGE,IMPROPER LANE USAGE,3020,N,SHERIDAN RD,1934,,,,,,,2,NO INDICATION OF INJURY,0,0,0,0,0,1,0,10,1,8,41.9372467258,-87.6395998422,POINT (-87.639599842212 41.937246725766)
e58437286b29428a7bf6931dc96ef180151b99ae2d5910833a7a6282d3287c313fe9460d07efc1ca304784747c2afea3cf93bbfe6b2d7aaad6c84ac0d3818e79,,08/10/2025 10:00:00 AM,30,STOP SIGN/FLASHER,FUNCTIONING PROPERLY,CLEAR,DAYLIGHT,REAR END,NOT DIVIDED,,STRAIGHT AND LEVEL,DRY,NO DEFECTS,NOT ON SCENE (DESK REPORT),NO INJURY / DRIVE AWAY,,,,"OVER $1,500",08/13/2025 11:30:00 AM,FOLLOWING TOO CLOSELY,NOT APPLICABLE,2501,W,PERSHING RD,921,,,,,,,2,NO INDICATION OF INJURY,0,0,0,0,0,5,0,10,1,8,41.8228165148,-87.6874113043,POINT (-87.68741130433 41.822816514786)
69a9ffee1f8ab1addb5de3505f516e98938bd1fb7aee80080d8970549edffd01dd7a0411e29beb05479ff686ec4b5271f20010b2c721d589404828f5ec73ed73,,08/10/2025 09:48:00 AM,30,NO CONTROLS,NO CONTROLS,CLEAR,DAYLIGHT,TURNING,DIVIDED - W/MEDIAN (NOT RAISED),,STRAIGHT AND LEVEL,DRY,NO DEFECTS,NOT ON SCENE (DESK REPORT),NO INJURY / DRIVE AWAY,,,,"$501 - $1,500",08/10/2025 10:15:00 AM,IMPROPER TURNING/NO SIGNAL,IMPROPER OVERTAKING/PASSING,1530,W,LAWRENCE AVE,2032,,,,,,,2,NO INDICATION OF INJURY,0,0,0,0,0,2,0,9,1,8,41.9689897602,-87.6688447181,POINT (-87.668844718118 41.968989760172)
4a542c4664fae8a2ca84a0805ee129622b634db9649a708ce3a6ca7fbf44ecf9f3f217dd276361e0f4752f7edbcab95379f8f60cb5243b764fb6183f80711d41,,08/10/2025 09:43:00 AM,30,NO CONTROLS,NO CONTROLS,CLEAR,DAYLIGHT,PEDESTRIAN,ONE-WAY,,STRAIGHT AND LEVEL,DRY,NO DEFECTS,ON SCENE,INJURY AND / OR TOW DUE TO CRASH,,,,$500 OR LESS,08/10/2025 09:43:00 AM,NOT APPLICABLE,NOT APPLICABLE,2598,N,MEADE AVE,2512,,,,,,,3,INCAPACITATING INJURY,2,0,1,1,0,1,0,9,1,8,41.9273534067,-87.7784177152,POINT (-87.778417715196 41.927353406686)
67774664c94a93356d4d41a9ec100548511303030d47ce3dba4c608904db44bad9918d68ec93311dc7c0222c6cd8391458254f9c3ea514f6326f54de531f32de,Y,08/10/2025 09:43:00 AM,30,STOP SIGN/FLASHER,FUNCTIONING PROPERLY,CLEAR,DAYLIGHT,REAR END,NOT DIVIDED,,STRAIGHT AND LEVEL,DRY,NO DEFECTS,ON SCENE,INJURY AND / OR TOW DUE TO CRASH,,,Y,"$501 - $1,500",08/10/2025 09:48:00 AM,UNABLE TO DETERMINE,DISREGARDING STOP SIGN,5100,W,AUGUSTA BLVD,1531,,,,,,,2,NONINCAPACITATING INJURY,2,0,0,2,0,2,0,9,1,8,41.8987157002,-87.7533047277,POINT (-87.753304727671 41.898715700151)
782c902843ec173ce4981c4465d028da1de8644b1a1283847aba347f99c8a6f24b48eba24832a7998b018b39ab604e23410f931002d1ff01ed928fc14af16e42,,08/10/2025 09:35:00 AM,35,TRAFFIC SIGNAL,FUNCTIONING PROPERLY,CLEAR,DAYLIGHT,REAR END,FOUR WAY,,STRAIGHT AND LEVEL,DRY,NO DEFECTS,NOT ON SCENE (DESK REPORT),NO INJURY / DRIVE AWAY,,,,"OVER $1,500",08/10/2025 12:20:00 PM,NOT APPLICABLE,DISTRACTION - FROM OUTSIDE VEHICLE,3558,W,115TH ST,2211,,,,,,,2,NO INDICATION OF INJURY,0,0,0,0,0,2,0,9,1,8,41.684222691,-87.7101705005,POINT (-87.710170500504 41.684222690959)
07503f7f75cb52f6bf6cf3181a4aa692575833b866bd05a2f4ec8b479890bfed470c69b07a45100106928b11b3f5623babeed055befe560902c94e6f48cef68a,,08/10/2025 09:30:00 AM,30,NO CONTROLS,NO CONTROLS,UNKNOWN,DAYLIGHT,PARKED MOTOR VEHICLE,ONE-WAY,,STRAIGHT AND LEVEL,UNKNOWN,UNKNOWN,NOT ON SCENE (DESK REPORT),NO INJURY / DRIVE AWAY,,,Y,"OVER $1,500",08/15/2025 08:00:00 PM,UNABLE TO DETERMINE,NOT APPLICABLE,9631,S,SANGAMON ST,2223,,,,,,,2,NO INDICATION OF INJURY,0,0,0,0,0,1,0,9,1,8,41.7183466878,-87.6466377312,POINT (-87.646637731157 41.718346687816)
0c56e35075429b528e82913856054d41ec33076f83eca38f73dcdd96b61a0feaa44a8c8c4bf2e9a694d8f818e5b474448ac1aa05a50a4c408062a00a10e0e787,,08/10/2025 09:30:00 AM,30,NO CONTROLS,NO CONTROLS,CLEAR,DAYLIGHT,PARKED MOTOR VEHICLE,ONE-WAY,,STRAIGHT AND LEVEL,DRY,NO DEFECTS,NOT ON SCENE (DESK REPORT),NO INJURY / DRIVE AWAY,,,Y,"OVER $1,500",08/10/2025 10:15:00 AM,UNABLE TO DETERMINE,UNABLE TO DETERMINE,1230,S,KARLOV AVE,1011,,,,,,,2,NO INDICATION OF INJURY,0,0,0,0,0,1,0,9,1,8,41.865192168,-87.7277349119,POINT (-87.727734911905 41.86519216802)
5fd4071cee6bc38b3fc8dd5315af7ada27120d7084b3bcdb3064a8f4eeba7551eb068fa9304099541bdcb2193cca24f1116b5eccafacd7018b674547fbc0bfd8,,08/10/2025 09:24:00 AM,5,NO CONTROLS,NO CONTROLS,CLEAR,DAYLIGHT,PARKED MOTOR VEHICLE,PARKING LOT,,STRAIGHT AND LEVEL,DRY,NO DEFECTS,NOT ON SCENE (DESK REPORT),NO INJURY / DRIVE AWAY,,,Y,"OVER $1,500",08/10/2025 10:15:00 AM,UNABLE TO DETERMINE,UNABLE TO DETERMINE,3201,N,ASHLAND AVE,1922,,,,,,,2,NO INDICATION OF INJURY,0,0,0,0,0,2,0,9,1,8,41.9397446157,-87.6685161011,POINT (-87.668516101064 41.939744615735)
172a618f2f517a9ad55e1acb3a96228d70e0988001d5bca3578793aa3ca1504476ea2551582f4175274aabede907be726d21e0b4d6642fdc2d7dcbf7ed117a9a,,08/10/2025 09:17:00 AM,30,NO CONTROLS,NO CONTROLS,CLEAR,DAYLIGHT,PARKED MOTOR VEHICLE,NOT DIVIDED,,STRAIGHT AND LEVEL,DRY,NO DEFECTS,ON SCENE,INJURY AND / OR TOW DUE TO CRASH,,,,"OVER $1,500",08/10/2025 09:25:00 AM,UNDER THE INFLUENCE OF ALCOHOL/DRUGS (USE WHEN ARREST IS EFFECTED),DRIVING ON WRONG SIDE/WRONG WAY,5350,N,KIMBALL AVE,1712,,,,,,,4,NO INDICATION OF INJURY,0,0,0,0,0,1,0,9,1,8,41.9790359828,-87.7137733411,POINT (-87.71377334113 41.979035982808)
5d4c2a0247c217fc50c323d46bf40114d7768a5c9fb91b90709e6afa39f2f254f77a416bfeb76e93318c53dbd660f806851c3282c3051822f2fab9fc088a6fad,,08/10/2025 09:10:00 AM,30,TRAFFIC SIGNAL,FUNCTIONING PROPERLY,CLEAR,DAYLIGHT,FIXED OBJECT,FOUR WAY,,STRAIGHT AND LEVEL,DRY,NO DEFECTS,ON SCENE,INJURY AND / OR TOW DUE TO CRASH,Y,,,"OVER $1,500",08/10/2025 09:17:00 AM,UNABLE TO DETERMINE,NOT APPLICABLE,7101,S,RACINE AVE,733,,,,,,,1,NONINCAPACITATING INJURY,1,0,0,1,0,0,0,9,1,8,41.7650136465,-87.6539679141,POINT (-87.653967914112 41.765013646543)
ab420ffc4fa7e3fa46bd44ef45301fe3d27572f31db3013c2bb8d676835cf43220c3ae6c0f551c23073563479d9b8265dfee1d43cdab50c38baa40be0cd85cdd,,08/10/2025 09:08:00 AM,25,TRAFFIC SIGNAL,UNKNOWN,CLEAR,DAYLIGHT,REAR END,NOT DIVIDED,,STRAIGHT AND LEVEL,DRY,UNKNOWN,NOT ON SCENE (DESK REPORT),NO INJURY / DRIVE AWAY,,,,"OVER $1,500",08/20/2025 02:04:00 PM,FOLLOWING TOO CLOSELY,FOLLOWING TOO CLOSELY,4300,S,LA SALLE ST,215,,,,,,,2,NO INDICATION OF INJURY,0,0,0,0,0,2,0,9,1,8,41.8164388049,-87.6295865961,POINT (-87.629586596136 41.816438804918)
e034e02adee287605143812eada170ef0460abc54524b99ecdf5ad0035b3d99d1d57c157aff7cc2930373d9236bb7e6dcd4e420aa648c189c3d12cf9f5d4306e,,08/10/2025 08:32:00 AM,30,NO CONTROLS,NO CONTROLS,CLEAR,DAYLIGHT,PARKED MOTOR VEHICLE,ONE-WAY,,STRAIGHT AND LEVEL,DRY,UNKNOWN,,INJURY AND / OR TOW DUE TO CRASH,,,Y,"OVER $1,500",08/10/2025 08:33:00 AM,UNABLE TO DETERMINE,NOT APPLICABLE,127,N,KILBOURN AVE,1113,,,,,,,5,NO INDICATION OF INJURY,0,0,0,0,0,1,0,8,1,8,41.8828738844,-87.7378568054,POINT (-87.737856805431 41.882873884372)