CRASH_RECORD_ID,CRASH_DATE_EST_I,CRASH_DATE,POSTED_SPEED_LIMIT,TRAFFIC_CONTROL_DEVICE,DEVICE_CONDITION,WEATHER_CONDITION,LIGHTING_CONDITION,FIRST_CRASH_TYPE,TRAFFICWAY_TYPE,LANE_CNT,ALIGNMENT,ROADWAY_SURFACE_COND,ROAD_DEFECT,REPORT_TYPE,CRASH_TYPE,INTERSECTION_RELATED_I,NOT_RIGHT_OF_WAY_I,HIT_AND_RUN_I,DAMAGE,DATE_POLICE_NOTIFIED,PRIM_CONTRIBUTORY_CAUSE,SEC_CONTRIBUTORY_CAUSE,STREET_NO,STREET_DIRECTION,STREET_NAME,BEAT_OF_OCCURRENCE,PHOTOS_TAKEN_I,STATEMENTS_TAKEN_I,DOORING_I,WORK_ZONE_I,WORK_ZONE_TYPE,WORKERS_PRESENT_I,NUM_UNITS,MOST_SEVERE_INJURY,INJURIES_TOTAL,INJURIES_FATAL,INJURIES_INCAPACITATING,INJURIES_NON_INCAPACITATING,INJURIES_REPORTED_NOT_EVIDENT,INJURIES_NO_INDICATION,INJURIES_UNKNOWN,CRASH_HOUR,CRASH_DAY_OF_WEEK,CRASH_MONTH,LATITUDE,LONGITUDE,LOCATION
fa512cbe073117485d894c25df762972093ded5e381a8c2769861c9e9ba08787906b6f1b721cfee51126d6ce6a68da21769788eada07ec1bde54363b4a35f856,,08/10/2025 08:30:00 AM,25,STOP SIGN/FLASHER,FUNCTIONING PROPERLY,CLEAR,DAYLIGHT,ANGLE,FOUR WAY,,STRAIGHT AND LEVEL,DRY,NO DEFECTS,ON SCENE,INJURY AND / OR TOW DUE TO CRASH,Y,,,"OVER $1,500",08/10/2025 08:35:00 AM,DISREGARDING OTHER TRAFFIC SIGNS,NOT APPLICABLE,7100,S,STONY ISLAND AVE,324,,N,,,,,2,"REPORTED, NOT EVIDENT",1,0,0,0,1,3,0,8,1,8,41.7659281922,-87.5864700779,POINT (-87.586470077922 41.76592819222)
6ab2d2a5623656b855faa5dcb4c0f7941d11d8dace0f8e0eb2fbaab199663ebd40c47c65e8b5d6fbc65316fb09148eefe8a7d7a845b3b0f8f158f083065d49cb,,08/10/2025 08:25:00 AM,30,NO CONTROLS,NO CONTROLS,CLEAR,DAYLIGHT,PARKED MOTOR VEHICLE,PARKING LOT,,STRAIGHT AND LEVEL,DRY,NO DEFECTS,NOT ON SCENE (DESK REPORT),NO INJURY / DRIVE AWAY,,,,"OVER $1,500",08/10/2025 10:09:00 PM,IMPROPER BACKING,NOT APPLICABLE,1514,S,SPECIAL OLYMPICS DR,132,,,,,,,2,NO INDICATION OF INJURY,0,0,0,0,0,1,0,8,1,8,,,
571cbafc34f38331a4058a9927d8859115db6476b44e19a297a3e869728b383eeec5751bf9773080e30b3a0ec4728b5c78eb925fe0bfd3b21262961d264f2412,,08/10/2025 08:15:00 AM,10,NO CONTROLS,NO CONTROLS,CLEAR,"DARKNESS, LIGHTED ROAD",PARKED MOTOR VEHICLE,PARKING LOT,,STRAIGHT AND LEVEL,UNKNOWN,UNKNOWN,NOT ON SCENE (DESK REPORT),NO INJURY / DRIVE AWAY,,,Y,"OVER $1,500",08/11/2025 08:40:00 AM,IMPROPER BACKING,NOT APPLICABLE,5700,S,LAKE SHORE DR,331,,,,,,,2,NO INDICATION OF INJURY,0,0,0,0,0,1,0,8,1,8,41.7914202821,-87.5801477687,POINT (-87.580147768689 41.791420282098)
743421a6b3889f09e8747e891383ccd2ec36f5102e775c01d99dacc3e56eab1d9dfa9c1f9f5e377c76f50818fc46c101938761ca9d7192821cb8da3d9e10bc1d,,08/10/2025 08:01:00 AM,30,NO CONTROLS,NO CONTROLS,CLEAR,DAYLIGHT,PARKED MOTOR VEHICLE,NOT DIVIDED,,STRAIGHT AND LEVEL,DRY,NO DEFECTS,ON SCENE,NO INJURY / DRIVE AWAY,Y,,,"OVER $1,500",08/10/2025 08:15:00 AM,UNABLE TO DETERMINE,NOT APPLICABLE,400,N,LAWNDALE AVE,1122,,,,,,,3,NO INDICATION OF INJURY,0,0,0,0,0,1,0,8,1,8,41.888318115,-87.7186944093,POINT (-87.718694409252 41.888318115046)
be057e123e24ce8e74284b65a8a0ca80d81576a0f6c62bcfc6c310c24b175b7267d9fe9a5ebd5735972d7045241bf81dc5b206e7901eb87552d1d2cf1eaa809c,,08/10/2025 08:01:00 AM,30,TRAFFIC SIGNAL,FUNCTIONING PROPERLY,CLEAR,DAYLIGHT,REAR END,NOT DIVIDED,,STRAIGHT AND LEVEL,DRY,NO DEFECTS,NOT ON SCENE (DESK REPORT),NO INJURY / DRIVE AWAY,,,,"OVER $1,500",08/10/2025 01:30:00 PM,UNABLE TO DETERMINE,NOT APPLICABLE,2757,N,ASHLAND AVE,1932,,,,,,,2,NO INDICATION OF INJURY,0,0,0,0,0,2,0,8,1,8,41.9322654363,-87.6682410962,POINT (-87.668241096187 41.93226543629)
ae78506a9d3a61a8e15caf703c1610475b4fb8aca2611d0dfde4d13bacae43373228c193e460aa2427dc34b348f5cf9ead434b62c6213106ae9c494e76c2265b,,08/10/2025 08:00:00 AM,30,NO CONTROLS,NO CONTROLS,UNKNOWN,DAYLIGHT,OTHER OBJECT,PARKING LOT,,STRAIGHT AND LEVEL,UNKNOWN,UNKNOWN,NOT ON SCENE (DESK REPORT),NO INJURY / DRIVE AWAY,,,,"OVER $1,500",08/11/2025 10:20:00 AM,UNABLE TO DETERMINE,DISTRACTION - FROM INSIDE VEHICLE,361,W,47TH ST,935,,,,,,,1,NO INDICATION OF INJURY,0,0,0,0,0,1,0,8,1,8,41.8089385039,-87.635719386,POINT (-87.635719385995 41.808938503931)
d611f7676c4545186c7fc2a2bae91fab212244d14ca76d964414e93eaf52e3a9213a2c2f4b4b250bbb2742302f8acc63f9c910706bafb413e405a629eee13e00,,08/10/2025 08:00:00 AM,20,NO CONTROLS,NO CONTROLS,CLEAR,DAYLIGHT,FIXED OBJECT,NOT DIVIDED,,"CURVE, LEVEL",DRY,NO DEFECTS,ON SCENE,INJURY AND / OR TOW DUE TO CRASH,,,,"OVER $1,500",08/10/2025 08:05:00 AM,FAILING TO REDUCE SPEED TO AVOID CRASH,NOT APPLICABLE,830,W,OHARE ST,1654,,,,,,,1,"REPORTED, NOT EVIDENT",1,0,0,0,1,0,0,8,1,8,,,
d7ff119b0a0f09ea806374826bb95228e679b31d84f4e1a3ff8effbcc89894e8f96643180863445241371d34ef0b0e2cacfbdeb1b701a23728e5b8b929d9afa4,,08/10/2025 08:00:00 AM,25,UNKNOWN,UNKNOWN,CLEAR,DAYLIGHT,ANGLE,DIVIDED - W/MEDIAN (NOT RAISED),,STRAIGHT AND LEVEL,DRY,NO DEFECTS,NOT ON SCENE (DESK REPORT),NO INJURY / DRIVE AWAY,,,,"OVER $1,500",08/10/2025 09:40:00 AM,UNABLE TO DETERMINE,UNABLE TO DETERMINE,3829,N,LARAMIE AVE,1634,,,,,,,2,NO INDICATION OF INJURY,0,0,0,0,0,2,0,8,1,8,41.950513436,-87.7569153485,POINT (-87.756915348479 41.950513435974)
35035f125486bbdf3c0e70aca3fef7df6a9d6f34079d0b8c745aed7f50cbbad39da534d3366a39a5dc62d69629213cd6ada146230e81081452c2ab8f45eb031f,,08/10/2025 07:55:00 AM,35,TRAFFIC SIGNAL,FUNCTIONING PROPERLY,CLEAR,DAYLIGHT,REAR END,FOUR WAY,,STRAIGHT AND LEVEL,DRY,NO DEFECTS,ON SCENE,INJURY AND / OR TOW DUE TO CRASH,Y,,,"OVER $1,500",08/10/2025 07:58:00 AM,FOLLOWING TOO CLOSELY,FAILING TO REDUCE SPEED TO AVOID CRASH,8701,S,ASHLAND AVE,2221,,,,,,,2,"REPORTED, NOT EVIDENT",1,0,0,0,1,3,0,7,1,8,41.7357008195,-87.6629164898,POINT (-87.662916489803 41.735700819451)
78e33b39e9b72d3b47b8de7da8f59f8337f6ab21efcc5b6889eba4c387f4bb9346add7ccd07718db6f5f430974f38b020add7bc84c5daa450d38ba88285ddb13,,08/10/2025 07:55:00 AM,30,NO CONTROLS,NO CONTROLS,CLEAR,DAYLIGHT,PARKED MOTOR VEHICLE,NOT DIVIDED,,STRAIGHT AND LEVEL,DRY,UNKNOWN,ON SCENE,INJURY AND / OR TOW DUE TO CRASH,,,,"OVER $1,500",08/10/2025 07:55:00 AM,UNABLE TO DETERMINE,UNABLE TO DETERMINE,5117,S,KEDZIE AVE,923,,,,,,,2,NO INDICATION OF INJURY,0,0,0,0,0,1,0,7,1,8,41.8002778444,-87.7036044319,POINT (-87.703604431916 41.800277844366)
59f913c686162e7bb03b7cb4ae0a98c616c784f77b743056afc782b449d1066e268985241ca06f51c2ff317050f3bea38dc2fcf0de287b7e4a8328a07fa5e2a0,,08/10/2025 07:45:00 AM,30,UNKNOWN,UNKNOWN,CLEAR,DAYLIGHT,FIXED OBJECT,NOT DIVIDED,,STRAIGHT AND LEVEL,DRY,NO DEFECTS,ON SCENE,INJURY AND / OR TOW DUE TO CRASH,,,,"OVER $1,500",08/10/2025 07:46:00 AM,"OPERATING VEHICLE IN ERRATIC, RECKLESS, CARELESS, NEGLIGENT OR AGGRESSIVE MANNER",UNABLE TO DETERMINE,6918,S,WASHTENAW AVE,831,,,,,,,1,NONINCAPACITATING INJURY,1,0,0,1,0,0,0,7,1,8,41.7676147536,-87.6908046295,POINT (-87.690804629525 41.76761475356)
1d3b59934b4f1102d6569beaf6803f3d41af97285e669bcd0cabcc6602f37cd64a37ac87175995274ee29ec8768a04627407b845f9eb7da01e99aeffa93d80c6,,08/10/2025 07:35:00 AM,30,TRAFFIC SIGNAL,FUNCTIONING PROPERLY,CLEAR,DAYLIGHT,REAR END,FOUR WAY,,STRAIGHT AND LEVEL,DRY,UNKNOWN,NOT ON SCENE (DESK REPORT),NO INJURY / DRIVE AWAY,Y,,,"$501 - $1,500",08/10/2025 09:30:00 AM,UNABLE TO DETERMINE,NOT APPLICABLE,800,W,87TH ST,613,,,,,,,2,NO INDICATION OF INJURY,0,0,0,0,0,3,0,7,1,8,41.7361825711,-87.6436598151,POINT (-87.643659815136 41.736182571052)
4bc143426c2f642fd433232a6dc3684a4b248820a0097cff3a9f82bf16df4558e477c4c9d0053aba0c2583674381f29d6175809883fb65dbe49f110b7318bb06,,08/10/2025 07:30:00 AM,25,NO CONTROLS,NO CONTROLS,CLEAR,"DARKNESS, LIGHTED ROAD",PARKED MOTOR VEHICLE,NOT DIVIDED,,STRAIGHT AND LEVEL,DRY,NO DEFECTS,NOT ON SCENE (DESK REPORT),NO INJURY / DRIVE AWAY,,,,"OVER $1,500",08/10/2025 08:35:00 AM,UNABLE TO DETERMINE,UNABLE TO DETERMINE,3722,W,PIPPIN ST,833,,,,,,,2,NO INDICATION OF INJURY,0,0,0,0,0,1,0,7,1,8,41.7537263563,-87.7151813157,POINT (-87.715181315737 41.753726356305)
6bf442e425e0796604f1296aad7fbb2abd96c88190b57a46df960a594e0c719ca350e672898aa9b1a675b1039b6925d1170ba47c22bd91a3ebb5c1636a23d00f,,08/10/2025 07:30:00 AM,30,NO CONTROLS,NO CONTROLS,CLEAR,DAYLIGHT,SIDESWIPE SAME DIRECTION,NOT DIVIDED,,STRAIGHT AND LEVEL,DRY,NO DEFECTS,NOT ON SCENE (DESK REPORT),NO INJURY / DRIVE AWAY,,,,"OVER $1,500",08/10/2025 08:32:00 AM,UNABLE TO DETERMINE,NOT APPLICABLE,1158,S,INDEPENDENCE BLVD,1133,,,,,,,2,NO INDICATION OF INJURY,0,0,0,0,0,3,0,7,1,8,41.8662828666,-87.7202710047,POINT (-87.720271004669 41.866282866644)
331f6b9b6e466df2f69f5ebe607bfc4bf1a11be9335aabb511c34c8fc6095f059acd80d3b44615d4fe8dfc645819d93e77ca5e8037054f9ccbce252e71360806,,08/10/2025 07:20:00 AM,5,NO CONTROLS,NO CONTROLS,CLEAR,DAYLIGHT,REAR TO FRONT,OTHER,,STRAIGHT AND LEVEL,DRY,NO DEFECTS,NOT ON SCENE (DESK REPORT),NO INJURY / DRIVE AWAY,,,,"$501 - $1,500",08/10/2025 08:05:00 AM,UNABLE TO DETERMINE,UNABLE TO DETERMINE,7150,W,54TH ST,811,,,,,,,2,NO INDICATION OF INJURY,0,0,0,0,0,2,0,7,1,8,41.7940645429,-87.8010907721,POINT (-87.801090772082 41.794064542872)
238075677f4daf310216a7a2737289dadf29d1affa15d426c6a0742a075495b83ded1a8474d0860fd17070fa70d60e42838d90d2247c42ca6aca42a9555b752d,,08/10/2025 07:15:00 AM,15,NO CONTROLS,NO CONTROLS,CLEAR,DAYLIGHT,FIXED OBJECT,PARKING LOT,,STRAIGHT AND LEVEL,DRY,NO DEFECTS,,NO INJURY / DRIVE AWAY,,,,"$501 - $1,500",08/10/2025 08:00:00 AM,NOT APPLICABLE,NOT APPLICABLE,2701,W,68TH ST,831,,,,,,,1,NO INDICATION OF INJURY,0,0,0,0,0,1,0,7,1,8,41.7699292423,-87.6908413389,POINT (-87.690841338941 41.769929242296)
b86769eba1d74e9168dac400858821d34854cbead3aba1362579ae2fd62df113294b0475aa083d73df137fc286e70ba6a0b74314932233d5449af5cadaf91940,,08/10/2025 07:15:00 AM,35,NO CONTROLS,NO CONTROLS,CLEAR,DAYLIGHT,REAR END,NOT DIVIDED,,STRAIGHT AND LEVEL,DRY,NO DEFECTS,NOT ON SCENE (DESK REPORT),NO INJURY / DRIVE AWAY,,,Y,"$501 - $1,500",08/10/2025 07:40:00 AM,UNABLE TO DETERMINE,UNABLE TO DETERMINE,2406,N,PULASKI RD,2524,,,,,,,2,NO INDICATION OF INJURY,0,0,0,0,0,2,0,7,1,8,41.9247275514,-87.7269252013,POINT (-87.726925201269 41.924727551393)
b547a72d29b9f97f6bb68ca08e879f6d60aacbcd9ad5611bca018ade2621752ea8a184ca5ba7ce7d227f455ad57d20150b6c9e113a45024c99f9c83a5e460244,,08/10/2025 07:03:00 AM,20,UNKNOWN,UNKNOWN,CLEAR,DAYLIGHT,FIXED OBJECT,OTHER,,STRAIGHT AND LEVEL,DRY,NO DEFECTS,NOT ON SCENE (DESK REPORT),NO INJURY / DRIVE AWAY,,,,"OVER $1,500",08/10/2025 07:30:00 AM,UNABLE TO DETERMINE,NOT APPLICABLE,950,W,BRYN MAWR AVE,2022,,,,,,,1,NO INDICATION OF INJURY,0,0,0,0,0,1,0,7,1,8,41.9839467296,-87.6547895803,POINT (-87.654789580285 41.983946729597)
857fa4ba76123d2c4ae296fb341a54b15b2c39a262789d1a1649702b4b493b09697f80cf205070e6ef1dbcbb85a514190ca8a70c12947bb54664decc2699b7ca,,08/10/2025 07:00:00 AM,30,NO CONTROLS,NO CONTROLS,CLEAR,DAYLIGHT,REAR END,NOT DIVIDED,,STRAIGHT AND LEVEL,DRY,NO DEFECTS,NOT ON SCENE (DESK REPORT),NO INJURY / DRIVE AWAY,,,,"OVER $1,500",08/10/2025 08:00:00 AM,FAILING TO REDUCE SPEED TO AVOID CRASH,FAILING TO YIELD RIGHT-OF-WAY,5348,W,GRAND AVE,2515,,,,,,,2,NO INDICATION OF INJURY,0,0,0,0,0,2,0,7,1,8,41.9178606519,-87.7603281223,POINT (-87.760328122255 41.917860651868)
f8ed681d2545cdc7c5aa81825a2d6dff44a70bb0e759fffda0f4ccf11df4f7692a37cb23dc12daf229ba5861b5dc3d996cea23b3a517e508a096634b388e075d,,08/10/2025 06:55:00 AM,30,TRAFFIC SIGNAL,FUNCTIONING PROPERLY,CLEAR,DAYLIGHT,TURNING,DIVIDED - W/MEDIAN BARRIER,,STRAIGHT AND LEVEL,DRY,NO DEFECTS,ON SCENE,INJURY AND / OR TOW DUE TO CRASH,Y,,Y,"OVER $1,500",08/10/2025 06:59:00 AM,UNABLE TO DETERMINE,UNABLE TO DETERMINE,8900,S,STONY ISLAND AVE,413,,,,,,,2,NO INDICATION OF INJURY,0,0,0,0,0,2,0,6,1,8,41.7331879659,-87.5857126979,POINT (-87.585712697936 41.733187965898)
2296115e8e986fee8fba146f177d1404e889616156ae2fb98e4a9a2bb1dea2d7ffc237df4f603dd1ce69d4e1808b911004e3ca750449cb0324c73548fe266a55,,08/10/2025 06:50:00 AM,30,STOP SIGN/FLASHER,FUNCTIONING PROPERLY,CLEAR,DAYLIGHT,PEDALCYCLIST,NOT DIVIDED,,STRAIGHT AND LEVEL,DRY,NO DEFECTS,ON SCENE,INJURY AND / OR TOW DUE TO CRASH,,,,"OVER $1,500",08/10/2025 07:10:00 AM,DISREGARDING TRAFFIC SIGNALS,NOT APPLICABLE,1700,N,CLARK ST,1814,,,,,,,2,NONINCAPACITATING INJURY,1,0,0,1,0,1,0,6,1,8,41.9130945918,-87.6329682232,POINT (-87.63296822322 41.913094591765)
995ebcf66590f065ad97f401f1c68385ae922c5a4574f116e6ab1c8270f3886767e8703033225f7897c5470ef0559c51ea9306daf277e8ae27ad3a7d4869ead9,,08/10/2025 06:50:00 AM,30,NO CONTROLS,NO CONTROLS,CLEAR,DAYLIGHT,PARKED MOTOR VEHICLE,DIVIDED - W/MEDIAN (NOT RAISED),,STRAIGHT AND LEVEL,DRY,UNKNOWN,ON SCENE,INJURY AND / OR TOW DUE TO CRASH,,,,"OVER $1,500",08/10/2025 07:00:00 AM,UNABLE TO DETERMINE,UNABLE TO DETERMINE,4731,S,DAMEN AVE,931,,,,,,,3,NO INDICATION OF INJURY,0,0,0,0,0,1,0,6,1,8,41.807571535,-87.6745140954,POINT (-87.67451409536 41.807571535023)
d81ff632bef52d4dd672c8d72ec63fa0de874e024ac766021c9419250f86c163b6fcecf2e0d1ea436ab0209be6680de96c5cfe67be256f2a5258ffab70f26bc2,,08/10/2025 06:28:00 AM,20,TRAFFIC SIGNAL,FUNCTIONING PROPERLY,CLEAR,DAYLIGHT,PEDESTRIAN,FOUR WAY,,STRAIGHT AND LEVEL,DRY,UNKNOWN,ON SCENE,INJURY AND / OR TOW DUE TO CRASH,Y,,Y,"OVER $1,500",08/10/2025 06:30:00 AM,UNABLE TO DETERMINE,NOT APPLICABLE,7498,S,JEFFERY BLVD,333,,,,,,,2,"REPORTED, NOT EVIDENT",1,0,0,0,1,1,0,6,1,8,41.7588967476,-87.5762890326,POINT (-87.576289032556 41.758896747619)
07f3aaf929a760c3fb356ebef0777b2c006f7b5b2f64d21c98927dd9e16d856ea82501534c2c096945ac72b4710aab68c2c79e4ea8989f0f4c13545fc29efc9c,,08/10/2025 06:21:00 AM,30,NO CONTROLS,NO CONTROLS,CLEAR,DAYLIGHT,PARKED MOTOR VEHICLE,ONE-WAY,,STRAIGHT AND LEVEL,DRY,NO DEFECTS,ON SCENE,NO INJURY / DRIVE AWAY,,,,"OVER $1,500",08/10/2025 06:21:00 AM,NOT APPLICABLE,NOT APPLICABLE,251,S,CLINTON ST,121,,,,,,,2,NO INDICATION OF INJURY,0,0,0,0,0,1,0,6,1,8,41.8780633538,-87.6409256179,POINT (-87.640925617863 41.878063353766)
469a80adae928beaff8e1f536a20e190a72e88c4d64f5074f49ced98b677679a88f893b2caa8f55cc9ace87619b6c0cbbd025ca6a0eaf466f494f1208a93dfb7,,08/10/2025 06:05:00 AM,30,TRAFFIC SIGNAL,FUNCTIONING PROPERLY,CLEAR,DAYLIGHT,ANGLE,NOT DIVIDED,,STRAIGHT AND LEVEL,DRY,NO DEFECTS,ON SCENE,INJURY AND / OR TOW DUE TO CRASH,,,Y,"OVER $1,500",08/10/2025 06:08:00 AM,DISREGARDING TRAFFIC SIGNALS,NOT APPLICABLE,2404,E,87TH ST,423,,,,,,,2,NO INDICATION OF INJURY,0,0,0,0,0,4,0,6,1,8,41.7373081104,-87.5656585147,POINT (-87.56565851466 41.73730811037)
4dec0d566986196e79a142e030b9046c0236fd91f4faa586dd3554b7d1a318cd71f062ceaf07317cbcd7a5c0983aaf020d58276f8a2923b5d75944adf70e516b,,08/10/2025 06:00:00 AM,30,NO CONTROLS,NO CONTROLS,CLEAR,DAWN,PARKED MOTOR VEHICLE,NOT DIVIDED,,STRAIGHT AND LEVEL,UNKNOWN,UNKNOWN,NOT ON SCENE (DESK REPORT),NO INJURY / DRIVE AWAY,,,Y,"OVER $1,500",08/10/2025 11:30:00 AM,FAILING TO REDUCE SPEED TO AVOID CRASH,UNABLE TO DETERMINE,1646,N,MONITOR AVE,2531,,,,,,,2,NO INDICATION OF INJURY,0,0,0,0,0,1,0,6,1,8,41.9106944568,-87.7716549533,POINT (-87.771654953278 41.910694456806)
e467178e3c3b872e05eef8da96ac28348a1c9b7a28c3a8d2ea5ef998cde5078ace72b035a0964405f7ed0bf3c7816197dd78ce7c6ee1deb526cb58897e555739,,08/10/2025 06:00:00 AM,30,NO CONTROLS,NO CONTROLS,CLEAR,DAYLIGHT,REAR END,DIVIDED - W/MEDIAN (NOT RAISED),,STRAIGHT AND LEVEL,DRY,NO DEFECTS,ON SCENE,INJURY AND / OR TOW DUE TO CRASH,,,,"OVER $1,500",08/10/2025 06:02:00 AM,DISTRACTION - FROM INSIDE VEHICLE,NOT APPLICABLE,851,W,MONTROSE AVE,1915,,,,,,,2,NO INDICATION OF INJURY,0,0,0,0,0,2,0,6,1,8,41.9617038349,-87.6519516783,POINT (-87.651951678266 41.961703834866)
9f9b77ddeecc90d48f1d02ea3cca8ac1b1c8f2100ade3ef25e1175ba3de1881fdba346c1cb35449f6cde96e7b028ae6d53037d945e2ecfbe415540415e5284ee,,08/10/2025 05:44:00 AM,30,TRAFFIC SIGNAL,FUNCTIONING PROPERLY,CLEAR,DAYLIGHT,REAR END,NOT DIVIDED,,STRAIGHT AND LEVEL,DRY,NO DEFECTS,NOT ON SCENE (DESK REPORT),INJURY AND / OR TOW DUE TO CRASH,Y,,N,"OVER $1,500",08/10/2025 06:30:00 AM,FOLLOWING TOO CLOSELY,NOT APPLICABLE,699,S,LARAMIE AVE,1533,,,,,,,3,NONINCAPACITATING INJURY,2,0,0,2,0,3,0,5,1,8,41.8720097612,-87.7546239377,POINT (-87.75462393769 41.872009761189)
10a64b6a1810d5b12214bc3a33bc194f0035cecb224a97a1456097eb9d415654696b8672477f3e3c5b4aa8b545034383e06806a50626eba3cf65fc3ae13b2e82,,08/10/2025 05:40:00 AM,30,NO CONTROLS,NO CONTROLS,CLEAR,DAYLIGHT,PARKED MOTOR VEHICLE,NOT DIVIDED,,STRAIGHT AND LEVEL,DRY,NO DEFECTS,ON SCENE,INJURY AND / OR TOW DUE TO CRASH,,,N,"OVER $1,500",08/10/2025 05:45:00 AM,UNABLE TO DETERMINE,NOT APPLICABLE,790,W,LAKE ST,1214,,,,,,,2,INCAPACITATING INJURY,1,0,1,0,0,0,0,5,1,8,41.8857752022,-87.6474237332,POINT (-87.647423733177 41.885775202227)
76e5733fe584e011ad75a6a10678fbb88a90f1828368c00cb2abb21cf337f4823ead3ce9f92c13ab3164cd1c383fd2500ff8fd48f59d58e8722f4eb02511b6a6,,08/10/2025 05:30:00 AM,30,NO CONTROLS,NO CONTROLS,UNKNOWN,UNKNOWN,PARKED MOTOR VEHICLE,NOT DIVIDED,,STRAIGHT AND LEVEL,DRY,NO DEFECTS,,INJURY AND / OR TOW DUE TO CRASH,,,Y,"OVER $1,500",08/10/2025 07:15:00 AM,UNABLE TO DETERMINE,NOT APPLICABLE,2815,W,59TH ST,824,,,,,,,4,NO INDICATION OF INJURY,0,0,0,0,0,1,0,5,1,8,41.7862825501,-87.694292561,POINT (-87.694292561004 41.7862825501)
81b38d00c02892523aacbbb562f2303326b50945828b631811d3d1d7e08ae7028d6d49ab14711a6c100aa39783079ecb7310697aa63aa5f1664e08f51ee9ffa8,,08/10/2025 05:15:00 AM,30,STOP SIGN/FLASHER,FUNCTIONING PROPERLY,CLEAR,DAYLIGHT,REAR END,NOT DIVIDED,,STRAIGHT AND LEVEL,DRY,NO DEFECTS,ON SCENE,INJURY AND / OR TOW DUE TO CRASH,,,Y,"OVER $1,500",08/10/2025 05:22:00 AM,UNABLE TO DETERMINE,UNABLE TO DETERMINE,4131,S,LA SALLE ST,213,,,,,,,3,"REPORTED, NOT EVIDENT",1,0,0,0,1,2,0,5,1,8,41.8192019407,-87.6293433755,POINT (-87.629343375485 41.81920194067)
d564ff7e407b16875d6080172e988499e97a96599af6602b91247a1fa989137aea32fbbdf45e06c374761f2a1271594e571e058596f0dbf9a74be6b55939e42c,,08/10/2025 05:10:00 AM,30,NO CONTROLS,NO CONTROLS,CLEAR,"DARKNESS, LIGHTED ROAD",OTHER NONCOLLISION,NOT DIVIDED,,STRAIGHT AND LEVEL,DRY,NO DEFECTS,ON SCENE,INJURY AND / OR TOW DUE TO CRASH,,,Y,$500 OR LESS,08/10/2025 05:10:00 AM,"OPERATING VEHICLE IN ERRATIC, RECKLESS, CARELESS, NEGLIGENT OR AGGRESSIVE MANNER","OPERATING VEHICLE IN ERRATIC, RECKLESS, CARELESS, NEGLIGENT OR AGGRESSIVE MANNER",4848,W,WEST END AVE,1532,,,,,,,1,INCAPACITATING INJURY,1,0,1,0,0,3,0,5,1,8,41.8832174383,-87.7473047837,POINT (-87.747304783727 41.883217438253)
a95109e24462aa65451bd9ad80c21566ff9c926d5de6edd094af451b365a0bfee73f46767c41b7235b01742b9e6068397ccea294d2df1cd0a6d0ee1a771fb723,,08/10/2025 05:00:00 AM,10,NO CONTROLS,NO CONTROLS,CLEAR,"DARKNESS, LIGHTED ROAD",PARKED MOTOR VEHICLE,PARKING LOT,,STRAIGHT AND LEVEL,DRY,NO DEFECTS,NOT ON SCENE (DESK REPORT),NO INJURY / DRIVE AWAY,,,N,"$501 - $1,500",08/10/2025 02:33:00 PM,UNABLE TO DETERMINE,UNABLE TO DETERMINE,301,E,NORTH WATER ST,1834,,,,,,,2,NO INDICATION OF INJURY,0,0,0,0,0,1,0,5,1,8,41.8894582801,-87.6203683764,POINT (-87.620368376429 41.889458280109)
b8a68a889d2c16b3da978d4203f80bb290c55b54b5514121b9978768c37320e4a6ca38f7bebd146794fd01c4cfca22c5c246da1b0169a7375e2282d1be017882,,08/10/2025 05:00:00 AM,30,NO CONTROLS,NO CONTROLS,CLEAR,DAWN,SIDESWIPE SAME DIRECTION,OTHER,,STRAIGHT AND LEVEL,DRY,NO DEFECTS,ON SCENE,NO INJURY / DRIVE AWAY,,,,"$501 - $1,500",08/10/2025 05:05:00 AM,IMPROPER OVERTAKING/PASSING,UNABLE TO DETERMINE,2,W,TERMINAL ST,1652,,,,,,,2,NO INDICATION OF INJURY,0,0,0,0,0,2,0,5,1,8,,,
d31504c0645fef926b04284a9ff4a6ef2de7fc70987aa04c31e352c779866020b0504b513a8bf92acd147bbd37bf3ef31eb1e41050389f4fa31268ede3318120,Y,08/10/2025 05:00:00 AM,30,TRAFFIC SIGNAL,FUNCTIONING PROPERLY,UNKNOWN,UNKNOWN,PARKED MOTOR VEHICLE,NOT DIVIDED,,STRAIGHT AND LEVEL,UNKNOWN,UNKNOWN,ON SCENE,NO INJURY / DRIVE AWAY,,,Y,"OVER $1,500",08/10/2025 06:49:00 AM,UNABLE TO DETERMINE,UNABLE TO DETERMINE,1130,S,CANAL ST,124,,,,,,,2,NO INDICATION OF INJURY,0,0,0,0,0,1,0,5,1,8,41.868082661,-87.6393654159,POINT (-87.639365415895 41.868082660987)