CRASH_RECORD_ID,CRASH_DATE_EST_I,CRASH_DATE,POSTED_SPEED_LIMIT,TRAFFIC_CONTROL_DEVICE,DEVICE_CONDITION,WEATHER_CONDITION,LIGHTING_CONDITION,FIRST_CRASH_TYPE,TRAFFICWAY_TYPE,LANE_CNT,ALIGNMENT,ROADWAY_SURFACE_COND,ROAD_DEFECT,REPORT_TYPE,CRASH_TYPE,INTERSECTION_RELATED_I,NOT_RIGHT_OF_WAY_I,HIT_AND_RUN_I,DAMAGE,DATE_POLICE_NOTIFIED,PRIM_CONTRIBUTORY_CAUSE,SEC_CONTRIBUTORY_CAUSE,STREET_NO,STREET_DIRECTION,STREET_NAME,BEAT_OF_OCCURRENCE,PHOTOS_TAKEN_I,STATEMENTS_TAKEN_I,DOORING_I,WORK_ZONE_I,WORK_ZONE_TYPE,WORKERS_PRESENT_I,NUM_UNITS,MOST_SEVERE_INJURY,INJURIES_TOTAL,INJURIES_FATAL,INJURIES_INCAPACITATING,INJURIES_NON_INCAPACITATING,INJURIES_REPORTED_NOT_EVIDENT,INJURIES_NO_INDICATION,INJURIES_UNKNOWN,CRASH_HOUR,CRASH_DAY_OF_WEEK,CRASH_MONTH,LATITUDE,LONGITUDE,LOCATION
7766ca5b8d36187a1cbf99d117163eb8bd7a6896065351aad448a86cd5262edfd6c7ecc172b62fdcab84a615609cc6f0f1e5fccf72b384b6b635d68a192f7117,,08/10/2025 02:10:00 AM,30,NO CONTROLS,NO CONTROLS,CLEAR,"DARKNESS, LIGHTED ROAD",PARKED MOTOR VEHICLE,ONE-WAY,,STRAIGHT AND LEVEL,DRY,UNKNOWN,NOT ON SCENE (DESK REPORT),NO INJURY / DRIVE AWAY,,,Y,"$501 - $1,500",08/10/2025 10:35:00 PM,UNABLE TO DETERMINE,UNABLE TO DETERMINE,226,N,LA CROSSE AVE,1532,,,,,,,2,NO INDICATION OF INJURY,0,0,0,0,0,1,0,2,1,8,41.8853358478,-87.7468273676,POINT (-87.746827367616 41.885335847832)
1af1c9a517a6e00d83306a70d7dae058256455f8ad337d3740dd91ab8791cad9b4565316e34fab6cea1c21a87a00927f4cb2e6fe8874f78e82def9c91013759d,Y,08/10/2025 02:00:00 AM,30,NO CONTROLS,UNKNOWN,UNKNOWN,UNKNOWN,FIXED OBJECT,TRAFFIC ROUTE,,STRAIGHT AND LEVEL,UNKNOWN,UNKNOWN,ON SCENE,INJURY AND / OR TOW DUE TO CRASH,Y,,,"OVER $1,500",08/10/2025 02:00:00 AM,UNABLE TO DETERMINE,UNABLE TO DETERMINE,5698,S,LAKE SHORE DR NB,331,,,,,,,1,NO INDICATION OF INJURY,0,0,0,0,0,1,0,2,1,8,41.7915339165,-87.5802087355,POINT (-87.580208735455 41.791533916538)
2be8cd28071f0e2f34fa00092c4d196d633cf0a521e404ed6dc94e30e2d92b936043e586ccad99fd5f0cc9c30a6ee773e12b4ddca9f6d1dc50e4fdece688fbf4,Y,08/10/2025 02:00:00 AM,30,TRAFFIC SIGNAL,FUNCTIONING PROPERLY,CLEAR,DARKNESS,SIDESWIPE SAME DIRECTION,DIVIDED - W/MEDIAN (NOT RAISED),,STRAIGHT AND LEVEL,DRY,NO DEFECTS,ON SCENE,INJURY AND / OR TOW DUE TO CRASH,,,,"OVER $1,500",08/10/2025 11:00:00 AM,FAILING TO YIELD RIGHT-OF-WAY,NOT APPLICABLE,4700,W,LAKE ST,1113,,,,,,,2,"REPORTED, NOT EVIDENT",1,0,0,0,1,3,0,2,1,8,41.8865747476,-87.7431421442,POINT (-87.743142144178 41.886574747571)
3ff5d644996067aacc5dfc35d561ccabf639122e16bdef7c0df3b7105b29448b3acf2889e92ba5ef331ea0080586226d5d3edebab0c51a2a32a6d744b40d7ad7,,08/10/2025 02:00:00 AM,20,NO CONTROLS,NO CONTROLS,UNKNOWN,"DARKNESS, LIGHTED ROAD",FIXED OBJECT,ONE-WAY,,STRAIGHT AND LEVEL,DRY,NO DEFECTS,NOT ON SCENE (DESK REPORT),INJURY AND / OR TOW DUE TO CRASH,Y,,,"OVER $1,500",08/11/2025 11:20:00 AM,DISTRACTION - FROM INSIDE VEHICLE,NOT APPLICABLE,8456,S,LAFAYETTE AVE,622,,,,,,,1,NO INDICATION OF INJURY,0,0,0,0,0,1,0,2,1,8,41.7401097707,-87.6256857609,POINT (-87.625685760885 41.740109770744)
96dfb9cec823667b14475ed0ab0d5be32c6f7e19df96327baa035f092fe2b04bff2fe53b7a9a4e0a9bfe65a9fe287177e75b7e6fb7ef6a3a26b5f4ebfe9c1709,,08/10/2025 01:55:00 AM,30,TRAFFIC SIGNAL,FUNCTIONING PROPERLY,CLEAR,"DARKNESS, LIGHTED ROAD",FIXED OBJECT,"FIVE POINT, OR MORE",,STRAIGHT AND LEVEL,WET,NO DEFECTS,ON SCENE,INJURY AND / OR TOW DUE TO CRASH,Y,,,"OVER $1,500",08/10/2025 02:08:00 AM,"OPERATING VEHICLE IN ERRATIC, RECKLESS, CARELESS, NEGLIGENT OR AGGRESSIVE MANNER",DRIVING SKILLS/KNOWLEDGE/EXPERIENCE,3945,S,PULASKI RD,821,,,,,,,1,NONINCAPACITATING INJURY,3,0,0,3,0,0,0,1,1,8,41.8204237666,-87.7238458293,POINT (-87.723845829263 41.820423766603)
9e1bada51fc3b3d874953893bfa85144c737d2ef6ef8ab154d519a9d2bd502c7faebac4ee80c74edaab4662bc2aed4dd45c0047943ae01ae3ac76a01ca5d97ea,,08/10/2025 01:50:00 AM,30,TRAFFIC SIGNAL,FUNCTIONING PROPERLY,CLEAR,"DARKNESS, LIGHTED ROAD",ANGLE,FOUR WAY,,STRAIGHT AND LEVEL,DRY,NO DEFECTS,,INJURY AND / OR TOW DUE TO CRASH,Y,,,"OVER $1,500",08/10/2025 01:57:00 AM,UNABLE TO DETERMINE,NOT APPLICABLE,5458,S,WELLS ST,935,,,,,,,2,INCAPACITATING INJURY,2,0,2,0,0,1,0,1,1,8,41.7945600708,-87.6319284748,POINT (-87.631928474832 41.794560070768)
9a91673ed72d24286ed66bd8f1c23319fa976303280df13b20602a6d2123d2ff1e6c53b390f533f20aebcbcf680116420a7062da5e8630d27c0b6d0ef44e0224,,08/10/2025 01:45:00 AM,30,NO CONTROLS,NO CONTROLS,CLEAR,"DARKNESS, LIGHTED ROAD",REAR TO SIDE,ONE-WAY,,STRAIGHT AND LEVEL,UNKNOWN,UNKNOWN,NOT ON SCENE (DESK REPORT),NO INJURY / DRIVE AWAY,,,Y,"OVER $1,500",08/10/2025 02:55:00 AM,IMPROPER BACKING,NOT APPLICABLE,2855,N,MONITOR AVE,2514,,,,,,,2,NO INDICATION OF INJURY,0,0,0,0,0,2,0,1,1,8,41.9328158736,-87.7722287357,POINT (-87.77222873566 41.932815873613)
c048aa77d34e843e87e4d09c841ae0eef32f066e621232f3419ebed0942efffb5613e70c95baa39d1d61da3b22d25e0ccba238fa938501ed89472b5f6a3227a5,,08/10/2025 01:45:00 AM,30,TRAFFIC SIGNAL,FUNCTIONING PROPERLY,CLEAR,DAYLIGHT,ANGLE,NOT DIVIDED,,STRAIGHT AND LEVEL,DRY,NO DEFECTS,ON SCENE,INJURY AND / OR TOW DUE TO CRASH,Y,,Y,"OVER $1,500",08/10/2025 01:51:00 PM,UNABLE TO DETERMINE,UNABLE TO DETERMINE,3600,W,GRAND AVE,1112,,,,,,,3,NONINCAPACITATING INJURY,1,0,0,1,0,3,0,1,1,8,41.9023626196,-87.7165388614,POINT (-87.716538861417 41.902362619578)
aa157cf734d5773f2e37f904d6c834a8b4a18d94eba2b8d9bc80cdeb51444f8054c27d0c85230b696da036af7c96ab22b6a5365f5a97d027b1aa269713483cba,,08/10/2025 01:41:00 AM,30,NO CONTROLS,NO CONTROLS,CLEAR,"DARKNESS, LIGHTED ROAD",SIDESWIPE SAME DIRECTION,DIVIDED - W/MEDIAN (NOT RAISED),,STRAIGHT AND LEVEL,WET,WORN SURFACE,NOT ON SCENE (DESK REPORT),INJURY AND / OR TOW DUE TO CRASH,,,Y,"OVER $1,500",08/10/2025 03:29:00 AM,IMPROPER OVERTAKING/PASSING,DRIVING SKILLS/KNOWLEDGE/EXPERIENCE,2383,S,ARCHER AVE,914,,,,,,,2,NO INDICATION OF INJURY,0,0,0,0,0,2,0,1,1,8,41.8491757992,-87.6414578214,POINT (-87.64145782142 41.849175799193)
37134cbf89478bce4066b4cb2cfa89a80251d4de250d7d3ddd1036a753d90bc62de660d1ecfac014c81fda422a68c2f0879976b5c0faca794ef45117894a5ae0,Y,08/10/2025 01:40:00 AM,30,NO CONTROLS,NO CONTROLS,CLEAR,DAYLIGHT,ANGLE,FOUR WAY,,STRAIGHT AND LEVEL,DRY,NO DEFECTS,NOT ON SCENE (DESK REPORT),NO INJURY / DRIVE AWAY,Y,,,"OVER $1,500",08/11/2025 09:00:00 PM,UNABLE TO DETERMINE,UNABLE TO DETERMINE,2859,N,NARRAGANSETT AVE,2511,,,,,,,2,NO INDICATION OF INJURY,0,0,0,0,0,2,0,1,1,8,41.9327433552,-87.7856002368,POINT (-87.78560023682 41.932743355207)
3cc8bd774b622f5247117d8a4ca8c70e506d01f256ca78749e911a7ff990976f8d48cb82d38b278220b024d3fa17ce7e4412b5b5296676bd16201d3f4f425f0a,Y,08/10/2025 01:40:00 AM,30,TRAFFIC SIGNAL,FUNCTIONING PROPERLY,CLEAR,"DARKNESS, LIGHTED ROAD",REAR END,NOT DIVIDED,,STRAIGHT AND LEVEL,DRY,NO DEFECTS,ON SCENE,INJURY AND / OR TOW DUE TO CRASH,,,Y,"OVER $1,500",08/10/2025 01:41:00 AM,UNABLE TO DETERMINE,UNABLE TO DETERMINE,1301,S,WESTERN AVE,1233,,,,,,,3,"REPORTED, NOT EVIDENT",2,0,0,0,2,2,0,1,1,8,41.8647450693,-87.6858404547,POINT (-87.685840454681 41.864745069282)
527c6fd53819bd7268dc0ed8af13242703b85bc11f5f6e8601e7a2d9636288b468b863beb147ee568ab001d3d5861b4ded298365f232f246e8e46b5e06458cc2,,08/10/2025 01:30:00 AM,30,NO CONTROLS,NO CONTROLS,CLEAR,DAYLIGHT,REAR END,NOT DIVIDED,,STRAIGHT AND LEVEL,DRY,NO DEFECTS,NOT ON SCENE (DESK REPORT),NO INJURY / DRIVE AWAY,,,,"OVER $1,500",08/12/2025 10:00:00 AM,FOLLOWING TOO CLOSELY,FOLLOWING TOO CLOSELY,1521,N,CICERO AVE,2533,Y,,,,,,2,NO INDICATION OF INJURY,0,0,0,0,0,2,0,1,1,8,41.908465806,-87.7459318403,POINT (-87.745931840325 41.908465805983)
acce78d594c4776a785c11bf67bb141ab7a5dd70ce7b7a502bc25cafdc767b9209d3bb545f0bb8a3d606469ff6cfa38ded648248220c88e95b514fffe1cf1cd8,,08/10/2025 01:20:00 AM,30,TRAFFIC SIGNAL,FUNCTIONING PROPERLY,CLEAR,"DARKNESS, LIGHTED ROAD",SIDESWIPE SAME DIRECTION,ONE-WAY,,STRAIGHT AND LEVEL,DRY,NO DEFECTS,NOT ON SCENE (DESK REPORT),NO INJURY / DRIVE AWAY,Y,,,"OVER $1,500",08/10/2025 02:30:00 AM,FAILING TO YIELD RIGHT-OF-WAY,IMPROPER LANE USAGE,130,W,OHIO ST,1832,,,,,,,2,NO INDICATION OF INJURY,0,0,0,0,0,3,0,1,1,8,41.892519445,-87.6325371047,POINT (-87.632537104698 41.892519445034)
4ff288aee4fb6b8f3f8ca9516183ea0829b8b48aeab526e6d711645db04938c4336d4056c882284703697b2c3614cbf8b4d0fba2f2a1cca9a3764bce7d686070,,08/10/2025 01:17:00 AM,30,NO CONTROLS,NO CONTROLS,CLEAR,"DARKNESS, LIGHTED ROAD",PARKED MOTOR VEHICLE,ONE-WAY,,STRAIGHT AND LEVEL,DRY,NO DEFECTS,NOT ON SCENE (DESK REPORT),NO INJURY / DRIVE AWAY,,,,"OVER $1,500",08/10/2025 02:00:00 AM,UNABLE TO DETERMINE,NOT APPLICABLE,404,N,LAVERGNE AVE,1532,Y,,,,,,2,NO INDICATION OF INJURY,0,0,0,0,0,1,0,1,1,8,41.8880184056,-87.7505969416,POINT (-87.750596941569 41.888018405638)
9d6d37c08ddb70ab3377b8b739f0aef8f7ec0adcc3def6ffa0ede7c264b66c33d523b3eebf38250911cfbbe6868c70feb462d5c8939c3128793ad4be33f25984,,08/10/2025 01:12:00 AM,30,TRAFFIC SIGNAL,FUNCTIONING PROPERLY,CLEAR,"DARKNESS, LIGHTED ROAD",FIXED OBJECT,NOT DIVIDED,,STRAIGHT AND LEVEL,DRY,NO DEFECTS,ON SCENE,INJURY AND / OR TOW DUE TO CRASH,Y,,,"OVER $1,500",08/10/2025 01:14:00 AM,PHYSICAL CONDITION OF DRIVER,UNABLE TO DETERMINE,3507,S,KEDZIE AVE,911,,,,,,,1,NONINCAPACITATING INJURY,1,0,0,1,0,0,0,1,1,8,41.8295956382,-87.7044530588,POINT (-87.704453058784 41.829595638215)
0e5532a6bdb4e4728c64dbaac108b7472742923d725a0a2a78c70d99aec1cdf030dcce6d91a58bfcfa1daf1a376eee6d48d1bd27d92efb185b4fd3ac2020db79,,08/10/2025 01:05:00 AM,30,NO CONTROLS,NO CONTROLS,CLEAR,"DARKNESS, LIGHTED ROAD",SIDESWIPE SAME DIRECTION,NOT DIVIDED,,STRAIGHT AND LEVEL,DRY,NO DEFECTS,ON SCENE,NO INJURY / DRIVE AWAY,,,Y,"OVER $1,500",08/10/2025 01:16:00 AM,UNABLE TO DETERMINE,UNABLE TO DETERMINE,1143,W,WAVELAND AVE,1923,,,,,,,2,NO INDICATION OF INJURY,0,0,0,0,0,2,0,1,1,8,41.9488682344,-87.6585404629,POINT (-87.658540462925 41.948868234355)
41f1105dda00b39707d4249855e737ba8a8ec8018b74d7d68ef394fcc13c106f04a55c9b7d6446883bba39abf0eb98dfb7d9c2f81a595522196d12fa32f84807,,08/10/2025 01:04:00 AM,25,NO CONTROLS,NO CONTROLS,CLEAR,"DARKNESS, LIGHTED ROAD",PEDESTRIAN,NOT DIVIDED,,STRAIGHT AND LEVEL,DRY,NO DEFECTS,ON SCENE,INJURY AND / OR TOW DUE TO CRASH,,,,"OVER $1,500",08/10/2025 01:59:00 AM,UNABLE TO DETERMINE,DISREGARDING ROAD MARKINGS,1129,W,LAWRENCE AVE,1914,,,,,,,2,"REPORTED, NOT EVIDENT",1,0,0,0,1,1,0,1,1,8,41.9689281273,-87.6588578149,POINT (-87.6588578149 41.968928127254)
b69ab6c96baa7e59687c1fc1d86143048c29114a4dbf02581b37ef21d96cbe4c0bfe99498eb85993c416be643d04df0730666a77217f58042e830ce89e64b14b,,08/10/2025 01:02:00 AM,30,TRAFFIC SIGNAL,FUNCTIONING PROPERLY,CLEAR,"DARKNESS, LIGHTED ROAD",REAR END,FOUR WAY,,STRAIGHT AND LEVEL,DRY,NO DEFECTS,ON SCENE,NO INJURY / DRIVE AWAY,Y,,,"OVER $1,500",08/10/2025 01:02:00 AM,IMPROPER OVERTAKING/PASSING,NOT APPLICABLE,1405,W,71ST ST,734,,,,,,,2,NO INDICATION OF INJURY,0,0,0,0,0,2,0,1,1,8,41.7648672265,-87.659169506,POINT (-87.659169506004 41.764867226505)
0effd42214a8b3e23eb022236644160600dec69e45d04fbc61678a20d9474a97513fa0cc5826ec8a8ad57f49a1171cfb8384e0a902b39533d6d6446d75532dac,,08/10/2025 01:00:00 AM,30,NO CONTROLS,NO CONTROLS,CLEAR,DARKNESS,PARKED MOTOR VEHICLE,NOT DIVIDED,,STRAIGHT AND LEVEL,DRY,NO DEFECTS,NOT ON SCENE (DESK REPORT),NO INJURY / DRIVE AWAY,,,,"$501 - $1,500",08/11/2025 01:50:00 AM,UNABLE TO DETERMINE,NOT APPLICABLE,4445,W,FIFTH AVE,1131,,,,,,,2,NO INDICATION OF INJURY,0,0,0,0,0,1,0,1,1,8,41.869737506,-87.7367200733,POINT (-87.736720073277 41.869737506015)
2f1f70ced8844471cb1d42e4c54eb9003d8f1fb71bb8bdfd88b1973d694020e1f0d39301be7674bfb047810faaeff68b74b8f72bfccc440f9c06c69771cb6128,,08/10/2025 01:00:00 AM,30,NO CONTROLS,NO CONTROLS,CLEAR,"DARKNESS, LIGHTED ROAD",PARKED MOTOR VEHICLE,ONE-WAY,,STRAIGHT AND LEVEL,DRY,NO DEFECTS,NOT ON SCENE (DESK REPORT),NO INJURY / DRIVE AWAY,,,Y,"OVER $1,500",08/12/2025 06:00:00 PM,UNABLE TO DETERMINE,UNABLE TO DETERMINE,5533,S,JUSTINE ST,713,,,,,,,2,NO INDICATION OF INJURY,0,0,0,0,0,1,0,1,1,8,41.7926549201,-87.6631703542,POINT (-87.663170354228 41.792654920124)
5627fca87f59dde62b163cf67f7818d7482c6b7178dc57c17693c1ee7cd28c68d8a414c2e93aa5fbbc06b304cfd33e7ec4005f9074df77364c2e440ac8e84621,,08/10/2025 01:00:00 AM,30,NO CONTROLS,NO CONTROLS,CLEAR,"DARKNESS, LIGHTED ROAD",PARKED MOTOR VEHICLE,DRIVEWAY,,STRAIGHT AND LEVEL,DRY,NO DEFECTS,ON SCENE,NO INJURY / DRIVE AWAY,,Y,Y,"OVER $1,500",08/10/2025 01:00:00 AM,FAILING TO REDUCE SPEED TO AVOID CRASH,DRIVING SKILLS/KNOWLEDGE/EXPERIENCE,3321,N,KEATING AVE,1731,,,,,,,2,NO INDICATION OF INJURY,0,0,0,0,0,5,0,1,1,8,41.9413349114,-87.7451231945,POINT (-87.745123194459 41.941334911422)
6f379cedceb1599e5d2a9c89e0bb953be5596a430f1d4226fc81f7e9d5de0420bc07f6dc0889971c2b6c4ac2371b111ec266509105a7817d62023567a970ec1f,,08/10/2025 12:32:00 AM,30,TRAFFIC SIGNAL,FUNCTIONING PROPERLY,CLEAR,"DARKNESS, LIGHTED ROAD",PEDALCYCLIST,"FIVE POINT, OR MORE",,STRAIGHT AND LEVEL,DRY,UNKNOWN,ON SCENE,INJURY AND / OR TOW DUE TO CRASH,Y,,,"OVER $1,500",08/10/2025 01:01:00 AM,UNABLE TO DETERMINE,UNABLE TO DETERMINE,2400,W,DIVERSEY AVE,1411,,,,,,,2,NONINCAPACITATING INJURY,1,0,0,1,0,2,0,0,1,8,41.932287183,-87.6879500934,POINT (-87.687950093412 41.932287182991)
8c1f920ac9dcc4b40614d5d233e7e530ae2e52f3081a34c775d199a1c79f523d5173bb37c6019ec09ff7c73308b3f7eb676f2ccc1ccab2d49a78fb4068bcc07c,,08/10/2025 12:30:00 AM,30,NO CONTROLS,NO CONTROLS,CLEAR,DARKNESS,PARKED MOTOR VEHICLE,NOT DIVIDED,,STRAIGHT AND LEVEL,UNKNOWN,UNKNOWN,NOT ON SCENE (DESK REPORT),NO INJURY / DRIVE AWAY,,,Y,"OVER $1,500",08/11/2025 04:00:00 PM,DRIVING ON WRONG SIDE/WRONG WAY,NOT APPLICABLE,4005,S,PRAIRIE AVE,213,,,,,,,2,NO INDICATION OF INJURY,0,0,0,0,0,1,0,0,1,8,41.8218307506,-87.6197898674,POINT (-87.619789867381 41.821830750556)
d41ec305ab8072f6c28f10957cae45578dc59ecb53b6a4f0296f458e5f4cf5a089b91872709b2243d7b886928e76716d3b3b868be25a31749ab25d6106ae124c,,08/10/2025 12:27:00 AM,25,NO CONTROLS,NO CONTROLS,CLEAR,"DARKNESS, LIGHTED ROAD",PARKED MOTOR VEHICLE,NOT DIVIDED,,STRAIGHT AND LEVEL,DRY,NO DEFECTS,ON SCENE,NO INJURY / DRIVE AWAY,,,,"OVER $1,500",08/10/2025 12:45:00 PM,IMPROPER BACKING,NOT APPLICABLE,9676,S,LUELLA AVE,431,,,,,,,2,NO INDICATION OF INJURY,0,0,0,0,0,1,0,0,1,8,41.7191426955,-87.5689014783,POINT (-87.568901478339 41.719142695458)
50bc0c50768b1aa8f655e8c943a268b8512f0453e171046ceea6d453eadffd63bdb9c900edccab86490583bb4d7578f873f9ef54fff36d6dffcdfac9b039d8bb,,08/10/2025 12:15:00 AM,25,TRAFFIC SIGNAL,FUNCTIONING PROPERLY,CLEAR,"DARKNESS, LIGHTED ROAD",HEAD ON,NOT DIVIDED,,STRAIGHT AND LEVEL,DRY,NO DEFECTS,ON SCENE,INJURY AND / OR TOW DUE TO CRASH,Y,,Y,"OVER $1,500",08/10/2025 12:37:00 AM,DRIVING ON WRONG SIDE/WRONG WAY,DRIVING ON WRONG SIDE/WRONG WAY,4750,N,CLARENDON AVE,1914,,,,,,,2,"REPORTED, NOT EVIDENT",1,0,0,0,1,1,0,0,1,8,41.9688578969,-87.6502585863,POINT (-87.650258586261 41.968857896927)
964713f0c10fe4d64eabba162c96dc9987c144b08fb2b27f8e00d8770ddbc0be5ab80684019871d9045123da2031b40060dd7b5619d419a6a649dd984bcfb5ff,,08/10/2025 12:14:00 AM,30,NO CONTROLS,NO CONTROLS,CLEAR,"DARKNESS, LIGHTED ROAD",PARKED MOTOR VEHICLE,NOT DIVIDED,,STRAIGHT AND LEVEL,DRY,NO DEFECTS,ON SCENE,INJURY AND / OR TOW DUE TO CRASH,,,,"OVER $1,500",08/10/2025 12:14:00 AM,UNABLE TO DETERMINE,NOT APPLICABLE,5927,S,WESTERN AVE,825,,,,,,,2,NO INDICATION OF INJURY,0,0,0,0,0,1,0,0,1,8,41.785741093,-87.6836663303,POINT (-87.683666330314 41.78574109299)
833681a98761f0d2adf29150d4117553360e2f2255c35bef0760e86acc086300d928a8ae7edc2f80427150c1ca1f9f1b1933c560d39862baaaab10cbf28c4944,,08/10/2025 12:05:00 AM,30,UNKNOWN,UNKNOWN,CLEAR,UNKNOWN,REAR END,DIVIDED - W/MEDIAN (NOT RAISED),,STRAIGHT AND LEVEL,DRY,UNKNOWN,ON SCENE,NO INJURY / DRIVE AWAY,,,,"OVER $1,500",08/10/2025 12:50:00 AM,UNABLE TO DETERMINE,UNABLE TO DETERMINE,1600,W,CERMAK RD,1234,,,,,,,2,NO INDICATION OF INJURY,0,0,0,0,0,2,0,0,1,8,41.8524380492,-87.6661522304,POINT (-87.666152230449 41.852438049213)
e0c740fd303f1412ca234b779ae2023ac631aca26efd925d6dd8885f505e5b76ea18edf062b7f154ab0f2e8a171d9a17bb04bba847ef2790e126a0e597f6f2a4,,08/10/2025 12:05:00 AM,30,TRAFFIC SIGNAL,FUNCTIONING PROPERLY,CLEAR,"DARKNESS, LIGHTED ROAD",TURNING,FOUR WAY,,STRAIGHT AND LEVEL,DRY,WORN SURFACE,NOT ON SCENE (DESK REPORT),INJURY AND / OR TOW DUE TO CRASH,Y,,,"OVER $1,500",08/10/2025 12:26:00 AM,IMPROPER TURNING/NO SIGNAL,IMPROPER TURNING/NO SIGNAL,3600,S,KEDZIE AVE,911,,,,,,,2,NO INDICATION OF INJURY,0,0,0,0,0,2,0,0,1,8,41.8280351411,-87.7046977316,POINT (-87.704697731614 41.828035141054)
46c479917fc3e37613b8d0479796737b6288a6bb8f39a34bad7ec32c2499fe653616ef0408c27ff1a46a804366efcf9f16e1dcbf5deac4c1c67410d77d61897e,,08/10/2025 12:01:00 AM,30,STOP SIGN/FLASHER,UNKNOWN,UNKNOWN,UNKNOWN,REAR END,NOT DIVIDED,,STRAIGHT AND LEVEL,UNKNOWN,UNKNOWN,NOT ON SCENE (DESK REPORT),NO INJURY / DRIVE AWAY,Y,,,"$501 - $1,500",08/10/2025 12:15:00 AM,UNABLE TO DETERMINE,UNABLE TO DETERMINE,302,N,GREEN ST,1214,,,,,,,2,NO INDICATION OF INJURY,0,0,0,0,0,2,0,0,1,8,41.8868893057,-87.6488227918,POINT (-87.648822791828 41.886889305659)
421930d26781027e0ff81521936c6b323327faff3c8a84179ad6106d345277ffd234e145f8779bc259445161ed6b4f6e9ae58b5f6290dc8f1e96b48e9e1858d2,,08/10/2025 12:00:00 AM,30,STOP SIGN/FLASHER,FUNCTIONING PROPERLY,CLEAR,"DARKNESS, LIGHTED ROAD",ANGLE,FOUR WAY,,STRAIGHT AND LEVEL,DRY,NO DEFECTS,NOT ON SCENE (DESK REPORT),INJURY AND / OR TOW DUE TO CRASH,Y,,,"OVER $1,500",08/10/2025 10:40:00 AM,FAILING TO YIELD RIGHT-OF-WAY,FAILING TO YIELD RIGHT-OF-WAY,3374,W,26TH ST,1024,,,,,,,2,NO INDICATION OF INJURY,0,0,0,0,0,3,0,0,1,8,41.8445607479,-87.7098522516,POINT (-87.709852251616 41.844560747905)
893a31790acf4f625829359141ba9f3db135c95f35fa5191958b1aa9d15092e30d5121081d2fc3978fbf82a6b6bfee0cb804581287b75f3f1715545db2077b64,,08/10/2025 12:00:00 AM,30,NO CONTROLS,NO CONTROLS,CLEAR,"DARKNESS, LIGHTED ROAD",SIDESWIPE OPPOSITE DIRECTION,ONE-WAY,,STRAIGHT AND LEVEL,DRY,NO DEFECTS,NOT ON SCENE (DESK REPORT),NO INJURY / DRIVE AWAY,,,,"$501 - $1,500",08/10/2025 01:10:00 PM,DRIVING ON WRONG SIDE/WRONG WAY,IMPROPER OVERTAKING/PASSING,2320,N,NORMANDY AVE,2512,,,,,,,2,NO INDICATION OF INJURY,0,0,0,0,0,2,0,0,1,8,41.9218287123,-87.792500416,POINT (-87.792500415989 41.921828712349)
28ebda20906fbb6f1a0c433e186195da6500af25b9a44745d3598567addfa663a0a8d6acb27b6a657a81726d8c2796e5067e302ff77b0bb71b60ff8de95ec2d5,,08/09/2025 11:55:00 PM,30,NO CONTROLS,NO CONTROLS,CLEAR,"DARKNESS, LIGHTED ROAD",SIDESWIPE SAME DIRECTION,NOT DIVIDED,,STRAIGHT AND LEVEL,DRY,NO DEFECTS,NOT ON SCENE (DESK REPORT),NO INJURY / DRIVE AWAY,,,,"OVER $1,500",08/10/2025 12:30:00 AM,IMPROPER LANE USAGE,NOT APPLICABLE,21,W,31ST ST,211,,,,,,,2,NO INDICATION OF INJURY,0,0,0,0,0,2,0,23,7,8,41.8381792671,-87.6276328688,POINT (-87.627632868783 41.838179267099)
6ad953aa1ee4ef1106aede1b6ba041479d5d86363df6654c7e82914af4b578b668ca372fae4779ea97d2b02092d83a901c119450c6033a1f8503f42e8dc510ba,,08/09/2025 11:50:00 PM,55,NO CONTROLS,NO CONTROLS,CLEAR,"DARKNESS, LIGHTED ROAD",REAR END,OTHER,,STRAIGHT AND LEVEL,DRY,NO DEFECTS,NOT ON SCENE (DESK REPORT),NO INJURY / DRIVE AWAY,,,,"OVER $1,500",08/10/2025 12:30:00 AM,FOLLOWING TOO CLOSELY,FOLLOWING TOO CLOSELY,2000,S,LAKE SHORE DR SB,132,,,,,,,2,NO INDICATION OF INJURY,0,0,0,0,0,4,0,23,7,8,41.8555228312,-87.6158428331,POINT (-87.615842833133 41.855522831204)
7f96e84ac7b66baf8f7e64d15c37b2f54fcb3c9cbbb9dd58df1b808cab50bdf4a5905e77e94dc0d050bcdb078baee233e8081a5276337694d813c02414f0bc42,,08/09/2025 11:50:00 PM,30,TRAFFIC SIGNAL,FUNCTIONING PROPERLY,CLEAR,"DARKNESS, LIGHTED ROAD",SIDESWIPE SAME DIRECTION,FOUR WAY,,STRAIGHT AND LEVEL,DRY,NO DEFECTS,NOT ON SCENE (DESK REPORT),NO INJURY / DRIVE AWAY,Y,,Y,"OVER $1,500",08/10/2025 01:45:00 AM,UNABLE TO DETERMINE,NOT APPLICABLE,1158,S,MICHIGAN AVE,123,,,,,,,2,NO INDICATION OF INJURY,0,0,0,0,0,2,0,23,7,8,41.8675536341,-87.6242715489,POINT (-87.624271548879 41.867553634062)