CRASH_RECORD_ID,CRASH_DATE_EST_I,CRASH_DATE,POSTED_SPEED_LIMIT,TRAFFIC_CONTROL_DEVICE,DEVICE_CONDITION,WEATHER_CONDITION,LIGHTING_CONDITION,FIRST_CRASH_TYPE,TRAFFICWAY_TYPE,LANE_CNT,ALIGNMENT,ROADWAY_SURFACE_COND,ROAD_DEFECT,REPORT_TYPE,CRASH_TYPE,INTERSECTION_RELATED_I,NOT_RIGHT_OF_WAY_I,HIT_AND_RUN_I,DAMAGE,DATE_POLICE_NOTIFIED,PRIM_CONTRIBUTORY_CAUSE,SEC_CONTRIBUTORY_CAUSE,STREET_NO,STREET_DIRECTION,STREET_NAME,BEAT_OF_OCCURRENCE,PHOTOS_TAKEN_I,STATEMENTS_TAKEN_I,DOORING_I,WORK_ZONE_I,WORK_ZONE_TYPE,WORKERS_PRESENT_I,NUM_UNITS,MOST_SEVERE_INJURY,INJURIES_TOTAL,INJURIES_FATAL,INJURIES_INCAPACITATING,INJURIES_NON_INCAPACITATING,INJURIES_REPORTED_NOT_EVIDENT,INJURIES_NO_INDICATION,INJURIES_UNKNOWN,CRASH_HOUR,CRASH_DAY_OF_WEEK,CRASH_MONTH,LATITUDE,LONGITUDE,LOCATION
257664dfa641c0345d81dd748514a152b2b125b295e3d8a8223fbb02200fbffc4a7b070b34e2af16da8d37195eb9b3a9f9c9f3d57e8b9f5a775855e5394f38c7,,08/09/2025 10:00:00 PM,30,TRAFFIC SIGNAL,FUNCTIONING PROPERLY,CLEAR,"DARKNESS, LIGHTED ROAD",SIDESWIPE OPPOSITE DIRECTION,NOT DIVIDED,,STRAIGHT AND LEVEL,DRY,NO DEFECTS,NOT ON SCENE (DESK REPORT),NO INJURY / DRIVE AWAY,Y,,,"$501 - $1,500",08/09/2025 10:27:00 PM,IMPROPER OVERTAKING/PASSING,NOT APPLICABLE,9,S,KEDZIE AVE,1124,,,,,,,2,NO INDICATION OF INJURY,0,0,0,0,0,4,0,22,7,8,41.8806584055,-87.7059663823,POINT (-87.705966382257 41.880658405488)
732467af60002dfe09e78b0d3d9711875306fb21042dee5c192158cd2bd9b4b049e524bc0b06b609c97ece1464cb05a46e3a3163f2218bd111dded076abdaafa,,08/09/2025 10:00:00 PM,35,NO CONTROLS,NO CONTROLS,CLEAR,"DARKNESS, LIGHTED ROAD",REAR END,NOT DIVIDED,,STRAIGHT AND LEVEL,DRY,NO DEFECTS,NOT ON SCENE (DESK REPORT),NO INJURY / DRIVE AWAY,,,,"OVER $1,500",08/09/2025 10:00:00 PM,UNABLE TO DETERMINE,UNABLE TO DETERMINE,2300,N,CANNON DR,1814,Y,,,,,,2,NO INDICATION OF INJURY,0,0,0,0,0,2,0,22,7,8,41.923863928,-87.6328679594,POINT (-87.632867959361 41.92386392798)
c36ad5f7f2326fecce5c058ef279d02654a6796c142a8f33d5b0b5076f74d8bd14cd582a7cf421b632fcf1e1e70695b2114658b5bdec39a2eb2cfda0d9a98a8d,,08/09/2025 09:58:00 PM,30,NO CONTROLS,NO CONTROLS,CLEAR,"DARKNESS, LIGHTED ROAD",REAR END,NOT DIVIDED,,STRAIGHT AND LEVEL,DRY,NO DEFECTS,NOT ON SCENE (DESK REPORT),NO INJURY / DRIVE AWAY,,,Y,"$501 - $1,500",08/09/2025 10:45:00 PM,UNABLE TO DETERMINE,UNABLE TO DETERMINE,2002,E,77TH ST,414,,,,,,,2,NO INDICATION OF INJURY,0,0,0,0,0,3,0,21,7,8,41.7553533564,-87.5759223364,POINT (-87.575922336366 41.755353356401)
2a64287999428f271c8fdd8d4767b74019c83b21b30f4bf24eb09e30c5b1bb07c4c672e04e491fd9e231f3a43a2306b3d279c8f68af379758fbedc2b77ee7bb1,,08/09/2025 09:53:00 PM,30,TRAFFIC SIGNAL,FUNCTIONING PROPERLY,CLEAR,"DARKNESS, LIGHTED ROAD",ANGLE,FOUR WAY,,STRAIGHT AND LEVEL,DRY,NO DEFECTS,ON SCENE,INJURY AND / OR TOW DUE TO CRASH,Y,,,"OVER $1,500",08/09/2025 10:00:00 PM,DISREGARDING TRAFFIC SIGNALS,DISREGARDING TRAFFIC SIGNALS,5700,S,CALIFORNIA AVE,824,,,,,,,2,INCAPACITATING INJURY,1,0,1,0,0,3,0,21,7,8,41.7899550138,-87.6938409939,POINT (-87.693840993851 41.789955013776)
5d5caedda5b46fc73d27e4a40a5ce8b4076cd4131aa3d59ae4d52ae3487708eb6d48ec2040af6371d1d744b0376987b65cd9098c9f5aaf1eb7059c54a98890db,,08/09/2025 09:45:00 PM,20,STOP SIGN/FLASHER,FUNCTIONING PROPERLY,CLEAR,"DARKNESS, LIGHTED ROAD",REAR END,ONE-WAY,,STRAIGHT AND LEVEL,DRY,NO DEFECTS,NOT ON SCENE (DESK REPORT),NO INJURY / DRIVE AWAY,,,Y,"OVER $1,500",08/09/2025 11:20:00 PM,UNABLE TO DETERMINE,UNABLE TO DETERMINE,33,W,112TH ST,522,,,,,,,2,NO INDICATION OF INJURY,0,0,0,0,0,2,0,21,7,8,41.6906476599,-87.6243713316,POINT (-87.624371331583 41.690647659877)
85b9b99f687f96e58da951eb87f877dfa4dcb8a6a9bc2f92e98e01b33aa36a01640caf24fb621ee680f63a11ad0dae1935b17bf4d355eb0905756d4c1e84e4a6,Y,08/09/2025 09:45:00 PM,30,OTHER,OTHER,OTHER,UNKNOWN,PARKED MOTOR VEHICLE,OTHER,,STRAIGHT AND LEVEL,UNKNOWN,UNKNOWN,NOT ON SCENE (DESK REPORT),NO INJURY / DRIVE AWAY,,,Y,"OVER $1,500",08/09/2025 10:30:00 PM,UNABLE TO DETERMINE,UNABLE TO DETERMINE,3857,S,DR MARTIN LUTHER KING JR DR,212,,,,,,,2,NO INDICATION OF INJURY,0,0,0,0,0,1,0,21,7,8,41.8239832515,-87.6168538908,POINT (-87.616853890785 41.823983251515)
9b639e942060d83452d18d3acb2c0f3d6f97e7e2168520f8d5dfb1b03e367cd4d9a98b75b089b8a80e07229ac020d75ac8b87aec399a1bd935433b17b3fd2b3d,,08/09/2025 09:40:00 PM,30,TRAFFIC SIGNAL,FUNCTIONING PROPERLY,CLEAR,"DARKNESS, LIGHTED ROAD",REAR END,NOT DIVIDED,,STRAIGHT AND LEVEL,DRY,UNKNOWN,ON SCENE,INJURY AND / OR TOW DUE TO CRASH,,,Y,"OVER $1,500",08/09/2025 09:45:00 PM,UNABLE TO DETERMINE,UNABLE TO DETERMINE,2131,W,HOWARD ST,2424,,,,,,,2,"REPORTED, NOT EVIDENT",1,0,0,0,1,1,0,21,7,8,42.0193724835,-87.6843936164,POINT (-87.684393616366 42.019372483522)
8a0001932e9085365ab4b2f4a57e63d0e3f9292db0af1333347def7d3052b2a9b37f12ebed5e312a4f996b01555d7177c40fe95a33267fc2e6824fbcf83dba77,,08/09/2025 09:34:00 PM,30,STOP SIGN/FLASHER,FUNCTIONING PROPERLY,CLEAR,"DARKNESS, LIGHTED ROAD",ANGLE,NOT DIVIDED,,STRAIGHT AND LEVEL,DRY,UNKNOWN,ON SCENE,INJURY AND / OR TOW DUE TO CRASH,Y,,,"OVER $1,500",08/09/2025 09:34:00 PM,FAILING TO YIELD RIGHT-OF-WAY,FAILING TO YIELD RIGHT-OF-WAY,6600,S,LANGLEY AVE,321,,,,,,,2,INCAPACITATING INJURY,1,0,1,0,0,3,0,21,7,8,41.7748257518,-87.6084076707,POINT (-87.608407670709 41.774825751766)
4bfd87b26748a5362f331bf7efd0059ba3442561aa1a733b15a4d63b3d639ac1cb596c0f52e711fd42e04dfc0d73f76b12faeb3f8902989c109bc7f923cebeee,,08/09/2025 09:25:00 PM,30,UNKNOWN,UNKNOWN,CLEAR,DUSK,TURNING,NOT DIVIDED,,STRAIGHT AND LEVEL,DRY,UNKNOWN,NOT ON SCENE (DESK REPORT),INJURY AND / OR TOW DUE TO CRASH,Y,,,"$501 - $1,500",08/09/2025 10:30:00 PM,NOT APPLICABLE,UNABLE TO DETERMINE,205,S,DESPLAINES ST,121,,,,,,,2,"REPORTED, NOT EVIDENT",1,0,0,0,1,1,0,21,7,8,41.8791148833,-87.6438899663,POINT (-87.643889966297 41.879114883321)
2f9f91a6a40dd19c70ee28ae30203dad825862bb4f190b978f70af639dd6a46534419074519648372a2cd5ebc325deee990d0dab920ea576a8e7ff18e4e72957,,08/09/2025 09:24:00 PM,30,NO CONTROLS,NO CONTROLS,CLEAR,"DARKNESS, LIGHTED ROAD",TURNING,DIVIDED - W/MEDIAN (NOT RAISED),,STRAIGHT AND LEVEL,DRY,NO DEFECTS,ON SCENE,INJURY AND / OR TOW DUE TO CRASH,Y,,,"OVER $1,500",08/09/2025 09:24:00 PM,FAILING TO YIELD RIGHT-OF-WAY,NOT APPLICABLE,7433,W,IRVING PARK RD,1631,,Y,,,,,2,INCAPACITATING INJURY,3,0,1,2,0,0,0,21,7,8,41.9525124497,-87.8134877913,POINT (-87.813487791332 41.952512449739)
39f2f03aed5fea796a95ea36730f999ea0817409f8f1181a072d6d00d50a9229c1472645b4b0539538c3e6b58b26a28b33a85feaed1a3f478efa90dded533cd3,,08/09/2025 09:20:00 PM,30,TRAFFIC SIGNAL,FUNCTIONING PROPERLY,CLEAR,"DARKNESS, LIGHTED ROAD",ANGLE,FOUR WAY,,STRAIGHT AND LEVEL,DRY,UNKNOWN,NOT ON SCENE (DESK REPORT),INJURY AND / OR TOW DUE TO CRASH,Y,,,"OVER $1,500",08/09/2025 10:42:00 PM,DISREGARDING TRAFFIC SIGNALS,UNABLE TO DETERMINE,507,W,VAN BUREN ST,121,,,,,,,2,"REPORTED, NOT EVIDENT",1,0,0,0,1,1,0,21,7,8,41.8766577118,-87.6398871222,POINT (-87.639887122235 41.876657711805)
9b36c169dd416f0bef368ad22548bf3b69b309e19e237614658c7819081b28a43e8fa92ac9ed28adabc0708f77c70267268aa1e95a6a2f0642312f23d56044c0,,08/09/2025 09:20:00 PM,30,NO CONTROLS,NO CONTROLS,CLEAR,"DARKNESS, LIGHTED ROAD",SIDESWIPE SAME DIRECTION,NOT DIVIDED,,STRAIGHT AND LEVEL,DRY,NO DEFECTS,NOT ON SCENE (DESK REPORT),NO INJURY / DRIVE AWAY,Y,,,"$501 - $1,500",08/09/2025 09:20:00 PM,FAILING TO YIELD RIGHT-OF-WAY,FAILING TO YIELD RIGHT-OF-WAY,750,N,CLARK ST,1832,,,,,,,2,NO INDICATION OF INJURY,0,0,0,0,0,2,0,21,7,8,41.8963908508,-87.631388416,POINT (-87.631388416049 41.896390850798)
9e84daa303397714bf4f43c6c9a5b8dbd001a86c0b83333506d8728964a957a7a62bbb4f3739e1f18ec63e159a63b4ab7a438eadefa1a883cddc4f970cca192d,,08/09/2025 09:20:00 PM,30,TRAFFIC SIGNAL,FUNCTIONING PROPERLY,CLEAR,DARKNESS,TURNING,NOT DIVIDED,,STRAIGHT AND LEVEL,DRY,NO DEFECTS,NOT ON SCENE (DESK REPORT),INJURY AND / OR TOW DUE TO CRASH,,,,"$501 - $1,500",08/14/2025 07:56:00 PM,IMPROPER TURNING/NO SIGNAL,NOT APPLICABLE,8299,S,PULASKI RD,834,,,,,,,2,NONINCAPACITATING INJURY,1,0,0,1,0,1,0,21,7,8,41.7422276992,-87.7215342786,POINT (-87.721534278599 41.742227699151)
0cbf773b85e7ac3978e3ace2e5ba9625de6379abe751ea5f0021259e67c954af1d5e8cd0572bb153407599315cdc2e3c1b9c6bc330f480f3fad7a351c8bafe0e,,08/09/2025 09:19:00 PM,35,TRAFFIC SIGNAL,FUNCTIONING PROPERLY,CLEAR,"DARKNESS, LIGHTED ROAD",TURNING,FOUR WAY,,STRAIGHT AND LEVEL,DRY,NO DEFECTS,ON SCENE,NO INJURY / DRIVE AWAY,,,,"OVER $1,500",08/09/2025 09:41:00 PM,FAILING TO YIELD RIGHT-OF-WAY,UNABLE TO DETERMINE,8700,S,WOOD ST,2221,,,,,,,2,NO INDICATION OF INJURY,0,0,0,0,0,2,0,21,7,8,41.7356330207,-87.6680700927,POINT (-87.668070092662 41.735633020702)
1868c1c76e1a08623627f7430d7a756b9d43bb2b86ef7a20dda4ccbf132335fd1c32c828d85df811863809fc30fb00bd0f10476fe656fbb867ad1deba7ea88ca,,08/09/2025 09:19:00 PM,30,STOP SIGN/FLASHER,FUNCTIONING PROPERLY,CLEAR,"DARKNESS, LIGHTED ROAD",REAR END,DIVIDED - W/MEDIAN (NOT RAISED),,STRAIGHT AND LEVEL,DRY,UNKNOWN,NOT ON SCENE (DESK REPORT),NO INJURY / DRIVE AWAY,Y,,Y,"OVER $1,500",08/10/2025 09:00:00 AM,FAILING TO YIELD RIGHT-OF-WAY,FAILING TO REDUCE SPEED TO AVOID CRASH,2659,N,NARRAGANSETT AVE,2512,,,,,,,2,NO INDICATION OF INJURY,0,0,0,0,0,2,0,21,7,8,41.9290799144,-87.7854941911,POINT (-87.785494191067 41.92907991437)
846b444be4252f62964d3841064b98f9a87d2b4f30e1dc6bbaf2dd85aac799a591f44af3f87572a174a24fed95fb3cc4757cc075252af9a68f2102fc1eee0782,,08/09/2025 09:05:00 PM,30,UNKNOWN,UNKNOWN,UNKNOWN,UNKNOWN,ANGLE,NOT DIVIDED,,STRAIGHT AND LEVEL,UNKNOWN,UNKNOWN,NOT ON SCENE (DESK REPORT),NO INJURY / DRIVE AWAY,,,,"OVER $1,500",08/09/2025 09:52:00 PM,NOT APPLICABLE,NOT APPLICABLE,3718,N,RACINE AVE,1923,,,,,,,2,NO INDICATION OF INJURY,0,0,0,0,0,2,0,21,7,8,41.9495348081,-87.6593744251,POINT (-87.659374425148 41.949534808063)
11e8e9d1c54ee5f5d43bec225d0aa935dd6dd55ae8b9ab7e371dde003906b72ea3b3c372ec97daaeea290e1acd110fca8479d56b92e0b799a72edefc7dc1cf5c,,08/09/2025 09:00:00 PM,20,NO CONTROLS,NO CONTROLS,CLEAR,"DARKNESS, LIGHTED ROAD",PARKED MOTOR VEHICLE,ONE-WAY,,STRAIGHT AND LEVEL,DRY,UNKNOWN,NOT ON SCENE (DESK REPORT),NO INJURY / DRIVE AWAY,,,Y,"OVER $1,500",08/10/2025 02:20:00 PM,DRIVING SKILLS/KNOWLEDGE/EXPERIENCE,UNABLE TO DETERMINE,2713,N,RUTHERFORD AVE,2512,,,,,,,2,NO INDICATION OF INJURY,0,0,0,0,0,1,0,21,7,8,41.9295091374,-87.7940543297,POINT (-87.794054329732 41.929509137369)
6e93851dddca6bf72eff90b43519f691af01a8f78723f6f5fa520ba28c427e2cc81783d0d029bd79085ce1385d4a0f99d888a7f69b9ba5a621286e2130999406,,08/09/2025 09:00:00 PM,30,STOP SIGN/FLASHER,FUNCTIONING PROPERLY,CLEAR,"DARKNESS, LIGHTED ROAD",TURNING,NOT DIVIDED,,STRAIGHT AND LEVEL,DRY,NO DEFECTS,NOT ON SCENE (DESK REPORT),NO INJURY / DRIVE AWAY,,,Y,"OVER $1,500",08/10/2025 12:30:00 PM,IMPROPER TURNING/NO SIGNAL,IMPROPER TURNING/NO SIGNAL,1001,N,KEDVALE AVE,1111,,,,,,,2,NO INDICATION OF INJURY,0,0,0,0,0,3,0,21,7,8,41.8990515305,-87.7297399848,POINT (-87.729739984752 41.899051530528)
bb8c6f60b09172ecd39d7095e5f613314f9d8e0858a8ae072bbedb264e7df1427ea4437016ca70725d0088173c66c6ccf6cb1c8ced2dca3c45f059c014786c7a,,08/09/2025 09:00:00 PM,30,NO CONTROLS,NO CONTROLS,CLEAR,DAYLIGHT,TURNING,NOT DIVIDED,,STRAIGHT AND LEVEL,DRY,NO DEFECTS,NOT ON SCENE (DESK REPORT),NO INJURY / DRIVE AWAY,,,,"OVER $1,500",08/13/2025 02:50:00 PM,IMPROPER TURNING/NO SIGNAL,NOT APPLICABLE,3322,W,47TH ST,821,,,,,,,2,NO INDICATION OF INJURY,0,0,0,0,0,2,0,21,7,8,41.8081863075,-87.7074336905,POINT (-87.707433690546 41.808186307541)
fb47227524a09b7971f9977e6a6893c9a818feb5c1426fc31a70b968a018783f9bbf5e3b5b9d97f0c4bcbd628a999af509070ab360bb562c835219c4fdfffbea,,08/09/2025 08:55:00 PM,30,TRAFFIC SIGNAL,FUNCTIONING PROPERLY,CLEAR,"DARKNESS, LIGHTED ROAD",REAR END,DIVIDED - W/MEDIAN (NOT RAISED),,STRAIGHT AND LEVEL,DRY,NO DEFECTS,ON SCENE,INJURY AND / OR TOW DUE TO CRASH,,,,"OVER $1,500",08/09/2025 09:11:00 PM,UNABLE TO DETERMINE,FAILING TO REDUCE SPEED TO AVOID CRASH,2419,S,MICHIGAN AVE,132,,Y,,,,,2,NO INDICATION OF INJURY,0,0,0,0,0,8,0,20,7,8,41.8486613273,-87.6235514551,POINT (-87.623551455076 41.848661327273)
bc57c6d3bbe6baa62d133614dc7ffedb168674bb5c0b51379c96503467cfc8d64daa46f9bda9b97d4d3075e80ad74c0b63be66f83a2be45cdd8746599ad43d96,,08/09/2025 08:50:00 PM,30,NO CONTROLS,NO CONTROLS,CLEAR,DARKNESS,REAR END,NOT DIVIDED,,STRAIGHT AND LEVEL,DRY,UNKNOWN,NOT ON SCENE (DESK REPORT),NO INJURY / DRIVE AWAY,,,,"OVER $1,500",08/26/2025 12:05:00 PM,UNABLE TO DETERMINE,UNABLE TO DETERMINE,3829,S,PRINCETON AVE,915,,,,,,,2,NO INDICATION OF INJURY,0,0,0,0,0,2,0,20,7,8,41.8243429708,-87.6336306679,POINT (-87.633630667902 41.824342970824)
d8a1bc960c84370ddd6b1b8b3facaff33bcfbdd212664022bbd666275597457a8496ac6ba61779dc279bc2412b7d36e3fcd44b1534341c0589cc7cc8fa2f830a,,08/09/2025 08:50:00 PM,30,NO CONTROLS,NO CONTROLS,UNKNOWN,DUSK,PARKED MOTOR VEHICLE,NOT DIVIDED,,STRAIGHT AND LEVEL,UNKNOWN,NO DEFECTS,NOT ON SCENE (DESK REPORT),NO INJURY / DRIVE AWAY,,,Y,"OVER $1,500",08/10/2025 04:01:00 PM,NOT APPLICABLE,NOT APPLICABLE,4472,S,ARCHER AVE,821,,,,,,,2,NO INDICATION OF INJURY,0,0,0,0,0,1,0,20,7,8,41.812095288,-87.7077249961,POINT (-87.707724996055 41.812095287994)
d7d4ac7023e2ace3dd3be67cb356f85de2e61cc601ee6c168d0ebab2c60a329e5030ebc690109a7ed5b8a9a73f4eb60549218552ecd4cc8ab8c2a9213baec281,,08/09/2025 08:45:00 PM,30,TRAFFIC SIGNAL,FUNCTIONING PROPERLY,CLEAR,"DARKNESS, LIGHTED ROAD",REAR END,NOT DIVIDED,,STRAIGHT AND LEVEL,DRY,NO DEFECTS,NOT ON SCENE (DESK REPORT),NO INJURY / DRIVE AWAY,,,,"OVER $1,500",08/09/2025 09:55:00 PM,UNABLE TO DETERMINE,NOT APPLICABLE,3651,W,51ST ST,822,,,,,,,2,NO INDICATION OF INJURY,0,0,0,0,0,3,0,20,7,8,41.8005508346,-87.7156063237,POINT (-87.715606323692 41.800550834584)
59fcfedcddc6a1667217f50a18d2903c560c480bdb16bf005458d7ce999275cd80dbb258479532e6ca276ed1fab385447407155eeaf41c8512d91dbe9d0abaef,,08/09/2025 08:43:00 PM,30,TRAFFIC SIGNAL,FUNCTIONING PROPERLY,CLEAR,"DARKNESS, LIGHTED ROAD",ANGLE,FOUR WAY,,STRAIGHT AND LEVEL,DRY,NO DEFECTS,ON SCENE,INJURY AND / OR TOW DUE TO CRASH,Y,,Y,"OVER $1,500",08/09/2025 08:45:00 PM,DISREGARDING TRAFFIC SIGNALS,UNABLE TO DETERMINE,3400,W,CONGRESS PKWY,1133,,,,,,,2,NO INDICATION OF INJURY,0,0,0,0,0,3,0,20,7,8,41.8746521772,-87.7109157372,POINT (-87.710915737246 41.874652177201)
b1e5844b754da8e606b59a02b1658da50dd5b3771356b0635a6f1f68851005d4804efa2cd60c795b1e51b99e26b77381479fff3b87d74a32658c5b38b864ff02,,08/09/2025 08:41:00 PM,30,NO CONTROLS,NO CONTROLS,CLEAR,"DARKNESS, LIGHTED ROAD",SIDESWIPE SAME DIRECTION,NOT DIVIDED,,STRAIGHT AND LEVEL,DRY,NO DEFECTS,NOT ON SCENE (DESK REPORT),NO INJURY / DRIVE AWAY,,,,"OVER $1,500",08/09/2025 09:10:00 PM,IMPROPER LANE USAGE,NOT APPLICABLE,10,W,RANDOLPH ST,111,,,,,,,2,NO INDICATION OF INJURY,0,0,0,0,0,2,0,20,7,8,41.8845986778,-87.6282821135,POINT (-87.628282113549 41.884598677758)
4608223f5bb7d76e24d3d33f2eda811819304f890576a404a6b70eb192a1ca38ce03d4303e373efccfa6922ad39c5fed1b3aff7887716618d88ae745ebb9f037,,08/09/2025 08:40:00 PM,30,UNKNOWN,UNKNOWN,CLEAR,"DARKNESS, LIGHTED ROAD",REAR END,NOT DIVIDED,,STRAIGHT AND LEVEL,DRY,UNKNOWN,NOT ON SCENE (DESK REPORT),NO INJURY / DRIVE AWAY,,,,"OVER $1,500",08/09/2025 09:13:00 PM,UNABLE TO DETERMINE,UNABLE TO DETERMINE,6700,S,JEFFERY BLVD,332,,,,,,,2,NO INDICATION OF INJURY,0,0,0,0,0,2,0,20,7,8,41.7733684085,-87.5766385522,POINT (-87.576638552177 41.773368408547)
877786ba8f0ba2055772c00963318fdd29bc54255d2d4d8b437562469ccf91619d124117e3cad9c16360586cb3c35df744a81bb6fb23503c1bd80bcb93789600,,08/09/2025 08:39:00 PM,30,TRAFFIC SIGNAL,UNKNOWN,CLEAR,"DARKNESS, LIGHTED ROAD",TURNING,DIVIDED - W/MEDIAN (NOT RAISED),,STRAIGHT AND LEVEL,DRY,NO DEFECTS,ON SCENE,INJURY AND / OR TOW DUE TO CRASH,,,,"OVER $1,500",08/09/2025 08:40:00 PM,UNABLE TO DETERMINE,NOT APPLICABLE,599,N,LA SALLE DR,1831,,,,,,,2,NO INDICATION OF INJURY,0,0,0,0,0,2,0,20,7,8,41.8923915864,-87.6324593308,POINT (-87.632459330772 41.892391586446)
36010e7ff966f3aa9515949ba63da910dfa0ffa27bda3a6ead27fd5992ce3bd6776df6bf2190e4fcd105614edd1c72773d9302dad6af1f50b809681b9e83d966,,08/09/2025 08:31:00 PM,30,NO CONTROLS,NO CONTROLS,CLEAR,"DARKNESS, LIGHTED ROAD",FIXED OBJECT,NOT DIVIDED,,STRAIGHT AND LEVEL,DRY,NO DEFECTS,ON SCENE,INJURY AND / OR TOW DUE TO CRASH,,Y,,"OVER $1,500",08/09/2025 09:07:00 PM,UNABLE TO DETERMINE,UNABLE TO DETERMINE,6334,S,HALSTED ST,723,,,,,,,1,INCAPACITATING INJURY,1,0,1,0,0,0,0,20,7,8,41.7786950655,-87.6449075056,POINT (-87.644907505613 41.77869506549)
306c4fcae8b40d75adb773ef572750f739b9c5a27e184edd066e57b77e3d6ba91653ad3c659d2632f5f4507450c1cafc9693d98ed6efc4f2f3410df7555f2cda,,08/09/2025 08:30:00 PM,20,NO CONTROLS,NO CONTROLS,CLEAR,"DARKNESS, LIGHTED ROAD",PARKED MOTOR VEHICLE,NOT DIVIDED,,STRAIGHT AND LEVEL,DRY,UNKNOWN,ON SCENE,NO INJURY / DRIVE AWAY,,,,"$501 - $1,500",08/09/2025 08:46:00 PM,FAILING TO REDUCE SPEED TO AVOID CRASH,UNABLE TO DETERMINE,8719,W,FOSTER AVE,1614,Y,,,,,,2,NO INDICATION OF INJURY,0,0,0,0,0,2,0,20,7,8,41.9736192211,-87.8447477738,POINT (-87.844747773759 41.97361922114)
8f8826971ae4078e6be0bb4f3aaf5b72594510aa6d98619c475dfb59eab5f610bd89484a6b05a635d32f619f930dd59007f4a8371c7ce47c3213da81f84cc58a,,08/09/2025 08:30:00 PM,30,TRAFFIC SIGNAL,FUNCTIONING PROPERLY,CLEAR,"DARKNESS, LIGHTED ROAD",PEDESTRIAN,DIVIDED - W/MEDIAN (NOT RAISED),,STRAIGHT AND LEVEL,DRY,NO DEFECTS,NOT ON SCENE (DESK REPORT),INJURY AND / OR TOW DUE TO CRASH,Y,,Y,$500 OR LESS,08/10/2025 06:40:00 PM,UNABLE TO DETERMINE,UNABLE TO DETERMINE,7900,S,ASHLAND AVE,611,,,,,,,2,"REPORTED, NOT EVIDENT",1,0,0,0,1,1,0,20,7,8,41.7502622404,-87.6635801171,POINT (-87.663580117092 41.750262240415)
9c2d27da4b26c0cb8fb24fd787a44af6bea0d4c04ff3297069aa77230df93e1250c89e01001c21f8950efe2f4ca8dfa4db0e19b497548e450ed542d75cdae88e,,08/09/2025 08:30:00 PM,30,TRAFFIC SIGNAL,FUNCTIONING PROPERLY,CLEAR,"DARKNESS, LIGHTED ROAD",REAR END,FOUR WAY,,STRAIGHT AND LEVEL,DRY,NO DEFECTS,NOT ON SCENE (DESK REPORT),NO INJURY / DRIVE AWAY,Y,,,"OVER $1,500",08/10/2025 12:15:00 AM,UNABLE TO DETERMINE,UNABLE TO DETERMINE,2002,N,CICERO AVE,2522,,,,,,,2,NO INDICATION OF INJURY,0,0,0,0,0,2,0,20,7,8,41.9170318244,-87.7462637183,POINT (-87.746263718306 41.917031824409)
e852d3af59eb7e58bc7de2df188ceed8f04091e367fbb3e1c3a7f408fcf767c5d65b101b9dd20a967175d8a91ad233bda90add09d934f31227cf31dfc513ddf6,,08/09/2025 08:30:00 PM,30,NO CONTROLS,NO CONTROLS,CLEAR,"DARKNESS, LIGHTED ROAD",PARKED MOTOR VEHICLE,NOT DIVIDED,,STRAIGHT AND LEVEL,DRY,NO DEFECTS,NOT ON SCENE (DESK REPORT),NO INJURY / DRIVE AWAY,,,,"OVER $1,500",08/13/2025 12:15:00 PM,UNABLE TO DETERMINE,NOT APPLICABLE,757,N,CENTRAL AVE,1524,,,,,,,2,NO INDICATION OF INJURY,0,0,0,0,0,1,0,20,7,8,41.8946442881,-87.765241186,POINT (-87.765241185993 41.894644288075)
e7d2a075a7d25ab004d14a11e3bbe05ea8d9be952b31d7f983c2082d35b373aeca18a9a33edeaf8e8c030e4a1a1a5c3567db325ac3dbac56b7afc189203dab5d,,08/09/2025 08:26:00 PM,30,NO CONTROLS,NO CONTROLS,CLEAR,DARKNESS,ANGLE,NOT DIVIDED,,STRAIGHT AND LEVEL,DRY,NO DEFECTS,ON SCENE,INJURY AND / OR TOW DUE TO CRASH,Y,,,"OVER $1,500",08/09/2025 08:51:00 PM,FAILING TO YIELD RIGHT-OF-WAY,UNABLE TO DETERMINE,13000,S,EVANS AVE,533,,,,,,,2,NONINCAPACITATING INJURY,4,0,0,4,0,0,0,20,7,8,41.6591296231,-87.6035523001,POINT (-87.603552300143 41.659129623085)
89785a32ea2c79734596002a3034bc08c6a692b703c854047e47b14124211b729cc441923e1f94cf29d70aedcd691488f694dc969f114a9ed5df69a19d1f51b9,,08/09/2025 08:20:00 PM,30,TRAFFIC SIGNAL,FUNCTIONING PROPERLY,CLEAR,"DARKNESS, LIGHTED ROAD",REAR END,DIVIDED - W/MEDIAN (NOT RAISED),,STRAIGHT AND LEVEL,DRY,NO DEFECTS,,NO INJURY / DRIVE AWAY,,,,"OVER $1,500",08/09/2025 09:20:00 PM,UNABLE TO DETERMINE,NOT APPLICABLE,4385,S,ARCHER AVE,821,,,,,,,2,NO INDICATION OF INJURY,0,0,0,0,0,2,0,20,7,8,41.8136949509,-87.7046580154,POINT (-87.704658015436 41.813694950921)
dca659c9e472d77a326bd215aafd367073c51518cfa79f0110d446624da494d6bbcf647a53fbdd0e45a1dda1501ba3e7e2856487ef5297b6cd3e3001d2e8224b,,08/09/2025 08:19:00 PM,15,NO CONTROLS,NO CONTROLS,CLEAR,"DARKNESS, LIGHTED ROAD",PARKED MOTOR VEHICLE,ALLEY,,STRAIGHT AND LEVEL,DRY,NO DEFECTS,ON SCENE,INJURY AND / OR TOW DUE TO CRASH,,,,"OVER $1,500",08/09/2025 08:19:00 PM,PHYSICAL CONDITION OF DRIVER,FAILING TO REDUCE SPEED TO AVOID CRASH,5513,S,MASON AVE,811,,,,,,,2,NO INDICATION OF INJURY,0,0,0,0,0,1,0,20,7,8,41.7921362695,-87.7706835972,POINT (-87.770683597152 41.792136269513)