CRASH_RECORD_ID,CRASH_DATE_EST_I,CRASH_DATE,POSTED_SPEED_LIMIT,TRAFFIC_CONTROL_DEVICE,DEVICE_CONDITION,WEATHER_CONDITION,LIGHTING_CONDITION,FIRST_CRASH_TYPE,TRAFFICWAY_TYPE,LANE_CNT,ALIGNMENT,ROADWAY_SURFACE_COND,ROAD_DEFECT,REPORT_TYPE,CRASH_TYPE,INTERSECTION_RELATED_I,NOT_RIGHT_OF_WAY_I,HIT_AND_RUN_I,DAMAGE,DATE_POLICE_NOTIFIED,PRIM_CONTRIBUTORY_CAUSE,SEC_CONTRIBUTORY_CAUSE,STREET_NO,STREET_DIRECTION,STREET_NAME,BEAT_OF_OCCURRENCE,PHOTOS_TAKEN_I,STATEMENTS_TAKEN_I,DOORING_I,WORK_ZONE_I,WORK_ZONE_TYPE,WORKERS_PRESENT_I,NUM_UNITS,MOST_SEVERE_INJURY,INJURIES_TOTAL,INJURIES_FATAL,INJURIES_INCAPACITATING,INJURIES_NON_INCAPACITATING,INJURIES_REPORTED_NOT_EVIDENT,INJURIES_NO_INDICATION,INJURIES_UNKNOWN,CRASH_HOUR,CRASH_DAY_OF_WEEK,CRASH_MONTH,LATITUDE,LONGITUDE,LOCATION
386051855cf825a35af8fd7423b4e8408d34c3bd5ea81137e3a2f34c10c4e95654f296f38e716fd6a3c78711ba21c18f4907badd828cbcc58d3d0549ee985746,,08/09/2025 08:15:00 PM,30,TRAFFIC SIGNAL,FUNCTIONING PROPERLY,CLEAR,"DARKNESS, LIGHTED ROAD",TURNING,CENTER TURN LANE,,STRAIGHT AND LEVEL,UNKNOWN,UNKNOWN,NOT ON SCENE (DESK REPORT),NO INJURY / DRIVE AWAY,Y,,,"OVER $1,500",08/09/2025 11:00:00 PM,IMPROPER TURNING/NO SIGNAL,NOT APPLICABLE,6460,W,FULLERTON AVE,2512,,,,,,,2,NO INDICATION OF INJURY,0,0,0,0,0,4,0,20,7,8,41.9237693534,-87.787626099,POINT (-87.787626098972 41.923769353437)
3001efd8f94f6db71f411e9fc41eb3982994dba8adf26a40197204c80252cf72055505365979d29929fa680653c8d420c5f2463e23fea92e49804dc77741cdd7,Y,08/09/2025 08:10:00 PM,30,NO CONTROLS,NO CONTROLS,CLEAR,DUSK,PARKED MOTOR VEHICLE,NOT DIVIDED,,STRAIGHT AND LEVEL,DRY,NO DEFECTS,ON SCENE,INJURY AND / OR TOW DUE TO CRASH,,,,"OVER $1,500",08/09/2025 08:12:00 PM,PHYSICAL CONDITION OF DRIVER,NOT APPLICABLE,4054,N,CENTRAL AVE,1624,,,,,,,2,NO INDICATION OF INJURY,0,0,0,0,0,1,0,20,7,8,41.9548023518,-87.7672002782,POINT (-87.767200278221 41.954802351849)
e3fd0753a0f32c28d8b8427e554362b1fbcd1ed809510ef7a4f17f470d1d5415fbdc15921a2ef68d846dcc264fcf560489da086d8bcdcfe439829095e86f5dc2,,08/09/2025 08:03:00 PM,20,NO CONTROLS,NO CONTROLS,CLEAR,DARKNESS,PARKED MOTOR VEHICLE,OTHER,,STRAIGHT AND LEVEL,DRY,NO DEFECTS,,INJURY AND / OR TOW DUE TO CRASH,,,,"OVER $1,500",08/09/2025 08:09:00 PM,FAILING TO REDUCE SPEED TO AVOID CRASH,NOT APPLICABLE,1736,N,KEELER AVE,2534,,,,,,,3,NONINCAPACITATING INJURY,1,0,0,1,0,0,0,20,7,8,41.9127218137,-87.7314526034,POINT (-87.73145260343 41.912721813654)
60d1ac386de504755cde61ac4a39c275b20d3a0c8c16dd2244f783aaa31025c4cc1a13b8636413676281202f5fd036dca0cfcda063395069bc180a5a9391922c,,08/09/2025 08:01:00 PM,30,TRAFFIC SIGNAL,FUNCTIONING PROPERLY,CLEAR,DAYLIGHT,REAR END,DIVIDED - W/MEDIAN BARRIER,,STRAIGHT AND LEVEL,DRY,NO DEFECTS,NOT ON SCENE (DESK REPORT),NO INJURY / DRIVE AWAY,Y,,,"$501 - $1,500",08/10/2025 03:30:00 PM,UNABLE TO DETERMINE,NOT APPLICABLE,333,S,LAKE SHORE DR NB,114,,,,,,,2,NO INDICATION OF INJURY,0,0,0,0,0,2,0,20,7,8,41.8775810408,-87.6170347982,POINT (-87.617034798154 41.877581040782)
379a5faafbc859eef0561de2e0170401372e16eda9f8f59f028499156026b076df199d99fde4c3ba4b391cc68dece390173124170891bb37f3ca8d368ac905d3,,08/09/2025 08:00:00 PM,25,NO CONTROLS,NO CONTROLS,CLEAR,"DARKNESS, LIGHTED ROAD",PARKED MOTOR VEHICLE,ONE-WAY,,STRAIGHT AND LEVEL,DRY,NO DEFECTS,ON SCENE,NO INJURY / DRIVE AWAY,,,Y,"OVER $1,500",08/10/2025 12:11:00 PM,UNABLE TO DETERMINE,UNABLE TO DETERMINE,4316,W,14TH ST,1011,,,,,,,2,NO INDICATION OF INJURY,0,0,0,0,0,1,0,20,7,8,41.8625148785,-87.7331989798,POINT (-87.733198979833 41.862514878472)
a598dc76800d0bf266adc4382dd5fbcf1196b9b7961cd63794815ee45db08cea99e5acdc55510124a5e24d1cdb2a9360fd6c1d4ab7268b98034a8b3a8b26a51c,Y,08/09/2025 08:00:00 PM,30,NO CONTROLS,NO CONTROLS,CLEAR,"DARKNESS, LIGHTED ROAD",PARKED MOTOR VEHICLE,ONE-WAY,,STRAIGHT AND LEVEL,DRY,NO DEFECTS,NOT ON SCENE (DESK REPORT),NO INJURY / DRIVE AWAY,,,Y,"$501 - $1,500",08/11/2025 08:25:00 PM,UNABLE TO DETERMINE,UNABLE TO DETERMINE,58,N,LAMON AVE,1533,,,,,,,2,NO INDICATION OF INJURY,0,0,0,0,0,1,0,20,7,8,41.881714205,-87.7479171132,POINT (-87.747917113185 41.881714205015)
e312ee5afd57b8a0ebb79791308bc36d47de00eb59844ef70b5bcf8289633ce4595bb453e4c48b6c9ead977636fdae35265003f949e6a7d95122a251f60d2533,Y,08/09/2025 08:00:00 PM,30,NO CONTROLS,NO CONTROLS,CLEAR,DAYLIGHT,PARKED MOTOR VEHICLE,NOT DIVIDED,,STRAIGHT AND LEVEL,DRY,NO DEFECTS,NOT ON SCENE (DESK REPORT),NO INJURY / DRIVE AWAY,,,,$500 OR LESS,08/12/2025 10:00:00 AM,UNABLE TO DETERMINE,NOT APPLICABLE,1331,N,MONTICELLO AVE,2535,,,,,,,2,NO INDICATION OF INJURY,0,0,0,0,0,1,0,20,7,8,41.9055036541,-87.7177228218,POINT (-87.717722821819 41.905503654148)
6ee5a162c8d080b87962f14b5c604ddb60229da31ca671c174b5cfaf04f01fc54b86e96fc399aaf36f2e4d3dd466b44e3c744bd433db4a93d73e712361c3f3e6,,08/09/2025 07:59:00 PM,30,STOP SIGN/FLASHER,FUNCTIONING PROPERLY,CLEAR,"DARKNESS, LIGHTED ROAD",TURNING,FOUR WAY,,STRAIGHT AND LEVEL,DRY,NO DEFECTS,ON SCENE,INJURY AND / OR TOW DUE TO CRASH,Y,,,"OVER $1,500",08/09/2025 11:07:00 PM,DISREGARDING STOP SIGN,IMPROPER TURNING/NO SIGNAL,1001,N,MASSASOIT AVE,1511,,,,,,,2,INCAPACITATING INJURY,2,0,2,0,0,0,0,19,7,8,41.8985391744,-87.7690248056,POINT (-87.769024805608 41.898539174408)
b64175172f0f403782faea6fb86e9c47e7e82332bfd3185ccc65d4709559b2d8bc9006cac0af8636f4be8fa2caf5ebc6a483c3ddad6d1fa1d43b3a066c564b9a,,08/09/2025 07:44:00 PM,30,NO CONTROLS,NO CONTROLS,CLEAR,DAYLIGHT,PARKED MOTOR VEHICLE,ONE-WAY,,STRAIGHT AND LEVEL,DRY,NO DEFECTS,ON SCENE,NO INJURY / DRIVE AWAY,,,,$500 OR LESS,08/09/2025 07:46:00 PM,FOLLOWING TOO CLOSELY,IMPROPER OVERTAKING/PASSING,6424,S,LOWE AVE,723,,,,,,,2,NO INDICATION OF INJURY,0,0,0,0,0,3,0,19,7,8,41.7772164398,-87.6409467696,POINT (-87.640946769615 41.777216439777)
a9c4dcbd9ac3420e6f8a94fd4ad86f7e38a7adb1ecdf5b7f47841748326368252562d87e533e05cac813b1e0fc180b3b237f31e1908d3503af05fb759f220bb4,,08/09/2025 07:40:00 PM,30,TRAFFIC SIGNAL,FUNCTIONING PROPERLY,CLEAR,DAYLIGHT,REAR END,NOT DIVIDED,,STRAIGHT AND LEVEL,DRY,NO DEFECTS,NOT ON SCENE (DESK REPORT),NO INJURY / DRIVE AWAY,,,Y,"OVER $1,500",08/09/2025 08:32:00 PM,UNABLE TO DETERMINE,UNABLE TO DETERMINE,457,N,DAMEN AVE,1221,,,,,,,2,NO INDICATION OF INJURY,0,0,0,0,0,2,0,19,7,8,41.890379269,-87.6767489318,POINT (-87.676748931808 41.890379269014)
b917ac42eba432ea811671f7b5cdbd80fd4ca9eb3c027a737e0aeb92607e9d618e5b0b2b107f8316a22200e723c20fcbc95ec72784fe8a51b2ee812f5d78af86,Y,08/09/2025 07:40:00 PM,30,STOP SIGN/FLASHER,OTHER,CLEAR,DUSK,TURNING,NOT DIVIDED,,STRAIGHT AND LEVEL,DRY,NO DEFECTS,ON SCENE,INJURY AND / OR TOW DUE TO CRASH,Y,,Y,"OVER $1,500",08/09/2025 07:41:00 PM,FAILING TO REDUCE SPEED TO AVOID CRASH,FAILING TO YIELD RIGHT-OF-WAY,200,W,HILL ST,1823,,,,,,,2,NONINCAPACITATING INJURY,1,0,0,1,0,2,0,19,7,8,41.9022129639,-87.6344885594,POINT (-87.634488559371 41.902212963851)
3ae99b6010de0572e8238b561000f6b51ba51807a270d073a969710fc5b1bfc7f7759bcb72d434c6dbc8fafa38ebcbf252d4d63d90aa356098fc999f227e1b1c,,08/09/2025 07:30:00 PM,30,TRAFFIC SIGNAL,FUNCTIONING PROPERLY,CLEAR,"DARKNESS, LIGHTED ROAD",TURNING,FOUR WAY,,STRAIGHT AND LEVEL,DRY,UNKNOWN,NOT ON SCENE (DESK REPORT),NO INJURY / DRIVE AWAY,Y,,,"$501 - $1,500",08/09/2025 08:55:00 PM,FOLLOWING TOO CLOSELY,FOLLOWING TOO CLOSELY,826,N,MICHIGAN AVE,1833,,,,,,,2,NO INDICATION OF INJURY,0,0,0,0,0,2,0,19,7,8,41.8975467251,-87.6242801868,POINT (-87.624280186844 41.897546725131)
e4231c6d06968cb64727b14862087c51239b6550c0958222a29dc78e3441eeded7548c41190e23c8a8eb617adf5b3495c8031b5bd10e93bf0a671241f61c9812,,08/09/2025 07:25:00 PM,30,TRAFFIC SIGNAL,FUNCTIONING PROPERLY,CLEAR,DUSK,PEDALCYCLIST,DIVIDED - W/MEDIAN (NOT RAISED),,STRAIGHT AND LEVEL,DRY,NO DEFECTS,NOT ON SCENE (DESK REPORT),INJURY AND / OR TOW DUE TO CRASH,Y,,,"$501 - $1,500",08/09/2025 09:20:00 PM,FAILING TO REDUCE SPEED TO AVOID CRASH,NOT APPLICABLE,2200,N,CICERO AVE,2522,,,,,,,2,NONINCAPACITATING INJURY,1,0,0,1,0,1,0,19,7,8,41.920673812,-87.7463594055,POINT (-87.746359405534 41.920673812039)
558f33ae36731846a88a6fe11d83a46747e0a6dbb9de1d69c68930658aa73f1b6d740b3479e909b4644c7087729c698e1648cb2c94ecb3d7292de94c4bbbd249,,08/09/2025 07:20:00 PM,30,NO CONTROLS,NO CONTROLS,CLEAR,"DARKNESS, LIGHTED ROAD",PARKED MOTOR VEHICLE,PARKING LOT,,STRAIGHT AND LEVEL,DRY,NO DEFECTS,NOT ON SCENE (DESK REPORT),NO INJURY / DRIVE AWAY,,,,"OVER $1,500",08/09/2025 11:20:00 PM,UNABLE TO DETERMINE,NOT APPLICABLE,1154,S,CLARK ST,123,,,,,,,2,NO INDICATION OF INJURY,0,0,0,0,0,1,0,19,7,8,41.8675710154,-87.6305864739,POINT (-87.630586473861 41.867571015433)
b204dee02559e39c17f55c88c86e72dece605e22a47822cb28990e448747aa21cd74944712ad974dba788d4cc8b56835c0fe3e7e5eb6c12b16c27e9906d98eea,,08/09/2025 07:20:00 PM,30,NO CONTROLS,NO CONTROLS,CLEAR,DAYLIGHT,PEDESTRIAN,DIVIDED - W/MEDIAN BARRIER,,STRAIGHT AND LEVEL,DRY,NO DEFECTS,ON SCENE,INJURY AND / OR TOW DUE TO CRASH,,,Y,"OVER $1,500",08/09/2025 07:28:00 PM,UNABLE TO DETERMINE,NOT APPLICABLE,13111,S,DANIEL DR,533,,,,,,,2,NONINCAPACITATING INJURY,1,0,0,1,0,1,0,19,7,8,41.6573968773,-87.6160354355,POINT (-87.616035435469 41.657396877268)
243dafe430b88ab6966cb3e7a488446293db32fe821821bc44eb18cdae46db35c8decff672a59c4f65a7bacf1116a3554d2c0ea06169ce4c4f924d54203d5fd1,,08/09/2025 07:10:00 PM,35,NO CONTROLS,NO CONTROLS,CLEAR,DAYLIGHT,REAR TO FRONT,NOT DIVIDED,,STRAIGHT AND LEVEL,DRY,NO DEFECTS,NOT ON SCENE (DESK REPORT),NO INJURY / DRIVE AWAY,,,,"OVER $1,500",08/11/2025 01:57:00 PM,IMPROPER BACKING,DRIVING SKILLS/KNOWLEDGE/EXPERIENCE,4130,S,WESTERN AVE,921,Y,,,,,,2,NO INDICATION OF INJURY,0,0,0,0,0,2,0,19,7,8,41.8183699062,-87.6848419261,POINT (-87.684841926062 41.818369906166)
44759391231535f275cf6c2ae0cfca56f6d7fa64400cf083c5e8fb1b8d5d564807e223114955496ae8e6bfceef39d82c48ae29ffe5f9fcdd7d74af8e2e6e8164,,08/09/2025 07:10:00 PM,30,NO CONTROLS,NO CONTROLS,CLEAR,DAYLIGHT,REAR TO SIDE,DIVIDED - W/MEDIAN (NOT RAISED),,STRAIGHT AND LEVEL,DRY,NO DEFECTS,ON SCENE,NO INJURY / DRIVE AWAY,,,,"OVER $1,500",08/09/2025 07:15:00 PM,IMPROPER OVERTAKING/PASSING,NOT APPLICABLE,1903,W,47TH ST,931,,,,,,,2,NO INDICATION OF INJURY,0,0,0,0,0,2,0,19,7,8,41.8084181079,-87.6724061358,POINT (-87.672406135777 41.808418107889)
d7874664bd69fb8da2a28f1f5b427704fa6c3091bf91839e40285921d61ca24a0563d22c0f3aa688b9a8742c1e9443801b45db6da54deb891603d0c3d5071993,,08/09/2025 07:10:00 PM,30,UNKNOWN,UNKNOWN,UNKNOWN,UNKNOWN,SIDESWIPE SAME DIRECTION,NOT DIVIDED,,STRAIGHT AND LEVEL,UNKNOWN,UNKNOWN,NOT ON SCENE (DESK REPORT),NO INJURY / DRIVE AWAY,,,Y,"OVER $1,500",08/09/2025 08:15:00 PM,UNABLE TO DETERMINE,NOT APPLICABLE,6130,W,PALMER ST,2512,,,,,,,2,NO INDICATION OF INJURY,0,0,0,0,0,2,0,19,7,8,41.9202401667,-87.7793066495,POINT (-87.779306649479 41.920240166695)
069b174e397c3e0a11afd9aefe3affc0e5154894b0ab0571889edebe80e3171bcb2bf0b21437a2394867d3b683e015b868360ff767ca6fc7083fba93ff72037a,,08/09/2025 07:00:00 PM,5,NO CONTROLS,NO CONTROLS,CLEAR,DAYLIGHT,PARKED MOTOR VEHICLE,PARKING LOT,,STRAIGHT AND LEVEL,DRY,NO DEFECTS,NOT ON SCENE (DESK REPORT),NO INJURY / DRIVE AWAY,,,Y,"OVER $1,500",08/09/2025 07:20:00 PM,UNABLE TO DETERMINE,UNABLE TO DETERMINE,5058,S,HALSTED ST,933,,,,,,,2,NO INDICATION OF INJURY,0,0,0,0,0,1,0,19,7,8,41.8016284162,-87.6454920146,POINT (-87.645492014632 41.80162841618)
8190282ca96765a8ed68039b3c066350481ae1376f271c6b1b69a88cb9b6efca3d822ae36c2d590fa65a0b209c71ffd64afe920e4935ec421c93c13fc172b05c,,08/09/2025 06:58:00 PM,35,NO CONTROLS,NO CONTROLS,CLEAR,DAYLIGHT,REAR END,DIVIDED - W/MEDIAN BARRIER,,STRAIGHT AND LEVEL,DRY,NO DEFECTS,ON SCENE,INJURY AND / OR TOW DUE TO CRASH,,,,"OVER $1,500",08/09/2025 07:17:00 PM,FAILING TO REDUCE SPEED TO AVOID CRASH,UNABLE TO DETERMINE,837,W,GARFIELD BLVD,712,,,,,,,2,NONINCAPACITATING INJURY,1,0,0,1,0,1,0,18,7,8,41.7938048388,-87.6466100097,POINT (-87.646610009705 41.793804838779)
3193f725f962807d78d35a3fe909f8ac310886204cb2d2ed30ff5158385053639809b0794a971f478dd30e0d5114b875e4318b8208f42b550f4cf3d6e726bb9e,,08/09/2025 06:49:00 PM,15,NO CONTROLS,NO CONTROLS,CLEAR,DAYLIGHT,PARKED MOTOR VEHICLE,PARKING LOT,,STRAIGHT AND LEVEL,DRY,UNKNOWN,ON SCENE,NO INJURY / DRIVE AWAY,,,Y,"OVER $1,500",08/10/2025 06:57:00 PM,IMPROPER BACKING,NOT APPLICABLE,10255,W,ZEMKE RD,1654,,,,,,,2,NO INDICATION OF INJURY,0,0,0,0,0,1,0,18,7,8,41.9947933861,-87.8827076595,POINT (-87.882707659516 41.994793386112)
4bbc06a21d47ca0520313a7252aa5630a727068f94f929b1b41a6060f99e982fe03dc5792b374603cf707688efb4dbdd3b6b00433ea18f6add90fc94f597d837,,08/09/2025 06:45:00 PM,30,STOP SIGN/FLASHER,NO CONTROLS,CLEAR,DAYLIGHT,REAR END,ONE-WAY,,STRAIGHT AND LEVEL,DRY,NO DEFECTS,NOT ON SCENE (DESK REPORT),NO INJURY / DRIVE AWAY,,,,"OVER $1,500",08/09/2025 07:15:00 PM,IMPROPER BACKING,UNABLE TO DETERMINE,2801,W,SHAKESPEARE AVE,1414,,,,,,,2,NO INDICATION OF INJURY,0,0,0,0,0,2,0,18,7,8,41.9205329683,-87.6973593377,POINT (-87.697359337662 41.920532968315)
2f6d2225df58fd5ba9e89c4ac7d3088e2c9b8667f1d60868986968c9b9ad0a46e579ee1f590c33abdf3290e5780613d065aa37715484b94f730a1e8f93077175,,08/09/2025 06:30:00 PM,30,NO CONTROLS,NO CONTROLS,CLEAR,DAYLIGHT,PARKED MOTOR VEHICLE,NOT DIVIDED,,STRAIGHT AND LEVEL,DRY,NO DEFECTS,NOT ON SCENE (DESK REPORT),NO INJURY / DRIVE AWAY,,,Y,"OVER $1,500",08/09/2025 07:20:00 PM,IMPROPER OVERTAKING/PASSING,UNABLE TO DETERMINE,5364,N,MILWAUKEE AVE,1622,,,,,,,2,NO INDICATION OF INJURY,0,0,0,0,0,1,0,18,7,8,41.9782547991,-87.7702776519,POINT (-87.770277651877 41.97825479907)
9fdfc9f5f8dd81cae959b1fd43ebb0f8b3b884e5645effb18fe453f4e2aa64df0baa21ad1c40bd33c4d3e23a5eda4ff2cc09fb05f747660cfae0021bb196ca41,,08/09/2025 06:30:00 PM,30,NO CONTROLS,NO CONTROLS,CLEAR,DAYLIGHT,REAR END,NOT DIVIDED,,STRAIGHT AND LEVEL,DRY,UNKNOWN,NOT ON SCENE (DESK REPORT),NO INJURY / DRIVE AWAY,,,,"OVER $1,500",08/13/2025 04:32:00 PM,FOLLOWING TOO CLOSELY,FOLLOWING TOO CLOSELY,100,N,CANAL ST,121,,,,,,,2,NO INDICATION OF INJURY,0,0,0,0,0,2,0,18,7,8,41.8832338824,-87.6398959989,POINT (-87.639895998869 41.883233882356)
f1e00f7783b3668b5bbe17971f07f3bb9a979e33602279416cfac6797dbe780aef2cba4d66f4187229c7af3984a49036f0a2b4b5517cce28312cf374d9d6abb7,,08/09/2025 06:30:00 PM,30,UNKNOWN,UNKNOWN,CLEAR,DAWN,ANGLE,UNKNOWN,,STRAIGHT AND LEVEL,DRY,NO DEFECTS,NOT ON SCENE (DESK REPORT),NO INJURY / DRIVE AWAY,,,Y,"OVER $1,500",08/09/2025 07:00:00 PM,UNABLE TO DETERMINE,UNABLE TO DETERMINE,5500,S,DR MARTIN LUTHER KING JR DR,231,,,,,,,2,NO INDICATION OF INJURY,0,0,0,0,0,2,0,18,7,8,41.7944566751,-87.6161188295,POINT (-87.616118829535 41.794456675068)
786f3f71451533901ed20385a1e841e51815b2d228fccbe1f359fb8058bb84065011ae88cca51fcbab75920c1012334c0856a3fa3712c8422215b3c4d7d5ecc2,,08/09/2025 06:29:00 PM,30,UNKNOWN,UNKNOWN,UNKNOWN,UNKNOWN,REAR END,FOUR WAY,,STRAIGHT AND LEVEL,UNKNOWN,UNKNOWN,NOT ON SCENE (DESK REPORT),NO INJURY / DRIVE AWAY,,,,"OVER $1,500",08/09/2025 06:29:00 PM,UNABLE TO DETERMINE,NOT APPLICABLE,3158,N,CICERO AVE,2521,,,,,,,2,NO INDICATION OF INJURY,0,0,0,0,0,2,0,18,7,8,41.9387793535,-87.7470198347,POINT (-87.747019834651 41.938779353481)
0810fedf523465da14bcd754358508a7f19342da400a8464b9179f29b94f19c030ef8441268587c7cd268ca3cc98ea70b25c6043df195949447f60d4af66e31b,,08/09/2025 06:25:00 PM,30,TRAFFIC SIGNAL,FUNCTIONING PROPERLY,CLEAR,DAYLIGHT,TURNING,FOUR WAY,,STRAIGHT AND LEVEL,DRY,UNKNOWN,NOT ON SCENE (DESK REPORT),NO INJURY / DRIVE AWAY,Y,,,"OVER $1,500",08/09/2025 07:00:00 PM,UNABLE TO DETERMINE,UNABLE TO DETERMINE,9506,S,COTTAGE GROVE AVE,511,,,,,,,2,NO INDICATION OF INJURY,0,0,0,0,0,6,0,18,7,8,41.7218086738,-87.6033839222,POINT (-87.603383922247 41.721808673771)
b2c815d155a5538ef3a4f1fd56b7769055d9dc854fab63fac6385075861d8e926ac38fa0b0a9d5b6fab025285699f744facf35da44565f7ef8181090c06eaab1,,08/09/2025 06:24:00 PM,30,TRAFFIC SIGNAL,FUNCTIONING PROPERLY,CLEAR,DAYLIGHT,TURNING,FOUR WAY,,STRAIGHT AND LEVEL,DRY,NO DEFECTS,NOT ON SCENE (DESK REPORT),NO INJURY / DRIVE AWAY,Y,,Y,"OVER $1,500",08/09/2025 06:50:00 PM,UNABLE TO DETERMINE,NOT APPLICABLE,11898,S,MARSHFIELD AVE,2234,,,,,,,2,NO INDICATION OF INJURY,0,0,0,0,0,2,0,18,7,8,41.6776031411,-87.6626183739,POINT (-87.66261837386 41.677603141088)
7ca7c6768e8acbad6e7200d32b49e5dc7db7ba6eac4a0335880bae27a7c497c8976cab3e65d49b6431f2d16adc420c19c2ef81f67a34e1326b210f5d021bdf38,,08/09/2025 06:20:00 PM,30,UNKNOWN,UNKNOWN,CLEAR,DAYLIGHT,PARKED MOTOR VEHICLE,UNKNOWN,,STRAIGHT AND LEVEL,UNKNOWN,UNKNOWN,NOT ON SCENE (DESK REPORT),NO INJURY / DRIVE AWAY,,,,"OVER $1,500",08/09/2025 07:25:00 PM,UNABLE TO DETERMINE,UNABLE TO DETERMINE,505,N,MICHIGAN AVE,1834,,,,,,,2,NO INDICATION OF INJURY,0,0,0,0,0,2,0,18,7,8,41.891120593,-87.6239887043,POINT (-87.623988704323 41.891120593049)
7769e7e44dd8400fd90abdcf4a6dfadaadafe679547e644236c4f9eacff157bf0d802020d0ad58a9a6cbe3ff8decb76b926575db7ffa15553ba13e08adc12e67,,08/09/2025 06:18:00 PM,30,NO CONTROLS,NO CONTROLS,CLEAR,DAYLIGHT,SIDESWIPE SAME DIRECTION,ONE-WAY,,STRAIGHT AND LEVEL,DRY,NO DEFECTS,,NO INJURY / DRIVE AWAY,,,,"OVER $1,500",08/09/2025 06:27:00 PM,IMPROPER LANE USAGE,NOT APPLICABLE,3939,S,DR MARTIN LUTHER KING JR DR,214,,,,,,,2,NO INDICATION OF INJURY,0,0,0,0,0,2,0,18,7,8,41.8227108521,-87.6168203398,POINT (-87.616820339781 41.8227108521)
47c60769dd4eeb7ae48930e8d385116c0d26c5303a34d797a1e13424297da62b549e1ba719f73c4a8ccd8088c063684573cb6ca908cae197b1159353fa53a9b7,,08/09/2025 06:15:00 PM,30,TRAFFIC SIGNAL,FUNCTIONING PROPERLY,CLEAR,DAYLIGHT,REAR END,DIVIDED - W/MEDIAN (NOT RAISED),,STRAIGHT AND LEVEL,DRY,NO DEFECTS,NOT ON SCENE (DESK REPORT),NO INJURY / DRIVE AWAY,,,,"OVER $1,500",08/16/2025 05:31:00 PM,UNABLE TO DETERMINE,NOT APPLICABLE,5622,N,ELSTON AVE,1623,,,,,,,2,NO INDICATION OF INJURY,0,0,0,0,0,2,0,18,7,8,41.983401675,-87.7654664748,POINT (-87.765466474802 41.983401674957)
72e1c6bbf699f7d015b9be24c9af608373ee956fa4c5d2b29f5763d7a4080e1633242a1a4e4d7f37f920e56b407c764b7c14afa0e7f3c2aad6f487712e4ab725,,08/09/2025 06:15:00 PM,30,UNKNOWN,UNKNOWN,CLEAR,DAWN,ANGLE,FOUR WAY,,STRAIGHT AND LEVEL,UNKNOWN,UNKNOWN,NOT ON SCENE (DESK REPORT),INJURY AND / OR TOW DUE TO CRASH,Y,,,"OVER $1,500",08/09/2025 07:15:00 PM,FAILING TO YIELD RIGHT-OF-WAY,NOT APPLICABLE,5500,S,PRAIRIE AVE,231,,Y,,,,,2,NO INDICATION OF INJURY,0,0,0,0,0,3,0,18,7,8,41.7943920855,-87.6193626225,POINT (-87.619362622546 41.794392085533)
c1de1459a7bf1d9552d2cb50c9abf92084137b0ffd8f0da440a5ab90bea3e5aad6d1ce0a1e1e6ce4baac18f02cf3ce1cffcba3dde81ba1f42f3be241e5fdf070,,08/09/2025 06:15:00 PM,30,NO CONTROLS,NO CONTROLS,CLEAR,DAYLIGHT,SIDESWIPE SAME DIRECTION,DIVIDED - W/MEDIAN (NOT RAISED),,STRAIGHT AND LEVEL,DRY,NO DEFECTS,NOT ON SCENE (DESK REPORT),NO INJURY / DRIVE AWAY,,,,"OVER $1,500",08/09/2025 06:40:00 PM,UNABLE TO DETERMINE,UNABLE TO DETERMINE,2505,E,79TH ST,422,,,,,,,2,NO INDICATION OF INJURY,0,0,0,0,0,2,0,18,7,8,41.7516567149,-87.5635765338,POINT (-87.563576533769 41.751656714902)
d79f61ff477e252ce0951860387304622c11e36d4f0a10d8cf05a55f3be09e402f709fa8c332e47983a6be9725a3930a292975a375199bc848409ffa871d5544,,08/09/2025 06:08:00 PM,30,NO CONTROLS,UNKNOWN,CLEAR,DAYLIGHT,TURNING,NOT DIVIDED,,STRAIGHT AND LEVEL,DRY,UNKNOWN,NOT ON SCENE (DESK REPORT),NO INJURY / DRIVE AWAY,,,Y,"OVER $1,500",08/10/2025 01:15:00 PM,FAILING TO YIELD RIGHT-OF-WAY,DRIVING SKILLS/KNOWLEDGE/EXPERIENCE,3021,N,HALSTED ST,1934,,Y,,,,,2,NO INDICATION OF INJURY,0,0,0,0,0,2,0,18,7,8,41.9370197008,-87.6490174699,POINT (-87.64901746994 41.937019700789)
1bccd556e13e38127179a10eb5c389afae0ce3c3f1e244838754291dc5ba26b90d4ed38b55b292afef886dafe5026f67c99d8cf57ceb95aa54874affb8cd4690,Y,08/09/2025 06:02:00 PM,30,NO CONTROLS,NO CONTROLS,CLEAR,DAYLIGHT,TURNING,FOUR WAY,,STRAIGHT AND LEVEL,DRY,NO DEFECTS,ON SCENE,INJURY AND / OR TOW DUE TO CRASH,,,,"OVER $1,500",08/09/2025 08:22:00 PM,IMPROPER TURNING/NO SIGNAL,UNABLE TO DETERMINE,11138,S,HALSTED ST,2233,N,N,,,,,3,NONINCAPACITATING INJURY,1,0,0,1,0,3,0,18,7,8,41.6911897667,-87.6424937576,POINT (-87.642493757593 41.691189766677)