CRASH_RECORD_ID,CRASH_DATE_EST_I,CRASH_DATE,POSTED_SPEED_LIMIT,TRAFFIC_CONTROL_DEVICE,DEVICE_CONDITION,WEATHER_CONDITION,LIGHTING_CONDITION,FIRST_CRASH_TYPE,TRAFFICWAY_TYPE,LANE_CNT,ALIGNMENT,ROADWAY_SURFACE_COND,ROAD_DEFECT,REPORT_TYPE,CRASH_TYPE,INTERSECTION_RELATED_I,NOT_RIGHT_OF_WAY_I,HIT_AND_RUN_I,DAMAGE,DATE_POLICE_NOTIFIED,PRIM_CONTRIBUTORY_CAUSE,SEC_CONTRIBUTORY_CAUSE,STREET_NO,STREET_DIRECTION,STREET_NAME,BEAT_OF_OCCURRENCE,PHOTOS_TAKEN_I,STATEMENTS_TAKEN_I,DOORING_I,WORK_ZONE_I,WORK_ZONE_TYPE,WORKERS_PRESENT_I,NUM_UNITS,MOST_SEVERE_INJURY,INJURIES_TOTAL,INJURIES_FATAL,INJURIES_INCAPACITATING,INJURIES_NON_INCAPACITATING,INJURIES_REPORTED_NOT_EVIDENT,INJURIES_NO_INDICATION,INJURIES_UNKNOWN,CRASH_HOUR,CRASH_DAY_OF_WEEK,CRASH_MONTH,LATITUDE,LONGITUDE,LOCATION
31e4fbbfbe369645ae52c9e4c66c66a006f407d53a39dcc69ee9c14ae6c4dc9bc6c95de0e1aabbb57d26ddbcd1e3d0497e1d4537eaf90e13f7c034b03a1097c6,,08/09/2025 05:58:00 PM,30,NO CONTROLS,NO CONTROLS,CLEAR,DAYLIGHT,PARKED MOTOR VEHICLE,NOT DIVIDED,,STRAIGHT AND LEVEL,DRY,NO DEFECTS,NOT ON SCENE (DESK REPORT),NO INJURY / DRIVE AWAY,,,Y,"OVER $1,500",08/09/2025 06:35:00 PM,UNABLE TO DETERMINE,NOT APPLICABLE,2317,N,MILWAUKEE AVE,1414,,,,,,,2,NO INDICATION OF INJURY,0,0,0,0,0,1,0,17,7,8,41.9234345838,-87.6979791452,POINT (-87.697979145178 41.923434583824)
7ab5bbdc366a9dfa9794c55d7453f1c1da74ffe6d222ccab51f8b5846a2737cc5677eb07301e8cf60a073f925d3231cf188c603432b118d127d35beed07c2b40,,08/09/2025 05:54:00 PM,30,TRAFFIC SIGNAL,FUNCTIONING PROPERLY,CLEAR,DAYLIGHT,REAR END,DIVIDED - W/MEDIAN BARRIER,,STRAIGHT AND LEVEL,DRY,NO DEFECTS,NOT ON SCENE (DESK REPORT),INJURY AND / OR TOW DUE TO CRASH,,,,"OVER $1,500",08/09/2025 06:21:00 PM,FOLLOWING TOO CLOSELY,NOT APPLICABLE,8300,S,WESTERN AVE,835,,,,,,,2,NONINCAPACITATING INJURY,1,0,0,1,0,1,0,17,7,8,41.7427279656,-87.6828247929,POINT (-87.68282479295 41.742727965581)
4c725b5132afef6fab0c16b0a6042b69ecec6206df2f6eb2fa14340a9eb321eb58f7e79429d154b3035f8d5310fc5d9cfec0c6eee20d5b90fa29ddc4723533e4,,08/09/2025 05:53:00 PM,30,STOP SIGN/FLASHER,FUNCTIONING PROPERLY,CLEAR,DAYLIGHT,REAR END,FOUR WAY,,STRAIGHT AND LEVEL,DRY,NO DEFECTS,ON SCENE,NO INJURY / DRIVE AWAY,Y,,Y,"OVER $1,500",08/09/2025 05:55:00 PM,FOLLOWING TOO CLOSELY,NOT APPLICABLE,4900,S,WOLCOTT AVE,931,,,,,,,2,NO INDICATION OF INJURY,0,0,0,0,0,2,0,17,7,8,41.8048830624,-87.6723112867,POINT (-87.672311286728 41.804883062379)
8161a1205ac19ad4f4fddf8ad427129576d3c8a47ffc20727d675ea9e0ba74ec7de9c66027d44fe8f6a556a6e1aac17db9dde2d16b977b05c761933bdbd51e87,,08/09/2025 05:52:00 PM,30,TRAFFIC SIGNAL,FUNCTIONING PROPERLY,CLEAR,DAYLIGHT,TURNING,"FIVE POINT, OR MORE",,STRAIGHT AND LEVEL,DRY,NO DEFECTS,ON SCENE,INJURY AND / OR TOW DUE TO CRASH,Y,,,"$501 - $1,500",08/09/2025 06:00:00 PM,FAILING TO YIELD RIGHT-OF-WAY,FAILING TO YIELD RIGHT-OF-WAY,799,W,GRAND AVE,1214,,,,,,,2,NO INDICATION OF INJURY,0,0,0,0,0,3,0,17,7,8,41.8910758893,-87.6475272401,POINT (-87.647527240137 41.891075889311)
320922854c2b011a7094f66f474e9e30f66aa6daae20b05847f952f04a5b09d5f0e85bc3e08dc771cf12eadc326b66093ed6c2aa545d6bfdb9f2d7cd3ded493c,,08/09/2025 05:50:00 PM,30,NO CONTROLS,NO CONTROLS,CLEAR,DAYLIGHT,REAR END,NOT DIVIDED,,STRAIGHT AND LEVEL,UNKNOWN,UNKNOWN,NOT ON SCENE (DESK REPORT),NO INJURY / DRIVE AWAY,,,N,"OVER $1,500",08/09/2025 06:19:00 PM,UNABLE TO DETERMINE,UNABLE TO DETERMINE,3426,W,LAKE ST,1123,,,,,,,2,NO INDICATION OF INJURY,0,0,0,0,0,4,0,17,7,8,41.884809493,-87.7122146366,POINT (-87.712214636637 41.884809492967)
fb670e5ed1e24bb56779896895070b77c3326d3219793da1e2b48359e0ecbf46387a915e0b8005da49f968c2095f30546366920dd4df785c306fc49e9ebe7970,,08/09/2025 05:45:00 PM,20,NO CONTROLS,NO CONTROLS,CLEAR,DAYLIGHT,PARKED MOTOR VEHICLE,ONE-WAY,,STRAIGHT AND LEVEL,DRY,NO DEFECTS,ON SCENE,NO INJURY / DRIVE AWAY,,,N,"OVER $1,500",08/09/2025 06:15:00 PM,UNABLE TO DETERMINE,NOT APPLICABLE,826,W,ROSCOE ST,1924,,,,,,,2,NO INDICATION OF INJURY,0,0,0,0,0,1,0,17,7,8,41.9437123204,-87.6504431442,POINT (-87.650443144158 41.943712320395)
172a108cccbcc0d0c2d13f5c5e10603f34c28a0f9df753ce484bcf33bdc109fc7d6c7cc1b257f15f0df82a403d854d0ef00901cb2772767ecc49e0ac522329f9,Y,08/09/2025 05:30:00 PM,25,NO CONTROLS,NO CONTROLS,CLEAR,DAYLIGHT,SIDESWIPE SAME DIRECTION,NOT DIVIDED,,STRAIGHT AND LEVEL,DRY,NO DEFECTS,NOT ON SCENE (DESK REPORT),NO INJURY / DRIVE AWAY,,,,"OVER $1,500",08/11/2025 12:46:00 PM,NOT APPLICABLE,NOT APPLICABLE,724,S,LARAMIE AVE,1522,,,,,,,2,NO INDICATION OF INJURY,0,0,0,0,0,4,0,17,7,8,41.8712988947,-87.754884807,POINT (-87.754884806992 41.871298894715)
44e96ceb29bd3bc70ee02fcc566be9383b6b974ec1942267d5359c48a6e500abc0629eebdd63fc0dc1544fee5117dcb65e505a3ebd630ca62bc1d0e69734f635,,08/09/2025 05:30:00 PM,25,TRAFFIC SIGNAL,FUNCTIONING PROPERLY,CLEAR,DAYLIGHT,REAR END,FOUR WAY,,STRAIGHT AND LEVEL,DRY,NO DEFECTS,NOT ON SCENE (DESK REPORT),NO INJURY / DRIVE AWAY,,,Y,"$501 - $1,500",08/09/2025 05:50:00 PM,FAILING TO REDUCE SPEED TO AVOID CRASH,FAILING TO REDUCE SPEED TO AVOID CRASH,8058,S,HALSTED ST,621,,,,,,,2,NO INDICATION OF INJURY,0,0,0,0,0,3,0,17,7,8,41.7470860989,-87.6440843829,POINT (-87.64408438293 41.747086098941)
eee3a4ed8353059178c8c1cc565c39c025c30e8a4a063d84fae637b1b4a4c402534905701b85b0725c32b9dfe1cd5295310a1ce603e6b2c8c0b352914c6a2698,,08/09/2025 05:09:00 PM,20,NO CONTROLS,NO CONTROLS,CLEAR,DAYLIGHT,OTHER NONCOLLISION,OTHER,,STRAIGHT AND LEVEL,DRY,UNKNOWN,ON SCENE,INJURY AND / OR TOW DUE TO CRASH,,Y,,"OVER $1,500",08/09/2025 05:10:00 PM,NOT APPLICABLE,NOT APPLICABLE,1830,S,KEELER AVE,1012,,,,,,,1,NONINCAPACITATING INJURY,1,0,0,1,0,0,0,17,7,8,41.8560931762,-87.7299064703,POINT (-87.729906470277 41.856093176224)
f1174509f65768ad27388e4b801b2dd0f8dcee9d8a17d109d5689abea92f6473c8839108b2e13fa689d05bad284ae05f576d66b4d69b8c40ff71816a55b41d50,,08/09/2025 05:09:00 PM,30,NO CONTROLS,NO CONTROLS,CLEAR,DAYLIGHT,TURNING,NOT DIVIDED,,STRAIGHT AND LEVEL,DRY,UNKNOWN,ON SCENE,INJURY AND / OR TOW DUE TO CRASH,Y,,,"OVER $1,500",08/09/2025 05:11:00 PM,IMPROPER TURNING/NO SIGNAL,IMPROPER TURNING/NO SIGNAL,1302,W,CHICAGO AVE,1213,,,,,,,2,"REPORTED, NOT EVIDENT",1,0,0,0,1,2,0,17,7,8,41.8962958238,-87.6600891379,POINT (-87.660089137904 41.896295823774)
b836e660316e46d94784cab0f9465cee72a9c1090303d0d517396ff1d69665f367d5de4e6e565b9d3e4cfcac675bdb1d040c015c297640ab4a8b5112bd64c553,,08/09/2025 05:05:00 PM,30,TRAFFIC SIGNAL,FUNCTIONING PROPERLY,CLEAR,DAYLIGHT,SIDESWIPE SAME DIRECTION,FOUR WAY,,STRAIGHT ON GRADE,UNKNOWN,UNKNOWN,NOT ON SCENE (DESK REPORT),NO INJURY / DRIVE AWAY,Y,,,"OVER $1,500",08/09/2025 06:00:00 PM,DRIVING SKILLS/KNOWLEDGE/EXPERIENCE,DRIVING SKILLS/KNOWLEDGE/EXPERIENCE,801,W,103RD ST,2232,,,,,,,2,NO INDICATION OF INJURY,0,0,0,0,0,3,0,17,7,8,41.7068067959,-87.6428925697,POINT (-87.642892569666 41.706806795936)
06d4a193f16f01aabacbdea9bbc8ea3df05fc8e6f4864aade12764d740f04721655a146639c06df8d930dd6bbd3dcfcfe7aebabbda2199449c2eaf47fcf8299a,,08/09/2025 05:00:00 PM,30,NO CONTROLS,NO CONTROLS,CLEAR,DAYLIGHT,TURNING,NOT DIVIDED,,STRAIGHT AND LEVEL,DRY,NO DEFECTS,NOT ON SCENE (DESK REPORT),NO INJURY / DRIVE AWAY,,,,"OVER $1,500",08/09/2025 07:00:00 PM,IMPROPER TURNING/NO SIGNAL,UNABLE TO DETERMINE,540,N,FAIRBANKS CT,1834,,,,,,,2,NO INDICATION OF INJURY,0,0,0,0,0,2,0,17,7,8,41.8922703553,-87.6203925423,POINT (-87.620392542301 41.892270355275)
1c1689eb6aff519bb0987e5de2f4ba173130a55a8c6f022a2f80c2fcc82da11dc6f4e20821988d48b36953b52a72cb1396b831c7971cd9d0fa77e387d5768b9b,,08/09/2025 05:00:00 PM,15,STOP SIGN/FLASHER,FUNCTIONING PROPERLY,CLEAR,DAYLIGHT,ANGLE,FOUR WAY,,STRAIGHT AND LEVEL,DRY,NO DEFECTS,ON SCENE,INJURY AND / OR TOW DUE TO CRASH,,,Y,"OVER $1,500",08/09/2025 05:00:00 PM,FAILING TO YIELD RIGHT-OF-WAY,NOT APPLICABLE,8600,S,MUSKEGON AVE,423,,,,,,,2,"REPORTED, NOT EVIDENT",1,0,0,0,1,1,0,17,7,8,41.7390596369,-87.5552526276,POINT (-87.555252627639 41.739059636916)
a1c24f2e9028c744ef8ee048da1fbcb223a15e1780a73bd8d9df1df20a14741ece31a015d7932d2c44b351ce6bf5c25016b43ed75c0203bb0eb90cee35d4a168,,08/09/2025 05:00:00 PM,30,NO CONTROLS,NO CONTROLS,CLEAR,DAYLIGHT,PARKED MOTOR VEHICLE,DIVIDED - W/MEDIAN BARRIER,,STRAIGHT AND LEVEL,DRY,NO DEFECTS,ON SCENE,INJURY AND / OR TOW DUE TO CRASH,,,,"OVER $1,500",08/10/2025 08:00:00 AM,NOT APPLICABLE,NOT APPLICABLE,5532,W,FULLERTON AVE,2515,,,,,,,3,NO INDICATION OF INJURY,0,0,0,0,0,1,0,17,7,8,41.9241056243,-87.7649047888,POINT (-87.764904788841 41.924105624267)
b3d4f896c19b3233f952113440cec59955d5070e82195025f865035d2e8c563a64faaa51e0eba06b72aee56c7fb56bde23a1285ecf176962feacd7835311ee07,,08/09/2025 05:00:00 PM,30,NO CONTROLS,NO CONTROLS,CLEAR,DAYLIGHT,SIDESWIPE SAME DIRECTION,DIVIDED - W/MEDIAN (NOT RAISED),,STRAIGHT AND LEVEL,DRY,NO DEFECTS,ON SCENE,NO INJURY / DRIVE AWAY,,,,"$501 - $1,500",08/09/2025 05:13:00 PM,FAILING TO YIELD RIGHT-OF-WAY,UNABLE TO DETERMINE,2440,W,PETERSON AVE,2413,,,,,,,2,NO INDICATION OF INJURY,0,0,0,0,0,2,0,17,7,8,41.9906001815,-87.6913090158,POINT (-87.69130901584 41.990600181468)
df52f2319814d41a876619781727e03474b97db413c6adadd8316f6296365e554ea2eea25ff7d71c6e218807194671db448fddb3d4f8f2b99d1f0bfe274269b9,,08/09/2025 05:00:00 PM,30,NO CONTROLS,NO CONTROLS,CLEAR,DAYLIGHT,PEDESTRIAN,ONE-WAY,,STRAIGHT AND LEVEL,DRY,NO DEFECTS,NOT ON SCENE (DESK REPORT),NO INJURY / DRIVE AWAY,,,,$500 OR LESS,08/09/2025 06:00:00 PM,IMPROPER BACKING,IMPROPER BACKING,509,E,48TH ST,223,,,,,,,2,NO INDICATION OF INJURY,0,0,0,0,0,2,0,17,7,8,41.8075025356,-87.61347748,POINT (-87.613477480045 41.807502535623)
e93024f9f8e2debd9f6b746fd9014c9c10be16c8fd86481c7418d18ae1635b39fa05516a9f8e635f39008df26bf196c02d47ae1fdaa31874e8c23e5998534274,,08/09/2025 05:00:00 PM,15,NO CONTROLS,NO CONTROLS,CLEAR,DAYLIGHT,PARKED MOTOR VEHICLE,ONE-WAY,,STRAIGHT AND LEVEL,DRY,NO DEFECTS,NOT ON SCENE (DESK REPORT),NO INJURY / DRIVE AWAY,,,Y,"OVER $1,500",08/10/2025 02:35:00 PM,UNABLE TO DETERMINE,UNABLE TO DETERMINE,5040,S,PAULINA ST,931,,,,,,,2,NO INDICATION OF INJURY,0,0,0,0,0,1,0,17,7,8,41.8018931839,-87.6673742788,POINT (-87.667374278811 41.80189318392)
78921bc74e2030b3a241bdf220bd1731c64bc914349b4a66afa749fcbe011f9f961bd54e93c6a7c4ab2523b055ffcf50d7a19b59887b979dab6a5809e772c790,,08/09/2025 04:57:00 PM,30,NO CONTROLS,NO CONTROLS,CLEAR,DAYLIGHT,TURNING,DIVIDED - W/MEDIAN (NOT RAISED),,STRAIGHT AND LEVEL,DRY,NO DEFECTS,ON SCENE,INJURY AND / OR TOW DUE TO CRASH,,,,"OVER $1,500",08/09/2025 05:17:00 PM,FAILING TO YIELD RIGHT-OF-WAY,NOT APPLICABLE,2617,W,59TH ST,824,,,,,,,3,NONINCAPACITATING INJURY,2,0,0,1,1,1,0,16,7,8,41.7863650149,-87.6895073852,POINT (-87.68950738517 41.786365014937)
88e5cb9faedde6eb0eca18a1ce6a5d662ef13fce960bdd15467f24eaf6be749b7c18f6f457a5a886935db2417f0c4b79ea98153ad8b3c44cc0c51295db5f71b7,,08/09/2025 04:50:00 PM,10,NO CONTROLS,NO CONTROLS,CLEAR,DAYLIGHT,PARKED MOTOR VEHICLE,PARKING LOT,,STRAIGHT AND LEVEL,DRY,NO DEFECTS,NOT ON SCENE (DESK REPORT),NO INJURY / DRIVE AWAY,,,Y,"$501 - $1,500",08/10/2025 03:50:00 PM,NOT APPLICABLE,NOT APPLICABLE,7905,S,CICERO AVE,834,,,,,,,2,NO INDICATION OF INJURY,0,0,0,0,0,2,0,16,7,8,41.7489865729,-87.7411968744,POINT (-87.741196874415 41.748986572901)
27e8838fbd3861e97ff5cb43e3cbe6164f810871d9701b7b5dcd48029eeb1a0cbef4b8df689258883014fd35bdbdf4c64dbe866edb774c74b9b3e07e7b9ebc8b,,08/09/2025 04:47:00 PM,40,TRAFFIC SIGNAL,FUNCTIONING PROPERLY,CLEAR,DAYLIGHT,SIDESWIPE SAME DIRECTION,DIVIDED - W/MEDIAN BARRIER,,STRAIGHT AND LEVEL,DRY,NO DEFECTS,ON SCENE,NO INJURY / DRIVE AWAY,,,,"$501 - $1,500",08/09/2025 04:47:00 PM,IMPROPER LANE USAGE,FAILING TO REDUCE SPEED TO AVOID CRASH,821,N,LAKE SHORE DR NB,1833,,,,,,,2,NO INDICATION OF INJURY,0,0,0,0,0,5,0,16,7,8,41.8974592767,-87.6169380583,POINT (-87.616938058318 41.897459276739)
ff76a31fe79703d6508ecf6db9398f28721a0b717a40e5050de27142f2f59bd7c62fe18af71f9daa65b35d990eca162ebe67ba5f093d0414d99b359514fe9a6d,,08/09/2025 04:47:00 PM,20,NO CONTROLS,NO CONTROLS,CLEAR,DAYLIGHT,REAR END,ONE-WAY,,STRAIGHT AND LEVEL,DRY,NO DEFECTS,ON SCENE,INJURY AND / OR TOW DUE TO CRASH,,,,"$501 - $1,500",08/09/2025 04:47:00 PM,EQUIPMENT - VEHICLE CONDITION,UNABLE TO DETERMINE,3804,W,30TH ST,1031,,,,,,,2,NO INDICATION OF INJURY,0,0,0,0,0,2,0,16,7,8,41.8389112807,-87.719766462,POINT (-87.719766461985 41.838911280703)
c5dd004c34bfb951af7266ac9aab0d3e205f00ecd5393f491fe85d821a03f3622bbfc9c89e036980d80598b51585e313426ac8ba22a3e903c61b9963826fe6d2,,08/09/2025 04:35:00 PM,30,NO CONTROLS,NO CONTROLS,CLEAR,DAYLIGHT,ANGLE,OTHER,,STRAIGHT AND LEVEL,DRY,UNKNOWN,ON SCENE,NO INJURY / DRIVE AWAY,Y,,,"OVER $1,500",08/09/2025 04:40:00 PM,DRIVING SKILLS/KNOWLEDGE/EXPERIENCE,NOT APPLICABLE,4520,W,WASHINGTON BLVD,1113,,,,,,,2,NO INDICATION OF INJURY,0,0,0,0,0,2,0,16,7,8,41.8819991846,-87.7388649192,POINT (-87.738864919217 41.881999184584)
2ffcbe0fe97ad086b324b6a0c6b7a4f4737d02d58c100d3b8fe93991f9e317eb3e4ce6575dbd35c40c2b98775034cbedf68852e7c35be7914f9ba438aea495a9,,08/09/2025 04:32:00 PM,30,TRAFFIC SIGNAL,FUNCTIONING PROPERLY,CLEAR,DAYLIGHT,ANGLE,NOT DIVIDED,,STRAIGHT AND LEVEL,DRY,NO DEFECTS,ON SCENE,NO INJURY / DRIVE AWAY,,,Y,"OVER $1,500",08/09/2025 04:53:00 PM,FAILING TO YIELD RIGHT-OF-WAY,FAILING TO REDUCE SPEED TO AVOID CRASH,4500,W,MADISON ST,1113,,,,,,,2,NO INDICATION OF INJURY,0,0,0,0,0,2,0,16,7,8,41.8806910757,-87.7380381315,POINT (-87.738038131465 41.880691075693)
02f41875f9d134a2a0fda15b2faa7e5fda6a9ae836d74c51445debf6e30311aa1468b375c169e0b5bda1075f8517f46f262680d09005489092a1e7d9b239368f,,08/09/2025 04:30:00 PM,30,NO CONTROLS,NO CONTROLS,CLEAR,DAYLIGHT,SIDESWIPE SAME DIRECTION,DIVIDED - W/MEDIAN (NOT RAISED),,STRAIGHT AND LEVEL,DRY,UNKNOWN,NOT ON SCENE (DESK REPORT),INJURY AND / OR TOW DUE TO CRASH,,,,"OVER $1,500",08/09/2025 04:38:00 PM,UNABLE TO DETERMINE,NOT APPLICABLE,1922,N,CENTRAL AVE,2515,,,,,,,2,"REPORTED, NOT EVIDENT",1,0,0,0,1,1,0,16,7,8,41.9157004282,-87.7658573471,POINT (-87.765857347059 41.915700428238)
468d7541f935c57afede50a8452bbc1b01122631f38cfcf5f5e5b8bb4aeff9471ad47fc888e694cd7e62ac829469ebc1a88a1b9c4ca08249976406ff18ca120a,,08/09/2025 04:30:00 PM,30,TRAFFIC SIGNAL,FUNCTIONING PROPERLY,CLEAR,DAYLIGHT,SIDESWIPE SAME DIRECTION,"FIVE POINT, OR MORE",,STRAIGHT AND LEVEL,DRY,NO DEFECTS,NOT ON SCENE (DESK REPORT),NO INJURY / DRIVE AWAY,Y,,Y,"OVER $1,500",08/10/2025 07:30:00 PM,FOLLOWING TOO CLOSELY,FAILING TO YIELD RIGHT-OF-WAY,1329,W,DIVISION ST,1213,,,,,,,2,NO INDICATION OF INJURY,0,0,0,0,0,2,0,16,7,8,41.9033204328,-87.6617063677,POINT (-87.661706367706 41.90332043282)
607a84bf0cb8579329a8b1fcb51dbaa13f58b487a4cf1972a9b86ba8dd988b49189e62cf014b48d3c4b6c644376f49d5cf296ba7d4f998801725ba21fd50514c,,08/09/2025 04:30:00 PM,10,NO CONTROLS,NO CONTROLS,CLEAR,DAYLIGHT,PARKED MOTOR VEHICLE,PARKING LOT,,STRAIGHT AND LEVEL,DRY,NO DEFECTS,ON SCENE,NO INJURY / DRIVE AWAY,,,Y,"$501 - $1,500",08/09/2025 04:35:00 PM,UNABLE TO DETERMINE,UNABLE TO DETERMINE,2555,N,NORMANDY AVE,2512,,,,,,,2,NO INDICATION OF INJURY,0,0,0,0,0,1,0,16,7,8,41.9269248056,-87.7927510481,POINT (-87.792751048065 41.926924805601)
6d4623dad45f0984d9fd0bf82c5f01744cf0750d9bec843a5dcea278774169ebd01e5a0c0debfc763af4ef965af20a6eca61ae7d48f3947eda1546f05c592176,,08/09/2025 04:30:00 PM,25,STOP SIGN/FLASHER,FUNCTIONING PROPERLY,CLEAR,DAYLIGHT,SIDESWIPE SAME DIRECTION,NOT DIVIDED,,STRAIGHT AND LEVEL,DRY,NO DEFECTS,ON SCENE,NO INJURY / DRIVE AWAY,,,,"OVER $1,500",08/09/2025 04:41:00 PM,UNABLE TO DETERMINE,UNABLE TO DETERMINE,759,E,SOLIDARITY DR,132,,,,,,,2,NO INDICATION OF INJURY,0,0,0,0,0,3,0,16,7,8,41.8660493374,-87.6103014523,POINT (-87.610301452292 41.866049337405)
a614f5bd59aa0153b8704890a379442c4573ad9ffda0adfd97f2879a8d95664cc6f60a99aed13d4a10d074faaac6517a0b5e4e1d14cb9c025ea403884daee10f,,08/09/2025 04:30:00 PM,30,STOP SIGN/FLASHER,NO CONTROLS,CLEAR,DAYLIGHT,TURNING,DIVIDED - W/MEDIAN (NOT RAISED),,STRAIGHT AND LEVEL,DRY,NO DEFECTS,NOT ON SCENE (DESK REPORT),NO INJURY / DRIVE AWAY,Y,,Y,"OVER $1,500",08/14/2025 09:10:00 PM,FAILING TO YIELD RIGHT-OF-WAY,IMPROPER OVERTAKING/PASSING,2301,N,AUSTIN AVE,2515,,,,,,,2,NO INDICATION OF INJURY,0,0,0,0,0,2,0,16,7,8,41.922077178,-87.7755086054,POINT (-87.775508605405 41.92207717803)
ad81c92c27c61fa3073ad9fbc56649ebe2998e60359206494438e799944e35fc078490cd15cc5e59d29b7146a94a9b27cdbf000738ddb60bf4a767b5efbeb86e,,08/09/2025 04:30:00 PM,30,STOP SIGN/FLASHER,FUNCTIONING PROPERLY,CLEAR,DAYLIGHT,REAR END,T-INTERSECTION,,STRAIGHT AND LEVEL,DRY,NO DEFECTS,NOT ON SCENE (DESK REPORT),NO INJURY / DRIVE AWAY,Y,,,$500 OR LESS,08/14/2025 05:00:00 PM,FAILING TO REDUCE SPEED TO AVOID CRASH,FAILING TO REDUCE SPEED TO AVOID CRASH,3400,W,71ST ST,831,,,,,,,2,NO INDICATION OF INJURY,0,0,0,0,0,2,0,16,7,8,41.7644160526,-87.7078264784,POINT (-87.70782647842 41.76441605263)
bfe2a5c323f0cedf5334c7c1cf258d5e1092dc098dfc272c797c955585735cbe3d9c57d519e9fd2bcc057b2830ac8d74c614ddf42b34bccf58483207ce942951,,08/09/2025 04:30:00 PM,30,TRAFFIC SIGNAL,FUNCTIONING PROPERLY,CLEAR,DAYLIGHT,SIDESWIPE SAME DIRECTION,FOUR WAY,,STRAIGHT AND LEVEL,DRY,NO DEFECTS,NOT ON SCENE (DESK REPORT),INJURY AND / OR TOW DUE TO CRASH,Y,,,"OVER $1,500",08/10/2025 09:10:00 AM,IMPROPER LANE USAGE,UNABLE TO DETERMINE,8700,S,VINCENNES AVE,2222,,,,,,,2,NO INDICATION OF INJURY,0,0,0,0,0,3,0,16,7,8,41.7360065646,-87.645341819,POINT (-87.64534181898 41.736006564585)
f922a23f3eeb332030ed5bc89ec0469b834b0c3f847df048430c6d21bec5aaef9024fffdcd5ba83f010557782e943f4c2c45954e58bd029bbbd43e92a72e0577,,08/09/2025 04:28:00 PM,25,UNKNOWN,UNKNOWN,UNKNOWN,UNKNOWN,PEDALCYCLIST,NOT DIVIDED,,STRAIGHT AND LEVEL,UNKNOWN,UNKNOWN,,NO INJURY / DRIVE AWAY,,,,"OVER $1,500",08/09/2025 07:20:00 PM,NOT APPLICABLE,NOT APPLICABLE,1001,W,CHICAGO AVE,1214,,,,,,,2,NO INDICATION OF INJURY,0,0,0,0,0,2,0,16,7,8,41.8961983286,-87.6526797277,POINT (-87.6526797277 41.89619832858)
f2935078dc5e2276f5bfa3d87470343e77b4776517934a4ffafc856baa84c75aa7327884f24c07670e0029ac2a9489a37bf507700b6b0eaa8dde3e74bf9b2d89,,08/09/2025 04:25:00 PM,30,NO CONTROLS,NO CONTROLS,CLEAR,DAYLIGHT,SIDESWIPE SAME DIRECTION,NOT DIVIDED,,STRAIGHT AND LEVEL,DRY,NO DEFECTS,ON SCENE,NO INJURY / DRIVE AWAY,,,Y,"OVER $1,500",08/09/2025 04:25:00 PM,IMPROPER LANE USAGE,IMPROPER OVERTAKING/PASSING,4711,S,CALUMET AVE,224,,,,,,,3,NO INDICATION OF INJURY,0,0,0,0,0,3,0,16,7,8,41.8089873717,-87.6179962188,POINT (-87.617996218755 41.808987371651)
68808f4bd037e58690892fd64ad452de8a2db8b501373707f58c7ee6f6e7e4dad72364d56b0d362f0a15fe8fdb5bee3e09df74920ec0613516586fe562c9b907,,08/09/2025 04:24:00 PM,30,TRAFFIC SIGNAL,FUNCTIONING PROPERLY,CLEAR,DAYLIGHT,TURNING,NOT DIVIDED,,STRAIGHT AND LEVEL,DRY,UNKNOWN,NOT ON SCENE (DESK REPORT),NO INJURY / DRIVE AWAY,Y,,Y,"OVER $1,500",08/09/2025 05:00:00 PM,FOLLOWING TOO CLOSELY,NOT APPLICABLE,1200,N,PULASKI RD,2534,,,,,,,2,NO INDICATION OF INJURY,0,0,0,0,0,3,0,16,7,8,41.9027139019,-87.7264514572,POINT (-87.726451457158 41.902713901936)
0c9feb4c58fffa015516e246175ccd75a2d7f7508b6bc37dccd540370c25ef67321fc2ee4ad6a24726e2ea469c3ae98859956f61d5290fa83477e3fbbf8d90ec,,08/09/2025 04:20:00 PM,30,TRAFFIC SIGNAL,FUNCTIONING PROPERLY,CLEAR,DAYLIGHT,ANGLE,FOUR WAY,,STRAIGHT AND LEVEL,DRY,NO DEFECTS,,NO INJURY / DRIVE AWAY,Y,,,"OVER $1,500",08/09/2025 04:30:00 PM,UNABLE TO DETERMINE,NOT APPLICABLE,5100,S,STATE ST,225,,,,,,,2,NO INDICATION OF INJURY,0,0,0,0,0,5,0,16,7,8,41.8018902979,-87.6260352641,POINT (-87.626035264137 41.801890297885)
b28782bc4f4d2f8dd444ba79e8a2ea902a9b627495d7416abd622d09bbbc3b8d2e01921d13b21e58ba0ca1b054804bedbaf39b5b8f8614d3031e5257018292b0,Y,08/09/2025 04:20:00 PM,30,NO CONTROLS,NO CONTROLS,CLEAR,DAYLIGHT,OTHER OBJECT,NOT DIVIDED,,STRAIGHT AND LEVEL,DRY,NO DEFECTS,ON SCENE,INJURY AND / OR TOW DUE TO CRASH,,,,$500 OR LESS,08/09/2025 04:21:00 PM,DRIVING ON WRONG SIDE/WRONG WAY,DRIVING SKILLS/KNOWLEDGE/EXPERIENCE,4543,N,CENTRAL AVE,1623,,,,,,,2,NONINCAPACITATING INJURY,1,0,0,1,0,1,0,16,7,8,41.9636092861,-87.7671967956,POINT (-87.767196795556 41.963609286102)