CRASH_RECORD_ID,CRASH_DATE_EST_I,CRASH_DATE,POSTED_SPEED_LIMIT,TRAFFIC_CONTROL_DEVICE,DEVICE_CONDITION,WEATHER_CONDITION,LIGHTING_CONDITION,FIRST_CRASH_TYPE,TRAFFICWAY_TYPE,LANE_CNT,ALIGNMENT,ROADWAY_SURFACE_COND,ROAD_DEFECT,REPORT_TYPE,CRASH_TYPE,INTERSECTION_RELATED_I,NOT_RIGHT_OF_WAY_I,HIT_AND_RUN_I,DAMAGE,DATE_POLICE_NOTIFIED,PRIM_CONTRIBUTORY_CAUSE,SEC_CONTRIBUTORY_CAUSE,STREET_NO,STREET_DIRECTION,STREET_NAME,BEAT_OF_OCCURRENCE,PHOTOS_TAKEN_I,STATEMENTS_TAKEN_I,DOORING_I,WORK_ZONE_I,WORK_ZONE_TYPE,WORKERS_PRESENT_I,NUM_UNITS,MOST_SEVERE_INJURY,INJURIES_TOTAL,INJURIES_FATAL,INJURIES_INCAPACITATING,INJURIES_NON_INCAPACITATING,INJURIES_REPORTED_NOT_EVIDENT,INJURIES_NO_INDICATION,INJURIES_UNKNOWN,CRASH_HOUR,CRASH_DAY_OF_WEEK,CRASH_MONTH,LATITUDE,LONGITUDE,LOCATION
cb785340de7b1f39504337c391c100a6b124bfb4572d79e1b1371b3c1c672a996e5f87d7b6804ad739320a1d2468d013cf39087b09f0ded2dba08f7465783faa,,08/09/2025 04:20:00 PM,15,NO CONTROLS,NO CONTROLS,CLEAR,DAYLIGHT,PARKED MOTOR VEHICLE,PARKING LOT,,STRAIGHT AND LEVEL,DRY,NO DEFECTS,NOT ON SCENE (DESK REPORT),NO INJURY / DRIVE AWAY,,,,"OVER $1,500",08/09/2025 04:35:00 PM,UNABLE TO DETERMINE,UNABLE TO DETERMINE,2425,S,WALLACE ST,914,,,,,,,2,NO INDICATION OF INJURY,0,0,0,0,0,1,0,16,7,8,41.8485874803,-87.6417838044,POINT (-87.641783804448 41.848587480306)
80534f45f858170f5ebf5e14541a4d145aea9efe7b1e56aa8c060438637be2f46a4f27094d8550f0b8a74f7590780371ed86b0ff4cdd1919abb24767415142bc,,08/09/2025 04:15:00 PM,30,TRAFFIC SIGNAL,FUNCTIONING PROPERLY,CLEAR,DAYLIGHT,ANGLE,NOT DIVIDED,,STRAIGHT AND LEVEL,DRY,NO DEFECTS,ON SCENE,INJURY AND / OR TOW DUE TO CRASH,Y,,,"$501 - $1,500",08/09/2025 04:20:00 PM,DISREGARDING TRAFFIC SIGNALS,NOT APPLICABLE,5600,W,63RD ST,812,,,,,,,2,INCAPACITATING INJURY,1,0,1,0,0,1,0,16,7,8,41.7781618734,-87.7617802217,POINT (-87.76178022166 41.778161873405)
e83184947f1e648ee7e2fa03163efc004b70267e9056b069cf90024589e4bc9ff59be3a9466725db813595e9adb78a00796cadb225554cc680bcd03e6ef5f247,,08/09/2025 04:13:00 PM,30,NO CONTROLS,NO CONTROLS,CLEAR,DAYLIGHT,SIDESWIPE SAME DIRECTION,ONE-WAY,,STRAIGHT AND LEVEL,DRY,NO DEFECTS,ON SCENE,NO INJURY / DRIVE AWAY,,,,"OVER $1,500",08/09/2025 04:23:00 PM,FAILING TO YIELD RIGHT-OF-WAY,NOT APPLICABLE,2430,N,RUTHERFORD AVE,2512,,,,,,,3,NO INDICATION OF INJURY,0,0,0,0,0,3,0,16,7,8,41.9245453277,-87.7941948816,POINT (-87.794194881626 41.924545327723)
20268182686a8f084da0fda16a368fd169b22ce5510adaa45caa4768b8d22f92e01176d633ef0903388f963c46d7299cdf36e3ce12e4a934191958678d4ecd94,,08/09/2025 04:07:00 PM,30,NO CONTROLS,NO CONTROLS,CLEAR,DAYLIGHT,ANGLE,FOUR WAY,,STRAIGHT AND LEVEL,DRY,UNKNOWN,NOT ON SCENE (DESK REPORT),NO INJURY / DRIVE AWAY,,,,$500 OR LESS,08/13/2025 01:20:00 PM,FOLLOWING TOO CLOSELY,NOT APPLICABLE,4024,W,47TH ST,815,,,,,,,2,NO INDICATION OF INJURY,0,0,0,0,0,2,0,16,7,8,41.8079644293,-87.7247474324,POINT (-87.724747432405 41.807964429274)
0bdc2151d272a201e71aaad22e9c7fa0ab3160fceedfa415104ed89489256e671a36cb95a610a3f5ef29cdb2b10b5e69b37249fb226913b693f41963270ce41a,,08/09/2025 04:00:00 PM,25,STOP SIGN/FLASHER,FUNCTIONING PROPERLY,CLEAR,DAYLIGHT,SIDESWIPE SAME DIRECTION,NOT DIVIDED,,STRAIGHT AND LEVEL,DRY,NO DEFECTS,NOT ON SCENE (DESK REPORT),NO INJURY / DRIVE AWAY,Y,,,"OVER $1,500",08/11/2025 01:26:00 PM,UNABLE TO DETERMINE,NOT APPLICABLE,2125,E,90TH ST,413,,,,,,,2,NO INDICATION OF INJURY,0,0,0,0,0,2,0,16,7,8,41.7315236427,-87.5719647941,POINT (-87.571964794065 41.731523642667)
37f5c98400381454b961e6f8cfcfba99ed3046c1d6a0227d94c9f01f2076564d617778feda2dc641150d2ab6a401546870b4d03efef468f8aec120444ed1d32a,,08/09/2025 04:00:00 PM,30,NO CONTROLS,NO CONTROLS,CLEAR,DAYLIGHT,SIDESWIPE SAME DIRECTION,NOT DIVIDED,,STRAIGHT AND LEVEL,DRY,NO DEFECTS,,NO INJURY / DRIVE AWAY,,,Y,"OVER $1,500",08/11/2025 03:40:00 PM,IMPROPER OVERTAKING/PASSING,UNABLE TO DETERMINE,4601,S,INDIANA AVE,215,,,,,,,2,NO INDICATION OF INJURY,0,0,0,0,0,2,0,16,7,8,41.8110365174,-87.6211112421,POINT (-87.621111242086 41.811036517401)
7e75c5940d7159bfa2bf2c84603e5230d2b34b15e84abaca78583234497aecef324395df3d46534643b0445244f7971a814b58901dd33c2cc7dcf69d53750888,,08/09/2025 04:00:00 PM,20,NO CONTROLS,NO CONTROLS,CLEAR,DAYLIGHT,SIDESWIPE SAME DIRECTION,NOT DIVIDED,,STRAIGHT AND LEVEL,DRY,NO DEFECTS,ON SCENE,NO INJURY / DRIVE AWAY,,,,"OVER $1,500",08/09/2025 04:03:00 PM,IMPROPER OVERTAKING/PASSING,FAILING TO YIELD RIGHT-OF-WAY,2230,S,PRINCETON AVE,914,,,,,,,2,NO INDICATION OF INJURY,0,0,0,0,0,2,0,16,7,8,41.8519674783,-87.6349279806,POINT (-87.634927980615 41.851967478261)
807139df5f7445e7b51445463d9c5b39559253621c1fd80483216fa94c94f19f33fd5cd04775a6791eb349ee5ab7fec10473908883508de84277cad6c51e1415,,08/09/2025 04:00:00 PM,15,NO CONTROLS,NO CONTROLS,CLEAR,DAYLIGHT,FIXED OBJECT,ALLEY,,STRAIGHT AND LEVEL,DRY,NO DEFECTS,,NO INJURY / DRIVE AWAY,,,,$500 OR LESS,08/10/2025 08:00:00 AM,UNABLE TO DETERMINE,UNABLE TO DETERMINE,6316,S,WESTERN AVE,825,,,,,,,1,NO INDICATION OF INJURY,0,0,0,0,0,1,0,16,7,8,41.7786618492,-87.6837720334,POINT (-87.683772033406 41.77866184917)
a4972f1f0d38e17e569c3ede50adc4e324708873962c8eceebd21676b199c993d21be7a87149861afc84a7f101619077a43cb18673624f196c27e524f62fa92c,,08/09/2025 04:00:00 PM,30,STOP SIGN/FLASHER,FUNCTIONING PROPERLY,CLEAR,DAYLIGHT,PARKED MOTOR VEHICLE,ONE-WAY,,STRAIGHT AND LEVEL,DRY,NO DEFECTS,NOT ON SCENE (DESK REPORT),NO INJURY / DRIVE AWAY,Y,,Y,"OVER $1,500",08/10/2025 01:30:00 PM,UNABLE TO DETERMINE,NOT APPLICABLE,1024,W,RANDOLPH ST,1224,,,,,,,2,NO INDICATION OF INJURY,0,0,0,0,0,1,0,16,7,8,41.8844161719,-87.6532148469,POINT (-87.653214846931 41.884416171921)
b51738ac3c50a604068b0bdc29561f2e59f3f4855e89eb1c114728c94d0471520a1c647fac13b708cae72d739fc5a1000ba73c99f11f654e27e24385ac28cef2,Y,08/09/2025 04:00:00 PM,30,TRAFFIC SIGNAL,FUNCTIONING PROPERLY,CLEAR,DAYLIGHT,TURNING,NOT DIVIDED,,STRAIGHT AND LEVEL,DRY,UNKNOWN,NOT ON SCENE (DESK REPORT),NO INJURY / DRIVE AWAY,,,,"OVER $1,500",08/09/2025 04:30:00 PM,IMPROPER OVERTAKING/PASSING,NOT APPLICABLE,3300,W,ADDISON ST,1733,,,,,,,2,NO INDICATION OF INJURY,0,0,0,0,0,3,0,16,7,8,41.9467043735,-87.7105010559,POINT (-87.710501055898 41.946704373514)
d3c4d032134f9a472ded92693374ee340742f7203c81b9b30345635e8f9049259e981cc20285374cae5ce558c0be92a498a761c04270ffdbe64e721df0fb60af,,08/09/2025 04:00:00 PM,30,NO CONTROLS,NO CONTROLS,CLEAR,DAYLIGHT,PARKED MOTOR VEHICLE,PARKING LOT,,STRAIGHT AND LEVEL,UNKNOWN,UNKNOWN,NOT ON SCENE (DESK REPORT),NO INJURY / DRIVE AWAY,,,Y,"OVER $1,500",08/09/2025 04:10:00 PM,UNABLE TO DETERMINE,UNABLE TO DETERMINE,4867,N,MILWAUKEE AVE,1623,,,,,,,2,NO INDICATION OF INJURY,0,0,0,0,0,2,0,16,7,8,41.969552871,-87.7620255743,POINT (-87.76202557425 41.969552871031)
f2bb6625b2716545b06aed81803c873d8a79ec566edbcc207489b340ef4e4c96b8313f7b810b03fcf1d23786c8beea561b7b5f15c84d86f7b5fab3c665b957e0,,08/09/2025 04:00:00 PM,45,NO CONTROLS,NO CONTROLS,CLEAR,DAYLIGHT,OTHER NONCOLLISION,DIVIDED - W/MEDIAN BARRIER,,STRAIGHT AND LEVEL,DRY,UNKNOWN,,INJURY AND / OR TOW DUE TO CRASH,,,,"OVER $1,500",08/09/2025 04:20:00 PM,FAILING TO REDUCE SPEED TO AVOID CRASH,UNABLE TO DETERMINE,9299,W,HIGGINS RD,1614,,,,,,,1,NONINCAPACITATING INJURY,1,0,0,1,0,0,0,16,7,8,,,
88e2a4422f77ea134fce0f51eb8a595b533e38a2040f90c75fe2209b679c7171eaaed861e0f62ed8bc8581c4a876acd4f668753c822aa5f87b12a6bb371f2e45,,08/09/2025 03:59:00 PM,30,NO CONTROLS,NO CONTROLS,CLEAR,DAYLIGHT,PEDESTRIAN,NOT DIVIDED,,STRAIGHT AND LEVEL,DRY,NO DEFECTS,ON SCENE,INJURY AND / OR TOW DUE TO CRASH,,,,$500 OR LESS,08/09/2025 04:05:00 PM,NOT APPLICABLE,NOT APPLICABLE,5324,S,COTTAGE GROVE AVE,233,,,,,,,3,INCAPACITATING INJURY,2,0,2,0,0,1,0,15,7,8,41.7978673955,-87.6064483137,POINT (-87.606448313738 41.797867395455)
97ffd9e2b90c3e0d39e571c190547cfbe4db12d6d25c31f3297f7e1fbd89ce3a2efc57c71d577010e47b91300416690593ac3cd49500075bc32309b47f1a8bd4,,08/09/2025 03:57:00 PM,15,NO CONTROLS,NO CONTROLS,CLEAR,DAYLIGHT,REAR TO REAR,PARKING LOT,,STRAIGHT AND LEVEL,DRY,UNKNOWN,NOT ON SCENE (DESK REPORT),NO INJURY / DRIVE AWAY,,,Y,$500 OR LESS,08/09/2025 04:30:00 PM,DRIVING SKILLS/KNOWLEDGE/EXPERIENCE,UNABLE TO DETERMINE,1,N,HALSTED ST,1224,,,,,,,2,NO INDICATION OF INJURY,0,0,0,0,0,2,0,15,7,8,41.8818156316,-87.647214717,POINT (-87.647214717041 41.881815631642)
d8b9e616589d750c0a038b2d930f7f256713d874f08dbf1bdd9e86a01fd194e0e3d80f03cc213a12a3110991e5e61edac8c9819bc3e24f4fc627844fb2f11afe,,08/09/2025 03:50:00 PM,30,TRAFFIC SIGNAL,FUNCTIONING PROPERLY,CLEAR,DAYLIGHT,PEDESTRIAN,FOUR WAY,,STRAIGHT AND LEVEL,DRY,UNKNOWN,ON SCENE,INJURY AND / OR TOW DUE TO CRASH,Y,,,"OVER $1,500",08/09/2025 03:50:00 PM,UNABLE TO DETERMINE,NOT APPLICABLE,7300,S,DR MARTIN LUTHER KING JR DR,323,,,,,,,2,NONINCAPACITATING INJURY,1,0,0,1,0,1,0,15,7,8,41.7619666969,-87.6153505183,POINT (-87.615350518276 41.761966696864)
433c0841a67c0f28a01ba2008ebc608c9f5257f22bfc8dc0d49dfc993011d1f4520591ea42be6e62d2f58e8fdd06df36f6d6c39c1e915998217447774f7d5234,,08/09/2025 03:46:00 PM,30,NO CONTROLS,NO CONTROLS,CLEAR,DAYLIGHT,REAR END,NOT DIVIDED,,STRAIGHT AND LEVEL,DRY,NO DEFECTS,ON SCENE,INJURY AND / OR TOW DUE TO CRASH,,,,"OVER $1,500",08/09/2025 03:46:00 PM,UNABLE TO DETERMINE,NOT APPLICABLE,511,S,CENTRAL AVE,1522,,,,,,,2,NONINCAPACITATING INJURY,2,0,0,2,0,1,0,15,7,8,41.8734578609,-87.7644643554,POINT (-87.764464355398 41.873457860934)
b7b8952902e2eeb4bdb28707f3af647037a2ad8bf0939026e225550465a70081da0a4640b3119c3b07587f8f9affd6950c95dc0e346112656242e0f33a337bf8,,08/09/2025 03:45:00 PM,30,TRAFFIC SIGNAL,FUNCTIONING PROPERLY,CLEAR,DAYLIGHT,PARKED MOTOR VEHICLE,NOT DIVIDED,,STRAIGHT AND LEVEL,DRY,NO DEFECTS,NOT ON SCENE (DESK REPORT),NO INJURY / DRIVE AWAY,,,Y,"OVER $1,500",08/09/2025 04:00:00 PM,IMPROPER TURNING/NO SIGNAL,UNABLE TO DETERMINE,1958,N,CENTRAL PARK AVE,2535,,,,,,,2,NO INDICATION OF INJURY,0,0,0,0,0,3,0,15,7,8,41.9172560654,-87.7169182361,POINT (-87.716918236083 41.917256065421)
32ec10657d7b6242933473206a8631bbb755546f6f327ffb5efbc9545dba4f340da0800bb802d46e04913734e243ae31df40443c22adfd967613f640a99c799e,,08/09/2025 03:44:00 PM,30,NO CONTROLS,NO CONTROLS,CLEAR,DAYLIGHT,REAR TO FRONT,ALLEY,,STRAIGHT AND LEVEL,DRY,NO DEFECTS,ON SCENE,NO INJURY / DRIVE AWAY,,,Y,"OVER $1,500",08/09/2025 04:03:00 PM,IMPROPER BACKING,NOT APPLICABLE,1801,N,AUSTIN AVE,2531,,,,,,,2,NO INDICATION OF INJURY,0,0,0,0,0,2,0,15,7,8,41.9129734198,-87.7751992125,POINT (-87.775199212468 41.912973419791)
72c1ab020089202be4f52938c22509bba651530fbefc9d835dca3d91f1ee9c8b6048cdc33b004fbc33a949e8e5fb38424afcf69f10a47d36221bb11b1514c12e,,08/09/2025 03:40:00 PM,25,STOP SIGN/FLASHER,FUNCTIONING PROPERLY,CLEAR,DAYLIGHT,ANGLE,NOT DIVIDED,,STRAIGHT AND LEVEL,DRY,UNKNOWN,NOT ON SCENE (DESK REPORT),NO INJURY / DRIVE AWAY,,,,"OVER $1,500",08/09/2025 04:20:00 PM,UNABLE TO DETERMINE,NOT APPLICABLE,3001,S,ST LOUIS AVE,1032,,,,,,,2,NO INDICATION OF INJURY,0,0,0,0,0,2,0,15,7,8,41.8388405679,-87.7120507159,POINT (-87.712050715896 41.838840567871)
f5d4a142b840ff6cdc6a9c9e6a24bd5b6e6254048030312d1ae14046e652cd710f793299361aafe3a44bc44e586be54c228570077d19dde0df3d63d4e5c59bf9,,08/09/2025 03:40:00 PM,30,TRAFFIC SIGNAL,FUNCTIONING PROPERLY,CLEAR,DAYLIGHT,SIDESWIPE SAME DIRECTION,DIVIDED - W/MEDIAN (NOT RAISED),,STRAIGHT AND LEVEL,DRY,NO DEFECTS,NOT ON SCENE (DESK REPORT),NO INJURY / DRIVE AWAY,Y,,,"OVER $1,500",08/09/2025 03:50:00 PM,FAILING TO YIELD RIGHT-OF-WAY,UNABLE TO DETERMINE,8300,S,ASHLAND AVE,614,,,,,,,2,NO INDICATION OF INJURY,0,0,0,0,0,3,0,15,7,8,41.7429840898,-87.6633965553,POINT (-87.663396555268 41.742984089771)
32591da71520ccf5bd6efc11b24ded678e55a3613f45e7a26d01d810ad26b9be621c9d18b6c6ad79056ddfc485426face11c69324dbab692f919add2d68bc00e,,08/09/2025 03:35:00 PM,30,STOP SIGN/FLASHER,FUNCTIONING PROPERLY,CLEAR,DAYLIGHT,ANGLE,NOT DIVIDED,,STRAIGHT AND LEVEL,DRY,NO DEFECTS,ON SCENE,INJURY AND / OR TOW DUE TO CRASH,Y,,Y,"OVER $1,500",08/09/2025 03:36:00 PM,UNABLE TO DETERMINE,UNABLE TO DETERMINE,1500,S,ASHLAND AVE,1233,,,,,,,2,NO INDICATION OF INJURY,0,0,0,0,0,3,0,15,7,8,41.8614178574,-87.6663882562,POINT (-87.666388256198 41.861417857387)
7fc9fba4a23b9ba211626d9cb6619962f3b29c004615711f719c2e33477a98e05ddff27743c2f6e3abb1acba35ac62344c44284c90dcefb86105fa3188f3ecbd,,08/09/2025 03:32:00 PM,30,STOP SIGN/FLASHER,FUNCTIONING PROPERLY,CLEAR,DAYLIGHT,TURNING,NOT DIVIDED,,STRAIGHT AND LEVEL,DRY,NO DEFECTS,,NO INJURY / DRIVE AWAY,,,Y,"OVER $1,500",08/09/2025 03:32:00 PM,FAILING TO YIELD RIGHT-OF-WAY,NOT APPLICABLE,4800,N,DRAKE AVE,1712,,,,,,,2,NO INDICATION OF INJURY,0,0,0,0,0,2,0,15,7,8,41.9684523273,-87.7171821596,POINT (-87.717182159581 41.968452327314)
4d9d2e6b449756b6979bf3ce9fca416a2afcb9aac6c17e36c085b23e7751354121585191e7320045dd9e0ef0947f0803a8808eee9550db6744c2dcc72524e176,,08/09/2025 03:30:00 PM,30,TRAFFIC SIGNAL,UNKNOWN,CLEAR,DAYLIGHT,REAR END,DIVIDED - W/MEDIAN BARRIER,,STRAIGHT AND LEVEL,DRY,NO DEFECTS,ON SCENE,NO INJURY / DRIVE AWAY,,,Y,"OVER $1,500",08/09/2025 03:31:00 PM,UNABLE TO DETERMINE,NOT APPLICABLE,999,N,MICHIGAN AVE,1833,,,,,,,2,NO INDICATION OF INJURY,0,0,0,0,0,2,0,15,7,8,41.9007588511,-87.6239842545,POINT (-87.623984254519 41.900758851116)
86fb3edc05108fc696ba10faebb42c69364c04c3216129b8ce0f9b425792dbb3655c31ea5ec9deb6bfd2ebd10a3e14226b14c9cefb273b3acea18886a8e9a2bb,,08/09/2025 03:30:00 PM,30,TRAFFIC SIGNAL,FUNCTIONING PROPERLY,CLEAR,DAYLIGHT,TURNING,FOUR WAY,,STRAIGHT AND LEVEL,DRY,NO DEFECTS,NOT ON SCENE (DESK REPORT),NO INJURY / DRIVE AWAY,Y,,,"OVER $1,500",08/10/2025 01:30:00 PM,FAILING TO YIELD RIGHT-OF-WAY,UNABLE TO DETERMINE,4398,W,LAKE ST,1114,,,,,,,2,NO INDICATION OF INJURY,0,0,0,0,0,3,0,15,7,8,41.8861280938,-87.7355133659,POINT (-87.735513365888 41.886128093818)
89fca66a3e3f93c837110c3060eba5e6e1cd488ca834cbe1f7e288f996394b8d2e13ef3a9e6a31802e9d03a21a5f72108f84cccdd55131342a01ee610ae1b26a,Y,08/09/2025 03:30:00 PM,30,TRAFFIC SIGNAL,FUNCTIONING PROPERLY,CLEAR,DAYLIGHT,TURNING,T-INTERSECTION,,STRAIGHT AND LEVEL,DRY,UNKNOWN,NOT ON SCENE (DESK REPORT),NO INJURY / DRIVE AWAY,,,,"OVER $1,500",08/09/2025 03:40:00 PM,DISREGARDING TRAFFIC SIGNALS,NOT APPLICABLE,3400,W,ADDISON ST,1732,,,,,,,2,NO INDICATION OF INJURY,0,0,0,0,0,2,0,15,7,8,41.9466752452,-87.7127785774,POINT (-87.712778577395 41.946675245157)
9d011db39e98587f4c9ae19282b992635a658c39e865cd835e43d25fd82538a880a1c2746978f103802b74fc466da5e598bc8ef5202c3510ad76f2142c58dcc4,,08/09/2025 03:30:00 PM,15,NO CONTROLS,NO CONTROLS,UNKNOWN,UNKNOWN,ANGLE,PARKING LOT,,STRAIGHT AND LEVEL,UNKNOWN,UNKNOWN,NOT ON SCENE (DESK REPORT),NO INJURY / DRIVE AWAY,,Y,,"$501 - $1,500",08/15/2025 07:00:00 PM,UNABLE TO DETERMINE,NOT APPLICABLE,6057,N,LINCOLN AVE,1711,,,,,,,2,NO INDICATION OF INJURY,0,0,0,0,0,2,0,15,7,8,41.9918656495,-87.7095450826,POINT (-87.709545082613 41.991865649518)
a23d3914ab5735acb6ef2e6dc82a94c2e7a483cfbc78eca680cfd7d45caf7087eb0594d315708839180f575f1b1742e8b2e144a6c9b52760e74b51497265d512,Y,08/09/2025 03:30:00 PM,30,NO CONTROLS,NO CONTROLS,CLEAR,DAYLIGHT,TURNING,NOT DIVIDED,,STRAIGHT AND LEVEL,UNKNOWN,UNKNOWN,,NO INJURY / DRIVE AWAY,,,,"OVER $1,500",08/09/2025 05:15:00 PM,FAILING TO YIELD RIGHT-OF-WAY,NOT APPLICABLE,268,E,CHICAGO AVE,1833,,,,,,,2,NO INDICATION OF INJURY,0,0,0,0,0,2,0,15,7,8,41.8968934133,-87.6204466528,POINT (-87.620446652757 41.896893413326)
f643ef763650b640ff497984e95d4bef23afd8529b5f28863b34e74501eb23b8d08c9db2187faf16f9eb335413e53b2de539a2e49b3b5737de42bd52e7a0d638,,08/09/2025 03:30:00 PM,15,NO CONTROLS,NO CONTROLS,UNKNOWN,UNKNOWN,REAR END,PARKING LOT,,STRAIGHT AND LEVEL,UNKNOWN,UNKNOWN,NOT ON SCENE (DESK REPORT),NO INJURY / DRIVE AWAY,,Y,,"OVER $1,500",08/11/2025 05:14:00 PM,UNABLE TO DETERMINE,UNABLE TO DETERMINE,8810,S,STONY ISLAND AVE,412,,,,,,,2,NO INDICATION OF INJURY,0,0,0,0,0,2,0,15,7,8,41.7347194927,-87.5857450346,POINT (-87.585745034611 41.734719492693)
60db87dd055d07a9c58b75abb48ec0db54510c21d9405b625fe9d3b866b9b59f6e9cbb706b2f1734ff1464ee074f4ae8c906efd8d661948512a5ae86b612a654,,08/09/2025 03:25:00 PM,35,STOP SIGN/FLASHER,FUNCTIONING PROPERLY,CLEAR,DAYLIGHT,ANGLE,FOUR WAY,,STRAIGHT AND LEVEL,DRY,NO DEFECTS,ON SCENE,INJURY AND / OR TOW DUE TO CRASH,Y,,,"OVER $1,500",08/09/2025 03:25:00 PM,FAILING TO YIELD RIGHT-OF-WAY,FAILING TO YIELD RIGHT-OF-WAY,5800,S,INDIANA AVE,232,,,,,,,2,NO INDICATION OF INJURY,0,0,0,0,0,5,0,15,7,8,41.7891755958,-87.6208490585,POINT (-87.620849058528 41.789175595836)
24d5fd2c9e459bd05dbb7f73592ed58f483f50e5d5b6f01fae291b77e79662529ca00348a73050efb0498116d78bab27942b11e164224aa3fd920f8af138503b,,08/09/2025 03:23:00 PM,30,TRAFFIC SIGNAL,FUNCTIONING PROPERLY,CLEAR,DAYLIGHT,ANGLE,DIVIDED - W/MEDIAN (NOT RAISED),,STRAIGHT AND LEVEL,DRY,NO DEFECTS,NOT ON SCENE (DESK REPORT),NO INJURY / DRIVE AWAY,Y,,,"OVER $1,500",08/09/2025 04:40:00 PM,UNABLE TO DETERMINE,NOT APPLICABLE,5452,S,HALSTED ST,934,,,,,,,2,NO INDICATION OF INJURY,0,0,0,0,0,3,0,15,7,8,41.7945591033,-87.6453134277,POINT (-87.645313427659 41.794559103299)
a1ffa83988247fcb52befa64498620a4a55981b5f049ecebc4e12f8e7c1bc877dcf94590c0e89401febe76735419a11938bd111710058a6e940e6f90ee385aa0,,08/09/2025 03:22:00 PM,30,TRAFFIC SIGNAL,FUNCTIONING PROPERLY,CLEAR,DAYLIGHT,REAR END,NOT DIVIDED,,STRAIGHT AND LEVEL,DRY,NO DEFECTS,ON SCENE,INJURY AND / OR TOW DUE TO CRASH,,,,"OVER $1,500",08/09/2025 03:40:00 PM,DRIVING SKILLS/KNOWLEDGE/EXPERIENCE,UNABLE TO DETERMINE,758,N,HAMLIN AVE,1112,,,,,,,2,"REPORTED, NOT EVIDENT",2,0,0,0,2,1,0,15,7,8,41.8953178517,-87.7213346914,POINT (-87.721334691396 41.895317851704)
b3ea35edda278e1d79aab6fac1581f284130de1a82d738b057b18ddad98b11c369f0bd4c02d91df1eda276baaf1dc627c0e0ba2acc73837c3f7463d9ba254d40,,08/09/2025 03:22:00 PM,20,NO CONTROLS,NO CONTROLS,CLEAR,DAYLIGHT,REAR END,ONE-WAY,,STRAIGHT AND LEVEL,DRY,NO DEFECTS,NOT ON SCENE (DESK REPORT),NO INJURY / DRIVE AWAY,,,Y,"OVER $1,500",08/09/2025 04:20:00 PM,UNABLE TO DETERMINE,UNABLE TO DETERMINE,949,N,KEYSTONE AVE,1111,,,,,,,2,NO INDICATION OF INJURY,0,0,0,0,0,2,0,15,7,8,41.898630091,-87.7272638389,POINT (-87.727263838933 41.898630091029)
3aeb0301701abfab087a2ee79e815e194b914ba56448df559474e82df325bcbf7f61db66812efe717a36b8cf5de10db8b5c9f4aa0597b8ad15950c7948893a56,,08/09/2025 03:21:00 PM,10,NO CONTROLS,NO CONTROLS,CLEAR,DAYLIGHT,REAR END,PARKING LOT,,STRAIGHT AND LEVEL,DRY,NO DEFECTS,ON SCENE,INJURY AND / OR TOW DUE TO CRASH,,,,$500 OR LESS,08/09/2025 03:53:00 PM,UNABLE TO DETERMINE,NOT APPLICABLE,5705,W,NORTH AVE,2531,,,,,,,2,"REPORTED, NOT EVIDENT",2,0,0,0,2,3,0,15,7,8,41.9092306114,-87.7685387972,POINT (-87.76853879723 41.909230611374)
565469562d391fba38f76432bd1a699c1a43a865e2d1341dd41d3cf3a5acfff7c4c8e45aa97eddd2aa9e9726191a8b635d2b477ae31acb3333e7e2a067d29b70,Y,08/09/2025 03:20:00 PM,30,NO CONTROLS,NO CONTROLS,CLEAR,DAYLIGHT,REAR END,DIVIDED - W/MEDIAN (NOT RAISED),,STRAIGHT AND LEVEL,DRY,NO DEFECTS,ON SCENE,NO INJURY / DRIVE AWAY,,,,"OVER $1,500",08/09/2025 03:21:00 PM,FAILING TO REDUCE SPEED TO AVOID CRASH,FAILING TO REDUCE SPEED TO AVOID CRASH,442,W,79TH ST,621,,,,,,,2,NO INDICATION OF INJURY,0,0,0,0,0,2,0,15,7,8,41.7508671173,-87.6360000104,POINT (-87.636000010442 41.750867117349)
227e55ef51cc1b2f1bcce997fd76066c4dd15108865c5bcef9c7a7c29b8fc6d5f1e41f7fd3d2d56d65b7f46b8f8c6fbeab2e883a4009f6aff6c2ddcaf0cc8a63,,08/09/2025 03:15:00 PM,30,TRAFFIC SIGNAL,FUNCTIONING PROPERLY,CLEAR,DAYLIGHT,SIDESWIPE SAME DIRECTION,NOT DIVIDED,,STRAIGHT AND LEVEL,DRY,NO DEFECTS,NOT ON SCENE (DESK REPORT),NO INJURY / DRIVE AWAY,,,Y,"OVER $1,500",08/09/2025 09:00:00 PM,UNABLE TO DETERMINE,NOT APPLICABLE,824,W,GRAND AVE,1214,,,,,,,2,NO INDICATION OF INJURY,0,0,0,0,0,2,0,15,7,8,41.8912795719,-87.6487336238,POINT (-87.64873362379 41.8912795719)
2e04357ac790d0f70580dafe6b784c6a58d3cf5c4d4e90d81f4a1e165c17652f9aee1411dece4c62eced6124c91819cd08e10c1388bfa2efb1c305faaee6152f,,08/09/2025 03:15:00 PM,30,TRAFFIC SIGNAL,FUNCTIONING PROPERLY,CLEAR,DAYLIGHT,PEDESTRIAN,ONE-WAY,,STRAIGHT AND LEVEL,DRY,NO DEFECTS,ON SCENE,NO INJURY / DRIVE AWAY,,,,"$501 - $1,500",08/09/2025 03:46:00 PM,FAILING TO YIELD RIGHT-OF-WAY,FAILING TO YIELD RIGHT-OF-WAY,525,E,ILLINOIS ST,1834,,,,,,,2,NO INDICATION OF INJURY,0,0,0,0,0,2,0,15,7,8,41.8909938691,-87.614049826,POINT (-87.614049826041 41.890993869127)