CRASH_RECORD_ID,CRASH_DATE_EST_I,CRASH_DATE,POSTED_SPEED_LIMIT,TRAFFIC_CONTROL_DEVICE,DEVICE_CONDITION,WEATHER_CONDITION,LIGHTING_CONDITION,FIRST_CRASH_TYPE,TRAFFICWAY_TYPE,LANE_CNT,ALIGNMENT,ROADWAY_SURFACE_COND,ROAD_DEFECT,REPORT_TYPE,CRASH_TYPE,INTERSECTION_RELATED_I,NOT_RIGHT_OF_WAY_I,HIT_AND_RUN_I,DAMAGE,DATE_POLICE_NOTIFIED,PRIM_CONTRIBUTORY_CAUSE,SEC_CONTRIBUTORY_CAUSE,STREET_NO,STREET_DIRECTION,STREET_NAME,BEAT_OF_OCCURRENCE,PHOTOS_TAKEN_I,STATEMENTS_TAKEN_I,DOORING_I,WORK_ZONE_I,WORK_ZONE_TYPE,WORKERS_PRESENT_I,NUM_UNITS,MOST_SEVERE_INJURY,INJURIES_TOTAL,INJURIES_FATAL,INJURIES_INCAPACITATING,INJURIES_NON_INCAPACITATING,INJURIES_REPORTED_NOT_EVIDENT,INJURIES_NO_INDICATION,INJURIES_UNKNOWN,CRASH_HOUR,CRASH_DAY_OF_WEEK,CRASH_MONTH,LATITUDE,LONGITUDE,LOCATION
a76bfbfea39976c4ed1de8e18048df087277724f3d60503e4c8bba6882b09d4b27b8e1084ad5204ff5f255a118d82b3bc06f809d38b0d8eec812c1ee210081d1,,08/09/2025 03:14:00 PM,30,NO CONTROLS,NO CONTROLS,CLEAR,DAYLIGHT,SIDESWIPE SAME DIRECTION,DIVIDED - W/MEDIAN (NOT RAISED),,STRAIGHT AND LEVEL,DRY,NO DEFECTS,NOT ON SCENE (DESK REPORT),NO INJURY / DRIVE AWAY,,,Y,"OVER $1,500",08/10/2025 12:15:00 PM,UNABLE TO DETERMINE,NOT APPLICABLE,1005,N,LAKE SHORE DR,1824,,,,,,,2,NO INDICATION OF INJURY,0,0,0,0,0,2,0,15,7,8,41.9010522517,-87.6240752587,POINT (-87.624075258678 41.901052251717)
63c6b54ab00cc32e09c0fc738ebc097037dcfc365bcbc9d9b9848d7b395f6266dac0c60380f6e66236cafbe25773febbc3d6a83e90ac94c21d845d1deeea9c29,,08/09/2025 03:11:00 PM,15,NO CONTROLS,NO CONTROLS,CLEAR,DAYLIGHT,PARKED MOTOR VEHICLE,OTHER,,STRAIGHT AND LEVEL,DRY,NO DEFECTS,ON SCENE,NO INJURY / DRIVE AWAY,,,,"$501 - $1,500",08/09/2025 03:13:00 PM,FAILING TO REDUCE SPEED TO AVOID CRASH,NOT APPLICABLE,4641,N,SIMONDS DR,1914,,,,,,,2,NO INDICATION OF INJURY,0,0,0,0,0,1,0,15,7,8,41.967502221,-87.6437416911,POINT (-87.643741691065 41.967502220958)
1e2d69075b53f07075198968a354a1ac159588f4b35126975e04b636780df099c6cc8c5cfb2178f3aae6f6eb022cd7aa67565594d86a8c0365638b0b899bd675,,08/09/2025 03:10:00 PM,30,NO CONTROLS,NO CONTROLS,CLEAR,DAYLIGHT,REAR END,NOT DIVIDED,,STRAIGHT AND LEVEL,UNKNOWN,UNKNOWN,NOT ON SCENE (DESK REPORT),NO INJURY / DRIVE AWAY,,,,$500 OR LESS,08/10/2025 03:20:00 AM,UNABLE TO DETERMINE,NOT APPLICABLE,1429,W,44TH ST,924,,,,,,,2,NO INDICATION OF INJURY,0,0,0,0,0,2,0,15,7,8,41.8140125449,-87.6614351317,POINT (-87.661435131655 41.814012544907)
cf731b8db1766b8116daaf42b3bf8c5815dc2e9ec9ee4d53a02a3b54caabd27fbdd731dc9dc24109aa11a15e08500e1e4294be5dc216073a08822ae729bdd26e,N,08/09/2025 03:10:00 PM,30,TRAFFIC SIGNAL,FUNCTIONING PROPERLY,CLEAR,DAYLIGHT,OTHER OBJECT,NOT DIVIDED,,STRAIGHT AND LEVEL,DRY,NO DEFECTS,ON SCENE,NO INJURY / DRIVE AWAY,Y,,Y,"OVER $1,500",08/09/2025 03:11:00 PM,IMPROPER TURNING/NO SIGNAL,FAILING TO REDUCE SPEED TO AVOID CRASH,5329,W,LAWRENCE AVE,1623,,,,,,,1,NO INDICATION OF INJURY,0,0,0,0,0,1,0,15,7,8,41.9677650446,-87.7606977613,POINT (-87.760697761296 41.967765044573)
0dace82fd02166d6acea200b776a6809a2f3e47a9245836a8a97f7f592d8ae01213335c8dab775147f875529a6ac7636b80d23d0989ed2872a2eb599d3f9dd46,,08/09/2025 03:05:00 PM,30,TRAFFIC SIGNAL,FUNCTIONING PROPERLY,CLEAR,DAYLIGHT,SIDESWIPE SAME DIRECTION,NOT DIVIDED,,STRAIGHT AND LEVEL,DRY,NO DEFECTS,ON SCENE,NO INJURY / DRIVE AWAY,Y,,Y,"OVER $1,500",08/09/2025 03:05:00 PM,IMPROPER OVERTAKING/PASSING,FAILING TO YIELD RIGHT-OF-WAY,1404,W,71ST PL,734,,,,,,,2,NO INDICATION OF INJURY,0,0,0,0,0,3,0,15,7,8,41.7641792937,-87.6591864984,POINT (-87.659186498397 41.764179293654)
b861aaf35bd81bf844b24c102a5bcb0f0e3c3971a200b1f367891610abeff0b828694437bd057e6c4624d27d8055e7d8704104ad93202b637db32d8e2f58bed8,,08/09/2025 03:05:00 PM,30,TRAFFIC SIGNAL,FUNCTIONING PROPERLY,CLEAR,DAYLIGHT,TURNING,T-INTERSECTION,,STRAIGHT AND LEVEL,DRY,NO DEFECTS,ON SCENE,NO INJURY / DRIVE AWAY,Y,,,"OVER $1,500",08/09/2025 03:10:00 PM,IMPROPER TURNING/NO SIGNAL,UNABLE TO DETERMINE,3100,W,PETERSON AVE,2413,,,,,,,2,NO INDICATION OF INJURY,0,0,0,0,0,2,0,15,7,8,41.9905081606,-87.7067186782,POINT (-87.706718678176 41.9905081606)
72421e8a6deab80895f7fd293e4c60688c88d1c0f242404222414f8f422238fd39088d0fd955d536c4c18e96e707c75c7d460d2ce74547b5274755a708700acb,,08/09/2025 03:03:00 PM,35,STOP SIGN/FLASHER,FUNCTIONING PROPERLY,CLEAR,DAYLIGHT,SIDESWIPE SAME DIRECTION,NOT DIVIDED,,STRAIGHT AND LEVEL,DRY,NO DEFECTS,,NO INJURY / DRIVE AWAY,,,,"OVER $1,500",08/09/2025 04:11:00 PM,UNABLE TO DETERMINE,UNABLE TO DETERMINE,4820,S,CALUMET AVE,224,,,,,,,2,NO INDICATION OF INJURY,0,0,0,0,0,2,0,15,7,8,41.8068800833,-87.6182374651,POINT (-87.618237465079 41.806880083344)
28d54a04bf462dd53354ff9976c0fddbc54273868aab48f33c9889144930681759fb30ee67363592454982ee3f574bb2ad124ab1962871470f459fc4e436dd83,,08/09/2025 03:00:00 PM,30,NO CONTROLS,NO CONTROLS,CLEAR,DAYLIGHT,PARKED MOTOR VEHICLE,DIVIDED - W/MEDIAN (NOT RAISED),,STRAIGHT AND LEVEL,DRY,NO DEFECTS,NOT ON SCENE (DESK REPORT),NO INJURY / DRIVE AWAY,,,Y,"OVER $1,500",08/10/2025 02:15:00 PM,UNABLE TO DETERMINE,UNABLE TO DETERMINE,2250,W,DEVON AVE,2412,,,,,,,2,NO INDICATION OF INJURY,0,0,0,0,0,2,0,15,7,8,41.9978909314,-87.6869506002,POINT (-87.686950600182 41.997890931358)
89e5d4390d9db1bb8635f51f6409046b67000af59d977552d58e039a7e327454bd13466ab46a51b2163404899fb5df87ec0be55e8debec9aae0603aa1db988b1,,08/09/2025 03:00:00 PM,30,NO CONTROLS,NO CONTROLS,CLEAR,DAYLIGHT,SIDESWIPE SAME DIRECTION,NOT DIVIDED,,STRAIGHT AND LEVEL,UNKNOWN,UNKNOWN,,INJURY AND / OR TOW DUE TO CRASH,,,,"OVER $1,500",08/09/2025 05:00:00 PM,FAILING TO YIELD RIGHT-OF-WAY,UNABLE TO DETERMINE,6100,S,EVANS AVE,313,,,,,,,2,"REPORTED, NOT EVIDENT",1,0,0,0,1,2,0,15,7,8,41.783940297,-87.6074102018,POINT (-87.607410201814 41.783940297003)
bc1670fa03a7b8bc354f80d8824d52569b36efa1e4e0fcc1febef41de7d2412a043542b4fef7f4b8b9e4c100e4115869f481ccafca6d936ffc43b4d46510cba4,,08/09/2025 03:00:00 PM,30,NO CONTROLS,NO CONTROLS,UNKNOWN,DAYLIGHT,REAR END,ONE-WAY,,STRAIGHT AND LEVEL,UNKNOWN,UNKNOWN,NOT ON SCENE (DESK REPORT),NO INJURY / DRIVE AWAY,,,Y,"OVER $1,500",08/11/2025 06:16:00 PM,UNABLE TO DETERMINE,UNABLE TO DETERMINE,4600,S,INDIANA AVE,215,,,,,,,2,NO INDICATION OF INJURY,0,0,0,0,0,2,0,15,7,8,41.8110320839,-87.6214046233,POINT (-87.62140462327 41.811032083875)
cb689cf592269d0e381deae425b063457090ab92beba7211b97610fdc0541c256874ab830d62cd4b447e05298598130384047e2c668c6c968af74dceaa995d82,,08/09/2025 03:00:00 PM,30,UNKNOWN,UNKNOWN,UNKNOWN,UNKNOWN,REAR END,UNKNOWN,,STRAIGHT AND LEVEL,UNKNOWN,UNKNOWN,,NO INJURY / DRIVE AWAY,,,,"OVER $1,500",08/09/2025 04:45:00 PM,UNABLE TO DETERMINE,UNABLE TO DETERMINE,4700,S,KEDVALE AVE,815,,,,,,,2,NO INDICATION OF INJURY,0,0,0,0,0,2,0,15,7,8,41.8077314235,-87.7273994436,POINT (-87.727399443553 41.807731423513)
cec0f524ffdbd00cc39df2aec8ad691493a8c300acb7fba4772e942bab0fb8ac05133f9f13c64e472ce7034ed7c597b7875ffa833e66441127565f9ff0e746a6,,08/09/2025 03:00:00 PM,30,TRAFFIC SIGNAL,FUNCTIONING PROPERLY,CLEAR,DAYLIGHT,SIDESWIPE SAME DIRECTION,NOT DIVIDED,,STRAIGHT AND LEVEL,DRY,NO DEFECTS,NOT ON SCENE (DESK REPORT),NO INJURY / DRIVE AWAY,,,,"OVER $1,500",08/09/2025 04:00:00 PM,IMPROPER OVERTAKING/PASSING,IMPROPER OVERTAKING/PASSING,8300,S,COTTAGE GROVE AVE,632,,,,,,,2,NO INDICATION OF INJURY,0,0,0,0,0,2,0,15,7,8,41.743873821,-87.6051761606,POINT (-87.605176160557 41.743873821012)
2fd6933bf59da010e76c48ea2292b05fe20c03fc9cbc73829e19270a78f74da8030c9686905f788e914bc64294c1bd3eed876fc400b1b04149a325f0175346b7,,08/09/2025 02:51:00 PM,30,STOP SIGN/FLASHER,FUNCTIONING PROPERLY,CLEAR,DAYLIGHT,TURNING,DIVIDED - W/MEDIAN (NOT RAISED),,STRAIGHT AND LEVEL,DRY,NO DEFECTS,NOT ON SCENE (DESK REPORT),NO INJURY / DRIVE AWAY,,,,"OVER $1,500",08/09/2025 05:00:00 PM,IMPROPER TURNING/NO SIGNAL,NOT APPLICABLE,4001,E,112TH ST,433,,,,,,,2,NO INDICATION OF INJURY,0,0,0,0,0,2,0,14,7,8,41.6917044857,-87.5269847039,POINT (-87.526984703862 41.69170448571)
aa192da8ffdbe8ad4b8e297a78d91c7b5b8dfd249707b697fbe6aca8a7a20d70eee868778dc064c3ee60ce2c334991af51fc071cd1b04fee00c5fe0d1ea6d2ae,,08/09/2025 02:50:00 PM,15,NO CONTROLS,NO CONTROLS,CLEAR,DAYLIGHT,PARKED MOTOR VEHICLE,NOT DIVIDED,,STRAIGHT AND LEVEL,DRY,NO DEFECTS,NOT ON SCENE (DESK REPORT),NO INJURY / DRIVE AWAY,,,Y,$500 OR LESS,08/09/2025 03:00:00 PM,"OPERATING VEHICLE IN ERRATIC, RECKLESS, CARELESS, NEGLIGENT OR AGGRESSIVE MANNER",UNABLE TO DETERMINE,4400,W,IRVING PARK RD,1722,,,,,,,2,NO INDICATION OF INJURY,0,0,0,0,0,2,0,14,7,8,41.9536379431,-87.7381286845,POINT (-87.738128684531 41.953637943136)
d770bd58485a875099e1b7e186a0094a8ffd50f089bb911d31fc72b8a1402e49a3e248354e3e8ed04b9fffd8e28a7ae7239b8c7701e8628ad96af2f9e0ad2ed4,,08/09/2025 02:50:00 PM,30,NO CONTROLS,NO CONTROLS,CLEAR,DAYLIGHT,SIDESWIPE SAME DIRECTION,ONE-WAY,,STRAIGHT AND LEVEL,DRY,NO DEFECTS,NOT ON SCENE (DESK REPORT),NO INJURY / DRIVE AWAY,,,,"OVER $1,500",08/11/2025 07:30:00 PM,IMPROPER LANE USAGE,NOT APPLICABLE,3624,S,INDIANA AVE,212,,,,,,,2,NO INDICATION OF INJURY,0,0,0,0,0,3,0,14,7,8,41.828865855,-87.6218621504,POINT (-87.621862150362 41.828865855037)
da0733a9c03be042e75a78815432f5af0c2202774d799259d9ceecd254aebfa86f0a20f7b4b4ec41ee0fc508ff7c4a193f436e6234e97594e540ab59f425c534,,08/09/2025 02:50:00 PM,25,NO CONTROLS,NO CONTROLS,CLEAR,DAYLIGHT,PARKED MOTOR VEHICLE,OTHER,,STRAIGHT AND LEVEL,DRY,NO DEFECTS,ON SCENE,INJURY AND / OR TOW DUE TO CRASH,Y,,N,"OVER $1,500",08/09/2025 03:25:00 PM,UNABLE TO DETERMINE,NOT APPLICABLE,4900,S,MICHIGAN AVE,224,,,,,,,3,NO INDICATION OF INJURY,0,0,0,0,0,1,0,14,7,8,41.8055521718,-87.622887298,POINT (-87.622887297982 41.805552171805)
86d6bce672e31b409a6efa3d5a6466ba1276e8e3ad51b07c57e9e83f78850c5a54ed33a4f713ecd846917704d8866b0a6c7ba245aa029c375deb68fcfff93ca4,,08/09/2025 02:49:00 PM,30,NO CONTROLS,NO CONTROLS,CLEAR,DAYLIGHT,HEAD ON,NOT DIVIDED,,STRAIGHT AND LEVEL,DRY,UNKNOWN,ON SCENE,NO INJURY / DRIVE AWAY,,,,"OVER $1,500",08/09/2025 02:49:00 PM,PHYSICAL CONDITION OF DRIVER,PHYSICAL CONDITION OF DRIVER,1680,W,62ND ST,714,,,,,,,2,NO INDICATION OF INJURY,0,0,0,0,0,3,0,14,7,8,41.7813705234,-87.6666295708,POINT (-87.666629570777 41.781370523416)
2bbb980ac831827ded5a8541fc608389755c8bfa8e09019066b7a0a1d0e7cd919d46948c54d5f4b211d924b60c95a09794aa0a7a28712595795ea0ae71cde0d3,,08/09/2025 02:45:00 PM,30,TRAFFIC SIGNAL,FUNCTIONING PROPERLY,CLEAR,DAYLIGHT,REAR END,NOT DIVIDED,,STRAIGHT AND LEVEL,DRY,NO DEFECTS,NOT ON SCENE (DESK REPORT),NO INJURY / DRIVE AWAY,Y,,,"OVER $1,500",08/10/2025 12:30:00 PM,FOLLOWING TOO CLOSELY,NOT APPLICABLE,9300,S,STONY ISLAND AVE,413,,,,,,,4,NO INDICATION OF INJURY,0,0,0,0,0,4,0,14,7,8,41.7258881,-87.5855587858,POINT (-87.585558785787 41.725888099989)
4ff8fc5c2006e6ef96f06fedcf59ea2ec426fd59e0a0168a67f0dc73b43171e31f18caa660aeac247acceb60682cfd7e2a75d7440565831ce7e81101930a2cfd,,08/09/2025 02:45:00 PM,30,NO CONTROLS,NO CONTROLS,CLEAR,DAYLIGHT,REAR END,NOT DIVIDED,,STRAIGHT AND LEVEL,DRY,NO DEFECTS,ON SCENE,NO INJURY / DRIVE AWAY,,,Y,$500 OR LESS,08/09/2025 03:00:00 PM,FAILING TO REDUCE SPEED TO AVOID CRASH,NOT APPLICABLE,5432,W,55TH ST,814,,,,,,,2,NO INDICATION OF INJURY,0,0,0,0,0,2,0,14,7,8,41.7929021383,-87.7587032141,POINT (-87.75870321411 41.792902138261)
31ba89ba0b13f95a13ffd22b5b35a55f4f3f430894d1d4ff44f4771511ca56a24cef1b84ef6a2eb90b78d51783c9045e4392b662571282c8d55b9054310ef11f,,08/09/2025 02:38:00 PM,30,TRAFFIC SIGNAL,FUNCTIONING PROPERLY,CLEAR,DAYLIGHT,TURNING,FOUR WAY,,STRAIGHT AND LEVEL,DRY,NO DEFECTS,ON SCENE,NO INJURY / DRIVE AWAY,Y,,,"$501 - $1,500",08/09/2025 02:38:00 PM,IMPROPER TURNING/NO SIGNAL,FAILING TO REDUCE SPEED TO AVOID CRASH,526,E,ILLINOIS ST,1834,,,,,,,2,NO INDICATION OF INJURY,0,0,0,0,0,6,0,14,7,8,41.8912188779,-87.6139154963,POINT (-87.613915496298 41.891218877927)
340c72ade8038bece6a62084d6c48312a824672b28e558444982cc54a97c78a40d3e0574bb5693fa9ea0f81323e0cf26deb6015c806ff5ae3d97f8221e781fd2,,08/09/2025 02:37:00 PM,30,UNKNOWN,UNKNOWN,UNKNOWN,UNKNOWN,REAR END,NOT DIVIDED,,STRAIGHT AND LEVEL,UNKNOWN,UNKNOWN,NOT ON SCENE (DESK REPORT),INJURY AND / OR TOW DUE TO CRASH,,,Y,"OVER $1,500",08/09/2025 03:40:00 PM,UNABLE TO DETERMINE,NOT APPLICABLE,1500,S,HOMAN AVE,1021,,,,,,,2,"REPORTED, NOT EVIDENT",2,0,0,0,2,1,0,14,7,8,41.8607688343,-87.7105312468,POINT (-87.71053124677 41.860768834263)
4fc2b74adde63d59d8ca5fb31090d71bddeb30c5af28814d57932c92b5a040aec2e0355d57dc4f02a80500beab595097ffb1b27e5e72fba3ca4647018fc6f922,,08/09/2025 02:30:00 PM,30,TRAFFIC SIGNAL,FUNCTIONING PROPERLY,CLEAR,DAYLIGHT,REAR END,NOT DIVIDED,,STRAIGHT AND LEVEL,DRY,NO DEFECTS,NOT ON SCENE (DESK REPORT),NO INJURY / DRIVE AWAY,,,,"OVER $1,500",08/09/2025 05:00:00 PM,FAILING TO REDUCE SPEED TO AVOID CRASH,NOT APPLICABLE,1600,W,DIVERSEY PKWY,1931,,,,,,,2,NO INDICATION OF INJURY,0,0,0,0,0,2,0,14,7,8,41.9325125598,-87.668457304,POINT (-87.668457303952 41.932512559833)
5965d1ec6c248770545463d7f16c3a7dec93c7600cdb331f871c4c4adf4a950a7faba03f12f19722e865295c979c2d6748dc1f30639075a6cc54e3aeb36c5c5d,,08/09/2025 02:30:00 PM,30,NO CONTROLS,NO CONTROLS,CLEAR,DAYLIGHT,PARKED MOTOR VEHICLE,ONE-WAY,,STRAIGHT AND LEVEL,WET,SHOULDER DEFECT,ON SCENE,NO INJURY / DRIVE AWAY,,,,"OVER $1,500",08/09/2025 02:36:00 PM,UNABLE TO DETERMINE,NOT APPLICABLE,5,W,TERMINAL ST,1655,,,,,,,2,NO INDICATION OF INJURY,0,0,0,0,0,2,0,14,7,8,,,
753ba015b6b43ac678ec0779a62578a26cbaec3e01cd1f0b84837d87fb5ae30e33faadfaa13f4f46b8f7088e39e3fcf51f2513d551f97049e893778b9fc6c1b1,,08/09/2025 02:30:00 PM,30,TRAFFIC SIGNAL,FUNCTIONING PROPERLY,CLEAR,DAYLIGHT,TURNING,FOUR WAY,,STRAIGHT AND LEVEL,DRY,NO DEFECTS,NOT ON SCENE (DESK REPORT),NO INJURY / DRIVE AWAY,Y,,,"OVER $1,500",08/09/2025 05:27:00 PM,UNABLE TO DETERMINE,UNABLE TO DETERMINE,7600,S,DR MARTIN LUTHER KING JR DR,623,,,,,,,2,NO INDICATION OF INJURY,0,0,0,0,0,2,0,14,7,8,41.7564901494,-87.6152267936,POINT (-87.61522679361 41.756490149368)
764adc8d88b059c9ac845b893ede4da810394f641e423d4827449abb32ccaa0c57f03e18399e62a348a13194ad04cfc89212c2dd0ff5918a9710b34029573354,,08/09/2025 02:30:00 PM,30,NO CONTROLS,NO CONTROLS,CLEAR,DAYLIGHT,SIDESWIPE SAME DIRECTION,NOT DIVIDED,,STRAIGHT AND LEVEL,UNKNOWN,UNKNOWN,NOT ON SCENE (DESK REPORT),NO INJURY / DRIVE AWAY,,,,$500 OR LESS,08/09/2025 03:30:00 PM,FAILING TO YIELD RIGHT-OF-WAY,NOT APPLICABLE,2307,S,PRINCETON AVE,914,,,,,,,2,NO INDICATION OF INJURY,0,0,0,0,0,2,0,14,7,8,41.8506879015,-87.6346081864,POINT (-87.634608186409 41.850687901467)
8443b0608c0e196921dbfd6e67183803797411c68cd379088d2c2a0110957fa88a5494ada3c118d604fa435b3bad5faac0417bea35397a19e962a1f476587070,,08/09/2025 02:30:00 PM,30,TRAFFIC SIGNAL,FUNCTIONING PROPERLY,CLEAR,DAYLIGHT,REAR END,NOT DIVIDED,,STRAIGHT AND LEVEL,DRY,NO DEFECTS,ON SCENE,INJURY AND / OR TOW DUE TO CRASH,Y,,,"$501 - $1,500",08/09/2025 05:10:00 PM,NOT APPLICABLE,NOT APPLICABLE,4790,S,COTTAGE GROVE AVE,223,,,,,,,2,"REPORTED, NOT EVIDENT",1,0,0,0,1,1,0,14,7,8,41.8077594246,-87.6066737898,POINT (-87.606673789795 41.807759424616)
d58eb7515a2a964be5cdea9bca86d843a771c396bd8366b9ac120896294047e07926173f3b5bb1cbe537f3e9662dc0d3acf1871680d74bbfcf900c35aa8e117b,,08/09/2025 02:30:00 PM,30,UNKNOWN,UNKNOWN,CLEAR,DAYLIGHT,SIDESWIPE SAME DIRECTION,UNKNOWN,,STRAIGHT AND LEVEL,DRY,UNKNOWN,NOT ON SCENE (DESK REPORT),NO INJURY / DRIVE AWAY,,,,"OVER $1,500",08/09/2025 05:00:00 PM,UNABLE TO DETERMINE,UNABLE TO DETERMINE,5500,S,COTTAGE GROVE AVE,233,,,,,,,2,NO INDICATION OF INJURY,0,0,0,0,0,2,0,14,7,8,41.7948782216,-87.6063658143,POINT (-87.606365814304 41.794878221574)
9e64657f48a2b9621230ebdd43a44502f74183a958004232b3c95069aa9f6086faaadbc95284503f2e8cb9d623b757a9d18516debb0772b7a71cc6ddd3c7e2ff,,08/09/2025 02:28:00 PM,35,NO CONTROLS,NO CONTROLS,CLEAR,DAYLIGHT,PARKED MOTOR VEHICLE,NOT DIVIDED,,STRAIGHT AND LEVEL,DRY,NO DEFECTS,ON SCENE,INJURY AND / OR TOW DUE TO CRASH,,,,"OVER $1,500",08/09/2025 02:32:00 PM,DISREGARDING STOP SIGN,FAILING TO REDUCE SPEED TO AVOID CRASH,1506,N,MILWAUKEE AVE,1424,,,,,,,2,NONINCAPACITATING INJURY,3,0,0,3,0,3,0,14,7,8,41.9089602474,-87.6754763711,POINT (-87.675476371125 41.908960247383)
f7f4dc14fdb3cf34c4fb52da74730c18e4e9e4f07377f961c8e79f388f38f5e9f7028d3ed9a824b30ca7f911e4ddcba664a2740e0b9c2beeec57381e69b07802,Y,08/09/2025 02:24:00 PM,30,NO CONTROLS,NO CONTROLS,CLEAR,DAYLIGHT,TURNING,ALLEY,,STRAIGHT AND LEVEL,DRY,UNKNOWN,NOT ON SCENE (DESK REPORT),NO INJURY / DRIVE AWAY,,,,"$501 - $1,500",08/09/2025 03:30:00 PM,UNABLE TO DETERMINE,UNABLE TO DETERMINE,3044,S,KENNETH AVE,1031,,,,,,,2,NO INDICATION OF INJURY,0,0,0,0,0,3,0,14,7,8,41.8373372526,-87.7354432591,POINT (-87.735443259083 41.837337252589)
ac8101d96b94ca0010c9cf5f56fe74c00e32e48f030e37872d64bccff3572e1cf90bd08e16e2260389d7b67b0197057393567a1a2b92f6ae798eca9fb2c36e4b,,08/09/2025 02:23:00 PM,30,TRAFFIC SIGNAL,FUNCTIONING PROPERLY,CLEAR,DAYLIGHT,SIDESWIPE SAME DIRECTION,ONE-WAY,,STRAIGHT AND LEVEL,DRY,NO DEFECTS,NOT ON SCENE (DESK REPORT),NO INJURY / DRIVE AWAY,,,,"OVER $1,500",08/10/2025 07:00:00 AM,UNABLE TO DETERMINE,NOT APPLICABLE,5101,S,MICHIGAN AVE,231,,,,,,,2,NO INDICATION OF INJURY,0,0,0,0,0,2,0,14,7,8,41.8019009725,-87.6224999873,POINT (-87.622499987341 41.801900972456)
71b02b874f2d5eab65131ed8e662dfd7cadfb8535e3683b2264059f78d58b2bf5606a615a9ffcc7a051a4c67c4b9464223bc36bff7015270f9081f07b866a573,,08/09/2025 02:22:00 PM,35,NO CONTROLS,NO CONTROLS,CLEAR,DAYLIGHT,TURNING,DIVIDED - W/MEDIAN (NOT RAISED),,STRAIGHT AND LEVEL,DRY,NO DEFECTS,NOT ON SCENE (DESK REPORT),NO INJURY / DRIVE AWAY,,,,"OVER $1,500",08/09/2025 02:44:00 PM,FAILING TO YIELD RIGHT-OF-WAY,NOT APPLICABLE,3557,N,PULASKI RD,1732,,,,,,,2,NO INDICATION OF INJURY,0,0,0,0,0,3,0,14,7,8,41.9462756887,-87.7272509481,POINT (-87.727250948097 41.946275688714)
cbae2eafbe2ab25f1667df8f0349240f07f0afa28fd64ba0846ba514d48d43f83a73d1d1ddd5402e7fbd040fcfb7b82c2b41e05f750fb553fdf0b53740fecc4c,,08/09/2025 02:20:00 PM,30,STOP SIGN/FLASHER,FUNCTIONING PROPERLY,CLEAR,DAYLIGHT,ANGLE,NOT DIVIDED,,STRAIGHT AND LEVEL,DRY,NO DEFECTS,ON SCENE,NO INJURY / DRIVE AWAY,Y,,,"OVER $1,500",08/09/2025 02:24:00 PM,FAILING TO YIELD RIGHT-OF-WAY,UNABLE TO DETERMINE,4124,W,47TH ST,815,,,,,,,2,NO INDICATION OF INJURY,0,0,0,0,0,2,0,14,7,8,41.8079363184,-87.7271970583,POINT (-87.727197058302 41.807936318412)
990182eee230d5a498d3e869beab6bf8ef4d61a94e7ed066587ccb76ab00b899b95930110134d4795a1bb83b511fca54faf84c0c1c99d07e3822b77d7e89cea1,,08/09/2025 02:06:00 PM,30,NO CONTROLS,NO CONTROLS,CLEAR,DAYLIGHT,PARKED MOTOR VEHICLE,NOT DIVIDED,,STRAIGHT AND LEVEL,DRY,NO DEFECTS,ON SCENE,NO INJURY / DRIVE AWAY,,,,"OVER $1,500",08/09/2025 02:16:00 PM,FOLLOWING TOO CLOSELY,UNABLE TO DETERMINE,65,E,WACKER PL,111,,,,,,,2,NO INDICATION OF INJURY,0,0,0,0,0,1,0,14,7,8,41.8867042302,-87.6254963741,POINT (-87.625496374107 41.886704230249)
a69dd2771b1f94b730f4e2ce2fd91bc5972349aa927440f900931b83838099380338e1b0ae610f335aad37f8f975aac0c2240a06f9874ef8a3e851a0b583d5b4,,08/09/2025 02:05:00 PM,35,NO CONTROLS,NO CONTROLS,CLEAR,DAYLIGHT,TURNING,NOT DIVIDED,,STRAIGHT AND LEVEL,DRY,UNKNOWN,NOT ON SCENE (DESK REPORT),INJURY AND / OR TOW DUE TO CRASH,,,,"OVER $1,500",08/09/2025 03:20:00 PM,UNABLE TO DETERMINE,NOT APPLICABLE,4731,W,CHICAGO AVE,1111,,,,,,,2,NO INDICATION OF INJURY,0,0,0,0,0,2,0,14,7,8,41.8949134592,-87.7447752919,POINT (-87.744775291919 41.894913459172)
00adf7e0c94f3cc0d32c6162496cb77852457b219adb5022e6961f1887a2538a5a14678ec43427ecd4620f089cc11157b5f3b7edf6968c1ffcf67692ec7c01de,,08/09/2025 02:00:00 PM,30,STOP SIGN/FLASHER,UNKNOWN,CLEAR,DAYLIGHT,ANGLE,FOUR WAY,,STRAIGHT AND LEVEL,DRY,UNKNOWN,NOT ON SCENE (DESK REPORT),NO INJURY / DRIVE AWAY,Y,,,"OVER $1,500",08/10/2025 04:00:00 PM,UNABLE TO DETERMINE,NOT APPLICABLE,6125,S,AUSTIN AVE,812,,,,,,,2,NO INDICATION OF INJURY,0,0,0,0,0,4,0,14,7,8,41.7807611668,-87.7714585021,POINT (-87.771458502104 41.780761166836)