CRASH_RECORD_ID,CRASH_DATE_EST_I,CRASH_DATE,POSTED_SPEED_LIMIT,TRAFFIC_CONTROL_DEVICE,DEVICE_CONDITION,WEATHER_CONDITION,LIGHTING_CONDITION,FIRST_CRASH_TYPE,TRAFFICWAY_TYPE,LANE_CNT,ALIGNMENT,ROADWAY_SURFACE_COND,ROAD_DEFECT,REPORT_TYPE,CRASH_TYPE,INTERSECTION_RELATED_I,NOT_RIGHT_OF_WAY_I,HIT_AND_RUN_I,DAMAGE,DATE_POLICE_NOTIFIED,PRIM_CONTRIBUTORY_CAUSE,SEC_CONTRIBUTORY_CAUSE,STREET_NO,STREET_DIRECTION,STREET_NAME,BEAT_OF_OCCURRENCE,PHOTOS_TAKEN_I,STATEMENTS_TAKEN_I,DOORING_I,WORK_ZONE_I,WORK_ZONE_TYPE,WORKERS_PRESENT_I,NUM_UNITS,MOST_SEVERE_INJURY,INJURIES_TOTAL,INJURIES_FATAL,INJURIES_INCAPACITATING,INJURIES_NON_INCAPACITATING,INJURIES_REPORTED_NOT_EVIDENT,INJURIES_NO_INDICATION,INJURIES_UNKNOWN,CRASH_HOUR,CRASH_DAY_OF_WEEK,CRASH_MONTH,LATITUDE,LONGITUDE,LOCATION
2f4110437fec894477940e1582d4fc0e04694267868e110112efd2d1384b500ff31c2ee712c6b05f8dc8dd4a2d52f55d96a5185fc5d823a774247d731c231db3,,08/09/2025 02:00:00 PM,30,TRAFFIC SIGNAL,FUNCTIONING PROPERLY,CLEAR,DAYLIGHT,REAR END,T-INTERSECTION,,STRAIGHT AND LEVEL,DRY,NO DEFECTS,NOT ON SCENE (DESK REPORT),NO INJURY / DRIVE AWAY,Y,,,"OVER $1,500",08/11/2025 11:45:00 AM,FOLLOWING TOO CLOSELY,NOT APPLICABLE,2001,W,PERSHING RD,924,,,,,,,2,NO INDICATION OF INJURY,0,0,0,0,0,4,0,14,7,8,41.823001323,-87.6751435913,POINT (-87.675143591289 41.823001322966)
362abad14dc8aba6cb87ae7db22ea1139bbec292daa5a8bcb4c0d9a2ddfc0feeb251fea0106c10c2a95bf9bfe72c1071c8bb97c50afbd156164c1659a49cf809,,08/09/2025 02:00:00 PM,30,NO CONTROLS,NO CONTROLS,CLEAR,DAYLIGHT,REAR END,DIVIDED - W/MEDIAN (NOT RAISED),,STRAIGHT AND LEVEL,DRY,NO DEFECTS,NOT ON SCENE (DESK REPORT),NO INJURY / DRIVE AWAY,,,,"$501 - $1,500",08/10/2025 01:45:00 PM,FAILING TO REDUCE SPEED TO AVOID CRASH,FOLLOWING TOO CLOSELY,1450,N,CICERO AVE,2533,,,,,,,2,NO INDICATION OF INJURY,0,0,0,0,0,3,0,14,7,8,41.9074881596,-87.7462048864,POINT (-87.746204886363 41.907488159553)
5c647f390259d50eed152e83e1963c6e6f56bc411fad78648214edfcf14fdcc947428563c740adfd78185433c45582e70e76f7062a15bf2bb9a7caaf42ad9849,,08/09/2025 02:00:00 PM,30,UNKNOWN,UNKNOWN,CLEAR,DAYLIGHT,REAR END,NOT DIVIDED,,STRAIGHT AND LEVEL,UNKNOWN,UNKNOWN,NOT ON SCENE (DESK REPORT),NO INJURY / DRIVE AWAY,,,,"OVER $1,500",08/09/2025 02:30:00 PM,UNABLE TO DETERMINE,UNABLE TO DETERMINE,200,W,CHICAGO AVE,1823,,,,,,,2,NO INDICATION OF INJURY,0,0,0,0,0,2,0,14,7,8,41.8967045494,-87.6342801275,POINT (-87.634280127527 41.896704549412)
8bb3db8701918bcaba6e8d8f4c5e4f47786435ff90a645ec312ec46a52597d157ac1605eebf090796313ed2f71c21974c5f9ce5f131fa8214fc04ddf2b34e234,,08/09/2025 02:00:00 PM,30,UNKNOWN,UNKNOWN,UNKNOWN,UNKNOWN,PARKED MOTOR VEHICLE,PARKING LOT,,STRAIGHT AND LEVEL,UNKNOWN,UNKNOWN,NOT ON SCENE (DESK REPORT),NO INJURY / DRIVE AWAY,,Y,,$500 OR LESS,08/09/2025 02:38:00 PM,UNABLE TO DETERMINE,UNABLE TO DETERMINE,1617,W,TOUHY AVE,2423,,,,,,,2,NO INDICATION OF INJURY,0,0,0,0,0,1,0,14,7,8,42.0125905706,-87.6709275251,POINT (-87.670927525113 42.012590570644)
ca9eae169718c6dd7f53b6e4fed89da2a68f47ebe73788c6acd311426d293193479a02f9ce99fb7d8e1ce153044be14f5ac37933016b46568cb575675c246834,,08/09/2025 02:00:00 PM,30,NO CONTROLS,NO CONTROLS,CLEAR,DAYLIGHT,SIDESWIPE SAME DIRECTION,NOT DIVIDED,,STRAIGHT AND LEVEL,DRY,NO DEFECTS,NOT ON SCENE (DESK REPORT),NO INJURY / DRIVE AWAY,,,,"$501 - $1,500",08/09/2025 02:30:00 PM,UNABLE TO DETERMINE,NOT APPLICABLE,3617,S,GILES AVE,212,,,,,,,2,NO INDICATION OF INJURY,0,0,0,0,0,2,0,14,7,8,41.8286820311,-87.6191345171,POINT (-87.619134517089 41.828682031122)
ce0fe3cb14cd49ee3c14e1cdfa3672077c564a5e8050bcb57f6ed7caba62f2da96bd7dda5d619f1ae6d8f4be9391d5c1838b2de2b9a5921385df95e75482d925,,08/09/2025 02:00:00 PM,20,NO CONTROLS,NO CONTROLS,CLEAR,DAYLIGHT,PARKED MOTOR VEHICLE,ONE-WAY,,STRAIGHT AND LEVEL,DRY,UNKNOWN,NOT ON SCENE (DESK REPORT),NO INJURY / DRIVE AWAY,,,,"OVER $1,500",08/09/2025 02:20:00 PM,UNABLE TO DETERMINE,NOT APPLICABLE,1138,N,MONTICELLO AVE,1112,,,,,,,2,NO INDICATION OF INJURY,0,0,0,0,0,2,0,14,7,8,41.9020840606,-87.7179041091,POINT (-87.717904109128 41.902084060557)
d055400eba848005c1699995ae68b1f690856612903a9f8fbe5460f196260e889bbdcfb34c6540724de384afc62f71c450e60976323750abc65a5510dde2c286,,08/09/2025 02:00:00 PM,30,NO CONTROLS,NO CONTROLS,CLEAR,DAYLIGHT,SIDESWIPE SAME DIRECTION,NOT DIVIDED,,STRAIGHT AND LEVEL,DRY,UNKNOWN,,NO INJURY / DRIVE AWAY,,,Y,"OVER $1,500",08/10/2025 01:05:00 PM,IMPROPER OVERTAKING/PASSING,NOT APPLICABLE,50,E,63RD ST,311,,,,,,,2,NO INDICATION OF INJURY,0,0,0,0,0,3,0,14,7,8,41.7801227977,-87.6234004701,POINT (-87.623400470138 41.780122797669)
6e6f9fb448b19799e60cebd657f542b1d0df08fb380ba18b6243488f134f92167a2f0bfa5fc62f6d96fb1d0ffcba17a00402cd87bcb9bdf75b7d69ad7a96bfb6,,08/09/2025 01:56:00 PM,30,TRAFFIC SIGNAL,FUNCTIONING PROPERLY,CLEAR,DAYLIGHT,REAR END,NOT DIVIDED,,STRAIGHT AND LEVEL,DRY,NO DEFECTS,ON SCENE,NO INJURY / DRIVE AWAY,,,,"OVER $1,500",08/09/2025 02:00:00 PM,FOLLOWING TOO CLOSELY,NOT APPLICABLE,4400,N,MARINE DR,1914,,,,,,,2,NO INDICATION OF INJURY,0,0,0,0,0,2,0,13,7,8,41.9619278009,-87.6470088237,POINT (-87.647008823696 41.961927800876)
2931721338e17066c65ec37b48a0e81372c20eb11431b2186feed9d012fb14a3754a3de41fee2203a8ae40288f0ee7a5af686eac3d2d4ed43d8f810a5166a0a4,,08/09/2025 01:55:00 PM,25,STOP SIGN/FLASHER,FUNCTIONING PROPERLY,CLEAR,DAYLIGHT,REAR TO FRONT,NOT DIVIDED,,STRAIGHT AND LEVEL,DRY,NO DEFECTS,,NO INJURY / DRIVE AWAY,N,,Y,"$501 - $1,500",08/09/2025 02:55:00 PM,DISREGARDING STOP SIGN,DISREGARDING STOP SIGN,9100,S,MARSHFIELD AVE,2221,,,,,,,2,NO INDICATION OF INJURY,0,0,0,0,0,3,0,13,7,8,41.7283515338,-87.6642074076,POINT (-87.664207407636 41.728351533829)
4796e8c215bd350fdc3bb7c7cb2864372a11abf39bd053b156cc74047400a65fa1f9a505056fd6cb9657351a62c65c3b509049476691ed9aa4d1d3307e8af546,,08/09/2025 01:55:00 PM,30,TRAFFIC SIGNAL,FUNCTIONING PROPERLY,CLEAR,DAYLIGHT,ANGLE,DIVIDED - W/MEDIAN BARRIER,,STRAIGHT AND LEVEL,DRY,NO DEFECTS,NOT ON SCENE (DESK REPORT),INJURY AND / OR TOW DUE TO CRASH,,,Y,"OVER $1,500",08/09/2025 03:00:00 PM,DISREGARDING TRAFFIC SIGNALS,DISREGARDING TRAFFIC SIGNALS,1600,E,76TH ST,411,,,,,,,2,NONINCAPACITATING INJURY,1,0,0,1,0,1,0,13,7,8,41.7570593922,-87.5856350238,POINT (-87.585635023779 41.757059392156)
cf7ad8240cfc699bb41ffc93e664a8d88bb8e36f03d878235f55d3c089b459229fbd07627c654c32d65454337eae5665a53dcb327c9e6c0ae6a5ce09b7b7cbed,,08/09/2025 01:55:00 PM,30,UNKNOWN,UNKNOWN,CLEAR,DAYLIGHT,REAR END,UNKNOWN,,STRAIGHT AND LEVEL,UNKNOWN,UNKNOWN,NOT ON SCENE (DESK REPORT),NO INJURY / DRIVE AWAY,,,,"OVER $1,500",08/09/2025 02:30:00 PM,FOLLOWING TOO CLOSELY,UNABLE TO DETERMINE,6545,W,IRVING PARK RD,1632,,,,,,,2,NO INDICATION OF INJURY,0,0,0,0,0,2,0,13,7,8,41.9527336277,-87.7907945494,POINT (-87.790794549404 41.952733627712)
067f60a114c1750bb8c86fac8dfd80c6509be6293baf028e7e886a0f31b9dc0a8a1eaba3622e1f0986dc85e23b27d8d29da8dcd7b3b1ebc09f33a6463fae1f16,,08/09/2025 01:53:00 PM,10,NO CONTROLS,NO CONTROLS,CLEAR,DAYLIGHT,FIXED OBJECT,OTHER,,STRAIGHT AND LEVEL,UNKNOWN,UNKNOWN,ON SCENE,NO INJURY / DRIVE AWAY,,Y,,"$501 - $1,500",08/14/2025 09:20:00 AM,FAILING TO REDUCE SPEED TO AVOID CRASH,NOT APPLICABLE,1606,E,79TH ST,411,,,,,,,1,NO INDICATION OF INJURY,0,0,0,0,0,1,0,13,7,8,41.7516108497,-87.5853675447,POINT (-87.585367544712 41.751610849697)
63096d1aeb8e0bb2c12756d8cc9368d24a90663caab6926e0cb04b1291709a9d1fe7412570207b6c5a9dbe681b153e830a30246ca3f62c75e341f04895c7f483,,08/09/2025 01:50:00 PM,30,UNKNOWN,UNKNOWN,UNKNOWN,UNKNOWN,REAR END,NOT DIVIDED,,STRAIGHT AND LEVEL,UNKNOWN,UNKNOWN,NOT ON SCENE (DESK REPORT),NO INJURY / DRIVE AWAY,,,,$500 OR LESS,08/09/2025 03:47:00 PM,UNABLE TO DETERMINE,UNABLE TO DETERMINE,4755,N,WESTERN AVE,1911,,,,,,,2,NO INDICATION OF INJURY,0,0,0,0,0,2,0,13,7,8,41.9683583215,-87.6887538542,POINT (-87.688753854196 41.968358321492)
6c1a6821ebf0545df596999de0cff9e7766895bfe3bd1bdfbade07815aba7f047841b540cbc656c04a3d78e6d09d3c3b41e661352b2d69f00595d681a35a9d4d,,08/09/2025 01:50:00 PM,30,NO CONTROLS,NO CONTROLS,CLEAR,DAYLIGHT,REAR END,DIVIDED - W/MEDIAN BARRIER,,STRAIGHT AND LEVEL,DRY,NO DEFECTS,ON SCENE,INJURY AND / OR TOW DUE TO CRASH,,,,"$501 - $1,500",08/09/2025 01:55:00 PM,NOT APPLICABLE,NOT APPLICABLE,3331,N,WESTERN AVE,1921,,,,,,,2,NONINCAPACITATING INJURY,1,0,0,1,0,4,0,13,7,8,41.942220431,-87.68784961,POINT (-87.687849610029 41.942220431031)
af0a62bd86eedd96e21bde75f19de3262683dc261cad11a08369110d8c04cece8dbfeb5e35def4062d7acd29e9ab325401b913fa88ddc91ed8730fbdaa2bab43,,08/09/2025 01:50:00 PM,25,NO CONTROLS,NO CONTROLS,CLEAR,DAYLIGHT,REAR END,PARKING LOT,,STRAIGHT AND LEVEL,DRY,NO DEFECTS,NOT ON SCENE (DESK REPORT),NO INJURY / DRIVE AWAY,,Y,,$500 OR LESS,08/09/2025 02:10:00 PM,FAILING TO REDUCE SPEED TO AVOID CRASH,UNABLE TO DETERMINE,6408,S,PULASKI RD,813,,,,,,,2,NO INDICATION OF INJURY,0,0,0,0,0,2,0,13,7,8,41.7765441443,-87.7228517101,POINT (-87.722851710082 41.776544144328)
29fa0622ef83070c8defb56983aff41f73f67efc39797f13dad269d5800516e6dd60a3bc40253058e5da0497b1756980a8ba895cdac50fb7e6e575c6af384c03,,08/09/2025 01:45:00 PM,30,NO CONTROLS,NO CONTROLS,CLEAR,DAYLIGHT,SIDESWIPE SAME DIRECTION,DIVIDED - W/MEDIAN BARRIER,,STRAIGHT AND LEVEL,DRY,NO DEFECTS,NOT ON SCENE (DESK REPORT),NO INJURY / DRIVE AWAY,,,,"OVER $1,500",08/09/2025 02:45:00 PM,IMPROPER TURNING/NO SIGNAL,IMPROPER OVERTAKING/PASSING,5500,S,INDIANA AVE,231,,,,,,,2,NO INDICATION OF INJURY,0,0,0,0,0,2,0,13,7,8,41.7943689623,-87.6209833126,POINT (-87.620983312554 41.794368962316)
89eebd2b07ab6635793770d06b4d3f413f5e8831f1e507f13819021ee5cd2bae86647bd938f2ea0e388516b8fce651b53febef3e3cb4c8f48c52a17e83d252c5,,08/09/2025 01:45:00 PM,30,NO CONTROLS,NO CONTROLS,CLEAR,DAYLIGHT,REAR END,DIVIDED - W/MEDIAN BARRIER,,STRAIGHT AND LEVEL,DRY,NO DEFECTS,ON SCENE,INJURY AND / OR TOW DUE TO CRASH,,,Y,"$501 - $1,500",08/09/2025 04:29:00 PM,FOLLOWING TOO CLOSELY,UNABLE TO DETERMINE,1640,E,79TH ST,414,,,,,,,2,NONINCAPACITATING INJURY,1,0,0,1,0,1,0,13,7,8,41.7516129497,-87.5841744999,POINT (-87.584174499859 41.751612949735)
e40f74e207927e33ea28664c3880497f2938287cdc1b3305b1f64a569bcad542e9b3d43813dbf96c644dd37cd5191be77d3e107e70416f5646e127110b58ad6d,,08/09/2025 01:45:00 PM,30,NO CONTROLS,NO CONTROLS,CLEAR,DAYLIGHT,SIDESWIPE SAME DIRECTION,ONE-WAY,,STRAIGHT AND LEVEL,DRY,NO DEFECTS,NOT ON SCENE (DESK REPORT),NO INJURY / DRIVE AWAY,,,,"$501 - $1,500",08/09/2025 02:00:00 PM,UNABLE TO DETERMINE,NOT APPLICABLE,900,W,98TH PL,2223,,,,,,,2,NO INDICATION OF INJURY,0,0,0,0,0,2,0,13,7,8,41.7151967165,-87.6455373566,POINT (-87.645537356601 41.715196716485)
1d6c9b9b9fd7122acfe6018f88d3adb2fe2dc9790e232b380e0da07f040d4c5344ed3bf9d9bc15cccd53c4f6f0e22a4fa9a6f120a1690efcf753aab72d800b58,Y,08/09/2025 01:40:00 PM,10,NO CONTROLS,NO CONTROLS,CLEAR,DAYLIGHT,REAR TO REAR,PARKING LOT,,STRAIGHT AND LEVEL,DRY,UNKNOWN,NOT ON SCENE (DESK REPORT),NO INJURY / DRIVE AWAY,,,,"OVER $1,500",08/09/2025 02:00:00 PM,FAILING TO YIELD RIGHT-OF-WAY,NOT APPLICABLE,2746,N,CLYBOURN AVE,1931,,,,,,,2,NO INDICATION OF INJURY,0,0,0,0,0,4,0,13,7,8,41.9310210058,-87.6768640181,POINT (-87.676864018134 41.931021005798)
26c38d110e9ea476bc130bfaf6e1c8ab05a812720d5353bde973f30106e964e70a8faf17461b44098e5318dda4b689e60921b433923c61b084ccce40260eef0a,,08/09/2025 01:40:00 PM,30,STOP SIGN/FLASHER,NO CONTROLS,CLEAR,DAYLIGHT,ANGLE,FOUR WAY,,STRAIGHT AND LEVEL,DRY,NO DEFECTS,ON SCENE,INJURY AND / OR TOW DUE TO CRASH,Y,,,"OVER $1,500",08/09/2025 01:50:00 PM,FAILING TO YIELD RIGHT-OF-WAY,NOT APPLICABLE,7100,W,HIGGINS AVE,1613,,,,,,,2,NO INDICATION OF INJURY,0,0,0,0,0,2,0,13,7,8,41.9807307966,-87.8046773498,POINT (-87.804677349803 41.980730796626)
b88f0489aef1053ad97dcc690b23c462945f1ed5420314cf73740180e799aaf5329469114df0a835bdbdf62e2cd1822ff14314454ec18a9aa95105e7e9e7451d,,08/09/2025 01:39:00 PM,15,NO CONTROLS,NO CONTROLS,CLEAR,DAYLIGHT,PARKED MOTOR VEHICLE,PARKING LOT,,STRAIGHT AND LEVEL,DRY,NO DEFECTS,ON SCENE,NO INJURY / DRIVE AWAY,,,,$500 OR LESS,08/09/2025 01:39:00 PM,IMPROPER BACKING,IMPROPER BACKING,3053,W,26TH ST,1033,,,,,,,2,NO INDICATION OF INJURY,0,0,0,0,0,4,0,13,7,8,41.8444663893,-87.7022690254,POINT (-87.702269025368 41.844466389333)
3a809ce6d9e5721aa9f83d222b90305c3657700c2a45bce15200d04b1f450a2d6542d0f9eadeff94c8d4ff42a37fb6bd0c3b31698501ce5afadef31c728b56f2,,08/09/2025 01:35:00 PM,30,UNKNOWN,UNKNOWN,CLEAR,UNKNOWN,FIXED OBJECT,DIVIDED - W/MEDIAN (NOT RAISED),,STRAIGHT AND LEVEL,UNKNOWN,UNKNOWN,NOT ON SCENE (DESK REPORT),NO INJURY / DRIVE AWAY,,,,"OVER $1,500",08/09/2025 03:30:00 PM,"OPERATING VEHICLE IN ERRATIC, RECKLESS, CARELESS, NEGLIGENT OR AGGRESSIVE MANNER",NOT APPLICABLE,84,W,43RD ST,213,,Y,,,,,1,NO INDICATION OF INJURY,0,0,0,0,0,1,0,13,7,8,41.8165679157,-87.6285648842,POINT (-87.628564884216 41.816567915659)
24209f2bcb8b652565e2fd874131f3a58e2fce2cdc6a4557e41d6cac7adc26eb099d155af675b7748e3b88190f1c06c6e560686fec7b0e5a1c757b52bd70865e,,08/09/2025 01:30:00 PM,30,STOP SIGN/FLASHER,FUNCTIONING PROPERLY,CLEAR,DAYLIGHT,ANGLE,FOUR WAY,,STRAIGHT AND LEVEL,DRY,NO DEFECTS,ON SCENE,INJURY AND / OR TOW DUE TO CRASH,Y,,,"OVER $1,500",08/09/2025 01:35:00 PM,FAILING TO YIELD RIGHT-OF-WAY,UNABLE TO DETERMINE,6301,N,RIDGE AVE,2433,,,,,,,2,NONINCAPACITATING INJURY,2,0,0,1,1,1,0,13,7,8,41.9956493291,-87.6755980161,POINT (-87.675598016125 41.995649329051)
7b31302187f55e09b713212af37695d28c0935e6286558891c2b56281e0212e64c1666295ca8ee1da0faa5f9e1f81dc712465c8feca78a10b282c675598c2204,,08/09/2025 01:30:00 PM,30,STOP SIGN/FLASHER,FUNCTIONING PROPERLY,CLEAR,DAYLIGHT,TURNING,DIVIDED - W/MEDIAN BARRIER,,STRAIGHT AND LEVEL,DRY,NO DEFECTS,NOT ON SCENE (DESK REPORT),NO INJURY / DRIVE AWAY,,,,"OVER $1,500",08/11/2025 10:10:00 AM,FAILING TO YIELD RIGHT-OF-WAY,UNABLE TO DETERMINE,2931,N,ASHLAND AVE,1932,,,,,,,2,NO INDICATION OF INJURY,0,0,0,0,0,2,0,13,7,8,41.9350939575,-87.6683460247,POINT (-87.668346024673 41.935093957538)
84ad79fc451c35ecf2d57ab8f8198e6e7880b4989a352338f5187c99fd6f3baad35e0d98a9723beefd56f1dacb6d3b971ee6580eb8ae736b63ea3759672539ee,,08/09/2025 01:30:00 PM,30,UNKNOWN,UNKNOWN,CLEAR,DAYLIGHT,PEDALCYCLIST,NOT DIVIDED,,STRAIGHT AND LEVEL,DRY,UNKNOWN,ON SCENE,INJURY AND / OR TOW DUE TO CRASH,,,Y,$500 OR LESS,08/09/2025 01:30:00 PM,UNABLE TO DETERMINE,UNABLE TO DETERMINE,3052,N,SHEFFIELD AVE,1933,,,Y,,,,2,NONINCAPACITATING INJURY,1,0,0,1,0,1,0,13,7,8,41.9378656874,-87.6541849078,POINT (-87.654184907793 41.93786568738)
8aed23834a25faf8bdef80c8cd3fdfbcefa30bc1abec9fcc8e4cab6066f664ac15944ea12e8d047063d9d19df3e23160e12c929b0cabaa9c228b766748ab7929,,08/09/2025 01:30:00 PM,30,TRAFFIC SIGNAL,FUNCTIONING PROPERLY,CLEAR,DAYLIGHT,TURNING,FOUR WAY,,STRAIGHT AND LEVEL,DRY,NO DEFECTS,NOT ON SCENE (DESK REPORT),NO INJURY / DRIVE AWAY,Y,,,"OVER $1,500",08/11/2025 09:30:00 AM,IMPROPER TURNING/NO SIGNAL,NOT APPLICABLE,445,E,ILLINOIS ST,1834,,,,,,,2,NO INDICATION OF INJURY,0,0,0,0,0,2,0,13,7,8,41.8909722293,-87.6159968855,POINT (-87.615996885493 41.890972229265)
408840efef6ec8c8b7db99b29bc2461ebcc49b182ef811787cbc682dc4639091d43e8938c73892c0d537161bc25203e5e3549b60f380397dd354f8758da736a1,Y,08/09/2025 01:27:00 PM,30,TRAFFIC SIGNAL,FUNCTIONING PROPERLY,CLEAR,DAYLIGHT,REAR END,DIVIDED - W/MEDIAN BARRIER,,STRAIGHT AND LEVEL,DRY,NO DEFECTS,ON SCENE,INJURY AND / OR TOW DUE TO CRASH,,,,"OVER $1,500",08/09/2025 01:27:00 PM,DRIVING SKILLS/KNOWLEDGE/EXPERIENCE,NOT APPLICABLE,2002,W,GARFIELD BLVD,932,,,,,,,2,"REPORTED, NOT EVIDENT",1,0,0,0,1,4,0,13,7,8,41.7940245359,-87.6744549561,POINT (-87.674454956067 41.79402453592)
555c616bf8fd9395291a58e779369a666306d1529cb1ac326b104e59385ad98bfb4a3d5314f01241c128ed8ebe0ceb8b021ee523ea456d49c7a9d59c870f3cab,,08/09/2025 01:24:00 PM,30,TRAFFIC SIGNAL,FUNCTIONING PROPERLY,CLEAR,DAYLIGHT,SIDESWIPE SAME DIRECTION,RAMP,,STRAIGHT AND LEVEL,DRY,SHOULDER DEFECT,ON SCENE,NO INJURY / DRIVE AWAY,,,,"OVER $1,500",08/09/2025 01:40:00 PM,UNABLE TO DETERMINE,NOT APPLICABLE,173,N,BESSIE COLEMAN DR,1654,,,,,,,2,NO INDICATION OF INJURY,0,0,0,0,0,2,0,13,7,8,,,
29378fa6b81a2e10a1e0c343a0216646d84aa17cc56b7b4a19bbc60f4cda99e876655c5fdfcaf44a73abab028e7036bc250d34f355e5f8e65665b28691b086af,,08/09/2025 01:19:00 PM,30,NO CONTROLS,NO CONTROLS,CLEAR,DAYLIGHT,PEDALCYCLIST,DIVIDED - W/MEDIAN BARRIER,,STRAIGHT AND LEVEL,DRY,NO DEFECTS,ON SCENE,INJURY AND / OR TOW DUE TO CRASH,,,,$500 OR LESS,08/09/2025 01:22:00 PM,UNABLE TO DETERMINE,UNABLE TO DETERMINE,4801,N,FRANCISCO AVE,2031,,,,,,,2,NONINCAPACITATING INJURY,1,0,0,1,0,1,0,13,7,8,41.9686901267,-87.6996992856,POINT (-87.699699285622 41.968690126739)
526004ad4ab39d83c19ccc1c326e414530535b432cbeb21b4a67f03d30718deca9c1e846e6c997cdd9dd38cdc759723049f07c0f70497f06ae36221853930f2d,,08/09/2025 01:15:00 PM,30,TRAFFIC SIGNAL,FUNCTIONING PROPERLY,CLEAR,DAYLIGHT,ANGLE,ONE-WAY,,STRAIGHT AND LEVEL,DRY,NO DEFECTS,ON SCENE,INJURY AND / OR TOW DUE TO CRASH,Y,,,"OVER $1,500",08/09/2025 01:20:00 PM,DISREGARDING TRAFFIC SIGNALS,UNABLE TO DETERMINE,4900,S,MICHIGAN AVE,224,,,,,,,3,NONINCAPACITATING INJURY,1,0,0,1,0,1,0,13,7,8,41.8055521718,-87.622887298,POINT (-87.622887297982 41.805552171805)
be2468da94c78c0ac6b4874f177e879abad153342a5bc1f98dc521a30f277a84315e22feaac6d0d03c341a58f35285a542bb393f8d66c9ce63f6181b3dd53d72,,08/09/2025 01:15:00 PM,30,UNKNOWN,UNKNOWN,CLEAR,DAYLIGHT,REAR END,UNKNOWN,,STRAIGHT AND LEVEL,UNKNOWN,UNKNOWN,NOT ON SCENE (DESK REPORT),NO INJURY / DRIVE AWAY,,,,"OVER $1,500",08/09/2025 03:30:00 PM,UNABLE TO DETERMINE,UNABLE TO DETERMINE,1214,E,53RD ST,234,,,,,,,2,NO INDICATION OF INJURY,0,0,0,0,0,2,0,13,7,8,41.7995723295,-87.5959973319,POINT (-87.595997331925 41.799572329461)
de7d4475c6812fb60f8276b419a8790fa2ed7349e358d19db64758f40b29749c6145020eb73422f865065f3fa1491ac8c9df4683e900e3d4fd769fd51701b1a0,,08/09/2025 01:15:00 PM,30,NO CONTROLS,NO CONTROLS,CLEAR,DAYLIGHT,HEAD ON,ALLEY,,STRAIGHT AND LEVEL,DRY,NO DEFECTS,NOT ON SCENE (DESK REPORT),NO INJURY / DRIVE AWAY,Y,,,"OVER $1,500",08/09/2025 09:15:00 PM,FAILING TO YIELD RIGHT-OF-WAY,NOT APPLICABLE,4735,W,CHICAGO AVE,1111,,,,,,,2,NO INDICATION OF INJURY,0,0,0,0,0,2,0,13,7,8,41.8949097093,-87.7449271199,POINT (-87.744927119853 41.894909709256)
30df4afe38253e43ce55e77eabb62681ac73e2067d2c9e9c1e23aaf02ca60c8d5fe9327d411024aa853360887db6225597a659cba19deaeaef062a092c53b0af,,08/09/2025 01:10:00 PM,30,STOP SIGN/FLASHER,FUNCTIONING PROPERLY,CLEAR,DAYLIGHT,REAR END,NOT DIVIDED,,STRAIGHT AND LEVEL,DRY,NO DEFECTS,ON SCENE,NO INJURY / DRIVE AWAY,,,Y,"OVER $1,500",08/09/2025 01:12:00 PM,FOLLOWING TOO CLOSELY,UNABLE TO DETERMINE,1467,W,CHICAGO AVE,1215,,,,,,,2,NO INDICATION OF INJURY,0,0,0,0,0,2,0,13,7,8,41.8960017363,-87.6648587875,POINT (-87.664858787524 41.896001736302)
4ec7538f7628df76d58faa9b5c240d17934319afe07fa3e7ae15a9251103f9ecc841fa518efad5a509ab29c21eeafc1a39f9815e9b89c654dda46cf7d8c10e4e,,08/09/2025 01:10:00 PM,30,NO CONTROLS,NO CONTROLS,CLEAR,DAYLIGHT,TURNING,DIVIDED - W/MEDIAN (NOT RAISED),,STRAIGHT AND LEVEL,DRY,NO DEFECTS,ON SCENE,NO INJURY / DRIVE AWAY,,,,"$501 - $1,500",08/09/2025 01:14:00 PM,UNABLE TO DETERMINE,UNABLE TO DETERMINE,2458,W,COLUMBUS AVE,835,,,,,,,2,NO INDICATION OF INJURY,0,0,0,0,0,2,0,13,7,8,41.7582278485,-87.6853112305,POINT (-87.685311230539 41.758227848532)
d962f7920be030b33b466e66234a29f77e6da033ec4d5a4fa0ac1e658f44f90a22dd210f255b92bdabf0395a72a8ef6cbec6cae5dc93529a51e04fb435abfbf0,,08/09/2025 01:08:00 PM,30,NO CONTROLS,NO CONTROLS,CLEAR,DAYLIGHT,REAR END,DIVIDED - W/MEDIAN (NOT RAISED),,STRAIGHT AND LEVEL,DRY,NO DEFECTS,NOT ON SCENE (DESK REPORT),NO INJURY / DRIVE AWAY,,,Y,"OVER $1,500",08/09/2025 02:45:00 PM,FOLLOWING TOO CLOSELY,UNABLE TO DETERMINE,4850,S,COTTAGE GROVE AVE,223,,,,,,,2,NO INDICATION OF INJURY,0,0,0,0,0,2,0,13,7,8,41.8062097758,-87.6066411751,POINT (-87.606641175145 41.806209775759)
5aadcaf623de64d68b4923477dfda2000e7eab9a4048249ec0d560a990ef7dfcfbd1579afe410cbfd4901a0ffd6f1afedd15f188bb0c8285a4d4ca023168ac65,,08/09/2025 01:01:00 PM,30,STOP SIGN/FLASHER,FUNCTIONING PROPERLY,CLEAR,DAYLIGHT,ANGLE,FOUR WAY,,STRAIGHT AND LEVEL,DRY,NO DEFECTS,NOT ON SCENE (DESK REPORT),NO INJURY / DRIVE AWAY,,,,"$501 - $1,500",08/09/2025 01:02:00 PM,FAILING TO YIELD RIGHT-OF-WAY,UNABLE TO DETERMINE,6400,S,STEWART AVE,722,,,,,,,2,NO INDICATION OF INJURY,0,0,0,0,0,2,0,13,7,8,41.7779988663,-87.6351433981,POINT (-87.635143398111 41.777998866289)