CRASH_RECORD_ID,CRASH_DATE_EST_I,CRASH_DATE,POSTED_SPEED_LIMIT,TRAFFIC_CONTROL_DEVICE,DEVICE_CONDITION,WEATHER_CONDITION,LIGHTING_CONDITION,FIRST_CRASH_TYPE,TRAFFICWAY_TYPE,LANE_CNT,ALIGNMENT,ROADWAY_SURFACE_COND,ROAD_DEFECT,REPORT_TYPE,CRASH_TYPE,INTERSECTION_RELATED_I,NOT_RIGHT_OF_WAY_I,HIT_AND_RUN_I,DAMAGE,DATE_POLICE_NOTIFIED,PRIM_CONTRIBUTORY_CAUSE,SEC_CONTRIBUTORY_CAUSE,STREET_NO,STREET_DIRECTION,STREET_NAME,BEAT_OF_OCCURRENCE,PHOTOS_TAKEN_I,STATEMENTS_TAKEN_I,DOORING_I,WORK_ZONE_I,WORK_ZONE_TYPE,WORKERS_PRESENT_I,NUM_UNITS,MOST_SEVERE_INJURY,INJURIES_TOTAL,INJURIES_FATAL,INJURIES_INCAPACITATING,INJURIES_NON_INCAPACITATING,INJURIES_REPORTED_NOT_EVIDENT,INJURIES_NO_INDICATION,INJURIES_UNKNOWN,CRASH_HOUR,CRASH_DAY_OF_WEEK,CRASH_MONTH,LATITUDE,LONGITUDE,LOCATION
18f01934e529f4f367308c185abb9942a076d0da985b9f2157141f3fe542b31b1c0443c41248baa5d4d982b2f35c4c5ab1df90dc45f8e3ab9350bfe0775db39c,,08/09/2025 01:00:00 PM,30,TRAFFIC SIGNAL,FUNCTIONING PROPERLY,CLEAR,DAYLIGHT,TURNING,NOT DIVIDED,,STRAIGHT AND LEVEL,DRY,NO DEFECTS,ON SCENE,INJURY AND / OR TOW DUE TO CRASH,,,,"OVER $1,500",08/09/2025 01:05:00 PM,UNABLE TO DETERMINE,UNABLE TO DETERMINE,6199,N,LINCOLN AVE,1711,,,,,,,2,NO INDICATION OF INJURY,0,0,0,0,0,3,0,13,7,8,41.9945423053,-87.7138967838,POINT (-87.713896783814 41.994542305274)
3fcdddafe5fd0163635082ff6c61a9add80d32ab2f12c7fc1d4ce20b232c5c1944e333307de1b69d688483d0bde9d64b1981131111e381be3d4b9aa2f6dc8d35,,08/09/2025 01:00:00 PM,30,TRAFFIC SIGNAL,FUNCTIONING PROPERLY,CLEAR,DAYLIGHT,SIDESWIPE SAME DIRECTION,DIVIDED - W/MEDIAN (NOT RAISED),,STRAIGHT AND LEVEL,DRY,NO DEFECTS,,NO INJURY / DRIVE AWAY,,,Y,"OVER $1,500",08/09/2025 01:15:00 PM,FAILING TO YIELD RIGHT-OF-WAY,IMPROPER LANE USAGE,3718,N,ELSTON AVE,1733,,,,,,,2,NO INDICATION OF INJURY,0,0,0,0,0,4,0,13,7,8,41.948869047,-87.7123401222,POINT (-87.71234012218 41.948869046966)
61648c6694ee5f54238905f71fb2925e0f1d3df8626e650753340f0800d314221d670c461bffedd4442e9ad443ee31a9951b17d9a2a99f37f246e34b21f1eba3,,08/09/2025 01:00:00 PM,20,NO CONTROLS,NO CONTROLS,CLEAR,DAYLIGHT,SIDESWIPE SAME DIRECTION,ONE-WAY,,STRAIGHT AND LEVEL,DRY,UNKNOWN,NOT ON SCENE (DESK REPORT),NO INJURY / DRIVE AWAY,,,,"OVER $1,500",08/09/2025 01:25:00 PM,UNABLE TO DETERMINE,NOT APPLICABLE,2258,N,SAYRE AVE,2512,,,,,,,2,NO INDICATION OF INJURY,0,0,0,0,0,2,0,13,7,8,41.921057979,-87.8008083149,POINT (-87.800808314891 41.921057979002)
66cf5793d4bde1de664423207af7b5fa26fb57671d53dac4fd367cb7e99bd50b0774168883e8718b5a367712d5deb57e0e0208b2e1ed0f6759293f39fc753d70,,08/09/2025 01:00:00 PM,35,NO CONTROLS,NO CONTROLS,CLEAR,DAYLIGHT,REAR END,NOT DIVIDED,,STRAIGHT AND LEVEL,UNKNOWN,UNKNOWN,NOT ON SCENE (DESK REPORT),NO INJURY / DRIVE AWAY,,,,$500 OR LESS,08/10/2025 12:11:00 PM,FOLLOWING TOO CLOSELY,UNABLE TO DETERMINE,5033,N,ELSTON AVE,1712,,,,,,,2,NO INDICATION OF INJURY,0,0,0,0,0,2,0,13,7,8,41.9723492826,-87.7468250858,POINT (-87.746825085785 41.97234928256)
7c08f88b77d1533fda7ae32e39bf06c577b961525db7452f45791342f6f58d004f1552cce95e10522b1c2953d512de7691126aa17e3878b4d6cea61811d739bd,,08/09/2025 01:00:00 PM,10,NO CONTROLS,NO CONTROLS,CLEAR,DAYLIGHT,PARKED MOTOR VEHICLE,ALLEY,,STRAIGHT AND LEVEL,DRY,NO DEFECTS,NOT ON SCENE (DESK REPORT),NO INJURY / DRIVE AWAY,,,,"$501 - $1,500",08/14/2025 05:01:00 PM,NOT APPLICABLE,NOT APPLICABLE,6516,S,ALBANY AVE,831,,,,,,,2,NO INDICATION OF INJURY,0,0,0,0,0,2,0,13,7,8,41.7748128085,-87.7007386539,POINT (-87.700738653908 41.774812808539)
8d75c9e8e8cc8ad3a3946a5a99ad0a9e6d207d0df41b47652cd3efb127fda7683ce8b98bc29f3f17fe5c6aad6dd7931318e009e8f880b2e2ba1032da26f3abfe,,08/09/2025 01:00:00 PM,20,NO CONTROLS,NO CONTROLS,CLEAR,DAYLIGHT,PARKED MOTOR VEHICLE,DIVIDED - W/MEDIAN (NOT RAISED),,STRAIGHT AND LEVEL,DRY,NO DEFECTS,ON SCENE,NO INJURY / DRIVE AWAY,,,Y,"OVER $1,500",08/09/2025 02:54:00 PM,DRIVING SKILLS/KNOWLEDGE/EXPERIENCE,DRIVING SKILLS/KNOWLEDGE/EXPERIENCE,211,S,KARLOV AVE,1115,,,,,,,2,NO INDICATION OF INJURY,0,0,0,0,0,1,0,13,7,8,41.877572442,-87.7278673348,POINT (-87.727867334808 41.877572442001)
f18746b1977e71ebd77e6af596ec3fc1930d8bc43f0790a52ada4a0632b70b499d4eaee69c4624cd380f9109b879dad7f9c6d83b56069e25bff4092730f2225e,,08/09/2025 01:00:00 PM,5,NO CONTROLS,NO CONTROLS,CLEAR,DAYLIGHT,FIXED OBJECT,PARKING LOT,,STRAIGHT AND LEVEL,DRY,NO DEFECTS,ON SCENE,NO INJURY / DRIVE AWAY,,Y,,$500 OR LESS,08/09/2025 02:12:00 PM,DRIVING SKILLS/KNOWLEDGE/EXPERIENCE,UNABLE TO DETERMINE,3921,S,ARCHER AVE,921,,,,,,,1,NO INDICATION OF INJURY,0,0,0,0,0,1,0,13,7,8,41.8223222795,-87.6905898163,POINT (-87.690589816343 41.822322279545)
1d4b258e03f4e16709d77d0220a78ab1199a960943164c792a9650d796027495c49d3668f86c717eed0d245bcb57ae6e1e459a3a10739f0c41b6cdae8ab9a76d,,08/09/2025 12:45:00 PM,30,NO CONTROLS,NO CONTROLS,CLEAR,DAYLIGHT,ANGLE,NOT DIVIDED,,STRAIGHT AND LEVEL,DRY,NO DEFECTS,NOT ON SCENE (DESK REPORT),NO INJURY / DRIVE AWAY,,,,"$501 - $1,500",08/09/2025 03:15:00 PM,UNABLE TO DETERMINE,NOT APPLICABLE,5152,S,CALUMET AVE,231,,,,,,,2,NO INDICATION OF INJURY,0,0,0,0,0,2,0,12,7,8,41.8005650665,-87.6178589266,POINT (-87.617858926562 41.800565066516)
219d9a979f645002c747183e621084b3af64935bf0b03fdcba762b9a33041b3433d9df4500ae44294e770efcde387c957bec1bdb005c8f552c63cb76022486c3,,08/09/2025 12:45:00 PM,30,NO CONTROLS,NO CONTROLS,CLEAR,DAYLIGHT,SIDESWIPE SAME DIRECTION,NOT DIVIDED,,STRAIGHT AND LEVEL,DRY,UNKNOWN,NOT ON SCENE (DESK REPORT),NO INJURY / DRIVE AWAY,,,Y,$500 OR LESS,08/09/2025 01:30:00 PM,IMPROPER LANE USAGE,NOT APPLICABLE,4311,S,ARCHER AVE,922,,,,,,,2,NO INDICATION OF INJURY,0,0,0,0,0,2,0,12,7,8,41.8151237777,-87.7023307606,POINT (-87.702330760573 41.8151237777)
06133a7c1f72f0781ea38b8c5dd676921a85b1ca7d6368c62832b0b5b44b72376e27b81b5e4a46a538fed12629aaf37852f303f50a6b52298239a868cbab2e78,,08/09/2025 12:40:00 PM,30,TRAFFIC SIGNAL,FUNCTIONING PROPERLY,CLEAR,DAYLIGHT,ANGLE,NOT DIVIDED,,STRAIGHT AND LEVEL,DRY,NO DEFECTS,ON SCENE,NO INJURY / DRIVE AWAY,,,Y,"OVER $1,500",08/09/2025 12:40:00 PM,FAILING TO YIELD RIGHT-OF-WAY,DRIVING SKILLS/KNOWLEDGE/EXPERIENCE,8700,S,ASHLAND AVE,2221,,,,,,,2,NO INDICATION OF INJURY,0,0,0,0,0,2,0,12,7,8,41.7356969886,-87.6632095445,POINT (-87.663209544457 41.735696988636)
ac3dbcfa8a621c260eeb1ca1dd01a9805593b63c83c9b6f1ce02ae718bed2d720fa1b7fe55d912e62968e42b637214e771cc4898c09411a2fbe2f6f6fc4ba21b,,08/09/2025 12:40:00 PM,30,TRAFFIC SIGNAL,FUNCTIONING PROPERLY,CLEAR,DAYLIGHT,PARKED MOTOR VEHICLE,FOUR WAY,,STRAIGHT AND LEVEL,DRY,NO DEFECTS,ON SCENE,NO INJURY / DRIVE AWAY,,,,"$501 - $1,500",08/09/2025 12:45:00 PM,RELATED TO BUS STOP,UNABLE TO DETERMINE,4357,S,ARCHER AVE,922,,,,,,,2,NO INDICATION OF INJURY,0,0,0,0,0,2,0,12,7,8,41.8143290556,-87.703626593,POINT (-87.703626592992 41.814329055564)
d267570f18b2b6771d21a0c4171ca4bd62826623bf5f78774ba52ee032823b0cd174bfb5ef95e75e01e3cba559bf88aa5cf1c54666a5f35a7086d6bc8981d218,,08/09/2025 12:36:00 PM,30,NO CONTROLS,NO CONTROLS,CLEAR,DAYLIGHT,PEDESTRIAN,FOUR WAY,,STRAIGHT AND LEVEL,DRY,NO DEFECTS,ON SCENE,INJURY AND / OR TOW DUE TO CRASH,Y,,Y,$500 OR LESS,08/09/2025 03:39:00 PM,UNABLE TO DETERMINE,UNABLE TO DETERMINE,7000,S,DR MARTIN LUTHER KING JR DR,322,,,,,,,2,NONINCAPACITATING INJURY,1,0,0,1,0,1,0,12,7,8,41.7674771765,-87.6154518101,POINT (-87.615451810109 41.767477176487)
31f9f658d158216c217da7f595258a6280e4576ba5fd4810cbc772217a1901bf64c8d6adf83c8b0e5e52b6e231aad89bf151a5358525221979c3a5a067fcf7b9,,08/09/2025 12:30:00 PM,30,OTHER,FUNCTIONING PROPERLY,CLEAR,DAYLIGHT,SIDESWIPE SAME DIRECTION,NOT DIVIDED,,STRAIGHT AND LEVEL,DRY,NO DEFECTS,NOT ON SCENE (DESK REPORT),NO INJURY / DRIVE AWAY,,,,$500 OR LESS,08/09/2025 01:45:00 PM,IMPROPER LANE USAGE,NOT APPLICABLE,2458,W,MADISON ST,1222,,,,,,,2,NO INDICATION OF INJURY,0,0,0,0,0,3,0,12,7,8,41.8812472328,-87.6883909402,POINT (-87.688390940241 41.881247232761)
7c53f739ac4660dd15ab8d7e1205afafd9b49eb1d2261f765bfd2e507df49cd921cda5f6d5d2a9cd28e3e68ab4933e9114f8a6d77a5d1bb421f89500b3342b2d,,08/09/2025 12:30:00 PM,35,STOP SIGN/FLASHER,FUNCTIONING PROPERLY,CLEAR,DAYLIGHT,ANGLE,NOT DIVIDED,,STRAIGHT AND LEVEL,DRY,NO DEFECTS,ON SCENE,INJURY AND / OR TOW DUE TO CRASH,Y,,,"OVER $1,500",08/09/2025 12:35:00 PM,FAILING TO YIELD RIGHT-OF-WAY,NOT APPLICABLE,1800,W,107TH ST,2212,,,,,,,2,"REPORTED, NOT EVIDENT",1,0,0,0,1,1,0,12,7,8,41.6994135033,-87.6669991732,POINT (-87.666999173223 41.699413503262)
3cc6418384634aa4d5b5b131eefc03194e2e18167fb21ffd78421328176211a590005965380b24ebdc85ed0ab728131d25ec197cb282fda840b1807f447116b5,,08/09/2025 12:25:00 PM,30,TRAFFIC SIGNAL,FUNCTIONING PROPERLY,CLEAR,DAYLIGHT,REAR END,NOT DIVIDED,,STRAIGHT AND LEVEL,DRY,NO DEFECTS,ON SCENE,NO INJURY / DRIVE AWAY,,,Y,"OVER $1,500",08/09/2025 03:29:00 PM,FAILING TO REDUCE SPEED TO AVOID CRASH,NOT APPLICABLE,722,W,18TH ST,1235,,,,,,,3,NO INDICATION OF INJURY,0,0,0,0,0,9,0,12,7,8,41.8576670831,-87.645711382,POINT (-87.645711382012 41.857667083082)
0d84fe14322a036b671aa2e7a1384f7d1a1c1a2e86421b5373a92ba08a26597cc9ccc57cb8a9461a0611aa937c9993ed211eaed65f11f30462abf6641dd4614b,,08/09/2025 12:20:00 PM,30,UNKNOWN,UNKNOWN,CLEAR,DAYLIGHT,TURNING,NOT DIVIDED,,STRAIGHT AND LEVEL,DRY,UNKNOWN,ON SCENE,INJURY AND / OR TOW DUE TO CRASH,Y,,,"OVER $1,500",08/09/2025 12:25:00 PM,UNABLE TO DETERMINE,UNABLE TO DETERMINE,3401,W,PETERSON AVE,1711,,,,,,,2,NONINCAPACITATING INJURY,1,0,0,1,0,1,0,12,7,8,41.9902123256,-87.7140436153,POINT (-87.714043615307 41.990212325566)
9a30a508337dd99a537c1a5b3b213254ebdedb23f7c112b0612530f7d873e8c6a8f1ff76189440594b78bf69cb67aaadb57da0749ece04499c73b9e063c112c0,,08/09/2025 12:18:00 PM,20,TRAFFIC SIGNAL,FUNCTIONING PROPERLY,CLEAR,DAYLIGHT,ANGLE,FOUR WAY,,STRAIGHT AND LEVEL,DRY,UNKNOWN,,INJURY AND / OR TOW DUE TO CRASH,Y,,,"OVER $1,500",08/09/2025 12:18:00 PM,UNABLE TO DETERMINE,UNABLE TO DETERMINE,7400,S,STONY ISLAND AVE,324,,,,,,,2,NO INDICATION OF INJURY,0,0,0,0,0,2,0,12,7,8,41.7605411501,-87.5863302784,POINT (-87.58633027841 41.760541150061)
d71d4f9e32828dff2143d0cf7b4c3bb2540c1fbae417d05234df6065042c314799d90530f01930c6ce20de8c1b9b1f94a712e348d2e9a0eeff47756261e85ffb,,08/09/2025 12:15:00 PM,10,NO CONTROLS,NO CONTROLS,CLEAR,DAYLIGHT,OTHER OBJECT,PARKING LOT,,STRAIGHT AND LEVEL,UNKNOWN,UNKNOWN,NOT ON SCENE (DESK REPORT),NO INJURY / DRIVE AWAY,,,,"OVER $1,500",08/09/2025 01:22:00 PM,UNABLE TO DETERMINE,UNABLE TO DETERMINE,3006,W,ROOSEVELT RD,1134,,,,,,,2,NO INDICATION OF INJURY,0,0,0,0,0,2,0,12,7,8,41.8665620266,-87.7011268337,POINT (-87.70112683375 41.866562026556)
6848f0eb000b88a3bd374bcbead39e7564055be3c288732d0dc67b8afcddfaae7edf0d0910736c754397104e2174488b65e84665258717953fa5b2aa52f2e872,,08/09/2025 12:10:00 PM,30,NO CONTROLS,NO CONTROLS,CLEAR,DAYLIGHT,TURNING,NOT DIVIDED,,STRAIGHT AND LEVEL,UNKNOWN,UNKNOWN,NOT ON SCENE (DESK REPORT),NO INJURY / DRIVE AWAY,,,,"OVER $1,500",08/09/2025 12:10:00 PM,FAILING TO YIELD RIGHT-OF-WAY,UNABLE TO DETERMINE,4946,N,MILWAUKEE AVE,1623,,,,,,,2,NO INDICATION OF INJURY,0,0,0,0,0,2,0,12,7,8,41.9706775856,-87.7634289442,POINT (-87.76342894418 41.97067758561)
fa04950666c55149eccd59c05fe3a673105ce17cb556e1d6fb4ac5c947493fea9456baa026b24ef6ea4897cfec757327b6afa7d34379c85fba30be19324271b8,,08/09/2025 12:10:00 PM,30,NO CONTROLS,NO CONTROLS,CLEAR,DAYLIGHT,ANGLE,T-INTERSECTION,,STRAIGHT AND LEVEL,DRY,UNKNOWN,NOT ON SCENE (DESK REPORT),NO INJURY / DRIVE AWAY,,,,"OVER $1,500",08/09/2025 01:15:00 PM,UNABLE TO DETERMINE,UNABLE TO DETERMINE,2410,N,BERNARD ST,1413,,,,,,,2,NO INDICATION OF INJURY,0,0,0,0,0,2,0,12,7,8,41.9250184891,-87.7134859936,POINT (-87.713485993553 41.925018489119)
ff1e5d6b1785fe30a6f33f747d31689958bfab143130875b2496cc0ce16b7c26b790e3b40bcf0a7a2a264bc8ced5c18ec73e9afd2706827edc245903856dcae4,,08/09/2025 12:10:00 PM,30,TRAFFIC SIGNAL,UNKNOWN,CLEAR,DAYLIGHT,ANGLE,NOT DIVIDED,,STRAIGHT AND LEVEL,UNKNOWN,UNKNOWN,NOT ON SCENE (DESK REPORT),NO INJURY / DRIVE AWAY,,,,"OVER $1,500",08/09/2025 01:01:00 PM,UNABLE TO DETERMINE,UNABLE TO DETERMINE,2410,N,AUSTIN AVE,2512,,,,,,,2,NO INDICATION OF INJURY,0,0,0,0,0,2,0,12,7,8,41.9241399468,-87.7758733398,POINT (-87.775873339815 41.924139946811)
4bb9b1102600161fe7a034a34945367d0145751f66c2f124d14583f855bdf404df263ae03db50b3e4f017989b0d6a9b58b41bb44a3f8b0c1904e8c97b6cb0ace,,08/09/2025 12:06:00 PM,25,OTHER,NO CONTROLS,CLEAR,DAYLIGHT,OTHER OBJECT,ONE-WAY,,STRAIGHT AND LEVEL,DRY,NO DEFECTS,ON SCENE,INJURY AND / OR TOW DUE TO CRASH,,,,"OVER $1,500",08/09/2025 12:06:00 PM,FAILING TO REDUCE SPEED TO AVOID CRASH,UNABLE TO DETERMINE,200,S,LAVERGNE AVE,1533,,,,,,,2,NONINCAPACITATING INJURY,1,0,0,1,0,1,0,12,7,8,41.8784959092,-87.7494937272,POINT (-87.749493727206 41.87849590917)
21db3c0dda804cac1676ed28ab8c8fb585eb4b50e92aa42afc938a6c020ba8d147725c4c7b687667ab68f0f2d42bb743168176ed1868392b71717b51d02b26f7,Y,08/09/2025 12:05:00 PM,30,TRAFFIC SIGNAL,FUNCTIONING PROPERLY,CLEAR,DAYLIGHT,REAR END,NOT DIVIDED,,STRAIGHT AND LEVEL,DRY,NO DEFECTS,ON SCENE,INJURY AND / OR TOW DUE TO CRASH,,,,$500 OR LESS,08/09/2025 12:14:00 PM,FOLLOWING TOO CLOSELY,UNABLE TO DETERMINE,5300,W,MADISON ST,1522,,,,,,,2,"REPORTED, NOT EVIDENT",1,0,0,0,1,2,0,12,7,8,41.8804471974,-87.7577550463,POINT (-87.757755046348 41.880447197368)
61f63b9dd7acca9d27208bbc676c0592e534a727311afb4457c514a9bad73e9bbc5a79bd6e99cfa4e03baeb80060f11c8629a01868e85218ad9f711ac6004b7f,,08/09/2025 12:00:00 PM,30,NO CONTROLS,NO CONTROLS,CLEAR,DAYLIGHT,SIDESWIPE SAME DIRECTION,ONE-WAY,,STRAIGHT AND LEVEL,DRY,NO DEFECTS,NOT ON SCENE (DESK REPORT),NO INJURY / DRIVE AWAY,,,,"OVER $1,500",08/09/2025 01:35:00 PM,FAILING TO YIELD RIGHT-OF-WAY,FAILING TO YIELD RIGHT-OF-WAY,5142,S,CALUMET AVE,231,,,,,,,2,NO INDICATION OF INJURY,0,0,0,0,0,2,0,12,7,8,41.8008379656,-87.6178649473,POINT (-87.617864947262 41.800837965621)
63ceedf39b240fbbaf2dbabf18ba378e3ed2cfd9f1ab836c1d3d83ef5749355bd4a79f850405f7a1a5a06c64df77916870e15a673ad88ada24979956e5ef4661,Y,08/09/2025 12:00:00 PM,10,NO CONTROLS,NO CONTROLS,UNKNOWN,UNKNOWN,PARKED MOTOR VEHICLE,PARKING LOT,,STRAIGHT AND LEVEL,UNKNOWN,UNKNOWN,NOT ON SCENE (DESK REPORT),NO INJURY / DRIVE AWAY,,Y,Y,"$501 - $1,500",08/09/2025 02:25:00 PM,"OPERATING VEHICLE IN ERRATIC, RECKLESS, CARELESS, NEGLIGENT OR AGGRESSIVE MANNER",NOT APPLICABLE,3637,S,STATE ST,213,,Y,,,,,2,NO INDICATION OF INJURY,0,0,0,0,0,1,0,12,7,8,41.8285333132,-87.6263556589,POINT (-87.626355658888 41.828533313193)
8c6b8f552e614b3ee5d31409612203f931e3422763d70e14c38afe6f37776f37197edb80ba1c9f2711d64b1bab4545429f32316aa32193a35d0ed6198d152df4,,08/09/2025 12:00:00 PM,30,TRAFFIC SIGNAL,UNKNOWN,CLEAR,DAYLIGHT,SIDESWIPE SAME DIRECTION,NOT DIVIDED,,STRAIGHT AND LEVEL,DRY,UNKNOWN,NOT ON SCENE (DESK REPORT),NO INJURY / DRIVE AWAY,,,,"OVER $1,500",08/10/2025 11:23:00 AM,UNABLE TO DETERMINE,UNABLE TO DETERMINE,432,W,83RD ST,622,,Y,,,,,2,NO INDICATION OF INJURY,0,0,0,0,0,2,0,12,7,8,41.744011704,-87.6352416324,POINT (-87.635241632437 41.744011703955)
9df88f83f129e7cd598b74026ff58f3bfb3e6e23476ed928b0b0f48d99f02c4ce3cb6e400dfd5014a4388a91003263d7c58fb83b95960410563e926c87597773,,08/09/2025 12:00:00 PM,30,TRAFFIC SIGNAL,FUNCTIONING PROPERLY,CLEAR,DAYLIGHT,TURNING,DIVIDED - W/MEDIAN (NOT RAISED),,STRAIGHT AND LEVEL,DRY,NO DEFECTS,NOT ON SCENE (DESK REPORT),NO INJURY / DRIVE AWAY,Y,,Y,"OVER $1,500",08/09/2025 12:35:00 PM,FAILING TO YIELD RIGHT-OF-WAY,FAILING TO YIELD RIGHT-OF-WAY,4800,N,KEDZIE AVE,1713,,,,,,,2,NO INDICATION OF INJURY,0,0,0,0,0,3,0,12,7,8,41.968539734,-87.7086221452,POINT (-87.708622145243 41.968539734001)
9e1090f763ea918eafea00dafae56016e44bc001a16d9083b261ea6ffaee8ae6f1882e4366c113e1f8645f4d282b81d3c8284deea410e1e8513fffd9b3807e10,,08/09/2025 12:00:00 PM,30,NO CONTROLS,NO CONTROLS,CLEAR,DAYLIGHT,PARKED MOTOR VEHICLE,NOT DIVIDED,,STRAIGHT AND LEVEL,DRY,NO DEFECTS,NOT ON SCENE (DESK REPORT),NO INJURY / DRIVE AWAY,,,Y,"$501 - $1,500",08/09/2025 04:09:00 PM,UNABLE TO DETERMINE,UNABLE TO DETERMINE,201,E,29TH ST,133,,,,,,,2,NO INDICATION OF INJURY,0,0,0,0,0,1,0,12,7,8,41.841883721,-87.6218964362,POINT (-87.621896436228 41.841883721017)
b6304ec8bfcc3e7ed1ca08eb54d6c27584f7be15221e8704963d06626713623b291f5898b862ffc00de6d495b8d451d14a88ec854a5ee681fda7e37a95165f34,,08/09/2025 12:00:00 PM,30,NO CONTROLS,NO CONTROLS,CLEAR,DAYLIGHT,ANGLE,T-INTERSECTION,,STRAIGHT AND LEVEL,DRY,NO DEFECTS,ON SCENE,INJURY AND / OR TOW DUE TO CRASH,Y,,,"OVER $1,500",08/09/2025 12:18:00 PM,DISREGARDING STOP SIGN,UNABLE TO DETERMINE,6600,S,DR MARTIN LUTHER KING JR DR,312,,,,,,,2,NONINCAPACITATING INJURY,1,0,0,1,0,3,0,12,7,8,41.7746934593,-87.6156368216,POINT (-87.615636821647 41.774693459289)
c58711bf3e594ab633761e574a8620f6148cc75a01a2df4bf968d500fc7d59327c8ab15d1cbfc90fec15e4920fc4b3fd3a064afaf6ce74f26b54b0861bf592aa,,08/09/2025 12:00:00 PM,10,NO CONTROLS,NO CONTROLS,CLEAR,UNKNOWN,PARKED MOTOR VEHICLE,PARKING LOT,,STRAIGHT AND LEVEL,UNKNOWN,UNKNOWN,NOT ON SCENE (DESK REPORT),NO INJURY / DRIVE AWAY,,,Y,"OVER $1,500",08/09/2025 10:35:00 PM,UNABLE TO DETERMINE,UNABLE TO DETERMINE,3600,N,RECREATION DR,1925,,,,,,,2,NO INDICATION OF INJURY,0,0,0,0,0,1,0,12,7,8,41.9488655712,-87.6430342452,POINT (-87.643034245157 41.948865571246)
d9fd6ecf669e2df518d3626407179fa7c636fe21056118709fa0e34f10ab97586ec9d704f382456df51aef4b3d474aec71debab25423a6a50920a21ffa93a9d4,,08/09/2025 11:57:00 AM,30,NO CONTROLS,NO CONTROLS,CLEAR,DAYLIGHT,PARKED MOTOR VEHICLE,ONE-WAY,,STRAIGHT AND LEVEL,DRY,NO DEFECTS,ON SCENE,NO INJURY / DRIVE AWAY,,,Y,"$501 - $1,500",08/09/2025 11:58:00 AM,FOLLOWING TOO CLOSELY,UNABLE TO DETERMINE,3301,W,ARDMORE AVE,1711,,,,,,,2,NO INDICATION OF INJURY,0,0,0,0,0,1,0,11,7,8,41.9865633279,-87.7114855823,POINT (-87.711485582298 41.98656332789)
bb0aed0555107b70fc415bb6077e52d6058eca3ba31b4af2110e6ac835fdbf5567382183ae3717904b60e702adec509b62744eabb0a829607ca1f4b4f498d0db,,08/09/2025 11:50:00 AM,30,NO CONTROLS,NO CONTROLS,CLEAR,DAYLIGHT,REAR END,DIVIDED - W/MEDIAN (NOT RAISED),,STRAIGHT AND LEVEL,DRY,"RUT, HOLES",ON SCENE,INJURY AND / OR TOW DUE TO CRASH,,,Y,"OVER $1,500",08/09/2025 11:52:00 AM,UNABLE TO DETERMINE,UNABLE TO DETERMINE,1034,W,GARFIELD BLVD,934,,,,,,,2,NONINCAPACITATING INJURY,3,0,0,1,2,2,0,11,7,8,41.7943362042,-87.6513016553,POINT (-87.651301655294 41.79433620415)
f05ed124df923f75d4c9ff5733a0ed8952dd9376132d2c7648d5327769630f6025dc8be7b2ff8dba4a147661647a66330544b08808bc78ec31156905c983babd,,08/09/2025 11:50:00 AM,30,STOP SIGN/FLASHER,FUNCTIONING PROPERLY,CLEAR,DAYLIGHT,TURNING,OTHER,,STRAIGHT AND LEVEL,DRY,NO DEFECTS,NOT ON SCENE (DESK REPORT),NO INJURY / DRIVE AWAY,,,,"OVER $1,500",08/09/2025 12:10:00 PM,FAILING TO YIELD RIGHT-OF-WAY,NOT APPLICABLE,4820,N,PULASKI RD,1712,,,,,,,2,NO INDICATION OF INJURY,0,0,0,0,0,2,0,11,7,8,41.9689253525,-87.7281959482,POINT (-87.728195948218 41.968925352509)
a99ce05799d2658d82859b58e60b95cde732b53dd9e8acd81c8ae8992b307835684d1c98ab5b9cc6dd9c5a99d62d3ba4bfc8c166aeedafcec2c43fb1b153d6be,,08/09/2025 11:44:00 AM,30,TRAFFIC SIGNAL,FUNCTIONING PROPERLY,CLEAR,DAYLIGHT,TURNING,NOT DIVIDED,,STRAIGHT AND LEVEL,DRY,NO DEFECTS,NOT ON SCENE (DESK REPORT),NO INJURY / DRIVE AWAY,Y,,,"$501 - $1,500",08/09/2025 07:35:00 PM,UNABLE TO DETERMINE,NOT APPLICABLE,3980,N,SOUTHPORT AVE,1922,,,,,,,2,NO INDICATION OF INJURY,0,0,0,0,0,3,0,11,7,8,41.9542624883,-87.6643608702,POINT (-87.664360870245 41.954262488348)
e55e4a3f4f0aa723d61acee9cc13df7ccc931a0e888d0f9a14434a8ca790d03f26e01b1add76584c74cd9eace17e30aea464a8dc2a6d06267bddf7cc8c142c5f,,08/09/2025 11:42:00 AM,30,NO CONTROLS,NO CONTROLS,CLEAR,DAYLIGHT,REAR END,DIVIDED - W/MEDIAN BARRIER,,STRAIGHT AND LEVEL,DRY,NO DEFECTS,ON SCENE,NO INJURY / DRIVE AWAY,,,Y,"OVER $1,500",08/09/2025 11:42:00 AM,FOLLOWING TOO CLOSELY,NOT APPLICABLE,1817,W,PETERSON AVE,2012,,Y,,,,,3,NO INDICATION OF INJURY,0,0,0,0,0,3,0,11,7,8,41.9906309903,-87.6759148172,POINT (-87.675914817206 41.990630990268)