CRASH_RECORD_ID,CRASH_DATE_EST_I,CRASH_DATE,POSTED_SPEED_LIMIT,TRAFFIC_CONTROL_DEVICE,DEVICE_CONDITION,WEATHER_CONDITION,LIGHTING_CONDITION,FIRST_CRASH_TYPE,TRAFFICWAY_TYPE,LANE_CNT,ALIGNMENT,ROADWAY_SURFACE_COND,ROAD_DEFECT,REPORT_TYPE,CRASH_TYPE,INTERSECTION_RELATED_I,NOT_RIGHT_OF_WAY_I,HIT_AND_RUN_I,DAMAGE,DATE_POLICE_NOTIFIED,PRIM_CONTRIBUTORY_CAUSE,SEC_CONTRIBUTORY_CAUSE,STREET_NO,STREET_DIRECTION,STREET_NAME,BEAT_OF_OCCURRENCE,PHOTOS_TAKEN_I,STATEMENTS_TAKEN_I,DOORING_I,WORK_ZONE_I,WORK_ZONE_TYPE,WORKERS_PRESENT_I,NUM_UNITS,MOST_SEVERE_INJURY,INJURIES_TOTAL,INJURIES_FATAL,INJURIES_INCAPACITATING,INJURIES_NON_INCAPACITATING,INJURIES_REPORTED_NOT_EVIDENT,INJURIES_NO_INDICATION,INJURIES_UNKNOWN,CRASH_HOUR,CRASH_DAY_OF_WEEK,CRASH_MONTH,LATITUDE,LONGITUDE,LOCATION
14c3809d3bf03edbf1f7676db0600d6e897b26e2d95882588f8d06a363ce74b592f86786d0837133178e068c8bacd53cb99beab98693c136507356c2293b4385,,08/09/2025 11:40:00 AM,30,TRAFFIC SIGNAL,NO CONTROLS,CLEAR,DAYLIGHT,SIDESWIPE SAME DIRECTION,NOT DIVIDED,,STRAIGHT AND LEVEL,DRY,NO DEFECTS,NOT ON SCENE (DESK REPORT),NO INJURY / DRIVE AWAY,,,,"OVER $1,500",08/09/2025 12:00:00 PM,UNABLE TO DETERMINE,NOT APPLICABLE,600,W,IRVING PARK DR,1915,,,,,,,2,NO INDICATION OF INJURY,0,0,0,0,0,3,0,11,7,8,41.954745513,-87.6453293959,POINT (-87.645329395868 41.954745512967)
f41c9c284becb38f839dadff8d415319256cbcf31c5115bc232b22ec450b97b17dc55a4aaa3d23783e31e23c3a88ed896665c5d8d47a2d07859d9d4aaf3f6732,,08/09/2025 11:39:00 AM,30,TRAFFIC SIGNAL,FUNCTIONING PROPERLY,CLEAR,DAYLIGHT,ANGLE,NOT DIVIDED,,STRAIGHT AND LEVEL,DRY,NO DEFECTS,ON SCENE,INJURY AND / OR TOW DUE TO CRASH,Y,,,"OVER $1,500",08/09/2025 11:41:00 AM,DISREGARDING TRAFFIC SIGNALS,NOT APPLICABLE,5900,S,DAMEN AVE,714,,,,,,,2,NONINCAPACITATING INJURY,2,0,0,2,0,1,0,11,7,8,41.7865334538,-87.67424315,POINT (-87.674243150013 41.786533453836)
274cc8e5743a54b1308eb06ad9bb30304888800237295cf396d21313b12523b72bd52f316e3f64dcd4279bdb46c38a250fbb10fed29a9d2b7f8e4e9271c37e7c,,08/09/2025 11:33:00 AM,35,NO CONTROLS,NO CONTROLS,CLEAR,DAYLIGHT,TURNING,DIVIDED - W/MEDIAN (NOT RAISED),,STRAIGHT AND LEVEL,DRY,NO DEFECTS,ON SCENE,INJURY AND / OR TOW DUE TO CRASH,,,,"OVER $1,500",08/09/2025 11:35:00 AM,FAILING TO YIELD RIGHT-OF-WAY,UNABLE TO DETERMINE,7045,S,PULASKI RD,833,,,,,,,2,NO INDICATION OF INJURY,0,0,0,0,0,2,0,11,7,8,41.7645896091,-87.7222396043,POINT (-87.722239604294 41.764589609122)
7a60cedeca619aa6e29a6b586900c7c912aa5740e6dd33204c10f3f291e6dbdbc390eb27a6318711e43ef3d2c5c563c1332cb1195b02df2f1ef21cca8b381e18,,08/09/2025 11:30:00 AM,30,NO CONTROLS,NO CONTROLS,CLEAR,DAYLIGHT,SIDESWIPE SAME DIRECTION,DIVIDED - W/MEDIAN (NOT RAISED),,STRAIGHT AND LEVEL,DRY,NO DEFECTS,NOT ON SCENE (DESK REPORT),NO INJURY / DRIVE AWAY,,,Y,"OVER $1,500",08/09/2025 01:30:00 PM,IMPROPER LANE USAGE,UNABLE TO DETERMINE,6040,N,SHERIDAN RD,2433,,,,,,,2,NO INDICATION OF INJURY,0,0,0,0,0,3,0,11,7,8,41.9921323097,-87.6555980265,POINT (-87.655598026495 41.99213230967)
dfeaffa57569f316e1834e130b399bb962be112b518c4c6bb54147b309528569998a2965687de0d7df1435f45df1cfaa77c834bd29835cbbbf76c0e146a25f2f,,08/09/2025 11:18:00 AM,30,NO CONTROLS,NO CONTROLS,CLEAR,DAYLIGHT,SIDESWIPE SAME DIRECTION,DIVIDED - W/MEDIAN (NOT RAISED),,STRAIGHT AND LEVEL,DRY,NO DEFECTS,NOT ON SCENE (DESK REPORT),NO INJURY / DRIVE AWAY,,,,"OVER $1,500",08/09/2025 12:00:00 PM,IMPROPER LANE USAGE,UNABLE TO DETERMINE,3519,N,CICERO AVE,1731,,,,,,,2,NO INDICATION OF INJURY,0,0,0,0,0,3,0,11,7,8,41.9452385534,-87.7468918112,POINT (-87.746891811225 41.945238553433)
cc3a6adcdace005b5005c6fd25043cf2563210d5898b1f6ae9f67adcbe44dfcea089a4781cd45128fe9c25107d6b4da2d7871bf3434f4eb37522252f78e2b132,,08/09/2025 11:17:00 AM,30,NO CONTROLS,NO CONTROLS,CLEAR,DAYLIGHT,SIDESWIPE SAME DIRECTION,ONE-WAY,,STRAIGHT AND LEVEL,DRY,NO DEFECTS,NOT ON SCENE (DESK REPORT),NO INJURY / DRIVE AWAY,,,,"$501 - $1,500",08/09/2025 05:38:00 PM,IMPROPER OVERTAKING/PASSING,NOT APPLICABLE,5828,S,SAWYER AVE,822,,,,,,,2,NO INDICATION OF INJURY,0,0,0,0,0,2,0,11,7,8,41.7871618702,-87.7047455217,POINT (-87.704745521662 41.787161870237)
ddb13524bfa60e49c67835465412ad17a3ab6eb062d2e2ad8403a17b5785b074c469d38ef2589e23dbe9424379646deb57c0ddc3da0a5a165ef3c8cb210ac395,,08/09/2025 11:15:00 AM,40,NO CONTROLS,NO CONTROLS,CLEAR,DAYLIGHT,REAR END,OTHER,,STRAIGHT AND LEVEL,DRY,UNKNOWN,ON SCENE,INJURY AND / OR TOW DUE TO CRASH,,,,"OVER $1,500",08/09/2025 11:17:00 AM,IMPROPER LANE USAGE,NOT APPLICABLE,3930,N,LAKE SHORE DR SB,1925,,,,,,,2,NO INDICATION OF INJURY,0,0,0,0,0,3,0,11,7,8,41.9538617614,-87.6449135906,POINT (-87.644913590629 41.953861761419)
31c5274545358d00764f3058126322de6d71cb41cece6161d810a5cad5e10de5c2588e0f1c8074eb356c4fbe492924eb98ae9268a20a3cb34033e70d55e0bc4d,Y,08/09/2025 11:00:00 AM,20,NO CONTROLS,NO CONTROLS,UNKNOWN,UNKNOWN,PARKED MOTOR VEHICLE,ALLEY,,STRAIGHT AND LEVEL,UNKNOWN,NO DEFECTS,NOT ON SCENE (DESK REPORT),NO INJURY / DRIVE AWAY,,,Y,"OVER $1,500",08/13/2025 10:48:00 AM,UNABLE TO DETERMINE,NOT APPLICABLE,5323,W,WASHINGTON BLVD,1522,,,,,,,2,NO INDICATION OF INJURY,0,0,0,0,0,1,0,11,7,8,41.8822176142,-87.7586501868,POINT (-87.75865018677 41.882217614176)
4d8e85f0c2b3c48bf377138e541fa27411c59489424f01da48e283efe2a8d285ed689e29d3eaa20a436e222a76182dedec33c0369513b49c56c4ffd160373dc8,,08/09/2025 11:00:00 AM,30,NO CONTROLS,NO CONTROLS,CLEAR,DAYLIGHT,ANGLE,NOT DIVIDED,,STRAIGHT AND LEVEL,DRY,NO DEFECTS,NOT ON SCENE (DESK REPORT),INJURY AND / OR TOW DUE TO CRASH,,,,"OVER $1,500",08/09/2025 09:10:00 PM,FAILING TO YIELD RIGHT-OF-WAY,UNABLE TO DETERMINE,2415,N,BERNARD ST,1413,,,,,,,2,"REPORTED, NOT EVIDENT",1,0,0,0,1,2,0,11,7,8,41.9251354247,-87.7131954817,POINT (-87.713195481676 41.925135424678)
751e2d89b55a253ba73b206bc6345e3adbe17ede0b74056a1d1f5deeb2d27b413f7b9820a085373141b8e4296e92201fa1b10f90bd8213c67957ba232f8ef3c0,,08/09/2025 11:00:00 AM,30,STOP SIGN/FLASHER,FUNCTIONING PROPERLY,CLEAR,DAYLIGHT,REAR END,NOT DIVIDED,,STRAIGHT AND LEVEL,DRY,NO DEFECTS,NOT ON SCENE (DESK REPORT),NO INJURY / DRIVE AWAY,,,Y,"OVER $1,500",08/09/2025 01:00:00 PM,FOLLOWING TOO CLOSELY,NOT APPLICABLE,3732,E,106TH ST,432,,,,,,,2,NO INDICATION OF INJURY,0,0,0,0,0,2,0,11,7,8,41.70283052,-87.5328059461,POINT (-87.532805946096 41.702830520008)
9eb5ee3668f58ab23878eee4bcd318cb8f3645cdee28d51ae8049ba6ba976964a26d98f12e575b0ba76ea0692e0c8011a543b53f892c67fa2b69654a1de118da,,08/09/2025 11:00:00 AM,30,NO CONTROLS,NO CONTROLS,CLEAR,DAYLIGHT,REAR TO SIDE,ONE-WAY,,STRAIGHT AND LEVEL,DRY,UNKNOWN,,NO INJURY / DRIVE AWAY,,,,"$501 - $1,500",08/09/2025 04:30:00 PM,UNABLE TO DETERMINE,NOT APPLICABLE,4000,S,INDIANA AVE,213,,,,,,,2,NO INDICATION OF INJURY,0,0,0,0,0,2,0,11,7,8,41.8219215388,-87.6217014813,POINT (-87.621701481275 41.821921538799)
cefd6b1fe02f100dc459850b2d971e53bb0d7612e63593745ac7db9855cd0cadd336e66d3a6d9fb08568ab2c5f2f44e8b740a6bb1f87b7915c5a41f408823bb8,,08/09/2025 11:00:00 AM,30,TRAFFIC SIGNAL,FUNCTIONING PROPERLY,CLEAR,DAYLIGHT,REAR END,FOUR WAY,,STRAIGHT AND LEVEL,DRY,NO DEFECTS,NOT ON SCENE (DESK REPORT),NO INJURY / DRIVE AWAY,Y,,,"$501 - $1,500",08/09/2025 11:20:00 AM,UNABLE TO DETERMINE,UNABLE TO DETERMINE,8701,S,HALSTED ST,2223,,Y,,,,,2,NO INDICATION OF INJURY,0,0,0,0,0,3,0,11,7,8,41.7357908524,-87.6434658255,POINT (-87.643465825495 41.735790852391)
d71699cd81712835e08006acd85e46014d249db37e5cee7af56c85d5d8f416d9a95507ed34b7c65a8dc18f894c4566452533969480d6fe58d649a37703bc43e3,,08/09/2025 11:00:00 AM,30,UNKNOWN,UNKNOWN,UNKNOWN,DAYLIGHT,REAR TO REAR,PARKING LOT,,STRAIGHT AND LEVEL,UNKNOWN,UNKNOWN,NOT ON SCENE (DESK REPORT),NO INJURY / DRIVE AWAY,,,,"OVER $1,500",08/13/2025 06:45:00 PM,UNABLE TO DETERMINE,UNABLE TO DETERMINE,4436,N,SACRAMENTO AVE,1724,,,,,,,2,NO INDICATION OF INJURY,0,0,0,0,0,2,0,11,7,8,41.9623282533,-87.7035358627,POINT (-87.7035358627 41.962328253341)
135c0527427daecc5819362c8a920a1c11d4ca99c69887e135248062ef4b78fa7a7b81e8c479b021832fe8e42f27bef935a6c4893031f65059b6217f1f11d06f,,08/09/2025 10:59:00 AM,10,NO CONTROLS,NO CONTROLS,CLEAR,DAYLIGHT,PARKED MOTOR VEHICLE,PARKING LOT,,STRAIGHT AND LEVEL,DRY,NO DEFECTS,ON SCENE,NO INJURY / DRIVE AWAY,,Y,,"$501 - $1,500",08/09/2025 11:04:00 AM,UNABLE TO DETERMINE,UNABLE TO DETERMINE,2544,N,NARRAGANSETT AVE,2512,,,,,,,2,NO INDICATION OF INJURY,0,0,0,0,0,1,0,10,7,8,41.9269019903,-87.7857156981,POINT (-87.785715698062 41.926901990254)
222c0c2ec4d2c26edd4459a74a3d37f73a909bcd2f3974eeb5e33e6bc1953dcc708deb2f167f835ed7c92e24b83dd6ff7b1b013f6c5d261963ee08c48b802b18,,08/09/2025 10:45:00 AM,30,UNKNOWN,UNKNOWN,CLEAR,"DARKNESS, LIGHTED ROAD",REAR END,NOT DIVIDED,,STRAIGHT AND LEVEL,DRY,NO DEFECTS,NOT ON SCENE (DESK REPORT),NO INJURY / DRIVE AWAY,,,,"OVER $1,500",08/09/2025 11:58:00 AM,IMPROPER BACKING,IMPROPER BACKING,1143,W,WAVELAND AVE,1923,,,,,,,2,NO INDICATION OF INJURY,0,0,0,0,0,2,0,10,7,8,41.9488682344,-87.6585404629,POINT (-87.658540462925 41.948868234355)
d0143c2689648988240b40f3c469c0529047bd86866f340aacf70d21d19c9ea18599fcf97950e8d6c1cf4137639625a4668e6f2db0b2f8978541c7fc0a408045,,08/09/2025 10:40:00 AM,10,NO CONTROLS,NO CONTROLS,CLEAR,DAYLIGHT,PARKED MOTOR VEHICLE,NOT DIVIDED,,STRAIGHT AND LEVEL,DRY,NO DEFECTS,NOT ON SCENE (DESK REPORT),NO INJURY / DRIVE AWAY,,,,"$501 - $1,500",08/09/2025 12:20:00 PM,IMPROPER BACKING,NOT APPLICABLE,6110,W,63RD ST,812,,,,,,,2,NO INDICATION OF INJURY,0,0,0,0,0,2,0,10,7,8,41.7779153185,-87.7744623742,POINT (-87.774462374225 41.777915318531)
319cbededcf3bda3398d4259c0bbb9c2185c74da28846b2f5db0356c055cdc6796bb1ac3f362c136268e249cd09ffe08b0c7baf63a7a15f70e46dff71d64018d,,08/09/2025 10:30:00 AM,30,UNKNOWN,UNKNOWN,CLEAR,DAYLIGHT,SIDESWIPE SAME DIRECTION,NOT DIVIDED,,STRAIGHT AND LEVEL,UNKNOWN,UNKNOWN,NOT ON SCENE (DESK REPORT),NO INJURY / DRIVE AWAY,,,,"OVER $1,500",08/09/2025 03:30:00 PM,UNABLE TO DETERMINE,UNABLE TO DETERMINE,1419,N,SANDBURG TER,1821,,,,,,,2,NO INDICATION OF INJURY,0,0,0,0,0,2,0,10,7,8,41.9083323256,-87.6320493634,POINT (-87.632049363406 41.90833232561)
c11d7751747d6998a9caaec1d517e6797ac7b84e2d6be83de50289120ffb60b63e47130158c8b915725e608e4f6934274ede15c9a41eea0527a412c79c9bc4f6,,08/09/2025 10:30:00 AM,30,STOP SIGN/FLASHER,FUNCTIONING PROPERLY,CLEAR,DAYLIGHT,SIDESWIPE SAME DIRECTION,ONE-WAY,,STRAIGHT AND LEVEL,DRY,NO DEFECTS,,NO INJURY / DRIVE AWAY,,,,"OVER $1,500",08/09/2025 12:00:00 PM,UNABLE TO DETERMINE,NOT APPLICABLE,757,E,49TH ST,223,,,,,,,2,NO INDICATION OF INJURY,0,0,0,0,0,2,0,10,7,8,41.805782825,-87.606545328,POINT (-87.606545328006 41.805782825022)
c8f31925df032594cdef8eb5de656acb0aca6adc74d921e3a11443b7434389b144ca39dc7261aeafd254ed550eabd735a8e8562e5053363af03b5b89732926e7,,08/09/2025 10:30:00 AM,25,NO CONTROLS,NO CONTROLS,CLEAR,DAYLIGHT,SIDESWIPE SAME DIRECTION,ONE-WAY,,STRAIGHT AND LEVEL,DRY,NO DEFECTS,NOT ON SCENE (DESK REPORT),NO INJURY / DRIVE AWAY,,,,"OVER $1,500",08/11/2025 02:06:00 PM,UNABLE TO DETERMINE,NOT APPLICABLE,8202,S,INDIANA AVE,631,,,,,,,2,NO INDICATION OF INJURY,0,0,0,0,0,2,0,10,7,8,41.7454071313,-87.6197616882,POINT (-87.619761688187 41.745407131343)
f5242081f5649c6a12207d29e69c861136a13ba4b2c6e8c3e15ccff8d5b9ec24b6c3a6341d526e3fbf6340f22c9c1171b2dfcae6c16dbdf0a8239ba5eb25bf62,,08/09/2025 10:30:00 AM,30,NO CONTROLS,NO CONTROLS,CLEAR,DAYLIGHT,REAR END,DIVIDED - W/MEDIAN (NOT RAISED),,STRAIGHT AND LEVEL,DRY,UNKNOWN,NOT ON SCENE (DESK REPORT),NO INJURY / DRIVE AWAY,,,,"OVER $1,500",08/09/2025 11:00:00 AM,FAILING TO REDUCE SPEED TO AVOID CRASH,UNABLE TO DETERMINE,4735,W,DIVERSEY AVE,2521,,,,,,,2,NO INDICATION OF INJURY,0,0,0,0,0,3,0,10,7,8,41.9314374586,-87.745554271,POINT (-87.745554270981 41.931437458646)
f820e6422049987372773d223e149901ebd00fec21ce5fc8f170eee0ee305f85d7d918930856f9981c5ecad84cd9677c1430d82aac1e3547cc27eadd1ef91e72,,08/09/2025 10:30:00 AM,30,NO CONTROLS,UNKNOWN,CLEAR,DAYLIGHT,SIDESWIPE SAME DIRECTION,NOT DIVIDED,,STRAIGHT AND LEVEL,DRY,UNKNOWN,NOT ON SCENE (DESK REPORT),NO INJURY / DRIVE AWAY,,,Y,"OVER $1,500",08/09/2025 11:05:00 AM,UNABLE TO DETERMINE,UNABLE TO DETERMINE,5714,S,CALUMET AVE,232,,,,,,,2,NO INDICATION OF INJURY,0,0,0,0,0,3,0,10,7,8,41.7906584128,-87.6176438585,POINT (-87.617643858465 41.790658412848)
3ee9f701717fcc0da0b4bf0efe556a94b29f2d25d6bfe7c4298c4fc2613077ae72ce1b2fe0d94e2ac272fc8521dd739353d93c581ccf21c3d7235cf540cd4058,,08/09/2025 10:20:00 AM,30,NO CONTROLS,NO CONTROLS,CLEAR,DAYLIGHT,PEDALCYCLIST,NOT DIVIDED,,STRAIGHT AND LEVEL,DRY,UNKNOWN,,NO INJURY / DRIVE AWAY,,,Y,"OVER $1,500",08/11/2025 09:45:00 AM,UNABLE TO DETERMINE,NOT APPLICABLE,1173,N,HAMLIN AVE,1112,,,,,,,2,NO INDICATION OF INJURY,0,0,0,0,0,2,0,10,7,8,41.9026234511,-87.721281877,POINT (-87.721281877032 41.902623451117)
20ab2ede6f1f71d4ddb49c28945a533f6f821214077104fd601b928df471699f46636fadfe50e82be2b87b9746cb1ba2c9a240c6a83fd2d8abd8d90f9e8be7e8,,08/09/2025 10:15:00 AM,30,TRAFFIC SIGNAL,FUNCTIONING PROPERLY,CLEAR,DAYLIGHT,REAR END,"FIVE POINT, OR MORE",,STRAIGHT AND LEVEL,DRY,NO DEFECTS,,INJURY AND / OR TOW DUE TO CRASH,,,,"OVER $1,500",08/09/2025 10:31:00 AM,FAILING TO REDUCE SPEED TO AVOID CRASH,FOLLOWING TOO CLOSELY,9450,S,SOUTH CHICAGO AVE,424,,,,,,,2,NONINCAPACITATING INJURY,2,0,0,2,0,1,0,10,7,8,41.7234807142,-87.5467628398,POINT (-87.546762839804 41.723480714197)
6bfa5abdaf30d95256fc1a8b4886a44102ce4a4a91883b8ef266ffc1d9b6f503ef33d645b592dc3eb820ae10bd2348d37dbf4b439b6108661fbea664cef30307,,08/09/2025 10:15:00 AM,30,TRAFFIC SIGNAL,FUNCTIONING PROPERLY,CLEAR,DAYLIGHT,REAR TO SIDE,DIVIDED - W/MEDIAN BARRIER,,STRAIGHT AND LEVEL,DRY,NO DEFECTS,NOT ON SCENE (DESK REPORT),NO INJURY / DRIVE AWAY,,,,"OVER $1,500",08/09/2025 03:45:00 PM,IMPROPER BACKING,IMPROPER LANE USAGE,111,E,WACKER DR,114,,,,,,,2,NO INDICATION OF INJURY,0,0,0,0,0,2,0,10,7,8,41.8880794261,-87.6240473698,POINT (-87.624047369764 41.888079426105)
735319549afe40b649d5948c7bfaba1353d44b0e6437a55d904c7f1376a2cab39497cca5a2cefe09773972e6f7f9a92183cc905ca5eb22ec0801fdd735ec344b,,08/09/2025 10:15:00 AM,30,TRAFFIC SIGNAL,FUNCTIONING PROPERLY,CLEAR,DAYLIGHT,REAR END,DIVIDED - W/MEDIAN (NOT RAISED),,STRAIGHT AND LEVEL,DRY,NO DEFECTS,ON SCENE,INJURY AND / OR TOW DUE TO CRASH,,,,"OVER $1,500",08/09/2025 10:17:00 AM,DISTRACTION - FROM INSIDE VEHICLE,UNABLE TO DETERMINE,7301,S,CICERO AVE,833,,,,,,,3,"REPORTED, NOT EVIDENT",1,0,0,0,1,3,0,10,7,8,41.7603882393,-87.7416271687,POINT (-87.741627168712 41.76038823931)
b359bb70df9e4a60c5fc81dbb684d8007c3efa08eb967ef546d43adaa695474fa06f816b3764b1deb5ca0758ddd2f5830af764e730ae7765ddd125e1f3a7ced1,,08/09/2025 10:05:00 AM,30,NO CONTROLS,NO CONTROLS,CLEAR,DAYLIGHT,SIDESWIPE SAME DIRECTION,DIVIDED - W/MEDIAN BARRIER,,STRAIGHT AND LEVEL,DRY,UNKNOWN,ON SCENE,NO INJURY / DRIVE AWAY,,,,"$501 - $1,500",08/09/2025 10:12:00 AM,IMPROPER OVERTAKING/PASSING,UNABLE TO DETERMINE,2607,N,MILWAUKEE AVE,1411,,,,N,,,2,NO INDICATION OF INJURY,0,0,0,0,0,4,0,10,7,8,41.9291100093,-87.7072389973,POINT (-87.70723899729 41.929110009263)
07fb161987f74ed15765e78886322b490ab12bd3b082df65457d91efcf3a6cbb1fb0b57166e4967f549dc1e028e11ca6f081dcb2973e453b6547eac33ed028cc,,08/09/2025 10:03:00 AM,30,NO CONTROLS,NO CONTROLS,CLEAR,DAYLIGHT,REAR TO REAR,PARKING LOT,,STRAIGHT AND LEVEL,DRY,NO DEFECTS,ON SCENE,NO INJURY / DRIVE AWAY,,,,"OVER $1,500",08/09/2025 10:05:00 AM,UNABLE TO DETERMINE,UNABLE TO DETERMINE,3800,N,RECREATION DR,1925,,,,,,,2,NO INDICATION OF INJURY,0,0,0,0,0,3,0,10,7,8,41.9523666637,-87.6443928893,POINT (-87.644392889299 41.952366663728)
423725520eca467d354945946bd2d31c7ec96f26d4430a3288c532ae9e7785d4bba86a65cd854fb027c7740567eb92e91f85b3bac5fae2a3607c53c525860517,,08/09/2025 10:03:00 AM,30,NO CONTROLS,NO CONTROLS,CLEAR,DAYLIGHT,SIDESWIPE SAME DIRECTION,DIVIDED - W/MEDIAN (NOT RAISED),,STRAIGHT AND LEVEL,DRY,NO DEFECTS,ON SCENE,INJURY AND / OR TOW DUE TO CRASH,,,N,"OVER $1,500",08/09/2025 10:07:00 AM,FAILING TO YIELD RIGHT-OF-WAY,FAILING TO REDUCE SPEED TO AVOID CRASH,3436,S,WESTERN BLVD,911,,,,,,,2,NO INDICATION OF INJURY,0,0,0,0,0,3,0,10,7,8,41.8310537243,-87.6846561529,POINT (-87.684656152866 41.831053724332)
05c878297a5b709e75ac15bc572bca69b166fea00aba3c4ab9bbd80e7e57282da4a7959d844611277fe559cf49e1cb922fc28a1ac30dd9333e553860a4b52b86,,08/09/2025 10:00:00 AM,20,NO CONTROLS,NO CONTROLS,CLEAR,DAYLIGHT,SIDESWIPE SAME DIRECTION,ONE-WAY,,STRAIGHT AND LEVEL,DRY,NO DEFECTS,ON SCENE,NO INJURY / DRIVE AWAY,,,Y,"OVER $1,500",08/09/2025 10:30:00 AM,IMPROPER OVERTAKING/PASSING,DRIVING SKILLS/KNOWLEDGE/EXPERIENCE,2701,W,HIRSCH ST,1423,,,,,,,2,NO INDICATION OF INJURY,0,0,0,0,0,2,0,10,7,8,41.9064904995,-87.6945394827,POINT (-87.69453948271 41.906490499514)
2de209cb8f7cb119ce6107f3d399804678e36ba3a3a29997c9c13d665287797e3d3dda16fcd318314797a2ab65c5b0df1a8a2fe6de2c6c0963f7ca5d47b9eda5,,08/09/2025 10:00:00 AM,30,UNKNOWN,UNKNOWN,UNKNOWN,UNKNOWN,PARKED MOTOR VEHICLE,UNKNOWN,,STRAIGHT AND LEVEL,UNKNOWN,UNKNOWN,NOT ON SCENE (DESK REPORT),NO INJURY / DRIVE AWAY,,,Y,"OVER $1,500",08/13/2025 05:15:00 PM,UNABLE TO DETERMINE,UNABLE TO DETERMINE,4926,W,PALMER ST,2522,,,,,,,2,NO INDICATION OF INJURY,0,0,0,0,0,1,0,10,7,8,41.9206481347,-87.7498375958,POINT (-87.749837595771 41.920648134654)
c26524020fcbefd4ba3c796863e7200d1a0699a23236666dfa0f09306e5146eb6739c5f1a6292504bf71cfeb1728dd6dacd4319e05f2cc7127466ce78e80d159,,08/09/2025 10:00:00 AM,30,TRAFFIC SIGNAL,FUNCTIONING PROPERLY,CLEAR,DAYLIGHT,OTHER OBJECT,DIVIDED - W/MEDIAN (NOT RAISED),,STRAIGHT AND LEVEL,DRY,NO DEFECTS,ON SCENE,INJURY AND / OR TOW DUE TO CRASH,Y,,,"$501 - $1,500",08/10/2025 11:34:00 AM,DRIVING SKILLS/KNOWLEDGE/EXPERIENCE,FOLLOWING TOO CLOSELY,959,N,HOMAN AVE,1121,,,,,,,2,"REPORTED, NOT EVIDENT",1,0,0,0,1,1,0,10,7,8,41.8991069485,-87.711407705,POINT (-87.711407704992 41.899106948473)
e40e4f4893960b4109029b687f425db8263e78f97942dcc0564be982e0de26b3ba152f0358f6c5ab10788918d4e9586646802a16705488a5cd126abecbde5ecc,,08/09/2025 09:55:00 AM,30,TRAFFIC SIGNAL,FUNCTIONING PROPERLY,CLEAR,DAYLIGHT,PARKED MOTOR VEHICLE,NOT DIVIDED,,STRAIGHT AND LEVEL,DRY,NO DEFECTS,ON SCENE,INJURY AND / OR TOW DUE TO CRASH,,,,"OVER $1,500",08/09/2025 10:10:00 AM,UNABLE TO DETERMINE,UNABLE TO DETERMINE,3936,W,63RD ST,823,,,,,,,2,NO INDICATION OF INJURY,0,0,0,0,0,1,0,9,7,8,41.7787803744,-87.7218034982,POINT (-87.721803498155 41.778780374351)
4e20b5beea67ea4e95de80d2b96a362d92fd177fdba2527c8f20424936482f4b9930a1b3dc0506b119a31eb4d7d5b6970ece366158195effb3aa559115027077,,08/09/2025 09:53:00 AM,30,STOP SIGN/FLASHER,NO CONTROLS,CLEAR,DAYLIGHT,TURNING,NOT DIVIDED,,STRAIGHT AND LEVEL,DRY,NO DEFECTS,NOT ON SCENE (DESK REPORT),NO INJURY / DRIVE AWAY,Y,N,,"OVER $1,500",08/09/2025 10:30:00 AM,FAILING TO YIELD RIGHT-OF-WAY,NOT APPLICABLE,10700,S,MACKINAW AVE,432,,,,,,,2,NO INDICATION OF INJURY,0,0,0,0,0,2,0,9,7,8,41.7008598369,-87.5427096035,POINT (-87.54270960355 41.700859836886)
af515bce249164f39bb22158dd71f05b1566b8bbdaa801afee664dee1921e546b4f74a20175bc9b53423488fff263971a051431d63484348f2d40ff246491fa5,,08/09/2025 09:52:00 AM,30,TRAFFIC SIGNAL,FUNCTIONING PROPERLY,CLEAR,DAYLIGHT,REAR END,NOT DIVIDED,,STRAIGHT AND LEVEL,DRY,NO DEFECTS,NOT ON SCENE (DESK REPORT),INJURY AND / OR TOW DUE TO CRASH,,,Y,"$501 - $1,500",08/09/2025 02:49:00 PM,FOLLOWING TOO CLOSELY,CELL PHONE USE OTHER THAN TEXTING,3200,W,63RD ST,823,,,,,,,2,NONINCAPACITATING INJURY,1,0,0,1,0,1,0,9,7,8,41.7790815049,-87.7032603654,POINT (-87.703260365447 41.779081504883)
277f4c7bcaab799a90f51be35766e346fff0e183fb4cbcdaadf61f2177c066c2fdf4e9c4a8b2815b43e9979a550032383a8ba17e37ae7f086048139be08da14a,,08/09/2025 09:48:00 AM,30,TRAFFIC SIGNAL,FUNCTIONING PROPERLY,CLEAR,DAYLIGHT,OTHER NONCOLLISION,FOUR WAY,,STRAIGHT AND LEVEL,DRY,"RUT, HOLES",NOT ON SCENE (DESK REPORT),NO INJURY / DRIVE AWAY,Y,,,"$501 - $1,500",08/14/2025 03:00:00 PM,ROAD CONSTRUCTION/MAINTENANCE,UNABLE TO DETERMINE,472,W,ADAMS ST,121,,,,,,,1,NO INDICATION OF INJURY,0,0,0,0,0,1,0,9,7,8,41.8794226209,-87.6395560267,POINT (-87.639556026728 41.879422620897)
1ae4bac5ffe88991550abaa1388bbb69bc1f557331161ae00721f92cb56f712c18c0aba3ad9293f7c82b8c486dc372c37be5604750d65509f4b6cf6ca1934f22,,08/09/2025 09:40:00 AM,30,UNKNOWN,UNKNOWN,CLEAR,DAYLIGHT,REAR END,NOT DIVIDED,,STRAIGHT AND LEVEL,UNKNOWN,UNKNOWN,NOT ON SCENE (DESK REPORT),NO INJURY / DRIVE AWAY,,,,"OVER $1,500",08/10/2025 10:30:00 AM,UNABLE TO DETERMINE,UNABLE TO DETERMINE,9500,S,LAFAYETTE AVE,511,,,,,,,2,NO INDICATION OF INJURY,0,0,0,0,0,2,0,9,7,8,41.7215662926,-87.6251695177,POINT (-87.625169517699 41.721566292573)