CRASH_RECORD_ID,CRASH_DATE_EST_I,CRASH_DATE,POSTED_SPEED_LIMIT,TRAFFIC_CONTROL_DEVICE,DEVICE_CONDITION,WEATHER_CONDITION,LIGHTING_CONDITION,FIRST_CRASH_TYPE,TRAFFICWAY_TYPE,LANE_CNT,ALIGNMENT,ROADWAY_SURFACE_COND,ROAD_DEFECT,REPORT_TYPE,CRASH_TYPE,INTERSECTION_RELATED_I,NOT_RIGHT_OF_WAY_I,HIT_AND_RUN_I,DAMAGE,DATE_POLICE_NOTIFIED,PRIM_CONTRIBUTORY_CAUSE,SEC_CONTRIBUTORY_CAUSE,STREET_NO,STREET_DIRECTION,STREET_NAME,BEAT_OF_OCCURRENCE,PHOTOS_TAKEN_I,STATEMENTS_TAKEN_I,DOORING_I,WORK_ZONE_I,WORK_ZONE_TYPE,WORKERS_PRESENT_I,NUM_UNITS,MOST_SEVERE_INJURY,INJURIES_TOTAL,INJURIES_FATAL,INJURIES_INCAPACITATING,INJURIES_NON_INCAPACITATING,INJURIES_REPORTED_NOT_EVIDENT,INJURIES_NO_INDICATION,INJURIES_UNKNOWN,CRASH_HOUR,CRASH_DAY_OF_WEEK,CRASH_MONTH,LATITUDE,LONGITUDE,LOCATION
d41544fe16258148ca0fac9c336fb5f42e0b58aec141f11e4e60d852d7c235a1171ccf85bede86c704f3ee8c41a95fd09d4234f44b96820f9b8f65a820982b72,,08/09/2025 09:40:00 AM,10,NO CONTROLS,NO CONTROLS,CLEAR,DAYLIGHT,ANGLE,PARKING LOT,,STRAIGHT AND LEVEL,DRY,NO DEFECTS,NOT ON SCENE (DESK REPORT),NO INJURY / DRIVE AWAY,,Y,,"$501 - $1,500",08/09/2025 01:51:00 PM,IMPROPER BACKING,NOT APPLICABLE,4455,S,PULASKI RD,821,,,,,,,2,NO INDICATION OF INJURY,0,0,0,0,0,2,0,9,7,8,41.8117480489,-87.7235833181,POINT (-87.723583318072 41.81174804888)
8da312f5e0b44ef4442abcda737b8f0a555645919d6f6af8259643ba27e349b134321007f8012b6f3c6dc6a983f7674b19961365fa0a2124f394d6a4a1c6cc4a,,08/09/2025 09:39:00 AM,25,NO CONTROLS,NO CONTROLS,CLEAR,DAYLIGHT,SIDESWIPE SAME DIRECTION,ONE-WAY,,STRAIGHT AND LEVEL,DRY,NO DEFECTS,NOT ON SCENE (DESK REPORT),NO INJURY / DRIVE AWAY,,,,"$501 - $1,500",08/09/2025 04:05:00 PM,UNABLE TO DETERMINE,UNABLE TO DETERMINE,8730,S,HONORE ST,2221,,,,,,,2,NO INDICATION OF INJURY,0,0,0,0,0,2,0,9,7,8,41.7347380929,-87.6692626103,POINT (-87.669262610254 41.734738092918)
4b31160aded1b5302bb0b75aa5f8326a030d16669f25a1fae414a05e078e798380637cd7e3e60661b0961cfb98736b917a22abc6f6c7e904edc2893f7952f67f,,08/09/2025 09:00:00 AM,30,TRAFFIC SIGNAL,UNKNOWN,CLEAR,DAYLIGHT,REAR END,NOT DIVIDED,,STRAIGHT AND LEVEL,UNKNOWN,UNKNOWN,NOT ON SCENE (DESK REPORT),NO INJURY / DRIVE AWAY,,,,"OVER $1,500",08/09/2025 09:50:00 AM,UNABLE TO DETERMINE,UNABLE TO DETERMINE,7309,W,IRVING PARK RD,1631,,,,,,,2,NO INDICATION OF INJURY,0,0,0,0,0,2,0,9,7,8,41.952584173,-87.8102291008,POINT (-87.810229100755 41.952584173003)
9730d536c0adcbf5591334122867d5e525d9d60c9b81eb8ff3e989609501c23585943b00e6f594f45fa044e868bc8bc934e2fc356dd5c6fd5eaee6bc64ae9795,Y,08/09/2025 09:00:00 AM,25,NO CONTROLS,NO CONTROLS,UNKNOWN,"DARKNESS, LIGHTED ROAD",PARKED MOTOR VEHICLE,ONE-WAY,,STRAIGHT ON GRADE,UNKNOWN,NO DEFECTS,NOT ON SCENE (DESK REPORT),NO INJURY / DRIVE AWAY,,,Y,"$501 - $1,500",08/13/2025 10:30:00 AM,UNABLE TO DETERMINE,NOT APPLICABLE,4636,N,WINTHROP AVE,1914,,,,,,,2,NO INDICATION OF INJURY,0,0,0,0,0,1,0,9,7,8,41.9663338728,-87.6572996399,POINT (-87.657299639903 41.966333872803)
bc8f5ff302ae4b3d11b69b05c607f1668006e956198a32c87cfeb32c5e2c391bab173f85ada73194d76467d1627b090de7f7e422232ec2020ad58a9eeda65aea,,08/09/2025 09:00:00 AM,30,STOP SIGN/FLASHER,FUNCTIONING PROPERLY,CLEAR,DAYLIGHT,REAR END,NOT DIVIDED,,STRAIGHT AND LEVEL,DRY,UNKNOWN,NOT ON SCENE (DESK REPORT),NO INJURY / DRIVE AWAY,Y,,,"OVER $1,500",08/09/2025 09:45:00 AM,FAILING TO REDUCE SPEED TO AVOID CRASH,UNABLE TO DETERMINE,7158,W,GEORGE ST,2511,,,,,,,2,NO INDICATION OF INJURY,0,0,0,0,0,2,0,9,7,8,41.9326737623,-87.8064967566,POINT (-87.806496756552 41.932673762262)
c430f42415bd00d9b0408ee0eaf707bd3b67eaf2dadcae70eacd6ad091e7f6b67d2e585e8fab5b6121dff5c803d0a1cb9e459cfaa13f0ffc01235a98f65ccd4b,,08/09/2025 09:00:00 AM,25,TRAFFIC SIGNAL,FUNCTIONING PROPERLY,CLEAR,DAYLIGHT,SIDESWIPE SAME DIRECTION,NOT DIVIDED,,STRAIGHT AND LEVEL,DRY,NO DEFECTS,NOT ON SCENE (DESK REPORT),NO INJURY / DRIVE AWAY,,,,"OVER $1,500",08/09/2025 09:50:00 AM,UNABLE TO DETERMINE,NOT APPLICABLE,6401,N,SHERIDAN RD,2432,,,,,,,2,NO INDICATION OF INJURY,0,0,0,0,0,2,0,9,7,8,41.9983088064,-87.6596963833,POINT (-87.659696383256 41.99830880639)
4388f723f23c20786b0fc40ba8a3dad4c4dba473c52c02cabe3a4fadeabd4ef070a691088bc8b681814cd92e3bde579f27aeea6e4fd3212a26bd4974601cb8b2,,08/09/2025 08:53:00 AM,15,NO CONTROLS,NO CONTROLS,CLEAR,DAYLIGHT,FIXED OBJECT,ALLEY,,STRAIGHT AND LEVEL,DRY,NO DEFECTS,ON SCENE,NO INJURY / DRIVE AWAY,,N,Y,"OVER $1,500",08/09/2025 09:00:00 AM,UNABLE TO DETERMINE,UNABLE TO DETERMINE,11361,S,CALUMET AVE,531,,,,,,,2,NO INDICATION OF INJURY,0,0,0,0,0,1,0,8,7,8,41.6873939377,-87.6142857118,POINT (-87.614285711796 41.687393937673)
0403682742c02a2ed3fcd71f474021a27b112351f91dc5511e0b7a8aa8ea44d67417163d85ea4edf0ef2ebf3f7247b82c1824bacf8f0d3bed540886710fa29a0,,08/09/2025 08:45:00 AM,30,TRAFFIC SIGNAL,FUNCTIONING PROPERLY,CLEAR,DAYLIGHT,REAR END,NOT DIVIDED,,STRAIGHT AND LEVEL,DRY,NO DEFECTS,NOT ON SCENE (DESK REPORT),NO INJURY / DRIVE AWAY,,,,"OVER $1,500",08/09/2025 09:15:00 AM,FOLLOWING TOO CLOSELY,NOT APPLICABLE,10500,S,INDIANAPOLIS AVE,432,,,,,,,2,NO INDICATION OF INJURY,0,0,0,0,0,2,0,8,7,8,41.7043832896,-87.5264885722,POINT (-87.526488572157 41.704383289607)
79230803384b92d7446862abcc7133efbd627d188b3afe76a60f3911624ba36f7d853e0387ee9ccd29ecf6160f75572e6c23618a8182a649f26d2c5c7633d5ec,,08/09/2025 08:45:00 AM,30,NO CONTROLS,NO CONTROLS,CLEAR,DAYLIGHT,PARKED MOTOR VEHICLE,NOT DIVIDED,,STRAIGHT AND LEVEL,DRY,NO DEFECTS,NOT ON SCENE (DESK REPORT),NO INJURY / DRIVE AWAY,,,Y,"$501 - $1,500",08/10/2025 10:20:00 AM,UNABLE TO DETERMINE,UNABLE TO DETERMINE,1758,E,67TH ST,331,,,,,,,2,NO INDICATION OF INJURY,0,0,0,0,0,1,0,8,7,8,41.7734995619,-87.5814784077,POINT (-87.581478407728 41.773499561932)
2f349af87b199d2bd8291c0817efb10febce6b30fc9e67bb9fcfbdc0848b2ca94c46915b5d4cd723d0dfb4315dc3649e8c62671cf92e703585e8638263e91685,,08/09/2025 08:43:00 AM,25,NO CONTROLS,NO CONTROLS,CLEAR,DAYLIGHT,TURNING,T-INTERSECTION,,STRAIGHT AND LEVEL,DRY,NO DEFECTS,ON SCENE,NO INJURY / DRIVE AWAY,,,,"OVER $1,500",08/09/2025 08:53:00 AM,"VISION OBSCURED (SIGNS, TREE LIMBS, BUILDINGS, ETC.)",UNABLE TO DETERMINE,3534,W,SUNNYSIDE AVE,1723,,,,,,,2,NO INDICATION OF INJURY,0,0,0,0,0,2,0,8,7,8,41.9630147331,-87.7170860838,POINT (-87.717086083793 41.963014733134)
38ca7388c48dbbfcdc703900f0c253f8155dd7f34fb6b6473a0c1a69b1f9271ecf603dc0175b4a5bd5c1ce013afe1014b00187ab70d991f09f1b531956dd1f80,,08/09/2025 08:38:00 AM,25,NO CONTROLS,NO CONTROLS,CLEAR,DAYLIGHT,TURNING,DIVIDED - W/MEDIAN (NOT RAISED),,STRAIGHT AND LEVEL,DRY,NO DEFECTS,ON SCENE,INJURY AND / OR TOW DUE TO CRASH,,,,"OVER $1,500",08/09/2025 08:41:00 AM,FAILING TO YIELD RIGHT-OF-WAY,IMPROPER TURNING/NO SIGNAL,1809,W,LAWRENCE AVE,1912,,,,,,,2,"REPORTED, NOT EVIDENT",1,0,0,0,1,1,0,8,7,8,41.9687002966,-87.6751090975,POINT (-87.675109097517 41.968700296617)
169a23fdb482d0dc83b00460f99d106586c259fcbf180b6cadd5e46522b9fab7242070f1d13a01887663b6ffdf4123080337e78012ab50bb8cebdbd520fd4cb6,,08/09/2025 08:30:00 AM,30,NO CONTROLS,NO CONTROLS,CLEAR,DAYLIGHT,TURNING,ONE-WAY,,STRAIGHT AND LEVEL,DRY,NO DEFECTS,NOT ON SCENE (DESK REPORT),NO INJURY / DRIVE AWAY,,,,"OVER $1,500",08/15/2025 04:15:00 PM,IMPROPER TURNING/NO SIGNAL,IMPROPER TURNING/NO SIGNAL,5001,S,INDIANA AVE,224,,,,,,,2,NO INDICATION OF INJURY,0,0,0,0,0,2,0,8,7,8,41.803758706,-87.620923702,POINT (-87.620923702026 41.803758705987)
56259b3b143662ea4bf44f9ad94d3c524e357abd3eddad3018efd80a9ce1bba36e4c9228d84b36990e67ea78d93171d7a8efb4989d98d19f17f565a7930b6430,,08/09/2025 08:10:00 AM,30,NO CONTROLS,NO CONTROLS,CLEAR,DAYLIGHT,REAR TO FRONT,PARKING LOT,,STRAIGHT AND LEVEL,DRY,NO DEFECTS,ON SCENE,NO INJURY / DRIVE AWAY,,Y,,"OVER $1,500",08/09/2025 08:26:00 AM,IMPROPER BACKING,NOT APPLICABLE,5209,W,FULLERTON AVE,2515,,,,,,,2,NO INDICATION OF INJURY,0,0,0,0,0,2,0,8,7,8,41.9239908878,-87.7565191411,POINT (-87.756519141113 41.923990887768)
ce35c4abdc399ed3b9760ddddacf5a45c248a935cab0483b54e91856eb810d2d2302f58382820cfff970eae4720b678dea35ad9357ea332080f20b8e1cb4d8ae,,08/09/2025 08:10:00 AM,30,NO CONTROLS,NO CONTROLS,CLEAR,DAYLIGHT,REAR END,NOT DIVIDED,,STRAIGHT AND LEVEL,DRY,UNKNOWN,ON SCENE,NO INJURY / DRIVE AWAY,,,,"OVER $1,500",08/09/2025 08:15:00 AM,UNABLE TO DETERMINE,NOT APPLICABLE,6600,S,DR MARTIN LUTHER KING JR DR,312,,,,,,,2,NO INDICATION OF INJURY,0,0,0,0,0,4,0,8,7,8,41.7746934593,-87.6156368216,POINT (-87.615636821647 41.774693459289)
564d49e5f0aec0e27621b7f12f7d560fba3a4c0a8fb3733c914ff93af9b6100e65d433f44107d67d3de2b852abc737fbe481def86d7cf6125720c91fce70de35,,08/09/2025 08:05:00 AM,30,TRAFFIC SIGNAL,FUNCTIONING PROPERLY,CLEAR,DAYLIGHT,SIDESWIPE SAME DIRECTION,DIVIDED - W/MEDIAN BARRIER,,STRAIGHT AND LEVEL,DRY,NO DEFECTS,ON SCENE,NO INJURY / DRIVE AWAY,,,N,"OVER $1,500",08/09/2025 08:19:00 AM,IMPROPER TURNING/NO SIGNAL,IMPROPER TURNING/NO SIGNAL,151,W,IDA B WELLS DR,123,,,,,,,2,NO INDICATION OF INJURY,0,0,0,0,0,4,0,8,7,8,41.8754793495,-87.6324367411,POINT (-87.632436741128 41.875479349488)
a61c8aaf9442b146aba9687f371bf880129b518456156cd215facfad1a4975a953d21a7d3a874d4e7c3d832110edc82728846335c1c3d63a62ed912d9cb3bc5a,,08/09/2025 07:55:00 AM,10,NO CONTROLS,NO CONTROLS,UNKNOWN,DAYLIGHT,REAR TO SIDE,PARKING LOT,,STRAIGHT AND LEVEL,DRY,NO DEFECTS,NOT ON SCENE (DESK REPORT),NO INJURY / DRIVE AWAY,,Y,,"OVER $1,500",08/11/2025 12:30:00 PM,UNABLE TO DETERMINE,UNABLE TO DETERMINE,5836,N,PULASKI RD,1711,,,,,,,2,NO INDICATION OF INJURY,0,0,0,0,0,2,0,7,7,8,41.9872111982,-87.7286958136,POINT (-87.728695813612 41.98721119819)
235bed4175652eba4aee8f806f8090cfa19f85e31f9054402ad22fd693db522cad11539e716c81d17b33ccabc4c791d6e0facdb3b8e70f03d2032ddebb675652,,08/09/2025 07:48:00 AM,30,STOP SIGN/FLASHER,FUNCTIONING PROPERLY,CLEAR,DAYLIGHT,ANGLE,FOUR WAY,,STRAIGHT AND LEVEL,DRY,NO DEFECTS,ON SCENE,INJURY AND / OR TOW DUE TO CRASH,Y,,,"OVER $1,500",08/09/2025 08:11:00 AM,FAILING TO YIELD RIGHT-OF-WAY,FAILING TO REDUCE SPEED TO AVOID CRASH,8201,S,STONY ISLAND AVE,411,,,,,,,2,NO INDICATION OF INJURY,0,0,0,0,0,2,0,7,7,8,41.7459382967,-87.5852569707,POINT (-87.585256970683 41.745938296685)
ffc4ffe32d4c0647003823d809e6916561616a9397e9cc3d5b7dca2304f9fb47baa6a8ba1fc5b44fd6d69d165d426fc064eee56f9e6ec5bda2b3ca4cb5378174,,08/09/2025 07:35:00 AM,30,NO CONTROLS,NO CONTROLS,CLEAR,DAYLIGHT,ANGLE,NOT DIVIDED,,STRAIGHT AND LEVEL,DRY,NO DEFECTS,NOT ON SCENE (DESK REPORT),NO INJURY / DRIVE AWAY,,,Y,"OVER $1,500",08/09/2025 08:00:00 AM,DRIVING SKILLS/KNOWLEDGE/EXPERIENCE,DRIVING SKILLS/KNOWLEDGE/EXPERIENCE,3020,E,87TH ST,424,,,,,,,2,NO INDICATION OF INJURY,0,0,0,0,0,2,0,7,7,8,41.7375004178,-87.5505250722,POINT (-87.550525072238 41.73750041784)
b73472ab2debccbdfca9c5a86d05394b6346bfc9e0f54062753c339e4e56d97e75a165124703d589260f38dccb45a03d87db012df850fd8a2a4d6859a0efa14e,Y,08/09/2025 07:30:00 AM,30,UNKNOWN,UNKNOWN,UNKNOWN,UNKNOWN,PARKED MOTOR VEHICLE,ONE-WAY,,STRAIGHT AND LEVEL,UNKNOWN,UNKNOWN,NOT ON SCENE (DESK REPORT),NO INJURY / DRIVE AWAY,,,Y,"OVER $1,500",08/19/2025 01:10:00 PM,UNABLE TO DETERMINE,NOT APPLICABLE,6205,S,MICHIGAN AVE,311,,,,,,,2,NO INDICATION OF INJURY,0,0,0,0,0,1,0,7,7,8,41.7817125464,-87.6218714107,POINT (-87.621871410693 41.781712546436)
0a5b90a237d71971479f97486b63e47ebadae467e8d61a2fb1da58df4ae94eab69f245dd17e8fc84ae31bea98506ed3136a3741f005f45edfe8ad8f96a9c44cb,,08/09/2025 07:10:00 AM,30,TRAFFIC SIGNAL,FUNCTIONING PROPERLY,CLEAR,DAYLIGHT,REAR END,Y-INTERSECTION,,STRAIGHT AND LEVEL,DRY,NO DEFECTS,NOT ON SCENE (DESK REPORT),NO INJURY / DRIVE AWAY,Y,,N,"OVER $1,500",08/09/2025 07:25:00 AM,FAILING TO YIELD RIGHT-OF-WAY,UNABLE TO DETERMINE,5101,W,GRAND AVE,2533,,,,,,,2,NO INDICATION OF INJURY,0,0,0,0,0,2,0,7,7,8,41.9165679904,-87.7530079617,POINT (-87.753007961727 41.916567990365)
15e7845a565906e598580b8c6d12389a50d8f4662f2a2e3346d25d9beceb59a05f472066bff241ccca928562b34d2530e10bcdba2487cb83d5bce0f5f303d471,,08/09/2025 06:30:00 AM,20,TRAFFIC SIGNAL,FUNCTIONING PROPERLY,CLEAR,DAYLIGHT,REAR END,FOUR WAY,,STRAIGHT AND LEVEL,DRY,NO DEFECTS,NOT ON SCENE (DESK REPORT),NO INJURY / DRIVE AWAY,Y,,,"$501 - $1,500",08/09/2025 06:40:00 AM,FOLLOWING TOO CLOSELY,FOLLOWING TOO CLOSELY,10000,W,OHARE ST,1651,,,,,,,2,NO INDICATION OF INJURY,0,0,0,0,0,2,0,6,7,8,41.976201139,-87.9053091251,POINT (-87.905309125103 41.976201139024)
2d5e9a130e4a583ee0f80ab072391e6f28e4f3025ccee7de0521f4afb34649a840999439d276c75074434357d7eb72b8bf5e8138b57310cee0bed99f75c93495,,08/09/2025 06:30:00 AM,30,TRAFFIC SIGNAL,FUNCTIONING PROPERLY,CLEAR,DAYLIGHT,SIDESWIPE SAME DIRECTION,ONE-WAY,,STRAIGHT AND LEVEL,DRY,NO DEFECTS,,INJURY AND / OR TOW DUE TO CRASH,N,,,"OVER $1,500",08/10/2025 10:39:00 AM,IMPROPER LANE USAGE,NOT APPLICABLE,7101,S,STATE ST,323,,,,,,,2,"REPORTED, NOT EVIDENT",2,0,0,0,2,1,0,6,7,8,41.7653974027,-87.6247572857,POINT (-87.624757285727 41.765397402699)
2ec6abf8c008620fb12007b73ccc192cad7f1987d88b07c3575508bd63a73224991269d0c7ba628bf1b00361940ea30b8e056ab2ca29298c6b5832bf45291080,,08/09/2025 06:30:00 AM,30,NO CONTROLS,NO CONTROLS,CLEAR,DAWN,PARKED MOTOR VEHICLE,ONE-WAY,,STRAIGHT AND LEVEL,DRY,NO DEFECTS,ON SCENE,INJURY AND / OR TOW DUE TO CRASH,,,Y,"OVER $1,500",08/09/2025 06:32:00 AM,UNABLE TO DETERMINE,UNABLE TO DETERMINE,1511,S,SPAULDING AVE,1022,,,,,,,2,NO INDICATION OF INJURY,0,0,0,0,0,1,0,6,7,8,41.8605175612,-87.7077909455,POINT (-87.707790945492 41.860517561194)
00667bbeecec2aceae467ed8f80ddd2a4a53ee62da4732aafecc42b80559094c8154f13da56bc6d6cfe8837fe4b1cc46c6635edc664c1c674b97f26c38a6ab97,,08/09/2025 06:00:00 AM,30,NO CONTROLS,NO CONTROLS,CLEAR,DAYLIGHT,FIXED OBJECT,NOT DIVIDED,,STRAIGHT AND LEVEL,DRY,NO DEFECTS,ON SCENE,INJURY AND / OR TOW DUE TO CRASH,,,,"$501 - $1,500",08/09/2025 06:02:00 AM,DRIVING SKILLS/KNOWLEDGE/EXPERIENCE,UNABLE TO DETERMINE,3601,W,POTOMAC AVE,2535,,,,,,,1,NONINCAPACITATING INJURY,1,0,0,1,0,1,0,6,7,8,41.904451617,-87.7166820763,POINT (-87.716682076309 41.904451616952)
f346e0e1caf1e54561339c495b2ef64b5c767d9431f854b2a589a59d5f087ae910b8487e5390306dfdf89d927db5c902e951fa5f42748ef1beaa38a197e96d76,,08/09/2025 06:00:00 AM,30,NO CONTROLS,NO CONTROLS,CLEAR,DAWN,SIDESWIPE SAME DIRECTION,T-INTERSECTION,,STRAIGHT AND LEVEL,DRY,NO DEFECTS,NOT ON SCENE (DESK REPORT),NO INJURY / DRIVE AWAY,Y,,Y,"OVER $1,500",08/09/2025 01:43:00 PM,FAILING TO YIELD RIGHT-OF-WAY,UNABLE TO DETERMINE,4844,W,BLOOMINGDALE AVE,2533,,,,,,,3,NO INDICATION OF INJURY,0,0,0,0,0,2,0,6,7,8,41.913374378,-87.7477129688,POINT (-87.747712968813 41.913374377983)
363c709c2f7ee89eb2a5ca4177f6f985530ab9a07e542c6b53fa6aa94cb1b5b1b203e2cb8cfda880f35907a5b443da87f4f1da9197f3f0e017b0e702271e7542,,08/09/2025 05:55:00 AM,30,NO CONTROLS,NO CONTROLS,CLEAR,DAYLIGHT,REAR END,NOT DIVIDED,,STRAIGHT AND LEVEL,DRY,NO DEFECTS,NOT ON SCENE (DESK REPORT),NO INJURY / DRIVE AWAY,,,Y,"OVER $1,500",08/09/2025 06:37:00 AM,UNABLE TO DETERMINE,UNABLE TO DETERMINE,2759,W,47TH ST,922,,,,,,,2,NO INDICATION OF INJURY,0,0,0,0,0,2,0,5,7,8,41.8081720681,-87.6941406935,POINT (-87.694140693481 41.808172068053)
5d4fb23597b1fd882aaeb1f639a4d528aa76b81239f1b261542e0dcc3ec698156da523c8177c9e3fe4afc4553f23ea5349a1021eff555bdbf0403418de16c850,,08/09/2025 05:40:00 AM,30,TRAFFIC SIGNAL,FUNCTIONING PROPERLY,CLEAR,DAWN,ANGLE,FOUR WAY,,STRAIGHT AND LEVEL,DRY,NO DEFECTS,ON SCENE,NO INJURY / DRIVE AWAY,Y,,Y,"OVER $1,500",08/09/2025 05:45:00 AM,DISREGARDING TRAFFIC SIGNALS,NOT APPLICABLE,5455,S,WESTERN BLVD,932,,,,,,,2,NO INDICATION OF INJURY,0,0,0,0,0,2,0,5,7,8,41.794009072,-87.683327457,POINT (-87.683327456963 41.794009072016)
bde9ebe5ff279f9f9f7e090d3f557c5bb5cb583d32719078a962eebcac939f764a60736600dfe07997c8582607e83ddc0400c89e97806850c7fa5fb5b67c8cd3,,08/09/2025 05:40:00 AM,25,UNKNOWN,UNKNOWN,CLEAR,DAYLIGHT,ANGLE,NOT DIVIDED,,STRAIGHT AND LEVEL,DRY,UNKNOWN,ON SCENE,INJURY AND / OR TOW DUE TO CRASH,,,Y,"OVER $1,500",08/09/2025 05:45:00 AM,UNABLE TO DETERMINE,NOT APPLICABLE,3001,N,NEWLAND AVE,2511,,,,,,,2,NONINCAPACITATING INJURY,1,0,0,1,0,1,0,5,7,8,41.9345221622,-87.7991156515,POINT (-87.799115651548 41.934522162221)
8049e45cbd5a3d32c6cb07e1ed768f671a558549267a8cc8c8f7a1961a479a51069bb27f3e3da438471f0acb7359240dcfd6bd432365950ccda87b3782941244,,08/09/2025 04:59:00 AM,30,TRAFFIC SIGNAL,FUNCTIONING PROPERLY,CLEAR,"DARKNESS, LIGHTED ROAD",REAR END,DIVIDED - W/MEDIAN (NOT RAISED),,STRAIGHT AND LEVEL,DRY,UNKNOWN,NOT ON SCENE (DESK REPORT),NO INJURY / DRIVE AWAY,,,,"OVER $1,500",08/09/2025 01:26:00 PM,FAILING TO REDUCE SPEED TO AVOID CRASH,NOT APPLICABLE,158,W,63RD ST,311,,,,,,,2,NO INDICATION OF INJURY,0,0,0,0,0,2,0,4,7,8,41.7800988563,-87.630005281,POINT (-87.630005280959 41.780098856262)
770d9123f41cbd41fd14eba1d846ff93c7a413f4f26debf6ce2a0861af28ede018b9573c364c3a72391c8d88cb2ac2b4bd5aac799b639edbae9505e435058c51,,08/09/2025 04:52:00 AM,30,TRAFFIC SIGNAL,FUNCTIONING PROPERLY,CLEAR,"DARKNESS, LIGHTED ROAD",SIDESWIPE SAME DIRECTION,DIVIDED - W/MEDIAN (NOT RAISED),,STRAIGHT AND LEVEL,DRY,UNKNOWN,ON SCENE,NO INJURY / DRIVE AWAY,,,,"OVER $1,500",08/09/2025 04:52:00 AM,IMPROPER OVERTAKING/PASSING,UNABLE TO DETERMINE,1200,W,87TH ST,613,,,,,,,2,NO INDICATION OF INJURY,0,0,0,0,0,5,0,4,7,8,41.7360440895,-87.6534042418,POINT (-87.653404241798 41.736044089544)
8777c0f3b6fe679ed856d3107b0aba4e6f80feeec8467c2fae26f19f5418cff986b71ca845855ede08f285765711ef82bd827fbf070a4996fdbe9b864bded327,,08/09/2025 04:50:00 AM,30,STOP SIGN/FLASHER,FUNCTIONING PROPERLY,CLEAR,"DARKNESS, LIGHTED ROAD",ANGLE,ONE-WAY,,STRAIGHT AND LEVEL,DRY,UNKNOWN,NOT ON SCENE (DESK REPORT),NO INJURY / DRIVE AWAY,Y,,Y,"OVER $1,500",08/09/2025 06:44:00 PM,FAILING TO YIELD RIGHT-OF-WAY,NOT APPLICABLE,133,N,KENTON AVE,1113,,,,,,,2,NO INDICATION OF INJURY,0,0,0,0,0,3,0,4,7,8,41.883056659,-87.7400290506,POINT (-87.740029050604 41.883056659021)
4d319dda89c6ee933a49a3dddd7b1b474c28b186cc2f5474d3cebdccce3830c35560cdf33afb439fb0d4ae56b4bdc71b6128af3f8851a53decdc2cb093511990,,08/09/2025 04:35:00 AM,10,NO CONTROLS,NO CONTROLS,UNKNOWN,UNKNOWN,FIXED OBJECT,PARKING LOT,,STRAIGHT AND LEVEL,UNKNOWN,UNKNOWN,NOT ON SCENE (DESK REPORT),NO INJURY / DRIVE AWAY,,Y,Y,"OVER $1,500",08/09/2025 07:30:00 PM,UNABLE TO DETERMINE,NOT APPLICABLE,2341,N,NARRAGANSETT AVE,2512,,,,,,,1,NO INDICATION OF INJURY,0,0,0,0,0,1,0,4,7,8,41.9230976782,-87.7852786594,POINT (-87.785278659431 41.923097678208)
4c3a8f5dcf5b884a5e2498886dc6bd3b07486695edbf8a5a848767ab9d89f01acfdd3cb7ed0a3ad6b1df79eaa5a696c21cce38b6dc5b9c671771ab50d758270c,N,08/09/2025 04:30:00 AM,30,NO CONTROLS,NO CONTROLS,CLEAR,"DARKNESS, LIGHTED ROAD",FIXED OBJECT,NOT DIVIDED,,STRAIGHT AND LEVEL,DRY,NO DEFECTS,ON SCENE,INJURY AND / OR TOW DUE TO CRASH,,,Y,"OVER $1,500",08/09/2025 04:37:00 AM,UNABLE TO DETERMINE,UNABLE TO DETERMINE,2108,W,DIVISION ST,1424,,,,,,,1,NO INDICATION OF INJURY,0,0,0,0,0,1,0,4,7,8,41.9032495536,-87.6801280746,POINT (-87.680128074625 41.90324955358)
677e8aebc317065795cadd19180ac5303686fc48fd3164860298ed3feda30ba6c36e1b4928cc989b1719d69f99195fb234000acc5cd5cdb85136d7020662d923,,08/09/2025 04:17:00 AM,30,UNKNOWN,UNKNOWN,CLEAR,"DARKNESS, LIGHTED ROAD",REAR END,DIVIDED - W/MEDIAN (NOT RAISED),,STRAIGHT AND LEVEL,DRY,UNKNOWN,ON SCENE,INJURY AND / OR TOW DUE TO CRASH,,,,"OVER $1,500",08/09/2025 04:17:00 AM,UNABLE TO DETERMINE,NOT APPLICABLE,2430,W,31ST ST,1034,,,,,,,2,NO INDICATION OF INJURY,0,0,0,0,0,6,0,4,7,8,41.8388055915,-87.6864531799,POINT (-87.686453179883 41.838805591518)
e1e1c78021ad1574dd42ae194e56706c7d9e013871bf42e94cb8f87929f1d2241d89effad5481364ad3ed693a7467d4f46d8272ec0cf526e445824ba6269a702,,08/09/2025 04:15:00 AM,30,TRAFFIC SIGNAL,FUNCTIONING PROPERLY,CLEAR,"DARKNESS, LIGHTED ROAD",REAR END,FOUR WAY,,STRAIGHT AND LEVEL,DRY,NO DEFECTS,NOT ON SCENE (DESK REPORT),NO INJURY / DRIVE AWAY,Y,,Y,"OVER $1,500",08/09/2025 10:00:00 AM,UNABLE TO DETERMINE,NOT APPLICABLE,289,N,SACRAMENTO BLVD,1222,,,,,,,2,NO INDICATION OF INJURY,0,0,0,0,0,3,0,4,7,8,41.886431603,-87.7012111225,POINT (-87.7012111225 41.886431603013)