CRASH_RECORD_ID,CRASH_DATE_EST_I,CRASH_DATE,POSTED_SPEED_LIMIT,TRAFFIC_CONTROL_DEVICE,DEVICE_CONDITION,WEATHER_CONDITION,LIGHTING_CONDITION,FIRST_CRASH_TYPE,TRAFFICWAY_TYPE,LANE_CNT,ALIGNMENT,ROADWAY_SURFACE_COND,ROAD_DEFECT,REPORT_TYPE,CRASH_TYPE,INTERSECTION_RELATED_I,NOT_RIGHT_OF_WAY_I,HIT_AND_RUN_I,DAMAGE,DATE_POLICE_NOTIFIED,PRIM_CONTRIBUTORY_CAUSE,SEC_CONTRIBUTORY_CAUSE,STREET_NO,STREET_DIRECTION,STREET_NAME,BEAT_OF_OCCURRENCE,PHOTOS_TAKEN_I,STATEMENTS_TAKEN_I,DOORING_I,WORK_ZONE_I,WORK_ZONE_TYPE,WORKERS_PRESENT_I,NUM_UNITS,MOST_SEVERE_INJURY,INJURIES_TOTAL,INJURIES_FATAL,INJURIES_INCAPACITATING,INJURIES_NON_INCAPACITATING,INJURIES_REPORTED_NOT_EVIDENT,INJURIES_NO_INDICATION,INJURIES_UNKNOWN,CRASH_HOUR,CRASH_DAY_OF_WEEK,CRASH_MONTH,LATITUDE,LONGITUDE,LOCATION
ddae6b419a950578288811cf11c8947345286dc4d995a150103e628b61fb2e738c7d715a4dca3e8af7254762300abd6f6eb534fc9a4fef8f0403bcaab89b69fa,,08/09/2025 04:10:00 AM,30,NO CONTROLS,NO CONTROLS,CLEAR,"DARKNESS, LIGHTED ROAD",REAR END,DIVIDED - W/MEDIAN (NOT RAISED),,STRAIGHT AND LEVEL,DRY,UNKNOWN,ON SCENE,INJURY AND / OR TOW DUE TO CRASH,,,Y,"OVER $1,500",08/09/2025 04:25:00 AM,FOLLOWING TOO CLOSELY,NOT APPLICABLE,750,S,CICERO AVE,1533,,,,,,,3,"REPORTED, NOT EVIDENT",1,0,0,0,1,2,0,4,7,8,41.8706219377,-87.7450524607,POINT (-87.745052460733 41.870621937712)
68389d56a22b968835dbad57291f1874a4786f123ac31ad9f4891c8793a95dafa1ed617827e97d9c5dce6a68ea4530e3ff910ae1363f1dfe3dfd45036e5116c0,,08/09/2025 04:00:00 AM,30,NO CONTROLS,NO CONTROLS,CLEAR,DAWN,FIXED OBJECT,NOT DIVIDED,,STRAIGHT AND LEVEL,DRY,NO DEFECTS,ON SCENE,NO INJURY / DRIVE AWAY,,,Y,"OVER $1,500",08/09/2025 06:45:00 AM,UNABLE TO DETERMINE,NOT APPLICABLE,444,W,96TH PL,2223,,,,,,,1,NO INDICATION OF INJURY,0,0,0,0,0,1,0,4,7,8,41.7189419125,-87.6356991604,POINT (-87.635699160374 41.71894191251)
2216a495bbefce2e44ae13c54d8229b64cd8675298ffbb0457049afe1d4686d3a18662ea0b283908c10eb7a58c0c35070c446d799b8b855baedff6f68a0980d1,,08/09/2025 03:50:00 AM,30,NO CONTROLS,NO CONTROLS,CLEAR,"DARKNESS, LIGHTED ROAD",PARKED MOTOR VEHICLE,NOT DIVIDED,,STRAIGHT AND LEVEL,DRY,NO DEFECTS,ON SCENE,INJURY AND / OR TOW DUE TO CRASH,,,,"OVER $1,500",08/09/2025 03:55:00 AM,CELL PHONE USE OTHER THAN TEXTING,NOT APPLICABLE,2116,W,CERMAK RD,1234,,,,,,,2,NO INDICATION OF INJURY,0,0,0,0,0,1,0,3,7,8,41.8522362639,-87.679026504,POINT (-87.679026503985 41.852236263915)
57921a43af8f9c747d4c985bc6e7bd9c1ad29b5df295fa4eda90b63ec2f2d52ff28e042470228dfede43500e61bc91cb95fe3dc9fdb15ee9438fa3b1759b4be1,,08/09/2025 03:50:00 AM,30,UNKNOWN,UNKNOWN,CLEAR,"DARKNESS, LIGHTED ROAD",PEDESTRIAN,PARKING LOT,,STRAIGHT AND LEVEL,DRY,UNKNOWN,ON SCENE,INJURY AND / OR TOW DUE TO CRASH,,,Y,$500 OR LESS,08/09/2025 04:20:00 AM,PHYSICAL CONDITION OF DRIVER,NOT APPLICABLE,7100,S,INDIANA AVE,323,,,,,,,2,NONINCAPACITATING INJURY,1,0,0,1,0,1,0,3,7,8,41.7655190435,-87.6202278551,POINT (-87.620227855065 41.765519043532)
f2a3eb3048b8b48e82a9870b7450c5b829d95adae2146d5b32b269672981510375ca0e7abc7cf25af391b7342f89bdaed5a29d51654943dae80e6c42e2c41d75,Y,08/09/2025 03:30:00 AM,30,NO CONTROLS,NO CONTROLS,CLEAR,DARKNESS,PARKED MOTOR VEHICLE,ONE-WAY,,STRAIGHT AND LEVEL,DRY,NO DEFECTS,ON SCENE,NO INJURY / DRIVE AWAY,,,Y,"$501 - $1,500",08/09/2025 07:01:00 AM,UNABLE TO DETERMINE,UNABLE TO DETERMINE,5123,S,NATOMA AVE,811,,,,,,,3,NO INDICATION OF INJURY,0,0,0,0,0,1,0,3,7,8,41.798886421,-87.7879587791,POINT (-87.787958779143 41.798886421026)
fffaf1a5b94221367851f92f01044bf052113ecbfc1d8b233e6a53222d8c5f3b5f95adcbdc3554d48372c9a9658c3cfb2f85c57ea6d570efaf62a2fb77e6c134,,08/09/2025 03:30:00 AM,20,NO CONTROLS,NO CONTROLS,CLEAR,DAYLIGHT,SIDESWIPE SAME DIRECTION,OTHER,,STRAIGHT AND LEVEL,DRY,NO DEFECTS,NOT ON SCENE (DESK REPORT),NO INJURY / DRIVE AWAY,,,,"OVER $1,500",08/09/2025 06:02:00 PM,IMPROPER TURNING/NO SIGNAL,UNABLE TO DETERMINE,10,E,GRAND AVE,1834,,,,,,,2,NO INDICATION OF INJURY,0,0,0,0,0,2,0,3,7,8,41.8917914631,-87.6276577412,POINT (-87.6276577412 41.891791463112)
8e4208398f39f1c287e1c0cdbcea94b43d1782e7843eddf3ff29c9a3ef84ade2707c621dfa8cd3342560095a45b48c85c3f943bc83397b366508973530b4dc38,,08/09/2025 03:23:00 AM,30,TRAFFIC SIGNAL,FUNCTIONING PROPERLY,CLEAR,"DARKNESS, LIGHTED ROAD",PEDESTRIAN,FOUR WAY,,STRAIGHT AND LEVEL,DRY,WORN SURFACE,ON SCENE,INJURY AND / OR TOW DUE TO CRASH,Y,,Y,"OVER $1,500",08/09/2025 03:26:00 AM,DISREGARDING TRAFFIC SIGNALS,FAILING TO REDUCE SPEED TO AVOID CRASH,5454,S,KEDZIE AVE,822,,N,,,,,2,FATAL,1,1,0,0,0,1,0,3,7,8,41.7936740976,-87.7037064629,POINT (-87.703706462929 41.793674097645)
ebcc8c5f85cc0f043dd8b7ca36810b14d4cd9d5fbad64cb8310e8d8c931f287184f5218b1eacb6a0ab4100798f01cf141c1e315838c702175b0b528772f8a1ff,,08/09/2025 03:16:00 AM,30,TRAFFIC SIGNAL,FUNCTIONING PROPERLY,CLEAR,"DARKNESS, LIGHTED ROAD",ANGLE,FOUR WAY,,STRAIGHT AND LEVEL,UNKNOWN,UNKNOWN,ON SCENE,INJURY AND / OR TOW DUE TO CRASH,Y,,Y,"OVER $1,500",08/09/2025 03:16:00 AM,DISREGARDING TRAFFIC SIGNALS,NOT APPLICABLE,6900,S,WENTWORTH AVE,731,,,,,,,2,NONINCAPACITATING INJURY,1,0,0,1,0,1,0,3,7,8,41.7689916,-87.6300074056,POINT (-87.630007405551 41.76899160004)
a9974bc064322317d95673b50c732ea447374a079b9f82d83b51c54ebe2426bac07cff6c52d922dc6410e2a597ddcaa318b516386d8d5ea5bb7d7502e43648ca,,08/09/2025 03:05:00 AM,30,STOP SIGN/FLASHER,FUNCTIONING PROPERLY,CLEAR,"DARKNESS, LIGHTED ROAD",TURNING,FOUR WAY,,STRAIGHT ON GRADE,DRY,NO DEFECTS,ON SCENE,INJURY AND / OR TOW DUE TO CRASH,Y,,Y,"OVER $1,500",08/09/2025 03:05:00 AM,UNABLE TO DETERMINE,NOT APPLICABLE,10900,S,MICHIGAN AVE,513,,,,,,,2,NO INDICATION OF INJURY,0,0,0,0,0,2,0,3,7,8,41.6961630198,-87.6209481865,POINT (-87.620948186529 41.696163019788)
3638c2976d1f68501cc62c397070786e7a7f4e6ce4acb9901adfdcf32f5795149c64efaa03758eb46c7bcd68d0cf859ef4c26268e46602547f19e099ef631cc5,Y,08/09/2025 03:00:00 AM,30,STOP SIGN/FLASHER,FUNCTIONING PROPERLY,CLEAR,"DARKNESS, LIGHTED ROAD",PARKED MOTOR VEHICLE,ONE-WAY,,STRAIGHT AND LEVEL,DRY,NO DEFECTS,ON SCENE,NO INJURY / DRIVE AWAY,Y,,,$500 OR LESS,08/09/2025 03:02:00 AM,UNABLE TO DETERMINE,NOT APPLICABLE,8101,S,MARSHFIELD AVE,614,,,,,,,2,NO INDICATION OF INJURY,0,0,0,0,0,1,0,3,7,8,41.7466090289,-87.6644089873,POINT (-87.664408987251 41.746609028852)
6d6962e49003f8f58bce1042b34363d6e749dcb3f586901a86276447d03a4cf5bfebdbd8a00bd7d163eec7a6f88e5735b38f994cac9224e3b55f002c3ff0f8c9,,08/09/2025 03:00:00 AM,30,UNKNOWN,UNKNOWN,UNKNOWN,"DARKNESS, LIGHTED ROAD",PARKED MOTOR VEHICLE,NOT DIVIDED,,STRAIGHT AND LEVEL,UNKNOWN,UNKNOWN,NOT ON SCENE (DESK REPORT),NO INJURY / DRIVE AWAY,,,,"OVER $1,500",08/14/2025 07:30:00 PM,UNABLE TO DETERMINE,NOT APPLICABLE,3044,N,HAMLIN AVE,2523,,,,,,,2,NO INDICATION OF INJURY,0,0,0,0,0,1,0,3,7,8,41.9365367077,-87.7211282943,POINT (-87.721128294343 41.936536707678)
c070845a50658ea65f4cf9d185c13542c8f7d3c46aca7cde06679ebcd340036f3aed0e87a6d0b45ecc75a460206efdfc693945b6c3e5c7921dee376418125ec2,,08/09/2025 02:50:00 AM,30,TRAFFIC SIGNAL,FUNCTIONING PROPERLY,CLEAR,"DARKNESS, LIGHTED ROAD",ANGLE,FOUR WAY,,STRAIGHT AND LEVEL,DRY,NO DEFECTS,ON SCENE,INJURY AND / OR TOW DUE TO CRASH,Y,,,"OVER $1,500",08/09/2025 02:57:00 AM,FAILING TO YIELD RIGHT-OF-WAY,NOT APPLICABLE,1600,S,KOSTNER AVE,1012,,,,,,,2,NO INDICATION OF INJURY,0,0,0,0,0,2,0,2,7,8,41.858681849,-87.7348806428,POINT (-87.734880642816 41.858681848973)
8d518010418b96c829102650999a26682830eaf258996a280312f023d1a4e78b0a66284aa085d4ffd9c39099b9f6563492546615cc35fe2ebff91a648a863b08,,08/09/2025 02:36:00 AM,30,NO CONTROLS,NO CONTROLS,CLEAR,"DARKNESS, LIGHTED ROAD",OTHER OBJECT,NOT DIVIDED,,STRAIGHT AND LEVEL,DRY,NO DEFECTS,ON SCENE,INJURY AND / OR TOW DUE TO CRASH,,Y,,"OVER $1,500",08/09/2025 02:36:00 AM,FAILING TO REDUCE SPEED TO AVOID CRASH,NOT APPLICABLE,1127,S,WELLS ST,123,,,,,,,1,NO INDICATION OF INJURY,0,0,0,0,0,1,0,2,7,8,,,
d50f1e7638be2f5cb28e2adaca6da0318a92b0f4a63c19545165fb330e3aeab27eedcd46d93619d12c088ae06d2477a2ea8c0192e76afecbfd76424f358a2ff4,Y,08/09/2025 02:35:00 AM,25,NO CONTROLS,UNKNOWN,CLEAR,DARKNESS,PARKED MOTOR VEHICLE,UNKNOWN,,STRAIGHT AND LEVEL,DRY,UNKNOWN,ON SCENE,INJURY AND / OR TOW DUE TO CRASH,,,N,"OVER $1,500",08/09/2025 02:36:00 AM,UNABLE TO DETERMINE,NOT APPLICABLE,3700,W,DOUGLAS BLVD,1011,,,,,,,2,NO INDICATION OF INJURY,0,0,0,0,0,1,0,2,7,8,41.8629329579,-87.717822622,POINT (-87.717822621968 41.862932957863)
be7b559231be632b4138e72548c82c669225eca72a0cd9474b61adb88be9c2200b806a94fbdecc6e170d57b36b065d12293b8959fcd485084ff2c86424c7ceec,,08/09/2025 02:28:00 AM,30,TRAFFIC SIGNAL,UNKNOWN,CLEAR,"DARKNESS, LIGHTED ROAD",SIDESWIPE SAME DIRECTION,DIVIDED - W/MEDIAN (NOT RAISED),,STRAIGHT AND LEVEL,DRY,NO DEFECTS,ON SCENE,INJURY AND / OR TOW DUE TO CRASH,Y,,,"OVER $1,500",08/09/2025 02:30:00 AM,EQUIPMENT - VEHICLE CONDITION,IMPROPER TURNING/NO SIGNAL,3718,S,WESTERN AVE,911,,,,,,,2,NO INDICATION OF INJURY,0,0,0,0,0,5,0,2,7,8,41.8259612944,-87.685050207,POINT (-87.685050206983 41.825961294422)
dc3f6b701311dbdd84da2639f399649c17cb2d6459bdcf77dad3f9ae3b091cffa2f2848b9ba637c8b74ae783d8d00c419c5372ce27afba10ed7fd0f2625bbb84,,08/09/2025 02:26:00 AM,30,TRAFFIC SIGNAL,UNKNOWN,CLEAR,"DARKNESS, LIGHTED ROAD",TURNING,T-INTERSECTION,,STRAIGHT AND LEVEL,UNKNOWN,UNKNOWN,ON SCENE,INJURY AND / OR TOW DUE TO CRASH,Y,,Y,"OVER $1,500",08/09/2025 03:32:00 AM,FAILING TO YIELD RIGHT-OF-WAY,NOT APPLICABLE,605,S,KOSTNER AVE,1131,,,,,,,2,"REPORTED, NOT EVIDENT",1,0,0,0,1,2,0,2,7,8,41.8733859978,-87.7350723227,POINT (-87.735072322729 41.873385997812)
2b1df9f677d4a68497ca994cfc9dca6e116ed8518bd3bce40fbfcfdfed178f8ba2b4510fbdaeeb3f6571799d7596b3004b75885bee6925dc01e59ee66c5f3270,,08/09/2025 01:59:00 AM,30,UNKNOWN,UNKNOWN,CLEAR,"DARKNESS, LIGHTED ROAD",REAR END,DIVIDED - W/MEDIAN (NOT RAISED),,STRAIGHT AND LEVEL,DRY,NO DEFECTS,ON SCENE,NO INJURY / DRIVE AWAY,Y,,,"OVER $1,500",08/09/2025 02:15:00 AM,UNABLE TO DETERMINE,UNABLE TO DETERMINE,2098,E,HAYES DR,331,,,,,,,2,NO INDICATION OF INJURY,0,0,0,0,0,3,0,1,7,8,41.7808248923,-87.5749002678,POINT (-87.574900267752 41.780824892257)
50e7cec926f7e89cb096b45fad9911bf4edc68a28aba6d18653a6abef550c61cae25d2a9e5c9e8e9dd8af60127c160fe7bf79c4d1f631fb302a644fbf83236d7,,08/09/2025 01:53:00 AM,30,UNKNOWN,UNKNOWN,CLEAR,"DARKNESS, LIGHTED ROAD",PARKED MOTOR VEHICLE,NOT DIVIDED,,STRAIGHT AND LEVEL,UNKNOWN,UNKNOWN,ON SCENE,INJURY AND / OR TOW DUE TO CRASH,,,,"OVER $1,500",08/09/2025 01:55:00 AM,UNABLE TO DETERMINE,UNABLE TO DETERMINE,2436,W,FULLERTON AVE,1431,,,,,,,3,NONINCAPACITATING INJURY,1,0,0,1,0,1,0,1,7,8,41.9249960992,-87.689133607,POINT (-87.68913360697 41.924996099222)
01592f02a8ea88406703e6c88b244e37d7163905ae1a76420eaa4ecd71ca4f2333d52de953f73555f250691b38b0e9e67e924d2a19480e13a375af34beb80e60,Y,08/09/2025 01:30:00 AM,30,NO CONTROLS,NO CONTROLS,CLEAR,"DARKNESS, LIGHTED ROAD",PARKED MOTOR VEHICLE,ONE-WAY,,STRAIGHT AND LEVEL,DRY,NO DEFECTS,NOT ON SCENE (DESK REPORT),NO INJURY / DRIVE AWAY,,,Y,"OVER $1,500",08/09/2025 01:50:00 AM,UNABLE TO DETERMINE,NOT APPLICABLE,4820,W,RACE AVE,1532,,,,,,,2,NO INDICATION OF INJURY,0,0,0,0,0,1,0,1,7,8,41.8905769617,-87.7466359905,POINT (-87.746635990515 41.89057696174)
189bfac687c2ae2ff3854fffb155121369df8a8cdb2dc1a7178deeac6f655a32d0ec387b34e3e7f42bc5bca7070fd83f8a7de4f1fa9e2d5bf92db9addcce152f,,08/09/2025 01:30:00 AM,30,NO CONTROLS,NO CONTROLS,CLEAR,"DARKNESS, LIGHTED ROAD",SIDESWIPE SAME DIRECTION,NOT DIVIDED,,STRAIGHT AND LEVEL,DRY,NO DEFECTS,NOT ON SCENE (DESK REPORT),NO INJURY / DRIVE AWAY,,,,"$501 - $1,500",08/09/2025 05:00:00 PM,FAILING TO YIELD RIGHT-OF-WAY,FAILING TO YIELD RIGHT-OF-WAY,5051,S,CICERO AVE,815,,,,,,,2,NO INDICATION OF INJURY,0,0,0,0,0,2,0,1,7,8,41.8006467532,-87.7428201253,POINT (-87.742820125318 41.800646753154)
1d4ec250102e98bafc8f52d6741ccc1b7eeb8c82c304347061d3d6e9bfe64dd1d7c7e5b09d3b4c4be773177c9198d41b13700ae78d5c42ae94f7a7a02ee7e327,,08/09/2025 01:30:00 AM,30,NO CONTROLS,NO CONTROLS,CLEAR,"DARKNESS, LIGHTED ROAD",SIDESWIPE SAME DIRECTION,NOT DIVIDED,,STRAIGHT AND LEVEL,DRY,NO DEFECTS,NOT ON SCENE (DESK REPORT),NO INJURY / DRIVE AWAY,,,Y,"OVER $1,500",08/10/2025 02:49:00 PM,UNABLE TO DETERMINE,UNABLE TO DETERMINE,3938,N,CLARENDON AVE,1923,,,Y,,,,2,NO INDICATION OF INJURY,0,0,0,0,0,3,0,1,7,8,41.9539935388,-87.6498296892,POINT (-87.649829689223 41.953993538764)
aaecb1c291bd3f269102fc5c05db57d3ef207e6ba16ed647f494b746eeebb5feb7a3bfa3a9a954c2808e5a79e7b698d68296983e529860978d7127bfe87bddb4,,08/09/2025 01:25:00 AM,30,NO CONTROLS,NO CONTROLS,CLEAR,"DARKNESS, LIGHTED ROAD",PEDALCYCLIST,DIVIDED - W/MEDIAN (NOT RAISED),,STRAIGHT AND LEVEL,DRY,NO DEFECTS,ON SCENE,INJURY AND / OR TOW DUE TO CRASH,,,,"OVER $1,500",08/09/2025 01:41:00 AM,NOT APPLICABLE,NOT APPLICABLE,730,N,PULASKI RD,1111,,,,,,,2,NONINCAPACITATING INJURY,1,0,0,1,0,2,0,1,7,8,41.8944482783,-87.7262030479,POINT (-87.726203047904 41.894448278337)
4fdce5f11122b67f905985fce5426b511454a1e30d1b6fac93e54c2c0c5f38f6b69736dc9acb57f25b21bd11b8d610ec3435a4fbd6acff72a0452e023bf191b8,Y,08/09/2025 01:21:00 AM,25,NO CONTROLS,NO CONTROLS,CLEAR,DAYLIGHT,REAR END,DIVIDED - W/MEDIAN (NOT RAISED),,STRAIGHT AND LEVEL,DRY,NO DEFECTS,NOT ON SCENE (DESK REPORT),NO INJURY / DRIVE AWAY,,,,"$501 - $1,500",08/11/2025 01:32:00 PM,FOLLOWING TOO CLOSELY,NOT APPLICABLE,2790,N,SHEFFIELD AVE,1935,,,,,,,2,NO INDICATION OF INJURY,0,0,0,0,0,2,0,1,7,8,41.9325439924,-87.6540017539,POINT (-87.654001753884 41.932543992405)
fdf4d70585ff9562d24d816178d87271146bea88d8e89bca865603a59f8252ea249b52846807598a71dcef7898b00c675b05662d4d75a056835b0a32972375d2,,08/09/2025 01:08:00 AM,30,STOP SIGN/FLASHER,FUNCTIONING PROPERLY,CLEAR,"DARKNESS, LIGHTED ROAD",FIXED OBJECT,FOUR WAY,,STRAIGHT AND LEVEL,DRY,UNKNOWN,NOT ON SCENE (DESK REPORT),NO INJURY / DRIVE AWAY,,,,"OVER $1,500",08/09/2025 03:45:00 AM,UNABLE TO DETERMINE,NOT APPLICABLE,6100,S,PRINCETON AVE,711,,,,,,,2,NO INDICATION OF INJURY,0,0,0,0,0,2,0,1,7,8,41.7835362668,-87.632851943,POINT (-87.632851942994 41.783536266771)
0f8f86be51d0b0d202426b9a3aad9950332d05ec951bffbc01b50695f7bfdfa32f85cb19e22ef24a9cf52d935cb26a01854f93062b42b00023d1496348a147c9,,08/09/2025 12:55:00 AM,25,TRAFFIC SIGNAL,FUNCTIONING PROPERLY,CLEAR,"DARKNESS, LIGHTED ROAD",FIXED OBJECT,NOT DIVIDED,,STRAIGHT AND LEVEL,DRY,NO DEFECTS,ON SCENE,INJURY AND / OR TOW DUE TO CRASH,,,,"OVER $1,500",08/09/2025 12:55:00 AM,UNABLE TO DETERMINE,NOT APPLICABLE,5200,W,55TH ST,814,,,,,,,1,NONINCAPACITATING INJURY,2,0,0,2,0,0,0,0,7,8,41.792996747,-87.7525722899,POINT (-87.752572289898 41.792996746987)
14651785ff252ac688201e36e221666fe7326c18678a1ed3477a52395c92bbbd57280dba1b1752870454293e27242dd2cfbb1875b6c186fe701d82d9d662a774,,08/09/2025 12:42:00 AM,30,TRAFFIC SIGNAL,FUNCTIONING PROPERLY,CLEAR,DARKNESS,TURNING,FOUR WAY,,STRAIGHT AND LEVEL,DRY,NO DEFECTS,ON SCENE,INJURY AND / OR TOW DUE TO CRASH,Y,,,"$501 - $1,500",08/09/2025 12:48:00 AM,IMPROPER TURNING/NO SIGNAL,NOT APPLICABLE,9901,S,WESTERN AVE,2213,,,,,,,2,NONINCAPACITATING INJURY,2,0,0,1,1,0,0,0,7,8,41.7135743507,-87.6816927829,POINT (-87.681692782928 41.713574350662)
2e32168b1621d198242638f93e646caba7a34b98ef895ceeeff323316e4cafe4004c84e2505e502cdf6f7b287974b5c44c95af2ba3e5538e947fa7ed756eea3f,,08/09/2025 12:30:00 AM,35,TRAFFIC SIGNAL,FUNCTIONING PROPERLY,CLEAR,"DARKNESS, LIGHTED ROAD",TURNING,"FIVE POINT, OR MORE",,STRAIGHT AND LEVEL,DRY,NO DEFECTS,ON SCENE,INJURY AND / OR TOW DUE TO CRASH,Y,,Y,"OVER $1,500",08/09/2025 02:47:00 AM,UNABLE TO DETERMINE,UNABLE TO DETERMINE,801,W,119TH ST,524,,,,,,,2,NONINCAPACITATING INJURY,1,0,0,1,0,1,0,0,7,8,41.6777038827,-87.6419845177,POINT (-87.641984517713 41.677703882725)
0ddbe0595433bf473d4e8c0068eb82f17e679baab42beaaaf6bf9b41a74ae54eec04c180fa4aadb97c45f8136c74fe6c872cd2f4377a6e90751ed232173e6a19,,08/09/2025 12:25:00 AM,30,NO CONTROLS,NO CONTROLS,CLEAR,"DARKNESS, LIGHTED ROAD",REAR TO SIDE,NOT DIVIDED,,STRAIGHT AND LEVEL,DRY,NO DEFECTS,NOT ON SCENE (DESK REPORT),NO INJURY / DRIVE AWAY,,,Y,"OVER $1,500",08/09/2025 12:50:00 AM,FAILING TO YIELD RIGHT-OF-WAY,NOT APPLICABLE,4416,W,FIFTH AVE,1131,,,,,,,2,NO INDICATION OF INJURY,0,0,0,0,0,2,0,0,7,8,41.8701974394,-87.7359100444,POINT (-87.735910044382 41.870197439412)
86afeea80305e50de1992e2874183240509d0c241ce9d7ec4529bb90a469769326eebdafe556803596540e17f618d2e0669c8ab6d53c19674ecf624892755c7e,,08/09/2025 12:20:00 AM,10,NO CONTROLS,NO CONTROLS,CLEAR,DARKNESS,SIDESWIPE SAME DIRECTION,ALLEY,,STRAIGHT AND LEVEL,DRY,UNKNOWN,ON SCENE,NO INJURY / DRIVE AWAY,,,Y,$500 OR LESS,08/09/2025 01:41:00 AM,UNABLE TO DETERMINE,UNABLE TO DETERMINE,6141,S,CALUMET AVE,311,,,,,,,2,NO INDICATION OF INJURY,0,0,0,0,0,3,0,0,7,8,41.7826936688,-87.6170920595,POINT (-87.617092059534 41.782693668821)
89c88d739768107208c4ca7bbb920a2eb48979e4329e2e0d88cb64aacbc092ec0668c6580724f33e404b383fa31d169a178d8bce46d386a7b9f95743b6b483fb,,08/09/2025 12:10:00 AM,35,STOP SIGN/FLASHER,FUNCTIONING PROPERLY,CLEAR,"DARKNESS, LIGHTED ROAD",REAR END,DIVIDED - W/MEDIAN BARRIER,,STRAIGHT AND LEVEL,DRY,NO DEFECTS,NOT ON SCENE (DESK REPORT),NO INJURY / DRIVE AWAY,,,Y,"$501 - $1,500",08/09/2025 12:30:00 AM,FOLLOWING TOO CLOSELY,FAILING TO REDUCE SPEED TO AVOID CRASH,3641,W,IRVING PARK RD,1732,,,,,,,2,NO INDICATION OF INJURY,0,0,0,0,0,3,0,0,7,8,41.9536279228,-87.719473207,POINT (-87.719473207012 41.953627922832)
978fd48620559f5037a765f231f60a626900750f9b124094246da80b7213be25a66a891ccf54dfad2225196dba81fe5e0d8f520a017b1cf9de87f2d9edfc5519,,08/09/2025 12:00:00 AM,20,STOP SIGN/FLASHER,FUNCTIONING PROPERLY,CLEAR,DAYLIGHT,PARKED MOTOR VEHICLE,FOUR WAY,,STRAIGHT AND LEVEL,DRY,NO DEFECTS,ON SCENE,NO INJURY / DRIVE AWAY,,,Y,"OVER $1,500",08/09/2025 09:21:00 AM,UNABLE TO DETERMINE,UNABLE TO DETERMINE,600,E,72ND ST,323,,,,,,,2,NO INDICATION OF INJURY,0,0,0,0,0,1,0,0,7,8,41.7640795789,-87.6103290035,POINT (-87.610329003548 41.764079578893)
c88f1caa85d63bd1d759a44c11415cc744cf90dc6e098f48d3057a4adf7ef2d20a54c6c91220fa61933bf1ccea88abeea370facd63a6a91936ad07906953fb8d,,08/09/2025 12:00:00 AM,20,NO CONTROLS,NO CONTROLS,CLEAR,"DARKNESS, LIGHTED ROAD",PARKED MOTOR VEHICLE,ONE-WAY,,STRAIGHT AND LEVEL,DRY,NO DEFECTS,ON SCENE,INJURY AND / OR TOW DUE TO CRASH,,,Y,"OVER $1,500",08/09/2025 09:23:00 AM,UNABLE TO DETERMINE,NOT APPLICABLE,5222,W,WINDSOR AVE,1623,,,,,,,2,NO INDICATION OF INJURY,0,0,0,0,0,1,0,0,7,8,41.9631933537,-87.7576523872,POINT (-87.757652387235 41.963193353725)
fd95666bada872f366c47d3c0e949b8a4b60ce055ae62a655b44df7bd01890e230907a2e9999123c8ddac8f002386fa2a02a053f69a630862e6e65d4123f3608,,08/09/2025 12:00:00 AM,30,TRAFFIC SIGNAL,FUNCTIONING PROPERLY,UNKNOWN,UNKNOWN,REAR END,NOT DIVIDED,,STRAIGHT AND LEVEL,UNKNOWN,UNKNOWN,NOT ON SCENE (DESK REPORT),NO INJURY / DRIVE AWAY,,,Y,"OVER $1,500",08/13/2025 11:50:00 AM,UNABLE TO DETERMINE,NOT APPLICABLE,5500,S,WABASH AVE,225,,,,,,,2,NO INDICATION OF INJURY,0,0,0,0,0,5,0,0,7,8,41.7942603437,-87.6242244193,POINT (-87.624224419257 41.794260343739)
4cf5262513db868c859f6d4435ede15493172a5dac5583d90bc921c7cd8bdff5ee97adf3075d149a8722e208220015bf52edfaebca17f899e311cd71a6b2c4b2,Y,08/08/2025 11:50:00 PM,30,NO CONTROLS,NO CONTROLS,CLEAR,"DARKNESS, LIGHTED ROAD",PARKED MOTOR VEHICLE,NOT DIVIDED,,STRAIGHT AND LEVEL,DRY,NO DEFECTS,ON SCENE,INJURY AND / OR TOW DUE TO CRASH,,,,"OVER $1,500",08/08/2025 11:51:00 PM,FAILING TO REDUCE SPEED TO AVOID CRASH,UNABLE TO DETERMINE,1134,W,ROOSEVELT RD,1232,,,,,,,2,NONINCAPACITATING INJURY,1,0,0,1,0,0,0,23,6,8,41.8671248579,-87.6555146943,POINT (-87.655514694257 41.867124857949)
1f9e24c2e14d97447268c5917f556ee772ea5d3f6ee81c25bcdce676a7fb06f7d4a5f3d7de842d608d806fde86a425a306520a76043699fd49694611070c8bf8,,08/08/2025 11:45:00 PM,30,TRAFFIC SIGNAL,UNKNOWN,CLEAR,"DARKNESS, LIGHTED ROAD",TURNING,FOUR WAY,,STRAIGHT AND LEVEL,DRY,UNKNOWN,ON SCENE,INJURY AND / OR TOW DUE TO CRASH,Y,,,"$501 - $1,500",08/08/2025 11:57:00 PM,IMPROPER TURNING/NO SIGNAL,NOT APPLICABLE,800,W,CERMAK RD,1235,,,,,,,2,"REPORTED, NOT EVIDENT",1,0,0,0,1,1,0,23,6,8,41.8527551845,-87.6465798588,POINT (-87.64657985879 41.852755184496)