CRASH_RECORD_ID,CRASH_DATE_EST_I,CRASH_DATE,POSTED_SPEED_LIMIT,TRAFFIC_CONTROL_DEVICE,DEVICE_CONDITION,WEATHER_CONDITION,LIGHTING_CONDITION,FIRST_CRASH_TYPE,TRAFFICWAY_TYPE,LANE_CNT,ALIGNMENT,ROADWAY_SURFACE_COND,ROAD_DEFECT,REPORT_TYPE,CRASH_TYPE,INTERSECTION_RELATED_I,NOT_RIGHT_OF_WAY_I,HIT_AND_RUN_I,DAMAGE,DATE_POLICE_NOTIFIED,PRIM_CONTRIBUTORY_CAUSE,SEC_CONTRIBUTORY_CAUSE,STREET_NO,STREET_DIRECTION,STREET_NAME,BEAT_OF_OCCURRENCE,PHOTOS_TAKEN_I,STATEMENTS_TAKEN_I,DOORING_I,WORK_ZONE_I,WORK_ZONE_TYPE,WORKERS_PRESENT_I,NUM_UNITS,MOST_SEVERE_INJURY,INJURIES_TOTAL,INJURIES_FATAL,INJURIES_INCAPACITATING,INJURIES_NON_INCAPACITATING,INJURIES_REPORTED_NOT_EVIDENT,INJURIES_NO_INDICATION,INJURIES_UNKNOWN,CRASH_HOUR,CRASH_DAY_OF_WEEK,CRASH_MONTH,LATITUDE,LONGITUDE,LOCATION
f63693c97a320ace7da4aa4eff065b7e571bbb1266c648e933e9908f1008970e63432683c76841f722f3ae5806d0894a60a67f1b124b291ecc1246d88139fe3b,Y,08/08/2025 11:41:00 PM,30,STOP SIGN/FLASHER,FUNCTIONING PROPERLY,CLEAR,"DARKNESS, LIGHTED ROAD",TURNING,DIVIDED - W/MEDIAN (NOT RAISED),,STRAIGHT AND LEVEL,DRY,NO DEFECTS,ON SCENE,INJURY AND / OR TOW DUE TO CRASH,Y,,,"OVER $1,500",08/08/2025 11:54:00 PM,FAILING TO YIELD RIGHT-OF-WAY,FAILING TO YIELD RIGHT-OF-WAY,931,N,WESTERN AVE,1212,,,,,,,2,NONINCAPACITATING INJURY,2,0,0,2,0,4,0,23,6,8,41.8984270662,-87.686764428,POINT (-87.686764428018 41.898427066223)
114c3f48d25422159e78a2b9f690031697a7e93593b167ed3ed8662c192567cdf3f19ac94c42e3f3227da3902fcb74f9bb9b4494fa9a21655d8b86a118b5459f,,08/08/2025 11:40:00 PM,30,NO CONTROLS,NO CONTROLS,CLEAR,"DARKNESS, LIGHTED ROAD",ANGLE,NOT DIVIDED,,STRAIGHT AND LEVEL,DRY,NO DEFECTS,ON SCENE,INJURY AND / OR TOW DUE TO CRASH,,Y,Y,"OVER $1,500",08/09/2025 12:01:00 AM,UNABLE TO DETERMINE,UNABLE TO DETERMINE,2525,W,71ST ST,832,,,,,,,2,NO INDICATION OF INJURY,0,0,0,0,0,3,0,23,6,8,41.7645291317,-87.6868491848,POINT (-87.686849184792 41.764529131744)
b49fb1cd3bf018495c6c02bdc556dc21f77c36fe42f5f6c3765f30a4af0344ea47a852233201550a284e3159bd21dc336f289b562ed93b8263994e3031c0419f,,08/08/2025 11:40:00 PM,15,STOP SIGN/FLASHER,FUNCTIONING PROPERLY,CLEAR,"DARKNESS, LIGHTED ROAD",ANGLE,FOUR WAY,,STRAIGHT AND LEVEL,DRY,UNKNOWN,ON SCENE,INJURY AND / OR TOW DUE TO CRASH,Y,,,"OVER $1,500",08/08/2025 11:40:00 PM,DISREGARDING STOP SIGN,NOT APPLICABLE,4059,W,MELROSE ST,1731,,,,,,,2,NO INDICATION OF INJURY,0,0,0,0,0,3,0,23,6,8,41.9398634734,-87.729541864,POINT (-87.729541863963 41.939863473411)
08d81ba571e949e15eb98c43d7704a7189325f12f1279941fef5a26b08a68d915c4c8c82750c5b8f6eead49f502c8bc661a017946b4a8f49ebfedd0ef7854083,,08/08/2025 11:30:00 PM,30,TRAFFIC SIGNAL,FUNCTIONING PROPERLY,CLEAR,"DARKNESS, LIGHTED ROAD",TURNING,FOUR WAY,,STRAIGHT AND LEVEL,DRY,NO DEFECTS,,NO INJURY / DRIVE AWAY,Y,,,"OVER $1,500",08/09/2025 12:30:00 AM,IMPROPER TURNING/NO SIGNAL,UNABLE TO DETERMINE,6300,S,STATE ST,312,,,,,,,2,NO INDICATION OF INJURY,0,0,0,0,0,5,0,23,6,8,41.7800082774,-87.6255225119,POINT (-87.625522511916 41.780008277408)
3382ad53a987869c4e455d2afd89258a1787d16d2dc263a2195bf3569292c4ad29edaeed533d5981e8a8aef10a4ca9ed1c15060ea8db042c4d97585aac557d99,,08/08/2025 11:30:00 PM,30,NO CONTROLS,NO CONTROLS,CLEAR,"DARKNESS, LIGHTED ROAD",TURNING,CENTER TURN LANE,,STRAIGHT AND LEVEL,DRY,UNKNOWN,ON SCENE,INJURY AND / OR TOW DUE TO CRASH,Y,,,"OVER $1,500",08/08/2025 11:33:00 PM,IMPROPER TURNING/NO SIGNAL,IMPROPER TURNING/NO SIGNAL,3538,W,NORTH AVE,1422,,,,,,,2,NO INDICATION OF INJURY,0,0,0,0,0,2,0,23,6,8,41.9101156683,-87.7156930426,POINT (-87.715693042627 41.910115668259)
0c52a5a9b573d4af63f71412204053db9a0d9259b0354246b025e2fcea1e1363016faa2cd0380fdb6f1965debf5790fd0b2227e907f597924f1e971e0eb581c0,,08/08/2025 11:25:00 PM,30,NO CONTROLS,NO CONTROLS,CLEAR,"DARKNESS, LIGHTED ROAD",PARKED MOTOR VEHICLE,NOT DIVIDED,,STRAIGHT AND LEVEL,DRY,NO DEFECTS,ON SCENE,NO INJURY / DRIVE AWAY,,,,"OVER $1,500",08/08/2025 11:30:00 PM,EQUIPMENT - VEHICLE CONDITION,NOT APPLICABLE,5928,W,BLOOMINGDALE AVE,2531,,,,,,,2,NO INDICATION OF INJURY,0,0,0,0,0,1,0,23,6,8,41.9130285908,-87.7740302334,POINT (-87.774030233421 41.913028590787)
d6b80bfc05804d80d0ce4c93df0725b89cbe02433a67ed518807a3d7ec7b03b8b88a29a4e6c16cbf79405f3d602cb0fc463a16a094db35b2783c5ef9ec8010f8,,08/08/2025 11:21:00 PM,20,NO CONTROLS,NO CONTROLS,CLEAR,"DARKNESS, LIGHTED ROAD",ANGLE,ALLEY,,STRAIGHT AND LEVEL,DRY,NO DEFECTS,ON SCENE,NO INJURY / DRIVE AWAY,,,,"OVER $1,500",08/08/2025 11:28:00 PM,FAILING TO REDUCE SPEED TO AVOID CRASH,DRIVING SKILLS/KNOWLEDGE/EXPERIENCE,4901,N,BELL AVE,2031,,,,,,,2,NO INDICATION OF INJURY,0,0,0,0,0,2,0,23,6,8,41.9705805672,-87.6851754283,POINT (-87.685175428271 41.970580567174)
0a1d712c7483b16a17de56e3cda26009a1af3ddf3221e859a3b62066eade7132783267dc8228eb8a97f833b6d693bc9b41b8baabc7d406ec69c83a6c4e83e744,,08/08/2025 11:10:00 PM,30,NO CONTROLS,UNKNOWN,CLEAR,"DARKNESS, LIGHTED ROAD",PARKED MOTOR VEHICLE,NOT DIVIDED,,STRAIGHT AND LEVEL,DRY,NO DEFECTS,ON SCENE,INJURY AND / OR TOW DUE TO CRASH,,,,"OVER $1,500",08/08/2025 11:40:00 PM,IMPROPER OVERTAKING/PASSING,UNABLE TO DETERMINE,105,E,CHICAGO AVE,1833,,,,,,,2,NO INDICATION OF INJURY,0,0,0,0,0,1,0,23,6,8,41.8966048453,-87.6252326505,POINT (-87.62523265055 41.896604845251)
28f57ecf774710d456fc6e4941a13f3cf53260ce301798d7844f3091981ea356a1724604a6b1cc30c0ca193459e5d320c2363f5e6ac627536af486acc3528132,,08/08/2025 11:04:00 PM,30,TRAFFIC SIGNAL,UNKNOWN,CLEAR,"DARKNESS, LIGHTED ROAD",PEDALCYCLIST,NOT DIVIDED,,STRAIGHT AND LEVEL,DRY,UNKNOWN,ON SCENE,INJURY AND / OR TOW DUE TO CRASH,Y,,Y,"OVER $1,500",08/08/2025 11:10:00 PM,FAILING TO REDUCE SPEED TO AVOID CRASH,UNABLE TO DETERMINE,1600,N,CALIFORNIA AVE,1421,,,,,,,2,NONINCAPACITATING INJURY,1,0,0,1,0,1,0,23,6,8,41.9103151463,-87.697174719,POINT (-87.697174719012 41.910315146253)
49274b7f5a53b2186c0f1960ddf97e3c680557846167f68975b621646bedcb0a729afbbc689897e84d84eab9de40501f9e5b67f2ca822c7a68a6340bd820332c,,08/08/2025 11:02:00 PM,35,TRAFFIC SIGNAL,FUNCTIONING PROPERLY,CLEAR,"DARKNESS, LIGHTED ROAD",PEDALCYCLIST,FOUR WAY,,STRAIGHT AND LEVEL,DRY,NO DEFECTS,ON SCENE,NO INJURY / DRIVE AWAY,Y,,,"OVER $1,500",08/08/2025 11:02:00 PM,DISREGARDING TRAFFIC SIGNALS,NOT APPLICABLE,1800,W,FOSTER AVE,2012,,,,,,,2,NO INDICATION OF INJURY,0,0,0,0,0,2,0,23,6,8,41.9762051282,-87.6747765499,POINT (-87.674776549853 41.976205128208)
2dca0275b35e9fa66dc5848afe3cd6f56e1c6ebfe699dd6f83bb739b6426b6379b4f82839b241a81070b8fb3b8e329f5c77a83405d2d27c07de9534408113712,,08/08/2025 11:00:00 PM,30,TRAFFIC SIGNAL,FUNCTIONING PROPERLY,CLEAR,"DARKNESS, LIGHTED ROAD",ANGLE,DIVIDED - W/MEDIAN (NOT RAISED),,STRAIGHT AND LEVEL,DRY,NO DEFECTS,NOT ON SCENE (DESK REPORT),NO INJURY / DRIVE AWAY,Y,,,"OVER $1,500",08/18/2025 01:30:00 PM,DISREGARDING TRAFFIC SIGNALS,NOT APPLICABLE,7900,S,JEFFERY BLVD,414,,,,,,,2,NO INDICATION OF INJURY,0,0,0,0,0,2,0,23,6,8,41.7515129841,-87.5761257653,POINT (-87.576125765304 41.751512984098)
288ae5568b10fbd82fce78fce08019295f959dc8255c9a7e87eceecb25486d150fb318fa2b593a19ddedab27d91394c1ca311873f7d5d1a48e970584a5e3700e,,08/08/2025 10:59:00 PM,30,NO CONTROLS,NO CONTROLS,CLEAR,"DARKNESS, LIGHTED ROAD",PARKED MOTOR VEHICLE,NOT DIVIDED,,STRAIGHT AND LEVEL,DRY,NO DEFECTS,ON SCENE,INJURY AND / OR TOW DUE TO CRASH,,,,"OVER $1,500",08/08/2025 11:43:00 PM,UNABLE TO DETERMINE,NOT APPLICABLE,449,E,83RD ST,632,,,,,,,2,NO INDICATION OF INJURY,0,0,0,0,0,1,0,22,6,8,41.7437303014,-87.6128446726,POINT (-87.612844672605 41.743730301405)
913a0b8f799296fc92db09dffcf5df07a2ed914adc6a5cd7b8cdac7507fca02bedbde740c92991d752f670f2c9889a33199526e31a61985e00941c694413a179,,08/08/2025 10:57:00 PM,30,TRAFFIC SIGNAL,FUNCTIONING PROPERLY,CLEAR,"DARKNESS, LIGHTED ROAD",PEDALCYCLIST,FOUR WAY,,STRAIGHT AND LEVEL,DRY,UNKNOWN,NOT ON SCENE (DESK REPORT),NO INJURY / DRIVE AWAY,Y,,,$500 OR LESS,08/08/2025 11:00:00 PM,FAILING TO REDUCE SPEED TO AVOID CRASH,NOT APPLICABLE,3600,N,SHEFFIELD AVE,1923,,,,,,,2,NO INDICATION OF INJURY,0,0,0,0,0,3,0,22,6,8,41.9473318268,-87.654480315,POINT (-87.654480314982 41.947331826783)
d46ea7b9b313e19b020f88aed7b6ae679d02a830629fa67734e51fae0f343d86bb8bfbd63719fee389d590c49439e94d937d611a9090f312e4ed429da24da47f,,08/08/2025 10:54:00 PM,25,UNKNOWN,UNKNOWN,CLEAR,UNKNOWN,PEDESTRIAN,UNKNOWN,,STRAIGHT AND LEVEL,DRY,UNKNOWN,ON SCENE,INJURY AND / OR TOW DUE TO CRASH,,,Y,"OVER $1,500",08/08/2025 11:33:00 PM,NOT APPLICABLE,UNABLE TO DETERMINE,3035,N,HOYNE AVE,1931,,,,,,,2,NONINCAPACITATING INJURY,1,0,0,1,0,1,0,22,6,8,41.9369573266,-87.6805582842,POINT (-87.680558284186 41.936957326581)
febe3d284ada557929d2e45803640453c0d78640824d61a7868a4580cfba956508490289000259e382eeec704195e7b71055c8bf00948ed5ca9b9629c642afeb,,08/08/2025 10:53:00 PM,30,TRAFFIC SIGNAL,FUNCTIONING PROPERLY,CLEAR,"DARKNESS, LIGHTED ROAD",ANGLE,FOUR WAY,,STRAIGHT AND LEVEL,DRY,NO DEFECTS,ON SCENE,INJURY AND / OR TOW DUE TO CRASH,Y,,,"OVER $1,500",08/08/2025 11:00:00 PM,DISREGARDING TRAFFIC SIGNALS,FAILING TO REDUCE SPEED TO AVOID CRASH,42,E,MONROE ST,112,,Y,,,,,2,NO INDICATION OF INJURY,0,0,0,0,0,2,0,22,6,8,41.8808978969,-87.6262518387,POINT (-87.626251838702 41.880897896928)
818f0b8fec9ef2fbc0a3f2580ef5bb763320c9da51d4c97e6d2d6dd1d996cac8b53e2df394d40eadd45048a17460de73d74a2ae55b764bd6ffd29b3f0f489152,,08/08/2025 10:47:00 PM,30,NO CONTROLS,NO CONTROLS,CLEAR,"DARKNESS, LIGHTED ROAD",SIDESWIPE OPPOSITE DIRECTION,ONE-WAY,,STRAIGHT AND LEVEL,DRY,UNKNOWN,NOT ON SCENE (DESK REPORT),NO INJURY / DRIVE AWAY,,,Y,"OVER $1,500",08/08/2025 11:45:00 PM,IMPROPER OVERTAKING/PASSING,IMPROPER OVERTAKING/PASSING,1250,W,73RD PL,734,,,,,,,2,NO INDICATION OF INJURY,0,0,0,0,0,3,0,22,6,8,41.7605879213,-87.6559812073,POINT (-87.655981207251 41.760587921251)
a4118ab9701a621cb0a8163e5a0fb8e446ec3e07226d70d4499cf493c3d9eb63115ef5dabe7f244340302a7188d55d518781a6f2a7ddccadc77fc7bdfc04469b,,08/08/2025 10:40:00 PM,20,NO CONTROLS,NO CONTROLS,CLEAR,"DARKNESS, LIGHTED ROAD",PARKED MOTOR VEHICLE,ONE-WAY,,STRAIGHT AND LEVEL,DRY,NO DEFECTS,ON SCENE,INJURY AND / OR TOW DUE TO CRASH,,,,"OVER $1,500",08/08/2025 10:45:00 PM,FOLLOWING TOO CLOSELY,NOT APPLICABLE,5938,W,DAKIN ST,1633,N,N,,,,,2,NO INDICATION OF INJURY,0,0,0,0,0,1,0,22,6,8,41.952230137,-87.7758622457,POINT (-87.775862245744 41.952230136961)
21805a8e6f43cd7122a36b977e3958136398da537cc1663565c94263a068b4e1251a9f24df4e442a47964ce6411439c02bb39519d0a2ebb6ce1f5d1c75b5ec67,,08/08/2025 10:30:00 PM,30,UNKNOWN,UNKNOWN,UNKNOWN,UNKNOWN,REAR END,DIVIDED - W/MEDIAN (NOT RAISED),,STRAIGHT AND LEVEL,UNKNOWN,UNKNOWN,NOT ON SCENE (DESK REPORT),NO INJURY / DRIVE AWAY,,,,"$501 - $1,500",08/13/2025 04:45:00 PM,UNABLE TO DETERMINE,NOT APPLICABLE,6555,N,CLARK ST,2432,,,,,,,2,NO INDICATION OF INJURY,0,0,0,0,0,2,0,22,6,8,42.0015569068,-87.6716523182,POINT (-87.671652318188 42.001556906756)
4f5c59ed4877b27b2127f49e272eb394f24588af91d49446af97efa40c28bab3d576c91a7e4d56879b91e19be820a50eb390a1380211d501f18cb8ff7bf538b3,,08/08/2025 10:29:00 PM,30,STOP SIGN/FLASHER,UNKNOWN,CLEAR,"DARKNESS, LIGHTED ROAD",REAR END,ONE-WAY,,STRAIGHT AND LEVEL,UNKNOWN,UNKNOWN,NOT ON SCENE (DESK REPORT),NO INJURY / DRIVE AWAY,,,Y,"OVER $1,500",08/08/2025 11:18:00 PM,UNABLE TO DETERMINE,UNABLE TO DETERMINE,6800,S,JEFFERY BLVD,332,,,,,,,2,NO INDICATION OF INJURY,0,0,0,0,0,4,0,22,6,8,41.7715353798,-87.5765919826,POINT (-87.576591982646 41.77153537983)
1ce0c58c45926aebf921d45ebdc71cc7e324b24cb576999733f6d71b1f14c4eb6404b31c348111c4d18fe0baf5af3474fa7b25c7de78bf3e123edb4cd36f0578,,08/08/2025 10:17:00 PM,30,NO CONTROLS,NO CONTROLS,CLEAR,"DARKNESS, LIGHTED ROAD",REAR END,NOT DIVIDED,,STRAIGHT AND LEVEL,DRY,NO DEFECTS,ON SCENE,INJURY AND / OR TOW DUE TO CRASH,,,,"OVER $1,500",08/08/2025 10:17:00 PM,FAILING TO REDUCE SPEED TO AVOID CRASH,UNDER THE INFLUENCE OF ALCOHOL/DRUGS (USE WHEN ARREST IS EFFECTED),3721,W,CHICAGO AVE,1112,,,,,,,5,NONINCAPACITATING INJURY,8,0,0,8,0,0,0,22,6,8,41.8953185329,-87.7197276791,POINT (-87.71972767905 41.895318532876)
c3e859b3cdc5cb7f6e3c11a35dff1e2bf6bc5e4164963c5dd41d71b6571e737b8c799723044c6aa819db75f24fc6d0e1a168ccff99bf9625d1680f917b15d9fb,Y,08/08/2025 10:17:00 PM,25,OTHER,OTHER,CLEAR,DARKNESS,PARKED MOTOR VEHICLE,ONE-WAY,,STRAIGHT AND LEVEL,DRY,UNKNOWN,ON SCENE,NO INJURY / DRIVE AWAY,,,,"OVER $1,500",08/08/2025 10:17:00 PM,DISTRACTION - FROM OUTSIDE VEHICLE,NOT APPLICABLE,6515,S,LOWE AVE,723,,,,,,,2,NO INDICATION OF INJURY,0,0,0,0,0,1,0,22,6,8,41.775692699,-87.6406149648,POINT (-87.640614964843 41.775692698966)
72dc592db270bb6f0da6149b5aabfa7b6fc2e9cc0d1fdf279ae8134ff7839c25bdb3a22c9205ce2227e37561bc55f91cf3916926f69ee4742161da76b33aae20,,08/08/2025 10:10:00 PM,30,TRAFFIC SIGNAL,FUNCTIONING PROPERLY,CLEAR,"DARKNESS, LIGHTED ROAD",TURNING,NOT DIVIDED,,STRAIGHT AND LEVEL,DRY,UNKNOWN,NOT ON SCENE (DESK REPORT),NO INJURY / DRIVE AWAY,,,,"OVER $1,500",08/09/2025 12:05:00 AM,UNABLE TO DETERMINE,UNABLE TO DETERMINE,6300,S,STATE ST,312,,,,,,,2,NO INDICATION OF INJURY,0,0,0,0,0,2,0,22,6,8,41.7800082774,-87.6255225119,POINT (-87.625522511916 41.780008277408)
7c1d28df70770aeda40d5baeca2c80d1f3dddc6dead917c2fb2e02b251b91afb8fb3f8a9526740034f7ade865ae0537d7f24d13c5506fbd4cd5a5006ac570138,,08/08/2025 10:05:00 PM,30,NO CONTROLS,NO CONTROLS,CLEAR,"DARKNESS, LIGHTED ROAD",ANGLE,PARKING LOT,,STRAIGHT AND LEVEL,"SAND, MUD, DIRT",NO DEFECTS,NOT ON SCENE (DESK REPORT),NO INJURY / DRIVE AWAY,,Y,,"OVER $1,500",08/09/2025 12:30:00 PM,FAILING TO YIELD RIGHT-OF-WAY,"OPERATING VEHICLE IN ERRATIC, RECKLESS, CARELESS, NEGLIGENT OR AGGRESSIVE MANNER",2800,S,PRINCETON AVE,914,,,,,,,2,NO INDICATION OF INJURY,0,0,0,0,0,3,0,22,6,8,41.8425111988,-87.6343588261,POINT (-87.634358826086 41.842511198838)
2ffd1f0337755f8bdc26f99b39d979bed48a21ae0f9608f3f1e47527f2ec633fb1fa5ee9421b36e65f20a9ac92ef75fa38f7e9591dddd417a28a752fd5c5d063,,08/08/2025 10:00:00 PM,10,NO CONTROLS,NO CONTROLS,CLEAR,DARKNESS,PARKED MOTOR VEHICLE,PARKING LOT,,STRAIGHT AND LEVEL,DRY,NO DEFECTS,NOT ON SCENE (DESK REPORT),NO INJURY / DRIVE AWAY,,Y,Y,"$501 - $1,500",08/14/2025 07:37:00 PM,NOT APPLICABLE,NOT APPLICABLE,4235,W,47TH ST,815,,,,,,,2,NO INDICATION OF INJURY,0,0,0,0,0,1,0,22,6,8,41.8076820272,-87.7298472515,POINT (-87.729847251455 41.807682027157)
4c923b9e60c10476787e5a63465197f68219e9a6ef310fbfce970089862b7431caad1837cd41f92d3f3010a726770d5a686772debfe332eb7f3e020ea3968dc9,,08/08/2025 10:00:00 PM,30,TRAFFIC SIGNAL,FUNCTIONING PROPERLY,CLEAR,"DARKNESS, LIGHTED ROAD",REAR END,NOT DIVIDED,,STRAIGHT AND LEVEL,DRY,NO DEFECTS,,INJURY AND / OR TOW DUE TO CRASH,,,,"OVER $1,500",08/09/2025 12:07:00 AM,UNABLE TO DETERMINE,NOT APPLICABLE,5949,S,ARCHER AVE,811,,,,,,,2,"REPORTED, NOT EVIDENT",1,0,0,0,1,1,0,22,6,8,41.795249633,-87.7646694754,POINT (-87.764669475377 41.795249632981)
8e0cd74d7349be2bd4f94c92db221a33b964525a8d9af5a02e92496de6e335e5c9999045ece25d9b8a58479c049e89ce7a4d1b0b8071cc2f732277e83df456f4,,08/08/2025 10:00:00 PM,30,NO CONTROLS,NO CONTROLS,UNKNOWN,UNKNOWN,SIDESWIPE SAME DIRECTION,ONE-WAY,,STRAIGHT AND LEVEL,UNKNOWN,UNKNOWN,NOT ON SCENE (DESK REPORT),NO INJURY / DRIVE AWAY,,,,"$501 - $1,500",08/08/2025 10:25:00 PM,NOT APPLICABLE,NOT APPLICABLE,300,W,BRIAR PL,1934,,,,,,,2,NO INDICATION OF INJURY,0,0,0,0,0,3,0,22,6,8,,,
922513c211c2e200a699446397c869586c6ca75925902741d76dcd755a274f28366e58093cf5eec34fdfd84c9425655fd162c9f9f5335a14b583395d9b66b38f,,08/08/2025 09:57:00 PM,30,NO CONTROLS,NO CONTROLS,CLEAR,"DARKNESS, LIGHTED ROAD",ANGLE,OTHER,,STRAIGHT AND LEVEL,UNKNOWN,NO DEFECTS,ON SCENE,INJURY AND / OR TOW DUE TO CRASH,,,,"OVER $1,500",08/08/2025 10:02:00 PM,FAILING TO YIELD RIGHT-OF-WAY,NOT APPLICABLE,6407,N,CALIFORNIA AVE,2412,,,,,,,2,NONINCAPACITATING INJURY,1,0,0,1,0,1,0,21,6,8,41.9978262292,-87.6995039619,POINT (-87.699503961889 41.997826229249)
1e7b225acf2d250771385bc60c28e3a2197b78fdc80cc3279a15135f351278f7ebbbf70c0b4d06a13637add362d60e0c2378ed6b3b5406b6ef3e5feaab47dc98,,08/08/2025 09:51:00 PM,40,NO CONTROLS,NO CONTROLS,CLEAR,"DARKNESS, LIGHTED ROAD",REAR END,DIVIDED - W/MEDIAN BARRIER,,STRAIGHT ON HILLCREST,DRY,UNKNOWN,ON SCENE,INJURY AND / OR TOW DUE TO CRASH,,,,"OVER $1,500",08/08/2025 10:14:00 PM,FAILING TO REDUCE SPEED TO AVOID CRASH,NOT APPLICABLE,1600,N,LAKE SHORE DR SB,1814,,Y,,,,,4,INCAPACITATING INJURY,6,0,1,5,0,4,0,21,6,8,41.9118569525,-87.6261695233,POINT (-87.626169523312 41.911856952541)
9d9f4c5afeae0da89bf98489a4005519b80ca944ff6e904fa7ac3029a5160a80e3599c1161edba1852972131b7d1b869eb92db137ad766da2817265bfaf4f21d,,08/08/2025 09:49:00 PM,25,NO CONTROLS,NO CONTROLS,CLEAR,"DARKNESS, LIGHTED ROAD",PARKED MOTOR VEHICLE,ONE-WAY,,STRAIGHT AND LEVEL,DRY,NO DEFECTS,NOT ON SCENE (DESK REPORT),NO INJURY / DRIVE AWAY,,,Y,"OVER $1,500",08/10/2025 10:45:00 AM,UNABLE TO DETERMINE,UNABLE TO DETERMINE,2258,N,MANGO AVE,2515,,,,,,,2,NO INDICATION OF INJURY,0,0,0,0,0,1,0,21,6,8,41.9220054485,-87.7697148238,POINT (-87.769714823787 41.92200544853)
7bf6ee70665c24d030ea448b8be15444abcdf603865b15dcaa0c4af965e8daa48b1e07cb75e09a7df34ebe6717f0abd61fc0a3e985cd02cfc524c0a2edafd1fe,,08/08/2025 09:48:00 PM,30,TRAFFIC SIGNAL,FUNCTIONING PROPERLY,CLEAR,"DARKNESS, LIGHTED ROAD",SIDESWIPE SAME DIRECTION,ONE-WAY,,STRAIGHT ON GRADE,DRY,NO DEFECTS,ON SCENE,NO INJURY / DRIVE AWAY,,,,"OVER $1,500",08/08/2025 09:48:00 PM,FAILING TO YIELD RIGHT-OF-WAY,NOT APPLICABLE,1557,W,VAN BUREN ST,1231,,,,,,,2,NO INDICATION OF INJURY,0,0,0,0,0,2,0,21,6,8,41.8762410991,-87.6666234458,POINT (-87.666623445803 41.876241099101)
a64096c0525789faffc45c41aad0edaec8daefb2db983e51c0abcdeab8f72a99d6d00931831401e503f594d9090feebe6bfa0a66a518918e4fe31113121748b0,,08/08/2025 09:44:00 PM,30,NO CONTROLS,NO CONTROLS,CLEAR,"DARKNESS, LIGHTED ROAD",REAR END,NOT DIVIDED,,STRAIGHT AND LEVEL,DRY,NO DEFECTS,NOT ON SCENE (DESK REPORT),NO INJURY / DRIVE AWAY,,,,"$501 - $1,500",08/08/2025 10:00:00 PM,IMPROPER BACKING,NOT APPLICABLE,156,W,POLK ST,123,,,,,,,2,NO INDICATION OF INJURY,0,0,0,0,0,3,0,21,6,8,41.872277593,-87.6325818544,POINT (-87.632581854399 41.872277593001)
552203613742b18c703b0b156363bc5047c603113217a799376cb046ad01f9a68cc3cdeb22576aeda3fb526793078703730ab6b49658f0b738b051a9087f25e6,,08/08/2025 09:40:00 PM,30,NO CONTROLS,NO CONTROLS,CLEAR,DAYLIGHT,REAR END,NOT DIVIDED,,STRAIGHT AND LEVEL,DRY,NO DEFECTS,NOT ON SCENE (DESK REPORT),NO INJURY / DRIVE AWAY,,,,"OVER $1,500",08/09/2025 02:02:00 PM,FOLLOWING TOO CLOSELY,NOT APPLICABLE,8800,S,STONY ISLAND AVE,412,,,,,,,2,NO INDICATION OF INJURY,0,0,0,0,0,2,0,21,6,8,41.7350005836,-87.5857478277,POINT (-87.585747827667 41.735000583551)
8f3f9726c4fa6df4386cea5fcf91c2c95a31fbd032ea702d9a49250e9fc98efdf4fd82896747ed9b230873c647ee4d3cc1901d15c1789ed44c265dd48b974c41,,08/08/2025 09:32:00 PM,10,NO CONTROLS,NO CONTROLS,CLEAR,"DARKNESS, LIGHTED ROAD",PARKED MOTOR VEHICLE,ONE-WAY,,STRAIGHT AND LEVEL,DRY,NO DEFECTS,ON SCENE,NO INJURY / DRIVE AWAY,,,,"OVER $1,500",08/08/2025 09:32:00 PM,IMPROPER BACKING,UNABLE TO DETERMINE,405,W,OHARE ST,1654,,,,,,,2,NO INDICATION OF INJURY,0,0,0,0,0,2,0,21,6,8,,,
39804400da887b7046f0a17e0ea0082186fc6cf96314fe20c6b3cee6cbb0799d8150b8a13ef29377ce12f9f3c126ae574031a385a48d78cb8e7a2820c6c45c45,,08/08/2025 09:30:00 PM,30,STOP SIGN/FLASHER,FUNCTIONING PROPERLY,CLEAR,"DARKNESS, LIGHTED ROAD",REAR END,NOT DIVIDED,,STRAIGHT AND LEVEL,DRY,NO DEFECTS,NOT ON SCENE (DESK REPORT),NO INJURY / DRIVE AWAY,,,Y,"$501 - $1,500",08/09/2025 06:15:00 PM,FOLLOWING TOO CLOSELY,FOLLOWING TOO CLOSELY,1359,E,76TH ST,411,,,,,,,2,NO INDICATION OF INJURY,0,0,0,0,0,2,0,21,6,8,41.756792338,-87.5908133525,POINT (-87.590813352546 41.756792337997)
593c20171b3075f05dc01ce2c36431b0fdd4b3a6f64927a5c9e6a3e781dfb53d15f8252cca5cec444259ac57cdd19c6d400edb830657c31fea9a22b744208599,,08/08/2025 09:30:00 PM,30,NO CONTROLS,NO CONTROLS,CLEAR,"DARKNESS, LIGHTED ROAD",SIDESWIPE SAME DIRECTION,DIVIDED - W/MEDIAN BARRIER,,STRAIGHT AND LEVEL,DRY,UNKNOWN,NOT ON SCENE (DESK REPORT),NO INJURY / DRIVE AWAY,,,,"OVER $1,500",08/08/2025 10:30:00 PM,UNABLE TO DETERMINE,UNABLE TO DETERMINE,6235,S,LAKE SHORE DR,331,,,,,,,2,NO INDICATION OF INJURY,0,0,0,0,0,2,0,21,6,8,41.7813293568,-87.574759574,POINT (-87.574759574041 41.781329356814)