CRASH_RECORD_ID,CRASH_DATE_EST_I,CRASH_DATE,POSTED_SPEED_LIMIT,TRAFFIC_CONTROL_DEVICE,DEVICE_CONDITION,WEATHER_CONDITION,LIGHTING_CONDITION,FIRST_CRASH_TYPE,TRAFFICWAY_TYPE,LANE_CNT,ALIGNMENT,ROADWAY_SURFACE_COND,ROAD_DEFECT,REPORT_TYPE,CRASH_TYPE,INTERSECTION_RELATED_I,NOT_RIGHT_OF_WAY_I,HIT_AND_RUN_I,DAMAGE,DATE_POLICE_NOTIFIED,PRIM_CONTRIBUTORY_CAUSE,SEC_CONTRIBUTORY_CAUSE,STREET_NO,STREET_DIRECTION,STREET_NAME,BEAT_OF_OCCURRENCE,PHOTOS_TAKEN_I,STATEMENTS_TAKEN_I,DOORING_I,WORK_ZONE_I,WORK_ZONE_TYPE,WORKERS_PRESENT_I,NUM_UNITS,MOST_SEVERE_INJURY,INJURIES_TOTAL,INJURIES_FATAL,INJURIES_INCAPACITATING,INJURIES_NON_INCAPACITATING,INJURIES_REPORTED_NOT_EVIDENT,INJURIES_NO_INDICATION,INJURIES_UNKNOWN,CRASH_HOUR,CRASH_DAY_OF_WEEK,CRASH_MONTH,LATITUDE,LONGITUDE,LOCATION
8aae2f9dd02a6e81130a624f6b7b33ec36769fe2374a24f78123c1a63438ae0aba50a8884125fdd2fea012928cb56c702d8e30463ec9e6ed98628250d376eed2,,08/08/2025 09:30:00 PM,30,TRAFFIC SIGNAL,FUNCTIONING PROPERLY,CLEAR,"DARKNESS, LIGHTED ROAD",SIDESWIPE SAME DIRECTION,DIVIDED - W/MEDIAN (NOT RAISED),,STRAIGHT AND LEVEL,DRY,NO DEFECTS,NOT ON SCENE (DESK REPORT),NO INJURY / DRIVE AWAY,,,,"OVER $1,500",08/11/2025 01:00:00 PM,DISTRACTION - FROM INSIDE VEHICLE,UNABLE TO DETERMINE,4856,W,NORTH AVE,2533,,,,,,,2,NO INDICATION OF INJURY,0,0,0,0,0,4,0,21,6,8,41.9097095537,-87.7480881772,POINT (-87.748088177215 41.909709553661)
9402e8905fc268c3090cd6466da67d5bcbaff67c821076187c63b7fe66d2e835ebf77e8b14520cf919b8c4e7b79341448701a7fccc08b116f334d28b2a9a1f81,,08/08/2025 09:30:00 PM,30,UNKNOWN,UNKNOWN,CLEAR,"DARKNESS, LIGHTED ROAD",PARKED MOTOR VEHICLE,NOT DIVIDED,,STRAIGHT AND LEVEL,DRY,UNKNOWN,ON SCENE,INJURY AND / OR TOW DUE TO CRASH,,,Y,"OVER $1,500",08/08/2025 11:45:00 PM,NOT APPLICABLE,NOT APPLICABLE,4185,N,AUSTIN AVE,1624,,,,,,,2,NO INDICATION OF INJURY,0,0,0,0,0,1,0,21,6,8,41.9566136033,-87.7767501958,POINT (-87.776750195849 41.956613603337)
c9b57ba7ac62cdfdce2157640a2a4854279839c60e7bba6e9332f9d2189506a8657cc26a61ef7491053b766a71db0bdb2df06ff2cb96d95eaaeea388481fb4f2,,08/08/2025 09:30:00 PM,10,NO CONTROLS,NO CONTROLS,CLEAR,DARKNESS,PARKED MOTOR VEHICLE,PARKING LOT,,STRAIGHT AND LEVEL,DRY,NO DEFECTS,ON SCENE,INJURY AND / OR TOW DUE TO CRASH,,,,"OVER $1,500",08/08/2025 09:33:00 PM,IMPROPER BACKING,NOT APPLICABLE,8999,S,ASHLAND AVE,2221,,,,,,,2,"REPORTED, NOT EVIDENT",1,0,0,0,1,1,0,21,6,8,41.7303856521,-87.6627586441,POINT (-87.662758644146 41.730385652092)
d2f40b21253340de39886f07101cd0c397b3a9d68f984e91ee84869f9ef5a735f0388190215864c32ada9946beadb1ee2f7f3d9416b663e179f856b7e08577e5,,08/08/2025 09:30:00 PM,15,NO CONTROLS,NO CONTROLS,CLEAR,"DARKNESS, LIGHTED ROAD",PARKED MOTOR VEHICLE,NOT DIVIDED,,STRAIGHT AND LEVEL,UNKNOWN,UNKNOWN,NOT ON SCENE (DESK REPORT),INJURY AND / OR TOW DUE TO CRASH,,,,"OVER $1,500",08/08/2025 11:50:00 PM,UNABLE TO DETERMINE,NOT APPLICABLE,311,N,LOCKWOOD AVE,1523,,,,,,,4,NO INDICATION OF INJURY,0,0,0,0,0,3,0,21,6,8,41.8859856922,-87.7575731378,POINT (-87.757573137842 41.885985692169)
6b33cf04e6c90edd7bbbab6b1e58647564e163cc36f7cf890a355cf077037b33b681cfde2b5a58db6a8b0080c79490b18665b3366124247f79bfc4b30a75c5f3,,08/08/2025 09:26:00 PM,30,UNKNOWN,UNKNOWN,CLEAR,"DARKNESS, LIGHTED ROAD",SIDESWIPE SAME DIRECTION,DIVIDED - W/MEDIAN (NOT RAISED),,STRAIGHT AND LEVEL,UNKNOWN,UNKNOWN,ON SCENE,NO INJURY / DRIVE AWAY,,,Y,$500 OR LESS,08/08/2025 11:23:00 PM,UNABLE TO DETERMINE,UNABLE TO DETERMINE,9500,S,PEORIA ST,2223,,,,,,,2,NO INDICATION OF INJURY,0,0,0,0,0,5,0,21,6,8,41.721318728,-87.6457845083,POINT (-87.645784508324 41.721318727957)
3f5f19890c89b7cc34117712603ed625135d6c0775cb2c27633454dc1f6f092d66954e8e34b8352b9b9d38bef89bca5a67284db8ab0beea7e48bb794c1abf485,,08/08/2025 09:17:00 PM,30,TRAFFIC SIGNAL,FUNCTIONING PROPERLY,CLEAR,"DARKNESS, LIGHTED ROAD",SIDESWIPE OPPOSITE DIRECTION,DIVIDED - W/MEDIAN (NOT RAISED),,STRAIGHT AND LEVEL,DRY,NO DEFECTS,ON SCENE,NO INJURY / DRIVE AWAY,Y,,Y,"OVER $1,500",08/08/2025 09:35:00 PM,UNABLE TO DETERMINE,UNABLE TO DETERMINE,2897,S,ARCHER AVE,913,,,,,,,2,NO INDICATION OF INJURY,0,0,0,0,0,2,0,21,6,8,41.8417445364,-87.6574837434,POINT (-87.657483743378 41.841744536394)
08eeea358f3907fb9a188b8c6df113ed33a2f7454da34cae7f4812f891df0d3e97be641358b5aa48c193ab6f239ae12f4106a0ecc285cc5f3993c3ab56448e99,,08/08/2025 09:00:00 PM,30,NO CONTROLS,NO CONTROLS,CLEAR,"DARKNESS, LIGHTED ROAD",SIDESWIPE SAME DIRECTION,ONE-WAY,,STRAIGHT AND LEVEL,DRY,NO DEFECTS,NOT ON SCENE (DESK REPORT),INJURY AND / OR TOW DUE TO CRASH,,,,"OVER $1,500",08/08/2025 10:00:00 PM,FAILING TO YIELD RIGHT-OF-WAY,NOT APPLICABLE,2954,W,LYNDALE ST,1414,,,,,,,2,NO INDICATION OF INJURY,0,0,0,0,0,3,0,21,6,8,41.9224981083,-87.7019875452,POINT (-87.701987545198 41.922498108259)
7d5f39ce521bef8d5cf31e3f69c312649cc946f1ceda82cb73ccf68008d62832218f486486b5faa24c25f955dda6a7a82ce0f31f459fec9b5e4bdb9349b51108,,08/08/2025 09:00:00 PM,25,STOP SIGN/FLASHER,FUNCTIONING PROPERLY,CLEAR,DAYLIGHT,ANGLE,FOUR WAY,,STRAIGHT AND LEVEL,DRY,NO DEFECTS,ON SCENE,INJURY AND / OR TOW DUE TO CRASH,Y,,,"OVER $1,500",08/08/2025 09:20:00 PM,UNABLE TO DETERMINE,NOT APPLICABLE,10800,S,EWING AVE,432,,,,,,,2,NO INDICATION OF INJURY,0,0,0,0,0,2,0,21,6,8,41.6990125228,-87.5354279136,POINT (-87.53542791363 41.699012522767)
c710caad021e02718ee503152057bf2c43bcd18f78c9d53b5bce0d02ff9328012b3a8f46d3e7a992c41344eb5863414e6d285fa3738720bdd34fbf98da5ddc7c,,08/08/2025 08:57:00 PM,30,OTHER,OTHER,OTHER,UNKNOWN,SIDESWIPE SAME DIRECTION,OTHER,,STRAIGHT AND LEVEL,OTHER,UNKNOWN,NOT ON SCENE (DESK REPORT),NO INJURY / DRIVE AWAY,,,Y,"OVER $1,500",08/08/2025 09:00:00 PM,UNABLE TO DETERMINE,UNABLE TO DETERMINE,7900,S,RACINE AVE,612,,,,,,,2,NO INDICATION OF INJURY,0,0,0,0,0,4,0,20,6,8,41.7504749298,-87.6538833344,POINT (-87.653883334391 41.750474929778)
a5d6373dd0bab831687b8a5bc53db6dbd21ae7d86d5ed4a87e7588faa8ec94540288045abe220839881da8c336289d6aa412951fab0ccfce26eacbfe38115c0c,,08/08/2025 08:53:00 PM,30,NO CONTROLS,NO CONTROLS,CLEAR,"DARKNESS, LIGHTED ROAD",PARKED MOTOR VEHICLE,NOT DIVIDED,,STRAIGHT AND LEVEL,DRY,NO DEFECTS,ON SCENE,INJURY AND / OR TOW DUE TO CRASH,,,,"OVER $1,500",08/08/2025 08:53:00 PM,FAILING TO REDUCE SPEED TO AVOID CRASH,DRIVING SKILLS/KNOWLEDGE/EXPERIENCE,1119,W,69TH ST,733,,,,,,,2,NONINCAPACITATING INJURY,1,0,0,1,0,0,0,20,6,8,41.7686085052,-87.6525995213,POINT (-87.652599521327 41.768608505223)
5174d1830fdd21500c02d1f6f273a89c4ade431a2f573279317ec923245fe6aa86edb09acd2004227a662850d875de1874bc60e259d9167cb6e1c2960a72217f,,08/08/2025 08:52:00 PM,30,UNKNOWN,UNKNOWN,UNKNOWN,UNKNOWN,ANGLE,ONE-WAY,,STRAIGHT AND LEVEL,UNKNOWN,UNKNOWN,NOT ON SCENE (DESK REPORT),NO INJURY / DRIVE AWAY,Y,,,"OVER $1,500",08/09/2025 01:50:00 PM,DRIVING SKILLS/KNOWLEDGE/EXPERIENCE,UNABLE TO DETERMINE,600,N,ORLEANS ST,1831,,,,,,,2,NO INDICATION OF INJURY,0,0,0,0,0,2,0,20,6,8,41.8924106658,-87.63720268,POINT (-87.637202679986 41.892410665824)
a68c11ec4f6ab4230658f1fe26698d54c5341d52d9e25d4c39b76de8fd7c9a0deaad48ecc5e2ebbb015d6025da17e18c09edad7580a1e0e7ee00492e320f9ded,,08/08/2025 08:50:00 PM,30,NO CONTROLS,FUNCTIONING PROPERLY,CLEAR,"DARKNESS, LIGHTED ROAD",REAR END,NOT DIVIDED,,STRAIGHT AND LEVEL,DRY,NO DEFECTS,ON SCENE,INJURY AND / OR TOW DUE TO CRASH,,,Y,"OVER $1,500",08/08/2025 09:01:00 PM,FOLLOWING TOO CLOSELY,UNABLE TO DETERMINE,3632,W,26TH ST,1013,,,,,,,3,NO INDICATION OF INJURY,0,0,0,0,0,5,0,20,6,8,41.8444781398,-87.715952126,POINT (-87.715952126007 41.844478139765)
d2c8eb7454ad125eb1a0d9b222a2e16b065f24b2187a498d4e5f2560c4d57c36408e1613089882b6c4a22e125c247986e97bd3eee85e96a80c6a1ef705945dba,,08/08/2025 08:48:00 PM,30,TRAFFIC SIGNAL,FUNCTIONING PROPERLY,CLEAR,"DARKNESS, LIGHTED ROAD",SIDESWIPE SAME DIRECTION,NOT DIVIDED,,STRAIGHT AND LEVEL,DRY,UNKNOWN,ON SCENE,INJURY AND / OR TOW DUE TO CRASH,Y,,Y,"OVER $1,500",08/08/2025 08:53:00 PM,UNABLE TO DETERMINE,NOT APPLICABLE,3400,W,ROOSEVELT RD,1133,,,,,,,2,NO INDICATION OF INJURY,0,0,0,0,0,2,0,20,6,8,41.8664572689,-87.7106673317,POINT (-87.710667331739 41.866457268922)
f06547742bd5a21bcca63c2166bffb10a751a970a9c369c198129547f192fbb27af7384e30cf9c9cc4f8badadae05f3e5375739fc621b165ebbfcccc5cd95864,,08/08/2025 08:46:00 PM,30,UNKNOWN,UNKNOWN,UNKNOWN,UNKNOWN,REAR END,FOUR WAY,,STRAIGHT AND LEVEL,UNKNOWN,UNKNOWN,NOT ON SCENE (DESK REPORT),NO INJURY / DRIVE AWAY,,,Y,"OVER $1,500",08/08/2025 09:40:00 PM,UNABLE TO DETERMINE,NOT APPLICABLE,3637,W,26TH ST,1032,,,,,,,3,NO INDICATION OF INJURY,0,0,0,0,0,3,0,20,6,8,41.8442552308,-87.7161598073,POINT (-87.71615980729 41.844255230847)
553eea1d17fc2189702e23304b852eda3d2ca20b61cff6252c54797e8fb34365a4f69e4803373f3f3eb8de8d69fb6f78ef13b00e0661304ee21636483f403acd,,08/08/2025 08:43:00 PM,15,NO CONTROLS,NO CONTROLS,CLEAR,"DARKNESS, LIGHTED ROAD",PARKED MOTOR VEHICLE,NOT DIVIDED,,STRAIGHT AND LEVEL,UNKNOWN,UNKNOWN,NOT ON SCENE (DESK REPORT),NO INJURY / DRIVE AWAY,,,,"$501 - $1,500",08/08/2025 09:10:00 PM,UNABLE TO DETERMINE,NOT APPLICABLE,311,N,LOCKWOOD AVE,1523,,,,,,,2,NO INDICATION OF INJURY,0,0,0,0,0,1,0,20,6,8,41.8859856922,-87.7575731378,POINT (-87.757573137842 41.885985692169)
6d51f9526ad514e8864663f25b56a7ba8b504e6c0b04cfebb5c34752f2fb60e021d7a416dd0679b0860c8a03fddda70fc52bb325cb3f9b00299b79f8bd1b695c,,08/08/2025 08:39:00 PM,55,UNKNOWN,UNKNOWN,CLEAR,"DARKNESS, LIGHTED ROAD",SIDESWIPE SAME DIRECTION,DIVIDED - W/MEDIAN BARRIER,,STRAIGHT AND LEVEL,DRY,NO DEFECTS,ON SCENE,INJURY AND / OR TOW DUE TO CRASH,,,Y,"OVER $1,500",08/08/2025 08:40:00 PM,UNABLE TO DETERMINE,UNABLE TO DETERMINE,1400,N,LAKE SHORE DR,1824,,,,,,,2,NONINCAPACITATING INJURY,1,0,0,1,0,2,0,20,6,8,41.9079094667,-87.6259457782,POINT (-87.625945778203 41.907909466737)
1963a8cb29bb17ef42c198a4f2287eaec2c5901f1eba41e195400b01677393405d8019f79b9958b29ece4140a2da4f8cee6d2bb767972b2648e80d3f4665b8f5,,08/08/2025 08:38:00 PM,30,NO CONTROLS,NO CONTROLS,CLEAR,"DARKNESS, LIGHTED ROAD",SIDESWIPE SAME DIRECTION,NOT DIVIDED,,STRAIGHT AND LEVEL,DRY,UNKNOWN,ON SCENE,NO INJURY / DRIVE AWAY,,,,"$501 - $1,500",08/08/2025 08:44:00 PM,UNABLE TO DETERMINE,NOT APPLICABLE,6409,W,DEVON AVE,1611,,,,,,,2,NO INDICATION OF INJURY,0,0,0,0,0,2,0,20,6,8,41.9972418991,-87.7878541532,POINT (-87.787854153156 41.997241899113)
7a2711bdf96d96eacb7338f69681b975b7ebd7f4cc5e59909a0e72cd579931ce7aab342252db770683b843423d1b96327efcefc4699b6523a56b79253f39e115,,08/08/2025 08:38:00 PM,30,TRAFFIC SIGNAL,UNKNOWN,CLEAR,"DARKNESS, LIGHTED ROAD",REAR END,NOT DIVIDED,,STRAIGHT AND LEVEL,UNKNOWN,UNKNOWN,NOT ON SCENE (DESK REPORT),NO INJURY / DRIVE AWAY,,,Y,"OVER $1,500",08/08/2025 09:02:00 PM,UNABLE TO DETERMINE,UNABLE TO DETERMINE,616,E,76TH ST,624,,,,,,,2,NO INDICATION OF INJURY,0,0,0,0,0,3,0,20,6,8,41.7567913948,-87.6094868384,POINT (-87.609486838372 41.756791394802)
e440d975c60f660363d064861220924470b450cb81c8e909b54eabb12e07e2f70a670bcc2b1870454728784ce1b68afb87f2cee37820ff3931b8af1e2d78d103,,08/08/2025 08:30:00 PM,15,NO CONTROLS,NO CONTROLS,CLEAR,DUSK,PARKED MOTOR VEHICLE,PARKING LOT,,STRAIGHT AND LEVEL,DRY,NO DEFECTS,NOT ON SCENE (DESK REPORT),NO INJURY / DRIVE AWAY,,,Y,"OVER $1,500",08/09/2025 12:00:00 PM,UNABLE TO DETERMINE,NOT APPLICABLE,2939,W,ADDISON ST,1733,,,,,,,2,NO INDICATION OF INJURY,0,0,0,0,0,1,0,20,6,8,41.946538983,-87.7020848861,POINT (-87.702084886142 41.946538982968)
f193991b8a6f5eb1c05d14869a0b63e2ec213a4b77d985047a4d7190c7326f6a29999dd3158badaa15d77274d4e61bb19edb81d59ffc834b6daa41b728688a54,,08/08/2025 08:30:00 PM,30,NO CONTROLS,NO CONTROLS,CLEAR,DUSK,PARKED MOTOR VEHICLE,NOT DIVIDED,,STRAIGHT AND LEVEL,DRY,NO DEFECTS,NOT ON SCENE (DESK REPORT),NO INJURY / DRIVE AWAY,,,Y,"$501 - $1,500",08/09/2025 08:00:00 PM,DRIVING SKILLS/KNOWLEDGE/EXPERIENCE,NOT APPLICABLE,1244,W,18TH ST,1233,,,,,,,2,NO INDICATION OF INJURY,0,0,0,0,0,1,0,20,6,8,41.8580314213,-87.6582243375,POINT (-87.658224337524 41.858031421252)
d5bd445474f94384c1e7d99085c15bd8c44125555305335a7c464c407f5dd69cd0ac74a31fb2e7465d9e7dd40bcdc82967359f672509180a10ffb476e9dac782,,08/08/2025 08:15:00 PM,30,TRAFFIC SIGNAL,FUNCTIONING PROPERLY,CLEAR,"DARKNESS, LIGHTED ROAD",TURNING,FOUR WAY,,STRAIGHT AND LEVEL,DRY,UNKNOWN,NOT ON SCENE (DESK REPORT),NO INJURY / DRIVE AWAY,Y,,,"OVER $1,500",08/08/2025 10:00:00 PM,IMPROPER TURNING/NO SIGNAL,IMPROPER TURNING/NO SIGNAL,4851,N,HARLEM AVE,1613,,,,,,,2,NO INDICATION OF INJURY,0,0,0,0,0,2,0,20,6,8,41.9697892985,-87.8069726563,POINT (-87.80697265634 41.969789298455)
dfca9c6b9e9ad76e7b68e114b5b99a72384ee18cf7b0f03ea4fcbe4e31f4aac691fcc1f4f817724ca81e41c3e1c0d85ec6d8bd0c3184739ab079aa54b876a9c0,,08/08/2025 08:15:00 PM,30,STOP SIGN/FLASHER,UNKNOWN,CLEAR,"DARKNESS, LIGHTED ROAD",REAR TO FRONT,FOUR WAY,,STRAIGHT AND LEVEL,DRY,UNKNOWN,ON SCENE,NO INJURY / DRIVE AWAY,,,,"OVER $1,500",08/08/2025 08:16:00 PM,IMPROPER BACKING,NOT APPLICABLE,5501,W,ADAMS ST,1522,,,,,,,2,NO INDICATION OF INJURY,0,0,0,0,0,2,0,20,6,8,41.8782732075,-87.7618784378,POINT (-87.761878437806 41.878273207474)
23145655170f40c58c057f2b7f2b3528c35a3d9362c5fe00b9d91fa849c29fb356a02d781fbb027229ae5afaa3288b59a448f643ffc818096ec0d4a1cbcb069f,Y,08/08/2025 08:00:00 PM,30,NO CONTROLS,NO CONTROLS,CLEAR,UNKNOWN,PARKED MOTOR VEHICLE,ONE-WAY,,STRAIGHT AND LEVEL,DRY,NO DEFECTS,NOT ON SCENE (DESK REPORT),INJURY AND / OR TOW DUE TO CRASH,,,Y,"OVER $1,500",08/09/2025 03:40:00 PM,UNABLE TO DETERMINE,NOT APPLICABLE,2525,N,ORCHARD ST,1935,,,,,,,2,NO INDICATION OF INJURY,0,0,0,0,0,1,0,20,6,8,41.9285982257,-87.6462900227,POINT (-87.646290022692 41.928598225703)
f337d550dfe065c7fc9221ba574b2b3018002f48492aa7d7bef2e3df4460c7543bc867b8a94740791e644df8929044b2c73fb2c7e232bd00cbad5875d2a51980,,08/08/2025 08:00:00 PM,20,UNKNOWN,UNKNOWN,UNKNOWN,UNKNOWN,PARKED MOTOR VEHICLE,PARKING LOT,,STRAIGHT AND LEVEL,UNKNOWN,UNKNOWN,NOT ON SCENE (DESK REPORT),NO INJURY / DRIVE AWAY,,,Y,"OVER $1,500",08/11/2025 06:20:00 PM,NOT APPLICABLE,NOT APPLICABLE,2746,N,CLYBOURN AVE,1931,,,,,,,2,NO INDICATION OF INJURY,0,0,0,0,0,1,0,20,6,8,41.9310210058,-87.6768640181,POINT (-87.676864018134 41.931021005798)
5e9806dd12fa98fc4b2f972abfa2326f4a249a71b681d95e90df5669aaf25aaadd63338ec3b0016cbf4728365d1966b6b8404984f9f3c8798e8b4fee650b1a33,,08/08/2025 07:45:00 PM,30,NO CONTROLS,NO CONTROLS,OTHER,DAYLIGHT,TURNING,PARKING LOT,,STRAIGHT AND LEVEL,DRY,OTHER,ON SCENE,INJURY AND / OR TOW DUE TO CRASH,,,,"OVER $1,500",08/08/2025 07:45:00 PM,UNABLE TO DETERMINE,NOT APPLICABLE,1954,E,HAYES DR,331,,,,,,,2,NO INDICATION OF INJURY,0,0,0,0,0,2,0,19,6,8,41.7804110639,-87.5778380867,POINT (-87.577838086685 41.780411063928)
f5ff94a7b7768d790038f11a5bb90d6fecf7831efe1d6e7dec777eee9a07332da4001c27e70fdd826f8480aa5d77ba0b827bebbb32f3ed9e14a2cfef1cdea5f5,,08/08/2025 07:45:00 PM,30,NO CONTROLS,NO CONTROLS,CLEAR,DUSK,REAR END,DIVIDED - W/MEDIAN (NOT RAISED),,STRAIGHT AND LEVEL,DRY,NO DEFECTS,NOT ON SCENE (DESK REPORT),NO INJURY / DRIVE AWAY,,,,"OVER $1,500",08/08/2025 09:15:00 PM,FOLLOWING TOO CLOSELY,UNABLE TO DETERMINE,1523,N,WESTERN AVE,1424,,,,,,,3,NO INDICATION OF INJURY,0,0,0,0,0,3,0,19,6,8,41.9092095596,-87.6870441821,POINT (-87.687044182089 41.909209559589)
0df3b7058a8fe0954768e5603f9544e681073091de5458e58c9395ac1a6bde621fb9fd9ccf1f196507b8f9c13bc2a91487f599feee4c9b84a28d09ce22a1b884,,08/08/2025 07:30:00 PM,30,NO CONTROLS,NO CONTROLS,CLEAR,DAYLIGHT,PARKED MOTOR VEHICLE,DIVIDED - W/MEDIAN (NOT RAISED),,STRAIGHT AND LEVEL,DRY,NO DEFECTS,NOT ON SCENE (DESK REPORT),NO INJURY / DRIVE AWAY,,,,"$501 - $1,500",08/26/2025 11:00:00 AM,UNABLE TO DETERMINE,NOT APPLICABLE,65,E,WACKER PL,111,,,,,,,2,NO INDICATION OF INJURY,0,0,0,0,0,1,0,19,6,8,41.8867042302,-87.6254963741,POINT (-87.625496374107 41.886704230249)
146841a19da0b6429e84d336063f2bbacffef2758da55e24d53a51cf60484bf593530fc474a5a1ea992c43ef9d1b1fd7680528329c7b3b407b89891282d7618a,,08/08/2025 07:30:00 PM,30,TRAFFIC SIGNAL,FUNCTIONING PROPERLY,CLEAR,DAYLIGHT,REAR END,DIVIDED - W/MEDIAN (NOT RAISED),,STRAIGHT AND LEVEL,DRY,NO DEFECTS,NOT ON SCENE (DESK REPORT),NO INJURY / DRIVE AWAY,,,,"$501 - $1,500",08/08/2025 08:15:00 PM,FOLLOWING TOO CLOSELY,NOT APPLICABLE,2799,N,KIMBALL AVE,1412,,,,,,,2,NO INDICATION OF INJURY,0,0,0,0,0,2,0,19,6,8,41.9319080934,-87.7121292292,POINT (-87.712129229243 41.931908093366)
6833a0f06fe5e06b5f5043a2cebe5010767316d0f4199c54497f93277b8b44bc6dcbed0d27475a3d67c49fd478364f14957925bdb77a413f5d95146e91143fd4,,08/08/2025 07:30:00 PM,25,NO CONTROLS,NO CONTROLS,CLEAR,DAWN,PARKED MOTOR VEHICLE,ONE-WAY,,STRAIGHT AND LEVEL,DRY,NO DEFECTS,NOT ON SCENE (DESK REPORT),NO INJURY / DRIVE AWAY,,,,$500 OR LESS,08/12/2025 10:15:00 AM,UNABLE TO DETERMINE,UNABLE TO DETERMINE,3235,N,NEENAH AVE,1632,,,,,,,2,NO INDICATION OF INJURY,0,0,0,0,0,1,0,19,6,8,41.9393139985,-87.7895986584,POINT (-87.789598658369 41.93931399848)
ee6d8ec7bdd471848dac9b931585e28ecb4244c3d6194a234e970cbc110b0396bea2dff19012550f122f64f70bb76e96ff2162e26b7d0def214efefdb1dc174e,Y,08/08/2025 07:30:00 PM,30,STOP SIGN/FLASHER,NO CONTROLS,CLEAR,DARKNESS,TURNING,NOT DIVIDED,,STRAIGHT AND LEVEL,DRY,NO DEFECTS,ON SCENE,INJURY AND / OR TOW DUE TO CRASH,,,Y,"OVER $1,500",08/08/2025 08:40:00 PM,FAILING TO YIELD RIGHT-OF-WAY,UNABLE TO DETERMINE,801,N,MIES VAN DER ROHE WAY,1833,,,,,,,2,NO INDICATION OF INJURY,0,0,0,0,0,2,0,19,6,8,41.8968102884,-87.6216838047,POINT (-87.621683804698 41.896810288375)
f38c3c4ad2e12c5dbfefbe6547cad90eddcdcab39f6ef863d707e6d7b54078c217a7c7afd9d191b2e0f4ddbd2abd871a0c7425befeaa7d67a0e46502c7847ae4,,08/08/2025 07:30:00 PM,30,TRAFFIC SIGNAL,FUNCTIONING PROPERLY,CLEAR,DAYLIGHT,REAR END,NOT DIVIDED,,STRAIGHT AND LEVEL,DRY,UNKNOWN,NOT ON SCENE (DESK REPORT),NO INJURY / DRIVE AWAY,,,,"OVER $1,500",08/12/2025 09:20:00 PM,FAILING TO REDUCE SPEED TO AVOID CRASH,UNABLE TO DETERMINE,800,S,CLARK ST,123,,,,,,,2,NO INDICATION OF INJURY,0,0,0,0,0,2,0,19,6,8,41.8721643961,-87.6307557769,POINT (-87.630755776917 41.872164396052)
fec27214e1443df605f2ceefd8fd89e9f17e2da420332770574e47a752a8b4074656cdf069daa9bc224fae9760e7ba3c5c337a04cc0b1b34d23641ab4f49b03f,,08/08/2025 07:29:00 PM,30,TRAFFIC SIGNAL,FUNCTIONING PROPERLY,CLEAR,DAYLIGHT,REAR END,NOT DIVIDED,,STRAIGHT AND LEVEL,DRY,NO DEFECTS,ON SCENE,NO INJURY / DRIVE AWAY,,,,"OVER $1,500",08/08/2025 07:29:00 PM,FAILING TO REDUCE SPEED TO AVOID CRASH,FOLLOWING TOO CLOSELY,1308,W,71ST ST,734,,,,,,,3,NO INDICATION OF INJURY,0,0,0,0,0,4,0,19,6,8,41.765119237,-87.6569484974,POINT (-87.65694849739 41.76511923697)
319945d4c7eb1751e0f4d695c4202091e53d03722743622e04aa43560d7dcc37bc2e0fe6aaa5b64509a116447cb20da2dccdcfc4e32c723af5a96a641cde7773,,08/08/2025 07:24:00 PM,30,TRAFFIC SIGNAL,FUNCTIONING PROPERLY,CLEAR,DAYLIGHT,REAR END,DIVIDED - W/MEDIAN (NOT RAISED),,STRAIGHT AND LEVEL,DRY,NO DEFECTS,NOT ON SCENE (DESK REPORT),NO INJURY / DRIVE AWAY,Y,,,"OVER $1,500",08/08/2025 07:50:00 PM,FOLLOWING TOO CLOSELY,UNABLE TO DETERMINE,2759,N,KIMBALL AVE,1412,,,,,,,2,NO INDICATION OF INJURY,0,0,0,0,0,2,0,19,6,8,41.9319080934,-87.7121292292,POINT (-87.712129229243 41.931908093366)
4a4be0295501cae035a937842c51d678eda7d8bbe883bb3ca8e63e1e426c1e86707720c4d52dafe4e2a6c62f098bcf1979272b8f1b606a44cda67eea8536df11,,08/08/2025 07:22:00 PM,20,NO CONTROLS,NO CONTROLS,CLEAR,DUSK,REAR END,ONE-WAY,,STRAIGHT AND LEVEL,DRY,NO DEFECTS,NOT ON SCENE (DESK REPORT),NO INJURY / DRIVE AWAY,,,,$500 OR LESS,08/08/2025 07:45:00 PM,FOLLOWING TOO CLOSELY,NOT APPLICABLE,5169,W,FLOURNOY ST,1533,,,,,,,2,NO INDICATION OF INJURY,0,0,0,0,0,5,0,19,6,8,41.8718489531,-87.7546873045,POINT (-87.754687304491 41.871848953125)
76febe371461de8fc2ad17bd7b2d09dbb97b0ee41525a703fdb5cbdaa462d8d6a26fbd0caf3ce1855734874c66311ef0c0c8e85e5dcf377111b9cf907281227e,,08/08/2025 07:15:00 PM,30,NO CONTROLS,NO CONTROLS,CLEAR,DAYLIGHT,PARKED MOTOR VEHICLE,NOT DIVIDED,,STRAIGHT AND LEVEL,DRY,NO DEFECTS,ON SCENE,NO INJURY / DRIVE AWAY,,,,"OVER $1,500",08/08/2025 07:17:00 PM,"EVASIVE ACTION DUE TO ANIMAL, OBJECT, NONMOTORIST",NOT APPLICABLE,4133,N,BROADWAY,1915,,,,,,,2,NO INDICATION OF INJURY,0,0,0,0,0,4,0,19,6,8,41.9578610388,-87.6524895461,POINT (-87.652489546139 41.95786103879)