CRASH_RECORD_ID,CRASH_DATE_EST_I,CRASH_DATE,POSTED_SPEED_LIMIT,TRAFFIC_CONTROL_DEVICE,DEVICE_CONDITION,WEATHER_CONDITION,LIGHTING_CONDITION,FIRST_CRASH_TYPE,TRAFFICWAY_TYPE,LANE_CNT,ALIGNMENT,ROADWAY_SURFACE_COND,ROAD_DEFECT,REPORT_TYPE,CRASH_TYPE,INTERSECTION_RELATED_I,NOT_RIGHT_OF_WAY_I,HIT_AND_RUN_I,DAMAGE,DATE_POLICE_NOTIFIED,PRIM_CONTRIBUTORY_CAUSE,SEC_CONTRIBUTORY_CAUSE,STREET_NO,STREET_DIRECTION,STREET_NAME,BEAT_OF_OCCURRENCE,PHOTOS_TAKEN_I,STATEMENTS_TAKEN_I,DOORING_I,WORK_ZONE_I,WORK_ZONE_TYPE,WORKERS_PRESENT_I,NUM_UNITS,MOST_SEVERE_INJURY,INJURIES_TOTAL,INJURIES_FATAL,INJURIES_INCAPACITATING,INJURIES_NON_INCAPACITATING,INJURIES_REPORTED_NOT_EVIDENT,INJURIES_NO_INDICATION,INJURIES_UNKNOWN,CRASH_HOUR,CRASH_DAY_OF_WEEK,CRASH_MONTH,LATITUDE,LONGITUDE,LOCATION
7cffea858cd2759fe89feb130e4aa7a6dec47f80fc6390992c0996823105f4886d5f97460c5907aaaa1d12715fb537d446ddc5459967ba1480dc02b125717187,,08/08/2025 07:09:00 PM,30,NO CONTROLS,NO CONTROLS,CLEAR,DAYLIGHT,REAR END,DIVIDED - W/MEDIAN BARRIER,,STRAIGHT AND LEVEL,DRY,NO DEFECTS,ON SCENE,INJURY AND / OR TOW DUE TO CRASH,,,Y,"OVER $1,500",08/08/2025 07:10:00 PM,"OPERATING VEHICLE IN ERRATIC, RECKLESS, CARELESS, NEGLIGENT OR AGGRESSIVE MANNER",NOT APPLICABLE,8100,S,STONY ISLAND AVE,411,,,,,,,3,NO INDICATION OF INJURY,0,0,0,0,0,4,0,19,6,8,41.7477492117,-87.5860374164,POINT (-87.586037416392 41.74774921172)
13f6bf3e15af81cf15c84e3eca737d05291e568785c0e1837d5a14e8977db2f2a6204a7ba1d3499af3e972753e76b12cfeda60be89f7b7dd8526f8edb14f142c,,08/08/2025 07:00:00 PM,30,NO CONTROLS,NO CONTROLS,CLEAR,DAYLIGHT,REAR END,DIVIDED - W/MEDIAN BARRIER,,STRAIGHT AND LEVEL,DRY,NO DEFECTS,NOT ON SCENE (DESK REPORT),NO INJURY / DRIVE AWAY,,,,"OVER $1,500",08/08/2025 07:45:00 PM,UNABLE TO DETERMINE,UNABLE TO DETERMINE,1900,S,LAKE SHORE DR SB,132,,,,,,,2,NO INDICATION OF INJURY,0,0,0,0,0,3,0,19,6,8,41.8566269176,-87.6162852833,POINT (-87.616285283296 41.856626917647)
7b47ca5665f87a67588355312018ce396d25ed77efc33c87c4eb87674acdb158c7463a83ffc2d08929bee6d803c33c21ea25e376dd0559c66531c900c22cec20,,08/08/2025 07:00:00 PM,30,NO CONTROLS,NO CONTROLS,CLEAR,DAYLIGHT,REAR END,UNKNOWN,,STRAIGHT AND LEVEL,DRY,UNKNOWN,NOT ON SCENE (DESK REPORT),NO INJURY / DRIVE AWAY,,,,"OVER $1,500",08/09/2025 09:25:00 AM,UNABLE TO DETERMINE,UNABLE TO DETERMINE,49,E,ONTARIO ST,1834,,,,,,,2,NO INDICATION OF INJURY,0,0,0,0,0,2,0,19,6,8,41.8931925597,-87.626172814,POINT (-87.626172814003 41.893192559651)
8650b886d1a96e9b4b4caaa818bdd9066aeb733faded35803e690cf04aa6a8064e2cda9edb623c8c8c5b69ce11072bc2fd0f4d138cfb34a33171dc37ec49b8dd,,08/08/2025 07:00:00 PM,15,NO CONTROLS,NO CONTROLS,OTHER,UNKNOWN,ANGLE,PARKING LOT,,STRAIGHT AND LEVEL,DRY,UNKNOWN,NOT ON SCENE (DESK REPORT),INJURY AND / OR TOW DUE TO CRASH,,,,"OVER $1,500",08/08/2025 07:35:00 PM,FAILING TO YIELD RIGHT-OF-WAY,UNABLE TO DETERMINE,40,S,HALSTED ST,1232,,,,,,,2,NONINCAPACITATING INJURY,1,0,0,1,0,1,0,19,6,8,41.8805542454,-87.6474704057,POINT (-87.647470405718 41.880554245414)
e41590b51b6c42551b1c4ed8bdcdc3331ac1697d7fac9cf4416e6110de15280ae61c1fd9325745824ff0e8235d7ab084fc6ff0157ea068b91ab3cdb4089fda6f,,08/08/2025 07:00:00 PM,25,TRAFFIC SIGNAL,FUNCTIONING PROPERLY,CLEAR,DUSK,SIDESWIPE SAME DIRECTION,DIVIDED - W/MEDIAN (NOT RAISED),,STRAIGHT AND LEVEL,DRY,NO DEFECTS,NOT ON SCENE (DESK REPORT),NO INJURY / DRIVE AWAY,,,,"OVER $1,500",08/08/2025 07:00:00 PM,IMPROPER OVERTAKING/PASSING,IMPROPER OVERTAKING/PASSING,530,N,LA SALLE DR,1831,,,,,,,2,NO INDICATION OF INJURY,0,0,0,0,0,2,0,19,6,8,41.891682324,-87.6327307134,POINT (-87.632730713447 41.891682323987)
fdb3ef9402f4a7f3983ecb4ccedd121a222e11eb345372a35e620a40b90940be47055b4e69a87981eda312a2e2eeaa4ddf1bb1a1074aeb470b635d79c72548c2,,08/08/2025 06:50:00 PM,30,NO CONTROLS,NO CONTROLS,CLEAR,DAYLIGHT,TURNING,RAMP,,STRAIGHT AND LEVEL,DRY,NO DEFECTS,ON SCENE,NO INJURY / DRIVE AWAY,,,Y,"$501 - $1,500",08/08/2025 07:20:00 PM,FAILING TO YIELD RIGHT-OF-WAY,IMPROPER OVERTAKING/PASSING,1340,E,47TH ST,222,,Y,,,,,2,NO INDICATION OF INJURY,0,0,0,0,0,2,0,18,6,8,41.8097887305,-87.5934643371,POINT (-87.593464337106 41.809788730504)
80013e8cde55921c2920d53e258248fd0f632e3df1498bf40efdd9f759586402320c69ab9c302cdffdadad4079dfd5b308f8949485c71516f1759ee60ce92f04,,08/08/2025 06:42:00 PM,30,NO CONTROLS,NO CONTROLS,CLEAR,DAYLIGHT,ANGLE,FOUR WAY,,STRAIGHT AND LEVEL,DRY,NO DEFECTS,ON SCENE,INJURY AND / OR TOW DUE TO CRASH,Y,,,"OVER $1,500",08/08/2025 06:45:00 PM,IMPROPER LANE USAGE,NOT APPLICABLE,5898,W,DIVISION ST,2531,,,,,,,2,NONINCAPACITATING INJURY,1,0,0,1,0,1,0,18,6,8,41.9021450562,-87.7728809265,POINT (-87.772880926521 41.902145056177)
3f756e7f5fa9194078828b3987fe6c8143ae4fcfdb19e4ad11f291fcedc3ebdcf5f7c020630ae1db658fe00adc2c53f28b3911ff061f6fe6f8066d5c5cba6d02,,08/08/2025 06:40:00 PM,30,NO CONTROLS,NO CONTROLS,CLEAR,"DARKNESS, LIGHTED ROAD",SIDESWIPE SAME DIRECTION,NOT DIVIDED,,STRAIGHT AND LEVEL,DRY,NO DEFECTS,ON SCENE,NO INJURY / DRIVE AWAY,,,,"OVER $1,500",08/08/2025 06:55:00 PM,IMPROPER OVERTAKING/PASSING,NOT APPLICABLE,2335,W,IRVING PARK RD,1921,,,,,,,2,NO INDICATION OF INJURY,0,0,0,0,0,2,0,18,6,8,41.9539189027,-87.6873921046,POINT (-87.687392104595 41.953918902697)
ce52d5d34e2b3ba9154f709789a5a79cad0051005b8b63389b661f7f318edb97c9920b8c39db550fc0eaaec2e9033ab0a9eaee754b7b54e69247e4c710d8bf40,,08/08/2025 06:35:00 PM,15,NO CONTROLS,NO CONTROLS,CLEAR,DAYLIGHT,FIXED OBJECT,DRIVEWAY,,STRAIGHT AND LEVEL,DRY,NO DEFECTS,ON SCENE,NO INJURY / DRIVE AWAY,,,,"OVER $1,500",08/08/2025 06:58:00 PM,UNABLE TO DETERMINE,UNABLE TO DETERMINE,6030,N,AVONDALE AVE,1612,,,,,,,1,NO INDICATION OF INJURY,0,0,0,0,0,1,0,18,6,8,41.9909109106,-87.7984132769,POINT (-87.798413276943 41.990910910614)
79fdbc907f9175c51d621c429af507a8ad6a98df3259fa1aa3610259501225eb15a070105cf00bf1ba4b9cada254074857cc93b565a911e82b719c5812374524,,08/08/2025 06:30:00 PM,30,TRAFFIC SIGNAL,FUNCTIONING PROPERLY,CLEAR,DAYLIGHT,REAR END,DIVIDED - W/MEDIAN (NOT RAISED),,STRAIGHT AND LEVEL,DRY,NO DEFECTS,ON SCENE,INJURY AND / OR TOW DUE TO CRASH,,,,"OVER $1,500",08/08/2025 06:40:00 PM,FOLLOWING TOO CLOSELY,NOT APPLICABLE,4422,N,MILWAUKEE AVE,1623,,,,,,,2,NONINCAPACITATING INJURY,1,0,0,1,0,3,0,18,6,8,41.9612166826,-87.7551567873,POINT (-87.755156787261 41.961216682581)
827087bccb68e19228a859bb314e38f514d762d994c474b5c8be1df539e6a43b2bdbab3120bec93a93c179a23a0d13c0f496735f2604bf05431ba7b145a82516,,08/08/2025 06:30:00 PM,30,NO CONTROLS,NO CONTROLS,CLEAR,DAYLIGHT,ANIMAL,NOT DIVIDED,,STRAIGHT AND LEVEL,DRY,NO DEFECTS,NOT ON SCENE (DESK REPORT),NO INJURY / DRIVE AWAY,,,,"OVER $1,500",08/09/2025 02:30:00 PM,ANIMAL,NOT APPLICABLE,8600,W,FOREST PRESERVE AVE,1631,,,,,,,1,NO INDICATION OF INJURY,0,0,0,0,0,1,0,18,6,8,41.9395277997,-87.8400399547,POINT (-87.840039954651 41.939527799733)
a1f01faf26997ae1d1f64b598a0d08414218eae9b740cab956c4efc17fe04b3a22f5e4cffc33d63fa87241b12f3f03a5cdf73565e3603ab88a55da5498a43e29,,08/08/2025 06:30:00 PM,30,NO CONTROLS,NO CONTROLS,CLEAR,DAYLIGHT,PARKED MOTOR VEHICLE,PARKING LOT,,STRAIGHT AND LEVEL,DRY,NO DEFECTS,NOT ON SCENE (DESK REPORT),NO INJURY / DRIVE AWAY,,,Y,"$501 - $1,500",08/09/2025 03:42:00 PM,UNABLE TO DETERMINE,UNABLE TO DETERMINE,7445,S,STONY ISLAND AVE,324,,,,,,,2,NO INDICATION OF INJURY,0,0,0,0,0,1,0,18,6,8,41.7592577374,-87.5856021373,POINT (-87.585602137273 41.759257737436)
baa528e9b37a81e439c96848a067c4a2a09ad38073ab25d30d1f497ce76822c995edc00f8c491365424b3187c15d370a20c88d113ec870d17cf09c1e7c7c58bb,,08/08/2025 06:30:00 PM,30,TRAFFIC SIGNAL,FUNCTIONING PROPERLY,CLEAR,DAYLIGHT,TURNING,DIVIDED - W/MEDIAN (NOT RAISED),,STRAIGHT AND LEVEL,DRY,NO DEFECTS,NOT ON SCENE (DESK REPORT),NO INJURY / DRIVE AWAY,Y,,Y,"OVER $1,500",08/08/2025 07:30:00 PM,DISREGARDING TRAFFIC SIGNALS,DISREGARDING TRAFFIC SIGNALS,5701,S,HARLEM AVE,811,,,,,,,2,NO INDICATION OF INJURY,0,0,0,0,0,2,0,18,6,8,41.7882604361,-87.8012241186,POINT (-87.801224118635 41.78826043611)
59ef784a223a538d768498c392b06feb72ad3c2b00390f71bb4ae4ba4e0ed314572b7f71bad51966cb4a28718d3fa8f273890368a7fc83f605ef87afe48a42fd,,08/08/2025 06:25:00 PM,10,NO CONTROLS,NO CONTROLS,CLEAR,DAYLIGHT,PARKED MOTOR VEHICLE,PARKING LOT,,STRAIGHT AND LEVEL,DRY,NO DEFECTS,NOT ON SCENE (DESK REPORT),NO INJURY / DRIVE AWAY,,,,"$501 - $1,500",08/08/2025 08:20:00 PM,DRIVING SKILLS/KNOWLEDGE/EXPERIENCE,DRIVING SKILLS/KNOWLEDGE/EXPERIENCE,6315,S,KEDZIE AVE,823,,,,,,,2,NO INDICATION OF INJURY,0,0,0,0,0,2,0,18,6,8,41.7784213364,-87.7029760581,POINT (-87.702976058137 41.77842133639)
9ffaac659d8a67a4cb0a3fbe2c76113bb69d6b6a40b820708f300cf8407252c22ea0a3613168327861a696fe39a6493f8cef7740e7dcaed30457f2c874cbac65,,08/08/2025 06:25:00 PM,30,NO CONTROLS,NO CONTROLS,CLEAR,DAYLIGHT,SIDESWIPE SAME DIRECTION,ONE-WAY,,STRAIGHT AND LEVEL,DRY,NO DEFECTS,NOT ON SCENE (DESK REPORT),NO INJURY / DRIVE AWAY,,,,"OVER $1,500",08/08/2025 11:00:00 PM,"OPERATING VEHICLE IN ERRATIC, RECKLESS, CARELESS, NEGLIGENT OR AGGRESSIVE MANNER","OPERATING VEHICLE IN ERRATIC, RECKLESS, CARELESS, NEGLIGENT OR AGGRESSIVE MANNER",643,N,FRANKLIN ST,1831,,,,,,,2,NO INDICATION OF INJURY,0,0,0,0,0,1,0,18,6,8,41.8936433835,-87.6354811906,POINT (-87.635481190634 41.893643383534)
8ea76809caa4202b0939d750543d2f0c5c7deed0ed72de16849a9250d234491e5e9aaaf89302b44fa3468e7748c89b411999264353450f592ba9429971a4df01,,08/08/2025 06:20:00 PM,10,NO CONTROLS,NO CONTROLS,CLEAR,DUSK,REAR TO FRONT,OTHER,,STRAIGHT AND LEVEL,WET,NO DEFECTS,NOT ON SCENE (DESK REPORT),NO INJURY / DRIVE AWAY,,,,"OVER $1,500",08/08/2025 09:20:00 PM,UNABLE TO DETERMINE,NOT APPLICABLE,7150,W,54TH ST,811,,,,,,,2,NO INDICATION OF INJURY,0,0,0,0,0,2,0,18,6,8,41.7940645429,-87.8010907721,POINT (-87.801090772082 41.794064542872)
aae2ca6f4d01e92f6a84b3bf898f74680b8c195ce5cb709d7aaec5b3a1b3cfd391d3c7406ca51736e90417fdebe8848ed2ee7bd02617c8428036c2a1c5805292,,08/08/2025 06:20:00 PM,30,NO CONTROLS,NO CONTROLS,CLEAR,DAYLIGHT,SIDESWIPE SAME DIRECTION,NOT DIVIDED,,STRAIGHT AND LEVEL,DRY,NO DEFECTS,NOT ON SCENE (DESK REPORT),NO INJURY / DRIVE AWAY,,,,"OVER $1,500",08/08/2025 06:51:00 PM,IMPROPER OVERTAKING/PASSING,IMPROPER OVERTAKING/PASSING,4621,S,ASHLAND AVE,924,,,,,,,2,NO INDICATION OF INJURY,0,0,0,0,0,2,0,18,6,8,41.8098200754,-87.6648588561,POINT (-87.664858856071 41.80982007543)
0f9af0e1b882f20896797479ad043790d7bc107f7f42d0e59a959ac0afb78a3b0393df689de8403489ccb6afc0b59ca1e1a69ace960978ed712f738e44fca488,,08/08/2025 06:07:00 PM,30,NO CONTROLS,NO CONTROLS,CLEAR,DAYLIGHT,SIDESWIPE SAME DIRECTION,DIVIDED - W/MEDIAN (NOT RAISED),,STRAIGHT AND LEVEL,DRY,NO DEFECTS,NOT ON SCENE (DESK REPORT),NO INJURY / DRIVE AWAY,,,Y,"OVER $1,500",08/08/2025 06:45:00 PM,UNABLE TO DETERMINE,UNABLE TO DETERMINE,4900,N,KIMBALL AVE,1712,,,,,,,2,NO INDICATION OF INJURY,0,0,0,0,0,4,0,18,6,8,41.9703037223,-87.7135631189,POINT (-87.71356311888 41.970303722277)
47b8851fdc411a5a2ca60e06dd87e83d2304d054084ce8e762682a6cebb1cf71605c213d8e8e9166aefd2513ba02abf38a8e49de739f3e0ab91cfa28ba47cfb5,,08/08/2025 06:04:00 PM,30,NO CONTROLS,NO CONTROLS,CLEAR,DAYLIGHT,TURNING,DIVIDED - W/MEDIAN (NOT RAISED),,STRAIGHT AND LEVEL,DRY,UNKNOWN,NOT ON SCENE (DESK REPORT),NO INJURY / DRIVE AWAY,,,,$500 OR LESS,08/08/2025 06:35:00 PM,UNABLE TO DETERMINE,NOT APPLICABLE,3958,W,NORTH AVE,2535,,,,,,,3,NO INDICATION OF INJURY,0,0,0,0,0,3,0,18,6,8,41.9099971575,-87.7262819556,POINT (-87.726281955572 41.909997157489)
3ff5f01665964981ab18b80a4dee8e860e0b7d48ed85b0b11f121804166e34610d26a4e48505cf9935823774ca72e8f5ceae598a939d739be9ac7a41912af166,,08/08/2025 06:00:00 PM,35,NO CONTROLS,NO CONTROLS,CLEAR,DAYLIGHT,SIDESWIPE SAME DIRECTION,DIVIDED - W/MEDIAN (NOT RAISED),,STRAIGHT AND LEVEL,DRY,NO DEFECTS,NOT ON SCENE (DESK REPORT),NO INJURY / DRIVE AWAY,,,Y,"$501 - $1,500",08/08/2025 07:00:00 PM,UNABLE TO DETERMINE,UNABLE TO DETERMINE,1538,E,95TH ST,413,,,,,,,2,NO INDICATION OF INJURY,0,0,0,0,0,2,0,18,6,8,41.7224394759,-87.5861858365,POINT (-87.586185836462 41.722439475881)
4a55229f913807aa2d84e04acc8be67b644bcfae47e73962b4056dd417bd4811a5912c39b329fb4ce96c6beb1003c60f2d42cb91501f166a6ba17f32b2f5b443,Y,08/08/2025 06:00:00 PM,30,NO CONTROLS,NO CONTROLS,UNKNOWN,UNKNOWN,PARKED MOTOR VEHICLE,ONE-WAY,,STRAIGHT AND LEVEL,UNKNOWN,UNKNOWN,NOT ON SCENE (DESK REPORT),NO INJURY / DRIVE AWAY,,,Y,"OVER $1,500",08/11/2025 04:40:00 PM,UNABLE TO DETERMINE,NOT APPLICABLE,2449,N,RIDGEWAY AVE,2524,,,,,,,2,NO INDICATION OF INJURY,0,0,0,0,0,1,0,18,6,8,41.9260003712,-87.7205491166,POINT (-87.720549116586 41.926000371223)
9a6641c6594810261bf27c5c89e6a1b4fa34a4b11987ac63d4b69b8c7d19b93299ab59241ba7d5d00fc39c5e63c4790689ff38c29b47cd8d1aea7600da0e12a6,,08/08/2025 06:00:00 PM,30,NO CONTROLS,UNKNOWN,UNKNOWN,DAYLIGHT,SIDESWIPE SAME DIRECTION,ONE-WAY,,STRAIGHT AND LEVEL,UNKNOWN,UNKNOWN,NOT ON SCENE (DESK REPORT),NO INJURY / DRIVE AWAY,,,Y,"$501 - $1,500",08/08/2025 06:45:00 PM,UNABLE TO DETERMINE,NOT APPLICABLE,1533,W,CATALPA AVE,2012,,,,,,,2,NO INDICATION OF INJURY,0,0,0,0,0,3,0,18,6,8,41.9815405062,-87.6696975365,POINT (-87.669697536503 41.981540506155)
b8d16aedfd3db860b8010fcf5a7969e3b184fffdbae82cd220f6249e08bf635b708be33ce30453ff29b7bd797110d2297e0dde3be02ac1e832207e37cb97cc5f,,08/08/2025 06:00:00 PM,10,NO CONTROLS,NO CONTROLS,CLEAR,DAWN,PARKED MOTOR VEHICLE,ALLEY,,STRAIGHT AND LEVEL,DRY,NO DEFECTS,NOT ON SCENE (DESK REPORT),NO INJURY / DRIVE AWAY,,,Y,"OVER $1,500",08/08/2025 07:00:00 PM,IMPROPER OVERTAKING/PASSING,IMPROPER OVERTAKING/PASSING,60,E,68TH ST,322,,,,,,,2,NO INDICATION OF INJURY,0,0,0,0,0,1,0,18,6,8,41.7711267802,-87.6227265566,POINT (-87.622726556565 41.771126780221)
fd798844f6a801d4f2873512cb3948ae6fb2799b4cee99c8a4118bf216878b3fdfdd1374bbe80c2341e7169b879a0af0eef3381b8d41918ea7f5342b74926616,,08/08/2025 05:56:00 PM,30,NO CONTROLS,NO CONTROLS,CLEAR,DAYLIGHT,REAR TO SIDE,NOT DIVIDED,,STRAIGHT AND LEVEL,DRY,NO DEFECTS,ON SCENE,NO INJURY / DRIVE AWAY,,,,"OVER $1,500",08/08/2025 06:02:00 PM,IMPROPER BACKING,NOT APPLICABLE,2252,W,HIRSCH ST,1424,,,,,,,2,NO INDICATION OF INJURY,0,0,0,0,0,2,0,17,6,8,41.9068198099,-87.6843759216,POINT (-87.684375921557 41.906819809903)
5ab6c0d6c209928c2601acf34af7872cbd022c109158d66cea05bf921547fb1088b2c01ddd84578c2fb9e826236182545a358d9743eede0c026fad1c691d8933,,08/08/2025 05:55:00 PM,30,NO CONTROLS,NO CONTROLS,CLEAR,DAYLIGHT,REAR END,NOT DIVIDED,,STRAIGHT AND LEVEL,DRY,NO DEFECTS,ON SCENE,INJURY AND / OR TOW DUE TO CRASH,,,,"OVER $1,500",08/08/2025 05:55:00 PM,PHYSICAL CONDITION OF DRIVER,NOT APPLICABLE,5420,N,CICERO AVE,1621,,,,,,,3,"REPORTED, NOT EVIDENT",1,0,0,0,1,2,0,17,6,8,41.9805512755,-87.7483202884,POINT (-87.748320288434 41.980551275545)
28a70a91c8b016d77e1562f0f46117ad936c168f915518178c605973c1be0a757e5e95e72c2ec3c8ca83c730433528c76a72bfc8152343404070b6ccbb583887,,08/08/2025 05:50:00 PM,30,TRAFFIC SIGNAL,FUNCTIONING PROPERLY,CLEAR,DAYLIGHT,TURNING,DIVIDED - W/MEDIAN (NOT RAISED),,STRAIGHT AND LEVEL,DRY,NO DEFECTS,NOT ON SCENE (DESK REPORT),NO INJURY / DRIVE AWAY,,,,"OVER $1,500",08/08/2025 07:20:00 PM,"VISION OBSCURED (SIGNS, TREE LIMBS, BUILDINGS, ETC.)",FAILING TO YIELD RIGHT-OF-WAY,6258,S,NARRAGANSETT AVE,812,,,,,,,2,NO INDICATION OF INJURY,0,0,0,0,0,2,0,17,6,8,41.777764765,-87.7814150439,POINT (-87.781415043898 41.777764764972)
53595213ddaed0b89fac4ecf518e4331fe29fdb7a14bc18c8ac48961a25ee6b4a9a64fdb53194fae1bd4c28eb0f11b3dd759b8e75b690992f664319dd7b08af6,,08/08/2025 05:50:00 PM,45,NO CONTROLS,NO CONTROLS,CLEAR,DAYLIGHT,SIDESWIPE SAME DIRECTION,DIVIDED - W/MEDIAN BARRIER,,STRAIGHT AND LEVEL,DRY,NO DEFECTS,ON SCENE,INJURY AND / OR TOW DUE TO CRASH,,,,"OVER $1,500",08/08/2025 05:50:00 PM,IMPROPER OVERTAKING/PASSING,UNABLE TO DETERMINE,5100,S,LAKE SHORE DR SB,234,,,,,,,2,NO INDICATION OF INJURY,0,0,0,0,0,2,0,17,6,8,41.8024704203,-87.5817779276,POINT (-87.581777927646 41.802470420281)
6f9dd13853fd611980fb291e30c7bc037a94c28dc9fdb88fb4bf394daf999eadf6c845c800a875af74d895b86e2e36c656b0245a8667b45dd975846e48fef064,,08/08/2025 05:47:00 PM,30,NO CONTROLS,NO CONTROLS,CLEAR,DAYLIGHT,SIDESWIPE SAME DIRECTION,NOT DIVIDED,,STRAIGHT AND LEVEL,DRY,NO DEFECTS,NOT ON SCENE (DESK REPORT),NO INJURY / DRIVE AWAY,,,Y,"$501 - $1,500",08/08/2025 06:54:00 PM,IMPROPER OVERTAKING/PASSING,NOT APPLICABLE,3130,W,55TH ST,923,,,,,,,2,NO INDICATION OF INJURY,0,0,0,0,0,2,0,17,6,8,41.7936451667,-87.7024746401,POINT (-87.702474640148 41.793645166675)
1852980fa25c88b805bde540284c16204741797300b85a271188d869b8b6ead75122491a75f522783e2f0248fb0abc49aa2392b0824fc6ca58cb4cea7fb77f38,,08/08/2025 05:45:00 PM,30,UNKNOWN,UNKNOWN,UNKNOWN,UNKNOWN,REAR END,NOT DIVIDED,,STRAIGHT AND LEVEL,UNKNOWN,UNKNOWN,NOT ON SCENE (DESK REPORT),NO INJURY / DRIVE AWAY,,,,"OVER $1,500",08/09/2025 11:00:00 AM,UNABLE TO DETERMINE,UNABLE TO DETERMINE,559,E,51ST ST,233,,,,,,,2,NO INDICATION OF INJURY,0,0,0,0,0,2,0,17,6,8,41.8020520286,-87.6117823442,POINT (-87.61178234421 41.802052028619)
c35c507a8b968025ef98ea633f87b656da41d1bfebfbc0765a0a65e16fdea49206a509c4dab8fdbd04dc2ee0286a15b631e07561ff509c54124c443956d9c15b,,08/08/2025 05:41:00 PM,30,NO CONTROLS,NO CONTROLS,CLEAR,DAYLIGHT,REAR END,NOT DIVIDED,,STRAIGHT AND LEVEL,DRY,NO DEFECTS,,NO INJURY / DRIVE AWAY,,,Y,"$501 - $1,500",08/08/2025 06:05:00 PM,FOLLOWING TOO CLOSELY,FOLLOWING TOO CLOSELY,5901,N,NAGLE AVE,1622,,,,,,,2,NO INDICATION OF INJURY,0,0,0,0,0,2,0,17,6,8,41.9884174362,-87.7874850188,POINT (-87.787485018781 41.988417436227)
cae1c7c0f8185e33dfe8e6a2540d07194b8e707ae1b2c3508bf4b1501b0751fa6c8d88a4f572e2230b30142816e77a02aa663d38c05f3bb01b77f85ac1b95f5f,,08/08/2025 05:40:00 PM,30,NO CONTROLS,NO CONTROLS,CLEAR,DAYLIGHT,REAR END,NOT DIVIDED,,STRAIGHT AND LEVEL,DRY,UNKNOWN,ON SCENE,NO INJURY / DRIVE AWAY,,,,"OVER $1,500",08/08/2025 06:20:00 PM,FOLLOWING TOO CLOSELY,EQUIPMENT - VEHICLE CONDITION,3425,N,PULASKI RD,1732,,,,,,,2,NO INDICATION OF INJURY,0,0,0,0,0,3,0,17,6,8,41.9435266156,-87.7271695151,POINT (-87.727169515099 41.943526615561)
f9918604649b72c375f87c6772784079d56be61704bdb0419df93dfc9c0b7c0243dc30673650b693079bfaa4b3f70211f937ac1566bebcc8d68e30014a7022c9,,08/08/2025 05:35:00 PM,35,TRAFFIC SIGNAL,FUNCTIONING PROPERLY,CLEAR,DAYLIGHT,TURNING,ONE-WAY,,STRAIGHT AND LEVEL,DRY,NO DEFECTS,ON SCENE,NO INJURY / DRIVE AWAY,Y,,,"OVER $1,500",08/08/2025 05:39:00 PM,UNABLE TO DETERMINE,UNABLE TO DETERMINE,5558,S,WELLS ST,711,,,,,,,2,NO INDICATION OF INJURY,0,0,0,0,0,3,0,17,6,8,41.7926463279,-87.6319355381,POINT (-87.631935538081 41.792646327872)
ddf6cf3edddb4e0e2d67f106f8de3d493c2a314d761a46507cbffd46d5bad26a421c5e41b41b878ad94aa4463e507705c511f7c8ecaed9bf128863881a050a58,,08/08/2025 05:32:00 PM,30,UNKNOWN,UNKNOWN,CLEAR,DAYLIGHT,ANGLE,FOUR WAY,,STRAIGHT AND LEVEL,DRY,UNKNOWN,ON SCENE,INJURY AND / OR TOW DUE TO CRASH,Y,,,"OVER $1,500",08/08/2025 05:44:00 PM,FAILING TO YIELD RIGHT-OF-WAY,PHYSICAL CONDITION OF DRIVER,3400,W,BRYN MAWR AVE,1711,,,,,,,3,NO INDICATION OF INJURY,0,0,0,0,0,4,0,17,6,8,41.9831171844,-87.7138049058,POINT (-87.713804905825 41.983117184394)
4d5f075aa842d69453d00d856afc98266e80deb586f3858f3162618d7ceb15bc09e0be1c916f5b7a5730ac7f39e4a856f1ca84c2ab3858f472e5993faf6c165f,,08/08/2025 05:30:00 PM,10,UNKNOWN,UNKNOWN,CLEAR,DAYLIGHT,PARKED MOTOR VEHICLE,PARKING LOT,,STRAIGHT AND LEVEL,DRY,NO DEFECTS,,NO INJURY / DRIVE AWAY,,Y,,"OVER $1,500",08/08/2025 07:30:00 PM,FAILING TO REDUCE SPEED TO AVOID CRASH,UNABLE TO DETERMINE,9401,S,STONY ISLAND AVE,413,,,,,,,2,NO INDICATION OF INJURY,0,0,0,0,0,1,0,17,6,8,41.7240787911,-87.5850102376,POINT (-87.585010237628 41.724078791077)
6b963dd76b0400c72ab1c839f8a8685feb30295214133b5067cfbaa66dbbbd49e6574e360e968d26d8b594e93ffa937df2f63cbba3a751d694b28197c697223d,N,08/08/2025 05:30:00 PM,30,NO CONTROLS,NO CONTROLS,CLEAR,DAYLIGHT,PARKED MOTOR VEHICLE,NOT DIVIDED,,STRAIGHT AND LEVEL,DRY,NO DEFECTS,ON SCENE,NO INJURY / DRIVE AWAY,,,,$500 OR LESS,08/08/2025 05:36:00 PM,NOT APPLICABLE,NOT APPLICABLE,5601,N,HERMITAGE AVE,2012,,,,,,,2,NO INDICATION OF INJURY,0,0,0,0,0,1,0,17,6,8,41.9834671529,-87.6728700685,POINT (-87.672870068504 41.983467152858)