CRASH_RECORD_ID,CRASH_DATE_EST_I,CRASH_DATE,POSTED_SPEED_LIMIT,TRAFFIC_CONTROL_DEVICE,DEVICE_CONDITION,WEATHER_CONDITION,LIGHTING_CONDITION,FIRST_CRASH_TYPE,TRAFFICWAY_TYPE,LANE_CNT,ALIGNMENT,ROADWAY_SURFACE_COND,ROAD_DEFECT,REPORT_TYPE,CRASH_TYPE,INTERSECTION_RELATED_I,NOT_RIGHT_OF_WAY_I,HIT_AND_RUN_I,DAMAGE,DATE_POLICE_NOTIFIED,PRIM_CONTRIBUTORY_CAUSE,SEC_CONTRIBUTORY_CAUSE,STREET_NO,STREET_DIRECTION,STREET_NAME,BEAT_OF_OCCURRENCE,PHOTOS_TAKEN_I,STATEMENTS_TAKEN_I,DOORING_I,WORK_ZONE_I,WORK_ZONE_TYPE,WORKERS_PRESENT_I,NUM_UNITS,MOST_SEVERE_INJURY,INJURIES_TOTAL,INJURIES_FATAL,INJURIES_INCAPACITATING,INJURIES_NON_INCAPACITATING,INJURIES_REPORTED_NOT_EVIDENT,INJURIES_NO_INDICATION,INJURIES_UNKNOWN,CRASH_HOUR,CRASH_DAY_OF_WEEK,CRASH_MONTH,LATITUDE,LONGITUDE,LOCATION
80b13e6e247548372abad755c4c040104585dbc8307c66a174893e0311e66d22526a01e69dcd3d6b081a3db69fc78a29995978f8329aed0d8af6a5da5657e5ba,,08/08/2025 05:24:00 PM,30,TRAFFIC SIGNAL,FUNCTIONING PROPERLY,CLEAR,DAYLIGHT,TURNING,NOT DIVIDED,,STRAIGHT AND LEVEL,DRY,UNKNOWN,ON SCENE,NO INJURY / DRIVE AWAY,,,Y,"OVER $1,500",08/08/2025 05:32:00 PM,UNABLE TO DETERMINE,UNABLE TO DETERMINE,1601,E,86TH ST,412,,,,,,,2,NO INDICATION OF INJURY,0,0,0,0,0,2,0,17,6,8,41.7386296899,-87.5851224476,POINT (-87.585122447604 41.738629689876)
343312c2a4cebd434460f1460e26826be76d226d272019e9a3212ef15d724d12d743f417c5a0b4dcebe687c50be8f56d98d5136db954199333a619d4aac89c25,,08/08/2025 05:20:00 PM,30,NO CONTROLS,NO CONTROLS,CLEAR,DAYLIGHT,TURNING,NOT DIVIDED,,STRAIGHT AND LEVEL,DRY,NO DEFECTS,,INJURY AND / OR TOW DUE TO CRASH,,,,"OVER $1,500",08/08/2025 05:22:00 PM,FAILING TO YIELD RIGHT-OF-WAY,DRIVING SKILLS/KNOWLEDGE/EXPERIENCE,7138,N,SHERIDAN RD,2423,,,,,,,2,NO INDICATION OF INJURY,0,0,0,0,0,2,0,17,6,8,42.012356581,-87.6633812953,POINT (-87.663381295283 42.012356581038)
d9a0210b8c1b51826ea2eba3e5a982349c59dc3db0e346767cf53388f62f8b9ddf72331574c11a1cfdde7ada0f316917044e4f40afe31b5f4e773cbd2f846c05,,08/08/2025 05:20:00 PM,30,NO CONTROLS,NO CONTROLS,CLEAR,DAYLIGHT,REAR TO SIDE,NOT DIVIDED,,STRAIGHT AND LEVEL,DRY,NO DEFECTS,NOT ON SCENE (DESK REPORT),NO INJURY / DRIVE AWAY,,,,"OVER $1,500",08/10/2025 02:30:00 PM,UNABLE TO DETERMINE,NOT APPLICABLE,1769,W,SUNNYSIDE AVE,1912,,,,,,,2,NO INDICATION OF INJURY,0,0,0,0,0,2,0,17,6,8,41.9632452667,-87.6736141878,POINT (-87.673614187782 41.963245266688)
99e302e394feb6b36c68fca3c5216ce143ce13d8843381a3600c559f50e238d7d45317d1ee7b3e9eca689ac49c257c2d16582eb803520ba8617a6bc2faf03057,,08/08/2025 05:19:00 PM,30,TRAFFIC SIGNAL,FUNCTIONING PROPERLY,CLEAR,DAYLIGHT,SIDESWIPE SAME DIRECTION,NOT DIVIDED,,STRAIGHT AND LEVEL,DRY,NO DEFECTS,NOT ON SCENE (DESK REPORT),NO INJURY / DRIVE AWAY,,,,"$501 - $1,500",08/08/2025 06:42:00 PM,UNABLE TO DETERMINE,UNABLE TO DETERMINE,412,S,WELLS ST,122,,,,,,,2,NO INDICATION OF INJURY,0,0,0,0,0,2,0,17,6,8,41.8765126041,-87.6338323141,POINT (-87.63383231411 41.8765126041)
500e5daf4e78c2d713b063da33e7aa2f1679adbef18b54cb297e3cfe7aa7940bcfb7716387079783fb47ec4ac4fdf3c2c76bc10ca9ab9553e3e00c0368a952ae,,08/08/2025 05:12:00 PM,25,PEDESTRIAN CROSSING SIGN,FUNCTIONING PROPERLY,CLEAR,DAYLIGHT,PEDALCYCLIST,DIVIDED - W/MEDIAN (NOT RAISED),,"CURVE, LEVEL",DRY,NO DEFECTS,ON SCENE,NO INJURY / DRIVE AWAY,,,Y,$500 OR LESS,08/08/2025 05:32:00 PM,UNABLE TO DETERMINE,UNABLE TO DETERMINE,2084,N,MILWAUKEE AVE,1431,,,,,,,2,NO INDICATION OF INJURY,0,0,0,0,0,1,0,17,6,8,41.919047395,-87.6912677744,POINT (-87.691267774432 41.919047395028)
44acfed3a5c5fdefd650e9550573059f55cffc3247f808d55d6c3e5c4e1972fbbcb04b02df55edaba91b14e458dbd6f014a328c91ea0411dacc01cc754230aef,,08/08/2025 05:11:00 PM,30,TRAFFIC SIGNAL,UNKNOWN,CLEAR,DAYLIGHT,REAR END,DIVIDED - W/MEDIAN BARRIER,,STRAIGHT AND LEVEL,DRY,UNKNOWN,NOT ON SCENE (DESK REPORT),NO INJURY / DRIVE AWAY,,,,"$501 - $1,500",08/08/2025 06:00:00 PM,UNABLE TO DETERMINE,UNABLE TO DETERMINE,2100,W,PETERSON AVE,2413,,,,,,,2,NO INDICATION OF INJURY,0,0,0,0,0,2,0,17,6,8,41.9907363402,-87.6825907885,POINT (-87.682590788528 41.99073634023)
def6b668a9f332e578265c159491f0384b83f09bb93bfe2629b8b87df3b2836f27c4165cb4b8ebbb0c3d9b2a5cedb02418b30c439181ab4e826448bb4b4152d9,,08/08/2025 05:10:00 PM,30,UNKNOWN,UNKNOWN,CLEAR,DAYLIGHT,REAR END,UNKNOWN,,STRAIGHT AND LEVEL,UNKNOWN,UNKNOWN,NOT ON SCENE (DESK REPORT),NO INJURY / DRIVE AWAY,,,,"OVER $1,500",08/08/2025 05:10:00 PM,UNABLE TO DETERMINE,UNABLE TO DETERMINE,5598,N,CENTRAL AVE,1622,,,,,,,2,NO INDICATION OF INJURY,0,0,0,0,0,2,0,17,6,8,41.9828499788,-87.7684931528,POINT (-87.768493152846 41.982849978838)
4de00ceb99282cf50b3612166903e1a830b6f18ee435ce24856d6b6229f6d8e8e30bb147fc711db505714e1162464ff3f19407cdfce954745f762f03fc75f3cc,,08/08/2025 05:04:00 PM,30,NO CONTROLS,NO CONTROLS,CLEAR,DAYLIGHT,OTHER NONCOLLISION,NOT DIVIDED,,STRAIGHT AND LEVEL,DRY,NO DEFECTS,ON SCENE,INJURY AND / OR TOW DUE TO CRASH,,,,"OVER $1,500",08/08/2025 05:47:00 PM,UNABLE TO DETERMINE,UNABLE TO DETERMINE,1199,S,CENTRAL AVE,1522,,,,,,,1,NO INDICATION OF INJURY,0,0,0,0,0,2,0,17,6,8,41.8656390541,-87.7641645811,POINT (-87.764164581141 41.865639054076)
3433829cd9fb0d6c8836abd830ae5e7175ec55a98f849fc86c473b4a724970245de6c6aa9b7eba4870eca3ddc9ff98f271303dc8d85649a119dad27bb8073895,,08/08/2025 05:00:00 PM,30,UNKNOWN,UNKNOWN,CLEAR,DAYLIGHT,SIDESWIPE SAME DIRECTION,TRAFFIC ROUTE,,STRAIGHT AND LEVEL,DRY,UNKNOWN,NOT ON SCENE (DESK REPORT),NO INJURY / DRIVE AWAY,,,,"OVER $1,500",08/08/2025 05:35:00 PM,IMPROPER LANE USAGE,IMPROPER OVERTAKING/PASSING,343,E,JACKSON DR,114,,,,,,,2,NO INDICATION OF INJURY,0,0,0,0,0,2,0,17,6,8,41.8782444381,-87.6191178082,POINT (-87.619117808178 41.878244438088)
b9dea5a3d927f5ceedfaf4439beb4cc3f2e9135e245898f299122773b0c256494631fd66bf627b3d5a9ab17e93278fe8841369da103ab469cb54c5f1a2c84473,,08/08/2025 05:00:00 PM,30,STOP SIGN/FLASHER,FUNCTIONING PROPERLY,CLEAR,DAYLIGHT,REAR END,NOT DIVIDED,,STRAIGHT AND LEVEL,UNKNOWN,UNKNOWN,NOT ON SCENE (DESK REPORT),NO INJURY / DRIVE AWAY,,,Y,"$501 - $1,500",08/09/2025 09:25:00 AM,FOLLOWING TOO CLOSELY,UNABLE TO DETERMINE,4259,N,KEDZIE AVE,1724,,,,,,,2,NO INDICATION OF INJURY,0,0,0,0,0,2,0,17,6,8,41.9592767503,-87.7080389751,POINT (-87.708038975069 41.959276750279)
04d6087b6e20ff3b76073067383b338acc0bc1cd47e7c15b08e1dfbbe160ab073f347559ebfb64371e44d324197f326144886f48b9c5385cd1555dfa89f9d2b1,,08/08/2025 04:53:00 PM,30,NO CONTROLS,NO CONTROLS,CLEAR,DAYLIGHT,HEAD ON,PARKING LOT,,STRAIGHT AND LEVEL,DRY,NO DEFECTS,NOT ON SCENE (DESK REPORT),NO INJURY / DRIVE AWAY,,,Y,"$501 - $1,500",08/08/2025 05:10:00 PM,UNABLE TO DETERMINE,NOT APPLICABLE,1711,W,CERMAK RD,1034,,,,,,,2,NO INDICATION OF INJURY,0,0,0,0,0,5,0,16,6,8,41.8521678636,-87.6689750407,POINT (-87.668975040664 41.852167863628)
825d47f36fdcdae6fa9d298e5fc7274b64237c109afca114107c04015f5d5366ccae65c1876b5c3f6d6c99133167839bbfeb1f1bb816b75596bae919b1309d65,,08/08/2025 04:50:00 PM,30,NO CONTROLS,NO CONTROLS,CLEAR,DAYLIGHT,ANGLE,NOT DIVIDED,,STRAIGHT AND LEVEL,DRY,NO DEFECTS,,NO INJURY / DRIVE AWAY,,,,"$501 - $1,500",08/08/2025 05:45:00 PM,FAILING TO YIELD RIGHT-OF-WAY,FAILING TO YIELD RIGHT-OF-WAY,5555,N,CUMBERLAND AVE,1614,,,,,,,2,NO INDICATION OF INJURY,0,0,0,0,0,2,0,16,6,8,41.9809425122,-87.8364343551,POINT (-87.836434355127 41.980942512151)
b476db76545c595b8764c035ad6e09779079a91be987a0c44a67b1335091affd28c91babac60f8c84747af7c4e6fd7bb450789f7a6c5fc36c963455d057c85f2,,08/08/2025 04:50:00 PM,30,UNKNOWN,UNKNOWN,CLEAR,DAYLIGHT,SIDESWIPE SAME DIRECTION,NOT DIVIDED,,STRAIGHT AND LEVEL,UNKNOWN,UNKNOWN,NOT ON SCENE (DESK REPORT),NO INJURY / DRIVE AWAY,,,,"OVER $1,500",08/08/2025 07:30:00 PM,UNABLE TO DETERMINE,UNABLE TO DETERMINE,350,W,ONTARIO ST,1831,,,,,,,2,NO INDICATION OF INJURY,0,0,0,0,0,2,0,16,6,8,41.8932507701,-87.6375556861,POINT (-87.637555686078 41.89325077006)
fd6653a17611b692a56be10c7fc8a9e6642ba1c37e7441b88f66b19b605d568e9a3f7fb0e8a3efdb81db2ef3d6fb972a826cedf9ee72ec38ad7b1774c96a7d3d,,08/08/2025 04:50:00 PM,30,UNKNOWN,UNKNOWN,CLEAR,DAYLIGHT,HEAD ON,NOT DIVIDED,,STRAIGHT AND LEVEL,UNKNOWN,UNKNOWN,ON SCENE,INJURY AND / OR TOW DUE TO CRASH,,,N,"OVER $1,500",08/08/2025 04:55:00 PM,NOT APPLICABLE,UNABLE TO DETERMINE,5711,S,WESTERN AVE,824,,,,,,,2,NONINCAPACITATING INJURY,1,0,0,1,0,1,0,16,6,8,41.7898349863,-87.6837804805,POINT (-87.683780480476 41.789834986348)
30b863c2916e3965966f8e0c9aa2cd3d4696ed1023fceb622202a349e6660ab1205e785537f6dd95840aa028d4c1bc551daef737f83ee9f5cfff4c4e96fde923,,08/08/2025 04:45:00 PM,30,TRAFFIC SIGNAL,FUNCTIONING PROPERLY,CLEAR,DAYLIGHT,REAR END,DIVIDED - W/MEDIAN (NOT RAISED),,STRAIGHT AND LEVEL,DRY,NO DEFECTS,ON SCENE,INJURY AND / OR TOW DUE TO CRASH,,,,"OVER $1,500",08/08/2025 04:58:00 PM,FOLLOWING TOO CLOSELY,FOLLOWING TOO CLOSELY,2652,S,WESTERN AVE,1034,,,,,,,3,"REPORTED, NOT EVIDENT",1,0,0,0,1,3,0,16,6,8,41.8434751,-87.685511894,POINT (-87.685511894034 41.843475099982)
715479b0083130a9762d44f709a0ef2ff5e0fcdfa66247e16f153e4a640bc69c75ae5d38b16d77c28897d2216f4c97dc19b34dcf0d9992d074cc781dfe82088f,,08/08/2025 04:41:00 PM,20,NO CONTROLS,NO CONTROLS,CLEAR,DAYLIGHT,PARKED MOTOR VEHICLE,NOT DIVIDED,,STRAIGHT AND LEVEL,DRY,NO DEFECTS,ON SCENE,INJURY AND / OR TOW DUE TO CRASH,,,Y,"OVER $1,500",08/08/2025 05:15:00 PM,IMPROPER LANE USAGE,IMPROPER OVERTAKING/PASSING,9172,S,DR MARTIN LUTHER KING JR DR,633,,,,,,,2,NO INDICATION OF INJURY,0,0,0,0,0,1,0,16,6,8,41.727083174,-87.6144228458,POINT (-87.614422845812 41.727083173955)
178100b1ce625dc58649660f58fe2f3759c9495730bea0af6619d959ab634fa296eca786d7c4e180269e8b412a12aeea60cde616dcc598876fc62c493cf26d15,,08/08/2025 04:40:00 PM,30,TRAFFIC SIGNAL,FUNCTIONING PROPERLY,CLEAR,DAYLIGHT,SIDESWIPE SAME DIRECTION,DIVIDED - W/MEDIAN (NOT RAISED),,STRAIGHT AND LEVEL,DRY,UNKNOWN,NOT ON SCENE (DESK REPORT),NO INJURY / DRIVE AWAY,,,,"OVER $1,500",08/08/2025 05:30:00 PM,UNABLE TO DETERMINE,UNABLE TO DETERMINE,135,S,DAMEN AVE,1223,,,,,,,2,NO INDICATION OF INJURY,0,0,0,0,0,2,0,16,6,8,41.8789308674,-87.6764368872,POINT (-87.676436887236 41.878930867402)
63f6ec219464fba2246a3363c0e0b5b6b83cbb9fb57bb48641d659d5cbb19c54595fca0d73e39113ad42babad0b94e39b957ff7f4e0c7dfb0bf96e5a6bbd2c61,,08/08/2025 04:40:00 PM,30,NO CONTROLS,NO CONTROLS,CLEAR,DAYLIGHT,REAR END,NOT DIVIDED,,STRAIGHT AND LEVEL,DRY,UNKNOWN,ON SCENE,NO INJURY / DRIVE AWAY,,,,"OVER $1,500",08/08/2025 04:41:00 PM,FOLLOWING TOO CLOSELY,FOLLOWING TOO CLOSELY,1118,N,PULASKI RD,1111,,,,,,,2,NO INDICATION OF INJURY,0,0,0,0,0,2,0,16,6,8,41.901428187,-87.7264133697,POINT (-87.726413369667 41.90142818697)
02fd6c238d87ca8ad8c8f7f36cba688081c95f317bb1e21ab80bd217582b81ce714c2d4c6e600504bc0f3740230c38ed6b306c3a2eac58abd8b012ae18e35fc2,,08/08/2025 04:37:00 PM,30,TRAFFIC SIGNAL,FUNCTIONING PROPERLY,CLEAR,DAYLIGHT,TURNING,NOT DIVIDED,,STRAIGHT AND LEVEL,DRY,NO DEFECTS,ON SCENE,INJURY AND / OR TOW DUE TO CRASH,,,,"OVER $1,500",08/08/2025 05:03:00 PM,IMPROPER TURNING/NO SIGNAL,IMPROPER TURNING/NO SIGNAL,7721,S,SOUTH CHICAGO AVE,411,,,,,,,2,NO INDICATION OF INJURY,0,0,0,0,0,3,0,16,6,8,41.754315881,-87.5892790281,POINT (-87.589279028136 41.754315881032)
95e4860ce33809f0e4584cb7b29e72f1f84225895b93e8ffe67283c42bdcc3f084710eec8d366f07c84afbe022b7a15114108a001d20d23dc51610339c3591ef,,08/08/2025 04:35:00 PM,30,NO CONTROLS,NO CONTROLS,CLEAR,DAYLIGHT,PARKED MOTOR VEHICLE,NOT DIVIDED,,STRAIGHT AND LEVEL,DRY,UNKNOWN,ON SCENE,NO INJURY / DRIVE AWAY,,,Y,"OVER $1,500",08/08/2025 04:52:00 PM,UNABLE TO DETERMINE,NOT APPLICABLE,5341,S,ELLIS AVE,233,,,,,,,2,NO INDICATION OF INJURY,0,0,0,0,0,1,0,16,6,8,41.7981820794,-87.6011281429,POINT (-87.601128142896 41.798182079385)
d8c4da86994c8a5ad988f097e739b6693cb5729c12de02502d7179d5496cc422526644c7c273dca693df2091d7504a492413ce0ff08047ac2bc318f1583e2eb9,,08/08/2025 04:32:00 PM,30,NO CONTROLS,NO CONTROLS,CLEAR,DAYLIGHT,REAR END,DIVIDED - W/MEDIAN (NOT RAISED),,STRAIGHT AND LEVEL,DRY,NO DEFECTS,NOT ON SCENE (DESK REPORT),NO INJURY / DRIVE AWAY,,,,"OVER $1,500",08/08/2025 05:55:00 PM,FOLLOWING TOO CLOSELY,UNABLE TO DETERMINE,3729,N,PULASKI RD,1732,,,,,,,3,NO INDICATION OF INJURY,0,0,0,0,0,3,0,16,6,8,41.949061173,-87.7273306449,POINT (-87.727330644922 41.949061172955)
92d4bc5c122db4cb938d144a15b2cc6bf6c1d1f5eb1c2f525c1eb8593d7f084217a228f8f818a32bf417f6438a6d84d3f0f837fad797000cdd80d6a11e295c49,,08/08/2025 04:30:00 PM,30,NO CONTROLS,NO CONTROLS,CLEAR,DAYLIGHT,TURNING,T-INTERSECTION,,STRAIGHT AND LEVEL,DRY,NO DEFECTS,ON SCENE,NO INJURY / DRIVE AWAY,Y,,Y,"$501 - $1,500",08/08/2025 04:30:00 PM,FAILING TO YIELD RIGHT-OF-WAY,FAILING TO YIELD RIGHT-OF-WAY,98,E,46TH ST,215,,Y,,,,,2,NO INDICATION OF INJURY,0,0,0,0,0,2,0,16,6,8,41.8112078316,-87.622969683,POINT (-87.622969682993 41.811207831645)
cae936076b5e8c9d6b7584b620e9a4d74f4e6f2ae2e8f80854e5d45d1bc733fb213d9d093c95c66f1138f3cb7767781b3b04c1dc5b6ff9d007d5aa449a1fe58a,,08/08/2025 04:28:00 PM,30,NO CONTROLS,NO CONTROLS,CLEAR,DAYLIGHT,PARKED MOTOR VEHICLE,DIVIDED - W/MEDIAN BARRIER,,STRAIGHT AND LEVEL,DRY,NO DEFECTS,ON SCENE,INJURY AND / OR TOW DUE TO CRASH,,,,"OVER $1,500",08/08/2025 04:30:00 PM,FAILING TO REDUCE SPEED TO AVOID CRASH,NOT APPLICABLE,4865,N,ASHLAND AVE,2032,,,,,,,2,NO INDICATION OF INJURY,0,0,0,0,0,1,0,16,6,8,41.970777334,-87.6693432152,POINT (-87.669343215212 41.970777333985)
617f0cf151055c741bb5c1f2d535a6a5277a5d313dd60b8687364a3d642a19d1412b0d135fbd2e7f09c617e2c6e8425b76dcd947673d237e1a3ad212c2c3e04f,,08/08/2025 04:25:00 PM,30,NO CONTROLS,NO CONTROLS,CLEAR,DAYLIGHT,ANGLE,PARKING LOT,,STRAIGHT AND LEVEL,DRY,NO DEFECTS,NOT ON SCENE (DESK REPORT),NO INJURY / DRIVE AWAY,,,,"$501 - $1,500",08/08/2025 05:15:00 PM,IMPROPER BACKING,NOT APPLICABLE,5949,N,RIDGE AVE,2012,,,,,,,2,NO INDICATION OF INJURY,0,0,0,0,0,2,0,16,6,8,41.989900565,-87.6701266047,POINT (-87.670126604708 41.989900564957)
eaa3e23813e7598426261b7fa04654e694d54abf79529b56b1da3ec524f70ca743413faef59b831fa3d7c813c2f1a3b26f7e91012be3f750e06fe30763c38b91,,08/08/2025 04:20:00 PM,35,TRAFFIC SIGNAL,FUNCTIONING PROPERLY,CLEAR,DAYLIGHT,REAR END,FOUR WAY,,STRAIGHT AND LEVEL,DRY,NO DEFECTS,ON SCENE,NO INJURY / DRIVE AWAY,,,,"OVER $1,500",08/08/2025 04:30:00 PM,UNABLE TO DETERMINE,UNABLE TO DETERMINE,327,W,87TH ST,634,,,,,,,2,NO INDICATION OF INJURY,0,0,0,0,0,4,0,16,6,8,41.7358633345,-87.6326776307,POINT (-87.632677630684 41.735863334466)
d8f93111da4b5fd4784573417a91bd791d6319a0d59393fd0879a700eb4108b5883d3a5f9a68e61f403f3007f6f723f389de195ac8e50dc35ecfa2c9955a711d,,08/08/2025 04:17:00 PM,30,TRAFFIC SIGNAL,FUNCTIONING PROPERLY,CLEAR,DAYLIGHT,PEDESTRIAN,FOUR WAY,,STRAIGHT AND LEVEL,UNKNOWN,UNKNOWN,ON SCENE,INJURY AND / OR TOW DUE TO CRASH,Y,,,"OVER $1,500",08/08/2025 04:17:00 PM,FAILING TO YIELD RIGHT-OF-WAY,FAILING TO YIELD RIGHT-OF-WAY,399,W,FULLERTON PKWY,1814,,,,,,,2,INCAPACITATING INJURY,1,0,1,0,0,1,0,16,6,8,41.9255037067,-87.639060351,POINT (-87.639060350971 41.925503706708)
a4f179d34c9f6e961cc6aa5775c19e9a309632a66a821bc9d6c36f718c724c3488280112ef6210e2c14bc7d95bb466c0a21f7d49b194c28bdd4c37253aa2e011,,08/08/2025 04:13:00 PM,30,NO CONTROLS,NO CONTROLS,CLEAR,DAYLIGHT,SIDESWIPE SAME DIRECTION,NOT DIVIDED,,STRAIGHT AND LEVEL,DRY,NO DEFECTS,ON SCENE,INJURY AND / OR TOW DUE TO CRASH,,,,"OVER $1,500",08/08/2025 04:15:00 PM,EQUIPMENT - VEHICLE CONDITION,EQUIPMENT - VEHICLE CONDITION,6898,N,RIDGE BLVD,2411,,,,,,,4,NO INDICATION OF INJURY,0,0,0,0,0,2,0,16,6,8,42.0063382505,-87.6808484063,POINT (-87.68084840633 42.006338250519)
079b727dba8d9dc14cd8c87466cc18b67b8860c1e72fefa591c7fffd1660d568136376a9c6ea9be044e2ae17292fdbe10f1ebd90cde35bf5eb3ca48128af9f40,,08/08/2025 04:08:00 PM,30,UNKNOWN,UNKNOWN,CLEAR,DAYLIGHT,SIDESWIPE SAME DIRECTION,DIVIDED - W/MEDIAN BARRIER,,STRAIGHT AND LEVEL,UNKNOWN,UNKNOWN,NOT ON SCENE (DESK REPORT),NO INJURY / DRIVE AWAY,,,,"OVER $1,500",08/08/2025 05:00:00 PM,UNABLE TO DETERMINE,UNABLE TO DETERMINE,600,N,LAKE SHORE DR NB,1834,,,,,,,2,NO INDICATION OF INJURY,0,0,0,0,0,2,0,16,6,8,41.8926672756,-87.6143625489,POINT (-87.614362548909 41.89266727562)
30917e90b9e3219379d2b83b8867b972eaf27949e882b97ddd6a7d5ca63820579a4b8990e11752f1d5c398f187af193a9a3691e5aedc757ae651b6a6c396d020,,08/08/2025 04:07:00 PM,30,NO CONTROLS,NO CONTROLS,CLEAR,DAYLIGHT,OTHER OBJECT,DIVIDED - W/MEDIAN (NOT RAISED),,STRAIGHT AND LEVEL,DRY,NO DEFECTS,ON SCENE,INJURY AND / OR TOW DUE TO CRASH,,,,"OVER $1,500",08/08/2025 04:07:00 PM,DISTRACTION - FROM INSIDE VEHICLE,FAILING TO REDUCE SPEED TO AVOID CRASH,1427,W,MONTROSE AVE,1912,,,,,,,1,NO INDICATION OF INJURY,0,0,0,0,0,1,0,16,6,8,41.9615238247,-87.6660398556,POINT (-87.666039855558 41.961523824746)
c52cf5ab6b4a570d0d2d552fe778bd6bc5106650059860bada65c39c4d987c596c6d8d801b43ff124ee5fa3bfef9fab8a1659a42bd827abd743b3c05b47bb1bb,Y,08/08/2025 04:07:00 PM,25,NO CONTROLS,NO CONTROLS,CLEAR,DAYLIGHT,PARKED MOTOR VEHICLE,ONE-WAY,,STRAIGHT AND LEVEL,DRY,UNKNOWN,ON SCENE,NO INJURY / DRIVE AWAY,,,Y,"OVER $1,500",08/08/2025 04:07:00 PM,UNABLE TO DETERMINE,UNABLE TO DETERMINE,4416,N,KOSTNER AVE,1722,,,,,,,2,NO INDICATION OF INJURY,0,0,0,0,0,1,0,16,6,8,41.9613689249,-87.7385920187,POINT (-87.738592018699 41.96136892492)
6f3c712cfc0bb9db0dedc8b55f8f0ea6106f5bc14994f4b33b9f8fffdfe6c03616c58c824517bdaa03682a65361fa17829534d51904f738c304a2a1ac249e295,,08/08/2025 04:06:00 PM,30,NO CONTROLS,NO CONTROLS,CLEAR,DAYLIGHT,PARKED MOTOR VEHICLE,NOT DIVIDED,,STRAIGHT AND LEVEL,DRY,UNKNOWN,NOT ON SCENE (DESK REPORT),NO INJURY / DRIVE AWAY,,,Y,"OVER $1,500",08/08/2025 05:00:00 PM,UNABLE TO DETERMINE,UNABLE TO DETERMINE,2224,S,STATE ST,131,,,,,,,2,NO INDICATION OF INJURY,0,0,0,0,0,1,0,16,6,8,41.8521059063,-87.6272191062,POINT (-87.627219106183 41.852105906291)
927f16272b04cb449d35ccc24949bd60d6a59d9f509cd364d54e013bb251f962ec3839f19b4452531cbce94b74bf163dfdca0ef0a1e3ac3305366fc29ddd18a3,,08/08/2025 04:00:00 PM,30,STOP SIGN/FLASHER,FUNCTIONING PROPERLY,CLEAR,DAYLIGHT,ANGLE,DIVIDED - W/MEDIAN (NOT RAISED),,STRAIGHT AND LEVEL,DRY,NO DEFECTS,ON SCENE,INJURY AND / OR TOW DUE TO CRASH,Y,,,"OVER $1,500",08/08/2025 04:04:00 PM,IMPROPER OVERTAKING/PASSING,NOT APPLICABLE,2701,W,111TH ST,2212,,,,,,,3,NONINCAPACITATING INJURY,2,0,0,2,0,1,0,16,6,8,41.691604493,-87.6885931516,POINT (-87.688593151612 41.691604492993)
e21391dbd4f5e9af0ddc2968f77817a61a09eaac2aafef3c1c3c3a952c0ec4b2e49c2f63c8b0054775a979c82a5fe4cbcff9fe3c51a7481ed4b17d463e21d7aa,,08/08/2025 04:00:00 PM,25,TRAFFIC SIGNAL,FUNCTIONING PROPERLY,CLEAR,DAYLIGHT,REAR TO FRONT,NOT DIVIDED,,STRAIGHT AND LEVEL,DRY,NO DEFECTS,ON SCENE,NO INJURY / DRIVE AWAY,,,Y,$500 OR LESS,08/08/2025 04:15:00 PM,IMPROPER BACKING,IMPROPER BACKING,10532,S,INDIANAPOLIS AVE,432,,,,,,,2,NO INDICATION OF INJURY,0,0,0,0,0,2,0,16,6,8,41.7036623609,-87.5257124268,POINT (-87.52571242676 41.703662360894)
f02587d29b8c08f34f497d747e2e1c8c87447c556539a07787be1c78828478f2533e49cf0470841c6b1eae7bce8265b50ee65548542f1a3e1a9b958985211e85,,08/08/2025 04:00:00 PM,55,NO CONTROLS,NO CONTROLS,CLEAR,DAYLIGHT,REAR END,NOT DIVIDED,,STRAIGHT AND LEVEL,DRY,NO DEFECTS,NOT ON SCENE (DESK REPORT),NO INJURY / DRIVE AWAY,,,,"OVER $1,500",08/09/2025 12:30:00 PM,UNABLE TO DETERMINE,NOT APPLICABLE,332,S,LAKE SHORE DR NB,114,,,,,,,2,NO INDICATION OF INJURY,0,0,0,0,0,2,0,16,6,8,41.8775769268,-87.6175587855,POINT (-87.617558785532 41.87757692682)
a7aed186c6ca3aeb6ada233dd113f6d3c31c2902e9bcd7b9726fc96f1d15f76dbbf1fdab246a6db7ee44a617cb94660efa146a8e4706355200cf997ffc8469b9,,08/08/2025 03:55:00 PM,30,UNKNOWN,UNKNOWN,CLEAR,DAYLIGHT,SIDESWIPE SAME DIRECTION,FOUR WAY,,STRAIGHT AND LEVEL,UNKNOWN,UNKNOWN,NOT ON SCENE (DESK REPORT),NO INJURY / DRIVE AWAY,,,,"OVER $1,500",08/08/2025 08:10:00 PM,UNABLE TO DETERMINE,UNABLE TO DETERMINE,121,W,ONTARIO ST,1832,,,,,,,2,NO INDICATION OF INJURY,0,0,0,0,0,2,0,15,6,8,41.8931064036,-87.6321210537,POINT (-87.632121053674 41.893106403566)