CRASH_RECORD_ID,CRASH_DATE_EST_I,CRASH_DATE,POSTED_SPEED_LIMIT,TRAFFIC_CONTROL_DEVICE,DEVICE_CONDITION,WEATHER_CONDITION,LIGHTING_CONDITION,FIRST_CRASH_TYPE,TRAFFICWAY_TYPE,LANE_CNT,ALIGNMENT,ROADWAY_SURFACE_COND,ROAD_DEFECT,REPORT_TYPE,CRASH_TYPE,INTERSECTION_RELATED_I,NOT_RIGHT_OF_WAY_I,HIT_AND_RUN_I,DAMAGE,DATE_POLICE_NOTIFIED,PRIM_CONTRIBUTORY_CAUSE,SEC_CONTRIBUTORY_CAUSE,STREET_NO,STREET_DIRECTION,STREET_NAME,BEAT_OF_OCCURRENCE,PHOTOS_TAKEN_I,STATEMENTS_TAKEN_I,DOORING_I,WORK_ZONE_I,WORK_ZONE_TYPE,WORKERS_PRESENT_I,NUM_UNITS,MOST_SEVERE_INJURY,INJURIES_TOTAL,INJURIES_FATAL,INJURIES_INCAPACITATING,INJURIES_NON_INCAPACITATING,INJURIES_REPORTED_NOT_EVIDENT,INJURIES_NO_INDICATION,INJURIES_UNKNOWN,CRASH_HOUR,CRASH_DAY_OF_WEEK,CRASH_MONTH,LATITUDE,LONGITUDE,LOCATION
c1ed24a2366ee2e885dc7ecb9b94dfeb26eb1ea8a616c4113f73d8c100dfb590260c4ee1fadcb04304ea8536c214269f11c86e7101cc6fbecf39bc0a5c9270ff,,08/08/2025 03:39:00 PM,30,UNKNOWN,UNKNOWN,CLEAR,DAYLIGHT,REAR END,NOT DIVIDED,,STRAIGHT AND LEVEL,UNKNOWN,UNKNOWN,NOT ON SCENE (DESK REPORT),NO INJURY / DRIVE AWAY,,,,"OVER $1,500",08/08/2025 06:00:00 PM,UNABLE TO DETERMINE,UNABLE TO DETERMINE,928,W,GRAND AVE,1214,,,,,,,2,NO INDICATION OF INJURY,0,0,0,0,0,2,0,15,6,8,41.8912578838,-87.6506767339,POINT (-87.650676733926 41.891257883839)
1de1bd3f4431554d487423f9d5548fb64d6ba6f7a171a38e6f4238a831fd3562452d7435284079c73078edb6c8551a820ccd9ca50a6747d7a0c6e9872d6334cd,,08/08/2025 03:37:00 PM,20,UNKNOWN,UNKNOWN,CLEAR,DAYLIGHT,REAR END,NOT DIVIDED,,STRAIGHT AND LEVEL,DRY,UNKNOWN,ON SCENE,NO INJURY / DRIVE AWAY,,,,"OVER $1,500",08/08/2025 03:37:00 PM,UNABLE TO DETERMINE,UNABLE TO DETERMINE,3033,N,KIMBALL AVE,1412,,,,,,,2,NO INDICATION OF INJURY,0,0,0,0,0,2,0,15,6,8,41.9367772916,-87.7122629368,POINT (-87.712262936792 41.93677729165)
a918a321cdfa3dbe1be69cdafdca0637c0c4fc2cf8c0b95aacd93c7e15640fe52cb22690f86bb9ce3d42713b5748024aef4141e667a5a23daad26923a52eeda2,,08/08/2025 03:32:00 PM,30,TRAFFIC SIGNAL,FUNCTIONING PROPERLY,CLEAR,DAYLIGHT,TURNING,DIVIDED - W/MEDIAN (NOT RAISED),,STRAIGHT AND LEVEL,DRY,NO DEFECTS,NOT ON SCENE (DESK REPORT),NO INJURY / DRIVE AWAY,,,Y,"$501 - $1,500",08/08/2025 05:30:00 PM,UNABLE TO DETERMINE,NOT APPLICABLE,2956,N,MILWAUKEE AVE,2523,,,,,,,2,NO INDICATION OF INJURY,0,0,0,0,0,3,0,15,6,8,41.9349739441,-87.7173185257,POINT (-87.717318525716 41.934973944052)
41a2d3c763394f4c25f5827bc9a92e717c2de24e261cb2a8c8db44ae28e1e34450ebbf618adb1bf0bb8f2e4fe3ccdd5dda5a381e10360c9f4bb9fbc05398bddb,,08/08/2025 03:30:00 PM,30,NO CONTROLS,NO CONTROLS,CLEAR,DAYLIGHT,FIXED OBJECT,ALLEY,,STRAIGHT AND LEVEL,WET,UNKNOWN,NOT ON SCENE (DESK REPORT),NO INJURY / DRIVE AWAY,,Y,,"$501 - $1,500",08/18/2025 01:00:00 PM,UNABLE TO DETERMINE,UNABLE TO DETERMINE,1426,W,111TH ST,2234,,,,,,,1,NO INDICATION OF INJURY,0,0,0,0,0,1,0,15,6,8,41.692275626,-87.6581103188,POINT (-87.658110318846 41.69227562598)
864bfe47c226bd9c5596bfe027157c25d883bf68f775e234ce2708dbf25a5e37e0647d83967c290f822bd306a0e9e8509b1f1e02cec417eaff7083d7eb24fd1c,,08/08/2025 03:30:00 PM,30,NO CONTROLS,NO CONTROLS,CLEAR,DAYLIGHT,REAR END,NOT DIVIDED,,STRAIGHT AND LEVEL,DRY,NO DEFECTS,NOT ON SCENE (DESK REPORT),NO INJURY / DRIVE AWAY,,,,"OVER $1,500",08/08/2025 04:00:00 PM,FOLLOWING TOO CLOSELY,UNABLE TO DETERMINE,9310,S,JEFFERY AVE,413,,,,,,,2,NO INDICATION OF INJURY,0,0,0,0,0,2,0,15,6,8,41.7257405601,-87.5755829947,POINT (-87.575582994663 41.725740560078)
88674eb80fd66892ad88ecf60d29717a8ca3c6a4bf02a0f2b1ef1b48998d0c1c8d9ca9639c4b823cdeadd30202c4a70ce343183c6d4dcf9a6e9d8e0bf5280858,,08/08/2025 03:30:00 PM,40,TRAFFIC SIGNAL,FUNCTIONING PROPERLY,CLEAR,DAYLIGHT,REAR END,DIVIDED - W/MEDIAN BARRIER,,STRAIGHT AND LEVEL,DRY,NO DEFECTS,NOT ON SCENE (DESK REPORT),NO INJURY / DRIVE AWAY,,,Y,"OVER $1,500",08/11/2025 10:45:00 AM,UNABLE TO DETERMINE,NOT APPLICABLE,800,N,LAKE SHORE DR SB,1833,,,,,,,2,NO INDICATION OF INJURY,0,0,0,0,0,3,0,15,6,8,41.8968049724,-87.6170274232,POINT (-87.617027423234 41.896804972416)
c7afc77f5dd90d8418da92d60b1c5b228955738cb99da3540daf56e740818e1189d2550460ad7fcfba2fd3d522ecbfe005b7352ffcffb200d25cce9faa17e20f,,08/08/2025 03:30:00 PM,30,UNKNOWN,UNKNOWN,CLEAR,DAYLIGHT,REAR END,DIVIDED - W/MEDIAN (NOT RAISED),,STRAIGHT AND LEVEL,DRY,UNKNOWN,NOT ON SCENE (DESK REPORT),NO INJURY / DRIVE AWAY,Y,,,"$501 - $1,500",08/08/2025 04:30:00 PM,UNABLE TO DETERMINE,UNABLE TO DETERMINE,6500,N,SHERIDAN RD,2432,,,,,,,2,NO INDICATION OF INJURY,0,0,0,0,0,2,0,15,6,8,42.0004434961,-87.6608593509,POINT (-87.660859350903 42.000443496129)
c9da95d1ee2f6356805df1059cebf9e30887d044c2ef8ca69d2532ef3003c4ccbad2fe2e91fa66a8f9ad9425b52d6b664e92bf6ebb7d3b5a35ba97636ed2ad66,,08/08/2025 03:30:00 PM,30,TRAFFIC SIGNAL,FUNCTIONING PROPERLY,CLEAR,DAYLIGHT,REAR END,DIVIDED - W/MEDIAN (NOT RAISED),,STRAIGHT AND LEVEL,UNKNOWN,UNKNOWN,NOT ON SCENE (DESK REPORT),NO INJURY / DRIVE AWAY,,,,"OVER $1,500",08/12/2025 11:48:00 AM,UNABLE TO DETERMINE,UNABLE TO DETERMINE,2309,N,LINCOLN AVE,1812,,,,,,,2,NO INDICATION OF INJURY,0,0,0,0,0,5,0,15,6,8,41.9239529807,-87.6464616294,POINT (-87.64646162935 41.923952980727)
4b66e1678ee3faff8f70071fa93861cee0ba1fa394c412710b0ae85d6b84f1b3b6b83393d624f82fa2297c1b500e90363180524ef92e69aefe8b92e2867b9867,,08/08/2025 03:26:00 PM,30,NO CONTROLS,NO CONTROLS,CLEAR,DAYLIGHT,TURNING,DIVIDED - W/MEDIAN BARRIER,,STRAIGHT AND LEVEL,DRY,NO DEFECTS,ON SCENE,INJURY AND / OR TOW DUE TO CRASH,,,Y,"OVER $1,500",08/08/2025 05:00:00 PM,FAILING TO YIELD RIGHT-OF-WAY,NOT APPLICABLE,3798,W,79TH ST,833,,,,,,,2,NO INDICATION OF INJURY,0,0,0,0,0,2,0,15,6,8,41.7497367902,-87.7181779425,POINT (-87.718177942528 41.749736790178)
23676539896bdf17cda6751805f91a474636a32c11dc16e40c60c2376f8b0da741710dcc587808fa603f171d2a7ab2f067ffc0578e4027692beea4b12256a851,,08/08/2025 03:12:00 PM,30,NO CONTROLS,NO CONTROLS,CLEAR,DAYLIGHT,SIDESWIPE SAME DIRECTION,DIVIDED - W/MEDIAN (NOT RAISED),,STRAIGHT AND LEVEL,DRY,NO DEFECTS,ON SCENE,NO INJURY / DRIVE AWAY,,,,"$501 - $1,500",08/08/2025 03:40:00 PM,IMPROPER OVERTAKING/PASSING,IMPROPER OVERTAKING/PASSING,4728,W,ROOSEVELT RD,1131,,,,,,,2,NO INDICATION OF INJURY,0,0,0,0,0,2,0,15,6,8,41.8660200083,-87.7434940274,POINT (-87.743494027399 41.866020008338)
64be559eb6eb9df72d4f0ae70f94a1bab06dfdabf90c949ee151ba81c80569b82347a8a992d3b4ab7e27dab312cef090eb78bdf8713068938a3e47b09e841896,,08/08/2025 03:10:00 PM,30,TRAFFIC SIGNAL,FUNCTIONING PROPERLY,CLEAR,DAYLIGHT,REAR END,DIVIDED - W/MEDIAN (NOT RAISED),,STRAIGHT AND LEVEL,DRY,NO DEFECTS,NOT ON SCENE (DESK REPORT),NO INJURY / DRIVE AWAY,Y,,,"OVER $1,500",08/08/2025 03:40:00 PM,DISREGARDING TRAFFIC SIGNALS,NOT APPLICABLE,7800,S,DAMEN AVE,611,,,,,,,2,NO INDICATION OF INJURY,0,0,0,0,0,2,0,15,6,8,41.7519620931,-87.6733279918,POINT (-87.673327991846 41.751962093076)
cd6505a666b0bb30c45481f47195fbb45269ac922e91b6094427648bd6e6cb95d89fb15f77491901c6ad27c78203a9d28b4b33095c56869f594a4358e670bff7,,08/08/2025 03:10:00 PM,30,TRAFFIC SIGNAL,NO CONTROLS,CLEAR,DAYLIGHT,SIDESWIPE SAME DIRECTION,NOT DIVIDED,,STRAIGHT AND LEVEL,DRY,NO DEFECTS,ON SCENE,NO INJURY / DRIVE AWAY,,,Y,$500 OR LESS,08/08/2025 03:23:00 PM,IMPROPER OVERTAKING/PASSING,NOT APPLICABLE,1401,S,ASHLAND AVE,1233,,,,,,,2,NO INDICATION OF INJURY,0,0,0,0,0,2,0,15,6,8,41.8632243602,-87.6661479405,POINT (-87.666147940483 41.863224360224)
b51354b6ed9fc315ec318a247c427062700b74273a00e9cf205f49e145737bae50a0610fd17e7f1d720be36a834ec14526e5ef22dce2697d2f6b5888f6cba22b,,08/08/2025 03:05:00 PM,30,TRAFFIC SIGNAL,FUNCTIONING PROPERLY,CLEAR,DAYLIGHT,TURNING,"FIVE POINT, OR MORE",,STRAIGHT AND LEVEL,DRY,NO DEFECTS,ON SCENE,NO INJURY / DRIVE AWAY,Y,,,"OVER $1,500",08/08/2025 03:05:00 PM,DISREGARDING TRAFFIC SIGNALS,NOT APPLICABLE,4003,N,ELSTON AVE,1723,,,,,,,3,NO INDICATION OF INJURY,0,0,0,0,0,2,0,15,6,8,41.9539083977,-87.7192315742,POINT (-87.719231574183 41.953908397703)
fcb14c69cff66e465652602f6a5013750bf42c9cff1beab42447f2c0b2c60c32ed3e0e6b5b1d3d353668a988f7c0e1c68c1036890c54b30d2665ffc62f48d353,,08/08/2025 03:05:00 PM,30,NO CONTROLS,NO CONTROLS,CLEAR,DAYLIGHT,REAR TO FRONT,PARKING LOT,,STRAIGHT AND LEVEL,DRY,NO DEFECTS,NOT ON SCENE (DESK REPORT),NO INJURY / DRIVE AWAY,,,Y,"OVER $1,500",08/08/2025 04:40:00 PM,UNABLE TO DETERMINE,NOT APPLICABLE,1205,N,NOBLE ST,1433,,,,,,,2,NO INDICATION OF INJURY,0,0,0,0,0,3,0,15,6,8,41.903589783,-87.662476865,POINT (-87.662476864997 41.90358978296)
64a6cdcd027234f4ef3363a58dbaeb167b118de9805d8094c8c4e9e34675d73abff70c059ad1bd51eb1a3969d3ac97909cc2bbfdbfe73c79ec5a57e13e260081,,08/08/2025 03:00:00 PM,20,NO CONTROLS,NO CONTROLS,CLEAR,DAYLIGHT,REAR TO FRONT,NOT DIVIDED,,STRAIGHT ON GRADE,DRY,NO DEFECTS,ON SCENE,INJURY AND / OR TOW DUE TO CRASH,,,,"$501 - $1,500",08/08/2025 03:00:00 PM,UNDER THE INFLUENCE OF ALCOHOL/DRUGS (USE WHEN ARREST IS EFFECTED),IMPROPER LANE USAGE,5324,S,MC VICKER AVE,811,,,,,,,2,NO INDICATION OF INJURY,0,0,0,0,0,3,0,15,6,8,41.7954300348,-87.7735148721,POINT (-87.773514872051 41.795430034802)
a07f7bb9c09cc3bb1c7048ee89dc57cfbbcad7cc110263ad577a6942f8844673bf7099ff72735bc6828995c137bb42cb06b498d1e6267d7cf38ccd47c2941e12,,08/08/2025 03:00:00 PM,30,NO CONTROLS,NO CONTROLS,CLEAR,DAYLIGHT,SIDESWIPE SAME DIRECTION,ONE-WAY,,STRAIGHT AND LEVEL,DRY,NO DEFECTS,NOT ON SCENE (DESK REPORT),NO INJURY / DRIVE AWAY,,,,"$501 - $1,500",08/10/2025 12:05:00 PM,FAILING TO YIELD RIGHT-OF-WAY,FAILING TO YIELD RIGHT-OF-WAY,130,S,FRANKLIN ST,122,,,,,,,2,NO INDICATION OF INJURY,0,0,0,0,0,2,0,15,6,8,41.8798870231,-87.6354008346,POINT (-87.635400834618 41.879887023079)
e9c69b66791cadbc3b5b1fc1c3fff121399b2c05ee8b9c672f45e553267fc694b9ae8a53d8656a663164e8c38b94ec40f94dc22f8cbc93cba8ecabe6759b79ef,,08/08/2025 03:00:00 PM,30,TRAFFIC SIGNAL,UNKNOWN,CLEAR,DAYLIGHT,SIDESWIPE SAME DIRECTION,NOT DIVIDED,,STRAIGHT AND LEVEL,UNKNOWN,UNKNOWN,NOT ON SCENE (DESK REPORT),NO INJURY / DRIVE AWAY,,,,"OVER $1,500",08/08/2025 04:10:00 PM,IMPROPER OVERTAKING/PASSING,UNABLE TO DETERMINE,6208,W,MONTROSE AVE,1622,,,,,,,2,NO INDICATION OF INJURY,0,0,0,0,0,2,0,15,6,8,41.9603885481,-87.782339382,POINT (-87.782339381995 41.960388548138)
faef01c7b5c7cfd18ee461b8855c1c74b07889d28bec1b7f53c7daf63129f4bf9713cf3ca72c7d638418d6ab4d86a89a8dfc7ed3fc2f50bda6a52d79d18abeac,,08/08/2025 03:00:00 PM,30,NO CONTROLS,NO CONTROLS,UNKNOWN,DAYLIGHT,SIDESWIPE SAME DIRECTION,DIVIDED - W/MEDIAN BARRIER,,STRAIGHT AND LEVEL,UNKNOWN,UNKNOWN,NOT ON SCENE (DESK REPORT),NO INJURY / DRIVE AWAY,,,,"OVER $1,500",08/11/2025 04:24:00 PM,UNABLE TO DETERMINE,UNABLE TO DETERMINE,2800,N,LAKE SHORE DR SB,1934,,,,,,,2,NO INDICATION OF INJURY,0,0,0,0,0,2,0,15,6,8,41.9326770087,-87.6322477083,POINT (-87.632247708301 41.932677008738)
502d0812e5d349a71ff5483fe2012fe755116a317b5554355da1136728053e00039211827e50b38990d83a767b3b4925b0db95fca7d943315019ed0bd6c27972,,08/08/2025 02:55:00 PM,30,TRAFFIC SIGNAL,FUNCTIONING PROPERLY,CLEAR,DAYLIGHT,TURNING,NOT DIVIDED,,STRAIGHT AND LEVEL,DRY,UNKNOWN,NOT ON SCENE (DESK REPORT),NO INJURY / DRIVE AWAY,,,,"$501 - $1,500",08/08/2025 04:20:00 PM,DISREGARDING ROAD MARKINGS,NOT APPLICABLE,1614,N,LARAMIE AVE,2532,,,,,,,2,NO INDICATION OF INJURY,0,0,0,0,0,2,0,14,6,8,41.9099770093,-87.755822648,POINT (-87.755822648009 41.909977009294)
871cef666af417022c74034c2412df3f3741ae89fe83533a21d250cc0b884f586ac317d46ba4f7705eb4016db07b49f7021820bd88792910690ed749b1052bb5,,08/08/2025 02:55:00 PM,30,TRAFFIC SIGNAL,FUNCTIONING PROPERLY,CLEAR,DAYLIGHT,REAR END,NOT DIVIDED,,STRAIGHT AND LEVEL,DRY,NO DEFECTS,NOT ON SCENE (DESK REPORT),NO INJURY / DRIVE AWAY,,,,$500 OR LESS,08/08/2025 05:05:00 PM,UNABLE TO DETERMINE,NOT APPLICABLE,1958,W,35TH ST,912,,,,,,,2,NO INDICATION OF INJURY,0,0,0,0,0,4,0,14,6,8,41.830500418,-87.6752214047,POINT (-87.67522140471 41.830500417951)
abcc1f0e8922b85c84fdfe58c01a2c576e72c971641d58c5d4bc892867c59c0e55a35750a8674558d8037a1537288e87d144139433dab1ee0acf40d01633386b,,08/08/2025 02:55:00 PM,35,NO CONTROLS,NO CONTROLS,CLEAR,DAYLIGHT,PARKED MOTOR VEHICLE,NOT DIVIDED,,STRAIGHT AND LEVEL,DRY,NO DEFECTS,NOT ON SCENE (DESK REPORT),NO INJURY / DRIVE AWAY,,,Y,"OVER $1,500",08/08/2025 03:30:00 PM,UNABLE TO DETERMINE,NOT APPLICABLE,6030,W,53RD ST,811,,,,,,,2,NO INDICATION OF INJURY,0,0,0,0,0,1,0,14,6,8,41.796326866,-87.773334684,POINT (-87.773334683957 41.796326865961)
d7a93ddcbebae33f03693e952026c468bb461d726409575d36103b95b6b74693a1036888deddae2a717cae93fd18c55a2507706fc4f72ed4119626f834aaf633,Y,08/08/2025 02:55:00 PM,30,TRAFFIC SIGNAL,FUNCTIONING PROPERLY,CLEAR,DAYLIGHT,SIDESWIPE SAME DIRECTION,CENTER TURN LANE,,STRAIGHT AND LEVEL,DRY,NO DEFECTS,NOT ON SCENE (DESK REPORT),NO INJURY / DRIVE AWAY,,,,"OVER $1,500",08/08/2025 03:30:00 PM,UNABLE TO DETERMINE,NOT APPLICABLE,3400,W,BELMONT AVE,1732,,,,,,,2,NO INDICATION OF INJURY,0,0,0,0,0,2,0,14,6,8,41.9393871569,-87.7125588108,POINT (-87.712558810816 41.939387156854)
4813bfc2f7ce8f39785aa0dc852aaf2d61e91ff3a58394f10f5a2477e41a7ad68f899cec4a85d85b3fd213dfcdb36a6aa3eda3ee061d0cf2e7bcc157dd80d618,,08/08/2025 02:50:00 PM,30,NO CONTROLS,NO CONTROLS,CLEAR,DAYLIGHT,SIDESWIPE SAME DIRECTION,NOT DIVIDED,,STRAIGHT AND LEVEL,DRY,NO DEFECTS,NOT ON SCENE (DESK REPORT),NO INJURY / DRIVE AWAY,,,,"$501 - $1,500",08/12/2025 03:20:00 PM,NOT APPLICABLE,NOT APPLICABLE,6200,W,MONTROSE AVE,1622,,,,,,,2,NO INDICATION OF INJURY,0,0,0,0,0,2,0,14,6,8,41.9603936095,-87.7819700746,POINT (-87.781970074638 41.960393609526)
8ecf36555295a87e260149d5716e98ac5a783e3c95049bf6cd95067bf0ef6d2362f86ba9201dde563ff43e2249e8e23ae15f10d4d16bad6c00762d1a1c2b5863,,08/08/2025 02:50:00 PM,30,NO CONTROLS,NO CONTROLS,CLEAR,DAYLIGHT,SIDESWIPE SAME DIRECTION,NOT DIVIDED,,STRAIGHT AND LEVEL,DRY,NO DEFECTS,NOT ON SCENE (DESK REPORT),NO INJURY / DRIVE AWAY,,,,"OVER $1,500",08/08/2025 05:50:00 PM,FAILING TO YIELD RIGHT-OF-WAY,FAILING TO YIELD RIGHT-OF-WAY,600,W,DIVERSEY PKWY,1934,,,,,,,2,NO INDICATION OF INJURY,0,0,0,0,0,2,0,14,6,8,41.9329214521,-87.6443485441,POINT (-87.644348544147 41.932921452053)
c4ff1f0f21cef90f530e563addd333a532a2130671b1bf59d43e179a41b66383edc8816d3b2a951171985316de14eec6d254d5a7348df368fba4733d8cdfadab,,08/08/2025 02:50:00 PM,30,NO CONTROLS,NO CONTROLS,CLEAR,DAYLIGHT,REAR TO FRONT,DIVIDED - W/MEDIAN (NOT RAISED),,STRAIGHT AND LEVEL,DRY,NO DEFECTS,,NO INJURY / DRIVE AWAY,,,,"OVER $1,500",08/08/2025 03:45:00 PM,UNABLE TO DETERMINE,NOT APPLICABLE,39,E,89TH ST,634,,,,,,,2,NO INDICATION OF INJURY,0,0,0,0,0,3,0,14,6,8,41.7326001497,-87.6225788238,POINT (-87.622578823805 41.732600149693)
dd8ec0a5f5c94dc1c2e214b122f9020f846515501f8e432c85029bb810e60067c8b00b8b98f0df579048fac675e525a3938639e54eb95b512fcea4f586915147,,08/08/2025 02:46:00 PM,30,NO CONTROLS,NO CONTROLS,CLEAR,DAYLIGHT,REAR END,NOT DIVIDED,,STRAIGHT AND LEVEL,DRY,NO DEFECTS,NOT ON SCENE (DESK REPORT),NO INJURY / DRIVE AWAY,,,,"$501 - $1,500",08/08/2025 03:35:00 PM,UNABLE TO DETERMINE,UNABLE TO DETERMINE,1930,W,ADDISON ST,1922,,,,,,,2,NO INDICATION OF INJURY,0,0,0,0,0,2,0,14,6,8,41.9469891461,-87.6773809513,POINT (-87.677380951309 41.946989146134)
b67850b66930e3651ed19ff54fc0cb2f00f80c67b80798c7ba36d272b1da562c93a684021c958a8910c2afbb68b341c1a1d1efc1bf46c188d33b32ec64a5505d,,08/08/2025 02:45:00 PM,30,TRAFFIC SIGNAL,FUNCTIONING PROPERLY,CLEAR,DAYLIGHT,REAR END,NOT DIVIDED,,STRAIGHT AND LEVEL,DRY,NO DEFECTS,NOT ON SCENE (DESK REPORT),NO INJURY / DRIVE AWAY,,,,"$501 - $1,500",08/08/2025 03:20:00 PM,FOLLOWING TOO CLOSELY,NOT APPLICABLE,5142,W,CHICAGO AVE,1531,,,,,,,2,NO INDICATION OF INJURY,0,0,0,0,0,3,0,14,6,8,41.895056247,-87.7549118974,POINT (-87.754911897386 41.89505624703)
e88040bd0e03f478e7699002b8236e7b235036fcfb200a54df09f5fbf6af67d17f9ad360b7bcfda3f1d12f7644c8d3140d2fde857a6a693a18a6d8cd202a8246,,08/08/2025 02:45:00 PM,25,NO CONTROLS,NO CONTROLS,CLEAR,DAYLIGHT,PARKED MOTOR VEHICLE,NOT DIVIDED,,STRAIGHT AND LEVEL,DRY,NO DEFECTS,NOT ON SCENE (DESK REPORT),NO INJURY / DRIVE AWAY,,,,"OVER $1,500",08/14/2025 02:00:00 PM,UNABLE TO DETERMINE,UNABLE TO DETERMINE,1510,W,94TH ST,2221,,,,,,,2,NO INDICATION OF INJURY,0,0,0,0,0,1,0,14,6,8,41.7231706283,-87.6607736967,POINT (-87.660773696665 41.723170628325)
e14bc72b983bd91d692fb9c75d963539f7dd0794b203564b7d2e65e7c046eecf8f8905e3f6d77d9e59b846cc98b64ece79b0ea00d1e399010b7be44f091aec6a,,08/08/2025 02:40:00 PM,30,NO CONTROLS,NO CONTROLS,CLEAR,DAYLIGHT,PEDALCYCLIST,NOT DIVIDED,,STRAIGHT AND LEVEL,DRY,NO DEFECTS,NOT ON SCENE (DESK REPORT),NO INJURY / DRIVE AWAY,,,Y,"$501 - $1,500",08/09/2025 12:40:00 PM,UNABLE TO DETERMINE,NOT APPLICABLE,2533,W,CHICAGO AVE,1221,,,,,,,2,NO INDICATION OF INJURY,0,0,0,0,0,2,0,14,6,8,41.8955940725,-87.690680698,POINT (-87.690680698025 41.895594072505)
068b3e6e338754b90110fc6e7fb83913f5959cbdc03ad43a31db1a2fb75be6c665a5623c215dc32c946b7b4c77c6e7f75df49db30d1d777808d646195514026f,,08/08/2025 02:35:00 PM,30,NO CONTROLS,NO CONTROLS,CLEAR,DAYLIGHT,TURNING,DIVIDED - W/MEDIAN (NOT RAISED),,STRAIGHT AND LEVEL,DRY,UNKNOWN,NOT ON SCENE (DESK REPORT),NO INJURY / DRIVE AWAY,,,,"OVER $1,500",08/09/2025 08:45:00 AM,IMPROPER TURNING/NO SIGNAL,FAILING TO REDUCE SPEED TO AVOID CRASH,1000,N,MILWAUKEE AVE,1213,,,,,,,2,NO INDICATION OF INJURY,0,0,0,0,0,2,0,14,6,8,41.8997594972,-87.6610780614,POINT (-87.661078061362 41.899759497226)
221b0932437ab0f7d8ae9b7418a73f0f2c0f05af2aabda4d110cad38b53ea06b2c1c902b73195e3aae3cf760e5d5369267c3dbb5bdb8ddc4dbbf7d7e11600b9b,,08/08/2025 02:32:00 PM,2,NO CONTROLS,NO CONTROLS,CLEAR,DAYLIGHT,FIXED OBJECT,OTHER,,STRAIGHT AND LEVEL,WET,UNKNOWN,,NO INJURY / DRIVE AWAY,,,,"OVER $1,500",08/08/2025 02:32:00 PM,DISTRACTION - FROM OUTSIDE VEHICLE,DISTRACTION - FROM OUTSIDE VEHICLE,7936,S,VINCENNES AVE,621,Y,Y,,,,,1,NO INDICATION OF INJURY,0,0,0,0,0,1,0,14,6,8,41.7498119365,-87.6346176644,POINT (-87.634617664395 41.749811936494)
075cd4cbcc9cad13872fbac650a751135ba2c7a8cc704923d0ce708ac9f5b99ea0c7413b9ce253559934663f2d10fa630a4292ecda4dc1ac87c87f32fc267f3c,,08/08/2025 02:30:00 PM,30,NO CONTROLS,NO CONTROLS,CLEAR,DAYLIGHT,TURNING,NOT DIVIDED,,STRAIGHT AND LEVEL,DRY,NO DEFECTS,ON SCENE,INJURY AND / OR TOW DUE TO CRASH,,,,"OVER $1,500",08/08/2025 02:39:00 PM,IMPROPER OVERTAKING/PASSING,FAILING TO YIELD RIGHT-OF-WAY,3115,W,ARMITAGE AVE,1421,,,,,,,2,NONINCAPACITATING INJURY,1,0,0,1,0,1,0,14,6,8,41.9172979481,-87.7059560185,POINT (-87.705956018525 41.917297948076)
1093e118f92c065bc7dbcc559b8fd9d13d990aea471952f8a9cf02250dabea9ed06038d6d548f81243bed76016fe904399fdabae990c3c31f02b5a22cf6c00cd,,08/08/2025 02:30:00 PM,35,TRAFFIC SIGNAL,FUNCTIONING PROPERLY,CLEAR,DAYLIGHT,REAR END,NOT DIVIDED,,STRAIGHT AND LEVEL,DRY,NO DEFECTS,NOT ON SCENE (DESK REPORT),INJURY AND / OR TOW DUE TO CRASH,,,,"OVER $1,500",08/08/2025 04:51:00 PM,UNABLE TO DETERMINE,NOT APPLICABLE,204,E,83RD ST,631,,,,,,,2,"REPORTED, NOT EVIDENT",2,0,0,0,2,4,0,14,6,8,41.7438457763,-87.6193104808,POINT (-87.619310480787 41.743845776255)
7f66f24a85853d70f9317b252a4cb1d2f71dca69c7e00bfa2bc6d1c91edcd63f6c1df2a37e8ee84c360371bdfe86d4c7f18a755e82105798ac7e13882460fab4,,08/08/2025 02:30:00 PM,30,NO CONTROLS,NO CONTROLS,CLEAR,DAYLIGHT,REAR END,NOT DIVIDED,,STRAIGHT AND LEVEL,DRY,NO DEFECTS,NOT ON SCENE (DESK REPORT),NO INJURY / DRIVE AWAY,,,,"OVER $1,500",08/16/2025 12:50:00 PM,UNABLE TO DETERMINE,NOT APPLICABLE,900,W,54TH ST,934,,,,,,,2,NO INDICATION OF INJURY,0,0,0,0,0,2,0,14,6,8,41.7961178333,-87.6477832347,POINT (-87.64778323472 41.796117833256)
bdfab2285c0bbe022d3247d7fa50744d292440e17307c1bc7605db90a6342a5959fd76de0e19cc500fa4ec28cf4359978f039d83ce7907efd6be7ea8eaefe5fc,,08/08/2025 02:30:00 PM,30,TRAFFIC SIGNAL,FUNCTIONING PROPERLY,CLEAR,DAYLIGHT,ANGLE,TRAFFIC ROUTE,,STRAIGHT AND LEVEL,DRY,NO DEFECTS,,INJURY AND / OR TOW DUE TO CRASH,Y,,N,"OVER $1,500",08/08/2025 02:33:00 PM,FAILING TO REDUCE SPEED TO AVOID CRASH,NOT APPLICABLE,98,E,43RD ST,213,,Y,,,,,2,"REPORTED, NOT EVIDENT",2,0,0,0,2,0,0,14,6,8,41.8166475053,-87.6231154922,POINT (-87.623115492156 41.816647505332)
d83cf9fff3dcbd4686986e1033e5d0e7e7a45f90e983dc78557274c23f363f7da07b7620b2384b8142d4e452837c9d0e87e44b4bb67ca692edea94973f188f2d,,08/08/2025 02:25:00 PM,25,NO CONTROLS,NO CONTROLS,CLEAR,DAYLIGHT,FIXED OBJECT,PARKING LOT,,STRAIGHT AND LEVEL,DRY,NO DEFECTS,NOT ON SCENE (DESK REPORT),NO INJURY / DRIVE AWAY,,Y,,"$501 - $1,500",08/08/2025 02:45:00 PM,UNABLE TO DETERMINE,UNABLE TO DETERMINE,5555,W,GRAND AVE,2515,,,,,,,1,NO INDICATION OF INJURY,0,0,0,0,0,1,0,14,6,8,41.9186088912,-87.765574479,POINT (-87.765574478976 41.918608891151)