CRASH_RECORD_ID,CRASH_DATE_EST_I,CRASH_DATE,POSTED_SPEED_LIMIT,TRAFFIC_CONTROL_DEVICE,DEVICE_CONDITION,WEATHER_CONDITION,LIGHTING_CONDITION,FIRST_CRASH_TYPE,TRAFFICWAY_TYPE,LANE_CNT,ALIGNMENT,ROADWAY_SURFACE_COND,ROAD_DEFECT,REPORT_TYPE,CRASH_TYPE,INTERSECTION_RELATED_I,NOT_RIGHT_OF_WAY_I,HIT_AND_RUN_I,DAMAGE,DATE_POLICE_NOTIFIED,PRIM_CONTRIBUTORY_CAUSE,SEC_CONTRIBUTORY_CAUSE,STREET_NO,STREET_DIRECTION,STREET_NAME,BEAT_OF_OCCURRENCE,PHOTOS_TAKEN_I,STATEMENTS_TAKEN_I,DOORING_I,WORK_ZONE_I,WORK_ZONE_TYPE,WORKERS_PRESENT_I,NUM_UNITS,MOST_SEVERE_INJURY,INJURIES_TOTAL,INJURIES_FATAL,INJURIES_INCAPACITATING,INJURIES_NON_INCAPACITATING,INJURIES_REPORTED_NOT_EVIDENT,INJURIES_NO_INDICATION,INJURIES_UNKNOWN,CRASH_HOUR,CRASH_DAY_OF_WEEK,CRASH_MONTH,LATITUDE,LONGITUDE,LOCATION
4af3655be06db3e86d7118cd7a790f1a46452e64dfab9a0a3bf944adaec297d536d94d37da97070a0d494bebbd3df51376b3b7f8649c5cd7cb5653054443618d,,08/08/2025 02:18:00 PM,25,TRAFFIC SIGNAL,FUNCTIONING PROPERLY,CLEAR,DAYLIGHT,TURNING,NOT DIVIDED,,STRAIGHT AND LEVEL,DRY,NO DEFECTS,NOT ON SCENE (DESK REPORT),NO INJURY / DRIVE AWAY,Y,,,"OVER $1,500",08/08/2025 03:10:00 PM,UNABLE TO DETERMINE,UNABLE TO DETERMINE,2600,S,PULASKI RD,1031,,,,,,,2,NO INDICATION OF INJURY,0,0,0,0,0,2,0,14,6,8,41.8441575859,-87.7246938088,POINT (-87.72469380877 41.844157585905)
c50960641610d4bdb0a4fcaeaaf8b214ab8a1783200e4bcb17fafe3107d1a28744a1529ebdff25afc55840ca2a72ae91b19b5f42435c64f6263edc3f907a85a9,,08/08/2025 02:17:00 PM,30,TRAFFIC SIGNAL,FUNCTIONING PROPERLY,CLEAR,DAYLIGHT,TURNING,"FIVE POINT, OR MORE",,STRAIGHT AND LEVEL,DRY,NO DEFECTS,ON SCENE,INJURY AND / OR TOW DUE TO CRASH,Y,,,"OVER $1,500",08/08/2025 03:21:00 PM,IMPROPER TURNING/NO SIGNAL,IMPROPER TURNING/NO SIGNAL,1600,E,75TH ST,324,,Y,,,,,2,NONINCAPACITATING INJURY,3,0,0,3,0,1,0,14,6,8,41.7588777413,-87.5856824409,POINT (-87.585682440932 41.758877741252)
2130b7c6fbe42e52b4cd8916de8efd29c7a6d21cf4f4857842526926fc9ac4255b16f5732fa8f60eeb36aaf701eac1bc59cfaf6373f0a62adaddd5fcd33a903f,,08/08/2025 02:15:00 PM,30,NO CONTROLS,NO CONTROLS,CLEAR,DAYLIGHT,TURNING,DIVIDED - W/MEDIAN (NOT RAISED),,STRAIGHT AND LEVEL,DRY,NO DEFECTS,NOT ON SCENE (DESK REPORT),NO INJURY / DRIVE AWAY,Y,,,"$501 - $1,500",08/08/2025 03:00:00 PM,FAILING TO YIELD RIGHT-OF-WAY,FAILING TO YIELD RIGHT-OF-WAY,4600,S,CICERO AVE,814,,,,,,,2,NO INDICATION OF INJURY,0,0,0,0,0,2,0,14,6,8,41.8093523672,-87.7433410195,POINT (-87.74334101951 41.809352367172)
93ee049d895e93cd7794511d0b0fb408df9348627930587e5575b38bc2d9bb26415d1830767ea3fc17870d04e890f92164756fd0f2bf6243f863bd3516421c84,,08/08/2025 02:15:00 PM,30,NO CONTROLS,NO CONTROLS,CLEAR,DAYLIGHT,REAR END,NOT DIVIDED,,STRAIGHT AND LEVEL,DRY,NO DEFECTS,NOT ON SCENE (DESK REPORT),NO INJURY / DRIVE AWAY,,,,$500 OR LESS,08/09/2025 02:40:00 PM,UNABLE TO DETERMINE,NOT APPLICABLE,176,N,GREEN ST,1224,,,,,,,2,NO INDICATION OF INJURY,0,0,0,0,0,2,0,14,6,8,41.8853423662,-87.6487786566,POINT (-87.648778656579 41.885342366209)
92d542cf03b710b931611372449798f1276f98059c045be811a8f684649abdd474c2293a65f3170f379f0b0319217ca0d0ff33431bfe040b394e986b3515e3d5,,08/08/2025 02:13:00 PM,30,TRAFFIC SIGNAL,FUNCTIONING PROPERLY,CLEAR,DAYLIGHT,SIDESWIPE SAME DIRECTION,ONE-WAY,,STRAIGHT AND LEVEL,DRY,NO DEFECTS,NOT ON SCENE (DESK REPORT),NO INJURY / DRIVE AWAY,Y,,,"$501 - $1,500",08/09/2025 10:25:00 AM,FOLLOWING TOO CLOSELY,NOT APPLICABLE,301,N,WABASH AVE,111,,,,,,,2,NO INDICATION OF INJURY,0,0,0,0,0,5,0,14,6,8,41.8868450528,-87.6262013086,POINT (-87.626201308645 41.886845052834)
da4946d3d27ef547a64a6c8dcc6f3adad742831a6412cf2eec76463ec719584557e9aafa59669de9b5df5a13932022501d9945f394eb8a8c0a996226481123ed,,08/08/2025 02:10:00 PM,30,NO CONTROLS,NO CONTROLS,CLEAR,DAYLIGHT,SIDESWIPE SAME DIRECTION,ONE-WAY,,STRAIGHT AND LEVEL,DRY,NO DEFECTS,NOT ON SCENE (DESK REPORT),NO INJURY / DRIVE AWAY,,,,"OVER $1,500",08/08/2025 02:45:00 PM,UNABLE TO DETERMINE,UNABLE TO DETERMINE,806,W,JACKSON BLVD,1232,,,,,,,2,NO INDICATION OF INJURY,0,0,0,0,0,4,0,14,6,8,41.8780521029,-87.6475664203,POINT (-87.647566420315 41.87805210288)
60f66d86e26aa819773694bf3070188948a608e2432debbf1deeb04d0b5afa1b053625b6000ef7564e305fccfa2fb003968e814f433250a402f29e80c8ac763c,,08/08/2025 02:04:00 PM,30,STOP SIGN/FLASHER,FUNCTIONING PROPERLY,CLEAR,DAYLIGHT,SIDESWIPE OPPOSITE DIRECTION,DIVIDED - W/MEDIAN (NOT RAISED),,STRAIGHT AND LEVEL,DRY,UNKNOWN,NOT ON SCENE (DESK REPORT),NO INJURY / DRIVE AWAY,,,,"OVER $1,500",08/08/2025 03:15:00 PM,UNABLE TO DETERMINE,UNABLE TO DETERMINE,4774,N,MARINE DR,1914,,,,,,,2,NO INDICATION OF INJURY,0,0,0,0,0,3,0,14,6,8,41.9691061953,-87.6497666063,POINT (-87.649766606274 41.969106195271)
243a769446be160491522ddaf8ef96641d2af5cb1e6b248726e608470b22f228de9c715f8099282f427165305f2ebf797da9b70e2ee79eecc06055d4e6070fc1,Y,08/08/2025 02:00:00 PM,25,NO CONTROLS,NO CONTROLS,CLEAR,DAYLIGHT,PARKED MOTOR VEHICLE,NOT DIVIDED,,STRAIGHT AND LEVEL,DRY,NO DEFECTS,NOT ON SCENE (DESK REPORT),NO INJURY / DRIVE AWAY,,,,"OVER $1,500",08/08/2025 06:35:00 PM,UNABLE TO DETERMINE,UNABLE TO DETERMINE,2345,W,GLENLAKE AVE,2413,,,,,,,2,NO INDICATION OF INJURY,0,0,0,0,0,1,0,14,6,8,41.9921727637,-87.6890542905,POINT (-87.689054290477 41.99217276366)
4cba442e68d6db0e239210fa3d9f0d4eae17d57501882f98c4a95cd00ab01ff9002fb2504d66c59c2c0e1b29ab328283e98f78e7eaa69791eb5c3f953ad5bb81,Y,08/08/2025 02:00:00 PM,30,TRAFFIC SIGNAL,FUNCTIONING PROPERLY,CLEAR,DAYLIGHT,TURNING,FOUR WAY,,STRAIGHT AND LEVEL,DRY,NO DEFECTS,ON SCENE,INJURY AND / OR TOW DUE TO CRASH,Y,,,"OVER $1,500",08/08/2025 02:05:00 PM,DISREGARDING ROAD MARKINGS,IMPROPER TURNING/NO SIGNAL,2503,S,ARCHER AVE,913,,Y,,,,,2,NONINCAPACITATING INJURY,3,0,0,3,0,0,0,14,6,8,41.8470808327,-87.6464577026,POINT (-87.646457702574 41.847080832688)
d86992fecce4dc2e917376e82c6e0193766b420d692d8526db1158ccdaa2732a2052ec770992e308741456a215f0c8f5f9d991efea2db50fa958f167548f59dd,,08/08/2025 02:00:00 PM,30,NO CONTROLS,NO CONTROLS,CLEAR,DAYLIGHT,REAR END,DIVIDED - W/MEDIAN (NOT RAISED),,STRAIGHT AND LEVEL,DRY,NO DEFECTS,NOT ON SCENE (DESK REPORT),NO INJURY / DRIVE AWAY,,,,"OVER $1,500",08/08/2025 03:30:00 PM,FOLLOWING TOO CLOSELY,FOLLOWING TOO CLOSELY,6242,S,WESTERN AVE,825,,,,,,,2,NO INDICATION OF INJURY,0,0,0,0,0,2,0,14,6,8,41.7797624404,-87.6838013937,POINT (-87.683801393655 41.779762440427)
89e71ff5e4be14263087bdf4862271f7a42eb62b184c676fe2c3b2a29ae35627575c2e5518a2420b0b2bce5aa52f0f16e07aa9836853141846299e720ffefdd0,,08/08/2025 01:55:00 PM,35,TRAFFIC SIGNAL,FUNCTIONING PROPERLY,CLEAR,DAYLIGHT,REAR END,DIVIDED - W/MEDIAN BARRIER,,STRAIGHT AND LEVEL,DRY,NO DEFECTS,ON SCENE,NO INJURY / DRIVE AWAY,,,,"OVER $1,500",08/08/2025 01:58:00 PM,UNABLE TO DETERMINE,NOT APPLICABLE,1537,E,103RD ST,512,,,,,,,3,NO INDICATION OF INJURY,0,0,0,0,0,3,0,13,6,8,41.707657411,-87.586267811,POINT (-87.586267810969 41.707657410987)
c3fa6aa8a38c48d7b9a2f2548030a3ff80bd0116459dcca7764f0b44a626dc453be943bc0a152f8faf19d6ade89cbe8236a2c78a8113bb757d5dd648e3347a64,,08/08/2025 01:55:00 PM,30,NO CONTROLS,NO CONTROLS,CLEAR,DAYLIGHT,REAR END,ONE-WAY,,STRAIGHT AND LEVEL,UNKNOWN,UNKNOWN,NOT ON SCENE (DESK REPORT),NO INJURY / DRIVE AWAY,,,Y,"OVER $1,500",08/08/2025 02:30:00 PM,UNABLE TO DETERMINE,UNABLE TO DETERMINE,698,W,98TH PL,2223,,,,,,,2,NO INDICATION OF INJURY,0,0,0,0,0,2,0,13,6,8,41.7152922335,-87.640562498,POINT (-87.640562497992 41.715292233498)
2335929328a506e2a9b6debaa1ab08eac0bd882083a62fd4b3ee7c29b1ac343638f0d806f8ff63ea1cb1c6010ca5f5f00b9fa200f0077b2db3fe44f1b9088157,,08/08/2025 01:50:00 PM,30,NO CONTROLS,NO CONTROLS,CLEAR,DAYLIGHT,REAR END,DIVIDED - W/MEDIAN (NOT RAISED),,STRAIGHT AND LEVEL,DRY,NO DEFECTS,NOT ON SCENE (DESK REPORT),NO INJURY / DRIVE AWAY,,,,"OVER $1,500",08/08/2025 02:00:00 PM,UNABLE TO DETERMINE,NOT APPLICABLE,3649,N,PULASKI RD,1732,,,,,,,3,NO INDICATION OF INJURY,0,0,0,0,0,3,0,13,6,8,41.9478524099,-87.7272956442,POINT (-87.727295644166 41.94785240986)
43026a2c09910ec72f5d64af61c62d253603ad99e1b30ac3212339d7a9d8b41177ca5214b9b0584056ae2d86dde096a8e958a37e15b83e4138602363e4e1dca0,,08/08/2025 01:50:00 PM,30,TRAFFIC SIGNAL,NO CONTROLS,CLEAR,DAYLIGHT,REAR END,FOUR WAY,,STRAIGHT AND LEVEL,DRY,NO DEFECTS,NOT ON SCENE (DESK REPORT),INJURY AND / OR TOW DUE TO CRASH,Y,,Y,"$501 - $1,500",08/08/2025 03:00:00 PM,IMPROPER OVERTAKING/PASSING,NOT APPLICABLE,800,N,HAMLIN AVE,1112,Y,,,,,,2,NONINCAPACITATING INJURY,1,0,0,1,0,2,0,13,6,8,41.8955006376,-87.721342688,POINT (-87.721342687975 41.895500637566)
532da9d5976ddaf9eee1a3f01a28b4c3e28c4711bce3607b562c07240c9d5d61a127b8750f926d27bf2de538f0a74c81b90e4d8384d1a4be3ac79152acec3cc5,,08/08/2025 01:50:00 PM,30,NO CONTROLS,NO CONTROLS,CLEAR,DAYLIGHT,TURNING,ALLEY,,STRAIGHT AND LEVEL,DRY,NO DEFECTS,NOT ON SCENE (DESK REPORT),INJURY AND / OR TOW DUE TO CRASH,,,,"OVER $1,500",08/08/2025 06:50:00 PM,UNABLE TO DETERMINE,NOT APPLICABLE,3649,N,PULASKI RD,1732,,,,,,,2,"REPORTED, NOT EVIDENT",1,0,0,0,1,1,0,13,6,8,41.9478524099,-87.7272956442,POINT (-87.727295644166 41.94785240986)
5484fcb78b425aebe1b352e0079ac727e091221a26715602652768403987b969ac683575e35b0915e1d8e68b79cf1f9133e1d3cc9fa11183aba98fee226d28bb,,08/08/2025 01:41:00 PM,30,TRAFFIC SIGNAL,FUNCTIONING PROPERLY,CLEAR,DAYLIGHT,REAR END,T-INTERSECTION,,STRAIGHT AND LEVEL,DRY,NO DEFECTS,ON SCENE,NO INJURY / DRIVE AWAY,Y,,,"OVER $1,500",08/08/2025 01:41:00 PM,DRIVING SKILLS/KNOWLEDGE/EXPERIENCE,NOT APPLICABLE,5100,W,NORTH AVE,2533,,,,,,,3,NO INDICATION OF INJURY,0,0,0,0,0,6,0,13,6,8,41.9096498363,-87.7526921607,POINT (-87.752692160653 41.909649836345)
74c06b895d0cf8dc78546527f832a1cb3a56f612f29f0e38407ca6814d389d6dd9809109b64178b696d1d786d6e515be1516ac7b05759bc71369387bcdf5deba,,08/08/2025 01:40:00 PM,15,NO CONTROLS,NO CONTROLS,CLEAR,DAYLIGHT,FIXED OBJECT,DIVIDED - W/MEDIAN (NOT RAISED),,STRAIGHT AND LEVEL,DRY,NO DEFECTS,ON SCENE,NO INJURY / DRIVE AWAY,,Y,,"OVER $1,500",08/08/2025 02:45:00 PM,UNABLE TO DETERMINE,UNABLE TO DETERMINE,2407,W,23RD ST,1034,,,,,,,1,NO INDICATION OF INJURY,0,0,0,0,0,2,0,13,6,8,41.8501003098,-87.6859142948,POINT (-87.685914294757 41.850100309813)
2ab398a38c1b5537cdd92fa59aebc30c9807fe2481d97a9a2b0afddd351c3d18f7e3848d91cee8cfff8c52f88798435898fb74ece27aeddeaed4bfa9a32b50ad,,08/08/2025 01:36:00 PM,25,NO CONTROLS,NO CONTROLS,CLEAR,DAYLIGHT,SIDESWIPE SAME DIRECTION,NOT DIVIDED,,STRAIGHT AND LEVEL,DRY,NO DEFECTS,NOT ON SCENE (DESK REPORT),NO INJURY / DRIVE AWAY,,,,"OVER $1,500",08/08/2025 02:00:00 PM,UNABLE TO DETERMINE,UNABLE TO DETERMINE,3000,S,KEDZIE AVE,1032,,,,,,,2,NO INDICATION OF INJURY,0,0,0,0,0,2,0,13,6,8,41.8389628497,-87.7050179071,POINT (-87.70501790708 41.838962849662)
32732561db4933b74dec45f8f79ad37ea90971abcbd204038e84789b39baab0d043dbf547d381ae840ab87f50511e63a5a6aae2a0f9795843f5488b69f07e2c2,,08/08/2025 01:30:00 PM,30,NO CONTROLS,NO CONTROLS,CLEAR,DAYLIGHT,REAR END,DIVIDED - W/MEDIAN (NOT RAISED),,STRAIGHT AND LEVEL,DRY,NO DEFECTS,ON SCENE,NO INJURY / DRIVE AWAY,,,,"OVER $1,500",08/08/2025 01:34:00 PM,DISTRACTION - FROM OUTSIDE VEHICLE,FAILING TO REDUCE SPEED TO AVOID CRASH,711,N,HALSTED ST,1214,,,,,,,2,NO INDICATION OF INJURY,0,0,0,0,0,2,0,13,6,8,41.8954809507,-87.6475666224,POINT (-87.647566622365 41.895480950669)
4747649ed2159ec7aeb023d6a2350d8ef9036f1e56c552dcffb0bce8fc60974d014c8a8da715128e44514578d81cae54fc88c1a3676c423d09a154bf4e67b69d,,08/08/2025 01:30:00 PM,30,NO CONTROLS,NO CONTROLS,CLEAR,DAYLIGHT,TURNING,NOT DIVIDED,,STRAIGHT AND LEVEL,UNKNOWN,UNKNOWN,ON SCENE,INJURY AND / OR TOW DUE TO CRASH,,,,"OVER $1,500",08/08/2025 01:32:00 PM,IMPROPER TURNING/NO SIGNAL,NOT APPLICABLE,4816,W,FULLERTON AVE,2521,,,,,,,2,"REPORTED, NOT EVIDENT",1,0,0,0,1,2,0,13,6,8,41.9243385304,-87.7470367451,POINT (-87.747036745092 41.924338530377)
2c91ae2c61436a80f776702ca2a061e4ca3998788dbda6d3b978ab54773ea7d4892b712dac4b7bee462654f36d508d5dfb7bd647005093c61ad63da30c713b01,,08/08/2025 01:26:00 PM,20,STOP SIGN/FLASHER,FUNCTIONING PROPERLY,CLEAR,DAYLIGHT,REAR END,ONE-WAY,,STRAIGHT ON GRADE,DRY,NO DEFECTS,,NO INJURY / DRIVE AWAY,,,,"$501 - $1,500",08/08/2025 01:55:00 PM,FOLLOWING TOO CLOSELY,DRIVING SKILLS/KNOWLEDGE/EXPERIENCE,1478,W,CATALPA AVE,2013,,,,,,,2,NO INDICATION OF INJURY,0,0,0,0,0,2,0,13,6,8,41.9817882509,-87.6678957168,POINT (-87.667895716765 41.981788250885)
5dd90894a33c56e2be604c94dc65ab772ebd1a05c5dee25403fd05e64ceac28902c5bf46962fb7f8587fc3cd49b20d27b0b5ca045ce05c9112fa8b5278e2f03a,,08/08/2025 01:20:00 PM,30,NO CONTROLS,NO CONTROLS,CLEAR,DAYLIGHT,TURNING,NOT DIVIDED,,STRAIGHT AND LEVEL,DRY,NO DEFECTS,ON SCENE,INJURY AND / OR TOW DUE TO CRASH,,,,"OVER $1,500",08/08/2025 01:54:00 PM,DRIVING SKILLS/KNOWLEDGE/EXPERIENCE,UNABLE TO DETERMINE,1662,N,LEAVITT ST,1434,,,,,,,2,NO INDICATION OF INJURY,0,0,0,0,0,2,0,13,6,8,41.9121685887,-87.6825325734,POINT (-87.682532573396 41.912168588657)
8a0e388fecc16a17d304ddf52131157bf14cb51265320174b6d96c883d7b103b34b829cf0663e5b6306b6935a5a439d1986cf5ef37378731b78ffe8ebb2cd9ba,,08/08/2025 01:20:00 PM,30,NO CONTROLS,NO CONTROLS,CLEAR,DAYLIGHT,SIDESWIPE SAME DIRECTION,DIVIDED - W/MEDIAN (NOT RAISED),,STRAIGHT AND LEVEL,UNKNOWN,UNKNOWN,NOT ON SCENE (DESK REPORT),NO INJURY / DRIVE AWAY,,,Y,"OVER $1,500",08/08/2025 02:50:00 PM,UNABLE TO DETERMINE,NOT APPLICABLE,4900,W,DIVERSEY AVE,2521,,,,,,,2,NO INDICATION OF INJURY,0,0,0,0,0,2,0,13,6,8,41.9316080513,-87.7491810898,POINT (-87.749181089756 41.931608051264)
e2b767748de41a27114cabba73daa191638395621bf2311a455ba9baf7441892ffc3813cd533e47c36772a740a9f1a88b8b6aaad995090267e243d2ae55fd7f6,,08/08/2025 01:12:00 PM,3,TRAFFIC SIGNAL,FUNCTIONING PROPERLY,CLEAR,DAYLIGHT,SIDESWIPE SAME DIRECTION,T-INTERSECTION,,STRAIGHT AND LEVEL,DRY,UNKNOWN,NOT ON SCENE (DESK REPORT),NO INJURY / DRIVE AWAY,Y,,Y,"OVER $1,500",08/08/2025 01:50:00 PM,IMPROPER OVERTAKING/PASSING,FAILING TO YIELD RIGHT-OF-WAY,700,S,ASHLAND AVE,1231,,,,,,,2,NO INDICATION OF INJURY,0,0,0,0,0,2,0,13,6,8,41.8728345407,-87.6667160697,POINT (-87.666716069722 41.872834540669)
06e9baded1e94a179dfe15cc1e37b6576daadd49515132d4a754b57ad5a02bb77098e0adc3ba9edd78daccbb28f1ca5d1adebed4805434ae2ea7a3b5f1e6d6b0,,08/08/2025 01:10:00 PM,30,TRAFFIC SIGNAL,FUNCTIONING PROPERLY,CLEAR,DAYLIGHT,TURNING,FOUR WAY,,STRAIGHT AND LEVEL,DRY,UNKNOWN,NOT ON SCENE (DESK REPORT),INJURY AND / OR TOW DUE TO CRASH,Y,,,"OVER $1,500",08/08/2025 02:35:00 PM,"VISION OBSCURED (SIGNS, TREE LIMBS, BUILDINGS, ETC.)",NOT APPLICABLE,7500,S,SOUTH CHICAGO AVE,624,,,,,,,2,NONINCAPACITATING INJURY,1,0,0,1,0,6,0,13,6,8,41.7586090061,-87.5957213605,POINT (-87.595721360538 41.758609006103)
1e416327be8c1f02a28696711184052d217d14f1e39d47d055134d8c779c0de15cd26c86f5873b77d3df5cb636d110071ae31aa0ae0c9d002d19be5278d66f67,,08/08/2025 01:10:00 PM,30,NO CONTROLS,NO CONTROLS,CLEAR,DAYLIGHT,PEDALCYCLIST,NOT DIVIDED,,STRAIGHT AND LEVEL,DRY,NO DEFECTS,ON SCENE,INJURY AND / OR TOW DUE TO CRASH,,,,"OVER $1,500",08/08/2025 01:11:00 PM,UNABLE TO DETERMINE,NOT APPLICABLE,516,E,42ND ST,214,,,,,,,2,NONINCAPACITATING INJURY,1,0,0,1,0,1,0,13,6,8,41.818607066,-87.613001159,POINT (-87.61300115905 41.818607066031)
6ac53b5a6c558a4a5784f0a5f2ae73454fcdc65fdb4f5207224154a402562f19dd2b171e68ff92db02471185645081bbe2423a2b2dd4752322e29d50e347b73b,,08/08/2025 01:10:00 PM,25,UNKNOWN,UNKNOWN,UNKNOWN,UNKNOWN,PARKED MOTOR VEHICLE,NOT DIVIDED,,STRAIGHT AND LEVEL,UNKNOWN,UNKNOWN,NOT ON SCENE (DESK REPORT),NO INJURY / DRIVE AWAY,,,Y,"OVER $1,500",08/08/2025 04:00:00 PM,NOT APPLICABLE,NOT APPLICABLE,1555,N,ASTOR ST,1824,,,,,,,2,NO INDICATION OF INJURY,0,0,0,0,0,1,0,13,6,8,41.9111578799,-87.6275133057,POINT (-87.627513305658 41.911157879859)
f555ee3cf50c997fa3c9ba693f867ea60680630b9562345004439fe315aa7651087d28101397a3163e5bfc7819dca85126ad4f8447af68bc13f147b9e57e0de4,,08/08/2025 01:07:00 PM,30,NO CONTROLS,NO CONTROLS,CLEAR,DAYLIGHT,SIDESWIPE SAME DIRECTION,DIVIDED - W/MEDIAN (NOT RAISED),,STRAIGHT AND LEVEL,DRY,UNKNOWN,NOT ON SCENE (DESK REPORT),NO INJURY / DRIVE AWAY,,,,"OVER $1,500",08/08/2025 05:00:00 PM,UNABLE TO DETERMINE,UNABLE TO DETERMINE,7515,N,WESTERN AVE,2411,,,,,,,2,NO INDICATION OF INJURY,0,0,0,0,0,3,0,13,6,8,42.0180170056,-87.6900429702,POINT (-87.690042970176 42.018017005573)
163f8d2b6a5fba2bc793df5c98d6e4379dfd3f36f91396e072aa5b29280a501e4efdb17f8ec5e9e897c382305f30bc3b4be4bffa8988e0e582904c2a3142b67d,,08/08/2025 01:05:00 PM,30,TRAFFIC SIGNAL,FUNCTIONING PROPERLY,CLEAR,DAYLIGHT,ANGLE,FOUR WAY,,STRAIGHT AND LEVEL,DRY,NO DEFECTS,NOT ON SCENE (DESK REPORT),NO INJURY / DRIVE AWAY,Y,,,"OVER $1,500",08/08/2025 09:00:00 PM,FAILING TO YIELD RIGHT-OF-WAY,NOT APPLICABLE,150,N,CARPENTER ST,1224,,,,,,,2,NO INDICATION OF INJURY,0,0,0,0,0,2,0,13,6,8,41.8845872147,-87.6534260928,POINT (-87.653426092846 41.884587214671)
8b91863ddb85e27ce305d51cfbf49905420d1e3642136ef6d901ab60c232bc61b29cc8b5e59d4b88b49139144d529280e21c4d5a33363e5cabc09519f9b7be7e,,08/08/2025 01:05:00 PM,20,NO CONTROLS,NO CONTROLS,CLEAR,DAYLIGHT,PARKED MOTOR VEHICLE,ONE-WAY,,STRAIGHT AND LEVEL,DRY,NO DEFECTS,ON SCENE,NO INJURY / DRIVE AWAY,,,Y,"OVER $1,500",08/08/2025 01:35:00 PM,UNABLE TO DETERMINE,NOT APPLICABLE,5908,N,ARTESIAN AVE,2011,,,,,,,2,NO INDICATION OF INJURY,0,0,0,0,0,2,0,13,6,8,41.9889469888,-87.6909837321,POINT (-87.690983732131 41.9889469888)
9eb2197e8e2400e1a8e63250302a82ea388519daa8ace317482e85b656b9eb98d217bb39c57c8e96cb452a4a8835f7fceaa4a2074bd88bad1320e20fcb7a05f3,,08/08/2025 01:03:00 PM,30,NO CONTROLS,NO CONTROLS,CLEAR,DAYLIGHT,SIDESWIPE SAME DIRECTION,NOT DIVIDED,,STRAIGHT AND LEVEL,DRY,NO DEFECTS,ON SCENE,NO INJURY / DRIVE AWAY,,,,"OVER $1,500",08/08/2025 01:04:00 PM,UNDER THE INFLUENCE OF ALCOHOL/DRUGS (USE WHEN ARREST IS EFFECTED),UNABLE TO DETERMINE,6122,N,CALIFORNIA AVE,2413,,,,,,,2,NO INDICATION OF INJURY,0,0,0,0,0,7,0,13,6,8,41.9928860461,-87.6996271493,POINT (-87.699627149264 41.992886046146)
5c8cb6f7a93c24b55504950caf770595071e5baeffa7d3a3e7ff402c24a512e8ebbaa7063291b6744033beaf6e69d81f92b1b26c908ca892191e7b739c7ea1d1,,08/08/2025 01:00:00 PM,30,TRAFFIC SIGNAL,FUNCTIONING PROPERLY,CLEAR,DAYLIGHT,REAR END,NOT DIVIDED,,STRAIGHT AND LEVEL,DRY,SHOULDER DEFECT,NOT ON SCENE (DESK REPORT),NO INJURY / DRIVE AWAY,,,,"OVER $1,500",08/09/2025 11:00:00 AM,FAILING TO REDUCE SPEED TO AVOID CRASH,UNABLE TO DETERMINE,11500,S,COTTAGE GROVE AVE,532,,,,,,,2,NO INDICATION OF INJURY,0,0,0,0,0,3,0,13,6,8,41.6853992105,-87.6112474733,POINT (-87.611247473326 41.685399210486)
7229c3ff8ab974dcbe0b4a6a7e0cc24997c779cf3aef087ef9be3626d90b751518ecf2f9637ee4a0a39751c6d08fa61dc1c45528fe06271b30e3f3ae303faee0,,08/08/2025 01:00:00 PM,30,NO CONTROLS,NO CONTROLS,CLEAR,DAYLIGHT,SIDESWIPE SAME DIRECTION,NOT DIVIDED,,STRAIGHT AND LEVEL,DRY,NO DEFECTS,NOT ON SCENE (DESK REPORT),NO INJURY / DRIVE AWAY,,,,"$501 - $1,500",08/08/2025 01:20:00 PM,UNABLE TO DETERMINE,NOT APPLICABLE,4100,N,LAKE SHORE DR NB,1915,,,,,,,2,NO INDICATION OF INJURY,0,0,0,0,0,2,0,13,6,8,41.9557611999,-87.6452228348,POINT (-87.645222834844 41.955761199898)
aeac067f6c65fb88182625ceaa80d4dddfe180bc1356e608530d8936f1673c169137bdbde2d7552c43786791157533b52cbd4a429b23da335f7e006ef1c63d1b,,08/08/2025 01:00:00 PM,30,TRAFFIC SIGNAL,FUNCTIONING PROPERLY,CLEAR,DAYLIGHT,TURNING,NOT DIVIDED,,STRAIGHT AND LEVEL,DRY,NO DEFECTS,ON SCENE,NO INJURY / DRIVE AWAY,Y,,,"$501 - $1,500",08/08/2025 01:11:00 PM,IMPROPER TURNING/NO SIGNAL,UNABLE TO DETERMINE,12700,S,HALSTED ST,523,,,,,,,2,NO INDICATION OF INJURY,0,0,0,0,0,4,0,13,6,8,41.6631821012,-87.6415652652,POINT (-87.641565265157 41.663182101231)
2373181d1085a6a421c5163a0b34d4a008fcc9b634cb7c3edf011b50f7e255a5f428dd1574df1299346078223f6181f1237e2f09b9efe8495dc8e7e0942f0cf4,,08/08/2025 12:57:00 PM,35,NO CONTROLS,NO CONTROLS,CLEAR,DAYLIGHT,PARKED MOTOR VEHICLE,NOT DIVIDED,,STRAIGHT AND LEVEL,DRY,UNKNOWN,ON SCENE,INJURY AND / OR TOW DUE TO CRASH,,,,"$501 - $1,500",08/08/2025 12:58:00 PM,EQUIPMENT - VEHICLE CONDITION,EQUIPMENT - VEHICLE CONDITION,2816,E,95TH ST,423,,,,,,,2,NO INDICATION OF INJURY,0,0,0,0,0,1,0,12,6,8,41.7228180631,-87.5558752494,POINT (-87.555875249362 41.72281806314)