CRASH_RECORD_ID,CRASH_DATE_EST_I,CRASH_DATE,POSTED_SPEED_LIMIT,TRAFFIC_CONTROL_DEVICE,DEVICE_CONDITION,WEATHER_CONDITION,LIGHTING_CONDITION,FIRST_CRASH_TYPE,TRAFFICWAY_TYPE,LANE_CNT,ALIGNMENT,ROADWAY_SURFACE_COND,ROAD_DEFECT,REPORT_TYPE,CRASH_TYPE,INTERSECTION_RELATED_I,NOT_RIGHT_OF_WAY_I,HIT_AND_RUN_I,DAMAGE,DATE_POLICE_NOTIFIED,PRIM_CONTRIBUTORY_CAUSE,SEC_CONTRIBUTORY_CAUSE,STREET_NO,STREET_DIRECTION,STREET_NAME,BEAT_OF_OCCURRENCE,PHOTOS_TAKEN_I,STATEMENTS_TAKEN_I,DOORING_I,WORK_ZONE_I,WORK_ZONE_TYPE,WORKERS_PRESENT_I,NUM_UNITS,MOST_SEVERE_INJURY,INJURIES_TOTAL,INJURIES_FATAL,INJURIES_INCAPACITATING,INJURIES_NON_INCAPACITATING,INJURIES_REPORTED_NOT_EVIDENT,INJURIES_NO_INDICATION,INJURIES_UNKNOWN,CRASH_HOUR,CRASH_DAY_OF_WEEK,CRASH_MONTH,LATITUDE,LONGITUDE,LOCATION
5c60741dc7e21cbb6431314f79bbd64cbae4a94c6ccc817a285dba8b93c4949e3447704f7cf861569ff249824e477f0fc6331d0128a6ccd2b562def5a6948b01,,08/08/2025 12:51:00 PM,30,STOP SIGN/FLASHER,FUNCTIONING PROPERLY,CLEAR,DAYLIGHT,PEDALCYCLIST,ONE-WAY,,STRAIGHT AND LEVEL,DRY,NO DEFECTS,ON SCENE,NO INJURY / DRIVE AWAY,,,Y,"OVER $1,500",08/08/2025 12:54:00 PM,NOT APPLICABLE,NOT APPLICABLE,5200,S,FRANCISCO AVE,923,,,,,,,2,NO INDICATION OF INJURY,0,0,0,0,0,2,0,12,6,8,41.7990263502,-87.696535858,POINT (-87.696535858034 41.799026350194)
b144bb823b1317e86f929639516c9a4ac08e194e5260bca983d57d0c641323f990625e533a08a08f5b6fb8d62174d55ef867fecabf3d6a1528f1df8e5f94108a,,08/08/2025 12:50:00 PM,30,NO CONTROLS,NO CONTROLS,CLEAR,DAYLIGHT,PEDALCYCLIST,DIVIDED - W/MEDIAN (NOT RAISED),,STRAIGHT AND LEVEL,DRY,NO DEFECTS,ON SCENE,INJURY AND / OR TOW DUE TO CRASH,,,,"$501 - $1,500",08/08/2025 12:52:00 PM,FAILING TO YIELD RIGHT-OF-WAY,IMPROPER TURNING/NO SIGNAL,4801,N,CICERO AVE,1712,,,,,,,2,NONINCAPACITATING INJURY,1,0,0,1,0,1,0,12,6,8,41.9680071842,-87.7475633138,POINT (-87.747563313757 41.968007184196)
f09327cf8b13c4c8509d913725f862ff65f0ff2cbec7eb8aaac719610dcf7d2dddee12a9dca781bce567116ee6c19a6ffd80a9973f6eba7604b258cfcdd44299,,08/08/2025 12:48:00 PM,30,TRAFFIC SIGNAL,FUNCTIONING PROPERLY,CLEAR,DAYLIGHT,SIDESWIPE SAME DIRECTION,FOUR WAY,,STRAIGHT AND LEVEL,UNKNOWN,UNKNOWN,NOT ON SCENE (DESK REPORT),NO INJURY / DRIVE AWAY,Y,,,"OVER $1,500",08/08/2025 01:50:00 PM,UNABLE TO DETERMINE,UNABLE TO DETERMINE,34,N,HOMAN BLVD,1123,,,,,,,2,NO INDICATION OF INJURY,0,0,0,0,0,2,0,12,6,8,41.8819277715,-87.7111841661,POINT (-87.711184166102 41.881927771508)
ff266705eef641bf24be2c8f2b2e5db0df7d715527455e1bc3432016dcf4c09827f32b96f500338f8d2045dbe0d3a499de4b39f972b9281bc4bb8249dcc96689,,08/08/2025 12:43:00 PM,30,TRAFFIC SIGNAL,FUNCTIONING PROPERLY,CLEAR,DAYLIGHT,TURNING,T-INTERSECTION,,STRAIGHT AND LEVEL,DRY,NO DEFECTS,NOT ON SCENE (DESK REPORT),NO INJURY / DRIVE AWAY,Y,,Y,"OVER $1,500",08/08/2025 01:30:00 PM,IMPROPER LANE USAGE,IMPROPER TURNING/NO SIGNAL,111,W,CERMAK RD,131,,,,,,,2,NO INDICATION OF INJURY,0,0,0,0,0,2,0,12,6,8,41.8527683835,-87.6298418422,POINT (-87.629841842191 41.852768383549)
aa712b076feacd7613919e77dd51a8b3c5358c781ac8b54dce2e18de38f8bbfcf01f7a40628aaa5669664c3788ea1684e1cb07b8629dd3ef85fc43d9281725c3,,08/08/2025 12:35:00 PM,35,NO CONTROLS,NO CONTROLS,CLEAR,DAYLIGHT,SIDESWIPE SAME DIRECTION,NOT DIVIDED,,STRAIGHT AND LEVEL,DRY,NO DEFECTS,NOT ON SCENE (DESK REPORT),NO INJURY / DRIVE AWAY,,,Y,"OVER $1,500",08/08/2025 01:20:00 PM,IMPROPER OVERTAKING/PASSING,NOT APPLICABLE,4828,W,MONTROSE AVE,1623,,,,,,,2,NO INDICATION OF INJURY,0,0,0,0,0,2,0,12,6,8,41.9608158301,-87.7486965183,POINT (-87.748696518325 41.96081583011)
4e6e6fb4f1ddf90973bb5ba95821e48856f7d3213ac34382a9fabdf96f80a11ec8595234cfe4ad5df41236e16bf7b36814fdb2e2b3e30167b795ef68945ebf09,,08/08/2025 12:30:00 PM,30,NO CONTROLS,NO CONTROLS,CLEAR,DAYLIGHT,PARKED MOTOR VEHICLE,NOT DIVIDED,,STRAIGHT AND LEVEL,DRY,NO DEFECTS,NOT ON SCENE (DESK REPORT),NO INJURY / DRIVE AWAY,N,,,"OVER $1,500",08/08/2025 01:42:00 PM,UNABLE TO DETERMINE,NOT APPLICABLE,407,E,106TH ST,512,,,,,,,2,NO INDICATION OF INJURY,0,0,0,0,0,2,0,12,6,8,41.7017331964,-87.6132812195,POINT (-87.613281219467 41.701733196376)
8e8cffff8b7e44774d133098e92b59b7c00ddd93d857627d40d373b08920d0f56958064b5d83d3c42f787fbb2add0c9aa51c1af920fea8b2ea7900a48690f115,,08/08/2025 12:30:00 PM,30,NO CONTROLS,NO CONTROLS,CLEAR,DAYLIGHT,FIXED OBJECT,NOT DIVIDED,,STRAIGHT AND LEVEL,DRY,NO DEFECTS,NOT ON SCENE (DESK REPORT),NO INJURY / DRIVE AWAY,,,,"OVER $1,500",08/08/2025 01:47:00 PM,NOT APPLICABLE,NOT APPLICABLE,4900,S,HALSTED ST,933,,,,,,,1,NO INDICATION OF INJURY,0,0,0,0,0,1,0,12,6,8,41.8049852883,-87.6455798026,POINT (-87.645579802563 41.804985288338)
8ee409cb55da6a1eae5c86dbf49fbc0b32eca013f31d196dc6aa461ce5e379ec6ad987cd594102b3665ab949fece581484921cb7158172d434a21676aa0cef80,,08/08/2025 12:30:00 PM,30,NO CONTROLS,NO CONTROLS,CLEAR,DAYLIGHT,PARKED MOTOR VEHICLE,PARKING LOT,,STRAIGHT AND LEVEL,DRY,NO DEFECTS,NOT ON SCENE (DESK REPORT),NO INJURY / DRIVE AWAY,,,Y,$500 OR LESS,08/10/2025 07:30:00 PM,UNABLE TO DETERMINE,UNABLE TO DETERMINE,6221,S,EMERALD DR,711,,,,,,,2,NO INDICATION OF INJURY,0,0,0,0,0,1,0,12,6,8,41.7810072067,-87.6435387534,POINT (-87.643538753407 41.781007206656)
ce87730c4b00501eab90ca7fa8a193f9c1a67aee684bb30f3c698f70c8ac11ca64560b3e9ea2e7870f6e100bbedacdc877b8ac1200f588431d85009c5d023a57,,08/08/2025 12:28:00 PM,30,NO CONTROLS,NO CONTROLS,CLEAR,DAYLIGHT,PEDALCYCLIST,FOUR WAY,,STRAIGHT AND LEVEL,DRY,NO DEFECTS,ON SCENE,INJURY AND / OR TOW DUE TO CRASH,Y,,,"OVER $1,500",08/08/2025 12:40:00 PM,FAILING TO YIELD RIGHT-OF-WAY,NOT APPLICABLE,178,N,STATE ST,111,,Y,,,,,2,NONINCAPACITATING INJURY,1,0,0,1,0,1,0,12,6,8,41.8853142132,-87.6280775039,POINT (-87.62807750386 41.885314213209)
8d789f6e880522fde90b07218b26e91d0978ee0243c9654fac6c9191478a11d0077f04f009ed94d1e0b1cc8f3eb47a2aaf3c12052cde4586ca1920ced697a65d,,08/08/2025 12:25:00 PM,30,NO CONTROLS,NO CONTROLS,CLEAR,DAYLIGHT,REAR END,DIVIDED - W/MEDIAN (NOT RAISED),,STRAIGHT AND LEVEL,DRY,NO DEFECTS,ON SCENE,NO INJURY / DRIVE AWAY,,,,$500 OR LESS,08/08/2025 12:53:00 PM,FOLLOWING TOO CLOSELY,FOLLOWING TOO CLOSELY,6242,W,GRAND AVE,2512,,,,,,,2,NO INDICATION OF INJURY,0,0,0,0,0,2,0,12,6,8,41.9218759868,-87.7821477586,POINT (-87.782147758646 41.921875986789)
434d3efcc2073e9aeb0e074fcdc93b1b790a83e9f9a9ffc44972cb39a45b167036dfc9e898d12a81be7a845005776753838afc0ce570be31839d13ed2bd3e66f,,08/08/2025 12:21:00 PM,30,TRAFFIC SIGNAL,FUNCTIONING PROPERLY,CLEAR,DAYLIGHT,TURNING,FOUR WAY,,STRAIGHT AND LEVEL,DRY,NO DEFECTS,NOT ON SCENE (DESK REPORT),NO INJURY / DRIVE AWAY,Y,,,"OVER $1,500",08/08/2025 01:23:00 PM,IMPROPER OVERTAKING/PASSING,IMPROPER OVERTAKING/PASSING,5858,S,ARCHER AVE,814,,,,,,,2,NO INDICATION OF INJURY,0,0,0,0,0,4,0,12,6,8,41.7960280645,-87.7610615686,POINT (-87.761061568599 41.796028064467)
b5575618ce6da5330230ded52a13049f7db55e08658f0e0e9e42176d752d2a462297e9471d894ae76d055f2089387b734b7e186ae6eeb34f10d36ccb7ea25c33,,08/08/2025 12:20:00 PM,30,NO CONTROLS,NO CONTROLS,CLEAR,DAYLIGHT,SIDESWIPE SAME DIRECTION,NOT DIVIDED,,STRAIGHT AND LEVEL,DRY,NO DEFECTS,ON SCENE,INJURY AND / OR TOW DUE TO CRASH,,,,"OVER $1,500",08/08/2025 12:25:00 PM,FAILING TO YIELD RIGHT-OF-WAY,NOT APPLICABLE,1013,W,DIVISION ST,1822,,,,,,,2,NONINCAPACITATING INJURY,1,0,0,1,0,1,0,12,6,8,41.903458261,-87.6531179772,POINT (-87.653117977214 41.903458260983)
503e65d640f596de5e70466019f5997cdcd374be8ce00c04ed5e1d5d930f2b9b9e1e7c8c727a3f0e3269bfb7d5b3f5064f4063d3414d32894810b2bfbb0364fb,,08/08/2025 12:15:00 PM,30,NO CONTROLS,NO CONTROLS,CLEAR,DAYLIGHT,PARKED MOTOR VEHICLE,NOT DIVIDED,,STRAIGHT AND LEVEL,DRY,NO DEFECTS,ON SCENE,NO INJURY / DRIVE AWAY,,,,"OVER $1,500",08/08/2025 01:37:00 PM,UNABLE TO DETERMINE,NOT APPLICABLE,921,N,HONORE ST,1212,,,,,,,2,NO INDICATION OF INJURY,0,0,0,0,0,2,0,12,6,8,41.8984478927,-87.6733110878,POINT (-87.673311087837 41.89844789275)
8fc24666e132b249ab56564f65c09cdc8f09a74f7a94e28c2ed237c537bed133e6259f14ccd9ac9bfacacf5aada88aea3a495ec60acb1020599ae3b4ae6b1ec3,,08/08/2025 12:15:00 PM,30,TRAFFIC SIGNAL,UNKNOWN,UNKNOWN,UNKNOWN,TURNING,NOT DIVIDED,,STRAIGHT AND LEVEL,UNKNOWN,UNKNOWN,NOT ON SCENE (DESK REPORT),NO INJURY / DRIVE AWAY,,,,"OVER $1,500",08/09/2025 04:37:00 PM,UNABLE TO DETERMINE,UNABLE TO DETERMINE,3201,W,LAWRENCE AVE,1713,,,,,,,2,NO INDICATION OF INJURY,0,0,0,0,0,3,0,12,6,8,41.9683411012,-87.7085288823,POINT (-87.708528882333 41.96834110122)
2248258cdc41a1c29debd1eee642f58af15350a59db2510a622b6e71448355345d6f83253b45cf258c9dee816d84a4c8664beba394c55b6547b7235290e5ce4a,Y,08/08/2025 12:12:00 PM,30,TRAFFIC SIGNAL,FUNCTIONING PROPERLY,CLEAR,DAYLIGHT,REAR END,NOT DIVIDED,,STRAIGHT AND LEVEL,DRY,NO DEFECTS,ON SCENE,NO INJURY / DRIVE AWAY,Y,,,"OVER $1,500",08/08/2025 12:15:00 PM,FOLLOWING TOO CLOSELY,UNABLE TO DETERMINE,2353,W,PERSHING RD,921,,Y,,,,,2,NO INDICATION OF INJURY,0,0,0,0,0,2,0,12,6,8,41.8228842695,-87.6849001462,POINT (-87.684900146152 41.822884269504)
f648fc8e04d1e381f11ec8812b88684bae10c77acf2d2218190b6e4fd47b3772a6de58efb2f1c5ce252d76f523c3f0dc6df07e355f5413aeb7cbe0362fc27c15,,08/08/2025 12:10:00 PM,30,NO CONTROLS,NO CONTROLS,CLEAR,DAYLIGHT,PARKED MOTOR VEHICLE,NOT DIVIDED,,STRAIGHT AND LEVEL,DRY,NO DEFECTS,NOT ON SCENE (DESK REPORT),NO INJURY / DRIVE AWAY,,,,"OVER $1,500",08/11/2025 10:58:00 AM,IMPROPER OVERTAKING/PASSING,NOT APPLICABLE,1716,E,72ND ST,324,,,,,,,2,NO INDICATION OF INJURY,0,0,0,0,0,2,0,12,6,8,41.7643752697,-87.5828881283,POINT (-87.582888128295 41.764375269726)
777c5b0c15a627e10c88755738e5e9494ce689072ae08b3150c9b920af105ea2cf21846f9ec8010db317a26ace80e3ef3a91fc549476b8822ceb32a99adf039d,,08/08/2025 12:09:00 PM,20,NO CONTROLS,NO CONTROLS,CLEAR,DAYLIGHT,SIDESWIPE SAME DIRECTION,ONE-WAY,,STRAIGHT AND LEVEL,DRY,NO DEFECTS,ON SCENE,INJURY AND / OR TOW DUE TO CRASH,,,,"OVER $1,500",08/08/2025 12:20:00 PM,NOT APPLICABLE,NOT APPLICABLE,4411,W,CARROLL AVE,1113,,,,,,,2,"REPORTED, NOT EVIDENT",2,0,0,0,2,0,0,12,6,8,41.8867611934,-87.7361747176,POINT (-87.736174717618 41.886761193381)
7978ecb850fc7a14c2c55b1875f979dedff0c93796545cf15f3c74177c16e9d454a4645bc2d833957bcbcb9bd850a17fe3793bc00d900e198a7a2fb1bef9db8f,,08/08/2025 12:06:00 PM,30,UNKNOWN,UNKNOWN,UNKNOWN,UNKNOWN,TURNING,NOT DIVIDED,,STRAIGHT AND LEVEL,UNKNOWN,UNKNOWN,NOT ON SCENE (DESK REPORT),NO INJURY / DRIVE AWAY,,,,"OVER $1,500",08/08/2025 12:50:00 PM,UNABLE TO DETERMINE,NOT APPLICABLE,1611,N,WESTERN AVE,1434,,,,,,,2,NO INDICATION OF INJURY,0,0,0,0,0,2,0,12,6,8,41.9106765061,-87.6870834658,POINT (-87.687083465849 41.910676506084)
84c3259ab40299025880849b96cf45ce667ddae3b9cbe6037343bed26c2c0e66a9f447d744d1a93107cee7436b033f2b51f2bebf9bfc192d0ee4d33968b491fd,,08/08/2025 12:05:00 PM,30,TRAFFIC SIGNAL,FUNCTIONING PROPERLY,CLEAR,DAYLIGHT,SIDESWIPE SAME DIRECTION,T-INTERSECTION,,STRAIGHT AND LEVEL,DRY,NO DEFECTS,ON SCENE,NO INJURY / DRIVE AWAY,Y,,,"$501 - $1,500",08/08/2025 12:10:00 PM,UNABLE TO DETERMINE,DRIVING SKILLS/KNOWLEDGE/EXPERIENCE,4007,E,106TH ST,432,,,,,,,2,NO INDICATION OF INJURY,0,0,0,0,0,2,0,12,6,8,41.7025805667,-87.5266479287,POINT (-87.526647928718 41.702580566733)
b1c6e98e6a99bb9c4910ac48b2e17ab7c4e0ba91a7283a52cfb599d2426bfb14dd2f7395cca9fa9cec49be55c11ea1195b25be047bd73ebabde507926b4e9fff,,08/08/2025 12:05:00 PM,30,NO CONTROLS,NO CONTROLS,CLEAR,DAYLIGHT,REAR END,NOT DIVIDED,,STRAIGHT AND LEVEL,DRY,NO DEFECTS,NOT ON SCENE (DESK REPORT),NO INJURY / DRIVE AWAY,,,,"$501 - $1,500",08/08/2025 05:30:00 PM,FOLLOWING TOO CLOSELY,NOT APPLICABLE,301,S,LAKE SHORE DR NB,114,,,,,,,2,NO INDICATION OF INJURY,0,0,0,0,0,2,0,12,6,8,41.8783170107,-87.6170521254,POINT (-87.617052125371 41.878317010667)
195487b95a55a63ea0a207a3aac9dd8c35e96c6bdc4d699d214380e54dec2d856f7a114458433f9ff8482aa6bf2bb18cc59f8d6f5dd2bb1157142c5bdd98fe69,,08/08/2025 12:00:00 PM,30,NO CONTROLS,NO CONTROLS,CLEAR,DAYLIGHT,REAR TO REAR,UNKNOWN,,STRAIGHT AND LEVEL,UNKNOWN,UNKNOWN,NOT ON SCENE (DESK REPORT),NO INJURY / DRIVE AWAY,,,,"OVER $1,500",08/08/2025 01:25:00 PM,IMPROPER BACKING,UNABLE TO DETERMINE,11000,W,MONTROSE AVE,1654,,,,,,,2,NO INDICATION OF INJURY,0,0,0,0,0,2,0,12,6,8,,,
6eeaacb96c0259b8a5465bce26714102f923c32f125f4ffd8b057083b20b90d149d7f73a6983330bd5a17f98d02d6abf918023d753e5e28706a00be1f5ed2b4e,,08/08/2025 12:00:00 PM,30,NO CONTROLS,NO CONTROLS,CLEAR,DAYLIGHT,TURNING,ALLEY,,STRAIGHT AND LEVEL,DRY,NO DEFECTS,NOT ON SCENE (DESK REPORT),NO INJURY / DRIVE AWAY,,,,"$501 - $1,500",08/08/2025 02:00:00 PM,UNABLE TO DETERMINE,NOT APPLICABLE,2341,N,NARRAGANSETT AVE,2512,,,,,,,2,NO INDICATION OF INJURY,0,0,0,0,0,2,0,12,6,8,41.9230976782,-87.7852786594,POINT (-87.785278659431 41.923097678208)
8dfe1fe18a755605fdc79932e741ec346bef5eabdc81fb060bf8944e85ac03c33de462400cec5ebaf48bdc5ca2a783afd89471f7e0c0a11f32697cb13abd6699,,08/08/2025 12:00:00 PM,25,NO CONTROLS,NO CONTROLS,CLEAR,DAYLIGHT,PARKED MOTOR VEHICLE,NOT DIVIDED,,STRAIGHT AND LEVEL,DRY,NO DEFECTS,NOT ON SCENE (DESK REPORT),NO INJURY / DRIVE AWAY,,,,"$501 - $1,500",08/08/2025 12:35:00 PM,FOLLOWING TOO CLOSELY,NOT APPLICABLE,5038,N,RUTHERFORD AVE,1613,,,,,,,2,NO INDICATION OF INJURY,0,0,0,0,0,1,0,12,6,8,41.9731287647,-87.7953398464,POINT (-87.795339846439 41.973128764701)
9074954a59407c6902b197b6e2dbbd9a1001fc69917b34d892b9e9117a7212877365097d9475db7c37d452b5185c8731b282735f2585ec67b857b6fe3a752803,,08/08/2025 12:00:00 PM,30,NO CONTROLS,NO CONTROLS,CLEAR,DAYLIGHT,PARKED MOTOR VEHICLE,PARKING LOT,,STRAIGHT AND LEVEL,DRY,NO DEFECTS,NOT ON SCENE (DESK REPORT),NO INJURY / DRIVE AWAY,,,Y,"$501 - $1,500",08/08/2025 02:00:00 PM,UNABLE TO DETERMINE,UNABLE TO DETERMINE,4770,S,KEDZIE AVE,821,,,,,,,2,NO INDICATION OF INJURY,0,0,0,0,0,1,0,12,6,8,41.8062406588,-87.70406794,POINT (-87.70406794002 41.806240658754)
a1899f6f2ddc9b732026ea2200c4569d0f1a8943dc6a516ef274945ce9ea34f9b68edfb3e48aa38d8c50059bee3dbf43607eaee00dd4de06db9c6c8d30dc483e,,08/08/2025 12:00:00 PM,30,NO CONTROLS,NO CONTROLS,CLEAR,DAYLIGHT,ANGLE,ONE-WAY,,STRAIGHT AND LEVEL,DRY,NO DEFECTS,NOT ON SCENE (DESK REPORT),INJURY AND / OR TOW DUE TO CRASH,,,,"OVER $1,500",08/10/2025 09:30:00 AM,FAILING TO YIELD RIGHT-OF-WAY,NOT APPLICABLE,7345,S,STATE ST,323,,,,,,,2,NO INDICATION OF INJURY,0,0,0,0,0,3,0,12,6,8,41.7605419656,-87.6246590645,POINT (-87.6246590645 41.760541965645)
e61b895cbf4e67c63be647fae8b8ec30b27e16f652b3b07f8d1939566c2a44001d219121d359e5c186adbb03e3af3f92efad3f1c8f19cb3491ebc6695e81d318,,08/08/2025 11:53:00 AM,30,STOP SIGN/FLASHER,FUNCTIONING PROPERLY,CLEAR,DAYLIGHT,REAR END,FOUR WAY,,STRAIGHT AND LEVEL,DRY,NO DEFECTS,ON SCENE,NO INJURY / DRIVE AWAY,Y,,,"OVER $1,500",08/08/2025 11:53:00 AM,DISTRACTION - FROM INSIDE VEHICLE,UNABLE TO DETERMINE,1900,N,CENTRAL PARK AVE,2535,,,,,,,2,NO INDICATION OF INJURY,0,0,0,0,0,3,0,11,6,8,41.9155290251,-87.7168646642,POINT (-87.716864664219 41.915529025112)
07eb01f8a983aeaae380da33a49bc8fdba10efd56bdcc96c3557b09e2043c5f50ea016948a8c0715be850430143d67a10933c60dd3390a6f9ce9e7c6ee7bae4c,,08/08/2025 11:45:00 AM,30,TRAFFIC SIGNAL,FUNCTIONING PROPERLY,CLEAR,DAYLIGHT,TURNING,FOUR WAY,,STRAIGHT AND LEVEL,DRY,NO DEFECTS,ON SCENE,INJURY AND / OR TOW DUE TO CRASH,Y,,,"OVER $1,500",08/08/2025 11:48:00 AM,UNABLE TO DETERMINE,NOT APPLICABLE,4000,W,MADISON ST,1115,,,,,,,2,NONINCAPACITATING INJURY,1,0,0,1,0,1,0,11,6,8,41.8808342998,-87.7257965972,POINT (-87.725796597174 41.880834299772)
163b51ffda483a048be448a40925c0b0e6c2b754385b75348b57da5a7ffe936d6163a71d4a81392cf2615604ef9ca2dd57669231790c1275b533d84ce29d3215,,08/08/2025 11:45:00 AM,10,NO CONTROLS,NO CONTROLS,CLEAR,DAYLIGHT,PARKED MOTOR VEHICLE,PARKING LOT,,STRAIGHT AND LEVEL,UNKNOWN,UNKNOWN,NOT ON SCENE (DESK REPORT),NO INJURY / DRIVE AWAY,,Y,,$500 OR LESS,08/08/2025 12:19:00 PM,UNABLE TO DETERMINE,UNABLE TO DETERMINE,3804,W,111TH ST,2211,,,,,,,2,NO INDICATION OF INJURY,0,0,0,0,0,1,0,11,6,8,41.6914459103,-87.7156731039,POINT (-87.715673103885 41.691445910286)
2768cec4a71d034c3dc95af89eb88670e1f5666bc4f2b7cc901f74b7d0943007f84ce426ec14e9a53302db999a8d140aec7ba15779b4ad19bfe565a416c6f3a4,,08/08/2025 11:40:00 AM,30,NO CONTROLS,NO CONTROLS,CLEAR,DAYLIGHT,SIDESWIPE SAME DIRECTION,T-INTERSECTION,,STRAIGHT AND LEVEL,DRY,NO DEFECTS,NOT ON SCENE (DESK REPORT),INJURY AND / OR TOW DUE TO CRASH,Y,,,"OVER $1,500",08/08/2025 12:25:00 PM,FAILING TO YIELD RIGHT-OF-WAY,UNABLE TO DETERMINE,3038,N,CENTRAL AVE,2514,,,,,,,3,NO INDICATION OF INJURY,0,0,0,0,0,2,0,11,6,8,41.9360232892,-87.7665559984,POINT (-87.766555998427 41.936023289159)
318e26b93d3451f844467c4fbf916499bed84f7428bc175f0eb834bb19f72ebd8ac1bc4d70b0b239a637ac50309907bd34cb1098ead77f152188b76d71effdd7,,08/08/2025 11:40:00 AM,30,UNKNOWN,UNKNOWN,UNKNOWN,UNKNOWN,TURNING,UNKNOWN,,STRAIGHT AND LEVEL,UNKNOWN,UNKNOWN,NOT ON SCENE (DESK REPORT),NO INJURY / DRIVE AWAY,,,,"OVER $1,500",08/08/2025 01:15:00 PM,UNABLE TO DETERMINE,NOT APPLICABLE,3630,N,HARLEM AVE,1631,,,,,,,2,NO INDICATION OF INJURY,0,0,0,0,0,2,0,11,6,8,41.9461922236,-87.8071846805,POINT (-87.807184680511 41.94619222357)
32b47e438e27fd8907ef04626640f2bc02defc3ad9496029738840acb569f4c8aadbdfe013aee07d664d46120ad6355eda28407089c61bdb565cbe926b75bb41,Y,08/08/2025 11:30:00 AM,30,OTHER,OTHER,OTHER,UNKNOWN,REAR END,OTHER,,STRAIGHT AND LEVEL,OTHER,OTHER,NOT ON SCENE (DESK REPORT),NO INJURY / DRIVE AWAY,,,,"OVER $1,500",08/08/2025 09:00:00 PM,UNABLE TO DETERMINE,UNABLE TO DETERMINE,200,E,83RD ST,631,,,,,,,2,NO INDICATION OF INJURY,0,0,0,0,0,3,0,11,6,8,41.7438429548,-87.6194923447,POINT (-87.619492344749 41.743842954839)
7a68c441064756fca4e01dc5850ac02276f227ce5eb6e4015ae273819100701872945eab8b6bbc743bec02d5896555dc88c1eb21bd61c0700e58557501244de2,Y,08/08/2025 11:30:00 AM,10,NO CONTROLS,NO CONTROLS,CLEAR,DAYLIGHT,PARKED MOTOR VEHICLE,DIVIDED - W/MEDIAN (NOT RAISED),,STRAIGHT AND LEVEL,DRY,NO DEFECTS,ON SCENE,NO INJURY / DRIVE AWAY,,,,"OVER $1,500",08/08/2025 11:41:00 AM,NOT APPLICABLE,NOT APPLICABLE,2504,N,CENTRAL AVE,2515,,,,,,,2,NO INDICATION OF INJURY,0,0,0,0,0,2,0,11,6,8,41.9260060477,-87.7662086444,POINT (-87.766208644405 41.926006047749)
9375732a79513f01aa34d5c923fe66f0cad96b444066e4ede0545d33c6f89e997b6422e94630077eadadb4292064378a5e20214d205a733fb2040c36a16a26c8,,08/08/2025 11:30:00 AM,30,NO CONTROLS,NO CONTROLS,CLEAR,DAYLIGHT,REAR TO FRONT,PARKING LOT,,STRAIGHT AND LEVEL,DRY,UNKNOWN,NOT ON SCENE (DESK REPORT),NO INJURY / DRIVE AWAY,,,,"OVER $1,500",08/08/2025 12:08:00 PM,IMPROPER BACKING,DRIVING SKILLS/KNOWLEDGE/EXPERIENCE,5200,S,LAKE PARK AVE,234,,,,,,,2,NO INDICATION OF INJURY,0,0,0,0,0,4,0,11,6,8,41.800941976,-87.5876367922,POINT (-87.587636792157 41.800941975966)
f1e04015d4996bdec0ced3d88355d05026e476c5a6174306d56c1631648d98d3d89f88e483bf06c9e3a307c3d0b2b785f6a82422a43353e9aa106ae240ccc3c1,,08/08/2025 11:30:00 AM,25,TRAFFIC SIGNAL,FUNCTIONING PROPERLY,CLEAR,DAYLIGHT,SIDESWIPE SAME DIRECTION,T-INTERSECTION,,STRAIGHT AND LEVEL,DRY,NO DEFECTS,ON SCENE,NO INJURY / DRIVE AWAY,Y,,,"OVER $1,500",08/08/2025 11:42:00 AM,IMPROPER OVERTAKING/PASSING,IMPROPER LANE USAGE,40,E,60TH ST,232,,,,,,,2,NO INDICATION OF INJURY,0,0,0,0,0,2,0,11,6,8,41.7856646416,-87.623933604,POINT (-87.623933603956 41.785664641606)
faaf089ef84d18e5ba54efe63cd6cc1cd4dbb86a3ba0630e7019a8947141c7a7991a953a9ff62dfc06281ca37a718e6573491a43a1bb298af1436cea9b98aa50,,08/08/2025 11:30:00 AM,20,NO CONTROLS,NO CONTROLS,CLEAR,DAYLIGHT,REAR TO SIDE,PARKING LOT,,STRAIGHT AND LEVEL,DRY,NO DEFECTS,ON SCENE,NO INJURY / DRIVE AWAY,,Y,,"OVER $1,500",08/08/2025 12:25:00 PM,UNABLE TO DETERMINE,NOT APPLICABLE,7601,S,CICERO AVE,833,,,,,,,2,NO INDICATION OF INJURY,0,0,0,0,0,5,0,11,6,8,41.7546601244,-87.7413847586,POINT (-87.741384758605 41.754660124394)