CRASH_RECORD_ID,CRASH_DATE_EST_I,CRASH_DATE,POSTED_SPEED_LIMIT,TRAFFIC_CONTROL_DEVICE,DEVICE_CONDITION,WEATHER_CONDITION,LIGHTING_CONDITION,FIRST_CRASH_TYPE,TRAFFICWAY_TYPE,LANE_CNT,ALIGNMENT,ROADWAY_SURFACE_COND,ROAD_DEFECT,REPORT_TYPE,CRASH_TYPE,INTERSECTION_RELATED_I,NOT_RIGHT_OF_WAY_I,HIT_AND_RUN_I,DAMAGE,DATE_POLICE_NOTIFIED,PRIM_CONTRIBUTORY_CAUSE,SEC_CONTRIBUTORY_CAUSE,STREET_NO,STREET_DIRECTION,STREET_NAME,BEAT_OF_OCCURRENCE,PHOTOS_TAKEN_I,STATEMENTS_TAKEN_I,DOORING_I,WORK_ZONE_I,WORK_ZONE_TYPE,WORKERS_PRESENT_I,NUM_UNITS,MOST_SEVERE_INJURY,INJURIES_TOTAL,INJURIES_FATAL,INJURIES_INCAPACITATING,INJURIES_NON_INCAPACITATING,INJURIES_REPORTED_NOT_EVIDENT,INJURIES_NO_INDICATION,INJURIES_UNKNOWN,CRASH_HOUR,CRASH_DAY_OF_WEEK,CRASH_MONTH,LATITUDE,LONGITUDE,LOCATION
141407e6c0cc2a11f1d1b4aae61e7a58eb8e1114cc0cae64660dee7090bfa9a7c13dc7a2e94fdfcc55f687667fce444de7b556b5851ab53f4548a53f17533400,,08/08/2025 11:25:00 AM,30,NO CONTROLS,NO CONTROLS,CLEAR,DAYLIGHT,SIDESWIPE SAME DIRECTION,NOT DIVIDED,,STRAIGHT AND LEVEL,DRY,NO DEFECTS,ON SCENE,NO INJURY / DRIVE AWAY,,,,"OVER $1,500",08/08/2025 11:28:00 AM,"VISION OBSCURED (SIGNS, TREE LIMBS, BUILDINGS, ETC.)",NOT APPLICABLE,7124,W,ARCHER AVE,811,,,,,,,2,NO INDICATION OF INJURY,0,0,0,0,0,4,0,11,6,8,41.7920694925,-87.8001114347,POINT (-87.800111434748 41.7920694925)
506f0966bdd2d1481ced847d0cc34ab1c13024167b70c47f1b757b16ed1a0f5b986699fce7843a561146642501b59262a2c09df0a2bb1140db33fa0ad08588ef,,08/08/2025 11:25:00 AM,25,NO CONTROLS,NO CONTROLS,CLEAR,DAYLIGHT,TURNING,NOT DIVIDED,,STRAIGHT AND LEVEL,DRY,NO DEFECTS,NOT ON SCENE (DESK REPORT),NO INJURY / DRIVE AWAY,N,,,"OVER $1,500",08/08/2025 12:58:00 PM,UNABLE TO DETERMINE,NOT APPLICABLE,326,W,100TH ST,511,,,,,,,3,NO INDICATION OF INJURY,0,0,0,0,0,3,0,11,6,8,41.7126365677,-87.6318837449,POINT (-87.631883744859 41.712636567679)
5bb67426960d65f6516bdb8e3df6e2ea9f42cb5a31cf7760a59b75e7eec96b17afa6f5ef10cc26a568418bb1c3ff852562e833261802917b268a179598eefe44,,08/08/2025 11:25:00 AM,30,NO CONTROLS,NO CONTROLS,CLEAR,DAYLIGHT,TURNING,NOT DIVIDED,,STRAIGHT AND LEVEL,DRY,NO DEFECTS,ON SCENE,INJURY AND / OR TOW DUE TO CRASH,,,,"OVER $1,500",08/08/2025 11:26:00 AM,IMPROPER TURNING/NO SIGNAL,NOT APPLICABLE,15,W,87TH ST,634,,,,,,,3,NO INDICATION OF INJURY,0,0,0,0,0,3,0,11,6,8,41.7361700202,-87.6250111569,POINT (-87.625011156926 41.736170020176)
c6c1555b75a5a08c48091bed78984f7dc2e5f63978561e5d90ff7eeb0f48bc6fa2fcc8a1a492e6647e4567fcc7c19db71a746d6fabdc47e083c4526c4207d101,,08/08/2025 11:25:00 AM,30,STOP SIGN/FLASHER,FUNCTIONING PROPERLY,CLEAR,DAYLIGHT,TURNING,NOT DIVIDED,,STRAIGHT AND LEVEL,DRY,NO DEFECTS,,NO INJURY / DRIVE AWAY,Y,,,"OVER $1,500",08/08/2025 12:10:00 PM,FAILING TO YIELD RIGHT-OF-WAY,UNABLE TO DETERMINE,3100,N,KIMBALL AVE,1412,,,,,,,2,NO INDICATION OF INJURY,0,0,0,0,0,2,0,11,6,8,41.9375511332,-87.7125801468,POINT (-87.712580146794 41.937551133208)
4afd5ec99cb11a5481afe655e3dbbb4bbea673870244f47263c939801d71196f57180be45530528e8ce094082f313dad572a1dab98dfb660d802f2a900592f3e,,08/08/2025 11:15:00 AM,10,NO CONTROLS,NO CONTROLS,CLEAR,DAYLIGHT,ANGLE,NOT DIVIDED,,STRAIGHT AND LEVEL,DRY,NO DEFECTS,NOT ON SCENE (DESK REPORT),NO INJURY / DRIVE AWAY,,,,"OVER $1,500",08/08/2025 11:41:00 AM,UNABLE TO DETERMINE,NOT APPLICABLE,1144,S,WESTERN AVE,1135,,,,,,,2,NO INDICATION OF INJURY,0,0,0,0,0,2,0,11,6,8,41.8670965522,-87.6861999993,POINT (-87.68619999926 41.867096552166)
8a675097f21d7878248589091d00ae66392f27bcc7815f9584bba1481e94b904cae72edbeab24d5a197cc39a8ec9ffd980f8dd75db441c8065da1e68fc79bfa2,,08/08/2025 11:15:00 AM,30,TRAFFIC SIGNAL,UNKNOWN,CLEAR,DAYLIGHT,ANGLE,FOUR WAY,,STRAIGHT AND LEVEL,UNKNOWN,UNKNOWN,NOT ON SCENE (DESK REPORT),NO INJURY / DRIVE AWAY,Y,,,"OVER $1,500",08/08/2025 12:00:00 PM,UNABLE TO DETERMINE,UNABLE TO DETERMINE,5959,W,MONTROSE AVE,1624,,,,,,,2,NO INDICATION OF INJURY,0,0,0,0,0,2,0,11,6,8,41.960242504,-87.7769558962,POINT (-87.776955896207 41.960242503969)
b74f5ec5829765f9717c32e7454fcdeac7162b15126f2ba1776788b56535cd3a750cbd368b72ef2e3a5682651515ff7345776cef53ec7ad315686664eb2fc37c,,08/08/2025 11:12:00 AM,30,NO CONTROLS,NO CONTROLS,CLEAR,DAYLIGHT,PARKED MOTOR VEHICLE,NOT DIVIDED,,STRAIGHT AND LEVEL,DRY,NO DEFECTS,ON SCENE,NO INJURY / DRIVE AWAY,,,N,"OVER $1,500",08/08/2025 12:30:00 PM,DRIVING ON WRONG SIDE/WRONG WAY,NOT APPLICABLE,5235,W,MONTROSE AVE,1624,,,,,,,2,NO INDICATION OF INJURY,0,0,0,0,0,1,0,11,6,8,41.9604737067,-87.7588078023,POINT (-87.758807802344 41.960473706705)
697f44cf2cb55553dca9a50777b45ec3ee5d25092be799ac8e94972d260806ccb9313b3f8adaf79b61d8c464e5af602be424c8fbb4cb5c40cc9a650ad570b7f6,,08/08/2025 11:11:00 AM,30,NO CONTROLS,FUNCTIONING PROPERLY,CLEAR,DAYLIGHT,PEDALCYCLIST,NOT DIVIDED,,STRAIGHT AND LEVEL,DRY,NO DEFECTS,ON SCENE,INJURY AND / OR TOW DUE TO CRASH,,,,$500 OR LESS,08/08/2025 11:23:00 AM,UNABLE TO DETERMINE,NOT APPLICABLE,208,E,31ST ST,133,,,,,,,2,"REPORTED, NOT EVIDENT",1,0,0,0,1,1,0,11,6,8,41.8384795,-87.6215313672,POINT (-87.621531367216 41.838479499979)
7ab0adee96c401f7457260251d74c413b952560526b64a2166cc0323701c45e60e94f5efe6cbf1f761d521775f1a99de1f5d8fa6ec7339300ccb1687d506997e,,08/08/2025 11:05:00 AM,35,NO CONTROLS,NO CONTROLS,CLEAR,DAYLIGHT,PEDALCYCLIST,NOT DIVIDED,,STRAIGHT AND LEVEL,DRY,NO DEFECTS,ON SCENE,NO INJURY / DRIVE AWAY,,,,$500 OR LESS,08/08/2025 11:11:00 AM,UNABLE TO DETERMINE,NOT APPLICABLE,2423,W,103RD ST,2211,,,,,,,2,NO INDICATION OF INJURY,0,0,0,0,0,3,0,11,6,8,41.7062679406,-87.6826566233,POINT (-87.682656623279 41.706267940597)
41c03a3719763223b8cbbe4ea9545e27e4d257963bc800f779f31d9ae0278a2748e54d08c5bacbd4ca84b58ebe8db07868a64585a6ca5fd853d0cdc39bd48644,,08/08/2025 10:50:00 AM,30,TRAFFIC SIGNAL,FUNCTIONING PROPERLY,CLEAR,DAYLIGHT,TURNING,NOT DIVIDED,,STRAIGHT AND LEVEL,DRY,NO DEFECTS,ON SCENE,NO INJURY / DRIVE AWAY,,,Y,"OVER $1,500",08/08/2025 10:56:00 AM,DRIVING ON WRONG SIDE/WRONG WAY,NOT APPLICABLE,5500,S,PRINCETON AVE,711,,,,,,,2,NO INDICATION OF INJURY,0,0,0,0,0,2,0,10,6,8,41.7940818811,-87.6331347033,POINT (-87.633134703265 41.794081881074)
24521716e2b030c9ef2a412c588e74352793221b7015ce077fed7f2dcd569db23119a2c23c1a7282732cf0beeb91bf0e6b13721a50186e338ef00166c5d07ff7,,08/08/2025 10:45:00 AM,35,NO CONTROLS,NO CONTROLS,CLEAR,DAYLIGHT,SIDESWIPE SAME DIRECTION,ONE-WAY,,STRAIGHT AND LEVEL,DRY,NO DEFECTS,,NO INJURY / DRIVE AWAY,,,Y,"OVER $1,500",08/08/2025 12:09:00 PM,UNABLE TO DETERMINE,NOT APPLICABLE,4800,W,FLOURNOY ST,1533,,,,,,,2,NO INDICATION OF INJURY,0,0,0,0,0,2,0,10,6,8,41.8721809289,-87.7449844277,POINT (-87.744984427653 41.87218092888)
94f62a4e0a938286dec6b92b9d90e84dd0f39276273da8946d8dee8047227958d0cf5e47dad1bef3443a2b30717888a2330846e79c0a6f6d3e70e68370ec4ec5,,08/08/2025 10:35:00 AM,20,NO CONTROLS,NO CONTROLS,CLEAR,DAYLIGHT,PARKED MOTOR VEHICLE,PARKING LOT,,STRAIGHT AND LEVEL,DRY,NO DEFECTS,NOT ON SCENE (DESK REPORT),NO INJURY / DRIVE AWAY,,,,"OVER $1,500",08/08/2025 02:50:00 PM,UNABLE TO DETERMINE,UNABLE TO DETERMINE,4800,S,RICHMOND ST,922,,,,,,,2,NO INDICATION OF INJURY,0,0,0,0,0,1,0,10,6,8,41.8062537218,-87.6979593392,POINT (-87.69795933922 41.806253721789)
759b65af79114d06e5d3a7b62ebd68287ad25836c0d79de18e2fe03c7b33c99e4f886e8f22b31ea889efd4f6ca3e3197c86c7daa94948b1bdbecb71e6872b913,Y,08/08/2025 10:30:00 AM,15,NO CONTROLS,NO CONTROLS,CLEAR,DAYLIGHT,PARKED MOTOR VEHICLE,NOT DIVIDED,,STRAIGHT AND LEVEL,DRY,NO DEFECTS,ON SCENE,NO INJURY / DRIVE AWAY,,Y,Y,$500 OR LESS,08/09/2025 07:23:00 PM,UNABLE TO DETERMINE,UNABLE TO DETERMINE,630,W,OAKDALE AVE,1934,,,,,,,2,NO INDICATION OF INJURY,0,0,0,0,0,1,0,10,6,8,41.9356742273,-87.6454961138,POINT (-87.645496113751 41.935674227283)
7c466c204f794e9186b2768f32daf2c1530429a8773d6840b477f31c5d88981be0035ae6dc7983d9c1d6463b26708a76f60397c8ab05363bd268604cfd4208a4,,08/08/2025 10:30:00 AM,30,NO CONTROLS,NO CONTROLS,CLEAR,DAYLIGHT,PEDALCYCLIST,NOT DIVIDED,,STRAIGHT AND LEVEL,DRY,NO DEFECTS,NOT ON SCENE (DESK REPORT),INJURY AND / OR TOW DUE TO CRASH,Y,,,"OVER $1,500",08/08/2025 01:10:00 PM,IMPROPER OVERTAKING/PASSING,IMPROPER OVERTAKING/PASSING,2701,S,HALSTED ST,914,,,,,,,2,"REPORTED, NOT EVIDENT",1,0,0,0,1,1,0,10,6,8,41.8442371305,-87.646280197,POINT (-87.646280196981 41.84423713049)
e78e4167e77eea5889a0b142d6095d9f632f197ca4b39544751d7df2d098bf66763c0bfb03da75c6a76ab46f89d5fe7f88cb66c360619430d0ec5b3265a90c73,,08/08/2025 10:30:00 AM,15,NO CONTROLS,NO CONTROLS,CLEAR,DAYLIGHT,PARKED MOTOR VEHICLE,ALLEY,,STRAIGHT AND LEVEL,DRY,UNKNOWN,ON SCENE,NO INJURY / DRIVE AWAY,,,Y,"OVER $1,500",08/08/2025 10:45:00 AM,UNABLE TO DETERMINE,UNABLE TO DETERMINE,5454,S,KIMBARK AVE,234,,,,,,,2,NO INDICATION OF INJURY,0,0,0,0,0,1,0,10,6,8,41.796409939,-87.5951023451,POINT (-87.595102345104 41.796409938951)
43e981b480c1a15038a01b3fda8f6610e4dfb4c96fcc0010addc8621363e91b31e7cfb946c437ec32726fa0e3c3a02f67f195d761bd37b55e9edf192c9ce61f5,,08/08/2025 10:26:00 AM,30,NO CONTROLS,NO CONTROLS,CLEAR,DAYLIGHT,PARKED MOTOR VEHICLE,ONE-WAY,,STRAIGHT AND LEVEL,DRY,NO DEFECTS,ON SCENE,NO INJURY / DRIVE AWAY,,,,"OVER $1,500",08/08/2025 10:27:00 AM,UNABLE TO DETERMINE,NOT APPLICABLE,4253,N,HERMITAGE AVE,1912,,,,,,,2,NO INDICATION OF INJURY,0,0,0,0,0,1,0,10,6,8,41.9594678192,-87.6722031415,POINT (-87.672203141531 41.959467819162)
5bee0ba8d2ec1840cfa3c7701e4ed7d8979cd87c9f3def462150477823f44354a04125cf62e8b9a7d5185295c0e403ad8643d5a35ae02df4d936f596751a19d1,,08/08/2025 10:25:00 AM,30,NO CONTROLS,NO CONTROLS,CLEAR,DAYLIGHT,PARKED MOTOR VEHICLE,ONE-WAY,,STRAIGHT AND LEVEL,DRY,OTHER,ON SCENE,NO INJURY / DRIVE AWAY,,,,$500 OR LESS,08/08/2025 10:39:00 AM,IMPROPER OVERTAKING/PASSING,NOT APPLICABLE,5017,W,WAVELAND AVE,1634,,,,Y,UTILITY,Y,2,NO INDICATION OF INJURY,0,0,0,0,0,1,0,10,6,8,41.9477730948,-87.7528082871,POINT (-87.75280828706 41.947773094844)
c34e2e728b018b52188e8a8ebb3f0840aed187853db6afc8020aee77e065b270cd9af57a75368dc8ac876e2d9af472d086eddd086931bd64dce0f500bd3c1163,,08/08/2025 10:11:00 AM,30,NO CONTROLS,NO CONTROLS,CLEAR,DAYLIGHT,SIDESWIPE SAME DIRECTION,NOT DIVIDED,,STRAIGHT AND LEVEL,DRY,NO DEFECTS,NOT ON SCENE (DESK REPORT),NO INJURY / DRIVE AWAY,,,Y,"OVER $1,500",08/08/2025 10:30:00 AM,IMPROPER OVERTAKING/PASSING,NOT APPLICABLE,25,E,70TH ST,322,,,,,,,2,NO INDICATION OF INJURY,0,0,0,0,0,3,0,10,6,8,41.7672456918,-87.6237731069,POINT (-87.623773106948 41.767245691826)
eece8333c9c75e9351ca81c0fa4587b0f4d731b88fa5220f16e787dd7db8260cfbb81f2ce686dcf9a4519cd2d049b54562e88ca6435774f881d3cea8371f1f67,,08/08/2025 10:11:00 AM,35,NO CONTROLS,NO CONTROLS,CLEAR,DAYLIGHT,PARKED MOTOR VEHICLE,NOT DIVIDED,,STRAIGHT AND LEVEL,DRY,NO DEFECTS,NOT ON SCENE (DESK REPORT),NO INJURY / DRIVE AWAY,,,Y,$500 OR LESS,08/08/2025 11:15:00 AM,NOT APPLICABLE,UNABLE TO DETERMINE,710,N,FAIRBANKS CT,1834,,,,,,,2,NO INDICATION OF INJURY,0,0,0,0,0,1,0,10,6,8,41.8954035995,-87.6204826076,POINT (-87.620482607643 41.895403599474)
90d44c862077fc891c3e44dcde9ae3f5edd194fb5145c3fde27feb66fcaa24b772ebc2c5d629580fb9b6a718e05c779d6eb1dfff267f7b91524b4cedbfa34e14,,08/08/2025 10:10:00 AM,30,NO CONTROLS,NO CONTROLS,CLEAR,DAYLIGHT,REAR END,DIVIDED - W/MEDIAN (NOT RAISED),,STRAIGHT AND LEVEL,DRY,NO DEFECTS,ON SCENE,NO INJURY / DRIVE AWAY,,,,"OVER $1,500",08/08/2025 10:11:00 AM,NOT APPLICABLE,NOT APPLICABLE,3,E,95TH ST,511,,,,,,,3,NO INDICATION OF INJURY,0,0,0,0,0,5,0,10,6,8,41.7216012254,-87.6235377402,POINT (-87.623537740182 41.721601225418)
bef38240837785d7308caa5577a48f660abc9a4d9514fec08e970e2e5a2b81ffcb28031b9dad88cf465528d96f14c2a61a359aa5d3a2db317518801b339db04f,N,08/08/2025 10:06:00 AM,30,NO CONTROLS,NO CONTROLS,CLEAR,DAYLIGHT,ANGLE,NOT DIVIDED,,STRAIGHT AND LEVEL,DRY,NO DEFECTS,ON SCENE,INJURY AND / OR TOW DUE TO CRASH,,,,"OVER $1,500",08/08/2025 10:06:00 AM,FAILING TO YIELD RIGHT-OF-WAY,NOT APPLICABLE,611,S,CALIFORNIA AVE,1135,,,,,,,2,NO INDICATION OF INJURY,0,0,0,0,0,3,0,10,6,8,41.8734092917,-87.6959421826,POINT (-87.695942182586 41.873409291694)
e159a370e9132f1fcf77a92dcb40ee72e6e5f6a2af95f30532617b72c2f9c2744bd004e2466fed08e8396298158a1be58c0712b0365c95fd2732200ca04d8836,,08/08/2025 10:05:00 AM,30,NO CONTROLS,NO CONTROLS,CLEAR,DAYLIGHT,SIDESWIPE SAME DIRECTION,DIVIDED - W/MEDIAN (NOT RAISED),,STRAIGHT AND LEVEL,DRY,UNKNOWN,ON SCENE,NO INJURY / DRIVE AWAY,Y,,,"OVER $1,500",08/08/2025 10:18:00 AM,NOT APPLICABLE,NOT APPLICABLE,4732,W,PETERSON AVE,1711,,,,,,,2,NO INDICATION OF INJURY,0,0,0,0,0,2,0,10,6,8,41.9900147515,-87.7472547863,POINT (-87.747254786348 41.990014751528)
2e28093518b73084ac93cd83739369282fe12ba031725e19b687ca633e42950bd8a2c58773369934029a36317fe7c97d7f887547151af3afb320c073b438afcf,,08/08/2025 10:03:00 AM,30,UNKNOWN,UNKNOWN,UNKNOWN,UNKNOWN,PARKED MOTOR VEHICLE,NOT DIVIDED,,STRAIGHT AND LEVEL,UNKNOWN,UNKNOWN,NOT ON SCENE (DESK REPORT),NO INJURY / DRIVE AWAY,,,Y,"OVER $1,500",08/08/2025 10:20:00 AM,UNABLE TO DETERMINE,UNABLE TO DETERMINE,5010,S,MICHIGAN AVE,224,,,,,,,2,NO INDICATION OF INJURY,0,0,0,0,0,1,0,10,6,8,41.803444612,-87.6228312603,POINT (-87.622831260293 41.803444611997)
e653bfdf5c4b5c69c9736cbe088ea1b10bb9a5f6792c1dcbf476dadf0f7d1ce6e550828633a830b0d2660f4de58e5bb43f54190084c0aca7358ce88852b32cf7,,08/08/2025 10:00:00 AM,30,TRAFFIC SIGNAL,UNKNOWN,CLEAR,DAYLIGHT,REAR END,NOT DIVIDED,,STRAIGHT AND LEVEL,DRY,UNKNOWN,NOT ON SCENE (DESK REPORT),INJURY AND / OR TOW DUE TO CRASH,,,,"OVER $1,500",08/08/2025 04:30:00 PM,UNABLE TO DETERMINE,NOT APPLICABLE,4400,W,31ST ST,1031,,,,,,,2,"REPORTED, NOT EVIDENT",1,0,0,0,1,2,0,10,6,8,41.8372404177,-87.734146511,POINT (-87.734146510962 41.837240417681)
ef98aedb6a83a05690e356fc1674a02ed1f6f00eed17d95079dba0394bca34984385992d36c95a31c1566156972a012bee720cca153af36963aa319465670efa,,08/08/2025 10:00:00 AM,30,STOP SIGN/FLASHER,FUNCTIONING PROPERLY,CLEAR,DAYLIGHT,TURNING,NOT DIVIDED,,STRAIGHT AND LEVEL,DRY,NO DEFECTS,ON SCENE,INJURY AND / OR TOW DUE TO CRASH,Y,,,"OVER $1,500",08/08/2025 10:10:00 AM,DISREGARDING STOP SIGN,NOT APPLICABLE,2700,S,KEDZIE AVE,1032,,,,,,,2,NO INDICATION OF INJURY,0,0,0,0,0,4,0,10,6,8,41.8426025264,-87.7051278107,POINT (-87.705127810739 41.842602526365)
d2e0e42a58ea87e205890be563e45d1518845bcb2c9a861a00adf07878d8c02a8d3392fef99bf6695af9c9b64c24a9b5b5f608b78450be75dc5506d7e1a67c5a,,08/08/2025 09:53:00 AM,30,STOP SIGN/FLASHER,FUNCTIONING PROPERLY,CLEAR,DAYLIGHT,ANGLE,NOT DIVIDED,,STRAIGHT AND LEVEL,DRY,NO DEFECTS,ON SCENE,NO INJURY / DRIVE AWAY,Y,,,"OVER $1,500",08/08/2025 09:55:00 AM,DISREGARDING STOP SIGN,DRIVING SKILLS/KNOWLEDGE/EXPERIENCE,10000,S,EXCHANGE AVE,431,,,,,,,2,NO INDICATION OF INJURY,0,0,0,0,0,2,0,9,6,8,41.7133030802,-87.5524732831,POINT (-87.552473283057 41.713303080211)
6c757f5f23b2d76cbaf45e0cac076714f952ad87be4ebbb5a6d40b2fcac3c5848fa9db824d798de38dafd34296e82edfa2e4efed3f5bb66fd26ca53dd1cba5a7,,08/08/2025 09:52:00 AM,30,STOP SIGN/FLASHER,FUNCTIONING PROPERLY,CLEAR,DAYLIGHT,ANGLE,DIVIDED - W/MEDIAN (NOT RAISED),,STRAIGHT AND LEVEL,DRY,NO DEFECTS,ON SCENE,INJURY AND / OR TOW DUE TO CRASH,Y,,,"OVER $1,500",08/08/2025 10:00:00 AM,FAILING TO YIELD RIGHT-OF-WAY,UNABLE TO DETERMINE,998,W,OAKDALE AVE,1933,,,,,,,2,NONINCAPACITATING INJURY,1,0,0,1,0,3,0,9,6,8,41.9354710638,-87.6538353838,POINT (-87.653835383822 41.935471063844)
c162ea3f7114d862c20bf325f5a3c4703712164c470352642bec866fcaf4d36de74953803a34b46ab824da79936565be1f0eb500934e1504cddf673851e9e1ad,,08/08/2025 09:50:00 AM,30,STOP SIGN/FLASHER,FUNCTIONING PROPERLY,CLEAR,DAYLIGHT,PARKED MOTOR VEHICLE,ONE-WAY,,STRAIGHT AND LEVEL,DRY,NO DEFECTS,ON SCENE,NO INJURY / DRIVE AWAY,,,,"OVER $1,500",08/08/2025 09:59:00 AM,EQUIPMENT - VEHICLE CONDITION,NOT APPLICABLE,1146,W,19TH ST,1235,,,,,,,2,NO INDICATION OF INJURY,0,0,0,0,0,1,0,9,6,8,41.8567174542,-87.6550420367,POINT (-87.655042036672 41.856717454184)
1ad287617a5ec89b5f4ac1cccdd84e22d6b24599b0c328843ccc0d0ec9dd52180cefe93b54a23bd3916e2a5179324b18c61e33953ad26a44f9433fefc6feaadb,,08/08/2025 09:45:00 AM,30,NO CONTROLS,NO CONTROLS,CLEAR,DAYLIGHT,SIDESWIPE SAME DIRECTION,DIVIDED - W/MEDIAN (NOT RAISED),,STRAIGHT AND LEVEL,DRY,NO DEFECTS,NOT ON SCENE (DESK REPORT),NO INJURY / DRIVE AWAY,,,,"OVER $1,500",08/08/2025 10:25:00 AM,UNABLE TO DETERMINE,NOT APPLICABLE,11149,S,HALSTED ST,2233,,,,,,,2,NO INDICATION OF INJURY,0,0,0,0,0,2,0,9,6,8,41.6909126951,-87.642191951,POINT (-87.642191950974 41.690912695057)
82cbc6f22938dcc1ee89cf6515bbb0f20679345a079b6d646b81ba3013248d78f9b4ef9950cded75e4baa0243f9ae83f4abd72e7444409ff8843baf66d2144c8,,08/08/2025 09:30:00 AM,30,NO CONTROLS,NO CONTROLS,CLEAR,DAYLIGHT,OTHER OBJECT,NOT DIVIDED,,STRAIGHT AND LEVEL,DRY,NO DEFECTS,ON SCENE,INJURY AND / OR TOW DUE TO CRASH,,,,$500 OR LESS,08/08/2025 09:35:00 AM,UNABLE TO DETERMINE,NOT APPLICABLE,6331,N,CALIFORNIA AVE,2413,,,,,,,2,NONINCAPACITATING INJURY,1,0,0,1,0,1,0,9,6,8,41.9966957309,-87.6994603617,POINT (-87.699460361705 41.996695730881)
a1f99b89d7ce24be5ccca66549c94f20139c3e9c21cf0ef21950c7194f481d3d5e10f2f10981d1f69fbb0b7e291f6e4c49adcd10e82d5a4d2638f9bf5eda2939,,08/08/2025 09:20:00 AM,30,NO CONTROLS,NO CONTROLS,CLEAR,DAYLIGHT,PEDALCYCLIST,NOT DIVIDED,,STRAIGHT AND LEVEL,DRY,NO DEFECTS,ON SCENE,INJURY AND / OR TOW DUE TO CRASH,,,,"OVER $1,500",08/08/2025 09:23:00 AM,FAILING TO YIELD RIGHT-OF-WAY,NOT APPLICABLE,2640,N,CLARK ST,1935,,,,,,,2,NONINCAPACITATING INJURY,1,0,0,1,0,1,0,9,6,8,41.9306231082,-87.6440113349,POINT (-87.64401133488 41.93062310818)
84dcdf9c1d66f46c582a134c068e94d18d498db6fb4c5a3832bc11d894801616a8e2bbc6329e652090ac11a4a3e2c57625abc6ac324654dd1be86204c3bf4264,,08/08/2025 09:15:00 AM,30,TRAFFIC SIGNAL,FUNCTIONING PROPERLY,CLEAR,DAYLIGHT,PARKED MOTOR VEHICLE,NOT DIVIDED,,STRAIGHT AND LEVEL,DRY,NO DEFECTS,ON SCENE,INJURY AND / OR TOW DUE TO CRASH,,,,"OVER $1,500",08/08/2025 09:23:00 AM,DRIVING SKILLS/KNOWLEDGE/EXPERIENCE,UNABLE TO DETERMINE,1458,W,BELMONT AVE,1922,,Y,,,,,2,NO INDICATION OF INJURY,0,0,0,0,0,1,0,9,6,8,41.9398416522,-87.666124186,POINT (-87.666124186025 41.939841652186)
b0e422e6ecabf0e4c944872b003ae664066d20428143015bd0e1fe9b253150b3383e75fc90ba06a0df12c85bf5396d14432be094a676399b2301c297e6c6d110,,08/08/2025 09:14:00 AM,30,TRAFFIC SIGNAL,FUNCTIONING PROPERLY,CLEAR,DAYLIGHT,TURNING,NOT DIVIDED,,STRAIGHT AND LEVEL,DRY,NO DEFECTS,NOT ON SCENE (DESK REPORT),NO INJURY / DRIVE AWAY,Y,,,"OVER $1,500",08/08/2025 09:43:00 AM,IMPROPER TURNING/NO SIGNAL,NOT APPLICABLE,116,W,CERMAK RD,131,,,,,,,2,NO INDICATION OF INJURY,0,0,0,0,0,2,0,9,6,8,41.8529870791,-87.6300266133,POINT (-87.630026613318 41.85298707906)
9d1f63b12255d051cd57da811978b235a3298caf3740d578750b6d13caf9f359f0824e8aba6e60a068332a00ff7f554a45d37b56e010dcf5c7591b6171787925,,08/08/2025 09:13:00 AM,35,STOP SIGN/FLASHER,UNKNOWN,CLEAR,DAYLIGHT,TURNING,NOT DIVIDED,,STRAIGHT AND LEVEL,DRY,UNKNOWN,ON SCENE,INJURY AND / OR TOW DUE TO CRASH,,,,"OVER $1,500",08/08/2025 09:28:00 AM,FAILING TO YIELD RIGHT-OF-WAY,IMPROPER TURNING/NO SIGNAL,2050,W,OGDEN AVE,1225,,,,,,,2,NONINCAPACITATING INJURY,2,0,0,2,0,0,0,9,6,8,41.8717937039,-87.677765702,POINT (-87.677765701959 41.871793703921)
b2b88d2aa3551001494f5e8b25b90156b25812092e4849380aa6d931acae76fc6f62b57770b5f7c899ae917fa9d2ccf21c3979d3e655b08cab5197d5980e044e,,08/08/2025 09:08:00 AM,20,NO CONTROLS,NO CONTROLS,CLEAR,DAYLIGHT,REAR END,NOT DIVIDED,,STRAIGHT AND LEVEL,DRY,NO DEFECTS,NOT ON SCENE (DESK REPORT),NO INJURY / DRIVE AWAY,,,Y,$500 OR LESS,08/08/2025 10:00:00 AM,FAILING TO REDUCE SPEED TO AVOID CRASH,FAILING TO REDUCE SPEED TO AVOID CRASH,190,S,LA SALLE ST,122,,,,,,,2,NO INDICATION OF INJURY,0,0,0,0,0,3,0,9,6,8,41.8794307562,-87.6324393694,POINT (-87.63243936944 41.879430756163)
1f210df939a944f02412078d4083b12d6911daf0559ee2849c5b6f361a15ef8fa1ecad4a85bb578cd17da700fe681fc241f572e4b0aed920a49980dc90d6377d,Y,08/08/2025 09:00:00 AM,20,NO CONTROLS,FUNCTIONING PROPERLY,CLEAR,DAYLIGHT,SIDESWIPE SAME DIRECTION,NOT DIVIDED,,STRAIGHT AND LEVEL,DRY,NO DEFECTS,ON SCENE,NO INJURY / DRIVE AWAY,Y,,N,$500 OR LESS,08/08/2025 09:00:00 AM,DISTRACTION - FROM INSIDE VEHICLE,DISTRACTION - FROM OUTSIDE VEHICLE,331,S,PLYMOUTH CT,113,,,,,,,2,NO INDICATION OF INJURY,0,0,0,0,0,2,0,9,6,8,41.8773338991,-87.6285791936,POINT (-87.628579193608 41.877333899142)