CRASH_RECORD_ID,CRASH_DATE_EST_I,CRASH_DATE,POSTED_SPEED_LIMIT,TRAFFIC_CONTROL_DEVICE,DEVICE_CONDITION,WEATHER_CONDITION,LIGHTING_CONDITION,FIRST_CRASH_TYPE,TRAFFICWAY_TYPE,LANE_CNT,ALIGNMENT,ROADWAY_SURFACE_COND,ROAD_DEFECT,REPORT_TYPE,CRASH_TYPE,INTERSECTION_RELATED_I,NOT_RIGHT_OF_WAY_I,HIT_AND_RUN_I,DAMAGE,DATE_POLICE_NOTIFIED,PRIM_CONTRIBUTORY_CAUSE,SEC_CONTRIBUTORY_CAUSE,STREET_NO,STREET_DIRECTION,STREET_NAME,BEAT_OF_OCCURRENCE,PHOTOS_TAKEN_I,STATEMENTS_TAKEN_I,DOORING_I,WORK_ZONE_I,WORK_ZONE_TYPE,WORKERS_PRESENT_I,NUM_UNITS,MOST_SEVERE_INJURY,INJURIES_TOTAL,INJURIES_FATAL,INJURIES_INCAPACITATING,INJURIES_NON_INCAPACITATING,INJURIES_REPORTED_NOT_EVIDENT,INJURIES_NO_INDICATION,INJURIES_UNKNOWN,CRASH_HOUR,CRASH_DAY_OF_WEEK,CRASH_MONTH,LATITUDE,LONGITUDE,LOCATION
480c1762a314e2818308e71bb2760aaa686c7d2b8c338cfd420e7ce3ed4d75da1dee475884ae6a4550710db1c45f3f21fab2bf665b7a53386779a433ca871248,,08/08/2025 09:00:00 AM,25,NO CONTROLS,NO CONTROLS,CLEAR,DAYLIGHT,REAR END,NOT DIVIDED,,STRAIGHT AND LEVEL,DRY,NO DEFECTS,NOT ON SCENE (DESK REPORT),NO INJURY / DRIVE AWAY,,,,$500 OR LESS,08/11/2025 10:30:00 AM,UNABLE TO DETERMINE,UNABLE TO DETERMINE,6189,N,CANFIELD AVE,1612,,,,,,,2,NO INDICATION OF INJURY,0,0,0,0,0,2,0,9,6,8,41.9928864377,-87.8220468727,POINT (-87.822046872667 41.992886437656)
b2fc87516e1bf8b2e3a7a6d217adb66da31d12a2725b83aac0510b49f94d0d3885aee3146d77302da7eb9cc18e80b37f0331371ef84612c47e888b1008cd5e72,,08/08/2025 09:00:00 AM,30,NO CONTROLS,NO CONTROLS,CLEAR,DAYLIGHT,ANGLE,NOT DIVIDED,,STRAIGHT AND LEVEL,DRY,NO DEFECTS,ON SCENE,NO INJURY / DRIVE AWAY,,,,"OVER $1,500",08/08/2025 09:01:00 AM,FAILING TO YIELD RIGHT-OF-WAY,FAILING TO YIELD RIGHT-OF-WAY,346,W,60TH ST,711,,,,,,,2,NO INDICATION OF INJURY,0,0,0,0,0,2,0,9,6,8,41.7854955618,-87.6345664144,POINT (-87.634566414432 41.78549556183)
b08adf8172fc095e738935e359f2ed14fd05e3634235ec439913da17e5ef54d0b24b45b04f0c4ed2caf14c47783ca90687295bd5bb821647e62a7961f8b2885b,,08/08/2025 08:52:00 AM,30,TRAFFIC SIGNAL,FUNCTIONING PROPERLY,CLEAR,DAYLIGHT,TURNING,T-INTERSECTION,,STRAIGHT AND LEVEL,DRY,NO DEFECTS,NOT ON SCENE (DESK REPORT),NO INJURY / DRIVE AWAY,Y,,,"OVER $1,500",08/08/2025 08:52:00 AM,IMPROPER TURNING/NO SIGNAL,IMPROPER LANE USAGE,400,N,CENTRAL AVE,1512,,,,,,,2,NO INDICATION OF INJURY,0,0,0,0,0,2,0,8,6,8,41.8878046205,-87.7652684981,POINT (-87.765268498104 41.887804620535)
0c3a8f5d1e6856764ce6d745b15d812a4aece43e0b62fd1b69b1dc8a85b70f9065d9c7ece83af02ed0ec737c28c716c566be404d60db99c2a8bfc119ec74296c,,08/08/2025 08:50:00 AM,30,NO CONTROLS,NO CONTROLS,CLEAR,DAYLIGHT,PARKED MOTOR VEHICLE,ONE-WAY,,STRAIGHT AND LEVEL,DRY,NO DEFECTS,NOT ON SCENE (DESK REPORT),NO INJURY / DRIVE AWAY,,,,"$501 - $1,500",08/14/2025 12:00:00 PM,IMPROPER BACKING,IMPROPER BACKING,5609,N,WINTHROP AVE,2022,,,,,,,2,NO INDICATION OF INJURY,0,0,0,0,0,2,0,8,6,8,41.9839799503,-87.6578679537,POINT (-87.657867953748 41.983979950295)
7660b545b8b1dc2cf04f8d568e6993ed48a0a85ec9a0b550635a2f75a8a52e3e11ef9408ef0e4502cf108d574538f2631cefa0c90e8867aa083a4352c9307117,,08/08/2025 08:50:00 AM,35,NO CONTROLS,NO CONTROLS,CLEAR,DAYLIGHT,SIDESWIPE SAME DIRECTION,NOT DIVIDED,,STRAIGHT AND LEVEL,DRY,NO DEFECTS,ON SCENE,INJURY AND / OR TOW DUE TO CRASH,,,Y,"$501 - $1,500",08/08/2025 09:00:00 AM,IMPROPER OVERTAKING/PASSING,NOT APPLICABLE,1840,W,104TH ST,2212,,,,,,,2,NO INDICATION OF INJURY,0,0,0,0,0,2,0,8,6,8,41.7048871802,-87.6687420141,POINT (-87.668742014068 41.7048871802)
1f3f85adb423ac2e9ddf7c7ea0b7ef24dbe601e51bd04a2b25dbf2fe99be67f29c028b86493dee041ef51e23d5ab607dc3d52dca3a85b1d95c1c265b912681f0,,08/08/2025 08:30:00 AM,25,NO CONTROLS,NO CONTROLS,CLEAR,DAYLIGHT,PARKED MOTOR VEHICLE,ONE-WAY,,STRAIGHT AND LEVEL,DRY,NO DEFECTS,NOT ON SCENE (DESK REPORT),NO INJURY / DRIVE AWAY,,,Y,"OVER $1,500",08/11/2025 05:25:00 PM,UNABLE TO DETERMINE,UNABLE TO DETERMINE,1401,N,MONITOR AVE,2531,,,,,,,2,NO INDICATION OF INJURY,0,0,0,0,0,1,0,8,6,8,41.9057671834,-87.7717011182,POINT (-87.771701118154 41.905767183388)
72d1fed981094442e4e509605b254064e7a6287420b198a47f06a6cd0629065fc2e6e5163f5e31b8516eae7e20ddd5b232f1cdb32d91a7dd0eaddd902a783f6a,,08/08/2025 08:30:00 AM,15,NO CONTROLS,NO CONTROLS,CLEAR,DAYLIGHT,PARKED MOTOR VEHICLE,ONE-WAY,,STRAIGHT AND LEVEL,DRY,NO DEFECTS,ON SCENE,NO INJURY / DRIVE AWAY,,,,$500 OR LESS,08/08/2025 08:32:00 AM,UNABLE TO DETERMINE,NOT APPLICABLE,4114,N,SPAULDING AVE,1724,,,,,,,2,NO INDICATION OF INJURY,0,0,0,0,0,1,0,8,6,8,41.9562078971,-87.7106827311,POINT (-87.710682731053 41.956207897109)
9178c4250decd2159f34f72473cb8293d574e6bd2e0a5d6490972e2c694b88a6dc54e1def8f43e787482c186c2dd0800788b8ef3f420a34a52f3db465973e0be,Y,08/08/2025 08:20:00 AM,20,UNKNOWN,OTHER,UNKNOWN,UNKNOWN,PARKED MOTOR VEHICLE,UNKNOWN,,STRAIGHT AND LEVEL,UNKNOWN,UNKNOWN,NOT ON SCENE (DESK REPORT),NO INJURY / DRIVE AWAY,,,Y,"OVER $1,500",08/08/2025 09:55:00 AM,UNABLE TO DETERMINE,NOT APPLICABLE,11008,S,STATE LINE RD,433,,,,,,,2,NO INDICATION OF INJURY,0,0,0,0,0,1,0,8,6,8,41.6951072136,-87.5247835405,POINT (-87.5247835405 41.695107213624)
1265929e8b3fea61ddc723187bc9859f22c1f6d6d2d27c1f7b1d6ac40e1985e45f89fe375c8e9a7a21f27a443e0fc95293b71c2da1e9c786bcf5789ae219bd82,,08/08/2025 08:02:00 AM,30,TRAFFIC SIGNAL,FUNCTIONING PROPERLY,CLEAR,DAYLIGHT,SIDESWIPE SAME DIRECTION,NOT DIVIDED,,STRAIGHT AND LEVEL,DRY,NO DEFECTS,ON SCENE,NO INJURY / DRIVE AWAY,,,Y,"OVER $1,500",08/08/2025 08:33:00 AM,IMPROPER OVERTAKING/PASSING,UNABLE TO DETERMINE,5103,W,LAWRENCE AVE,1623,,,,,,,2,NO INDICATION OF INJURY,0,0,0,0,0,2,0,8,6,8,41.9678251873,-87.7551411793,POINT (-87.755141179254 41.967825187256)
3f3a18b740d056d8b5804d0720e395a25f009ce31556c2644a8942a403a096cf6b376044223fa146fd1cf8d8a15a8e8b15683e21b8178184e8a9760144dc1478,,08/08/2025 08:00:00 AM,30,NO CONTROLS,NO CONTROLS,CLEAR,DAYLIGHT,PARKED MOTOR VEHICLE,NOT DIVIDED,,STRAIGHT AND LEVEL,DRY,UNKNOWN,NOT ON SCENE (DESK REPORT),NO INJURY / DRIVE AWAY,,,Y,"OVER $1,500",08/08/2025 09:35:00 AM,UNABLE TO DETERMINE,NOT APPLICABLE,4388,N,CLAREMONT AVE,1911,,,,,,,2,NO INDICATION OF INJURY,0,0,0,0,0,1,0,8,6,8,41.9612359239,-87.6876137545,POINT (-87.687613754487 41.961235923872)
9b195250cedb91cd9a4e83c5291b97baa9dd2d4e6b5fa32fa00abd9ac1c1c075f11c5e5a64178541f339072fa9df16e4e38f6b4346eee45149f9a213d5b5b567,,08/08/2025 08:00:00 AM,30,STOP SIGN/FLASHER,FUNCTIONING PROPERLY,CLEAR,DAYLIGHT,TURNING,NOT DIVIDED,,STRAIGHT AND LEVEL,DRY,NO DEFECTS,NOT ON SCENE (DESK REPORT),NO INJURY / DRIVE AWAY,,,Y,"OVER $1,500",08/08/2025 05:30:00 PM,DISREGARDING STOP SIGN,UNABLE TO DETERMINE,901,N,LARAMIE AVE,1531,,,,,,,2,NO INDICATION OF INJURY,0,0,0,0,0,2,0,8,6,8,41.8968460839,-87.7555003423,POINT (-87.755500342307 41.896846083883)
e0b6d30527f46b0e607540a259145dd4f8c16e545fa82da126c3b64fbebf586b1736e3ec95ec91f8f84ae58ad910ea3133924aab2ada462c5db1c05614061ebc,,08/08/2025 08:00:00 AM,30,NO CONTROLS,NO CONTROLS,CLEAR,DAYLIGHT,PARKED MOTOR VEHICLE,NOT DIVIDED,,STRAIGHT AND LEVEL,DRY,NO DEFECTS,NOT ON SCENE (DESK REPORT),NO INJURY / DRIVE AWAY,,,Y,"$501 - $1,500",08/14/2025 05:00:00 PM,UNABLE TO DETERMINE,UNABLE TO DETERMINE,410,S,MORGAN ST,1232,,,,,,,2,NO INDICATION OF INJURY,0,0,0,0,0,1,0,8,6,8,41.8762349992,-87.6520105213,POINT (-87.652010521257 41.876234999157)
2b2fb06839b677029c27c4b30d9b021ad4e555d33097fbe7e6a0ab52feaf7a0073f09a8ce715b6879bbb7c81c9fdfc058e22f453687f0f7d7350d5191b79f042,,08/08/2025 07:57:00 AM,30,NO CONTROLS,NO CONTROLS,CLEAR,DAYLIGHT,TURNING,NOT DIVIDED,,STRAIGHT AND LEVEL,DRY,NO DEFECTS,ON SCENE,INJURY AND / OR TOW DUE TO CRASH,N,,,"OVER $1,500",08/08/2025 07:57:00 AM,FAILING TO YIELD RIGHT-OF-WAY,NOT APPLICABLE,5701,N,MILWAUKEE AVE,1622,,,,,,,2,INCAPACITATING INJURY,2,0,1,1,0,0,0,7,6,8,41.9851062278,-87.7761738613,POINT (-87.776173861309 41.985106227793)
61dc22791f58ddf89df97ab64687aed64f628b583862b77ac614a709565985751d9c764043fa49940cc8f565cfb3b5dffce5d94d3e263d7392401dbe6640606c,,08/08/2025 07:50:00 AM,30,STOP SIGN/FLASHER,FUNCTIONING PROPERLY,CLEAR,DAYLIGHT,ANGLE,UNKNOWN INTERSECTION TYPE,,STRAIGHT AND LEVEL,DRY,NO DEFECTS,,NO INJURY / DRIVE AWAY,Y,,Y,"OVER $1,500",08/08/2025 07:56:00 AM,DISREGARDING STOP SIGN,UNABLE TO DETERMINE,100,N,PEORIA ST,1224,,,,,,,2,NO INDICATION OF INJURY,0,0,0,0,0,2,0,7,6,8,41.8831600281,-87.649884217,POINT (-87.649884217 41.883160028063)
6341b38c30ba59fecbde68437467effbb53e72f98761b98fcae94274a737888ae68a1f9aaaecba25155bae1445e18de4a9d36f0f4a51af3c674a46cc2f28d035,,08/08/2025 07:50:00 AM,30,NO CONTROLS,NO CONTROLS,CLEAR,DAYLIGHT,SIDESWIPE SAME DIRECTION,OTHER,,STRAIGHT AND LEVEL,DRY,NO DEFECTS,ON SCENE,NO INJURY / DRIVE AWAY,,,Y,$500 OR LESS,08/08/2025 07:55:00 AM,UNABLE TO DETERMINE,UNABLE TO DETERMINE,3858,W,BELMONT AVE,1732,,,,,,,2,NO INDICATION OF INJURY,0,0,0,0,0,2,0,7,6,8,41.939242842,-87.7239012614,POINT (-87.72390126142 41.939242841962)
bb4dd68629670953c4b50c4bb4ded6af72bcdea2f98d2aad1f26c8d9617a716034beaf7818a72fd6ff60e9e551fd07e6172d1e5adfd4372466fd54661f70330f,Y,08/08/2025 07:40:00 AM,30,NO CONTROLS,NO CONTROLS,CLEAR,DAYLIGHT,PEDALCYCLIST,DIVIDED - W/MEDIAN (NOT RAISED),,STRAIGHT AND LEVEL,DRY,UNKNOWN,NOT ON SCENE (DESK REPORT),NO INJURY / DRIVE AWAY,,,,$500 OR LESS,08/08/2025 08:40:00 AM,UNABLE TO DETERMINE,UNABLE TO DETERMINE,3526,W,BELMONT AVE,1732,,,,,,,2,NO INDICATION OF INJURY,0,0,0,0,0,2,0,7,6,8,41.9393413877,-87.7161284025,POINT (-87.716128402526 41.939341387678)
980f9ae1a6465e3c5cf5a94dd2649604455897c4db951aa5ec2e5269fd28672f440ceefc2754fbc254f60ba5507b347d9003c6d1ad765d91f2f9b78f4210a46b,,08/08/2025 07:38:00 AM,30,NO CONTROLS,NO CONTROLS,CLEAR,DAWN,FIXED OBJECT,DIVIDED - W/MEDIAN (NOT RAISED),,STRAIGHT AND LEVEL,DRY,NO DEFECTS,ON SCENE,INJURY AND / OR TOW DUE TO CRASH,,,,"OVER $1,500",08/08/2025 08:00:00 AM,UNABLE TO DETERMINE,UNABLE TO DETERMINE,25,E,63RD ST,312,,,,,,,1,NO INDICATION OF INJURY,0,0,0,0,0,1,0,7,6,8,41.7799202914,-87.6243963215,POINT (-87.624396321466 41.779920291418)
6994958a9ae4b69f5cff384f4556af9efb3e23ed36c86d7d6a4e78e9c49919f66eebc276ea039e4cd4cfea8a78983f17f49f745767cd12904de1887a41cb5cbb,Y,08/08/2025 07:37:00 AM,30,NO CONTROLS,NO CONTROLS,UNKNOWN,UNKNOWN,PARKED MOTOR VEHICLE,ONE-WAY,,STRAIGHT AND LEVEL,UNKNOWN,NO DEFECTS,ON SCENE,INJURY AND / OR TOW DUE TO CRASH,,,Y,"OVER $1,500",08/08/2025 07:40:00 AM,UNABLE TO DETERMINE,NOT APPLICABLE,1903,W,GARFIELD BLVD,715,,,,,,,2,NO INDICATION OF INJURY,0,0,0,0,0,1,0,7,6,8,41.7934656995,-87.6720020651,POINT (-87.672002065083 41.793465699491)
88e22b63371fb2486391f8b14955d5689464157f5f92c64a7c8ea3fde34c940aa3301874888540ca19f4c02ed62477d56429feb73c4dd73e99dfed799ff74b44,Y,08/08/2025 07:20:00 AM,10,NO CONTROLS,NO CONTROLS,CLEAR,DAYLIGHT,PARKED MOTOR VEHICLE,PARKING LOT,,STRAIGHT AND LEVEL,DRY,NO DEFECTS,ON SCENE,NO INJURY / DRIVE AWAY,,,,"OVER $1,500",08/08/2025 07:26:00 AM,IMPROPER BACKING,IMPROPER BACKING,2055,W,43RD ST,924,,Y,,,,,2,NO INDICATION OF INJURY,0,0,0,0,0,1,0,7,6,8,41.8156604178,-87.676797429,POINT (-87.676797429004 41.81566041777)
56b2c1fde7218f344055aa832c80d6de4b7f625b85489df3ffe9ea91f1b86ebfabdb04e0b26fb0831f5146624ff78dd532e20f43546bb289ccf958d59acd6054,,08/08/2025 07:10:00 AM,30,NO CONTROLS,NO CONTROLS,CLEAR,DAYLIGHT,REAR END,ONE-WAY,,STRAIGHT AND LEVEL,DRY,NO DEFECTS,NOT ON SCENE (DESK REPORT),NO INJURY / DRIVE AWAY,,,,"$501 - $1,500",08/08/2025 09:10:00 AM,FOLLOWING TOO CLOSELY,UNABLE TO DETERMINE,10000,W,OHARE ST,1651,,,,,,,2,NO INDICATION OF INJURY,0,0,0,0,0,2,0,7,6,8,41.976201139,-87.9053091251,POINT (-87.905309125103 41.976201139024)
d49f0039fd75d5bb1d6783d7776ea37fddb394b2028e01faaabcd6859866253abf1f7c5aef224b90358262fe532c5111468bc22f09c9415402e49e38e3dd5e9a,,08/08/2025 07:07:00 AM,25,TRAFFIC SIGNAL,FUNCTIONING PROPERLY,CLEAR,DAYLIGHT,REAR END,DIVIDED - W/MEDIAN (NOT RAISED),,STRAIGHT AND LEVEL,DRY,NO DEFECTS,ON SCENE,NO INJURY / DRIVE AWAY,Y,,,"OVER $1,500",08/08/2025 07:07:00 AM,FAILING TO YIELD RIGHT-OF-WAY,FOLLOWING TOO CLOSELY,5101,S,DR MARTIN LUTHER KING JR DR,233,,,,,,,2,NO INDICATION OF INJURY,0,0,0,0,0,2,0,7,6,8,41.8019959333,-87.6159807039,POINT (-87.615980703942 41.801995933295)
876c6e7bc19c4491321dd0f7aacf25c613f31457a14244e32e29d07ec5aeaf28324f8ad6e5ada95305487b976d3d8eeb4fc81fd8b2ea548747f70e9c393dad17,,08/08/2025 07:03:00 AM,30,NO CONTROLS,NO CONTROLS,CLEAR,DAYLIGHT,PARKED MOTOR VEHICLE,ONE-WAY,,STRAIGHT AND LEVEL,DRY,UNKNOWN,ON SCENE,INJURY AND / OR TOW DUE TO CRASH,,,,"OVER $1,500",08/08/2025 07:48:00 AM,UNABLE TO DETERMINE,UNABLE TO DETERMINE,7605,S,PEORIA ST,621,,,,,,,2,NO INDICATION OF INJURY,0,0,0,0,0,2,0,7,6,8,41.7558654788,-87.6464550372,POINT (-87.646455037163 41.755865478776)
2e73fad8e3249546e940c3bda28132a06f31075d3e36d40dcf5d15ca5b3d6365e1909add8770ff9b4e8167348e12e4ff6f808dfd19e14858e8c14bf5d186751a,,08/08/2025 06:54:00 AM,30,TRAFFIC SIGNAL,UNKNOWN,CLEAR,DAYLIGHT,SIDESWIPE SAME DIRECTION,NOT DIVIDED,,STRAIGHT AND LEVEL,DRY,UNKNOWN,NOT ON SCENE (DESK REPORT),NO INJURY / DRIVE AWAY,,,Y,"OVER $1,500",08/08/2025 05:00:00 PM,FAILING TO YIELD RIGHT-OF-WAY,NOT APPLICABLE,480,S,ASHLAND AVE,1231,,,,Y,CONSTRUCTION,,2,NO INDICATION OF INJURY,0,0,0,0,0,2,0,6,6,8,41.8751901408,-87.6667737338,POINT (-87.666773733757 41.875190140846)
37652285d0d5ab1770898d4c36d5114f21f342f302e931a63d21f43f6aaf46347383c59b06d6c40ad4203cec9afd784f4e9b025b290d27ffff80e58116ffbb26,,08/08/2025 06:30:00 AM,25,NO CONTROLS,NO CONTROLS,CLEAR,DAYLIGHT,FIXED OBJECT,ALLEY,,STRAIGHT AND LEVEL,DRY,NO DEFECTS,ON SCENE,INJURY AND / OR TOW DUE TO CRASH,,,Y,"OVER $1,500",08/08/2025 06:40:00 AM,UNABLE TO DETERMINE,NOT APPLICABLE,11039,S,PARNELL AVE,2233,,,,,,,1,NO INDICATION OF INJURY,0,0,0,0,0,1,0,6,6,8,41.693087268,-87.6362124924,POINT (-87.636212492445 41.693087268032)
9328d63b8bd26cc54e50def08c441455692c830eb38bb95edd0ea45a9555e9bdc9a15ec3c14754d152faff75b815c9f4374085683a29c00f46d115be139e423e,,08/08/2025 06:10:00 AM,30,NO CONTROLS,NO CONTROLS,CLEAR,UNKNOWN,PARKED MOTOR VEHICLE,ONE-WAY,,STRAIGHT AND LEVEL,DRY,UNKNOWN,NOT ON SCENE (DESK REPORT),NO INJURY / DRIVE AWAY,,,Y,$500 OR LESS,08/08/2025 08:27:00 PM,NOT APPLICABLE,UNABLE TO DETERMINE,4938,W,SUPERIOR ST,1531,,,,,,,2,NO INDICATION OF INJURY,0,0,0,0,0,1,0,6,6,8,41.8941322124,-87.7497913083,POINT (-87.749791308328 41.894132212367)
afbd2e34953229e7f941bc073eb874d5472188e3d836a981af4ba1749ea2dfaffa1cbc55e2d0ae84850d0f6ed9036ef161ea67c7d5f92dd1c0d190d76ca9daae,,08/08/2025 05:44:00 AM,45,NO CONTROLS,NO CONTROLS,CLEAR,DAYLIGHT,REAR END,DIVIDED - W/MEDIAN (NOT RAISED),,STRAIGHT AND LEVEL,DRY,NO DEFECTS,ON SCENE,NO INJURY / DRIVE AWAY,,,,$500 OR LESS,08/08/2025 05:52:00 AM,FOLLOWING TOO CLOSELY,NOT APPLICABLE,10265,W,ZEMKE RD,1654,,,,,,,2,NO INDICATION OF INJURY,0,0,0,0,0,2,0,5,6,8,41.9947905715,-87.8828428434,POINT (-87.882842843397 41.994790571501)
28c578cd26070b96995c574ae50ce739b89e7c8a2c40258f39ea360cf4a58651099f3a1345a8ed749fdf479fae76d8a7b72e7e161e1c97e807ec85869335b4ba,,08/08/2025 05:40:00 AM,30,TRAFFIC SIGNAL,FUNCTIONING PROPERLY,CLEAR,DAYLIGHT,TURNING,FOUR WAY,,STRAIGHT AND LEVEL,DRY,NO DEFECTS,NOT ON SCENE (DESK REPORT),NO INJURY / DRIVE AWAY,,,,"OVER $1,500",08/08/2025 10:15:00 AM,UNABLE TO DETERMINE,NOT APPLICABLE,2400,N,CENTRAL AVE,2515,,,,,,,2,NO INDICATION OF INJURY,0,0,0,0,0,2,0,5,6,8,41.9240689223,-87.7661412141,POINT (-87.766141214132 41.924068922276)
461333f295684a6bcffb67821a142b293c085469128dd1077d22ea3a0595324c28793879c5b42eca2733243d5ec035fe50fc4c5bda2258893f847465ae2fbb6e,,08/08/2025 05:40:00 AM,10,NO CONTROLS,NO CONTROLS,RAIN,DAYLIGHT,PARKED MOTOR VEHICLE,PARKING LOT,,STRAIGHT AND LEVEL,WET,NO DEFECTS,ON SCENE,NO INJURY / DRIVE AWAY,,,,"$501 - $1,500",08/09/2025 07:10:00 PM,UNABLE TO DETERMINE,NOT APPLICABLE,1,W,PARKING LOT A ST,1654,,,,,,,2,NO INDICATION OF INJURY,0,0,0,0,0,1,0,5,6,8,,,
b9f8c5767d215d056ab80fe01a7d7967936c1cfeaaead1f794de7e3a8ba5ee046ee4062d160ea74e1d6fc6dba98e2f2843a6e7d2a6e41058af164ad512a8a217,,08/08/2025 05:37:00 AM,30,UNKNOWN,UNKNOWN,CLEAR,DAYLIGHT,ANGLE,NOT DIVIDED,,STRAIGHT AND LEVEL,DRY,UNKNOWN,ON SCENE,INJURY AND / OR TOW DUE TO CRASH,Y,,,"OVER $1,500",08/08/2025 05:39:00 AM,FAILING TO REDUCE SPEED TO AVOID CRASH,UNABLE TO DETERMINE,5300,W,JACKSON BLVD,1522,,,,,,,4,"REPORTED, NOT EVIDENT",1,0,0,0,1,1,0,5,6,8,41.8767347174,-87.7576594874,POINT (-87.757659487444 41.876734717409)
68ecbe654f0c53daba64ec6c8f896695e47b03db7e57d2d4e658de68dec083093589c05e6c6b4eed37354dd63d190d4f7ca5fbb4beb95508c7f4132f9844f36b,,08/08/2025 04:45:00 AM,30,TRAFFIC SIGNAL,FUNCTIONING PROPERLY,CLEAR,DAYLIGHT,TURNING,DIVIDED - W/MEDIAN (NOT RAISED),,STRAIGHT AND LEVEL,DRY,NO DEFECTS,ON SCENE,INJURY AND / OR TOW DUE TO CRASH,Y,,,"OVER $1,500",08/08/2025 04:59:00 AM,FAILING TO YIELD RIGHT-OF-WAY,NOT APPLICABLE,3958,W,63RD ST,823,,,,,,,2,NO INDICATION OF INJURY,0,0,0,0,0,3,0,4,6,8,41.7787692117,-87.7226393972,POINT (-87.722639397243 41.778769211741)
8ff8d86d9b23579aa4f9094176f19eebf0ec302b80ce0aae64ae1973682f6ac856f9c25bd7452f364ceb4d1b23b941c78fa16796303efdc6a35b27e8342a47d4,,08/08/2025 04:40:00 AM,30,NO CONTROLS,NO CONTROLS,CLEAR,"DARKNESS, LIGHTED ROAD",FIXED OBJECT,NOT DIVIDED,,STRAIGHT AND LEVEL,DRY,NO DEFECTS,ON SCENE,INJURY AND / OR TOW DUE TO CRASH,,,,"OVER $1,500",08/08/2025 05:32:00 AM,FAILING TO REDUCE SPEED TO AVOID CRASH,UNABLE TO DETERMINE,6426,S,DR MARTIN LUTHER KING JR DR,312,,Y,,,,,1,NONINCAPACITATING INJURY,1,0,0,1,0,0,0,4,6,8,41.7775960255,-87.6157065077,POINT (-87.615706507675 41.777596025544)
527a23cb5393751d9f15da598a2f0cf4b16318fe6a8b19ea1b3591b1adc5f16e838ed692aa48e3b2653d0173f415d3e2105679fed2a80b5c9b905a22bf62ccd7,,08/08/2025 04:00:00 AM,25,NO CONTROLS,NO CONTROLS,CLEAR,"DARKNESS, LIGHTED ROAD",PARKED MOTOR VEHICLE,DIVIDED - W/MEDIAN (NOT RAISED),,STRAIGHT AND LEVEL,DRY,NO DEFECTS,NOT ON SCENE (DESK REPORT),NO INJURY / DRIVE AWAY,,,Y,"OVER $1,500",08/09/2025 07:50:00 AM,UNABLE TO DETERMINE,UNABLE TO DETERMINE,845,W,BARRY AVE,1933,,,,,,,2,NO INDICATION OF INJURY,0,0,0,0,0,1,0,4,6,8,41.9380331587,-87.65091835,POINT (-87.650918350011 41.938033158652)
b5ff957598de967fd224762d5fe102db7e2f099a5718847c8049e6924cb3ecb9c37c12f374557219610256407a213a90fa26d16fa6257460148b50acef9d51aa,,08/08/2025 03:32:00 AM,30,TRAFFIC SIGNAL,FUNCTIONING PROPERLY,CLEAR,"DARKNESS, LIGHTED ROAD",ANGLE,DIVIDED - W/MEDIAN (NOT RAISED),,STRAIGHT AND LEVEL,DRY,NO DEFECTS,ON SCENE,INJURY AND / OR TOW DUE TO CRASH,Y,,Y,"OVER $1,500",08/08/2025 03:32:00 AM,"OPERATING VEHICLE IN ERRATIC, RECKLESS, CARELESS, NEGLIGENT OR AGGRESSIVE MANNER",DRIVING ON WRONG SIDE/WRONG WAY,4701,S,WESTERN AVE,922,,,,,,,2,NONINCAPACITATING INJURY,1,0,0,1,0,1,0,3,6,8,41.8083832288,-87.6842773566,POINT (-87.684277356591 41.808383228838)
cc2068425e2a8c9a91bc0451e80b8ea30a5a6c074d230b1aae7ae3eb14f1ff73dc3d6f66948c23d1c91c76fbea108d04f437b1ca73af772cfd4f6e82c762a2fc,,08/08/2025 03:23:00 AM,35,STOP SIGN/FLASHER,NO CONTROLS,CLEAR,DARKNESS,ANGLE,FOUR WAY,,STRAIGHT AND LEVEL,DRY,NO DEFECTS,ON SCENE,NO INJURY / DRIVE AWAY,,,,"$501 - $1,500",08/08/2025 03:23:00 AM,DISREGARDING STOP SIGN,NOT APPLICABLE,6299,N,CALIFORNIA AVE,2413,,,,,,,2,NO INDICATION OF INJURY,0,0,0,0,0,2,0,3,6,8,41.9956833587,-87.6994260723,POINT (-87.69942607231 41.995683358666)
2362e686750bf6ea7cb3fdc7a5684e3013f8150dd5f0d48cfc486fe3924ce488ce58b7f6b9f94a98bdd90656a9ee261079632bdc73c5b63e1e407f11a829f5e4,,08/08/2025 03:11:00 AM,35,NO CONTROLS,NO CONTROLS,CLEAR,"DARKNESS, LIGHTED ROAD",PARKED MOTOR VEHICLE,NOT DIVIDED,,STRAIGHT AND LEVEL,DRY,NO DEFECTS,ON SCENE,NO INJURY / DRIVE AWAY,,,Y,"$501 - $1,500",08/08/2025 03:17:00 AM,UNABLE TO DETERMINE,UNABLE TO DETERMINE,2128,S,ALBANY AVE,1022,,,,,,,3,NO INDICATION OF INJURY,0,0,0,0,0,1,0,3,6,8,41.8526616728,-87.7029934448,POINT (-87.702993444777 41.852661672757)
0d75b6cda72786b7a471b61cc61359744347c43de567229a1eba117c8b1f66365ac4c191b6026ea52d60fe8db6656ee07713b5104783b30bb843d5c419c7fa34,N,08/08/2025 03:00:00 AM,30,NO CONTROLS,NO CONTROLS,CLEAR,UNKNOWN,PARKED MOTOR VEHICLE,ONE-WAY,,STRAIGHT AND LEVEL,DRY,UNKNOWN,ON SCENE,NO INJURY / DRIVE AWAY,,,Y,"OVER $1,500",08/08/2025 09:49:00 AM,UNABLE TO DETERMINE,NOT APPLICABLE,901,E,65TH ST,321,,,,,,,2,NO INDICATION OF INJURY,0,0,0,0,0,1,0,3,6,8,41.7766946979,-87.6033840435,POINT (-87.603384043507 41.77669469789)