CRASH_RECORD_ID,CRASH_DATE_EST_I,CRASH_DATE,POSTED_SPEED_LIMIT,TRAFFIC_CONTROL_DEVICE,DEVICE_CONDITION,WEATHER_CONDITION,LIGHTING_CONDITION,FIRST_CRASH_TYPE,TRAFFICWAY_TYPE,LANE_CNT,ALIGNMENT,ROADWAY_SURFACE_COND,ROAD_DEFECT,REPORT_TYPE,CRASH_TYPE,INTERSECTION_RELATED_I,NOT_RIGHT_OF_WAY_I,HIT_AND_RUN_I,DAMAGE,DATE_POLICE_NOTIFIED,PRIM_CONTRIBUTORY_CAUSE,SEC_CONTRIBUTORY_CAUSE,STREET_NO,STREET_DIRECTION,STREET_NAME,BEAT_OF_OCCURRENCE,PHOTOS_TAKEN_I,STATEMENTS_TAKEN_I,DOORING_I,WORK_ZONE_I,WORK_ZONE_TYPE,WORKERS_PRESENT_I,NUM_UNITS,MOST_SEVERE_INJURY,INJURIES_TOTAL,INJURIES_FATAL,INJURIES_INCAPACITATING,INJURIES_NON_INCAPACITATING,INJURIES_REPORTED_NOT_EVIDENT,INJURIES_NO_INDICATION,INJURIES_UNKNOWN,CRASH_HOUR,CRASH_DAY_OF_WEEK,CRASH_MONTH,LATITUDE,LONGITUDE,LOCATION
db16999dffc57bc8fb34dd552f6dc47596a1353ca01ea8e775b88b11c8b7ad75d1703f825966256c7fc4f66ed2cd07a16d0786ab51a3dda9bf1dc67d3f130c1e,,08/08/2025 02:55:00 AM,35,STOP SIGN/FLASHER,FUNCTIONING PROPERLY,CLEAR,"DARKNESS, LIGHTED ROAD",ANGLE,FOUR WAY,,STRAIGHT AND LEVEL,DRY,UNKNOWN,ON SCENE,INJURY AND / OR TOW DUE TO CRASH,Y,,,"OVER $1,500",08/08/2025 02:58:00 AM,DISREGARDING TRAFFIC SIGNALS,NOT APPLICABLE,1600,W,ROOSEVELT RD,1231,,,,,,,2,NO INDICATION OF INJURY,0,0,0,0,0,2,0,2,6,8,41.8669711164,-87.6665097438,POINT (-87.666509743796 41.86697111645)
4988e6a39945a0dbf0940e99451a66a19dcd05b69faab74eca883ef7af971e454ccf65048eb7614aa1966865c2bac0b8c6f2d317b2d5b72b949f9505ce6dd7de,,08/08/2025 02:29:00 AM,30,NO CONTROLS,NO CONTROLS,CLEAR,"DARKNESS, LIGHTED ROAD",FIXED OBJECT,NOT DIVIDED,,STRAIGHT AND LEVEL,DRY,NO DEFECTS,ON SCENE,INJURY AND / OR TOW DUE TO CRASH,,,N,"OVER $1,500",08/08/2025 02:29:00 AM,UNABLE TO DETERMINE,UNABLE TO DETERMINE,8217,S,VINCENNES AVE,622,,,,,,,1,NO INDICATION OF INJURY,0,0,0,0,0,1,0,2,6,8,41.7447588558,-87.6356370438,POINT (-87.63563704382 41.74475885584)
8dbcf95409883d7a5f2ecb7b4dc64c0900456879b8547727c7b7e627c532ede6f188fb309803bfba2b34eba578a947d98ca39c049312bc890b1072babd5e7b1a,Y,08/08/2025 01:48:00 AM,35,TRAFFIC SIGNAL,FUNCTIONING PROPERLY,CLEAR,"DARKNESS, LIGHTED ROAD",TURNING,NOT DIVIDED,,STRAIGHT AND LEVEL,DRY,NO DEFECTS,ON SCENE,INJURY AND / OR TOW DUE TO CRASH,,,,"OVER $1,500",08/08/2025 01:50:00 AM,UNABLE TO DETERMINE,UNABLE TO DETERMINE,4200,S,ASHLAND AVE,924,,,,,,,2,NONINCAPACITATING INJURY,2,0,0,2,0,0,0,1,6,8,41.8176801173,-87.6653336331,POINT (-87.665333633124 41.81768011732)
6cf43c6bc4cc1ef762a035746f030a9c50be97ee84b92cf335abeb0d763b022a85869b0458f7af43693d78bdb0e94b6ad131b01c4018ad8ecb2097d4e5f0cd18,,08/08/2025 01:34:00 AM,30,TRAFFIC SIGNAL,FUNCTIONING PROPERLY,CLEAR,"DARKNESS, LIGHTED ROAD",TURNING,NOT DIVIDED,,STRAIGHT AND LEVEL,DRY,NO DEFECTS,ON SCENE,NO INJURY / DRIVE AWAY,Y,,,"OVER $1,500",08/08/2025 01:37:00 AM,DRIVING SKILLS/KNOWLEDGE/EXPERIENCE,UNABLE TO DETERMINE,2020,W,79TH ST,611,,,,,,,2,NO INDICATION OF INJURY,0,0,0,0,0,3,0,1,6,8,41.7503317401,-87.6739816802,POINT (-87.67398168021 41.750331740148)
755ed6c7486930d39834dbb56b2a0a68ce4ecbda13347afbfe46d09f8aa01a8df655049efffadd418df1dba9fd96d5de1547c48c19cd173f1bc7d0e2fc39d83b,,08/08/2025 01:30:00 AM,25,UNKNOWN,UNKNOWN,CLEAR,"DARKNESS, LIGHTED ROAD",TURNING,OTHER,,STRAIGHT AND LEVEL,DRY,UNKNOWN,ON SCENE,NO INJURY / DRIVE AWAY,Y,,,"OVER $1,500",08/08/2025 01:50:00 AM,FAILING TO YIELD RIGHT-OF-WAY,IMPROPER TURNING/NO SIGNAL,356,N,CICERO AVE,1532,,,,,,,2,NO INDICATION OF INJURY,0,0,0,0,0,2,0,1,6,8,41.8868512629,-87.7456535196,POINT (-87.745653519601 41.886851262919)
bed782a3bec316c530987599f18e3a7d12e3c4e152be06fd4c25be61f95c3902a6c38db3f08ef9626a839d0f17392ef618c7069b5fd2c9c85677a90c4699bfd3,Y,08/08/2025 01:00:00 AM,25,NO CONTROLS,NO CONTROLS,CLEAR,DAWN,PARKED MOTOR VEHICLE,NOT DIVIDED,,"CURVE, LEVEL",DRY,NO DEFECTS,ON SCENE,INJURY AND / OR TOW DUE TO CRASH,,,Y,"OVER $1,500",08/08/2025 06:42:00 AM,UNABLE TO DETERMINE,UNABLE TO DETERMINE,7717,N,HERMITAGE AVE,2422,,Y,,,,,2,NO INDICATION OF INJURY,0,0,0,0,0,1,0,1,6,8,42.0215402676,-87.674102523,POINT (-87.674102522989 42.021540267649)
712b160e8cdc992313712cd61bc31d0c1cfbee171e06a1ee539a5754eecec3022981ed613515f1f8e4f19875dd68970072739d4cba2b217df2e75d9babe77658,,08/08/2025 12:45:00 AM,25,TRAFFIC SIGNAL,FUNCTIONING PROPERLY,CLEAR,"DARKNESS, LIGHTED ROAD",REAR END,DIVIDED - W/MEDIAN BARRIER,,STRAIGHT AND LEVEL,DRY,NO DEFECTS,NOT ON SCENE (DESK REPORT),NO INJURY / DRIVE AWAY,Y,,Y,"OVER $1,500",08/08/2025 10:30:00 AM,UNABLE TO DETERMINE,NOT APPLICABLE,603,S,INDEPENDENCE BLVD,1133,,,,,,,2,NO INDICATION OF INJURY,0,0,0,0,0,2,0,0,6,8,41.8734120329,-87.7196023246,POINT (-87.719602324613 41.873412032853)
bcaeaea126b86064798d00b537089efb3287d4c0cbb175c87a5921bb8dc4fc01db693a6acbeb4f48da350ce43bbf5683c17e50594cbbf144d091c9106fd1cf13,,08/08/2025 12:12:00 AM,30,NO CONTROLS,NO CONTROLS,CLEAR,DARKNESS,FIXED OBJECT,NOT DIVIDED,,STRAIGHT AND LEVEL,UNKNOWN,UNKNOWN,ON SCENE,INJURY AND / OR TOW DUE TO CRASH,,,,"OVER $1,500",08/08/2025 12:12:00 AM,UNABLE TO DETERMINE,UNABLE TO DETERMINE,55,E,60TH ST,311,,,,,,,1,NO INDICATION OF INJURY,0,0,0,0,0,1,0,0,6,8,41.7854525965,-87.6233616487,POINT (-87.623361648742 41.785452596461)
b33c813285337caa1b0bce6ae91214842189f112544a5ff55d54db65465de30452b4ee933afbff9e449373a4ba23e0eba471f443fdcedd23921b495ecf1a1df5,,08/08/2025 12:10:00 AM,30,TRAFFIC SIGNAL,FUNCTIONING PROPERLY,CLEAR,"DARKNESS, LIGHTED ROAD",SIDESWIPE SAME DIRECTION,NOT DIVIDED,,STRAIGHT AND LEVEL,DRY,NO DEFECTS,ON SCENE,INJURY AND / OR TOW DUE TO CRASH,,,,"OVER $1,500",08/08/2025 12:23:00 AM,UNABLE TO DETERMINE,UNABLE TO DETERMINE,2431,W,TOUHY AVE,2411,,,,,,,2,NO INDICATION OF INJURY,0,0,0,0,0,2,0,0,6,8,42.0121445443,-87.6914705966,POINT (-87.691470596567 42.012144544315)
2588f2a942e5656649c64dee3341c303d1686b9178fbda3f8ca59d47a57779241b5148ad8071bc10433fb69ba28e76d7f59c5fe6e20bf1f8126d18fee4016138,,08/08/2025 12:09:00 AM,35,NO CONTROLS,NO CONTROLS,CLEAR,"DARKNESS, LIGHTED ROAD",TURNING,ONE-WAY,,STRAIGHT AND LEVEL,DRY,NO DEFECTS,NOT ON SCENE (DESK REPORT),NO INJURY / DRIVE AWAY,,,Y,$500 OR LESS,08/08/2025 12:22:00 AM,UNABLE TO DETERMINE,NOT APPLICABLE,3200,N,LAKE SHORE DR,1925,,,,,,,2,NO INDICATION OF INJURY,0,0,0,0,0,2,0,0,6,8,41.9409091633,-87.63936916,POINT (-87.639369159955 41.940909163268)
a7259cf39667c07c96e491b098c5454f10c6ad9903aa220059f6a71bbae9b15e5b4d3c7bff83a080ecea6bc013ac6a48b2f569f45565e0d9ff35d83f535f036f,Y,08/08/2025 12:00:00 AM,15,NO CONTROLS,NO CONTROLS,CLEAR,"DARKNESS, LIGHTED ROAD",PEDESTRIAN,ALLEY,,STRAIGHT AND LEVEL,DRY,NO DEFECTS,ON SCENE,INJURY AND / OR TOW DUE TO CRASH,,,Y,$500 OR LESS,08/08/2025 12:37:00 AM,UNABLE TO DETERMINE,UNABLE TO DETERMINE,6738,S,KOLMAR AVE,833,,,,,,,2,NONINCAPACITATING INJURY,1,0,0,1,0,2,0,0,6,8,41.7700628322,-87.7360957816,POINT (-87.736095781589 41.770062832196)
ca7a7ced8009ce0059bc14505c27dc11d0a5e73d31dd544589afb2822d32a97b35831fe61c9f06df923229b00908c4f3ff67429e0b0248bc40fc904a50ecb018,,08/08/2025 12:00:00 AM,30,NO CONTROLS,NO CONTROLS,CLEAR,"DARKNESS, LIGHTED ROAD",PARKED MOTOR VEHICLE,NOT DIVIDED,,STRAIGHT AND LEVEL,DRY,NO DEFECTS,NOT ON SCENE (DESK REPORT),NO INJURY / DRIVE AWAY,,,Y,"OVER $1,500",08/09/2025 01:00:00 AM,UNABLE TO DETERMINE,NOT APPLICABLE,3922,W,47TH ST,821,,,,,,,2,NO INDICATION OF INJURY,0,0,0,0,0,1,0,0,6,8,41.8079982346,-87.7222056466,POINT (-87.722205646589 41.807998234585)
20621188dfbd58bee8eb8ee179fc8a2e016cbbd1b6042fd26f25a5f941778df5b703d86b0104b14f344130121bdccdac937141accedb2b67470bb51e6cb81929,,08/07/2025 11:45:00 PM,30,STOP SIGN/FLASHER,FUNCTIONING PROPERLY,CLEAR,"DARKNESS, LIGHTED ROAD",REAR END,OTHER,,STRAIGHT AND LEVEL,DRY,NO DEFECTS,ON SCENE,NO INJURY / DRIVE AWAY,,,Y,"OVER $1,500",08/07/2025 11:47:00 PM,UNABLE TO DETERMINE,UNABLE TO DETERMINE,4698,W,WEST END AVE,1113,,,,,,,2,NO INDICATION OF INJURY,0,0,0,0,0,4,0,23,5,8,41.8832692378,-87.7427966038,POINT (-87.742796603816 41.883269237775)
c0e633f20359011c2fdbd226b4cd219a73bc0a6639d10a058b06980ea9c608d7c86d60a0b281b270cb420ebd1d85421186eb071e9e553ae4069526ea25845d9b,,08/07/2025 11:40:00 PM,30,TRAFFIC SIGNAL,FUNCTIONING PROPERLY,CLEAR,"DARKNESS, LIGHTED ROAD",PEDALCYCLIST,NOT DIVIDED,,STRAIGHT AND LEVEL,DRY,NO DEFECTS,ON SCENE,INJURY AND / OR TOW DUE TO CRASH,Y,,,"OVER $1,500",08/07/2025 11:41:00 PM,UNABLE TO DETERMINE,UNABLE TO DETERMINE,1,E,87TH ST,632,,,,,,,2,NONINCAPACITATING INJURY,1,0,0,1,0,3,0,23,5,8,41.7361915177,-87.624078067,POINT (-87.624078066975 41.736191517717)
05dbe297f08679d0ff16d59a93ebf4b33523702ea90e9baf6f50b83f5354ab3545f105ca24bec6b6b3a64075c3d71eb07e58f67f1fe90de95c6bb4f31350de24,Y,08/07/2025 11:27:00 PM,30,TRAFFIC SIGNAL,UNKNOWN,UNKNOWN,UNKNOWN,PEDALCYCLIST,FOUR WAY,,STRAIGHT AND LEVEL,UNKNOWN,UNKNOWN,,INJURY AND / OR TOW DUE TO CRASH,Y,,Y,"OVER $1,500",08/11/2025 04:02:00 PM,IMPROPER LANE USAGE,UNABLE TO DETERMINE,6300,S,WESTERN AVE,825,,Y,,,,,2,"REPORTED, NOT EVIDENT",1,0,0,0,1,1,0,23,5,8,41.7791234838,-87.6837830986,POINT (-87.683783098636 41.77912348384)
4ae98bb17ecf2fbfed338ce7a67da58230966037f1225ee5d7495defa387d4a0b4a14dc2984f60c131c43f5462c122b3f0a1178b7832c1dfe7750149e2e90a3d,,08/07/2025 11:25:00 PM,30,NO CONTROLS,NO CONTROLS,CLEAR,"DARKNESS, LIGHTED ROAD",PEDALCYCLIST,DIVIDED - W/MEDIAN (NOT RAISED),,STRAIGHT AND LEVEL,DRY,UNKNOWN,ON SCENE,INJURY AND / OR TOW DUE TO CRASH,,,,"$501 - $1,500",08/07/2025 11:27:00 PM,UNABLE TO DETERMINE,NOT APPLICABLE,1347,S,HALSTED ST,1232,,,Y,,,,2,NONINCAPACITATING INJURY,1,0,0,1,0,4,0,23,5,8,41.8640755308,-87.6466830866,POINT (-87.646683086572 41.864075530761)
599606577d09bbfd9684eef3cb7d48dd6204a227b54da44b1a5932d6563919cbb60dd3e1f7dfb613008e2dbacf5c6623ac10b8d56c57d7c92e17fb3bcc3b9f3e,Y,08/07/2025 11:25:00 PM,30,NO CONTROLS,NO CONTROLS,CLEAR,DARKNESS,PARKED MOTOR VEHICLE,NOT DIVIDED,,STRAIGHT AND LEVEL,DRY,NO DEFECTS,ON SCENE,NO INJURY / DRIVE AWAY,,,,$500 OR LESS,08/07/2025 11:25:00 PM,IMPROPER BACKING,NOT APPLICABLE,1430,S,KEELER AVE,1011,N,N,,,,,2,NO INDICATION OF INJURY,0,0,0,0,0,1,0,23,5,8,41.861508104,-87.7300709476,POINT (-87.730070947587 41.861508104029)
d2cb49147710cf0156ff2f534d626d9215fee23d0c8e00d496b7d902cea017a634769be34569c183da7a4ef3f4699ba223b6dd3a70298654bad0e231b7c3c770,,08/07/2025 11:25:00 PM,30,NO CONTROLS,NO CONTROLS,CLEAR,DARKNESS,ANGLE,ONE-WAY,,STRAIGHT AND LEVEL,DRY,NO DEFECTS,ON SCENE,INJURY AND / OR TOW DUE TO CRASH,,,,"$501 - $1,500",08/07/2025 11:31:00 PM,IMPROPER TURNING/NO SIGNAL,NOT APPLICABLE,11031,S,VINCENNES AVE,2234,,,,,,,2,NO INDICATION OF INJURY,0,0,0,0,0,2,0,23,5,8,41.692975959,-87.6625659382,POINT (-87.662565938197 41.692975958953)
201223fc736a7911d8cc42b6b05469a2e64eba5e7eb76b7a41d017aa4e243dd4e2ab70a5d6691283f61d005311cfc67bdb91f3d7f64b277c6ed3ffb52b02a7b6,,08/07/2025 11:01:00 PM,30,TRAFFIC SIGNAL,UNKNOWN,CLEAR,"DARKNESS, LIGHTED ROAD",ANGLE,ONE-WAY,,STRAIGHT AND LEVEL,DRY,UNKNOWN,ON SCENE,INJURY AND / OR TOW DUE TO CRASH,Y,,,"OVER $1,500",08/07/2025 11:04:00 PM,DISREGARDING TRAFFIC SIGNALS,UNABLE TO DETERMINE,600,N,ORLEANS ST,1831,,,,,,,2,NONINCAPACITATING INJURY,2,0,0,1,1,1,0,23,5,8,41.8924106658,-87.63720268,POINT (-87.637202679986 41.892410665824)
2037e329df4dd17a14fa04abeab81a82c314b29fde49f58b6e5f0185e663b77b43586374356d2a2a02a21547571f55a4e4134798b69381725a808efbbf71c3ff,,08/07/2025 11:00:00 PM,30,NO CONTROLS,NO CONTROLS,CLEAR,DAYLIGHT,PARKED MOTOR VEHICLE,ONE-WAY,,STRAIGHT AND LEVEL,DRY,NO DEFECTS,NOT ON SCENE (DESK REPORT),NO INJURY / DRIVE AWAY,,,Y,"$501 - $1,500",08/12/2025 12:45:00 PM,NOT APPLICABLE,NOT APPLICABLE,1515,W,FARWELL AVE,2431,,,,,,,2,NO INDICATION OF INJURY,0,0,0,0,0,1,0,23,5,8,42.0065319845,-87.6684737517,POINT (-87.668473751653 42.006531984501)
24745177721d477c128fbc67705c852ac6f9a78beae23fb84c6ad7e302c38925cdbd2d4997830540b882d84c91c0c7dcc94871a022e723474a3dbb7358d561d4,,08/07/2025 11:00:00 PM,20,TRAFFIC SIGNAL,FUNCTIONING PROPERLY,CLEAR,"DARKNESS, LIGHTED ROAD",REAR END,NOT DIVIDED,,STRAIGHT AND LEVEL,DRY,NO DEFECTS,NOT ON SCENE (DESK REPORT),NO INJURY / DRIVE AWAY,,,Y,"OVER $1,500",08/07/2025 11:10:00 PM,UNABLE TO DETERMINE,UNABLE TO DETERMINE,1400,W,MARQUETTE RD,725,,,,,,,2,NO INDICATION OF INJURY,0,0,0,0,0,4,0,23,5,8,41.7723714335,-87.6592296705,POINT (-87.659229670486 41.772371433514)
7b044c21e2fccf8c35e6804cb50004d7f5a02b6aa8f0b153f901a690d0624e2348cf23abdbf464e109c122bf8c5609b9b27d93ea4c2da975fee17eee23678b24,,08/07/2025 10:48:00 PM,25,STOP SIGN/FLASHER,FUNCTIONING PROPERLY,UNKNOWN,UNKNOWN,REAR END,ONE-WAY,,STRAIGHT AND LEVEL,UNKNOWN,UNKNOWN,NOT ON SCENE (DESK REPORT),NO INJURY / DRIVE AWAY,Y,,,"OVER $1,500",08/11/2025 03:02:00 PM,FOLLOWING TOO CLOSELY,DRIVING SKILLS/KNOWLEDGE/EXPERIENCE,999,W,FULTON MARKET,1214,,,,,,,2,NO INDICATION OF INJURY,0,0,0,0,0,2,0,22,5,8,41.8866304119,-87.6521121456,POINT (-87.652112145575 41.886630411924)
563b5414abaf3d6173262c203d333a744b7c0662202cabd1eeecb178021051c4efac82cf3b94a8f2203602262ae147bbdd1f6e9063800d207e1b0044e7bb73af,,08/07/2025 10:45:00 PM,30,TRAFFIC SIGNAL,FUNCTIONING PROPERLY,CLEAR,"DARKNESS, LIGHTED ROAD",REAR END,DIVIDED - W/MEDIAN BARRIER,,STRAIGHT AND LEVEL,DRY,NO DEFECTS,NOT ON SCENE (DESK REPORT),INJURY AND / OR TOW DUE TO CRASH,Y,,,"OVER $1,500",08/07/2025 10:59:00 PM,FAILING TO REDUCE SPEED TO AVOID CRASH,FOLLOWING TOO CLOSELY,4550,S,ASHLAND AVE,924,,,,,,,2,"REPORTED, NOT EVIDENT",1,0,0,0,1,1,0,22,5,8,41.8107331781,-87.6651743319,POINT (-87.665174331876 41.810733178099)
31f9ccc7bcc5c96d870d3c8645622aa8a3f9913cac43a8707fe38a604c89f237ea8a9ce0e9527d936f1fd9eb7ccce02ec922420ef5a430718d92d4bba3284cf3,,08/07/2025 10:44:00 PM,30,TRAFFIC SIGNAL,FUNCTIONING PROPERLY,CLEAR,"DARKNESS, LIGHTED ROAD",ANGLE,DIVIDED - W/MEDIAN (NOT RAISED),,STRAIGHT AND LEVEL,DRY,NO DEFECTS,NOT ON SCENE (DESK REPORT),NO INJURY / DRIVE AWAY,Y,,Y,"OVER $1,500",08/07/2025 11:45:00 PM,DISREGARDING TRAFFIC SIGNALS,IMPROPER OVERTAKING/PASSING,6799,W,DIVERSEY AVE,2512,,,,,,,2,NO INDICATION OF INJURY,0,0,0,0,0,2,0,22,5,8,41.930775066,-87.795400106,POINT (-87.795400105985 41.930775066023)
5ab7674a483c5ced7889b16e5522f8975e0cac2b554e86f3880c2e192f8e5d753aca365c7374d008113923af0949ca1ca857e8750dcdb23bc63231c35980cb96,,08/07/2025 10:40:00 PM,30,NO CONTROLS,NO CONTROLS,CLEAR,UNKNOWN,OTHER OBJECT,UNKNOWN,,STRAIGHT AND LEVEL,UNKNOWN,UNKNOWN,NOT ON SCENE (DESK REPORT),NO INJURY / DRIVE AWAY,,,,"OVER $1,500",08/08/2025 12:55:00 PM,UNABLE TO DETERMINE,UNABLE TO DETERMINE,10000,W,OHARE ST,1651,,,,,,,1,NO INDICATION OF INJURY,0,0,0,0,0,1,0,22,5,8,41.976201139,-87.9053091251,POINT (-87.905309125103 41.976201139024)
68064ca4fcd7d2cf5447063377bd5f6aa44079c0fcc9f2a92a0cc94ab31f2a06e133dc001cdfd62340ee5a104c05a9892073b12b4af05acc8225dabe12419b90,,08/07/2025 10:34:00 PM,30,TRAFFIC SIGNAL,FUNCTIONING PROPERLY,CLEAR,"DARKNESS, LIGHTED ROAD",REAR END,NOT DIVIDED,,STRAIGHT AND LEVEL,DRY,NO DEFECTS,NOT ON SCENE (DESK REPORT),NO INJURY / DRIVE AWAY,,,Y,"$501 - $1,500",08/07/2025 11:05:00 PM,UNABLE TO DETERMINE,NOT APPLICABLE,175,N,STATE ST,111,,,,,,,2,NO INDICATION OF INJURY,0,0,0,0,0,7,0,22,5,8,41.8852377995,-87.6277818345,POINT (-87.627781834474 41.885237799493)
01ec83aa78d2926615dd7da1d73e4e81dea194b853ed98c0fd01b772859b19dce594ec78178ece8fa79b5b168ca5030169d9eb31edd3606a27b0da505979d723,,08/07/2025 10:03:00 PM,30,TRAFFIC SIGNAL,NO CONTROLS,CLEAR,"DARKNESS, LIGHTED ROAD",SIDESWIPE SAME DIRECTION,DIVIDED - W/MEDIAN (NOT RAISED),,STRAIGHT AND LEVEL,DRY,NO DEFECTS,NOT ON SCENE (DESK REPORT),NO INJURY / DRIVE AWAY,Y,,,"OVER $1,500",08/07/2025 10:23:00 PM,IMPROPER OVERTAKING/PASSING,NOT APPLICABLE,3398,W,GRAND AVE,1121,,,,,,,2,NO INDICATION OF INJURY,0,0,0,0,0,2,0,22,5,8,41.9001601933,-87.7119199706,POINT (-87.711919970596 41.900160193264)
26195107a1d3d5d02917d99e904949118073520908bf1d07b910c71034bd9aab95c4be27461753876bf185894cddc5e60acfd4c935cccae729ccd883ac6eb052,,08/07/2025 10:00:00 PM,30,TRAFFIC SIGNAL,FUNCTIONING PROPERLY,CLEAR,"DARKNESS, LIGHTED ROAD",TURNING,NOT DIVIDED,,STRAIGHT AND LEVEL,DRY,UNKNOWN,NOT ON SCENE (DESK REPORT),NO INJURY / DRIVE AWAY,Y,,Y,"$501 - $1,500",08/08/2025 12:00:00 AM,IMPROPER TURNING/NO SIGNAL,NOT APPLICABLE,300,W,VAN BUREN ST,122,,,,,,,2,NO INDICATION OF INJURY,0,0,0,0,0,2,0,22,5,8,41.876935051,-87.6352513621,POINT (-87.635251362121 41.876935051034)
47915f77841d3fde79825c27d6d1661805edf6a39d57d3071594c7e10643557ef24c3c106ec5224e69a40312add9c6a4fa8437f6601412b8f5bbaa5de54c360a,,08/07/2025 10:00:00 PM,30,STOP SIGN/FLASHER,NO CONTROLS,CLEAR,"DARKNESS, LIGHTED ROAD",ANGLE,FOUR WAY,,STRAIGHT AND LEVEL,DRY,NO DEFECTS,ON SCENE,INJURY AND / OR TOW DUE TO CRASH,Y,,,"OVER $1,500",08/07/2025 10:30:00 PM,FAILING TO YIELD RIGHT-OF-WAY,NOT APPLICABLE,5300,S,DORCHESTER AVE,234,,,,,,,2,FATAL,1,1,0,0,0,3,0,22,5,8,41.799456861,-87.5919317114,POINT (-87.591931711353 41.799456861025)
958840f534bfa6eeddf8e98bb7da82d4b77b50b64739c83a3064d7b134d20447fb5ca9e0a6820fc30602ff157eff453d6e2f7ad5f5e54e2bb82a25d03ed09817,,08/07/2025 10:00:00 PM,30,TRAFFIC SIGNAL,FUNCTIONING PROPERLY,CLEAR,"DARKNESS, LIGHTED ROAD",PEDALCYCLIST,NOT DIVIDED,,STRAIGHT AND LEVEL,DRY,NO DEFECTS,NOT ON SCENE (DESK REPORT),NO INJURY / DRIVE AWAY,,,Y,$500 OR LESS,08/09/2025 10:35:00 AM,FAILING TO YIELD RIGHT-OF-WAY,NOT APPLICABLE,3598,N,HALSTED ST,1924,,,,,,,2,NO INDICATION OF INJURY,0,0,0,0,0,2,0,22,5,8,41.9472645104,-87.6496314156,POINT (-87.649631415553 41.947264510386)
f5637f0bf0c1b14c07ce2df93121b2e79d1925dbd958d28c258e854cce659cf4396ab86ea6fc7acd7e25d6a5ecad0127f1304f5eba58faa21a60154f484a9f71,,08/07/2025 10:00:00 PM,20,NO CONTROLS,NO CONTROLS,CLEAR,"DARKNESS, LIGHTED ROAD",PARKED MOTOR VEHICLE,NOT DIVIDED,,STRAIGHT AND LEVEL,DRY,NO DEFECTS,NOT ON SCENE (DESK REPORT),NO INJURY / DRIVE AWAY,,,Y,"OVER $1,500",08/08/2025 10:45:00 AM,UNABLE TO DETERMINE,UNABLE TO DETERMINE,4345,N,CLAREMONT AVE,1911,,,,,,,2,NO INDICATION OF INJURY,0,0,0,0,0,1,0,22,5,8,41.9608450314,-87.6873071125,POINT (-87.687307112532 41.960845031375)
3d22b71a999a83c3a586d340fee075d442554da3b3bea6906d4b022ad6c3b605faed8cb744fd0aa5548c2609f6db51c6faf2850421175432deee23bd956a4458,,08/07/2025 09:54:00 PM,30,TRAFFIC SIGNAL,FUNCTIONING PROPERLY,CLEAR,"DARKNESS, LIGHTED ROAD",SIDESWIPE SAME DIRECTION,DIVIDED - W/MEDIAN (NOT RAISED),,STRAIGHT AND LEVEL,DRY,UNKNOWN,ON SCENE,INJURY AND / OR TOW DUE TO CRASH,,,Y,"OVER $1,500",08/07/2025 09:54:00 PM,UNABLE TO DETERMINE,NOT APPLICABLE,1400,E,47TH DR,222,,,,,,,2,NO INDICATION OF INJURY,0,0,0,0,0,2,0,21,5,8,41.8097954827,-87.5923738666,POINT (-87.592373866633 41.809795482717)
e79e9812aff849b483cdcbda0b84a12bd7d1c4426e217c2d309526480cacb863f87e9ef1903309931db68c6ac2dd5c4bb3139dd68146d544f9f250f984c409c2,,08/07/2025 09:54:00 PM,25,NO CONTROLS,NO CONTROLS,CLEAR,"DARKNESS, LIGHTED ROAD",PARKED MOTOR VEHICLE,DIVIDED - W/MEDIAN (NOT RAISED),,STRAIGHT AND LEVEL,DRY,UNKNOWN,ON SCENE,INJURY AND / OR TOW DUE TO CRASH,,,,$500 OR LESS,08/07/2025 09:54:00 PM,NOT APPLICABLE,NOT APPLICABLE,3043,N,SOUTHPORT AVE,1933,,,,,,,3,NONINCAPACITATING INJURY,1,0,0,1,0,0,0,21,5,8,41.9373913603,-87.6635924524,POINT (-87.663592452383 41.937391360335)
73df8a0d1389af55886c3be5b48cd5b7a971dc0be4e55593e3bcc9b15c4352f0f6668c589bb9e0294e6cc0d4d08030065d3ef7e78bf2b192924bf8bab2b61ad3,,08/07/2025 09:47:00 PM,30,UNKNOWN,UNKNOWN,CLEAR,DUSK,REAR END,DIVIDED - W/MEDIAN BARRIER,,STRAIGHT AND LEVEL,DRY,NO DEFECTS,NOT ON SCENE (DESK REPORT),NO INJURY / DRIVE AWAY,,,,"OVER $1,500",08/07/2025 10:00:00 PM,UNABLE TO DETERMINE,UNABLE TO DETERMINE,8900,S,STONY ISLAND AVE,413,,,,,,,2,NO INDICATION OF INJURY,0,0,0,0,0,2,0,21,5,8,41.7331879659,-87.5857126979,POINT (-87.585712697936 41.733187965898)
e169c864fb1337851f304e9b9258f6bc2f3cc64ad862b892a32daf3d305dcca12cf2ae2f9cd35b83154a88ee9fd50fb1bb654db079ce64ae88a53575734e4d3c,,08/07/2025 09:38:00 PM,30,NO CONTROLS,NO CONTROLS,CLEAR,"DARKNESS, LIGHTED ROAD",SIDESWIPE SAME DIRECTION,NOT DIVIDED,,STRAIGHT AND LEVEL,DRY,UNKNOWN,NOT ON SCENE (DESK REPORT),NO INJURY / DRIVE AWAY,,,,"OVER $1,500",08/07/2025 10:00:00 PM,IMPROPER TURNING/NO SIGNAL,IMPROPER LANE USAGE,5657,W,FOSTER AVE,1622,,,,,,,2,NO INDICATION OF INJURY,0,0,0,0,0,2,0,21,5,8,41.9755716704,-87.7707302424,POINT (-87.770730242396 41.975571670405)