CRASH_RECORD_ID,CRASH_DATE_EST_I,CRASH_DATE,POSTED_SPEED_LIMIT,TRAFFIC_CONTROL_DEVICE,DEVICE_CONDITION,WEATHER_CONDITION,LIGHTING_CONDITION,FIRST_CRASH_TYPE,TRAFFICWAY_TYPE,LANE_CNT,ALIGNMENT,ROADWAY_SURFACE_COND,ROAD_DEFECT,REPORT_TYPE,CRASH_TYPE,INTERSECTION_RELATED_I,NOT_RIGHT_OF_WAY_I,HIT_AND_RUN_I,DAMAGE,DATE_POLICE_NOTIFIED,PRIM_CONTRIBUTORY_CAUSE,SEC_CONTRIBUTORY_CAUSE,STREET_NO,STREET_DIRECTION,STREET_NAME,BEAT_OF_OCCURRENCE,PHOTOS_TAKEN_I,STATEMENTS_TAKEN_I,DOORING_I,WORK_ZONE_I,WORK_ZONE_TYPE,WORKERS_PRESENT_I,NUM_UNITS,MOST_SEVERE_INJURY,INJURIES_TOTAL,INJURIES_FATAL,INJURIES_INCAPACITATING,INJURIES_NON_INCAPACITATING,INJURIES_REPORTED_NOT_EVIDENT,INJURIES_NO_INDICATION,INJURIES_UNKNOWN,CRASH_HOUR,CRASH_DAY_OF_WEEK,CRASH_MONTH,LATITUDE,LONGITUDE,LOCATION
dd8108a658e552289f8bda692c70bc97f11be9cd6d7e2747215b45a5fe334f81850422624b850ce3faab49b6db3795acab86ccdd5b63324285c91cacaefd3093,,08/07/2025 09:36:00 PM,30,STOP SIGN/FLASHER,FUNCTIONING PROPERLY,CLEAR,"DARKNESS, LIGHTED ROAD",PEDESTRIAN,FOUR WAY,,STRAIGHT AND LEVEL,DRY,NO DEFECTS,ON SCENE,INJURY AND / OR TOW DUE TO CRASH,Y,,Y,"OVER $1,500",08/07/2025 09:48:00 PM,UNABLE TO DETERMINE,UNABLE TO DETERMINE,1,S,HOYNE AVE,1223,,,,,,,3,NONINCAPACITATING INJURY,2,0,0,2,0,1,0,21,5,8,41.8812127518,-87.6789387124,POINT (-87.678938712407 41.881212751778)
c54d0d261f8b0a466476eb8b67a6e399d4422a3918c403557a8c8acd25f31593730303715011278cbaf5f21bc8986a32db1018c0170929493aa721ae9969ff7e,,08/07/2025 09:35:00 PM,10,NO CONTROLS,NO CONTROLS,CLEAR,"DARKNESS, LIGHTED ROAD",REAR TO SIDE,PARKING LOT,,STRAIGHT AND LEVEL,DRY,NO DEFECTS,ON SCENE,NO INJURY / DRIVE AWAY,,Y,Y,"OVER $1,500",08/07/2025 09:40:00 PM,UNABLE TO DETERMINE,UNABLE TO DETERMINE,2939,W,ADDISON ST,1733,,,,,,,2,NO INDICATION OF INJURY,0,0,0,0,0,2,0,21,5,8,41.946538983,-87.7020848861,POINT (-87.702084886142 41.946538982968)
fc8c32bb8c1c298efe431261b766b907aa63921fd752facb6d7d8b820daceaca37a825b317a741e61426c5fc47e7e0ef3856456b21f2b938f8b6f4be6e3bef1c,,08/07/2025 09:34:00 PM,30,NO CONTROLS,NO CONTROLS,CLEAR,DARKNESS,PARKED MOTOR VEHICLE,NOT DIVIDED,,STRAIGHT AND LEVEL,DRY,NO DEFECTS,NOT ON SCENE (DESK REPORT),NO INJURY / DRIVE AWAY,,,Y,"OVER $1,500",08/08/2025 05:34:00 PM,IMPROPER OVERTAKING/PASSING,IMPROPER OVERTAKING/PASSING,11811,S,SANGAMON ST,524,,,,,,,2,NO INDICATION OF INJURY,0,0,0,0,0,1,0,21,5,8,41.6792104023,-87.6454638903,POINT (-87.64546389034 41.679210402275)
d37108f620c52690aa227d467179a19f782b1d6f1836a3592be4a1868f535eff5465ae760afea6307e69b4acd4b5abaa4d2469d2acb465d8102d84bd6ff018dd,,08/07/2025 09:25:00 PM,20,NO CONTROLS,NO CONTROLS,CLEAR,DARKNESS,PARKED MOTOR VEHICLE,ONE-WAY,,STRAIGHT AND LEVEL,DRY,UNKNOWN,ON SCENE,NO INJURY / DRIVE AWAY,,,Y,$500 OR LESS,08/07/2025 09:33:00 PM,UNABLE TO DETERMINE,NOT APPLICABLE,11957,S,STEWART AVE,522,,,,,,,2,NO INDICATION OF INJURY,0,0,0,0,0,1,0,21,5,8,41.6762490994,-87.6320798841,POINT (-87.63207988408 41.676249099419)
04acb870d26290f8be6610212e0a728c6bb7ee184b9449fe5643033d60e074802b25ce2b47fa7288a76d55c35d31e3c9a715d3c8b74b38671f52ef5d6bc3334a,,08/07/2025 09:20:00 PM,30,TRAFFIC SIGNAL,FUNCTIONING PROPERLY,CLEAR,"DARKNESS, LIGHTED ROAD",SIDESWIPE SAME DIRECTION,NOT DIVIDED,,STRAIGHT AND LEVEL,DRY,NO DEFECTS,NOT ON SCENE (DESK REPORT),NO INJURY / DRIVE AWAY,,,Y,"OVER $1,500",08/07/2025 10:20:00 PM,UNABLE TO DETERMINE,NOT APPLICABLE,7055,W,ARCHER AVE,811,,,,,,,2,NO INDICATION OF INJURY,0,0,0,0,0,3,0,21,5,8,41.7918868522,-87.7987491909,POINT (-87.798749190863 41.79188685218)
ba406e854a6a48c2cb99272239eceeef867dfc270b6a3277a6cbf4147091b301dea46ffd4fcb8006793c75aa0fbfa04ed5d95ae417b4374543ff55f8492836a3,,08/07/2025 09:20:00 PM,30,NO CONTROLS,NO CONTROLS,CLEAR,"DARKNESS, LIGHTED ROAD",REAR END,DIVIDED - W/MEDIAN (NOT RAISED),,STRAIGHT AND LEVEL,DRY,NO DEFECTS,ON SCENE,INJURY AND / OR TOW DUE TO CRASH,,,,"OVER $1,500",08/07/2025 09:25:00 PM,FAILING TO REDUCE SPEED TO AVOID CRASH,FAILING TO REDUCE SPEED TO AVOID CRASH,5821,W,MONTROSE AVE,1624,,,,,,,3,"REPORTED, NOT EVIDENT",1,0,0,0,1,5,0,21,5,8,41.9602965653,-87.7729750952,POINT (-87.772975095182 41.960296565334)
02efa159393da45c55359ab50f832999ebfda73379e8049d2aa7d2a6cf1eee20c34b43a3b477989bc514839714ece1374def7a8fcc3082a6310470c9bc8c1437,,08/07/2025 09:00:00 PM,15,NO CONTROLS,NO CONTROLS,CLEAR,"DARKNESS, LIGHTED ROAD",PARKED MOTOR VEHICLE,ONE-WAY,,STRAIGHT AND LEVEL,DRY,NO DEFECTS,ON SCENE,INJURY AND / OR TOW DUE TO CRASH,,,,"OVER $1,500",08/07/2025 10:30:00 PM,EQUIPMENT - VEHICLE CONDITION,NOT APPLICABLE,730,W,117TH PL,524,,,,,,,2,NO INDICATION OF INJURY,0,0,0,0,0,1,0,21,5,8,41.6808720134,-87.6408252392,POINT (-87.640825239198 41.680872013368)
fcdc6a1af706fa6a7c2211536069f443e19049672df946c1f9050331058ae25120fbc9cc37ed336c2c61f017ebcc4f1b5d89589ddf7220fc33ccf71e06921c81,,08/07/2025 09:00:00 PM,30,NO CONTROLS,NO CONTROLS,CLEAR,"DARKNESS, LIGHTED ROAD",PARKED MOTOR VEHICLE,DIVIDED - W/MEDIAN (NOT RAISED),,STRAIGHT AND LEVEL,DRY,UNKNOWN,ON SCENE,INJURY AND / OR TOW DUE TO CRASH,,,Y,"OVER $1,500",08/07/2025 09:09:00 PM,UNABLE TO DETERMINE,UNABLE TO DETERMINE,2250,W,PERSHING RD,912,,,,,,,2,NO INDICATION OF INJURY,0,0,0,0,0,1,0,21,5,8,41.8231358789,-87.6819700982,POINT (-87.681970098243 41.823135878852)
fc37e1f9200715264820d554c443eab9aa9e3cdf4a7495962ffbbfe3c8dddb35d2aafde77d2f850dac6837ca3975708eaef55450103552671e44da4dcd1af2af,,08/07/2025 08:50:00 PM,30,NO CONTROLS,NO CONTROLS,CLEAR,"DARKNESS, LIGHTED ROAD",SIDESWIPE SAME DIRECTION,DIVIDED - W/MEDIAN BARRIER,,STRAIGHT AND LEVEL,UNKNOWN,UNKNOWN,NOT ON SCENE (DESK REPORT),NO INJURY / DRIVE AWAY,,,Y,$500 OR LESS,08/07/2025 11:30:00 PM,UNABLE TO DETERMINE,NOT APPLICABLE,140,W,GARFIELD BLVD,225,,,,,,,2,NO INDICATION OF INJURY,0,0,0,0,0,2,0,20,5,8,41.7946951569,-87.6292691631,POINT (-87.629269163149 41.794695156937)
0de8a9bc10413b5fc69e0707d3304fe88eff5f3ecdf77535c2568a87d5c478f7215af1261d8e4d3a13f245666d10c142c4701034c712d605e95a76a7e75da716,,08/07/2025 08:45:00 PM,30,NO CONTROLS,NO CONTROLS,CLEAR,"DARKNESS, LIGHTED ROAD",SIDESWIPE SAME DIRECTION,NOT DIVIDED,,STRAIGHT AND LEVEL,DRY,NO DEFECTS,NOT ON SCENE (DESK REPORT),NO INJURY / DRIVE AWAY,,,Y,$500 OR LESS,08/07/2025 09:00:00 PM,UNABLE TO DETERMINE,UNABLE TO DETERMINE,2236,S,HALSTED ST,1235,,,,,,,2,NO INDICATION OF INJURY,0,0,0,0,0,3,0,20,5,8,41.8515591347,-87.6466091395,POINT (-87.646609139491 41.85155913466)
346371d69eb6460d0d94e75fa47705ae70649370e360480d0a386c657b80fcfc2ade1fd2fe139c2b9a7e2c6dac3787050f8525c2d65ab10deeabd1c1567b0240,,08/07/2025 08:40:00 PM,30,STOP SIGN/FLASHER,FUNCTIONING PROPERLY,CLEAR,DARKNESS,PARKED MOTOR VEHICLE,T-INTERSECTION,,STRAIGHT AND LEVEL,DRY,NO DEFECTS,NOT ON SCENE (DESK REPORT),NO INJURY / DRIVE AWAY,,,,"OVER $1,500",08/07/2025 09:15:00 PM,FAILING TO REDUCE SPEED TO AVOID CRASH,NOT APPLICABLE,3400,N,LEAVITT ST,1921,,,,,,,2,NO INDICATION OF INJURY,0,0,0,0,0,1,0,20,5,8,41.9432453605,-87.6834508825,POINT (-87.683450882524 41.943245360455)
439383d87fc2c1357615bd2b1298ed5ac38079f4feecd89050cdcc3548e8f418bdd2129c46fe427882bb75b92aee5dba892ef8026c96acbf4bf14f5ee8bb196a,,08/07/2025 08:31:00 PM,30,UNKNOWN,UNKNOWN,UNKNOWN,UNKNOWN,REAR END,FOUR WAY,,STRAIGHT AND LEVEL,UNKNOWN,UNKNOWN,NOT ON SCENE (DESK REPORT),NO INJURY / DRIVE AWAY,,,,"OVER $1,500",08/08/2025 09:19:00 PM,UNABLE TO DETERMINE,UNABLE TO DETERMINE,4832,S,WESTERN AVE,922,,,,,,,2,NO INDICATION OF INJURY,0,0,0,0,0,2,0,20,5,8,41.8056294187,-87.6844959486,POINT (-87.68449594857 41.805629418741)
40e92192757a4cce1c34a55e592c2ee23f3fcbb607f1e5fdeb2429e3b717d5eefdb7641f14bf71b2bdfe0eeb55e1b4e32df020cc4a9afbe0ea4ee7b09d7941ae,,08/07/2025 08:30:00 PM,30,TRAFFIC SIGNAL,FUNCTIONING PROPERLY,CLEAR,DUSK,ANGLE,FOUR WAY,,STRAIGHT AND LEVEL,DRY,NO DEFECTS,ON SCENE,INJURY AND / OR TOW DUE TO CRASH,Y,,,"OVER $1,500",08/07/2025 08:35:00 PM,DISREGARDING STOP SIGN,NOT APPLICABLE,300,N,MORGAN ST,1214,,,,,,,2,NO INDICATION OF INJURY,0,0,0,0,0,4,0,20,5,8,41.886788617,-87.65232125,POINT (-87.652321249973 41.886788617008)
fb19e0ad121aee6e1075ae2c34e64778de3f365b77aaabafb9c37a8998bfb763acf59e9666cee5ce0029e2992404ac9bb9b35223c844d8bf011535a2e3a599b4,,08/07/2025 08:25:00 PM,15,NO CONTROLS,NO CONTROLS,UNKNOWN,UNKNOWN,PARKED MOTOR VEHICLE,NOT DIVIDED,,STRAIGHT AND LEVEL,UNKNOWN,UNKNOWN,NOT ON SCENE (DESK REPORT),NO INJURY / DRIVE AWAY,,,,"OVER $1,500",08/07/2025 11:30:00 PM,NOT APPLICABLE,NOT APPLICABLE,10400,S,AVENUE E,432,,,,,,,2,NO INDICATION OF INJURY,0,0,0,0,0,1,0,20,5,8,41.7062890985,-87.5293946245,POINT (-87.529394624455 41.706289098451)
eede42231d39a4d1ba72e748b64c00a75fefc1bb8362e1dbcbf6b2e488cd366ee6daf5e1ebbd2356a8bf74d0e78061821d2a002a7a978208328e5e5d6e77a0b0,,08/07/2025 08:19:00 PM,30,OTHER,FUNCTIONING PROPERLY,CLEAR,DUSK,PEDALCYCLIST,DIVIDED - W/MEDIAN (NOT RAISED),,STRAIGHT AND LEVEL,DRY,NO DEFECTS,ON SCENE,INJURY AND / OR TOW DUE TO CRASH,,,,$500 OR LESS,08/07/2025 08:19:00 PM,DISREGARDING ROAD MARKINGS,NOT APPLICABLE,330,W,GRAND AVE,1831,,,,,,,2,NONINCAPACITATING INJURY,1,0,0,1,0,1,0,20,5,8,41.891658154,-87.6368791854,POINT (-87.636879185368 41.89165815401)
d252c5c2a2f48fe88cd02c647c11944eff8a99cccf5bee8c04bc1a1704009e0b4fd2e6019b4d81cf79f6a02d6b4d175b5821a27286f33e556d4bba56d6d6b088,,08/07/2025 08:13:00 PM,40,NO CONTROLS,FUNCTIONING PROPERLY,CLEAR,DUSK,SIDESWIPE SAME DIRECTION,DIVIDED - W/MEDIAN BARRIER,,STRAIGHT AND LEVEL,DRY,NO DEFECTS,NOT ON SCENE (DESK REPORT),NO INJURY / DRIVE AWAY,,,Y,"OVER $1,500",08/09/2025 03:30:00 PM,IMPROPER OVERTAKING/PASSING,NOT APPLICABLE,1291,S,COLUMBUS DR,132,,,,,,,2,NO INDICATION OF INJURY,0,0,0,0,0,3,0,20,5,8,41.865895547,-87.6196474757,POINT (-87.61964747574 41.865895547012)
9b1f4a0354488d640e001e97c893deea6e0f2a857da647fde6954976ddd252d74e05ce51b871d7cae2093c557b8264b5684ac0aa67f162b5471b5619edb98b2c,,08/07/2025 08:05:00 PM,30,NO CONTROLS,NO CONTROLS,CLEAR,"DARKNESS, LIGHTED ROAD",REAR END,NOT DIVIDED,,STRAIGHT AND LEVEL,DRY,UNKNOWN,NOT ON SCENE (DESK REPORT),NO INJURY / DRIVE AWAY,,,,$500 OR LESS,08/07/2025 10:00:00 PM,UNABLE TO DETERMINE,UNABLE TO DETERMINE,7342,W,FOSTER AVE,1613,,,,,,,2,NO INDICATION OF INJURY,0,0,0,0,0,2,0,20,5,8,41.9745429477,-87.8113468842,POINT (-87.811346884218 41.974542947709)
27b75ca4da4fdd26e3c7112132d4598f85d81646d81ea00a1e4c112d5280e6a9946ef7597afdb41f038a1dff0b76fa2181f01aabe3f62ded0e0e885000fdf1bf,,08/07/2025 08:01:00 PM,30,NO CONTROLS,NO CONTROLS,UNKNOWN,UNKNOWN,SIDESWIPE SAME DIRECTION,DRIVEWAY,,STRAIGHT AND LEVEL,UNKNOWN,UNKNOWN,NOT ON SCENE (DESK REPORT),NO INJURY / DRIVE AWAY,,,,"OVER $1,500",08/13/2025 09:22:00 AM,"VISION OBSCURED (SIGNS, TREE LIMBS, BUILDINGS, ETC.)",UNABLE TO DETERMINE,6500,S,RICHARDS DR,331,,,,,,,2,NO INDICATION OF INJURY,0,0,0,0,0,2,0,20,5,8,41.7770157614,-87.5790979084,POINT (-87.579097908375 41.777015761445)
fc852c2a09ab6573fffca17268f97b12f66b466ec932f1d9db79c24c7b2ff29ebe51943520d5457392aae65738227ca433adde54654edda81d572585db9f8894,,08/07/2025 08:00:00 PM,5,NO CONTROLS,NO CONTROLS,CLEAR,"DARKNESS, LIGHTED ROAD",PARKED MOTOR VEHICLE,PARKING LOT,,STRAIGHT AND LEVEL,DRY,NO DEFECTS,ON SCENE,NO INJURY / DRIVE AWAY,,,Y,"OVER $1,500",08/07/2025 09:19:00 PM,UNABLE TO DETERMINE,NOT APPLICABLE,8017,S,DR MARTIN LUTHER KING JR DR,631,,,,,,,2,NO INDICATION OF INJURY,0,0,0,0,0,1,0,20,5,8,41.7487478001,-87.6147591986,POINT (-87.614759198555 41.748747800125)
836406c44bb5a3c74bd62d682d31bc64344ba22718c9e8da235bae70461c12a132155ebf33977e3ee727d14c65c996ab2b45096d2042ff1aff5f9992b7b7b1eb,,08/07/2025 07:54:00 PM,30,TRAFFIC SIGNAL,FUNCTIONING PROPERLY,CLEAR,DAYLIGHT,REAR END,NOT DIVIDED,,STRAIGHT AND LEVEL,DRY,NO DEFECTS,ON SCENE,INJURY AND / OR TOW DUE TO CRASH,,,Y,"OVER $1,500",08/07/2025 07:54:00 PM,FAILING TO REDUCE SPEED TO AVOID CRASH,DRIVING SKILLS/KNOWLEDGE/EXPERIENCE,4203,W,DIVISION ST,1111,,,,,,,2,NO INDICATION OF INJURY,0,0,0,0,0,2,0,19,5,8,41.902478001,-87.7314211053,POINT (-87.731421105285 41.902478001031)
5022e0a06a7cc75dc4901200b97aa16f33f8d36fcd73c782219b87d1e4da310aef314abe4e867dcf8e04939bfa0deec7e2715dff149f82601927dee54213e8e0,,08/07/2025 07:50:00 PM,30,NO CONTROLS,NO CONTROLS,CLEAR,DAYLIGHT,REAR END,NOT DIVIDED,,STRAIGHT AND LEVEL,DRY,NO DEFECTS,NOT ON SCENE (DESK REPORT),NO INJURY / DRIVE AWAY,,,,"OVER $1,500",08/12/2025 07:50:00 PM,FOLLOWING TOO CLOSELY,NOT APPLICABLE,5587,N,LAKE SHORE DR NB,2023,Y,,,,,,2,NO INDICATION OF INJURY,0,0,0,0,0,2,0,19,5,8,41.9838584958,-87.6525460157,POINT (-87.652546015706 41.983858495791)
ac8127dadd4abd27278046076a37eb805edac7ac2e390e003f7d40ffa6e372a1b248751075c7d108d967fec5ae50f90e0eb3e4662acba158175836cd2aec2cfa,,08/07/2025 07:44:00 PM,40,NO CONTROLS,NO CONTROLS,CLEAR,DAYLIGHT,TURNING,DIVIDED - W/MEDIAN BARRIER,,CURVE ON HILLCREST,DRY,NO DEFECTS,ON SCENE,INJURY AND / OR TOW DUE TO CRASH,,,,"OVER $1,500",08/07/2025 07:44:00 PM,FAILING TO REDUCE SPEED TO AVOID CRASH,UNABLE TO DETERMINE,900,W,HOLLYWOOD AVE,2022,,,,,,,2,NONINCAPACITATING INJURY,2,0,0,2,0,0,0,19,5,8,41.9855948941,-87.6535421836,POINT (-87.65354218362 41.985594894114)
8e45402f48464ad137b7036d8d2377976de9557507ea9d39a849f52d9e8e43968c4885789916213c34527256e27a7a72e82c45602f6fd5ee249691cc26b989c0,,08/07/2025 07:40:00 PM,30,NO CONTROLS,NO CONTROLS,CLEAR,DUSK,TURNING,DIVIDED - W/MEDIAN (NOT RAISED),,STRAIGHT AND LEVEL,DRY,NO DEFECTS,ON SCENE,INJURY AND / OR TOW DUE TO CRASH,,,,"OVER $1,500",08/07/2025 07:40:00 PM,IMPROPER TURNING/NO SIGNAL,UNABLE TO DETERMINE,1425,W,71ST ST,734,,,,,,,2,INCAPACITATING INJURY,2,0,2,0,0,1,0,19,5,8,41.7648548829,-87.6598967174,POINT (-87.659896717386 41.764854882865)
679c13772b8874c3d5e3c962a34c0bdf114413c024bda2a2913ee49f8460318aa21ded9e6ec663773f5e0869a47a855b651bcebdf2ff380d6d7ba9ced99619ce,,08/07/2025 07:30:00 PM,30,TRAFFIC SIGNAL,WORN REFLECTIVE MATERIAL,CLEAR,DAYLIGHT,REAR END,FOUR WAY,,STRAIGHT AND LEVEL,DRY,NO DEFECTS,NOT ON SCENE (DESK REPORT),NO INJURY / DRIVE AWAY,Y,,,"OVER $1,500",08/07/2025 08:00:00 PM,FAILING TO YIELD RIGHT-OF-WAY,FAILING TO YIELD RIGHT-OF-WAY,599,S,ASHLAND AVE,1231,,,,,,,2,NO INDICATION OF INJURY,0,0,0,0,0,2,0,19,5,8,41.8742513997,-87.6664533589,POINT (-87.666453358949 41.87425139966)
67af3d1c9ff258c11cea113846b6441ae5a3a33404c5a17df46a89305d11722939cd8abd25efb1052ae33a751b6d77643fab1898ced17c8cf622a18dce9f2c64,,08/07/2025 07:24:00 PM,25,NO CONTROLS,NO CONTROLS,CLEAR,DAYLIGHT,OTHER OBJECT,DIVIDED - W/MEDIAN (NOT RAISED),,STRAIGHT AND LEVEL,DRY,NO DEFECTS,ON SCENE,INJURY AND / OR TOW DUE TO CRASH,,,,"OVER $1,500",08/07/2025 07:25:00 PM,UNABLE TO DETERMINE,UNABLE TO DETERMINE,8300,S,KERFOOT AVE,622,,,,,,,1,NO INDICATION OF INJURY,0,0,0,0,0,1,0,19,5,8,41.7432767532,-87.6420076206,POINT (-87.642007620617 41.743276753207)
3f2480b0b2fb8ff61bd0799bb6001f69ad73e939279f6603ff7766a2b755fb194a8833137f8fb4484d304f06f48cab30f32bff21058836f9fc5bd1fb575df828,,08/07/2025 07:16:00 PM,30,NO CONTROLS,NO CONTROLS,CLEAR,DAYLIGHT,PARKED MOTOR VEHICLE,ONE-WAY,,STRAIGHT AND LEVEL,DRY,NO DEFECTS,ON SCENE,NO INJURY / DRIVE AWAY,,,,$500 OR LESS,08/07/2025 07:16:00 PM,IMPROPER BACKING,IMPROPER BACKING,5322,N,CHRISTIANA AVE,1712,,,,,,,2,NO INDICATION OF INJURY,0,0,0,0,0,1,0,19,5,8,41.9782552106,-87.7125381926,POINT (-87.712538192643 41.978255210592)
34964e037010ee6cec1394d00acbb62cae235d3950a862c292a8883f865cf7d597af4dec933091b65eb52a78a45f73b9ba28df5f574495b53064ed312aa63b7a,,08/07/2025 07:15:00 PM,30,TRAFFIC SIGNAL,FUNCTIONING PROPERLY,CLEAR,"DARKNESS, LIGHTED ROAD",TURNING,T-INTERSECTION,,STRAIGHT AND LEVEL,DRY,NO DEFECTS,,NO INJURY / DRIVE AWAY,Y,,Y,"OVER $1,500",08/08/2025 11:40:00 AM,UNABLE TO DETERMINE,NOT APPLICABLE,100,S,LOWER WACKER DR,122,,,,,,,2,NO INDICATION OF INJURY,0,0,0,0,0,2,0,19,5,8,41.880556614,-87.637168587,POINT (-87.637168587045 41.880556614042)
db4616cf70efef587d383a5baee633ca2ce9f78b040cdd576df3ddf52f18f126b722375df4829639042d5af3ebf38306462066cf655cc63ed93491f717cd7b91,,08/07/2025 07:12:00 PM,30,NO CONTROLS,NO CONTROLS,CLEAR,DAYLIGHT,TURNING,NOT DIVIDED,,STRAIGHT AND LEVEL,DRY,NO DEFECTS,,NO INJURY / DRIVE AWAY,Y,,,"OVER $1,500",08/07/2025 07:12:00 PM,UNABLE TO DETERMINE,UNABLE TO DETERMINE,4621,W,MONTROSE AVE,1722,,,,,,,2,NO INDICATION OF INJURY,0,0,0,0,0,3,0,19,5,8,41.9606569933,-87.7436368927,POINT (-87.743636892734 41.960656993305)
62440de3156257f4f31c7974d23be62a7411b01de5dcfa8462c5ce0190ae9f0e89a22b3f77398bc8757b6a8cf9015bd3749a98ff4a1df77383f89a1cf1b913cd,,08/07/2025 07:00:00 PM,30,TRAFFIC SIGNAL,FUNCTIONING PROPERLY,CLEAR,DAYLIGHT,PEDESTRIAN,FOUR WAY,,STRAIGHT AND LEVEL,DRY,NO DEFECTS,NOT ON SCENE (DESK REPORT),INJURY AND / OR TOW DUE TO CRASH,Y,,,$500 OR LESS,08/07/2025 07:15:00 PM,UNABLE TO DETERMINE,UNABLE TO DETERMINE,799,S,ASHLAND AVE,1231,,,,,,,2,"REPORTED, NOT EVIDENT",1,0,0,0,1,1,0,19,5,8,41.8716945376,-87.6663860412,POINT (-87.666386041197 41.871694537644)
77179b652caa1846a26cba721ea392791cd5a0c63482a3d38768247fa0f658877e847c0156028c5f46d0720ac865025f71f3991f17e81dbd73df5f00d89389ee,,08/07/2025 07:00:00 PM,30,UNKNOWN,UNKNOWN,UNKNOWN,UNKNOWN,PARKED MOTOR VEHICLE,NOT DIVIDED,,STRAIGHT AND LEVEL,UNKNOWN,UNKNOWN,NOT ON SCENE (DESK REPORT),NO INJURY / DRIVE AWAY,,,Y,"OVER $1,500",08/13/2025 05:40:00 PM,UNABLE TO DETERMINE,UNABLE TO DETERMINE,172,W,MADISON ST,122,,,,,,,2,NO INDICATION OF INJURY,0,0,0,0,0,1,0,19,5,8,41.8820621828,-87.6330391152,POINT (-87.633039115193 41.882062182826)
fc9c97afac062ce95960e6855fddb6ad8c11b3f18cdb95bbfe52b0f222424b065b8713684cb4809c8f7c315bb95f949cdfbe7e1c5226425b3fb687ce73fc8c15,,08/07/2025 06:55:00 PM,30,NO CONTROLS,NO CONTROLS,CLEAR,DAYLIGHT,REAR END,NOT DIVIDED,,STRAIGHT AND LEVEL,DRY,NO DEFECTS,ON SCENE,NO INJURY / DRIVE AWAY,,,Y,$500 OR LESS,08/07/2025 06:57:00 PM,FOLLOWING TOO CLOSELY,FOLLOWING TOO CLOSELY,2555,W,CERMAK RD,1034,,,,,,,2,NO INDICATION OF INJURY,0,0,0,0,0,2,0,18,5,8,41.8518655424,-87.6902397172,POINT (-87.690239717219 41.851865542448)
7e3d642948d676e5ddb3dd7edc3c63375da07797131cfdbb8ded6a6058eaba8a009b00d28635af81c61baa5024a9a8afcae61dd7d078a606a1947ffc12e37dd4,,08/07/2025 06:45:00 PM,25,NO CONTROLS,NO CONTROLS,CLEAR,DAYLIGHT,PARKED MOTOR VEHICLE,NOT DIVIDED,,STRAIGHT AND LEVEL,DRY,NO DEFECTS,NOT ON SCENE (DESK REPORT),NO INJURY / DRIVE AWAY,,,,"OVER $1,500",08/07/2025 07:18:00 PM,FOLLOWING TOO CLOSELY,NOT APPLICABLE,4637,N,CENTRAL PARK AVE,1723,,,,,,,2,NO INDICATION OF INJURY,0,0,0,0,0,1,0,18,5,8,41.9658198592,-87.7180289269,POINT (-87.718028926935 41.965819859211)
a438106153fa77b8d06febbcfcfe6b0bf8be61a9f10172f6c8402cfe104585356e50958a32d2a1457765f2ddebb4c520b38ce8cdd61ba880a0674bf8d21261fa,Y,08/07/2025 06:45:00 PM,30,STOP SIGN/FLASHER,FUNCTIONING PROPERLY,CLEAR,DAYLIGHT,ANGLE,FOUR WAY,,STRAIGHT AND LEVEL,DRY,NO DEFECTS,NOT ON SCENE (DESK REPORT),INJURY AND / OR TOW DUE TO CRASH,Y,,,"OVER $1,500",08/07/2025 07:10:00 PM,FAILING TO YIELD RIGHT-OF-WAY,FAILING TO YIELD RIGHT-OF-WAY,4600,S,INDIANA AVE,215,,,,,,,2,NO INDICATION OF INJURY,0,0,0,0,0,2,0,18,5,8,41.8110320839,-87.6214046233,POINT (-87.62140462327 41.811032083875)
74e09beb0f06ce78bf40d93a4f9f95ce642840ce8b494fea345ad1c111df1811773f33f2888de84a3e173b8c04cfc8e3d585ea6852050eae98d4916d06d3eac1,,08/07/2025 06:40:00 PM,30,TRAFFIC SIGNAL,FUNCTIONING PROPERLY,CLEAR,DAYLIGHT,REAR END,NOT DIVIDED,,STRAIGHT AND LEVEL,DRY,NO DEFECTS,NOT ON SCENE (DESK REPORT),NO INJURY / DRIVE AWAY,Y,,,"$501 - $1,500",08/08/2025 03:30:00 PM,FOLLOWING TOO CLOSELY,NOT APPLICABLE,7137,N,WESTERN AVE,2411,,,,,,,2,NO INDICATION OF INJURY,0,0,0,0,0,2,0,18,5,8,42.0121203734,-87.6900996909,POINT (-87.690099690923 42.012120373394)
a48a4db0558468e222725de1be89ab11a90a0f556d502435e12370e00b77a5ac6a16bdd09fdb0c11b43c906913b428ca188c3933bb7ea396ae5d9049bfbeece2,,08/07/2025 06:40:00 PM,25,NO CONTROLS,NO CONTROLS,CLEAR,DAYLIGHT,PEDALCYCLIST,ONE-WAY,,STRAIGHT AND LEVEL,DRY,NO DEFECTS,ON SCENE,NO INJURY / DRIVE AWAY,,,Y,$500 OR LESS,08/07/2025 06:43:00 PM,FAILING TO YIELD RIGHT-OF-WAY,NOT APPLICABLE,1101,W,THORNDALE AVE,2022,,,,,,,2,NO INDICATION OF INJURY,0,0,0,0,0,2,0,18,5,8,41.9899464074,-87.6583148831,POINT (-87.658314883118 41.989946407385)