CRASH_RECORD_ID,CRASH_DATE_EST_I,CRASH_DATE,POSTED_SPEED_LIMIT,TRAFFIC_CONTROL_DEVICE,DEVICE_CONDITION,WEATHER_CONDITION,LIGHTING_CONDITION,FIRST_CRASH_TYPE,TRAFFICWAY_TYPE,LANE_CNT,ALIGNMENT,ROADWAY_SURFACE_COND,ROAD_DEFECT,REPORT_TYPE,CRASH_TYPE,INTERSECTION_RELATED_I,NOT_RIGHT_OF_WAY_I,HIT_AND_RUN_I,DAMAGE,DATE_POLICE_NOTIFIED,PRIM_CONTRIBUTORY_CAUSE,SEC_CONTRIBUTORY_CAUSE,STREET_NO,STREET_DIRECTION,STREET_NAME,BEAT_OF_OCCURRENCE,PHOTOS_TAKEN_I,STATEMENTS_TAKEN_I,DOORING_I,WORK_ZONE_I,WORK_ZONE_TYPE,WORKERS_PRESENT_I,NUM_UNITS,MOST_SEVERE_INJURY,INJURIES_TOTAL,INJURIES_FATAL,INJURIES_INCAPACITATING,INJURIES_NON_INCAPACITATING,INJURIES_REPORTED_NOT_EVIDENT,INJURIES_NO_INDICATION,INJURIES_UNKNOWN,CRASH_HOUR,CRASH_DAY_OF_WEEK,CRASH_MONTH,LATITUDE,LONGITUDE,LOCATION
e8b7b460fcc9afca3a6ebf93bf03efeb079f36b762ccba4bee6d37b792da8ef32a27d1cd0c3707133388ba4eb41e51e97c3c08178146acb7ef91b5d433110abf,,08/07/2025 05:15:00 PM,30,NO CONTROLS,NO CONTROLS,CLEAR,DAYLIGHT,TURNING,NOT DIVIDED,,STRAIGHT AND LEVEL,DRY,NO DEFECTS,NOT ON SCENE (DESK REPORT),NO INJURY / DRIVE AWAY,,,,"OVER $1,500",08/07/2025 05:29:00 PM,UNABLE TO DETERMINE,UNABLE TO DETERMINE,3330,S,CALIFORNIA AVE,911,,,,,,,2,NO INDICATION OF INJURY,0,0,0,0,0,2,0,17,5,8,41.8328321147,-87.6950705374,POINT (-87.695070537398 41.832832114698)
c1824ea07d90c55fb7cd3dba720e4975450b51c66d1272efe28f6777c2ee2a279c0fbf7257b6f52d0dd0e3de43885866ebf343ccc9db35d2f7f7d1694aa2084a,,08/07/2025 05:10:00 PM,30,TRAFFIC SIGNAL,UNKNOWN,UNKNOWN,DAYLIGHT,REAR END,DIVIDED - W/MEDIAN (NOT RAISED),,STRAIGHT AND LEVEL,UNKNOWN,UNKNOWN,NOT ON SCENE (DESK REPORT),NO INJURY / DRIVE AWAY,,,,"$501 - $1,500",08/07/2025 06:45:00 PM,UNABLE TO DETERMINE,NOT APPLICABLE,3201,W,DEVON AVE,2413,,,,,,,2,NO INDICATION OF INJURY,0,0,0,0,0,2,0,17,5,8,41.9972784744,-87.7094073572,POINT (-87.709407357178 41.997278474417)
eb32b10dd0597e205fd5d45e894eda37543bcb671a9ef9696a8680d85eb7d724c0d5fce8cb8274a7ec0c4ce877e38ebbc9af0c7e970ef11a3b497d024ab9b9b7,,08/07/2025 05:10:00 PM,30,NO CONTROLS,NO CONTROLS,CLEAR,DAYLIGHT,SIDESWIPE SAME DIRECTION,ONE-WAY,,STRAIGHT AND LEVEL,DRY,NO DEFECTS,NOT ON SCENE (DESK REPORT),NO INJURY / DRIVE AWAY,,,,"$501 - $1,500",08/07/2025 07:00:00 PM,FAILING TO YIELD RIGHT-OF-WAY,NOT APPLICABLE,634,W,SURF ST,1934,,,,,,,2,NO INDICATION OF INJURY,0,0,0,0,0,2,0,17,5,8,41.9349664793,-87.6456055003,POINT (-87.645605500273 41.934966479316)
2e6c2cdecc29d87cc8e696e562df667a4b25679510dc47b91628caf74a98411439718782ee60d5debfc5c36176af4cb07212bdda582b8dd8117a6c9937488fcf,,08/07/2025 05:09:00 PM,30,NO CONTROLS,NO CONTROLS,CLEAR,DAYLIGHT,ANGLE,NOT DIVIDED,,STRAIGHT AND LEVEL,DRY,UNKNOWN,ON SCENE,INJURY AND / OR TOW DUE TO CRASH,,,,"OVER $1,500",08/07/2025 05:14:00 PM,IMPROPER TURNING/NO SIGNAL,NOT APPLICABLE,6000,N,BROADWAY,2433,,,,,,,2,NO INDICATION OF INJURY,0,0,0,0,0,9,0,17,5,8,41.9909592382,-87.6604427454,POINT (-87.660442745415 41.990959238233)
96884bd6735dcb3d7045d89c7dd6ead193a72d3a1f084217c2aa8c1db715942ab481a0359d90e9bc0e13308a93161bee208e7c26def494f09c826539728d0eba,,08/07/2025 05:04:00 PM,30,NO CONTROLS,NO CONTROLS,CLEAR,DAYLIGHT,SIDESWIPE SAME DIRECTION,Y-INTERSECTION,,STRAIGHT AND LEVEL,DRY,NO DEFECTS,NOT ON SCENE (DESK REPORT),NO INJURY / DRIVE AWAY,Y,,Y,$500 OR LESS,08/07/2025 07:00:00 PM,UNABLE TO DETERMINE,UNABLE TO DETERMINE,13099,S,TORRENCE AVE,433,,,,,,,2,NO INDICATION OF INJURY,0,0,0,0,0,2,0,17,5,8,41.6574103015,-87.559144962,POINT (-87.559144961969 41.657410301531)
ff7041b1e6675147f8c7a31a7185969cd2994c3882fd27da55a0b78763e341ed223c9b453d69e9590946612f8dac54fa344bd46cc436bdb681a3fe08549a93ec,,08/07/2025 05:04:00 PM,30,STOP SIGN/FLASHER,NO CONTROLS,CLEAR,DAYLIGHT,PEDALCYCLIST,FOUR WAY,,STRAIGHT AND LEVEL,DRY,NO DEFECTS,ON SCENE,INJURY AND / OR TOW DUE TO CRASH,Y,,,"OVER $1,500",08/07/2025 05:15:00 PM,UNABLE TO DETERMINE,UNABLE TO DETERMINE,7100,S,RHODES AVE,323,,,,,,,2,NONINCAPACITATING INJURY,1,0,0,1,0,2,0,17,5,8,41.7656797434,-87.6117804087,POINT (-87.611780408668 41.765679743431)
d349be4ae3138c27a21b94d13738abf92fcaf4e425bff4562054e73957c16fe46853634e063c5562b81189c2783d1d3f54db77de7d7ba074aba6e6f624fc2a6e,,08/07/2025 05:00:00 PM,30,TRAFFIC SIGNAL,FUNCTIONING PROPERLY,CLEAR,DUSK,SIDESWIPE SAME DIRECTION,NOT DIVIDED,,STRAIGHT AND LEVEL,DRY,NO DEFECTS,NOT ON SCENE (DESK REPORT),NO INJURY / DRIVE AWAY,Y,,Y,"$501 - $1,500",08/07/2025 09:00:00 PM,IMPROPER LANE USAGE,UNABLE TO DETERMINE,6683,S,COTTAGE GROVE AVE,321,,,,,,,2,NO INDICATION OF INJURY,0,0,0,0,0,2,0,17,5,8,41.7732339036,-87.6056244546,POINT (-87.605624454605 41.77323390358)
7edfe552cdf533f28699c6118394712643c4fe2ad2b14810ea96be66f2c1207400e9b0f34434c915378f0d253db84dae8a52c176984b175547e4122beea05532,,08/07/2025 04:55:00 PM,30,TRAFFIC SIGNAL,FUNCTIONING PROPERLY,CLEAR,DAYLIGHT,REAR END,NOT DIVIDED,,STRAIGHT AND LEVEL,DRY,NO DEFECTS,NOT ON SCENE (DESK REPORT),NO INJURY / DRIVE AWAY,,,,$500 OR LESS,08/07/2025 05:19:00 PM,FOLLOWING TOO CLOSELY,UNABLE TO DETERMINE,1340,W,71ST ST,734,,,,,,,2,NO INDICATION OF INJURY,0,0,0,0,0,4,0,16,5,8,41.7651032192,-87.6582124971,POINT (-87.658212497119 41.765103219196)
b2ccdc6d3c16767b409aa65b552739addfc198ae6c7bbf3bbd3b0146dce971fb4231b0a52fadd489b2db1c54fbb7acf4a8f8ccf8a0875049bccd92e294b04565,,08/07/2025 04:50:00 PM,30,TRAFFIC SIGNAL,FUNCTIONING PROPERLY,CLEAR,DAYLIGHT,REAR END,NOT DIVIDED,,STRAIGHT AND LEVEL,DRY,NO DEFECTS,NOT ON SCENE (DESK REPORT),NO INJURY / DRIVE AWAY,,,,"OVER $1,500",08/07/2025 08:30:00 PM,UNABLE TO DETERMINE,NOT APPLICABLE,1756,W,DIVISION ST,1424,,,,,,,2,NO INDICATION OF INJURY,0,0,0,0,0,2,0,16,5,8,41.9033789222,-87.6722507515,POINT (-87.672250751531 41.903378922164)
db0384375b541578a7a9c2e8d501f3b9345fd154701a9831f3869172434371ff9fabfea009ef0b57258377841466db5ca1cc756d42a60f8588a54f754da9dc59,,08/07/2025 04:50:00 PM,30,NO CONTROLS,NO CONTROLS,CLEAR,DAYLIGHT,REAR END,UNKNOWN,,STRAIGHT AND LEVEL,DRY,UNKNOWN,NOT ON SCENE (DESK REPORT),NO INJURY / DRIVE AWAY,,,,"$501 - $1,500",08/07/2025 05:30:00 PM,FOLLOWING TOO CLOSELY,UNABLE TO DETERMINE,540,W,GRAND AVE,1214,,,,,,,2,NO INDICATION OF INJURY,0,0,0,0,0,3,0,16,5,8,41.8914377938,-87.6421229749,POINT (-87.642122974902 41.891437793813)
f35e837f6ea04af48b7027d6d8b3f5804893e988b1127fb9f4627db89b7c7c61afebb02f686982fbf2b1bf3d7a4e5b752c22401960873e2cffaa5a56c6f62de4,,08/07/2025 04:50:00 PM,35,NO CONTROLS,NO CONTROLS,CLEAR,DAYLIGHT,REAR TO FRONT,PARKING LOT,,STRAIGHT AND LEVEL,DRY,NO DEFECTS,NOT ON SCENE (DESK REPORT),NO INJURY / DRIVE AWAY,,,,"OVER $1,500",08/07/2025 05:20:00 PM,IMPROPER BACKING,IMPROPER BACKING,7602,S,HALSTED ST,621,,,,,,,2,NO INDICATION OF INJURY,0,0,0,0,0,2,0,16,5,8,41.755939435,-87.6443269829,POINT (-87.644326982862 41.755939434992)
5bfc1a6b33972c4488e6d1cbd2c0d418c586e5d6c141673ccec6ce7af9cbd7e08b91c4fcb86d47b3cb2467aaf96287191f9467e844a5c83895feebd74010c366,,08/07/2025 04:49:00 PM,30,NO CONTROLS,NO CONTROLS,CLEAR,DAYLIGHT,SIDESWIPE SAME DIRECTION,NOT DIVIDED,,STRAIGHT AND LEVEL,DRY,UNKNOWN,ON SCENE,NO INJURY / DRIVE AWAY,,,,"OVER $1,500",08/07/2025 04:54:00 PM,UNABLE TO DETERMINE,UNABLE TO DETERMINE,7057,S,WESTERN AVE,832,,,,,,,2,NO INDICATION OF INJURY,0,0,0,0,0,2,0,16,5,8,41.764851224,-87.6830996329,POINT (-87.683099632891 41.764851224043)
464cbb761ed8fc21a83b2c04c196e668376014dba82d13fdbcf666b6bf19524951d2a5e754ac9b12e1f81ccc2481b593c8630ce64aba176a8e17a9cca9c35da0,,08/07/2025 04:48:00 PM,30,NO CONTROLS,NO CONTROLS,CLEAR,DAYLIGHT,OTHER OBJECT,DIVIDED - W/MEDIAN (NOT RAISED),,STRAIGHT AND LEVEL,DRY,WORN SURFACE,ON SCENE,NO INJURY / DRIVE AWAY,,,,"OVER $1,500",08/07/2025 04:50:00 PM,ROAD CONSTRUCTION/MAINTENANCE,ROAD CONSTRUCTION/MAINTENANCE,1229,W,FOSTER AVE,2033,,N,,,,,1,NO INDICATION OF INJURY,0,0,0,0,0,1,0,16,5,8,41.9761947705,-87.6610748891,POINT (-87.661074889097 41.976194770508)
a9148f6b3aa64b293da1a6771e406a8e77c26af504f56f5119fef763470ee28d36210d4dd93f20c0e3075ad5695e6ded3b99a7de63b48d320b076a0a974bd79e,,08/07/2025 04:45:00 PM,30,NO CONTROLS,NO CONTROLS,CLEAR,DAYLIGHT,PEDALCYCLIST,ONE-WAY,,STRAIGHT AND LEVEL,DRY,NO DEFECTS,NOT ON SCENE (DESK REPORT),NO INJURY / DRIVE AWAY,,,,"OVER $1,500",08/17/2025 04:56:00 PM,DISREGARDING ROAD MARKINGS,UNABLE TO DETERMINE,2350,N,LAVERGNE AVE,2522,,,,,,,2,NO INDICATION OF INJURY,0,0,0,0,0,2,0,16,5,8,41.9238989321,-87.7513695328,POINT (-87.75136953276 41.923898932062)
f27510a291650bc3041777ab400f784a333846be3e30896e1a96ffcbcfbb142ec7dbde069f0fd08417a551d7dae549bc7d69e1099d8754dcb3d2a72fc7c988d5,,08/07/2025 04:45:00 PM,30,NO CONTROLS,NO CONTROLS,CLEAR,DAYLIGHT,SIDESWIPE SAME DIRECTION,ONE-WAY,,STRAIGHT AND LEVEL,DRY,NO DEFECTS,NOT ON SCENE (DESK REPORT),NO INJURY / DRIVE AWAY,,,,"$501 - $1,500",08/07/2025 06:20:00 PM,FAILING TO YIELD RIGHT-OF-WAY,NOT APPLICABLE,6349,N,ROCKWELL ST,2413,,,,,,,2,NO INDICATION OF INJURY,0,0,0,0,0,2,0,16,5,8,41.9972785046,-87.6946011366,POINT (-87.694601136645 41.997278504597)
ae0ff8a4ce28f5bbac495563f21d2100a3ad14793ff834445cd02cfe008f8ad9cba4356fa12c8ada8d19a39766a76163064d6f6268685134421188891f3f6fe7,,08/07/2025 04:40:00 PM,30,NO CONTROLS,NO CONTROLS,CLEAR,DAYLIGHT,REAR END,DIVIDED - W/MEDIAN (NOT RAISED),,STRAIGHT AND LEVEL,DRY,NO DEFECTS,NOT ON SCENE (DESK REPORT),NO INJURY / DRIVE AWAY,,,,"OVER $1,500",08/07/2025 06:05:00 PM,FOLLOWING TOO CLOSELY,NOT APPLICABLE,5500,S,SPRINGFIELD AVE,822,,,,,,,2,NO INDICATION OF INJURY,0,0,0,0,0,2,0,16,5,8,41.7931891851,-87.7208566153,POINT (-87.720856615302 41.793189185099)
f96b106dc7588273b4fe71ed3985ed0a57f264e398ea7624a79e258d8909407a960e33701b4904c7e3c55295a4e1882ce75e98795b0f313a63c1da89009886b5,,08/07/2025 04:36:00 PM,25,NO CONTROLS,NO CONTROLS,CLEAR,DAYLIGHT,SIDESWIPE SAME DIRECTION,NOT DIVIDED,,STRAIGHT AND LEVEL,DRY,NO DEFECTS,NOT ON SCENE (DESK REPORT),NO INJURY / DRIVE AWAY,,,,"OVER $1,500",08/12/2025 05:35:00 PM,NOT APPLICABLE,NOT APPLICABLE,1630,E,MIDWAY PLAISANCE,331,,,,,,,2,NO INDICATION OF INJURY,0,0,0,0,0,2,0,16,5,8,41.7881178699,-87.5853878671,POINT (-87.585387867103 41.788117869909)
546edbe8a6e6a258eb9488be6ca9cca00c94feef133fcd80b6d1f1663b4f466623c714204c5bd5584ae545c4f6fbae1f5193463d36610e728e0844eebe072c55,,08/07/2025 04:35:00 PM,30,STOP SIGN/FLASHER,FUNCTIONING PROPERLY,CLEAR,DAYLIGHT,ANGLE,FOUR WAY,,STRAIGHT AND LEVEL,DRY,NO DEFECTS,NOT ON SCENE (DESK REPORT),NO INJURY / DRIVE AWAY,Y,,,"OVER $1,500",08/08/2025 04:00:00 PM,UNABLE TO DETERMINE,UNABLE TO DETERMINE,9300,S,ASHLAND AVE,2221,,,,,,,2,NO INDICATION OF INJURY,0,0,0,0,0,2,0,16,5,8,41.7247989752,-87.6629113988,POINT (-87.66291139883 41.724798975174)
d1edc979bebc9492886bbac55849c24c11d79ca6581a461ea3fce91532de34ef4454f379a680dd8db0672972fb525816ff2b852460284feff6dd19a685577ce9,,08/07/2025 04:35:00 PM,35,NO CONTROLS,NO CONTROLS,CLEAR,DAYLIGHT,PEDALCYCLIST,ONE-WAY,,STRAIGHT AND LEVEL,DRY,NO DEFECTS,ON SCENE,INJURY AND / OR TOW DUE TO CRASH,,,,"$501 - $1,500",08/07/2025 04:40:00 PM,FAILING TO YIELD RIGHT-OF-WAY,FAILING TO YIELD RIGHT-OF-WAY,2470,W,ARTHUR AVE,2412,,,,,,,2,"REPORTED, NOT EVIDENT",1,0,0,0,1,1,0,16,5,8,41.9996129197,-87.6923149608,POINT (-87.692314960756 41.999612919705)
d039a792171995cd9ac02200cf42b8deea366300d6c6c24843c5a888ba310e316a11c0d94a31095dd3da60314732a6da5dd8572e0d8361d98174fea0d14ccbd2,,08/07/2025 04:34:00 PM,25,NO CONTROLS,NO CONTROLS,CLEAR,DAYLIGHT,PARKED MOTOR VEHICLE,UNKNOWN INTERSECTION TYPE,,STRAIGHT AND LEVEL,OTHER,UNKNOWN,ON SCENE,NO INJURY / DRIVE AWAY,,,Y,$500 OR LESS,08/07/2025 04:34:00 PM,UNABLE TO DETERMINE,NOT APPLICABLE,1045,W,TAYLOR ST,1232,,,,,,,2,NO INDICATION OF INJURY,0,0,0,0,0,1,0,16,5,8,41.869369097,-87.6529294286,POINT (-87.65292942855 41.869369096969)
50adee27e3ff83802fa12245961a3550aaf73ec71bd75b8c67fe75e4d50ade452e992b86489fa26dd94848954187c035a32446c39947c99d8f4dd0402547e398,,08/07/2025 04:30:00 PM,20,NO CONTROLS,NO CONTROLS,CLEAR,DAYLIGHT,PARKED MOTOR VEHICLE,ONE-WAY,,STRAIGHT AND LEVEL,DRY,NO DEFECTS,NOT ON SCENE (DESK REPORT),NO INJURY / DRIVE AWAY,,,Y,"$501 - $1,500",08/07/2025 06:10:00 PM,UNABLE TO DETERMINE,UNABLE TO DETERMINE,451,E,91ST ST,633,,,,,,,2,NO INDICATION OF INJURY,0,0,0,0,0,1,0,16,5,8,41.729121569,-87.6123341336,POINT (-87.61233413359 41.729121568974)
5f041ea02833c78bd21843d20040ad8050e2d8427e9101217a029c10fad95e20379ac82ad201c7cca24199f8c6844a461681af96cbe2721912fda125d0c0daf0,,08/07/2025 04:30:00 PM,30,TRAFFIC SIGNAL,FUNCTIONING PROPERLY,CLEAR,DAYLIGHT,REAR END,FOUR WAY,,STRAIGHT AND LEVEL,DRY,NO DEFECTS,ON SCENE,NO INJURY / DRIVE AWAY,Y,,,"OVER $1,500",08/07/2025 05:00:00 PM,UNABLE TO DETERMINE,NOT APPLICABLE,1816,W,PETERSON AVE,2413,,,,,,,2,NO INDICATION OF INJURY,0,0,0,0,0,2,0,16,5,8,41.9908504544,-87.6759219692,POINT (-87.675921969207 41.990850454429)
79ebb70088baf6359f23c03c8cdafdde62da52c8da24c58a03865c8748231ced146aa5e4981a659ab55fc5a18a6d389a0f752516fbbe083bbccae94a18723178,,08/07/2025 04:30:00 PM,30,TRAFFIC SIGNAL,FUNCTIONING PROPERLY,CLEAR,DAYLIGHT,TURNING,FOUR WAY,,STRAIGHT AND LEVEL,DRY,NO DEFECTS,ON SCENE,INJURY AND / OR TOW DUE TO CRASH,Y,,,"OVER $1,500",08/07/2025 04:36:00 PM,IMPROPER TURNING/NO SIGNAL,FAILING TO YIELD RIGHT-OF-WAY,4400,W,ROOSEVELT RD,1131,,,,,,,2,NO INDICATION OF INJURY,0,0,0,0,0,4,0,16,5,8,41.8661408676,-87.7350895601,POINT (-87.735089560082 41.866140867642)
5789f5c04f440dc0c6065c4a6e8fadb1549abca95e7bb0b7b5c618f0d0dd008be05212c9026fc1d47a4e501777c4ae1a101a9758d7980fe9166dc922bed8e091,,08/07/2025 04:25:00 PM,30,TRAFFIC SIGNAL,FUNCTIONING PROPERLY,CLEAR,DAYLIGHT,SIDESWIPE SAME DIRECTION,NOT DIVIDED,,STRAIGHT AND LEVEL,DRY,NO DEFECTS,ON SCENE,NO INJURY / DRIVE AWAY,,,,"OVER $1,500",08/07/2025 04:41:00 PM,IMPROPER OVERTAKING/PASSING,IMPROPER OVERTAKING/PASSING,778,S,MICHIGAN AVE,123,,,,,,,2,NO INDICATION OF INJURY,0,0,0,0,0,2,0,16,5,8,41.8719401261,-87.6243192049,POINT (-87.624319204937 41.87194012607)
0559a2f1ffab4193a803d5d060abd2abd49cd9d794e5aeff6664d1d242ac8494a5361b6d744ca74e8e35ae660662c907e710494582725006e4e0f20f1a871a28,,08/07/2025 04:23:00 PM,30,NO CONTROLS,NO CONTROLS,CLEAR,DAYLIGHT,ANGLE,NOT DIVIDED,,STRAIGHT AND LEVEL,DRY,NO DEFECTS,ON SCENE,NO INJURY / DRIVE AWAY,,,,"OVER $1,500",08/07/2025 04:23:00 PM,FAILING TO YIELD RIGHT-OF-WAY,NOT APPLICABLE,8300,S,HALSTED ST,613,,,,,,,2,NO INDICATION OF INJURY,0,0,0,0,0,2,0,16,5,8,41.7432644906,-87.6439749802,POINT (-87.643974980157 41.743264490644)
308cf7541595025c88350cb24c4ebba03b321dce58453e9204620a3b8328e3e06e719a74238422323cd825d2e4fd93c0bdcbcd286a977b9b4fbcd20cb0ab0c24,,08/07/2025 04:23:00 PM,30,NO CONTROLS,NO CONTROLS,CLEAR,DAYLIGHT,SIDESWIPE SAME DIRECTION,NOT DIVIDED,,STRAIGHT AND LEVEL,DRY,NO DEFECTS,ON SCENE,NO INJURY / DRIVE AWAY,,,,"OVER $1,500",08/07/2025 04:25:00 PM,FAILING TO YIELD RIGHT-OF-WAY,IMPROPER LANE USAGE,4648,W,LAKE ST,1113,,,,,,,2,NO INDICATION OF INJURY,0,0,0,0,0,2,0,16,5,8,41.886517172,-87.7422548499,POINT (-87.742254849916 41.886517171976)
971c3e38e73c72fc36fdda535f8e6fdd954cab89455a75537d0b0e2788ebd338e4890138d5459149adb2800c2a8dae00e9ae8ffce7ea0f8dd278fbbcd48461a1,,08/07/2025 04:20:00 PM,20,STOP SIGN/FLASHER,FUNCTIONING PROPERLY,CLEAR,DAYLIGHT,ANGLE,NOT DIVIDED,,STRAIGHT AND LEVEL,DRY,NO DEFECTS,NOT ON SCENE (DESK REPORT),NO INJURY / DRIVE AWAY,Y,,,"OVER $1,500",08/12/2025 11:25:00 AM,FAILING TO YIELD RIGHT-OF-WAY,FAILING TO YIELD RIGHT-OF-WAY,4600,W,85TH ST,834,,,,,,,2,NO INDICATION OF INJURY,0,0,0,0,0,2,0,16,5,8,41.7383818783,-87.7361701672,POINT (-87.736170167166 41.738381878271)
bcdc48b2907b702712c51509b2dacf717da379586a577d7406e414d20ee242b41dd895f967fa77873019e0a15dbeaffe540e1f7c38a7f972aa68d3734900077f,,08/07/2025 04:20:00 PM,40,TRAFFIC SIGNAL,FUNCTIONING PROPERLY,CLEAR,DAYLIGHT,REAR END,DIVIDED - W/MEDIAN BARRIER,,STRAIGHT AND LEVEL,DRY,NO DEFECTS,ON SCENE,NO INJURY / DRIVE AWAY,,,,"OVER $1,500",08/07/2025 04:23:00 PM,UNABLE TO DETERMINE,UNABLE TO DETERMINE,400,S,LAKE SHORE DR SB,114,,,,,,,3,NO INDICATION OF INJURY,0,0,0,0,0,6,0,16,5,8,41.8770366926,-87.6175463867,POINT (-87.617546386744 41.877036692607)
c4ef463dc70cdadbaf85fcb142e7a74205435cca53b8161479882d1fcc2dc0af69df2929872749fb854b136a9977306999dbdb1e63b4260a3400b15036be0a24,,08/07/2025 04:17:00 PM,30,STOP SIGN/FLASHER,FUNCTIONING PROPERLY,CLEAR,DAYLIGHT,SIDESWIPE SAME DIRECTION,PARKING LOT,,STRAIGHT AND LEVEL,DRY,UNKNOWN,ON SCENE,INJURY AND / OR TOW DUE TO CRASH,,,,"OVER $1,500",08/07/2025 04:17:00 PM,UNABLE TO DETERMINE,UNABLE TO DETERMINE,7526,S,STONY ISLAND AVE,411,,Y,,,,,6,"REPORTED, NOT EVIDENT",2,0,0,0,2,3,0,16,5,8,41.7579000536,-87.5862687476,POINT (-87.586268747646 41.757900053552)
8a6b3eb4f03aa9965e170b6b9adfcc18dad9ddd24197658f94fbe6f5059088cb4e15818e1daea1b6333d1c56a13de18b36e0f632a081229905574edff2d56195,,08/07/2025 04:15:00 PM,30,STOP SIGN/FLASHER,NO CONTROLS,CLEAR,DAYLIGHT,ANGLE,FOUR WAY,,STRAIGHT AND LEVEL,DRY,NO DEFECTS,ON SCENE,INJURY AND / OR TOW DUE TO CRASH,Y,,,"OVER $1,500",08/07/2025 04:20:00 PM,FAILING TO YIELD RIGHT-OF-WAY,FAILING TO YIELD RIGHT-OF-WAY,1301,S,KEELER AVE,1011,,,,,,,2,NO INDICATION OF INJURY,0,0,0,0,0,3,0,16,5,8,41.8641861285,-87.7298576047,POINT (-87.72985760471 41.864186128518)
9506ccc82a19313137f4ba20099189c911a6c0a3630886b044c4c8e40fd6e56594418204cad29145402a34433d7535e8a208bb9ab829edf8bb72982627d8e9fc,,08/07/2025 04:10:00 PM,30,NO CONTROLS,NO CONTROLS,CLEAR,DAYLIGHT,SIDESWIPE SAME DIRECTION,DIVIDED - W/MEDIAN (NOT RAISED),,STRAIGHT AND LEVEL,DRY,NO DEFECTS,NOT ON SCENE (DESK REPORT),NO INJURY / DRIVE AWAY,,,,"OVER $1,500",08/07/2025 04:30:00 PM,UNABLE TO DETERMINE,NOT APPLICABLE,271,N,SACRAMENTO BLVD,1222,,,,,,,2,NO INDICATION OF INJURY,0,0,0,0,0,3,0,16,5,8,41.8862183072,-87.7012048968,POINT (-87.701204896815 41.886218307172)
cab5ffd39fe1b6b30c599afeb40eeef04f74974362180e73f8743baf4b099cbac9e39999294d98d56aad17061719961ce14f0cbf5a9300a11df62c2318296efe,,08/07/2025 04:09:00 PM,30,TRAFFIC SIGNAL,UNKNOWN,CLEAR,DAYLIGHT,SIDESWIPE SAME DIRECTION,DIVIDED - W/MEDIAN (NOT RAISED),,STRAIGHT ON GRADE,UNKNOWN,UNKNOWN,NOT ON SCENE (DESK REPORT),NO INJURY / DRIVE AWAY,,,,"$501 - $1,500",08/07/2025 05:40:00 PM,IMPROPER OVERTAKING/PASSING,FAILING TO YIELD RIGHT-OF-WAY,1554,E,55TH ST,234,,,,,,,2,NO INDICATION OF INJURY,0,0,0,0,0,3,0,16,5,8,41.7952973181,-87.5878225555,POINT (-87.587822555467 41.79529731814)
506acbd6c7f4e53753671dc58d1b56e7f1f69cc521dab6f8f7f68da0b833f6f15e270252fc1fc6d43330b3bdcc83397db8d2b3da24cab5ce28376cf79617af5b,,08/07/2025 04:05:00 PM,30,NO CONTROLS,NO CONTROLS,CLEAR,DAYLIGHT,REAR END,NOT DIVIDED,,STRAIGHT AND LEVEL,DRY,NO DEFECTS,ON SCENE,INJURY AND / OR TOW DUE TO CRASH,,,,"OVER $1,500",08/07/2025 04:07:00 PM,FOLLOWING TOO CLOSELY,FAILING TO REDUCE SPEED TO AVOID CRASH,7031,S,CICERO AVE,833,,,,,,,2,"REPORTED, NOT EVIDENT",1,0,0,0,1,1,0,16,5,8,41.765102409,-87.7417705027,POINT (-87.741770502742 41.765102408981)
6dfa11cc969f8050f55aa430a6a5aa45330446f7c3737ca84ef041d921d91512ba59246d6a635a45a787c18197ae701d25a69831e144c795a02117cbf300062b,,08/07/2025 04:01:00 PM,30,TRAFFIC SIGNAL,FUNCTIONING PROPERLY,CLEAR,DAYLIGHT,SIDESWIPE SAME DIRECTION,NOT DIVIDED,,STRAIGHT AND LEVEL,DRY,NO DEFECTS,ON SCENE,NO INJURY / DRIVE AWAY,,,,"OVER $1,500",08/07/2025 04:01:00 PM,IMPROPER LANE USAGE,UNABLE TO DETERMINE,8251,S,PULASKI RD,834,,,,,,,2,NO INDICATION OF INJURY,0,0,0,0,0,2,0,16,5,8,41.7424626255,-87.7215414177,POINT (-87.721541417727 41.742462625496)
2418fe217ab2e05626f8cb1b8224195958f8dadfafeef25acdc63d443917f02d8fffd02c2cd578b2ac2f843592a74934b8f9000167ac63db57e45e447a53c5f5,,08/07/2025 04:00:00 PM,30,TRAFFIC SIGNAL,FUNCTIONING PROPERLY,CLEAR,DAYLIGHT,PEDESTRIAN,DIVIDED - W/MEDIAN (NOT RAISED),,STRAIGHT AND LEVEL,DRY,NO DEFECTS,ON SCENE,INJURY AND / OR TOW DUE TO CRASH,,,Y,"$501 - $1,500",08/08/2025 12:03:00 AM,UNABLE TO DETERMINE,UNABLE TO DETERMINE,9500,S,ASHLAND AVE,2213,,,,,,,2,INCAPACITATING INJURY,1,0,1,0,0,1,0,16,5,8,41.7211606121,-87.6628281394,POINT (-87.662828139392 41.721160612052)