CRASH_RECORD_ID,CRASH_DATE_EST_I,CRASH_DATE,POSTED_SPEED_LIMIT,TRAFFIC_CONTROL_DEVICE,DEVICE_CONDITION,WEATHER_CONDITION,LIGHTING_CONDITION,FIRST_CRASH_TYPE,TRAFFICWAY_TYPE,LANE_CNT,ALIGNMENT,ROADWAY_SURFACE_COND,ROAD_DEFECT,REPORT_TYPE,CRASH_TYPE,INTERSECTION_RELATED_I,NOT_RIGHT_OF_WAY_I,HIT_AND_RUN_I,DAMAGE,DATE_POLICE_NOTIFIED,PRIM_CONTRIBUTORY_CAUSE,SEC_CONTRIBUTORY_CAUSE,STREET_NO,STREET_DIRECTION,STREET_NAME,BEAT_OF_OCCURRENCE,PHOTOS_TAKEN_I,STATEMENTS_TAKEN_I,DOORING_I,WORK_ZONE_I,WORK_ZONE_TYPE,WORKERS_PRESENT_I,NUM_UNITS,MOST_SEVERE_INJURY,INJURIES_TOTAL,INJURIES_FATAL,INJURIES_INCAPACITATING,INJURIES_NON_INCAPACITATING,INJURIES_REPORTED_NOT_EVIDENT,INJURIES_NO_INDICATION,INJURIES_UNKNOWN,CRASH_HOUR,CRASH_DAY_OF_WEEK,CRASH_MONTH,LATITUDE,LONGITUDE,LOCATION
0c7f48dd87b65a193f7938afa5422a27aca46ecdff91afb8b54ff44e46a828bfa6cb8117fa9d17d71db8a2751a878d8481c031515d74598bce0270e25c8adfc8,,08/07/2025 08:55:00 AM,30,NO CONTROLS,NO CONTROLS,CLEAR,DAYLIGHT,PARKED MOTOR VEHICLE,NOT DIVIDED,,STRAIGHT AND LEVEL,DRY,UNKNOWN,ON SCENE,NO INJURY / DRIVE AWAY,,,,"OVER $1,500",08/07/2025 08:55:00 AM,UNABLE TO DETERMINE,UNABLE TO DETERMINE,2701,S,ARCHER AVE,913,,,,,,,2,NO INDICATION OF INJURY,0,0,0,0,0,1,0,8,5,8,41.8444859444,-87.6518470631,POINT (-87.651847063139 41.8444859444)
5b0dbade4d864668e9f0be72c37db9c50a6f144a9522b37e9c63cb2b631c564172b2d8802285c3c5ef6d00205fd7db28dc72193dafa772b297cadc4be42d19f4,,08/07/2025 08:50:00 AM,30,NO CONTROLS,NO CONTROLS,CLEAR,DAYLIGHT,PARKED MOTOR VEHICLE,NOT DIVIDED,,STRAIGHT AND LEVEL,DRY,NO DEFECTS,NOT ON SCENE (DESK REPORT),NO INJURY / DRIVE AWAY,,,Y,"OVER $1,500",08/09/2025 02:12:00 PM,IMPROPER OVERTAKING/PASSING,FAILING TO YIELD RIGHT-OF-WAY,3361,S,LOWE AVE,915,,,,,,,2,NO INDICATION OF INJURY,0,0,0,0,0,1,0,8,5,8,41.8327426865,-87.6423501395,POINT (-87.642350139522 41.832742686543)
d0b0a725be54c47e1d860045bc70c134de8e01370251796a7558fa4f11a660b0c403fea041af6987d1e77667544c919d83d3065d90c78129a565d1c18aaf6b6f,,08/07/2025 08:45:00 AM,30,TRAFFIC SIGNAL,UNKNOWN,CLEAR,DAYLIGHT,PEDALCYCLIST,NOT DIVIDED,,STRAIGHT AND LEVEL,DRY,UNKNOWN,ON SCENE,INJURY AND / OR TOW DUE TO CRASH,Y,,,"OVER $1,500",08/07/2025 10:02:00 AM,UNABLE TO DETERMINE,NOT APPLICABLE,2148,N,MILWAUKEE AVE,1431,,,,,,,2,NONINCAPACITATING INJURY,1,0,0,1,0,1,0,8,5,8,41.9201828384,-87.6931390405,POINT (-87.693139040538 41.920182838435)
22fb6dca38b11046ba75a9e2aaaf5396942cc459d4a70c044c5ae4b270fd668266a7134f56fed597791fb19a2a86d3bc2ecace90ab8ff3747da7b72d8456174e,,08/07/2025 08:40:00 AM,30,TRAFFIC SIGNAL,FUNCTIONING PROPERLY,CLEAR,"DARKNESS, LIGHTED ROAD",TURNING,ALLEY,,STRAIGHT AND LEVEL,DRY,NO DEFECTS,ON SCENE,NO INJURY / DRIVE AWAY,,,,"OVER $1,500",08/07/2025 09:30:00 PM,FAILING TO REDUCE SPEED TO AVOID CRASH,NOT APPLICABLE,2014,N,PULASKI RD,2525,,,,,,,2,NO INDICATION OF INJURY,0,0,0,0,0,3,0,8,5,8,41.917620259,-87.7267229199,POINT (-87.726722919892 41.917620258991)
d7b7be28f0db150b5e29f3e6864c04380525b02d9dd22594a0bc05ba229445a7ad776e79c520f8e5f194e21340e898b0670ad91bda5482ef4b1a7fb043957fa7,,08/07/2025 08:40:00 AM,30,PEDESTRIAN CROSSING SIGN,NO CONTROLS,CLEAR,DAYLIGHT,TURNING,NOT DIVIDED,,STRAIGHT AND LEVEL,UNKNOWN,UNKNOWN,NOT ON SCENE (DESK REPORT),INJURY AND / OR TOW DUE TO CRASH,Y,,,"OVER $1,500",08/07/2025 09:30:00 AM,UNABLE TO DETERMINE,UNABLE TO DETERMINE,5232,N,WESTERN AVE,2011,,,,,,,2,NO INDICATION OF INJURY,0,0,0,0,0,2,0,8,5,8,41.9768380035,-87.689334621,POINT (-87.68933462104 41.976838003475)
f9e9cb5c6358c964f4beecb838bfc0f27449f7ead53a039fc391ddf1ff4af3b595e2d5af81b705020cc18f3f177e61b9c39a61fb05a5cb7ebb3c877e0b13c87e,,08/07/2025 08:40:00 AM,30,UNKNOWN,UNKNOWN,UNKNOWN,UNKNOWN,REAR END,NOT DIVIDED,,STRAIGHT AND LEVEL,UNKNOWN,UNKNOWN,NOT ON SCENE (DESK REPORT),NO INJURY / DRIVE AWAY,,,,"$501 - $1,500",08/08/2025 11:25:00 AM,UNABLE TO DETERMINE,NOT APPLICABLE,6478,W,NORTH AVE,2513,,,,,,,2,NO INDICATION OF INJURY,0,0,0,0,0,2,0,8,5,8,41.90921819,-87.7882196355,POINT (-87.788219635458 41.909218189953)
e1a21f89f4ee344a2c6904eb3756b1d6dabfaa639f140d65531a19d0ca6c256983f9c7298005b5333a66ff909e1741bd2477bef4199aa7f4cc684582d16d584b,,08/07/2025 08:30:00 AM,30,NO CONTROLS,NO CONTROLS,CLEAR,DAYLIGHT,TURNING,DIVIDED - W/MEDIAN (NOT RAISED),,STRAIGHT AND LEVEL,DRY,NO DEFECTS,ON SCENE,NO INJURY / DRIVE AWAY,,,,"OVER $1,500",08/07/2025 08:32:00 AM,IMPROPER OVERTAKING/PASSING,IMPROPER TURNING/NO SIGNAL,338,E,63RD ST,311,,,,,,,2,NO INDICATION OF INJURY,0,0,0,0,0,4,0,8,5,8,41.7803198844,-87.6172265634,POINT (-87.617226563408 41.780319884421)
00dd5c4961191b00a73b869dc8d550cee963513002e973b967edaf7ac42fcf9af99a6ba16578285a826a4fbb05e222e02f0282706d033cec601d282ae7edff21,,08/07/2025 08:25:00 AM,30,NO CONTROLS,NO CONTROLS,CLEAR,DAYLIGHT,SIDESWIPE SAME DIRECTION,NOT DIVIDED,,STRAIGHT AND LEVEL,DRY,NO DEFECTS,ON SCENE,NO INJURY / DRIVE AWAY,,,Y,"OVER $1,500",08/07/2025 08:28:00 AM,FAILING TO YIELD RIGHT-OF-WAY,NOT APPLICABLE,659,W,IRVING PARK RD,1925,,,,,,,2,NO INDICATION OF INJURY,0,0,0,0,0,2,0,8,5,8,41.9544909427,-87.6474226832,POINT (-87.647422683181 41.954490942672)
23904a633063798c56d90e10da39a429c1a87fd7c0626c17bf7971957fc6522cab1cbbd055304ae2c3031040510e26e1ca11088973d8dcb0b4b062d64d64e121,,08/07/2025 08:16:00 AM,10,NO CONTROLS,NO CONTROLS,CLEAR,DAYLIGHT,PARKED MOTOR VEHICLE,ONE-WAY,,STRAIGHT AND LEVEL,DRY,NO DEFECTS,ON SCENE,NO INJURY / DRIVE AWAY,,,Y,"OVER $1,500",08/07/2025 08:23:00 AM,DRIVING SKILLS/KNOWLEDGE/EXPERIENCE,UNABLE TO DETERMINE,2620,N,SPRINGFIELD AVE,2524,,,,,,,2,NO INDICATION OF INJURY,0,0,0,0,0,1,0,8,5,8,41.928842854,-87.7245973432,POINT (-87.724597343222 41.928842853965)
2081a5388277ed0e0a1d8fd458fef7fff228d3e4dfbfb143505bbb5c3f9b27a18ea63627b200b26ecf547d2013fdcedde60f35013250a45eb529ce2fdf4255e0,,08/07/2025 08:05:00 AM,35,NO CONTROLS,NO CONTROLS,CLEAR,DAYLIGHT,SIDESWIPE SAME DIRECTION,NOT DIVIDED,,STRAIGHT AND LEVEL,DRY,NO DEFECTS,ON SCENE,INJURY AND / OR TOW DUE TO CRASH,,,,"OVER $1,500",08/07/2025 08:10:00 AM,UNABLE TO DETERMINE,DRIVING SKILLS/KNOWLEDGE/EXPERIENCE,4411,S,PULASKI RD,821,,,,,,,2,NO INDICATION OF INJURY,0,0,0,0,0,2,0,8,5,8,41.8129954227,-87.7236297868,POINT (-87.72362978682 41.812995422725)
d61c333ea7c04c4cbb23ca670d93ffc47a7513d66cc7fc6c201ea1ec6e5f24e459ff9abb957b6a6263f2f2fd505a0de0b15aecbe9939a5a604aff4a81cea965d,,08/07/2025 08:05:00 AM,30,TRAFFIC SIGNAL,FUNCTIONING PROPERLY,CLEAR,DAYLIGHT,SIDESWIPE SAME DIRECTION,NOT DIVIDED,,STRAIGHT ON GRADE,DRY,NO DEFECTS,NOT ON SCENE (DESK REPORT),NO INJURY / DRIVE AWAY,,,Y,"$501 - $1,500",08/07/2025 08:20:00 AM,IMPROPER LANE USAGE,NOT APPLICABLE,5700,N,SHERIDAN RD,2022,,,,,,,2,NO INDICATION OF INJURY,0,0,0,0,0,3,0,8,5,8,41.9856410954,-87.6553885441,POINT (-87.655388544127 41.985641095429)
3fdfdcbf2116a6726d804fba2c4f1a085773afcab07641c77ff5f0cab81568fad7536bd97a0581d7bef4d7963601f2597ab5408c1cc7fbbd6c1783f785a484ae,,08/07/2025 08:00:00 AM,30,NO CONTROLS,NO CONTROLS,CLEAR,DAYLIGHT,REAR END,ONE-WAY,,STRAIGHT AND LEVEL,DRY,NO DEFECTS,NOT ON SCENE (DESK REPORT),NO INJURY / DRIVE AWAY,,,,"OVER $1,500",08/07/2025 08:50:00 AM,IMPROPER BACKING,IMPROPER BACKING,4757,W,OHIO ST,1111,,,,,,,2,NO INDICATION OF INJURY,0,0,0,0,0,2,0,8,5,8,41.8912725124,-87.7454932122,POINT (-87.745493212243 41.891272512383)
ff6788420208b0b3472eb0ad914a5a80b7a861630a5a2f2fea192e1e2b61abb64f16720538d8bfe742382cf0971548ac9bbec65bc6c197331aed4c35b46d3432,,08/07/2025 07:55:00 AM,30,TRAFFIC SIGNAL,FUNCTIONING PROPERLY,CLEAR,DAYLIGHT,REAR END,NOT DIVIDED,,STRAIGHT AND LEVEL,DRY,NO DEFECTS,NOT ON SCENE (DESK REPORT),NO INJURY / DRIVE AWAY,,,,"OVER $1,500",08/07/2025 08:40:00 AM,FOLLOWING TOO CLOSELY,FOLLOWING TOO CLOSELY,5501,S,CICERO AVE,813,,,,,,,2,NO INDICATION OF INJURY,0,0,0,0,0,2,0,7,5,8,41.7929943849,-87.7418060289,POINT (-87.741806028879 41.792994384855)
1846cbdb476087c223adaeedfa20e2129e5f53b94a55929be31bf82538c7b5b5c71c386f490a2fef6997e656b4de2317c5f56c1af4fd0e3505a476a937fa94fe,,08/07/2025 07:50:00 AM,30,UNKNOWN,UNKNOWN,CLEAR,DAYLIGHT,SIDESWIPE SAME DIRECTION,NOT DIVIDED,,STRAIGHT AND LEVEL,UNKNOWN,UNKNOWN,NOT ON SCENE (DESK REPORT),NO INJURY / DRIVE AWAY,,,,"$501 - $1,500",08/07/2025 08:30:00 AM,UNABLE TO DETERMINE,NOT APPLICABLE,7700,S,KEDZIE AVE,835,,,,,,,2,NO INDICATION OF INJURY,0,0,0,0,0,2,0,7,5,8,41.75335698,-87.7026425505,POINT (-87.70264255049 41.753356980012)
38c9b28d268929fb3e1ac923493cbcd373026409427b0e8d3587b2badd0cdf67a5d5f4cd3d5486d0b1ae3416d864d3262a615836e99c97fe0c2ad9b050175119,,08/07/2025 07:50:00 AM,35,NO CONTROLS,NO CONTROLS,CLEAR,DAYLIGHT,REAR END,NOT DIVIDED,,STRAIGHT AND LEVEL,DRY,UNKNOWN,NOT ON SCENE (DESK REPORT),NO INJURY / DRIVE AWAY,,,,"OVER $1,500",08/07/2025 08:25:00 AM,NOT APPLICABLE,NOT APPLICABLE,2004,S,KOSTNER AVE,1012,,,,,,,2,NO INDICATION OF INJURY,0,0,0,0,0,2,0,7,5,8,41.85410293,-87.7347339515,POINT (-87.73473395148 41.85410292997)
8d40da0172f042d1103b73500c6c7fc3875a07769c0c2acdb6e8460e24e3c2948549ac9690a462f6b91846e111a9e2166a4a1d912f334c2335a11a059be5617e,,08/07/2025 07:47:00 AM,30,TRAFFIC SIGNAL,FUNCTIONING PROPERLY,CLEAR,DAYLIGHT,SIDESWIPE SAME DIRECTION,DIVIDED - W/MEDIAN (NOT RAISED),,STRAIGHT AND LEVEL,DRY,NO DEFECTS,,NO INJURY / DRIVE AWAY,,,Y,"OVER $1,500",08/07/2025 08:20:00 AM,UNABLE TO DETERMINE,NOT APPLICABLE,414,S,KOSTNER AVE,1131,,,,,,,2,NO INDICATION OF INJURY,0,0,0,0,0,2,0,7,5,8,41.8746146053,-87.735407855,POINT (-87.735407854998 41.874614605274)
8f72392a6d73ef0bbd7ba75c072a3d4c57798c4917b27c586b092be49230708df9ee207005de5af8131a3291c8616b01ff28ac9f9393f9c75417674f14c17e1d,,08/07/2025 07:33:00 AM,30,TRAFFIC SIGNAL,UNKNOWN,CLEAR,DAYLIGHT,SIDESWIPE SAME DIRECTION,NOT DIVIDED,,STRAIGHT AND LEVEL,DRY,NO DEFECTS,ON SCENE,INJURY AND / OR TOW DUE TO CRASH,,,Y,"OVER $1,500",08/07/2025 07:38:00 AM,UNABLE TO DETERMINE,UNABLE TO DETERMINE,1355,N,CENTRAL AVE,2532,,,,,,,3,NONINCAPACITATING INJURY,1,0,0,1,0,2,0,7,5,8,41.9055809595,-87.7656308941,POINT (-87.765630894082 41.905580959522)
05cd3554e3bd2162411d58f36a165568e4df53eda642db89ac8b69e35f1fa031ab85ce31baa10e1c278630f35fe535cf8d8e46835baa1ce3790194c4ab32ddf5,,08/07/2025 07:30:00 AM,30,NO CONTROLS,NO CONTROLS,CLEAR,DAYLIGHT,SIDESWIPE SAME DIRECTION,DIVIDED - W/MEDIAN (NOT RAISED),,STRAIGHT AND LEVEL,DRY,NO DEFECTS,NOT ON SCENE (DESK REPORT),NO INJURY / DRIVE AWAY,,,,$500 OR LESS,08/07/2025 02:30:00 PM,IMPROPER LANE USAGE,NOT APPLICABLE,550,W,CONGRESS PKWY,124,,,,,,,2,NO INDICATION OF INJURY,0,0,0,0,0,7,0,7,5,8,41.8754021727,-87.6414992426,POINT (-87.641499242596 41.875402172722)
064d131d9a08e3a6732c47881df0b34cb6dab6b0db7ebf25b63f519e3ab945352dc229add6dec5db80cc8e5dcf55aea1aeddd62a9c4336a790f79c43bff14d13,,08/07/2025 07:30:00 AM,30,TRAFFIC SIGNAL,UNKNOWN,CLEAR,DAYLIGHT,SIDESWIPE SAME DIRECTION,FOUR WAY,,STRAIGHT AND LEVEL,UNKNOWN,UNKNOWN,NOT ON SCENE (DESK REPORT),NO INJURY / DRIVE AWAY,,,Y,"OVER $1,500",08/07/2025 08:00:00 AM,IMPROPER LANE USAGE,IMPROPER LANE USAGE,757,N,MICHIGAN AVE,1833,,,,,,,2,NO INDICATION OF INJURY,0,0,0,0,0,2,0,7,5,8,41.8964106756,-87.6241332966,POINT (-87.624133296552 41.896410675642)
371045397ef228b79c5e5b4dadfa869e25b1de72013f79cfaef7164be951457c678fc8ead557d61487a45cc5347c689bb3970480cb42222aeb56fd4bb5002f52,,08/07/2025 07:30:00 AM,30,UNKNOWN,UNKNOWN,UNKNOWN,DAYLIGHT,PARKED MOTOR VEHICLE,NOT DIVIDED,,STRAIGHT AND LEVEL,UNKNOWN,UNKNOWN,NOT ON SCENE (DESK REPORT),NO INJURY / DRIVE AWAY,,,,"OVER $1,500",08/13/2025 01:20:00 PM,UNABLE TO DETERMINE,UNABLE TO DETERMINE,1250,N,PAULINA ST,1424,,,,,,,2,NO INDICATION OF INJURY,0,0,0,0,0,1,0,7,5,8,41.9047892178,-87.6701802662,POINT (-87.670180266244 41.904789217843)
993c8252921a986646fd808e0a9d7f18ec95d1096465166bf59bf9b8d54e7cd0904f90e762653237c3a64ffeccf89afb3188f0e715bba5167296f5eb051d9167,,08/07/2025 07:30:00 AM,30,TRAFFIC SIGNAL,UNKNOWN,CLEAR,DAYLIGHT,TURNING,FOUR WAY,,STRAIGHT AND LEVEL,DRY,UNKNOWN,ON SCENE,INJURY AND / OR TOW DUE TO CRASH,Y,,,"OVER $1,500",08/07/2025 07:41:00 AM,IMPROPER TURNING/NO SIGNAL,IMPROPER OVERTAKING/PASSING,5900,S,ASHLAND AVE,714,,,,,,,2,NONINCAPACITATING INJURY,1,0,0,1,0,3,0,7,5,8,41.7866541783,-87.6645391577,POINT (-87.664539157743 41.786654178265)
ace54ac2dd032fac821a1e30a67bb6812de19923fb5220640a57a7fed6e34239b6f140f958b32789c6ab443a592fb25f21b6d13aae193b5480ade9261ee76af4,,08/07/2025 07:27:00 AM,30,NO CONTROLS,NO CONTROLS,CLEAR,DAYLIGHT,SIDESWIPE SAME DIRECTION,NOT DIVIDED,,STRAIGHT AND LEVEL,DRY,UNKNOWN,ON SCENE,NO INJURY / DRIVE AWAY,,,,"OVER $1,500",08/07/2025 07:27:00 AM,UNABLE TO DETERMINE,UNABLE TO DETERMINE,2701,S,ARCHER AVE,913,,,,,,,2,NO INDICATION OF INJURY,0,0,0,0,0,2,0,7,5,8,41.8444859444,-87.6518470631,POINT (-87.651847063139 41.8444859444)
d1b70cf1c08136d8431687527eef4695abe92184f8e2c1282391ea63b0802a9b1141707a0de828d2a6dbcbf29893074dc00b4cddad5c9f647a62a4fd420d4439,Y,08/07/2025 07:05:00 AM,5,NO CONTROLS,NO CONTROLS,CLEAR,UNKNOWN,PARKED MOTOR VEHICLE,PARKING LOT,,STRAIGHT AND LEVEL,DRY,NO DEFECTS,ON SCENE,NO INJURY / DRIVE AWAY,,,Y,"OVER $1,500",08/08/2025 10:01:00 AM,UNABLE TO DETERMINE,NOT APPLICABLE,365,N,JEFFERSON ST,1214,,,,,,,2,NO INDICATION OF INJURY,0,0,0,0,0,1,0,7,5,8,41.8884778776,-87.6427227369,POINT (-87.642722736941 41.888477877571)
b8f2c8939e76a8a7155678094e8fac0cb430a94ec19c28271a5ed3681d7e12a001c8aae66fae22c2b6be88a264f76756e0a7f3fbd428210ed5ae885fdd93810b,,08/07/2025 07:00:00 AM,30,NO CONTROLS,NO CONTROLS,CLEAR,DAYLIGHT,PEDALCYCLIST,NOT DIVIDED,,STRAIGHT AND LEVEL,DRY,NO DEFECTS,ON SCENE,INJURY AND / OR TOW DUE TO CRASH,,,,"OVER $1,500",08/07/2025 07:10:00 AM,FAILING TO YIELD RIGHT-OF-WAY,DRIVING SKILLS/KNOWLEDGE/EXPERIENCE,1348,N,MILWAUKEE AVE,1424,,,Y,,,,2,NONINCAPACITATING INJURY,1,0,0,1,0,1,0,7,5,8,41.906236605,-87.6712133484,POINT (-87.671213348395 41.906236605013)
1f30420a6e62b89a60dafdb6843d71297992b825e6841b8ed975a804df6107bde63c934388bb65967cbb3ac8a92f9090d40828cb8d5fa80cf9ec6269485e00c5,,08/07/2025 06:25:00 AM,30,TRAFFIC SIGNAL,FUNCTIONING PROPERLY,CLEAR,DAYLIGHT,REAR END,DIVIDED - W/MEDIAN (NOT RAISED),,STRAIGHT AND LEVEL,DRY,NO DEFECTS,ON SCENE,NO INJURY / DRIVE AWAY,,,,$500 OR LESS,08/07/2025 06:41:00 AM,FOLLOWING TOO CLOSELY,NOT APPLICABLE,3608,N,CICERO AVE,1634,,,,,,,2,NO INDICATION OF INJURY,0,0,0,0,0,2,0,6,5,8,41.9464178302,-87.7472327813,POINT (-87.747232781266 41.946417830199)
6779ad9c9f07d41e92d326e5d178fd9982986564f0b30c11a82a8bc73e8901e196895a318b8ce57634904cd4f8082e32f23bd6db8d0eab491f3840f7d5d11c62,,08/07/2025 05:25:00 AM,20,NO CONTROLS,NO CONTROLS,CLEAR,"DARKNESS, LIGHTED ROAD",REAR TO SIDE,NOT DIVIDED,,STRAIGHT AND LEVEL,DRY,NO DEFECTS,NOT ON SCENE (DESK REPORT),NO INJURY / DRIVE AWAY,,,,"OVER $1,500",08/07/2025 05:30:00 AM,"VISION OBSCURED (SIGNS, TREE LIMBS, BUILDINGS, ETC.)",UNABLE TO DETERMINE,3215,W,62ND ST,823,,,,,,,2,NO INDICATION OF INJURY,0,0,0,0,0,2,0,5,5,8,41.7806809623,-87.7038332494,POINT (-87.703833249409 41.780680962264)
c0a125cb4597ffd7c7802b42be6374eff39ab6de0c7a7947182ac39f40abc8db5bdf9dbc3b02e237f6ff6fdcdf4700750a0063de1ab77216e1e1f60c276cb1b1,,08/07/2025 05:12:00 AM,30,UNKNOWN,UNKNOWN,CLEAR,DAYLIGHT,REAR TO FRONT,NOT DIVIDED,,STRAIGHT AND LEVEL,DRY,NO DEFECTS,ON SCENE,NO INJURY / DRIVE AWAY,,,,"$501 - $1,500",08/07/2025 05:53:00 AM,"VISION OBSCURED (SIGNS, TREE LIMBS, BUILDINGS, ETC.)",DRIVING SKILLS/KNOWLEDGE/EXPERIENCE,5240,W,LAWRENCE AVE,1623,,,,,,,2,NO INDICATION OF INJURY,0,0,0,0,0,2,0,5,5,8,41.9679985169,-87.7591971379,POINT (-87.759197137941 41.967998516856)
79dac266040ad1b5625c1e8eb77d93c5d127f1c3f702fd44937f8a4d173c1d2ce02e25db8013a2f3b3f6f391c5051975bcc6078d82ce54f71f72a190787320dc,,08/07/2025 05:00:00 AM,30,TRAFFIC SIGNAL,FUNCTIONING PROPERLY,CLEAR,"DARKNESS, LIGHTED ROAD",TURNING,DIVIDED - W/MEDIAN (NOT RAISED),,STRAIGHT AND LEVEL,DRY,UNKNOWN,ON SCENE,INJURY AND / OR TOW DUE TO CRASH,Y,,,"OVER $1,500",08/07/2025 05:03:00 AM,FAILING TO REDUCE SPEED TO AVOID CRASH,NOT APPLICABLE,1001,W,VAN BUREN ST,1232,,,,,,,2,NO INDICATION OF INJURY,0,0,0,0,0,2,0,5,5,8,41.8764905542,-87.6519193185,POINT (-87.651919318526 41.876490554192)
301790f9de3a736a64d6c2f2c9259b7b5722845ab609621d4eee54179548d860521b576508728df6280464a0eecb401b62b37a248aacbd3b58f22fce53bb762b,Y,08/07/2025 04:30:00 AM,30,NO CONTROLS,NO CONTROLS,CLEAR,"DARKNESS, LIGHTED ROAD",PARKED MOTOR VEHICLE,ONE-WAY,,STRAIGHT AND LEVEL,DRY,UNKNOWN,NOT ON SCENE (DESK REPORT),NO INJURY / DRIVE AWAY,,,Y,"OVER $1,500",08/07/2025 06:00:00 AM,NOT APPLICABLE,NOT APPLICABLE,2200,S,KILDARE AVE,1013,,,,,,,2,NO INDICATION OF INJURY,0,0,0,0,0,1,0,4,5,8,41.8513567408,-87.7313875533,POINT (-87.731387553288 41.851356740798)
da11302c5211c7affee2e6e222e3c1262c9e1fa5e3ac17da5f014971727c3a4c139b7217b933810a911c202006af8069b9c13e8569388d88695b619abf6896f7,,08/07/2025 04:30:00 AM,30,STOP SIGN/FLASHER,FUNCTIONING PROPERLY,CLEAR,"DARKNESS, LIGHTED ROAD",ANGLE,FOUR WAY,,STRAIGHT AND LEVEL,DRY,NO DEFECTS,ON SCENE,NO INJURY / DRIVE AWAY,Y,,,"OVER $1,500",08/07/2025 04:35:00 AM,UNABLE TO DETERMINE,NOT APPLICABLE,430,N,ASHLAND AVE,1215,,Y,,,,,3,NO INDICATION OF INJURY,0,0,0,0,0,4,0,4,5,8,41.8897743412,-87.6672551611,POINT (-87.667255161117 41.889774341205)
b99aab624b820d343ee3367d73a82d17b766346ed00e2220e79d4b2cb6eb31189f73e8ea0b6bd1d21221e5ae7404fa5ac2488142f1c76572784a79ae0b4679bb,,08/07/2025 04:00:00 AM,25,NO CONTROLS,NO CONTROLS,CLEAR,"DARKNESS, LIGHTED ROAD",PARKED MOTOR VEHICLE,ONE-WAY,,STRAIGHT AND LEVEL,DRY,NO DEFECTS,NOT ON SCENE (DESK REPORT),NO INJURY / DRIVE AWAY,,,Y,"OVER $1,500",08/07/2025 09:52:00 AM,UNABLE TO DETERMINE,UNABLE TO DETERMINE,2850,W,WELLINGTON AVE,1411,,,,,,,2,NO INDICATION OF INJURY,0,0,0,0,0,1,0,4,5,8,41.9358427515,-87.6997757803,POINT (-87.699775780313 41.935842751505)
35eadc9abcfa9e4234b75c2a47c51da7aa7a359d4c3f0dbb2682fd4400a4379931630deed080bdbf45fc6af0110281a8d6afcd3a8675d399ff5f9b2d59d26162,Y,08/07/2025 03:35:00 AM,30,NO CONTROLS,NO CONTROLS,CLEAR,DARKNESS,PARKED MOTOR VEHICLE,NOT DIVIDED,,STRAIGHT AND LEVEL,DRY,UNKNOWN,NOT ON SCENE (DESK REPORT),NO INJURY / DRIVE AWAY,,,Y,"OVER $1,500",08/07/2025 10:30:00 AM,UNABLE TO DETERMINE,NOT APPLICABLE,5720,W,LAKE ST,1512,,,,,,,2,NO INDICATION OF INJURY,0,0,0,0,0,1,0,3,5,8,41.8879347827,-87.7684499996,POINT (-87.768449999594 41.887934782683)
b8776c334ad72da2cd0fa8a3a4ac8cea57a9cccf28ed8b00953384b6e3189d2b2952c0022605aef87a670d5f9f4e120bfbd50e3f22a86d8be322814586f7c2b7,,08/07/2025 03:17:00 AM,30,UNKNOWN,UNKNOWN,CLEAR,"DARKNESS, LIGHTED ROAD",FIXED OBJECT,DIVIDED - W/MEDIAN BARRIER,,STRAIGHT AND LEVEL,DRY,UNKNOWN,ON SCENE,INJURY AND / OR TOW DUE TO CRASH,,,,"OVER $1,500",08/07/2025 03:18:00 AM,FAILING TO REDUCE SPEED TO AVOID CRASH,UNABLE TO DETERMINE,8929,S,HALSTED ST,2223,,,,,,,1,INCAPACITATING INJURY,3,0,3,0,0,0,0,3,5,8,41.7316732571,-87.6433424385,POINT (-87.64334243849 41.731673257131)
064384617818bbaab57fd4e888fca5fdfe0a74dff906eac0cc608ebc77f5f900e5f2cf575ca0c15031c410444e5b033eecac5d6350f4c07a9ded02f525efeaf9,,08/07/2025 02:30:00 AM,30,NO CONTROLS,NO CONTROLS,CLEAR,DARKNESS,PARKED MOTOR VEHICLE,ONE-WAY,,STRAIGHT AND LEVEL,DRY,NO DEFECTS,ON SCENE,INJURY AND / OR TOW DUE TO CRASH,,,Y,"OVER $1,500",08/07/2025 02:33:00 AM,UNABLE TO DETERMINE,UNABLE TO DETERMINE,10854,S,EMERALD AVE,2233,,,,,,,2,NO INDICATION OF INJURY,0,0,0,0,0,2,0,2,5,8,41.69621274,-87.6414341145,POINT (-87.64143411455 41.696212739972)
b06afcbd5c69ea9ad614e5294fd129ddbc21b501fa1980f150a7ed30b80aef5aa63891b2bd3b06c15422567a570d8bbb14532a8a74804b72f0d16cdc3344d702,,08/07/2025 01:20:00 AM,25,UNKNOWN,UNKNOWN,CLEAR,"DARKNESS, LIGHTED ROAD",PARKED MOTOR VEHICLE,NOT DIVIDED,,STRAIGHT AND LEVEL,DRY,NO DEFECTS,ON SCENE,INJURY AND / OR TOW DUE TO CRASH,,,,"$501 - $1,500",08/07/2025 01:21:00 AM,DISTRACTION - FROM INSIDE VEHICLE,ANIMAL,2000,W,77TH ST,611,,,,,,,3,NONINCAPACITATING INJURY,1,0,0,1,0,0,0,1,5,8,41.7539846982,-87.673300789,POINT (-87.673300788985 41.753984698185)