CRASH_RECORD_ID,CRASH_DATE_EST_I,CRASH_DATE,POSTED_SPEED_LIMIT,TRAFFIC_CONTROL_DEVICE,DEVICE_CONDITION,WEATHER_CONDITION,LIGHTING_CONDITION,FIRST_CRASH_TYPE,TRAFFICWAY_TYPE,LANE_CNT,ALIGNMENT,ROADWAY_SURFACE_COND,ROAD_DEFECT,REPORT_TYPE,CRASH_TYPE,INTERSECTION_RELATED_I,NOT_RIGHT_OF_WAY_I,HIT_AND_RUN_I,DAMAGE,DATE_POLICE_NOTIFIED,PRIM_CONTRIBUTORY_CAUSE,SEC_CONTRIBUTORY_CAUSE,STREET_NO,STREET_DIRECTION,STREET_NAME,BEAT_OF_OCCURRENCE,PHOTOS_TAKEN_I,STATEMENTS_TAKEN_I,DOORING_I,WORK_ZONE_I,WORK_ZONE_TYPE,WORKERS_PRESENT_I,NUM_UNITS,MOST_SEVERE_INJURY,INJURIES_TOTAL,INJURIES_FATAL,INJURIES_INCAPACITATING,INJURIES_NON_INCAPACITATING,INJURIES_REPORTED_NOT_EVIDENT,INJURIES_NO_INDICATION,INJURIES_UNKNOWN,CRASH_HOUR,CRASH_DAY_OF_WEEK,CRASH_MONTH,LATITUDE,LONGITUDE,LOCATION
9551f64d2c8a69554298bed7521231ca852f0e4084029816f40c70f207ef64287880f2df2df135b0976756507389d549179c86ee296d4bd10cd7486dca431f90,,08/06/2025 08:17:00 PM,30,TRAFFIC SIGNAL,FUNCTIONING PROPERLY,CLEAR,"DARKNESS, LIGHTED ROAD",REAR END,DIVIDED - W/MEDIAN (NOT RAISED),,STRAIGHT AND LEVEL,DRY,NO DEFECTS,NOT ON SCENE (DESK REPORT),NO INJURY / DRIVE AWAY,,,Y,"$501 - $1,500",08/06/2025 11:10:00 PM,UNABLE TO DETERMINE,NOT APPLICABLE,7500,S,PULASKI RD,833,,,,,,,2,NO INDICATION OF INJURY,0,0,0,0,0,2,0,20,4,8,41.7568763948,-87.7223217383,POINT (-87.722321738255 41.756876394825)
0c40622e24a0e9ef2a34568bd8fbcf05ef0c1eebabdea4061899d4cbe0c4688a0a2d253bee4d5b1fe3bfd2a930ae0d3e32f49f69fcdd9aab8b9496e1b707bd7e,,08/06/2025 08:15:00 PM,30,NO CONTROLS,NO CONTROLS,CLEAR,DUSK,FIXED OBJECT,NOT DIVIDED,,STRAIGHT AND LEVEL,DRY,UNKNOWN,ON SCENE,NO INJURY / DRIVE AWAY,,,,"OVER $1,500",08/06/2025 08:15:00 PM,NOT APPLICABLE,NOT APPLICABLE,4227,S,MORGAN ST,925,,,,,,,1,NO INDICATION OF INJURY,0,0,0,0,0,1,0,20,4,8,41.8166457541,-87.6504761434,POINT (-87.650476143432 41.816645754062)
31854705aea76864806c6093d269b47f6c88a06c9f43af081484b2e0dd15493b6b9ed3e363f7901df4cab5437b3b963aa1ad0ecc1ece78617840d62ef86db913,,08/06/2025 08:15:00 PM,30,TRAFFIC SIGNAL,FUNCTIONING PROPERLY,CLEAR,"DARKNESS, LIGHTED ROAD",REAR END,NOT DIVIDED,,STRAIGHT AND LEVEL,DRY,NO DEFECTS,ON SCENE,INJURY AND / OR TOW DUE TO CRASH,,,,"OVER $1,500",08/06/2025 08:22:00 PM,FOLLOWING TOO CLOSELY,UNABLE TO DETERMINE,2915,N,CALIFORNIA AVE,1411,,,,,,,2,"REPORTED, NOT EVIDENT",1,0,0,0,1,1,0,20,4,8,41.9344500732,-87.6975353924,POINT (-87.697535392396 41.93445007317)
df287fdef50762094ad13fb0b6eb5600ccc7bbd4dbd6024341b9c6e203d370837cbd9006a2680bbd846c0058751497f5177a751d4e6b127d02ae1f0e1c6b9b84,,08/06/2025 08:04:00 PM,35,STOP SIGN/FLASHER,FUNCTIONING PROPERLY,CLEAR,DARKNESS,ANGLE,T-INTERSECTION,,STRAIGHT AND LEVEL,DRY,NO DEFECTS,NOT ON SCENE (DESK REPORT),INJURY AND / OR TOW DUE TO CRASH,Y,,Y,"OVER $1,500",08/06/2025 08:04:00 PM,FAILING TO REDUCE SPEED TO AVOID CRASH,FAILING TO YIELD RIGHT-OF-WAY,5900,S,LOOMIS BLVD,713,,,,,,,2,NONINCAPACITATING INJURY,2,0,0,2,0,1,0,20,4,8,41.7867222162,-87.6596836162,POINT (-87.659683616183 41.786722216228)
df62fd0f289fdc05b23c169635e42b888d686251ed09b488586bc9c2e662819b50190f8ec5afd055bb2c4dfdf8969bbc44a033d7ddf2813470094f7b93315424,,08/06/2025 08:00:00 PM,30,TRAFFIC SIGNAL,FUNCTIONING PROPERLY,CLEAR,DAWN,PEDESTRIAN,NOT DIVIDED,,STRAIGHT AND LEVEL,DRY,NO DEFECTS,ON SCENE,INJURY AND / OR TOW DUE TO CRASH,,,Y,"OVER $1,500",08/06/2025 08:06:00 PM,FAILING TO YIELD RIGHT-OF-WAY,UNABLE TO DETERMINE,3098,W,26TH ST,1033,,,,,,,2,NONINCAPACITATING INJURY,1,0,0,1,0,1,0,20,4,8,41.8446660441,-87.7025400118,POINT (-87.702540011833 41.844666044142)
818c1e339bf067d25a05fd84290cfc4a9537e132b948a6c9b660b86d3e3e2a7ace9d772ccf236a41b6c697e244d3d8868b19710725e89cbc9832c1f4fa15d633,,08/06/2025 07:40:00 PM,15,NO CONTROLS,NO CONTROLS,CLEAR,DAYLIGHT,SIDESWIPE SAME DIRECTION,ONE-WAY,,STRAIGHT AND LEVEL,DRY,NO DEFECTS,NOT ON SCENE (DESK REPORT),NO INJURY / DRIVE AWAY,,,,$500 OR LESS,08/06/2025 09:15:00 PM,FOLLOWING TOO CLOSELY,FOLLOWING TOO CLOSELY,1,W,TERMINAL ST,1651,,,,,,,2,NO INDICATION OF INJURY,0,0,0,0,0,2,0,19,4,8,,,
280fd4f315cd9f709de7563ef25748b9eb3336985d6df4f33fa4b4e894f256700c18715ea96ebba450efe9cd2893be5e9f61e5cfa7673a52e2d0e0b95d4795b3,,08/06/2025 07:30:00 PM,30,STOP SIGN/FLASHER,FUNCTIONING PROPERLY,CLEAR,DAYLIGHT,PEDESTRIAN,NOT DIVIDED,,STRAIGHT AND LEVEL,DRY,NO DEFECTS,ON SCENE,INJURY AND / OR TOW DUE TO CRASH,Y,,Y,"OVER $1,500",08/06/2025 07:30:00 PM,UNABLE TO DETERMINE,UNABLE TO DETERMINE,1498,W,ESTES AVE,2423,Y,,,,,,2,FATAL,1,1,0,0,0,1,0,19,4,8,42.0116387491,-87.6679061235,POINT (-87.667906123473 42.011638749065)
5edf96591e11d6c780a780c83e7c9f29e365c2c96d5916fc71eb8c083dd607b6d2b77eefe7875ae6ed7613a44ed3ecd4be0b25cedc9bb384f0a33bd2c00ef2c8,,08/06/2025 07:30:00 PM,30,NO CONTROLS,NO CONTROLS,CLEAR,DAYLIGHT,TURNING,PARKING LOT,,STRAIGHT AND LEVEL,DRY,NO DEFECTS,NOT ON SCENE (DESK REPORT),NO INJURY / DRIVE AWAY,,Y,Y,"OVER $1,500",08/07/2025 07:20:00 PM,FAILING TO YIELD RIGHT-OF-WAY,NOT APPLICABLE,3345,S,DR MARTIN LUTHER KING JR DR,211,,,,,,,2,NO INDICATION OF INJURY,0,0,0,0,0,2,0,19,4,8,41.8336712065,-87.6168742995,POINT (-87.616874299493 41.833671206512)
6730477e3744a368e108aae5005d5660aea23d7a23aa2b2fe3cf1172f75b47a977922d85ceab73f82d7785202b972e4e41ea360227a63246808a6e4ff72034f8,,08/06/2025 07:30:00 PM,30,TRAFFIC SIGNAL,FUNCTIONING PROPERLY,CLEAR,DAYLIGHT,TURNING,NOT DIVIDED,,STRAIGHT AND LEVEL,DRY,NO DEFECTS,ON SCENE,INJURY AND / OR TOW DUE TO CRASH,Y,,,"OVER $1,500",08/06/2025 07:53:00 PM,UNABLE TO DETERMINE,NOT APPLICABLE,3900,S,WESTERN AVE,921,,,,,,,2,"REPORTED, NOT EVIDENT",1,0,0,0,1,1,0,19,4,8,41.8229542941,-87.685012986,POINT (-87.685012986006 41.822954294114)
98de8ab05b2015a91d69e48da1cbd0e2abd9db5af29264212308d586bd67c7253c977a9761cc3f68b539c4d154cb91053fa5ea25f9e8228ba80fc40787c183e7,,08/06/2025 07:25:00 PM,30,TRAFFIC SIGNAL,FUNCTIONING PROPERLY,CLEAR,DUSK,REAR END,DIVIDED - W/MEDIAN BARRIER,,STRAIGHT AND LEVEL,DRY,NO DEFECTS,NOT ON SCENE (DESK REPORT),NO INJURY / DRIVE AWAY,,,,"$501 - $1,500",08/06/2025 07:55:00 PM,UNABLE TO DETERMINE,NOT APPLICABLE,1500,E,103RD ST,511,Y,Y,,,,,3,NO INDICATION OF INJURY,0,0,0,0,0,3,0,19,4,8,41.7078577214,-87.5872416576,POINT (-87.587241657552 41.707857721423)
23dcb85712e06f227be47d90d7d6e55ee324723300bc6a5b88b279f30ca406e94a5acabc4791340e580df6847af9980b36f18c14294998816d8e093ed3361d27,,08/06/2025 07:22:00 PM,35,NO CONTROLS,NO CONTROLS,CLEAR,DAYLIGHT,SIDESWIPE SAME DIRECTION,DIVIDED - W/MEDIAN BARRIER,,STRAIGHT AND LEVEL,DRY,NO DEFECTS,ON SCENE,NO INJURY / DRIVE AWAY,N,,,"OVER $1,500",08/06/2025 07:30:00 PM,FAILING TO YIELD RIGHT-OF-WAY,DRIVING SKILLS/KNOWLEDGE/EXPERIENCE,6500,N,MANNHEIM RD,1654,,,,,,,2,NO INDICATION OF INJURY,0,0,0,0,0,2,0,19,4,8,,,
39d97c95613fef7de7f0dc9fa97aa15221313cda4e8c9e8f63af8b4ad83d63faf95233db7987fbf67688058c23641a831b0eae058aa7446ede985df8dfeda6a0,,08/06/2025 07:03:00 PM,25,NO CONTROLS,NO CONTROLS,CLEAR,"DARKNESS, LIGHTED ROAD",FIXED OBJECT,OTHER,,STRAIGHT AND LEVEL,DRY,NO DEFECTS,NOT ON SCENE (DESK REPORT),NO INJURY / DRIVE AWAY,,,,"OVER $1,500",08/07/2025 10:00:00 AM,DRIVING SKILLS/KNOWLEDGE/EXPERIENCE,DRIVING SKILLS/KNOWLEDGE/EXPERIENCE,6429,S,EBERHART AVE,312,,,,,,,2,NO INDICATION OF INJURY,0,0,0,0,0,2,0,19,4,8,41.7775870806,-87.6129996024,POINT (-87.612999602398 41.777587080559)
51a1d498ad0f7250817351b6733bf8d835c9fc333873a691a04d80a8c38c3095e61ef38fe25708a929c4528f8a653871d82ee003520f079e87adddfa61307b6f,,08/06/2025 07:03:00 PM,30,NO CONTROLS,NO CONTROLS,CLEAR,DAYLIGHT,PEDALCYCLIST,ONE-WAY,,STRAIGHT AND LEVEL,DRY,NO DEFECTS,ON SCENE,NO INJURY / DRIVE AWAY,,,,"OVER $1,500",08/06/2025 07:09:00 PM,UNABLE TO DETERMINE,UNABLE TO DETERMINE,20,E,RANDOLPH ST,111,,Y,,,,,2,NO INDICATION OF INJURY,0,0,0,0,0,2,0,19,4,8,41.8846028549,-87.6271869402,POINT (-87.627186940196 41.884602854888)
201cfe0f1606642fe21742e20bc2a6fd2acf5c54440e54bd7f0dfb86e49d42d5ab6ef79c0d23e8f276eacb5bfe633555c32c717e833fd4b0054e1d1b64f045c3,,08/06/2025 07:00:00 PM,30,TRAFFIC SIGNAL,FUNCTIONING PROPERLY,CLEAR,DAYLIGHT,TURNING,FOUR WAY,,STRAIGHT AND LEVEL,DRY,UNKNOWN,ON SCENE,NO INJURY / DRIVE AWAY,,,,"OVER $1,500",08/06/2025 07:15:00 PM,IMPROPER TURNING/NO SIGNAL,UNABLE TO DETERMINE,1700,N,LA SALLE DR,1814,,,,,,,2,NO INDICATION OF INJURY,0,0,0,0,0,2,0,19,4,8,41.9128749374,-87.6332656389,POINT (-87.633265638884 41.912874937441)
31656b70ad2d150d5d04871b2f90124f19ff0fc90af9f2891fde542bfc60a3f6436ebabe06fba32bae9be508a7e1cfa31538fe736907f86f9d4a4f34a6006b6b,Y,08/06/2025 07:00:00 PM,25,NO CONTROLS,NO CONTROLS,CLEAR,DAYLIGHT,PARKED MOTOR VEHICLE,NOT DIVIDED,,STRAIGHT AND LEVEL,UNKNOWN,UNKNOWN,NOT ON SCENE (DESK REPORT),NO INJURY / DRIVE AWAY,,,Y,"OVER $1,500",08/07/2025 04:10:00 PM,UNABLE TO DETERMINE,UNABLE TO DETERMINE,3115,W,27TH ST,1033,,,,,,,2,NO INDICATION OF INJURY,0,0,0,0,0,1,0,19,4,8,41.8426110855,-87.7031829366,POINT (-87.703182936556 41.842611085512)
8fd0637e3ff937cf658578d862375cd31e4c6adbac18d8fc14f5c096539c4b4a02aeee24de98dd2761bd872654799e96f964c440fc85ca699df629e35090ada3,,08/06/2025 07:00:00 PM,30,NO CONTROLS,NO CONTROLS,CLEAR,DAYLIGHT,REAR END,DIVIDED - W/MEDIAN (NOT RAISED),,STRAIGHT AND LEVEL,DRY,NO DEFECTS,NOT ON SCENE (DESK REPORT),NO INJURY / DRIVE AWAY,,,,"$501 - $1,500",08/06/2025 07:25:00 PM,UNABLE TO DETERMINE,UNABLE TO DETERMINE,1007,S,AUSTIN BLVD,1513,,,,,,,2,NO INDICATION OF INJURY,0,0,0,0,0,2,0,19,4,8,41.8688558435,-87.77410687,POINT (-87.774106869984 41.868855843503)
a5f3667abd6b0d326c9d82d170a0da02bee41f0d915d36f1aea5c9b83a9181fa5a93414066a3ba31c85864aaac748e60ee1f12cb644f51f205d958bf59a91bf9,,08/06/2025 07:00:00 PM,30,STOP SIGN/FLASHER,FUNCTIONING PROPERLY,CLEAR,DUSK,REAR END,NOT DIVIDED,,STRAIGHT AND LEVEL,DRY,NO DEFECTS,NOT ON SCENE (DESK REPORT),NO INJURY / DRIVE AWAY,Y,,,"OVER $1,500",08/09/2025 12:55:00 PM,DISTRACTION - FROM INSIDE VEHICLE,FOLLOWING TOO CLOSELY,1900,W,DIVISION ST,1424,,,,,,,2,NO INDICATION OF INJURY,0,0,0,0,0,2,0,19,4,8,41.9033391811,-87.6748853625,POINT (-87.674885362533 41.903339181122)
a98f620904f43adfa3446e32ba204f14dbc9f0c405a8b06b37c831f92bae094c7ca360aeea6cbf1b885def6208b8d3b9ca6693f9c2b01e0fb1bf8644833ddcd8,,08/06/2025 07:00:00 PM,30,UNKNOWN,UNKNOWN,UNKNOWN,UNKNOWN,PARKED MOTOR VEHICLE,ONE-WAY,,STRAIGHT AND LEVEL,UNKNOWN,UNKNOWN,NOT ON SCENE (DESK REPORT),NO INJURY / DRIVE AWAY,Y,,,"OVER $1,500",08/06/2025 07:29:00 PM,FAILING TO YIELD RIGHT-OF-WAY,DRIVING SKILLS/KNOWLEDGE/EXPERIENCE,108,E,SUPERIOR ST,1833,,,,,,,2,NO INDICATION OF INJURY,0,0,0,0,0,2,0,19,4,8,41.8958396382,-87.6249881413,POINT (-87.624988141316 41.895839638207)
30d160f194692c20682f254ec4f2ee449a1c718698df4db3e654c7006c46f911fcdead96cd334a82a54ba7e2bdfa58aeebe356bfc5cba0f2a5c0d291b3f49a00,,08/06/2025 06:52:00 PM,25,NO CONTROLS,NO CONTROLS,CLEAR,DAYLIGHT,TURNING,NOT DIVIDED,,STRAIGHT AND LEVEL,DRY,NO DEFECTS,,NO INJURY / DRIVE AWAY,,,,"$501 - $1,500",08/06/2025 08:15:00 PM,UNABLE TO DETERMINE,UNABLE TO DETERMINE,4363,S,ARCHER AVE,922,,,,,,,2,NO INDICATION OF INJURY,0,0,0,0,0,3,0,18,4,8,41.8142118101,-87.7038198954,POINT (-87.703819895437 41.814211810102)
cf39501955bd3a870754bcc8032d48f9c4ac06198d754d1012437ec0b226ce7b9d361579cf788effb40e659d2ec81e21a26572ca883aef1c8ec8ad4aca948050,,08/06/2025 06:51:00 PM,30,UNKNOWN,UNKNOWN,CLEAR,UNKNOWN,REAR END,NOT DIVIDED,,STRAIGHT AND LEVEL,UNKNOWN,UNKNOWN,ON SCENE,INJURY AND / OR TOW DUE TO CRASH,,,,"OVER $1,500",08/06/2025 08:23:00 PM,UNABLE TO DETERMINE,NOT APPLICABLE,1760,W,DIVERSEY PKWY,1931,,,,,,,3,NO INDICATION OF INJURY,0,0,0,0,0,3,0,18,4,8,41.9324542304,-87.6732156009,POINT (-87.673215600909 41.932454230381)
80b011eafc614748ad5ddae5076b4f559daa84ca802bfa04e2063faaf310be137e8e8c17fbfa9410ecfb01d11bbe161997930cf20d7d230924127cdacee65ce9,,08/06/2025 06:50:00 PM,30,STOP SIGN/FLASHER,FUNCTIONING PROPERLY,CLEAR,DAYLIGHT,SIDESWIPE SAME DIRECTION,FOUR WAY,,STRAIGHT AND LEVEL,DRY,NO DEFECTS,ON SCENE,NO INJURY / DRIVE AWAY,,,Y,"OVER $1,500",08/06/2025 06:59:00 PM,IMPROPER OVERTAKING/PASSING,NOT APPLICABLE,4756,W,FULLERTON AVE,2521,,,,,,,2,NO INDICATION OF INJURY,0,0,0,0,0,2,0,18,4,8,41.9243511475,-87.7461648659,POINT (-87.746164865864 41.92435114755)
2d9b9cfe191a82330093bacde0733dad47e1f1a629b75c427f9589ac75aecca861b9ef341d87011131e801885b5397fc63869951cd7374d0edd6461a4bf6db40,,08/06/2025 06:40:00 PM,30,TRAFFIC SIGNAL,FUNCTIONING PROPERLY,CLEAR,DAYLIGHT,REAR END,DIVIDED - W/MEDIAN (NOT RAISED),,STRAIGHT AND LEVEL,DRY,NO DEFECTS,ON SCENE,NO INJURY / DRIVE AWAY,,,,"$501 - $1,500",08/06/2025 06:43:00 PM,UNABLE TO DETERMINE,NOT APPLICABLE,4332,W,JACKSON BLVD,1115,,,,,,,2,NO INDICATION OF INJURY,0,0,0,0,0,2,0,18,4,8,41.8770901881,-87.7342411957,POINT (-87.734241195656 41.877090188066)
5f0bee9ea5e21916087240e98928e1b8621c7b52953eb09c536fdf9250f0098ba186aac3319b25679507019259c17b2679e6f9164fa6aacef4e3bd9348942fc6,,08/06/2025 06:40:00 PM,30,STOP SIGN/FLASHER,FUNCTIONING PROPERLY,CLEAR,DAYLIGHT,TURNING,DIVIDED - W/MEDIAN (NOT RAISED),,STRAIGHT AND LEVEL,DRY,NO DEFECTS,NOT ON SCENE (DESK REPORT),NO INJURY / DRIVE AWAY,Y,,,"OVER $1,500",08/06/2025 07:30:00 PM,UNABLE TO DETERMINE,NOT APPLICABLE,9001,S,DR MARTIN LUTHER KING JR DR,633,,,,,,,2,NO INDICATION OF INJURY,0,0,0,0,0,4,0,18,4,8,41.7309799388,-87.6142392538,POINT (-87.614239253828 41.730979938799)
23a427d0fe3e6d54e7f386f7794b7564f10b10c426fc0b70a1164a9d222da869b86504116c9a7709173b74d413c70e50110c298bbf4dbea2366c9bbbfdfad78b,,08/06/2025 06:30:00 PM,30,NO CONTROLS,NO CONTROLS,CLEAR,DAYLIGHT,PARKED MOTOR VEHICLE,ONE-WAY,,STRAIGHT AND LEVEL,DRY,NO DEFECTS,NOT ON SCENE (DESK REPORT),NO INJURY / DRIVE AWAY,,,,$500 OR LESS,08/06/2025 07:30:00 PM,UNABLE TO DETERMINE,NOT APPLICABLE,2146,W,WASHINGTON BLVD,1223,,,,,,,2,NO INDICATION OF INJURY,0,0,0,0,0,2,0,18,4,8,41.8831871026,-87.680997078,POINT (-87.680997078033 41.883187102584)
4b470b3df3ad48f4dbfcc0c2a93d6e6feabec7b07c29f0bf40fbfb38869c7a21fd71a820b426264d6686773695b6303da2d52e009f779adc0b8386fcbc7d0214,,08/06/2025 06:30:00 PM,30,NO CONTROLS,NO CONTROLS,CLEAR,DAYLIGHT,PARKED MOTOR VEHICLE,ONE-WAY,,STRAIGHT AND LEVEL,DRY,NO DEFECTS,,NO INJURY / DRIVE AWAY,,,Y,"OVER $1,500",08/06/2025 09:40:00 PM,UNABLE TO DETERMINE,NOT APPLICABLE,5605,S,KEELER AVE,813,,,,,,,3,NO INDICATION OF INJURY,0,0,0,0,0,1,0,18,4,8,41.7911686347,-87.7278628848,POINT (-87.727862884781 41.791168634698)
4c87a2010afea08d4bd617cf30e651b1547bd58fbd4bb71e59dcb43f71366192a732ac9f7e603461af7cd14910800057ffe899dc4886d870919563030011edf3,,08/06/2025 06:30:00 PM,30,TRAFFIC SIGNAL,FUNCTIONING PROPERLY,CLEAR,DAYLIGHT,TURNING,UNKNOWN INTERSECTION TYPE,,STRAIGHT AND LEVEL,DRY,NO DEFECTS,NOT ON SCENE (DESK REPORT),NO INJURY / DRIVE AWAY,,,Y,"OVER $1,500",08/06/2025 07:15:00 PM,IMPROPER OVERTAKING/PASSING,UNABLE TO DETERMINE,5900,S,WENTWORTH AVE,232,,,,,,,2,NO INDICATION OF INJURY,0,0,0,0,0,2,0,18,4,8,,,
3b750162ceba7b7181f4ea2de1038938442b3278d44ca5f81f627760b49e06d836894cbaa0a93c04bf0606c2b056300917575f9ffd481df80c613e390b69ee4f,,08/06/2025 06:17:00 PM,30,NO CONTROLS,NO CONTROLS,CLEAR,DAYLIGHT,SIDESWIPE SAME DIRECTION,DIVIDED - W/MEDIAN (NOT RAISED),,STRAIGHT AND LEVEL,DRY,NO DEFECTS,ON SCENE,NO INJURY / DRIVE AWAY,,,,"OVER $1,500",08/06/2025 06:17:00 PM,IMPROPER LANE USAGE,IMPROPER LANE USAGE,2550,N,LINCOLN AVE,1932,,,,,,,2,NO INDICATION OF INJURY,0,0,0,0,0,4,0,18,4,8,41.9281255324,-87.6527251351,POINT (-87.652725135066 41.928125532428)
3249b849c0e451c0597dff6dc66ba91107b3863339871ea901f256511d29fb95a91446f8fb05b311ddaf0ca86db97d87d2caadee983eec78085757672522cf91,,08/06/2025 06:15:00 PM,30,NO CONTROLS,NO CONTROLS,RAIN,DAYLIGHT,PARKED MOTOR VEHICLE,DRIVEWAY,,STRAIGHT AND LEVEL,DRY,NO DEFECTS,NOT ON SCENE (DESK REPORT),NO INJURY / DRIVE AWAY,,,,"OVER $1,500",08/06/2025 07:00:00 PM,IMPROPER BACKING,UNABLE TO DETERMINE,6100,N,MEADE AVE,1611,,,,,,,2,NO INDICATION OF INJURY,0,0,0,0,0,1,0,18,4,8,41.9920566048,-87.7804988959,POINT (-87.780498895867 41.992056604802)
45eb2b527f618f1af470849e1f17c7bcb6197c2404c1bcf129c6ae24530c30b7812e4f72911c8bb589bc99b01211c8118f015cf2264d66da0ecf268e885f7f82,,08/06/2025 06:15:00 PM,30,NO CONTROLS,NO CONTROLS,CLEAR,"DARKNESS, LIGHTED ROAD",SIDESWIPE SAME DIRECTION,NOT DIVIDED,,STRAIGHT AND LEVEL,DRY,UNKNOWN,NOT ON SCENE (DESK REPORT),NO INJURY / DRIVE AWAY,,,,"OVER $1,500",08/06/2025 11:15:00 PM,DRIVING SKILLS/KNOWLEDGE/EXPERIENCE,UNABLE TO DETERMINE,2805,N,CALIFORNIA AVE,1411,,,,,,,2,NO INDICATION OF INJURY,0,0,0,0,0,2,0,18,4,8,41.9322638042,-87.6974747459,POINT (-87.697474745889 41.932263804213)
de4a01a6c59ba9208f8f82580deb65f84a58474904c2da0b2c2238e9778ad845c06770c169409a41f9c26f38ca5b918a0d25c7c55146f4cad83016af6abc4f17,,08/06/2025 06:13:00 PM,25,NO CONTROLS,NO CONTROLS,CLEAR,DAYLIGHT,PARKED MOTOR VEHICLE,ONE-WAY,,STRAIGHT AND LEVEL,DRY,NO DEFECTS,ON SCENE,NO INJURY / DRIVE AWAY,,,Y,"$501 - $1,500",08/06/2025 06:14:00 PM,UNABLE TO DETERMINE,NOT APPLICABLE,500,E,90TH ST,633,,,,,,,2,NO INDICATION OF INJURY,0,0,0,0,0,1,0,18,4,8,41.7311742863,-87.6118403552,POINT (-87.611840355217 41.731174286262)
1d28057bc2e4144344465ac399d6cf24f820a78d09df2599dd52d4b049894159380530c87c40468edd70903d35bb0c2d95e42b2f88c42a858f804673100043a3,,08/06/2025 06:12:00 PM,30,NO CONTROLS,NO CONTROLS,CLEAR,DAYLIGHT,TURNING,ONE-WAY,,STRAIGHT AND LEVEL,DRY,NO DEFECTS,NOT ON SCENE (DESK REPORT),NO INJURY / DRIVE AWAY,,,,"OVER $1,500",08/06/2025 07:05:00 PM,IMPROPER TURNING/NO SIGNAL,DRIVING SKILLS/KNOWLEDGE/EXPERIENCE,6357,N,OAKLEY AVE,2413,,,,,,,2,NO INDICATION OF INJURY,0,0,0,0,0,3,0,18,4,8,41.9976282361,-87.6872935099,POINT (-87.687293509869 41.997628236117)
0255a01ee688a8417671cc1c307add11456894a35e850da52a3b75cc4e074a0ae3192a9808f7b7f81a05670d64df667c361893adee58f9d69665741079c79727,,08/06/2025 06:10:00 PM,30,NO CONTROLS,NO CONTROLS,CLEAR,DAYLIGHT,ANGLE,ONE-WAY,,STRAIGHT AND LEVEL,DRY,NO DEFECTS,NOT ON SCENE (DESK REPORT),NO INJURY / DRIVE AWAY,,,,"OVER $1,500",08/06/2025 06:50:00 PM,FAILING TO YIELD RIGHT-OF-WAY,NOT APPLICABLE,10604,S,MACKINAW AVE,432,,,,,,,2,NO INDICATION OF INJURY,0,0,0,0,0,2,0,18,4,8,41.7025562587,-87.5427085318,POINT (-87.542708531848 41.702556258738)
debfcc6f0a9e38fe36dce5e593173a8b3c2c937a433a22085efccc466378f02f2732cb0a72b0c27bce01ffdd839c49f85e4830ff310181241bffc6535ba6e5ed,,08/06/2025 06:10:00 PM,30,NO CONTROLS,NO CONTROLS,CLEAR,DAYLIGHT,REAR TO SIDE,ONE-WAY,,STRAIGHT AND LEVEL,DRY,NO DEFECTS,NOT ON SCENE (DESK REPORT),NO INJURY / DRIVE AWAY,,,,"$501 - $1,500",08/07/2025 08:40:00 AM,IMPROPER BACKING,UNABLE TO DETERMINE,3954,N,MEADE AVE,1633,,,,,,,2,NO INDICATION OF INJURY,0,0,0,0,0,2,0,18,4,8,41.9528338001,-87.7793618627,POINT (-87.779361862733 41.95283380006)
44aa525c41bc73e71d78268d09ad9d0eddac779906d2e9444b11b51a31d4f228722e2b7065c08c861ebfe8d911848dde402a7c8584e38519b31f28d7d4b9cddf,,08/06/2025 06:06:00 PM,25,TRAFFIC SIGNAL,NO CONTROLS,CLEAR,DAYLIGHT,ANGLE,NOT DIVIDED,,STRAIGHT AND LEVEL,DRY,NO DEFECTS,ON SCENE,INJURY AND / OR TOW DUE TO CRASH,Y,,Y,"OVER $1,500",08/06/2025 06:06:00 PM,DISREGARDING TRAFFIC SIGNALS,FAILING TO REDUCE SPEED TO AVOID CRASH,11498,S,MICHIGAN AVE,531,,,,,,,2,"REPORTED, NOT EVIDENT",1,0,0,0,1,1,0,18,4,8,41.6853873063,-87.620953079,POINT (-87.620953078955 41.68538730625)
0686a5a32fe9620ce0731ad0acdd6034f648c431e51817dc3a14a2bc81621fe78725847e78961e58afb72da60e7f0d57fcfbf7f81c8215238044c4c5acb3c244,,08/06/2025 06:05:00 PM,30,NO CONTROLS,NO CONTROLS,CLEAR,DUSK,SIDESWIPE SAME DIRECTION,DIVIDED - W/MEDIAN (NOT RAISED),,STRAIGHT AND LEVEL,DRY,NO DEFECTS,NOT ON SCENE (DESK REPORT),NO INJURY / DRIVE AWAY,,,,"OVER $1,500",08/06/2025 07:00:00 PM,IMPROPER LANE USAGE,NOT APPLICABLE,1400,N,HUMBOLDT DR,1423,,,,,,,2,NO INDICATION OF INJURY,0,0,0,0,0,2,0,18,4,8,41.906618575,-87.7015014578,POINT (-87.701501457835 41.906618575041)
886066afd2420bf42a0b1ea593277a7c243de52eeecec7d506901a7079cc652be370be39bbb1ed45c733eaf00a774c67a6f427306b0acd32b60769047a5a946f,,08/06/2025 06:05:00 PM,15,NO CONTROLS,NO CONTROLS,CLEAR,DAYLIGHT,FIXED OBJECT,PARKING LOT,,STRAIGHT AND LEVEL,DRY,NO DEFECTS,ON SCENE,INJURY AND / OR TOW DUE TO CRASH,,,,"OVER $1,500",08/06/2025 06:48:00 PM,UNABLE TO DETERMINE,NOT APPLICABLE,3443,W,ADDISON ST,1732,,,,,,,1,NO INDICATION OF INJURY,0,0,0,0,0,1,0,18,4,8,41.9464295591,-87.7144372384,POINT (-87.714437238392 41.946429559096)