CRASH_RECORD_ID,CRASH_DATE_EST_I,CRASH_DATE,POSTED_SPEED_LIMIT,TRAFFIC_CONTROL_DEVICE,DEVICE_CONDITION,WEATHER_CONDITION,LIGHTING_CONDITION,FIRST_CRASH_TYPE,TRAFFICWAY_TYPE,LANE_CNT,ALIGNMENT,ROADWAY_SURFACE_COND,ROAD_DEFECT,REPORT_TYPE,CRASH_TYPE,INTERSECTION_RELATED_I,NOT_RIGHT_OF_WAY_I,HIT_AND_RUN_I,DAMAGE,DATE_POLICE_NOTIFIED,PRIM_CONTRIBUTORY_CAUSE,SEC_CONTRIBUTORY_CAUSE,STREET_NO,STREET_DIRECTION,STREET_NAME,BEAT_OF_OCCURRENCE,PHOTOS_TAKEN_I,STATEMENTS_TAKEN_I,DOORING_I,WORK_ZONE_I,WORK_ZONE_TYPE,WORKERS_PRESENT_I,NUM_UNITS,MOST_SEVERE_INJURY,INJURIES_TOTAL,INJURIES_FATAL,INJURIES_INCAPACITATING,INJURIES_NON_INCAPACITATING,INJURIES_REPORTED_NOT_EVIDENT,INJURIES_NO_INDICATION,INJURIES_UNKNOWN,CRASH_HOUR,CRASH_DAY_OF_WEEK,CRASH_MONTH,LATITUDE,LONGITUDE,LOCATION
3ce9795399ebd86a7fa54d045830996d622de45afe0192518218e277189acce9deb400494d88990f03589d07324e8cd60da2603a599b7b8be70fec89a3a31060,,08/06/2025 04:30:00 PM,30,TRAFFIC SIGNAL,FUNCTIONING PROPERLY,CLEAR,DAYLIGHT,REAR END,DIVIDED - W/MEDIAN BARRIER,,STRAIGHT AND LEVEL,DRY,NO DEFECTS,NOT ON SCENE (DESK REPORT),NO INJURY / DRIVE AWAY,,,,"$501 - $1,500",08/10/2025 11:15:00 AM,FOLLOWING TOO CLOSELY,NOT APPLICABLE,3364,W,OGDEN AVE,1021,,,,,,,2,NO INDICATION OF INJURY,0,0,0,0,0,2,0,16,4,8,41.8564184199,-87.7101804658,POINT (-87.710180465759 41.856418419853)
79b0cb62d868500eb0824c18e34b52122fc3c80df96588bf8691104832ac67711025a1de127dc5a5bb2a1654f133119b4efc9b0937f0e4d0cda5e4474d0bd63b,,08/06/2025 04:30:00 PM,30,NO CONTROLS,NO CONTROLS,CLEAR,DAYLIGHT,REAR END,NOT DIVIDED,,STRAIGHT AND LEVEL,DRY,NO DEFECTS,NOT ON SCENE (DESK REPORT),NO INJURY / DRIVE AWAY,,,,"$501 - $1,500",08/06/2025 05:10:00 PM,FOLLOWING TOO CLOSELY,NOT APPLICABLE,5220,N,ASHLAND AVE,2012,,,,,,,2,NO INDICATION OF INJURY,0,0,0,0,0,2,0,16,4,8,41.9767630103,-87.6697762184,POINT (-87.669776218412 41.976763010296)
9672e65683a0d6b7a738343fc15442d1ff03bb89b4f6a3bb494cd98f7af81dbb9b287e644e33d651214a3b93295ae724184b47de7466a61b747e6d4c4a1ad027,,08/06/2025 04:30:00 PM,25,NO CONTROLS,NO CONTROLS,CLEAR,DAYLIGHT,REAR END,T-INTERSECTION,,"CURVE, LEVEL",DRY,UNKNOWN,NOT ON SCENE (DESK REPORT),NO INJURY / DRIVE AWAY,,,Y,"OVER $1,500",08/06/2025 10:00:00 PM,UNABLE TO DETERMINE,NOT APPLICABLE,7401,N,RIDGE BLVD,2424,,,,,,,2,NO INDICATION OF INJURY,0,0,0,0,0,2,0,16,4,8,42.0160732735,-87.6840984092,POINT (-87.684098409159 42.016073273462)
fbd94a5a0c107dfe724e2724ab42c5c3e4e0e0043f6ccdbd0d4d013a3b7b7d62c6a23b02cfe19aa5100af85741029fd440dd7903a7aeab16da378d301526b59f,,08/06/2025 04:30:00 PM,30,TRAFFIC SIGNAL,FUNCTIONING PROPERLY,CLEAR,DAYLIGHT,REAR END,DIVIDED - W/MEDIAN BARRIER,,STRAIGHT AND LEVEL,DRY,NO DEFECTS,ON SCENE,NO INJURY / DRIVE AWAY,,,Y,"OVER $1,500",08/06/2025 04:53:00 PM,FAILING TO REDUCE SPEED TO AVOID CRASH,UNABLE TO DETERMINE,8300,S,STONY ISLAND AVE,412,,,,,,,2,NO INDICATION OF INJURY,0,0,0,0,0,2,0,16,4,8,41.744151639,-87.585945067,POINT (-87.585945066953 41.744151639042)
2bfae94829e1c7d9ba98129526720e9ed01e6351c30661cb35d8f38da83fcfdd7ee72e343e3327a55f17e9fd4240d961039c8bca8267c4c5355ee126b0064066,,08/06/2025 04:20:00 PM,30,NO CONTROLS,NO CONTROLS,CLEAR,DAYLIGHT,PARKED MOTOR VEHICLE,ONE-WAY,,STRAIGHT AND LEVEL,DRY,NO DEFECTS,ON SCENE,INJURY AND / OR TOW DUE TO CRASH,,,,"$501 - $1,500",08/06/2025 06:30:00 PM,EQUIPMENT - VEHICLE CONDITION,DRIVING SKILLS/KNOWLEDGE/EXPERIENCE,1651,W,FARWELL AVE,2431,,,,,,,2,,,,,,,,,16,4,8,42.0064744777,-87.6719393013,POINT (-87.671939301297 42.006474477655)
64208a4915c29ab6e0bffbfe73064fe88f6d4a1e45582a283be04dc70b15bc4fdd945fe6b720f8392ac816f313b2a66adcb57b9c5daa833e06ce7a27df41623c,,08/06/2025 04:19:00 PM,30,TRAFFIC SIGNAL,FUNCTIONING PROPERLY,CLEAR,DAYLIGHT,FIXED OBJECT,DIVIDED - W/MEDIAN BARRIER,,STRAIGHT AND LEVEL,DRY,NO DEFECTS,ON SCENE,NO INJURY / DRIVE AWAY,,,,"OVER $1,500",08/06/2025 04:20:00 PM,"EVASIVE ACTION DUE TO ANIMAL, OBJECT, NONMOTORIST",NOT APPLICABLE,346,N,MICHIGAN AVE,111,,,,,,,1,NO INDICATION OF INJURY,0,0,0,0,0,1,0,16,4,8,41.8878305211,-87.6247060388,POINT (-87.624706038753 41.88783052108)
eda04ae697078d0a3526b55f47beefe91f9da7975ddde373642717286e7e0e067fd4997d6878280a32338b23d017bda62f8be25df88e95b7ca8b3362bf264860,,08/06/2025 04:18:00 PM,30,TRAFFIC SIGNAL,FUNCTIONING PROPERLY,CLEAR,DAWN,SIDESWIPE SAME DIRECTION,NOT DIVIDED,,STRAIGHT AND LEVEL,DRY,NO DEFECTS,,NO INJURY / DRIVE AWAY,,,,"OVER $1,500",08/06/2025 05:22:00 PM,IMPROPER OVERTAKING/PASSING,NOT APPLICABLE,4759,W,55TH ST,813,,,,,,,2,NO INDICATION OF INJURY,0,0,0,0,0,3,0,16,4,8,41.7929065516,-87.7427590267,POINT (-87.742759026672 41.792906551635)
0993e9aaf64636840305ba02545f2be2f7c52165a74dc86d5cfec095b4031eb999c7475f7af103f1cb7b9e6f87c5e01700cefafa14d02effca86e229faf34ee2,,08/06/2025 04:15:00 PM,30,UNKNOWN,UNKNOWN,CLEAR,DAYLIGHT,SIDESWIPE SAME DIRECTION,NOT DIVIDED,,STRAIGHT AND LEVEL,UNKNOWN,UNKNOWN,NOT ON SCENE (DESK REPORT),NO INJURY / DRIVE AWAY,,,,"OVER $1,500",08/06/2025 06:00:00 PM,UNABLE TO DETERMINE,UNABLE TO DETERMINE,660,N,ORLEANS ST,1831,,,,,,,2,NO INDICATION OF INJURY,0,0,0,0,0,2,0,16,4,8,41.8940614889,-87.6372523399,POINT (-87.63725233994 41.894061488904)
38fc06d0298618584a8ba780b413be3c39013e6fbe640bc28f9164c7382dc3f5b1e0a70da41583f7f3343b4ceeed1bf36f5741a28823266486b41b35725570a5,,08/06/2025 04:15:00 PM,25,NO CONTROLS,NO CONTROLS,CLEAR,DAYLIGHT,SIDESWIPE SAME DIRECTION,DIVIDED - W/MEDIAN (NOT RAISED),,STRAIGHT AND LEVEL,DRY,NO DEFECTS,ON SCENE,NO INJURY / DRIVE AWAY,,,,$500 OR LESS,08/06/2025 04:17:00 PM,IMPROPER OVERTAKING/PASSING,IMPROPER OVERTAKING/PASSING,1129,W,IRVING PARK RD,1923,,,,,,,2,NO INDICATION OF INJURY,0,0,0,0,0,3,0,16,4,8,41.9543291012,-87.6580384588,POINT (-87.658038458788 41.954329101157)
08e6aca140e2244471d83150ead93d6b70e1374879be0c37ae61f9923f6076a9fad96171ce70666c119ab37f14079a405afd51046c498fa3c1b0774a6a9a260b,,08/06/2025 04:00:00 PM,30,STOP SIGN/FLASHER,FUNCTIONING PROPERLY,UNKNOWN,UNKNOWN,ANGLE,DIVIDED - W/MEDIAN (NOT RAISED),,STRAIGHT AND LEVEL,UNKNOWN,UNKNOWN,NOT ON SCENE (DESK REPORT),INJURY AND / OR TOW DUE TO CRASH,,,,"$501 - $1,500",08/06/2025 05:00:00 PM,FAILING TO YIELD RIGHT-OF-WAY,FAILING TO YIELD RIGHT-OF-WAY,1427,S,FAIRFIELD AVE,1023,,,,,,,2,NONINCAPACITATING INJURY,1,0,0,1,0,3,0,16,4,8,41.8618447529,-87.6943494534,POINT (-87.694349453378 41.861844752867)
78d2ae10a9765c48ae8f41b8b282ae2d5d5bb03ed1cbd39b26e0349c841d338515fc9c6de9b373579cb73dd381e159950f86606e4ae863842b7b2b1f8a83ae11,,08/06/2025 04:00:00 PM,25,NO CONTROLS,NO CONTROLS,CLEAR,DAYLIGHT,PARKED MOTOR VEHICLE,NOT DIVIDED,,STRAIGHT AND LEVEL,DRY,NO DEFECTS,NOT ON SCENE (DESK REPORT),NO INJURY / DRIVE AWAY,,,Y,"OVER $1,500",08/06/2025 05:25:00 PM,UNABLE TO DETERMINE,UNABLE TO DETERMINE,2817,S,EMERALD AVE,914,,,,,,,2,NO INDICATION OF INJURY,0,0,0,0,0,1,0,16,4,8,41.8429795619,-87.6450366137,POINT (-87.645036613711 41.842979561884)
b6b4357d97c53d73e6a35d60937a2f70a38e41ba13814b6542691a7192f30b7d5118a7893b1e9eb5cad14b789bee758f8eba7d408d6d9999f5d31431e5d05b3f,,08/06/2025 04:00:00 PM,35,TRAFFIC SIGNAL,FUNCTIONING PROPERLY,CLEAR,DAYLIGHT,SIDESWIPE SAME DIRECTION,FOUR WAY,,STRAIGHT AND LEVEL,DRY,NO DEFECTS,,NO INJURY / DRIVE AWAY,,,,$500 OR LESS,08/06/2025 05:27:00 PM,UNABLE TO DETERMINE,UNABLE TO DETERMINE,198,W,IDA B WELLS DR,122,,,,,,,2,NO INDICATION OF INJURY,0,0,0,0,0,2,0,16,4,8,41.8757001185,-87.6336295055,POINT (-87.633629505483 41.875700118504)
c27e6a10cc53ace651168397b4a2cea26ec86859e6937fd367b043e13cc9cf5a2d045742e41b70bf48765ff5a5db41a5f5b078ddf2187208b463100a54991ed9,,08/06/2025 04:00:00 PM,30,NO CONTROLS,NO CONTROLS,UNKNOWN,UNKNOWN,REAR END,NOT DIVIDED,,STRAIGHT AND LEVEL,UNKNOWN,UNKNOWN,NOT ON SCENE (DESK REPORT),NO INJURY / DRIVE AWAY,,,Y,"OVER $1,500",08/06/2025 06:00:00 PM,"OPERATING VEHICLE IN ERRATIC, RECKLESS, CARELESS, NEGLIGENT OR AGGRESSIVE MANNER","OPERATING VEHICLE IN ERRATIC, RECKLESS, CARELESS, NEGLIGENT OR AGGRESSIVE MANNER",1421,W,GREENLEAF AVE,2423,,,,,,,2,NO INDICATION OF INJURY,0,0,0,0,0,2,0,16,4,8,42.0102215259,-87.6668230566,POINT (-87.666823056588 42.010221525868)
3f1226e4223ad671cc4de93c6bd61d3d4a546cc2487b8c8f258146a05d6532e87cea135ce5fe6cdf076e375134763498c472ac54c2d308255a5085c5d8858da7,,08/06/2025 03:56:00 PM,30,UNKNOWN,NO CONTROLS,CLEAR,DAYLIGHT,PARKED MOTOR VEHICLE,NOT DIVIDED,,STRAIGHT AND LEVEL,DRY,NO DEFECTS,ON SCENE,NO INJURY / DRIVE AWAY,,,,"$501 - $1,500",08/06/2025 04:00:00 PM,UNABLE TO DETERMINE,NOT APPLICABLE,6619,S,NORMAL BLVD,722,,,,,,,2,NO INDICATION OF INJURY,0,0,0,0,0,1,0,15,4,8,41.773875269,-87.6366916089,POINT (-87.63669160895 41.773875269013)
94ba2a8fe39ee75246acb0e9a7e97b42123b3b07c6e7821228c11e6273fada7e2dec233ceafec862fd1dd0215a2b37137e1629f366e92ff73200153c465cd07f,,08/06/2025 03:55:00 PM,30,NO CONTROLS,NO CONTROLS,CLEAR,DAYLIGHT,SIDESWIPE SAME DIRECTION,NOT DIVIDED,,STRAIGHT AND LEVEL,DRY,NO DEFECTS,NOT ON SCENE (DESK REPORT),NO INJURY / DRIVE AWAY,,,,"$501 - $1,500",08/06/2025 03:57:00 PM,FAILING TO YIELD RIGHT-OF-WAY,IMPROPER OVERTAKING/PASSING,3431,S,WESTERN BLVD,912,,,,,,,2,NO INDICATION OF INJURY,0,0,0,0,0,3,0,15,4,8,41.8311875273,-87.684309175,POINT (-87.684309175028 41.83118752727)
e9279e7949bbb718b4e91b2aac7c5740efee810b32d63b6726de3633c1e55d414621222a96b2cea8523848fb880ba0e719858047fe49889ec45975f23425ba5b,,08/06/2025 03:54:00 PM,30,TRAFFIC SIGNAL,FUNCTIONING PROPERLY,CLEAR,DAYLIGHT,PEDALCYCLIST,FOUR WAY,,STRAIGHT AND LEVEL,DRY,NO DEFECTS,ON SCENE,NO INJURY / DRIVE AWAY,Y,,,$500 OR LESS,08/06/2025 03:57:00 PM,DISREGARDING TRAFFIC SIGNALS,NOT APPLICABLE,800,N,KEDZIE AVE,1121,,Y,,,,,2,NO INDICATION OF INJURY,0,0,0,0,0,2,0,15,4,8,41.8956153135,-87.7067053251,POINT (-87.706705325106 41.895615313545)
f70432c42e84335fa11a6e0d238f96f882477490664389fc32a1461f9c32177938cee9bcfcf424f05f3be5d94792356dc0a8575886daa7325396fe4f21010054,,08/06/2025 03:53:00 PM,30,TRAFFIC SIGNAL,FUNCTIONING PROPERLY,CLEAR,DAYLIGHT,TURNING,FOUR WAY,,STRAIGHT AND LEVEL,DRY,NO DEFECTS,ON SCENE,INJURY AND / OR TOW DUE TO CRASH,Y,,,"OVER $1,500",08/06/2025 03:56:00 PM,FAILING TO YIELD RIGHT-OF-WAY,NOT APPLICABLE,1,S,ASHLAND AVE,1224,,,,,,,2,NO INDICATION OF INJURY,0,0,0,0,0,2,0,15,4,8,,,
bb33054f4cd9118aa12e3f98c1d7ef20704d464d93c415d3c808bd7c2659d96ae6a0737b285463cdf022282097ac258b39f7d09840242e3bcb8e5a3d9d6f8977,,08/06/2025 03:52:00 PM,30,STOP SIGN/FLASHER,NO CONTROLS,CLEAR,DAYLIGHT,PEDALCYCLIST,NOT DIVIDED,,STRAIGHT AND LEVEL,DRY,NO DEFECTS,ON SCENE,INJURY AND / OR TOW DUE TO CRASH,,,,"OVER $1,500",08/06/2025 04:20:00 PM,FAILING TO YIELD RIGHT-OF-WAY,NOT APPLICABLE,333,W,KINZIE ST,1831,,,,,,,2,NONINCAPACITATING INJURY,1,0,0,1,0,1,0,15,4,8,41.8890249685,-87.6370471336,POINT (-87.637047133585 41.889024968515)
1a6179b8e545f4bb87d8f79ffd46850369e06d85768273a3c750e6ee645cee8dd199618a49cb8515da608630882a706d47e7703a460b617d1f1a2e2bf75437fe,,08/06/2025 03:50:00 PM,30,NO CONTROLS,NO CONTROLS,CLEAR,DAYLIGHT,SIDESWIPE SAME DIRECTION,DIVIDED - W/MEDIAN BARRIER,,STRAIGHT AND LEVEL,DRY,NO DEFECTS,ON SCENE,NO INJURY / DRIVE AWAY,,,Y,"$501 - $1,500",08/06/2025 03:50:00 PM,IMPROPER LANE USAGE,NOT APPLICABLE,6420,N,SHERIDAN RD,2432,,,,,,,2,NO INDICATION OF INJURY,0,0,0,0,0,2,0,15,4,8,41.9987999946,-87.6607692802,POINT (-87.660769280218 41.998799994631)
b9d0c4a39ce8338450f7e187369412c624ccf805d6eb8ab36f3a5f3998bb5e805ce245921f42431a5baa379f33a534dc22f58fa37665de423a36dd3e7cea5a88,,08/06/2025 03:48:00 PM,15,NO CONTROLS,NO CONTROLS,CLEAR,DAYLIGHT,OTHER OBJECT,ALLEY,,STRAIGHT AND LEVEL,DRY,UNKNOWN,ON SCENE,INJURY AND / OR TOW DUE TO CRASH,,,,"OVER $1,500",08/06/2025 03:48:00 PM,FAILING TO YIELD RIGHT-OF-WAY,FAILING TO YIELD RIGHT-OF-WAY,2515,W,ARTHUR AVE,2412,,,,,,,2,"REPORTED, NOT EVIDENT",1,0,0,0,1,1,0,15,4,8,41.9993804445,-87.6930215058,POINT (-87.69302150577 41.999380444457)
70bab523afe578cdb75162ddb24a7399d6e66fc854eb215097214bb2ce0b66f553463a9511336b286e1372daf879f7eabaf34d4782b77b7b3918031a23e209aa,,08/06/2025 03:47:00 PM,30,NO CONTROLS,NO CONTROLS,CLEAR,DAYLIGHT,REAR END,DIVIDED - W/MEDIAN (NOT RAISED),,STRAIGHT AND LEVEL,DRY,NO DEFECTS,ON SCENE,INJURY AND / OR TOW DUE TO CRASH,,,,"OVER $1,500",08/06/2025 04:01:00 PM,IMPROPER OVERTAKING/PASSING,NOT APPLICABLE,2130,W,ROOSEVELT RD,1225,,,,,,,2,"REPORTED, NOT EVIDENT",2,0,0,0,2,1,0,15,4,8,41.8668089326,-87.6799706978,POINT (-87.679970697775 41.866808932606)
ab9b83468b6ea0df07691c4afc6e3ff4ffe9e0728641e387b82d27f28ded39ef71653ec2e99cfa2859f2661a5b8571ddc7bb1a9c6805ca3d125255e83602dde2,,08/06/2025 03:45:00 PM,30,NO CONTROLS,NO CONTROLS,CLEAR,DAYLIGHT,PARKED MOTOR VEHICLE,PARKING LOT,,STRAIGHT AND LEVEL,UNKNOWN,UNKNOWN,NOT ON SCENE (DESK REPORT),NO INJURY / DRIVE AWAY,,Y,,"OVER $1,500",08/06/2025 04:40:00 PM,IMPROPER BACKING,FAILING TO REDUCE SPEED TO AVOID CRASH,323,W,SCHILLER ST,1821,,,,,,,2,NO INDICATION OF INJURY,0,0,0,0,0,1,0,15,4,8,41.9075066248,-87.6375643925,POINT (-87.637564392507 41.90750662479)
66029a50c5a189ee97f6fa81b79bcd56c4034709e08fa0c9e377e49dce9b523734aef3c8ac1ff2005c2a4c76661ee5cc6efaec04ef41fe731f9fb570adf3a0bb,,08/06/2025 03:43:00 PM,30,NO CONTROLS,NO CONTROLS,CLEAR,DAYLIGHT,REAR END,NOT DIVIDED,,STRAIGHT AND LEVEL,DRY,NO DEFECTS,ON SCENE,INJURY AND / OR TOW DUE TO CRASH,,,Y,"OVER $1,500",08/06/2025 03:44:00 PM,FOLLOWING TOO CLOSELY,NOT APPLICABLE,3744,W,55TH ST,822,,,,,,,2,NONINCAPACITATING INJURY,2,0,0,2,0,1,0,15,4,8,41.7933946377,-87.7176054335,POINT (-87.717605433458 41.793394637701)
d539b88fe6a53e79772352492ee869c8ecb276e7fbdb579ba89b06a50fd96925e5a5f6fe69a96f118fbb785c7d8ea7d9692975014465a0174aafb750b6389d2b,,08/06/2025 03:40:00 PM,30,TRAFFIC SIGNAL,NO CONTROLS,CLEAR,DAYLIGHT,REAR TO REAR,DIVIDED - W/MEDIAN (NOT RAISED),,STRAIGHT AND LEVEL,DRY,NO DEFECTS,NOT ON SCENE (DESK REPORT),NO INJURY / DRIVE AWAY,,,,$500 OR LESS,08/06/2025 04:45:00 PM,IMPROPER BACKING,NOT APPLICABLE,800,W,RANDOLPH ST,1224,,,,,,,2,NO INDICATION OF INJURY,0,0,0,0,0,3,0,15,4,8,41.8845154584,-87.6474973003,POINT (-87.647497300321 41.884515458362)
59b8231689f7f8998d03c26221d7833c67c3ae0796428b31f7ceb823b8e531612ca952ae416b0c9a82f605f6faf5ace0b79dfae04b28715571251d9b441d75fb,,08/06/2025 03:35:00 PM,30,NO CONTROLS,NO CONTROLS,CLEAR,DAYLIGHT,REAR END,ONE-WAY,,STRAIGHT AND LEVEL,DRY,NO DEFECTS,NOT ON SCENE (DESK REPORT),NO INJURY / DRIVE AWAY,,,,"OVER $1,500",08/06/2025 05:45:00 PM,NOT APPLICABLE,NOT APPLICABLE,4735,W,CONGRESS PKWY,1131,,,,,,,2,NO INDICATION OF INJURY,0,0,0,0,0,2,0,15,4,8,41.8740113699,-87.7440063758,POINT (-87.744006375774 41.874011369926)
e951c0c165994abf1599797e1a70284ac021436e2bf50d621f19f861b9ac55fb2c1397048208553fe277d17054aaf7b438d029bc333825a87aff6994b460b8dd,,08/06/2025 03:35:00 PM,30,NO CONTROLS,NO CONTROLS,CLEAR,DAYLIGHT,PARKED MOTOR VEHICLE,NOT DIVIDED,,STRAIGHT AND LEVEL,DRY,NO DEFECTS,NOT ON SCENE (DESK REPORT),NO INJURY / DRIVE AWAY,,,Y,"OVER $1,500",08/08/2025 12:30:00 PM,UNABLE TO DETERMINE,UNABLE TO DETERMINE,4520,W,63RD ST,813,,,,,,,2,NO INDICATION OF INJURY,0,0,0,0,0,1,0,15,4,8,41.7786145186,-87.735944344,POINT (-87.735944343974 41.778614518586)
ece80103376c0d88deb20ab1e0462fc774b5ad1f816c8660756dc60ee8a3606a3c29f8f108dec0ca5c7f4e3d3b478c69e215c2999601b10b9b8cc5ffbb51e9ba,,08/06/2025 03:35:00 PM,25,NO CONTROLS,NO CONTROLS,CLEAR,DAYLIGHT,TURNING,NOT DIVIDED,,STRAIGHT AND LEVEL,DRY,NO DEFECTS,NOT ON SCENE (DESK REPORT),NO INJURY / DRIVE AWAY,,,,"$501 - $1,500",08/06/2025 04:15:00 PM,UNABLE TO DETERMINE,UNABLE TO DETERMINE,3611,S,RACINE AVE,915,,,,,,,2,NO INDICATION OF INJURY,0,0,0,0,0,2,0,15,4,8,41.8283560901,-87.6555080637,POINT (-87.655508063706 41.828356090124)
373779862692e4fd2108f8b7f0dc89f69eda7c58b62c04320157ccd8909017ad2dddc38827135bd630ffc7a1098d69fc3c341faa3384c3d14b6481fa2c4cb680,,08/06/2025 03:30:00 PM,30,PEDESTRIAN CROSSING SIGN,NO CONTROLS,CLEAR,DAYLIGHT,REAR END,NOT DIVIDED,,STRAIGHT AND LEVEL,DRY,NO DEFECTS,ON SCENE,INJURY AND / OR TOW DUE TO CRASH,Y,,,"OVER $1,500",08/06/2025 03:32:00 PM,NOT APPLICABLE,NOT APPLICABLE,1440,W,CHICAGO AVE,1213,,,,,,,2,NO INDICATION OF INJURY,0,0,0,0,0,3,0,15,4,8,41.8962333151,-87.6640771599,POINT (-87.66407715986 41.896233315142)
4439a5d55620224b209c65f33d9d27b25f19f888e904d919745880420f9a3e4a67728fde4bf05ed8692c1dfd6b2d5ff72ae0ef04b582281ac208867ffa40f67c,,08/06/2025 03:30:00 PM,30,NO CONTROLS,NO CONTROLS,CLEAR,DAYLIGHT,REAR END,DIVIDED - W/MEDIAN BARRIER,,STRAIGHT AND LEVEL,DRY,NO DEFECTS,ON SCENE,INJURY AND / OR TOW DUE TO CRASH,,,,"OVER $1,500",08/06/2025 03:36:00 PM,FOLLOWING TOO CLOSELY,NOT APPLICABLE,9430,S,COLFAX AVE,423,,,,,,,2,NO INDICATION OF INJURY,0,0,0,0,0,2,0,15,4,8,41.7236318432,-87.5608922692,POINT (-87.560892269179 41.723631843233)
99f6fe5755cdadfd475a4b088a5ba34349b3e60ca687953288267e2c8d041ae2912d536bd48203fe2f7501c20990429473010aab52bf1b32f812726ad33b4342,,08/06/2025 03:30:00 PM,30,TRAFFIC SIGNAL,FUNCTIONING PROPERLY,CLEAR,DAYLIGHT,PEDALCYCLIST,FOUR WAY,,STRAIGHT AND LEVEL,DRY,NO DEFECTS,NOT ON SCENE (DESK REPORT),INJURY AND / OR TOW DUE TO CRASH,Y,,,"OVER $1,500",08/08/2025 11:11:00 AM,FAILING TO YIELD RIGHT-OF-WAY,NOT APPLICABLE,500,W,RANDOLPH ST,121,,,,,,,2,NONINCAPACITATING INJURY,1,0,0,1,0,1,0,15,4,8,41.8845516127,-87.6398742409,POINT (-87.639874240945 41.884551612703)
a4af9fd3b60a0d1d3e637116888e3500765dfff65697fab663a4bdef0764e17179e639c7b2cb05bcb8dd08f887b4f5dbc0adcab30af129b7457d01d73614c319,,08/06/2025 03:30:00 PM,30,TRAFFIC SIGNAL,FUNCTIONING PROPERLY,CLEAR,DAYLIGHT,REAR END,DIVIDED - W/MEDIAN (NOT RAISED),,STRAIGHT AND LEVEL,DRY,NO DEFECTS,ON SCENE,NO INJURY / DRIVE AWAY,,,Y,"OVER $1,500",08/06/2025 03:39:00 PM,FOLLOWING TOO CLOSELY,NOT APPLICABLE,1000,N,LA SALLE DR,1824,,,,,,,2,NO INDICATION OF INJURY,0,0,0,0,0,3,0,15,4,8,41.9005848002,-87.63298607,POINT (-87.632986070025 41.900584800211)
0e2df4e4a89db46b4b29c44c8a9e7a534113811e96b427a3e1952d915d673dedd0f1a73e6b3799f96af88a937373c51e7685a8f9acaac0e1be88eeb4e3ffb3e2,,08/06/2025 03:26:00 PM,20,NO CONTROLS,NO CONTROLS,CLEAR,DAYLIGHT,REAR END,NOT DIVIDED,,STRAIGHT AND LEVEL,DRY,NO DEFECTS,NOT ON SCENE (DESK REPORT),NO INJURY / DRIVE AWAY,,,,"OVER $1,500",08/06/2025 04:10:00 PM,FOLLOWING TOO CLOSELY,UNABLE TO DETERMINE,3075,W,FOSTER AVE,1713,,,,,,,2,NO INDICATION OF INJURY,0,0,0,0,0,2,0,15,4,8,41.9756564106,-87.7061580445,POINT (-87.706158044516 41.975656410571)
587bf2966e2fcd796e1f1b82f64e0086b99f89b4e5773850dd064f8ce2a8e4024cd7a0a1a1fb2eea4a6609b4a9bf5475559cc9f3fa67d52de6b9d92910c72963,,08/06/2025 03:26:00 PM,35,NO CONTROLS,NO CONTROLS,CLEAR,DAYLIGHT,TURNING,NOT DIVIDED,,STRAIGHT AND LEVEL,DRY,NO DEFECTS,NOT ON SCENE (DESK REPORT),NO INJURY / DRIVE AWAY,,,Y,"OVER $1,500",08/06/2025 06:40:00 PM,IMPROPER LANE USAGE,NOT APPLICABLE,3148,W,CERMAK RD,1022,,,,,,,2,NO INDICATION OF INJURY,0,0,0,0,0,2,0,15,4,8,41.851882181,-87.7047392189,POINT (-87.704739218889 41.851882181028)
0c30521bbd1888cb173ff6ee20b5d58490eebf6e89bf98596e2c9a62ac0a761b56e7caa3acdb8e0009dcdb90c52de52c763b3f04afe118e7b6b2ffbb5de63b96,,08/06/2025 03:20:00 PM,30,TRAFFIC SIGNAL,FUNCTIONING PROPERLY,CLEAR,DAYLIGHT,REAR END,NOT DIVIDED,,STRAIGHT AND LEVEL,DRY,NO DEFECTS,NOT ON SCENE (DESK REPORT),NO INJURY / DRIVE AWAY,,,,"OVER $1,500",08/06/2025 04:43:00 PM,UNABLE TO DETERMINE,NOT APPLICABLE,4001,W,79TH ST,834,,,,,,,2,NO INDICATION OF INJURY,0,0,0,0,0,2,0,15,4,8,41.7493275861,-87.7219669364,POINT (-87.7219669364 41.74932758614)
497298e1fd15507efae8146145d3315e75790c3e067421c9e1b32fb7bfcd3d13e5b85eee1589d1c21118e3a5c5ee5359b0afd0db51dfe35a417aa5a7beb735ca,,08/06/2025 03:19:00 PM,30,TRAFFIC SIGNAL,FUNCTIONING PROPERLY,CLEAR,DAYLIGHT,PEDESTRIAN,FOUR WAY,,STRAIGHT AND LEVEL,DRY,NO DEFECTS,ON SCENE,INJURY AND / OR TOW DUE TO CRASH,N,,,$500 OR LESS,08/06/2025 03:19:00 PM,FAILING TO YIELD RIGHT-OF-WAY,NOT APPLICABLE,2798,W,71ST ST,831,,Y,,,,,2,NONINCAPACITATING INJURY,1,0,0,1,0,1,0,15,4,8,41.7646505614,-87.6929712252,POINT (-87.692971225182 41.764650561421)
1e1867d6eff809dda1896bdcd197641bcbbf9a1486684513c319980b830afb1fa6cf74d376476e213b363cd4dce6b8fc2fad6e6fd97e12ece4a36607bf01a16f,,08/06/2025 03:15:00 PM,30,NO CONTROLS,NO CONTROLS,CLEAR,DAYLIGHT,PARKED MOTOR VEHICLE,NOT DIVIDED,,STRAIGHT AND LEVEL,DRY,NO DEFECTS,ON SCENE,NO INJURY / DRIVE AWAY,,,,$500 OR LESS,08/06/2025 03:47:00 PM,UNABLE TO DETERMINE,UNABLE TO DETERMINE,11010,S,HALSTED ST,2233,,,,,,,2,NO INDICATION OF INJURY,0,0,0,0,0,1,0,15,4,8,41.6938011657,-87.6425702593,POINT (-87.642570259288 41.693801165712)