CRASH_RECORD_ID,CRASH_DATE_EST_I,CRASH_DATE,POSTED_SPEED_LIMIT,TRAFFIC_CONTROL_DEVICE,DEVICE_CONDITION,WEATHER_CONDITION,LIGHTING_CONDITION,FIRST_CRASH_TYPE,TRAFFICWAY_TYPE,LANE_CNT,ALIGNMENT,ROADWAY_SURFACE_COND,ROAD_DEFECT,REPORT_TYPE,CRASH_TYPE,INTERSECTION_RELATED_I,NOT_RIGHT_OF_WAY_I,HIT_AND_RUN_I,DAMAGE,DATE_POLICE_NOTIFIED,PRIM_CONTRIBUTORY_CAUSE,SEC_CONTRIBUTORY_CAUSE,STREET_NO,STREET_DIRECTION,STREET_NAME,BEAT_OF_OCCURRENCE,PHOTOS_TAKEN_I,STATEMENTS_TAKEN_I,DOORING_I,WORK_ZONE_I,WORK_ZONE_TYPE,WORKERS_PRESENT_I,NUM_UNITS,MOST_SEVERE_INJURY,INJURIES_TOTAL,INJURIES_FATAL,INJURIES_INCAPACITATING,INJURIES_NON_INCAPACITATING,INJURIES_REPORTED_NOT_EVIDENT,INJURIES_NO_INDICATION,INJURIES_UNKNOWN,CRASH_HOUR,CRASH_DAY_OF_WEEK,CRASH_MONTH,LATITUDE,LONGITUDE,LOCATION
a197fea9d727ca7c999be8a73d5b1342ae3313a54cddd5c91916b5f920addee0042aa2d112ef7b96a9b8da9fd3cf4227c660f2cfb659db12d5259a4cf5abdf45,,08/06/2025 03:15:00 PM,30,TRAFFIC SIGNAL,FUNCTIONING PROPERLY,CLEAR,DAYLIGHT,TURNING,NOT DIVIDED,,STRAIGHT AND LEVEL,DRY,NO DEFECTS,ON SCENE,INJURY AND / OR TOW DUE TO CRASH,,,,"OVER $1,500",08/06/2025 03:21:00 PM,UNABLE TO DETERMINE,UNABLE TO DETERMINE,3334,N,CUMBERLAND AVE,1631,,,,,,,2,NO INDICATION OF INJURY,0,0,0,0,0,2,0,15,4,8,41.9401667931,-87.836356249,POINT (-87.836356248968 41.940166793076)
be273061b205854bba36da1d08726ebe03bc19e34d5f837d42e5f9d1f969befe303478cebf9f9ac07169a668c155af3ed9ef7d4a3bcac8281b248d7ab163c938,,08/06/2025 03:12:00 PM,30,UNKNOWN,UNKNOWN,UNKNOWN,UNKNOWN,SIDESWIPE SAME DIRECTION,NOT DIVIDED,,STRAIGHT AND LEVEL,UNKNOWN,UNKNOWN,,NO INJURY / DRIVE AWAY,,,,$500 OR LESS,08/06/2025 05:33:00 PM,UNABLE TO DETERMINE,UNABLE TO DETERMINE,4040,N,MARINE DR,1915,,,,,,,2,NO INDICATION OF INJURY,0,0,0,0,0,2,0,15,4,8,41.955688916,-87.645669582,POINT (-87.645669582022 41.95568891602)
efbd276c1f526e5cb7f2d2cf9cd24a166ee6c566ed4d5b7933bbd8a99f44741f1b32aea04a01d75682fefa8b5733b5292021689dd630cb2fd353b8634db36c4e,,08/06/2025 03:10:00 PM,30,TRAFFIC SIGNAL,FUNCTIONING PROPERLY,CLEAR,DAYLIGHT,REAR END,FOUR WAY,,STRAIGHT AND LEVEL,DRY,NO DEFECTS,NOT ON SCENE (DESK REPORT),NO INJURY / DRIVE AWAY,Y,,Y,"OVER $1,500",08/06/2025 05:00:00 PM,UNABLE TO DETERMINE,UNABLE TO DETERMINE,2001,W,ROOSEVELT RD,1233,,,,,,,2,NO INDICATION OF INJURY,0,0,0,0,0,2,0,15,4,8,41.8666434477,-87.6763390465,POINT (-87.676339046481 41.86664344767)
36d435bec2d6f2764bc9ce1254cec84c75852d144e87cee6893082837fc86d47cd5f11f4723afd6c6283f9d2a6cd16bf25f67b4e8bcd970614748e60ffe37bdc,Y,08/06/2025 03:00:00 PM,25,STOP SIGN/FLASHER,FUNCTIONING PROPERLY,CLEAR,DAYLIGHT,TURNING,T-INTERSECTION,,STRAIGHT AND LEVEL,DRY,NO DEFECTS,ON SCENE,NO INJURY / DRIVE AWAY,,,,$500 OR LESS,08/06/2025 03:15:00 PM,FAILING TO YIELD RIGHT-OF-WAY,FAILING TO YIELD RIGHT-OF-WAY,229,W,26TH ST,914,,,,,,,2,NO INDICATION OF INJURY,0,0,0,0,0,4,0,15,4,8,41.8454018461,-87.6331248275,POINT (-87.633124827481 41.84540184612)
b667db155ca647a14fb3155c84a46f309aec3000bbbc1374f9dd2daeb3e279d933c25fb9dc270a5b726c2837460d7c872e38fd35e2713ee7a28998c0377ef725,,08/06/2025 03:00:00 PM,40,NO CONTROLS,NO CONTROLS,CLEAR,DAYLIGHT,SIDESWIPE SAME DIRECTION,DIVIDED - W/MEDIAN BARRIER,,STRAIGHT AND LEVEL,DRY,NO DEFECTS,ON SCENE,NO INJURY / DRIVE AWAY,,,Y,"OVER $1,500",08/06/2025 03:05:00 PM,IMPROPER OVERTAKING/PASSING,UNABLE TO DETERMINE,1100,N,LAKE SHORE DR SB,1824,,,,,,,2,NO INDICATION OF INJURY,0,0,0,0,0,2,0,15,4,8,41.9024816462,-87.6242210436,POINT (-87.624221043591 41.902481646226)
f212362f7eac817e2e926a9474d966c3bcd1fefdf17079ac76e4aa168459df42440ae19816e1c6b81eb89a7ea9be4668f1349e9246e9269b35817acb4cf88a0f,,08/06/2025 03:00:00 PM,30,NO CONTROLS,NO CONTROLS,CLEAR,DAYLIGHT,ANGLE,DIVIDED - W/MEDIAN (NOT RAISED),,STRAIGHT AND LEVEL,DRY,NO DEFECTS,NOT ON SCENE (DESK REPORT),NO INJURY / DRIVE AWAY,,,,"OVER $1,500",08/06/2025 04:00:00 PM,FAILING TO YIELD RIGHT-OF-WAY,NOT APPLICABLE,2507,N,ELSTON AVE,1432,,,,,,,2,NO INDICATION OF INJURY,0,0,0,0,0,2,0,15,4,8,41.9271921396,-87.6803533656,POINT (-87.680353365571 41.927192139552)
b6ba7a17b3a9c8f02ee55f4cb3ae45ae2f9d59f39c9ff0dca55b619b458c1ab43538e1ccca29bcbcf06b0a1960a8313d819775b283153ae05f06225d7420e681,,08/06/2025 02:55:00 PM,30,NO CONTROLS,NO CONTROLS,CLEAR,DAYLIGHT,REAR END,DIVIDED - W/MEDIAN (NOT RAISED),,STRAIGHT AND LEVEL,DRY,NO DEFECTS,NOT ON SCENE (DESK REPORT),NO INJURY / DRIVE AWAY,,,,"OVER $1,500",08/06/2025 03:55:00 PM,UNABLE TO DETERMINE,UNABLE TO DETERMINE,5150,W,ADDISON ST,1634,,,,,,,2,NO INDICATION OF INJURY,0,0,0,0,0,2,0,14,4,8,41.9461162543,-87.7564998514,POINT (-87.756499851406 41.946116254268)
509a50da431ddf4e989d5e9b34c8c15814e9d7a0ee78a0a8301c59d53ca0dd29bc3111ec864400995fe0824d7bc834014615e050f11b2688a3ab0c7a4a4c9531,,08/06/2025 02:53:00 PM,30,NO CONTROLS,NO CONTROLS,CLEAR,DAYLIGHT,PARKED MOTOR VEHICLE,NOT DIVIDED,,STRAIGHT AND LEVEL,DRY,NO DEFECTS,NOT ON SCENE (DESK REPORT),NO INJURY / DRIVE AWAY,,,,"OVER $1,500",08/06/2025 04:15:00 PM,UNABLE TO DETERMINE,NOT APPLICABLE,2817,S,EMERALD AVE,914,,,,,,,2,NO INDICATION OF INJURY,0,0,0,0,0,1,0,14,4,8,41.8429795619,-87.6450366137,POINT (-87.645036613711 41.842979561884)
d7ed7aa8a9ba841d1ea5f7d93f288ede214955d4f100978944626de1c6c9265ec57e7b5dbdea63db5e363569799262ead0a643b45901fb86a6838825ec9fea37,,08/06/2025 02:51:00 PM,30,STOP SIGN/FLASHER,NO CONTROLS,CLEAR,DAYLIGHT,ANGLE,T-INTERSECTION,,STRAIGHT AND LEVEL,DRY,NO DEFECTS,ON SCENE,NO INJURY / DRIVE AWAY,Y,,,"$501 - $1,500",08/06/2025 02:52:00 PM,DISREGARDING STOP SIGN,DISREGARDING STOP SIGN,1298,S,KILDARE AVE,1011,,,,,,,2,NO INDICATION OF INJURY,0,0,0,0,0,2,0,14,4,8,41.8643301906,-87.7326040619,POINT (-87.732604061881 41.864330190639)
481a221989074a7739037c155889926c38f79201ccd2cadfc038d07f9f46c02e7fece1399121685ea309c7f0287a1cd82931648d2088415052b12e563c82f69c,,08/06/2025 02:49:00 PM,30,STOP SIGN/FLASHER,NO CONTROLS,CLEAR,DAYLIGHT,TURNING,NOT DIVIDED,,STRAIGHT AND LEVEL,DRY,NO DEFECTS,ON SCENE,NO INJURY / DRIVE AWAY,,,,"OVER $1,500",08/06/2025 03:09:00 PM,FAILING TO YIELD RIGHT-OF-WAY,NOT APPLICABLE,2653,W,BRYN MAWR AVE,2011,,,,,,,2,NO INDICATION OF INJURY,0,0,0,0,0,2,0,14,4,8,41.9830238071,-87.6964449715,POINT (-87.696444971469 41.983023807052)
6e194d9191bca967ce8d6df330c455736f4e8234533172918f85ba896efce14060244944fa39d38ec0da306aae254bdf142da625c677ac1f3366dfbdf60156ba,,08/06/2025 02:45:00 PM,30,TRAFFIC SIGNAL,FUNCTIONING PROPERLY,CLEAR,DAYLIGHT,REAR END,NOT DIVIDED,,STRAIGHT AND LEVEL,DRY,NO DEFECTS,NOT ON SCENE (DESK REPORT),NO INJURY / DRIVE AWAY,,,Y,"OVER $1,500",08/06/2025 04:20:00 PM,UNABLE TO DETERMINE,NOT APPLICABLE,1585,N,MILWAUKEE AVE,1424,,,,,,,2,NO INDICATION OF INJURY,0,0,0,0,0,2,0,14,4,8,41.9104029044,-87.6772623614,POINT (-87.677262361395 41.910402904423)
8fc9145b44f88d0c94d1ce53ea4c668d2f9d706a5ef8ebcda84dd01e3a4b182d751dcab19bdf1356e87621ac434da432a9de0acf26cd5877b154b6433455ba77,,08/06/2025 02:41:00 PM,25,STOP SIGN/FLASHER,FUNCTIONING PROPERLY,CLEAR,DAYLIGHT,REAR END,NOT DIVIDED,,STRAIGHT AND LEVEL,DRY,NO DEFECTS,NOT ON SCENE (DESK REPORT),NO INJURY / DRIVE AWAY,,,Y,"$501 - $1,500",08/06/2025 03:41:00 PM,FOLLOWING TOO CLOSELY,FOLLOWING TOO CLOSELY,4750,W,63RD ST,813,,,,,,,2,NO INDICATION OF INJURY,0,0,0,0,0,3,0,14,4,8,41.7785441877,-87.7418953542,POINT (-87.741895354166 41.778544187675)
13cc3395a05e049117e0011093f23a461058411e05ae34cbbcfa8ded0a9eb5382e32eb7a55ad4a6810beb6e1a54bdadff790dda8810b08609f70a5a63bb19f7f,,08/06/2025 02:39:00 PM,15,NO CONTROLS,NO CONTROLS,CLEAR,DAYLIGHT,FIXED OBJECT,OTHER,,STRAIGHT AND LEVEL,DRY,UNKNOWN,ON SCENE,NO INJURY / DRIVE AWAY,,Y,,"OVER $1,500",08/06/2025 03:39:00 PM,IMPROPER BACKING,UNABLE TO DETERMINE,1457,N,HALSTED ST,1822,,,,,,,1,NO INDICATION OF INJURY,0,0,0,0,0,1,0,14,4,8,41.9080029546,-87.6480506174,POINT (-87.648050617433 41.908002954608)
f9cca7971ed3d11c31a1d6d0a161b79a07b4932802a3e3feb4c882539a97dba1b981755d0c90f49eabd8e7353fc09baa58a249727db88aea46b938e18c107373,,08/06/2025 02:35:00 PM,25,NO CONTROLS,NO CONTROLS,CLEAR,DAYLIGHT,SIDESWIPE SAME DIRECTION,T-INTERSECTION,,STRAIGHT AND LEVEL,DRY,NO DEFECTS,ON SCENE,INJURY AND / OR TOW DUE TO CRASH,Y,,,"OVER $1,500",08/06/2025 02:41:00 PM,UNABLE TO DETERMINE,UNABLE TO DETERMINE,1254,W,ARTHUR AVE,2432,,,,,,,2,NO INDICATION OF INJURY,0,0,0,0,0,2,0,14,4,8,42.0005251865,-87.6629394465,POINT (-87.662939446469 42.0005251865)
199734dc2992157a506d16804bf821eb711d27aa737b5cd400a35511c47c11dcdd74f91e225cd83be111b7f9315a8fb0c3eb24b36a50493f19fde383928c4517,,08/06/2025 02:30:00 PM,30,TRAFFIC SIGNAL,FUNCTIONING PROPERLY,CLEAR,DAYLIGHT,TURNING,T-INTERSECTION,,STRAIGHT AND LEVEL,DRY,NO DEFECTS,NOT ON SCENE (DESK REPORT),NO INJURY / DRIVE AWAY,,,Y,"OVER $1,500",08/06/2025 02:40:00 PM,FAILING TO YIELD RIGHT-OF-WAY,UNABLE TO DETERMINE,1750,W,119TH ST,2234,,,,,,,2,NO INDICATION OF INJURY,0,0,0,0,0,2,0,14,4,8,41.6775673075,-87.6658449257,POINT (-87.665844925659 41.677567307473)
935ae475773d9d2e9b746a65411c946a80d85e4c7358350835641d858fe6261ec2bf01be27b75c640d424cde6099057a13aa90f4530eeb3321b2c9786e64631d,,08/06/2025 02:30:00 PM,10,NO CONTROLS,NO CONTROLS,CLEAR,DAYLIGHT,TURNING,PARKING LOT,,STRAIGHT AND LEVEL,DRY,NO DEFECTS,ON SCENE,NO INJURY / DRIVE AWAY,,,,$500 OR LESS,08/06/2025 03:54:00 PM,UNABLE TO DETERMINE,UNABLE TO DETERMINE,1001,S,LARAMIE AVE,1522,,,,,,,2,NO INDICATION OF INJURY,0,0,0,0,0,2,0,14,4,8,41.8681409583,-87.7547884642,POINT (-87.754788464219 41.868140958317)
7690629d3c40661fe23ebef007e7abfb95ec061e255bf620f1bd2dd3fd0c0a5443318e95c8af6622362277484092dba4a997851a558c31db80ff21897d45646f,,08/06/2025 02:29:00 PM,30,NO CONTROLS,NO CONTROLS,CLEAR,DAYLIGHT,REAR END,NOT DIVIDED,,STRAIGHT AND LEVEL,DRY,NO DEFECTS,ON SCENE,INJURY AND / OR TOW DUE TO CRASH,,,,"OVER $1,500",08/06/2025 03:43:00 PM,UNABLE TO DETERMINE,UNABLE TO DETERMINE,7702,W,DEVON AVE,1612,,,,,,,3,"REPORTED, NOT EVIDENT",1,0,0,0,1,2,0,14,4,8,41.9970236729,-87.8191710145,POINT (-87.819171014526 41.997023672889)
59b1237bae9134a26e48ca0e914c146b3d2022c22ccea7a7c9cc4ce539d711365030a165dcf8f4879e86b3829211213cade4061c6a4d97b9bb839738f4d53efe,,08/06/2025 02:24:00 PM,30,TRAFFIC SIGNAL,FUNCTIONING PROPERLY,CLEAR,DAYLIGHT,TURNING,FOUR WAY,,STRAIGHT AND LEVEL,UNKNOWN,UNKNOWN,NOT ON SCENE (DESK REPORT),NO INJURY / DRIVE AWAY,,,Y,"$501 - $1,500",08/06/2025 06:58:00 PM,NOT APPLICABLE,NOT APPLICABLE,5099,S,RACINE AVE,933,,,,,,,2,NO INDICATION OF INJURY,0,0,0,0,0,2,0,14,4,8,41.8015453186,-87.6549147674,POINT (-87.654914767425 41.801545318566)
1a76b716890cb64b22c592ba673bd7e89a2f909ea166c7f9de0e218de4a5992f192c9e79a11d9779f761b147d8772caca8b8c21a5f3da280a9c7760c17982662,,08/06/2025 02:20:00 PM,30,STOP SIGN/FLASHER,FUNCTIONING PROPERLY,CLEAR,DAYLIGHT,ANGLE,NOT DIVIDED,,STRAIGHT AND LEVEL,DRY,UNKNOWN,ON SCENE,INJURY AND / OR TOW DUE TO CRASH,Y,,,"OVER $1,500",08/06/2025 02:30:00 PM,FAILING TO YIELD RIGHT-OF-WAY,FAILING TO YIELD RIGHT-OF-WAY,7400,S,COTTAGE GROVE AVE,323,,,,,,,2,NO INDICATION OF INJURY,0,0,0,0,0,2,0,14,4,8,41.7603120268,-87.6055888934,POINT (-87.605588893368 41.760312026786)
bb06a57984fd40a8bfbe8db53c8b0bc88f55e9b44abf634647c5b00edb550f46facb53bf7554f8108a1b42084df4a94a595206f9aeb450047de742f42e29c2dc,,08/06/2025 02:15:00 PM,25,TRAFFIC SIGNAL,UNKNOWN,CLEAR,DAYLIGHT,REAR END,NOT DIVIDED,,STRAIGHT AND LEVEL,DRY,NO DEFECTS,NOT ON SCENE (DESK REPORT),NO INJURY / DRIVE AWAY,,,,"OVER $1,500",08/06/2025 02:15:00 PM,UNABLE TO DETERMINE,UNABLE TO DETERMINE,646,W,35TH ST,915,,,,,,,2,NO INDICATION OF INJURY,0,0,0,0,0,2,0,14,4,8,41.8309013969,-87.6431077401,POINT (-87.643107740073 41.830901396941)
6d9e4e8dbaa9a4f23d18647ea28fd530a62a19d9b4ad1667a30f550b9d87009331e4e19f10a52b6449c7b7f0265201bbc40353c7750add958dcc563b5c337814,,08/06/2025 02:11:00 PM,30,NO CONTROLS,NO CONTROLS,CLEAR,DAYLIGHT,PARKED MOTOR VEHICLE,ONE-WAY,,STRAIGHT AND LEVEL,DRY,NO DEFECTS,ON SCENE,NO INJURY / DRIVE AWAY,,,,"OVER $1,500",08/06/2025 02:53:00 PM,IMPROPER OVERTAKING/PASSING,NOT APPLICABLE,5229,N,WINTHROP AVE,2023,,N,,,,,3,NO INDICATION OF INJURY,0,0,0,0,0,2,0,14,4,8,41.9772390169,-87.6576916605,POINT (-87.657691660499 41.977239016864)
1cd75e071e6ee5c1c52aba38c62eef1b06d0579e11bc11fa9dde8b0fddab8c56216d599f83bf55584ed2b4e808a219c519009b8ea0ffd80a008443b4df1d5c2d,,08/06/2025 02:09:00 PM,30,STOP SIGN/FLASHER,NO CONTROLS,CLEAR,DAYLIGHT,PEDALCYCLIST,NOT DIVIDED,,STRAIGHT AND LEVEL,DRY,NO DEFECTS,ON SCENE,INJURY AND / OR TOW DUE TO CRASH,Y,,,"$501 - $1,500",08/06/2025 02:10:00 PM,FAILING TO YIELD RIGHT-OF-WAY,FAILING TO YIELD RIGHT-OF-WAY,1300,S,PULASKI RD,1011,,,,,,,2,NONINCAPACITATING INJURY,1,0,0,1,0,1,0,14,4,8,41.864251194,-87.7252627897,POINT (-87.725262789691 41.864251193953)
333a1ec8afc31ae12e62b8fc9561ba36a2dc3e21c6aaf61f077fef961af3041d221d5af1073d02ed78cbe7f8ce1ca2c4059201c5c36812843d37c1380befd71d,,08/06/2025 02:09:00 PM,30,NO CONTROLS,NO CONTROLS,CLEAR,DAYLIGHT,SIDESWIPE SAME DIRECTION,DIVIDED - W/MEDIAN (NOT RAISED),,STRAIGHT AND LEVEL,DRY,NO DEFECTS,NOT ON SCENE (DESK REPORT),NO INJURY / DRIVE AWAY,,,Y,"OVER $1,500",08/06/2025 03:30:00 PM,IMPROPER OVERTAKING/PASSING,UNABLE TO DETERMINE,1444,S,PULASKI RD,1011,,,,,,,2,NO INDICATION OF INJURY,0,0,0,0,0,3,0,14,4,8,41.8611815501,-87.7251699059,POINT (-87.725169905878 41.861181550122)
2ea1c87acc8e9571d6e0e39b4c12627cfad7151898fa73b2892d5681299bbb7bb643f2a06ff62f47d1715d959cfc216eb04e85e9c39a6134d0dc8dc4da4f7fae,Y,08/06/2025 02:00:00 PM,30,TRAFFIC SIGNAL,FUNCTIONING PROPERLY,CLEAR,DAYLIGHT,TURNING,NOT DIVIDED,,STRAIGHT AND LEVEL,DRY,UNKNOWN,NOT ON SCENE (DESK REPORT),NO INJURY / DRIVE AWAY,,,,"OVER $1,500",08/06/2025 04:00:00 PM,FAILING TO YIELD RIGHT-OF-WAY,NOT APPLICABLE,1600,W,NORTH AVE,1433,,,,,,,2,NO INDICATION OF INJURY,0,0,0,0,0,2,0,14,4,8,41.9107391236,-87.6677555422,POINT (-87.667755542235 41.910739123576)
5ec0a6ed6ec1520938cfb53b4b9c4d61c8059b61e61b0336af132514ac13361a281fa32dcf08048ac82acc22ef0fea884be278eb26170b899c8ba57873755744,,08/06/2025 02:00:00 PM,50,TRAFFIC SIGNAL,FUNCTIONING PROPERLY,CLEAR,DAYLIGHT,REAR END,DIVIDED - W/MEDIAN BARRIER,,STRAIGHT AND LEVEL,DRY,NO DEFECTS,ON SCENE,NO INJURY / DRIVE AWAY,,,,"$501 - $1,500",08/06/2025 02:05:00 PM,FOLLOWING TOO CLOSELY,NOT APPLICABLE,10300,W,IRVING PARK RD,1654,,,,,,,2,NO INDICATION OF INJURY,0,0,0,0,0,2,0,14,4,8,41.9584075239,-87.8863332475,POINT (-87.886333247534 41.958407523899)
bccff2e6fc79c8a8e58dd2d8a9cdd7b8af3c8f16626181680747f24de3183b6555ab66ec70eb782ac5068b2a3d3865f0e14e63da87e2ddd2751823624b6dc249,,08/06/2025 02:00:00 PM,30,TRAFFIC SIGNAL,FUNCTIONING PROPERLY,CLEAR,DAYLIGHT,TURNING,OTHER,,STRAIGHT AND LEVEL,DRY,NO DEFECTS,,NO INJURY / DRIVE AWAY,Y,,,"OVER $1,500",08/06/2025 03:15:00 PM,UNABLE TO DETERMINE,NOT APPLICABLE,1552,W,MARQUETTE RD,725,,,,,,,2,NO INDICATION OF INJURY,0,0,0,0,0,2,0,14,4,8,41.7723068812,-87.6637094858,POINT (-87.663709485811 41.772306881158)
d8efdca79fd19857860ac47050c723500f7498d03bcb44646dd3877496a35b4c6f581f156284ff6e67f2efb854d63e464866d28e2a9d7ae96a7f8365e75cca47,,08/06/2025 01:46:00 PM,30,TRAFFIC SIGNAL,FUNCTIONING PROPERLY,CLEAR,DAYLIGHT,TURNING,DIVIDED - W/MEDIAN (NOT RAISED),,STRAIGHT AND LEVEL,DRY,NO DEFECTS,NOT ON SCENE (DESK REPORT),NO INJURY / DRIVE AWAY,Y,,Y,"$501 - $1,500",08/06/2025 04:10:00 PM,IMPROPER OVERTAKING/PASSING,UNABLE TO DETERMINE,423,N,AUSTIN BLVD,1512,,,,,,,2,NO INDICATION OF INJURY,0,0,0,0,0,2,0,13,4,8,41.8877736764,-87.7747558455,POINT (-87.774755845455 41.887773676399)
07ebd69777806ca52c4234869ac118267e60ba772a751f922148f531d93e3916d3051dd94ad144d9deb3fb5f6e6ba7062989d8047314c3e89fa962a35ea3c409,,08/06/2025 01:45:00 PM,30,NO CONTROLS,NO CONTROLS,CLEAR,DAYLIGHT,PEDALCYCLIST,DIVIDED - W/MEDIAN (NOT RAISED),,STRAIGHT AND LEVEL,DRY,NO DEFECTS,ON SCENE,INJURY AND / OR TOW DUE TO CRASH,,,,"OVER $1,500",08/06/2025 01:47:00 PM,UNABLE TO DETERMINE,NOT APPLICABLE,6050,W,FULLERTON AVE,2512,,Y,,,,,2,NONINCAPACITATING INJURY,1,0,0,1,0,1,0,13,4,8,41.9239048016,-87.7777769555,POINT (-87.777776955494 41.923904801642)
26fb34b09099996b74ed0abfbbcd2bfd27253c38b8268f440f1a3f79bb92486430ddd1aeccc03a7925296730f636ddfb25f11fab910b8d922366829571bec75e,,08/06/2025 01:45:00 PM,30,NO CONTROLS,NO CONTROLS,CLEAR,DAYLIGHT,SIDESWIPE SAME DIRECTION,ONE-WAY,,STRAIGHT AND LEVEL,DRY,NO DEFECTS,NOT ON SCENE (DESK REPORT),NO INJURY / DRIVE AWAY,,,Y,"$501 - $1,500",08/07/2025 08:00:00 AM,IMPROPER LANE USAGE,NOT APPLICABLE,299,W,ONTARIO ST,1831,,,,,,,2,NO INDICATION OF INJURY,0,0,0,0,0,2,0,13,4,8,41.8930584297,-87.6355376908,POINT (-87.635537690767 41.893058429733)
a70151e647170dd23e2abc97fbb80ddf5b2b48e51dce2c3e64ea7aa6a9e917ccca1325dea5b3b28778749c4199c9dd1b217d53c4fb2c298f0ed4a786ff8566c2,,08/06/2025 01:40:00 PM,30,NO CONTROLS,NO CONTROLS,CLEAR,DAYLIGHT,SIDESWIPE SAME DIRECTION,NOT DIVIDED,,STRAIGHT AND LEVEL,DRY,UNKNOWN,ON SCENE,INJURY AND / OR TOW DUE TO CRASH,,,,"OVER $1,500",08/06/2025 01:42:00 PM,UNABLE TO DETERMINE,NOT APPLICABLE,4122,W,CHICAGO AVE,1111,,,,,,,2,NONINCAPACITATING INJURY,2,0,0,2,0,3,0,13,4,8,41.8954129109,-87.7296316582,POINT (-87.729631658235 41.895412910916)
3566097c8561119005c160394d8c5c215b89ff13e74b5e2fb320c6a5ea3f33a47f17bcb716b06040ac37505f000826b716a3c813d6862a112f5226813d4b8f7f,,08/06/2025 01:30:00 PM,30,TRAFFIC SIGNAL,UNKNOWN,CLEAR,DAYLIGHT,SIDESWIPE SAME DIRECTION,ONE-WAY,,STRAIGHT AND LEVEL,DRY,UNKNOWN,ON SCENE,INJURY AND / OR TOW DUE TO CRASH,,,Y,"OVER $1,500",08/06/2025 03:00:00 PM,UNABLE TO DETERMINE,NOT APPLICABLE,906,N,RUSH ST,1833,,,,,,,2,NO INDICATION OF INJURY,0,0,0,0,0,2,0,13,4,8,41.8993987095,-87.6270696112,POINT (-87.627069611191 41.899398709508)
572a3014111f8f3195f7046c0aa44f1e9412e6f4b85e7fc0fd7d1df562387109257f4ccefb57cfdc8ed315da989e477cec6f0237eb90d581d32e002cf1e79dc4,,08/06/2025 01:30:00 PM,30,TRAFFIC SIGNAL,FUNCTIONING PROPERLY,CLEAR,DAYLIGHT,TURNING,FOUR WAY,,STRAIGHT AND LEVEL,DRY,NO DEFECTS,NOT ON SCENE (DESK REPORT),NO INJURY / DRIVE AWAY,,,,"OVER $1,500",08/07/2025 11:45:00 AM,UNABLE TO DETERMINE,NOT APPLICABLE,100,W,RANDOLPH ST,122,,,,,,,2,NO INDICATION OF INJURY,0,0,0,0,0,2,0,13,4,8,41.8845862672,-87.6310104459,POINT (-87.631010445886 41.884586267155)
5b3e54c32070dbc83cade092065011348ed0fd1798413595224364759e9960cc66966159843116195f63a81468f2e8709dd1437d94d8ec31c7955dbde2c0c171,,08/06/2025 01:30:00 PM,45,NO CONTROLS,FUNCTIONING PROPERLY,RAIN,DAYLIGHT,REAR END,DIVIDED - W/MEDIAN BARRIER,,STRAIGHT AND LEVEL,DRY,SHOULDER DEFECT,NOT ON SCENE (DESK REPORT),NO INJURY / DRIVE AWAY,,,,"OVER $1,500",08/06/2025 05:00:00 PM,FOLLOWING TOO CLOSELY,NOT APPLICABLE,2801,N,LAKE SHORE DR,1934,Y,,,,,,2,NO INDICATION OF INJURY,0,0,0,0,0,2,0,13,4,8,41.9328360068,-87.6360929619,POINT (-87.636092961893 41.93283600675)
6e1555ac7ef51e2116d06ce615e75e27ab68346fc81ea0f5e450c9026d1b488323fcd2521dd14a7402b017a396aae5083f1b8f47cda531fbf87c216784bf5555,,08/06/2025 01:30:00 PM,30,NO CONTROLS,NO CONTROLS,CLEAR,DAYLIGHT,TURNING,ONE-WAY,,STRAIGHT AND LEVEL,UNKNOWN,UNKNOWN,NOT ON SCENE (DESK REPORT),NO INJURY / DRIVE AWAY,,,,"OVER $1,500",08/06/2025 02:30:00 PM,NOT APPLICABLE,NOT APPLICABLE,1159,N,THROOP ST,1213,,,,,,,3,NO INDICATION OF INJURY,0,0,0,0,0,3,0,13,4,8,41.9032941096,-87.6605043558,POINT (-87.66050435582 41.903294109557)
f2d6d2b7e1e3e43ab7482c5b64bc8239c146c6926ab2fbda6442a7f05d8958d54566c0daf148bf1087895370dec7fcb7ca34da274f7fd3b2f2f70380e9870c66,,08/06/2025 01:24:00 PM,30,NO CONTROLS,NO CONTROLS,CLEAR,DAYLIGHT,SIDESWIPE SAME DIRECTION,DIVIDED - W/MEDIAN (NOT RAISED),,STRAIGHT AND LEVEL,DRY,NO DEFECTS,NOT ON SCENE (DESK REPORT),NO INJURY / DRIVE AWAY,,,,"OVER $1,500",08/06/2025 02:15:00 PM,UNABLE TO DETERMINE,NOT APPLICABLE,4038,S,ARCHER AVE,921,,,,,,,2,NO INDICATION OF INJURY,0,0,0,0,0,2,0,13,4,8,41.8203600973,-87.694249814,POINT (-87.694249814003 41.820360097257)