CRASH_RECORD_ID,CRASH_DATE_EST_I,CRASH_DATE,POSTED_SPEED_LIMIT,TRAFFIC_CONTROL_DEVICE,DEVICE_CONDITION,WEATHER_CONDITION,LIGHTING_CONDITION,FIRST_CRASH_TYPE,TRAFFICWAY_TYPE,LANE_CNT,ALIGNMENT,ROADWAY_SURFACE_COND,ROAD_DEFECT,REPORT_TYPE,CRASH_TYPE,INTERSECTION_RELATED_I,NOT_RIGHT_OF_WAY_I,HIT_AND_RUN_I,DAMAGE,DATE_POLICE_NOTIFIED,PRIM_CONTRIBUTORY_CAUSE,SEC_CONTRIBUTORY_CAUSE,STREET_NO,STREET_DIRECTION,STREET_NAME,BEAT_OF_OCCURRENCE,PHOTOS_TAKEN_I,STATEMENTS_TAKEN_I,DOORING_I,WORK_ZONE_I,WORK_ZONE_TYPE,WORKERS_PRESENT_I,NUM_UNITS,MOST_SEVERE_INJURY,INJURIES_TOTAL,INJURIES_FATAL,INJURIES_INCAPACITATING,INJURIES_NON_INCAPACITATING,INJURIES_REPORTED_NOT_EVIDENT,INJURIES_NO_INDICATION,INJURIES_UNKNOWN,CRASH_HOUR,CRASH_DAY_OF_WEEK,CRASH_MONTH,LATITUDE,LONGITUDE,LOCATION
7c1f9a44e2e52629a766a3495f521b57ccbdc8c05ca9418334619ffe2c7219855f7f8ee0d26769900306411cb4821092e827c16898677ba40b33e36fe59e184e,,08/05/2025 02:40:00 PM,30,NO CONTROLS,NO CONTROLS,CLEAR,DAYLIGHT,SIDESWIPE SAME DIRECTION,NOT DIVIDED,,STRAIGHT AND LEVEL,DRY,NO DEFECTS,,INJURY AND / OR TOW DUE TO CRASH,,,,"OVER $1,500",08/05/2025 02:40:00 PM,"VISION OBSCURED (SIGNS, TREE LIMBS, BUILDINGS, ETC.)",UNABLE TO DETERMINE,420,S,PULASKI RD,1132,,,,,,,2,NO INDICATION OF INJURY,0,0,0,0,0,2,0,14,3,8,41.8745373122,-87.7255969017,POINT (-87.725596901652 41.874537312209)
da893186ddd0f363022f9e34f100a0ef75bb0b7f2a3988624fee4bd816bddab93591063c4a2e94574b69e4c24caf0bb0a14728ad02cb9ccac5e58f81473e2979,,08/05/2025 02:40:00 PM,30,TRAFFIC SIGNAL,FUNCTIONING PROPERLY,CLEAR,DAYLIGHT,TURNING,FOUR WAY,,"CURVE, LEVEL",DRY,NO DEFECTS,NOT ON SCENE (DESK REPORT),NO INJURY / DRIVE AWAY,Y,,,"OVER $1,500",08/05/2025 04:00:00 PM,IMPROPER LANE USAGE,NOT APPLICABLE,1032,W,SHERIDAN RD,2432,,,,,,,2,NO INDICATION OF INJURY,0,0,0,0,0,2,0,14,3,8,41.9983309571,-87.6576010283,POINT (-87.657601028331 41.998330957076)
fc831e688f4da0198ea3adf142b3a206d2996dacb38a0eb2107e5f57eb8fd386a743976cf29eb1590e5d8bf8410a4b2ed3de753c74db5594116329fc763fe751,,08/05/2025 02:40:00 PM,30,STOP SIGN/FLASHER,FUNCTIONING PROPERLY,CLEAR,DAYLIGHT,TURNING,DIVIDED - W/MEDIAN BARRIER,,STRAIGHT AND LEVEL,DRY,NO DEFECTS,,INJURY AND / OR TOW DUE TO CRASH,Y,,N,"OVER $1,500",08/05/2025 02:57:00 PM,FAILING TO REDUCE SPEED TO AVOID CRASH,"VISION OBSCURED (SIGNS, TREE LIMBS, BUILDINGS, ETC.)",6123,N,CLARK ST,2433,,,,,,,3,NONINCAPACITATING INJURY,2,0,0,1,1,1,0,14,3,8,41.9934195096,-87.6699795577,POINT (-87.669979557669 41.993419509594)
32b5f0ef80c48bd7319070c38430f8e7d233b0e7a27eaf82778c6815cadf35b77c0474bf3720fb1fd93595f574f68c9a5706df271accbbf4b37cdff77d91c718,,08/05/2025 02:30:00 PM,45,NO CONTROLS,NO CONTROLS,CLEAR,DAYLIGHT,SIDESWIPE SAME DIRECTION,DIVIDED - W/MEDIAN (NOT RAISED),,STRAIGHT AND LEVEL,DRY,NO DEFECTS,NOT ON SCENE (DESK REPORT),NO INJURY / DRIVE AWAY,,,,"OVER $1,500",08/07/2025 04:00:00 PM,UNABLE TO DETERMINE,FOLLOWING TOO CLOSELY,400,S,LAKE SHORE DR SB,114,,,,,,,2,NO INDICATION OF INJURY,0,0,0,0,0,2,0,14,3,8,41.8770366926,-87.6175463867,POINT (-87.617546386744 41.877036692607)
52d907d4aff0232c2471b7a0eeb28f901a58300cfb4ee7d4b37227fbe9bd86dca3e6f3ab33775d5ff9f41cf09143f936db20edfbaa58c19eacb99421448ddf02,,08/05/2025 02:30:00 PM,30,UNKNOWN,UNKNOWN,UNKNOWN,UNKNOWN,TURNING,UNKNOWN,,STRAIGHT AND LEVEL,UNKNOWN,UNKNOWN,,NO INJURY / DRIVE AWAY,,,Y,"OVER $1,500",08/05/2025 04:40:00 PM,UNABLE TO DETERMINE,NOT APPLICABLE,6758,W,BELMONT AVE,1632,,,,,,,2,NO INDICATION OF INJURY,0,0,0,0,0,4,0,14,3,8,41.9382690733,-87.7956394558,POINT (-87.79563945579 41.938269073258)
5dd80983f9fb9b5a6716a19b41525be92b81832e8539c9ffa0d7662760e7d880b6cf8183f1ba34f06272be79d57528ca31c8a176fbe3c958cd786b7dc397f7b7,Y,08/05/2025 02:30:00 PM,30,NO CONTROLS,NO CONTROLS,CLEAR,DAYLIGHT,REAR END,DIVIDED - W/MEDIAN (NOT RAISED),,STRAIGHT AND LEVEL,DRY,NO DEFECTS,NOT ON SCENE (DESK REPORT),INJURY AND / OR TOW DUE TO CRASH,,,,"$501 - $1,500",08/14/2025 08:40:00 AM,DRIVING SKILLS/KNOWLEDGE/EXPERIENCE,NOT APPLICABLE,6472,W,NORTH AVE,2513,,,,,,,2,"REPORTED, NOT EVIDENT",1,0,0,0,1,1,0,14,3,8,41.9092214333,-87.7879441681,POINT (-87.787944168147 41.909221433326)
6e5e7726016c01b5a8a4ed25b3cef48af575e9d6273f6b07e7e928d46ceae6ae3bb34846656717b01ce178d39831413ce2b051e435ff0a22e4a57452914d99a4,,08/05/2025 02:30:00 PM,30,TRAFFIC SIGNAL,NO CONTROLS,CLEAR,DAYLIGHT,REAR END,FOUR WAY,,STRAIGHT AND LEVEL,DRY,NO DEFECTS,ON SCENE,INJURY AND / OR TOW DUE TO CRASH,,,,"OVER $1,500",08/05/2025 02:36:00 PM,UNABLE TO DETERMINE,NOT APPLICABLE,6358,N,WESTERN AVE,2413,,,,,,,3,NO INDICATION OF INJURY,0,0,0,0,0,3,0,14,3,8,41.9976362099,-87.6900270995,POINT (-87.690027099534 41.997636209905)
cbbb2660ae1a6111aa34e3ea6e710a62cedf80e65088b5cb64719726f696f10dc0faff619e4cbb5f3688ac66972ac017b03d5cf604865ddedbeb37a543d41785,,08/05/2025 02:27:00 PM,30,TRAFFIC SIGNAL,UNKNOWN,CLEAR,DAYLIGHT,REAR END,FOUR WAY,,STRAIGHT AND LEVEL,UNKNOWN,UNKNOWN,NOT ON SCENE (DESK REPORT),NO INJURY / DRIVE AWAY,,,,"OVER $1,500",08/05/2025 03:00:00 PM,UNABLE TO DETERMINE,NOT APPLICABLE,1313,W,GRAND AVE,1215,,,,,,,2,NO INDICATION OF INJURY,0,0,0,0,0,4,0,14,3,8,41.8909439752,-87.6595459204,POINT (-87.659545920423 41.890943975212)
c5b44818859bb072385f91cfa1030102bc9a82dd26a2fbf12f8190475dd3a6b6dadc007fb07f78845eb109b6b59936745735a012f4a8a9a798e343684708b6de,,08/05/2025 02:26:00 PM,30,NO CONTROLS,NO CONTROLS,CLEAR,"DARKNESS, LIGHTED ROAD",SIDESWIPE SAME DIRECTION,ONE-WAY,,STRAIGHT AND LEVEL,DRY,NO DEFECTS,NOT ON SCENE (DESK REPORT),NO INJURY / DRIVE AWAY,,,,"OVER $1,500",08/06/2025 12:52:00 AM,IMPROPER OVERTAKING/PASSING,IMPROPER OVERTAKING/PASSING,2300,W,GARFIELD BLVD,932,Y,Y,,,,,2,NO INDICATION OF INJURY,0,0,0,0,0,2,0,14,3,8,41.7939484023,-87.6813397236,POINT (-87.68133972357 41.793948402256)
83162fb8d5e3805a5dd7aae7497ee0e5399ecad06194ec7f052826d6cbf4bfe7a607e94faabbc0e533adbab1b6dfbd581c2951d0f110381cbaf7873bb07e20be,,08/05/2025 02:20:00 PM,30,OTHER WARNING SIGN,FUNCTIONING PROPERLY,CLEAR,DAYLIGHT,FIXED OBJECT,NOT DIVIDED,,STRAIGHT AND LEVEL,DRY,NO DEFECTS,NOT ON SCENE (DESK REPORT),NO INJURY / DRIVE AWAY,,,,"$501 - $1,500",08/09/2025 12:35:00 PM,UNABLE TO DETERMINE,UNABLE TO DETERMINE,1521,E,73RD ST,324,,,,Y,CONSTRUCTION,,1,NO INDICATION OF INJURY,0,0,0,0,0,1,0,14,3,8,41.7622899328,-87.5876559547,POINT (-87.587655954683 41.762289932804)
99d8ec4e10beca82bd39aab182aa01d90a3be9c2140312d39306e45ca1d02d77a2194d1a4423da67cc1fad6f9e49bf99a35789f09c2fd715f9c346baff695651,,08/05/2025 02:15:00 PM,25,NO CONTROLS,NO CONTROLS,CLEAR,DAYLIGHT,ANGLE,ONE-WAY,,STRAIGHT AND LEVEL,DRY,NO DEFECTS,NOT ON SCENE (DESK REPORT),NO INJURY / DRIVE AWAY,,,Y,"OVER $1,500",08/05/2025 03:00:00 PM,UNABLE TO DETERMINE,UNABLE TO DETERMINE,247,N,KILPATRICK AVE,1113,,,,,,,2,NO INDICATION OF INJURY,0,0,0,0,0,2,0,14,3,8,41.8845807514,-87.7428235639,POINT (-87.742823563929 41.88458075142)
6412191309aff34ab397cf55ff78d16de3ba23795e39a359fb73641e6c265c17eac59de5181ec3347b59995296bf42ff19bf1221ae4c93b1cfb04707043dc9c6,,08/05/2025 02:10:00 PM,20,NO CONTROLS,NO CONTROLS,CLEAR,DAYLIGHT,PEDALCYCLIST,L-INTERSECTION,,STRAIGHT AND LEVEL,DRY,NO DEFECTS,NOT ON SCENE (DESK REPORT),INJURY AND / OR TOW DUE TO CRASH,Y,,Y,"OVER $1,500",08/12/2025 05:45:00 PM,UNABLE TO DETERMINE,UNABLE TO DETERMINE,2632,W,57TH ST,824,,,,,,,2,NONINCAPACITATING INJURY,1,0,0,1,0,1,0,14,3,8,41.790217406,-87.6901835578,POINT (-87.690183557801 41.790217405968)
af3ae07e4048c6dbc123315643426ea0149515f1daab1d75705f5f39a66c6161ff1cc0ed6a12013d05555619e9b275d342f162d722d71a9964307373e2b9d8a9,,08/05/2025 02:10:00 PM,30,TRAFFIC SIGNAL,FUNCTIONING PROPERLY,CLEAR,DAYLIGHT,TURNING,NOT DIVIDED,,STRAIGHT AND LEVEL,DRY,NO DEFECTS,ON SCENE,INJURY AND / OR TOW DUE TO CRASH,,,,"OVER $1,500",08/05/2025 02:50:00 PM,IMPROPER TURNING/NO SIGNAL,IMPROPER TURNING/NO SIGNAL,500,N,ORLEANS ST,1831,,,,,,,2,NO INDICATION OF INJURY,0,0,0,0,0,2,0,14,3,8,41.8907818776,-87.6371577369,POINT (-87.637157736892 41.890781877557)
6c60aa8ce46d8c95b6d733e7d8e4e38e62cbe82abe518bcef5b5d8b823407749a6b2e0c780c43076a4768a945dfaa82e495af8c4cd096713bf6175132a32c0ae,,08/05/2025 02:07:00 PM,30,TRAFFIC SIGNAL,NO CONTROLS,CLEAR,DAYLIGHT,FIXED OBJECT,NOT DIVIDED,,STRAIGHT AND LEVEL,DRY,NO DEFECTS,ON SCENE,NO INJURY / DRIVE AWAY,Y,,,"OVER $1,500",08/05/2025 02:07:00 PM,DRIVING SKILLS/KNOWLEDGE/EXPERIENCE,DRIVING SKILLS/KNOWLEDGE/EXPERIENCE,1800,W,DIVISION ST,1424,,,,,,,1,NO INDICATION OF INJURY,0,0,0,0,0,1,0,14,3,8,41.9033756192,-87.6724295832,POINT (-87.672429583224 41.903375619156)
cecb610878cace0124ba5e76f8884f02279971dd712b1f6527f2fb582c17b14122a45039a6b141f4a83aa749a0fd755b5e8910735776f7110195565383468108,,08/05/2025 02:05:00 PM,30,NO CONTROLS,NO CONTROLS,CLEAR,DAYLIGHT,REAR END,DIVIDED - W/MEDIAN (NOT RAISED),,STRAIGHT AND LEVEL,DRY,NO DEFECTS,ON SCENE,INJURY AND / OR TOW DUE TO CRASH,,,,"OVER $1,500",08/05/2025 02:05:00 PM,UNABLE TO DETERMINE,DRIVING SKILLS/KNOWLEDGE/EXPERIENCE,6337,S,ARCHER AVE,811,,,,,,,2,"REPORTED, NOT EVIDENT",1,0,0,0,1,1,0,14,3,8,41.7928075316,-87.7796751477,POINT (-87.77967514769 41.792807531573)
0f967f786cd1b84c2b2ebd6298ed4532290013445b4263aaaa6bd2d4b729bc522e4a86d646f2d410cd01b1b9ad43e48874cfffcecf8c81c8205fedf778c178c2,,08/05/2025 02:00:00 PM,15,NO CONTROLS,NO CONTROLS,CLEAR,DAYLIGHT,OTHER OBJECT,ALLEY,,STRAIGHT AND LEVEL,DRY,UNKNOWN,ON SCENE,NO INJURY / DRIVE AWAY,,,,"OVER $1,500",08/06/2025 03:53:00 PM,IMPROPER BACKING,UNABLE TO DETERMINE,5916,W,LAKE ST,1512,,,,,,,1,NO INDICATION OF INJURY,0,0,0,0,0,1,0,14,3,8,41.888066973,-87.7727922789,POINT (-87.772792278918 41.888066973009)
13478d6fb56af9a69af1ad77140527369bcae723f596b43bbaa73c3321947864df1e29d27a8bc3d28cf1ef32f1f235009521ef5ae84b8021113f8b6ae47772ca,,08/05/2025 02:00:00 PM,30,UNKNOWN,UNKNOWN,CLEAR,DAYLIGHT,REAR END,NOT DIVIDED,,STRAIGHT AND LEVEL,DRY,NO DEFECTS,,NO INJURY / DRIVE AWAY,,,N,"OVER $1,500",08/05/2025 02:20:00 PM,FAILING TO YIELD RIGHT-OF-WAY,NOT APPLICABLE,8800,S,HALSTED ST,2223,,,,,,,2,NO INDICATION OF INJURY,0,0,0,0,0,2,0,14,3,8,41.7342226305,-87.6437125899,POINT (-87.643712589891 41.734222630546)
30d51edb3663350130ab9937f8c2b75679f0a07443cd0d12ede84023ddaa724c06b2b42cc85ad322d2a7701c4fd0cb6e80ff114eae7898146549c0c745d36d5b,,08/05/2025 02:00:00 PM,30,NO CONTROLS,NO CONTROLS,CLEAR,DAYLIGHT,SIDESWIPE SAME DIRECTION,NOT DIVIDED,,STRAIGHT AND LEVEL,UNKNOWN,UNKNOWN,NOT ON SCENE (DESK REPORT),NO INJURY / DRIVE AWAY,,,,"OVER $1,500",08/05/2025 02:38:00 PM,UNABLE TO DETERMINE,NOT APPLICABLE,6450,N,CALIFORNIA AVE,2412,,,,,,,2,NO INDICATION OF INJURY,0,0,0,0,0,4,0,14,3,8,41.9990669456,-87.6998357734,POINT (-87.699835773387 41.999066945576)
8ac03512bbc1c25a9e56acd87f96a9f5b459a20ccdf015b8e0addf7238a4ba155b847799b15c6c53dc863e1ca20cc1a6c281ad8b95a98b9cb4a0f609141da4dc,,08/05/2025 02:00:00 PM,30,TRAFFIC SIGNAL,FUNCTIONING PROPERLY,CLEAR,DAYLIGHT,SIDESWIPE SAME DIRECTION,FOUR WAY,,STRAIGHT AND LEVEL,DRY,NO DEFECTS,NOT ON SCENE (DESK REPORT),NO INJURY / DRIVE AWAY,Y,Y,Y,"OVER $1,500",08/07/2025 02:00:00 PM,FAILING TO YIELD RIGHT-OF-WAY,FAILING TO YIELD RIGHT-OF-WAY,1200,S,RUBLE ST,1232,,,,,,,2,NO INDICATION OF INJURY,0,0,0,0,0,2,0,14,3,8,41.8671342083,-87.6442375198,POINT (-87.644237519792 41.867134208293)
bcd6a16c0b4b3e24ad885abf66208d4f5018836f4d7b689a8abda859edc962045e8ea5aabaf3d0d8738e2c88de32240219f57a1057ba1b010965c7afd318abcf,Y,08/05/2025 02:00:00 PM,30,NO CONTROLS,NO CONTROLS,UNKNOWN,UNKNOWN,PARKED MOTOR VEHICLE,NOT DIVIDED,,STRAIGHT AND LEVEL,UNKNOWN,UNKNOWN,NOT ON SCENE (DESK REPORT),NO INJURY / DRIVE AWAY,,,Y,"$501 - $1,500",08/07/2025 04:00:00 PM,UNABLE TO DETERMINE,UNABLE TO DETERMINE,5322,S,DREXEL AVE,233,,,,,,,2,NO INDICATION OF INJURY,0,0,0,0,0,1,0,14,3,8,41.7979400188,-87.6040345164,POINT (-87.604034516402 41.797940018777)
d28f461d268792059d34f4fe21695cdecca3eabb12720814fad78e4f5cae2be3507011328bdb91593d2ef74a38124866ca867b60504ff6d2f8cd3bf940a51523,,08/05/2025 02:00:00 PM,30,TRAFFIC SIGNAL,FUNCTIONING PROPERLY,CLEAR,DAYLIGHT,SIDESWIPE SAME DIRECTION,ONE-WAY,,STRAIGHT AND LEVEL,DRY,NO DEFECTS,ON SCENE,NO INJURY / DRIVE AWAY,N,,,"OVER $1,500",08/05/2025 02:05:00 PM,IMPROPER OVERTAKING/PASSING,NOT APPLICABLE,140,W,47TH ST,215,,,,,,,3,NO INDICATION OF INJURY,0,0,0,0,0,4,0,14,3,8,41.8093379598,-87.6297559012,POINT (-87.629755901236 41.809337959787)
fc40e3146ab8b8e0437eba632bcea7c02035ec8068cdf1dd33f1642d3b78ef0834051a664c34a13f4ae0ed5b8076d8671eb2b8093c2613bbc49d890e082184bc,,08/05/2025 02:00:00 PM,30,TRAFFIC SIGNAL,FUNCTIONING PROPERLY,CLEAR,DAYLIGHT,ANGLE,NOT DIVIDED,,STRAIGHT AND LEVEL,DRY,NO DEFECTS,ON SCENE,NO INJURY / DRIVE AWAY,Y,,,"OVER $1,500",08/05/2025 02:10:00 PM,FAILING TO YIELD RIGHT-OF-WAY,NOT APPLICABLE,3000,N,CENTRAL AVE,2514,,,,,,,3,NO INDICATION OF INJURY,0,0,0,0,0,3,0,14,3,8,41.9350160299,-87.766522647,POINT (-87.766522646964 41.935016029873)
b751eff2cb77985ac6b2de5a0394a58611d3265f19c1e06b9cb376d877d264662dc1d462db489d16bc0eb33626d082079f8c63565eff0c453a75839bac727faf,,08/05/2025 01:41:00 PM,30,NO CONTROLS,NO CONTROLS,CLEAR,DAYLIGHT,SIDESWIPE SAME DIRECTION,NOT DIVIDED,,STRAIGHT AND LEVEL,DRY,NO DEFECTS,ON SCENE,NO INJURY / DRIVE AWAY,,,,"$501 - $1,500",08/05/2025 01:41:00 PM,FAILING TO YIELD RIGHT-OF-WAY,DRIVING SKILLS/KNOWLEDGE/EXPERIENCE,4858,S,ARCHER AVE,821,,,,,,,2,NO INDICATION OF INJURY,0,0,0,0,0,2,0,13,3,8,41.8050056855,-87.7192794239,POINT (-87.71927942386 41.805005685453)
d8af6975f5b9b981cbfabd80b4a81b2baa4e92d90ecbabf301baf1df39c89947d77498dca09f688f8fbad082451ddf3d45060a2063f34ac68d0829aa9f5ba2cb,,08/05/2025 01:35:00 PM,35,NO CONTROLS,NO CONTROLS,CLEAR,DAYLIGHT,REAR END,NOT DIVIDED,,STRAIGHT AND LEVEL,DRY,SHOULDER DEFECT,ON SCENE,INJURY AND / OR TOW DUE TO CRASH,,,,"OVER $1,500",08/05/2025 01:40:00 PM,UNABLE TO DETERMINE,UNABLE TO DETERMINE,8325,S,CICERO AVE,834,,,,,,,2,NO INDICATION OF INJURY,0,0,0,0,0,2,0,13,3,8,41.7411341732,-87.7409304833,POINT (-87.74093048325 41.741134173227)
006ca3040243e4410af6cf9d14ec8cd51f61d09192c84494efa41b893f1d6b5f3eaaec94d9d394a7f8445f40e5c51dba6d11925c3f747c3615b820917f7c0333,,08/05/2025 01:30:00 PM,30,NO CONTROLS,NO CONTROLS,CLEAR,DAYLIGHT,PARKED MOTOR VEHICLE,DIVIDED - W/MEDIAN (NOT RAISED),,STRAIGHT AND LEVEL,DRY,NO DEFECTS,NOT ON SCENE (DESK REPORT),NO INJURY / DRIVE AWAY,,,,"OVER $1,500",08/05/2025 04:40:00 PM,UNABLE TO DETERMINE,UNABLE TO DETERMINE,5757,W,FULLERTON AVE,2515,,,,,,,2,NO INDICATION OF INJURY,0,0,0,0,0,1,0,13,3,8,41.9237980043,-87.7707114056,POINT (-87.770711405555 41.923798004272)
bda0c27587db339b923c9db12154b5fcb36e0fbdd0df4cb647ffe645b751a622b2933943c220a0b9de9ea3b9f990860c85e056121a859683ee14525c754825bf,,08/05/2025 01:30:00 PM,30,NO CONTROLS,NO CONTROLS,CLEAR,DAYLIGHT,REAR END,NOT DIVIDED,,STRAIGHT AND LEVEL,DRY,NO DEFECTS,ON SCENE,INJURY AND / OR TOW DUE TO CRASH,,,,"OVER $1,500",08/05/2025 01:30:00 PM,FOLLOWING TOO CLOSELY,FOLLOWING TOO CLOSELY,3737,N,PULASKI RD,1732,,,,,,,2,"REPORTED, NOT EVIDENT",2,0,0,0,2,0,0,13,3,8,41.9492925937,-87.7273381809,POINT (-87.727338180874 41.949292593736)
8f10c0cd1b20a72d06b0f98b0ed193a6efcd97c988cc1dd6b848f6ec056de02ac171b561db87987bb15894a90af774a159576cc81fdaaf842882c7dc47c33659,,08/05/2025 01:20:00 PM,30,NO CONTROLS,NO CONTROLS,CLEAR,DAYLIGHT,PARKED MOTOR VEHICLE,NOT DIVIDED,,STRAIGHT AND LEVEL,DRY,NO DEFECTS,ON SCENE,NO INJURY / DRIVE AWAY,,,Y,"OVER $1,500",08/05/2025 01:20:00 PM,DRIVING SKILLS/KNOWLEDGE/EXPERIENCE,NOT APPLICABLE,4534,S,WOOD ST,924,,,,,,,2,NO INDICATION OF INJURY,0,0,0,0,0,1,0,13,3,8,41.8111446312,-87.670046095,POINT (-87.670046095046 41.81114463119)
a1d7dd80cc1b93531988ff35ee010b5172818f517d28a3fe0940896deba6792be3164923986b23ade2eb9c438739f853575ec39f75703ce54a6a3bfe09293ea3,Y,08/05/2025 01:20:00 PM,30,TRAFFIC SIGNAL,UNKNOWN,CLEAR,DAYLIGHT,TURNING,NOT DIVIDED,,STRAIGHT AND LEVEL,DRY,NO DEFECTS,ON SCENE,INJURY AND / OR TOW DUE TO CRASH,,,,"OVER $1,500",08/05/2025 01:59:00 PM,FAILING TO YIELD RIGHT-OF-WAY,DRIVING SKILLS/KNOWLEDGE/EXPERIENCE,5803,N,BROADWAY,2022,,,,,,,2,NO INDICATION OF INJURY,0,0,0,0,0,3,0,13,3,8,41.987362026,-87.6600369911,POINT (-87.660036991142 41.987362025988)
f310e983849ba14ea31830e85ab5d11d40e3f8683c47ad54835eedc9ba80aa99090bca8d6ba47e7ae9f3d824f18fecb8d3dc91438b03155048a35d7f5e02ffec,,08/05/2025 01:15:00 PM,30,TRAFFIC SIGNAL,FUNCTIONING PROPERLY,CLEAR,DAYLIGHT,REAR END,DIVIDED - W/MEDIAN (NOT RAISED),,STRAIGHT AND LEVEL,DRY,NO DEFECTS,NOT ON SCENE (DESK REPORT),NO INJURY / DRIVE AWAY,,,,"OVER $1,500",08/05/2025 03:00:00 PM,FOLLOWING TOO CLOSELY,UNABLE TO DETERMINE,2739,N,PULASKI RD,2524,,,,,,,3,NO INDICATION OF INJURY,0,0,0,0,0,3,0,13,3,8,41.9311593527,-87.726813385,POINT (-87.726813385002 41.931159352731)
807dd1af905d25d401e21beddd2175d587b6bd3c1884233c0dded3e74e5ac8a32cfa12510ab47a951bdbc0b5b0637b5d3c9d87d80614ddb2c234c8261146e4a0,,08/05/2025 01:12:00 PM,30,TRAFFIC SIGNAL,FUNCTIONING PROPERLY,CLEAR,DAYLIGHT,TURNING,T-INTERSECTION,,STRAIGHT AND LEVEL,DRY,NO DEFECTS,NOT ON SCENE (DESK REPORT),NO INJURY / DRIVE AWAY,,,,"$501 - $1,500",08/05/2025 03:20:00 PM,UNABLE TO DETERMINE,NOT APPLICABLE,6311,S,CALUMET AVE,312,,,,,,,2,NO INDICATION OF INJURY,0,0,0,0,0,2,0,13,3,8,41.7797970049,-87.6171749424,POINT (-87.617174942397 41.779797004907)
8216926230a4b7ca0a0674ed120fe9b3611307567c3513bd91b2e524d1c351381b56b04572b7474a3ba91a92e786267e7c153f5935a0e0cb7b7520bb8bdf2d56,,08/05/2025 01:10:00 PM,30,UNKNOWN,UNKNOWN,CLEAR,DAYLIGHT,PARKED MOTOR VEHICLE,NOT DIVIDED,,STRAIGHT AND LEVEL,UNKNOWN,UNKNOWN,NOT ON SCENE (DESK REPORT),NO INJURY / DRIVE AWAY,,,,"OVER $1,500",08/05/2025 03:30:00 PM,UNABLE TO DETERMINE,UNABLE TO DETERMINE,66,W,OAK ST,1824,,,,,,,2,NO INDICATION OF INJURY,0,0,0,0,0,1,0,13,3,8,41.9006702853,-87.6308416959,POINT (-87.630841695886 41.900670285306)
825ce1c1ecb3f052bbb73d3fb99bb935bf32586f2b7abe7136d952dfaa42525477e823c8cafbc7db302a5359256664eb692aa0248aad949e2527f176c4f96913,,08/05/2025 01:10:00 PM,35,NO CONTROLS,NO CONTROLS,CLEAR,DAYLIGHT,ANGLE,FOUR WAY,,STRAIGHT AND LEVEL,DRY,NO DEFECTS,ON SCENE,INJURY AND / OR TOW DUE TO CRASH,Y,,,"OVER $1,500",08/05/2025 01:14:00 PM,"VISION OBSCURED (SIGNS, TREE LIMBS, BUILDINGS, ETC.)",UNABLE TO DETERMINE,3331,N,LARAMIE AVE,1634,,,,,,,2,NO INDICATION OF INJURY,0,0,0,0,0,2,0,13,3,8,41.9414862256,-87.756634639,POINT (-87.756634639023 41.941486225645)
3a22843bebc3c75eb2d7fd4db83884f7e2017e93d84998528b6b867bfc533b7be77eb06739d2c1fae2e6bd44e77c4088354985412d14d742a0be00dcb034ad08,,08/05/2025 01:05:00 PM,30,NO CONTROLS,NO CONTROLS,CLEAR,DAYLIGHT,TURNING,NOT DIVIDED,,STRAIGHT AND LEVEL,DRY,NO DEFECTS,NOT ON SCENE (DESK REPORT),NO INJURY / DRIVE AWAY,,,,"OVER $1,500",08/05/2025 01:40:00 PM,"VISION OBSCURED (SIGNS, TREE LIMBS, BUILDINGS, ETC.)",FAILING TO YIELD RIGHT-OF-WAY,10420,S,KEDZIE AVE,2211,,,,,,,2,NO INDICATION OF INJURY,0,0,0,0,0,2,0,13,3,8,41.7036914629,-87.7014049368,POINT (-87.701404936779 41.703691462876)
0f38be3f03aa7eac68b21c3d45f758475fc983b1143fa1ebeb12bf0bc463f2f148ca99778fe54aea66ab518c9ae5da83653adc5ccaf93e25e9ec9c0ed08a1aab,,08/05/2025 01:00:00 PM,25,NO CONTROLS,NO CONTROLS,CLEAR,DAYLIGHT,ANGLE,NOT DIVIDED,,STRAIGHT AND LEVEL,DRY,NO DEFECTS,ON SCENE,INJURY AND / OR TOW DUE TO CRASH,,,,"OVER $1,500",08/05/2025 01:05:00 PM,NOT APPLICABLE,NOT APPLICABLE,6405,N,LEAVITT ST,2412,,,,,,,2,NO INDICATION OF INJURY,0,0,0,0,0,2,0,13,3,8,41.9980190772,-87.6848702135,POINT (-87.684870213467 41.998019077175)
12f26e84b22db3ad8348763f75f935dbcbfa5489e8cc1f44fc47b7972dca78e23d9681e693797156860812cb42d42809cd2e44b87f7a44ad44ad8eb0835e3b82,,08/05/2025 01:00:00 PM,15,NO CONTROLS,NO CONTROLS,CLEAR,DAYLIGHT,OTHER OBJECT,DRIVEWAY,,STRAIGHT AND LEVEL,DRY,NO DEFECTS,NOT ON SCENE (DESK REPORT),NO INJURY / DRIVE AWAY,,,Y,"OVER $1,500",08/06/2025 01:15:00 PM,FOLLOWING TOO CLOSELY,NOT APPLICABLE,11116,S,LONGWOOD DR,2212,,,,,,,1,NO INDICATION OF INJURY,0,0,0,0,0,1,0,13,3,8,41.6913742464,-87.6722125002,POINT (-87.672212500231 41.691374246404)