CRASH_RECORD_ID,CRASH_DATE_EST_I,CRASH_DATE,POSTED_SPEED_LIMIT,TRAFFIC_CONTROL_DEVICE,DEVICE_CONDITION,WEATHER_CONDITION,LIGHTING_CONDITION,FIRST_CRASH_TYPE,TRAFFICWAY_TYPE,LANE_CNT,ALIGNMENT,ROADWAY_SURFACE_COND,ROAD_DEFECT,REPORT_TYPE,CRASH_TYPE,INTERSECTION_RELATED_I,NOT_RIGHT_OF_WAY_I,HIT_AND_RUN_I,DAMAGE,DATE_POLICE_NOTIFIED,PRIM_CONTRIBUTORY_CAUSE,SEC_CONTRIBUTORY_CAUSE,STREET_NO,STREET_DIRECTION,STREET_NAME,BEAT_OF_OCCURRENCE,PHOTOS_TAKEN_I,STATEMENTS_TAKEN_I,DOORING_I,WORK_ZONE_I,WORK_ZONE_TYPE,WORKERS_PRESENT_I,NUM_UNITS,MOST_SEVERE_INJURY,INJURIES_TOTAL,INJURIES_FATAL,INJURIES_INCAPACITATING,INJURIES_NON_INCAPACITATING,INJURIES_REPORTED_NOT_EVIDENT,INJURIES_NO_INDICATION,INJURIES_UNKNOWN,CRASH_HOUR,CRASH_DAY_OF_WEEK,CRASH_MONTH,LATITUDE,LONGITUDE,LOCATION
32005100bebbefc6b090c41dc9ddf476f8e6a8c1fce760931745ad20f156a8df620a36b51a5774f556ace43506beb5070888c9ea1abcd29bcab4f4986145b8e9,,08/05/2025 01:00:00 PM,30,STOP SIGN/FLASHER,NO CONTROLS,CLEAR,DAYLIGHT,PEDESTRIAN,NOT DIVIDED,,STRAIGHT AND LEVEL,DRY,NO DEFECTS,NOT ON SCENE (DESK REPORT),INJURY AND / OR TOW DUE TO CRASH,,,Y,$500 OR LESS,08/11/2025 03:10:00 PM,FAILING TO YIELD RIGHT-OF-WAY,NOT APPLICABLE,2008,S,ASHLAND AVE,1234,,,,,,,2,NONINCAPACITATING INJURY,1,0,0,1,0,1,0,13,3,8,41.8547676729,-87.6662123306,POINT (-87.666212330583 41.854767672857)
5290f3d423b5f5996437e4d9685c4e94a9e0e483b05e60887ebc25cc63abd038dbecba62a809df186f5bef63fd78405e02c7c35a64152f8fc37bc8157c91c995,,08/05/2025 01:00:00 PM,30,TRAFFIC SIGNAL,FUNCTIONING PROPERLY,CLEAR,DAYLIGHT,REAR END,NOT DIVIDED,,STRAIGHT AND LEVEL,DRY,NO DEFECTS,NOT ON SCENE (DESK REPORT),INJURY AND / OR TOW DUE TO CRASH,,,,"OVER $1,500",08/05/2025 01:30:00 PM,UNABLE TO DETERMINE,NOT APPLICABLE,87,S,DAMEN AVE,1223,,,,,,,2,"REPORTED, NOT EVIDENT",2,0,0,0,2,0,0,13,3,8,41.8800803706,-87.676466724,POINT (-87.676466724049 41.880080370599)
6ce7dfef77f9073105db8434b6aaf5e3fc8648d9ece1f3a540dfd0acddbcb4daecbf149fe82091dfdc582ef8849c769854ec2f8933aa94d474952eb35fb93548,,08/05/2025 01:00:00 PM,30,NO CONTROLS,NO CONTROLS,CLEAR,DAYLIGHT,PARKED MOTOR VEHICLE,DIVIDED - W/MEDIAN (NOT RAISED),,STRAIGHT AND LEVEL,DRY,UNKNOWN,NOT ON SCENE (DESK REPORT),NO INJURY / DRIVE AWAY,,,Y,"$501 - $1,500",08/05/2025 01:00:00 PM,UNABLE TO DETERMINE,NOT APPLICABLE,2083,W,ARMITAGE AVE,1434,Y,,,,,,2,NO INDICATION OF INJURY,0,0,0,0,0,1,0,13,3,8,41.9176002753,-87.6799670112,POINT (-87.679967011239 41.917600275331)
cf754219241f61de21a305f494ea31b7e7a1afeac5b5e7b12970b1932df2fac4a34327c5c76eae8ea22e56eb15a93a904d296b61547a7ea8452a9d1457dc9285,,08/05/2025 01:00:00 PM,10,STOP SIGN/FLASHER,FUNCTIONING PROPERLY,CLEAR,DAYLIGHT,ANGLE,PARKING LOT,,STRAIGHT AND LEVEL,DRY,NO DEFECTS,NOT ON SCENE (DESK REPORT),NO INJURY / DRIVE AWAY,,Y,,"OVER $1,500",08/05/2025 02:35:00 PM,UNABLE TO DETERMINE,UNABLE TO DETERMINE,6420,W,FULLERTON AVE,2512,,,,,,,2,NO INDICATION OF INJURY,0,0,0,0,0,2,0,13,3,8,41.9237817967,-87.7862536744,POINT (-87.786253674433 41.92378179667)
ebe0763a0ab7527853f2b92b30048233613eaee7aeeda504a9e7102e9a76f3991484897bb1b7521300f4bbf7575eb1b30b0052036d73824d06d1bafbca5f1fe5,,08/05/2025 01:00:00 PM,35,NO CONTROLS,NO CONTROLS,CLEAR,DAYLIGHT,REAR END,NOT DIVIDED,,STRAIGHT AND LEVEL,DRY,NO DEFECTS,NOT ON SCENE (DESK REPORT),NO INJURY / DRIVE AWAY,,,Y,"$501 - $1,500",08/05/2025 02:00:00 PM,UNABLE TO DETERMINE,NOT APPLICABLE,5140,W,DIVERSEY AVE,2521,,,,,,,2,NO INDICATION OF INJURY,0,0,0,0,0,3,0,13,3,8,41.931520623,-87.7556129921,POINT (-87.755612992086 41.931520622962)
6db5cb16d00fcb7412df7b2d7b0cb3520ce6fdfcec18a8b84b488fd450a78ec08ea1c616377d2919961df297fd03ebb65473828226daa38c91a8a30b3f7e900d,,08/05/2025 12:59:00 PM,30,UNKNOWN,UNKNOWN,CLEAR,DAYLIGHT,ANGLE,FOUR WAY,,STRAIGHT AND LEVEL,DRY,NO DEFECTS,ON SCENE,INJURY AND / OR TOW DUE TO CRASH,Y,,,"OVER $1,500",08/05/2025 01:12:00 PM,DISREGARDING TRAFFIC SIGNALS,DISREGARDING TRAFFIC SIGNALS,2401,W,MADISON ST,1125,,,,,,,2,NO INDICATION OF INJURY,0,0,0,0,0,4,0,12,3,8,41.8810509889,-87.6865321683,POINT (-87.686532168279 41.881050988942)
db08e9480235f7825eb6bea34f7ccac6458af83b0412a2e9eeb5c8c3b8936ae41233d9bdc99927d86d143752ad8fdd2e1b3b2c197a87ed3dfefec09a7117576a,,08/05/2025 12:53:00 PM,30,STOP SIGN/FLASHER,FUNCTIONING PROPERLY,CLEAR,DAYLIGHT,TURNING,NOT DIVIDED,,STRAIGHT AND LEVEL,DRY,NO DEFECTS,NOT ON SCENE (DESK REPORT),NO INJURY / DRIVE AWAY,,,,"$501 - $1,500",08/05/2025 04:10:00 PM,FAILING TO YIELD RIGHT-OF-WAY,FAILING TO YIELD RIGHT-OF-WAY,3000,S,KOSTNER AVE,1031,,,,,,,2,NO INDICATION OF INJURY,0,0,0,0,0,2,0,12,3,8,41.8385324659,-87.7342677722,POINT (-87.734267772157 41.838532465925)
df2e15acafba14addaa47da32bf0bd35c7b4bfb5e9870223ade307ffe89b53cbbca41aa58c194299d40fff23a10ba5dfa26a02a520b11dc6a28c162a9713dc0e,Y,08/05/2025 12:45:00 PM,30,TRAFFIC SIGNAL,FUNCTIONING PROPERLY,CLEAR,DAYLIGHT,TURNING,FOUR WAY,,STRAIGHT AND LEVEL,DRY,UNKNOWN,ON SCENE,NO INJURY / DRIVE AWAY,,,Y,"$501 - $1,500",08/05/2025 01:05:00 PM,FAILING TO YIELD RIGHT-OF-WAY,IMPROPER OVERTAKING/PASSING,9500,S,DR MARTIN LUTHER KING JR DR,511,,,,,,,2,NO INDICATION OF INJURY,0,0,0,0,0,2,0,12,3,8,41.7217992199,-87.614287076,POINT (-87.614287075979 41.721799219894)
f1595bbd896da38eb0720edd074f8c8e57add81b83a9de356f4f5d26bd0b67d784093d696b61f429916c56351e7247586bee081503714b8e1a9fe3f5c1a5b568,,08/05/2025 12:45:00 PM,30,NO CONTROLS,NO CONTROLS,CLEAR,DAYLIGHT,TURNING,DIVIDED - W/MEDIAN (NOT RAISED),,STRAIGHT AND LEVEL,DRY,NO DEFECTS,NOT ON SCENE (DESK REPORT),NO INJURY / DRIVE AWAY,,,,"OVER $1,500",08/05/2025 02:30:00 PM,UNABLE TO DETERMINE,UNABLE TO DETERMINE,1735,W,PETERSON AVE,2012,,,,,,,2,NO INDICATION OF INJURY,0,0,0,0,0,2,0,12,3,8,41.9906812867,-87.6731298961,POINT (-87.673129896089 41.990681286665)
aa20ec3cf06bd6badb82f836527e3731b1f59021de2e58101dfcbb5c336e8b31001d45f02792d1fac22a676ade04ff3d9012bbfc92be16cbcd8051ca21408dda,,08/05/2025 12:32:00 PM,30,TRAFFIC SIGNAL,FUNCTIONING PROPERLY,CLEAR,DAYLIGHT,REAR END,"FIVE POINT, OR MORE",,STRAIGHT AND LEVEL,DRY,NO DEFECTS,ON SCENE,INJURY AND / OR TOW DUE TO CRASH,,,,"OVER $1,500",08/05/2025 12:36:00 PM,UNABLE TO DETERMINE,FOLLOWING TOO CLOSELY,7901,S,STONY ISLAND AVE,411,,,,,,,3,NONINCAPACITATING INJURY,5,0,0,3,2,0,0,12,3,8,41.7514429054,-87.5855058933,POINT (-87.585505893341 41.751442905351)
005e006b1e24d2607b47f435341fc655ff912ae02a0c17ce7280f44ab53092c7ba70f8f14e8a0dd017b862eced8b8398ffe6111ca8a6f530520f2754e3d466c0,,08/05/2025 12:30:00 PM,30,TRAFFIC SIGNAL,UNKNOWN,CLEAR,DAYLIGHT,REAR END,FOUR WAY,,STRAIGHT AND LEVEL,DRY,UNKNOWN,NOT ON SCENE (DESK REPORT),NO INJURY / DRIVE AWAY,,,,$500 OR LESS,08/05/2025 05:45:00 PM,UNABLE TO DETERMINE,UNABLE TO DETERMINE,5500,S,HOMAN AVE,822,Y,,,,,,2,NO INDICATION OF INJURY,0,0,0,0,0,2,0,12,3,8,41.7933489235,-87.7086022636,POINT (-87.708602263589 41.793348923517)
981182863f9336e0881643c82ff3d2d5eb56884240de53d99fd5d4474d418e660d34baff30ee2b68fa29f458dacb16db27e23a798f68f6028b7897e4f9c58940,,08/05/2025 12:30:00 PM,30,STOP SIGN/FLASHER,NO CONTROLS,CLEAR,DAYLIGHT,REAR END,FOUR WAY,,STRAIGHT AND LEVEL,DRY,NO DEFECTS,NOT ON SCENE (DESK REPORT),INJURY AND / OR TOW DUE TO CRASH,Y,,,"OVER $1,500",08/05/2025 04:00:00 PM,FOLLOWING TOO CLOSELY,UNABLE TO DETERMINE,1801,S,ASHLAND AVE,1233,,,,,,,2,"REPORTED, NOT EVIDENT",1,0,0,0,1,1,0,12,3,8,41.8577478444,-87.6659915643,POINT (-87.665991564265 41.85774784435)
b566b2cec9d28736a03f20ccc912c32ede03566a9009135da2c7695397b30eaf8a8d8253cf9103c4afc98a071c048e30b2c35bffc2fb88de59989f7ef9bfb3c7,Y,08/05/2025 12:30:00 PM,30,NO CONTROLS,NO CONTROLS,CLEAR,DAYLIGHT,PARKED MOTOR VEHICLE,DIVIDED - W/MEDIAN (NOT RAISED),,STRAIGHT AND LEVEL,DRY,NO DEFECTS,ON SCENE,NO INJURY / DRIVE AWAY,,,,"OVER $1,500",08/05/2025 02:19:00 PM,IMPROPER BACKING,DISTRACTION - FROM INSIDE VEHICLE,2400,S,KEELER AVE,1013,,,,,,,3,NO INDICATION OF INJURY,0,0,0,0,0,1,0,12,3,8,41.847419003,-87.7296532439,POINT (-87.729653243911 41.847419002997)
4ce5bf6ae89990e4ed43371b0ee4d19da3f83f49403894cf9ec1d4c958ef101149d34afcd28a4189132b25c6cc96328024d183ce5f18e7d3412ce9f0c08cee25,,08/05/2025 12:25:00 PM,30,TRAFFIC SIGNAL,FUNCTIONING PROPERLY,CLEAR,DAYLIGHT,REAR END,DIVIDED - W/MEDIAN (NOT RAISED),,STRAIGHT AND LEVEL,DRY,NO DEFECTS,NOT ON SCENE (DESK REPORT),NO INJURY / DRIVE AWAY,,,,"OVER $1,500",08/05/2025 04:05:00 PM,FOLLOWING TOO CLOSELY,NOT APPLICABLE,1800,S,DAMEN AVE,1234,,,,,,,2,NO INDICATION OF INJURY,0,0,0,0,0,2,0,12,3,8,41.8576146745,-87.6761400738,POINT (-87.676140073781 41.857614674497)
6f8265417f0b6da560a366adf50d7cf07b2e663e03307b01d10dbd4ad8d855c287be9cdd7cec6e4aa4dbb419df2cc5ce40657caa10706f83eada4d08baec4d9f,,08/05/2025 12:23:00 PM,30,NO CONTROLS,NO CONTROLS,CLEAR,DAYLIGHT,PEDALCYCLIST,DIVIDED - W/MEDIAN (NOT RAISED),,STRAIGHT AND LEVEL,DRY,NO DEFECTS,NOT ON SCENE (DESK REPORT),INJURY AND / OR TOW DUE TO CRASH,,,,"OVER $1,500",08/05/2025 12:43:00 PM,DRIVING SKILLS/KNOWLEDGE/EXPERIENCE,DRIVING SKILLS/KNOWLEDGE/EXPERIENCE,906,W,BELMONT AVE,1924,,,,,,,2,NONINCAPACITATING INJURY,1,0,0,1,0,1,0,12,3,8,41.9400537875,-87.6518877318,POINT (-87.651887731779 41.940053787479)
d91be8a6eb1a5b41f0ee22f02d2d4b1e6556f6cd2d554f26620082dcf32e7dde7a389cbc2126044c9c097cfe2c05a3d339259888f66c8c3b3eed9cc6ea7ed256,,08/05/2025 12:20:00 PM,30,STOP SIGN/FLASHER,FUNCTIONING PROPERLY,CLEAR,DAYLIGHT,TURNING,FOUR WAY,,STRAIGHT AND LEVEL,DRY,NO DEFECTS,ON SCENE,NO INJURY / DRIVE AWAY,Y,,,"OVER $1,500",08/05/2025 12:29:00 PM,IMPROPER TURNING/NO SIGNAL,IMPROPER LANE USAGE,1363,N,ASHLAND AVE,1433,,,,,,,2,NO INDICATION OF INJURY,0,0,0,0,0,2,0,12,3,8,41.9069102602,-87.6674407311,POINT (-87.667440731108 41.906910260174)
e0008af00d182bf712f4c623db8204d07c8bfcffc71b9850a96772700afde35ff3f67ffabddf3c5cccedf213d5065e3908e648391c8054f030ecf2d26c584d05,,08/05/2025 12:20:00 PM,30,NO CONTROLS,NO CONTROLS,CLEAR,DAYLIGHT,REAR END,DIVIDED - W/MEDIAN (NOT RAISED),,STRAIGHT AND LEVEL,UNKNOWN,UNKNOWN,NOT ON SCENE (DESK REPORT),NO INJURY / DRIVE AWAY,,,Y,"OVER $1,500",08/05/2025 01:20:00 PM,FOLLOWING TOO CLOSELY,FAILING TO REDUCE SPEED TO AVOID CRASH,858,N,ORLEANS ST,1823,,,,,,,3,NO INDICATION OF INJURY,0,0,0,0,0,3,0,12,3,8,41.8981980968,-87.6373801536,POINT (-87.637380153649 41.898198096788)
29413a551b465b2d26faaa7c76c4e05afae6afd2d2b88e180e5b1f6b416005f4c1c45d2b8e6ce0ae6f279041ad9c35d88da5b73408d4a627cf393114edda41f6,,08/05/2025 12:15:00 PM,15,NO CONTROLS,NO CONTROLS,CLEAR,DAYLIGHT,REAR TO SIDE,PARKING LOT,,STRAIGHT AND LEVEL,DRY,UNKNOWN,NOT ON SCENE (DESK REPORT),NO INJURY / DRIVE AWAY,,,,"OVER $1,500",08/05/2025 03:50:00 PM,IMPROPER BACKING,NOT APPLICABLE,3552,W,GRAND AVE,1121,Y,,,,,,2,NO INDICATION OF INJURY,0,0,0,0,0,2,0,12,3,8,41.9019126231,-87.7154044009,POINT (-87.715404400915 41.901912623078)
313fd1ce836267a5b4f505223fe7cef60e5c88c3d29a423fad08e6e7c1502a6beb2e351bcf1c0ef04ade06603a04e47fb18064aac299bf9951f5963a9fc24921,,08/05/2025 12:15:00 PM,35,UNKNOWN,NO CONTROLS,CLEAR,DAYLIGHT,REAR END,NOT DIVIDED,,STRAIGHT AND LEVEL,DRY,NO DEFECTS,NOT ON SCENE (DESK REPORT),NO INJURY / DRIVE AWAY,,,Y,"$501 - $1,500",08/05/2025 05:10:00 PM,UNABLE TO DETERMINE,NOT APPLICABLE,4444,W,MONTROSE AVE,1722,,,,,,,2,NO INDICATION OF INJURY,0,0,0,0,0,2,0,12,3,8,41.9609185468,-87.7401454356,POINT (-87.740145435636 41.960918546801)
bfd151ffe055d748b8b57be5d820d825f91256d3a078a24ec8f3ea516e6165e2a093d3ba6a94543af1a95963b71c0ca3a99a2267bd9d8b18db8bcb7e845a545f,,08/05/2025 12:15:00 PM,30,STOP SIGN/FLASHER,FUNCTIONING PROPERLY,CLEAR,DAYLIGHT,TURNING,T-INTERSECTION,,STRAIGHT AND LEVEL,DRY,NO DEFECTS,NOT ON SCENE (DESK REPORT),NO INJURY / DRIVE AWAY,Y,,,"OVER $1,500",08/05/2025 01:00:00 PM,DISREGARDING STOP SIGN,FAILING TO YIELD RIGHT-OF-WAY,2330,W,79TH ST,835,,,,,,,2,NO INDICATION OF INJURY,0,0,0,0,0,4,0,12,3,8,41.7502072892,-87.6814744732,POINT (-87.681474473244 41.750207289244)
2287370fc7eaf7ab6b3a75dca7ddbcb05ebad6220507a4e5050c1bff38ef75fdd349f77b6dd5ca8d950e158d2aa57b2964981c20a3e7e38ce56a4e89fa0888d5,,08/05/2025 12:09:00 PM,30,NO CONTROLS,NO CONTROLS,CLEAR,DAYLIGHT,SIDESWIPE SAME DIRECTION,NOT DIVIDED,,STRAIGHT AND LEVEL,DRY,NO DEFECTS,NOT ON SCENE (DESK REPORT),NO INJURY / DRIVE AWAY,,,Y,"OVER $1,500",08/05/2025 04:17:00 PM,UNABLE TO DETERMINE,NOT APPLICABLE,4505,S,SACRAMENTO AVE,922,,,,,,,2,NO INDICATION OF INJURY,0,0,0,0,0,2,0,12,3,8,41.8116346883,-87.699060609,POINT (-87.699060608983 41.811634688274)
7ce325217fca694953f100cb62cb393e0f966c811f639e9f1b7f43911213f3f963d3412a1879ce0f04328b35bea39cafc7741f9311c3eb201829372901a1f4d2,,08/05/2025 12:08:00 PM,30,NO CONTROLS,FUNCTIONING PROPERLY,CLEAR,DAYLIGHT,SIDESWIPE SAME DIRECTION,DIVIDED - W/MEDIAN (NOT RAISED),,STRAIGHT ON GRADE,DRY,NO DEFECTS,NOT ON SCENE (DESK REPORT),NO INJURY / DRIVE AWAY,,,,"OVER $1,500",08/05/2025 01:33:00 PM,UNABLE TO DETERMINE,NOT APPLICABLE,1211,N,CALIFORNIA AVE,1423,,,,,,,2,NO INDICATION OF INJURY,0,0,0,0,0,2,0,12,3,8,41.9033283837,-87.6967442354,POINT (-87.69674423544 41.90332838372)
5284b77cfbcffa23a714c747d19e087bc3924a011a2af35e1dcf535baa903cbddf85315ebaa660db243c134d2ad4007d7d93a5a04e720f85bf9e2e46741727f3,,08/05/2025 12:03:00 PM,30,UNKNOWN,UNKNOWN,CLEAR,DAYLIGHT,SIDESWIPE SAME DIRECTION,NOT DIVIDED,,STRAIGHT AND LEVEL,UNKNOWN,UNKNOWN,NOT ON SCENE (DESK REPORT),NO INJURY / DRIVE AWAY,,,Y,"OVER $1,500",08/05/2025 01:15:00 PM,UNABLE TO DETERMINE,UNABLE TO DETERMINE,6422,N,SHERIDAN RD,2432,,,,,,,2,NO INDICATION OF INJURY,0,0,0,0,0,2,0,12,3,8,41.9988587842,-87.6607839261,POINT (-87.66078392609 41.998858784157)
3606574ba62e22ae603fccd551afd634e6aa2be4808f959107a186c167422aed205ad18aa5e375539de16b3e8fa37ebb419a518593cfce2f4cfdf85c2ee40bc1,,08/05/2025 12:00:00 PM,30,TRAFFIC SIGNAL,FUNCTIONING PROPERLY,CLEAR,DAYLIGHT,REAR END,DIVIDED - W/MEDIAN (NOT RAISED),,STRAIGHT AND LEVEL,DRY,NO DEFECTS,NOT ON SCENE (DESK REPORT),NO INJURY / DRIVE AWAY,,,Y,"OVER $1,500",08/05/2025 12:15:00 PM,UNABLE TO DETERMINE,NOT APPLICABLE,3233,W,ADDISON ST,1733,,,,,,,2,NO INDICATION OF INJURY,0,0,0,0,0,3,0,12,3,8,41.9465060276,-87.7092109733,POINT (-87.709210973285 41.946506027576)
62e730a2c2867fb4db707817792e56df6e8a06d18452624c7528d07cb04a2c254a72bc19fb313cc5abcef68f5cad06512ba7b399f857df37a0ee4b1986f0fe1c,,08/05/2025 12:00:00 PM,30,TRAFFIC SIGNAL,FUNCTIONING PROPERLY,CLEAR,DAYLIGHT,ANGLE,FOUR WAY,,STRAIGHT AND LEVEL,DRY,NO DEFECTS,ON SCENE,INJURY AND / OR TOW DUE TO CRASH,Y,,,"OVER $1,500",08/05/2025 12:15:00 PM,DISREGARDING TRAFFIC SIGNALS,UNABLE TO DETERMINE,5500,S,LAWNDALE AVE,822,,,,,,,2,"REPORTED, NOT EVIDENT",1,0,0,0,1,2,0,12,3,8,41.7932655536,-87.7159562123,POINT (-87.715956212349 41.793265553625)
8d68ff70a9fd78d3b9712aa10b9de55b2e861107af6fa59f224dd013a81440e4b10b74143f27e02dc8651eee3139709e7d9551b97096030b0d870de00439af00,,08/05/2025 12:00:00 PM,20,NO CONTROLS,NO CONTROLS,CLEAR,DAYLIGHT,SIDESWIPE SAME DIRECTION,ONE-WAY,,STRAIGHT AND LEVEL,DRY,NO DEFECTS,NOT ON SCENE (DESK REPORT),NO INJURY / DRIVE AWAY,,,,$500 OR LESS,08/05/2025 12:10:00 PM,NOT APPLICABLE,NOT APPLICABLE,1,W,TERMINAL ST,1651,,,,,,,2,NO INDICATION OF INJURY,0,0,0,0,0,2,0,12,3,8,,,
f60cf0ca329af4c79414ee96427695332884354d86508728984b8ac2a57ded3d3bda8bde8b73b8ed4da62b718dfcc1508ccd77079101236b19299aec82d09cbe,,08/05/2025 12:00:00 PM,30,NO CONTROLS,NO CONTROLS,CLEAR,DAYLIGHT,TURNING,DIVIDED - W/MEDIAN (NOT RAISED),,STRAIGHT AND LEVEL,DRY,NO DEFECTS,NOT ON SCENE (DESK REPORT),NO INJURY / DRIVE AWAY,,,Y,"OVER $1,500",08/05/2025 01:45:00 PM,DRIVING SKILLS/KNOWLEDGE/EXPERIENCE,DRIVING SKILLS/KNOWLEDGE/EXPERIENCE,1734,W,PETERSON AVE,2433,,,,,,,2,NO INDICATION OF INJURY,0,0,0,0,0,2,0,12,3,8,41.990900768,-87.6731360239,POINT (-87.673136023888 41.990900768001)
4712c8cb6de977cbb828b4827d3d76eea08a9d4416aebd8bd9b9c9f1abed6d207d2e7699be2fa503fb5425a9a4f17fbae08a842139c96af86ab2816ed6072311,,08/05/2025 11:59:00 AM,10,STOP SIGN/FLASHER,UNKNOWN,CLEAR,DAYLIGHT,REAR END,DRIVEWAY,,STRAIGHT AND LEVEL,DRY,UNKNOWN,,NO INJURY / DRIVE AWAY,,Y,,"OVER $1,500",08/05/2025 11:59:00 AM,IMPROPER BACKING,IMPROPER BACKING,1538,E,95TH ST,413,,,,,,,2,NO INDICATION OF INJURY,0,0,0,0,0,2,0,11,3,8,41.7224394759,-87.5861858365,POINT (-87.586185836462 41.722439475881)
e34dc70ba40faef9832effc6bb4ab13631314d5196f885451ac029675046669a355bcc5c82bb4cb6beabbcd0bc60947a99cab5f5eb25473f76055ebb6366ab9f,,08/05/2025 11:56:00 AM,30,PEDESTRIAN CROSSING SIGN,NO CONTROLS,CLEAR,DAYLIGHT,PEDESTRIAN,NOT DIVIDED,,STRAIGHT AND LEVEL,DRY,NO DEFECTS,ON SCENE,INJURY AND / OR TOW DUE TO CRASH,Y,,,"OVER $1,500",08/05/2025 11:56:00 AM,FAILING TO YIELD RIGHT-OF-WAY,NOT APPLICABLE,2235,N,GREENVIEW AVE,1811,,,,,,,2,NONINCAPACITATING INJURY,1,0,0,1,0,1,0,11,3,8,41.9226047164,-87.6655700608,POINT (-87.6655700608 41.922604716438)
1de15eb8e338198246485e327e00abe2f7bd9b00ed20fafed5145454c36b5a4f70398c51378819a7f7b7f4a724c6f93bb662b77c4d68a96740e3aad5e2cce3fb,,08/05/2025 11:50:00 AM,30,NO CONTROLS,NO CONTROLS,CLEAR,DAYLIGHT,OTHER OBJECT,DIVIDED - W/MEDIAN (NOT RAISED),,STRAIGHT AND LEVEL,DRY,OTHER,ON SCENE,NO INJURY / DRIVE AWAY,,Y,,$500 OR LESS,08/06/2025 06:49:00 AM,NOT APPLICABLE,NOT APPLICABLE,3413,N,HARLEM AVE,1632,,,,,,,1,NO INDICATION OF INJURY,0,0,0,0,0,1,0,11,3,8,41.9420606736,-87.8067450515,POINT (-87.80674505152 41.942060673639)
8de7e30d6ad15e0a9fca04f585c3646fadeca7a980f241d90d47024033f925d64ee8c3b97f62f10e5375a2c14a8c9c1605c367fd970d98c6ae588fe39dc01c2e,,08/05/2025 11:30:00 AM,15,NO CONTROLS,NO CONTROLS,CLEAR,DAYLIGHT,PARKED MOTOR VEHICLE,PARKING LOT,,STRAIGHT AND LEVEL,DRY,NO DEFECTS,NOT ON SCENE (DESK REPORT),NO INJURY / DRIVE AWAY,,,,"OVER $1,500",08/05/2025 11:46:00 AM,DRIVING SKILLS/KNOWLEDGE/EXPERIENCE,UNABLE TO DETERMINE,4801,S,OAKLEY AVE,931,,,,,,,2,NO INDICATION OF INJURY,0,0,0,0,0,1,0,11,3,8,41.8065716607,-87.681783152,POINT (-87.68178315199 41.806571660729)
d448bc0728edcec144a6325ae25f1e77164c104e0981071d405fb140595eddd187bc737d2fa1fff5c4f2ae5b0bf56178b384f6eea152b057796d19e998c9f891,,08/05/2025 11:30:00 AM,30,NO CONTROLS,NO CONTROLS,CLEAR,DAYLIGHT,REAR END,NOT DIVIDED,,STRAIGHT AND LEVEL,DRY,NO DEFECTS,ON SCENE,NO INJURY / DRIVE AWAY,,,,"OVER $1,500",08/05/2025 11:40:00 AM,FOLLOWING TOO CLOSELY,FOLLOWING TOO CLOSELY,600,W,IRVING PARK RD,1915,,,,,,,2,NO INDICATION OF INJURY,0,0,0,0,0,2,0,11,3,8,41.954745513,-87.6453293959,POINT (-87.645329395868 41.954745512967)
b35898b5e2ecabfb0e28cbe17958d5137f0db679825bd2b46bee8bb9f8e979d2854cc92c1c09fc27a94506da3f6ecffc66794cf94066845f76006073e730aa89,,08/05/2025 11:26:00 AM,30,NO CONTROLS,NO CONTROLS,CLEAR,DAYLIGHT,PARKED MOTOR VEHICLE,NOT DIVIDED,,STRAIGHT AND LEVEL,DRY,NO DEFECTS,,INJURY AND / OR TOW DUE TO CRASH,,,,"OVER $1,500",08/05/2025 11:45:00 AM,NOT APPLICABLE,NOT APPLICABLE,5246,W,FULLERTON AVE,2515,,,,,,,2,NO INDICATION OF INJURY,0,0,0,0,0,1,0,11,3,8,41.9241915393,-87.7580716825,POINT (-87.758071682501 41.924191539272)
7196f56e63089ce84c3351853e777ae17c1fe1e24f64f3b991f44d7aa2088482c27cddd81f75c9d7cc991bf67e7986c67ba7e51bcb1ac4fb922d84425df1500d,,08/05/2025 11:15:00 AM,30,STOP SIGN/FLASHER,FUNCTIONING PROPERLY,CLEAR,DAYLIGHT,REAR END,DIVIDED - W/MEDIAN (NOT RAISED),,STRAIGHT AND LEVEL,DRY,NO DEFECTS,NOT ON SCENE (DESK REPORT),NO INJURY / DRIVE AWAY,,,,"OVER $1,500",08/06/2025 10:20:00 AM,UNABLE TO DETERMINE,NOT APPLICABLE,1758,S,KEDZIE AVE,1022,,,,,,,2,NO INDICATION OF INJURY,0,0,0,0,0,2,0,11,3,8,,,
197e4a57b77c9baa81f8f7834753d92e1772f658e5720a850943af67bcc9238299516063fa0c1fcf2a48e5c31030d002ee3deb2c9f6b2f72adcec3a09db29e45,,08/05/2025 11:00:00 AM,30,NO CONTROLS,NO CONTROLS,CLEAR,DAYLIGHT,TURNING,NOT DIVIDED,,STRAIGHT AND LEVEL,DRY,NO DEFECTS,ON SCENE,NO INJURY / DRIVE AWAY,,,,$500 OR LESS,08/05/2025 11:15:00 AM,IMPROPER OVERTAKING/PASSING,FAILING TO REDUCE SPEED TO AVOID CRASH,4003,W,31ST ST,1031,,,,,,,2,NO INDICATION OF INJURY,0,0,0,0,0,2,0,11,3,8,41.8367705919,-87.7244869714,POINT (-87.724486971448 41.836770591852)
1c76be2a2d7b889b663047c42f16a0274748c66b6d564b33dd53cfd08aafa3c0979cb8fbc3a72fcb02752c6188413127d1c16e030f7c30ac067200cdca3ff4d9,,08/05/2025 11:00:00 AM,30,NO CONTROLS,NO CONTROLS,CLEAR,DAYLIGHT,REAR TO SIDE,NOT DIVIDED,,STRAIGHT AND LEVEL,DRY,NO DEFECTS,ON SCENE,NO INJURY / DRIVE AWAY,,,,"$501 - $1,500",08/05/2025 11:02:00 AM,IMPROPER BACKING,NOT APPLICABLE,4333,W,FERDINAND ST,1111,,Y,,,,,2,NO INDICATION OF INJURY,0,0,0,0,0,2,0,11,3,8,41.8896136704,-87.7345805692,POINT (-87.734580569185 41.889613670351)