CRASH_RECORD_ID,CRASH_DATE_EST_I,CRASH_DATE,POSTED_SPEED_LIMIT,TRAFFIC_CONTROL_DEVICE,DEVICE_CONDITION,WEATHER_CONDITION,LIGHTING_CONDITION,FIRST_CRASH_TYPE,TRAFFICWAY_TYPE,LANE_CNT,ALIGNMENT,ROADWAY_SURFACE_COND,ROAD_DEFECT,REPORT_TYPE,CRASH_TYPE,INTERSECTION_RELATED_I,NOT_RIGHT_OF_WAY_I,HIT_AND_RUN_I,DAMAGE,DATE_POLICE_NOTIFIED,PRIM_CONTRIBUTORY_CAUSE,SEC_CONTRIBUTORY_CAUSE,STREET_NO,STREET_DIRECTION,STREET_NAME,BEAT_OF_OCCURRENCE,PHOTOS_TAKEN_I,STATEMENTS_TAKEN_I,DOORING_I,WORK_ZONE_I,WORK_ZONE_TYPE,WORKERS_PRESENT_I,NUM_UNITS,MOST_SEVERE_INJURY,INJURIES_TOTAL,INJURIES_FATAL,INJURIES_INCAPACITATING,INJURIES_NON_INCAPACITATING,INJURIES_REPORTED_NOT_EVIDENT,INJURIES_NO_INDICATION,INJURIES_UNKNOWN,CRASH_HOUR,CRASH_DAY_OF_WEEK,CRASH_MONTH,LATITUDE,LONGITUDE,LOCATION
70d995f02ab81416cd21df77ed1b85bb9f8bee502183d8e52c794bbaf82ae05d5188c92cc4ba2e45a9c086035503b18dfbb730104e8073b0caad381ebad95eb2,,08/05/2025 11:00:00 AM,20,NO CONTROLS,NO CONTROLS,CLEAR,DAYLIGHT,ANGLE,PARKING LOT,,STRAIGHT AND LEVEL,DRY,UNKNOWN,NOT ON SCENE (DESK REPORT),NO INJURY / DRIVE AWAY,,,,"OVER $1,500",08/05/2025 11:15:00 AM,UNABLE TO DETERMINE,UNABLE TO DETERMINE,2600,W,TOUHY AVE,2411,,,,,,,2,NO INDICATION OF INJURY,0,0,0,0,0,2,0,11,3,8,42.012283159,-87.6951084664,POINT (-87.695108466364 42.012283158999)
870360629f98b2bfcd28fcaa963a91d27f26c394667fc2bbee31fcbc6040f64e1e0091c50f062fd5dc4e130d53b3ed56753f2db39c1bde3429de7970a9788e79,,08/05/2025 11:00:00 AM,30,NO CONTROLS,NO CONTROLS,CLEAR,DAYLIGHT,OTHER OBJECT,DIVIDED - W/MEDIAN (NOT RAISED),,STRAIGHT AND LEVEL,DRY,"RUT, HOLES",NOT ON SCENE (DESK REPORT),NO INJURY / DRIVE AWAY,,,,"OVER $1,500",08/06/2025 11:25:00 AM,ROAD ENGINEERING/SURFACE/MARKING DEFECTS,UNABLE TO DETERMINE,810,W,91ST ST,2223,,,,,,,1,NO INDICATION OF INJURY,0,0,0,0,0,1,0,11,3,8,41.7288751644,-87.6439400056,POINT (-87.643940005618 41.728875164417)
ab67ba726ef4b4d562853f35bb5d5bf829bfd564ccc8053da672f7a55c496c0b6956423a322d1d6e33c5a11e11409babce7decf188e2f144aebabb0f0f0986df,,08/05/2025 11:00:00 AM,35,STOP SIGN/FLASHER,FUNCTIONING PROPERLY,CLEAR,DAYLIGHT,REAR END,NOT DIVIDED,,STRAIGHT AND LEVEL,DRY,NO DEFECTS,NOT ON SCENE (DESK REPORT),NO INJURY / DRIVE AWAY,,,,"OVER $1,500",08/05/2025 01:00:00 PM,UNABLE TO DETERMINE,UNABLE TO DETERMINE,11800,S,ASHLAND AVE,2234,,,,,,,2,NO INDICATION OF INJURY,0,0,0,0,0,2,0,11,3,8,41.6793112734,-87.6615619408,POINT (-87.661561940779 41.679311273359)
c1ae8cb83e3c94233346f28a16dbd4f800832e341f06487c060c79df2b84feaa5eda7c69e4f67a6e69e946de98fb459ec62cdb650ba3c5381f3962cee1dbad81,Y,08/05/2025 11:00:00 AM,30,NO CONTROLS,NO CONTROLS,CLEAR,DAYLIGHT,PARKED MOTOR VEHICLE,ONE-WAY,,STRAIGHT AND LEVEL,DRY,NO DEFECTS,ON SCENE,NO INJURY / DRIVE AWAY,,,Y,"OVER $1,500",08/05/2025 11:09:00 AM,UNABLE TO DETERMINE,UNABLE TO DETERMINE,3140,W,65TH ST,823,,,,,,,2,NO INDICATION OF INJURY,0,0,0,0,0,1,0,11,3,8,41.7754445892,-87.7022273337,POINT (-87.702227333711 41.775444589216)
cca2c0d41cfc06cc52d87356a63f5d3e7c4bc00f936800bfc5cd9f4aa7a592b827f84ad269af0e1d4bd702c75f02f05e9182f72d1594a52415af2cec3eb0ed66,,08/05/2025 11:00:00 AM,20,NO CONTROLS,NO CONTROLS,CLEAR,DAYLIGHT,PEDESTRIAN,OTHER,,STRAIGHT AND LEVEL,DRY,NO DEFECTS,ON SCENE,INJURY AND / OR TOW DUE TO CRASH,,,,"OVER $1,500",08/05/2025 11:10:00 AM,UNABLE TO DETERMINE,NOT APPLICABLE,524,W,OHARE ST,1654,,,,,,,2,INCAPACITATING INJURY,1,0,1,0,0,1,0,11,3,8,,,
4d37e539d2e0c4fbe9c355770f8140c6d477758649727aabe4db13309ad46d8150685e75299c7408746d68440b1c0862974dd0e69b4b6884d0ac6a75da13e2cc,,08/05/2025 10:59:00 AM,30,TRAFFIC SIGNAL,FUNCTIONING PROPERLY,CLEAR,DAYLIGHT,TURNING,NOT DIVIDED,,STRAIGHT AND LEVEL,DRY,NO DEFECTS,ON SCENE,NO INJURY / DRIVE AWAY,Y,,,"OVER $1,500",08/05/2025 10:59:00 AM,IMPROPER TURNING/NO SIGNAL,NOT APPLICABLE,4700,W,MONTROSE AVE,1722,,,,,,,2,NO INDICATION OF INJURY,0,0,0,0,0,2,0,10,3,8,41.9608610226,-87.7451695336,POINT (-87.74516953364 41.960861022626)
54676abf6fab6223353b8d5de81ec3c2803a46f5130d52d498c29b51bd2ec4e6916a69127ebf62270a41da5e31e68b3c11b28fd1d60e194e1efa09965c317128,,08/05/2025 10:45:00 AM,25,NO CONTROLS,NO CONTROLS,CLEAR,DAYLIGHT,PARKED MOTOR VEHICLE,NOT DIVIDED,,STRAIGHT AND LEVEL,DRY,NO DEFECTS,ON SCENE,INJURY AND / OR TOW DUE TO CRASH,,,Y,"OVER $1,500",08/05/2025 10:49:00 AM,IMPROPER LANE USAGE,FAILING TO REDUCE SPEED TO AVOID CRASH,2504,W,100TH ST,2211,,,,,,,2,NO INDICATION OF INJURY,0,0,0,0,0,1,0,10,3,8,41.7119795308,-87.6844956888,POINT (-87.684495688824 41.711979530834)
65baaf782c9fad63d515d452787946468526e58bf633e01274c0d63834b2ae90b125be875fcd462f21ad98f2d492e14016b65d8505c6a0661b1a6302f22fe3fb,,08/05/2025 10:42:00 AM,30,NO CONTROLS,NO CONTROLS,CLEAR,DAYLIGHT,PARKED MOTOR VEHICLE,PARKING LOT,,STRAIGHT AND LEVEL,DRY,NO DEFECTS,,INJURY AND / OR TOW DUE TO CRASH,,Y,Y,"OVER $1,500",08/05/2025 03:02:00 PM,UNABLE TO DETERMINE,UNABLE TO DETERMINE,3743,W,CHICAGO AVE,1112,,,,,,,2,"REPORTED, NOT EVIDENT",2,0,0,0,2,1,0,10,3,8,41.895311519,-87.7204530735,POINT (-87.720453073516 41.895311519047)
5fe8364e2610491da49c36c8251282eff001ed4c729781248978c5ed464081bbac8393703b71ac6c674f5dd73588149fb992c6e6c844967770af3f05a61b191b,,08/05/2025 10:30:00 AM,20,NO CONTROLS,NO CONTROLS,CLEAR,DAYLIGHT,ANGLE,ONE-WAY,,STRAIGHT AND LEVEL,DRY,NO DEFECTS,ON SCENE,NO INJURY / DRIVE AWAY,,,Y,"$501 - $1,500",08/05/2025 11:14:00 AM,FAILING TO YIELD RIGHT-OF-WAY,FAILING TO YIELD RIGHT-OF-WAY,3047,W,FLOURNOY ST,1134,,,,,,,2,NO INDICATION OF INJURY,0,0,0,0,0,2,0,10,3,8,41.8726996359,-87.7028550067,POINT (-87.70285500667 41.872699635875)
c8f7496397a848088d714c545ddb19d199a84176b49c352d1fefd510eab96c9da7258618f96bb8fa59e9e30633c2d7588d9e0a9d592756538b1e3978f77bd0d1,,08/05/2025 10:30:00 AM,30,NO CONTROLS,NO CONTROLS,CLEAR,DAYLIGHT,PARKED MOTOR VEHICLE,NOT DIVIDED,,STRAIGHT AND LEVEL,DRY,NO DEFECTS,ON SCENE,NO INJURY / DRIVE AWAY,,,,"$501 - $1,500",08/05/2025 11:09:00 AM,FAILING TO REDUCE SPEED TO AVOID CRASH,FAILING TO REDUCE SPEED TO AVOID CRASH,2058,S,JEFFERSON ST,1235,,,,,,,2,NO INDICATION OF INJURY,0,0,0,0,0,1,0,10,3,8,41.8542897855,-87.6419007163,POINT (-87.641900716341 41.854289785528)
ed3ab8bb30a45cce61a37b39618ca9530a0369f3ba89fcc88db9da409f76a36d56af9aa63d6100611206f579c3eaa951add577e6d80d47219e15e2a476af4dd2,,08/05/2025 10:30:00 AM,30,STOP SIGN/FLASHER,FUNCTIONING PROPERLY,CLEAR,DAYLIGHT,ANGLE,FOUR WAY,,STRAIGHT AND LEVEL,DRY,UNKNOWN,NOT ON SCENE (DESK REPORT),INJURY AND / OR TOW DUE TO CRASH,Y,,,"OVER $1,500",08/05/2025 10:45:00 AM,UNABLE TO DETERMINE,NOT APPLICABLE,600,N,HAMLIN AVE,1122,,,,,,,2,NONINCAPACITATING INJURY,1,0,0,1,0,1,0,10,3,8,41.8918350059,-87.7212302092,POINT (-87.72123020919 41.89183500592)
a5d5aead85c7ce81b21de62fc44ab8be8e4141b6064110e29f4a8bdc02477655c3ee0b84d92a7201acb74074f2254faea78603863956939fedf1a6cf4cec8e01,,08/05/2025 10:29:00 AM,30,TRAFFIC SIGNAL,FUNCTIONING PROPERLY,CLEAR,DAYLIGHT,PARKED MOTOR VEHICLE,NOT DIVIDED,,STRAIGHT AND LEVEL,DRY,NO DEFECTS,ON SCENE,INJURY AND / OR TOW DUE TO CRASH,,,,"OVER $1,500",08/05/2025 10:30:00 AM,UNABLE TO DETERMINE,NOT APPLICABLE,1952,N,CICERO AVE,2533,,,,,,,2,NO INDICATION OF INJURY,0,0,0,0,0,1,0,10,3,8,41.9166664123,-87.7462418823,POINT (-87.746241882307 41.91666641234)
c30aaf4d819910907402305a88e83caa024d1f2147fd8742d75966cb0feb71bc68f4df7fd977e054cedb94369bc277f7be819b7ef7bb7222a5c7a754906bf853,,08/05/2025 10:15:00 AM,30,TRAFFIC SIGNAL,FUNCTIONING PROPERLY,CLEAR,DAYLIGHT,REAR END,NOT DIVIDED,,STRAIGHT AND LEVEL,DRY,NO DEFECTS,ON SCENE,INJURY AND / OR TOW DUE TO CRASH,,,,"OVER $1,500",08/05/2025 10:19:00 AM,FAILING TO REDUCE SPEED TO AVOID CRASH,NOT APPLICABLE,2633,N,CICERO AVE,2521,,,,,,,2,"REPORTED, NOT EVIDENT",1,0,0,0,1,1,0,10,3,8,41.9289127953,-87.7463397395,POINT (-87.746339739486 41.928912795315)
1e67348e63950fe0545e34f5027fd463a28129db1a08f302298cdaa091bd1a9ae73c3a0b1f252a3bbb1ef87fd6a5655f7ea75b61816307af93cc61ed40ec7c63,,08/05/2025 10:04:00 AM,30,NO CONTROLS,NO CONTROLS,CLEAR,DAYLIGHT,REAR TO SIDE,PARKING LOT,,STRAIGHT AND LEVEL,DRY,UNKNOWN,NOT ON SCENE (DESK REPORT),NO INJURY / DRIVE AWAY,,,,"OVER $1,500",08/05/2025 12:19:00 PM,DRIVING SKILLS/KNOWLEDGE/EXPERIENCE,IMPROPER BACKING,5036,S,COTTAGE GROVE AVE,223,,,,,,,2,NO INDICATION OF INJURY,0,0,0,0,0,3,0,10,3,8,41.8029905655,-87.6065724076,POINT (-87.606572407617 41.802990565468)
52b659e74ba5e2685741db73ff4477b1a05e0b7ebbb953cc6bea044691baae5d6f4ca154bcc722a172edb43c99ea8edb654ce5622bf62006fe3838b48f64cae1,,08/05/2025 10:00:00 AM,30,NO CONTROLS,NO CONTROLS,CLEAR,DAYLIGHT,REAR END,NOT DIVIDED,,STRAIGHT AND LEVEL,OTHER,OTHER,ON SCENE,INJURY AND / OR TOW DUE TO CRASH,,,,"OVER $1,500",08/05/2025 10:03:00 AM,UNABLE TO DETERMINE,UNABLE TO DETERMINE,1204,S,KEDZIE AVE,1022,,,,,,,3,"REPORTED, NOT EVIDENT",1,0,0,0,1,3,0,10,3,8,41.8661933588,-87.705810095,POINT (-87.705810094956 41.866193358781)
7f0aa5f0a004f8d7c294a72107d03c36d228e5669b9e8017dd6d9d5335b197fa13cbf5823f6e96bcce599678f1fc22e65e8fc890f38381a9f0fd73101d05d718,,08/05/2025 09:55:00 AM,30,NO CONTROLS,NO CONTROLS,CLEAR,DAYLIGHT,TURNING,NOT DIVIDED,,STRAIGHT AND LEVEL,DRY,NO DEFECTS,ON SCENE,INJURY AND / OR TOW DUE TO CRASH,,,,"OVER $1,500",08/05/2025 10:30:00 AM,"VISION OBSCURED (SIGNS, TREE LIMBS, BUILDINGS, ETC.)",FAILING TO YIELD RIGHT-OF-WAY,4828,S,KEDZIE AVE,821,,,,,,,2,NO INDICATION OF INJURY,0,0,0,0,0,2,0,9,3,8,41.805423648,-87.7040468529,POINT (-87.704046852897 41.805423648019)
1038e29971ed4154bc9f4e8e7afe69117f560b6d574fb818f6d82784642be09f1d9effde5a677d7bea6055e6d67e0726dee5e1b847d2949771bb2039b34a8620,,08/05/2025 09:49:00 AM,10,STOP SIGN/FLASHER,FUNCTIONING PROPERLY,CLEAR,DAYLIGHT,PARKED MOTOR VEHICLE,NOT DIVIDED,,STRAIGHT AND LEVEL,DRY,NO DEFECTS,NOT ON SCENE (DESK REPORT),NO INJURY / DRIVE AWAY,,,,"OVER $1,500",08/05/2025 11:00:00 AM,UNABLE TO DETERMINE,NOT APPLICABLE,1004,S,WOOD ST,1231,,,,,,,2,NO INDICATION OF INJURY,0,0,0,0,0,1,0,9,3,8,41.8690200897,-87.6715546748,POINT (-87.671554674782 41.869020089689)
613eb2c7e64a0eb4c71fbb545b5abfcc129c88c81a4cbdd480f7c6dd2e2e91fd12d72e5073cd3c652318a556525adbdaba7bc5d3daba03095ca7f3179bdf4e0a,,08/05/2025 09:45:00 AM,30,NO CONTROLS,NO CONTROLS,CLEAR,DAYLIGHT,PARKED MOTOR VEHICLE,NOT DIVIDED,,STRAIGHT AND LEVEL,DRY,NO DEFECTS,ON SCENE,INJURY AND / OR TOW DUE TO CRASH,,,,"OVER $1,500",08/05/2025 09:47:00 AM,UNABLE TO DETERMINE,UNABLE TO DETERMINE,3418,W,44TH ST,821,,,,,,,3,NONINCAPACITATING INJURY,1,0,0,1,0,0,0,9,3,8,41.8136491389,-87.7099837642,POINT (-87.709983764177 41.813649138877)
b98dea313699286fa6a5093e5019f706a98edb6d246ca7f662142b3b886f2cfc4f54e6031bf57e950d34779a2ebf7bbcbed9b6c172ab4e5e9ff082f88bb5c25c,,08/05/2025 09:37:00 AM,30,STOP SIGN/FLASHER,FUNCTIONING PROPERLY,CLEAR,DAYLIGHT,PARKED MOTOR VEHICLE,DIVIDED - W/MEDIAN (NOT RAISED),,STRAIGHT AND LEVEL,DRY,UNKNOWN,NOT ON SCENE (DESK REPORT),NO INJURY / DRIVE AWAY,,,,"OVER $1,500",08/05/2025 10:50:00 AM,FOLLOWING TOO CLOSELY,UNABLE TO DETERMINE,605,S,WOLCOTT AVE,1231,,,,,,,2,NO INDICATION OF INJURY,0,0,0,0,0,2,0,9,3,8,41.8735251277,-87.6736657594,POINT (-87.673665759361 41.873525127744)
dcf307b3aa3a949262a8537cb66c328493a13c60c1e2565c35f5fb5f39d1e659b31954178610ff850400cb7ae1c78ef4a1e418c0614adf4ffa30919526358504,,08/05/2025 09:24:00 AM,30,NO CONTROLS,NO CONTROLS,CLEAR,DAYLIGHT,PARKED MOTOR VEHICLE,PARKING LOT,,STRAIGHT AND LEVEL,DRY,NO DEFECTS,ON SCENE,NO INJURY / DRIVE AWAY,,,,"OVER $1,500",08/05/2025 09:25:00 AM,UNABLE TO DETERMINE,NOT APPLICABLE,3311,W,26TH ST,1032,,,,,,,2,NO INDICATION OF INJURY,0,0,0,0,0,1,0,9,3,8,41.8443667287,-87.7078980538,POINT (-87.707898053784 41.844366728746)
46514ada46ddcf8e32411c646da95e647d74b56047a3e5e9d4d3df8a2d320ad04262cd08ce3808f97b5a03fa3abada8c71d03f2e148d2a8f17b3bf6873618c2f,,08/05/2025 09:23:00 AM,30,TRAFFIC SIGNAL,FUNCTIONING PROPERLY,CLEAR,DAYLIGHT,ANGLE,DIVIDED - W/MEDIAN (NOT RAISED),,STRAIGHT AND LEVEL,DRY,NO DEFECTS,ON SCENE,INJURY AND / OR TOW DUE TO CRASH,Y,,,"OVER $1,500",08/05/2025 09:28:00 AM,FAILING TO REDUCE SPEED TO AVOID CRASH,FAILING TO YIELD RIGHT-OF-WAY,1200,W,51ST ST,933,,,,,,,3,INCAPACITATING INJURY,2,0,1,0,1,2,0,9,3,8,41.8015611784,-87.6551217865,POINT (-87.655121786516 41.801561178361)
29e939d97e78215089492739b1fcde986250805cb80dee10e4a4f0f657e2fd8abb5066a7a5691084a5e791dbac8a4c7071ce800022eac7ebe3fd11fcad08913b,,08/05/2025 09:20:00 AM,30,TRAFFIC SIGNAL,FUNCTIONING PROPERLY,CLEAR,DAYLIGHT,TURNING,FOUR WAY,,STRAIGHT AND LEVEL,DRY,NO DEFECTS,ON SCENE,NO INJURY / DRIVE AWAY,,,,"$501 - $1,500",08/05/2025 09:24:00 AM,UNABLE TO DETERMINE,UNABLE TO DETERMINE,1301,W,DIVISION ST,1213,,,,,,,2,NO INDICATION OF INJURY,0,0,0,0,0,2,0,9,3,8,41.9033422937,-87.6606806141,POINT (-87.660680614124 41.903342293748)
bce55fbaf655e81755becbfe1bffa2caed4fb1690811fb117529f1f77b67ae65890e382844c8a84a4ab957b78128d7a942c39088e0399078d8603fdfafdfb79a,,08/05/2025 09:15:00 AM,30,STOP SIGN/FLASHER,FUNCTIONING PROPERLY,CLEAR,DAYLIGHT,ANGLE,FOUR WAY,,STRAIGHT AND LEVEL,DRY,NO DEFECTS,ON SCENE,NO INJURY / DRIVE AWAY,Y,,,"$501 - $1,500",08/05/2025 10:07:00 AM,UNABLE TO DETERMINE,NOT APPLICABLE,1700,W,AUGUSTA BLVD,1213,,,,,,,2,NO INDICATION OF INJURY,0,0,0,0,0,2,0,9,3,8,41.8997774106,-87.6699036483,POINT (-87.669903648329 41.899777410615)
0aa8115b397797c7ee038dba4c87705f66e5218089818d834b8e285bcd8025f815378d85f4dc1b2fbd8e8b4f31a4cb73f10f644601e472de4f191534219467ba,,08/05/2025 09:00:00 AM,30,NO CONTROLS,NO CONTROLS,UNKNOWN,UNKNOWN,PARKED MOTOR VEHICLE,DIVIDED - W/MEDIAN (NOT RAISED),,STRAIGHT AND LEVEL,UNKNOWN,UNKNOWN,NOT ON SCENE (DESK REPORT),NO INJURY / DRIVE AWAY,,,Y,"$501 - $1,500",08/05/2025 03:50:00 PM,IMPROPER LANE USAGE,IMPROPER LANE USAGE,1431,S,TRIPP AVE,1011,,,,,,,2,NO INDICATION OF INJURY,0,0,0,0,0,1,0,9,3,8,41.8614946627,-87.7309998346,POINT (-87.730999834603 41.861494662671)
2499efc5caa2ac91fa7b380f2158e4acbf35d01da3a6d441ed1acf4fa85f6991e038bc6283061e58e8150899b9d88815e7e2c2eb0a5f7d0ec10f3c1418af0b50,,08/05/2025 09:00:00 AM,30,NO CONTROLS,NO CONTROLS,CLEAR,DAYLIGHT,PARKED MOTOR VEHICLE,OTHER,,STRAIGHT AND LEVEL,DRY,NO DEFECTS,ON SCENE,INJURY AND / OR TOW DUE TO CRASH,,,Y,"OVER $1,500",08/05/2025 09:55:00 AM,UNABLE TO DETERMINE,NOT APPLICABLE,1449,W,FOSTER AVE,2033,,,,,,,5,NO INDICATION OF INJURY,0,0,0,0,0,1,0,9,3,8,41.9761093281,-87.6666914844,POINT (-87.666691484368 41.976109328126)
36f4fade2e4ce335f53644259ea1465c760f66c143734153cfd146b2ce2af1fad1b6904a8ff3c5631a8034187a9fabbc6936b17475aeee4fc0909429ff85ff97,,08/05/2025 09:00:00 AM,20,NO CONTROLS,NO CONTROLS,CLEAR,"DARKNESS, LIGHTED ROAD",REAR TO FRONT,PARKING LOT,,STRAIGHT AND LEVEL,DRY,NO DEFECTS,ON SCENE,NO INJURY / DRIVE AWAY,,,Y,"$501 - $1,500",08/05/2025 11:26:00 PM,UNABLE TO DETERMINE,NOT APPLICABLE,539,W,OHARE ST,1654,,,,,,,2,NO INDICATION OF INJURY,0,0,0,0,0,2,0,9,3,8,,,
7b6ee3cf49b3da376a5c7e3b58c0f148967e7be291ad68c3266a4f972c1cfc26150c7c8fb85e0cc35fbebc0ac3a499307062db5e10585308261455cdf9307219,,08/05/2025 09:00:00 AM,30,NO CONTROLS,NO CONTROLS,CLEAR,DAYLIGHT,PARKED MOTOR VEHICLE,ONE-WAY,,STRAIGHT AND LEVEL,DRY,NO DEFECTS,NOT ON SCENE (DESK REPORT),NO INJURY / DRIVE AWAY,,,Y,"$501 - $1,500",08/08/2025 11:03:00 AM,UNABLE TO DETERMINE,UNABLE TO DETERMINE,6015,S,TROY ST,823,,,,,,,2,NO INDICATION OF INJURY,0,0,0,0,0,1,0,9,3,8,41.7839621898,-87.7019150759,POINT (-87.701915075888 41.783962189767)
d16431b16ba48fcb626ab4b8ff881758c577235d7a7922075fc35ae9c230c1fb356377c40a314423a122d9e072c379a90ae05ca78403b655dc23e7c5efbc5bde,,08/05/2025 09:00:00 AM,30,UNKNOWN,UNKNOWN,UNKNOWN,UNKNOWN,TURNING,ONE-WAY,,STRAIGHT AND LEVEL,UNKNOWN,UNKNOWN,,NO INJURY / DRIVE AWAY,,,,"OVER $1,500",08/05/2025 10:45:00 AM,UNABLE TO DETERMINE,UNABLE TO DETERMINE,2525,S,DR MARTIN LUTHER KING JR DR,133,,,,Y,CONSTRUCTION,,2,NO INDICATION OF INJURY,0,0,0,0,0,2,0,9,3,8,41.8467666109,-87.6171757775,POINT (-87.61717577755 41.846766610919)
ed1f8ff1eb24ceea109189fd5a36c85caef0295cd97d8078c856a0602b1a27c171ff6ec7ebc1d92c4a89a1084d2e1fe130e6fd2677a74dcd9c427046eb7c20d1,,08/05/2025 09:00:00 AM,15,NO CONTROLS,NO CONTROLS,CLEAR,DAYLIGHT,PARKED MOTOR VEHICLE,PARKING LOT,,STRAIGHT AND LEVEL,DRY,NO DEFECTS,NOT ON SCENE (DESK REPORT),NO INJURY / DRIVE AWAY,,Y,Y,"OVER $1,500",08/28/2025 11:30:00 AM,UNABLE TO DETERMINE,UNABLE TO DETERMINE,2943,W,ADDISON ST,1733,,,,,,,2,NO INDICATION OF INJURY,0,0,0,0,0,1,0,9,3,8,41.9465403959,-87.7022412642,POINT (-87.70224126422 41.946540395897)
68fb1689baab3a83eb26a9c09c533d800642fdc8c2f6312e7852d88c99ebd2d0d1271a92349e7c94e99f611e6c802dedd9731f7e4f3f9d849d81505a0da21fe5,,08/05/2025 08:50:00 AM,30,STOP SIGN/FLASHER,NO CONTROLS,CLEAR,DAYLIGHT,REAR END,NOT DIVIDED,,STRAIGHT AND LEVEL,DRY,NO DEFECTS,ON SCENE,NO INJURY / DRIVE AWAY,,,Y,"$501 - $1,500",08/05/2025 08:53:00 AM,FAILING TO REDUCE SPEED TO AVOID CRASH,NOT APPLICABLE,3839,W,AUGUSTA BLVD,1112,,Y,,,,,2,NO INDICATION OF INJURY,0,0,0,0,0,2,0,8,3,8,41.8989406557,-87.722773853,POINT (-87.722773853002 41.898940655664)
6eec229a896b7cf0a5e3d4047365aed575ddcb601f13538bf761aa2da812192b20300d309952da3cc24fc79dbde228e1d45c97a11b7b1072c8b487612753e468,,08/05/2025 08:47:00 AM,30,TRAFFIC SIGNAL,FUNCTIONING PROPERLY,CLEAR,DAYLIGHT,SIDESWIPE SAME DIRECTION,"FIVE POINT, OR MORE",,STRAIGHT AND LEVEL,DRY,NO DEFECTS,ON SCENE,NO INJURY / DRIVE AWAY,Y,,Y,"$501 - $1,500",08/05/2025 08:50:00 AM,DRIVING SKILLS/KNOWLEDGE/EXPERIENCE,NOT APPLICABLE,1600,E,79TH ST,411,,,,,,,2,NO INDICATION OF INJURY,0,0,0,0,0,2,0,8,3,8,41.7516115233,-87.5855922843,POINT (-87.585592284288 41.751611523273)
be5603a9feee7bd4a2e67352ca720ff7273d960f3cbc9e77e63b282228571ecdc0d601bec883235bacd388e707695283848540a6389786cb4c112ec188e28dc2,,08/05/2025 08:45:00 AM,45,NO CONTROLS,NO CONTROLS,UNKNOWN,UNKNOWN,REAR END,OTHER,,STRAIGHT AND LEVEL,UNKNOWN,UNKNOWN,NOT ON SCENE (DESK REPORT),NO INJURY / DRIVE AWAY,,,,"OVER $1,500",08/05/2025 10:00:00 AM,UNABLE TO DETERMINE,NOT APPLICABLE,3410,N,LAKE SHORE DR,1925,,,,,,,2,NO INDICATION OF INJURY,0,0,0,0,0,2,0,8,3,8,41.9437289161,-87.640858756,POINT (-87.640858756008 41.943728916123)
1cabb9ec64ce01d9755f3799cdfe9ce1312365386ca0b4716ca7133d2ef08308f4c7e2551e26c4ef4032730cc2ed0bc540669438870c0e7c5b2e5ca7dd5bb1e6,,08/05/2025 08:37:00 AM,30,TRAFFIC SIGNAL,FUNCTIONING PROPERLY,CLEAR,DAYLIGHT,REAR END,NOT DIVIDED,,STRAIGHT AND LEVEL,DRY,NO DEFECTS,NOT ON SCENE (DESK REPORT),NO INJURY / DRIVE AWAY,,,,"$501 - $1,500",08/05/2025 01:15:00 PM,UNABLE TO DETERMINE,NOT APPLICABLE,3301,S,DAMEN AVE,912,,,,,,,2,NO INDICATION OF INJURY,0,0,0,0,0,2,0,8,3,8,41.8339673334,-87.6752280838,POINT (-87.675228083786 41.833967333424)
514e1eed1f9dcfe92f520184032305e41f4aeed3f34d263f7ef8f5bf4cf96efd29ca03df431e2ee25091bd4b8df72d9ca3580fc459abb0358fc1f3f208f2cb3d,Y,08/05/2025 08:20:00 AM,30,NO CONTROLS,NO CONTROLS,CLEAR,DAYLIGHT,PARKED MOTOR VEHICLE,ONE-WAY,,STRAIGHT AND LEVEL,DRY,NO DEFECTS,ON SCENE,NO INJURY / DRIVE AWAY,,,,"$501 - $1,500",08/05/2025 08:22:00 AM,NOT APPLICABLE,NOT APPLICABLE,3525,W,MELROSE ST,1732,,,,,,,2,NO INDICATION OF INJURY,0,0,0,0,0,1,0,8,3,8,41.9400441472,-87.7155484173,POINT (-87.715548417308 41.940044147229)
40a3d463bffb0622feaa0ff4ceb1e049431e2132403271be43c883515fa94322020ff5ec8f6cdf10d62fac715362ccdc2aeb98842fb21eeda03965796cf80c78,,08/05/2025 08:15:00 AM,30,NO CONTROLS,NO CONTROLS,CLEAR,DAYLIGHT,SIDESWIPE SAME DIRECTION,DIVIDED - W/MEDIAN (NOT RAISED),,STRAIGHT AND LEVEL,DRY,NO DEFECTS,NOT ON SCENE (DESK REPORT),NO INJURY / DRIVE AWAY,,,Y,"OVER $1,500",08/08/2025 05:20:00 PM,IMPROPER OVERTAKING/PASSING,UNABLE TO DETERMINE,800,S,CENTRAL AVE,1513,,,,,,,2,NO INDICATION OF INJURY,0,0,0,0,0,2,0,8,3,8,41.8701072004,-87.7645714293,POINT (-87.764571429282 41.870107200411)
f32ca9cffb451864f4625dbc870016c9d4e0b7ffbdcf574f9a6d59dc9debfb1fcb3f833dd63bb9982ff816f7d185c58087ec4f3c114f0cd646904a88e12452dc,N,08/05/2025 07:51:00 AM,15,NO CONTROLS,NO CONTROLS,CLEAR,DAYLIGHT,PARKED MOTOR VEHICLE,PARKING LOT,,STRAIGHT AND LEVEL,DRY,NO DEFECTS,ON SCENE,NO INJURY / DRIVE AWAY,,,Y,$500 OR LESS,08/05/2025 08:05:00 AM,IMPROPER TURNING/NO SIGNAL,IMPROPER TURNING/NO SIGNAL,1232,W,NORTH AVE,1433,,,,,,,2,NO INDICATION OF INJURY,0,0,0,0,0,1,0,7,3,8,41.910875544,-87.6582782399,POINT (-87.658278239858 41.910875543991)