CRASH_RECORD_ID,CRASH_DATE_EST_I,CRASH_DATE,POSTED_SPEED_LIMIT,TRAFFIC_CONTROL_DEVICE,DEVICE_CONDITION,WEATHER_CONDITION,LIGHTING_CONDITION,FIRST_CRASH_TYPE,TRAFFICWAY_TYPE,LANE_CNT,ALIGNMENT,ROADWAY_SURFACE_COND,ROAD_DEFECT,REPORT_TYPE,CRASH_TYPE,INTERSECTION_RELATED_I,NOT_RIGHT_OF_WAY_I,HIT_AND_RUN_I,DAMAGE,DATE_POLICE_NOTIFIED,PRIM_CONTRIBUTORY_CAUSE,SEC_CONTRIBUTORY_CAUSE,STREET_NO,STREET_DIRECTION,STREET_NAME,BEAT_OF_OCCURRENCE,PHOTOS_TAKEN_I,STATEMENTS_TAKEN_I,DOORING_I,WORK_ZONE_I,WORK_ZONE_TYPE,WORKERS_PRESENT_I,NUM_UNITS,MOST_SEVERE_INJURY,INJURIES_TOTAL,INJURIES_FATAL,INJURIES_INCAPACITATING,INJURIES_NON_INCAPACITATING,INJURIES_REPORTED_NOT_EVIDENT,INJURIES_NO_INDICATION,INJURIES_UNKNOWN,CRASH_HOUR,CRASH_DAY_OF_WEEK,CRASH_MONTH,LATITUDE,LONGITUDE,LOCATION
a0f129fd27efb3fbc1101ec36111a0d704127f94c00d0982394ebb056ad99a60d0017d3e2df279ee5ea6a4865d74782cd7b3edee2c50a217e9b6e14ad489a9e9,,08/05/2025 07:45:00 AM,15,NO CONTROLS,NO CONTROLS,CLEAR,DAYLIGHT,PARKED MOTOR VEHICLE,PARKING LOT,,STRAIGHT AND LEVEL,DRY,NO DEFECTS,ON SCENE,NO INJURY / DRIVE AWAY,,,,"OVER $1,500",08/05/2025 07:55:00 AM,IMPROPER BACKING,DRIVING SKILLS/KNOWLEDGE/EXPERIENCE,3450,S,CALIFORNIA AVE,911,,,,,,,2,NO INDICATION OF INJURY,0,0,0,0,0,2,0,7,3,8,41.8304028226,-87.6949524679,POINT (-87.694952467868 41.830402822602)
5f88125eb2a3a07fa48b2c6471bbc17609e729e782345383f4daea5e962881d1572c3fea73678ab64c166c4a89a1b27585d40446485e6ac6911c0d8471e40b75,,08/05/2025 07:43:00 AM,25,NO CONTROLS,NO CONTROLS,CLEAR,DAYLIGHT,PARKED MOTOR VEHICLE,ONE-WAY,,STRAIGHT AND LEVEL,DRY,NO DEFECTS,NOT ON SCENE (DESK REPORT),NO INJURY / DRIVE AWAY,,,Y,"OVER $1,500",08/05/2025 06:35:00 PM,IMPROPER BACKING,UNABLE TO DETERMINE,4832,N,KEYSTONE AVE,1712,,,,,,,2,NO INDICATION OF INJURY,0,0,0,0,0,1,0,7,3,8,41.9691901993,-87.7294389621,POINT (-87.729438962139 41.969190199322)
3a7bf74330940ea7ca8b2fe47b7b5e7993e552333fd8625d3a6cd4fe1ad90b1bdbab84223921d63de1938ce535bd41f6209b8d85f84442f43e22d7a28d47ed99,,08/05/2025 07:30:00 AM,30,NO CONTROLS,NO CONTROLS,CLEAR,DAYLIGHT,ANGLE,NOT DIVIDED,,STRAIGHT AND LEVEL,DRY,NO DEFECTS,ON SCENE,NO INJURY / DRIVE AWAY,,,,"OVER $1,500",08/05/2025 07:50:00 AM,UNABLE TO DETERMINE,UNABLE TO DETERMINE,3100,W,LAWRENCE AVE,1713,,,,,,,2,NO INDICATION OF INJURY,0,0,0,0,0,3,0,7,3,8,41.9685847551,-87.7060949316,POINT (-87.706094931616 41.968584755116)
5143a4e1b30d90622d027a2a54d773e2b17bb888e2de7b385b1ae79b2fc90d0b71f4de437ee826acc61e71085ece9884623b8a5f3db29f34d9234e41ad8db3d0,,08/05/2025 07:30:00 AM,30,NO CONTROLS,NO CONTROLS,CLEAR,DAYLIGHT,PARKED MOTOR VEHICLE,DIVIDED - W/MEDIAN (NOT RAISED),,STRAIGHT AND LEVEL,DRY,NO DEFECTS,ON SCENE,NO INJURY / DRIVE AWAY,,,,$500 OR LESS,08/11/2025 07:32:00 AM,UNABLE TO DETERMINE,NOT APPLICABLE,1451,W,69TH ST,734,,,,,,,2,NO INDICATION OF INJURY,0,0,0,0,0,1,0,7,3,8,41.7684828221,-87.6610921756,POINT (-87.661092175558 41.768482822098)
eca2c49abd097de01cc016a8b19b8b7848726ecdc8e95a832c00a271d0b2a700c675fc02c984bd95f461902b43b2298c5f9129a8e21ec6db30c6680a43e92b6a,,08/05/2025 07:30:00 AM,30,UNKNOWN,UNKNOWN,UNKNOWN,UNKNOWN,REAR END,UNKNOWN,,STRAIGHT AND LEVEL,UNKNOWN,UNKNOWN,NOT ON SCENE (DESK REPORT),NO INJURY / DRIVE AWAY,,,,"OVER $1,500",08/05/2025 05:20:00 PM,UNABLE TO DETERMINE,NOT APPLICABLE,6358,W,DEVON AVE,1611,,,,,,,2,NO INDICATION OF INJURY,0,0,0,0,0,2,0,7,3,8,41.9974642023,-87.7875889002,POINT (-87.787588900192 41.997464202336)
48e0c24d8836f7bd28acc881ab879f67256d04f1112e0356c22e4066b33e2d060c8ba958e619eb9d9d3b4d0952c40a7ebb992cf21ddf5d035ae27d507659a437,,08/05/2025 07:20:00 AM,40,NO CONTROLS,NO CONTROLS,CLEAR,DAYLIGHT,REAR END,DIVIDED - W/MEDIAN (NOT RAISED),,STRAIGHT AND LEVEL,DRY,UNKNOWN,ON SCENE,INJURY AND / OR TOW DUE TO CRASH,,,,"OVER $1,500",08/05/2025 07:40:00 AM,UNABLE TO DETERMINE,NOT APPLICABLE,1633,N,LAKE SHORE DR SB,1814,,,,,,,2,NO INDICATION OF INJURY,0,0,0,0,0,2,0,7,3,8,41.9122601364,-87.6257603681,POINT (-87.62576036806 41.912260136421)
8cad4f9ccf6893c69d072233fbb1c107a130f5c7624daed6ed3b1c1d6a8b70fddae06337d798f319bd3691b61f41f67297b1d481071740b7c11fa9dbbf0812ef,,08/05/2025 07:03:00 AM,30,TRAFFIC SIGNAL,FUNCTIONING PROPERLY,CLEAR,DAYLIGHT,PEDALCYCLIST,DIVIDED - W/MEDIAN (NOT RAISED),,STRAIGHT AND LEVEL,DRY,UNKNOWN,ON SCENE,INJURY AND / OR TOW DUE TO CRASH,,,,"OVER $1,500",08/05/2025 07:03:00 AM,CELL PHONE USE OTHER THAN TEXTING,NOT APPLICABLE,4802,N,BROADWAY,2033,,,,,,,2,NONINCAPACITATING INJURY,1,0,0,1,0,1,0,7,3,8,41.9691380142,-87.6598213024,POINT (-87.659821302405 41.969138014238)
70b8088085ed4ceeb616b8412367bed810f0aae06d0fb4cc8f2176900c198945c8d23a0a20f93dbc49fdfdf80daac96ee6a1cbc15107603664a1d50b92ef1bac,,08/05/2025 07:01:00 AM,30,TRAFFIC SIGNAL,FUNCTIONING PROPERLY,CLEAR,DAYLIGHT,TURNING,FOUR WAY,,STRAIGHT AND LEVEL,DRY,NO DEFECTS,ON SCENE,INJURY AND / OR TOW DUE TO CRASH,Y,,,"OVER $1,500",08/05/2025 07:07:00 AM,IMPROPER TURNING/NO SIGNAL,NOT APPLICABLE,1245,S,WESTERN AVE,1233,,,,,,,2,"REPORTED, NOT EVIDENT",2,0,0,0,2,0,0,7,3,8,41.8651064489,-87.6858517505,POINT (-87.685851750517 41.865106448918)
21ecbe6bac0c04b48fc8d8d6b4408f35863cadc4f392416c5168fea6518cc931a8505b4c208495c822a20e7cfdd7c189de2f7654a310599ac9874e9ea9b49fdc,,08/05/2025 07:00:00 AM,30,NO CONTROLS,NO CONTROLS,CLEAR,DAYLIGHT,SIDESWIPE SAME DIRECTION,NOT DIVIDED,,STRAIGHT AND LEVEL,DRY,NO DEFECTS,ON SCENE,INJURY AND / OR TOW DUE TO CRASH,,,,"OVER $1,500",08/05/2025 07:01:00 AM,PHYSICAL CONDITION OF DRIVER,FAILING TO REDUCE SPEED TO AVOID CRASH,1456,S,WESTERN AVE,1023,,,,,,,5,NONINCAPACITATING INJURY,2,0,0,2,0,2,0,7,3,8,41.8612688695,-87.6860341126,POINT (-87.686034112601 41.861268869488)
60cfe673abd2950d5c25229ae17df62dfe6a469cbc0ab7a17dd207205e2351ed6eac1f9f407041da8c7f55e7e746808d0edd588c9686c54ba29904a748d21bd9,,08/05/2025 07:00:00 AM,30,UNKNOWN,NO CONTROLS,CLEAR,DAYLIGHT,PARKED MOTOR VEHICLE,NOT DIVIDED,,STRAIGHT AND LEVEL,DRY,NO DEFECTS,NOT ON SCENE (DESK REPORT),NO INJURY / DRIVE AWAY,Y,,Y,"OVER $1,500",08/05/2025 11:30:00 AM,FOLLOWING TOO CLOSELY,NOT APPLICABLE,1029,N,RIDGEWAY AVE,1112,,,,,,,2,NO INDICATION OF INJURY,0,0,0,0,0,1,0,7,3,8,41.8999606233,-87.7199746112,POINT (-87.719974611193 41.899960623293)
61fe5fc6b5d591a75b72bce7723f51dd1082dd3f9e7916af8792d7135a3f007b2374cd37116813917809318168c5b27ff0baf7f744fa76274c136f28db5bfe14,,08/05/2025 07:00:00 AM,30,NO CONTROLS,NO CONTROLS,CLEAR,DAYLIGHT,SIDESWIPE SAME DIRECTION,NOT DIVIDED,,STRAIGHT AND LEVEL,DRY,UNKNOWN,,NO INJURY / DRIVE AWAY,,,,$500 OR LESS,08/05/2025 08:00:00 AM,FAILING TO YIELD RIGHT-OF-WAY,NOT APPLICABLE,3956,W,DIVISION ST,2535,,,,,,,2,NO INDICATION OF INJURY,0,0,0,0,0,2,0,7,3,8,41.9027848716,-87.7261551528,POINT (-87.726155152837 41.902784871567)
444f92f311910141b8a1571ddcf765ac9d6e24e0ec3c3bf54b1cfa49b79c00a3fa4623453a511d3b8f9e6c94b52cd945b04e34ffae720be01f5313579496c077,,08/05/2025 06:55:00 AM,30,NO CONTROLS,NO CONTROLS,CLEAR,DAYLIGHT,PARKED MOTOR VEHICLE,NOT DIVIDED,,STRAIGHT AND LEVEL,DRY,UNKNOWN,ON SCENE,INJURY AND / OR TOW DUE TO CRASH,,,,"OVER $1,500",08/05/2025 07:00:00 AM,UNABLE TO DETERMINE,UNABLE TO DETERMINE,5026,S,KEDVALE AVE,815,,,,,,,3,NO INDICATION OF INJURY,0,0,0,0,0,1,0,6,3,8,41.801491218,-87.7272195986,POINT (-87.727219598594 41.801491217988)
c8ee2a3705fbfc6970138af1ebdcf8baa6ffe2753dabcccbc4e264d1e8c64e2c4b3f98857d11b1b3aec495bc7faccee9f0c85d43a64213b56c649f03b1e77937,,08/05/2025 06:48:00 AM,30,TRAFFIC SIGNAL,UNKNOWN,UNKNOWN,UNKNOWN,REAR END,NOT DIVIDED,,STRAIGHT AND LEVEL,UNKNOWN,UNKNOWN,NOT ON SCENE (DESK REPORT),NO INJURY / DRIVE AWAY,,,,"OVER $1,500",08/05/2025 09:00:00 AM,PHYSICAL CONDITION OF DRIVER,UNABLE TO DETERMINE,6835,W,ARCHER AVE,811,,,,,,,2,NO INDICATION OF INJURY,0,0,0,0,0,2,0,6,3,8,41.792020153,-87.7929380536,POINT (-87.792938053603 41.792020152973)
0003a227a597d3387c27130505cc7bd2116c8ec7729cd9716c048518fe427d4050242a0c4c41c9ec6669ff8f212e59afada4f1f2f9880ad587ff578f30070410,,08/05/2025 06:40:00 AM,35,STOP SIGN/FLASHER,FUNCTIONING PROPERLY,CLEAR,DAYLIGHT,ANGLE,NOT DIVIDED,,STRAIGHT AND LEVEL,DRY,UNKNOWN,ON SCENE,INJURY AND / OR TOW DUE TO CRASH,Y,,,"OVER $1,500",08/05/2025 06:40:00 AM,EQUIPMENT - VEHICLE CONDITION,EQUIPMENT - VEHICLE CONDITION,10598,S,MUSKEGON AVE,434,,,,,,,2,NO INDICATION OF INJURY,0,0,0,0,0,2,0,6,3,8,41.7028627983,-87.5550592867,POINT (-87.555059286705 41.70286279833)
7ec5a1d57f02d1d79cff27bee33211b3947aa94facb255919260a41226ecdd06ef05e8cecdef05404efc35fa7be754d48c01a39330ff534fc365da51ce9ef9af,Y,08/05/2025 06:00:00 AM,30,NO CONTROLS,NO CONTROLS,UNKNOWN,UNKNOWN,PARKED MOTOR VEHICLE,ONE-WAY,,STRAIGHT AND LEVEL,UNKNOWN,UNKNOWN,NOT ON SCENE (DESK REPORT),NO INJURY / DRIVE AWAY,,,Y,"OVER $1,500",08/05/2025 03:40:00 PM,UNABLE TO DETERMINE,UNABLE TO DETERMINE,5108,W,DRUMMOND PL,2521,,,,,,,2,NO INDICATION OF INJURY,0,0,0,0,0,1,0,6,3,8,41.9288207568,-87.7542875578,POINT (-87.754287557782 41.928820756835)
c0abbe94796cb9a63f05bdcc97690d9b741948322bfbbbf6e7e79a323f828ca4af6e4f55e4f211e3e87674714755f0f5df07869bfeb81077fee60ff3b41eb3ed,Y,08/05/2025 06:00:00 AM,30,NO CONTROLS,NO CONTROLS,CLEAR,DAYLIGHT,PARKED MOTOR VEHICLE,NOT DIVIDED,,STRAIGHT AND LEVEL,DRY,NO DEFECTS,NOT ON SCENE (DESK REPORT),NO INJURY / DRIVE AWAY,,,Y,"OVER $1,500",08/05/2025 04:30:00 PM,UNABLE TO DETERMINE,UNABLE TO DETERMINE,3000,S,HARDING AVE,1031,,,,,,,2,NO INDICATION OF INJURY,0,0,0,0,0,1,0,6,3,8,41.8386495851,-87.7233218751,POINT (-87.72332187513 41.838649585123)
cbae538241ee01269f5b716ccdfaa54fd007af661d4fe1ad45bba7d9f65bceaf941f5d086c4ea26e78123f6dffed5e3621049f56b44332be97c71878a630e1b4,,08/05/2025 04:52:00 AM,20,NO CONTROLS,NO CONTROLS,CLEAR,"DARKNESS, LIGHTED ROAD",PARKED MOTOR VEHICLE,ONE-WAY,,STRAIGHT AND LEVEL,DRY,NO DEFECTS,NOT ON SCENE (DESK REPORT),NO INJURY / DRIVE AWAY,,,Y,"OVER $1,500",08/05/2025 12:00:00 PM,UNABLE TO DETERMINE,UNABLE TO DETERMINE,6337,S,FAIRFIELD AVE,825,,,,,,,2,NO INDICATION OF INJURY,0,0,0,0,0,1,0,4,3,8,41.7779863507,-87.6919975281,POINT (-87.691997528109 41.777986350672)
20e52fe67266f7793894529d96b52566928d88bbedd59de3cd59de09da11b19d12b778950280d25d3cf1dc780a7cf7f9fdb9d8ba662a2263bce96f9ba4415fa4,,08/05/2025 03:15:00 AM,20,NO CONTROLS,NO CONTROLS,CLEAR,DAYLIGHT,PARKED MOTOR VEHICLE,NOT DIVIDED,,STRAIGHT AND LEVEL,DRY,NO DEFECTS,NOT ON SCENE (DESK REPORT),NO INJURY / DRIVE AWAY,,,,"$501 - $1,500",08/07/2025 02:30:00 AM,UNABLE TO DETERMINE,NOT APPLICABLE,334,S,PAULINA ST,1231,,,,,,,2,NO INDICATION OF INJURY,0,0,0,0,0,1,0,3,3,8,41.8764978837,-87.6693069925,POINT (-87.669306992483 41.876497883711)
16eb8bf146bc2031aba6008d1012edf644b500a3ca52fdcc6fddab4a6ddf5fda0b9e349174c12d19f44017d3ec74255fd82fef1709e8d18b01ae6b24c20cf0c0,,08/05/2025 03:01:00 AM,30,NO CONTROLS,NO CONTROLS,CLEAR,"DARKNESS, LIGHTED ROAD",TURNING,DIVIDED - W/MEDIAN (NOT RAISED),,STRAIGHT AND LEVEL,DRY,NO DEFECTS,ON SCENE,INJURY AND / OR TOW DUE TO CRASH,,,,"OVER $1,500",08/05/2025 03:01:00 AM,IMPROPER TURNING/NO SIGNAL,NOT APPLICABLE,5136,W,MADISON ST,1533,,,,,,,2,NONINCAPACITATING INJURY,6,0,0,6,0,0,0,3,3,8,41.880494459,-87.7541122339,POINT (-87.754112233932 41.880494458953)
89eb42cc11c12230d082c56685983cb61a8336bcbbcd8310c902070b60de29640803a484bc1b808d907f888b5421aa308d026884119577e5131ba58e175e7e7f,,08/05/2025 02:48:00 AM,20,UNKNOWN,UNKNOWN,CLEAR,"DARKNESS, LIGHTED ROAD",PARKED MOTOR VEHICLE,OTHER,,STRAIGHT AND LEVEL,DRY,NO DEFECTS,NOT ON SCENE (DESK REPORT),NO INJURY / DRIVE AWAY,,,Y,"$501 - $1,500",08/07/2025 07:30:00 PM,UNABLE TO DETERMINE,NOT APPLICABLE,2621,E,77TH ST,421,,,,,,,2,NO INDICATION OF INJURY,0,0,0,0,0,1,0,2,3,8,41.7553224905,-87.5605997786,POINT (-87.560599778571 41.755322490471)
688fcfb5a94fb5f6858a12eff95b0c7028755abd4bb58885ef0beb36882bda07f8ba6a4f2262a639c657bb771ab5c71064bb90c20ac545e87ca1a4ee4d6b070f,,08/05/2025 02:35:00 AM,30,NO CONTROLS,NO CONTROLS,CLEAR,"DARKNESS, LIGHTED ROAD",FIXED OBJECT,DIVIDED - W/MEDIAN BARRIER,,STRAIGHT AND LEVEL,DRY,NO DEFECTS,ON SCENE,INJURY AND / OR TOW DUE TO CRASH,,,Y,"OVER $1,500",08/05/2025 02:35:00 AM,UNABLE TO DETERMINE,UNABLE TO DETERMINE,6033,S,HALSTED ST,711,,,,,,,1,NO INDICATION OF INJURY,0,0,0,0,0,1,0,2,3,8,41.7840796449,-87.6447469751,POINT (-87.644746975118 41.784079644859)
3ce008182801acf6a54cadcf8211a3af9b309966fdbc331ca61fba2948c3a300f69eecc6ccf4c2d4766db9fa1d7c02d53a4a546c7ace6ca7b7cd8c8a15775ba3,,08/05/2025 02:33:00 AM,30,NO CONTROLS,NO CONTROLS,CLEAR,DUSK,PARKED MOTOR VEHICLE,NOT DIVIDED,,STRAIGHT AND LEVEL,DRY,NO DEFECTS,ON SCENE,INJURY AND / OR TOW DUE TO CRASH,,,,"OVER $1,500",08/05/2025 08:21:00 AM,UNABLE TO DETERMINE,UNABLE TO DETERMINE,1219,E,72ND ST,324,,,,,,,3,NO INDICATION OF INJURY,0,0,0,0,0,1,0,2,3,8,41.7640577368,-87.5950207696,POINT (-87.595020769607 41.764057736773)
a157fe7de79019a832b1a6f2cb979a5b0e1df8457912412b3b8df7d87f7190f65c60191e06d86dfbd57f733865a27fc7b9fbd3926eef04d1317b25c6efd9653f,,08/05/2025 02:14:00 AM,30,NO CONTROLS,NO CONTROLS,CLEAR,DAYLIGHT,PARKED MOTOR VEHICLE,NOT DIVIDED,,STRAIGHT AND LEVEL,DRY,NO DEFECTS,ON SCENE,INJURY AND / OR TOW DUE TO CRASH,,,,"OVER $1,500",08/05/2025 02:30:00 AM,DRIVING SKILLS/KNOWLEDGE/EXPERIENCE,DRIVING SKILLS/KNOWLEDGE/EXPERIENCE,1039,N,MILWAUKEE AVE,1213,,,,,,,5,NO INDICATION OF INJURY,0,0,0,0,0,1,0,2,3,8,41.900634799,-87.6620052122,POINT (-87.66200521219 41.900634799016)
427a2561651d8a27a9e1778c73bbacf5de258628fc3004524597103aab697d7f760ec8bb4086da5ed5cda0b01909a0df0326f3e732729045b4e2ab06697cec96,,08/05/2025 02:00:00 AM,30,TRAFFIC SIGNAL,FUNCTIONING PROPERLY,CLEAR,"DARKNESS, LIGHTED ROAD",SIDESWIPE SAME DIRECTION,DIVIDED - W/MEDIAN BARRIER,,STRAIGHT AND LEVEL,DRY,UNKNOWN,ON SCENE,INJURY AND / OR TOW DUE TO CRASH,,,Y,"OVER $1,500",08/05/2025 02:15:00 AM,DRIVING SKILLS/KNOWLEDGE/EXPERIENCE,UNABLE TO DETERMINE,8949,S,STONY ISLAND AVE,413,,,,,,,2,INCAPACITATING INJURY,1,0,1,0,0,1,0,2,3,8,41.7319323233,-87.5849500687,POINT (-87.584950068744 41.731932323346)
3d868a6850970f9b14926be1e158640c5c85e3a5e84f49dc6f65dad1f3ec0cf5073a1b9b4c78493f2309cf52e6d3f04f12b15162fe19dd711fc339e717ebe952,,08/05/2025 01:59:00 AM,30,NO CONTROLS,NO CONTROLS,CLEAR,"DARKNESS, LIGHTED ROAD",PEDESTRIAN,DIVIDED - W/MEDIAN (NOT RAISED),,STRAIGHT AND LEVEL,DRY,NO DEFECTS,ON SCENE,INJURY AND / OR TOW DUE TO CRASH,,,Y,"OVER $1,500",08/05/2025 01:59:00 AM,"OPERATING VEHICLE IN ERRATIC, RECKLESS, CARELESS, NEGLIGENT OR AGGRESSIVE MANNER","OPERATING VEHICLE IN ERRATIC, RECKLESS, CARELESS, NEGLIGENT OR AGGRESSIVE MANNER",4027,N,KEDZIE AVE,1724,,,,,,,2,NONINCAPACITATING INJURY,1,0,0,1,0,3,0,1,3,8,41.9547461052,-87.7078927376,POINT (-87.707892737567 41.954746105246)
dbddce37c02243b0c1188874a37197c8c2044a0508bb7e793c4ff4095cec71724567f3aec9e19c161949ca1b4c15452e1877e1b10a2547b4e6975e215fb147a4,,08/05/2025 01:20:00 AM,30,NO CONTROLS,NO CONTROLS,UNKNOWN,"DARKNESS, LIGHTED ROAD",TURNING,FOUR WAY,,"CURVE, LEVEL",UNKNOWN,NO DEFECTS,NOT ON SCENE (DESK REPORT),NO INJURY / DRIVE AWAY,,,,"OVER $1,500",08/05/2025 08:30:00 PM,IMPROPER TURNING/NO SIGNAL,NOT APPLICABLE,6299,S,LAKE SHORE DR,331,,,,,,,2,NO INDICATION OF INJURY,0,0,0,0,0,2,0,1,3,8,,,
9504a3a3d812f9550e317ec5a71e00ac0bfd9c76874a93cca4ee0343930dc52091cf02f0f4409eac4a65fbbdecb161809d126c368421682404e199223e866eea,,08/05/2025 01:15:00 AM,15,NO CONTROLS,NO CONTROLS,UNKNOWN,UNKNOWN,PARKED MOTOR VEHICLE,ONE-WAY,,STRAIGHT AND LEVEL,UNKNOWN,UNKNOWN,ON SCENE,INJURY AND / OR TOW DUE TO CRASH,,,Y,"OVER $1,500",08/05/2025 01:16:00 AM,UNABLE TO DETERMINE,NOT APPLICABLE,7034,S,PAXTON AVE,331,,,,,,,3,NO INDICATION OF INJURY,0,0,0,0,0,1,0,1,3,8,41.7669613343,-87.5715725635,POINT (-87.571572563481 41.766961334304)
57d2da727f483e3d4d3d3e548f101b486a58264d8e67d23f2f59f02bc1f44772cf0c2503d1c66917880f873b76e0d32b87711443b4c8c7333ad28bb186e2b2ac,,08/05/2025 01:07:00 AM,20,NO CONTROLS,NO CONTROLS,CLEAR,DARKNESS,PARKED MOTOR VEHICLE,ONE-WAY,,STRAIGHT AND LEVEL,DRY,NO DEFECTS,ON SCENE,NO INJURY / DRIVE AWAY,,,,"OVER $1,500",08/05/2025 07:11:00 AM,UNABLE TO DETERMINE,UNABLE TO DETERMINE,2509,N,LINDER AVE,2515,,,,,,,3,NO INDICATION OF INJURY,0,0,0,0,0,1,0,1,3,8,41.9261563136,-87.7634583897,POINT (-87.763458389699 41.926156313607)
8be3e8017ccdf2aea94d9f1b5615658b158b756ccad5c74ef87a144c8a8e80ec229752beeebbfad59f9f91f309e4b68af9336064ee8b340f9332017747a106d6,,08/05/2025 01:01:00 AM,30,NO CONTROLS,NO CONTROLS,CLEAR,"DARKNESS, LIGHTED ROAD",PARKED MOTOR VEHICLE,NOT DIVIDED,,STRAIGHT AND LEVEL,DRY,NO DEFECTS,ON SCENE,INJURY AND / OR TOW DUE TO CRASH,,,,"$501 - $1,500",08/05/2025 01:11:00 AM,UNABLE TO DETERMINE,UNABLE TO DETERMINE,6410,W,BLOOMINGDALE AVE,2513,,,,,,,2,NONINCAPACITATING INJURY,1,0,0,1,0,0,0,1,3,8,41.9128771358,-87.7856332693,POINT (-87.785633269335 41.91287713581)
7c8382945ebe851d058657c917c0bb2c2f137f3fc83abe0ce9144e92255220b54bc16f2f5154a27138a3f930d32a71f4b1dbdc363987b6204d533bd653453fc6,,08/05/2025 12:45:00 AM,30,NO CONTROLS,NO CONTROLS,CLEAR,"DARKNESS, LIGHTED ROAD",SIDESWIPE OPPOSITE DIRECTION,DIVIDED - W/MEDIAN (NOT RAISED),,STRAIGHT AND LEVEL,DRY,NO DEFECTS,ON SCENE,INJURY AND / OR TOW DUE TO CRASH,,,,"$501 - $1,500",08/05/2025 12:52:00 AM,IMPROPER LANE USAGE,IMPROPER OVERTAKING/PASSING,30,W,31ST ST,133,,,,,,,2,NONINCAPACITATING INJURY,2,0,0,2,0,1,0,0,3,8,41.838395263,-87.6278800106,POINT (-87.627880010574 41.838395262982)
54df628dae63a421f348458fb2569e79df973687919de0376cf24dd00579315936ba400abac216a8f4f1e7288408ad0793f75cad7e33039696fc4eb7421f1213,,08/05/2025 12:10:00 AM,30,UNKNOWN,UNKNOWN,CLEAR,"DARKNESS, LIGHTED ROAD",SIDESWIPE SAME DIRECTION,OTHER,,STRAIGHT AND LEVEL,DRY,UNKNOWN,NOT ON SCENE (DESK REPORT),NO INJURY / DRIVE AWAY,,,,"OVER $1,500",08/05/2025 12:58:00 AM,IMPROPER LANE USAGE,UNABLE TO DETERMINE,209,W,LOWER WACKER DR,122,Y,,,,,,2,NO INDICATION OF INJURY,0,0,0,0,0,3,0,0,3,8,41.8866803545,-87.6342941357,POINT (-87.634294135673 41.886680354524)
3f93a9e1e7d595ea01aa0c1b49bb3620c51238bb28b0b0930c0283e6458b6ce07fd8da0a649323133b7a104a246181f3be545dddf7e8e7e5a4251afbb14e9f51,,08/05/2025 12:01:00 AM,30,NO CONTROLS,NO CONTROLS,CLEAR,"DARKNESS, LIGHTED ROAD",PARKED MOTOR VEHICLE,ONE-WAY,,STRAIGHT AND LEVEL,DRY,NO DEFECTS,ON SCENE,NO INJURY / DRIVE AWAY,,,,"$501 - $1,500",08/05/2025 12:02:00 AM,FOLLOWING TOO CLOSELY,UNABLE TO DETERMINE,1958,N,KEELER AVE,2534,,,,,,,2,NO INDICATION OF INJURY,0,0,0,0,0,1,0,0,3,8,41.9170035259,-87.7315819915,POINT (-87.73158199151 41.917003525926)
b5d45eff4034388704ae7d0f312bb1238affa3d0a971b2566581810921d8207877dcef6f7921d53130dcf6e049f7e03fa8e5ece6716494108a15c3eb4a4a4fd2,,08/05/2025 12:01:00 AM,30,NO CONTROLS,NO CONTROLS,CLEAR,"DARKNESS, LIGHTED ROAD",PARKED MOTOR VEHICLE,NOT DIVIDED,,STRAIGHT AND LEVEL,DRY,NO DEFECTS,ON SCENE,NO INJURY / DRIVE AWAY,,,,"OVER $1,500",08/05/2025 12:02:00 AM,IMPROPER BACKING,UNABLE TO DETERMINE,10501,S,DRAKE AVE,2211,,,,,,,2,NO INDICATION OF INJURY,0,0,0,0,0,2,0,0,3,8,41.7023745202,-87.7096245781,POINT (-87.709624578072 41.702374520202)
9ac07632ab7c6d76647183e79e87bf857c1d2a61e808f11b0b7ad9a39ddabc54f5919ace260c58cad7cd0156bc559f6b4933521977c43d8171db04774eed3a78,Y,08/05/2025 12:00:00 AM,30,NO CONTROLS,NO CONTROLS,CLEAR,DARKNESS,PARKED MOTOR VEHICLE,DIVIDED - W/MEDIAN (NOT RAISED),,STRAIGHT AND LEVEL,DRY,UNKNOWN,NOT ON SCENE (DESK REPORT),NO INJURY / DRIVE AWAY,,,Y,"OVER $1,500",08/05/2025 01:30:00 PM,UNABLE TO DETERMINE,NOT APPLICABLE,2415,N,KIMBALL AVE,1413,Y,,,,,,2,NO INDICATION OF INJURY,0,0,0,0,0,1,0,0,3,8,41.925150202,-87.711971971,POINT (-87.711971970977 41.925150201976)
acebc76d423f34ab95eb18611a1d2a1c1c3c6bf4f0a357d1b4822cf16ae52b429e0b72c46eac05f94f9dd8ddc4b3997074ed37b4352a5b955d2f8706f157b140,,08/04/2025 11:41:00 PM,30,UNKNOWN,UNKNOWN,CLEAR,DARKNESS,REAR END,NOT DIVIDED,,STRAIGHT AND LEVEL,DRY,NO DEFECTS,ON SCENE,NO INJURY / DRIVE AWAY,,,,"OVER $1,500",08/04/2025 11:43:00 PM,FOLLOWING TOO CLOSELY,FOLLOWING TOO CLOSELY,5030,W,LAWRENCE AVE,1623,,,,,,,2,NO INDICATION OF INJURY,0,0,0,0,0,4,0,23,2,8,41.9680607464,-87.7539017127,POINT (-87.753901712711 41.968060746447)