CRASH_RECORD_ID,CRASH_DATE_EST_I,CRASH_DATE,POSTED_SPEED_LIMIT,TRAFFIC_CONTROL_DEVICE,DEVICE_CONDITION,WEATHER_CONDITION,LIGHTING_CONDITION,FIRST_CRASH_TYPE,TRAFFICWAY_TYPE,LANE_CNT,ALIGNMENT,ROADWAY_SURFACE_COND,ROAD_DEFECT,REPORT_TYPE,CRASH_TYPE,INTERSECTION_RELATED_I,NOT_RIGHT_OF_WAY_I,HIT_AND_RUN_I,DAMAGE,DATE_POLICE_NOTIFIED,PRIM_CONTRIBUTORY_CAUSE,SEC_CONTRIBUTORY_CAUSE,STREET_NO,STREET_DIRECTION,STREET_NAME,BEAT_OF_OCCURRENCE,PHOTOS_TAKEN_I,STATEMENTS_TAKEN_I,DOORING_I,WORK_ZONE_I,WORK_ZONE_TYPE,WORKERS_PRESENT_I,NUM_UNITS,MOST_SEVERE_INJURY,INJURIES_TOTAL,INJURIES_FATAL,INJURIES_INCAPACITATING,INJURIES_NON_INCAPACITATING,INJURIES_REPORTED_NOT_EVIDENT,INJURIES_NO_INDICATION,INJURIES_UNKNOWN,CRASH_HOUR,CRASH_DAY_OF_WEEK,CRASH_MONTH,LATITUDE,LONGITUDE,LOCATION
bfb96a6e82ea6e2d39756646e46311ee6f8de66b9cfae52437320b1eb58731f603d888819760a0820654ba8b924ef78386bb7eec56b0817dd4ba6a11becba4d7,,08/04/2025 11:10:00 PM,30,NO CONTROLS,NO CONTROLS,CLEAR,DARKNESS,PARKED MOTOR VEHICLE,ONE-WAY,,STRAIGHT AND LEVEL,DRY,NO DEFECTS,NOT ON SCENE (DESK REPORT),NO INJURY / DRIVE AWAY,,,Y,"OVER $1,500",08/05/2025 01:40:00 PM,UNABLE TO DETERMINE,UNABLE TO DETERMINE,2418,N,LINDER AVE,2515,,,,,,,2,NO INDICATION OF INJURY,0,0,0,0,0,1,0,23,2,8,41.9246092853,-87.7636964799,POINT (-87.763696479867 41.924609285261)
fac558b0702cd8bb7767ace79a78aa9b52eed87cea13436f14f94c19e4b391f504ff90bc961686239212d8e5551db70105e543eaee09fe24bc1862f07dcfbcd7,,08/04/2025 11:09:00 PM,30,TRAFFIC SIGNAL,FUNCTIONING PROPERLY,CLEAR,"DARKNESS, LIGHTED ROAD",HEAD ON,NOT DIVIDED,,STRAIGHT AND LEVEL,DRY,NO DEFECTS,,INJURY AND / OR TOW DUE TO CRASH,Y,,Y,"OVER $1,500",08/04/2025 11:09:00 PM,UNABLE TO DETERMINE,NOT APPLICABLE,6001,W,DIVERSEY AVE,2512,,,,,,,2,NONINCAPACITATING INJURY,1,0,0,1,0,2,0,23,2,8,41.9310291091,-87.7760247449,POINT (-87.776024744914 41.931029109093)
37d7b803d7c3d3a873a28d684862b0099832d88c4943cfd93235a20727947a0f3dd69d55ccca0f2a81dc7607dbfe016835cca6a147d6e428d6f8d3b215dafc67,,08/04/2025 11:03:00 PM,30,TRAFFIC SIGNAL,FUNCTIONING PROPERLY,CLEAR,"DARKNESS, LIGHTED ROAD",TURNING,CENTER TURN LANE,,STRAIGHT AND LEVEL,DRY,UNKNOWN,ON SCENE,NO INJURY / DRIVE AWAY,,,,"OVER $1,500",08/04/2025 11:03:00 PM,IMPROPER TURNING/NO SIGNAL,NOT APPLICABLE,102,N,CICERO AVE,1532,,Y,,,,,2,NO INDICATION OF INJURY,0,0,0,0,0,2,0,23,2,8,41.8819453998,-87.7454910704,POINT (-87.745491070424 41.88194539976)
9f1e085cff785a37ad5b8bb72092d09b99db233955a869c5e4e20c5cebdc69ae0308e2710ba1bc3786d85f808fccf6ac1806b152ea87f59739ddc9d10dd150dd,,08/04/2025 11:00:00 PM,30,TRAFFIC SIGNAL,UNKNOWN,CLEAR,DARKNESS,REAR END,NOT DIVIDED,,STRAIGHT AND LEVEL,UNKNOWN,UNKNOWN,NOT ON SCENE (DESK REPORT),NO INJURY / DRIVE AWAY,,,,"OVER $1,500",08/05/2025 10:13:00 AM,UNABLE TO DETERMINE,UNABLE TO DETERMINE,3998,W,103RD ST,2211,,,,,,,2,NO INDICATION OF INJURY,0,0,0,0,0,2,0,23,2,8,41.7059851652,-87.7208595145,POINT (-87.720859514519 41.705985165196)
6f12ffb268e23fcdeb69ea2a26501b23694eb880e6ce1ccc46dd154f3a2d82b81a020d2abea07f5c67ec0d0c05c994320c92bfac8f9d8f465263e4956644ab4c,Y,08/04/2025 10:40:00 PM,30,NO CONTROLS,NO CONTROLS,CLEAR,"DARKNESS, LIGHTED ROAD",PARKED MOTOR VEHICLE,NOT DIVIDED,,STRAIGHT AND LEVEL,DRY,NO DEFECTS,ON SCENE,INJURY AND / OR TOW DUE TO CRASH,,,Y,"OVER $1,500",08/04/2025 11:46:00 PM,UNABLE TO DETERMINE,UNABLE TO DETERMINE,1009,N,DAMEN AVE,1212,,,,,,,2,NO INDICATION OF INJURY,0,0,0,0,0,1,0,22,2,8,41.8998342343,-87.6770165143,POINT (-87.677016514306 41.899834234285)
d2f1d82bb0a2c65c020e910db7c12090d05803958168e5d83f01cf8aaed41a33e8009aa3ba522f00c83bd6028f9f7bff0d71a34c991e7a608039f21598555404,,08/04/2025 10:40:00 PM,30,NO CONTROLS,NO CONTROLS,UNKNOWN,UNKNOWN,SIDESWIPE SAME DIRECTION,ONE-WAY,,STRAIGHT AND LEVEL,UNKNOWN,UNKNOWN,ON SCENE,INJURY AND / OR TOW DUE TO CRASH,Y,,,"OVER $1,500",08/04/2025 11:45:00 PM,UNABLE TO DETERMINE,NOT APPLICABLE,7201,S,STATE ST,323,,,,,,,2,NONINCAPACITATING INJURY,1,0,0,1,0,2,0,22,2,8,41.7636052255,-87.6247208497,POINT (-87.624720849691 41.763605225479)
07c77f421f3f3380924f98886772e148cbbef4c8f2d9ca46818218201684b76db77733b2d153057713264cc19b1a708db01e277e347f139ef37007a96420ca15,,08/04/2025 10:27:00 PM,30,TRAFFIC SIGNAL,FUNCTIONING PROPERLY,CLEAR,"DARKNESS, LIGHTED ROAD",TURNING,NOT DIVIDED,,STRAIGHT AND LEVEL,DRY,NO DEFECTS,,NO INJURY / DRIVE AWAY,,,,"OVER $1,500",08/04/2025 11:02:00 PM,IMPROPER OVERTAKING/PASSING,IMPROPER OVERTAKING/PASSING,500,S,WELLS ST,123,,,,,,,2,NO INDICATION OF INJURY,0,0,0,0,0,2,0,22,2,8,41.8755326521,-87.6338038912,POINT (-87.633803891217 41.875532652069)
cc4382280a16d7f1da5d9541c509b9196e25ca8b5a51589d7775e5ecc2664d854383d95d3abdbd7bcddbde90a6ffdd505458ad4b84ee5745bd057bc3429aad81,,08/04/2025 10:15:00 PM,30,TRAFFIC SIGNAL,FUNCTIONING PROPERLY,CLEAR,"DARKNESS, LIGHTED ROAD",REAR END,DIVIDED - W/MEDIAN BARRIER,,STRAIGHT AND LEVEL,DRY,NO DEFECTS,NOT ON SCENE (DESK REPORT),NO INJURY / DRIVE AWAY,Y,,Y,"OVER $1,500",08/04/2025 10:35:00 PM,FAILING TO REDUCE SPEED TO AVOID CRASH,FOLLOWING TOO CLOSELY,703,S,MICHIGAN AVE,114,,,,,,,2,NO INDICATION OF INJURY,0,0,0,0,0,3,0,22,2,8,41.8730698009,-87.6240508607,POINT (-87.624050860735 41.873069800918)
beb51359b0c4759e74fc0d1878d4193462734cbfb78b466a960ea41f9cc18ed7426da6854813b9d513c6ccaaf42ae72f5b9677da89dd5e41773258f8150cbb87,,08/04/2025 10:10:00 PM,30,TRAFFIC SIGNAL,FUNCTIONING PROPERLY,CLEAR,"DARKNESS, LIGHTED ROAD",TURNING,NOT DIVIDED,,STRAIGHT AND LEVEL,DRY,NO DEFECTS,NOT ON SCENE (DESK REPORT),NO INJURY / DRIVE AWAY,,,,"OVER $1,500",08/05/2025 12:30:00 PM,DRIVING SKILLS/KNOWLEDGE/EXPERIENCE,FAILING TO YIELD RIGHT-OF-WAY,11100,S,HALSTED ST,2233,,,,,,,2,NO INDICATION OF INJURY,0,0,0,0,0,2,0,22,2,8,41.6922631234,-87.6425226876,POINT (-87.642522687627 41.692263123425)
2252125a6627ba55255aac9d836cfbd3eed48043648ee87a8c2c775e171b0db0f2174437ffe04d0db2c5933e1448d75cd113a9eef020526c0dc673f006b7e52b,,08/04/2025 10:01:00 PM,30,NO CONTROLS,NO CONTROLS,CLEAR,"DARKNESS, LIGHTED ROAD",PARKED MOTOR VEHICLE,NOT DIVIDED,,STRAIGHT AND LEVEL,DRY,"RUT, HOLES",ON SCENE,INJURY AND / OR TOW DUE TO CRASH,,,,"OVER $1,500",08/04/2025 10:32:00 PM,ROAD ENGINEERING/SURFACE/MARKING DEFECTS,DRIVING SKILLS/KNOWLEDGE/EXPERIENCE,2537,W,FOSTER AVE,2031,,,,,,,4,"REPORTED, NOT EVIDENT",2,0,0,0,2,0,0,22,2,8,41.9757470822,-87.6937068473,POINT (-87.69370684726 41.975747082166)
a0ac97fef05bdc38648339ab0ec5361754b89df43dc67b91ef8ea11a44a2e6f416597110dc38c418ddb1ce4bde6c89665975abdb826d25bb9534ebbe4ba8e514,,08/04/2025 10:00:00 PM,20,NO CONTROLS,NO CONTROLS,CLEAR,"DARKNESS, LIGHTED ROAD",PARKED MOTOR VEHICLE,ONE-WAY,,STRAIGHT AND LEVEL,DRY,NO DEFECTS,NOT ON SCENE (DESK REPORT),NO INJURY / DRIVE AWAY,,,Y,"OVER $1,500",08/05/2025 08:45:00 AM,UNABLE TO DETERMINE,NOT APPLICABLE,3433,W,64TH ST,823,,,,,,,2,NO INDICATION OF INJURY,0,0,0,0,0,1,0,22,2,8,41.7769306421,-87.7092624667,POINT (-87.70926246669 41.776930642062)
5a7548f38bb79fbf64b1a1abd8e0357e03bf446f501435215c92f8438c55d54123e95e59b18d2e938aebd44456b4f2d8b2b1f2c8a3217ee2471d4e31c8af2692,,08/04/2025 09:50:00 PM,30,TRAFFIC SIGNAL,FUNCTIONING PROPERLY,CLEAR,"DARKNESS, LIGHTED ROAD",TURNING,FOUR WAY,,STRAIGHT AND LEVEL,DRY,NO DEFECTS,NOT ON SCENE (DESK REPORT),INJURY AND / OR TOW DUE TO CRASH,Y,,,"OVER $1,500",08/04/2025 11:00:00 PM,IMPROPER TURNING/NO SIGNAL,FAILING TO YIELD RIGHT-OF-WAY,4300,S,WENTWORTH AVE,925,Y,Y,,,,,2,"REPORTED, NOT EVIDENT",3,0,0,0,3,0,0,21,2,8,41.8163945337,-87.6313400898,POINT (-87.631340089793 41.816394533729)
c1c230fd6ec5c81908fc4c97cd046864450d839ff7abea5a2e9d5fc69393f7c965cd50cd3afe89482cf2d398159d2e317eb21751e68234862c488c86330d8230,,08/04/2025 09:50:00 PM,40,TRAFFIC SIGNAL,FUNCTIONING PROPERLY,CLEAR,"DARKNESS, LIGHTED ROAD",REAR END,DIVIDED - W/MEDIAN BARRIER,,STRAIGHT AND LEVEL,DRY,NO DEFECTS,ON SCENE,INJURY AND / OR TOW DUE TO CRASH,,,,"OVER $1,500",08/04/2025 09:50:00 PM,FOLLOWING TOO CLOSELY,UNABLE TO DETERMINE,400,N,LAKE SHORE DR NB,1834,,,,,,,2,"REPORTED, NOT EVIDENT",1,0,0,0,1,2,0,21,2,8,41.8896563295,-87.6143595501,POINT (-87.614359550067 41.889656329459)
9d4a17edeb877bb45ef85c31c57d6f00bd3c2444e04d916778c02978a54fccb3817f77c760e2af4bdfe92b04f87d5cc6c4ba60fe6db00100064c60ee7a2665f9,,08/04/2025 09:45:00 PM,30,TRAFFIC SIGNAL,FUNCTIONING PROPERLY,CLEAR,"DARKNESS, LIGHTED ROAD",REAR TO FRONT,ONE-WAY,,STRAIGHT AND LEVEL,DRY,UNKNOWN,NOT ON SCENE (DESK REPORT),INJURY AND / OR TOW DUE TO CRASH,,,,"$501 - $1,500",08/04/2025 10:00:00 PM,IMPROPER BACKING,NOT APPLICABLE,300,E,OHIO ST,1834,,,,,,,2,"REPORTED, NOT EVIDENT",1,0,0,0,1,1,0,21,2,8,41.8927105846,-87.6201306584,POINT (-87.620130658406 41.892710584594)
f1057d2372bc710772d0e1ed6ddf7d1550726c6ee395841b939e9c8f2d436d0136c977a39941cabc712b7842b6b1f24c31036e81e1710b95b431357faf620b39,,08/04/2025 09:40:00 PM,30,TRAFFIC SIGNAL,FUNCTIONING PROPERLY,CLEAR,"DARKNESS, LIGHTED ROAD",TURNING,FOUR WAY,,STRAIGHT AND LEVEL,DRY,UNKNOWN,NOT ON SCENE (DESK REPORT),NO INJURY / DRIVE AWAY,Y,,,"$501 - $1,500",08/04/2025 10:30:00 PM,IMPROPER TURNING/NO SIGNAL,IMPROPER TURNING/NO SIGNAL,526,N,DEARBORN ST,1831,,,,,,,2,NO INDICATION OF INJURY,0,0,0,0,0,2,0,21,2,8,41.8916012848,-87.6297967052,POINT (-87.629796705231 41.891601284754)
0463b0311a7814fbefe6aaefdcd4116b8eb14c7aed0c13d3ff7cb0b4ac208aa695435deaac25090fe09a24c9914f6b0cf5588df75d0853087c9ab455a609562e,,08/04/2025 09:39:00 PM,30,TRAFFIC SIGNAL,FUNCTIONING PROPERLY,CLEAR,"DARKNESS, LIGHTED ROAD",PEDALCYCLIST,DIVIDED - W/MEDIAN (NOT RAISED),,STRAIGHT AND LEVEL,DRY,NO DEFECTS,ON SCENE,INJURY AND / OR TOW DUE TO CRASH,Y,,,"OVER $1,500",08/04/2025 09:39:00 PM,UNABLE TO DETERMINE,UNABLE TO DETERMINE,1600,W,DIVERSEY PKWY,1931,,,,,,,2,INCAPACITATING INJURY,1,0,1,0,0,1,0,21,2,8,41.9325125598,-87.668457304,POINT (-87.668457303952 41.932512559833)
492cad850df1278e8a4120fe78cd4e35983094fd591cde55c2e1b4f2f34c5ec00841b434c45bab95a7291cf46d27e51f53b6c8ad5f2931a5cd8c2499ad2d265c,,08/04/2025 09:20:00 PM,30,TRAFFIC SIGNAL,FUNCTIONING PROPERLY,CLEAR,DARKNESS,TURNING,FOUR WAY,,STRAIGHT AND LEVEL,DRY,NO DEFECTS,ON SCENE,INJURY AND / OR TOW DUE TO CRASH,Y,,,"OVER $1,500",08/04/2025 09:20:00 PM,IMPROPER TURNING/NO SIGNAL,"OPERATING VEHICLE IN ERRATIC, RECKLESS, CARELESS, NEGLIGENT OR AGGRESSIVE MANNER",5401,S,WESTERN BLVD,932,,,,,,,2,NONINCAPACITATING INJURY,2,0,0,2,0,1,0,21,2,8,41.7955523454,-87.6833722856,POINT (-87.683372285592 41.795552345378)
14e855ac1f6f0e3b6dd1a4d7c21b02a0a58e230618dc95fc23d25302a98ad22558907a9eb0b99e2cedf8531dade13154c44629139ee1d296582b720576194a22,,08/04/2025 09:15:00 PM,25,STOP SIGN/FLASHER,FUNCTIONING PROPERLY,UNKNOWN,UNKNOWN,PARKED MOTOR VEHICLE,ONE-WAY,,STRAIGHT AND LEVEL,UNKNOWN,UNKNOWN,ON SCENE,NO INJURY / DRIVE AWAY,,,Y,"OVER $1,500",08/04/2025 09:19:00 PM,UNABLE TO DETERMINE,UNABLE TO DETERMINE,1255,N,MASON AVE,2531,,,,,,,2,NO INDICATION OF INJURY,0,0,0,0,0,1,0,21,2,8,41.9036291111,-87.7740559231,POINT (-87.774055923145 41.903629111106)
54e8aaa3222f34851ee108aefaab6116eb15d8b8383671e46cd721dca1005b839599ca4500f162e397ba007bb03b1f29a099497fd4fedfa523640da505c6d817,,08/04/2025 09:10:00 PM,20,NO CONTROLS,NO CONTROLS,CLEAR,DARKNESS,ANGLE,NOT DIVIDED,,STRAIGHT AND LEVEL,DRY,NO DEFECTS,NOT ON SCENE (DESK REPORT),NO INJURY / DRIVE AWAY,,,,"OVER $1,500",08/06/2025 08:40:00 PM,FAILING TO YIELD RIGHT-OF-WAY,NOT APPLICABLE,6412,N,TALMAN AVE,2412,,,,,,,2,NO INDICATION OF INJURY,0,0,0,0,0,2,0,21,2,8,41.9980538399,-87.6961468946,POINT (-87.696146894574 41.998053839943)
912756cd2259f9a997f6ff28b77d4fa08ace6606fed159d8e80a1dcf45d633d429273cb3d6590c590cf99375bc314b0a4a0ac4220940b46941a203018e960eaf,,08/04/2025 09:00:00 PM,25,NO CONTROLS,NO CONTROLS,CLEAR,DAYLIGHT,PARKED MOTOR VEHICLE,ONE-WAY,,STRAIGHT AND LEVEL,DRY,NO DEFECTS,NOT ON SCENE (DESK REPORT),NO INJURY / DRIVE AWAY,,,Y,"OVER $1,500",08/04/2025 09:15:00 PM,UNABLE TO DETERMINE,NOT APPLICABLE,6613,S,GREENWOOD AVE,321,,,,,,,2,NO INDICATION OF INJURY,0,0,0,0,0,1,0,21,2,8,41.7745953465,-87.5995721016,POINT (-87.599572101575 41.774595346517)
7d69151a901b78fd40c1db065f5ab852fa07fe02dc2a3b16e0daa97aa52dafb1c2453d1f576dd17b44374f561a10d8ba43203d6735f952f11d7bca476e07655a,,08/04/2025 08:55:00 PM,30,TRAFFIC SIGNAL,FUNCTIONING PROPERLY,CLEAR,"DARKNESS, LIGHTED ROAD",ANGLE,FOUR WAY,,STRAIGHT AND LEVEL,DRY,NO DEFECTS,ON SCENE,NO INJURY / DRIVE AWAY,Y,,,"OVER $1,500",08/04/2025 08:55:00 PM,UNABLE TO DETERMINE,UNABLE TO DETERMINE,5400,W,CHICAGO AVE,1524,,,,,,,2,NO INDICATION OF INJURY,0,0,0,0,0,2,0,20,2,8,41.8949994626,-87.7607191207,POINT (-87.760719120668 41.894999462566)
696e75497ca7941cfffe94d7d449e29d98119a9077877260cf1766078bc400745d999897a472b69d61a535b49a04b0c50b182c2d40aa533a440e97719b21d608,,08/04/2025 08:45:00 PM,30,NO CONTROLS,NO CONTROLS,CLEAR,DUSK,SIDESWIPE SAME DIRECTION,ALLEY,,STRAIGHT AND LEVEL,DRY,NO DEFECTS,NOT ON SCENE (DESK REPORT),NO INJURY / DRIVE AWAY,,,Y,"$501 - $1,500",08/04/2025 10:11:00 PM,IMPROPER LANE USAGE,UNABLE TO DETERMINE,998,E,84TH ST,632,,,,,,,2,NO INDICATION OF INJURY,0,0,0,0,0,2,0,20,2,8,41.7423078785,-87.5995830901,POINT (-87.599583090107 41.742307878471)
1f488415bf63f8ee75d787d013edd10b735e20985133320ecb154a9eb7275d5b9f81b996e33b61b6a297f47e42a15c28553850b971acf46cbe2c822845f08e5b,,08/04/2025 08:35:00 PM,30,NO CONTROLS,NO CONTROLS,CLEAR,"DARKNESS, LIGHTED ROAD",SIDESWIPE SAME DIRECTION,DIVIDED - W/MEDIAN (NOT RAISED),,STRAIGHT AND LEVEL,DRY,NO DEFECTS,NOT ON SCENE (DESK REPORT),NO INJURY / DRIVE AWAY,,,,"OVER $1,500",08/04/2025 09:21:00 PM,UNABLE TO DETERMINE,NOT APPLICABLE,5950,N,LINCOLN AVE,2011,,,,,,,2,NO INDICATION OF INJURY,0,0,0,0,0,2,0,20,2,8,41.9892203353,-87.7056509899,POINT (-87.705650989918 41.989220335337)
ac95969a81c014b904b16b3456ed546c2ab1ee54d5958056974fcd03449ecb98660a4eff7979fb98bae213c4a970df2e0e32b6b57d94c6d4d266939010c828e3,,08/04/2025 08:35:00 PM,30,NO CONTROLS,NO CONTROLS,CLEAR,"DARKNESS, LIGHTED ROAD",PEDALCYCLIST,DIVIDED - W/MEDIAN BARRIER,,STRAIGHT AND LEVEL,DRY,NO DEFECTS,NOT ON SCENE (DESK REPORT),NO INJURY / DRIVE AWAY,,,,"$501 - $1,500",08/05/2025 04:01:00 PM,FAILING TO REDUCE SPEED TO AVOID CRASH,NOT APPLICABLE,5733,S,KEDZIE AVE,824,,,,,,,2,NO INDICATION OF INJURY,0,0,0,0,0,1,0,20,2,8,41.7888914342,-87.7032795922,POINT (-87.703279592166 41.788891434222)
65f739fc321973527865ef44af5d7183c28d595717df873c138bc822246a052350bc568a21943e1b9c8e2a2a38e25a929330d40512ac8445020ea75f93b1494f,,08/04/2025 08:30:00 PM,30,NO CONTROLS,NO CONTROLS,CLEAR,DARKNESS,PARKED MOTOR VEHICLE,ONE-WAY,,STRAIGHT AND LEVEL,DRY,NO DEFECTS,NOT ON SCENE (DESK REPORT),NO INJURY / DRIVE AWAY,,,Y,"$501 - $1,500",08/06/2025 12:15:00 PM,UNABLE TO DETERMINE,NOT APPLICABLE,3301,W,BELLE PLAINE AVE,1724,,,,,,,2,NO INDICATION OF INJURY,0,0,0,0,0,1,0,20,2,8,41.9556341247,-87.7106385513,POINT (-87.710638551317 41.955634124654)
d8bd0753b43a36097250afab4ff5debaf26ea9eacce973b274cfa4bdf4b5b515a13e9fa758718bdb4faeb9d8f30428261f5483fa00c25deef218b08f2b72c412,,08/04/2025 08:30:00 PM,30,NO CONTROLS,NO CONTROLS,CLEAR,DUSK,SIDESWIPE SAME DIRECTION,NOT DIVIDED,,STRAIGHT AND LEVEL,DRY,NO DEFECTS,NOT ON SCENE (DESK REPORT),NO INJURY / DRIVE AWAY,,,Y,"$501 - $1,500",08/04/2025 11:30:00 PM,IMPROPER LANE USAGE,UNABLE TO DETERMINE,7344,S,GREENWOOD AVE,324,,,,,,,2,NO INDICATION OF INJURY,0,0,0,0,0,2,0,20,2,8,41.7610077697,-87.5982993044,POINT (-87.598299304382 41.761007769668)
763a19e4716fd950e3442f086a1ba0f97e5629e7bfae38a7bcb03d0c13337090b0e5f2d98c34809dfde7b23eeb3b9f3c8465316e15e332ea4cebe730a090d87c,,08/04/2025 08:10:00 PM,30,TRAFFIC SIGNAL,FUNCTIONING PROPERLY,CLEAR,"DARKNESS, LIGHTED ROAD",SIDESWIPE SAME DIRECTION,FOUR WAY,,STRAIGHT ON GRADE,DRY,NO DEFECTS,ON SCENE,NO INJURY / DRIVE AWAY,,,,"OVER $1,500",08/04/2025 08:14:00 PM,RELATED TO BUS STOP,FAILING TO REDUCE SPEED TO AVOID CRASH,2408,N,CALIFORNIA AVE,1414,,,,,,,2,NO INDICATION OF INJURY,0,0,0,0,0,3,0,20,2,8,41.9251222662,-87.6975683051,POINT (-87.697568305108 41.925122266168)
9b25b3ed64e488670ba4e7b305b865c25e232ddbf58823608db0c8096fcfed3560116d7bfd553ff59e5a143dd476a2550b9fb6a7f678e96b0c49bb05aaa3364d,,08/04/2025 08:05:00 PM,30,STOP SIGN/FLASHER,FUNCTIONING PROPERLY,CLEAR,"DARKNESS, LIGHTED ROAD",TURNING,ONE-WAY,,STRAIGHT AND LEVEL,DRY,UNKNOWN,ON SCENE,INJURY AND / OR TOW DUE TO CRASH,Y,,Y,"OVER $1,500",08/04/2025 08:34:00 PM,FAILING TO YIELD RIGHT-OF-WAY,DISREGARDING STOP SIGN,7700,S,LUELLA AVE,414,,,,,,,2,NO INDICATION OF INJURY,0,0,0,0,0,6,0,20,2,8,41.7552230195,-87.5701059903,POINT (-87.570105990252 41.755223019496)
b64edb437f20a0ecbbd4817dc050bbf0121086741e1853fb6fc03726a32f0b35132f754ca19bef3812f8bbfe41b891e5f8dd46b2520fb99ddd09636873ca2c80,,08/04/2025 08:00:00 PM,25,UNKNOWN,UNKNOWN,CLEAR,"DARKNESS, LIGHTED ROAD",PARKED MOTOR VEHICLE,ONE-WAY,,STRAIGHT AND LEVEL,DRY,NO DEFECTS,NOT ON SCENE (DESK REPORT),NO INJURY / DRIVE AWAY,,,,"OVER $1,500",08/05/2025 10:10:00 AM,UNABLE TO DETERMINE,UNABLE TO DETERMINE,1728,N,SAWYER AVE,1422,,,,,,,2,NO INDICATION OF INJURY,0,0,0,0,0,1,0,20,2,8,41.912754819,-87.7086699284,POINT (-87.708669928384 41.912754819022)
97e33300a5899ff36109ca8533d6772749d0e939441ebd73a3a7f7029c29a3117106748ecc49cb1873f02b435a8ff53c80b1a49126dd22e00bfe2731589b083d,,08/04/2025 07:55:00 PM,30,TRAFFIC SIGNAL,FUNCTIONING PROPERLY,CLEAR,DAYLIGHT,TURNING,OTHER,,STRAIGHT AND LEVEL,DRY,NO DEFECTS,ON SCENE,NO INJURY / DRIVE AWAY,Y,,,"OVER $1,500",08/04/2025 07:55:00 PM,UNABLE TO DETERMINE,UNABLE TO DETERMINE,6300,S,WENTWORTH AVE,312,,,,,,,2,NO INDICATION OF INJURY,0,0,0,0,0,2,0,19,2,8,41.7799026134,-87.6302938056,POINT (-87.630293805556 41.779902613439)
e5b241d84e282493ac766c3024a3cdde3dc0b4dda7a3342c4db6337055267b726cf5bf4f4af3addedeae8effa5f83625fc7d40a5f3003ec80dda3d8c4e5408d2,,08/04/2025 07:45:00 PM,30,NO CONTROLS,NO CONTROLS,CLEAR,"DARKNESS, LIGHTED ROAD",REAR END,NOT DIVIDED,,STRAIGHT AND LEVEL,DRY,NO DEFECTS,NOT ON SCENE (DESK REPORT),NO INJURY / DRIVE AWAY,,,,"OVER $1,500",08/05/2025 12:30:00 PM,FAILING TO YIELD RIGHT-OF-WAY,NOT APPLICABLE,4398,W,FULLERTON AVE,2524,,,,,,,2,NO INDICATION OF INJURY,0,0,0,0,0,2,0,19,2,8,41.924475786,-87.7365107629,POINT (-87.736510762874 41.924475785985)
6103bd3f169524ab94febf829b6f0694688c6a4c0e901fc1ac5f579689119982d1017a20b2c5d5e457348a487d904d17b3eed877ae4b84c7cb925994d8ab269d,,08/04/2025 07:40:00 PM,10,OTHER,NO CONTROLS,CLEAR,"DARKNESS, LIGHTED ROAD",ANGLE,PARKING LOT,,STRAIGHT AND LEVEL,DRY,UNKNOWN,NOT ON SCENE (DESK REPORT),NO INJURY / DRIVE AWAY,,,,"$501 - $1,500",08/04/2025 09:05:00 PM,UNABLE TO DETERMINE,UNABLE TO DETERMINE,4626,W,DIVERSEY AVE,2521,,,,,,,2,NO INDICATION OF INJURY,0,0,0,0,0,2,0,19,2,8,41.9316889194,-87.7430169468,POINT (-87.743016946831 41.931688919351)
cdb9dc9c076edef70d361504fc6787c0ad5274ef0206d814f7859b75c8e2bb12f3e435a72bb1ffc95d52fc9ecde739dd6926f6df3b96906c1c879cd18947f046,,08/04/2025 07:30:00 PM,30,TRAFFIC SIGNAL,FUNCTIONING PROPERLY,CLEAR,"DARKNESS, LIGHTED ROAD",REAR END,DIVIDED - W/MEDIAN BARRIER,,STRAIGHT AND LEVEL,DRY,NO DEFECTS,ON SCENE,NO INJURY / DRIVE AWAY,,,,"OVER $1,500",08/04/2025 09:35:00 PM,FOLLOWING TOO CLOSELY,FOLLOWING TOO CLOSELY,3201,W,DEVON AVE,2413,,,,,,,2,NO INDICATION OF INJURY,0,0,0,0,0,2,0,19,2,8,41.9972784744,-87.7094073572,POINT (-87.709407357178 41.997278474417)
c23760a38c39bc2aefdde64a5f2e2ab0765d274ff8289c056dbc4cd598fb087cf504ef0a1de9678936e60b77b61aaaababca8c9d6b60b3c1f862b8a1b49a89b5,,08/04/2025 07:28:00 PM,30,NO CONTROLS,NO CONTROLS,CLEAR,DAYLIGHT,REAR END,DIVIDED - W/MEDIAN BARRIER,,STRAIGHT AND LEVEL,DRY,NO DEFECTS,ON SCENE,NO INJURY / DRIVE AWAY,,,,"OVER $1,500",08/04/2025 07:28:00 PM,FOLLOWING TOO CLOSELY,UNABLE TO DETERMINE,3149,N,ASHLAND AVE,1932,,,,,,,2,NO INDICATION OF INJURY,0,0,0,0,0,2,0,19,2,8,41.9393717576,-87.6685046268,POINT (-87.668504626835 41.939371757597)