CRASH_RECORD_ID,CRASH_DATE_EST_I,CRASH_DATE,POSTED_SPEED_LIMIT,TRAFFIC_CONTROL_DEVICE,DEVICE_CONDITION,WEATHER_CONDITION,LIGHTING_CONDITION,FIRST_CRASH_TYPE,TRAFFICWAY_TYPE,LANE_CNT,ALIGNMENT,ROADWAY_SURFACE_COND,ROAD_DEFECT,REPORT_TYPE,CRASH_TYPE,INTERSECTION_RELATED_I,NOT_RIGHT_OF_WAY_I,HIT_AND_RUN_I,DAMAGE,DATE_POLICE_NOTIFIED,PRIM_CONTRIBUTORY_CAUSE,SEC_CONTRIBUTORY_CAUSE,STREET_NO,STREET_DIRECTION,STREET_NAME,BEAT_OF_OCCURRENCE,PHOTOS_TAKEN_I,STATEMENTS_TAKEN_I,DOORING_I,WORK_ZONE_I,WORK_ZONE_TYPE,WORKERS_PRESENT_I,NUM_UNITS,MOST_SEVERE_INJURY,INJURIES_TOTAL,INJURIES_FATAL,INJURIES_INCAPACITATING,INJURIES_NON_INCAPACITATING,INJURIES_REPORTED_NOT_EVIDENT,INJURIES_NO_INDICATION,INJURIES_UNKNOWN,CRASH_HOUR,CRASH_DAY_OF_WEEK,CRASH_MONTH,LATITUDE,LONGITUDE,LOCATION
2f59a896d85db6aa356b77c595df8ff0bbd54a4cd7d44aee725aa27bd776bd3f1d932734b46f713b09e5cf49a9def3da8ceb8251624901f8565124b00ca0bdb1,,08/04/2025 07:27:00 PM,30,STOP SIGN/FLASHER,NO CONTROLS,CLEAR,DAYLIGHT,TURNING,DIVIDED - W/MEDIAN BARRIER,,STRAIGHT AND LEVEL,DRY,NO DEFECTS,ON SCENE,NO INJURY / DRIVE AWAY,,,,"$501 - $1,500",08/04/2025 07:27:00 PM,DISREGARDING STOP SIGN,NOT APPLICABLE,1502,E,55TH ST,234,,,N,,,,2,NO INDICATION OF INJURY,0,0,0,0,0,2,0,19,2,8,41.7953092994,-87.5890555353,POINT (-87.589055535295 41.7953092994)
7322bb280034201181ffd348fbbca77c05c74da950acc2d1014702f40cc3fc1f754757fac772175323fa76ccef7ea28d3f0604cf484b7637bbf0425ed9ee33d6,,08/04/2025 07:27:00 PM,15,NO CONTROLS,NO CONTROLS,CLEAR,DUSK,ANGLE,PARKING LOT,,STRAIGHT AND LEVEL,UNKNOWN,UNKNOWN,ON SCENE,NO INJURY / DRIVE AWAY,,,,"OVER $1,500",08/04/2025 07:47:00 PM,UNABLE TO DETERMINE,NOT APPLICABLE,10020,W,BALMORAL AVE,1654,,,,,,,2,NO INDICATION OF INJURY,0,0,0,0,0,2,0,19,2,8,,,
4ce22d91981016819d3b7809c0edb42e40b5a95da26a7fa742ed86572c2f0a446ee85a976249e0ab15e3e8896f84ab8979cf946ce86d43fe170650b6307cc28b,,08/04/2025 07:15:00 PM,30,NO CONTROLS,NO CONTROLS,CLEAR,"DARKNESS, LIGHTED ROAD",PARKED MOTOR VEHICLE,NOT DIVIDED,,STRAIGHT AND LEVEL,DRY,NO DEFECTS,ON SCENE,NO INJURY / DRIVE AWAY,,,,"OVER $1,500",08/04/2025 08:30:00 PM,UNABLE TO DETERMINE,NOT APPLICABLE,7746,S,NORMAL AVE,621,,,,,,,2,NO INDICATION OF INJURY,0,0,0,0,0,1,0,19,2,8,41.7529994075,-87.6369390972,POINT (-87.636939097188 41.752999407477)
38c5fd17ad9c82c40c64c808639ad297348a1e78a7edd355c4e7bb4325ab7c0d34000456dba297cc7290d5cf7da85487494f712d9b89d340730a2a232abcec7e,Y,08/04/2025 07:05:00 PM,25,NO CONTROLS,NO CONTROLS,UNKNOWN,"DARKNESS, LIGHTED ROAD",REAR END,NOT DIVIDED,,STRAIGHT AND LEVEL,UNKNOWN,UNKNOWN,NOT ON SCENE (DESK REPORT),NO INJURY / DRIVE AWAY,,,,"OVER $1,500",08/05/2025 08:30:00 PM,UNABLE TO DETERMINE,UNABLE TO DETERMINE,5658,W,ROOSEVELT RD,1513,,,,,,,2,NO INDICATION OF INJURY,0,0,0,0,0,2,0,19,2,8,41.8656741188,-87.7666993772,POINT (-87.76669937716 41.865674118765)
ca31a64db042c4c199da31585bb6a501dc070e01bdf80fa403a593758b083647413c428c4a6ae736b17434d4d1ae3d7df882df52709ceb6e76e1a6bb1e6e7f77,,08/04/2025 07:00:00 PM,10,NO CONTROLS,NO CONTROLS,CLEAR,DUSK,ANGLE,ALLEY,,STRAIGHT AND LEVEL,DRY,WORN SURFACE,NOT ON SCENE (DESK REPORT),NO INJURY / DRIVE AWAY,,,,"$501 - $1,500",08/04/2025 09:20:00 PM,IMPROPER BACKING,DRIVING SKILLS/KNOWLEDGE/EXPERIENCE,2434,W,DEVON AVE,2412,,,,,,,2,NO INDICATION OF INJURY,0,0,0,0,0,2,0,19,2,8,41.997817926,-87.6912518856,POINT (-87.69125188557 41.997817925957)
cfbb98b91f72365d0fe2ff39d0b660cebefff95f981f1566ac52982bd20ee292847b38ae0df7436774ef5725261d232c564a873795b86ee6d46d1bc1f1779dc0,,08/04/2025 07:00:00 PM,30,NO CONTROLS,NO CONTROLS,CLEAR,"DARKNESS, LIGHTED ROAD",PARKED MOTOR VEHICLE,T-INTERSECTION,,STRAIGHT AND LEVEL,DRY,UNKNOWN,ON SCENE,NO INJURY / DRIVE AWAY,Y,,,"OVER $1,500",08/04/2025 08:27:00 PM,IMPROPER BACKING,NOT APPLICABLE,920,W,CONCORD PL,1813,,,,,,,2,NO INDICATION OF INJURY,0,0,0,0,0,1,0,19,2,8,41.9118856374,-87.6515005016,POINT (-87.651500501645 41.911885637381)
589fb147073201382bb7f327da8df5a8c92baa20c568dd4f7366dfc2f8af2456da8247a355e94c4148d91a042759f6d0c66bd191174b50c69655b4b944b70d90,,08/04/2025 06:55:00 PM,30,STOP SIGN/FLASHER,FUNCTIONING PROPERLY,CLEAR,DAYLIGHT,ANGLE,DIVIDED - W/MEDIAN (NOT RAISED),,STRAIGHT AND LEVEL,DRY,NO DEFECTS,NOT ON SCENE (DESK REPORT),NO INJURY / DRIVE AWAY,Y,,,"OVER $1,500",08/04/2025 07:55:00 PM,FAILING TO YIELD RIGHT-OF-WAY,NOT APPLICABLE,9958,S,EWING AVE,432,,,,,,,2,NO INDICATION OF INJURY,0,0,0,0,0,2,0,18,2,8,41.7139855664,-87.5354227558,POINT (-87.535422755812 41.713985566384)
c46c9357a8514eb49f623799060ecf253c7333cd116b564e48759843b04ceecb7a7b81fe2dfe2fe2ec46c0f2f81d9f6da504e6b6b83f3593e02a0f22019627b7,,08/04/2025 06:54:00 PM,30,STOP SIGN/FLASHER,FUNCTIONING PROPERLY,CLEAR,DAYLIGHT,REAR END,ONE-WAY,,STRAIGHT AND LEVEL,DRY,UNKNOWN,,NO INJURY / DRIVE AWAY,Y,,,"$501 - $1,500",08/04/2025 09:00:00 PM,"OPERATING VEHICLE IN ERRATIC, RECKLESS, CARELESS, NEGLIGENT OR AGGRESSIVE MANNER",UNABLE TO DETERMINE,3716,E,100TH ST,432,,,,,,,2,NO INDICATION OF INJURY,0,0,0,0,0,2,0,18,2,8,41.7140400486,-87.5333582122,POINT (-87.533358212158 41.71404004862)
6d06306f4ca6d96693f3b2d1eda798352e27784290adea6e5d0752805af004e589cd2a30c9cb54dcf11d091ea81f99c20e302ec457d23626884d1af0940a5d91,,08/04/2025 06:45:00 PM,25,NO CONTROLS,UNKNOWN,CLEAR,DAYLIGHT,PARKED MOTOR VEHICLE,ONE-WAY,,STRAIGHT AND LEVEL,DRY,UNKNOWN,NOT ON SCENE (DESK REPORT),NO INJURY / DRIVE AWAY,,,Y,"OVER $1,500",08/04/2025 06:57:00 PM,DRIVING SKILLS/KNOWLEDGE/EXPERIENCE,UNABLE TO DETERMINE,1539,N,CLAREMONT AVE,1424,,,,,,,2,NO INDICATION OF INJURY,0,0,0,0,0,1,0,18,2,8,41.909680719,-87.6858373521,POINT (-87.685837352136 41.909680718957)
2bd29943e0cab4d6835cf186986c17826f11b3053e124ee11013e7086a6e51f4c8440292ebd29519a09bd5afaaebdeaa0f3a05adf1a3299daafcb84c4e1fb606,,08/04/2025 06:44:00 PM,30,TRAFFIC SIGNAL,FUNCTIONING PROPERLY,CLEAR,DAYLIGHT,ANGLE,FOUR WAY,,STRAIGHT AND LEVEL,DRY,NO DEFECTS,ON SCENE,INJURY AND / OR TOW DUE TO CRASH,Y,,,"OVER $1,500",08/04/2025 06:44:00 PM,DISREGARDING TRAFFIC SIGNALS,NOT APPLICABLE,5400,W,AUGUSTA BLVD,1524,,,,,,,2,INCAPACITATING INJURY,1,0,1,0,0,1,0,18,2,8,41.8986488452,-87.7609151829,POINT (-87.760915182858 41.898648845243)
9563daa20f5b314def4f5b2061250fbf132fa839a5cf84a9d798db1091c796fa17508b1267fedc789c8b4dd7f16d155a3c9e6eb8c42c865ec505e1f043a34c9a,,08/04/2025 06:40:00 PM,30,TRAFFIC SIGNAL,FUNCTIONING PROPERLY,CLEAR,DAYLIGHT,SIDESWIPE SAME DIRECTION,FOUR WAY,,CURVE ON HILLCREST,DRY,UNKNOWN,NOT ON SCENE (DESK REPORT),NO INJURY / DRIVE AWAY,Y,,,"OVER $1,500",08/04/2025 07:50:00 PM,UNABLE TO DETERMINE,NOT APPLICABLE,2398,W,FULLERTON AVE,1432,Y,Y,,,,,2,NO INDICATION OF INJURY,0,0,0,0,0,2,0,18,2,8,41.925010656,-87.6876177869,POINT (-87.687617786941 41.925010655979)
c036dd05fe27b558b4ba800106d910425693a59b7e673d2aae534e119051c56af9249f533484e2ad6fa6c4e965c6e8569f55459521b5757bcc056ba278cc862e,Y,08/04/2025 06:30:00 PM,30,TRAFFIC SIGNAL,FUNCTIONING PROPERLY,CLEAR,DAYLIGHT,REAR END,NOT DIVIDED,,STRAIGHT AND LEVEL,DRY,UNKNOWN,NOT ON SCENE (DESK REPORT),NO INJURY / DRIVE AWAY,,,Y,"OVER $1,500",08/04/2025 07:00:00 PM,FOLLOWING TOO CLOSELY,NOT APPLICABLE,4600,N,WESTERN AVE,1911,,,,,,,2,NO INDICATION OF INJURY,0,0,0,0,0,2,0,18,2,8,41.9649081632,-87.688939911,POINT (-87.688939910998 41.964908163223)
12e51d7a652956ee4852b2a157a9eb4103c52e668c3cc4fbd0dfdb73be42de7cfa9cba8e32c948477e97bf2ef014376bd721f041527aa8e1fc896f449b0f2fb6,,08/04/2025 06:23:00 PM,25,NO CONTROLS,NO CONTROLS,CLEAR,DAYLIGHT,REAR END,NOT DIVIDED,,STRAIGHT AND LEVEL,DRY,NO DEFECTS,ON SCENE,NO INJURY / DRIVE AWAY,,,Y,"OVER $1,500",08/04/2025 06:30:00 PM,FAILING TO REDUCE SPEED TO AVOID CRASH,NOT APPLICABLE,6101,W,63RD ST,812,,,,,,,2,NO INDICATION OF INJURY,0,0,0,0,0,2,0,18,2,8,41.7777055086,-87.7739948838,POINT (-87.773994883818 41.77770550864)
c8a88a75eec9b08cce290eaf78dc6e19e61dcffb62b8e364a96c38d12ac97670b53b91058670bafd1570857484df853df6aabc215110a0e14a02d716de2d2b51,,08/04/2025 06:19:00 PM,30,NO CONTROLS,NO CONTROLS,CLEAR,DAYLIGHT,PEDESTRIAN,NOT DIVIDED,,STRAIGHT AND LEVEL,DRY,NO DEFECTS,ON SCENE,INJURY AND / OR TOW DUE TO CRASH,,,,"OVER $1,500",08/04/2025 06:19:00 PM,FAILING TO YIELD RIGHT-OF-WAY,FAILING TO YIELD RIGHT-OF-WAY,4255,S,WHIPPLE ST,921,,,,,,,2,INCAPACITATING INJURY,1,0,1,0,0,1,0,18,2,8,41.8161067602,-87.700612081,POINT (-87.700612080975 41.816106760192)
d8c1f86753e5959f66bdc84f1a8e74f501b16824571ba6ec035b20acef9d6f1130de40ec974d1f1c914fd7c8c7746794621438163d025f09cd5128348cbc80ad,,08/04/2025 06:15:00 PM,30,NO CONTROLS,NO CONTROLS,CLEAR,DAYLIGHT,REAR END,DIVIDED - W/MEDIAN (NOT RAISED),,STRAIGHT AND LEVEL,DRY,UNKNOWN,NOT ON SCENE (DESK REPORT),NO INJURY / DRIVE AWAY,,,Y,"OVER $1,500",08/04/2025 07:15:00 PM,UNABLE TO DETERMINE,NOT APPLICABLE,2311,N,OAK PARK AVE,2512,,,,,,,2,NO INDICATION OF INJURY,0,0,0,0,0,2,0,18,2,8,41.9215355421,-87.7950315421,POINT (-87.795031542074 41.921535542091)
eb2fb92173352285ebce217cc146c69008ee48afa31ed3bbdce1e0046f88a5bc476886544269f512506c4b692ddad6c1fc6d2b7499b693d814682bffcafff795,,08/04/2025 06:14:00 PM,30,STOP SIGN/FLASHER,FUNCTIONING PROPERLY,CLEAR,DAYLIGHT,PEDALCYCLIST,ONE-WAY,,STRAIGHT AND LEVEL,DRY,NO DEFECTS,ON SCENE,INJURY AND / OR TOW DUE TO CRASH,,,Y,"$501 - $1,500",08/04/2025 06:14:00 PM,FAILING TO YIELD RIGHT-OF-WAY,FOLLOWING TOO CLOSELY,1857,N,HUMBOLDT BLVD,1421,,,,,,,2,NONINCAPACITATING INJURY,1,0,0,1,0,1,0,18,2,8,41.915481472,-87.7018833279,POINT (-87.701883327914 41.915481472039)
4e6c0bcb54ba2703f4123c7741ebbb50af3149c81042529553ea3e1c95c9540898e2f3607e8822ad4b2be4c2672a1d17d8757e3e569c64124eabc474af551600,,08/04/2025 06:05:00 PM,20,NO CONTROLS,UNKNOWN,CLEAR,DAYLIGHT,PARKED MOTOR VEHICLE,DIVIDED - W/MEDIAN (NOT RAISED),,STRAIGHT AND LEVEL,DRY,UNKNOWN,ON SCENE,NO INJURY / DRIVE AWAY,,,,"OVER $1,500",08/04/2025 06:07:00 PM,IMPROPER BACKING,NOT APPLICABLE,475,W,24TH ST,914,,,,,,,2,NO INDICATION OF INJURY,0,0,0,0,0,1,0,18,2,8,41.8489421394,-87.6397722801,POINT (-87.639772280056 41.848942139359)
46a9c282d9f837b4b23b574ae4d4ca94c9c28000252d046d9a4b8e68f9db3d0001a4f0f42dd8972604a3cea4f7339521a84ff79abbf53e570ca301634a2d07bf,,08/04/2025 06:00:00 PM,30,NO CONTROLS,NO CONTROLS,CLEAR,DUSK,PARKED MOTOR VEHICLE,PARKING LOT,,STRAIGHT AND LEVEL,DRY,NO DEFECTS,ON SCENE,NO INJURY / DRIVE AWAY,,,Y,"OVER $1,500",08/04/2025 08:15:00 PM,UNABLE TO DETERMINE,UNABLE TO DETERMINE,2500,N,CENTRAL AVE,2515,,,,,,,2,NO INDICATION OF INJURY,0,0,0,0,0,1,0,18,2,8,41.9258928802,-87.7662048258,POINT (-87.766204825838 41.925892880213)
4e26133a649107329b2146900000dac2f6f04b6a8a0a2d71722614bb86369e17ed4c47e225a86ebec2166b85191a3069cbafb58e7c2636fd8f62737e3940453f,,08/04/2025 06:00:00 PM,30,NO CONTROLS,NO CONTROLS,CLEAR,DAYLIGHT,SIDESWIPE SAME DIRECTION,NOT DIVIDED,,STRAIGHT AND LEVEL,DRY,UNKNOWN,ON SCENE,NO INJURY / DRIVE AWAY,,,,"OVER $1,500",08/04/2025 06:10:00 PM,FAILING TO REDUCE SPEED TO AVOID CRASH,FAILING TO YIELD RIGHT-OF-WAY,2613,W,DEVON AVE,2413,,,,,,,2,NO INDICATION OF INJURY,0,0,0,0,0,2,0,18,2,8,41.9975272032,-87.6952946226,POINT (-87.695294622569 41.997527203246)
514aa6700004f16ec78d075b515b5d2dbcd5de610d9035e3a7de98c56df6d8c4ddbc1d680fb463f1011e168c87e19f0d0dba577a2bd9ede8bb44cdb513079561,,08/04/2025 06:00:00 PM,10,NO CONTROLS,NO CONTROLS,CLEAR,DAYLIGHT,REAR TO SIDE,PARKING LOT,,STRAIGHT AND LEVEL,DRY,NO DEFECTS,NOT ON SCENE (DESK REPORT),NO INJURY / DRIVE AWAY,,,Y,"$501 - $1,500",08/04/2025 06:40:00 PM,UNABLE TO DETERMINE,NOT APPLICABLE,3128,W,103RD ST,2211,,,,,,,2,NO INDICATION OF INJURY,0,0,0,0,0,2,0,18,2,8,41.7063128446,-87.6997671192,POINT (-87.699767119209 41.706312844615)
eb0a00b8a94728ecba0a75f169077db166ab661544cb07b8ca69e8ce6e2101a1c537633766d7e666d0fd86e264aea365fad0241894330ddb43c14efeacca4a3d,,08/04/2025 06:00:00 PM,30,UNKNOWN,UNKNOWN,UNKNOWN,DAYLIGHT,REAR END,FOUR WAY,,STRAIGHT AND LEVEL,UNKNOWN,UNKNOWN,NOT ON SCENE (DESK REPORT),INJURY AND / OR TOW DUE TO CRASH,Y,,,"OVER $1,500",08/12/2025 02:50:00 PM,UNABLE TO DETERMINE,UNABLE TO DETERMINE,2,W,MARQUETTE RD,322,,,,,,,2,NONINCAPACITATING INJURY,2,0,0,2,0,1,0,18,2,8,41.7728337701,-87.6251440977,POINT (-87.625144097739 41.77283377006)
1317e6dfa6798021d0b277d8d64665b76476cf2375973900f099571d6bb1ce3709792de505b1a9adb81603ae3ba9de3de6fc473abce424d23eb6c74efc73bbdb,,08/04/2025 05:56:00 PM,30,NO CONTROLS,NO CONTROLS,UNKNOWN,DAYLIGHT,REAR END,DIVIDED - W/MEDIAN (NOT RAISED),,STRAIGHT AND LEVEL,UNKNOWN,UNKNOWN,NOT ON SCENE (DESK REPORT),NO INJURY / DRIVE AWAY,,,,"OVER $1,500",08/06/2025 10:30:00 AM,FOLLOWING TOO CLOSELY,UNABLE TO DETERMINE,2201,W,FULLERTON AVE,1432,,,,,,,2,NO INDICATION OF INJURY,0,0,0,0,0,2,0,17,2,8,41.9248445561,-87.683677143,POINT (-87.683677142964 41.924844556067)
0424669c9dd024d801ce27eecb80f524d5bddf2f45d8643b6417f2a661c8c37bfe32d0560f7d61c1335fbf4e904f6500e56951c0330714c56bec4e3f8eb127a4,,08/04/2025 05:50:00 PM,30,TRAFFIC SIGNAL,FUNCTIONING PROPERLY,CLEAR,DAYLIGHT,ANGLE,DIVIDED - W/MEDIAN (NOT RAISED),,STRAIGHT AND LEVEL,DRY,NO DEFECTS,NOT ON SCENE (DESK REPORT),NO INJURY / DRIVE AWAY,,,Y,"OVER $1,500",08/04/2025 06:40:00 PM,FAILING TO YIELD RIGHT-OF-WAY,NOT APPLICABLE,700,S,WOOD ST,1231,,,,,,,2,NO INDICATION OF INJURY,0,0,0,0,0,2,0,17,2,8,41.8726964664,-87.6716677021,POINT (-87.671667702126 41.872696466358)
f6760f693567b07258daeb88165d2628e865a74972198a55e0355507a1391761bdb963d1ee45b74551770096ff1532a51eff86f0f9038b0f11f2a63a166951e3,,08/04/2025 05:50:00 PM,30,NO CONTROLS,NO CONTROLS,CLEAR,DAYLIGHT,TURNING,NOT DIVIDED,,STRAIGHT AND LEVEL,DRY,NO DEFECTS,NOT ON SCENE (DESK REPORT),NO INJURY / DRIVE AWAY,,,,"OVER $1,500",08/04/2025 06:15:00 PM,IMPROPER TURNING/NO SIGNAL,IMPROPER LANE USAGE,1540,E,95TH ST,413,,,,,,,2,NO INDICATION OF INJURY,0,0,0,0,0,2,0,17,2,8,41.7224396062,-87.5860971885,POINT (-87.586097188498 41.722439606206)
a26bd68fe3759e6156c93ccc44aac245b52c2f6e26c0093eb8f0cdb42a1b0153877c51abcee88e1a1ffcb5966e6d44d89d519827ef28098b4f2d4c12f284c61b,,08/04/2025 05:48:00 PM,30,STOP SIGN/FLASHER,FUNCTIONING PROPERLY,CLEAR,DAYLIGHT,ANGLE,UNKNOWN INTERSECTION TYPE,,STRAIGHT AND LEVEL,DRY,UNKNOWN,NOT ON SCENE (DESK REPORT),INJURY AND / OR TOW DUE TO CRASH,Y,,,"OVER $1,500",08/07/2025 02:15:00 PM,DISREGARDING STOP SIGN,DRIVING SKILLS/KNOWLEDGE/EXPERIENCE,681,W,LAKE ST,1224,,,,,,,2,NONINCAPACITATING INJURY,1,0,0,1,0,1,0,17,2,8,41.8855776894,-87.6456730072,POINT (-87.645673007173 41.885577689414)
1e2189589717ec425cd07367101a443d1a8889aa66138ff459db8ff3554011323ca838df89dfbca3e3a736f3c8d91cc8b21be5fb0c01396db60b4619279b1883,,08/04/2025 05:45:00 PM,10,NO CONTROLS,NO CONTROLS,CLEAR,DAYLIGHT,PEDESTRIAN,PARKING LOT,,STRAIGHT AND LEVEL,DRY,UNKNOWN,NOT ON SCENE (DESK REPORT),INJURY AND / OR TOW DUE TO CRASH,,Y,Y,$500 OR LESS,08/04/2025 06:15:00 PM,UNABLE TO DETERMINE,NOT APPLICABLE,4000,W,FULLERTON AVE,2524,,,,,,,2,"REPORTED, NOT EVIDENT",1,0,0,0,1,1,0,17,2,8,41.9245930218,-87.7268192684,POINT (-87.726819268403 41.924593021753)
f80657b082b2f244744c923e92f071bf25404297d04e98116ce5760519b0ed8888607e9c4aa4577ec94795e44bc5dc4a68bc3da67cc6561e93024df1f85678cf,,08/04/2025 05:45:00 PM,30,STOP SIGN/FLASHER,UNKNOWN,CLEAR,DAYLIGHT,REAR TO FRONT,NOT DIVIDED,,STRAIGHT AND LEVEL,UNKNOWN,UNKNOWN,ON SCENE,NO INJURY / DRIVE AWAY,,,,"OVER $1,500",08/04/2025 06:25:00 PM,DISTRACTION - FROM OUTSIDE VEHICLE,DISTRACTION - FROM OUTSIDE VEHICLE,8200,S,DREXEL AVE,631,,,,,,,2,NO INDICATION OF INJURY,0,0,0,0,0,2,0,17,2,8,41.7457310101,-87.602746159,POINT (-87.602746158998 41.745731010066)
ceaf84ccec3fbb80f8f44dec5f3ed468b85a8f57f60dff3b365ba1ad569e57b5187abed82bb9ee1319d0f37247fec4dfd916b0a736aaad1035bce80e092d0957,,08/04/2025 05:40:00 PM,30,NO CONTROLS,NO CONTROLS,CLEAR,DAYLIGHT,SIDESWIPE SAME DIRECTION,NOT DIVIDED,,STRAIGHT AND LEVEL,DRY,NO DEFECTS,ON SCENE,INJURY AND / OR TOW DUE TO CRASH,,,,"OVER $1,500",08/04/2025 05:55:00 PM,UNABLE TO DETERMINE,NOT APPLICABLE,3810,W,MONTROSE AVE,1723,,,,,,,2,"REPORTED, NOT EVIDENT",1,0,0,0,1,3,0,17,2,8,41.9611113653,-87.7234189789,POINT (-87.723418978903 41.961111365348)
f8fa686f14f7456ef124ae41a240caf03d881f3195af5d4b1b53b0f9126314fbc568075875492803c1e237e4a556f71994f101b04c16c7904afb12ab361d3d77,,08/04/2025 05:40:00 PM,30,NO CONTROLS,NO CONTROLS,CLEAR,DAYLIGHT,PARKED MOTOR VEHICLE,NOT DIVIDED,,STRAIGHT AND LEVEL,DRY,NO DEFECTS,ON SCENE,NO INJURY / DRIVE AWAY,,,,"OVER $1,500",08/04/2025 05:50:00 PM,UNABLE TO DETERMINE,UNABLE TO DETERMINE,1619,W,CHICAGO AVE,1215,,,,,,,2,NO INDICATION OF INJURY,0,0,0,0,0,1,0,17,2,8,41.8959511066,-87.6680573256,POINT (-87.668057325607 41.895951106619)
2aa1d0de42406eb96496b909ac6d56dc07305c481bebfebffc30786fdc2b0fff0bdc86074155d04e81043947234807404db9eb4e1f015572b0e8fab9b4b6ea6b,,08/04/2025 05:39:00 PM,15,NO CONTROLS,NO CONTROLS,CLEAR,DAYLIGHT,PEDALCYCLIST,ALLEY,,STRAIGHT AND LEVEL,DRY,NO DEFECTS,ON SCENE,INJURY AND / OR TOW DUE TO CRASH,,,,$500 OR LESS,08/04/2025 07:29:00 PM,FAILING TO REDUCE SPEED TO AVOID CRASH,DRIVING SKILLS/KNOWLEDGE/EXPERIENCE,1031,W,GLENLAKE AVE,2433,,,,,,,2,"REPORTED, NOT EVIDENT",1,0,0,0,1,1,0,17,2,8,41.9922284494,-87.6568081757,POINT (-87.656808175678 41.992228449374)
fbdf0bc67eaa2cca3576b2ded0e3c451f48db668f86d978b3b7a36fe1ce6a41c29a3610c614a4fd5d45b0ac8a3dbb7802601bbb26d7339ddc1595b9b86f9e7f9,,08/04/2025 05:39:00 PM,30,NO CONTROLS,NO CONTROLS,CLEAR,DAYLIGHT,SIDESWIPE SAME DIRECTION,NOT DIVIDED,,STRAIGHT AND LEVEL,DRY,NO DEFECTS,ON SCENE,NO INJURY / DRIVE AWAY,,,Y,"OVER $1,500",08/04/2025 05:57:00 PM,FAILING TO YIELD RIGHT-OF-WAY,FAILING TO YIELD RIGHT-OF-WAY,4890,S,ARCHER AVE,821,,,,,,,2,NO INDICATION OF INJURY,0,0,0,0,0,2,0,17,2,8,41.8045166256,-87.7200769399,POINT (-87.720076939865 41.804516625593)
0ba6569ed049ffa76db331516f66b789a5c3841e3c6e813307a1071828365f402a8c3eec841d5eabe4c5956b724a26e42c701c9a3d04e04784fa13ea63af38e7,N,08/04/2025 05:35:00 PM,30,TRAFFIC SIGNAL,FUNCTIONING PROPERLY,CLEAR,DAYLIGHT,ANGLE,"FIVE POINT, OR MORE",,STRAIGHT AND LEVEL,DRY,UNKNOWN,ON SCENE,INJURY AND / OR TOW DUE TO CRASH,Y,,Y,"OVER $1,500",08/04/2025 05:40:00 PM,FAILING TO YIELD RIGHT-OF-WAY,DRIVING SKILLS/KNOWLEDGE/EXPERIENCE,7901,S,STONY ISLAND AVE,411,,,,,,,2,NO INDICATION OF INJURY,0,0,0,0,0,2,0,17,2,8,41.7514429054,-87.5855058933,POINT (-87.585505893341 41.751442905351)
6eaa6508ffc60ca70e5ab1bdd754d0eaaad1d3cd01df97d215dfa898572acda5f0381e240bb2e206901834416b743f0a9dc4679a08be6502a3dfec18b4c0f5fa,,08/04/2025 05:35:00 PM,30,TRAFFIC SIGNAL,FUNCTIONING PROPERLY,CLEAR,DAYLIGHT,REAR END,NOT DIVIDED,,STRAIGHT AND LEVEL,DRY,NO DEFECTS,NOT ON SCENE (DESK REPORT),NO INJURY / DRIVE AWAY,,,,$500 OR LESS,08/07/2025 05:15:00 PM,UNABLE TO DETERMINE,NOT APPLICABLE,650,W,CHICAGO AVE,1213,,,,,,,2,NO INDICATION OF INJURY,0,0,0,0,0,2,0,17,2,8,41.8965592827,-87.6448257634,POINT (-87.644825763417 41.896559282744)
1ad9a4d6df809ea0f68fab5d9466ef1536b70e231c4e47cefbb5b173b064daa52e65d4d1b6d5c2ac98067d6df67dfe91c19cb389de7f65924936d3b53f8f5ec5,,08/04/2025 05:32:00 PM,30,TRAFFIC SIGNAL,FUNCTIONING PROPERLY,CLEAR,DAYLIGHT,PEDESTRIAN,FOUR WAY,,STRAIGHT AND LEVEL,DRY,NO DEFECTS,ON SCENE,INJURY AND / OR TOW DUE TO CRASH,Y,,,"OVER $1,500",08/04/2025 05:34:00 PM,FAILING TO YIELD RIGHT-OF-WAY,NOT APPLICABLE,636,W,LAKE ST,1214,,,,,,,2,NONINCAPACITATING INJURY,1,0,0,1,0,1,0,17,2,8,41.8858070197,-87.6441718947,POINT (-87.644171894657 41.885807019662)
13e785a26e2e20457bc7c8f24fc60915e457fd3ca30dc3ce4ba3ced98c9734d88ea92b967ecdc2673bde8518b7162412b5ad112a1619e17c8776ea46e8d8f0fa,,08/04/2025 05:30:00 PM,30,NO CONTROLS,NO CONTROLS,CLEAR,DAYLIGHT,PARKED MOTOR VEHICLE,ONE-WAY,,STRAIGHT AND LEVEL,DRY,NO DEFECTS,NOT ON SCENE (DESK REPORT),NO INJURY / DRIVE AWAY,,,,"OVER $1,500",08/05/2025 05:00:00 PM,DRIVING SKILLS/KNOWLEDGE/EXPERIENCE,NOT APPLICABLE,2243,W,ROSEMONT AVE,2413,,,,,,,2,NO INDICATION OF INJURY,0,0,0,0,0,1,0,17,2,8,41.9958561506,-87.6866371247,POINT (-87.686637124677 41.995856150567)
1ac3f122fb9a27b78543c5748d5499c80ae43affe885ecf4d2b17709eca3d78b9499401dba3fa6cc76f5eeb66b87b88db21d81eea7bbf03cd8f594d651a81d62,,08/04/2025 05:30:00 PM,30,STOP SIGN/FLASHER,FUNCTIONING PROPERLY,CLEAR,DAYLIGHT,TURNING,FOUR WAY,,STRAIGHT AND LEVEL,WET,NO DEFECTS,NOT ON SCENE (DESK REPORT),NO INJURY / DRIVE AWAY,Y,,Y,"OVER $1,500",08/05/2025 12:30:00 PM,FAILING TO YIELD RIGHT-OF-WAY,NOT APPLICABLE,7601,S,SANGAMON ST,621,,,,,,,2,NO INDICATION OF INJURY,0,0,0,0,0,3,0,17,2,8,41.7559586725,-87.6476704647,POINT (-87.647670464675 41.755958672453)