CRASH_RECORD_ID,CRASH_DATE_EST_I,CRASH_DATE,POSTED_SPEED_LIMIT,TRAFFIC_CONTROL_DEVICE,DEVICE_CONDITION,WEATHER_CONDITION,LIGHTING_CONDITION,FIRST_CRASH_TYPE,TRAFFICWAY_TYPE,LANE_CNT,ALIGNMENT,ROADWAY_SURFACE_COND,ROAD_DEFECT,REPORT_TYPE,CRASH_TYPE,INTERSECTION_RELATED_I,NOT_RIGHT_OF_WAY_I,HIT_AND_RUN_I,DAMAGE,DATE_POLICE_NOTIFIED,PRIM_CONTRIBUTORY_CAUSE,SEC_CONTRIBUTORY_CAUSE,STREET_NO,STREET_DIRECTION,STREET_NAME,BEAT_OF_OCCURRENCE,PHOTOS_TAKEN_I,STATEMENTS_TAKEN_I,DOORING_I,WORK_ZONE_I,WORK_ZONE_TYPE,WORKERS_PRESENT_I,NUM_UNITS,MOST_SEVERE_INJURY,INJURIES_TOTAL,INJURIES_FATAL,INJURIES_INCAPACITATING,INJURIES_NON_INCAPACITATING,INJURIES_REPORTED_NOT_EVIDENT,INJURIES_NO_INDICATION,INJURIES_UNKNOWN,CRASH_HOUR,CRASH_DAY_OF_WEEK,CRASH_MONTH,LATITUDE,LONGITUDE,LOCATION
ad8cd9c51a8f2301ffed956de65a892fbc6d97af86d8ee48931762c85cc3ba15853c9164f0ad631e455ac69aea3764fdf0d958c5c12be1f19a3c1aef380577fd,,08/04/2025 02:50:00 PM,25,TRAFFIC SIGNAL,FUNCTIONING PROPERLY,CLEAR,DAYLIGHT,SIDESWIPE SAME DIRECTION,DIVIDED - W/MEDIAN BARRIER,,STRAIGHT AND LEVEL,DRY,NO DEFECTS,ON SCENE,NO INJURY / DRIVE AWAY,,,,"OVER $1,500",08/04/2025 02:51:00 PM,IMPROPER OVERTAKING/PASSING,UNABLE TO DETERMINE,3999,N,WESTERN AVE,1921,,,,,,,2,NO INDICATION OF INJURY,0,0,0,0,0,3,0,14,2,8,41.9539685095,-87.6883179953,POINT (-87.688317995326 41.953968509538)
353ffaec49dc67da5bb2f1bdd747ebf51890379316c1c7bf90d5f3dee69e9272cdbd20e992175d15461c67b1297b21a149f6ed5a90b5a56a34bab83d2ea0a7df,,08/04/2025 02:45:00 PM,30,UNKNOWN,UNKNOWN,UNKNOWN,DAYLIGHT,TURNING,OTHER,,STRAIGHT AND LEVEL,DRY,UNKNOWN,NOT ON SCENE (DESK REPORT),NO INJURY / DRIVE AWAY,,,,$500 OR LESS,08/04/2025 07:30:00 PM,UNABLE TO DETERMINE,NOT APPLICABLE,4001,W,MONTROSE AVE,1722,,,,,,,2,NO INDICATION OF INJURY,0,0,0,0,0,2,0,14,2,8,41.9608363053,-87.727886109,POINT (-87.72788610903 41.960836305309)
5959137866e626fd65fbc944ef8e998d0f2ff93bd8d39a0c16a4241922ab4deba6b6022ee9af89dc604a9be9064dd807e41a2ce211914dbe5914ac13ef7469c6,N,08/04/2025 02:45:00 PM,30,NO CONTROLS,NO CONTROLS,CLEAR,DAYLIGHT,PARKED MOTOR VEHICLE,DIVIDED - W/MEDIAN (NOT RAISED),,STRAIGHT AND LEVEL,OTHER,NO DEFECTS,ON SCENE,INJURY AND / OR TOW DUE TO CRASH,,,Y,"OVER $1,500",08/04/2025 06:36:00 PM,UNABLE TO DETERMINE,NOT APPLICABLE,2820,N,KIMBALL AVE,1412,,,,,,,2,NO INDICATION OF INJURY,0,0,0,0,0,1,0,14,2,8,41.9327274004,-87.7124793458,POINT (-87.712479345751 41.932727400396)
31f44c46801a273dd2f0cdfce65f42c4e844dd59615154fd255dc545d97f934031059bf792f414b01fa514bd52577c33b3d226521500b1adc251f79ac11e2f6b,,08/04/2025 02:40:00 PM,30,NO CONTROLS,NO CONTROLS,CLEAR,DAYLIGHT,REAR END,DIVIDED - W/MEDIAN (NOT RAISED),,STRAIGHT AND LEVEL,DRY,NO DEFECTS,NOT ON SCENE (DESK REPORT),NO INJURY / DRIVE AWAY,,,Y,"OVER $1,500",08/04/2025 03:42:00 PM,FOLLOWING TOO CLOSELY,NOT APPLICABLE,3000,W,59TH ST,824,,,,,,,2,NO INDICATION OF INJURY,0,0,0,0,0,2,0,14,2,8,41.7864359925,-87.6985363097,POINT (-87.698536309662 41.786435992467)
b92e84a6ed5da1ae011e3732eb3634918bb49df151cc7f0677afbb228767b471660528c3a7e7312bc3d3abc11a232944c1d8a8b8795c37fadd997de55b45978e,,08/04/2025 02:39:00 PM,30,TRAFFIC SIGNAL,FUNCTIONING IMPROPERLY,CLEAR,DAYLIGHT,TURNING,FOUR WAY,,STRAIGHT AND LEVEL,DRY,NO DEFECTS,ON SCENE,INJURY AND / OR TOW DUE TO CRASH,Y,,,"OVER $1,500",08/04/2025 03:30:00 PM,FAILING TO YIELD RIGHT-OF-WAY,NOT APPLICABLE,12730,S,HALSTED ST,523,Y,,,,,,2,NONINCAPACITATING INJURY,2,0,0,1,1,1,0,14,2,8,41.6622252123,-87.6415332467,POINT (-87.641533246678 41.66222521234)
84b8b0242ddda1a9c13032103ab0d8f91112dd51202a2822a7304be2887842c10c6d643c7ae7fe4f1d95a38489881d0451b0936eeeb28da93510511d03157da2,,08/04/2025 02:35:00 PM,30,UNKNOWN,UNKNOWN,CLEAR,DAYLIGHT,PARKED MOTOR VEHICLE,OTHER,,STRAIGHT AND LEVEL,DRY,UNKNOWN,NOT ON SCENE (DESK REPORT),NO INJURY / DRIVE AWAY,,,Y,"OVER $1,500",08/04/2025 04:00:00 PM,UNABLE TO DETERMINE,DRIVING SKILLS/KNOWLEDGE/EXPERIENCE,1420,W,ADAMS ST,1224,,,,,,,2,NO INDICATION OF INJURY,0,0,0,0,0,1,0,14,2,8,41.879072852,-87.6627995024,POINT (-87.662799502411 41.879072852032)
7b4849bc3d3f4d1e1b83954d575d8bdc64df50af86d54278e7c2c7f61fc62bf07598702594072ceaca230a62cbadaaf912692a695928d43f46dd1303b5b312fd,,08/04/2025 02:33:00 PM,30,TRAFFIC SIGNAL,FUNCTIONING PROPERLY,CLEAR,DAYLIGHT,TURNING,FOUR WAY,,STRAIGHT AND LEVEL,DRY,NO DEFECTS,ON SCENE,INJURY AND / OR TOW DUE TO CRASH,Y,,,"$501 - $1,500",08/04/2025 02:40:00 PM,IMPROPER TURNING/NO SIGNAL,UNABLE TO DETERMINE,220,W,47TH ST,925,,,,,,,2,"REPORTED, NOT EVIDENT",1,0,0,0,1,1,0,14,2,8,41.8092371636,-87.6318670982,POINT (-87.631867098157 41.809237163628)
e74cad3552ed5176f925ad5a22317c391bd7d00dc7aef1963771533cba41c95ed5bbdbf5526e4d73fb5eec58c0ea6433bddfb91029bfbf1fc1dff151b2c38376,,08/04/2025 02:30:00 PM,30,NO CONTROLS,NO CONTROLS,CLEAR,DAYLIGHT,FIXED OBJECT,NOT DIVIDED,,STRAIGHT AND LEVEL,DRY,NO DEFECTS,NOT ON SCENE (DESK REPORT),INJURY AND / OR TOW DUE TO CRASH,,,,"OVER $1,500",08/04/2025 02:48:00 PM,UNABLE TO DETERMINE,NOT APPLICABLE,2069,W,115TH ST,2212,,Y,,,,,1,NO INDICATION OF INJURY,0,0,0,0,0,2,0,14,2,8,41.6844983712,-87.6728624107,POINT (-87.672862410746 41.684498371239)
2f321ce15b3955528ac6c82c67d64a7f36a6668c82c70883fb28b5b2dfb4cab3265f0f448b683aee96dedfc80fdef7975831e9495590cb740055244d6dc85dd1,,08/04/2025 02:29:00 PM,30,STOP SIGN/FLASHER,FUNCTIONING PROPERLY,CLEAR,DAYLIGHT,TURNING,ONE-WAY,,STRAIGHT AND LEVEL,DRY,NO DEFECTS,NOT ON SCENE (DESK REPORT),NO INJURY / DRIVE AWAY,,,,"OVER $1,500",08/05/2025 12:20:00 PM,FOLLOWING TOO CLOSELY,NOT APPLICABLE,1559,N,KILDARE AVE,2534,,,,,,,2,NO INDICATION OF INJURY,0,0,0,0,0,2,0,14,2,8,41.9093762377,-87.7337227544,POINT (-87.73372275439 41.909376237659)
3cfe6f49699e0cd7986da070a43a2e6cf8785475cec59a6b1c17c851fa93cff8074d954c646a1022a6d831c0b9baa9661c6ba1e3941d75efac6d44800be93d57,Y,08/04/2025 02:20:00 PM,10,NO CONTROLS,NO CONTROLS,CLEAR,DAYLIGHT,ANGLE,PARKING LOT,,STRAIGHT AND LEVEL,DRY,UNKNOWN,NOT ON SCENE (DESK REPORT),NO INJURY / DRIVE AWAY,,,,"OVER $1,500",08/04/2025 04:10:00 PM,FAILING TO YIELD RIGHT-OF-WAY,NOT APPLICABLE,2923,N,CALIFORNIA AVE,1411,,,,,,,2,NO INDICATION OF INJURY,0,0,0,0,0,2,0,14,2,8,41.9346891994,-87.6975471911,POINT (-87.697547191107 41.934689199351)
f8469b8fdeacf05d12786ed53081620024608f28e33072e3c108dd09dfc1e0298e62897ea436cb6dcb9e7873372c2e6f04844174fc1559e9378f594bf874f0c7,,08/04/2025 02:20:00 PM,30,TRAFFIC SIGNAL,FUNCTIONING PROPERLY,CLEAR,DAYLIGHT,ANGLE,DIVIDED - W/MEDIAN (NOT RAISED),,STRAIGHT AND LEVEL,DRY,NO DEFECTS,NOT ON SCENE (DESK REPORT),NO INJURY / DRIVE AWAY,,,,$500 OR LESS,08/04/2025 02:55:00 PM,FOLLOWING TOO CLOSELY,NOT APPLICABLE,1600,W,TAYLOR ST,1231,,,,,,,2,NO INDICATION OF INJURY,0,0,0,0,0,5,0,14,2,8,41.8693710845,-87.66652853,POINT (-87.666528530029 41.869371084501)
5998fd27fb5a74ba7c7a34013ac435f8441893d742c13c960437397ab9800b822976ca3dc38e8fe102eef5200255fd5a0143afb6bad204045907c8aedec29813,,08/04/2025 02:15:00 PM,30,STOP SIGN/FLASHER,FUNCTIONING PROPERLY,CLEAR,DAYLIGHT,REAR TO REAR,NOT DIVIDED,,STRAIGHT AND LEVEL,DRY,NO DEFECTS,NOT ON SCENE (DESK REPORT),NO INJURY / DRIVE AWAY,,,,"$501 - $1,500",08/04/2025 03:40:00 PM,IMPROPER BACKING,UNABLE TO DETERMINE,13200,S,BRANDON AVE,433,,,,,,,2,NO INDICATION OF INJURY,0,0,0,0,0,4,0,14,2,8,41.6554136729,-87.5460537788,POINT (-87.54605377881 41.655413672887)
c220b0037c7f53a22af0fc61942b5c1c813a2b2260086e4faabb5b5a8b0b152d692d2986cda0d22f0b1a8ff2dcd0a316144b733a55772d69801b2f129fddfac7,,08/04/2025 02:15:00 PM,30,TRAFFIC SIGNAL,UNKNOWN,CLEAR,DAYLIGHT,REAR END,NOT DIVIDED,,STRAIGHT AND LEVEL,DRY,NO DEFECTS,NOT ON SCENE (DESK REPORT),NO INJURY / DRIVE AWAY,,,,$500 OR LESS,08/04/2025 02:59:00 PM,UNABLE TO DETERMINE,UNABLE TO DETERMINE,2046,N,NARRAGANSETT AVE,2512,,,,,,,2,NO INDICATION OF INJURY,0,0,0,0,0,2,0,14,2,8,41.9178496305,-87.7854139715,POINT (-87.785413971515 41.91784963049)
5a6b5fc04f7d0c8ee24a94b9686ba4c53887ff00abcfa06eeb5dac149d3cd042593ecbb234c232e657f95626d89bb7aaf98cbde927d1facc2dcf589a4d154da3,,08/04/2025 02:10:00 PM,30,NO CONTROLS,NO CONTROLS,CLEAR,DAYLIGHT,REAR END,NOT DIVIDED,,STRAIGHT AND LEVEL,UNKNOWN,UNKNOWN,NOT ON SCENE (DESK REPORT),NO INJURY / DRIVE AWAY,,,,"OVER $1,500",08/04/2025 02:15:00 PM,DRIVING SKILLS/KNOWLEDGE/EXPERIENCE,NOT APPLICABLE,3200,W,63RD ST,823,,,,,,,2,NO INDICATION OF INJURY,0,0,0,0,0,4,0,14,2,8,41.7790815049,-87.7032603654,POINT (-87.703260365447 41.779081504883)
a5399b98df21bdaf25b07d21d23051e0bac7db7f96323559129c39bd81653e329a023e496ba9a2b07b62d6e456f2baf6f09d48432b2c4087268baf0c934c5f58,,08/04/2025 02:10:00 PM,30,NO CONTROLS,NO CONTROLS,CLEAR,DAYLIGHT,ANGLE,ALLEY,,STRAIGHT AND LEVEL,DRY,UNKNOWN,NOT ON SCENE (DESK REPORT),NO INJURY / DRIVE AWAY,Y,,,"OVER $1,500",08/04/2025 02:25:00 PM,"VISION OBSCURED (SIGNS, TREE LIMBS, BUILDINGS, ETC.)",NOT APPLICABLE,645,E,79TH ST,624,,,,,,,2,NO INDICATION OF INJURY,0,0,0,0,0,2,0,14,2,8,41.7511219623,-87.6083026683,POINT (-87.608302668254 41.751121962331)
6c944dfc531a22aa91a5cd4ac8f734a32f93e045ee0d94252db16e6b524f85db4b015a37b324e70d53423a8042424d13d5fd31eb1eacdc599991a1029c724c96,,08/04/2025 02:08:00 PM,30,STOP SIGN/FLASHER,FUNCTIONING PROPERLY,CLEAR,DAYLIGHT,ANGLE,NOT DIVIDED,,STRAIGHT AND LEVEL,DRY,NO DEFECTS,ON SCENE,NO INJURY / DRIVE AWAY,Y,,,"OVER $1,500",08/04/2025 02:08:00 PM,FAILING TO YIELD RIGHT-OF-WAY,DRIVING SKILLS/KNOWLEDGE/EXPERIENCE,2320,W,47TH ST,924,,,,,,,2,NO INDICATION OF INJURY,0,0,0,0,0,6,0,14,2,8,41.808532582,-87.6828921382,POINT (-87.682892138166 41.808532582036)
bebb378580bc047857d5faf66a24c2d8d393dbc7daa33c65cf6fc11c3d6d9b9d7e8b9b88098c8b139d442c0393fe5664fe6ad0812bca07819973d92e1979ff11,,08/04/2025 02:07:00 PM,30,NO CONTROLS,NO CONTROLS,CLEAR,DAYLIGHT,PARKED MOTOR VEHICLE,DIVIDED - W/MEDIAN (NOT RAISED),,STRAIGHT AND LEVEL,DRY,NO DEFECTS,NOT ON SCENE (DESK REPORT),NO INJURY / DRIVE AWAY,,,Y,"OVER $1,500",08/05/2025 12:10:00 AM,IMPROPER BACKING,UNABLE TO DETERMINE,4730,W,IRVING PARK RD,1722,,,,,,,2,NO INDICATION OF INJURY,0,0,0,0,0,1,0,14,2,8,41.9535425576,-87.7466810702,POINT (-87.74668107016 41.953542557568)
3240a7c47e0a8ef0dbe942c2dd40ed854d69a70e9b9f6795cce3cdc425f02f8a376963b606904394bfbc035b9d2e9ecfe27c9e1328935a02e1c379d7a7526837,Y,08/04/2025 02:04:00 PM,30,UNKNOWN,UNKNOWN,UNKNOWN,UNKNOWN,PARKED MOTOR VEHICLE,NOT DIVIDED,,STRAIGHT AND LEVEL,UNKNOWN,UNKNOWN,ON SCENE,NO INJURY / DRIVE AWAY,,,Y,"OVER $1,500",08/04/2025 02:05:00 PM,UNABLE TO DETERMINE,UNABLE TO DETERMINE,4951,W,FOSTER AVE,1623,,,,,,,2,NO INDICATION OF INJURY,0,0,0,0,0,1,0,14,2,8,41.9751684738,-87.7523885572,POINT (-87.7523885572 41.975168473794)
2298ad3cf5bcf1285257679c68e94e81beb8916f70f361be7d39900725a2e89e1d7142b99ccf2584fe3c2ceae470d56e2f93c293ca99150bf03c13b3509c17f7,,08/04/2025 02:03:00 PM,45,TRAFFIC SIGNAL,FUNCTIONING PROPERLY,CLEAR,DAYLIGHT,TURNING,CENTER TURN LANE,,STRAIGHT AND LEVEL,DRY,UNKNOWN,ON SCENE,INJURY AND / OR TOW DUE TO CRASH,Y,,,"OVER $1,500",08/04/2025 03:09:00 PM,IMPROPER TURNING/NO SIGNAL,NOT APPLICABLE,10000,W,OHARE ST,1651,,,,,,,4,"REPORTED, NOT EVIDENT",1,0,0,0,1,3,0,14,2,8,41.976201139,-87.9053091251,POINT (-87.905309125103 41.976201139024)
70b439ca99760540dc40035ee8982e93bbecf3b22f89efe11fc619fd71d0e3f9761d60a39382e3d40479f3a22afa702aabea9cdbb8b6c4745832ffcf797bcbf5,Y,08/04/2025 02:00:00 PM,20,NO CONTROLS,NO CONTROLS,CLEAR,DAYLIGHT,PARKED MOTOR VEHICLE,ONE-WAY,,STRAIGHT AND LEVEL,DRY,NO DEFECTS,ON SCENE,NO INJURY / DRIVE AWAY,,,,"$501 - $1,500",08/04/2025 02:50:00 PM,DRIVING SKILLS/KNOWLEDGE/EXPERIENCE,FOLLOWING TOO CLOSELY,433,W,ROSCOE ST,1925,,,,,,,2,NO INDICATION OF INJURY,0,0,0,0,0,1,0,14,2,8,41.9432463578,-87.6418615486,POINT (-87.641861548605 41.943246357769)
19df1ade046353a2f63cf63d8c4516b2f1015df2fec835b900583061d75a71d38fe2edcb163fc2aa431135b08ffd491497a20b99f095cc5cd123db2a99d0126a,,08/04/2025 01:46:00 PM,30,STOP SIGN/FLASHER,FUNCTIONING PROPERLY,CLEAR,DAYLIGHT,ANGLE,NOT DIVIDED,,STRAIGHT AND LEVEL,DRY,NO DEFECTS,ON SCENE,INJURY AND / OR TOW DUE TO CRASH,,,,"OVER $1,500",08/04/2025 01:46:00 PM,FAILING TO YIELD RIGHT-OF-WAY,FAILING TO YIELD RIGHT-OF-WAY,2700,W,HARRISON ST,1135,,,,,,,2,NONINCAPACITATING INJURY,1,0,0,1,0,2,0,13,2,8,41.873925113,-87.6938007489,POINT (-87.693800748899 41.873925113027)
3f965f81943ba3fc052b7d4ff7ef171a631d5fb3ceb86f88f4f7eba1e024e2d6d4f7090dcbb6e88b2de09602193ea873c29f47b5cbdf49bec5b8d60b0e32b3e0,,08/04/2025 01:34:00 PM,30,TRAFFIC SIGNAL,FUNCTIONING PROPERLY,CLEAR,DAYLIGHT,REAR END,FOUR WAY,,STRAIGHT AND LEVEL,DRY,NO DEFECTS,ON SCENE,INJURY AND / OR TOW DUE TO CRASH,Y,,,"OVER $1,500",08/04/2025 01:34:00 PM,FOLLOWING TOO CLOSELY,NOT APPLICABLE,4758,W,ROOSEVELT RD,1131,,,,,,,3,"REPORTED, NOT EVIDENT",1,0,0,0,1,2,0,13,2,8,41.8660079783,-87.7446337699,POINT (-87.744633769856 41.86600797831)
350fe317bd33ec0d703b4beb8c0a4d10a0d2caa61fd4b806986eb3897b3678fcb3264da454ce622f55026f2eb62e9ffc66000b838e7b90b2eac8c389d02f72d2,,08/04/2025 01:30:00 PM,20,NO CONTROLS,NO CONTROLS,CLEAR,DAYLIGHT,PARKED MOTOR VEHICLE,PARKING LOT,,STRAIGHT AND LEVEL,DRY,NO DEFECTS,ON SCENE,INJURY AND / OR TOW DUE TO CRASH,,Y,,"OVER $1,500",08/04/2025 01:34:00 PM,FAILING TO REDUCE SPEED TO AVOID CRASH,NOT APPLICABLE,10255,W,ZEMKE RD,1654,,,,,,,4,NONINCAPACITATING INJURY,1,0,0,1,0,0,0,13,2,8,41.9947933861,-87.8827076595,POINT (-87.882707659516 41.994793386112)
42ec0d72c49fd94017d8e46138361bbf36038bbaa1ea3e9392de6060c9a4d1e12bc857625cf60071b164521144668fc626181fad96552bd5136fe594534319c9,Y,08/04/2025 01:30:00 PM,30,STOP SIGN/FLASHER,FUNCTIONING PROPERLY,CLEAR,DAYLIGHT,ANGLE,DIVIDED - W/MEDIAN (NOT RAISED),,STRAIGHT AND LEVEL,DRY,UNKNOWN,ON SCENE,INJURY AND / OR TOW DUE TO CRASH,Y,,,"OVER $1,500",08/04/2025 03:11:00 PM,UNABLE TO DETERMINE,NOT APPLICABLE,3359,N,OAK PARK AVE,1632,,,,,,,2,NO INDICATION OF INJURY,0,0,0,0,0,2,0,13,2,8,41.9417240426,-87.7956894992,POINT (-87.795689499209 41.941724042575)
c91ae673cfa0e46bc87d0eebe513f7a539bfda8203096ce60600ff6299e6ec0d67f9030d1c12601690bc2ce29be8ad1e2dfcf38f5628f91f6d6eca4baee479cf,,08/04/2025 01:30:00 PM,30,TRAFFIC SIGNAL,FUNCTIONING PROPERLY,CLEAR,DAYLIGHT,TURNING,NOT DIVIDED,,STRAIGHT AND LEVEL,DRY,NO DEFECTS,ON SCENE,INJURY AND / OR TOW DUE TO CRASH,Y,,,"OVER $1,500",08/04/2025 02:40:00 PM,IMPROPER TURNING/NO SIGNAL,IMPROPER TURNING/NO SIGNAL,1200,S,CLARK ST,131,,,,,,,2,NO INDICATION OF INJURY,0,0,0,0,0,2,0,13,2,8,41.8672861653,-87.6305809677,POINT (-87.630580967737 41.867286165271)
e64f8014635e8542415c22f5b435e8469a34e3cde568fb3380f45a82dff1ce851d6d9bed702529c0d6802e091df9aa218067b7791f01b3159bdec9fac30ba462,,08/04/2025 01:30:00 PM,30,NO CONTROLS,NO CONTROLS,CLEAR,DAYLIGHT,TURNING,NOT DIVIDED,,STRAIGHT AND LEVEL,DRY,UNKNOWN,NOT ON SCENE (DESK REPORT),NO INJURY / DRIVE AWAY,,,Y,"OVER $1,500",08/05/2025 12:27:00 PM,FAILING TO YIELD RIGHT-OF-WAY,NOT APPLICABLE,100,S,PULASKI RD,1115,,,,,,,2,NO INDICATION OF INJURY,0,0,0,0,0,2,0,13,2,8,41.879713978,-87.7257823045,POINT (-87.725782304535 41.879713978015)
172a6a132b328809bbc22db05eb0824900bfab2a747f620631819b519bb89ef5227100443610c068581c6548e73e1c42d5edff8b7942df56276adfb2cb00f1f7,,08/04/2025 01:15:00 PM,30,NO CONTROLS,NO CONTROLS,CLEAR,DAYLIGHT,PARKED MOTOR VEHICLE,NOT DIVIDED,,STRAIGHT AND LEVEL,DRY,NO DEFECTS,ON SCENE,NO INJURY / DRIVE AWAY,,,Y,"OVER $1,500",08/04/2025 04:48:00 PM,UNABLE TO DETERMINE,UNABLE TO DETERMINE,2939,N,RACINE AVE,1933,,,,,,,2,NO INDICATION OF INJURY,0,0,0,0,0,1,0,13,2,8,41.9355183569,-87.6586684142,POINT (-87.658668414203 41.93551835686)
5abf3347b8e933865681e0c733e85d30cc0ff7c05d913ec511f3c162abe03bd81f23c3c193a9d7b11c475069109afbbeef4f940eeb7a9dc1eb2c7fc33d7fc4ad,,08/04/2025 01:15:00 PM,30,NO CONTROLS,NO CONTROLS,CLEAR,DAYLIGHT,PEDALCYCLIST,NOT DIVIDED,,STRAIGHT AND LEVEL,DRY,NO DEFECTS,ON SCENE,INJURY AND / OR TOW DUE TO CRASH,,,,"OVER $1,500",08/04/2025 01:17:00 PM,"VISION OBSCURED (SIGNS, TREE LIMBS, BUILDINGS, ETC.)",NOT APPLICABLE,2665,N,ELSTON AVE,1432,,,,,,,2,NONINCAPACITATING INJURY,1,0,0,1,0,1,0,13,2,8,41.9301493799,-87.6846468858,POINT (-87.684646885781 41.93014937989)
b92315d7a86415f2aa49eb853b1cf93ecdd939035321aed0f00628d18125457f07b8a87b2a1f6ff04be048c0fa6524cc2a9748f862a19af1fb4943c99b222051,,08/04/2025 01:15:00 PM,30,STOP SIGN/FLASHER,FUNCTIONING PROPERLY,CLEAR,DAYLIGHT,ANGLE,FOUR WAY,,STRAIGHT AND LEVEL,DRY,NO DEFECTS,,NO INJURY / DRIVE AWAY,Y,,,"OVER $1,500",08/04/2025 03:00:00 PM,UNABLE TO DETERMINE,NOT APPLICABLE,2526,W,PRATT BLVD,2411,,,,,,,2,NO INDICATION OF INJURY,0,0,0,0,0,2,0,13,2,8,42.0050818183,-87.6935154063,POINT (-87.693515406263 42.005081818335)
23ef28dcbed9c2844b056689b7a99e5ef7f54107565288e670b178d067f4f770cb3d80e8fd8e7e9892dc25cadaf47e5b0b4c3dfbd1e4b0babe2e8fe61fc79316,,08/04/2025 01:13:00 PM,30,TRAFFIC SIGNAL,FUNCTIONING PROPERLY,CLEAR,DAYLIGHT,SIDESWIPE SAME DIRECTION,ONE-WAY,,STRAIGHT AND LEVEL,UNKNOWN,UNKNOWN,NOT ON SCENE (DESK REPORT),NO INJURY / DRIVE AWAY,,,,"OVER $1,500",08/04/2025 02:50:00 PM,UNABLE TO DETERMINE,NOT APPLICABLE,550,W,WASHINGTON BLVD,121,,,,,,,2,NO INDICATION OF INJURY,0,0,0,0,0,2,0,13,2,8,41.8832856181,-87.6417467608,POINT (-87.641746760772 41.883285618136)
f6abaabda2c14f7d1869e393b40af9b15f3a284dd47e01f05762b99901bf73ecee85f03f664634c1fce686d7f67cd160185f8c5a230faf9cf5a80b2d5929c457,,08/04/2025 01:10:00 PM,30,UNKNOWN,UNKNOWN,CLEAR,DAYLIGHT,SIDESWIPE SAME DIRECTION,ONE-WAY,,STRAIGHT AND LEVEL,UNKNOWN,UNKNOWN,NOT ON SCENE (DESK REPORT),NO INJURY / DRIVE AWAY,,,,"OVER $1,500",08/04/2025 02:20:00 PM,UNABLE TO DETERMINE,UNABLE TO DETERMINE,25,E,OHIO ST,1834,,,,,,,2,NO INDICATION OF INJURY,0,0,0,0,0,2,0,13,2,8,41.8923787742,-87.626983277,POINT (-87.626983277027 41.892378774151)
d4ef0f8f246940eb36d6bec94cb0f83593b0589636367b5dcbe223b3cb34d16d9498e9783a0edc52dc47411484cac7373398ce629ed7cc6c95fcd6a92689424c,,08/04/2025 01:00:00 PM,30,NO CONTROLS,NO CONTROLS,CLEAR,DAYLIGHT,SIDESWIPE SAME DIRECTION,NOT DIVIDED,,STRAIGHT AND LEVEL,DRY,UNKNOWN,NOT ON SCENE (DESK REPORT),NO INJURY / DRIVE AWAY,,,,"OVER $1,500",08/04/2025 04:00:00 PM,IMPROPER OVERTAKING/PASSING,NOT APPLICABLE,7112,S,RIDGELAND AVE,324,,,,,,,2,NO INDICATION OF INJURY,0,0,0,0,0,2,0,13,2,8,41.7656507861,-87.5825826954,POINT (-87.582582695394 41.765650786107)
dcc295c6092c6029d619f02d3180df13f90216016b08bb96826e181e4927badb41dc6f5c51c0e1a7c36605c54080b02bca394be7446e21038fba24d69102fbf0,,08/04/2025 01:00:00 PM,30,NO CONTROLS,NO CONTROLS,CLEAR,DAYLIGHT,REAR END,DIVIDED - W/MEDIAN (NOT RAISED),,STRAIGHT AND LEVEL,DRY,UNKNOWN,NOT ON SCENE (DESK REPORT),NO INJURY / DRIVE AWAY,,,N,$500 OR LESS,08/04/2025 01:40:00 PM,UNABLE TO DETERMINE,NOT APPLICABLE,5005,W,ADDISON ST,1634,,,,,,,2,NO INDICATION OF INJURY,0,0,0,0,0,2,0,13,2,8,41.9459484266,-87.7522736613,POINT (-87.752273661294 41.945948426629)
fe943151da9cebc948865f60fc5ffc8aa1869ac806a3da8f0a6d6e37af930546da4fa4152fbeff9e4b898228fd6ff1631e805e7eeb43f4b1205b0a07cb6f8978,,08/04/2025 12:55:00 PM,15,NO CONTROLS,NO CONTROLS,CLEAR,DAYLIGHT,FIXED OBJECT,ALLEY,,STRAIGHT AND LEVEL,DRY,NO DEFECTS,ON SCENE,NO INJURY / DRIVE AWAY,,,,"OVER $1,500",08/04/2025 12:59:00 PM,UNABLE TO DETERMINE,UNABLE TO DETERMINE,4844,W,WARWICK AVE,1634,,,,,,,1,NO INDICATION OF INJURY,0,0,0,0,0,1,0,12,2,8,41.9489495133,-87.7490103515,POINT (-87.749010351498 41.948949513279)
c057f555515717920a77265b058751ca201c6fba80b849120a9e8d43cbca4df9ee4d46517096ae1fd1ae8750b568aacc245fb39c89db3d98bea6835a7d1821e2,,08/04/2025 12:50:00 PM,30,NO CONTROLS,NO CONTROLS,CLEAR,DAYLIGHT,ANGLE,UNKNOWN,,STRAIGHT AND LEVEL,DRY,UNKNOWN,NOT ON SCENE (DESK REPORT),NO INJURY / DRIVE AWAY,,,,"OVER $1,500",08/04/2025 02:45:00 PM,IMPROPER LANE USAGE,UNABLE TO DETERMINE,320,S,MORGAN ST,1232,,,,,,,2,NO INDICATION OF INJURY,0,0,0,0,0,2,0,12,2,8,41.8772032117,-87.652037335,POINT (-87.65203733503 41.877203211702)
14e8d033ea90b52d6b57c0796f2e3907bdb4f9d889f8c4f636aed4715a6724bace78f56faad04e8e05e8efd6acc601be6560afc83b16db87a2240d057a509086,,08/04/2025 12:48:00 PM,25,STOP SIGN/FLASHER,FUNCTIONING PROPERLY,CLEAR,DAYLIGHT,TURNING,T-INTERSECTION,,STRAIGHT AND LEVEL,DRY,NO DEFECTS,NOT ON SCENE (DESK REPORT),NO INJURY / DRIVE AWAY,Y,,,"OVER $1,500",08/04/2025 03:00:00 PM,FAILING TO REDUCE SPEED TO AVOID CRASH,NOT APPLICABLE,735,W,69TH ST,732,,,,,,,2,NO INDICATION OF INJURY,0,0,0,0,0,2,0,12,2,8,41.7687497633,-87.6432109523,POINT (-87.64321095225 41.768749763315)