CRASH_RECORD_ID,CRASH_DATE_EST_I,CRASH_DATE,POSTED_SPEED_LIMIT,TRAFFIC_CONTROL_DEVICE,DEVICE_CONDITION,WEATHER_CONDITION,LIGHTING_CONDITION,FIRST_CRASH_TYPE,TRAFFICWAY_TYPE,LANE_CNT,ALIGNMENT,ROADWAY_SURFACE_COND,ROAD_DEFECT,REPORT_TYPE,CRASH_TYPE,INTERSECTION_RELATED_I,NOT_RIGHT_OF_WAY_I,HIT_AND_RUN_I,DAMAGE,DATE_POLICE_NOTIFIED,PRIM_CONTRIBUTORY_CAUSE,SEC_CONTRIBUTORY_CAUSE,STREET_NO,STREET_DIRECTION,STREET_NAME,BEAT_OF_OCCURRENCE,PHOTOS_TAKEN_I,STATEMENTS_TAKEN_I,DOORING_I,WORK_ZONE_I,WORK_ZONE_TYPE,WORKERS_PRESENT_I,NUM_UNITS,MOST_SEVERE_INJURY,INJURIES_TOTAL,INJURIES_FATAL,INJURIES_INCAPACITATING,INJURIES_NON_INCAPACITATING,INJURIES_REPORTED_NOT_EVIDENT,INJURIES_NO_INDICATION,INJURIES_UNKNOWN,CRASH_HOUR,CRASH_DAY_OF_WEEK,CRASH_MONTH,LATITUDE,LONGITUDE,LOCATION
26f5bc569785ee22b2538182ff7e2d8b631ddfddecd3e8fad8650c1b55cd33a15468c207090ebc11dd9a7c6ff95b75fe459fffa6cb884b0eab9f74363eac72b5,,08/04/2025 11:15:00 AM,35,NO CONTROLS,NO CONTROLS,CLEAR,DAYLIGHT,ANGLE,FOUR WAY,,STRAIGHT AND LEVEL,DRY,UNKNOWN,ON SCENE,NO INJURY / DRIVE AWAY,Y,,,"OVER $1,500",08/04/2025 11:18:00 AM,FAILING TO YIELD RIGHT-OF-WAY,"VISION OBSCURED (SIGNS, TREE LIMBS, BUILDINGS, ETC.)",3300,N,OAK PARK AVE,1632,,,,,,,2,NO INDICATION OF INJURY,0,0,0,0,0,2,0,11,2,8,41.9400696913,-87.7959199644,POINT (-87.795919964422 41.940069691315)
efe44961ab471aef5627829eca2d323258284146fabbc5ada1d359a9af8433ab55a94df0689f3fa003c61a4912b72135e9210a5422982f83760081a8152fa5e9,,08/04/2025 11:10:00 AM,30,NO CONTROLS,NO CONTROLS,CLEAR,DAYLIGHT,SIDESWIPE SAME DIRECTION,T-INTERSECTION,,STRAIGHT AND LEVEL,DRY,NO DEFECTS,NOT ON SCENE (DESK REPORT),NO INJURY / DRIVE AWAY,,,Y,$500 OR LESS,08/04/2025 12:10:00 PM,IMPROPER OVERTAKING/PASSING,IMPROPER OVERTAKING/PASSING,2601,W,MARQUETTE RD,831,,,,,,,2,NO INDICATION OF INJURY,0,0,0,0,0,2,0,11,2,8,41.7717908074,-87.6883900505,POINT (-87.688390050463 41.771790807362)
6bfd60b6bd6894814049d5d01c6d8f1b50912f05fdde0393151393e3cffc5152233719a605e9442231ec6a5371addcf58d067414a8c21fdb19da734195e096e4,,08/04/2025 11:05:00 AM,30,STOP SIGN/FLASHER,FUNCTIONING PROPERLY,CLEAR,DAYLIGHT,TURNING,FOUR WAY,,STRAIGHT AND LEVEL,DRY,NO DEFECTS,ON SCENE,NO INJURY / DRIVE AWAY,Y,,,"OVER $1,500",08/04/2025 11:08:00 AM,FAILING TO YIELD RIGHT-OF-WAY,DRIVING SKILLS/KNOWLEDGE/EXPERIENCE,10700,S,EWING AVE,432,,,,,,,2,NO INDICATION OF INJURY,0,0,0,0,0,2,0,11,2,8,41.7008302428,-87.5354290828,POINT (-87.535429082769 41.700830242828)
918ff21e34f95fa537b537274bb398dbd49fd0c9e701b9c35686d9083ea387edbb2bb019f05281fea3acd424eca48eab2a7275e53e2f3c2d179be9d959b90a2f,,08/04/2025 11:02:00 AM,30,STOP SIGN/FLASHER,FUNCTIONING PROPERLY,CLEAR,DAYLIGHT,HEAD ON,FOUR WAY,,STRAIGHT AND LEVEL,DRY,NO DEFECTS,ON SCENE,NO INJURY / DRIVE AWAY,Y,,,"OVER $1,500",08/04/2025 11:02:00 AM,UNABLE TO DETERMINE,UNABLE TO DETERMINE,2804,W,SHERWIN AVE,2411,,,,,,,2,NO INDICATION OF INJURY,0,0,0,0,0,2,0,11,2,8,42.0148976048,-87.6999382521,POINT (-87.699938252137 42.014897604762)
5abe1088109c7d85d48f133f2443d011489f420ba4fcbf4f8c9792e78ecfa8f61c9fb58367aa52ca18747bd2a1de7accd2facfa8b7eb0d4439ecafdd38eedab7,,08/04/2025 11:00:00 AM,30,TRAFFIC SIGNAL,NO CONTROLS,CLEAR,DAYLIGHT,TURNING,FOUR WAY,,STRAIGHT AND LEVEL,DRY,NO DEFECTS,NOT ON SCENE (DESK REPORT),NO INJURY / DRIVE AWAY,Y,,Y,$500 OR LESS,08/04/2025 11:20:00 AM,FOLLOWING TOO CLOSELY,FOLLOWING TOO CLOSELY,9500,S,HALSTED ST,2223,,,,,,,2,NO INDICATION OF INJURY,0,0,0,0,0,2,0,11,2,8,41.7213650608,-87.6433580423,POINT (-87.643358042341 41.721365060783)
9d4eadd32d3390b644c6e1b2e7b323292cb5f56b6aa189bb5b7166b9509d7482a112f4e60fd5d683d975b3bfdd2be8ac3c810d990f000ef2fb07d5b28f8a4604,,08/04/2025 11:00:00 AM,10,NO CONTROLS,NO CONTROLS,CLEAR,DAYLIGHT,PARKED MOTOR VEHICLE,PARKING LOT,,STRAIGHT AND LEVEL,DRY,NO DEFECTS,NOT ON SCENE (DESK REPORT),NO INJURY / DRIVE AWAY,,,Y,"OVER $1,500",08/04/2025 11:25:00 AM,UNABLE TO DETERMINE,NOT APPLICABLE,10900,S,DOTY AVE W,513,,,,,,,2,NO INDICATION OF INJURY,0,0,0,0,0,1,0,11,2,8,41.696313684,-87.5966322439,POINT (-87.596632243933 41.696313683973)
c4dcdefdec52605328eba8de5533efa85fb5bdf91b52b1fa8599a7346ea8c1f0610e32e0be9ecf981355b99f9a6c4cdd6d0d6a9ab683025f8bf567ff058c027c,,08/04/2025 11:00:00 AM,10,NO CONTROLS,NO CONTROLS,CLEAR,DAYLIGHT,PARKED MOTOR VEHICLE,NOT DIVIDED,,STRAIGHT AND LEVEL,DRY,NO DEFECTS,NOT ON SCENE (DESK REPORT),NO INJURY / DRIVE AWAY,,,,"OVER $1,500",08/08/2025 11:40:00 PM,UNABLE TO DETERMINE,NOT APPLICABLE,2500,S,CENTRAL PARK AVE,1013,,,,,,,2,NO INDICATION OF INJURY,0,0,0,0,0,1,0,11,2,8,41.8461263601,-87.714985056,POINT (-87.714985055995 41.846126360079)
c6b510daca2342c240f1a27a52a7ab9167abaa79f92eac20baf4ea0a4892104cc2f305cd7170d202beb1bd54b05bee7e5652e120cf25d1bdfc271086a409cf31,,08/04/2025 11:00:00 AM,30,TRAFFIC SIGNAL,FUNCTIONING PROPERLY,CLEAR,DAYLIGHT,REAR END,DIVIDED - W/MEDIAN (NOT RAISED),,STRAIGHT AND LEVEL,WET,UNKNOWN,NOT ON SCENE (DESK REPORT),NO INJURY / DRIVE AWAY,,,,"$501 - $1,500",08/04/2025 11:00:00 AM,UNABLE TO DETERMINE,UNABLE TO DETERMINE,6211,N,LINCOLN AVE,1711,,,,,,,2,NO INDICATION OF INJURY,0,0,0,0,0,2,0,11,2,8,41.9948170432,-87.7143427683,POINT (-87.714342768281 41.994817043186)
d80cda8fba56d17097263f4fe7439496de4ee379944af9e4948025258d58b057d8707c1dc1d048959c3bf2ca75e276630707f17a4f4b60314e16b2f5d34c0317,,08/04/2025 10:45:00 AM,30,OTHER REG. SIGN,FUNCTIONING PROPERLY,CLEAR,DAYLIGHT,ANGLE,FOUR WAY,,STRAIGHT AND LEVEL,DRY,NO DEFECTS,NOT ON SCENE (DESK REPORT),NO INJURY / DRIVE AWAY,Y,,,"OVER $1,500",08/06/2025 11:30:00 AM,DRIVING SKILLS/KNOWLEDGE/EXPERIENCE,UNABLE TO DETERMINE,3800,S,PULASKI RD,815,,,,,,,2,NO INDICATION OF INJURY,0,0,0,0,0,2,0,10,2,8,41.8245084404,-87.7242346667,POINT (-87.724234666706 41.824508440396)
65da273759706c81764dc28f3bef384918bceb4bb544758a81e3bcbc2e1861594349fe5070aca21cfc22b23cfd80f3b8f0e855ce64a62828ad58e8119fbe8951,,08/04/2025 10:38:00 AM,30,TRAFFIC SIGNAL,FUNCTIONING PROPERLY,CLEAR,DAYLIGHT,TURNING,NOT DIVIDED,,STRAIGHT AND LEVEL,DRY,NO DEFECTS,ON SCENE,NO INJURY / DRIVE AWAY,Y,,,"OVER $1,500",08/04/2025 10:53:00 AM,IMPROPER TURNING/NO SIGNAL,IMPROPER LANE USAGE,98,S,STATE ST,112,,,,,,,2,NO INDICATION OF INJURY,0,0,0,0,0,2,0,10,2,8,41.8808126153,-87.6278705299,POINT (-87.627870529942 41.880812615283)
4ab5a8ca08b972990fca2e1b518effad66344ed51b57559f72dff00920d2503eb02a0491be92f507397a9f0ea6909211fceea69329a10d34e13037affd90dc55,,08/04/2025 10:31:00 AM,30,TRAFFIC SIGNAL,FUNCTIONING PROPERLY,CLEAR,DAYLIGHT,SIDESWIPE SAME DIRECTION,DIVIDED - W/MEDIAN (NOT RAISED),,STRAIGHT AND LEVEL,DRY,UNKNOWN,NOT ON SCENE (DESK REPORT),NO INJURY / DRIVE AWAY,,,,"OVER $1,500",08/04/2025 03:00:00 PM,DRIVING SKILLS/KNOWLEDGE/EXPERIENCE,DRIVING SKILLS/KNOWLEDGE/EXPERIENCE,626,W,ROOSEVELT RD,124,,,,,,,2,NO INDICATION OF INJURY,0,0,0,0,0,4,0,10,2,8,41.867314354,-87.6432782245,POINT (-87.64327822453 41.867314353977)
4f5ef95a4e451988bc781cf80853a104f416cd09922a50c799408123e66ff7658bee6480d93c7cc274bef4509a48ac2d992d5539275df447c7a6fedc6199416a,Y,08/04/2025 10:30:00 AM,0,NO CONTROLS,NO CONTROLS,CLEAR,DAYLIGHT,PARKED MOTOR VEHICLE,OTHER,,STRAIGHT AND LEVEL,DRY,UNKNOWN,ON SCENE,NO INJURY / DRIVE AWAY,,,Y,$500 OR LESS,08/04/2025 02:40:00 PM,UNABLE TO DETERMINE,UNABLE TO DETERMINE,1900,W,MONTEREY AVE,2212,,,,,,,2,NO INDICATION OF INJURY,0,0,0,0,0,1,0,10,2,8,41.6914347795,-87.6685203937,POINT (-87.668520393669 41.691434779531)
7def552680c1a744715ee5ff9af77e48623094fbb0cbb9db003df962c741ea54b7eb4dd12dc72eef3604db9b4230148c86097e5376a9490cac29a05d2d7dff29,,08/04/2025 10:30:00 AM,20,NO CONTROLS,NO CONTROLS,CLEAR,"DARKNESS, LIGHTED ROAD",PARKED MOTOR VEHICLE,ONE-WAY,,STRAIGHT AND LEVEL,DRY,NO DEFECTS,NOT ON SCENE (DESK REPORT),NO INJURY / DRIVE AWAY,,,Y,"OVER $1,500",08/26/2025 08:50:00 AM,UNABLE TO DETERMINE,UNABLE TO DETERMINE,4754,N,VIRGINIA AVE,1911,,,,,,,2,NO INDICATION OF INJURY,0,0,0,0,0,1,0,10,2,8,41.9678748103,-87.6993422013,POINT (-87.699342201269 41.967874810331)
dc184fc5489dda0ee16de7e833cb9d32393e355a8bcd16c2901c357c4b12068ad9891d4a6a05d594745061eca9f21ba12369ed840f2674a502218af3e4852abf,,08/04/2025 10:30:00 AM,30,TRAFFIC SIGNAL,FUNCTIONING PROPERLY,CLEAR,DAYLIGHT,REAR END,DIVIDED - W/MEDIAN (NOT RAISED),,STRAIGHT AND LEVEL,UNKNOWN,UNKNOWN,NOT ON SCENE (DESK REPORT),NO INJURY / DRIVE AWAY,,,,"OVER $1,500",08/04/2025 11:00:00 AM,FOLLOWING TOO CLOSELY,NOT APPLICABLE,3314,N,MILWAUKEE AVE,1731,,,,,,,2,NO INDICATION OF INJURY,0,0,0,0,0,4,0,10,2,8,41.9412575415,-87.7276279799,POINT (-87.727627979867 41.941257541451)
dcb93d4f2986d88d5a5ba3ff321dce23bfdc0d1bcd024da12d67164c3244d531d6da618205e41324c7f4d95ad336455afce63c60c35cd6c7348ef2054373a21f,Y,08/04/2025 10:30:00 AM,30,NO CONTROLS,NO CONTROLS,CLEAR,UNKNOWN,PARKED MOTOR VEHICLE,ONE-WAY,,STRAIGHT AND LEVEL,DRY,UNKNOWN,NOT ON SCENE (DESK REPORT),NO INJURY / DRIVE AWAY,,,Y,"OVER $1,500",08/05/2025 10:25:00 AM,FOLLOWING TOO CLOSELY,UNABLE TO DETERMINE,4047,N,AVERS AVE,1723,,,,,,,2,NO INDICATION OF INJURY,0,0,0,0,0,1,0,10,2,8,41.9550989843,-87.7238374777,POINT (-87.723837477684 41.955098984317)
e88604db6381a64db961556da91ac79cb7ae42e9d09c799d63ac95d9e67abd81f52b131051b02a49dca2a13ed03fee912fccaecc5ee51f6eaff178cd4c6ebe91,,08/04/2025 10:30:00 AM,20,NO CONTROLS,NO CONTROLS,CLEAR,DAYLIGHT,SIDESWIPE SAME DIRECTION,ONE-WAY,,STRAIGHT AND LEVEL,DRY,NO DEFECTS,ON SCENE,NO INJURY / DRIVE AWAY,,,Y,"$501 - $1,500",08/04/2025 10:35:00 AM,FAILING TO YIELD RIGHT-OF-WAY,UNABLE TO DETERMINE,2,W,TERMINAL ST,1652,,,,,,,2,NO INDICATION OF INJURY,0,0,0,0,0,2,0,10,2,8,,,
3580752a5d26d9b69ba86288741cfdebf90b442919e0dd6b826f1a01fef5960ba317e3dc1aa93e5acb7805eb70025576a0955075db43a7b07eb9aca555038889,,08/04/2025 10:20:00 AM,30,NO CONTROLS,NO CONTROLS,CLEAR,DAYLIGHT,REAR END,NOT DIVIDED,,STRAIGHT AND LEVEL,DRY,UNKNOWN,NOT ON SCENE (DESK REPORT),NO INJURY / DRIVE AWAY,,,,$500 OR LESS,08/04/2025 11:15:00 AM,FOLLOWING TOO CLOSELY,FAILING TO REDUCE SPEED TO AVOID CRASH,3735,W,26TH ST,1031,,,,,,,2,NO INDICATION OF INJURY,0,0,0,0,0,2,0,10,2,8,41.8442174248,-87.7185948822,POINT (-87.718594882191 41.844217424802)
6df492e59e237aa93e513ba5b1e619e1e74d545a0aef59cfb63d8b235c151f445b860e56b91f05a94083e20c2418ba0a9a3ec991d5add351905c0d32591cf0b4,,08/04/2025 10:20:00 AM,30,OTHER WARNING SIGN,OTHER,CLEAR,DAYLIGHT,FIXED OBJECT,OTHER,,"CURVE, LEVEL",DRY,NO DEFECTS,ON SCENE,NO INJURY / DRIVE AWAY,,,,"OVER $1,500",08/04/2025 10:25:00 AM,DRIVING SKILLS/KNOWLEDGE/EXPERIENCE,ROAD ENGINEERING/SURFACE/MARKING DEFECTS,4501,N,CICERO AVE,1722,,,,,,,1,NO INDICATION OF INJURY,0,0,0,0,0,1,0,10,2,8,41.9621736377,-87.7474648095,POINT (-87.747464809535 41.962173637665)
7693f8af87f7bb1ff4db1480c25b39c513c0c1d9feac6c6b0139a67726a7f01727bd6c0f78d6bb65242239302987b9ab9b66ec54182bb9d40cc9dcca1e21b644,,08/04/2025 10:18:00 AM,25,TRAFFIC SIGNAL,FUNCTIONING PROPERLY,CLEAR,DAYLIGHT,SIDESWIPE OPPOSITE DIRECTION,NOT DIVIDED,,STRAIGHT AND LEVEL,DRY,NO DEFECTS,ON SCENE,NO INJURY / DRIVE AWAY,Y,,,$500 OR LESS,08/04/2025 10:19:00 AM,DRIVING ON WRONG SIDE/WRONG WAY,NOT APPLICABLE,200,W,ERIE ST,1831,,Y,,,,,2,NO INDICATION OF INJURY,0,0,0,0,0,2,0,10,2,8,41.8940974716,-87.6342115511,POINT (-87.634211551074 41.894097471622)
543a699529f79969cbb09622b06648ec87a1d773ba182500266d7b94324ebd39e55a32f0c97c26fa164a686b08840d2e147776e4017cedbfc7bc9dba6a5f5a77,,08/04/2025 10:15:00 AM,30,TRAFFIC SIGNAL,FUNCTIONING PROPERLY,CLEAR,DAYLIGHT,ANGLE,FOUR WAY,,STRAIGHT AND LEVEL,DRY,NO DEFECTS,NOT ON SCENE (DESK REPORT),INJURY AND / OR TOW DUE TO CRASH,Y,,,"OVER $1,500",08/04/2025 10:35:00 AM,FAILING TO YIELD RIGHT-OF-WAY,UNABLE TO DETERMINE,800,W,VERMONT ST,523,,,,,,,2,INCAPACITATING INJURY,3,0,3,0,0,1,0,10,2,8,41.6621277,-87.64148984,POINT (-87.641489840003 41.662127699955)
f47b7b84eb3535baac2b2dcfbc2e3afe29870459f904d5bc33f67b635d50c3e087399a619fa030217d6e268d201cce9036f818adf7197e9faa66c367ca20cfbf,,08/04/2025 10:15:00 AM,10,NO CONTROLS,NO CONTROLS,CLEAR,DAYLIGHT,PARKED MOTOR VEHICLE,PARKING LOT,,STRAIGHT AND LEVEL,UNKNOWN,UNKNOWN,NOT ON SCENE (DESK REPORT),NO INJURY / DRIVE AWAY,,,,"OVER $1,500",08/04/2025 11:30:00 AM,UNABLE TO DETERMINE,UNABLE TO DETERMINE,181,N,CLARK ST,111,,,,,,,2,NO INDICATION OF INJURY,0,0,0,0,0,1,0,10,2,8,41.8852537981,-87.6308156141,POINT (-87.630815614115 41.885253798084)
998342b637412c056c8dcf71bf1fac5a4a5a2ab4dad124282bc0cda0cdfabaa3f0df348e4a4494031ea5ce2f74d0273196fda4e9bb0d83473f2cc9cd7c50058f,,08/04/2025 10:07:00 AM,10,NO CONTROLS,NO CONTROLS,CLEAR,DAYLIGHT,PARKED MOTOR VEHICLE,PARKING LOT,,STRAIGHT AND LEVEL,DRY,UNKNOWN,NOT ON SCENE (DESK REPORT),NO INJURY / DRIVE AWAY,,,,"OVER $1,500",08/06/2025 10:22:00 AM,UNABLE TO DETERMINE,UNABLE TO DETERMINE,4626,W,DIVERSEY AVE,2521,,,,,,,2,NO INDICATION OF INJURY,0,0,0,0,0,1,0,10,2,8,41.9316889194,-87.7430169468,POINT (-87.743016946831 41.931688919351)
df1b4aa17ab983810302cb355c63f79a0a4f0bc871f6e31d8a2c43b52198fc7935096137ac5a7c7c16a5ff9ea04355ade1752377a21ef2f267e8d031957d930f,,08/04/2025 10:05:00 AM,35,TRAFFIC SIGNAL,FUNCTIONING PROPERLY,CLEAR,DAYLIGHT,REAR END,DIVIDED - W/MEDIAN BARRIER,,STRAIGHT AND LEVEL,DRY,NO DEFECTS,ON SCENE,NO INJURY / DRIVE AWAY,,,,"OVER $1,500",08/04/2025 10:07:00 AM,UNABLE TO DETERMINE,NOT APPLICABLE,578,W,95TH ST,2223,,,,,,,2,NO INDICATION OF INJURY,0,0,0,0,0,4,0,10,2,8,41.7216350149,-87.638303281,POINT (-87.63830328102 41.721635014871)
15a4204292db31c14b1033496b39b0b13441fba38cb9050d534d71ef372fd3d702e694583b9b09d4db9729f16395f09e2bb9eae15f8b9c9989672badedef65ba,,08/04/2025 10:00:00 AM,20,NO CONTROLS,NO CONTROLS,CLEAR,DAYLIGHT,FIXED OBJECT,PARKING LOT,,STRAIGHT AND LEVEL,DRY,NO DEFECTS,ON SCENE,NO INJURY / DRIVE AWAY,,Y,,"$501 - $1,500",08/04/2025 10:11:00 AM,UNABLE TO DETERMINE,UNABLE TO DETERMINE,4610,W,WEST END AVE,1113,,,,,,,1,NO INDICATION OF INJURY,0,0,0,0,0,1,0,10,2,8,41.883291512,-87.7407963718,POINT (-87.7407963718 41.883291511977)
ad5d913962d500b537690f548334abc183c66fa510d3c9e2b8bec8d4869db52bbd41840736ec83d1de600090fd2ece0b41cb27de4f7353daaa17884787805723,,08/04/2025 09:55:00 AM,35,NO CONTROLS,NO CONTROLS,CLEAR,DAYLIGHT,PARKED MOTOR VEHICLE,NOT DIVIDED,,STRAIGHT AND LEVEL,DRY,UNKNOWN,,INJURY AND / OR TOW DUE TO CRASH,,,,"OVER $1,500",08/04/2025 10:56:00 AM,NOT APPLICABLE,NOT APPLICABLE,10400,S,WESTERN AVE,2211,,,,,,,3,NO INDICATION OF INJURY,0,0,0,0,0,1,0,9,2,8,41.7044608908,-87.6817083517,POINT (-87.681708351662 41.704460890848)
3dbdfcc0af4fa28e0252ce2e002e3d49b64f8c16c88963d82d5df11db5d3aa3e06ea534097abcb331e9f1440a25bba571ca32b05b8e3cb5202afefdb3806e1aa,,08/04/2025 09:53:00 AM,20,NO CONTROLS,NO CONTROLS,CLEAR,DAYLIGHT,ANGLE,PARKING LOT,,STRAIGHT AND LEVEL,DRY,NO DEFECTS,NOT ON SCENE (DESK REPORT),NO INJURY / DRIVE AWAY,,,,"OVER $1,500",08/04/2025 01:00:00 PM,UNABLE TO DETERMINE,NOT APPLICABLE,2140,N,ELSTON AVE,1432,,,,,,,2,NO INDICATION OF INJURY,0,0,0,0,0,3,0,9,2,8,41.9203342975,-87.6708646583,POINT (-87.670864658277 41.920334297534)
1300d4848d38032bb66069313b9e37da316318a3e5a2481d77724ebcf82e605cd701c220d4f4b960599c13acf8d3f8638b1b55d9aa0505f9bb31fd7867853ed3,,08/04/2025 09:45:00 AM,30,STOP SIGN/FLASHER,FUNCTIONING PROPERLY,CLEAR,DAYLIGHT,REAR END,DIVIDED - W/MEDIAN (NOT RAISED),,STRAIGHT AND LEVEL,DRY,NO DEFECTS,NOT ON SCENE (DESK REPORT),NO INJURY / DRIVE AWAY,,,,"OVER $1,500",08/04/2025 10:10:00 AM,FOLLOWING TOO CLOSELY,NOT APPLICABLE,1022,W,FOSTER AVE,2023,,,,,,,2,NO INDICATION OF INJURY,0,0,0,0,0,2,0,9,2,8,41.9764910206,-87.6559622135,POINT (-87.65596221355 41.976491020575)
f74da72b8821089ac080d5d1538e7e6585b6058d400806d3466cb67db69c3d9a945ab6f291fee56107dc5a45f363422047672ff6f004d790397e31d07fb87f7d,,08/04/2025 09:40:00 AM,30,TRAFFIC SIGNAL,FUNCTIONING PROPERLY,CLEAR,DAYLIGHT,REAR END,CENTER TURN LANE,,STRAIGHT AND LEVEL,DRY,NO DEFECTS,ON SCENE,NO INJURY / DRIVE AWAY,N,,,"OVER $1,500",08/04/2025 09:41:00 AM,UNABLE TO DETERMINE,UNABLE TO DETERMINE,802,N,PULASKI RD,1111,,,,,,,2,NO INDICATION OF INJURY,0,0,0,0,0,2,0,9,2,8,41.8955133451,-87.726232516,POINT (-87.726232516007 41.895513345053)
399bb22ec4ed0453b8afb962699c0ed40cfd3521475eb1938bcf716765811bfb144a0afc75b89976218ada19a1693ac2b29db135a0d745485c63fa1ebc58c9c8,,08/04/2025 09:36:00 AM,15,NO CONTROLS,NO CONTROLS,CLEAR,DAYLIGHT,TURNING,PARKING LOT,,STRAIGHT AND LEVEL,DRY,NO DEFECTS,ON SCENE,NO INJURY / DRIVE AWAY,,,,$500 OR LESS,08/04/2025 09:40:00 AM,UNABLE TO DETERMINE,UNABLE TO DETERMINE,3136,W,76TH ST,835,,,,,,,2,NO INDICATION OF INJURY,0,0,0,0,0,2,0,9,2,8,41.7553937489,-87.7015756622,POINT (-87.70157566221 41.755393748939)
59396a224d82a1017c94fe495c3ddfaca54d436f598f4254edf7cb9cb09a69e309b838d0bd8293b9b1543ee92c435a61f03c992230fabceb1eaa564c44dd0f54,,08/04/2025 09:30:00 AM,30,NO CONTROLS,NO CONTROLS,CLEAR,DAYLIGHT,TURNING,NOT DIVIDED,,STRAIGHT AND LEVEL,DRY,NO DEFECTS,NOT ON SCENE (DESK REPORT),NO INJURY / DRIVE AWAY,,,,"$501 - $1,500",08/04/2025 09:37:00 AM,FAILING TO YIELD RIGHT-OF-WAY,NOT APPLICABLE,8620,S,KEDZIE AVE,834,,,,,,,2,NO INDICATION OF INJURY,0,0,0,0,0,4,0,9,2,8,41.7363041062,-87.7021899485,POINT (-87.702189948472 41.736304106202)
af4c13f96102c8fa22f6a8001d7ddeedcfa5090a812ae4d2ae49839c14f191c2b102113d8212c7f56fa981cb72a144c34264a87a166cb6c4b8a8393c389a4e04,,08/04/2025 09:30:00 AM,30,TRAFFIC SIGNAL,FUNCTIONING PROPERLY,CLEAR,DAYLIGHT,ANGLE,FOUR WAY,,STRAIGHT AND LEVEL,DRY,NO DEFECTS,ON SCENE,NO INJURY / DRIVE AWAY,Y,,,"OVER $1,500",08/04/2025 09:30:00 AM,DISREGARDING TRAFFIC SIGNALS,FAILING TO REDUCE SPEED TO AVOID CRASH,5100,S,UNION AVE,935,,,,,,,2,NO INDICATION OF INJURY,0,0,0,0,0,5,0,9,2,8,41.8015304377,-87.6430435968,POINT (-87.643043596806 41.801530437721)
b0ef9143337c4095baf7820774b88f0e2310fe73d89c29437ac56719518ff8c15808ea826df21bdba9450dc17ce478cdab87a66d5e648fdfd40d08da64fd4cbc,,08/04/2025 09:20:00 AM,30,TRAFFIC SIGNAL,FUNCTIONING PROPERLY,CLEAR,DAYLIGHT,REAR END,ONE-WAY,,STRAIGHT AND LEVEL,DRY,UNKNOWN,NOT ON SCENE (DESK REPORT),NO INJURY / DRIVE AWAY,,,Y,"OVER $1,500",08/04/2025 10:20:00 AM,FAILING TO REDUCE SPEED TO AVOID CRASH,FAILING TO REDUCE SPEED TO AVOID CRASH,1937,W,GARFIELD BLVD,715,,,,,,,2,NO INDICATION OF INJURY,0,0,0,0,0,2,0,9,2,8,41.7934512871,-87.6732961703,POINT (-87.6732961703 41.793451287075)
bd7f91a22f375a0394858824c4a3fc23bef9fff3901946d0e6a528dabe9a5a42727a1d8160f14b4ab8a5af0f49e4027d8e1c295323b024651eb87a4549ad8f87,,08/04/2025 09:20:00 AM,30,NO CONTROLS,NO CONTROLS,CLEAR,DAYLIGHT,REAR TO FRONT,DIVIDED - W/MEDIAN (NOT RAISED),,STRAIGHT AND LEVEL,DRY,NO DEFECTS,NOT ON SCENE (DESK REPORT),NO INJURY / DRIVE AWAY,,,,"OVER $1,500",08/04/2025 02:47:00 PM,IMPROPER BACKING,NOT APPLICABLE,4545,S,RACINE AVE,925,,,,,,,2,NO INDICATION OF INJURY,0,0,0,0,0,2,0,9,2,8,41.8110882897,-87.6550616414,POINT (-87.655061641421 41.811088289748)
565f92b22309b2193790b8a1a8863a0d58e1b9da2e39b2ed1be3b12733b98f1d91a3bd566802d9534c56b66ab19116f71ba4e49b8687943bb0c5ea86c5786d26,,08/04/2025 09:00:00 AM,30,TRAFFIC SIGNAL,FUNCTIONING PROPERLY,CLEAR,DAYLIGHT,SIDESWIPE SAME DIRECTION,DIVIDED - W/MEDIAN (NOT RAISED),,STRAIGHT AND LEVEL,DRY,NO DEFECTS,ON SCENE,NO INJURY / DRIVE AWAY,Y,,,"OVER $1,500",08/04/2025 09:05:00 AM,UNABLE TO DETERMINE,NOT APPLICABLE,3905,S,KEDZIE AVE,921,,,,,,,2,NO INDICATION OF INJURY,0,0,0,0,0,2,0,9,2,8,41.8223839844,-87.7043669487,POINT (-87.704366948707 41.822383984417)
292967c795a7fabacd2e88564f97c3a018e835df9d4f0b27743af3b45d60f361d90083e296765e010d832edcfbb1972410c1f734b9ede43ddd0c2892cd8c0e6c,,08/04/2025 08:55:00 AM,30,TRAFFIC SIGNAL,FUNCTIONING PROPERLY,CLEAR,DAYLIGHT,REAR END,DIVIDED - W/MEDIAN (NOT RAISED),,STRAIGHT AND LEVEL,DRY,NO DEFECTS,NOT ON SCENE (DESK REPORT),INJURY AND / OR TOW DUE TO CRASH,,,,"OVER $1,500",08/04/2025 09:20:00 AM,UNABLE TO DETERMINE,UNABLE TO DETERMINE,4863,N,CENTRAL AVE,1623,,,,,,,2,NONINCAPACITATING INJURY,1,0,0,1,0,2,0,8,2,8,41.9695578233,-87.7673876721,POINT (-87.767387672078 41.969557823331)