CRASH_RECORD_ID,CRASH_DATE_EST_I,CRASH_DATE,POSTED_SPEED_LIMIT,TRAFFIC_CONTROL_DEVICE,DEVICE_CONDITION,WEATHER_CONDITION,LIGHTING_CONDITION,FIRST_CRASH_TYPE,TRAFFICWAY_TYPE,LANE_CNT,ALIGNMENT,ROADWAY_SURFACE_COND,ROAD_DEFECT,REPORT_TYPE,CRASH_TYPE,INTERSECTION_RELATED_I,NOT_RIGHT_OF_WAY_I,HIT_AND_RUN_I,DAMAGE,DATE_POLICE_NOTIFIED,PRIM_CONTRIBUTORY_CAUSE,SEC_CONTRIBUTORY_CAUSE,STREET_NO,STREET_DIRECTION,STREET_NAME,BEAT_OF_OCCURRENCE,PHOTOS_TAKEN_I,STATEMENTS_TAKEN_I,DOORING_I,WORK_ZONE_I,WORK_ZONE_TYPE,WORKERS_PRESENT_I,NUM_UNITS,MOST_SEVERE_INJURY,INJURIES_TOTAL,INJURIES_FATAL,INJURIES_INCAPACITATING,INJURIES_NON_INCAPACITATING,INJURIES_REPORTED_NOT_EVIDENT,INJURIES_NO_INDICATION,INJURIES_UNKNOWN,CRASH_HOUR,CRASH_DAY_OF_WEEK,CRASH_MONTH,LATITUDE,LONGITUDE,LOCATION
91defb380558faeb530e099d39c365574b49608b63f4e21301397c2eb84b438c3232aedb33bcb2427e4c2a27a781ff13fdc55ed34ce7d0a2704cbf777a80e38d,,08/04/2025 03:30:00 AM,30,STOP SIGN/FLASHER,FUNCTIONING PROPERLY,CLEAR,"DARKNESS, LIGHTED ROAD",FIXED OBJECT,DIVIDED - W/MEDIAN BARRIER,,STRAIGHT AND LEVEL,DRY,UNKNOWN,ON SCENE,INJURY AND / OR TOW DUE TO CRASH,,,,"OVER $1,500",08/04/2025 04:22:00 AM,UNABLE TO DETERMINE,NOT APPLICABLE,4721,S,DREXEL BLVD,222,,,,,,,1,NONINCAPACITATING INJURY,2,0,0,1,1,0,0,3,2,8,41.8089115174,-87.6037354423,POINT (-87.603735442322 41.808911517351)
9a50972ff5543d9f01c45848cc68e7b7b7c572cd9e727488c6bf87e5c708bf68fcdaa1c83789fe1d325a5b39b914e19d5565714289fd1eed018f9ee3754d6eb4,,08/04/2025 02:40:00 AM,30,NO CONTROLS,NO CONTROLS,CLEAR,"DARKNESS, LIGHTED ROAD",REAR TO FRONT,NOT DIVIDED,,STRAIGHT AND LEVEL,UNKNOWN,UNKNOWN,NOT ON SCENE (DESK REPORT),NO INJURY / DRIVE AWAY,,,Y,"OVER $1,500",08/04/2025 05:30:00 PM,DRIVING SKILLS/KNOWLEDGE/EXPERIENCE,NOT APPLICABLE,2239,S,MICHIGAN AVE,132,,,,,,,2,NO INDICATION OF INJURY,0,0,0,0,0,2,0,2,2,8,41.8517471461,-87.6236277576,POINT (-87.623627757554 41.851747146104)
9a49dd6604cd209a6e3fb79e9233b882c8b1be3ea8afb94bb6f982862c10789e3e441ab9365c18854707dbfe2d228505f53c8addefae4d5144f942716e6c04f1,,08/04/2025 02:30:00 AM,30,NO CONTROLS,NO CONTROLS,UNKNOWN,DARKNESS,PARKED MOTOR VEHICLE,NOT DIVIDED,,STRAIGHT AND LEVEL,UNKNOWN,NO DEFECTS,,NO INJURY / DRIVE AWAY,,,Y,"OVER $1,500",08/04/2025 04:25:00 PM,UNABLE TO DETERMINE,UNABLE TO DETERMINE,6837,S,DAMEN AVE,726,,,,,,,2,NO INDICATION OF INJURY,0,0,0,0,0,1,0,2,2,8,41.7691359299,-87.6734941487,POINT (-87.673494148724 41.769135929886)
0710323765da6372e0ee880f586fdded4fbe9654805c29457ddfa5d0367519e4844605b03a5a93f4ab2375c2717a605185ea6dccae49b2745acafa7ec6eefc19,,08/04/2025 02:20:00 AM,35,TRAFFIC SIGNAL,FUNCTIONING PROPERLY,CLEAR,"DARKNESS, LIGHTED ROAD",ANGLE,OTHER,,STRAIGHT AND LEVEL,DRY,NO DEFECTS,ON SCENE,NO INJURY / DRIVE AWAY,,,,"OVER $1,500",08/04/2025 02:20:00 AM,UNABLE TO DETERMINE,UNABLE TO DETERMINE,4700,S,MICHIGAN AVE,224,,,,,,,2,NO INDICATION OF INJURY,0,0,0,0,0,3,0,2,2,8,41.8091935132,-87.6229793064,POINT (-87.62297930642 41.809193513201)
1d3209b10013b9bbab70795d5fa5328b06abdd67b809ad06183792a8ccc30c587b5d9fc8db18874739edfb425cf80e763d360f7cf91ced8fc2470862f0ae903c,,08/04/2025 02:00:00 AM,30,NO CONTROLS,NO CONTROLS,CLEAR,DARKNESS,SIDESWIPE OPPOSITE DIRECTION,DIVIDED - W/MEDIAN (NOT RAISED),,STRAIGHT AND LEVEL,DRY,NO DEFECTS,NOT ON SCENE (DESK REPORT),NO INJURY / DRIVE AWAY,,,Y,"OVER $1,500",08/04/2025 12:08:00 PM,UNABLE TO DETERMINE,NOT APPLICABLE,1500,W,68TH ST,725,,,,,,,2,NO INDICATION OF INJURY,0,0,0,0,0,2,0,2,2,8,41.7705157958,-87.661605562,POINT (-87.661605562018 41.770515795798)
0e98b6915842b54953c4def81d984d4e6f7b88e53d8790240f5ad2f5ee1f3aaaf93d0c2766477cf57dbfeac890a5a664a265094b668f3d1beafd5a3c132feb1b,,08/04/2025 01:30:00 AM,30,NO CONTROLS,NO CONTROLS,CLEAR,"DARKNESS, LIGHTED ROAD",PARKED MOTOR VEHICLE,NOT DIVIDED,,STRAIGHT AND LEVEL,DRY,NO DEFECTS,NOT ON SCENE (DESK REPORT),INJURY AND / OR TOW DUE TO CRASH,,,Y,"OVER $1,500",08/04/2025 03:30:00 AM,IMPROPER LANE USAGE,UNABLE TO DETERMINE,2245,E,83RD ST,412,,,,,,,2,NO INDICATION OF INJURY,0,0,0,0,0,1,0,1,2,8,41.7443112246,-87.5692047752,POINT (-87.569204775214 41.744311224628)
48f9524fb9b72bad864f41ce4314b58ff5becb27599f007e1a1117229e9b5df294db8c8a05ac2e7b83e3e97b514e26766ccf43f04fa7e52407f3fe39bdda029d,,08/04/2025 01:06:00 AM,35,TRAFFIC SIGNAL,FUNCTIONING PROPERLY,CLEAR,"DARKNESS, LIGHTED ROAD",SIDESWIPE SAME DIRECTION,ONE-WAY,,STRAIGHT AND LEVEL,DRY,NO DEFECTS,ON SCENE,INJURY AND / OR TOW DUE TO CRASH,,,Y,"OVER $1,500",08/04/2025 01:10:00 AM,IMPROPER OVERTAKING/PASSING,FOLLOWING TOO CLOSELY,124,W,ERIE ST,1832,,,,,,,2,NONINCAPACITATING INJURY,1,0,0,1,0,1,0,1,2,8,41.8941258863,-87.6323249049,POINT (-87.632324904893 41.894125886303)
92d362e1c73eb60b3005bb2d2f454b7ce131147b874df1de65ee97d4cd286364b066983983df82931d7e218c7086354406324d921ded9f82ab1edbcb816c54fd,Y,08/04/2025 01:00:00 AM,25,NO CONTROLS,NO CONTROLS,CLEAR,UNKNOWN,PARKED MOTOR VEHICLE,ONE-WAY,,STRAIGHT AND LEVEL,DRY,NO DEFECTS,NOT ON SCENE (DESK REPORT),NO INJURY / DRIVE AWAY,,,Y,"OVER $1,500",08/04/2025 11:55:00 AM,UNABLE TO DETERMINE,NOT APPLICABLE,600,S,LAVERGNE AVE,1533,,,,,,,2,NO INDICATION OF INJURY,0,0,0,0,0,1,0,1,2,8,41.8729739935,-87.7492903945,POINT (-87.74929039454 41.872973993475)
ee6c31c05c40aaba011b91714afe0a6e449d6102d5040776c0a778aa96046461d16f32e7c6bc0f9fcbe6ae9dab9a98f45535bc415ea99dd9f68e3bd11be987f7,,08/04/2025 12:45:00 AM,15,NO CONTROLS,NO CONTROLS,UNKNOWN,UNKNOWN,PARKED MOTOR VEHICLE,ONE-WAY,,STRAIGHT AND LEVEL,UNKNOWN,UNKNOWN,ON SCENE,INJURY AND / OR TOW DUE TO CRASH,,,,"OVER $1,500",08/04/2025 12:50:00 AM,NOT APPLICABLE,NOT APPLICABLE,2546,E,73RD ST,334,,,,,,,2,NO INDICATION OF INJURY,0,0,0,0,0,1,0,0,2,8,41.7632180154,-87.5625442619,POINT (-87.562544261895 41.763218015419)
95e970a0478e19a47ed997c3a72c19dff3f1e835cb47375631144c68f54c08c65169769e0d07ad11207530962c7ead878b210b7e13ee75a2ebdae76599106764,,08/04/2025 12:30:00 AM,10,NO CONTROLS,NO CONTROLS,CLEAR,"DARKNESS, LIGHTED ROAD",FIXED OBJECT,DRIVEWAY,,STRAIGHT AND LEVEL,DRY,NO DEFECTS,NOT ON SCENE (DESK REPORT),NO INJURY / DRIVE AWAY,,,,"OVER $1,500",08/04/2025 01:15:00 AM,IMPROPER BACKING,NOT APPLICABLE,2701,W,68TH ST,831,,,,,,,1,NO INDICATION OF INJURY,0,0,0,0,0,1,0,0,2,8,41.7699292423,-87.6908413389,POINT (-87.690841338941 41.769929242296)
6efbe36b86b7ea0037544caaf3a81dad643f323998a43ba258d5ac7274db043314ce86f74ac710ca34251e99efa68d24202c5e7798eacc2f199515426114f102,,08/04/2025 12:28:00 AM,30,NO CONTROLS,NO CONTROLS,CLEAR,DARKNESS,FIXED OBJECT,DIVIDED - W/MEDIAN (NOT RAISED),,STRAIGHT AND LEVEL,DRY,UNKNOWN,ON SCENE,NO INJURY / DRIVE AWAY,,,,"OVER $1,500",08/04/2025 12:28:00 AM,DRIVING SKILLS/KNOWLEDGE/EXPERIENCE,NOT APPLICABLE,3100,S,CALIFORNIA AVE,1033,,,,,,,1,NO INDICATION OF INJURY,0,0,0,0,0,1,0,0,2,8,41.8372770504,-87.6951722465,POINT (-87.695172246519 41.837277050366)
b2eb4d00fb21a86dd547cd1923d0703090f08c80b1896c2f5a079529b2419340c7fa603342819af6a03c320159e4c678309dcbbc9cd149b7700810b551c5655a,,08/04/2025 12:25:00 AM,30,TRAFFIC SIGNAL,FUNCTIONING PROPERLY,CLEAR,"DARKNESS, LIGHTED ROAD",ANGLE,FOUR WAY,,STRAIGHT AND LEVEL,DRY,NO DEFECTS,NOT ON SCENE (DESK REPORT),INJURY AND / OR TOW DUE TO CRASH,Y,,,"OVER $1,500",08/04/2025 12:29:00 AM,DISREGARDING TRAFFIC SIGNALS,NOT APPLICABLE,8700,S,COTTAGE GROVE AVE,632,,,,,,,2,NONINCAPACITATING INJURY,4,0,0,4,0,2,0,0,2,8,41.7366015585,-87.6049681002,POINT (-87.604968100168 41.736601558476)
d512fd9ee8d028a9f5c5dd05905b3b100b34403ce26a12a0bc5753e429a5e29938e3c5f3f38f5a3041c6f024b9f20e87e6222b8da0b15f521b1df4a6096e65df,,08/04/2025 12:25:00 AM,30,TRAFFIC SIGNAL,FUNCTIONING PROPERLY,CLEAR,"DARKNESS, LIGHTED ROAD",REAR END,DIVIDED - W/MEDIAN (NOT RAISED),,STRAIGHT AND LEVEL,DRY,NO DEFECTS,ON SCENE,INJURY AND / OR TOW DUE TO CRASH,,,,"OVER $1,500",08/04/2025 12:26:00 AM,UNABLE TO DETERMINE,UNABLE TO DETERMINE,4000,W,59TH ST,813,,,,,,,2,"REPORTED, NOT EVIDENT",4,0,0,0,4,1,0,0,2,8,41.7860451625,-87.723026426,POINT (-87.72302642597 41.78604516253)
6538b615e71a40fb4af135422dbecc3dffce61217d4f23dea7d31195468519c6a0621b0865e2b39c1d04ceea06984b96ab6b305056ff6bb9352c42545c0593f2,,08/04/2025 12:20:00 AM,30,NO CONTROLS,NO CONTROLS,CLEAR,"DARKNESS, LIGHTED ROAD",TURNING,NOT DIVIDED,,STRAIGHT AND LEVEL,DRY,NO DEFECTS,ON SCENE,INJURY AND / OR TOW DUE TO CRASH,,,,"OVER $1,500",08/04/2025 12:25:00 AM,FAILING TO YIELD RIGHT-OF-WAY,UNABLE TO DETERMINE,4148,W,BELMONT AVE,1731,,,,,,,2,"REPORTED, NOT EVIDENT",1,0,0,0,1,1,0,0,2,8,41.9391483055,-87.7315488896,POINT (-87.731548889642 41.939148305545)
cb8c4c8b23c01f70e54db2a3554e9ed4f90eb42944edb0de9c5eb3cb93b715553a4682ed0857b0082f1f26bc310619f3b264904daf32c3bb5cccde5687d22f7d,,08/04/2025 12:10:00 AM,30,TRAFFIC SIGNAL,FUNCTIONING PROPERLY,CLEAR,"DARKNESS, LIGHTED ROAD",TURNING,NOT DIVIDED,,STRAIGHT AND LEVEL,DRY,UNKNOWN,ON SCENE,NO INJURY / DRIVE AWAY,,,,"OVER $1,500",08/04/2025 12:13:00 AM,IMPROPER TURNING/NO SIGNAL,NOT APPLICABLE,3310,N,MILWAUKEE AVE,1731,,,,,,,2,NO INDICATION OF INJURY,0,0,0,0,0,2,0,0,2,8,41.9411843063,-87.7275071417,POINT (-87.727507141686 41.941184306339)
612f555ce6f6bf3398cfb6089bccb518a1ded41efc81591cd751a0ace2efdd62025bce2ad16124c2da36a185dc2fc67512e1f96df3894a336cd06bf357f254e1,Y,08/04/2025 12:00:00 AM,30,NO CONTROLS,NO CONTROLS,UNKNOWN,UNKNOWN,PARKED MOTOR VEHICLE,OTHER,,STRAIGHT AND LEVEL,UNKNOWN,NO DEFECTS,ON SCENE,NO INJURY / DRIVE AWAY,,,Y,"OVER $1,500",08/04/2025 07:47:00 AM,UNABLE TO DETERMINE,NOT APPLICABLE,3916,N,CENTRAL PARK AVE,1732,,,,,,,2,NO INDICATION OF INJURY,0,0,0,0,0,1,0,0,2,8,41.9524748439,-87.7179221794,POINT (-87.717922179409 41.952474843948)
76554433660c024a1b762b4d61f207d3bf758ab655672bf30d19dc6189447bc79efd0716261f86a03571d407c2137b10566df1730e73824908366f2abdd2b2b1,Y,08/04/2025 12:00:00 AM,30,NO CONTROLS,NO CONTROLS,CLEAR,DARKNESS,PARKED MOTOR VEHICLE,ONE-WAY,,STRAIGHT AND LEVEL,DRY,UNKNOWN,NOT ON SCENE (DESK REPORT),NO INJURY / DRIVE AWAY,,,Y,"OVER $1,500",08/04/2025 09:25:00 PM,UNABLE TO DETERMINE,NOT APPLICABLE,1515,N,KEATING AVE,2533,,,,,,,2,NO INDICATION OF INJURY,0,0,0,0,0,1,0,0,2,8,41.9083174633,-87.7446691445,POINT (-87.744669144543 41.908317463257)
79d7f6c4885286b7e7ea67faece91a2ca5246eb5f0cc4e6a72fc385831dc6f1c2ce24f97e8f9ca32050dae0b9048e468114b345ca8662be412148e6238bc209b,Y,08/04/2025 12:00:00 AM,30,UNKNOWN,UNKNOWN,UNKNOWN,UNKNOWN,PARKED MOTOR VEHICLE,NOT DIVIDED,,STRAIGHT AND LEVEL,UNKNOWN,UNKNOWN,NOT ON SCENE (DESK REPORT),INJURY AND / OR TOW DUE TO CRASH,,,Y,"$501 - $1,500",08/04/2025 09:40:00 AM,UNABLE TO DETERMINE,NOT APPLICABLE,3400,W,56TH ST,822,,,,,,,2,NO INDICATION OF INJURY,0,0,0,0,0,1,0,0,2,8,41.7917334713,-87.7084721801,POINT (-87.708472180145 41.791733471317)
b9eba60f94577c40036ed792c153c2158ba3b4866c71bb2172f08e0a80ea162baf2c2e441339fb6d6bbb1e69107e9b47b13e62dfb982ce77ca3c0702e40836b5,,08/04/2025 12:00:00 AM,40,NO CONTROLS,NO CONTROLS,CLEAR,UNKNOWN,PARKED MOTOR VEHICLE,DIVIDED - W/MEDIAN (NOT RAISED),,STRAIGHT AND LEVEL,DRY,NO DEFECTS,ON SCENE,INJURY AND / OR TOW DUE TO CRASH,,,Y,"OVER $1,500",08/04/2025 10:30:00 AM,UNABLE TO DETERMINE,UNABLE TO DETERMINE,71,E,43RD ST,215,,,,,,,2,,,,,,,,,0,2,8,41.8164231294,-87.6233832627,POINT (-87.623383262749 41.816423129432)
c4d48d8a35f9d3882f8ec71afc7015b60a63e78fa499cd2e8524603ff7e2412912b869b24af6639677befc39d9f2d05e9d555aafcbaffc034c711096ca1a06c4,,08/03/2025 11:56:00 PM,30,NO CONTROLS,NO CONTROLS,CLEAR,"DARKNESS, LIGHTED ROAD",TURNING,DIVIDED - W/MEDIAN (NOT RAISED),,STRAIGHT AND LEVEL,DRY,NO DEFECTS,ON SCENE,INJURY AND / OR TOW DUE TO CRASH,,,,"OVER $1,500",08/04/2025 12:31:00 AM,FAILING TO REDUCE SPEED TO AVOID CRASH,FOLLOWING TOO CLOSELY,6170,N,LINCOLN AVE,1711,,,,,,,2,NO INDICATION OF INJURY,0,0,0,0,0,2,0,23,1,8,41.994243988,-87.7138759832,POINT (-87.713875983236 41.994243988047)
4c6ad5f9747e5117e24e5332fc43cc34709fed09636ea1ad314556772e66b65630288d25e0cf5954b06fa9e98eff583e73fd890ae7161a3449ce6b3d1edcb604,,08/03/2025 11:50:00 PM,30,STOP SIGN/FLASHER,FUNCTIONING PROPERLY,CLEAR,"DARKNESS, LIGHTED ROAD",PEDALCYCLIST,NOT DIVIDED,,STRAIGHT AND LEVEL,DRY,UNKNOWN,ON SCENE,INJURY AND / OR TOW DUE TO CRASH,,,Y,$500 OR LESS,08/03/2025 11:52:00 PM,UNABLE TO DETERMINE,FAILING TO REDUCE SPEED TO AVOID CRASH,1204,W,HUBBARD ST,1215,,,,,,,2,INCAPACITATING INJURY,1,0,1,0,0,1,0,23,1,8,41.8900956503,-87.6576022531,POINT (-87.657602253053 41.890095650295)
c1d4e622079c6f6d1fa0c4f6b3c4951a0f56b47fab181afb5c442f901cc550f1c43ced12645fbc5af087bd72158c8d4d352ae0fd1ec502ead76ae1c6e47d8400,,08/03/2025 11:34:00 PM,30,NO CONTROLS,NO CONTROLS,CLEAR,"DARKNESS, LIGHTED ROAD",FIXED OBJECT,DIVIDED - W/MEDIAN (NOT RAISED),,STRAIGHT AND LEVEL,DRY,NO DEFECTS,ON SCENE,INJURY AND / OR TOW DUE TO CRASH,,,,"OVER $1,500",08/03/2025 11:35:00 PM,EQUIPMENT - VEHICLE CONDITION,FAILING TO REDUCE SPEED TO AVOID CRASH,2711,W,79TH ST,835,,,,,,,1,NO INDICATION OF INJURY,0,0,0,0,0,1,0,23,1,8,41.7498037701,-87.6906580028,POINT (-87.690658002794 41.749803770059)
17fe940e1b3e523889d3260e6910470fddde026dcb9616d6e0cc8a4330843848d90b7c2a86da22154dddb911b623640e3d63b99b5c6befee40afe21cab183164,,08/03/2025 11:30:00 PM,25,NO CONTROLS,NO CONTROLS,UNKNOWN,"DARKNESS, LIGHTED ROAD",PARKED MOTOR VEHICLE,NOT DIVIDED,,STRAIGHT AND LEVEL,DRY,NO DEFECTS,ON SCENE,INJURY AND / OR TOW DUE TO CRASH,,,Y,"OVER $1,500",08/04/2025 08:22:00 AM,UNABLE TO DETERMINE,UNABLE TO DETERMINE,10520,S,SEELEY AVE,2212,,,,,,,2,NO INDICATION OF INJURY,0,0,0,0,0,1,0,23,1,8,41.7021631055,-87.6730403508,POINT (-87.673040350832 41.70216310549)
f9dfe899ba6a240b1abe4c7e2580bc48bb536dc0f3072ff75c18759ecf31547caeea4f52a1054fa52a1a87011d200f9fa897c395907841323109e383e0af22d8,,08/03/2025 11:30:00 PM,30,NO CONTROLS,NO CONTROLS,UNKNOWN,UNKNOWN,PARKED MOTOR VEHICLE,NOT DIVIDED,,STRAIGHT AND LEVEL,UNKNOWN,UNKNOWN,NOT ON SCENE (DESK REPORT),NO INJURY / DRIVE AWAY,,,Y,"OVER $1,500",08/04/2025 05:30:00 PM,UNABLE TO DETERMINE,UNABLE TO DETERMINE,1137,W,63RD ST,724,,,,,,,2,NO INDICATION OF INJURY,0,0,0,0,0,1,0,23,1,8,41.779513257,-87.6535132947,POINT (-87.653513294746 41.779513256996)
f682609b37871d7b05239301cad2a50a9f7cabde21abc3d5d5e21697842957b50d684212afc70fe81ff2fa58aa609d879ce8671ae597c674edfe9f20327499e5,,08/03/2025 11:25:00 PM,30,TRAFFIC SIGNAL,FUNCTIONING PROPERLY,CLEAR,"DARKNESS, LIGHTED ROAD",SIDESWIPE SAME DIRECTION,DIVIDED - W/MEDIAN BARRIER,,STRAIGHT AND LEVEL,DRY,NO DEFECTS,NOT ON SCENE (DESK REPORT),NO INJURY / DRIVE AWAY,Y,,Y,"OVER $1,500",08/03/2025 11:58:00 PM,FAILING TO REDUCE SPEED TO AVOID CRASH,FAILING TO YIELD RIGHT-OF-WAY,1158,S,MICHIGAN AVE,123,,,,,,,2,NO INDICATION OF INJURY,0,0,0,0,0,2,0,23,1,8,41.8675536341,-87.6242715489,POINT (-87.624271548879 41.867553634062)
ca651dbf75762cbc28bdcb8221c51baac1b176227953f83e6660a3ad1a06a46c7620a7d399e1ec32002b79a3b52941b07e615a13bbe0e00d4276eafbf64680a4,,08/03/2025 11:10:00 PM,30,TRAFFIC SIGNAL,FUNCTIONING PROPERLY,CLEAR,"DARKNESS, LIGHTED ROAD",REAR END,FOUR WAY,,STRAIGHT AND LEVEL,DRY,UNKNOWN,NOT ON SCENE (DESK REPORT),NO INJURY / DRIVE AWAY,Y,,,"$501 - $1,500",08/04/2025 12:15:00 AM,FOLLOWING TOO CLOSELY,FOLLOWING TOO CLOSELY,730,S,STATE ST,123,,,,,,,2,NO INDICATION OF INJURY,0,0,0,0,0,2,0,23,1,8,41.8723396616,-87.6276883735,POINT (-87.627688373531 41.872339661558)
0335a1502afcec889170b03e80530f13e304169370398a603bdf595b87a3fe5b466c0d449b65d8a8925570bf74caf8ebabcd9ce91465d7e650eb0ccb9c2ef839,,08/03/2025 11:00:00 PM,30,NO CONTROLS,NO CONTROLS,CLEAR,"DARKNESS, LIGHTED ROAD",TURNING,FOUR WAY,,STRAIGHT AND LEVEL,DRY,NO DEFECTS,NOT ON SCENE (DESK REPORT),NO INJURY / DRIVE AWAY,,,,"OVER $1,500",08/04/2025 12:48:00 AM,FAILING TO REDUCE SPEED TO AVOID CRASH,FAILING TO REDUCE SPEED TO AVOID CRASH,600,W,WASHINGTON BLVD,121,,,,,,,2,NO INDICATION OF INJURY,0,0,0,0,0,2,0,23,1,8,41.883281626,-87.6427737585,POINT (-87.642773758485 41.883281625972)
2be5bbd4cbc9d054b0c81cd2c467f4a783aa49ae75ad63d968d15d526b1452e90dd23b1d87e2159f7053bb61af5b70b3f1d866070f54b01652a1c7c604036589,,08/03/2025 11:00:00 PM,30,TRAFFIC SIGNAL,FUNCTIONING PROPERLY,CLEAR,"DARKNESS, LIGHTED ROAD",ANGLE,FOUR WAY,,STRAIGHT AND LEVEL,DRY,NO DEFECTS,NOT ON SCENE (DESK REPORT),NO INJURY / DRIVE AWAY,Y,,Y,"OVER $1,500",08/04/2025 08:20:00 PM,DISREGARDING TRAFFIC SIGNALS,UNABLE TO DETERMINE,8100,S,COTTAGE GROVE AVE,631,,,,,,,2,NO INDICATION OF INJURY,0,0,0,0,0,2,0,23,1,8,41.7475332863,-87.6052788008,POINT (-87.605278800842 41.747533286283)
2d48214f866d0b4710600f051d53f6e1cfcb1419e7739034331a401c623f14b665fbef9238d9613d5eec625cd648903629e02a242ca0328ce38eba236d8cc18f,,08/03/2025 11:00:00 PM,30,TRAFFIC SIGNAL,FUNCTIONING PROPERLY,CLEAR,"DARKNESS, LIGHTED ROAD",REAR END,FOUR WAY,,STRAIGHT AND LEVEL,DRY,UNKNOWN,NOT ON SCENE (DESK REPORT),NO INJURY / DRIVE AWAY,Y,,Y,"$501 - $1,500",08/04/2025 12:40:00 AM,UNABLE TO DETERMINE,UNABLE TO DETERMINE,799,N,LA SALLE DR,1832,,,,,,,2,NO INDICATION OF INJURY,0,0,0,0,0,2,0,23,1,8,41.8965647991,-87.6325616783,POINT (-87.632561678317 41.896564799141)
38e0898a44ab2f8bfcaecf26916219678b627bd9443ef4272fdd332f706ebdb53042629c6f5e6aacdf7a79951a76f7a637908c98d9c28affaee28239c83e2251,,08/03/2025 11:00:00 PM,35,TRAFFIC SIGNAL,FUNCTIONING PROPERLY,CLEAR,DARKNESS,SIDESWIPE SAME DIRECTION,NOT DIVIDED,,STRAIGHT AND LEVEL,DRY,NO DEFECTS,NOT ON SCENE (DESK REPORT),NO INJURY / DRIVE AWAY,,,,"OVER $1,500",08/03/2025 11:00:00 PM,IMPROPER LANE USAGE,IMPROPER LANE USAGE,98,E,ROOSEVELT RD,123,,,,,,,2,NO INDICATION OF INJURY,0,0,0,0,0,2,0,23,1,8,41.8675659268,-87.6242174248,POINT (-87.624217424809 41.867565926761)
91e264c63d1b8171d749687d58a58f909cf8aeb2b1eab62916c6cf4ed9dec313368763567732bc9c553974e12bb047ffcadbab6409469ecc3a0c09052f670cff,,08/03/2025 11:00:00 PM,30,NO CONTROLS,NO CONTROLS,CLEAR,"DARKNESS, LIGHTED ROAD",PARKED MOTOR VEHICLE,PARKING LOT,,STRAIGHT AND LEVEL,DRY,NO DEFECTS,ON SCENE,NO INJURY / DRIVE AWAY,,,,$500 OR LESS,08/03/2025 11:41:00 PM,IMPROPER BACKING,NOT APPLICABLE,1653,W,CONGRESS PKWY,1231,,,,,,,2,NO INDICATION OF INJURY,0,0,0,0,0,2,0,23,1,8,41.8750333414,-87.6687530013,POINT (-87.668753001303 41.875033341441)
e536406e612eecf91c4a654e1d348624853607e3163539fb429755630cd536a9ca4dc2698c7cf47d809eb30f8ba26f01a3fdd3139cb25b6dfd9c44318c198575,Y,08/03/2025 10:55:00 PM,20,NO CONTROLS,NO CONTROLS,CLEAR,"DARKNESS, LIGHTED ROAD",PARKED MOTOR VEHICLE,NOT DIVIDED,,STRAIGHT AND LEVEL,DRY,NO DEFECTS,ON SCENE,INJURY AND / OR TOW DUE TO CRASH,,,,$500 OR LESS,08/03/2025 10:58:00 PM,UNABLE TO DETERMINE,UNABLE TO DETERMINE,1306,W,ERIE ST,1215,,,,,,,2,NONINCAPACITATING INJURY,1,0,0,1,0,0,0,22,1,8,41.8935680006,-87.6598430735,POINT (-87.659843073518 41.893568000604)
aff24feeaa283c03fa4113475e5cc04b65128126106b749235e3c9cd40c237932094351533deb1c616a88689c0b6f655bfa7e7904fef0c303df2b7615771e2b8,,08/03/2025 10:45:00 PM,30,NO CONTROLS,NO CONTROLS,CLEAR,"DARKNESS, LIGHTED ROAD",SIDESWIPE SAME DIRECTION,DIVIDED - W/MEDIAN (NOT RAISED),,STRAIGHT AND LEVEL,DRY,UNKNOWN,NOT ON SCENE (DESK REPORT),NO INJURY / DRIVE AWAY,,,,"OVER $1,500",08/03/2025 11:33:00 PM,DRIVING SKILLS/KNOWLEDGE/EXPERIENCE,UNABLE TO DETERMINE,515,N,WESTERN AVE,1221,,,,,,,2,NO INDICATION OF INJURY,0,0,0,0,0,2,0,22,1,8,41.8911423801,-87.6865592813,POINT (-87.686559281255 41.891142380137)
b6b129daaed5745e4ba06fa0da4e5d3df9169adb085c4a0a0ead746ff11d6851f9891cbb590b655915188751a5327897b0d9da3cd6cb809eddc860b4c1638df7,,08/03/2025 10:42:00 PM,30,STOP SIGN/FLASHER,FUNCTIONING PROPERLY,CLEAR,"DARKNESS, LIGHTED ROAD",REAR END,NOT DIVIDED,,STRAIGHT AND LEVEL,DRY,NO DEFECTS,ON SCENE,INJURY AND / OR TOW DUE TO CRASH,,,,"OVER $1,500",08/03/2025 10:45:00 PM,FAILING TO REDUCE SPEED TO AVOID CRASH,NOT APPLICABLE,10758,S,WENTWORTH AVE,513,,,,,,,2,"REPORTED, NOT EVIDENT",2,0,0,0,2,4,0,22,1,8,41.6980351491,-87.6281880649,POINT (-87.628188064862 41.698035149116)
95104003d5b9727d1789ada03cb4dab3a413215f51fe7193ec3a8d6037efcb3b7133740baa159c936d3ffadf0d263ccd581531465cdf597a71b7bfb17a96d0e8,,08/03/2025 10:40:00 PM,20,NO CONTROLS,NO CONTROLS,CLEAR,"DARKNESS, LIGHTED ROAD",PARKED MOTOR VEHICLE,NOT DIVIDED,,STRAIGHT AND LEVEL,DRY,UNKNOWN,NOT ON SCENE (DESK REPORT),NO INJURY / DRIVE AWAY,,,,"OVER $1,500",08/04/2025 02:00:00 PM,UNABLE TO DETERMINE,NOT APPLICABLE,1500,N,LARRABEE ST,1822,,,,,,,2,NO INDICATION OF INJURY,0,0,0,0,0,1,0,22,1,8,41.9092339029,-87.6435264084,POINT (-87.643526408384 41.90923390285)