CRASH_RECORD_ID,CRASH_DATE_EST_I,CRASH_DATE,POSTED_SPEED_LIMIT,TRAFFIC_CONTROL_DEVICE,DEVICE_CONDITION,WEATHER_CONDITION,LIGHTING_CONDITION,FIRST_CRASH_TYPE,TRAFFICWAY_TYPE,LANE_CNT,ALIGNMENT,ROADWAY_SURFACE_COND,ROAD_DEFECT,REPORT_TYPE,CRASH_TYPE,INTERSECTION_RELATED_I,NOT_RIGHT_OF_WAY_I,HIT_AND_RUN_I,DAMAGE,DATE_POLICE_NOTIFIED,PRIM_CONTRIBUTORY_CAUSE,SEC_CONTRIBUTORY_CAUSE,STREET_NO,STREET_DIRECTION,STREET_NAME,BEAT_OF_OCCURRENCE,PHOTOS_TAKEN_I,STATEMENTS_TAKEN_I,DOORING_I,WORK_ZONE_I,WORK_ZONE_TYPE,WORKERS_PRESENT_I,NUM_UNITS,MOST_SEVERE_INJURY,INJURIES_TOTAL,INJURIES_FATAL,INJURIES_INCAPACITATING,INJURIES_NON_INCAPACITATING,INJURIES_REPORTED_NOT_EVIDENT,INJURIES_NO_INDICATION,INJURIES_UNKNOWN,CRASH_HOUR,CRASH_DAY_OF_WEEK,CRASH_MONTH,LATITUDE,LONGITUDE,LOCATION
098356470280793b1da73db288e604d70aaf5bedff1eeb72ab5f41f6920ac1db3246b6965bdf446708f3dab3318a789cbd71566b6502f9770119d06f97ba9d82,,08/03/2025 07:40:00 PM,35,NO CONTROLS,NO CONTROLS,CLEAR,DAYLIGHT,PARKED MOTOR VEHICLE,NOT DIVIDED,,STRAIGHT AND LEVEL,DRY,NO DEFECTS,ON SCENE,INJURY AND / OR TOW DUE TO CRASH,,,Y,"OVER $1,500",08/03/2025 07:43:00 PM,UNABLE TO DETERMINE,NOT APPLICABLE,2928,W,AUGUSTA BLVD,1211,,,,,,,3,NO INDICATION OF INJURY,0,0,0,0,0,1,0,19,1,8,41.8993626576,-87.7004100733,POINT (-87.700410073334 41.899362657644)
2c32de17f837092eeed54568c3e7be0c887efd581c6dd4de3b84cd2f101e71560fab5bf302dfbdeb6717bc6fb88cbc27576b670348650374b3cdfa3c55500d4a,,08/03/2025 07:39:00 PM,10,NO CONTROLS,NO CONTROLS,CLEAR,DAYLIGHT,FIXED OBJECT,ALLEY,,STRAIGHT AND LEVEL,DRY,NO DEFECTS,ON SCENE,NO INJURY / DRIVE AWAY,,Y,Y,"OVER $1,500",08/03/2025 07:39:00 PM,UNABLE TO DETERMINE,NOT APPLICABLE,1911,W,71ST ST,735,,,,,,,1,NO INDICATION OF INJURY,0,0,0,0,0,1,0,19,1,8,41.7647189536,-87.6715817928,POINT (-87.671581792821 41.764718953625)
744cdbe2ce520a49131c6be04e29836e827d5f184a388a93bab9995d5f51a83bced19cdca2685b1df0570772053ad39d831c1458932342160d37f65c4c6eb312,,08/03/2025 07:30:00 PM,30,NO CONTROLS,NO CONTROLS,CLEAR,DAYLIGHT,PARKED MOTOR VEHICLE,NOT DIVIDED,,STRAIGHT AND LEVEL,DRY,NO DEFECTS,NOT ON SCENE (DESK REPORT),NO INJURY / DRIVE AWAY,,,Y,"OVER $1,500",08/12/2025 03:00:00 PM,UNABLE TO DETERMINE,UNABLE TO DETERMINE,4338,N,KENMORE AVE,1915,,,,,,,2,NO INDICATION OF INJURY,0,0,0,0,0,1,0,19,1,8,41.9609647156,-87.6564613549,POINT (-87.656461354888 41.960964715646)
661227cc74490d23a95d4342086d793e56b585e03c4e1dc94814ad2bec1fd9c0d426807271a8f743a655b8e1ad2df9d06e9f19e901934735fd2d3899a4523fd6,,08/03/2025 07:25:00 PM,30,NO CONTROLS,NO CONTROLS,CLEAR,DAYLIGHT,PARKED MOTOR VEHICLE,ONE-WAY,,STRAIGHT AND LEVEL,DRY,NO DEFECTS,NOT ON SCENE (DESK REPORT),NO INJURY / DRIVE AWAY,,,Y,"OVER $1,500",08/03/2025 07:29:00 PM,UNABLE TO DETERMINE,NOT APPLICABLE,3765,W,32ND ST,1031,,,,,,,2,NO INDICATION OF INJURY,0,0,0,0,0,1,0,19,1,8,41.8350359318,-87.7193609949,POINT (-87.71936099492 41.835035931805)
8011a6dbca8541df7df7ff6504d97169d4c716590ccc1d6578dc25d3afc0636d30b4ee91ea6390efe213d261b4486905196e64146bfe2d8ac6a3d9195e9774e4,,08/03/2025 07:23:00 PM,30,NO CONTROLS,NO CONTROLS,CLEAR,DAYLIGHT,SIDESWIPE SAME DIRECTION,DIVIDED - W/MEDIAN BARRIER,,STRAIGHT AND LEVEL,DRY,NO DEFECTS,ON SCENE,INJURY AND / OR TOW DUE TO CRASH,,,,"OVER $1,500",08/03/2025 07:23:00 PM,FAILING TO YIELD RIGHT-OF-WAY,NOT APPLICABLE,4335,N,WESTERN AVE,1911,,,,,,,2,NO INDICATION OF INJURY,0,0,0,0,0,4,0,19,1,8,41.960566902,-87.6885132279,POINT (-87.68851322794 41.960566901966)
3d005b15bde2b4e1847c6d36c1bb8f91191cc5c51a3c838c90178178c32e20cb68a4926a5e7b91c52996a3673754aa1b5f350ab550d432022cfe34c2a4105a89,,08/03/2025 07:15:00 PM,25,UNKNOWN,UNKNOWN,CLEAR,"DARKNESS, LIGHTED ROAD",ANGLE,DIVIDED - W/MEDIAN (NOT RAISED),,STRAIGHT AND LEVEL,DRY,NO DEFECTS,NOT ON SCENE (DESK REPORT),NO INJURY / DRIVE AWAY,,,,"OVER $1,500",08/04/2025 10:40:00 AM,UNABLE TO DETERMINE,UNABLE TO DETERMINE,1510,N,DAMEN AVE,1424,,,,,,,2,NO INDICATION OF INJURY,0,0,0,0,0,2,0,19,1,8,41.9086088159,-87.677558533,POINT (-87.677558532971 41.908608815896)
5fa00c6b3b6729aad495b3601089f5cf70d25fe063b532295bdbb348eb9098973789db5cebaccdde817dcd98a105d2d816c7872be7b6cf5c5b178d54e2a92a6f,,08/03/2025 07:15:00 PM,30,NO CONTROLS,NO CONTROLS,CLEAR,DAWN,PEDALCYCLIST,PARKING LOT,,STRAIGHT AND LEVEL,DRY,UNKNOWN,ON SCENE,NO INJURY / DRIVE AWAY,,,,"$501 - $1,500",08/03/2025 07:20:00 PM,UNABLE TO DETERMINE,UNABLE TO DETERMINE,3953,W,CHICAGO AVE,1112,,,,,,,2,NO INDICATION OF INJURY,0,0,0,0,0,1,0,19,1,8,41.8952609502,-87.7257442925,POINT (-87.725744292454 41.895260950237)
a8725e32a5aafd5d0c47c619cafca99e00101edefb73d02a984f3e87ad7ac215180462fb03c58f613794b5113e6f319f5d37b32fba330f21f59eea1c946cf3b0,,08/03/2025 07:10:00 PM,15,NO CONTROLS,NO CONTROLS,CLEAR,DAYLIGHT,ANGLE,ONE-WAY,,STRAIGHT AND LEVEL,DRY,NO DEFECTS,,INJURY AND / OR TOW DUE TO CRASH,,,Y,"OVER $1,500",08/03/2025 07:10:00 PM,FAILING TO YIELD RIGHT-OF-WAY,NOT APPLICABLE,740,E,77TH ST,624,,,,,,,2,NONINCAPACITATING INJURY,1,0,0,1,0,1,0,19,1,8,41.7550285963,-87.6061354302,POINT (-87.606135430208 41.755028596347)
e6e94a44bb84be38c05be5223605a482315d6f9000ff910f42845f279dfb006c72230ea37d1a51d0c0d44ca079d7da1099be923895566c73bf7ef738f59b0b7c,Y,08/03/2025 07:04:00 PM,30,NO CONTROLS,NO CONTROLS,CLEAR,"DARKNESS, LIGHTED ROAD",PARKED MOTOR VEHICLE,OTHER,,STRAIGHT AND LEVEL,DRY,UNKNOWN,NOT ON SCENE (DESK REPORT),NO INJURY / DRIVE AWAY,,,,"OVER $1,500",08/03/2025 09:15:00 PM,UNABLE TO DETERMINE,UNABLE TO DETERMINE,3000,W,FULLERTON AVE,1414,,,,,,,2,NO INDICATION OF INJURY,0,0,0,0,0,1,0,19,1,8,41.9248712432,-87.7024366591,POINT (-87.702436659073 41.924871243181)
d71640a1b14ef7d47284456e3a736507cfa09a69ef034e58de9fbe68b671cd3f58b13e923673cc7ebb40eb01f9035aaaef15e63bfa54b3605218a56f6b98d5cd,,08/03/2025 07:03:00 PM,30,NO CONTROLS,NO CONTROLS,CLEAR,DAYLIGHT,TURNING,NOT DIVIDED,,STRAIGHT AND LEVEL,DRY,NO DEFECTS,ON SCENE,NO INJURY / DRIVE AWAY,,,,"OVER $1,500",08/03/2025 07:15:00 PM,DRIVING ON WRONG SIDE/WRONG WAY,IMPROPER LANE USAGE,2741,W,PETERSON AVE,2011,,,,,,,2,NO INDICATION OF INJURY,0,0,0,0,0,2,0,19,1,8,41.9903374298,-87.698663532,POINT (-87.698663532024 41.990337429832)
2609ed5ca33c3abfd81e41ee85b99814a51e3b3eb8850c3f55f16b48c24154f71175ac6c3e8c118779b39812859b296f42430717d388154feed32624ebc1c0e9,,08/03/2025 07:00:00 PM,30,NO CONTROLS,NO CONTROLS,CLEAR,DAYLIGHT,REAR END,DIVIDED - W/MEDIAN (NOT RAISED),,STRAIGHT AND LEVEL,DRY,UNKNOWN,NOT ON SCENE (DESK REPORT),NO INJURY / DRIVE AWAY,,,,"$501 - $1,500",08/07/2025 11:00:00 AM,UNABLE TO DETERMINE,UNABLE TO DETERMINE,4016,W,MONTROSE AVE,1722,,,,,,,2,NO INDICATION OF INJURY,0,0,0,0,0,2,0,19,1,8,41.9610475553,-87.7285609553,POINT (-87.728560955263 41.961047555295)
2327605ccf3b5755a08e7a30c9ebfb0f4589d13c606c9f665746b88d456ac279f1847efe170041c6c46caaec8e0ad3ecd4e38d203313acfb54964ef957f6e2ec,,08/03/2025 06:40:00 PM,30,NO CONTROLS,NO CONTROLS,CLEAR,DAYLIGHT,SIDESWIPE SAME DIRECTION,DIVIDED - W/MEDIAN (NOT RAISED),,STRAIGHT AND LEVEL,DRY,NO DEFECTS,ON SCENE,INJURY AND / OR TOW DUE TO CRASH,,,,"OVER $1,500",08/03/2025 06:48:00 PM,NOT APPLICABLE,NOT APPLICABLE,3277,W,WRIGHTWOOD AVE,1413,,,,,,,2,NONINCAPACITATING INJURY,1,0,0,1,0,1,0,18,1,8,41.9282271524,-87.7103195773,POINT (-87.710319577264 41.928227152408)
2f292c7656f83ecf9287435dda3f55f117d5d369174884b5897d3842662dfffc01a94dab24cd90512171933ef9da3f1e6ea8306928b856b6543c21c163012ae9,,08/03/2025 06:40:00 PM,30,TRAFFIC SIGNAL,FUNCTIONING PROPERLY,CLEAR,DAYLIGHT,FIXED OBJECT,FOUR WAY,,STRAIGHT AND LEVEL,DRY,"RUT, HOLES",NOT ON SCENE (DESK REPORT),INJURY AND / OR TOW DUE TO CRASH,Y,,,"OVER $1,500",08/06/2025 05:00:00 PM,UNABLE TO DETERMINE,UNABLE TO DETERMINE,200,N,CENTRAL AVE,1512,,,,,,,1,NO INDICATION OF INJURY,0,0,0,0,0,1,0,18,1,8,41.8843060149,-87.7651519065,POINT (-87.765151906532 41.884306014913)
97ae0df13dc50e8684ee64347f8124b86d21c61db73db556208f52ae7e52c3f0c3b0fa9cebd2d6be6cacfb63fad198059de18ff7e1ded022616e6ecef48e0396,,08/03/2025 06:40:00 PM,30,TRAFFIC SIGNAL,FUNCTIONING PROPERLY,CLEAR,DAYLIGHT,TURNING,FOUR WAY,,STRAIGHT AND LEVEL,DRY,NO DEFECTS,ON SCENE,INJURY AND / OR TOW DUE TO CRASH,Y,,Y,"OVER $1,500",08/03/2025 06:44:00 PM,UNABLE TO DETERMINE,UNABLE TO DETERMINE,2400,S,PULASKI RD,1013,,,,,,,2,NONINCAPACITATING INJURY,1,0,0,1,0,1,0,18,1,8,41.8478576488,-87.7247953052,POINT (-87.724795305234 41.847857648831)
6a2a9f27e17e79a8138fd160d610aa73bb48ac04ba766d8c2839cfcbe4b1567cdebb386805e493b7e72e595239d4ddb4bf2ed535076a884948cfb9fdf09a0636,,08/03/2025 06:32:00 PM,30,TRAFFIC SIGNAL,FUNCTIONING PROPERLY,CLEAR,DAYLIGHT,REAR END,NOT DIVIDED,,STRAIGHT AND LEVEL,DRY,NO DEFECTS,ON SCENE,NO INJURY / DRIVE AWAY,Y,,,"OVER $1,500",08/03/2025 06:34:00 PM,FAILING TO REDUCE SPEED TO AVOID CRASH,FOLLOWING TOO CLOSELY,3800,N,CENTRAL AVE,1633,,,,,,,2,NO INDICATION OF INJURY,0,0,0,0,0,2,0,18,1,8,41.9495717413,-87.7670286962,POINT (-87.7670286962 41.949571741267)
36e2ef4c60891a5e5aa894f80a684cb278473208417f8da28df6673f1c8b4d7ece5746bbd8065eaa72b5963c0f267097ed5fd775d59be423f13b3ef560088bd2,,08/03/2025 06:30:00 PM,30,NO CONTROLS,NO CONTROLS,CLEAR,DAYLIGHT,PEDESTRIAN,NOT DIVIDED,,STRAIGHT AND LEVEL,DRY,NO DEFECTS,ON SCENE,INJURY AND / OR TOW DUE TO CRASH,,,Y,"OVER $1,500",08/03/2025 06:39:00 PM,UNABLE TO DETERMINE,UNABLE TO DETERMINE,5522,S,LOOMIS BLVD,713,,,,,,,2,"REPORTED, NOT EVIDENT",1,0,0,0,1,1,0,18,1,8,41.793002146,-87.6598487654,POINT (-87.659848765376 41.793002145975)
7e44cb38ac208d602c69a7a7b28568f55213b58a1342b6592dbf84a0755452b9fa0b1c714277cf036ff21887cfe5435d6f9e8435dc3c5b421a0f3ac6c57ffce7,,08/03/2025 06:30:00 PM,25,TRAFFIC SIGNAL,FUNCTIONING PROPERLY,CLEAR,DAYLIGHT,REAR END,TRAFFIC ROUTE,,STRAIGHT AND LEVEL,DRY,NO DEFECTS,NOT ON SCENE (DESK REPORT),NO INJURY / DRIVE AWAY,,,,"OVER $1,500",08/03/2025 07:30:00 PM,PHYSICAL CONDITION OF DRIVER,PHYSICAL CONDITION OF DRIVER,8300,S,DORCHESTER AVE,412,,,,,,,2,NO INDICATION OF INJURY,0,0,0,0,0,3,0,18,1,8,41.7440488411,-87.590595042,POINT (-87.590595042037 41.744048841075)
c179a18837349dcefb72e6256095a0424ce13cf72eaeee7b8b45eca74b15c7d4a0a0b24209443ac1f56d70bff679f0a00b5ddaed6fd5d09bb21f81276a98c795,,08/03/2025 06:30:00 PM,35,NO CONTROLS,NO CONTROLS,CLEAR,DAYLIGHT,SIDESWIPE SAME DIRECTION,DIVIDED - W/MEDIAN BARRIER,,STRAIGHT AND LEVEL,DRY,NO DEFECTS,,NO INJURY / DRIVE AWAY,,,,"OVER $1,500",08/03/2025 07:20:00 PM,UNABLE TO DETERMINE,NOT APPLICABLE,9000,S,STONY ISLAND AVE,413,,,,,,,2,NO INDICATION OF INJURY,0,0,0,0,0,2,0,18,1,8,41.7313542099,-87.5856751268,POINT (-87.585675126771 41.731354209915)
00ce465bdeb676d68b0dbf62b418f80b62a85a630ef3b55b77d5f586a1e9cd2e7f46e61640df9ce15d0c0f36332c2c6d18278c5ff3e51c23c0c7031c60cc5da3,,08/03/2025 06:22:00 PM,30,TRAFFIC SIGNAL,FUNCTIONING PROPERLY,CLEAR,DAYLIGHT,REAR END,NOT DIVIDED,,STRAIGHT AND LEVEL,UNKNOWN,UNKNOWN,NOT ON SCENE (DESK REPORT),NO INJURY / DRIVE AWAY,,,,"OVER $1,500",08/03/2025 07:00:00 PM,UNABLE TO DETERMINE,NOT APPLICABLE,800,N,SACRAMENTO BLVD,1211,,,,,,,2,NO INDICATION OF INJURY,0,0,0,0,0,3,0,18,1,8,41.8956407139,-87.7023523277,POINT (-87.702352327674 41.895640713875)
190095e54810a337c8c2cb19e8b89db0cfdfe6226443ad04687e1f3b91713faf22ca8ee5aabc21f26d9030365d416229275dd6c9221e4b1cbc82fefbd5790e9a,,08/03/2025 06:22:00 PM,30,TRAFFIC SIGNAL,FUNCTIONING PROPERLY,CLEAR,DAYLIGHT,TURNING,DIVIDED - W/MEDIAN (NOT RAISED),,STRAIGHT AND LEVEL,DRY,NO DEFECTS,ON SCENE,INJURY AND / OR TOW DUE TO CRASH,,,,"OVER $1,500",08/03/2025 06:39:00 PM,IMPROPER TURNING/NO SIGNAL,FOLLOWING TOO CLOSELY,5555,N,ASHLAND AVE,2012,,,,,,,2,NO INDICATION OF INJURY,0,0,0,0,0,2,0,18,1,8,41.9833149926,-87.6696630221,POINT (-87.669663022143 41.983314992609)
35294f21573eb8617502bda981617f6847e778dfbaea325548eaf4cff816cf370797844a5026a4f27a29cc0c13dfa6ec205f52ea51bb659aa3b84e2168d713d8,,08/03/2025 06:21:00 PM,30,NO CONTROLS,NO CONTROLS,CLEAR,DAYLIGHT,TURNING,NOT DIVIDED,,STRAIGHT AND LEVEL,DRY,NO DEFECTS,NOT ON SCENE (DESK REPORT),NO INJURY / DRIVE AWAY,,,,"OVER $1,500",08/03/2025 06:58:00 PM,IMPROPER TURNING/NO SIGNAL,NOT APPLICABLE,1715,W,18TH PL,1234,,,,,,,2,NO INDICATION OF INJURY,0,0,0,0,0,3,0,18,1,8,41.8567250038,-87.6693822136,POINT (-87.669382213597 41.856725003811)
039ec3aa4799da79c36c4d239ee9791ca6375dd686b9773bd50ab42eb1f340ba27bf24c4b8647400c1333b775c8be8ad48d8d4d01beaafdaf5446cbbdafc66fd,,08/03/2025 06:20:00 PM,30,STOP SIGN/FLASHER,NO CONTROLS,CLEAR,DAYLIGHT,TURNING,FOUR WAY,,STRAIGHT AND LEVEL,DRY,NO DEFECTS,NOT ON SCENE (DESK REPORT),NO INJURY / DRIVE AWAY,Y,,,"$501 - $1,500",08/03/2025 07:30:00 PM,UNABLE TO DETERMINE,UNABLE TO DETERMINE,1101,W,18TH ST,1235,,,,,,,2,NO INDICATION OF INJURY,0,0,0,0,0,3,0,18,1,8,41.8578867302,-87.6534584399,POINT (-87.653458439909 41.857886730247)
0983e222968d82ee91bd6417f50f9230f76251cc0eaffa257f386bd61bc8545f41c4d4763c06827853b54d0043d3f4a570009bed5a14eb59a6881024c63dd36f,,08/03/2025 06:15:00 PM,20,STOP SIGN/FLASHER,FUNCTIONING PROPERLY,CLEAR,DAYLIGHT,OTHER OBJECT,ROUNDABOUT,,STRAIGHT AND LEVEL,DRY,UNKNOWN,ON SCENE,INJURY AND / OR TOW DUE TO CRASH,Y,,,"OVER $1,500",08/03/2025 06:17:00 PM,FAILING TO REDUCE SPEED TO AVOID CRASH,UNABLE TO DETERMINE,2201,N,KEYSTONE AVE,2525,,,,,,,1,NO INDICATION OF INJURY,0,0,0,0,0,2,0,18,1,8,41.9209045871,-87.7277324172,POINT (-87.727732417192 41.920904587142)
3235ad20716133bffb72b5a3aaf0b7fd95ecd2867d5acb1e3545e816505a6b1e9161f72b215fe6c1cf9cafc8c95c78b3b37ca43b3c68f0a14d888789037737b7,,08/03/2025 06:15:00 PM,30,NO CONTROLS,NO CONTROLS,CLEAR,DAYLIGHT,ANGLE,NOT DIVIDED,,STRAIGHT AND LEVEL,DRY,NO DEFECTS,ON SCENE,NO INJURY / DRIVE AWAY,,,,"OVER $1,500",08/03/2025 06:20:00 PM,DRIVING SKILLS/KNOWLEDGE/EXPERIENCE,DRIVING SKILLS/KNOWLEDGE/EXPERIENCE,1139,W,LUNT AVE,2431,,,,,,,2,NO INDICATION OF INJURY,0,0,0,0,0,2,0,18,1,8,42.0090864223,-87.6612586379,POINT (-87.661258637857 42.009086422277)
cd1be6a89ee0f20f7d6257f3451e06e792e3b3ff18291ff21ed88ff3109d1ce2e4accfbc03d093c88d2cd6a96ac0413d2e59c04410c3ac9fbf352fe49e7acfc3,,08/03/2025 06:15:00 PM,30,TRAFFIC SIGNAL,FUNCTIONING PROPERLY,CLEAR,DAYLIGHT,REAR END,DIVIDED - W/MEDIAN BARRIER,,STRAIGHT AND LEVEL,DRY,NO DEFECTS,NOT ON SCENE (DESK REPORT),NO INJURY / DRIVE AWAY,Y,,Y,"$501 - $1,500",08/03/2025 07:05:00 PM,UNABLE TO DETERMINE,NOT APPLICABLE,2745,E,130TH ST,433,,,,,,,2,NO INDICATION OF INJURY,0,0,0,0,0,3,0,18,1,8,41.6590848694,-87.5562825626,POINT (-87.556282562589 41.659084869439)
8b19b5edd21d8b2dbfdf483c78d646301d0c03b85b7df8aca7ddb3e87a7ba8600800d5bda0c17563e999e3c12f9a1dbb0e03ec36bbf9c0b12c7df9a5e9cd4612,,08/03/2025 06:03:00 PM,40,TRAFFIC SIGNAL,FUNCTIONING PROPERLY,CLEAR,DAYLIGHT,REAR END,NOT DIVIDED,,STRAIGHT AND LEVEL,DRY,NO DEFECTS,ON SCENE,INJURY AND / OR TOW DUE TO CRASH,,,,"OVER $1,500",08/03/2025 06:09:00 PM,WEATHER,NOT APPLICABLE,8699,S,CICERO AVE,834,,,,,,,2,"REPORTED, NOT EVIDENT",1,0,0,0,1,2,0,18,1,8,41.7345377228,-87.7409189871,POINT (-87.740918987081 41.734537722778)
53e31443d93ec632062a8223b71d85d2d17b8142e0bdcee2d662ac2de3e5152d2d175ca92105274c99862bcae9c1b4b4dfed3c3b5335851b91527641dafe9031,,08/03/2025 06:00:00 PM,30,NO CONTROLS,NO CONTROLS,CLEAR,DAYLIGHT,REAR END,DIVIDED - W/MEDIAN (NOT RAISED),,STRAIGHT AND LEVEL,DRY,NO DEFECTS,NOT ON SCENE (DESK REPORT),NO INJURY / DRIVE AWAY,,,,"OVER $1,500",08/05/2025 04:20:00 PM,DRIVING SKILLS/KNOWLEDGE/EXPERIENCE,DRIVING SKILLS/KNOWLEDGE/EXPERIENCE,3560,N,CLARK ST,1924,,,,,,,2,NO INDICATION OF INJURY,0,0,0,0,0,2,0,18,1,8,41.9471101452,-87.6566139246,POINT (-87.656613924646 41.947110145186)
ec21460a91470d2c5a82014915c3a2b2e71cf7122626e17c457c4b516010bea8e76c2a8f5c2b141fe9aba46866f104341fb568c1b391557572545864bec950c2,,08/03/2025 06:00:00 PM,35,NO CONTROLS,NO CONTROLS,CLEAR,DAYLIGHT,REAR END,DIVIDED - W/MEDIAN (NOT RAISED),,STRAIGHT AND LEVEL,DRY,UNKNOWN,ON SCENE,NO INJURY / DRIVE AWAY,,,,"OVER $1,500",08/03/2025 06:01:00 PM,FOLLOWING TOO CLOSELY,FOLLOWING TOO CLOSELY,5016,S,PULASKI RD,815,,,,,,,2,NO INDICATION OF INJURY,0,0,0,0,0,5,0,18,1,8,41.8017868428,-87.7235545527,POINT (-87.723554552694 41.801786842811)
27f5df7d55f0cfb4f39dc388ed63883c92cb39aa4ca8d28c52a8ba5aa235a687f4e997c91d4a199c881cb799f325a54237b3b1ae5f735d523bd5b957830af8d9,,08/03/2025 05:55:00 PM,30,NO CONTROLS,NO CONTROLS,CLEAR,DAYLIGHT,SIDESWIPE SAME DIRECTION,NOT DIVIDED,,STRAIGHT AND LEVEL,DRY,NO DEFECTS,NOT ON SCENE (DESK REPORT),NO INJURY / DRIVE AWAY,,,Y,"OVER $1,500",08/03/2025 06:00:00 PM,"OPERATING VEHICLE IN ERRATIC, RECKLESS, CARELESS, NEGLIGENT OR AGGRESSIVE MANNER",UNABLE TO DETERMINE,3122,W,BELMONT AVE,1733,,,,,,,2,NO INDICATION OF INJURY,0,0,0,0,0,2,0,17,1,8,41.9394553933,-87.7058184355,POINT (-87.705818435472 41.939455393326)
944b166450d95ddb1473a2087cd2d9f64cc8082d86fa84dfd72b5d0bf59ad91435a4d2a4a30572fc156c7bcecd312e4b313c2b521c9bec30ddb393e9c2d8e186,,08/03/2025 05:55:00 PM,30,NO CONTROLS,NO CONTROLS,CLEAR,DAYLIGHT,PEDALCYCLIST,ALLEY,,STRAIGHT AND LEVEL,DRY,UNKNOWN,ON SCENE,INJURY AND / OR TOW DUE TO CRASH,,,,$500 OR LESS,08/10/2025 05:57:00 PM,UNABLE TO DETERMINE,NOT APPLICABLE,1615,W,46TH ST,924,,,,,,,2,INCAPACITATING INJURY,1,0,1,0,0,3,0,17,1,8,41.8103024957,-87.6657193071,POINT (-87.665719307093 41.810302495738)
2747c3379cb963ce98af958ea8189dc528a0f34d24cc0d1054aa394b8e2885af9a209a12576fbf754b8f97350cc3b2191b7b7ce1ddae9cc40a953d1ac64f1edb,,08/03/2025 05:52:00 PM,30,TRAFFIC SIGNAL,NO CONTROLS,CLEAR,DAYLIGHT,SIDESWIPE SAME DIRECTION,NOT DIVIDED,,STRAIGHT AND LEVEL,DRY,NO DEFECTS,NOT ON SCENE (DESK REPORT),NO INJURY / DRIVE AWAY,,,Y,"$501 - $1,500",08/03/2025 07:55:00 PM,IMPROPER OVERTAKING/PASSING,IMPROPER OVERTAKING/PASSING,98,W,ROOSEVELT RD,123,,,,,,,2,NO INDICATION OF INJURY,0,0,0,0,0,5,0,17,1,8,41.8674844605,-87.6303889077,POINT (-87.630388907726 41.867484460531)
4b8e5dbdce37d3a73020bf8d41713054de9678d6a57ff40365de5bfcf7bed4251b07af422348bbf5aaaa8cde0ea438d1f3e3286944f5d176c97217fd8b0118ac,,08/03/2025 05:49:00 PM,30,TRAFFIC SIGNAL,UNKNOWN,CLEAR,DAYLIGHT,TURNING,"FIVE POINT, OR MORE",,STRAIGHT AND LEVEL,DRY,UNKNOWN,ON SCENE,INJURY AND / OR TOW DUE TO CRASH,,,Y,"OVER $1,500",08/03/2025 05:55:00 PM,UNABLE TO DETERMINE,UNABLE TO DETERMINE,7100,S,COTTAGE GROVE AVE,323,,,,,,,3,NO INDICATION OF INJURY,0,0,0,0,0,3,0,17,1,8,41.7658003513,-87.605729127,POINT (-87.60572912699 41.765800351319)
13f5e7f9bb5ee7b4f7373983a305566605052a5b714f9e5043bf36930cd928fd6f7846fd73b00d0614b186406839c3c6cc36a68ca46a88553694e165f1dc2a47,,08/03/2025 05:45:00 PM,30,UNKNOWN,UNKNOWN,UNKNOWN,DAYLIGHT,TURNING,DIVIDED - W/MEDIAN (NOT RAISED),,STRAIGHT AND LEVEL,UNKNOWN,UNKNOWN,NOT ON SCENE (DESK REPORT),NO INJURY / DRIVE AWAY,Y,,Y,"$501 - $1,500",08/03/2025 06:55:00 PM,UNABLE TO DETERMINE,NOT APPLICABLE,1401,W,DEVON AVE,2433,,,,,,,2,NO INDICATION OF INJURY,0,0,0,0,0,2,0,17,1,8,41.9980247435,-87.6655634576,POINT (-87.665563457627 41.998024743468)
9670cabf1a52c5cafe23786a2c54e1932ba5b17cd4830c69aa74f5899d8f76af1e24aae534f2c2b8bd6f29e815c19f3ead7dba0d2243a697adcfc35cb0475fcb,,08/03/2025 05:35:00 PM,30,UNKNOWN,UNKNOWN,UNKNOWN,UNKNOWN,REAR END,NOT DIVIDED,,STRAIGHT AND LEVEL,UNKNOWN,UNKNOWN,NOT ON SCENE (DESK REPORT),NO INJURY / DRIVE AWAY,,,,$500 OR LESS,08/03/2025 06:43:00 PM,UNABLE TO DETERMINE,UNABLE TO DETERMINE,5200,N,ASHLAND AVE,2012,,,,,,,2,NO INDICATION OF INJURY,0,0,0,0,0,2,0,17,1,8,41.9762164372,-87.6697616021,POINT (-87.669761602136 41.976216437221)
713b667c7fe06bd7cb8e72a18c156ca26ef372c79944c5fa0f12b7b2876923539c23af0c0be7a7bff5895a4c4f9db1a20d34b65a3cea9f796c4a9584dd2ce004,,08/03/2025 05:30:00 PM,10,NO CONTROLS,NO CONTROLS,CLEAR,DAYLIGHT,PARKED MOTOR VEHICLE,PARKING LOT,,STRAIGHT AND LEVEL,DRY,NO DEFECTS,ON SCENE,NO INJURY / DRIVE AWAY,,,Y,"OVER $1,500",08/03/2025 05:32:00 PM,UNABLE TO DETERMINE,UNABLE TO DETERMINE,1140,W,EDDY ST,1924,,,,,,,2,NO INDICATION OF INJURY,0,0,0,0,0,1,0,17,1,8,41.9463618103,-87.6574847424,POINT (-87.657484742394 41.946361810292)