CRASH_RECORD_ID,CRASH_DATE_EST_I,CRASH_DATE,POSTED_SPEED_LIMIT,TRAFFIC_CONTROL_DEVICE,DEVICE_CONDITION,WEATHER_CONDITION,LIGHTING_CONDITION,FIRST_CRASH_TYPE,TRAFFICWAY_TYPE,LANE_CNT,ALIGNMENT,ROADWAY_SURFACE_COND,ROAD_DEFECT,REPORT_TYPE,CRASH_TYPE,INTERSECTION_RELATED_I,NOT_RIGHT_OF_WAY_I,HIT_AND_RUN_I,DAMAGE,DATE_POLICE_NOTIFIED,PRIM_CONTRIBUTORY_CAUSE,SEC_CONTRIBUTORY_CAUSE,STREET_NO,STREET_DIRECTION,STREET_NAME,BEAT_OF_OCCURRENCE,PHOTOS_TAKEN_I,STATEMENTS_TAKEN_I,DOORING_I,WORK_ZONE_I,WORK_ZONE_TYPE,WORKERS_PRESENT_I,NUM_UNITS,MOST_SEVERE_INJURY,INJURIES_TOTAL,INJURIES_FATAL,INJURIES_INCAPACITATING,INJURIES_NON_INCAPACITATING,INJURIES_REPORTED_NOT_EVIDENT,INJURIES_NO_INDICATION,INJURIES_UNKNOWN,CRASH_HOUR,CRASH_DAY_OF_WEEK,CRASH_MONTH,LATITUDE,LONGITUDE,LOCATION
4a0441a465a5c65a29a24038cbb30f9bafaed25f9805e2773e656cda9f492b6a8cd6126b68e42012fc15d53fbdc0600b88574b09bdee33e9bf01f70c30a3d441,,08/03/2025 03:40:00 PM,30,NO CONTROLS,NO CONTROLS,CLEAR,DAYLIGHT,FIXED OBJECT,NOT DIVIDED,,STRAIGHT AND LEVEL,DRY,NO DEFECTS,ON SCENE,INJURY AND / OR TOW DUE TO CRASH,,,Y,"OVER $1,500",08/03/2025 03:44:00 PM,UNABLE TO DETERMINE,NOT APPLICABLE,3647,W,51ST ST,822,,,,,,,1,NO INDICATION OF INJURY,0,0,0,0,0,1,0,15,1,8,41.8005536018,-87.7154389532,POINT (-87.715438953213 41.800553601803)
a8af9c0fddcff124b93e1a61ce9ca7995a9b773defcf6e14dbfb066a53853f0beb30349b4680812da2d820da4650e1a6c2f34c8c3f1f0cd197ee678a3d136bb4,,08/03/2025 03:37:00 PM,30,NO CONTROLS,NO CONTROLS,CLEAR,DAYLIGHT,PARKED MOTOR VEHICLE,NOT DIVIDED,,STRAIGHT AND LEVEL,DRY,NO DEFECTS,ON SCENE,NO INJURY / DRIVE AWAY,,Y,,$500 OR LESS,08/03/2025 03:37:00 PM,DISTRACTION - FROM OUTSIDE VEHICLE,UNABLE TO DETERMINE,6156,N,BROADWAY,2433,,,,,,,2,NO INDICATION OF INJURY,0,0,0,0,0,1,0,15,1,8,41.993926326,-87.6605352811,POINT (-87.660535281092 41.993926325953)
b8124731da5252cca43b4f0de3950527a440119660857e1aacd40ada496ab11263b7fc3bbd46bbd68f33c115ecb2557d70b73882634e5624010e54a7ef2a0d6e,,08/03/2025 03:37:00 PM,30,NO CONTROLS,NO CONTROLS,CLEAR,DAYLIGHT,REAR TO SIDE,PARKING LOT,,STRAIGHT AND LEVEL,DRY,NO DEFECTS,NOT ON SCENE (DESK REPORT),NO INJURY / DRIVE AWAY,,,,$500 OR LESS,08/03/2025 04:20:00 PM,UNABLE TO DETERMINE,UNABLE TO DETERMINE,10900,S,DOTY AVE W,513,,,,,,,2,NO INDICATION OF INJURY,0,0,0,0,0,2,0,15,1,8,41.696313684,-87.5966322439,POINT (-87.596632243933 41.696313683973)
52dda552264aa32eb2321510fd14a9305a4a078236fdbc806d659dacf0972162185cd2e1d10c26ac85d4d688859b87bae5bfd4f4bd707cd3fbc35253d4d855b1,,08/03/2025 03:30:00 PM,30,TRAFFIC SIGNAL,FUNCTIONING PROPERLY,CLEAR,DAYLIGHT,SIDESWIPE SAME DIRECTION,ONE-WAY,,STRAIGHT AND LEVEL,DRY,NO DEFECTS,NOT ON SCENE (DESK REPORT),NO INJURY / DRIVE AWAY,,,Y,"$501 - $1,500",08/05/2025 08:30:00 AM,IMPROPER OVERTAKING/PASSING,NOT APPLICABLE,7559,S,STATE ST,623,,,,,,,2,NO INDICATION OF INJURY,0,0,0,0,0,3,0,15,1,8,41.7565259775,-87.6245785234,POINT (-87.624578523389 41.756525977459)
fe514682482516c93787d50268ac81507c446fdf25624bb8e5cae22fd52319abea3eab6007b8104274dc931d797b9db14ff4d720024e7f6373b1a4eb74553b34,,08/03/2025 03:30:00 PM,30,NO CONTROLS,NO CONTROLS,CLEAR,DAYLIGHT,PARKED MOTOR VEHICLE,ONE-WAY,,STRAIGHT AND LEVEL,DRY,NO DEFECTS,ON SCENE,NO INJURY / DRIVE AWAY,,,Y,"OVER $1,500",08/03/2025 04:30:00 PM,UNABLE TO DETERMINE,UNABLE TO DETERMINE,7428,S,EBERHART AVE,323,,,,,,,2,NO INDICATION OF INJURY,0,0,0,0,0,2,0,15,1,8,41.7593915822,-87.6128432059,POINT (-87.612843205949 41.759391582204)
1a4984dee9db20dd626b638b6971b7026feaad07ea28b4c5a183fe1a35b4f91cad60e7bac34bdb5634e3aee1c3d392a01b770878b121390bfd5bb14912527c8b,,08/03/2025 03:25:00 PM,30,TRAFFIC SIGNAL,UNKNOWN,CLEAR,DAYLIGHT,SIDESWIPE SAME DIRECTION,NOT DIVIDED,,STRAIGHT AND LEVEL,DRY,UNKNOWN,NOT ON SCENE (DESK REPORT),NO INJURY / DRIVE AWAY,N,,,"OVER $1,500",08/03/2025 04:00:00 PM,FAILING TO YIELD RIGHT-OF-WAY,FAILING TO YIELD RIGHT-OF-WAY,246,N,CALIFORNIA AVE,1222,,,,,,,2,NO INDICATION OF INJURY,0,0,0,0,0,4,0,15,1,8,41.8855602232,-87.6965545963,POINT (-87.696554596312 41.885560223194)
c5c2373eeb765daf9b63cb14bcd822e85bca073340b92d1b864874e15a3fb64e9123f96075c3304ea628ba63beb3e160a8fbff37f9d87fe6bcf37ab42e87c419,,08/03/2025 03:24:00 PM,30,NO CONTROLS,NO CONTROLS,CLEAR,DAYLIGHT,ANGLE,NOT DIVIDED,,STRAIGHT AND LEVEL,DRY,NO DEFECTS,NOT ON SCENE (DESK REPORT),NO INJURY / DRIVE AWAY,,,,"$501 - $1,500",08/04/2025 10:00:00 AM,UNABLE TO DETERMINE,NOT APPLICABLE,2804,W,ALBION AVE,2412,,,,,,,2,NO INDICATION OF INJURY,0,0,0,0,0,2,0,15,1,8,42.0013108075,-87.6999740052,POINT (-87.699974005228 42.001310807544)
e856c00445e6d681f8c6be48f4abb8c2eebc2c2c4c7ffa6dc103707fd44f25fddc78ff3e00c4482d2f4f37bf25463c2383a389020b0e696956e48dd6153e2f42,,08/03/2025 03:09:00 PM,30,NO CONTROLS,NO CONTROLS,CLEAR,DAYLIGHT,REAR END,DIVIDED - W/MEDIAN (NOT RAISED),,STRAIGHT AND LEVEL,DRY,NO DEFECTS,ON SCENE,NO INJURY / DRIVE AWAY,,,,"OVER $1,500",08/03/2025 03:24:00 PM,FOLLOWING TOO CLOSELY,UNABLE TO DETERMINE,3303,W,BELMONT AVE,1412,,,,,,,3,NO INDICATION OF INJURY,0,0,0,0,0,5,0,15,1,8,41.9391941275,-87.7101879115,POINT (-87.710187911532 41.93919412747)
1a82ef9282f6ecae67bc5e2177a095782dd110b36d58e7f76c156bd4c00badd882739a1d4f5ad8c0c9b95a63be5f17d2f56667111fa57b50dd67f7d1da0331e4,,08/03/2025 03:00:00 PM,30,NO CONTROLS,NO CONTROLS,CLEAR,DAYLIGHT,SIDESWIPE OPPOSITE DIRECTION,OTHER,,STRAIGHT AND LEVEL,DRY,NO DEFECTS,NOT ON SCENE (DESK REPORT),NO INJURY / DRIVE AWAY,,,Y,"OVER $1,500",08/03/2025 04:30:00 PM,UNABLE TO DETERMINE,NOT APPLICABLE,6659,S,WENTWORTH AVE,722,,,,,,,2,NO INDICATION OF INJURY,0,0,0,0,0,2,0,15,1,8,41.7728093181,-87.6298197873,POINT (-87.629819787263 41.772809318114)
1d894c6a952857987b7f480a3a7c19d9ab75e6d60a4a9e1b8c3b9bc07f44c09490927c276b3b758542b021c7956f0e08ce9aac400ca6aa8d42ebe7b277207514,,08/03/2025 03:00:00 PM,20,NO CONTROLS,NO CONTROLS,CLEAR,DAYLIGHT,PARKED MOTOR VEHICLE,NOT DIVIDED,,STRAIGHT AND LEVEL,DRY,NO DEFECTS,NOT ON SCENE (DESK REPORT),NO INJURY / DRIVE AWAY,,,Y,"OVER $1,500",08/04/2025 10:40:00 AM,UNABLE TO DETERMINE,UNABLE TO DETERMINE,1916,S,LAWNDALE AVE,1014,,,,,,,2,NO INDICATION OF INJURY,0,0,0,0,0,1,0,15,1,8,41.8545496431,-87.7177013309,POINT (-87.717701330883 41.854549643075)
75b1bf62023b36c4c804b050a5680892c4c32d15128ad144a460057df152f3067348bba9e0f5c15004d09c19c387489c1b96729fc42d5bffc71dc68f786f91d1,,08/03/2025 03:00:00 PM,35,TRAFFIC SIGNAL,FUNCTIONING PROPERLY,CLEAR,DAYLIGHT,ANGLE,FOUR WAY,,STRAIGHT AND LEVEL,DRY,NO DEFECTS,NOT ON SCENE (DESK REPORT),NO INJURY / DRIVE AWAY,Y,,Y,"OVER $1,500",08/05/2025 04:27:00 PM,UNABLE TO DETERMINE,UNABLE TO DETERMINE,2612,W,79TH ST,835,,,,,,,2,NO INDICATION OF INJURY,0,0,0,0,0,2,0,15,1,8,41.750181946,-87.6894139978,POINT (-87.68941399784 41.750181945975)
80f29213218f0830db0ebf23566a5aed167de732c3871532938a101f32bfa91fc3f053e321894090ac130757f15b1379d7122c61e673a8e8662a6e56bab8cc74,,08/03/2025 03:00:00 PM,30,NO CONTROLS,NO CONTROLS,CLEAR,DAYLIGHT,PARKED MOTOR VEHICLE,NOT DIVIDED,,STRAIGHT AND LEVEL,DRY,NO DEFECTS,NOT ON SCENE (DESK REPORT),NO INJURY / DRIVE AWAY,,,Y,"OVER $1,500",08/06/2025 12:40:00 PM,UNABLE TO DETERMINE,UNABLE TO DETERMINE,6250,S,MOZART ST,823,,,,,,,2,NO INDICATION OF INJURY,0,0,0,0,0,2,0,15,1,8,41.7794135838,-87.6947676186,POINT (-87.694767618639 41.779413583811)
a6c5eab0c12356eec2b87d9dabbf0f0391fbdd61069820adb193091a40f67f57c912bf47e03ef9d297c718d1ae1654506fbaedc69dc41a0832cfd3f4323f9708,,08/03/2025 03:00:00 PM,30,NO CONTROLS,NO CONTROLS,CLEAR,DAYLIGHT,REAR END,NOT DIVIDED,,STRAIGHT AND LEVEL,DRY,NO DEFECTS,NOT ON SCENE (DESK REPORT),INJURY AND / OR TOW DUE TO CRASH,,,Y,"OVER $1,500",08/17/2025 02:30:00 PM,UNABLE TO DETERMINE,NOT APPLICABLE,3037,W,GRAND AVE,1211,,,,,,,2,NONINCAPACITATING INJURY,2,0,0,2,0,1,0,15,1,8,41.8965756629,-87.7025871377,POINT (-87.702587137741 41.896575662871)
b6c0498ac6beffbbcbbac21d0effc65660b659a113729997bea5ad6224a30b704251a93bf98a6a4be31a1555fc93e840a0d6cbc536e15387aad5c33a1bae45a0,,08/03/2025 03:00:00 PM,30,NO CONTROLS,NO CONTROLS,CLEAR,DAYLIGHT,SIDESWIPE SAME DIRECTION,NOT DIVIDED,,STRAIGHT AND LEVEL,DRY,NO DEFECTS,NOT ON SCENE (DESK REPORT),NO INJURY / DRIVE AWAY,,,,"OVER $1,500",08/03/2025 04:00:00 PM,FAILING TO YIELD RIGHT-OF-WAY,UNABLE TO DETERMINE,6020,W,DIVERSEY AVE,2511,,,,,,,2,NO INDICATION OF INJURY,0,0,0,0,0,2,0,15,1,8,41.9312368123,-87.7768107829,POINT (-87.776810782872 41.931236812293)
ddebe01d1ccec880be4a24781bc34fae2dc58c27c3869df014a28a25595ba2a60aade5ecd0fad16f4f489734a58c92be5c043bdefc52048de022dca79212cc5e,,08/03/2025 02:55:00 PM,30,TRAFFIC SIGNAL,UNKNOWN,CLEAR,DAYLIGHT,PEDALCYCLIST,DIVIDED - W/MEDIAN (NOT RAISED),,STRAIGHT AND LEVEL,DRY,UNKNOWN,NOT ON SCENE (DESK REPORT),NO INJURY / DRIVE AWAY,,,Y,"OVER $1,500",08/03/2025 03:00:00 PM,FAILING TO YIELD RIGHT-OF-WAY,NOT APPLICABLE,300,W,CHICAGO AVE,1823,,,,,,,2,NO INDICATION OF INJURY,0,0,0,0,0,2,0,14,1,8,41.8966859183,-87.6357766906,POINT (-87.635776690588 41.896685918295)
1a89a1cc629de1df523cbcb8fb34dbe664474fbecdfff23a18980cb3fa2e69ebf82eb32d655a350255be116f375870eb2a57e292a9d238d41ecbac47716f9e8f,,08/03/2025 02:52:00 PM,25,NO CONTROLS,NO CONTROLS,CLEAR,DAYLIGHT,SIDESWIPE OPPOSITE DIRECTION,ONE-WAY,,STRAIGHT AND LEVEL,DRY,NO DEFECTS,NOT ON SCENE (DESK REPORT),NO INJURY / DRIVE AWAY,,,,"OVER $1,500",08/03/2025 02:52:00 PM,UNABLE TO DETERMINE,UNABLE TO DETERMINE,2107,N,MAPLEWOOD AVE,1431,,,,,,,2,NO INDICATION OF INJURY,0,0,0,0,0,4,0,14,1,8,41.9194848539,-87.691191942,POINT (-87.691191942003 41.919484853923)
f17cf9a5110c104781541b3cd766600fb1914667d28c7e4b023a3027a884e657f551848cb25eb63bfbb2cd075f8242bdf7d48cf607c80e27c74f46ac500227c5,,08/03/2025 02:50:00 PM,15,STOP SIGN/FLASHER,FUNCTIONING PROPERLY,CLEAR,DAYLIGHT,REAR END,ONE-WAY,,STRAIGHT AND LEVEL,DRY,NO DEFECTS,NOT ON SCENE (DESK REPORT),NO INJURY / DRIVE AWAY,,,,"OVER $1,500",08/03/2025 03:10:00 PM,UNABLE TO DETERMINE,UNABLE TO DETERMINE,4339,W,25TH PL,1013,,,,,,,2,NO INDICATION OF INJURY,0,0,0,0,0,2,0,14,1,8,41.8449446151,-87.7326029945,POINT (-87.732602994504 41.844944615074)
4d5faaecfc9200d7dc34eb55d33a792114337f571994fae26229b62a9d85ed94356d55a91b6d84ca3daa20222b16efd76db782162a2c3bea5ef550a9f1505427,,08/03/2025 02:45:00 PM,30,NO CONTROLS,NO CONTROLS,CLEAR,DAYLIGHT,REAR END,NOT DIVIDED,,STRAIGHT AND LEVEL,DRY,NO DEFECTS,ON SCENE,NO INJURY / DRIVE AWAY,,,Y,"$501 - $1,500",08/03/2025 03:04:00 PM,IMPROPER OVERTAKING/PASSING,NOT APPLICABLE,2331,W,ARMITAGE AVE,1434,,,,,,,2,NO INDICATION OF INJURY,0,0,0,0,0,3,0,14,1,8,41.9174775837,-87.6863129397,POINT (-87.68631293972 41.91747758373)
65caadb68c65c1821dc52e4f058c139e089b6f151d77ec83e6d76b5cf8b9a7abb7c6b47b2d3cc6b140ba7fc8d9ee2913a138b30b06fd46b5c0b0741bb11c1ce7,,08/03/2025 02:45:00 PM,25,TRAFFIC SIGNAL,FUNCTIONING PROPERLY,CLEAR,DAYLIGHT,TURNING,FOUR WAY,,STRAIGHT AND LEVEL,DRY,NO DEFECTS,,NO INJURY / DRIVE AWAY,Y,,,"OVER $1,500",08/03/2025 06:10:00 PM,UNABLE TO DETERMINE,UNABLE TO DETERMINE,4162,S,CICERO AVE,814,,,,,,,2,NO INDICATION OF INJURY,0,0,0,0,0,2,0,14,1,8,41.8167612218,-87.7435383286,POINT (-87.743538328568 41.81676122178)
6eb0d85a0e13aa3bc1720189699d6c3835c013e809296aa7a14b39d35e7c85d45b4577cc3ecd0f29b57dc5b27de51b96db450daa0b9fbe9b666f6b6bd7dd8e64,,08/03/2025 02:45:00 PM,30,NO CONTROLS,NO CONTROLS,CLEAR,DAYLIGHT,TURNING,FOUR WAY,,STRAIGHT AND LEVEL,DRY,NO DEFECTS,NOT ON SCENE (DESK REPORT),NO INJURY / DRIVE AWAY,Y,,,"OVER $1,500",08/03/2025 03:15:00 PM,IMPROPER OVERTAKING/PASSING,FAILING TO YIELD RIGHT-OF-WAY,5701,W,BELMONT AVE,2514,,,,,,,2,NO INDICATION OF INJURY,0,0,0,0,0,2,0,14,1,8,41.9384331324,-87.7689872962,POINT (-87.768987296177 41.938433132438)
ed598e7025ceee1e19721f93b7435b963ccb7d6932804d835b1ce02915e75a6fd79f1007b986609346eea1b385b8b842774c567984e2c0a99d9193fd1492555d,,08/03/2025 02:45:00 PM,30,NO CONTROLS,NO CONTROLS,CLEAR,DUSK,REAR TO SIDE,NOT DIVIDED,,STRAIGHT AND LEVEL,DRY,NO DEFECTS,NOT ON SCENE (DESK REPORT),NO INJURY / DRIVE AWAY,,,,"OVER $1,500",08/03/2025 03:30:00 PM,UNABLE TO DETERMINE,NOT APPLICABLE,5526,S,EVERETT AVE,235,,,,,,,2,NO INDICATION OF INJURY,0,0,0,0,0,3,0,14,1,8,41.7944228408,-87.5826660641,POINT (-87.582666064138 41.794422840829)
329f46aad0d3c0f0a35ff3646ed1d56947b1771587bfae2f060934d67035e7cf546e937c1401589e79c985c1349575ce3a822519e9e84487132157e40441fb24,,08/03/2025 02:40:00 PM,30,NO CONTROLS,NO CONTROLS,CLEAR,DAYLIGHT,REAR END,NOT DIVIDED,,STRAIGHT AND LEVEL,DRY,NO DEFECTS,NOT ON SCENE (DESK REPORT),NO INJURY / DRIVE AWAY,,,,"OVER $1,500",08/03/2025 04:30:00 PM,UNABLE TO DETERMINE,NOT APPLICABLE,3800,N,PULASKI RD,1732,,,,,,,2,NO INDICATION OF INJURY,0,0,0,0,0,2,0,14,1,8,41.9500732875,-87.7276565205,POINT (-87.72765652046 41.950073287508)
4e87042066e22f331dc405524fb5dd2be48f5d62f4458d7ca8bdd7f40a8dc333dc04abb953404f6d98c6f88220adb31f7a7d5082012cdeecf5657e164c92aa60,,08/03/2025 02:35:00 PM,35,TRAFFIC SIGNAL,FUNCTIONING PROPERLY,UNKNOWN,UNKNOWN,REAR END,FOUR WAY,,STRAIGHT AND LEVEL,UNKNOWN,UNKNOWN,NOT ON SCENE (DESK REPORT),NO INJURY / DRIVE AWAY,,,Y,"OVER $1,500",08/03/2025 03:15:00 PM,FOLLOWING TOO CLOSELY,NOT APPLICABLE,5500,S,CICERO AVE,813,,,,,,,2,NO INDICATION OF INJURY,0,0,0,0,0,2,0,14,1,8,41.7929108835,-87.742077343,POINT (-87.742077342959 41.792910883497)
5ef07470aefde22a2cb14f5595f38b917512d87843ba598009153fbdf902ba2bd6c9a42554c6bca8dbfc6330ea9205d142fdf27346f8ddbdce5655670eabe577,,08/03/2025 02:33:00 PM,30,TRAFFIC SIGNAL,UNKNOWN,CLEAR,DAYLIGHT,REAR END,DIVIDED - W/MEDIAN BARRIER,,STRAIGHT AND LEVEL,DRY,OTHER,ON SCENE,INJURY AND / OR TOW DUE TO CRASH,Y,,,"OVER $1,500",08/03/2025 02:56:00 PM,DISTRACTION - FROM INSIDE VEHICLE,DISTRACTION - FROM INSIDE VEHICLE,24,W,87TH ST,622,,,,,,,2,"REPORTED, NOT EVIDENT",1,0,0,0,1,2,0,14,1,8,41.7363811718,-87.625426497,POINT (-87.625426497041 41.736381171795)
dc61e79b1506dcbac1e14b60cac0e552ddac4a4d5e661c0039c4c9ad17e24ac63e9274e9da197cf00ba3200a81203f2634e2e0c3c07f792e51147bfff0d0dc3b,,08/03/2025 02:31:00 PM,30,OTHER,OTHER,CLEAR,DAYLIGHT,PEDESTRIAN,DIVIDED - W/MEDIAN BARRIER,,STRAIGHT AND LEVEL,DRY,NO DEFECTS,ON SCENE,INJURY AND / OR TOW DUE TO CRASH,Y,,,$500 OR LESS,08/03/2025 02:31:00 PM,FOLLOWING TOO CLOSELY,NOT APPLICABLE,1159,S,MICHIGAN AVE,114,,,,,,,2,NONINCAPACITATING INJURY,1,0,0,1,0,5,0,14,1,8,41.8674905162,-87.6239819903,POINT (-87.623981990291 41.867490516171)
15ef39f29b251e4374d619fb4e4ee429f4452f978acc0a3b1a23f9557a529c7417a291c86553794f6e7e07a7d08c23c2830e38f5c3899753e1860618b170c06e,,08/03/2025 02:30:00 PM,30,NO CONTROLS,NO CONTROLS,CLEAR,DAYLIGHT,PARKED MOTOR VEHICLE,DIVIDED - W/MEDIAN (NOT RAISED),,STRAIGHT AND LEVEL,DRY,NO DEFECTS,,INJURY AND / OR TOW DUE TO CRASH,,,Y,"OVER $1,500",08/03/2025 03:15:00 PM,FAILING TO REDUCE SPEED TO AVOID CRASH,UNABLE TO DETERMINE,3350,W,26TH ST,1024,,,,,,,3,NO INDICATION OF INJURY,0,0,0,0,0,2,0,14,1,8,41.8445654357,-87.7095134934,POINT (-87.709513493423 41.844565435714)
d1f8f58c2b5e3812b116f4756848d2e7a88e2064ea9a94a7e2b835d458337706eb5decf276c848ad9ff0dd51fc77495d562f7321f0af34e0ec29de7f3cbf86e8,,08/03/2025 02:30:00 PM,30,TRAFFIC SIGNAL,FUNCTIONING PROPERLY,CLEAR,DAYLIGHT,SIDESWIPE SAME DIRECTION,DIVIDED - W/MEDIAN (NOT RAISED),,STRAIGHT AND LEVEL,DRY,NO DEFECTS,NOT ON SCENE (DESK REPORT),NO INJURY / DRIVE AWAY,,,Y,"OVER $1,500",08/04/2025 11:30:00 AM,UNABLE TO DETERMINE,UNABLE TO DETERMINE,2401,W,ADDISON ST,1921,,,,,,,2,NO INDICATION OF INJURY,0,0,0,0,0,2,0,14,1,8,41.9466204778,-87.6883164515,POINT (-87.688316451533 41.946620477784)
df83d9f8c62eceba761bf411787b2f9ab55b060cd55d1b8ffdfe87c21aceec411d132dfd81fb81cf7105aa915ad56cce833cf6e79b30df61dcc3ba93a203161b,,08/03/2025 02:30:00 PM,30,NO CONTROLS,UNKNOWN,CLEAR,DAYLIGHT,REAR END,DIVIDED - W/MEDIAN (NOT RAISED),,STRAIGHT AND LEVEL,DRY,NO DEFECTS,NOT ON SCENE (DESK REPORT),NO INJURY / DRIVE AWAY,,,Y,"OVER $1,500",08/03/2025 03:00:00 PM,FOLLOWING TOO CLOSELY,NOT APPLICABLE,7535,S,ASHLAND AVE,612,Y,,,,,,2,NO INDICATION OF INJURY,0,0,0,0,0,2,0,14,1,8,41.7565454141,-87.6634438529,POINT (-87.663443852852 41.756545414126)
e573e453716b66b498fb55d430effee401de6239948e677840f62cfe42f3692fa1046d5ac9245f602eed642613550ac39d6cd82dc08f8cb33807c835f0aabd5a,,08/03/2025 02:30:00 PM,30,NO CONTROLS,NO CONTROLS,CLEAR,DAYLIGHT,SIDESWIPE SAME DIRECTION,NOT DIVIDED,,STRAIGHT AND LEVEL,UNKNOWN,UNKNOWN,NOT ON SCENE (DESK REPORT),NO INJURY / DRIVE AWAY,,,,"OVER $1,500",08/03/2025 03:04:00 PM,UNABLE TO DETERMINE,NOT APPLICABLE,6310,N,WESTERN AVE,2413,,,,,,,2,NO INDICATION OF INJURY,0,0,0,0,0,2,0,14,1,8,41.9962818298,-87.6899828491,POINT (-87.689982849068 41.996281829828)
f49c2db3eb82129262b38db1a4183fb909c20fda15632e774919228dd5e4147eb6d8fbe7c8fbe1043cb8a8cd083f6269b15e692d3a9953ae1c1d9b8ec8cc7375,,08/03/2025 02:24:00 PM,30,NO CONTROLS,NO CONTROLS,CLEAR,DAYLIGHT,PEDALCYCLIST,NOT DIVIDED,,STRAIGHT AND LEVEL,DRY,NO DEFECTS,ON SCENE,INJURY AND / OR TOW DUE TO CRASH,,,N,"OVER $1,500",08/03/2025 05:28:00 PM,UNABLE TO DETERMINE,NOT APPLICABLE,2100,S,ASHLAND AVE,1234,,,Y,,,,2,"REPORTED, NOT EVIDENT",1,0,0,0,1,0,0,14,1,8,41.8541165001,-87.6661959393,POINT (-87.666195939254 41.854116500052)
0dd754b322de5f91c7d64213bdb201b16c6198c546c90111d6852398514cceabcbfad55bb5db77d5d72defa62322365be0e75bf1162638aae9fbc8b31eee8710,,08/03/2025 02:15:00 PM,40,NO CONTROLS,NO CONTROLS,CLEAR,DAYLIGHT,REAR END,OTHER,,STRAIGHT AND LEVEL,DRY,NO DEFECTS,ON SCENE,NO INJURY / DRIVE AWAY,,,,"OVER $1,500",08/03/2025 02:15:00 PM,FOLLOWING TOO CLOSELY,FOLLOWING TOO CLOSELY,1800,S,LAKE SHORE DR SB,132,,,,,,,2,NO INDICATION OF INJURY,0,0,0,0,0,2,0,14,1,8,41.8578490871,-87.6168408794,POINT (-87.616840879395 41.857849087118)
2e861aca4af04fb151f7ff203fdd11b110f701da676cf53ca139956cac3716daf212d8c382e2c914e178487c0b7578caa0ca56b1ffca2cab93293e7905fa1567,,08/03/2025 02:15:00 PM,40,NO CONTROLS,NO CONTROLS,CLEAR,DAYLIGHT,REAR END,OTHER,,STRAIGHT AND LEVEL,DRY,NO DEFECTS,ON SCENE,NO INJURY / DRIVE AWAY,,,,"OVER $1,500",08/03/2025 02:15:00 PM,FOLLOWING TOO CLOSELY,FOLLOWING TOO CLOSELY,1800,S,LAKE SHORE DR SB,132,,,,,,,2,NO INDICATION OF INJURY,0,0,0,0,0,2,0,14,1,8,41.8578490871,-87.6168408794,POINT (-87.616840879395 41.857849087118)
be2188112cc4dc1354677f41c89f97ed98249f5aee26cd9d9bc4c63db2facdeed40c02394a124a46942ff992d5832e1ef88d3985ccf7a4abe5975b79576da1fe,,08/03/2025 02:14:00 PM,30,UNKNOWN,UNKNOWN,UNKNOWN,UNKNOWN,SIDESWIPE SAME DIRECTION,NOT DIVIDED,,STRAIGHT AND LEVEL,UNKNOWN,UNKNOWN,NOT ON SCENE (DESK REPORT),NO INJURY / DRIVE AWAY,,,,"$501 - $1,500",08/03/2025 03:15:00 PM,UNABLE TO DETERMINE,NOT APPLICABLE,6310,N,WESTERN AVE,2413,,,,,,,2,NO INDICATION OF INJURY,0,0,0,0,0,2,0,14,1,8,41.9962818298,-87.6899828491,POINT (-87.689982849068 41.996281829828)
980e8999344aa33eb71d42e477dc8f3110b99f710c97409269120491ab15231828e4cb62b36d9293369c69319d38380bee05a896ad21e9520b887e07ed6b4e08,,08/03/2025 02:13:00 PM,30,TRAFFIC SIGNAL,FUNCTIONING PROPERLY,CLEAR,DAYLIGHT,REAR TO FRONT,FOUR WAY,,STRAIGHT AND LEVEL,UNKNOWN,UNKNOWN,NOT ON SCENE (DESK REPORT),NO INJURY / DRIVE AWAY,Y,,,"$501 - $1,500",08/03/2025 03:56:00 PM,UNABLE TO DETERMINE,NOT APPLICABLE,97,E,WACKER DR,111,,,,,,,2,NO INDICATION OF INJURY,0,0,0,0,0,2,0,14,1,8,41.8880989039,-87.6247700036,POINT (-87.624770003635 41.88809890391)
5bc9f9e2a8f2deb0d2272ef29bf7ea39a6091b6c68ced7ffe5b4a0fb74938174ba1671f487dd2c4379ada9146170c2fca571c4c2de279da5cd9444a944ad3395,,08/03/2025 02:07:00 PM,30,NO CONTROLS,NO CONTROLS,CLEAR,DAYLIGHT,SIDESWIPE SAME DIRECTION,NOT DIVIDED,,STRAIGHT AND LEVEL,DRY,NO DEFECTS,ON SCENE,NO INJURY / DRIVE AWAY,,,Y,$500 OR LESS,08/03/2025 03:00:00 PM,UNABLE TO DETERMINE,NOT APPLICABLE,3620,W,26TH ST,1013,,,,,,,2,NO INDICATION OF INJURY,0,0,0,0,0,3,0,14,1,8,41.8444809928,-87.7157683804,POINT (-87.715768380395 41.844480992756)
a0b8d1167df9af043fe22c6748016bb97e82b800006c0ecde76a734b492e2a58eec19ca1292ea387daf2785ea1b31de1bf041b83d37294dde4fdf70880e4b278,,08/03/2025 02:00:00 PM,30,TRAFFIC SIGNAL,FUNCTIONING PROPERLY,CLEAR,DAYLIGHT,PEDESTRIAN,FOUR WAY,,STRAIGHT AND LEVEL,DRY,UNKNOWN,ON SCENE,INJURY AND / OR TOW DUE TO CRASH,Y,,,"$501 - $1,500",08/03/2025 10:29:00 PM,FAILING TO YIELD RIGHT-OF-WAY,UNABLE TO DETERMINE,2400,W,FOSTER AVE,2011,,,,,,,2,NONINCAPACITATING INJURY,1,0,0,1,0,1,0,14,1,8,41.9760001898,-87.6892750839,POINT (-87.689275083854 41.976000189766)