CRASH_RECORD_ID,CRASH_DATE_EST_I,CRASH_DATE,POSTED_SPEED_LIMIT,TRAFFIC_CONTROL_DEVICE,DEVICE_CONDITION,WEATHER_CONDITION,LIGHTING_CONDITION,FIRST_CRASH_TYPE,TRAFFICWAY_TYPE,LANE_CNT,ALIGNMENT,ROADWAY_SURFACE_COND,ROAD_DEFECT,REPORT_TYPE,CRASH_TYPE,INTERSECTION_RELATED_I,NOT_RIGHT_OF_WAY_I,HIT_AND_RUN_I,DAMAGE,DATE_POLICE_NOTIFIED,PRIM_CONTRIBUTORY_CAUSE,SEC_CONTRIBUTORY_CAUSE,STREET_NO,STREET_DIRECTION,STREET_NAME,BEAT_OF_OCCURRENCE,PHOTOS_TAKEN_I,STATEMENTS_TAKEN_I,DOORING_I,WORK_ZONE_I,WORK_ZONE_TYPE,WORKERS_PRESENT_I,NUM_UNITS,MOST_SEVERE_INJURY,INJURIES_TOTAL,INJURIES_FATAL,INJURIES_INCAPACITATING,INJURIES_NON_INCAPACITATING,INJURIES_REPORTED_NOT_EVIDENT,INJURIES_NO_INDICATION,INJURIES_UNKNOWN,CRASH_HOUR,CRASH_DAY_OF_WEEK,CRASH_MONTH,LATITUDE,LONGITUDE,LOCATION
bb5cea5ba131831f99cb47c03938c79110266526fd587ed5d42839c5bb69315ea5ff703a270fd782210cad0e31908f4b0698718b873b189bbc76dce2b4a08bd0,,08/03/2025 02:00:00 PM,35,NO CONTROLS,NO CONTROLS,CLEAR,DAYLIGHT,PARKED MOTOR VEHICLE,OTHER,,STRAIGHT AND LEVEL,UNKNOWN,UNKNOWN,NOT ON SCENE (DESK REPORT),NO INJURY / DRIVE AWAY,,,,"OVER $1,500",08/03/2025 09:30:00 PM,FAILING TO REDUCE SPEED TO AVOID CRASH,UNABLE TO DETERMINE,2434,N,CLARK ST,1935,,,,,,,2,NO INDICATION OF INJURY,0,0,0,0,0,1,0,14,1,8,41.9264533197,-87.6411696521,POINT (-87.64116965215 41.926453319737)
c9a5c2483947f0f57d732ef1223de4999552cd14dfe890e2601e7642da703871378b13f6345e67fad61cd7f0271d045d6f6324f9510bc992546bd5cf8d3c87e9,,08/03/2025 02:00:00 PM,30,STOP SIGN/FLASHER,FUNCTIONING PROPERLY,CLEAR,DAYLIGHT,ANGLE,NOT DIVIDED,,STRAIGHT AND LEVEL,DRY,NO DEFECTS,NOT ON SCENE (DESK REPORT),NO INJURY / DRIVE AWAY,,,N,"OVER $1,500",08/03/2025 02:30:00 PM,FAILING TO YIELD RIGHT-OF-WAY,UNABLE TO DETERMINE,1602,W,HUBBARD ST,1215,,,,,,,2,NO INDICATION OF INJURY,0,0,0,0,0,2,0,14,1,8,41.8899950471,-87.667244159,POINT (-87.667244159029 41.88999504713)
ec96246e7c105f5201796c33dca690ad92e9e1fb7f8b11da4c1cc6d5654587baedafd197e33c502daa754a8a9bf80683f66c8e72ddb7059bf9175c5d8539472f,,08/03/2025 02:00:00 PM,30,NO CONTROLS,NO CONTROLS,CLEAR,DAYLIGHT,PARKED MOTOR VEHICLE,PARKING LOT,,STRAIGHT AND LEVEL,DRY,NO DEFECTS,NOT ON SCENE (DESK REPORT),NO INJURY / DRIVE AWAY,,,Y,"OVER $1,500",08/04/2025 10:40:00 AM,UNABLE TO DETERMINE,NOT APPLICABLE,87,W,87TH ST,634,,,,,,,2,NO INDICATION OF INJURY,0,0,0,0,0,1,0,14,1,8,41.7361451282,-87.626917844,POINT (-87.626917843973 41.736145128237)
962984db58b26d594cc3c6cf60b5dbd77571052bddc9bbbaea0e007c711a54b0eff425a9916f87f3f97c1b288207aa62e1523f5630c086a6dd8661f6f6bc1657,,08/03/2025 01:50:00 PM,30,NO CONTROLS,NO CONTROLS,CLEAR,DAYLIGHT,ANGLE,NOT DIVIDED,,STRAIGHT AND LEVEL,UNKNOWN,UNKNOWN,NOT ON SCENE (DESK REPORT),NO INJURY / DRIVE AWAY,,,,"OVER $1,500",08/03/2025 07:00:00 PM,FAILING TO YIELD RIGHT-OF-WAY,UNABLE TO DETERMINE,1518,W,WINONA ST,2032,,,,,,,2,NO INDICATION OF INJURY,0,0,0,0,0,2,0,13,1,8,41.9753626246,-87.6691227015,POINT (-87.669122701544 41.975362624553)
d0358c99e0bbf0d15c0fddb68da59c3531c53b0e8bde036f9b4f7ae8cbba18c0bb67de0c1e03f6d2b8fef2342b8cce6bc847213b53be2d7a0812a26214776c51,,08/03/2025 01:50:00 PM,30,UNKNOWN,UNKNOWN,UNKNOWN,UNKNOWN,ANGLE,FOUR WAY,,STRAIGHT AND LEVEL,UNKNOWN,UNKNOWN,NOT ON SCENE (DESK REPORT),NO INJURY / DRIVE AWAY,Y,,,"OVER $1,500",08/03/2025 02:50:00 PM,UNABLE TO DETERMINE,NOT APPLICABLE,5125,N,ASHLAND AVE,2032,,,,,,,2,NO INDICATION OF INJURY,0,0,0,0,0,2,0,13,1,8,41.9751413123,-87.6694456837,POINT (-87.669445683725 41.975141312293)
7eab291cf56c5fb57b19ce69ba3947712a18893ed5d5af870bbec4a1df800676223df90fe477b634d8ef1f0fb9188d5913371b82c58a6009a1f273a85feef0ad,,08/03/2025 01:45:00 PM,30,NO CONTROLS,NO CONTROLS,CLEAR,DAYLIGHT,SIDESWIPE SAME DIRECTION,ONE-WAY,,STRAIGHT AND LEVEL,UNKNOWN,UNKNOWN,NOT ON SCENE (DESK REPORT),NO INJURY / DRIVE AWAY,,,,"OVER $1,500",08/03/2025 03:00:00 PM,IMPROPER LANE USAGE,FAILING TO REDUCE SPEED TO AVOID CRASH,890,W,RANDOLPH ST,1224,,,,,,,2,NO INDICATION OF INJURY,0,0,0,0,0,2,0,13,1,8,41.8844780385,-87.649716136,POINT (-87.649716136025 41.884478038525)
85eb5f6af2dfd4674ccf70d73d04f2ce7a883c96ecd1a0af7dec01db2ed9c7302004186fe811abf3b466c8dcccb8bf52280644b23e83f92531655d4e63f74137,,08/03/2025 01:40:00 PM,30,TRAFFIC SIGNAL,FUNCTIONING PROPERLY,CLEAR,DAYLIGHT,ANGLE,FOUR WAY,,STRAIGHT AND LEVEL,DRY,NO DEFECTS,ON SCENE,INJURY AND / OR TOW DUE TO CRASH,Y,,,"OVER $1,500",08/03/2025 01:45:00 PM,DISREGARDING TRAFFIC SIGNALS,NOT APPLICABLE,300,W,RANDOLPH ST,122,,,,,,,2,NO INDICATION OF INJURY,0,0,0,0,0,2,0,13,1,8,41.8845748965,-87.6354506948,POINT (-87.635450694754 41.884574896475)
9ff2bb0349911aac0ecc91968d7e489b76fc18d94c8c1d800216c0e3da0ec01ab7a0d77d9155092fea318e9ba83dcdbdd31cd6c3a5e6b49c18f0cb3470a5c91e,,08/03/2025 01:40:00 PM,30,STOP SIGN/FLASHER,FUNCTIONING PROPERLY,CLEAR,DAYLIGHT,PEDALCYCLIST,NOT DIVIDED,,STRAIGHT AND LEVEL,DRY,NO DEFECTS,,INJURY AND / OR TOW DUE TO CRASH,,,,"$501 - $1,500",08/03/2025 02:44:00 PM,NOT APPLICABLE,NOT APPLICABLE,5501,S,ALBANY AVE,824,,,,,,,2,NONINCAPACITATING INJURY,1,0,0,1,0,1,0,13,1,8,41.7934699228,-87.7009697777,POINT (-87.700969777741 41.793469922756)
1279bfa915a5195f3dffc705311b39722dad2b23faec33739bf8bfd723b64ce64053117dad6aeeb9aaf3108a8043c3950b45361dd45a3268bd2d01764e41b8fa,,08/03/2025 01:30:00 PM,30,NO CONTROLS,NO CONTROLS,CLEAR,DAYLIGHT,TURNING,NOT DIVIDED,,STRAIGHT AND LEVEL,DRY,NO DEFECTS,NOT ON SCENE (DESK REPORT),NO INJURY / DRIVE AWAY,,,,"OVER $1,500",08/04/2025 11:15:00 AM,UNABLE TO DETERMINE,NOT APPLICABLE,3225,W,DEVON AVE,2413,,,,,,,2,NO INDICATION OF INJURY,0,0,0,0,0,2,0,13,1,8,41.9972589298,-87.7105089566,POINT (-87.710508956608 41.997258929829)
594fedb44fe0faeac1789fd24b6547ac248b93f59139ff45fcdc42bf243adf2c2331e46c531c6eda46f7345bfc237ac4c67198a771914370248a343c6fb35133,,08/03/2025 01:30:00 PM,30,UNKNOWN,UNKNOWN,CLEAR,DAYLIGHT,PARKED MOTOR VEHICLE,NOT DIVIDED,,STRAIGHT AND LEVEL,UNKNOWN,UNKNOWN,NOT ON SCENE (DESK REPORT),NO INJURY / DRIVE AWAY,,,Y,$500 OR LESS,08/03/2025 01:50:00 PM,UNABLE TO DETERMINE,UNABLE TO DETERMINE,1333,N,MILWAUKEE AVE,1433,,,,,,,2,NO INDICATION OF INJURY,0,0,0,0,0,2,0,13,1,8,41.9061628657,-87.6706460239,POINT (-87.67064602391 41.906162865673)
fb737bb7f293a82264471109f4f2a276a7a8d99a4169069b1ad7138907b25edf4b9a882c67ff4017c152bd249682f58af6d4b12b495b02967bb3c7929ac111ee,,08/03/2025 01:25:00 PM,30,NO CONTROLS,NO CONTROLS,CLEAR,DAYLIGHT,REAR END,NOT DIVIDED,,STRAIGHT AND LEVEL,DRY,NO DEFECTS,ON SCENE,NO INJURY / DRIVE AWAY,,,,"$501 - $1,500",08/03/2025 01:29:00 PM,FOLLOWING TOO CLOSELY,IMPROPER OVERTAKING/PASSING,2515,S,HALSTED ST,914,,,,,,,2,NO INDICATION OF INJURY,0,0,0,0,0,4,0,13,1,8,41.8466115003,-87.646322101,POINT (-87.646322101047 41.846611500337)
f3b7389810f5746d6a559b7bdef66941b811fb4369f0226a7dbb53c2236d30dccf42711b46d6482286bed34b793f45a6839251b4d776a47dcf032d93ab172353,,08/03/2025 01:07:00 PM,30,NO CONTROLS,NO CONTROLS,CLEAR,DAYLIGHT,PARKED MOTOR VEHICLE,NOT DIVIDED,,STRAIGHT AND LEVEL,DRY,NO DEFECTS,ON SCENE,INJURY AND / OR TOW DUE TO CRASH,,,Y,"OVER $1,500",08/03/2025 01:45:00 PM,UNABLE TO DETERMINE,UNABLE TO DETERMINE,2343,S,KEDZIE AVE,1033,,,,,,,3,NO INDICATION OF INJURY,0,0,0,0,0,1,0,13,1,8,41.8487220349,-87.7050153821,POINT (-87.705015382071 41.848722034866)
798ac536266176af7c3aa019254c3e6b920c40a92ed2e621ebd60c8d4c3cfe3417568e0b6c60cb544f2cdfe9cae8c759ea64a48f1eea80aa78da646d6c311670,,08/03/2025 01:00:00 PM,30,NO CONTROLS,NO CONTROLS,CLEAR,DAYLIGHT,PARKED MOTOR VEHICLE,NOT DIVIDED,,STRAIGHT AND LEVEL,DRY,NO DEFECTS,NOT ON SCENE (DESK REPORT),NO INJURY / DRIVE AWAY,,,Y,"OVER $1,500",08/06/2025 05:58:00 PM,IMPROPER OVERTAKING/PASSING,UNABLE TO DETERMINE,4000,N,NARRAGANSETT AVE,1632,,,,,,,2,NO INDICATION OF INJURY,0,0,0,0,0,1,0,13,1,8,41.9529586511,-87.7867085022,POINT (-87.786708502186 41.952958651098)
9e6b1047d5ac8f0bc030ff3bd0cb6bd6d2144cfbc6647a0810c71c8a5888293e3922f47a6e9da080cfd8f9921fb94c703aaf9e1ad306434ebf81f7a5b22c16bc,,08/03/2025 01:00:00 PM,30,NO CONTROLS,NO CONTROLS,CLEAR,DAYLIGHT,PARKED MOTOR VEHICLE,NOT DIVIDED,,STRAIGHT AND LEVEL,DRY,NO DEFECTS,NOT ON SCENE (DESK REPORT),NO INJURY / DRIVE AWAY,,,Y,"$501 - $1,500",08/06/2025 06:52:00 PM,UNABLE TO DETERMINE,NOT APPLICABLE,7601,S,DOBSON AVE,624,,,,,,,2,NO INDICATION OF INJURY,0,0,0,0,0,1,0,13,1,8,41.7567356018,-87.5991122027,POINT (-87.599112202742 41.756735601825)
dd8430abf34cf7512c8a00778cbde52b5c404a90e9841e6179e4ecf9128c9e2bc6afd6244e8a46ca10e817ea6bab8d23a70bf6b09a2a3eb2b94fe3590a671391,,08/03/2025 01:00:00 PM,30,TRAFFIC SIGNAL,FUNCTIONING PROPERLY,CLEAR,DAYLIGHT,TURNING,FOUR WAY,,STRAIGHT AND LEVEL,DRY,NO DEFECTS,NOT ON SCENE (DESK REPORT),NO INJURY / DRIVE AWAY,Y,,,"OVER $1,500",08/03/2025 01:30:00 PM,DISTRACTION - FROM OUTSIDE VEHICLE,NOT APPLICABLE,1200,W,87TH ST,613,,,,,,,2,NO INDICATION OF INJURY,0,0,0,0,0,2,0,13,1,8,41.7360440895,-87.6534042418,POINT (-87.653404241798 41.736044089544)
c57bef2fd840a725ad859a7053d0d10f1f42b9158801ef1e18b9ad17d67eb1f0131794dfaae7b7109db74c41d8071804a647bb4b9976e5fb4b3e5a958c809f58,,08/03/2025 12:56:00 PM,30,NO CONTROLS,NO CONTROLS,CLEAR,DAYLIGHT,REAR END,NOT DIVIDED,,STRAIGHT AND LEVEL,DRY,NO DEFECTS,ON SCENE,INJURY AND / OR TOW DUE TO CRASH,,,,"OVER $1,500",08/03/2025 12:56:00 PM,FOLLOWING TOO CLOSELY,FAILING TO YIELD RIGHT-OF-WAY,1125,N,PULASKI RD,1112,,,,,,,4,"REPORTED, NOT EVIDENT",3,0,0,0,3,5,0,12,1,8,41.901597139,-87.7261242861,POINT (-87.726124286149 41.901597138992)
daa419aca6fa6f25fc539c297f5046ea8519684e67523fffa991d08f2faf362c0e351f528a8f7d221677bf5b94c51b8db63c65f703b6954c1272662d67593c3d,Y,08/03/2025 12:53:00 PM,30,STOP SIGN/FLASHER,FUNCTIONING PROPERLY,CLEAR,DAYLIGHT,REAR END,FOUR WAY,,STRAIGHT AND LEVEL,DRY,UNKNOWN,ON SCENE,NO INJURY / DRIVE AWAY,,,,"$501 - $1,500",08/03/2025 12:56:00 PM,DISTRACTION - FROM INSIDE VEHICLE,FOLLOWING TOO CLOSELY,11500,S,INDIANA AVE,532,,,,,,,2,NO INDICATION OF INJURY,0,0,0,0,0,3,0,12,1,8,41.685297554,-87.6181902718,POINT (-87.618190271775 41.685297554005)
3b9724cf546ca8c0517c38db68a870ead53a387fccb47c485880df5d6c34c914337658d4e5f543c552ad5fa042e36c92291907e4d3607f4a75cbe4c5bd7f9601,,08/03/2025 12:48:00 PM,30,NO CONTROLS,NO CONTROLS,CLEAR,DAYLIGHT,FIXED OBJECT,ONE-WAY,,STRAIGHT AND LEVEL,DRY,OTHER,ON SCENE,INJURY AND / OR TOW DUE TO CRASH,,,,"OVER $1,500",08/03/2025 12:48:00 PM,UNABLE TO DETERMINE,UNABLE TO DETERMINE,6416,S,ABERDEEN ST,724,,,,,,,1,INCAPACITATING INJURY,1,0,1,0,0,0,0,12,1,8,41.7772816256,-87.6521565439,POINT (-87.652156543912 41.777281625569)
31c53ea070bdcb08883bd922179bd118f07daa495e8cbcc8f90b230e30b62b30135d92136d25fdc2523a4db75142169b5f0c4da8dc6a8dedb18391fb9c85831b,,08/03/2025 12:45:00 PM,25,NO CONTROLS,NO CONTROLS,CLEAR,DAYLIGHT,OTHER OBJECT,NOT DIVIDED,,STRAIGHT AND LEVEL,DRY,NO DEFECTS,NOT ON SCENE (DESK REPORT),NO INJURY / DRIVE AWAY,,,,"OVER $1,500",08/04/2025 08:40:00 AM,UNABLE TO DETERMINE,UNABLE TO DETERMINE,3300,W,63RD ST,823,,,,,,,1,NO INDICATION OF INJURY,0,0,0,0,0,1,0,12,1,8,41.779042156,-87.7056846706,POINT (-87.70568467057 41.779042155971)
4a0753f5d6328a8cb0d32ba1b7adb32ca1d25a4399d0675a5714e4f7a240ce9fcf98513eabdbf5472b94b43cdb3f334e7b06e7dda4f21a5c0969d4c69c417394,,08/03/2025 12:45:00 PM,30,TRAFFIC SIGNAL,FUNCTIONING PROPERLY,CLEAR,DAYLIGHT,SIDESWIPE SAME DIRECTION,NOT DIVIDED,,STRAIGHT AND LEVEL,UNKNOWN,UNKNOWN,NOT ON SCENE (DESK REPORT),NO INJURY / DRIVE AWAY,,,Y,"$501 - $1,500",08/03/2025 02:01:00 PM,UNABLE TO DETERMINE,NOT APPLICABLE,7363,N,SHERIDAN RD,2423,,,,,,,2,NO INDICATION OF INJURY,0,0,0,0,0,2,0,12,1,8,42.0160053358,-87.6649128808,POINT (-87.664912880756 42.016005335839)
5a78494c72fe69572cb1807fcbda13bd1f7738c6f7e61bfa6503deafc544879044709f5e129b47c175db75bd2f6f2f876cc489d56409be51594dd1a2b7a78c93,,08/03/2025 12:44:00 PM,30,NO CONTROLS,NO CONTROLS,CLEAR,DAYLIGHT,SIDESWIPE SAME DIRECTION,DIVIDED - W/MEDIAN BARRIER,,STRAIGHT AND LEVEL,DRY,NO DEFECTS,ON SCENE,NO INJURY / DRIVE AWAY,,,,"OVER $1,500",08/03/2025 12:44:00 PM,UNABLE TO DETERMINE,NOT APPLICABLE,244,W,ROOSEVELT RD,123,,,,Y,CONSTRUCTION,,2,NO INDICATION OF INJURY,0,0,0,0,0,2,0,12,1,8,41.8674275996,-87.6342764139,POINT (-87.634276413905 41.867427599608)
5b02596f7dfffb7a12da9558649a98c68ef24be8ccb0cb853916a461fd04c4c3fbe043c542ce678e6ceb8b3431612d473cb6d5710bbbff2fcfe8948410f528a1,,08/03/2025 12:37:00 PM,30,NO CONTROLS,NO CONTROLS,CLEAR,DAYLIGHT,PARKED MOTOR VEHICLE,NOT DIVIDED,,STRAIGHT AND LEVEL,DRY,NO DEFECTS,NOT ON SCENE (DESK REPORT),NO INJURY / DRIVE AWAY,,,,"OVER $1,500",08/03/2025 02:15:00 PM,IMPROPER BACKING,DRIVING SKILLS/KNOWLEDGE/EXPERIENCE,9100,S,BURLEY AVE,424,,,,,,,2,NO INDICATION OF INJURY,0,0,0,0,0,1,0,12,1,8,41.7300438079,-87.5458083701,POINT (-87.545808370134 41.730043807931)
6886e9edcf63ae0a1be615a6f0c3f06962ea8998a2b6b070d86aca1b9186891af30b70e2b98616ffc5b7bad4c8cf2fac2c6a84cc3bfbbff70e93876558b24ae3,,08/03/2025 12:35:00 PM,30,NO CONTROLS,NO CONTROLS,CLEAR,DAYLIGHT,SIDESWIPE SAME DIRECTION,DIVIDED - W/MEDIAN BARRIER,,STRAIGHT AND LEVEL,DRY,NO DEFECTS,ON SCENE,NO INJURY / DRIVE AWAY,,,,"$501 - $1,500",08/03/2025 12:52:00 PM,IMPROPER OVERTAKING/PASSING,NOT APPLICABLE,1811,S,ASHLAND AVE,1233,,,,,,,2,NO INDICATION OF INJURY,0,0,0,0,0,3,0,12,1,8,41.8574353621,-87.6659869101,POINT (-87.665986910059 41.857435362107)
2ed2faf29849d8f8f3ad4827b6878e23fc7431bdc4901cb60c4a187aac77ef763a45ee80ad66e8c86bac08ebffbdc34995c744559b6a8a5fdf4c5dc928bff107,,08/03/2025 12:30:00 PM,15,NO CONTROLS,NO CONTROLS,CLEAR,DAYLIGHT,FIXED OBJECT,PARKING LOT,,STRAIGHT ON GRADE,DRY,NO DEFECTS,NOT ON SCENE (DESK REPORT),NO INJURY / DRIVE AWAY,,Y,,"OVER $1,500",08/12/2025 11:45:00 AM,NOT APPLICABLE,NOT APPLICABLE,414,E,GRAND AVE,1834,,,,,,,1,NO INDICATION OF INJURY,0,0,0,0,0,1,0,12,1,8,41.891965857,-87.6170797471,POINT (-87.617079747088 41.891965856951)
c05a833fe02073ecde2a51ebaa0111c95972edace4877e6f119da3753869ed008f0a6641fb53caa2ff02abe9a6fa906dc7328d4ece02a6a9ab54a8e1fc59fee5,,08/03/2025 12:30:00 PM,30,NO CONTROLS,NO CONTROLS,CLEAR,DAYLIGHT,PARKED MOTOR VEHICLE,ONE-WAY,,STRAIGHT AND LEVEL,DRY,NO DEFECTS,NOT ON SCENE (DESK REPORT),NO INJURY / DRIVE AWAY,,,Y,"OVER $1,500",08/03/2025 10:50:00 PM,UNABLE TO DETERMINE,UNABLE TO DETERMINE,4802,N,HAMLIN AVE,1712,,,,,,,2,NO INDICATION OF INJURY,0,0,0,0,0,1,0,12,1,8,41.9684398284,-87.7232935096,POINT (-87.723293509603 41.96843982843)
c7cb6e02efd480f84748a0e67a7cfceda80b9ae36c3e2da99ba9a1aad82198e84b1c71f550bf7e95b8feab4e70a3bb4e9cca3935decd5d850ed1331df4491a39,,08/03/2025 12:30:00 PM,30,TRAFFIC SIGNAL,FUNCTIONING PROPERLY,CLEAR,DAYLIGHT,SIDESWIPE SAME DIRECTION,NOT DIVIDED,,STRAIGHT AND LEVEL,DRY,NO DEFECTS,NOT ON SCENE (DESK REPORT),NO INJURY / DRIVE AWAY,Y,,,"OVER $1,500",08/03/2025 01:50:00 PM,FAILING TO YIELD RIGHT-OF-WAY,FAILING TO YIELD RIGHT-OF-WAY,1601,W,CERMAK RD,1034,,,,,,,2,NO INDICATION OF INJURY,0,0,0,0,0,2,0,12,1,8,41.8522186106,-87.6661435753,POINT (-87.666143575324 41.852218610561)
20c551ffb026a346a71a88c87e4c784ccbe374351bcbc630695d81c31811c28dafbcbee127298149576216b682c463ad7417c2ddefc52e3a5b0382c53aa198c0,,08/03/2025 12:22:00 PM,30,TRAFFIC SIGNAL,UNKNOWN,CLEAR,DARKNESS,REAR END,FOUR WAY,,STRAIGHT AND LEVEL,DRY,NO DEFECTS,NOT ON SCENE (DESK REPORT),NO INJURY / DRIVE AWAY,Y,,,"OVER $1,500",08/05/2025 02:15:00 PM,UNABLE TO DETERMINE,NOT APPLICABLE,5919,S,CICERO AVE,813,,,,,,,2,NO INDICATION OF INJURY,0,0,0,0,0,3,0,12,1,8,41.7852565743,-87.7411706475,POINT (-87.741170647488 41.785256574256)
03cda6e32cbc208e249ff63f21b4acd0439f29093bacefe3439f29d9616b5c776d97356c220ba60235333fe344fec83ad5f91df8aa58dda0b525b729689d923b,,08/03/2025 12:13:00 PM,30,UNKNOWN,UNKNOWN,CLEAR,DAYLIGHT,REAR TO FRONT,NOT DIVIDED,,STRAIGHT AND LEVEL,UNKNOWN,UNKNOWN,NOT ON SCENE (DESK REPORT),NO INJURY / DRIVE AWAY,,,,"OVER $1,500",08/03/2025 03:30:00 PM,UNABLE TO DETERMINE,UNABLE TO DETERMINE,3819,N,SOUTHPORT AVE,1923,,,,,,,2,NO INDICATION OF INJURY,0,0,0,0,0,2,0,12,1,8,41.9513368356,-87.6639882967,POINT (-87.663988296746 41.951336835589)
76aa70fc700e02f57b074a5c080907b5b31156d5072e4f0bac85835dfbd6cce787739eeea902ef66ff636f423adf3e5a81e5af65efcabf421dc7f1eda79f0213,,08/03/2025 12:05:00 PM,30,NO CONTROLS,NO CONTROLS,CLEAR,DAYLIGHT,PARKED MOTOR VEHICLE,ONE-WAY,,STRAIGHT AND LEVEL,DRY,UNKNOWN,ON SCENE,NO INJURY / DRIVE AWAY,,,,$500 OR LESS,08/03/2025 12:09:00 PM,UNABLE TO DETERMINE,NOT APPLICABLE,738,N,RIDGEWAY AVE,1112,,,,,,,2,NO INDICATION OF INJURY,0,0,0,0,0,5,0,12,1,8,41.8948002611,-87.7200994077,POINT (-87.720099407695 41.894800261102)
5fe833ed97572bf711b595723685db9dca87cc76c3f762b1d783490a46efed2675d8242da2b30aa206d872fb81680412e6441f8c2c3b00381a1a671d595d6e8b,,08/03/2025 12:02:00 PM,30,TRAFFIC SIGNAL,FUNCTIONING PROPERLY,CLEAR,DAYLIGHT,REAR END,NOT DIVIDED,,STRAIGHT ON GRADE,DRY,NO DEFECTS,ON SCENE,NO INJURY / DRIVE AWAY,Y,,,"OVER $1,500",08/03/2025 12:08:00 PM,FAILING TO REDUCE SPEED TO AVOID CRASH,FOLLOWING TOO CLOSELY,6903,W,DEVON AVE,1611,,,,,,,2,NO INDICATION OF INJURY,0,0,0,0,0,3,0,12,1,8,41.9967228374,-87.7990045252,POINT (-87.79900452515 41.996722837378)
92a5641c048d208e4b3b2a1d75bf9e52a8d7ac836c0e1f0a12e5c534bcb89355b26e618e8434576a239e4cfd4a71bf679ba2c8424618ce11ee475e8c99923958,,08/03/2025 11:50:00 AM,30,NO CONTROLS,NO CONTROLS,CLEAR,DAYLIGHT,PARKED MOTOR VEHICLE,ONE-WAY,,STRAIGHT AND LEVEL,DRY,NO DEFECTS,ON SCENE,INJURY AND / OR TOW DUE TO CRASH,,,,"OVER $1,500",08/03/2025 11:52:00 AM,UNABLE TO DETERMINE,UNABLE TO DETERMINE,230,N,KILPATRICK AVE,1113,,,,,,,3,NO INDICATION OF INJURY,0,0,0,0,0,1,0,11,1,8,41.8842740223,-87.7431046049,POINT (-87.74310460487 41.884274022328)
35a49527ab7205621d1c6c06716cf81ab77ee4e52cfcafe0d58e0bc2a29e76bab9e7134d6de9e5dabcc0aea1d679e25aff24b0b6feff123131392edab92eaf25,,08/03/2025 11:45:00 AM,15,NO CONTROLS,NO CONTROLS,CLEAR,DAYLIGHT,ANGLE,PARKING LOT,,STRAIGHT AND LEVEL,DRY,NO DEFECTS,ON SCENE,INJURY AND / OR TOW DUE TO CRASH,,Y,,"$501 - $1,500",08/03/2025 11:47:00 AM,UNABLE TO DETERMINE,UNABLE TO DETERMINE,3250,W,87TH ST,834,,,,,,,2,"REPORTED, NOT EVIDENT",2,0,0,0,2,0,0,11,1,8,41.7352740895,-87.7035112835,POINT (-87.703511283506 41.735274089541)
7e6409bd83f4972b8bbd2e9befc8dd59ccb5281c7f1369d6b8ad7c556b8cdb94e0e5e5f6fb81f0564dc6619ee168914ca3be56d2e147aff37fcbc40eef2e05a9,,08/03/2025 11:45:00 AM,30,NO CONTROLS,FUNCTIONING PROPERLY,CLEAR,DAYLIGHT,REAR END,NOT DIVIDED,,STRAIGHT AND LEVEL,DRY,UNKNOWN,NOT ON SCENE (DESK REPORT),NO INJURY / DRIVE AWAY,,,,"OVER $1,500",08/03/2025 02:45:00 PM,FOLLOWING TOO CLOSELY,FOLLOWING TOO CLOSELY,2352,E,75TH ST,334,,,,,,,2,NO INDICATION OF INJURY,0,0,0,0,0,3,0,11,1,8,41.7590939802,-87.5666892139,POINT (-87.566689213935 41.75909398024)
4c7a7644a140ccfcd63c74d5faca9cca958af1955084b90404cd2743e2bcd60ec0265b65b04fd970796d14b00fb3a931a582c29f2001414a8d0aacb791048305,,08/03/2025 11:40:00 AM,15,NO CONTROLS,NO CONTROLS,CLEAR,DAYLIGHT,PARKED MOTOR VEHICLE,PARKING LOT,,STRAIGHT AND LEVEL,DRY,NO DEFECTS,ON SCENE,NO INJURY / DRIVE AWAY,,,,"$501 - $1,500",08/03/2025 11:45:00 AM,UNABLE TO DETERMINE,UNABLE TO DETERMINE,1651,N,WESTERN AVE,1434,,,,,,,2,NO INDICATION OF INJURY,0,0,0,0,0,5,0,11,1,8,41.9117283681,-87.6871108818,POINT (-87.687110881845 41.911728368102)
8c7d305b9b394a2db1ddf719842d73d9e52b6263ed20320ecb13b5c149d9e74fb0af9a963765c997fd732c9729d302e470cf551e20d5a74b44b2fe276ae20823,,08/03/2025 11:38:00 AM,30,TRAFFIC SIGNAL,FUNCTIONING PROPERLY,CLEAR,DAYLIGHT,ANGLE,FOUR WAY,,STRAIGHT AND LEVEL,DRY,NO DEFECTS,ON SCENE,INJURY AND / OR TOW DUE TO CRASH,Y,,,"OVER $1,500",08/03/2025 11:42:00 AM,DISREGARDING TRAFFIC SIGNALS,FAILING TO YIELD RIGHT-OF-WAY,100,W,99TH ST,511,,,,,,,2,"REPORTED, NOT EVIDENT",1,0,0,0,1,1,0,11,1,8,41.7145235377,-87.6261417641,POINT (-87.626141764088 41.714523537705)
fb62539cfda9866232a27f1c8dc02add5bbf61fbf0d0523e341b412acb140eb3b066761aef8629f2d84ae4e1754dc88b0d03f44062ea8e4b5eab7d82e2c0aed1,,08/03/2025 11:38:00 AM,30,TRAFFIC SIGNAL,FUNCTIONING PROPERLY,CLEAR,DAYLIGHT,PEDALCYCLIST,ONE-WAY,,STRAIGHT AND LEVEL,DRY,NO DEFECTS,ON SCENE,INJURY AND / OR TOW DUE TO CRASH,Y,,,"OVER $1,500",08/03/2025 11:42:00 AM,FAILING TO YIELD RIGHT-OF-WAY,UNABLE TO DETERMINE,629,N,WABASH AVE,1834,,,,,,,2,"REPORTED, NOT EVIDENT",1,0,0,0,1,1,0,11,1,8,41.893255983,-87.6266124637,POINT (-87.62661246369 41.893255982975)