CRASH_RECORD_ID,CRASH_DATE_EST_I,CRASH_DATE,POSTED_SPEED_LIMIT,TRAFFIC_CONTROL_DEVICE,DEVICE_CONDITION,WEATHER_CONDITION,LIGHTING_CONDITION,FIRST_CRASH_TYPE,TRAFFICWAY_TYPE,LANE_CNT,ALIGNMENT,ROADWAY_SURFACE_COND,ROAD_DEFECT,REPORT_TYPE,CRASH_TYPE,INTERSECTION_RELATED_I,NOT_RIGHT_OF_WAY_I,HIT_AND_RUN_I,DAMAGE,DATE_POLICE_NOTIFIED,PRIM_CONTRIBUTORY_CAUSE,SEC_CONTRIBUTORY_CAUSE,STREET_NO,STREET_DIRECTION,STREET_NAME,BEAT_OF_OCCURRENCE,PHOTOS_TAKEN_I,STATEMENTS_TAKEN_I,DOORING_I,WORK_ZONE_I,WORK_ZONE_TYPE,WORKERS_PRESENT_I,NUM_UNITS,MOST_SEVERE_INJURY,INJURIES_TOTAL,INJURIES_FATAL,INJURIES_INCAPACITATING,INJURIES_NON_INCAPACITATING,INJURIES_REPORTED_NOT_EVIDENT,INJURIES_NO_INDICATION,INJURIES_UNKNOWN,CRASH_HOUR,CRASH_DAY_OF_WEEK,CRASH_MONTH,LATITUDE,LONGITUDE,LOCATION
8fa3055efea5588e22e1557cdd30db95b2e1242e210f815d0d2617a0d0636845d5e8c108d01af91120f64774d7b08252ac2c3bddb2cb0f25e18ecb2ef4e9b0b6,,08/03/2025 11:33:00 AM,30,UNKNOWN,UNKNOWN,CLEAR,DAYLIGHT,REAR END,DIVIDED - W/MEDIAN (NOT RAISED),,STRAIGHT AND LEVEL,DRY,NO DEFECTS,NOT ON SCENE (DESK REPORT),NO INJURY / DRIVE AWAY,,,,$500 OR LESS,08/03/2025 12:10:00 PM,NOT APPLICABLE,NOT APPLICABLE,2801,W,DEVON AVE,2413,,,,,,,2,NO INDICATION OF INJURY,0,0,0,0,0,2,0,11,1,8,41.9974500494,-87.6996997862,POINT (-87.69969978623 41.997450049375)
1bd08debb81345843a12ab1287514caa7a0d3c59787fa52a6bf0780dd3f4d88ea17d0a038304fb948fc322512bed453cfaf2c2909e4b1325eb2aa54ccf1d4129,,08/03/2025 11:30:00 AM,30,NO CONTROLS,NO CONTROLS,CLEAR,DAYLIGHT,REAR END,NOT DIVIDED,,STRAIGHT AND LEVEL,DRY,NO DEFECTS,NOT ON SCENE (DESK REPORT),NO INJURY / DRIVE AWAY,,,,"$501 - $1,500",08/03/2025 02:18:00 PM,FOLLOWING TOO CLOSELY,NOT APPLICABLE,4398,S,ARCHER AVE,821,,,,,,,2,NO INDICATION OF INJURY,0,0,0,0,0,2,0,11,1,8,41.813661929,-87.7051743547,POINT (-87.705174354701 41.813661928997)
5a4ef98300dee8ad8b14d735a56111d6a4fa44563cc10baf4296e30b76981bf18d486f8391144fd0edfd888e2eaecf85338a118b13b87c527f4059b8ccdb6e0d,,08/03/2025 11:30:00 AM,30,TRAFFIC SIGNAL,FUNCTIONING PROPERLY,CLEAR,DAYLIGHT,SIDESWIPE OPPOSITE DIRECTION,NOT DIVIDED,,STRAIGHT AND LEVEL,DRY,UNKNOWN,NOT ON SCENE (DESK REPORT),NO INJURY / DRIVE AWAY,Y,,,"OVER $1,500",08/03/2025 12:15:00 PM,UNABLE TO DETERMINE,UNABLE TO DETERMINE,3500,S,DR MARTIN LUTHER KING JR DR,212,,,,,,,2,NO INDICATION OF INJURY,0,0,0,0,0,2,0,11,1,8,41.8310865742,-87.6174605419,POINT (-87.617460541867 41.831086574167)
160d83e637077e3ba2fa976499a6052eee86e1b18b89cad0979de4453ad5d5a16dceec176c133d7bd303416d871994e39e04a0b45ffd1e2df7f8cca69afbf502,,08/03/2025 11:28:00 AM,30,NO CONTROLS,NO CONTROLS,UNKNOWN,DAYLIGHT,PARKED MOTOR VEHICLE,NOT DIVIDED,,STRAIGHT AND LEVEL,DRY,UNKNOWN,NOT ON SCENE (DESK REPORT),NO INJURY / DRIVE AWAY,,,Y,"OVER $1,500",08/03/2025 11:50:00 AM,FAILING TO YIELD RIGHT-OF-WAY,DRIVING SKILLS/KNOWLEDGE/EXPERIENCE,4101,S,CALUMET AVE,213,,,,,,,2,NO INDICATION OF INJURY,0,0,0,0,0,1,0,11,1,8,41.8201242277,-87.6183032937,POINT (-87.618303293712 41.820124227704)
1ae5523cd9adfd6a9a2e04b7121223ad9390097c80b374b30ab7efd383b074c0db39fe57396426a4fc07b71906fddfb61e03359315e8f03cd6a0624a4a19bc99,,08/03/2025 11:19:00 AM,30,STOP SIGN/FLASHER,FUNCTIONING PROPERLY,CLEAR,DAYLIGHT,REAR END,NOT DIVIDED,,STRAIGHT AND LEVEL,DRY,NO DEFECTS,NOT ON SCENE (DESK REPORT),NO INJURY / DRIVE AWAY,,,,"$501 - $1,500",08/03/2025 12:00:00 PM,UNABLE TO DETERMINE,UNABLE TO DETERMINE,1100,E,67TH ST,321,,,,,,,2,NO INDICATION OF INJURY,0,0,0,0,0,2,0,11,1,8,41.7733228074,-87.5984151815,POINT (-87.598415181504 41.773322807442)
06fc1b45088b9457f5852a1324ce98a28d9d0d63fa7a55d5335647ffbd6ef5de84426ddd6a30cf0eb76ea61d94900b3fdaef6150facc68743dc28301beb1a25a,,08/03/2025 11:15:00 AM,30,TRAFFIC SIGNAL,FUNCTIONING PROPERLY,CLEAR,DAYLIGHT,ANGLE,NOT DIVIDED,,STRAIGHT AND LEVEL,DRY,NO DEFECTS,ON SCENE,INJURY AND / OR TOW DUE TO CRASH,Y,,,"OVER $1,500",08/03/2025 11:34:00 AM,DISREGARDING OTHER TRAFFIC SIGNS,FAILING TO REDUCE SPEED TO AVOID CRASH,5500,S,ROCKWELL ST,824,,,,,,,2,NO INDICATION OF INJURY,0,0,0,0,0,4,0,11,1,8,41.7936924021,-87.6890792132,POINT (-87.689079213177 41.79369240212)
621c46c4de4f7e5a2210076742254352f1d720041c26cd345252d999242d2b6b00f5518061a516612d9fa7b6d7cc6b076d5d28f8bdbc8a1bd9fa7d34726c07ae,,08/03/2025 11:15:00 AM,30,TRAFFIC SIGNAL,NO CONTROLS,RAIN,DAYLIGHT,TURNING,NOT DIVIDED,,STRAIGHT AND LEVEL,DRY,NO DEFECTS,NOT ON SCENE (DESK REPORT),NO INJURY / DRIVE AWAY,,,,"OVER $1,500",08/03/2025 11:40:00 AM,UNABLE TO DETERMINE,NOT APPLICABLE,3000,W,VAN BUREN ST,1124,,,,,,,2,NO INDICATION OF INJURY,0,0,0,0,0,2,0,11,1,8,41.8760381715,-87.7011030232,POINT (-87.701103023191 41.876038171488)
ca47675541a01d178fab6e0974b1f8b924d6eeb9b124091e0be5ce03330f8f311b89546f13aca420247e3ce969825839830254b86884012555598302a77c1e99,,08/03/2025 11:15:00 AM,30,STOP SIGN/FLASHER,FUNCTIONING PROPERLY,CLEAR,DAYLIGHT,ANGLE,FOUR WAY,,STRAIGHT AND LEVEL,DRY,NO DEFECTS,NOT ON SCENE (DESK REPORT),NO INJURY / DRIVE AWAY,Y,,Y,"$501 - $1,500",08/03/2025 12:40:00 PM,FAILING TO YIELD RIGHT-OF-WAY,FAILING TO YIELD RIGHT-OF-WAY,8102,S,KENWOOD AVE,411,,Y,,,,,2,NO INDICATION OF INJURY,0,0,0,0,0,2,0,11,1,8,41.7476264887,-87.591895302,POINT (-87.591895302037 41.747626488721)
dd73a0d6fb18609920cfdedaef02e94d131004aefaeacc7a25a7296219e78dd21cb0068236ddac710a02a2db4be69476fc69021b2913392f3ff6936c04a5dede,,08/03/2025 11:15:00 AM,30,STOP SIGN/FLASHER,NO CONTROLS,CLEAR,DAYLIGHT,ANGLE,FOUR WAY,,STRAIGHT AND LEVEL,DRY,NO DEFECTS,NOT ON SCENE (DESK REPORT),NO INJURY / DRIVE AWAY,Y,,Y,"$501 - $1,500",08/03/2025 12:02:00 PM,FAILING TO YIELD RIGHT-OF-WAY,FAILING TO YIELD RIGHT-OF-WAY,1600,W,89TH ST,2221,,,,,,,2,NO INDICATION OF INJURY,0,0,0,0,0,2,0,11,1,8,41.732285467,-87.6630539161,POINT (-87.663053916059 41.732285466979)
7af3a1f1a3a5dfb640ac708f6031bbab1ed030a32e5521ae00cbb0ff3dfdda5ad7abfbb56a5ce381bc38cbd374e421191b5d908fb238d2d35d1fa17dac2d0841,,08/03/2025 11:02:00 AM,25,NO CONTROLS,NO CONTROLS,CLEAR,DAYLIGHT,ANGLE,ONE-WAY,,STRAIGHT AND LEVEL,DRY,UNKNOWN,ON SCENE,INJURY AND / OR TOW DUE TO CRASH,,,,"OVER $1,500",08/03/2025 11:03:00 AM,FAILING TO YIELD RIGHT-OF-WAY,NOT APPLICABLE,1343,W,ROSCOE ST,1924,N,N,,,,,2,"REPORTED, NOT EVIDENT",1,0,0,0,1,1,0,11,1,8,41.9433199907,-87.6631913684,POINT (-87.663191368352 41.943319990703)
98ae982b1d34d3baa60a2f1819c07d95298ad5b52762d444c0ea07021cfeced09564667744cdc2ed362bc33f7426be9c22ad72a8dcb7a7a939652f51264dc583,,08/03/2025 11:00:00 AM,5,NO CONTROLS,NO CONTROLS,CLEAR,DAYLIGHT,PARKED MOTOR VEHICLE,PARKING LOT,,STRAIGHT AND LEVEL,DRY,NO DEFECTS,ON SCENE,NO INJURY / DRIVE AWAY,,Y,,"OVER $1,500",08/03/2025 11:10:00 AM,DRIVING SKILLS/KNOWLEDGE/EXPERIENCE,UNABLE TO DETERMINE,2210,S,INDIANA AVE,132,,,,,,,2,NO INDICATION OF INJURY,0,0,0,0,0,1,0,11,1,8,41.8525281821,-87.6224086589,POINT (-87.622408658932 41.852528182135)
b4715a6b31dfa305c692f200d613f773b2d53b3eeacd4eacfe9d0ad753cc3089866c0b4ae929407db95314656bb778943ae3845266a9e0ee77c115e53ae5588e,,08/03/2025 11:00:00 AM,30,TRAFFIC SIGNAL,FUNCTIONING PROPERLY,CLEAR,DAYLIGHT,TURNING,FOUR WAY,,STRAIGHT AND LEVEL,DRY,NO DEFECTS,NOT ON SCENE (DESK REPORT),NO INJURY / DRIVE AWAY,Y,,,"OVER $1,500",08/03/2025 03:00:00 PM,UNABLE TO DETERMINE,NOT APPLICABLE,4600,N,CICERO AVE,1623,,,,,,,2,NO INDICATION OF INJURY,0,0,0,0,0,2,0,11,1,8,41.9644511676,-87.7477764313,POINT (-87.747776431281 41.964451167552)
30e1a1f89f4cd1b57d46e08b68338670dd3e7d63846d76f08f39f8943979e47985cd84d072ae7aa6782716b41632c3aa7c54e43fa2d55d68c840690168d42e4a,,08/03/2025 10:54:00 AM,30,TRAFFIC SIGNAL,FUNCTIONING PROPERLY,CLEAR,DAYLIGHT,TURNING,NOT DIVIDED,,STRAIGHT AND LEVEL,DRY,NO DEFECTS,ON SCENE,INJURY AND / OR TOW DUE TO CRASH,,,,"OVER $1,500",08/03/2025 10:54:00 AM,FAILING TO REDUCE SPEED TO AVOID CRASH,UNABLE TO DETERMINE,6248,S,KEDZIE AVE,823,,,,,,,2,NO INDICATION OF INJURY,0,0,0,0,0,3,0,10,1,8,41.7793623573,-87.7032927651,POINT (-87.703292765146 41.779362357278)
d49e086b6307def31794a4daf899738c1c0b39c44215d703b8cf3160c3910b4d3edb4e0bedc5f53365fbf3426e2b775857bc7cd756e38ae98005f0a70f478ba2,,08/03/2025 10:50:00 AM,30,NO CONTROLS,NO CONTROLS,CLEAR,DAYLIGHT,PARKED MOTOR VEHICLE,NOT DIVIDED,,STRAIGHT AND LEVEL,DRY,NO DEFECTS,ON SCENE,NO INJURY / DRIVE AWAY,,,Y,$500 OR LESS,08/03/2025 10:53:00 AM,UNABLE TO DETERMINE,UNABLE TO DETERMINE,1610,W,92ND ST,2221,,,,,,,2,NO INDICATION OF INJURY,0,0,0,0,0,1,0,10,1,8,41.7267488863,-87.6632902457,POINT (-87.663290245655 41.726748886292)
e86ea7fd74746aed38d63852a0264475bc848d621ed57562f4090bc6a7b520ee198bcc753697de46476c8d4631f73ea550ae65c3c9366f364a866c512dd356cd,,08/03/2025 10:45:00 AM,30,NO CONTROLS,NO CONTROLS,CLEAR,DAYLIGHT,REAR END,OTHER,,STRAIGHT AND LEVEL,DRY,NO DEFECTS,,INJURY AND / OR TOW DUE TO CRASH,,,,"$501 - $1,500",08/03/2025 11:40:00 AM,FOLLOWING TOO CLOSELY,NOT APPLICABLE,2643,S,ST LOUIS AVE,1032,,,,,,,2,"REPORTED, NOT EVIDENT",1,0,0,0,1,2,0,10,1,8,41.8431340503,-87.7121661522,POINT (-87.712166152186 41.843134050257)
9e2e56bf97eb24c41a8fb070d52e4601fa74bf1d3486309dce8626aecc181671e85ecc2f05e3acd2be54ab2b17589a182c35238401633f855fecfe744a11a0c4,,08/03/2025 10:40:00 AM,15,NO CONTROLS,NO CONTROLS,CLEAR,DAYLIGHT,PARKED MOTOR VEHICLE,PARKING LOT,,STRAIGHT AND LEVEL,DRY,NO DEFECTS,,NO INJURY / DRIVE AWAY,,,Y,"OVER $1,500",08/03/2025 11:30:00 AM,FAILING TO YIELD RIGHT-OF-WAY,NOT APPLICABLE,5129,W,BELMONT AVE,2521,,,,,,,2,NO INDICATION OF INJURY,0,0,0,0,0,1,0,10,1,8,41.9386071889,-87.7554253189,POINT (-87.755425318934 41.938607188903)
11b859d1e414f02ac7235bc5061772e45997e9fa9ec7be1cc812318d5626632beea47d3a3ad10325bf1733ef99e0c4bf1bdd59cd61b65d62692b584c2b7f4fc3,Y,08/03/2025 10:30:00 AM,25,NO CONTROLS,NO CONTROLS,CLEAR,DAYLIGHT,SIDESWIPE SAME DIRECTION,NOT DIVIDED,,STRAIGHT AND LEVEL,UNKNOWN,UNKNOWN,NOT ON SCENE (DESK REPORT),NO INJURY / DRIVE AWAY,,,,"OVER $1,500",08/04/2025 03:40:00 PM,UNABLE TO DETERMINE,UNABLE TO DETERMINE,39,E,CERMAK RD,131,,,,,,,2,NO INDICATION OF INJURY,0,0,0,0,0,2,0,10,1,8,41.8527400099,-87.625537411,POINT (-87.625537411045 41.852740009852)
a9507f8503a96ca0da88da2f9f90a532226aa277d53a46cf24566362242e26f8b152a86d078ad48a5472e56f925ce06080d6a10b28037530ebbb316207f03f28,,08/03/2025 10:30:00 AM,30,TRAFFIC SIGNAL,FUNCTIONING PROPERLY,CLEAR,DAYLIGHT,REAR END,DIVIDED - W/MEDIAN (NOT RAISED),,STRAIGHT AND LEVEL,DRY,NO DEFECTS,NOT ON SCENE (DESK REPORT),NO INJURY / DRIVE AWAY,Y,,,"OVER $1,500",08/04/2025 11:10:00 AM,UNABLE TO DETERMINE,UNABLE TO DETERMINE,3171,N,ELSTON AVE,1411,,,,,,,4,NO INDICATION OF INJURY,0,0,0,0,0,4,0,10,1,8,41.938811116,-87.6972615952,POINT (-87.697261595206 41.938811115969)
c3323e9742b1507cffb3d159905e9105665ec9abd5d6e142db6d4eabc4f36c11c4f2d8a28138635dd945635575cd3612620d41c16ac2a43a1d05d6a796c9a2b9,,08/03/2025 10:30:00 AM,30,NO CONTROLS,NO CONTROLS,CLEAR,DAYLIGHT,REAR END,NOT DIVIDED,,STRAIGHT AND LEVEL,DRY,NO DEFECTS,NOT ON SCENE (DESK REPORT),NO INJURY / DRIVE AWAY,,,,"OVER $1,500",08/03/2025 10:44:00 AM,UNABLE TO DETERMINE,UNABLE TO DETERMINE,3800,W,71ST ST,833,,,,,,,2,NO INDICATION OF INJURY,0,0,0,0,0,2,0,10,1,8,41.7642740274,-87.7175594892,POINT (-87.7175594892 41.764274027373)
40e527726bc2ceb3491545bf49aa27af5dd0c1060a6687f26c62f4450af32892e98303dcec7799e457f3e223bc70ac1ac6c8834612445580d1a5fb6dd60cf9ca,,08/03/2025 10:15:00 AM,30,NO CONTROLS,NO CONTROLS,CLEAR,DAYLIGHT,PARKED MOTOR VEHICLE,NOT DIVIDED,,STRAIGHT AND LEVEL,DRY,NO DEFECTS,NOT ON SCENE (DESK REPORT),NO INJURY / DRIVE AWAY,,,,"OVER $1,500",08/04/2025 06:30:00 AM,UNABLE TO DETERMINE,UNABLE TO DETERMINE,1455,S,BLUE ISLAND AVE,1233,,,,,,,2,NO INDICATION OF INJURY,0,0,0,0,0,2,0,10,1,8,41.862035685,-87.657426527,POINT (-87.657426527015 41.862035684988)
4f910f8236018ce8cd035b100cbe792592ce7ba44c2c6f8b7bc2b35a873b59e215b67a0651efbf6224083a37f39d808d196956e8b6581d2d7a384a2ade9cfd46,,08/03/2025 10:15:00 AM,20,NO CONTROLS,NO CONTROLS,CLEAR,DAYLIGHT,ANGLE,NOT DIVIDED,,STRAIGHT AND LEVEL,DRY,NO DEFECTS,NOT ON SCENE (DESK REPORT),NO INJURY / DRIVE AWAY,,,,"OVER $1,500",08/03/2025 11:00:00 AM,FAILING TO YIELD RIGHT-OF-WAY,NOT APPLICABLE,2616,W,64TH ST,825,,,,,,,2,NO INDICATION OF INJURY,0,0,0,0,0,2,0,10,1,8,41.7773960353,-87.6892642308,POINT (-87.689264230838 41.777396035314)
9ab3737a5c72e8460f75b524c5494fc068b4353dba871213f1b0641624d3b2510964a41bc557362645998a67f4fb35c574ba90cff06af0c8f6098fe86da6117e,Y,08/03/2025 10:15:00 AM,30,STOP SIGN/FLASHER,FUNCTIONING PROPERLY,CLEAR,DAYLIGHT,PARKED MOTOR VEHICLE,NOT DIVIDED,,STRAIGHT AND LEVEL,DRY,NO DEFECTS,ON SCENE,INJURY AND / OR TOW DUE TO CRASH,,Y,,"$501 - $1,500",08/03/2025 10:15:00 AM,PHYSICAL CONDITION OF DRIVER,DRIVING SKILLS/KNOWLEDGE/EXPERIENCE,4558,W,86TH ST,834,,,,,,,3,NO INDICATION OF INJURY,0,0,0,0,0,1,0,10,1,8,41.7365509468,-87.7359995418,POINT (-87.735999541808 41.736550946836)
26a9a133c8edc50481b4c352380930f1d0e01353f75752a37c5b46cc4afe563384aef89e902e4e32d6d5e4c6dcb6cd31e71d5d74350f4ec434423e3944f446cd,,08/03/2025 10:00:00 AM,30,UNKNOWN,UNKNOWN,CLEAR,DAYLIGHT,PARKED MOTOR VEHICLE,NOT DIVIDED,,STRAIGHT AND LEVEL,UNKNOWN,UNKNOWN,NOT ON SCENE (DESK REPORT),NO INJURY / DRIVE AWAY,,,Y,"OVER $1,500",08/03/2025 02:00:00 PM,UNABLE TO DETERMINE,UNABLE TO DETERMINE,5100,W,HENDERSON ST,1634,,,,,,,2,NO INDICATION OF INJURY,0,0,0,0,0,1,0,10,1,8,41.9415782664,-87.7544518467,POINT (-87.754451846746 41.941578266428)
7dc8f503769ff09e657c0b4f03af1b01c6c9590dc333c37c22839e7aae27cb5619f6f1b91f3f6e31ff08276a99848900dbcbf7144cb06deb9f2cfc7d196f1616,,08/03/2025 10:00:00 AM,30,NO CONTROLS,NO CONTROLS,CLEAR,DAYLIGHT,SIDESWIPE SAME DIRECTION,DIVIDED - W/MEDIAN (NOT RAISED),,STRAIGHT AND LEVEL,DRY,NO DEFECTS,ON SCENE,NO INJURY / DRIVE AWAY,,,,"$501 - $1,500",08/03/2025 03:13:00 PM,FAILING TO YIELD RIGHT-OF-WAY,IMPROPER TURNING/NO SIGNAL,3573,N,CALIFORNIA AVE,1733,,Y,,,,,2,NO INDICATION OF INJURY,0,0,0,0,0,2,0,10,1,8,41.9465961092,-87.6978819978,POINT (-87.69788199776 41.946596109211)
82d8a57f19b3a9e375f5fcbec8f857b32066e047452d958e05768720933aae1746c6ce87f9555ef834442171c1d2b654d14727926ef220f0b98d2973ba27f00b,,08/03/2025 10:00:00 AM,30,NO CONTROLS,NO CONTROLS,CLEAR,DAYLIGHT,TURNING,DIVIDED - W/MEDIAN (NOT RAISED),,STRAIGHT AND LEVEL,DRY,NO DEFECTS,ON SCENE,INJURY AND / OR TOW DUE TO CRASH,,,,"OVER $1,500",08/03/2025 10:10:00 AM,IMPROPER TURNING/NO SIGNAL,IMPROPER OVERTAKING/PASSING,8418,W,BRYN MAWR AVE,1614,,,,,,,2,NO INDICATION OF INJURY,0,0,0,0,0,3,0,10,1,8,41.981221324,-87.8375790278,POINT (-87.837579027781 41.981221324004)
ae23a98be7de42e5d378a71f871dc2c0f58315f7aa131a7d542f44dd93726582f95d3b4e2c0c848036e2e065954149fc456becf86ce8179d7bcb8d86eb6e06ec,,08/03/2025 10:00:00 AM,15,NO CONTROLS,NO CONTROLS,CLEAR,DAYLIGHT,ANGLE,ALLEY,,STRAIGHT AND LEVEL,UNKNOWN,UNKNOWN,NOT ON SCENE (DESK REPORT),NO INJURY / DRIVE AWAY,,,,"OVER $1,500",08/03/2025 01:01:00 PM,FAILING TO YIELD RIGHT-OF-WAY,NOT APPLICABLE,6229,N,KEYSTONE AVE,1711,,,,,,,2,NO INDICATION OF INJURY,0,0,0,0,0,2,0,10,1,8,41.9945719856,-87.7299567966,POINT (-87.729956796563 41.994571985591)
6d639666718d67aaad4c77c254ff9e762f16aefb2c9a5ffbe1f22877b7ecf21e517d19b3d0d934640507d309654049d5f9a321ea50022bf84417ec08d22876b7,,08/03/2025 09:57:00 AM,30,TRAFFIC SIGNAL,FUNCTIONING PROPERLY,CLEAR,DAYLIGHT,ANGLE,NOT DIVIDED,,STRAIGHT AND LEVEL,DRY,NO DEFECTS,ON SCENE,INJURY AND / OR TOW DUE TO CRASH,Y,,,"OVER $1,500",08/03/2025 09:57:00 AM,FAILING TO YIELD RIGHT-OF-WAY,UNABLE TO DETERMINE,959,N,LAVERGNE AVE,1531,,,,,,,2,"REPORTED, NOT EVIDENT",3,0,0,0,3,3,0,9,1,8,41.8985879415,-87.7506425868,POINT (-87.750642586765 41.89858794152)
fe252d9ef11491623bfd2aa75b8b16b20b77e5e30e3513b41fa968e29a21974517b286668fdc140930b924f0a84ae2e016f93a9f7101667e4234aa1b8af81240,,08/03/2025 09:45:00 AM,30,NO CONTROLS,NO CONTROLS,CLEAR,DAYLIGHT,SIDESWIPE OPPOSITE DIRECTION,NOT DIVIDED,,STRAIGHT AND LEVEL,DRY,UNKNOWN,NOT ON SCENE (DESK REPORT),NO INJURY / DRIVE AWAY,,,Y,"OVER $1,500",08/03/2025 11:21:00 AM,UNABLE TO DETERMINE,UNABLE TO DETERMINE,8201,S,DAMEN AVE,614,,,,,,,2,NO INDICATION OF INJURY,0,0,0,0,0,2,0,9,1,8,41.7447381807,-87.6728561322,POINT (-87.672856132158 41.744738180668)
63cb3d97e0caadf76f9783859ef5ada9c98153cbb64d0de1fb965f644481d1c1ede689ef7b2f73aa73163bf5c51f7ce59b60b24926353a737c0055215eb56cab,,08/03/2025 09:30:00 AM,25,NO CONTROLS,NO CONTROLS,CLEAR,DAYLIGHT,PARKED MOTOR VEHICLE,NOT DIVIDED,,STRAIGHT AND LEVEL,DRY,NO DEFECTS,NOT ON SCENE (DESK REPORT),NO INJURY / DRIVE AWAY,,,Y,"OVER $1,500",08/03/2025 01:40:00 PM,UNABLE TO DETERMINE,NOT APPLICABLE,1110,W,105TH ST,2232,,,,,,,2,NO INDICATION OF INJURY,0,0,0,0,0,1,0,9,1,8,41.7033119241,-87.6504595454,POINT (-87.650459545441 41.703311924098)
df63d48cc6dd1f2d4ec88f9ed4437253c6f4de1e8ca52580afa212bd79debbebb3c8697c0ba24db9085f9ad6104f7a9e77a8b2c4a5a53939aa805749087d6f42,,08/03/2025 09:30:00 AM,30,NO CONTROLS,NO CONTROLS,CLEAR,DAYLIGHT,SIDESWIPE SAME DIRECTION,DIVIDED - W/MEDIAN (NOT RAISED),,STRAIGHT AND LEVEL,DRY,NO DEFECTS,ON SCENE,INJURY AND / OR TOW DUE TO CRASH,,,,"OVER $1,500",08/03/2025 09:32:00 AM,UNABLE TO DETERMINE,NOT APPLICABLE,4715,S,PULASKI RD,821,,,,,,,2,NO INDICATION OF INJURY,0,0,0,0,0,2,0,9,1,8,41.8073929688,-87.7234245981,POINT (-87.723424598126 41.807392968771)
84ade7244a08ab8d386a5129c4d53d33e8bf46f31c296bdb7c1c95b820f32ba716acbad9b8c7b307dd709c7f68fb48273256e3f1e4ddb52e130e19641cc8b687,,08/03/2025 09:19:00 AM,30,STOP SIGN/FLASHER,NO CONTROLS,CLEAR,DAYLIGHT,ANGLE,FOUR WAY,,STRAIGHT AND LEVEL,DRY,NO DEFECTS,ON SCENE,NO INJURY / DRIVE AWAY,,,,"OVER $1,500",08/03/2025 09:30:00 AM,UNABLE TO DETERMINE,NOT APPLICABLE,5200,W,WABANSIA AVE,2532,,,,,,,2,NO INDICATION OF INJURY,0,0,0,0,0,4,0,9,1,8,41.9114458279,-87.7557918235,POINT (-87.755791823523 41.911445827934)
e3cb28700f5814cef12cc577ed3ffb22ad76d12d4220e8a65d1e088e93031861a31d4932758a9647bac62ffb3b94c9ae021d76032ff0fec1fbe226525342a82f,,08/03/2025 09:15:00 AM,30,NO CONTROLS,NO CONTROLS,CLEAR,DAYLIGHT,PARKED MOTOR VEHICLE,NOT DIVIDED,,STRAIGHT AND LEVEL,DRY,UNKNOWN,NOT ON SCENE (DESK REPORT),NO INJURY / DRIVE AWAY,,,Y,"OVER $1,500",08/03/2025 11:40:00 AM,FOLLOWING TOO CLOSELY,UNABLE TO DETERMINE,63,E,RANDOLPH ST,111,,,,,,,2,NO INDICATION OF INJURY,0,0,0,0,0,1,0,9,1,8,41.8843889035,-87.6256015793,POINT (-87.625601579315 41.884388903541)
1df356d45e2816322254f2b9cb0c6d56b53b24cf6d63661443daa04d5cd7ecbea9200436c3bb8302f1f20a7479a8b8776975a88942ca8115a2a26c245a68f238,,08/03/2025 09:00:00 AM,25,NO CONTROLS,NO CONTROLS,CLEAR,DAYLIGHT,PARKED MOTOR VEHICLE,ONE-WAY,,STRAIGHT AND LEVEL,DRY,NO DEFECTS,ON SCENE,NO INJURY / DRIVE AWAY,,,Y,"OVER $1,500",08/03/2025 10:27:00 AM,UNABLE TO DETERMINE,UNABLE TO DETERMINE,745,N,LEAMINGTON AVE,1531,,,,,,,3,NO INDICATION OF INJURY,0,0,0,0,0,1,0,9,1,8,41.8943497009,-87.7542081502,POINT (-87.754208150197 41.894349700854)
635b187e01b0f72794f4111c2d3a352b4dead3318d6ae9d283e5f7299dcac60438a741e393f07455a090c5a68f5556342f537fcb5403103a4d3431c73799620e,,08/03/2025 09:00:00 AM,30,TRAFFIC SIGNAL,FUNCTIONING PROPERLY,CLEAR,DAYLIGHT,ANGLE,NOT DIVIDED,,STRAIGHT AND LEVEL,DRY,NO DEFECTS,NOT ON SCENE (DESK REPORT),NO INJURY / DRIVE AWAY,Y,,Y,"OVER $1,500",08/03/2025 11:30:00 AM,DISREGARDING TRAFFIC SIGNALS,UNABLE TO DETERMINE,3000,W,BELMONT AVE,1733,,,,,,,2,NO INDICATION OF INJURY,0,0,0,0,0,2,0,9,1,8,41.9394728719,-87.7027870926,POINT (-87.702787092638 41.939472871943)
41e1756039570da526eca5d435579df8a79fc09ae6b163c67eb0575b6899168d1b80d0c67d7bbf5a66d421be87dcd36dc11d6aa22e7a2c63838ad94b583b0be4,,08/03/2025 08:57:00 AM,30,TRAFFIC SIGNAL,FUNCTIONING PROPERLY,CLEAR,DAYLIGHT,ANGLE,FOUR WAY,,STRAIGHT AND LEVEL,DRY,NO DEFECTS,ON SCENE,INJURY AND / OR TOW DUE TO CRASH,Y,N,Y,"OVER $1,500",08/03/2025 09:05:00 AM,DISREGARDING OTHER TRAFFIC SIGNS,NOT APPLICABLE,3200,N,SACRAMENTO AVE,1733,,Y,,,,,2,NO INDICATION OF INJURY,0,0,0,0,0,2,0,8,1,8,41.9394459656,-87.7028745381,POINT (-87.702874538119 41.939445965615)