CRASH_RECORD_ID,CRASH_DATE_EST_I,CRASH_DATE,POSTED_SPEED_LIMIT,TRAFFIC_CONTROL_DEVICE,DEVICE_CONDITION,WEATHER_CONDITION,LIGHTING_CONDITION,FIRST_CRASH_TYPE,TRAFFICWAY_TYPE,LANE_CNT,ALIGNMENT,ROADWAY_SURFACE_COND,ROAD_DEFECT,REPORT_TYPE,CRASH_TYPE,INTERSECTION_RELATED_I,NOT_RIGHT_OF_WAY_I,HIT_AND_RUN_I,DAMAGE,DATE_POLICE_NOTIFIED,PRIM_CONTRIBUTORY_CAUSE,SEC_CONTRIBUTORY_CAUSE,STREET_NO,STREET_DIRECTION,STREET_NAME,BEAT_OF_OCCURRENCE,PHOTOS_TAKEN_I,STATEMENTS_TAKEN_I,DOORING_I,WORK_ZONE_I,WORK_ZONE_TYPE,WORKERS_PRESENT_I,NUM_UNITS,MOST_SEVERE_INJURY,INJURIES_TOTAL,INJURIES_FATAL,INJURIES_INCAPACITATING,INJURIES_NON_INCAPACITATING,INJURIES_REPORTED_NOT_EVIDENT,INJURIES_NO_INDICATION,INJURIES_UNKNOWN,CRASH_HOUR,CRASH_DAY_OF_WEEK,CRASH_MONTH,LATITUDE,LONGITUDE,LOCATION
7e5bca5a8018117f9233348181fcc9b45190c0b4f17cb6418ba522958bbaf24917ee3128104c48f1b55ccec5bae1e2ad266e981a290494b350e13dfcb22684b2,Y,08/03/2025 08:50:00 AM,30,NO CONTROLS,NO CONTROLS,CLEAR,DAYLIGHT,PARKED MOTOR VEHICLE,NOT DIVIDED,,STRAIGHT AND LEVEL,DRY,NO DEFECTS,NOT ON SCENE (DESK REPORT),NO INJURY / DRIVE AWAY,,,Y,"$501 - $1,500",08/06/2025 01:10:00 PM,UNABLE TO DETERMINE,NOT APPLICABLE,1505,W,WINNEMAC AVE,2032,,,,,,,2,NO INDICATION OF INJURY,0,0,0,0,0,1,0,8,1,8,41.9733233988,-87.6683479396,POINT (-87.66834793959 41.973323398772)
b3862e6fe9aa7233939c279f0cdb5eed39592fdf11213c374787059137d641fa0be41ee216183f667054ad29195ccf112ab35f76c5c62999397b08104fea1060,,08/03/2025 08:28:00 AM,30,NO CONTROLS,NO CONTROLS,CLEAR,DAYLIGHT,TURNING,NOT DIVIDED,,STRAIGHT AND LEVEL,DRY,NO DEFECTS,ON SCENE,INJURY AND / OR TOW DUE TO CRASH,,,,"OVER $1,500",08/03/2025 08:37:00 AM,FAILING TO YIELD RIGHT-OF-WAY,UNABLE TO DETERMINE,5912,W,63RD ST,812,,,,,,,2,NO INDICATION OF INJURY,0,0,0,0,0,2,0,8,1,8,41.7780062463,-87.7696646752,POINT (-87.769664675228 41.778006246275)
c65674249b543218b7fb61c80e91002c061375fd421aacadb6797a051ddd44e5b8b74580464058542f73caf3e7e1eb9cffdcc7aaa84a7cb2b6a09bfd8b7949da,,08/03/2025 08:28:00 AM,30,NO CONTROLS,NO CONTROLS,CLEAR,DAYLIGHT,TURNING,NOT DIVIDED,,STRAIGHT AND LEVEL,DRY,NO DEFECTS,ON SCENE,NO INJURY / DRIVE AWAY,,,Y,"OVER $1,500",08/03/2025 08:30:00 AM,IMPROPER TURNING/NO SIGNAL,IMPROPER TURNING/NO SIGNAL,3555,S,COTTAGE GROVE AVE,212,,,,,,,3,NO INDICATION OF INJURY,0,0,0,0,0,2,0,8,1,8,41.8297361918,-87.6097072907,POINT (-87.609707290688 41.829736191811)
5dbda3a1359919d668518f3c378a666fda57e831ff9a77ad1d9f6dd36ac081847bc37e1227404ab6d6a01d771c1f1269e35e3343185ee690e17b6fce2d65d08f,,08/03/2025 08:10:00 AM,20,OTHER,FUNCTIONING PROPERLY,CLEAR,DAYLIGHT,PARKED MOTOR VEHICLE,ONE-WAY,,STRAIGHT AND LEVEL,DRY,NO DEFECTS,ON SCENE,INJURY AND / OR TOW DUE TO CRASH,,,,"OVER $1,500",08/03/2025 08:13:00 AM,DRIVING ON WRONG SIDE/WRONG WAY,DRIVING SKILLS/KNOWLEDGE/EXPERIENCE,5215,W,BARRY AVE,2514,,,,,,,3,NO INDICATION OF INJURY,0,0,0,0,0,1,0,8,1,8,41.9367573851,-87.7572732695,POINT (-87.757273269485 41.936757385063)
cccd5ef95418c6296a40f07112fb8750c16fb7b10a1c39f5053a2c4b0ed65dafd66b623578a6859313a6a8e1f042666d28f006288f5d72c1c039cc2d47be2ac1,,08/03/2025 08:08:00 AM,30,NO CONTROLS,NO CONTROLS,CLEAR,DAYLIGHT,SIDESWIPE SAME DIRECTION,NOT DIVIDED,,STRAIGHT AND LEVEL,UNKNOWN,UNKNOWN,NOT ON SCENE (DESK REPORT),NO INJURY / DRIVE AWAY,,,Y,"OVER $1,500",08/03/2025 12:01:00 PM,UNABLE TO DETERMINE,FAILING TO REDUCE SPEED TO AVOID CRASH,4200,W,DIVISION ST,2534,,,,,,,3,NO INDICATION OF INJURY,0,0,0,0,0,3,0,8,1,8,41.9026986955,-87.7313510556,POINT (-87.731351055621 41.902698695504)
2f0bd6e6bcb40f9e226197a7818245df498c0681c32c6ec5fd36a6aef135217a5ce3b33af7d0bc5ac92e2e8d56a80a1fdbe683fac02da9fe28157e8b67e6f360,,08/03/2025 08:00:00 AM,30,TRAFFIC SIGNAL,FUNCTIONING PROPERLY,CLEAR,DAYLIGHT,REAR END,NOT DIVIDED,,STRAIGHT AND LEVEL,DRY,NO DEFECTS,NOT ON SCENE (DESK REPORT),NO INJURY / DRIVE AWAY,,,,"$501 - $1,500",08/03/2025 09:00:00 AM,FAILING TO REDUCE SPEED TO AVOID CRASH,NOT APPLICABLE,3958,W,GRAND AVE,2535,,,,,,,2,NO INDICATION OF INJURY,0,0,0,0,0,2,0,8,1,8,41.9061011278,-87.7259603741,POINT (-87.725960374107 41.906101127774)
a45413085587d39b1f78e0a90041621c8b74718d8189d62879b1bc652107a668c6df673ced709a3c4ab5596a56cddc6069bd6f5792e229e1b17a1bf1cc93fd40,Y,08/03/2025 08:00:00 AM,30,NO CONTROLS,NO CONTROLS,CLEAR,DAYLIGHT,PARKED MOTOR VEHICLE,DIVIDED - W/MEDIAN (NOT RAISED),,STRAIGHT AND LEVEL,DRY,NO DEFECTS,ON SCENE,NO INJURY / DRIVE AWAY,,,Y,"OVER $1,500",08/03/2025 08:48:00 AM,UNABLE TO DETERMINE,NOT APPLICABLE,2443,S,WESTERN AVE,1034,,,,,,,2,NO INDICATION OF INJURY,0,0,0,0,0,1,0,8,1,8,41.847134137,-87.6853569912,POINT (-87.685356991167 41.847134136977)
07d43ee49440397e113108e4a65c98d8ede72ea4e9f42e14a7bbb7c0f3e78f8a3ee4295d5d411873412d9b60d319b0fe5476b46267220eef547eedf527b1ebb4,,08/03/2025 07:38:00 AM,30,NO CONTROLS,NO CONTROLS,CLEAR,DAYLIGHT,TURNING,DIVIDED - W/MEDIAN (NOT RAISED),,STRAIGHT AND LEVEL,DRY,NO DEFECTS,ON SCENE,NO INJURY / DRIVE AWAY,,,,"OVER $1,500",08/03/2025 08:03:00 AM,IMPROPER TURNING/NO SIGNAL,NOT APPLICABLE,3850,W,NORTH AVE,2535,,,,,,,2,NO INDICATION OF INJURY,0,0,0,0,0,2,0,7,1,8,41.9100281927,-87.7235137036,POINT (-87.723513703642 41.910028192695)
9618802d3090a6ed4f27fb1dea6cfbbc90156f1cd897bfa2e4304342e58bcd596a74698d8bb4f0d1c9dc940de18b02271cb4d5e7a99edcb644d5057a3f5a5029,,08/03/2025 07:30:00 AM,30,NO CONTROLS,NO CONTROLS,CLEAR,DAYLIGHT,PARKED MOTOR VEHICLE,NOT DIVIDED,,STRAIGHT AND LEVEL,DRY,NO DEFECTS,NOT ON SCENE (DESK REPORT),NO INJURY / DRIVE AWAY,,,Y,$500 OR LESS,08/03/2025 05:30:00 PM,UNABLE TO DETERMINE,UNABLE TO DETERMINE,11927,S,WENTWORTH AVE,522,,,,,,,2,NO INDICATION OF INJURY,0,0,0,0,0,1,0,7,1,8,41.6771478185,-87.6272963872,POINT (-87.627296387165 41.677147818479)
f6d45ce216ca279baa9464db8cdfb4d60e7150be2f0d60153a0ca535f12d5a21adf56483171631ce0d584b8b8bf4fd2e57725989708144239c5017f141dc7aa3,,08/03/2025 07:26:00 AM,30,TRAFFIC SIGNAL,FUNCTIONING PROPERLY,CLEAR,DAYLIGHT,ANGLE,DIVIDED - W/MEDIAN (NOT RAISED),,STRAIGHT AND LEVEL,DRY,NO DEFECTS,ON SCENE,INJURY AND / OR TOW DUE TO CRASH,,,,"OVER $1,500",08/03/2025 07:37:00 AM,IMPROPER LANE USAGE,DRIVING SKILLS/KNOWLEDGE/EXPERIENCE,1202,S,MICHIGAN AVE,131,,Y,,,,,2,NO INDICATION OF INJURY,0,0,0,0,0,2,0,7,1,8,41.867325937,-87.624285988,POINT (-87.624285988035 41.867325936978)
616ac51195dfa675538cb17b1bbbbb46f2cca7bae60d2e29a9cc6954b9eb9845d8c60bf5c7bb88ceefb8c2cee7d942f874ceba48332841f41d84dfc1cbf0bbd8,,08/03/2025 07:19:00 AM,35,STOP SIGN/FLASHER,FUNCTIONING PROPERLY,CLEAR,DAYLIGHT,REAR END,NOT DIVIDED,,STRAIGHT AND LEVEL,DRY,UNKNOWN,ON SCENE,NO INJURY / DRIVE AWAY,,,Y,$500 OR LESS,08/03/2025 07:40:00 AM,UNABLE TO DETERMINE,NOT APPLICABLE,5100,S,WESTERN AVE,923,,,,,,,2,NO INDICATION OF INJURY,0,0,0,0,0,3,0,7,1,8,41.8010528356,-87.6843676488,POINT (-87.684367648824 41.801052835623)
cf7277c33ff0ba5ef1c93b2283d1961c83de3f31d38a1af6ba49756998ca26a0def1c734599546487f8e5acc2bae216153c588c102b269579f27e0c4d9ff885f,,08/03/2025 07:19:00 AM,30,NO CONTROLS,NO CONTROLS,CLEAR,DAYLIGHT,FIXED OBJECT,NOT DIVIDED,,STRAIGHT AND LEVEL,DRY,NO DEFECTS,ON SCENE,INJURY AND / OR TOW DUE TO CRASH,,,Y,"OVER $1,500",08/03/2025 07:59:00 AM,UNABLE TO DETERMINE,UNABLE TO DETERMINE,1401,S,WESTERN AVE,1233,,,,,,,1,NO INDICATION OF INJURY,0,0,0,0,0,1,0,7,1,8,41.8629454726,-87.6857878277,POINT (-87.685787827667 41.862945472634)
03f503801b69ce2f36951363bed3c553f3930672ddfac1274bac4e6ca126e32701985629d0a956299ba0010e625c9ade70d35237fe5fccf28fe6cf7765206b2b,,08/03/2025 07:00:00 AM,30,UNKNOWN,UNKNOWN,CLEAR,DAYLIGHT,PARKED MOTOR VEHICLE,NOT DIVIDED,,STRAIGHT AND LEVEL,UNKNOWN,UNKNOWN,NOT ON SCENE (DESK REPORT),NO INJURY / DRIVE AWAY,,,Y,"OVER $1,500",08/06/2025 05:30:00 PM,UNABLE TO DETERMINE,UNABLE TO DETERMINE,1543,N,KINGSBURY ST,1822,,,,,,,2,NO INDICATION OF INJURY,0,0,0,0,0,1,0,7,1,8,41.9093540945,-87.6526699586,POINT (-87.652669958631 41.90935409449)
658541783d000c965c5e99b423a9e7bf6d38ca7ada65b9caf6f84a4c7eeb31851c5d529b6dd39666c4b92b15ed53439aa772a077dbc4f7f41fcf9cc16945e705,,08/03/2025 06:43:00 AM,30,TRAFFIC SIGNAL,FUNCTIONING PROPERLY,CLEAR,DAYLIGHT,PEDALCYCLIST,DIVIDED - W/MEDIAN (NOT RAISED),,STRAIGHT AND LEVEL,DRY,NO DEFECTS,ON SCENE,INJURY AND / OR TOW DUE TO CRASH,,,Y,"$501 - $1,500",08/03/2025 06:44:00 AM,DISREGARDING OTHER TRAFFIC SIGNS,UNABLE TO DETERMINE,4000,W,MARQUETTE RD,833,,,,,,,2,NONINCAPACITATING INJURY,1,0,0,1,0,1,0,6,1,8,41.7714827844,-87.7226398352,POINT (-87.722639835183 41.771482784393)
674632e71886d0d0b932ba37f2ff478fa24b19801ea6999226b45dfc0e7ebae0dae5f54e980eceb9ce76e97111eb1a29a8ad12157aedc48c47459e427ccee482,,08/03/2025 06:40:00 AM,30,NO CONTROLS,NO CONTROLS,CLEAR,DAWN,PARKED MOTOR VEHICLE,NOT DIVIDED,,STRAIGHT AND LEVEL,DRY,NO DEFECTS,ON SCENE,NO INJURY / DRIVE AWAY,,,Y,"OVER $1,500",08/03/2025 06:42:00 AM,UNABLE TO DETERMINE,UNABLE TO DETERMINE,5906,S,DR MARTIN LUTHER KING JR DR,232,,,,,,,3,NO INDICATION OF INJURY,0,0,0,0,0,1,0,6,1,8,41.7872595519,-87.6159419174,POINT (-87.615941917417 41.787259551866)
1f313fafab3a118768955183febf28c20d0e943a1255448c3c323201639355fe63849cad4fc737123c675f5c71fb1f77e472a77415dacd66c7ad896b1ba623a4,,08/03/2025 06:30:00 AM,30,NO CONTROLS,NO CONTROLS,CLEAR,DAYLIGHT,PARKED MOTOR VEHICLE,DIVIDED - W/MEDIAN (NOT RAISED),,STRAIGHT AND LEVEL,DRY,NO DEFECTS,ON SCENE,INJURY AND / OR TOW DUE TO CRASH,,,,"OVER $1,500",08/03/2025 06:38:00 AM,UNABLE TO DETERMINE,UNABLE TO DETERMINE,3741,W,47TH ST,821,,,,,,,2,NO INDICATION OF INJURY,0,0,0,0,0,1,0,6,1,8,41.8078343539,-87.7178521045,POINT (-87.71785210453 41.807834353892)
3226aac4e50a9e35da99ac4eb8b7a84b4bdc7d6fc78c8a3ada065d7724ea3ef084d47b9b93d83fab495bf9252d6ff5e658e11f33b3a85b0fc19a23654b74e317,,08/03/2025 06:30:00 AM,30,NO CONTROLS,NO CONTROLS,CLEAR,DAYLIGHT,SIDESWIPE SAME DIRECTION,ONE-WAY,,STRAIGHT AND LEVEL,DRY,NO DEFECTS,NOT ON SCENE (DESK REPORT),NO INJURY / DRIVE AWAY,,,Y,"$501 - $1,500",08/03/2025 07:30:00 AM,UNABLE TO DETERMINE,UNABLE TO DETERMINE,2,W,TERMINAL ST,1652,,,,,,,2,NO INDICATION OF INJURY,0,0,0,0,0,2,0,6,1,8,,,
986f9928f144fd6f0405df5e9fb56e1b7653db4aed0188ecbd95d1b4df5dbf663028c012fcc63c54395382c26696d60a90d2252581f62a509842bfbe8457685e,,08/03/2025 06:22:00 AM,30,TRAFFIC SIGNAL,FUNCTIONING PROPERLY,CLEAR,DAYLIGHT,REAR END,DIVIDED - W/MEDIAN (NOT RAISED),,STRAIGHT AND LEVEL,DRY,NO DEFECTS,NOT ON SCENE (DESK REPORT),NO INJURY / DRIVE AWAY,,,,"OVER $1,500",08/12/2025 07:00:00 AM,UNABLE TO DETERMINE,UNABLE TO DETERMINE,4430,N,WESTERN AVE,1911,,,,,,,2,NO INDICATION OF INJURY,0,0,0,0,0,4,0,6,1,8,41.9622517321,-87.688856729,POINT (-87.688856729011 41.962251732118)
956de236b558ef831ee8ad769b6037d87c3947744c140ee981bf5453acdf11abbb78cc2671bea46ad200489f4fbbaba09177374fd14886f8c525c9272f84e77f,,08/03/2025 06:20:00 AM,25,STOP SIGN/FLASHER,FUNCTIONING PROPERLY,CLEAR,DAYLIGHT,PARKED MOTOR VEHICLE,ONE-WAY,,STRAIGHT AND LEVEL,DRY,NO DEFECTS,ON SCENE,INJURY AND / OR TOW DUE TO CRASH,Y,,Y,"OVER $1,500",08/03/2025 07:59:00 AM,UNABLE TO DETERMINE,UNABLE TO DETERMINE,1503,S,SPRINGFIELD AVE,1014,,,,,,,4,NO INDICATION OF INJURY,0,0,0,0,0,1,0,6,1,8,41.8605749365,-87.7224246724,POINT (-87.722424672449 41.860574936485)
4b617e090fa8762e315cf09f234f50cf9bdcc0c6358eda6fc2325f5de16ade2eb48bbb42576a6af782fa4230540c3b2e7ec4e8cf8c9febf2ec942fefb5c124cb,,08/03/2025 06:00:00 AM,20,STOP SIGN/FLASHER,FUNCTIONING PROPERLY,CLEAR,DAWN,ANGLE,FOUR WAY,,STRAIGHT AND LEVEL,UNKNOWN,UNKNOWN,NOT ON SCENE (DESK REPORT),INJURY AND / OR TOW DUE TO CRASH,Y,,Y,"OVER $1,500",08/03/2025 07:00:00 AM,FAILING TO YIELD RIGHT-OF-WAY,NOT APPLICABLE,1100,S,SACRAMENTO BLVD,1134,,,,,,,2,NO INDICATION OF INJURY,0,0,0,0,0,2,0,6,1,8,41.868184239,-87.7009841415,POINT (-87.700984141539 41.868184239007)
981bd10dc86fb62faf471941365c94abb5b630d39b5d2cf8c2cdd74fc72b09e94216a15123799e66619aefee1c56f3a9f9c69be15b070c3e600b7138eb026363,,08/03/2025 06:00:00 AM,30,NO CONTROLS,NO CONTROLS,CLEAR,DAWN,TURNING,PARKING LOT,,STRAIGHT AND LEVEL,DRY,NO DEFECTS,NOT ON SCENE (DESK REPORT),NO INJURY / DRIVE AWAY,,,Y,"OVER $1,500",08/09/2025 09:15:00 PM,UNABLE TO DETERMINE,NOT APPLICABLE,3910,S,COTTAGE GROVE AVE,214,,,,,,,2,NO INDICATION OF INJURY,0,0,0,0,0,2,0,6,1,8,41.8235919818,-87.6070108192,POINT (-87.607010819206 41.823591981817)
80b61ba5d7d027827ab96d2ec62809bdf719f75a12623d19b7c4f92cfcf40b2e1f2462a01f05516101e5ca8771aad112a3c879eaa448552096cf5a8030833604,,08/03/2025 05:35:00 AM,30,NO CONTROLS,NO CONTROLS,CLEAR,DAYLIGHT,FIXED OBJECT,OTHER,,STRAIGHT AND LEVEL,DRY,NO DEFECTS,ON SCENE,INJURY AND / OR TOW DUE TO CRASH,,,,"OVER $1,500",08/03/2025 05:55:00 AM,UNABLE TO DETERMINE,NOT APPLICABLE,6410,S,STEWART AVE,722,,,,,,,1,NO INDICATION OF INJURY,0,0,0,0,0,1,0,5,1,8,41.7777290634,-87.6351361669,POINT (-87.635136166874 41.777729063448)
c01a81ee575b25df2bc80311c1ea061d23646d52d43729accb667a7dd0bce34dc5e3380f8fd7bf158bd3596cb605e09f7f7074ae2649b2b9251548fcc71b6419,,08/03/2025 05:30:00 AM,30,TRAFFIC SIGNAL,FUNCTIONING PROPERLY,CLEAR,UNKNOWN,ANGLE,FOUR WAY,,STRAIGHT AND LEVEL,DRY,NO DEFECTS,NOT ON SCENE (DESK REPORT),INJURY AND / OR TOW DUE TO CRASH,Y,,,"OVER $1,500",08/03/2025 05:39:00 AM,UNABLE TO DETERMINE,UNABLE TO DETERMINE,7500,S,YATES BLVD,414,,,,,,,2,NONINCAPACITATING INJURY,1,0,0,1,0,1,0,5,1,8,41.7588946702,-87.5665178399,POINT (-87.566517839923 41.758894670165)
e29e549883ef4938caacf0266969628930ae796d2f7ce9a68fb68c19b0e6161262a31771a9ab4a7a4aaae5e256eab6401af3efb6e45c6949e1e763226d4c6225,,08/03/2025 05:30:00 AM,30,NO CONTROLS,NO CONTROLS,CLEAR,DAWN,SIDESWIPE OPPOSITE DIRECTION,NOT DIVIDED,,STRAIGHT AND LEVEL,DRY,UNKNOWN,ON SCENE,INJURY AND / OR TOW DUE TO CRASH,,,,"OVER $1,500",08/03/2025 05:30:00 AM,IMPROPER LANE USAGE,NOT APPLICABLE,3656,W,HURON ST,1112,,,,,,,2,NO INDICATION OF INJURY,0,0,0,0,0,2,0,5,1,8,41.8937119081,-87.7185549396,POINT (-87.718554939628 41.893711908133)
30a0ecaec43b4525b6a8b99c781e64522a4dc75dd9da36414ff8d6e017665412e62607ef22dd6fe09a70ad2fe50a6aa4f621c38ed480c28fcac91f5da4058e8c,,08/03/2025 05:15:00 AM,30,TRAFFIC SIGNAL,FUNCTIONING PROPERLY,CLEAR,DAWN,ANGLE,NOT DIVIDED,,STRAIGHT AND LEVEL,DRY,NO DEFECTS,ON SCENE,INJURY AND / OR TOW DUE TO CRASH,,,Y,"OVER $1,500",08/03/2025 05:20:00 AM,DISREGARDING TRAFFIC SIGNALS,NOT APPLICABLE,6700,S,WESTERN AVE,832,,,,,,,2,NONINCAPACITATING INJURY,1,0,0,1,0,3,0,5,1,8,41.7718840277,-87.6835884021,POINT (-87.683588402063 41.771884027712)
623ad393b00296aedc536ef4f66f45ce76960c7391b4393a17b553d06d1d168e206173a6a24eee42ae25722a9c8c55da261927e729132dba03db3ac322e284c6,,08/03/2025 05:00:00 AM,30,TRAFFIC SIGNAL,FUNCTIONING PROPERLY,OTHER,DUSK,ANGLE,NOT DIVIDED,,STRAIGHT AND LEVEL,DRY,OTHER,NOT ON SCENE (DESK REPORT),NO INJURY / DRIVE AWAY,,,,"OVER $1,500",08/03/2025 05:27:00 AM,UNABLE TO DETERMINE,UNABLE TO DETERMINE,1749,W,87TH ST,2221,,Y,,,,,2,NO INDICATION OF INJURY,0,0,0,0,0,4,0,5,1,8,41.735620946,-87.6674710462,POINT (-87.667471046212 41.735620945965)
f6e376e30b685f695f0c5e4d51782793ff4a55943505630b0502704a12b9a3c68d09b511f980bfcd1afc931e31ba5bc25cbbfd0623e1d112a564869a62402e91,,08/03/2025 04:49:00 AM,15,NO CONTROLS,NO CONTROLS,UNKNOWN,UNKNOWN,PARKED MOTOR VEHICLE,ONE-WAY,,STRAIGHT AND LEVEL,UNKNOWN,NO DEFECTS,ON SCENE,INJURY AND / OR TOW DUE TO CRASH,,,Y,"OVER $1,500",08/03/2025 07:37:00 AM,UNABLE TO DETERMINE,UNABLE TO DETERMINE,7550,S,MARSHFIELD AVE,611,,,,,,,2,NO INDICATION OF INJURY,0,0,0,0,0,1,0,4,1,8,41.7560932968,-87.6649446894,POINT (-87.664944689413 41.756093296759)
4d6551e50136e28311659b2e1aaa4746558046a2589a9bd1e1c88c17b5227cabbfddd4db26740c2fbc672afd51c10e9fd3686fde2de80893013dadc6eb415cca,,08/03/2025 04:42:00 AM,30,NO CONTROLS,NO CONTROLS,CLEAR,"DARKNESS, LIGHTED ROAD",PARKED MOTOR VEHICLE,ONE-WAY,,STRAIGHT AND LEVEL,DRY,NO DEFECTS,NOT ON SCENE (DESK REPORT),INJURY AND / OR TOW DUE TO CRASH,,,,"OVER $1,500",08/03/2025 04:42:00 AM,UNABLE TO DETERMINE,NOT APPLICABLE,5231,S,CAMPBELL AVE,923,,,,,,,4,NO INDICATION OF INJURY,0,0,0,0,0,1,0,4,1,8,41.7983510358,-87.6864585426,POINT (-87.686458542559 41.798351035838)
4f668f0416cd5c01bab1fb695517919337825fcde4abfd4797d64a35f0a9280ce32451628f1c1d8fbdd70f65f0968a6a4f590ddb680e7c86f5eefdcc42bb4065,,08/03/2025 04:30:00 AM,30,NO CONTROLS,NO CONTROLS,CLEAR,"DARKNESS, LIGHTED ROAD",PARKED MOTOR VEHICLE,NOT DIVIDED,,STRAIGHT AND LEVEL,DRY,UNKNOWN,NOT ON SCENE (DESK REPORT),NO INJURY / DRIVE AWAY,,,,$500 OR LESS,08/03/2025 11:15:00 AM,UNABLE TO DETERMINE,UNABLE TO DETERMINE,1977,W,OGDEN AVE,1231,,,,,,,2,NO INDICATION OF INJURY,0,0,0,0,0,1,0,4,1,8,41.8730392273,-87.675887127,POINT (-87.675887127047 41.873039227283)
8d25bcdb3f0d918ff834ecf0ccce806853b94ecd1b1df023a56a872df177760974d5d950437a16bbe920fdaede186ce8ac696ed94a49627d66db80bc9bcdaf76,Y,08/03/2025 04:30:00 AM,30,STOP SIGN/FLASHER,FUNCTIONING PROPERLY,CLEAR,DARKNESS,PARKED MOTOR VEHICLE,ONE-WAY,,STRAIGHT AND LEVEL,DRY,NO DEFECTS,ON SCENE,NO INJURY / DRIVE AWAY,Y,,,"$501 - $1,500",08/03/2025 06:37:00 PM,UNABLE TO DETERMINE,UNABLE TO DETERMINE,2932,W,54TH ST,923,,,,,,,2,NO INDICATION OF INJURY,0,0,0,0,0,1,0,4,1,8,41.7955587978,-87.6975753179,POINT (-87.697575317933 41.795558797764)
9d43e6b52838b35b885deee663695785dcdc62bd99ef27694fac8d83bf8840879d7b51a1d79cdb95b6465aa780ab2b5346702a380c3f29aef6ed6b6cc7a9d0a3,,08/03/2025 04:30:00 AM,20,NO CONTROLS,NO CONTROLS,CLEAR,"DARKNESS, LIGHTED ROAD",PARKED MOTOR VEHICLE,ONE-WAY,,STRAIGHT AND LEVEL,DRY,NO DEFECTS,NOT ON SCENE (DESK REPORT),NO INJURY / DRIVE AWAY,,,,"OVER $1,500",08/07/2025 09:50:00 AM,UNABLE TO DETERMINE,UNABLE TO DETERMINE,5712,S,TRIPP AVE,813,,,,,,,2,NO INDICATION OF INJURY,0,0,0,0,0,2,0,4,1,8,41.7890820844,-87.7293138991,POINT (-87.72931389912 41.789082084365)
378395e6a2fed092ed57b82190a639e91044667a7b624de6eadf3dda658d36e204b9bf336e7439c008e2d9b38b89c66ea3875843db9efa526c732f2b616b3768,,08/03/2025 04:22:00 AM,30,TRAFFIC SIGNAL,FUNCTIONING PROPERLY,CLEAR,"DARKNESS, LIGHTED ROAD",ANGLE,NOT DIVIDED,,STRAIGHT AND LEVEL,UNKNOWN,UNKNOWN,ON SCENE,INJURY AND / OR TOW DUE TO CRASH,Y,,,"OVER $1,500",08/03/2025 04:26:00 AM,DISREGARDING TRAFFIC SIGNALS,IMPROPER OVERTAKING/PASSING,1000,N,DEARBORN ST,1824,,,,,,,4,NO INDICATION OF INJURY,0,0,0,0,0,2,0,4,1,8,41.9006344839,-87.6300377446,POINT (-87.630037744621 41.900634483896)
2b4e94914ab6723ee5c21329eff4e16413fd169969ff5ca37a31f54268e4111104fb57422e661582f0ec240f99f376955d12360d12f60eba634706cb2d2fec6b,,08/03/2025 04:17:00 AM,30,STOP SIGN/FLASHER,FUNCTIONING PROPERLY,CLEAR,"DARKNESS, LIGHTED ROAD",ANGLE,FOUR WAY,,STRAIGHT AND LEVEL,DRY,UNKNOWN,ON SCENE,INJURY AND / OR TOW DUE TO CRASH,Y,,Y,"OVER $1,500",08/03/2025 05:20:00 AM,FAILING TO YIELD RIGHT-OF-WAY,NOT APPLICABLE,5328,W,AUGUSTA BLVD,1524,,,,,,,2,NO INDICATION OF INJURY,0,0,0,0,0,2,0,4,1,8,41.898664085,-87.7593691731,POINT (-87.759369173051 41.898664085026)
8b81bf66703c0ed4fcfaad839da75732d981b6096d9dbeec85c4df206759a9891b14f2ef18c9a3a18ed26293c249b88c0d45a499fe4fe49ee26f0c8110126340,,08/03/2025 04:15:00 AM,30,TRAFFIC SIGNAL,FUNCTIONING PROPERLY,CLEAR,"DARKNESS, LIGHTED ROAD",SIDESWIPE SAME DIRECTION,ONE-WAY,,STRAIGHT AND LEVEL,DRY,NO DEFECTS,NOT ON SCENE (DESK REPORT),NO INJURY / DRIVE AWAY,,,,"OVER $1,500",08/10/2025 09:05:00 AM,IMPROPER LANE USAGE,UNABLE TO DETERMINE,36,W,ILLINOIS ST,1831,,,,,,,2,NO INDICATION OF INJURY,0,0,0,0,0,5,0,4,1,8,41.8909446567,-87.629554048,POINT (-87.629554048003 41.890944656709)
301fb5921109fa3cebdc9c3994081f22070a161c7bae29492c93460585902d9ad955f574172596ad95c46d1058100984b9ca891f63eae5f138ab9300bc7bc8d3,Y,08/03/2025 04:08:00 AM,30,NO CONTROLS,NO CONTROLS,CLEAR,"DARKNESS, LIGHTED ROAD",PEDESTRIAN,DIVIDED - W/MEDIAN (NOT RAISED),,STRAIGHT AND LEVEL,DRY,NO DEFECTS,ON SCENE,INJURY AND / OR TOW DUE TO CRASH,,,Y,"$501 - $1,500",08/03/2025 04:08:00 AM,UNABLE TO DETERMINE,UNABLE TO DETERMINE,399,W,76TH ST,623,Y,,,,,,2,FATAL,1,1,0,0,0,1,0,4,1,8,41.7561457767,-87.6343547572,POINT (-87.634354757219 41.756145776651)