CRASH_RECORD_ID,CRASH_DATE_EST_I,CRASH_DATE,POSTED_SPEED_LIMIT,TRAFFIC_CONTROL_DEVICE,DEVICE_CONDITION,WEATHER_CONDITION,LIGHTING_CONDITION,FIRST_CRASH_TYPE,TRAFFICWAY_TYPE,LANE_CNT,ALIGNMENT,ROADWAY_SURFACE_COND,ROAD_DEFECT,REPORT_TYPE,CRASH_TYPE,INTERSECTION_RELATED_I,NOT_RIGHT_OF_WAY_I,HIT_AND_RUN_I,DAMAGE,DATE_POLICE_NOTIFIED,PRIM_CONTRIBUTORY_CAUSE,SEC_CONTRIBUTORY_CAUSE,STREET_NO,STREET_DIRECTION,STREET_NAME,BEAT_OF_OCCURRENCE,PHOTOS_TAKEN_I,STATEMENTS_TAKEN_I,DOORING_I,WORK_ZONE_I,WORK_ZONE_TYPE,WORKERS_PRESENT_I,NUM_UNITS,MOST_SEVERE_INJURY,INJURIES_TOTAL,INJURIES_FATAL,INJURIES_INCAPACITATING,INJURIES_NON_INCAPACITATING,INJURIES_REPORTED_NOT_EVIDENT,INJURIES_NO_INDICATION,INJURIES_UNKNOWN,CRASH_HOUR,CRASH_DAY_OF_WEEK,CRASH_MONTH,LATITUDE,LONGITUDE,LOCATION
95eea18e4723cd5329d37896a6615ecf19291d65144080164a7b34f78d9bfd7615210f83c4bf529c99a332e5703315e18e5bf27080cdede71940215add757b01,,08/03/2025 01:37:00 AM,30,TRAFFIC SIGNAL,UNKNOWN,CLEAR,"DARKNESS, LIGHTED ROAD",ANGLE,FOUR WAY,,STRAIGHT AND LEVEL,DRY,NO DEFECTS,,NO INJURY / DRIVE AWAY,,,,"OVER $1,500",08/03/2025 02:37:00 AM,FAILING TO YIELD RIGHT-OF-WAY,DISREGARDING OTHER TRAFFIC SIGNS,198,W,RANDOLPH ST,122,,,,,,,2,NO INDICATION OF INJURY,0,0,0,0,0,2,0,1,1,8,41.8845794727,-87.6338225215,POINT (-87.633822521504 41.884579472658)
6c53dc0fc8b5d8dd12f6149f33d57789f1b69d82ec0b58028109d985710be8f14df4df7fc078b83f6ed25479c7abbc8769d874532178122c5b0e5345332641db,,08/03/2025 01:30:00 AM,30,NO CONTROLS,NO CONTROLS,CLEAR,"DARKNESS, LIGHTED ROAD",PARKED MOTOR VEHICLE,NOT DIVIDED,,STRAIGHT AND LEVEL,DRY,NO DEFECTS,ON SCENE,INJURY AND / OR TOW DUE TO CRASH,,,Y,"OVER $1,500",08/03/2025 06:33:00 AM,UNABLE TO DETERMINE,UNABLE TO DETERMINE,1609,W,CHASE AVE,2423,,,,,,,3,NO INDICATION OF INJURY,0,0,0,0,0,1,0,1,1,8,42.0137235297,-87.6706427052,POINT (-87.670642705165 42.013723529747)
6c3e56ec13930dbe33386670332ba9ebe0a6b4b4aa282ba7cd4b663fb923fb2863bb2e705b65ca81b7b0e624a002dd743b6ac56e3756d8c84bc2de8fe808f33d,,08/03/2025 01:28:00 AM,10,NO CONTROLS,NO CONTROLS,CLEAR,UNKNOWN,PARKED MOTOR VEHICLE,PARKING LOT,,STRAIGHT AND LEVEL,UNKNOWN,UNKNOWN,NOT ON SCENE (DESK REPORT),NO INJURY / DRIVE AWAY,,Y,,"$501 - $1,500",08/03/2025 02:15:00 AM,NOT APPLICABLE,NOT APPLICABLE,3145,N,SHEFFIELD AVE,1933,,,,,,,2,NO INDICATION OF INJURY,0,0,0,0,0,1,0,1,1,8,41.9393986982,-87.6539413192,POINT (-87.653941319196 41.939398698165)
8352d905c52aee0700b9e7ed12c1c84a9cf234c3978b1ae9658f27710f1ce55f422ed847fe1072ad9b83c9e2385ec5a670fae5b2252aab9f8bf82aa8e2839ec4,,08/03/2025 01:21:00 AM,30,STOP SIGN/FLASHER,FUNCTIONING PROPERLY,CLEAR,"DARKNESS, LIGHTED ROAD",ANGLE,FOUR WAY,,STRAIGHT AND LEVEL,DRY,NO DEFECTS,ON SCENE,INJURY AND / OR TOW DUE TO CRASH,Y,,,"OVER $1,500",08/03/2025 01:23:00 AM,DISREGARDING STOP SIGN,FAILING TO REDUCE SPEED TO AVOID CRASH,3301,N,LARAMIE AVE,1634,,,,,,,3,INCAPACITATING INJURY,3,0,2,1,0,1,0,1,1,8,41.9405738947,-87.7566059072,POINT (-87.756605907209 41.940573894691)
04780d814de19a356d6cff3e8269f111c7993309c27b7d21718ac77ffa076872e78c67f3a1cd1b7737fa4348b13914695e4132f7382bfa154ef24b11aabb3bf1,,08/03/2025 01:00:00 AM,30,NO CONTROLS,NO CONTROLS,CLEAR,DARKNESS,SIDESWIPE SAME DIRECTION,DIVIDED - W/MEDIAN (NOT RAISED),,STRAIGHT AND LEVEL,DRY,NO DEFECTS,NOT ON SCENE (DESK REPORT),NO INJURY / DRIVE AWAY,,,Y,"OVER $1,500",08/03/2025 01:10:00 PM,UNABLE TO DETERMINE,UNABLE TO DETERMINE,3200,W,MONROE ST,1124,,,,,,,2,NO INDICATION OF INJURY,0,0,0,0,0,3,0,1,1,8,41.8797518877,-87.7072806814,POINT (-87.707280681373 41.87975188768)
38296d499afa7d7b3513fb436860081a513bc078516c06243cab72716782320ea5ffc2be48b60c50db018292678277b52f2c8bf1b6f4d68a19aa0582ff8c3cd5,,08/03/2025 01:00:00 AM,30,TRAFFIC SIGNAL,FUNCTIONING PROPERLY,CLEAR,"DARKNESS, LIGHTED ROAD",REAR END,FOUR WAY,,STRAIGHT AND LEVEL,DRY,UNKNOWN,NOT ON SCENE (DESK REPORT),NO INJURY / DRIVE AWAY,Y,,Y,"$501 - $1,500",08/03/2025 09:40:00 PM,FOLLOWING TOO CLOSELY,FOLLOWING TOO CLOSELY,334,W,ONTARIO ST,1831,,,,,,,2,NO INDICATION OF INJURY,0,0,0,0,0,2,0,1,1,8,41.8932567111,-87.6370077971,POINT (-87.637007797127 41.893256711085)
4db0b621660532caa753f2b8c32a93b24d38db3f77eaa04155088478c2d151796ea2d6d2c97516f92a70f69caf41ae93b0a41969dae788a7e35ea82f6b700838,,08/03/2025 01:00:00 AM,30,STOP SIGN/FLASHER,FUNCTIONING PROPERLY,CLEAR,"DARKNESS, LIGHTED ROAD",ANGLE,NOT DIVIDED,,STRAIGHT AND LEVEL,DRY,NO DEFECTS,ON SCENE,INJURY AND / OR TOW DUE TO CRASH,Y,,,"$501 - $1,500",08/03/2025 01:42:00 AM,EQUIPMENT - VEHICLE CONDITION,NOT APPLICABLE,671,W,LAKE ST,1224,,,,,,,2,INCAPACITATING INJURY,1,0,1,0,0,1,0,1,1,8,41.8855776894,-87.6456730072,POINT (-87.645673007173 41.885577689414)
a511909a96168e037b441ee1439b0a9feb74b0cfc04e6299462411931b299d502b95bb617b4f1dccd659d612a1c9da01d2bbd9c2cc62f30e020146458467fe52,,08/03/2025 01:00:00 AM,30,NO CONTROLS,NO CONTROLS,CLEAR,DARKNESS,REAR TO FRONT,NOT DIVIDED,,STRAIGHT AND LEVEL,DRY,NO DEFECTS,NOT ON SCENE (DESK REPORT),NO INJURY / DRIVE AWAY,,,,"OVER $1,500",08/03/2025 01:40:00 AM,UNABLE TO DETERMINE,NOT APPLICABLE,5816,W,RAILROAD AVE,1513,,,,,,,2,NO INDICATION OF INJURY,0,0,0,0,0,3,0,1,1,8,41.8701855972,-87.7700219689,POINT (-87.770021968873 41.870185597151)
aa48d43b09bbb9116899dc66dce64710beb623809a5100efe0afee9a2659b03b3d9c37f2788662a8f6d1785f8356bba900bb9979291e9e69781f5b154ca1923d,,08/03/2025 01:00:00 AM,30,NO CONTROLS,NO CONTROLS,CLEAR,"DARKNESS, LIGHTED ROAD",PEDESTRIAN,NOT DIVIDED,,STRAIGHT AND LEVEL,DRY,NO DEFECTS,ON SCENE,NO INJURY / DRIVE AWAY,,,,$500 OR LESS,08/03/2025 01:00:00 AM,UNABLE TO DETERMINE,NOT APPLICABLE,5860,W,RAILROAD AVE,1513,,,,,,,2,NO INDICATION OF INJURY,0,0,0,0,0,2,0,1,1,8,41.8703346631,-87.7717685114,POINT (-87.771768511417 41.870334663068)
1eeed1cdc0fa1b586ea16bcc57e24659f0bafb25aa4b6f2a2bd41955f3a9912fb1eb74aca6e72f65712dab7defee75ab1f5f4187ac6a51da58290e2a3e81c15d,Y,08/03/2025 12:58:00 AM,30,UNKNOWN,UNKNOWN,CLEAR,"DARKNESS, LIGHTED ROAD",FIXED OBJECT,FOUR WAY,,STRAIGHT AND LEVEL,DRY,NO DEFECTS,,INJURY AND / OR TOW DUE TO CRASH,,,,"OVER $1,500",08/03/2025 12:59:00 AM,NOT APPLICABLE,NOT APPLICABLE,5400,S,ASHLAND AVE,932,,,,,,,1,INCAPACITATING INJURY,1,0,1,0,0,0,0,0,1,8,41.7957571649,-87.664781391,POINT (-87.664781390978 41.795757164868)
73d063cbdd503fa9446ef77009902cbfeb71f01e1569043aaa71a99e9b971d6f901ce11bdb5fd3c01a91e4e9c617931415d888014ee839a36583507aaf55b046,,08/03/2025 12:52:00 AM,30,UNKNOWN,UNKNOWN,CLEAR,"DARKNESS, LIGHTED ROAD",PARKED MOTOR VEHICLE,NOT DIVIDED,,STRAIGHT AND LEVEL,DRY,NO DEFECTS,ON SCENE,INJURY AND / OR TOW DUE TO CRASH,,,,"OVER $1,500",08/03/2025 12:52:00 AM,UNABLE TO DETERMINE,NOT APPLICABLE,4455,W,55TH ST,813,,,,,,,3,NO INDICATION OF INJURY,0,0,0,0,0,1,0,0,1,8,41.7929900232,-87.7351818527,POINT (-87.735181852667 41.792990023171)
0dd62ab1802d1034b1f17587ef7ce2f564edb95644cabae3ad7d2a50b6756392709f96aff948c0a5a04bb027ff072d4e0e9ebbc1faffbf27dd5493278929269e,,08/03/2025 12:46:00 AM,30,TRAFFIC SIGNAL,FUNCTIONING PROPERLY,CLEAR,"DARKNESS, LIGHTED ROAD",TURNING,DIVIDED - W/MEDIAN BARRIER,,STRAIGHT AND LEVEL,DRY,NO DEFECTS,ON SCENE,INJURY AND / OR TOW DUE TO CRASH,Y,,,"OVER $1,500",08/03/2025 12:58:00 AM,IMPROPER TURNING/NO SIGNAL,NOT APPLICABLE,500,S,MICHIGAN AVE,123,,,,,,,2,"REPORTED, NOT EVIDENT",1,0,0,0,1,4,0,0,1,8,41.875658543,-87.6244049409,POINT (-87.624404940923 41.87565854302)
85c585ec6d0d4b3d17cc87b0ec568ab92de5a37fd320a84826a77afe24c5d3a2fddf634c8431014288cf7411d4dc624ed9c9c9710edf4776dd665823616d0e65,,08/03/2025 12:44:00 AM,30,STOP SIGN/FLASHER,NO CONTROLS,CLEAR,"DARKNESS, LIGHTED ROAD",FIXED OBJECT,NOT DIVIDED,,STRAIGHT AND LEVEL,DRY,NO DEFECTS,ON SCENE,INJURY AND / OR TOW DUE TO CRASH,Y,,,"OVER $1,500",08/03/2025 12:45:00 AM,UNABLE TO DETERMINE,NOT APPLICABLE,5900,S,DR MARTIN LUTHER KING JR DR,232,,,,,,,1,INCAPACITATING INJURY,1,0,1,0,0,0,0,0,1,8,41.7874293465,-87.6159464271,POINT (-87.615946427121 41.787429346503)
1116a563f4e6fbf882a9e57909768f054c4c561d6437c354c390afc11a60eb04b54334159c67ec3b6ecbf343f79b8417f60929495e8149c2f6c185cd03ba0015,,08/03/2025 12:41:00 AM,30,NO CONTROLS,NO CONTROLS,CLEAR,DARKNESS,REAR END,NOT DIVIDED,,STRAIGHT AND LEVEL,DRY,NO DEFECTS,ON SCENE,INJURY AND / OR TOW DUE TO CRASH,,,,"OVER $1,500",08/03/2025 12:41:00 AM,UNABLE TO DETERMINE,UNABLE TO DETERMINE,4798,W,FIFTH AVE,1131,,N,,,,,2,INCAPACITATING INJURY,1,0,1,0,0,2,0,0,1,8,41.868635838,-87.744730162,POINT (-87.744730161967 41.868635837952)
b3bfb4796e912e2ef52b75daaac95438558bbd1fc237699c24f3a1695a711d197a22b042a48836bd0a590831f04ca72b55da90d97b0eb58b954b60d55ce48a33,,08/03/2025 12:30:00 AM,30,NO CONTROLS,NO CONTROLS,CLEAR,DARKNESS,PEDESTRIAN,OTHER,,STRAIGHT AND LEVEL,DRY,NO DEFECTS,ON SCENE,INJURY AND / OR TOW DUE TO CRASH,,,Y,"OVER $1,500",08/03/2025 01:04:00 AM,UNABLE TO DETERMINE,UNABLE TO DETERMINE,2422,W,PETERSON AVE,2413,,,,,,,2,NONINCAPACITATING INJURY,1,0,0,1,0,4,0,0,1,8,41.990601568,-87.6906550761,POINT (-87.690655076094 41.990601567999)
1512514e3cb1e2cc210f5d3e55bd4f239a11ce505120e415ce27138e4f0eec7a9dc406daaceb08d01a5695f5290fe944291185b3b49a4a561996ba22baed6450,,08/03/2025 12:25:00 AM,30,TRAFFIC SIGNAL,FUNCTIONING PROPERLY,CLEAR,"DARKNESS, LIGHTED ROAD",REAR END,NOT DIVIDED,,STRAIGHT AND LEVEL,DRY,NO DEFECTS,ON SCENE,NO INJURY / DRIVE AWAY,,,,"OVER $1,500",08/03/2025 12:27:00 AM,FAILING TO REDUCE SPEED TO AVOID CRASH,UNABLE TO DETERMINE,4801,W,NORTH AVE,2533,,,,,,,2,NO INDICATION OF INJURY,0,0,0,0,0,2,0,0,1,8,41.9095143888,-87.7462399252,POINT (-87.746239925209 41.909514388786)
ca21f07818c04b555cdb19bf98f9d8055f7c739efb57a84e5fd42c9f88107553df86292a518ca081a561a68fe45866c0d3d7178bf1a37f60b61e7634d8889f4b,,08/03/2025 12:24:00 AM,30,NO CONTROLS,NO CONTROLS,CLEAR,DARKNESS,ANGLE,FOUR WAY,,STRAIGHT AND LEVEL,DRY,NO DEFECTS,ON SCENE,INJURY AND / OR TOW DUE TO CRASH,Y,,,"OVER $1,500",08/03/2025 12:35:00 AM,NOT APPLICABLE,NOT APPLICABLE,3401,W,MONTROSE AVE,1723,,,,,,,2,NO INDICATION OF INJURY,0,0,0,0,0,2,0,0,1,8,41.961018953,-87.7131955045,POINT (-87.713195504529 41.961018952999)
8573c0df53d2923e7a416b7e569eaf8dad25dbe4eab76e912d3ddcb7a67dea93bb2e613d9840c5692bcb31382fdefabc7d422e82c6551eb8d370b88c4beb044d,,08/03/2025 12:21:00 AM,30,TRAFFIC SIGNAL,FUNCTIONING PROPERLY,CLEAR,"DARKNESS, LIGHTED ROAD",TURNING,NOT DIVIDED,,STRAIGHT AND LEVEL,DRY,NO DEFECTS,NOT ON SCENE (DESK REPORT),NO INJURY / DRIVE AWAY,,,,"$501 - $1,500",08/03/2025 12:51:00 AM,IMPROPER LANE USAGE,UNABLE TO DETERMINE,3801,W,HARRISON ST,1133,,,,,,,2,NO INDICATION OF INJURY,0,0,0,0,0,3,0,0,1,8,41.8734046453,-87.7203996283,POINT (-87.720399628297 41.873404645345)
0573bfb120b5efebfa9ee7f845f65ef47a18dd124ea21c1e99f8f7963fc9d651d8c02d9c51b9b047c1d25d8e6c0d6723530f0605f3010c20a8987c9967d79471,,08/03/2025 12:20:00 AM,25,YIELD,UNKNOWN,CLEAR,"DARKNESS, LIGHTED ROAD",TURNING,DIVIDED - W/MEDIAN (NOT RAISED),,STRAIGHT AND LEVEL,DRY,NO DEFECTS,,NO INJURY / DRIVE AWAY,Y,,,"$501 - $1,500",08/03/2025 12:40:00 AM,FAILING TO YIELD RIGHT-OF-WAY,FAILING TO YIELD RIGHT-OF-WAY,7180,W,GRAND AVE,2512,,,,,,,2,NO INDICATION OF INJURY,0,0,0,0,0,2,0,0,1,8,41.9240211796,-87.8056244063,POINT (-87.805624406301 41.92402117963)
d00a59db3e65bf2984580959f3cd8587a8d360f46226173042a194db3cb9ed25d2b1c2c0e96fb837be4be30f5cd0f04c7b4744ef6acf0327b6e38e89f872c2ab,,08/03/2025 12:18:00 AM,30,NO CONTROLS,UNKNOWN,CLEAR,"DARKNESS, LIGHTED ROAD",PARKED MOTOR VEHICLE,NOT DIVIDED,,STRAIGHT AND LEVEL,DRY,NO DEFECTS,ON SCENE,NO INJURY / DRIVE AWAY,Y,,Y,"OVER $1,500",08/03/2025 12:20:00 AM,IMPROPER LANE USAGE,UNABLE TO DETERMINE,1030,N,STATE ST,1824,,,,,,,2,NO INDICATION OF INJURY,0,0,0,0,0,1,0,0,1,8,41.9014634149,-87.6284813715,POINT (-87.628481371486 41.901463414903)
37dfa3130c2dfec7f0479b2dd1c370e84a1d272f360ebd0e09a8de00378994907509e5ac4af04b05c929f858b5aac4e6a977d0561ea5566a56acbd27f6c38340,Y,08/03/2025 12:16:00 AM,30,NO CONTROLS,NO CONTROLS,CLEAR,DARKNESS,TURNING,NOT DIVIDED,,STRAIGHT AND LEVEL,UNKNOWN,UNKNOWN,ON SCENE,INJURY AND / OR TOW DUE TO CRASH,Y,,Y,"OVER $1,500",08/03/2025 12:18:00 AM,IMPROPER OVERTAKING/PASSING,NOT APPLICABLE,7458,S,HALSTED ST,733,,,,,,,2,FATAL,1,1,0,0,0,3,0,0,1,8,41.758075698,-87.6443802022,POINT (-87.644380202237 41.758075698003)
2d747a752bb542bdb8d20e5910da072890ae6775f4cf02fe629b00fd709eb040eb18947ac5a1002df6aa0fea69e3c117ea8a16414b158c6a50455f522da0dc7c,,08/03/2025 12:15:00 AM,5,NO CONTROLS,NO CONTROLS,CLEAR,"DARKNESS, LIGHTED ROAD",PARKED MOTOR VEHICLE,PARKING LOT,,STRAIGHT AND LEVEL,DRY,NO DEFECTS,ON SCENE,NO INJURY / DRIVE AWAY,,,,"$501 - $1,500",08/03/2025 12:32:00 AM,UNABLE TO DETERMINE,UNABLE TO DETERMINE,259,E,ERIE ST,1834,,,,,,,2,NO INDICATION OF INJURY,0,0,0,0,0,1,0,0,1,8,41.8940853807,-87.62040431,POINT (-87.620404310022 41.894085380663)
d09f2c349c64ba585a403e7658b044356018cf978592b43d5ee8595936c556dd10e83c6a65250687fbd170fcfbce1feb37c01c1fb651b8b5dd5456fe2535754b,,08/03/2025 12:14:00 AM,20,NO CONTROLS,NO CONTROLS,CLEAR,"DARKNESS, LIGHTED ROAD",PARKED MOTOR VEHICLE,NOT DIVIDED,,STRAIGHT AND LEVEL,DRY,NO DEFECTS,ON SCENE,INJURY AND / OR TOW DUE TO CRASH,,Y,,"OVER $1,500",08/03/2025 12:15:00 AM,UNABLE TO DETERMINE,UNABLE TO DETERMINE,12600,S,WENTWORTH AVE,523,,,,,,,2,NO INDICATION OF INJURY,0,0,0,0,0,1,0,0,1,8,41.6652008203,-87.6271954712,POINT (-87.627195471225 41.665200820295)
5ac8d1b0754638b1010618583b2da7f9fe2bfdd06dc978815064cf1fbb6e50dd318c7b12caa075d3cfb7dca216140102318a03a6f5847a6ca8b1985430f8615d,,08/03/2025 12:08:00 AM,30,NO CONTROLS,NO CONTROLS,CLEAR,"DARKNESS, LIGHTED ROAD",FIXED OBJECT,DIVIDED - W/MEDIAN BARRIER,,STRAIGHT AND LEVEL,DRY,NO DEFECTS,ON SCENE,INJURY AND / OR TOW DUE TO CRASH,Y,,,"OVER $1,500",08/03/2025 12:20:00 AM,UNABLE TO DETERMINE,UNABLE TO DETERMINE,3601,W,MARQUETTE RD,833,,,,,,,1,NO INDICATION OF INJURY,0,0,0,0,0,1,0,0,1,8,41.7714092018,-87.7130941439,POINT (-87.713094143941 41.771409201769)
9a4133853b60a9df045acd495eae24c0153262f30573b4d4e589b0b3235105417eaa446f9526b2194a416c2871c2eea22dd90ef98d82b2e87d9a6414c5629f0d,,08/03/2025 12:01:00 AM,30,NO CONTROLS,NO CONTROLS,CLEAR,DARKNESS,PARKED MOTOR VEHICLE,ONE-WAY,,STRAIGHT AND LEVEL,DRY,NO DEFECTS,NOT ON SCENE (DESK REPORT),NO INJURY / DRIVE AWAY,,,Y,"OVER $1,500",08/03/2025 09:30:00 AM,UNABLE TO DETERMINE,UNABLE TO DETERMINE,1714,N,HUMBOLDT BLVD,1421,,,,,,,2,NO INDICATION OF INJURY,0,0,0,0,0,1,0,0,1,8,41.9125931524,-87.7020876041,POINT (-87.702087604142 41.912593152382)
5dd11f7c1d601e3b29078f43a95e1d1d7ec909b85c1909677d2adabc7e4a683204a9299293127235124b77f0e578494b9f1e42e6a6886de4b9fe368045cd75b1,,08/03/2025 12:00:00 AM,30,NO CONTROLS,NO CONTROLS,UNKNOWN,UNKNOWN,PARKED MOTOR VEHICLE,ONE-WAY,,STRAIGHT AND LEVEL,DRY,NO DEFECTS,NOT ON SCENE (DESK REPORT),NO INJURY / DRIVE AWAY,,,Y,"OVER $1,500",08/07/2025 11:35:00 AM,UNABLE TO DETERMINE,NOT APPLICABLE,13202,S,ST LAWRENCE AVE,533,,,,,,,2,NO INDICATION OF INJURY,0,0,0,0,0,1,0,0,1,8,41.6552992529,-87.6077053575,POINT (-87.60770535753 41.655299252913)
f9af5a7bffb4e402312e47334942c11abc5469b5aa4ceca37e15bb48512ea27cc871057b8475b2a15dcd64a07211e3dc8b44225d760185ef38ccf1ca9470d7fb,,08/03/2025 12:00:00 AM,30,TRAFFIC SIGNAL,FUNCTIONING PROPERLY,CLEAR,"DARKNESS, LIGHTED ROAD",REAR END,T-INTERSECTION,,STRAIGHT AND LEVEL,DRY,NO DEFECTS,ON SCENE,INJURY AND / OR TOW DUE TO CRASH,,,,"OVER $1,500",08/03/2025 12:10:00 AM,FOLLOWING TOO CLOSELY,NOT APPLICABLE,235,N,POST PL,122,,,,,,,2,NONINCAPACITATING INJURY,1,0,0,1,0,2,0,0,1,8,41.8866280203,-87.6346220684,POINT (-87.634622068401 41.886628020332)
900a323295269f37f4c0b3c924285cae9fffb37ddea89e0a9f8b1a0e5c10b91815142e1627633aa366df7d095169eb4b16328a7eacad3fa678a8c21631f0008c,,08/02/2025 11:45:00 PM,35,NO CONTROLS,NO CONTROLS,CLEAR,"DARKNESS, LIGHTED ROAD",SIDESWIPE SAME DIRECTION,DIVIDED - W/MEDIAN BARRIER,,STRAIGHT AND LEVEL,DRY,NO DEFECTS,NOT ON SCENE (DESK REPORT),NO INJURY / DRIVE AWAY,,,,"OVER $1,500",08/03/2025 12:20:00 AM,UNABLE TO DETERMINE,NOT APPLICABLE,444,N,MICHIGAN AVE,1834,,,,,,,2,NO INDICATION OF INJURY,0,0,0,0,0,3,0,23,7,8,41.8907144803,-87.6242698743,POINT (-87.624269874292 41.89071448026)
800f14dcc4111000a4ecc7473ca3d2f6c34d1a2a561622305183cd2ff3a8c3f285624637ddc0319e22857fae1deb5093dcc9faa80eba59c5f5eedd17ab792453,,08/02/2025 11:44:00 PM,30,NO CONTROLS,NO CONTROLS,CLEAR,"DARKNESS, LIGHTED ROAD",HEAD ON,DIVIDED - W/MEDIAN (NOT RAISED),,STRAIGHT AND LEVEL,DRY,NO DEFECTS,ON SCENE,INJURY AND / OR TOW DUE TO CRASH,,,,"OVER $1,500",08/02/2025 11:44:00 PM,IMPROPER LANE USAGE,UNABLE TO DETERMINE,3652,W,ADDISON ST,1732,,,,,,,2,"REPORTED, NOT EVIDENT",1,0,0,0,1,2,0,23,7,8,41.9465849765,-87.7197486292,POINT (-87.719748629201 41.946584976536)
2e88f0a17a057f5261fc71dd7ec6e6590802bd7e626dbec24bb04f2974a13ebc18b75ee4399e578ceac72a1483f270e0ce0d960109382559560e718b94ff9a5c,,08/02/2025 11:40:00 PM,30,NO CONTROLS,NO CONTROLS,CLEAR,"DARKNESS, LIGHTED ROAD",PARKED MOTOR VEHICLE,ONE-WAY,,STRAIGHT AND LEVEL,DRY,NO DEFECTS,ON SCENE,NO INJURY / DRIVE AWAY,,,Y,"$501 - $1,500",08/02/2025 11:41:00 PM,UNABLE TO DETERMINE,NOT APPLICABLE,4554,N,HARDING AVE,1723,,,,,,,3,NO INDICATION OF INJURY,0,0,0,0,0,1,0,23,7,8,41.9643574985,-87.7268456793,POINT (-87.72684567927 41.964357498539)
583bc3c1a824dff422f7acc4980d39eea830f63aee2cce5b39ee24a17b912d8ac8efbb7ff646a4e40382eca1e735bf4db6f5d21456ce6053e5869badfb0fc00b,,08/02/2025 11:40:00 PM,25,NO CONTROLS,NO CONTROLS,CLEAR,"DARKNESS, LIGHTED ROAD",PARKED MOTOR VEHICLE,ONE-WAY,,STRAIGHT AND LEVEL,DRY,NO DEFECTS,ON SCENE,NO INJURY / DRIVE AWAY,,,Y,"OVER $1,500",08/02/2025 11:53:00 PM,UNABLE TO DETERMINE,NOT APPLICABLE,1398,W,ALBION AVE,2432,,,,,,,2,NO INDICATION OF INJURY,0,0,0,0,0,1,0,23,7,8,42.0025317338,-87.6655408179,POINT (-87.665540817889 42.002531733769)
d34a25590ff76834fbb061fd52c00889ab676a375569ce5c1bfee23e999447b461d99e26af25c12b5a56eeaa4d9613d645d4b4a705a9f434061255a1d3feef2c,,08/02/2025 11:38:00 PM,30,TRAFFIC SIGNAL,FUNCTIONING PROPERLY,CLEAR,"DARKNESS, LIGHTED ROAD",REAR END,DIVIDED - W/MEDIAN (NOT RAISED),,STRAIGHT AND LEVEL,DRY,NO DEFECTS,ON SCENE,INJURY AND / OR TOW DUE TO CRASH,,,,"OVER $1,500",08/02/2025 11:38:00 PM,FOLLOWING TOO CLOSELY,NOT APPLICABLE,1900,W,LAWRENCE AVE,2032,Y,Y,,,,,2,"REPORTED, NOT EVIDENT",3,0,0,0,3,2,0,23,7,8,41.9689035752,-87.6762826511,POINT (-87.67628265112 41.968903575201)
4448f4ae880e78ae0bbf46bb6ffb31ddcd929b680cf6efe832a938effef079fb809660dd2dbbe11d879ab4a20c83585e7a906dea98892f3a8fba5eab6cd2773e,,08/02/2025 11:37:00 PM,30,TRAFFIC SIGNAL,FUNCTIONING PROPERLY,CLEAR,"DARKNESS, LIGHTED ROAD",SIDESWIPE SAME DIRECTION,FOUR WAY,,STRAIGHT AND LEVEL,DRY,UNKNOWN,ON SCENE,INJURY AND / OR TOW DUE TO CRASH,,,Y,"OVER $1,500",08/02/2025 11:43:00 PM,UNABLE TO DETERMINE,NOT APPLICABLE,5256,N,CENTRAL AVE,1622,,,,,,,2,NO INDICATION OF INJURY,0,0,0,0,0,2,0,23,7,8,41.9771214027,-87.7685978245,POINT (-87.768597824455 41.977121402737)
28c3c2a42364e75f576ccc03a048464aefcd81742a86bbf03b02c3e8d8414c0945edb9a29d51af460fed7d0e22c1b6a582b65a25f5b798b65eef57eac4a1f770,,08/02/2025 11:30:00 PM,30,NO CONTROLS,NO CONTROLS,CLEAR,"DARKNESS, LIGHTED ROAD",PARKED MOTOR VEHICLE,FOUR WAY,,STRAIGHT AND LEVEL,DRY,NO DEFECTS,NOT ON SCENE (DESK REPORT),INJURY AND / OR TOW DUE TO CRASH,,,Y,"OVER $1,500",08/03/2025 10:32:00 AM,UNABLE TO DETERMINE,NOT APPLICABLE,2056,W,23RD ST,1034,,,,,,,2,NO INDICATION OF INJURY,0,0,0,0,0,1,0,23,7,8,41.8504342315,-87.6781166751,POINT (-87.678116675054 41.850434231494)
ab3361fe697281aa849bc03afdd5cef61c172a07fc3c1c84b965bccdb47b59de03ef658d8a697c63ccac7c7f2cf15bdf4040eb8f821dc5481c3c4303f890821a,,08/02/2025 11:30:00 PM,30,NO CONTROLS,NO CONTROLS,CLEAR,"DARKNESS, LIGHTED ROAD",TURNING,FOUR WAY,,STRAIGHT AND LEVEL,DRY,NO DEFECTS,ON SCENE,INJURY AND / OR TOW DUE TO CRASH,Y,,,"OVER $1,500",08/02/2025 11:34:00 PM,FAILING TO YIELD RIGHT-OF-WAY,NOT APPLICABLE,5500,W,DIVERSEY AVE,2514,,,,,,,2,NO INDICATION OF INJURY,0,0,0,0,0,4,0,23,7,8,41.9314188965,-87.7638541446,POINT (-87.763854144612 41.931418896513)