CRASH_RECORD_ID,CRASH_DATE_EST_I,CRASH_DATE,POSTED_SPEED_LIMIT,TRAFFIC_CONTROL_DEVICE,DEVICE_CONDITION,WEATHER_CONDITION,LIGHTING_CONDITION,FIRST_CRASH_TYPE,TRAFFICWAY_TYPE,LANE_CNT,ALIGNMENT,ROADWAY_SURFACE_COND,ROAD_DEFECT,REPORT_TYPE,CRASH_TYPE,INTERSECTION_RELATED_I,NOT_RIGHT_OF_WAY_I,HIT_AND_RUN_I,DAMAGE,DATE_POLICE_NOTIFIED,PRIM_CONTRIBUTORY_CAUSE,SEC_CONTRIBUTORY_CAUSE,STREET_NO,STREET_DIRECTION,STREET_NAME,BEAT_OF_OCCURRENCE,PHOTOS_TAKEN_I,STATEMENTS_TAKEN_I,DOORING_I,WORK_ZONE_I,WORK_ZONE_TYPE,WORKERS_PRESENT_I,NUM_UNITS,MOST_SEVERE_INJURY,INJURIES_TOTAL,INJURIES_FATAL,INJURIES_INCAPACITATING,INJURIES_NON_INCAPACITATING,INJURIES_REPORTED_NOT_EVIDENT,INJURIES_NO_INDICATION,INJURIES_UNKNOWN,CRASH_HOUR,CRASH_DAY_OF_WEEK,CRASH_MONTH,LATITUDE,LONGITUDE,LOCATION
f4b7a2e35c3c2c694fba99d30f13b7b96524c151f8fe7d9802e3637be835450c9ded64a760fc701c70f6bafa8cae7459607b7cb6135e420ce14900ea5e164229,Y,08/02/2025 11:30:00 PM,30,TRAFFIC SIGNAL,FUNCTIONING PROPERLY,CLEAR,"DARKNESS, LIGHTED ROAD",TURNING,NOT DIVIDED,,STRAIGHT AND LEVEL,DRY,UNKNOWN,ON SCENE,NO INJURY / DRIVE AWAY,,,,"OVER $1,500",08/02/2025 11:50:00 PM,IMPROPER TURNING/NO SIGNAL,NOT APPLICABLE,2401,W,ADDISON ST,1921,,,,,,,2,NO INDICATION OF INJURY,0,0,0,0,0,2,0,23,7,8,41.9466204778,-87.6883164515,POINT (-87.688316451533 41.946620477784)
508a8cb7e34d0a53c9385e77ccee0e9bbd15cf5936c74be760507ce1a3e9db01e54d840d91a8ac9c4c5d7f0eabaae1814ebdc6abba806084e9e3ccb3fca67f44,,08/02/2025 11:24:00 PM,30,STOP SIGN/FLASHER,UNKNOWN,CLEAR,"DARKNESS, LIGHTED ROAD",OTHER OBJECT,NOT DIVIDED,,STRAIGHT AND LEVEL,DRY,UNKNOWN,ON SCENE,INJURY AND / OR TOW DUE TO CRASH,,,,"OVER $1,500",08/02/2025 11:36:00 PM,UNABLE TO DETERMINE,NOT APPLICABLE,1640,W,115TH ST,2234,,,,,,,1,NO INDICATION OF INJURY,0,0,0,0,0,1,0,23,7,8,41.6848990854,-87.6633520664,POINT (-87.663352066438 41.684899085362)
462419b8b684d3482f2212667604fe0638e36b27942a2647db54dc3b4ad2ecaa0f9ba889714f0573d9172db40764462a28874bd6107cd26e5f2ca1f2e72d8b6d,,08/02/2025 11:21:00 PM,15,NO CONTROLS,NO CONTROLS,CLEAR,DARKNESS,FIXED OBJECT,ALLEY,,STRAIGHT AND LEVEL,DRY,NO DEFECTS,ON SCENE,NO INJURY / DRIVE AWAY,,,,$500 OR LESS,08/02/2025 11:31:00 PM,UNABLE TO DETERMINE,NOT APPLICABLE,7448,S,CALUMET AVE,323,,,,,,,1,NO INDICATION OF INJURY,0,0,0,0,0,1,0,23,7,8,41.7587517737,-87.6168572451,POINT (-87.616857245143 41.758751773679)
2eaa736bbd2f633550ddbc1d31f76d9bc563788ead4d8e90a207ffe5e37276eae2ea9fa5c4299014860edcb602d8f25633dc1fe1d6a7fbbcee5747d56513094a,Y,08/02/2025 11:05:00 PM,30,TRAFFIC SIGNAL,FUNCTIONING PROPERLY,UNKNOWN,DARKNESS,SIDESWIPE SAME DIRECTION,NOT DIVIDED,,STRAIGHT AND LEVEL,UNKNOWN,UNKNOWN,NOT ON SCENE (DESK REPORT),NO INJURY / DRIVE AWAY,,,,"OVER $1,500",08/05/2025 07:00:00 PM,UNABLE TO DETERMINE,NOT APPLICABLE,3411,W,ADDISON ST,1732,,,,,,,2,NO INDICATION OF INJURY,0,0,0,0,0,2,0,23,7,8,41.9464515635,-87.7131683047,POINT (-87.713168304716 41.946451563513)
23a3b442eba22fa6275cd30ed325002bf26baf8f943f3a6cebf96597ebbec900d2ded0b61eb3fe544d7cf15942141ab1021fb0c42bf6c62cbab163554e920ad3,,08/02/2025 11:00:00 PM,30,TRAFFIC SIGNAL,FUNCTIONING PROPERLY,CLEAR,DARKNESS,REAR END,NOT DIVIDED,,STRAIGHT AND LEVEL,DRY,NO DEFECTS,NOT ON SCENE (DESK REPORT),NO INJURY / DRIVE AWAY,,,,"OVER $1,500",08/03/2025 12:00:00 PM,FOLLOWING TOO CLOSELY,NOT APPLICABLE,6300,S,PULASKI RD,813,,,,,,,2,NO INDICATION OF INJURY,0,0,0,0,0,3,0,23,7,8,41.7786364688,-87.7229063557,POINT (-87.722906355685 41.778636468781)
2f445b5e20f7d7e31819f2af5135ff8af8a792df326da28c4650fda6f4a8a7b99af7a5ec76d4190e0587548538cfbafa3479fad0886d9a47a83827d4140b32b5,,08/02/2025 11:00:00 PM,30,NO CONTROLS,NO CONTROLS,CLEAR,DARKNESS,PARKED MOTOR VEHICLE,DIVIDED - W/MEDIAN (NOT RAISED),,STRAIGHT AND LEVEL,DRY,NO DEFECTS,NOT ON SCENE (DESK REPORT),NO INJURY / DRIVE AWAY,,,,"OVER $1,500",08/09/2025 10:30:00 AM,UNABLE TO DETERMINE,UNABLE TO DETERMINE,5701,S,STATE ST,232,Y,Y,,,,,2,NO INDICATION OF INJURY,0,0,0,0,0,1,0,23,7,8,41.7909552796,-87.6254591349,POINT (-87.625459134906 41.790955279552)
3ad2d7077657c04fc135b677d03f6ceaf0f6659f161147437b77fd4b1b07f8ce76e85b8cd4da08a1faaed65f528cdba91120c5d900fb0e0f5f38ca5c6cc478ab,,08/02/2025 11:00:00 PM,30,NO CONTROLS,NO CONTROLS,CLEAR,"DARKNESS, LIGHTED ROAD",PARKED MOTOR VEHICLE,NOT DIVIDED,,STRAIGHT AND LEVEL,DRY,NO DEFECTS,NOT ON SCENE (DESK REPORT),NO INJURY / DRIVE AWAY,,,Y,$500 OR LESS,08/03/2025 07:53:00 AM,UNABLE TO DETERMINE,UNABLE TO DETERMINE,1615,E,56TH ST,331,,,,,,,2,NO INDICATION OF INJURY,0,0,0,0,0,1,0,23,7,8,41.7932850116,-87.5858697456,POINT (-87.585869745619 41.793285011604)
7ead7b0120b3d91df19b95b1919ff639cee092f9380c0cfecc1f8b9297f73705c0f87596bf9f0a1810b63327385630633dec44167900874c571f40e54c048f37,,08/02/2025 11:00:00 PM,25,NO CONTROLS,NO CONTROLS,CLEAR,UNKNOWN,PARKED MOTOR VEHICLE,ONE-WAY,,STRAIGHT AND LEVEL,DRY,UNKNOWN,NOT ON SCENE (DESK REPORT),NO INJURY / DRIVE AWAY,,,Y,$500 OR LESS,08/04/2025 11:00:00 AM,UNABLE TO DETERMINE,UNABLE TO DETERMINE,2959,N,LUNA AVE,2514,,,,,,,2,NO INDICATION OF INJURY,0,0,0,0,0,1,0,23,7,8,41.9348562357,-87.7649946673,POINT (-87.764994667314 41.934856235722)
f91292b1167b92923f15c3ea558cdcfc6389fb079539aa148bf0851e98280695b9fd02ed77519fc8b7eb842f631458250a5f3793b77302cda010eb3cb4849c0b,,08/02/2025 11:00:00 PM,30,STOP SIGN/FLASHER,FUNCTIONING PROPERLY,CLEAR,"DARKNESS, LIGHTED ROAD",ANGLE,ONE-WAY,,STRAIGHT AND LEVEL,DRY,NO DEFECTS,NOT ON SCENE (DESK REPORT),NO INJURY / DRIVE AWAY,,,Y,"$501 - $1,500",08/03/2025 10:00:00 AM,UNABLE TO DETERMINE,UNABLE TO DETERMINE,6999,S,WABASH AVE,322,,,,,,,2,NO INDICATION OF INJURY,0,0,0,0,0,2,0,23,7,8,41.7674581912,-87.6232025272,POINT (-87.623202527247 41.76745819122)
fb80846e8e07e22c5977536d6e67820e3e765ed1df1ec84ed4ff7d22e3cee1fd8afba83a6ebe530c6eedc9c7f1050caa6a854c99dab7498384962ceb8715d591,,08/02/2025 10:50:00 PM,30,NO CONTROLS,NO CONTROLS,CLEAR,"DARKNESS, LIGHTED ROAD",FIXED OBJECT,DIVIDED - W/MEDIAN (NOT RAISED),,STRAIGHT AND LEVEL,DRY,NO DEFECTS,ON SCENE,INJURY AND / OR TOW DUE TO CRASH,,,,"OVER $1,500",08/02/2025 10:53:00 PM,DISTRACTION - FROM OUTSIDE VEHICLE,NOT APPLICABLE,1148,S,SPRINGFIELD AVE,1132,,,,,,,1,NO INDICATION OF INJURY,0,0,0,0,0,1,0,22,7,8,41.8665182892,-87.7228952188,POINT (-87.722895218789 41.866518289201)
8fbcd82d88be4b1c025fb176f43fc038e1c0c9e61e4197253dfb832a3f2c4bc9e80ceba8fa771b41c1e6b2291fed657f227f253dd9ccfb06bfbf3c528071af1c,,08/02/2025 10:47:00 PM,30,TRAFFIC SIGNAL,FUNCTIONING PROPERLY,CLEAR,DARKNESS,TURNING,DIVIDED - W/MEDIAN (NOT RAISED),,STRAIGHT AND LEVEL,DRY,NO DEFECTS,ON SCENE,INJURY AND / OR TOW DUE TO CRASH,Y,,N,"OVER $1,500",08/02/2025 11:05:00 PM,FAILING TO YIELD RIGHT-OF-WAY,FAILING TO YIELD RIGHT-OF-WAY,5601,W,FULLERTON AVE,2515,,,,,,,2,"REPORTED, NOT EVIDENT",1,0,0,0,1,3,0,22,7,8,41.9238706888,-87.7660492214,POINT (-87.766049221352 41.923870688815)
09670baabf18de52daa859191dbc3c37c14a1af4e7e76b13f87be0f4afa3da340631c40589959f4cd3f566fd050f26a44a45176876b07a82c8e6c5c6ac89ddab,,08/02/2025 10:45:00 PM,30,STOP SIGN/FLASHER,NO CONTROLS,CLEAR,"DARKNESS, LIGHTED ROAD",ANGLE,FOUR WAY,,STRAIGHT AND LEVEL,DRY,NO DEFECTS,ON SCENE,INJURY AND / OR TOW DUE TO CRASH,Y,,Y,"OVER $1,500",08/02/2025 11:53:00 PM,UNABLE TO DETERMINE,NOT APPLICABLE,6400,S,STEWART AVE,722,,,,,,,2,NO INDICATION OF INJURY,0,0,0,0,0,2,0,22,7,8,41.7779988663,-87.6351433981,POINT (-87.635143398111 41.777998866289)
2029a67ce6ce38d6a9523b6c20b6451832bde4669fac32394f18f74ce626d96f620f9e54b1f1dc1c39093efc3e71b53e3644372e2edd1b8ee4cf8b00b6aa7852,,08/02/2025 10:45:00 PM,30,UNKNOWN,UNKNOWN,CLEAR,DUSK,SIDESWIPE SAME DIRECTION,NOT DIVIDED,,STRAIGHT AND LEVEL,DRY,UNKNOWN,NOT ON SCENE (DESK REPORT),NO INJURY / DRIVE AWAY,,,Y,$500 OR LESS,08/02/2025 11:10:00 PM,UNABLE TO DETERMINE,NOT APPLICABLE,200,S,RACINE AVE,1231,,,,,,,2,NO INDICATION OF INJURY,0,0,0,0,0,2,0,22,7,8,41.8790107233,-87.657200592,POINT (-87.657200591996 41.879010723339)
3ffd5e9ce0ef189bbcab88e816bc18bf1b9e69fc8deb1ada42af59469c990215a6d1165bd1be34fc9dac708dac7c71ca43c4048c4517adee3d4a5c6814faf4ad,,08/02/2025 10:45:00 PM,25,TRAFFIC SIGNAL,FUNCTIONING PROPERLY,CLEAR,"DARKNESS, LIGHTED ROAD",REAR END,NOT DIVIDED,,STRAIGHT AND LEVEL,DRY,NO DEFECTS,NOT ON SCENE (DESK REPORT),NO INJURY / DRIVE AWAY,,,,"OVER $1,500",08/18/2025 09:45:00 AM,FOLLOWING TOO CLOSELY,NOT APPLICABLE,585,E,ILLINOIS ST,1834,,,,,,,2,NO INDICATION OF INJURY,0,0,0,0,0,2,0,22,7,8,41.8910311403,-87.6116712047,POINT (-87.611671204681 41.891031140323)
8bbcb14b8ff0dab745522009ff88c61b419ea8ff4069afcaa986c58a353de28f121ae8970412f9a4ce58603bdfca5bf50096a0e7f91bb3862c40cde59e2a302c,,08/02/2025 10:45:00 PM,30,OTHER,NO CONTROLS,CLEAR,DARKNESS,SIDESWIPE SAME DIRECTION,OTHER,,STRAIGHT AND LEVEL,WET,OTHER,NOT ON SCENE (DESK REPORT),NO INJURY / DRIVE AWAY,,,,"OVER $1,500",08/03/2025 12:23:00 AM,UNABLE TO DETERMINE,NOT APPLICABLE,345,N,WESTERN AVE,1223,,,,,,,2,NO INDICATION OF INJURY,0,0,0,0,0,2,0,22,7,8,41.88801941,-87.6864518998,POINT (-87.68645189977 41.88801940995)
72144744a2fe46b2432ca89f471ffd9ded483fd496029197d07019030bfe0a3fa23dd09b2369679f9a8b42aa70f7b60e8c956e1a05dcf3b98d26c0ca773f85c3,,08/02/2025 10:39:00 PM,30,NO CONTROLS,NO CONTROLS,CLEAR,"DARKNESS, LIGHTED ROAD",REAR END,DIVIDED - W/MEDIAN (NOT RAISED),,STRAIGHT AND LEVEL,DRY,NO DEFECTS,ON SCENE,INJURY AND / OR TOW DUE TO CRASH,,,,"OVER $1,500",08/02/2025 10:39:00 PM,IMPROPER LANE USAGE,DRIVING SKILLS/KNOWLEDGE/EXPERIENCE,3851,S,WESTERN AVE,911,,,,,,,2,INCAPACITATING INJURY,5,0,1,4,0,1,0,22,7,8,41.8232836182,-87.6847403356,POINT (-87.684740335591 41.823283618182)
20af2c45ca7fc446aa87a771eaab1f7ba98cb41d78bc4d6ee203f91d5cca58c4fb1e6bb2b4e707d3175878850d1fbdf3de80f162527d47719f31ad5fba353e43,,08/02/2025 10:36:00 PM,30,NO CONTROLS,NO CONTROLS,CLEAR,"DARKNESS, LIGHTED ROAD",OTHER NONCOLLISION,NOT DIVIDED,,STRAIGHT AND LEVEL,DRY,NO DEFECTS,,NO INJURY / DRIVE AWAY,,,N,"OVER $1,500",08/02/2025 10:43:00 PM,IMPROPER OVERTAKING/PASSING,UNABLE TO DETERMINE,10890,S,RHODES AVE,513,,,,,,,5,NO INDICATION OF INJURY,0,0,0,0,0,2,0,22,7,8,41.6966051403,-87.6101399729,POINT (-87.610139972897 41.69660514026)
28eeb994c9f53a3317d45a3ac42bb8c57c8b5e1f9035647abde6142485caa78ae7f39ae30961f294490924eec329752e950532fc3872daa97fa4601f4c08b39f,,08/02/2025 10:30:00 PM,30,NO CONTROLS,NO CONTROLS,CLEAR,"DARKNESS, LIGHTED ROAD",OTHER NONCOLLISION,DIVIDED - W/MEDIAN BARRIER,,STRAIGHT AND LEVEL,DRY,NO DEFECTS,NOT ON SCENE (DESK REPORT),INJURY AND / OR TOW DUE TO CRASH,,,,"OVER $1,500",08/14/2025 08:25:00 AM,UNABLE TO DETERMINE,NOT APPLICABLE,344,E,GARFIELD BLVD,231,,,,,,,1,"REPORTED, NOT EVIDENT",1,0,0,0,1,2,0,22,7,8,41.7948925302,-87.6174467539,POINT (-87.617446753915 41.794892530202)
2f375bb7009651ec30ead8f128041aaf1d935cfedfb58e55ff6a210591f10cb07e0c0886deb415a06f9b36e94f0f923f1bafcb495b9610eec13a30fd3c30f57d,,08/02/2025 10:30:00 PM,30,NO CONTROLS,NO CONTROLS,CLEAR,"DARKNESS, LIGHTED ROAD",ANGLE,T-INTERSECTION,,STRAIGHT AND LEVEL,DRY,NO DEFECTS,NOT ON SCENE (DESK REPORT),INJURY AND / OR TOW DUE TO CRASH,,,,"$501 - $1,500",08/03/2025 12:20:00 AM,UNABLE TO DETERMINE,NOT APPLICABLE,4900,S,VINCENNES AVE,223,,,,,,,2,NONINCAPACITATING INJURY,1,0,0,1,0,2,0,22,7,8,41.8056922251,-87.6140137533,POINT (-87.614013753251 41.805692225134)
cafe7272918d816e943b4ad3a658a08e788777bb42ae8a1761b1dda32a4011b7c80cb426aebefba9c97eb7978d998472503c46c956820cbd4a8e703f4b037c49,,08/02/2025 10:30:00 PM,35,NO CONTROLS,NO CONTROLS,CLEAR,"DARKNESS, LIGHTED ROAD",SIDESWIPE SAME DIRECTION,ONE-WAY,,STRAIGHT AND LEVEL,DRY,NO DEFECTS,NOT ON SCENE (DESK REPORT),NO INJURY / DRIVE AWAY,,,,"OVER $1,500",08/02/2025 11:15:00 PM,UNABLE TO DETERMINE,NOT APPLICABLE,49,E,GRAND AVE,1834,,,,,,,2,NO INDICATION OF INJURY,0,0,0,0,0,3,0,22,7,8,41.8915850334,-87.6261269319,POINT (-87.626126931911 41.89158503337)
d54bcefd793654036dc38a5f2500f747f0774611d86f8d70c481e5b8cd7cd424a7b0c3e6b2eaabfae81de1b9461a75bcf57dce79d0b3fadd05e024ae65dd870f,Y,08/02/2025 10:30:00 PM,30,TRAFFIC SIGNAL,FUNCTIONING PROPERLY,UNKNOWN,DARKNESS,REAR END,NOT DIVIDED,,STRAIGHT AND LEVEL,UNKNOWN,UNKNOWN,NOT ON SCENE (DESK REPORT),NO INJURY / DRIVE AWAY,,,Y,"OVER $1,500",08/07/2025 08:10:00 PM,UNABLE TO DETERMINE,NOT APPLICABLE,121,W,LA SALLE DR,1814,,,,,,,2,NO INDICATION OF INJURY,0,0,0,0,0,2,0,22,7,8,41.9130289268,-87.6326970688,POINT (-87.632697068774 41.913028926791)
ff9c1fba878076ebf9cf4c870537113f4ec383d40b76ba0b9038d6a1e942ce02ece6d39076d4b2399a02cc4433c6de4d0458950aab3422c7d837ca3f9e9947e2,,08/02/2025 10:30:00 PM,30,TRAFFIC SIGNAL,FUNCTIONING PROPERLY,CLEAR,"DARKNESS, LIGHTED ROAD",REAR END,NOT DIVIDED,,STRAIGHT AND LEVEL,DRY,NO DEFECTS,NOT ON SCENE (DESK REPORT),NO INJURY / DRIVE AWAY,,,,"OVER $1,500",08/02/2025 11:15:00 PM,FOLLOWING TOO CLOSELY,UNABLE TO DETERMINE,4200,S,PULASKI RD,815,,,,,,,2,NO INDICATION OF INJURY,0,0,0,0,0,2,0,22,7,8,41.8169017075,-87.7240515363,POINT (-87.724051536308 41.816901707548)
a40f448650e08a4b6d591406ad6d36d67c72028a5fd15ecac60bb880f6e2b8ee991b7ecfbfab3af53a07835298f2af27f3ec63016bf3d7154179cf3e5db5103c,,08/02/2025 10:18:00 PM,25,NO CONTROLS,NO CONTROLS,CLEAR,"DARKNESS, LIGHTED ROAD",PARKED MOTOR VEHICLE,ONE-WAY,,STRAIGHT AND LEVEL,DRY,NO DEFECTS,NOT ON SCENE (DESK REPORT),NO INJURY / DRIVE AWAY,,,Y,"OVER $1,500",08/03/2025 06:50:00 PM,IMPROPER OVERTAKING/PASSING,DRIVING SKILLS/KNOWLEDGE/EXPERIENCE,1917,N,KEYSTONE AVE,2534,,,,,,,2,NO INDICATION OF INJURY,0,0,0,0,0,1,0,22,7,8,41.9158738345,-87.7275941355,POINT (-87.727594135514 41.915873834525)
61ac8cb4b2db657b145053c34623915da28889056947c511ec4bce3ad8c133f111bc6aaa831cb8c261debefd895318fb56bc992f201c8096ed342572e83c8102,,08/02/2025 10:10:00 PM,30,TRAFFIC SIGNAL,FUNCTIONING PROPERLY,CLEAR,"DARKNESS, LIGHTED ROAD",REAR END,DIVIDED - W/MEDIAN (NOT RAISED),,STRAIGHT AND LEVEL,DRY,NO DEFECTS,NOT ON SCENE (DESK REPORT),NO INJURY / DRIVE AWAY,,,,"OVER $1,500",08/05/2025 12:06:00 AM,FOLLOWING TOO CLOSELY,FOLLOWING TOO CLOSELY,2,N,MICHIGAN AVE,112,,,,,,,2,NO INDICATION OF INJURY,0,0,0,0,0,2,0,22,7,8,41.8821641673,-87.6245142736,POINT (-87.624514273622 41.88216416733)
3875b5b6f8492a8c55c04049587b0bf419a627f0ca4456de248b3d68426aada07dccc0aefb2dea349ee686cc5b648332a2fe9849a98c32c7dc9b032e1807e1e9,,08/02/2025 10:00:00 PM,10,NO CONTROLS,NO CONTROLS,CLEAR,"DARKNESS, LIGHTED ROAD",PARKED MOTOR VEHICLE,PARKING LOT,,STRAIGHT AND LEVEL,DRY,NO DEFECTS,ON SCENE,INJURY AND / OR TOW DUE TO CRASH,,Y,,"OVER $1,500",08/02/2025 10:08:00 PM,DRIVING SKILLS/KNOWLEDGE/EXPERIENCE,UNABLE TO DETERMINE,7923,S,HALSTED ST,621,,,,,,,2,NO INDICATION OF INJURY,0,0,0,0,0,1,0,22,7,8,41.7499314582,-87.6438771253,POINT (-87.643877125327 41.749931458226)
86689a3ad72e79160a626a952fd9058bc806498a0706877f423d53ed24287981a246f24efaa812a0787e8a5c7adf2c7ec53b831cb7b1174dd02a043682aabfa4,,08/02/2025 09:49:00 PM,30,NO CONTROLS,NO CONTROLS,CLEAR,DARKNESS,FIXED OBJECT,OTHER,,STRAIGHT AND LEVEL,DRY,NO DEFECTS,NOT ON SCENE (DESK REPORT),NO INJURY / DRIVE AWAY,,,Y,"OVER $1,500",08/03/2025 01:19:00 PM,IMPROPER LANE USAGE,NOT APPLICABLE,5442,S,RICHMOND ST,923,,,,,,,1,NO INDICATION OF INJURY,0,0,0,0,0,1,0,21,7,8,41.794168185,-87.6976216043,POINT (-87.697621604313 41.794168184995)
4eb0765e6e9e820f1b5a9ef0d81e7e592144b87565682e79241be32b5d1dc82a8e4ea99c51fff63eeb27d18eb894111a43502f0c442b7cbc72994ebe0344fc0c,Y,08/02/2025 09:45:00 PM,30,UNKNOWN,UNKNOWN,CLEAR,UNKNOWN,PARKED MOTOR VEHICLE,DIVIDED - W/MEDIAN (NOT RAISED),,STRAIGHT AND LEVEL,DRY,NO DEFECTS,NOT ON SCENE (DESK REPORT),NO INJURY / DRIVE AWAY,,,Y,"OVER $1,500",08/02/2025 10:50:00 PM,DRIVING SKILLS/KNOWLEDGE/EXPERIENCE,UNABLE TO DETERMINE,910,N,HAMLIN AVE,1112,,,,,,,2,NO INDICATION OF INJURY,0,0,0,0,0,1,0,21,7,8,41.8976090663,-87.7214113352,POINT (-87.721411335218 41.897609066348)
469ae4385ba1e979457c6a4a09a8364a9f4d7ce94dc282b6282193e4d4c847f1dcd49c02945241c457a3c301db84d5ef8b35b770429e568bb284892105520c45,,08/02/2025 09:30:00 PM,30,UNKNOWN,UNKNOWN,CLEAR,"DARKNESS, LIGHTED ROAD",REAR TO FRONT,NOT DIVIDED,,STRAIGHT AND LEVEL,DRY,NO DEFECTS,NOT ON SCENE (DESK REPORT),NO INJURY / DRIVE AWAY,,,Y,"$501 - $1,500",08/03/2025 03:00:00 AM,IMPROPER BACKING,UNABLE TO DETERMINE,3937,W,FILLMORE ST,1132,,Y,,,,,2,NO INDICATION OF INJURY,0,0,0,0,0,2,0,21,7,8,41.8678930605,-87.7242826879,POINT (-87.724282687906 41.867893060492)
619d4f692f84cc9306230b03993303aa15587bc32b00c1eb74878dc7ca30e3b9ca930049d8a088032f2edd0ebcfc7b52d61dfdc53cdb414d7f9a3c62c685a06b,,08/02/2025 09:30:00 PM,40,NO CONTROLS,NO CONTROLS,CLEAR,DUSK,REAR END,DIVIDED - W/MEDIAN BARRIER,,STRAIGHT AND LEVEL,DRY,UNKNOWN,ON SCENE,INJURY AND / OR TOW DUE TO CRASH,,,,"OVER $1,500",08/02/2025 09:45:00 PM,FAILING TO REDUCE SPEED TO AVOID CRASH,NOT APPLICABLE,600,N,LAKE SHORE DR NB,1834,,,,,,,2,NO INDICATION OF INJURY,0,0,0,0,0,4,0,21,7,8,41.8926672756,-87.6143625489,POINT (-87.614362548909 41.89266727562)
7513dec8c446bcbcd18552f8724767f090fb5d99ec0f568d1f48524fb38f01162a956c2f9679afc4919389900b1ec5d437a9b13a552ef69d0352124382ff3300,,08/02/2025 09:30:00 PM,30,NO CONTROLS,NO CONTROLS,CLEAR,"DARKNESS, LIGHTED ROAD",PARKED MOTOR VEHICLE,DIVIDED - W/MEDIAN (NOT RAISED),,STRAIGHT AND LEVEL,DRY,UNKNOWN,NOT ON SCENE (DESK REPORT),NO INJURY / DRIVE AWAY,,,Y,"$501 - $1,500",08/04/2025 03:40:00 PM,UNABLE TO DETERMINE,UNABLE TO DETERMINE,1545,W,SUMMERDALE AVE,2012,,,,,,,2,NO INDICATION OF INJURY,0,0,0,0,0,1,0,21,7,8,41.9788015908,-87.6696186794,POINT (-87.66961867935 41.978801590808)
a92cd0fa98a13279df2337afa1954ef18fda155bae2bca423ac0a6d2b9482b6b594518f0a4882374af51ef09505dd22c48171a1bbec92d1b940ed66a143f7e81,,08/02/2025 09:30:00 PM,30,STOP SIGN/FLASHER,FUNCTIONING PROPERLY,CLEAR,"DARKNESS, LIGHTED ROAD",FIXED OBJECT,T-INTERSECTION,,STRAIGHT AND LEVEL,DRY,NO DEFECTS,ON SCENE,INJURY AND / OR TOW DUE TO CRASH,,,,$500 OR LESS,08/02/2025 09:30:00 PM,FAILING TO REDUCE SPEED TO AVOID CRASH,DRIVING SKILLS/KNOWLEDGE/EXPERIENCE,4101,W,CONGRESS PKWY,1132,,,,,,,1,"REPORTED, NOT EVIDENT",1,0,0,0,1,0,0,21,7,8,41.8742160667,-87.7280155868,POINT (-87.728015586818 41.87421606674)
bc48ad3371345ee1b2b32b128a77844b8e1e1d434b9794f739251313ff64acec3dd418fdef70a177eae8cdafbd0a5f136e28b47cfb277db6021317fae2b65537,,08/02/2025 09:30:00 PM,35,TRAFFIC SIGNAL,FUNCTIONING PROPERLY,CLEAR,"DARKNESS, LIGHTED ROAD",REAR END,DIVIDED - W/MEDIAN (NOT RAISED),,STRAIGHT AND LEVEL,DRY,UNKNOWN,NOT ON SCENE (DESK REPORT),NO INJURY / DRIVE AWAY,,,Y,"OVER $1,500",08/02/2025 11:15:00 PM,UNABLE TO DETERMINE,NOT APPLICABLE,759,E,95TH ST,511,,,,,,,2,NO INDICATION OF INJURY,0,0,0,0,0,4,0,21,7,8,41.7219351163,-87.6046031594,POINT (-87.604603159395 41.721935116339)
ceb37311863d2266459da7b969f7ce8d4d9f02cbf9d3fd7bbe0f8aa3392ea263ba6698038c7919383c510e8dfe17a2dfd730962ffc76a4a7cf2eacb0f0bf5945,,08/02/2025 09:30:00 PM,30,TRAFFIC SIGNAL,FUNCTIONING PROPERLY,CLEAR,"DARKNESS, LIGHTED ROAD",TURNING,FOUR WAY,,STRAIGHT AND LEVEL,DRY,NO DEFECTS,NOT ON SCENE (DESK REPORT),NO INJURY / DRIVE AWAY,Y,,,$500 OR LESS,08/02/2025 10:00:00 PM,IMPROPER LANE USAGE,UNABLE TO DETERMINE,9900,S,HALSTED ST,2232,,,,,,,2,NO INDICATION OF INJURY,0,0,0,0,0,2,0,21,7,8,41.7141188681,-87.6431454082,POINT (-87.643145408182 41.71411886809)
7ad54eaf4d875108a91485666db4cd0f8aab0f630c14dacff0e5cbf5c17b1e3bb19d704643504bd3b3dc2336bd35f77ac3740efc2940d661d3c1f2180511f9a5,,08/02/2025 09:29:00 PM,30,UNKNOWN,FUNCTIONING PROPERLY,UNKNOWN,UNKNOWN,SIDESWIPE SAME DIRECTION,UNKNOWN,,STRAIGHT AND LEVEL,UNKNOWN,UNKNOWN,NOT ON SCENE (DESK REPORT),NO INJURY / DRIVE AWAY,,,Y,"OVER $1,500",08/07/2025 10:45:00 PM,FAILING TO YIELD RIGHT-OF-WAY,UNABLE TO DETERMINE,100,E,ROOSEVELT RD,114,,,,,,,2,NO INDICATION OF INJURY,0,0,0,0,0,2,0,21,7,8,41.8675665406,-87.6240941748,POINT (-87.624094174802 41.867566540607)
255b2e09b9ac3f30340d4003d0d67c2baca42526368a7369681562a1f960610788e9aab5aa1f3270a6414760bb120f85558595c5b86a153304464beb715dbc41,,08/02/2025 09:28:00 PM,30,STOP SIGN/FLASHER,NO CONTROLS,CLEAR,"DARKNESS, LIGHTED ROAD",REAR END,FOUR WAY,,STRAIGHT AND LEVEL,DRY,NO DEFECTS,ON SCENE,NO INJURY / DRIVE AWAY,,,,"OVER $1,500",08/02/2025 09:28:00 PM,UNDER THE INFLUENCE OF ALCOHOL/DRUGS (USE WHEN ARREST IS EFFECTED),UNDER THE INFLUENCE OF ALCOHOL/DRUGS (USE WHEN ARREST IS EFFECTED),200,S,LARAMIE AVE,1522,,,,,,,2,NO INDICATION OF INJURY,0,0,0,0,0,2,0,21,7,8,41.8784231733,-87.7551414485,POINT (-87.755141448529 41.878423173272)