CRASH_RECORD_ID,CRASH_DATE_EST_I,CRASH_DATE,POSTED_SPEED_LIMIT,TRAFFIC_CONTROL_DEVICE,DEVICE_CONDITION,WEATHER_CONDITION,LIGHTING_CONDITION,FIRST_CRASH_TYPE,TRAFFICWAY_TYPE,LANE_CNT,ALIGNMENT,ROADWAY_SURFACE_COND,ROAD_DEFECT,REPORT_TYPE,CRASH_TYPE,INTERSECTION_RELATED_I,NOT_RIGHT_OF_WAY_I,HIT_AND_RUN_I,DAMAGE,DATE_POLICE_NOTIFIED,PRIM_CONTRIBUTORY_CAUSE,SEC_CONTRIBUTORY_CAUSE,STREET_NO,STREET_DIRECTION,STREET_NAME,BEAT_OF_OCCURRENCE,PHOTOS_TAKEN_I,STATEMENTS_TAKEN_I,DOORING_I,WORK_ZONE_I,WORK_ZONE_TYPE,WORKERS_PRESENT_I,NUM_UNITS,MOST_SEVERE_INJURY,INJURIES_TOTAL,INJURIES_FATAL,INJURIES_INCAPACITATING,INJURIES_NON_INCAPACITATING,INJURIES_REPORTED_NOT_EVIDENT,INJURIES_NO_INDICATION,INJURIES_UNKNOWN,CRASH_HOUR,CRASH_DAY_OF_WEEK,CRASH_MONTH,LATITUDE,LONGITUDE,LOCATION
3878a6ac0529c38912e9cb586925150088beb1be1350e6c9d9bada0a016e4f4c33cb1124e001d2b64c5bfb620231a3841666b1a516098b3ba019ef348a111362,,08/02/2025 05:00:00 PM,20,NO CONTROLS,NO CONTROLS,UNKNOWN,UNKNOWN,PARKED MOTOR VEHICLE,ONE-WAY,,STRAIGHT AND LEVEL,UNKNOWN,UNKNOWN,NOT ON SCENE (DESK REPORT),NO INJURY / DRIVE AWAY,,,,"OVER $1,500",08/05/2025 08:30:00 AM,UNABLE TO DETERMINE,NOT APPLICABLE,6847,S,EAST END AVE,332,,,,,,,2,NO INDICATION OF INJURY,0,0,0,0,0,1,0,17,7,8,41.7701489025,-87.5836321968,POINT (-87.583632196834 41.770148902548)
4ddce5a8b88f86241f2081e34010c6fd829a0a51b19ea529dc7d88905718bbe799d335cb639c2fe776819f3d3edd5de32cae5beb402055c5050ccafb41d771f0,,08/02/2025 05:00:00 PM,10,NO CONTROLS,NO CONTROLS,CLEAR,DAYLIGHT,PARKED MOTOR VEHICLE,PARKING LOT,,STRAIGHT AND LEVEL,DRY,NO DEFECTS,NOT ON SCENE (DESK REPORT),NO INJURY / DRIVE AWAY,,,,"$501 - $1,500",08/02/2025 11:15:00 PM,IMPROPER BACKING,UNABLE TO DETERMINE,734,W,111TH ST,2233,,,,,,,2,NO INDICATION OF INJURY,0,0,0,0,0,2,0,17,7,8,41.6924749748,-87.6413134188,POINT (-87.641313418842 41.692474974776)
c7e2cec7aa1d1a2fd7ff49fb9738d021c95981716f7ecd37dd5d19db024f8f53fee66a0ce446603bbd3721eb9e1a97bd8fbd02b0eed9741e778c90c1a654e500,,08/02/2025 05:00:00 PM,25,TRAFFIC SIGNAL,FUNCTIONING PROPERLY,CLEAR,DAYLIGHT,SIDESWIPE SAME DIRECTION,FOUR WAY,,STRAIGHT AND LEVEL,DRY,NO DEFECTS,NOT ON SCENE (DESK REPORT),NO INJURY / DRIVE AWAY,,,,"OVER $1,500",08/02/2025 05:00:00 PM,IMPROPER OVERTAKING/PASSING,IMPROPER OVERTAKING/PASSING,1200,W,DIVISION ST,1433,Y,,,,,,2,NO INDICATION OF INJURY,0,0,0,0,0,2,0,17,7,8,41.9036178177,-87.6574736354,POINT (-87.657473635421 41.903617817686)
42d682cef3765ec9506788c9ca13179b92559312ae9a88f747eb0cd196d211d0b3853b6806da76684307280009227d84355012b480cce1541c964eb6e33119b5,,08/02/2025 04:55:00 PM,30,STOP SIGN/FLASHER,FUNCTIONING PROPERLY,CLEAR,DAYLIGHT,REAR END,NOT DIVIDED,,STRAIGHT AND LEVEL,DRY,NO DEFECTS,,INJURY AND / OR TOW DUE TO CRASH,,,Y,"$501 - $1,500",08/02/2025 05:42:00 PM,FOLLOWING TOO CLOSELY,NOT APPLICABLE,8700,S,LAFAYETTE AVE,634,,,,,,,2,"REPORTED, NOT EVIDENT",1,0,0,0,1,2,0,16,7,8,41.7361651101,-87.625587569,POINT (-87.625587568999 41.736165110086)
5e5d1b6f73667c2c1b66415b7c5b1bc3339c8390aedcb022ac22641f33630d3cb377366180e85a717529509362c11a703d7381521e321ce20c0b02537f3ce128,,08/02/2025 04:50:00 PM,30,TRAFFIC SIGNAL,FUNCTIONING PROPERLY,CLEAR,DAYLIGHT,TURNING,DIVIDED - W/MEDIAN (NOT RAISED),,STRAIGHT AND LEVEL,DRY,NO DEFECTS,NOT ON SCENE (DESK REPORT),NO INJURY / DRIVE AWAY,,,,"OVER $1,500",08/04/2025 03:45:00 PM,FAILING TO YIELD RIGHT-OF-WAY,NOT APPLICABLE,2544,E,95TH ST,423,,,,,,,2,NO INDICATION OF INJURY,0,0,0,0,0,3,0,16,7,8,41.7227454556,-87.5617080667,POINT (-87.561708066719 41.72274545558)
de168a4e8d5c9b9b1aebd2976dd1bb8982a5d2b2ffb78a4127ae4dea25a7fcbcb20e18fb021018d679b52d0fecf631ec78870d5cb5d0cc9562d0000c93f54f05,,08/02/2025 04:46:00 PM,30,STOP SIGN/FLASHER,FUNCTIONING PROPERLY,CLEAR,DAYLIGHT,TURNING,NOT DIVIDED,,STRAIGHT AND LEVEL,DRY,NO DEFECTS,ON SCENE,NO INJURY / DRIVE AWAY,,,,"$501 - $1,500",08/02/2025 04:46:00 PM,FAILING TO YIELD RIGHT-OF-WAY,DRIVING SKILLS/KNOWLEDGE/EXPERIENCE,3998,W,POLK ST,1132,,,,,,,2,NO INDICATION OF INJURY,0,0,0,0,0,2,0,16,7,8,41.8708329298,-87.725219616,POINT (-87.725219615998 41.870832929813)
5e70378d7454576895c9549a545cbc9eef3fe495a33254cf098e8962bea1a40cbe4309d4335cc4826c7d488631ef47c2107ab7fb86480f5b8f8b457306561179,,08/02/2025 04:45:00 PM,30,NO CONTROLS,NO CONTROLS,CLEAR,DAYLIGHT,PEDALCYCLIST,ONE-WAY,,STRAIGHT AND LEVEL,DRY,NO DEFECTS,NOT ON SCENE (DESK REPORT),NO INJURY / DRIVE AWAY,,,,"$501 - $1,500",08/02/2025 06:15:00 PM,FAILING TO REDUCE SPEED TO AVOID CRASH,UNABLE TO DETERMINE,2144,N,SAYRE AVE,2512,,,,,,,2,NO INDICATION OF INJURY,0,0,0,0,0,1,0,16,7,8,41.919413469,-87.8007569047,POINT (-87.800756904739 41.919413468995)
6af707846d0d03246534b977ff27c8a769599d0c2e34807da9a97d32169702e632e457d15830d1485817bab142902ef84b10dd290eaaca270d30fcda217ff772,,08/02/2025 04:45:00 PM,30,STOP SIGN/FLASHER,FUNCTIONING PROPERLY,CLEAR,DAYLIGHT,TURNING,NOT DIVIDED,,STRAIGHT AND LEVEL,DRY,NO DEFECTS,NOT ON SCENE (DESK REPORT),NO INJURY / DRIVE AWAY,Y,Y,,"OVER $1,500",08/02/2025 06:31:00 PM,EQUIPMENT - VEHICLE CONDITION,EQUIPMENT - VEHICLE CONDITION,130,E,RANDOLPH ST,114,,,,,,,2,NO INDICATION OF INJURY,0,0,0,0,0,2,0,16,7,8,41.884588372,-87.6232725611,POINT (-87.623272561055 41.884588371969)
851b7bac55981805cf4b3f067501b4d99e2ced7b002a8798ad8337c43f72e5f21f61d3db08ba4ade086a797ca60c0b2c395ef551c314007437741a8924771dce,,08/02/2025 04:45:00 PM,30,STOP SIGN/FLASHER,OTHER,CLEAR,DAYLIGHT,TURNING,NOT DIVIDED,,STRAIGHT AND LEVEL,UNKNOWN,UNKNOWN,NOT ON SCENE (DESK REPORT),NO INJURY / DRIVE AWAY,,,,"OVER $1,500",08/02/2025 05:05:00 PM,UNABLE TO DETERMINE,UNABLE TO DETERMINE,5498,W,HIGGINS AVE,1623,,,,,,,2,NO INDICATION OF INJURY,0,0,0,0,0,2,0,16,7,8,41.9697082648,-87.764853918,POINT (-87.76485391802 41.969708264768)
c375b650ae66888f5c61f2f52ba40b16f86a40f849798297085da8321799a326f3647c201c0917d1c1dbcfb115c99b098bd3902517181d724dd0a5a8d7de6866,,08/02/2025 04:45:00 PM,30,TRAFFIC SIGNAL,FUNCTIONING PROPERLY,CLEAR,DAYLIGHT,SIDESWIPE SAME DIRECTION,TRAFFIC ROUTE,,STRAIGHT AND LEVEL,DRY,NO DEFECTS,,NO INJURY / DRIVE AWAY,Y,,Y,"$501 - $1,500",08/02/2025 05:15:00 PM,IMPROPER OVERTAKING/PASSING,NOT APPLICABLE,11500,S,MARSHFIELD AVE,2234,,,,,,,3,NO INDICATION OF INJURY,0,0,0,0,0,6,0,16,7,8,41.6847087629,-87.6628557576,POINT (-87.662855757575 41.684708762863)
33244dedf1100fa9f7be94079e686eb6396068b969eaddb867b6b9d5c8539bbf32f2f618d2a25ae372a519053034f0e04683c90d90cf4fe87efae62f7c7e41df,,08/02/2025 04:40:00 PM,25,NO CONTROLS,NO CONTROLS,CLEAR,DAYLIGHT,PARKED MOTOR VEHICLE,NOT DIVIDED,,STRAIGHT AND LEVEL,DRY,NO DEFECTS,NOT ON SCENE (DESK REPORT),NO INJURY / DRIVE AWAY,,,,"OVER $1,500",08/05/2025 01:05:00 PM,NOT APPLICABLE,NOT APPLICABLE,834,W,ROSCOE ST,1924,,,,,,,2,NO INDICATION OF INJURY,0,0,0,0,0,2,0,16,7,8,41.9437082856,-87.6507315669,POINT (-87.650731566945 41.943708285638)
b6d3516ea84ba73aaa96d9054fe9c4c9ba45046e12de0e1d863891182dbc7a06a0d50c871ed1c1f5032862504000c03f4dd80b1f58bbf3eee078bef726b9f6d0,,08/02/2025 04:38:00 PM,30,STOP SIGN/FLASHER,FUNCTIONING PROPERLY,CLEAR,DAYLIGHT,TURNING,FOUR WAY,,STRAIGHT AND LEVEL,DRY,NO DEFECTS,NOT ON SCENE (DESK REPORT),NO INJURY / DRIVE AWAY,Y,,,"OVER $1,500",08/02/2025 05:30:00 PM,FAILING TO YIELD RIGHT-OF-WAY,FAILING TO REDUCE SPEED TO AVOID CRASH,5500,W,CORTLAND ST,2532,,,,,,,2,NO INDICATION OF INJURY,0,0,0,0,0,4,0,16,7,8,41.9145004035,-87.7632460902,POINT (-87.763246090194 41.914500403497)
da5433bf0d4db5f1defe814215f0458adb1580e775259728842596e343fad9aa3bfb5500ef425a0cfc3a8984ce2c681c975ef793eb9f787b2c345c946085842b,,08/02/2025 04:38:00 PM,20,NO CONTROLS,NO CONTROLS,CLEAR,DAYLIGHT,REAR TO FRONT,PARKING LOT,,STRAIGHT AND LEVEL,DRY,NO DEFECTS,NOT ON SCENE (DESK REPORT),NO INJURY / DRIVE AWAY,,Y,,"OVER $1,500",08/02/2025 05:15:00 PM,IMPROPER BACKING,NOT APPLICABLE,6075,N,LINCOLN AVE,1711,,,,,,,2,NO INDICATION OF INJURY,0,0,0,0,0,3,0,16,7,8,41.9923449025,-87.7103231013,POINT (-87.71032310131 41.992344902465)
3639d6ee9eb2fa30d0ccea654f19b00b90762f15b875917d450ca04baba236d256591c760df4ec33ab331a83d3bc5f7e9c794de40e5239907c181a5f33a8a5d3,,08/02/2025 04:30:00 PM,30,NO CONTROLS,NO CONTROLS,CLEAR,DAYLIGHT,PARKED MOTOR VEHICLE,PARKING LOT,,STRAIGHT AND LEVEL,DRY,NO DEFECTS,NOT ON SCENE (DESK REPORT),NO INJURY / DRIVE AWAY,,,Y,"$501 - $1,500",08/02/2025 04:30:00 PM,IMPROPER BACKING,UNABLE TO DETERMINE,4701,N,KEDZIE AVE,1713,,,,,,,2,NO INDICATION OF INJURY,0,0,0,0,0,1,0,16,7,8,41.9667227461,-87.7082732532,POINT (-87.708273253174 41.966722746097)
62392141d36ee7103265f8c38ae815f9c957b5def0f13fe8b167b07b5d42c4016d01f53f5a771774a7ae74cbd188538ba5e920e553620510b18fd89cdd96807e,,08/02/2025 04:30:00 PM,30,NO CONTROLS,NO CONTROLS,CLEAR,DAYLIGHT,SIDESWIPE SAME DIRECTION,FOUR WAY,,STRAIGHT AND LEVEL,DRY,NO DEFECTS,NOT ON SCENE (DESK REPORT),NO INJURY / DRIVE AWAY,,,,"OVER $1,500",08/03/2025 02:00:00 PM,UNABLE TO DETERMINE,UNABLE TO DETERMINE,8338,S,ASHLAND AVE,614,,,,,,,2,NO INDICATION OF INJURY,0,0,0,0,0,2,0,16,7,8,41.7419068462,-87.6633712794,POINT (-87.663371279363 41.741906846184)
2c2ab517d57840ea8c7e3fee8b02f23798b3ed2d0fb09a840fcc3718edcce4cc7803bb01d7d191c16fa2b0dc3a7c1ad53e604508b0cc901f59b2d2a02b32f4ac,,08/02/2025 04:28:00 PM,30,TRAFFIC SIGNAL,FUNCTIONING PROPERLY,CLEAR,DAYLIGHT,PEDALCYCLIST,NOT DIVIDED,,STRAIGHT AND LEVEL,DRY,NO DEFECTS,ON SCENE,INJURY AND / OR TOW DUE TO CRASH,Y,,,"OVER $1,500",08/02/2025 04:32:00 PM,NOT APPLICABLE,NOT APPLICABLE,600,W,31ST ST,914,,,,,,,2,NONINCAPACITATING INJURY,1,0,0,1,0,4,0,16,7,8,41.8382159984,-87.6414801026,POINT (-87.641480102592 41.838215998403)
875cc9ee4446ae67c14b94c3c3a36f0b457c727bfec5dbd2bcb26d1e088793a2a92320109221a31e0a7aaf1f2c65e8c315a8e9273195a63d697443d428a937e5,,08/02/2025 04:23:00 PM,25,NO CONTROLS,UNKNOWN,CLEAR,DAYLIGHT,REAR END,NOT DIVIDED,,STRAIGHT AND LEVEL,DRY,UNKNOWN,ON SCENE,NO INJURY / DRIVE AWAY,,,,$500 OR LESS,08/02/2025 04:49:00 PM,FAILING TO REDUCE SPEED TO AVOID CRASH,UNABLE TO DETERMINE,2248,W,ARMITAGE AVE,1432,,,,,,,2,NO INDICATION OF INJURY,0,0,0,0,0,2,0,16,7,8,41.9177333723,-87.684461864,POINT (-87.684461863971 41.917733372333)
a3f9eaa7d209927e16b9ddb968210cfa10b4498d76fac175dd8f6b666636bde6bd6fac1ac1b1c14341bebe2102ae6b6ead431937926e82fd64d00a16c5346853,,08/02/2025 04:21:00 PM,25,TRAFFIC SIGNAL,FUNCTIONING PROPERLY,CLEAR,DAYLIGHT,REAR END,DIVIDED - W/MEDIAN BARRIER,,STRAIGHT AND LEVEL,DRY,NO DEFECTS,ON SCENE,INJURY AND / OR TOW DUE TO CRASH,,,,"OVER $1,500",08/02/2025 04:21:00 PM,FOLLOWING TOO CLOSELY,UNABLE TO DETERMINE,3356,W,LAKE ST,1123,,,,,,,2,NO INDICATION OF INJURY,0,0,0,0,0,2,0,16,7,8,41.8847342237,-87.7109190573,POINT (-87.71091905732 41.884734223659)
c6d61a70b59ebacc32253496067ff322c55ba042f575cbc0c868f41ff2bd4197ba7c7f36b67941cff33bbbec273f0a2eda7f2e9a9a28c572b679339eab2fa7df,,08/02/2025 04:10:00 PM,30,TRAFFIC SIGNAL,FUNCTIONING PROPERLY,CLEAR,DAYLIGHT,REAR END,NOT DIVIDED,,STRAIGHT AND LEVEL,DRY,NO DEFECTS,NOT ON SCENE (DESK REPORT),NO INJURY / DRIVE AWAY,Y,,,"OVER $1,500",08/08/2025 07:20:00 AM,FOLLOWING TOO CLOSELY,DRIVING SKILLS/KNOWLEDGE/EXPERIENCE,3416,S,DAMEN AVE,912,,,,,,,2,NO INDICATION OF INJURY,0,0,0,0,0,4,0,16,7,8,41.8318358109,-87.6754618393,POINT (-87.6754618393 41.831835810861)
e0a558f25892bb7e724477d849e2e8ccd9e69b02ea769636ba31f780888add113b1595f465aaf8de14e2d3f709d98be0bdb51537d13f0d165c513db5d58b6959,,08/02/2025 04:06:00 PM,30,STOP SIGN/FLASHER,OTHER,CLEAR,DAYLIGHT,ANGLE,NOT DIVIDED,,STRAIGHT AND LEVEL,DRY,NO DEFECTS,ON SCENE,INJURY AND / OR TOW DUE TO CRASH,Y,,,"OVER $1,500",08/02/2025 04:41:00 PM,FAILING TO YIELD RIGHT-OF-WAY,NOT APPLICABLE,101,E,116TH ST,532,,,,,,,2,NO INDICATION OF INJURY,0,0,0,0,0,3,0,16,7,8,41.682447738,-87.6206150968,POINT (-87.620615096812 41.68244773797)
b109b20e9ad08d4019b99c2bef4612a87f15361e6adf86c523c54097dc9fe3ef2a69aa86744f577ff3b25c691d3cf91da58ef4562e0cab71cefb4761f06f000c,,08/02/2025 04:05:00 PM,30,NO CONTROLS,NO CONTROLS,CLEAR,DAYLIGHT,TURNING,NOT DIVIDED,,STRAIGHT AND LEVEL,DRY,NO DEFECTS,ON SCENE,INJURY AND / OR TOW DUE TO CRASH,,,,"OVER $1,500",08/02/2025 04:08:00 PM,FAILING TO REDUCE SPEED TO AVOID CRASH,NOT APPLICABLE,3610,N,WESTERN AVE,1921,,,,,,,2,NO INDICATION OF INJURY,0,0,0,0,0,2,0,16,7,8,41.9471006865,-87.6884137194,POINT (-87.688413719427 41.947100686508)
13154dffb1f1476c986f10849c6aed3f8c3b92fad4e17c36559fc9fdffd6ac798eaebfabf3898b576be3e4581c8cec09b535f631905ed204a67ea69bf86ea971,,08/02/2025 04:00:00 PM,30,STOP SIGN/FLASHER,FUNCTIONING PROPERLY,CLEAR,DAYLIGHT,SIDESWIPE SAME DIRECTION,FOUR WAY,,STRAIGHT AND LEVEL,DRY,NO DEFECTS,NOT ON SCENE (DESK REPORT),NO INJURY / DRIVE AWAY,,,Y,"OVER $1,500",08/02/2025 04:40:00 PM,DRIVING ON WRONG SIDE/WRONG WAY,NOT APPLICABLE,9400,S,HARVARD AVE,634,,,,,,,2,NO INDICATION OF INJURY,0,0,0,0,0,2,0,16,7,8,41.7245686327,-87.6313218729,POINT (-87.631321872871 41.724568632692)
3ebe877fef336f59db8f06fca4616532ece3c5449fa9d116f6feb692e7655373057dafb08c2b58a479be307827186e73fb88b41e9ecaff1a8d44d935cdcc985a,N,08/02/2025 04:00:00 PM,30,NO CONTROLS,NO CONTROLS,UNKNOWN,UNKNOWN,PARKED MOTOR VEHICLE,DIVIDED - W/MEDIAN (NOT RAISED),,STRAIGHT AND LEVEL,DRY,UNKNOWN,NOT ON SCENE (DESK REPORT),NO INJURY / DRIVE AWAY,,,Y,"OVER $1,500",08/03/2025 07:20:00 AM,UNABLE TO DETERMINE,UNABLE TO DETERMINE,4113,N,WESTERN AVE,1911,,,,,,,2,NO INDICATION OF INJURY,0,0,0,0,0,1,0,16,7,8,41.9562454223,-87.6883849437,POINT (-87.68838494367 41.956245422294)
75f005a6fbb09bbdc0316cae0c32dbf0ff815060a99bf6481bc69b001736f01512010a6bd21043faa91a4c22759bc5b45e3ce5ff7d0ba745355efb08d70fdb6e,,08/02/2025 04:00:00 PM,30,UNKNOWN,UNKNOWN,CLEAR,DAYLIGHT,REAR END,NOT DIVIDED,,STRAIGHT AND LEVEL,UNKNOWN,UNKNOWN,NOT ON SCENE (DESK REPORT),NO INJURY / DRIVE AWAY,,,,"OVER $1,500",08/02/2025 05:40:00 PM,UNABLE TO DETERMINE,UNABLE TO DETERMINE,78,E,WASHINGTON ST,111,,,,,,,2,NO INDICATION OF INJURY,0,0,0,0,0,2,0,16,7,8,41.8833342793,-87.6250501351,POINT (-87.625050135114 41.883334279294)
7920a6d9a796724cd317c53958254ef9f38731914da7af1311a19bbb283871913cb9febb21ce0ed6b4f9d626d119305179b060b8b7f0a5aa605ad3769080f0c2,,08/02/2025 04:00:00 PM,30,STOP SIGN/FLASHER,FUNCTIONING PROPERLY,CLEAR,DAYLIGHT,PARKED MOTOR VEHICLE,ONE-WAY,,STRAIGHT AND LEVEL,DRY,UNKNOWN,ON SCENE,NO INJURY / DRIVE AWAY,,,Y,"OVER $1,500",08/02/2025 04:30:00 PM,UNABLE TO DETERMINE,UNABLE TO DETERMINE,1200,E,62ND ST,314,,,,,,,2,NO INDICATION OF INJURY,0,0,0,0,0,1,0,16,7,8,41.7824532186,-87.5961700365,POINT (-87.596170036534 41.782453218568)
c2af3386a502b2a3b770c0d290b3cdf3c6686bac74502fddbc487a1da2b21bdb008a6c2a917da1aa21d62009659036c330abda0064b78427a98c1f68c47bc722,,08/02/2025 04:00:00 PM,30,TRAFFIC SIGNAL,FUNCTIONING PROPERLY,CLEAR,DAYLIGHT,REAR END,NOT DIVIDED,,STRAIGHT AND LEVEL,DRY,NO DEFECTS,NOT ON SCENE (DESK REPORT),NO INJURY / DRIVE AWAY,,,,"OVER $1,500",08/03/2025 03:00:00 PM,FOLLOWING TOO CLOSELY,UNABLE TO DETERMINE,5800,N,CUMBERLAND AVE,1614,,,,,,,2,NO INDICATION OF INJURY,0,0,0,0,0,2,0,16,7,8,41.9845299005,-87.8367282024,POINT (-87.836728202353 41.984529900475)
ec033f6bc7bc6721534e7e6136980819a5fcfe5a21897c406fd68d5605d0fadc6a0aa531bc3e515d8441b020979c4bea8e71fcd269e2117c674912cdc412b877,,08/02/2025 04:00:00 PM,30,NO CONTROLS,NO CONTROLS,CLEAR,DAYLIGHT,SIDESWIPE SAME DIRECTION,DIVIDED - W/MEDIAN (NOT RAISED),,STRAIGHT AND LEVEL,DRY,NO DEFECTS,NOT ON SCENE (DESK REPORT),NO INJURY / DRIVE AWAY,,,,"OVER $1,500",08/02/2025 05:00:00 PM,IMPROPER OVERTAKING/PASSING,UNABLE TO DETERMINE,3124,W,IRVING PARK RD,1724,,,,,,,2,NO INDICATION OF INJURY,0,0,0,0,0,2,0,16,7,8,41.9540384553,-87.7067348119,POINT (-87.706734811872 41.954038455272)
216525b3ae890679710b8470b7644097bd73effbd17e792b8fe157663a5c4a9b6a82f82e1d221405af3f87e834c3aab4ae89a3fb1f9323fa994ece4b28f21b76,,08/02/2025 03:55:00 PM,30,NO CONTROLS,NO CONTROLS,CLEAR,DAYLIGHT,TURNING,NOT DIVIDED,,STRAIGHT AND LEVEL,DRY,NO DEFECTS,ON SCENE,INJURY AND / OR TOW DUE TO CRASH,Y,,Y,"OVER $1,500",08/02/2025 04:00:00 PM,IMPROPER TURNING/NO SIGNAL,UNABLE TO DETERMINE,4601,W,LAKE ST,1113,,,,,,,2,NONINCAPACITATING INJURY,1,0,0,1,0,1,0,15,7,8,41.8861858061,-87.7403053279,POINT (-87.740305327933 41.886185806132)
454ea09d498704e99102b28eea5cd84f638552200084780f2fd3b5d4912519c35395783e339fc5d881cc770c480f1512c77a37dad042c16f903038692424f03c,,08/02/2025 03:50:00 PM,30,NO CONTROLS,NO CONTROLS,CLEAR,DAYLIGHT,SIDESWIPE SAME DIRECTION,NOT DIVIDED,,STRAIGHT AND LEVEL,DRY,NO DEFECTS,NOT ON SCENE (DESK REPORT),NO INJURY / DRIVE AWAY,,,,"$501 - $1,500",08/02/2025 05:55:00 PM,IMPROPER OVERTAKING/PASSING,NOT APPLICABLE,3900,W,71ST ST,833,,,,,,,2,NO INDICATION OF INJURY,0,0,0,0,0,3,0,15,7,8,41.764236587,-87.7200098733,POINT (-87.720009873296 41.764236587039)
7ab9d2fb2000d6586680022a57b4a1133399c613a06b639ca4f3a242a90fe6c5d03648f4385984e6480ad9e8086ee03a1f9c29c32c3211ce532d7b41aaaa83da,,08/02/2025 03:50:00 PM,30,NO CONTROLS,NO CONTROLS,UNKNOWN,DAYLIGHT,PARKED MOTOR VEHICLE,NOT DIVIDED,,STRAIGHT AND LEVEL,UNKNOWN,UNKNOWN,NOT ON SCENE (DESK REPORT),NO INJURY / DRIVE AWAY,,,Y,"OVER $1,500",08/04/2025 01:30:00 PM,UNABLE TO DETERMINE,NOT APPLICABLE,1722,N,NARRAGANSETT AVE,2513,,,,,,,2,NO INDICATION OF INJURY,0,0,0,0,0,1,0,15,7,8,41.9115213865,-87.785226221,POINT (-87.785226220996 41.911521386527)
ccc0cda56c267d2f754ddee0a7233e5a078700857d918562de4575ba85907fe3a347704f1bf07267cde0def2cfb70b0747148b3d8f40db9cf0d34a17b1ddc24b,,08/02/2025 03:50:00 PM,30,NO CONTROLS,NO CONTROLS,CLEAR,"DARKNESS, LIGHTED ROAD",PARKED MOTOR VEHICLE,DIVIDED - W/MEDIAN (NOT RAISED),,STRAIGHT AND LEVEL,DRY,NO DEFECTS,ON SCENE,NO INJURY / DRIVE AWAY,,,Y,"$501 - $1,500",08/02/2025 07:10:00 PM,FAILING TO REDUCE SPEED TO AVOID CRASH,UNABLE TO DETERMINE,1726,N,NARRAGANSETT AVE,2513,,,,,,,2,NO INDICATION OF INJURY,0,0,0,0,0,1,0,15,7,8,41.9116076174,-87.7852291242,POINT (-87.785229124171 41.911607617437)
10347a284079180993aa23e098719259ce74c126ca143604425d6339a91438c476c463ca8c8f0bfa894b7b5eb0a02fa9905a9984f95c2380048fe19238be80e5,,08/02/2025 03:45:00 PM,30,TRAFFIC SIGNAL,FUNCTIONING PROPERLY,CLEAR,DAYLIGHT,REAR END,DIVIDED - W/MEDIAN BARRIER,,STRAIGHT AND LEVEL,DRY,NO DEFECTS,NOT ON SCENE (DESK REPORT),NO INJURY / DRIVE AWAY,,,,"OVER $1,500",08/02/2025 07:15:00 PM,FOLLOWING TOO CLOSELY,FAILING TO REDUCE SPEED TO AVOID CRASH,36,S,MICHIGAN AVE,112,,,,,,,2,NO INDICATION OF INJURY,0,0,0,0,0,3,0,15,7,8,41.8812267094,-87.6244889864,POINT (-87.624488986352 41.881226709374)
4b02069e6bc61c0eb7920dc6b39f8c39b3b2476f787676befb02bdc0ffdd2c45db8934d5dde348b9ca7622a58b4b769f705ed83f62634c561fc8fddd2ceb16e6,,08/02/2025 03:45:00 PM,30,TRAFFIC SIGNAL,FUNCTIONING PROPERLY,CLEAR,DAYLIGHT,SIDESWIPE SAME DIRECTION,DIVIDED - W/MEDIAN BARRIER,,STRAIGHT AND LEVEL,DRY,UNKNOWN,,NO INJURY / DRIVE AWAY,Y,,,"OVER $1,500",08/02/2025 04:45:00 PM,IMPROPER OVERTAKING/PASSING,NOT APPLICABLE,8703,S,STONY ISLAND AVE,412,,,,,,,2,NO INDICATION OF INJURY,0,0,0,0,0,2,0,15,7,8,41.7367712675,-87.5850609656,POINT (-87.585060965584 41.73677126753)
9125d3478632e66b82cbebc6df3812b4c816098e4e3dd89172eeacaadf2d540c0b9896a0c4fb5af1b7ed24afab9499b6aadb3dace4fcd79747925d04198c4833,,08/02/2025 03:37:00 PM,15,NO CONTROLS,NO CONTROLS,CLEAR,DAYLIGHT,PARKED MOTOR VEHICLE,PARKING LOT,,STRAIGHT AND LEVEL,DRY,NO DEFECTS,ON SCENE,NO INJURY / DRIVE AWAY,,N,,$500 OR LESS,08/02/2025 03:37:00 PM,IMPROPER BACKING,FAILING TO REDUCE SPEED TO AVOID CRASH,5836,N,PULASKI RD,1711,,,,,,,2,NO INDICATION OF INJURY,0,0,0,0,0,1,0,15,7,8,41.9872111982,-87.7286958136,POINT (-87.728695813612 41.98721119819)
6c2f61a13e24aae31e37b22470c18952c1716b9b6058e09580837f52bc344ff51d0e247217ecc2bae4ade6abda96498915f32d7cf48bb1b911c0731faff510d3,,08/02/2025 03:35:00 PM,30,NO CONTROLS,NO CONTROLS,CLEAR,DAYLIGHT,TURNING,NOT DIVIDED,,STRAIGHT AND LEVEL,DRY,NO DEFECTS,NOT ON SCENE (DESK REPORT),NO INJURY / DRIVE AWAY,,,Y,"OVER $1,500",08/02/2025 04:50:00 PM,UNABLE TO DETERMINE,NOT APPLICABLE,1227,N,HUMBOLDT DR,1423,,,,,,,2,NO INDICATION OF INJURY,0,0,0,0,0,2,0,15,7,8,41.9037090366,-87.7020169108,POINT (-87.702016910791 41.903709036642)