CRASH_RECORD_ID,CRASH_DATE_EST_I,CRASH_DATE,POSTED_SPEED_LIMIT,TRAFFIC_CONTROL_DEVICE,DEVICE_CONDITION,WEATHER_CONDITION,LIGHTING_CONDITION,FIRST_CRASH_TYPE,TRAFFICWAY_TYPE,LANE_CNT,ALIGNMENT,ROADWAY_SURFACE_COND,ROAD_DEFECT,REPORT_TYPE,CRASH_TYPE,INTERSECTION_RELATED_I,NOT_RIGHT_OF_WAY_I,HIT_AND_RUN_I,DAMAGE,DATE_POLICE_NOTIFIED,PRIM_CONTRIBUTORY_CAUSE,SEC_CONTRIBUTORY_CAUSE,STREET_NO,STREET_DIRECTION,STREET_NAME,BEAT_OF_OCCURRENCE,PHOTOS_TAKEN_I,STATEMENTS_TAKEN_I,DOORING_I,WORK_ZONE_I,WORK_ZONE_TYPE,WORKERS_PRESENT_I,NUM_UNITS,MOST_SEVERE_INJURY,INJURIES_TOTAL,INJURIES_FATAL,INJURIES_INCAPACITATING,INJURIES_NON_INCAPACITATING,INJURIES_REPORTED_NOT_EVIDENT,INJURIES_NO_INDICATION,INJURIES_UNKNOWN,CRASH_HOUR,CRASH_DAY_OF_WEEK,CRASH_MONTH,LATITUDE,LONGITUDE,LOCATION
00e1ed898cbb3065249911c2b2e470b7fd15acb147507a24b035ef120d86b92520a40afa85a3ffde3390f5e9203ff5db71892cb71eda6a48346accd4a7ee69f6,,08/02/2025 01:30:00 PM,40,NO CONTROLS,NO CONTROLS,CLEAR,DAYLIGHT,SIDESWIPE SAME DIRECTION,DIVIDED - W/MEDIAN BARRIER,,STRAIGHT AND LEVEL,DRY,UNKNOWN,NOT ON SCENE (DESK REPORT),NO INJURY / DRIVE AWAY,,,,"OVER $1,500",08/02/2025 02:05:00 PM,IMPROPER OVERTAKING/PASSING,IMPROPER LANE USAGE,3100,N,LAKE SHORE DR,1934,,,,,,,2,NO INDICATION OF INJURY,0,0,0,0,0,2,0,13,7,8,41.9377712633,-87.6374559758,POINT (-87.637455975797 41.937771263338)
05cc3149df811da578bb9e05566e6ccdbc81e0a7fb593e0b7251a0f29c9f810b37db75c1d8c343156d72b826bb577d67964d6d5e219ec4c36aca47935a4a4d71,,08/02/2025 01:30:00 PM,25,NO CONTROLS,NO CONTROLS,CLEAR,DAYLIGHT,SIDESWIPE OPPOSITE DIRECTION,NOT DIVIDED,,STRAIGHT AND LEVEL,DRY,NO DEFECTS,,NO INJURY / DRIVE AWAY,,,N,"OVER $1,500",08/02/2025 02:28:00 PM,UNABLE TO DETERMINE,UNABLE TO DETERMINE,2511,W,68TH ST,832,,,,,,,2,NO INDICATION OF INJURY,0,0,0,0,0,2,0,13,7,8,41.7700007356,-87.6863525054,POINT (-87.686352505419 41.77000073557)
905b2381a60dac7601a0ce8c80dc16bdf02ef9ae8925aaa0a6a9882a1a5ec0af843c73b7c64227e380adf8efaae5deb13c983f5ba136b7a4a02280fd85ebce61,,08/02/2025 01:30:00 PM,30,NO CONTROLS,NO CONTROLS,CLEAR,DAYLIGHT,REAR TO FRONT,ONE-WAY,,STRAIGHT AND LEVEL,DRY,NO DEFECTS,NOT ON SCENE (DESK REPORT),NO INJURY / DRIVE AWAY,,,,"$501 - $1,500",08/02/2025 04:24:00 PM,IMPROPER BACKING,NOT APPLICABLE,278,N,ELIZABETH ST,1215,,,,,,,2,NO INDICATION OF INJURY,0,0,0,0,0,3,0,13,7,8,41.8865868858,-87.6590367348,POINT (-87.659036734801 41.886586885794)
ab7226a70a0daea0d8e4de36dea517301d0e994b29f704744e7fe47d0526768456a027fece3db900de2f2db60aebf1f7639f04a5af1af6bf689cc03ea3e5d66d,,08/02/2025 01:30:00 PM,30,NO CONTROLS,NO CONTROLS,CLEAR,DAYLIGHT,REAR END,NOT DIVIDED,,STRAIGHT AND LEVEL,DRY,NO DEFECTS,NOT ON SCENE (DESK REPORT),NO INJURY / DRIVE AWAY,,,,"OVER $1,500",08/02/2025 04:20:00 PM,FOLLOWING TOO CLOSELY,FOLLOWING TOO CLOSELY,655,W,IRVING PARK RD,1925,,,,,,,2,NO INDICATION OF INJURY,0,0,0,0,0,2,0,13,7,8,41.9544939556,-87.6472443312,POINT (-87.647244331225 41.954493955562)
bc8dbbd6d7964c1e08aa90ff229c95f6e048a32368ffe7ee091ca9ef5cb436a07b4277eb13ab924c5f3e8c9cbf62c0b9bfdcd86b87059aef6de6456f9f90ac2a,,08/02/2025 01:30:00 PM,30,NO CONTROLS,NO CONTROLS,CLEAR,DAYLIGHT,PARKED MOTOR VEHICLE,PARKING LOT,,STRAIGHT AND LEVEL,DRY,NO DEFECTS,NOT ON SCENE (DESK REPORT),NO INJURY / DRIVE AWAY,,,Y,"OVER $1,500",08/02/2025 03:40:00 PM,IMPROPER BACKING,IMPROPER BACKING,122,W,79TH ST,623,Y,,,,,,2,NO INDICATION OF INJURY,0,0,0,0,0,2,0,13,7,8,41.7510031524,-87.6279552194,POINT (-87.627955219367 41.751003152371)
e4da425f0dd2952da27136eb299a0fae04969c875fd7c1f6780b1afab9926c22d51aca13df2fd22f7bc86bc89b8ed64d524fb38b02c26b837e372615c4223023,,08/02/2025 01:30:00 PM,25,NO CONTROLS,NO CONTROLS,CLEAR,DAYLIGHT,PARKED MOTOR VEHICLE,ONE-WAY,,STRAIGHT AND LEVEL,DRY,NO DEFECTS,ON SCENE,NO INJURY / DRIVE AWAY,,,,"$501 - $1,500",08/02/2025 01:40:00 PM,IMPROPER OVERTAKING/PASSING,UNABLE TO DETERMINE,3232,W,62ND ST,823,,,,,,,2,NO INDICATION OF INJURY,0,0,0,0,0,2,0,13,7,8,41.7808884015,-87.7045165379,POINT (-87.704516537905 41.780888401481)
2f5e76a0ea84239b20717eab6e7c55d12b51e2b83434e5646a44e3c3b9f62dbde4623077b109922f9d1b2fe3c9a7b5984d4931f83e9cc753d57ec9a20de55143,,08/02/2025 01:23:00 PM,30,TRAFFIC SIGNAL,FUNCTIONING PROPERLY,CLEAR,DAYLIGHT,SIDESWIPE SAME DIRECTION,DIVIDED - W/MEDIAN BARRIER,,STRAIGHT AND LEVEL,DRY,NO DEFECTS,ON SCENE,INJURY AND / OR TOW DUE TO CRASH,,,Y,"$501 - $1,500",08/02/2025 01:24:00 PM,IMPROPER OVERTAKING/PASSING,FAILING TO YIELD RIGHT-OF-WAY,654,N,MICHIGAN AVE,1834,,,,,,,3,"REPORTED, NOT EVIDENT",2,0,0,0,2,5,0,13,7,8,41.8940953161,-87.6243835709,POINT (-87.624383570948 41.894095316065)
7da40614cf5dc82fc30cb426c35ec5e1b4cbee6839c7e41aa9ef63257d531c7266b50ec22ae1401db97695b6fb2fbd8a5e121bb129a6a3b8022e794947212326,Y,08/02/2025 01:22:00 PM,35,TRAFFIC SIGNAL,FUNCTIONING PROPERLY,CLEAR,DAYLIGHT,ANGLE,NOT DIVIDED,,STRAIGHT AND LEVEL,DRY,NO DEFECTS,ON SCENE,INJURY AND / OR TOW DUE TO CRASH,Y,,,"OVER $1,500",08/02/2025 01:25:00 PM,FAILING TO YIELD RIGHT-OF-WAY,DISTRACTION - FROM INSIDE VEHICLE,1630,W,111TH ST,2234,,,,,,,2,NO INDICATION OF INJURY,0,0,0,0,0,2,0,13,7,8,41.6922209532,-87.6631470683,POINT (-87.663147068337 41.692220953211)
a5ae504b0d98682fe75427b4b69a232595ad64b0720165703e2dc1796fc933bc678db148a090d39497631a5987aa0fd88b69baee1121e37410d1cc7568bf2154,,08/02/2025 01:17:00 PM,20,NO CONTROLS,NO CONTROLS,CLEAR,DAYLIGHT,REAR TO SIDE,PARKING LOT,,STRAIGHT AND LEVEL,DRY,NO DEFECTS,,NO INJURY / DRIVE AWAY,,,,"$501 - $1,500",08/03/2025 11:54:00 AM,DRIVING SKILLS/KNOWLEDGE/EXPERIENCE,FAILING TO YIELD RIGHT-OF-WAY,3111,E,77TH ST,421,,,,,,,2,NO INDICATION OF INJURY,0,0,0,0,0,2,0,13,7,8,41.7580233433,-87.5495009425,POINT (-87.549500942473 41.758023343265)
08b9d13b5a714a4027a9e437102c9c4989ae30432c12ed6283274fa89cc36823b11fe5fe66399e191922a5afc61c32710d49a78f2d1ea92f15dfcfbb408f843c,,08/02/2025 01:15:00 PM,30,STOP SIGN/FLASHER,UNKNOWN,CLEAR,DAYLIGHT,PEDALCYCLIST,OTHER,,STRAIGHT AND LEVEL,DRY,NO DEFECTS,ON SCENE,NO INJURY / DRIVE AWAY,,,,"OVER $1,500",08/02/2025 01:15:00 PM,UNABLE TO DETERMINE,NOT APPLICABLE,6654,S,KIMBARK AVE,321,,,,,,,2,NO INDICATION OF INJURY,0,0,0,0,0,2,0,13,7,8,41.7734534888,-87.5946499216,POINT (-87.594649921648 41.773453488763)
3be41de2f970f81cce87f95477471d05cdb5cbcee5f3f062ea780e47b763c4adc02fc98f7facbc76625ca57abbc4870dad0482de1fef8ae514e612a34739de7f,,08/02/2025 01:15:00 PM,30,NO CONTROLS,NO CONTROLS,CLEAR,DAYLIGHT,SIDESWIPE SAME DIRECTION,NOT DIVIDED,,STRAIGHT AND LEVEL,DRY,NO DEFECTS,ON SCENE,NO INJURY / DRIVE AWAY,,,Y,"OVER $1,500",08/02/2025 01:17:00 PM,IMPROPER LANE USAGE,IMPROPER OVERTAKING/PASSING,2143,W,DIVISION ST,1212,,Y,,,,,2,NO INDICATION OF INJURY,0,0,0,0,0,2,0,13,7,8,41.9030085471,-87.6814089037,POINT (-87.681408903668 41.903008547087)
d47f4c378ed4b49fe116afaa5fdb963f5e3572c1c9289f47f3b3291cf9dd6f207ed0362cadeffd988cbf0e5a273a8888c67a69b4457fd8fb9dd617ff1a15678d,Y,08/02/2025 01:14:00 PM,30,TRAFFIC SIGNAL,FUNCTIONING PROPERLY,CLEAR,DAYLIGHT,REAR END,NOT DIVIDED,,STRAIGHT AND LEVEL,DRY,NO DEFECTS,NOT ON SCENE (DESK REPORT),NO INJURY / DRIVE AWAY,,,,"OVER $1,500",08/02/2025 02:50:00 PM,UNABLE TO DETERMINE,NOT APPLICABLE,1200,N,CICERO AVE,2533,,,,,,,2,NO INDICATION OF INJURY,0,0,0,0,0,2,0,13,7,8,41.9023962606,-87.7461261196,POINT (-87.746126119551 41.902396260608)
296206d15ea495f3461b150938f94db94013eb5518b47bc34bd73f6935dad97c3906db5ef85b93ad0a3f1e9d9c9fa50d269728d6b2bda3eb99a6ff446299984b,Y,08/02/2025 01:10:00 PM,30,STOP SIGN/FLASHER,FUNCTIONING PROPERLY,CLEAR,DAYLIGHT,TURNING,FOUR WAY,,STRAIGHT AND LEVEL,DRY,UNKNOWN,,INJURY AND / OR TOW DUE TO CRASH,,,Y,"OVER $1,500",08/02/2025 01:13:00 PM,DISREGARDING STOP SIGN,FAILING TO YIELD RIGHT-OF-WAY,11801,S,STATE ST,532,,,,,,,2,NO INDICATION OF INJURY,0,0,0,0,0,4,0,13,7,8,41.6798066595,-87.6225686759,POINT (-87.62256867592 41.679806659487)
368fbf72be6cea80e4d38f916edea05dbb2b34ce321d2f6bf8663d69dc0dd3ad0dfb67664882a4b45bb5779dc3574c65a965722fcb7b15d6062508e4b784d2f2,,08/02/2025 01:00:00 PM,30,UNKNOWN,UNKNOWN,UNKNOWN,DAYLIGHT,PARKED MOTOR VEHICLE,NOT DIVIDED,,STRAIGHT AND LEVEL,UNKNOWN,UNKNOWN,NOT ON SCENE (DESK REPORT),NO INJURY / DRIVE AWAY,,,Y,"OVER $1,500",08/02/2025 03:30:00 PM,UNABLE TO DETERMINE,NOT APPLICABLE,657,E,91ST ST,633,,,,,,,2,NO INDICATION OF INJURY,0,0,0,0,0,1,0,13,7,8,41.7292047844,-87.6072642112,POINT (-87.607264211174 41.729204784388)
c823623a3fa32c1d10e01efee3b245baf42f0c5d45a9d14dc590334a04cb7bc835b93ae56bad371a8a0f356782b8dce8e17061e371f0025cbc25316b5ac5f623,,08/02/2025 01:00:00 PM,30,TRAFFIC SIGNAL,FUNCTIONING PROPERLY,CLEAR,DAYLIGHT,SIDESWIPE SAME DIRECTION,NOT DIVIDED,,STRAIGHT AND LEVEL,DRY,NO DEFECTS,NOT ON SCENE (DESK REPORT),NO INJURY / DRIVE AWAY,,,,"OVER $1,500",08/02/2025 01:23:00 PM,UNABLE TO DETERMINE,NOT APPLICABLE,1,N,HALSTED ST,1224,,,,,,,2,NO INDICATION OF INJURY,0,0,0,0,0,2,0,13,7,8,41.8818156316,-87.647214717,POINT (-87.647214717041 41.881815631642)
d1c1592fe56cd634ed9b902e46477fc76d929999472706c35d0e79c46a1444395ac6eb5a613998ca36be2042c62d629d3d50316d6ad478f2df39d9c6327ab68f,,08/02/2025 01:00:00 PM,30,NO CONTROLS,NO CONTROLS,CLEAR,DAYLIGHT,ANGLE,ALLEY,,STRAIGHT AND LEVEL,DRY,UNKNOWN,NOT ON SCENE (DESK REPORT),NO INJURY / DRIVE AWAY,,,Y,"OVER $1,500",08/02/2025 03:35:00 PM,FAILING TO YIELD RIGHT-OF-WAY,NOT APPLICABLE,2341,S,HOYNE AVE,1034,,,,,,,2,NO INDICATION OF INJURY,0,0,0,0,0,3,0,13,7,8,41.8490917163,-87.6780653308,POINT (-87.678065330814 41.849091716298)
0d13551d1956850e6619967ce885bb5c50bde6c02b24f008678cb0be5d81868790b9a6fc9e4482242e4c103727a6ec003ef54fc3c2371ff91c70624e1e412f28,,08/02/2025 12:50:00 PM,30,NO CONTROLS,NO CONTROLS,CLEAR,DAYLIGHT,PEDALCYCLIST,NOT DIVIDED,,STRAIGHT AND LEVEL,DRY,NO DEFECTS,NOT ON SCENE (DESK REPORT),NO INJURY / DRIVE AWAY,,,,$500 OR LESS,08/02/2025 01:15:00 PM,UNABLE TO DETERMINE,NOT APPLICABLE,3600,N,HALSTED ST,1923,,,,,,,2,NO INDICATION OF INJURY,0,0,0,0,0,2,0,12,7,8,41.947401735,-87.6496365844,POINT (-87.649636584396 41.94740173498)
0ab191401e469f935d7949ba0df23b8b53158098df11378ec8c7fa605c6f23df3689aca1313b4f64bdf9395e01304fdea0aa1d3512a861926a23f3ca948d0685,,08/02/2025 12:44:00 PM,15,NO CONTROLS,NO CONTROLS,CLEAR,DAYLIGHT,ANGLE,PARKING LOT,,STRAIGHT AND LEVEL,DRY,WORN SURFACE,NOT ON SCENE (DESK REPORT),NO INJURY / DRIVE AWAY,,,,"$501 - $1,500",08/02/2025 01:20:00 PM,IMPROPER BACKING,UNABLE TO DETERMINE,7535,S,ASHLAND AVE,612,,,,,,,2,NO INDICATION OF INJURY,0,0,0,0,0,3,0,12,7,8,41.7565454141,-87.6634438529,POINT (-87.663443852852 41.756545414126)
b83d4e0ca3ae7467fb54f12f514bbea813ab21f7a17b5886f60d9dee97ce3e121432e16c3f56a83d446d5b0e44c884f6ef8fe4b3c65efc221889e2b578235308,,08/02/2025 12:40:00 PM,30,TRAFFIC SIGNAL,FUNCTIONING PROPERLY,CLEAR,DAYLIGHT,REAR TO FRONT,FOUR WAY,,STRAIGHT AND LEVEL,DRY,NO DEFECTS,NOT ON SCENE (DESK REPORT),NO INJURY / DRIVE AWAY,,,,"OVER $1,500",08/02/2025 01:25:00 PM,IMPROPER BACKING,UNABLE TO DETERMINE,4402,N,BROADWAY,1913,,,,,,,2,NO INDICATION OF INJURY,0,0,0,0,0,2,0,12,7,8,41.9618554867,-87.6553693308,POINT (-87.655369330789 41.961855486704)
d5f52fdae4e9e97c739addc5b2558bb1f858078838ccc319a844d4f0a611226e04c7c50ddfe04836a325e2d925c2eee5ebf20520985aa744d628be835cb15ef2,,08/02/2025 12:35:00 PM,30,TRAFFIC SIGNAL,FUNCTIONING PROPERLY,CLEAR,DAYLIGHT,SIDESWIPE SAME DIRECTION,DIVIDED - W/MEDIAN BARRIER,,STRAIGHT AND LEVEL,DRY,NO DEFECTS,NOT ON SCENE (DESK REPORT),NO INJURY / DRIVE AWAY,Y,,,"OVER $1,500",08/08/2025 02:30:00 PM,UNABLE TO DETERMINE,UNABLE TO DETERMINE,110,E,LOWER WACKER DR,114,,,,,,,2,NO INDICATION OF INJURY,0,0,0,0,0,4,0,12,7,8,41.8884265119,-87.6240513275,POINT (-87.624051327457 41.888426511913)
f182bf91be614317f70f8459874090d01d869da5fe8aabe0247a148f7195310f9402de345eed1d78b1871b7fbdcc81329e34bf4a864ad772027dbaffdb1dbf80,,08/02/2025 12:30:00 PM,10,NO CONTROLS,NO CONTROLS,CLEAR,DAYLIGHT,PARKED MOTOR VEHICLE,PARKING LOT,,STRAIGHT AND LEVEL,DRY,UNKNOWN,NOT ON SCENE (DESK REPORT),NO INJURY / DRIVE AWAY,,Y,,"OVER $1,500",08/02/2025 04:30:00 PM,UNABLE TO DETERMINE,NOT APPLICABLE,8850,S,COTTAGE GROVE AVE,632,,,,,,,2,NO INDICATION OF INJURY,0,0,0,0,0,1,0,12,7,8,41.733296953,-87.6048882529,POINT (-87.604888252898 41.733296953049)
08fa86ff666b1dc6a6bb40fb106e6ff62b4415e20d1d33b3616f3b5b72bc6f1bdf171dbcacd7e63c04168b13fd36bbec7fabce45ac78bda9b6bfdf74a4003e61,,08/02/2025 12:29:00 PM,30,NO CONTROLS,NO CONTROLS,CLEAR,DAYLIGHT,PEDESTRIAN,NOT DIVIDED,,STRAIGHT AND LEVEL,DRY,NO DEFECTS,ON SCENE,NO INJURY / DRIVE AWAY,,,Y,$500 OR LESS,08/02/2025 12:29:00 PM,FAILING TO YIELD RIGHT-OF-WAY,NOT APPLICABLE,5671,N,CLARK ST,2013,,,,,,,2,NO INDICATION OF INJURY,0,0,0,0,0,2,0,12,7,8,41.9853670671,-87.6690153501,POINT (-87.669015350051 41.985367067095)
23d3af173fc3395db12be2122be1b016f88255059394bf3ac2d2bac90d4be7e53a84e8132e2b1da912d0749686675af80657e3b54ab6a52d0ba000e23b663f47,,08/02/2025 12:15:00 PM,30,STOP SIGN/FLASHER,FUNCTIONING PROPERLY,CLEAR,DAYLIGHT,REAR END,FOUR WAY,,STRAIGHT AND LEVEL,DRY,NO DEFECTS,NOT ON SCENE (DESK REPORT),NO INJURY / DRIVE AWAY,,,,"OVER $1,500",08/02/2025 01:00:00 PM,FAILING TO REDUCE SPEED TO AVOID CRASH,UNABLE TO DETERMINE,2600,N,LARAMIE AVE,2514,,,,,,,2,NO INDICATION OF INJURY,0,0,0,0,0,2,0,12,7,8,41.9278198061,-87.7564310277,POINT (-87.756431027694 41.927819806108)
4079a8131316220f16aa61f6882c2c6767475ffae5158d2b1cbde94d550d2735a657ef34f2e3b295809136a992941e565240df63971b6dcbb6cec5fef6c80b60,,08/02/2025 12:15:00 PM,30,TRAFFIC SIGNAL,UNKNOWN,UNKNOWN,UNKNOWN,REAR END,NOT DIVIDED,,STRAIGHT AND LEVEL,UNKNOWN,UNKNOWN,NOT ON SCENE (DESK REPORT),NO INJURY / DRIVE AWAY,,,,"$501 - $1,500",08/02/2025 01:10:00 PM,UNABLE TO DETERMINE,NOT APPLICABLE,6800,N,CLARK ST,2424,,,,,,,2,NO INDICATION OF INJURY,0,0,0,0,0,4,0,12,7,8,42.0053665728,-87.6732620057,POINT (-87.67326200571 42.005366572754)
7daaa6e0047ef37fcc03d1cc834402a6df8bec3710fbbf059272fa41067205fdcba8e6af7f9acf9a4a554cad643b18904019215fbcb88ecd978a55cc65620f95,,08/02/2025 12:13:00 PM,15,NO CONTROLS,NO CONTROLS,CLEAR,DAYLIGHT,ANGLE,PARKING LOT,,STRAIGHT AND LEVEL,DRY,NO DEFECTS,ON SCENE,INJURY AND / OR TOW DUE TO CRASH,,,Y,"OVER $1,500",08/02/2025 12:13:00 PM,FAILING TO YIELD RIGHT-OF-WAY,FAILING TO REDUCE SPEED TO AVOID CRASH,7601,S,KOSTNER AVE,833,,,,,,,2,NO INDICATION OF INJURY,0,0,0,0,0,2,0,12,7,8,41.7548841458,-87.7322222415,POINT (-87.732222241481 41.75488414584)
2593ad0ddecd5962f0348b88ece70d4a5e325b2d677220efff66fe4b84d5179b46f1438cb80eee50d2e8cfe3f5a98150919dcee879f2d8c160287dfaec55cb8f,,08/02/2025 12:10:00 PM,35,TRAFFIC SIGNAL,FUNCTIONING PROPERLY,CLEAR,DAYLIGHT,REAR END,NOT DIVIDED,,STRAIGHT AND LEVEL,DRY,NO DEFECTS,ON SCENE,INJURY AND / OR TOW DUE TO CRASH,Y,,,"OVER $1,500",08/02/2025 12:15:00 PM,FOLLOWING TOO CLOSELY,NOT APPLICABLE,10900,S,VINCENNES AVE,2212,,,,,,,2,"REPORTED, NOT EVIDENT",2,0,0,0,2,1,0,12,7,8,41.6957728094,-87.6609361851,POINT (-87.660936185053 41.695772809448)
5a51276ec0faab1c632a744a99e1115b276c6360494536277fa1da88bd206a18fbda9ef358437791ce1ef35e4750e1bb62703d5ae089886b48fb47e4ad0319eb,,08/02/2025 12:05:00 PM,35,NO CONTROLS,NO CONTROLS,CLEAR,DAYLIGHT,SIDESWIPE SAME DIRECTION,DIVIDED - W/MEDIAN (NOT RAISED),,STRAIGHT AND LEVEL,DRY,NO DEFECTS,NOT ON SCENE (DESK REPORT),NO INJURY / DRIVE AWAY,,,,"OVER $1,500",08/03/2025 11:40:00 AM,IMPROPER OVERTAKING/PASSING,FAILING TO REDUCE SPEED TO AVOID CRASH,4335,W,GRAND AVE,2534,,,,,,,2,NO INDICATION OF INJURY,0,0,0,0,0,2,0,12,7,8,41.9094690663,-87.7351005032,POINT (-87.735100503208 41.909469066314)
74c8038f53f7af2de18d6dc69999352c94e4b93669e9b8f6831ce477b97e566a60eca9f754e7e2272a80000757c92de119b88fc36006507237bd2b5095594606,,08/02/2025 11:56:00 AM,15,STOP SIGN/FLASHER,FUNCTIONING PROPERLY,CLEAR,DAYLIGHT,REAR END,ONE-WAY,,STRAIGHT AND LEVEL,DRY,NO DEFECTS,NOT ON SCENE (DESK REPORT),INJURY AND / OR TOW DUE TO CRASH,Y,,,"$501 - $1,500",08/02/2025 09:30:00 PM,"OPERATING VEHICLE IN ERRATIC, RECKLESS, CARELESS, NEGLIGENT OR AGGRESSIVE MANNER",UNABLE TO DETERMINE,6642,S,VERNON AVE,312,,,,,,,2,NONINCAPACITATING INJURY,1,0,0,1,0,1,0,11,7,8,41.7735305547,-87.6144133747,POINT (-87.614413374666 41.773530554734)
3c0adf0745d260e7ef28a171b3e5e692cfe331395b5adc1a41f809acf4682997133ef8ed36fc11e908c91842515b63e9da1654be1c56aa13d9ccc43e67a63570,,08/02/2025 11:55:00 AM,30,TRAFFIC SIGNAL,FUNCTIONING PROPERLY,CLEAR,DAYLIGHT,ANGLE,NOT DIVIDED,,STRAIGHT AND LEVEL,DRY,NO DEFECTS,NOT ON SCENE (DESK REPORT),NO INJURY / DRIVE AWAY,Y,,,"OVER $1,500",08/02/2025 12:58:00 PM,UNABLE TO DETERMINE,NOT APPLICABLE,2543,N,CALIFORNIA AVE,1431,,,,,,,2,NO INDICATION OF INJURY,0,0,0,0,0,3,0,11,7,8,41.9278961712,-87.697356799,POINT (-87.697356799043 41.927896171181)
4326bf2c2897ce438e840c2c5ff5405b7925552b9c851d91b50a9666a11767cfdaaaf39d43e1d8f86af2e049e18e5d22d866086f2e58e8ec6b1f12e19e7bdf8d,Y,08/02/2025 11:45:00 AM,35,TRAFFIC SIGNAL,FUNCTIONING PROPERLY,UNKNOWN,"DARKNESS, LIGHTED ROAD",TURNING,NOT DIVIDED,,STRAIGHT AND LEVEL,UNKNOWN,NO DEFECTS,ON SCENE,INJURY AND / OR TOW DUE TO CRASH,Y,,Y,"OVER $1,500",08/04/2025 07:50:00 PM,UNABLE TO DETERMINE,UNABLE TO DETERMINE,5500,S,STATE ST,225,,,,,,,2,NONINCAPACITATING INJURY,1,0,0,1,0,2,0,11,7,8,41.794225291,-87.6258360156,POINT (-87.625836015583 41.79422529104)
a67421a696d7f20f769ac4c12c7210878ac984b1b331cf2cdf7dca447df45cd9f598215cdd3258c02f2dbdb4e16a9662a5fe7157b98aa1526f2dd4de39bf37fa,,08/02/2025 11:45:00 AM,30,NO CONTROLS,NO CONTROLS,CLEAR,DAYLIGHT,PARKED MOTOR VEHICLE,DIVIDED - W/MEDIAN (NOT RAISED),,STRAIGHT AND LEVEL,DRY,NO DEFECTS,ON SCENE,NO INJURY / DRIVE AWAY,,,,"OVER $1,500",08/02/2025 12:00:00 PM,IMPROPER BACKING,UNABLE TO DETERMINE,3142,N,LAKEWOOD AVE,1933,,,,,,,2,NO INDICATION OF INJURY,0,0,0,0,0,1,0,11,7,8,41.9392650071,-87.6613333344,POINT (-87.661333334436 41.93926500705)
43f7b51ded8810538310597b9a148e61b3e8ea16d251465ebbb53e395a231d2f7d6af631438e01d47ca736ae2e1adfc0f79c7a6da84200f8695b09c3b3cd5051,,08/02/2025 11:40:00 AM,30,TRAFFIC SIGNAL,FUNCTIONING PROPERLY,CLEAR,DAYLIGHT,SIDESWIPE SAME DIRECTION,NOT DIVIDED,,STRAIGHT AND LEVEL,DRY,NO DEFECTS,NOT ON SCENE (DESK REPORT),NO INJURY / DRIVE AWAY,,,,"$501 - $1,500",08/02/2025 12:20:00 PM,FAILING TO YIELD RIGHT-OF-WAY,NOT APPLICABLE,7198,W,NORTH AVE,2513,,,,,,,2,NO INDICATION OF INJURY,0,0,0,0,0,3,0,11,7,8,41.9089516698,-87.8056609763,POINT (-87.805660976302 41.908951669786)
8ecfc8c662ace8cea7e72b281171c7b1f798a81bf9093faa122e792c9655c6276ff8e48629a7c1728ebec30034ccc211255b357acc5c2b1672bb93e333846bdb,,08/02/2025 11:40:00 AM,25,NO CONTROLS,NO CONTROLS,CLEAR,DAYLIGHT,REAR TO FRONT,ONE-WAY,,STRAIGHT AND LEVEL,DRY,NO DEFECTS,NOT ON SCENE (DESK REPORT),NO INJURY / DRIVE AWAY,,,,"$501 - $1,500",08/02/2025 01:16:00 PM,IMPROPER BACKING,NOT APPLICABLE,214,N,CLARK ST,122,,,,,,,2,NO INDICATION OF INJURY,0,0,0,0,0,3,0,11,7,8,41.8860136402,-87.6311301818,POINT (-87.631130181818 41.886013640229)
c36482397e0178d80ccf3bb4ab8456889ebab0770c23125ceff787ec40f8bab4912fe034235cc8d725e20d54e4df615f58ffdb01e63d1febfdf6c9112ef9edf8,,08/02/2025 11:40:00 AM,35,NO CONTROLS,NO CONTROLS,CLEAR,DAYLIGHT,TURNING,NOT DIVIDED,,STRAIGHT AND LEVEL,DRY,NO DEFECTS,ON SCENE,INJURY AND / OR TOW DUE TO CRASH,,,Y,"OVER $1,500",08/02/2025 11:42:00 AM,UNABLE TO DETERMINE,UNABLE TO DETERMINE,2621,W,59TH ST,824,,,,,,,3,NONINCAPACITATING INJURY,1,0,0,1,0,2,0,11,7,8,41.7863617959,-87.6896897317,POINT (-87.689689731707 41.786361795915)
75c64c528a915381fe0b9f535dbe46a96fd57d081d3c1c9370401597b5b746067e242d13237081272ec475982597cd577f521db709283a1d9cd4cf524f2341d0,,08/02/2025 11:37:00 AM,10,NO CONTROLS,NO CONTROLS,CLEAR,DAWN,PARKED MOTOR VEHICLE,ONE-WAY,,STRAIGHT AND LEVEL,DRY,NO DEFECTS,NOT ON SCENE (DESK REPORT),NO INJURY / DRIVE AWAY,,,Y,"OVER $1,500",08/02/2025 01:30:00 PM,UNABLE TO DETERMINE,NOT APPLICABLE,7435,S,EUCLID AVE,333,,,,,,,2,NO INDICATION OF INJURY,0,0,0,0,0,1,0,11,7,8,41.7596334317,-87.577227906,POINT (-87.577227905987 41.759633431704)