CRASH_RECORD_ID,CRASH_DATE_EST_I,CRASH_DATE,POSTED_SPEED_LIMIT,TRAFFIC_CONTROL_DEVICE,DEVICE_CONDITION,WEATHER_CONDITION,LIGHTING_CONDITION,FIRST_CRASH_TYPE,TRAFFICWAY_TYPE,LANE_CNT,ALIGNMENT,ROADWAY_SURFACE_COND,ROAD_DEFECT,REPORT_TYPE,CRASH_TYPE,INTERSECTION_RELATED_I,NOT_RIGHT_OF_WAY_I,HIT_AND_RUN_I,DAMAGE,DATE_POLICE_NOTIFIED,PRIM_CONTRIBUTORY_CAUSE,SEC_CONTRIBUTORY_CAUSE,STREET_NO,STREET_DIRECTION,STREET_NAME,BEAT_OF_OCCURRENCE,PHOTOS_TAKEN_I,STATEMENTS_TAKEN_I,DOORING_I,WORK_ZONE_I,WORK_ZONE_TYPE,WORKERS_PRESENT_I,NUM_UNITS,MOST_SEVERE_INJURY,INJURIES_TOTAL,INJURIES_FATAL,INJURIES_INCAPACITATING,INJURIES_NON_INCAPACITATING,INJURIES_REPORTED_NOT_EVIDENT,INJURIES_NO_INDICATION,INJURIES_UNKNOWN,CRASH_HOUR,CRASH_DAY_OF_WEEK,CRASH_MONTH,LATITUDE,LONGITUDE,LOCATION
035f64fa79c53bd9f414df753e30b1d3a8dc562c2ad7ab9e401b0237f3b65708d773114447c47b0652c9c99ddbc523352b9032e03e9a48fdc1219a8ee69bf7dd,,08/02/2025 11:36:00 AM,30,STOP SIGN/FLASHER,FUNCTIONING PROPERLY,CLEAR,DAYLIGHT,REAR END,NOT DIVIDED,,CURVE ON GRADE,DRY,NO DEFECTS,NOT ON SCENE (DESK REPORT),NO INJURY / DRIVE AWAY,,,,"OVER $1,500",08/02/2025 12:20:00 PM,UNABLE TO DETERMINE,UNABLE TO DETERMINE,800,E,111TH ST,513,,,,,,,2,NO INDICATION OF INJURY,0,0,0,0,0,3,0,11,7,8,41.6929821609,-87.6023386929,POINT (-87.602338692933 41.692982160898)
a91b286a79743505d4ef50c7aa864b07514b8afa752dcf1f78c4af6cd7b009701f2a377c2e2d79b1f86b41d426c9da320591620cd931ae855b2abaf68ea2a02c,,08/02/2025 11:30:00 AM,15,NO CONTROLS,NO CONTROLS,CLEAR,DAYLIGHT,PEDALCYCLIST,ALLEY,,STRAIGHT AND LEVEL,DRY,UNKNOWN,NOT ON SCENE (DESK REPORT),INJURY AND / OR TOW DUE TO CRASH,,,,"OVER $1,500",08/03/2025 10:45:00 AM,FAILING TO REDUCE SPEED TO AVOID CRASH,UNABLE TO DETERMINE,4409,W,AINSLIE ST,1712,,,,,,,2,"REPORTED, NOT EVIDENT",1,0,0,0,1,1,0,11,7,8,41.9698384572,-87.7383667294,POINT (-87.738366729379 41.969838457245)
a99dd69f049e462c34500bbc17bbcad3ceb4eac3077a00502dee934d8c7badc82deb9aa14d80956d81b3c88053ebe5be98ce5e092b41ed236fe57d194ee512d5,,08/02/2025 11:30:00 AM,30,NO CONTROLS,NO CONTROLS,CLEAR,DAYLIGHT,PARKED MOTOR VEHICLE,NOT DIVIDED,,STRAIGHT AND LEVEL,DRY,NO DEFECTS,NOT ON SCENE (DESK REPORT),NO INJURY / DRIVE AWAY,,,Y,"OVER $1,500",08/02/2025 12:15:00 PM,UNABLE TO DETERMINE,UNABLE TO DETERMINE,1801,W,CHICAGO AVE,1221,,,,,,,2,NO INDICATION OF INJURY,0,0,0,0,0,1,0,11,7,8,41.8958798852,-87.6722914494,POINT (-87.672291449422 41.895879885229)
dd3908ad0d511081939b981a23679fb2815552a287265cb155a120352bd8d434e8d560776ef65150ac87292cae7de95d21c3fc6cb9843f0dd9ca4c2ee2fded08,,08/02/2025 11:30:00 AM,30,TRAFFIC SIGNAL,FUNCTIONING PROPERLY,CLEAR,DAYLIGHT,ANGLE,FOUR WAY,,STRAIGHT AND LEVEL,DRY,UNKNOWN,ON SCENE,INJURY AND / OR TOW DUE TO CRASH,Y,,Y,"OVER $1,500",08/02/2025 11:32:00 AM,FAILING TO YIELD RIGHT-OF-WAY,UNABLE TO DETERMINE,1400,W,83RD ST,614,,,,,,,2,NO INDICATION OF INJURY,0,0,0,0,0,2,0,11,7,8,41.7432528874,-87.6584624216,POINT (-87.658462421619 41.743252887351)
eaeb9d6d32799c1c70e2cec89f65030ebfde830de68a0f2f4e3f310b3b1dfcbe6bd6ce00ce94bbe457a0e5489ae3e360e89a52e48b655dbb7f68ffe6837ec644,,08/02/2025 11:30:00 AM,25,NO CONTROLS,UNKNOWN,CLEAR,"DARKNESS, LIGHTED ROAD",REAR END,NOT DIVIDED,,STRAIGHT AND LEVEL,DRY,NO DEFECTS,ON SCENE,INJURY AND / OR TOW DUE TO CRASH,,,Y,"OVER $1,500",08/03/2025 12:30:00 AM,NOT APPLICABLE,NOT APPLICABLE,4641,N,BROADWAY,1914,,,,,,,2,NO INDICATION OF INJURY,0,0,0,0,0,2,0,11,7,8,41.9665044218,-87.6580152484,POINT (-87.658015248437 41.966504421827)
c4c053ff210944b1fe0a525a25f61a84d409da031c3d627fa4ff8e16dc0bfc713740626096dd40e6aeac22ee7ebdd105a5994b9df30805c44c7b3ef6acc30379,,08/02/2025 11:26:00 AM,30,NO CONTROLS,NO CONTROLS,CLEAR,DAYLIGHT,REAR END,DIVIDED - W/MEDIAN BARRIER,,STRAIGHT AND LEVEL,DRY,NO DEFECTS,NOT ON SCENE (DESK REPORT),NO INJURY / DRIVE AWAY,,,Y,"OVER $1,500",08/02/2025 07:05:00 PM,FOLLOWING TOO CLOSELY,NOT APPLICABLE,856,N,LAKE SHORE DR,1833,,,,,,,2,NO INDICATION OF INJURY,0,0,0,0,0,2,0,11,7,8,41.8982706248,-87.6182118682,POINT (-87.618211868216 41.898270624777)
b189d6f69c012ddd46a66f59c1315602e5ff676cd725258397bcf478a79762cd86374cb989fcfe697edb19abb8cf0012675c6b4709928c312be6ff42872f1d25,,08/02/2025 11:25:00 AM,40,NO CONTROLS,NO CONTROLS,CLEAR,"DARKNESS, LIGHTED ROAD",REAR END,DIVIDED - W/MEDIAN BARRIER,,STRAIGHT AND LEVEL,UNKNOWN,UNKNOWN,ON SCENE,INJURY AND / OR TOW DUE TO CRASH,,,,"OVER $1,500",08/02/2025 11:28:00 PM,FAILING TO REDUCE SPEED TO AVOID CRASH,NOT APPLICABLE,2103,S,LAKE SHORE DR NB,132,,,,,,,2,NONINCAPACITATING INJURY,2,0,0,2,0,1,0,11,7,8,41.8543795362,-87.6144078657,POINT (-87.614407865663 41.85437953624)
f1921c74a964dcecc33b8a7715437f0817b11d373593d709697db1313a683db464ef218abdf81aa01ae5193404f0fe4608aa5ee5228878eb266bcdb29876a616,,08/02/2025 11:25:00 AM,30,NO CONTROLS,NO CONTROLS,CLEAR,DAYLIGHT,TURNING,NOT DIVIDED,,STRAIGHT AND LEVEL,DRY,NO DEFECTS,ON SCENE,INJURY AND / OR TOW DUE TO CRASH,,,,"OVER $1,500",08/02/2025 11:35:00 AM,IMPROPER TURNING/NO SIGNAL,UNABLE TO DETERMINE,4009,W,47TH ST,815,,,,,,,2,NONINCAPACITATING INJURY,1,0,0,1,0,2,0,11,7,8,41.807768023,-87.7240106181,POINT (-87.724010618134 41.807768023047)
c0e4550414c25fa73bd166656cf338d2797a21c7354d33aa2bb865d5d874d95631e9265cae73e3301e6c0ba0202ee2e232162db5fd8d50a2d89782d632aaafdc,,08/02/2025 11:13:00 AM,30,UNKNOWN,UNKNOWN,CLEAR,DAYLIGHT,SIDESWIPE SAME DIRECTION,ONE-WAY,,STRAIGHT AND LEVEL,UNKNOWN,UNKNOWN,NOT ON SCENE (DESK REPORT),NO INJURY / DRIVE AWAY,,,Y,"OVER $1,500",08/02/2025 11:40:00 AM,UNABLE TO DETERMINE,UNABLE TO DETERMINE,591,W,98TH PL,2223,,,,,,,2,NO INDICATION OF INJURY,0,0,0,0,0,2,0,11,7,8,41.7150637006,-87.638060275,POINT (-87.63806027499 41.715063700569)
137d56924564e536c5c5dc794266ce9cc7eb6f7db6eb7cbb3a2b5b2a90f85ddf6334fb0aa60f87ecc30881d526be0d8d76e139312bcd47b8ad3c93cfbd45a370,,08/02/2025 11:00:00 AM,30,NO CONTROLS,NO CONTROLS,CLEAR,DAYLIGHT,REAR TO REAR,PARKING LOT,,STRAIGHT AND LEVEL,DRY,NO DEFECTS,,NO INJURY / DRIVE AWAY,,,,"$501 - $1,500",08/02/2025 12:15:00 PM,DRIVING SKILLS/KNOWLEDGE/EXPERIENCE,"VISION OBSCURED (SIGNS, TREE LIMBS, BUILDINGS, ETC.)",87,W,87TH ST,634,,,,,,,2,NO INDICATION OF INJURY,0,0,0,0,0,2,0,11,7,8,41.7361451282,-87.626917844,POINT (-87.626917843973 41.736145128237)
34f7d42dde5d711f4f880741ae51e38c069a254daae67d9370ee72a6a4a1aefa2c043c293605b9799fe5cbe90c1d668310d3c08d7fadad4002bdeafcec4071ab,,08/02/2025 11:00:00 AM,25,NO CONTROLS,NO CONTROLS,CLEAR,DAYLIGHT,PARKED MOTOR VEHICLE,NOT DIVIDED,,STRAIGHT AND LEVEL,DRY,NO DEFECTS,NOT ON SCENE (DESK REPORT),NO INJURY / DRIVE AWAY,,,Y,"OVER $1,500",08/03/2025 08:15:00 AM,UNABLE TO DETERMINE,NOT APPLICABLE,341,W,105TH ST,512,,,,,,,2,NO INDICATION OF INJURY,0,0,0,0,0,1,0,11,7,8,41.7032989679,-87.6323020452,POINT (-87.632302045244 41.703298967862)
3fdf9ee83d50c54ba8d4323a144f15cb1dad0130ef428a43ae4da8fd3b9e5c9494ea71cc2327579154f3b13231d5a3b01b4e277501789971a76c7d7a988afdbe,,08/02/2025 11:00:00 AM,20,STOP SIGN/FLASHER,FUNCTIONING PROPERLY,CLEAR,"DARKNESS, LIGHTED ROAD",REAR END,ONE-WAY,,STRAIGHT AND LEVEL,DRY,NO DEFECTS,NOT ON SCENE (DESK REPORT),NO INJURY / DRIVE AWAY,,,,"OVER $1,500",08/02/2025 10:00:00 PM,FOLLOWING TOO CLOSELY,UNABLE TO DETERMINE,7917,S,ELIZABETH ST,612,,,,,,,2,NO INDICATION OF INJURY,0,0,0,0,0,2,0,11,7,8,41.7498461584,-87.6547889257,POINT (-87.654788925678 41.74984615843)
6a3097b85b666eb7678e6b854cd96cf6e516a0dfe5dd4155d99c2f0061a82ca4429dc828e32694da4fa1c8b446d21a19c49fd7251cc49a4c06e6894805212437,,08/02/2025 11:00:00 AM,30,STOP SIGN/FLASHER,UNKNOWN,CLEAR,DAYLIGHT,REAR END,NOT DIVIDED,,STRAIGHT AND LEVEL,DRY,UNKNOWN,NOT ON SCENE (DESK REPORT),NO INJURY / DRIVE AWAY,,,,"OVER $1,500",08/02/2025 11:00:00 AM,FOLLOWING TOO CLOSELY,FOLLOWING TOO CLOSELY,1807,W,71ST ST,735,,,,,,,2,NO INDICATION OF INJURY,0,0,0,0,0,2,0,11,7,8,41.7647433242,-87.6689868927,POINT (-87.668986892713 41.76474332418)
8e9c8b790d2009f75ba2d5939237e76d88f5a39f1bbb67114f6f1e5858be042494adc7aa9d4da66b12a28c97167fbf4c42495da1326b1eb39d663ba69aa316c5,,08/02/2025 11:00:00 AM,30,NO CONTROLS,NO CONTROLS,CLEAR,DAYLIGHT,PEDALCYCLIST,NOT DIVIDED,,STRAIGHT AND LEVEL,DRY,NO DEFECTS,ON SCENE,INJURY AND / OR TOW DUE TO CRASH,,,,$500 OR LESS,08/02/2025 11:00:00 AM,UNABLE TO DETERMINE,UNABLE TO DETERMINE,1335,N,PAULINA ST,1433,,,Y,,,,2,NONINCAPACITATING INJURY,1,0,0,1,0,0,0,11,7,8,41.9060866657,-87.6698578756,POINT (-87.669857875603 41.906086665669)
ed0e83b0b7903c1530fc5ee2457fc64543b05a04ce15f3718ca8ae0a78760b0cc6980d1da08bbd95dc1eae28ca329701ad5d2f698f0f712ed39b70212554e88b,,08/02/2025 11:00:00 AM,30,UNKNOWN,UNKNOWN,CLEAR,DAYLIGHT,FIXED OBJECT,FOUR WAY,,STRAIGHT AND LEVEL,UNKNOWN,UNKNOWN,NOT ON SCENE (DESK REPORT),NO INJURY / DRIVE AWAY,Y,,,"OVER $1,500",08/02/2025 12:20:00 PM,DRIVING ON WRONG SIDE/WRONG WAY,IMPROPER OVERTAKING/PASSING,238,N,HAMLIN BLVD,1122,,,,,,,1,NO INDICATION OF INJURY,0,0,0,0,0,1,0,11,7,8,41.8840306123,-87.7210346494,POINT (-87.721034649359 41.884030612278)
015a9fbc63f60a7dd99d129f80519c9b9717ca0b1f449cf469a94e5876baa834f6ba37c95ebb7be134cc55e507bd2cfb8ac9d86e6875e42ed13fea0b583141b3,,08/02/2025 10:45:00 AM,30,STOP SIGN/FLASHER,FUNCTIONING PROPERLY,CLEAR,DAYLIGHT,TURNING,FOUR WAY,,STRAIGHT AND LEVEL,DRY,NO DEFECTS,ON SCENE,INJURY AND / OR TOW DUE TO CRASH,Y,,,"OVER $1,500",08/02/2025 10:45:00 AM,UNABLE TO DETERMINE,NOT APPLICABLE,4501,N,AUSTIN AVE,1622,,,,,,,2,"REPORTED, NOT EVIDENT",1,0,0,0,1,1,0,10,7,8,41.9623156491,-87.7769379244,POINT (-87.776937924396 41.962315649146)
5eb93b4d20440ed9f8620dba257e6cd772cbd06d07fb9cb41295cf4f7c18000a8fc5f384a500ba32bcf1a096c300c95d7aa6009bbc2a0dd592a32678d1ddfe88,,08/02/2025 10:45:00 AM,10,NO CONTROLS,NO CONTROLS,UNKNOWN,DAYLIGHT,REAR TO SIDE,PARKING LOT,,STRAIGHT AND LEVEL,UNKNOWN,NO DEFECTS,NOT ON SCENE (DESK REPORT),NO INJURY / DRIVE AWAY,,,,"OVER $1,500",08/12/2025 06:25:00 AM,FOLLOWING TOO CLOSELY,UNABLE TO DETERMINE,1300,S,CLINTON ST,124,,,,,,,2,NO INDICATION OF INJURY,0,0,0,0,0,2,0,10,7,8,41.8655346778,-87.6408133123,POINT (-87.64081331229 41.865534677771)
65a731e9e2c0d813820e8102980af965667ffdfbcef7e453939bf450114f342614d585920c6c7d8d6a136aeff6acf8e6aee80c3ceffea6c94ab320a300a24818,,08/02/2025 10:43:00 AM,30,NO CONTROLS,NO CONTROLS,CLEAR,DAYLIGHT,PARKED MOTOR VEHICLE,ONE-WAY,,STRAIGHT AND LEVEL,DRY,UNKNOWN,ON SCENE,NO INJURY / DRIVE AWAY,,,Y,"OVER $1,500",08/02/2025 10:49:00 AM,UNABLE TO DETERMINE,NOT APPLICABLE,7508,S,KINGSTON AVE,421,,,,,,,2,NO INDICATION OF INJURY,0,0,0,0,0,1,0,10,7,8,41.7587164239,-87.5628758638,POINT (-87.562875863824 41.758716423897)
0005c675f2cb486fd3636f5f8d47df9ccb922abeba2e458d68a1d95997e49f3b38e94856505ef0b1f8c5452f9abfcd593cb7a89bbd04ae499809b347b643ad4b,,08/02/2025 10:42:00 AM,30,NO CONTROLS,NO CONTROLS,CLEAR,DAYLIGHT,PARKED MOTOR VEHICLE,NOT DIVIDED,,STRAIGHT AND LEVEL,DRY,NO DEFECTS,ON SCENE,NO INJURY / DRIVE AWAY,,,,"OVER $1,500",08/02/2025 10:43:00 AM,UNABLE TO DETERMINE,NOT APPLICABLE,8523,S,RACINE AVE,613,,,,,,,2,NO INDICATION OF INJURY,0,0,0,0,0,1,0,10,7,8,41.738866172,-87.6532738049,POINT (-87.653273804932 41.738866172016)
58bd3253fb7256adbf416bbca10eb314fb4c6f95982e3d44c102c506a465007aa632752697fe0168b6081b67f380878c2979ccb628ee17a36a6753cabb5e5ac4,,08/02/2025 10:38:00 AM,30,STOP SIGN/FLASHER,NO CONTROLS,CLEAR,DAYLIGHT,ANGLE,FOUR WAY,,STRAIGHT AND LEVEL,DRY,NO DEFECTS,ON SCENE,INJURY AND / OR TOW DUE TO CRASH,Y,,,"OVER $1,500",08/02/2025 10:38:00 AM,UNABLE TO DETERMINE,UNABLE TO DETERMINE,8200,S,STONY ISLAND AVE,411,,,,,,,2,NONINCAPACITATING INJURY,1,0,0,1,0,1,0,10,7,8,41.7459282584,-87.5859949102,POINT (-87.585994910205 41.745928258449)
12dad893756b13a300e4b857d2e46ab42ed0bea641869fb7fb465447dee0dca3b37215449c3bc9852b3f2de2b1079d202a6b7e50807b7c81f069db51c1797354,,08/02/2025 10:37:00 AM,30,UNKNOWN,NO CONTROLS,CLEAR,DAYLIGHT,ANGLE,PARKING LOT,,STRAIGHT AND LEVEL,UNKNOWN,UNKNOWN,NOT ON SCENE (DESK REPORT),NO INJURY / DRIVE AWAY,,Y,,"OVER $1,500",08/02/2025 12:54:00 PM,UNABLE TO DETERMINE,UNABLE TO DETERMINE,3220,W,111TH ST,2211,,,,,,,2,NO INDICATION OF INJURY,0,0,0,0,0,2,0,10,7,8,41.6916649245,-87.7017536658,POINT (-87.701753665789 41.691664924456)
213ee574c41b40c547a3cd56c8e4e8702f6066a45a38af64dcd9f935d49f8e959055bdf869599e09048a6c8c0ca9a12800fa2e1b38ffec0c6cbb8d0790a17ff3,,08/02/2025 10:30:00 AM,20,NO CONTROLS,NO CONTROLS,CLEAR,DAYLIGHT,REAR TO SIDE,NOT DIVIDED,,STRAIGHT AND LEVEL,DRY,NO DEFECTS,NOT ON SCENE (DESK REPORT),NO INJURY / DRIVE AWAY,,,,"OVER $1,500",08/02/2025 11:30:00 AM,FAILING TO YIELD RIGHT-OF-WAY,NOT APPLICABLE,7195,W,ALTGELD ST,2512,,,,,,,2,NO INDICATION OF INJURY,0,0,0,0,0,2,0,10,7,8,41.9252115502,-87.8062399247,POINT (-87.806239924717 41.925211550202)
2de3c13b76207fcb4f1b36ed9f88a50fe9a07bff4bb9db214a49a71032440109966fe8ab1de59e3320c582ca4f531882de4cf6d0e62f53f2e546447077e41528,,08/02/2025 10:30:00 AM,30,TRAFFIC SIGNAL,FUNCTIONING PROPERLY,CLEAR,DAYLIGHT,REAR END,DIVIDED - W/MEDIAN (NOT RAISED),,STRAIGHT AND LEVEL,DRY,NO DEFECTS,ON SCENE,NO INJURY / DRIVE AWAY,,,,"OVER $1,500",08/02/2025 10:32:00 AM,UNABLE TO DETERMINE,UNABLE TO DETERMINE,3956,W,55TH ST,822,,,,,,,2,NO INDICATION OF INJURY,0,0,0,0,0,2,0,10,7,8,41.7933161165,-87.7230125143,POINT (-87.723012514272 41.793316116494)
b8e4b22bc9c220c5a2e2a1496578cc6c230a39ee7fa8b1ae59fbef4cf658bc2ac949a409fe9c59823022516e82f706ade441c0c06ea8d756fa696c014c28c003,,08/02/2025 10:30:00 AM,30,NO CONTROLS,NO CONTROLS,CLEAR,DAYLIGHT,PARKED MOTOR VEHICLE,ONE-WAY,,STRAIGHT AND LEVEL,DRY,NO DEFECTS,NOT ON SCENE (DESK REPORT),NO INJURY / DRIVE AWAY,,,Y,"$501 - $1,500",08/02/2025 12:00:00 PM,IMPROPER LANE USAGE,NOT APPLICABLE,2517,E,77TH ST,421,,,,,,,2,NO INDICATION OF INJURY,0,0,0,0,0,1,0,10,7,8,41.7552910132,-87.5631427837,POINT (-87.563142783701 41.755291013209)
1d1efeb839537c6bf154840fbf9d785c94afff22391f200bf6163301ffab298ca52863a77947d47a60e5fcff7defa8ad5658bdf7ee9753bef3cba81c7f3c9aea,,08/02/2025 10:20:00 AM,30,NO CONTROLS,NO CONTROLS,CLEAR,DAYLIGHT,PARKED MOTOR VEHICLE,DIVIDED - W/MEDIAN (NOT RAISED),,STRAIGHT AND LEVEL,DRY,UNKNOWN,NOT ON SCENE (DESK REPORT),NO INJURY / DRIVE AWAY,,,,"OVER $1,500",08/02/2025 01:45:00 PM,UNABLE TO DETERMINE,UNABLE TO DETERMINE,2800,N,CLARK ST,1934,,,,,,,2,NO INDICATION OF INJURY,0,0,0,0,0,1,0,10,7,8,41.9328286998,-87.645080351,POINT (-87.645080351015 41.932828699843)
1ebb50aefa0cc6c538c21a86d0787796fe782a13280f74a5bf539456375dd364aa3fb6460705b03f26f346200c8ce5a77d0b8300618ab8f6f397dc4c0e6809ee,,08/02/2025 10:15:00 AM,30,NO CONTROLS,NO CONTROLS,CLEAR,DAYLIGHT,SIDESWIPE SAME DIRECTION,NOT DIVIDED,,STRAIGHT AND LEVEL,DRY,NO DEFECTS,NOT ON SCENE (DESK REPORT),NO INJURY / DRIVE AWAY,,,,"OVER $1,500",08/02/2025 10:50:00 AM,UNABLE TO DETERMINE,NOT APPLICABLE,3303,W,BELMONT AVE,1412,,,,,,,2,NO INDICATION OF INJURY,0,0,0,0,0,2,0,10,7,8,41.9391941275,-87.7101879115,POINT (-87.710187911532 41.93919412747)
26fa77d14e475e72b46099d94a5238d163d40701b219412b434c7df4cb108b7a5b797a5ad9806fe88103c2c17673782f4c03054a84b1233650edb8646b8f12d1,,08/02/2025 10:15:00 AM,30,NO CONTROLS,NO CONTROLS,CLEAR,DAYLIGHT,REAR END,NOT DIVIDED,,STRAIGHT AND LEVEL,DRY,NO DEFECTS,NOT ON SCENE (DESK REPORT),NO INJURY / DRIVE AWAY,,,Y,"OVER $1,500",08/02/2025 10:51:00 AM,UNABLE TO DETERMINE,UNABLE TO DETERMINE,7903,S,PULASKI RD,834,,,,,,,2,NO INDICATION OF INJURY,0,0,0,0,0,2,0,10,7,8,41.7492907752,-87.7217570345,POINT (-87.721757034497 41.74929077517)
cd93e1eed73b57cafe60dc56cb1a8f5d1b54cc407e2d23b72ace9d28e4bb6286639dea02e4a3fe2b10cbf67376925574587e6bcba8237f4d42173f1fa298891b,,08/02/2025 10:15:00 AM,30,NO CONTROLS,NO CONTROLS,CLEAR,DAYLIGHT,TURNING,DIVIDED - W/MEDIAN (NOT RAISED),,STRAIGHT AND LEVEL,DRY,NO DEFECTS,ON SCENE,NO INJURY / DRIVE AWAY,,,,"$501 - $1,500",08/02/2025 10:55:00 AM,FAILING TO YIELD RIGHT-OF-WAY,NOT APPLICABLE,1325,W,GRAND AVE,1215,,,,,,,2,NO INDICATION OF INJURY,0,0,0,0,0,2,0,10,7,8,41.8909410885,-87.6600115784,POINT (-87.66001157837 41.890941088472)
a311c0c8bdb8ada90f244c645730010f0055af1c9423a5e9b80a437fdf33bd68c4268bacdcd67935dcfe8488aad48775e62ce4612fe6f6ceffd1a8d792cdbd53,,08/02/2025 10:13:00 AM,30,STOP SIGN/FLASHER,FUNCTIONING PROPERLY,CLEAR,DAYLIGHT,ANGLE,FOUR WAY,,STRAIGHT AND LEVEL,DRY,NO DEFECTS,ON SCENE,INJURY AND / OR TOW DUE TO CRASH,Y,,,"OVER $1,500",08/02/2025 10:14:00 AM,FAILING TO YIELD RIGHT-OF-WAY,NOT APPLICABLE,2200,S,RIDGEWAY AVE,1013,,,,,,,2,NO INDICATION OF INJURY,0,0,0,0,0,3,0,10,7,8,41.8515437631,-87.7187967624,POINT (-87.718796762371 41.851543763146)
29f49b37b6e4a0e1667d64d1fec41d94644299553c2e41f5286f4aa17f18b680276bcac8ce155ea47869ccb9921f1200760c1e34dac6ec158365229924c8d75a,,08/02/2025 10:12:00 AM,35,STOP SIGN/FLASHER,FUNCTIONING PROPERLY,CLEAR,DAYLIGHT,ANGLE,FOUR WAY,,STRAIGHT AND LEVEL,DRY,NO DEFECTS,ON SCENE,INJURY AND / OR TOW DUE TO CRASH,Y,,,"OVER $1,500",08/02/2025 10:17:00 AM,"VISION OBSCURED (SIGNS, TREE LIMBS, BUILDINGS, ETC.)",NOT APPLICABLE,6100,N,CALDWELL AVE,1621,,,,,,,2,NO INDICATION OF INJURY,0,0,0,0,0,4,0,10,7,8,41.991867173,-87.755345739,POINT (-87.755345738978 41.991867173008)
e89377b645c70189a082530456097e150bcc73a099073e8a19ec1cc99672bfdca55fd0c013a713117ce9f020e36ed2145cf4f2e9c216a59bb050ccc16e9e4efb,,08/02/2025 10:05:00 AM,30,TRAFFIC SIGNAL,FUNCTIONING PROPERLY,CLEAR,DAYLIGHT,FIXED OBJECT,T-INTERSECTION,,STRAIGHT AND LEVEL,DRY,NO DEFECTS,NOT ON SCENE (DESK REPORT),NO INJURY / DRIVE AWAY,Y,,,$500 OR LESS,08/02/2025 12:05:00 PM,EQUIPMENT - VEHICLE CONDITION,UNABLE TO DETERMINE,9901,S,BEVERLY AVE,2213,,,,,,,1,NO INDICATION OF INJURY,0,0,0,0,0,1,0,10,7,8,41.7139129523,-87.6594372549,POINT (-87.659437254942 41.713912952294)
3eacda6fb651df221de78d3a30c341155af99e7ab91789b72446176688f82c3a852f564c3e6648e92d8b6ddcd1a6012030564961f4649c6ba74d7c990efb1303,,08/02/2025 10:00:00 AM,30,STOP SIGN/FLASHER,FUNCTIONING PROPERLY,CLEAR,DAYLIGHT,ANGLE,ONE-WAY,,STRAIGHT AND LEVEL,DRY,NO DEFECTS,ON SCENE,INJURY AND / OR TOW DUE TO CRASH,N,,Y,"OVER $1,500",08/02/2025 10:02:00 AM,FAILING TO YIELD RIGHT-OF-WAY,FAILING TO YIELD RIGHT-OF-WAY,5499,W,OHIO ST,1523,,,,,,,2,NONINCAPACITATING INJURY,3,0,0,1,2,2,0,10,7,8,41.8910017478,-87.7633446862,POINT (-87.763344686246 41.891001747789)
73798c3b0e7242b516c5a6bfc0a705a3a3f4df685d765663e8cb587825a18688b9a4a8665941238ea48dfb5706ef60e9183deafd72f6fc1ff225a88f08c9b312,,08/02/2025 10:00:00 AM,30,TRAFFIC SIGNAL,FUNCTIONING PROPERLY,CLEAR,DARKNESS,REAR END,DIVIDED - W/MEDIAN (NOT RAISED),,STRAIGHT AND LEVEL,DRY,NO DEFECTS,NOT ON SCENE (DESK REPORT),NO INJURY / DRIVE AWAY,,,,"OVER $1,500",08/12/2025 11:10:00 AM,FOLLOWING TOO CLOSELY,NOT APPLICABLE,345,E,43RD ST,215,,,,,,,3,NO INDICATION OF INJURY,0,0,0,0,0,3,0,10,7,8,41.8165078874,-87.6180300722,POINT (-87.618030072158 41.816507887409)
bf79d57920a34c27adc81fb9985605048e2d8ae2c2eacb5f5389f4d9a4fb4f3e7b0075b1dcb02b96ff8eb9d9bc6a36514f74f9f46c5e76da74bfe1070ff7d1f9,Y,08/02/2025 10:00:00 AM,30,TRAFFIC SIGNAL,FUNCTIONING PROPERLY,CLEAR,DAYLIGHT,SIDESWIPE OPPOSITE DIRECTION,NOT DIVIDED,,STRAIGHT AND LEVEL,DRY,NO DEFECTS,ON SCENE,INJURY AND / OR TOW DUE TO CRASH,,,,"OVER $1,500",08/02/2025 10:21:00 AM,DISTRACTION - FROM INSIDE VEHICLE,"EVASIVE ACTION DUE TO ANIMAL, OBJECT, NONMOTORIST",12229,S,STATE ST,532,,,,,,,2,NO INDICATION OF INJURY,0,0,0,0,0,2,0,10,7,8,41.6716926946,-87.6223238486,POINT (-87.622323848568 41.671692694553)
228a216a39c6916b7c405eb62f31098b3ecfebd49eada575bf7fba15de1a2e732037d731a3ea8b50ef6175c28ee9a783dd228eea82d958cc3f2617da4b392f0d,,08/02/2025 09:50:00 AM,30,STOP SIGN/FLASHER,FUNCTIONING PROPERLY,CLEAR,DAYLIGHT,PEDESTRIAN,NOT DIVIDED,,STRAIGHT AND LEVEL,UNKNOWN,UNKNOWN,ON SCENE,INJURY AND / OR TOW DUE TO CRASH,,,,"OVER $1,500",08/02/2025 09:51:00 AM,FAILING TO YIELD RIGHT-OF-WAY,DRIVING SKILLS/KNOWLEDGE/EXPERIENCE,1617,E,HYDE PARK BLVD,234,,Y,,,,,3,NONINCAPACITATING INJURY,2,0,0,2,0,1,0,9,7,8,41.8023955271,-87.5857092254,POINT (-87.585709225432 41.802395527059)