CRASH_RECORD_ID,CRASH_DATE_EST_I,CRASH_DATE,POSTED_SPEED_LIMIT,TRAFFIC_CONTROL_DEVICE,DEVICE_CONDITION,WEATHER_CONDITION,LIGHTING_CONDITION,FIRST_CRASH_TYPE,TRAFFICWAY_TYPE,LANE_CNT,ALIGNMENT,ROADWAY_SURFACE_COND,ROAD_DEFECT,REPORT_TYPE,CRASH_TYPE,INTERSECTION_RELATED_I,NOT_RIGHT_OF_WAY_I,HIT_AND_RUN_I,DAMAGE,DATE_POLICE_NOTIFIED,PRIM_CONTRIBUTORY_CAUSE,SEC_CONTRIBUTORY_CAUSE,STREET_NO,STREET_DIRECTION,STREET_NAME,BEAT_OF_OCCURRENCE,PHOTOS_TAKEN_I,STATEMENTS_TAKEN_I,DOORING_I,WORK_ZONE_I,WORK_ZONE_TYPE,WORKERS_PRESENT_I,NUM_UNITS,MOST_SEVERE_INJURY,INJURIES_TOTAL,INJURIES_FATAL,INJURIES_INCAPACITATING,INJURIES_NON_INCAPACITATING,INJURIES_REPORTED_NOT_EVIDENT,INJURIES_NO_INDICATION,INJURIES_UNKNOWN,CRASH_HOUR,CRASH_DAY_OF_WEEK,CRASH_MONTH,LATITUDE,LONGITUDE,LOCATION
313b9283cc9c33776734c36f2f9ec7142e3c349ea161ac1faa1626fe6e108a2992a0599d9fb2773fa3384f2bc06118ada1257dae47ae27ffb292b306770b90f7,,08/02/2025 09:50:00 AM,30,NO CONTROLS,NO CONTROLS,CLEAR,DAYLIGHT,TURNING,PARKING LOT,,STRAIGHT AND LEVEL,UNKNOWN,UNKNOWN,NOT ON SCENE (DESK REPORT),NO INJURY / DRIVE AWAY,,,,"OVER $1,500",08/02/2025 01:25:00 PM,UNABLE TO DETERMINE,UNABLE TO DETERMINE,4946,N,MILWAUKEE AVE,1623,,,,,,,2,NO INDICATION OF INJURY,0,0,0,0,0,2,0,9,7,8,41.9706775856,-87.7634289442,POINT (-87.76342894418 41.97067758561)
89d14b2222654a9a4b74d839b4447b142b98288ab6cb7cb1f3321e02b9d58df4aa581b33fca005753ec5e816e2cdd6cf7f767187f093be8a6b203f2d634eac2d,,08/02/2025 09:49:00 AM,30,NO CONTROLS,NO CONTROLS,CLEAR,DAYLIGHT,PARKED MOTOR VEHICLE,NOT DIVIDED,,STRAIGHT AND LEVEL,DRY,NO DEFECTS,ON SCENE,NO INJURY / DRIVE AWAY,,,Y,"OVER $1,500",08/02/2025 09:49:00 AM,"OPERATING VEHICLE IN ERRATIC, RECKLESS, CARELESS, NEGLIGENT OR AGGRESSIVE MANNER",NOT APPLICABLE,4631,W,HARRISON ST,1131,,,,,,,2,NO INDICATION OF INJURY,0,0,0,0,0,3,0,9,7,8,41.8731160584,-87.7413725347,POINT (-87.741372534688 41.873116058372)
14680c3f8420ac601fba58e203d60c1ff35285cfbc11e11a415c2530a149ddd1508c8e36f43101ffce6e6737d93a7dfa5a357bbb64261d0449d5e74769767bff,,08/02/2025 09:45:00 AM,30,STOP SIGN/FLASHER,FUNCTIONING PROPERLY,CLEAR,DAYLIGHT,ANGLE,TRAFFIC ROUTE,,STRAIGHT AND LEVEL,DRY,NO DEFECTS,NOT ON SCENE (DESK REPORT),NO INJURY / DRIVE AWAY,Y,,,$500 OR LESS,08/02/2025 11:45:00 AM,UNABLE TO DETERMINE,UNABLE TO DETERMINE,3051,N,LARAMIE AVE,2521,,,,,,,2,NO INDICATION OF INJURY,0,0,0,0,0,2,0,9,7,8,41.9365991459,-87.756467039,POINT (-87.756467038952 41.936599145869)
55adc231fe94757412e8de9a95c78029ac590f0665ab3fc52bd061b12cef78796d6a25f435381d5438fb87ca974fe792403723f429f66e38c590a73bf5ac0e13,,08/02/2025 09:45:00 AM,10,NO CONTROLS,NO CONTROLS,CLEAR,DAYLIGHT,SIDESWIPE SAME DIRECTION,PARKING LOT,,STRAIGHT AND LEVEL,DRY,NO DEFECTS,NOT ON SCENE (DESK REPORT),NO INJURY / DRIVE AWAY,,Y,,"OVER $1,500",08/02/2025 10:20:00 AM,UNABLE TO DETERMINE,UNABLE TO DETERMINE,1743,W,LAWRENCE AVE,1912,,,,,,,2,NO INDICATION OF INJURY,0,0,0,0,0,2,0,9,7,8,41.9687307336,-87.6726720328,POINT (-87.672672032757 41.968730733567)
a1bb9ebbac1bf3de540b4039b8e402be785fc676c1b46bf0136f14e2ea252e7c2da4fbc4b0040023481bc7484a84f78713aebd5d2d233362a11843cb36afd305,,08/02/2025 09:45:00 AM,20,TRAFFIC SIGNAL,FUNCTIONING PROPERLY,CLEAR,DAYLIGHT,REAR END,NOT DIVIDED,,STRAIGHT AND LEVEL,DRY,NO DEFECTS,ON SCENE,NO INJURY / DRIVE AWAY,,,Y,"$501 - $1,500",08/02/2025 10:01:00 AM,FAILING TO REDUCE SPEED TO AVOID CRASH,FOLLOWING TOO CLOSELY,8501,S,YATES BLVD,423,,,,,,,2,NO INDICATION OF INJURY,0,0,0,0,0,2,0,9,7,8,41.7407373497,-87.5659250078,POINT (-87.565925007838 41.740737349696)
d5c9c01cec4d3186ec37b0c0688a1e5dc73f09c1c4776f36ef52d530ae05d7cbf1b169af31b9d42c706f35e7b74032774edec28180350dbca6f6e890e3f206f4,,08/02/2025 09:45:00 AM,35,UNKNOWN,UNKNOWN,UNKNOWN,UNKNOWN,ANGLE,UNKNOWN,,STRAIGHT AND LEVEL,UNKNOWN,UNKNOWN,NOT ON SCENE (DESK REPORT),NO INJURY / DRIVE AWAY,,,Y,"OVER $1,500",08/02/2025 11:00:00 AM,UNABLE TO DETERMINE,NOT APPLICABLE,10656,S,AVENUE C,432,,,,,,,2,NO INDICATION OF INJURY,0,0,0,0,0,2,0,9,7,8,41.7010261995,-87.5271157233,POINT (-87.527115723271 41.701026199493)
ddfe9aed3a266bd5d36a3a47ce030e063e9d69cd6d5d7d32bb1f3fbb7e0d5a46e1ee67daa84af80d4f77027877af808ea2e57a9431f6de28828a0eeebb5c0c78,,08/02/2025 09:20:00 AM,30,NO CONTROLS,NO CONTROLS,CLEAR,DAYLIGHT,REAR END,NOT DIVIDED,,STRAIGHT AND LEVEL,DRY,NO DEFECTS,NOT ON SCENE (DESK REPORT),NO INJURY / DRIVE AWAY,,,Y,"$501 - $1,500",08/03/2025 08:15:00 AM,UNABLE TO DETERMINE,UNABLE TO DETERMINE,3300,S,MICHIGAN AVE,211,,,,,,,2,NO INDICATION OF INJURY,0,0,0,0,0,2,0,9,7,8,41.8346071196,-87.6234714505,POINT (-87.623471450519 41.834607119639)
c315c1c2a84fff57d4f4b29de5cecefb7284b1780dd898fa217085e98e8bc7fd5ac3b79bfb3bafc4efca36c35ae36eb0c8782aadd203bedcb8b1105e97481952,,08/02/2025 09:07:00 AM,30,NO CONTROLS,NO CONTROLS,CLEAR,DAYLIGHT,SIDESWIPE SAME DIRECTION,DIVIDED - W/MEDIAN (NOT RAISED),,STRAIGHT AND LEVEL,DRY,NO DEFECTS,NOT ON SCENE (DESK REPORT),NO INJURY / DRIVE AWAY,,,,"OVER $1,500",08/02/2025 09:45:00 AM,FAILING TO YIELD RIGHT-OF-WAY,UNABLE TO DETERMINE,613,W,ROOSEVELT RD,124,,,,,,,2,NO INDICATION OF INJURY,0,0,0,0,0,2,0,9,7,8,41.8671027784,-87.6427007939,POINT (-87.642700793925 41.867102778419)
e34a46ce528d4c90cfef00ab1553c1996a5bde370ef6633b60942460987209e1b6b86238e3c383a4da53ea32a4fe989b52b2f2e065dde08edc91bbefe8e0530e,,08/02/2025 09:05:00 AM,30,STOP SIGN/FLASHER,FUNCTIONING PROPERLY,CLEAR,DAYLIGHT,ANGLE,L-INTERSECTION,,STRAIGHT AND LEVEL,DRY,NO DEFECTS,ON SCENE,INJURY AND / OR TOW DUE TO CRASH,Y,,,"OVER $1,500",08/02/2025 09:07:00 AM,DISREGARDING STOP SIGN,UNABLE TO DETERMINE,7743,W,HIGGINS AVE,1613,,,,,,,2,"REPORTED, NOT EVIDENT",1,0,0,0,1,1,0,9,7,8,41.9831312747,-87.8210318376,POINT (-87.821031837616 41.983131274715)
aeb51b960cf8ad009bb318f4c1efd3e61b21c37f2a8fe021899d91c96f0a8713a110344e5e0daf51d48822dff18f0e91d0958b708c5ef60e5522fdab65de5428,,08/02/2025 09:02:00 AM,30,NO CONTROLS,NO CONTROLS,CLEAR,DAYLIGHT,PARKED MOTOR VEHICLE,ONE-WAY,,STRAIGHT AND LEVEL,DRY,NO DEFECTS,ON SCENE,INJURY AND / OR TOW DUE TO CRASH,,,,"OVER $1,500",08/02/2025 09:02:00 AM,DISTRACTION - FROM INSIDE VEHICLE,DISTRACTION - FROM INSIDE VEHICLE,431,W,NORMAL PKWY,722,,,,,,,2,NONINCAPACITATING INJURY,1,0,0,1,0,1,0,9,7,8,41.7694607908,-87.6363430027,POINT (-87.636343002694 41.769460790763)
2a1fd76406c5151ef1a9aabc22243babffc052b4dc2d3299d56ff1c8a54d308f9a2196a8176bf229dc733d9acf07e66d0118900a26565f9c5ff10e8be2bfc501,,08/02/2025 09:00:00 AM,30,STOP SIGN/FLASHER,OTHER,CLEAR,DAYLIGHT,TURNING,NOT DIVIDED,,STRAIGHT AND LEVEL,DRY,NO DEFECTS,ON SCENE,INJURY AND / OR TOW DUE TO CRASH,Y,,,"$501 - $1,500",08/02/2025 09:02:00 AM,"OPERATING VEHICLE IN ERRATIC, RECKLESS, CARELESS, NEGLIGENT OR AGGRESSIVE MANNER",UNABLE TO DETERMINE,3628,N,DAMEN AVE,1921,,Y,,,,,2,NONINCAPACITATING INJURY,1,0,0,1,0,1,0,9,7,8,41.9477356334,-87.678724343,POINT (-87.67872434299 41.947735633445)
3f546fb0d2bc0faf3e57d340a4a732e7395514b3e4e3f773baab45aeda7b88af61984e8f2a71805c4effe6aa0a5ff060b1ceb5500b1d5dd293aa823da50b4c6f,,08/02/2025 09:00:00 AM,30,NO CONTROLS,NO CONTROLS,CLEAR,DAYLIGHT,REAR TO SIDE,PARKING LOT,,STRAIGHT AND LEVEL,DRY,NO DEFECTS,NOT ON SCENE (DESK REPORT),NO INJURY / DRIVE AWAY,,,,"OVER $1,500",08/03/2025 03:30:00 PM,IMPROPER BACKING,UNABLE TO DETERMINE,2520,N,NARRAGANSETT AVE,2512,,,,,,,2,NO INDICATION OF INJURY,0,0,0,0,0,2,0,9,7,8,41.9262969563,-87.785694824,POINT (-87.785694823992 41.926296956326)
d53ea79ba24f473abac23e5270639d6a7080f80cba6f0cc7ed334339721b8ce4af51896533b7bcd3ab2f0c3a2fdbca781cdf1dd4f407f8f9621de046a724d3df,,08/02/2025 09:00:00 AM,45,NO CONTROLS,NO CONTROLS,CLEAR,DAYLIGHT,REAR END,DIVIDED - W/MEDIAN BARRIER,,STRAIGHT AND LEVEL,DRY,NO DEFECTS,ON SCENE,INJURY AND / OR TOW DUE TO CRASH,,,Y,$500 OR LESS,08/02/2025 09:13:00 AM,FOLLOWING TOO CLOSELY,IMPROPER OVERTAKING/PASSING,1300,S,LAKE SHORE DR NB,132,,,,,,,2,"REPORTED, NOT EVIDENT",1,0,0,0,1,2,0,9,7,8,41.8657323123,-87.6196686373,POINT (-87.61966863732 41.865732312266)
df7af2701aa02da9e9233a2194160cccb379d43ea9ad26340ba0e24efcf4a81c62ee11b7b41476a97a82e17578fc15de5abf397565a612d60acfa8c5ac29139b,Y,08/02/2025 09:00:00 AM,20,STOP SIGN/FLASHER,NO CONTROLS,CLEAR,DAYLIGHT,SIDESWIPE OPPOSITE DIRECTION,ONE-WAY,,STRAIGHT AND LEVEL,DRY,NO DEFECTS,ON SCENE,INJURY AND / OR TOW DUE TO CRASH,,,Y,"OVER $1,500",08/02/2025 12:30:00 PM,DRIVING ON WRONG SIDE/WRONG WAY,NOT APPLICABLE,3600,W,IOWA ST,1112,,,,,,,2,NO INDICATION OF INJURY,0,0,0,0,0,2,0,9,7,8,41.8973945506,-87.7164350286,POINT (-87.716435028554 41.897394550602)
65db43f74617e98d257349f344e0a825dc0997511dd3c552a2da6492277bde541926fd6597fa801b7bda0088e3d77bf0b7875eec1d26db1039f5fadcf01d7e89,,08/02/2025 08:48:00 AM,30,TRAFFIC SIGNAL,FUNCTIONING PROPERLY,CLEAR,DAYLIGHT,REAR END,FOUR WAY,,STRAIGHT AND LEVEL,DRY,NO DEFECTS,ON SCENE,NO INJURY / DRIVE AWAY,Y,,Y,"OVER $1,500",08/02/2025 09:15:00 AM,UNABLE TO DETERMINE,NOT APPLICABLE,258,S,DAMEN AVE,1225,,,,,,,2,NO INDICATION OF INJURY,0,0,0,0,0,3,0,8,7,8,41.8775397666,-87.6766942034,POINT (-87.676694203374 41.877539766582)
e6f192b480aa0978db8a24ef82f9d69b2878dd7b3a657c22346e62380dc6420748d2a3085f41b93b2c953edc04faa373d215cd4a84eb22b0b384f5e0c1c5f693,,08/02/2025 08:40:00 AM,30,TRAFFIC SIGNAL,FUNCTIONING PROPERLY,CLEAR,DAYLIGHT,SIDESWIPE SAME DIRECTION,DIVIDED - W/MEDIAN (NOT RAISED),,STRAIGHT AND LEVEL,DRY,NO DEFECTS,NOT ON SCENE (DESK REPORT),NO INJURY / DRIVE AWAY,,,,"OVER $1,500",08/02/2025 09:05:00 AM,UNABLE TO DETERMINE,UNABLE TO DETERMINE,3536,W,CERMAK RD,1024,,,,,,,2,NO INDICATION OF INJURY,0,0,0,0,0,2,0,8,7,8,41.8517851433,-87.7138427714,POINT (-87.713842771351 41.851785143348)
073db07f07881679ad614780ac87d23278b989d86696ffec4daa643633584d86352089f7504364c506d6f523045ba53c3551b5aad84e5a66a0a26a6b6c029fca,,08/02/2025 08:30:00 AM,30,NO CONTROLS,NO CONTROLS,CLEAR,DAYLIGHT,PARKED MOTOR VEHICLE,PARKING LOT,,STRAIGHT AND LEVEL,DRY,NO DEFECTS,NOT ON SCENE (DESK REPORT),NO INJURY / DRIVE AWAY,,,,"OVER $1,500",08/05/2025 05:02:00 PM,UNABLE TO DETERMINE,NOT APPLICABLE,7828,S,WESTERN AVE,835,,,,,,,2,NO INDICATION OF INJURY,0,0,0,0,0,1,0,8,7,8,41.7510454052,-87.6830204655,POINT (-87.68302046553 41.751045405233)
51d27dde3f70f8b137963dd9b0df3cc3da3e6c1af48e493eda41fd4dfd5426dfe0a8c11970c46dea9d08ec1ec93e430314189b18faa1f9729e4eb18f5650d24f,,08/02/2025 08:30:00 AM,30,NO CONTROLS,NO CONTROLS,CLEAR,DAYLIGHT,PARKED MOTOR VEHICLE,NOT DIVIDED,,STRAIGHT AND LEVEL,DRY,NO DEFECTS,NOT ON SCENE (DESK REPORT),INJURY AND / OR TOW DUE TO CRASH,,,,"OVER $1,500",08/02/2025 09:04:00 AM,UNABLE TO DETERMINE,UNABLE TO DETERMINE,921,W,LAWRENCE AVE,1914,,,,,,,2,NONINCAPACITATING INJURY,1,0,0,1,0,1,0,8,7,8,41.9689992487,-87.6533331939,POINT (-87.653333193854 41.968999248694)
e09f1b0de10bdc946c7661ca94bd405a8f798234ef5eeb1d593e729442cdf5b3526d435ee5626b1c9e181d430abfefed9237092acfd4dcaa8db2153e8cb2ba78,,08/02/2025 08:30:00 AM,30,NO CONTROLS,NO CONTROLS,CLEAR,DAYLIGHT,REAR END,NOT DIVIDED,,STRAIGHT AND LEVEL,DRY,NO DEFECTS,NOT ON SCENE (DESK REPORT),NO INJURY / DRIVE AWAY,,,Y,"$501 - $1,500",08/02/2025 08:45:00 AM,FOLLOWING TOO CLOSELY,NOT APPLICABLE,3700,W,51ST ST,821,,,,,,,2,NO INDICATION OF INJURY,0,0,0,0,0,4,0,8,7,8,41.8007630007,-87.716071332,POINT (-87.716071331994 41.800763000688)
5b587ed00d016f0885a747a5031883919577c4bdd4582076e5123eb5c049b1c7e0a6f3214a836f297144b6dda2e8f1024e53d46c5d6dce0f1c967a1fa5c8e1cc,,08/02/2025 08:26:00 AM,30,TRAFFIC SIGNAL,FUNCTIONING PROPERLY,CLEAR,DAYLIGHT,PEDALCYCLIST,DIVIDED - W/MEDIAN (NOT RAISED),,STRAIGHT ON HILLCREST,DRY,NO DEFECTS,ON SCENE,INJURY AND / OR TOW DUE TO CRASH,Y,,Y,$500 OR LESS,08/02/2025 08:47:00 AM,UNABLE TO DETERMINE,UNABLE TO DETERMINE,15,W,ROOSEVELT RD,131,,,,,,,2,NONINCAPACITATING INJURY,2,0,0,2,0,0,0,8,7,8,41.867294421,-87.6280995193,POINT (-87.628099519266 41.867294421004)
48c85d622d2673444f100ba27c66dd91f84bffd076750f5bd5b834ac3d1da33ea5cb5d6195fed28a41bc61fecdc6dcde42071b2c58770ef89d8d444144a6aa40,,08/02/2025 08:15:00 AM,30,NO CONTROLS,NO CONTROLS,CLEAR,DAYLIGHT,PARKED MOTOR VEHICLE,NOT DIVIDED,,STRAIGHT AND LEVEL,DRY,NO DEFECTS,NOT ON SCENE (DESK REPORT),NO INJURY / DRIVE AWAY,,,Y,"OVER $1,500",08/02/2025 02:52:00 PM,IMPROPER OVERTAKING/PASSING,NOT APPLICABLE,4833,S,DAMEN AVE,931,,,,,,,2,NO INDICATION OF INJURY,0,0,0,0,0,1,0,8,7,8,41.8056958348,-87.6744703648,POINT (-87.674470364821 41.805695834816)
eda0c137d19cc1fbbc6ed934c49e3db3b98ac190567f005ba7ac5c7b65d50bcd564d8030f9f2e002fcd5958b1525f9a5a2dbf0108ec802226aa5d7006a9843f6,,08/02/2025 08:08:00 AM,30,NO CONTROLS,NO CONTROLS,CLEAR,DAYLIGHT,PARKED MOTOR VEHICLE,PARKING LOT,,STRAIGHT AND LEVEL,DRY,NO DEFECTS,ON SCENE,NO INJURY / DRIVE AWAY,,,,"OVER $1,500",08/02/2025 08:15:00 AM,"OPERATING VEHICLE IN ERRATIC, RECKLESS, CARELESS, NEGLIGENT OR AGGRESSIVE MANNER",NOT APPLICABLE,112,W,87TH ST,622,,,,,,,2,NO INDICATION OF INJURY,0,0,0,0,0,1,0,8,7,8,41.7363800456,-87.627509219,POINT (-87.627509219026 41.736380045588)
b4f1e6a45241627d43dde101d0dc36df2d02e390f4ff6146a187b7907a3adc1eeecc9efd0d5e26fd0feaa2fe362dfeddfea2c13595c77b4725eec89c24b9940b,,08/02/2025 07:49:00 AM,30,NO CONTROLS,NO CONTROLS,CLEAR,DAYLIGHT,TURNING,FOUR WAY,,STRAIGHT AND LEVEL,DRY,NO DEFECTS,ON SCENE,INJURY AND / OR TOW DUE TO CRASH,Y,,Y,"OVER $1,500",08/02/2025 07:51:00 AM,FAILING TO YIELD RIGHT-OF-WAY,DRIVING SKILLS/KNOWLEDGE/EXPERIENCE,3731,S,KEDZIE AVE,911,,,,,,,2,"REPORTED, NOT EVIDENT",3,0,0,0,3,5,0,7,7,8,41.8252712232,-87.704331891,POINT (-87.704331891007 41.825271223168)
b302f60c5126e97bc4bda61393f1d4994c57e4d8698078b46abce52d24eb32bf21f57e2c8be7b272868b50c74cc07a7e704182c014ea0282610b531846275d73,,08/02/2025 07:06:00 AM,25,STOP SIGN/FLASHER,FUNCTIONING PROPERLY,CLEAR,DAYLIGHT,HEAD ON,DIVIDED - W/MEDIAN (NOT RAISED),,STRAIGHT AND LEVEL,DRY,NO DEFECTS,ON SCENE,INJURY AND / OR TOW DUE TO CRASH,,,Y,"OVER $1,500",08/02/2025 07:52:00 AM,ROAD CONSTRUCTION/MAINTENANCE,FAILING TO YIELD RIGHT-OF-WAY,1404,W,PRATT BLVD,2431,,,,N,,,2,NO INDICATION OF INJURY,0,0,0,0,0,2,0,7,7,8,42.0055607164,-87.6660707958,POINT (-87.666070795813 42.005560716387)
b12f18e11e51450bef466baf5931732bf622d777b41369795025720632f75d0f3d5c477f0ab33ac3d0b1fdca999f26d21c54dcd5a6ef4f5ba421fd964161aaae,,08/02/2025 07:05:00 AM,30,NO CONTROLS,NO CONTROLS,CLEAR,DAYLIGHT,SIDESWIPE SAME DIRECTION,NOT DIVIDED,,STRAIGHT AND LEVEL,DRY,NO DEFECTS,ON SCENE,INJURY AND / OR TOW DUE TO CRASH,,,,"OVER $1,500",08/02/2025 07:05:00 AM,UNABLE TO DETERMINE,UNABLE TO DETERMINE,3041,W,NORTH AVE,1423,,,,,,,2,NO INDICATION OF INJURY,0,0,0,0,0,2,0,7,7,8,41.9100473748,-87.7037973014,POINT (-87.703797301369 41.910047374758)
98282dbf72678e071a8d94d3f9ad6f1ece38d8d16ee310355d66cca7514610e49a69c160f45efb0eafa012898a9e83019580b0e5084a7fbe0b958269e4b069ab,,08/02/2025 07:00:00 AM,20,STOP SIGN/FLASHER,FUNCTIONING PROPERLY,CLEAR,DAYLIGHT,HEAD ON,NOT DIVIDED,,STRAIGHT AND LEVEL,DRY,NO DEFECTS,NOT ON SCENE (DESK REPORT),NO INJURY / DRIVE AWAY,Y,,,"OVER $1,500",08/02/2025 09:15:00 AM,IMPROPER LANE USAGE,UNABLE TO DETERMINE,1390,W,PRATT BLVD,2431,,,,,,,2,NO INDICATION OF INJURY,0,0,0,0,0,2,0,7,7,8,42.0055691027,-87.6658086373,POINT (-87.665808637278 42.005569102701)
5c32d33c95cca8fa4e01b05613ade9c1583d224d18c99fff6c46732b9368ac1f85a8acb9c77ff050cff2c8b34bbc4eb945ab8d9448c1d8c32114d7de486d05e7,,08/02/2025 06:59:00 AM,40,TRAFFIC SIGNAL,FUNCTIONING PROPERLY,CLEAR,DAYLIGHT,FIXED OBJECT,OTHER,,STRAIGHT AND LEVEL,DRY,UNKNOWN,ON SCENE,INJURY AND / OR TOW DUE TO CRASH,,,,"OVER $1,500",08/02/2025 07:02:00 AM,NOT APPLICABLE,NOT APPLICABLE,1001,N,LAKE SHORE DR NB,1824,,,,,,,1,INCAPACITATING INJURY,1,0,1,0,0,0,0,6,7,8,41.9011654159,-87.6195823059,POINT (-87.619582305888 41.901165415908)
cb3c5f17e5fe33b67ec1b7897efd43a3dda217f8c6ff4c4e7527d480f2a76473bb883601f6e4da1cab3752e84d21ca2f1642d3597be087957eb9e3548bb09ca8,,08/02/2025 06:20:00 AM,30,UNKNOWN,UNKNOWN,UNKNOWN,UNKNOWN,PARKED MOTOR VEHICLE,UNKNOWN,,STRAIGHT AND LEVEL,UNKNOWN,UNKNOWN,NOT ON SCENE (DESK REPORT),INJURY AND / OR TOW DUE TO CRASH,,,Y,"$501 - $1,500",08/02/2025 08:25:00 AM,UNABLE TO DETERMINE,UNABLE TO DETERMINE,8118,S,JEFFERY BLVD,414,,,,,,,2,NO INDICATION OF INJURY,0,0,0,0,0,1,0,6,7,8,41.7473697613,-87.5760542674,POINT (-87.576054267423 41.747369761333)
896f94c2d5fb93173f4b0e4676b64cee89cc39878b48e17fc3aed7bd8a1d88ad52456575c79de0e56cfd970c989999116966a7ba6445e711f90a5f09e1a82664,,08/02/2025 06:10:00 AM,30,TRAFFIC SIGNAL,FUNCTIONING PROPERLY,CLEAR,DAYLIGHT,TURNING,NOT DIVIDED,,STRAIGHT AND LEVEL,DRY,NO DEFECTS,NOT ON SCENE (DESK REPORT),NO INJURY / DRIVE AWAY,Y,,,"OVER $1,500",08/02/2025 06:50:00 AM,IMPROPER TURNING/NO SIGNAL,NOT APPLICABLE,1800,S,CLARK ST,131,,,,,,,2,NO INDICATION OF INJURY,0,0,0,0,0,2,0,6,7,8,41.8576920115,-87.6303712389,POINT (-87.630371238942 41.857692011499)
2fac34f7ce5d418979e40b25c4154c7987c5cdacbca09c4dc65c5b82f8f3694ea8cbd5bbd048ddb5538f1f354ecdcaeb37dd351f5c111ccc8d4c430ee8c4e6ed,,08/02/2025 06:00:00 AM,30,TRAFFIC SIGNAL,FUNCTIONING PROPERLY,CLEAR,DAWN,REAR END,FOUR WAY,,STRAIGHT AND LEVEL,DRY,NO DEFECTS,ON SCENE,NO INJURY / DRIVE AWAY,,,,"$501 - $1,500",08/02/2025 06:06:00 AM,DISREGARDING TRAFFIC SIGNALS,FAILING TO REDUCE SPEED TO AVOID CRASH,102,N,HALSTED ST,1224,,N,,,,,2,NO INDICATION OF INJURY,0,0,0,0,0,2,0,6,7,8,41.8832388737,-87.6475523025,POINT (-87.647552302514 41.883238873738)
f45eb4b9ec9faafb2542a71110402ffe8d50707a5146040e7c169e148551cebcdf0a025a333cf4688cf13ec035236becd07f1c273f7bfff92ec307d316dd6d91,,08/02/2025 05:49:00 AM,30,TRAFFIC SIGNAL,FUNCTIONING PROPERLY,CLEAR,DAYLIGHT,SIDESWIPE OPPOSITE DIRECTION,DIVIDED - W/MEDIAN (NOT RAISED),,STRAIGHT AND LEVEL,DRY,UNKNOWN,ON SCENE,NO INJURY / DRIVE AWAY,,,,"OVER $1,500",08/02/2025 07:31:00 AM,DISTRACTION - FROM OUTSIDE VEHICLE,NOT APPLICABLE,7500,S,SOUTH SHORE DR,421,,,,,,,2,NO INDICATION OF INJURY,0,0,0,0,0,4,0,5,7,8,41.7604369214,-87.5572124374,POINT (-87.557212437438 41.76043692141)
b4f529fdc5226aafe92f46afacca72ff893ef4fa6617ba14cd9c81433958c2578d4557370bbaf456c7e9a7fc9a06cae0c29f50a92a79e1c8d6fa9a26fa3687ac,,08/02/2025 05:42:00 AM,30,NO CONTROLS,NO CONTROLS,CLEAR,DAWN,SIDESWIPE SAME DIRECTION,DIVIDED - W/MEDIAN BARRIER,,STRAIGHT AND LEVEL,DRY,UNKNOWN,NOT ON SCENE (DESK REPORT),INJURY AND / OR TOW DUE TO CRASH,,,Y,"OVER $1,500",08/02/2025 10:59:00 AM,UNABLE TO DETERMINE,UNABLE TO DETERMINE,5100,W,MADISON ST,1533,,,,,,,3,NONINCAPACITATING INJURY,1,0,0,1,0,2,0,5,7,8,41.8805135777,-87.7526678834,POINT (-87.752667883391 41.880513577712)
f5617e6e02f492cb82ca84d77e4c25ace4e232e47193a24a169f089fdb212dffb75da712d0a7a6808dc42517b81e0fffc7473e1942f142fdaa457636bd51810d,,08/02/2025 05:30:00 AM,30,NO CONTROLS,NO CONTROLS,UNKNOWN,UNKNOWN,SIDESWIPE OPPOSITE DIRECTION,NOT DIVIDED,,STRAIGHT AND LEVEL,UNKNOWN,UNKNOWN,NOT ON SCENE (DESK REPORT),NO INJURY / DRIVE AWAY,,,Y,"OVER $1,500",08/04/2025 11:00:00 AM,UNABLE TO DETERMINE,UNABLE TO DETERMINE,7321,S,SOUTH SHORE DR,334,,,,,,,2,NO INDICATION OF INJURY,0,0,0,0,0,2,0,5,7,8,41.7635913558,-87.559967135,POINT (-87.559967135017 41.76359135583)
d0c1df50b5b4d7ace50ecd1008457fd85f87c95dd531cf0ee6cbbfb1db809b71a6ff3d4757158cc12b4f090b5471009c32ac72f4ff10de682b3277a6ab518034,,08/02/2025 05:15:00 AM,30,TRAFFIC SIGNAL,UNKNOWN,CLEAR,"DARKNESS, LIGHTED ROAD",ANGLE,NOT DIVIDED,,STRAIGHT AND LEVEL,UNKNOWN,UNKNOWN,,NO INJURY / DRIVE AWAY,Y,,Y,"OVER $1,500",08/02/2025 05:28:00 AM,UNABLE TO DETERMINE,DRIVING SKILLS/KNOWLEDGE/EXPERIENCE,5900,S,PRINCETON AVE,711,,,,,,,2,NO INDICATION OF INJURY,0,0,0,0,0,2,0,5,7,8,41.7871690244,-87.6329472395,POINT (-87.632947239538 41.787169024407)
c57a48a980ea2210127b1bc60de1e96abe36160ecf397767d93328e40f5fc16c0f7dadf815636744f23db40b1511254c56cbe435fd68c0bdc23d41ea49370937,,08/02/2025 05:00:00 AM,30,NO CONTROLS,NO CONTROLS,CLEAR,DAYLIGHT,PARKED MOTOR VEHICLE,NOT DIVIDED,,STRAIGHT AND LEVEL,DRY,NO DEFECTS,NOT ON SCENE (DESK REPORT),NO INJURY / DRIVE AWAY,,,Y,"OVER $1,500",08/02/2025 11:22:00 AM,UNABLE TO DETERMINE,NOT APPLICABLE,33,W,CHICAGO AVE,1832,,,,,,,2,NO INDICATION OF INJURY,0,0,0,0,0,1,0,5,7,8,41.8965479768,-87.6296098131,POINT (-87.629609813141 41.896547976807)