CRASH_RECORD_ID,CRASH_DATE_EST_I,CRASH_DATE,POSTED_SPEED_LIMIT,TRAFFIC_CONTROL_DEVICE,DEVICE_CONDITION,WEATHER_CONDITION,LIGHTING_CONDITION,FIRST_CRASH_TYPE,TRAFFICWAY_TYPE,LANE_CNT,ALIGNMENT,ROADWAY_SURFACE_COND,ROAD_DEFECT,REPORT_TYPE,CRASH_TYPE,INTERSECTION_RELATED_I,NOT_RIGHT_OF_WAY_I,HIT_AND_RUN_I,DAMAGE,DATE_POLICE_NOTIFIED,PRIM_CONTRIBUTORY_CAUSE,SEC_CONTRIBUTORY_CAUSE,STREET_NO,STREET_DIRECTION,STREET_NAME,BEAT_OF_OCCURRENCE,PHOTOS_TAKEN_I,STATEMENTS_TAKEN_I,DOORING_I,WORK_ZONE_I,WORK_ZONE_TYPE,WORKERS_PRESENT_I,NUM_UNITS,MOST_SEVERE_INJURY,INJURIES_TOTAL,INJURIES_FATAL,INJURIES_INCAPACITATING,INJURIES_NON_INCAPACITATING,INJURIES_REPORTED_NOT_EVIDENT,INJURIES_NO_INDICATION,INJURIES_UNKNOWN,CRASH_HOUR,CRASH_DAY_OF_WEEK,CRASH_MONTH,LATITUDE,LONGITUDE,LOCATION
e92fe1a7eb61cba8fefdb8156ed61e6d7f829be7dbe88b4f5bcdc97c3f6ae98be10b004b8fc1bbf9fe7a8c3d9040cbee5531879f1cc2139375be5f11616b7272,,08/02/2025 05:00:00 AM,30,NO CONTROLS,NO CONTROLS,UNKNOWN,DAYLIGHT,PARKED MOTOR VEHICLE,T-INTERSECTION,,STRAIGHT AND LEVEL,DRY,UNKNOWN,NOT ON SCENE (DESK REPORT),INJURY AND / OR TOW DUE TO CRASH,,,N,"OVER $1,500",08/02/2025 02:21:00 PM,FAILING TO REDUCE SPEED TO AVOID CRASH,UNABLE TO DETERMINE,4834,W,RACE AVE,1532,,,,,,,2,NO INDICATION OF INJURY,0,0,0,0,0,1,0,5,7,8,41.8905726737,-87.7471421822,POINT (-87.747142182243 41.89057267371)
29150ef35550425c9f679fb4ad2b4a67ec62623f2a4b859e70091a011c6a509d8d684bfd2c3b80318d0366727c0cb2c13adb186556aba070dafe33f2fa20d0bf,Y,08/02/2025 04:50:00 AM,30,NO CONTROLS,NO CONTROLS,CLEAR,"DARKNESS, LIGHTED ROAD",PARKED MOTOR VEHICLE,NOT DIVIDED,,STRAIGHT AND LEVEL,DRY,UNKNOWN,,INJURY AND / OR TOW DUE TO CRASH,,,Y,"OVER $1,500",08/02/2025 04:56:00 AM,UNABLE TO DETERMINE,UNABLE TO DETERMINE,4334,N,HAZEL ST,1915,,,,,,,5,NO INDICATION OF INJURY,0,0,0,0,0,1,0,4,7,8,41.9612176267,-87.6524585474,POINT (-87.652458547361 41.961217626675)
1d78213aa64fd767476ee831a944f0324464e6315a6080907ca8a1c60da1510d925dda20ac9a4b6d8ba3772a5ddc826798e41feb3f343869e2bb5ac64ce61f5b,,08/02/2025 04:47:00 AM,30,NO CONTROLS,NO CONTROLS,CLEAR,DAWN,PARKED MOTOR VEHICLE,ONE-WAY,,STRAIGHT AND LEVEL,DRY,NO DEFECTS,ON SCENE,INJURY AND / OR TOW DUE TO CRASH,,,,"OVER $1,500",08/02/2025 05:28:00 AM,UNABLE TO DETERMINE,NOT APPLICABLE,10304,S,AVENUE O,432,,,,,,,2,NO INDICATION OF INJURY,0,0,0,0,0,1,0,4,7,8,41.7079899503,-87.5402719825,POINT (-87.540271982522 41.707989950251)
970dbb485a5ea318b3c26d73c0da2fb50fb8bfefda6d0e56105dc3061883fe41c120d34ca6fe8cce55c71334e8d060f453db84089df6f5b35bf971477c2acc85,,08/02/2025 04:45:00 AM,30,TRAFFIC SIGNAL,FUNCTIONING PROPERLY,CLEAR,"DARKNESS, LIGHTED ROAD",TURNING,DIVIDED - W/MEDIAN (NOT RAISED),,STRAIGHT AND LEVEL,DRY,NO DEFECTS,ON SCENE,INJURY AND / OR TOW DUE TO CRASH,Y,,,"OVER $1,500",08/02/2025 04:55:00 AM,IMPROPER TURNING/NO SIGNAL,NOT APPLICABLE,1717,W,ARMITAGE AVE,1433,,,,,,,2,NONINCAPACITATING INJURY,2,0,0,1,1,0,0,4,7,8,41.9177689999,-87.6710689478,POINT (-87.671068947797 41.91776899988)
2c291fcc4d20eb8efe3482b098bbc58c02adf8d68283dae4d4c134e6aa03b3035ac795c925e0c536111428a06969af0ecc12e922443eaed9ce0931b004f8ece4,Y,08/02/2025 04:30:00 AM,20,STOP SIGN/FLASHER,NO CONTROLS,CLEAR,"DARKNESS, LIGHTED ROAD",PARKED MOTOR VEHICLE,NOT DIVIDED,,STRAIGHT AND LEVEL,DRY,NO DEFECTS,ON SCENE,INJURY AND / OR TOW DUE TO CRASH,,,Y,"OVER $1,500",08/02/2025 07:38:00 AM,UNABLE TO DETERMINE,IMPROPER LANE USAGE,5750,W,WABANSIA AVE,2531,,,,,,,3,NO INDICATION OF INJURY,0,0,0,0,0,1,0,4,7,8,41.9112576583,-87.7699844454,POINT (-87.769984445439 41.911257658278)
608e4ecaab32640c2c29b4f2d1415970498a2387e0a31be7bb1067f6da16e7c63ffd6ac4cc4af85f161b3c7d56b8bc192ab4ea0d6c85604721944ab2bf3f5326,,08/02/2025 04:10:00 AM,30,STOP SIGN/FLASHER,FUNCTIONING PROPERLY,CLEAR,DARKNESS,PARKED MOTOR VEHICLE,ONE-WAY,,STRAIGHT AND LEVEL,DRY,NO DEFECTS,ON SCENE,INJURY AND / OR TOW DUE TO CRASH,,,,"OVER $1,500",08/02/2025 04:10:00 AM,UNABLE TO DETERMINE,UNABLE TO DETERMINE,4451,W,MONTANA ST,2524,,,,,,,4,NONINCAPACITATING INJURY,2,0,0,1,1,0,0,4,7,8,41.9252320051,-87.7386103243,POINT (-87.738610324339 41.925232005059)
e391801608af831257f13a8e535ce6858634da79877bc6ee79c602790057252eb69c2f98106f9f71d0121215a46e6e69bd5faf9bad91e9e6f79b3e0ef4ea1cb6,,08/02/2025 04:05:00 AM,30,TRAFFIC SIGNAL,FUNCTIONING PROPERLY,CLEAR,"DARKNESS, LIGHTED ROAD",REAR END,FOUR WAY,,STRAIGHT AND LEVEL,DRY,UNKNOWN,ON SCENE,NO INJURY / DRIVE AWAY,,,,"OVER $1,500",08/02/2025 04:24:00 AM,UNABLE TO DETERMINE,UNABLE TO DETERMINE,5601,N,PULASKI RD,1711,,,,,,,2,NO INDICATION OF INJURY,0,0,0,0,0,2,0,4,7,8,41.9829070578,-87.7282871487,POINT (-87.728287148718 41.982907057828)
485d5eaaf72961c3300a12947b44b33752f039b94ff395068364c738b8d23d66ed95acff6243606432354a3e0990f37ad109da23036730cdb42297c91d0f3347,,08/02/2025 04:03:00 AM,30,TRAFFIC SIGNAL,FUNCTIONING PROPERLY,CLEAR,"DARKNESS, LIGHTED ROAD",REAR END,NOT DIVIDED,,STRAIGHT AND LEVEL,DRY,NO DEFECTS,ON SCENE,NO INJURY / DRIVE AWAY,,,,"$501 - $1,500",08/02/2025 04:31:00 AM,FOLLOWING TOO CLOSELY,DRIVING SKILLS/KNOWLEDGE/EXPERIENCE,798,N,HAMLIN AVE,1112,,,,,,,2,NO INDICATION OF INJURY,0,0,0,0,0,2,0,4,7,8,41.8953178517,-87.7213346914,POINT (-87.721334691396 41.895317851704)
5725582e5fdd5b0274e8e2a36e27d0152acf3b94bb74167cde0d877be4ea7106518864e7295d7df82124ae8e62cc79d38209174f652ffc6b325a18f9e7bb8ea9,,08/02/2025 04:03:00 AM,30,TRAFFIC SIGNAL,FUNCTIONING PROPERLY,CLEAR,"DARKNESS, LIGHTED ROAD",REAR END,FOUR WAY,,STRAIGHT AND LEVEL,DRY,NO DEFECTS,ON SCENE,NO INJURY / DRIVE AWAY,,,,"$501 - $1,500",08/02/2025 04:06:00 AM,PHYSICAL CONDITION OF DRIVER,PHYSICAL CONDITION OF DRIVER,6359,N,WESTERN AVE,2413,,,,,,,2,NO INDICATION OF INJURY,0,0,0,0,0,3,0,4,7,8,41.9976415581,-87.6897328878,POINT (-87.689732887783 41.997641558143)
6812dbca998fe7057a162d42a71a77eafcb12786bfb79266b23a67d3792a8a0ad95ee9b0ba28411ee301f49354b3e262f111e3a0ef45da94c951d8d4cd096f47,,08/02/2025 03:55:00 AM,30,NO CONTROLS,NO CONTROLS,CLEAR,"DARKNESS, LIGHTED ROAD",PARKED MOTOR VEHICLE,ONE-WAY,,STRAIGHT AND LEVEL,DRY,NO DEFECTS,ON SCENE,NO INJURY / DRIVE AWAY,,,Y,"OVER $1,500",08/02/2025 04:00:00 AM,UNABLE TO DETERMINE,FAILING TO REDUCE SPEED TO AVOID CRASH,2737,W,FLOURNOY ST,1135,,,,,,,2,NO INDICATION OF INJURY,0,0,0,0,0,1,0,3,7,8,41.8727807582,-87.6951139767,POINT (-87.695113976686 41.872780758161)
9c965398b216dda070999ad1083c4b971926766b817a764528babaad5a0c8efb71af33fbf826895d6386dbf5e25c7b6516dca979051765dac1e8b9748465e890,,08/02/2025 03:50:00 AM,15,NO CONTROLS,NO CONTROLS,CLEAR,"DARKNESS, LIGHTED ROAD",FIXED OBJECT,PARKING LOT,,STRAIGHT AND LEVEL,DRY,NO DEFECTS,ON SCENE,INJURY AND / OR TOW DUE TO CRASH,,Y,,$500 OR LESS,08/02/2025 03:51:00 AM,UNDER THE INFLUENCE OF ALCOHOL/DRUGS (USE WHEN ARREST IS EFFECTED),NOT APPLICABLE,5555,W,GRAND AVE,2515,,,,,,,1,NO INDICATION OF INJURY,0,0,0,0,0,1,0,3,7,8,41.9186088912,-87.765574479,POINT (-87.765574478976 41.918608891151)
d4f15c1bb389f793d1bcf4ca514bdf881a4e0249c53e790beaf367faa6303581d9caeb8c5876b20389ec49e0f04f52e956a13d7650e8ee7a666c922c9868b5af,,08/02/2025 03:31:00 AM,30,TRAFFIC SIGNAL,FUNCTIONING PROPERLY,CLEAR,"DARKNESS, LIGHTED ROAD",REAR END,NOT DIVIDED,,STRAIGHT AND LEVEL,DRY,NO DEFECTS,NOT ON SCENE (DESK REPORT),NO INJURY / DRIVE AWAY,,,Y,"OVER $1,500",08/02/2025 04:25:00 AM,FAILING TO REDUCE SPEED TO AVOID CRASH,NOT APPLICABLE,1200,S,LAKE SHORE DR SB,132,,,,,,,2,NO INDICATION OF INJURY,0,0,0,0,0,2,0,3,7,8,41.8674842272,-87.6191503834,POINT (-87.619150383382 41.867484227164)
45438ba0a729ea96fd7058057175caff01a832e55d6b56997759192da23bded7609d50d646c1648b16c024830d6d14a9c0c76707b8980a479b469fd0dfcb53f7,,08/02/2025 03:20:00 AM,20,NO CONTROLS,NO CONTROLS,CLEAR,DAYLIGHT,PARKED MOTOR VEHICLE,NOT DIVIDED,,STRAIGHT AND LEVEL,DRY,NO DEFECTS,NOT ON SCENE (DESK REPORT),NO INJURY / DRIVE AWAY,,,,"OVER $1,500",08/03/2025 10:29:00 AM,FOLLOWING TOO CLOSELY,IMPROPER BACKING,2398,W,92ND PL,2221,,,,,,,2,NO INDICATION OF INJURY,0,0,0,0,0,2,0,3,7,8,41.7253811701,-87.682176046,POINT (-87.682176046005 41.725381170062)
812aad5af5f13c1e102b17001493370783fb34be1b480e96cde055c5ea856c5ade630b922122c35bd7e248fdb044f0db6b12c1074a644a5b74e7cfff7356e220,,08/02/2025 03:20:00 AM,30,NO CONTROLS,NO CONTROLS,CLEAR,DARKNESS,PARKED MOTOR VEHICLE,ONE-WAY,,STRAIGHT AND LEVEL,DRY,NO DEFECTS,ON SCENE,NO INJURY / DRIVE AWAY,,,,$500 OR LESS,08/02/2025 03:20:00 AM,IMPROPER BACKING,NOT APPLICABLE,798,S,JEFFERSON ST,124,,,,,,,2,NO INDICATION OF INJURY,0,0,0,0,0,2,0,3,7,8,41.8720276951,-87.6424951425,POINT (-87.642495142465 41.872027695094)
7e3bb499ec15ea1604b1d3d7c3396e5f615712ebfb60f51626c2f9639263dc4d4a189da0abfdb368dd613f8c86b5b65ab661838e4c95bf7ee7d1f093c4960f4f,,08/02/2025 03:01:00 AM,30,NO CONTROLS,NO CONTROLS,CLEAR,"DARKNESS, LIGHTED ROAD",PARKED MOTOR VEHICLE,FOUR WAY,,STRAIGHT AND LEVEL,DRY,NO DEFECTS,NOT ON SCENE (DESK REPORT),INJURY AND / OR TOW DUE TO CRASH,,,Y,"OVER $1,500",08/02/2025 03:09:00 AM,UNABLE TO DETERMINE,FAILING TO REDUCE SPEED TO AVOID CRASH,2635,W,55TH ST,824,,,,,,,5,NO INDICATION OF INJURY,0,0,0,0,0,1,0,3,7,8,41.7936459093,-87.6902836453,POINT (-87.690283645324 41.793645909308)
64ceed073ff962f53d641dde8c6e6802f813bc343263169e7d8d93a2093e851e712ab9b740f45f1222585655381f96be1f25b230be91f15eb7cbb3f26d2d665a,,08/02/2025 03:00:00 AM,30,STOP SIGN/FLASHER,UNKNOWN,UNKNOWN,UNKNOWN,REAR END,NOT DIVIDED,,STRAIGHT AND LEVEL,UNKNOWN,UNKNOWN,NOT ON SCENE (DESK REPORT),NO INJURY / DRIVE AWAY,,,,"OVER $1,500",08/03/2025 07:50:00 AM,DRIVING SKILLS/KNOWLEDGE/EXPERIENCE,UNABLE TO DETERMINE,900,W,LAKE ST,1214,,,,,,,2,NO INDICATION OF INJURY,0,0,0,0,0,2,0,3,7,8,41.8857361678,-87.649869372,POINT (-87.649869372029 41.88573616776)
b40f2e8f68dc666ae9b38be57146268a3934541596f008af30878901481ff50d4cb92b75bdaf9a2f2579b1fb33d0dc5dc8aedba42cda826cf65ae9560dc2b3b2,Y,08/02/2025 03:00:00 AM,30,NO CONTROLS,NO CONTROLS,CLEAR,DAYLIGHT,PARKED MOTOR VEHICLE,ONE-WAY,,STRAIGHT AND LEVEL,DRY,NO DEFECTS,ON SCENE,NO INJURY / DRIVE AWAY,,,Y,"$501 - $1,500",08/02/2025 08:43:00 AM,UNABLE TO DETERMINE,UNABLE TO DETERMINE,2648,N,MEADE AVE,2512,,,,,,,2,NO INDICATION OF INJURY,0,0,0,0,0,1,0,3,7,8,41.9288977417,-87.7784677971,POINT (-87.77846779706 41.928897741695)
6583010b6698151d4ad000d0d4a8b6949e5889b602a44ad30aa0b72a642b8b48eefe9c2c8e4272fb91fc3f7c6ba299825f107433f305582e8601dc6f54ae236d,,08/02/2025 02:40:00 AM,30,TRAFFIC SIGNAL,NO CONTROLS,CLEAR,"DARKNESS, LIGHTED ROAD",REAR END,DIVIDED - W/MEDIAN (NOT RAISED),,STRAIGHT AND LEVEL,DRY,NO DEFECTS,ON SCENE,INJURY AND / OR TOW DUE TO CRASH,,,,"OVER $1,500",08/02/2025 02:46:00 AM,"DISTRACTION - OTHER ELECTRONIC DEVICE (NAVIGATION DEVICE, DVD PLAYER, ETC.)",FAILING TO REDUCE SPEED TO AVOID CRASH,2,E,63RD ST,311,N,,,,,,2,"REPORTED, NOT EVIDENT",1,0,0,0,1,1,0,2,7,8,41.7801686309,-87.6252922674,POINT (-87.625292267357 41.780168630918)
b6d7717c4ffb8db447bea10e948c4f096f013da3fcfc760edb4d36c7c57c900e51515cbac4239c260e06c65a2dff69dcb3ba7164ca87752566d95cb9ec1e68a6,,08/02/2025 02:40:00 AM,30,UNKNOWN,UNKNOWN,UNKNOWN,UNKNOWN,PEDALCYCLIST,NOT DIVIDED,,STRAIGHT AND LEVEL,UNKNOWN,UNKNOWN,ON SCENE,INJURY AND / OR TOW DUE TO CRASH,,,Y,$500 OR LESS,08/02/2025 03:30:00 AM,UNABLE TO DETERMINE,NOT APPLICABLE,312,N,CENTRAL AVE,1512,,,,,,,2,INCAPACITATING INJURY,1,0,1,0,0,1,0,2,7,8,41.8861429058,-87.7652186945,POINT (-87.765218694512 41.886142905784)
02151ce1c814dc6b95c40f03ce9f7b0dc205ec8a23e31f06d4472209fe2768398c60033941787e9ebab7d66f78e836e8f1db937fd3b4fe6d078d89d3db8f4eb3,,08/02/2025 02:30:00 AM,30,NO CONTROLS,NO CONTROLS,CLEAR,"DARKNESS, LIGHTED ROAD",FIXED OBJECT,DIVIDED - W/MEDIAN BARRIER,,STRAIGHT AND LEVEL,DRY,NO DEFECTS,ON SCENE,INJURY AND / OR TOW DUE TO CRASH,,,,"$501 - $1,500",08/02/2025 02:30:00 AM,UNABLE TO DETERMINE,DRIVING SKILLS/KNOWLEDGE/EXPERIENCE,2836,W,63RD ST,823,,Y,,,,,1,NO INDICATION OF INJURY,0,0,0,0,0,2,0,2,7,8,41.7792047577,-87.6948437499,POINT (-87.694843749935 41.779204757675)
5c90a6a6d0a651aedd44f4d874b636b4ba76e403fd246bd294dddbccbdc58ba1680cd5dfaecf935747b295d271c9731e8ea706d0c3742ac40439ec75e1d0c0cd,,08/02/2025 02:30:00 AM,30,NO CONTROLS,NO CONTROLS,CLEAR,"DARKNESS, LIGHTED ROAD",SIDESWIPE SAME DIRECTION,DIVIDED - W/MEDIAN (NOT RAISED),,STRAIGHT AND LEVEL,DRY,NO DEFECTS,ON SCENE,NO INJURY / DRIVE AWAY,,,Y,"$501 - $1,500",08/02/2025 02:30:00 AM,IMPROPER LANE USAGE,NOT APPLICABLE,640,W,CERMAK RD,1235,,,,,,,2,NO INDICATION OF INJURY,0,0,0,0,0,2,0,2,7,8,41.8527970965,-87.6432930778,POINT (-87.643293077755 41.852797096499)
19ae9681414f5bc5c10d50ccdfd7ebbc5e8bdbc1a191832603248f7336fdd9d662ab5e2d98fc80fd5578b6ab030fc110dc26d0d98be5560b5676c1404fa09fd1,,08/02/2025 02:20:00 AM,30,NO CONTROLS,NO CONTROLS,CLEAR,"DARKNESS, LIGHTED ROAD",TURNING,NOT DIVIDED,,STRAIGHT AND LEVEL,DRY,NO DEFECTS,,NO INJURY / DRIVE AWAY,,,,"$501 - $1,500",08/02/2025 04:00:00 AM,IMPROPER LANE USAGE,IMPROPER LANE USAGE,207,W,79TH ST,623,,,,,,,2,NO INDICATION OF INJURY,0,0,0,0,0,4,0,2,7,8,41.750749996,-87.6297922443,POINT (-87.629792244319 41.750749995985)
34155c759612d68d45a60f94bb5189c13aeaac93520e0da9900d9c367089669db371829b481a343d0f1e558dd298abf2d6c9a473a441738c64081c4a2fba544e,,08/02/2025 02:18:00 AM,30,TRAFFIC SIGNAL,FUNCTIONING PROPERLY,CLEAR,"DARKNESS, LIGHTED ROAD",TURNING,FOUR WAY,,STRAIGHT AND LEVEL,DRY,NO DEFECTS,ON SCENE,INJURY AND / OR TOW DUE TO CRASH,Y,,,"OVER $1,500",08/02/2025 03:11:00 AM,FAILING TO YIELD RIGHT-OF-WAY,UNABLE TO DETERMINE,5200,W,NORTH AVE,2532,,,,,,,2,NO INDICATION OF INJURY,0,0,0,0,0,2,0,2,7,8,41.9096103676,-87.7558522787,POINT (-87.755852278737 41.909610367569)
d4c2ee277142471e1375d258e1c58e8340209019a083559732a32d99521d229af4c1ff8f7a5cf03c2845b20aad9b9f2b717c95ce4fc5ad02da352c796c90a023,,08/02/2025 02:10:00 AM,30,NO CONTROLS,NO CONTROLS,CLEAR,DARKNESS,PARKED MOTOR VEHICLE,OTHER,,STRAIGHT AND LEVEL,DRY,NO DEFECTS,ON SCENE,INJURY AND / OR TOW DUE TO CRASH,,,,"OVER $1,500",08/02/2025 03:16:00 AM,UNABLE TO DETERMINE,UNABLE TO DETERMINE,423,E,69TH ST,322,,,,,,,2,NO INDICATION OF INJURY,0,0,0,0,0,1,0,2,7,8,41.7692479034,-87.6143684136,POINT (-87.614368413579 41.769247903407)
1cf7d39190eb211c57f7bb582ebeb0ac791185c6af213ebb7a4c57cdf23e7ec654a2fb466738c93efd7c05fb1ad8c16c4aba6611c712ec9fe750f359daebcdc2,,08/02/2025 02:00:00 AM,30,TRAFFIC SIGNAL,FUNCTIONING PROPERLY,CLEAR,DUSK,TURNING,FOUR WAY,,STRAIGHT AND LEVEL,DRY,NO DEFECTS,ON SCENE,INJURY AND / OR TOW DUE TO CRASH,Y,,Y,"OVER $1,500",08/02/2025 02:25:00 AM,UNABLE TO DETERMINE,NOT APPLICABLE,7400,S,DR MARTIN LUTHER KING JR DR,323,,,,,,,2,NONINCAPACITATING INJURY,1,0,0,1,0,1,0,2,7,8,41.7601403748,-87.6153087718,POINT (-87.61530877184 41.760140374778)
ce6cf5b02725bbb76319d167a145ca226e750952cb5f68ca62007e2dac9e827f8d600ee8c88d52110d58f3c4e44a6e00cca1664137d6769e979bb07e69e0793a,,08/02/2025 02:00:00 AM,30,NO CONTROLS,NO CONTROLS,CLEAR,DAYLIGHT,PARKED MOTOR VEHICLE,ONE-WAY,,STRAIGHT AND LEVEL,DRY,NO DEFECTS,NOT ON SCENE (DESK REPORT),NO INJURY / DRIVE AWAY,,,,"$501 - $1,500",08/02/2025 03:30:00 PM,FOLLOWING TOO CLOSELY,NOT APPLICABLE,6444,N,WASHTENAW AVE,2412,,,,,,,2,NO INDICATION OF INJURY,0,0,0,0,0,1,0,2,7,8,41.9989379722,-87.6973895154,POINT (-87.697389515397 41.998937972175)
161dba0516f573d8a9d3ff3b7b341a0625fb4f307f9147decd4a0b1c08df4b4a2ba53ac0215024f38abc2ffdb7d080304dc779d43375689f4ac4bd5587aff1a2,,08/02/2025 01:56:00 AM,30,TRAFFIC SIGNAL,FUNCTIONING PROPERLY,CLEAR,"DARKNESS, LIGHTED ROAD",TURNING,FOUR WAY,,STRAIGHT AND LEVEL,DRY,NO DEFECTS,ON SCENE,NO INJURY / DRIVE AWAY,Y,,,"OVER $1,500",08/02/2025 01:56:00 AM,DISREGARDING TRAFFIC SIGNALS,FAILING TO REDUCE SPEED TO AVOID CRASH,4401,W,BELMONT AVE,2523,,,,,,,2,NO INDICATION OF INJURY,0,0,0,0,0,3,0,1,7,8,41.9388509135,-87.7370925264,POINT (-87.737092526384 41.938850913532)
490a1a122daf40763f165adb47cd57fc3e6003244fe052880f523d02d3a9718156022a2dc2274f4c6e765b2a472823b121ccfe3282a5f24e3b48daaf92f3678e,,08/02/2025 01:54:00 AM,30,TRAFFIC SIGNAL,FUNCTIONING PROPERLY,CLEAR,"DARKNESS, LIGHTED ROAD",TURNING,DIVIDED - W/MEDIAN (NOT RAISED),,STRAIGHT AND LEVEL,DRY,NO DEFECTS,ON SCENE,INJURY AND / OR TOW DUE TO CRASH,N,,,"OVER $1,500",08/02/2025 01:55:00 AM,FAILING TO YIELD RIGHT-OF-WAY,FAILING TO YIELD RIGHT-OF-WAY,800,N,WELLS ST,1823,,,,,,,2,NONINCAPACITATING INJURY,1,0,0,1,0,1,0,1,7,8,41.896633749,-87.6343513372,POINT (-87.634351337228 41.896633749002)
2261ca936be8e04065b39d9984dc1ff816e280182668dc27c21e5dd1a87e40a7e68cfdf319b5652fb9ca71f072d6c1b3e3ca86d773471dc0d036aa66ee7765b6,,08/02/2025 01:52:00 AM,30,NO CONTROLS,NO CONTROLS,CLEAR,"DARKNESS, LIGHTED ROAD",REAR END,ONE-WAY,,STRAIGHT AND LEVEL,DRY,UNKNOWN,ON SCENE,INJURY AND / OR TOW DUE TO CRASH,,,,"OVER $1,500",08/02/2025 01:52:00 AM,FAILING TO REDUCE SPEED TO AVOID CRASH,NOT APPLICABLE,1864,S,HOMAN AVE,1024,,,,,,,4,NONINCAPACITATING INJURY,1,0,0,1,0,1,0,1,7,8,41.8553346224,-87.7103770104,POINT (-87.71037701037 41.855334622444)
f099c8fac974c2357ebc6aea413846fc0fef13abd77073c4f2bc6eb98a1a4b7a9f53308ce48aa3164dfdb900a57415ef6326de031e2d606373fee22321cac684,,08/02/2025 01:45:00 AM,30,NO CONTROLS,NO CONTROLS,CLEAR,"DARKNESS, LIGHTED ROAD",PARKED MOTOR VEHICLE,ONE-WAY,,STRAIGHT AND LEVEL,DRY,NO DEFECTS,ON SCENE,INJURY AND / OR TOW DUE TO CRASH,,,N,"OVER $1,500",08/02/2025 01:50:00 AM,UNABLE TO DETERMINE,UNABLE TO DETERMINE,5305,W,ADAMS ST,1522,,,,,,,3,NO INDICATION OF INJURY,0,0,0,0,0,1,0,1,7,8,41.8783259913,-87.7578667923,POINT (-87.75786679227 41.878325991285)
458d151027011101bbcec18184cde07c54e89ffa73ec3ecc80d96d7f8563e90aea4424e7dcd92c3f073e3d5b5b1b77971c006443df0f106a4d30b893bf272f2a,,08/02/2025 01:39:00 AM,30,TRAFFIC SIGNAL,UNKNOWN,CLEAR,"DARKNESS, LIGHTED ROAD",ANGLE,FOUR WAY,,STRAIGHT AND LEVEL,DRY,UNKNOWN,ON SCENE,INJURY AND / OR TOW DUE TO CRASH,Y,,,"OVER $1,500",08/02/2025 02:26:00 AM,FAILING TO YIELD RIGHT-OF-WAY,UNABLE TO DETERMINE,41,E,GARFIELD BLVD,225,,,,,,,2,"REPORTED, NOT EVIDENT",2,0,0,0,2,4,0,1,7,8,41.7942246722,-87.6241571191,POINT (-87.624157119078 41.794224672173)
b59312bcb77b6b0ea769831eee2737b75a3bdbf7bd6756e8a0e844bb97aa2af690a2710c1d70613159237d22217cb4444b94774adb7118d92da976282de93877,,08/02/2025 01:27:00 AM,15,NO CONTROLS,NO CONTROLS,UNKNOWN,UNKNOWN,PARKED MOTOR VEHICLE,PARKING LOT,,STRAIGHT AND LEVEL,UNKNOWN,UNKNOWN,,NO INJURY / DRIVE AWAY,,,Y,"OVER $1,500",08/03/2025 05:55:00 PM,IMPROPER BACKING,UNABLE TO DETERMINE,5518,S,ARCHER AVE,814,,,,,,,2,NO INDICATION OF INJURY,0,0,0,0,0,1,0,1,7,8,41.7981266245,-87.747416514,POINT (-87.747416513968 41.79812662455)
d7e2a671e02c85f6040e9e6286077c191c16a5dcc3e49ae707a752ce3e5bf00b7aa39a29da0668da3779b4ceaa47772c325f8326bfd24961302a9dc5b781ee7a,Y,08/02/2025 01:20:00 AM,20,NO CONTROLS,NO CONTROLS,CLEAR,"DARKNESS, LIGHTED ROAD",SIDESWIPE SAME DIRECTION,ONE-WAY,,STRAIGHT AND LEVEL,DRY,NO DEFECTS,ON SCENE,NO INJURY / DRIVE AWAY,,,Y,"OVER $1,500",08/02/2025 01:33:00 AM,"OPERATING VEHICLE IN ERRATIC, RECKLESS, CARELESS, NEGLIGENT OR AGGRESSIVE MANNER",NOT APPLICABLE,750,N,LOREL AVE,1524,,,,,,,3,NO INDICATION OF INJURY,0,0,0,0,0,3,0,1,7,8,41.8944648904,-87.7594678346,POINT (-87.759467834603 41.894464890436)
a673a63f9de39492522b88e38f153df9b546bda5705bfcbcb6a4030e8271b85306513631d4ab6294878899d0e41e7efd0c2eb642410653fe3cb73fc5e6f514d1,,08/02/2025 01:12:00 AM,35,TRAFFIC SIGNAL,FUNCTIONING PROPERLY,CLEAR,"DARKNESS, LIGHTED ROAD",TURNING,FOUR WAY,,STRAIGHT AND LEVEL,DRY,NO DEFECTS,NOT ON SCENE (DESK REPORT),NO INJURY / DRIVE AWAY,Y,,,"OVER $1,500",08/02/2025 03:45:00 AM,UNABLE TO DETERMINE,NOT APPLICABLE,199,S,CLARK ST,112,,,,,,,2,NO INDICATION OF INJURY,0,0,0,0,0,3,0,1,7,8,41.8794486362,-87.6306740091,POINT (-87.630674009145 41.879448636164)
3c47829332a9bb691370ce1d9b8548a6d2c01c879c176a99039b9c7f9815c73acfebcd765802d0f27102cd87116a496301d90e122aafd04791ac03b9553b889b,,08/02/2025 12:54:00 AM,30,NO CONTROLS,NO CONTROLS,CLEAR,"DARKNESS, LIGHTED ROAD",REAR TO SIDE,PARKING LOT,,STRAIGHT AND LEVEL,DRY,NO DEFECTS,ON SCENE,NO INJURY / DRIVE AWAY,,,,"OVER $1,500",08/02/2025 12:54:00 AM,FAILING TO REDUCE SPEED TO AVOID CRASH,IMPROPER BACKING,4941,W,MADISON ST,1533,,,,,,,2,NO INDICATION OF INJURY,0,0,0,0,0,4,0,0,7,8,41.880338051,-87.7492069291,POINT (-87.7492069291 41.880338051002)