CRASH_RECORD_ID,CRASH_DATE_EST_I,CRASH_DATE,POSTED_SPEED_LIMIT,TRAFFIC_CONTROL_DEVICE,DEVICE_CONDITION,WEATHER_CONDITION,LIGHTING_CONDITION,FIRST_CRASH_TYPE,TRAFFICWAY_TYPE,LANE_CNT,ALIGNMENT,ROADWAY_SURFACE_COND,ROAD_DEFECT,REPORT_TYPE,CRASH_TYPE,INTERSECTION_RELATED_I,NOT_RIGHT_OF_WAY_I,HIT_AND_RUN_I,DAMAGE,DATE_POLICE_NOTIFIED,PRIM_CONTRIBUTORY_CAUSE,SEC_CONTRIBUTORY_CAUSE,STREET_NO,STREET_DIRECTION,STREET_NAME,BEAT_OF_OCCURRENCE,PHOTOS_TAKEN_I,STATEMENTS_TAKEN_I,DOORING_I,WORK_ZONE_I,WORK_ZONE_TYPE,WORKERS_PRESENT_I,NUM_UNITS,MOST_SEVERE_INJURY,INJURIES_TOTAL,INJURIES_FATAL,INJURIES_INCAPACITATING,INJURIES_NON_INCAPACITATING,INJURIES_REPORTED_NOT_EVIDENT,INJURIES_NO_INDICATION,INJURIES_UNKNOWN,CRASH_HOUR,CRASH_DAY_OF_WEEK,CRASH_MONTH,LATITUDE,LONGITUDE,LOCATION
3be50866e722c459c7a1ae9324a2a69930490e0a08f3c69b63871918978ae94f9471b53ce2b28bf2af587d35ba6b2b1b3ed79e1a13c60ea5a1c865cc4245b2db,,08/01/2025 10:07:00 PM,15,NO CONTROLS,NO CONTROLS,CLEAR,"DARKNESS, LIGHTED ROAD",PARKED MOTOR VEHICLE,ALLEY,,STRAIGHT AND LEVEL,DRY,NO DEFECTS,NOT ON SCENE (DESK REPORT),NO INJURY / DRIVE AWAY,,,,"OVER $1,500",08/01/2025 11:20:00 PM,UNABLE TO DETERMINE,UNABLE TO DETERMINE,8400,S,OGLESBY AVE,412,,,,,,,2,NO INDICATION OF INJURY,0,0,0,0,0,1,0,22,6,8,41.7425357913,-87.56745818,POINT (-87.567458179993 41.742535791339)
239ab80f1156dc453ff780c706ea2d693007b230250dd5f0c7dd393dde9c156a53d8463f0492afb50faec895fc44e6b9c3b3c1eea8dc9104c02632abd6096494,,08/01/2025 10:05:00 PM,30,NO CONTROLS,NO CONTROLS,CLEAR,"DARKNESS, LIGHTED ROAD",PARKED MOTOR VEHICLE,DIVIDED - W/MEDIAN (NOT RAISED),,STRAIGHT AND LEVEL,DRY,NO DEFECTS,ON SCENE,NO INJURY / DRIVE AWAY,,,,"OVER $1,500",08/01/2025 11:56:00 PM,IMPROPER LANE USAGE,UNABLE TO DETERMINE,9649,S,AVENUE L,432,,,,,,,2,NO INDICATION OF INJURY,0,0,0,0,0,1,0,22,6,8,41.7198996371,-87.5363490865,POINT (-87.536349086457 41.719899637092)
266b5e814dc7b5a35744ae81514a9280016070bbd8f27563ec461d3e9b3d1b2dd4dc96da76a7b8481cda8b6bd8236a454d3d0c01c916e38af86a568845c4bc63,,08/01/2025 10:00:00 PM,30,TRAFFIC SIGNAL,FUNCTIONING PROPERLY,CLEAR,"DARKNESS, LIGHTED ROAD",REAR END,T-INTERSECTION,,STRAIGHT AND LEVEL,UNKNOWN,UNKNOWN,NOT ON SCENE (DESK REPORT),NO INJURY / DRIVE AWAY,Y,,Y,"$501 - $1,500",08/01/2025 11:45:00 PM,UNABLE TO DETERMINE,UNABLE TO DETERMINE,100,S,LAKE SHORE DR SB,114,,,,,,,2,NO INDICATION OF INJURY,0,0,0,0,0,2,0,22,6,8,41.8808560477,-87.6176358918,POINT (-87.617635891755 41.880856047671)
526a2c14cee4a66d5b00f9ef75920e39dc6a5c2c1d17b8ebad1b5320e769218da5c0d7c6589671e688247e6683d38933884d06c8f140da4fb2106547abe82fb7,,08/01/2025 09:58:00 PM,35,TRAFFIC SIGNAL,FUNCTIONING PROPERLY,CLEAR,"DARKNESS, LIGHTED ROAD",TURNING,DIVIDED - W/MEDIAN (NOT RAISED),,STRAIGHT AND LEVEL,DRY,NO DEFECTS,NOT ON SCENE (DESK REPORT),NO INJURY / DRIVE AWAY,Y,,,"OVER $1,500",08/02/2025 12:15:00 AM,IMPROPER TURNING/NO SIGNAL,NOT APPLICABLE,566,S,STATE ST,123,,,,,,,2,NO INDICATION OF INJURY,0,0,0,0,0,5,0,21,6,8,41.8746047927,-87.6277592452,POINT (-87.627759245171 41.874604792668)
b1f69180117abce621115ea47a13c9da020218be5440e0babe3a9c8d28bb895dfa9473dbe8fce4dc67d9de1552b5efc0a3e39a5913bdca85f8c0375099cee7b5,,08/01/2025 09:50:00 PM,30,NO CONTROLS,NO CONTROLS,CLEAR,DARKNESS,TURNING,FOUR WAY,,STRAIGHT AND LEVEL,DRY,NO DEFECTS,NOT ON SCENE (DESK REPORT),NO INJURY / DRIVE AWAY,Y,,,"OVER $1,500",08/01/2025 11:00:00 PM,UNABLE TO DETERMINE,UNABLE TO DETERMINE,300,W,VAN BUREN ST,122,,,,,,,2,NO INDICATION OF INJURY,0,0,0,0,0,2,0,21,6,8,41.876935051,-87.6352513621,POINT (-87.635251362121 41.876935051034)
b7ad5b2d9ccdf838ff007a870e1463d380abaa1bb5e26b6324bc127c4880b9ef9ee70e760fa7401fd2cd89e63be95f4f97b07eb32ab855932660da6a3075036d,,08/01/2025 09:50:00 PM,30,NO CONTROLS,NO CONTROLS,CLEAR,"DARKNESS, LIGHTED ROAD",REAR END,T-INTERSECTION,,STRAIGHT AND LEVEL,DRY,NO DEFECTS,NOT ON SCENE (DESK REPORT),NO INJURY / DRIVE AWAY,Y,,,"OVER $1,500",08/01/2025 10:00:00 PM,IMPROPER LANE USAGE,IMPROPER LANE USAGE,2700,S,HALSTED ST,913,Y,Y,,,,,2,NO INDICATION OF INJURY,0,0,0,0,0,2,0,21,6,8,41.8445000706,-87.6465781173,POINT (-87.646578117316 41.844500070578)
a5ae00cfc5536f4b89c10064e24c6c7e074a8981086175124a7ce3a4066057c51a39c07f12028308f3a422905614c478d61cdb74cb0ea8e0d85770d11d4a5a72,,08/01/2025 09:47:00 PM,30,NO CONTROLS,NO CONTROLS,CLEAR,"DARKNESS, LIGHTED ROAD",PEDESTRIAN,DIVIDED - W/MEDIAN BARRIER,,STRAIGHT AND LEVEL,DRY,NO DEFECTS,,INJURY AND / OR TOW DUE TO CRASH,,,,"OVER $1,500",08/01/2025 10:03:00 PM,FAILING TO REDUCE SPEED TO AVOID CRASH,UNABLE TO DETERMINE,4298,N,CICERO AVE,1624,,Y,,,,,2,INCAPACITATING INJURY,1,0,1,0,0,1,0,21,6,8,41.9588495961,-87.7476221101,POINT (-87.74762211011 41.958849596083)
2882f44da7503de4f7130d30359074b9eaf02a34a5b94d1ed59259cd5ff3071ffb8f1d6709d9bdd01ae26fbf3e2e60c6e5295b4ddfa9a50f600549cfa9135629,,08/01/2025 09:35:00 PM,20,NO CONTROLS,NO CONTROLS,CLEAR,"DARKNESS, LIGHTED ROAD",PARKED MOTOR VEHICLE,DIVIDED - W/MEDIAN (NOT RAISED),,STRAIGHT AND LEVEL,UNKNOWN,UNKNOWN,NOT ON SCENE (DESK REPORT),NO INJURY / DRIVE AWAY,,,Y,"OVER $1,500",08/01/2025 11:40:00 PM,UNABLE TO DETERMINE,NOT APPLICABLE,131,S,KOSTNER AVE,1115,,,,,,,3,NO INDICATION OF INJURY,0,0,0,0,0,1,0,21,6,8,41.8787985685,-87.7352671028,POINT (-87.735267102844 41.878798568479)
425c86f37d3037df8abcbae6a28fd52cbcba3e2464064320c2ad014bf87cb1374dfbfe7b1952ef4df484a3362eb6ee15e97229e9776ae9b2e4a589e77fcae8ca,,08/01/2025 09:33:00 PM,30,NO CONTROLS,NO CONTROLS,CLEAR,"DARKNESS, LIGHTED ROAD",ANGLE,FOUR WAY,,STRAIGHT AND LEVEL,DRY,NO DEFECTS,NOT ON SCENE (DESK REPORT),INJURY AND / OR TOW DUE TO CRASH,Y,,,"OVER $1,500",08/01/2025 09:34:00 PM,FAILING TO YIELD RIGHT-OF-WAY,UNABLE TO DETERMINE,5730,N,MILWAUKEE AVE,1622,,,,,,,2,NONINCAPACITATING INJURY,2,0,0,2,0,3,0,21,6,8,41.9855656641,-87.7769505055,POINT (-87.776950505476 41.985565664079)
9bbf4d9a019686d21e19ff757e1f047281527005593c6f69c97aaca919c65967465371a5ebac7e1cf7d3fa211fe3d0ec2cb7cee591df55eb3203ea228ba578d6,,08/01/2025 09:31:00 PM,40,NO CONTROLS,NO CONTROLS,CLEAR,"DARKNESS, LIGHTED ROAD",SIDESWIPE SAME DIRECTION,OTHER,,STRAIGHT AND LEVEL,DRY,UNKNOWN,NOT ON SCENE (DESK REPORT),NO INJURY / DRIVE AWAY,,,Y,"OVER $1,500",08/02/2025 09:53:00 AM,UNABLE TO DETERMINE,UNABLE TO DETERMINE,4815,N,LAKE SHORE DR NB,2024,,,,,,,2,NO INDICATION OF INJURY,0,0,0,0,0,4,0,21,6,8,41.9700714038,-87.6479191972,POINT (-87.647919197181 41.970071403781)
4df3b77e1768bd70f5e6bc644184fb322ee70a26f62ca6f8baad6131970e32ab2f6813b8eb433576f959c22a622b8790e910f82241cf6c8b98c556635d75d00c,,08/01/2025 09:30:00 PM,30,NO CONTROLS,NO CONTROLS,CLEAR,"DARKNESS, LIGHTED ROAD",TURNING,DIVIDED - W/MEDIAN (NOT RAISED),,STRAIGHT AND LEVEL,DRY,NO DEFECTS,NOT ON SCENE (DESK REPORT),NO INJURY / DRIVE AWAY,,,Y,"OVER $1,500",08/01/2025 11:00:00 PM,FAILING TO REDUCE SPEED TO AVOID CRASH,UNABLE TO DETERMINE,2222,W,119TH ST,2212,,,,,,,2,NO INDICATION OF INJURY,0,0,0,0,0,2,0,21,6,8,41.6773796337,-87.6762045797,POINT (-87.676204579717 41.67737963369)
6fa8ccaa7f64fa3503472add9b3a831fa86bc506af982d41a31d7f80207ed9f1dfc92140a045366c19474410b4b5146b068661a07cece671bd7f8366f688d1d9,,08/01/2025 09:30:00 PM,30,UNKNOWN,UNKNOWN,UNKNOWN,UNKNOWN,SIDESWIPE SAME DIRECTION,NOT DIVIDED,,STRAIGHT AND LEVEL,UNKNOWN,UNKNOWN,NOT ON SCENE (DESK REPORT),NO INJURY / DRIVE AWAY,,,,$500 OR LESS,08/03/2025 04:12:00 PM,IMPROPER LANE USAGE,NOT APPLICABLE,3340,N,HALSTED ST,1924,,,,,,,2,NO INDICATION OF INJURY,0,0,0,0,0,2,0,21,6,8,41.9430039966,-87.6495094283,POINT (-87.649509428257 41.943003996643)
2abae5d265dc0bf55caf9c755cf92e32b2443d3ffd689cd7c69f5809ca73a4a84b2219d80fd29bd78e88fb558c80ab94473dbeefbf829343060fa5fbdaccb2d5,,08/01/2025 09:20:00 PM,25,NO CONTROLS,NO CONTROLS,CLEAR,DAWN,PARKED MOTOR VEHICLE,ONE-WAY,,STRAIGHT AND LEVEL,DRY,NO DEFECTS,NOT ON SCENE (DESK REPORT),NO INJURY / DRIVE AWAY,,,Y,"OVER $1,500",08/02/2025 01:30:00 PM,UNABLE TO DETERMINE,UNABLE TO DETERMINE,2238,N,LECLAIRE AVE,2522,,,,,,,2,NO INDICATION OF INJURY,0,0,0,0,0,3,0,21,6,8,41.9216538799,-87.7537617181,POINT (-87.753761718084 41.921653879902)
68e4ca2362409941127842480e4c1eed10c126bc8ba7cf80e68c263839b3b3933693b4b0e6efdd964aef39857be46e341900e4997d8cbbf589fbc43fda6c4043,,08/01/2025 09:20:00 PM,35,TRAFFIC SIGNAL,UNKNOWN,UNKNOWN,"DARKNESS, LIGHTED ROAD",TURNING,NOT DIVIDED,,STRAIGHT AND LEVEL,UNKNOWN,UNKNOWN,NOT ON SCENE (DESK REPORT),NO INJURY / DRIVE AWAY,,,Y,"OVER $1,500",08/01/2025 10:35:00 PM,IMPROPER OVERTAKING/PASSING,NOT APPLICABLE,5700,N,BROADWAY,2013,,,,,,,2,NO INDICATION OF INJURY,0,0,0,0,0,3,0,21,6,8,41.9856850318,-87.660278542,POINT (-87.660278541966 41.985685031815)
744b86cb264a31e79933a5dc9cf2430452d69f9061654d8bc397449d2200d6bd9ac2b7770eabf2720ba21fae9042319db4e16e307814129fd8acc30ba8f876fa,,08/01/2025 09:15:00 PM,30,UNKNOWN,UNKNOWN,CLEAR,DUSK,TURNING,NOT DIVIDED,,STRAIGHT AND LEVEL,DRY,UNKNOWN,NOT ON SCENE (DESK REPORT),NO INJURY / DRIVE AWAY,,,,$500 OR LESS,08/01/2025 10:30:00 PM,UNABLE TO DETERMINE,NOT APPLICABLE,330,N,GREEN ST,1214,,,,,,,2,NO INDICATION OF INJURY,0,0,0,0,0,2,0,21,6,8,41.8877239182,-87.6488322022,POINT (-87.648832202165 41.887723918162)
42bcda646a33de13bf16afc379019417edd951982c525055d7999f326b2408204f61e239571c86c40c767032b28e2c4bb89c2804bcd91c274cadc0609cf67f74,,08/01/2025 09:04:00 PM,25,NO CONTROLS,NO CONTROLS,CLEAR,"DARKNESS, LIGHTED ROAD",REAR END,DIVIDED - W/MEDIAN (NOT RAISED),,STRAIGHT AND LEVEL,DRY,UNKNOWN,ON SCENE,NO INJURY / DRIVE AWAY,,,,"$501 - $1,500",08/02/2025 09:32:00 PM,UNABLE TO DETERMINE,NOT APPLICABLE,3010,N,BROADWAY,1934,,Y,,,,,2,NO INDICATION OF INJURY,0,0,0,0,0,2,0,21,6,8,41.9368241333,-87.6444394544,POINT (-87.644439454428 41.936824133263)
87bd80eea7e4a5f5bfcae3930ba9374ee64e183dd837a88c86f2f031453ed5a8388356631f2f333a5fa17c41599e47f5420f21aef50b345ad8515f0a42d9bf11,Y,08/01/2025 09:03:00 PM,25,OTHER,OTHER,CLEAR,DAYLIGHT,TURNING,NOT DIVIDED,,STRAIGHT AND LEVEL,DRY,NO DEFECTS,ON SCENE,NO INJURY / DRIVE AWAY,,,,"$501 - $1,500",08/01/2025 09:04:00 PM,UNABLE TO DETERMINE,NOT APPLICABLE,7059,S,ASHLAND AVE,734,,,,,,,2,NO INDICATION OF INJURY,0,0,0,0,0,2,0,21,6,8,41.7650042594,-87.6636541132,POINT (-87.663654113217 41.765004259432)
19553030cceb63ac7ea6eac00b0d1869625f462c72a65a78d2f0f0d46e842e44f6e7466d824305d1911cd2cdc617183c32f869d3433117a60c9f6925d505cf8d,,08/01/2025 09:00:00 PM,35,NO CONTROLS,NO CONTROLS,CLEAR,"DARKNESS, LIGHTED ROAD",PARKED MOTOR VEHICLE,DIVIDED - W/MEDIAN BARRIER,,STRAIGHT AND LEVEL,DRY,NO DEFECTS,NOT ON SCENE (DESK REPORT),NO INJURY / DRIVE AWAY,,,,"OVER $1,500",08/01/2025 09:55:00 PM,UNABLE TO DETERMINE,NOT APPLICABLE,230,N,MICHIGAN AVE,111,,,,,,,2,NO INDICATION OF INJURY,0,0,0,0,0,1,0,21,6,8,41.8865172887,-87.6246776864,POINT (-87.624677686429 41.88651728872)
65971100dd753e2ba79d2ef1e61baff38cdaa06a3bb838fcfd85213e1740b5bb8409c1c8573e048379fc89939cc9d81286406f61bf76f8c4e28a1d7a5d7e0a7b,,08/01/2025 08:58:00 PM,30,NO CONTROLS,NO CONTROLS,CLEAR,DARKNESS,PARKED MOTOR VEHICLE,ONE-WAY,,STRAIGHT AND LEVEL,DRY,NO DEFECTS,ON SCENE,NO INJURY / DRIVE AWAY,,,Y,"OVER $1,500",08/02/2025 09:08:00 AM,UNABLE TO DETERMINE,UNABLE TO DETERMINE,6828,S,CALUMET AVE,322,,,,,,,3,NO INDICATION OF INJURY,0,0,0,0,0,1,0,20,6,8,41.7702696793,-87.617137579,POINT (-87.617137578989 41.770269679251)
12aae90bdad5a6067f427f36c9c1e9109ae0006a101578a4abc13cee58692a6c30ac32db045e956431190d1850ad7c7b54fef46f2cb9d8dc5400dc3e1114900e,,08/01/2025 08:56:00 PM,30,NO CONTROLS,NO CONTROLS,CLEAR,"DARKNESS, LIGHTED ROAD",ANGLE,ONE-WAY,,STRAIGHT AND LEVEL,DRY,NO DEFECTS,ON SCENE,INJURY AND / OR TOW DUE TO CRASH,Y,,,"OVER $1,500",08/01/2025 08:56:00 PM,FAILING TO YIELD RIGHT-OF-WAY,UNABLE TO DETERMINE,4814,W,RICE ST,1531,,,,,,,2,"REPORTED, NOT EVIDENT",3,0,0,0,3,1,0,20,6,8,41.8960545899,-87.7464862861,POINT (-87.746486286111 41.896054589916)
84ea4500d2ba60a215113d97fca1b1a18cd854ce779616e1866556b931a0a26a81d218ec5588e6af6baedc5ba0a339b37056a143f0f7ab1ee55a6655553b6f05,,08/01/2025 08:52:00 PM,30,NO CONTROLS,NO CONTROLS,UNKNOWN,UNKNOWN,SIDESWIPE SAME DIRECTION,DIVIDED - W/MEDIAN (NOT RAISED),,STRAIGHT AND LEVEL,UNKNOWN,NO DEFECTS,NOT ON SCENE (DESK REPORT),INJURY AND / OR TOW DUE TO CRASH,,,,"OVER $1,500",08/01/2025 10:05:00 PM,PHYSICAL CONDITION OF DRIVER,NOT APPLICABLE,451,N,AUSTIN BLVD,1512,,,,,,,2,"REPORTED, NOT EVIDENT",1,0,0,0,1,1,0,20,6,8,41.8887007151,-87.7747853597,POINT (-87.774785359705 41.888700715136)
6d83cca9231bc5ef17d77bc499a460798b412fb2513b0ba3cc7a6f3f52732e68565eb12b14ce0397529dce4c7e3939b8ae55fb315c9ba0ea1726363bbf1cec9c,,08/01/2025 08:50:00 PM,25,NO CONTROLS,NO CONTROLS,CLEAR,"DARKNESS, LIGHTED ROAD",SIDESWIPE SAME DIRECTION,DIVIDED - W/MEDIAN BARRIER,,STRAIGHT AND LEVEL,DRY,NO DEFECTS,NOT ON SCENE (DESK REPORT),NO INJURY / DRIVE AWAY,,,Y,"OVER $1,500",08/02/2025 11:00:00 AM,IMPROPER OVERTAKING/PASSING,NOT APPLICABLE,645,N,LAKE SHORE DR NB,1834,,,,,,,2,NO INDICATION OF INJURY,0,0,0,0,0,2,0,20,6,8,41.894111595,-87.6146223612,POINT (-87.614622361224 41.894111594966)
29ae3156fe050c231b3a9a5d212324470bbddc34abca1bebfdf063767cb70c9cf1efef3fb66177f5ed480adc11a88ad712327c8548ef143ece1b0e48e0bf1c73,,08/01/2025 08:40:00 PM,40,NO CONTROLS,NO CONTROLS,CLEAR,"DARKNESS, LIGHTED ROAD",REAR END,DIVIDED - W/MEDIAN BARRIER,,STRAIGHT AND LEVEL,DRY,NO DEFECTS,NOT ON SCENE (DESK REPORT),NO INJURY / DRIVE AWAY,,,,"OVER $1,500",08/01/2025 09:15:00 PM,UNABLE TO DETERMINE,UNABLE TO DETERMINE,900,S,LAKE SHORE DR SB,114,,,,,,,2,NO INDICATION OF INJURY,0,0,0,0,0,2,0,20,6,8,41.8706509838,-87.6173960141,POINT (-87.617396014108 41.870650983843)
eb7fe346360e999fad9fa99d41d3062526e49d0cbf69e4db526350c91ea3351e35ff804ac220f1220c91d154039f0db5259ae6cc6d4af7f126c812bf3fa60acd,,08/01/2025 08:31:00 PM,30,UNKNOWN,UNKNOWN,CLEAR,"DARKNESS, LIGHTED ROAD",REAR END,DIVIDED - W/MEDIAN BARRIER,,STRAIGHT AND LEVEL,DRY,UNKNOWN,NOT ON SCENE (DESK REPORT),NO INJURY / DRIVE AWAY,,,,"OVER $1,500",08/01/2025 08:56:00 PM,UNABLE TO DETERMINE,UNABLE TO DETERMINE,251,E,MARQUETTE RD,322,,,,,,,3,NO INDICATION OF INJURY,0,0,0,0,0,4,0,20,6,8,41.7727992669,-87.6187498131,POINT (-87.618749813079 41.772799266947)
5121cdff00b787240a5643a4b88b29caf48eeb9c75630d117d48445b372f22cb840a0baabab9c906a90adc2e477c9874b67773f5367940a60973174930da5cdc,,08/01/2025 08:30:00 PM,35,TRAFFIC SIGNAL,FUNCTIONING PROPERLY,CLEAR,"DARKNESS, LIGHTED ROAD",REAR END,DIVIDED - W/MEDIAN (NOT RAISED),,STRAIGHT AND LEVEL,DRY,NO DEFECTS,NOT ON SCENE (DESK REPORT),NO INJURY / DRIVE AWAY,Y,,,"OVER $1,500",08/01/2025 09:20:00 PM,UNABLE TO DETERMINE,NOT APPLICABLE,800,W,LAKE ST,1214,,,,,,,2,NO INDICATION OF INJURY,0,0,0,0,0,3,0,20,6,8,41.8857732835,-87.6475356917,POINT (-87.647535691736 41.885773283507)
5781353a7399f4dad354ec9a18e56fee82dfcabaefe17cbdd8086a516624575c9d6f9d29aa4c0b7fccf15b66849cf2a87003f1fda70f0fd40ad8c5f9ec52de4a,,08/01/2025 08:21:00 PM,15,NO CONTROLS,NO CONTROLS,CLEAR,DAYLIGHT,FIXED OBJECT,OTHER,,STRAIGHT AND LEVEL,DRY,NO DEFECTS,ON SCENE,NO INJURY / DRIVE AWAY,,Y,,"OVER $1,500",08/01/2025 08:36:00 PM,UNABLE TO DETERMINE,UNABLE TO DETERMINE,4401,S,ASHLAND AVE,924,,,,,,,1,NO INDICATION OF INJURY,0,0,0,0,0,1,0,20,6,8,41.8139697825,-87.6649605091,POINT (-87.664960509109 41.813969782477)
dd344db000717fadef8ed316f62f80440f3cf380161e0b7d6b78848c2b09a5cfdb4603c63a64aac980e38be0db63465cb10de6cf295967439d2b4ddb26ddbd1b,,08/01/2025 08:15:00 PM,30,TRAFFIC SIGNAL,FUNCTIONING PROPERLY,CLEAR,DUSK,TURNING,FOUR WAY,,STRAIGHT AND LEVEL,DRY,WORN SURFACE,NOT ON SCENE (DESK REPORT),NO INJURY / DRIVE AWAY,Y,,,"OVER $1,500",08/01/2025 09:15:00 PM,FOLLOWING TOO CLOSELY,DRIVING SKILLS/KNOWLEDGE/EXPERIENCE,6200,N,WESTERN AVE,2413,,,,,,,2,NO INDICATION OF INJURY,0,0,0,0,0,2,0,20,6,8,41.9941811771,-87.6899142192,POINT (-87.689914219179 41.994181177113)
19864aa9ed9e16c312383249250db8a7a6463903b9986310c1c46ce1120809ab304e9f96ea5398bce614c44f3ef54b9266a18038d920856660cfef28b05c1176,,08/01/2025 08:07:00 PM,30,NO CONTROLS,UNKNOWN,CLEAR,DUSK,PARKED MOTOR VEHICLE,ONE-WAY,,STRAIGHT ON GRADE,DRY,UNKNOWN,ON SCENE,NO INJURY / DRIVE AWAY,,,Y,"OVER $1,500",08/02/2025 12:32:00 AM,UNABLE TO DETERMINE,NOT APPLICABLE,5950,W,FULTON ST,1512,,,,,,,2,NO INDICATION OF INJURY,0,0,0,0,0,1,0,20,6,8,41.8856998184,-87.7739918438,POINT (-87.773991843847 41.885699818369)
5517314d6d28616b7260aae15627fe7b5f4433008dddf4c8a5cb910bd7a7722c3a0fc6f2f248b8d3072f6b11a6de1043ba2fcd0dc9a5125d5b82d2c0aea3d507,,08/01/2025 08:00:00 PM,30,TRAFFIC SIGNAL,FUNCTIONING PROPERLY,CLEAR,"DARKNESS, LIGHTED ROAD",OTHER OBJECT,NOT DIVIDED,,STRAIGHT AND LEVEL,DRY,"RUT, HOLES",NOT ON SCENE (DESK REPORT),NO INJURY / DRIVE AWAY,,,,$500 OR LESS,08/11/2025 06:00:00 PM,ROAD ENGINEERING/SURFACE/MARKING DEFECTS,ROAD ENGINEERING/SURFACE/MARKING DEFECTS,4627,W,DIVERSEY AVE,2521,,,,,,,2,NO INDICATION OF INJURY,0,0,0,0,0,1,0,20,6,8,41.9314694372,-87.743010632,POINT (-87.743010632008 41.931469437179)
9d4e2a0917f078c0933bce5d5f6a1ac09acca61a1da526d0e51ade6b6f1f0e6fa677b052225a5bb9c427aa2bcdadcaba2034dd964e1cd125b7806333f3e3b978,,08/01/2025 08:00:00 PM,30,NO CONTROLS,NO CONTROLS,CLEAR,"DARKNESS, LIGHTED ROAD",REAR END,DIVIDED - W/MEDIAN (NOT RAISED),,STRAIGHT AND LEVEL,DRY,NO DEFECTS,NOT ON SCENE (DESK REPORT),NO INJURY / DRIVE AWAY,,,,"$501 - $1,500",08/04/2025 09:55:00 AM,UNABLE TO DETERMINE,UNABLE TO DETERMINE,5815,S,CALIFORNIA AVE,824,,,,,,,2,NO INDICATION OF INJURY,0,0,0,0,0,2,0,20,6,8,41.7877447113,-87.6934860487,POINT (-87.693486048693 41.787744711286)
e930eafa1450217e648c357f64408fb14a0f45a8c313e7c4a0898a20e5c4083b3fa6dc4716d691cda22a839bdcfbfd3358dcef4aec8ae9507c891dca14269e91,,08/01/2025 08:00:00 PM,30,TRAFFIC SIGNAL,UNKNOWN,CLEAR,DAYLIGHT,REAR END,FOUR WAY,,STRAIGHT AND LEVEL,DRY,NO DEFECTS,NOT ON SCENE (DESK REPORT),NO INJURY / DRIVE AWAY,,,,"OVER $1,500",08/01/2025 08:28:00 PM,FOLLOWING TOO CLOSELY,UNABLE TO DETERMINE,800,S,INDEPENDENCE BLVD,1133,,,,,,,2,NO INDICATION OF INJURY,0,0,0,0,0,2,0,20,6,8,41.8707377306,-87.7204174302,POINT (-87.720417430161 41.870737730633)
50ddaeda2875bcbc099f627c12c5957eb683f43c7fd90aa2a399256840ce0b750bb056ab88849dc6eb1ee0f7f3b9da7fd5a72cfe7cc3e33f8933a512ad3637c4,,08/01/2025 07:56:00 PM,30,NO CONTROLS,NO CONTROLS,CLEAR,DAYLIGHT,PEDESTRIAN,PARKING LOT,,STRAIGHT AND LEVEL,DRY,NO DEFECTS,ON SCENE,INJURY AND / OR TOW DUE TO CRASH,,,,"OVER $1,500",08/01/2025 07:56:00 PM,DISTRACTION - FROM OUTSIDE VEHICLE,UNABLE TO DETERMINE,2910,W,87TH ST,835,,,,,,,2,NONINCAPACITATING INJURY,1,0,0,1,0,1,0,19,6,8,41.7354209099,-87.6951494608,POINT (-87.695149460826 41.735420909934)
4b8d2051bdc26c956a86a4c5dd25e88daf8d7d14866839c149aaded8dd3dc8f742985cee927bb8782a4e743d18f48fe0f68cbb6619a53eade560bd6bd3df6287,,08/01/2025 07:55:00 PM,30,NO CONTROLS,NO CONTROLS,CLEAR,"DARKNESS, LIGHTED ROAD",ANGLE,NOT DIVIDED,,STRAIGHT ON GRADE,DRY,NO DEFECTS,NOT ON SCENE (DESK REPORT),NO INJURY / DRIVE AWAY,,,Y,"OVER $1,500",08/01/2025 08:45:00 PM,FAILING TO REDUCE SPEED TO AVOID CRASH,FAILING TO YIELD RIGHT-OF-WAY,9452,S,HARVARD AVE,634,,,,,,,2,NO INDICATION OF INJURY,0,0,0,0,0,2,0,19,6,8,41.7227482559,-87.6323090949,POINT (-87.632309094946 41.72274825594)
6b834c72ab9cb523033eba9d36b575d6ec07d38a35e9b5c77d64eb2841a67c14ff6667d0ad5ab9e50e2122a8ac08e2f48f48c72ffcbde4048ff105e31240d2b0,,08/01/2025 07:55:00 PM,30,TRAFFIC SIGNAL,FUNCTIONING PROPERLY,CLEAR,DAWN,REAR END,NOT DIVIDED,,STRAIGHT AND LEVEL,DRY,UNKNOWN,ON SCENE,NO INJURY / DRIVE AWAY,,,,"OVER $1,500",08/01/2025 08:09:00 PM,FAILING TO REDUCE SPEED TO AVOID CRASH,UNABLE TO DETERMINE,2605,W,LOGAN BLVD,1431,,,,,,,2,NO INDICATION OF INJURY,0,0,0,0,0,5,0,19,6,8,41.9283974868,-87.6928736375,POINT (-87.692873637487 41.928397486756)