CRASH_RECORD_ID,CRASH_DATE_EST_I,CRASH_DATE,POSTED_SPEED_LIMIT,TRAFFIC_CONTROL_DEVICE,DEVICE_CONDITION,WEATHER_CONDITION,LIGHTING_CONDITION,FIRST_CRASH_TYPE,TRAFFICWAY_TYPE,LANE_CNT,ALIGNMENT,ROADWAY_SURFACE_COND,ROAD_DEFECT,REPORT_TYPE,CRASH_TYPE,INTERSECTION_RELATED_I,NOT_RIGHT_OF_WAY_I,HIT_AND_RUN_I,DAMAGE,DATE_POLICE_NOTIFIED,PRIM_CONTRIBUTORY_CAUSE,SEC_CONTRIBUTORY_CAUSE,STREET_NO,STREET_DIRECTION,STREET_NAME,BEAT_OF_OCCURRENCE,PHOTOS_TAKEN_I,STATEMENTS_TAKEN_I,DOORING_I,WORK_ZONE_I,WORK_ZONE_TYPE,WORKERS_PRESENT_I,NUM_UNITS,MOST_SEVERE_INJURY,INJURIES_TOTAL,INJURIES_FATAL,INJURIES_INCAPACITATING,INJURIES_NON_INCAPACITATING,INJURIES_REPORTED_NOT_EVIDENT,INJURIES_NO_INDICATION,INJURIES_UNKNOWN,CRASH_HOUR,CRASH_DAY_OF_WEEK,CRASH_MONTH,LATITUDE,LONGITUDE,LOCATION
392e073c4a99028ee1322d23df4e6c32e4cc7315d7c9853c342c76caf110856314aa466cf684a23137b90a1c7c4eac7dc778636ebcc3b45b8b8ce3f697b213ba,,08/01/2025 06:08:00 PM,30,NO CONTROLS,NO CONTROLS,CLEAR,DAYLIGHT,FIXED OBJECT,UNKNOWN,,STRAIGHT AND LEVEL,DRY,NO DEFECTS,ON SCENE,INJURY AND / OR TOW DUE TO CRASH,,,,"OVER $1,500",08/01/2025 06:08:00 PM,UNABLE TO DETERMINE,UNABLE TO DETERMINE,199,E,130TH ST,533,,,,,,,1,NONINCAPACITATING INJURY,1,0,0,1,0,0,0,18,6,8,41.6589939083,-87.6173234493,POINT (-87.617323449305 41.658993908282)
a3774fcbf83619caafaebe5aff2e357a6d5c172d08a900143704bf050f8035a7fb8ebfcccf6b9305ed4f47711a21e660fba2e9d8fa699fbe1d6ea2fa29cbb3ff,,08/01/2025 06:04:00 PM,30,STOP SIGN/FLASHER,FUNCTIONING PROPERLY,CLEAR,DAYLIGHT,REAR TO SIDE,DIVIDED - W/MEDIAN (NOT RAISED),,STRAIGHT AND LEVEL,DRY,NO DEFECTS,NOT ON SCENE (DESK REPORT),INJURY AND / OR TOW DUE TO CRASH,,,,"OVER $1,500",08/01/2025 06:04:00 PM,UNABLE TO DETERMINE,UNABLE TO DETERMINE,240,E,PERSHING RD,212,Y,,,,,,2,NONINCAPACITATING INJURY,2,0,0,1,1,1,0,18,6,8,41.8239055221,-87.6199500519,POINT (-87.619950051948 41.823905522091)
8ce0356f104805fde8f2dd665c12635fdd2677cf5ee5f657165bd86065397707943c43eefa10b0c812ff56a51dfe4cc495b8808ef76f80244a3de5c14b0c2a76,,08/01/2025 06:00:00 PM,25,STOP SIGN/FLASHER,FUNCTIONING PROPERLY,CLEAR,DAYLIGHT,ANGLE,TRAFFIC ROUTE,,STRAIGHT AND LEVEL,DRY,NO DEFECTS,NOT ON SCENE (DESK REPORT),INJURY AND / OR TOW DUE TO CRASH,,,,"OVER $1,500",08/01/2025 07:15:00 PM,UNABLE TO DETERMINE,UNABLE TO DETERMINE,3655,E,104TH ST,432,,,,,,,2,NO INDICATION OF INJURY,0,0,0,0,0,2,0,18,6,8,41.7062801292,-87.5343066598,POINT (-87.534306659823 41.706280129246)
96c92d4b0e6951884acce26c61f1dbc80e4e51854e8389e406a5f2fda58a9f77f59a55fea34877673fedbb12aa72944ef080a4e76b8bd900ea05d72758d03fe7,,08/01/2025 06:00:00 PM,30,TRAFFIC SIGNAL,NO CONTROLS,CLEAR,DAYLIGHT,TURNING,DIVIDED - W/MEDIAN (NOT RAISED),,STRAIGHT AND LEVEL,DRY,NO DEFECTS,NOT ON SCENE (DESK REPORT),NO INJURY / DRIVE AWAY,,,,"OVER $1,500",08/01/2025 08:22:00 PM,FOLLOWING TOO CLOSELY,NOT APPLICABLE,4700,S,KEDZIE AVE,821,,,,,,,2,NO INDICATION OF INJURY,0,0,0,0,0,2,0,18,6,8,41.8080472717,-87.7041188223,POINT (-87.704118822299 41.80804727165)
9f5e737aea5e1ef5f6d837a1f8027c5d419913410d8b96870c861fd333c2f94f3da46f966924667821f5c76350761caaa92056dcd4bbd2d4b7fe3940a47e0cbe,,08/01/2025 06:00:00 PM,30,TRAFFIC SIGNAL,FUNCTIONING PROPERLY,CLEAR,DAYLIGHT,PEDESTRIAN,FOUR WAY,,STRAIGHT AND LEVEL,DRY,NO DEFECTS,ON SCENE,INJURY AND / OR TOW DUE TO CRASH,Y,,,$500 OR LESS,08/01/2025 06:07:00 PM,FAILING TO YIELD RIGHT-OF-WAY,FAILING TO YIELD RIGHT-OF-WAY,1807,W,HOWARD ST,2422,,,,,,,2,"REPORTED, NOT EVIDENT",1,0,0,0,1,1,0,18,6,8,42.0192939213,-87.6763416205,POINT (-87.676341620537 42.019293921323)
a16bcc8d69abc9b04a8c99321d183de57e60051493f0f341713f43778c30b50a818bfb4723cded598e19165aee5caa137a1535db50a49b54999e3dc2acc05742,,08/01/2025 05:58:00 PM,30,TRAFFIC SIGNAL,FUNCTIONING PROPERLY,CLEAR,DAYLIGHT,SIDESWIPE SAME DIRECTION,DIVIDED - W/MEDIAN (NOT RAISED),,STRAIGHT AND LEVEL,DRY,NO DEFECTS,NOT ON SCENE (DESK REPORT),NO INJURY / DRIVE AWAY,,,,"OVER $1,500",08/01/2025 06:40:00 PM,UNABLE TO DETERMINE,NOT APPLICABLE,4022,N,ELSTON AVE,1723,,,,,,,2,NO INDICATION OF INJURY,0,0,0,0,0,2,0,17,6,8,41.9541008742,-87.7199601264,POINT (-87.719960126363 41.954100874176)
c284bfa1d14bfdef04898958c1b012e94db4ef09ba71cee1ba905f04b5d0e978ab46e73e313cd7b8a7cc14135c0a397db641c0a9235a0a1ac3f4924fc10cc802,,08/01/2025 05:55:00 PM,30,UNKNOWN,UNKNOWN,CLEAR,DAYLIGHT,PARKED MOTOR VEHICLE,NOT DIVIDED,,STRAIGHT AND LEVEL,DRY,NO DEFECTS,NOT ON SCENE (DESK REPORT),NO INJURY / DRIVE AWAY,,,,"$501 - $1,500",08/01/2025 06:15:00 PM,DRIVING SKILLS/KNOWLEDGE/EXPERIENCE,DRIVING SKILLS/KNOWLEDGE/EXPERIENCE,1255,S,STATE ST,131,,,,,,,2,NO INDICATION OF INJURY,0,0,0,0,0,1,0,17,6,8,41.8659314728,-87.6272401033,POINT (-87.627240103259 41.865931472765)
94807cc3fd96d8cc687cc0f2f503ec60ed9a2c018e13e60a5a3503defc392b77b0d7f2342a7562222309249aa41f2b3b648f30713fcb83b60360982b99955391,,08/01/2025 05:50:00 PM,30,TRAFFIC SIGNAL,FUNCTIONING PROPERLY,CLEAR,DAYLIGHT,REAR END,DIVIDED - W/MEDIAN (NOT RAISED),,STRAIGHT AND LEVEL,DRY,NO DEFECTS,NOT ON SCENE (DESK REPORT),NO INJURY / DRIVE AWAY,,,,$500 OR LESS,08/01/2025 06:40:00 PM,UNABLE TO DETERMINE,NOT APPLICABLE,2400,W,35TH ST,911,,,,,,,2,NO INDICATION OF INJURY,0,0,0,0,0,3,0,17,6,8,41.8303903161,-87.6850999234,POINT (-87.685099923426 41.830390316125)
6430b956b0302d7c465ac5e7a9761e0f8a55f11deed76f3bfe710a8cfa07ab05edc6e1cb0e8fce1640614c127ce7e05b5620db29b6690e0a36155e34a475f4d2,,08/01/2025 05:49:00 PM,30,NO CONTROLS,NO CONTROLS,CLEAR,DAYLIGHT,SIDESWIPE SAME DIRECTION,NOT DIVIDED,,STRAIGHT AND LEVEL,DRY,NO DEFECTS,ON SCENE,NO INJURY / DRIVE AWAY,,,Y,"OVER $1,500",08/01/2025 05:51:00 PM,FOLLOWING TOO CLOSELY,FAILING TO YIELD RIGHT-OF-WAY,498,N,ASHLAND AVE,1215,,,,,,,2,NO INDICATION OF INJURY,0,0,0,0,0,2,0,17,6,8,41.8909547461,-87.6672890383,POINT (-87.667289038269 41.890954746065)
22307173314718c379c7f596de7bfe2fd6078027b22491fc140ccfb068ed1e5b63d1831380edee74de80905c000a6f3811c0337739374d66c8a81ebe0ccc0a2b,,08/01/2025 05:48:00 PM,30,STOP SIGN/FLASHER,FUNCTIONING PROPERLY,CLEAR,DAYLIGHT,ANGLE,NOT DIVIDED,,STRAIGHT AND LEVEL,DRY,UNKNOWN,ON SCENE,INJURY AND / OR TOW DUE TO CRASH,Y,,,"OVER $1,500",08/01/2025 05:48:00 PM,FAILING TO YIELD RIGHT-OF-WAY,FAILING TO REDUCE SPEED TO AVOID CRASH,7039,N,RIDGE BLVD,2424,,,,,,,2,NONINCAPACITATING INJURY,1,0,0,1,0,1,0,17,6,8,42.010091722,-87.6821479483,POINT (-87.682147948273 42.010091721958)
585920f2e5fd7294753deaf591a47b84b4972724fda6afb808071e17e1d34c3b673e8c9ca46bf8f1b60b5ea4cc4015bfe3e0b03191b23c72056e91a11d49ecb3,,08/01/2025 05:45:00 PM,5,NO CONTROLS,NO CONTROLS,CLEAR,DAYLIGHT,PARKED MOTOR VEHICLE,PARKING LOT,,STRAIGHT AND LEVEL,DRY,WORN SURFACE,ON SCENE,INJURY AND / OR TOW DUE TO CRASH,,Y,,"OVER $1,500",08/01/2025 05:46:00 PM,DRIVING SKILLS/KNOWLEDGE/EXPERIENCE,NOT APPLICABLE,50,E,OHIO ST,1834,,,,,,,4,NO INDICATION OF INJURY,0,0,0,0,0,1,0,17,6,8,41.89261824,-87.6261603485,POINT (-87.626160348476 41.892618240004)
e1f49e049322a69e5867b9b69f78aef2528c19716eceeaea57bb03155dc43d593f5f0c88f7dff3c52db2ee34a6ae167df2cc44efcb3f93cd53a6803c149076af,,08/01/2025 05:45:00 PM,35,TRAFFIC SIGNAL,UNKNOWN,CLEAR,DAYLIGHT,TURNING,NOT DIVIDED,,STRAIGHT AND LEVEL,DRY,UNKNOWN,ON SCENE,NO INJURY / DRIVE AWAY,Y,,,"OVER $1,500",08/01/2025 05:51:00 PM,IMPROPER TURNING/NO SIGNAL,NOT APPLICABLE,3600,N,NARRAGANSETT AVE,1632,,,,,,,2,NO INDICATION OF INJURY,0,0,0,0,0,5,0,17,6,8,41.9457284671,-87.7864403527,POINT (-87.786440352729 41.945728467095)
4b92e8b514ce1c2c94edfbbf4f7c794986fc3bb53661b933b5483dd472f6a965ecb36d6a2fe7fbb08a1e6a2f00200eddf259646825a522206d6c8425393415bb,,08/01/2025 05:43:00 PM,30,TRAFFIC SIGNAL,FUNCTIONING PROPERLY,CLEAR,DAYLIGHT,TURNING,FOUR WAY,,STRAIGHT AND LEVEL,DRY,NO DEFECTS,ON SCENE,INJURY AND / OR TOW DUE TO CRASH,Y,,,"OVER $1,500",08/01/2025 05:43:00 PM,FAILING TO YIELD RIGHT-OF-WAY,DRIVING SKILLS/KNOWLEDGE/EXPERIENCE,3798,W,MADISON ST,1122,,,,,,,2,"REPORTED, NOT EVIDENT",1,0,0,0,1,2,0,17,6,8,41.8809011922,-87.7206460699,POINT (-87.72064606991 41.880901192182)
a636a2166d744052ecf43bc410eee69ec2b1542906fa97464638ead46e694c9ead444a50096693d9bff1ee32258ce333b2a6ef35dd0ac68441aba387e7a447bb,,08/01/2025 05:35:00 PM,30,TRAFFIC SIGNAL,FUNCTIONING PROPERLY,CLEAR,DAYLIGHT,REAR END,NOT DIVIDED,,STRAIGHT AND LEVEL,DRY,NO DEFECTS,ON SCENE,NO INJURY / DRIVE AWAY,,,Y,"OVER $1,500",08/01/2025 05:38:00 PM,IMPROPER LANE USAGE,NOT APPLICABLE,3628,W,GRAND AVE,2535,,,,,,,2,NO INDICATION OF INJURY,0,0,0,0,0,2,0,17,6,8,41.902815701,-87.717648644,POINT (-87.717648643968 41.902815700998)
3107a8e49285b5e91a5720b3edaa2c0fd09309e82503adacf88e07569a446f40f3015f3f462203d595b9e6f6c0d96b4f096d7384f196f56d362c229e0608c690,,08/01/2025 05:30:00 PM,30,NO CONTROLS,NO CONTROLS,CLEAR,DAYLIGHT,FIXED OBJECT,NOT DIVIDED,,STRAIGHT AND LEVEL,DRY,NO DEFECTS,ON SCENE,NO INJURY / DRIVE AWAY,,N,N,"OVER $1,500",08/01/2025 05:31:00 PM,NOT APPLICABLE,NOT APPLICABLE,5844,S,EMERALD AVE,711,,,,,,,1,NO INDICATION OF INJURY,0,0,0,0,0,1,0,17,6,8,41.7874822672,-87.6439102691,POINT (-87.643910269087 41.787482267223)
2a0e27d5e0c457120fe01ec3d87ee539cba6478189a43cbc27af24a84ce438bbc2228569a411f55a9ed2f3ee458ddfd47cbf439ac0b0451bc9f2a40727c5e8ce,,08/01/2025 05:25:00 PM,30,NO CONTROLS,NO CONTROLS,CLEAR,DAYLIGHT,SIDESWIPE SAME DIRECTION,DIVIDED - W/MEDIAN (NOT RAISED),,STRAIGHT AND LEVEL,DRY,NO DEFECTS,NOT ON SCENE (DESK REPORT),NO INJURY / DRIVE AWAY,,,,"$501 - $1,500",08/01/2025 06:40:00 PM,UNABLE TO DETERMINE,UNABLE TO DETERMINE,6054,W,NORTH AVE,2513,,,,,,,2,NO INDICATION OF INJURY,0,0,0,0,0,2,0,17,6,8,41.9093400269,-87.7774496934,POINT (-87.7774496934 41.909340026916)
bcdfd94d4d7408f8fc2978ab9e4c7eb980c7c0c5486431c6157d81d8c2e13202fcb1b13418139e9ec3738318daae061b3f25f142e62a97368512389625087eab,,08/01/2025 05:25:00 PM,30,TRAFFIC SIGNAL,FUNCTIONING PROPERLY,CLEAR,DAYLIGHT,ANGLE,NOT DIVIDED,,STRAIGHT AND LEVEL,DRY,NO DEFECTS,ON SCENE,INJURY AND / OR TOW DUE TO CRASH,Y,,,"OVER $1,500",08/01/2025 05:26:00 PM,DISREGARDING TRAFFIC SIGNALS,NOT APPLICABLE,500,S,RACINE AVE,1231,Y,Y,,,,,2,"REPORTED, NOT EVIDENT",4,0,0,0,4,1,0,17,6,8,41.8752844642,-87.6571152969,POINT (-87.657115296866 41.875284464237)
77f754325f7a3ac8c865956afac4890274ea3a2d036639e50f7ec324b8cb14d4a7d47b858d922ee7e52e4b1d03f11ce906464e4d5bb13670116b8501b226c63f,,08/01/2025 05:20:00 PM,30,TRAFFIC SIGNAL,FUNCTIONING PROPERLY,CLEAR,DAYLIGHT,REAR END,OTHER,,STRAIGHT AND LEVEL,DRY,UNKNOWN,NOT ON SCENE (DESK REPORT),NO INJURY / DRIVE AWAY,Y,,Y,"OVER $1,500",08/01/2025 07:01:00 PM,UNABLE TO DETERMINE,UNABLE TO DETERMINE,2808,N,WESTERN AVE,1411,,,,,,,2,NO INDICATION OF INJURY,0,0,0,0,0,2,0,17,6,8,41.9323518485,-87.6880449749,POINT (-87.688044974908 41.932351848527)
43fd581fb4f83dadf4e6df5a8dc349dbb76996ac0ca8c63bffd484bae0e5ce25f136e18f361390842e236ba9b2e3b177e55efa1dfd7af9ebdb7d85d7e083c277,,08/01/2025 05:16:00 PM,25,NO CONTROLS,NO CONTROLS,CLEAR,DAYLIGHT,SIDESWIPE OPPOSITE DIRECTION,NOT DIVIDED,,STRAIGHT AND LEVEL,DRY,NO DEFECTS,ON SCENE,NO INJURY / DRIVE AWAY,,,,"OVER $1,500",08/01/2025 05:28:00 PM,UNABLE TO DETERMINE,NOT APPLICABLE,7708,W,THORNDALE AVE,1612,,,,,,,2,NO INDICATION OF INJURY,0,0,0,0,0,2,0,17,6,8,41.9869742046,-87.8198109127,POINT (-87.819810912701 41.986974204637)
a1bc3908850bfe1aa925289b90bf968ba8e458898ec88c0d373903d38642c1a961cf018451f3bb2499f852edaa0e4febb4a713685daac57e861aa0eb57714f51,,08/01/2025 05:15:00 PM,30,NO CONTROLS,NO CONTROLS,UNKNOWN,UNKNOWN,PARKED MOTOR VEHICLE,NOT DIVIDED,,STRAIGHT AND LEVEL,UNKNOWN,UNKNOWN,NOT ON SCENE (DESK REPORT),NO INJURY / DRIVE AWAY,,,Y,"OVER $1,500",08/02/2025 12:00:00 PM,UNABLE TO DETERMINE,UNABLE TO DETERMINE,1614,N,LEAVITT ST,1434,,,,,,,2,NO INDICATION OF INJURY,0,0,0,0,0,1,0,17,6,8,41.9108236555,-87.6825052284,POINT (-87.682505228419 41.910823655543)
fb2b763d26a6abda06e63ac4d5c017badc58ad9720ea14463ef97bedcf198c24f06b1e8131e2b12a1679f5048436c20faf01e5cd1f5cfecbfe728ca93cf1323c,,08/01/2025 05:15:00 PM,30,NO CONTROLS,NO CONTROLS,CLEAR,DAYLIGHT,TURNING,NOT DIVIDED,,STRAIGHT AND LEVEL,DRY,NO DEFECTS,NOT ON SCENE (DESK REPORT),NO INJURY / DRIVE AWAY,,,,"$501 - $1,500",08/01/2025 06:07:00 PM,IMPROPER TURNING/NO SIGNAL,NOT APPLICABLE,4532,W,55TH ST,815,,,,,,,2,NO INDICATION OF INJURY,0,0,0,0,0,2,0,17,6,8,41.7931926634,-87.7368455305,POINT (-87.736845530474 41.793192663384)
e485238bf7be8fdc172f4e0db5a7a4149083229262a3d17997ad341f73b03bd1577627379096f81239d705b7cd9a1786463fb6354360ebc5bab3d58a520df0a1,,08/01/2025 05:07:00 PM,30,STOP SIGN/FLASHER,FUNCTIONING PROPERLY,CLEAR,DAYLIGHT,PEDALCYCLIST,FOUR WAY,,STRAIGHT AND LEVEL,DRY,NO DEFECTS,NOT ON SCENE (DESK REPORT),INJURY AND / OR TOW DUE TO CRASH,Y,,,$500 OR LESS,08/01/2025 05:17:00 PM,DISREGARDING STOP SIGN,FAILING TO YIELD RIGHT-OF-WAY,2400,S,CHRISTIANA AVE,1024,,,,,,,2,NONINCAPACITATING INJURY,1,0,0,1,0,1,0,17,6,8,41.847997387,-87.7089415541,POINT (-87.708941554118 41.847997386994)
0f9bbc2f5d56414bc509c0826cf4a6a67821010001bf052ce50133232d9b7da2712f0bfe3edd1c0e8d4ba01859d89d77d6f4279a400981456ebff0a134cb5ba3,,08/01/2025 05:05:00 PM,15,NO CONTROLS,NO CONTROLS,CLEAR,DAYLIGHT,REAR TO FRONT,OTHER,,STRAIGHT AND LEVEL,DRY,NO DEFECTS,ON SCENE,NO INJURY / DRIVE AWAY,,,Y,"$501 - $1,500",08/01/2025 05:15:00 PM,IMPROPER BACKING,NOT APPLICABLE,2301,S,DR MARTIN LUTHER KING JR DR,132,,,,,,,2,NO INDICATION OF INJURY,0,0,0,0,0,2,0,17,6,8,41.8511998366,-87.6188194842,POINT (-87.618819484211 41.851199836578)
94ee504dd1ec2bdcddb12c27fdcf804795d2bc2774f8477e1f1bcdf23cf486a96ed35b9b469ac8b0d86404baa41ff37d42c189374cb7bfd54dfc1d03de187223,,08/01/2025 05:05:00 PM,30,TRAFFIC SIGNAL,FUNCTIONING PROPERLY,CLEAR,DAYLIGHT,SIDESWIPE SAME DIRECTION,NOT DIVIDED,,STRAIGHT AND LEVEL,DRY,NO DEFECTS,ON SCENE,NO INJURY / DRIVE AWAY,,,,$500 OR LESS,08/01/2025 05:15:00 PM,UNABLE TO DETERMINE,NOT APPLICABLE,2758,N,ASHLAND AVE,1931,,,,,,,2,NO INDICATION OF INJURY,0,0,0,0,0,2,0,17,6,8,41.9323127255,-87.6685372403,POINT (-87.66853724028 41.932312725534)
6a0f37317f2f8c9ffe575da86131027ace35beb07feec2c98b5f00ffefb048200ce4794c7a2d0d3e4513751f170fc5d6c6a4aac771f5149492ea8fbe2683c40a,,08/01/2025 05:03:00 PM,30,TRAFFIC SIGNAL,FUNCTIONING PROPERLY,CLEAR,DAYLIGHT,SIDESWIPE SAME DIRECTION,NOT DIVIDED,,STRAIGHT AND LEVEL,DRY,NO DEFECTS,ON SCENE,INJURY AND / OR TOW DUE TO CRASH,Y,,,"OVER $1,500",08/01/2025 05:05:00 PM,FOLLOWING TOO CLOSELY,NOT APPLICABLE,4760,W,LAKE ST,1113,,,,,,,2,NO INDICATION OF INJURY,0,0,0,0,0,2,0,17,6,8,41.8867184296,-87.7453516235,POINT (-87.745351623453 41.886718429607)
3296b9b486dbb37bf6f494d82946f363454c110464d90288d9b6310e5a7c12d53ac7b5d075cb05612787ba2eb39318cccc3bd3fbcd1c8071c6b9213d26b45f92,,08/01/2025 05:00:00 PM,30,UNKNOWN,UNKNOWN,CLEAR,DAYLIGHT,PARKED MOTOR VEHICLE,PARKING LOT,,STRAIGHT AND LEVEL,UNKNOWN,UNKNOWN,NOT ON SCENE (DESK REPORT),NO INJURY / DRIVE AWAY,,Y,Y,"OVER $1,500",08/01/2025 06:40:00 PM,UNABLE TO DETERMINE,UNABLE TO DETERMINE,806,N,DEARBORN ST,1832,,,,,,,2,NO INDICATION OF INJURY,0,0,0,0,0,1,0,17,6,8,41.8969009773,-87.6299253842,POINT (-87.629925384171 41.896900977301)
3e9606220775d3039ae273c2ab2243c57a6b8bca12cedfb4814361de7f9d3be2a8d39fc11c3f76fc508b45fd14866f6652d2b5662eba9b22d40dacf5aec4c4c0,,08/01/2025 05:00:00 PM,30,TRAFFIC SIGNAL,FUNCTIONING PROPERLY,CLEAR,DAYLIGHT,REAR END,FOUR WAY,,STRAIGHT AND LEVEL,DRY,NO DEFECTS,NOT ON SCENE (DESK REPORT),NO INJURY / DRIVE AWAY,Y,,Y,$500 OR LESS,08/01/2025 06:49:00 PM,FOLLOWING TOO CLOSELY,NOT APPLICABLE,9501,S,HALSTED ST,2223,,,,,,,2,NO INDICATION OF INJURY,0,0,0,0,0,2,0,17,6,8,41.7213688223,-87.6430650519,POINT (-87.643065051892 41.721368822306)
51fea43ee740da6e46123f07ecfe39ef6811ab299db28524c565d37a2a760f0496974c0dd48d235e1aae4dc37d3f8f3c1dd17f26c0d8ff2460be15a2aada33a4,,08/01/2025 05:00:00 PM,30,NO CONTROLS,NO CONTROLS,CLEAR,DAYLIGHT,TURNING,PARKING LOT,,STRAIGHT AND LEVEL,DRY,UNKNOWN,NOT ON SCENE (DESK REPORT),NO INJURY / DRIVE AWAY,,Y,,"OVER $1,500",08/01/2025 06:00:00 PM,IMPROPER TURNING/NO SIGNAL,NOT APPLICABLE,6621,S,COTTAGE GROVE AVE,321,,,,,,,2,NO INDICATION OF INJURY,0,0,0,0,0,2,0,17,6,8,41.7743058812,-87.6056480253,POINT (-87.605648025339 41.774305881188)
56a9a04a86abcb9ef97966eb74f116a7199b0e426f615d0c370cb7a88407f5336627a7e26e673cd187b3fedd588afe65cb480d45cd965836e042278eb77b5e9b,,08/01/2025 05:00:00 PM,20,NO CONTROLS,NO CONTROLS,CLEAR,DAYLIGHT,PEDALCYCLIST,ONE-WAY,,STRAIGHT AND LEVEL,DRY,UNKNOWN,ON SCENE,INJURY AND / OR TOW DUE TO CRASH,,,,"OVER $1,500",08/01/2025 05:12:00 PM,UNABLE TO DETERMINE,UNABLE TO DETERMINE,3416,W,AINSLIE ST,1712,,,,,,,2,NONINCAPACITATING INJURY,1,0,0,1,0,1,0,17,6,8,41.9703247608,-87.7141677458,POINT (-87.714167745771 41.97032476079)
76944c80e9d8c8f44e564c69eebf4c4eb361bf0b084c25c3bd815bdd18aec0c52d5a9bfd1672e5472f9dfa55358d1b2aca996b51ef93dec45442cbe0aa4ec478,,08/01/2025 05:00:00 PM,30,UNKNOWN,UNKNOWN,CLEAR,DAYLIGHT,SIDESWIPE SAME DIRECTION,UNKNOWN,,STRAIGHT AND LEVEL,UNKNOWN,UNKNOWN,NOT ON SCENE (DESK REPORT),NO INJURY / DRIVE AWAY,,,Y,"OVER $1,500",08/01/2025 07:45:00 PM,UNABLE TO DETERMINE,UNABLE TO DETERMINE,343,N,MICHIGAN AVE,114,,,,,,,2,NO INDICATION OF INJURY,0,0,0,0,0,2,0,17,6,8,41.8877502986,-87.6244108678,POINT (-87.624410867821 41.887750298554)
f5a3ec6cd9a4312ab5d3dddf31c2c6efe2785ccf51ebce67336d44a652b3dea8846bfe96f3239509c3a7589807b8f99c7ef6139aee3230905b515a9fe6e9ddcb,Y,08/01/2025 05:00:00 PM,30,NO CONTROLS,NO CONTROLS,UNKNOWN,UNKNOWN,PARKED MOTOR VEHICLE,ONE-WAY,,STRAIGHT AND LEVEL,UNKNOWN,NO DEFECTS,ON SCENE,NO INJURY / DRIVE AWAY,,,Y,"OVER $1,500",08/02/2025 08:45:00 AM,UNABLE TO DETERMINE,UNABLE TO DETERMINE,8374,S,ANTHONY AVE,412,,,,,,,2,NO INDICATION OF INJURY,0,0,0,0,0,1,0,17,6,8,41.7425964681,-87.5764098316,POINT (-87.576409831616 41.742596468051)
40e6d44c03047a697eb55c50f523a7ef4a9b75c60b78d04e692bcf4c07d96cc4491e29d9f0383377b9134a352a984b709a37662a9576adedaffde447841c8ce6,,08/01/2025 04:55:00 PM,35,UNKNOWN,UNKNOWN,UNKNOWN,UNKNOWN,FIXED OBJECT,UNKNOWN,,STRAIGHT AND LEVEL,UNKNOWN,UNKNOWN,NOT ON SCENE (DESK REPORT),NO INJURY / DRIVE AWAY,,,,"OVER $1,500",08/13/2025 10:30:00 AM,UNABLE TO DETERMINE,UNABLE TO DETERMINE,4800,N,LAKE SHORE DR NB,2024,,,,,,,1,NO INDICATION OF INJURY,0,0,0,0,0,1,0,16,6,8,41.9694086179,-87.6483172637,POINT (-87.648317263699 41.969408617919)
09f0c88205c32d745a31c7da563724cb86b0b35ce8d91237c9f42a1db6bf7e288c7cff271e142190a6eb780d670786beb5542b3909c075d1f67151100ce19695,,08/01/2025 04:50:00 PM,30,NO CONTROLS,NO CONTROLS,CLEAR,DAYLIGHT,SIDESWIPE SAME DIRECTION,DIVIDED - W/MEDIAN (NOT RAISED),,STRAIGHT AND LEVEL,DRY,UNKNOWN,NOT ON SCENE (DESK REPORT),NO INJURY / DRIVE AWAY,,,,"OVER $1,500",08/05/2025 02:20:00 PM,IMPROPER TURNING/NO SIGNAL,NOT APPLICABLE,1110,N,CALIFORNIA AVE,1211,Y,,,,,,2,NO INDICATION OF INJURY,0,0,0,0,0,3,0,16,6,8,41.9014347356,-87.6969891472,POINT (-87.696989147212 41.901434735563)
ee47092622d54bbd6e700b62ddfd9a482844aca3c80ad46fa40a734c6b7312af26605d87a4b2c995d18726da8a47faebbe745bad16d3fc92237351a3c2750523,,08/01/2025 04:50:00 PM,30,NO CONTROLS,NO CONTROLS,CLEAR,DAYLIGHT,PEDALCYCLIST,DIVIDED - W/MEDIAN BARRIER,,STRAIGHT AND LEVEL,DRY,UNKNOWN,ON SCENE,INJURY AND / OR TOW DUE TO CRASH,,,Y,"OVER $1,500",08/01/2025 05:23:00 PM,IMPROPER OVERTAKING/PASSING,FAILING TO YIELD RIGHT-OF-WAY,6059,N,CLARK ST,2433,,,,,,,2,NONINCAPACITATING INJURY,1,0,0,1,0,1,0,16,6,8,41.9925636737,-87.6699353525,POINT (-87.669935352534 41.99256367374)
d6e4c9727bc2a9d649cb6dfbad8b00e750f55717d4a508b6339d6f5d1da233829c05fcda19e4b406bf213e36853dc29a1b78da97bfa9ac5246e8c7f479411b5d,,08/01/2025 04:45:00 PM,35,TRAFFIC SIGNAL,FUNCTIONING PROPERLY,CLEAR,DUSK,PEDALCYCLIST,T-INTERSECTION,,STRAIGHT AND LEVEL,DRY,NO DEFECTS,ON SCENE,INJURY AND / OR TOW DUE TO CRASH,Y,,,$500 OR LESS,08/01/2025 04:50:00 PM,IMPROPER OVERTAKING/PASSING,UNABLE TO DETERMINE,1200,N,CLYBOURN AVE,1821,,,,,,,2,NONINCAPACITATING INJURY,1,0,0,1,0,1,0,16,6,8,41.9037895847,-87.6398207738,POINT (-87.639820773757 41.903789584668)
a410dbe264fae9c1c9eda1a8312fd18cb20205d27276f680338ce0024cdf0254ce77dae690abf1425acacb91c12798afe662c7272fc8aa115ec3ddb55ac565e8,,08/01/2025 04:42:00 PM,30,NO CONTROLS,NO CONTROLS,CLEAR,DAYLIGHT,REAR END,NOT DIVIDED,,STRAIGHT AND LEVEL,DRY,UNKNOWN,NOT ON SCENE (DESK REPORT),NO INJURY / DRIVE AWAY,,,,"OVER $1,500",08/01/2025 04:42:00 PM,UNABLE TO DETERMINE,NOT APPLICABLE,6600,S,DR MARTIN LUTHER KING JR DR,312,,,,,,,3,NO INDICATION OF INJURY,0,0,0,0,0,3,0,16,6,8,41.7746934593,-87.6156368216,POINT (-87.615636821647 41.774693459289)