CRASH_RECORD_ID,CRASH_DATE_EST_I,CRASH_DATE,POSTED_SPEED_LIMIT,TRAFFIC_CONTROL_DEVICE,DEVICE_CONDITION,WEATHER_CONDITION,LIGHTING_CONDITION,FIRST_CRASH_TYPE,TRAFFICWAY_TYPE,LANE_CNT,ALIGNMENT,ROADWAY_SURFACE_COND,ROAD_DEFECT,REPORT_TYPE,CRASH_TYPE,INTERSECTION_RELATED_I,NOT_RIGHT_OF_WAY_I,HIT_AND_RUN_I,DAMAGE,DATE_POLICE_NOTIFIED,PRIM_CONTRIBUTORY_CAUSE,SEC_CONTRIBUTORY_CAUSE,STREET_NO,STREET_DIRECTION,STREET_NAME,BEAT_OF_OCCURRENCE,PHOTOS_TAKEN_I,STATEMENTS_TAKEN_I,DOORING_I,WORK_ZONE_I,WORK_ZONE_TYPE,WORKERS_PRESENT_I,NUM_UNITS,MOST_SEVERE_INJURY,INJURIES_TOTAL,INJURIES_FATAL,INJURIES_INCAPACITATING,INJURIES_NON_INCAPACITATING,INJURIES_REPORTED_NOT_EVIDENT,INJURIES_NO_INDICATION,INJURIES_UNKNOWN,CRASH_HOUR,CRASH_DAY_OF_WEEK,CRASH_MONTH,LATITUDE,LONGITUDE,LOCATION
04e98dc35ca6024f83593a5012567703ac8d93d9085061f70692b7fedb6e91d42f2ae5f73bc1daf91567e14af6e8b446b9300bde874b56cfcc2ac900ba2aa5e5,,08/01/2025 04:40:00 PM,30,TRAFFIC SIGNAL,FUNCTIONING PROPERLY,CLEAR,DAYLIGHT,REAR END,NOT DIVIDED,,STRAIGHT AND LEVEL,DRY,NO DEFECTS,NOT ON SCENE (DESK REPORT),NO INJURY / DRIVE AWAY,,,,$500 OR LESS,08/01/2025 05:10:00 PM,FOLLOWING TOO CLOSELY,NOT APPLICABLE,300,N,DESPLAINES ST,1214,,,,,,,2,NO INDICATION OF INJURY,0,0,0,0,0,3,0,16,6,8,41.8868340521,-87.6444236206,POINT (-87.64442362063 41.886834052075)
25093beeb4ddaa6157d2477f681de91da5566492664c8352c1dab34909cf51c05bb7d3df0eb8b1c0af381f805824e2e3683fdf3dc614eba0085b0e4dd3beb83a,,08/01/2025 04:40:00 PM,30,UNKNOWN,UNKNOWN,CLEAR,DAYLIGHT,SIDESWIPE SAME DIRECTION,ONE-WAY,,STRAIGHT AND LEVEL,DRY,NO DEFECTS,ON SCENE,INJURY AND / OR TOW DUE TO CRASH,,,,"OVER $1,500",08/01/2025 05:00:00 PM,IMPROPER OVERTAKING/PASSING,FAILING TO YIELD RIGHT-OF-WAY,1951,N,DAYTON ST,1813,,,,,,,2,NO INDICATION OF INJURY,0,0,0,0,0,2,0,16,6,8,41.9174652459,-87.649555192,POINT (-87.64955519202 41.917465245873)
606674103045a42338372f0e2524d4ec022d22f83d22ef4f9314270b0ef15a8e74fe08666f8594a6873954bea131822abddc14c4b3a384978827ffc28e0532b6,,08/01/2025 04:40:00 PM,15,NO CONTROLS,NO CONTROLS,CLEAR,DAYLIGHT,PARKED MOTOR VEHICLE,PARKING LOT,,STRAIGHT AND LEVEL,DRY,NO DEFECTS,ON SCENE,INJURY AND / OR TOW DUE TO CRASH,,Y,,"OVER $1,500",08/01/2025 04:42:00 PM,EQUIPMENT - VEHICLE CONDITION,UNABLE TO DETERMINE,5510,S,RACINE AVE,713,,,,,,,2,NONINCAPACITATING INJURY,2,0,0,1,1,1,0,16,6,8,41.7934291488,-87.6550038579,POINT (-87.655003857944 41.793429148834)
fa188628125acbc76f36e597950e3369005b08d4c96ff10ac4642a56847f62f60fd22fd1ad329a2c3e45f97ea11a0e299ea194e60c5ebccc11ce21cf6ce15a28,,08/01/2025 04:36:00 PM,30,NO CONTROLS,NO CONTROLS,CLEAR,DAYLIGHT,SIDESWIPE SAME DIRECTION,ONE-WAY,,STRAIGHT AND LEVEL,DRY,NO DEFECTS,NOT ON SCENE (DESK REPORT),NO INJURY / DRIVE AWAY,,,,"OVER $1,500",08/01/2025 06:15:00 PM,UNABLE TO DETERMINE,NOT APPLICABLE,98,E,RANDOLPH ST,111,,,,,,,2,NO INDICATION OF INJURY,0,0,0,0,0,2,0,16,6,8,41.884584272,-87.6244702969,POINT (-87.624470296902 41.884584272017)
1441467965e98899c59c8e66c24cf6146d7d32a0815086d276d4bcc614cb4dadca6e2cc281fa74dc0c4161e869494eac2d40de4f4e63edebd1aac1f0feda6652,,08/01/2025 04:35:00 PM,30,NO CONTROLS,NO CONTROLS,CLEAR,DAYLIGHT,TURNING,NOT DIVIDED,,STRAIGHT AND LEVEL,UNKNOWN,UNKNOWN,NOT ON SCENE (DESK REPORT),NO INJURY / DRIVE AWAY,,,Y,"$501 - $1,500",08/01/2025 05:10:00 PM,NOT APPLICABLE,NOT APPLICABLE,5200,W,WINNEMAC AVE,1623,,,,,,,2,NO INDICATION OF INJURY,0,0,0,0,0,2,0,16,6,8,41.9725984939,-87.7577973209,POINT (-87.75779732091 41.972598493927)
ba730ffc06ec4bebca2676d5daa409014dcd925a333bcc8e85768cd2e6f9e948ad54997c03f6e3f4fe6ae95fc0292f05f208d3d6f43b2609300cf8f950e1785d,Y,08/01/2025 04:35:00 PM,30,TRAFFIC SIGNAL,FUNCTIONING PROPERLY,CLEAR,DAYLIGHT,REAR END,NOT DIVIDED,,STRAIGHT AND LEVEL,DRY,UNKNOWN,NOT ON SCENE (DESK REPORT),NO INJURY / DRIVE AWAY,,,,"$501 - $1,500",08/01/2025 04:50:00 PM,FOLLOWING TOO CLOSELY,NOT APPLICABLE,1600,W,BELMONT AVE,1922,,,,,,,2,NO INDICATION OF INJURY,0,0,0,0,0,2,0,16,6,8,41.9398046498,-87.6687859001,POINT (-87.668785900147 41.939804649803)
ac90bf86172e95755bf2afbeacd792b12181407a967c3b0400e808f1b800585b8f376e59687f5940598d125269b6666214331c2734ee5d1cc64328e3934e8009,,08/01/2025 04:32:00 PM,30,NO CONTROLS,NO CONTROLS,CLEAR,DAYLIGHT,REAR END,NOT DIVIDED,,STRAIGHT AND LEVEL,DRY,NO DEFECTS,ON SCENE,INJURY AND / OR TOW DUE TO CRASH,,,,"OVER $1,500",08/01/2025 04:51:00 PM,FOLLOWING TOO CLOSELY,UNABLE TO DETERMINE,4132,W,ADDISON ST,1732,,,,,,,2,NO INDICATION OF INJURY,0,0,0,0,0,2,0,16,6,8,41.9464446806,-87.7304222978,POINT (-87.730422297785 41.946444680597)
f25617188d617e0bcef0e56d518d22c7fcf751a09a084ad6cb3150557d1be3d22e2060543f40310f555f7a30afb047da0b2a14f3e760cf55290503f43dd32f39,,08/01/2025 04:31:00 PM,30,TRAFFIC SIGNAL,UNKNOWN,CLEAR,DAYLIGHT,REAR END,DIVIDED - W/MEDIAN BARRIER,,STRAIGHT AND LEVEL,UNKNOWN,UNKNOWN,NOT ON SCENE (DESK REPORT),NO INJURY / DRIVE AWAY,Y,,,"$501 - $1,500",08/01/2025 07:09:00 PM,UNABLE TO DETERMINE,NOT APPLICABLE,4930,N,WESTERN AVE,2031,,,,,,,2,NO INDICATION OF INJURY,0,0,0,0,0,2,0,16,6,8,41.9712760108,-87.6891430777,POINT (-87.689143077708 41.971276010782)
514162091971e9b135d1a1d7dfdccfbed1e046f9a2897f1c432d465fd028a430c18ba3e3415e0a06b17eceeceaf40db06fa6aa2d63355beb46f7ebda7f697bf6,,08/01/2025 04:30:00 PM,25,NO CONTROLS,NO CONTROLS,CLEAR,DAYLIGHT,PARKED MOTOR VEHICLE,ONE-WAY,,STRAIGHT AND LEVEL,DRY,NO DEFECTS,ON SCENE,INJURY AND / OR TOW DUE TO CRASH,,,,$500 OR LESS,08/01/2025 04:42:00 PM,DRIVING SKILLS/KNOWLEDGE/EXPERIENCE,NOT APPLICABLE,2902,W,POPE JOHN PAUL II DR,921,,,,,,,2,NONINCAPACITATING INJURY,4,0,0,4,0,1,0,16,6,8,41.8156148841,-87.6970211358,POINT (-87.697021135788 41.815614884097)
5ac0fbe40e3429aa6f2442cddb25d51b3a79f8fb2cb5b3eef66e58e672db5393c9ff1e0daa0638e9cde98e7451b64f5bc8560f41ca1d3cd810365c760a4708a8,,08/01/2025 04:30:00 PM,30,NO CONTROLS,NO CONTROLS,CLEAR,DAYLIGHT,PARKED MOTOR VEHICLE,ONE-WAY,,STRAIGHT AND LEVEL,DRY,NO DEFECTS,ON SCENE,NO INJURY / DRIVE AWAY,,,,"OVER $1,500",08/01/2025 04:33:00 PM,NOT APPLICABLE,NOT APPLICABLE,914,W,CARMEN AVE,2024,,,,,,,2,NO INDICATION OF INJURY,0,0,0,0,0,1,0,16,6,8,41.9744342731,-87.6532197838,POINT (-87.653219783849 41.974434273114)
71949cfa077ce5832790c16562e2e368e8ac9cb9cf15b4a603ad96dbe645d0211592433a2e6c9d74135f19f1f7a631ad2dce9cc8c7e0f3740ec85c94f7df090d,,08/01/2025 04:30:00 PM,30,NO CONTROLS,NO CONTROLS,CLEAR,DAYLIGHT,ANGLE,DIVIDED - W/MEDIAN (NOT RAISED),,STRAIGHT AND LEVEL,DRY,NO DEFECTS,NOT ON SCENE (DESK REPORT),NO INJURY / DRIVE AWAY,,,,"OVER $1,500",08/01/2025 05:15:00 PM,FAILING TO YIELD RIGHT-OF-WAY,UNABLE TO DETERMINE,2788,W,BARRY AVE,1411,,,,,,,2,NO INDICATION OF INJURY,0,0,0,0,0,2,0,16,6,8,41.9376788338,-87.6976844777,POINT (-87.697684477704 41.937678833825)
849a0d95e4af5f518cec4a692dbb01d76cedec644d9575e74e94ef5cc219695fea282723efbc2143e2b583f1278bbf6672bcc07fdd7c88f7a64c837d15103570,,08/01/2025 04:30:00 PM,30,UNKNOWN,UNKNOWN,CLEAR,DAYLIGHT,SIDESWIPE SAME DIRECTION,NOT DIVIDED,,STRAIGHT AND LEVEL,UNKNOWN,UNKNOWN,NOT ON SCENE (DESK REPORT),NO INJURY / DRIVE AWAY,,,,"OVER $1,500",08/01/2025 04:45:00 PM,UNABLE TO DETERMINE,UNABLE TO DETERMINE,1518,W,FOSTER AVE,2012,,,,,,,2,NO INDICATION OF INJURY,0,0,0,0,0,2,0,16,6,8,41.9762875994,-87.6692253814,POINT (-87.669225381387 41.976287599431)
a911bc534075975a36886e18af11e257b4e68b52755ca2f7079ce7b7d6e4a025c99e4862c48ef0f6911a3921a879879aaf442a51eea2b98c3afe7d5baffe8a2b,,08/01/2025 04:30:00 PM,25,NO CONTROLS,NO CONTROLS,CLEAR,DAYLIGHT,SIDESWIPE OPPOSITE DIRECTION,ONE-WAY,,STRAIGHT ON GRADE,DRY,NO DEFECTS,NOT ON SCENE (DESK REPORT),NO INJURY / DRIVE AWAY,,,,"OVER $1,500",08/12/2025 12:20:00 PM,UNABLE TO DETERMINE,NOT APPLICABLE,920,W,CUYLER AVE,1915,,,,,,,2,NO INDICATION OF INJURY,0,0,0,0,0,2,0,16,6,8,41.955566365,-87.6520202374,POINT (-87.652020237402 41.955566365029)
d90c443794df64838a529c5a0a7e8121a396d6b26ada67f26190a3514735720564298bc6daa1743576c43f895df7bcd6ec38142b66b5043ac91601f3354e4afb,,08/01/2025 04:30:00 PM,30,NO CONTROLS,NO CONTROLS,CLEAR,DAYLIGHT,SIDESWIPE SAME DIRECTION,NOT DIVIDED,,STRAIGHT AND LEVEL,DRY,NO DEFECTS,,INJURY AND / OR TOW DUE TO CRASH,,,,"OVER $1,500",08/01/2025 04:30:00 PM,IMPROPER OVERTAKING/PASSING,NOT APPLICABLE,6530,W,NORTH AVE,2513,,,,,,,3,"REPORTED, NOT EVIDENT",2,0,0,0,2,2,0,16,6,8,41.9092033115,-87.7896810704,POINT (-87.789681070436 41.90920331151)
ebd5e8356b278a943280e3fb1c65bf753b3e478da1a56b1a26d91016f22c66687268000ffeeea0090e0384c2b5a97a6c34eb4b88966f0f3817056da5e2e7dca5,,08/01/2025 04:30:00 PM,25,UNKNOWN,UNKNOWN,CLEAR,DAYLIGHT,REAR END,NOT DIVIDED,,STRAIGHT AND LEVEL,DRY,NO DEFECTS,NOT ON SCENE (DESK REPORT),NO INJURY / DRIVE AWAY,,,,"OVER $1,500",08/01/2025 05:15:00 PM,DRIVING SKILLS/KNOWLEDGE/EXPERIENCE,FOLLOWING TOO CLOSELY,1239,S,STATE ST,131,,,,,,,2,NO INDICATION OF INJURY,0,0,0,0,0,2,0,16,6,8,41.8663458653,-87.6272445253,POINT (-87.627244525305 41.86634586532)
3e8840fdbbfbb3c6c621b9c001fa9892bdc698db3ae07b3c67b734ff55c89435b19fe4e555806e6eb16e83c39f6f303309284b93b403952aef6e0afbf274e683,,08/01/2025 04:27:00 PM,30,STOP SIGN/FLASHER,FUNCTIONING PROPERLY,CLEAR,DAYLIGHT,PEDALCYCLIST,NOT DIVIDED,,STRAIGHT AND LEVEL,DRY,NO DEFECTS,ON SCENE,INJURY AND / OR TOW DUE TO CRASH,Y,,,"$501 - $1,500",08/01/2025 04:28:00 PM,FAILING TO YIELD RIGHT-OF-WAY,OBSTRUCTED CROSSWALKS,1601,W,18TH PL,1234,,N,,,,,2,NONINCAPACITATING INJURY,1,0,0,1,0,1,0,16,6,8,41.8567736621,-87.666146564,POINT (-87.66614656397 41.856773662113)
d9028667603ac791e50f73ee4fa0626ad82d6e24f9a06cd9d494a1cc7722f1370b0abc22c363423b3fe363524c61158e04d8a1b8b6d4d45b81eeb63eedd67d9b,,08/01/2025 04:27:00 PM,30,NO CONTROLS,NO CONTROLS,CLEAR,DAYLIGHT,TURNING,NOT DIVIDED,,STRAIGHT AND LEVEL,DRY,NO DEFECTS,ON SCENE,INJURY AND / OR TOW DUE TO CRASH,Y,,,"OVER $1,500",08/01/2025 04:30:00 PM,NOT APPLICABLE,NOT APPLICABLE,5200,S,WESTERN AVE,923,,,,,,,2,NO INDICATION OF INJURY,0,0,0,0,0,2,0,16,6,8,41.7992405961,-87.6843218802,POINT (-87.68432188021 41.799240596148)
ed0bf74a8f184a971faf0f3032e785d3c3de63108850cac9cc18d7141e14105ab5a24766dd3f7174929b22b2ac3ec5b921622c05fcbc2e34ff9aa5a57962b88e,,08/01/2025 04:20:00 PM,30,NO CONTROLS,NO CONTROLS,CLEAR,DAYLIGHT,ANGLE,T-INTERSECTION,,STRAIGHT AND LEVEL,DRY,NO DEFECTS,NOT ON SCENE (DESK REPORT),NO INJURY / DRIVE AWAY,,,,"$501 - $1,500",08/01/2025 04:25:00 PM,FAILING TO YIELD RIGHT-OF-WAY,FAILING TO YIELD RIGHT-OF-WAY,3853,W,LELAND AVE,1723,,,,,,,2,NO INDICATION OF INJURY,0,0,0,0,0,2,0,16,6,8,41.9663390922,-87.7252380171,POINT (-87.725238017104 41.966339092225)
0631aba6f4dfbc8784533ac2ee2a912f6c7f6d8212dcf64973b8c452a95759d5b5a4a6d7b1551935019eaa8b680dbfc3b074c3ced82550dfaf9c179702b41a20,,08/01/2025 04:15:00 PM,15,UNKNOWN,UNKNOWN,UNKNOWN,DAYLIGHT,ANGLE,PARKING LOT,,STRAIGHT AND LEVEL,UNKNOWN,UNKNOWN,NOT ON SCENE (DESK REPORT),NO INJURY / DRIVE AWAY,,Y,,"$501 - $1,500",08/01/2025 07:00:00 PM,UNABLE TO DETERMINE,NOT APPLICABLE,2555,W,TOUHY AVE,2411,,,,,,,2,NO INDICATION OF INJURY,0,0,0,0,0,3,0,16,6,8,42.0120704208,-87.6948059235,POINT (-87.694805923462 42.01207042083)
15800d88ab8cf0a9b58fbd766b8a1055f4e21b1cd1f543f42e6af6f48798a92cfe8147ec76e214436dad02a325b97fdee5b472cbcd00a8dc0ae944ae4adce141,,08/01/2025 04:15:00 PM,30,NO CONTROLS,NO CONTROLS,CLEAR,DAYLIGHT,PARKED MOTOR VEHICLE,ONE-WAY,,STRAIGHT AND LEVEL,DRY,UNKNOWN,NOT ON SCENE (DESK REPORT),NO INJURY / DRIVE AWAY,,,N,"OVER $1,500",08/01/2025 06:45:00 PM,UNABLE TO DETERMINE,UNABLE TO DETERMINE,2376,N,SAYRE AVE,2512,,,,,,,2,NO INDICATION OF INJURY,0,0,0,0,0,2,0,16,6,8,41.9234308444,-87.8008784263,POINT (-87.800878426256 41.923430844437)
2803889fa8e7646fc1dd426292fba374f533a4de2f90441fed775d77baca2d9f0b257e4e38ef8071aeb453e35d56068296d6c2cc9412baf6213e4f3f0d254777,,08/01/2025 04:15:00 PM,30,TRAFFIC SIGNAL,FUNCTIONING PROPERLY,CLEAR,DAYLIGHT,ANGLE,FOUR WAY,,STRAIGHT ON GRADE,DRY,UNKNOWN,,INJURY AND / OR TOW DUE TO CRASH,Y,,Y,"OVER $1,500",08/01/2025 04:20:00 PM,UNABLE TO DETERMINE,NOT APPLICABLE,1800,W,FOSTER AVE,2012,,,,,,,2,NO INDICATION OF INJURY,0,0,0,0,0,2,0,16,6,8,41.9762051282,-87.6747765499,POINT (-87.674776549853 41.976205128208)
c03819240d245b2daa0e5c003cad882790ceb28d4413c2b8442490087cc8223d19090e88f4211fe413f5adc0808d3457e3f91be6a3029a0d67ba50dd1c6e32bc,Y,08/01/2025 04:15:00 PM,25,NO CONTROLS,NO CONTROLS,CLEAR,DAYLIGHT,REAR END,NOT DIVIDED,,STRAIGHT AND LEVEL,DRY,UNKNOWN,NOT ON SCENE (DESK REPORT),NO INJURY / DRIVE AWAY,,,,"$501 - $1,500",08/01/2025 04:40:00 PM,UNABLE TO DETERMINE,UNABLE TO DETERMINE,717,N,CICERO AVE,1111,,,,,,,2,NO INDICATION OF INJURY,0,0,0,0,0,2,0,16,6,8,41.8937442679,-87.745619897,POINT (-87.745619896981 41.893744267932)
e2ba44483cc2fbc04c834f5568c0e8aa4f6643d411f61bea994e5ec329671946c2d2765d6e6fb76f6d67d42930d6e61cf77fc3b1ea4c7cf9e4f03f7f3e91ec92,,08/01/2025 04:15:00 PM,30,NO CONTROLS,NO CONTROLS,UNKNOWN,DAYLIGHT,REAR END,NOT DIVIDED,,STRAIGHT AND LEVEL,UNKNOWN,UNKNOWN,NOT ON SCENE (DESK REPORT),NO INJURY / DRIVE AWAY,,,,"OVER $1,500",08/01/2025 04:30:00 PM,NOT APPLICABLE,NOT APPLICABLE,1151,W,18TH ST,1235,,,,,,,2,NO INDICATION OF INJURY,0,0,0,0,0,2,0,16,6,8,41.857864693,-87.6551742827,POINT (-87.655174282727 41.857864692972)
3ff7d4e1e6a3a3dbd81cf128868db2caedce44e44d408bb64bfb30c497cc13116a2ce93ad044d286d775216f66bf10bb2e467364715df360831c1a925c3c5ff3,,08/01/2025 04:13:00 PM,30,NO CONTROLS,NO CONTROLS,CLEAR,DAYLIGHT,SIDESWIPE SAME DIRECTION,NOT DIVIDED,,STRAIGHT AND LEVEL,DRY,NO DEFECTS,NOT ON SCENE (DESK REPORT),NO INJURY / DRIVE AWAY,,,Y,"$501 - $1,500",08/01/2025 04:23:00 PM,IMPROPER OVERTAKING/PASSING,IMPROPER OVERTAKING/PASSING,4831,N,MILWAUKEE AVE,1623,,,,,,,2,NO INDICATION OF INJURY,0,0,0,0,0,2,0,16,6,8,41.9686771422,-87.7612552544,POINT (-87.76125525437 41.968677142222)
ad0a38af7bf44f05fcbc044fff8b6b85ecf9800ec102059eb37d5d53373fe13757994938a698cbde97271e9b71bc931e970a6c310fe2e25a8a7e73666e81f39a,,08/01/2025 04:10:00 PM,25,NO CONTROLS,NO CONTROLS,CLEAR,DAYLIGHT,SIDESWIPE SAME DIRECTION,ONE-WAY,,STRAIGHT AND LEVEL,DRY,NO DEFECTS,ON SCENE,NO INJURY / DRIVE AWAY,,,,"OVER $1,500",08/01/2025 04:15:00 PM,IMPROPER OVERTAKING/PASSING,NOT APPLICABLE,3,W,TERMINAL ST,1653,,,,,,,2,NO INDICATION OF INJURY,0,0,0,0,0,2,0,16,6,8,,,
b6c167bb02b45892204313fb1811d1245dc0896b6ed166b5b37324efef9ea9521cc2942045754686fd005f5cbdbfa7ebc4916d438cb40b9bd174c5df008ba9d3,,08/01/2025 04:10:00 PM,25,TRAFFIC SIGNAL,FUNCTIONING PROPERLY,CLEAR,DAYLIGHT,SIDESWIPE SAME DIRECTION,NOT DIVIDED,,STRAIGHT AND LEVEL,DRY,UNKNOWN,NOT ON SCENE (DESK REPORT),NO INJURY / DRIVE AWAY,Y,,Y,"OVER $1,500",08/01/2025 06:20:00 PM,UNABLE TO DETERMINE,UNABLE TO DETERMINE,3805,W,ROOSEVELT RD,1011,,,,,,,2,NO INDICATION OF INJURY,0,0,0,0,0,2,0,16,6,8,41.8661271705,-87.7203377379,POINT (-87.720337737863 41.86612717046)
fab7bd3a37e2b6930247d54e40ecd6290fb373a3982177a9bca719373f2a54eb1741538a67812e9cd50a321ac364cdae6ded63e59f2628a9afd0013be05220f9,,08/01/2025 04:05:00 PM,40,NO CONTROLS,NO CONTROLS,CLEAR,DAYLIGHT,SIDESWIPE SAME DIRECTION,DIVIDED - W/MEDIAN BARRIER,,STRAIGHT ON HILLCREST,DRY,UNKNOWN,ON SCENE,INJURY AND / OR TOW DUE TO CRASH,,,Y,"OVER $1,500",08/01/2025 05:06:00 PM,UNABLE TO DETERMINE,NOT APPLICABLE,2200,N,LAKE SHORE DR SB,1814,,,,,,,2,NO INDICATION OF INJURY,0,0,0,0,0,3,0,16,6,8,41.9221207966,-87.6302432603,POINT (-87.630243260328 41.922120796559)
9fc149a1825c93523f47d11cdfc77073cf2b496e8ccfd95692da67a5819e520488e6df5fa058ae3062cf177adbc168ce585461476806225548ed950d328184d1,,08/01/2025 04:03:00 PM,30,NO CONTROLS,NO CONTROLS,CLEAR,DAYLIGHT,SIDESWIPE SAME DIRECTION,NOT DIVIDED,,STRAIGHT AND LEVEL,DRY,NO DEFECTS,ON SCENE,NO INJURY / DRIVE AWAY,,,,"OVER $1,500",08/01/2025 04:35:00 PM,IMPROPER TURNING/NO SIGNAL,FAILING TO YIELD RIGHT-OF-WAY,2412,N,CICERO AVE,2521,,,,,,,3,NO INDICATION OF INJURY,0,0,0,0,0,5,0,16,6,8,41.9246461926,-87.7464618256,POINT (-87.746461825635 41.924646192609)
416f549febcc5a222c2c84ad3a0eca89ffbe9bd8b9dd8d1fd9584a11f23e82b034e128449e13048b431ac44226660ce315ed4aa27a4aff06def07d2f6d3d564a,Y,08/01/2025 04:00:00 PM,30,UNKNOWN,UNKNOWN,UNKNOWN,UNKNOWN,REAR END,NOT DIVIDED,,STRAIGHT AND LEVEL,UNKNOWN,UNKNOWN,NOT ON SCENE (DESK REPORT),NO INJURY / DRIVE AWAY,,,,"OVER $1,500",08/03/2025 08:20:00 PM,UNABLE TO DETERMINE,NOT APPLICABLE,100,E,87TH ST,632,,,,,,,2,NO INDICATION OF INJURY,0,0,0,0,0,2,0,16,6,8,41.7365172023,-87.6209141942,POINT (-87.620914194216 41.736517202331)
caa50de1144ee3eeb4929e57241e7e0e51ab381221b4637691fccf58529e818ce24ff6c290d66f97c86907091bf72e31a0eb6c2850c5a1c665f9b2a3983caffc,,08/01/2025 04:00:00 PM,25,STOP SIGN/FLASHER,FUNCTIONING PROPERLY,CLEAR,DAYLIGHT,ANGLE,FOUR WAY,,STRAIGHT AND LEVEL,DRY,UNKNOWN,NOT ON SCENE (DESK REPORT),NO INJURY / DRIVE AWAY,Y,,Y,"OVER $1,500",08/03/2025 03:38:00 PM,FAILING TO YIELD RIGHT-OF-WAY,NOT APPLICABLE,301,S,KARLOV AVE,1132,,,,,,,2,NO INDICATION OF INJURY,0,0,0,0,0,2,0,16,6,8,41.8770133391,-87.7278505454,POINT (-87.727850545423 41.877013339145)
ce848072ab870166fb8ac7acf063299162fda4f0daa27441aeaba13e826d6a2258ef133a8fa32b92770808f24b93e8c851ef0b839562dd85db441a3c1f7bb8e7,,08/01/2025 04:00:00 PM,5,NO CONTROLS,NO CONTROLS,CLEAR,DAYLIGHT,PARKED MOTOR VEHICLE,PARKING LOT,,STRAIGHT AND LEVEL,DRY,NO DEFECTS,ON SCENE,NO INJURY / DRIVE AWAY,,Y,,"OVER $1,500",08/01/2025 04:30:00 PM,UNABLE TO DETERMINE,NOT APPLICABLE,8517,S,COTTAGE GROVE AVE,632,,,,,,,2,NO INDICATION OF INJURY,0,0,0,0,0,1,0,16,6,8,41.739733476,-87.6047632647,POINT (-87.60476326468 41.739733475996)
481f6991f94352b7f705fb0171fcc28f6b95f1850c477bbe4cd4611518b68d6ca8c27dbbe3ce0a3d81beb947e3d01e6ab1ac37522b33955d0bc29adc1305c10f,,08/01/2025 03:59:00 PM,30,NO CONTROLS,NO CONTROLS,CLEAR,DAYLIGHT,SIDESWIPE SAME DIRECTION,DIVIDED - W/MEDIAN (NOT RAISED),,STRAIGHT AND LEVEL,DRY,NO DEFECTS,ON SCENE,INJURY AND / OR TOW DUE TO CRASH,,,,"OVER $1,500",08/01/2025 04:08:00 PM,IMPROPER OVERTAKING/PASSING,IMPROPER OVERTAKING/PASSING,945,S,PULASKI RD,1132,,,,,,,2,"REPORTED, NOT EVIDENT",1,0,0,0,1,2,0,15,6,8,41.8691271919,-87.7251414516,POINT (-87.725141451581 41.869127191873)
3896eb45af08abb98982243a40b78d808c370781f5f97fd4d3e2a4eb81df722f4aea1745d251265c3e362f2e2d6a136e4ee2861996447f4857f366af536e8e0b,,08/01/2025 03:57:00 PM,30,TRAFFIC SIGNAL,FUNCTIONING PROPERLY,CLEAR,DAYLIGHT,PARKED MOTOR VEHICLE,DIVIDED - W/MEDIAN BARRIER,,STRAIGHT AND LEVEL,DRY,NO DEFECTS,ON SCENE,NO INJURY / DRIVE AWAY,,,,"$501 - $1,500",08/01/2025 04:45:00 PM,DRIVING SKILLS/KNOWLEDGE/EXPERIENCE,NOT APPLICABLE,808,S,MICHIGAN AVE,123,,,,,,,2,NO INDICATION OF INJURY,0,0,0,0,0,1,0,15,6,8,41.8717175481,-87.6243127769,POINT (-87.624312776897 41.87171754808)
622caf3274f40af69cfaa5043b7f6c4d39ad63381481d0d281d30ae5f93db2c6ef386e8c4782928d562687d2a4de083343a8df005e49c2f34419191b2b028c2f,,08/01/2025 03:50:00 PM,30,NO CONTROLS,NO CONTROLS,CLEAR,DAYLIGHT,PARKED MOTOR VEHICLE,NOT DIVIDED,,STRAIGHT AND LEVEL,DRY,NO DEFECTS,ON SCENE,NO INJURY / DRIVE AWAY,,,Y,"OVER $1,500",08/01/2025 03:54:00 PM,DRIVING SKILLS/KNOWLEDGE/EXPERIENCE,DRIVING SKILLS/KNOWLEDGE/EXPERIENCE,1108,W,18TH ST,1235,,,,,,,2,NO INDICATION OF INJURY,0,0,0,0,0,1,0,15,6,8,41.858102833,-87.6537545289,POINT (-87.653754528875 41.858102833014)
99eee691abda00164ab34c19a11e43538939f36885524baefb31a23e0ec2615c9c9e34646e897ecb93ced5d970ae81d6d8c0938ba8f6793ff45db583641fb89f,,08/01/2025 03:50:00 PM,20,NO CONTROLS,NO CONTROLS,CLEAR,DAYLIGHT,SIDESWIPE SAME DIRECTION,DIVIDED - W/MEDIAN (NOT RAISED),,STRAIGHT AND LEVEL,DRY,UNKNOWN,NOT ON SCENE (DESK REPORT),NO INJURY / DRIVE AWAY,,,,"OVER $1,500",08/03/2025 02:15:00 PM,FAILING TO YIELD RIGHT-OF-WAY,NOT APPLICABLE,7115,N,SHERIDAN RD,2423,,,,,,,2,NO INDICATION OF INJURY,0,0,0,0,0,3,0,15,6,8,42.0119764512,-87.6628906292,POINT (-87.662890629236 42.011976451191)