CRASH_RECORD_ID,CRASH_DATE_EST_I,CRASH_DATE,POSTED_SPEED_LIMIT,TRAFFIC_CONTROL_DEVICE,DEVICE_CONDITION,WEATHER_CONDITION,LIGHTING_CONDITION,FIRST_CRASH_TYPE,TRAFFICWAY_TYPE,LANE_CNT,ALIGNMENT,ROADWAY_SURFACE_COND,ROAD_DEFECT,REPORT_TYPE,CRASH_TYPE,INTERSECTION_RELATED_I,NOT_RIGHT_OF_WAY_I,HIT_AND_RUN_I,DAMAGE,DATE_POLICE_NOTIFIED,PRIM_CONTRIBUTORY_CAUSE,SEC_CONTRIBUTORY_CAUSE,STREET_NO,STREET_DIRECTION,STREET_NAME,BEAT_OF_OCCURRENCE,PHOTOS_TAKEN_I,STATEMENTS_TAKEN_I,DOORING_I,WORK_ZONE_I,WORK_ZONE_TYPE,WORKERS_PRESENT_I,NUM_UNITS,MOST_SEVERE_INJURY,INJURIES_TOTAL,INJURIES_FATAL,INJURIES_INCAPACITATING,INJURIES_NON_INCAPACITATING,INJURIES_REPORTED_NOT_EVIDENT,INJURIES_NO_INDICATION,INJURIES_UNKNOWN,CRASH_HOUR,CRASH_DAY_OF_WEEK,CRASH_MONTH,LATITUDE,LONGITUDE,LOCATION
c097a075ae60c45a12dd0ffe700258fbd8275566d448771218af4f0f6d9cfe656f52769f0bfe4b1913ef330efa5bf445ca83f8997d817000df35c0e5ffbfcdbc,,08/01/2025 03:50:00 PM,30,NO CONTROLS,NO CONTROLS,CLEAR,DAYLIGHT,REAR END,NOT DIVIDED,,STRAIGHT AND LEVEL,DRY,NO DEFECTS,NOT ON SCENE (DESK REPORT),NO INJURY / DRIVE AWAY,,,Y,"$501 - $1,500",08/07/2025 06:15:00 PM,FOLLOWING TOO CLOSELY,NOT APPLICABLE,2800,W,71ST ST,831,,,,,,,2,NO INDICATION OF INJURY,0,0,0,0,0,3,0,15,6,8,41.7646483414,-87.6930936016,POINT (-87.693093601604 41.764648341381)
26873cfae45e193b270c5d3b4edf1782c41bb70fa401ced2063fec8397b68caf89cb0744849f82aa3d9758d7942f5c33e8b6e934c635a92eabf8b1aa8c96b91a,,08/01/2025 03:48:00 PM,30,STOP SIGN/FLASHER,FUNCTIONING PROPERLY,CLEAR,DAYLIGHT,ANGLE,NOT DIVIDED,,STRAIGHT AND LEVEL,DRY,NO DEFECTS,ON SCENE,INJURY AND / OR TOW DUE TO CRASH,,,,"OVER $1,500",08/01/2025 03:53:00 PM,FAILING TO YIELD RIGHT-OF-WAY,NOT APPLICABLE,4055,W,PETERSON AVE,1711,,,,,,,2,"REPORTED, NOT EVIDENT",1,0,0,0,1,1,0,15,6,8,41.9899990385,-87.7308037302,POINT (-87.73080373019 41.989999038455)
ff9c884de216fca9b13d8fccfadec72b3f53a0c2f0164ba973f10f8f73c8d1963dbf326e8479c5ad72bdd7f4419681f5fc3d3381923b48ea069ed7f747bb7d06,,08/01/2025 03:47:00 PM,25,NO CONTROLS,NO CONTROLS,CLEAR,DAYLIGHT,PARKED MOTOR VEHICLE,NOT DIVIDED,,STRAIGHT AND LEVEL,DRY,NO DEFECTS,NOT ON SCENE (DESK REPORT),NO INJURY / DRIVE AWAY,,,Y,"OVER $1,500",08/05/2025 10:50:00 AM,IMPROPER BACKING,UNABLE TO DETERMINE,956,E,138TH ST,533,,,,,,,2,NO INDICATION OF INJURY,0,0,0,0,0,1,0,15,6,8,41.6447184308,-87.5980328404,POINT (-87.598032840441 41.64471843085)
a4efa8a27cadfb575d6c02305a99785bc82e077aaf8068837a7f1978c7b626b7c18c7278a519315fcf464b403304b24da97d7d4c447ace5520f01c15d1742223,,08/01/2025 03:45:00 PM,30,NO CONTROLS,NO CONTROLS,CLEAR,DAYLIGHT,PEDALCYCLIST,NOT DIVIDED,,STRAIGHT AND LEVEL,DRY,NO DEFECTS,NOT ON SCENE (DESK REPORT),NO INJURY / DRIVE AWAY,,,Y,$500 OR LESS,08/01/2025 04:35:00 PM,IMPROPER LANE USAGE,UNABLE TO DETERMINE,6738,W,ARCHER AVE,811,,,,,,,2,NO INDICATION OF INJURY,0,0,0,0,0,2,0,15,6,8,41.7922841428,-87.7906721081,POINT (-87.790672108077 41.792284142832)
c865b1e8245f2a75c014bfc4767c748d8ac1aee454fb1c6b59ef280296e81c4c755b980e2b2ec34010dc885fa6e1aeec159df913a89827dc9b73163460ab887f,,08/01/2025 03:45:00 PM,30,NO CONTROLS,NO CONTROLS,CLEAR,DAYLIGHT,PARKED MOTOR VEHICLE,NOT DIVIDED,,STRAIGHT AND LEVEL,DRY,NO DEFECTS,ON SCENE,NO INJURY / DRIVE AWAY,,,,"OVER $1,500",08/01/2025 03:45:00 PM,UNABLE TO DETERMINE,UNABLE TO DETERMINE,12123,S,MICHIGAN AVE,532,,,,,,,2,NO INDICATION OF INJURY,0,0,0,0,0,5,0,15,6,8,41.6736042966,-87.6202331476,POINT (-87.620233147602 41.673604296629)
dfb3c51200197329c5b37ae4c728273397b3da8d83a7ba09531eb1ab81507f50b35e959a2765f0ea8f115dc3df157e42c0c57cd428bce090c9faf2c9ba3628bf,Y,08/01/2025 03:45:00 PM,25,NO CONTROLS,NO CONTROLS,CLEAR,DAYLIGHT,SIDESWIPE SAME DIRECTION,NOT DIVIDED,,STRAIGHT AND LEVEL,DRY,UNKNOWN,NOT ON SCENE (DESK REPORT),INJURY AND / OR TOW DUE TO CRASH,,,,"OVER $1,500",08/01/2025 07:20:00 PM,UNABLE TO DETERMINE,UNABLE TO DETERMINE,7160,W,GRAND AVE,2512,,,,,,,2,"REPORTED, NOT EVIDENT",1,0,0,0,1,2,0,15,6,8,41.9239094809,-87.8048980572,POINT (-87.804898057185 41.923909480935)
9fa9a28574fe1dc13c4a8237ce9f6f8eb067549b4163d8bb4a571cfe13a8125c209ec14296bf487feb55a78a28c4f32bb9db955da4b3427d779011fa36e12291,,08/01/2025 03:43:00 PM,30,NO CONTROLS,NO CONTROLS,CLEAR,DAYLIGHT,PARKED MOTOR VEHICLE,NOT DIVIDED,,STRAIGHT AND LEVEL,DRY,UNKNOWN,ON SCENE,NO INJURY / DRIVE AWAY,,,,"OVER $1,500",08/01/2025 03:45:00 PM,IMPROPER TURNING/NO SIGNAL,IMPROPER TURNING/NO SIGNAL,3410,N,LAKE SHORE DR NB,1925,,,,,,,2,NO INDICATION OF INJURY,0,0,0,0,0,1,0,15,6,8,41.9437444996,-87.6406458908,POINT (-87.640645890802 41.943744499617)
1d16e27a86ff26e6327046d047b72f06b2e7308951c241f4146c6efb6313e62a6c82e228dad2550f9dfcd27c87e8479da0cd5be33e8b588dda181aac5888591f,,08/01/2025 03:40:00 PM,30,TRAFFIC SIGNAL,FUNCTIONING PROPERLY,CLEAR,DAYLIGHT,REAR END,NOT DIVIDED,,STRAIGHT AND LEVEL,DRY,UNKNOWN,ON SCENE,NO INJURY / DRIVE AWAY,,,Y,"$501 - $1,500",08/01/2025 03:50:00 PM,UNABLE TO DETERMINE,UNABLE TO DETERMINE,3112,W,111TH ST,2211,,,,,,,3,NO INDICATION OF INJURY,0,0,0,0,0,3,0,15,6,8,41.6916993133,-87.698962356,POINT (-87.698962356001 41.691699313339)
6390f8ddb63ab99731bf185d2c243f0e4efe877de4006c9affa51980c87b4e537aba2de75f139dbaec1939b1eb6fc8b2450e58d5cb1153c02df24ba5a5e9d9a2,,08/01/2025 03:40:00 PM,30,TRAFFIC SIGNAL,FUNCTIONING PROPERLY,CLEAR,DAYLIGHT,TURNING,FOUR WAY,,STRAIGHT AND LEVEL,DRY,NO DEFECTS,NOT ON SCENE (DESK REPORT),NO INJURY / DRIVE AWAY,,,,"OVER $1,500",08/01/2025 04:14:00 PM,UNABLE TO DETERMINE,NOT APPLICABLE,4000,N,KEDZIE AVE,1724,,,,,,,2,NO INDICATION OF INJURY,0,0,0,0,0,2,0,15,6,8,41.9540078498,-87.7081649002,POINT (-87.708164900179 41.95400784984)
f6c5dbabb7639697b51b7540b5d74f970d874e2502691a387cac4a2b81ae0dda6ddd2ca9b835b6b4e05f2353a79edbfcdba5f2b6ad70ce3e0175cd6cf051458e,,08/01/2025 03:36:00 PM,30,TRAFFIC SIGNAL,FUNCTIONING PROPERLY,CLEAR,DAYLIGHT,REAR END,FOUR WAY,,STRAIGHT AND LEVEL,DRY,NO DEFECTS,NOT ON SCENE (DESK REPORT),NO INJURY / DRIVE AWAY,Y,,Y,"$501 - $1,500",08/01/2025 05:15:00 PM,FAILING TO REDUCE SPEED TO AVOID CRASH,NOT APPLICABLE,9447,S,PEORIA ST,2223,,,,,,,2,NO INDICATION OF INJURY,0,0,0,0,0,2,0,15,6,8,41.7215691656,-87.6455000852,POINT (-87.645500085229 41.72156916561)
3f81e09303380d3d465210a9918da12214cd89f6141a846ab2c83424fe78e61eee1905c3aa61c36027d60706a59ba732752148e3f11c8e4da3bc163932b6d07c,,08/01/2025 03:35:00 PM,30,TRAFFIC SIGNAL,FUNCTIONING PROPERLY,CLEAR,DAYLIGHT,PARKED MOTOR VEHICLE,DIVIDED - W/MEDIAN (NOT RAISED),,STRAIGHT AND LEVEL,DRY,NO DEFECTS,NOT ON SCENE (DESK REPORT),NO INJURY / DRIVE AWAY,,,Y,"OVER $1,500",08/01/2025 03:35:00 PM,IMPROPER LANE USAGE,UNABLE TO DETERMINE,4005,W,MONTROSE AVE,1722,,,,,,,2,NO INDICATION OF INJURY,0,0,0,0,0,1,0,15,6,8,41.9608341384,-87.7280536118,POINT (-87.728053611843 41.96083413842)
6413832ee2acf70fa4a30878351958de12d4cae9ff0aa3a640a8afe7f25d36d5253d4e736191bb49bc10cc8910f6f5a02f63429bc33667466ead39cb6bc83d59,,08/01/2025 03:35:00 PM,30,STOP SIGN/FLASHER,FUNCTIONING PROPERLY,CLEAR,DAYLIGHT,REAR END,FOUR WAY,,STRAIGHT AND LEVEL,DRY,NO DEFECTS,NOT ON SCENE (DESK REPORT),NO INJURY / DRIVE AWAY,Y,,,"OVER $1,500",08/01/2025 04:30:00 PM,UNABLE TO DETERMINE,NOT APPLICABLE,7400,N,WESTERN AVE,2411,,,,,,,2,NO INDICATION OF INJURY,0,0,0,0,0,2,0,15,6,8,42.0158594918,-87.6900674812,POINT (-87.690067481222 42.015859491773)
fc437cdce76d6b5f33267b2ca736e89975b5a6175b4fd47adcbc23b2f6c471f3b7f8ec315211bd8d8a5f6313ba62c92ca22de79026f037c547775e3952c59c0e,,08/01/2025 03:35:00 PM,30,TRAFFIC SIGNAL,FUNCTIONING PROPERLY,CLEAR,DAYLIGHT,ANGLE,NOT DIVIDED,,STRAIGHT AND LEVEL,DRY,NO DEFECTS,,NO INJURY / DRIVE AWAY,,,,"OVER $1,500",08/01/2025 05:15:00 PM,FAILING TO YIELD RIGHT-OF-WAY,UNABLE TO DETERMINE,4759,W,MAYPOLE AVE,1113,,,,,,,2,NO INDICATION OF INJURY,0,0,0,0,0,2,0,15,6,8,41.8843437938,-87.7452980127,POINT (-87.74529801275 41.884343793769)
322d6d176115786a2c7d41956164a76cc7f687d05dbb33040340b6fcc8b0dd480dd0ce6bd49cfa32268f294285e51c3a0779050d6d9b56c31718d08d16378d2b,,08/01/2025 03:30:00 PM,30,NO CONTROLS,NO CONTROLS,CLEAR,DAYLIGHT,PARKED MOTOR VEHICLE,ONE-WAY,,STRAIGHT AND LEVEL,DRY,UNKNOWN,NOT ON SCENE (DESK REPORT),NO INJURY / DRIVE AWAY,,,,"OVER $1,500",08/01/2025 06:50:00 PM,UNABLE TO DETERMINE,UNABLE TO DETERMINE,4414,N,CAMPBELL AVE,1911,,,,,,,2,NO INDICATION OF INJURY,0,0,0,0,0,1,0,15,6,8,41.9617817146,-87.6912917227,POINT (-87.691291722694 41.961781714617)
451b8779744f55fb4605e10d12a98d22a0d179a1d6877094565cbbdb9dcb063d52bb1a7e98aea8831a765492f7d598001f0c58bfd93a79d5124acfea0c0e4ac3,,08/01/2025 03:30:00 PM,30,NO CONTROLS,NO CONTROLS,CLEAR,DAYLIGHT,PEDALCYCLIST,ONE-WAY,,STRAIGHT AND LEVEL,DRY,NO DEFECTS,ON SCENE,INJURY AND / OR TOW DUE TO CRASH,,,,"OVER $1,500",08/01/2025 03:41:00 PM,"VISION OBSCURED (SIGNS, TREE LIMBS, BUILDINGS, ETC.)",NOT APPLICABLE,5745,N,KENMORE AVE,2022,,Y,Y,,,,2,NONINCAPACITATING INJURY,2,0,0,2,0,1,0,15,6,8,41.986846226,-87.6565661953,POINT (-87.65656619526 41.986846225955)
852c9ce57e4ccc3803ca51330d08826c3992139975ce7b03f36f2a58f27e0fe33d27627be43167e03e57bdf97809f425861e4c0cc9faf0b3c3b2495f2d4f4490,,08/01/2025 03:30:00 PM,30,NO CONTROLS,NO CONTROLS,CLEAR,DAYLIGHT,TURNING,NOT DIVIDED,,STRAIGHT AND LEVEL,DRY,NO DEFECTS,NOT ON SCENE (DESK REPORT),NO INJURY / DRIVE AWAY,Y,,,"OVER $1,500",08/01/2025 04:00:00 PM,FAILING TO YIELD RIGHT-OF-WAY,UNABLE TO DETERMINE,11000,S,DOTY AVE E,513,,,,,,,2,NO INDICATION OF INJURY,0,0,0,0,0,2,0,15,6,8,41.6947780964,-87.5964772223,POINT (-87.596477222335 41.694778096412)
ddedbc3646ef52cfe4a84bab27cca916f924f1d044e5bf35e782dd1c052d3c7e11eac026cde2813c5cb49fe6bf59b751763049d35d8d478de7a7fb3d5b7fe17b,,08/01/2025 03:30:00 PM,30,NO CONTROLS,NO CONTROLS,CLEAR,DAYLIGHT,TURNING,NOT DIVIDED,,STRAIGHT AND LEVEL,DRY,NO DEFECTS,NOT ON SCENE (DESK REPORT),NO INJURY / DRIVE AWAY,,,,"OVER $1,500",08/01/2025 04:29:00 PM,FOLLOWING TOO CLOSELY,UNABLE TO DETERMINE,725,S,SEELEY AVE,1225,,,,,,,2,NO INDICATION OF INJURY,0,0,0,0,0,2,0,15,6,8,41.8723707388,-87.677445711,POINT (-87.677445710981 41.872370738778)
e3d0a7c758622496088d25c4b3164e7ddc88abfeb2d6651b450e084951d316bb891c8eea53375141c9b1f666137f09c0abe15ae7c2bd9fdb05f032f66f4acb0e,,08/01/2025 03:30:00 PM,30,NO CONTROLS,NO CONTROLS,CLEAR,DAYLIGHT,PARKED MOTOR VEHICLE,PARKING LOT,,STRAIGHT AND LEVEL,DRY,NO DEFECTS,ON SCENE,NO INJURY / DRIVE AWAY,,,,"$501 - $1,500",08/01/2025 03:41:00 PM,DRIVING SKILLS/KNOWLEDGE/EXPERIENCE,UNABLE TO DETERMINE,4734,N,CUMBERLAND AVE,1614,,,,,,,2,NO INDICATION OF INJURY,0,0,0,0,0,1,0,15,6,8,41.9660114013,-87.8368311691,POINT (-87.836831169138 41.966011401336)
3f4c9a07e1ae5aad93fd6732f125b4f9d784f40b0a5ed42906ba594d67549b28bbd4cbec3fb803e2935c53c4a12cef5072fa891e0b45806106b45973b8dfaa2a,,08/01/2025 03:25:00 PM,30,NO CONTROLS,NO CONTROLS,CLEAR,DAYLIGHT,SIDESWIPE SAME DIRECTION,NOT DIVIDED,,STRAIGHT AND LEVEL,DRY,UNKNOWN,NOT ON SCENE (DESK REPORT),NO INJURY / DRIVE AWAY,,,Y,"OVER $1,500",08/01/2025 04:20:00 PM,IMPROPER OVERTAKING/PASSING,NOT APPLICABLE,2300,E,79TH ST,414,,,,,,,2,NO INDICATION OF INJURY,0,0,0,0,0,2,0,15,6,8,41.7518115162,-87.5686118674,POINT (-87.568611867381 41.751811516153)
b8a70b910a54a3fe693a86b3b60cedc8778ef1122001077b355d496e219fb262d512a8e6070e349d1fd98e2b0fb1166bc99605142b39297c68b47702196c4ace,,08/01/2025 03:19:00 PM,30,TRAFFIC SIGNAL,FUNCTIONING PROPERLY,CLEAR,DAYLIGHT,TURNING,DIVIDED - W/MEDIAN (NOT RAISED),,STRAIGHT AND LEVEL,DRY,NO DEFECTS,ON SCENE,NO INJURY / DRIVE AWAY,Y,,,"OVER $1,500",08/01/2025 03:45:00 PM,IMPROPER OVERTAKING/PASSING,IMPROPER OVERTAKING/PASSING,620,N,STATE ST,1832,,,,,,,2,NO INDICATION OF INJURY,0,0,0,0,0,3,0,15,6,8,41.8930625245,-87.6282652876,POINT (-87.628265287614 41.893062524459)
57f4fb5602ee5da9d8d105bae458074f0b69265d2debd322562009fdbd20b321aeecad2c68355db947635686586f0159679129af2e1de78cdb5b3957a810b388,,08/01/2025 03:12:00 PM,30,NO CONTROLS,NO CONTROLS,CLEAR,DAYLIGHT,REAR END,FOUR WAY,,STRAIGHT AND LEVEL,DRY,UNKNOWN,ON SCENE,NO INJURY / DRIVE AWAY,,,,"OVER $1,500",08/01/2025 03:20:00 PM,NOT APPLICABLE,NOT APPLICABLE,5501,S,KOLMAR AVE,813,,,,,,,2,NO INDICATION OF INJURY,0,0,0,0,0,2,0,15,6,8,41.7929967012,-87.7364901127,POINT (-87.736490112725 41.792996701174)
b16d6f9e2a2ed6e50932686be67f7c7ce458321ae2c4d93bb87d310d30ed4c7fb7e6194fd3b31d9ca2318afe5abdc23ac9bf22447380173213bba680ac7697ea,,08/01/2025 03:11:00 PM,20,STOP SIGN/FLASHER,NO CONTROLS,CLEAR,DAYLIGHT,ANGLE,FOUR WAY,,STRAIGHT AND LEVEL,DRY,NO DEFECTS,ON SCENE,NO INJURY / DRIVE AWAY,,,,"OVER $1,500",08/01/2025 03:11:00 PM,FAILING TO YIELD RIGHT-OF-WAY,NOT APPLICABLE,3098,N,RUTHERFORD AVE,2511,,,,,,,2,NO INDICATION OF INJURY,0,0,0,0,0,3,0,15,6,8,41.9362713327,-87.7945620906,POINT (-87.794562090602 41.936271332737)
c003e049081c51525b08834f30ebff7a25282b62db68fccc57de16d008dbd939ed4ad8b8491312b3ec3d8dd5b67dbce0e7fe7efd83e4b0dfca061107dfe9fc29,,08/01/2025 03:11:00 PM,30,UNKNOWN,UNKNOWN,UNKNOWN,DAYLIGHT,SIDESWIPE SAME DIRECTION,DIVIDED - W/MEDIAN (NOT RAISED),,STRAIGHT AND LEVEL,UNKNOWN,UNKNOWN,NOT ON SCENE (DESK REPORT),NO INJURY / DRIVE AWAY,,,Y,"$501 - $1,500",08/01/2025 06:10:00 PM,UNABLE TO DETERMINE,NOT APPLICABLE,3017,W,IRVING PARK RD,1733,,,,,,,2,NO INDICATION OF INJURY,0,0,0,0,0,3,0,15,6,8,41.9538353199,-87.7039230909,POINT (-87.703923090935 41.953835319945)
d57e79b90dc77eb34a96b15fa73cc252331d4c83255ff1fedd659c899afe89c688a51744ceed28a688a1fe3fe5357bffca03cb1206eea0df97510732a666f430,,08/01/2025 03:05:00 PM,35,STOP SIGN/FLASHER,FUNCTIONING PROPERLY,CLEAR,DAYLIGHT,ANGLE,ONE-WAY,,STRAIGHT AND LEVEL,DRY,NO DEFECTS,ON SCENE,NO INJURY / DRIVE AWAY,Y,,,"OVER $1,500",08/01/2025 03:05:00 PM,FAILING TO YIELD RIGHT-OF-WAY,FAILING TO YIELD RIGHT-OF-WAY,4156,S,MICHIGAN AVE,213,,Y,,,,,2,NO INDICATION OF INJURY,0,0,0,0,0,4,0,15,6,8,41.8184880116,-87.6232271837,POINT (-87.623227183682 41.818488011592)
78852942cd3d3803db6bd7a7bc21476338214a38eff3fdbd13d5e8b15e08eb8c66e5c22e1853d7bcb4ea83309abfce83529d562d7364e08aff2d2d5a917d4b7e,,08/01/2025 03:02:00 PM,25,NO CONTROLS,NO CONTROLS,CLEAR,DAYLIGHT,REAR TO REAR,PARKING LOT,,STRAIGHT AND LEVEL,DRY,NO DEFECTS,NOT ON SCENE (DESK REPORT),NO INJURY / DRIVE AWAY,,Y,,"OVER $1,500",08/01/2025 08:14:00 PM,UNABLE TO DETERMINE,UNABLE TO DETERMINE,3341,W,26TH ST,1032,,,,,,,2,NO INDICATION OF INJURY,0,0,0,0,0,2,0,15,6,8,41.8443514424,-87.7090854994,POINT (-87.709085499401 41.844351442355)
8407e4429140c200e9ab21b8d965d0dcca71ad6b12377909459c5d6caded9c0e4c550741afa33582f86ffecb9babf7ddb28f664a6dc84517361e781422004f10,,08/01/2025 03:00:00 PM,30,NO CONTROLS,NO CONTROLS,CLEAR,DAYLIGHT,PARKED MOTOR VEHICLE,ALLEY,,STRAIGHT AND LEVEL,DRY,NO DEFECTS,NOT ON SCENE (DESK REPORT),NO INJURY / DRIVE AWAY,,,,"OVER $1,500",08/01/2025 07:30:00 PM,FAILING TO REDUCE SPEED TO AVOID CRASH,FAILING TO REDUCE SPEED TO AVOID CRASH,4527,S,DREXEL BLVD,222,,,,,,,2,NO INDICATION OF INJURY,0,0,0,0,0,1,0,15,6,8,41.8123826365,-87.6038094355,POINT (-87.60380943552 41.812382636547)
d9553a0f52b660e5e832a979c4976ba6f02c70cd4a334110a8097336b856291f94f7cc90c0afa8c5db31acceab0cb1b35e52ef07944c14e927319b61d4b9b7b1,,08/01/2025 03:00:00 PM,30,TRAFFIC SIGNAL,FUNCTIONING PROPERLY,CLEAR,DAYLIGHT,TURNING,FOUR WAY,,STRAIGHT AND LEVEL,DRY,NO DEFECTS,NOT ON SCENE (DESK REPORT),NO INJURY / DRIVE AWAY,Y,,,"OVER $1,500",08/01/2025 08:07:00 PM,UNABLE TO DETERMINE,NOT APPLICABLE,5066,N,ELSTON AVE,1623,,,,,,,2,NO INDICATION OF INJURY,0,0,0,0,0,2,0,15,6,8,41.9729474079,-87.7482504811,POINT (-87.748250481128 41.972947407941)
9b647f834260d16a25b22a5d4db72cd42e9f74f996aa4289e7506a1777cc17a425cda56f361f20677ff2a7688d773ae49b32a24818e9739f063a55f26963575f,,08/01/2025 02:55:00 PM,25,NO CONTROLS,NO CONTROLS,CLEAR,DAYLIGHT,PEDALCYCLIST,NOT DIVIDED,,STRAIGHT AND LEVEL,DRY,NO DEFECTS,ON SCENE,INJURY AND / OR TOW DUE TO CRASH,,,,$500 OR LESS,08/01/2025 02:57:00 PM,UNABLE TO DETERMINE,UNABLE TO DETERMINE,2340,W,MONTROSE AVE,1911,,,Y,,,,2,NONINCAPACITATING INJURY,1,0,0,1,0,1,0,14,6,8,41.9614340102,-87.6878690426,POINT (-87.68786904263 41.961434010158)
c31cbb352efe95762c3d5d9934e1e03e06ece1a1c4fd024f66cf587c73ba5f71d7e187a5e0a3fb1a7c7094e74c507f81c825220f53f5214a2e76e4903c8f4a8a,,08/01/2025 02:48:00 PM,30,NO CONTROLS,NO CONTROLS,CLEAR,DAYLIGHT,PEDESTRIAN,NOT DIVIDED,,STRAIGHT AND LEVEL,DRY,UNKNOWN,ON SCENE,INJURY AND / OR TOW DUE TO CRASH,,,Y,"OVER $1,500",08/01/2025 02:55:00 PM,"OPERATING VEHICLE IN ERRATIC, RECKLESS, CARELESS, NEGLIGENT OR AGGRESSIVE MANNER","OPERATING VEHICLE IN ERRATIC, RECKLESS, CARELESS, NEGLIGENT OR AGGRESSIVE MANNER",2733,W,DEVON AVE,2413,,,,,,,2,INCAPACITATING INJURY,1,0,1,0,0,3,0,14,6,8,41.9974695448,-87.6984868202,POINT (-87.69848682019 41.997469544828)
ef0ddf1d1e964f706d7818ab556269636d89315fa9a9e3e4dffd3d8ae027a5cbaae5f4bd5052c4d4bc0b40217760b69585c8ffc38beded3a16422eaf9cef457e,,08/01/2025 02:47:00 PM,30,NO CONTROLS,NO CONTROLS,CLEAR,DAYLIGHT,SIDESWIPE SAME DIRECTION,DIVIDED - W/MEDIAN (NOT RAISED),,STRAIGHT AND LEVEL,DRY,NO DEFECTS,ON SCENE,NO INJURY / DRIVE AWAY,Y,,Y,"OVER $1,500",08/01/2025 03:33:00 PM,NOT APPLICABLE,NOT APPLICABLE,5701,W,BELMONT AVE,2514,,,,,,,2,NO INDICATION OF INJURY,0,0,0,0,0,2,0,14,6,8,41.9384331324,-87.7689872962,POINT (-87.768987296177 41.938433132438)
25c763f842d0701089c4fb615c115f60de50e372f85335e258d65ddc32e7fa4a3b5eaad89a546bafcd7903a7fc9cf9e34c830e7a6d10e1cabb5fff0d8129da77,,08/01/2025 02:45:00 PM,30,NO CONTROLS,NO CONTROLS,CLEAR,DAYLIGHT,ANGLE,DIVIDED - W/MEDIAN (NOT RAISED),,STRAIGHT AND LEVEL,DRY,NO DEFECTS,NOT ON SCENE (DESK REPORT),NO INJURY / DRIVE AWAY,,,,"OVER $1,500",08/01/2025 03:50:00 PM,UNABLE TO DETERMINE,UNABLE TO DETERMINE,10311,S,WESTERN AVE,2212,,,,,,,2,NO INDICATION OF INJURY,0,0,0,0,0,2,0,14,6,8,41.706004961,-87.6814610207,POINT (-87.681461020749 41.706004960954)
4776859703defabad5af5792b57ea20dedb9b7772c647e8782dc48208d40567a321ca1d85455b229ab60db175c70185236dd5e04f95ca36d24fadab1318ec216,,08/01/2025 02:45:00 PM,30,NO CONTROLS,UNKNOWN,CLEAR,DAYLIGHT,PARKED MOTOR VEHICLE,NOT DIVIDED,,STRAIGHT AND LEVEL,DRY,NO DEFECTS,NOT ON SCENE (DESK REPORT),NO INJURY / DRIVE AWAY,,,,"OVER $1,500",08/08/2025 04:33:00 PM,FAILING TO YIELD RIGHT-OF-WAY,TURNING RIGHT ON RED,115,N,MICHIGAN AVE,114,,,,Y,UNKNOWN,N,2,NO INDICATION OF INJURY,0,0,0,0,0,1,0,14,6,8,41.8836222469,-87.6242706335,POINT (-87.624270633457 41.883622246945)
720c7c27a2dbb17e5045f1b5d60cbe58788b5f0ed88844a22a11fc7ae516a349effa8a5625e526d71e65d47cb74a2fbe87d18997a80d273d911d8a4fc20f0ba4,,08/01/2025 02:42:00 PM,30,TRAFFIC SIGNAL,UNKNOWN,CLEAR,DAYLIGHT,TURNING,FOUR WAY,,STRAIGHT AND LEVEL,DRY,UNKNOWN,ON SCENE,NO INJURY / DRIVE AWAY,Y,,,"OVER $1,500",08/01/2025 03:12:00 PM,UNABLE TO DETERMINE,NOT APPLICABLE,4759,W,WILSON AVE,1722,,,,,,,2,NO INDICATION OF INJURY,0,0,0,0,0,2,0,14,6,8,41.9642572936,-87.7475999447,POINT (-87.747599944687 41.964257293642)
f8345766928cdd15fe9149cd0c0e88eff149bf4e3f4d69e2c20b0c31ec131428c147caf3cd31a10c3547633a111dd75171ae2ad78f3de471c9c25196f37c3b12,,08/01/2025 02:40:00 PM,30,NO CONTROLS,NO CONTROLS,CLEAR,DAYLIGHT,ANGLE,DIVIDED - W/MEDIAN (NOT RAISED),,STRAIGHT AND LEVEL,DRY,NO DEFECTS,NOT ON SCENE (DESK REPORT),NO INJURY / DRIVE AWAY,,,,"OVER $1,500",08/01/2025 02:52:00 PM,FAILING TO YIELD RIGHT-OF-WAY,NOT APPLICABLE,5500,S,FAIRFIELD AVE,824,,,,,,,2,NO INDICATION OF INJURY,0,0,0,0,0,2,0,14,6,8,41.7936214824,-87.6927259139,POINT (-87.692725913927 41.793621482393)
c3aa27caf42352b89a7c792a7f24eb85f14789a0cbb264a344dc4db95eefd5a92ec6e4b2ac3857aca3fdd87a79d9c17247d8e44550e4d6b0b0b887df39c3e1a6,,08/01/2025 02:39:00 PM,30,NO CONTROLS,NO CONTROLS,CLEAR,DAYLIGHT,ANGLE,PARKING LOT,,STRAIGHT AND LEVEL,DRY,NO DEFECTS,ON SCENE,NO INJURY / DRIVE AWAY,,,,"$501 - $1,500",08/01/2025 04:13:00 PM,IMPROPER BACKING,NOT APPLICABLE,8811,S,COMMERCIAL AVE,424,,,,,,,2,NO INDICATION OF INJURY,0,0,0,0,0,3,0,14,6,8,41.7351848155,-87.5512351172,POINT (-87.551235117157 41.735184815521)
74e1aeb0f12b6fc0887cd5a4a44a3136f8c57e4cb654e036d58ed8043c666055f2dbe298aa2a67d79bf885d1d270aee1e9250b9d16f619a3c7d5991f7b331653,,08/01/2025 02:38:00 PM,30,TRAFFIC SIGNAL,FUNCTIONING PROPERLY,CLEAR,DAYLIGHT,ANGLE,FOUR WAY,,STRAIGHT AND LEVEL,DRY,UNKNOWN,NOT ON SCENE (DESK REPORT),NO INJURY / DRIVE AWAY,Y,,Y,"OVER $1,500",08/01/2025 04:00:00 PM,UNABLE TO DETERMINE,UNABLE TO DETERMINE,10313,S,WESTERN AVE,2212,,,,,,,2,NO INDICATION OF INJURY,0,0,0,0,0,2,0,14,6,8,41.7059484107,-87.6814593254,POINT (-87.681459325417 41.705948410716)