CRASH_RECORD_ID,CRASH_DATE_EST_I,CRASH_DATE,POSTED_SPEED_LIMIT,TRAFFIC_CONTROL_DEVICE,DEVICE_CONDITION,WEATHER_CONDITION,LIGHTING_CONDITION,FIRST_CRASH_TYPE,TRAFFICWAY_TYPE,LANE_CNT,ALIGNMENT,ROADWAY_SURFACE_COND,ROAD_DEFECT,REPORT_TYPE,CRASH_TYPE,INTERSECTION_RELATED_I,NOT_RIGHT_OF_WAY_I,HIT_AND_RUN_I,DAMAGE,DATE_POLICE_NOTIFIED,PRIM_CONTRIBUTORY_CAUSE,SEC_CONTRIBUTORY_CAUSE,STREET_NO,STREET_DIRECTION,STREET_NAME,BEAT_OF_OCCURRENCE,PHOTOS_TAKEN_I,STATEMENTS_TAKEN_I,DOORING_I,WORK_ZONE_I,WORK_ZONE_TYPE,WORKERS_PRESENT_I,NUM_UNITS,MOST_SEVERE_INJURY,INJURIES_TOTAL,INJURIES_FATAL,INJURIES_INCAPACITATING,INJURIES_NON_INCAPACITATING,INJURIES_REPORTED_NOT_EVIDENT,INJURIES_NO_INDICATION,INJURIES_UNKNOWN,CRASH_HOUR,CRASH_DAY_OF_WEEK,CRASH_MONTH,LATITUDE,LONGITUDE,LOCATION
86064675a7aac69fc7408b6b6b519ead2a2da49394e68d1b375864e4d2847817220851998863378bdaa130dac7c47609cbf9a5b174c94df49b155de660d5b32e,,08/01/2025 12:30:00 PM,25,NO CONTROLS,NO CONTROLS,CLEAR,DAYLIGHT,PARKED MOTOR VEHICLE,NOT DIVIDED,,STRAIGHT AND LEVEL,DRY,NO DEFECTS,NOT ON SCENE (DESK REPORT),NO INJURY / DRIVE AWAY,,,,$500 OR LESS,08/01/2025 12:45:00 PM,"VISION OBSCURED (SIGNS, TREE LIMBS, BUILDINGS, ETC.)",UNABLE TO DETERMINE,1504,W,BRYN MAWR AVE,2013,,,,,,,2,NO INDICATION OF INJURY,0,0,0,0,0,1,0,12,6,8,41.9836172413,-87.6677221507,POINT (-87.667722150693 41.983617241328)
b8ac577cbc3cda1902147b3b874afb2c30f18a49006caf389dc6dffb9f43373a6397c935e0064e30f5275e4d601f82d583aeeb6b23050e43b75a3547f46036d3,,08/01/2025 12:20:00 PM,40,NO CONTROLS,NO CONTROLS,CLEAR,DAYLIGHT,SIDESWIPE SAME DIRECTION,DIVIDED - W/MEDIAN BARRIER,,STRAIGHT AND LEVEL,DRY,NO DEFECTS,NOT ON SCENE (DESK REPORT),NO INJURY / DRIVE AWAY,,,Y,"OVER $1,500",08/02/2025 12:00:00 PM,IMPROPER OVERTAKING/PASSING,NOT APPLICABLE,2330,N,LAKE SHORE DR SB,1814,,,,,,,2,NO INDICATION OF INJURY,0,0,0,0,0,3,0,12,6,8,41.9249590503,-87.6311311939,POINT (-87.631131193867 41.924959050324)
376797c1c7bb80c76c8dad75a07da8eb1c20867652de2ee82e2a0c6ba623fe922e76af1c15cf2969f8a46ddb297a0c5719cf419057545121d3961b21f677272e,,08/01/2025 12:15:00 PM,30,STOP SIGN/FLASHER,FUNCTIONING PROPERLY,CLEAR,DAYLIGHT,PARKED MOTOR VEHICLE,ONE-WAY,,STRAIGHT AND LEVEL,DRY,NO DEFECTS,NOT ON SCENE (DESK REPORT),NO INJURY / DRIVE AWAY,,,Y,"$501 - $1,500",08/01/2025 01:52:00 PM,IMPROPER BACKING,IMPROPER BACKING,1813,W,EVERGREEN AVE,1424,,,,,,,2,NO INDICATION OF INJURY,0,0,0,0,0,1,0,12,6,8,41.9075765762,-87.6739271404,POINT (-87.67392714038 41.90757657621)
4df4a45c53b89495a30f343b6d691edef3d5e6a590990270611c2c0a94952e729be4cbc82e96fcc286fce678f6048c05a105a0b01107c1b1baaceafb4e5fdc1f,Y,08/01/2025 12:06:00 PM,30,TRAFFIC SIGNAL,FUNCTIONING PROPERLY,UNKNOWN,DARKNESS,REAR END,CENTER TURN LANE,,STRAIGHT AND LEVEL,UNKNOWN,UNKNOWN,NOT ON SCENE (DESK REPORT),NO INJURY / DRIVE AWAY,,,,"OVER $1,500",08/01/2025 05:50:00 PM,FOLLOWING TOO CLOSELY,NOT APPLICABLE,3400,N,WESTERN AVE,1921,,,,,,,2,NO INDICATION OF INJURY,0,0,0,0,0,2,0,12,6,8,41.9431873732,-87.6883020207,POINT (-87.688302020702 41.943187373182)
022e0d5b4dd2ef45721721a18c2e3bc9d3b3987576581a68ca0f6dd27e63069bcfc2dc4038402b94ecafb9f5773c7e37925404a4c5baf958dffed2bcd2ec22fa,,08/01/2025 12:00:00 PM,10,NO CONTROLS,NO CONTROLS,CLEAR,DAYLIGHT,PARKED MOTOR VEHICLE,PARKING LOT,,STRAIGHT AND LEVEL,UNKNOWN,UNKNOWN,NOT ON SCENE (DESK REPORT),NO INJURY / DRIVE AWAY,,,Y,"OVER $1,500",08/01/2025 04:00:00 PM,UNABLE TO DETERMINE,UNABLE TO DETERMINE,342,S,CALIFORNIA AVE,1124,,,,,,,2,NO INDICATION OF INJURY,0,0,0,0,0,2,0,12,6,8,41.8760804365,-87.696302293,POINT (-87.696302293036 41.876080436538)
049c575554834b66b64602fff907b542e89e8463ac79f9f042342ba0482d52860031210f5842c383a4ca4606ab32649fc09c2ddd6a011eeb9df3225d66e1124e,,08/01/2025 12:00:00 PM,30,TRAFFIC SIGNAL,FUNCTIONING PROPERLY,CLEAR,DAYLIGHT,REAR END,DIVIDED - W/MEDIAN (NOT RAISED),,STRAIGHT AND LEVEL,DRY,NO DEFECTS,NOT ON SCENE (DESK REPORT),NO INJURY / DRIVE AWAY,,,,"$501 - $1,500",08/01/2025 12:25:00 PM,FOLLOWING TOO CLOSELY,UNABLE TO DETERMINE,5020,W,MONTROSE AVE,1623,,,,,,,2,NO INDICATION OF INJURY,0,0,0,0,0,2,0,12,6,8,41.9607536778,-87.7532613502,POINT (-87.753261350169 41.960753677756)
6ff4e97625279ac8ab25e080134998ff33d879f964d0c3341f8a395c2dd68003eeafa717b5ddde9eae0ed8ffe88d8ab034ce134090c83754294262be15f76077,,08/01/2025 12:00:00 PM,30,NO CONTROLS,NO CONTROLS,CLEAR,DAYLIGHT,SIDESWIPE SAME DIRECTION,NOT DIVIDED,,STRAIGHT AND LEVEL,DRY,NO DEFECTS,NOT ON SCENE (DESK REPORT),NO INJURY / DRIVE AWAY,,,,"$501 - $1,500",08/01/2025 12:15:00 PM,IMPROPER LANE USAGE,IMPROPER LANE USAGE,7001,N,SHERIDAN RD,2423,,,,,,,2,NO INDICATION OF INJURY,0,0,0,0,0,2,0,12,6,8,42.0092697015,-87.6619653187,POINT (-87.661965318682 42.009269701478)
df6408e93be7adf2c1eb15376cb01b3a4461634fbc6da2df48b51175cc86dcd615af81c430ed277f68a04188ebcfd0c6430eb87b5a18a6d1e7f2b7c3d66c44e6,,08/01/2025 12:00:00 PM,30,NO CONTROLS,NO CONTROLS,CLEAR,DAYLIGHT,REAR END,NOT DIVIDED,,STRAIGHT AND LEVEL,DRY,NO DEFECTS,NOT ON SCENE (DESK REPORT),NO INJURY / DRIVE AWAY,,,Y,"OVER $1,500",08/01/2025 12:22:00 PM,FAILING TO REDUCE SPEED TO AVOID CRASH,NOT APPLICABLE,1200,N,LA SALLE DR,1821,,,,,,,3,NO INDICATION OF INJURY,0,0,0,0,0,3,0,12,6,8,41.9039692113,-87.6330707107,POINT (-87.633070710665 41.903969211265)
ac7bcc5a760e038874fa371772e6ca5cfcb6bc36d992c1ed27d4ee1ce5912320f205ecc0f30a40cb637b4507d80f1379d7f55e0393ddc34650c53027ed7d6e15,,08/01/2025 11:56:00 AM,30,NO CONTROLS,NO CONTROLS,CLEAR,DAYLIGHT,REAR END,NOT DIVIDED,,STRAIGHT AND LEVEL,DRY,NO DEFECTS,NOT ON SCENE (DESK REPORT),NO INJURY / DRIVE AWAY,,,,"OVER $1,500",08/01/2025 02:30:00 PM,FOLLOWING TOO CLOSELY,NOT APPLICABLE,2905,W,ADDISON ST,1733,,,,,,,2,NO INDICATION OF INJURY,0,0,0,0,0,2,0,11,6,8,41.9465486458,-87.7006938482,POINT (-87.700693848166 41.946548645781)
73f2cabd18bdcf941c2760e9435a7450630ebd8e59bb04cd5904845b1230789c9c314e94849491a9b84ab057563d9fac3ec35964953fb8a24150feba72428fdd,,08/01/2025 11:55:00 AM,30,TRAFFIC SIGNAL,FUNCTIONING PROPERLY,CLEAR,DAYLIGHT,REAR END,NOT DIVIDED,,STRAIGHT AND LEVEL,DRY,NO DEFECTS,ON SCENE,INJURY AND / OR TOW DUE TO CRASH,Y,,Y,"OVER $1,500",08/01/2025 12:06:00 PM,FOLLOWING TOO CLOSELY,UNABLE TO DETERMINE,558,S,HOMAN AVE,1133,,,,,,,2,NONINCAPACITATING INJURY,1,0,0,1,0,1,0,11,6,8,41.8737881053,-87.7109332769,POINT (-87.710933276882 41.87378810526)
7805e9999927cf26827b4a82d171c942ee20ba60908f4fdd307dd1693a793ebbc606143175fa5b3979eea3cb922f13407c8467966cc615cc234d4a5326aa41b5,,08/01/2025 11:55:00 AM,30,TRAFFIC SIGNAL,FUNCTIONING PROPERLY,CLEAR,DAYLIGHT,REAR TO FRONT,FOUR WAY,,STRAIGHT AND LEVEL,DRY,NO DEFECTS,ON SCENE,NO INJURY / DRIVE AWAY,Y,,,"OVER $1,500",08/04/2025 11:55:00 AM,IMPROPER BACKING,FAILING TO YIELD RIGHT-OF-WAY,4500,N,WESTERN AVE,1911,,,,,,,2,NO INDICATION OF INJURY,0,0,0,0,0,3,0,11,6,8,41.9632228774,-87.6888861111,POINT (-87.68888611106 41.963222877385)
628cca9fb781bab7a15fe83ddda10cd911e9bd75a5467d06923b4040383e9c8b127bbd96e6edc9900fe9335850b9a7959c401348e531ce6825c7215d3b08ef1e,,08/01/2025 11:50:00 AM,30,NO CONTROLS,NO CONTROLS,CLEAR,DAYLIGHT,PEDALCYCLIST,ROUNDABOUT,,STRAIGHT AND LEVEL,DRY,NO DEFECTS,,INJURY AND / OR TOW DUE TO CRASH,,,,"OVER $1,500",08/01/2025 11:51:00 AM,DRIVING ON WRONG SIDE/WRONG WAY,NOT APPLICABLE,1611,W,HARRISON ST,1231,,,,,,,2,NONINCAPACITATING INJURY,1,0,0,1,0,1,0,11,6,8,41.8740819887,-87.6672227593,POINT (-87.66722275935 41.874081988696)
907c20985d26f10e91a5bb9640ab2d0eeedf45466bb99b2e50087bd7cf321fd7d32ac0029030bef4a4b6b9bd447b22c5686db9d92cd49d903435cd8475444e9b,,08/01/2025 11:50:00 AM,22,YIELD,UNKNOWN,CLEAR,"DARKNESS, LIGHTED ROAD",REAR END,DIVIDED - W/MEDIAN (NOT RAISED),,STRAIGHT AND LEVEL,DRY,NO DEFECTS,NOT ON SCENE (DESK REPORT),NO INJURY / DRIVE AWAY,,,Y,$500 OR LESS,08/02/2025 12:50:00 AM,IMPROPER OVERTAKING/PASSING,FAILING TO YIELD RIGHT-OF-WAY,801,N,CICERO AVE,1111,,,,,,,2,NO INDICATION OF INJURY,0,0,0,0,0,3,0,11,6,8,41.8950539854,-87.7456617615,POINT (-87.745661761541 41.895053985434)
7c7cea671aec303bbcc4dcb9a9bb49f21d72ebd50e8cec46fd9bdbaca6a24d9b75335829d580c854ed9162eef5a02114605e0c8ec243e65f689aa76439a70088,,08/01/2025 11:45:00 AM,30,STOP SIGN/FLASHER,FUNCTIONING PROPERLY,CLEAR,DAYLIGHT,ANGLE,NOT REPORTED,,STRAIGHT AND LEVEL,DRY,UNKNOWN,ON SCENE,INJURY AND / OR TOW DUE TO CRASH,Y,,,"OVER $1,500",08/01/2025 11:46:00 AM,UNABLE TO DETERMINE,UNABLE TO DETERMINE,4800,S,MICHIGAN AVE,224,,,,,,,3,NO INDICATION OF INJURY,0,0,0,0,0,3,0,11,6,8,41.8073730019,-87.6229305547,POINT (-87.622930554709 41.807373001937)
74a2a0ec344fe0a283f83c07c3bf1ea0b375bd942ca97757d63ac06b2b134a44e2521fa514dd623d8fc9814cd0d8431a9720d4467663309eb7b2771a3f0b3e0b,,08/01/2025 11:40:00 AM,30,RAILROAD CROSSING GATE,NO CONTROLS,CLEAR,DAYLIGHT,REAR END,NOT DIVIDED,,STRAIGHT AND LEVEL,DRY,NO DEFECTS,ON SCENE,INJURY AND / OR TOW DUE TO CRASH,,,,"OVER $1,500",08/01/2025 12:37:00 PM,EQUIPMENT - VEHICLE CONDITION,NOT APPLICABLE,1831,S,KOSTNER AVE,1012,,Y,,,,,2,NONINCAPACITATING INJURY,1,0,0,1,0,3,0,11,6,8,41.8559238267,-87.7344986438,POINT (-87.734498643774 41.855923826721)
d2a7ec14e36fbdd0486853d04a1da8f9bddf5f08faa5fba3c3ee87c407daf8cda85d2bd6771fb25c412c141b0d064c161f68ba2f19db43e851823fe533fe7a44,,08/01/2025 11:40:00 AM,30,NO CONTROLS,NO CONTROLS,CLEAR,DAYLIGHT,PARKED MOTOR VEHICLE,ONE-WAY,,STRAIGHT AND LEVEL,DRY,NO DEFECTS,NOT ON SCENE (DESK REPORT),NO INJURY / DRIVE AWAY,,,,"OVER $1,500",08/01/2025 11:55:00 AM,IMPROPER OVERTAKING/PASSING,IMPROPER OVERTAKING/PASSING,3317,W,CHICAGO AVE,1121,Y,,,,,,2,NO INDICATION OF INJURY,0,0,0,0,0,1,0,11,6,8,41.8954139194,-87.7095871669,POINT (-87.709587166882 41.895413919421)
8ecfd23558319cc36a6cbfa5492c4164cb2583153e49167ca9b78a3f5a131be37770a3b6d413a7b967ad9662c4d755b22b6ea7f426b3c47ffa66e9bfee8113cb,,08/01/2025 11:35:00 AM,30,NO CONTROLS,NO CONTROLS,CLEAR,DAYLIGHT,PEDESTRIAN,T-INTERSECTION,,STRAIGHT AND LEVEL,DRY,UNKNOWN,ON SCENE,INJURY AND / OR TOW DUE TO CRASH,,,,$500 OR LESS,08/01/2025 11:36:00 AM,FOLLOWING TOO CLOSELY,NOT APPLICABLE,3333,W,26TH ST,1032,,,,,,,2,"REPORTED, NOT EVIDENT",1,0,0,0,1,3,0,11,6,8,41.8443562652,-87.7087469931,POINT (-87.708746993088 41.844356265154)
d3fea1376806d60e56678b81801ddb19a40cdbefcdb47ad27ec4847cb5b78588985ee38aca86b7a7f32e24cbcfe3b7ce0076c2c3028250979b08ca346e7ef222,,08/01/2025 11:35:00 AM,30,TRAFFIC SIGNAL,FUNCTIONING IMPROPERLY,CLEAR,DAYLIGHT,REAR END,FOUR WAY,,STRAIGHT AND LEVEL,DRY,NO DEFECTS,NOT ON SCENE (DESK REPORT),NO INJURY / DRIVE AWAY,Y,,,"OVER $1,500",08/02/2025 02:50:00 PM,FAILING TO YIELD RIGHT-OF-WAY,FAILING TO YIELD RIGHT-OF-WAY,2607,W,CERMAK RD,1034,,,,,,,2,NO INDICATION OF INJURY,0,0,0,0,0,2,0,11,6,8,41.8518533403,-87.6908913923,POINT (-87.690891392326 41.851853340329)
0faf3a867a66478b34f7e53d5025ca3e5a63bb03e061dbb13a80ac464de02dbfd1a59d6bd3c1520b8a7664a1332f776023446e095fb982bfbed5eef81644d3bb,,08/01/2025 11:30:00 AM,30,NO CONTROLS,NO CONTROLS,CLEAR,DAYLIGHT,PEDESTRIAN,PARKING LOT,,STRAIGHT AND LEVEL,DRY,UNKNOWN,ON SCENE,NO INJURY / DRIVE AWAY,,,,$500 OR LESS,08/01/2025 11:32:00 AM,UNABLE TO DETERMINE,UNABLE TO DETERMINE,7013,S,STONY ISLAND AVE,332,,,,,,,2,NO INDICATION OF INJURY,0,0,0,0,0,2,0,11,6,8,41.7674752862,-87.5858110642,POINT (-87.585811064246 41.767475286201)
6d91c3d32b1f0b537383342d91a35ec8f219fd420e3d6bf91d650f15701904464c9cda179131eb818c29016bfdb2fe915c1d5be239e9fa05912dd4d41056207a,,08/01/2025 11:30:00 AM,30,NO CONTROLS,NO CONTROLS,CLEAR,DAYLIGHT,SIDESWIPE SAME DIRECTION,NOT DIVIDED,,STRAIGHT AND LEVEL,DRY,NO DEFECTS,NOT ON SCENE (DESK REPORT),NO INJURY / DRIVE AWAY,,,,"OVER $1,500",08/01/2025 12:05:00 PM,FAILING TO YIELD RIGHT-OF-WAY,NOT APPLICABLE,4705,W,47TH ST,815,,,,,,,2,NO INDICATION OF INJURY,0,0,0,0,0,2,0,11,6,8,41.8075395406,-87.7409522114,POINT (-87.740952211444 41.807539540627)
92b0973c76c83d270b9b4b1fe43862636b11cc3e478b2d47eca342bfed3af4459a01808036a028c32439ea5e2ea8e60050ca82b8c2e6af429e710e7d23f474c2,Y,08/01/2025 11:30:00 AM,30,TRAFFIC SIGNAL,FUNCTIONING PROPERLY,CLEAR,DAYLIGHT,SIDESWIPE SAME DIRECTION,NOT DIVIDED,,STRAIGHT AND LEVEL,DRY,NO DEFECTS,NOT ON SCENE (DESK REPORT),NO INJURY / DRIVE AWAY,Y,,Y,"OVER $1,500",08/01/2025 12:15:00 PM,UNABLE TO DETERMINE,NOT APPLICABLE,3542,S,ARCHER AVE,912,,,,,,,2,NO INDICATION OF INJURY,0,0,0,0,0,3,0,11,6,8,41.8294626187,-87.6793915655,POINT (-87.679391565512 41.829462618669)
e5612fea518e78e9e03d3a52f199ffc46e9bcdcd2ec9f2308260a5c10fd8826619f4fa40415475cba374e0e535d169c7f34a933e14a8fc123e65740e8f83c304,,08/01/2025 11:21:00 AM,30,TRAFFIC SIGNAL,FUNCTIONING PROPERLY,CLEAR,DAYLIGHT,SIDESWIPE SAME DIRECTION,FOUR WAY,,STRAIGHT AND LEVEL,DRY,NO DEFECTS,ON SCENE,NO INJURY / DRIVE AWAY,Y,,,"OVER $1,500",08/01/2025 12:24:00 PM,UNABLE TO DETERMINE,NOT APPLICABLE,4652,S,RACINE AVE,924,,,,,,,2,NO INDICATION OF INJURY,0,0,0,0,0,2,0,11,6,8,41.8090389977,-87.6553975837,POINT (-87.655397583707 41.809038997736)
02ce8447be0ac38089251a3ccaaf5d01271d99625f64c5f39f04609999642f44e65eaff0029294c2f9d6d00de1ddec75467e1441fe1619c36aca7ec58cf54af7,,08/01/2025 11:20:00 AM,30,UNKNOWN,UNKNOWN,UNKNOWN,"DARKNESS, LIGHTED ROAD",SIDESWIPE SAME DIRECTION,NOT DIVIDED,,STRAIGHT AND LEVEL,UNKNOWN,UNKNOWN,NOT ON SCENE (DESK REPORT),NO INJURY / DRIVE AWAY,,,Y,"OVER $1,500",08/06/2025 02:00:00 PM,UNABLE TO DETERMINE,UNABLE TO DETERMINE,783,S,WELLS ST,123,,,,,,,2,NO INDICATION OF INJURY,0,0,0,0,0,2,0,11,6,8,41.8722114408,-87.6334282432,POINT (-87.633428243242 41.872211440768)
cbc323d42f268c753756604ced1493d0ff447c838e09ffe02c9a4a4573827ea3bc137078d18200cb6708e4cb5ab906b922317a12a4e51114246d8c77e4362994,,08/01/2025 11:16:00 AM,25,NO CONTROLS,NO CONTROLS,CLEAR,DAYLIGHT,SIDESWIPE SAME DIRECTION,NOT DIVIDED,,STRAIGHT AND LEVEL,DRY,NO DEFECTS,ON SCENE,INJURY AND / OR TOW DUE TO CRASH,,,,"OVER $1,500",08/01/2025 11:16:00 AM,FAILING TO YIELD RIGHT-OF-WAY,FAILING TO YIELD RIGHT-OF-WAY,7341,S,HERMITAGE AVE,735,,,,,,,3,NO INDICATION OF INJURY,0,0,0,0,0,2,0,11,6,8,41.7600124307,-87.6671857227,POINT (-87.667185722729 41.760012430657)
06fb8c6f84a2704fe4c75bba69dd6f640032d60bbde63e462ad8fc609f12c9fe285e4f5c6cf1399631c8e0a4fcd861c13d041f52c0539944ec5bb2a3b830d014,,08/01/2025 11:15:00 AM,30,UNKNOWN,UNKNOWN,UNKNOWN,DAYLIGHT,SIDESWIPE SAME DIRECTION,ONE-WAY,,STRAIGHT AND LEVEL,UNKNOWN,UNKNOWN,NOT ON SCENE (DESK REPORT),NO INJURY / DRIVE AWAY,,,Y,"OVER $1,500",08/01/2025 12:10:00 PM,IMPROPER OVERTAKING/PASSING,IMPROPER OVERTAKING/PASSING,421,W,MELROSE ST,1925,,,,,,,2,NO INDICATION OF INJURY,0,0,0,0,0,2,0,11,6,8,41.9410803755,-87.6404131223,POINT (-87.640413122284 41.941080375518)
7ef2f39ee1575c1a523f44d9dd36fd211aa69bd98008b8001027d51fdd01a3582792d4252225b2e7fa9ea046d0e7ca849f0b6dca1aaf28825c3de819ed46c4a0,,08/01/2025 11:15:00 AM,25,NO CONTROLS,NO CONTROLS,CLEAR,DAYLIGHT,PARKED MOTOR VEHICLE,ONE-WAY,,"CURVE, LEVEL",DRY,NO DEFECTS,ON SCENE,NO INJURY / DRIVE AWAY,,,Y,$500 OR LESS,08/01/2025 08:09:00 PM,UNABLE TO DETERMINE,UNABLE TO DETERMINE,2851,N,ORCHARD ST,1934,,,,,,,2,NO INDICATION OF INJURY,0,0,0,0,0,1,0,11,6,8,41.93422525,-87.6465659029,POINT (-87.646565902891 41.934225250045)
866c29fc3ae3b42c26caccd2925fbe8835d5cc9e83fb693fbd7ed4a94c761e7d512e8eaf401c48eaefcaa210b2c61b8cc68a4af47f123dbf070aac6eb0262e7c,,08/01/2025 11:15:00 AM,30,TRAFFIC SIGNAL,FUNCTIONING PROPERLY,CLEAR,DAYLIGHT,REAR END,NOT DIVIDED,,STRAIGHT AND LEVEL,DRY,NO DEFECTS,ON SCENE,NO INJURY / DRIVE AWAY,Y,,Y,"OVER $1,500",08/01/2025 11:49:00 AM,UNABLE TO DETERMINE,NOT APPLICABLE,4900,S,WESTERN AVE,923,,,,,,,2,NO INDICATION OF INJURY,0,0,0,0,0,2,0,11,6,8,41.804641245,-87.6845169054,POINT (-87.684516905411 41.804641245012)
d11b9faea0cb608dba0a6626c2b1e09165d0749c7a4f35efdccf4d2a31b51173a5928fc430850eeaa205aafd3930ebd382d3a9db0a9fecb0d98731b2b2aa7a81,,08/01/2025 11:10:00 AM,30,NO CONTROLS,NO CONTROLS,CLEAR,DAYLIGHT,PARKED MOTOR VEHICLE,NOT DIVIDED,,STRAIGHT AND LEVEL,DRY,NO DEFECTS,ON SCENE,NO INJURY / DRIVE AWAY,,,Y,"$501 - $1,500",08/01/2025 11:15:00 AM,UNABLE TO DETERMINE,NOT APPLICABLE,118,E,119TH PL,532,,,,,,,2,NO INDICATION OF INJURY,0,0,0,0,0,1,0,11,6,8,41.6772671908,-87.6196931683,POINT (-87.619693168342 41.677267190758)
e91bf2efc6f704d32fb1361330575e4eda4ab9b7578cb402864e4fa853c69118baf08794eca7b7e88bb47528ff686623c86d16c822da7bc618b44c72c09b7f9a,,08/01/2025 11:04:00 AM,30,TRAFFIC SIGNAL,FUNCTIONING PROPERLY,CLEAR,DAYLIGHT,REAR END,DIVIDED - W/MEDIAN (NOT RAISED),,STRAIGHT AND LEVEL,DRY,NO DEFECTS,ON SCENE,NO INJURY / DRIVE AWAY,,,,"$501 - $1,500",08/01/2025 11:04:00 AM,UNABLE TO DETERMINE,UNABLE TO DETERMINE,6858,W,ARCHER AVE,811,,,,,,,2,NO INDICATION OF INJURY,0,0,0,0,0,3,0,11,6,8,41.792220598,-87.7939601337,POINT (-87.793960133746 41.792220598012)
24a641d5b674b35f71e4a5df58b56770bf612ba140078287987e92b6c46fcab5fd498a9f69e4c931c810e22b77984d16d19fa2ccb8e55e9603f67ef71496fb4d,,08/01/2025 10:52:00 AM,25,NO CONTROLS,NO CONTROLS,CLEAR,DAYLIGHT,REAR END,ALLEY,,STRAIGHT AND LEVEL,DRY,NO DEFECTS,ON SCENE,NO INJURY / DRIVE AWAY,,,,"$501 - $1,500",08/01/2025 10:52:00 AM,FAILING TO YIELD RIGHT-OF-WAY,UNABLE TO DETERMINE,6338,S,COTTAGE GROVE AVE,312,,,,,,,2,NO INDICATION OF INJURY,0,0,0,0,0,3,0,10,6,8,41.7792468097,-87.6060519151,POINT (-87.606051915116 41.779246809736)
99aa72fc085bc494dbe051406c80e059f2ca2a02fad63cc678aa7417eb7e4511918fc664b61438517c67c337482dcb1a2b961750396088805aa0ef22de406bd9,,08/01/2025 10:50:00 AM,30,NO CONTROLS,NO CONTROLS,CLOUDY/OVERCAST,DAYLIGHT,PARKED MOTOR VEHICLE,ONE-WAY,,STRAIGHT AND LEVEL,DRY,UNKNOWN,NOT ON SCENE (DESK REPORT),NO INJURY / DRIVE AWAY,,,,"OVER $1,500",08/01/2025 12:38:00 PM,IMPROPER BACKING,NOT APPLICABLE,857,N,ROCKWELL ST,1211,,,,,,,2,NO INDICATION OF INJURY,0,0,0,0,0,1,0,10,6,8,41.8974141906,-87.6916689872,POINT (-87.69166898718 41.897414190574)
cff780a7a6644f1bf0698171d0cb13de0bfe213e874205015dbd0a3b9234ee7be174f553b3e9c977303b1cfded89208b0eb728d501629024b9912b903b46caec,,08/01/2025 10:50:00 AM,30,NO CONTROLS,NO CONTROLS,CLEAR,DAYLIGHT,REAR END,DIVIDED - W/MEDIAN BARRIER,,STRAIGHT AND LEVEL,DRY,NO DEFECTS,NOT ON SCENE (DESK REPORT),NO INJURY / DRIVE AWAY,,,,"$501 - $1,500",08/01/2025 11:40:00 AM,FOLLOWING TOO CLOSELY,FOLLOWING TOO CLOSELY,6262,N,CLARK ST,2433,,,,,,,2,NO INDICATION OF INJURY,0,0,0,0,0,2,0,10,6,8,41.9961826622,-87.6703607245,POINT (-87.670360724519 41.996182662242)
a07a2908a706e6cd1ebc9b1ecd6358660852840c452969ddc6b92be700b4e44ab4be66b40fa2f96e89c774ebd27649cd09dc1fd498c1ab0582ffa35fdc93f3a9,,08/01/2025 10:45:00 AM,35,TRAFFIC SIGNAL,OTHER,CLEAR,DAYLIGHT,ANGLE,DIVIDED - W/MEDIAN BARRIER,,STRAIGHT AND LEVEL,DRY,UNKNOWN,ON SCENE,INJURY AND / OR TOW DUE TO CRASH,Y,,,"OVER $1,500",08/01/2025 10:47:00 AM,NOT APPLICABLE,NOT APPLICABLE,9201,S,WESTERN AVE,2221,,,,,,,2,NONINCAPACITATING INJURY,2,0,0,2,0,0,0,10,6,8,41.7262876719,-87.6820853055,POINT (-87.682085305544 41.726287671916)
d56b8b0b4116b8ff21a912aa0c92d014ff5aab73557b5fe60d671b5a64aaaf95ea42a65543fbbab05348acb78adc9828a1d16819a18df3237f957931301a9fd8,,08/01/2025 10:45:00 AM,30,NO CONTROLS,NO CONTROLS,CLEAR,DAYLIGHT,REAR END,DIVIDED - W/MEDIAN (NOT RAISED),,STRAIGHT AND LEVEL,DRY,NO DEFECTS,ON SCENE,INJURY AND / OR TOW DUE TO CRASH,,,,"OVER $1,500",08/01/2025 10:49:00 AM,UNABLE TO DETERMINE,UNABLE TO DETERMINE,7178,W,GRAND AVE,2512,,Y,,,,,2,NONINCAPACITATING INJURY,1,0,0,1,0,3,0,10,6,8,41.9240100075,-87.8055517727,POINT (-87.805551772713 41.924010007489)
f692fa1270a9b15a3165907029bd7285596046b6b87d1eec095d3618519fa0a36913699275a97aed4e39fc7e002e75a5d78058218dc83a9ccba1fe808af82703,,08/01/2025 10:40:00 AM,30,NO CONTROLS,NO CONTROLS,CLEAR,DAYLIGHT,PARKED MOTOR VEHICLE,DIVIDED - W/MEDIAN (NOT RAISED),,STRAIGHT AND LEVEL,DRY,NO DEFECTS,ON SCENE,NO INJURY / DRIVE AWAY,Y,,,"$501 - $1,500",08/01/2025 10:56:00 AM,UNABLE TO DETERMINE,NOT APPLICABLE,845,E,79TH ST,624,,,,,,,2,NO INDICATION OF INJURY,0,0,0,0,0,1,0,10,6,8,41.7511978445,-87.6034017359,POINT (-87.603401735852 41.751197844502)
8882965b7db4dcb2215c22bd18eb3f7a0077fb162c80087b02fe663e368a9b7a2fd84b1245c4a761c2d744faa898640b2539a24a0fbdf09008fbdcf5b3bbe7a0,,08/01/2025 10:30:00 AM,30,STOP SIGN/FLASHER,FUNCTIONING PROPERLY,CLEAR,DAYLIGHT,TURNING,NOT DIVIDED,,STRAIGHT AND LEVEL,DRY,NO DEFECTS,,NO INJURY / DRIVE AWAY,,,,"OVER $1,500",08/01/2025 11:50:00 AM,IMPROPER TURNING/NO SIGNAL,FAILING TO YIELD RIGHT-OF-WAY,12700,S,INDIANA AVE,532,,,,,,,2,NO INDICATION OF INJURY,0,0,0,0,0,2,0,10,6,8,41.6632544787,-87.6177886599,POINT (-87.617788659925 41.663254478672)