CRASH_RECORD_ID,CRASH_DATE_EST_I,CRASH_DATE,POSTED_SPEED_LIMIT,TRAFFIC_CONTROL_DEVICE,DEVICE_CONDITION,WEATHER_CONDITION,LIGHTING_CONDITION,FIRST_CRASH_TYPE,TRAFFICWAY_TYPE,LANE_CNT,ALIGNMENT,ROADWAY_SURFACE_COND,ROAD_DEFECT,REPORT_TYPE,CRASH_TYPE,INTERSECTION_RELATED_I,NOT_RIGHT_OF_WAY_I,HIT_AND_RUN_I,DAMAGE,DATE_POLICE_NOTIFIED,PRIM_CONTRIBUTORY_CAUSE,SEC_CONTRIBUTORY_CAUSE,STREET_NO,STREET_DIRECTION,STREET_NAME,BEAT_OF_OCCURRENCE,PHOTOS_TAKEN_I,STATEMENTS_TAKEN_I,DOORING_I,WORK_ZONE_I,WORK_ZONE_TYPE,WORKERS_PRESENT_I,NUM_UNITS,MOST_SEVERE_INJURY,INJURIES_TOTAL,INJURIES_FATAL,INJURIES_INCAPACITATING,INJURIES_NON_INCAPACITATING,INJURIES_REPORTED_NOT_EVIDENT,INJURIES_NO_INDICATION,INJURIES_UNKNOWN,CRASH_HOUR,CRASH_DAY_OF_WEEK,CRASH_MONTH,LATITUDE,LONGITUDE,LOCATION
888aa966277e0e3a091f8c511e5d0c31b376b2ab21f217217f67fd65ac8d192fd7016e9d1d62d4d145c33181799374cd1b1312e2ed564caf1f46357bce06523d,,08/01/2025 10:30:00 AM,30,TRAFFIC SIGNAL,FUNCTIONING PROPERLY,CLEAR,DAYLIGHT,TURNING,OTHER,,STRAIGHT AND LEVEL,DRY,UNKNOWN,NOT ON SCENE (DESK REPORT),NO INJURY / DRIVE AWAY,Y,,Y,"OVER $1,500",08/01/2025 03:50:00 PM,IMPROPER TURNING/NO SIGNAL,UNABLE TO DETERMINE,3200,W,55TH ST,822,,,,,,,2,NO INDICATION OF INJURY,0,0,0,0,0,2,0,10,6,8,41.7936228033,-87.7036181406,POINT (-87.70361814062 41.7936228033)
d92948be30f06bd0d1a9b3c6f0da173f30baa4ed864d12d1d4e0da3dd431ebe5ca9f5a18966d0b3b6663174ae60954c338768ce16e9b58ddc891e9ab0497449a,,08/01/2025 10:30:00 AM,30,STOP SIGN/FLASHER,FUNCTIONING PROPERLY,RAIN,DAYLIGHT,TURNING,FOUR WAY,,STRAIGHT AND LEVEL,DRY,NO DEFECTS,ON SCENE,NO INJURY / DRIVE AWAY,Y,,,"OVER $1,500",08/01/2025 10:30:00 AM,IMPROPER TURNING/NO SIGNAL,DRIVING SKILLS/KNOWLEDGE/EXPERIENCE,8499,S,JEFFERY BLVD,412,,,,,,,2,NO INDICATION OF INJURY,0,0,0,0,0,2,0,10,6,8,41.7407763268,-87.5756312873,POINT (-87.575631287346 41.7407763268)
c545c605c5d7e281ba51bc373f407510ff744ab65f8542edd3f87049a0fd03d166cf0f3628bcecf60ed3d266fe31dd50599f8325f388a15b72c4d19dbd560a8b,,08/01/2025 10:23:00 AM,30,NO CONTROLS,NO CONTROLS,CLEAR,DAYLIGHT,SIDESWIPE SAME DIRECTION,NOT DIVIDED,,STRAIGHT AND LEVEL,DRY,NO DEFECTS,ON SCENE,NO INJURY / DRIVE AWAY,,,,"$501 - $1,500",08/01/2025 10:30:00 AM,UNABLE TO DETERMINE,UNABLE TO DETERMINE,3657,W,DIVISION ST,1112,,,,,,,2,NO INDICATION OF INJURY,0,0,0,0,0,2,0,10,6,8,41.9026252985,-87.7188436919,POINT (-87.718843691948 41.902625298531)
33c0a28fce83c6d5d5827355adc7d35042a649c262ed252e41474b0bfea0b0933ac8d05db0de663bfd8554ffb3c05c8b5a6c48558ae3fff76926ff2ba1007100,,08/01/2025 10:20:00 AM,55,UNKNOWN,UNKNOWN,CLEAR,DAYLIGHT,SIDESWIPE SAME DIRECTION,ONE-WAY,,STRAIGHT AND LEVEL,DRY,UNKNOWN,NOT ON SCENE (DESK REPORT),INJURY AND / OR TOW DUE TO CRASH,,,Y,"OVER $1,500",08/01/2025 12:00:00 PM,UNABLE TO DETERMINE,UNABLE TO DETERMINE,9200,S,CHICAGO SKYWAY IB,423,,,,,,,2,"REPORTED, NOT EVIDENT",1,0,0,0,1,4,0,10,6,8,41.7280392539,-87.5558246753,POINT (-87.555824675317 41.728039253881)
ac75b3d0b0d3dd79fd4eea79564db93bd952187eef1b490816b5c531055a7770945c7e61055c64c585826ddf547bfdb6d1bb39eb18b591481adb32237d0eb3ec,,08/01/2025 10:20:00 AM,30,NO CONTROLS,NO CONTROLS,CLEAR,DAYLIGHT,REAR END,NOT DIVIDED,,STRAIGHT AND LEVEL,DRY,UNKNOWN,NOT ON SCENE (DESK REPORT),NO INJURY / DRIVE AWAY,,,,"$501 - $1,500",08/01/2025 10:40:00 AM,UNABLE TO DETERMINE,UNABLE TO DETERMINE,12700,S,WALLACE ST,523,,,,,,,2,NO INDICATION OF INJURY,0,0,0,0,0,2,0,10,6,8,41.663173271,-87.6367630788,POINT (-87.636763078789 41.663173270962)
141eebaad41c0532e93401ac853af4365857846619e8f3ac4429efdf152741b1b59d3a02376403138944950894e424e10fd02d138d02c062990d38335d614750,,08/01/2025 10:15:00 AM,30,NO CONTROLS,NO CONTROLS,CLEAR,DAYLIGHT,REAR TO SIDE,T-INTERSECTION,,STRAIGHT AND LEVEL,DRY,NO DEFECTS,NOT ON SCENE (DESK REPORT),NO INJURY / DRIVE AWAY,Y,,Y,"OVER $1,500",08/01/2025 12:40:00 PM,IMPROPER BACKING,NOT APPLICABLE,1531,N,DAYTON ST,1822,,,,,,,2,NO INDICATION OF INJURY,0,0,0,0,0,2,0,10,6,8,41.909547104,-87.649315787,POINT (-87.649315786981 41.909547104016)
90576dc46e1172c215ee27351a4fc25ca541fef555fe702d5cee51edba3c7d4615ad97758794026436ff48d03a5b1d5d3aea88eea42c53252443111cba46e7a1,,08/01/2025 10:15:00 AM,35,NO CONTROLS,NO CONTROLS,UNKNOWN,DAYLIGHT,ANGLE,DIVIDED - W/MEDIAN (NOT RAISED),,STRAIGHT AND LEVEL,UNKNOWN,UNKNOWN,NOT ON SCENE (DESK REPORT),INJURY AND / OR TOW DUE TO CRASH,,,,"OVER $1,500",08/03/2025 04:20:00 PM,FAILING TO YIELD RIGHT-OF-WAY,NOT APPLICABLE,19,S,MORGAN ST,1232,,,,,,,2,"REPORTED, NOT EVIDENT",1,0,0,0,1,1,0,10,6,8,41.8811024637,-87.6518650169,POINT (-87.651865016945 41.881102463654)
df14989c6376c932c9f849b1c8a883b2b9f3d49675be0105d202c05178c4c3d5c814c18376faeec48ae42b45b407efcefc3d3d75b1b62798811ad58580f04245,,08/01/2025 10:15:00 AM,10,NO CONTROLS,NO CONTROLS,CLEAR,DAYLIGHT,SIDESWIPE OPPOSITE DIRECTION,PARKING LOT,,STRAIGHT AND LEVEL,DRY,NO DEFECTS,NOT ON SCENE (DESK REPORT),NO INJURY / DRIVE AWAY,,Y,Y,"$501 - $1,500",08/01/2025 04:21:00 PM,IMPROPER OVERTAKING/PASSING,NOT APPLICABLE,8200,S,KEDZIE AVE,834,,,,,,,2,NO INDICATION OF INJURY,0,0,0,0,0,3,0,10,6,8,41.7442309734,-87.7023856851,POINT (-87.702385685116 41.744230973357)
a8e823ac15e576615cf997c3ba77269d3c7a8b6793bc109d0afeaac2bbbaa13e17c18d234aca1f258820eca658029ae38faab43d4fbd31805d7d4d7380a67d57,,08/01/2025 10:10:00 AM,30,TRAFFIC SIGNAL,FUNCTIONING PROPERLY,CLEAR,DAYLIGHT,TURNING,NOT DIVIDED,,STRAIGHT AND LEVEL,DRY,NO DEFECTS,ON SCENE,NO INJURY / DRIVE AWAY,,,Y,"OVER $1,500",08/01/2025 10:13:00 AM,FOLLOWING TOO CLOSELY,UNABLE TO DETERMINE,701,S,CICERO AVE,1131,,,,,,,2,NO INDICATION OF INJURY,0,0,0,0,0,2,0,10,6,8,41.8720593595,-87.7447856243,POINT (-87.744785624327 41.872059359507)
ee275d8ce84ee8532668f31171b5f00df1e27d12d7685cc53179e752f1d7d755d06d8b796b94a84fa8ce19f0f4f9b89e607c829bfd380eb70a93cc47ac0a1013,,08/01/2025 10:05:00 AM,30,NO CONTROLS,NO CONTROLS,CLEAR,DAYLIGHT,SIDESWIPE SAME DIRECTION,NOT DIVIDED,,STRAIGHT AND LEVEL,DRY,NO DEFECTS,,NO INJURY / DRIVE AWAY,,,Y,"$501 - $1,500",08/01/2025 10:05:00 AM,IMPROPER OVERTAKING/PASSING,NOT APPLICABLE,4705,S,ASHLAND AVE,933,,,,,,,2,NO INDICATION OF INJURY,0,0,0,0,0,2,0,10,6,8,41.8084023705,-87.6648213667,POINT (-87.664821366696 41.808402370477)
91edd1b7c065e305e3397490a4a59744687d5123993605d881d6c3dfd538e48c446eca65e4495ae45275fd0644e365fde880e02d107596bdc151bf861e5f45b2,,08/01/2025 10:00:00 AM,30,TRAFFIC SIGNAL,NO CONTROLS,CLEAR,DAYLIGHT,TURNING,DIVIDED - W/MEDIAN (NOT RAISED),,STRAIGHT AND LEVEL,DRY,NO DEFECTS,NOT ON SCENE (DESK REPORT),INJURY AND / OR TOW DUE TO CRASH,,,,"OVER $1,500",08/01/2025 01:45:00 PM,FOLLOWING TOO CLOSELY,NOT APPLICABLE,732,S,CICERO AVE,1533,,,,,,,2,"REPORTED, NOT EVIDENT",1,0,0,0,1,3,0,10,6,8,41.8711963272,-87.7450724656,POINT (-87.745072465564 41.871196327219)
b4b44b04e729ddf8abc88cce5eddef9be2665a2c45113f7ed6ddd52500a6c5d752ad46c0047efef54330a72b079188e445ca7695ab4fef055ca826dc5f363b00,Y,08/01/2025 10:00:00 AM,10,NO CONTROLS,NO CONTROLS,UNKNOWN,UNKNOWN,PARKED MOTOR VEHICLE,ALLEY,,STRAIGHT AND LEVEL,UNKNOWN,UNKNOWN,NOT ON SCENE (DESK REPORT),NO INJURY / DRIVE AWAY,,,Y,"OVER $1,500",08/02/2025 11:32:00 PM,UNABLE TO DETERMINE,UNABLE TO DETERMINE,3616,N,WILTON AVE,1923,,,,,,,2,NO INDICATION OF INJURY,0,0,0,0,0,1,0,10,6,8,41.9477987098,-87.6532814868,POINT (-87.653281486773 41.94779870981)
ba2a6a53cc905009a0278610b2da4bcaa929ed715e30f8e7333dc0bc309f3c369f4ee762e4e9f8233f6cc6b5d0a53ded732225f6b222b6076f6c1cf7b5f149b1,,08/01/2025 10:00:00 AM,30,TRAFFIC SIGNAL,FUNCTIONING PROPERLY,CLEAR,DAYLIGHT,SIDESWIPE SAME DIRECTION,T-INTERSECTION,,STRAIGHT AND LEVEL,DRY,NO DEFECTS,NOT ON SCENE (DESK REPORT),NO INJURY / DRIVE AWAY,,,,"$501 - $1,500",08/01/2025 01:30:00 PM,IMPROPER OVERTAKING/PASSING,UNABLE TO DETERMINE,499,N,CICERO AVE,1111,,,,,,,2,NO INDICATION OF INJURY,0,0,0,0,0,2,0,10,6,8,41.8895277321,-87.7454675765,POINT (-87.745467576544 41.889527732083)
1a4666f581900e36c36ef86a80e99f4ebb5c0ad85a59433fdbf488a0441b18643e05f7373cf7dbedb2ffd187fd2ff12df7e53663be039dd63d677aaf812b92f6,,08/01/2025 09:59:00 AM,30,NO CONTROLS,NO CONTROLS,CLEAR,DAYLIGHT,PARKED MOTOR VEHICLE,DIVIDED - W/MEDIAN (NOT RAISED),,STRAIGHT AND LEVEL,DRY,NO DEFECTS,ON SCENE,NO INJURY / DRIVE AWAY,,,,"$501 - $1,500",08/01/2025 09:59:00 AM,IMPROPER BACKING,DRIVING SKILLS/KNOWLEDGE/EXPERIENCE,3441,S,HALSTED ST,915,,,,,,,2,NO INDICATION OF INJURY,0,0,0,0,0,3,0,9,6,8,41.8312923962,-87.6459750517,POINT (-87.645975051703 41.83129239624)
efa0fefbd8072c93813e36a730237b7a68dd07997e6a2b4322de601de70a20222cac37d94503ba60e790c2372df3ec76183bd5f695935ab8d7f4edfc183db734,,08/01/2025 09:55:00 AM,30,STOP SIGN/FLASHER,FUNCTIONING PROPERLY,CLEAR,DAYLIGHT,TURNING,NOT DIVIDED,,STRAIGHT AND LEVEL,DRY,NO DEFECTS,ON SCENE,INJURY AND / OR TOW DUE TO CRASH,Y,,,"OVER $1,500",08/01/2025 10:00:00 AM,"VISION OBSCURED (SIGNS, TREE LIMBS, BUILDINGS, ETC.)",UNABLE TO DETERMINE,5100,S,UNIVERSITY AVE,233,,,,,,,2,NO INDICATION OF INJURY,0,0,0,0,0,2,0,9,6,8,41.8022756234,-87.598392145,POINT (-87.59839214504 41.802275623386)
f32576f4cbc0cb13ec9d9b972bb81a413243404f2897842acb6889202433efddabfc8c12f57ec14fe2e1c1a3c1b68b057a3de61f3476346fe418ede809a0a8a5,,08/01/2025 09:50:00 AM,30,NO CONTROLS,NO CONTROLS,CLEAR,DAYLIGHT,PARKED MOTOR VEHICLE,NOT DIVIDED,,STRAIGHT AND LEVEL,DRY,NO DEFECTS,ON SCENE,NO INJURY / DRIVE AWAY,,,,"OVER $1,500",08/01/2025 10:19:00 AM,DRIVING SKILLS/KNOWLEDGE/EXPERIENCE,DISTRACTION - FROM INSIDE VEHICLE,5659,S,MERRIMAC AVE,811,,,,,,,3,NO INDICATION OF INJURY,0,0,0,0,0,1,0,9,6,8,41.7888466129,-87.7778725778,POINT (-87.777872577787 41.788846612909)
93e34b44784b650c554c259e37e3d738a4a222ba8e6e36d86508c941fc61144bc377a8ad5f1da9ba85cbeedeefc81ee95b20f368ed71d81f04f5a9428bce504e,,08/01/2025 09:47:00 AM,30,STOP SIGN/FLASHER,FUNCTIONING PROPERLY,CLEAR,DAYLIGHT,SIDESWIPE SAME DIRECTION,FOUR WAY,,STRAIGHT AND LEVEL,DRY,"RUT, HOLES",ON SCENE,NO INJURY / DRIVE AWAY,,,,"OVER $1,500",08/01/2025 10:30:00 AM,FAILING TO YIELD RIGHT-OF-WAY,NOT APPLICABLE,1111,S,LAFLIN ST,1231,,,,,,,2,NO INDICATION OF INJURY,0,0,0,0,0,2,0,9,6,8,41.8681397263,-87.6639042028,POINT (-87.663904202813 41.868139726256)
f8f1549940961dc1dcb1eead6edbbe1debe1fe8a72d84bfbeaefd7356018b91ef809f2cdad540a462902f022bbd964b56e4275e565d00e9f9fe01af05c792d0b,,08/01/2025 09:47:00 AM,30,TRAFFIC SIGNAL,FUNCTIONING PROPERLY,FOG/SMOKE/HAZE,DAYLIGHT,SIDESWIPE SAME DIRECTION,FOUR WAY,,STRAIGHT AND LEVEL,DRY,UNKNOWN,ON SCENE,NO INJURY / DRIVE AWAY,,,,"$501 - $1,500",08/01/2025 09:49:00 AM,UNABLE TO DETERMINE,NOT APPLICABLE,602,W,BELMONT AVE,1925,,,,,,,2,NO INDICATION OF INJURY,0,0,0,0,0,2,0,9,6,8,41.9401506066,-87.6445942085,POINT (-87.644594208518 41.940150606574)
142a44b3c7bfccbd8850bfa0c667865897fe6154a489a90a6d57d678a3b0e1993a5577918533502f67f03e53893f33b99ecf066a830344b6c717f77ba0838812,,08/01/2025 09:45:00 AM,30,NO CONTROLS,NO CONTROLS,CLEAR,DAYLIGHT,TURNING,NOT DIVIDED,,STRAIGHT AND LEVEL,DRY,NO DEFECTS,ON SCENE,INJURY AND / OR TOW DUE TO CRASH,,,,"OVER $1,500",08/01/2025 09:50:00 AM,DRIVING ON WRONG SIDE/WRONG WAY,NOT APPLICABLE,937,E,83RD ST,632,,,,,,,2,NONINCAPACITATING INJURY,1,0,0,1,0,1,0,9,6,8,41.7439136103,-87.6011309613,POINT (-87.601130961329 41.743913610345)
33ae979a0a99417881c9b16dbeee5fe3c0d1b86cf30cfda2ad667141dda3c6ec6336d602d9414d2370e8f12e42e5a2c0d7f9e13b9cc430cf6e19f89fe5fd4971,,08/01/2025 09:45:00 AM,30,NO CONTROLS,NO CONTROLS,CLEAR,DAYLIGHT,PARKED MOTOR VEHICLE,NOT DIVIDED,,STRAIGHT AND LEVEL,DRY,NO DEFECTS,,NO INJURY / DRIVE AWAY,,,,"$501 - $1,500",08/01/2025 09:55:00 AM,"EVASIVE ACTION DUE TO ANIMAL, OBJECT, NONMOTORIST",UNABLE TO DETERMINE,3745,W,34TH ST,1031,,,,,,,2,NO INDICATION OF INJURY,0,0,0,0,0,1,0,9,6,8,41.8314208266,-87.7186589761,POINT (-87.718658976051 41.831420826633)
d4be1e7828a9fd6d8887554e868a7da18621839db706af0522271ad55729d06c1cb8f12c2a6b43fa4e32ab213f4c1052033f6726db28085cb18160323b16b9b5,,08/01/2025 09:35:00 AM,20,NO CONTROLS,NO CONTROLS,CLEAR,DAYLIGHT,PARKED MOTOR VEHICLE,ONE-WAY,,STRAIGHT AND LEVEL,DRY,NO DEFECTS,ON SCENE,NO INJURY / DRIVE AWAY,,,,"OVER $1,500",08/01/2025 09:50:00 AM,UNABLE TO DETERMINE,NOT APPLICABLE,1925,W,ARGYLE ST,2032,,,,,,,2,NO INDICATION OF INJURY,0,0,0,0,0,1,0,9,6,8,41.9723210076,-87.6773818478,POINT (-87.677381847808 41.972321007576)
7b055fe2f065b04bca0047e87827de9a3197bf71ec06214658a9e8fdcb9b519a8d8c8b2d98f41feea65f24b61250de482967bc2cf3d460751fb03b6f9fcd5151,,08/01/2025 09:24:00 AM,30,NO CONTROLS,NO CONTROLS,CLEAR,DAYLIGHT,REAR END,NOT DIVIDED,,STRAIGHT AND LEVEL,DRY,NO DEFECTS,ON SCENE,INJURY AND / OR TOW DUE TO CRASH,,,Y,"OVER $1,500",08/01/2025 09:25:00 AM,UNABLE TO DETERMINE,UNABLE TO DETERMINE,4242,N,SHERIDAN RD,1915,,,,,,,2,NONINCAPACITATING INJURY,1,0,0,1,0,1,0,9,6,8,41.9596597061,-87.6548377635,POINT (-87.654837763548 41.959659706055)
e753fba6246c2b87b9ae3a47e6998a4905f33b87f1323494b4e7cbc9f283c8ee0564a715d165ad420a963626339bdb06522c22e0ab8cd6251194d2e0ec99c94c,,08/01/2025 09:10:00 AM,30,TRAFFIC SIGNAL,FUNCTIONING PROPERLY,CLEAR,DAYLIGHT,SIDESWIPE SAME DIRECTION,ONE-WAY,,STRAIGHT AND LEVEL,DRY,NO DEFECTS,ON SCENE,INJURY AND / OR TOW DUE TO CRASH,,,,"OVER $1,500",08/01/2025 09:25:00 AM,IMPROPER OVERTAKING/PASSING,UNABLE TO DETERMINE,1558,W,VAN BUREN ST,1231,,,,,,,2,NO INDICATION OF INJURY,0,0,0,0,0,3,0,9,6,8,41.8764606299,-87.6666220791,POINT (-87.666622079113 41.876460629864)
4e642739093ed163b2414e161d9ae8dfdfb831855fdb5893334c38f790e04b7304ad7a860ae8a7442db8fe253254fe283393f97436e2db73d81f891a8492b036,,08/01/2025 09:02:00 AM,30,STOP SIGN/FLASHER,FUNCTIONING PROPERLY,CLEAR,DAYLIGHT,PARKED MOTOR VEHICLE,NOT DIVIDED,,STRAIGHT AND LEVEL,DRY,UNKNOWN,NOT ON SCENE (DESK REPORT),NO INJURY / DRIVE AWAY,,,,"OVER $1,500",08/01/2025 11:20:00 AM,IMPROPER TURNING/NO SIGNAL,UNABLE TO DETERMINE,1304,W,21ST ST,1235,,,,,,,2,NO INDICATION OF INJURY,0,0,0,0,0,1,0,9,6,8,41.8543874785,-87.6590448733,POINT (-87.659044873284 41.854387478548)
2a0b26fe7616200b9529e15d0d32c7272cf504426dcf4493ce9ba07f38f2ab3f1473315986cfaaa07ab19d04fe30184edf2befa07b541a895f4dc4d14875b63c,,08/01/2025 09:00:00 AM,20,UNKNOWN,UNKNOWN,CLEAR,DAYLIGHT,SIDESWIPE SAME DIRECTION,NOT DIVIDED,,STRAIGHT AND LEVEL,DRY,UNKNOWN,ON SCENE,NO INJURY / DRIVE AWAY,,,,"$501 - $1,500",08/01/2025 09:10:00 AM,IMPROPER OVERTAKING/PASSING,IMPROPER OVERTAKING/PASSING,800,N,MICHIGAN AVE,1833,,,,,,,2,NO INDICATION OF INJURY,0,0,0,0,0,2,0,9,6,8,41.896790572,-87.6243806554,POINT (-87.624380655444 41.896790572039)
55ad901fee775312f5485be962071bc71f3caf83d89bbc7c64ebfdb8f504265504b8cca12e1983367be6c603ed85a197f625a40075134992ab091464eae96de4,,08/01/2025 09:00:00 AM,20,STOP SIGN/FLASHER,FUNCTIONING PROPERLY,UNKNOWN,UNKNOWN,PARKED MOTOR VEHICLE,FOUR WAY,,STRAIGHT AND LEVEL,UNKNOWN,UNKNOWN,ON SCENE,NO INJURY / DRIVE AWAY,Y,,Y,"OVER $1,500",08/01/2025 09:40:00 AM,UNABLE TO DETERMINE,UNABLE TO DETERMINE,417,E,80TH ST,631,,,,,,,2,NO INDICATION OF INJURY,0,0,0,0,0,1,0,9,6,8,41.7491973321,-87.6140319357,POINT (-87.614031935667 41.74919733212)
7e08e1f588a4c6b1db845e94f96f17719ee710d62991966cf97b8bdc4197774afad07292ba9ba055a38ddb69d5cebbbcf471e645b4356c92804ad18091cf2928,,08/01/2025 09:00:00 AM,30,TRAFFIC SIGNAL,FUNCTIONING PROPERLY,CLEAR,DAYLIGHT,ANGLE,FOUR WAY,,STRAIGHT AND LEVEL,DRY,NO DEFECTS,NOT ON SCENE (DESK REPORT),NO INJURY / DRIVE AWAY,Y,,,"OVER $1,500",08/04/2025 12:15:00 PM,DISREGARDING TRAFFIC SIGNALS,FAILING TO REDUCE SPEED TO AVOID CRASH,501,N,LAKE SHORE DR,1834,,,,,,,2,NO INDICATION OF INJURY,0,0,0,0,0,2,0,9,6,8,41.8911703383,-87.6140992405,POINT (-87.614099240532 41.891170338344)
84c7f841032b0c7cfe84f8e39ab1a719176f694b6e6006e7e3f775e274620f5605ee87a85da3aa9a81d4ae44a4d523d8f1ab6153f5fce9a9629a43d833cd29e5,,08/01/2025 09:00:00 AM,30,NO CONTROLS,UNKNOWN,CLEAR,DAYLIGHT,PARKED MOTOR VEHICLE,NOT DIVIDED,,STRAIGHT AND LEVEL,UNKNOWN,UNKNOWN,NOT ON SCENE (DESK REPORT),NO INJURY / DRIVE AWAY,,,,$500 OR LESS,08/01/2025 02:00:00 PM,UNABLE TO DETERMINE,NOT APPLICABLE,2001,S,DEARBORN ST,131,,,,,,,2,NO INDICATION OF INJURY,0,0,0,0,0,1,0,9,6,8,41.8554067921,-87.6285264079,POINT (-87.62852640794 41.855406792073)
bf69337cb58f724f0b29db1517eebc07a7ababe9e94469f60fccd73ca45eab965084890a3893032529b65ed60ae3b19dab3452d1e6ca39461251c8d549d46ad2,,08/01/2025 09:00:00 AM,30,NO CONTROLS,NO CONTROLS,UNKNOWN,UNKNOWN,PARKED MOTOR VEHICLE,NOT DIVIDED,,STRAIGHT AND LEVEL,UNKNOWN,UNKNOWN,ON SCENE,NO INJURY / DRIVE AWAY,,,Y,"OVER $1,500",08/01/2025 09:10:00 AM,UNABLE TO DETERMINE,NOT APPLICABLE,5510,W,MONTROSE AVE,1623,,,,,,,2,NO INDICATION OF INJURY,0,0,0,0,0,1,0,9,6,8,41.9606151008,-87.7652857369,POINT (-87.765285736882 41.960615100801)
ec87ef65b3fb73b916d66cc160d28493c2397c0a3ff43505581cb8d47a5df3fb011b0397978158540abde46b53a2b868bd671947d2f6e93d1ed1b9e42e21ce99,,08/01/2025 09:00:00 AM,30,NO CONTROLS,NO CONTROLS,CLEAR,DAYLIGHT,SIDESWIPE SAME DIRECTION,NOT DIVIDED,,STRAIGHT AND LEVEL,DRY,NO DEFECTS,ON SCENE,NO INJURY / DRIVE AWAY,,,Y,"$501 - $1,500",08/01/2025 09:09:00 AM,UNABLE TO DETERMINE,UNABLE TO DETERMINE,1658,N,MILWAUKEE AVE,1434,,,,,,,2,NO INDICATION OF INJURY,0,0,0,0,0,2,0,9,6,8,41.9114428702,-87.6793344718,POINT (-87.679334471847 41.911442870211)
3007e35a9de33d63998946e06cfbff60270141a97ac08bf9f37a5bc9a57a57974ceabee03f589369cdd375e43d2c4d16330dd2c0e1ef5fbde8b558bb59fc3e77,,08/01/2025 08:53:00 AM,30,TRAFFIC SIGNAL,FUNCTIONING PROPERLY,CLEAR,DAYLIGHT,TURNING,NOT DIVIDED,,STRAIGHT AND LEVEL,DRY,NO DEFECTS,ON SCENE,INJURY AND / OR TOW DUE TO CRASH,Y,,,"OVER $1,500",08/01/2025 08:53:00 AM,UNABLE TO DETERMINE,NOT APPLICABLE,5100,S,RACINE AVE,934,,,,,,,3,NONINCAPACITATING INJURY,1,0,0,1,0,3,0,8,6,8,41.8013582643,-87.6552031973,POINT (-87.655203197348 41.801358264272)
a47cfc0a0a86dd743f69092ed2c0c5e65cf25720adc1c1c7a66e5a25c8d421fcbdb0e91e9c6c5c48a952e46b723b8d248a96ba9849aaa44b165e0853a5676606,,08/01/2025 08:53:00 AM,30,TRAFFIC SIGNAL,FUNCTIONING PROPERLY,CLEAR,DAYLIGHT,REAR END,FOUR WAY,,STRAIGHT AND LEVEL,DRY,NO DEFECTS,NOT ON SCENE (DESK REPORT),NO INJURY / DRIVE AWAY,,,,"$501 - $1,500",08/01/2025 09:00:00 AM,FOLLOWING TOO CLOSELY,FOLLOWING TOO CLOSELY,7130,N,RIDGE BLVD,2411,,,,,,,3,NO INDICATION OF INJURY,0,0,0,0,0,3,0,8,6,8,42.0121459451,-87.6831805288,POINT (-87.683180528806 42.012145945108)
2fb0eb90376d9dc95ff7d4b4d93ad3ec48d29f53105d6fc5f8b8ebd038ff85cf7d2878270a55b59bb5960dba78f0d120430505a30bceaab2a4b895d9b5b451ec,,08/01/2025 08:52:00 AM,20,NO CONTROLS,NO CONTROLS,CLEAR,DAYLIGHT,FIXED OBJECT,ONE-WAY,,STRAIGHT AND LEVEL,DRY,NO DEFECTS,ON SCENE,INJURY AND / OR TOW DUE TO CRASH,,Y,,"OVER $1,500",08/01/2025 08:53:00 AM,DRIVING SKILLS/KNOWLEDGE/EXPERIENCE,DRIVING SKILLS/KNOWLEDGE/EXPERIENCE,1204,W,BALMORAL AVE,2013,,,,,,,1,NONINCAPACITATING INJURY,2,0,0,2,0,0,0,8,6,8,41.9800773033,-87.6602264077,POINT (-87.660226407674 41.980077303257)
f8491a35715f4dac1ff06a28e047f88a8c4eca95395a842408e587364014e189f2e785d0c872658e50af02350960325f43b061ffec6c00883d17784b2cf3c216,,08/01/2025 08:49:00 AM,30,NO CONTROLS,NO CONTROLS,CLEAR,DAYLIGHT,TURNING,DIVIDED - W/MEDIAN (NOT RAISED),,STRAIGHT AND LEVEL,DRY,UNKNOWN,NOT ON SCENE (DESK REPORT),NO INJURY / DRIVE AWAY,,,Y,"OVER $1,500",08/01/2025 09:15:00 AM,DRIVING SKILLS/KNOWLEDGE/EXPERIENCE,UNABLE TO DETERMINE,3241,W,NORTH AVE,1422,,,,,,,2,NO INDICATION OF INJURY,0,0,0,0,0,2,0,8,6,8,41.9099820224,-87.708656982,POINT (-87.708656981997 41.909982022375)
c4fb335422d964ee15cfede762b29ae30dc0c1fb6d70f1ef919d9626b745fd139fe69c6decb19c981a511e16030c4287ec8293ca8522ab3322078e1a4a61b310,,08/01/2025 08:45:00 AM,30,TRAFFIC SIGNAL,FUNCTIONING PROPERLY,CLEAR,DAYLIGHT,SIDESWIPE SAME DIRECTION,FOUR WAY,,STRAIGHT AND LEVEL,DRY,NO DEFECTS,ON SCENE,INJURY AND / OR TOW DUE TO CRASH,Y,,,"OVER $1,500",08/01/2025 08:49:00 AM,IMPROPER OVERTAKING/PASSING,FAILING TO YIELD RIGHT-OF-WAY,3499,S,EMERALD AVE,915,,,,,,,2,NONINCAPACITATING INJURY,1,0,0,1,0,2,0,8,6,8,41.8308597212,-87.6447452565,POINT (-87.644745256531 41.830859721223)