CRASH_RECORD_ID,CRASH_DATE_EST_I,CRASH_DATE,POSTED_SPEED_LIMIT,TRAFFIC_CONTROL_DEVICE,DEVICE_CONDITION,WEATHER_CONDITION,LIGHTING_CONDITION,FIRST_CRASH_TYPE,TRAFFICWAY_TYPE,LANE_CNT,ALIGNMENT,ROADWAY_SURFACE_COND,ROAD_DEFECT,REPORT_TYPE,CRASH_TYPE,INTERSECTION_RELATED_I,NOT_RIGHT_OF_WAY_I,HIT_AND_RUN_I,DAMAGE,DATE_POLICE_NOTIFIED,PRIM_CONTRIBUTORY_CAUSE,SEC_CONTRIBUTORY_CAUSE,STREET_NO,STREET_DIRECTION,STREET_NAME,BEAT_OF_OCCURRENCE,PHOTOS_TAKEN_I,STATEMENTS_TAKEN_I,DOORING_I,WORK_ZONE_I,WORK_ZONE_TYPE,WORKERS_PRESENT_I,NUM_UNITS,MOST_SEVERE_INJURY,INJURIES_TOTAL,INJURIES_FATAL,INJURIES_INCAPACITATING,INJURIES_NON_INCAPACITATING,INJURIES_REPORTED_NOT_EVIDENT,INJURIES_NO_INDICATION,INJURIES_UNKNOWN,CRASH_HOUR,CRASH_DAY_OF_WEEK,CRASH_MONTH,LATITUDE,LONGITUDE,LOCATION
d9b3f3fd666a36d22ad19f3cb859b44344e48a6359d4034c2dd47a95f96bac281555d37033cac36534c924dcedfd803b7d9cdbedc9fb1f4408ed49a5adb0a8ea,,08/01/2025 08:42:00 AM,30,UNKNOWN,UNKNOWN,CLEAR,DAYLIGHT,PEDALCYCLIST,NOT DIVIDED,,STRAIGHT AND LEVEL,DRY,UNKNOWN,ON SCENE,INJURY AND / OR TOW DUE TO CRASH,,,,"OVER $1,500",08/01/2025 08:51:00 AM,FAILING TO YIELD RIGHT-OF-WAY,UNABLE TO DETERMINE,1938,W,AUGUSTA BLVD,1212,,,,,,,2,NONINCAPACITATING INJURY,4,0,0,4,0,0,0,8,6,8,41.8996760028,-87.6762503504,POINT (-87.676250350355 41.899676002811)
77b42441a2feae713224a121aa883774570f064b7e47e7fd82913d025d5c62bd1f709032b41aa5eb7f6bcebc89cbced4529587ce891be421e73c872d4e7e961a,,08/01/2025 08:40:00 AM,30,NO CONTROLS,NO CONTROLS,CLEAR,DAYLIGHT,ANGLE,NOT DIVIDED,,STRAIGHT AND LEVEL,DRY,NO DEFECTS,NOT ON SCENE (DESK REPORT),NO INJURY / DRIVE AWAY,,,,"OVER $1,500",08/01/2025 08:55:00 AM,FAILING TO YIELD RIGHT-OF-WAY,IMPROPER LANE USAGE,2405,W,ROOSEVELT RD,1023,Y,,,,,,2,NO INDICATION OF INJURY,0,0,0,0,0,2,0,8,6,8,41.8665000131,-87.686247063,POINT (-87.686247062988 41.866500013137)
e4cb8b3d7a34abd03b3e00c2cd74991f9fee99568bf39d0aa4266c58d069b7e6c1ceb5e9dd61f04f0a1b5ef3c68a2eed73785ba8154ca0e97b43f2377c902fa4,,08/01/2025 08:30:00 AM,15,NO CONTROLS,NO CONTROLS,CLEAR,DAYLIGHT,FIXED OBJECT,NOT DIVIDED,,STRAIGHT AND LEVEL,DRY,NO DEFECTS,ON SCENE,NO INJURY / DRIVE AWAY,,,,$500 OR LESS,08/01/2025 08:40:00 AM,UNABLE TO DETERMINE,NOT APPLICABLE,1027,W,WAVELAND AVE,1923,,,,,,,1,NO INDICATION OF INJURY,0,0,0,0,0,2,0,8,6,8,41.948916195,-87.6554531762,POINT (-87.655453176158 41.948916195009)
16c09d97c5837e51a3b6cc7b86b6ec28d2fa1c00f45b58469b3ee91ee2964ac51625be07930904a1f815e8e2be1869ef22bef4250e4abffe35fdf705c0097d9e,,08/01/2025 08:28:00 AM,30,NO CONTROLS,NO CONTROLS,CLEAR,DAYLIGHT,HEAD ON,PARKING LOT,,STRAIGHT AND LEVEL,DRY,UNKNOWN,,NO INJURY / DRIVE AWAY,,,,"OVER $1,500",08/01/2025 10:00:00 AM,IMPROPER TURNING/NO SIGNAL,UNABLE TO DETERMINE,1380,W,LAKE ST,1215,,,,,,,2,NO INDICATION OF INJURY,0,0,0,0,0,2,0,8,6,8,41.885535212,-87.6618972478,POINT (-87.66189724784 41.885535211997)
72f439338ab7f1e64edf7128830e42dd81f59fb1306495f290bcf572d794c898d39f2c8b3f962b7659d3e46896f539153fdfc7b9936e824a36c5c6a1f20414a9,,08/01/2025 08:00:00 AM,30,TRAFFIC SIGNAL,FUNCTIONING PROPERLY,CLEAR,DAYLIGHT,REAR END,FOUR WAY,,STRAIGHT AND LEVEL,DRY,NO DEFECTS,NOT ON SCENE (DESK REPORT),NO INJURY / DRIVE AWAY,Y,,,"$501 - $1,500",08/01/2025 08:15:00 AM,FOLLOWING TOO CLOSELY,UNABLE TO DETERMINE,6357,N,PULASKI RD,1711,,,,,,,2,NO INDICATION OF INJURY,0,0,0,0,0,2,0,8,6,8,41.99704248,-87.7287644639,POINT (-87.728764463908 41.997042479986)
ad52b6961615962727119e0a547d9a511d0b49bf33e4bc97ca5daf0af6e0351745ca1749c13d471bc1f017fbef30abddf3ce88f74db3d5e3369a9faa01cca22c,,08/01/2025 08:00:00 AM,20,NO CONTROLS,UNKNOWN,UNKNOWN,UNKNOWN,PARKED MOTOR VEHICLE,ONE-WAY,,STRAIGHT AND LEVEL,UNKNOWN,UNKNOWN,ON SCENE,INJURY AND / OR TOW DUE TO CRASH,Y,,Y,"OVER $1,500",08/01/2025 08:17:00 AM,UNABLE TO DETERMINE,UNABLE TO DETERMINE,7601,S,CHAMPLAIN AVE,624,,,,,,,2,NO INDICATION OF INJURY,0,0,0,0,0,1,0,8,6,8,41.756603176,-87.6088549817,POINT (-87.608854981669 41.75660317596)
c54f56e553f017db77448acca833d1b998c6c6cc9ad25239498d18287a7af5a8f9c3fbcf18e2b262fd3dab0657410136b96dc19391c7a0c410800186e4b94589,,08/01/2025 08:00:00 AM,30,NO CONTROLS,NO CONTROLS,CLEAR,DAYLIGHT,REAR TO FRONT,FOUR WAY,,STRAIGHT AND LEVEL,DRY,NO DEFECTS,,NO INJURY / DRIVE AWAY,,,Y,"$501 - $1,500",08/01/2025 08:30:00 AM,IMPROPER BACKING,IMPROPER BACKING,1529,W,FULLERTON AVE,1811,,,,,,,2,NO INDICATION OF INJURY,0,0,0,0,0,2,0,8,6,8,41.9250583304,-87.6669253055,POINT (-87.666925305529 41.925058330354)
0bf5916faf138241b925e89195a517ff667efe8893053691e8e53bb2ff55f43a1bfaa5b45accf885e9e7349d2edab2d659de22acc5354f83457428b3ce1f0246,Y,08/01/2025 07:40:00 AM,30,TRAFFIC SIGNAL,FUNCTIONING PROPERLY,CLEAR,DAYLIGHT,SIDESWIPE SAME DIRECTION,NOT DIVIDED,,STRAIGHT AND LEVEL,DRY,UNKNOWN,NOT ON SCENE (DESK REPORT),NO INJURY / DRIVE AWAY,,,,"OVER $1,500",08/01/2025 02:15:00 PM,UNABLE TO DETERMINE,NOT APPLICABLE,3215,N,KIMBALL AVE,1733,,,,,,,2,NO INDICATION OF INJURY,0,0,0,0,0,2,0,7,6,8,41.9397353571,-87.7123713842,POINT (-87.712371384171 41.93973535712)
f73c3e3b9b0b7adf497cfd0f900173dfe4e34b2dc6613206e9f6f6f6720307b352f1afe250ba23c302edd9f50b1296860694f3ca9354f9b1fd93d87d05ab32e8,,08/01/2025 07:37:00 AM,30,NO CONTROLS,NO CONTROLS,CLEAR,DAYLIGHT,SIDESWIPE SAME DIRECTION,NOT DIVIDED,,STRAIGHT AND LEVEL,DRY,NO DEFECTS,ON SCENE,INJURY AND / OR TOW DUE TO CRASH,,,Y,"OVER $1,500",08/01/2025 07:41:00 AM,UNABLE TO DETERMINE,NOT APPLICABLE,1531,W,LAWRENCE AVE,1912,,,,,,,2,NO INDICATION OF INJURY,0,0,0,0,0,2,0,7,6,8,41.9687709178,-87.6687833671,POINT (-87.668783367091 41.968770917787)
aee7f5df5eb92491aeaa68deedee1ee2ebe6e9da596227e3d59fb1f0e64574ae15b69854078d70cf511a9910d5e6117c6bb6618e1a78a28110deee21840a32fe,,08/01/2025 07:30:00 AM,20,NO CONTROLS,NO CONTROLS,CLEAR,DAYLIGHT,PARKED MOTOR VEHICLE,NOT DIVIDED,,STRAIGHT AND LEVEL,DRY,NO DEFECTS,NOT ON SCENE (DESK REPORT),NO INJURY / DRIVE AWAY,,,,"OVER $1,500",08/01/2025 07:30:00 PM,FAILING TO REDUCE SPEED TO AVOID CRASH,NOT APPLICABLE,2033,W,WARNER AVE,1911,,,,,,,2,NO INDICATION OF INJURY,0,0,0,0,0,1,0,7,6,8,41.9567638364,-87.6802368862,POINT (-87.680236886242 41.956763836383)
e954720a720a839796a5e6257ea148b13f282772cf48c389389d38b1e650c5dbbd37ba035c1e5030a474f12669b43dbf84bf6a8a1a02e575b66a10f1c607dff6,,08/01/2025 07:30:00 AM,10,NO CONTROLS,NO CONTROLS,UNKNOWN,UNKNOWN,PARKED MOTOR VEHICLE,ALLEY,,STRAIGHT AND LEVEL,UNKNOWN,UNKNOWN,NOT ON SCENE (DESK REPORT),NO INJURY / DRIVE AWAY,,,Y,"OVER $1,500",08/01/2025 08:20:00 PM,UNABLE TO DETERMINE,NOT APPLICABLE,1447,S,KOSTNER AVE,1011,,,,,,,2,NO INDICATION OF INJURY,0,0,0,0,0,1,0,7,6,8,41.8609901355,-87.7346581255,POINT (-87.734658125517 41.860990135471)
11abbb818f717c692e7e849f26cf03f951137b07ab7c0d494d69fd41a54ded56cd14a268485ebd9c844a08bca4f5ac5a6c06114068d27941e5f4d3a6b9530841,,08/01/2025 07:20:00 AM,30,NO CONTROLS,NO CONTROLS,CLEAR,DAYLIGHT,PARKED MOTOR VEHICLE,ONE-WAY,,STRAIGHT AND LEVEL,DRY,NO DEFECTS,ON SCENE,NO INJURY / DRIVE AWAY,,,Y,"OVER $1,500",08/01/2025 07:30:00 AM,UNABLE TO DETERMINE,UNABLE TO DETERMINE,2016,W,WARNER AVE,1911,,,,,,,2,NO INDICATION OF INJURY,0,0,0,0,0,1,0,7,6,8,41.9569931207,-87.679527174,POINT (-87.679527173977 41.956993120745)
bae5d7842d13659529681a7fea854a9ec2a1d139f5ffc36ed375ddcdad4274d01414918c590cce03027e36b10a045f19359243d765a24de6ba57c276faf802af,,08/01/2025 07:10:00 AM,30,NO CONTROLS,NO CONTROLS,CLEAR,DAYLIGHT,TURNING,NOT DIVIDED,,STRAIGHT AND LEVEL,DRY,NO DEFECTS,NOT ON SCENE (DESK REPORT),NO INJURY / DRIVE AWAY,,,,"OVER $1,500",08/01/2025 08:15:00 AM,UNABLE TO DETERMINE,UNABLE TO DETERMINE,7041,W,ARCHER AVE,811,,,,,,,2,NO INDICATION OF INJURY,0,0,0,0,0,2,0,7,6,8,41.7919046579,-87.7981338503,POINT (-87.798133850298 41.791904657852)
28901df7785e9f8ea9d4a017df811e7ba88b7cf7e533dfe5de99ef345923392c984ca78bb196b3d618852dbf413b31df4b1f99019e4759e804a249722bd78d3c,,08/01/2025 07:05:00 AM,35,NO CONTROLS,FUNCTIONING IMPROPERLY,CLEAR,DAYLIGHT,REAR END,NOT DIVIDED,,STRAIGHT AND LEVEL,DRY,NO DEFECTS,NOT ON SCENE (DESK REPORT),NO INJURY / DRIVE AWAY,,,,"$501 - $1,500",08/01/2025 08:40:00 AM,UNABLE TO DETERMINE,UNABLE TO DETERMINE,1709,W,MONTROSE AVE,1912,,,,,,,2,NO INDICATION OF INJURY,0,0,0,0,0,2,0,7,6,8,41.9614549265,-87.6712492253,POINT (-87.67124922532 41.961454926513)
0355751b5e6e7fbfdd3f74f37541b616b779d6e71990732312a5c69397f3ab5f9e3cefda53473b25eed9fa5eda6accf367950dcb8f40e2e6aeb1664886286ccd,,08/01/2025 07:00:00 AM,30,NO CONTROLS,NO CONTROLS,CLEAR,DAYLIGHT,PARKED MOTOR VEHICLE,ONE-WAY,,STRAIGHT AND LEVEL,DRY,NO DEFECTS,ON SCENE,NO INJURY / DRIVE AWAY,,,Y,"OVER $1,500",08/01/2025 08:20:00 AM,NOT APPLICABLE,NOT APPLICABLE,1217,W,81ST ST,613,,,,,,,2,NO INDICATION OF INJURY,0,0,0,0,0,1,0,7,6,8,41.7467367874,-87.6543689021,POINT (-87.654368902104 41.746736787434)
1a5ce89eae2083fcc312d9551e93942e1273fa7e0f47cb1ad3d5f62bb72b09de02b7b03e656b874c0c43881c6ccbf1ac932b862ac3b7814631c194a556ca530b,Y,08/01/2025 07:00:00 AM,30,NO CONTROLS,NO CONTROLS,CLEAR,DAYLIGHT,PARKED MOTOR VEHICLE,ONE-WAY,,STRAIGHT AND LEVEL,DRY,NO DEFECTS,NOT ON SCENE (DESK REPORT),NO INJURY / DRIVE AWAY,,,Y,"OVER $1,500",08/01/2025 09:00:00 PM,UNABLE TO DETERMINE,UNABLE TO DETERMINE,6153,N,CLAREMONT AVE,2413,,,,,,,2,NO INDICATION OF INJURY,0,0,0,0,0,1,0,7,6,8,41.993855169,-87.6883954253,POINT (-87.68839542531 41.993855169042)
7cfe68e03c35a7a6cfb9c464645d226f5caab88beb2dadf36565630753facc60230d9c9fc1b6ab53439c42eb31e7bbe475bc54ac9431785ab0a43fe408f6888d,,08/01/2025 07:00:00 AM,30,UNKNOWN,UNKNOWN,CLEAR,DAYLIGHT,SIDESWIPE SAME DIRECTION,DIVIDED - W/MEDIAN (NOT RAISED),,STRAIGHT AND LEVEL,DRY,NO DEFECTS,ON SCENE,NO INJURY / DRIVE AWAY,,,,"OVER $1,500",08/01/2025 07:22:00 AM,IMPROPER OVERTAKING/PASSING,NOT APPLICABLE,1549,N,CICERO AVE,2533,,,,,,,2,NO INDICATION OF INJURY,0,0,0,0,0,2,0,7,6,8,41.909252413,-87.7459682386,POINT (-87.745968238585 41.909252412982)
06ac944118b3b50c68961d628e2df402656e3f361ed161304e21a2d72c0f131172d2c7bf1c52efd74fcf5c94a9244ecb92109cc4beb39ff8b411f2a2e6d52340,,08/01/2025 06:50:00 AM,35,NO CONTROLS,NO CONTROLS,CLEAR,DAYLIGHT,TURNING,DIVIDED - W/MEDIAN (NOT RAISED),,STRAIGHT AND LEVEL,DRY,NO DEFECTS,ON SCENE,INJURY AND / OR TOW DUE TO CRASH,,,,"OVER $1,500",08/01/2025 06:50:00 AM,FAILING TO YIELD RIGHT-OF-WAY,NOT APPLICABLE,4435,W,DIVISION ST,1111,,,,,,,2,NO INDICATION OF INJURY,0,0,0,0,0,3,0,6,6,8,41.9023782288,-87.737516848,POINT (-87.737516847975 41.902378228785)
4330a5826729e34a3e56cafe3620e369bf98e0fbdc62c52ab3df7d5995aaaed5bd29ed8157a8840df1fdf530ddfa63b71994e25b19f66f2091343a770e376c84,,08/01/2025 06:46:00 AM,30,NO CONTROLS,NO CONTROLS,CLEAR,DAYLIGHT,PEDALCYCLIST,NOT DIVIDED,,STRAIGHT AND LEVEL,DRY,NO DEFECTS,ON SCENE,INJURY AND / OR TOW DUE TO CRASH,,,,"OVER $1,500",08/01/2025 06:46:00 AM,FAILING TO YIELD RIGHT-OF-WAY,UNABLE TO DETERMINE,1397,W,WILSON AVE,1913,,,,,,,2,INCAPACITATING INJURY,1,0,1,0,0,1,0,6,6,8,41.9651783511,-87.6653457158,POINT (-87.665345715797 41.965178351123)
065e6b814490f5532e0f86653479e5f0ca7ffb952c215144472d45d5baaded24c78d21fdb2c49692fcc32f341690a1767897151376f5cf4a12d8b6ae1a378c47,,08/01/2025 06:45:00 AM,30,NO CONTROLS,NO CONTROLS,CLEAR,DAYLIGHT,SIDESWIPE SAME DIRECTION,NOT DIVIDED,,STRAIGHT AND LEVEL,DRY,NO DEFECTS,ON SCENE,INJURY AND / OR TOW DUE TO CRASH,,,Y,"OVER $1,500",08/01/2025 07:00:00 AM,IMPROPER TURNING/NO SIGNAL,NOT APPLICABLE,1214,S,WESTERN AVE,1023,,,,,,,2,NO INDICATION OF INJURY,0,0,0,0,0,2,0,6,6,8,41.8661323127,-87.6861733951,POINT (-87.686173395108 41.866132312696)
fe3f0359d16f66db55928126958cc48f74022947a2a918f5552d1415c33ccb4a672424248dc034ff653b2cab8f598c2178647906b174624ea832c9c353dd2ab1,,08/01/2025 06:35:00 AM,30,TRAFFIC SIGNAL,FUNCTIONING PROPERLY,CLEAR,DAYLIGHT,SIDESWIPE SAME DIRECTION,ONE-WAY,,STRAIGHT AND LEVEL,DRY,DEBRIS ON ROADWAY,ON SCENE,NO INJURY / DRIVE AWAY,N,,,"$501 - $1,500",08/01/2025 06:41:00 AM,UNABLE TO DETERMINE,UNABLE TO DETERMINE,2030,W,CONGRESS PKWY,1225,,,,,,,2,NO INDICATION OF INJURY,0,0,0,0,0,2,0,6,6,8,41.8751100729,-87.6777916377,POINT (-87.677791637701 41.875110072949)
0da3ec2e439f27bb518b913c5b92a2a28182a530b58e2b5562e1d810b9f03acb808e2aedf111b6bc65e1f2faea9cf4f42f18e9d70b28a6b911eb226a3733bd54,,08/01/2025 06:29:00 AM,35,NO CONTROLS,NO CONTROLS,CLEAR,DAYLIGHT,ANGLE,DIVIDED - W/MEDIAN (NOT RAISED),,STRAIGHT ON GRADE,UNKNOWN,UNKNOWN,ON SCENE,INJURY AND / OR TOW DUE TO CRASH,,,,"OVER $1,500",08/01/2025 06:29:00 AM,"VISION OBSCURED (SIGNS, TREE LIMBS, BUILDINGS, ETC.)",UNABLE TO DETERMINE,10323,S,PULASKI RD,2211,,,,,,,2,"REPORTED, NOT EVIDENT",2,0,0,0,2,0,0,6,6,8,41.7051605829,-87.7207437519,POINT (-87.7207437519 41.70516058286)
4af79a049e10909ec72f7a68a7084b636ce8c695e6356f0842c2b2180fd5af5083f5496ce5d945af76516fc09240b773305bca1d4fd0cc13d5792c987851cb0c,,08/01/2025 06:20:00 AM,30,STOP SIGN/FLASHER,FUNCTIONING PROPERLY,CLEAR,DAYLIGHT,ANGLE,T-INTERSECTION,,STRAIGHT AND LEVEL,DRY,UNKNOWN,NOT ON SCENE (DESK REPORT),NO INJURY / DRIVE AWAY,Y,,,"OVER $1,500",08/01/2025 05:00:00 PM,UNABLE TO DETERMINE,NOT APPLICABLE,6800,S,JEFFERY BLVD,332,,,,,,,2,NO INDICATION OF INJURY,0,0,0,0,0,2,0,6,6,8,41.7715353798,-87.5765919826,POINT (-87.576591982646 41.77153537983)
ec9afb05ced2125c94f8b96b3772a932b349ec70a4ad678457098171b4e771089ebe82a0b3d37fe9e7b8e75705bf20dbec11a3dea78deaadeddf43f8d444e263,,08/01/2025 06:15:00 AM,30,NO CONTROLS,NO CONTROLS,CLEAR,DAYLIGHT,REAR END,OTHER,,STRAIGHT AND LEVEL,DRY,NO DEFECTS,ON SCENE,NO INJURY / DRIVE AWAY,,,,"$501 - $1,500",08/01/2025 06:53:00 AM,FOLLOWING TOO CLOSELY,NOT APPLICABLE,10000,W,OHARE ST,1651,,,,,,,2,NO INDICATION OF INJURY,0,0,0,0,0,2,0,6,6,8,41.976201139,-87.9053091251,POINT (-87.905309125103 41.976201139024)
5a55583fa37cb8a036d76d116dee0d87586e1e4d53cc763a99fcb0e0e0ac64d973fafb82302ffd83a5d1d85d7c239bdc5a174299e08d66d7b6a85f0aa776495f,,08/01/2025 06:00:00 AM,30,NO CONTROLS,NO CONTROLS,CLEAR,DAYLIGHT,PARKED MOTOR VEHICLE,ONE-WAY,,STRAIGHT AND LEVEL,DRY,NO DEFECTS,NOT ON SCENE (DESK REPORT),NO INJURY / DRIVE AWAY,,,Y,"OVER $1,500",08/01/2025 07:36:00 AM,UNABLE TO DETERMINE,UNABLE TO DETERMINE,3705,W,66TH ST,833,,,,,,,3,NO INDICATION OF INJURY,0,0,0,0,0,1,0,6,6,8,41.7731935808,-87.7155409368,POINT (-87.715540936805 41.773193580758)
4cc7c795c5400db79f1120392f01a8a09df9571c2c04537a3e92da4f3d7ca974d294e3a18fea9afd80c67a0e896c7323896c75c6c417e0c53f5dc246fd23c883,,08/01/2025 05:57:00 AM,30,NO CONTROLS,NO CONTROLS,CLEAR,DAYLIGHT,SIDESWIPE SAME DIRECTION,NOT DIVIDED,,STRAIGHT AND LEVEL,DRY,NO DEFECTS,ON SCENE,NO INJURY / DRIVE AWAY,,,,"OVER $1,500",08/01/2025 07:05:00 AM,UNABLE TO DETERMINE,UNABLE TO DETERMINE,4400,N,ASHLAND AVE,1912,,,,,,,2,NO INDICATION OF INJURY,0,0,0,0,0,2,0,5,6,8,41.9616790904,-87.6694091294,POINT (-87.669409129418 41.961679090404)
2e08f397fac91cfa88790f2386cb85c5f3509d569021de7099676c5bd9ead3a5de08623bee3355fe89255758e4ce7f4b843f579c007e971014432751d5aef7ba,,08/01/2025 05:55:00 AM,30,TRAFFIC SIGNAL,FUNCTIONING PROPERLY,CLEAR,DAYLIGHT,ANGLE,FOUR WAY,,STRAIGHT AND LEVEL,DRY,NO DEFECTS,ON SCENE,INJURY AND / OR TOW DUE TO CRASH,Y,,,"OVER $1,500",08/01/2025 05:55:00 AM,FAILING TO YIELD RIGHT-OF-WAY,NOT APPLICABLE,6858,S,HALSTED ST,723,,,,,,,2,NONINCAPACITATING INJURY,1,0,0,1,0,2,0,5,6,8,41.7689262968,-87.644655997,POINT (-87.644655997031 41.768926296845)
162c053b3c503ce901855a7cdb3f89aa38b7eb6ef64c46894a949dc08043ba2e2bca60013d1e989bad19247e748003781254c1fad8f1577b0d600094f970c4af,,08/01/2025 05:45:00 AM,30,UNKNOWN,UNKNOWN,UNKNOWN,UNKNOWN,REAR END,NOT DIVIDED,,STRAIGHT AND LEVEL,UNKNOWN,UNKNOWN,NOT ON SCENE (DESK REPORT),NO INJURY / DRIVE AWAY,,,Y,"OVER $1,500",08/01/2025 04:00:00 PM,UNABLE TO DETERMINE,UNABLE TO DETERMINE,1142,S,CICERO AVE,1533,,,,,,,4,NO INDICATION OF INJURY,0,0,0,0,0,4,0,5,6,8,41.8659741961,-87.7449034944,POINT (-87.744903494382 41.865974196113)
350e9461edd78920e04c90d6b660f7ca0ca404c318e5cb7a8fd2a6b933a9c6ab2faa2cbb6291a6189d493e097a433b8e32dac372934cc55b90d1f6b1d5dfe414,,08/01/2025 05:00:00 AM,30,NO CONTROLS,NO CONTROLS,CLEAR,"DARKNESS, LIGHTED ROAD",PARKED MOTOR VEHICLE,DIVIDED - W/MEDIAN (NOT RAISED),,STRAIGHT AND LEVEL,UNKNOWN,UNKNOWN,NOT ON SCENE (DESK REPORT),NO INJURY / DRIVE AWAY,,,Y,"$501 - $1,500",08/04/2025 12:06:00 AM,UNABLE TO DETERMINE,UNABLE TO DETERMINE,936,N,WESTERN AVE,1212,,,,,,,2,NO INDICATION OF INJURY,0,0,0,0,0,1,0,5,6,8,41.8986390788,-87.6870644917,POINT (-87.687064491738 41.898639078754)
09e81df5378c1f73f61a83ad99e76e5b0ee720f17d712640e84df13c4e93dec32be874d8b1727092f08cd1d556061b99ea52fee887673cd314954344b825b56d,,08/01/2025 04:30:00 AM,25,TRAFFIC SIGNAL,FUNCTIONING PROPERLY,CLEAR,DAWN,ANGLE,NOT DIVIDED,,STRAIGHT AND LEVEL,DRY,UNKNOWN,,NO INJURY / DRIVE AWAY,Y,,,$500 OR LESS,08/01/2025 05:05:00 AM,UNABLE TO DETERMINE,UNABLE TO DETERMINE,3205,W,GRAND AVE,1121,,,,,,,2,NO INDICATION OF INJURY,0,0,0,0,0,2,0,4,6,8,41.8982916788,-87.7069110719,POINT (-87.706911071944 41.898291678765)
4f761ba7c73713294baf249ffe0d70be7f531a910dd808c115d021ace7bf57eb48018a280433215901f096879add066e8bbf9a92c7c6e161cd31910cf7143718,,08/01/2025 04:13:00 AM,30,TRAFFIC SIGNAL,FUNCTIONING PROPERLY,CLEAR,"DARKNESS, LIGHTED ROAD",TURNING,DIVIDED - W/MEDIAN BARRIER,,STRAIGHT AND LEVEL,DRY,UNKNOWN,ON SCENE,INJURY AND / OR TOW DUE TO CRASH,Y,,,"OVER $1,500",08/01/2025 04:18:00 AM,DISREGARDING TRAFFIC SIGNALS,FAILING TO REDUCE SPEED TO AVOID CRASH,200,S,LOWER WACKER DR,122,,,,,,,2,INCAPACITATING INJURY,3,0,1,2,0,1,0,4,6,8,41.8793142816,-87.6371381832,POINT (-87.63713818324 41.879314281556)
228b6c69594004e77721d66efc9541ba8e33b26e5e83b1c3483a7b5163a44b9634c06d61bf7711f27fa8ea5a1210cbf1189eed1d6cd8b7eb4f40ce2bc7cfefa3,,08/01/2025 04:06:00 AM,30,NO CONTROLS,NO CONTROLS,CLEAR,DAYLIGHT,OTHER OBJECT,FOUR WAY,,STRAIGHT AND LEVEL,DRY,NO DEFECTS,ON SCENE,INJURY AND / OR TOW DUE TO CRASH,,,,"OVER $1,500",08/01/2025 06:06:00 AM,EQUIPMENT - VEHICLE CONDITION,UNABLE TO DETERMINE,7715,S,COTTAGE GROVE AVE,624,,,,,,,1,NO INDICATION OF INJURY,0,0,0,0,0,1,0,4,6,8,41.7544466862,-87.6051361124,POINT (-87.605136112415 41.75444668619)
18d46ea7b62da51573879b224884b2fb88173152b1492dbda9cfa5f995853cbf99778bc9133bf46a62fab0f81f3c99a34149e750ebcaff742ad0655b8080862d,,08/01/2025 04:00:00 AM,30,NO CONTROLS,NO CONTROLS,CLEAR,"DARKNESS, LIGHTED ROAD",PARKED MOTOR VEHICLE,NOT DIVIDED,,STRAIGHT AND LEVEL,DRY,NO DEFECTS,,INJURY AND / OR TOW DUE TO CRASH,,,Y,"OVER $1,500",08/01/2025 04:08:00 AM,UNABLE TO DETERMINE,NOT APPLICABLE,1942,W,CHICAGO AVE,1212,,,,,,,2,NO INDICATION OF INJURY,0,0,0,0,0,1,0,4,6,8,41.8960340802,-87.6763184209,POINT (-87.676318420942 41.896034080212)
448f4c4c6bf4437fb2587fa45f95edfb790ff35c5becc3849255044446ea1eaf5e00b18048874b19bff341a692d7bb670e368af1608f65cc018359ca254d0aa7,,08/01/2025 02:45:00 AM,30,NO CONTROLS,NO CONTROLS,CLEAR,"DARKNESS, LIGHTED ROAD",PARKED MOTOR VEHICLE,ONE-WAY,,STRAIGHT AND LEVEL,DRY,NO DEFECTS,ON SCENE,NO INJURY / DRIVE AWAY,,,,"OVER $1,500",08/01/2025 02:46:00 AM,PHYSICAL CONDITION OF DRIVER,NOT APPLICABLE,2213,N,LAPORTE AVE,2522,,,,,,,2,NO INDICATION OF INJURY,0,0,0,0,0,1,0,2,6,8,41.920974994,-87.7497609765,POINT (-87.749760976517 41.920974993983)
17c64cb24cd797ccbe8bb3826eae062999ce39a5866d0a4b329be33354462174c30cae25f24c3a9481c4d1ddf62b5e348e953cd5b9907f6f9843323e141f430b,,08/01/2025 02:39:00 AM,30,TRAFFIC SIGNAL,FUNCTIONING PROPERLY,CLEAR,"DARKNESS, LIGHTED ROAD",ANGLE,NOT REPORTED,,STRAIGHT AND LEVEL,DRY,NO DEFECTS,ON SCENE,INJURY AND / OR TOW DUE TO CRASH,Y,,,"OVER $1,500",08/01/2025 02:39:00 AM,UNABLE TO DETERMINE,UNABLE TO DETERMINE,624,N,FRANKLIN ST,1831,,Y,,,,,2,NONINCAPACITATING INJURY,1,0,0,1,0,1,0,2,6,8,41.89312554,-87.6357604248,POINT (-87.635760424789 41.893125539975)
7e94a4e4898fe3df837ffe724098e77b20e298b1fdfb7b15f62f62d4630eab57920437b71c6edf0a907a577e381465d79662d351607955b8d1af76b65f0e9aef,,08/01/2025 02:10:00 AM,25,NO CONTROLS,NO CONTROLS,CLEAR,"DARKNESS, LIGHTED ROAD",HEAD ON,NOT DIVIDED,,STRAIGHT AND LEVEL,DRY,NO DEFECTS,ON SCENE,INJURY AND / OR TOW DUE TO CRASH,,,,"OVER $1,500",08/01/2025 02:11:00 AM,DRIVING ON WRONG SIDE/WRONG WAY,FAILING TO REDUCE SPEED TO AVOID CRASH,511,S,KILBOURN AVE,1131,,,,,,,2,NONINCAPACITATING INJURY,1,0,0,1,0,1,0,2,6,8,41.873815813,-87.7375416401,POINT (-87.737541640127 41.873815813014)