CRASH_RECORD_ID,CRASH_DATE_EST_I,CRASH_DATE,POSTED_SPEED_LIMIT,TRAFFIC_CONTROL_DEVICE,DEVICE_CONDITION,WEATHER_CONDITION,LIGHTING_CONDITION,FIRST_CRASH_TYPE,TRAFFICWAY_TYPE,LANE_CNT,ALIGNMENT,ROADWAY_SURFACE_COND,ROAD_DEFECT,REPORT_TYPE,CRASH_TYPE,INTERSECTION_RELATED_I,NOT_RIGHT_OF_WAY_I,HIT_AND_RUN_I,DAMAGE,DATE_POLICE_NOTIFIED,PRIM_CONTRIBUTORY_CAUSE,SEC_CONTRIBUTORY_CAUSE,STREET_NO,STREET_DIRECTION,STREET_NAME,BEAT_OF_OCCURRENCE,PHOTOS_TAKEN_I,STATEMENTS_TAKEN_I,DOORING_I,WORK_ZONE_I,WORK_ZONE_TYPE,WORKERS_PRESENT_I,NUM_UNITS,MOST_SEVERE_INJURY,INJURIES_TOTAL,INJURIES_FATAL,INJURIES_INCAPACITATING,INJURIES_NON_INCAPACITATING,INJURIES_REPORTED_NOT_EVIDENT,INJURIES_NO_INDICATION,INJURIES_UNKNOWN,CRASH_HOUR,CRASH_DAY_OF_WEEK,CRASH_MONTH,LATITUDE,LONGITUDE,LOCATION
f9188ab6047e295da2a2a50f21845e0efd7b4c65e9a575d9f138596caaf778e9a8065f80d55238b2203f19b38e87f6dd328399dd68d989358816d75b1f8f8706,,08/01/2025 02:08:00 AM,35,TRAFFIC SIGNAL,FUNCTIONING PROPERLY,CLEAR,"DARKNESS, LIGHTED ROAD",TURNING,NOT DIVIDED,,STRAIGHT AND LEVEL,DRY,NO DEFECTS,ON SCENE,INJURY AND / OR TOW DUE TO CRASH,Y,,N,"OVER $1,500",08/01/2025 02:09:00 AM,UNABLE TO DETERMINE,UNABLE TO DETERMINE,208,E,35TH ST,211,,Y,,,,,2,NONINCAPACITATING INJURY,3,0,0,2,1,1,0,2,6,8,41.8311731233,-87.6213690206,POINT (-87.621369020608 41.831173123307)
3378e84b66b2f5b97710ccffff3913c364bc2b520987cb13eaa51bde87898153a09255f3426f99c356e02fc2f03e0012f49db95868bea4770f1cc29152e7ef1a,,08/01/2025 01:50:00 AM,35,UNKNOWN,UNKNOWN,CLEAR,"DARKNESS, LIGHTED ROAD",PARKED MOTOR VEHICLE,ONE-WAY,,STRAIGHT AND LEVEL,DRY,NO DEFECTS,ON SCENE,NO INJURY / DRIVE AWAY,,,,"OVER $1,500",08/01/2025 01:51:00 AM,UNABLE TO DETERMINE,NOT APPLICABLE,3819,W,HARRISON ST,1133,,,,,,,2,NO INDICATION OF INJURY,0,0,0,0,0,3,0,1,6,8,41.8733916289,-87.7212883143,POINT (-87.721288314316 41.873391628919)
024800dcfec4685a1a5fd6afb059064124b3d32bcb829012eed46997e2b19cd1bef04ae5752065ff74ebdc5e1974137b7baf824a155cbd14594be9eb0c7f2638,,08/01/2025 01:30:00 AM,30,STOP SIGN/FLASHER,FUNCTIONING PROPERLY,CLEAR,DAWN,FIXED OBJECT,T-INTERSECTION,,STRAIGHT AND LEVEL,DRY,NO DEFECTS,ON SCENE,NO INJURY / DRIVE AWAY,,,Y,"OVER $1,500",08/01/2025 01:32:00 AM,FAILING TO REDUCE SPEED TO AVOID CRASH,UNDER THE INFLUENCE OF ALCOHOL/DRUGS (USE WHEN ARREST IS EFFECTED),825,S,KOLMAR AVE,1131,,,,,,,1,NO INDICATION OF INJURY,0,0,0,0,0,1,0,1,6,8,41.8697001385,-87.7387699697,POINT (-87.738769969701 41.869700138517)
1dc1abc868e3decac5f1222dfc97d64c32d5be30ce24f546e2d949fc74db4e9d6454f0f9fed10ee874b9f026041fea6398dd75e2852bbd88bd8361715b92fb17,,08/01/2025 01:30:00 AM,30,TRAFFIC SIGNAL,FUNCTIONING PROPERLY,CLEAR,"DARKNESS, LIGHTED ROAD",REAR END,NOT DIVIDED,,STRAIGHT AND LEVEL,DRY,UNKNOWN,NOT ON SCENE (DESK REPORT),NO INJURY / DRIVE AWAY,,,,"OVER $1,500",08/01/2025 02:46:00 AM,UNABLE TO DETERMINE,NOT APPLICABLE,200,S,MICHIGAN AVE,113,,,,,,,3,NO INDICATION OF INJURY,0,0,0,0,0,3,0,1,6,8,41.8794893287,-87.6244981249,POINT (-87.624498124934 41.879489328698)
02dadd79f3ebed16de46cbfb109cdd7c92231a95ceea00a31e218fd6511be39e99115416c750f7f155412c4403da7fd6d54470d447e4af83f837aa8a81d7660f,,08/01/2025 01:00:00 AM,30,TRAFFIC SIGNAL,FUNCTIONING PROPERLY,CLEAR,"DARKNESS, LIGHTED ROAD",PARKED MOTOR VEHICLE,FOUR WAY,,STRAIGHT AND LEVEL,DRY,NO DEFECTS,ON SCENE,INJURY AND / OR TOW DUE TO CRASH,,,Y,"OVER $1,500",08/01/2025 01:14:00 AM,DRIVING ON WRONG SIDE/WRONG WAY,IMPROPER LANE USAGE,7600,N,SHERIDAN RD,2422,,,,,,,3,NO INDICATION OF INJURY,0,0,0,0,0,1,0,1,6,8,42.0192762315,-87.6661973884,POINT (-87.666197388437 42.019276231472)
2331e8e5d5881688933436be7137b32dfa821e81387419f93b8a3d3b1dbeb78399dd3bf0a8af0bf020e1188a354ccba93e45cf0e0588830431c35b582940faf2,,08/01/2025 01:00:00 AM,30,NO CONTROLS,NO CONTROLS,CLEAR,"DARKNESS, LIGHTED ROAD",PARKED MOTOR VEHICLE,NOT DIVIDED,,STRAIGHT AND LEVEL,DRY,NO DEFECTS,NOT ON SCENE (DESK REPORT),NO INJURY / DRIVE AWAY,,,Y,"OVER $1,500",08/01/2025 08:50:00 AM,UNABLE TO DETERMINE,NOT APPLICABLE,2741,N,LARAMIE AVE,2521,,,,,,,2,NO INDICATION OF INJURY,0,0,0,0,0,1,0,1,6,8,41.9308332394,-87.7562524364,POINT (-87.756252436382 41.930833239435)
d7547f8773542ba2d82614007cd78c62063db12ac3bed5448adb399cca32184df32551cfe8ef8c332a244c3edcc47741dc12afd9130a32ee37886cbb3945c840,Y,08/01/2025 01:00:00 AM,25,NO CONTROLS,NO CONTROLS,CLEAR,UNKNOWN,PARKED MOTOR VEHICLE,UNKNOWN,,STRAIGHT AND LEVEL,DRY,NO DEFECTS,ON SCENE,NO INJURY / DRIVE AWAY,,,Y,"OVER $1,500",08/01/2025 07:08:00 AM,UNABLE TO DETERMINE,UNABLE TO DETERMINE,7513,N,ASHLAND AVE,2422,,,,,,,3,NO INDICATION OF INJURY,0,0,0,0,0,1,0,1,6,8,42.0183931489,-87.6711933229,POINT (-87.671193322916 42.018393148865)
bf667a1ff66a1225288775c64e34eea48461b5c0a7f7739d4fdb96c5b531b85cbbeb6841b3002a343e54d1fca8009e8ff0caf28e7eadd588470dedfb7068f7dd,,08/01/2025 12:58:00 AM,30,NO CONTROLS,NO CONTROLS,CLEAR,"DARKNESS, LIGHTED ROAD",PARKED MOTOR VEHICLE,DIVIDED - W/MEDIAN (NOT RAISED),,STRAIGHT AND LEVEL,DRY,NO DEFECTS,ON SCENE,INJURY AND / OR TOW DUE TO CRASH,,,,"OVER $1,500",08/01/2025 01:00:00 AM,DISTRACTION - FROM OUTSIDE VEHICLE,NOT APPLICABLE,3410,W,55TH ST,822,,,,,,,2,NO INDICATION OF INJURY,0,0,0,0,0,1,0,0,6,8,41.7935426816,-87.7089455853,POINT (-87.708945585269 41.793542681636)
1a77b0e5b8645b847afae7d35572184e5feadc16f8a788d5bdd878aabb97b9bbe013946118f78727adc00edacf2387fa1882c0be9500ea08cee9feaa1ce5a053,,08/01/2025 12:50:00 AM,30,TRAFFIC SIGNAL,FUNCTIONING PROPERLY,CLEAR,"DARKNESS, LIGHTED ROAD",PARKED MOTOR VEHICLE,FOUR WAY,,STRAIGHT AND LEVEL,DRY,NO DEFECTS,ON SCENE,INJURY AND / OR TOW DUE TO CRASH,,,,"OVER $1,500",08/01/2025 12:50:00 AM,DRIVING ON WRONG SIDE/WRONG WAY,IMPROPER LANE USAGE,564,N,LARAMIE AVE,1523,,,,,,,2,INCAPACITATING INJURY,2,0,2,0,0,0,0,0,6,8,41.8908504712,-87.7555966583,POINT (-87.755596658308 41.890850471214)
b1dcae904ae926bbbb5a1a9cd4609dc0d74c95f5d864aead9a4831cbbf0f7264e80798da58da1a736ea12d96fb51242ebcadaa86367e914cf3850f830972a82f,,08/01/2025 12:45:00 AM,30,NO CONTROLS,NO CONTROLS,CLEAR,"DARKNESS, LIGHTED ROAD",REAR END,T-INTERSECTION,,STRAIGHT AND LEVEL,DRY,NO DEFECTS,NOT ON SCENE (DESK REPORT),NO INJURY / DRIVE AWAY,Y,,,"OVER $1,500",08/01/2025 09:44:00 PM,FAILING TO REDUCE SPEED TO AVOID CRASH,UNABLE TO DETERMINE,6001,W,NORTH AVE,2531,Y,Y,,,,,2,NO INDICATION OF INJURY,0,0,0,0,0,6,0,0,6,8,41.9091432877,-87.7756387394,POINT (-87.775638739374 41.909143287683)
e152b78fda26684eb360e284db6edf626f22a764f2a41bbaa936b1ad8ff3fb8506ef62cffcf24384b15e0ef3de000f9559431d4ca961eb8d2708c7624181311d,,08/01/2025 12:39:00 AM,30,TRAFFIC SIGNAL,FUNCTIONING PROPERLY,CLEAR,"DARKNESS, LIGHTED ROAD",TURNING,CENTER TURN LANE,,STRAIGHT AND LEVEL,DRY,NO DEFECTS,ON SCENE,INJURY AND / OR TOW DUE TO CRASH,Y,,,"OVER $1,500",08/01/2025 12:54:00 AM,FAILING TO YIELD RIGHT-OF-WAY,NOT APPLICABLE,3401,W,55TH ST,822,,,,,,,2,NO INDICATION OF INJURY,0,0,0,0,0,3,0,0,6,8,41.7933300448,-87.7085134012,POINT (-87.708513401152 41.793330044775)
b19dee5fca69180c135053582193700280c8f177f5e776f1a9735578294b13c1ebf615a216802555b339f1c098cd376cc2fa472a7f7dbf64acc05322b5457668,,08/01/2025 12:30:00 AM,35,UNKNOWN,UNKNOWN,CLEAR,"DARKNESS, LIGHTED ROAD",PARKED MOTOR VEHICLE,DIVIDED - W/MEDIAN (NOT RAISED),,STRAIGHT AND LEVEL,UNKNOWN,UNKNOWN,NOT ON SCENE (DESK REPORT),NO INJURY / DRIVE AWAY,,,,"OVER $1,500",08/07/2025 09:00:00 PM,UNABLE TO DETERMINE,NOT APPLICABLE,7600,N,SHERIDAN RD,2422,,,,,,,2,NO INDICATION OF INJURY,0,0,0,0,0,1,0,0,6,8,42.0192762315,-87.6661973884,POINT (-87.666197388437 42.019276231472)
d1f85fa8f1e28f058205ab270e2a5cc7b42b9496accc12e03e7790252ac274f8426f5b59ef8904ae4ca9e7fdb4b4e096db84df2c97d1621668998586666142b2,,08/01/2025 12:30:00 AM,30,NO CONTROLS,NO CONTROLS,RAIN,"DARKNESS, LIGHTED ROAD",PARKED MOTOR VEHICLE,T-INTERSECTION,,STRAIGHT AND LEVEL,DRY,NO DEFECTS,ON SCENE,NO INJURY / DRIVE AWAY,,,Y,"$501 - $1,500",08/01/2025 01:23:00 AM,IMPROPER TURNING/NO SIGNAL,FAILING TO REDUCE SPEED TO AVOID CRASH,111,N,HALSTED ST,1224,,,,,,,2,NO INDICATION OF INJURY,0,0,0,0,0,1,0,0,6,8,41.8835339412,-87.6472647342,POINT (-87.647264734158 41.883533941157)
300d25021ea0db257247ac794f1f067a47f92b570b82a7f4f5fcb4148001311dc9476ed9ce6c76d8fc9f4acb67a22e1b7be80593c12107b56707a20ea1230f73,,08/01/2025 12:26:00 AM,30,TRAFFIC SIGNAL,FUNCTIONING PROPERLY,CLEAR,"DARKNESS, LIGHTED ROAD",REAR END,FOUR WAY,,STRAIGHT AND LEVEL,DRY,NO DEFECTS,ON SCENE,NO INJURY / DRIVE AWAY,,,Y,$500 OR LESS,08/01/2025 12:26:00 AM,"OPERATING VEHICLE IN ERRATIC, RECKLESS, CARELESS, NEGLIGENT OR AGGRESSIVE MANNER","OPERATING VEHICLE IN ERRATIC, RECKLESS, CARELESS, NEGLIGENT OR AGGRESSIVE MANNER",122,E,ROOSEVELT RD,114,,,,,,,2,NO INDICATION OF INJURY,0,0,0,0,0,2,0,0,6,8,41.8675852576,-87.6232259112,POINT (-87.623225911227 41.867585257634)
3cff9ed51add2861b3005561e515f276c0a690ceb72bed831e6ec46d57d756675c03391ff3f58daafe02c5f4560b4c3ecc28c471356ee87854592641e63c4e82,,08/01/2025 12:00:00 AM,30,STOP SIGN/FLASHER,FUNCTIONING PROPERLY,RAIN,DARKNESS,REAR END,T-INTERSECTION,,STRAIGHT AND LEVEL,WET,NO DEFECTS,NOT ON SCENE (DESK REPORT),NO INJURY / DRIVE AWAY,,,,"OVER $1,500",08/06/2025 03:55:00 PM,FOLLOWING TOO CLOSELY,NOT APPLICABLE,5253,S,ST LOUIS AVE,822,,,,,,,2,NO INDICATION OF INJURY,0,0,0,0,0,2,0,0,6,8,41.7973240294,-87.7108639927,POINT (-87.710863992671 41.797324029407)
b4dd5e0df548158fd1f3de3467dd655bd094926ff90f57f2fd9ca8329656c1020174bcf061e0ee227a346d2a8d0fd752fb8c54e107fa59b23f18038dfcce52c7,,08/01/2025 12:00:00 AM,10,NO CONTROLS,NO CONTROLS,CLEAR,"DARKNESS, LIGHTED ROAD",PARKED MOTOR VEHICLE,PARKING LOT,,STRAIGHT AND LEVEL,DRY,UNKNOWN,ON SCENE,NO INJURY / DRIVE AWAY,,Y,,$500 OR LESS,08/01/2025 12:02:00 AM,UNABLE TO DETERMINE,NOT APPLICABLE,6300,S,VERNON AVE,312,,,,,,,2,NO INDICATION OF INJURY,0,0,0,0,0,1,0,0,6,8,41.7801680427,-87.6145559297,POINT (-87.614555929706 41.780168042655)
79abeee48c61d402b048b9fcbb24af89707518262077c3254e08f20b8c76d3905b5b1fe4868980f7c824579d4db20fbd4310ffe0b74f93362c4066c22ad312c0,Y,07/31/2025 11:45:00 PM,30,TRAFFIC SIGNAL,FUNCTIONING PROPERLY,CLEAR,DARKNESS,SIDESWIPE SAME DIRECTION,DIVIDED - W/MEDIAN (NOT RAISED),,STRAIGHT AND LEVEL,DRY,NO DEFECTS,NOT ON SCENE (DESK REPORT),NO INJURY / DRIVE AWAY,,,Y,"OVER $1,500",08/02/2025 02:46:00 PM,FOLLOWING TOO CLOSELY,NOT APPLICABLE,8300,S,STONY ISLAND AVE,412,,,,,,,2,NO INDICATION OF INJURY,0,0,0,0,0,2,0,23,5,7,41.744151639,-87.585945067,POINT (-87.585945066953 41.744151639042)
fcb37f5724e70482b15168afa37d41c7a15df4758e1b32f0adad146ad70576e2b5a70d71139673fa9c4378c0e1554bbbbe50d7ab52b50c32f6e5deeef23a157a,,07/31/2025 11:42:00 PM,30,TRAFFIC SIGNAL,FUNCTIONING PROPERLY,CLEAR,"DARKNESS, LIGHTED ROAD",REAR END,NOT DIVIDED,,STRAIGHT AND LEVEL,DRY,NO DEFECTS,NOT ON SCENE (DESK REPORT),NO INJURY / DRIVE AWAY,,,,"OVER $1,500",08/07/2025 11:10:00 AM,FOLLOWING TOO CLOSELY,UNABLE TO DETERMINE,7659,S,WESTERN AVE,835,,,,,,,2,NO INDICATION OF INJURY,0,0,0,0,0,2,0,23,5,7,41.7538393632,-87.6827992742,POINT (-87.682799274211 41.753839363236)
089dbdcdd1f66c3d6df71b66952abb31c06c27ed597d61eedbb24da4facae8c080d6df9d87e5e6922e59f977b72519621be3290ea7528e829b124870a7968836,,07/31/2025 11:40:00 PM,30,TRAFFIC SIGNAL,FUNCTIONING PROPERLY,CLEAR,"DARKNESS, LIGHTED ROAD",TURNING,NOT DIVIDED,,STRAIGHT AND LEVEL,DRY,UNKNOWN,NOT ON SCENE (DESK REPORT),NO INJURY / DRIVE AWAY,,,Y,"OVER $1,500",08/01/2025 02:20:00 AM,UNABLE TO DETERMINE,NOT APPLICABLE,1962,W,95TH ST,2221,,,,,,,2,NO INDICATION OF INJURY,0,0,0,0,0,3,0,23,5,7,41.7211897893,-87.6721462097,POINT (-87.672146209675 41.72118978927)
04a6d91f14a3b86978dd6362b441168cdff77626e5d91c8462140d4c1bae3bf7029055db1fd49e1189ece850e67755fbeef9c2eb2b8ce9d72d8267885045c9d6,,07/31/2025 11:30:00 PM,30,STOP SIGN/FLASHER,FUNCTIONING PROPERLY,CLEAR,DARKNESS,ANGLE,DIVIDED - W/MEDIAN (NOT RAISED),,STRAIGHT AND LEVEL,DRY,NO DEFECTS,ON SCENE,INJURY AND / OR TOW DUE TO CRASH,Y,,,"OVER $1,500",07/31/2025 11:30:00 PM,DISREGARDING STOP SIGN,DISREGARDING STOP SIGN,10401,S,EWING AVE,432,,,,,,,2,"REPORTED, NOT EVIDENT",1,0,0,0,1,2,0,23,5,7,41.7063000225,-87.5351395802,POINT (-87.535139580164 41.706300022548)
85bea8578d6026982fc55ee50ce074ed7e49dadf8d3c32debb306253b5a4a52c95682f7da83a793676a5298c8e9c87abaca66fa26ef7756bd3b217cc0deaa5fd,,07/31/2025 11:30:00 PM,30,TRAFFIC SIGNAL,FUNCTIONING PROPERLY,CLEAR,"DARKNESS, LIGHTED ROAD",ANGLE,DIVIDED - W/MEDIAN (NOT RAISED),,STRAIGHT AND LEVEL,DRY,NO DEFECTS,NOT ON SCENE (DESK REPORT),NO INJURY / DRIVE AWAY,,,,"$501 - $1,500",07/31/2025 11:46:00 PM,DISREGARDING TRAFFIC SIGNALS,NOT APPLICABLE,645,W,ROOSEVELT RD,124,,,,,,,2,NO INDICATION OF INJURY,0,0,0,0,0,2,0,23,5,7,41.8670852232,-87.6439684381,POINT (-87.643968438055 41.867085223165)
94857d974172c9b807679c885ff4a7320e341e6fe9f6ba91524505f9a5dccd1e87da9144e676a0abc30c1282ed577c7c194724e5cc3626f971529c2b3c9e9061,,07/31/2025 11:25:00 PM,35,TRAFFIC SIGNAL,OTHER,CLEAR,"DARKNESS, LIGHTED ROAD",PEDALCYCLIST,FOUR WAY,,STRAIGHT AND LEVEL,DRY,NO DEFECTS,NOT ON SCENE (DESK REPORT),NO INJURY / DRIVE AWAY,Y,,Y,"OVER $1,500",08/01/2025 12:30:00 AM,UNABLE TO DETERMINE,NOT APPLICABLE,424,N,STATE ST,1831,,,Y,,,,2,NO INDICATION OF INJURY,0,0,0,0,0,5,0,23,5,7,41.8900214091,-87.6281540191,POINT (-87.628154019125 41.890021409111)
2e084a7be9554673ef21f931a0b310cecb08894c30efaa9b4b07df739b2cc3511b14aa2fcc02eae4301df78ac56c7512047374b64222b1f937123b328082eaba,,07/31/2025 11:18:00 PM,30,NO CONTROLS,NO CONTROLS,CLEAR,"DARKNESS, LIGHTED ROAD",REAR END,NOT DIVIDED,,STRAIGHT AND LEVEL,DRY,NO DEFECTS,ON SCENE,INJURY AND / OR TOW DUE TO CRASH,,,Y,"OVER $1,500",07/31/2025 11:25:00 PM,UNABLE TO DETERMINE,UNABLE TO DETERMINE,616,S,KILPATRICK AVE,1131,,,,,,,2,INCAPACITATING INJURY,2,0,2,0,0,2,0,23,5,7,41.8726197627,-87.7426893232,POINT (-87.742689323218 41.872619762737)
aa659e2bfdba59f43b60b787ca1eaeee66665264ace70a3e6f90f7ed46774189bf343c62d3d7af6ff255db9ab151913d48abbbbed2d9dd5dc500b97a4c54efcd,,07/31/2025 11:15:00 PM,30,TRAFFIC SIGNAL,FUNCTIONING PROPERLY,CLEAR,"DARKNESS, LIGHTED ROAD",REAR END,NOT DIVIDED,,STRAIGHT AND LEVEL,DRY,NO DEFECTS,ON SCENE,NO INJURY / DRIVE AWAY,,,,"OVER $1,500",07/31/2025 11:19:00 PM,UNABLE TO DETERMINE,NOT APPLICABLE,5200,S,PULASKI RD,815,,,,,,,2,NO INDICATION OF INJURY,0,0,0,0,0,2,0,23,5,7,41.798505044,-87.7234587371,POINT (-87.723458737142 41.798505044022)
77c58c7f7de86d56775b994abae27e3464d277fee228035c2f410841a970c78b80c0f84a1153f6e52aaf56e3688116a64520bad155a9d922295aa6305ffd7a07,,07/31/2025 11:14:00 PM,30,STOP SIGN/FLASHER,FUNCTIONING PROPERLY,CLEAR,"DARKNESS, LIGHTED ROAD",SIDESWIPE SAME DIRECTION,DIVIDED - W/MEDIAN (NOT RAISED),,STRAIGHT AND LEVEL,DRY,NO DEFECTS,ON SCENE,INJURY AND / OR TOW DUE TO CRASH,Y,,,"OVER $1,500",07/31/2025 11:14:00 PM,FAILING TO YIELD RIGHT-OF-WAY,FAILING TO YIELD RIGHT-OF-WAY,2358,S,WENTWORTH AVE,914,,,,,,,2,NO INDICATION OF INJURY,0,0,0,0,0,2,0,23,5,7,41.8492061031,-87.6320798384,POINT (-87.632079838423 41.8492061031)
dc6818c2112a02e42cd129bb55f8a28cf49b70d137c1236c714ce29b69585bb8b035a14d42ea8dd44904a460c3f21a5e7b134a20dfb1ede944c9ac525cc2d07f,,07/31/2025 11:00:00 PM,30,NO CONTROLS,NO CONTROLS,CLEAR,"DARKNESS, LIGHTED ROAD",OTHER OBJECT,NOT DIVIDED,,STRAIGHT AND LEVEL,DRY,NO DEFECTS,ON SCENE,INJURY AND / OR TOW DUE TO CRASH,,,,"OVER $1,500",07/31/2025 11:00:00 PM,DISTRACTION - FROM OUTSIDE VEHICLE,NOT APPLICABLE,8400,S,ASHLAND AVE,614,,,,,,,1,NONINCAPACITATING INJURY,1,0,0,1,0,0,0,23,5,7,41.7411575841,-87.6633480723,POINT (-87.663348072287 41.741157584111)
702d6c44f3cac9a96ec433ba7bc1f38effc63f1acf258f20e3745825b71d15b90e1858816b7f9a76660a041321702be1b1c90a2c2d02a28133cfdd1a1673d0e9,,07/31/2025 10:51:00 PM,30,TRAFFIC SIGNAL,UNKNOWN,CLEAR,"DARKNESS, LIGHTED ROAD",TURNING,DIVIDED - W/MEDIAN BARRIER,,STRAIGHT AND LEVEL,DRY,UNKNOWN,,INJURY AND / OR TOW DUE TO CRASH,Y,,,"OVER $1,500",07/31/2025 10:59:00 PM,IMPROPER TURNING/NO SIGNAL,UNABLE TO DETERMINE,100,S,WACKER DR,122,,,,,,,2,NO INDICATION OF INJURY,0,0,0,0,0,2,0,22,5,7,41.8805570251,-87.6371317761,POINT (-87.637131776108 41.880557025143)
9c13c2db82817208c51f91e8b99d20106c7093035acb06111d270e3dcb9879bae48785beae833708c65b1a46ad0b011d5ead1071cf47c516357891871e04a080,,07/31/2025 10:49:00 PM,30,TRAFFIC SIGNAL,FUNCTIONING PROPERLY,CLEAR,"DARKNESS, LIGHTED ROAD",PEDALCYCLIST,NOT DIVIDED,,STRAIGHT AND LEVEL,DRY,UNKNOWN,NOT ON SCENE (DESK REPORT),NO INJURY / DRIVE AWAY,,,,"$501 - $1,500",07/31/2025 10:52:00 PM,DRIVING SKILLS/KNOWLEDGE/EXPERIENCE,DRIVING SKILLS/KNOWLEDGE/EXPERIENCE,842,N,DEARBORN ST,1832,,,,,,,2,NO INDICATION OF INJURY,0,0,0,0,0,2,0,22,5,7,41.8979197439,-87.6299603379,POINT (-87.629960337852 41.897919743857)
85983d1e2144bf627885c2eca916852d6d9245552cb2d7a53e9bcb3e4aee607c3b601901adf1429a0d757ebc442d6160589e6d5c7f5712e05021a11cacdc945f,,07/31/2025 10:45:00 PM,30,NO CONTROLS,NO CONTROLS,CLEAR,DARKNESS,PARKED MOTOR VEHICLE,NOT DIVIDED,,STRAIGHT AND LEVEL,DRY,NO DEFECTS,ON SCENE,INJURY AND / OR TOW DUE TO CRASH,,,Y,"OVER $1,500",07/31/2025 10:45:00 PM,UNABLE TO DETERMINE,UNABLE TO DETERMINE,10455,S,AVENUE L,432,,,,,,,3,NO INDICATION OF INJURY,0,0,0,0,0,1,0,22,5,7,41.7047729701,-87.5363482442,POINT (-87.53634824424 41.704772970085)
c31e52ebcb98e3760c7047dea778a133dd6c338f1fd6225cd7eb51822fc91ec34c6e4baf511630f1b3bb6ec57f9b1313e6884d791a47e1d574b9420e008826e7,,07/31/2025 10:40:00 PM,30,TRAFFIC SIGNAL,FUNCTIONING PROPERLY,CLEAR,"DARKNESS, LIGHTED ROAD",TURNING,T-INTERSECTION,,STRAIGHT AND LEVEL,DRY,NO DEFECTS,ON SCENE,INJURY AND / OR TOW DUE TO CRASH,Y,,,"$501 - $1,500",07/31/2025 10:43:00 PM,FAILING TO YIELD RIGHT-OF-WAY,UNABLE TO DETERMINE,467,E,GRAND AVE,1834,,Y,,,,,2,NONINCAPACITATING INJURY,1,0,0,1,0,1,0,22,5,7,41.8917742965,-87.6153148829,POINT (-87.615314882915 41.891774296531)
f81017144168dc14806322a9b50c91e1975c6f9a9f2d04e8eebd0002c97140262ba099b38b54997aaa3cb0110d8a1aa38cfc9ac6ab20de2e4ef148705efb9016,,07/31/2025 10:35:00 PM,30,TRAFFIC SIGNAL,FUNCTIONING PROPERLY,CLEAR,DARKNESS,PEDALCYCLIST,NOT DIVIDED,,STRAIGHT AND LEVEL,DRY,NO DEFECTS,NOT ON SCENE (DESK REPORT),NO INJURY / DRIVE AWAY,,,,$500 OR LESS,08/01/2025 04:30:00 PM,UNABLE TO DETERMINE,NOT APPLICABLE,100,S,MORGAN ST,1232,,,,,,,2,NO INDICATION OF INJURY,0,0,0,0,0,2,0,22,5,7,41.8803437792,-87.6521349754,POINT (-87.652134975383 41.880343779167)
243f6683111cef7a6cca57fbecafe039c15ab8f9dc45ad2d4c5e03147d7bf720c82726ceeb3f7e663c91d5c6516bdfdb1994e4f776b696bed35ca1288f7364a5,,07/31/2025 10:29:00 PM,30,NO CONTROLS,NO CONTROLS,CLEAR,"DARKNESS, LIGHTED ROAD",PARKED MOTOR VEHICLE,NOT DIVIDED,,STRAIGHT AND LEVEL,DRY,NO DEFECTS,NOT ON SCENE (DESK REPORT),NO INJURY / DRIVE AWAY,,,,$500 OR LESS,07/31/2025 11:40:00 PM,FAILING TO REDUCE SPEED TO AVOID CRASH,NOT APPLICABLE,21,N,CLINTON ST,121,,,,,,,2,NO INDICATION OF INJURY,0,0,0,0,0,1,0,22,5,7,41.8825210922,-87.6410669763,POINT (-87.641066976323 41.882521092207)
9c08094b042d9e9bce6ea4fa41b705d7ce914d8b27da29bdd377b39812906db337536a2c0ad06102f6f02412edcfd6af079203eecfad37db1321239ef512439d,,07/31/2025 10:29:00 PM,30,NO CONTROLS,NO CONTROLS,CLEAR,"DARKNESS, LIGHTED ROAD",PARKED MOTOR VEHICLE,NOT DIVIDED,,STRAIGHT AND LEVEL,DRY,NO DEFECTS,,NO INJURY / DRIVE AWAY,,,Y,"OVER $1,500",07/31/2025 11:51:00 PM,FOLLOWING TOO CLOSELY,FOLLOWING TOO CLOSELY,404,S,WABASH AVE,113,,,,,,,2,NO INDICATION OF INJURY,0,0,0,0,0,2,0,22,5,7,41.8768133884,-87.6262003761,POINT (-87.626200376058 41.876813388426)
f0a173333ead3afa9e5fd48abff9d2cddf489a8a71f46d59c5f4c5d6d5d1df424326ffc3b9bf3ee2d79951fe874af1fdc7907d4f92deb505035c772836853e34,,07/31/2025 10:16:00 PM,30,TRAFFIC SIGNAL,FUNCTIONING PROPERLY,CLEAR,"DARKNESS, LIGHTED ROAD",SIDESWIPE SAME DIRECTION,ONE-WAY,,STRAIGHT AND LEVEL,DRY,NO DEFECTS,NOT ON SCENE (DESK REPORT),NO INJURY / DRIVE AWAY,,,,$500 OR LESS,07/31/2025 10:30:00 PM,UNABLE TO DETERMINE,NOT APPLICABLE,300,S,CLARK ST,122,,,,,,,2,NO INDICATION OF INJURY,0,0,0,0,0,2,0,22,5,7,41.8780825148,-87.6309303908,POINT (-87.630930390814 41.878082514793)