CRASH_RECORD_ID,CRASH_DATE_EST_I,CRASH_DATE,POSTED_SPEED_LIMIT,TRAFFIC_CONTROL_DEVICE,DEVICE_CONDITION,WEATHER_CONDITION,LIGHTING_CONDITION,FIRST_CRASH_TYPE,TRAFFICWAY_TYPE,LANE_CNT,ALIGNMENT,ROADWAY_SURFACE_COND,ROAD_DEFECT,REPORT_TYPE,CRASH_TYPE,INTERSECTION_RELATED_I,NOT_RIGHT_OF_WAY_I,HIT_AND_RUN_I,DAMAGE,DATE_POLICE_NOTIFIED,PRIM_CONTRIBUTORY_CAUSE,SEC_CONTRIBUTORY_CAUSE,STREET_NO,STREET_DIRECTION,STREET_NAME,BEAT_OF_OCCURRENCE,PHOTOS_TAKEN_I,STATEMENTS_TAKEN_I,DOORING_I,WORK_ZONE_I,WORK_ZONE_TYPE,WORKERS_PRESENT_I,NUM_UNITS,MOST_SEVERE_INJURY,INJURIES_TOTAL,INJURIES_FATAL,INJURIES_INCAPACITATING,INJURIES_NON_INCAPACITATING,INJURIES_REPORTED_NOT_EVIDENT,INJURIES_NO_INDICATION,INJURIES_UNKNOWN,CRASH_HOUR,CRASH_DAY_OF_WEEK,CRASH_MONTH,LATITUDE,LONGITUDE,LOCATION
ecd411bd6c85967cef19bd98b68a731e44345f1e24a8939654a51863eb07672417533af8dc2fd31a104fc6368b80330093f4095e1cf8fc4e7555d15993c25a7b,,07/31/2025 10:15:00 PM,30,UNKNOWN,UNKNOWN,OTHER,"DARKNESS, LIGHTED ROAD",PARKED MOTOR VEHICLE,ONE-WAY,,STRAIGHT AND LEVEL,UNKNOWN,UNKNOWN,NOT ON SCENE (DESK REPORT),NO INJURY / DRIVE AWAY,,,Y,$500 OR LESS,07/31/2025 10:20:00 PM,IMPROPER BACKING,NOT APPLICABLE,401,S,LA SALLE ST,122,,,,,,,2,NO INDICATION OF INJURY,0,0,0,0,0,1,0,22,5,7,41.876813973,-87.6316226617,POINT (-87.631622661681 41.876813973022)
ef5ee2d69f66005ff85dc2896bdd0dd9631ed1020e2e1baba930ae24a55937ca14943c27a02f21b2ef21e7237c9de5460d30173d6e6a3cb0d03de09ac79da2fe,,07/31/2025 10:14:00 PM,30,TRAFFIC SIGNAL,UNKNOWN,UNKNOWN,"DARKNESS, LIGHTED ROAD",TURNING,NOT DIVIDED,,STRAIGHT AND LEVEL,UNKNOWN,UNKNOWN,NOT ON SCENE (DESK REPORT),NO INJURY / DRIVE AWAY,Y,,Y,"OVER $1,500",08/01/2025 11:40:00 AM,FAILING TO YIELD RIGHT-OF-WAY,FAILING TO YIELD RIGHT-OF-WAY,1157,S,STATE ST,123,,,,,,,2,NO INDICATION OF INJURY,0,0,0,0,0,2,0,22,5,7,41.8677554415,-87.6272815058,POINT (-87.627281505771 41.867755441464)
a40ae95729a94e422864369b955af0f84dcfeba6543f1400009c8c98b54f05f1fb7699e61a4c97398a647bda6285caabda51506295df360c8ece0613f14386b2,,07/31/2025 10:13:00 PM,30,NO CONTROLS,NO CONTROLS,CLEAR,"DARKNESS, LIGHTED ROAD",SIDESWIPE SAME DIRECTION,NOT DIVIDED,,STRAIGHT AND LEVEL,DRY,NO DEFECTS,NOT ON SCENE (DESK REPORT),NO INJURY / DRIVE AWAY,,,,"OVER $1,500",07/31/2025 11:54:00 PM,IMPROPER OVERTAKING/PASSING,FAILING TO REDUCE SPEED TO AVOID CRASH,15,S,STATE ST,112,,,,,,,2,NO INDICATION OF INJURY,0,0,0,0,0,2,0,22,5,7,41.8816397727,-87.6276127136,POINT (-87.627612713615 41.881639772705)
c554e15d7df57ef33d9d23197b44cf92c9241d7ee333d14d6e7cde044a8041db46addb51ac08532ed29adc4ef8c3f26962f601d7e3f22799f13f83b858b4123f,,07/31/2025 10:10:00 PM,30,NO CONTROLS,NO CONTROLS,CLEAR,DARKNESS,PARKED MOTOR VEHICLE,NOT DIVIDED,,STRAIGHT AND LEVEL,DRY,NO DEFECTS,NOT ON SCENE (DESK REPORT),NO INJURY / DRIVE AWAY,,,Y,"OVER $1,500",08/01/2025 01:40:00 PM,FAILING TO YIELD RIGHT-OF-WAY,FAILING TO YIELD RIGHT-OF-WAY,1641,W,MAYPOLE AVE,1224,,,,,,,2,NO INDICATION OF INJURY,0,0,0,0,0,1,0,22,5,7,41.8841297879,-87.668080785,POINT (-87.668080784994 41.884129787888)
d37a6ec292ec84cd5a7b8812b05b33a7aede0f7f9b71067afd5edbeb1d59c7687730205005cb8704f9b602e7e3ec920d1e19d00f0df286d41bc6146d867a3304,,07/31/2025 10:06:00 PM,35,UNKNOWN,NO CONTROLS,CLEAR,DARKNESS,SIDESWIPE SAME DIRECTION,NOT DIVIDED,,STRAIGHT AND LEVEL,DRY,NO DEFECTS,NOT ON SCENE (DESK REPORT),NO INJURY / DRIVE AWAY,,,,$500 OR LESS,07/31/2025 10:50:00 PM,IMPROPER TURNING/NO SIGNAL,IMPROPER OVERTAKING/PASSING,6815,N,SHERIDAN RD,2431,,,,,,,3,NO INDICATION OF INJURY,0,0,0,0,0,2,0,22,5,7,42.0060608254,-87.660911003,POINT (-87.660911003004 42.006060825387)
ad9830390f564077cab7f2150014708b936650454d424d5827bc2e4e36aa65f441e40124d9f61dbeaa022078f94b25ab437c0381a479a7e75088cc85da67f434,,07/31/2025 09:59:00 PM,30,NO CONTROLS,NO CONTROLS,CLEAR,DARKNESS,SIDESWIPE SAME DIRECTION,NOT DIVIDED,,STRAIGHT AND LEVEL,DRY,UNKNOWN,NOT ON SCENE (DESK REPORT),INJURY AND / OR TOW DUE TO CRASH,,,Y,"OVER $1,500",08/01/2025 12:15:00 AM,UNABLE TO DETERMINE,UNABLE TO DETERMINE,13000,S,INDIANA AVE,533,,,,,,,2,NO INDICATION OF INJURY,0,0,0,0,0,2,0,21,5,7,41.6590092158,-87.6174479065,POINT (-87.617447906473 41.659009215787)
14c5d4f7be4c7c6d9e821ddd436c360d0d98ef31c6667cdbee060f517e2a6d50be85ea728564e671bfe3ad3e9db329979fd01a6738472e616498a828d69f809c,,07/31/2025 09:52:00 PM,30,TRAFFIC SIGNAL,FUNCTIONING PROPERLY,CLEAR,"DARKNESS, LIGHTED ROAD",ANGLE,TRAFFIC ROUTE,,STRAIGHT AND LEVEL,DRY,NO DEFECTS,ON SCENE,NO INJURY / DRIVE AWAY,N,,Y,"OVER $1,500",07/31/2025 09:57:00 PM,DISREGARDING TRAFFIC SIGNALS,NOT APPLICABLE,8654,S,HALSTED ST,2223,,,,,,,2,NO INDICATION OF INJURY,0,0,0,0,0,2,0,21,5,7,41.7360786751,-87.6437685949,POINT (-87.643768594935 41.736078675137)
0ad987f8e738b91451b9791750df6edfec0a76f6a0403c640ee1bafa3cf7cac767c43c743abe18e519feb49772d4517ac803f11accb2ecea56b4aff7783806d9,,07/31/2025 09:50:00 PM,30,UNKNOWN,UNKNOWN,CLEAR,"DARKNESS, LIGHTED ROAD",REAR END,DIVIDED - W/MEDIAN BARRIER,,STRAIGHT AND LEVEL,DRY,UNKNOWN,NOT ON SCENE (DESK REPORT),NO INJURY / DRIVE AWAY,,,,"OVER $1,500",07/31/2025 10:10:00 PM,UNABLE TO DETERMINE,UNABLE TO DETERMINE,8201,S,STONY ISLAND AVE,411,,,,,,,2,NO INDICATION OF INJURY,0,0,0,0,0,2,0,21,5,7,41.7459382967,-87.5852569707,POINT (-87.585256970683 41.745938296685)
137bab7bb4af2bdb5b7fb03bf415b6be76499aa54c9d2bae78fedb6fca374339fbaa53e3ad45abb3f2a1bbaa8a956cc9d5a86826b58451f9215a634827977454,,07/31/2025 09:50:00 PM,30,OTHER REG. SIGN,FUNCTIONING PROPERLY,CLEAR,DUSK,SIDESWIPE SAME DIRECTION,FOUR WAY,,STRAIGHT AND LEVEL,DRY,NO DEFECTS,NOT ON SCENE (DESK REPORT),NO INJURY / DRIVE AWAY,Y,,Y,"OVER $1,500",08/01/2025 09:50:00 AM,DRIVING SKILLS/KNOWLEDGE/EXPERIENCE,UNABLE TO DETERMINE,500,S,DEARBORN ST,123,,,,,,,2,NO INDICATION OF INJURY,0,0,0,0,0,2,0,21,5,7,41.8755691096,-87.6293832259,POINT (-87.629383225868 41.875569109604)
16a941ed216d370b30b8719228b08a45cb2932cb40137674012c9f4ad7f01285192e275c26d04f406456a77aaa8751fb0a6346c1c4913ec5c2d87d20b1dab77d,,07/31/2025 09:49:00 PM,30,NO CONTROLS,NO CONTROLS,CLEAR,"DARKNESS, LIGHTED ROAD",TURNING,NOT DIVIDED,,STRAIGHT AND LEVEL,DRY,NO DEFECTS,ON SCENE,INJURY AND / OR TOW DUE TO CRASH,,,,"OVER $1,500",08/01/2025 12:18:00 AM,IMPROPER TURNING/NO SIGNAL,NOT APPLICABLE,7250,S,WESTERN AVE,832,,,,,,,2,NONINCAPACITATING INJURY,3,0,0,3,0,3,0,21,5,7,41.7613685571,-87.6832973762,POINT (-87.683297376236 41.761368557146)
a4d85751949ab135039c30da2bdf1a9f010198f6d090f6cd799c1b72d3cc9f18fe24d43f61fb212a26afe8524b7280cfbb5b684123b1d3f793953517f456c0f0,,07/31/2025 09:45:00 PM,30,TRAFFIC SIGNAL,UNKNOWN,UNKNOWN,"DARKNESS, LIGHTED ROAD",REAR END,NOT DIVIDED,,STRAIGHT ON GRADE,UNKNOWN,UNKNOWN,NOT ON SCENE (DESK REPORT),NO INJURY / DRIVE AWAY,Y,,Y,"$501 - $1,500",07/31/2025 11:10:00 PM,FOLLOWING TOO CLOSELY,NOT APPLICABLE,3353,N,SOUTHPORT AVE,1924,,,,,,,2,NO INDICATION OF INJURY,0,0,0,0,0,2,0,21,5,7,41.9431849289,-87.6637639522,POINT (-87.663763952155 41.943184928914)
f05b8885542fe5047a640e8885dd297584055c05facf0f28778a39c0112f866efc5c98949c5be2d8c20ea0bcbb16e69e445fd4b1b6f7a8a88129935c935e6d12,,07/31/2025 09:38:00 PM,30,TRAFFIC SIGNAL,FUNCTIONING PROPERLY,CLEAR,"DARKNESS, LIGHTED ROAD",REAR END,DIVIDED - W/MEDIAN BARRIER,,STRAIGHT AND LEVEL,DRY,NO DEFECTS,NOT ON SCENE (DESK REPORT),NO INJURY / DRIVE AWAY,,,,"$501 - $1,500",07/31/2025 11:30:00 PM,FOLLOWING TOO CLOSELY,NOT APPLICABLE,1120,S,MICHIGAN AVE,123,,,,,,,2,NO INDICATION OF INJURY,0,0,0,0,0,3,0,21,5,7,41.8686220389,-87.6242607437,POINT (-87.624260743663 41.868622038899)
9420f259c62883cc2d68af6d314d1d4c5d7b1d37bd48ef3e0bc50092529e200f969a5c52dcc64687d4e0dd48754fc77082f13b32036f2cfc6514223bfb05f144,Y,07/31/2025 09:30:00 PM,30,NO CONTROLS,NO CONTROLS,CLEAR,"DARKNESS, LIGHTED ROAD",SIDESWIPE SAME DIRECTION,NOT DIVIDED,,STRAIGHT AND LEVEL,DRY,UNKNOWN,,INJURY AND / OR TOW DUE TO CRASH,,,,"OVER $1,500",07/31/2025 09:40:00 PM,UNABLE TO DETERMINE,UNABLE TO DETERMINE,3357,W,55TH ST,822,,,,,,,2,NO INDICATION OF INJURY,0,0,0,0,0,4,0,21,5,7,41.7933351131,-87.7083078498,POINT (-87.708307849796 41.793335113131)
3bc15d4087858c3b73c68880f0c0a5ff70352622848ad34bea0e3ff3e3fbfb74bf0c25dd1c0fee1e76f348965f0f0f70ed95c5718ce37516b6a859141421fc1d,,07/31/2025 09:25:00 PM,10,NO CONTROLS,NO CONTROLS,CLEAR,DARKNESS,ANGLE,PARKING LOT,,STRAIGHT AND LEVEL,DRY,UNKNOWN,NOT ON SCENE (DESK REPORT),NO INJURY / DRIVE AWAY,,Y,,"OVER $1,500",07/31/2025 10:10:00 PM,IMPROPER BACKING,UNABLE TO DETERMINE,8310,S,STONY ISLAND AVE,412,,,,,,,2,NO INDICATION OF INJURY,0,0,0,0,0,2,0,21,5,7,41.7438366901,-87.5859405863,POINT (-87.585940586315 41.743836690147)
d668d6520befb7d8ae414d3ec6cc5a13d86966961934b5f4572aad0df99cd9dd306be188f451425dc1cea0c17013de8c6aa30708116a03828d935e0686418692,,07/31/2025 09:20:00 PM,35,TRAFFIC SIGNAL,FUNCTIONING PROPERLY,CLEAR,"DARKNESS, LIGHTED ROAD",SIDESWIPE SAME DIRECTION,T-INTERSECTION,,STRAIGHT AND LEVEL,DRY,NO DEFECTS,NOT ON SCENE (DESK REPORT),NO INJURY / DRIVE AWAY,,,Y,"OVER $1,500",07/31/2025 10:10:00 PM,UNABLE TO DETERMINE,NOT APPLICABLE,1030,N,STATE ST,1824,,,,,,,2,NO INDICATION OF INJURY,0,0,0,0,0,2,0,21,5,7,41.9014634149,-87.6284813715,POINT (-87.628481371486 41.901463414903)
5a8f3f14c80bd0218a82d4677d71ccf31767ef5c4ae16b3339852613f486c799502906220af0670f9f181b443244c7e45d669b15b103809a89b9f0fffb947ecf,,07/31/2025 09:15:00 PM,30,TRAFFIC SIGNAL,FUNCTIONING IMPROPERLY,CLEAR,"DARKNESS, LIGHTED ROAD",ANGLE,FOUR WAY,,STRAIGHT AND LEVEL,DRY,SHOULDER DEFECT,ON SCENE,INJURY AND / OR TOW DUE TO CRASH,Y,,,"OVER $1,500",07/31/2025 09:30:00 PM,FAILING TO YIELD RIGHT-OF-WAY,NOT APPLICABLE,2398,N,WESTERN AVE,1431,,,,,,,3,NO INDICATION OF INJURY,0,0,0,0,0,5,0,21,5,7,41.9248593302,-87.6877874217,POINT (-87.687787421719 41.924859330192)
a2e5c69ae3dbb8580e9d3f7471991994d9b87586fa59fab2aced6f1eb506fd5a6a77a90b4052e2d88fb388822b3d0fdef921bfcec7cdaba4f98dbe000395ac2e,,07/31/2025 09:15:00 PM,30,NO CONTROLS,NO CONTROLS,CLEAR,"DARKNESS, LIGHTED ROAD",REAR END,DIVIDED - W/MEDIAN (NOT RAISED),,STRAIGHT ON GRADE,DRY,UNKNOWN,NOT ON SCENE (DESK REPORT),NO INJURY / DRIVE AWAY,,,,"OVER $1,500",07/31/2025 09:30:00 PM,DISTRACTION - FROM OUTSIDE VEHICLE,FAILING TO REDUCE SPEED TO AVOID CRASH,1601,E,103RD ST,434,,,,,,,2,NO INDICATION OF INJURY,0,0,0,0,0,3,0,21,5,7,41.7076804079,-87.5848161089,POINT (-87.584816108862 41.707680407853)
3ad26564fd3feb6c25e833e1583f0b91673d1d085eff2e04363e933606ae743f1ba6881af227a222dcfa7735ec9840f3da508b3c2a6b424c871c635c375cd510,,07/31/2025 09:06:00 PM,30,NO CONTROLS,NO CONTROLS,CLEAR,"DARKNESS, LIGHTED ROAD",REAR END,NOT DIVIDED,,STRAIGHT AND LEVEL,DRY,NO DEFECTS,ON SCENE,INJURY AND / OR TOW DUE TO CRASH,,,,"OVER $1,500",07/31/2025 09:07:00 PM,FAILING TO REDUCE SPEED TO AVOID CRASH,NOT APPLICABLE,4347,N,PULASKI RD,1723,,,,,,,3,"REPORTED, NOT EVIDENT",1,0,0,0,1,3,0,21,5,7,41.960539909,-87.7276693613,POINT (-87.727669361312 41.960539909011)
72324bba273169bd3c2cb990dbabcec69905b50dc83e475b7c4902247009b53e9855a3aab4f1b4f42b340e2b9ceac252554cf8cb8bc7178964bf1785415ca8ce,,07/31/2025 09:00:00 PM,30,TRAFFIC SIGNAL,FUNCTIONING PROPERLY,CLEAR,"DARKNESS, LIGHTED ROAD",SIDESWIPE SAME DIRECTION,DIVIDED - W/MEDIAN (NOT RAISED),,STRAIGHT AND LEVEL,DRY,NO DEFECTS,NOT ON SCENE (DESK REPORT),NO INJURY / DRIVE AWAY,,,Y,"OVER $1,500",07/31/2025 09:40:00 PM,FOLLOWING TOO CLOSELY,FOLLOWING TOO CLOSELY,78,E,WASHINGTON ST,111,,,,,,,2,NO INDICATION OF INJURY,0,0,0,0,0,2,0,21,5,7,41.8833342793,-87.6250501351,POINT (-87.625050135114 41.883334279294)
3bb7f6c60cf91bea213bb30d8366c80899c5ce5af60308735748fd832a979c846f4a355c5d001d30d1ea49ae66efe315e54f8358e034fa09a7253b01f537b362,,07/31/2025 08:55:00 PM,10,NO CONTROLS,NO CONTROLS,CLEAR,UNKNOWN,FIXED OBJECT,PARKING LOT,,STRAIGHT ON GRADE,UNKNOWN,UNKNOWN,NOT ON SCENE (DESK REPORT),NO INJURY / DRIVE AWAY,,Y,,$500 OR LESS,07/31/2025 10:05:00 PM,UNABLE TO DETERMINE,UNABLE TO DETERMINE,9837,S,TORRENCE AVE,431,,,,,,,1,NO INDICATION OF INJURY,0,0,0,0,0,1,0,20,5,7,41.7161334356,-87.5596389153,POINT (-87.559638915288 41.716133435563)
a4db332d6b92b3eaf7d96ae030b6e55d8fa0d92c9d8d99f914978c42089f1d931007f8e203d3ace2a026c1853fdb800e3972cb54188d33f8d7a1f9a3c366a733,Y,07/31/2025 08:55:00 PM,30,TRAFFIC SIGNAL,FUNCTIONING PROPERLY,CLEAR,DARKNESS,SIDESWIPE SAME DIRECTION,"FIVE POINT, OR MORE",,STRAIGHT AND LEVEL,DRY,NO DEFECTS,ON SCENE,NO INJURY / DRIVE AWAY,Y,,,$500 OR LESS,07/31/2025 09:00:00 PM,EQUIPMENT - VEHICLE CONDITION,EQUIPMENT - VEHICLE CONDITION,1590,N,CLYBOURN AVE,1822,,,,,,,2,NO INDICATION OF INJURY,0,0,0,0,0,3,0,20,5,7,41.9105863985,-87.6492759776,POINT (-87.649275977602 41.91058639855)
245ca3ab23655412b9ea6bbf8064dc679ab0ecf3a7f55cca90f82158ff5d941b05459dd9d89af3f10ce5d62786def5dd8acfbdb2a393ae2ceb889e01324dd6d9,,07/31/2025 08:51:00 PM,30,TRAFFIC SIGNAL,FUNCTIONING PROPERLY,CLEAR,DAYLIGHT,TURNING,FOUR WAY,,STRAIGHT AND LEVEL,DRY,NO DEFECTS,NOT ON SCENE (DESK REPORT),INJURY AND / OR TOW DUE TO CRASH,Y,,,"OVER $1,500",07/31/2025 10:00:00 PM,FAILING TO YIELD RIGHT-OF-WAY,FAILING TO REDUCE SPEED TO AVOID CRASH,2400,W,FULLERTON AVE,1431,,,,,,,2,NONINCAPACITATING INJURY,1,0,0,1,0,2,0,20,5,7,41.9250099348,-87.6877047522,POINT (-87.687704752222 41.925009934765)
65205645bd13901355b8f9397444afea43e6d83781a3c0e41710e27b87339615669aae26773ad61d6d0b82c865bfea1e0d0bd62356872efebb937e45ae40e81f,,07/31/2025 08:50:00 PM,15,NO CONTROLS,NO CONTROLS,CLEAR,"DARKNESS, LIGHTED ROAD",PARKED MOTOR VEHICLE,NOT DIVIDED,,STRAIGHT AND LEVEL,DRY,NO DEFECTS,ON SCENE,INJURY AND / OR TOW DUE TO CRASH,,,Y,"OVER $1,500",07/31/2025 08:53:00 PM,UNABLE TO DETERMINE,UNABLE TO DETERMINE,3803,W,PALMER ST,2525,,,,,,,3,NONINCAPACITATING INJURY,1,0,0,1,0,1,0,20,5,7,41.9207724141,-87.7219141044,POINT (-87.721914104366 41.920772414147)
7f6dd6fc05d74c80d7fd782601727f5d7d6a3446c720da038a51857d4bd1cd4c5aa6111c2b6ba1ad086ecdb6d643260d7e9b9658bb27c9a2ed9b4068a87e98ac,,07/31/2025 08:45:00 PM,10,NO CONTROLS,NO CONTROLS,CLEAR,DARKNESS,PARKED MOTOR VEHICLE,PARKING LOT,,STRAIGHT AND LEVEL,DRY,NO DEFECTS,NOT ON SCENE (DESK REPORT),NO INJURY / DRIVE AWAY,,Y,,"$501 - $1,500",08/01/2025 02:06:00 PM,NOT APPLICABLE,NOT APPLICABLE,1900,W,VAN BUREN ST,1225,,,,,,,2,NO INDICATION OF INJURY,0,0,0,0,0,1,0,20,5,7,41.8763435246,-87.6741764193,POINT (-87.674176419342 41.876343524558)
8d83d42981e5b3dd309457f61344133b8ba0ba2a024704ed0e15eed2ab0ef67169533a766fb24d53786cbf4a32920c057caaf0aecfc935ba9e1ba4309b4a2415,,07/31/2025 08:45:00 PM,25,NO CONTROLS,NO CONTROLS,CLEAR,"DARKNESS, LIGHTED ROAD",TURNING,NOT DIVIDED,,STRAIGHT AND LEVEL,DRY,NO DEFECTS,NOT ON SCENE (DESK REPORT),NO INJURY / DRIVE AWAY,,,,$500 OR LESS,08/02/2025 04:45:00 PM,UNABLE TO DETERMINE,UNABLE TO DETERMINE,701,S,MICHIGAN AVE,114,,,,,,,2,NO INDICATION OF INJURY,0,0,0,0,0,2,0,20,5,7,41.8730994148,-87.62405157,POINT (-87.624051569998 41.873099414846)
da0e781211e6de29e800e50b1041ef54d4019255b4c819ca5b877b35acfa39ff9f30ba8a06bd0b03cdc0ee3855fe44026828b841d5e9b4d01fecf8d84c81485f,,07/31/2025 08:45:00 PM,30,TRAFFIC SIGNAL,FUNCTIONING PROPERLY,CLEAR,"DARKNESS, LIGHTED ROAD",REAR END,FOUR WAY,,STRAIGHT AND LEVEL,UNKNOWN,UNKNOWN,NOT ON SCENE (DESK REPORT),NO INJURY / DRIVE AWAY,,,,"OVER $1,500",07/31/2025 09:30:00 PM,FOLLOWING TOO CLOSELY,UNABLE TO DETERMINE,3158,W,BELMONT AVE,1733,,,,,,,2,NO INDICATION OF INJURY,0,0,0,0,0,2,0,20,5,7,41.9394480228,-87.7069674718,POINT (-87.706967471758 41.939448022823)
4b0439e234ce41251403475a460e0384a60c2c051d8326bc3dd258a35f63971da7769b31ef1e6d5fc781c5765fa6882fb968898aa77d8739100ba01161d73f91,,07/31/2025 08:26:00 PM,30,NO CONTROLS,UNKNOWN,CLEAR,DARKNESS,REAR TO SIDE,PARKING LOT,,STRAIGHT AND LEVEL,UNKNOWN,UNKNOWN,NOT ON SCENE (DESK REPORT),NO INJURY / DRIVE AWAY,,,Y,"$501 - $1,500",07/31/2025 10:15:00 PM,IMPROPER BACKING,UNABLE TO DETERMINE,8300,S,STONY ISLAND AVE,412,,,,,,,2,NO INDICATION OF INJURY,0,0,0,0,0,2,0,20,5,7,41.744151639,-87.585945067,POINT (-87.585945066953 41.744151639042)
b8349d0d433b2c0a501d5e2bb4a82a281a726eec9e5ccd282f681bb0eb1803de61066e6facf3f126cac0a0976b801fdbee81e34ebc0cd50ffb90247fea830938,,07/31/2025 08:15:00 PM,30,NO CONTROLS,NO CONTROLS,CLEAR,"DARKNESS, LIGHTED ROAD",FIXED OBJECT,RAMP,,STRAIGHT AND LEVEL,DRY,"RUT, HOLES",ON SCENE,INJURY AND / OR TOW DUE TO CRASH,,,,"OVER $1,500",07/31/2025 08:20:00 PM,IMPROPER LANE USAGE,NOT APPLICABLE,5800,N,MANNHEIM RD,1654,,,,,,,1,,,,,,,,,20,5,7,41.9855755247,-87.8790200935,POINT (-87.879020093467 41.985575524734)
23bcebefd90d8eef6b2aef587b894ccdbf4bde5741a5326e6a782686ec12d67a328d4b5eb1aa58ecc3cde2e0fccc20a1b7c68ce410eddfaee29ac3b74a30279a,,07/31/2025 08:13:00 PM,30,STOP SIGN/FLASHER,FUNCTIONING PROPERLY,CLEAR,"DARKNESS, LIGHTED ROAD",ANGLE,DIVIDED - W/MEDIAN (NOT RAISED),,STRAIGHT AND LEVEL,DRY,NO DEFECTS,ON SCENE,INJURY AND / OR TOW DUE TO CRASH,Y,,,"OVER $1,500",07/31/2025 08:13:00 PM,FAILING TO REDUCE SPEED TO AVOID CRASH,NOT APPLICABLE,1336,W,LAKE ST,1215,,,,,,,2,"REPORTED, NOT EVIDENT",1,0,0,0,1,1,0,20,5,7,41.8855611723,-87.6603620193,POINT (-87.660362019327 41.885561172276)
f2a10d51e4d922d40b8785eb1a2600ed655bffc1ca7f828c4b6ded0941ec2bf641c27d776129e795f78aa69dfd7cbad1fa09f4834f7f36e622239a719535fc13,,07/31/2025 08:10:00 PM,30,NO CONTROLS,NO CONTROLS,CLEAR,DUSK,REAR END,DIVIDED - W/MEDIAN (NOT RAISED),,STRAIGHT AND LEVEL,DRY,NO DEFECTS,NOT ON SCENE (DESK REPORT),NO INJURY / DRIVE AWAY,,,Y,"$501 - $1,500",07/31/2025 09:10:00 PM,UNABLE TO DETERMINE,NOT APPLICABLE,7845,S,CICERO AVE,834,,,,,,,2,NO INDICATION OF INJURY,0,0,0,0,0,2,0,20,5,7,41.7496409108,-87.7412487696,POINT (-87.741248769578 41.74964091079)
fa7f9808c7f723db3358eb395e8574787039d54ce7e1ef3025facecfb25f17504f6fa8c8e15c8ec1b619019ee367f7d55d74eff20d0be89db48dce59abba87f2,,07/31/2025 08:09:00 PM,30,NO CONTROLS,NO CONTROLS,CLEAR,DUSK,PEDALCYCLIST,DIVIDED - W/MEDIAN (NOT RAISED),,STRAIGHT AND LEVEL,DRY,UNKNOWN,ON SCENE,INJURY AND / OR TOW DUE TO CRASH,,,,"OVER $1,500",07/31/2025 08:09:00 PM,UNABLE TO DETERMINE,UNABLE TO DETERMINE,3443,N,BROADWAY,1925,,,,,,,2,"REPORTED, NOT EVIDENT",1,0,0,0,1,1,0,20,5,7,41.9445055612,-87.645371498,POINT (-87.645371497977 41.944505561215)
e984fb5f554492329e229082ad8e3a5bd607f547aabb3114b50323ced9ca5f38ddb50546db60f25d3529c736c5b5bbd448fc0ad9eb53b06b040a257e5b59bd05,,07/31/2025 08:00:00 PM,30,NO CONTROLS,NO CONTROLS,CLEAR,DUSK,FIXED OBJECT,DIVIDED - W/MEDIAN (NOT RAISED),,STRAIGHT AND LEVEL,DRY,NO DEFECTS,ON SCENE,NO INJURY / DRIVE AWAY,,Y,,"OVER $1,500",07/31/2025 08:14:00 PM,PHYSICAL CONDITION OF DRIVER,UNABLE TO DETERMINE,8755,W,HIGGINS RD,1614,,,,,,,1,NO INDICATION OF INJURY,0,0,0,0,0,1,0,20,5,7,41.9875255822,-87.8450801495,POINT (-87.845080149486 41.987525582227)
c6046cdd3fa0961c2404bdfae2cd2df4e1c3bdced665a1cc610e89a264b3d112fc84b2c6df440943ecaf8b0ab75fb537478b542f22a4a90a78cb942d862a767d,,07/31/2025 07:53:00 PM,30,TRAFFIC SIGNAL,FUNCTIONING PROPERLY,CLEAR,"DARKNESS, LIGHTED ROAD",REAR END,FOUR WAY,,STRAIGHT AND LEVEL,DRY,NO DEFECTS,NOT ON SCENE (DESK REPORT),NO INJURY / DRIVE AWAY,Y,,,"OVER $1,500",08/02/2025 02:30:00 PM,UNABLE TO DETERMINE,UNABLE TO DETERMINE,1600,S,HOMAN AVE,1021,,,,,,,2,NO INDICATION OF INJURY,0,0,0,0,0,2,0,19,5,7,41.8589309616,-87.7104768787,POINT (-87.710476878738 41.858930961623)
9454c474235d02b7822dc4d4df269a603a85cc8cb4c225b1cc17dafae281d4093a03da434da16d7ad38fce509cfd5aa43d4196070e615f698a24474253cf1052,,07/31/2025 07:45:00 PM,35,TRAFFIC SIGNAL,FUNCTIONING PROPERLY,CLEAR,"DARKNESS, LIGHTED ROAD",REAR TO FRONT,ONE-WAY,,STRAIGHT AND LEVEL,DRY,NO DEFECTS,NOT ON SCENE (DESK REPORT),NO INJURY / DRIVE AWAY,Y,,,"OVER $1,500",07/31/2025 09:15:00 PM,UNABLE TO DETERMINE,NOT APPLICABLE,43,E,OHIO ST,1834,,,,,,,2,NO INDICATION OF INJURY,0,0,0,0,0,2,0,19,5,7,41.892394751,-87.6264153354,POINT (-87.626415335436 41.892394750983)