CRASH_RECORD_ID,CRASH_DATE_EST_I,CRASH_DATE,POSTED_SPEED_LIMIT,TRAFFIC_CONTROL_DEVICE,DEVICE_CONDITION,WEATHER_CONDITION,LIGHTING_CONDITION,FIRST_CRASH_TYPE,TRAFFICWAY_TYPE,LANE_CNT,ALIGNMENT,ROADWAY_SURFACE_COND,ROAD_DEFECT,REPORT_TYPE,CRASH_TYPE,INTERSECTION_RELATED_I,NOT_RIGHT_OF_WAY_I,HIT_AND_RUN_I,DAMAGE,DATE_POLICE_NOTIFIED,PRIM_CONTRIBUTORY_CAUSE,SEC_CONTRIBUTORY_CAUSE,STREET_NO,STREET_DIRECTION,STREET_NAME,BEAT_OF_OCCURRENCE,PHOTOS_TAKEN_I,STATEMENTS_TAKEN_I,DOORING_I,WORK_ZONE_I,WORK_ZONE_TYPE,WORKERS_PRESENT_I,NUM_UNITS,MOST_SEVERE_INJURY,INJURIES_TOTAL,INJURIES_FATAL,INJURIES_INCAPACITATING,INJURIES_NON_INCAPACITATING,INJURIES_REPORTED_NOT_EVIDENT,INJURIES_NO_INDICATION,INJURIES_UNKNOWN,CRASH_HOUR,CRASH_DAY_OF_WEEK,CRASH_MONTH,LATITUDE,LONGITUDE,LOCATION
f64f9ede31385bd464a5b2f4fd5dfe84a88c5e38f2a56d7bed22acfd618664eb0f9e9ac07fb043a7c3554c7e2f0d38df191c229a0c000b952efeee1f86a53ea5,,07/31/2025 07:44:00 PM,30,NO CONTROLS,NO CONTROLS,UNKNOWN,DUSK,PARKED MOTOR VEHICLE,DIVIDED - W/MEDIAN (NOT RAISED),,STRAIGHT AND LEVEL,UNKNOWN,UNKNOWN,NOT ON SCENE (DESK REPORT),NO INJURY / DRIVE AWAY,,,,"OVER $1,500",08/08/2025 01:00:00 PM,UNABLE TO DETERMINE,UNABLE TO DETERMINE,3232,N,SHERIDAN RD,1925,,,,,,,2,NO INDICATION OF INJURY,0,0,0,0,0,1,0,19,5,7,41.9411423068,-87.6397236856,POINT (-87.639723685615 41.941142306767)
28802be8f4bb1a5b1d6f8f3d3c64ddfe8edaec7defbba0ce5d5a71093400911bb9fb4ce8d6ef9c80286bc9dc269b27d6f7b21ec12f9453b42ddd66d6dc50d95c,,07/31/2025 07:43:00 PM,30,TRAFFIC SIGNAL,FUNCTIONING PROPERLY,CLEAR,"DARKNESS, LIGHTED ROAD",REAR END,FOUR WAY,,STRAIGHT AND LEVEL,DRY,UNKNOWN,NOT ON SCENE (DESK REPORT),INJURY AND / OR TOW DUE TO CRASH,,,,"OVER $1,500",08/01/2025 03:40:00 AM,UNABLE TO DETERMINE,UNABLE TO DETERMINE,6700,S,SOUTH CHICAGO AVE,322,,,,,,,2,NONINCAPACITATING INJURY,2,0,0,2,0,1,0,19,5,7,41.7728015015,-87.6154290822,POINT (-87.615429082211 41.772801501491)
30cd00021ea38a19132df93395acf166b8f0d57276f5efca0e449d506c0eebef3312c0371725d866dc9f8f4276329f2bc4f5796d7fa52e2c1e9f36e17e8d93bb,,07/31/2025 07:30:00 PM,30,TRAFFIC SIGNAL,FUNCTIONING PROPERLY,CLEAR,DAYLIGHT,REAR END,NOT DIVIDED,,STRAIGHT AND LEVEL,DRY,NO DEFECTS,NOT ON SCENE (DESK REPORT),NO INJURY / DRIVE AWAY,Y,,,"OVER $1,500",07/31/2025 08:00:00 PM,FOLLOWING TOO CLOSELY,UNABLE TO DETERMINE,3911,W,CERMAK RD,1013,,,,,,,2,NO INDICATION OF INJURY,0,0,0,0,0,2,0,19,5,7,41.8514659126,-87.7227299818,POINT (-87.722729981802 41.851465912568)
a72c1a60ee617948a199bd8b910d109e536d450d542c047c2195401bc3e44fe200a2d15c6f2ffc860f33abe182ece538ee9023df616fff5009595e66e0e98d3d,,07/31/2025 07:30:00 PM,30,NO CONTROLS,NO CONTROLS,CLEAR,DAYLIGHT,PARKED MOTOR VEHICLE,ONE-WAY,,STRAIGHT AND LEVEL,DRY,NO DEFECTS,NOT ON SCENE (DESK REPORT),NO INJURY / DRIVE AWAY,,,Y,"OVER $1,500",07/31/2025 07:50:00 PM,UNABLE TO DETERMINE,UNABLE TO DETERMINE,6420,S,MARSHFIELD AVE,725,,,,,,,2,NO INDICATION OF INJURY,0,0,0,0,0,1,0,19,5,7,41.7769784971,-87.6655650915,POINT (-87.665565091488 41.776978497115)
4665b9d39df282435a22064c535ce789433c200360b7acb2e211f3da68109bed93535ba836bd21fc4755d02321fdf6eaa8bf588d1a08edb2162fe1d332fd9687,,07/31/2025 07:28:00 PM,30,NO CONTROLS,NO CONTROLS,CLEAR,DAYLIGHT,PEDESTRIAN,NOT DIVIDED,,STRAIGHT AND LEVEL,UNKNOWN,UNKNOWN,NOT ON SCENE (DESK REPORT),INJURY AND / OR TOW DUE TO CRASH,,,Y,"OVER $1,500",08/01/2025 09:00:00 AM,FAILING TO YIELD RIGHT-OF-WAY,FAILING TO YIELD RIGHT-OF-WAY,440,N,WABASH AVE,1834,,,,,,,2,NONINCAPACITATING INJURY,1,0,0,1,0,1,0,19,5,7,41.8904864444,-87.6268244603,POINT (-87.626824460289 41.890486444372)
1d7d890c8f0c33eb844212ba7913c6ec199fc5ac914b7fee22f366e25367c93c3a5aa30f845c86dc56434c63cc0b9999e91410c80a4e62487c419b34f1cd94cc,,07/31/2025 07:26:00 PM,30,NO CONTROLS,NO CONTROLS,CLEAR,DAYLIGHT,PARKED MOTOR VEHICLE,NOT DIVIDED,,STRAIGHT AND LEVEL,DRY,NO DEFECTS,ON SCENE,NO INJURY / DRIVE AWAY,,,,$500 OR LESS,07/31/2025 07:26:00 PM,NOT APPLICABLE,DRIVING SKILLS/KNOWLEDGE/EXPERIENCE,4000,W,MAYPOLE AVE,1114,,,,,,,2,NO INDICATION OF INJURY,0,0,0,0,0,1,0,19,5,7,41.8847874305,-87.7258487018,POINT (-87.725848701789 41.884787430478)
6562b1720764987df085603597841164768cb81f2eac9ca36d997a52ffdcfa3117b1455f61bbcb596f6a34c725b91ec58194adc086fac77410d5a8488913836a,,07/31/2025 07:23:00 PM,10,UNKNOWN,UNKNOWN,CLEAR,DAWN,OTHER OBJECT,OTHER,,STRAIGHT AND LEVEL,DRY,NO DEFECTS,ON SCENE,NO INJURY / DRIVE AWAY,,Y,,"OVER $1,500",07/31/2025 08:15:00 PM,IMPROPER BACKING,UNABLE TO DETERMINE,721,E,103RD ST,512,,Y,,N,,,1,NO INDICATION OF INJURY,0,0,0,0,0,1,0,19,5,7,41.7073461546,-87.6056110011,POINT (-87.605611001065 41.707346154584)
65bdda07c810c009c9464bba67f430646afad54be860686f630397da5053be6d9344f16179262f5ccce595b44813f6e7554d06f85498a0d029fa21a0663395d7,,07/31/2025 07:20:00 PM,30,TRAFFIC SIGNAL,FUNCTIONING PROPERLY,CLEAR,DAYLIGHT,TURNING,FOUR WAY,,STRAIGHT AND LEVEL,DRY,NO DEFECTS,ON SCENE,INJURY AND / OR TOW DUE TO CRASH,Y,,Y,"OVER $1,500",07/31/2025 07:43:00 PM,FAILING TO YIELD RIGHT-OF-WAY,NOT APPLICABLE,1436,S,CALIFORNIA BLVD,1022,,,,,,,2,NO INDICATION OF INJURY,0,0,0,0,0,3,0,19,5,7,41.8613865589,-87.6959037661,POINT (-87.69590376615 41.861386558892)
fec69452fb696141f70596d6b4919a637bc0bf22e434e7e011314c7ae9ee1ff570d91bd249db9dd1b1e0b7d9126dd44c102d4a56da8aa935154dbfabba6dcf35,,07/31/2025 07:20:00 PM,30,TRAFFIC SIGNAL,FUNCTIONING PROPERLY,CLEAR,DAYLIGHT,REAR END,DIVIDED - W/MEDIAN (NOT RAISED),,STRAIGHT AND LEVEL,DRY,NO DEFECTS,NOT ON SCENE (DESK REPORT),NO INJURY / DRIVE AWAY,,,,"OVER $1,500",07/31/2025 08:55:00 PM,UNABLE TO DETERMINE,UNABLE TO DETERMINE,1800,S,HALSTED ST,1235,,,,,,,2,NO INDICATION OF INJURY,0,0,0,0,0,2,0,19,5,7,41.8580626576,-87.6467952716,POINT (-87.646795271613 41.858062657592)
5b288a6b7c59b1f966e7fe04e8e5f38c6f6341b8a22e74bde24900a3ce6792644c6901d2ebc93d5fa83b29a8764182734ad2578229593cdf1e2dbf0dd67076b4,,07/31/2025 07:00:00 PM,30,TRAFFIC SIGNAL,FUNCTIONING PROPERLY,CLEAR,DAYLIGHT,SIDESWIPE SAME DIRECTION,ONE-WAY,,STRAIGHT AND LEVEL,DRY,NO DEFECTS,NOT ON SCENE (DESK REPORT),NO INJURY / DRIVE AWAY,,,,"OVER $1,500",07/31/2025 07:30:00 PM,IMPROPER OVERTAKING/PASSING,NOT APPLICABLE,1647,N,LA SALLE DR,1814,,,,,,,2,NO INDICATION OF INJURY,0,0,0,0,0,2,0,19,5,7,41.9125032395,-87.6330119329,POINT (-87.633011932875 41.912503239452)
cebae63fab1a5ef5c28389e726d07bda42a59fe89d280495f98466b60b8bb3883b9da2b81af0c3278211382d6b6894f6d3ffcc4f87495263df4f1ecca89c0fe0,,07/31/2025 07:00:00 PM,25,NO CONTROLS,NO CONTROLS,CLEAR,DAYLIGHT,PARKED MOTOR VEHICLE,ONE-WAY,,STRAIGHT AND LEVEL,DRY,NO DEFECTS,ON SCENE,INJURY AND / OR TOW DUE TO CRASH,,,,"OVER $1,500",07/31/2025 07:07:00 PM,IMPROPER LANE USAGE,UNABLE TO DETERMINE,5829,W,WARWICK AVE,1633,,,,,,,3,NO INDICATION OF INJURY,0,0,0,0,0,2,0,19,5,7,41.9484351528,-87.7729099128,POINT (-87.772909912768 41.948435152758)
8bcb93aa08017c4c26b77dbce1888b21d0d6a2eead22328f3a7e8a45a3d8c8b5becc9c1e8132600bbfc53cacb1cbb3b3410f4b56fa2099df71e9772ffd1350cb,,07/31/2025 06:53:00 PM,30,TRAFFIC SIGNAL,UNKNOWN,CLEAR,DAYLIGHT,PEDESTRIAN,DIVIDED - W/MEDIAN (NOT RAISED),,STRAIGHT AND LEVEL,DRY,UNKNOWN,,INJURY AND / OR TOW DUE TO CRASH,,,,"OVER $1,500",07/31/2025 06:53:00 PM,UNABLE TO DETERMINE,UNABLE TO DETERMINE,6300,S,MORGAN ST,724,Y,,,,,,2,FATAL,1,1,0,0,0,2,0,18,5,7,41.7795810129,-87.6497871291,POINT (-87.649787129108 41.779581012899)
dfd2fcce9ea7cadcc54046f4f06d9425bcf43b2c7840d461c7170be6c43062e5df194a9926426568711d98e771b45eba8fd9238b78df9723409b0cd9306cb6ba,,07/31/2025 06:50:00 PM,20,NO CONTROLS,NO CONTROLS,CLEAR,DAYLIGHT,SIDESWIPE SAME DIRECTION,ONE-WAY,,STRAIGHT AND LEVEL,DRY,NO DEFECTS,ON SCENE,NO INJURY / DRIVE AWAY,,,Y,"OVER $1,500",07/31/2025 07:03:00 PM,UNABLE TO DETERMINE,UNABLE TO DETERMINE,4231,W,MONROE ST,1115,,,,,,,2,NO INDICATION OF INJURY,0,0,0,0,0,3,0,18,5,7,41.8795770172,-87.7318027336,POINT (-87.731802733586 41.879577017198)
c5d4c8e98a578b436b53a6de9414ec78bcbe59d7976af4f76b855bc6ae181693261b3eba6ccc6e4ded088ac5b564ac505bb3354e61787bb98c756a1523b89584,,07/31/2025 06:49:00 PM,25,NO CONTROLS,NO CONTROLS,CLEAR,DAYLIGHT,ANGLE,DIVIDED - W/MEDIAN (NOT RAISED),,STRAIGHT AND LEVEL,DRY,WORN SURFACE,ON SCENE,INJURY AND / OR TOW DUE TO CRASH,,,,"OVER $1,500",07/31/2025 06:50:00 PM,IMPROPER OVERTAKING/PASSING,FAILING TO REDUCE SPEED TO AVOID CRASH,812,N,LARRABEE ST,1822,,,,,,,2,NONINCAPACITATING INJURY,2,0,0,2,0,2,0,18,5,7,41.896919697,-87.643086473,POINT (-87.643086473044 41.896919696954)
2437f769e9ca7072ed6bd973aee83e2e4cc7603d3aadc2d6a999db9eb52793954421b6d7c4d32be3dd51991e1fd8ff1936e32e87e9d1db7739385bb2873c83a6,,07/31/2025 06:45:00 PM,30,UNKNOWN,UNKNOWN,UNKNOWN,UNKNOWN,ANGLE,PARKING LOT,,STRAIGHT AND LEVEL,UNKNOWN,UNKNOWN,NOT ON SCENE (DESK REPORT),NO INJURY / DRIVE AWAY,,,,"$501 - $1,500",08/07/2025 06:50:00 PM,UNABLE TO DETERMINE,UNABLE TO DETERMINE,721,S,SEELEY AVE,1225,,,,,,,2,NO INDICATION OF INJURY,0,0,0,0,0,2,0,18,5,7,41.8725275314,-87.6774416962,POINT (-87.677441696207 41.872527531396)
ab34eba712f99843901ec84337e713680cd30602cb9bc313b28a1d79cc545882cb37602e1a051248c91d22e39d1b864dd11253701e9ea891bb0194bf31445ef7,,07/31/2025 06:45:00 PM,30,TRAFFIC SIGNAL,NO CONTROLS,CLEAR,DAYLIGHT,REAR END,NOT DIVIDED,,STRAIGHT AND LEVEL,DRY,NO DEFECTS,NOT ON SCENE (DESK REPORT),NO INJURY / DRIVE AWAY,,,,"OVER $1,500",07/31/2025 07:29:00 PM,FOLLOWING TOO CLOSELY,NOT APPLICABLE,1800,S,CANAL ST,1235,,,,,,,2,NO INDICATION OF INJURY,0,0,0,0,0,2,0,18,5,7,41.8575640708,-87.6390789106,POINT (-87.639078910579 41.857564070819)
fefb49bd56536559b9e6ae3f637c99033315a77379cd9105aedb224ad05649de444eb66e06d9bc3a4b0d5753cd84608ea6129b20ec71a5288fbaf4eb0924599b,,07/31/2025 06:39:00 PM,30,OTHER RAILROAD CROSSING,FUNCTIONING PROPERLY,CLEAR,DAYLIGHT,REAR END,NOT DIVIDED,,STRAIGHT AND LEVEL,DRY,NO DEFECTS,NOT ON SCENE (DESK REPORT),INJURY AND / OR TOW DUE TO CRASH,,,,"OVER $1,500",07/31/2025 08:01:00 PM,FOLLOWING TOO CLOSELY,NOT APPLICABLE,3552,W,79TH ST,835,,,,,,,2,NONINCAPACITATING INJURY,2,0,0,2,0,4,0,18,5,7,41.7498365611,-87.7117126806,POINT (-87.711712680575 41.749836561134)
606c41aad1d25609f8c4ba804ccb85e0d472c963324f2f37c33ec03f62d285ad7a81baf6e49016fa26172305652e3b70e01262584206b245ae823fade837e5a2,,07/31/2025 06:30:00 PM,35,NO CONTROLS,NO CONTROLS,CLEAR,DAYLIGHT,SIDESWIPE OPPOSITE DIRECTION,NOT DIVIDED,,STRAIGHT AND LEVEL,DRY,NO DEFECTS,NOT ON SCENE (DESK REPORT),INJURY AND / OR TOW DUE TO CRASH,,,,"OVER $1,500",07/31/2025 06:45:00 PM,IMPROPER TURNING/NO SIGNAL,NOT APPLICABLE,7852,S,SOUTH CHICAGO AVE,411,,,,,,,2,,,,,,,,,18,5,7,41.7517657273,-87.5861625668,POINT (-87.586162566787 41.751765727264)
8724e5e46b5a6c5f6750afe6a1a0c533d249bd67040ac982971b2446e12b8f4c0e84e0e65a9611d7e17f084fff1a8e17a93ebcb9315f6441e409a8836a86150e,,07/31/2025 06:30:00 PM,30,TRAFFIC SIGNAL,FUNCTIONING PROPERLY,CLEAR,DAYLIGHT,REAR END,FOUR WAY,,STRAIGHT AND LEVEL,DRY,NO DEFECTS,NOT ON SCENE (DESK REPORT),NO INJURY / DRIVE AWAY,,,,"OVER $1,500",08/01/2025 12:15:00 PM,UNABLE TO DETERMINE,NOT APPLICABLE,4210,N,CICERO AVE,1624,,,,,,,2,NO INDICATION OF INJURY,0,0,0,0,0,2,0,18,5,7,41.9574294166,-87.747574416,POINT (-87.747574416049 41.957429416618)
a36692c89742c25a6cb4a5c241d948ec6a49b0c23b0a02c7fde884c8928e4d3e9d354bcfa4d3d40421e522a0706fc064a3d397c1b8aac0de7423c166953a4fee,,07/31/2025 06:30:00 PM,30,UNKNOWN,UNKNOWN,UNKNOWN,UNKNOWN,REAR END,DIVIDED - W/MEDIAN (NOT RAISED),,STRAIGHT AND LEVEL,UNKNOWN,UNKNOWN,NOT ON SCENE (DESK REPORT),NO INJURY / DRIVE AWAY,,,,"OVER $1,500",08/08/2025 02:00:00 PM,FOLLOWING TOO CLOSELY,FOLLOWING TOO CLOSELY,3428,W,ADDISON ST,1732,,,,,,,2,NO INDICATION OF INJURY,0,0,0,0,0,3,0,18,5,7,41.9466620426,-87.7138840099,POINT (-87.713884009936 41.94666204255)
b5554ffb1d3a9f6488339217c275026bd82a99029a28d57bb300313114110e5bcc0e8df1a0ac3004709567b9ea1281b8b8ad433bcdb54749a1694ea77348f579,,07/31/2025 06:07:00 PM,20,TRAFFIC SIGNAL,FUNCTIONING PROPERLY,CLEAR,DAYLIGHT,OTHER OBJECT,FOUR WAY,,STRAIGHT AND LEVEL,DRY,NO DEFECTS,ON SCENE,INJURY AND / OR TOW DUE TO CRASH,Y,,,$500 OR LESS,07/31/2025 06:07:00 PM,FAILING TO YIELD RIGHT-OF-WAY,NOT APPLICABLE,699,S,WABASH AVE,123,,,,,,,2,"REPORTED, NOT EVIDENT",1,0,0,0,1,2,0,18,5,7,41.8731914729,-87.6258206009,POINT (-87.625820600868 41.873191472858)
30a9709bfe89339cb5d00a5bd8006553c1be393e90ea2a49d1ec48041b46b6d3355e374b4c096f084ee5396db24fe996b07c09f5cd6563579f8cea0ffc59e1b3,,07/31/2025 06:05:00 PM,35,NO CONTROLS,NO CONTROLS,CLEAR,DAYLIGHT,PARKED MOTOR VEHICLE,DIVIDED - W/MEDIAN BARRIER,,STRAIGHT AND LEVEL,DRY,NO DEFECTS,NOT ON SCENE (DESK REPORT),NO INJURY / DRIVE AWAY,,,Y,"OVER $1,500",07/31/2025 11:05:00 PM,UNABLE TO DETERMINE,NOT APPLICABLE,850,W,SUPERIOR ST,1214,,,,,,,2,NO INDICATION OF INJURY,0,0,0,0,0,2,0,18,5,7,41.8956320834,-87.6497895692,POINT (-87.649789569227 41.895632083432)
14176670eda541bbda015e2796685fc1f7dbdc9e59bd11025dbadc2d3a1609080ad7b7090409904bbd491b1283367a75644c4eff626888f1cd9c30e0d172b60a,,07/31/2025 06:00:00 PM,30,UNKNOWN,UNKNOWN,CLEAR,DAYLIGHT,REAR END,OTHER,,STRAIGHT AND LEVEL,DRY,UNKNOWN,NOT ON SCENE (DESK REPORT),NO INJURY / DRIVE AWAY,,,Y,"$501 - $1,500",07/31/2025 07:00:00 PM,NOT APPLICABLE,NOT APPLICABLE,732,S,LARAMIE AVE,1522,,,,,,,2,NO INDICATION OF INJURY,0,0,0,0,0,2,0,18,5,7,41.8710541364,-87.7548734343,POINT (-87.754873434308 41.871054136374)
6f1165456208fa0b21e2b67cf14f654dae8e840618c6d65ebb27b6afcd41ad5673fff9a8514fc78177da4d71acfc9e050eb66e69c4f479855c7d23300f3cb8ca,,07/31/2025 06:00:00 PM,30,TRAFFIC SIGNAL,FUNCTIONING PROPERLY,CLEAR,DAYLIGHT,SIDESWIPE SAME DIRECTION,DIVIDED - W/MEDIAN (NOT RAISED),,STRAIGHT AND LEVEL,DRY,NO DEFECTS,NOT ON SCENE (DESK REPORT),NO INJURY / DRIVE AWAY,,,Y,"OVER $1,500",07/31/2025 10:00:00 PM,UNABLE TO DETERMINE,NOT APPLICABLE,7201,S,PULASKI RD,833,,,,,,,2,NO INDICATION OF INJURY,0,0,0,0,0,2,0,18,5,7,41.7622689727,-87.7221608046,POINT (-87.722160804615 41.762268972664)
78c65cf15dffec64433802cb563b424848b978f50345bcae69e493e1721db7dd390fcc0e7c53bb6e7caf1b59fb14c3c4239e15cc9e26264142bb4fdd5df27598,N,07/31/2025 06:00:00 PM,30,NO CONTROLS,NO CONTROLS,CLEAR,DAYLIGHT,PARKED MOTOR VEHICLE,NOT DIVIDED,,STRAIGHT AND LEVEL,DRY,OTHER,ON SCENE,NO INJURY / DRIVE AWAY,,,,$500 OR LESS,07/31/2025 06:20:00 PM,NOT APPLICABLE,NOT APPLICABLE,641,E,47TH ST,223,,,,,,,2,NO INDICATION OF INJURY,0,0,0,0,0,1,0,18,5,7,41.8093765429,-87.6098708318,POINT (-87.609870831756 41.809376542861)
e309aed857fd38fe84992ec96cccb5781d96e38b6161ee7e3f0cda9add3ab043f50d8280c1420fd29635a821ad068debc519104aa87ac8c67788cea022781161,,07/31/2025 06:00:00 PM,35,NO CONTROLS,NO CONTROLS,CLEAR,DAYLIGHT,SIDESWIPE SAME DIRECTION,ONE-WAY,,STRAIGHT AND LEVEL,DRY,NO DEFECTS,ON SCENE,NO INJURY / DRIVE AWAY,,,,"OVER $1,500",07/31/2025 06:03:00 PM,FAILING TO YIELD RIGHT-OF-WAY,UNABLE TO DETERMINE,530,N,DRAKE AVE,1121,,N,,,,,2,NO INDICATION OF INJURY,0,0,0,0,0,3,0,18,5,7,41.8911885321,-87.7151142875,POINT (-87.71511428745 41.891188532108)
d4b34d649a7c8cd6e68fc8e8fde51400f7016086325730a5240823fb0a29fd6be742ffbe2586ac1da8b6694b7031a5d87a9623025ff5448b6146a7bb0608d965,,07/31/2025 05:52:00 PM,30,NO CONTROLS,NO CONTROLS,CLEAR,DAYLIGHT,REAR END,NOT DIVIDED,,STRAIGHT AND LEVEL,DRY,UNKNOWN,NOT ON SCENE (DESK REPORT),NO INJURY / DRIVE AWAY,,,,"OVER $1,500",07/31/2025 06:30:00 PM,UNABLE TO DETERMINE,NOT APPLICABLE,333,N,WESTERN AVE,1223,,,,,,,2,NO INDICATION OF INJURY,0,0,0,0,0,3,0,17,5,7,41.8876589044,-87.6864458671,POINT (-87.686445867112 41.88765890441)
8a7b8a147da517b183fdcc605c0712f9ecc085f4ecad04720ebbcea024de4fa2649c71985a65a8e4ad3c673fb77a8e25d5effd52e46d8498b8cadf59a0e539a7,,07/31/2025 05:48:00 PM,30,NO CONTROLS,NO CONTROLS,CLEAR,DAYLIGHT,SIDESWIPE SAME DIRECTION,DIVIDED - W/MEDIAN (NOT RAISED),,STRAIGHT AND LEVEL,DRY,UNKNOWN,NOT ON SCENE (DESK REPORT),NO INJURY / DRIVE AWAY,,,Y,"OVER $1,500",07/31/2025 07:30:00 PM,IMPROPER OVERTAKING/PASSING,NOT APPLICABLE,2007,N,KIMBALL AVE,1413,Y,,,,,,2,NO INDICATION OF INJURY,0,0,0,0,0,3,0,17,5,7,41.9175624189,-87.7117551087,POINT (-87.711755108678 41.9175624189)
f88d44ac2112b02d66a26dd147870287fac216b9b57791363ee435d9deaa8a4e1e4dab25d819fa2356cf35d822e83796f322991c4df8fb784bd8ab417058376f,Y,07/31/2025 05:40:00 PM,30,TRAFFIC SIGNAL,FUNCTIONING PROPERLY,CLEAR,DAYLIGHT,TURNING,NOT DIVIDED,,STRAIGHT AND LEVEL,DRY,NO DEFECTS,ON SCENE,INJURY AND / OR TOW DUE TO CRASH,Y,,,"OVER $1,500",07/31/2025 05:41:00 PM,FAILING TO YIELD RIGHT-OF-WAY,FAILING TO YIELD RIGHT-OF-WAY,3500,S,WESTERN BLVD,911,,,,,,,2,NONINCAPACITATING INJURY,1,0,0,1,0,4,0,17,5,7,41.8302367756,-87.6846047573,POINT (-87.684604757265 41.830236775648)
ad9c9049483519f065f2d362c4bf8fa212144f3cad5eb5a239c6dc033844e701e38ca5e17cb568cd43df6abe8083962aa2af9dfc5bb67dc6e8dbf9fa1f3af648,,07/31/2025 05:35:00 PM,30,TRAFFIC SIGNAL,FUNCTIONING PROPERLY,CLEAR,DAYLIGHT,SIDESWIPE SAME DIRECTION,ONE-WAY,,STRAIGHT AND LEVEL,DRY,NO DEFECTS,NOT ON SCENE (DESK REPORT),NO INJURY / DRIVE AWAY,Y,,,"OVER $1,500",07/31/2025 09:10:00 PM,FAILING TO REDUCE SPEED TO AVOID CRASH,IMPROPER OVERTAKING/PASSING,37,W,ONTARIO ST,1832,,,,,,,2,NO INDICATION OF INJURY,0,0,0,0,0,2,0,17,5,7,41.8931405287,-87.629614165,POINT (-87.629614164999 41.893140528749)
1dd75c96a1591182dddaf1e765eb4408cc8a1928289018a98b3f0ff35eab3780863eb924dd091e6b2d5f0a499f3218aa99ec03d3ad50a4259de713c35aff1d9c,,07/31/2025 05:30:00 PM,30,NO CONTROLS,NO CONTROLS,CLEAR,DAYLIGHT,SIDESWIPE SAME DIRECTION,DIVIDED - W/MEDIAN (NOT RAISED),,STRAIGHT AND LEVEL,DRY,NO DEFECTS,,NO INJURY / DRIVE AWAY,,,,"OVER $1,500",07/31/2025 06:30:00 PM,FAILING TO YIELD RIGHT-OF-WAY,FAILING TO YIELD RIGHT-OF-WAY,60,W,ONTARIO ST,1832,,,,,,,2,NO INDICATION OF INJURY,0,0,0,0,0,2,0,17,5,7,41.8933492774,-87.6303903135,POINT (-87.630390313504 41.89334927743)
dd3b1b436c1f6d24b80ab318701dd5ab293de0a201042392258f9582d527c35826f44cff337ce2d9ef95a366667aae020acea6aed40e98d2861aa1b68054be6c,,07/31/2025 05:30:00 PM,30,NO CONTROLS,NO CONTROLS,CLEAR,DAYLIGHT,SIDESWIPE SAME DIRECTION,DIVIDED - W/MEDIAN BARRIER,,STRAIGHT AND LEVEL,UNKNOWN,UNKNOWN,NOT ON SCENE (DESK REPORT),NO INJURY / DRIVE AWAY,,,,"OVER $1,500",07/31/2025 07:21:00 PM,FAILING TO YIELD RIGHT-OF-WAY,NOT APPLICABLE,1921,W,PETERSON AVE,2012,,,,,,,2,NO INDICATION OF INJURY,0,0,0,0,0,2,0,17,5,7,41.9905942257,-87.6780042074,POINT (-87.678004207364 41.990594225689)
53bcfb83fad50af3730121cc6b2091b9f8f8439a5e075dd755f1147b86af374c44bf558f3ee1b031bb6541ef5d92e50faf9074163615e254772636d57b7cdd22,,07/31/2025 05:29:00 PM,25,STOP SIGN/FLASHER,UNKNOWN,CLEAR,DAYLIGHT,PEDALCYCLIST,NOT DIVIDED,,STRAIGHT AND LEVEL,DRY,UNKNOWN,ON SCENE,NO INJURY / DRIVE AWAY,,,,"OVER $1,500",07/31/2025 05:40:00 PM,FAILING TO YIELD RIGHT-OF-WAY,UNABLE TO DETERMINE,2629,N,WESTERN AVE,1432,,,,,,,2,NO INDICATION OF INJURY,0,0,0,0,0,2,0,17,5,7,41.9296717548,-87.6876653674,POINT (-87.68766536739 41.929671754811)
9b2934c0165304271f62e5ecda885b47e44bdb4014f7bfd264bb2182efefafb34fddd84f33caafc5f3b0e353b23352c6c0e4de9680e099d15056a8295f2a7636,,07/31/2025 05:27:00 PM,30,NO CONTROLS,NO CONTROLS,CLEAR,DAYLIGHT,REAR END,NOT DIVIDED,,STRAIGHT AND LEVEL,DRY,NO DEFECTS,NOT ON SCENE (DESK REPORT),NO INJURY / DRIVE AWAY,,,,"OVER $1,500",07/31/2025 06:00:00 PM,FOLLOWING TOO CLOSELY,FOLLOWING TOO CLOSELY,10700,S,KEDZIE AVE,2211,,,,,,,2,NO INDICATION OF INJURY,0,0,0,0,0,2,0,17,5,7,41.6987770221,-87.7012256089,POINT (-87.701225608923 41.698777022064)
70b5b1845986306d84dc4015ca9adaac5da808faac16737bae9ac80d9e0ad3ef0c400cc24d628554d34d7264d49ed2194075cd6dfaca500a409d999cf8b75547,,07/31/2025 05:25:00 PM,30,NO CONTROLS,NO CONTROLS,CLEAR,DAYLIGHT,PARKED MOTOR VEHICLE,NOT DIVIDED,,STRAIGHT AND LEVEL,DRY,UNKNOWN,ON SCENE,INJURY AND / OR TOW DUE TO CRASH,,,,"OVER $1,500",07/31/2025 05:40:00 PM,NOT APPLICABLE,NOT APPLICABLE,1350,E,53RD ST,234,,,,,,,2,NO INDICATION OF INJURY,0,0,0,0,0,3,0,17,5,7,41.7996046227,-87.5929995617,POINT (-87.592999561677 41.799604622725)
1b59f0b704c4e53bb46e2a2dfee3318cb5487810bd5797848753b857a330a9a4408cf6933ee7f210c87e70eb9fc3ee1362a190b389448caea32037e2110a15a3,,07/31/2025 05:20:00 PM,30,OTHER WARNING SIGN,FUNCTIONING PROPERLY,CLEAR,DAYLIGHT,TURNING,FOUR WAY,,STRAIGHT AND LEVEL,DRY,UNKNOWN,ON SCENE,INJURY AND / OR TOW DUE TO CRASH,Y,,,"OVER $1,500",07/31/2025 05:43:00 PM,IMPROPER TURNING/NO SIGNAL,ROAD CONSTRUCTION/MAINTENANCE,6201,N,WESTERN AVE,2413,,,,,,,2,"REPORTED, NOT EVIDENT",1,0,0,0,1,2,0,17,5,7,41.9941865253,-87.6896200233,POINT (-87.689620023342 41.99418652525)