CRASH_RECORD_ID,CRASH_DATE_EST_I,CRASH_DATE,POSTED_SPEED_LIMIT,TRAFFIC_CONTROL_DEVICE,DEVICE_CONDITION,WEATHER_CONDITION,LIGHTING_CONDITION,FIRST_CRASH_TYPE,TRAFFICWAY_TYPE,LANE_CNT,ALIGNMENT,ROADWAY_SURFACE_COND,ROAD_DEFECT,REPORT_TYPE,CRASH_TYPE,INTERSECTION_RELATED_I,NOT_RIGHT_OF_WAY_I,HIT_AND_RUN_I,DAMAGE,DATE_POLICE_NOTIFIED,PRIM_CONTRIBUTORY_CAUSE,SEC_CONTRIBUTORY_CAUSE,STREET_NO,STREET_DIRECTION,STREET_NAME,BEAT_OF_OCCURRENCE,PHOTOS_TAKEN_I,STATEMENTS_TAKEN_I,DOORING_I,WORK_ZONE_I,WORK_ZONE_TYPE,WORKERS_PRESENT_I,NUM_UNITS,MOST_SEVERE_INJURY,INJURIES_TOTAL,INJURIES_FATAL,INJURIES_INCAPACITATING,INJURIES_NON_INCAPACITATING,INJURIES_REPORTED_NOT_EVIDENT,INJURIES_NO_INDICATION,INJURIES_UNKNOWN,CRASH_HOUR,CRASH_DAY_OF_WEEK,CRASH_MONTH,LATITUDE,LONGITUDE,LOCATION
9939c21130e32808e640f97d7710565c99f93e4d00870c07deca5dc03271c833f4f23f3b8c24f1d6e2ac77fd9b70cb05bb3536bf7b97c88817217491d9018f38,,07/31/2025 05:20:00 PM,30,NO CONTROLS,NO CONTROLS,CLEAR,DAYLIGHT,PEDESTRIAN,NOT DIVIDED,,STRAIGHT AND LEVEL,DRY,NO DEFECTS,ON SCENE,INJURY AND / OR TOW DUE TO CRASH,,,,$500 OR LESS,07/31/2025 05:25:00 PM,IMPROPER OVERTAKING/PASSING,NOT APPLICABLE,1342,W,GRAND AVE,1215,,,,,,,3,NONINCAPACITATING INJURY,2,0,0,2,0,2,0,17,5,7,41.8911539953,-87.6607144931,POINT (-87.660714493066 41.891153995259)
eaa9b88dd2c05eeda23ad5e40ad95234a524435db6f874965bc4a4c6d8472af4ae6dd45260693af2502185718619208943d9c420707ec5aacb7817a735ab5fe9,,07/31/2025 05:18:00 PM,30,STOP SIGN/FLASHER,FUNCTIONING PROPERLY,CLEAR,DAYLIGHT,ANGLE,FOUR WAY,,STRAIGHT AND LEVEL,DRY,UNKNOWN,ON SCENE,INJURY AND / OR TOW DUE TO CRASH,Y,,,"OVER $1,500",07/31/2025 05:19:00 PM,UNABLE TO DETERMINE,NOT APPLICABLE,6300,S,VERNON AVE,312,,,,,,,2,NONINCAPACITATING INJURY,2,0,0,2,0,1,0,17,5,7,41.7801680427,-87.6145559297,POINT (-87.614555929706 41.780168042655)
bd23780a4c222476fb040b547f573638cebce9f0d9dba96762c955d3b839678d5a7e89ae33719fa57d51ea086ee7c287dbd56131aa6a0becb45c3a5f2be242e0,,07/31/2025 05:15:00 PM,30,STOP SIGN/FLASHER,FUNCTIONING PROPERLY,CLEAR,DAYLIGHT,REAR END,ONE-WAY,,STRAIGHT AND LEVEL,DRY,NO DEFECTS,ON SCENE,NO INJURY / DRIVE AWAY,Y,,,"OVER $1,500",07/31/2025 05:30:00 PM,IMPROPER BACKING,UNABLE TO DETERMINE,4403,W,VAN BUREN ST,1131,,,,,,,2,NO INDICATION OF INJURY,0,0,0,0,0,2,0,17,5,7,41.8750318605,-87.7354804562,POINT (-87.735480456151 41.87503186045)
55b9233cdb25566cb7c648bec34b91cb406e5212bdd2e06e03cef8463296dba2b9000de147a17fe89044715682bb28b9d383e92c16726b50c44d78066777c817,,07/31/2025 05:12:00 PM,30,NO CONTROLS,NO CONTROLS,CLEAR,DAYLIGHT,PARKED MOTOR VEHICLE,NOT DIVIDED,,STRAIGHT AND LEVEL,DRY,NO DEFECTS,ON SCENE,NO INJURY / DRIVE AWAY,,,Y,"$501 - $1,500",07/31/2025 06:10:00 PM,DRIVING SKILLS/KNOWLEDGE/EXPERIENCE,NOT APPLICABLE,2228,S,KENNETH AVE,1013,,,,,,,2,NO INDICATION OF INJURY,0,0,0,0,0,1,0,17,5,7,41.8504841317,-87.7357371085,POINT (-87.735737108543 41.850484131708)
0b9ef2dd2ee6b9a860336801bd59b3c1ac918f8a37f608a5edd08eb0c8d1a937060e3ffe193f21855f194f78458c43181816b23fa10dd0bc5b7a2661a954ff04,,07/31/2025 05:10:00 PM,10,NO CONTROLS,NO CONTROLS,CLEAR,DAYLIGHT,PEDESTRIAN,PARKING LOT,,STRAIGHT AND LEVEL,DRY,NO DEFECTS,NOT ON SCENE (DESK REPORT),INJURY AND / OR TOW DUE TO CRASH,,Y,Y,"$501 - $1,500",07/31/2025 06:49:00 PM,IMPROPER OVERTAKING/PASSING,NOT APPLICABLE,5724,S,KEDZIE AVE,822,,,,,,,2,"REPORTED, NOT EVIDENT",1,0,0,0,1,3,0,17,5,7,41.789112548,-87.7035797266,POINT (-87.703579726608 41.789112548017)
b541f15438b2ebbe3c2661a7418068e0f99977904988834e8ee34788e2b1683656fe8f341abe6af47689675b666c903c63e2760ccd7dd93394ce3063e230a1c4,,07/31/2025 05:08:00 PM,25,TRAFFIC SIGNAL,FUNCTIONING PROPERLY,CLEAR,DAYLIGHT,REAR END,RAMP,,"CURVE, LEVEL",DRY,NO DEFECTS,ON SCENE,NO INJURY / DRIVE AWAY,,,,"OVER $1,500",07/31/2025 05:11:00 PM,FOLLOWING TOO CLOSELY,UNABLE TO DETERMINE,524,W,OHARE ST,1654,,,,,,,2,NO INDICATION OF INJURY,0,0,0,0,0,2,0,17,5,7,,,
4105ef62cd3c89b2e1cca6d1b803df6bc91777565d53d56b5a755bd1fd02c4b2659affa5eb6b64cf757807236865f49a12501eb31d4c2054a9c07eaf45d6dab8,,07/31/2025 05:02:00 PM,30,NO CONTROLS,NO CONTROLS,CLEAR,DAYLIGHT,ANGLE,NOT DIVIDED,,STRAIGHT AND LEVEL,DRY,NO DEFECTS,,INJURY AND / OR TOW DUE TO CRASH,,,,"OVER $1,500",07/31/2025 05:02:00 PM,FAILING TO YIELD RIGHT-OF-WAY,NOT APPLICABLE,8125,S,HALSTED ST,622,,Y,,,,,2,NO INDICATION OF INJURY,0,0,0,0,0,3,0,17,5,7,41.7462362717,-87.6437660378,POINT (-87.643766037833 41.74623627172)
1bbb56cda8d6e1f8910835c0c0d92e3e1eb1a150dd38ae51e2fa0837e8623672dd523672f482b080626c422fbcf735afd7a3cd164b4ccfe2cf946713ae9d5be3,,07/31/2025 05:00:00 PM,30,NO CONTROLS,NO CONTROLS,CLEAR,DAYLIGHT,REAR TO FRONT,DIVIDED - W/MEDIAN (NOT RAISED),,STRAIGHT AND LEVEL,DRY,NO DEFECTS,NOT ON SCENE (DESK REPORT),NO INJURY / DRIVE AWAY,,,,"OVER $1,500",07/31/2025 06:15:00 PM,UNABLE TO DETERMINE,UNABLE TO DETERMINE,6800,S,ASHLAND AVE,725,,,,,,,2,NO INDICATION OF INJURY,0,0,0,0,0,4,0,17,5,7,41.7702787561,-87.6641124326,POINT (-87.664112432605 41.770278756122)
5fac297876a5bef6b269647fa7e9d144202c5ded0bb7ec3865d6840b60ac1ac7d04916caaea3d96a7f41d4ffc3e43fa3d92fe3037ab4d93e67b29de0a7bd6443,,07/31/2025 04:57:00 PM,25,STOP SIGN/FLASHER,FUNCTIONING PROPERLY,CLEAR,DAYLIGHT,ANGLE,FOUR WAY,,STRAIGHT AND LEVEL,DRY,NO DEFECTS,ON SCENE,INJURY AND / OR TOW DUE TO CRASH,Y,,,"OVER $1,500",07/31/2025 04:57:00 PM,DISREGARDING STOP SIGN,UNABLE TO DETERMINE,3948,W,WILCOX ST,1122,,,,,,,2,"REPORTED, NOT EVIDENT",1,0,0,0,1,2,0,16,5,7,41.8789849776,-87.7251085407,POINT (-87.725108540669 41.878984977574)
f731d42ed1e91df104929dea18cef3dbe6eaab6622eda0c5a913ba093f32777e552dea60c3a2937b3d45ae61fe18d4b576ffcc30a513eeb897869ba4f281cab0,,07/31/2025 04:52:00 PM,30,NO CONTROLS,NO CONTROLS,CLEAR,DAYLIGHT,REAR END,DIVIDED - W/MEDIAN (NOT RAISED),,STRAIGHT AND LEVEL,DRY,UNKNOWN,ON SCENE,NO INJURY / DRIVE AWAY,,,,"OVER $1,500",07/31/2025 04:52:00 PM,FAILING TO REDUCE SPEED TO AVOID CRASH,FOLLOWING TOO CLOSELY,6320,W,ADDISON ST,1633,,,,,,,2,NO INDICATION OF INJURY,0,0,0,0,0,3,0,16,5,7,41.9457980218,-87.7846631209,POINT (-87.784663120916 41.945798021811)
614daa99746da54cbd0c9710e53eb7ae0a8749bea9bccc4c996d24b9505a5e31a34c161779b77e3446f2840705a2c0c555e776e55522ddb3de12a7f4d6c0ed6c,,07/31/2025 04:51:00 PM,30,NO CONTROLS,NO CONTROLS,CLEAR,DAYLIGHT,TURNING,NOT DIVIDED,,STRAIGHT AND LEVEL,DRY,UNKNOWN,ON SCENE,INJURY AND / OR TOW DUE TO CRASH,,,,"OVER $1,500",07/31/2025 04:51:00 PM,FAILING TO YIELD RIGHT-OF-WAY,NOT APPLICABLE,3445,S,PRAIRIE AVE,211,,,,,,,2,NO INDICATION OF INJURY,0,0,0,0,0,2,0,16,5,7,41.8315325131,-87.6204125395,POINT (-87.620412539461 41.831532513074)
be0cde65617b676900012c77e8865716ee99ddf8f97bd576a5aa20e1abda1fb39ae1e1e48542328319eafda7c35ce9eb4bac2fe0913f0485ff281d1a1c0c407f,,07/31/2025 04:43:00 PM,35,NO CONTROLS,NO CONTROLS,CLEAR,DAYLIGHT,PARKED MOTOR VEHICLE,DIVIDED - W/MEDIAN (NOT RAISED),,STRAIGHT AND LEVEL,DRY,NO DEFECTS,ON SCENE,NO INJURY / DRIVE AWAY,,,Y,"$501 - $1,500",07/31/2025 05:00:00 PM,IMPROPER OVERTAKING/PASSING,IMPROPER OVERTAKING/PASSING,315,E,51ST ST,231,,,,,,,2,NO INDICATION OF INJURY,0,0,0,0,0,1,0,16,5,7,41.8019532881,-87.6187640515,POINT (-87.618764051499 41.801953288138)
edcf842427fa7513fa63c4ce068cf02c7a7e4e159bd8731df6e89fbb18695bf0de5827804ecca544e60026c4060d74c5b83c4acb506b76680e2a4ce82c49d0ef,,07/31/2025 04:38:00 PM,30,TRAFFIC SIGNAL,FUNCTIONING PROPERLY,CLEAR,DAYLIGHT,SIDESWIPE SAME DIRECTION,DIVIDED - W/MEDIAN BARRIER,,STRAIGHT AND LEVEL,DRY,NO DEFECTS,NOT ON SCENE (DESK REPORT),NO INJURY / DRIVE AWAY,,,Y,"OVER $1,500",07/31/2025 04:40:00 PM,UNABLE TO DETERMINE,UNABLE TO DETERMINE,698,S,MICHIGAN AVE,123,,,,,,,2,NO INDICATION OF INJURY,0,0,0,0,0,4,0,16,5,7,41.8732231872,-87.6243487329,POINT (-87.624348732928 41.873223187237)
240aa64ac08fa90596d20b79b9a9616d04cdaf12f10327d99dc2a5c25b1853f90cde82ae9d9f4a77f5b23c3248b5a4935b316008a499b4153b12ae73e00df2ec,,07/31/2025 04:37:00 PM,30,TRAFFIC SIGNAL,UNKNOWN,CLEAR,DAYLIGHT,TURNING,CENTER TURN LANE,,STRAIGHT AND LEVEL,DRY,UNKNOWN,ON SCENE,NO INJURY / DRIVE AWAY,Y,,,"OVER $1,500",07/31/2025 04:37:00 PM,FAILING TO YIELD RIGHT-OF-WAY,NOT APPLICABLE,301,S,AUSTIN BLVD,1513,,,,,,,2,NO INDICATION OF INJURY,0,0,0,0,0,4,0,16,5,7,41.8763817357,-87.7743781702,POINT (-87.774378170193 41.876381735655)
0c898f961f510e99db035054dd038bbe016668078f35620e8eb2c62764f4e1e58ada729265be3f43aed0e26aa48792a3f667e418af80d698efe23d1e46b1d543,,07/31/2025 04:32:00 PM,10,NO CONTROLS,NO CONTROLS,CLEAR,DAYLIGHT,PARKED MOTOR VEHICLE,PARKING LOT,,STRAIGHT AND LEVEL,UNKNOWN,UNKNOWN,NOT ON SCENE (DESK REPORT),NO INJURY / DRIVE AWAY,,Y,,"OVER $1,500",07/31/2025 04:45:00 PM,IMPROPER BACKING,IMPROPER BACKING,2112,W,PETERSON AVE,2413,,,,,,,2,NO INDICATION OF INJURY,0,0,0,0,0,3,0,16,5,7,41.990729218,-87.6829794536,POINT (-87.682979453599 41.990729217961)
0dd4c2ad945a75bdd2e59e23f8889a0d047ca2f14487c436ab71ec4baa573b50fc447a9bbdf60c4b17a05f3b09cac704a7c39ce331ded76952204254ffb44ecb,,07/31/2025 04:30:00 PM,30,TRAFFIC SIGNAL,FUNCTIONING PROPERLY,CLEAR,DAYLIGHT,TURNING,FOUR WAY,,STRAIGHT AND LEVEL,DRY,UNKNOWN,ON SCENE,INJURY AND / OR TOW DUE TO CRASH,Y,,,"OVER $1,500",07/31/2025 04:38:00 PM,FAILING TO YIELD RIGHT-OF-WAY,UNABLE TO DETERMINE,7500,S,LAFAYETTE AVE,623,,,,,,,2,NO INDICATION OF INJURY,0,0,0,0,0,3,0,16,5,7,41.758068532,-87.6265169823,POINT (-87.626516982328 41.75806853202)
91d8d288108136c777c4e7c6e872ef3d677b8b5ee08e921ac70244245523e1bd36325085f0c6c92a348c8dee917cdb822cd1f2fe73a834fb0b3cd3154cb0015d,,07/31/2025 04:30:00 PM,30,TRAFFIC SIGNAL,FUNCTIONING PROPERLY,CLEAR,DAYLIGHT,TURNING,NOT DIVIDED,,STRAIGHT AND LEVEL,DRY,NO DEFECTS,ON SCENE,NO INJURY / DRIVE AWAY,,,Y,"$501 - $1,500",08/01/2025 10:45:00 AM,UNABLE TO DETERMINE,NOT APPLICABLE,3811,W,DIVISION ST,1112,,,,,,,2,NO INDICATION OF INJURY,0,0,0,0,0,2,0,16,5,7,41.9025988509,-87.7219454046,POINT (-87.72194540461 41.902598850899)
f8ad13d1438b4b201a1498bc8584a6ec8bf6a8b3fd57f3915ad0db7451dc0e531352f0e572f8d4743817580838969a8041ffe0e2eb2fb22d6d81d14334d3c500,,07/31/2025 04:30:00 PM,30,NO CONTROLS,NO CONTROLS,CLEAR,DAYLIGHT,TURNING,NOT DIVIDED,,STRAIGHT AND LEVEL,DRY,UNKNOWN,NOT ON SCENE (DESK REPORT),NO INJURY / DRIVE AWAY,,,,"OVER $1,500",07/31/2025 10:30:00 PM,FAILING TO YIELD RIGHT-OF-WAY,NOT APPLICABLE,4937,W,IRVING PARK RD,1634,,,,,,,2,NO INDICATION OF INJURY,0,0,0,0,0,2,0,16,5,7,41.9532641687,-87.7513846104,POINT (-87.751384610447 41.953264168743)
1306018a22f55f80e75c2a57b9a1727ed86828fc5daf8e04dff92df74e1541c9325219c7fd928d1d89b3fa634f47f57fb083317f4b3c21e5794880379e78f10d,,07/31/2025 04:25:00 PM,25,NO CONTROLS,NO CONTROLS,CLEAR,DAYLIGHT,REAR END,DIVIDED - W/MEDIAN (NOT RAISED),,STRAIGHT AND LEVEL,DRY,NO DEFECTS,NOT ON SCENE (DESK REPORT),NO INJURY / DRIVE AWAY,,,,"$501 - $1,500",07/31/2025 05:40:00 PM,UNABLE TO DETERMINE,UNABLE TO DETERMINE,1319,W,FOSTER AVE,2033,,,,,,,2,NO INDICATION OF INJURY,0,0,0,0,0,4,0,16,5,7,41.976163652,-87.6631560579,POINT (-87.663156057859 41.976163652016)
88773dd79b46343eb8a40337edf46c003812163f5e78bb5ec254a33e9ef9a822a3242a3e5a7a46aed64ef47e316ae6be0bfc81a1cf6b3de5f754ee71fb855c20,,07/31/2025 04:18:00 PM,30,NO CONTROLS,NO CONTROLS,CLEAR,DAYLIGHT,SIDESWIPE SAME DIRECTION,FOUR WAY,,STRAIGHT AND LEVEL,DRY,NO DEFECTS,ON SCENE,INJURY AND / OR TOW DUE TO CRASH,Y,,,"OVER $1,500",07/31/2025 04:23:00 PM,FAILING TO YIELD RIGHT-OF-WAY,FAILING TO REDUCE SPEED TO AVOID CRASH,6300,W,ADDISON ST,1633,,,,,,,2,NO INDICATION OF INJURY,0,0,0,0,0,3,0,16,5,7,41.9458051184,-87.7839384499,POINT (-87.783938449854 41.945805118409)
2552a79eb7a56773caecf50384f694120ec601c00e2aea4e31de256a8cf22af18054a651445f40a1255f85f6da701189d383aded25109e90480dcb34d4ba383e,,07/31/2025 04:15:00 PM,30,TRAFFIC SIGNAL,UNKNOWN,CLEAR,DAYLIGHT,PARKED MOTOR VEHICLE,FOUR WAY,,STRAIGHT AND LEVEL,DRY,UNKNOWN,NOT ON SCENE (DESK REPORT),NO INJURY / DRIVE AWAY,,N,,"OVER $1,500",07/31/2025 05:00:00 PM,NOT APPLICABLE,NOT APPLICABLE,530,S,STATE ST,123,,,,,,,2,NO INDICATION OF INJURY,0,0,0,0,0,1,0,16,5,7,41.8750787855,-87.6277680264,POINT (-87.627768026399 41.875078785509)
b4e8e402ede1d5caa00b74edb7171b821326b65dde2da70069a6efbda5bbbf0196ee6deee8fc143aa50ef00e09a7cf953fe6d73ed05f887e2f7bfb109c13432c,,07/31/2025 04:15:00 PM,30,STOP SIGN/FLASHER,FUNCTIONING PROPERLY,CLEAR,DAYLIGHT,REAR END,NOT DIVIDED,,STRAIGHT AND LEVEL,DRY,NO DEFECTS,NOT ON SCENE (DESK REPORT),NO INJURY / DRIVE AWAY,,,,"OVER $1,500",08/01/2025 02:00:00 PM,FOLLOWING TOO CLOSELY,"OPERATING VEHICLE IN ERRATIC, RECKLESS, CARELESS, NEGLIGENT OR AGGRESSIVE MANNER",9242,S,DR MARTIN LUTHER KING JR DR,633,,,,,,,2,NO INDICATION OF INJURY,0,0,0,0,0,2,0,16,5,7,41.7256675923,-87.6143875177,POINT (-87.614387517667 41.725667592327)
ced8e3469e0730db3b50e6b95ff6370e859f786c64e966974efe7206f8199023480e750629c7ef1752f1df51c56436df477fee3c6752e4478d26c2ed9d028a20,,07/31/2025 04:15:00 PM,30,NO CONTROLS,NO CONTROLS,CLEAR,DAYLIGHT,PARKED MOTOR VEHICLE,NOT DIVIDED,,STRAIGHT AND LEVEL,DRY,UNKNOWN,ON SCENE,INJURY AND / OR TOW DUE TO CRASH,,,,"OVER $1,500",07/31/2025 05:03:00 PM,UNABLE TO DETERMINE,NOT APPLICABLE,3350,N,KILBOURN AVE,1731,,,,,,,2,"REPORTED, NOT EVIDENT",1,0,0,0,1,1,0,16,5,7,41.9422565314,-87.7397412435,POINT (-87.739741243516 41.942256531374)
67bb18da36019944a20d1fa19d3ca9a5392cb620ce19580dfb93c58861948fa43d8fb94036d75ba7aa81c1c4c1ec3755f9d95d90409ca73369e71ad1704d3539,,07/31/2025 04:13:00 PM,30,NO CONTROLS,NO CONTROLS,CLOUDY/OVERCAST,DAYLIGHT,SIDESWIPE SAME DIRECTION,NOT DIVIDED,,STRAIGHT AND LEVEL,DRY,NO DEFECTS,NOT ON SCENE (DESK REPORT),NO INJURY / DRIVE AWAY,,,,"$501 - $1,500",07/31/2025 05:55:00 PM,IMPROPER OVERTAKING/PASSING,NOT APPLICABLE,4800,S,WESTERN AVE,922,,,,,,,3,NO INDICATION OF INJURY,0,0,0,0,0,3,0,16,5,7,41.8065651083,-87.6845166965,POINT (-87.684516696523 41.806565108314)
959c53789ce1cde8470fa5146b457d3f86c6ba676d0eb3420096540e0723ab9d2f9daaa71f256d23695d27d82404812bab6b4c05189f367b4df0d4ea0b1bda2c,,07/31/2025 04:10:00 PM,30,NO CONTROLS,NO CONTROLS,CLEAR,DAYLIGHT,SIDESWIPE SAME DIRECTION,NOT DIVIDED,,STRAIGHT AND LEVEL,DRY,NO DEFECTS,ON SCENE,NO INJURY / DRIVE AWAY,,,Y,"OVER $1,500",07/31/2025 04:12:00 PM,IMPROPER OVERTAKING/PASSING,NOT APPLICABLE,816,E,MARQUETTE RD,321,,,,,,,2,NO INDICATION OF INJURY,0,0,0,0,0,2,0,16,5,7,41.7750783219,-87.6050747498,POINT (-87.605074749818 41.775078321875)
749a3966238d781cc1bd09756977e12b0a088fdc1ad595dc9021b49164379f2ae2fcf3dd2a4d8c72722bef9695e774bc549302e606af402dcd3e689173e1c3e8,,07/31/2025 04:05:00 PM,30,TRAFFIC SIGNAL,NO CONTROLS,CLEAR,DAYLIGHT,TURNING,NOT DIVIDED,,STRAIGHT AND LEVEL,DRY,NO DEFECTS,NOT ON SCENE (DESK REPORT),NO INJURY / DRIVE AWAY,,,,"OVER $1,500",07/31/2025 05:51:00 PM,NOT APPLICABLE,NOT APPLICABLE,2301,S,ARCHER AVE,914,,,,,,,2,NO INDICATION OF INJURY,0,0,0,0,0,2,0,16,5,7,41.8508429437,-87.638734244,POINT (-87.638734243991 41.850842943747)
ac23b484947d6e02235cec63f27961be1acec12871487128066fdc3b3782d22f1897cf20b736503d37e422dd71ad0b3cda45c2a01937efca5395e486fdc79ff4,,07/31/2025 04:05:00 PM,25,NO CONTROLS,NO CONTROLS,CLEAR,DAYLIGHT,REAR END,DIVIDED - W/MEDIAN (NOT RAISED),,STRAIGHT AND LEVEL,DRY,UNKNOWN,ON SCENE,NO INJURY / DRIVE AWAY,,,,"$501 - $1,500",07/31/2025 04:05:00 PM,NOT APPLICABLE,NOT APPLICABLE,1056,W,BELMONT AVE,1924,,Y,,,,,2,NO INDICATION OF INJURY,0,0,0,0,0,2,0,16,5,7,41.9399854068,-87.6563946938,POINT (-87.656394693842 41.939985406835)
1946e2c222c7c3afd5bc16e7119c5c67d564b5a66571e52170da997e2f9d0bc826132103d5edbeef59dc32606d6bc5aedeb6161a6d2cbce1774763776626f3c5,,07/31/2025 04:03:00 PM,30,NO CONTROLS,NO CONTROLS,CLEAR,DAYLIGHT,FIXED OBJECT,ONE-WAY,,STRAIGHT AND LEVEL,DRY,NO DEFECTS,ON SCENE,INJURY AND / OR TOW DUE TO CRASH,,,,"OVER $1,500",07/31/2025 04:03:00 PM,DISTRACTION - FROM OUTSIDE VEHICLE,NOT APPLICABLE,5300,S,SHORE DR,234,,,,,,,1,NO INDICATION OF INJURY,0,0,0,0,0,1,0,16,5,7,41.7995692549,-87.5824650372,POINT (-87.582465037155 41.799569254868)
95af992c4b9778f62456816ad2ec9ca60ad3c5912004fa6f89c0604e035add0b6998c0420302fec8308f8d6d0799beedff41ca24bc71d2bbcfa2481fde30a22d,,07/31/2025 04:00:00 PM,30,UNKNOWN,UNKNOWN,CLEAR,DAYLIGHT,PARKED MOTOR VEHICLE,PARKING LOT,,STRAIGHT AND LEVEL,UNKNOWN,UNKNOWN,NOT ON SCENE (DESK REPORT),NO INJURY / DRIVE AWAY,,,Y,"OVER $1,500",07/31/2025 04:25:00 PM,UNABLE TO DETERMINE,UNABLE TO DETERMINE,5033,N,ELSTON AVE,1712,,,,,,,2,NO INDICATION OF INJURY,0,0,0,0,0,1,0,16,5,7,41.9723492826,-87.7468250858,POINT (-87.746825085785 41.97234928256)
b2bf76b1dd73f478b5b85f2b3c57f7305cfe8cb3080fed6b35940ee288f1958b071033c086bc22790ac6b47cf25586a0deca59149d1477b5126c04556d662ba9,,07/31/2025 04:00:00 PM,30,NO CONTROLS,NO CONTROLS,CLEAR,"DARKNESS, LIGHTED ROAD",PARKED MOTOR VEHICLE,DIVIDED - W/MEDIAN (NOT RAISED),,STRAIGHT AND LEVEL,DRY,NO DEFECTS,ON SCENE,NO INJURY / DRIVE AWAY,,,Y,"OVER $1,500",08/01/2025 09:15:00 AM,IMPROPER OVERTAKING/PASSING,UNABLE TO DETERMINE,477,W,DEMING PL,1935,,,,,,,2,NO INDICATION OF INJURY,0,0,0,0,0,1,0,16,5,7,41.9287950755,-87.6416202277,POINT (-87.641620227672 41.92879507548)
cbc43fe4ec8fa374817df67e432776ed2db8d2b8af66271571706a825b54ed3ad5ed2cdc5e5d70f4d13e82e44710addfd26301389ba70da1981772939460b26d,,07/31/2025 04:00:00 PM,30,NO CONTROLS,NO CONTROLS,CLEAR,DAYLIGHT,PARKED MOTOR VEHICLE,ONE-WAY,,STRAIGHT AND LEVEL,DRY,UNKNOWN,ON SCENE,NO INJURY / DRIVE AWAY,,,Y,"OVER $1,500",07/31/2025 04:00:00 PM,UNABLE TO DETERMINE,UNABLE TO DETERMINE,8147,S,COLES AVE,422,,,,,,,2,NO INDICATION OF INJURY,0,0,0,0,0,1,0,16,5,7,41.7469373206,-87.5490185586,POINT (-87.549018558643 41.74693732057)
f135ee93041c328e24adfaaf237089c31566a0ba1b2ecfb8e5fd61e3f5b9796962684b23d490ec8ff1458b91e093d616af78338f15a56b5d6e4dd0a4ad40cac1,,07/31/2025 03:56:00 PM,30,NO CONTROLS,NO CONTROLS,CLEAR,DAYLIGHT,TURNING,NOT DIVIDED,,STRAIGHT AND LEVEL,DRY,NO DEFECTS,ON SCENE,NO INJURY / DRIVE AWAY,,,,"$501 - $1,500",07/31/2025 03:59:00 PM,IMPROPER TURNING/NO SIGNAL,NOT APPLICABLE,2334,W,CHICAGO AVE,1212,,N,,,,,2,NO INDICATION OF INJURY,0,0,0,0,0,2,0,15,5,7,41.8958698635,-87.6858129153,POINT (-87.685812915308 41.895869863463)
349affe766406b446dcdfa102e94389bee980ee00f592ca2692c439e69cd8376bf4374e1418bfdc618d9ff47e436ecc2ad6726291ec060a99171648feb496010,,07/31/2025 03:48:00 PM,30,TRAFFIC SIGNAL,FUNCTIONING PROPERLY,CLEAR,DAYLIGHT,TURNING,FOUR WAY,,STRAIGHT AND LEVEL,DRY,NO DEFECTS,ON SCENE,INJURY AND / OR TOW DUE TO CRASH,Y,,,"OVER $1,500",07/31/2025 03:51:00 PM,IMPROPER TURNING/NO SIGNAL,"VISION OBSCURED (SIGNS, TREE LIMBS, BUILDINGS, ETC.)",2400,W,PERSHING RD,911,,,,,,,2,"REPORTED, NOT EVIDENT",1,0,0,0,1,1,0,15,5,7,41.8230967602,-87.6850189506,POINT (-87.685018950616 41.823096760166)
d2a864dbfbdd594099a73b05ec91366a98e6dcbbb8f09f2fa658624a9dad1d55261851927367bc1e305604f97d03e437767c07a5331ea579861497195eb0855e,,07/31/2025 03:45:00 PM,25,NO CONTROLS,NO CONTROLS,CLEAR,DAYLIGHT,PARKED MOTOR VEHICLE,NOT DIVIDED,,STRAIGHT AND LEVEL,DRY,NO DEFECTS,NOT ON SCENE (DESK REPORT),NO INJURY / DRIVE AWAY,,,,"OVER $1,500",07/31/2025 05:45:00 PM,IMPROPER OVERTAKING/PASSING,NOT APPLICABLE,5265,S,LARAMIE AVE,814,,,,,,,2,NO INDICATION OF INJURY,0,0,0,0,0,2,0,15,5,7,41.7972792453,-87.7524979685,POINT (-87.752497968492 41.797279245319)
2e5bba65fed4455456f408e0157b4b32e954f64026db4380f9dc5ada564d8f74a660d8e1643750b22e094a672162b5492b57a37e8e6d398d4927dc22087d4c8d,,07/31/2025 03:40:00 PM,30,NO CONTROLS,NO CONTROLS,CLEAR,DAYLIGHT,TURNING,NOT DIVIDED,,STRAIGHT AND LEVEL,DRY,NO DEFECTS,NOT ON SCENE (DESK REPORT),NO INJURY / DRIVE AWAY,,,,"OVER $1,500",08/01/2025 05:30:00 PM,FAILING TO REDUCE SPEED TO AVOID CRASH,NOT APPLICABLE,5833,W,NORTH AVE,2531,,,,,,,2,NO INDICATION OF INJURY,0,0,0,0,0,2,0,15,5,7,41.9091894492,-87.7720042964,POINT (-87.772004296394 41.909189449206)