CRASH_RECORD_ID,CRASH_DATE_EST_I,CRASH_DATE,POSTED_SPEED_LIMIT,TRAFFIC_CONTROL_DEVICE,DEVICE_CONDITION,WEATHER_CONDITION,LIGHTING_CONDITION,FIRST_CRASH_TYPE,TRAFFICWAY_TYPE,LANE_CNT,ALIGNMENT,ROADWAY_SURFACE_COND,ROAD_DEFECT,REPORT_TYPE,CRASH_TYPE,INTERSECTION_RELATED_I,NOT_RIGHT_OF_WAY_I,HIT_AND_RUN_I,DAMAGE,DATE_POLICE_NOTIFIED,PRIM_CONTRIBUTORY_CAUSE,SEC_CONTRIBUTORY_CAUSE,STREET_NO,STREET_DIRECTION,STREET_NAME,BEAT_OF_OCCURRENCE,PHOTOS_TAKEN_I,STATEMENTS_TAKEN_I,DOORING_I,WORK_ZONE_I,WORK_ZONE_TYPE,WORKERS_PRESENT_I,NUM_UNITS,MOST_SEVERE_INJURY,INJURIES_TOTAL,INJURIES_FATAL,INJURIES_INCAPACITATING,INJURIES_NON_INCAPACITATING,INJURIES_REPORTED_NOT_EVIDENT,INJURIES_NO_INDICATION,INJURIES_UNKNOWN,CRASH_HOUR,CRASH_DAY_OF_WEEK,CRASH_MONTH,LATITUDE,LONGITUDE,LOCATION
9c2f2b69398c1f8084369c66adafdbc321543b5e4a526e74c0680b9ecd9c221006785f8b708dbabe9550a55285e15ef097e858d9b87a24808ed3a995fab1e08a,Y,07/31/2025 03:40:00 PM,30,NO CONTROLS,NO CONTROLS,CLEAR,DAYLIGHT,REAR TO SIDE,NOT DIVIDED,,STRAIGHT AND LEVEL,DRY,UNKNOWN,NOT ON SCENE (DESK REPORT),NO INJURY / DRIVE AWAY,,,,"OVER $1,500",07/31/2025 04:00:00 PM,FAILING TO YIELD RIGHT-OF-WAY,NOT APPLICABLE,4770,N,OAKLEY AVE,1911,,,,,,,2,NO INDICATION OF INJURY,0,0,0,0,0,2,0,15,5,7,41.9685990353,-87.686619275,POINT (-87.686619274952 41.968599035296)
aefb54c039d9095ecc039f93bcfb11255288ef90abd2baf451aacec1dd0af920f5408c4edc836f6c1b736c87b233a1c04ebd345b334977067a2a3423773a3731,,07/31/2025 03:40:00 PM,30,NO CONTROLS,NO CONTROLS,CLEAR,DAYLIGHT,SIDESWIPE SAME DIRECTION,NOT DIVIDED,,STRAIGHT AND LEVEL,DRY,NO DEFECTS,NOT ON SCENE (DESK REPORT),NO INJURY / DRIVE AWAY,,,,"OVER $1,500",08/01/2025 08:45:00 AM,UNABLE TO DETERMINE,NOT APPLICABLE,6335,N,WASHTENAW AVE,2413,,,,,,,2,NO INDICATION OF INJURY,0,0,0,0,0,2,0,15,5,7,41.996845883,-87.6970271494,POINT (-87.697027149414 41.996845883)
6979dc1288895ab754ab0a4a520d7b49494085f755e4b14c75a7e7f2ae5a919b6a634428ac4845f5b7d3ea2983a85f20474e991f37073f25def5cefe237a4499,,07/31/2025 03:38:00 PM,20,NO CONTROLS,NO CONTROLS,CLEAR,DAYLIGHT,SIDESWIPE SAME DIRECTION,ONE-WAY,,STRAIGHT AND LEVEL,DRY,NO DEFECTS,NOT ON SCENE (DESK REPORT),NO INJURY / DRIVE AWAY,,,,$500 OR LESS,07/31/2025 04:30:00 PM,UNABLE TO DETERMINE,NOT APPLICABLE,6337,N,WASHTENAW AVE,2413,,,,,,,2,NO INDICATION OF INJURY,0,0,0,0,0,2,0,15,5,7,41.9969016533,-87.6970289911,POINT (-87.697028991068 41.996901653254)
97f4da268c57dd9de3f9453e94cd3401cb5a6a893c36402e54598ee3c7bf7e287b9d5167d8f41b89e7d93d1f5390fa073bc951aabe29a05c6eba53d6c5550fb2,Y,07/31/2025 03:33:00 PM,30,UNKNOWN,UNKNOWN,UNKNOWN,UNKNOWN,SIDESWIPE SAME DIRECTION,NOT DIVIDED,,STRAIGHT AND LEVEL,UNKNOWN,UNKNOWN,NOT ON SCENE (DESK REPORT),NO INJURY / DRIVE AWAY,,,Y,"OVER $1,500",07/31/2025 06:05:00 PM,UNABLE TO DETERMINE,NOT APPLICABLE,330,E,75TH ST,323,,,,,,,2,NO INDICATION OF INJURY,0,0,0,0,0,2,0,15,5,7,41.7584846093,-87.6169566868,POINT (-87.616956686754 41.758484609301)
a5fffcb5b14f7e5b81c86145056beddcf2dc0b3b8e989a4056fe1a007a34d113e1b927bf53446bb18e1d7ceebd83e83b4e88f00ce447685729eda76e267f0974,,07/31/2025 03:33:00 PM,30,TRAFFIC SIGNAL,FUNCTIONING PROPERLY,CLEAR,DAYLIGHT,REAR END,NOT DIVIDED,,STRAIGHT AND LEVEL,DRY,NO DEFECTS,NOT ON SCENE (DESK REPORT),INJURY AND / OR TOW DUE TO CRASH,,,,"OVER $1,500",07/31/2025 04:00:00 PM,FOLLOWING TOO CLOSELY,UNABLE TO DETERMINE,1559,W,63RD ST,725,,,,,,,2,"REPORTED, NOT EVIDENT",1,0,0,0,1,3,0,15,5,7,41.7793586603,-87.6641484616,POINT (-87.664148461581 41.779358660308)
215eba79c1ed8430749e3f58b4742032d8df467dbcdd4cd4caba48051fe4ec39791c1c1ba8b893b8d4550fe256c34afa2a4f70ca4b6154bd25cc13bdfcff235e,,07/31/2025 03:30:00 PM,25,TRAFFIC SIGNAL,FUNCTIONING PROPERLY,CLEAR,DAYLIGHT,TURNING,NOT DIVIDED,,STRAIGHT AND LEVEL,DRY,UNKNOWN,NOT ON SCENE (DESK REPORT),NO INJURY / DRIVE AWAY,Y,,Y,$500 OR LESS,08/01/2025 08:45:00 AM,UNABLE TO DETERMINE,UNABLE TO DETERMINE,2002,W,FULLERTON AVE,1432,,,,,,,2,NO INDICATION OF INJURY,0,0,0,0,0,2,0,15,5,7,41.9251337874,-87.6780423785,POINT (-87.678042378475 41.925133787372)
79fb62d2f3ac7d437e7820c6e12ad4a4547d7eb852909eda8b70d2e8f653f42b6da5dccfc536c4473d9377d5cef6eec283ec2187fdf14cdae6c3e3fde4b1dd03,,07/31/2025 03:30:00 PM,25,NO CONTROLS,NO CONTROLS,CLEAR,DAYLIGHT,TURNING,NOT DIVIDED,,STRAIGHT AND LEVEL,DRY,NO DEFECTS,NOT ON SCENE (DESK REPORT),NO INJURY / DRIVE AWAY,,,Y,"OVER $1,500",08/02/2025 10:00:00 AM,IMPROPER LANE USAGE,NOT APPLICABLE,3201,N,OAKLEY AVE,1921,,,,,,,2,NO INDICATION OF INJURY,0,0,0,0,0,3,0,15,5,7,41.9395311825,-87.6854766009,POINT (-87.685476600858 41.939531182483)
e4384b5bfb121b72019af68179641440bfe6afaa4c103c3e12a17b58b77737357159399abaa42f38539caaca2c45f595f581bf12782ee3cd976145a26547328b,,07/31/2025 03:30:00 PM,30,NO CONTROLS,NO CONTROLS,CLEAR,DAYLIGHT,SIDESWIPE SAME DIRECTION,DIVIDED - W/MEDIAN (NOT RAISED),,STRAIGHT AND LEVEL,DRY,NO DEFECTS,NOT ON SCENE (DESK REPORT),NO INJURY / DRIVE AWAY,,,,"OVER $1,500",07/31/2025 05:50:00 PM,UNABLE TO DETERMINE,UNABLE TO DETERMINE,400,N,CLARK ST,1831,,,,,,,2,NO INDICATION OF INJURY,0,0,0,0,0,2,0,15,5,7,41.8892498019,-87.6312078202,POINT (-87.631207820201 41.889249801889)
ec0b1dd2c38364bd330d59dbda8bd868cb46e233d42d5260ec67a602a3a9b8c7a94050a4f61322397334ace096bec0ccae93a40209d99c51e1a6b11cc3e2aab3,,07/31/2025 03:30:00 PM,30,TRAFFIC SIGNAL,FUNCTIONING PROPERLY,CLEAR,DAYLIGHT,REAR END,NOT DIVIDED,,STRAIGHT AND LEVEL,DRY,NO DEFECTS,NOT ON SCENE (DESK REPORT),NO INJURY / DRIVE AWAY,,,,"OVER $1,500",07/31/2025 05:12:00 PM,FAILING TO YIELD RIGHT-OF-WAY,NOT APPLICABLE,6400,W,63RD ST,812,,,,,,,2,NO INDICATION OF INJURY,0,0,0,0,0,4,0,15,5,7,41.7777845359,-87.7813298721,POINT (-87.781329872106 41.777784535873)
0fcb6f68021aa170355df51ff544d8670b34cd6462aab4b3207fafc6ede108e58799b3e11367db0dfa02e70fbe0dcea36b775dc2500b4d4e26332197ecab51f6,,07/31/2025 03:25:00 PM,30,TRAFFIC SIGNAL,FUNCTIONING PROPERLY,CLEAR,DAYLIGHT,TURNING,UNKNOWN INTERSECTION TYPE,,STRAIGHT AND LEVEL,DRY,NO DEFECTS,NOT ON SCENE (DESK REPORT),INJURY AND / OR TOW DUE TO CRASH,Y,,,"OVER $1,500",07/31/2025 03:27:00 PM,UNABLE TO DETERMINE,NOT APPLICABLE,4029,W,IRVING PARK RD,1732,,,,,,,2,NO INDICATION OF INJURY,0,0,0,0,0,2,0,15,5,7,41.9535315117,-87.7283876429,POINT (-87.728387642919 41.953531511714)
b87ab842c710056cbedb20cc98480e50e7ef447270b5ee20856a745ccf6325e96a1f4bc2e7e3609c761eb224116025663bf55a6791cd98e8625b09b1a46dd26b,,07/31/2025 03:24:00 PM,30,NO CONTROLS,NO CONTROLS,CLEAR,DAYLIGHT,FIXED OBJECT,NOT DIVIDED,,STRAIGHT AND LEVEL,DRY,NO DEFECTS,ON SCENE,NO INJURY / DRIVE AWAY,,,,"$501 - $1,500",07/31/2025 03:42:00 PM,UNABLE TO DETERMINE,UNABLE TO DETERMINE,4403,N,ELSTON AVE,1722,,,,,,,1,NO INDICATION OF INJURY,0,0,0,0,0,1,0,15,5,7,41.9611220864,-87.7297594475,POINT (-87.729759447493 41.961122086378)
9c3ef91f9dceb84ca02300ad0ab902d512bad1c84b35f8d167367a99344db5786a7428d64c9710d7e4e0a2202374463f7a292dd54ac0c1a89bcb7768c75e2af7,,07/31/2025 03:23:00 PM,30,UNKNOWN,UNKNOWN,CLEAR,DAYLIGHT,SIDESWIPE SAME DIRECTION,DIVIDED - W/MEDIAN BARRIER,,STRAIGHT AND LEVEL,UNKNOWN,UNKNOWN,NOT ON SCENE (DESK REPORT),NO INJURY / DRIVE AWAY,,,,"OVER $1,500",07/31/2025 05:30:00 PM,UNABLE TO DETERMINE,UNABLE TO DETERMINE,1600,N,LAKE SHORE DR NB,1814,,,,,,,2,NO INDICATION OF INJURY,0,0,0,0,0,2,0,15,5,7,41.9118569525,-87.6261695233,POINT (-87.626169523312 41.911856952541)
19a3b3998ec0b7049dace04734168410e28951b23005a70b12e1ddb0d3b3180c3e22f3c9e7d6bd7b34a5501d0ce284e005e0da1af3d649a737c3436a1510a0f2,,07/31/2025 03:10:00 PM,30,TRAFFIC SIGNAL,FUNCTIONING PROPERLY,CLEAR,DAYLIGHT,TURNING,FOUR WAY,,STRAIGHT AND LEVEL,DRY,UNKNOWN,NOT ON SCENE (DESK REPORT),NO INJURY / DRIVE AWAY,Y,,Y,"OVER $1,500",07/31/2025 03:40:00 PM,FAILING TO YIELD RIGHT-OF-WAY,NOT APPLICABLE,2000,W,FULLERTON AVE,1432,Y,,,,,,2,NO INDICATION OF INJURY,0,0,0,0,0,3,0,15,5,7,41.9251349437,-87.6779635455,POINT (-87.677963545538 41.925134943749)
33f46339cea0f29acf0aa082fb26cabae6a0c0699cdc73ae3126ea3867291fce73760f12702eae07bcdd5a824184892279e799cb7c0a9c9d86df9840a0054413,,07/31/2025 03:05:00 PM,30,NO CONTROLS,NO CONTROLS,CLEAR,DAYLIGHT,PARKED MOTOR VEHICLE,DIVIDED - W/MEDIAN BARRIER,,STRAIGHT AND LEVEL,DRY,NO DEFECTS,ON SCENE,NO INJURY / DRIVE AWAY,,,,"OVER $1,500",07/31/2025 03:06:00 PM,DRIVING SKILLS/KNOWLEDGE/EXPERIENCE,NOT APPLICABLE,2855,N,ASHLAND AVE,1932,,,,,,,2,NO INDICATION OF INJURY,0,0,0,0,0,1,0,15,5,7,41.9340573967,-87.6683073465,POINT (-87.668307346485 41.934057396698)
34c1a23b53ad692907a6b870954e0215f8a631a5d4b72c25e9e7852f7fcecf4d2285f2b0d7d90be2120b1a1d5497b38abb920d187ca4fcb8eae0b3223d185a49,,07/31/2025 03:05:00 PM,50,NO CONTROLS,NO CONTROLS,CLEAR,DAYLIGHT,REAR END,ONE-WAY,,STRAIGHT AND LEVEL,DRY,UNKNOWN,NOT ON SCENE (DESK REPORT),NO INJURY / DRIVE AWAY,N,,,"OVER $1,500",07/31/2025 04:48:00 PM,FOLLOWING TOO CLOSELY,FOLLOWING TOO CLOSELY,1200,S,LAKE SHORE DR SB,132,,,,,,,2,NO INDICATION OF INJURY,0,0,0,0,0,2,0,15,5,7,41.8674842272,-87.6191503834,POINT (-87.619150383382 41.867484227164)
ca705135957530d360444e922bc7daf3a4724e8e439ef03a9ce6f73ca6e7d68a963661e9e290a993142e882a8510e72367283972a057e01536f43629f9a65284,,07/31/2025 03:05:00 PM,30,UNKNOWN,UNKNOWN,CLEAR,DAYLIGHT,PEDALCYCLIST,UNKNOWN,,STRAIGHT AND LEVEL,DRY,UNKNOWN,NOT ON SCENE (DESK REPORT),NO INJURY / DRIVE AWAY,,,,$500 OR LESS,07/31/2025 05:30:00 PM,UNABLE TO DETERMINE,NOT APPLICABLE,1900,W,JACKSON BLVD,1225,,,,,,,2,NO INDICATION OF INJURY,0,0,0,0,0,2,0,15,5,7,41.8776116582,-87.6742278678,POINT (-87.674227867806 41.877611658237)
09c62c6bf72c5ac2091075a6135b35bc824b9e4136df4e4b9e17c2c1f524d35f272bb9d794970bf27c7fdef1691feb140213b496103e5c540f454ca87b17e889,,07/31/2025 03:00:00 PM,25,NO CONTROLS,NO CONTROLS,CLEAR,DAYLIGHT,PEDALCYCLIST,ONE-WAY,,STRAIGHT AND LEVEL,DRY,NO DEFECTS,NOT ON SCENE (DESK REPORT),INJURY AND / OR TOW DUE TO CRASH,,,,$500 OR LESS,08/02/2025 04:05:00 PM,UNABLE TO DETERMINE,NOT APPLICABLE,1900,W,JACKSON BLVD,1225,,,,,,,2,"REPORTED, NOT EVIDENT",1,0,0,0,1,1,0,15,5,7,41.8776116582,-87.6742278678,POINT (-87.674227867806 41.877611658237)
1e46e332824aa06f3c4679783c2726293fd8056fd03920431bfd8d19918f555a027099924f1b5ee3526f0576ea9a1688d3b3b1ff613d220ead883711792e1301,Y,07/31/2025 03:00:00 PM,30,UNKNOWN,UNKNOWN,UNKNOWN,UNKNOWN,REAR END,NOT DIVIDED,,STRAIGHT AND LEVEL,UNKNOWN,UNKNOWN,NOT ON SCENE (DESK REPORT),NO INJURY / DRIVE AWAY,,,,"OVER $1,500",07/31/2025 03:30:00 PM,UNABLE TO DETERMINE,NOT APPLICABLE,8570,S,COTTAGE GROVE AVE,632,,,,,,,2,NO INDICATION OF INJURY,0,0,0,0,0,2,0,15,5,7,41.7385509287,-87.6050236052,POINT (-87.605023605204 41.738550928713)
30769072bbe5be7f1ab3d0b3b8cbad3689d9ce35f1fcc2be43c0e7bdf0843b5a0d289cf23e38d8f316a81c7cc96d11001028578e19c87693f15efe3cedd92d10,,07/31/2025 03:00:00 PM,30,TRAFFIC SIGNAL,FUNCTIONING PROPERLY,CLEAR,DAYLIGHT,REAR END,FOUR WAY,,STRAIGHT AND LEVEL,DRY,NO DEFECTS,NOT ON SCENE (DESK REPORT),NO INJURY / DRIVE AWAY,,,,"$501 - $1,500",07/31/2025 04:15:00 PM,FAILING TO YIELD RIGHT-OF-WAY,UNABLE TO DETERMINE,111,W,71ST ST,731,,,,,,,2,NO INDICATION OF INJURY,0,0,0,0,0,2,0,15,5,7,41.7653441671,-87.6278952366,POINT (-87.627895236644 41.765344167069)
38f90f50bdb2dc49702424d0c40d023958819a769972c5a4f78382c2a5c7f3cbcb2f90fc99b6e56b2372c395d3e00feb01b8f224a96e8a0800da159e632f5a1d,,07/31/2025 03:00:00 PM,25,UNKNOWN,UNKNOWN,UNKNOWN,UNKNOWN,SIDESWIPE SAME DIRECTION,NOT DIVIDED,,STRAIGHT AND LEVEL,UNKNOWN,UNKNOWN,NOT ON SCENE (DESK REPORT),NO INJURY / DRIVE AWAY,,,Y,"OVER $1,500",07/31/2025 05:40:00 PM,NOT APPLICABLE,NOT APPLICABLE,440,N,HALSTED ST,1214,,,,,,,2,NO INDICATION OF INJURY,0,0,0,0,0,2,0,15,5,7,41.8901430073,-87.6477542648,POINT (-87.647754264831 41.890143007329)
45568f26abbd676acdff6a0f2e489611df2dd29f6826862652b1ddce1e2c23e01da4d6cb81ae96cc5c79a3553bb5fef94b62c5f2e7619a29b23d8a14762728f2,,07/31/2025 03:00:00 PM,20,NO CONTROLS,NO CONTROLS,CLEAR,DAYLIGHT,PARKED MOTOR VEHICLE,ONE-WAY,,STRAIGHT AND LEVEL,DRY,NO DEFECTS,NOT ON SCENE (DESK REPORT),NO INJURY / DRIVE AWAY,,,,"OVER $1,500",08/01/2025 04:00:00 PM,FAILING TO REDUCE SPEED TO AVOID CRASH,NOT APPLICABLE,6312,W,ROSCOE ST,1633,,,,,,,2,NO INDICATION OF INJURY,0,0,0,0,0,1,0,15,5,7,41.9421294714,-87.7842306063,POINT (-87.784230606259 41.942129471383)
8050f8402dea4056dd8d4a28be950767da7f75b1a4495539b9cc9e474839250f58a7dd8f59e5c3c6c9ab7978e8282a151783e0773ee81f3802a877a4e7825318,,07/31/2025 03:00:00 PM,10,UNKNOWN,UNKNOWN,CLEAR,DAYLIGHT,PARKED MOTOR VEHICLE,OTHER,,STRAIGHT AND LEVEL,DRY,UNKNOWN,NOT ON SCENE (DESK REPORT),NO INJURY / DRIVE AWAY,,,,"OVER $1,500",07/31/2025 04:00:00 PM,IMPROPER BACKING,UNABLE TO DETERMINE,7030,S,ASHLAND AVE,735,,,,,,,2,NO INDICATION OF INJURY,0,0,0,0,0,4,0,15,5,7,41.7657907704,-87.6639668865,POINT (-87.663966886455 41.765790770432)
98db07d6b184178934c0873f9d15fd5fbb84ef4a48d3289d3e09ab03aca524f7285a067dfcae966ec176b3926f3215b5a70db709cfda1207f93ba10d7c9d1143,,07/31/2025 03:00:00 PM,35,NO CONTROLS,NO CONTROLS,CLEAR,DAYLIGHT,SIDESWIPE SAME DIRECTION,NOT DIVIDED,,STRAIGHT AND LEVEL,DRY,NO DEFECTS,NOT ON SCENE (DESK REPORT),NO INJURY / DRIVE AWAY,,,,"$501 - $1,500",07/31/2025 05:20:00 PM,UNABLE TO DETERMINE,NOT APPLICABLE,6425,W,GREGORY ST,1613,,,,,,,2,NO INDICATION OF INJURY,0,0,0,0,0,3,0,15,5,7,41.9819420711,-87.7887325602,POINT (-87.788732560162 41.981942071127)
ad42d8ceae3b15cb62ae7583adb38acb613f01dd72f608c0cebd7fdb45b0811869d3d25337b134fa41c08e2cd1d68346091fa1fb197230d2321af4bdbc9d96ce,,07/31/2025 03:00:00 PM,30,NO CONTROLS,NO CONTROLS,CLEAR,DAYLIGHT,SIDESWIPE SAME DIRECTION,ONE-WAY,,STRAIGHT AND LEVEL,DRY,NO DEFECTS,NOT ON SCENE (DESK REPORT),NO INJURY / DRIVE AWAY,,,N,"OVER $1,500",07/31/2025 10:30:00 PM,UNABLE TO DETERMINE,NOT APPLICABLE,10000,W,OHARE ST,1651,,,,,,,2,NO INDICATION OF INJURY,0,0,0,0,0,3,0,15,5,7,41.976201139,-87.9053091251,POINT (-87.905309125103 41.976201139024)
c133487cfa18b37367d4bc867f1563f209fc2abddb830d3df67e84f0e61abe71a08fc8ae349a1e03a36cfc9ac9a828e204de978b6bb08c5f1d7d17d46a5ee683,,07/31/2025 03:00:00 PM,45,TRAFFIC SIGNAL,FUNCTIONING PROPERLY,CLEAR,DAYLIGHT,TURNING,FOUR WAY,,STRAIGHT AND LEVEL,DRY,UNKNOWN,NOT ON SCENE (DESK REPORT),NO INJURY / DRIVE AWAY,Y,,,"OVER $1,500",07/31/2025 05:41:00 PM,UNABLE TO DETERMINE,UNABLE TO DETERMINE,6559,S,COAST GUARD DR,331,,,,,,,2,NO INDICATION OF INJURY,0,0,0,0,0,2,0,15,5,7,41.7754426805,-87.5749646714,POINT (-87.574964671375 41.77544268052)
fa24600a92baedbffac2f6e6aadb7f3fd31a1a57f8004320849ef1fc0437425aacd4043a8cf17d2f4f7737261426984d3e824ef2202dcb6a011a9d2004f9d623,,07/31/2025 03:00:00 PM,35,NO CONTROLS,NO CONTROLS,CLEAR,DAYLIGHT,REAR END,NOT DIVIDED,,STRAIGHT AND LEVEL,DRY,NO DEFECTS,ON SCENE,NO INJURY / DRIVE AWAY,,,Y,"OVER $1,500",07/31/2025 03:00:00 PM,FOLLOWING TOO CLOSELY,FAILING TO YIELD RIGHT-OF-WAY,10001,S,PULASKI RD,2211,,,,,,,3,NO INDICATION OF INJURY,0,0,0,0,0,4,0,15,5,7,41.7112582322,-87.7209394734,POINT (-87.720939473403 41.711258232205)
e59c9eecae238e22441c899bbbb488c7ba3483b2819d44337dbfc86770d2e0e475d40d43a48add5afcc06112b86a8e698ebae375d614580f8e70c39c894461a0,Y,07/31/2025 02:55:00 PM,30,NO CONTROLS,UNKNOWN,CLEAR,DAYLIGHT,PEDALCYCLIST,ALLEY,,STRAIGHT AND LEVEL,DRY,NO DEFECTS,ON SCENE,INJURY AND / OR TOW DUE TO CRASH,,,Y,"OVER $1,500",07/31/2025 03:18:00 PM,FAILING TO YIELD RIGHT-OF-WAY,NOT APPLICABLE,2413,W,JACKSON BLVD,1125,,,,,,,2,NONINCAPACITATING INJURY,1,0,0,1,0,2,0,14,5,7,41.8774343899,-87.6868686067,POINT (-87.686868606664 41.877434389857)
d9e6b12f69e54d13832890ebda961cd4c3279a5d734d150bf9a75df84f037edd5eb950f6a5baed144c0e8a219fddf08ff2a74cbf67290a28b8a68c9182813a9e,,07/31/2025 02:54:00 PM,20,STOP SIGN/FLASHER,UNKNOWN,CLEAR,DAYLIGHT,SIDESWIPE SAME DIRECTION,UNKNOWN,,STRAIGHT AND LEVEL,DRY,NO DEFECTS,ON SCENE,NO INJURY / DRIVE AWAY,,,Y,"$501 - $1,500",07/31/2025 03:30:00 PM,UNABLE TO DETERMINE,UNABLE TO DETERMINE,7603,S,SOUTH CHICAGO AVE,411,,,,,,,2,NO INDICATION OF INJURY,0,0,0,0,0,2,0,14,5,7,41.7568558348,-87.5928141734,POINT (-87.592814173444 41.756855834805)
cc3996117d42b643ae168ebc79035079f12e6d6c3d7c8c685a45445549efdf89c48823d8ec2d498f3e2b3fe187dbef1bd1a69a1f8e6ad8bc9f4d122681364264,,07/31/2025 02:45:00 PM,10,NO CONTROLS,NO CONTROLS,CLEAR,DAYLIGHT,SIDESWIPE OPPOSITE DIRECTION,PARKING LOT,,STRAIGHT AND LEVEL,DRY,NO DEFECTS,NOT ON SCENE (DESK REPORT),NO INJURY / DRIVE AWAY,,Y,Y,"OVER $1,500",07/31/2025 03:15:00 PM,FOLLOWING TOO CLOSELY,NOT APPLICABLE,8341,S,COTTAGE GROVE AVE,632,,,,,,,2,NO INDICATION OF INJURY,0,0,0,0,0,2,0,14,5,7,41.7427259911,-87.6048513435,POINT (-87.604851343535 41.742725991086)
017e3d2c6fbbe3f64347687ffdaf38f100ea3cf70c417b41df1ddcc855e334ee9f933fd0e71b3b71723daf0cfdd6392445a2930a4639a5770434faa9973da2b8,,07/31/2025 02:41:00 PM,25,NO CONTROLS,NO CONTROLS,CLEAR,DAYLIGHT,SIDESWIPE SAME DIRECTION,ONE-WAY,,STRAIGHT AND LEVEL,DRY,NO DEFECTS,ON SCENE,NO INJURY / DRIVE AWAY,,,,"OVER $1,500",07/31/2025 03:09:00 PM,IMPROPER OVERTAKING/PASSING,UNABLE TO DETERMINE,3,W,TERMINAL ST,1653,,,,,,,2,NO INDICATION OF INJURY,0,0,0,0,0,3,0,14,5,7,,,
cc3eedb47af718a796fda930529ea3f6c47cb9c84b043483de9919bfc25d41571c656513e0c8e97014e75362938fc3d45d4568c966b0d833874c92078763c2d1,,07/31/2025 02:40:00 PM,30,NO CONTROLS,NO CONTROLS,CLEAR,DAYLIGHT,SIDESWIPE SAME DIRECTION,DIVIDED - W/MEDIAN (NOT RAISED),,"CURVE, LEVEL",DRY,NO DEFECTS,NOT ON SCENE (DESK REPORT),NO INJURY / DRIVE AWAY,,,Y,"OVER $1,500",07/31/2025 03:25:00 PM,UNABLE TO DETERMINE,UNABLE TO DETERMINE,3402,W,GRAND AVE,1121,,,,,,,2,NO INDICATION OF INJURY,0,0,0,0,0,2,0,14,5,7,41.8999550974,-87.7115584641,POINT (-87.711558464135 41.899955097384)
3a974473086f8c2ecb2acf4c99147a527b836c6306812f417830aac0f39c75f48b0f9947fc56c1ff91f99486144fe0231726f8a50ff13c84fec4655ebad4f1e6,Y,07/31/2025 02:30:00 PM,20,NO CONTROLS,NO CONTROLS,CLEAR,DAYLIGHT,SIDESWIPE OPPOSITE DIRECTION,NOT DIVIDED,,STRAIGHT AND LEVEL,DRY,NO DEFECTS,ON SCENE,NO INJURY / DRIVE AWAY,,,,"$501 - $1,500",07/31/2025 02:45:00 PM,FAILING TO YIELD RIGHT-OF-WAY,FAILING TO YIELD RIGHT-OF-WAY,1453,W,38TH ST,912,,,,,,,2,NO INDICATION OF INJURY,0,0,0,0,0,3,0,14,5,7,41.8249502775,-87.6626917604,POINT (-87.662691760422 41.824950277528)
3f384d07a2178f7f4060fcdd3b04f4850a71ee1ac286e8fe8acc5f95696d407693a63a52d9d715a5a383f1a56e81ec661f0ff3504df3fe64c259a4222dbbb5a6,Y,07/31/2025 02:30:00 PM,30,NO CONTROLS,NO CONTROLS,CLEAR,DAYLIGHT,REAR END,NOT DIVIDED,,STRAIGHT AND LEVEL,DRY,UNKNOWN,NOT ON SCENE (DESK REPORT),NO INJURY / DRIVE AWAY,,,,"OVER $1,500",07/31/2025 02:50:00 PM,FOLLOWING TOO CLOSELY,NOT APPLICABLE,2300,W,DIVERSEY AVE,1432,,,,,,,2,NO INDICATION OF INJURY,0,0,0,0,0,2,0,14,5,7,41.9323068118,-87.6855870062,POINT (-87.685587006234 41.932306811805)
4d8a5cbe1fe9ba2dee21a5f1836c82eb44db6b99b3aec04db777bb93b041711003ca50dfb6a77eb13fae2c56d5a020ca3338ea60aa326ca17619a83889ea7d29,,07/31/2025 02:30:00 PM,10,NO CONTROLS,NO CONTROLS,CLEAR,"DARKNESS, LIGHTED ROAD",OTHER OBJECT,ALLEY,,STRAIGHT AND LEVEL,DRY,UNKNOWN,NOT ON SCENE (DESK REPORT),INJURY AND / OR TOW DUE TO CRASH,,,,$500 OR LESS,08/01/2025 03:13:00 PM,WEATHER,UNABLE TO DETERMINE,5917,N,ARTESIAN AVE,2011,,,,,,,1,NONINCAPACITATING INJURY,1,0,0,1,0,0,0,14,5,7,41.9891834839,-87.6906962331,POINT (-87.690696233092 41.989183483916)
576beadde9892cfa56cff84cca49c239cfb3c109d865580811fd553b43c3ab30833f869c9590f6c36a4514e3c09cecdd16c236cfd095757388efef02307f893f,,07/31/2025 02:30:00 PM,30,TRAFFIC SIGNAL,FUNCTIONING PROPERLY,CLEAR,DAYLIGHT,REAR END,NOT DIVIDED,,STRAIGHT AND LEVEL,DRY,NO DEFECTS,NOT ON SCENE (DESK REPORT),NO INJURY / DRIVE AWAY,Y,,,"OVER $1,500",07/31/2025 03:49:00 PM,FOLLOWING TOO CLOSELY,UNABLE TO DETERMINE,6548,W,GRAND AVE,2512,,,,,,,2,NO INDICATION OF INJURY,0,0,0,0,0,2,0,14,5,7,41.9237174929,-87.7884469473,POINT (-87.788446947253 41.923717492899)
b7ed61cfae1aaef457413f6493a2933835a6079716a6dd2636c60956e302e4bfea0b70df056057f0ac6260fb6859976996fcb06f56d9a3656b3fc50c87633609,,07/31/2025 02:26:00 PM,30,NO CONTROLS,NO CONTROLS,CLEAR,DAYLIGHT,REAR END,NOT DIVIDED,,STRAIGHT AND LEVEL,DRY,NO DEFECTS,NOT ON SCENE (DESK REPORT),NO INJURY / DRIVE AWAY,,,,"$501 - $1,500",07/31/2025 05:00:00 PM,FOLLOWING TOO CLOSELY,FOLLOWING TOO CLOSELY,5364,N,CICERO AVE,1621,,,,,,,2,NO INDICATION OF INJURY,0,0,0,0,0,2,0,14,5,7,41.9798633721,-87.7482876545,POINT (-87.748287654482 41.979863372128)