CRASH_RECORD_ID,CRASH_DATE_EST_I,CRASH_DATE,POSTED_SPEED_LIMIT,TRAFFIC_CONTROL_DEVICE,DEVICE_CONDITION,WEATHER_CONDITION,LIGHTING_CONDITION,FIRST_CRASH_TYPE,TRAFFICWAY_TYPE,LANE_CNT,ALIGNMENT,ROADWAY_SURFACE_COND,ROAD_DEFECT,REPORT_TYPE,CRASH_TYPE,INTERSECTION_RELATED_I,NOT_RIGHT_OF_WAY_I,HIT_AND_RUN_I,DAMAGE,DATE_POLICE_NOTIFIED,PRIM_CONTRIBUTORY_CAUSE,SEC_CONTRIBUTORY_CAUSE,STREET_NO,STREET_DIRECTION,STREET_NAME,BEAT_OF_OCCURRENCE,PHOTOS_TAKEN_I,STATEMENTS_TAKEN_I,DOORING_I,WORK_ZONE_I,WORK_ZONE_TYPE,WORKERS_PRESENT_I,NUM_UNITS,MOST_SEVERE_INJURY,INJURIES_TOTAL,INJURIES_FATAL,INJURIES_INCAPACITATING,INJURIES_NON_INCAPACITATING,INJURIES_REPORTED_NOT_EVIDENT,INJURIES_NO_INDICATION,INJURIES_UNKNOWN,CRASH_HOUR,CRASH_DAY_OF_WEEK,CRASH_MONTH,LATITUDE,LONGITUDE,LOCATION
dcdd35e6eeb6e9316ee1fd6a9f556263ede65dbbc49ec221a2a4872b70e8b0f860452cbf12fa2cb0a684c4d7de82cd6d53c27295680ab9172c51662b6ca2a6c5,,07/31/2025 02:20:00 PM,30,TRAFFIC SIGNAL,FUNCTIONING PROPERLY,CLEAR,DAYLIGHT,REAR END,NOT DIVIDED,,STRAIGHT AND LEVEL,UNKNOWN,UNKNOWN,NOT ON SCENE (DESK REPORT),NO INJURY / DRIVE AWAY,,,,"OVER $1,500",07/31/2025 02:45:00 PM,UNABLE TO DETERMINE,UNABLE TO DETERMINE,3022,W,ADDISON ST,1733,,,,,,,2,NO INDICATION OF INJURY,0,0,0,0,0,2,0,14,5,7,41.9467620572,-87.7039204512,POINT (-87.70392045123 41.946762057237)
17386a7dd24ea64a3ec3c80cddbcd61efe07069f8b1d436d1b72e11dfb8c44a286763ebcd70945ba11474456d574ec8457dca0bf73441fb25509379a6d0a1678,,07/31/2025 02:19:00 PM,10,NO CONTROLS,NO CONTROLS,CLEAR,DAYLIGHT,SIDESWIPE SAME DIRECTION,ONE-WAY,,STRAIGHT AND LEVEL,DRY,NO DEFECTS,ON SCENE,NO INJURY / DRIVE AWAY,,,Y,"OVER $1,500",07/31/2025 02:20:00 PM,IMPROPER OVERTAKING/PASSING,NOT APPLICABLE,5,W,TERMINAL ST,1655,,,,,,,2,NO INDICATION OF INJURY,0,0,0,0,0,2,0,14,5,7,,,
2e163da6d24b18659a02947500f83bdbead2775fd0da69388d7ecc2b355950d380336be5b68feae00111aa823aa9003b7f906d2d7dd61842142d6a3ed76550cd,,07/31/2025 02:15:00 PM,30,STOP SIGN/FLASHER,NO CONTROLS,CLEAR,DAYLIGHT,ANGLE,DIVIDED - W/MEDIAN (NOT RAISED),,STRAIGHT AND LEVEL,DRY,NO DEFECTS,NOT ON SCENE (DESK REPORT),NO INJURY / DRIVE AWAY,,,,"$501 - $1,500",07/31/2025 02:40:00 PM,FAILING TO YIELD RIGHT-OF-WAY,NOT APPLICABLE,800,W,HUBBARD ST,1214,,,,,,,2,NO INDICATION OF INJURY,0,0,0,0,0,2,0,14,5,7,41.8901948827,-87.6476686991,POINT (-87.647668699131 41.890194882661)
6f8ea7574f98d51e1c7d87321fbfafe65a19fdce582d6923cf8e0ad0007352b36cb562052507d0d89324bfac3371a79a2543d5116e74acff216228f005e3e4b0,,07/31/2025 02:05:00 PM,25,NO CONTROLS,NO CONTROLS,CLEAR,DAYLIGHT,ANGLE,DIVIDED - W/MEDIAN (NOT RAISED),,STRAIGHT AND LEVEL,UNKNOWN,UNKNOWN,NOT ON SCENE (DESK REPORT),NO INJURY / DRIVE AWAY,,,,"OVER $1,500",07/31/2025 02:35:00 PM,DRIVING SKILLS/KNOWLEDGE/EXPERIENCE,NOT APPLICABLE,1534,W,GLENLAKE AVE,2433,,,,,,,2,NO INDICATION OF INJURY,0,0,0,0,0,2,0,14,5,7,41.9927263836,-87.6690625283,POINT (-87.669062528261 41.992726383635)
0a5e9cb60eea6e609c7ee2a45458d9601ed57b0c966dd385061143207a50f7b24e56c23834df63809544caefea7aba0f92700bd72ddb71684f1f84cd1ac23453,,07/31/2025 02:00:00 PM,30,TRAFFIC SIGNAL,FUNCTIONING PROPERLY,CLEAR,DAYLIGHT,TURNING,NOT DIVIDED,,STRAIGHT AND LEVEL,DRY,NO DEFECTS,ON SCENE,INJURY AND / OR TOW DUE TO CRASH,Y,,,"OVER $1,500",07/31/2025 03:59:00 PM,IMPROPER TURNING/NO SIGNAL,IMPROPER OVERTAKING/PASSING,2,E,IDA B WELLS DR,113,,,,,,,2,"REPORTED, NOT EVIDENT",1,0,0,0,1,1,0,14,5,7,41.8757495339,-87.6275869352,POINT (-87.627586935154 41.875749533911)
c7b961cfe7ccc772a04ac61b14cb0a13303919b825017bb4fb506a54826283b80a2d50a133f8602052c86ad5c515553ddc0ee01d0696394570963fa5d974a63c,,07/31/2025 02:00:00 PM,10,NO CONTROLS,NO CONTROLS,CLEAR,DAYLIGHT,ANGLE,PARKING LOT,,STRAIGHT AND LEVEL,DRY,NO DEFECTS,NOT ON SCENE (DESK REPORT),NO INJURY / DRIVE AWAY,,Y,,"OVER $1,500",08/01/2025 10:20:00 AM,UNABLE TO DETERMINE,UNABLE TO DETERMINE,222,E,HURON ST,1834,,,,,,,2,NO INDICATION OF INJURY,0,0,0,0,0,3,0,14,5,7,41.8951081058,-87.6218079229,POINT (-87.621807922945 41.895108105791)
de5856791a1623b854943afdd073d3841b2138e43322d4d49a2ecdd52774ca848771d72ef89aa3fef251e49a418f85bb0856ef8bf90ac1899614832838c4def2,,07/31/2025 01:51:00 PM,35,TRAFFIC SIGNAL,FUNCTIONING PROPERLY,CLEAR,DAYLIGHT,REAR END,RAMP,,STRAIGHT AND LEVEL,DRY,NO DEFECTS,,INJURY AND / OR TOW DUE TO CRASH,,,Y,"OVER $1,500",07/31/2025 01:51:00 PM,"OPERATING VEHICLE IN ERRATIC, RECKLESS, CARELESS, NEGLIGENT OR AGGRESSIVE MANNER",NOT APPLICABLE,11100,S,MARSHFIELD AVE,2234,,,,,,,2,"REPORTED, NOT EVIDENT",1,0,0,0,1,1,0,13,5,7,41.6920731982,-87.661003058,POINT (-87.661003057986 41.692073198171)
25e639eb01c9e9d24f524908ac7983b9b3b1bd83265070f6a329b3b9f35eff57607e5d76a32740956e16e69b7e6d96043c7086ff9fa77914e7c38f99cfd20df1,,07/31/2025 01:47:00 PM,30,TRAFFIC SIGNAL,FUNCTIONING PROPERLY,CLEAR,DAYLIGHT,SIDESWIPE SAME DIRECTION,FOUR WAY,,STRAIGHT AND LEVEL,DRY,NO DEFECTS,ON SCENE,INJURY AND / OR TOW DUE TO CRASH,,,,"OVER $1,500",07/31/2025 02:59:00 PM,FAILING TO YIELD RIGHT-OF-WAY,IMPROPER LANE USAGE,5898,S,HALSTED ST,712,,,,,,,2,NO INDICATION OF INJURY,0,0,0,0,0,2,0,13,5,7,41.7870720965,-87.6451167268,POINT (-87.645116726809 41.787072096457)
067013163bd15e26c8b77b876061f93df2f9a7e8faa36aaa38ed54153e17a79c2c1b330ac50c4dd471062bea597645692402314a697fc15a958dc523ff678959,,07/31/2025 01:45:00 PM,30,NO CONTROLS,NO CONTROLS,CLEAR,DAYLIGHT,SIDESWIPE SAME DIRECTION,DIVIDED - W/MEDIAN (NOT RAISED),,STRAIGHT AND LEVEL,DRY,UNKNOWN,ON SCENE,NO INJURY / DRIVE AWAY,,,,"$501 - $1,500",07/31/2025 01:47:00 PM,UNABLE TO DETERMINE,UNABLE TO DETERMINE,2538,W,47TH ST,922,,,,,,,2,NO INDICATION OF INJURY,0,0,0,0,0,4,0,13,5,7,41.8084828663,-87.6885327757,POINT (-87.688532775731 41.808482866331)
3be0b1d262ff810100e491299414e26b7ec5e1d471d30b19545bdb7ca29ad58169f712bef0c614e177f6ef98906d8b275035e6ae0644071262a7cd8a802899db,,07/31/2025 01:45:00 PM,30,NO CONTROLS,NO CONTROLS,CLEAR,DAYLIGHT,PARKED MOTOR VEHICLE,NOT DIVIDED,,STRAIGHT AND LEVEL,DRY,NO DEFECTS,NOT ON SCENE (DESK REPORT),NO INJURY / DRIVE AWAY,,,,"OVER $1,500",08/01/2025 08:40:00 AM,UNABLE TO DETERMINE,NOT APPLICABLE,333,N,GREEN ST,1214,,,,,,,2,NO INDICATION OF INJURY,0,0,0,0,0,1,0,13,5,7,41.8878081583,-87.6485452214,POINT (-87.648545221384 41.88780815835)
f88bf2b7113b99f4a6f15de7de8a53dc8bd63272b81c4e927cedf049a19de00b2aa4c3a47fa22430607c41ddd3b203b1deef7b7f4d8d9f95600e935fcbb1b859,,07/31/2025 01:45:00 PM,15,NO CONTROLS,NO CONTROLS,CLEAR,DAYLIGHT,PARKED MOTOR VEHICLE,RAMP,,STRAIGHT AND LEVEL,DRY,"RUT, HOLES",NOT ON SCENE (DESK REPORT),NO INJURY / DRIVE AWAY,,,,"OVER $1,500",08/05/2025 03:35:00 PM,UNABLE TO DETERMINE,UNABLE TO DETERMINE,317,N,CLARK ST,1831,,,,,,,2,NO INDICATION OF INJURY,0,0,0,0,0,2,0,13,5,7,41.8879693353,-87.6308863378,POINT (-87.630886337829 41.887969335307)
e975b813b313cd03384252d62cce8061a92e868cfdc7f4547b9534f712be2563728e4f833523b56ae4a4605a7349e25ebf24c0c3e1c3da663f50bd0aa3aff75e,,07/31/2025 01:44:00 PM,30,NO CONTROLS,NO CONTROLS,CLEAR,DAYLIGHT,TURNING,ALLEY,,STRAIGHT AND LEVEL,DRY,NO DEFECTS,NOT ON SCENE (DESK REPORT),INJURY AND / OR TOW DUE TO CRASH,,,,"OVER $1,500",07/31/2025 02:57:00 PM,UNABLE TO DETERMINE,NOT APPLICABLE,161,W,SCHILLER ST,1821,,,,,,,2,NO INDICATION OF INJURY,0,0,0,0,0,2,0,13,5,7,41.9075661916,-87.6339977435,POINT (-87.633997743461 41.907566191593)
612ffcbccee8859992017f696516762945bbdcbc3a4a2abe7e8273aba78786f2f7bdae0ad8004f4db896aa1994f73f039c45d8a3ce0b2a39fa798304b0b6d39f,,07/31/2025 01:36:00 PM,30,STOP SIGN/FLASHER,FUNCTIONING PROPERLY,CLEAR,DAYLIGHT,TURNING,NOT DIVIDED,,STRAIGHT AND LEVEL,DRY,NO DEFECTS,ON SCENE,INJURY AND / OR TOW DUE TO CRASH,Y,,,"OVER $1,500",07/31/2025 01:37:00 PM,DRIVING SKILLS/KNOWLEDGE/EXPERIENCE,DRIVING SKILLS/KNOWLEDGE/EXPERIENCE,2902,W,DEVON AVE,2412,,,,,,,2,INCAPACITATING INJURY,2,0,1,1,0,2,0,13,5,7,41.997624189,-87.7022244823,POINT (-87.702224482284 41.997624188962)
edd5124923f661d404c3c6a08e14582cb07cf2131fc85c165705de6a349304a8c36c3dcbafaac768cd47cf7c4ae12e165eb11d16f187a08865ef18be8ff8375b,,07/31/2025 01:31:00 PM,30,NO CONTROLS,NO CONTROLS,CLEAR,DAYLIGHT,PARKED MOTOR VEHICLE,PARKING LOT,,STRAIGHT AND LEVEL,DRY,UNKNOWN,NOT ON SCENE (DESK REPORT),NO INJURY / DRIVE AWAY,,Y,,"OVER $1,500",08/01/2025 02:40:00 PM,IMPROPER TURNING/NO SIGNAL,NOT APPLICABLE,6715,S,STATE ST,322,,,,,,,2,NO INDICATION OF INJURY,0,0,0,0,0,1,0,13,5,7,41.7722580771,-87.624969459,POINT (-87.62496945896 41.772258077114)
0278a9c8432cfe9914982a2aaf896e2b676530d74fcf25dc6220bb3534c96bbebebad4b5c7eaa65385b574423bbbef8352930f941ee6201c778aa01bacd4e2a5,,07/31/2025 01:30:00 PM,30,TRAFFIC SIGNAL,FUNCTIONING PROPERLY,CLEAR,DAYLIGHT,REAR END,NOT DIVIDED,,STRAIGHT AND LEVEL,DRY,NO DEFECTS,NOT ON SCENE (DESK REPORT),NO INJURY / DRIVE AWAY,,,Y,"$501 - $1,500",07/31/2025 03:35:00 PM,FAILING TO REDUCE SPEED TO AVOID CRASH,NOT APPLICABLE,6300,S,CICERO AVE,813,,,,,,,2,NO INDICATION OF INJURY,0,0,0,0,0,3,0,13,5,7,41.7783353905,-87.7424364942,POINT (-87.74243649416 41.778335390453)
02cef1a4ed5f728db5fae1f3f22b48d5d99076f653980e36fca03fa603836e961d92378f720356dbea81597f9f2f67d08013332ca71408e09084d14c06d88fef,,07/31/2025 01:30:00 PM,35,NO CONTROLS,NO CONTROLS,CLEAR,DAYLIGHT,REAR END,CENTER TURN LANE,,STRAIGHT AND LEVEL,DRY,NO DEFECTS,ON SCENE,INJURY AND / OR TOW DUE TO CRASH,,,,"OVER $1,500",07/31/2025 02:45:00 PM,FAILING TO REDUCE SPEED TO AVOID CRASH,UNABLE TO DETERMINE,10001,S,PULASKI RD,2211,,,,,,,3,NO INDICATION OF INJURY,0,0,0,0,0,4,0,13,5,7,41.7112582322,-87.7209394734,POINT (-87.720939473403 41.711258232205)
04a8855c287bff0bd98018ae39e1b392889bd6c8babd25e7ff15deb39a29c50c293a234de7fde5e2364afcd4338cecacc28760fa0d1e01e88c8858ba6dab3ded,,07/31/2025 01:30:00 PM,25,NO CONTROLS,NO CONTROLS,CLEAR,DAYLIGHT,PARKED MOTOR VEHICLE,NOT DIVIDED,,STRAIGHT AND LEVEL,DRY,NO DEFECTS,NOT ON SCENE (DESK REPORT),NO INJURY / DRIVE AWAY,,,Y,"OVER $1,500",07/31/2025 02:04:00 PM,NOT APPLICABLE,NOT APPLICABLE,1400,W,WAVELAND AVE,1922,,,,,,,2,NO INDICATION OF INJURY,0,0,0,0,0,1,0,13,5,7,41.9489978447,-87.6641308685,POINT (-87.664130868463 41.948997844689)
195e6868c6ab9a1c9f33d84a63954d62965554af92aeb005fa32130b773cef242b65646280c024101e618b1ea8a5ee89a814d4bb4c4f8700cb3ff4c512644dab,,07/31/2025 01:30:00 PM,30,UNKNOWN,UNKNOWN,CLEAR,DAYLIGHT,REAR END,FOUR WAY,,STRAIGHT AND LEVEL,UNKNOWN,UNKNOWN,NOT ON SCENE (DESK REPORT),NO INJURY / DRIVE AWAY,Y,,,"OVER $1,500",08/04/2025 03:20:00 PM,UNABLE TO DETERMINE,UNABLE TO DETERMINE,666,N,ORLEANS ST,1831,,,,,,,2,NO INDICATION OF INJURY,0,0,0,0,0,2,0,13,5,7,41.8942772248,-87.6372582532,POINT (-87.637258253181 41.894277224763)
2da798452533b0afe5ab3775279c6a0765043eff20e1a37d8f9f0afed872bf0d08ec6fcf32f0555281ebe830a14d7902aef7e3cc102d31b6e1118af0ad220525,,07/31/2025 01:30:00 PM,30,NO CONTROLS,NO CONTROLS,CLEAR,DAYLIGHT,SIDESWIPE SAME DIRECTION,ONE-WAY,,STRAIGHT AND LEVEL,DRY,NO DEFECTS,NOT ON SCENE (DESK REPORT),NO INJURY / DRIVE AWAY,,,,"$501 - $1,500",07/31/2025 03:19:00 PM,IMPROPER OVERTAKING/PASSING,NOT APPLICABLE,5041,S,KEDVALE AVE,815,,,,,,,2,NO INDICATION OF INJURY,0,0,0,0,0,2,0,13,5,7,41.8011946386,-87.7269159007,POINT (-87.726915900741 41.801194638602)
acfd696b95b69f28ab3fa385fc807f92820001ccd75ba85cfca028288582e93f0c44976db710e0cfc46c0e265662ab6b669c60e0f26c9ce4b35389414eff2835,,07/31/2025 01:30:00 PM,10,NO CONTROLS,NO CONTROLS,CLEAR,UNKNOWN,REAR TO SIDE,PARKING LOT,,STRAIGHT AND LEVEL,UNKNOWN,UNKNOWN,NOT ON SCENE (DESK REPORT),NO INJURY / DRIVE AWAY,,,,"OVER $1,500",07/31/2025 02:53:00 PM,IMPROPER BACKING,IMPROPER BACKING,3222,W,ADDISON ST,1733,,,,,,,2,NO INDICATION OF INJURY,0,0,0,0,0,2,0,13,5,7,41.9467332402,-87.7087935679,POINT (-87.708793567892 41.946733240155)
c56695a4311a3bb3ce7e89a6269226d7ffcd3b0d1f6c02ad485fa5c5346608d85815b326d9b1aa4f6257905336a6b07794fe5a2cd59e3f269227e098d5c8afbc,,07/31/2025 01:30:00 PM,30,NO CONTROLS,NO CONTROLS,CLEAR,DAYLIGHT,ANGLE,NOT DIVIDED,,STRAIGHT AND LEVEL,DRY,NO DEFECTS,NOT ON SCENE (DESK REPORT),NO INJURY / DRIVE AWAY,,,,"$501 - $1,500",07/31/2025 03:20:00 PM,UNABLE TO DETERMINE,UNABLE TO DETERMINE,664,W,LAKE ST,1214,,,,,,,2,NO INDICATION OF INJURY,0,0,0,0,0,2,0,13,5,7,41.8858036668,-87.6452492199,POINT (-87.64524921989 41.885803666844)
7613b6261504568c5bdab6fb7894041debbf2f5ccbf78e3fbeac86b07836414cee4505a623622c0680f38cd52e3d16e7c96de4d77d375554ac2f2ebe6482a546,,07/31/2025 01:21:00 PM,10,NO CONTROLS,NO CONTROLS,CLEAR,DAYLIGHT,PARKED MOTOR VEHICLE,PARKING LOT,,STRAIGHT AND LEVEL,DRY,NO DEFECTS,NOT ON SCENE (DESK REPORT),NO INJURY / DRIVE AWAY,,,,"OVER $1,500",07/31/2025 07:46:00 PM,UNABLE TO DETERMINE,NOT APPLICABLE,4100,S,ASHLAND AVE,924,,,,,,,2,NO INDICATION OF INJURY,0,0,0,0,0,1,0,13,5,7,41.8194414263,-87.6653755449,POINT (-87.665375544909 41.819441426296)
bd674e996135765e7041b9981ba5256ff97e2eae8a3ff06c4e44d509f8d41b10b86d475dc44d69b7c3eb606d4585f5999e48783db77bbef3af1dea7fb8153cdc,,07/31/2025 01:19:00 PM,35,TRAFFIC SIGNAL,NO CONTROLS,CLEAR,DAYLIGHT,ANGLE,OTHER,,STRAIGHT AND LEVEL,DRY,NO DEFECTS,NOT ON SCENE (DESK REPORT),NO INJURY / DRIVE AWAY,,,Y,"OVER $1,500",07/31/2025 02:00:00 PM,FAILING TO YIELD RIGHT-OF-WAY,NOT APPLICABLE,505,N,ASHLAND AVE,1215,,,,,,,2,NO INDICATION OF INJURY,0,0,0,0,0,3,0,13,5,7,41.8911400593,-87.6669994733,POINT (-87.666999473302 41.89114005929)
118d9821045dfeb761a4dafdb83266b09dc2d5a642a29327e764da65f685861c2750a3b3d2bb717530462808449f19ca703aa9569beb6fb368bdf93c2bde888d,,07/31/2025 01:15:00 PM,30,STOP SIGN/FLASHER,FUNCTIONING PROPERLY,CLEAR,DAYLIGHT,SIDESWIPE SAME DIRECTION,NOT DIVIDED,,STRAIGHT AND LEVEL,DRY,NO DEFECTS,ON SCENE,NO INJURY / DRIVE AWAY,,,,"$501 - $1,500",07/31/2025 01:18:00 PM,IMPROPER TURNING/NO SIGNAL,NOT APPLICABLE,1454,W,18TH ST,1233,,,,,,,2,NO INDICATION OF INJURY,0,0,0,0,0,4,0,13,5,7,41.8579471792,-87.6635372668,POINT (-87.663537266811 41.857947179176)
fa41bcc79f595fb0cfa4ea4a5e770ef527d6e2a5978c93d89a213fd919c9587d9abd6fc296baf445c00cf94367a5cdf4ec916a6fa3e11312c00aed59fcc74d41,,07/31/2025 01:15:00 PM,30,NO CONTROLS,NO CONTROLS,CLEAR,DAYLIGHT,PARKED MOTOR VEHICLE,DIVIDED - W/MEDIAN BARRIER,,STRAIGHT AND LEVEL,DRY,NO DEFECTS,ON SCENE,INJURY AND / OR TOW DUE TO CRASH,,,,"OVER $1,500",07/31/2025 01:20:00 PM,DRIVING SKILLS/KNOWLEDGE/EXPERIENCE,NOT APPLICABLE,1102,N,ASHLAND AVE,1213,,,,,,,2,NO INDICATION OF INJURY,0,0,0,0,0,1,0,13,5,7,41.9016268997,-87.6675943859,POINT (-87.667594385879 41.901626899721)
4ac00369118d9bdc09cdb5fc1227f965be317d1c350e94414d99c195dad7c585555b9f7386e69783c0b469446f28246d0134914b5625efa3b3671efaa8942bc3,,07/31/2025 01:10:00 PM,30,NO CONTROLS,NO CONTROLS,UNKNOWN,UNKNOWN,TURNING,NOT DIVIDED,,STRAIGHT AND LEVEL,UNKNOWN,UNKNOWN,NOT ON SCENE (DESK REPORT),NO INJURY / DRIVE AWAY,,,,"OVER $1,500",07/31/2025 02:00:00 PM,FAILING TO YIELD RIGHT-OF-WAY,UNABLE TO DETERMINE,5855,N,SHERIDAN RD,2022,,,,,,,2,NO INDICATION OF INJURY,0,0,0,0,0,2,0,13,5,7,41.9889026315,-87.655202871,POINT (-87.65520287102 41.988902631487)
7fc3bb7e4459da1795299301c2e70f3980d290a6261f6cf6b90b965a9a8c10acd18cb4f12ccd0172b6afce2299b29eb90a019a4c56302b91d69f9d2a9fa39d30,,07/31/2025 01:10:00 PM,30,TRAFFIC SIGNAL,FUNCTIONING PROPERLY,CLEAR,DAYLIGHT,PARKED MOTOR VEHICLE,DIVIDED - W/MEDIAN (NOT RAISED),,STRAIGHT AND LEVEL,DRY,NO DEFECTS,ON SCENE,NO INJURY / DRIVE AWAY,,,Y,"OVER $1,500",07/31/2025 01:19:00 PM,UNABLE TO DETERMINE,UNABLE TO DETERMINE,1330,W,76TH ST,612,,,,,,,2,NO INDICATION OF INJURY,0,0,0,0,0,2,0,13,5,7,41.7560185031,-87.6576525695,POINT (-87.65765256948 41.756018503121)
5456bf9c4328fe977b097078557af1affdded4c578ca2ab3a1198523b23675395c202e3d8086dcd1a05157f2bf41a830fa6212591dda2901a7d366205d02789a,,07/31/2025 01:08:00 PM,30,NO CONTROLS,NO CONTROLS,CLEAR,DAYLIGHT,SIDESWIPE SAME DIRECTION,DIVIDED - W/MEDIAN (NOT RAISED),,STRAIGHT AND LEVEL,DRY,NO DEFECTS,,NO INJURY / DRIVE AWAY,,,,"OVER $1,500",07/31/2025 02:19:00 PM,UNABLE TO DETERMINE,NOT APPLICABLE,3839,W,OGDEN AVE,1014,,,,,,,2,NO INDICATION OF INJURY,0,0,0,0,0,2,0,13,5,7,41.8520914635,-87.7213831819,POINT (-87.721383181917 41.852091463529)
3527a3a831356d363d44bfde60cb39a404aaee5b9a1aa2b8a6a172b99b07f42d2cfad8522a187322f03761c1d7582c49dc9d9a651b87984802d6806d9b5e7da8,,07/31/2025 01:05:00 PM,30,TRAFFIC SIGNAL,FUNCTIONING PROPERLY,CLEAR,DAYLIGHT,TURNING,FOUR WAY,,STRAIGHT AND LEVEL,DRY,NO DEFECTS,NOT ON SCENE (DESK REPORT),NO INJURY / DRIVE AWAY,Y,,,"OVER $1,500",07/31/2025 01:30:00 PM,FAILING TO YIELD RIGHT-OF-WAY,UNABLE TO DETERMINE,8700,S,ASHLAND AVE,2221,,,,,,,2,NO INDICATION OF INJURY,0,0,0,0,0,3,0,13,5,7,41.7356969886,-87.6632095445,POINT (-87.663209544457 41.735696988636)
e9247d665d1590b87746d6278f39dbcd576075b195c7f85af997eeff32c99dc277f1307b84ae3dd67d0341e17eb3e14d3e4a86096f34af4394d444065ec9ad44,,07/31/2025 01:02:00 PM,30,NO CONTROLS,NO CONTROLS,CLEAR,DAYLIGHT,SIDESWIPE OPPOSITE DIRECTION,NOT DIVIDED,,STRAIGHT AND LEVEL,DRY,NO DEFECTS,ON SCENE,NO INJURY / DRIVE AWAY,,,,"OVER $1,500",07/31/2025 01:02:00 PM,"OPERATING VEHICLE IN ERRATIC, RECKLESS, CARELESS, NEGLIGENT OR AGGRESSIVE MANNER",FAILING TO REDUCE SPEED TO AVOID CRASH,3646,W,63RD ST,823,,,,,,,3,NO INDICATION OF INJURY,0,0,0,0,0,2,0,13,5,7,41.7788925062,-87.7148810528,POINT (-87.71488105276 41.778892506159)
3806ab723ad94e8e74b0da53275089a89a2bb44896b60d24d297e8304de732e89f4f85d83eabc5d491bac38a1b138028015af29b3efb736fa2b88c6404f11a6c,,07/31/2025 01:00:00 PM,30,NO CONTROLS,NO CONTROLS,CLEAR,DAYLIGHT,REAR END,NOT DIVIDED,,STRAIGHT AND LEVEL,DRY,NO DEFECTS,NOT ON SCENE (DESK REPORT),NO INJURY / DRIVE AWAY,,,,"OVER $1,500",07/31/2025 03:06:00 PM,UNABLE TO DETERMINE,NOT APPLICABLE,1714,W,TAYLOR ST,1231,,,,,,,2,NO INDICATION OF INJURY,0,0,0,0,0,2,0,13,5,7,41.8693232538,-87.6696936085,POINT (-87.669693608537 41.86932325384)
9348f53abb394847a6d0a788b7e827a8e73baecdc827352964607f8a6e0595be208a923eef2ab3fe47948f8a34f60435011ce734a97ac5630ce9d3f09fdb53e3,,07/31/2025 01:00:00 PM,30,NO CONTROLS,NO CONTROLS,CLEAR,DAYLIGHT,TURNING,OTHER,,STRAIGHT AND LEVEL,DRY,NO DEFECTS,NOT ON SCENE (DESK REPORT),NO INJURY / DRIVE AWAY,,,,"$501 - $1,500",07/31/2025 11:30:00 PM,UNABLE TO DETERMINE,NOT APPLICABLE,6300,S,CICERO AVE,813,,,,,,,2,NO INDICATION OF INJURY,0,0,0,0,0,2,0,13,5,7,41.7783353905,-87.7424364942,POINT (-87.74243649416 41.778335390453)
d512ff6132fa2a25d12bb471fc0ee8568603bc6efc7d5b1e2dbd010aacec805418fb71530c97286a9974845cd61aefb6bdb3888bfb5333ecf0b842828c764c1f,,07/31/2025 01:00:00 PM,30,NO CONTROLS,NO CONTROLS,CLEAR,DAYLIGHT,FIXED OBJECT,ONE-WAY,,STRAIGHT AND LEVEL,DRY,NO DEFECTS,NOT ON SCENE (DESK REPORT),NO INJURY / DRIVE AWAY,,,,"OVER $1,500",08/08/2025 01:40:00 PM,UNABLE TO DETERMINE,NOT APPLICABLE,2800,W,OGDEN AVE,1022,,,,,,,1,,,,,,,,,13,5,7,41.8613682097,-87.6959545763,POINT (-87.695954576293 41.86136820973)
98ce7da9262e2379f1269ee5639bdd0c8bd3ab956460adfd7e21e063090c2843274b5e90bce311c7cd9180853f9287f1ea23563f1382e98863db6abb411be7f0,,07/31/2025 12:55:00 PM,30,NO CONTROLS,NO CONTROLS,CLEAR,DAYLIGHT,REAR TO FRONT,NOT DIVIDED,,STRAIGHT AND LEVEL,DRY,NO DEFECTS,NOT ON SCENE (DESK REPORT),NO INJURY / DRIVE AWAY,,,Y,"OVER $1,500",07/31/2025 01:45:00 PM,IMPROPER BACKING,"OPERATING VEHICLE IN ERRATIC, RECKLESS, CARELESS, NEGLIGENT OR AGGRESSIVE MANNER",231,E,MARQUETTE RD,322,,,,,,,2,NO INDICATION OF INJURY,0,0,0,0,0,2,0,12,5,7,41.7727946753,-87.6189927248,POINT (-87.61899272482 41.772794675278)
e7b0ad4235721cbb3778fc8c715630a5cd2145485fbbda8414ab360f994ae6fbe7def7e7f89bac99ae53f84d4a88e323df672ce0f84472870ae461f7c6aa2119,,07/31/2025 12:54:00 PM,30,NO CONTROLS,NO CONTROLS,CLEAR,DAYLIGHT,PARKED MOTOR VEHICLE,NOT DIVIDED,,STRAIGHT AND LEVEL,DRY,NO DEFECTS,ON SCENE,NO INJURY / DRIVE AWAY,,,,"$501 - $1,500",07/31/2025 12:55:00 PM,IMPROPER LANE USAGE,NOT APPLICABLE,2449,W,LAWRENCE AVE,1911,,,,,,,4,NO INDICATION OF INJURY,0,0,0,0,0,3,0,12,5,7,41.9684865232,-87.6908463582,POINT (-87.690846358207 41.968486523199)