CRASH_RECORD_ID,CRASH_DATE_EST_I,CRASH_DATE,POSTED_SPEED_LIMIT,TRAFFIC_CONTROL_DEVICE,DEVICE_CONDITION,WEATHER_CONDITION,LIGHTING_CONDITION,FIRST_CRASH_TYPE,TRAFFICWAY_TYPE,LANE_CNT,ALIGNMENT,ROADWAY_SURFACE_COND,ROAD_DEFECT,REPORT_TYPE,CRASH_TYPE,INTERSECTION_RELATED_I,NOT_RIGHT_OF_WAY_I,HIT_AND_RUN_I,DAMAGE,DATE_POLICE_NOTIFIED,PRIM_CONTRIBUTORY_CAUSE,SEC_CONTRIBUTORY_CAUSE,STREET_NO,STREET_DIRECTION,STREET_NAME,BEAT_OF_OCCURRENCE,PHOTOS_TAKEN_I,STATEMENTS_TAKEN_I,DOORING_I,WORK_ZONE_I,WORK_ZONE_TYPE,WORKERS_PRESENT_I,NUM_UNITS,MOST_SEVERE_INJURY,INJURIES_TOTAL,INJURIES_FATAL,INJURIES_INCAPACITATING,INJURIES_NON_INCAPACITATING,INJURIES_REPORTED_NOT_EVIDENT,INJURIES_NO_INDICATION,INJURIES_UNKNOWN,CRASH_HOUR,CRASH_DAY_OF_WEEK,CRASH_MONTH,LATITUDE,LONGITUDE,LOCATION
f7b2f98896a8118f50fde096f44c008e2b7924ff3efe3e7f9af7e9beac536b06915b4accef7ae49ac30c790c57b16b8cb1669c17dd3f2b943197f77a232e4d37,,07/31/2025 12:50:00 PM,35,NO CONTROLS,NO CONTROLS,CLEAR,DAYLIGHT,PEDESTRIAN,NOT DIVIDED,,STRAIGHT AND LEVEL,DRY,NO DEFECTS,ON SCENE,INJURY AND / OR TOW DUE TO CRASH,,,,$500 OR LESS,07/31/2025 12:54:00 PM,FAILING TO YIELD RIGHT-OF-WAY,NOT APPLICABLE,11033,S,VINCENNES AVE,2234,,,,,,,2,"REPORTED, NOT EVIDENT",1,0,0,0,1,1,0,12,5,7,41.6929233316,-87.6626036078,POINT (-87.662603607764 41.692923331622)
6dd9acdb2d09a59026ee7d1cd7832552223277a808419ca6afbffbb99c646795801a86be8a9aabe8049060e58f92b5fa95448fb7cf83e7366f60d22624b66356,,07/31/2025 12:45:00 PM,30,STOP SIGN/FLASHER,FUNCTIONING PROPERLY,CLEAR,DAYLIGHT,PEDESTRIAN,FOUR WAY,,STRAIGHT AND LEVEL,DRY,NO DEFECTS,ON SCENE,INJURY AND / OR TOW DUE TO CRASH,Y,,,$500 OR LESS,07/31/2025 12:50:00 PM,UNABLE TO DETERMINE,NOT APPLICABLE,498,W,ROOSEVELT RD,124,,,,,,,2,"REPORTED, NOT EVIDENT",1,0,0,0,1,1,0,12,5,7,41.8673634931,-87.6391370885,POINT (-87.63913708847 41.867363493083)
702ec2f14ef4b606196827e31b4fe2ea98002f55f11db407cb5e8dcabcda2295fd2efaadcf06277493a4d46cc7bd67f65412a309a5803b0206341aca364e26fc,,07/31/2025 12:43:00 PM,30,NO CONTROLS,NO CONTROLS,CLEAR,DAYLIGHT,HEAD ON,NOT DIVIDED,,STRAIGHT AND LEVEL,DRY,NO DEFECTS,ON SCENE,NO INJURY / DRIVE AWAY,,,,$500 OR LESS,07/31/2025 01:00:00 PM,FAILING TO YIELD RIGHT-OF-WAY,FAILING TO YIELD RIGHT-OF-WAY,3228,W,MONTROSE AVE,1724,,,,,,,2,NO INDICATION OF INJURY,0,0,0,0,0,3,0,12,5,7,41.961285006,-87.7094132881,POINT (-87.709413288075 41.961285006)
ea43dbdec0bf995836c2d9772f14c2a5f2349b1803871f649dec23ce4e8ce46f6ff43e9b83b0ccafa6178ddc4feaaabfc48d986e51ac46231f0a8f0a4b526948,,07/31/2025 12:43:00 PM,30,TRAFFIC SIGNAL,FUNCTIONING PROPERLY,CLEAR,DAYLIGHT,REAR END,NOT DIVIDED,,STRAIGHT AND LEVEL,DRY,NO DEFECTS,ON SCENE,NO INJURY / DRIVE AWAY,,,,$500 OR LESS,07/31/2025 12:43:00 PM,UNABLE TO DETERMINE,UNABLE TO DETERMINE,1602,N,CICERO AVE,2533,,,,,,,2,NO INDICATION OF INJURY,0,0,0,0,0,2,0,12,5,7,41.909731218,-87.7462611864,POINT (-87.746261186394 41.90973121797)
5f6461e4d57335ed293545dbe8a20ea5d441a3f7ceab8f6416192b5463a33c83b15b497375db4f7461849d19793b1dfa6f07804d25ed55a46833ac39bd9ad0e5,,07/31/2025 12:40:00 PM,30,NO CONTROLS,NO CONTROLS,CLEAR,DAYLIGHT,TURNING,NOT DIVIDED,,STRAIGHT AND LEVEL,DRY,NO DEFECTS,NOT ON SCENE (DESK REPORT),NO INJURY / DRIVE AWAY,,,,"$501 - $1,500",07/31/2025 07:00:00 PM,UNABLE TO DETERMINE,UNABLE TO DETERMINE,10301,S,MICHIGAN AVE,512,,,,,,,2,NO INDICATION OF INJURY,0,0,0,0,0,2,0,12,5,7,41.7071568616,-87.6200704781,POINT (-87.620070478051 41.707156861607)
5d897779852dc981b4d94f620cce39fe086fb6940ee1ed9bbee5a87ae95b3affd1192452751018571d9bbbab1b26bc195209e87366501ba675a8b70e2cd1c52c,,07/31/2025 12:35:00 PM,30,TRAFFIC SIGNAL,FUNCTIONING PROPERLY,CLEAR,DAYLIGHT,SIDESWIPE SAME DIRECTION,FOUR WAY,,STRAIGHT AND LEVEL,DRY,NO DEFECTS,NOT ON SCENE (DESK REPORT),NO INJURY / DRIVE AWAY,,,,"OVER $1,500",08/01/2025 03:42:00 PM,UNABLE TO DETERMINE,UNABLE TO DETERMINE,1027,W,ADDISON ST,1924,,,,,,,2,NO INDICATION OF INJURY,0,0,0,0,0,2,0,12,5,7,41.9471165371,-87.6554598733,POINT (-87.655459873265 41.947116537075)
27d35cbb2686189713e482c182c39764b99d4281207e12541ea8529db0e74f36bb2448f54a4756a59c9aa28121bccd4c0f781aa82cff1880fcf47a2ade71c4e8,,07/31/2025 12:30:00 PM,25,UNKNOWN,UNKNOWN,UNKNOWN,UNKNOWN,SIDESWIPE SAME DIRECTION,ONE-WAY,,STRAIGHT AND LEVEL,UNKNOWN,UNKNOWN,NOT ON SCENE (DESK REPORT),NO INJURY / DRIVE AWAY,,,,"OVER $1,500",07/31/2025 02:15:00 PM,NOT APPLICABLE,NOT APPLICABLE,120,E,OAK ST,1824,,,,,,,2,NO INDICATION OF INJURY,0,0,0,0,0,2,0,12,5,7,41.9009087991,-87.6247858787,POINT (-87.624785878662 41.900908799051)
5d9cf6b831f661755f915507ee014238773b5b27748930d2dc5f4df89451df565353b6e6f02d0b1a19b256579237e9c91f2c8188a1a77f04eae382654ecd96e8,,07/31/2025 12:30:00 PM,30,TRAFFIC SIGNAL,FUNCTIONING PROPERLY,CLEAR,DAYLIGHT,SIDESWIPE SAME DIRECTION,FOUR WAY,,STRAIGHT AND LEVEL,DRY,NO DEFECTS,ON SCENE,NO INJURY / DRIVE AWAY,Y,,Y,$500 OR LESS,07/31/2025 12:39:00 PM,IMPROPER LANE USAGE,UNABLE TO DETERMINE,6358,N,CICERO AVE,1621,,,,,,,2,NO INDICATION OF INJURY,0,0,0,0,0,2,0,12,5,7,41.9972048199,-87.7484906088,POINT (-87.748490608776 41.997204819912)
64123eb468041fc249bd8e9b6ce7bbc53df1888b9ae95011357d5733645fbd89febfd878a24204c2b9bbdf697194ccc81f67e11ba1d80661e67a770da9f01b77,,07/31/2025 12:30:00 PM,30,NO CONTROLS,NO CONTROLS,CLEAR,DAYLIGHT,REAR END,NOT DIVIDED,,STRAIGHT AND LEVEL,DRY,NO DEFECTS,NOT ON SCENE (DESK REPORT),INJURY AND / OR TOW DUE TO CRASH,,,,"$501 - $1,500",07/31/2025 01:21:00 PM,FOLLOWING TOO CLOSELY,NOT APPLICABLE,2800,W,71ST ST,831,,,,,,,2,NONINCAPACITATING INJURY,1,0,0,1,0,1,0,12,5,7,41.7646483414,-87.6930936016,POINT (-87.693093601604 41.764648341381)
8a8b73db229ea2252e22ca5becdeac01b0ac12fb51d97340beed84c85db8a2ded83f78d4a57d1f217c4d7d16dff64f482d2fa059bcdee698732654af26ee21fd,,07/31/2025 12:30:00 PM,10,NO CONTROLS,NO CONTROLS,CLEAR,DAYLIGHT,PARKED MOTOR VEHICLE,PARKING LOT,,STRAIGHT AND LEVEL,DRY,NO DEFECTS,NOT ON SCENE (DESK REPORT),NO INJURY / DRIVE AWAY,,Y,Y,"OVER $1,500",07/31/2025 09:10:00 PM,UNABLE TO DETERMINE,NOT APPLICABLE,1310,E,47TH ST,222,,,,,,,2,NO INDICATION OF INJURY,0,0,0,0,0,1,0,12,5,7,41.809776993,-87.5945869266,POINT (-87.594586926607 41.809776993022)
8d355f0f4f31db6a6fb172e1a42f8959e9c6dbdc58d3330ce3f46b52a1cb88bdfd1ed05b57b3f50ae8f4bd70cef349324a8c9355f1fb703406c1d2d9fde5ddf7,,07/31/2025 12:30:00 PM,20,NO CONTROLS,NO CONTROLS,CLEAR,"DARKNESS, LIGHTED ROAD",REAR END,DIVIDED - W/MEDIAN (NOT RAISED),,STRAIGHT AND LEVEL,DRY,NO DEFECTS,NOT ON SCENE (DESK REPORT),NO INJURY / DRIVE AWAY,,,,"$501 - $1,500",07/31/2025 04:30:00 PM,FAILING TO YIELD RIGHT-OF-WAY,UNABLE TO DETERMINE,2758,W,DEVON AVE,2412,,,,,,,2,NO INDICATION OF INJURY,0,0,0,0,0,2,0,12,5,7,41.9976715673,-87.6995849195,POINT (-87.699584919458 41.997671567279)
991c12af74a0f792d08d62c8a914b9aa59d79f62f07fd84f9df52165e6ecdf55af15b7ce2a5b8b0edfd9c160e3b20528c9c6d3680a088778a52f73d9878728fe,,07/31/2025 12:30:00 PM,30,NO CONTROLS,NO CONTROLS,CLEAR,DAYLIGHT,PARKED MOTOR VEHICLE,ONE-WAY,,STRAIGHT AND LEVEL,DRY,NO DEFECTS,NOT ON SCENE (DESK REPORT),NO INJURY / DRIVE AWAY,,,Y,$500 OR LESS,07/31/2025 04:46:00 PM,UNABLE TO DETERMINE,UNABLE TO DETERMINE,11642,S,PARNELL AVE,524,,,,,,,2,NO INDICATION OF INJURY,0,0,0,0,0,1,0,12,5,7,41.6820572151,-87.6361583493,POINT (-87.636158349291 41.682057215081)
a196a2bfc0b6ea060d0a41d64ba29bf9aa156c1f9c095ddd6473bb071b032d346a0191eafa118030958d888405a67765777f8cf2ba5b7fe2b7c7223d5e9cb9f3,,07/31/2025 12:30:00 PM,30,UNKNOWN,UNKNOWN,CLEAR,DAYLIGHT,SIDESWIPE SAME DIRECTION,DIVIDED - W/MEDIAN BARRIER,,STRAIGHT AND LEVEL,UNKNOWN,UNKNOWN,NOT ON SCENE (DESK REPORT),NO INJURY / DRIVE AWAY,,,,"OVER $1,500",08/02/2025 03:30:00 PM,UNABLE TO DETERMINE,UNABLE TO DETERMINE,800,N,LAKE SHORE DR NB,1833,,,,,,,2,NO INDICATION OF INJURY,0,0,0,0,0,2,0,12,5,7,41.8968049724,-87.6170274232,POINT (-87.617027423234 41.896804972416)
b259ad2161e4965c86c014c5adee06bdb6b5a7d86513744df46c62c681eee0dfb735a9e1dd099d2648237b9a59b421835ddbee0d7336b52a3fd15469825705df,,07/31/2025 12:22:00 PM,30,NO CONTROLS,NO CONTROLS,CLEAR,DAYLIGHT,SIDESWIPE SAME DIRECTION,NOT DIVIDED,,STRAIGHT AND LEVEL,DRY,NO DEFECTS,NOT ON SCENE (DESK REPORT),NO INJURY / DRIVE AWAY,,,,"$501 - $1,500",07/31/2025 12:30:00 PM,IMPROPER OVERTAKING/PASSING,NOT APPLICABLE,10961,S,VINCENNES AVE,2234,,,,,,,2,NO INDICATION OF INJURY,0,0,0,0,0,3,0,12,5,7,41.6941758828,-87.6617274051,POINT (-87.661727405077 41.694175882786)
35602ea6bc5c40da032f469851bf356d07699322b24b75fa2d9651bd3a931022b2afac5edac113abd406d9747a4c1a53ee39fee72805f456b0500a293c7b1eef,,07/31/2025 12:19:00 PM,30,TRAFFIC SIGNAL,FUNCTIONING PROPERLY,CLEAR,DAYLIGHT,REAR END,DIVIDED - W/MEDIAN BARRIER,,STRAIGHT AND LEVEL,DRY,NO DEFECTS,NOT ON SCENE (DESK REPORT),NO INJURY / DRIVE AWAY,,,,"$501 - $1,500",07/31/2025 01:21:00 PM,FAILING TO REDUCE SPEED TO AVOID CRASH,NOT APPLICABLE,7600,S,PULASKI RD,833,,,,Y,CONSTRUCTION,,2,NO INDICATION OF INJURY,0,0,0,0,0,6,0,12,5,7,41.7550442797,-87.722315514,POINT (-87.722315514022 41.755044279733)
1fa5618894e33b6147c64ae98b93b28319de55c1d0b1994653fa3392b4d28805df58d5ba8d37aefec6bb9d61de2fc5edf65b5fec361e1797e97cd79491540f74,,07/31/2025 12:16:00 PM,30,NO CONTROLS,NO CONTROLS,CLEAR,DAYLIGHT,PARKED MOTOR VEHICLE,NOT DIVIDED,,STRAIGHT AND LEVEL,DRY,NO DEFECTS,ON SCENE,NO INJURY / DRIVE AWAY,,,Y,"OVER $1,500",07/31/2025 12:18:00 PM,UNABLE TO DETERMINE,UNABLE TO DETERMINE,43,E,OAK ST,1833,,,,,,,2,NO INDICATION OF INJURY,0,0,0,0,0,1,0,12,5,7,41.9006624169,-87.6267522163,POINT (-87.626752216256 41.900662416862)
46295d605733cfdca2f85ef5c01c265f338adb6c794e676ce4eded1f46821a46ed2f3b38f436cefc9b36cdaf33ca2c884a5952732ab1a50e7e7791adabf7113a,,07/31/2025 12:15:00 PM,25,NO CONTROLS,NO CONTROLS,CLEAR,DAYLIGHT,ANGLE,NOT DIVIDED,,STRAIGHT AND LEVEL,DRY,NO DEFECTS,NOT ON SCENE (DESK REPORT),NO INJURY / DRIVE AWAY,,,,"OVER $1,500",07/31/2025 02:00:00 PM,UNABLE TO DETERMINE,NOT APPLICABLE,2414,W,109TH ST,2212,,,,,,,2,NO INDICATION OF INJURY,0,0,0,0,0,2,0,12,5,7,41.6955454088,-87.6820065211,POINT (-87.682006521059 41.695545408764)
57557be2009870459591b9abd95e0b739dca300b928d9128846c5cedf174a86dbf44a4e5fd3d0d4f47ecc16ff1cce260daee4702ff8226d3aca302d7389121e2,,07/31/2025 12:15:00 PM,30,TRAFFIC SIGNAL,FUNCTIONING PROPERLY,CLEAR,DAYLIGHT,REAR END,DIVIDED - W/MEDIAN (NOT RAISED),,STRAIGHT AND LEVEL,DRY,NO DEFECTS,ON SCENE,NO INJURY / DRIVE AWAY,,,,"OVER $1,500",07/31/2025 01:17:00 PM,FOLLOWING TOO CLOSELY,NOT APPLICABLE,959,N,ASHLAND AVE,1213,,,,,,,2,NO INDICATION OF INJURY,0,0,0,0,0,4,0,12,5,7,41.8996647583,-87.6672443031,POINT (-87.667244303086 41.899664758257)
ad8bd444c50ad175579015c4f77050605ced5509ea4cb373d5deca7e7763de102504236867e57ef2f22a996367bd1076731a2398f4763f9820ba0e5f29393c9f,,07/31/2025 12:15:00 PM,10,NO CONTROLS,NO CONTROLS,CLEAR,DAYLIGHT,PARKED MOTOR VEHICLE,PARKING LOT,,STRAIGHT AND LEVEL,UNKNOWN,UNKNOWN,NOT ON SCENE (DESK REPORT),NO INJURY / DRIVE AWAY,,Y,Y,"OVER $1,500",07/31/2025 03:39:00 PM,DRIVING SKILLS/KNOWLEDGE/EXPERIENCE,IMPROPER BACKING,7216,N,HARLEM AVE,1611,,,,,,,2,NO INDICATION OF INJURY,0,0,0,0,0,1,0,12,5,7,42.0122552954,-87.8067791219,POINT (-87.806779121912 42.012255295394)
e915d3fb76bacd2c6bedff407ff7e495bd950d07b22651018f24f2a15bbb813b8075249254b8b6ecbe9ef025cc446c15f05f7a10c08a5cc0d3d24fa3a48d75ed,Y,07/31/2025 12:13:00 PM,25,NO CONTROLS,NO CONTROLS,CLEAR,DAYLIGHT,PARKED MOTOR VEHICLE,NOT DIVIDED,,STRAIGHT AND LEVEL,DRY,NO DEFECTS,ON SCENE,NO INJURY / DRIVE AWAY,,,,"OVER $1,500",07/31/2025 12:32:00 PM,DRIVING SKILLS/KNOWLEDGE/EXPERIENCE,UNABLE TO DETERMINE,2136,S,ALBANY AVE,1022,,,,,,,2,NO INDICATION OF INJURY,0,0,0,0,0,1,0,12,5,7,41.8524279061,-87.7029864854,POINT (-87.702986485437 41.852427906111)
90fc48cd3ed2456a9ee3f19cc3c97d712efc4c87096b7d022e4fa9141cb9a0269f2c85089215f03e188c8d45d4bebd1d54d9596d49b5705a863d4e8c4cb1ac0a,,07/31/2025 12:12:00 PM,25,NO CONTROLS,NO CONTROLS,CLEAR,DAYLIGHT,SIDESWIPE SAME DIRECTION,NOT DIVIDED,,STRAIGHT AND LEVEL,DRY,NO DEFECTS,NOT ON SCENE (DESK REPORT),NO INJURY / DRIVE AWAY,,,Y,"OVER $1,500",07/31/2025 01:02:00 PM,NOT APPLICABLE,NOT APPLICABLE,4400,N,ASHLAND AVE,1912,,,,,,,2,NO INDICATION OF INJURY,0,0,0,0,0,2,0,12,5,7,41.9616790904,-87.6694091294,POINT (-87.669409129418 41.961679090404)
7468205e5a1924b89100f80193a2be9e917397000dbe2bed17bbe2659958b695cd0114b9c7f115740372d4c728db0040762cd9f6e16cb8326bd100a1fa66597d,,07/31/2025 12:10:00 PM,30,UNKNOWN,UNKNOWN,CLEAR,DAYLIGHT,PARKED MOTOR VEHICLE,UNKNOWN,,STRAIGHT AND LEVEL,UNKNOWN,UNKNOWN,NOT ON SCENE (DESK REPORT),NO INJURY / DRIVE AWAY,,,,"OVER $1,500",07/31/2025 02:35:00 PM,UNABLE TO DETERMINE,UNABLE TO DETERMINE,4145,N,MENARD AVE,1624,,,,,,,2,NO INDICATION OF INJURY,0,0,0,0,0,1,0,12,5,7,41.9562825025,-87.7718483552,POINT (-87.771848355214 41.956282502507)
2dcc376d05529633853066d480e3c1ca2dd97874cc67e97348a1d1cf17e6c33ab8308ad672f31b480ab1574993f1cba24947444b7cecafa7e0a91463697fdca2,,07/31/2025 12:00:00 PM,30,STOP SIGN/FLASHER,NO CONTROLS,CLEAR,DAYLIGHT,ANGLE,DIVIDED - W/MEDIAN (NOT RAISED),,STRAIGHT AND LEVEL,DRY,NO DEFECTS,NOT ON SCENE (DESK REPORT),NO INJURY / DRIVE AWAY,Y,,Y,"OVER $1,500",07/31/2025 12:15:00 PM,UNABLE TO DETERMINE,UNABLE TO DETERMINE,4127,W,BERTEAU AVE,1722,,,,,,,2,NO INDICATION OF INJURY,0,0,0,0,0,3,0,12,5,7,41.9571583577,-87.7305253741,POINT (-87.730525374059 41.957158357659)
5426568c5c4e5f9769020bf109247264be1e42cd94ca7e4418650aaa4f355fb543e641593ea10d5506e31bf7d39d5387633e05b0d6ad5f93300e00293532add2,,07/31/2025 12:00:00 PM,10,NO CONTROLS,NO CONTROLS,CLEAR,DAYLIGHT,PARKED MOTOR VEHICLE,PARKING LOT,,STRAIGHT AND LEVEL,DRY,UNKNOWN,NOT ON SCENE (DESK REPORT),NO INJURY / DRIVE AWAY,,Y,Y,"$501 - $1,500",08/01/2025 05:28:00 PM,UNABLE TO DETERMINE,NOT APPLICABLE,712,E,87TH ST,632,,,,,,,2,NO INDICATION OF INJURY,0,0,0,0,0,1,0,12,5,7,41.7367315482,-87.6067170277,POINT (-87.606717027714 41.736731548155)
0b83e645e989cc69d1da746495824cc2e1ebbf8270e0aae91a5aaa191e5dfa6a4e71ff47c505582f3ead809566d70a2c98841153eb06a3db76887b7ba769fa96,,07/31/2025 11:50:00 AM,30,TRAFFIC SIGNAL,NO CONTROLS,CLEAR,DAYLIGHT,TURNING,DIVIDED - W/MEDIAN (NOT RAISED),,STRAIGHT AND LEVEL,DRY,NO DEFECTS,,INJURY AND / OR TOW DUE TO CRASH,Y,,,"OVER $1,500",07/31/2025 11:56:00 AM,FAILING TO YIELD RIGHT-OF-WAY,NOT APPLICABLE,4400,W,LAKE ST,1113,,,,,,,2,NONINCAPACITATING INJURY,3,0,0,1,2,1,0,11,5,7,41.8861404114,-87.7357597022,POINT (-87.735759702159 41.886140411405)
8141c9da54022b227befac3f3f59bba4fdf39989f6f86837d4d339899f1def2cee4bc596d21eca62ac255f486f2881298a99459792751b55ff0fc3aee52525ec,,07/31/2025 11:50:00 AM,20,PEDESTRIAN CROSSING SIGN,FUNCTIONING PROPERLY,CLEAR,DAYLIGHT,REAR END,DIVIDED - W/MEDIAN BARRIER,,STRAIGHT AND LEVEL,DRY,NO DEFECTS,ON SCENE,INJURY AND / OR TOW DUE TO CRASH,,,,"OVER $1,500",07/31/2025 01:16:00 PM,UNABLE TO DETERMINE,NOT APPLICABLE,820,S,DAMEN AVE,1225,,,,,,,2,NONINCAPACITATING INJURY,1,0,0,1,0,1,0,11,5,7,41.8708894961,-87.6765126502,POINT (-87.676512650226 41.870889496052)
4637bf282a15953e9b6186c4b7ae948f4a11f69771378936ee6f004a9fa2ac6746cfd3808a49e2eb8d6fc2234b05f0439386f66e6f216b950be8b10d7ce4212f,,07/31/2025 11:45:00 AM,30,TRAFFIC SIGNAL,FUNCTIONING PROPERLY,CLEAR,DAYLIGHT,REAR END,NOT DIVIDED,,STRAIGHT AND LEVEL,DRY,NO DEFECTS,NOT ON SCENE (DESK REPORT),NO INJURY / DRIVE AWAY,Y,,,"OVER $1,500",07/31/2025 12:16:00 PM,FOLLOWING TOO CLOSELY,NOT APPLICABLE,300,W,CERMAK RD,914,,,,,,,3,NO INDICATION OF INJURY,0,0,0,0,0,3,0,11,5,7,41.8529818058,-87.6349083423,POINT (-87.634908342322 41.852981805833)
f541a662032e1468c8fdc3c94f4206e4019355e09794292e106f09fab92735a12129d47797f7ac2dae8bc2a1d29ac2edf6ffc3630b84ab619ba67058b68625bd,,07/31/2025 11:45:00 AM,35,TRAFFIC SIGNAL,FUNCTIONING PROPERLY,CLEAR,DAYLIGHT,REAR END,DIVIDED - W/MEDIAN (NOT RAISED),,STRAIGHT AND LEVEL,DRY,NO DEFECTS,NOT ON SCENE (DESK REPORT),NO INJURY / DRIVE AWAY,,,,$500 OR LESS,07/31/2025 12:00:00 PM,FOLLOWING TOO CLOSELY,UNABLE TO DETERMINE,1900,S,ASHLAND AVE,1234,,,,,,,2,NO INDICATION OF INJURY,0,0,0,0,0,2,0,11,5,7,41.8559248428,-87.6662398305,POINT (-87.666239830496 41.855924842836)
d0343794de32a26488006ced44e2a9a3d476219dc38f17bb24945ab2966039d70e2744cf98bf2851fd74fd99c1053489985462c92f79995ad4270952693ac602,,07/31/2025 11:40:00 AM,30,UNKNOWN,UNKNOWN,CLEAR,DAYLIGHT,REAR END,NOT DIVIDED,,STRAIGHT AND LEVEL,UNKNOWN,UNKNOWN,NOT ON SCENE (DESK REPORT),NO INJURY / DRIVE AWAY,,,Y,"OVER $1,500",07/31/2025 03:00:00 PM,UNABLE TO DETERMINE,UNABLE TO DETERMINE,303,E,CHICAGO AVE,1833,,,,,,,2,NO INDICATION OF INJURY,0,0,0,0,0,2,0,11,5,7,41.8966804097,-87.6201282219,POINT (-87.620128221898 41.89668040968)
fe2f0a3f16cf0c9e9c5835fc9b93124d65361f9b1474f8d7f5adb597def2b7d01795bbd34ef76d27fbb8ad288a04c6ba08ea4360a99588c90bd17bf79f9a5093,,07/31/2025 11:40:00 AM,30,STOP SIGN/FLASHER,FUNCTIONING PROPERLY,CLEAR,DAYLIGHT,REAR END,DIVIDED - W/MEDIAN (NOT RAISED),,STRAIGHT AND LEVEL,DRY,NO DEFECTS,ON SCENE,INJURY AND / OR TOW DUE TO CRASH,,,,"OVER $1,500",07/31/2025 11:40:00 AM,FAILING TO REDUCE SPEED TO AVOID CRASH,FAILING TO REDUCE SPEED TO AVOID CRASH,8458,S,LOOMIS BLVD,614,,,,,,,2,NO INDICATION OF INJURY,0,0,0,0,0,4,0,11,5,7,41.739592926,-87.6584490132,POINT (-87.658449013216 41.739592926043)
b1ff8b2adc9fc89c6fc5e96ba5d8aa1b0a3ab6c77afccfcb61ef6e65951fd9902f417c38898d6f977de4d24f7ce806ba736ce1118154ef33a5f7ba9537d9f5bd,,07/31/2025 11:39:00 AM,30,UNKNOWN,UNKNOWN,CLEAR,DAYLIGHT,SIDESWIPE SAME DIRECTION,NOT DIVIDED,,STRAIGHT AND LEVEL,UNKNOWN,UNKNOWN,NOT ON SCENE (DESK REPORT),NO INJURY / DRIVE AWAY,,,Y,"OVER $1,500",07/31/2025 01:10:00 PM,UNABLE TO DETERMINE,UNABLE TO DETERMINE,678,N,DEARBORN ST,1832,,,,,,,2,NO INDICATION OF INJURY,0,0,0,0,0,2,0,11,5,7,41.8948150954,-87.6298717626,POINT (-87.629871762573 41.894815095408)
f5a60bc9066a07db74cfdd1b2cf0c1d98e377760c9ad1a8fcdc698851d79ed0e30dcbdac752fc0fb27464582271b6ad9e90ff5e26f3e9586aa3dad56f208e9c7,,07/31/2025 11:30:00 AM,25,NO CONTROLS,NO CONTROLS,CLEAR,DAYLIGHT,SIDESWIPE SAME DIRECTION,NOT DIVIDED,,STRAIGHT AND LEVEL,DRY,NO DEFECTS,NOT ON SCENE (DESK REPORT),NO INJURY / DRIVE AWAY,,,,"OVER $1,500",07/31/2025 12:00:00 PM,UNABLE TO DETERMINE,NOT APPLICABLE,6007,N,SHERIDAN RD,2433,,,,,,,2,NO INDICATION OF INJURY,0,0,0,0,0,2,0,11,5,7,41.9912479631,-87.6552734509,POINT (-87.655273450903 41.991247963093)
1f627b3f9c5512306a04fc0457c4518495d0236c79aff17ccb92067a42029db56817cc23d6bcc837ed0a86f57d343099f1bd32e87c1297f6fe03de26a4c378d4,,07/31/2025 11:15:00 AM,25,NO CONTROLS,NO CONTROLS,CLEAR,DAYLIGHT,PARKED MOTOR VEHICLE,NOT DIVIDED,,STRAIGHT AND LEVEL,DRY,NO DEFECTS,NOT ON SCENE (DESK REPORT),NO INJURY / DRIVE AWAY,,,,"OVER $1,500",07/31/2025 12:15:00 PM,FOLLOWING TOO CLOSELY,NOT APPLICABLE,5054,N,PARKSIDE AVE,1622,,,,,,,2,NO INDICATION OF INJURY,0,0,0,0,0,2,0,11,5,7,41.9736138635,-87.7698792527,POINT (-87.769879252745 41.973613863497)
aa749b848df769b454e14c8e3c4c09e0a322d1c7e7df273bcaf50145a94122432aa90963c92564bf5645458b45ab8b20c5111030368b770acabb7da1cb988787,,07/31/2025 11:15:00 AM,30,NO CONTROLS,NO CONTROLS,CLEAR,DAYLIGHT,SIDESWIPE SAME DIRECTION,NOT DIVIDED,,STRAIGHT AND LEVEL,DRY,NO DEFECTS,NOT ON SCENE (DESK REPORT),NO INJURY / DRIVE AWAY,,,,"OVER $1,500",07/31/2025 12:06:00 PM,UNABLE TO DETERMINE,NOT APPLICABLE,3427,W,OGDEN AVE,1024,,,,,,,2,NO INDICATION OF INJURY,0,0,0,0,0,2,0,11,5,7,41.8556820441,-87.7112241203,POINT (-87.711224120263 41.855682044084)
28394ab4fc1d208f049c25f852298386bad6c6e3c649c3609e7153505a867c8eda92eb09784d5fc84744021d583734cf05d129c9805a1e180081a341959f8cb1,,07/31/2025 11:04:00 AM,30,UNKNOWN,NO CONTROLS,CLEAR,DAYLIGHT,REAR END,T-INTERSECTION,,STRAIGHT AND LEVEL,DRY,NO DEFECTS,NOT ON SCENE (DESK REPORT),NO INJURY / DRIVE AWAY,Y,,,"OVER $1,500",07/31/2025 12:00:00 PM,FOLLOWING TOO CLOSELY,UNABLE TO DETERMINE,1654,N,NARRAGANSETT AVE,2513,,,,,,,2,NO INDICATION OF INJURY,0,0,0,0,0,2,0,11,5,7,41.9107532442,-87.785200759,POINT (-87.785200759018 41.910753244184)