CRASH_RECORD_ID,CRASH_DATE_EST_I,CRASH_DATE,POSTED_SPEED_LIMIT,TRAFFIC_CONTROL_DEVICE,DEVICE_CONDITION,WEATHER_CONDITION,LIGHTING_CONDITION,FIRST_CRASH_TYPE,TRAFFICWAY_TYPE,LANE_CNT,ALIGNMENT,ROADWAY_SURFACE_COND,ROAD_DEFECT,REPORT_TYPE,CRASH_TYPE,INTERSECTION_RELATED_I,NOT_RIGHT_OF_WAY_I,HIT_AND_RUN_I,DAMAGE,DATE_POLICE_NOTIFIED,PRIM_CONTRIBUTORY_CAUSE,SEC_CONTRIBUTORY_CAUSE,STREET_NO,STREET_DIRECTION,STREET_NAME,BEAT_OF_OCCURRENCE,PHOTOS_TAKEN_I,STATEMENTS_TAKEN_I,DOORING_I,WORK_ZONE_I,WORK_ZONE_TYPE,WORKERS_PRESENT_I,NUM_UNITS,MOST_SEVERE_INJURY,INJURIES_TOTAL,INJURIES_FATAL,INJURIES_INCAPACITATING,INJURIES_NON_INCAPACITATING,INJURIES_REPORTED_NOT_EVIDENT,INJURIES_NO_INDICATION,INJURIES_UNKNOWN,CRASH_HOUR,CRASH_DAY_OF_WEEK,CRASH_MONTH,LATITUDE,LONGITUDE,LOCATION
cf5c977de8e62a527be3e43dc576fffca9291684747f8a38776fe43047c84de64f16651ba483aa213db0a35752f63269ed2674ccb29971553fb4fa2eccd9bfb3,,07/31/2025 11:00:00 AM,10,NO CONTROLS,NO CONTROLS,CLEAR,DAYLIGHT,REAR END,OTHER,,STRAIGHT AND LEVEL,DRY,NO DEFECTS,NOT ON SCENE (DESK REPORT),NO INJURY / DRIVE AWAY,,Y,,"$501 - $1,500",07/31/2025 11:45:00 AM,DRIVING SKILLS/KNOWLEDGE/EXPERIENCE,DRIVING SKILLS/KNOWLEDGE/EXPERIENCE,9450,S,JEFFERY AVE,413,,,,,,,2,NO INDICATION OF INJURY,0,0,0,0,0,2,0,11,5,7,41.7227373901,-87.5755080324,POINT (-87.575508032364 41.722737390124)
bfe6cf8a7be0c0fa0bb335b2a2875f72f4c777d4439c467a5040caa323bda67fac236a56f5ae574088866f436bac1c2dd45008ef61f8ee4cc89d6368a6e2778f,,07/31/2025 10:57:00 AM,30,TRAFFIC SIGNAL,FUNCTIONING PROPERLY,CLEAR,DAYLIGHT,TURNING,DIVIDED - W/MEDIAN (NOT RAISED),,STRAIGHT AND LEVEL,DRY,NO DEFECTS,NOT ON SCENE (DESK REPORT),NO INJURY / DRIVE AWAY,,,Y,"OVER $1,500",08/11/2025 09:50:00 AM,IMPROPER LANE USAGE,UNABLE TO DETERMINE,757,E,111TH ST,531,,,,,,,2,NO INDICATION OF INJURY,0,0,0,0,0,3,0,10,5,7,41.6927559917,-87.6026811205,POINT (-87.60268112047 41.692755991684)
369b4e9193352839dfb3dac6fdb3b42be92976315fe34391f050144b7c776c1fbbc0578a9863fb6ad40460e3db4445096902baf3980cceac67fdd96ebb8e0343,,07/31/2025 10:50:00 AM,30,TRAFFIC SIGNAL,FUNCTIONING PROPERLY,CLEAR,DAYLIGHT,ANGLE,FOUR WAY,,STRAIGHT AND LEVEL,DRY,NO DEFECTS,ON SCENE,INJURY AND / OR TOW DUE TO CRASH,Y,,,"OVER $1,500",07/31/2025 10:52:00 AM,DISREGARDING TRAFFIC SIGNALS,NOT APPLICABLE,2200,N,ELSTON AVE,1432,,,,,,,2,NO INDICATION OF INJURY,0,0,0,0,0,6,0,10,5,7,41.9214534052,-87.672485662,POINT (-87.67248566197 41.921453405234)
795b98faa0257de2c3b92fe3b1afaf88d9201f853dace2d1f29b79aa8a9187654038cc3cc4c02228b3df76d8469f896de2bd03407e0cd3d620ab7265ebcdadc5,,07/31/2025 10:50:00 AM,30,NO CONTROLS,NO CONTROLS,CLEAR,DAYLIGHT,ANGLE,ONE-WAY,,STRAIGHT AND LEVEL,DRY,NO DEFECTS,NOT ON SCENE (DESK REPORT),NO INJURY / DRIVE AWAY,,,,"OVER $1,500",07/31/2025 11:15:00 AM,FAILING TO YIELD RIGHT-OF-WAY,NOT APPLICABLE,9653,S,EMERALD AVE,2223,,,,,,,2,NO INDICATION OF INJURY,0,0,0,0,0,2,0,10,5,7,41.7181065151,-87.6417650211,POINT (-87.641765021133 41.71810651507)
2c339d956a7e149ce7bd33a61297d498e147610776e1145c8e6e8a09313a3cd70a9f7d90405818946c17db06b6de9253dfa3773800ff88a554eaf1bc868429ff,,07/31/2025 10:44:00 AM,20,NO CONTROLS,NO CONTROLS,CLEAR,DAYLIGHT,REAR TO REAR,PARKING LOT,,STRAIGHT AND LEVEL,DRY,NO DEFECTS,ON SCENE,NO INJURY / DRIVE AWAY,,,,"$501 - $1,500",07/31/2025 10:45:00 AM,UNABLE TO DETERMINE,UNABLE TO DETERMINE,4509,S,PULASKI RD,821,,,,,,,2,NO INDICATION OF INJURY,0,0,0,0,0,2,0,10,5,7,41.8112156591,-87.7235664798,POINT (-87.723566479846 41.811215659141)
21ca772bc1769e99da9c10989ce470df7e4c939e9e8879ed4760f019693957bcd8421fc236ef64be6b59a77a29fc9a7945b46e1ae0cf4c639f41d56b048a32fb,,07/31/2025 10:30:00 AM,30,NO CONTROLS,NO CONTROLS,CLEAR,DAYLIGHT,FIXED OBJECT,ALLEY,,STRAIGHT AND LEVEL,DRY,UNKNOWN,ON SCENE,NO INJURY / DRIVE AWAY,,,Y,"OVER $1,500",07/31/2025 11:31:00 AM,UNABLE TO DETERMINE,UNABLE TO DETERMINE,2455,S,SPAULDING AVE,1024,,,,,,,1,NO INDICATION OF INJURY,0,0,0,0,0,1,0,10,5,7,41.8465008342,-87.7073886016,POINT (-87.707388601567 41.846500834184)
5b6d00f3cd499576d1acf58c3d451ef1faf0382d55c2c78a88143bfffb1674ae0e81b0f5cd63b8b45cec5e6d47e890c875fd14d20bf13d87e055588eb4fd9068,,07/31/2025 10:30:00 AM,35,TRAFFIC SIGNAL,FUNCTIONING PROPERLY,CLEAR,DAYLIGHT,REAR END,NOT DIVIDED,,STRAIGHT AND LEVEL,DRY,NO DEFECTS,ON SCENE,INJURY AND / OR TOW DUE TO CRASH,,,,"OVER $1,500",07/31/2025 10:40:00 AM,FOLLOWING TOO CLOSELY,NOT APPLICABLE,1357,W,103RD ST,2212,,,,,,,2,"REPORTED, NOT EVIDENT",1,0,0,0,1,1,0,10,5,7,41.7066554944,-87.6572620088,POINT (-87.657262008777 41.706655494353)
76778433887e8deb5942df9079e56d2934b5e855b5d90533adc10859f1c9d5089fb09ba3b62162bd8b631e26da9560a42c6b87e2d3e342ee72703fe53929b788,,07/31/2025 10:30:00 AM,30,NO CONTROLS,NO CONTROLS,CLEAR,DAYLIGHT,TURNING,OTHER,,STRAIGHT AND LEVEL,DRY,UNKNOWN,NOT ON SCENE (DESK REPORT),NO INJURY / DRIVE AWAY,,,,"OVER $1,500",07/31/2025 11:06:00 AM,FAILING TO YIELD RIGHT-OF-WAY,NOT APPLICABLE,4606,S,MARSHFIELD AVE,924,,,,,,,2,NO INDICATION OF INJURY,0,0,0,0,0,2,0,10,5,7,41.8101451146,-87.6663720456,POINT (-87.666372045579 41.81014511458)
95751aac459373ef50bb2c75b9d6b428491d4fa18a19f73eabfe325c22ad982bda03d53fd6a30cbed26a110d2678e9f4c350709e6a410c0d35c777f34f3b5424,,07/31/2025 10:30:00 AM,25,NO CONTROLS,NO CONTROLS,CLEAR,DAYLIGHT,PARKED MOTOR VEHICLE,NOT DIVIDED,,STRAIGHT AND LEVEL,DRY,NO DEFECTS,NOT ON SCENE (DESK REPORT),NO INJURY / DRIVE AWAY,,,,"OVER $1,500",07/31/2025 02:20:00 PM,UNABLE TO DETERMINE,UNABLE TO DETERMINE,3809,W,GRAND AVE,2535,,,,,,,2,NO INDICATION OF INJURY,0,0,0,0,0,1,0,10,5,7,41.9042570742,-87.7219223955,POINT (-87.72192239548 41.904257074219)
a06783480d3c6e95a1b1e2fcf582e7f30c1a775c9fa05b811ae3b91d5631b21253f9146e7080cf409fd85f68d655ca4ab80b0793b482adac10a0193c642a4273,,07/31/2025 10:30:00 AM,25,NO CONTROLS,NO CONTROLS,CLEAR,DAYLIGHT,TURNING,NOT DIVIDED,,STRAIGHT AND LEVEL,DRY,NO DEFECTS,NOT ON SCENE (DESK REPORT),NO INJURY / DRIVE AWAY,,,,$500 OR LESS,07/31/2025 10:57:00 AM,FAILING TO YIELD RIGHT-OF-WAY,UNABLE TO DETERMINE,1644,W,SUMMERDALE AVE,2012,,,,,,,2,NO INDICATION OF INJURY,0,0,0,0,0,3,0,10,5,7,41.978993964,-87.6714920283,POINT (-87.671492028286 41.978993963968)
a3a4b02b95decb0cbcaf5e7a31547f35b9bb90f2a5344636d28705664ba438ea6192571d62dd3122afa5d7924b6301411645a4b155ecc67f6371e721ce4acba8,,07/31/2025 10:30:00 AM,35,NO CONTROLS,NO CONTROLS,CLEAR,DAYLIGHT,TURNING,DIVIDED - W/MEDIAN (NOT RAISED),,STRAIGHT AND LEVEL,UNKNOWN,NO DEFECTS,NOT ON SCENE (DESK REPORT),NO INJURY / DRIVE AWAY,,,,"OVER $1,500",07/31/2025 12:04:00 PM,IMPROPER TURNING/NO SIGNAL,NOT APPLICABLE,2309,W,LAWRENCE AVE,1911,N,,,,,,2,NO INDICATION OF INJURY,0,0,0,0,0,2,0,10,5,7,41.968531574,-87.6868436539,POINT (-87.686843653899 41.968531573989)
6304a4c453640b9ba9a24103c0b1b5e74d1d994f9b493dd9ce74527350bb512496eccef44fb1beca8c2204af307d786fb4828b7e02d202d99e357dcf5e00f023,,07/31/2025 10:27:00 AM,30,NO CONTROLS,NO CONTROLS,CLEAR,DAYLIGHT,FIXED OBJECT,NOT DIVIDED,,STRAIGHT AND LEVEL,DRY,UNKNOWN,NOT ON SCENE (DESK REPORT),NO INJURY / DRIVE AWAY,,,Y,"OVER $1,500",08/01/2025 05:30:00 PM,IMPROPER BACKING,FOLLOWING TOO CLOSELY,1971,N,LINCOLN AVE,1814,,,,,,,1,NO INDICATION OF INJURY,0,0,0,0,0,1,0,10,5,7,41.9182251025,-87.6384610222,POINT (-87.638461022164 41.918225102481)
8b9da431f0bf60d6c3dac1144f65b523118fcf3f1a91b6b25fa18746c9357914e54e52f1c0389024eac12e512e661f0a8d1be934cf96e06dd46e33a9dd55191e,,07/31/2025 10:25:00 AM,30,TRAFFIC SIGNAL,UNKNOWN,UNKNOWN,DAYLIGHT,ANGLE,NOT DIVIDED,,STRAIGHT AND LEVEL,UNKNOWN,UNKNOWN,,NO INJURY / DRIVE AWAY,,,,"OVER $1,500",08/01/2025 01:20:00 PM,UNABLE TO DETERMINE,NOT APPLICABLE,1200,W,CONGRESS PKWY,1231,,,,,,,2,NO INDICATION OF INJURY,0,0,0,0,0,2,0,10,5,7,41.8754497276,-87.6570618707,POINT (-87.657061870729 41.875449727558)
2e273a4fd5e0dcfc00bf22c38ff37e6aae37bc25a5b9397a20225f20b8d8feee9fc624cd0c796b14c32dc4af0d8e48ec6144e08fdb79563353e9d5fac8dee690,,07/31/2025 10:20:00 AM,30,TRAFFIC SIGNAL,FUNCTIONING PROPERLY,CLEAR,DAYLIGHT,ANGLE,NOT DIVIDED,,STRAIGHT AND LEVEL,DRY,NO DEFECTS,NOT ON SCENE (DESK REPORT),INJURY AND / OR TOW DUE TO CRASH,,,,"OVER $1,500",07/31/2025 01:10:00 PM,DISREGARDING TRAFFIC SIGNALS,NOT APPLICABLE,1600,W,VAN BUREN ST,1231,,,,,,,2,"REPORTED, NOT EVIDENT",1,0,0,0,1,1,0,10,5,7,41.8764609273,-87.6667076507,POINT (-87.666707650735 41.876460927341)
88dbc6d40b47aff1c2f71ebcbb99c99910799f9a4beee34a2cec860fffd17b917a0174b82de54b1b8503f249356406a7918ff3ac7a17de2917208513fdd81cc9,,07/31/2025 10:15:00 AM,10,NO CONTROLS,NO CONTROLS,CLEAR,DAYLIGHT,OTHER OBJECT,ALLEY,,STRAIGHT AND LEVEL,DRY,NO DEFECTS,ON SCENE,NO INJURY / DRIVE AWAY,,,,$500 OR LESS,07/31/2025 10:18:00 AM,UNABLE TO DETERMINE,UNABLE TO DETERMINE,2908,W,FARGO AVE,2411,,,,,,,1,NO INDICATION OF INJURY,0,0,0,0,0,1,0,10,5,7,42.016655067,-87.7024096698,POINT (-87.702409669771 42.016655066957)
8ae3cad799f6b6375ae7cacc831f886b938aad04f87b187455cd1a9548d47e9e8340ba092855651ec7809a3681bb97f5ac4d483ea293332193141b39686aeab8,,07/31/2025 10:14:00 AM,15,NO CONTROLS,NO CONTROLS,CLEAR,DAYLIGHT,FIXED OBJECT,PARKING LOT,,STRAIGHT AND LEVEL,DRY,NO DEFECTS,ON SCENE,NO INJURY / DRIVE AWAY,,,,"OVER $1,500",07/31/2025 10:14:00 AM,IMPROPER TURNING/NO SIGNAL,NOT APPLICABLE,1608,W,ADAMS ST,1224,,,,,,,1,NO INDICATION OF INJURY,0,0,0,0,0,1,0,10,5,7,41.8789976956,-87.6671867377,POINT (-87.667186737692 41.878997695633)
d6966412e45b890f26f88d1108e30e6fa3472137dfa8be5420ff003e95c4a522afe2c02131dbf51e4a06a60fcf00e05feb7078af89eff1cf95d90dc922fff060,,07/31/2025 10:00:00 AM,30,NO CONTROLS,NO CONTROLS,CLEAR,DAYLIGHT,PARKED MOTOR VEHICLE,NOT DIVIDED,,STRAIGHT AND LEVEL,DRY,NO DEFECTS,NOT ON SCENE (DESK REPORT),NO INJURY / DRIVE AWAY,,,Y,"$501 - $1,500",07/31/2025 01:50:00 PM,UNABLE TO DETERMINE,UNABLE TO DETERMINE,3034,N,OCONTO AVE,2511,,,,,,,2,NO INDICATION OF INJURY,0,0,0,0,0,1,0,10,5,7,41.9355455882,-87.8080298744,POINT (-87.808029874357 41.935545588238)
fc57ef311755225eab6fb6270a031303669318e6303fae5c4245adf2fbe1f18206eda8acfeb904d6fa7d2bf32f83c43bcafdd35d2e95fa4cf998e4169b15a060,,07/31/2025 10:00:00 AM,30,NO CONTROLS,NO CONTROLS,CLEAR,DAYLIGHT,SIDESWIPE OPPOSITE DIRECTION,OTHER,,STRAIGHT AND LEVEL,DRY,NO DEFECTS,,NO INJURY / DRIVE AWAY,,Y,,"OVER $1,500",07/31/2025 10:10:00 AM,DRIVING SKILLS/KNOWLEDGE/EXPERIENCE,UNABLE TO DETERMINE,1147,S,WABASH AVE,123,,,,,,,2,NO INDICATION OF INJURY,0,0,0,0,0,2,0,10,5,7,41.8678670902,-87.6256868412,POINT (-87.625686841193 41.867867090171)
46f54d57e6adfed23fbd3332409ad6a672b7ce278565eb92f7d230359989995649e476ef3c1b1f7d19ffb6a01079718d2adef465dbb50fab4088915ef195e7e1,,07/31/2025 09:46:00 AM,30,TRAFFIC SIGNAL,FUNCTIONING PROPERLY,CLEAR,DUSK,REAR END,FOUR WAY,,STRAIGHT AND LEVEL,DRY,NO DEFECTS,NOT ON SCENE (DESK REPORT),NO INJURY / DRIVE AWAY,Y,,Y,"OVER $1,500",07/31/2025 10:40:00 PM,DISREGARDING TRAFFIC SIGNALS,NOT APPLICABLE,6500,S,DAMEN AVE,726,N,,,,,,2,NO INDICATION OF INJURY,0,0,0,0,0,2,0,9,5,7,41.7756135059,-87.6739523672,POINT (-87.673952367202 41.775613505891)
d79717910e87daee2928f5162e06e494023420aca70d52657944d8ca046264001857043467bec39199e9356087e5751b840796a54f7ab77af9cad7fe9ced109a,,07/31/2025 09:38:00 AM,30,TRAFFIC SIGNAL,FUNCTIONING PROPERLY,CLEAR,DAYLIGHT,REAR END,DIVIDED - W/MEDIAN (NOT RAISED),,STRAIGHT AND LEVEL,DRY,NO DEFECTS,NOT ON SCENE (DESK REPORT),NO INJURY / DRIVE AWAY,,,,$500 OR LESS,07/31/2025 03:02:00 PM,UNABLE TO DETERMINE,UNABLE TO DETERMINE,2598,S,CENTRAL PARK AVE,1013,,,,,,,2,NO INDICATION OF INJURY,0,0,0,0,0,2,0,9,5,7,41.8444747185,-87.7149358516,POINT (-87.714935851557 41.844474718513)
f796a83b6c20631888065ec5dc5d6d2903cb5fb4c36bad66b06d0a1da503d1f7442366b436bb2e8ef12e45e55aa94d00abfd55ec1aa689bbfdc9738e1c1987fd,,07/31/2025 09:31:00 AM,30,TRAFFIC SIGNAL,FUNCTIONING PROPERLY,CLEAR,DAYLIGHT,SIDESWIPE SAME DIRECTION,DIVIDED - W/MEDIAN BARRIER,,STRAIGHT AND LEVEL,DRY,NO DEFECTS,NOT ON SCENE (DESK REPORT),NO INJURY / DRIVE AWAY,,,,"OVER $1,500",07/31/2025 09:45:00 AM,UNABLE TO DETERMINE,NOT APPLICABLE,3600,N,ASHLAND AVE,1922,,,,,,,2,NO INDICATION OF INJURY,0,0,0,0,0,2,0,9,5,7,41.9470793702,-87.6690072991,POINT (-87.669007299094 41.947079370164)
0ee88052b658cf245e5fbf265dadd6f5350a3ed604980814b3b76a398714fe87439552214ec69bc282cbe038a978972238fe026db560718911f51e3e36d88805,,07/31/2025 09:30:00 AM,20,NO CONTROLS,NO CONTROLS,CLEAR,DAYLIGHT,REAR END,PARKING LOT,,STRAIGHT AND LEVEL,DRY,NO DEFECTS,ON SCENE,NO INJURY / DRIVE AWAY,,,,"$501 - $1,500",07/31/2025 09:45:00 AM,FOLLOWING TOO CLOSELY,UNABLE TO DETERMINE,8560,S,COTTAGE GROVE AVE,632,,Y,,,,,2,NO INDICATION OF INJURY,0,0,0,0,0,2,0,9,5,7,41.7385509287,-87.6050236052,POINT (-87.605023605204 41.738550928713)
7ff3b483d22df027dbbabbc747e12859e06bae806be3a51caf323d113c782e08aefdfaffdb5624cf1bf36fef465744e2e27736cfd9047311c2728d92e88e52ec,,07/31/2025 09:30:00 AM,30,NO CONTROLS,NO CONTROLS,CLEAR,DAYLIGHT,SIDESWIPE OPPOSITE DIRECTION,ONE-WAY,,STRAIGHT AND LEVEL,DRY,NO DEFECTS,NOT ON SCENE (DESK REPORT),NO INJURY / DRIVE AWAY,,,,$500 OR LESS,07/31/2025 10:30:00 AM,UNABLE TO DETERMINE,UNABLE TO DETERMINE,4702,S,KARLOV AVE,815,,,,,,,2,NO INDICATION OF INJURY,0,0,0,0,0,2,0,9,5,7,41.8076907879,-87.7261742981,POINT (-87.726174298056 41.807690787935)
ee5c91ca8d0bdeb8de1598993986473ad79965a77817697ba30d9001ea9b8f847b2394b21030cb4dd2b7c6203c208de62d9bd3bbff6e6abb90fcb232d50262ad,,07/31/2025 09:29:00 AM,30,NO CONTROLS,NO CONTROLS,CLEAR,DAYLIGHT,SIDESWIPE SAME DIRECTION,DIVIDED - W/MEDIAN BARRIER,,STRAIGHT AND LEVEL,DRY,NO DEFECTS,ON SCENE,NO INJURY / DRIVE AWAY,,,Y,"$501 - $1,500",07/31/2025 10:00:00 AM,IMPROPER OVERTAKING/PASSING,IMPROPER OVERTAKING/PASSING,340,W,95TH ST,634,,Y,,,,,2,NO INDICATION OF INJURY,0,0,0,0,0,2,0,9,5,7,41.7217135365,-87.6327275858,POINT (-87.632727585782 41.721713536539)
65a5858ff6cac7f0c98d9c8a7d9aeea65a93c2cb6f93322be63d8ae311f6a2ff11da6e0e2d66c96943d3c60639882db846202b931103c1e2e6a55e4dd9d9bdeb,,07/31/2025 09:24:00 AM,30,UNKNOWN,UNKNOWN,UNKNOWN,DAYLIGHT,SIDESWIPE SAME DIRECTION,NOT DIVIDED,,STRAIGHT AND LEVEL,UNKNOWN,UNKNOWN,NOT ON SCENE (DESK REPORT),NO INJURY / DRIVE AWAY,,,,"OVER $1,500",08/04/2025 01:15:00 PM,UNABLE TO DETERMINE,NOT APPLICABLE,3556,W,ADDISON ST,1732,,,,,,,2,NO INDICATION OF INJURY,0,0,0,0,0,4,0,9,5,7,41.9466158449,-87.7174254793,POINT (-87.717425479262 41.946615844899)
2f18d4bedd0af865ec4d3899e166a2f494e36fa1d9aadb8a522fc17b66ba26f9d1286f91704f912208ebaac6b655dffef25eab44f4fc64b447e082cea43415c9,,07/31/2025 09:20:00 AM,30,NO CONTROLS,NO CONTROLS,CLEAR,DAYLIGHT,SIDESWIPE SAME DIRECTION,NOT DIVIDED,,STRAIGHT AND LEVEL,UNKNOWN,UNKNOWN,NOT ON SCENE (DESK REPORT),NO INJURY / DRIVE AWAY,,,Y,"OVER $1,500",07/31/2025 11:30:00 AM,IMPROPER LANE USAGE,IMPROPER LANE USAGE,807,S,CLARK ST,123,,,,,,,2,NO INDICATION OF INJURY,0,0,0,0,0,2,0,9,5,7,41.8720710484,-87.6304595317,POINT (-87.630459531732 41.872071048434)
4d7e65ec7f2afc8a81a4b2e72f45ca4e03140860b145a41d00ccd7d47f9fb3be62373e9d5a70fb14b75d392dc0a09e2d78edb4f827d1f4704bcafdf8e252eaed,,07/31/2025 09:15:00 AM,30,NO CONTROLS,NO CONTROLS,CLEAR,DAYLIGHT,ANGLE,NOT DIVIDED,,STRAIGHT AND LEVEL,DRY,NO DEFECTS,,NO INJURY / DRIVE AWAY,,,Y,"$501 - $1,500",07/31/2025 01:10:00 PM,UNABLE TO DETERMINE,NOT APPLICABLE,7652,W,TOUHY AVE,1611,,,,,,,2,NO INDICATION OF INJURY,0,0,0,0,0,2,0,9,5,7,42.0115231421,-87.818422236,POINT (-87.818422235956 42.011523142128)
adbef8fd659da8a4dd71d7601c09c316f68c5d76a73fca08810fe3625fe7728104257ef18e5943ed71f0c3e8bbeeeb636707a87b237480909e4163294e728bae,,07/31/2025 09:15:00 AM,30,NO CONTROLS,NO CONTROLS,CLEAR,DAYLIGHT,TURNING,DIVIDED - W/MEDIAN (NOT RAISED),,STRAIGHT AND LEVEL,DRY,NO DEFECTS,ON SCENE,INJURY AND / OR TOW DUE TO CRASH,Y,,,"OVER $1,500",07/31/2025 09:17:00 AM,FAILING TO YIELD RIGHT-OF-WAY,UNABLE TO DETERMINE,116,S,WESTERN AVE,1125,,,,,,,2,NONINCAPACITATING INJURY,1,0,0,1,0,2,0,9,5,7,41.8796656338,-87.6865399294,POINT (-87.686539929421 41.879665633803)
c39384ad5bf27c1cdcbc6ea7414452983d20ae5664a684f6061a7e4811d60238f9f4568118780db21cba9ec4e826a69c2f0b54af4431623b00ee874fb78bd82b,,07/31/2025 09:15:00 AM,30,TRAFFIC SIGNAL,FUNCTIONING PROPERLY,CLEAR,DAYLIGHT,REAR END,DIVIDED - W/MEDIAN (NOT RAISED),,STRAIGHT AND LEVEL,DRY,UNKNOWN,NOT ON SCENE (DESK REPORT),NO INJURY / DRIVE AWAY,,,,"OVER $1,500",07/31/2025 09:40:00 AM,DISTRACTION - FROM INSIDE VEHICLE,UNABLE TO DETERMINE,3600,N,CENTRAL PARK AVE,1732,,,,,,,2,NO INDICATION OF INJURY,0,0,0,0,0,2,0,9,5,7,41.9470618655,-87.7179719663,POINT (-87.717971966251 41.947061865466)
b7188d0aa5eb398800e572044f581d25d9f78bdc5cbf8c89e98d91af0e24e5ba838b7fb45f8d74de0e0c9f967591dec6773f8a2c2b4172028e6c86c79742adda,,07/31/2025 09:09:00 AM,30,TRAFFIC SIGNAL,FUNCTIONING PROPERLY,CLEAR,DAYLIGHT,REAR END,FOUR WAY,,STRAIGHT AND LEVEL,DRY,NO DEFECTS,,INJURY AND / OR TOW DUE TO CRASH,,,N,"OVER $1,500",07/31/2025 09:20:00 AM,FOLLOWING TOO CLOSELY,NOT APPLICABLE,129,W,DIVISION ST,1824,,,,,,,2,"REPORTED, NOT EVIDENT",1,0,0,0,1,1,0,9,5,7,41.9037698777,-87.6328429948,POINT (-87.632842994811 41.903769877658)
e4793dbe56e0f753915b4346f22222a823df68cbd61c323ba5ada2aca0a602e05da0e44d92f798db579ff86106c2b9dd22706164ff366f74f6cb6a0bac91fbf3,,07/31/2025 09:05:00 AM,30,NO CONTROLS,NO CONTROLS,CLEAR,DAYLIGHT,SIDESWIPE SAME DIRECTION,FOUR WAY,,STRAIGHT AND LEVEL,DRY,NO DEFECTS,NOT ON SCENE (DESK REPORT),NO INJURY / DRIVE AWAY,,,,"OVER $1,500",07/31/2025 10:05:00 AM,FAILING TO YIELD RIGHT-OF-WAY,IMPROPER LANE USAGE,258,S,CLINTON ST,121,,,,,,,2,NO INDICATION OF INJURY,0,0,0,0,0,2,0,9,5,7,41.8780527765,-87.6412190249,POINT (-87.641219024868 41.878052776496)
85f315783dd480b67de170dc31ff424adbf1213b7a05122d7f9840043b5b1533c477a15711ff3500ad89d934e8de1ce1f70d1e1350ab489c9710f2a87201837b,,07/31/2025 09:00:00 AM,15,NO CONTROLS,NO CONTROLS,CLEAR,DAYLIGHT,FIXED OBJECT,NOT DIVIDED,,STRAIGHT AND LEVEL,DRY,NO DEFECTS,NOT ON SCENE (DESK REPORT),NO INJURY / DRIVE AWAY,,,,"$501 - $1,500",07/31/2025 05:12:00 PM,UNABLE TO DETERMINE,NOT APPLICABLE,6100,N,MILWAUKEE AVE,1611,,,,,,,1,NO INDICATION OF INJURY,0,0,0,0,0,1,0,9,5,7,41.9922106346,-87.783257236,POINT (-87.783257236004 41.992210634583)
8f1a70cc24c0ccf3992f167792f1987a0b516f6e5f5059d7ed80539145270e435971dd1decab80ae8901bea1d324171c91f2579237c507dc17484b3fe829e5bd,,07/31/2025 09:00:00 AM,30,NO CONTROLS,NO CONTROLS,CLEAR,DAYLIGHT,SIDESWIPE SAME DIRECTION,DIVIDED - W/MEDIAN BARRIER,,STRAIGHT AND LEVEL,UNKNOWN,UNKNOWN,NOT ON SCENE (DESK REPORT),NO INJURY / DRIVE AWAY,,,,"OVER $1,500",08/04/2025 02:34:00 PM,UNABLE TO DETERMINE,NOT APPLICABLE,2401,N,LAKE SHORE DR SB,1935,,,,,,,2,NO INDICATION OF INJURY,0,0,0,0,0,2,0,9,5,7,41.9262516097,-87.6310449122,POINT (-87.631044912171 41.926251609692)
bdce8470cbd26a645f4f053aa96907d0723b7890f7634013525c93208ecec38e5f06566b89f5d294c8c2ee1135ac9c1df67b81a8bb2f4b6b570a544299794fbd,,07/31/2025 09:00:00 AM,30,NO CONTROLS,NO CONTROLS,CLEAR,DAYLIGHT,SIDESWIPE SAME DIRECTION,NOT DIVIDED,,STRAIGHT AND LEVEL,DRY,NO DEFECTS,,NO INJURY / DRIVE AWAY,,,,"OVER $1,500",07/31/2025 09:50:00 AM,FAILING TO YIELD RIGHT-OF-WAY,FAILING TO YIELD RIGHT-OF-WAY,4331,W,47TH ST,815,,,,,,,2,NO INDICATION OF INJURY,0,0,0,0,0,2,0,9,5,7,41.8076536161,-87.7320989304,POINT (-87.732098930436 41.807653616099)
c57f8941816d516e6b2a0da3131d354fd1bd9c53a6feb70860333119e81ea4e880dc93e7d13c1f8a6d768341b362fd64f902e1d6e5af0e7723eb13fec3305180,,07/31/2025 09:00:00 AM,30,TRAFFIC SIGNAL,FUNCTIONING PROPERLY,UNKNOWN,UNKNOWN,REAR END,NOT DIVIDED,,STRAIGHT AND LEVEL,UNKNOWN,UNKNOWN,NOT ON SCENE (DESK REPORT),INJURY AND / OR TOW DUE TO CRASH,,,Y,"$501 - $1,500",07/31/2025 12:20:00 PM,UNABLE TO DETERMINE,NOT APPLICABLE,6425,W,63RD ST,812,,,,,,,2,"REPORTED, NOT EVIDENT",2,0,0,0,2,2,0,9,5,7,41.7775502754,-87.7822649192,POINT (-87.782264919212 41.777550275367)
dc6cbc9e461dc38cdee53f361d1b6f02f5a8a3a65dde84590ca4c575025237be11a144f403f5eecf5c880828b9cc5feb2f3de5203d1ffcee50fc6ae4e32c1f0d,,07/31/2025 08:56:00 AM,30,NO CONTROLS,NO CONTROLS,CLEAR,DAYLIGHT,SIDESWIPE SAME DIRECTION,DIVIDED - W/MEDIAN BARRIER,,STRAIGHT AND LEVEL,DRY,NO DEFECTS,ON SCENE,NO INJURY / DRIVE AWAY,,,,"OVER $1,500",07/31/2025 09:14:00 AM,FAILING TO YIELD RIGHT-OF-WAY,NOT APPLICABLE,200,E,RANDOLPH ST,114,,,,,,,2,NO INDICATION OF INJURY,0,0,0,0,0,2,0,8,5,7,41.8846320758,-87.6222479911,POINT (-87.622247991089 41.884632075767)