CRASH_RECORD_ID,CRASH_DATE_EST_I,CRASH_DATE,POSTED_SPEED_LIMIT,TRAFFIC_CONTROL_DEVICE,DEVICE_CONDITION,WEATHER_CONDITION,LIGHTING_CONDITION,FIRST_CRASH_TYPE,TRAFFICWAY_TYPE,LANE_CNT,ALIGNMENT,ROADWAY_SURFACE_COND,ROAD_DEFECT,REPORT_TYPE,CRASH_TYPE,INTERSECTION_RELATED_I,NOT_RIGHT_OF_WAY_I,HIT_AND_RUN_I,DAMAGE,DATE_POLICE_NOTIFIED,PRIM_CONTRIBUTORY_CAUSE,SEC_CONTRIBUTORY_CAUSE,STREET_NO,STREET_DIRECTION,STREET_NAME,BEAT_OF_OCCURRENCE,PHOTOS_TAKEN_I,STATEMENTS_TAKEN_I,DOORING_I,WORK_ZONE_I,WORK_ZONE_TYPE,WORKERS_PRESENT_I,NUM_UNITS,MOST_SEVERE_INJURY,INJURIES_TOTAL,INJURIES_FATAL,INJURIES_INCAPACITATING,INJURIES_NON_INCAPACITATING,INJURIES_REPORTED_NOT_EVIDENT,INJURIES_NO_INDICATION,INJURIES_UNKNOWN,CRASH_HOUR,CRASH_DAY_OF_WEEK,CRASH_MONTH,LATITUDE,LONGITUDE,LOCATION
f11bff66ed17ffeda556d88b4e84ccf0e883f131eac958b45f59db0d15d568475dca7ccaee11e4b594827b7703cd50473cacf0b7bd1125278623aa8563ea0276,,07/31/2025 08:55:00 AM,30,TRAFFIC SIGNAL,FUNCTIONING PROPERLY,CLEAR,DAYLIGHT,REAR END,NOT DIVIDED,,STRAIGHT AND LEVEL,DRY,NO DEFECTS,NOT ON SCENE (DESK REPORT),NO INJURY / DRIVE AWAY,,,Y,$500 OR LESS,07/31/2025 09:30:00 AM,DRIVING SKILLS/KNOWLEDGE/EXPERIENCE,DRIVING SKILLS/KNOWLEDGE/EXPERIENCE,1600,E,87TH ST,412,,,,,,,2,NO INDICATION OF INJURY,0,0,0,0,0,3,0,8,5,7,41.7370309923,-87.5850864535,POINT (-87.585086453532 41.737030992315)
87f07d52b584a152ddb632c7ed4e338e0f1df0ef1bf2b5f6cbf4901bf4119aa794ca2aa3f390c99b3c41f972aa3966d72602a5e02ed1bb98817a79183bb1593d,,07/31/2025 08:50:00 AM,20,NO CONTROLS,NO CONTROLS,CLEAR,DAYLIGHT,ANGLE,DIVIDED - W/MEDIAN (NOT RAISED),,STRAIGHT AND LEVEL,DRY,NO DEFECTS,NOT ON SCENE (DESK REPORT),NO INJURY / DRIVE AWAY,,,,"OVER $1,500",07/31/2025 08:55:00 AM,UNABLE TO DETERMINE,NOT APPLICABLE,3040,W,36TH PL,911,,,,,,,2,NO INDICATION OF INJURY,0,0,0,0,0,2,0,8,5,7,41.8273345371,-87.7012818583,POINT (-87.701281858299 41.827334537077)
ee7573c01dbb98946e07124b1955afdfbe2ff9d5b4e0220e7d605c7c506366a035cceaeed899ca8648bef558aea869df7b6ee82a27f61237ffe82001cafc21d9,,07/31/2025 08:50:00 AM,35,NO CONTROLS,NO CONTROLS,CLEAR,DAYLIGHT,REAR TO FRONT,DIVIDED - W/MEDIAN (NOT RAISED),,STRAIGHT AND LEVEL,UNKNOWN,UNKNOWN,NOT ON SCENE (DESK REPORT),NO INJURY / DRIVE AWAY,,,,"OVER $1,500",07/31/2025 09:08:00 AM,IMPROPER BACKING,UNABLE TO DETERMINE,5999,N,MAPLEWOOD AVE,2011,,,,,,,2,NO INDICATION OF INJURY,0,0,0,0,0,2,0,8,5,7,41.9903854525,-87.6931664812,POINT (-87.693166481159 41.990385452498)
9a965704b42df477a2f74de7b3ed33c4674a349a84fc746b641456fae87b63b6a8d8f2a6ced90986c7385f8e10e24a308c7a66f2ff5c7806305a20c607a3e522,,07/31/2025 08:46:00 AM,30,UNKNOWN,UNKNOWN,CLEAR,DAYLIGHT,PEDALCYCLIST,NOT DIVIDED,,STRAIGHT AND LEVEL,DRY,UNKNOWN,NOT ON SCENE (DESK REPORT),INJURY AND / OR TOW DUE TO CRASH,,,Y,$500 OR LESS,07/31/2025 11:15:00 AM,UNABLE TO DETERMINE,UNABLE TO DETERMINE,155,N,HARBOR DR,114,,,,,,,2,NONINCAPACITATING INJURY,1,0,0,1,0,1,0,8,5,7,41.8847505385,-87.6156039565,POINT (-87.615603956473 41.884750538499)
e9dc69e6341e348b081afe3452f5f5d1300afc9669da05a1a9e5f957911ecde0e77c94fa7c1604c53246ed30dcdd5c387ed90a66476a22efe20af29c191a59ee,,07/31/2025 08:45:00 AM,30,TRAFFIC SIGNAL,FUNCTIONING PROPERLY,CLEAR,DAYLIGHT,PEDALCYCLIST,ONE-WAY,,STRAIGHT AND LEVEL,DRY,NO DEFECTS,NOT ON SCENE (DESK REPORT),NO INJURY / DRIVE AWAY,,,Y,$500 OR LESS,07/31/2025 10:13:00 AM,UNABLE TO DETERMINE,UNABLE TO DETERMINE,765,E,65TH ST,321,,,,,,,2,NO INDICATION OF INJURY,0,0,0,0,0,2,0,8,5,7,41.7766668076,-87.6059089789,POINT (-87.605908978948 41.776666807631)
fb04d09e0eb895a3ec33b98055680b3eb4fcc95e7829133f0a403753f4c07c4ab00cdbab68f83f0c0c32934c51499a71e0d609103cdd8beee19f4648d468b0b3,,07/31/2025 08:45:00 AM,30,NO CONTROLS,NO CONTROLS,CLEAR,DAYLIGHT,SIDESWIPE SAME DIRECTION,NOT DIVIDED,,STRAIGHT AND LEVEL,DRY,NO DEFECTS,NOT ON SCENE (DESK REPORT),NO INJURY / DRIVE AWAY,,,,"OVER $1,500",07/31/2025 09:25:00 AM,IMPROPER OVERTAKING/PASSING,FAILING TO REDUCE SPEED TO AVOID CRASH,3745,W,OGDEN AVE,1014,,,,,,,2,NO INDICATION OF INJURY,0,0,0,0,0,3,0,8,5,7,41.8529319956,-87.7190101986,POINT (-87.71901019857 41.852931995583)
119be0f0c8588761ddcb13b1ac92dd9bce14ce7f5189930737c817751289a3cddb6529cde1d26219632a5a23acc276f0b8b7e2275e770b84c2a4f0354a40672a,,07/31/2025 08:40:00 AM,30,STOP SIGN/FLASHER,FUNCTIONING PROPERLY,UNKNOWN,DAYLIGHT,TURNING,NOT DIVIDED,,STRAIGHT AND LEVEL,UNKNOWN,UNKNOWN,NOT ON SCENE (DESK REPORT),NO INJURY / DRIVE AWAY,Y,,,"$501 - $1,500",07/31/2025 09:40:00 AM,UNABLE TO DETERMINE,UNABLE TO DETERMINE,3134,W,47TH ST,922,,,,,,,2,NO INDICATION OF INJURY,0,0,0,0,0,4,0,8,5,7,41.8082496852,-87.7029167347,POINT (-87.702916734673 41.808249685247)
a886280fd2d8f42ad8ed9fffad01f1299d06f2955904acc70e53ad834ce86b0afb8a8185f2ab8095ec4bbc8661c794eef7db5300ae281b59e5cfa632bfd209f3,,07/31/2025 08:40:00 AM,30,TRAFFIC SIGNAL,FUNCTIONING PROPERLY,CLEAR,DAYLIGHT,REAR END,FOUR WAY,,STRAIGHT AND LEVEL,DRY,NO DEFECTS,NOT ON SCENE (DESK REPORT),NO INJURY / DRIVE AWAY,N,,Y,"OVER $1,500",08/01/2025 07:20:00 AM,FOLLOWING TOO CLOSELY,NOT APPLICABLE,100,E,RANDOLPH ST,114,,,,,,,2,NO INDICATION OF INJURY,0,0,0,0,0,2,0,8,5,7,41.8845772195,-87.6244036339,POINT (-87.62440363391 41.884577219487)
8bd79b8ff1a15acffe2b010f8377575a81c527f193dd396f56ad90d74506b9c65b6e06efa8fcb57b3d7f2b7e2df7b7447e076f7fa9f66a2fac06c68dc3cc1779,,07/31/2025 08:33:00 AM,30,NO CONTROLS,NO CONTROLS,CLEAR,DAYLIGHT,FIXED OBJECT,DIVIDED - W/MEDIAN BARRIER,,STRAIGHT AND LEVEL,DRY,NO DEFECTS,ON SCENE,NO INJURY / DRIVE AWAY,,,,"OVER $1,500",07/31/2025 09:01:00 AM,UNABLE TO DETERMINE,UNABLE TO DETERMINE,400,E,RANDOLPH ST,114,,,,,,,2,NO INDICATION OF INJURY,0,0,0,0,0,1,0,8,5,7,41.8846463654,-87.6172484962,POINT (-87.617248496239 41.884646365435)
02bd0de339ff06b4ccab948b4bb42d1a9b36ecea42aefbb555cbbe61c2bbfda20da106d8ff901cd009cc2e96539fc603c8bd7990d7d45b4334c048a0af7fe535,,07/31/2025 08:30:00 AM,20,NO CONTROLS,NO CONTROLS,UNKNOWN,UNKNOWN,PARKED MOTOR VEHICLE,ONE-WAY,,STRAIGHT AND LEVEL,UNKNOWN,NO DEFECTS,,NO INJURY / DRIVE AWAY,,,Y,"OVER $1,500",07/31/2025 02:35:00 PM,UNABLE TO DETERMINE,UNABLE TO DETERMINE,432,W,ROSCOE ST,1925,,,,,,,2,NO INDICATION OF INJURY,0,0,0,0,0,1,0,8,5,7,41.9434658597,-87.641866251,POINT (-87.641866250998 41.943465859658)
906d92dc1619c17c5b8f42e24f001a8472b2f3be77cb2788f160055137c900c74c583d07e5c200698c3a9d09988851dfad86647a8634bed54e37faf0ed482aed,,07/31/2025 08:29:00 AM,30,NO CONTROLS,NO CONTROLS,CLEAR,DAYLIGHT,REAR END,DIVIDED - W/MEDIAN (NOT RAISED),,STRAIGHT AND LEVEL,DRY,NO DEFECTS,NOT ON SCENE (DESK REPORT),NO INJURY / DRIVE AWAY,,,,"OVER $1,500",07/31/2025 09:20:00 AM,FOLLOWING TOO CLOSELY,FAILING TO REDUCE SPEED TO AVOID CRASH,3801,W,BELMONT AVE,2523,,,,,,,2,NO INDICATION OF INJURY,0,0,0,0,0,2,0,8,5,7,41.9390447905,-87.7223515775,POINT (-87.722351577503 41.939044790485)
6bde5389f5a613ab33f667b3535a0c7942c0496a27f72ffa3acad97df3c0a3e1ebfed5a4c33fa9d9dda7677f02d52ab990a7d8bd046cad65873588775281eab1,,07/31/2025 08:25:00 AM,30,NO CONTROLS,NO CONTROLS,CLEAR,DAYLIGHT,TURNING,OTHER,,STRAIGHT AND LEVEL,DRY,UNKNOWN,ON SCENE,INJURY AND / OR TOW DUE TO CRASH,,,,"OVER $1,500",07/31/2025 08:27:00 AM,UNABLE TO DETERMINE,UNABLE TO DETERMINE,4820,N,WESTERN AVE,2031,,,,,,,2,"REPORTED, NOT EVIDENT",1,0,0,0,1,2,0,8,5,7,41.9692527702,-87.6890721084,POINT (-87.689072108418 41.969252770221)
411073cb8bccc147f499796a27fbf9d41ab833a55c08f8eea364cbea0dab0d4fdab9593abbb83fd5e7085c592f1988538b87d3c58ecafffd8ff7ed481e3040b1,,07/31/2025 08:23:00 AM,30,TRAFFIC SIGNAL,FUNCTIONING IMPROPERLY,CLEAR,DAYLIGHT,ANGLE,FOUR WAY,,STRAIGHT AND LEVEL,DRY,NO DEFECTS,ON SCENE,NO INJURY / DRIVE AWAY,Y,,,"OVER $1,500",07/31/2025 08:26:00 AM,DISREGARDING TRAFFIC SIGNALS,DISREGARDING TRAFFIC SIGNALS,3000,W,VAN BUREN ST,1124,,,,,,,2,NO INDICATION OF INJURY,0,0,0,0,0,3,0,8,5,7,41.8760381715,-87.7011030232,POINT (-87.701103023191 41.876038171488)
91f29f623d30f3b22f7c0b720d41dbe8e459da0d3444c44831f0c165db5b2b28a202eec4f49a71044e282bead0ad5ae004a1fcc2f587462bc71eecb676a2366d,,07/31/2025 08:20:00 AM,30,NO CONTROLS,NO CONTROLS,CLEAR,DAYLIGHT,ANGLE,ALLEY,,STRAIGHT AND LEVEL,DRY,NO DEFECTS,NOT ON SCENE (DESK REPORT),NO INJURY / DRIVE AWAY,,,,"OVER $1,500",07/31/2025 09:00:00 AM,FAILING TO YIELD RIGHT-OF-WAY,NOT APPLICABLE,3700,S,ALBANY AVE,911,,,,,,,2,NO INDICATION OF INJURY,0,0,0,0,0,2,0,8,5,7,41.8262479264,-87.7021902565,POINT (-87.702190256505 41.826247926353)
c09745bdd6bd377b722fa539c542bfc744df549145d937932a75256e6dd0e78a210d97cd5637e0a430ea534d230aa072fd89524cc3ec9b8d86d5e0cc13a15197,,07/31/2025 08:20:00 AM,30,NO CONTROLS,NO CONTROLS,CLEAR,DAYLIGHT,REAR END,NOT DIVIDED,,STRAIGHT AND LEVEL,DRY,NO DEFECTS,NOT ON SCENE (DESK REPORT),NO INJURY / DRIVE AWAY,,,,"OVER $1,500",08/09/2025 12:02:00 PM,UNABLE TO DETERMINE,UNABLE TO DETERMINE,4757,W,79TH ST,834,,,,,,,2,NO INDICATION OF INJURY,0,0,0,0,0,2,0,8,5,7,41.7490422509,-87.7412082506,POINT (-87.741208250579 41.749042250864)
9eaa1205d85683f69aaeb8b794af2d60420068e72dc15189751543c24daa518d9eb1e4a8a7200b705e7d23d2f3b4be933f2daf119bba5dddbf38de3a8b5b88c0,,07/31/2025 08:15:00 AM,30,TRAFFIC SIGNAL,FUNCTIONING PROPERLY,CLEAR,DAYLIGHT,REAR END,NOT DIVIDED,,STRAIGHT AND LEVEL,DRY,NO DEFECTS,ON SCENE,INJURY AND / OR TOW DUE TO CRASH,Y,,,"OVER $1,500",07/31/2025 08:15:00 AM,UNABLE TO DETERMINE,UNABLE TO DETERMINE,5757,N,MILWAUKEE AVE,1622,,,,,,,2,NO INDICATION OF INJURY,0,0,0,0,0,2,0,8,5,7,41.9861942001,-87.7771683005,POINT (-87.777168300464 41.986194200086)
c2f4456e26e3864f6f86e38e65623a58b8aaea3d8d6eae197ae39133e5993a03522e21fb4dee1aa69317805d574fe672cb50835e588fbb992651fbeae6cb6da4,,07/31/2025 08:15:00 AM,35,STOP SIGN/FLASHER,FUNCTIONING PROPERLY,CLEAR,DAYLIGHT,REAR END,NOT DIVIDED,,STRAIGHT AND LEVEL,DRY,NO DEFECTS,ON SCENE,INJURY AND / OR TOW DUE TO CRASH,Y,,,"OVER $1,500",07/31/2025 08:18:00 AM,FAILING TO REDUCE SPEED TO AVOID CRASH,NOT APPLICABLE,900,W,111TH ST,2234,,,,,,,2,NONINCAPACITATING INJURY,4,0,0,3,1,0,0,8,5,7,41.692436189,-87.6448778144,POINT (-87.644877814431 41.692436188996)
92766763ed784df6522f7641fa9f2ed55c4ae892004c2bb262d21ca5f44d50d32f3ef2ef46cfecfd9259b62f3b6b73af3ecc3ab3d35668d6b33aead024dd795f,,07/31/2025 08:05:00 AM,30,TRAFFIC SIGNAL,FUNCTIONING PROPERLY,CLEAR,DAYLIGHT,TURNING,DIVIDED - W/MEDIAN (NOT RAISED),,STRAIGHT AND LEVEL,DRY,NO DEFECTS,ON SCENE,NO INJURY / DRIVE AWAY,,,Y,"OVER $1,500",07/31/2025 08:13:00 AM,UNABLE TO DETERMINE,FAILING TO REDUCE SPEED TO AVOID CRASH,2398,W,ARMITAGE AVE,1432,,,,,,,2,NO INDICATION OF INJURY,0,0,0,0,0,2,0,8,5,7,41.9176776048,-87.6873862389,POINT (-87.68738623885 41.917677604798)
b08f814e5fc41adc1ec7790a7630d26c523b17b43eb38c0a34da1249e0159e841de9d47f70c0594aabbd01a45fffcfca4dcd4cd8d4471ff91e795f29510a45ff,,07/31/2025 08:05:00 AM,30,NO CONTROLS,NO CONTROLS,CLEAR,DAYLIGHT,PEDALCYCLIST,ALLEY,,STRAIGHT AND LEVEL,DRY,NO DEFECTS,ON SCENE,INJURY AND / OR TOW DUE TO CRASH,,,,"OVER $1,500",07/31/2025 08:10:00 AM,UNABLE TO DETERMINE,NOT APPLICABLE,720,W,GRAND AVE,1214,,,,,,,2,"REPORTED, NOT EVIDENT",1,0,0,0,1,1,0,8,5,7,41.8913064111,-87.6467262766,POINT (-87.646726276646 41.891306411081)
d23dbe40cc583402e9d8acf938f057420b4849f5a79fccc608558816cd4a01668454f8c8930743759f7e582808dd908212e2c43240d0818203f3110442f44be5,,07/31/2025 07:59:00 AM,25,NO CONTROLS,NO CONTROLS,CLEAR,DAYLIGHT,SIDESWIPE SAME DIRECTION,ONE-WAY,,STRAIGHT AND LEVEL,DRY,NO DEFECTS,NOT ON SCENE (DESK REPORT),NO INJURY / DRIVE AWAY,,,,"OVER $1,500",07/31/2025 08:00:00 AM,IMPROPER LANE USAGE,NOT APPLICABLE,5,W,TERMINAL ST,1655,,,,,,,2,NO INDICATION OF INJURY,0,0,0,0,0,2,0,7,5,7,,,
6b4ec336e37f41f1a4ad4f940760289d307a9c9b135ae9c359cc542f29c02649181a8be735b205d7ba3c91eaca9d44ec4fbcfa93405184aaafb969a6fe950336,,07/31/2025 07:50:00 AM,30,NO CONTROLS,NO CONTROLS,CLEAR,DAYLIGHT,REAR END,NOT DIVIDED,,STRAIGHT AND LEVEL,DRY,NO DEFECTS,NOT ON SCENE (DESK REPORT),NO INJURY / DRIVE AWAY,,,,"OVER $1,500",07/31/2025 08:09:00 AM,FOLLOWING TOO CLOSELY,FOLLOWING TOO CLOSELY,6928,S,PULASKI RD,833,,,,,,,2,NO INDICATION OF INJURY,0,0,0,0,0,2,0,7,5,7,41.7668675761,-87.7226100366,POINT (-87.722610036598 41.766867576116)
c0924aec4d1e27657cbef2d69e6c7ae0dc2fd9bdcfd47c176e0005fbb5f003350963d79b36476313d48c0e686d3928ac10a487ce84badfa6fdc08825267999d8,,07/31/2025 07:50:00 AM,30,UNKNOWN,UNKNOWN,CLEAR,DAYLIGHT,REAR END,ONE-WAY,,STRAIGHT AND LEVEL,UNKNOWN,UNKNOWN,NOT ON SCENE (DESK REPORT),NO INJURY / DRIVE AWAY,,,,"OVER $1,500",07/31/2025 03:50:00 PM,UNABLE TO DETERMINE,UNABLE TO DETERMINE,300,E,ILLINOIS ST,1834,,,,,,,2,NO INDICATION OF INJURY,0,0,0,0,0,2,0,7,5,7,41.8911138819,-87.6201994176,POINT (-87.620199417551 41.89111388192)
f22116d639ff8a54f98d3582448e56054167e23cf81a16dff15db8dfa6e402aca6980dcab32923ff412611d5c5fc767ad3275e87b62ca0dee467b73c95035883,,07/31/2025 07:45:00 AM,30,NO CONTROLS,NO CONTROLS,CLEAR,DAYLIGHT,FIXED OBJECT,DIVIDED - W/MEDIAN (NOT RAISED),,STRAIGHT AND LEVEL,DRY,NO DEFECTS,ON SCENE,INJURY AND / OR TOW DUE TO CRASH,,,,"OVER $1,500",07/31/2025 08:00:00 AM,UNABLE TO DETERMINE,NOT APPLICABLE,3,E,103RD ST,512,,,,,,,1,NONINCAPACITATING INJURY,1,0,0,1,0,0,0,7,5,7,41.7070571166,-87.6233715477,POINT (-87.623371547691 41.707057116636)
b288b8f2ee4cf3d1e6bb4ba0244ae3e7d4ef20f64458f4537cbcd31f9a67758c7b46e0505a46ba51dc686fff3bf7a6900e8497368b676cd64ef6d1e588def1a0,Y,07/31/2025 07:43:00 AM,30,NO CONTROLS,NO CONTROLS,CLEAR,DAYLIGHT,PARKED MOTOR VEHICLE,ONE-WAY,,STRAIGHT AND LEVEL,DRY,NO DEFECTS,ON SCENE,NO INJURY / DRIVE AWAY,,,,$500 OR LESS,07/31/2025 07:43:00 AM,EQUIPMENT - VEHICLE CONDITION,UNABLE TO DETERMINE,439,E,82ND ST,631,,,,,,,2,NO INDICATION OF INJURY,0,0,0,0,0,2,0,7,5,7,41.745552622,-87.6132243523,POINT (-87.613224352281 41.745552622013)
a0d0f31f44a5f703d816cf80223dbfc162154b8e23bf3f6a26130e4cc58919a6e5283376beaa23f4fb8bc89fe546fb9eee6d809a7098b1bc68cc65d1682ebf87,,07/31/2025 07:42:00 AM,30,TRAFFIC SIGNAL,FUNCTIONING PROPERLY,CLEAR,DAYLIGHT,REAR END,NOT DIVIDED,,STRAIGHT AND LEVEL,DRY,NO DEFECTS,ON SCENE,INJURY AND / OR TOW DUE TO CRASH,,,,"OVER $1,500",07/31/2025 07:50:00 AM,UNABLE TO DETERMINE,UNABLE TO DETERMINE,3053,W,GRAND AVE,1211,,,,,,,3,"REPORTED, NOT EVIDENT",1,0,0,0,1,3,0,7,5,7,41.8968584868,-87.7033057526,POINT (-87.703305752632 41.896858486802)
5895d8e3da5e7e289afd4df3b597a8f1f3f62fa6d0c4d5d732105f73334617d3cc0221840b0489298e6ea0b8aa12f8c73cd03569ee04d4023bf29a621dfbe4ce,Y,07/31/2025 07:30:00 AM,30,NO CONTROLS,NO CONTROLS,CLEAR,DAYLIGHT,PARKED MOTOR VEHICLE,PARKING LOT,,STRAIGHT AND LEVEL,DRY,NO DEFECTS,NOT ON SCENE (DESK REPORT),NO INJURY / DRIVE AWAY,,,,$500 OR LESS,08/08/2025 04:00:00 PM,UNABLE TO DETERMINE,NOT APPLICABLE,1620,W,HARRISON ST,1231,,,,,,,2,NO INDICATION OF INJURY,0,0,0,0,0,1,0,7,5,7,41.8742961615,-87.6676128105,POINT (-87.667612810518 41.8742961615)
7e67a9b1c71279e7c3153b86e0f266a4f20cc78cfc8a7fa97db7c1ff4bcf31a06989095b244197372434dcd6e462db8015727f2d58cdf0cc826bccf525861a0a,Y,07/31/2025 07:15:00 AM,30,TRAFFIC SIGNAL,FUNCTIONING PROPERLY,CLEAR,DAYLIGHT,PEDESTRIAN,FOUR WAY,,STRAIGHT AND LEVEL,DRY,UNKNOWN,ON SCENE,INJURY AND / OR TOW DUE TO CRASH,Y,,,$500 OR LESS,07/31/2025 07:17:00 AM,FAILING TO YIELD RIGHT-OF-WAY,NOT APPLICABLE,5600,W,MONTROSE AVE,1622,,Y,,,,,2,NONINCAPACITATING INJURY,1,0,0,1,0,1,0,7,5,7,41.9605934955,-87.7673062651,POINT (-87.767306265052 41.960593495452)
86f34e92cdbde688c82be10f2d73fd2fde79bb8645bb3a34e425f26644b687cd4e7a52efafde1c6bf377e43087c7b02313fd148852fe13436586333f78096747,,07/31/2025 07:05:00 AM,20,NO CONTROLS,NO CONTROLS,UNKNOWN,DAYLIGHT,OTHER OBJECT,ALLEY,,STRAIGHT AND LEVEL,UNKNOWN,UNKNOWN,NOT ON SCENE (DESK REPORT),NO INJURY / DRIVE AWAY,,Y,,"OVER $1,500",08/06/2025 03:15:00 PM,UNABLE TO DETERMINE,NOT APPLICABLE,3415,W,PARKER AVE,1412,,,,,,,1,NO INDICATION OF INJURY,0,0,0,0,0,1,0,7,5,7,41.930947815,-87.7129273431,POINT (-87.712927343082 41.930947814974)
34ab88e56b890a0bb277e46ee91cb23d8e81f44315578fb6cbb9b36b94e210fef80449b6bce8d2cb6df9524be78a293d83a6a587cfbe2648860b3dcc02638070,,07/31/2025 07:00:00 AM,35,NO CONTROLS,NO CONTROLS,CLEAR,DAYLIGHT,TURNING,NOT DIVIDED,,STRAIGHT AND LEVEL,DRY,NO DEFECTS,ON SCENE,NO INJURY / DRIVE AWAY,,,,"OVER $1,500",07/31/2025 07:05:00 AM,IMPROPER OVERTAKING/PASSING,NOT APPLICABLE,10433,S,KEDZIE AVE,2211,,,,,,,2,NO INDICATION OF INJURY,0,0,0,0,0,2,0,7,5,7,41.7033567719,-87.7011000013,POINT (-87.701100001325 41.703356771864)
6d8128fc7df4e41d7f28866f0b64b541e2335da0ba79798b1664eebc9eb2dca42513638bc0a8ab8e5218f8e8d780314ce6726f55eeb1c50ec5208741c6bcd68b,,07/31/2025 07:00:00 AM,30,NO CONTROLS,NO CONTROLS,CLEAR,DAYLIGHT,PARKED MOTOR VEHICLE,ONE-WAY,,STRAIGHT AND LEVEL,UNKNOWN,UNKNOWN,NOT ON SCENE (DESK REPORT),NO INJURY / DRIVE AWAY,,,,"$501 - $1,500",07/31/2025 09:15:00 AM,UNABLE TO DETERMINE,NOT APPLICABLE,7152,S,LAFAYETTE AVE,731,,,,,,,2,NO INDICATION OF INJURY,0,0,0,0,0,1,0,7,5,7,41.7638695931,-87.6266723514,POINT (-87.626672351417 41.763869593131)
fb35d622d310530d57e667bbd5cfe256dc0052c230da768897c62d227f22cf2bc28fdb568b5dc55d3d868ba46900ebe3f60b961fb3abfdf9b9d53f808210b4d9,,07/31/2025 07:00:00 AM,25,NO CONTROLS,NO CONTROLS,CLEAR,DAYLIGHT,PARKED MOTOR VEHICLE,ONE-WAY,,STRAIGHT AND LEVEL,DRY,NO DEFECTS,NOT ON SCENE (DESK REPORT),NO INJURY / DRIVE AWAY,,,,"OVER $1,500",07/31/2025 08:16:00 PM,FAILING TO REDUCE SPEED TO AVOID CRASH,NOT APPLICABLE,6354,S,KILPATRICK AVE,813,,,,,,,2,NO INDICATION OF INJURY,0,0,0,0,0,1,0,7,5,7,41.776839304,-87.7399474381,POINT (-87.739947438139 41.77683930401)
7748d197a9443edad4acf3c14607641b391be44d9af5b9c0c526609419e3fa455a07194a795d9c42cc4aecb8ee1fc7712aa96ddb4ec0ad61405acaeb15ecbb35,,07/31/2025 06:50:00 AM,10,NO CONTROLS,NO CONTROLS,CLEAR,DAWN,ANIMAL,OTHER,,STRAIGHT AND LEVEL,DRY,NO DEFECTS,NOT ON SCENE (DESK REPORT),INJURY AND / OR TOW DUE TO CRASH,,,,"OVER $1,500",07/31/2025 03:00:00 PM,NOT APPLICABLE,NOT APPLICABLE,6005,N,WEST CIRCLE AVE,1612,,,,,,,4,NONINCAPACITATING INJURY,2,0,0,2,0,2,0,6,5,7,41.9900711527,-87.8034744729,POINT (-87.803474472947 41.990071152682)
b2bdbcccc9c83fb18f3411a4fd6d40929f9585cb877d72fe2699c6ab0602075aefc47eb2ed61a19250b87463ca9d740b3183cea402a574be277e7d2d613d877d,,07/31/2025 06:45:00 AM,30,NO CONTROLS,NO CONTROLS,CLEAR,DAYLIGHT,ANGLE,ALLEY,,STRAIGHT AND LEVEL,DRY,UNKNOWN,ON SCENE,NO INJURY / DRIVE AWAY,,,,"OVER $1,500",07/31/2025 06:46:00 AM,NOT APPLICABLE,NOT APPLICABLE,4813,N,AVERS AVE,1712,,,,,,,2,NO INDICATION OF INJURY,0,0,0,0,0,2,0,6,5,7,41.9687763229,-87.7242710406,POINT (-87.724271040582 41.968776322885)
00c6f33d8594a7264bb77ee6faa9fd8b97b01d3241701b12ed3cc2a12d9a4c347707a47710cb9994906e177b73c7a8e734d9ece37fae6fdd9793ee7d418d9975,,07/31/2025 06:25:00 AM,30,TRAFFIC SIGNAL,UNKNOWN,UNKNOWN,DAYLIGHT,REAR END,NOT DIVIDED,,STRAIGHT AND LEVEL,DRY,UNKNOWN,,NO INJURY / DRIVE AWAY,,,,"OVER $1,500",07/31/2025 07:17:00 AM,FOLLOWING TOO CLOSELY,DRIVING SKILLS/KNOWLEDGE/EXPERIENCE,5101,S,CICERO AVE,815,,,,,,,2,NO INDICATION OF INJURY,0,0,0,0,0,2,0,6,5,7,41.8002455949,-87.742810522,POINT (-87.742810521987 41.800245594931)
f6feebd7191a146f386b2558dd776a01415956b7f1340c8843d2342814a37273dd802aa3ea66c67ffd1c06b1af90a548c7659f8cd6b171c02543e52879ca38cf,,07/31/2025 05:40:00 AM,30,NO CONTROLS,NO CONTROLS,UNKNOWN,DAWN,PARKED MOTOR VEHICLE,NOT DIVIDED,,STRAIGHT AND LEVEL,UNKNOWN,UNKNOWN,NOT ON SCENE (DESK REPORT),NO INJURY / DRIVE AWAY,,,Y,"OVER $1,500",07/31/2025 04:40:00 PM,UNABLE TO DETERMINE,UNABLE TO DETERMINE,1812,N,MERRIMAC AVE,2513,,,,,,,2,NO INDICATION OF INJURY,0,0,0,0,0,1,0,5,5,7,41.9132606251,-87.7813174906,POINT (-87.781317490559 41.913260625117)
393f33d20b2d4646915838d926e1f2534e376dac3474c0dc632415406b5010435e49acad2900a1536478891b2822957dbe8e98c344ba0a5a928329f5b837dbff,,07/31/2025 04:40:00 AM,30,NO CONTROLS,NO CONTROLS,CLEAR,"DARKNESS, LIGHTED ROAD",PARKED MOTOR VEHICLE,NOT DIVIDED,,STRAIGHT AND LEVEL,WET,NO DEFECTS,ON SCENE,INJURY AND / OR TOW DUE TO CRASH,,,,"OVER $1,500",07/31/2025 04:47:00 AM,UNABLE TO DETERMINE,UNABLE TO DETERMINE,1035,W,MONTROSE AVE,1915,,,,,,,2,NO INDICATION OF INJURY,0,0,0,0,0,1,0,4,5,7,41.961646462,-87.6562835689,POINT (-87.656283568885 41.961646462012)