CRASH_RECORD_ID,CRASH_DATE_EST_I,CRASH_DATE,POSTED_SPEED_LIMIT,TRAFFIC_CONTROL_DEVICE,DEVICE_CONDITION,WEATHER_CONDITION,LIGHTING_CONDITION,FIRST_CRASH_TYPE,TRAFFICWAY_TYPE,LANE_CNT,ALIGNMENT,ROADWAY_SURFACE_COND,ROAD_DEFECT,REPORT_TYPE,CRASH_TYPE,INTERSECTION_RELATED_I,NOT_RIGHT_OF_WAY_I,HIT_AND_RUN_I,DAMAGE,DATE_POLICE_NOTIFIED,PRIM_CONTRIBUTORY_CAUSE,SEC_CONTRIBUTORY_CAUSE,STREET_NO,STREET_DIRECTION,STREET_NAME,BEAT_OF_OCCURRENCE,PHOTOS_TAKEN_I,STATEMENTS_TAKEN_I,DOORING_I,WORK_ZONE_I,WORK_ZONE_TYPE,WORKERS_PRESENT_I,NUM_UNITS,MOST_SEVERE_INJURY,INJURIES_TOTAL,INJURIES_FATAL,INJURIES_INCAPACITATING,INJURIES_NON_INCAPACITATING,INJURIES_REPORTED_NOT_EVIDENT,INJURIES_NO_INDICATION,INJURIES_UNKNOWN,CRASH_HOUR,CRASH_DAY_OF_WEEK,CRASH_MONTH,LATITUDE,LONGITUDE,LOCATION
e6432362444e6b1b33ca25200f81931f1453c0a2b6a11223532cd5924cd5ea8489e536ac57909177f3ea7c1398de5f1be7f5061dfacda5ece6062c88f59ac34e,,07/31/2025 04:06:00 AM,30,TRAFFIC SIGNAL,FUNCTIONING PROPERLY,CLEAR,"DARKNESS, LIGHTED ROAD",REAR END,DIVIDED - W/MEDIAN BARRIER,,STRAIGHT AND LEVEL,DRY,NO DEFECTS,NOT ON SCENE (DESK REPORT),NO INJURY / DRIVE AWAY,Y,,,"OVER $1,500",08/05/2025 05:00:00 PM,FOLLOWING TOO CLOSELY,UNABLE TO DETERMINE,6300,S,CICERO AVE,813,,,,,,,2,NO INDICATION OF INJURY,0,0,0,0,0,2,0,4,5,7,41.7783353905,-87.7424364942,POINT (-87.74243649416 41.778335390453)
2494e3f03d456672d4482c324c7e825cfee43a8c5275a3b1f9be014dcf8f8c79c28162feada525939266d6bd43fd6009383fc704ff04b87aedfdeb55c800d346,,07/31/2025 04:00:00 AM,30,TRAFFIC SIGNAL,FUNCTIONING PROPERLY,CLEAR,"DARKNESS, LIGHTED ROAD",ANGLE,NOT DIVIDED,,STRAIGHT AND LEVEL,WET,NO DEFECTS,ON SCENE,INJURY AND / OR TOW DUE TO CRASH,Y,,Y,"OVER $1,500",07/31/2025 04:04:00 AM,FAILING TO YIELD RIGHT-OF-WAY,NOT APPLICABLE,5501,S,HARLEM AVE,811,,,,,,,2,NO INDICATION OF INJURY,0,0,0,0,0,2,0,4,5,7,41.7918520654,-87.8013777989,POINT (-87.801377798929 41.79185206544)
98078781b03dfc88ea9bc61459263ba070046c414f5070b42255f33df82b1f362320f6c5b34f0b8176b1984aff4386a008d6fd2f15aee7f06858f3640cbb3f74,,07/31/2025 03:30:00 AM,30,NO CONTROLS,NO CONTROLS,UNKNOWN,"DARKNESS, LIGHTED ROAD",HEAD ON,DRIVEWAY,,STRAIGHT AND LEVEL,UNKNOWN,UNKNOWN,NOT ON SCENE (DESK REPORT),NO INJURY / DRIVE AWAY,,,Y,"OVER $1,500",07/31/2025 06:32:00 PM,UNABLE TO DETERMINE,UNABLE TO DETERMINE,2959,W,FULTON ST,1222,,,,,,,2,NO INDICATION OF INJURY,0,0,0,0,0,2,0,3,5,7,41.8863732309,-87.701234307,POINT (-87.701234306969 41.886373230918)
297eee5024aaaad339324ca0343567c81240a8f29c1e0f9fd964adc7036bb851ecb6e4a566f366187d8e63344714a2de063f5c680d7a585e3ba7f19ef92f1fe7,N,07/31/2025 03:00:00 AM,25,NO CONTROLS,NO CONTROLS,RAIN,"DARKNESS, LIGHTED ROAD",PARKED MOTOR VEHICLE,ONE-WAY,,STRAIGHT AND LEVEL,WET,NO DEFECTS,ON SCENE,INJURY AND / OR TOW DUE TO CRASH,,,Y,"$501 - $1,500",07/31/2025 03:06:00 AM,DRIVING ON WRONG SIDE/WRONG WAY,DRIVING SKILLS/KNOWLEDGE/EXPERIENCE,2621,N,MERRIMAC AVE,2512,,,,,,,3,NO INDICATION OF INJURY,0,0,0,0,0,4,0,3,5,7,41.9280549096,-87.7817940791,POINT (-87.78179407912 41.928054909588)
1d35f5dd48b118559edb099fc0107d3685a71e4249761a13b0011a1ad15b82e2da7d478af79be2dd2bfd94a7f6abec3b2b499d843d67887ebb6317dc644af40c,,07/31/2025 02:50:00 AM,30,NO CONTROLS,NO CONTROLS,RAIN,"DARKNESS, LIGHTED ROAD",PARKED MOTOR VEHICLE,NOT DIVIDED,,STRAIGHT AND LEVEL,WET,UNKNOWN,ON SCENE,INJURY AND / OR TOW DUE TO CRASH,,,,"$501 - $1,500",07/31/2025 02:52:00 AM,UNABLE TO DETERMINE,DRIVING SKILLS/KNOWLEDGE/EXPERIENCE,6718,S,RACINE AVE,724,,N,,,,,2,NO INDICATION OF INJURY,0,0,0,0,0,1,0,2,5,7,41.7717317496,-87.6544420803,POINT (-87.654442080273 41.7717317496)
2c590cd49673b6cef66e6926dda3e05cc882a02eedd7f71becc05e54b3fdf46750b3993f366bf41fedce2c955afeb621a848ec26c2d78d047288565dcaa7a2e2,Y,07/31/2025 02:30:00 AM,30,NO CONTROLS,NO CONTROLS,UNKNOWN,UNKNOWN,PARKED MOTOR VEHICLE,NOT DIVIDED,,STRAIGHT AND LEVEL,UNKNOWN,UNKNOWN,NOT ON SCENE (DESK REPORT),NO INJURY / DRIVE AWAY,,,Y,"OVER $1,500",07/31/2025 10:15:00 AM,FOLLOWING TOO CLOSELY,NOT APPLICABLE,4921,N,PULASKI RD,1712,,,,,,,2,NO INDICATION OF INJURY,0,0,0,0,0,1,0,2,5,7,41.9707220629,-87.72795229,POINT (-87.727952289995 41.97072206289)
3a841faa42352d835df24d74d0bea4c90cc620240ccc1f805667beb797cca07f6df91c4d44623d84ad521216e3dcbcf24af6727a3b587f4ab40177a97302386f,Y,07/31/2025 02:00:00 AM,30,NO CONTROLS,NO CONTROLS,CLEAR,DARKNESS,PARKED MOTOR VEHICLE,NOT DIVIDED,,STRAIGHT AND LEVEL,DRY,NO DEFECTS,ON SCENE,INJURY AND / OR TOW DUE TO CRASH,,,Y,"OVER $1,500",07/31/2025 05:40:00 AM,UNABLE TO DETERMINE,NOT APPLICABLE,1228,W,49TH ST,933,,,,,,,4,NO INDICATION OF INJURY,0,0,0,0,0,1,0,2,5,7,41.8051864434,-87.6563086747,POINT (-87.656308674668 41.805186443427)
fb528f5ad3107c61b48744afc03585f6ec96c8cecf1ef1cfcca9b77e65186bbf65d1cf6243c85beee6dc8dd8bb6bc3458fa462ead4d3517313f4d831020d379c,,07/31/2025 02:00:00 AM,30,TRAFFIC SIGNAL,UNKNOWN,UNKNOWN,UNKNOWN,SIDESWIPE SAME DIRECTION,NOT DIVIDED,,STRAIGHT AND LEVEL,UNKNOWN,UNKNOWN,ON SCENE,INJURY AND / OR TOW DUE TO CRASH,,,,"OVER $1,500",07/31/2025 02:05:00 AM,UNABLE TO DETERMINE,NOT APPLICABLE,7100,S,JEFFERY BLVD,333,,,,,,,2,NONINCAPACITATING INJURY,2,0,0,2,0,2,0,2,5,7,41.7660277795,-87.5764431228,POINT (-87.576443122779 41.766027779516)
3de6288cee77962d4cf78221685e905da5842c96f36724ce03a9b717737bf1e01fc960f2027fc7ea8e9ae03902e408bc668fb81e3a06b02692f81273bd0b9e70,,07/31/2025 01:38:00 AM,30,UNKNOWN,UNKNOWN,RAIN,DARKNESS,ANGLE,DIVIDED - W/MEDIAN (NOT RAISED),,STRAIGHT AND LEVEL,WET,UNKNOWN,ON SCENE,NO INJURY / DRIVE AWAY,,,,"OVER $1,500",07/31/2025 01:40:00 AM,FAILING TO YIELD RIGHT-OF-WAY,NOT APPLICABLE,4900,S,CICERO AVE,814,,,,,,,2,NO INDICATION OF INJURY,0,0,0,0,0,2,0,1,5,7,41.8038771466,-87.7432043372,POINT (-87.743204337182 41.803877146599)
dc934a99ef18d8fe1e544467a31407cf2af96239a99b20e64895de56e7def76cac0d60885d640fc7c2d58453dbd8543bad6bff3c448e3b91f1c4af341f62e6e9,,07/31/2025 01:15:00 AM,30,STOP SIGN/FLASHER,FUNCTIONING PROPERLY,RAIN,"DARKNESS, LIGHTED ROAD",ANGLE,NOT DIVIDED,,STRAIGHT AND LEVEL,WET,NO DEFECTS,,INJURY AND / OR TOW DUE TO CRASH,Y,,Y,"OVER $1,500",07/31/2025 01:19:00 AM,UNABLE TO DETERMINE,UNABLE TO DETERMINE,10200,S,PARNELL AVE,2232,,,,,,,2,"REPORTED, NOT EVIDENT",3,0,0,0,3,2,0,1,5,7,41.708734694,-87.6369577048,POINT (-87.636957704824 41.708734694021)
f3355250149ee4c965282d0e8aeba8e2da1c282144d2056c414d0b201364cbec3f1b50b11a892f31503b8bbbb3bc0f93939457f441be34232afb2923ba24a536,N,07/31/2025 01:00:00 AM,30,NO CONTROLS,NO CONTROLS,CLEAR,DAYLIGHT,PARKED MOTOR VEHICLE,ONE-WAY,,STRAIGHT AND LEVEL,DRY,NO DEFECTS,NOT ON SCENE (DESK REPORT),NO INJURY / DRIVE AWAY,,,Y,"OVER $1,500",08/01/2025 01:45:00 PM,UNABLE TO DETERMINE,UNABLE TO DETERMINE,4520,N,MOZART ST,1724,,,,,,,2,NO INDICATION OF INJURY,0,0,0,0,0,1,0,1,5,7,41.9636774055,-87.6999100954,POINT (-87.699910095377 41.963677405516)
16d3c8f296ba3bae380da7f9d4b81f5dd53d805f4b9122327071c1e15186a9da72a6e51e5fc27a6b74ae195db6a0f351f1fd6da480e43aad7c69b0bc4a8522c9,,07/31/2025 12:59:00 AM,30,STOP SIGN/FLASHER,NO CONTROLS,RAIN,"DARKNESS, LIGHTED ROAD",REAR END,DIVIDED - W/MEDIAN (NOT RAISED),,STRAIGHT AND LEVEL,WET,NO DEFECTS,NOT ON SCENE (DESK REPORT),NO INJURY / DRIVE AWAY,Y,,N,"OVER $1,500",07/31/2025 01:40:00 AM,FOLLOWING TOO CLOSELY,FAILING TO YIELD RIGHT-OF-WAY,4098,W,AUGUSTA BLVD,1111,,,,,,,2,NO INDICATION OF INJURY,0,0,0,0,0,3,0,0,5,7,41.8990884988,-87.7285945918,POINT (-87.728594591821 41.899088498833)
705758c64ffaa945a96b20a6e65999e69c4f693df7e5ac2dfe542d97973e261fa6a7a269944449b2675a8128fae40242f4072c60d336a32c20522c1fa3fdd7a6,,07/31/2025 12:41:00 AM,10,NO CONTROLS,UNKNOWN,RAIN,"DARKNESS, LIGHTED ROAD",PARKED MOTOR VEHICLE,ALLEY,,STRAIGHT AND LEVEL,WET,NO DEFECTS,ON SCENE,INJURY AND / OR TOW DUE TO CRASH,,,Y,$500 OR LESS,07/31/2025 02:23:00 AM,IMPROPER TURNING/NO SIGNAL,NOT APPLICABLE,5432,S,KILBOURN AVE,815,,,,,,,3,NONINCAPACITATING INJURY,1,0,0,1,0,1,0,0,5,7,41.7938817386,-87.7355852127,POINT (-87.735585212718 41.793881738552)
0c851eef04c8f16f46d9fd886e9c4e831acc9a6da2d5b4716eaa21d0be287c54f7b21a5bb530f66d7a151d6664ee15865a0f345fbbeb41a73b49dde2e74a213b,,07/31/2025 12:30:00 AM,30,NO CONTROLS,NO CONTROLS,CLEAR,"DARKNESS, LIGHTED ROAD",PARKED MOTOR VEHICLE,NOT DIVIDED,,STRAIGHT AND LEVEL,WET,NO DEFECTS,ON SCENE,NO INJURY / DRIVE AWAY,,,Y,"$501 - $1,500",07/31/2025 02:33:00 AM,FOLLOWING TOO CLOSELY,FOLLOWING TOO CLOSELY,2800,W,FULTON ST,1222,,,,,,,3,NO INDICATION OF INJURY,0,0,0,0,0,1,0,0,5,7,41.8866462303,-87.696558136,POINT (-87.696558136009 41.886646230299)
96f61ec67dc864fff682bfb4183c573507077d2e99eae2044e45bae49683cec639db15be0e7c4a9e27c45fd52294cd7be243c84fafd1b0aef39724f487e4753b,,07/31/2025 12:30:00 AM,30,NO CONTROLS,NO CONTROLS,RAIN,"DARKNESS, LIGHTED ROAD",PARKED MOTOR VEHICLE,ONE-WAY,,STRAIGHT AND LEVEL,WET,NO DEFECTS,ON SCENE,INJURY AND / OR TOW DUE TO CRASH,,,,"OVER $1,500",07/31/2025 02:17:00 AM,"EVASIVE ACTION DUE TO ANIMAL, OBJECT, NONMOTORIST",DISTRACTION - FROM OUTSIDE VEHICLE,7259,S,LAFLIN ST,734,,,,,,,2,NO INDICATION OF INJURY,0,0,0,0,0,1,0,0,5,7,41.761346082,-87.6619610883,POINT (-87.661961088293 41.761346082021)
bc8363ffe69a96ff64f71458393d7ee81ec2c5884be26b934cf9467dcef074548bc4928bfe4e9f0c80a3fa87f1734fd231a03d8e8562d1d475bf7eca99f798ba,,07/31/2025 12:29:00 AM,30,TRAFFIC SIGNAL,FUNCTIONING PROPERLY,RAIN,"DARKNESS, LIGHTED ROAD",TURNING,Y-INTERSECTION,,STRAIGHT AND LEVEL,WET,NO DEFECTS,ON SCENE,INJURY AND / OR TOW DUE TO CRASH,Y,,,"OVER $1,500",07/31/2025 12:29:00 AM,DISREGARDING TRAFFIC SIGNALS,DISREGARDING TRAFFIC SIGNALS,3200,W,BELMONT AVE,1733,,,,,,,2,"REPORTED, NOT EVIDENT",1,0,0,0,1,1,0,0,5,7,41.9394405612,-87.7077185163,POINT (-87.707718516309 41.939440561174)
ef566a838b086e911b009c3c3a27734529e8c5c39dcd14773d2307c60556d47f553602b0827cd22f5b4d5da5647427f637e8dad5eaa0c3d7519690101cb62b41,,07/31/2025 12:29:00 AM,30,TRAFFIC SIGNAL,FUNCTIONING PROPERLY,RAIN,DARKNESS,REAR END,DIVIDED - W/MEDIAN (NOT RAISED),,STRAIGHT AND LEVEL,DRY,NO DEFECTS,NOT ON SCENE (DESK REPORT),NO INJURY / DRIVE AWAY,,,Y,"OVER $1,500",08/01/2025 12:51:00 AM,FOLLOWING TOO CLOSELY,FOLLOWING TOO CLOSELY,1212,S,MICHIGAN AVE,131,,,,,,,2,NO INDICATION OF INJURY,0,0,0,0,0,2,0,0,5,7,41.8670614529,-87.6242915566,POINT (-87.624291556574 41.867061452934)
313d2c3a94d92d013371e08974ff39d639b15a200fc18a072b1b4357d1410d50c362cdd702b228c7e48c74fed092743f51a3448b0424d6e419c026d8058d0b48,,07/31/2025 12:04:00 AM,30,NO CONTROLS,OTHER,RAIN,"DARKNESS, LIGHTED ROAD",REAR END,DIVIDED - W/MEDIAN BARRIER,,STRAIGHT AND LEVEL,WET,NO DEFECTS,ON SCENE,NO INJURY / DRIVE AWAY,,,,"OVER $1,500",07/31/2025 12:04:00 AM,IMPROPER OVERTAKING/PASSING,IMPROPER LANE USAGE,15,N,MICHIGAN AVE,114,,,,,,,2,NO INDICATION OF INJURY,0,0,0,0,0,2,0,0,5,7,41.8824647494,-87.6242330156,POINT (-87.624233015564 41.882464749447)
459a25e3c631c37e05b71895f2666c7c13e0add6f5bad3d42510823e4296fe0febc9cdabe49d5c25cdafa14d6afff63fa18fe0c583c6cd2b4f6fcfc2165ece94,Y,07/31/2025 12:01:00 AM,30,NO CONTROLS,NO CONTROLS,CLEAR,DARKNESS,PARKED MOTOR VEHICLE,NOT DIVIDED,,STRAIGHT AND LEVEL,DRY,NO DEFECTS,ON SCENE,NO INJURY / DRIVE AWAY,,,Y,"OVER $1,500",07/31/2025 07:33:00 AM,DRIVING SKILLS/KNOWLEDGE/EXPERIENCE,DRIVING SKILLS/KNOWLEDGE/EXPERIENCE,2332,N,OAK PARK AVE,2512,,,,,,,2,NO INDICATION OF INJURY,0,0,0,0,0,1,0,0,5,7,41.9221969712,-87.7953438817,POINT (-87.795343881722 41.922196971229)
9c6cc80f4c1f6c3a88266f839592a453f0a172192c3ad7c328620a881696dbc88f02634f4d486368ca9dcb8ccd20889190c11d73a6d0636ebb7cfa9e29f56575,,07/31/2025 12:01:00 AM,25,NO CONTROLS,NO CONTROLS,CLEAR,"DARKNESS, LIGHTED ROAD",PARKED MOTOR VEHICLE,ONE-WAY,,STRAIGHT AND LEVEL,DRY,NO DEFECTS,NOT ON SCENE (DESK REPORT),NO INJURY / DRIVE AWAY,,,Y,"OVER $1,500",07/31/2025 09:35:00 AM,UNABLE TO DETERMINE,NOT APPLICABLE,4844,W,PENSACOLA AVE,1624,,,,,,,2,NO INDICATION OF INJURY,0,0,0,0,0,1,0,0,5,7,41.9598980259,-87.7492871364,POINT (-87.749287136359 41.959898025861)
b047bf80044fd532887e6654e84bfb0513bcb0ec7752acfc9bfb110814528b77dc5836ce0a93565452e51d83c9d07dddb7919dafc661910f536dc7c0fd3ec778,,07/30/2025 11:45:00 PM,30,NO CONTROLS,NO CONTROLS,RAIN,"DARKNESS, LIGHTED ROAD",SIDESWIPE SAME DIRECTION,NOT DIVIDED,,STRAIGHT AND LEVEL,WET,NO DEFECTS,ON SCENE,INJURY AND / OR TOW DUE TO CRASH,,,Y,"OVER $1,500",07/31/2025 12:10:00 AM,IMPROPER OVERTAKING/PASSING,FOLLOWING TOO CLOSELY,516,W,59TH ST,711,,,,,,,2,NO INDICATION OF INJURY,0,0,0,0,0,3,0,23,4,7,41.7872509603,-87.6382460153,POINT (-87.638246015343 41.787250960336)
10a02d857819736ef124f1d2633531832fd12582a08197f59f08b5bb64f16e86eb963dcc9be1cc90a029838f39293cfeaa705698510bb216f0e59fb57580ace2,,07/30/2025 11:35:00 PM,30,NO CONTROLS,NO CONTROLS,RAIN,"DARKNESS, LIGHTED ROAD",PEDESTRIAN,NOT DIVIDED,,STRAIGHT AND LEVEL,WET,NO DEFECTS,ON SCENE,INJURY AND / OR TOW DUE TO CRASH,,,Y,$500 OR LESS,07/30/2025 11:39:00 PM,FAILING TO REDUCE SPEED TO AVOID CRASH,WEATHER,755,W,MARQUETTE RD,723,Y,,,,,,2,INCAPACITATING INJURY,1,0,1,0,0,1,0,23,4,7,41.7723638849,-87.6445268216,POINT (-87.644526821625 41.772363884943)
68af1faf2dbae0e8192d3376ee53b03a92f668db60a746a84b8447ad82d621f69a2f57e96cc5aecc78568d6d65827428b0019e016b4489c8f556236be3898ea0,,07/30/2025 11:35:00 PM,30,NO CONTROLS,NO CONTROLS,RAIN,"DARKNESS, LIGHTED ROAD",PEDESTRIAN,NOT DIVIDED,,STRAIGHT AND LEVEL,WET,NO DEFECTS,ON SCENE,INJURY AND / OR TOW DUE TO CRASH,,,Y,$500 OR LESS,07/30/2025 11:39:00 PM,FAILING TO REDUCE SPEED TO AVOID CRASH,WEATHER,755,W,MARQUETTE RD,723,Y,,,,,,2,INCAPACITATING INJURY,1,0,1,0,0,1,0,23,4,7,41.7723638849,-87.6445268216,POINT (-87.644526821625 41.772363884943)
5646fdb7a737f60c7aa851da0317b8d34b7d4b34d15ff131b25a912e0ce664190def309b4469d420ea35ad535cf13abb08a8d2acae34f8db43d912af52735cf2,,07/30/2025 11:30:00 PM,30,NO CONTROLS,NO CONTROLS,RAIN,"DARKNESS, LIGHTED ROAD",REAR END,NOT DIVIDED,,STRAIGHT AND LEVEL,WET,UNKNOWN,NOT ON SCENE (DESK REPORT),NO INJURY / DRIVE AWAY,,,,"OVER $1,500",07/30/2025 11:45:00 PM,UNABLE TO DETERMINE,UNABLE TO DETERMINE,1327,W,18TH ST,1233,,,,,,,2,NO INDICATION OF INJURY,0,0,0,0,0,2,0,23,4,7,41.857786415,-87.6600431897,POINT (-87.66004318972 41.857786415049)
b9676c79d8fdc986581db363100db55319a0d5f035c31e6f9d83de40ce4436c00a8b34f23691177a10ed5c5b515f3c74487fd287737f1f7e415e3b8f395873ef,,07/30/2025 11:30:00 PM,30,STOP SIGN/FLASHER,FUNCTIONING PROPERLY,CLEAR,"DARKNESS, LIGHTED ROAD",ANGLE,FOUR WAY,,STRAIGHT AND LEVEL,DRY,NO DEFECTS,NOT ON SCENE (DESK REPORT),NO INJURY / DRIVE AWAY,Y,,Y,"$501 - $1,500",07/31/2025 12:00:00 PM,DISREGARDING STOP SIGN,UNABLE TO DETERMINE,4332,N,LAMON AVE,1624,,,,,,,2,NO INDICATION OF INJURY,0,0,0,0,0,2,0,23,4,7,41.9598831745,-87.7500852871,POINT (-87.750085287079 41.959883174451)
2be486cee251d4b4b60fc3b3a9f7c09fa8acb1926906afd1eeb0d99d7d2f33ef04334a3fdd62f85403f9228425cc59577c86b12b02129b0df5add9153bc0ff3e,,07/30/2025 11:25:00 PM,30,TRAFFIC SIGNAL,FUNCTIONING PROPERLY,RAIN,"DARKNESS, LIGHTED ROAD",REAR END,NOT DIVIDED,,STRAIGHT AND LEVEL,WET,NO DEFECTS,NOT ON SCENE (DESK REPORT),INJURY AND / OR TOW DUE TO CRASH,,,Y,"OVER $1,500",07/30/2025 11:35:00 PM,UNABLE TO DETERMINE,UNABLE TO DETERMINE,701,W,63RD ST,723,,,,,,,2,NONINCAPACITATING INJURY,1,0,0,1,0,1,0,23,4,7,41.7796695116,-87.6428359736,POINT (-87.642835973559 41.779669511646)
caca8d0dd7499debc4962eecc0823663bd5162c1f515fbe8fd6a32f0b5856d89e98f3cd1fc807dca2d70588f531b7f7e1e8bfaf0b5edbf404a88a411b783cae0,Y,07/30/2025 11:20:00 PM,25,STOP SIGN/FLASHER,FUNCTIONING PROPERLY,CLEAR,UNKNOWN,PARKED MOTOR VEHICLE,NOT DIVIDED,,STRAIGHT AND LEVEL,DRY,NO DEFECTS,,INJURY AND / OR TOW DUE TO CRASH,,,Y,"OVER $1,500",07/31/2025 07:20:00 AM,UNABLE TO DETERMINE,UNABLE TO DETERMINE,2050,N,SHEFFIELD AVE,1811,,,,,,,4,NO INDICATION OF INJURY,0,0,0,0,0,2,0,23,4,7,41.919603779,-87.6535644408,POINT (-87.653564440818 41.919603779012)
286d409d45bba2c3fc7a44c7fad341b3fdc2d8c5969f2e00c2afd19175c6212fb330e40c32e59b3e6b7b7c0e7d764f4f3cb32fb88daac5b7c022457ff16a7cba,,07/30/2025 11:15:00 PM,30,UNKNOWN,UNKNOWN,UNKNOWN,UNKNOWN,SIDESWIPE SAME DIRECTION,NOT DIVIDED,,STRAIGHT AND LEVEL,UNKNOWN,UNKNOWN,NOT ON SCENE (DESK REPORT),NO INJURY / DRIVE AWAY,Y,,,"OVER $1,500",07/31/2025 08:06:00 PM,IMPROPER LANE USAGE,DRIVING SKILLS/KNOWLEDGE/EXPERIENCE,731,S,PLYMOUTH CT,123,,,,,,,2,NO INDICATION OF INJURY,0,0,0,0,0,3,0,23,4,7,41.8727298086,-87.6284990953,POINT (-87.628499095315 41.872729808606)
2f4c10e332d22635379c1c2a4917a5c37a08f27a05ad5cf79037870345a9af94f73f88cdc31dddefbbda971201753bc38f580b4dc0fb359c5f86cd9e2ba65233,,07/30/2025 11:02:00 PM,30,TRAFFIC SIGNAL,FUNCTIONING PROPERLY,RAIN,"DARKNESS, LIGHTED ROAD",REAR END,NOT DIVIDED,,STRAIGHT AND LEVEL,WET,NO DEFECTS,ON SCENE,INJURY AND / OR TOW DUE TO CRASH,N,,,"OVER $1,500",07/30/2025 11:05:00 PM,UNABLE TO DETERMINE,UNABLE TO DETERMINE,351,E,51ST ST,231,,,,,,,2,"REPORTED, NOT EVIDENT",1,0,0,0,1,3,0,23,4,7,41.8019762799,-87.6173240697,POINT (-87.617324069745 41.801976279893)
86a18f7df8ba7265274739dbf67b071b1925929a2b7f9d4b67d6e196240fecdc6d1eb53d53a8cc5db58c8b546daa6e12fa128f12010b5d8ed4ba4675ad96d214,N,07/30/2025 11:00:00 PM,30,TRAFFIC SIGNAL,FUNCTIONING PROPERLY,RAIN,"DARKNESS, LIGHTED ROAD",FIXED OBJECT,ONE-WAY,,STRAIGHT AND LEVEL,WET,NO DEFECTS,ON SCENE,INJURY AND / OR TOW DUE TO CRASH,,,,"OVER $1,500",07/30/2025 11:23:00 PM,UNABLE TO DETERMINE,NOT APPLICABLE,336,N,LAKE SHORE DR SB,114,,,,,,,1,"REPORTED, NOT EVIDENT",2,0,0,0,2,0,0,23,4,7,41.8875564538,-87.614286561,POINT (-87.614286561002 41.887556453813)
d98e794a6fda2395312aa1458dbc5271f617f45ff026c51259604a4453891f933b66bd89afd2d8f6e8165c5c81770a81065cb4b531dad84905dcdb38d1efbb29,,07/30/2025 11:00:00 PM,30,TRAFFIC SIGNAL,FUNCTIONING PROPERLY,CLEAR,"DARKNESS, LIGHTED ROAD",REAR END,DIVIDED - W/MEDIAN BARRIER,,STRAIGHT AND LEVEL,WET,NO DEFECTS,NOT ON SCENE (DESK REPORT),NO INJURY / DRIVE AWAY,,,,"OVER $1,500",07/31/2025 12:00:00 AM,FOLLOWING TOO CLOSELY,FOLLOWING TOO CLOSELY,1400,S,LAKE SHORE DR SB,132,,,,,,,2,NO INDICATION OF INJURY,0,0,0,0,0,2,0,23,4,7,41.8640356398,-87.6192970692,POINT (-87.619297069192 41.864035639814)
52487ea19c907c380f419ff966aefa330cebb31a05645b856c0dbb351d95cf0bb21a539050db1355a9a5109297ce818914059d32dacd5b7a9b9158844830303b,,07/30/2025 10:56:00 PM,30,NO CONTROLS,NO CONTROLS,RAIN,"DARKNESS, LIGHTED ROAD",TURNING,NOT DIVIDED,,STRAIGHT AND LEVEL,WET,UNKNOWN,ON SCENE,NO INJURY / DRIVE AWAY,,,,"OVER $1,500",07/30/2025 10:56:00 PM,UNABLE TO DETERMINE,UNABLE TO DETERMINE,334,W,CHICAGO AVE,1823,,,,,,,2,NO INDICATION OF INJURY,0,0,0,0,0,2,0,22,4,7,41.8966624152,-87.6371013805,POINT (-87.63710138046 41.896662415212)
cdd599368992a1b2ce506f667ba5d441bbd42ee053b4b70b8b3286ac21be5f786dd490fef81860cc363fa3f6b3c773ffce8082d749903a7b8963d8ba6760da8e,,07/30/2025 10:55:00 PM,30,NO CONTROLS,NO CONTROLS,RAIN,"DARKNESS, LIGHTED ROAD",FIXED OBJECT,DIVIDED - W/MEDIAN BARRIER,,STRAIGHT AND LEVEL,WET,NO DEFECTS,ON SCENE,NO INJURY / DRIVE AWAY,,,,"OVER $1,500",07/30/2025 10:57:00 PM,WEATHER,NOT APPLICABLE,11721,S,HALSTED ST,524,,,,,,,1,NO INDICATION OF INJURY,0,0,0,0,0,1,0,22,4,7,41.6810974694,-87.6418724759,POINT (-87.641872475929 41.681097469352)
45669ff0210761f4d247385eb768b074a6b4954f9a11226fe19daa70799c94b24b74269a9962bf3ff3c58d6b44bbd81121e78ec4df0cd5fe030a081b7c6e26f8,,07/30/2025 10:53:00 PM,30,NO CONTROLS,NO CONTROLS,RAIN,DARKNESS,PARKED MOTOR VEHICLE,PARKING LOT,,STRAIGHT AND LEVEL,WET,NO DEFECTS,ON SCENE,NO INJURY / DRIVE AWAY,,,Y,"OVER $1,500",07/31/2025 08:20:00 AM,"OPERATING VEHICLE IN ERRATIC, RECKLESS, CARELESS, NEGLIGENT OR AGGRESSIVE MANNER",NOT APPLICABLE,4646,N,CUMBERLAND AVE,1614,,,,,,,2,NO INDICATION OF INJURY,0,0,0,0,0,1,0,22,4,7,41.9643721046,-87.8368368126,POINT (-87.836836812577 41.964372104573)
59e05877d58dfd5c150930f929b5afdfc76e731a3aafb0558449dfc84509e16cd6f94276734af02321fb6a4fbb662e25fc4e9c718bd36505b66fa8401d942904,,07/30/2025 10:33:00 PM,15,NO CONTROLS,NO CONTROLS,UNKNOWN,UNKNOWN,REAR TO REAR,NOT DIVIDED,,STRAIGHT AND LEVEL,UNKNOWN,UNKNOWN,NOT ON SCENE (DESK REPORT),NO INJURY / DRIVE AWAY,,,Y,"OVER $1,500",07/31/2025 11:25:00 AM,UNABLE TO DETERMINE,NOT APPLICABLE,6700,S,EAST END AVE,332,,,,,,,2,NO INDICATION OF INJURY,0,0,0,0,0,2,0,22,4,7,41.7732670268,-87.5840057692,POINT (-87.584005769245 41.773267026768)