CRASH_RECORD_ID,CRASH_DATE_EST_I,CRASH_DATE,POSTED_SPEED_LIMIT,TRAFFIC_CONTROL_DEVICE,DEVICE_CONDITION,WEATHER_CONDITION,LIGHTING_CONDITION,FIRST_CRASH_TYPE,TRAFFICWAY_TYPE,LANE_CNT,ALIGNMENT,ROADWAY_SURFACE_COND,ROAD_DEFECT,REPORT_TYPE,CRASH_TYPE,INTERSECTION_RELATED_I,NOT_RIGHT_OF_WAY_I,HIT_AND_RUN_I,DAMAGE,DATE_POLICE_NOTIFIED,PRIM_CONTRIBUTORY_CAUSE,SEC_CONTRIBUTORY_CAUSE,STREET_NO,STREET_DIRECTION,STREET_NAME,BEAT_OF_OCCURRENCE,PHOTOS_TAKEN_I,STATEMENTS_TAKEN_I,DOORING_I,WORK_ZONE_I,WORK_ZONE_TYPE,WORKERS_PRESENT_I,NUM_UNITS,MOST_SEVERE_INJURY,INJURIES_TOTAL,INJURIES_FATAL,INJURIES_INCAPACITATING,INJURIES_NON_INCAPACITATING,INJURIES_REPORTED_NOT_EVIDENT,INJURIES_NO_INDICATION,INJURIES_UNKNOWN,CRASH_HOUR,CRASH_DAY_OF_WEEK,CRASH_MONTH,LATITUDE,LONGITUDE,LOCATION
15327290cf53335bfcce1065a238b35a9783efa65752f2d31fb2eda479bb302a75954353faf1afb5d3ba7861da3fcf36a6a8fa78b8d2c72d1a96a46b86b2161b,,07/30/2025 10:30:00 PM,20,NO CONTROLS,NO CONTROLS,RAIN,"DARKNESS, LIGHTED ROAD",SIDESWIPE SAME DIRECTION,PARKING LOT,,STRAIGHT AND LEVEL,WET,NO DEFECTS,ON SCENE,NO INJURY / DRIVE AWAY,,,,"OVER $1,500",07/30/2025 10:50:00 PM,UNABLE TO DETERMINE,NOT APPLICABLE,10020,W,BALMORAL AVE,1654,,,,,,,2,NO INDICATION OF INJURY,0,0,0,0,0,2,0,22,4,7,,,
1cdb1d3156d02a0c49409686b85e9627284e031af5e83ccf11f320e2bc34dc6a3b4783431d200ea3ae297ec7c44f2efcacf81a50049edf38248bca251dca8a33,,07/30/2025 10:30:00 PM,30,STOP SIGN/FLASHER,FUNCTIONING PROPERLY,RAIN,"DARKNESS, LIGHTED ROAD",REAR END,NOT DIVIDED,,STRAIGHT AND LEVEL,WET,UNKNOWN,NOT ON SCENE (DESK REPORT),NO INJURY / DRIVE AWAY,,,,"OVER $1,500",07/30/2025 11:45:00 PM,UNABLE TO DETERMINE,UNABLE TO DETERMINE,431,W,74TH ST,732,,,,,,,2,NO INDICATION OF INJURY,0,0,0,0,0,2,0,22,4,7,41.7597716143,-87.6356827243,POINT (-87.635682724257 41.759771614336)
3d25214de86398e33d84ea1f627d7863a9f4a5468526030f50f4295cf563273a3dad11d6f40fd5783b2ba760b4ad0c57335a4f4f3f12b3dc53bb15f4b36dc8de,,07/30/2025 10:30:00 PM,25,TRAFFIC SIGNAL,UNKNOWN,UNKNOWN,"DARKNESS, LIGHTED ROAD",ANGLE,DIVIDED - W/MEDIAN (NOT RAISED),,STRAIGHT AND LEVEL,UNKNOWN,UNKNOWN,NOT ON SCENE (DESK REPORT),NO INJURY / DRIVE AWAY,Y,,,"$501 - $1,500",07/31/2025 05:10:00 PM,UNABLE TO DETERMINE,UNABLE TO DETERMINE,5441,W,DEVON AVE,1621,,,,,,,2,NO INDICATION OF INJURY,0,0,0,0,0,2,0,22,4,7,41.9972405873,-87.7654644517,POINT (-87.765464451727 41.997240587348)
46d418f8db84af78220fac5bdfe744f35927a0a833f06bbbda49c29aafed1a3563a961208122fd6849656f57b2550255981fcccfbd26d14b477199bb8b60caea,Y,07/30/2025 10:30:00 PM,20,UNKNOWN,UNKNOWN,UNKNOWN,UNKNOWN,PARKED MOTOR VEHICLE,ONE-WAY,,STRAIGHT AND LEVEL,UNKNOWN,UNKNOWN,NOT ON SCENE (DESK REPORT),NO INJURY / DRIVE AWAY,,,Y,$500 OR LESS,07/31/2025 10:52:00 AM,UNABLE TO DETERMINE,UNABLE TO DETERMINE,6001,N,TALMAN AVE,2413,,,,,,,2,NO INDICATION OF INJURY,0,0,0,0,0,1,0,22,4,7,41.9905540765,-87.695605409,POINT (-87.695605409002 41.990554076507)
5db781e56909f20b24eb3c3866fb3dfd0b2afce45fd90371d4b85e826975623524ce711df5c381fbd05e1bb5c9f53d286b2f500857a9bdd051e99019a3cf66ee,,07/30/2025 10:30:00 PM,30,NO CONTROLS,UNKNOWN,UNKNOWN,UNKNOWN,PARKED MOTOR VEHICLE,ONE-WAY,,STRAIGHT AND LEVEL,UNKNOWN,UNKNOWN,ON SCENE,NO INJURY / DRIVE AWAY,,,Y,"OVER $1,500",08/01/2025 03:20:00 PM,NOT APPLICABLE,NOT APPLICABLE,751,N,CAMPBELL AVE,1221,,,,,,,2,NO INDICATION OF INJURY,0,0,0,0,0,1,0,22,4,7,41.8953980646,-87.6891517364,POINT (-87.689151736358 41.895398064565)
6075c4d5ff03df88598170676b8a49638c25bb264c1272a376bd7ae03237628aa98262973a6429c40c5976c5361c7defa61c8d871cf01e1452ce2e4d86fba174,,07/30/2025 10:30:00 PM,30,TRAFFIC SIGNAL,FUNCTIONING PROPERLY,CLEAR,"DARKNESS, LIGHTED ROAD",FIXED OBJECT,DIVIDED - W/MEDIAN BARRIER,,STRAIGHT AND LEVEL,DRY,NO DEFECTS,ON SCENE,NO INJURY / DRIVE AWAY,,,,"OVER $1,500",07/31/2025 06:49:00 AM,DISREGARDING OTHER TRAFFIC SIGNS,UNABLE TO DETERMINE,4820,W,LAWRENCE AVE,1623,,,,,,,1,NO INDICATION OF INJURY,0,0,0,0,0,1,0,22,4,7,41.9681252697,-87.7487396826,POINT (-87.748739682611 41.968125269652)
f2d75b253ef0d7ddf52ea817c05894c23371c7b7d374ccd4c08e1a3a86145f455361a29601342ed1c9324aaae6a886cbc6a1f39d3493194804e7c89c56678e78,Y,07/30/2025 10:30:00 PM,25,NO CONTROLS,NO CONTROLS,CLEAR,"DARKNESS, LIGHTED ROAD",PARKED MOTOR VEHICLE,NOT DIVIDED,,STRAIGHT AND LEVEL,DRY,UNKNOWN,NOT ON SCENE (DESK REPORT),NO INJURY / DRIVE AWAY,,,Y,"OVER $1,500",07/31/2025 02:00:00 PM,UNABLE TO DETERMINE,UNABLE TO DETERMINE,2900,S,POPLAR AVE,913,,,,,,,2,NO INDICATION OF INJURY,0,0,0,0,0,1,0,22,4,7,41.841220221,-87.6497454628,POINT (-87.649745462849 41.841220221012)
1497d8f2c679d5dcb3045ed557a9de758dbe29b87230e4963e55bcb8986bed0c979eb51976518e89fe64b73498189552b81754da7db4a4fcacbaf760802d4268,Y,07/30/2025 10:25:00 PM,30,NO CONTROLS,NO CONTROLS,RAIN,DARKNESS,TURNING,ONE-WAY,,STRAIGHT AND LEVEL,WET,UNKNOWN,ON SCENE,INJURY AND / OR TOW DUE TO CRASH,,,,"OVER $1,500",07/30/2025 10:29:00 PM,UNABLE TO DETERMINE,UNABLE TO DETERMINE,6344,N,FAIRFIELD AVE,2413,,,,,,,2,INCAPACITATING INJURY,1,0,1,0,0,3,0,22,4,7,41.9970990229,-87.6985503204,POINT (-87.698550320419 41.997099022941)
dbd182250a08a26710d8c5c6d511058540abf8251b22425388b14fbf6d1d2280ee8034e89311fbc9183221c93c4a7229cdfb14e9e33ac4d7bfb547b056be8424,Y,07/30/2025 10:23:00 PM,30,TRAFFIC SIGNAL,FUNCTIONING PROPERLY,RAIN,"DARKNESS, LIGHTED ROAD",REAR END,FOUR WAY,,STRAIGHT AND LEVEL,WET,NO DEFECTS,ON SCENE,INJURY AND / OR TOW DUE TO CRASH,,,,"OVER $1,500",07/30/2025 10:24:00 PM,FOLLOWING TOO CLOSELY,FAILING TO REDUCE SPEED TO AVOID CRASH,1177,N,ELSTON AVE,1213,,,,,,,2,"REPORTED, NOT EVIDENT",1,0,0,0,1,2,0,22,4,7,41.9034341983,-87.6580866476,POINT (-87.658086647585 41.903434198336)
7302e3cd365a200214c716954082d2b230f44e99b9084258cc25337b238ddbbda1f826713a7eb4751054de5da19b998534e7efe6ab4eb7439814a32db954c367,,07/30/2025 10:20:00 PM,30,OTHER,FUNCTIONING PROPERLY,RAIN,"DARKNESS, LIGHTED ROAD",OTHER NONCOLLISION,OTHER,,STRAIGHT ON GRADE,WET,OTHER,ON SCENE,INJURY AND / OR TOW DUE TO CRASH,,,,"OVER $1,500",07/30/2025 10:22:00 PM,UNABLE TO DETERMINE,NOT APPLICABLE,1313,W,NORTH AVE,1433,,,,,,,1,INCAPACITATING INJURY,1,0,1,0,0,0,0,22,4,7,41.9106143435,-87.6610233531,POINT (-87.661023353088 41.910614343517)
a35d43807e8c8d124ab8e88f4e6a516ef9d3e3352aadaf523d992e0db3044e7b191da07eab28e8fbeab19f5f6e1403d96937d7b2574e6b6488de61f14c21f83b,,07/30/2025 10:13:00 PM,30,TRAFFIC SIGNAL,FUNCTIONING PROPERLY,RAIN,"DARKNESS, LIGHTED ROAD",TURNING,FOUR WAY,,STRAIGHT AND LEVEL,WET,UNKNOWN,ON SCENE,INJURY AND / OR TOW DUE TO CRASH,Y,,,"OVER $1,500",07/30/2025 11:11:00 PM,FAILING TO YIELD RIGHT-OF-WAY,IMPROPER TURNING/NO SIGNAL,4389,W,JACKSON BLVD,1131,,,,,,,2,NO INDICATION OF INJURY,0,0,0,0,0,3,0,22,4,7,41.8768578659,-87.735224603,POINT (-87.735224603039 41.876857865901)
46dc7ea5d54a834930c38ae6846c3bd009247348a47fbd02584ee214946188a7be24f91fe2a358bb03ef6458a6541d636078faefee68b51a0e5a307221dd0b6a,,07/30/2025 10:08:00 PM,30,NO CONTROLS,NO CONTROLS,RAIN,"DARKNESS, LIGHTED ROAD",PEDESTRIAN,NOT DIVIDED,,STRAIGHT AND LEVEL,WET,NO DEFECTS,ON SCENE,INJURY AND / OR TOW DUE TO CRASH,,,Y,"OVER $1,500",07/30/2025 10:10:00 PM,FAILING TO YIELD RIGHT-OF-WAY,NOT APPLICABLE,2335,W,HOWARD ST,2411,,,,,,,2,"REPORTED, NOT EVIDENT",1,0,0,0,1,1,0,22,4,7,42.0194193932,-87.689101505,POINT (-87.68910150503 42.019419393235)
91cfc8187b35cbc17c34b52a9cdfb14cf79a773a5dee635a524554f0e8c676a1b3914775c06517bf07f7f28f4360e8fcdc3c024c95e59f09270f3480e666c587,,07/30/2025 10:00:00 PM,30,NO CONTROLS,NO CONTROLS,RAIN,"DARKNESS, LIGHTED ROAD",HEAD ON,NOT DIVIDED,,STRAIGHT AND LEVEL,WET,UNKNOWN,ON SCENE,INJURY AND / OR TOW DUE TO CRASH,,,,"OVER $1,500",07/30/2025 10:10:00 PM,UNABLE TO DETERMINE,NOT APPLICABLE,3807,W,111TH ST,2211,,,,,,,2,NONINCAPACITATING INJURY,3,0,0,3,0,0,0,22,4,7,41.6912251227,-87.7157539626,POINT (-87.715753962608 41.691225122703)
e3f933f352c94714f9a4696729974da9cec66138d2c7d9742568860277f1dade4a5db718874e590a45227a2c0f7c6ca83e53322202ccfa60a33e1362669d2753,,07/30/2025 10:00:00 PM,10,NO CONTROLS,NO CONTROLS,RAIN,"DARKNESS, LIGHTED ROAD",PARKED MOTOR VEHICLE,NOT DIVIDED,,STRAIGHT AND LEVEL,DRY,NO DEFECTS,NOT ON SCENE (DESK REPORT),NO INJURY / DRIVE AWAY,,,,"OVER $1,500",07/30/2025 11:45:00 PM,IMPROPER TURNING/NO SIGNAL,IMPROPER LANE USAGE,1356,S,SPECIAL OLYMPICS DR,132,,,,,,,2,NO INDICATION OF INJURY,0,0,0,0,0,1,0,22,4,7,,,
790a66ef821531966b3a0591eca6c542ca9dd887b72db04448a529b8c3391669553f29b90d1f05353d2085c5dfa71951022ad6900cd149eff54abd57ca8e8145,,07/30/2025 09:55:00 PM,30,NO CONTROLS,NO CONTROLS,RAIN,"DARKNESS, LIGHTED ROAD",PEDESTRIAN,DIVIDED - W/MEDIAN BARRIER,,STRAIGHT AND LEVEL,WET,UNKNOWN,ON SCENE,INJURY AND / OR TOW DUE TO CRASH,Y,,,"$501 - $1,500",07/30/2025 09:59:00 PM,FAILING TO YIELD RIGHT-OF-WAY,WEATHER,1300,S,STATE ST,131,,,,,,,2,NONINCAPACITATING INJURY,1,0,0,1,0,1,0,21,4,7,41.8656570299,-87.6275294189,POINT (-87.627529418922 41.865657029899)
ff6822be3f3478357984ae473d5edbb3c92a5f5ac75176f52c6bbe0ef624f76a0e47b51a519ca8992f3acb9fa5871f42149398e7ff442ddd8af7ce7eec013d2b,,07/30/2025 09:50:00 PM,30,NO CONTROLS,NO CONTROLS,RAIN,"DARKNESS, LIGHTED ROAD",PEDALCYCLIST,DIVIDED - W/MEDIAN (NOT RAISED),,STRAIGHT AND LEVEL,WET,NO DEFECTS,ON SCENE,INJURY AND / OR TOW DUE TO CRASH,,,Y,"OVER $1,500",07/30/2025 10:00:00 PM,UNABLE TO DETERMINE,UNABLE TO DETERMINE,2313,W,NORTH AVE,1424,,,Y,,,,2,NONINCAPACITATING INJURY,1,0,0,1,0,0,0,21,4,7,41.9102388212,-87.6853442193,POINT (-87.685344219339 41.910238821235)
78a164a15679a5a67744bef7cd9b91a2ab8e739972bb1b8f43bb8542edbb6379251e8906755cd25987d730de0d01b27a22b8d633a763f0cac221fcf01531e839,,07/30/2025 09:43:00 PM,30,TRAFFIC SIGNAL,FUNCTIONING PROPERLY,RAIN,"DARKNESS, LIGHTED ROAD",TURNING,DIVIDED - W/MEDIAN (NOT RAISED),,STRAIGHT AND LEVEL,WET,NO DEFECTS,ON SCENE,NO INJURY / DRIVE AWAY,,,,"OVER $1,500",07/30/2025 09:45:00 PM,FOLLOWING TOO CLOSELY,FOLLOWING TOO CLOSELY,698,S,CICERO AVE,1533,,,,,,,2,NO INDICATION OF INJURY,0,0,0,0,0,2,0,21,4,7,41.8720821389,-87.7450795354,POINT (-87.745079535402 41.87208213885)
f5b1697fde46359b1d920ec4440ec5568edd37afc731c177c7262dcfaeb01f4a17bdfa5e2861a6152c5724e11095af26821e24f92c42e77a098ae9af75fcfd40,,07/30/2025 09:40:00 PM,30,TRAFFIC SIGNAL,FUNCTIONING PROPERLY,RAIN,DARKNESS,HEAD ON,FOUR WAY,,STRAIGHT AND LEVEL,WET,UNKNOWN,ON SCENE,INJURY AND / OR TOW DUE TO CRASH,Y,,,"OVER $1,500",07/30/2025 10:25:00 PM,UNABLE TO DETERMINE,UNABLE TO DETERMINE,2633,E,126TH ST,433,,,,,,,2,NONINCAPACITATING INJURY,1,0,0,1,0,1,0,21,4,7,41.6660708367,-87.5587311708,POINT (-87.558731170807 41.666070836658)
bfb1a3632b349a1b88dc68cb0c2ecb5ef1e77bf911b061a36c143ac3ed048a60dbc6e5be0a6f6b1b0a7758f09d493999aec8a616d0e71507be63e3e07f4b98ea,,07/30/2025 09:35:00 PM,30,TRAFFIC SIGNAL,FUNCTIONING PROPERLY,RAIN,"DARKNESS, LIGHTED ROAD",TURNING,NOT DIVIDED,,STRAIGHT AND LEVEL,WET,NO DEFECTS,NOT ON SCENE (DESK REPORT),NO INJURY / DRIVE AWAY,,,,"OVER $1,500",07/31/2025 10:20:00 AM,NOT APPLICABLE,NOT APPLICABLE,4757,N,KEDZIE AVE,1713,,,,,,,2,NO INDICATION OF INJURY,0,0,0,0,0,4,0,21,4,7,41.9683075821,-87.7083186438,POINT (-87.708318643811 41.968307582098)
179aa5fe371600848e049e319ce5eaf8e87ede9f4fcab5e57b07ec570430569caa704e22bf00bd0efa0cab3e4953890c62a94db1f79ae7b1cd6e38c37a309a18,,07/30/2025 09:30:00 PM,30,TRAFFIC SIGNAL,FUNCTIONING IMPROPERLY,RAIN,"DARKNESS, LIGHTED ROAD",ANGLE,FOUR WAY,,STRAIGHT AND LEVEL,WET,UNKNOWN,NOT ON SCENE (DESK REPORT),NO INJURY / DRIVE AWAY,Y,,Y,"OVER $1,500",07/30/2025 10:55:00 PM,DISREGARDING TRAFFIC SIGNALS,UNABLE TO DETERMINE,1200,S,MICHIGAN AVE,131,,,,,,,2,NO INDICATION OF INJURY,0,0,0,0,0,2,0,21,4,7,41.867377773,-87.6242830157,POINT (-87.624283015693 41.867377772988)
3561650d01611fe74f7c14509774790913bb4fc16f24ef9780dd3f663a858cc0080d827cb289d9da707af15e712b1ac115d2c13714a9676db0186153ff2d1e23,,07/30/2025 09:25:00 PM,30,STOP SIGN/FLASHER,FUNCTIONING PROPERLY,RAIN,"DARKNESS, LIGHTED ROAD",ANGLE,FOUR WAY,,STRAIGHT AND LEVEL,WET,NO DEFECTS,NOT ON SCENE (DESK REPORT),NO INJURY / DRIVE AWAY,,,,"$501 - $1,500",07/30/2025 11:19:00 PM,FAILING TO YIELD RIGHT-OF-WAY,NOT APPLICABLE,2100,S,LOOMIS ST,1235,,,,,,,2,NO INDICATION OF INJURY,0,0,0,0,0,2,0,21,4,7,41.8542186439,-87.6613641868,POINT (-87.661364186835 41.854218643923)
3e6a3d7fc8ac1c86db312586a603141ea76e9373083be5462faa88f017eb212d5e66da4358a7a33802f196172767021558cca26156d7725087605855fc0dc6ff,,07/30/2025 09:18:00 PM,20,NO CONTROLS,NO CONTROLS,RAIN,"DARKNESS, LIGHTED ROAD",PARKED MOTOR VEHICLE,ONE-WAY,,STRAIGHT AND LEVEL,WET,NO DEFECTS,ON SCENE,INJURY AND / OR TOW DUE TO CRASH,,,,"$501 - $1,500",07/30/2025 09:34:00 PM,UNDER THE INFLUENCE OF ALCOHOL/DRUGS (USE WHEN ARREST IS EFFECTED),DRIVING SKILLS/KNOWLEDGE/EXPERIENCE,4132,W,30TH ST,1031,,,,,,,2,NO INDICATION OF INJURY,0,0,0,0,0,2,0,21,4,7,41.8387913261,-87.7281095461,POINT (-87.728109546086 41.838791326056)
b72cea184b72990706e419a7d3084ba6bcbecad09180b9a81ff68c1f6489430a62a54ebf9547af8021266523d153ff76cd3bea4eba0b224c59c4f11a1b481ab2,,07/30/2025 09:15:00 PM,30,TRAFFIC SIGNAL,FUNCTIONING PROPERLY,UNKNOWN,"DARKNESS, LIGHTED ROAD",PEDALCYCLIST,FOUR WAY,,STRAIGHT AND LEVEL,UNKNOWN,UNKNOWN,NOT ON SCENE (DESK REPORT),NO INJURY / DRIVE AWAY,Y,,,"$501 - $1,500",07/31/2025 09:10:00 PM,FAILING TO YIELD RIGHT-OF-WAY,NOT APPLICABLE,801,W,WEBSTER AVE,1812,,,,,,,2,NO INDICATION OF INJURY,0,0,0,0,0,2,0,21,4,7,41.9217061818,-87.6486897318,POINT (-87.648689731794 41.921706181825)
c4d36e9c2e648edb25b9377ba99cf4b8b9f433a3288af5338bd70b49f74f2ae33de382395331487c66fb150e546046a4928822745acabb88d69799f8a2ff7c75,,07/30/2025 09:15:00 PM,25,NO CONTROLS,NO CONTROLS,RAIN,"DARKNESS, LIGHTED ROAD",SIDESWIPE SAME DIRECTION,NOT DIVIDED,,STRAIGHT AND LEVEL,WET,UNKNOWN,NOT ON SCENE (DESK REPORT),INJURY AND / OR TOW DUE TO CRASH,,,Y,"OVER $1,500",07/30/2025 10:20:00 PM,WEATHER,DRIVING SKILLS/KNOWLEDGE/EXPERIENCE,460,W,26TH ST,914,,,,,,,2,NONINCAPACITATING INJURY,1,0,0,1,0,2,0,21,4,7,41.8455363041,-87.6390663164,POINT (-87.639066316435 41.845536304147)
7bd1d042690fec9e401e9272abea3131e53a2cbc42517accd0d54b97c095311275fdccb7151770ea79d0e5e42ba2b20e1797a033cd2badaaf1ed9b7add90dcd1,,07/30/2025 09:10:00 PM,30,TRAFFIC SIGNAL,FUNCTIONING PROPERLY,CLEAR,DAYLIGHT,REAR END,DIVIDED - W/MEDIAN (NOT RAISED),,STRAIGHT AND LEVEL,WET,NO DEFECTS,NOT ON SCENE (DESK REPORT),NO INJURY / DRIVE AWAY,,,,$500 OR LESS,08/04/2025 06:00:00 PM,FOLLOWING TOO CLOSELY,NOT APPLICABLE,2400,S,DR MARTIN LUTHER KING JR DR,132,,,,,,,2,NO INDICATION OF INJURY,0,0,0,0,0,2,0,21,4,7,41.8492375821,-87.6185348032,POINT (-87.618534803247 41.849237582099)
3a03d0a4d4c1cf71915a8be39ead2e823944f58932a1608966a0af7649df9beb9dc49d4717920910fb60beeb4bc7946d0a00762f5b410382d411f71faea9de7c,,07/30/2025 09:09:00 PM,30,TRAFFIC SIGNAL,FUNCTIONING PROPERLY,RAIN,"DARKNESS, LIGHTED ROAD",ANGLE,FOUR WAY,,STRAIGHT AND LEVEL,WET,UNKNOWN,ON SCENE,INJURY AND / OR TOW DUE TO CRASH,,,,"OVER $1,500",07/30/2025 09:10:00 PM,DISREGARDING TRAFFIC SIGNALS,NOT APPLICABLE,3500,S,LA SALLE ST,213,,,,,,,2,NO INDICATION OF INJURY,0,0,0,0,0,2,0,21,4,7,41.8309350952,-87.6299753048,POINT (-87.629975304804 41.830935095228)
6afd0b1b1adec9f228ed61cc73e71a20626aca50486d19b311aecd127dcd423aa2b539dcd4f6f419513712f1ed5999d21489c4931e76fe175ebdb9b81504604d,,07/30/2025 09:09:00 PM,30,NO CONTROLS,NO CONTROLS,RAIN,"DARKNESS, LIGHTED ROAD",SIDESWIPE SAME DIRECTION,ONE-WAY,,STRAIGHT AND LEVEL,WET,NO DEFECTS,ON SCENE,NO INJURY / DRIVE AWAY,,,,"OVER $1,500",07/30/2025 09:15:00 PM,UNABLE TO DETERMINE,UNABLE TO DETERMINE,3824,W,CONGRESS PKWY,1133,,,,,,,2,NO INDICATION OF INJURY,0,0,0,0,0,2,0,21,4,7,41.8745330066,-87.7217351056,POINT (-87.721735105616 41.874533006649)
d72f591f1eed6e264428e88e73b31279d0dd5b286f0bba25dfedf97ae47dd3f363bb7cafe8bff9f9fd434d0667787ffa0871f4544be2b20d9d0ff8dea98bb8a7,,07/30/2025 09:04:00 PM,30,TRAFFIC SIGNAL,FUNCTIONING PROPERLY,CLEAR,"DARKNESS, LIGHTED ROAD",PEDESTRIAN,DIVIDED - W/MEDIAN (NOT RAISED),,STRAIGHT AND LEVEL,WET,NO DEFECTS,NOT ON SCENE (DESK REPORT),NO INJURY / DRIVE AWAY,,,,"OVER $1,500",07/30/2025 09:40:00 PM,FAILING TO YIELD RIGHT-OF-WAY,FAILING TO YIELD RIGHT-OF-WAY,33,E,GARFIELD BLVD,225,,,,,,,2,NO INDICATION OF INJURY,0,0,0,0,0,2,0,21,4,7,41.7942195032,-87.6244468369,POINT (-87.624446836932 41.79421950322)
26ab797d6e426e010add22abfd01203e9b88433904e2a1cb689981002212bd26076bcf2de330ab4362127779d41e6b0bc241876b05d203d671edb0a3ccff23ee,,07/30/2025 08:48:00 PM,30,TRAFFIC SIGNAL,FUNCTIONING PROPERLY,RAIN,"DARKNESS, LIGHTED ROAD",REAR END,DIVIDED - W/MEDIAN (NOT RAISED),,STRAIGHT AND LEVEL,WET,NO DEFECTS,NOT ON SCENE (DESK REPORT),NO INJURY / DRIVE AWAY,Y,,,"$501 - $1,500",07/31/2025 07:10:00 PM,FOLLOWING TOO CLOSELY,UNABLE TO DETERMINE,4600,N,CICERO AVE,1623,,,,,,,2,NO INDICATION OF INJURY,0,0,0,0,0,2,0,20,4,7,41.9644511676,-87.7477764313,POINT (-87.747776431281 41.964451167552)
360a78eb5602252ee8189fb62977a4afb89ecd2a70bfb425e35a5d71f465d9bc1a2715692ea13c678a2cdac7718bc6ac26ca8112119824ebaba828fffe581c3f,,07/30/2025 08:40:00 PM,35,UNKNOWN,UNKNOWN,RAIN,DARKNESS,ANGLE,FOUR WAY,,STRAIGHT AND LEVEL,WET,UNKNOWN,NOT ON SCENE (DESK REPORT),INJURY AND / OR TOW DUE TO CRASH,,,,"OVER $1,500",07/30/2025 08:40:00 PM,UNABLE TO DETERMINE,NOT APPLICABLE,5100,S,MICHIGAN AVE,225,Y,Y,,,,,2,"REPORTED, NOT EVIDENT",1,0,0,0,1,2,0,20,4,7,41.8018966519,-87.6227933299,POINT (-87.622793329906 41.801896651856)
94e5a3e36a2623d973b6e1c3903207b5afffb303410ca742b9dc6089a4f63c4254cd1b02e55c7e6eaa6478002c1ae061c9e3e5fd52aa98829c69bd782addf0df,,07/30/2025 08:40:00 PM,30,NO CONTROLS,NO CONTROLS,CLEAR,"DARKNESS, LIGHTED ROAD",OTHER OBJECT,PARKING LOT,,STRAIGHT AND LEVEL,DRY,NO DEFECTS,NOT ON SCENE (DESK REPORT),NO INJURY / DRIVE AWAY,,,,"OVER $1,500",07/30/2025 11:00:00 PM,UNABLE TO DETERMINE,UNABLE TO DETERMINE,25,N,MICHIGAN AVE,114,,,,,,,1,NO INDICATION OF INJURY,0,0,0,0,0,1,0,20,4,7,41.882670497,-87.6242415386,POINT (-87.624241538569 41.882670496958)
bf5c1555d6b742e8649fbc22cc82f411ccc1220e4dfe502287a11f55428aba3b43287ba384e444b07e29b902d80c8a702acd796c7a0d0c0a12d5274f0365caba,,07/30/2025 08:39:00 PM,30,STOP SIGN/FLASHER,NO CONTROLS,RAIN,DARKNESS,ANGLE,FOUR WAY,,STRAIGHT AND LEVEL,WET,NO DEFECTS,ON SCENE,NO INJURY / DRIVE AWAY,,,Y,"$501 - $1,500",07/30/2025 08:45:00 PM,UNABLE TO DETERMINE,UNABLE TO DETERMINE,5298,W,DIVERSEY AVE,2514,,,,,,,2,NO INDICATION OF INJURY,0,0,0,0,0,2,0,20,4,7,41.9314801686,-87.7587520833,POINT (-87.758752083279 41.931480168569)
5a39fa616349f8412abe888c33875c26f52f70767e10b017a248351c7027e2e2495138ece89a72c0b5db0b8b0586c878338fba7040baa822c530a5b92ebd27b0,,07/30/2025 08:35:00 PM,30,NO CONTROLS,NO CONTROLS,RAIN,"DARKNESS, LIGHTED ROAD",PARKED MOTOR VEHICLE,OTHER,,STRAIGHT AND LEVEL,WET,UNKNOWN,ON SCENE,NO INJURY / DRIVE AWAY,,,Y,"OVER $1,500",07/30/2025 08:35:00 PM,UNABLE TO DETERMINE,UNABLE TO DETERMINE,1700,W,THOME AVE,2433,,,,,,,2,NO INDICATION OF INJURY,0,0,0,0,0,1,0,20,4,7,41.9957283084,-87.6719989722,POINT (-87.671998972201 41.995728308437)
8ef87e1881314661d6c875b7a30ed7131cff95082ead1aac554c3cb7a8816040eb860e77b2750adf244d4a0826ef1a5047fbe63024e88c72f48d754d3f9bd0e1,Y,07/30/2025 08:30:00 PM,30,TRAFFIC SIGNAL,FUNCTIONING PROPERLY,CLEAR,"DARKNESS, LIGHTED ROAD",TURNING,NOT DIVIDED,,STRAIGHT AND LEVEL,DRY,UNKNOWN,NOT ON SCENE (DESK REPORT),NO INJURY / DRIVE AWAY,,,,"OVER $1,500",07/31/2025 07:20:00 PM,FAILING TO YIELD RIGHT-OF-WAY,NOT APPLICABLE,2000,N,ASHLAND AVE,1432,,,,,,,2,NO INDICATION OF INJURY,0,0,0,0,0,2,0,20,4,7,41.9179425133,-87.6681134635,POINT (-87.668113463493 41.917942513293)
c86eee62a1f45cb390f9bd5bdc5571a7c8261b0afe56feb6d0d7add8e1808ee454c8cc6459ab4e6e2f69e6a5901c58f0b6a92c4134f983ec2fa2694aad1dd602,,07/30/2025 08:30:00 PM,10,NO CONTROLS,NO CONTROLS,CLEAR,DUSK,PARKED MOTOR VEHICLE,PARKING LOT,,STRAIGHT AND LEVEL,DRY,UNKNOWN,NOT ON SCENE (DESK REPORT),NO INJURY / DRIVE AWAY,,,Y,$500 OR LESS,07/31/2025 12:05:00 PM,IMPROPER BACKING,NOT APPLICABLE,10900,S,DOTY AVE W,513,,,,,,,2,NO INDICATION OF INJURY,0,0,0,0,0,2,0,20,4,7,41.696313684,-87.5966322439,POINT (-87.596632243933 41.696313683973)