CRASH_RECORD_ID,CRASH_DATE_EST_I,CRASH_DATE,POSTED_SPEED_LIMIT,TRAFFIC_CONTROL_DEVICE,DEVICE_CONDITION,WEATHER_CONDITION,LIGHTING_CONDITION,FIRST_CRASH_TYPE,TRAFFICWAY_TYPE,LANE_CNT,ALIGNMENT,ROADWAY_SURFACE_COND,ROAD_DEFECT,REPORT_TYPE,CRASH_TYPE,INTERSECTION_RELATED_I,NOT_RIGHT_OF_WAY_I,HIT_AND_RUN_I,DAMAGE,DATE_POLICE_NOTIFIED,PRIM_CONTRIBUTORY_CAUSE,SEC_CONTRIBUTORY_CAUSE,STREET_NO,STREET_DIRECTION,STREET_NAME,BEAT_OF_OCCURRENCE,PHOTOS_TAKEN_I,STATEMENTS_TAKEN_I,DOORING_I,WORK_ZONE_I,WORK_ZONE_TYPE,WORKERS_PRESENT_I,NUM_UNITS,MOST_SEVERE_INJURY,INJURIES_TOTAL,INJURIES_FATAL,INJURIES_INCAPACITATING,INJURIES_NON_INCAPACITATING,INJURIES_REPORTED_NOT_EVIDENT,INJURIES_NO_INDICATION,INJURIES_UNKNOWN,CRASH_HOUR,CRASH_DAY_OF_WEEK,CRASH_MONTH,LATITUDE,LONGITUDE,LOCATION
d6160b4eb73c3dcce06ffcfefcb39c6d643eb61804039462398018beb6a81b678e506c1fbf8b0326a60286bf8cf9126d7e599a0bca4a069d0b26152541c3c6fd,,07/30/2025 08:20:00 PM,20,NO CONTROLS,NO CONTROLS,RAIN,DARKNESS,FIXED OBJECT,NOT DIVIDED,,STRAIGHT AND LEVEL,WET,NO DEFECTS,ON SCENE,INJURY AND / OR TOW DUE TO CRASH,,,,"OVER $1,500",07/30/2025 08:29:00 PM,UNABLE TO DETERMINE,UNABLE TO DETERMINE,528,E,90TH ST,633,,,,,,,2,NO INDICATION OF INJURY,0,0,0,0,0,1,0,20,4,7,41.731191064,-87.6107876355,POINT (-87.61078763548 41.731191063981)
ee106c7caca4a917d94c5be97cdfd6e8efec37dfc77558e9809448ff806d92206aa535d236c690d49fad31dc334d99599a4624f702b1053b6bba106229925d81,,07/30/2025 08:20:00 PM,30,TRAFFIC SIGNAL,FUNCTIONING PROPERLY,RAIN,"DARKNESS, LIGHTED ROAD",PEDESTRIAN,FOUR WAY,,STRAIGHT AND LEVEL,WET,NO DEFECTS,NOT ON SCENE (DESK REPORT),INJURY AND / OR TOW DUE TO CRASH,Y,,,"OVER $1,500",07/30/2025 09:30:00 PM,FAILING TO YIELD RIGHT-OF-WAY,WEATHER,342,N,CICERO AVE,1532,,,,,,,2,NONINCAPACITATING INJURY,1,0,0,1,0,1,0,20,4,7,41.8865896099,-87.7456441585,POINT (-87.745644158533 41.886589609947)
7360ac6bf534deb16b922d5b118db5f718d56207f2ebf051c71de7fb47f9fbaffd2a65effdbeab684b343f1dff39302c3e0864866fe1574c1deb671d230f32fa,,07/30/2025 08:15:00 PM,30,TRAFFIC SIGNAL,FUNCTIONING PROPERLY,RAIN,"DARKNESS, LIGHTED ROAD",REAR END,DIVIDED - W/MEDIAN (NOT RAISED),,STRAIGHT AND LEVEL,WET,NO DEFECTS,NOT ON SCENE (DESK REPORT),INJURY AND / OR TOW DUE TO CRASH,,,,"OVER $1,500",07/30/2025 10:00:00 PM,FAILING TO REDUCE SPEED TO AVOID CRASH,NOT APPLICABLE,2401,W,ROSCOE ST,1921,,,,,,,2,NONINCAPACITATING INJURY,1,0,0,1,0,1,0,20,4,7,41.94298696,-87.6882523533,POINT (-87.688252353272 41.94298696003)
c87addf2a3005c16bafc1afca3b5448ef71c27648e7a4f0fc7ac93fca57f3a278a2014faeb2db9634f55855417479d0d06ff256b7568612622181029d7ed6979,,07/30/2025 08:14:00 PM,30,NO CONTROLS,NO CONTROLS,CLEAR,DUSK,PEDESTRIAN,NOT DIVIDED,,STRAIGHT AND LEVEL,WET,NO DEFECTS,ON SCENE,INJURY AND / OR TOW DUE TO CRASH,,,,$500 OR LESS,07/30/2025 08:14:00 PM,NOT APPLICABLE,NOT APPLICABLE,2704,E,83RD ST,423,,,,,,,2,NONINCAPACITATING INJURY,1,0,0,1,0,1,0,20,4,7,41.744669993,-87.558606093,POINT (-87.558606092951 41.744669992952)
ab0ae0530f461464d13e26146f25b06ee963c34561f84480a695585790d6076e8110f41c2cd76457ed5dd1170217b8e06eb47395b2f609239acafe474f2c57d1,,07/30/2025 08:10:00 PM,30,STOP SIGN/FLASHER,FUNCTIONING PROPERLY,RAIN,"DARKNESS, LIGHTED ROAD",ANGLE,DIVIDED - W/MEDIAN (NOT RAISED),,STRAIGHT AND LEVEL,WET,NO DEFECTS,ON SCENE,NO INJURY / DRIVE AWAY,N,,,$500 OR LESS,07/30/2025 08:13:00 PM,FAILING TO YIELD RIGHT-OF-WAY,FAILING TO YIELD RIGHT-OF-WAY,2901,N,CENTRAL AVE,2514,,,,,,,2,NO INDICATION OF INJURY,0,0,0,0,0,2,0,20,4,7,41.9331942648,-87.7661656985,POINT (-87.766165698471 41.933194264849)
81ae69ae8cc31bec816d4d381a7fb2c6910c2834eff42ee6b23172b8e43ea955b674a17b52aa6f3b21ebadebab16e2b2c458b1ad9c095d0a99d6ee0822db0b9b,,07/30/2025 08:00:00 PM,30,OTHER,OTHER,RAIN,"DARKNESS, LIGHTED ROAD",ANGLE,FOUR WAY,,STRAIGHT AND LEVEL,WET,UNKNOWN,NOT ON SCENE (DESK REPORT),INJURY AND / OR TOW DUE TO CRASH,Y,,,"$501 - $1,500",07/30/2025 09:00:00 PM,FAILING TO YIELD RIGHT-OF-WAY,FAILING TO YIELD RIGHT-OF-WAY,434,N,HALSTED ST,1214,,,,,,,2,"REPORTED, NOT EVIDENT",1,0,0,0,1,1,0,20,4,7,41.890077898,-87.6477560898,POINT (-87.647756089786 41.89007789797)
b6953deb29f4cc27ac2c1a68b347465bb52040f82921b235bbca999eca34dcd34aa3e53a0c2e71b2201573f0a034eac12945a56a8259f49314099ba7431784c4,,07/30/2025 08:00:00 PM,30,NO CONTROLS,NO CONTROLS,RAIN,"DARKNESS, LIGHTED ROAD",PARKED MOTOR VEHICLE,PARKING LOT,,STRAIGHT AND LEVEL,WET,UNKNOWN,NOT ON SCENE (DESK REPORT),NO INJURY / DRIVE AWAY,,,Y,"OVER $1,500",07/30/2025 09:35:00 PM,UNABLE TO DETERMINE,IMPROPER BACKING,3132,W,26TH ST,1033,,,,,,,2,NO INDICATION OF INJURY,0,0,0,0,0,1,0,20,4,7,41.8446400036,-87.70387455,POINT (-87.703874549971 41.844640003582)
f4bf8cd9adedf4412069475c17150c65910d0394e98020483f2738fe8476752ff755b2d41b45744f69dd18302831dc119020e817c07f36742b5972f96cad46db,,07/30/2025 08:00:00 PM,30,TRAFFIC SIGNAL,FUNCTIONING PROPERLY,RAIN,"DARKNESS, LIGHTED ROAD",ANGLE,NOT DIVIDED,,STRAIGHT AND LEVEL,WET,NO DEFECTS,NOT ON SCENE (DESK REPORT),NO INJURY / DRIVE AWAY,Y,,,"OVER $1,500",07/31/2025 05:33:00 PM,FAILING TO YIELD RIGHT-OF-WAY,UNABLE TO DETERMINE,7180,W,GRAND AVE,2512,,,,,,,2,NO INDICATION OF INJURY,0,0,0,0,0,2,0,20,4,7,41.9240211796,-87.8056244063,POINT (-87.805624406301 41.92402117963)
9463efd3e00ec386512bb534f79fb72513c8f9be49b686311d3268dabf739010d66b8d52a04ddbe748215c07d00197fe72f8601e11f3c0083a794806afbd159e,Y,07/30/2025 07:52:00 PM,15,NO CONTROLS,NO CONTROLS,CLEAR,UNKNOWN,PARKED MOTOR VEHICLE,PARKING LOT,,STRAIGHT AND LEVEL,DRY,NO DEFECTS,NOT ON SCENE (DESK REPORT),NO INJURY / DRIVE AWAY,,,Y,"OVER $1,500",07/31/2025 01:00:00 AM,UNABLE TO DETERMINE,UNABLE TO DETERMINE,1032,W,WASHINGTON BLVD,1224,,,,,,,2,NO INDICATION OF INJURY,0,0,0,0,0,1,0,19,4,7,41.8831516186,-87.6532955427,POINT (-87.653295542737 41.883151618641)
647e5627146ee783eb7f4e912791ff6f1718c550dda3cf76aa1df5d1856da58ac3c518bbea911eabdb618ab6b895a6e4ef5e5adc389112b1f2fde9b8b90a6cde,,07/30/2025 07:50:00 PM,30,STOP SIGN/FLASHER,FUNCTIONING PROPERLY,CLEAR,DAYLIGHT,TURNING,T-INTERSECTION,,STRAIGHT AND LEVEL,DRY,NO DEFECTS,ON SCENE,INJURY AND / OR TOW DUE TO CRASH,Y,,,"OVER $1,500",07/30/2025 07:54:00 PM,FOLLOWING TOO CLOSELY,NOT APPLICABLE,500,W,16TH ST,124,,,,,,,2,NO INDICATION OF INJURY,0,0,0,0,0,2,0,19,4,7,41.8601261493,-87.6391136363,POINT (-87.639113636319 41.860126149344)
652f277eda4eee8353715d0f4190ee9aaa9416e94782069f8ec9d05adc68e5e5d0193af8bcff85af53af37f6c7c4a60076dfd5829029c9f2eebd6c8bfceb28b1,,07/30/2025 07:40:00 PM,30,TRAFFIC SIGNAL,UNKNOWN,UNKNOWN,UNKNOWN,TURNING,NOT DIVIDED,,STRAIGHT AND LEVEL,UNKNOWN,UNKNOWN,NOT ON SCENE (DESK REPORT),INJURY AND / OR TOW DUE TO CRASH,,,,"OVER $1,500",07/30/2025 07:59:00 PM,FAILING TO YIELD RIGHT-OF-WAY,FAILING TO YIELD RIGHT-OF-WAY,4140,W,BELMONT AVE,1731,,,,,,,2,NO INDICATION OF INJURY,0,0,0,0,0,4,0,19,4,7,41.9391523735,-87.7312511604,POINT (-87.73125116043 41.939152373541)
bfef116727dc1e630b70fd6cc2fb332ed37925eb74c36a8a24b71a91b673151c100ab21095fdb38e4f24c8427a7e33ff596a6c71b9b485fff6f0a0cc6271b3f8,,07/30/2025 07:24:00 PM,30,NO CONTROLS,NO CONTROLS,CLOUDY/OVERCAST,DAWN,HEAD ON,NOT DIVIDED,,STRAIGHT AND LEVEL,UNKNOWN,UNKNOWN,ON SCENE,NO INJURY / DRIVE AWAY,,,,"OVER $1,500",07/30/2025 07:24:00 PM,IMPROPER LANE USAGE,IMPROPER LANE USAGE,2453,W,DEVON AVE,2413,,,,,,,3,NO INDICATION OF INJURY,0,0,0,0,0,3,0,19,4,7,41.9975861168,-87.6920046207,POINT (-87.692004620745 41.997586116771)
94f1d52ab4e3364d26eff277b652a0b64a38541a5144458b936b2aa65f01f18bfb95f86d1510e00eb3bba40ab0510021fbcd6cd29f5889754aaa10198612ccdf,,07/30/2025 07:15:00 PM,25,NO CONTROLS,NO CONTROLS,CLOUDY/OVERCAST,DAYLIGHT,SIDESWIPE SAME DIRECTION,NOT DIVIDED,,STRAIGHT AND LEVEL,DRY,NO DEFECTS,NOT ON SCENE (DESK REPORT),NO INJURY / DRIVE AWAY,,,Y,"OVER $1,500",07/30/2025 07:30:00 PM,IMPROPER LANE USAGE,NOT APPLICABLE,1524,W,111TH ST,2234,,,,,,,2,NO INDICATION OF INJURY,0,0,0,0,0,2,0,19,4,7,41.6922336267,-87.6613211798,POINT (-87.661321179836 41.692233626712)
334f4ea8d81c74839ddc82837427b5ffd7b42ab0d431a7d322bdc25f105078f39b548d527d523615639e1fbdf1ce2f100e67a9acfc1abc956e6b0ef9226c4804,,07/30/2025 07:11:00 PM,30,NO CONTROLS,NO CONTROLS,CLEAR,DAYLIGHT,TURNING,T-INTERSECTION,,STRAIGHT AND LEVEL,DRY,WORN SURFACE,,INJURY AND / OR TOW DUE TO CRASH,Y,,Y,"OVER $1,500",07/30/2025 07:13:00 PM,FAILING TO REDUCE SPEED TO AVOID CRASH,FAILING TO REDUCE SPEED TO AVOID CRASH,5700,N,WESTERN AVE,2011,,,,,,,2,NO INDICATION OF INJURY,0,0,0,0,0,3,0,19,4,7,41.9850781766,-87.6896416748,POINT (-87.689641674772 41.985078176592)
617354eabff7b5132e83c21820727343aa1f822d8adda36a7b49fd2dcf505319dbce249bb34f3e9e184e6ed543fe5c303d8ba07b5f7e5ff80b1460f333697373,,07/30/2025 07:10:00 PM,30,NO CONTROLS,NO CONTROLS,CLEAR,DAYLIGHT,SIDESWIPE SAME DIRECTION,DIVIDED - W/MEDIAN (NOT RAISED),,STRAIGHT AND LEVEL,DRY,NO DEFECTS,NOT ON SCENE (DESK REPORT),NO INJURY / DRIVE AWAY,,,,"OVER $1,500",07/30/2025 07:50:00 PM,UNABLE TO DETERMINE,NOT APPLICABLE,1135,W,18TH ST,1235,,,,,,,2,NO INDICATION OF INJURY,0,0,0,0,0,2,0,19,4,7,41.8578728946,-87.6546978002,POINT (-87.654697800191 41.857872894587)
b3701c1622caa0a6bac69bd0f808956aebb202e9946e79be86569af4c8257370b0d71934c2d8f01b178a1758552fccc086e97deed6052e7c01354f8fab5b54da,,07/30/2025 07:06:00 PM,30,NO CONTROLS,NO CONTROLS,CLOUDY/OVERCAST,DAYLIGHT,TURNING,NOT DIVIDED,,STRAIGHT AND LEVEL,DRY,NO DEFECTS,ON SCENE,INJURY AND / OR TOW DUE TO CRASH,,,,"OVER $1,500",07/30/2025 07:06:00 PM,FAILING TO YIELD RIGHT-OF-WAY,NOT APPLICABLE,5624,N,BROADWAY,2013,,,,,,,2,NONINCAPACITATING INJURY,1,0,0,1,0,1,0,19,4,7,41.9843969469,-87.6602397139,POINT (-87.660239713857 41.984396946898)
cbb7a33735fa967812dea74e658a8dd8867fc391a5263e8631935dc14fdb4cd3f17035b2216c1d610279ea4601e7a350903059ab49bdc12e59629b56eabce525,,07/30/2025 07:06:00 PM,30,TRAFFIC SIGNAL,FUNCTIONING PROPERLY,CLEAR,DAYLIGHT,PEDALCYCLIST,NOT DIVIDED,,STRAIGHT AND LEVEL,DRY,UNKNOWN,ON SCENE,NO INJURY / DRIVE AWAY,,,,"$501 - $1,500",07/30/2025 07:10:00 PM,UNABLE TO DETERMINE,UNABLE TO DETERMINE,5600,N,CUMBERLAND AVE,1614,,,,,,,2,NO INDICATION OF INJURY,0,0,0,0,0,3,0,19,4,7,41.9812056652,-87.8367285543,POINT (-87.836728554311 41.981205665225)
1f21c8dda1b184919d8f05dbcae85ffa12fdfccd565d65a3fafde45d1a8b939f17323aea7cf8b2e46d1cd8aab52940db83c73bf19df910ef0f3cf91e7ab5bbeb,,07/30/2025 07:03:00 PM,30,STOP SIGN/FLASHER,FUNCTIONING PROPERLY,RAIN,DAYLIGHT,REAR TO SIDE,FOUR WAY,,STRAIGHT AND LEVEL,WET,UNKNOWN,ON SCENE,NO INJURY / DRIVE AWAY,,,N,"OVER $1,500",07/30/2025 07:03:00 PM,DISREGARDING STOP SIGN,WEATHER,10600,S,AVENUE J,432,,,,,,,2,NO INDICATION OF INJURY,0,0,0,0,0,2,0,19,4,7,41.7026370435,-87.534227373,POINT (-87.534227372979 41.702637043466)
ed3d38c7fe28aaa40901b100105bd4df7b29901666f9af1651864390aff94d6a89d0a3373cb818c669a75615f9a80f5f8e4ca179bf9f7ecc4c2d511fb28426a1,,07/30/2025 07:03:00 PM,30,NO CONTROLS,NO CONTROLS,RAIN,"DARKNESS, LIGHTED ROAD",ANGLE,ONE-WAY,,STRAIGHT AND LEVEL,WET,NO DEFECTS,ON SCENE,NO INJURY / DRIVE AWAY,,,,"OVER $1,500",07/30/2025 07:38:00 PM,NOT APPLICABLE,UNABLE TO DETERMINE,2531,S,SACRAMENTO AVE,1033,,,,,,,2,NO INDICATION OF INJURY,0,0,0,0,0,4,0,19,4,7,41.8455590491,-87.7000245093,POINT (-87.700024509297 41.845559049141)
f2ef36ae51f192c21bf1c4e8d72425afcf3127ff2a65039992c50fa55b35f029db0cca23b2127156f6249c63b9b98a15a0bd3e73ae40788780631141686cc8a7,,07/30/2025 07:02:00 PM,30,DELINEATORS,NO CONTROLS,CLEAR,DAYLIGHT,SIDESWIPE SAME DIRECTION,ONE-WAY,,STRAIGHT AND LEVEL,DRY,NO DEFECTS,NOT ON SCENE (DESK REPORT),NO INJURY / DRIVE AWAY,,,,"OVER $1,500",07/30/2025 08:11:00 PM,IMPROPER LANE USAGE,FAILING TO YIELD RIGHT-OF-WAY,617,N,ORLEANS ST,1831,,,,,,,2,NO INDICATION OF INJURY,0,0,0,0,0,2,0,19,4,7,41.8929713294,-87.6369267728,POINT (-87.636926772781 41.892971329366)
e12baedf4f2909ba764823a8a1a48208f90c97a1d3f35981a45bb11f3215dcbfa12783e8920f838d604b906096ac353aece4190a18b96ac07c77cb449a88b6db,,07/30/2025 07:01:00 PM,30,TRAFFIC SIGNAL,FUNCTIONING PROPERLY,RAIN,DAYLIGHT,REAR END,NOT DIVIDED,,STRAIGHT AND LEVEL,WET,NO DEFECTS,ON SCENE,INJURY AND / OR TOW DUE TO CRASH,,,,"OVER $1,500",07/30/2025 07:04:00 PM,FOLLOWING TOO CLOSELY,WEATHER,1334,W,59TH ST,713,,,,,,,2,"REPORTED, NOT EVIDENT",3,0,0,0,3,2,0,19,4,7,41.7869405452,-87.6584809149,POINT (-87.658480914894 41.786940545211)
03c33d83402bb2b4e9d5c82c492624d6f1557b06e533b18c292019933452b070b5f0e4413c0b4c3ddc790c8599f915a72b740aafe1da2a7091de44f10f2b2b59,,07/30/2025 07:00:00 PM,30,NO CONTROLS,NO CONTROLS,RAIN,DAWN,SIDESWIPE SAME DIRECTION,ONE-WAY,,STRAIGHT AND LEVEL,WET,UNKNOWN,NOT ON SCENE (DESK REPORT),NO INJURY / DRIVE AWAY,,,,"OVER $1,500",07/30/2025 07:30:00 PM,IMPROPER TURNING/NO SIGNAL,IMPROPER TURNING/NO SIGNAL,171,E,58TH ST,232,,,,,,,2,NO INDICATION OF INJURY,0,0,0,0,0,3,0,19,4,7,41.7891579794,-87.6207827733,POINT (-87.620782773293 41.78915797938)
29a050be55398eff078043149cea31f9676966f282477fb8f14e50e7f5409ac2dda23d83ae109a57fe69cdedb557e6808b79bc371514f5451159ae853dcd60e7,,07/30/2025 07:00:00 PM,30,NO CONTROLS,NO CONTROLS,CLEAR,DAWN,PARKED MOTOR VEHICLE,NOT DIVIDED,,STRAIGHT AND LEVEL,DRY,NO DEFECTS,ON SCENE,NO INJURY / DRIVE AWAY,,,Y,"OVER $1,500",07/30/2025 07:05:00 PM,UNABLE TO DETERMINE,UNABLE TO DETERMINE,1836,N,KIMBALL AVE,1422,,,,,,,2,NO INDICATION OF INJURY,0,0,0,0,0,1,0,19,4,7,41.914800623,-87.7119832534,POINT (-87.711983253407 41.914800622999)
b5bf39b2eec66ef5a79ecadb21d36c6084491f3386875f679cbe199fdb3aba543b573f7d1a934e290b3e5564b638089000d1bd8caad8bf52f9b52c21c80ca33b,,07/30/2025 07:00:00 PM,30,NO CONTROLS,NO CONTROLS,CLEAR,DUSK,TURNING,DIVIDED - W/MEDIAN (NOT RAISED),,STRAIGHT AND LEVEL,DRY,NO DEFECTS,NOT ON SCENE (DESK REPORT),INJURY AND / OR TOW DUE TO CRASH,,,,"OVER $1,500",07/30/2025 07:34:00 PM,UNABLE TO DETERMINE,UNABLE TO DETERMINE,3935,S,ARCHER AVE,921,,,,,,,2,"REPORTED, NOT EVIDENT",1,0,0,0,1,1,0,19,4,7,41.8220302749,-87.6910659554,POINT (-87.691065955426 41.822030274871)
c3fc1530b5489ad900205854869b5408f17cb51057e2b37ac6a28dcb7bd16c3fa1b4125cdb44baf57fc9e33b8a4659670a62923f0f89563c6e9e536ed5e3a433,Y,07/30/2025 07:00:00 PM,30,NO CONTROLS,NO CONTROLS,UNKNOWN,UNKNOWN,PARKED MOTOR VEHICLE,NOT DIVIDED,,STRAIGHT AND LEVEL,UNKNOWN,NO DEFECTS,NOT ON SCENE (DESK REPORT),NO INJURY / DRIVE AWAY,,,Y,"OVER $1,500",07/30/2025 08:15:00 PM,UNABLE TO DETERMINE,UNABLE TO DETERMINE,3133,S,LAWNDALE AVE,1032,,,,,,,2,NO INDICATION OF INJURY,0,0,0,0,0,1,0,19,4,7,41.8360176973,-87.7168557681,POINT (-87.716855768088 41.836017697252)
725666ff7c7cee215dfe286fe63e73cc88cbb52d665210166fd83b0ef4375e92e264ea529617924e3579a72646db9a54785e7440f685be10dcb16079298682a5,,07/30/2025 06:52:00 PM,30,NO CONTROLS,NO CONTROLS,RAIN,DAYLIGHT,FIXED OBJECT,NOT DIVIDED,,STRAIGHT AND LEVEL,WET,NO DEFECTS,ON SCENE,INJURY AND / OR TOW DUE TO CRASH,,Y,,"$501 - $1,500",07/30/2025 06:53:00 PM,PHYSICAL CONDITION OF DRIVER,NOT APPLICABLE,3141,N,KIMBALL AVE,1412,,,,,,,1,INCAPACITATING INJURY,1,0,1,0,0,2,0,18,4,7,41.9386834137,-87.7123167114,POINT (-87.712316711424 41.938683413657)
0678ef836d388df0365e75cd98ae8c65c4582636ba99e8d359aa264995bdae0cb5cf7b39824699872b50dcc0a9ea65d39dbc98ff418c02a915f0c9815173071d,,07/30/2025 06:33:00 PM,0,NO CONTROLS,NO CONTROLS,CLEAR,DAYLIGHT,PEDALCYCLIST,UNKNOWN INTERSECTION TYPE,,STRAIGHT AND LEVEL,DRY,NO DEFECTS,ON SCENE,NO INJURY / DRIVE AWAY,,,,$500 OR LESS,07/30/2025 06:33:00 PM,UNABLE TO DETERMINE,NOT APPLICABLE,1910,W,FULLERTON AVE,1432,,,,,,,2,NO INDICATION OF INJURY,0,0,0,0,0,2,0,18,4,7,41.9251564407,-87.676293521,POINT (-87.676293521004 41.925156440725)
b0ba57f201cbc5452dcb69f260001ccc3940a0d6a69ae8b4b986e4c0e49470eb71e4144ae658dd459c8d35fe60831b5f34e2f953032de9ca98e5343dc888421e,,07/30/2025 06:31:00 PM,30,STOP SIGN/FLASHER,FUNCTIONING PROPERLY,CLEAR,DAYLIGHT,REAR TO SIDE,DIVIDED - W/MEDIAN (NOT RAISED),,STRAIGHT AND LEVEL,DRY,NO DEFECTS,NOT ON SCENE (DESK REPORT),NO INJURY / DRIVE AWAY,,,,"OVER $1,500",07/30/2025 09:45:00 PM,IMPROPER OVERTAKING/PASSING,IMPROPER OVERTAKING/PASSING,1141,N,HALSTED ST,1822,,,,,,,2,NO INDICATION OF INJURY,0,0,0,0,0,2,0,18,4,7,41.9027503708,-87.6479002555,POINT (-87.647900255539 41.902750370783)
07264b690b483978c670889e75ba28b5da8024062b47ed6708892b2afce80a9995e862c2a9e687547a5f5d2af5975574df3dd8911a25be672fd9a9714c48f698,,07/30/2025 06:30:00 PM,30,TRAFFIC SIGNAL,FUNCTIONING PROPERLY,CLEAR,DAYLIGHT,PEDESTRIAN,NOT DIVIDED,,STRAIGHT AND LEVEL,DRY,WORN SURFACE,ON SCENE,INJURY AND / OR TOW DUE TO CRASH,,,,$500 OR LESS,07/30/2025 06:30:00 PM,NOT APPLICABLE,NOT APPLICABLE,4049,S,CALIFORNIA AVE,921,,,,,,,2,NONINCAPACITATING INJURY,1,0,0,1,0,2,0,18,4,7,41.81945368,-87.6944017448,POINT (-87.694401744802 41.819453680046)
5848fedc60d281c1069f7746617d42a7f7412c90a9435ca3989cf7e259de164ed424fe1ebba00f15f78711cba42cf7b16bdea288c4f65a46220ebc817dc1953a,,07/30/2025 06:30:00 PM,30,NO CONTROLS,NO CONTROLS,CLEAR,DAYLIGHT,HEAD ON,NOT DIVIDED,,STRAIGHT AND LEVEL,DRY,NO DEFECTS,NOT ON SCENE (DESK REPORT),NO INJURY / DRIVE AWAY,Y,,,"OVER $1,500",07/30/2025 07:30:00 PM,UNABLE TO DETERMINE,NOT APPLICABLE,6319,S,TROY ST,823,,,,,,,2,NO INDICATION OF INJURY,0,0,0,0,0,3,0,18,4,7,41.7783733826,-87.7017540245,POINT (-87.701754024507 41.778373382558)
99602841a5ed45ca1fa2b65522d06eb5713df1835d54ae64f5e0d48e645a71b5674aa22c236f82e99d0c9376ed84819c9e1c3fdadcaca0e0e4383421e93699bd,,07/30/2025 06:27:00 PM,30,UNKNOWN,UNKNOWN,OTHER,DAYLIGHT,PARKED MOTOR VEHICLE,DIVIDED - W/MEDIAN (NOT RAISED),,STRAIGHT AND LEVEL,OTHER,UNKNOWN,ON SCENE,NO INJURY / DRIVE AWAY,,,,"OVER $1,500",07/30/2025 06:46:00 PM,UNABLE TO DETERMINE,UNABLE TO DETERMINE,1119,S,CENTRAL PARK AVE,1133,,,,,,,2,NO INDICATION OF INJURY,0,0,0,0,0,1,0,18,4,7,41.8674626722,-87.715306353,POINT (-87.715306353017 41.867462672191)
02e4fa1dd7161982f3fc7007babdcf1d20ced8f60845c42dd858b74ff831515793705a38785bd5a146d76419c27a29a032f486e965fc315b1abd1b0d099d72ac,,07/30/2025 06:20:00 PM,30,UNKNOWN,UNKNOWN,RAIN,DAYLIGHT,REAR END,NOT DIVIDED,,STRAIGHT AND LEVEL,UNKNOWN,UNKNOWN,NOT ON SCENE (DESK REPORT),NO INJURY / DRIVE AWAY,,,,"OVER $1,500",07/30/2025 07:30:00 PM,UNABLE TO DETERMINE,UNABLE TO DETERMINE,810,W,KINZIE ST,1214,,,,,,,2,NO INDICATION OF INJURY,0,0,0,0,0,2,0,18,4,7,41.8891548487,-87.6479786155,POINT (-87.647978615504 41.889154848698)
4b15f8707414d36311cac74e4a2c8d5412275d88ac1166533ea6e308f6f2eb40c3f0cf5d2487bda72ea07abaffd68c23f2382d2d73dec6c36c11976253ccca51,,07/30/2025 06:20:00 PM,30,NO CONTROLS,NO CONTROLS,RAIN,DAYLIGHT,SIDESWIPE SAME DIRECTION,FOUR WAY,,STRAIGHT AND LEVEL,WET,NO DEFECTS,ON SCENE,NO INJURY / DRIVE AWAY,,,,"$501 - $1,500",07/30/2025 06:50:00 PM,FAILING TO YIELD RIGHT-OF-WAY,NOT APPLICABLE,1600,W,18TH ST,1234,,,,,,,2,NO INDICATION OF INJURY,0,0,0,0,0,2,0,18,4,7,41.8579019844,-87.6661809529,POINT (-87.66618095292 41.857901984402)
8235ad1dc6eae6d8e1b83dd9be82a848336b65b3e65c12dd2865c97cc12e523dbcc8ffdf37b1046074a55eb327460c85b04cf417eb446b3bc696ba60629997d3,,07/30/2025 06:17:00 PM,30,NO CONTROLS,NO CONTROLS,CLEAR,DAYLIGHT,REAR END,ONE-WAY,,STRAIGHT AND LEVEL,DRY,NO DEFECTS,NOT ON SCENE (DESK REPORT),NO INJURY / DRIVE AWAY,,,,"OVER $1,500",07/30/2025 10:50:00 PM,FOLLOWING TOO CLOSELY,FOLLOWING TOO CLOSELY,108,W,GRAND AVE,1831,,,,,,,2,NO INDICATION OF INJURY,0,0,0,0,0,6,0,18,4,7,41.8917305369,-87.6315512142,POINT (-87.63155121422 41.891730536855)
0bf1f9c9eb0bc023497ffbd0dd6581b4db4048ccfaa4d32fd984b36cc0bbfa0f220f1936ad2530f246cf4af9b105e1e032c42848650eb8f562f41f006d3b1353,,07/30/2025 06:15:00 PM,35,TRAFFIC SIGNAL,FUNCTIONING PROPERLY,CLEAR,DUSK,REAR END,DIVIDED - W/MEDIAN (NOT RAISED),,STRAIGHT AND LEVEL,DRY,UNKNOWN,NOT ON SCENE (DESK REPORT),NO INJURY / DRIVE AWAY,,,,"OVER $1,500",07/31/2025 07:59:00 AM,UNABLE TO DETERMINE,UNABLE TO DETERMINE,5017,W,DEVON AVE,1621,,,,,,,2,NO INDICATION OF INJURY,0,0,0,0,0,2,0,18,4,7,41.9971935804,-87.7534379137,POINT (-87.753437913733 41.99719358038)