CRASH_RECORD_ID,CRASH_DATE_EST_I,CRASH_DATE,POSTED_SPEED_LIMIT,TRAFFIC_CONTROL_DEVICE,DEVICE_CONDITION,WEATHER_CONDITION,LIGHTING_CONDITION,FIRST_CRASH_TYPE,TRAFFICWAY_TYPE,LANE_CNT,ALIGNMENT,ROADWAY_SURFACE_COND,ROAD_DEFECT,REPORT_TYPE,CRASH_TYPE,INTERSECTION_RELATED_I,NOT_RIGHT_OF_WAY_I,HIT_AND_RUN_I,DAMAGE,DATE_POLICE_NOTIFIED,PRIM_CONTRIBUTORY_CAUSE,SEC_CONTRIBUTORY_CAUSE,STREET_NO,STREET_DIRECTION,STREET_NAME,BEAT_OF_OCCURRENCE,PHOTOS_TAKEN_I,STATEMENTS_TAKEN_I,DOORING_I,WORK_ZONE_I,WORK_ZONE_TYPE,WORKERS_PRESENT_I,NUM_UNITS,MOST_SEVERE_INJURY,INJURIES_TOTAL,INJURIES_FATAL,INJURIES_INCAPACITATING,INJURIES_NON_INCAPACITATING,INJURIES_REPORTED_NOT_EVIDENT,INJURIES_NO_INDICATION,INJURIES_UNKNOWN,CRASH_HOUR,CRASH_DAY_OF_WEEK,CRASH_MONTH,LATITUDE,LONGITUDE,LOCATION
6081545972a4d5e259d1e8b3d3ef708d2a684ac4ec65d6cde1113564220f1357245387a0f6b55d7aca2ff8b01c3632a4d64eb4337c769d5f4c5e3e595f64e704,,07/30/2025 06:13:00 PM,30,TRAFFIC SIGNAL,FUNCTIONING PROPERLY,CLOUDY/OVERCAST,DAYLIGHT,TURNING,T-INTERSECTION,,STRAIGHT AND LEVEL,WET,UNKNOWN,ON SCENE,INJURY AND / OR TOW DUE TO CRASH,Y,,,"$501 - $1,500",07/30/2025 06:13:00 PM,FAILING TO REDUCE SPEED TO AVOID CRASH,FAILING TO REDUCE SPEED TO AVOID CRASH,3056,W,PETERSON AVE,2413,,,,,,,2,NO INDICATION OF INJURY,0,0,0,0,0,8,0,18,4,7,41.9905095921,-87.7065382131,POINT (-87.706538213099 41.990509592089)
478262208732fe1b3403150fda7d6bdc381d1eebcb971921aae1bb99cda91a531798f312a92a047d48690cacf465cfc5dbad071f2db7c6330182df3f0da8429d,,07/30/2025 06:10:00 PM,15,STOP SIGN/FLASHER,FUNCTIONING PROPERLY,CLEAR,DAYLIGHT,TURNING,DIVIDED - W/MEDIAN (NOT RAISED),,STRAIGHT AND LEVEL,DRY,NO DEFECTS,NOT ON SCENE (DESK REPORT),NO INJURY / DRIVE AWAY,,,Y,"OVER $1,500",07/30/2025 06:25:00 PM,UNABLE TO DETERMINE,UNABLE TO DETERMINE,3500,S,LITUANICA AVE,915,,,,,,,2,NO INDICATION OF INJURY,0,0,0,0,0,2,0,18,4,7,41.8306777073,-87.6478611099,POINT (-87.647861109867 41.83067770735)
1f7a923ff3baf030540ad6f248392151a4e9563914236720564afb53974d156cf4dd8af3c71f6c4d1a1e69146507f35c056e6fee99d3c0a55c855a13aa8625d4,,07/30/2025 06:00:00 PM,20,STOP SIGN/FLASHER,FUNCTIONING PROPERLY,RAIN,DAWN,PARKED MOTOR VEHICLE,NOT DIVIDED,,STRAIGHT AND LEVEL,WET,UNKNOWN,NOT ON SCENE (DESK REPORT),NO INJURY / DRIVE AWAY,,,Y,"OVER $1,500",07/31/2025 07:45:00 PM,UNABLE TO DETERMINE,UNABLE TO DETERMINE,308,N,SANGAMON ST,1214,,,,,,,2,NO INDICATION OF INJURY,0,0,0,0,0,1,0,18,4,7,41.8870443422,-87.6511620707,POINT (-87.65116207071 41.887044342163)
74aa786d18916dddd640e13210babb9799bdd4a93dd3cafcc50261e44343cd53bd5be4c1cd07549a11f55b40d700c6812c717b8a5bc7f19815f38dd91082b54e,,07/30/2025 06:00:00 PM,30,NO CONTROLS,NO CONTROLS,CLEAR,DAYLIGHT,REAR END,FOUR WAY,,STRAIGHT AND LEVEL,DRY,UNKNOWN,ON SCENE,INJURY AND / OR TOW DUE TO CRASH,,,,"OVER $1,500",07/30/2025 06:03:00 PM,FOLLOWING TOO CLOSELY,DRIVING SKILLS/KNOWLEDGE/EXPERIENCE,5200,W,NORTH AVE,2532,,Y,,,,,2,NONINCAPACITATING INJURY,5,0,0,5,0,1,0,18,4,7,41.9096103676,-87.7558522787,POINT (-87.755852278737 41.909610367569)
98b7cd545c554fe1bc6701b0ca34933b06b942183178fcdfa3c9cb1a98101d44e165cb56b517cd3831bcbd97e80749c6e8ecda1a601153c52701bcedc718273e,Y,07/30/2025 06:00:00 PM,10,NO CONTROLS,NO CONTROLS,CLEAR,DAYLIGHT,PARKED MOTOR VEHICLE,PARKING LOT,,STRAIGHT AND LEVEL,DRY,UNKNOWN,NOT ON SCENE (DESK REPORT),NO INJURY / DRIVE AWAY,,,,"OVER $1,500",07/30/2025 06:50:00 PM,UNABLE TO DETERMINE,NOT APPLICABLE,1753,N,MILWAUKEE AVE,1434,,,,,,,2,NO INDICATION OF INJURY,0,0,0,0,0,1,0,18,4,7,41.9133424682,-87.6818224808,POINT (-87.681822480813 41.913342468232)
f1ff3cc30bd08e9a3442f5c6f91229867d357fc86cce53a81769b14e6e330589e7c986d4787ed41713bad378254251201ba964443424637aaa7402258e6e9515,,07/30/2025 05:55:00 PM,30,STOP SIGN/FLASHER,NO CONTROLS,CLEAR,DAYLIGHT,SIDESWIPE SAME DIRECTION,ONE-WAY,,STRAIGHT AND LEVEL,DRY,NO DEFECTS,ON SCENE,NO INJURY / DRIVE AWAY,,,,"$501 - $1,500",07/30/2025 06:01:00 PM,FOLLOWING TOO CLOSELY,FOLLOWING TOO CLOSELY,800,E,84TH ST,632,,,,,,,2,NO INDICATION OF INJURY,0,0,0,0,0,2,0,17,4,7,41.7422226808,-87.6049228072,POINT (-87.604922807204 41.742222680793)
01f723b9a25610ca2cc3043e703cb82cfd6785bcd7a5cdf0ed899137f4d66815f96b0713b6491d4d6536af532d0387965a1db58de9a8444226f8c4015fdeb1e5,,07/30/2025 05:50:00 PM,30,NO CONTROLS,NO CONTROLS,CLEAR,DAYLIGHT,SIDESWIPE SAME DIRECTION,ONE-WAY,,STRAIGHT AND LEVEL,DRY,UNKNOWN,NOT ON SCENE (DESK REPORT),NO INJURY / DRIVE AWAY,,,,"OVER $1,500",07/30/2025 08:30:00 PM,UNABLE TO DETERMINE,UNABLE TO DETERMINE,1568,W,VAN BUREN ST,1231,,,,,,,2,NO INDICATION OF INJURY,0,0,0,0,0,2,0,17,4,7,41.8764606299,-87.6666220791,POINT (-87.666622079113 41.876460629864)
621dda762ba18429b4e3a036c794e56f5d25ea3e6acfb08e8727a010e06a82f351d984ed0d2e8ec6f230581762b0c6c0d9aa83491e257e2f10248eb58986c17b,,07/30/2025 05:50:00 PM,30,NO CONTROLS,NO CONTROLS,CLEAR,DAYLIGHT,SIDESWIPE SAME DIRECTION,ONE-WAY,,STRAIGHT AND LEVEL,UNKNOWN,UNKNOWN,NOT ON SCENE (DESK REPORT),NO INJURY / DRIVE AWAY,,,,"OVER $1,500",07/30/2025 07:00:00 PM,UNABLE TO DETERMINE,UNABLE TO DETERMINE,79,W,MONROE ST,112,,,,,,,2,NO INDICATION OF INJURY,0,0,0,0,0,2,0,17,4,7,41.8805885042,-87.6307095387,POINT (-87.630709538662 41.88058850425)
705b572e7cad4a9b7dee5fcef434ab5ba67403820caf55ee02cda7ead64d42c64cea935bb0af8ef383bb40188467f0155b8cfbe439a7433918b91d511f0c2a7e,,07/30/2025 05:45:00 PM,15,NO CONTROLS,NO CONTROLS,RAIN,DAYLIGHT,OTHER OBJECT,ALLEY,,STRAIGHT AND LEVEL,WET,WORN SURFACE,NOT ON SCENE (DESK REPORT),NO INJURY / DRIVE AWAY,,,,"OVER $1,500",07/30/2025 08:50:00 PM,FOLLOWING TOO CLOSELY,NOT APPLICABLE,14,E,JACKSON BLVD,113,,,,,,,1,NO INDICATION OF INJURY,0,0,0,0,0,2,0,17,4,7,41.8783329215,-87.6271789692,POINT (-87.627178969182 41.878332921487)
c7621cfb497b4e14624ec87fffa87bd0051569dcf2e873d1bf3a6f1a2955be78e9ab27efd2800478aa0186b820cd027ab2c11104569a6afba83f2ce5ee3888cf,,07/30/2025 05:45:00 PM,30,NO CONTROLS,NO CONTROLS,CLEAR,DAYLIGHT,TURNING,ONE-WAY,,STRAIGHT AND LEVEL,DRY,NO DEFECTS,ON SCENE,NO INJURY / DRIVE AWAY,,,,"OVER $1,500",07/30/2025 05:55:00 PM,DRIVING SKILLS/KNOWLEDGE/EXPERIENCE,FAILING TO YIELD RIGHT-OF-WAY,512,W,BARRY AVE,1934,,,,,,,2,NO INDICATION OF INJURY,0,0,0,0,0,2,0,17,4,7,41.9377977532,-87.6424618085,POINT (-87.642461808504 41.937797753155)
436c89b1fdec2b6708a38521bed844731aec182afb1cbc8fe79dd2b39570a30e452a65d83ca352669eab123addc5d0b2e780458e6e03a8b31e17992da396fee1,,07/30/2025 05:40:00 PM,15,NO CONTROLS,NO CONTROLS,CLEAR,DAYLIGHT,PARKED MOTOR VEHICLE,ALLEY,,STRAIGHT AND LEVEL,DRY,NO DEFECTS,NOT ON SCENE (DESK REPORT),NO INJURY / DRIVE AWAY,,,,"$501 - $1,500",07/30/2025 06:00:00 PM,UNABLE TO DETERMINE,NOT APPLICABLE,5811,W,CORCORAN PL,1512,,,,,,,2,NO INDICATION OF INJURY,0,0,0,0,0,1,0,17,4,7,41.8870467412,-87.7704966928,POINT (-87.770496692848 41.887046741172)
83ce9ea855d77bb2b1e81ac6b3c4acea5317313ad00b6a62b5e6115892d8dc79f892e51cb5f0505ff085cf2573e5a1b2ba0e6bcd3702ba5b220eeb1cca194c74,,07/30/2025 05:38:00 PM,30,TRAFFIC SIGNAL,FUNCTIONING PROPERLY,CLEAR,DAYLIGHT,REAR END,FOUR WAY,,STRAIGHT AND LEVEL,DRY,NO DEFECTS,NOT ON SCENE (DESK REPORT),INJURY AND / OR TOW DUE TO CRASH,Y,,Y,"OVER $1,500",07/30/2025 06:50:00 PM,FOLLOWING TOO CLOSELY,UNABLE TO DETERMINE,300,N,WESTERN AVE,1222,,,,,,,2,"REPORTED, NOT EVIDENT",1,0,0,0,1,1,0,17,4,7,41.8867217641,-87.6867273643,POINT (-87.686727364298 41.88672176412)
6c8dd79e598c96872322f08dff117107a68250fbad6dc35521a0c79251a84eea8e00d4bb0a69e6c8e5f1d6405b94335e05a415cbf2ca24350749a1b3948ae11b,,07/30/2025 05:35:00 PM,30,STOP SIGN/FLASHER,FUNCTIONING PROPERLY,CLEAR,DAYLIGHT,REAR END,NOT DIVIDED,,STRAIGHT AND LEVEL,DRY,NO DEFECTS,ON SCENE,INJURY AND / OR TOW DUE TO CRASH,Y,,,"OVER $1,500",07/30/2025 05:45:00 PM,UNABLE TO DETERMINE,NOT APPLICABLE,2568,W,35TH ST,911,,,,,,,2,"REPORTED, NOT EVIDENT",1,0,0,0,1,3,0,17,4,7,41.8302998653,-87.6898756244,POINT (-87.689875624392 41.830299865299)
eca55e57b0dd84f4d3cf956e1ad5eae9206ada664604b4986db769fcd4f73b2ae366eb72565d32093aab273595b5ce18c51981faee9b78be45693febfa867c4a,,07/30/2025 05:30:00 PM,30,TRAFFIC SIGNAL,FUNCTIONING PROPERLY,CLEAR,DAYLIGHT,REAR END,DIVIDED - W/MEDIAN (NOT RAISED),,STRAIGHT AND LEVEL,WET,UNKNOWN,NOT ON SCENE (DESK REPORT),NO INJURY / DRIVE AWAY,,,,"OVER $1,500",07/31/2025 11:00:00 AM,FOLLOWING TOO CLOSELY,UNABLE TO DETERMINE,4400,N,PULASKI RD,1722,,,,,,,2,NO INDICATION OF INJURY,0,0,0,0,0,2,0,17,4,7,41.9610237213,-87.727977456,POINT (-87.727977455957 41.961023721271)
b8ba20fa155012fe520809fc360afd9f83c7f0e44ff5f197fc0777d7473612a579d1aa41f9bcf3c2619463c767c2b25fd8ca9e854ba9881010474ea99bd461d0,,07/30/2025 05:20:00 PM,30,NO CONTROLS,NO CONTROLS,CLEAR,DAYLIGHT,TURNING,DIVIDED - W/MEDIAN (NOT RAISED),,STRAIGHT AND LEVEL,DRY,NO DEFECTS,NOT ON SCENE (DESK REPORT),NO INJURY / DRIVE AWAY,Y,,,"OVER $1,500",07/30/2025 06:45:00 PM,FAILING TO YIELD RIGHT-OF-WAY,UNABLE TO DETERMINE,3500,W,IRVING PARK RD,1723,,,,,,,2,NO INDICATION OF INJURY,0,0,0,0,0,2,0,17,4,7,41.953930482,-87.7154261961,POINT (-87.715426196115 41.953930481958)
88f910d9f3e0211860751a9e3b2244ec76c85b7e0c5a7077624c18d38dd69d59eafd3befc0792c5f72ffb9caca56ac7e216484431d80be94ddf6003cb3a18616,,07/30/2025 05:19:00 PM,30,UNKNOWN,UNKNOWN,CLEAR,DAYLIGHT,REAR END,NOT DIVIDED,,STRAIGHT AND LEVEL,UNKNOWN,UNKNOWN,NOT ON SCENE (DESK REPORT),NO INJURY / DRIVE AWAY,,,,"OVER $1,500",07/30/2025 06:30:00 PM,UNABLE TO DETERMINE,UNABLE TO DETERMINE,1642,W,59TH ST,715,Y,,,,,,2,NO INDICATION OF INJURY,0,0,0,0,0,2,0,17,4,7,41.7868368329,-87.6661381065,POINT (-87.666138106515 41.786836832914)
259016dcdc682fdf480e9ed1ce3c0a09a0882b5e47f3e7f2ddbeda6480f79603b0bd85b6172ab18640c60db1e45d249758952aefbe40a4e49928f2d9c256d711,,07/30/2025 05:15:00 PM,30,UNKNOWN,UNKNOWN,RAIN,DAYLIGHT,REAR END,NOT DIVIDED,,STRAIGHT AND LEVEL,UNKNOWN,UNKNOWN,NOT ON SCENE (DESK REPORT),NO INJURY / DRIVE AWAY,,,,"OVER $1,500",07/30/2025 06:28:00 PM,UNABLE TO DETERMINE,UNABLE TO DETERMINE,60,W,WALTON ST,1832,,,,,,,2,NO INDICATION OF INJURY,0,0,0,0,0,2,0,17,4,7,41.8999082903,-87.6305533977,POINT (-87.630553397691 41.899908290324)
37c2fb22602600969901ee0e0e6ef968c917e91b317e930252842760714781b298cf582efcb0fe572f39405481ea3308eba86e4f2148b53f6ed72f376763b6b5,,07/30/2025 05:15:00 PM,30,NO CONTROLS,NO CONTROLS,UNKNOWN,UNKNOWN,SIDESWIPE SAME DIRECTION,NOT DIVIDED,,STRAIGHT AND LEVEL,UNKNOWN,UNKNOWN,NOT ON SCENE (DESK REPORT),NO INJURY / DRIVE AWAY,,,,"OVER $1,500",07/30/2025 07:00:00 PM,IMPROPER OVERTAKING/PASSING,IMPROPER OVERTAKING/PASSING,6839,N,SHERIDAN RD,2431,,,,,,,2,NO INDICATION OF INJURY,0,0,0,0,0,2,0,17,4,7,42.0067314328,-87.6611321233,POINT (-87.661132123251 42.006731432834)
53f76a92a3ef9678daa638356d290a5a2f042ce1b6c6dd1f889f44ea12b83ae19f247364228251ca10d307a4e387fd141fbfeb8234e3f720aaf60a2963a887c9,,07/30/2025 05:15:00 PM,30,NO CONTROLS,NO CONTROLS,CLEAR,DAYLIGHT,PARKED MOTOR VEHICLE,NOT DIVIDED,,STRAIGHT AND LEVEL,DRY,NO DEFECTS,NOT ON SCENE (DESK REPORT),NO INJURY / DRIVE AWAY,,,Y,"OVER $1,500",07/30/2025 06:45:00 PM,IMPROPER OVERTAKING/PASSING,NOT APPLICABLE,3300,N,BROADWAY,1925,,,,,,,2,NO INDICATION OF INJURY,0,0,0,0,0,1,0,17,4,7,41.941883022,-87.644605003,POINT (-87.644605003003 41.941883022027)
7457fc23234b0b3e33484d44b624b8872f6106d5de178e81330229114eb0a833ca091d86e4846237d6256a1a2b6eb84d7dad1185a0d9565d005e559bea06b139,,07/30/2025 05:15:00 PM,30,NO CONTROLS,NO CONTROLS,RAIN,DAYLIGHT,HEAD ON,NOT DIVIDED,,STRAIGHT AND LEVEL,WET,NO DEFECTS,ON SCENE,NO INJURY / DRIVE AWAY,,,,"OVER $1,500",07/30/2025 05:16:00 PM,IMPROPER LANE USAGE,IMPROPER LANE USAGE,2610,W,DEVON AVE,2412,,,,,,,2,NO INDICATION OF INJURY,0,0,0,0,0,2,0,17,4,7,41.9977473006,-87.6952511581,POINT (-87.695251158076 41.997747300648)
2c714764006440a2c58e608fcb7545f20f08db17e26c66ebb37384c7645daeb7524278831fdbf631712332e794330344116b4645ececc3311447588dd06f426a,,07/30/2025 05:10:00 PM,20,NO CONTROLS,NO CONTROLS,CLEAR,DAYLIGHT,ANGLE,PARKING LOT,,STRAIGHT AND LEVEL,DRY,NO DEFECTS,,NO INJURY / DRIVE AWAY,,,,$500 OR LESS,07/30/2025 05:50:00 PM,FAILING TO YIELD RIGHT-OF-WAY,NOT APPLICABLE,2555,S,BLUE ISLAND AVE,1034,,,,,,,2,NO INDICATION OF INJURY,0,0,0,0,0,2,0,17,4,7,41.8456329083,-87.6830124492,POINT (-87.683012449239 41.845632908315)
2dc50c3f2c21286fe519b22eb8324d6dd3b0b9b832410f44e90f48317fac195e4288a942d2b099f65008b728f4843fa2abbf5a5c81bd117877376ed2680bf6ce,,07/30/2025 05:10:00 PM,30,STOP SIGN/FLASHER,FUNCTIONING PROPERLY,CLOUDY/OVERCAST,DAYLIGHT,REAR END,DIVIDED - W/MEDIAN (NOT RAISED),,STRAIGHT AND LEVEL,DRY,NO DEFECTS,NOT ON SCENE (DESK REPORT),NO INJURY / DRIVE AWAY,,,,"OVER $1,500",07/30/2025 07:59:00 PM,FOLLOWING TOO CLOSELY,DRIVING SKILLS/KNOWLEDGE/EXPERIENCE,839,N,OGDEN AVE,1213,,,,,,,2,NO INDICATION OF INJURY,0,0,0,0,0,2,0,17,4,7,41.8973925038,-87.6534540027,POINT (-87.653454002729 41.897392503793)
c26eee949dded6a2243bfcb82f6944e5009d4eb2f5059dd77f6763a68f6d2038bb40c2edff46fb1158184b7a5f6e755a71b3af76467d01e092b61561f37f3dfe,,07/30/2025 05:05:00 PM,15,NO CONTROLS,NO CONTROLS,CLOUDY/OVERCAST,DAYLIGHT,PARKED MOTOR VEHICLE,PARKING LOT,,STRAIGHT AND LEVEL,WET,UNKNOWN,ON SCENE,NO INJURY / DRIVE AWAY,,,,"OVER $1,500",07/30/2025 05:10:00 PM,UNABLE TO DETERMINE,NOT APPLICABLE,10000,W,OHARE ST,1651,,,,,,,2,NO INDICATION OF INJURY,0,0,0,0,0,1,0,17,4,7,41.976201139,-87.9053091251,POINT (-87.905309125103 41.976201139024)
45fc2d27affd8fdbcdd2e1c52f0404b30aa6bd6547508e35101a54ee8bcab5309b9663a9a71b75fb72b3f342da5dab3b639985f64c118e441d32c7e5934c2089,,07/30/2025 05:04:00 PM,30,UNKNOWN,UNKNOWN,CLEAR,DAYLIGHT,SIDESWIPE SAME DIRECTION,DIVIDED - W/MEDIAN (NOT RAISED),,STRAIGHT AND LEVEL,DRY,UNKNOWN,ON SCENE,INJURY AND / OR TOW DUE TO CRASH,,,,"OVER $1,500",07/30/2025 05:55:00 PM,IMPROPER OVERTAKING/PASSING,IMPROPER OVERTAKING/PASSING,6258,S,YALE AVE,711,,,,,,,2,INCAPACITATING INJURY,1,0,1,0,0,2,0,17,4,7,41.7799726778,-87.6319808168,POINT (-87.631980816767 41.779972677795)
e3afa994e8c9739978f1c5c5ddc5250d0fcf3dd3c877ca5eaa7fe7e0d7398be28ad565b98a8f166329fbbd1ea5aa4664916be57e12b059eafd9a701c0a1dab08,,07/30/2025 05:03:00 PM,25,TRAFFIC SIGNAL,FUNCTIONING PROPERLY,CLEAR,DAYLIGHT,REAR END,NOT DIVIDED,,STRAIGHT AND LEVEL,DRY,NO DEFECTS,NOT ON SCENE (DESK REPORT),NO INJURY / DRIVE AWAY,,,,"OVER $1,500",07/30/2025 06:42:00 PM,NOT APPLICABLE,NOT APPLICABLE,301,E,LOWER WACKER DR,114,,,,,,,2,NO INDICATION OF INJURY,0,0,0,0,0,2,0,17,4,7,41.8876722207,-87.6205739399,POINT (-87.620573939863 41.887672220686)
0db54d6b9e7cc8fd9c10c5c5110b5b1cfd440783e2ff5e99629df833da7385d0cf6f1499611e585d28da0eabb17f9ba07d45c14034f0284c9979b4d4b9f9077e,,07/30/2025 05:00:00 PM,35,UNKNOWN,UNKNOWN,CLEAR,DAYLIGHT,REAR END,NOT DIVIDED,,STRAIGHT AND LEVEL,DRY,NO DEFECTS,NOT ON SCENE (DESK REPORT),NO INJURY / DRIVE AWAY,,,,"$501 - $1,500",07/30/2025 08:00:00 PM,UNABLE TO DETERMINE,NOT APPLICABLE,3200,N,CUMBERLAND AVE,1631,,,,,,,2,NO INDICATION OF INJURY,0,0,0,0,0,2,0,17,4,7,41.9376389053,-87.8362097495,POINT (-87.836209749528 41.937638905337)
18861b0029b948e17df9d080a145ad562a8e3994a204732e5a080db0682ca9b5a589f1d6a5394921324db00b3bd30aba617e337560069998b9f69dbfc4af1029,,07/30/2025 05:00:00 PM,15,NO CONTROLS,NO CONTROLS,CLEAR,DAYLIGHT,PARKED MOTOR VEHICLE,ONE-WAY,,STRAIGHT AND LEVEL,DRY,NO DEFECTS,NOT ON SCENE (DESK REPORT),NO INJURY / DRIVE AWAY,,,Y,"OVER $1,500",07/31/2025 09:45:00 AM,DRIVING ON WRONG SIDE/WRONG WAY,IMPROPER LANE USAGE,658,W,ALDINE AVE,1925,,,,,,,2,NO INDICATION OF INJURY,0,0,0,0,0,1,0,17,4,7,41.9419471359,-87.6466822387,POINT (-87.646682238741 41.941947135883)
316ad3f92d455e4266a0b9130296b7596ed30eb677010612b61798866dfba2354c104510cad07bf5b0d5d94c0e78067d2b0535d3a0c6c78933c1af309c6b196e,,07/30/2025 05:00:00 PM,30,NO CONTROLS,NO CONTROLS,RAIN,DAYLIGHT,PARKED MOTOR VEHICLE,ONE-WAY,,STRAIGHT AND LEVEL,WET,NO DEFECTS,NOT ON SCENE (DESK REPORT),NO INJURY / DRIVE AWAY,,,Y,"OVER $1,500",07/31/2025 10:54:00 AM,UNABLE TO DETERMINE,NOT APPLICABLE,7500,S,INDIANA AVE,623,,,,,,,2,NO INDICATION OF INJURY,0,0,0,0,0,1,0,17,4,7,41.7582283917,-87.6200714639,POINT (-87.620071463936 41.758228391668)
bd757825a56e8d484c7a733667ca9fb847500a0c56ab6495655063a090586b4ca3898854d4157990862e455bd53ed71f478282dd8f2c565bd09baca361d5ff4b,,07/30/2025 05:00:00 PM,30,NO CONTROLS,NO CONTROLS,CLEAR,DAYLIGHT,REAR END,NOT DIVIDED,,STRAIGHT AND LEVEL,WET,NO DEFECTS,,INJURY AND / OR TOW DUE TO CRASH,Y,,,"OVER $1,500",07/30/2025 05:15:00 PM,UNABLE TO DETERMINE,NOT APPLICABLE,3900,S,WESTERN AVE,921,,,,,,,2,"REPORTED, NOT EVIDENT",1,0,0,0,1,1,0,17,4,7,41.8229542941,-87.685012986,POINT (-87.685012986006 41.822954294114)
c62a19576aac604728525f4d7e69379b0744bb79afb7ff7f5b36299b4700fceb49fc4e6ed9b514ca6818e6b178e38607ce6ee37ada5ffdcedd52d8518c330168,,07/30/2025 05:00:00 PM,30,UNKNOWN,UNKNOWN,RAIN,DAYLIGHT,REAR END,DIVIDED - W/MEDIAN BARRIER,,STRAIGHT AND LEVEL,UNKNOWN,UNKNOWN,NOT ON SCENE (DESK REPORT),NO INJURY / DRIVE AWAY,,,,"OVER $1,500",07/30/2025 06:00:00 PM,UNABLE TO DETERMINE,UNABLE TO DETERMINE,1350,S,LAKE SHORE DR SB,132,,,,,,,2,NO INDICATION OF INJURY,0,0,0,0,0,2,0,17,4,7,41.8644214983,-87.6193890523,POINT (-87.619389052281 41.864421498276)
cfcd6f69546a232239e6f8b7fd09f593e40f5b34d354a6a8ddee19317e8b96d7d899f7f74fa178a9c4b63a95a770fe7dd43960d1438fbcd056018f597e6d0fba,,07/30/2025 05:00:00 PM,30,TRAFFIC SIGNAL,FUNCTIONING PROPERLY,CLEAR,DAYLIGHT,REAR END,NOT DIVIDED,,STRAIGHT AND LEVEL,UNKNOWN,NO DEFECTS,NOT ON SCENE (DESK REPORT),NO INJURY / DRIVE AWAY,Y,,,"OVER $1,500",07/30/2025 07:50:00 PM,FOLLOWING TOO CLOSELY,WEATHER,4000,W,DIVERSEY AVE,2523,,,,,,,2,NO INDICATION OF INJURY,0,0,0,0,0,2,0,17,4,7,41.9318977231,-87.7271050305,POINT (-87.727105030454 41.931897723146)
d9c1f1dc361314bb2ce9ff1cf30ef669b03a4a7d005f827b0d0262e2259f21ed00448b1d1b21f30a2f9d020f91babb7a7c23bad3f1bbaa1a940881ba50759548,,07/30/2025 05:00:00 PM,30,UNKNOWN,UNKNOWN,UNKNOWN,DAYLIGHT,SIDESWIPE SAME DIRECTION,NOT DIVIDED,,STRAIGHT AND LEVEL,UNKNOWN,UNKNOWN,NOT ON SCENE (DESK REPORT),NO INJURY / DRIVE AWAY,,,Y,"OVER $1,500",07/30/2025 06:40:00 PM,IMPROPER OVERTAKING/PASSING,NOT APPLICABLE,25,E,MADISON ST,112,,,,,,,2,NO INDICATION OF INJURY,0,0,0,0,0,2,0,17,4,7,41.8819628772,-87.6269483379,POINT (-87.626948337943 41.881962877245)
dabd04977e2a03005072ce35e063fa20435695bf302bdb7721168cb3c0e7cacc0acaab0d2ccc8ad924f9fcc86130082cafba1fa7e4a4c77a3c34a33a8cbc64d0,,07/30/2025 05:00:00 PM,30,TRAFFIC SIGNAL,FUNCTIONING PROPERLY,UNKNOWN,UNKNOWN,SIDESWIPE SAME DIRECTION,DIVIDED - W/MEDIAN (NOT RAISED),,STRAIGHT AND LEVEL,UNKNOWN,UNKNOWN,NOT ON SCENE (DESK REPORT),NO INJURY / DRIVE AWAY,,,Y,"OVER $1,500",07/30/2025 07:45:00 PM,UNABLE TO DETERMINE,UNABLE TO DETERMINE,200,N,STATE ST,111,,,,,,,2,NO INDICATION OF INJURY,0,0,0,0,0,2,0,17,4,7,41.8857746413,-87.6280874811,POINT (-87.628087481118 41.885774641252)
9a6c19215849d00b9eac6b0b0bcea92bb6bf5af655d7916e9b3f95124e2787690f06a806f5164c9262c6faec7eea56cc7c0c64df9b1eb3cee24c8d77091be3d0,,07/30/2025 04:53:00 PM,30,TRAFFIC SIGNAL,NO CONTROLS,CLEAR,DAYLIGHT,REAR END,DIVIDED - W/MEDIAN (NOT RAISED),,STRAIGHT AND LEVEL,DRY,NO DEFECTS,NOT ON SCENE (DESK REPORT),NO INJURY / DRIVE AWAY,Y,,,"OVER $1,500",07/30/2025 06:00:00 PM,FOLLOWING TOO CLOSELY,UNABLE TO DETERMINE,3727,N,ELSTON AVE,1733,,,,,,,2,NO INDICATION OF INJURY,0,0,0,0,0,5,0,16,4,7,41.9491863509,-87.7123658575,POINT (-87.712365857467 41.949186350939)
38c89c32dd3d123489f8b54395951e0a26b47f1bbe7f64b04b017537cc3b662bc778d68dfa4958a2bd8240e7b40cf2cc337a4e984d559e8b2f443995e03095b0,,07/30/2025 04:45:00 PM,10,NO CONTROLS,NO CONTROLS,CLEAR,DAYLIGHT,FIXED OBJECT,DRIVEWAY,,STRAIGHT AND LEVEL,WET,NO DEFECTS,NOT ON SCENE (DESK REPORT),NO INJURY / DRIVE AWAY,,Y,,"$501 - $1,500",07/30/2025 06:10:00 PM,UNABLE TO DETERMINE,NOT APPLICABLE,4314,S,WABASH AVE,215,,,,,,,1,NO INDICATION OF INJURY,0,0,0,0,0,3,0,16,4,7,41.8160141885,-87.6247901187,POINT (-87.624790118678 41.816014188459)