CRASH_RECORD_ID,CRASH_DATE_EST_I,CRASH_DATE,POSTED_SPEED_LIMIT,TRAFFIC_CONTROL_DEVICE,DEVICE_CONDITION,WEATHER_CONDITION,LIGHTING_CONDITION,FIRST_CRASH_TYPE,TRAFFICWAY_TYPE,LANE_CNT,ALIGNMENT,ROADWAY_SURFACE_COND,ROAD_DEFECT,REPORT_TYPE,CRASH_TYPE,INTERSECTION_RELATED_I,NOT_RIGHT_OF_WAY_I,HIT_AND_RUN_I,DAMAGE,DATE_POLICE_NOTIFIED,PRIM_CONTRIBUTORY_CAUSE,SEC_CONTRIBUTORY_CAUSE,STREET_NO,STREET_DIRECTION,STREET_NAME,BEAT_OF_OCCURRENCE,PHOTOS_TAKEN_I,STATEMENTS_TAKEN_I,DOORING_I,WORK_ZONE_I,WORK_ZONE_TYPE,WORKERS_PRESENT_I,NUM_UNITS,MOST_SEVERE_INJURY,INJURIES_TOTAL,INJURIES_FATAL,INJURIES_INCAPACITATING,INJURIES_NON_INCAPACITATING,INJURIES_REPORTED_NOT_EVIDENT,INJURIES_NO_INDICATION,INJURIES_UNKNOWN,CRASH_HOUR,CRASH_DAY_OF_WEEK,CRASH_MONTH,LATITUDE,LONGITUDE,LOCATION
7f89fdb2a34bd09b1d186ce956fe4d8ca41051b65c7fa73048559424cc0bb97346f9fe887f8438a01abce567604ceb48c5fce03d01e5e9865f8c1948369fffca,,07/30/2025 04:45:00 PM,30,NO CONTROLS,NO CONTROLS,CLEAR,DAYLIGHT,TURNING,NOT DIVIDED,,STRAIGHT AND LEVEL,DRY,UNKNOWN,NOT ON SCENE (DESK REPORT),NO INJURY / DRIVE AWAY,,,,"OVER $1,500",07/30/2025 05:18:00 PM,IMPROPER TURNING/NO SIGNAL,NOT APPLICABLE,904,W,87TH ST,613,,,,,,,2,NO INDICATION OF INJURY,0,0,0,0,0,2,0,16,4,7,41.7361423239,-87.6464542473,POINT (-87.646454247275 41.736142323932)
ccb982714b5bacba5544fa3fee50d572a2882a56428e6adeaedf3ece07165e4e93d8710b600ac35a70ee5504e5b629e4d7023742264a53e636af0204ed940039,,07/30/2025 04:45:00 PM,15,NO CONTROLS,NO CONTROLS,CLEAR,DAYLIGHT,FIXED OBJECT,RAMP,,"CURVE, LEVEL",WET,NO DEFECTS,ON SCENE,NO INJURY / DRIVE AWAY,,,,"OVER $1,500",07/30/2025 05:00:00 PM,DRIVING SKILLS/KNOWLEDGE/EXPERIENCE,NOT APPLICABLE,4314,S,WABASH AVE,215,,,,,,,1,NO INDICATION OF INJURY,0,0,0,0,0,1,0,16,4,7,41.8160141885,-87.6247901187,POINT (-87.624790118678 41.816014188459)
b17b740a9c55629df30cf01764f6ec5fc8640b0477e1664a1e70625e9023fdbff9bc03cb4e75a1dbee49e2a2c32b48269c604e0ce6b76e067019a3c1dd9b5723,,07/30/2025 04:42:00 PM,30,NO CONTROLS,UNKNOWN,CLEAR,DAYLIGHT,SIDESWIPE SAME DIRECTION,ONE-WAY,,STRAIGHT AND LEVEL,WET,NO DEFECTS,NOT ON SCENE (DESK REPORT),NO INJURY / DRIVE AWAY,,,,$500 OR LESS,07/30/2025 06:14:00 PM,IMPROPER OVERTAKING/PASSING,NOT APPLICABLE,60,E,SUPERIOR ST,1833,,,,,,,2,NO INDICATION OF INJURY,0,0,0,0,0,2,0,16,4,7,41.8958263727,-87.6258105835,POINT (-87.625810583484 41.895826372695)
0042db7e9a52825f41720d1e65fb692f95e6d2734575f6f943d71ae9785741a034fe2cba56ba2fed02e791039de6aa7a52331f27bb11c978cc5579f050539dbc,,07/30/2025 04:40:00 PM,30,TRAFFIC SIGNAL,FUNCTIONING PROPERLY,CLOUDY/OVERCAST,DAYLIGHT,SIDESWIPE SAME DIRECTION,DIVIDED - W/MEDIAN (NOT RAISED),,STRAIGHT AND LEVEL,DRY,NO DEFECTS,NOT ON SCENE (DESK REPORT),NO INJURY / DRIVE AWAY,,,Y,"OVER $1,500",07/30/2025 08:00:00 PM,IMPROPER OVERTAKING/PASSING,UNABLE TO DETERMINE,4802,N,CICERO AVE,1623,,,,,,,2,NO INDICATION OF INJURY,0,0,0,0,0,6,0,16,4,7,41.9681116837,-87.7478914935,POINT (-87.74789149353 41.968111683735)
bda12cfded0e073e144b55a0058bf5de2e226ba44311fa844ffe1ad834b6282d4a451e6b504ba33c3e41a305608ab4d3117b79c333b79f538ee6921c30fe1282,,07/30/2025 04:40:00 PM,30,TRAFFIC SIGNAL,FUNCTIONING PROPERLY,UNKNOWN,DAYLIGHT,REAR END,NOT DIVIDED,,STRAIGHT AND LEVEL,UNKNOWN,UNKNOWN,NOT ON SCENE (DESK REPORT),NO INJURY / DRIVE AWAY,,,,"OVER $1,500",07/30/2025 04:50:00 PM,UNABLE TO DETERMINE,NOT APPLICABLE,5801,W,FULLERTON AVE,2515,,,,,,,2,NO INDICATION OF INJURY,0,0,0,0,0,2,0,16,4,7,41.923794554,-87.7709111387,POINT (-87.77091113871 41.923794553965)
6a1600d18c8cdc0a042361c15da0bf5621200498a9accdcb811152ddb434eb560a27ee9eba8a8bac227c0eab64ecb7c44cc95bfced436cda0ebd00e866baaebd,,07/30/2025 04:39:00 PM,30,TRAFFIC SIGNAL,FUNCTIONING PROPERLY,CLOUDY/OVERCAST,DAYLIGHT,REAR END,ONE-WAY,,STRAIGHT AND LEVEL,WET,NO DEFECTS,NOT ON SCENE (DESK REPORT),NO INJURY / DRIVE AWAY,,,Y,"OVER $1,500",07/30/2025 05:00:00 PM,UNABLE TO DETERMINE,UNABLE TO DETERMINE,4400,W,CONGRESS PKWY,1131,,,,,,,2,NO INDICATION OF INJURY,0,0,0,0,0,2,0,16,4,7,41.8743399012,-87.7353653588,POINT (-87.735365358848 41.874339901217)
0380f73a5cb4cfa323f5d6fd2f850b18dad4d947bc077c5b7a700631a124140916ba5eba56d83b6179ffd5ddfd0cd1407f40d090097b8f89ff7ee514f473aa8c,,07/30/2025 04:30:00 PM,35,NO CONTROLS,NO CONTROLS,CLEAR,DAYLIGHT,REAR END,NOT DIVIDED,,STRAIGHT AND LEVEL,DRY,NO DEFECTS,NOT ON SCENE (DESK REPORT),NO INJURY / DRIVE AWAY,,,,"$501 - $1,500",07/30/2025 05:00:00 PM,UNABLE TO DETERMINE,NOT APPLICABLE,3519,N,CICERO AVE,1731,,,,,,,2,NO INDICATION OF INJURY,0,0,0,0,0,4,0,16,4,7,41.9452385534,-87.7468918112,POINT (-87.746891811225 41.945238553433)
0ed523811384a513a7653d8526314effdf16daed2ff4e66c4b236086be99f428f3e7b9f60d3527edd35744b0af5d501cbd6fcdcd2af883a6ced1de692403a5f5,,07/30/2025 04:30:00 PM,30,TRAFFIC SIGNAL,FUNCTIONING PROPERLY,CLEAR,DAYLIGHT,REAR END,NOT DIVIDED,,STRAIGHT AND LEVEL,UNKNOWN,UNKNOWN,NOT ON SCENE (DESK REPORT),NO INJURY / DRIVE AWAY,Y,,,$500 OR LESS,07/30/2025 06:00:00 PM,UNABLE TO DETERMINE,UNABLE TO DETERMINE,2304,S,WOOD ST,1034,,,,,,,2,NO INDICATION OF INJURY,0,0,0,0,0,2,0,16,4,7,41.85024927,-87.6710224257,POINT (-87.671022425684 41.850249270025)
28341bcdaf0e2b668b85895fc12563e8119513a1758ad533885231f88f25f2ebe6710599ce40306862d3236fa6114a49f69a0ed4fa577f3c978e4232fdf71106,,07/30/2025 04:30:00 PM,30,TRAFFIC SIGNAL,FUNCTIONING PROPERLY,CLEAR,DAYLIGHT,TURNING,FOUR WAY,,STRAIGHT AND LEVEL,UNKNOWN,NO DEFECTS,NOT ON SCENE (DESK REPORT),NO INJURY / DRIVE AWAY,Y,,Y,"OVER $1,500",07/30/2025 08:35:00 PM,FAILING TO REDUCE SPEED TO AVOID CRASH,NOT APPLICABLE,10020,W,BALMORAL AVE,1654,,,,,,,2,NO INDICATION OF INJURY,0,0,0,0,0,2,0,16,4,7,,,
36028e4072c2cb3123518b9f1dfdb0fc2e6323c44d71af78ccb146958565572d4423076fe177de682b278a660c589c16547ae476ba7a1d9c2eb02f151e688a37,,07/30/2025 04:30:00 PM,20,NO CONTROLS,NO CONTROLS,CLEAR,DAYLIGHT,PARKED MOTOR VEHICLE,ONE-WAY,,STRAIGHT AND LEVEL,DRY,NO DEFECTS,ON SCENE,NO INJURY / DRIVE AWAY,,,Y,"$501 - $1,500",07/31/2025 10:40:00 AM,IMPROPER LANE USAGE,IMPROPER LANE USAGE,6810,S,PERRY AVE,722,,,,,,,2,NO INDICATION OF INJURY,0,0,0,0,0,1,0,16,4,7,41.7705249805,-87.6284469909,POINT (-87.628446990872 41.770524980517)
3d82d7ba26d097167a0d282053ca7a3fbb8646ce2b54d57e2189474526ed5609f2e31a177f3ad0b8121b860dc7ed924ff2981d1999d22493b9c1b57dc9092ce8,,07/30/2025 04:30:00 PM,35,NO CONTROLS,NO CONTROLS,UNKNOWN,UNKNOWN,SIDESWIPE SAME DIRECTION,NOT DIVIDED,,STRAIGHT AND LEVEL,UNKNOWN,UNKNOWN,NOT ON SCENE (DESK REPORT),NO INJURY / DRIVE AWAY,,,Y,"OVER $1,500",07/31/2025 08:45:00 AM,FAILING TO YIELD RIGHT-OF-WAY,IMPROPER LANE USAGE,3346,S,HALSTED ST,913,,,,,,,2,NO INDICATION OF INJURY,0,0,0,0,0,2,0,16,4,7,41.8334536711,-87.6463161132,POINT (-87.646316113176 41.83345367106)
9b3edc28fbecb474f83385380556636f40f2419283136e915202bc010f74ec377424626c0e4a404909e771f9fd196e19ccd43cc141b9ace4c7a6c562421e7f54,,07/30/2025 04:30:00 PM,30,NO CONTROLS,NO CONTROLS,CLEAR,DAYLIGHT,TURNING,NOT DIVIDED,,STRAIGHT AND LEVEL,WET,NO DEFECTS,ON SCENE,INJURY AND / OR TOW DUE TO CRASH,,,,"OVER $1,500",07/30/2025 04:38:00 PM,FOLLOWING TOO CLOSELY,UNABLE TO DETERMINE,10055,S,TORRENCE AVE,431,,,,,,,2,NO INDICATION OF INJURY,0,0,0,0,0,2,0,16,4,7,41.7120940439,-87.5595838926,POINT (-87.559583892608 41.712094043947)
a8736e5e5c7cb9e31bf1d38232728fee2ca2e8e0f740100029dff19d2fcf092aa99727b86a4293b991063e3eb20e26aa64e6beed9d9254de1a8b046217111a61,,07/30/2025 04:30:00 PM,30,TRAFFIC SIGNAL,UNKNOWN,CLEAR,DAYLIGHT,REAR END,ONE-WAY,,STRAIGHT AND LEVEL,WET,NO DEFECTS,NOT ON SCENE (DESK REPORT),NO INJURY / DRIVE AWAY,,,Y,"OVER $1,500",07/30/2025 04:45:00 PM,FOLLOWING TOO CLOSELY,UNABLE TO DETERMINE,3800,W,CONGRESS PKWY,1133,,,,,,,2,NO INDICATION OF INJURY,0,0,0,0,0,5,0,16,4,7,41.8745518803,-87.7204536586,POINT (-87.720453658604 41.874551880336)
d50f2073e1fb7eddcbbb5bbab8dd62480d8938fe17c7a3cdfed15820b06ce4258b444fe10b1f28d44902659e3495238a4733e6f342fcb93e465ee8dae1a8a3e9,,07/30/2025 04:30:00 PM,30,TRAFFIC SIGNAL,FUNCTIONING PROPERLY,CLOUDY/OVERCAST,DAYLIGHT,REAR END,T-INTERSECTION,,STRAIGHT AND LEVEL,WET,NO DEFECTS,,NO INJURY / DRIVE AWAY,Y,,,"OVER $1,500",07/30/2025 05:00:00 PM,UNABLE TO DETERMINE,NOT APPLICABLE,11100,S,VINCENNES AVE,2212,,,,,,,2,NO INDICATION OF INJURY,0,0,0,0,0,2,0,16,4,7,41.6921609987,-87.6634724687,POINT (-87.663472468686 41.692160998747)
eea04325bb9100811a53a78b9f5ed162d85565eb96e1e16ad26d37f2a7172bf68b0581d43a3e5cf223d6cfb5cf3bc8620405cfe2c8b711c55a6a55dc05210312,,07/30/2025 04:29:00 PM,30,NO CONTROLS,NO CONTROLS,RAIN,DAYLIGHT,REAR END,NOT DIVIDED,,STRAIGHT AND LEVEL,WET,UNKNOWN,ON SCENE,INJURY AND / OR TOW DUE TO CRASH,,,,"OVER $1,500",07/30/2025 04:46:00 PM,UNABLE TO DETERMINE,UNABLE TO DETERMINE,7777,W,IRVING PARK RD,1631,,,,,,,2,NO INDICATION OF INJURY,0,0,0,0,0,2,0,16,4,7,41.9523030194,-87.8219109955,POINT (-87.821910995518 41.95230301938)
41771a03e16388400d6db8b56e919abeff6f4a47958378690b024bc7d933118268bdb2d8c210a4c93ffd958e149d6441f6694139707d2fcb8775047aa308583a,,07/30/2025 04:28:00 PM,30,TRAFFIC SIGNAL,FUNCTIONING PROPERLY,CLEAR,DAYLIGHT,REAR END,NOT DIVIDED,,STRAIGHT ON GRADE,WET,NO DEFECTS,ON SCENE,NO INJURY / DRIVE AWAY,,,,"$501 - $1,500",07/30/2025 04:31:00 PM,FOLLOWING TOO CLOSELY,NOT APPLICABLE,2240,S,CANAL ST,914,,,,,,,3,NO INDICATION OF INJURY,0,0,0,0,0,4,0,16,4,7,41.8515026445,-87.6386453623,POINT (-87.638645362287 41.851502644464)
a51355b2c254401becc7be3fb51cb52a2c0ecabeb27b64e3de48f6912a23f2791564f4f50d2a5747c0ba424f2a0aaddfccf09ee7ac99a037b1874fe9b7d61cb8,,07/30/2025 04:24:00 PM,30,TRAFFIC SIGNAL,FUNCTIONING PROPERLY,CLEAR,DAYLIGHT,SIDESWIPE SAME DIRECTION,NOT DIVIDED,,STRAIGHT AND LEVEL,WET,NO DEFECTS,ON SCENE,NO INJURY / DRIVE AWAY,,,Y,"OVER $1,500",07/30/2025 04:24:00 PM,IMPROPER OVERTAKING/PASSING,FOLLOWING TOO CLOSELY,200,N,MICHIGAN AVE,111,,,,,,,2,NO INDICATION OF INJURY,0,0,0,0,0,2,0,16,4,7,41.8858015463,-87.6246597711,POINT (-87.624659771063 41.885801546318)
2cf878bd3e866c327c833dc5c6c9180ed52e81104f66361c175b6e3d3ae5f9978c029a2ebfe8e31a00326bfd4cf10b5a94b962a8ce5ade42dc9800f7bfe1651c,,07/30/2025 04:20:00 PM,30,UNKNOWN,UNKNOWN,RAIN,DAYLIGHT,REAR END,NOT DIVIDED,,STRAIGHT AND LEVEL,UNKNOWN,UNKNOWN,NOT ON SCENE (DESK REPORT),NO INJURY / DRIVE AWAY,,,,"OVER $1,500",07/30/2025 04:40:00 PM,UNABLE TO DETERMINE,UNABLE TO DETERMINE,770,N,HALSTED ST,1214,,,,,,,2,NO INDICATION OF INJURY,0,0,0,0,0,2,0,16,4,7,41.896378173,-87.6478911864,POINT (-87.647891186391 41.896378173043)
a4408b134ed0c4982a44c57f7d60b2e311755066f501fdc773cde748f7f86eb6dc266856ec0341d4ea6603a5e089f065ae591829175a13c00dd3d7c6af6909f9,,07/30/2025 04:20:00 PM,30,NO CONTROLS,NO CONTROLS,CLEAR,DAYLIGHT,REAR END,DIVIDED - W/MEDIAN BARRIER,,STRAIGHT AND LEVEL,WET,UNKNOWN,NOT ON SCENE (DESK REPORT),NO INJURY / DRIVE AWAY,,,Y,"OVER $1,500",07/30/2025 06:24:00 PM,UNABLE TO DETERMINE,NOT APPLICABLE,7500,S,ASHLAND AVE,611,,,,,,,2,NO INDICATION OF INJURY,0,0,0,0,0,2,0,16,4,7,41.7577325515,-87.6637545548,POINT (-87.663754554797 41.757732551539)
b0db19a81c1728d17f7dd34af3f2e4312a1087a0d16e1c6c7dd291c9c10b70a876a737309c212427049e4cd1e8ba3a1f2801d82c2b78c927be5659e107a21ab2,,07/30/2025 04:20:00 PM,30,NO CONTROLS,NO CONTROLS,CLOUDY/OVERCAST,DAYLIGHT,REAR END,NOT DIVIDED,,STRAIGHT AND LEVEL,WET,NO DEFECTS,NOT ON SCENE (DESK REPORT),NO INJURY / DRIVE AWAY,,,,"OVER $1,500",07/30/2025 04:45:00 PM,FOLLOWING TOO CLOSELY,UNABLE TO DETERMINE,2531,S,KOSTNER AVE,1013,,,,,,,3,NO INDICATION OF INJURY,0,0,0,0,0,3,0,16,4,7,41.8450762678,-87.7341574341,POINT (-87.734157434093 41.845076267815)
bce0c7ea271d7f0f06da140490c5cd7eb9669cdef1fe796fdafb13f1dd4ee1992620d3b1efbe6fb1ad4a47eea7a4a4420a38ce3d9f8838a6ac32cd8835368229,,07/30/2025 04:20:00 PM,30,NO CONTROLS,NO CONTROLS,CLOUDY/OVERCAST,DAYLIGHT,ANGLE,FOUR WAY,,STRAIGHT AND LEVEL,UNKNOWN,UNKNOWN,ON SCENE,INJURY AND / OR TOW DUE TO CRASH,Y,,,"OVER $1,500",07/30/2025 04:28:00 PM,UNABLE TO DETERMINE,NOT APPLICABLE,8100,W,BELMONT AVE,1631,,,,,,,2,NO INDICATION OF INJURY,0,0,0,0,0,2,0,16,4,7,41.9378133787,-87.8288300784,POINT (-87.828830078426 41.937813378657)
b82729f0c310a7e7221b02acabb62c3c3bb2ceef3e701e2e9756ec335898906893e58fd989acb2064d14900a7a0282512425d7e4a50cd5fdca413c1ef1244c39,,07/30/2025 04:17:00 PM,30,NO CONTROLS,NO CONTROLS,RAIN,DAYLIGHT,REAR END,DIVIDED - W/MEDIAN (NOT RAISED),,STRAIGHT AND LEVEL,WET,NO DEFECTS,ON SCENE,NO INJURY / DRIVE AWAY,,,,"OVER $1,500",07/30/2025 04:19:00 PM,FOLLOWING TOO CLOSELY,NOT APPLICABLE,8208,S,VINCENNES AVE,622,,,,,,,2,NO INDICATION OF INJURY,0,0,0,0,0,3,0,16,4,7,41.7450058061,-87.6358717535,POINT (-87.635871753509 41.745005806092)
00175c39c38781af7b8445476d3a64ec6cf0c680fe4ea05fbe0aaa096c287715bb2de9b44ce64faa49702b07ca9b00142703cad78c9676b07536d6a06defbbb6,,07/30/2025 04:15:00 PM,30,STOP SIGN/FLASHER,FUNCTIONING PROPERLY,CLEAR,DAYLIGHT,ANGLE,ONE-WAY,,STRAIGHT AND LEVEL,WET,NO DEFECTS,NOT ON SCENE (DESK REPORT),NO INJURY / DRIVE AWAY,,,,"$501 - $1,500",07/30/2025 05:50:00 PM,DISREGARDING STOP SIGN,NOT APPLICABLE,5600,S,HOMAN AVE,822,,,,,,,2,NO INDICATION OF INJURY,0,0,0,0,0,2,0,16,4,7,41.7915325789,-87.7085524296,POINT (-87.708552429609 41.791532578892)
5a4346cf9150283370cd4a1586ee0b70f719d3ac42e5a8832b7bb02a51adab424ad5ef4236679a417a6b479160f0ce3a3fb4e9104ea3295793a49a14bd512b79,,07/30/2025 04:15:00 PM,30,NO CONTROLS,NO CONTROLS,CLEAR,DAYLIGHT,PARKED MOTOR VEHICLE,NOT DIVIDED,,STRAIGHT AND LEVEL,UNKNOWN,UNKNOWN,NOT ON SCENE (DESK REPORT),NO INJURY / DRIVE AWAY,,,,"OVER $1,500",07/31/2025 04:22:00 PM,UNABLE TO DETERMINE,NOT APPLICABLE,2633,W,DEVON AVE,2413,,,,,,,2,NO INDICATION OF INJURY,0,0,0,0,0,3,0,16,4,7,41.9975143692,-87.6960442161,POINT (-87.696044216063 41.997514369217)
de001720f7cac87d5a498dfb01161acd709a182973ca8b3698e7537779963de1e24029cc78ded939221f45898760e9b6502c02c8217a4d26e492205e98aa89d4,,07/30/2025 04:12:00 PM,30,TRAFFIC SIGNAL,FUNCTIONING IMPROPERLY,RAIN,DAYLIGHT,HEAD ON,NOT DIVIDED,,STRAIGHT AND LEVEL,WET,NO DEFECTS,ON SCENE,INJURY AND / OR TOW DUE TO CRASH,,,,"OVER $1,500",07/30/2025 04:13:00 PM,NOT APPLICABLE,NOT APPLICABLE,200,W,111TH ST,513,,,,,,,2,"REPORTED, NOT EVIDENT",2,0,0,0,2,1,0,16,4,7,41.6926346578,-87.6280299093,POINT (-87.628029909331 41.692634657761)
373892dc074775cfffb610765f2e1fcc3623abcdb46f86c6ce67f680c70de9d1a1c5abfd8023b4d2b8bc1ce2ec5135a82a28585f1a429a97a4234e6d5d08e4ee,,07/30/2025 04:10:00 PM,30,TRAFFIC SIGNAL,FUNCTIONING PROPERLY,RAIN,DAYLIGHT,REAR END,DIVIDED - W/MEDIAN (NOT RAISED),,STRAIGHT AND LEVEL,WET,UNKNOWN,NOT ON SCENE (DESK REPORT),NO INJURY / DRIVE AWAY,,,,"$501 - $1,500",07/30/2025 04:25:00 PM,NOT APPLICABLE,NOT APPLICABLE,9300,S,JEFFERY AVE,413,,,,,,,2,NO INDICATION OF INJURY,0,0,0,0,0,2,0,16,4,7,41.7260228502,-87.5755902772,POINT (-87.575590277239 41.726022850207)
9671bf6bd8a00bc844f091f469ccb2bb08bbd987605a8c04c56976ce9f9e1c115bbcf978de831bf0a157cb663d904f47ccb351545213339cfb72bb1efaaaad6d,,07/30/2025 04:10:00 PM,15,NO CONTROLS,NO CONTROLS,CLEAR,DAYLIGHT,REAR END,PARKING LOT,,STRAIGHT AND LEVEL,WET,NO DEFECTS,NOT ON SCENE (DESK REPORT),NO INJURY / DRIVE AWAY,,,,"$501 - $1,500",07/30/2025 06:30:00 PM,UNABLE TO DETERMINE,NOT APPLICABLE,5129,W,BELMONT AVE,2521,,,,,,,2,NO INDICATION OF INJURY,0,0,0,0,0,3,0,16,4,7,41.9386071889,-87.7554253189,POINT (-87.755425318934 41.938607188903)
bc24a8eb9fa43eb6e2deb0aaf99c0588af52cde1c17b7f4ab690b012c71409c868a83ce3f0000763352c64f6fb35b35a85d61bd91be7d979923f02944c9e194a,,07/30/2025 04:06:00 PM,30,TRAFFIC SIGNAL,FUNCTIONING PROPERLY,CLOUDY/OVERCAST,DAYLIGHT,REAR END,DIVIDED - W/MEDIAN (NOT RAISED),,STRAIGHT AND LEVEL,WET,NO DEFECTS,NOT ON SCENE (DESK REPORT),NO INJURY / DRIVE AWAY,,,Y,"OVER $1,500",07/30/2025 04:30:00 PM,UNABLE TO DETERMINE,UNABLE TO DETERMINE,4760,W,MADISON ST,1113,,,,,,,2,NO INDICATION OF INJURY,0,0,0,0,0,2,0,16,4,7,41.8806092777,-87.7451576412,POINT (-87.745157641199 41.880609277746)
dd6952160634d6974919d5b233cae8a24a0a29b6ad00e9a7dfe9b684b19d4cbb6a3db0b82ca6a000af00b0188debef86dd6dbbece5fb759474e0bc8c881f2e83,,07/30/2025 04:06:00 PM,30,NO CONTROLS,NO CONTROLS,RAIN,DAYLIGHT,TURNING,NOT DIVIDED,,STRAIGHT AND LEVEL,WET,UNKNOWN,ON SCENE,INJURY AND / OR TOW DUE TO CRASH,Y,,,"OVER $1,500",07/30/2025 04:09:00 PM,FAILING TO YIELD RIGHT-OF-WAY,WEATHER,3552,W,GRAND AVE,1121,,,,,,,2,INCAPACITATING INJURY,2,0,1,1,0,0,0,16,4,7,41.9019126231,-87.7154044009,POINT (-87.715404400915 41.901912623078)
745fb1005b4e30ece5842adbd379ea0386a7cd4f0e22abca04fee416e6baa66fe09274a8126c92220658ebe757c2c084ae3fa483a3451034485977f8ec0bb113,,07/30/2025 04:04:00 PM,30,NO CONTROLS,NO CONTROLS,FREEZING RAIN/DRIZZLE,DAYLIGHT,TURNING,DIVIDED - W/MEDIAN (NOT RAISED),,STRAIGHT AND LEVEL,DRY,NO DEFECTS,NOT ON SCENE (DESK REPORT),NO INJURY / DRIVE AWAY,,,,"OVER $1,500",07/30/2025 06:01:00 PM,FAILING TO REDUCE SPEED TO AVOID CRASH,NOT APPLICABLE,6434,W,ARCHER AVE,811,,,,,,,2,NO INDICATION OF INJURY,0,0,0,0,0,5,0,16,4,7,41.7924257786,-87.7831760903,POINT (-87.783176090264 41.792425778574)
fd2f6d98d87e21fc4e26c9d19347b93dc3c2c609867bdf3af3e567014e4502b26983a4e44a754142ef4f3edc94f131ba8e443f313749f1deabfe4ec5cd5a42a3,,07/30/2025 04:04:00 PM,30,TRAFFIC SIGNAL,FUNCTIONING PROPERLY,CLEAR,DAYLIGHT,SIDESWIPE SAME DIRECTION,NOT DIVIDED,,STRAIGHT AND LEVEL,DRY,NO DEFECTS,NOT ON SCENE (DESK REPORT),NO INJURY / DRIVE AWAY,,,,$500 OR LESS,07/30/2025 04:40:00 PM,IMPROPER LANE USAGE,NOT APPLICABLE,1543,W,MADISON ST,1224,,,,,,,2,NO INDICATION OF INJURY,0,0,0,0,0,2,0,16,4,7,41.8813525082,-87.6659992581,POINT (-87.665999258098 41.881352508178)
a551045b88fc65a949dd6e52b3223f59553b829993fc6ac922ccf6ea0e5dd3f2bea3ab0605ad86ffc2fa119f28b82edaa2d28c1ac9587cbbfdc2e9203b8efa18,,07/30/2025 04:01:00 PM,30,TRAFFIC SIGNAL,FUNCTIONING PROPERLY,CLEAR,DAYLIGHT,FIXED OBJECT,FOUR WAY,,STRAIGHT AND LEVEL,DRY,"RUT, HOLES",ON SCENE,INJURY AND / OR TOW DUE TO CRASH,N,,,"OVER $1,500",07/30/2025 04:29:00 PM,IMPROPER OVERTAKING/PASSING,FOLLOWING TOO CLOSELY,3207,W,WASHINGTON BLVD,1123,,,,,,,2,NO INDICATION OF INJURY,0,0,0,0,0,1,0,16,4,7,41.882680336,-87.7065184607,POINT (-87.706518460695 41.882680335978)
f50e7f468039156b5b28aeffc6772aa5e969c1e18edd679f3507a5059c6bb1f34e9b05dccd57adf0e42d826f5574b386dccc8eceea08d5ff807b066155de858f,,07/30/2025 04:00:00 PM,30,TRAFFIC SIGNAL,FUNCTIONING PROPERLY,RAIN,DAYLIGHT,TURNING,NOT DIVIDED,,STRAIGHT AND LEVEL,WET,NO DEFECTS,ON SCENE,INJURY AND / OR TOW DUE TO CRASH,Y,,,"OVER $1,500",07/30/2025 04:05:00 PM,FAILING TO YIELD RIGHT-OF-WAY,NOT APPLICABLE,5600,W,63RD ST,812,,,,,,,2,"REPORTED, NOT EVIDENT",1,0,0,0,1,1,0,16,4,7,41.7781618734,-87.7617802217,POINT (-87.76178022166 41.778161873405)
f2b27f00541371030a903a203b683044f61f8ff2961b642be62e727f505f76398ba114038b385c11aa1bf0ca6be275b51cdcaf1b9920bf1fcd3b9a4c93f48361,,07/30/2025 03:57:00 PM,30,NO CONTROLS,NO CONTROLS,CLEAR,DAYLIGHT,PARKED MOTOR VEHICLE,DIVIDED - W/MEDIAN (NOT RAISED),,STRAIGHT AND LEVEL,DRY,NO DEFECTS,ON SCENE,NO INJURY / DRIVE AWAY,,,,"$501 - $1,500",07/30/2025 03:59:00 PM,IMPROPER OVERTAKING/PASSING,NOT APPLICABLE,2197,W,AUGUSTA BLVD,1212,,,,,,,2,NO INDICATION OF INJURY,0,0,0,0,0,2,0,15,4,7,41.8993584796,-87.6819201153,POINT (-87.68192011529 41.899358479571)
87c782e4a4230bec51f01903e73cf707c1da5f31e97b3130b42a5c4bed7940f739bf966ee4c5c5ee483c7651a0e9a668e95e37c79b2360b65d27a26b50d2f726,,07/30/2025 03:55:00 PM,30,NO CONTROLS,NO CONTROLS,CLOUDY/OVERCAST,DAYLIGHT,REAR END,T-INTERSECTION,,STRAIGHT AND LEVEL,WET,NO DEFECTS,ON SCENE,NO INJURY / DRIVE AWAY,Y,,,"OVER $1,500",07/30/2025 04:00:00 PM,FAILING TO REDUCE SPEED TO AVOID CRASH,FAILING TO REDUCE SPEED TO AVOID CRASH,4128,N,LARAMIE AVE,1624,,,,,,,2,NO INDICATION OF INJURY,0,0,0,0,0,4,0,15,4,7,41.9559923513,-87.7573816615,POINT (-87.757381661495 41.955992351326)
1ad00a1cf866d6e095f3b1cab0de167d992d629f4e5f312852bace046b36a73a54148806522f8b43aaac63fedbe79e77de6919773b4dc78aeae5174b292f1684,,07/30/2025 03:50:00 PM,30,NO CONTROLS,NO CONTROLS,CLEAR,DAYLIGHT,ANGLE,NOT DIVIDED,,STRAIGHT AND LEVEL,WET,NO DEFECTS,NOT ON SCENE (DESK REPORT),NO INJURY / DRIVE AWAY,,,Y,"$501 - $1,500",07/30/2025 07:10:00 PM,IMPROPER OVERTAKING/PASSING,NOT APPLICABLE,8333,S,CICERO AVE,834,,,,,,,2,NO INDICATION OF INJURY,0,0,0,0,0,3,0,15,4,7,41.7409110654,-87.7409228594,POINT (-87.740922859385 41.740911065365)