CRASH_RECORD_ID,CRASH_DATE_EST_I,CRASH_DATE,POSTED_SPEED_LIMIT,TRAFFIC_CONTROL_DEVICE,DEVICE_CONDITION,WEATHER_CONDITION,LIGHTING_CONDITION,FIRST_CRASH_TYPE,TRAFFICWAY_TYPE,LANE_CNT,ALIGNMENT,ROADWAY_SURFACE_COND,ROAD_DEFECT,REPORT_TYPE,CRASH_TYPE,INTERSECTION_RELATED_I,NOT_RIGHT_OF_WAY_I,HIT_AND_RUN_I,DAMAGE,DATE_POLICE_NOTIFIED,PRIM_CONTRIBUTORY_CAUSE,SEC_CONTRIBUTORY_CAUSE,STREET_NO,STREET_DIRECTION,STREET_NAME,BEAT_OF_OCCURRENCE,PHOTOS_TAKEN_I,STATEMENTS_TAKEN_I,DOORING_I,WORK_ZONE_I,WORK_ZONE_TYPE,WORKERS_PRESENT_I,NUM_UNITS,MOST_SEVERE_INJURY,INJURIES_TOTAL,INJURIES_FATAL,INJURIES_INCAPACITATING,INJURIES_NON_INCAPACITATING,INJURIES_REPORTED_NOT_EVIDENT,INJURIES_NO_INDICATION,INJURIES_UNKNOWN,CRASH_HOUR,CRASH_DAY_OF_WEEK,CRASH_MONTH,LATITUDE,LONGITUDE,LOCATION
c5c64f9141e128a253f2c99cd564e810cc1fb13a6f8fef6bb46caca48cca0799401c655cab3d65386641b8a40d4a0306866732e39add8a5fa80cd6f5d68dfdd8,,07/30/2025 03:50:00 PM,30,OTHER,NO CONTROLS,UNKNOWN,UNKNOWN,SIDESWIPE SAME DIRECTION,DIVIDED - W/MEDIAN BARRIER,,STRAIGHT AND LEVEL,UNKNOWN,UNKNOWN,NOT ON SCENE (DESK REPORT),NO INJURY / DRIVE AWAY,,,,"OVER $1,500",07/30/2025 04:30:00 PM,FAILING TO YIELD RIGHT-OF-WAY,FAILING TO YIELD RIGHT-OF-WAY,6201,N,CLARK ST,2433,,,,,,,2,NO INDICATION OF INJURY,0,0,0,0,0,2,0,15,4,7,41.9944904325,-87.6700038195,POINT (-87.670003819525 41.994490432546)
0945649312b7f7dbbb56b44a9048a2a6388eae62804d80b0951e5413af8e744bb5dcaa954acfc156b239c4eb21a2eaa77f52964029c94f2dde5be09972b34fc6,,07/30/2025 03:45:00 PM,30,TRAFFIC SIGNAL,FUNCTIONING PROPERLY,CLEAR,DAYLIGHT,REAR END,DIVIDED - W/MEDIAN (NOT RAISED),,STRAIGHT AND LEVEL,DRY,NO DEFECTS,NOT ON SCENE (DESK REPORT),INJURY AND / OR TOW DUE TO CRASH,,,Y,"OVER $1,500",08/05/2025 02:20:00 PM,FAILING TO REDUCE SPEED TO AVOID CRASH,UNABLE TO DETERMINE,1401,N,LARAMIE AVE,2533,,,,,,,2,"REPORTED, NOT EVIDENT",1,0,0,0,1,1,0,15,4,7,41.9059674325,-87.7557155845,POINT (-87.755715584519 41.905967432515)
ab02b653ad10a24e0d76faeac8fc01818524373f98b09bd5aac741555731a2c6d600f9e946725ed4c55fcd6fa9677c8a8ebd52a499561302f4d53b512e3812ce,,07/30/2025 03:45:00 PM,30,NO CONTROLS,NO CONTROLS,RAIN,DAYLIGHT,REAR END,DIVIDED - W/MEDIAN (NOT RAISED),,STRAIGHT AND LEVEL,WET,NO DEFECTS,NOT ON SCENE (DESK REPORT),NO INJURY / DRIVE AWAY,,,,"OVER $1,500",07/31/2025 01:53:00 PM,FOLLOWING TOO CLOSELY,NOT APPLICABLE,2901,W,51ST ST,923,,,,,,,2,NO INDICATION OF INJURY,0,0,0,0,0,2,0,15,4,7,41.8008364556,-87.6964987486,POINT (-87.696498748576 41.800836455643)
c762374c5ca3b58d2a7767fea3caaa2b5cb01318278c7c21c0606f845753161ff788960a4805f38525a65a80acfb0b9a45386dde7d2af2e4162fd8cf03d34375,,07/30/2025 03:45:00 PM,20,PEDESTRIAN CROSSING SIGN,NO CONTROLS,RAIN,DAYLIGHT,REAR END,DIVIDED - W/MEDIAN (NOT RAISED),,STRAIGHT AND LEVEL,WET,NO DEFECTS,NOT ON SCENE (DESK REPORT),NO INJURY / DRIVE AWAY,,,,"OVER $1,500",07/31/2025 06:00:00 PM,FAILING TO REDUCE SPEED TO AVOID CRASH,UNABLE TO DETERMINE,2539,W,DEVON AVE,2413,,,,,,,2,NO INDICATION OF INJURY,0,0,0,0,0,3,0,15,4,7,41.9975527738,-87.6938547409,POINT (-87.69385474092 41.997552773799)
5375892803965b12adbfa11f0475bd81be51aa239be8ea0f1759d678d09b0f335072cd3a3ce2e5c881a694af6e7c6ce245ca9bd83ccf86f39ba2181c8f0e775c,Y,07/30/2025 03:36:00 PM,30,TRAFFIC SIGNAL,FUNCTIONING PROPERLY,CLEAR,DAYLIGHT,ANGLE,CENTER TURN LANE,,STRAIGHT AND LEVEL,DRY,NO DEFECTS,NOT ON SCENE (DESK REPORT),NO INJURY / DRIVE AWAY,Y,,,"OVER $1,500",07/30/2025 04:00:00 PM,DISREGARDING TRAFFIC SIGNALS,NOT APPLICABLE,3200,N,ELSTON AVE,1733,,,,,,,2,NO INDICATION OF INJURY,0,0,0,0,0,2,0,15,4,7,41.9393514966,-87.6984835141,POINT (-87.698483514124 41.939351496611)
7a004fe4a9098a23d7aad3f3fb59c73230d1407459f5afc2d7b66454a8d9b0a7e04ad4e7d9535fa9741aed57e78cd201ab4549878b05225870cf15f0fcb10db2,,07/30/2025 03:34:00 PM,25,NO CONTROLS,NO CONTROLS,CLEAR,DAYLIGHT,OTHER OBJECT,UNKNOWN,,STRAIGHT AND LEVEL,WET,NO DEFECTS,ON SCENE,NO INJURY / DRIVE AWAY,,,Y,"OVER $1,500",07/30/2025 05:05:00 PM,UNABLE TO DETERMINE,UNABLE TO DETERMINE,1228,W,CERMAK RD,1235,,,,,,,1,NO INDICATION OF INJURY,0,0,0,0,0,1,0,15,4,7,41.8525856357,-87.6574318236,POINT (-87.657431823582 41.852585635674)
0cf6b401c7a18fa2a9575c2efe8362ffae7c998c4cacf187eba2c6223237c9080309dd5f01763dc1b49e6e13c398ecbb77f499b451b8daf4753798d3b19c3cc6,,07/30/2025 03:30:00 PM,30,TRAFFIC SIGNAL,UNKNOWN,RAIN,DAYLIGHT,SIDESWIPE SAME DIRECTION,FOUR WAY,,STRAIGHT AND LEVEL,WET,NO DEFECTS,NOT ON SCENE (DESK REPORT),NO INJURY / DRIVE AWAY,Y,,,$500 OR LESS,07/30/2025 04:44:00 PM,IMPROPER OVERTAKING/PASSING,DRIVING SKILLS/KNOWLEDGE/EXPERIENCE,1588,W,NORTH AVE,1433,,,,,,,2,NO INDICATION OF INJURY,0,0,0,0,0,2,0,15,4,7,41.9107409201,-87.6676348566,POINT (-87.667634856615 41.910740920066)
3139667661dea639871b9e3098dc788b53e5f3b407c9a5aae377074a8842f286571114b9c34432f530a0d0771352a2117220731b5938735ded258c543bf25509,,07/30/2025 03:30:00 PM,30,NO CONTROLS,NO CONTROLS,RAIN,DAYLIGHT,REAR END,NOT DIVIDED,,STRAIGHT AND LEVEL,WET,UNKNOWN,NOT ON SCENE (DESK REPORT),NO INJURY / DRIVE AWAY,,,,"OVER $1,500",07/30/2025 04:50:00 PM,FAILING TO YIELD RIGHT-OF-WAY,FAILING TO YIELD RIGHT-OF-WAY,111,S,HALSTED ST,1232,,,,,,,3,NO INDICATION OF INJURY,0,0,0,0,0,4,0,15,4,7,41.880128783,-87.6471646008,POINT (-87.647164600769 41.880128783026)
9fc47f5421530c34714a13ef2f813080412ccf49d020cd7d8dd1979d38ac678984618a0b4367af051340b3cf5c63d72a7a71bb676227fcafbd84b30892ca2fa5,,07/30/2025 03:30:00 PM,30,NO CONTROLS,NO CONTROLS,RAIN,DAYLIGHT,HEAD ON,DIVIDED - W/MEDIAN (NOT RAISED),,STRAIGHT AND LEVEL,WET,NO DEFECTS,,NO INJURY / DRIVE AWAY,,,,"OVER $1,500",07/30/2025 04:45:00 PM,UNABLE TO DETERMINE,NOT APPLICABLE,3098,S,CALIFORNIA BLVD,1034,,,,,,,2,NO INDICATION OF INJURY,0,0,0,0,0,3,0,15,4,7,,,
e4cc78252ce13308c8b59b4ec639e1cb2e786559b0d30c579c20630fb865b7952076d99483c1909f78edfebb85ff82dc8f5127d4929cac49ca3fd732bdbeb89a,,07/30/2025 03:30:00 PM,30,UNKNOWN,UNKNOWN,RAIN,DAYLIGHT,TURNING,ALLEY,,STRAIGHT AND LEVEL,WET,UNKNOWN,ON SCENE,INJURY AND / OR TOW DUE TO CRASH,,,,"OVER $1,500",07/30/2025 04:00:00 PM,"VISION OBSCURED (SIGNS, TREE LIMBS, BUILDINGS, ETC.)","VISION OBSCURED (SIGNS, TREE LIMBS, BUILDINGS, ETC.)",1015,W,GRAND AVE,1214,,,,,,,2,NO INDICATION OF INJURY,0,0,0,0,0,2,0,15,4,7,41.8910159975,-87.6529637711,POINT (-87.652963771084 41.891015997474)
24d1cbbbf47a73a1f5d59fab579d881ddb596d2f2ae304569bd0bc955c67b7a9e0940f94fc5833626420e6cf5998cdf3bb4f1e7cda00868bd00fc1c1b546e1b3,,07/30/2025 03:29:00 PM,30,TRAFFIC SIGNAL,FUNCTIONING PROPERLY,RAIN,DAYLIGHT,SIDESWIPE SAME DIRECTION,NOT DIVIDED,,STRAIGHT AND LEVEL,WET,NO DEFECTS,NOT ON SCENE (DESK REPORT),NO INJURY / DRIVE AWAY,,,,"OVER $1,500",08/01/2025 12:40:00 PM,FAILING TO YIELD RIGHT-OF-WAY,NOT APPLICABLE,2300,W,OGDEN AVE,1233,,,,,,,2,NO INDICATION OF INJURY,0,0,0,0,0,4,0,15,4,7,41.8666601912,-87.6838095971,POINT (-87.683809597117 41.866660191202)
2790b5dcb871f9c975e8a6bd0f5751eaa15698030e978ecef342522df26a4e83745a166424e5f402c6ff0b61813c98707c8487a9398a431de26e76fcb4dfd63d,,07/30/2025 03:29:00 PM,30,NO CONTROLS,NO CONTROLS,RAIN,DAYLIGHT,PARKED MOTOR VEHICLE,NOT DIVIDED,,STRAIGHT AND LEVEL,DRY,NO DEFECTS,NOT ON SCENE (DESK REPORT),NO INJURY / DRIVE AWAY,Y,,,"OVER $1,500",07/30/2025 03:38:00 PM,FOLLOWING TOO CLOSELY,NOT APPLICABLE,2040,N,MILWAUKEE AVE,1431,,,,,,,2,NO INDICATION OF INJURY,0,0,0,0,0,1,0,15,4,7,41.9183543966,-87.690137328,POINT (-87.690137327983 41.918354396553)
32d47b1415efd3eed1d4e51d2bdf5909a314271b6e8eeeae346b1d88148ebfa7014ed123885239099e375381e42b3a1d606e5115d73b4611b494e1e25d443c9c,,07/30/2025 03:22:00 PM,30,NO CONTROLS,NO CONTROLS,RAIN,DAYLIGHT,PEDESTRIAN,DIVIDED - W/MEDIAN (NOT RAISED),,STRAIGHT AND LEVEL,WET,NO DEFECTS,ON SCENE,NO INJURY / DRIVE AWAY,,,Y,"OVER $1,500",07/30/2025 03:23:00 PM,UNABLE TO DETERMINE,UNABLE TO DETERMINE,1041,N,WESTERN AVE,1212,,,,,,,2,NO INDICATION OF INJURY,0,0,0,0,0,2,0,15,4,7,41.9005908144,-87.6868170069,POINT (-87.686817006858 41.900590814419)
dd521ecfef864191fabef7d5929a9f706307cd9457cdf35fa35e5c73631eaf1208cd2766a26eeeba753ef04b22321a6a688895c4ea018d7b8a74b7dd9c6f2b69,,07/30/2025 03:20:00 PM,30,STOP SIGN/FLASHER,FUNCTIONING PROPERLY,CLEAR,DAYLIGHT,ANGLE,FOUR WAY,,STRAIGHT AND LEVEL,DRY,NO DEFECTS,,NO INJURY / DRIVE AWAY,Y,,,"OVER $1,500",07/30/2025 05:00:00 PM,UNABLE TO DETERMINE,NOT APPLICABLE,2809,W,JARVIS AVE,2411,,,,,,,2,NO INDICATION OF INJURY,0,0,0,0,0,2,0,15,4,7,42.015581983,-87.7000552136,POINT (-87.700055213645 42.015581982981)
265a591cc117c0cdb9dd240e09417e35ad3d24cfcf3525515d2000bed6c0b3fd54d769d49fa8d5c584834b4420bc809a9cc6ed56b365db953ae56b95908570b1,,07/30/2025 03:15:00 PM,30,NO CONTROLS,NO CONTROLS,FREEZING RAIN/DRIZZLE,DAYLIGHT,SIDESWIPE SAME DIRECTION,NOT DIVIDED,,STRAIGHT AND LEVEL,WET,NO DEFECTS,NOT ON SCENE (DESK REPORT),NO INJURY / DRIVE AWAY,,,,"OVER $1,500",07/30/2025 06:30:00 PM,IMPROPER OVERTAKING/PASSING,NOT APPLICABLE,2298,W,OGDEN AVE,1225,,,,,,,2,NO INDICATION OF INJURY,0,0,0,0,0,3,0,15,4,7,41.8668226219,-87.6836274648,POINT (-87.683627464767 41.866822621884)
c76e61d20f57c04968cfd2e1fa9d29d04632b5f25d99b8a536b6ecb644a5cde52f6de0f2677a0d86e960890de1d93fa8d96a640025e79caf073ea5e67c56a745,,07/30/2025 03:15:00 PM,30,NO CONTROLS,NO CONTROLS,RAIN,DAYLIGHT,REAR END,NOT DIVIDED,,STRAIGHT AND LEVEL,WET,NO DEFECTS,NOT ON SCENE (DESK REPORT),NO INJURY / DRIVE AWAY,,,,"$501 - $1,500",07/30/2025 07:37:00 PM,FOLLOWING TOO CLOSELY,NOT APPLICABLE,6719,W,ARCHER AVE,811,,,,,,,2,NO INDICATION OF INJURY,0,0,0,0,0,4,0,15,4,7,41.7920770021,-87.7899500389,POINT (-87.789950038892 41.792077002099)
b7bf210ddb967be10175b12abff236daa2985bfd9b6f2f013fa66dbc47271cfec9a1af33519a9de331314087f3ab3c43b9b6bb75135fc10d79e7095796374b67,,07/30/2025 03:14:00 PM,30,NO CONTROLS,NO CONTROLS,RAIN,DAYLIGHT,REAR END,NOT DIVIDED,,STRAIGHT AND LEVEL,WET,UNKNOWN,ON SCENE,INJURY AND / OR TOW DUE TO CRASH,,,,$500 OR LESS,07/30/2025 04:10:00 PM,FOLLOWING TOO CLOSELY,WEATHER,1336,N,KEDZIE AVE,1422,,Y,,,,,2,NONINCAPACITATING INJURY,2,0,0,2,0,3,0,15,4,7,41.905681981,-87.7070277845,POINT (-87.707027784507 41.905681981028)
147fc7e23654c7bdb0467c57bc80dfe521db117cca3758600e542f082d4d0cdfd0aef7896052e653dab86c13691c922ab3be66ed69d4f69a4b20217146ddb6a3,,07/30/2025 03:10:00 PM,30,UNKNOWN,UNKNOWN,RAIN,DAYLIGHT,TURNING,DIVIDED - W/MEDIAN (NOT RAISED),,STRAIGHT AND LEVEL,UNKNOWN,UNKNOWN,NOT ON SCENE (DESK REPORT),NO INJURY / DRIVE AWAY,,,Y,"$501 - $1,500",07/30/2025 04:17:00 PM,NOT APPLICABLE,NOT APPLICABLE,142,W,MARQUETTE RD,722,,,,,,,2,NO INDICATION OF INJURY,0,0,0,0,0,2,0,15,4,7,41.7728339981,-87.6291254963,POINT (-87.629125496321 41.772833998146)
d2251c75a3bc73511b5f92038dcf4ba47dd0aa7a7cf88b97a64304770ade3ade798f6abc52d0dfe1c8b62c4a2d938a4bd3f54b93812606ee75974eac76f9b775,,07/30/2025 03:07:00 PM,30,NO CONTROLS,NO CONTROLS,RAIN,DAYLIGHT,TURNING,NOT DIVIDED,,STRAIGHT AND LEVEL,WET,NO DEFECTS,ON SCENE,NO INJURY / DRIVE AWAY,,,Y,"OVER $1,500",07/30/2025 03:10:00 PM,IMPROPER TURNING/NO SIGNAL,NOT APPLICABLE,746,N,CICERO AVE,1531,,,,,,,2,NO INDICATION OF INJURY,0,0,0,0,0,2,0,15,4,7,41.8945589518,-87.7459399731,POINT (-87.74593997312 41.894558951838)
fc6ef99eeee20236633b3079a33ac84c3523a3102d86e365c1bece61287883f13481cf84059a8aed5d477f689adb90a1b8fa117171e6d84a1e31abae8b5efcd6,,07/30/2025 03:06:00 PM,20,STOP SIGN/FLASHER,OTHER,RAIN,DAYLIGHT,ANGLE,FOUR WAY,,STRAIGHT AND LEVEL,WET,NO DEFECTS,ON SCENE,INJURY AND / OR TOW DUE TO CRASH,Y,,,"OVER $1,500",07/30/2025 03:07:00 PM,FAILING TO YIELD RIGHT-OF-WAY,WEATHER,27,W,HARRISON ST,123,,,,,,,2,"REPORTED, NOT EVIDENT",1,0,0,0,1,1,0,15,4,7,41.8744360954,-87.6286294447,POINT (-87.628629444716 41.87443609544)
54e15967bfceb15c11851e1088a2ee32f320d21f8f9d39b28a2a3270f7bef266970f2344b72cdd7460f996bf95884df5e1e23e5a506e15cf60c89497bb1d614c,,07/30/2025 03:05:00 PM,30,NO CONTROLS,NO CONTROLS,RAIN,DAYLIGHT,REAR END,NOT DIVIDED,,STRAIGHT AND LEVEL,WET,NO DEFECTS,NOT ON SCENE (DESK REPORT),NO INJURY / DRIVE AWAY,,,,"OVER $1,500",07/30/2025 04:25:00 PM,FOLLOWING TOO CLOSELY,FOLLOWING TOO CLOSELY,6415,N,CENTRAL AVE,1621,,,,,,,3,NO INDICATION OF INJURY,0,0,0,0,0,3,0,15,4,7,41.9978600139,-87.7634457986,POINT (-87.763445798561 41.997860013911)
853947310ff675199693c9c3c987686f9f512a4fca382fa1e7e00e2d94f8f8cebf4ee590acd93322628ddbaa482db9a098a05e33948831c8e424a8d161b698a4,,07/30/2025 03:00:00 PM,30,UNKNOWN,UNKNOWN,CLEAR,DAYLIGHT,REAR END,UNKNOWN,,STRAIGHT AND LEVEL,DRY,UNKNOWN,NOT ON SCENE (DESK REPORT),NO INJURY / DRIVE AWAY,,,,"OVER $1,500",07/30/2025 04:30:00 PM,UNABLE TO DETERMINE,UNABLE TO DETERMINE,3000,N,LAKE SHORE DR,1934,,,,,,,2,NO INDICATION OF INJURY,0,0,0,0,0,2,0,15,4,7,41.9366583527,-87.6370090341,POINT (-87.637009034085 41.936658352704)
86274ed67dfd5d815d3f352a80c276f182075e8c4d9685ba7f9641ecb05cf75dbf84f0d429bbe34ed1a08db8bbf740b1ea504c631108c4d8fc8ac84c25e5963b,Y,07/30/2025 03:00:00 PM,30,TRAFFIC SIGNAL,FUNCTIONING PROPERLY,RAIN,DAYLIGHT,TURNING,FOUR WAY,,STRAIGHT AND LEVEL,WET,UNKNOWN,NOT ON SCENE (DESK REPORT),NO INJURY / DRIVE AWAY,,,,"OVER $1,500",07/30/2025 03:30:00 PM,UNABLE TO DETERMINE,NOT APPLICABLE,1700,W,IRVING PARK RD,1912,,,,,,,2,NO INDICATION OF INJURY,0,0,0,0,0,2,0,15,4,7,41.9543652058,-87.6714837421,POINT (-87.671483742136 41.954365205757)
ba8221b637a4f26bf096bd3269f5a1aa68548d101237887b3cc49611a94488cc61f8fb4920a42565100129d2621136b4a6b6e8f72f48bab74b7d3203c272e130,,07/30/2025 03:00:00 PM,30,NO CONTROLS,NO CONTROLS,UNKNOWN,DAYLIGHT,PARKED MOTOR VEHICLE,DIVIDED - W/MEDIAN (NOT RAISED),,STRAIGHT AND LEVEL,UNKNOWN,NO DEFECTS,NOT ON SCENE (DESK REPORT),NO INJURY / DRIVE AWAY,,,Y,"OVER $1,500",07/31/2025 11:00:00 AM,UNABLE TO DETERMINE,UNABLE TO DETERMINE,5868,N,KOLMAR AVE,1711,,,,,,,2,NO INDICATION OF INJURY,0,0,0,0,0,1,0,15,4,7,41.9877213254,-87.7420984152,POINT (-87.742098415242 41.987721325366)
ec6b524c28404d07a83b7a6a97dd0e70b029da957c74a95e62cacbadc36187a3259403bf67f5de4c610ec331d75fd5d9567fa7f57a6962665913f476045a1007,,07/30/2025 03:00:00 PM,30,OTHER REG. SIGN,FUNCTIONING PROPERLY,CLEAR,DAYLIGHT,SIDESWIPE SAME DIRECTION,FOUR WAY,,STRAIGHT AND LEVEL,DRY,NO DEFECTS,NOT ON SCENE (DESK REPORT),NO INJURY / DRIVE AWAY,Y,,,"OVER $1,500",07/31/2025 08:30:00 AM,DRIVING SKILLS/KNOWLEDGE/EXPERIENCE,UNABLE TO DETERMINE,6,E,MONROE ST,112,,,,,,,2,NO INDICATION OF INJURY,0,0,0,0,0,2,0,15,4,7,41.8808780905,-87.6275182029,POINT (-87.627518202922 41.880878090525)
54fc69e05de7768d5168af42ac15b270ae66c4835856ee9a2265b8df39aeddff55121e2b82374181f9b91b9b0df53c90f1df8a88897eb4b6e6a10c72bbd95d6f,,07/30/2025 02:54:00 PM,20,NO CONTROLS,NO CONTROLS,RAIN,DAYLIGHT,ANGLE,FOUR WAY,,STRAIGHT AND LEVEL,WET,NO DEFECTS,ON SCENE,INJURY AND / OR TOW DUE TO CRASH,Y,,,"OVER $1,500",07/30/2025 03:07:00 PM,FAILING TO YIELD RIGHT-OF-WAY,NOT APPLICABLE,3550,W,OGDEN AVE,1021,,,,,,,2,NO INDICATION OF INJURY,0,0,0,0,0,2,0,14,4,7,41.8548734245,-87.7145539173,POINT (-87.71455391734 41.854873424459)
7ccf92f99a977f8b442c22a6422da5cc869ac89769c4e949037347619f5d0214be6fbd1b7eba7859c12b9a5a5b76116db94715bc44e936bb06a0112a7e385d42,,07/30/2025 02:53:00 PM,30,UNKNOWN,UNKNOWN,UNKNOWN,DAYLIGHT,REAR END,DIVIDED - W/MEDIAN (NOT RAISED),,STRAIGHT AND LEVEL,UNKNOWN,UNKNOWN,NOT ON SCENE (DESK REPORT),NO INJURY / DRIVE AWAY,,,,"OVER $1,500",08/06/2025 11:50:00 AM,FOLLOWING TOO CLOSELY,UNABLE TO DETERMINE,420,S,PULASKI RD,1132,,,,,,,2,NO INDICATION OF INJURY,0,0,0,0,0,2,0,14,4,7,41.8745373122,-87.7255969017,POINT (-87.725596901652 41.874537312209)
ba204981f6a3b168370802d78aab726bd837f1bf2c3991518502c607b91a4d0ab288266567a78b6b9655627fc51b869f802823fb2d7ea4cdfe08f5bdc3194a02,,07/30/2025 02:53:00 PM,30,NO CONTROLS,NO CONTROLS,RAIN,DAYLIGHT,SIDESWIPE SAME DIRECTION,NOT DIVIDED,,STRAIGHT AND LEVEL,WET,NO DEFECTS,NOT ON SCENE (DESK REPORT),NO INJURY / DRIVE AWAY,,,,"$501 - $1,500",07/30/2025 04:04:00 PM,IMPROPER OVERTAKING/PASSING,NOT APPLICABLE,5400,S,PULASKI RD,815,,,,,,,2,NO INDICATION OF INJURY,0,0,0,0,0,4,0,14,4,7,41.7949574448,-87.723356565,POINT (-87.723356564996 41.794957444828)
4da0d072a5f92037be648f807268935bc7e0876551ee256de696c29408984079ccd7daddb7b962f4f04015f29a9cf1cf4846e0a2a60d0ea54caa3151891f2a5c,,07/30/2025 02:50:00 PM,30,TRAFFIC SIGNAL,FUNCTIONING PROPERLY,RAIN,DAYLIGHT,REAR END,DIVIDED - W/MEDIAN (NOT RAISED),,STRAIGHT AND LEVEL,WET,SHOULDER DEFECT,NOT ON SCENE (DESK REPORT),NO INJURY / DRIVE AWAY,,,,"OVER $1,500",07/30/2025 03:30:00 PM,NOT APPLICABLE,NOT APPLICABLE,5500,N,LINCOLN AVE,2011,,,,,,,2,NO INDICATION OF INJURY,0,0,0,0,0,2,0,14,4,7,41.9813839746,-87.6929494035,POINT (-87.692949403471 41.981383974586)
4223b9fbce8696e4c80734c1024411a6d277e3a6d538e74c6bc2df4696b6e24fcecb5a494bfcd15ff4e038021ebb6ee033ca80513aa723bcc97f7ace60ff7ad3,,07/30/2025 02:43:00 PM,30,TRAFFIC SIGNAL,FUNCTIONING PROPERLY,RAIN,DAYLIGHT,PARKED MOTOR VEHICLE,DIVIDED - W/MEDIAN (NOT RAISED),,STRAIGHT AND LEVEL,DRY,NO DEFECTS,NOT ON SCENE (DESK REPORT),NO INJURY / DRIVE AWAY,,,Y,"OVER $1,500",07/30/2025 02:50:00 PM,"OPERATING VEHICLE IN ERRATIC, RECKLESS, CARELESS, NEGLIGENT OR AGGRESSIVE MANNER","OPERATING VEHICLE IN ERRATIC, RECKLESS, CARELESS, NEGLIGENT OR AGGRESSIVE MANNER",7393,N,ROGERS AVE,2424,,,,,,,2,NO INDICATION OF INJURY,0,0,0,0,0,1,0,14,4,7,42.0157682514,-87.6755442089,POINT (-87.675544208916 42.015768251377)
03ba58af5ef0091930dd633a34382ec83ed2a6a7ba92ab04f97b00f4f9b9ee4f80e6643b650d9409d0c663c3aa422b086fa2254b7163eaf334f04f94d40fbfcf,,07/30/2025 02:42:00 PM,30,UNKNOWN,UNKNOWN,RAIN,DAYLIGHT,TURNING,NOT DIVIDED,,STRAIGHT AND LEVEL,WET,UNKNOWN,ON SCENE,INJURY AND / OR TOW DUE TO CRASH,,,,"OVER $1,500",07/30/2025 02:42:00 PM,FAILING TO YIELD RIGHT-OF-WAY,NOT APPLICABLE,1152,S,KOSTNER AVE,1131,,,,,,,2,INCAPACITATING INJURY,3,0,2,1,0,0,0,14,4,7,41.8662792281,-87.7351197732,POINT (-87.735119773231 41.866279228104)
27bb781f8b18e64c03c00a998403861f02252d67fbb1ef1bd7e982f494dd133f36d182a2128421325b825f9934878572c22631b823cf3979b5314873d4da5d8f,,07/30/2025 02:40:00 PM,30,TRAFFIC SIGNAL,FUNCTIONING PROPERLY,RAIN,DAYLIGHT,HEAD ON,NOT DIVIDED,,STRAIGHT AND LEVEL,WET,NO DEFECTS,ON SCENE,INJURY AND / OR TOW DUE TO CRASH,,,,"OVER $1,500",07/30/2025 03:09:00 PM,WEATHER,NOT APPLICABLE,1800,S,WENTWORTH AVE,914,,,,,,,2,NO INDICATION OF INJURY,0,0,0,0,0,2,0,14,4,7,41.8577437509,-87.6320390628,POINT (-87.632039062819 41.857743750896)
34cb2ad944278e43f0c15721c4f300e5155e4bfb594f312f78edcf9cd3d4f8494344195ec3fa69a8e1130c3ceeda3c7c6686100f1283e969fc7a7786d26ff768,,07/30/2025 02:36:00 PM,30,STOP SIGN/FLASHER,FUNCTIONING PROPERLY,RAIN,DAYLIGHT,ANGLE,NOT DIVIDED,,STRAIGHT AND LEVEL,WET,NO DEFECTS,NOT ON SCENE (DESK REPORT),NO INJURY / DRIVE AWAY,Y,,,"OVER $1,500",07/30/2025 02:45:00 PM,FAILING TO YIELD RIGHT-OF-WAY,FAILING TO YIELD RIGHT-OF-WAY,5300,S,CORNELL AVE,234,,,,,,,2,NO INDICATION OF INJURY,0,0,0,0,0,2,0,14,4,7,41.7995205923,-87.5856584015,POINT (-87.585658401531 41.799520592281)
14afb4d00d65adca889a4a473ff6e9b71b9d0ac26b07ef9ecc944901884058ce31635c3c5fa321b4f9d5094c65990b42a5d2128c655fed739cdd22f7f25e95cc,,07/30/2025 02:35:00 PM,30,TRAFFIC SIGNAL,FUNCTIONING PROPERLY,RAIN,DAYLIGHT,ANGLE,FOUR WAY,,STRAIGHT AND LEVEL,WET,UNKNOWN,ON SCENE,NO INJURY / DRIVE AWAY,Y,,Y,"OVER $1,500",07/30/2025 02:35:00 PM,DISREGARDING TRAFFIC SIGNALS,DISREGARDING TRAFFIC SIGNALS,3150,W,TOUHY AVE,2411,,,,,,,3,NO INDICATION OF INJURY,0,0,0,0,0,4,0,14,4,7,42.0119771559,-87.7086716342,POINT (-87.708671634166 42.011977155886)
ff60ba5e5c32748c5df6c49a63e127beedf717ad8fe3b3025a23b3a1f5c6e9b5383ab42a0437cc50031aae50fc99f331678471d46d75229c5bfb5678abb669fc,,07/30/2025 02:32:00 PM,35,NO CONTROLS,NO CONTROLS,RAIN,DAYLIGHT,PARKED MOTOR VEHICLE,DIVIDED - W/MEDIAN (NOT RAISED),,STRAIGHT AND LEVEL,WET,NO DEFECTS,ON SCENE,NO INJURY / DRIVE AWAY,,,,"OVER $1,500",07/30/2025 04:53:00 PM,FOLLOWING TOO CLOSELY,UNABLE TO DETERMINE,6400,S,WESTERN AVE,825,,,,,,,2,NO INDICATION OF INJURY,0,0,0,0,0,1,0,14,4,7,41.7773252728,-87.6837383935,POINT (-87.683738393495 41.777325272828)