CRASH_RECORD_ID,CRASH_DATE_EST_I,CRASH_DATE,POSTED_SPEED_LIMIT,TRAFFIC_CONTROL_DEVICE,DEVICE_CONDITION,WEATHER_CONDITION,LIGHTING_CONDITION,FIRST_CRASH_TYPE,TRAFFICWAY_TYPE,LANE_CNT,ALIGNMENT,ROADWAY_SURFACE_COND,ROAD_DEFECT,REPORT_TYPE,CRASH_TYPE,INTERSECTION_RELATED_I,NOT_RIGHT_OF_WAY_I,HIT_AND_RUN_I,DAMAGE,DATE_POLICE_NOTIFIED,PRIM_CONTRIBUTORY_CAUSE,SEC_CONTRIBUTORY_CAUSE,STREET_NO,STREET_DIRECTION,STREET_NAME,BEAT_OF_OCCURRENCE,PHOTOS_TAKEN_I,STATEMENTS_TAKEN_I,DOORING_I,WORK_ZONE_I,WORK_ZONE_TYPE,WORKERS_PRESENT_I,NUM_UNITS,MOST_SEVERE_INJURY,INJURIES_TOTAL,INJURIES_FATAL,INJURIES_INCAPACITATING,INJURIES_NON_INCAPACITATING,INJURIES_REPORTED_NOT_EVIDENT,INJURIES_NO_INDICATION,INJURIES_UNKNOWN,CRASH_HOUR,CRASH_DAY_OF_WEEK,CRASH_MONTH,LATITUDE,LONGITUDE,LOCATION
6782b53bb37538d7e4849a3527d116cd34f802b7fb0f2e8a227e087dcb5c38eb70923c44f9c4947c7aad09a1fb41350c0a09fb7d3db91e3c2ed6f61a1e6ab901,,07/30/2025 02:31:00 PM,30,UNKNOWN,UNKNOWN,RAIN,DAYLIGHT,TURNING,FOUR WAY,,STRAIGHT AND LEVEL,WET,UNKNOWN,ON SCENE,INJURY AND / OR TOW DUE TO CRASH,Y,,,"OVER $1,500",07/30/2025 03:00:00 PM,UNABLE TO DETERMINE,NOT APPLICABLE,8700,S,ASHLAND AVE,2221,,,,,,,2,NONINCAPACITATING INJURY,1,0,0,1,0,1,0,14,4,7,41.7356969886,-87.6632095445,POINT (-87.663209544457 41.735696988636)
c2cf4076b367e925298892d7b18d0a3d95a2d9415016b36e7f08b30becffff20d73e167393d3d1b11bcb738b9d4a44c47380641a799123ceed56ff2c8370f654,,07/30/2025 02:30:00 PM,30,NO CONTROLS,NO CONTROLS,FREEZING RAIN/DRIZZLE,DAYLIGHT,REAR END,NOT DIVIDED,,STRAIGHT AND LEVEL,WET,NO DEFECTS,NOT ON SCENE (DESK REPORT),NO INJURY / DRIVE AWAY,,,,"$501 - $1,500",07/30/2025 05:05:00 PM,FOLLOWING TOO CLOSELY,NOT APPLICABLE,3611,W,OGDEN AVE,1014,,,,,,,2,NO INDICATION OF INJURY,0,0,0,0,0,2,0,14,4,7,41.8541534587,-87.7154864784,POINT (-87.715486478362 41.854153458703)
e6643f3546fdb5d65fc927fcb5d4524bbf4839fb73e156e4baddea9d8f55de11729fdf7c8fc08b3d742f7493881c7fe9a5ea161a5efc80a0a88a79ce5a5b0947,,07/30/2025 02:30:00 PM,30,NO CONTROLS,NO CONTROLS,RAIN,DAYLIGHT,REAR END,NOT DIVIDED,,STRAIGHT AND LEVEL,WET,UNKNOWN,NOT ON SCENE (DESK REPORT),NO INJURY / DRIVE AWAY,,,,"$501 - $1,500",07/30/2025 03:26:00 PM,UNABLE TO DETERMINE,UNABLE TO DETERMINE,6424,S,CICERO AVE,813,,,,,,,2,NO INDICATION OF INJURY,0,0,0,0,0,3,0,14,4,7,41.7758333816,-87.7423304326,POINT (-87.742330432554 41.775833381578)
ec762b646adf8a7f5e4f8e586c4e25cee75909243f0308991316682faf75844f71e54aa5d6889b212945a1d532be1fba4d3cdf1ce936fbb78b2a8e1db315abe9,,07/30/2025 02:30:00 PM,30,UNKNOWN,UNKNOWN,RAIN,DAYLIGHT,REAR TO FRONT,NOT DIVIDED,,STRAIGHT AND LEVEL,UNKNOWN,UNKNOWN,NOT ON SCENE (DESK REPORT),NO INJURY / DRIVE AWAY,,,,"OVER $1,500",07/30/2025 03:00:00 PM,UNABLE TO DETERMINE,UNABLE TO DETERMINE,1550,N,KINGSBURY ST,1822,,,,,,,2,NO INDICATION OF INJURY,0,0,0,0,0,2,0,14,4,7,41.9093987878,-87.6530506979,POINT (-87.653050697894 41.909398787809)
21fadd2778c844c30f57fb880173250f0d00795bc31242195c3bc3fa97be8822c7f1822d11d8f9e74d88f4305617dd0bb7b841e7e0f183cd7bd42feaa957bcec,,07/30/2025 02:25:00 PM,30,NO CONTROLS,NO CONTROLS,RAIN,DAYLIGHT,REAR END,DIVIDED - W/MEDIAN (NOT RAISED),,STRAIGHT AND LEVEL,WET,NO DEFECTS,NOT ON SCENE (DESK REPORT),NO INJURY / DRIVE AWAY,,,,"OVER $1,500",07/30/2025 02:45:00 PM,FOLLOWING TOO CLOSELY,UNABLE TO DETERMINE,4500,N,ELSTON AVE,1722,,,,,,,2,NO INDICATION OF INJURY,0,0,0,0,0,2,0,14,4,7,41.9624697349,-87.7321502804,POINT (-87.732150280382 41.962469734873)
f4f77c6f523ff3106a36348aa771bd2cd1d606637ab8712c930a058066be6c44f994cd0e412d5ce1d3d9bdfeb8eaa376197a2386f0a89927e632679879f1c757,,07/30/2025 02:25:00 PM,30,TRAFFIC SIGNAL,FUNCTIONING PROPERLY,CLEAR,DAYLIGHT,TURNING,NOT DIVIDED,,STRAIGHT AND LEVEL,DRY,NO DEFECTS,NOT ON SCENE (DESK REPORT),NO INJURY / DRIVE AWAY,,,,"OVER $1,500",08/01/2025 03:30:00 PM,IMPROPER TURNING/NO SIGNAL,NOT APPLICABLE,4001,W,MARQUETTE RD,833,,,,,,,2,NO INDICATION OF INJURY,0,0,0,0,0,2,0,14,4,7,41.7712632905,-87.7226339269,POINT (-87.722633926947 41.771263290476)
088dd1f8f2e782f5db6a9b7a08d529d61ce6a6bdc4fa461aefb1222a240d19f5b0e968cb69478a1590fbe1c360ad9ffab73d343c8907ac7471f52b041a6e70bb,,07/30/2025 02:24:00 PM,30,NO CONTROLS,NO CONTROLS,RAIN,DAYLIGHT,TURNING,NOT DIVIDED,,STRAIGHT AND LEVEL,WET,NO DEFECTS,NOT ON SCENE (DESK REPORT),NO INJURY / DRIVE AWAY,,,,"$501 - $1,500",07/30/2025 03:05:00 PM,NOT APPLICABLE,NOT APPLICABLE,6448,S,KEDZIE AVE,823,,,,,,,2,NO INDICATION OF INJURY,0,0,0,0,0,2,0,14,4,7,41.7756391494,-87.7032068591,POINT (-87.703206859061 41.775639149418)
6c1b07fc19773b645ebb85ea17fd0e220aa4eb658a96887325050c47d03f5c460ddb20483f5a8b55385b0dfc534b9c9f7e18274ebbda11e2b7353c63ba4a748d,,07/30/2025 02:23:00 PM,30,NO CONTROLS,NO CONTROLS,RAIN,DAYLIGHT,REAR END,DIVIDED - W/MEDIAN (NOT RAISED),,STRAIGHT AND LEVEL,WET,NO DEFECTS,NOT ON SCENE (DESK REPORT),INJURY AND / OR TOW DUE TO CRASH,,,Y,"OVER $1,500",07/30/2025 03:20:00 PM,UNABLE TO DETERMINE,NOT APPLICABLE,10046,S,EWING AVE,432,,,,,,,2,"REPORTED, NOT EVIDENT",1,0,0,0,1,4,0,14,4,7,41.7125385113,-87.5354230924,POINT (-87.535423092356 41.712538511349)
96a437a502cfaa18cc1455e6fee79735d03f0a7d2813591e2fc6652889f2a5cfd3f8a601ae91a75181273d04140af70436d345f1dd67ab3c27cd416b5e745d5f,,07/30/2025 02:20:00 PM,30,NO CONTROLS,NO CONTROLS,RAIN,DAYLIGHT,PARKED MOTOR VEHICLE,DIVIDED - W/MEDIAN (NOT RAISED),,STRAIGHT AND LEVEL,WET,NO DEFECTS,NOT ON SCENE (DESK REPORT),NO INJURY / DRIVE AWAY,,,,"OVER $1,500",07/30/2025 03:45:00 PM,UNABLE TO DETERMINE,UNABLE TO DETERMINE,3534,W,NORTH AVE,1422,,,,,,,2,NO INDICATION OF INJURY,0,0,0,0,0,2,0,14,4,7,41.9101173177,-87.7155255492,POINT (-87.715525549195 41.910117317692)
c4768bd9dd82f30c7623178c57c0964281944b295306a426fc3007d9920897bce2bbe438c34eb803c753ae0baa3fd16a7c8c0331ca6f6c199d7499032c46156a,,07/30/2025 02:18:00 PM,35,TRAFFIC SIGNAL,FUNCTIONING PROPERLY,RAIN,DAYLIGHT,SIDESWIPE SAME DIRECTION,DIVIDED - W/MEDIAN (NOT RAISED),,STRAIGHT AND LEVEL,WET,NO DEFECTS,NOT ON SCENE (DESK REPORT),NO INJURY / DRIVE AWAY,Y,,,"OVER $1,500",07/30/2025 02:40:00 PM,UNABLE TO DETERMINE,UNABLE TO DETERMINE,1401,S,MICHIGAN AVE,132,Y,N,,,,,2,NO INDICATION OF INJURY,0,0,0,0,0,2,0,14,4,7,41.8640025957,-87.6239320493,POINT (-87.623932049301 41.864002595738)
e7c7c8aa80376e287f06fcc36a7557c567d298766cd93dee427dd38bd99aa5570771054c9b00aa1cd826cbfe52f2e87444e6106d14245cdaa18fee49d18b37ad,,07/30/2025 02:15:00 PM,25,NO CONTROLS,NO CONTROLS,UNKNOWN,DAYLIGHT,ANGLE,DIVIDED - W/MEDIAN (NOT RAISED),,STRAIGHT AND LEVEL,UNKNOWN,UNKNOWN,NOT ON SCENE (DESK REPORT),NO INJURY / DRIVE AWAY,,,,"OVER $1,500",07/30/2025 04:25:00 PM,FAILING TO YIELD RIGHT-OF-WAY,FAILING TO YIELD RIGHT-OF-WAY,1718,W,HIGHLAND AVE,2433,,,,,,,2,NO INDICATION OF INJURY,0,0,0,0,0,2,0,14,4,7,41.9969350197,-87.6727597412,POINT (-87.672759741247 41.996935019695)
edbb22e1c02827deac8d6a3dbcda995b6a507b80fc6d9ed8789b7e6736f92e22bcebd6cf895dc1b902cfd03f3315f9c5ae75b3cce03d933bfb303c70581f58ea,,07/30/2025 02:15:00 PM,30,NO CONTROLS,NO CONTROLS,CLOUDY/OVERCAST,DAYLIGHT,SIDESWIPE SAME DIRECTION,DIVIDED - W/MEDIAN (NOT RAISED),,STRAIGHT AND LEVEL,UNKNOWN,UNKNOWN,NOT ON SCENE (DESK REPORT),NO INJURY / DRIVE AWAY,,,,"OVER $1,500",07/30/2025 03:00:00 PM,UNABLE TO DETERMINE,UNABLE TO DETERMINE,4750,W,NORTH AVE,2533,,,,,,,2,NO INDICATION OF INJURY,0,0,0,0,0,3,0,14,4,7,41.9097403479,-87.7457416028,POINT (-87.74574160284 41.909740347917)
0dd292df95e32b4280691d573b8e566cee39698eabb4abb7e57cbebdc434bf55e29f6ee5ea6e736f845a08a9b5e26461ec8570b471a615c6df449ec120f77ac9,,07/30/2025 02:13:00 PM,35,TRAFFIC SIGNAL,FUNCTIONING PROPERLY,RAIN,DAYLIGHT,SIDESWIPE SAME DIRECTION,FOUR WAY,,STRAIGHT AND LEVEL,WET,NO DEFECTS,NOT ON SCENE (DESK REPORT),NO INJURY / DRIVE AWAY,Y,,,"OVER $1,500",07/30/2025 04:48:00 PM,IMPROPER OVERTAKING/PASSING,NOT APPLICABLE,191,N,WACKER DR,122,Y,,,,,,2,NO INDICATION OF INJURY,0,0,0,0,0,2,0,14,4,7,41.8855344999,-87.6366760915,POINT (-87.636676091475 41.885534499942)
55badb1a3a7c6dab6d29fc921b52914a4ecd832334f137cc8d92ee9d8c629a1278fe5752d413ac9c39c40a55faf1347ad73e2913beaf990514dc0d05fb500e12,,07/30/2025 02:10:00 PM,30,TRAFFIC SIGNAL,FUNCTIONING PROPERLY,RAIN,DAYLIGHT,REAR END,ONE-WAY,,STRAIGHT AND LEVEL,WET,NO DEFECTS,NOT ON SCENE (DESK REPORT),NO INJURY / DRIVE AWAY,,,Y,"OVER $1,500",07/30/2025 05:15:00 PM,UNABLE TO DETERMINE,UNABLE TO DETERMINE,500,S,KOSTNER AVE,1131,,,,,,,2,NO INDICATION OF INJURY,0,0,0,0,0,3,0,14,4,7,41.8742110549,-87.7353870892,POINT (-87.735387089165 41.874211054858)
019702c91a1be2f1351bbc6c35b81e6b51b92e1e94a0425a093e50050fb606d63fa9f2fa5095c7bcc626b1850d8a5aedf0ca24e5dca04294024082bd6de1cb76,,07/30/2025 02:07:00 PM,30,TRAFFIC SIGNAL,UNKNOWN,RAIN,DAYLIGHT,PEDESTRIAN,NOT DIVIDED,,STRAIGHT AND LEVEL,WET,UNKNOWN,ON SCENE,INJURY AND / OR TOW DUE TO CRASH,,,,"OVER $1,500",07/30/2025 02:08:00 PM,UNABLE TO DETERMINE,UNABLE TO DETERMINE,5320,N,KEDZIE AVE,1712,,,,,,,2,NONINCAPACITATING INJURY,1,0,0,1,0,1,0,14,4,7,41.9782413944,-87.7088900022,POINT (-87.708890002237 41.978241394444)
6fab42fae9c255d3a30961d82b71efdfe95fe42b15d9d68c179e0098fe933d3018bbb3365253a19a273a83cd314552e96c4404e68a7c15ec876958da8bd0644a,,07/30/2025 02:06:00 PM,30,TRAFFIC SIGNAL,FUNCTIONING PROPERLY,RAIN,DAYLIGHT,REAR END,NOT DIVIDED,,STRAIGHT ON GRADE,WET,NO DEFECTS,ON SCENE,NO INJURY / DRIVE AWAY,,,,"OVER $1,500",07/30/2025 02:07:00 PM,UNABLE TO DETERMINE,NOT APPLICABLE,1810,N,CENTRAL AVE,2531,,,,,,,2,NO INDICATION OF INJURY,0,0,0,0,0,2,0,14,4,7,41.9133920303,-87.7657899825,POINT (-87.765789982542 41.913392030269)
ee789e978f822300c05c1fa5133a5bef3e618bd7a2a4860b0ae87249d13aae82bc933e9276371f3e4307752d9ecc6add2de54336c7f78a9ce8b6b5907e49958a,,07/30/2025 02:06:00 PM,30,STOP SIGN/FLASHER,FUNCTIONING PROPERLY,RAIN,DAYLIGHT,ANGLE,FOUR WAY,,STRAIGHT AND LEVEL,WET,NO DEFECTS,ON SCENE,INJURY AND / OR TOW DUE TO CRASH,Y,,,"OVER $1,500",07/30/2025 02:06:00 PM,DISREGARDING STOP SIGN,FAILING TO YIELD RIGHT-OF-WAY,2504,W,DIVISION ST,1423,,,,,,,3,"REPORTED, NOT EVIDENT",1,0,0,0,1,3,0,14,4,7,41.9031005765,-87.6897225864,POINT (-87.6897225864 41.903100576546)
6ba4c2e9c6ff1b35059a1238e06854c80804a1c2387d06812ef419378809811956b1cd70d61deb8098825e7fbb3a3a83f7d00036d60a0b2191d259b3c3ad49bb,,07/30/2025 02:05:00 PM,30,STOP SIGN/FLASHER,FUNCTIONING PROPERLY,CLEAR,DAYLIGHT,ANGLE,NOT DIVIDED,,STRAIGHT AND LEVEL,WET,UNKNOWN,NOT ON SCENE (DESK REPORT),NO INJURY / DRIVE AWAY,Y,,,"OVER $1,500",07/30/2025 03:45:00 PM,FAILING TO YIELD RIGHT-OF-WAY,UNABLE TO DETERMINE,5300,S,CORNELL AVE,234,,,,,,,2,NO INDICATION OF INJURY,0,0,0,0,0,3,0,14,4,7,41.7995205923,-87.5856584015,POINT (-87.585658401531 41.799520592281)
8bd1309654d5106626cc12061d2a67072a91c3ed4a4bbe77eba607e5877d0452e7f7c334d8156761aadad4222eb3360f5acf10e9ede2c37b26b8341f604e7d5f,,07/30/2025 02:05:00 PM,30,TRAFFIC SIGNAL,FUNCTIONING PROPERLY,RAIN,DAYLIGHT,TURNING,DIVIDED - W/MEDIAN (NOT RAISED),,STRAIGHT AND LEVEL,WET,UNKNOWN,NOT ON SCENE (DESK REPORT),NO INJURY / DRIVE AWAY,Y,,,"OVER $1,500",07/30/2025 02:50:00 PM,UNABLE TO DETERMINE,UNABLE TO DETERMINE,2400,W,CHICAGO AVE,1212,,,,,,,2,NO INDICATION OF INJURY,0,0,0,0,0,2,0,14,4,7,41.8958510411,-87.6869689347,POINT (-87.686968934685 41.895851041124)
294641c9c80b840c4d51cf980879ee17d2868e4e1874772e96ba46dd438658f0c72a0668107fa3e0269a423d0c9b39b674dc2b16707d3bbd4d73c68f2300e102,,07/30/2025 02:00:00 PM,25,NO CONTROLS,NO CONTROLS,CLEAR,DAYLIGHT,PARKED MOTOR VEHICLE,NOT DIVIDED,,STRAIGHT AND LEVEL,DRY,NO DEFECTS,NOT ON SCENE (DESK REPORT),NO INJURY / DRIVE AWAY,,,,"OVER $1,500",07/30/2025 04:53:00 PM,NOT APPLICABLE,NOT APPLICABLE,1333,W,ARDMORE AVE,2013,,,,,,,2,NO INDICATION OF INJURY,0,0,0,0,0,1,0,14,4,7,41.9879822554,-87.6646088279,POINT (-87.664608827851 41.987982255449)
36f6325ebcfac55619f3190ef9ee425a02979e0b99b9874afdf898c01c54a6012215a30164942969ad46f20d3b7abee418600a6913bceac5122aef68a8e2e6c5,,07/30/2025 02:00:00 PM,30,NO CONTROLS,NO CONTROLS,CLEAR,DAYLIGHT,OTHER OBJECT,ALLEY,,STRAIGHT AND LEVEL,DRY,NO DEFECTS,NOT ON SCENE (DESK REPORT),NO INJURY / DRIVE AWAY,,,,$500 OR LESS,07/30/2025 06:50:00 PM,NOT APPLICABLE,NOT APPLICABLE,4157,N,LINCOLN AVE,1911,,,,,,,1,NO INDICATION OF INJURY,0,0,0,0,0,1,0,14,4,7,41.9575051766,-87.6809391467,POINT (-87.680939146663 41.957505176618)
5387fa4af811ca060e8666361fc15f0c9c829fea80db1bdc60d3735a29e8baa97008bf9afc1f1aea519b6ae7c361d13cdf1ed5f4b7dbf94ebbe0f4db4c66d750,,07/30/2025 02:00:00 PM,30,NO CONTROLS,NO CONTROLS,RAIN,DAYLIGHT,REAR END,NOT DIVIDED,,STRAIGHT AND LEVEL,WET,NO DEFECTS,NOT ON SCENE (DESK REPORT),NO INJURY / DRIVE AWAY,,,,"OVER $1,500",07/30/2025 03:41:00 PM,FOLLOWING TOO CLOSELY,NOT APPLICABLE,6300,S,CICERO AVE,813,,,,,,,2,NO INDICATION OF INJURY,0,0,0,0,0,2,0,14,4,7,41.7783353905,-87.7424364942,POINT (-87.74243649416 41.778335390453)
72631ea297718bdae2563ddf7755d0d150d57d990cef5587fa9b06ffc742b88aefbce2a9bc66a5617fdb54d5b20970d80a82ee7439fe08e893c783c8256b7757,,07/30/2025 02:00:00 PM,30,NO CONTROLS,UNKNOWN,UNKNOWN,UNKNOWN,PARKED MOTOR VEHICLE,ONE-WAY,,STRAIGHT AND LEVEL,UNKNOWN,UNKNOWN,NOT ON SCENE (DESK REPORT),NO INJURY / DRIVE AWAY,,,Y,"OVER $1,500",07/30/2025 06:14:00 PM,IMPROPER OVERTAKING/PASSING,IMPROPER OVERTAKING/PASSING,6434,N,MAPLEWOOD AVE,2412,,,,,,,2,NO INDICATION OF INJURY,0,0,0,0,0,1,0,14,4,7,41.9987125235,-87.6937178756,POINT (-87.693717875613 41.998712523458)
74e0c3c8b16b69cc774d2e75006d35383196b40ce3e9ee842646564309e43b33a22c79b8cacd3d6502e9003a8d5956a507dde7c559d5b5ebffe61763636ce7b7,,07/30/2025 02:00:00 PM,30,UNKNOWN,UNKNOWN,RAIN,DAWN,REAR END,NOT DIVIDED,,STRAIGHT AND LEVEL,WET,UNKNOWN,ON SCENE,NO INJURY / DRIVE AWAY,,,,$500 OR LESS,07/30/2025 02:55:00 PM,UNABLE TO DETERMINE,NOT APPLICABLE,119,S,CICERO AVE,1113,,,,,,,2,NO INDICATION OF INJURY,0,0,0,0,0,2,0,14,4,7,41.8785715424,-87.7450600136,POINT (-87.745060013603 41.878571542397)
7f0ba9ea47e0e7be6e4b7291559128f0675c3ed093c653fcee879f2ba4a6dba8b5f8df855ccb5c255b1cefbaf7f62a83f23cfbbff099ebe4ef790d8a653b5d12,Y,07/30/2025 02:00:00 PM,30,NO CONTROLS,NO CONTROLS,RAIN,DAYLIGHT,REAR END,DIVIDED - W/MEDIAN (NOT RAISED),,STRAIGHT AND LEVEL,WET,NO DEFECTS,NOT ON SCENE (DESK REPORT),NO INJURY / DRIVE AWAY,,,Y,"$501 - $1,500",08/05/2025 07:16:00 PM,FOLLOWING TOO CLOSELY,NOT APPLICABLE,7421,S,LOOMIS BLVD,734,,,,,,,2,NO INDICATION OF INJURY,0,0,0,0,0,2,0,14,4,7,41.7588948568,-87.6586616411,POINT (-87.658661641106 41.75889485676)
9699c3aec72dfac8a9de8c36e671307d7aa5102f2c92f73002685992bb17a55bd486022fa6ad6d9b565385452318792582287a02c3ab269d18c50fe7e41ee89f,,07/30/2025 02:00:00 PM,40,UNKNOWN,UNKNOWN,RAIN,DAYLIGHT,SIDESWIPE SAME DIRECTION,NOT DIVIDED,,STRAIGHT AND LEVEL,WET,UNKNOWN,,NO INJURY / DRIVE AWAY,,,,"OVER $1,500",07/30/2025 02:30:00 PM,NOT APPLICABLE,NOT APPLICABLE,5900,S,LAKE SHORE DR,331,,,,,,,2,NO INDICATION OF INJURY,0,0,0,0,0,3,0,14,4,7,41.7877235356,-87.5779401845,POINT (-87.577940184491 41.787723535558)
bd71154447e4709ad211b0939ebf283ad1f97ee2482a8d1237153443a2081afebd4b954194edaa5f2a635d7efeeb0778d8ffb819121edc1fdcb075416d54d034,,07/30/2025 02:00:00 PM,30,STOP SIGN/FLASHER,FUNCTIONING PROPERLY,RAIN,DAYLIGHT,REAR END,DIVIDED - W/MEDIAN (NOT RAISED),,STRAIGHT AND LEVEL,WET,NO DEFECTS,NOT ON SCENE (DESK REPORT),NO INJURY / DRIVE AWAY,,,N,"OVER $1,500",07/30/2025 02:10:00 PM,UNABLE TO DETERMINE,UNABLE TO DETERMINE,401,S,CICERO AVE,1131,,,,,,,2,NO INDICATION OF INJURY,0,0,0,0,0,2,0,14,4,7,41.8749572297,-87.7449185831,POINT (-87.744918583056 41.874957229692)
c20f255fc0f5299ea8122165ed19ad6636914ad2a70e9c27d4e51bc47ee7a7b2c6756999e887249da3625a204e7ad3a34331345bc423fc6630c9260ea641655b,,07/30/2025 02:00:00 PM,10,NO CONTROLS,NO CONTROLS,RAIN,DAYLIGHT,PARKED MOTOR VEHICLE,PARKING LOT,,STRAIGHT AND LEVEL,WET,NO DEFECTS,NOT ON SCENE (DESK REPORT),NO INJURY / DRIVE AWAY,,Y,Y,"$501 - $1,500",07/30/2025 08:29:00 PM,NOT APPLICABLE,NOT APPLICABLE,8101,S,CICERO AVE,834,,,,,,,2,NO INDICATION OF INJURY,0,0,0,0,0,1,0,14,4,7,41.7455135883,-87.7410838505,POINT (-87.741083850503 41.745513588284)
d8e30ef07c2e143ab3f3c2870ede5946e1466b035932d60c19af0ab3e7ec459f523ef758805f5a5aaca2b074e5650635bac00f866315183f71765bdc6c81ce01,,07/30/2025 02:00:00 PM,30,STOP SIGN/FLASHER,FUNCTIONING PROPERLY,RAIN,DAYLIGHT,ANGLE,FOUR WAY,,STRAIGHT AND LEVEL,WET,NO DEFECTS,ON SCENE,NO INJURY / DRIVE AWAY,Y,,,"OVER $1,500",07/30/2025 02:40:00 PM,FAILING TO YIELD RIGHT-OF-WAY,WEATHER,3469,N,ELSTON AVE,1733,,,,,,,3,NO INDICATION OF INJURY,0,0,0,0,0,4,0,14,4,7,41.9442389014,-87.7051486887,POINT (-87.705148688719 41.944238901391)
d96e7b09041a94a96ec92d96ebeac0996c0dd2609984eb8d67b309b1bb98b9048d11706dc1fd888445e9c677fce47e0afd611d8bd3b1cedc116801a13437386c,,07/30/2025 01:49:00 PM,30,TRAFFIC SIGNAL,FUNCTIONING PROPERLY,RAIN,DAYLIGHT,REAR END,DIVIDED - W/MEDIAN (NOT RAISED),,STRAIGHT AND LEVEL,WET,NO DEFECTS,NOT ON SCENE (DESK REPORT),NO INJURY / DRIVE AWAY,Y,,,"$501 - $1,500",07/30/2025 02:00:00 PM,"OPERATING VEHICLE IN ERRATIC, RECKLESS, CARELESS, NEGLIGENT OR AGGRESSIVE MANNER",NOT APPLICABLE,5150,N,WESTERN AVE,2031,,,,,,,2,NO INDICATION OF INJURY,0,0,0,0,0,2,0,13,4,7,41.9755654383,-87.689284448,POINT (-87.689284448039 41.97556543833)
0c00deb4e32180b6e619e1dbcc970b3722d7edf8bbfe1c3b81ded189596b742f3c91d5c02043dcd761ff09f9a346839b16cd20dde866ccbfcc619ab85ac11dc6,,07/30/2025 01:45:00 PM,30,STOP SIGN/FLASHER,FUNCTIONING PROPERLY,RAIN,DAYLIGHT,ANGLE,NOT DIVIDED,,STRAIGHT AND LEVEL,WET,NO DEFECTS,NOT ON SCENE (DESK REPORT),NO INJURY / DRIVE AWAY,Y,,,"OVER $1,500",07/30/2025 02:30:00 PM,FAILING TO YIELD RIGHT-OF-WAY,UNABLE TO DETERMINE,3329,N,LARAMIE AVE,1634,,,,,,,2,NO INDICATION OF INJURY,0,0,0,0,0,2,0,13,4,7,41.9413949453,-87.7566315753,POINT (-87.756631575298 41.941394945322)
a5dbe0116e3392b63e25c9ef76367d520f5ce4085d34b649b272867866f50b73a367b1aff38a151dbce19a11b1dc02b7b33ca18e3a363cd1d2d5b0709f25a625,Y,07/30/2025 01:45:00 PM,25,STOP SIGN/FLASHER,FUNCTIONING PROPERLY,CLEAR,DAYLIGHT,REAR TO FRONT,ONE-WAY,,STRAIGHT AND LEVEL,DRY,UNKNOWN,NOT ON SCENE (DESK REPORT),NO INJURY / DRIVE AWAY,,,Y,"OVER $1,500",07/30/2025 02:30:00 PM,IMPROPER BACKING,NOT APPLICABLE,3600,N,TROY ST,1733,,,,,,,2,NO INDICATION OF INJURY,0,0,0,0,0,2,0,13,4,7,41.9467283277,-87.7067456599,POINT (-87.70674565993 41.946728327743)
11d938b818cbe07aefdad04bc7503673c487fd3f3e98c15b3ed1d4489ed2f09fea1bd98b5bf633282d76430945622b3a4dddaa1cd3125cd16d7987d007aeeb7c,,07/30/2025 01:40:00 PM,30,NO CONTROLS,NO CONTROLS,CLEAR,DAYLIGHT,REAR END,NOT DIVIDED,,STRAIGHT AND LEVEL,DRY,NO DEFECTS,NOT ON SCENE (DESK REPORT),NO INJURY / DRIVE AWAY,,,,"$501 - $1,500",07/30/2025 06:30:00 PM,FOLLOWING TOO CLOSELY,FOLLOWING TOO CLOSELY,3977,N,OTTAWA AVE,1631,,,,,,,2,NO INDICATION OF INJURY,0,0,0,0,0,2,0,13,4,7,41.9524123476,-87.8181563245,POINT (-87.818156324475 41.952412347572)
5ba40dcd0523196397dbbf82181beed9fce5e28d3d3b1d6f04914efbd114eaadbf75b0653caf0c2be4e69d18f6c7a301c6b58f8ef02d5a7403c444f1bfee0b41,,07/30/2025 01:40:00 PM,30,TRAFFIC SIGNAL,FUNCTIONING PROPERLY,RAIN,DAYLIGHT,TURNING,FOUR WAY,,STRAIGHT AND LEVEL,WET,UNKNOWN,NOT ON SCENE (DESK REPORT),INJURY AND / OR TOW DUE TO CRASH,Y,,,"OVER $1,500",07/30/2025 01:50:00 PM,IMPROPER OVERTAKING/PASSING,NOT APPLICABLE,400,E,87TH ST,632,,,,,,,2,"REPORTED, NOT EVIDENT",1,0,0,0,1,1,0,13,4,7,41.7366139674,-87.6144497305,POINT (-87.614449730497 41.736613967437)
914e68c35948cddadfa47fbee31a9a8ced7d96908f55012e8ffb738e0db81c6ada4e0bfc0e38e9a1e1e885eae3a855d7da2e456d7bc547df5bfad2bb13e80ac9,,07/30/2025 01:40:00 PM,30,NO CONTROLS,NO CONTROLS,RAIN,DAYLIGHT,SIDESWIPE SAME DIRECTION,DIVIDED - W/MEDIAN (NOT RAISED),,STRAIGHT AND LEVEL,WET,NO DEFECTS,NOT ON SCENE (DESK REPORT),NO INJURY / DRIVE AWAY,,,,"$501 - $1,500",07/30/2025 04:37:00 PM,IMPROPER OVERTAKING/PASSING,NOT APPLICABLE,2800,S,WESTERN AVE,1034,,,,,,,2,NO INDICATION OF INJURY,0,0,0,0,0,2,0,13,4,7,41.8411101754,-87.6854255447,POINT (-87.685425544687 41.841110175378)