CRASH_RECORD_ID,CRASH_DATE_EST_I,CRASH_DATE,POSTED_SPEED_LIMIT,TRAFFIC_CONTROL_DEVICE,DEVICE_CONDITION,WEATHER_CONDITION,LIGHTING_CONDITION,FIRST_CRASH_TYPE,TRAFFICWAY_TYPE,LANE_CNT,ALIGNMENT,ROADWAY_SURFACE_COND,ROAD_DEFECT,REPORT_TYPE,CRASH_TYPE,INTERSECTION_RELATED_I,NOT_RIGHT_OF_WAY_I,HIT_AND_RUN_I,DAMAGE,DATE_POLICE_NOTIFIED,PRIM_CONTRIBUTORY_CAUSE,SEC_CONTRIBUTORY_CAUSE,STREET_NO,STREET_DIRECTION,STREET_NAME,BEAT_OF_OCCURRENCE,PHOTOS_TAKEN_I,STATEMENTS_TAKEN_I,DOORING_I,WORK_ZONE_I,WORK_ZONE_TYPE,WORKERS_PRESENT_I,NUM_UNITS,MOST_SEVERE_INJURY,INJURIES_TOTAL,INJURIES_FATAL,INJURIES_INCAPACITATING,INJURIES_NON_INCAPACITATING,INJURIES_REPORTED_NOT_EVIDENT,INJURIES_NO_INDICATION,INJURIES_UNKNOWN,CRASH_HOUR,CRASH_DAY_OF_WEEK,CRASH_MONTH,LATITUDE,LONGITUDE,LOCATION
3a17d179d0c86e80a6a57fb1a62572ae9b1a24a4f666fbcbf7640eebb795c9cd97235e1470ad6fd54e59b016ae5ac8329125957d23c22b7df59bff9698d5cd67,,07/30/2025 01:35:00 PM,30,NO CONTROLS,NO CONTROLS,RAIN,DAYLIGHT,REAR END,NOT DIVIDED,,STRAIGHT AND LEVEL,WET,NO DEFECTS,ON SCENE,NO INJURY / DRIVE AWAY,,,,"OVER $1,500",07/30/2025 01:39:00 PM,FOLLOWING TOO CLOSELY,FAILING TO REDUCE SPEED TO AVOID CRASH,4912,W,ROOSEVELT RD,1533,,,,,,,2,NO INDICATION OF INJURY,0,0,0,0,0,2,0,13,4,7,41.865964175,-87.7476992463,POINT (-87.747699246326 41.865964175022)
599b7289f380cc4fff0729fb15f5360c264a0b423a21f48767f6140cddb64acfa82b749da29ae62f55467f8d9d6efd57bf672aa877fd1210a4d5971ff0f8d58e,,07/30/2025 01:35:00 PM,20,NO CONTROLS,NO CONTROLS,CLEAR,DAYLIGHT,ANGLE,PARKING LOT,,STRAIGHT AND LEVEL,DRY,NO DEFECTS,NOT ON SCENE (DESK REPORT),NO INJURY / DRIVE AWAY,,Y,,"OVER $1,500",08/01/2025 03:00:00 PM,FAILING TO YIELD RIGHT-OF-WAY,FAILING TO YIELD RIGHT-OF-WAY,264,S,LEAVITT ST,1225,,,,,,,2,NO INDICATION OF INJURY,0,0,0,0,0,2,0,13,4,7,41.8776585742,-87.6815901918,POINT (-87.681590191777 41.877658574162)
50d24937306e68f87d6bb9164a03c73c7316d57d0b767db3d01b404c110c18deb793005a938816341470541d414b4e1d48e2a4946d796e8fef7496a004c546c6,,07/30/2025 01:30:00 PM,30,UNKNOWN,UNKNOWN,UNKNOWN,DAYLIGHT,PARKED MOTOR VEHICLE,OTHER,,STRAIGHT AND LEVEL,UNKNOWN,UNKNOWN,NOT ON SCENE (DESK REPORT),INJURY AND / OR TOW DUE TO CRASH,,,,"OVER $1,500",07/30/2025 03:40:00 PM,UNABLE TO DETERMINE,NOT APPLICABLE,1755,W,JACKSON BLVD,1225,,,,,,,3,NO INDICATION OF INJURY,0,0,0,0,0,1,0,13,4,7,41.8774390046,-87.6713535675,POINT (-87.671353567501 41.877439004622)
5a990a79402ebfe82ea72f8b26a5a41591a6597a8c7d9d0a1dc9d05d8b363019bd0b3a227ad970092a4021d7056f494db9c7ce6c928f8b8b77002e54a041b88d,,07/30/2025 01:30:00 PM,20,NO CONTROLS,NO CONTROLS,RAIN,DAYLIGHT,HEAD ON,NOT DIVIDED,,STRAIGHT AND LEVEL,WET,UNKNOWN,NOT ON SCENE (DESK REPORT),NO INJURY / DRIVE AWAY,,,,"OVER $1,500",07/31/2025 01:15:00 PM,WEATHER,NOT APPLICABLE,500,W,109TH ST,2233,,,,,,,2,NO INDICATION OF INJURY,0,0,0,0,0,2,0,13,4,7,41.6961952612,-87.6353145668,POINT (-87.635314566824 41.696195261187)
a40e8df2795c689f004e4bdf25763d7c74247ac9ba7840deb958a22509bca842e801f2bf567f565a20eb03d0ef7bc401f759d5dc70adfec55a391d0defc97e94,,07/30/2025 01:30:00 PM,30,TRAFFIC SIGNAL,FUNCTIONING PROPERLY,RAIN,DAYLIGHT,SIDESWIPE SAME DIRECTION,DIVIDED - W/MEDIAN (NOT RAISED),,STRAIGHT AND LEVEL,WET,NO DEFECTS,NOT ON SCENE (DESK REPORT),NO INJURY / DRIVE AWAY,,,,"$501 - $1,500",07/30/2025 02:45:00 PM,IMPROPER OVERTAKING/PASSING,IMPROPER OVERTAKING/PASSING,724,S,CLARK ST,123,,,,,,,2,NO INDICATION OF INJURY,0,0,0,0,0,2,0,13,4,7,41.8728861536,-87.6307746444,POINT (-87.630774644436 41.872886153564)
2b61ff322245582b12bf613666a666403d0caef105ea77908f812ef535c1ff36801ff63741af1806512e1ed8806177bb38a68c53db118de032dedd2b2f75db83,,07/30/2025 01:24:00 PM,30,TRAFFIC SIGNAL,FUNCTIONING PROPERLY,RAIN,DAYLIGHT,TURNING,NOT DIVIDED,,STRAIGHT AND LEVEL,WET,NO DEFECTS,,INJURY AND / OR TOW DUE TO CRASH,Y,,,"OVER $1,500",07/30/2025 01:27:00 PM,FAILING TO YIELD RIGHT-OF-WAY,UNABLE TO DETERMINE,7200,N,WESTERN AVE,2411,,,,,,,3,NO INDICATION OF INJURY,0,0,0,0,0,4,0,13,4,7,42.0123713348,-87.6903939174,POINT (-87.690393917379 42.012371334792)
6b09eccf50d5176b13c8ec5b604afb0804be9772fa040bbdaf02cf6d1bf7a543381615091aa80d0fd23eb71cf5445ca7df17e07be5e78f53b1862cd38c591d8e,,07/30/2025 01:24:00 PM,30,STOP SIGN/FLASHER,OTHER,RAIN,DAYLIGHT,TURNING,NOT DIVIDED,,STRAIGHT AND LEVEL,DRY,NO DEFECTS,NOT ON SCENE (DESK REPORT),NO INJURY / DRIVE AWAY,,,,"OVER $1,500",07/30/2025 01:29:00 PM,UNABLE TO DETERMINE,NOT APPLICABLE,1446,S,WOOD ST,1233,,,,,,,2,NO INDICATION OF INJURY,0,0,0,0,0,2,0,13,4,7,41.8618616588,-87.6713590367,POINT (-87.671359036708 41.86186165881)
8543939a2fe2e4901c02bc88603c5beca013413911e717d6da73af807e1a944fc3a6b7a877e911e41a3becc2c3c1c5df805702ea3e6ff3d1f5ef53975c6d973d,,07/30/2025 01:21:00 PM,35,STOP SIGN/FLASHER,UNKNOWN,RAIN,DAYLIGHT,ANGLE,FOUR WAY,,STRAIGHT AND LEVEL,WET,UNKNOWN,ON SCENE,INJURY AND / OR TOW DUE TO CRASH,Y,,,"OVER $1,500",07/30/2025 01:33:00 PM,FAILING TO YIELD RIGHT-OF-WAY,UNABLE TO DETERMINE,1999,W,IOWA ST,1212,,,,,,,2,NONINCAPACITATING INJURY,4,0,0,4,0,0,0,13,4,7,41.8976223349,-87.677040555,POINT (-87.677040555047 41.897622334851)
e5a77b18215f88009a0b2b97726de459f787d6d637ca3f81d702ba4b4739da032ddbea048917bc9c779f286aa1813502499e2e79453bb09d1366a1eec3c7dfa5,,07/30/2025 01:21:00 PM,10,NO CONTROLS,NO CONTROLS,RAIN,DAYLIGHT,PEDESTRIAN,PARKING LOT,,STRAIGHT AND LEVEL,WET,UNKNOWN,,INJURY AND / OR TOW DUE TO CRASH,,,N,"OVER $1,500",07/30/2025 04:03:00 PM,FAILING TO YIELD RIGHT-OF-WAY,UNABLE TO DETERMINE,3045,W,26TH ST,1033,,,,,,,2,INCAPACITATING INJURY,1,0,1,0,0,1,0,13,4,7,41.8444692529,-87.7019302145,POINT (-87.701930214473 41.844469252871)
f125f35c2322b1f41065c145681aa6976ee5771430a7e0bd7a4e2ecec10fbdcb9f008c121a703c443be569a2371b72d0d3ccf86ac1b4b9ea62eacba7374c5838,,07/30/2025 01:20:00 PM,30,NO CONTROLS,NO CONTROLS,RAIN,DAYLIGHT,PARKED MOTOR VEHICLE,NOT DIVIDED,,STRAIGHT AND LEVEL,WET,NO DEFECTS,NOT ON SCENE (DESK REPORT),NO INJURY / DRIVE AWAY,,,Y,"$501 - $1,500",07/30/2025 02:30:00 PM,UNABLE TO DETERMINE,NOT APPLICABLE,2731,W,FULLERTON AVE,1431,,,,,,,2,NO INDICATION OF INJURY,0,0,0,0,0,1,0,13,4,7,41.9247086194,-87.6962496401,POINT (-87.696249640102 41.924708619431)
460d97562541c32dc16c8b460c7922cae635c3701303badc398fd9aaa0d1503c3e5aeac38d154f33e311203b3ec5ebde6004375769eb7f5c01bf68f19cd94796,,07/30/2025 01:15:00 PM,30,NO CONTROLS,NO CONTROLS,RAIN,DAYLIGHT,PARKED MOTOR VEHICLE,NOT DIVIDED,,STRAIGHT AND LEVEL,WET,NO DEFECTS,NOT ON SCENE (DESK REPORT),NO INJURY / DRIVE AWAY,,,,"$501 - $1,500",07/30/2025 04:00:00 PM,UNABLE TO DETERMINE,NOT APPLICABLE,2253,W,111TH ST,2212,,,,,,,2,NO INDICATION OF INJURY,0,0,0,0,0,2,0,13,4,7,41.6917050124,-87.678358499,POINT (-87.678358499014 41.691705012381)
f4b196748370bf7faf05e101ecc28a8f060047980819fb13dcd127a92af476e1fc6da84cf6c443624a7f894fc0cb6843d39f2bec660df775bde1872ec6af87d4,,07/30/2025 01:15:00 PM,20,NO CONTROLS,NO CONTROLS,RAIN,DAYLIGHT,ANGLE,DIVIDED - W/MEDIAN (NOT RAISED),,STRAIGHT AND LEVEL,UNKNOWN,UNKNOWN,NOT ON SCENE (DESK REPORT),NO INJURY / DRIVE AWAY,,,Y,"OVER $1,500",07/30/2025 02:26:00 PM,FAILING TO YIELD RIGHT-OF-WAY,NOT APPLICABLE,5963,W,ADAMS BLVD,1513,,,,,,,2,NO INDICATION OF INJURY,0,0,0,0,0,2,0,13,4,7,41.8775118159,-87.7737486702,POINT (-87.773748670187 41.87751181585)
a8f84d355f19bbd666b5879bb0c61b3e76bb4c0cdbf67ebed47eddbc3733740d855a81d92b156f3756a99269f46223df8ae53426b6519a907879ef9fc75697ae,,07/30/2025 01:10:00 PM,30,NO CONTROLS,NO CONTROLS,RAIN,DAYLIGHT,SIDESWIPE OPPOSITE DIRECTION,NOT DIVIDED,,STRAIGHT AND LEVEL,WET,NO DEFECTS,ON SCENE,INJURY AND / OR TOW DUE TO CRASH,,,Y,"OVER $1,500",07/30/2025 01:10:00 PM,DRIVING ON WRONG SIDE/WRONG WAY,UNABLE TO DETERMINE,11000,S,COTTAGE GROVE AVE,513,,,,,,,2,NO INDICATION OF INJURY,0,0,0,0,0,2,0,13,4,7,41.6943397059,-87.6096422497,POINT (-87.609642249683 41.694339705875)
7af87c7c0b9151a90392b31d8156d86b012fe177f7e3300ee3021c788dc3867ae85adab370a2a53dd82c50cb56fe1808ba3577767cf8d73e639a4a5d39c6f16f,,07/30/2025 01:09:00 PM,30,TRAFFIC SIGNAL,FUNCTIONING PROPERLY,RAIN,DAYLIGHT,TURNING,DIVIDED - W/MEDIAN (NOT RAISED),,STRAIGHT AND LEVEL,WET,NO DEFECTS,ON SCENE,INJURY AND / OR TOW DUE TO CRASH,Y,,,"OVER $1,500",07/30/2025 01:16:00 PM,FAILING TO YIELD RIGHT-OF-WAY,DRIVING SKILLS/KNOWLEDGE/EXPERIENCE,4800,N,SHERIDAN RD,2024,,,,,,,2,NO INDICATION OF INJURY,0,0,0,0,0,2,0,13,4,7,41.9691356424,-87.6549701238,POINT (-87.654970123793 41.969135642436)
0e5c7d94157620dfdd402d45569082b5694320f382f141a95bbeeeaf0d665d7e48949efd4b4432a62d1c05c3ad51f3a8bf3acf0d48e690d67c27de41c86bbd0a,,07/30/2025 01:07:00 PM,30,UNKNOWN,UNKNOWN,RAIN,DAYLIGHT,ANGLE,NOT DIVIDED,,STRAIGHT AND LEVEL,UNKNOWN,UNKNOWN,NOT ON SCENE (DESK REPORT),NO INJURY / DRIVE AWAY,,,,"OVER $1,500",07/30/2025 05:40:00 PM,UNABLE TO DETERMINE,UNABLE TO DETERMINE,1504,W,AUGUSTA BLVD,1213,,,,,,,2,NO INDICATION OF INJURY,0,0,0,0,0,2,0,13,4,7,41.8998534849,-87.6651943286,POINT (-87.665194328595 41.899853484856)
37717bbffd03f6bd4e9ff361a14ad2eee40d53b32379c9bb70445538678b821ada461dfb318d2e98688d1abbda3b56fd716d3ca5713acabe48130e4ec11e262c,,07/30/2025 01:06:00 PM,35,NO CONTROLS,NO CONTROLS,RAIN,DAYLIGHT,SIDESWIPE SAME DIRECTION,NOT DIVIDED,,STRAIGHT AND LEVEL,WET,NO DEFECTS,ON SCENE,NO INJURY / DRIVE AWAY,,,,"$501 - $1,500",07/30/2025 01:20:00 PM,IMPROPER OVERTAKING/PASSING,NOT APPLICABLE,3166,N,LINCOLN AVE,1932,,,,,,,2,NO INDICATION OF INJURY,0,0,0,0,0,2,0,13,4,7,41.9392644526,-87.6683118134,POINT (-87.668311813441 41.939264452607)
c82c747fddcd909fa170152a02ecf9ec0361f593da0be963ab83f328fee50c60cdd9a7b594b1cde809a86e1d7e61c45a2bc1ec080ab3e63e418432f775e1f45d,,07/30/2025 01:06:00 PM,30,UNKNOWN,UNKNOWN,CLEAR,DAYLIGHT,REAR END,UNKNOWN,,STRAIGHT AND LEVEL,DRY,UNKNOWN,NOT ON SCENE (DESK REPORT),NO INJURY / DRIVE AWAY,Y,,,"OVER $1,500",07/30/2025 02:35:00 PM,UNABLE TO DETERMINE,UNABLE TO DETERMINE,6300,S,STATE ST,312,,,,,,,2,NO INDICATION OF INJURY,0,0,0,0,0,2,0,13,4,7,41.7800082774,-87.6255225119,POINT (-87.625522511916 41.780008277408)
a282e293df2b223fccbde1aa34caf6d0e899e6c1443dea0f2642c72e131c281ca49fbc2e88b2d475e2a52961dba1fc9294ae502d46e899d090b55ff84c857fe6,,07/30/2025 01:05:00 PM,30,NO CONTROLS,NO CONTROLS,RAIN,DAYLIGHT,REAR TO FRONT,NOT DIVIDED,,STRAIGHT AND LEVEL,WET,UNKNOWN,ON SCENE,NO INJURY / DRIVE AWAY,,,,"OVER $1,500",07/30/2025 01:06:00 PM,DRIVING SKILLS/KNOWLEDGE/EXPERIENCE,FOLLOWING TOO CLOSELY,3048,S,KEDZIE AVE,1032,,,,,,,3,NO INDICATION OF INJURY,0,0,0,0,0,4,0,13,4,7,41.8376047137,-87.7049798681,POINT (-87.704979868064 41.837604713744)
d254e7bfeb4fa70054b646f00ac85fbdd7c54df4b4e7f96d35657791240afb2247f6c4157d8c05a213bcae725c76559f9a131a64494c4f07377696e68933ebee,,07/30/2025 01:05:00 PM,30,TRAFFIC SIGNAL,FUNCTIONING PROPERLY,RAIN,DAYLIGHT,REAR END,DIVIDED - W/MEDIAN (NOT RAISED),,STRAIGHT AND LEVEL,WET,UNKNOWN,ON SCENE,NO INJURY / DRIVE AWAY,,,Y,"OVER $1,500",07/30/2025 03:07:00 PM,FOLLOWING TOO CLOSELY,UNABLE TO DETERMINE,4326,W,DIVISION ST,2534,,,,,,,2,NO INDICATION OF INJURY,0,0,0,0,0,2,0,13,4,7,41.9026469855,-87.734803199,POINT (-87.734803199048 41.902646985547)
3aafeb35c0b41d0bb0f06b3771e3aab395dd95ad5dd643d55c6c0c1b49c8ea3831e65e656002b5cd1e1ecee9127915bf5613c67784e3683dad268600e7b73cf7,,07/30/2025 01:03:00 PM,30,NO CONTROLS,FUNCTIONING PROPERLY,RAIN,DAYLIGHT,SIDESWIPE SAME DIRECTION,NOT DIVIDED,,STRAIGHT AND LEVEL,WET,NO DEFECTS,NOT ON SCENE (DESK REPORT),NO INJURY / DRIVE AWAY,,,,"$501 - $1,500",07/30/2025 02:00:00 PM,IMPROPER OVERTAKING/PASSING,NOT APPLICABLE,4360,S,ARCHER AVE,821,,,,,,,2,NO INDICATION OF INJURY,0,0,0,0,0,3,0,13,4,7,41.814224081,-87.7042618993,POINT (-87.704261899341 41.814224080998)
8cc2d61ce69f4915fe47f3610746b83983b81e4f6fca296e1f6e2776155ba0db80b65d9538d7b8e48a03a6b6b36708be316733feb3329984c820cb7c911ac563,,07/30/2025 01:03:00 PM,30,NO CONTROLS,NO CONTROLS,CLEAR,DAYLIGHT,PARKED MOTOR VEHICLE,OTHER,,STRAIGHT AND LEVEL,UNKNOWN,UNKNOWN,NOT ON SCENE (DESK REPORT),NO INJURY / DRIVE AWAY,,,Y,"OVER $1,500",08/01/2025 07:40:00 AM,UNABLE TO DETERMINE,UNABLE TO DETERMINE,1745,W,DIVISION ST,1213,,,,,,,2,NO INDICATION OF INJURY,0,0,0,0,0,1,0,13,4,7,41.9031685623,-87.6716449507,POINT (-87.671644950697 41.90316856227)
0174cfa171c82f00c2aa2c739125c6ef94f7623d16027abf3d6395eb229e6eae61128d757fc1a85c68ae766621acbccae2afba241d5dcdf70dce6cc3ce9a2d7e,,07/30/2025 12:57:00 PM,30,NO CONTROLS,NO CONTROLS,RAIN,DAYLIGHT,PARKED MOTOR VEHICLE,PARKING LOT,,STRAIGHT AND LEVEL,WET,UNKNOWN,ON SCENE,NO INJURY / DRIVE AWAY,,,Y,"OVER $1,500",07/30/2025 01:03:00 PM,IMPROPER BACKING,NOT APPLICABLE,5461,W,LAKE ST,1523,,,,,,,2,NO INDICATION OF INJURY,0,0,0,0,0,1,0,12,4,7,41.8871577553,-87.7626452303,POINT (-87.762645230328 41.887157755292)
e6880dfd387fed0b76e727bda61bdf4e96a1c93d7146322f894544f0fce04e7e9684bb2e96dca8c391dbcb96d79a25f0b3e722b02d093ff5642588bda1eef147,,07/30/2025 12:55:00 PM,30,NO CONTROLS,NO CONTROLS,CLOUDY/OVERCAST,DAYLIGHT,REAR END,DIVIDED - W/MEDIAN (NOT RAISED),,STRAIGHT AND LEVEL,UNKNOWN,UNKNOWN,NOT ON SCENE (DESK REPORT),NO INJURY / DRIVE AWAY,,,Y,"OVER $1,500",07/30/2025 06:00:00 PM,UNABLE TO DETERMINE,UNABLE TO DETERMINE,1850,W,ROOSEVELT RD,1231,,,,,,,2,NO INDICATION OF INJURY,0,0,0,0,0,2,0,12,4,7,41.8669058376,-87.6733159163,POINT (-87.673315916273 41.866905837562)
3b2b8d5d065dc30bd697eba3f9c3501f647b594df97e11be48e6eb39e1428a01e8cff53f4da5091be6e75a46a0b29c2fd01f9d8322e74b29844b8cbc1dd73d1c,,07/30/2025 12:45:00 PM,30,NO CONTROLS,NO CONTROLS,CLEAR,DAYLIGHT,TURNING,DIVIDED - W/MEDIAN (NOT RAISED),,STRAIGHT AND LEVEL,WET,NO DEFECTS,ON SCENE,INJURY AND / OR TOW DUE TO CRASH,Y,,,"OVER $1,500",07/30/2025 12:50:00 PM,UNABLE TO DETERMINE,UNABLE TO DETERMINE,7200,S,WESTERN AVE,832,,,,,,,2,NO INDICATION OF INJURY,0,0,0,0,0,2,0,12,4,7,41.7627838419,-87.6833369061,POINT (-87.683336906075 41.762783841947)
bcb7ec0d9cf519e225ba6caa00fa34ee7b52618bed03d7adced46fa525d26a9c8a405e0b84a784c03c743bad2f0fb4a8b97ba76d782fb28fdff8e272210efca3,,07/30/2025 12:40:00 PM,30,UNKNOWN,UNKNOWN,CLEAR,DAYLIGHT,TURNING,DIVIDED - W/MEDIAN BARRIER,,"CURVE, LEVEL",UNKNOWN,UNKNOWN,NOT ON SCENE (DESK REPORT),NO INJURY / DRIVE AWAY,,,,"OVER $1,500",07/31/2025 02:30:00 PM,UNABLE TO DETERMINE,UNABLE TO DETERMINE,1000,N,LAKE SHORE DR NB,1824,,,,,,,2,NO INDICATION OF INJURY,0,0,0,0,0,2,0,12,4,7,41.9009589191,-87.6199281737,POINT (-87.619928173678 41.900958919109)
38fb4816473523c9d09fa25447be4c2d75df72f316713c5e296415e680283ece0a68e34a9106823ce7834b3296bb76593dba9c5f3acdcf08a039c79f686ba77e,,07/30/2025 12:30:00 PM,10,NO CONTROLS,NO CONTROLS,RAIN,DAYLIGHT,PARKED MOTOR VEHICLE,PARKING LOT,,STRAIGHT AND LEVEL,WET,NO DEFECTS,NOT ON SCENE (DESK REPORT),NO INJURY / DRIVE AWAY,,Y,Y,"OVER $1,500",07/30/2025 07:00:00 PM,UNABLE TO DETERMINE,NOT APPLICABLE,1521,S,LYNN WHITE DR,132,,,,,,,2,NO INDICATION OF INJURY,0,0,0,0,0,1,0,12,4,7,41.8619186004,-87.6095095637,POINT (-87.609509563704 41.86191860041)
4001af3b1d66a5b5e18c917e940c916b56cbaf0b3588f09755af44b196ef2309cc833942bbbffa595d254b4a315615b1df5193132639d9cf67bc7ae60c0d42d5,,07/30/2025 12:30:00 PM,15,NO CONTROLS,NO CONTROLS,CLEAR,DAYLIGHT,REAR END,PARKING LOT,,STRAIGHT AND LEVEL,DRY,NO DEFECTS,NOT ON SCENE (DESK REPORT),INJURY AND / OR TOW DUE TO CRASH,,,Y,$500 OR LESS,07/30/2025 05:55:00 PM,UNABLE TO DETERMINE,NOT APPLICABLE,1000,W,NORTH AVE,1811,,,,,,,2,"REPORTED, NOT EVIDENT",1,0,0,0,1,1,0,12,4,7,41.9109487626,-87.6531595513,POINT (-87.653159551272 41.910948762561)
da5b3bcb577810cf0c562b953d164b42edd685965a8d22fdc0ea962d8b2d4201ca54321bf2e1f0e7a56fde7f5853289e5d64e963cb3b2b99c3c8facd7476e7d0,,07/30/2025 12:20:00 PM,30,TRAFFIC SIGNAL,FUNCTIONING PROPERLY,RAIN,DAYLIGHT,TURNING,"FIVE POINT, OR MORE",,STRAIGHT AND LEVEL,WET,UNKNOWN,ON SCENE,NO INJURY / DRIVE AWAY,,,Y,"OVER $1,500",07/30/2025 12:22:00 PM,UNABLE TO DETERMINE,UNABLE TO DETERMINE,7100,S,EXCHANGE AVE,334,,,,,,,2,NO INDICATION OF INJURY,0,0,0,0,0,2,0,12,4,7,,,
a608ce9cfed2f4f63d4e399e5aec00696cb5d961b2242a691b0881cb1280a4750e6dba7a288032fc53d5d39f04338581378057c49f337563f0a0d43ff13faec5,,07/30/2025 12:18:00 PM,30,TRAFFIC SIGNAL,UNKNOWN,CLEAR,DAYLIGHT,REAR END,NOT DIVIDED,,STRAIGHT AND LEVEL,DRY,UNKNOWN,NOT ON SCENE (DESK REPORT),NO INJURY / DRIVE AWAY,,,,"OVER $1,500",07/30/2025 03:26:00 PM,UNABLE TO DETERMINE,NOT APPLICABLE,1213,W,76TH ST,612,,,,,,,2,NO INDICATION OF INJURY,0,0,0,0,0,2,0,12,4,7,41.7559508782,-87.6544488377,POINT (-87.654448837672 41.755950878242)
5b11c62e2e9d9f4ce987da18f5322d840e2c3ddadef4b75a4392bd73744b1232c1ad54b98e81efdf4eb779a46a15abd4a0d1b317daab31043cff4e24eef2213f,,07/30/2025 12:10:00 PM,30,NO CONTROLS,NO CONTROLS,CLEAR,DAYLIGHT,REAR TO SIDE,DIVIDED - W/MEDIAN (NOT RAISED),,STRAIGHT AND LEVEL,DRY,NO DEFECTS,NOT ON SCENE (DESK REPORT),NO INJURY / DRIVE AWAY,,,,"OVER $1,500",07/30/2025 08:20:00 PM,IMPROPER BACKING,NOT APPLICABLE,3947,N,NEENAH AVE,1632,,,,,,,2,NO INDICATION OF INJURY,0,0,0,0,0,2,0,12,4,7,41.9517552633,-87.7906984917,POINT (-87.790698491658 41.951755263315)
6a6354a057ab67ecba9e16d8e683117345389bae9efa8547dcc8457a0aff46ad05f7b75ac15ace4ad05f743d9e417c4a4ec52095ea51c2ed40c351faa30a2a94,,07/30/2025 12:10:00 PM,30,TRAFFIC SIGNAL,UNKNOWN,CLEAR,DAYLIGHT,REAR END,FOUR WAY,,STRAIGHT AND LEVEL,UNKNOWN,UNKNOWN,NOT ON SCENE (DESK REPORT),NO INJURY / DRIVE AWAY,Y,,,"OVER $1,500",07/30/2025 01:45:00 PM,FAILING TO YIELD RIGHT-OF-WAY,FAILING TO YIELD RIGHT-OF-WAY,910,S,LOOMIS ST,1231,,,,,,,2,NO INDICATION OF INJURY,0,0,0,0,0,2,0,12,4,7,41.8699325098,-87.6618056376,POINT (-87.661805637636 41.869932509832)
e63e098e88d072f0de12e7136bbe98466bc07d851c09109f65e8240c2ef23428d7990d577edf7a727ae35e556bad2c77ad776130271107a84cf2a8612ff6a47b,,07/30/2025 12:08:00 PM,30,TRAFFIC SIGNAL,FUNCTIONING PROPERLY,CLOUDY/OVERCAST,DAYLIGHT,REAR END,DIVIDED - W/MEDIAN (NOT RAISED),,STRAIGHT AND LEVEL,DRY,NO DEFECTS,NOT ON SCENE (DESK REPORT),NO INJURY / DRIVE AWAY,,,,$500 OR LESS,07/30/2025 02:30:00 PM,FOLLOWING TOO CLOSELY,DRIVING SKILLS/KNOWLEDGE/EXPERIENCE,4452,N,WESTERN AVE,1911,,,,,,,2,NO INDICATION OF INJURY,0,0,0,0,0,3,0,12,4,7,41.9628751112,-87.6888738364,POINT (-87.68887383637 41.962875111154)
e17c12b117f8acdc7679d555f5cb393804dac5098aa4e53b57c2d8fd157313d8016b4662f506d54624da8061e5f2afb45db50810f6131d2f7a54049c0476af2d,Y,07/30/2025 12:05:00 PM,30,NO CONTROLS,NO CONTROLS,CLEAR,DAYLIGHT,PARKED MOTOR VEHICLE,NOT DIVIDED,,STRAIGHT AND LEVEL,DRY,NO DEFECTS,ON SCENE,NO INJURY / DRIVE AWAY,,,,"OVER $1,500",07/30/2025 12:11:00 PM,DRIVING SKILLS/KNOWLEDGE/EXPERIENCE,RELATED TO BUS STOP,63,N,CENTRAL AVE,1522,,,,,,,2,NO INDICATION OF INJURY,0,0,0,0,0,1,0,12,4,7,41.8821486937,-87.7647737747,POINT (-87.764773774654 41.882148693671)
a44c436fcb1f18d579cfa0232018ece4da7e52787567f894ac2ada9cfce4d246fe4c9a622b1a95b61a368bb583d07d851394fcdc0aeb392bf4a975d196d9ca3d,,07/30/2025 12:03:00 PM,30,NO CONTROLS,NO CONTROLS,CLEAR,DAYLIGHT,PARKED MOTOR VEHICLE,ONE-WAY,,STRAIGHT AND LEVEL,DRY,NO DEFECTS,NOT ON SCENE (DESK REPORT),NO INJURY / DRIVE AWAY,,,Y,"OVER $1,500",07/31/2025 12:20:00 AM,FAILING TO YIELD RIGHT-OF-WAY,UNABLE TO DETERMINE,5435,S,JUSTINE ST,934,,,,,,,2,NO INDICATION OF INJURY,0,0,0,0,0,1,0,12,4,7,41.7948216635,-87.663245347,POINT (-87.663245346997 41.794821663468)
3c927e59d1ce8c76e3c59c3bafc99637ec055f8ec585f33be5817eb22082199a467996dce5172427d8cdb1d1ea51e4ebd2fe584292b2cc4af88710b18d416cf8,,07/30/2025 12:02:00 PM,30,NO CONTROLS,NO CONTROLS,CLEAR,DAYLIGHT,TURNING,NOT DIVIDED,,STRAIGHT AND LEVEL,DRY,NO DEFECTS,ON SCENE,INJURY AND / OR TOW DUE TO CRASH,,,Y,"OVER $1,500",07/30/2025 12:05:00 PM,FAILING TO YIELD RIGHT-OF-WAY,UNABLE TO DETERMINE,812,N,PULASKI RD,1111,,Y,,,,,2,NO INDICATION OF INJURY,0,0,0,0,0,2,0,12,4,7,41.8957983098,-87.7262409777,POINT (-87.726240977716 41.895798309836)
0df554a3d4a415d66a313db6682533f274f730bfb33a19afe3a0850cb56c9ff0f3951e9158f0d7f6c4d35e353437c92acb335a4e751200604a97930ec4c200c7,,07/30/2025 12:00:00 PM,30,UNKNOWN,UNKNOWN,CLEAR,DAYLIGHT,PARKED MOTOR VEHICLE,UNKNOWN,,STRAIGHT AND LEVEL,UNKNOWN,UNKNOWN,NOT ON SCENE (DESK REPORT),NO INJURY / DRIVE AWAY,,,,"OVER $1,500",08/14/2025 08:20:00 PM,UNABLE TO DETERMINE,UNABLE TO DETERMINE,5346,S,CORNELL AVE,234,,,,,,,2,NO INDICATION OF INJURY,0,0,0,0,0,1,0,12,4,7,41.7981944968,-87.5856307358,POINT (-87.585630735768 41.798194496817)