CRASH_RECORD_ID,CRASH_DATE_EST_I,CRASH_DATE,POSTED_SPEED_LIMIT,TRAFFIC_CONTROL_DEVICE,DEVICE_CONDITION,WEATHER_CONDITION,LIGHTING_CONDITION,FIRST_CRASH_TYPE,TRAFFICWAY_TYPE,LANE_CNT,ALIGNMENT,ROADWAY_SURFACE_COND,ROAD_DEFECT,REPORT_TYPE,CRASH_TYPE,INTERSECTION_RELATED_I,NOT_RIGHT_OF_WAY_I,HIT_AND_RUN_I,DAMAGE,DATE_POLICE_NOTIFIED,PRIM_CONTRIBUTORY_CAUSE,SEC_CONTRIBUTORY_CAUSE,STREET_NO,STREET_DIRECTION,STREET_NAME,BEAT_OF_OCCURRENCE,PHOTOS_TAKEN_I,STATEMENTS_TAKEN_I,DOORING_I,WORK_ZONE_I,WORK_ZONE_TYPE,WORKERS_PRESENT_I,NUM_UNITS,MOST_SEVERE_INJURY,INJURIES_TOTAL,INJURIES_FATAL,INJURIES_INCAPACITATING,INJURIES_NON_INCAPACITATING,INJURIES_REPORTED_NOT_EVIDENT,INJURIES_NO_INDICATION,INJURIES_UNKNOWN,CRASH_HOUR,CRASH_DAY_OF_WEEK,CRASH_MONTH,LATITUDE,LONGITUDE,LOCATION
82a042780b14c33ca892ddb0828f3e5ab0870328b4953256b82dcb8311f093011ebd9dcb23e5eb3b67da0570d8377f60ad8972f937c9da660c2f7823a54383b1,,07/30/2025 12:00:00 PM,25,NO CONTROLS,NO CONTROLS,CLEAR,DAYLIGHT,TURNING,NOT DIVIDED,,STRAIGHT AND LEVEL,DRY,UNKNOWN,NOT ON SCENE (DESK REPORT),NO INJURY / DRIVE AWAY,,,Y,$500 OR LESS,07/30/2025 12:20:00 PM,UNABLE TO DETERMINE,UNABLE TO DETERMINE,745,N,CICERO AVE,1111,,,,,,,2,NO INDICATION OF INJURY,0,0,0,0,0,2,0,12,4,7,41.89449903,-87.7456437928,POINT (-87.745643792768 41.894499030017)
a75a8682f4a15e0981648dce05a33d0f6786ebd52a2b9320b468fa293fb6c23fc8048fbd8f94dc807b656cea906d2c29a5cc314bad86e696bf2de2485940417f,,07/30/2025 12:00:00 PM,30,NO CONTROLS,NO CONTROLS,CLEAR,DAYLIGHT,PARKED MOTOR VEHICLE,NOT DIVIDED,,STRAIGHT AND LEVEL,DRY,UNKNOWN,NOT ON SCENE (DESK REPORT),NO INJURY / DRIVE AWAY,,,Y,"OVER $1,500",07/31/2025 03:02:00 PM,UNABLE TO DETERMINE,NOT APPLICABLE,10728,S,WESTERN AVE,2212,,,,,,,2,NO INDICATION OF INJURY,0,0,0,0,0,1,0,12,4,7,41.6982105097,-87.6815083047,POINT (-87.681508304654 41.698210509732)
b7b30b285f866750fe9a0593042d21647560885c6507446ac317b3f1dbce1af119014d533b431b916f377a2389c595b58c96bd8223a2201c2acebb85ef7aeb86,,07/30/2025 11:58:00 AM,30,TRAFFIC SIGNAL,FUNCTIONING PROPERLY,CLEAR,DAYLIGHT,REAR END,FOUR WAY,,STRAIGHT AND LEVEL,DRY,NO DEFECTS,NOT ON SCENE (DESK REPORT),NO INJURY / DRIVE AWAY,Y,,,"OVER $1,500",07/30/2025 02:37:00 PM,FAILING TO REDUCE SPEED TO AVOID CRASH,FOLLOWING TOO CLOSELY,413,N,ORLEANS ST,1831,,,,,,,2,NO INDICATION OF INJURY,0,0,0,0,0,2,0,11,4,7,41.8896163563,-87.6366026463,POINT (-87.636602646341 41.889616356265)
b17879bb40af60d2ac7b0b3e21d60ad0f7d692e8d4946ee0f4bae027b8131f2954cf66d364cac1c000574edd6ed8f8b5969524481907db37aa95e9879b35d0d5,,07/30/2025 11:57:00 AM,30,TRAFFIC SIGNAL,FUNCTIONING PROPERLY,CLEAR,DAYLIGHT,TURNING,FOUR WAY,,STRAIGHT AND LEVEL,DRY,UNKNOWN,ON SCENE,NO INJURY / DRIVE AWAY,Y,,,"OVER $1,500",07/30/2025 11:58:00 AM,UNABLE TO DETERMINE,UNABLE TO DETERMINE,2343,S,WOLCOTT AVE,1034,,,,,,,2,NO INDICATION OF INJURY,0,0,0,0,0,2,0,11,4,7,41.8495201534,-87.6731762554,POINT (-87.673176255383 41.849520153445)
2d68812bcec9368f5f2f7bcef7cdd7e1b662eccd37cde3afa9e34c52712260f0f87d14f4c502ed2a592d834f99a049745beadd3910d452988e53a20b8c71c890,,07/30/2025 11:50:00 AM,20,NO CONTROLS,NO CONTROLS,CLEAR,DAYLIGHT,PARKED MOTOR VEHICLE,PARKING LOT,,STRAIGHT AND LEVEL,DRY,NO DEFECTS,ON SCENE,NO INJURY / DRIVE AWAY,,N,Y,"$501 - $1,500",07/30/2025 11:55:00 AM,DISTRACTION - FROM INSIDE VEHICLE,DISTRACTION - FROM INSIDE VEHICLE,4830,N,PULASKI RD,1712,,,,,,,2,NO INDICATION OF INJURY,0,0,0,0,0,2,0,11,4,7,41.9691923029,-87.7282034121,POINT (-87.72820341215 41.969192302937)
4591502a7a2ffbabc1290d3e3c62b08fbba49e9940f298ffa6e0b6bc738990e56a1893ed8c94b5e01c421e381c008fd4f08f952ebf2c921052bf16f9a6de4092,,07/30/2025 11:45:00 AM,10,NO CONTROLS,NO CONTROLS,CLEAR,DAYLIGHT,PARKED MOTOR VEHICLE,PARKING LOT,,STRAIGHT AND LEVEL,DRY,NO DEFECTS,ON SCENE,NO INJURY / DRIVE AWAY,,Y,,"OVER $1,500",07/30/2025 12:30:00 PM,IMPROPER BACKING,NOT APPLICABLE,5130,W,63RD ST,813,,,,,,,2,NO INDICATION OF INJURY,0,0,0,0,0,1,0,11,4,7,41.778375551,-87.7507325629,POINT (-87.750732562886 41.778375551031)
4a835bbbf6537014d62f938a84399c10f0b02762801599c09678dbc7f9c52e5683e0ee9f890b07fbecca434eb2c4fab0e40c8579d7e725f5c5cfd6626928758a,,07/30/2025 11:30:00 AM,30,NO CONTROLS,NO CONTROLS,CLEAR,DAYLIGHT,REAR TO REAR,PARKING LOT,,STRAIGHT AND LEVEL,DRY,UNKNOWN,NOT ON SCENE (DESK REPORT),NO INJURY / DRIVE AWAY,,,,$500 OR LESS,07/31/2025 11:25:00 AM,UNABLE TO DETERMINE,UNABLE TO DETERMINE,70,E,BURTON PL,1824,,,,,,,2,NO INDICATION OF INJURY,0,0,0,0,0,2,0,11,4,7,41.9096322071,-87.6262293192,POINT (-87.626229319233 41.909632207067)
535a185fdad42c7938a43f6842887aa9b43069f0af09e635a5acdafc7eaad53bb2c9165ce5bbe7bed925c1cfc398a8040cee215f23a9aa123f2862005d4afc88,Y,07/30/2025 11:30:00 AM,10,NO CONTROLS,NO CONTROLS,CLEAR,DAYLIGHT,PARKED MOTOR VEHICLE,NOT DIVIDED,,STRAIGHT AND LEVEL,DRY,UNKNOWN,NOT ON SCENE (DESK REPORT),NO INJURY / DRIVE AWAY,,,Y,"$501 - $1,500",07/30/2025 02:45:00 PM,UNABLE TO DETERMINE,UNABLE TO DETERMINE,3632,W,63RD ST,823,,,,,,,2,NO INDICATION OF INJURY,0,0,0,0,0,1,0,11,4,7,41.7789020565,-87.71439596,POINT (-87.714395960049 41.778902056464)
8253ffa143dceb25ec146af96cb09326f44ad45a8db3dd9da3ae837326e4bc1ba4329b1178e737534f75e93bad9bed98da9f1d1e1f751656f7d57cfadb389890,,07/30/2025 11:30:00 AM,30,NO CONTROLS,NO CONTROLS,CLOUDY/OVERCAST,DAYLIGHT,PARKED MOTOR VEHICLE,ONE-WAY,,STRAIGHT AND LEVEL,DRY,NO DEFECTS,NOT ON SCENE (DESK REPORT),NO INJURY / DRIVE AWAY,,,,"$501 - $1,500",07/30/2025 01:12:00 PM,ANIMAL,NOT APPLICABLE,5749,S,TRIPP AVE,813,,,,,,,2,NO INDICATION OF INJURY,0,0,0,0,0,1,0,11,4,7,41.7880699082,-87.7289935354,POINT (-87.728993535403 41.788069908163)
018740e90ab1c1088a7965d2ddbeb384095e43bf87feb95e2a1e57b8a85da5a47f303d81cf50f6c37bd7ad3fcc2091682607b999590aeb069c8d0b0bcb221723,,07/30/2025 11:20:00 AM,30,TRAFFIC SIGNAL,FUNCTIONING PROPERLY,CLEAR,DAYLIGHT,REAR END,DIVIDED - W/MEDIAN (NOT RAISED),,STRAIGHT AND LEVEL,DRY,NO DEFECTS,ON SCENE,NO INJURY / DRIVE AWAY,,,,"$501 - $1,500",07/30/2025 11:26:00 AM,UNABLE TO DETERMINE,UNABLE TO DETERMINE,5505,S,PULASKI RD,822,,,,,,,2,NO INDICATION OF INJURY,0,0,0,0,0,2,0,11,4,7,41.7930221917,-87.7230052025,POINT (-87.72300520254 41.79302219173)
e82a1515699b4d42235b8259d0cd3abd367e32060c688044b3868c6f72216d71529d55cd2f37cfba81dd593b1e63b80a5ccd58f07463eb3b053b75938e554c5a,,07/30/2025 11:15:00 AM,30,NO CONTROLS,NO CONTROLS,CLOUDY/OVERCAST,DAYLIGHT,PARKED MOTOR VEHICLE,ONE-WAY,,STRAIGHT AND LEVEL,OTHER,"RUT, HOLES",ON SCENE,INJURY AND / OR TOW DUE TO CRASH,,,,"OVER $1,500",07/30/2025 11:30:00 AM,ROAD CONSTRUCTION/MAINTENANCE,UNABLE TO DETERMINE,5400,S,RIDGEWOOD CT,234,,Y,,,,,3,NO INDICATION OF INJURY,0,0,0,0,0,1,0,11,4,7,41.797915736,-87.5927593743,POINT (-87.59275937427 41.79791573598)
bd6938b23c145a9458f2b41389ff6275fcc7198600e09dbaad05af3fc78cabc28c06eea23d0e27125dbd46777068446f829fad86778e15c06323d296ea313965,,07/30/2025 11:14:00 AM,30,NO CONTROLS,NO CONTROLS,CLEAR,DAYLIGHT,PARKED MOTOR VEHICLE,NOT DIVIDED,,STRAIGHT AND LEVEL,UNKNOWN,UNKNOWN,ON SCENE,NO INJURY / DRIVE AWAY,,,Y,"$501 - $1,500",07/30/2025 11:14:00 AM,DRIVING SKILLS/KNOWLEDGE/EXPERIENCE,UNABLE TO DETERMINE,222,N,LA SALLE ST,122,,,,,,,2,NO INDICATION OF INJURY,0,0,0,0,0,1,0,11,4,7,41.8863516045,-87.6326139455,POINT (-87.632613945519 41.886351604489)
f95c9f22b87107381333473318f3d8cd1cd456b586f59dfa4dbbbff2f583b36ee74b181ae15dd1927d0026587c60bd3f184fcb30d62a290c2084554795d7014b,,07/30/2025 11:14:00 AM,30,TRAFFIC SIGNAL,FUNCTIONING PROPERLY,CLEAR,DAYLIGHT,SIDESWIPE SAME DIRECTION,NOT DIVIDED,,STRAIGHT AND LEVEL,DRY,NO DEFECTS,NOT ON SCENE (DESK REPORT),NO INJURY / DRIVE AWAY,,,,"OVER $1,500",07/30/2025 01:25:00 PM,NOT APPLICABLE,NOT APPLICABLE,7504,N,SHERIDAN RD,2422,,,,,,,2,NO INDICATION OF INJURY,0,0,0,0,0,2,0,11,4,7,42.0183623903,-87.6659232826,POINT (-87.6659232826 42.01836239032)
0557075085cc32c830c639490203bdae7ee3ac891fc0b9688d29c0c26ec90576c7cd2d99d736f38b267cda30e9d041ebaa55211af437cc095ea5362609dd211b,,07/30/2025 11:00:00 AM,35,NO CONTROLS,NO CONTROLS,CLEAR,DAYLIGHT,REAR END,DIVIDED - W/MEDIAN BARRIER,,STRAIGHT AND LEVEL,DRY,NO DEFECTS,ON SCENE,INJURY AND / OR TOW DUE TO CRASH,,,,"OVER $1,500",07/30/2025 11:07:00 AM,FOLLOWING TOO CLOSELY,NOT APPLICABLE,1800,W,95TH ST,2221,,,,,,,2,NO INDICATION OF INJURY,0,0,0,0,0,3,0,11,4,7,41.7212557309,-87.6675509456,POINT (-87.667550945631 41.721255730866)
0a9a06e7480d7bdb15adac5201f8c62c582aff368b31c2329eb5d81fcff57a69b74ee62158fb6dd48d594b814871edbe2123b612e08eb14b9871168b97eb8b3f,,07/30/2025 11:00:00 AM,30,OTHER REG. SIGN,FUNCTIONING PROPERLY,CLEAR,DAYLIGHT,SIDESWIPE SAME DIRECTION,FOUR WAY,,STRAIGHT AND LEVEL,DRY,NO DEFECTS,NOT ON SCENE (DESK REPORT),NO INJURY / DRIVE AWAY,Y,,,"OVER $1,500",07/30/2025 11:05:00 AM,DRIVING SKILLS/KNOWLEDGE/EXPERIENCE,UNABLE TO DETERMINE,621,N,WELLS ST,1832,,,,,,,2,NO INDICATION OF INJURY,0,0,0,0,0,2,0,11,4,7,41.8931505969,-87.6339627113,POINT (-87.633962711316 41.893150596897)
4038bd868ec0055efb4c9211b3da50d4a0c399cbda6c7c7753129b9828001dbfb087f18b241b503faefda77d82e965272cd427974c2c7ef085432463d6446fc7,,07/30/2025 11:00:00 AM,15,NO CONTROLS,NO CONTROLS,CLEAR,DAYLIGHT,PARKED MOTOR VEHICLE,PARKING LOT,,STRAIGHT AND LEVEL,DRY,NO DEFECTS,ON SCENE,NO INJURY / DRIVE AWAY,,,,"$501 - $1,500",07/30/2025 11:05:00 AM,UNABLE TO DETERMINE,NOT APPLICABLE,5,W,TERMINAL ST,1655,,,,,,,2,NO INDICATION OF INJURY,0,0,0,0,0,1,0,11,4,7,,,
414f64dc3207f7cc51fe9a047d189ecf55ea641e6d6939e70ba78315029aa52857b28157368de82c4eb39ae9e27f9c96f9a33197a9a9b5d137b12612f1fffa99,,07/30/2025 11:00:00 AM,25,NO CONTROLS,NO CONTROLS,CLEAR,DAYLIGHT,REAR TO SIDE,ONE-WAY,,STRAIGHT AND LEVEL,DRY,NO DEFECTS,ON SCENE,NO INJURY / DRIVE AWAY,,,,"OVER $1,500",07/30/2025 11:10:00 AM,IMPROPER BACKING,NOT APPLICABLE,1756,W,JARVIS AVE,2422,,,,,,,2,NO INDICATION OF INJURY,0,0,0,0,0,2,0,11,4,7,42.0160195852,-87.6746847705,POINT (-87.674684770471 42.016019585188)
a1c0704a671840879d86356ee3d0df2f0ea4182de563d4a45df5b728c217b711058b29ac93dedd801376699d9ee48c626aff029b188087abc836b6a038c6506b,Y,07/30/2025 11:00:00 AM,30,NO CONTROLS,NO CONTROLS,RAIN,DAYLIGHT,PARKED MOTOR VEHICLE,NOT DIVIDED,,STRAIGHT AND LEVEL,UNKNOWN,NO DEFECTS,ON SCENE,NO INJURY / DRIVE AWAY,,,Y,"OVER $1,500",07/30/2025 12:54:00 PM,UNABLE TO DETERMINE,NOT APPLICABLE,4415,W,DICKENS AVE,2522,,,,,,,3,NO INDICATION OF INJURY,0,0,0,0,0,1,0,11,4,7,41.9187514683,-87.7370864428,POINT (-87.73708644277 41.918751468317)
da970edfc64dedf7279150a068432f5364466945bc1f7dcb47b2c2bd019b944c9965be1baca3c12c9bf4d29da52ace364e2dd0913cc66cfb583487c8c1e4b8e9,,07/30/2025 11:00:00 AM,30,TRAFFIC SIGNAL,UNKNOWN,CLEAR,DAYLIGHT,SIDESWIPE SAME DIRECTION,DIVIDED - W/MEDIAN (NOT RAISED),,STRAIGHT AND LEVEL,DRY,UNKNOWN,NOT ON SCENE (DESK REPORT),NO INJURY / DRIVE AWAY,,,Y,"OVER $1,500",08/01/2025 04:00:00 PM,UNABLE TO DETERMINE,UNABLE TO DETERMINE,6300,S,ASHLAND AVE,725,,,,,,,2,NO INDICATION OF INJURY,0,0,0,0,0,2,0,11,4,7,41.7793722205,-87.6643653474,POINT (-87.664365347416 41.779372220485)
7e01e9d6db5645de6a4bd83401712c8f02484a3806cc497e74a80b693730cf40182ef507841c71a2a9326ca72ecfa76ebee76fc80a145bae0148bd37bcd54a4f,,07/30/2025 10:50:00 AM,35,TRAFFIC SIGNAL,NO CONTROLS,CLEAR,DAYLIGHT,SIDESWIPE SAME DIRECTION,NOT DIVIDED,,STRAIGHT AND LEVEL,DRY,NO DEFECTS,NOT ON SCENE (DESK REPORT),NO INJURY / DRIVE AWAY,,,,"$501 - $1,500",07/30/2025 11:10:00 AM,IMPROPER LANE USAGE,NOT APPLICABLE,5150,W,CHICAGO AVE,1531,,,,,,,2,NO INDICATION OF INJURY,0,0,0,0,0,2,0,10,4,7,41.8950537308,-87.7552252908,POINT (-87.755225290757 41.895053730813)
1502527fffa13920cfa3ae340422808f431ed7c5e86a42cdf21ea0e77aeac6df751c120543e0003b6c9f8d5c308ed0d3bd5bdae6eb21eb29dfa9ccc3aaa1df91,,07/30/2025 10:48:00 AM,5,NO CONTROLS,NO CONTROLS,CLEAR,DAYLIGHT,PEDESTRIAN,PARKING LOT,,STRAIGHT AND LEVEL,DRY,NO DEFECTS,ON SCENE,INJURY AND / OR TOW DUE TO CRASH,,,,"OVER $1,500",07/30/2025 11:10:00 AM,FAILING TO YIELD RIGHT-OF-WAY,DRIVING SKILLS/KNOWLEDGE/EXPERIENCE,1969,W,OGDEN AVE,1231,,,,,,,2,NONINCAPACITATING INJURY,1,0,0,1,0,1,0,10,4,7,41.8732169991,-87.6756751765,POINT (-87.67567517654 41.873216999115)
703f85dbae423fe6425c7cca9da1bed154145e414f64cf4ffde963395c53627781ca2de63b7f540bd0db2f9468b0045e3dc99ead2b39716e602666debe2f6996,,07/30/2025 10:43:00 AM,30,TRAFFIC SIGNAL,FUNCTIONING PROPERLY,CLEAR,DAYLIGHT,REAR END,NOT DIVIDED,,STRAIGHT AND LEVEL,DRY,NO DEFECTS,ON SCENE,NO INJURY / DRIVE AWAY,,,,"OVER $1,500",07/30/2025 10:46:00 AM,FOLLOWING TOO CLOSELY,UNABLE TO DETERMINE,8354,W,BELMONT AVE,1631,,,,,,,2,NO INDICATION OF INJURY,0,0,0,0,0,2,0,10,4,7,41.9376734919,-87.8358284194,POINT (-87.83582841937 41.937673491875)
b57045ebbc12b433622ec948f5f00945cfbe94e0470f9f4fa14c91dea7f649b81b6b74b872a3cb6097224b9961763bb4db5178e92ecf3a4f3b9c836813755234,,07/30/2025 10:39:00 AM,25,NO CONTROLS,UNKNOWN,CLEAR,DAYLIGHT,REAR END,NOT DIVIDED,,STRAIGHT AND LEVEL,DRY,NO DEFECTS,ON SCENE,NO INJURY / DRIVE AWAY,,,,"OVER $1,500",07/30/2025 10:47:00 AM,UNABLE TO DETERMINE,DRIVING SKILLS/KNOWLEDGE/EXPERIENCE,1601,W,PETERSON AVE,2012,,,,,,,3,NO INDICATION OF INJURY,0,0,0,0,0,3,0,10,4,7,41.9906868215,-87.6701093877,POINT (-87.670109387671 41.990686821513)
ea2f92f01bd571a7597209e89d60d39e6e6a5f2b04c429c6c4ee3a4a112b0acac392feb731d6a620137ca16c8c91e2ed3d50765d9718f25f456d8e2435dac90f,Y,07/30/2025 10:35:00 AM,30,TRAFFIC SIGNAL,FUNCTIONING PROPERLY,CLEAR,DAYLIGHT,REAR TO FRONT,NOT DIVIDED,,STRAIGHT AND LEVEL,DRY,NO DEFECTS,ON SCENE,NO INJURY / DRIVE AWAY,,,,"OVER $1,500",07/30/2025 10:41:00 AM,IMPROPER BACKING,NOT APPLICABLE,1158,S,CICERO AVE,1533,,,,,,,2,NO INDICATION OF INJURY,0,0,0,0,0,2,0,10,4,7,41.8659741961,-87.7449034944,POINT (-87.744903494382 41.865974196113)
1188b3f716b2a6fc936d2182eba3b2b0a872c6cd14adc5775b602e380aa5747c2fb33f18892f8d4c975b6667beb261a338750909c60d5aab7fc3bff7c310421e,,07/30/2025 10:30:00 AM,30,TRAFFIC SIGNAL,FUNCTIONING PROPERLY,RAIN,DAYLIGHT,REAR END,NOT DIVIDED,,STRAIGHT AND LEVEL,WET,NO DEFECTS,NOT ON SCENE (DESK REPORT),NO INJURY / DRIVE AWAY,,,,"OVER $1,500",07/31/2025 10:20:00 AM,FOLLOWING TOO CLOSELY,UNABLE TO DETERMINE,1600,W,WEBSTER AVE,1432,,,,,,,2,NO INDICATION OF INJURY,0,0,0,0,0,2,0,10,4,7,41.9216632673,-87.6686992355,POINT (-87.668699235527 41.921663267293)
1d6136f650bc3486f164d6322466b740ce0852a0363d9e1addaf7f32e01b86b25d8260caa3b5cc930846ca7394c078ab42d0773d50c9b154e178fda76f7c124b,,07/30/2025 10:30:00 AM,45,NO CONTROLS,NO CONTROLS,CLEAR,DAYLIGHT,SIDESWIPE SAME DIRECTION,DIVIDED - W/MEDIAN BARRIER,,STRAIGHT AND LEVEL,DRY,NO DEFECTS,NOT ON SCENE (DESK REPORT),NO INJURY / DRIVE AWAY,,,,$500 OR LESS,07/30/2025 11:45:00 AM,UNABLE TO DETERMINE,NOT APPLICABLE,1600,N,LAKE SHORE DR NB,1814,,,,,,,2,NO INDICATION OF INJURY,0,0,0,0,0,2,0,10,4,7,41.9118569525,-87.6261695233,POINT (-87.626169523312 41.911856952541)
aa29f596ce77ff17b8e59ae391b9b4d5d15a904be67c4e5828718752ad14936a6c68627f1ed99c50ede52533a78013293f8c4b8afda54415dae2e154a9ae9f01,,07/30/2025 10:30:00 AM,30,STOP SIGN/FLASHER,FUNCTIONING PROPERLY,UNKNOWN,UNKNOWN,PARKED MOTOR VEHICLE,ONE-WAY,,STRAIGHT AND LEVEL,UNKNOWN,UNKNOWN,NOT ON SCENE (DESK REPORT),NO INJURY / DRIVE AWAY,,,Y,"OVER $1,500",07/31/2025 01:23:00 PM,UNABLE TO DETERMINE,UNABLE TO DETERMINE,3750,N,BERNARD ST,1732,,,,,,,2,NO INDICATION OF INJURY,0,0,0,0,0,1,0,10,4,7,41.949879939,-87.7141757898,POINT (-87.714175789811 41.94987993899)
a02048d073b9742cecb46b822f6d79d0810ca8b7b1bc8e6f1fd9be80f9f436b156a1b248936926355d1ac44656e862ccce4ba473f34ad518860b032406f51f64,Y,07/30/2025 10:25:00 AM,20,TRAFFIC SIGNAL,FUNCTIONING PROPERLY,CLEAR,DAYLIGHT,ANGLE,FOUR WAY,,STRAIGHT AND LEVEL,DRY,NO DEFECTS,ON SCENE,INJURY AND / OR TOW DUE TO CRASH,Y,,,"OVER $1,500",07/30/2025 10:42:00 AM,UNABLE TO DETERMINE,NOT APPLICABLE,5400,N,CLARK ST,2012,,,,,,,2,NONINCAPACITATING INJURY,1,0,0,1,0,1,0,10,4,7,41.979884283,-87.6684294847,POINT (-87.668429484682 41.979884282976)
765a5f3a99dd2aa50568439516445c38f0d446375604405395e7fd81ad2891d0d2ff126b840b56cc8f4fc05c5162333ba320d06b8c6f6038d1ea00175ff950e0,,07/30/2025 10:12:00 AM,30,STOP SIGN/FLASHER,NO CONTROLS,CLEAR,DAYLIGHT,TURNING,DIVIDED - W/MEDIAN (NOT RAISED),,STRAIGHT AND LEVEL,DRY,NO DEFECTS,ON SCENE,NO INJURY / DRIVE AWAY,Y,,,"OVER $1,500",07/30/2025 10:15:00 AM,IMPROPER OVERTAKING/PASSING,FOLLOWING TOO CLOSELY,3845,N,WESTERN AVE,1921,,,,,,,2,NO INDICATION OF INJURY,0,0,0,0,0,3,0,10,4,7,41.9517416441,-87.6882550737,POINT (-87.688255073677 41.951741644107)
0f4ec1d3f4215ee5e427de4a766ad05cfed54aae959f1d327da98d57fe161619df7dae048049208d3fb21ac525df8fc87ddea05b8fd439a1aca5ebc291603bca,,07/30/2025 10:08:00 AM,30,NO CONTROLS,NO CONTROLS,CLEAR,DAYLIGHT,REAR TO FRONT,T-INTERSECTION,,STRAIGHT AND LEVEL,DRY,NO DEFECTS,ON SCENE,NO INJURY / DRIVE AWAY,,,,"OVER $1,500",07/30/2025 10:08:00 AM,IMPROPER BACKING,UNABLE TO DETERMINE,6457,S,WESTERN AVE,825,,,,,,,2,NO INDICATION OF INJURY,0,0,0,0,0,2,0,10,4,7,41.7757482392,-87.6834057827,POINT (-87.683405782735 41.775748239195)
387bf1317b6725666b16b442a8d3590920346247bff24a228110652e79c92c9717b3a5195f86081227546dbbfd900817b83331f175b5979ada366a13a5f7adff,Y,07/30/2025 10:00:00 AM,30,NO CONTROLS,NO CONTROLS,RAIN,DAYLIGHT,PARKED MOTOR VEHICLE,ONE-WAY,,STRAIGHT AND LEVEL,WET,UNKNOWN,ON SCENE,NO INJURY / DRIVE AWAY,,,Y,"OVER $1,500",07/30/2025 02:26:00 PM,IMPROPER TURNING/NO SIGNAL,DRIVING SKILLS/KNOWLEDGE/EXPERIENCE,2415,N,ROCKWELL ST,1431,,,,,,,2,NO INDICATION OF INJURY,0,0,0,0,0,1,0,10,4,7,41.925372669,-87.6923980483,POINT (-87.692398048302 41.925372668963)
fe99c5d190149bc0415a9b37b6732c42c703af60736d62f2658ef577f8a04f3034cfb8b91585a6f3f14c2c559195c57d720517291af0595f7414995f9d8000e8,,07/30/2025 10:00:00 AM,30,TRAFFIC SIGNAL,FUNCTIONING PROPERLY,CLEAR,DAYLIGHT,SIDESWIPE SAME DIRECTION,DIVIDED - W/MEDIAN BARRIER,,STRAIGHT AND LEVEL,DRY,NO DEFECTS,NOT ON SCENE (DESK REPORT),NO INJURY / DRIVE AWAY,,,,"OVER $1,500",07/30/2025 10:45:00 AM,IMPROPER LANE USAGE,NOT APPLICABLE,4213,S,CICERO AVE,815,,,,,,,2,NO INDICATION OF INJURY,0,0,0,0,0,3,0,10,4,7,41.8163044171,-87.7432322876,POINT (-87.743232287572 41.81630441713)
201100d305d555d642ebc9730c652791933f739c3f8b455f07ba45d635813f1d0ab8450577504dc527e5fd9d4fb1845f9bd9be47e47011540d1f8adcdca4a035,,07/30/2025 09:55:00 AM,25,NO CONTROLS,NO CONTROLS,CLEAR,DAYLIGHT,PARKED MOTOR VEHICLE,ONE-WAY,,STRAIGHT AND LEVEL,DRY,NO DEFECTS,ON SCENE,NO INJURY / DRIVE AWAY,,,N,"$501 - $1,500",07/30/2025 09:55:00 AM,DISTRACTION - FROM OUTSIDE VEHICLE,NOT APPLICABLE,4824,W,ADAMS ST,1533,,,,,,,3,NO INDICATION OF INJURY,0,0,0,0,0,1,0,9,4,7,41.8786939304,-87.7462081859,POINT (-87.746208185947 41.878693930416)
04793962aeb09fc0837c8fd0085525256a405253f8730490f941c3b392057006c543f8c44168a03e9d4204a481c8a4fd3b537d078e77dcb3b27fde5249dcdf23,,07/30/2025 09:53:00 AM,30,NO CONTROLS,NO CONTROLS,CLEAR,DAYLIGHT,PARKED MOTOR VEHICLE,ONE-WAY,,STRAIGHT AND LEVEL,DRY,NO DEFECTS,ON SCENE,NO INJURY / DRIVE AWAY,,,Y,"OVER $1,500",07/30/2025 10:00:00 AM,IMPROPER BACKING,UNABLE TO DETERMINE,3312,W,POTOMAC AVE,1422,,,,,,,2,NO INDICATION OF INJURY,0,0,0,0,0,1,0,9,4,7,41.9047410261,-87.7098707091,POINT (-87.709870709129 41.904741026055)
f48e601007bdf1047e7a5e25d69d1933fc5cec492b6362f9d29755971eae1ce1fa34606eab535b82314cd5a496951d689d80384b3ca40dbe4e4e03117d033ed7,,07/30/2025 09:50:00 AM,30,NO CONTROLS,NO CONTROLS,CLEAR,DAYLIGHT,ANGLE,NOT DIVIDED,,STRAIGHT AND LEVEL,DRY,NO DEFECTS,NOT ON SCENE (DESK REPORT),NO INJURY / DRIVE AWAY,,,,"OVER $1,500",07/30/2025 10:30:00 AM,FAILING TO YIELD RIGHT-OF-WAY,NOT APPLICABLE,319,N,LOWER STETSON AVE,114,,,,,,,2,NO INDICATION OF INJURY,0,0,0,0,0,2,0,9,4,7,41.8873340124,-87.6222372262,POINT (-87.622237226247 41.887334012393)
b2662d83a6f5b608542cc3e68b19a05747452fa87482294b63150b182dce68ffb6489f24b052e56413cdaefec176b91e096640557470c9706e0805f49fd52d36,,07/30/2025 09:45:00 AM,30,TRAFFIC SIGNAL,FUNCTIONING PROPERLY,CLEAR,DAYLIGHT,TURNING,T-INTERSECTION,,STRAIGHT ON GRADE,DRY,NO DEFECTS,NOT ON SCENE (DESK REPORT),NO INJURY / DRIVE AWAY,Y,,,"OVER $1,500",07/30/2025 10:30:00 AM,IMPROPER TURNING/NO SIGNAL,NOT APPLICABLE,3000,N,CLARK ST,1934,,,,N,,,2,NO INDICATION OF INJURY,0,0,0,0,0,2,0,9,4,7,41.9364403254,-87.6480062116,POINT (-87.64800621163 41.936440325368)