CRASH_RECORD_ID,CRASH_DATE_EST_I,CRASH_DATE,POSTED_SPEED_LIMIT,TRAFFIC_CONTROL_DEVICE,DEVICE_CONDITION,WEATHER_CONDITION,LIGHTING_CONDITION,FIRST_CRASH_TYPE,TRAFFICWAY_TYPE,LANE_CNT,ALIGNMENT,ROADWAY_SURFACE_COND,ROAD_DEFECT,REPORT_TYPE,CRASH_TYPE,INTERSECTION_RELATED_I,NOT_RIGHT_OF_WAY_I,HIT_AND_RUN_I,DAMAGE,DATE_POLICE_NOTIFIED,PRIM_CONTRIBUTORY_CAUSE,SEC_CONTRIBUTORY_CAUSE,STREET_NO,STREET_DIRECTION,STREET_NAME,BEAT_OF_OCCURRENCE,PHOTOS_TAKEN_I,STATEMENTS_TAKEN_I,DOORING_I,WORK_ZONE_I,WORK_ZONE_TYPE,WORKERS_PRESENT_I,NUM_UNITS,MOST_SEVERE_INJURY,INJURIES_TOTAL,INJURIES_FATAL,INJURIES_INCAPACITATING,INJURIES_NON_INCAPACITATING,INJURIES_REPORTED_NOT_EVIDENT,INJURIES_NO_INDICATION,INJURIES_UNKNOWN,CRASH_HOUR,CRASH_DAY_OF_WEEK,CRASH_MONTH,LATITUDE,LONGITUDE,LOCATION
eab84092f1cf6747e9cb465f861943e5a6625cbf8d2f4c3e3e8a6e82e12dca2739d0381249dba991eb2b7aca5efa043476779cb18dafad8737238a8577d4cf68,,07/30/2025 09:45:00 AM,20,NO CONTROLS,NO CONTROLS,CLEAR,DAYLIGHT,PARKED MOTOR VEHICLE,NOT DIVIDED,,STRAIGHT AND LEVEL,DRY,UNKNOWN,NOT ON SCENE (DESK REPORT),NO INJURY / DRIVE AWAY,,,Y,"OVER $1,500",07/30/2025 06:24:00 PM,UNABLE TO DETERMINE,NOT APPLICABLE,12140,S,LOWE AVE,523,,,,,,,2,NO INDICATION OF INJURY,0,0,0,0,0,1,0,9,4,7,41.6729805748,-87.6382856118,POINT (-87.638285611821 41.672980574758)
655262f6eb5a865e97705076ef791f898a38fab38937a3af3c57d5d9ef08b3b40a4b02a050aec523e83bae55ec2c9204ad5288c449ee4110a56f853212f3240e,,07/30/2025 09:43:00 AM,30,STOP SIGN/FLASHER,FUNCTIONING PROPERLY,CLEAR,DAYLIGHT,REAR END,NOT DIVIDED,,STRAIGHT AND LEVEL,DRY,NO DEFECTS,ON SCENE,INJURY AND / OR TOW DUE TO CRASH,Y,,,"OVER $1,500",07/30/2025 10:01:00 AM,DISTRACTION - FROM INSIDE VEHICLE,DISTRACTION - FROM INSIDE VEHICLE,1102,E,47TH ST,222,,,,,,,2,"REPORTED, NOT EVIDENT",2,0,0,0,2,2,0,9,4,7,41.8097259446,-87.599070286,POINT (-87.599070285972 41.80972594455)
20dc53467380d410fb2c05cdd936b721b105296a8c0beee203ae1e9dfa8b19b4367eb4292a429eb3cc90c23a2a35d52aa04664bd5607849f8b5900be2b64c0f3,,07/30/2025 09:40:00 AM,30,NO CONTROLS,NO CONTROLS,CLEAR,DAYLIGHT,FIXED OBJECT,DIVIDED - W/MEDIAN BARRIER,,STRAIGHT AND LEVEL,DRY,NO DEFECTS,ON SCENE,NO INJURY / DRIVE AWAY,,,,"$501 - $1,500",07/30/2025 09:40:00 AM,NOT APPLICABLE,NOT APPLICABLE,5200,W,LAWRENCE AVE,1623,,,,,,,1,NO INDICATION OF INJURY,0,0,0,0,0,1,0,9,4,7,41.9680102986,-87.7577818986,POINT (-87.757781898594 41.968010298556)
e68246bc02c278fd3b1939d6c0564b1da0298341848227f6e3992d280ac400b12e98cbbb7a4c15db40f58edb7aa02d1172dcccdd2be85898ee139de09b1d19d2,,07/30/2025 09:38:00 AM,30,NO CONTROLS,NO CONTROLS,CLEAR,DAYLIGHT,PARKED MOTOR VEHICLE,NOT DIVIDED,,STRAIGHT AND LEVEL,DRY,NO DEFECTS,ON SCENE,NO INJURY / DRIVE AWAY,,,Y,$500 OR LESS,07/30/2025 11:46:00 AM,UNABLE TO DETERMINE,NOT APPLICABLE,6022,N,CENTRAL PARK AVE,1711,,,,,,,2,NO INDICATION OF INJURY,0,0,0,0,0,1,0,9,4,7,41.9909542923,-87.7190281415,POINT (-87.719028141453 41.990954292345)
2bcb2992345c4dc0f79e7d195e4acbed8e79b0b5633278a681a7bed1cf44b48451a43181595880063a0b3e13584052740a982ab6288e9a8b151b101e69b48cd7,,07/30/2025 09:30:00 AM,30,NO CONTROLS,NO CONTROLS,UNKNOWN,DAYLIGHT,SIDESWIPE SAME DIRECTION,DIVIDED - W/MEDIAN (NOT RAISED),,STRAIGHT AND LEVEL,UNKNOWN,UNKNOWN,NOT ON SCENE (DESK REPORT),NO INJURY / DRIVE AWAY,,,,"OVER $1,500",07/30/2025 05:47:00 PM,DRIVING SKILLS/KNOWLEDGE/EXPERIENCE,DRIVING SKILLS/KNOWLEDGE/EXPERIENCE,5856,N,BROADWAY,2013,,,,,,,2,NO INDICATION OF INJURY,0,0,0,0,0,2,0,9,4,7,41.9886488564,-87.660370412,POINT (-87.660370411954 41.988648856381)
42fb6aba28f4edbd81f91d5edd8be1835ffa479f19a82e39b816bafbfab493022a9a053dbfa53e91ca9f905e1d6e8e4770058c4b9fd52dc459068df5ab9e88ab,,07/30/2025 09:30:00 AM,30,NO CONTROLS,NO CONTROLS,CLEAR,DAYLIGHT,PARKED MOTOR VEHICLE,DIVIDED - W/MEDIAN (NOT RAISED),,STRAIGHT AND LEVEL,DRY,NO DEFECTS,NOT ON SCENE (DESK REPORT),NO INJURY / DRIVE AWAY,,,Y,$500 OR LESS,07/30/2025 11:20:00 AM,IMPROPER TURNING/NO SIGNAL,NOT APPLICABLE,1928,W,CULLERTON ST,1234,,,,,,,2,NO INDICATION OF INJURY,0,0,0,0,0,1,0,9,4,7,41.8550543906,-87.6746599499,POINT (-87.674659949902 41.855054390562)
76986f0e2a0009633a1a5be289bf918b887db5c1e4d47554b5da78c7a634f68d209ce01ee21b77021b12710d60a34fbbcc39457bd1bb33cc7dfe84392d53a922,,07/30/2025 09:25:00 AM,35,STOP SIGN/FLASHER,FUNCTIONING PROPERLY,CLEAR,DAYLIGHT,TURNING,DIVIDED - W/MEDIAN BARRIER,,STRAIGHT AND LEVEL,DRY,NO DEFECTS,ON SCENE,INJURY AND / OR TOW DUE TO CRASH,Y,,,"OVER $1,500",07/30/2025 09:46:00 AM,FAILING TO YIELD RIGHT-OF-WAY,NOT APPLICABLE,5925,W,MONTROSE AVE,1624,,,,,,,2,NONINCAPACITATING INJURY,1,0,0,1,0,1,0,9,4,7,41.9602617264,-87.7755763102,POINT (-87.775576310154 41.960261726362)
c63252ef5c95ee0de86134299e613c6229da210ed2f4313796022af64a1970bc68f773b1508e9de54fcfa49e1fa1dba5257bdf265de06a16160e720721b54664,,07/30/2025 09:15:00 AM,30,NO CONTROLS,NO CONTROLS,CLEAR,DAYLIGHT,PEDALCYCLIST,ONE-WAY,,STRAIGHT AND LEVEL,DRY,NO DEFECTS,NOT ON SCENE (DESK REPORT),INJURY AND / OR TOW DUE TO CRASH,Y,,,"OVER $1,500",07/30/2025 09:15:00 AM,UNABLE TO DETERMINE,UNABLE TO DETERMINE,2547,N,KEDZIE BLVD,1414,,,Y,Y,CONSTRUCTION,,2,NONINCAPACITATING INJURY,1,0,0,1,0,1,0,9,4,7,41.9278785415,-87.7069251891,POINT (-87.706925189093 41.927878541496)
03391d5b5dc989f4451ed44b0ae07ecc077d77a4a0942ee97667d6157c4c4201e782d3e47b73ceca28331b53eb5222f23f255a440068cdaf117d3826a017b1f9,,07/30/2025 09:10:00 AM,20,NO CONTROLS,NO CONTROLS,CLEAR,DAYLIGHT,PARKED MOTOR VEHICLE,NOT DIVIDED,,STRAIGHT AND LEVEL,DRY,NO DEFECTS,ON SCENE,NO INJURY / DRIVE AWAY,,,Y,"OVER $1,500",07/30/2025 09:10:00 AM,NOT APPLICABLE,NOT APPLICABLE,6405,S,DR MARTIN LUTHER KING JR DR,312,,,,,,,3,NO INDICATION OF INJURY,0,0,0,0,0,1,0,9,4,7,41.7782217099,-87.6154288113,POINT (-87.615428811287 41.778221709912)
b20c7467fde00aa4f4a25b438093d71be3e2034a5f6162c311ecf87ce2daaf4bec8fe60bb8a3ba674cfffef7321ba280411b3fd5efe9b3df84507571e729a51c,,07/30/2025 09:07:00 AM,30,TRAFFIC SIGNAL,FUNCTIONING PROPERLY,CLEAR,DAYLIGHT,REAR END,NOT DIVIDED,,STRAIGHT AND LEVEL,DRY,NO DEFECTS,NOT ON SCENE (DESK REPORT),NO INJURY / DRIVE AWAY,,,,"OVER $1,500",07/30/2025 09:30:00 AM,UNABLE TO DETERMINE,NOT APPLICABLE,1968,N,RACINE AVE,1811,,,,,,,2,NO INDICATION OF INJURY,0,0,0,0,0,3,0,9,4,7,41.9179082096,-87.6583615292,POINT (-87.658361529228 41.917908209627)
c159d98cbd9537d31fcfe585c6ff8232c94d20e7513fe692f45fd6230622b50d58438e2cb29fd6f34747d0760f619cc880f7f85aadfd0e3d6f4474dca8e639bf,,07/30/2025 09:06:00 AM,30,TRAFFIC SIGNAL,FUNCTIONING PROPERLY,CLEAR,DAYLIGHT,PEDALCYCLIST,NOT DIVIDED,,STRAIGHT AND LEVEL,DRY,NO DEFECTS,ON SCENE,INJURY AND / OR TOW DUE TO CRASH,,,,"OVER $1,500",07/30/2025 09:06:00 AM,NOT APPLICABLE,NOT APPLICABLE,2011,W,NORTH AVE,1424,,,Y,,,,2,NONINCAPACITATING INJURY,1,0,0,1,0,1,0,9,4,7,41.9103640218,-87.6780627229,POINT (-87.678062722857 41.910364021765)
0639e39fdddac4553e2714de3c5b119f69ae6940726a96227e52ed56e9788e52da2c16e46447f2f74b200a2831da7104856b1c06b6a8c7923d9934cc3d749121,,07/30/2025 09:00:00 AM,30,NO CONTROLS,NO CONTROLS,CLEAR,DAYLIGHT,REAR END,NOT DIVIDED,,STRAIGHT AND LEVEL,DRY,NO DEFECTS,NOT ON SCENE (DESK REPORT),NO INJURY / DRIVE AWAY,,,,"OVER $1,500",07/30/2025 10:05:00 AM,UNABLE TO DETERMINE,UNABLE TO DETERMINE,6832,W,ARCHER AVE,811,,,,,,,2,NO INDICATION OF INJURY,0,0,0,0,0,2,0,9,4,7,41.7922412043,-87.7928608402,POINT (-87.792860840209 41.792241204256)
e98fd18e5ec78a4a3e64c704d44d61e772585f3af7f237b713b1957171c34fe6fb4a2983735e4f5bdbae4bdccb325d1a6dd4de2c76129ca7b4518c302a7fba30,,07/30/2025 09:00:00 AM,25,NO CONTROLS,NO CONTROLS,UNKNOWN,UNKNOWN,PARKED MOTOR VEHICLE,ONE-WAY,,STRAIGHT AND LEVEL,UNKNOWN,NO DEFECTS,NOT ON SCENE (DESK REPORT),NO INJURY / DRIVE AWAY,,,Y,"OVER $1,500",07/31/2025 08:10:00 PM,IMPROPER OVERTAKING/PASSING,UNABLE TO DETERMINE,3351,W,BERTEAU AVE,1724,,,,,,,2,NO INDICATION OF INJURY,0,0,0,0,0,1,0,9,4,7,41.9574142343,-87.712600747,POINT (-87.712600746978 41.957414234274)
f09742592103290393fd28c058462cb67fa19140320cb2142cc941e07d5bbe22671febe5ea390df6247697e70a10d5f662ecec3ec43476005a2cdf329f84061f,,07/30/2025 09:00:00 AM,30,TRAFFIC SIGNAL,FUNCTIONING PROPERLY,CLEAR,DAYLIGHT,REAR END,FOUR WAY,,STRAIGHT AND LEVEL,DRY,NO DEFECTS,NOT ON SCENE (DESK REPORT),INJURY AND / OR TOW DUE TO CRASH,,,,"OVER $1,500",07/30/2025 09:05:00 AM,UNABLE TO DETERMINE,NOT APPLICABLE,802,E,111TH ST,513,,,,,,,2,"REPORTED, NOT EVIDENT",2,0,0,0,2,1,0,9,4,7,41.6929828746,-87.6022698501,POINT (-87.602269850098 41.692982874619)
b6c36b1a532afdb213d8c8ab400c11cdf590b515cfb503ed58623407dcdea7e52fd3d3874fa66361ed18255bb6a60b4e38a8e74291ab37f363aea1f7b339b90b,,07/30/2025 08:59:00 AM,30,TRAFFIC SIGNAL,FUNCTIONING PROPERLY,CLEAR,DAYLIGHT,REAR END,DIVIDED - W/MEDIAN (NOT RAISED),,STRAIGHT AND LEVEL,DRY,NO DEFECTS,ON SCENE,NO INJURY / DRIVE AWAY,,,,"OVER $1,500",07/30/2025 09:00:00 AM,UNABLE TO DETERMINE,UNABLE TO DETERMINE,4800,W,63RD ST,813,,,,,,,2,NO INDICATION OF INJURY,0,0,0,0,0,2,0,8,4,7,41.7785380711,-87.7423558784,POINT (-87.74235587842 41.778538071066)
4063839d931fb65e5bca9814f0ee69a045270132e4b50305fc61c110536de799c16016dbaa8e53d8f58cafeffd4bbb3b49f8c4cf3cc30b8687c10c695dfcddb1,,07/30/2025 08:57:00 AM,30,NO CONTROLS,NO CONTROLS,CLEAR,DAYLIGHT,FIXED OBJECT,PARKING LOT,,STRAIGHT AND LEVEL,DRY,NO DEFECTS,ON SCENE,NO INJURY / DRIVE AWAY,,,,"OVER $1,500",07/30/2025 08:58:00 AM,DISTRACTION - FROM INSIDE VEHICLE,NOT APPLICABLE,11098,S,DR MARTIN LUTHER KING JR DR,513,,,,,,,1,NO INDICATION OF INJURY,0,0,0,0,0,2,0,8,4,7,41.6927586681,-87.6135236213,POINT (-87.613523621273 41.69275866805)
375f556e0f99666abeb5495cf00fe567b59c97a4bd783d37ba5f8c810bc2e624888a11fd3077f12cabd95286836ddcb0084664420338f0a356d4c2cbc90f9c4d,,07/30/2025 08:52:00 AM,30,TRAFFIC SIGNAL,FUNCTIONING PROPERLY,CLEAR,DAYLIGHT,TURNING,ONE-WAY,,STRAIGHT AND LEVEL,DRY,NO DEFECTS,ON SCENE,INJURY AND / OR TOW DUE TO CRASH,Y,,,"OVER $1,500",07/30/2025 08:55:00 AM,IMPROPER TURNING/NO SIGNAL,NOT APPLICABLE,7481,S,STATE ST,323,,,,,,,2,"REPORTED, NOT EVIDENT",1,0,0,0,1,5,0,8,4,7,41.7582009805,-87.6246118698,POINT (-87.624611869841 41.758200980453)
f40a42b883b32f17371267ec97d90883ad2ccee7a69c660e6b316e9bed1e6566d397965ff26f9e84b13e638a7d0fc3ea4506d7d290c7d531e8578c98292ef700,,07/30/2025 08:40:00 AM,30,NO CONTROLS,NO CONTROLS,UNKNOWN,DAYLIGHT,SIDESWIPE SAME DIRECTION,DIVIDED - W/MEDIAN (NOT RAISED),,STRAIGHT AND LEVEL,UNKNOWN,NO DEFECTS,ON SCENE,NO INJURY / DRIVE AWAY,,,Y,"OVER $1,500",07/31/2025 05:30:00 PM,IMPROPER OVERTAKING/PASSING,NOT APPLICABLE,454,W,83RD ST,622,,,,,,,2,NO INDICATION OF INJURY,0,0,0,0,0,2,0,8,4,7,41.7442243467,-87.6357871989,POINT (-87.635787198948 41.744224346704)
f51e9e23f51a7b9dc6468911c9c0f5f86534d88c520c6480146474065827d8fa88164f5ce8c92de95669813eae1c15da35c87ebaf51919e2678f3f3ddf5128b1,,07/30/2025 08:35:00 AM,30,NO CONTROLS,NO CONTROLS,CLEAR,DAYLIGHT,SIDESWIPE SAME DIRECTION,NOT DIVIDED,,STRAIGHT AND LEVEL,DRY,NO DEFECTS,ON SCENE,NO INJURY / DRIVE AWAY,,,,"$501 - $1,500",07/30/2025 08:39:00 AM,UNABLE TO DETERMINE,NOT APPLICABLE,9843,S,WESTERN AVE,2213,,,,,,,2,NO INDICATION OF INJURY,0,0,0,0,0,4,0,8,4,7,41.7142119316,-87.6817093708,POINT (-87.681709370806 41.714211931593)
ff490b44c1c7baea5d6bb3c061aa739a4a70233fd802575e244caf9cd44d000deac7e94d286f9b009945aed57d7d01cebc8a533e1a1a45ea4c9fa04a19f9e3d8,Y,07/30/2025 08:30:00 AM,25,UNKNOWN,UNKNOWN,UNKNOWN,UNKNOWN,PARKED MOTOR VEHICLE,UNKNOWN,,STRAIGHT AND LEVEL,UNKNOWN,NO DEFECTS,ON SCENE,INJURY AND / OR TOW DUE TO CRASH,,,Y,"OVER $1,500",07/30/2025 04:04:00 PM,NOT APPLICABLE,NOT APPLICABLE,3930,S,LAKE PARK AVE,214,,,,,,,2,NO INDICATION OF INJURY,0,0,0,0,0,1,0,8,4,7,41.8241064919,-87.6035133892,POINT (-87.603513389167 41.824106491913)
df1085fd0296d66a0682da52303bc45cf2f0d98b8bd5ada3cb4ddd76e111cce0342dfdcf5e71a62f0539ee310fcc053c0b31f07ad27cd06880aedf7574f53e91,,07/30/2025 08:26:00 AM,25,STOP SIGN/FLASHER,NO CONTROLS,CLEAR,DAYLIGHT,REAR END,ONE-WAY,,STRAIGHT AND LEVEL,DRY,NO DEFECTS,ON SCENE,NO INJURY / DRIVE AWAY,,,Y,"OVER $1,500",07/30/2025 08:31:00 AM,UNABLE TO DETERMINE,UNABLE TO DETERMINE,2400,S,AVERS AVE,1013,,,,,,,5,NO INDICATION OF INJURY,0,0,0,0,0,2,0,8,4,7,41.8478731693,-87.7211365996,POINT (-87.721136599589 41.847873169324)
e8151434adb454bbbf0f41786813daf98098bd6f63fff75330328ec0161b6413ead1f3754bcfb5bb893acdb47159ffc6f62f2dda969c11d015669251f0c7fed5,,07/30/2025 08:26:00 AM,30,TRAFFIC SIGNAL,FUNCTIONING PROPERLY,CLEAR,DAYLIGHT,TURNING,ONE-WAY,,STRAIGHT AND LEVEL,DRY,NO DEFECTS,ON SCENE,NO INJURY / DRIVE AWAY,Y,,Y,$500 OR LESS,07/30/2025 08:37:00 AM,IMPROPER OVERTAKING/PASSING,IMPROPER LANE USAGE,300,S,CLARK ST,122,,,,,,,2,NO INDICATION OF INJURY,0,0,0,0,0,3,0,8,4,7,41.8780825148,-87.6309303908,POINT (-87.630930390814 41.878082514793)
3f0c72f432f67281eb5baf3153c6ef15f4e02e35aa1f7f6fae76ef483b5f488c927794d8edfde2b323aae94de27ff1af1bc68f1aaaea05af18436e45c9707eb0,Y,07/30/2025 08:25:00 AM,30,TRAFFIC SIGNAL,FUNCTIONING PROPERLY,CLEAR,DAYLIGHT,REAR END,NOT DIVIDED,,STRAIGHT AND LEVEL,DRY,NO DEFECTS,ON SCENE,INJURY AND / OR TOW DUE TO CRASH,,,,"$501 - $1,500",07/30/2025 08:29:00 AM,UNABLE TO DETERMINE,NOT APPLICABLE,1158,S,CENTRAL AVE,1513,,,,,,,2,"REPORTED, NOT EVIDENT",1,0,0,0,1,2,0,8,4,7,41.8656262434,-87.7644577758,POINT (-87.764457775815 41.865626243358)
cccfd2c5b794b513f07716cccf6854466ec1332d4dc36a8c70f73eb92b5ebba352515eab6eb2f11bec7230070578187d6e2c5b85375922ec35f805cc940baca7,,07/30/2025 08:25:00 AM,30,STOP SIGN/FLASHER,FUNCTIONING PROPERLY,CLEAR,DAYLIGHT,TURNING,T-INTERSECTION,,STRAIGHT AND LEVEL,DRY,NO DEFECTS,ON SCENE,NO INJURY / DRIVE AWAY,Y,,,$500 OR LESS,07/30/2025 08:34:00 AM,FAILING TO YIELD RIGHT-OF-WAY,UNABLE TO DETERMINE,4300,N,CICERO AVE,1624,,,,,,,2,NO INDICATION OF INJURY,0,0,0,0,0,2,0,8,4,7,41.9589410094,-87.7476253546,POINT (-87.747625354554 41.958941009355)
d90beaecd7095080e0355fdfea3351ab655c78059ee5337740abe5f41320188a2d3a9d12ca6feac0649ca2d221fa1c9a552ca6e5c5987dc22dfe9b91c91dc4cf,,07/30/2025 08:15:00 AM,35,TRAFFIC SIGNAL,FUNCTIONING PROPERLY,CLEAR,DAYLIGHT,TURNING,FOUR WAY,,STRAIGHT AND LEVEL,DRY,UNKNOWN,ON SCENE,INJURY AND / OR TOW DUE TO CRASH,Y,,,"OVER $1,500",07/30/2025 08:20:00 AM,IMPROPER TURNING/NO SIGNAL,NOT APPLICABLE,3506,S,DR MARTIN LUTHER KING JR DR,212,,,,,,,2,"REPORTED, NOT EVIDENT",1,0,0,0,1,4,0,8,4,7,41.8309309032,-87.6174653049,POINT (-87.617465304901 41.830930903199)
08c336a4677f7a5aa40afa728a70dc702d4821f374074126b0dfd7b1b0505911ef61c45dc56507a81021098d2e997cb5915d0b00bfcaa24e8bc26576325a21c6,,07/30/2025 08:10:00 AM,30,STOP SIGN/FLASHER,NO CONTROLS,CLEAR,DAYLIGHT,ANGLE,T-INTERSECTION,,STRAIGHT AND LEVEL,DRY,NO DEFECTS,NOT ON SCENE (DESK REPORT),NO INJURY / DRIVE AWAY,Y,,,"OVER $1,500",07/30/2025 09:35:00 AM,FAILING TO YIELD RIGHT-OF-WAY,NOT APPLICABLE,6235,W,BRYN MAWR AVE,1622,,,,,,,2,NO INDICATION OF INJURY,0,0,0,0,0,3,0,8,4,7,41.9827906486,-87.7843195439,POINT (-87.784319543905 41.982790648626)
c837c042c11b55e8a949a2896f806a8f71ab5bc1e5dff1761d10ca58fa6f76f57e030e1ae6c62ffbea8a4a9612ebd16b0d47325c849467da8131176b675a5963,,07/30/2025 08:10:00 AM,30,TRAFFIC SIGNAL,FUNCTIONING PROPERLY,CLEAR,DAYLIGHT,TURNING,NOT DIVIDED,,STRAIGHT AND LEVEL,DRY,NO DEFECTS,NOT ON SCENE (DESK REPORT),NO INJURY / DRIVE AWAY,,,,"OVER $1,500",07/30/2025 08:15:00 AM,IMPROPER TURNING/NO SIGNAL,NOT APPLICABLE,1501,W,NORTH AVE,1433,,,,,,,2,NO INDICATION OF INJURY,0,0,0,0,0,2,0,8,4,7,41.9105546456,-87.6652123169,POINT (-87.665212316888 41.910554645603)
c5b2c4eb1efba285aa7166b9451481829dedacb67fe5be576e67efd261dd4cd3f571c701f2a69b907651da299067fcf5fa92a497198da2db466be2b13cd5032b,,07/30/2025 08:00:00 AM,30,NO CONTROLS,NO CONTROLS,RAIN,DAYLIGHT,PARKED MOTOR VEHICLE,PARKING LOT,,STRAIGHT AND LEVEL,WET,NO DEFECTS,ON SCENE,NO INJURY / DRIVE AWAY,,Y,,"OVER $1,500",07/31/2025 08:30:00 AM,UNABLE TO DETERMINE,UNABLE TO DETERMINE,3642,S,KEDZIE AVE,911,,,,,,,2,NO INDICATION OF INJURY,0,0,0,0,0,1,0,8,4,7,41.8267532465,-87.7046672427,POINT (-87.704667242717 41.826753246498)
66a7bf6ef196a43dea5760c747994cef25c6538be5558761310800370810a221364d72d668f03061ab6ac1a0ec218df5def3bad701b9e7f206b58af586998fa3,,07/30/2025 07:47:00 AM,15,NO CONTROLS,NO CONTROLS,CLEAR,DAYLIGHT,FIXED OBJECT,ALLEY,,STRAIGHT AND LEVEL,DRY,NO DEFECTS,NOT ON SCENE (DESK REPORT),NO INJURY / DRIVE AWAY,,Y,Y,"OVER $1,500",08/02/2025 02:00:00 PM,UNABLE TO DETERMINE,NOT APPLICABLE,1812,N,HOWE ST,1813,,,,,,,1,NO INDICATION OF INJURY,0,0,0,0,0,1,0,7,4,7,41.9142976946,-87.6449004426,POINT (-87.644900442589 41.914297694571)
1285b2599c7b4dcd2ad745b278bb89f30997d903591e89a2f1f1c401ec16bc27a24c9fa054d43dfa63c4ac0f25e09f92e8e00e31801d4e5b1fa623da4b4eec46,,07/30/2025 07:40:00 AM,30,NO CONTROLS,NO CONTROLS,CLEAR,DAYLIGHT,SIDESWIPE SAME DIRECTION,NOT DIVIDED,,STRAIGHT AND LEVEL,DRY,NO DEFECTS,ON SCENE,NO INJURY / DRIVE AWAY,,,,"OVER $1,500",07/30/2025 08:05:00 AM,FAILING TO YIELD RIGHT-OF-WAY,NOT APPLICABLE,2407,S,KEDZIE AVE,1033,,,,,,,2,NO INDICATION OF INJURY,0,0,0,0,0,2,0,7,4,7,41.8478848491,-87.7049952382,POINT (-87.704995238191 41.847884849118)
f7c5604c89ce62f41f7eef6584051ddd18f090709666583ae7b745993d10f4a2e3749072fb1bd0a15c14eb39a5a7499bd576af6a1d896ecd73826da617aea420,,07/30/2025 07:40:00 AM,15,NO CONTROLS,NO CONTROLS,CLEAR,DAYLIGHT,OTHER OBJECT,PARKING LOT,,STRAIGHT ON GRADE,DRY,NO DEFECTS,NOT ON SCENE (DESK REPORT),NO INJURY / DRIVE AWAY,,Y,,"OVER $1,500",07/30/2025 10:40:00 AM,DRIVING SKILLS/KNOWLEDGE/EXPERIENCE,NOT APPLICABLE,673,N,FRANKLIN ST,1831,,,,,,,1,NO INDICATION OF INJURY,0,0,0,0,0,2,0,7,4,7,41.8945168504,-87.6355048067,POINT (-87.635504806717 41.894516850354)
e8bb627dd6d0ef1a972203f001a3626854d9c7668c88203055b52097dc7173dde7c1a0e6f29521e3754c496edf9490e9fe135e4973ca27b3418062ef74754021,,07/30/2025 07:35:00 AM,40,NO CONTROLS,NO CONTROLS,CLEAR,DAYLIGHT,REAR END,DIVIDED - W/MEDIAN BARRIER,,STRAIGHT AND LEVEL,DRY,UNKNOWN,,INJURY AND / OR TOW DUE TO CRASH,,,,"OVER $1,500",07/30/2025 07:55:00 AM,UNABLE TO DETERMINE,NOT APPLICABLE,2744,N,LAKE SHORE DR SB,1935,,,,,,,5,NO INDICATION OF INJURY,0,0,0,0,0,5,0,7,4,7,41.9322232864,-87.6322579273,POINT (-87.632257927284 41.932223286405)
b11ca610f5618e25d0e995edfbbd64dfec7f4c2cfa88de8c9d540d977e84bb5f921e708da2f9a91dbcb4fbf0a1c283b11b505338ef926ce3cfb0b88ecc226282,,07/30/2025 07:20:00 AM,30,STOP SIGN/FLASHER,FUNCTIONING PROPERLY,CLEAR,DAYLIGHT,TURNING,FOUR WAY,,STRAIGHT AND LEVEL,DRY,NO DEFECTS,ON SCENE,INJURY AND / OR TOW DUE TO CRASH,Y,,,"OVER $1,500",07/30/2025 07:22:00 AM,FAILING TO YIELD RIGHT-OF-WAY,NOT APPLICABLE,3830,W,DIVERSEY AVE,2523,,,,,,,2,NONINCAPACITATING INJURY,1,0,0,1,0,1,0,7,4,7,41.9319472152,-87.7233649188,POINT (-87.723364918806 41.931947215188)
d9b426559d5d6badbbedd9b6fce3f1ac265505dac18b2c5739fe7c10d1257e8bcd648e21a9d25502939f6754e4fe964bb2d6f36997ef5435b1557268878023d4,,07/30/2025 07:08:00 AM,30,NO CONTROLS,NO CONTROLS,CLOUDY/OVERCAST,DAYLIGHT,SIDESWIPE SAME DIRECTION,DIVIDED - W/MEDIAN (NOT RAISED),,STRAIGHT AND LEVEL,DRY,NO DEFECTS,NOT ON SCENE (DESK REPORT),NO INJURY / DRIVE AWAY,,,,"OVER $1,500",07/30/2025 10:20:00 AM,UNABLE TO DETERMINE,NOT APPLICABLE,85,E,WACKER DR,111,,,,,,,2,NO INDICATION OF INJURY,0,0,0,0,0,2,0,7,4,7,41.8880962904,-87.625177279,POINT (-87.625177278957 41.888096290382)
c5df1df9d80cbd01084690937fcb5dba6203242ff197ff0fab362a7d05fc924c1511d7414d023c816cd9d63421e22d8cf3ac9f144835ca61762e06af6747187b,,07/30/2025 07:00:00 AM,30,NO CONTROLS,NO CONTROLS,CLEAR,DAYLIGHT,PARKED MOTOR VEHICLE,NOT DIVIDED,,STRAIGHT AND LEVEL,UNKNOWN,NO DEFECTS,NOT ON SCENE (DESK REPORT),NO INJURY / DRIVE AWAY,,,Y,"$501 - $1,500",07/30/2025 01:00:00 PM,UNABLE TO DETERMINE,NOT APPLICABLE,3624,W,BELMONT AVE,1732,,,,,,,2,NO INDICATION OF INJURY,0,0,0,0,0,1,0,7,4,7,41.939309516,-87.7185399405,POINT (-87.718539940519 41.939309516006)