CRASH_RECORD_ID,CRASH_DATE_EST_I,CRASH_DATE,POSTED_SPEED_LIMIT,TRAFFIC_CONTROL_DEVICE,DEVICE_CONDITION,WEATHER_CONDITION,LIGHTING_CONDITION,FIRST_CRASH_TYPE,TRAFFICWAY_TYPE,LANE_CNT,ALIGNMENT,ROADWAY_SURFACE_COND,ROAD_DEFECT,REPORT_TYPE,CRASH_TYPE,INTERSECTION_RELATED_I,NOT_RIGHT_OF_WAY_I,HIT_AND_RUN_I,DAMAGE,DATE_POLICE_NOTIFIED,PRIM_CONTRIBUTORY_CAUSE,SEC_CONTRIBUTORY_CAUSE,STREET_NO,STREET_DIRECTION,STREET_NAME,BEAT_OF_OCCURRENCE,PHOTOS_TAKEN_I,STATEMENTS_TAKEN_I,DOORING_I,WORK_ZONE_I,WORK_ZONE_TYPE,WORKERS_PRESENT_I,NUM_UNITS,MOST_SEVERE_INJURY,INJURIES_TOTAL,INJURIES_FATAL,INJURIES_INCAPACITATING,INJURIES_NON_INCAPACITATING,INJURIES_REPORTED_NOT_EVIDENT,INJURIES_NO_INDICATION,INJURIES_UNKNOWN,CRASH_HOUR,CRASH_DAY_OF_WEEK,CRASH_MONTH,LATITUDE,LONGITUDE,LOCATION
e5790381f53cc1e852310a7162b9f9afc8deb270ce5c7006c6aeee461ce20e0540b585ccc5f9892f7ee4b6d7ca439b8f7fb621750fcb482df48a945a31d463f9,,07/30/2025 07:00:00 AM,30,NO CONTROLS,NO CONTROLS,CLEAR,DAYLIGHT,PARKED MOTOR VEHICLE,T-INTERSECTION,,STRAIGHT AND LEVEL,DRY,NO DEFECTS,NOT ON SCENE (DESK REPORT),NO INJURY / DRIVE AWAY,,,Y,"OVER $1,500",07/30/2025 08:50:00 AM,IMPROPER BACKING,UNABLE TO DETERMINE,10,N,CARPENTER ST,1224,,,,,,,2,NO INDICATION OF INJURY,0,0,0,0,0,1,0,7,4,7,41.8819910101,-87.6533500071,POINT (-87.653350007074 41.881991010106)
9e6b62a0fb268bc1ee8c7e88e6008d4ed33bdab7df5fad378f136497cb7cf75cfa52d12a80d9ec8664800a0278ab23598fd3c97d06ef5cf3281831d063b997af,,07/30/2025 06:55:00 AM,20,NO CONTROLS,NO CONTROLS,CLEAR,DAYLIGHT,PARKED MOTOR VEHICLE,PARKING LOT,,STRAIGHT AND LEVEL,DRY,NO DEFECTS,NOT ON SCENE (DESK REPORT),NO INJURY / DRIVE AWAY,,,,"OVER $1,500",07/30/2025 08:55:00 AM,UNABLE TO DETERMINE,NOT APPLICABLE,2600,S,CALIFORNIA AVE,1033,,,,,,,2,NO INDICATION OF INJURY,0,0,0,0,0,1,0,6,4,7,41.8445843003,-87.6953598432,POINT (-87.695359843215 41.844584300311)
7b5ddb11d7081a81b9c8c65635e08db2304cdcd90281941368e8ce4676c957e5d3fa2926e7aa783a6330f50b067c136f87b7b9077bd0b724d9ef8459d31e2309,,07/30/2025 06:48:00 AM,30,STOP SIGN/FLASHER,FUNCTIONING PROPERLY,CLEAR,DAYLIGHT,ANGLE,DIVIDED - W/MEDIAN (NOT RAISED),,STRAIGHT AND LEVEL,DRY,NO DEFECTS,ON SCENE,INJURY AND / OR TOW DUE TO CRASH,Y,,,"OVER $1,500",07/30/2025 06:48:00 AM,FAILING TO REDUCE SPEED TO AVOID CRASH,NOT APPLICABLE,8203,S,DR MARTIN LUTHER KING JR DR,631,,,,,,,3,NO INDICATION OF INJURY,0,0,0,0,0,3,0,6,4,7,41.745491263,-87.6146683688,POINT (-87.614668368804 41.745491262996)
d0c30ad2e1d7e47ee66372c7d66dda56b0a12724ddaf85890729be9d50a6963a1029e7bc44414960ffa7c0e4244b544dc3ee1fffca8ac7fa1a3c12288e497a77,Y,07/30/2025 06:45:00 AM,30,TRAFFIC SIGNAL,FUNCTIONING PROPERLY,UNKNOWN,DAYLIGHT,REAR END,CENTER TURN LANE,,STRAIGHT AND LEVEL,UNKNOWN,UNKNOWN,NOT ON SCENE (DESK REPORT),NO INJURY / DRIVE AWAY,,,Y,"$501 - $1,500",08/05/2025 03:50:00 PM,FOLLOWING TOO CLOSELY,NOT APPLICABLE,5100,W,LAWRENCE AVE,1623,,,,,,,2,NO INDICATION OF INJURY,0,0,0,0,0,2,0,6,4,7,41.9680455072,-87.7550764007,POINT (-87.755076400742 41.968045507172)
94f600d428733014d829904cd6bf8649135d96d7c1f2b38ead81907aa68f5ad3c0455f979a64930a69ae3a6353993e16745414fd9857af4af4c873f536c811a7,,07/30/2025 06:20:00 AM,30,TRAFFIC SIGNAL,FUNCTIONING PROPERLY,CLEAR,DAYLIGHT,ANGLE,DIVIDED - W/MEDIAN BARRIER,,STRAIGHT AND LEVEL,DRY,NO DEFECTS,,INJURY AND / OR TOW DUE TO CRASH,Y,,,"OVER $1,500",07/30/2025 06:23:00 AM,DISREGARDING TRAFFIC SIGNALS,NOT APPLICABLE,36,W,IDA B WELLS DR,113,,,,,,,2,NO INDICATION OF INJURY,0,0,0,0,0,2,0,6,4,7,41.8757380182,-87.6289718655,POINT (-87.628971865532 41.875738018246)
c44acc2a60bf1ae2ac8fb1bb98ed0d51d48a826f1d5288d93f92db5ae23da75673ee7b69f613c69a9c78bac1041f2c22fc78c701689041966d434565649ef76b,,07/30/2025 06:20:00 AM,10,NO CONTROLS,NO CONTROLS,CLEAR,DAYLIGHT,REAR END,PARKING LOT,,STRAIGHT AND LEVEL,DRY,NO DEFECTS,NOT ON SCENE (DESK REPORT),NO INJURY / DRIVE AWAY,,Y,,"OVER $1,500",07/30/2025 03:45:00 PM,UNABLE TO DETERMINE,NOT APPLICABLE,1620,W,HARRISON ST,1231,,,,,,,2,NO INDICATION OF INJURY,0,0,0,0,0,2,0,6,4,7,41.8742961615,-87.6676128105,POINT (-87.667612810518 41.8742961615)
440295e94768e509f693cb14f2be2a4ae983d00f9e02b0a47eb5362cfcdea404ca4f1ef8ac724d105a9b7a4253ea98a40b3ffccf72d565118242e1be6102b599,,07/30/2025 06:00:00 AM,30,NO CONTROLS,NO CONTROLS,CLEAR,DAYLIGHT,PARKED MOTOR VEHICLE,ONE-WAY,,STRAIGHT AND LEVEL,DRY,NO DEFECTS,NOT ON SCENE (DESK REPORT),NO INJURY / DRIVE AWAY,,,Y,"OVER $1,500",07/31/2025 06:29:00 AM,UNABLE TO DETERMINE,UNABLE TO DETERMINE,6657,S,ROCKWELL ST,832,,,,,,,2,NO INDICATION OF INJURY,0,0,0,0,0,1,0,6,4,7,41.7720500441,-87.6881896332,POINT (-87.688189633162 41.772050044138)
e47298f1a3b4590def7326e184444f78396dfc35ac1ce50909e54613d8d92ca762da7f18ecf43c3d4ab18e810bfcc058245da7a6119d878eaa69e54e17982ac1,Y,07/30/2025 06:00:00 AM,15,UNKNOWN,NO CONTROLS,UNKNOWN,UNKNOWN,PARKED MOTOR VEHICLE,PARKING LOT,,STRAIGHT AND LEVEL,UNKNOWN,UNKNOWN,ON SCENE,NO INJURY / DRIVE AWAY,,,Y,$500 OR LESS,07/30/2025 02:52:00 PM,UNABLE TO DETERMINE,UNABLE TO DETERMINE,2303,N,CLYBOURN AVE,1811,,,,,,,2,NO INDICATION OF INJURY,0,0,0,0,0,1,0,6,4,7,41.9238382683,-87.6672867499,POINT (-87.667286749853 41.923838268283)
f745cdb7be44a2fa8c70ea25b49b721bc41fa5f1d0111394f5edc459100702c5cf271a7a1fabb0ed65bf218191d160bee17c1590c5a250c53dd849e7a9998c8a,,07/30/2025 06:00:00 AM,25,NO CONTROLS,NO CONTROLS,CLEAR,DAYLIGHT,PARKED MOTOR VEHICLE,NOT DIVIDED,,STRAIGHT AND LEVEL,DRY,NO DEFECTS,ON SCENE,INJURY AND / OR TOW DUE TO CRASH,,,Y,"OVER $1,500",07/30/2025 07:00:00 AM,UNABLE TO DETERMINE,NOT APPLICABLE,10738,S,HOMAN AVE,2211,,,,,,,2,NO INDICATION OF INJURY,0,0,0,0,0,1,0,6,4,7,41.6976266675,-87.7061335884,POINT (-87.706133588391 41.697626667526)
15a03bca348141d11cdb1b2be77433275737bca7a0ca2667ceb632b236175f8c1820fd209c5c29966c2aab29479f56c85af05933d03671ad35614d54eebc89de,,07/30/2025 05:57:00 AM,30,NO CONTROLS,NO CONTROLS,CLEAR,DAYLIGHT,TURNING,DIVIDED - W/MEDIAN (NOT RAISED),,STRAIGHT AND LEVEL,DRY,NO DEFECTS,ON SCENE,INJURY AND / OR TOW DUE TO CRASH,,,,"OVER $1,500",07/30/2025 06:20:00 AM,FAILING TO YIELD RIGHT-OF-WAY,NOT APPLICABLE,1439,W,IRVING PARK RD,1922,,,,,,,2,NONINCAPACITATING INJURY,1,0,0,1,0,1,0,5,4,7,41.9542233772,-87.6657609007,POINT (-87.665760900749 41.954223377171)
38d1879c110b0e54328635a4316c415e7fca1b5faa68ac707b01ccc2ef07634666b3c15f6270c6b1ef671b9a4f0052be7650d5c71d897a7a364d148903014f97,,07/30/2025 05:45:00 AM,35,STOP SIGN/FLASHER,FUNCTIONING PROPERLY,CLEAR,DAYLIGHT,PEDESTRIAN,DIVIDED - W/MEDIAN (NOT RAISED),,STRAIGHT AND LEVEL,DRY,NO DEFECTS,ON SCENE,INJURY AND / OR TOW DUE TO CRASH,,,,$500 OR LESS,07/30/2025 05:46:00 AM,FAILING TO YIELD RIGHT-OF-WAY,NOT APPLICABLE,1599,S,SPECIAL OLYMPICS DR,132,,,,,,,2,NONINCAPACITATING INJURY,1,0,0,1,0,1,0,5,4,7,,,
4aacfeeb1c446e495d9e7f254aca245fc4fff492ccdff5e02912a4ecf8acd16df25a4c1d3f8be3f8667ee42dd2ae0bba6021f88adc516af478b0bc45451facce,,07/30/2025 05:30:00 AM,10,NO CONTROLS,NO CONTROLS,CLEAR,DAYLIGHT,FIXED OBJECT,ONE-WAY,,STRAIGHT AND LEVEL,DRY,NO DEFECTS,ON SCENE,INJURY AND / OR TOW DUE TO CRASH,,,,"OVER $1,500",07/30/2025 05:35:00 AM,NOT APPLICABLE,NOT APPLICABLE,6075,N,LINCOLN AVE,1711,,,,,,,1,NO INDICATION OF INJURY,0,0,0,0,0,1,0,5,4,7,41.9923449025,-87.7103231013,POINT (-87.71032310131 41.992344902465)
8c2bc5628f7b904c9f7209958c70e2eae47d3cdc7a5f5b19a2a4ddbb9a12ac83ddaf6fc36195eefd3cd696e11f216014103b8a38e8e5b6597d1005c4fa6eb5dc,,07/30/2025 05:20:00 AM,30,NO CONTROLS,NO CONTROLS,CLEAR,"DARKNESS, LIGHTED ROAD",OTHER OBJECT,NOT DIVIDED,,STRAIGHT AND LEVEL,DRY,NO DEFECTS,ON SCENE,INJURY AND / OR TOW DUE TO CRASH,,,Y,"OVER $1,500",07/30/2025 05:20:00 AM,UNABLE TO DETERMINE,UNABLE TO DETERMINE,6354,S,ARTESIAN AVE,825,,,,,,,1,NO INDICATION OF INJURY,0,0,0,0,0,2,0,5,4,7,41.7776235512,-87.6849620348,POINT (-87.684962034777 41.777623551228)
c2825fdb794daa11e0e554f55823934c7f5442322ed0c2c44472e9d0d0dda78bac4c5f70a068fddee07fa502556935043977f904071c0ebc7e44029b40fcb37a,,07/30/2025 05:03:00 AM,20,UNKNOWN,NO CONTROLS,CLEAR,DARKNESS,PARKED MOTOR VEHICLE,PARKING LOT,,STRAIGHT AND LEVEL,UNKNOWN,UNKNOWN,ON SCENE,NO INJURY / DRIVE AWAY,,,Y,"OVER $1,500",07/30/2025 06:30:00 PM,UNABLE TO DETERMINE,NOT APPLICABLE,2331,W,MONROE ST,1223,,,,,,,2,NO INDICATION OF INJURY,0,0,0,0,0,1,0,5,4,7,41.8797609841,-87.6851067025,POINT (-87.685106702466 41.879760984132)
9022947c8b4b73b3184c4acc99cc222eaefd0dd24fb490547575882374f2e10b97b49a8ff36999b3b85f45551a557443a9649dd0d763ccd3db153b3c667ddc49,,07/30/2025 04:29:00 AM,30,NO CONTROLS,NO CONTROLS,CLEAR,"DARKNESS, LIGHTED ROAD",PARKED MOTOR VEHICLE,NOT DIVIDED,,STRAIGHT AND LEVEL,DRY,NO DEFECTS,ON SCENE,INJURY AND / OR TOW DUE TO CRASH,,,,"OVER $1,500",07/30/2025 04:32:00 AM,UNABLE TO DETERMINE,UNABLE TO DETERMINE,3727,W,WILSON AVE,1723,,,,,,,5,NONINCAPACITATING INJURY,2,0,0,2,0,0,0,4,4,7,41.9645551829,-87.7216952224,POINT (-87.72169522243 41.964555182943)
4f584361e862b75de602b5db52c5691d22db64fa00c8bcc1d14a2904ad4435ad87b97d84bbc0206805fee74106ff9a796dba89a90eb4f90ed4ff9b3a3d6ed783,,07/30/2025 04:27:00 AM,20,NO CONTROLS,NO CONTROLS,CLEAR,DARKNESS,REAR END,NOT DIVIDED,,STRAIGHT AND LEVEL,DRY,UNKNOWN,ON SCENE,INJURY AND / OR TOW DUE TO CRASH,,,,"$501 - $1,500",07/30/2025 04:32:00 AM,UNABLE TO DETERMINE,NOT APPLICABLE,5030,W,AUGUSTA BLVD,1531,,,,,,,2,NONINCAPACITATING INJURY,3,0,0,3,0,0,0,4,4,7,41.8987305517,-87.7520793865,POINT (-87.752079386515 41.898730551716)
62675ec64d2e3135e6a9deb2c7e78d37e1d6b28661ed185701e82118790dafcd69045ed806ecc32e59e1c21027614f0d07e023af479202d1fce527be80329bb9,,07/30/2025 04:19:00 AM,40,NO CONTROLS,NO CONTROLS,CLEAR,"DARKNESS, LIGHTED ROAD",FIXED OBJECT,DIVIDED - W/MEDIAN BARRIER,,STRAIGHT AND LEVEL,DRY,NO DEFECTS,ON SCENE,INJURY AND / OR TOW DUE TO CRASH,,,Y,"OVER $1,500",07/30/2025 04:25:00 AM,UNDER THE INFLUENCE OF ALCOHOL/DRUGS (USE WHEN ARREST IS EFFECTED),FAILING TO REDUCE SPEED TO AVOID CRASH,3600,N,LAKE SHORE DR NB,1925,,,,,,,1,NO INDICATION OF INJURY,0,0,0,0,0,1,0,4,4,7,41.9487296655,-87.6434479858,POINT (-87.64344798585 41.94872966546)
6c2762bbefbbaee8189766f671c3984151a22db68c0a114e6440886a7255f477513750c4f8333882405e900f387a9f9b34882ac2bf74fb7d67fc1f0f78b19865,,07/30/2025 03:00:00 AM,30,UNKNOWN,UNKNOWN,CLEAR,DARKNESS,PARKED MOTOR VEHICLE,NOT DIVIDED,,STRAIGHT AND LEVEL,DRY,NO DEFECTS,NOT ON SCENE (DESK REPORT),NO INJURY / DRIVE AWAY,,,Y,"OVER $1,500",07/30/2025 09:36:00 AM,UNABLE TO DETERMINE,UNABLE TO DETERMINE,6622,S,MARSHFIELD AVE,725,,,,,,,2,NO INDICATION OF INJURY,0,0,0,0,0,1,0,3,4,7,41.7732798983,-87.6654625447,POINT (-87.665462544723 41.773279898283)
8b3e26c3f14c36edfd31b5e040c5e41fc3ce3ad640634c7a4251c70c5604124862c4b4dd540535fc213dd7f7390a4d90ea22e58ecfa06b21161053a9e9126328,,07/30/2025 02:40:00 AM,30,TRAFFIC SIGNAL,FUNCTIONING PROPERLY,RAIN,DAYLIGHT,TURNING,DIVIDED - W/MEDIAN (NOT RAISED),,STRAIGHT AND LEVEL,WET,UNKNOWN,ON SCENE,NO INJURY / DRIVE AWAY,Y,,Y,"OVER $1,500",07/30/2025 02:42:00 AM,UNABLE TO DETERMINE,UNABLE TO DETERMINE,140,W,OAK ST,1824,,,,,,,2,NO INDICATION OF INJURY,0,0,0,0,0,2,0,2,4,7,41.9006486081,-87.6329120451,POINT (-87.632912045116 41.90064860807)
3cbf5b28229743a94e1013daad52ed3d7b35a2f55127390535a3d50154690a92a0f67f3edaca24e46e4a9f5735ac9fcd56407346410c29b6f7fb08cd780f8930,,07/30/2025 01:45:00 AM,30,NO CONTROLS,NO CONTROLS,CLEAR,"DARKNESS, LIGHTED ROAD",PARKED MOTOR VEHICLE,NOT DIVIDED,,STRAIGHT AND LEVEL,DRY,NO DEFECTS,ON SCENE,INJURY AND / OR TOW DUE TO CRASH,,,,"OVER $1,500",07/30/2025 01:50:00 AM,UNABLE TO DETERMINE,UNABLE TO DETERMINE,2444,S,CALIFORNIA AVE,1033,,,,,,,2,NO INDICATION OF INJURY,0,0,0,0,0,2,0,1,4,7,41.8469278652,-87.6954478508,POINT (-87.695447850812 41.846927865204)
c491759f3759c42ee64b07844ebc407adf5100aba530d9f4f1f9353e0e804cdf8380de4d14fe69ed1c002cd02474394def62d1ba6ea2d310e9979e0cc99c9d1d,,07/30/2025 01:42:00 AM,30,TRAFFIC SIGNAL,FUNCTIONING PROPERLY,CLEAR,"DARKNESS, LIGHTED ROAD",ANGLE,DIVIDED - W/MEDIAN BARRIER,,STRAIGHT AND LEVEL,DRY,NO DEFECTS,,INJURY AND / OR TOW DUE TO CRASH,Y,,,"OVER $1,500",07/30/2025 01:44:00 AM,FAILING TO YIELD RIGHT-OF-WAY,NOT APPLICABLE,333,S,ASHLAND AVE,1231,,,,,,,2,NONINCAPACITATING INJURY,2,0,0,1,1,4,0,1,4,7,41.8766250556,-87.6665227987,POINT (-87.666522798706 41.87662505558)
90db880e6b3c90952cb22405781d09072ee0f050e374e1481220bc9b6f3b2df6bf0ec4d41265476cf5ef6db65f1096eecb6d76674f533a0b6ee6f7776411550d,,07/30/2025 01:32:00 AM,30,TRAFFIC SIGNAL,FUNCTIONING PROPERLY,CLEAR,"DARKNESS, LIGHTED ROAD",REAR TO FRONT,FOUR WAY,,STRAIGHT AND LEVEL,DRY,NO DEFECTS,ON SCENE,NO INJURY / DRIVE AWAY,Y,,,"$501 - $1,500",07/30/2025 01:32:00 AM,IMPROPER BACKING,DISREGARDING TRAFFIC SIGNALS,3401,W,IRVING PARK RD,1732,,,,,,,2,NO INDICATION OF INJURY,0,0,0,0,0,2,0,1,4,7,41.9537461868,-87.7129631256,POINT (-87.712963125642 41.953746186808)
4bd7125b01e6c10e0c8d0d646ed4b24314dc93dad54ec90d58d2ef8f2bc55404b42c5e07ba0ba968e061e124789535c77375bdbdf14afee9b924805538525576,,07/30/2025 01:00:00 AM,20,NO CONTROLS,NO CONTROLS,CLEAR,DARKNESS,PARKED MOTOR VEHICLE,NOT DIVIDED,,STRAIGHT AND LEVEL,DRY,NO DEFECTS,NOT ON SCENE (DESK REPORT),NO INJURY / DRIVE AWAY,,,Y,"OVER $1,500",07/30/2025 11:35:00 AM,UNABLE TO DETERMINE,UNABLE TO DETERMINE,7800,S,MORGAN ST,612,,,,,,,2,NO INDICATION OF INJURY,0,0,0,0,0,1,0,1,4,7,41.7522966034,-87.6490846379,POINT (-87.649084637874 41.752296603411)
babca959bf43162fd91a96fbefe7330ff0cc7de6b68ff419b2bed0d52460f1b96acfec04b35d7fe7c3105b2df82b63b1b8e681315242b1e477f243e3bf9431f9,,07/30/2025 12:58:00 AM,25,STOP SIGN/FLASHER,FUNCTIONING PROPERLY,CLEAR,DAWN,TURNING,FOUR WAY,,STRAIGHT AND LEVEL,DRY,NO DEFECTS,ON SCENE,NO INJURY / DRIVE AWAY,Y,,Y,"$501 - $1,500",07/30/2025 12:58:00 AM,DRIVING ON WRONG SIDE/WRONG WAY,NOT APPLICABLE,701,N,AVERS AVE,1112,,,,,,,2,NO INDICATION OF INJURY,0,0,0,0,0,2,0,0,4,7,41.8936617869,-87.7222138939,POINT (-87.722213893856 41.893661786875)
3e450c93c22a8e6e6b45ba117bedbe1c0aedf2f2bf6756adc6d6508bbbe7a65052b8b5cd74f087975d399c12c3330b4d89677ae1e8d5292ae08addd5e5b16953,,07/30/2025 12:44:00 AM,30,NO CONTROLS,NO CONTROLS,CLEAR,"DARKNESS, LIGHTED ROAD",PARKED MOTOR VEHICLE,ONE-WAY,,STRAIGHT AND LEVEL,DRY,NO DEFECTS,ON SCENE,INJURY AND / OR TOW DUE TO CRASH,,,N,"$501 - $1,500",07/30/2025 12:51:00 AM,UNABLE TO DETERMINE,NOT APPLICABLE,5801,S,CAMPBELL AVE,824,,,,,,,3,,,,,,,,,0,4,7,41.7882641977,-87.6861801261,POINT (-87.686180126054 41.788264197696)
3613ce00d4ce17e6af048e6b05280e192c24a11c49c8081123e3e8e9507bc559b8068e3575a666b1abae209c1f878950ec4e5049f02ea403e544394d0e369b73,,07/30/2025 12:41:00 AM,40,TRAFFIC SIGNAL,FUNCTIONING PROPERLY,CLEAR,"DARKNESS, LIGHTED ROAD",REAR END,DIVIDED - W/MEDIAN BARRIER,,STRAIGHT AND LEVEL,DRY,NO DEFECTS,ON SCENE,INJURY AND / OR TOW DUE TO CRASH,Y,,,"OVER $1,500",07/30/2025 12:46:00 AM,FAILING TO REDUCE SPEED TO AVOID CRASH,NOT APPLICABLE,800,N,LAKE SHORE DR SB,1833,,,,,,,2,NO INDICATION OF INJURY,0,0,0,0,0,7,0,0,4,7,41.8968049724,-87.6170274232,POINT (-87.617027423234 41.896804972416)
013fb686d5154a489f3dbf3a91c8ec83f5494f386a16aa5e3853856eb86638162f9099570a1577286525a9e4dbcc9e44ecc229b59075a44970213ed4543f0da0,,07/30/2025 12:30:00 AM,10,NO CONTROLS,NO CONTROLS,CLEAR,"DARKNESS, LIGHTED ROAD",REAR END,DRIVEWAY,,STRAIGHT AND LEVEL,DRY,NO DEFECTS,NOT ON SCENE (DESK REPORT),NO INJURY / DRIVE AWAY,,,Y,"$501 - $1,500",07/30/2025 09:40:00 AM,FAILING TO REDUCE SPEED TO AVOID CRASH,NOT APPLICABLE,3141,S,ASHLAND AVE,912,,,,,,,2,NO INDICATION OF INJURY,0,0,0,0,0,2,0,0,4,7,41.8366084204,-87.6655705708,POINT (-87.665570570832 41.836608420376)
41f518eaa90ec77ab7ae8c47e0742fbf953f77a1ca62356c762da77414e863925fde9f30ceeb5795591f34983f7ce69ff31b51bf2e067a452b8addd75e105fbc,,07/30/2025 12:30:00 AM,20,NO CONTROLS,NO CONTROLS,CLEAR,"DARKNESS, LIGHTED ROAD",ANGLE,PARKING LOT,,STRAIGHT AND LEVEL,DRY,NO DEFECTS,ON SCENE,NO INJURY / DRIVE AWAY,,,,"OVER $1,500",07/30/2025 12:35:00 AM,UNABLE TO DETERMINE,NOT APPLICABLE,10020,W,BALMORAL AVE,1654,,,,,,,2,NO INDICATION OF INJURY,0,0,0,0,0,2,0,0,4,7,,,
ee55e62d4767d94c97dc5b031b81b8de7166de321c31bd86587e8fff3544f6f05bb4171df2da1466748808f79c7b2486fa33610c2af6cb8dbe751af7f9d93b81,,07/29/2025 11:44:00 PM,30,NO CONTROLS,NO CONTROLS,CLEAR,DARKNESS,SIDESWIPE SAME DIRECTION,ONE-WAY,,STRAIGHT AND LEVEL,DRY,NO DEFECTS,ON SCENE,NO INJURY / DRIVE AWAY,,,,"OVER $1,500",07/30/2025 12:06:00 AM,UNABLE TO DETERMINE,NOT APPLICABLE,2429,W,45TH PL,922,,,,,,,2,NO INDICATION OF INJURY,0,0,0,0,0,6,0,23,3,7,41.8110353265,-87.6856773186,POINT (-87.685677318591 41.811035326495)
9b7a85cdf8bf63c3be0d425aa7778bc2766a17d8dcf73fee03199a5953fb97a1d8789ea506cfdcb609ce747cb8e86e17211a95122bddbfd51068aefa0b308719,,07/29/2025 11:00:00 PM,25,TRAFFIC SIGNAL,FUNCTIONING PROPERLY,CLEAR,"DARKNESS, LIGHTED ROAD",TURNING,ONE-WAY,,STRAIGHT AND LEVEL,DRY,NO DEFECTS,ON SCENE,INJURY AND / OR TOW DUE TO CRASH,,,Y,"OVER $1,500",07/30/2025 06:18:00 PM,FAILING TO REDUCE SPEED TO AVOID CRASH,UNABLE TO DETERMINE,3500,S,WENTWORTH AVE,915,,,,,,,3,NONINCAPACITATING INJURY,3,0,0,3,0,1,0,23,3,7,41.8309224418,-87.6316505184,POINT (-87.631650518377 41.830922441769)
9e54f256efb8d0842e43f3f0e04bccadfb8fe9fef94f660f72f1cebf4080f3e6510e99a7a3c8d54f1abc8ff3ed4449d02c3c51611ce7e923fe0e4784ab4930af,,07/29/2025 11:00:00 PM,30,TRAFFIC SIGNAL,FUNCTIONING PROPERLY,CLEAR,DUSK,SIDESWIPE SAME DIRECTION,NOT DIVIDED,,STRAIGHT AND LEVEL,DRY,NO DEFECTS,NOT ON SCENE (DESK REPORT),NO INJURY / DRIVE AWAY,Y,,Y,"$501 - $1,500",07/29/2025 11:55:00 PM,IMPROPER LANE USAGE,UNABLE TO DETERMINE,1599,E,79TH ST,411,,,,,,,2,NO INDICATION OF INJURY,0,0,0,0,0,2,0,23,3,7,41.751392401,-87.5856679376,POINT (-87.585667937612 41.751392400955)
fdf6746d17c0c70d52ded9305faff7062a5b39f6b0d7e225dea3d1ba02c03d9f39fbb5a7a0ea75da121013badf510039c8ec265e8c3f30473f02cb2648cc80ba,Y,07/29/2025 11:00:00 PM,30,NO CONTROLS,NO CONTROLS,UNKNOWN,UNKNOWN,PARKED MOTOR VEHICLE,NOT DIVIDED,,STRAIGHT AND LEVEL,UNKNOWN,UNKNOWN,,INJURY AND / OR TOW DUE TO CRASH,,,Y,"OVER $1,500",07/30/2025 02:00:00 PM,UNABLE TO DETERMINE,UNABLE TO DETERMINE,1380,E,HYDE PARK BLVD,222,,,,,,,2,NO INDICATION OF INJURY,0,0,0,0,0,1,0,23,3,7,41.802529887,-87.5919363393,POINT (-87.591936339324 41.802529886981)
5573cad98e2cf2c13e98afd403652f7963100e27b3214894f9ebade0612c19db0b0cc1364e8d87b040ea2aae01ca8f31b4b48da1464fcd068080f926ee5864d3,,07/29/2025 10:54:00 PM,35,UNKNOWN,UNKNOWN,CLEAR,"DARKNESS, LIGHTED ROAD",SIDESWIPE OPPOSITE DIRECTION,NOT DIVIDED,,STRAIGHT AND LEVEL,DRY,NO DEFECTS,,INJURY AND / OR TOW DUE TO CRASH,,,,"OVER $1,500",07/29/2025 11:51:00 PM,DRIVING ON WRONG SIDE/WRONG WAY,IMPROPER OVERTAKING/PASSING,3955,N,MILWAUKEE AVE,1731,,,,,,,2,NONINCAPACITATING INJURY,1,0,0,1,0,1,0,22,3,7,41.952764695,-87.7460394702,POINT (-87.746039470187 41.952764694981)
79de41706b674898ee2e90d9959566ca56beffa93e91ee0fe03274a5bd5a6b6ac7c8ed6e5771227d99df099593c67169aa32c55b217d18290137706732b66085,,07/29/2025 10:49:00 PM,30,STOP SIGN/FLASHER,NO CONTROLS,CLEAR,"DARKNESS, LIGHTED ROAD",ANGLE,FOUR WAY,,STRAIGHT AND LEVEL,DRY,NO DEFECTS,ON SCENE,INJURY AND / OR TOW DUE TO CRASH,,,,"OVER $1,500",07/29/2025 10:49:00 PM,FAILING TO YIELD RIGHT-OF-WAY,DISREGARDING STOP SIGN,1600,S,ASHLAND AVE,1234,,Y,,,,,2,NONINCAPACITATING INJURY,2,0,0,2,0,1,0,22,3,7,41.859559782,-87.6663438504,POINT (-87.666343850368 41.859559781969)
a14fe1abcc1f8e5c25c6b6ad3aa24f86d664c092fa2163e927c36324fc2a9f598f2678b4b7d40c278897a7d62f580b7bda1f83c5217b2b103b91b2f99dbd72c5,,07/29/2025 10:30:00 PM,30,NO CONTROLS,NO CONTROLS,CLEAR,DARKNESS,PARKED MOTOR VEHICLE,NOT DIVIDED,,STRAIGHT AND LEVEL,DRY,NO DEFECTS,NOT ON SCENE (DESK REPORT),NO INJURY / DRIVE AWAY,,,Y,"OVER $1,500",07/30/2025 12:00:00 PM,IMPROPER LANE USAGE,NOT APPLICABLE,1035,W,103RD PL,2232,,,,,,,2,NO INDICATION OF INJURY,0,0,0,0,0,1,0,22,3,7,41.7058413283,-87.6490702186,POINT (-87.649070218638 41.705841328292)
e7a0fd54ad7afa73eb8fc5260d61c64185856934daa30f8b56e83e136d5dd9e5195d76b0ae14b9be58de4ee588aabb9d192d25424262490ab5850f570c38ec08,,07/29/2025 10:30:00 PM,30,TRAFFIC SIGNAL,UNKNOWN,CLEAR,"DARKNESS, LIGHTED ROAD",ANGLE,FOUR WAY,,STRAIGHT AND LEVEL,DRY,UNKNOWN,NOT ON SCENE (DESK REPORT),NO INJURY / DRIVE AWAY,Y,,,"$501 - $1,500",07/29/2025 11:40:00 PM,DISREGARDING TRAFFIC SIGNALS,UNABLE TO DETERMINE,400,S,CANAL ST,121,,,,,,,2,NO INDICATION OF INJURY,0,0,0,0,0,2,0,22,3,7,41.8767466675,-87.6397852865,POINT (-87.639785286517 41.876746667521)