CRASH_RECORD_ID,CRASH_DATE_EST_I,CRASH_DATE,POSTED_SPEED_LIMIT,TRAFFIC_CONTROL_DEVICE,DEVICE_CONDITION,WEATHER_CONDITION,LIGHTING_CONDITION,FIRST_CRASH_TYPE,TRAFFICWAY_TYPE,LANE_CNT,ALIGNMENT,ROADWAY_SURFACE_COND,ROAD_DEFECT,REPORT_TYPE,CRASH_TYPE,INTERSECTION_RELATED_I,NOT_RIGHT_OF_WAY_I,HIT_AND_RUN_I,DAMAGE,DATE_POLICE_NOTIFIED,PRIM_CONTRIBUTORY_CAUSE,SEC_CONTRIBUTORY_CAUSE,STREET_NO,STREET_DIRECTION,STREET_NAME,BEAT_OF_OCCURRENCE,PHOTOS_TAKEN_I,STATEMENTS_TAKEN_I,DOORING_I,WORK_ZONE_I,WORK_ZONE_TYPE,WORKERS_PRESENT_I,NUM_UNITS,MOST_SEVERE_INJURY,INJURIES_TOTAL,INJURIES_FATAL,INJURIES_INCAPACITATING,INJURIES_NON_INCAPACITATING,INJURIES_REPORTED_NOT_EVIDENT,INJURIES_NO_INDICATION,INJURIES_UNKNOWN,CRASH_HOUR,CRASH_DAY_OF_WEEK,CRASH_MONTH,LATITUDE,LONGITUDE,LOCATION
aa7e21fc75b4216452a05fd8583fb41655145be667f0b928e116ac7ad443954ce17e281c9919c33a25466a5c622a903b71a91cae5b9ff648d8bf9a05bc0dbfe9,,07/29/2025 10:23:00 PM,30,TRAFFIC SIGNAL,FUNCTIONING PROPERLY,CLEAR,"DARKNESS, LIGHTED ROAD",TURNING,FOUR WAY,,STRAIGHT AND LEVEL,DRY,NO DEFECTS,NOT ON SCENE (DESK REPORT),NO INJURY / DRIVE AWAY,Y,,Y,"$501 - $1,500",07/29/2025 11:03:00 PM,DISREGARDING TRAFFIC SIGNALS,NOT APPLICABLE,3100,S,ASHLAND AVE,912,,,,,,,2,NO INDICATION OF INJURY,0,0,0,0,0,3,0,22,3,7,41.8376223442,-87.6658871805,POINT (-87.665887180546 41.837622344158)
f15776bc201103a7cb722ccdd9fb9c74f4c79a0975251c7086b3d0d507615c7cda2dba485b641ac51c876d136aebc289fba3d748828d41de88374783716d712a,,07/29/2025 10:20:00 PM,30,NO CONTROLS,NO CONTROLS,CLEAR,"DARKNESS, LIGHTED ROAD",SIDESWIPE SAME DIRECTION,ONE-WAY,,STRAIGHT AND LEVEL,DRY,NO DEFECTS,ON SCENE,INJURY AND / OR TOW DUE TO CRASH,,,,"OVER $1,500",07/30/2025 12:12:00 AM,NOT APPLICABLE,NOT APPLICABLE,7135,S,MAPLEWOOD AVE,832,,,,,,,2,NO INDICATION OF INJURY,0,0,0,0,0,3,0,22,3,7,41.7635866192,-87.6867380279,POINT (-87.686738027929 41.763586619191)
e4c1156d46d432a946e35f8770b7e34e0f6c11e7a2ded07467dda009d8c2357d51fe4ffa08d79d9ee87e902bafd589b664c1173895a0292e87db93eb2bda3f26,,07/29/2025 10:10:00 PM,30,NO CONTROLS,NO CONTROLS,CLEAR,"DARKNESS, LIGHTED ROAD",PARKED MOTOR VEHICLE,DIVIDED - W/MEDIAN BARRIER,,STRAIGHT AND LEVEL,DRY,NO DEFECTS,ON SCENE,INJURY AND / OR TOW DUE TO CRASH,,,,"OVER $1,500",07/29/2025 10:14:00 PM,UNDER THE INFLUENCE OF ALCOHOL/DRUGS (USE WHEN ARREST IS EFFECTED),UNDER THE INFLUENCE OF ALCOHOL/DRUGS (USE WHEN ARREST IS EFFECTED),4640,N,ASHLAND AVE,1912,,Y,,,,,3,"REPORTED, NOT EVIDENT",1,0,0,0,1,0,0,22,3,7,41.9664509602,-87.6695249368,POINT (-87.669524936795 41.966450960238)
e9be88865bcabf6e2d2e23929ca245b7f2d6eed938b33168018000a2b41fe08959b90752a2135fb50b50febe8d9c97e1cfa86ca2aac5712b6d5e455439e0be93,Y,07/29/2025 10:00:00 PM,30,NO CONTROLS,NO CONTROLS,CLEAR,"DARKNESS, LIGHTED ROAD",SIDESWIPE SAME DIRECTION,DIVIDED - W/MEDIAN BARRIER,,STRAIGHT AND LEVEL,DRY,NO DEFECTS,NOT ON SCENE (DESK REPORT),NO INJURY / DRIVE AWAY,,,,"$501 - $1,500",07/30/2025 08:13:00 PM,IMPROPER OVERTAKING/PASSING,NOT APPLICABLE,700,N,MICHIGAN AVE,1834,,,,,,,2,NO INDICATION OF INJURY,0,0,0,0,0,2,0,22,3,7,41.8949795111,-87.6243999705,POINT (-87.624399970455 41.8949795111)
62611475d20eeb8afd7e0e9d72998325fcdf38b44148d5dec02bdb83d4598d26577abd47069c71bdc40301cad2877f0753522e08d1b07409ff5518873dee7179,,07/29/2025 09:50:00 PM,25,UNKNOWN,UNKNOWN,CLEAR,"DARKNESS, LIGHTED ROAD",PARKED MOTOR VEHICLE,ONE-WAY,,STRAIGHT AND LEVEL,DRY,UNKNOWN,ON SCENE,NO INJURY / DRIVE AWAY,,,Y,"$501 - $1,500",07/29/2025 09:50:00 PM,UNABLE TO DETERMINE,UNABLE TO DETERMINE,7898,S,CALUMET AVE,623,,,,,,,2,NO INDICATION OF INJURY,0,0,0,0,0,1,0,21,3,7,41.7511791625,-87.6166872217,POINT (-87.616687221743 41.751179162488)
cf749e4155404605c773d13b5c75496c4eefe74a65f122e13eb2d26fec9e2268229f7df44e093ad1240af81eab3e7dea88613d333d2b34c92884f06fa4539a88,,07/29/2025 09:45:00 PM,30,TRAFFIC SIGNAL,FUNCTIONING PROPERLY,CLEAR,DAYLIGHT,TURNING,T-INTERSECTION,,STRAIGHT AND LEVEL,DRY,NO DEFECTS,ON SCENE,INJURY AND / OR TOW DUE TO CRASH,Y,,,"OVER $1,500",07/29/2025 09:45:00 PM,FAILING TO YIELD RIGHT-OF-WAY,FAILING TO YIELD RIGHT-OF-WAY,524,W,OHARE ST,1654,,,,,,,4,NONINCAPACITATING INJURY,2,0,0,2,0,2,0,21,3,7,,,
202cd550bf077443302953304b86b986a61290d5ed65c042e5a1f276bebe6f00bcf0f35ec2c847140ee13274520492c7c22cae8e79082f70525e53ae65a88dc9,,07/29/2025 09:40:00 PM,35,NO CONTROLS,NO CONTROLS,CLEAR,"DARKNESS, LIGHTED ROAD",SIDESWIPE SAME DIRECTION,NOT DIVIDED,,STRAIGHT ON GRADE,DRY,NO DEFECTS,NOT ON SCENE (DESK REPORT),NO INJURY / DRIVE AWAY,,,,"$501 - $1,500",07/30/2025 07:20:00 AM,IMPROPER LANE USAGE,NOT APPLICABLE,40,W,LA SALLE DR,1814,,,,,,,2,NO INDICATION OF INJURY,0,0,0,0,0,3,0,21,3,7,41.9132086834,-87.6303171917,POINT (-87.63031719174 41.913208683429)
b72eedd74a55f4495cd79e2063ea30267f30ef3ce1ed65d8bf75bd68731bf0be66c13556510899ce8568891edc0c37e3e4d3c12f10d95d875a36e7d5890cfeca,,07/29/2025 09:38:00 PM,15,NO CONTROLS,NO CONTROLS,CLEAR,"DARKNESS, LIGHTED ROAD",FIXED OBJECT,ALLEY,,STRAIGHT AND LEVEL,DRY,NO DEFECTS,NOT ON SCENE (DESK REPORT),NO INJURY / DRIVE AWAY,,,,$500 OR LESS,07/29/2025 09:50:00 PM,UNABLE TO DETERMINE,UNABLE TO DETERMINE,3620,N,KEDZIE AVE,1733,,,,,,,1,NO INDICATION OF INJURY,0,0,0,0,0,1,0,21,3,7,41.9472852994,-87.7079863607,POINT (-87.707986360749 41.947285299356)
3f893d278567739f60800b4a2c39240ba0f548ec555bebef5d1cedd105bbc2c23c8f3b019d72fade0696c4632c2d016aa2c5ebd867c3c6df60717c89e9a7fc3c,,07/29/2025 09:31:00 PM,30,TRAFFIC SIGNAL,FUNCTIONING PROPERLY,CLEAR,"DARKNESS, LIGHTED ROAD",PARKED MOTOR VEHICLE,Y-INTERSECTION,,STRAIGHT AND LEVEL,DRY,NO DEFECTS,ON SCENE,INJURY AND / OR TOW DUE TO CRASH,,,,"OVER $1,500",07/29/2025 09:31:00 PM,FAILING TO REDUCE SPEED TO AVOID CRASH,DRIVING SKILLS/KNOWLEDGE/EXPERIENCE,1400,S,BLUE ISLAND AVE,1233,,,,,,,2,NONINCAPACITATING INJURY,1,0,0,1,0,0,0,21,3,7,41.8632607034,-87.6567290467,POINT (-87.656729046723 41.863260703434)
25e08cdc34583dd5cb59e06ca67a24ab6fdd553826f4ae3b53a8c15fb7c0ccddbfa7246fa4d2e755b824328ec7d42840476d9235aef2bad3673640aea95cb4c1,,07/29/2025 09:30:00 PM,30,TRAFFIC SIGNAL,FUNCTIONING PROPERLY,CLEAR,"DARKNESS, LIGHTED ROAD",SIDESWIPE SAME DIRECTION,T-INTERSECTION,,STRAIGHT AND LEVEL,DRY,NO DEFECTS,NOT ON SCENE (DESK REPORT),NO INJURY / DRIVE AWAY,,,Y,"OVER $1,500",07/30/2025 11:30:00 AM,UNABLE TO DETERMINE,UNABLE TO DETERMINE,756,W,LAWRENCE AVE,2024,,,,,,,2,NO INDICATION OF INJURY,0,0,0,0,0,2,0,21,3,7,41.9692642733,-87.6502162052,POINT (-87.650216205199 41.969264273297)
8d175ea428356c589cea8a0a116c3191caae1898a5be367bef2eb300126537f0e292e426ea7965a6c646537e19bfab3848cb0ea476e5c2f435d333fc4c9b2dd7,,07/29/2025 09:30:00 PM,35,UNKNOWN,NO CONTROLS,CLEAR,DARKNESS,ANGLE,FOUR WAY,,STRAIGHT AND LEVEL,DRY,NO DEFECTS,ON SCENE,NO INJURY / DRIVE AWAY,Y,,Y,"OVER $1,500",07/30/2025 12:00:00 AM,NOT APPLICABLE,NOT APPLICABLE,6001,W,55TH ST,811,,,,,,,2,NO INDICATION OF INJURY,0,0,0,0,0,2,0,21,3,7,41.7924318524,-87.7721242682,POINT (-87.772124268189 41.79243185238)
cc9cd9ab64219bf8bec84b8170ae5510ce31602c0b227719980a95819bb17adb18b52e0047d06fe74da6b5e4d3446689aff523d8c53e3349990750a7ce3ce51f,,07/29/2025 09:30:00 PM,40,NO CONTROLS,NO CONTROLS,UNKNOWN,"DARKNESS, LIGHTED ROAD",REAR END,OTHER,,STRAIGHT AND LEVEL,UNKNOWN,UNKNOWN,,NO INJURY / DRIVE AWAY,,,Y,"OVER $1,500",07/29/2025 09:40:00 PM,UNABLE TO DETERMINE,NOT APPLICABLE,4525,N,LAKE SHORE DR NB,1914,,,,,,,3,NO INDICATION OF INJURY,0,0,0,0,0,3,0,21,3,7,41.9645832603,-87.6466490331,POINT (-87.646649033103 41.964583260341)
cbd02f1fb6bcc2f05ba2c162cd6121d070db2f06e4f5ca159a0aad2234c8de887051035d9557834b12502a3fd3cd61376365e59c6bd5b4f23e265458326e25a9,,07/29/2025 09:27:00 PM,20,TRAFFIC SIGNAL,UNKNOWN,CLEAR,"DARKNESS, LIGHTED ROAD",TURNING,FOUR WAY,,STRAIGHT AND LEVEL,DRY,UNKNOWN,ON SCENE,NO INJURY / DRIVE AWAY,Y,,,"OVER $1,500",07/29/2025 10:02:00 PM,IMPROPER TURNING/NO SIGNAL,IMPROPER TURNING/NO SIGNAL,2398,W,MONTROSE AVE,1911,,,,,,,2,NO INDICATION OF INJURY,0,0,0,0,0,2,0,21,3,7,41.9614234529,-87.6886251189,POINT (-87.688625118874 41.961423452895)
748ec7921341ba26d349ba1894c5c9c58d91bd8c784fb7082aa8ba724871ef33768ac3630fea0a371d2344b92424b5f7c912d9bd0001a2a9d05437305280d1ae,,07/29/2025 09:19:00 PM,30,NO CONTROLS,NO CONTROLS,CLEAR,"DARKNESS, LIGHTED ROAD",REAR END,PARKING LOT,,STRAIGHT AND LEVEL,DRY,NO DEFECTS,NOT ON SCENE (DESK REPORT),NO INJURY / DRIVE AWAY,,,,"OVER $1,500",07/29/2025 09:19:00 PM,UNABLE TO DETERMINE,NOT APPLICABLE,524,W,OHARE ST,1654,,,,,,,2,NO INDICATION OF INJURY,0,0,0,0,0,2,0,21,3,7,,,
99545b2499817f854c259edfce78302c90f7fd19ca68aa04b27903d6a86f59332f727df930f70f6d3d7d81b8463e2fc53f2e96abdf8d8c1571a2fc7925424c87,,07/29/2025 09:16:00 PM,25,NO CONTROLS,NO CONTROLS,CLEAR,"DARKNESS, LIGHTED ROAD",PARKED MOTOR VEHICLE,NOT DIVIDED,,STRAIGHT AND LEVEL,DRY,NO DEFECTS,ON SCENE,NO INJURY / DRIVE AWAY,,,,"OVER $1,500",07/29/2025 11:02:00 PM,UNABLE TO DETERMINE,DRIVING SKILLS/KNOWLEDGE/EXPERIENCE,2420,N,FAIRFIELD AVE,1431,,,,,,,2,NO INDICATION OF INJURY,0,0,0,0,0,1,0,21,3,7,41.9255723779,-87.6963646359,POINT (-87.6963646359 41.925572377873)
a2a0a3a3d12375cda90e85bded5b704aa73a77c5c070bfaf3640dde45c1b0ba0d787cfeb347b6718418d21e31d037ed5a75099b1565a32074f8e98426bc42fa0,,07/29/2025 09:15:00 PM,30,TRAFFIC SIGNAL,UNKNOWN,CLEAR,"DARKNESS, LIGHTED ROAD",SIDESWIPE SAME DIRECTION,NOT DIVIDED,,STRAIGHT AND LEVEL,UNKNOWN,UNKNOWN,NOT ON SCENE (DESK REPORT),NO INJURY / DRIVE AWAY,Y,,Y,"OVER $1,500",07/29/2025 10:59:00 PM,IMPROPER LANE USAGE,IMPROPER LANE USAGE,3200,N,LAKE SHORE DR,1925,,,,,,,2,NO INDICATION OF INJURY,0,0,0,0,0,4,0,21,3,7,41.9409091633,-87.63936916,POINT (-87.639369159955 41.940909163268)
339bb51e60617bf9ef6aa6586ecb35c6b84a1509942387f4b20f6726008983ac1bb1f2e9b4bed43452bc2006f82ea6089dc9cf2747daba54afbd8f3861e52d10,,07/29/2025 09:09:00 PM,30,NO CONTROLS,NO CONTROLS,CLEAR,"DARKNESS, LIGHTED ROAD",SIDESWIPE SAME DIRECTION,NOT DIVIDED,,STRAIGHT AND LEVEL,DRY,UNKNOWN,NOT ON SCENE (DESK REPORT),NO INJURY / DRIVE AWAY,,,,$500 OR LESS,07/29/2025 09:50:00 PM,UNABLE TO DETERMINE,UNABLE TO DETERMINE,3208,N,PULASKI RD,1731,,,,,,,2,NO INDICATION OF INJURY,0,0,0,0,0,2,0,21,3,7,41.939372352,-87.7273406721,POINT (-87.72734067212 41.939372351992)
63b2715078d1ffec6d8c385b0abaa0a3401e299d2dfef07ff2243ebfa95c8df1296aeb56f9b316239867174708b3a928ad98b1231af7f23ec05326b736b1960f,,07/29/2025 09:05:00 PM,25,NO CONTROLS,NO CONTROLS,CLEAR,"DARKNESS, LIGHTED ROAD",SIDESWIPE OPPOSITE DIRECTION,DIVIDED - W/MEDIAN (NOT RAISED),,STRAIGHT AND LEVEL,DRY,NO DEFECTS,,INJURY AND / OR TOW DUE TO CRASH,,,Y,"OVER $1,500",07/29/2025 09:05:00 PM,UNABLE TO DETERMINE,UNABLE TO DETERMINE,1407,S,HALSTED ST,1232,,,,,,,2,NO INDICATION OF INJURY,0,0,0,0,0,5,0,21,3,7,41.8633433024,-87.6466574736,POINT (-87.646657473569 41.863343302406)
6b10f1641600373601a6a300e5c88b95116ded7bc907a0ac3fefd61927b7106696fb6191a2e9c717c048d2b74322c9931732e94ee8cd5c2930b67e2c20e6b21a,,07/29/2025 09:02:00 PM,30,STOP SIGN/FLASHER,FUNCTIONING PROPERLY,CLEAR,DARKNESS,ANGLE,DIVIDED - W/MEDIAN (NOT RAISED),,STRAIGHT AND LEVEL,DRY,NO DEFECTS,NOT ON SCENE (DESK REPORT),NO INJURY / DRIVE AWAY,,,,"OVER $1,500",08/01/2025 08:56:00 PM,FAILING TO YIELD RIGHT-OF-WAY,NOT APPLICABLE,5200,S,MERRIMAC AVE,811,,,,,,,2,NO INDICATION OF INJURY,0,0,0,0,0,2,0,21,3,7,41.7978320793,-87.7784605451,POINT (-87.778460545141 41.797832079301)
0e3f004359643b9a045e2e260b3abbfb61fb4a8feea991bb6c1aa66dac832d559ec176b46949682e9ef39560f7b5cbfee2f760366b6d803b92c4ead878f3ba22,,07/29/2025 09:00:00 PM,30,NO CONTROLS,NO CONTROLS,CLEAR,UNKNOWN,PARKED MOTOR VEHICLE,DIVIDED - W/MEDIAN (NOT RAISED),,STRAIGHT AND LEVEL,DRY,NO DEFECTS,ON SCENE,NO INJURY / DRIVE AWAY,,,Y,"OVER $1,500",08/04/2025 01:50:00 PM,UNABLE TO DETERMINE,NOT APPLICABLE,1448,N,WESTERN AVE,1423,,,,,,,2,NO INDICATION OF INJURY,0,0,0,0,0,1,0,21,3,7,41.9081145416,-87.6873095402,POINT (-87.687309540201 41.908114541602)
3443b8a17ce755df1b1b1d168a7e724f6bb716cc6bb5d1e36fbfa2c6bf80ff21bdf18b88431e53f4adcc5a3f11f08146b9d8d2acf95a8228eccacf1639f87b7b,,07/29/2025 09:00:00 PM,30,NO CONTROLS,NO CONTROLS,UNKNOWN,DARKNESS,SIDESWIPE SAME DIRECTION,DIVIDED - W/MEDIAN (NOT RAISED),,STRAIGHT AND LEVEL,UNKNOWN,UNKNOWN,NOT ON SCENE (DESK REPORT),NO INJURY / DRIVE AWAY,,,Y,"OVER $1,500",07/30/2025 04:50:00 PM,UNABLE TO DETERMINE,UNABLE TO DETERMINE,233,E,LOWER WACKER DR,114,,,,,,,2,NO INDICATION OF INJURY,0,0,0,0,0,2,0,21,3,7,41.8877761726,-87.6213583629,POINT (-87.621358362885 41.887776172574)
09444a6cde258bb42dde97a670facbc416841b861227b2cfa8043847da59667a3be5ab59da9d4f65c8e399ac92601d1d937ae5773625c44767077e364136d516,,07/29/2025 08:53:00 PM,30,TRAFFIC SIGNAL,FUNCTIONING PROPERLY,CLEAR,DAYLIGHT,TURNING,NOT DIVIDED,,STRAIGHT AND LEVEL,DRY,NO DEFECTS,NOT ON SCENE (DESK REPORT),NO INJURY / DRIVE AWAY,Y,,,"OVER $1,500",07/29/2025 09:52:00 PM,IMPROPER LANE USAGE,NOT APPLICABLE,240,W,38TH ST,915,,,,,,,2,NO INDICATION OF INJURY,0,0,0,0,0,2,0,20,3,7,41.8252463035,-87.6330025932,POINT (-87.633002593189 41.8252463035)
9a64ad880ad37b878ca0dcfd0fe6a136d4f76b14197083da2ae16bc84f65c8cf2d223b4df63c0f8e24934f8571bd625879daf7d4fb8983e5079d83e34ba2a030,,07/29/2025 08:40:00 PM,25,STOP SIGN/FLASHER,FUNCTIONING PROPERLY,CLEAR,DARKNESS,ANGLE,ONE-WAY,,STRAIGHT AND LEVEL,DRY,NO DEFECTS,ON SCENE,NO INJURY / DRIVE AWAY,,,Y,"OVER $1,500",07/29/2025 08:43:00 PM,DISREGARDING STOP SIGN,NOT APPLICABLE,2727,W,64TH ST,825,,,,,,,2,NO INDICATION OF INJURY,0,0,0,0,0,3,0,20,3,7,41.7771348787,-87.6920622382,POINT (-87.692062238228 41.77713487873)
fb1868ffcc78739f92b43e3d50dd2961fc18a15066fa744c4ba6315b3b68af003c1907cf747a64e7b82ec25d2092472bd416cd0aa7135a3300aee5c878405c26,,07/29/2025 08:40:00 PM,30,NO CONTROLS,NO CONTROLS,UNKNOWN,UNKNOWN,PARKED MOTOR VEHICLE,NOT DIVIDED,,STRAIGHT AND LEVEL,UNKNOWN,NO DEFECTS,ON SCENE,NO INJURY / DRIVE AWAY,,,,"OVER $1,500",07/29/2025 11:07:00 PM,IMPROPER BACKING,IMPROPER LANE USAGE,4812,N,MONTCLARE AVE,1613,,,,,,,2,NO INDICATION OF INJURY,0,0,0,0,0,1,0,20,3,7,41.9687118248,-87.8050015528,POINT (-87.805001552832 41.968711824795)
2ee3cdca852c77886bdc004b5fcc57eafb2159849eaa27ec1d5c3b76eecab09b4eb364ba7bce0e7b7a47ffbc897947671aba1babbfc26047777a20fb7c549a54,,07/29/2025 08:15:00 PM,35,UNKNOWN,UNKNOWN,CLEAR,"DARKNESS, LIGHTED ROAD",REAR END,NOT DIVIDED,,STRAIGHT AND LEVEL,DRY,NO DEFECTS,NOT ON SCENE (DESK REPORT),NO INJURY / DRIVE AWAY,,,,"OVER $1,500",07/29/2025 09:43:00 PM,FOLLOWING TOO CLOSELY,FOLLOWING TOO CLOSELY,3355,N,OAK PARK AVE,1632,,,,,,,2,NO INDICATION OF INJURY,0,0,0,0,0,2,0,20,3,7,41.941610934,-87.7956848412,POINT (-87.795684841191 41.941610933951)
781137e6d8b312ce6212bffef873cbc7888722bf10a0d2c667ff96bc7b366e3ed6a34797dddeeb491b2fd57694444933a170b2ab4547a70a7a3a3084316bd2d5,,07/29/2025 08:15:00 PM,30,TRAFFIC SIGNAL,FUNCTIONING PROPERLY,CLEAR,"DARKNESS, LIGHTED ROAD",SIDESWIPE SAME DIRECTION,ONE-WAY,,STRAIGHT AND LEVEL,DRY,NO DEFECTS,ON SCENE,NO INJURY / DRIVE AWAY,,,Y,"$501 - $1,500",07/29/2025 09:15:00 PM,UNABLE TO DETERMINE,UNABLE TO DETERMINE,6375,S,STONY ISLAND AVE,331,,,,,,,2,NO INDICATION OF INJURY,0,0,0,0,0,2,0,20,3,7,41.778863965,-87.5862759735,POINT (-87.586275973468 41.778863965019)
d8ea09373bde4bb367aceeb11ad287493d59b75510327d1dd0ba81235a4efc448db4ac21072d99660c6b6ae031f0118289727a3cc1c4d8853f47562148508cbe,,07/29/2025 08:15:00 PM,30,TRAFFIC SIGNAL,FUNCTIONING PROPERLY,CLEAR,DUSK,PARKED MOTOR VEHICLE,NOT DIVIDED,,STRAIGHT AND LEVEL,DRY,NO DEFECTS,ON SCENE,INJURY AND / OR TOW DUE TO CRASH,Y,,,"$501 - $1,500",07/29/2025 08:20:00 PM,UNABLE TO DETERMINE,NOT APPLICABLE,4399,S,PULASKI RD,821,,,,,,,2,NO INDICATION OF INJURY,0,0,0,0,0,3,0,20,3,7,41.8134606494,-87.7236489272,POINT (-87.723648927228 41.813460649358)
64baf0e11865303a9d79dfb8e701e6d1068e20f74701b2f6d2a9cf7bb32975f4bfeb3b60b782ec9986181454a1c214681b4a467787ec5ae3fdabdbeb0b224fe1,,07/29/2025 08:00:00 PM,20,NO CONTROLS,NO CONTROLS,CLEAR,DAYLIGHT,PARKED MOTOR VEHICLE,NOT DIVIDED,,STRAIGHT AND LEVEL,DRY,UNKNOWN,NOT ON SCENE (DESK REPORT),NO INJURY / DRIVE AWAY,,,,"OVER $1,500",07/29/2025 08:42:00 PM,DISTRACTION - FROM OUTSIDE VEHICLE,NOT APPLICABLE,10642,S,RIDGEWAY AVE,2211,,,,,,,2,NO INDICATION OF INJURY,0,0,0,0,0,1,0,20,3,7,41.6991903926,-87.7146516205,POINT (-87.71465162051 41.69919039262)
2b85b9de511490eae0c7675be7daa2bce10bdf18c7838d6ea55099d57126e8df01bf2b8e0d234514e9ae31629f776d90f01748a3cdeb16658a106bc27540fa79,,07/29/2025 07:55:00 PM,35,STOP SIGN/FLASHER,FUNCTIONING PROPERLY,CLEAR,DAYLIGHT,PEDALCYCLIST,FOUR WAY,,STRAIGHT AND LEVEL,DRY,UNKNOWN,ON SCENE,NO INJURY / DRIVE AWAY,,,,$500 OR LESS,07/29/2025 07:59:00 PM,FAILING TO YIELD RIGHT-OF-WAY,NOT APPLICABLE,2000,W,AUGUSTA BLVD,1212,,,,,,,2,NO INDICATION OF INJURY,0,0,0,0,0,2,0,19,3,7,41.899659372,-87.6772807667,POINT (-87.677280766683 41.899659371997)
dc1b6694ae4efdd0520d882c88fef08caafd3394583c9160b62078936c22833cadad4aba07a5bf875aa3a22cc861a0366718d8313d19c40e3faab05cedf54a06,,07/29/2025 07:47:00 PM,30,NO CONTROLS,NO CONTROLS,CLEAR,DAYLIGHT,PARKED MOTOR VEHICLE,NOT DIVIDED,,STRAIGHT AND LEVEL,DRY,NO DEFECTS,ON SCENE,INJURY AND / OR TOW DUE TO CRASH,,,,"OVER $1,500",07/29/2025 09:01:00 PM,UNABLE TO DETERMINE,UNABLE TO DETERMINE,4942,W,AUGUSTA BLVD,1531,,,,,,,4,NO INDICATION OF INJURY,0,0,0,0,0,1,0,19,3,7,41.8987482442,-87.750061849,POINT (-87.750061848998 41.898748244221)
3807d331d6dd27270937ac67354d1c8a66fcc1e4d94091b3c509fc5bc69701bf931c7894218b3baffd0e2b89b5078497f70cba61a795f5836b73bcd7b5919b0b,,07/29/2025 07:42:00 PM,30,YIELD,FUNCTIONING PROPERLY,CLEAR,DUSK,ANGLE,ONE-WAY,,STRAIGHT AND LEVEL,DRY,NO DEFECTS,ON SCENE,INJURY AND / OR TOW DUE TO CRASH,Y,,,"OVER $1,500",07/29/2025 07:45:00 PM,FAILING TO YIELD RIGHT-OF-WAY,NOT APPLICABLE,2200,E,71ST ST,331,,,,,,,2,INCAPACITATING INJURY,2,0,1,1,0,1,0,19,3,7,41.7663971404,-87.5713459354,POINT (-87.571345935413 41.766397140399)
790f5a3d831351a11605e5411fb48045e452f6531f8b7891d40552caa535ce0cd78fa5c4a46f88ef3476191d261a47ac22e952dc03d856dc0475009dfaa5a95a,,07/29/2025 07:35:00 PM,25,NO CONTROLS,NO CONTROLS,CLEAR,DAYLIGHT,REAR END,ONE-WAY,,STRAIGHT AND LEVEL,DRY,NO DEFECTS,ON SCENE,INJURY AND / OR TOW DUE TO CRASH,,,,"OVER $1,500",07/29/2025 07:47:00 PM,DRIVING SKILLS/KNOWLEDGE/EXPERIENCE,UNABLE TO DETERMINE,524,W,OHARE ST,1654,,,,,,,2,NONINCAPACITATING INJURY,1,0,0,1,0,1,0,19,3,7,,,
cc29b5246142ec2534db3ab7f8e39f1ce2e61dd1d34f4ac73a2769aa19553c67c4240ba1252a70ef24b17cd1b7cb4a5bc6f41042bf6308be8d5eaba6db004f45,,07/29/2025 07:33:00 PM,30,NO CONTROLS,NO CONTROLS,CLEAR,DAYLIGHT,FIXED OBJECT,NOT DIVIDED,,STRAIGHT AND LEVEL,DRY,NO DEFECTS,ON SCENE,INJURY AND / OR TOW DUE TO CRASH,,,,"OVER $1,500",07/29/2025 08:02:00 PM,NOT APPLICABLE,NOT APPLICABLE,560,W,MARQUETTE RD,722,,,,,,,1,NO INDICATION OF INJURY,0,0,0,0,0,1,0,19,3,7,41.7726729908,-87.6390452659,POINT (-87.639045265858 41.772672990818)
2643a3c8802d6ab07e326d88f53b91d423d26bb49632b46bd1e3cbce99929780828461bbf261aa23907f53ffd332f8f88554286811bff672d2c0ce282bed896e,Y,07/29/2025 07:30:00 PM,30,TRAFFIC SIGNAL,FUNCTIONING PROPERLY,UNKNOWN,DUSK,REAR END,NOT DIVIDED,,STRAIGHT AND LEVEL,UNKNOWN,UNKNOWN,NOT ON SCENE (DESK REPORT),NO INJURY / DRIVE AWAY,,,,"OVER $1,500",07/30/2025 06:40:00 PM,FOLLOWING TOO CLOSELY,NOT APPLICABLE,40,E,GARFIELD BLVD,225,,,,,,,2,NO INDICATION OF INJURY,0,0,0,0,0,2,0,19,3,7,41.7947729749,-87.6241724267,POINT (-87.624172426739 41.79477297493)
76c1272ce620ae7e29f57a7473518c5e6c865a983a3dda98dffd6365465370e095c1249a538a539e547ce5cd39e26d471d0ea133cdbfb225ff1b5de0410ba6ed,,07/29/2025 07:30:00 PM,30,NO CONTROLS,NO CONTROLS,CLEAR,DAYLIGHT,SIDESWIPE SAME DIRECTION,NOT DIVIDED,,STRAIGHT AND LEVEL,DRY,NO DEFECTS,NOT ON SCENE (DESK REPORT),NO INJURY / DRIVE AWAY,N,,,"$501 - $1,500",07/30/2025 01:40:00 PM,UNABLE TO DETERMINE,NOT APPLICABLE,2339,W,HOWARD ST,2411,,,,,,,2,NO INDICATION OF INJURY,0,0,0,0,0,2,0,19,3,7,42.0194199694,-87.6892686308,POINT (-87.689268630797 42.019419969447)