CRASH_RECORD_ID,CRASH_DATE_EST_I,CRASH_DATE,POSTED_SPEED_LIMIT,TRAFFIC_CONTROL_DEVICE,DEVICE_CONDITION,WEATHER_CONDITION,LIGHTING_CONDITION,FIRST_CRASH_TYPE,TRAFFICWAY_TYPE,LANE_CNT,ALIGNMENT,ROADWAY_SURFACE_COND,ROAD_DEFECT,REPORT_TYPE,CRASH_TYPE,INTERSECTION_RELATED_I,NOT_RIGHT_OF_WAY_I,HIT_AND_RUN_I,DAMAGE,DATE_POLICE_NOTIFIED,PRIM_CONTRIBUTORY_CAUSE,SEC_CONTRIBUTORY_CAUSE,STREET_NO,STREET_DIRECTION,STREET_NAME,BEAT_OF_OCCURRENCE,PHOTOS_TAKEN_I,STATEMENTS_TAKEN_I,DOORING_I,WORK_ZONE_I,WORK_ZONE_TYPE,WORKERS_PRESENT_I,NUM_UNITS,MOST_SEVERE_INJURY,INJURIES_TOTAL,INJURIES_FATAL,INJURIES_INCAPACITATING,INJURIES_NON_INCAPACITATING,INJURIES_REPORTED_NOT_EVIDENT,INJURIES_NO_INDICATION,INJURIES_UNKNOWN,CRASH_HOUR,CRASH_DAY_OF_WEEK,CRASH_MONTH,LATITUDE,LONGITUDE,LOCATION
9cc82cc9edc5d1cff273222a48d87f31df3b049e8ec75a96a3cc5926677ac682ba94868fd5d5ddc796030b75c26b4031a7599dc00969a5ab56f5e184389384cf,,07/29/2025 07:30:00 PM,30,NO CONTROLS,NO CONTROLS,CLEAR,DUSK,PARKED MOTOR VEHICLE,NOT DIVIDED,,STRAIGHT AND LEVEL,DRY,NO DEFECTS,NOT ON SCENE (DESK REPORT),NO INJURY / DRIVE AWAY,,,,"OVER $1,500",07/29/2025 09:45:00 PM,FAILING TO REDUCE SPEED TO AVOID CRASH,UNABLE TO DETERMINE,8312,S,DAMEN AVE,614,,,,,,,2,NO INDICATION OF INJURY,0,0,0,0,0,1,0,19,3,7,41.7425114976,-87.6730990277,POINT (-87.673099027698 41.742511497563)
d22ea5f2133a7422e7867606ed33e36377ce0b725eba3b7450c2d0901569983b6f0a260f02e47844b8abe803d82da3dabeefd67419a9386e253893f4b8954085,,07/29/2025 07:28:00 PM,30,NO CONTROLS,NO CONTROLS,CLEAR,DAYLIGHT,PARKED MOTOR VEHICLE,PARKING LOT,,STRAIGHT AND LEVEL,DRY,NO DEFECTS,NOT ON SCENE (DESK REPORT),NO INJURY / DRIVE AWAY,,,Y,"OVER $1,500",07/29/2025 08:00:00 PM,UNABLE TO DETERMINE,UNABLE TO DETERMINE,1224,S,WABASH AVE,131,,,,,,,2,NO INDICATION OF INJURY,0,0,0,0,0,1,0,19,3,7,41.8667243541,-87.6259611484,POINT (-87.625961148378 41.866724354056)
adbba09181a24720fdb343c9a4131a94b690677a90506ac14f645612e1cd184ae28dd5c08111f99d470c77ede7c1ec24863ad02a533a7f3de4f0ae4b65cd736e,,07/29/2025 07:15:00 PM,30,TRAFFIC SIGNAL,FUNCTIONING PROPERLY,CLEAR,DUSK,REAR END,NOT DIVIDED,,STRAIGHT AND LEVEL,DRY,NO DEFECTS,NOT ON SCENE (DESK REPORT),NO INJURY / DRIVE AWAY,Y,,Y,"$501 - $1,500",07/29/2025 09:38:00 PM,IMPROPER LANE USAGE,UNABLE TO DETERMINE,757,E,79TH ST,624,,,,,,,2,NO INDICATION OF INJURY,0,0,0,0,0,2,0,19,3,7,41.7511745266,-87.6053589498,POINT (-87.605358949775 41.75117452661)
1a7f4bd5b258468f181a4bbb0a6c492e0f2cc8cb2548a7be63e952c55529869b711cfdf77163c5193800f05fb94b157028142181940fccd75c91ccf8a72c4f77,,07/29/2025 07:12:00 PM,30,NO CONTROLS,NO CONTROLS,CLEAR,DAYLIGHT,SIDESWIPE SAME DIRECTION,NOT DIVIDED,,STRAIGHT AND LEVEL,DRY,NO DEFECTS,NOT ON SCENE (DESK REPORT),NO INJURY / DRIVE AWAY,,,,"OVER $1,500",07/29/2025 08:00:00 PM,UNABLE TO DETERMINE,NOT APPLICABLE,1001,W,LAWRENCE AVE,1914,,,,,,,2,NO INDICATION OF INJURY,0,0,0,0,0,2,0,19,3,7,41.9689796407,-87.6548894387,POINT (-87.654889438661 41.968979640692)
675fd3ed1835382c16554e7424548b3f908e4e85682a40a2a1f506b224e1a2f833c0d80035e884c2134975ab893683932e596e1da3a93c26fa8cfc1f2f94f08c,,07/29/2025 07:09:00 PM,30,NO CONTROLS,NO CONTROLS,CLEAR,DAYLIGHT,TURNING,CENTER TURN LANE,,STRAIGHT AND LEVEL,DRY,NO DEFECTS,ON SCENE,INJURY AND / OR TOW DUE TO CRASH,Y,,,"OVER $1,500",07/29/2025 07:17:00 PM,IMPROPER TURNING/NO SIGNAL,IMPROPER TURNING/NO SIGNAL,3930,N,CICERO AVE,1634,,,,,,,2,NO INDICATION OF INJURY,0,0,0,0,0,4,0,19,3,7,41.9525185607,-87.7474397308,POINT (-87.747439730754 41.952518560711)
0de2803f8bc9ed983f5bf778348ee72c110a60e6958f2d325288384b3b06ea14342593723f99d9a9a66f354c4c0ad7e06780db7668f5e36ad652b6a1351a469d,,07/29/2025 07:00:00 PM,30,NO CONTROLS,NO CONTROLS,CLEAR,DAWN,ANGLE,UNKNOWN,,STRAIGHT AND LEVEL,DRY,NO DEFECTS,NOT ON SCENE (DESK REPORT),NO INJURY / DRIVE AWAY,,,Y,"$501 - $1,500",07/29/2025 10:30:00 PM,UNABLE TO DETERMINE,NOT APPLICABLE,4755,W,GRAND AVE,2533,,,,,,,2,NO INDICATION OF INJURY,0,0,0,0,0,2,0,19,3,7,41.9136243207,-87.7455282079,POINT (-87.745528207902 41.913624320732)
30ce70cfa437eb55d4e49037ca149fa8c568d47bfe1805f726ee404e718f22ed3af059197d3255acd2ef1a438dbdae669d9ed534e6426b0dfa3d20a31b606877,,07/29/2025 07:00:00 PM,30,TRAFFIC SIGNAL,FUNCTIONING PROPERLY,CLEAR,DARKNESS,REAR END,ONE-WAY,,STRAIGHT AND LEVEL,DRY,NO DEFECTS,NOT ON SCENE (DESK REPORT),NO INJURY / DRIVE AWAY,,,,"$501 - $1,500",07/30/2025 04:29:00 PM,FOLLOWING TOO CLOSELY,NOT APPLICABLE,188,W,MADISON ST,122,,,,,,,2,NO INDICATION OF INJURY,0,0,0,0,0,2,0,19,3,7,41.8820581049,-87.6334783604,POINT (-87.633478360366 41.882058104945)
35413656cfc8b79dce0bdccc14e8087595b21f36fd4e1a02704d798a7c218b68381c970aefb266313239fc23e164571ead981aad07a62cc0b8a45277f3df3907,,07/29/2025 07:00:00 PM,30,NO CONTROLS,NO CONTROLS,UNKNOWN,UNKNOWN,ANGLE,NOT DIVIDED,,STRAIGHT AND LEVEL,UNKNOWN,UNKNOWN,NOT ON SCENE (DESK REPORT),NO INJURY / DRIVE AWAY,,,,"OVER $1,500",07/30/2025 01:20:00 PM,UNABLE TO DETERMINE,UNABLE TO DETERMINE,2352,E,75TH ST,334,,,,,,,2,NO INDICATION OF INJURY,0,0,0,0,0,2,0,19,3,7,41.7590939802,-87.5666892139,POINT (-87.566689213935 41.75909398024)
c26a07b28e397cf1e795f52609e0645ab43a9ba9649613353f0f76fe0517d56a38a373491b172056e44744311d47741b7fcc67130d78ddd348888e05c17fe36c,,07/29/2025 06:50:00 PM,30,TRAFFIC SIGNAL,FUNCTIONING PROPERLY,CLEAR,DAYLIGHT,REAR END,DIVIDED - W/MEDIAN (NOT RAISED),,STRAIGHT AND LEVEL,DRY,UNKNOWN,NOT ON SCENE (DESK REPORT),NO INJURY / DRIVE AWAY,,,Y,"OVER $1,500",07/29/2025 08:23:00 PM,FOLLOWING TOO CLOSELY,NOT APPLICABLE,2401,W,FULLERTON AVE,1431,Y,,,,,,2,NO INDICATION OF INJURY,0,0,0,0,0,2,0,18,3,7,41.9247904165,-87.6877014878,POINT (-87.687701487808 41.924790416498)
e2921b1616ffcb46d2e216c9072b34a8cf138d38519c70c6b78f5ff2c7b850696c31bf89b74d1b9efccb1533288764e60b3b7a523b6f1ccf41974c0ccf2880d0,,07/29/2025 06:47:00 PM,30,NO CONTROLS,NO CONTROLS,CLEAR,DAYLIGHT,PARKED MOTOR VEHICLE,NOT DIVIDED,,STRAIGHT AND LEVEL,DRY,NO DEFECTS,ON SCENE,NO INJURY / DRIVE AWAY,,,,"OVER $1,500",07/29/2025 07:36:00 PM,IMPROPER LANE USAGE,UNABLE TO DETERMINE,2808,W,BRYN MAWR AVE,2011,,,,,,,2,NO INDICATION OF INJURY,0,0,0,0,0,1,0,18,3,7,41.9832298896,-87.6995300004,POINT (-87.699530000396 41.983229889576)
4361eb7f11e5d84f688ba4038cbaf281f1b6b15a16177a3ee891b490186b5b5c4f24a1c13e875cc2e61a048d552ad6e7e0361ff463ac9b7f5693d9361ba02ccf,,07/29/2025 06:45:00 PM,25,STOP SIGN/FLASHER,FUNCTIONING PROPERLY,CLEAR,DAYLIGHT,ANGLE,FOUR WAY,,STRAIGHT AND LEVEL,DRY,UNKNOWN,NOT ON SCENE (DESK REPORT),NO INJURY / DRIVE AWAY,Y,,N,"OVER $1,500",07/29/2025 06:51:00 PM,FAILING TO YIELD RIGHT-OF-WAY,UNABLE TO DETERMINE,7800,S,RACINE AVE,612,,,,,,,2,NO INDICATION OF INJURY,0,0,0,0,0,2,0,18,3,7,41.7522696958,-87.6539316073,POINT (-87.653931607333 41.75226969581)
be70820a2c0e8e6403c0e8e17657fee87ecf00433457bc835941c477e49e06b9bad0e18fc79c2e9188025edabbc22130a237c71a0d002f4c1851dbc854db689a,,07/29/2025 06:39:00 PM,30,TRAFFIC SIGNAL,FUNCTIONING PROPERLY,CLEAR,DAYLIGHT,REAR END,NOT DIVIDED,,STRAIGHT AND LEVEL,DRY,NO DEFECTS,NOT ON SCENE (DESK REPORT),NO INJURY / DRIVE AWAY,,,Y,"OVER $1,500",07/29/2025 07:00:00 PM,FOLLOWING TOO CLOSELY,NOT APPLICABLE,1200,W,ROOSEVELT RD,1231,,,,,,,2,NO INDICATION OF INJURY,0,0,0,0,0,3,0,18,3,7,41.867105475,-87.6567450119,POINT (-87.656745011924 41.867105475026)
42b23a7028310a1a473933daf231e5318f49ac71b345893403708739e9f91576c6acbc5b0fc3a76d992aa8aeb8abe26a6118546e94e0755bdd417cbdfbe26e38,,07/29/2025 06:38:00 PM,30,TRAFFIC SIGNAL,UNKNOWN,CLEAR,DAWN,TURNING,FOUR WAY,,STRAIGHT AND LEVEL,DRY,SHOULDER DEFECT,NOT ON SCENE (DESK REPORT),NO INJURY / DRIVE AWAY,Y,,,"OVER $1,500",07/29/2025 08:15:00 PM,IMPROPER OVERTAKING/PASSING,IMPROPER LANE USAGE,501,S,WELLS ST,123,,,,,,,2,NO INDICATION OF INJURY,0,0,0,0,0,2,0,18,3,7,41.8755371954,-87.6335102178,POINT (-87.633510217783 41.875537195373)
dabbe1255883eb1eb96fca3e7a42bf641614194cd9270cf3b30a4c563160222e4a4e0b7f57756f43fb59812fa9551a3b1438bf491f0d6bcf2d9249cbd2e61758,,07/29/2025 06:35:00 PM,30,NO CONTROLS,NO CONTROLS,CLEAR,DAYLIGHT,PARKED MOTOR VEHICLE,ONE-WAY,,STRAIGHT AND LEVEL,DRY,NO DEFECTS,NOT ON SCENE (DESK REPORT),NO INJURY / DRIVE AWAY,,,Y,"OVER $1,500",07/29/2025 07:20:00 PM,UNABLE TO DETERMINE,UNABLE TO DETERMINE,4506,W,VAN BUREN ST,1131,,,,,,,2,NO INDICATION OF INJURY,0,0,0,0,0,1,0,18,3,7,41.8752203611,-87.7380652272,POINT (-87.738065227158 41.875220361092)
9986dc14705c70462db073616bc6ea20328cab2ffba2030656a6b0324b07ec96d5fa2ee14e75f964067e901a76ea3fe0430b265c162b2a5a3dd114c32d475758,,07/29/2025 06:30:00 PM,30,TRAFFIC SIGNAL,FUNCTIONING PROPERLY,CLEAR,DAYLIGHT,SIDESWIPE SAME DIRECTION,ONE-WAY,,STRAIGHT AND LEVEL,DRY,NO DEFECTS,NOT ON SCENE (DESK REPORT),NO INJURY / DRIVE AWAY,Y,,Y,"OVER $1,500",07/29/2025 08:38:00 PM,IMPROPER TURNING/NO SIGNAL,FAILING TO YIELD RIGHT-OF-WAY,600,W,MONROE ST,121,,,,,,,2,NO INDICATION OF INJURY,0,0,0,0,0,2,0,18,3,7,41.880656908,-87.6426931652,POINT (-87.642693165206 41.880656908012)
12f1828f7094c5bb61b5aa76f6f51852e1b22868d386186949156b604126bfceb2ce186a4e16071bf20909ca11100541e424991e2b1e5b69d94a67dde0db7d58,,07/29/2025 06:20:00 PM,30,NO CONTROLS,NO CONTROLS,CLEAR,DAYLIGHT,REAR END,DIVIDED - W/MEDIAN BARRIER,,STRAIGHT ON GRADE,DRY,NO DEFECTS,NOT ON SCENE (DESK REPORT),NO INJURY / DRIVE AWAY,,,,"OVER $1,500",07/30/2025 09:05:00 AM,FOLLOWING TOO CLOSELY,NOT APPLICABLE,4300,N,ASHLAND AVE,1912,,,,,,,3,NO INDICATION OF INJURY,0,0,0,0,0,3,0,18,3,7,41.9598573866,-87.6693544424,POINT (-87.669354442445 41.959857386639)
8e85b171e007cd90c89ad94fd774af57aa3d76f001394780a9ecd745d9651acc0163396c4cead569578ed838fc8851b0d859e8b05a0c59b9524b20a47b25bc65,,07/29/2025 06:20:00 PM,25,UNKNOWN,UNKNOWN,CLEAR,DAYLIGHT,ANGLE,DIVIDED - W/MEDIAN (NOT RAISED),,STRAIGHT AND LEVEL,DRY,NO DEFECTS,NOT ON SCENE (DESK REPORT),NO INJURY / DRIVE AWAY,,,,"OVER $1,500",07/30/2025 08:55:00 AM,UNABLE TO DETERMINE,UNABLE TO DETERMINE,2801,N,CENTRAL PARK AVE,1412,,,,,,,2,NO INDICATION OF INJURY,0,0,0,0,0,2,0,18,3,7,41.9319579462,-87.7170486997,POINT (-87.717048699685 41.93195794617)
fbb4f9dcdb84ca4ed1459ed61d2facb2e0f1726d066406b6defdc5910c338c8bcfb384ba224d3e4e27260f3ecb79fbcad018b2d09cdae43ce3686eaed4fe3454,,07/29/2025 06:19:00 PM,30,NO CONTROLS,NO CONTROLS,CLEAR,DAYLIGHT,PEDESTRIAN,ALLEY,,STRAIGHT AND LEVEL,DRY,NO DEFECTS,ON SCENE,INJURY AND / OR TOW DUE TO CRASH,,,Y,"OVER $1,500",07/29/2025 06:19:00 PM,FAILING TO YIELD RIGHT-OF-WAY,UNABLE TO DETERMINE,5441,W,LE MOYNE ST,2532,,,,,,,2,"REPORTED, NOT EVIDENT",1,0,0,0,1,1,0,18,3,7,41.9074968738,-87.7624376749,POINT (-87.762437674919 41.907496873849)
deba5d7ce71ef3d53d1b86eff0619538d6b0edc7569c93fa48d4d877c0f5dcbbd01dbf3908db713dd058f8a61df01236ab40d0d4472ebc7077dc219d28e29385,,07/29/2025 06:10:00 PM,30,STOP SIGN/FLASHER,FUNCTIONING PROPERLY,CLEAR,DAYLIGHT,ANGLE,DIVIDED - W/MEDIAN (NOT RAISED),,STRAIGHT AND LEVEL,DRY,NO DEFECTS,,INJURY AND / OR TOW DUE TO CRASH,,,,"OVER $1,500",07/29/2025 06:13:00 PM,FAILING TO YIELD RIGHT-OF-WAY,UNABLE TO DETERMINE,6400,S,CICERO AVE,813,,,,,,,2,"REPORTED, NOT EVIDENT",1,0,0,0,1,1,0,18,3,7,41.7765116011,-87.7423723414,POINT (-87.742372341405 41.776511601051)
03ca36a60d175178cd127bb8f01b2323069b3c5c7c8f6b5bb6660ccbf727cf5d54fe4639ace5ae6a568eed8d21f6daba8839a5e7811a11d55bf09204f28e708e,,07/29/2025 06:00:00 PM,30,UNKNOWN,UNKNOWN,CLEAR,DAYLIGHT,SIDESWIPE SAME DIRECTION,PARKING LOT,,STRAIGHT AND LEVEL,UNKNOWN,UNKNOWN,NOT ON SCENE (DESK REPORT),NO INJURY / DRIVE AWAY,,Y,,"OVER $1,500",07/29/2025 07:40:00 PM,UNABLE TO DETERMINE,UNABLE TO DETERMINE,1983,N,CLYBOURN AVE,1811,,,,,,,2,NO INDICATION OF INJURY,0,0,0,0,0,2,0,18,3,7,41.9173237591,-87.6582474511,POINT (-87.65824745107 41.917323759052)
08a17a82e31f2e3952981c32597e1c85bece8b8dcf5e6dbe4f5e725e1ec696631446930f0067cadd8faa28a70b8f469912724302b37f3cce7c1cc55d973e8433,,07/29/2025 06:00:00 PM,30,UNKNOWN,UNKNOWN,CLEAR,DAYLIGHT,SIDESWIPE SAME DIRECTION,NOT DIVIDED,,STRAIGHT AND LEVEL,UNKNOWN,UNKNOWN,NOT ON SCENE (DESK REPORT),NO INJURY / DRIVE AWAY,,,Y,"OVER $1,500",08/08/2025 05:40:00 PM,UNABLE TO DETERMINE,UNABLE TO DETERMINE,1400,N,SEDGWICK ST,1821,,,,,,,2,NO INDICATION OF INJURY,0,0,0,0,0,2,0,18,3,7,41.90768051,-87.6386326599,POINT (-87.638632659884 41.90768051002)
3ca6b77057d5be96a4122feb99df431a64cb440a6aa1bc1d235cb9708b2ddc13ec004183145bca80953048e9855523bb513605f5db03c24fb35ee49614993dc5,,07/29/2025 06:00:00 PM,30,NO CONTROLS,FUNCTIONING PROPERLY,CLEAR,DAYLIGHT,PARKED MOTOR VEHICLE,ONE-WAY,,STRAIGHT AND LEVEL,DRY,NO DEFECTS,ON SCENE,INJURY AND / OR TOW DUE TO CRASH,,,,"OVER $1,500",07/29/2025 06:15:00 PM,DISTRACTION - FROM INSIDE VEHICLE,FAILING TO REDUCE SPEED TO AVOID CRASH,9655,S,MANISTEE AVE,431,,,,,,,4,NO INDICATION OF INJURY,0,0,0,0,0,1,0,18,3,7,41.7192099785,-87.5564047252,POINT (-87.556404725169 41.719209978538)
aa5297541297ad294e3a20f16df17f2573fd0f342deae4ac3b42ec28b2cdc27077ab166f1feacd9d52484fae2af9ee742de3e681fe52f412500aa39552e0f203,,07/29/2025 06:00:00 PM,30,NO CONTROLS,NO CONTROLS,CLEAR,DAYLIGHT,PARKED MOTOR VEHICLE,NOT DIVIDED,,STRAIGHT AND LEVEL,DRY,UNKNOWN,ON SCENE,NO INJURY / DRIVE AWAY,,,,$500 OR LESS,07/29/2025 06:30:00 PM,UNABLE TO DETERMINE,UNABLE TO DETERMINE,216,S,ABERDEEN ST,1232,,,,,,,2,NO INDICATION OF INJURY,0,0,0,0,0,4,0,18,3,7,41.8785554568,-87.6547413607,POINT (-87.654741360705 41.878555456782)
b2da54106c53c90fec8c4cca67e463ad9bd9807557b828421bcf3e84a0718c17be34fb8d166b1dbab0df06b6c904d52c13021b8edae17891f47faa414e4ee195,Y,07/29/2025 06:00:00 PM,30,NO CONTROLS,NO CONTROLS,CLEAR,DAYLIGHT,REAR END,NOT DIVIDED,,STRAIGHT AND LEVEL,DRY,NO DEFECTS,NOT ON SCENE (DESK REPORT),NO INJURY / DRIVE AWAY,,,,"$501 - $1,500",07/30/2025 09:45:00 AM,FOLLOWING TOO CLOSELY,FOLLOWING TOO CLOSELY,4801,W,DEVON AVE,1621,,,,,,,3,NO INDICATION OF INJURY,0,0,0,0,0,3,0,18,3,7,41.9971781704,-87.748379749,POINT (-87.748379748961 41.997178170351)
d01ebb65503673403463d8950a8dcc1733b4dc4e35db6ee19669609637760dbbb3649873d640a9567a3023f091fcec70d6ed98e95c9096198eb4c7723dc15e42,,07/29/2025 06:00:00 PM,30,NO CONTROLS,NO CONTROLS,CLEAR,DAYLIGHT,PEDALCYCLIST,NOT DIVIDED,,STRAIGHT AND LEVEL,DRY,NO DEFECTS,NOT ON SCENE (DESK REPORT),NO INJURY / DRIVE AWAY,,,,"OVER $1,500",07/29/2025 07:30:00 PM,UNABLE TO DETERMINE,NOT APPLICABLE,1918,N,MENDELL ST,1433,,,,,,,2,NO INDICATION OF INJURY,0,0,0,0,0,2,0,18,3,7,41.9172164996,-87.6658732366,POINT (-87.665873236626 41.91721649958)
f94bfc3233f874504a7e3fd32031422a05743027baa5eaa7f3267ee828984dbd5f0e69371c13f8b6bdb101272004df6148aea1099199de40cf145189903eddc9,,07/29/2025 05:45:00 PM,30,NO CONTROLS,NO CONTROLS,CLEAR,DAYLIGHT,PEDALCYCLIST,FOUR WAY,,STRAIGHT AND LEVEL,DRY,UNKNOWN,NOT ON SCENE (DESK REPORT),NO INJURY / DRIVE AWAY,Y,,,$500 OR LESS,07/29/2025 09:25:00 PM,UNABLE TO DETERMINE,UNABLE TO DETERMINE,1498,W,CORTLAND ST,1433,,,,,,,2,NO INDICATION OF INJURY,0,0,0,0,0,2,0,17,3,7,41.9168252668,-87.6653247479,POINT (-87.665324747896 41.916825266803)
037f6c7984f8f1b91a8f650381b1c97ea34a09fdf67169bb4a8c18fd3930fd7854c6b9117b95539769cf66f815993fce285597b17dc3d490978947c9860aecb5,,07/29/2025 05:40:00 PM,30,NO CONTROLS,NO CONTROLS,CLEAR,DAYLIGHT,REAR END,NOT DIVIDED,,STRAIGHT AND LEVEL,DRY,NO DEFECTS,NOT ON SCENE (DESK REPORT),NO INJURY / DRIVE AWAY,Y,,,"OVER $1,500",07/29/2025 06:50:00 PM,FOLLOWING TOO CLOSELY,NOT APPLICABLE,3266,W,ARMITAGE AVE,1413,,,,,,,2,NO INDICATION OF INJURY,0,0,0,0,0,2,0,17,3,7,41.9174781885,-87.7096481611,POINT (-87.7096481611 41.917478188454)
eb28b3614aedc255f5b4eb4c1559ca97e2268947c90ec47c136968ea8d25b2b9db2ff85141317da6f7c1406f3f0934e470def832d2601ae302359391006fc7ee,,07/29/2025 05:35:00 PM,35,TRAFFIC SIGNAL,FUNCTIONING PROPERLY,CLEAR,DAYLIGHT,TURNING,DIVIDED - W/MEDIAN (NOT RAISED),,STRAIGHT AND LEVEL,DRY,UNKNOWN,ON SCENE,NO INJURY / DRIVE AWAY,,,,"$501 - $1,500",07/29/2025 05:37:00 PM,IMPROPER BACKING,IMPROPER BACKING,2408,W,63RD ST,825,,,,,,,2,NO INDICATION OF INJURY,0,0,0,0,0,4,0,17,3,7,41.7793577545,-87.6840669709,POINT (-87.684066970869 41.779357754486)
0012769af3210685e95e5830707ef461dc4db37e707af46bcb0b1889d3ada7c727a06d4f3b4010669c91ae7f5d2ea708f74b806ed07a96a8025c7b20523a3a2c,Y,07/29/2025 05:30:00 PM,30,NO CONTROLS,NO CONTROLS,CLEAR,DAYLIGHT,PARKED MOTOR VEHICLE,NOT DIVIDED,,STRAIGHT AND LEVEL,DRY,UNKNOWN,ON SCENE,NO INJURY / DRIVE AWAY,,,,"OVER $1,500",07/29/2025 07:07:00 PM,IMPROPER BACKING,IMPROPER BACKING,10148,S,ESCANABA AVE,431,,,,,,,2,NO INDICATION OF INJURY,0,0,0,0,0,1,0,17,3,7,41.7103987781,-87.5538127824,POINT (-87.553812782434 41.710398778082)
0ffc7e5e1d7c8e7d9d2d5afec31fe34b2a4bb68e220cefed6c81b97163ecd63bea70868f0c6f1f5d0fd773cf444a2416b0d29f606886597f70a129548c511341,,07/29/2025 05:30:00 PM,30,STOP SIGN/FLASHER,FUNCTIONING PROPERLY,CLEAR,DAYLIGHT,SIDESWIPE SAME DIRECTION,NOT DIVIDED,,STRAIGHT AND LEVEL,DRY,NO DEFECTS,NOT ON SCENE (DESK REPORT),NO INJURY / DRIVE AWAY,,,Y,"$501 - $1,500",07/29/2025 05:35:00 PM,UNABLE TO DETERMINE,UNABLE TO DETERMINE,804,N,CICERO AVE,1531,,,,,,,2,NO INDICATION OF INJURY,0,0,0,0,0,2,0,17,3,7,41.895191113,-87.7459598031,POINT (-87.745959803092 41.895191112991)
1ea4f52924f644edd991e884d223995c0d097520e8184f12a9704d9898e5c24b4006815e73be0ae6b6ad732ffa7a69900b64fae25e1b2249ce9b4346868885c4,,07/29/2025 05:30:00 PM,30,UNKNOWN,UNKNOWN,CLEAR,DAYLIGHT,PARKED MOTOR VEHICLE,PARKING LOT,,STRAIGHT AND LEVEL,DRY,UNKNOWN,NOT ON SCENE (DESK REPORT),NO INJURY / DRIVE AWAY,,Y,Y,"OVER $1,500",07/29/2025 06:50:00 PM,UNABLE TO DETERMINE,UNABLE TO DETERMINE,2424,N,CLARK ST,1935,,,,,,,2,NO INDICATION OF INJURY,0,0,0,0,0,1,0,17,3,7,41.9262015154,-87.6410208244,POINT (-87.641020824406 41.926201515373)
28652e5d978081154e5790aeaf956d3c96dc5a84e8766bbbefa04351bc1f949ea54996db85a3980e9dce1f247e45c08322ba962b56ee84229b50ce8ee00adefb,,07/29/2025 05:30:00 PM,30,NO CONTROLS,NO CONTROLS,CLEAR,DAYLIGHT,PARKED MOTOR VEHICLE,NOT DIVIDED,,STRAIGHT AND LEVEL,DRY,NO DEFECTS,ON SCENE,NO INJURY / DRIVE AWAY,,,,"OVER $1,500",07/29/2025 05:38:00 PM,IMPROPER TURNING/NO SIGNAL,NOT APPLICABLE,2307,W,18TH PL,1234,,,,,,,2,NO INDICATION OF INJURY,0,0,0,0,0,1,0,17,3,7,41.8565530469,-87.6836742106,POINT (-87.683674210553 41.856553046879)
54f67624c74685e83344aed9726b92b7c8b40e8b3800e7020759888285c4d68248f4b7ba4163d9df205d0be6bb63aa199239c0dc55f8141f29556cae598a50c9,,07/29/2025 05:30:00 PM,30,NO CONTROLS,UNKNOWN,CLEAR,DAYLIGHT,SIDESWIPE SAME DIRECTION,UNKNOWN,,STRAIGHT AND LEVEL,DRY,NO DEFECTS,NOT ON SCENE (DESK REPORT),NO INJURY / DRIVE AWAY,,,,"OVER $1,500",07/29/2025 07:00:00 PM,IMPROPER OVERTAKING/PASSING,IMPROPER LANE USAGE,2600,S,CALIFORNIA AVE,1033,,,,,,,2,NO INDICATION OF INJURY,0,0,0,0,0,3,0,17,3,7,41.8445843003,-87.6953598432,POINT (-87.695359843215 41.844584300311)
79ce6e3f0f269c12a1e4f8387a824215afc6a39dc84c644dca4bb6d6a64c19f709b9adb93a4e18f65860c8c32acf19795255cbbd55d48b1e6df4d53a7dbd0e71,,07/29/2025 05:30:00 PM,30,DELINEATORS,UNKNOWN,CLEAR,DAYLIGHT,SIDESWIPE SAME DIRECTION,ONE-WAY,,STRAIGHT AND LEVEL,DRY,NO DEFECTS,NOT ON SCENE (DESK REPORT),NO INJURY / DRIVE AWAY,,,,$500 OR LESS,07/29/2025 07:20:00 PM,IMPROPER OVERTAKING/PASSING,FAILING TO YIELD RIGHT-OF-WAY,50,E,GRAND AVE,1834,,,,,,,2,NO INDICATION OF INJURY,0,0,0,0,0,2,0,17,3,7,41.8918054835,-87.6260893784,POINT (-87.626089378443 41.891805483488)
d3226543f9c9ce9c47630419bc52f9e9f57c46a7006000131ff2d279514202bc99ce6b6f644519c89b7484bb84943c1b21fa7485d3d1dd8fe0475125f6630111,,07/29/2025 05:30:00 PM,30,NO CONTROLS,NO CONTROLS,CLEAR,DAYLIGHT,SIDESWIPE SAME DIRECTION,NOT DIVIDED,,STRAIGHT AND LEVEL,DRY,UNKNOWN,NOT ON SCENE (DESK REPORT),NO INJURY / DRIVE AWAY,,,,$500 OR LESS,07/29/2025 06:25:00 PM,UNABLE TO DETERMINE,UNABLE TO DETERMINE,3168,S,ARCHER AVE,912,,,,,,,2,NO INDICATION OF INJURY,0,0,0,0,0,2,0,17,3,7,41.8365656652,-87.6677921062,POINT (-87.667792106164 41.836565665181)