CRASH_RECORD_ID,CRASH_DATE_EST_I,CRASH_DATE,POSTED_SPEED_LIMIT,TRAFFIC_CONTROL_DEVICE,DEVICE_CONDITION,WEATHER_CONDITION,LIGHTING_CONDITION,FIRST_CRASH_TYPE,TRAFFICWAY_TYPE,LANE_CNT,ALIGNMENT,ROADWAY_SURFACE_COND,ROAD_DEFECT,REPORT_TYPE,CRASH_TYPE,INTERSECTION_RELATED_I,NOT_RIGHT_OF_WAY_I,HIT_AND_RUN_I,DAMAGE,DATE_POLICE_NOTIFIED,PRIM_CONTRIBUTORY_CAUSE,SEC_CONTRIBUTORY_CAUSE,STREET_NO,STREET_DIRECTION,STREET_NAME,BEAT_OF_OCCURRENCE,PHOTOS_TAKEN_I,STATEMENTS_TAKEN_I,DOORING_I,WORK_ZONE_I,WORK_ZONE_TYPE,WORKERS_PRESENT_I,NUM_UNITS,MOST_SEVERE_INJURY,INJURIES_TOTAL,INJURIES_FATAL,INJURIES_INCAPACITATING,INJURIES_NON_INCAPACITATING,INJURIES_REPORTED_NOT_EVIDENT,INJURIES_NO_INDICATION,INJURIES_UNKNOWN,CRASH_HOUR,CRASH_DAY_OF_WEEK,CRASH_MONTH,LATITUDE,LONGITUDE,LOCATION
174f17b07b55e64e091d69f91f59909e7aafd63b22ba8a27978d56ec694e2c2ecda1816713e57c32621fb39f500eb0225341110ad7a89a00e7cb38c6f3b58f9e,,07/29/2025 05:28:00 PM,30,NO CONTROLS,NO CONTROLS,CLEAR,DAYLIGHT,PARKED MOTOR VEHICLE,FOUR WAY,,STRAIGHT AND LEVEL,DRY,NO DEFECTS,ON SCENE,INJURY AND / OR TOW DUE TO CRASH,,,,"OVER $1,500",07/29/2025 05:38:00 PM,NOT APPLICABLE,NOT APPLICABLE,5896,W,FULTON ST,1512,,,,,,,3,"REPORTED, NOT EVIDENT",1,0,0,0,1,0,0,17,3,7,41.8857284985,-87.7718756342,POINT (-87.771875634248 41.885728498479)
14bff74c382473083458368589ee0517fd528bfbc1b03a672962467af856f9698e786a67f8ee8f0d89df15e62ca2593866d325f5c022b20d7f67bc5f44b16435,,07/29/2025 05:25:00 PM,15,UNKNOWN,UNKNOWN,CLEAR,DAYLIGHT,REAR END,PARKING LOT,,STRAIGHT AND LEVEL,UNKNOWN,UNKNOWN,NOT ON SCENE (DESK REPORT),NO INJURY / DRIVE AWAY,,Y,,"OVER $1,500",07/29/2025 06:37:00 PM,UNABLE TO DETERMINE,UNABLE TO DETERMINE,8411,S,HOLLAND RD,622,,,,,,,2,NO INDICATION OF INJURY,0,0,0,0,0,2,0,17,3,7,41.7410569377,-87.6318260004,POINT (-87.631826000406 41.741056937729)
53aa010ae7a23a61fa3effb13411e167f5071c9fdbea76650478482a9c4063aa7b96961d1d0d79be8c44f4bd6f864fc1e6ae0465d0aef071ebfc881ec1f11463,,07/29/2025 05:20:00 PM,30,NO CONTROLS,NO CONTROLS,CLEAR,DUSK,REAR END,NOT DIVIDED,,STRAIGHT AND LEVEL,DRY,NO DEFECTS,NOT ON SCENE (DESK REPORT),NO INJURY / DRIVE AWAY,,,,"OVER $1,500",07/29/2025 05:50:00 PM,FOLLOWING TOO CLOSELY,UNABLE TO DETERMINE,3300,W,ARMITAGE AVE,1413,,,,,,,2,NO INDICATION OF INJURY,0,0,0,0,0,4,0,17,3,7,41.9174692906,-87.7103598781,POINT (-87.710359878103 41.917469290584)
6b011093a02c145fc7c0b8abb5d4f52f7cdbb4c390ced54e70bbb638339a846fb23d09c1e70a91ea9f87189c6f417654dbc3f44b77a9d8727c1acf38909fb0e7,Y,07/29/2025 05:15:00 PM,15,UNKNOWN,NO CONTROLS,CLEAR,UNKNOWN,OTHER OBJECT,DIVIDED - W/MEDIAN BARRIER,,STRAIGHT AND LEVEL,UNKNOWN,UNKNOWN,NOT ON SCENE (DESK REPORT),NO INJURY / DRIVE AWAY,,,N,$500 OR LESS,07/30/2025 02:00:00 PM,UNABLE TO DETERMINE,UNABLE TO DETERMINE,58,S,HALSTED ST,1232,,,,,,,2,NO INDICATION OF INJURY,0,0,0,0,0,2,0,17,3,7,41.8805542454,-87.6474704057,POINT (-87.647470405718 41.880554245414)
df44ccb3cb430388846d4625531076308b6d3e437f156f3d6404d8adaa5527de41d4a2f775ffd2fafb5f8b8a659f5525bb7bf9120335b1409f017662d4804974,,07/29/2025 05:15:00 PM,30,NO CONTROLS,NO CONTROLS,CLEAR,DAYLIGHT,PARKED MOTOR VEHICLE,NOT DIVIDED,,STRAIGHT AND LEVEL,DRY,NO DEFECTS,ON SCENE,NO INJURY / DRIVE AWAY,,,,"OVER $1,500",07/29/2025 05:27:00 PM,DRIVING SKILLS/KNOWLEDGE/EXPERIENCE,NOT APPLICABLE,2434,N,CLARK ST,1935,,,,,,,2,NO INDICATION OF INJURY,0,0,0,0,0,1,0,17,3,7,41.9264533197,-87.6411696521,POINT (-87.64116965215 41.926453319737)
90a5a4b8437c557967cc8a352ed8c77ea77c96f01876b5f174519fc1a10a636d5b5a67d2f49f423b45865b6440b10d6c7c7962b718ddf2713e85ab5425ff8d29,,07/29/2025 05:10:00 PM,20,NO CONTROLS,NO CONTROLS,CLEAR,DAYLIGHT,PARKED MOTOR VEHICLE,ALLEY,,STRAIGHT AND LEVEL,DRY,UNKNOWN,ON SCENE,INJURY AND / OR TOW DUE TO CRASH,,,,"OVER $1,500",07/29/2025 05:13:00 PM,UNABLE TO DETERMINE,NOT APPLICABLE,2929,W,19TH ST,1022,,,,,,,3,NONINCAPACITATING INJURY,1,0,0,1,0,2,0,17,3,7,41.8553789863,-87.70040522,POINT (-87.700405219977 41.855378986281)
49c112620334053583209c175a2c806d74180fd7c95256b8568ca5c57203130e5c10ecc79668dbf2e718dab428c04f04a1abb2f56c8ba7361e147e15d68eb428,,07/29/2025 05:05:00 PM,30,OTHER,UNKNOWN,OTHER,UNKNOWN,REAR TO SIDE,PARKING LOT,,STRAIGHT AND LEVEL,UNKNOWN,UNKNOWN,NOT ON SCENE (DESK REPORT),INJURY AND / OR TOW DUE TO CRASH,,,,"OVER $1,500",07/30/2025 05:00:00 PM,UNABLE TO DETERMINE,NOT APPLICABLE,1035,W,VAN BUREN ST,1232,,,,,,,2,NONINCAPACITATING INJURY,1,0,0,1,0,1,0,17,3,7,41.8764695605,-87.65332116,POINT (-87.653321159991 41.876469560532)
eca51a0426afe9cad946081b4ff79bb35b57fcac99f8d77b595294459b9da77048c062bc4347fe32f5d4e414bcd6159b3a761e0a080791ef88282c8c01a9d276,,07/29/2025 05:02:00 PM,30,TRAFFIC SIGNAL,FUNCTIONING PROPERLY,CLEAR,DAYLIGHT,ANGLE,DIVIDED - W/MEDIAN BARRIER,,STRAIGHT AND LEVEL,UNKNOWN,UNKNOWN,NOT ON SCENE (DESK REPORT),NO INJURY / DRIVE AWAY,,,,"$501 - $1,500",07/29/2025 06:45:00 PM,UNABLE TO DETERMINE,NOT APPLICABLE,530,N,MICHIGAN AVE,1834,,,,,,,2,NO INDICATION OF INJURY,0,0,0,0,0,2,0,17,3,7,41.891771183,-87.6243086473,POINT (-87.624308647349 41.891771183048)
3e0fcb6984ba198e9c0589eef07b307c020b17dd74543b075ae572bb31034bba37b873bcd4209bdc0dfbc32bb62e1594c92c1477d28b89e3649ac956ce30daf0,Y,07/29/2025 05:00:00 PM,30,NO CONTROLS,NO CONTROLS,CLEAR,DAYLIGHT,REAR END,DIVIDED - W/MEDIAN BARRIER,,STRAIGHT AND LEVEL,DRY,NO DEFECTS,NOT ON SCENE (DESK REPORT),NO INJURY / DRIVE AWAY,,,,"$501 - $1,500",07/30/2025 07:28:00 PM,FOLLOWING TOO CLOSELY,NOT APPLICABLE,4202,S,CICERO AVE,814,,,,,,,2,NO INDICATION OF INJURY,0,0,0,0,0,2,0,17,3,7,41.8166536179,-87.7435327342,POINT (-87.743532734237 41.81665361793)
beb32966f24c8beb000805bd11ef8707ba4adbfd9d4fd0d03020f6478cb03a8b3be9cdb8a4c0e427951d397862e4bb2e1cea03f4ba74288b66501f930be6316b,,07/29/2025 05:00:00 PM,25,NO CONTROLS,NO CONTROLS,CLEAR,DAYLIGHT,PARKED MOTOR VEHICLE,NOT DIVIDED,,STRAIGHT AND LEVEL,DRY,NO DEFECTS,NOT ON SCENE (DESK REPORT),NO INJURY / DRIVE AWAY,,,Y,"$501 - $1,500",07/30/2025 08:45:00 AM,UNABLE TO DETERMINE,UNABLE TO DETERMINE,3750,W,GIDDINGS ST,1723,,,,,,,2,NO INDICATION OF INJURY,0,0,0,0,0,1,0,17,3,7,41.9674972632,-87.7227274581,POINT (-87.722727458066 41.967497263236)
27c971031357df23c34259654f88d1e7d40ab224651bcd342cbe83863cb6dca9b064b669493560734f9bf60f39438f355a1bd1ece1c4a21fd92e44ca46f45679,,07/29/2025 04:50:00 PM,30,TRAFFIC SIGNAL,FUNCTIONING PROPERLY,CLOUDY/OVERCAST,DAYLIGHT,REAR END,NOT DIVIDED,,STRAIGHT AND LEVEL,DRY,NO DEFECTS,NOT ON SCENE (DESK REPORT),INJURY AND / OR TOW DUE TO CRASH,,,Y,"OVER $1,500",07/29/2025 06:45:00 PM,FOLLOWING TOO CLOSELY,NOT APPLICABLE,5401,S,WESTERN BLVD,932,,,,,,,2,NONINCAPACITATING INJURY,1,0,0,1,0,1,0,16,3,7,41.7955523454,-87.6833722856,POINT (-87.683372285592 41.795552345378)
7797b38bb5241075eb558463bc286573cb96568b551e524856a22ad29c5e01900872ce22034a99c2c16b97c4627dc8798a350a200808639a41bab88522185301,,07/29/2025 04:50:00 PM,30,NO CONTROLS,NO CONTROLS,CLEAR,DAYLIGHT,PEDALCYCLIST,DIVIDED - W/MEDIAN (NOT RAISED),,STRAIGHT AND LEVEL,DRY,NO DEFECTS,NOT ON SCENE (DESK REPORT),INJURY AND / OR TOW DUE TO CRASH,,,,$500 OR LESS,07/29/2025 06:06:00 PM,UNABLE TO DETERMINE,NOT APPLICABLE,3258,W,51ST ST,821,,,,,,,2,NONINCAPACITATING INJURY,1,0,0,1,0,1,0,16,3,7,41.8008982333,-87.70615204,POINT (-87.706152039993 41.800898233316)
e1ebc58dec5b92affb75e23be385c1539fc91c3bb845e310035798f32f5289c5e377a8a09f91d37d4cab140aa4b6a2fb292044df409f0ca36277d2de2f0f9ba6,,07/29/2025 04:50:00 PM,30,UNKNOWN,NO CONTROLS,CLEAR,DAYLIGHT,TURNING,NOT DIVIDED,,STRAIGHT AND LEVEL,DRY,NO DEFECTS,NOT ON SCENE (DESK REPORT),NO INJURY / DRIVE AWAY,,,,"OVER $1,500",07/29/2025 05:00:00 PM,FAILING TO YIELD RIGHT-OF-WAY,UNABLE TO DETERMINE,6300,S,RICHMOND ST,823,,,,,,,2,NO INDICATION OF INJURY,0,0,0,0,0,2,0,16,3,7,41.7789686123,-87.697190466,POINT (-87.697190465965 41.77896861225)
6d4d8e13e4555d9d0761a67a36ccbcf4c349740edc213131fe6a941003f09137154052dfbeb058df89b09e66b547d9613c45328b776527da5ea8e14b15b4972f,,07/29/2025 04:45:00 PM,10,NO CONTROLS,NO CONTROLS,CLEAR,DAYLIGHT,PARKED MOTOR VEHICLE,PARKING LOT,,STRAIGHT AND LEVEL,DRY,NO DEFECTS,ON SCENE,INJURY AND / OR TOW DUE TO CRASH,,N,,"$501 - $1,500",07/29/2025 04:55:00 PM,UNABLE TO DETERMINE,NOT APPLICABLE,10300,S,MICHIGAN AVE,512,,,,,,,2,NO INDICATION OF INJURY,0,0,0,0,0,2,0,16,3,7,41.7071821754,-87.6203614922,POINT (-87.620361492183 41.707182175387)
e5da86a88767c5d0bea7234cf60b76b0dc4cfb872da0923ea7eb9f520fbcd6d9ced9754b427a52add4e2c4e32f0e34929d1f4702aef9cbe58d8807e23bbf720d,Y,07/29/2025 04:45:00 PM,30,TRAFFIC SIGNAL,FUNCTIONING PROPERLY,CLEAR,DAYLIGHT,SIDESWIPE SAME DIRECTION,NOT DIVIDED,,STRAIGHT AND LEVEL,DRY,UNKNOWN,ON SCENE,NO INJURY / DRIVE AWAY,Y,,Y,"$501 - $1,500",07/29/2025 04:59:00 PM,IMPROPER OVERTAKING/PASSING,UNABLE TO DETERMINE,5800,W,CHICAGO AVE,1511,,,,,,,2,NO INDICATION OF INJURY,0,0,0,0,0,2,0,16,3,7,41.8948924137,-87.7703654998,POINT (-87.770365499801 41.894892413673)
ab15fc4cff057eba2a7f2f929fc43b7a29dd1baf8b8ec160449e09e5fbdb8baa4cc203f9fc595b8516b0b1adf1749628fe4dc6eb6d74bc68085997bd5c8dc5f4,,07/29/2025 04:40:00 PM,30,NO CONTROLS,NO CONTROLS,CLEAR,DAYLIGHT,PARKED MOTOR VEHICLE,DIVIDED - W/MEDIAN (NOT RAISED),,STRAIGHT AND LEVEL,DRY,NO DEFECTS,ON SCENE,INJURY AND / OR TOW DUE TO CRASH,,,,"OVER $1,500",07/29/2025 04:43:00 PM,UNABLE TO DETERMINE,UNABLE TO DETERMINE,5338,N,KEDZIE AVE,1712,,,,,,,7,NO INDICATION OF INJURY,0,0,0,0,0,2,0,16,3,7,41.9787572591,-87.7089029716,POINT (-87.708902971596 41.97875725914)
f859dc4d0a151e0eb74a517acb6c20ebc8553f08b99f40b9a3d6b803583258202e546e3cde28d9986f87d015ce45f967a5c253f280269a3c0ae17efd89ef2b74,,07/29/2025 04:36:00 PM,10,NO CONTROLS,NO CONTROLS,CLEAR,DAYLIGHT,PARKED MOTOR VEHICLE,PARKING LOT,,STRAIGHT AND LEVEL,DRY,NO DEFECTS,ON SCENE,NO INJURY / DRIVE AWAY,,Y,,$500 OR LESS,07/29/2025 04:46:00 PM,FOLLOWING TOO CLOSELY,NOT APPLICABLE,3250,W,87TH ST,834,,,,,,,2,NO INDICATION OF INJURY,0,0,0,0,0,2,0,16,3,7,41.7352740895,-87.7035112835,POINT (-87.703511283506 41.735274089541)
b17703fcf5689ffa2ac31e8216550dfff2a1561400a7b7154e7fa33f3ac7d417a4ab82379fa40337fc8ac0b2bd5cecc590988b6313678138565f234ebf6d4c47,,07/29/2025 04:35:00 PM,30,NO CONTROLS,NO CONTROLS,CLEAR,DAYLIGHT,PARKED MOTOR VEHICLE,NOT DIVIDED,,STRAIGHT AND LEVEL,DRY,NO DEFECTS,NOT ON SCENE (DESK REPORT),NO INJURY / DRIVE AWAY,,,,"OVER $1,500",07/29/2025 05:15:00 PM,DRIVING SKILLS/KNOWLEDGE/EXPERIENCE,DRIVING SKILLS/KNOWLEDGE/EXPERIENCE,4544,N,HAZEL ST,1914,,,,,,,2,NO INDICATION OF INJURY,0,0,0,0,0,2,0,16,3,7,41.9650296205,-87.6525394949,POINT (-87.652539494867 41.965029620452)
0e3a9f2dc01cd898e314b32665c3c8c04eca093db4dd5d602229bcbbf1c165656c398c6c703b92ea1dc5a01d4d0b9c0db5bd1243fec39ab3208b2faab2a11d08,,07/29/2025 04:34:00 PM,25,NO CONTROLS,NO CONTROLS,CLEAR,DAYLIGHT,PARKED MOTOR VEHICLE,NOT DIVIDED,,STRAIGHT AND LEVEL,DRY,NO DEFECTS,NOT ON SCENE (DESK REPORT),NO INJURY / DRIVE AWAY,,,,"$501 - $1,500",07/29/2025 10:25:00 PM,FOLLOWING TOO CLOSELY,NOT APPLICABLE,332,N,AVERS AVE,1122,,,,,,,2,NO INDICATION OF INJURY,0,0,0,0,0,1,0,16,3,7,41.8862707083,-87.7226614054,POINT (-87.722661405406 41.886270708344)
30de3b4f00e5a4e50a20ef1190bf4e8a739d21d031656eb4c49a9a6d9ac916b1b3f860c2d63743d7347e38852a0d834b24bb8e7bedceeea8cbcc774443211b91,,07/29/2025 04:34:00 PM,30,NO CONTROLS,NO CONTROLS,CLEAR,DAYLIGHT,PEDALCYCLIST,DRIVEWAY,,STRAIGHT AND LEVEL,DRY,UNKNOWN,ON SCENE,INJURY AND / OR TOW DUE TO CRASH,,,,"OVER $1,500",07/29/2025 04:34:00 PM,UNABLE TO DETERMINE,UNABLE TO DETERMINE,6034,W,NORTH AVE,2513,,,,,,,3,"REPORTED, NOT EVIDENT",2,0,0,0,2,1,0,16,3,7,41.909350413,-87.7766327522,POINT (-87.776632752206 41.909350413025)
4ac7bc34b2260a18db41e239de13c1dc462cc719348f94be810df053a5c891c06b7c7385b060e0b9c1e55bbff18ddbe6acd22afc0eda6aae7d4d526d2d925a8f,,07/29/2025 04:30:00 PM,30,NO CONTROLS,NO CONTROLS,CLEAR,DAYLIGHT,PARKED MOTOR VEHICLE,NOT DIVIDED,,STRAIGHT AND LEVEL,DRY,UNKNOWN,NOT ON SCENE (DESK REPORT),NO INJURY / DRIVE AWAY,,,,"OVER $1,500",07/29/2025 08:40:00 PM,DRIVING SKILLS/KNOWLEDGE/EXPERIENCE,NOT APPLICABLE,355,N,AVERS AVE,1122,,,,,,,2,NO INDICATION OF INJURY,0,0,0,0,0,1,0,16,3,7,41.8868569088,-87.7223862099,POINT (-87.72238620991 41.886856908773)
c40a0a9f5d122127ed190b2312d2cbc9232517412c40ccc3f41a8cd0550eb1aed6966b632d8db518b76109d83f15a216b96603037307ecc3f4b00a0bbe1e322f,,07/29/2025 04:30:00 PM,30,NO CONTROLS,NO CONTROLS,CLEAR,DAYLIGHT,PEDESTRIAN,T-INTERSECTION,,STRAIGHT AND LEVEL,DRY,NO DEFECTS,ON SCENE,INJURY AND / OR TOW DUE TO CRASH,Y,,,"OVER $1,500",07/31/2025 09:10:00 AM,UNABLE TO DETERMINE,UNABLE TO DETERMINE,4425,N,SHERIDAN RD,1914,,,,,,,2,NONINCAPACITATING INJURY,1,0,0,1,0,1,0,16,3,7,41.9625763398,-87.654610973,POINT (-87.654610972977 41.962576339758)
47040d0d4f1271e13ac37b97569cf5727fb1844a111736d9a8500218224b001ad31c0af10bf78b4b08ac82640e0f9487172a56750ecb041397be66d964e61b7b,,07/29/2025 04:20:00 PM,35,STOP SIGN/FLASHER,FUNCTIONING PROPERLY,CLOUDY/OVERCAST,DAYLIGHT,ANGLE,FOUR WAY,,STRAIGHT AND LEVEL,DRY,WORN SURFACE,ON SCENE,NO INJURY / DRIVE AWAY,Y,,,"OVER $1,500",07/29/2025 04:20:00 PM,FAILING TO YIELD RIGHT-OF-WAY,FAILING TO REDUCE SPEED TO AVOID CRASH,6733,N,NORTHWEST HWY,1611,,,,,,,2,NO INDICATION OF INJURY,0,0,0,0,0,3,0,16,3,7,42.0035215584,-87.8170998251,POINT (-87.817099825085 42.003521558416)
5b07631936dc91fad1cf0f37a3aad9838f20b0499eaf5716ac5aa3ed2c539b1cd387c2c29250161a7e730cde1394970e46c04700ae4d69bd8d5fdd3283d878ad,,07/29/2025 04:20:00 PM,30,NO CONTROLS,NO CONTROLS,CLEAR,DAYLIGHT,REAR TO FRONT,PARKING LOT,,STRAIGHT AND LEVEL,DRY,UNKNOWN,NOT ON SCENE (DESK REPORT),NO INJURY / DRIVE AWAY,,,,"$501 - $1,500",07/29/2025 06:00:00 PM,IMPROPER BACKING,NOT APPLICABLE,1044,N,FRANCISCO AVE,1211,Y,Y,,,,,2,NO INDICATION OF INJURY,0,0,0,0,0,2,0,16,3,7,41.9005249572,-87.6994329536,POINT (-87.699432953625 41.900524957171)
9ea6e6b9552fdc82ad611b736453225305845d1ae35953e2e867f6da7a517cae25bd20fd08f020d46f77eb1c878772c96088742872c41d3e95919e4097845ce7,,07/29/2025 04:20:00 PM,30,TRAFFIC SIGNAL,FUNCTIONING PROPERLY,CLEAR,DAYLIGHT,TURNING,NOT DIVIDED,,STRAIGHT AND LEVEL,DRY,NO DEFECTS,NOT ON SCENE (DESK REPORT),NO INJURY / DRIVE AWAY,,,Y,"OVER $1,500",07/29/2025 04:20:00 PM,UNABLE TO DETERMINE,UNABLE TO DETERMINE,140,W,KINZIE ST,1831,,,,,,,2,NO INDICATION OF INJURY,0,0,0,0,0,2,0,16,3,7,41.8892972195,-87.6326016482,POINT (-87.632601648173 41.889297219473)
f3a0c5f4c5d6d181f6fb7713379eafcef94622d0cd8d60cea9342af26543af8666cc4b0a437f372bdb9e43b0a9f554abd8728a73c1999fb904d533842f2114b7,,07/29/2025 04:20:00 PM,30,NO CONTROLS,NO CONTROLS,CLEAR,DAYLIGHT,REAR END,NOT DIVIDED,,STRAIGHT AND LEVEL,DRY,NO DEFECTS,ON SCENE,INJURY AND / OR TOW DUE TO CRASH,Y,,,"OVER $1,500",07/29/2025 04:25:00 PM,FAILING TO REDUCE SPEED TO AVOID CRASH,FAILING TO REDUCE SPEED TO AVOID CRASH,6835,W,IRVING PARK RD,1632,,,,,,,2,NONINCAPACITATING INJURY,1,0,0,1,0,1,0,16,3,7,41.9526335154,-87.797626746,POINT (-87.797626746049 41.952633515373)
f34f018085b7083db0cdbef3dff52ee9cd899d3ea4a5b70fb3fc80444a5b0e3bc66de7e9f8b2264c88db3fb6e9f99a7202d2ca3f86092f66d3360895441a81ce,,07/29/2025 04:16:00 PM,20,NO CONTROLS,NO CONTROLS,CLEAR,DAYLIGHT,REAR TO FRONT,NOT DIVIDED,,STRAIGHT AND LEVEL,DRY,UNKNOWN,NOT ON SCENE (DESK REPORT),NO INJURY / DRIVE AWAY,,,,"OVER $1,500",07/31/2025 02:29:00 PM,IMPROPER BACKING,NOT APPLICABLE,3534,W,116TH ST,2211,,,,,,,2,NO INDICATION OF INJURY,0,0,0,0,0,5,0,16,3,7,41.6824143464,-87.7091921928,POINT (-87.709192192781 41.682414346414)
997ffab87115c2afe25c86ffd67412d8e81f68e24ab31d1f743b58fe30559a0f2ecfa541ff6856a21709e81528777b1b4c25d9690c381a965f03d1ca05c6e1ba,,07/29/2025 04:15:00 PM,30,NO CONTROLS,NO CONTROLS,CLOUDY/OVERCAST,DAYLIGHT,ANGLE,NOT DIVIDED,,STRAIGHT AND LEVEL,DRY,NO DEFECTS,NOT ON SCENE (DESK REPORT),NO INJURY / DRIVE AWAY,,,,"$501 - $1,500",07/29/2025 06:03:00 PM,NOT APPLICABLE,NOT APPLICABLE,6634,W,ARCHER AVE,811,,,,,,,2,NO INDICATION OF INJURY,0,0,0,0,0,3,0,16,3,7,41.7923344005,-87.7880602724,POINT (-87.788060272431 41.792334400516)
da73a92774a2c6649ccf8d0f15b62cbe912fa238e131bec21359574506c90c4cb1ec2211cbdd2083110903887577f8a73efe2e7ae6c7bfcf9e0f14c42cd34b7c,,07/29/2025 04:13:00 PM,30,NO CONTROLS,NO CONTROLS,CLEAR,DAYLIGHT,PEDESTRIAN,TRAFFIC ROUTE,,STRAIGHT AND LEVEL,DRY,NO DEFECTS,NOT ON SCENE (DESK REPORT),INJURY AND / OR TOW DUE TO CRASH,Y,,,"OVER $1,500",07/29/2025 10:00:00 PM,FAILING TO YIELD RIGHT-OF-WAY,UNABLE TO DETERMINE,5100,S,SAWYER AVE,822,,,,,,,2,INCAPACITATING INJURY,1,0,1,0,0,1,0,16,3,7,41.8007116393,-87.7051334216,POINT (-87.705133421567 41.800711639272)
2feae7842b282b16e1b0362743beb8aa698e73574162294db62e2c7fcb892c30c9bb157bbed591a517d3ebb427fa4019ed71f4729052b99c71de2539502473d7,,07/29/2025 04:11:00 PM,30,TRAFFIC SIGNAL,FUNCTIONING PROPERLY,CLEAR,DAYLIGHT,TURNING,NOT DIVIDED,,STRAIGHT AND LEVEL,DRY,NO DEFECTS,ON SCENE,INJURY AND / OR TOW DUE TO CRASH,,,,"OVER $1,500",07/29/2025 04:13:00 PM,FAILING TO YIELD RIGHT-OF-WAY,IMPROPER OVERTAKING/PASSING,6300,S,RACINE AVE,724,,,,,,,2,NONINCAPACITATING INJURY,1,0,0,1,0,5,0,16,3,7,41.779516038,-87.6546468737,POINT (-87.654646873699 41.779516037968)
b0921fac28dd438525d45d4a91bc2a99a32de9eeb076b4f46b245a91e58617d38930f91a3017c608a252db19c6f6125d27997768ad7e9be21d1be5d58649a8f6,,07/29/2025 04:05:00 PM,30,NO CONTROLS,NO CONTROLS,CLEAR,DAYLIGHT,REAR END,DIVIDED - W/MEDIAN BARRIER,,STRAIGHT AND LEVEL,DRY,NO DEFECTS,NOT ON SCENE (DESK REPORT),NO INJURY / DRIVE AWAY,,,,"OVER $1,500",07/29/2025 06:15:00 PM,UNABLE TO DETERMINE,UNABLE TO DETERMINE,140,N,MICHIGAN AVE,111,,,,,,,2,NO INDICATION OF INJURY,0,0,0,0,0,5,0,16,3,7,41.8842200339,-87.62458859,POINT (-87.624588590033 41.88422003391)
f5e5dd5022f042bf36de7efdb587c131a84c1dca883ab3a29e4bc9ed04ab8eda480761611ac3f7c813c402bda0d50baf88dde06d3dd873e024b76a8e208fc59f,,07/29/2025 04:03:00 PM,25,NO CONTROLS,NO CONTROLS,UNKNOWN,DAYLIGHT,REAR END,DIVIDED - W/MEDIAN (NOT RAISED),,STRAIGHT AND LEVEL,UNKNOWN,UNKNOWN,NOT ON SCENE (DESK REPORT),NO INJURY / DRIVE AWAY,,,,"OVER $1,500",07/29/2025 06:55:00 PM,FOLLOWING TOO CLOSELY,FOLLOWING TOO CLOSELY,675,N,ST CLAIR ST,1834,,,,,,,2,NO INDICATION OF INJURY,0,0,0,0,0,2,0,16,3,7,41.8947847791,-87.6226058409,POINT (-87.622605840856 41.894784779144)
01634b99c93b025a898f9bcc2a4538d2111024aedae9b784d0555f77f4e567140db4d55d876a89cea99974c9aee72952faa79ef5efcbb76310b06aad0addbcce,Y,07/29/2025 04:00:00 PM,25,NO CONTROLS,NO CONTROLS,UNKNOWN,UNKNOWN,PARKED MOTOR VEHICLE,ONE-WAY,,STRAIGHT AND LEVEL,UNKNOWN,UNKNOWN,,NO INJURY / DRIVE AWAY,,,Y,"OVER $1,500",07/30/2025 07:00:00 AM,FAILING TO REDUCE SPEED TO AVOID CRASH,NOT APPLICABLE,5817,N,KENMORE AVE,2022,,,,,,,2,NO INDICATION OF INJURY,0,0,0,0,0,1,0,16,3,7,41.9878469582,-87.6565991826,POINT (-87.656599182629 41.98784695816)
156a9be6a8acfbdfc1580630291e696913010047a4875c70daaecf613b2219bfe3ca9c5d8488cf58bf6ad438852ee3287ece28e68ece628672d9125173cc3450,Y,07/29/2025 04:00:00 PM,30,NO CONTROLS,NO CONTROLS,CLEAR,DAYLIGHT,PARKED MOTOR VEHICLE,NOT DIVIDED,,STRAIGHT AND LEVEL,DRY,NO DEFECTS,NOT ON SCENE (DESK REPORT),NO INJURY / DRIVE AWAY,,,Y,"$501 - $1,500",07/30/2025 05:12:00 PM,IMPROPER OVERTAKING/PASSING,NOT APPLICABLE,3022,W,55TH ST,923,,,,,,,2,NO INDICATION OF INJURY,0,0,0,0,0,1,0,16,3,7,41.7936967478,-87.6996717022,POINT (-87.699671702236 41.793696747755)
15dc59369f83282b5aef115bd8e122793ff04232b5d96f0f38d627c0e169196fbfaa996e3430cdde8bdc97afacfb27286c904d3f2cce18f53a54c6c07c9b36bd,Y,07/29/2025 04:00:00 PM,30,NO CONTROLS,NO CONTROLS,CLEAR,DAYLIGHT,SIDESWIPE SAME DIRECTION,DIVIDED - W/MEDIAN BARRIER,,STRAIGHT AND LEVEL,UNKNOWN,UNKNOWN,ON SCENE,NO INJURY / DRIVE AWAY,,,,"OVER $1,500",07/29/2025 11:08:00 PM,UNABLE TO DETERMINE,UNABLE TO DETERMINE,111,S,WACKER DR,122,Y,,,,,,2,NO INDICATION OF INJURY,0,0,0,0,0,3,0,16,3,7,41.8803340992,-87.6365802377,POINT (-87.63658023772 41.880334099207)
33ce1ed82e91c3c56b3b9e8c50f07eb354823686acae4811c8535c5f3185ce5736fc406a7583c5b75c74642b26387d948122aa2f310b740dfe8bb773f5384c01,,07/29/2025 04:00:00 PM,30,NO CONTROLS,NO CONTROLS,CLEAR,DAYLIGHT,PEDESTRIAN,DIVIDED - W/MEDIAN (NOT RAISED),,STRAIGHT AND LEVEL,DRY,NO DEFECTS,NOT ON SCENE (DESK REPORT),INJURY AND / OR TOW DUE TO CRASH,,,Y,"$501 - $1,500",07/29/2025 04:38:00 PM,FAILING TO YIELD RIGHT-OF-WAY,DRIVING SKILLS/KNOWLEDGE/EXPERIENCE,4200,N,MARINE DR,1915,,,,,,,2,NONINCAPACITATING INJURY,1,0,0,1,0,1,0,16,3,7,41.9585506445,-87.6466261408,POINT (-87.646626140819 41.958550644529)