CRASH_RECORD_ID,CRASH_DATE_EST_I,CRASH_DATE,POSTED_SPEED_LIMIT,TRAFFIC_CONTROL_DEVICE,DEVICE_CONDITION,WEATHER_CONDITION,LIGHTING_CONDITION,FIRST_CRASH_TYPE,TRAFFICWAY_TYPE,LANE_CNT,ALIGNMENT,ROADWAY_SURFACE_COND,ROAD_DEFECT,REPORT_TYPE,CRASH_TYPE,INTERSECTION_RELATED_I,NOT_RIGHT_OF_WAY_I,HIT_AND_RUN_I,DAMAGE,DATE_POLICE_NOTIFIED,PRIM_CONTRIBUTORY_CAUSE,SEC_CONTRIBUTORY_CAUSE,STREET_NO,STREET_DIRECTION,STREET_NAME,BEAT_OF_OCCURRENCE,PHOTOS_TAKEN_I,STATEMENTS_TAKEN_I,DOORING_I,WORK_ZONE_I,WORK_ZONE_TYPE,WORKERS_PRESENT_I,NUM_UNITS,MOST_SEVERE_INJURY,INJURIES_TOTAL,INJURIES_FATAL,INJURIES_INCAPACITATING,INJURIES_NON_INCAPACITATING,INJURIES_REPORTED_NOT_EVIDENT,INJURIES_NO_INDICATION,INJURIES_UNKNOWN,CRASH_HOUR,CRASH_DAY_OF_WEEK,CRASH_MONTH,LATITUDE,LONGITUDE,LOCATION
c8aa7e574633a3f1d8b84fbebe7754ec62a7108ac3e89815e242c6dbae95e301fff2d609b2f516ae32f059d525d68cbdbd25193eb8eeb168bc27783d2dedbbb2,,07/29/2025 04:00:00 PM,30,TRAFFIC SIGNAL,FUNCTIONING PROPERLY,CLEAR,DAYLIGHT,PEDALCYCLIST,DIVIDED - W/MEDIAN (NOT RAISED),,STRAIGHT AND LEVEL,DRY,NO DEFECTS,ON SCENE,NO INJURY / DRIVE AWAY,,,,"OVER $1,500",07/29/2025 04:11:00 PM,DISREGARDING TRAFFIC SIGNALS,UNABLE TO DETERMINE,1400,N,ASHLAND AVE,1433,,,,,,,2,NO INDICATION OF INJURY,0,0,0,0,0,2,0,16,3,7,41.9070344812,-87.6677379022,POINT (-87.667737902188 41.907034481167)
2b260b55f147a6dd62db48e2cc67619186f00cd3f546c91e6065790f164d59bc480d8bbcb20875621d217f0a972a7582e2832ec46320dbb1faf554a1b9815aa6,,07/29/2025 03:50:00 PM,30,TRAFFIC SIGNAL,FUNCTIONING PROPERLY,CLEAR,DAYLIGHT,REAR END,NOT DIVIDED,,STRAIGHT AND LEVEL,DRY,NO DEFECTS,NOT ON SCENE (DESK REPORT),NO INJURY / DRIVE AWAY,,,,"$501 - $1,500",07/29/2025 05:43:00 PM,FOLLOWING TOO CLOSELY,FOLLOWING TOO CLOSELY,1530,E,53RD ST,234,,,,,,,2,NO INDICATION OF INJURY,0,0,0,0,0,2,0,15,3,7,41.7996671229,-87.5878145238,POINT (-87.587814523782 41.79966712287)
49ceaae619c1ffbbed31baae0cce11dd2e4a3a382ca5567f6616790cb9af163b8e218800e8bb5e7a158883817c2a629ab95a67b5164a76c8edcd1d25b6a9b5be,,07/29/2025 03:50:00 PM,30,UNKNOWN,UNKNOWN,CLEAR,DAYLIGHT,SIDESWIPE SAME DIRECTION,DIVIDED - W/MEDIAN BARRIER,,STRAIGHT AND LEVEL,UNKNOWN,UNKNOWN,NOT ON SCENE (DESK REPORT),NO INJURY / DRIVE AWAY,,,,"OVER $1,500",07/29/2025 05:50:00 PM,UNABLE TO DETERMINE,UNABLE TO DETERMINE,111,S,WACKER DR,122,,,,,,,2,NO INDICATION OF INJURY,0,0,0,0,0,2,0,15,3,7,41.8803340992,-87.6365802377,POINT (-87.63658023772 41.880334099207)
97924837d7f94b21ec6453e34f244704eaa4d6c96102677c1c871c2837601eb9ba942b6a7b836995035118daa555475578930b6c4a572d8ba9c438989f319436,,07/29/2025 03:50:00 PM,35,NO CONTROLS,NO CONTROLS,CLEAR,DAYLIGHT,ANGLE,NOT DIVIDED,,STRAIGHT AND LEVEL,DRY,NO DEFECTS,NOT ON SCENE (DESK REPORT),NO INJURY / DRIVE AWAY,,,,"$501 - $1,500",07/30/2025 01:05:00 PM,UNABLE TO DETERMINE,NOT APPLICABLE,7163,N,OTTAWA AVE,1611,,,,,,,2,NO INDICATION OF INJURY,0,0,0,0,0,2,0,15,3,7,42.011279596,-87.8174031303,POINT (-87.817403130333 42.011279596033)
38c2cced2e1984fdfe41d89b2eeaf0f10f4f976622679dc0126e04d3efb7f818ec7b20832cae988d311674065a1f0a04f652bf7353c1ff5bb4ade5ff3bbbee19,,07/29/2025 03:47:00 PM,30,NO CONTROLS,NO CONTROLS,CLEAR,DAYLIGHT,PARKED MOTOR VEHICLE,NOT DIVIDED,,STRAIGHT AND LEVEL,DRY,NO DEFECTS,NOT ON SCENE (DESK REPORT),NO INJURY / DRIVE AWAY,,,,"OVER $1,500",07/29/2025 04:25:00 PM,FAILING TO REDUCE SPEED TO AVOID CRASH,NOT APPLICABLE,3538,W,BELMONT AVE,1732,,,,,,,2,NO INDICATION OF INJURY,0,0,0,0,0,2,0,15,3,7,41.9393360963,-87.7165543995,POINT (-87.716554399528 41.939336096319)
0235682f207864f1accfcd0c093c528cbe061bcb3ea0872df0789c3042060efefebbfa7c182933af4d289f9210ec23286aff1dccc3a98a34b070b7f21d3bb26e,,07/29/2025 03:45:00 PM,30,STOP SIGN/FLASHER,FUNCTIONING PROPERLY,CLEAR,DAYLIGHT,REAR TO FRONT,NOT DIVIDED,,STRAIGHT AND LEVEL,DRY,NO DEFECTS,NOT ON SCENE (DESK REPORT),NO INJURY / DRIVE AWAY,,,,"OVER $1,500",07/29/2025 05:00:00 PM,UNABLE TO DETERMINE,NOT APPLICABLE,4002,N,LOCKWOOD AVE,1624,,,,,,,2,NO INDICATION OF INJURY,0,0,0,0,0,2,0,15,3,7,41.9533728388,-87.7597610947,POINT (-87.759761094747 41.9533728388)
74fe7f754c8cbd316fcdf463536e04388e6adb3c49a078fbaf90e9f407e3ceb225f68b2b6d80f047a822480e914c55bf1c4301fe67a340e48ad0f44572d9f9fc,,07/29/2025 03:45:00 PM,20,NO CONTROLS,NO CONTROLS,CLEAR,DAYLIGHT,PARKED MOTOR VEHICLE,ONE-WAY,,STRAIGHT AND LEVEL,DRY,NO DEFECTS,NOT ON SCENE (DESK REPORT),NO INJURY / DRIVE AWAY,,,,$500 OR LESS,07/29/2025 03:45:00 PM,UNABLE TO DETERMINE,NOT APPLICABLE,2542,N,NORDICA AVE,2512,,,,,,,2,NO INDICATION OF INJURY,0,0,0,0,0,1,0,15,3,7,41.9266251901,-87.802823577,POINT (-87.802823577036 41.926625190051)
670914f8ac6fbe9f32cafb554eccc4c01a9ecfd32f6df73de7884c182de73c064d98c62ae9cfb65b944db484901be2971995bc1a07691ad13c78d61e422e1fa6,,07/29/2025 03:40:00 PM,30,TRAFFIC SIGNAL,NO CONTROLS,CLEAR,DAYLIGHT,REAR END,T-INTERSECTION,,STRAIGHT AND LEVEL,DRY,NO DEFECTS,NOT ON SCENE (DESK REPORT),NO INJURY / DRIVE AWAY,Y,,,"OVER $1,500",07/29/2025 04:30:00 PM,FOLLOWING TOO CLOSELY,UNABLE TO DETERMINE,1535,W,MADISON ST,1224,,,,,,,2,NO INDICATION OF INJURY,0,0,0,0,0,2,0,15,3,7,41.8813532144,-87.6659159393,POINT (-87.6659159393 41.88135321436)
7808e64ebb931434ab8a64681e65a406ed5a9811b3d8828c1c211bea29c6970eb1760a4f967aab7710426f6485fd9ada5b7d317dff8041176af7d5009da0922c,,07/29/2025 03:40:00 PM,30,NO CONTROLS,NO CONTROLS,CLEAR,DAYLIGHT,SIDESWIPE SAME DIRECTION,NOT DIVIDED,,STRAIGHT AND LEVEL,DRY,NO DEFECTS,NOT ON SCENE (DESK REPORT),NO INJURY / DRIVE AWAY,,,,"OVER $1,500",07/31/2025 11:32:00 AM,FAILING TO YIELD RIGHT-OF-WAY,FAILING TO YIELD RIGHT-OF-WAY,4929,S,WESTERN BLVD,931,,,,,,,2,NO INDICATION OF INJURY,0,0,0,0,0,2,0,15,3,7,41.8038225158,-87.6835839322,POINT (-87.683583932183 41.803822515795)
aa6f59c844f484809d52196f189d48cc1d8ac9066918de3a83fa5837161832432af25164156c55d3dc9b12a71e69818f23e2a556efa988800c69db338dfc4ceb,,07/29/2025 03:40:00 PM,30,NO CONTROLS,NO CONTROLS,CLEAR,DAYLIGHT,REAR END,ONE-WAY,,STRAIGHT AND LEVEL,DRY,NO DEFECTS,NOT ON SCENE (DESK REPORT),NO INJURY / DRIVE AWAY,,,,"OVER $1,500",07/29/2025 04:27:00 PM,UNABLE TO DETERMINE,NOT APPLICABLE,355,E,ERIE ST,1834,,,,,,,2,NO INDICATION OF INJURY,0,0,0,0,0,3,0,15,3,7,41.8941336002,-87.6181791496,POINT (-87.61817914958 41.894133600184)
a7a39de99b210f1d58a05f3bf48e44a557ef1391f469a8c70bbef74887367b711fb35f30615f9c7d8338b94a75df8914fd330dabb19d731f9ad2e828400f4426,,07/29/2025 03:35:00 PM,30,STOP SIGN/FLASHER,OTHER,CLEAR,DAYLIGHT,OTHER NONCOLLISION,FOUR WAY,,STRAIGHT AND LEVEL,DRY,NO DEFECTS,NOT ON SCENE (DESK REPORT),NO INJURY / DRIVE AWAY,,,,"$501 - $1,500",07/29/2025 04:15:00 PM,WEATHER,UNABLE TO DETERMINE,2225,W,68TH ST,832,,,,,,,1,NO INDICATION OF INJURY,0,0,0,0,0,1,0,15,3,7,41.7700803915,-87.6795941128,POINT (-87.679594112843 41.770080391524)
c6f83e491b94eec0e392236f3492ff8447e7f09b8e5f909ca563161eae02925e96b6ac103806e7dbd06f3c6bc5f925b02218c1d3303710e656043b29fbda04ee,,07/29/2025 03:35:00 PM,30,NO CONTROLS,NO CONTROLS,CLEAR,DAYLIGHT,SIDESWIPE SAME DIRECTION,NOT DIVIDED,,STRAIGHT AND LEVEL,DRY,NO DEFECTS,NOT ON SCENE (DESK REPORT),NO INJURY / DRIVE AWAY,,,,"$501 - $1,500",07/29/2025 05:01:00 PM,IMPROPER OVERTAKING/PASSING,NOT APPLICABLE,8400,S,KEDZIE AVE,834,,,,,,,2,NO INDICATION OF INJURY,0,0,0,0,0,3,0,15,3,7,41.7406207923,-87.7022911781,POINT (-87.702291178055 41.740620792259)
1cfd23bf6df8ce98a03741b21b585631069faa7bbd5f100d4b177ff69f5641f8aeb2422a96a0cb9e13e53d966f5176648ea0d84bdbf0526a1347a4b6bba068b4,,07/29/2025 03:30:00 PM,30,NO CONTROLS,NO CONTROLS,CLEAR,DAYLIGHT,TURNING,DIVIDED - W/MEDIAN (NOT RAISED),,STRAIGHT AND LEVEL,DRY,NO DEFECTS,NOT ON SCENE (DESK REPORT),NO INJURY / DRIVE AWAY,,,,"OVER $1,500",07/29/2025 05:19:00 PM,FAILING TO YIELD RIGHT-OF-WAY,IMPROPER LANE USAGE,5123,S,PULASKI RD,822,,,,,,,2,NO INDICATION OF INJURY,0,0,0,0,0,2,0,15,3,7,41.7997314643,-87.7232013967,POINT (-87.723201396745 41.799731464283)
4ab197b27f6bee6e5497c57b1b0ea6b3ebd61890580857928063e6820290e79efc5666d34c3623cb4d05d05e837ef15be685c771e27ac50c45714a49989d53d3,,07/29/2025 03:30:00 PM,30,UNKNOWN,UNKNOWN,CLEAR,DAYLIGHT,SIDESWIPE SAME DIRECTION,NOT DIVIDED,,STRAIGHT AND LEVEL,UNKNOWN,UNKNOWN,NOT ON SCENE (DESK REPORT),NO INJURY / DRIVE AWAY,,,,"OVER $1,500",07/29/2025 04:28:00 PM,UNABLE TO DETERMINE,UNABLE TO DETERMINE,193,W,NORTH AVE,1821,,,,,,,2,NO INDICATION OF INJURY,0,0,0,0,0,2,0,15,3,7,41.9110516857,-87.6346327367,POINT (-87.634632736697 41.911051685744)
c5227ddf3ae52b5582c76e6845e4f3c031524d7e0730690ae8e59d67094be68ed23614aa953ab1fd5fe515bc72f0c71f6cf4fad8c99d22bdf9e486d8e893b024,,07/29/2025 03:30:00 PM,35,NO CONTROLS,NO CONTROLS,CLEAR,DAYLIGHT,SIDESWIPE SAME DIRECTION,NOT DIVIDED,,STRAIGHT AND LEVEL,DRY,NO DEFECTS,,NO INJURY / DRIVE AWAY,,,,"$501 - $1,500",07/31/2025 03:35:00 PM,UNABLE TO DETERMINE,NOT APPLICABLE,6769,N,CALDWELL AVE,1621,,,,,,,2,NO INDICATION OF INJURY,0,0,0,0,0,2,0,15,3,7,42.0039512509,-87.7806986242,POINT (-87.780698624233 42.003951250898)
51be35201e8ad3b7f1599ee9c45866643279bb6117968988911c21ebb65f1f2c3dd9be4519f11f7e9fb350d7960157acfc813da6332705cf097ad6f54091e23e,,07/29/2025 03:20:00 PM,30,NO CONTROLS,NO CONTROLS,CLEAR,DAYLIGHT,SIDESWIPE SAME DIRECTION,ONE-WAY,,STRAIGHT AND LEVEL,DRY,NO DEFECTS,NOT ON SCENE (DESK REPORT),NO INJURY / DRIVE AWAY,,,,"OVER $1,500",07/29/2025 05:00:00 PM,IMPROPER OVERTAKING/PASSING,NOT APPLICABLE,1130,E,MIDWAY PLAISANCE,235,,,,,,,2,NO INDICATION OF INJURY,0,0,0,0,0,2,0,15,3,7,41.7873221299,-87.5983332876,POINT (-87.598333287609 41.787322129945)
7193f64b0bdbff29feae204440df735ff49607fa88d1ec8822988ff4361630346d2541b2e289fa907dbe9dd493e820dbe54a3bdad890b6e5a2886a0db702a174,,07/29/2025 03:20:00 PM,20,NO CONTROLS,NO CONTROLS,CLEAR,DAYLIGHT,REAR END,DIVIDED - W/MEDIAN (NOT RAISED),,STRAIGHT AND LEVEL,DRY,UNKNOWN,NOT ON SCENE (DESK REPORT),NO INJURY / DRIVE AWAY,,,Y,"OVER $1,500",07/29/2025 03:38:00 PM,FOLLOWING TOO CLOSELY,NOT APPLICABLE,2046,W,FOSTER AVE,2012,,,,,,,2,NO INDICATION OF INJURY,0,0,0,0,0,3,0,15,3,7,41.9761132113,-87.6812708033,POINT (-87.68127080331 41.976113211263)
27e8a51d12e7b0acea33aa00ccb3032580e861424cf20c250a489e4430d3dc27bca867611c86afc2379bc2f1c44e32705296b05075d6fdddfa9b8159a5b41ae6,,07/29/2025 03:10:00 PM,30,NO CONTROLS,NO CONTROLS,CLEAR,DAYLIGHT,TURNING,NOT DIVIDED,,STRAIGHT AND LEVEL,DRY,NO DEFECTS,ON SCENE,NO INJURY / DRIVE AWAY,,,,"OVER $1,500",07/29/2025 03:30:00 PM,DRIVING SKILLS/KNOWLEDGE/EXPERIENCE,FAILING TO REDUCE SPEED TO AVOID CRASH,4221,W,MADISON ST,1115,,,,,,,2,NO INDICATION OF INJURY,0,0,0,0,0,2,0,15,3,7,41.8805469803,-87.7314553517,POINT (-87.731455351655 41.880546980325)
504c87f9d619767f73a30dfc2adc408b3ffff747144e7de087cc3f119384cf713f2db400b6810c19da3d35679683de0b0c179fdb56b72ea0886ad5ed578b9d5f,,07/29/2025 03:09:00 PM,25,TRAFFIC SIGNAL,FUNCTIONING PROPERLY,CLEAR,DAYLIGHT,TURNING,DIVIDED - W/MEDIAN (NOT RAISED),,STRAIGHT AND LEVEL,DRY,NO DEFECTS,NOT ON SCENE (DESK REPORT),NO INJURY / DRIVE AWAY,,,,"$501 - $1,500",07/29/2025 04:01:00 PM,NOT APPLICABLE,NOT APPLICABLE,3155,W,DIVERSEY AVE,1411,,,,,,,2,NO INDICATION OF INJURY,0,0,0,0,0,2,0,15,3,7,41.931918413,-87.7072096367,POINT (-87.707209636654 41.931918413027)
3eda4948d41fb0f55e0a3327b58679ea72b33f4aa4f67ae1da924667ce5982d42394ea9179f3cc2aea552883495b4ee43bc206eb0cf15abb2b496413c78217cd,,07/29/2025 03:05:00 PM,30,NO CONTROLS,NO CONTROLS,CLEAR,DAYLIGHT,REAR END,NOT DIVIDED,,STRAIGHT AND LEVEL,DRY,NO DEFECTS,ON SCENE,INJURY AND / OR TOW DUE TO CRASH,,,,"OVER $1,500",07/29/2025 03:11:00 PM,FOLLOWING TOO CLOSELY,NOT APPLICABLE,7320,S,WESTERN AVE,835,,,,,,,2,"REPORTED, NOT EVIDENT",1,0,0,0,1,1,0,15,3,7,41.7603947469,-87.683281862,POINT (-87.683281862034 41.760394746881)
17e062a5fee28ec10ba8fb836208c74449ef882b36fa6158db25f63c499b3d2967b71b25cdbc1d75f270793ccad75692d5fff1c469a452ee8eb5271089422a30,,07/29/2025 03:00:00 PM,40,NO CONTROLS,NO CONTROLS,CLEAR,DAYLIGHT,REAR END,DIVIDED - W/MEDIAN BARRIER,,STRAIGHT ON GRADE,DRY,NO DEFECTS,NOT ON SCENE (DESK REPORT),NO INJURY / DRIVE AWAY,,,,"OVER $1,500",07/30/2025 08:35:00 AM,FOLLOWING TOO CLOSELY,NOT APPLICABLE,50,S,LAKE SHORE DR SB,114,,,,,,,2,NO INDICATION OF INJURY,0,0,0,0,0,2,0,15,3,7,41.8813145641,-87.6176292132,POINT (-87.617629213183 41.881314564097)
24c416a59f6ab0022a94f06f868df080baddab82848aa73de9495f1ea52cc246fa98700eb190266052aa2f84d444d9c2d386bebfbe0002defee7735fa1504753,,07/29/2025 03:00:00 PM,30,TRAFFIC SIGNAL,NO CONTROLS,CLEAR,DAYLIGHT,TURNING,NOT DIVIDED,,STRAIGHT AND LEVEL,DRY,NO DEFECTS,NOT ON SCENE (DESK REPORT),NO INJURY / DRIVE AWAY,,,,$500 OR LESS,07/31/2025 02:10:00 PM,FOLLOWING TOO CLOSELY,NOT APPLICABLE,5600,W,FULLERTON AVE,2515,,,,,,,2,NO INDICATION OF INJURY,0,0,0,0,0,2,0,15,3,7,41.9240901988,-87.7660535302,POINT (-87.766053530161 41.924090198835)
2f855ffcc0ded30b2e82b46f33e0af16fe59ea47237f45b6263e6c98bdf53138318c3f264ac112d042e4566d5823eaacc2ed83f50e7784a7b369ce618ad6480e,,07/29/2025 03:00:00 PM,30,STOP SIGN/FLASHER,FUNCTIONING PROPERLY,CLEAR,DAYLIGHT,PARKED MOTOR VEHICLE,NOT DIVIDED,,STRAIGHT AND LEVEL,DRY,NO DEFECTS,NOT ON SCENE (DESK REPORT),NO INJURY / DRIVE AWAY,,,,"OVER $1,500",07/29/2025 07:55:00 PM,FAILING TO YIELD RIGHT-OF-WAY,FAILING TO YIELD RIGHT-OF-WAY,6398,N,CLAREMONT AVE,2413,,,,,,,2,NO INDICATION OF INJURY,0,0,0,0,0,1,0,15,3,7,41.9976568419,-87.6888070196,POINT (-87.68880701956 41.997656841886)
851c92e4e3df9a92b8829d90b1f10103499c3b1d903a3829133001cc70f053721617cd846998dff86141847529aed19a10de3cca5ee8ac927782595476748ec6,,07/29/2025 03:00:00 PM,30,UNKNOWN,UNKNOWN,CLEAR,DAYLIGHT,REAR END,NOT DIVIDED,,STRAIGHT AND LEVEL,DRY,UNKNOWN,NOT ON SCENE (DESK REPORT),NO INJURY / DRIVE AWAY,,,,"OVER $1,500",07/29/2025 03:50:00 PM,UNABLE TO DETERMINE,UNABLE TO DETERMINE,354,W,HUBBARD ST,1831,,,,,,,2,NO INDICATION OF INJURY,0,0,0,0,0,2,0,15,3,7,41.8900449575,-87.6376280638,POINT (-87.637628063766 41.89004495754)
ad3f40f9ade27fbc813f082e0dc8abeb608389eb169b7f6916a228514762856beef6f6799f36db4ac4135caba01a50604440cf05926d21178272d1dd8a0bc62d,,07/29/2025 03:00:00 PM,10,NO CONTROLS,NO CONTROLS,CLEAR,DAYLIGHT,PARKED MOTOR VEHICLE,PARKING LOT,,STRAIGHT AND LEVEL,DRY,NO DEFECTS,NOT ON SCENE (DESK REPORT),NO INJURY / DRIVE AWAY,,,,$500 OR LESS,07/30/2025 10:00:00 AM,IMPROPER OVERTAKING/PASSING,NOT APPLICABLE,641,E,35TH ST,212,,,,,,,2,NO INDICATION OF INJURY,0,0,0,0,0,1,0,15,3,7,41.8310919537,-87.6090571702,POINT (-87.609057170246 41.831091953714)
c74e3854cc657a071430a7898996663a281789673b384592d453ba08b98611e2a43972bb61b347a16387df5d573accf9f8238359bfa8881eac21c0e2c5403992,,07/29/2025 03:00:00 PM,20,NO CONTROLS,NO CONTROLS,CLEAR,DAYLIGHT,SIDESWIPE SAME DIRECTION,NOT DIVIDED,,STRAIGHT AND LEVEL,DRY,UNKNOWN,NOT ON SCENE (DESK REPORT),NO INJURY / DRIVE AWAY,,,Y,"OVER $1,500",07/29/2025 06:08:00 PM,IMPROPER OVERTAKING/PASSING,UNABLE TO DETERMINE,1263,W,PRATT BLVD,2432,,,,,,,2,NO INDICATION OF INJURY,0,0,0,0,0,3,0,15,3,7,42.0053890171,-87.6634299344,POINT (-87.66342993443 42.005389017066)
d097087045f92a3723073d58991a6ddec616b390413b2d2e99946641c1ff69541b37f40153fa3ee9931624834c01a9f15557c2439c931774cba4823631452922,,07/29/2025 03:00:00 PM,30,NO CONTROLS,NO CONTROLS,CLEAR,DAYLIGHT,TURNING,NOT DIVIDED,,STRAIGHT AND LEVEL,DRY,NO DEFECTS,NOT ON SCENE (DESK REPORT),NO INJURY / DRIVE AWAY,,,,"OVER $1,500",07/29/2025 03:25:00 PM,UNABLE TO DETERMINE,NOT APPLICABLE,2004,W,OGDEN AVE,1225,,,,,,,2,NO INDICATION OF INJURY,0,0,0,0,0,2,0,15,3,7,41.8727204441,-87.6766604088,POINT (-87.676660408779 41.872720444055)
f7066f6ab3eb4953a7d324e1287551e1a360c788ea958ca137fa2ce7fed41d7571d394c99f8644d0dac3be1c7f6fd385aa996533fdb3382b8eb3bd168e744740,,07/29/2025 03:00:00 PM,35,TRAFFIC SIGNAL,FUNCTIONING PROPERLY,CLEAR,DAYLIGHT,REAR END,FOUR WAY,,STRAIGHT AND LEVEL,DRY,NO DEFECTS,NOT ON SCENE (DESK REPORT),NO INJURY / DRIVE AWAY,Y,,,"OVER $1,500",08/08/2025 09:00:00 PM,FOLLOWING TOO CLOSELY,UNABLE TO DETERMINE,2057,W,TOUHY AVE,2424,,,,,,,2,NO INDICATION OF INJURY,0,0,0,0,0,2,0,15,3,7,42.0123948679,-87.6821761394,POINT (-87.682176139409 42.012394867932)
c56c07ef903fd2ede8e5f2dd024efef58d4c081d22b99365502bbe3923eb935c5d36021be6dd91adb8402fc413ce085a0128e039262f38debc19738ca01df40b,,07/29/2025 02:58:00 PM,30,STOP SIGN/FLASHER,FUNCTIONING PROPERLY,CLEAR,DAYLIGHT,SIDESWIPE SAME DIRECTION,NOT DIVIDED,,STRAIGHT AND LEVEL,DRY,UNKNOWN,NOT ON SCENE (DESK REPORT),NO INJURY / DRIVE AWAY,,,,"OVER $1,500",07/29/2025 06:45:00 PM,UNABLE TO DETERMINE,NOT APPLICABLE,4701,W,GRAND AVE,2533,,,,,,,2,NO INDICATION OF INJURY,0,0,0,0,0,2,0,14,3,7,41.9128855211,-87.7436996189,POINT (-87.743699618945 41.912885521124)
00760f42c69c44ee6a66b7cb8895ef5253327c9a2656e592bd8635c9c14edf1be5fdb81746e7333aaec587f80e36ccfbb425b001bcdea143a17d0ff335c31e93,,07/29/2025 02:51:00 PM,30,TRAFFIC SIGNAL,FUNCTIONING PROPERLY,CLEAR,DAYLIGHT,REAR END,FOUR WAY,,STRAIGHT AND LEVEL,DRY,NO DEFECTS,NOT ON SCENE (DESK REPORT),NO INJURY / DRIVE AWAY,Y,,,"OVER $1,500",07/29/2025 03:47:00 PM,FAILING TO REDUCE SPEED TO AVOID CRASH,UNABLE TO DETERMINE,1220,W,DIVISION ST,1433,,,,,,,3,NO INDICATION OF INJURY,0,0,0,0,0,8,0,14,3,7,41.9036084222,-87.6582299091,POINT (-87.658229909088 41.903608422194)
69b4825e34c4bf65d181c4732c11fc0709078467a8ff7facad20957beb2490467f280aabfa032750ed50c216d88cfd24d327a5ccb39f9f04026b5ecb5fffd444,,07/29/2025 02:48:00 PM,30,NO CONTROLS,NO CONTROLS,CLEAR,DAYLIGHT,TURNING,NOT DIVIDED,,STRAIGHT AND LEVEL,DRY,NO DEFECTS,ON SCENE,NO INJURY / DRIVE AWAY,,,,"$501 - $1,500",07/29/2025 02:48:00 PM,IMPROPER TURNING/NO SIGNAL,IMPROPER TURNING/NO SIGNAL,2100,W,IRVING PARK RD,1911,,,,,,,2,NO INDICATION OF INJURY,0,0,0,0,0,2,0,14,3,7,41.9542296409,-87.6812468061,POINT (-87.681246806111 41.954229640918)
c496b94d5d43f90c35cfb93bfd559a690bfd95981dbfe5db5433dd63f5ce73e5cbe241ba2197b6e493141185e532a23588c4ff4e21496ae6745573ddd762fb45,,07/29/2025 02:45:00 PM,30,TRAFFIC SIGNAL,NO CONTROLS,CLEAR,DAYLIGHT,SIDESWIPE SAME DIRECTION,FOUR WAY,,STRAIGHT AND LEVEL,DRY,NO DEFECTS,,NO INJURY / DRIVE AWAY,Y,,,"OVER $1,500",07/29/2025 03:40:00 PM,UNABLE TO DETERMINE,NOT APPLICABLE,2358,W,87TH ST,614,,,,,,,2,NO INDICATION OF INJURY,0,0,0,0,0,2,0,14,3,7,41.7356384439,-87.682405788,POINT (-87.682405788023 41.735638443917)
e92b6a0d63b15c920080d0de53e82d0815df7b5eeba94e08e2e7870706a19f57e472d20e926ea102ae19ea34e03f96d427d01248de4da5e46e1d0e7c6837e9f1,,07/29/2025 02:45:00 PM,30,NO CONTROLS,NO CONTROLS,CLEAR,DAYLIGHT,SIDESWIPE SAME DIRECTION,DIVIDED - W/MEDIAN (NOT RAISED),,STRAIGHT AND LEVEL,UNKNOWN,UNKNOWN,NOT ON SCENE (DESK REPORT),NO INJURY / DRIVE AWAY,,,,"OVER $1,500",07/29/2025 03:52:00 PM,DRIVING SKILLS/KNOWLEDGE/EXPERIENCE,IMPROPER LANE USAGE,7016,N,WESTERN AVE,2411,,,,,,,2,NO INDICATION OF INJURY,0,0,0,0,0,2,0,14,3,7,42.0091614091,-87.6903209759,POINT (-87.690320975857 42.009161409131)
ea943a7c49bef836b814c43942c51b6fae9d68df8e90df30426a26176752c3c66932fe0e94ddef4aa36584a7110e2c41e2050dd2f0f0b705c290951001f87045,,07/29/2025 02:45:00 PM,30,NO CONTROLS,NO CONTROLS,CLEAR,DAWN,SIDESWIPE SAME DIRECTION,DIVIDED - W/MEDIAN (NOT RAISED),,STRAIGHT AND LEVEL,DRY,UNKNOWN,NOT ON SCENE (DESK REPORT),NO INJURY / DRIVE AWAY,,,,"OVER $1,500",07/29/2025 04:10:00 PM,IMPROPER OVERTAKING/PASSING,FOLLOWING TOO CLOSELY,5150,N,CENTRAL AVE,1622,,,,,,,2,NO INDICATION OF INJURY,0,0,0,0,0,3,0,14,3,7,41.9750146774,-87.7686408584,POINT (-87.768640858408 41.975014677433)
3bf8e245289645b2d09c4934112a18e540f0f4e839922e4ebfdb64f371613935b2574019beff0cf90e8d5a08d967af322ff8dc1dc3e029ca96709cda67fa1385,,07/29/2025 02:44:00 PM,30,NO CONTROLS,NO CONTROLS,CLEAR,DAYLIGHT,REAR TO SIDE,PARKING LOT,,STRAIGHT AND LEVEL,DRY,UNKNOWN,ON SCENE,NO INJURY / DRIVE AWAY,,Y,,"OVER $1,500",07/29/2025 02:44:00 PM,IMPROPER BACKING,NOT APPLICABLE,4234,N,KEDZIE AVE,1724,N,,,,,,2,NO INDICATION OF INJURY,0,0,0,0,0,3,0,14,3,7,41.9585967247,-87.7083095759,POINT (-87.708309575895 41.958596724683)