CRASH_RECORD_ID,CRASH_DATE_EST_I,CRASH_DATE,POSTED_SPEED_LIMIT,TRAFFIC_CONTROL_DEVICE,DEVICE_CONDITION,WEATHER_CONDITION,LIGHTING_CONDITION,FIRST_CRASH_TYPE,TRAFFICWAY_TYPE,LANE_CNT,ALIGNMENT,ROADWAY_SURFACE_COND,ROAD_DEFECT,REPORT_TYPE,CRASH_TYPE,INTERSECTION_RELATED_I,NOT_RIGHT_OF_WAY_I,HIT_AND_RUN_I,DAMAGE,DATE_POLICE_NOTIFIED,PRIM_CONTRIBUTORY_CAUSE,SEC_CONTRIBUTORY_CAUSE,STREET_NO,STREET_DIRECTION,STREET_NAME,BEAT_OF_OCCURRENCE,PHOTOS_TAKEN_I,STATEMENTS_TAKEN_I,DOORING_I,WORK_ZONE_I,WORK_ZONE_TYPE,WORKERS_PRESENT_I,NUM_UNITS,MOST_SEVERE_INJURY,INJURIES_TOTAL,INJURIES_FATAL,INJURIES_INCAPACITATING,INJURIES_NON_INCAPACITATING,INJURIES_REPORTED_NOT_EVIDENT,INJURIES_NO_INDICATION,INJURIES_UNKNOWN,CRASH_HOUR,CRASH_DAY_OF_WEEK,CRASH_MONTH,LATITUDE,LONGITUDE,LOCATION
a0c1bf7b7d886959763eca3424fea2d672f10cd01619644fe3d11075d0a56d1a573ea8e16591d7cced2fe843d7554d0434e464a03eb74972b25fc4ee428df1d5,,07/29/2025 02:43:00 PM,30,NO CONTROLS,NO CONTROLS,CLEAR,DAYLIGHT,REAR END,NOT DIVIDED,,STRAIGHT ON HILLCREST,DRY,NO DEFECTS,ON SCENE,INJURY AND / OR TOW DUE TO CRASH,,,,"OVER $1,500",07/29/2025 02:44:00 PM,EQUIPMENT - VEHICLE CONDITION,NOT APPLICABLE,4500,W,31ST ST OVERPASS,1031,,,,,,,4,NONINCAPACITATING INJURY,5,0,0,5,0,1,0,14,3,7,41.8368571952,-87.7366445705,POINT (-87.73664457047 41.836857195203)
15f186b162e6a14ea838dcd90d58cca7ffd4f34635a8c92f5350cea7fb3a688e6fc7a0c80426f3f18fe35524e11cfa44087608ea1b12218b72f384e13e46da2c,,07/29/2025 02:40:00 PM,30,NO CONTROLS,NO CONTROLS,CLEAR,DAYLIGHT,PARKED MOTOR VEHICLE,PARKING LOT,,STRAIGHT AND LEVEL,DRY,NO DEFECTS,NOT ON SCENE (DESK REPORT),NO INJURY / DRIVE AWAY,,,Y,"OVER $1,500",07/30/2025 03:00:00 PM,UNABLE TO DETERMINE,NOT APPLICABLE,5501,S,PULASKI RD,822,,,,,,,2,NO INDICATION OF INJURY,0,0,0,0,0,1,0,14,3,7,41.7931614864,-87.7230105275,POINT (-87.723010527492 41.793161486356)
4eda4f8edf31a2a11549affc9bc09f088b1ae28fe7171ba8e56e9eeca138a846c56f57a7659294ffa954b68d3f50d7390e1a0b04cc6fa72e401236790f41af91,,07/29/2025 02:40:00 PM,35,TRAFFIC SIGNAL,FUNCTIONING PROPERLY,CLEAR,DAYLIGHT,ANGLE,DIVIDED - W/MEDIAN BARRIER,,STRAIGHT AND LEVEL,DRY,NO DEFECTS,ON SCENE,INJURY AND / OR TOW DUE TO CRASH,Y,,Y,"OVER $1,500",07/29/2025 02:43:00 PM,DISREGARDING TRAFFIC SIGNALS,FAILING TO REDUCE SPEED TO AVOID CRASH,3700,W,79TH ST,833,,,,,,,2,NO INDICATION OF INJURY,0,0,0,0,0,3,0,14,3,7,41.7497993593,-87.7141392517,POINT (-87.714139251663 41.749799359339)
e3e14f86bd5c6f511d3252577cadb28510bf3bab6417da3c801640f0231a1389b0716948e0973690a04eb3369094bb705fc8c5e8f37c0f7553194b80fb55c913,,07/29/2025 02:38:00 PM,25,NO CONTROLS,NO CONTROLS,CLEAR,DAYLIGHT,REAR END,NOT DIVIDED,,STRAIGHT AND LEVEL,DRY,NO DEFECTS,NOT ON SCENE (DESK REPORT),NO INJURY / DRIVE AWAY,,,Y,"OVER $1,500",07/29/2025 05:09:00 PM,UNABLE TO DETERMINE,UNABLE TO DETERMINE,4900,W,ROOSEVELT RD,1533,,,,,,,2,NO INDICATION OF INJURY,0,0,0,0,0,2,0,14,3,7,41.8659710812,-87.7472603181,POINT (-87.747260318056 41.865971081217)
2f78da4f3074cdbec97127a2cae8449b5a1f34189b79e51df12ac326144fed1b829087b503c1482dfde558221cacc75e65900fe84f0a7ec5489eae6fbe4f5e4a,,07/29/2025 02:36:00 PM,30,NO CONTROLS,NO CONTROLS,CLEAR,DAYLIGHT,REAR END,DIVIDED - W/MEDIAN (NOT RAISED),,STRAIGHT AND LEVEL,DRY,NO DEFECTS,NOT ON SCENE (DESK REPORT),NO INJURY / DRIVE AWAY,,,,"$501 - $1,500",07/29/2025 04:13:00 PM,FOLLOWING TOO CLOSELY,NOT APPLICABLE,6311,S,WESTERN AVE,825,,,,,,,2,NO INDICATION OF INJURY,0,0,0,0,0,2,0,14,3,7,41.7788280852,-87.6834822404,POINT (-87.68348224041 41.778828085161)
5af0e1878f390abc99b895c37bce18d63ef3f3eba4d809fc327d44861d1bcf5f316227215f169bb19db0191574ad6f5419de327e78f2352e6de8cb6010c184b1,,07/29/2025 02:36:00 PM,30,TRAFFIC SIGNAL,FUNCTIONING PROPERLY,CLEAR,DAYLIGHT,ANGLE,NOT DIVIDED,,STRAIGHT AND LEVEL,DRY,NO DEFECTS,ON SCENE,NO INJURY / DRIVE AWAY,,,Y,$500 OR LESS,07/29/2025 02:37:00 PM,FAILING TO YIELD RIGHT-OF-WAY,FAILING TO YIELD RIGHT-OF-WAY,100,E,24TH PL,132,,,,,,,2,NO INDICATION OF INJURY,0,0,0,0,0,2,0,14,3,7,41.8485366525,-87.6236317842,POINT (-87.623631784223 41.848536652451)
7abdc57d7780e988f73b209b2ec109d870220542f51ee9d578c3106595e1fa2801c90772240e18a8927f394f8f4978d1545ddf04e747d47e7936bd9114841d70,,07/29/2025 02:36:00 PM,25,STOP SIGN/FLASHER,UNKNOWN,CLEAR,DAYLIGHT,PEDESTRIAN,DIVIDED - W/MEDIAN (NOT RAISED),,STRAIGHT AND LEVEL,DRY,NO DEFECTS,ON SCENE,INJURY AND / OR TOW DUE TO CRASH,,,Y,"OVER $1,500",07/29/2025 02:50:00 PM,UNABLE TO DETERMINE,UNABLE TO DETERMINE,1201,W,CERMAK RD,1235,,,,,,,2,NONINCAPACITATING INJURY,1,0,0,1,0,1,0,14,3,7,41.852383139,-87.6563210964,POINT (-87.656321096358 41.852383139049)
023e037a18af8c9ce65fd45e90151a55f5ca30fa630fce857c7f81d8e9b9a4606960d42ca40b087da135e95091625710c73b3858bc9da797093a41c4c76cc35c,,07/29/2025 02:33:00 PM,30,NO CONTROLS,NO CONTROLS,CLEAR,DAYLIGHT,PARKED MOTOR VEHICLE,ONE-WAY,,STRAIGHT AND LEVEL,DRY,NO DEFECTS,ON SCENE,NO INJURY / DRIVE AWAY,,,Y,"OVER $1,500",07/29/2025 03:29:00 PM,UNABLE TO DETERMINE,UNABLE TO DETERMINE,4605,W,DEMING PL,2521,,,,,,,2,NO INDICATION OF INJURY,0,0,0,0,0,1,0,14,3,7,41.9271646907,-87.7421925778,POINT (-87.742192577805 41.927164690728)
33f7b80d7974988a5cc54e6a7c6404f789aacc1eeeb3755f4895397be571161f128551c2bf7070b31b68cd302141218f15d388d0577b51e2a2004cc29d41ce53,,07/29/2025 02:30:00 PM,30,NO CONTROLS,UNKNOWN,UNKNOWN,DAYLIGHT,REAR END,NOT DIVIDED,,STRAIGHT AND LEVEL,UNKNOWN,UNKNOWN,NOT ON SCENE (DESK REPORT),NO INJURY / DRIVE AWAY,,,Y,"OVER $1,500",08/01/2025 12:00:00 PM,UNABLE TO DETERMINE,NOT APPLICABLE,2811,S,WESTERN AVE,1034,,,,,,,2,NO INDICATION OF INJURY,0,0,0,0,0,2,0,14,3,7,41.840831846,-87.6851237495,POINT (-87.685123749473 41.840831846027)
570bc65312f56dec2d33c6872e737ad9f5a3e08410ffd63db0298ca2b5a1d8cea8ad603444b87095f26eefe29463cdf62f217ff4cbbae22c29ac190254f8937d,Y,07/29/2025 02:27:00 PM,30,NO CONTROLS,NO CONTROLS,CLEAR,DAYLIGHT,PARKED MOTOR VEHICLE,ONE-WAY,,STRAIGHT AND LEVEL,DRY,NO DEFECTS,NOT ON SCENE (DESK REPORT),NO INJURY / DRIVE AWAY,,,Y,"OVER $1,500",07/31/2025 02:00:00 PM,UNABLE TO DETERMINE,UNABLE TO DETERMINE,4801,S,MICHIGAN AVE,224,,,,,,,3,NO INDICATION OF INJURY,0,0,0,0,0,1,0,14,3,7,41.8073778463,-87.6226372018,POINT (-87.622637201773 41.807377846345)
5dc9e30a4a907ff80dc058bf70bcd749ae31180ba30563e68ae48271491ede5d0bc5064104df227c045ebfcc1ef7077210a40b1e0445fe596466b31e14395263,,07/29/2025 02:20:00 PM,30,UNKNOWN,UNKNOWN,CLEAR,DAYLIGHT,SIDESWIPE SAME DIRECTION,DIVIDED - W/MEDIAN (NOT RAISED),,STRAIGHT AND LEVEL,DRY,UNKNOWN,ON SCENE,INJURY AND / OR TOW DUE TO CRASH,,,,"OVER $1,500",07/29/2025 03:40:00 PM,UNABLE TO DETERMINE,NOT APPLICABLE,3524,W,ADDISON ST,1732,,,,,,,2,NO INDICATION OF INJURY,0,0,0,0,0,3,0,14,3,7,41.9466306918,-87.7162446289,POINT (-87.716244628937 41.946630691823)
7c9dc8b460a227da2b202687e582c936630280ac02941c938094e4035f318ad37cc936ac602341c6e11a8a0fdec4523b227e18b19682c9e86735f8abb39a7983,,07/29/2025 02:20:00 PM,30,TRAFFIC SIGNAL,UNKNOWN,CLEAR,DAYLIGHT,PEDESTRIAN,DIVIDED - W/MEDIAN (NOT RAISED),,STRAIGHT AND LEVEL,DRY,NO DEFECTS,NOT ON SCENE (DESK REPORT),INJURY AND / OR TOW DUE TO CRASH,,,Y,$500 OR LESS,07/29/2025 05:50:00 PM,UNABLE TO DETERMINE,NOT APPLICABLE,2900,S,MICHIGAN AVE,133,,,,,,,2,"REPORTED, NOT EVIDENT",1,0,0,0,1,1,0,14,3,7,41.8418722911,-87.6236893684,POINT (-87.623689368397 41.8418722911)
9a063a42985573e00a94ad51198d56233721182e8093440c3d003e8da6cd23a4884913094416140ab8226f72cb5fe45e711b2c1269fc6ac2f367f6d929ca9d67,,07/29/2025 02:16:00 PM,25,NO CONTROLS,NO CONTROLS,CLEAR,DAYLIGHT,OTHER OBJECT,ALLEY,,STRAIGHT AND LEVEL,DRY,"RUT, HOLES",NOT ON SCENE (DESK REPORT),NO INJURY / DRIVE AWAY,,,,$500 OR LESS,07/29/2025 02:16:00 PM,UNABLE TO DETERMINE,UNABLE TO DETERMINE,1549,S,CALIFORNIA BLVD,1023,,,,,,,1,NO INDICATION OF INJURY,0,0,0,0,0,1,0,14,3,7,41.8596430503,-87.6955574278,POINT (-87.695557427806 41.859643050343)
1d466a9fca77d116c87eba0af72197ebad2150fcd994c229440ce6fc602ed3756929d9be8a7f3bf5902101a90d1d5a52c2b4901ba5fa1f0aa1bc343d63dc18fd,,07/29/2025 02:15:00 PM,30,NO CONTROLS,NO CONTROLS,CLEAR,DAYLIGHT,SIDESWIPE SAME DIRECTION,NOT DIVIDED,,STRAIGHT AND LEVEL,DRY,NO DEFECTS,NOT ON SCENE (DESK REPORT),NO INJURY / DRIVE AWAY,,,Y,"OVER $1,500",07/30/2025 02:37:00 PM,IMPROPER OVERTAKING/PASSING,NOT APPLICABLE,7859,S,KEDZIE AVE,835,,,,,,,2,NO INDICATION OF INJURY,0,0,0,0,0,2,0,14,3,7,41.749876112,-87.7022504602,POINT (-87.702250460209 41.749876112003)
3d486c609c25a4e46d16e116d64027b607db90165e83663c0091802cacabf03ca3f7fa91c0e2e5efce35e61c3269a5856cf80d99597a23aa0c30d06a6ed2efe4,,07/29/2025 02:15:00 PM,30,TRAFFIC SIGNAL,FUNCTIONING PROPERLY,CLEAR,DAYLIGHT,REAR TO FRONT,T-INTERSECTION,,STRAIGHT AND LEVEL,DRY,NO DEFECTS,ON SCENE,NO INJURY / DRIVE AWAY,,,,"$501 - $1,500",07/30/2025 11:00:00 AM,UNABLE TO DETERMINE,NOT APPLICABLE,11058,S,LANGLEY AVE,513,,,,,,,2,NO INDICATION OF INJURY,0,0,0,0,0,2,0,14,3,7,41.6933409046,-87.605719433,POINT (-87.605719433039 41.693340904576)
99c909aa2fbbee279dbc3fd9ad40d978238226cab11c75bfcbf3a9af545491cd285291b7cf05f478effc38ded85e14495f18624fb6680a577313fb3d10d4d42c,,07/29/2025 02:10:00 PM,10,NO CONTROLS,NO CONTROLS,CLEAR,DAYLIGHT,TURNING,NOT DIVIDED,,STRAIGHT AND LEVEL,DRY,NO DEFECTS,ON SCENE,INJURY AND / OR TOW DUE TO CRASH,,,,"OVER $1,500",07/29/2025 03:50:00 PM,FAILING TO YIELD RIGHT-OF-WAY,UNABLE TO DETERMINE,831,E,47TH ST,223,,,,,,,2,NO INDICATION OF INJURY,0,0,0,0,0,3,0,14,3,7,41.809437932,-87.605270398,POINT (-87.605270398014 41.809437931969)
0e2718e079eec4aafe0fe9b31333742de8a5e4065551c57d2a62ad82d1ba9dd07298fec214a526832952beca0904c4b5f71f96f0820c15c3e0fd96f80ffbd602,,07/29/2025 02:09:00 PM,30,TRAFFIC SIGNAL,FUNCTIONING PROPERLY,CLEAR,DAYLIGHT,SIDESWIPE SAME DIRECTION,NOT DIVIDED,,STRAIGHT AND LEVEL,DRY,NO DEFECTS,NOT ON SCENE (DESK REPORT),NO INJURY / DRIVE AWAY,,,,"OVER $1,500",07/29/2025 02:41:00 PM,IMPROPER OVERTAKING/PASSING,UNABLE TO DETERMINE,1601,W,63RD ST,725,,,,,,,2,NO INDICATION OF INJURY,0,0,0,0,0,2,0,14,3,7,41.7793515528,-87.6642712632,POINT (-87.664271263155 41.779351552818)
ff3b30a718c0466f7327eb084f7a075b8d6e58a6b30f9cb4b2eb6dcd423d226bdc5b3d603a8a930e0ac9228748eee9bd50b7af642fb5721fd28a7883a51d4a58,,07/29/2025 02:08:00 PM,30,TRAFFIC SIGNAL,FUNCTIONING PROPERLY,CLEAR,DAYLIGHT,SIDESWIPE SAME DIRECTION,FOUR WAY,,STRAIGHT AND LEVEL,UNKNOWN,UNKNOWN,NOT ON SCENE (DESK REPORT),NO INJURY / DRIVE AWAY,Y,,Y,"$501 - $1,500",07/29/2025 03:00:00 PM,UNABLE TO DETERMINE,NOT APPLICABLE,1159,S,CANAL ST,124,,,,,,,2,NO INDICATION OF INJURY,0,0,0,0,0,2,0,14,3,7,41.8673194053,-87.639056746,POINT (-87.63905674603 41.867319405339)
97d13ebdda71de2c205e3df3054457719b315807bf1d42eacbe10bf2d4c1562f3d8037b10e960e9fc236fe2dc5e8cde0bb7986fe0c029a8ebca22859335d0093,,07/29/2025 02:05:00 PM,30,NO CONTROLS,NO CONTROLS,CLEAR,DAYLIGHT,SIDESWIPE SAME DIRECTION,NOT DIVIDED,,STRAIGHT AND LEVEL,DRY,NO DEFECTS,ON SCENE,INJURY AND / OR TOW DUE TO CRASH,,,,"OVER $1,500",07/29/2025 03:39:00 PM,FAILING TO YIELD RIGHT-OF-WAY,UNABLE TO DETERMINE,7405,N,ASHLAND BLVD,2422,,,,,,,2,NO INDICATION OF INJURY,0,0,0,0,0,3,0,14,3,7,42.0161860791,-87.6701721023,POINT (-87.670172102313 42.016186079064)
247491099ce896fc9fa8a3224868dac9089396b1f32d7227aeb93234693ab3cafd66a8f1398e50ac5803b28b4b99a68bbf5dea141c2c33f4823bfdbe677bf46c,,07/29/2025 02:00:00 PM,30,NO CONTROLS,NO CONTROLS,CLEAR,DAYLIGHT,TURNING,NOT DIVIDED,,STRAIGHT AND LEVEL,DRY,UNKNOWN,ON SCENE,NO INJURY / DRIVE AWAY,,,,"OVER $1,500",07/29/2025 02:25:00 PM,DRIVING SKILLS/KNOWLEDGE/EXPERIENCE,NOT APPLICABLE,2223,S,WENTWORTH AVE,914,,,,,,,2,NO INDICATION OF INJURY,0,0,0,0,0,4,0,14,3,7,41.8522002485,-87.6318516718,POINT (-87.631851671797 41.8522002485)
2c2369e71435c582f7da72244b52bad41530b4a263c29dffe92355f596b38f0259fe0f36ecd76ae936c1196105e6ed746ada835a8d583b3346a53936e14f9b04,,07/29/2025 02:00:00 PM,30,NO CONTROLS,NO CONTROLS,CLEAR,DAYLIGHT,SIDESWIPE SAME DIRECTION,OTHER,,STRAIGHT AND LEVEL,DRY,NO DEFECTS,,NO INJURY / DRIVE AWAY,,,,"OVER $1,500",07/29/2025 02:50:00 PM,UNABLE TO DETERMINE,NOT APPLICABLE,942,E,76TH ST,624,,,,,,,2,NO INDICATION OF INJURY,0,0,0,0,0,2,0,14,3,7,41.7569130439,-87.6012045567,POINT (-87.601204556739 41.756913043899)
365f39901235440b80dc1246f0841242fcd7a7f1a7472acdea5c85ed2f9715fcd51276a01429b81471cde9c66abd9e4c09bc55083b01e286affe39cdbfedd16d,,07/29/2025 02:00:00 PM,30,TRAFFIC SIGNAL,FUNCTIONING PROPERLY,CLEAR,DAYLIGHT,PARKED MOTOR VEHICLE,NOT DIVIDED,,STRAIGHT AND LEVEL,DRY,NO DEFECTS,NOT ON SCENE (DESK REPORT),NO INJURY / DRIVE AWAY,Y,,Y,"OVER $1,500",07/29/2025 03:00:00 PM,UNABLE TO DETERMINE,UNABLE TO DETERMINE,5207,W,BELMONT AVE,2514,,,,,,,2,NO INDICATION OF INJURY,0,0,0,0,0,2,0,14,3,7,41.938586959,-87.7570378974,POINT (-87.757037897356 41.93858695896)
cc8bdadb9b952a0c683643dbe1016193dc412991d56be673bf6a78b69657f43b6d3982040a1a58ef4972ea2f57067c4a977220bd90817c4bdc2cd49182c29cba,,07/29/2025 01:50:00 PM,30,NO CONTROLS,NO CONTROLS,CLEAR,DAYLIGHT,PARKED MOTOR VEHICLE,NOT DIVIDED,,STRAIGHT AND LEVEL,DRY,NO DEFECTS,ON SCENE,INJURY AND / OR TOW DUE TO CRASH,,,,"OVER $1,500",07/29/2025 03:08:00 PM,IMPROPER LANE USAGE,NOT APPLICABLE,1834,W,PRATT BLVD,2424,,,,,,,2,NONINCAPACITATING INJURY,1,0,0,1,0,0,0,13,3,7,42.0053790378,-87.6770754534,POINT (-87.677075453401 42.005379037791)
bb76062d3debdaa118f09676c742d6bf6849df025838854e8e2c53beb3ad6550d1a4de544c8a30f3628c86057fb2d898b0778f421cbde920b26b6ad7ef51c67a,,07/29/2025 01:48:00 PM,20,NO CONTROLS,NO CONTROLS,CLEAR,DAYLIGHT,SIDESWIPE SAME DIRECTION,DIVIDED - W/MEDIAN BARRIER,,STRAIGHT AND LEVEL,DRY,UNKNOWN,ON SCENE,INJURY AND / OR TOW DUE TO CRASH,,,Y,"OVER $1,500",07/29/2025 02:06:00 PM,UNABLE TO DETERMINE,NOT APPLICABLE,431,S,WACKER DR,122,,,,,,,2,NONINCAPACITATING INJURY,1,0,0,1,0,1,0,13,3,7,41.8762628943,-87.6360786681,POINT (-87.63607866808 41.87626289434)
939a2bc52da44a891f0a01d1468c82fcead5d0b9f58946328664aba4182c87f4818de87fa557527f75eba7260844dfea807b2a31c982477533725d3904680432,,07/29/2025 01:46:00 PM,10,NO CONTROLS,NO CONTROLS,CLEAR,DAYLIGHT,REAR TO REAR,PARKING LOT,,STRAIGHT AND LEVEL,DRY,NO DEFECTS,NOT ON SCENE (DESK REPORT),NO INJURY / DRIVE AWAY,,Y,,"OVER $1,500",07/29/2025 02:05:00 PM,FOLLOWING TOO CLOSELY,NOT APPLICABLE,7901,S,DAMEN AVE,611,,,,,,,2,NO INDICATION OF INJURY,0,0,0,0,0,2,0,13,3,7,41.7501893423,-87.6729858398,POINT (-87.672985839772 41.750189342293)
11ae62216647914d0d6ac5ac158d217e22e74cff2bbc6ea2f7d5f9bd87cec4d0a72aee96ac5372b5b1ec9e351f67005c58c575779413a9c485f14144e276294f,,07/29/2025 01:45:00 PM,30,NO CONTROLS,NO CONTROLS,CLEAR,DAYLIGHT,SIDESWIPE SAME DIRECTION,ONE-WAY,,STRAIGHT AND LEVEL,DRY,NO DEFECTS,NOT ON SCENE (DESK REPORT),NO INJURY / DRIVE AWAY,,,,"OVER $1,500",07/29/2025 04:51:00 PM,NOT APPLICABLE,NOT APPLICABLE,17,E,MONROE ST,112,,,,,,,2,NO INDICATION OF INJURY,0,0,0,0,0,2,0,13,3,7,41.8806645784,-87.6270893644,POINT (-87.627089364442 41.880664578396)
392156d9f4caefdfe0490d4b60fe9ec2fe3ba013df118cc61b9dd7a70001118d26280b5170a9a9eb446e06045bb1f84cec95da455e1c67ac188e261a056bfafe,,07/29/2025 01:45:00 PM,30,TRAFFIC SIGNAL,FUNCTIONING PROPERLY,CLEAR,DAYLIGHT,PARKED MOTOR VEHICLE,DIVIDED - W/MEDIAN (NOT RAISED),,STRAIGHT AND LEVEL,DRY,NO DEFECTS,NOT ON SCENE (DESK REPORT),NO INJURY / DRIVE AWAY,,,Y,"$501 - $1,500",07/29/2025 02:45:00 PM,UNABLE TO DETERMINE,UNABLE TO DETERMINE,5628,S,HALSTED ST,712,,,,,,,2,NO INDICATION OF INJURY,0,0,0,0,0,1,0,13,3,7,41.7916278176,-87.6452332087,POINT (-87.645233208662 41.791627817593)
5f1347a09b667aaa9173121954e794075537510932f36a8176edaafba9080b5f76b49ff7566449d23ceb98bbb406fb04570d37566f7df03f97b0bf4a22b7d6ff,,07/29/2025 01:35:00 PM,30,NO CONTROLS,NO CONTROLS,CLEAR,DAYLIGHT,SIDESWIPE OPPOSITE DIRECTION,NOT DIVIDED,,STRAIGHT AND LEVEL,DRY,NO DEFECTS,ON SCENE,NO INJURY / DRIVE AWAY,,,Y,"OVER $1,500",07/29/2025 01:36:00 PM,UNABLE TO DETERMINE,NOT APPLICABLE,7429,W,BELMONT AVE,2511,,,,,,,2,NO INDICATION OF INJURY,0,0,0,0,0,2,0,13,3,7,41.9378645463,-87.8127900935,POINT (-87.812790093512 41.937864546255)
1ecc07b3675508412aa452ecfa450d4ffaec18a2a9b5f50f6cb86ba554ae44c1c6c3650a28f98ad68c5a340c14d2f219346cab70eea73403e108f9a9fcc41051,,07/29/2025 01:34:00 PM,30,NO CONTROLS,NO CONTROLS,CLEAR,DAYLIGHT,TURNING,OTHER,,STRAIGHT AND LEVEL,DRY,NO DEFECTS,,NO INJURY / DRIVE AWAY,N,,,"OVER $1,500",07/30/2025 01:15:00 PM,UNABLE TO DETERMINE,NOT APPLICABLE,1907,W,74TH ST,735,,,,,,,2,NO INDICATION OF INJURY,0,0,0,0,0,2,0,13,3,7,41.7592476435,-87.6712524672,POINT (-87.671252467241 41.759247643459)
01e9d28767d3ce7df8218a133d83e458da728e925dabcdf9319fe48cf1994a9b4fcc8a3755b6d532efb5030fa78cb8bd081ea2d0864f3aba74bfa7a0e93a2ff0,,07/29/2025 01:30:00 PM,20,NO CONTROLS,NO CONTROLS,CLEAR,DAYLIGHT,PARKED MOTOR VEHICLE,PARKING LOT,,STRAIGHT AND LEVEL,DRY,NO DEFECTS,NOT ON SCENE (DESK REPORT),NO INJURY / DRIVE AWAY,,,Y,"$501 - $1,500",07/30/2025 02:00:00 PM,UNABLE TO DETERMINE,NOT APPLICABLE,900,W,JACKSON BLVD,1232,,,,,,,2,NO INDICATION OF INJURY,0,0,0,0,0,4,0,13,3,7,41.878018745,-87.6496408244,POINT (-87.649640824363 41.878018744994)
39e9b63f64555423bf6173c602abd43f5769d65a05ed3188dc1023e392775eb68513a80083b141f4d1b0f56e58248e3a7fdd6561c8089a8967b520e58bbd29e5,,07/29/2025 01:30:00 PM,30,NO CONTROLS,NO CONTROLS,CLEAR,DAYLIGHT,PARKED MOTOR VEHICLE,NOT DIVIDED,,STRAIGHT AND LEVEL,DRY,NO DEFECTS,NOT ON SCENE (DESK REPORT),NO INJURY / DRIVE AWAY,,,,"OVER $1,500",07/30/2025 10:00:00 AM,IMPROPER BACKING,FAILING TO REDUCE SPEED TO AVOID CRASH,1359,W,ALTGELD ST,1932,,,,,,,2,NO INDICATION OF INJURY,0,0,0,0,0,1,0,13,3,7,41.9269234283,-87.6633188746,POINT (-87.663318874585 41.926923428285)
4676fb027088654dd220f31e3349adf3a6f3a02d48303d5a13e99082908b77b0658e81892a3c18e7a63984edf4948235ef078a838425d295cb095cd0481fc35e,,07/29/2025 01:30:00 PM,30,TRAFFIC SIGNAL,FUNCTIONING PROPERLY,UNKNOWN,DAYLIGHT,TURNING,DIVIDED - W/MEDIAN (NOT RAISED),,STRAIGHT AND LEVEL,UNKNOWN,UNKNOWN,NOT ON SCENE (DESK REPORT),NO INJURY / DRIVE AWAY,,,,"OVER $1,500",07/30/2025 01:50:00 PM,FAILING TO YIELD RIGHT-OF-WAY,NOT APPLICABLE,7100,S,SOUTH SHORE DR,334,,,,,,,2,NO INDICATION OF INJURY,0,0,0,0,0,2,0,13,3,7,41.7661952023,-87.562908182,POINT (-87.562908182042 41.76619520231)
921185d5161b48fadb267aca779d41493581378b6eebf05b2b753490d64c62861df0e8eea7f82c779860fefaab85c6d80ee192bb898fe9b27889ffe8121c18e0,Y,07/29/2025 01:30:00 PM,30,NO CONTROLS,NO CONTROLS,CLEAR,DAYLIGHT,REAR END,NOT DIVIDED,,STRAIGHT AND LEVEL,DRY,UNKNOWN,NOT ON SCENE (DESK REPORT),NO INJURY / DRIVE AWAY,,,,"OVER $1,500",07/29/2025 05:30:00 PM,FOLLOWING TOO CLOSELY,NOT APPLICABLE,2900,N,WESTERN AVE,1411,,,,,,,2,NO INDICATION OF INJURY,0,0,0,0,0,2,0,13,3,7,41.9340055839,-87.688088762,POINT (-87.688088761979 41.934005583879)
aa3bdab6103332377c0162f658e76755f9ecc92f413d0be9f1b0fbce4de00dbea3ca1104363dbbf5d0378b1d86b26885f38091457d5b8b168e16214d324769d6,,07/29/2025 01:30:00 PM,30,NO CONTROLS,NO CONTROLS,CLEAR,DAYLIGHT,SIDESWIPE SAME DIRECTION,NOT DIVIDED,,STRAIGHT AND LEVEL,DRY,NO DEFECTS,NOT ON SCENE (DESK REPORT),NO INJURY / DRIVE AWAY,,,,"OVER $1,500",07/29/2025 03:20:00 PM,FAILING TO YIELD RIGHT-OF-WAY,UNABLE TO DETERMINE,839,N,KEYSTONE AVE,1111,,,,,,,2,NO INDICATION OF INJURY,0,0,0,0,0,2,0,13,3,7,41.8965628923,-87.7272040756,POINT (-87.727204075624 41.89656289233)
ae48b7eade86014621fbdd0907002f3c142c133be938a58e2e4bbeb77853c77f065bc194831cfdb1e51071e31e8e2ee37020adff661daed4b5ede245fcba0c71,,07/29/2025 01:30:00 PM,30,NO CONTROLS,NO CONTROLS,CLEAR,DAYLIGHT,SIDESWIPE SAME DIRECTION,NOT DIVIDED,,STRAIGHT AND LEVEL,DRY,UNKNOWN,,NO INJURY / DRIVE AWAY,,,,"OVER $1,500",07/29/2025 01:48:00 PM,IMPROPER LANE USAGE,NOT APPLICABLE,10952,S,KEDZIE AVE,2211,,,,,,,2,NO INDICATION OF INJURY,0,0,0,0,0,3,0,13,3,7,41.6936527988,-87.7010452097,POINT (-87.70104520969 41.693652798828)
8e67f11b92b14b0dd9973706015f67d793e51d7915838dcfe211fabaa650054da90030060afbad2a6b76b7c51e31f0086eb08fcad22ce198b9bd4f74f2db69b8,,07/29/2025 01:25:00 PM,30,TRAFFIC SIGNAL,FUNCTIONING PROPERLY,CLEAR,DAYLIGHT,TURNING,FOUR WAY,,STRAIGHT AND LEVEL,DRY,NO DEFECTS,NOT ON SCENE (DESK REPORT),NO INJURY / DRIVE AWAY,Y,,,"OVER $1,500",07/29/2025 03:45:00 PM,IMPROPER TURNING/NO SIGNAL,UNABLE TO DETERMINE,630,N,WELLS ST,1831,,,,,,,2,NO INDICATION OF INJURY,0,0,0,0,0,3,0,13,3,7,41.8932987657,-87.6342601007,POINT (-87.634260100663 41.893298765741)