CRASH_RECORD_ID,CRASH_DATE_EST_I,CRASH_DATE,POSTED_SPEED_LIMIT,TRAFFIC_CONTROL_DEVICE,DEVICE_CONDITION,WEATHER_CONDITION,LIGHTING_CONDITION,FIRST_CRASH_TYPE,TRAFFICWAY_TYPE,LANE_CNT,ALIGNMENT,ROADWAY_SURFACE_COND,ROAD_DEFECT,REPORT_TYPE,CRASH_TYPE,INTERSECTION_RELATED_I,NOT_RIGHT_OF_WAY_I,HIT_AND_RUN_I,DAMAGE,DATE_POLICE_NOTIFIED,PRIM_CONTRIBUTORY_CAUSE,SEC_CONTRIBUTORY_CAUSE,STREET_NO,STREET_DIRECTION,STREET_NAME,BEAT_OF_OCCURRENCE,PHOTOS_TAKEN_I,STATEMENTS_TAKEN_I,DOORING_I,WORK_ZONE_I,WORK_ZONE_TYPE,WORKERS_PRESENT_I,NUM_UNITS,MOST_SEVERE_INJURY,INJURIES_TOTAL,INJURIES_FATAL,INJURIES_INCAPACITATING,INJURIES_NON_INCAPACITATING,INJURIES_REPORTED_NOT_EVIDENT,INJURIES_NO_INDICATION,INJURIES_UNKNOWN,CRASH_HOUR,CRASH_DAY_OF_WEEK,CRASH_MONTH,LATITUDE,LONGITUDE,LOCATION
fd475a35030f456d6ec61ddb257a843fb6c55554f1f1e6ef3b14517638a216fa55924a35d70225b19c938f87058b0a563082daf3bbdf2f5d77afdf8e9e93e1bb,,07/29/2025 01:25:00 PM,30,NO CONTROLS,NO CONTROLS,CLEAR,DAYLIGHT,SIDESWIPE SAME DIRECTION,ONE-WAY,,STRAIGHT AND LEVEL,DRY,NO DEFECTS,ON SCENE,INJURY AND / OR TOW DUE TO CRASH,N,,,"OVER $1,500",07/29/2025 01:28:00 PM,NOT APPLICABLE,NOT APPLICABLE,839,N,KEYSTONE AVE,1111,,,,,,,2,"REPORTED, NOT EVIDENT",1,0,0,0,1,2,0,13,3,7,41.8965628923,-87.7272040756,POINT (-87.727204075624 41.89656289233)
7f41ac0b8139798f1cfb7fb01a52be1f63587a861d11029e30df36c6bfd8c21234f620eb824ae8e59d3cae2ed84403a37fe89a4688952db61832ec6017217381,,07/29/2025 01:22:00 PM,30,UNKNOWN,UNKNOWN,CLEAR,DAYLIGHT,REAR END,ONE-WAY,,STRAIGHT AND LEVEL,UNKNOWN,UNKNOWN,NOT ON SCENE (DESK REPORT),NO INJURY / DRIVE AWAY,,,Y,"OVER $1,500",07/29/2025 02:50:00 PM,UNABLE TO DETERMINE,UNABLE TO DETERMINE,520,N,DEARBORN ST,1831,,,,,,,3,NO INDICATION OF INJURY,0,0,0,0,0,3,0,13,3,7,41.8916012848,-87.6297967052,POINT (-87.629796705231 41.891601284754)
3721cd79294c27590618cd54a48d3e202c0cac4be68b7f04a5ab2585e005ff8174ef40e928d6c939c8075f1f092ad973b9462580d64260cf75499e9cdefe1467,,07/29/2025 01:21:00 PM,10,NO CONTROLS,NO CONTROLS,CLEAR,DAYLIGHT,PARKED MOTOR VEHICLE,PARKING LOT,,STRAIGHT AND LEVEL,DRY,NO DEFECTS,NOT ON SCENE (DESK REPORT),NO INJURY / DRIVE AWAY,,Y,,"$501 - $1,500",07/29/2025 02:56:00 PM,NOT APPLICABLE,NOT APPLICABLE,5050,S,CICERO AVE,814,,,,,,,2,NO INDICATION OF INJURY,0,0,0,0,0,2,0,13,3,7,41.8006425536,-87.7431134692,POINT (-87.743113469205 41.800642553587)
28f38c4dd03c5ea77781384619f28657086628a727042d893c194f100fa5fd5fec11bbff00d9206d6c6093e91a387f60360a7c5da72b24d21115bfe8d36ae645,,07/29/2025 01:20:00 PM,15,NO CONTROLS,NO CONTROLS,CLEAR,DAYLIGHT,PARKED MOTOR VEHICLE,PARKING LOT,,STRAIGHT AND LEVEL,DRY,UNKNOWN,NOT ON SCENE (DESK REPORT),NO INJURY / DRIVE AWAY,,,Y,"OVER $1,500",07/29/2025 02:50:00 PM,DRIVING SKILLS/KNOWLEDGE/EXPERIENCE,NOT APPLICABLE,6732,N,WESTERN AVE,2412,,,,,,,2,NO INDICATION OF INJURY,0,0,0,0,0,3,0,13,3,7,42.0041950295,-87.6901967706,POINT (-87.690196770628 42.004195029463)
97ea357bf0a9a0fbfdb8a4b28ecdc423be961c0b918f069d8f48c71493e57abbc8c58ede8c1cfaabbc34c5b5ccd7d110a1375c63dd390c581fce0e2b2342a729,,07/29/2025 01:17:00 PM,30,NO CONTROLS,NO CONTROLS,CLEAR,DAYLIGHT,PARKED MOTOR VEHICLE,NOT DIVIDED,,STRAIGHT AND LEVEL,DRY,NO DEFECTS,NOT ON SCENE (DESK REPORT),NO INJURY / DRIVE AWAY,,,,"OVER $1,500",07/29/2025 01:50:00 PM,FOLLOWING TOO CLOSELY,NOT APPLICABLE,3750,N,KEDZIE AVE,1733,,,,,,,2,NO INDICATION OF INJURY,0,0,0,0,0,1,0,13,3,7,41.9499602678,-87.7080561754,POINT (-87.708056175378 41.949960267764)
27860d703641867ec2cad3cd68bdee7930f7ef7139f9f04234dfd236f98240629c826dc515f52f446d1361eeb21cb5959459e39d1119c7c3a18a6cf2fdbb966d,,07/29/2025 01:15:00 PM,10,NO CONTROLS,NO CONTROLS,CLEAR,DAYLIGHT,REAR TO FRONT,ALLEY,,STRAIGHT AND LEVEL,DRY,NO DEFECTS,ON SCENE,INJURY AND / OR TOW DUE TO CRASH,,,,"OVER $1,500",07/29/2025 01:20:00 PM,UNABLE TO DETERMINE,NOT APPLICABLE,10242,S,HALSTED ST,2232,,,,Y,MAINTENANCE,,2,NO INDICATION OF INJURY,0,0,0,0,0,2,0,13,3,7,41.7074578882,-87.6429959566,POINT (-87.642995956592 41.707457888208)
49859bec97598fb7c397aebb9e40eb1cdcbf8c5778104a77831a53b95ba58600f346c2c6942675d62eb3ed8884fa78660cb29c5912a9d93da1dced6d17660762,,07/29/2025 01:10:00 PM,30,UNKNOWN,UNKNOWN,UNKNOWN,UNKNOWN,PARKED MOTOR VEHICLE,NOT DIVIDED,,STRAIGHT AND LEVEL,UNKNOWN,UNKNOWN,NOT ON SCENE (DESK REPORT),NO INJURY / DRIVE AWAY,,,,$500 OR LESS,07/29/2025 05:15:00 PM,UNABLE TO DETERMINE,UNABLE TO DETERMINE,11800,S,BELL AVE,2212,,,,,,,2,NO INDICATION OF INJURY,0,0,0,0,0,1,0,13,3,7,41.6792448375,-87.6781305054,POINT (-87.678130505399 41.679244837509)
b1d74680829de0608657bbb6efd6440c093d16bb5ce47a908e71c79f5a57ab4c8ba81c381704fa0e31e082d76e0aab4165466bae870499b83eaee22c541ce9a7,,07/29/2025 01:00:00 PM,30,TRAFFIC SIGNAL,FUNCTIONING PROPERLY,CLEAR,DAYLIGHT,TURNING,DIVIDED - W/MEDIAN (NOT RAISED),,STRAIGHT AND LEVEL,DRY,NO DEFECTS,NOT ON SCENE (DESK REPORT),NO INJURY / DRIVE AWAY,Y,,Y,"OVER $1,500",07/29/2025 03:35:00 PM,IMPROPER TURNING/NO SIGNAL,NOT APPLICABLE,6559,S,COAST GUARD DR,331,,,,,,,2,NO INDICATION OF INJURY,0,0,0,0,0,5,0,13,3,7,41.7754426805,-87.5749646714,POINT (-87.574964671375 41.77544268052)
beb12d112fe5545e887b3947c4b71210038251eb249d20f544b567246a25433747fa0b3921413fc966abe91efee0713ada5d87691ff34fc34a8f990138eac956,,07/29/2025 01:00:00 PM,30,STOP SIGN/FLASHER,FUNCTIONING PROPERLY,CLEAR,DAYLIGHT,SIDESWIPE SAME DIRECTION,FOUR WAY,,STRAIGHT AND LEVEL,DRY,UNKNOWN,NOT ON SCENE (DESK REPORT),NO INJURY / DRIVE AWAY,Y,,,"OVER $1,500",07/29/2025 02:32:00 PM,FAILING TO YIELD RIGHT-OF-WAY,NOT APPLICABLE,5356,W,DIVERSEY AVE,2514,,,,,,,2,NO INDICATION OF INJURY,0,0,0,0,0,2,0,13,3,7,41.9314490643,-87.7611378971,POINT (-87.761137897088 41.931449064319)
cb7843eb123c846490975f0e0ca858c15a4843c113cc4af1bc257051b74155dd362924b03117308d66b8527af5ec08e0bda269a6314595a6bb41644bb77691cc,,07/29/2025 01:00:00 PM,30,TRAFFIC SIGNAL,FUNCTIONING PROPERLY,CLEAR,DAYLIGHT,REAR END,NOT DIVIDED,,STRAIGHT AND LEVEL,DRY,UNKNOWN,NOT ON SCENE (DESK REPORT),INJURY AND / OR TOW DUE TO CRASH,,,,"OVER $1,500",08/08/2025 01:30:00 PM,FOLLOWING TOO CLOSELY,UNABLE TO DETERMINE,1752,S,ASHLAND AVE,1234,,,,,,,2,NONINCAPACITATING INJURY,1,0,0,1,0,1,0,13,3,7,41.8578353731,-87.6662869258,POINT (-87.666286925811 41.857835373074)
ea53c81ab5dde9d23a2a7fa3462af3d986dc0686525bdaa61ae1dad496211c670ca00392c83fd5a84016d175364d2fc3686062e398679ae2af28d5f0e1cb3b37,,07/29/2025 01:00:00 PM,30,NO CONTROLS,NO CONTROLS,CLEAR,DAYLIGHT,SIDESWIPE SAME DIRECTION,DIVIDED - W/MEDIAN (NOT RAISED),,STRAIGHT AND LEVEL,DRY,NO DEFECTS,ON SCENE,NO INJURY / DRIVE AWAY,,,,"OVER $1,500",07/29/2025 01:10:00 PM,IMPROPER OVERTAKING/PASSING,UNABLE TO DETERMINE,1323,W,HENDERSON ST,1924,,,,,,,2,NO INDICATION OF INJURY,0,0,0,0,0,2,0,13,3,7,41.9424129837,-87.6624162747,POINT (-87.662416274701 41.94241298371)
ebeda10a86621e95f827f1205ddee3af87759a82d355014113a8f963a97652cdd271769d58460b4e13e6992fc58005a4d9cc540da2c8c59d4c891d97d7c8865d,,07/29/2025 12:55:00 PM,30,STOP SIGN/FLASHER,FUNCTIONING PROPERLY,CLEAR,DAYLIGHT,ANGLE,FOUR WAY,,STRAIGHT AND LEVEL,DRY,NO DEFECTS,ON SCENE,INJURY AND / OR TOW DUE TO CRASH,,,Y,"$501 - $1,500",07/29/2025 12:56:00 PM,UNABLE TO DETERMINE,UNABLE TO DETERMINE,299,E,59TH ST,232,,,,,,,2,"REPORTED, NOT EVIDENT",1,0,0,0,1,1,0,12,3,7,41.7873604762,-87.6191225202,POINT (-87.619122520168 41.787360476155)
f030efba57f75cbf2104fe2b12c8386ceee558198c13afa1b590ebd92925c2adee4953592ec2f98fc9ae7bafdecee5a086d65441b97f038d810df9626c33c680,,07/29/2025 12:54:00 PM,30,STOP SIGN/FLASHER,FUNCTIONING PROPERLY,CLEAR,DAYLIGHT,ANGLE,FOUR WAY,,STRAIGHT AND LEVEL,DRY,NO DEFECTS,,INJURY AND / OR TOW DUE TO CRASH,,,,"OVER $1,500",07/29/2025 03:30:00 PM,DISREGARDING TRAFFIC SIGNALS,NOT APPLICABLE,5900,S,PRAIRIE AVE,232,,,,,,,2,NO INDICATION OF INJURY,0,0,0,0,0,3,0,12,3,7,41.787377715,-87.6191886937,POINT (-87.619188693691 41.787377715015)
dae149e0e6fe43e65bb22d76a5666177bf936343ab4e5942e5e9336e44d256d1fe58f7cb6e1d1b138f5ffe72c3aeae23a6f2f67e75bb4ee197c6b649902b0c20,,07/29/2025 12:51:00 PM,30,UNKNOWN,UNKNOWN,UNKNOWN,UNKNOWN,HEAD ON,UNKNOWN,,STRAIGHT AND LEVEL,UNKNOWN,UNKNOWN,NOT ON SCENE (DESK REPORT),INJURY AND / OR TOW DUE TO CRASH,,,Y,"OVER $1,500",07/29/2025 05:13:00 PM,UNABLE TO DETERMINE,NOT APPLICABLE,12900,S,DOTY AVE E,434,,,,,,,2,NO INDICATION OF INJURY,0,0,0,0,0,2,0,12,3,7,41.6618465624,-87.5880638975,POINT (-87.588063897541 41.661846562422)
4640043595913c77e0e41bc08c2a0833bd6816265ef5277dbc651ab274ff4a5a8b779472ce52797e7d7df032e6ae47d78e024e81d9ea12a10908767b45548804,,07/29/2025 12:49:00 PM,30,TRAFFIC SIGNAL,UNKNOWN,CLEAR,DAYLIGHT,REAR END,NOT DIVIDED,,STRAIGHT AND LEVEL,DRY,UNKNOWN,NOT ON SCENE (DESK REPORT),NO INJURY / DRIVE AWAY,,,Y,"$501 - $1,500",07/31/2025 09:30:00 AM,UNABLE TO DETERMINE,UNABLE TO DETERMINE,240,N,CLARK ST,122,N,N,,,,,2,NO INDICATION OF INJURY,0,0,0,0,0,2,0,12,3,7,41.8867880645,-87.6311473884,POINT (-87.631147388391 41.886788064498)
54c2f66a3f2472659e62d654c4d51d63bfef271fb4e6f258b79c5fab270e7c18b33bce0b95f8f6c7bacac4f35e33fa961394f57958eaea42da583be7957c8158,,07/29/2025 12:49:00 PM,30,NO CONTROLS,FUNCTIONING PROPERLY,CLEAR,DAYLIGHT,TURNING,NOT DIVIDED,,STRAIGHT AND LEVEL,DRY,NO DEFECTS,ON SCENE,INJURY AND / OR TOW DUE TO CRASH,Y,,,"OVER $1,500",07/29/2025 12:49:00 PM,FAILING TO YIELD RIGHT-OF-WAY,NOT APPLICABLE,900,S,CLARK ST,123,,,,,,,2,NO INDICATION OF INJURY,0,0,0,0,0,2,0,12,3,7,41.8704734936,-87.6307062426,POINT (-87.630706242584 41.870473493584)
ee2bca4859277a9efe3fc02c0d31022d9bf87607065295c1e9be5b2f71ff360eae506a0609b27a72fc2f6937551e6eddf7e00d51308c35d15d3208872d68a181,,07/29/2025 12:49:00 PM,15,NO CONTROLS,NO CONTROLS,CLEAR,DAYLIGHT,PARKED MOTOR VEHICLE,PARKING LOT,,STRAIGHT AND LEVEL,DRY,NO DEFECTS,ON SCENE,INJURY AND / OR TOW DUE TO CRASH,,Y,Y,"OVER $1,500",07/29/2025 12:49:00 PM,DRIVING SKILLS/KNOWLEDGE/EXPERIENCE,NOT APPLICABLE,2844,W,47TH ST,922,,,,,,,2,"REPORTED, NOT EVIDENT",1,0,0,0,1,1,0,12,3,7,41.808358801,-87.6960005479,POINT (-87.696000547872 41.808358800968)
7bfe916c7fefb60e328b97b3a08976a07bfd2ea3d639aaa4a2ea63978f36900d117b0540b2f438fcd71a27064e5313616ea64ab4b55ee128a0822e52a29648d0,,07/29/2025 12:47:00 PM,30,NO CONTROLS,NO CONTROLS,CLEAR,DAYLIGHT,TURNING,NOT DIVIDED,,STRAIGHT AND LEVEL,DRY,NO DEFECTS,ON SCENE,NO INJURY / DRIVE AWAY,,,,"OVER $1,500",07/29/2025 12:55:00 PM,FAILING TO YIELD RIGHT-OF-WAY,NOT APPLICABLE,3501,N,CICERO AVE,1731,,,,,,,3,NO INDICATION OF INJURY,0,0,0,0,0,2,0,12,3,7,41.9446987236,-87.7468791921,POINT (-87.746879192091 41.944698723617)
366c215c355a11e78243c52ea392ad153356fd50a227c585ed355bfab1dc8dec030fb24a0c9dde524737feefabf0b03f53d79b25f1a9aa2f119d6365bca05e56,,07/29/2025 12:45:00 PM,25,NO CONTROLS,NO CONTROLS,CLEAR,DAYLIGHT,TURNING,NOT DIVIDED,,STRAIGHT AND LEVEL,DRY,NO DEFECTS,NOT ON SCENE (DESK REPORT),NO INJURY / DRIVE AWAY,,,Y,"OVER $1,500",07/29/2025 03:00:00 PM,UNABLE TO DETERMINE,UNABLE TO DETERMINE,63,E,LAKE ST,111,,,,,,,2,NO INDICATION OF INJURY,0,0,0,0,0,2,0,12,3,7,41.8856197032,-87.6257604352,POINT (-87.62576043519 41.885619703216)
66a6eaeb3f94193d0a798f0563f9c8eeb0659ee5df3db4d994cf12b2bb7e937738b17ad09bc620c6868e99a417ce0ad6970fbffab83cb2bbcdbb2ae0459e4358,,07/29/2025 12:45:00 PM,30,NO CONTROLS,NO CONTROLS,CLEAR,DAYLIGHT,PARKED MOTOR VEHICLE,DIVIDED - W/MEDIAN (NOT RAISED),,STRAIGHT AND LEVEL,DRY,NO DEFECTS,NOT ON SCENE (DESK REPORT),NO INJURY / DRIVE AWAY,,,Y,$500 OR LESS,08/02/2025 08:20:00 AM,UNABLE TO DETERMINE,UNABLE TO DETERMINE,180,N,ADA ST,1224,,,,,,,2,NO INDICATION OF INJURY,0,0,0,0,0,1,0,12,3,7,41.8852708264,-87.660909998,POINT (-87.66090999804 41.885270826398)
5c9398ac06cc39684e81ed8d3d5412791ddf73d98fec12b7f4832fbafa0c63c1ba0bfc888080ab94437537515221ef445e101e65d67c802c2deadacf36eaa4fe,,07/29/2025 12:40:00 PM,30,NO CONTROLS,NO CONTROLS,CLEAR,DAYLIGHT,PARKED MOTOR VEHICLE,ONE-WAY,,STRAIGHT AND LEVEL,DRY,UNKNOWN,ON SCENE,NO INJURY / DRIVE AWAY,,,,"OVER $1,500",07/29/2025 01:01:00 PM,DRIVING SKILLS/KNOWLEDGE/EXPERIENCE,UNABLE TO DETERMINE,5317,W,LELAND AVE,1623,,,,,,,2,NO INDICATION OF INJURY,0,0,0,0,0,3,0,12,3,7,41.9654731366,-87.7609059153,POINT (-87.760905915284 41.965473136599)
c80fc0717033e254b74d4a3b218f3184de9541d9c0d6b9d22ded13d6c9a5664523c5bdd5d456de850b20c8cefe11fd374f9c1f1e614eb528b3c2d87baebe352a,,07/29/2025 12:35:00 PM,20,NO CONTROLS,NO CONTROLS,CLEAR,DAYLIGHT,PEDESTRIAN,ALLEY,,STRAIGHT AND LEVEL,DRY,UNKNOWN,ON SCENE,INJURY AND / OR TOW DUE TO CRASH,,,,"OVER $1,500",07/29/2025 12:46:00 PM,UNABLE TO DETERMINE,UNABLE TO DETERMINE,3312,W,PIERCE AVE,1422,,,,,,,3,NONINCAPACITATING INJURY,1,0,0,1,0,1,0,12,3,7,41.9092646856,-87.7100185825,POINT (-87.710018582455 41.909264685646)
66d9be7af471d564d08ade09ccfae4eb6be517589e1e08c27282115c404b1baa80720d551d2ac04c90db952ee4af288ed090368b8aa4eefb8fdcd94934006a44,,07/29/2025 12:30:00 PM,30,NO CONTROLS,NO CONTROLS,CLEAR,DAYLIGHT,OTHER OBJECT,DIVIDED - W/MEDIAN (NOT RAISED),,STRAIGHT AND LEVEL,UNKNOWN,UNKNOWN,ON SCENE,INJURY AND / OR TOW DUE TO CRASH,Y,,Y,"$501 - $1,500",07/29/2025 05:16:00 PM,FAILING TO YIELD RIGHT-OF-WAY,UNABLE TO DETERMINE,9500,S,GREENWOOD AVE,511,,,,,,,2,NONINCAPACITATING INJURY,1,0,0,1,0,1,0,12,3,7,41.7220619428,-87.597354932,POINT (-87.597354931999 41.722061942791)
61e9ff4c940df6f284e0119969fa1d417db66d7d9e071397f8b4d2af0bc98ec1dd55b1884a8791f88ef990c3bb511ccd4ee15b411837a5db177378a8899f3a5c,,07/29/2025 12:27:00 PM,15,NO CONTROLS,NO CONTROLS,CLEAR,DAYLIGHT,PARKED MOTOR VEHICLE,PARKING LOT,,STRAIGHT AND LEVEL,DRY,NO DEFECTS,NOT ON SCENE (DESK REPORT),NO INJURY / DRIVE AWAY,,,,"$501 - $1,500",08/06/2025 03:30:00 PM,HAD BEEN DRINKING (USE WHEN ARREST IS NOT MADE),NOT APPLICABLE,20,E,RANDOLPH ST,111,,,,,,,2,NO INDICATION OF INJURY,0,0,0,0,0,1,0,12,3,7,41.8846028549,-87.6271869402,POINT (-87.627186940196 41.884602854888)
711149fb62341649de9a4b3b54029289fc8ec12c372e51187081c2e97e2d142e1082aa2d2e1cb430f3f634a993ebd8f8f6e758b5316ec2d4c02e516562944a5c,,07/29/2025 12:22:00 PM,30,NO CONTROLS,NO CONTROLS,CLEAR,DAYLIGHT,PEDALCYCLIST,NOT DIVIDED,,STRAIGHT AND LEVEL,DRY,NO DEFECTS,ON SCENE,INJURY AND / OR TOW DUE TO CRASH,Y,,Y,$500 OR LESS,07/29/2025 12:24:00 PM,FAILING TO REDUCE SPEED TO AVOID CRASH,NOT APPLICABLE,3505,W,CHICAGO AVE,1121,,,,,,,2,"REPORTED, NOT EVIDENT",1,0,0,0,1,1,0,12,3,7,41.8953715288,-87.7140786685,POINT (-87.714078668542 41.89537152884)
a24a6dcd5272a9264bd3ac636697b2ea71ef4a0fc36e1e62168b2d902bd852eecc96f600afe321aeba9f0c5c14402dbf47f9aa19767aa6a4691b33f471182fc7,,07/29/2025 12:20:00 PM,30,TRAFFIC SIGNAL,FUNCTIONING PROPERLY,CLEAR,DAYLIGHT,REAR END,NOT DIVIDED,,STRAIGHT AND LEVEL,DRY,UNKNOWN,NOT ON SCENE (DESK REPORT),NO INJURY / DRIVE AWAY,,,,"OVER $1,500",07/29/2025 08:15:00 PM,UNABLE TO DETERMINE,NOT APPLICABLE,6,E,87TH ST,632,,,,,,,2,NO INDICATION OF INJURY,0,0,0,0,0,2,0,12,3,7,41.7364147774,-87.6239220206,POINT (-87.623922020594 41.736414777356)
f09a0e11ac63787deaced109137357d45fa541983801b1e7e4e4412216572ba2b9dbb05fa29c39a78e045d9de8454ca5bb8dbb25628c9883c0f2e258460d7d19,,07/29/2025 12:20:00 PM,30,NO CONTROLS,NO CONTROLS,CLEAR,DAYLIGHT,TURNING,NOT DIVIDED,,STRAIGHT AND LEVEL,UNKNOWN,UNKNOWN,NOT ON SCENE (DESK REPORT),NO INJURY / DRIVE AWAY,,,,"OVER $1,500",07/29/2025 12:30:00 PM,UNABLE TO DETERMINE,UNABLE TO DETERMINE,4758,N,MILWAUKEE AVE,1623,,,,,,,2,NO INDICATION OF INJURY,0,0,0,0,0,2,0,12,3,7,41.9669756608,-87.7601477043,POINT (-87.760147704254 41.966975660842)
d495bfcc7e8b4d0049a3790f8dacd869affab1a312bf43d9a57f3017f470e5bcae3b2c67df8eb342279139783141e5c99d662b7c5e4d641a223276a81ec1720d,,07/29/2025 12:15:00 PM,30,TRAFFIC SIGNAL,UNKNOWN,UNKNOWN,DAYLIGHT,SIDESWIPE SAME DIRECTION,NOT DIVIDED,,STRAIGHT AND LEVEL,UNKNOWN,UNKNOWN,NOT ON SCENE (DESK REPORT),NO INJURY / DRIVE AWAY,,,Y,"OVER $1,500",08/05/2025 09:21:00 AM,DRIVING SKILLS/KNOWLEDGE/EXPERIENCE,UNABLE TO DETERMINE,100,S,LAKE SHORE DR NB,114,,,,,,,2,NO INDICATION OF INJURY,0,0,0,0,0,2,0,12,3,7,41.8808560477,-87.6176358918,POINT (-87.617635891755 41.880856047671)
7e17b8eda91325e721f63cc34551746c4f077b2bee50cd6f24b403e7fe059c4e0daf655a608080e9b922822717a2954147937e063e2641dfd0ab2c2cd605e3fe,,07/29/2025 12:05:00 PM,30,NO CONTROLS,NO CONTROLS,CLEAR,DAYLIGHT,PARKED MOTOR VEHICLE,NOT DIVIDED,,STRAIGHT AND LEVEL,DRY,NO DEFECTS,ON SCENE,NO INJURY / DRIVE AWAY,,,Y,"OVER $1,500",07/29/2025 12:08:00 PM,UNABLE TO DETERMINE,UNABLE TO DETERMINE,2553,W,82ND ST,835,,,,,,,2,NO INDICATION OF INJURY,0,0,0,0,0,1,0,12,3,7,41.744457594,-87.6872713305,POINT (-87.68727133048 41.744457594017)
9015da568992951027add5c759371c4770a5ea0db45db6fd30bfa734ed9c9f8f649348be31626f7cfd796bf9fd2180c3cdef33bb34c3a2ec0d0209dede1efbe1,,07/29/2025 12:01:00 PM,30,TRAFFIC SIGNAL,FUNCTIONING PROPERLY,CLEAR,DAYLIGHT,SIDESWIPE SAME DIRECTION,DIVIDED - W/MEDIAN BARRIER,,STRAIGHT AND LEVEL,UNKNOWN,UNKNOWN,ON SCENE,NO INJURY / DRIVE AWAY,,,,"OVER $1,500",07/29/2025 12:01:00 PM,IMPROPER OVERTAKING/PASSING,NOT APPLICABLE,1801,S,STATE ST,131,,,,,,,2,NO INDICATION OF INJURY,0,0,0,0,0,2,0,12,3,7,41.8577494208,-87.6270477872,POINT (-87.627047787153 41.85774942081)
0f368ae391b1a209004893b3f0cfb2fbfbb9987a9ceaef94039b438bf2beeb99cd22f32645a0cc78e0cf66337dfaef04a231255ff7c6a1ee51e1b829b9d21995,,07/29/2025 12:00:00 PM,30,NO CONTROLS,NO CONTROLS,CLEAR,DAYLIGHT,SIDESWIPE SAME DIRECTION,DIVIDED - W/MEDIAN (NOT RAISED),,STRAIGHT AND LEVEL,DRY,NO DEFECTS,,NO INJURY / DRIVE AWAY,,,Y,"$501 - $1,500",07/29/2025 01:39:00 PM,IMPROPER OVERTAKING/PASSING,NOT APPLICABLE,3742,S,KEDZIE AVE,911,,,,,,,2,NO INDICATION OF INJURY,0,0,0,0,0,2,0,12,3,7,41.8247884262,-87.7046081287,POINT (-87.704608128741 41.824788426177)
13fca5be65d5b8c49b39383c50792f2513e38986ab64f9f8a76ea5d023e68e02735b171393d48208378b3dae6f086a2965e5050a0b4d3e3a73c26bd4adb9b27d,,07/29/2025 12:00:00 PM,30,TRAFFIC SIGNAL,FUNCTIONING PROPERLY,UNKNOWN,DAYLIGHT,ANGLE,FOUR WAY,,STRAIGHT AND LEVEL,UNKNOWN,UNKNOWN,,NO INJURY / DRIVE AWAY,Y,,,"OVER $1,500",07/29/2025 01:30:00 PM,UNABLE TO DETERMINE,NOT APPLICABLE,474,N,LAKE SHORE DR NB,1834,,,,,,,2,NO INDICATION OF INJURY,0,0,0,0,0,2,0,12,3,7,41.8906913834,-87.614384797,POINT (-87.614384796968 41.890691383396)
9f9c463da0df8f7d838973ab3c8a4d306f39024d13fa10baf8af436c31b9e5c5b364f1b75e100cdaa5bfc26cc01593eac332e5976538e15d0dceca1bc03aea1c,,07/29/2025 12:00:00 PM,30,NO CONTROLS,NO CONTROLS,CLEAR,DAYLIGHT,PARKED MOTOR VEHICLE,NOT DIVIDED,,STRAIGHT AND LEVEL,DRY,NO DEFECTS,NOT ON SCENE (DESK REPORT),NO INJURY / DRIVE AWAY,,,,"$501 - $1,500",07/30/2025 02:00:00 PM,IMPROPER BACKING,IMPROPER BACKING,6656,S,STEWART AVE,722,,,,,,,2,NO INDICATION OF INJURY,0,0,0,0,0,2,0,12,3,7,41.7727398667,-87.6350033888,POINT (-87.635003388841 41.772739866661)
fb5152f68a95dd9ee42940d5bc22c6fea0d966e6b0d200ed4631629c3568aba12cdc7129b2aa9382aa810593b24f6c8e3532067f8aea1c8e587c5050a8a8abc9,,07/29/2025 12:00:00 PM,30,NO CONTROLS,NO CONTROLS,CLEAR,DAYLIGHT,PARKED MOTOR VEHICLE,NOT DIVIDED,,STRAIGHT AND LEVEL,DRY,NO DEFECTS,ON SCENE,NO INJURY / DRIVE AWAY,,,,"OVER $1,500",07/29/2025 12:05:00 PM,FOLLOWING TOO CLOSELY,UNABLE TO DETERMINE,1230,W,33RD ST,913,,,,,,,2,NO INDICATION OF INJURY,0,0,0,0,0,1,0,12,3,7,41.834391284,-87.6575246504,POINT (-87.657524650352 41.834391283956)
3067ac105b12284563b937d75515bf75e509f22d2280bf63d8173e22ffa59b39feaa43b4063b60fffe84436f6d1f258505bc79e4b6173659286f4ed95818c640,,07/29/2025 11:55:00 AM,30,TRAFFIC SIGNAL,FUNCTIONING PROPERLY,CLEAR,DAYLIGHT,REAR END,DIVIDED - W/MEDIAN (NOT RAISED),,STRAIGHT AND LEVEL,DRY,NO DEFECTS,NOT ON SCENE (DESK REPORT),NO INJURY / DRIVE AWAY,,,,$500 OR LESS,07/31/2025 09:50:00 AM,FOLLOWING TOO CLOSELY,UNABLE TO DETERMINE,4385,N,MILWAUKEE AVE,1624,,,,,,,2,NO INDICATION OF INJURY,0,0,0,0,0,2,0,11,3,7,41.960645989,-87.7543130142,POINT (-87.754313014235 41.960645989038)