CRASH_RECORD_ID,CRASH_DATE_EST_I,CRASH_DATE,POSTED_SPEED_LIMIT,TRAFFIC_CONTROL_DEVICE,DEVICE_CONDITION,WEATHER_CONDITION,LIGHTING_CONDITION,FIRST_CRASH_TYPE,TRAFFICWAY_TYPE,LANE_CNT,ALIGNMENT,ROADWAY_SURFACE_COND,ROAD_DEFECT,REPORT_TYPE,CRASH_TYPE,INTERSECTION_RELATED_I,NOT_RIGHT_OF_WAY_I,HIT_AND_RUN_I,DAMAGE,DATE_POLICE_NOTIFIED,PRIM_CONTRIBUTORY_CAUSE,SEC_CONTRIBUTORY_CAUSE,STREET_NO,STREET_DIRECTION,STREET_NAME,BEAT_OF_OCCURRENCE,PHOTOS_TAKEN_I,STATEMENTS_TAKEN_I,DOORING_I,WORK_ZONE_I,WORK_ZONE_TYPE,WORKERS_PRESENT_I,NUM_UNITS,MOST_SEVERE_INJURY,INJURIES_TOTAL,INJURIES_FATAL,INJURIES_INCAPACITATING,INJURIES_NON_INCAPACITATING,INJURIES_REPORTED_NOT_EVIDENT,INJURIES_NO_INDICATION,INJURIES_UNKNOWN,CRASH_HOUR,CRASH_DAY_OF_WEEK,CRASH_MONTH,LATITUDE,LONGITUDE,LOCATION
9328019967107159cbe38b3789277175749bdc95cac80c892bd92df7368de096d36bbbb0973be7badb6309d2756a447d0fe97430efe1438f4327b033615c0f81,Y,07/29/2025 11:50:00 AM,10,NO CONTROLS,NO CONTROLS,UNKNOWN,DARKNESS,PARKED MOTOR VEHICLE,PARKING LOT,,STRAIGHT AND LEVEL,UNKNOWN,NO DEFECTS,NOT ON SCENE (DESK REPORT),NO INJURY / DRIVE AWAY,,,Y,$500 OR LESS,07/30/2025 09:31:00 AM,UNABLE TO DETERMINE,UNABLE TO DETERMINE,2027,W,ADAMS ST,1225,,,,,,,2,NO INDICATION OF INJURY,0,0,0,0,0,1,0,11,3,7,41.8786238659,-87.6777390808,POINT (-87.677739080831 41.878623865943)
cb6db2abc6724444c49386ee8134adcd5dd81e57388be71bb661d38ccaa78e359189d5da8eebf0741ce3da409dda4dbaa42c0f2552e57107613898c91f0b5026,,07/29/2025 11:50:00 AM,30,STOP SIGN/FLASHER,NO CONTROLS,CLEAR,DAYLIGHT,TURNING,NOT DIVIDED,,STRAIGHT AND LEVEL,DRY,NO DEFECTS,ON SCENE,NO INJURY / DRIVE AWAY,Y,,,"$501 - $1,500",07/29/2025 11:55:00 AM,DRIVING SKILLS/KNOWLEDGE/EXPERIENCE,FAILING TO YIELD RIGHT-OF-WAY,5634,W,DIVERSEY AVE,2514,,,,,,,2,NO INDICATION OF INJURY,0,0,0,0,0,2,0,11,3,7,41.9313679381,-87.7676803009,POINT (-87.767680300905 41.931367938131)
0c4a65d8bd0baa141e834b41e4801b306d05382c24517360d0df2a2c39a8bf091e91c0616e00c052208f0a4e73bcd26a6df9a8b1ffa1f9b3dea279c771455bf1,Y,07/29/2025 11:45:00 AM,15,NO CONTROLS,NO CONTROLS,RAIN,DAYLIGHT,PARKED MOTOR VEHICLE,PARKING LOT,,STRAIGHT AND LEVEL,DRY,UNKNOWN,NOT ON SCENE (DESK REPORT),NO INJURY / DRIVE AWAY,,N,,"OVER $1,500",07/29/2025 05:54:00 PM,DRIVING SKILLS/KNOWLEDGE/EXPERIENCE,NOT APPLICABLE,3525,W,PETERSON AVE,1711,,,,,,,2,NO INDICATION OF INJURY,0,0,0,0,0,1,0,11,3,7,41.9901698938,-87.71749465,POINT (-87.717494650001 41.990169893768)
bd02974ae405471c4922e4c5156c35b9de270dcc48b08363e58553c6fb3ca121f705107a92c4649d627b28b1c7f120b4c7cf18f847ba72682a656c2963829368,,07/29/2025 11:45:00 AM,30,NO CONTROLS,NO CONTROLS,CLEAR,DAYLIGHT,PARKED MOTOR VEHICLE,ONE-WAY,,STRAIGHT AND LEVEL,DRY,NO DEFECTS,ON SCENE,INJURY AND / OR TOW DUE TO CRASH,,,,"OVER $1,500",07/29/2025 11:54:00 AM,UNABLE TO DETERMINE,NOT APPLICABLE,6117,N,RAVENSWOOD AVE,2433,,,,,,,2,NO INDICATION OF INJURY,0,0,0,0,0,1,0,11,3,7,41.9926140839,-87.6747021768,POINT (-87.674702176763 41.992614083862)
bf5f2a4c43880a65817de5b679b3ccb232655e6e454ad5d189482a135ecbf262b5cf6adf7f8d3ebb78b56b92fae995f155acd0d2d97cf109cece67ae39db6df6,,07/29/2025 11:30:00 AM,30,NO CONTROLS,FUNCTIONING IMPROPERLY,CLEAR,DAYLIGHT,SIDESWIPE SAME DIRECTION,DIVIDED - W/MEDIAN (NOT RAISED),,STRAIGHT AND LEVEL,DRY,UNKNOWN,NOT ON SCENE (DESK REPORT),NO INJURY / DRIVE AWAY,,,Y,"OVER $1,500",07/29/2025 12:31:00 PM,IMPROPER LANE USAGE,NOT APPLICABLE,13000,S,INDIANA AVE,533,,,,,,,2,NO INDICATION OF INJURY,0,0,0,0,0,2,0,11,3,7,41.6590092158,-87.6174479065,POINT (-87.617447906473 41.659009215787)
79f8c2747db452262531ed892c90468e78d0728e72d60c1e204a27d88a45216676ab0076898b5568ec2b31afac6b0e43e1eeabcc854682c2e1f5fb3e39e1d8b2,,07/29/2025 11:29:00 AM,30,STOP SIGN/FLASHER,FUNCTIONING PROPERLY,CLEAR,DAYLIGHT,PEDESTRIAN,FOUR WAY,,STRAIGHT AND LEVEL,DRY,NO DEFECTS,ON SCENE,INJURY AND / OR TOW DUE TO CRASH,Y,,,$500 OR LESS,07/29/2025 11:29:00 AM,OBSTRUCTED CROSSWALKS,FAILING TO YIELD RIGHT-OF-WAY,1,E,GOETHE ST,1824,,,,,,,2,NONINCAPACITATING INJURY,1,0,0,1,0,1,0,11,3,7,41.9057095082,-87.6286707464,POINT (-87.628670746448 41.905709508166)
cea45da4999da807b80c60eb40d3728d64ea3ebe1da49cdf55b74f587e548426c09113a85614a3fd0e848bdfad4a58f73bed367a2d6bc26c9938bc425b147329,,07/29/2025 11:20:00 AM,30,NO CONTROLS,NO CONTROLS,CLEAR,DAYLIGHT,REAR END,NOT DIVIDED,,STRAIGHT AND LEVEL,DRY,NO DEFECTS,,NO INJURY / DRIVE AWAY,,,,"OVER $1,500",07/29/2025 12:26:00 PM,UNABLE TO DETERMINE,NOT APPLICABLE,5700,S,LAKE SHORE DR,331,,,,,,,2,NO INDICATION OF INJURY,0,0,0,0,0,2,0,11,3,7,41.7914202821,-87.5801477687,POINT (-87.580147768689 41.791420282098)
c5758b68e73856307462b32f25f7b36dc55f8b7af86f1bb732d7422308d0458dec9260b789efc4c52c3695f9dd84ce6548932d393681bf5a7a8c157aeef8274f,,07/29/2025 11:10:00 AM,30,OTHER,OTHER,CLEAR,DAYLIGHT,SIDESWIPE SAME DIRECTION,NOT DIVIDED,,STRAIGHT AND LEVEL,DRY,NO DEFECTS,ON SCENE,NO INJURY / DRIVE AWAY,,,,"OVER $1,500",07/29/2025 11:18:00 AM,UNABLE TO DETERMINE,NOT APPLICABLE,2307,N,DAMEN AVE,1432,,,,,,,2,NO INDICATION OF INJURY,0,0,0,0,0,2,0,11,3,7,41.9230458189,-87.6776649022,POINT (-87.677664902167 41.923045818942)
7cdb087b212173d570faa405a15c9a0891e0f748e384ef0bb12d90a58979b38483251593a8819f8c5179f539476e8ad91d80fc3e681ee618a373a323eafb181e,,07/29/2025 11:09:00 AM,30,NO CONTROLS,NO CONTROLS,CLEAR,DAYLIGHT,PARKED MOTOR VEHICLE,NOT DIVIDED,,STRAIGHT AND LEVEL,DRY,NO DEFECTS,ON SCENE,NO INJURY / DRIVE AWAY,,,,"OVER $1,500",07/29/2025 11:12:00 AM,UNABLE TO DETERMINE,UNABLE TO DETERMINE,2185,N,STAVE ST,1431,,,,,,,2,NO INDICATION OF INJURY,0,0,0,0,0,1,0,11,3,7,41.9209888179,-87.696725023,POINT (-87.69672502304 41.920988817865)
11d9d59d20a8dc0a5332982b9ae7ebcd4482aedba353744e6594dba645e4ba55ffff244e48a91ea994009690572df015dab9b1737ca6b7e7ccb50c295749d3a4,,07/29/2025 11:05:00 AM,40,NO CONTROLS,NO CONTROLS,CLEAR,DAYLIGHT,SIDESWIPE SAME DIRECTION,OTHER,,STRAIGHT AND LEVEL,DRY,NO DEFECTS,ON SCENE,NO INJURY / DRIVE AWAY,,,,"OVER $1,500",07/29/2025 11:10:00 AM,IMPROPER OVERTAKING/PASSING,NOT APPLICABLE,2500,N,LAKE SHORE DR NB,1935,,,,,,,2,NO INDICATION OF INJURY,0,0,0,0,0,2,0,11,3,7,41.9277139357,-87.6320148144,POINT (-87.632014814397 41.927713935716)
007b61c5dba13b48996e500fe5719f512f16950db6971699c174c68affd43a60d916681c148d3b6a55e113fdf7fce049621b2e9da1bbad9072fb660d8115b39a,,07/29/2025 11:00:00 AM,25,NO CONTROLS,NO CONTROLS,CLEAR,DAYLIGHT,PARKED MOTOR VEHICLE,NOT DIVIDED,,STRAIGHT AND LEVEL,DRY,NO DEFECTS,ON SCENE,NO INJURY / DRIVE AWAY,,,,"OVER $1,500",07/29/2025 11:30:00 AM,IMPROPER BACKING,NOT APPLICABLE,312,W,114TH ST,522,,,,,,,2,NO INDICATION OF INJURY,0,0,0,0,0,1,0,11,3,7,41.6871558319,-87.6307454542,POINT (-87.630745454208 41.687155831863)
10c98f478c6d420675a9ed4e2771fa79780d2c58b171d7d25ce85af3ad0b650ed5e312918558f7044458bfe3ececb7825db8113d44d989ccc454ed41bf17c4e7,,07/29/2025 11:00:00 AM,30,NO CONTROLS,NO CONTROLS,CLEAR,DAYLIGHT,PARKED MOTOR VEHICLE,NOT DIVIDED,,STRAIGHT AND LEVEL,DRY,NO DEFECTS,NOT ON SCENE (DESK REPORT),NO INJURY / DRIVE AWAY,,,Y,"OVER $1,500",07/29/2025 06:05:00 PM,UNABLE TO DETERMINE,UNABLE TO DETERMINE,1305,W,HENDERSON ST,1924,,,,,,,2,NO INDICATION OF INJURY,0,0,0,0,0,1,0,11,3,7,41.9424252469,-87.661739488,POINT (-87.66173948799 41.942425246902)
83753e4a4ac416d48a4155aef46b424851c2a3a797e40d0dad1fb0c80970bb6635148d6b43b80204a41573f44ced11c8b3bf25ab6a86bfcd681abb9f4cba6174,,07/29/2025 11:00:00 AM,30,TRAFFIC SIGNAL,FUNCTIONING PROPERLY,CLEAR,DAYLIGHT,REAR END,NOT DIVIDED,,STRAIGHT AND LEVEL,DRY,NO DEFECTS,NOT ON SCENE (DESK REPORT),NO INJURY / DRIVE AWAY,Y,,,"OVER $1,500",07/29/2025 11:32:00 AM,DRIVING SKILLS/KNOWLEDGE/EXPERIENCE,NOT APPLICABLE,632,N,DEARBORN ST,1832,,,,,,,2,NO INDICATION OF INJURY,0,0,0,0,0,2,0,11,3,7,41.8933593542,-87.6298451468,POINT (-87.629845146787 41.893359354192)
26c7dd629292e0b79fc572a1d3b47a1f39403d00c7eefe095e94fc40c86353c44855c407a616abae6ad6cc7e08b3450c1491b2c338aeb16cfa624cc173aaa114,,07/29/2025 10:53:00 AM,15,NO CONTROLS,NO CONTROLS,CLEAR,DAYLIGHT,ANGLE,ALLEY,,STRAIGHT AND LEVEL,DRY,NO DEFECTS,ON SCENE,INJURY AND / OR TOW DUE TO CRASH,,,Y,"OVER $1,500",07/29/2025 10:57:00 AM,FAILING TO REDUCE SPEED TO AVOID CRASH,NOT APPLICABLE,7908,S,LANGLEY AVE,624,,Y,,,,,2,NONINCAPACITATING INJURY,1,0,0,1,0,2,0,10,3,7,41.7509233634,-87.6077965477,POINT (-87.607796547673 41.750923363422)
7a801afcd78a519a785ac94a3bc5222ff27837ec795b2199caa05e60cc23d75c06d7f530bfad0b36731ea49a9db0e00701d527612c54bb32e5b3f3e6bbee8e0c,,07/29/2025 10:50:00 AM,30,TRAFFIC SIGNAL,FUNCTIONING PROPERLY,CLEAR,DAYLIGHT,PEDALCYCLIST,FOUR WAY,,STRAIGHT AND LEVEL,UNKNOWN,UNKNOWN,ON SCENE,INJURY AND / OR TOW DUE TO CRASH,Y,,Y,"$501 - $1,500",07/29/2025 10:53:00 AM,FAILING TO YIELD RIGHT-OF-WAY,UNABLE TO DETERMINE,6400,N,CALDWELL AVE,1621,,,,,,,2,NONINCAPACITATING INJURY,1,0,0,1,0,1,0,10,3,7,41.9972314882,-87.7668182559,POINT (-87.766818255859 41.997231488192)
42f5ebab9454ce69d8e390c75914df1555c606b117d391d01d19669eb04922aa0714f13dc1fb53f705efcb9756c18dd93b65f21ef2c712e29f94ae9af6523f0e,,07/29/2025 10:45:00 AM,30,UNKNOWN,UNKNOWN,CLEAR,DAYLIGHT,SIDESWIPE SAME DIRECTION,UNKNOWN,,STRAIGHT AND LEVEL,DRY,UNKNOWN,NOT ON SCENE (DESK REPORT),NO INJURY / DRIVE AWAY,,,,"OVER $1,500",07/31/2025 03:40:00 PM,IMPROPER LANE USAGE,UNABLE TO DETERMINE,4700,S,LAKE PARK AVE,222,,,,,,,2,NO INDICATION OF INJURY,0,0,0,0,0,2,0,10,3,7,41.8095347808,-87.5924502234,POINT (-87.592450223394 41.809534780826)
9ebedcb764d87fff5c453ec594c9ed17661b82339f5919ef6201d6f8bd6386a149c7c463dfb9b65466d67877b9afae9427dc62836214037d807efeafc29c4b69,,07/29/2025 10:40:00 AM,30,NO CONTROLS,NO CONTROLS,CLEAR,DAYLIGHT,TURNING,NOT DIVIDED,,STRAIGHT AND LEVEL,DRY,NO DEFECTS,ON SCENE,NO INJURY / DRIVE AWAY,Y,,,"OVER $1,500",07/29/2025 10:42:00 AM,FAILING TO YIELD RIGHT-OF-WAY,NOT APPLICABLE,3101,W,BELMONT AVE,1411,,,,,,,2,NO INDICATION OF INJURY,0,0,0,0,0,2,0,10,3,7,41.939242767,-87.7048256266,POINT (-87.704825626589 41.939242767039)
d5030d1ce162a5f45aed6b080f31376c2a6ebd66bf7e8c657fd1112e5863703b097d442637fe5f3fcae02d63737bf5f36c6d1df021b95a8f71fe836f6c7b5858,,07/29/2025 10:40:00 AM,10,NO CONTROLS,NO CONTROLS,UNKNOWN,UNKNOWN,PARKED MOTOR VEHICLE,PARKING LOT,,STRAIGHT AND LEVEL,UNKNOWN,UNKNOWN,NOT ON SCENE (DESK REPORT),NO INJURY / DRIVE AWAY,,,Y,"OVER $1,500",07/29/2025 02:59:00 PM,UNABLE TO DETERMINE,UNABLE TO DETERMINE,3340,N,PULASKI RD,1731,,,,,,,2,NO INDICATION OF INJURY,0,0,0,0,0,1,0,10,3,7,41.9420026664,-87.7274198078,POINT (-87.727419807827 41.942002666379)
09a7dad12dec31adc6323754b4f143f6d6c16b361ec88bf217b7631b301cde10a6a9498c435e3f346bccd6ed5d4f9ca33e5100115b0eaceadd2105b3b10adcf9,,07/29/2025 10:30:00 AM,30,NO CONTROLS,NO CONTROLS,CLEAR,DAYLIGHT,PARKED MOTOR VEHICLE,DIVIDED - W/MEDIAN (NOT RAISED),,STRAIGHT AND LEVEL,DRY,NO DEFECTS,NOT ON SCENE (DESK REPORT),NO INJURY / DRIVE AWAY,,,Y,"OVER $1,500",07/29/2025 12:00:00 PM,UNABLE TO DETERMINE,NOT APPLICABLE,1309,S,CLAREMONT AVE,1233,,,,,,,2,NO INDICATION OF INJURY,0,0,0,0,0,1,0,10,3,7,41.8645188086,-87.6850159184,POINT (-87.685015918374 41.86451880857)
2744959f2f8b56359d735f357798ba05eef657d7f9adfba8612a9f8282fe15f614a4ef1d4edddfa79fca8f821e52e4efe9015babb327f6cf132cf868b6ed73c5,Y,07/29/2025 10:30:00 AM,30,NO CONTROLS,NO CONTROLS,UNKNOWN,UNKNOWN,PARKED MOTOR VEHICLE,ONE-WAY,,STRAIGHT AND LEVEL,UNKNOWN,UNKNOWN,NOT ON SCENE (DESK REPORT),NO INJURY / DRIVE AWAY,,,Y,"OVER $1,500",07/29/2025 06:15:00 PM,UNABLE TO DETERMINE,NOT APPLICABLE,7459,S,VERNON AVE,323,,,,,,,2,NO INDICATION OF INJURY,0,0,0,0,0,1,0,10,3,7,41.7585254229,-87.6137384321,POINT (-87.613738432054 41.758525422892)
4d641118d62e8d0f534c00e345bc063aa6dabef05d78d32fdcc2193de4e3936e1887d191cf2b121dd5f6a1b851d96342c51d54657fdfa49eb9b0376076918f54,,07/29/2025 10:30:00 AM,30,TRAFFIC SIGNAL,FUNCTIONING PROPERLY,CLEAR,DAYLIGHT,REAR END,FOUR WAY,,STRAIGHT AND LEVEL,DRY,NO DEFECTS,NOT ON SCENE (DESK REPORT),NO INJURY / DRIVE AWAY,Y,,,"OVER $1,500",07/30/2025 08:40:00 AM,UNABLE TO DETERMINE,NOT APPLICABLE,1700,W,CHICAGO AVE,1213,,,,,,,2,NO INDICATION OF INJURY,0,0,0,0,0,2,0,10,3,7,41.8961419129,-87.669792633,POINT (-87.669792632998 41.896141912909)
5f6eec25de824b0d7a70ace5fd8ecd8fce12357a3060646be4fe4fc140ebd4a59c46c699f20514f42dc67478496b45db0c19d43b8f3dbe49eec0875fa9c3f30a,,07/29/2025 10:30:00 AM,30,NO CONTROLS,NO CONTROLS,CLEAR,DAYLIGHT,REAR END,NOT DIVIDED,,STRAIGHT AND LEVEL,DRY,NO DEFECTS,ON SCENE,NO INJURY / DRIVE AWAY,,,,$500 OR LESS,07/29/2025 10:36:00 AM,NOT APPLICABLE,NOT APPLICABLE,4315,W,55TH ST,813,,,,,,,2,NO INDICATION OF INJURY,0,0,0,0,0,4,0,10,3,7,41.7930218149,-87.7312175585,POINT (-87.731217558534 41.793021814882)
93dd9674ced7ccf25f7ad6632575700ca0b11b97ce88f56f76306538feb70cfe63415403941b9e2be82d9a1a4b08039e9e6836a9dd0d4cedfa00c8e79af3920c,,07/29/2025 10:30:00 AM,30,NO CONTROLS,NO CONTROLS,CLEAR,DAYLIGHT,FIXED OBJECT,DIVIDED - W/MEDIAN BARRIER,,STRAIGHT AND LEVEL,DRY,NO DEFECTS,ON SCENE,INJURY AND / OR TOW DUE TO CRASH,,,,"OVER $1,500",07/29/2025 11:15:00 AM,ROAD ENGINEERING/SURFACE/MARKING DEFECTS,ROAD ENGINEERING/SURFACE/MARKING DEFECTS,8320,S,JEFFERY BLVD,412,,,,,,,1,NO INDICATION OF INJURY,0,0,0,0,0,1,0,10,3,7,41.7441450885,-87.5759956385,POINT (-87.57599563847 41.744145088488)
eb03194a0bbb20517fa1e2becdd9c51413d00c113551fdf293c381f4eab60ce3059596da79b58dfd238b4da83d6e0f72448b3b9b5fbe1a596ecf3543e18eec18,,07/29/2025 10:30:00 AM,30,NO CONTROLS,NO CONTROLS,CLEAR,DAYLIGHT,PARKED MOTOR VEHICLE,NOT DIVIDED,,STRAIGHT AND LEVEL,DRY,NO DEFECTS,ON SCENE,NO INJURY / DRIVE AWAY,,,,$500 OR LESS,07/29/2025 10:40:00 AM,UNABLE TO DETERMINE,NOT APPLICABLE,8700,S,COMMERCIAL AVE,423,,,,,,,2,NO INDICATION OF INJURY,0,0,0,0,0,1,0,10,3,7,41.7372855719,-87.5515751443,POINT (-87.551575144327 41.73728557189)
9907e6a62999a2b18ca204edfbee006349adbdebf00f1bb46c6260c91bb5d80b26135773eb94ec634a9dd33a1b27c92701867c7e71b5ec627ab24479f578ade8,,07/29/2025 10:20:00 AM,30,NO CONTROLS,NO CONTROLS,CLEAR,"DARKNESS, LIGHTED ROAD",PARKED MOTOR VEHICLE,NOT DIVIDED,,STRAIGHT AND LEVEL,UNKNOWN,NO DEFECTS,NOT ON SCENE (DESK REPORT),NO INJURY / DRIVE AWAY,,,Y,"OVER $1,500",07/31/2025 07:20:00 AM,UNABLE TO DETERMINE,UNABLE TO DETERMINE,5644,S,MORGAN ST,712,,,,,,,5,NO INDICATION OF INJURY,0,0,0,0,0,2,0,10,3,7,41.7910809882,-87.6500816883,POINT (-87.650081688254 41.791080988223)
42b6e46e7fcaa8744ff38ee43cb4c98f53ac80f8e5b67385f25c9106768b337d329f7e8bba2aacc6f08959e00d9b42facfc706c776df3cf28a0f38c5cf732838,,07/29/2025 10:15:00 AM,30,NO CONTROLS,NO CONTROLS,CLEAR,DAYLIGHT,REAR END,NOT DIVIDED,,STRAIGHT AND LEVEL,UNKNOWN,UNKNOWN,NOT ON SCENE (DESK REPORT),NO INJURY / DRIVE AWAY,,,,"OVER $1,500",07/29/2025 10:35:00 AM,FOLLOWING TOO CLOSELY,UNABLE TO DETERMINE,3515,W,LAWRENCE AVE,1723,,,,,,,2,NO INDICATION OF INJURY,0,0,0,0,0,3,0,10,3,7,41.9682596826,-87.7165099607,POINT (-87.716509960716 41.96825968256)
80c0acdbd2d638110c35303fe611d53bc95022793f6dd4f2193b1efdd6e39303b22c3c6090bb2fc59fe2b4901679381aa126d2fa54a004414c07fc81cf062d8d,,07/29/2025 10:15:00 AM,30,NO CONTROLS,NO CONTROLS,UNKNOWN,DAYLIGHT,TURNING,NOT DIVIDED,,STRAIGHT AND LEVEL,UNKNOWN,NO DEFECTS,ON SCENE,INJURY AND / OR TOW DUE TO CRASH,,,Y,"$501 - $1,500",07/31/2025 10:04:00 AM,UNABLE TO DETERMINE,NOT APPLICABLE,4653,S,WESTERN BLVD,924,,,,,,,2,NONINCAPACITATING INJURY,1,0,0,1,0,1,0,10,3,7,41.8086127913,-87.6837320811,POINT (-87.683732081075 41.808612791332)
eaab3ea427f70930dc63f11f0614f482087bb984a06120aae6f833363aa5c5f024e8869258fd8682aca8d08cb16f50ebd2ee74c5c0f7c14147ab0b0a64d61183,,07/29/2025 10:15:00 AM,30,TRAFFIC SIGNAL,FUNCTIONING PROPERLY,CLEAR,DAYLIGHT,REAR END,DIVIDED - W/MEDIAN (NOT RAISED),,STRAIGHT AND LEVEL,DRY,NO DEFECTS,NOT ON SCENE (DESK REPORT),NO INJURY / DRIVE AWAY,Y,,,$500 OR LESS,07/29/2025 05:45:00 PM,UNABLE TO DETERMINE,NOT APPLICABLE,8700,S,COTTAGE GROVE AVE,632,,,,,,,2,NO INDICATION OF INJURY,0,0,0,0,0,2,0,10,3,7,41.7366015585,-87.6049681002,POINT (-87.604968100168 41.736601558476)
1eb449d2bc03da79f98e66ede35382988963b922143c13699ce584346218c862f0b60440f5c37b16446d176a896d59eeeea5da3411aec46db77060c87d2f9c1b,,07/29/2025 10:14:00 AM,40,NO CONTROLS,NO CONTROLS,CLEAR,DAYLIGHT,SIDESWIPE SAME DIRECTION,DIVIDED - W/MEDIAN BARRIER,,STRAIGHT AND LEVEL,DRY,NO DEFECTS,ON SCENE,INJURY AND / OR TOW DUE TO CRASH,,,Y,"OVER $1,500",07/29/2025 10:15:00 AM,UNABLE TO DETERMINE,UNABLE TO DETERMINE,2201,N,LAKE SHORE DR NB,1814,,,,,,,2,NONINCAPACITATING INJURY,1,0,0,1,0,2,0,10,3,7,41.9221711562,-87.6297659149,POINT (-87.629765914858 41.922171156214)
60852ad0c85d41691608cb9e50ee1be3868a6153cfd4c7422a8bd482f389764633aab8020b0523aeb179ea778f563627020378e8a76a447528bb91501d16021a,,07/29/2025 10:00:00 AM,25,UNKNOWN,UNKNOWN,CLEAR,DAYLIGHT,REAR END,DIVIDED - W/MEDIAN (NOT RAISED),,STRAIGHT AND LEVEL,DRY,NO DEFECTS,NOT ON SCENE (DESK REPORT),NO INJURY / DRIVE AWAY,,,,"OVER $1,500",07/29/2025 10:20:00 AM,UNABLE TO DETERMINE,UNABLE TO DETERMINE,2000,W,AUGUSTA BLVD,1212,,,,,,,3,NO INDICATION OF INJURY,0,0,0,0,0,3,0,10,3,7,41.899659372,-87.6772807667,POINT (-87.677280766683 41.899659371997)
d8452aa66d4c1909e65ba80140a16fcdb7ad8e96fe4302f03713c63e2438cf978b04c25d892724e5a8bf6ffda715d0eddc4ebceb9f792c71cb6421952908002b,,07/29/2025 10:00:00 AM,30,NO CONTROLS,NO CONTROLS,CLEAR,DAYLIGHT,REAR TO REAR,DIVIDED - W/MEDIAN (NOT RAISED),,STRAIGHT AND LEVEL,DRY,NO DEFECTS,NOT ON SCENE (DESK REPORT),NO INJURY / DRIVE AWAY,,,,"$501 - $1,500",08/06/2025 08:05:00 AM,IMPROPER BACKING,DRIVING SKILLS/KNOWLEDGE/EXPERIENCE,5401,N,ELSTON AVE,1621,,,,,,,2,NO INDICATION OF INJURY,0,0,0,0,0,3,0,10,3,7,41.9795935502,-87.7585892718,POINT (-87.758589271767 41.979593550153)
685184ed6007677acb48d2546978eebbdb96cea5d14ccca8ee7f44851dcce975ce1d7ca22a7d2cd61e50d6906236895336cf9e5717ed2892413a831e1fe3c85d,,07/29/2025 09:59:00 AM,30,STOP SIGN/FLASHER,UNKNOWN,CLEAR,DAYLIGHT,SIDESWIPE OPPOSITE DIRECTION,UNKNOWN INTERSECTION TYPE,,STRAIGHT AND LEVEL,DRY,UNKNOWN,ON SCENE,NO INJURY / DRIVE AWAY,,,Y,"OVER $1,500",07/29/2025 10:53:00 AM,UNABLE TO DETERMINE,UNABLE TO DETERMINE,4600,S,MICHIGAN AVE,215,,,,,,,2,NO INDICATION OF INJURY,0,0,0,0,0,2,0,9,3,7,41.8110070469,-87.6230291092,POINT (-87.623029109238 41.811007046873)
2b981ba0f136b869b2a612cf826b92f6f4b3c54e57f58fb26716d66bdb44a2722453891b46b17b00687a6aba3337b90c29218597e500e9b8775a2f0754b91dc3,,07/29/2025 09:50:00 AM,35,TRAFFIC SIGNAL,FUNCTIONING PROPERLY,CLEAR,DAYLIGHT,PEDESTRIAN,DIVIDED - W/MEDIAN (NOT RAISED),,STRAIGHT AND LEVEL,DRY,NO DEFECTS,,INJURY AND / OR TOW DUE TO CRASH,Y,,,"OVER $1,500",07/29/2025 09:52:00 AM,FAILING TO YIELD RIGHT-OF-WAY,NOT APPLICABLE,4000,W,CHICAGO AVE,1111,,,,,,,2,INCAPACITATING INJURY,1,0,1,0,0,1,0,9,3,7,41.8954767516,-87.7261443599,POINT (-87.726144359916 41.895476751637)
2c0d12055f200083337da044815a776d7b2fb29265c21d0ec234553d4a6f08db6aaab379f8fd83f38995161ddb04c49e440c5179ba26aeac42ad7e56672c8b66,,07/29/2025 09:45:00 AM,30,TRAFFIC SIGNAL,FUNCTIONING PROPERLY,CLEAR,DAYLIGHT,SIDESWIPE SAME DIRECTION,NOT DIVIDED,,STRAIGHT AND LEVEL,DRY,NO DEFECTS,NOT ON SCENE (DESK REPORT),NO INJURY / DRIVE AWAY,,,,"OVER $1,500",07/29/2025 10:45:00 AM,UNABLE TO DETERMINE,UNABLE TO DETERMINE,4902,N,WESTERN AVE,2031,,,,,,,2,NO INDICATION OF INJURY,0,0,0,0,0,2,0,9,3,7,41.970553161,-87.6891174392,POINT (-87.689117439239 41.970553161048)
d7b7dc0dab80f5b7d0a1c250dd30d628423af93c585f910320610cd67453c203fa538161d864e6e91752ad287005c16de47528ea80e35c407f54ff26c6a03648,,07/29/2025 09:45:00 AM,35,UNKNOWN,UNKNOWN,CLEAR,DAYLIGHT,SIDESWIPE SAME DIRECTION,ONE-WAY,,STRAIGHT AND LEVEL,DRY,UNKNOWN,NOT ON SCENE (DESK REPORT),NO INJURY / DRIVE AWAY,,,,"$501 - $1,500",07/29/2025 11:00:00 AM,UNABLE TO DETERMINE,NOT APPLICABLE,17,E,MONROE ST,112,,,,,,,2,NO INDICATION OF INJURY,0,0,0,0,0,2,0,9,3,7,41.8806645784,-87.6270893644,POINT (-87.627089364442 41.880664578396)
5fec40ced54e27f0503f72c2b88a2093b3a7d6668625c703c3f7672f908dc5d7873066db6fb4ee5b9759a6f4f7056e526781cacaffe29e9014a92fa85edbfb40,,07/29/2025 09:40:00 AM,30,STOP SIGN/FLASHER,FUNCTIONING PROPERLY,CLEAR,DAYLIGHT,TURNING,FOUR WAY,,STRAIGHT AND LEVEL,DRY,NO DEFECTS,ON SCENE,NO INJURY / DRIVE AWAY,Y,,Y,"OVER $1,500",07/29/2025 09:48:00 AM,IMPROPER TURNING/NO SIGNAL,IMPROPER OVERTAKING/PASSING,5124,N,ASHLAND AVE,2032,,,,,,,2,NO INDICATION OF INJURY,0,0,0,0,0,2,0,9,3,7,41.9751364855,-87.6697398074,POINT (-87.669739807434 41.975136485536)