CRASH_RECORD_ID,CRASH_DATE_EST_I,CRASH_DATE,POSTED_SPEED_LIMIT,TRAFFIC_CONTROL_DEVICE,DEVICE_CONDITION,WEATHER_CONDITION,LIGHTING_CONDITION,FIRST_CRASH_TYPE,TRAFFICWAY_TYPE,LANE_CNT,ALIGNMENT,ROADWAY_SURFACE_COND,ROAD_DEFECT,REPORT_TYPE,CRASH_TYPE,INTERSECTION_RELATED_I,NOT_RIGHT_OF_WAY_I,HIT_AND_RUN_I,DAMAGE,DATE_POLICE_NOTIFIED,PRIM_CONTRIBUTORY_CAUSE,SEC_CONTRIBUTORY_CAUSE,STREET_NO,STREET_DIRECTION,STREET_NAME,BEAT_OF_OCCURRENCE,PHOTOS_TAKEN_I,STATEMENTS_TAKEN_I,DOORING_I,WORK_ZONE_I,WORK_ZONE_TYPE,WORKERS_PRESENT_I,NUM_UNITS,MOST_SEVERE_INJURY,INJURIES_TOTAL,INJURIES_FATAL,INJURIES_INCAPACITATING,INJURIES_NON_INCAPACITATING,INJURIES_REPORTED_NOT_EVIDENT,INJURIES_NO_INDICATION,INJURIES_UNKNOWN,CRASH_HOUR,CRASH_DAY_OF_WEEK,CRASH_MONTH,LATITUDE,LONGITUDE,LOCATION
19d4900184b71c8fe14386d4df4fee36de98cf8f961f79b14109b76af2f2c5ac79cdea6f7a81e91b8e810607935803c4903206eff2c42ded3a68932129e6dac8,,07/29/2025 09:30:00 AM,35,NO CONTROLS,NO CONTROLS,CLEAR,DAYLIGHT,REAR END,PARKING LOT,,STRAIGHT AND LEVEL,DRY,NO DEFECTS,NOT ON SCENE (DESK REPORT),NO INJURY / DRIVE AWAY,,,,"OVER $1,500",07/29/2025 09:50:00 AM,UNABLE TO DETERMINE,UNABLE TO DETERMINE,3206,W,111TH ST,2211,,,,,,,2,NO INDICATION OF INJURY,0,0,0,0,0,2,0,9,3,7,41.6916741619,-87.7011513566,POINT (-87.701151356619 41.69167416189)
8b8be2e10f70c16df9a5432358d98a3de3cfc639156f0b00cbbfe7957861b591c32ab9a8821e7d96939ff0d471b2b1a105f3d7194f8fb034b44e24f324bc8c6f,,07/29/2025 09:30:00 AM,30,TRAFFIC SIGNAL,FUNCTIONING PROPERLY,CLEAR,DAYLIGHT,TURNING,FOUR WAY,,STRAIGHT AND LEVEL,DRY,NO DEFECTS,NOT ON SCENE (DESK REPORT),NO INJURY / DRIVE AWAY,Y,,,"OVER $1,500",07/29/2025 11:40:00 AM,DISREGARDING TRAFFIC SIGNALS,FAILING TO YIELD RIGHT-OF-WAY,404,S,DAMEN AVE,1225,,,,,,,2,NO INDICATION OF INJURY,0,0,0,0,0,3,0,9,3,7,41.876022731,-87.6766683734,POINT (-87.676668373357 41.876022731035)
45952ca1351b612cd6a5836f2cab1d9bd07ecd764601a236c8de3002ac001d77cdba07222cb4f0cddf4213c0f27757cdcd1be10b0d30bfe729612d4b41719dc0,,07/29/2025 09:20:00 AM,35,NO CONTROLS,UNKNOWN,CLEAR,DAYLIGHT,TURNING,NOT DIVIDED,,STRAIGHT AND LEVEL,UNKNOWN,UNKNOWN,,INJURY AND / OR TOW DUE TO CRASH,,,,"OVER $1,500",07/29/2025 09:31:00 AM,UNABLE TO DETERMINE,UNABLE TO DETERMINE,11900,S,ADA ST,524,,,,,,,2,NO INDICATION OF INJURY,0,0,0,0,0,3,0,9,3,7,41.6775410137,-87.6550742176,POINT (-87.655074217635 41.677541013734)
4237494f03aed7c78df88977a29b304d3f78d77c65423708a09cfd76fa0838ef4b71b038ed39d844dd8aa2130679edcfdea222af2c36fb56ae20097f6ea0d069,,07/29/2025 09:17:00 AM,30,TRAFFIC SIGNAL,UNKNOWN,CLEAR,DAYLIGHT,SIDESWIPE SAME DIRECTION,DIVIDED - W/MEDIAN BARRIER,,STRAIGHT AND LEVEL,UNKNOWN,UNKNOWN,NOT ON SCENE (DESK REPORT),NO INJURY / DRIVE AWAY,,,,"OVER $1,500",07/30/2025 05:21:00 PM,FAILING TO YIELD RIGHT-OF-WAY,NOT APPLICABLE,5964,N,RIDGE AVE,2012,,,,,,,2,NO INDICATION OF INJURY,0,0,0,0,0,2,0,9,3,7,41.9901093086,-87.6710829566,POINT (-87.671082956577 41.990109308564)
bbde76fea72ec4edbcf2aec834d124788844fb8a95975b75cd2b27408a8661ae0da89c5a9d7cd54f561a2493efd141a887deccb512c2d2ec63cc2094032f5725,,07/29/2025 09:15:00 AM,30,TRAFFIC SIGNAL,FUNCTIONING PROPERLY,CLEAR,DAYLIGHT,REAR END,NOT DIVIDED,,STRAIGHT AND LEVEL,DRY,UNKNOWN,NOT ON SCENE (DESK REPORT),NO INJURY / DRIVE AWAY,,,,"OVER $1,500",07/29/2025 09:30:00 AM,DISTRACTION - FROM INSIDE VEHICLE,UNABLE TO DETERMINE,4001,W,PETERSON AVE,1711,,,,,,,2,NO INDICATION OF INJURY,0,0,0,0,0,2,0,9,3,7,41.990024694,-87.728708871,POINT (-87.728708871015 41.990024694008)
cc4839080b9d403b51a494d2d38698421d4a7e51aa50d3006c7c7fb34d6c7460bf41c8b1ef4aa97ebb34a47e6188a9e6efd02252f33edf8487955a5c1385bfaa,,07/29/2025 09:15:00 AM,30,TRAFFIC SIGNAL,FUNCTIONING PROPERLY,CLEAR,DAYLIGHT,REAR END,FOUR WAY,,STRAIGHT AND LEVEL,DRY,NO DEFECTS,NOT ON SCENE (DESK REPORT),NO INJURY / DRIVE AWAY,Y,,,"OVER $1,500",07/29/2025 10:15:00 AM,FAILING TO YIELD RIGHT-OF-WAY,UNABLE TO DETERMINE,1558,W,LAKE ST,1215,,,,,,,2,NO INDICATION OF INJURY,0,0,0,0,0,2,0,9,3,7,41.8854487382,-87.6665669378,POINT (-87.666566937752 41.885448738226)
1760eed28c8122b6afbdfb22dd8d0f34fc2d200f535088e3617caba37c0f393bb007707a9b55c7e8d599e677a027a39511572b28c271ce5360e91aa59a029146,,07/29/2025 09:10:00 AM,30,TRAFFIC SIGNAL,FUNCTIONING PROPERLY,CLEAR,DAYLIGHT,TURNING,NOT DIVIDED,,STRAIGHT AND LEVEL,DRY,NO DEFECTS,ON SCENE,NO INJURY / DRIVE AWAY,Y,,,"OVER $1,500",07/29/2025 09:50:00 AM,IMPROPER BACKING,NOT APPLICABLE,2758,W,31ST ST,1034,,,,,,,2,NO INDICATION OF INJURY,0,0,0,0,0,2,0,9,3,7,41.8375264254,-87.6944773134,POINT (-87.694477313368 41.837526425436)
20759fc9510fa8d6df1e1ddddb434508b3daaa52fce6b8e58de43aa1cc7ec3c425e42ffa3ef6c97dd71d4a876b71cc65f1633501b13adf563b0808d165784816,Y,07/29/2025 09:09:00 AM,30,NO CONTROLS,NO CONTROLS,CLEAR,DAYLIGHT,SIDESWIPE SAME DIRECTION,NOT DIVIDED,,STRAIGHT AND LEVEL,DRY,NO DEFECTS,NOT ON SCENE (DESK REPORT),NO INJURY / DRIVE AWAY,Y,,,"OVER $1,500",07/29/2025 09:55:00 AM,UNABLE TO DETERMINE,NOT APPLICABLE,224,W,JACKSON BLVD,122,,,,,,,2,NO INDICATION OF INJURY,0,0,0,0,0,2,0,9,3,7,41.8782209054,-87.6344685788,POINT (-87.634468578757 41.878220905396)
15aae2df1882b107ce5f5960314011290026e8e66d4f3caffed693b9bedb0904a71815a30f1db33eb486974cf6ab11bc9d437cdcd646e4716684b3c95d510640,,07/29/2025 09:00:00 AM,15,NO CONTROLS,NO CONTROLS,RAIN,DAYLIGHT,PARKED MOTOR VEHICLE,PARKING LOT,,STRAIGHT AND LEVEL,WET,NO DEFECTS,NOT ON SCENE (DESK REPORT),NO INJURY / DRIVE AWAY,,Y,Y,"OVER $1,500",08/01/2025 04:56:00 PM,UNABLE TO DETERMINE,NOT APPLICABLE,1645,N,CALIFORNIA AVE,1421,,,,,,,2,NO INDICATION OF INJURY,0,0,0,0,0,1,0,9,3,7,41.9115649762,-87.696877053,POINT (-87.696877052971 41.91156497617)
162c0b49c5591a26c29b45c1ac41a64e0426ee2f09c41b249b7c27a0d42035c1d52ee0e83351832f2b1c38c94272077de4a04f72198532a4aaba03262324257b,,07/29/2025 09:00:00 AM,25,NO CONTROLS,NO CONTROLS,UNKNOWN,UNKNOWN,PARKED MOTOR VEHICLE,ONE-WAY,,STRAIGHT AND LEVEL,UNKNOWN,UNKNOWN,NOT ON SCENE (DESK REPORT),NO INJURY / DRIVE AWAY,,,Y,"OVER $1,500",07/30/2025 03:26:00 PM,UNABLE TO DETERMINE,NOT APPLICABLE,6012,N,CLAREMONT AVE,2413,,,,,,,2,NO INDICATION OF INJURY,0,0,0,0,0,1,0,9,3,7,41.9909355575,-87.6885958835,POINT (-87.688595883495 41.990935557523)
ccc5a3e428e4db381dc04af24fb5db67bc82efab8ed46eaedc928bc5cd0b46b42394532223d12c9b2a52f82d9ed3e40c072f5f949c3138a23e07844b9eb8d332,Y,07/29/2025 09:00:00 AM,30,NO CONTROLS,NO CONTROLS,CLEAR,DAYLIGHT,PARKED MOTOR VEHICLE,NOT DIVIDED,,STRAIGHT AND LEVEL,DRY,NO DEFECTS,NOT ON SCENE (DESK REPORT),NO INJURY / DRIVE AWAY,,,,"$501 - $1,500",07/30/2025 01:44:00 PM,FAILING TO YIELD RIGHT-OF-WAY,NOT APPLICABLE,3912,W,78TH ST,833,,,,,,,2,NO INDICATION OF INJURY,0,0,0,0,0,1,0,9,3,7,41.7514841303,-87.7209566021,POINT (-87.720956602132 41.751484130301)
2739df2318ffffe5145a208fb38a4bc7022b600ae7ac5f87a7adf3914953596f56d3025e484ff8eef5eee2b01f9680d0fa421ad73804cfac58b8fd2ff627e560,,07/29/2025 08:50:00 AM,10,NO CONTROLS,NO CONTROLS,CLEAR,DAYLIGHT,FIXED OBJECT,ALLEY,,STRAIGHT AND LEVEL,DRY,NO DEFECTS,ON SCENE,NO INJURY / DRIVE AWAY,,,,$500 OR LESS,07/29/2025 08:51:00 AM,"VISION OBSCURED (SIGNS, TREE LIMBS, BUILDINGS, ETC.)","VISION OBSCURED (SIGNS, TREE LIMBS, BUILDINGS, ETC.)",347,W,SWANN ST,925,,,,,,,1,NO INDICATION OF INJURY,0,0,0,0,0,1,0,8,3,7,41.8097055021,-87.6350139742,POINT (-87.635013974193 41.809705502088)
8bfce0995e4a8a48af1174c8f5d7bf9388b28d9372a76100804ec3d23493a353f70ae662ed5cdde41fe05e81a12b2767082d198c10baa1ea4d39789ab22128c2,,07/29/2025 08:40:00 AM,20,NO CONTROLS,NO CONTROLS,CLEAR,DAYLIGHT,HEAD ON,NOT DIVIDED,,STRAIGHT AND LEVEL,DRY,NO DEFECTS,ON SCENE,INJURY AND / OR TOW DUE TO CRASH,,,,"OVER $1,500",07/29/2025 08:46:00 AM,DISTRACTION - FROM INSIDE VEHICLE,UNABLE TO DETERMINE,9226,S,PRINCETON AVE,634,,,,,,,2,NONINCAPACITATING INJURY,1,0,0,1,0,1,0,8,3,7,41.7262992081,-87.6299866187,POINT (-87.629986618703 41.726299208093)
7c1414663be5a6f5d6b38ec041ccc048e79629a34245f8ed42676bfbfe5f01c957a6d3339f78ef6abf98a060b55a2cbef7a9f01f064257528ffdf5083e0a6947,,07/29/2025 08:35:00 AM,30,NO CONTROLS,NO CONTROLS,CLEAR,DAYLIGHT,REAR END,"FIVE POINT, OR MORE",,STRAIGHT AND LEVEL,DRY,NO DEFECTS,ON SCENE,NO INJURY / DRIVE AWAY,,,Y,"OVER $1,500",07/29/2025 08:54:00 AM,FAILING TO REDUCE SPEED TO AVOID CRASH,NOT APPLICABLE,498,N,MILWAUKEE AVE,1214,,N,,,,,2,NO INDICATION OF INJURY,0,0,0,0,0,2,0,8,3,7,41.8910478479,-87.6476213637,POINT (-87.647621363693 41.891047847925)
bf28cc2525d1810a9787aefd9829e6670930ed0832ab2a74636aacb692ab317b92f8a254f32a13ed030b2addfcdcc3d84d83bc33d472dff960101bfaea16515d,,07/29/2025 08:35:00 AM,30,NO CONTROLS,NO CONTROLS,CLEAR,DAYLIGHT,ANGLE,ALLEY,,STRAIGHT AND LEVEL,DRY,NO DEFECTS,,NO INJURY / DRIVE AWAY,,,,"OVER $1,500",07/29/2025 09:00:00 AM,FAILING TO YIELD RIGHT-OF-WAY,UNABLE TO DETERMINE,4017,W,MONTROSE AVE,1722,,,,,,,2,NO INDICATION OF INJURY,0,0,0,0,0,3,0,8,3,7,41.9608280502,-87.7285564028,POINT (-87.728556402795 41.960828050214)
31d35954dd356779b7701713bdafd9f586bd2a63fd65fecd5fe715b1a8fff7a5ed5e014065549e22de56cf07b28dde70cb10784eaaf554d4bba3a84db27d1b0f,,07/29/2025 08:33:00 AM,30,NO CONTROLS,NO CONTROLS,CLEAR,DAYLIGHT,ANGLE,FOUR WAY,,STRAIGHT AND LEVEL,DRY,NO DEFECTS,ON SCENE,NO INJURY / DRIVE AWAY,Y,,,$500 OR LESS,07/29/2025 08:34:00 AM,UNABLE TO DETERMINE,NOT APPLICABLE,5128,N,CLARK ST,2032,,,,,,,2,NO INDICATION OF INJURY,0,0,0,0,0,2,0,8,3,7,41.9752236215,-87.6684590104,POINT (-87.668459010371 41.97522362153)
d062e720f20e57a6e16f1f5ce8fc2136c7ead8373c02f404f502be2fa53bdfddb413afe2c7317bc11956483c00896dee3e176aaf9c6255cbeddc34a4ee0a1077,N,07/29/2025 08:30:00 AM,15,NO CONTROLS,NO CONTROLS,CLEAR,DAYLIGHT,PARKED MOTOR VEHICLE,PARKING LOT,,STRAIGHT AND LEVEL,DRY,UNKNOWN,NOT ON SCENE (DESK REPORT),NO INJURY / DRIVE AWAY,,Y,,"$501 - $1,500",08/02/2025 04:43:00 PM,DRIVING SKILLS/KNOWLEDGE/EXPERIENCE,UNABLE TO DETERMINE,2650,S,CALIFORNIA BLVD,1034,,,,,,,2,NO INDICATION OF INJURY,0,0,0,0,0,1,0,8,3,7,41.8432383536,-87.6947645444,POINT (-87.69476454437 41.84323835355)
6b32d1a353430ba4cdede115f8b308c5eea8f7f13a1732165d69093b7df8415c95e1d531f43dd2b5185de33dd8931455c275c6fc0b46a9e2e45d383712c913ce,,07/29/2025 08:24:00 AM,30,NO CONTROLS,NO CONTROLS,CLEAR,DAYLIGHT,PARKED MOTOR VEHICLE,NOT DIVIDED,,STRAIGHT AND LEVEL,DRY,NO DEFECTS,ON SCENE,NO INJURY / DRIVE AWAY,,,,"$501 - $1,500",07/29/2025 08:28:00 AM,UNABLE TO DETERMINE,NOT APPLICABLE,1529,N,AUSTIN BLVD,2531,,,,,,,2,NO INDICATION OF INJURY,0,0,0,0,0,2,0,8,3,7,41.9083211132,-87.7754248902,POINT (-87.775424890181 41.908321113166)
8ed787db36fc146858f7eb664f67ac67090901e4a942de15e8287637c634263d2d16806bbe9f19c54cf94874a126bd0a4e0c6c6f07f1e23e7f099f59e116d361,,07/29/2025 08:15:00 AM,30,NO CONTROLS,NO CONTROLS,CLEAR,DAYLIGHT,SIDESWIPE SAME DIRECTION,DIVIDED - W/MEDIAN (NOT RAISED),,STRAIGHT AND LEVEL,DRY,NO DEFECTS,NOT ON SCENE (DESK REPORT),NO INJURY / DRIVE AWAY,,,Y,"$501 - $1,500",07/29/2025 10:00:00 AM,FAILING TO YIELD RIGHT-OF-WAY,IMPROPER OVERTAKING/PASSING,3145,W,DOUGLAS BLVD,1022,,,,,,,2,NO INDICATION OF INJURY,0,0,0,0,0,2,0,8,3,7,41.8624088555,-87.7048265726,POINT (-87.704826572563 41.862408855503)
989edc5532bcd2365bfcab2575fb473b3ab08a66fe898b42bb6d026ccc21950787e19d0a1c00f804268037f4d690cbf50e6682dcd53190f85d537871301e4026,,07/29/2025 08:10:00 AM,30,TRAFFIC SIGNAL,FUNCTIONING PROPERLY,CLEAR,DAYLIGHT,OTHER OBJECT,NOT DIVIDED,,STRAIGHT AND LEVEL,DRY,UNKNOWN,NOT ON SCENE (DESK REPORT),INJURY AND / OR TOW DUE TO CRASH,,,,"OVER $1,500",07/29/2025 08:10:00 AM,FAILING TO YIELD RIGHT-OF-WAY,FAILING TO YIELD RIGHT-OF-WAY,15,W,79TH ST,623,,Y,,,,,2,NONINCAPACITATING INJURY,1,0,0,1,0,1,0,8,3,7,41.7508303581,-87.6251802018,POINT (-87.625180201785 41.750830358086)
a9e15f552ebb697234f26a1a63f6e9ad79a4ae7a4a34c1b206cb3a74d77214c56d23c8a8b8fc1913d789ec9eaae364beaffc6610ed5758974056a5e618fdda09,,07/29/2025 08:10:00 AM,30,NO CONTROLS,NO CONTROLS,CLEAR,DAYLIGHT,PARKED MOTOR VEHICLE,ONE-WAY,,STRAIGHT AND LEVEL,DRY,NO DEFECTS,NOT ON SCENE (DESK REPORT),NO INJURY / DRIVE AWAY,,,N,"$501 - $1,500",07/29/2025 08:45:00 AM,UNABLE TO DETERMINE,UNABLE TO DETERMINE,5815,N,KENMORE AVE,2022,,,,,,,2,NO INDICATION OF INJURY,0,0,0,0,0,1,0,8,3,7,41.9877941615,-87.6565975778,POINT (-87.656597577761 41.987794161485)
fd69586f96504e4acb7859d765658573883fe3e9ed29e6cd832310522c4700f46ed7845f81a02b3acba47827fa0a289043c116d6a8d55975456799f8d36678d2,,07/29/2025 08:05:00 AM,30,NO CONTROLS,NO CONTROLS,CLEAR,DAYLIGHT,REAR END,DIVIDED - W/MEDIAN (NOT RAISED),,STRAIGHT AND LEVEL,DRY,NO DEFECTS,ON SCENE,INJURY AND / OR TOW DUE TO CRASH,,,,"OVER $1,500",07/29/2025 08:54:00 AM,FAILING TO REDUCE SPEED TO AVOID CRASH,FOLLOWING TOO CLOSELY,365,N,HALSTED ST,1214,,,,,,,3,NONINCAPACITATING INJURY,1,0,0,1,0,2,0,8,3,7,41.8886812398,-87.6474228478,POINT (-87.647422847763 41.888681239762)
18f3f93ec49093a34426ea7c633d89ef126cfd9ed7a63c0eac9dacfed647309447f3b068176b24b83b31f9cc822cff24996fed1695444109029d59edb80e6915,,07/29/2025 08:00:00 AM,10,NO CONTROLS,NO CONTROLS,CLEAR,DAYLIGHT,PARKED MOTOR VEHICLE,PARKING LOT,,STRAIGHT AND LEVEL,DRY,NO DEFECTS,,NO INJURY / DRIVE AWAY,,,Y,"OVER $1,500",07/29/2025 05:20:00 PM,UNABLE TO DETERMINE,NOT APPLICABLE,765,W,ADAMS ST,1232,,,,,,,2,NO INDICATION OF INJURY,0,0,0,0,0,1,0,8,3,7,41.879117244,-87.6466071922,POINT (-87.646607192167 41.879117244017)
2ea256eaa36148d307db2657493f3be0f81d33fd7027ca7ad6d3d00c3b535c1207306c82eaa5616982183ef63e7ec56a9c5d95403baaf4c466f6da72f4fc0fc6,,07/29/2025 07:45:00 AM,30,NO CONTROLS,NO CONTROLS,CLEAR,DAYLIGHT,SIDESWIPE SAME DIRECTION,NOT DIVIDED,,STRAIGHT AND LEVEL,DRY,NO DEFECTS,NOT ON SCENE (DESK REPORT),NO INJURY / DRIVE AWAY,,,,"OVER $1,500",07/29/2025 09:20:00 AM,NOT APPLICABLE,NOT APPLICABLE,4558,W,LAKE ST,1113,,,,,,,2,NO INDICATION OF INJURY,0,0,0,0,0,2,0,7,3,7,41.8863985897,-87.7401623594,POINT (-87.740162359412 41.886398589703)
51a848d70792f7fd22afba026ab9c3a293c1776dbbd8638f4d5c8e9166d28f25b85fdb97135bfc7b368e9193d87c2e849832bd229d55ba9d15eb7c8eb5cdad1f,,07/29/2025 07:45:00 AM,30,TRAFFIC SIGNAL,UNKNOWN,CLEAR,DAYLIGHT,REAR END,DIVIDED - W/MEDIAN BARRIER,,STRAIGHT AND LEVEL,DRY,UNKNOWN,NOT ON SCENE (DESK REPORT),NO INJURY / DRIVE AWAY,,,Y,"OVER $1,500",07/29/2025 08:00:00 AM,FOLLOWING TOO CLOSELY,FOLLOWING TOO CLOSELY,5502,S,ASHLAND AVE,715,,,,,,,2,NO INDICATION OF INJURY,0,0,0,0,0,2,0,7,3,7,41.7935288617,-87.6647196847,POINT (-87.664719684652 41.79352886171)
33aba07a30f4c2b06242160c1818e600bb92001e6e1614851167efd17553e923601515453044ef424405ce9db87efce092cb942a8ee2cc6e2455babab21e0577,,07/29/2025 07:40:00 AM,30,NO CONTROLS,NO CONTROLS,CLEAR,DAYLIGHT,REAR END,NOT DIVIDED,,STRAIGHT AND LEVEL,DRY,NO DEFECTS,ON SCENE,NO INJURY / DRIVE AWAY,,,,"OVER $1,500",07/29/2025 07:41:00 AM,UNABLE TO DETERMINE,NOT APPLICABLE,4841,N,NAGLE AVE,1622,,,,,,,3,NO INDICATION OF INJURY,0,0,0,0,0,5,0,7,3,7,41.969655431,-87.7878461462,POINT (-87.787846146239 41.969655431014)
606df7b225d73cc1044c2e31c18e4a4ee7e0704f9070972771afaa94cd65fb7117bfa3adb1731c31dcc1673dd756afcdd426fb04301459111e6ece64933b74f8,Y,07/29/2025 07:40:00 AM,25,NO CONTROLS,NO CONTROLS,CLEAR,DAYLIGHT,ANGLE,NOT DIVIDED,,STRAIGHT AND LEVEL,DRY,NO DEFECTS,ON SCENE,INJURY AND / OR TOW DUE TO CRASH,,,,"OVER $1,500",07/29/2025 07:48:00 AM,FAILING TO YIELD RIGHT-OF-WAY,NOT APPLICABLE,141,N,CARPENTER ST,1224,,,,,,,2,NO INDICATION OF INJURY,0,0,0,0,0,2,0,7,3,7,41.8843645988,-87.6531247078,POINT (-87.653124707831 41.884364598844)
c4bb5039343ea9b6dd5aa91b848bd5f1d05b191af6960c3eece882fde464929a911616f8a61549ab4795af85c3bc5be1a055315b9a754330e9cfeadf22e52def,,07/29/2025 07:35:00 AM,40,NO CONTROLS,UNKNOWN,CLEAR,DAYLIGHT,REAR END,DIVIDED - W/MEDIAN BARRIER,,STRAIGHT ON GRADE,UNKNOWN,UNKNOWN,ON SCENE,NO INJURY / DRIVE AWAY,,,,"OVER $1,500",07/29/2025 07:47:00 AM,FOLLOWING TOO CLOSELY,FOLLOWING TOO CLOSELY,5700,S,LAKE SHORE DR,331,,,,,,,2,NO INDICATION OF INJURY,0,0,0,0,0,3,0,7,3,7,41.7914202821,-87.5801477687,POINT (-87.580147768689 41.791420282098)
03db8a7c62c337b760457abfabbef304b9a5f1a01076119509495428eccbc4e19723b6c46a5321c36268f8998d757f1477253a85b5ffc41529791ae94da5d66e,,07/29/2025 07:30:00 AM,30,TRAFFIC SIGNAL,FUNCTIONING PROPERLY,CLEAR,DAYLIGHT,TURNING,FOUR WAY,,STRAIGHT AND LEVEL,DRY,UNKNOWN,NOT ON SCENE (DESK REPORT),NO INJURY / DRIVE AWAY,Y,,,"OVER $1,500",07/29/2025 08:30:00 AM,IMPROPER LANE USAGE,UNABLE TO DETERMINE,1034,W,LAKE ST,1214,,,,,,,2,NO INDICATION OF INJURY,0,0,0,0,0,2,0,7,3,7,41.8856707302,-87.6534542984,POINT (-87.653454298402 41.885670730222)
353783e5539113cefe9578267d40e65e8230367bfc677baa0756dfb03f76c53e5c0c12c440fe309490d5128aa5311a6c494704d5eddf30355a0f1d9eb2e21492,,07/29/2025 07:30:00 AM,30,NO CONTROLS,NO CONTROLS,CLEAR,DAYLIGHT,PARKED MOTOR VEHICLE,ONE-WAY,,STRAIGHT AND LEVEL,DRY,NO DEFECTS,NOT ON SCENE (DESK REPORT),NO INJURY / DRIVE AWAY,,,Y,"OVER $1,500",07/29/2025 02:35:00 PM,UNABLE TO DETERMINE,UNABLE TO DETERMINE,7928,S,DORCHESTER AVE,411,,,,,,,2,NO INDICATION OF INJURY,0,0,0,0,0,1,0,7,3,7,41.7505521943,-87.5907476577,POINT (-87.590747657687 41.750552194261)
7e1009ab68be95ffc0739dbc82db4522a63c6e0ec52c035e95d0d9c3903fc8c3996f7165a9d5726d1fe7f15e3d46d5adf28bd194de84a34c66658c3c528160e5,,07/29/2025 07:30:00 AM,30,NO CONTROLS,NO CONTROLS,CLEAR,DAYLIGHT,TURNING,DIVIDED - W/MEDIAN (NOT RAISED),,STRAIGHT AND LEVEL,DRY,NO DEFECTS,ON SCENE,NO INJURY / DRIVE AWAY,,,,"OVER $1,500",07/29/2025 07:54:00 AM,UNABLE TO DETERMINE,FAILING TO REDUCE SPEED TO AVOID CRASH,3416,W,WRIGHTWOOD AVE,1412,,,,,,,2,NO INDICATION OF INJURY,0,0,0,0,0,2,0,7,3,7,41.9284171793,-87.7128939645,POINT (-87.712893964546 41.928417179306)
b0cf367b07399a310cba0a903468e7f89215088f7153453c648f6268fb91907ee0931c7a1325591475fc8da75615b137febdf43cd5df89eb4c154c28f470da37,,07/29/2025 07:25:00 AM,30,OTHER REG. SIGN,FUNCTIONING PROPERLY,CLEAR,DAYLIGHT,REAR END,FOUR WAY,,STRAIGHT AND LEVEL,DRY,NO DEFECTS,NOT ON SCENE (DESK REPORT),NO INJURY / DRIVE AWAY,Y,,,"OVER $1,500",07/29/2025 07:30:00 AM,DISTRACTION - FROM INSIDE VEHICLE,DRIVING SKILLS/KNOWLEDGE/EXPERIENCE,1913,S,STATE ST,131,,,,,,,2,NO INDICATION OF INJURY,0,0,0,0,0,2,0,7,3,7,41.8561653477,-87.6270191161,POINT (-87.627019116069 41.856165347748)
219910093841c1f9bcc2c9a31445bc5ceef8562b5f27e0b1391d87c5444bc5c05794b25723d51be63b60004d46b262f85bfa81a02447d0a7db369ca2265ed87d,,07/29/2025 07:20:00 AM,25,NO CONTROLS,NO CONTROLS,CLEAR,DAYLIGHT,SIDESWIPE SAME DIRECTION,NOT DIVIDED,,STRAIGHT AND LEVEL,DRY,NO DEFECTS,NOT ON SCENE (DESK REPORT),NO INJURY / DRIVE AWAY,,,,"OVER $1,500",07/29/2025 08:00:00 AM,DRIVING SKILLS/KNOWLEDGE/EXPERIENCE,FAILING TO YIELD RIGHT-OF-WAY,4200,N,CICERO AVE,1624,,,,,,,2,NO INDICATION OF INJURY,0,0,0,0,0,3,0,7,3,7,41.9571141338,-87.747563559,POINT (-87.747563558957 41.957114133755)
f924e3e3eba85fb3b179ea4cc0b9f2b0b5c409969f48a9e47162ebacc8c17732548c4378f2b5341e8f066751bc75030c2e3616585bd8e8ce427a2944aed04278,,07/29/2025 07:20:00 AM,30,NO CONTROLS,NO CONTROLS,CLEAR,DAYLIGHT,REAR END,NOT DIVIDED,,STRAIGHT AND LEVEL,DRY,NO DEFECTS,NOT ON SCENE (DESK REPORT),NO INJURY / DRIVE AWAY,,,,"$501 - $1,500",07/29/2025 07:50:00 AM,FOLLOWING TOO CLOSELY,NOT APPLICABLE,4321,N,LARAMIE AVE,1624,,,,,,,2,NO INDICATION OF INJURY,0,0,0,0,0,3,0,7,3,7,41.9594564868,-87.7572015213,POINT (-87.757201521299 41.959456486792)
2e872624c308dc6ff727553ce1d354aa36baec6d81df9cc83b9fde91cf4db50675ee7dc814bf34966a483a77ef59c912f76d238117c04e89211b9894d63b8382,,07/29/2025 07:15:00 AM,30,NO CONTROLS,NO CONTROLS,CLEAR,DAYLIGHT,FIXED OBJECT,NOT DIVIDED,,STRAIGHT AND LEVEL,DRY,NO DEFECTS,ON SCENE,NO INJURY / DRIVE AWAY,,Y,,"$501 - $1,500",07/29/2025 07:36:00 AM,DRIVING SKILLS/KNOWLEDGE/EXPERIENCE,NOT APPLICABLE,3156,S,CENTRAL PARK AVE,1032,,,,,,,1,NO INDICATION OF INJURY,0,0,0,0,0,1,0,7,3,7,41.835404569,-87.7146964863,POINT (-87.714696486331 41.835404568969)