CRASH_RECORD_ID,CRASH_DATE_EST_I,CRASH_DATE,POSTED_SPEED_LIMIT,TRAFFIC_CONTROL_DEVICE,DEVICE_CONDITION,WEATHER_CONDITION,LIGHTING_CONDITION,FIRST_CRASH_TYPE,TRAFFICWAY_TYPE,LANE_CNT,ALIGNMENT,ROADWAY_SURFACE_COND,ROAD_DEFECT,REPORT_TYPE,CRASH_TYPE,INTERSECTION_RELATED_I,NOT_RIGHT_OF_WAY_I,HIT_AND_RUN_I,DAMAGE,DATE_POLICE_NOTIFIED,PRIM_CONTRIBUTORY_CAUSE,SEC_CONTRIBUTORY_CAUSE,STREET_NO,STREET_DIRECTION,STREET_NAME,BEAT_OF_OCCURRENCE,PHOTOS_TAKEN_I,STATEMENTS_TAKEN_I,DOORING_I,WORK_ZONE_I,WORK_ZONE_TYPE,WORKERS_PRESENT_I,NUM_UNITS,MOST_SEVERE_INJURY,INJURIES_TOTAL,INJURIES_FATAL,INJURIES_INCAPACITATING,INJURIES_NON_INCAPACITATING,INJURIES_REPORTED_NOT_EVIDENT,INJURIES_NO_INDICATION,INJURIES_UNKNOWN,CRASH_HOUR,CRASH_DAY_OF_WEEK,CRASH_MONTH,LATITUDE,LONGITUDE,LOCATION
69cf253bdd24f5057aa4e94dc4d820bbd04107547e41bacf7c38e9de14c5e52ee03f7d999e300583893d0f8b016c9930a07b7f4b6a59a0e2d5343ead2903297c,,07/29/2025 07:10:00 AM,10,NO CONTROLS,NO CONTROLS,CLEAR,DAYLIGHT,FIXED OBJECT,PARKING LOT,,STRAIGHT AND LEVEL,DRY,NO DEFECTS,ON SCENE,INJURY AND / OR TOW DUE TO CRASH,,Y,,"OVER $1,500",07/29/2025 07:14:00 AM,PHYSICAL CONDITION OF DRIVER,NOT APPLICABLE,3601,S,WELLS ST,915,,,,,,,1,NO INDICATION OF INJURY,0,0,0,0,0,1,0,7,3,7,41.8289827658,-87.6325188475,POINT (-87.632518847528 41.828982765821)
4a55ff7c0694cf71032ea0447e9fc4fc8a7f64acf4531631638609a58a2c011b1cd6501d976a5c2665b0efd91e21b14a7277ffb4334227abd66cab4ffcdf78b6,,07/29/2025 07:00:00 AM,20,NO CONTROLS,NO CONTROLS,CLEAR,DAYLIGHT,PARKED MOTOR VEHICLE,ONE-WAY,,STRAIGHT AND LEVEL,DRY,NO DEFECTS,NOT ON SCENE (DESK REPORT),NO INJURY / DRIVE AWAY,,,Y,"OVER $1,500",07/30/2025 10:00:00 PM,IMPROPER OVERTAKING/PASSING,NOT APPLICABLE,855,N,LECLAIRE AVE,1531,,,,,,,2,NO INDICATION OF INJURY,0,0,0,0,0,1,0,7,3,7,41.8966247707,-87.753046646,POINT (-87.753046645999 41.896624770691)
91e6ca28e667efa4a91042ff1dbd3cf598ef0d33566e1e1371e5db7b60fd9c46458e02df869abc8b9f97ccb5d5bf28da0554ee9aee16d616e89ff6a884d5b0b4,,07/29/2025 07:00:00 AM,45,NO CONTROLS,NO CONTROLS,CLEAR,DAYLIGHT,SIDESWIPE SAME DIRECTION,DIVIDED - W/MEDIAN BARRIER,,STRAIGHT AND LEVEL,DRY,NO DEFECTS,NOT ON SCENE (DESK REPORT),NO INJURY / DRIVE AWAY,,,,"OVER $1,500",08/03/2025 06:56:00 PM,IMPROPER OVERTAKING/PASSING,UNABLE TO DETERMINE,75,W,I190 EXPY IB,1654,,,,,,,2,NO INDICATION OF INJURY,0,0,0,0,0,2,0,7,3,7,,,
e49e4f04383b74b53484bd0338a57f36d0423e6d9feaa997ffa772e2c87841b447b7b60d1fd9c8529281467cc4dbb5dff61841e498245167f590c85dce024f0b,,07/29/2025 07:00:00 AM,30,NO CONTROLS,NO CONTROLS,CLEAR,DAYLIGHT,PARKED MOTOR VEHICLE,ONE-WAY,,STRAIGHT AND LEVEL,DRY,UNKNOWN,ON SCENE,NO INJURY / DRIVE AWAY,,,,"OVER $1,500",07/29/2025 07:00:00 AM,DRIVING SKILLS/KNOWLEDGE/EXPERIENCE,NOT APPLICABLE,8139,S,COMMERCIAL AVE,422,,,,,,,2,NO INDICATION OF INJURY,0,0,0,0,0,3,0,7,3,7,41.7471314063,-87.5513275445,POINT (-87.551327544547 41.747131406331)
a02d82cc1badfd1ffd199ea0f86899f5bd380e7ab5c20a182ce7f3782e895f300648f47620fe4ed7cb04d576b5a7a67713a6bb80d65c14e1d78f1e167df56577,,07/29/2025 06:48:00 AM,30,TRAFFIC SIGNAL,FUNCTIONING PROPERLY,CLEAR,DAYLIGHT,PEDALCYCLIST,FOUR WAY,,STRAIGHT AND LEVEL,DRY,NO DEFECTS,ON SCENE,INJURY AND / OR TOW DUE TO CRASH,Y,,Y,"$501 - $1,500",07/29/2025 07:07:00 AM,IMPROPER TURNING/NO SIGNAL,IMPROPER LANE USAGE,780,N,MILWAUKEE AVE,1215,,,,,,,2,NONINCAPACITATING INJURY,1,0,0,1,0,1,0,6,3,7,41.8957962445,-87.6549535956,POINT (-87.654953595644 41.895796244484)
14ded4a2a9848ce183c30873e8abdb8cf7c125fb22302048967631173c60cee417b2d505cc1154d75323b48f193451db35428880d13f397ea8b72593198a21d0,,07/29/2025 06:30:00 AM,30,NO CONTROLS,NO CONTROLS,CLEAR,DAYLIGHT,SIDESWIPE SAME DIRECTION,NOT DIVIDED,,STRAIGHT AND LEVEL,DRY,NO DEFECTS,ON SCENE,NO INJURY / DRIVE AWAY,,,Y,"$501 - $1,500",07/29/2025 07:06:00 AM,FOLLOWING TOO CLOSELY,RELATED TO BUS STOP,6201,N,SHERIDAN RD,2433,,,,,,,2,NO INDICATION OF INJURY,0,0,0,0,0,2,0,6,3,7,41.9946916877,-87.6553803324,POINT (-87.655380332415 41.994691687667)
57b8a77b7870800d413ea181b9351d0cd62b356ab4d3763326c51fcf4a648e7aebca7220c704aac083f3ea0508540a74455d935af04912265321506e1ee9e3ae,,07/29/2025 06:15:00 AM,30,TRAFFIC SIGNAL,FUNCTIONING PROPERLY,CLEAR,DAYLIGHT,TURNING,DIVIDED - W/MEDIAN (NOT RAISED),,STRAIGHT AND LEVEL,DRY,NO DEFECTS,ON SCENE,NO INJURY / DRIVE AWAY,Y,,,"OVER $1,500",07/29/2025 07:12:00 AM,UNABLE TO DETERMINE,UNABLE TO DETERMINE,4100,S,PULASKI RD,815,,,,N,,,2,NO INDICATION OF INJURY,0,0,0,0,0,2,0,6,3,7,41.818349017,-87.7240964055,POINT (-87.724096405469 41.818349016985)
4094e0b40ea6fd2e2683c8086dda8fdfc3a5bbf71f118650136ed8c36254e70acff3584e2befd9b23bfbf1a5df81c923c3d6b6ca459ed0b554bf62c04322b26c,,07/29/2025 06:00:00 AM,30,NO CONTROLS,NO CONTROLS,CLEAR,DAYLIGHT,PARKED MOTOR VEHICLE,ONE-WAY,,STRAIGHT AND LEVEL,DRY,NO DEFECTS,NOT ON SCENE (DESK REPORT),NO INJURY / DRIVE AWAY,,,Y,$500 OR LESS,07/29/2025 10:00:00 PM,DRIVING SKILLS/KNOWLEDGE/EXPERIENCE,UNABLE TO DETERMINE,3528,W,LEXINGTON ST,1133,,,,,,,2,NO INDICATION OF INJURY,0,0,0,0,0,1,0,6,3,7,41.8718836439,-87.714336737,POINT (-87.714336736961 41.871883643896)
955b7cb9f7cbcd3afe002406b4d054d294c7159e913044ad88a6b113546276ac8f20e7f5207b3746d9be412c1db68df83060aa9b57abfc9625174e0d054ab149,,07/29/2025 06:00:00 AM,30,NO CONTROLS,NO CONTROLS,CLEAR,DAYLIGHT,TURNING,NOT DIVIDED,,STRAIGHT AND LEVEL,DRY,NO DEFECTS,NOT ON SCENE (DESK REPORT),NO INJURY / DRIVE AWAY,,,,"OVER $1,500",07/29/2025 05:56:00 PM,IMPROPER TURNING/NO SIGNAL,NOT APPLICABLE,8300,S,STATE ST,632,,,,,,,2,NO INDICATION OF INJURY,0,0,0,0,0,2,0,6,3,7,41.7435618073,-87.6244758005,POINT (-87.624475800517 41.743561807288)
f16d44b4e649cab3601e24e7b872b8d40b567b78570458abe3c1d6166d01681a71df832c7ed10e1b311320159a45b761c66d8699d7fe80dfa179164b41d4fc2d,,07/29/2025 05:30:00 AM,30,TRAFFIC SIGNAL,FUNCTIONING PROPERLY,CLEAR,DAWN,REAR END,T-INTERSECTION,,STRAIGHT AND LEVEL,UNKNOWN,UNKNOWN,NOT ON SCENE (DESK REPORT),NO INJURY / DRIVE AWAY,Y,,,"OVER $1,500",07/29/2025 05:37:00 PM,UNABLE TO DETERMINE,NOT APPLICABLE,5750,W,NORTH AVE,2531,,,,,,,2,NO INDICATION OF INJURY,0,0,0,0,0,2,0,5,3,7,41.909432946,-87.7699164185,POINT (-87.769916418494 41.909432946047)
b8cda782d5c7ae9dc3c299c1cdc8fe001b0032a653681c50b46fb92290f0c919dc89d153341bed436a9d4b6a2b7978fca5ecb4eb40955c5210cb4652a2300b5c,,07/29/2025 04:40:00 AM,30,TRAFFIC SIGNAL,FUNCTIONING PROPERLY,CLEAR,"DARKNESS, LIGHTED ROAD",PEDESTRIAN,DIVIDED - W/MEDIAN BARRIER,,STRAIGHT AND LEVEL,DRY,NO DEFECTS,ON SCENE,INJURY AND / OR TOW DUE TO CRASH,,,,$500 OR LESS,07/29/2025 04:40:00 AM,NOT APPLICABLE,NOT APPLICABLE,697,N,MICHIGAN AVE,1834,,,,,,,2,NONINCAPACITATING INJURY,1,0,0,1,0,2,0,4,3,7,41.8949034326,-87.6241041941,POINT (-87.624104194117 41.89490343257)
61aadf7f602353f54329758abb7cdbbb8a5419e067e2c98581b628467ced42c61c6ec45a3460ea348ffdf0d54e20b3f9c5a114ae384e27d4df16679136007468,,07/29/2025 04:30:00 AM,20,NO CONTROLS,NO CONTROLS,UNKNOWN,UNKNOWN,PARKED MOTOR VEHICLE,NOT DIVIDED,,STRAIGHT AND LEVEL,UNKNOWN,NO DEFECTS,NOT ON SCENE (DESK REPORT),NO INJURY / DRIVE AWAY,,,Y,"OVER $1,500",08/02/2025 10:45:00 AM,UNABLE TO DETERMINE,UNABLE TO DETERMINE,4500,W,AGATITE AVE,1722,,,,,,,2,NO INDICATION OF INJURY,0,0,0,0,0,1,0,4,3,7,41.9614667553,-87.7413063905,POINT (-87.741306390527 41.961466755344)
480adac57f07500f106a19674ee8138984d78f928edfb50ae05fc0e8dd492a69b9ff99d076070cedcec276723561d911f8e46af04b20e6039400cfc1623c9064,,07/29/2025 04:00:00 AM,30,NO CONTROLS,NO CONTROLS,CLEAR,"DARKNESS, LIGHTED ROAD",PARKED MOTOR VEHICLE,NOT DIVIDED,,STRAIGHT AND LEVEL,DRY,NO DEFECTS,NOT ON SCENE (DESK REPORT),NO INJURY / DRIVE AWAY,,N,Y,$500 OR LESS,07/29/2025 04:00:00 AM,IMPROPER OVERTAKING/PASSING,UNABLE TO DETERMINE,6822,S,OAKLEY AVE,832,,,,,,,2,NO INDICATION OF INJURY,0,0,0,0,0,1,0,4,3,7,41.7694632552,-87.6809844646,POINT (-87.680984464608 41.769463255154)
9a16bcf63a47988656a10da7f6cbe0b884ed9485d2434f6c579443a16730bfe11c87be38e1ce76656bbc26d7274333150c31196610f731a045f22952e1686577,,07/29/2025 03:56:00 AM,30,NO CONTROLS,NO CONTROLS,CLEAR,"DARKNESS, LIGHTED ROAD",FIXED OBJECT,FOUR WAY,,STRAIGHT AND LEVEL,DRY,UNKNOWN,ON SCENE,INJURY AND / OR TOW DUE TO CRASH,Y,,,"OVER $1,500",07/29/2025 03:57:00 AM,UNABLE TO DETERMINE,NOT APPLICABLE,2059,W,18TH ST,1234,,,,,,,1,NO INDICATION OF INJURY,0,0,0,0,0,1,0,3,3,7,41.8575252755,-87.6783213546,POINT (-87.678321354632 41.857525275533)
afc69167bb969fe2cc5a9e85fa49096e82d9caaa7cd6a735f0e4f5674929696749cd5268661297ac1da7f6096e390f4fe84b8527b1084830179d66bd1dc3d2bd,,07/29/2025 03:53:00 AM,30,TRAFFIC SIGNAL,FUNCTIONING PROPERLY,CLEAR,"DARKNESS, LIGHTED ROAD",REAR END,FOUR WAY,,STRAIGHT AND LEVEL,DRY,NO DEFECTS,ON SCENE,INJURY AND / OR TOW DUE TO CRASH,,,,"OVER $1,500",07/29/2025 03:53:00 AM,FOLLOWING TOO CLOSELY,UNABLE TO DETERMINE,98,E,115TH ST,531,,,,,,,2,NO INDICATION OF INJURY,0,0,0,0,0,2,0,3,3,7,41.6854551953,-87.6209098877,POINT (-87.620909887696 41.685455195257)
08fb6a4bc149345bd90ae7f393a622f905bf61a5acc4a1a5d3515437d560d7f34070484ad223c0810056f19510048017078aa13f5c4b1e708e066ef2b7919e23,,07/29/2025 03:45:00 AM,30,TRAFFIC SIGNAL,FUNCTIONING PROPERLY,CLEAR,"DARKNESS, LIGHTED ROAD",TURNING,DIVIDED - W/MEDIAN (NOT RAISED),,STRAIGHT AND LEVEL,DRY,NO DEFECTS,ON SCENE,INJURY AND / OR TOW DUE TO CRASH,Y,,Y,"OVER $1,500",07/29/2025 04:00:00 AM,DISREGARDING TRAFFIC SIGNALS,UNABLE TO DETERMINE,6701,S,CICERO AVE,833,,,,,,,2,NONINCAPACITATING INJURY,1,0,0,1,0,1,0,3,3,7,41.7710448011,-87.7419056317,POINT (-87.741905631651 41.771044801146)
c2571d65058f41123c656a78f3c4adac537cf7b72984af2a1c2388d60652db1ef7dade8543b91fb385544feb8fcb9466bc061e002d08ddfada2b7f7125bb11c4,,07/29/2025 03:20:00 AM,35,NO CONTROLS,NO CONTROLS,CLEAR,DARKNESS,PARKED MOTOR VEHICLE,DIVIDED - W/MEDIAN (NOT RAISED),,STRAIGHT AND LEVEL,DRY,NO DEFECTS,ON SCENE,INJURY AND / OR TOW DUE TO CRASH,,,Y,"OVER $1,500",07/29/2025 03:25:00 AM,FAILING TO REDUCE SPEED TO AVOID CRASH,NOT APPLICABLE,6301,W,63RD ST,812,,,,,,,2,NO INDICATION OF INJURY,0,0,0,0,0,1,0,3,3,7,41.7776109537,-87.7788804756,POINT (-87.778880475565 41.777610953696)
e94b78dabb38cc7e6b77efc8edf707ee90e799d79191528627883978239485115b860a815267ec509ad59c14ec7b432ed54917f06bcf2ee37908031887d47141,,07/29/2025 03:13:00 AM,40,FLASHING CONTROL SIGNAL,FUNCTIONING PROPERLY,CLEAR,"DARKNESS, LIGHTED ROAD",FIXED OBJECT,DIVIDED - W/MEDIAN BARRIER,,STRAIGHT AND LEVEL,DRY,NO DEFECTS,ON SCENE,INJURY AND / OR TOW DUE TO CRASH,,,,"OVER $1,500",07/29/2025 03:17:00 AM,FAILING TO REDUCE SPEED TO AVOID CRASH,NOT APPLICABLE,1000,N,LAKE SHORE DR NB,1824,,,,,,,1,NO INDICATION OF INJURY,0,0,0,0,0,4,0,3,3,7,41.9009589191,-87.6199281737,POINT (-87.619928173678 41.900958919109)
c98d5fa059d53d0daaff4e504c1163988f414b6237c4754065e6422d6582d01e7a302ce0c5a7d7bbf899517d84ec32bbaff03680ba6b763a2c7432e2842863ab,,07/29/2025 03:00:00 AM,0,NO CONTROLS,NO CONTROLS,CLEAR,"DARKNESS, LIGHTED ROAD",SIDESWIPE OPPOSITE DIRECTION,PARKING LOT,,STRAIGHT AND LEVEL,DRY,NO DEFECTS,NOT ON SCENE (DESK REPORT),NO INJURY / DRIVE AWAY,,,,"$501 - $1,500",07/29/2025 03:05:00 AM,DRIVING SKILLS/KNOWLEDGE/EXPERIENCE,DRIVING SKILLS/KNOWLEDGE/EXPERIENCE,257,E,HURON ST,1834,,,,,,,2,NO INDICATION OF INJURY,0,0,0,0,0,2,0,3,3,7,41.8949058159,-87.620520448,POINT (-87.620520448028 41.894905815894)
e1ddac4340ed00241f3c4ef1fb70fcee4e125af464695079be5c4097fe25978a1f6f9ff5e6a36874350861dafa2d7e3e369c5f4124be6db764f7322acd922802,Y,07/29/2025 03:00:00 AM,25,NO CONTROLS,NO CONTROLS,UNKNOWN,UNKNOWN,PARKED MOTOR VEHICLE,ONE-WAY,,STRAIGHT AND LEVEL,UNKNOWN,UNKNOWN,NOT ON SCENE (DESK REPORT),NO INJURY / DRIVE AWAY,,,Y,"$501 - $1,500",07/29/2025 06:08:00 PM,UNABLE TO DETERMINE,UNABLE TO DETERMINE,124,N,MAYFIELD AVE,1512,,,,,,,2,NO INDICATION OF INJURY,0,0,0,0,0,1,0,3,3,7,41.8829392773,-87.7720295256,POINT (-87.77202952558 41.882939277302)
ed15346bc178526261e77c5056a9c8e35244e2f6dd67b4763a9b1440cfdfd039cb16a27e999e4f93dbb1009939e1569a4074cd96630e430c6d1bb83eafab69f3,,07/29/2025 02:53:00 AM,30,STOP SIGN/FLASHER,NO CONTROLS,CLEAR,"DARKNESS, LIGHTED ROAD",ANGLE,FOUR WAY,,STRAIGHT AND LEVEL,DRY,NO DEFECTS,NOT ON SCENE (DESK REPORT),INJURY AND / OR TOW DUE TO CRASH,Y,,,"OVER $1,500",07/29/2025 10:55:00 PM,FAILING TO YIELD RIGHT-OF-WAY,FAILING TO YIELD RIGHT-OF-WAY,300,E,GARFIELD BLVD,231,,,,,,,2,NONINCAPACITATING INJURY,3,0,0,3,0,0,0,2,3,7,41.794861709,-87.6191477269,POINT (-87.619147726853 41.794861709043)
a4761de65f002c90e0be575ee0268d59297021c60743215743fca9c64e28058f159c27f29ae9f93e7b3d480233ca66623ffc4adeee73f3e57aea8a1ce75b5ed1,,07/29/2025 02:39:00 AM,30,NO CONTROLS,NO CONTROLS,CLEAR,"DARKNESS, LIGHTED ROAD",FIXED OBJECT,DIVIDED - W/MEDIAN (NOT RAISED),,STRAIGHT AND LEVEL,DRY,NO DEFECTS,ON SCENE,INJURY AND / OR TOW DUE TO CRASH,,,,"OVER $1,500",07/29/2025 02:44:00 AM,UNDER THE INFLUENCE OF ALCOHOL/DRUGS (USE WHEN ARREST IS EFFECTED),NOT APPLICABLE,648,W,ROOSEVELT RD,1232,,,,,,,1,NO INDICATION OF INJURY,0,0,0,0,0,1,0,2,3,7,41.8673014859,-87.6442071761,POINT (-87.644207176099 41.867301485947)
09491aeaf046ba5d71b706531f160b148fc1b0152f88a87be4373a0532c78e9f7a193b5557bf4729ba4c58e9ed8148fe9ce70010286a442fe6f0c4628f77b901,,07/29/2025 02:27:00 AM,30,NO CONTROLS,NO CONTROLS,CLEAR,"DARKNESS, LIGHTED ROAD",FIXED OBJECT,DIVIDED - W/MEDIAN BARRIER,,STRAIGHT AND LEVEL,DRY,NO DEFECTS,ON SCENE,INJURY AND / OR TOW DUE TO CRASH,,,,"OVER $1,500",07/29/2025 02:27:00 AM,UNABLE TO DETERMINE,NOT APPLICABLE,4720,S,COTTAGE GROVE AVE,223,,,,,,,1,NO INDICATION OF INJURY,0,0,0,0,0,1,0,2,3,7,41.8089016637,-87.6066969662,POINT (-87.606696966181 41.808901663696)
605d05f9cf0ff2ec72ebc03f6ecf979ab4e48ee1566cfc87e6ad72ac43856ffba9ac5ded61e51308a2611102aff2257c419db2a800a5c9830af13c612808f061,Y,07/29/2025 02:00:00 AM,30,NO CONTROLS,NO CONTROLS,CLEAR,DARKNESS,PARKED MOTOR VEHICLE,NOT DIVIDED,,STRAIGHT AND LEVEL,DRY,NO DEFECTS,NOT ON SCENE (DESK REPORT),NO INJURY / DRIVE AWAY,,,Y,"OVER $1,500",07/29/2025 10:40:00 AM,UNABLE TO DETERMINE,NOT APPLICABLE,4127,S,INDIANA AVE,213,,,,,,,2,NO INDICATION OF INJURY,0,0,0,0,0,1,0,2,3,7,41.819354203,-87.6213365868,POINT (-87.621336586809 41.819354202965)
88365461d6cce55a180b94fd5919c548e8e50c1633c59f48af3000b218b8e3a2e84143827e372abe24b607c963a5b61b3a56b17c60822af7bc8365c8b82d5561,,07/29/2025 02:00:00 AM,30,NO CONTROLS,NO CONTROLS,CLEAR,DARKNESS,SIDESWIPE SAME DIRECTION,NOT DIVIDED,,STRAIGHT AND LEVEL,UNKNOWN,UNKNOWN,NOT ON SCENE (DESK REPORT),INJURY AND / OR TOW DUE TO CRASH,,,Y,"OVER $1,500",07/29/2025 01:23:00 PM,FAILING TO YIELD RIGHT-OF-WAY,FAILING TO YIELD RIGHT-OF-WAY,1225,S,UNION AVE,1232,,,,,,,2,NO INDICATION OF INJURY,0,0,0,0,0,2,0,2,3,7,41.8664649474,-87.6449380333,POINT (-87.644938033349 41.866464947389)
8a9cbcec034b77873234a9cfada307f951b77d0ad5e73bd66efe88fbaa1a43a827455750cad228eabd5c876368e46b28654cb900682c564f31b80f0dc31b9336,,07/29/2025 02:00:00 AM,30,NO CONTROLS,NO CONTROLS,CLEAR,DAYLIGHT,PARKED MOTOR VEHICLE,NOT DIVIDED,,STRAIGHT AND LEVEL,DRY,NO DEFECTS,NOT ON SCENE (DESK REPORT),NO INJURY / DRIVE AWAY,,,Y,"OVER $1,500",07/29/2025 05:30:00 PM,UNABLE TO DETERMINE,UNABLE TO DETERMINE,4017,W,MONROE ST,1115,,,,,,,2,NO INDICATION OF INJURY,0,0,0,0,0,1,0,2,3,7,41.8796421397,-87.7263655712,POINT (-87.726365571234 41.879642139665)
d28ec8135028408161d848d1dec24ab1a2a20faf1c4f978a79386cdfe962ab16e9df3ee29efe16fc563a2717f5c96c0ffdf75ede8860a1d4683200e4d2c50b99,,07/29/2025 02:00:00 AM,30,NO CONTROLS,NO CONTROLS,CLEAR,"DARKNESS, LIGHTED ROAD",PARKED MOTOR VEHICLE,NOT DIVIDED,,STRAIGHT AND LEVEL,DRY,NO DEFECTS,NOT ON SCENE (DESK REPORT),NO INJURY / DRIVE AWAY,,,Y,"OVER $1,500",07/29/2025 02:25:00 AM,IMPROPER TURNING/NO SIGNAL,UNABLE TO DETERMINE,7940,S,GREENWOOD AVE,624,,,,,,,2,NO INDICATION OF INJURY,0,0,0,0,0,1,0,2,3,7,41.7501539874,-87.5980306648,POINT (-87.598030664773 41.750153987414)
a27d6718c00b5a69e8c9713b50afb75d3e59657621d744f6d2a7760f5faa21e084ef66c6d8abf10497480b7edff287a31e79f8d5e20a28f738c9ba93a6005715,,07/29/2025 01:59:00 AM,30,NO CONTROLS,NO CONTROLS,CLEAR,"DARKNESS, LIGHTED ROAD",FIXED OBJECT,NOT DIVIDED,,STRAIGHT AND LEVEL,DRY,NO DEFECTS,ON SCENE,INJURY AND / OR TOW DUE TO CRASH,,,,"OVER $1,500",07/29/2025 01:59:00 AM,DISTRACTION - FROM OUTSIDE VEHICLE,IMPROPER BACKING,1817,W,69TH ST,735,,,,,,,1,"REPORTED, NOT EVIDENT",1,0,0,0,1,0,0,1,3,7,41.7683797802,-87.669510097,POINT (-87.669510097024 41.768379780169)
90aeafe91b722ff570ec0294063c1219027081010145644f84ef1adeb46fc026582a828e184af84d129c1fb07851c10a63e5cfccda1b695877fe6daa93681ba6,,07/29/2025 01:30:00 AM,30,UNKNOWN,UNKNOWN,UNKNOWN,UNKNOWN,ANGLE,T-INTERSECTION,,STRAIGHT AND LEVEL,UNKNOWN,UNKNOWN,NOT ON SCENE (DESK REPORT),NO INJURY / DRIVE AWAY,,,,"OVER $1,500",08/19/2025 12:00:00 PM,UNABLE TO DETERMINE,UNABLE TO DETERMINE,4700,S,WENTWORTH AVE,224,,,,,,,2,NO INDICATION OF INJURY,0,0,0,0,0,2,0,1,3,7,41.8090824366,-87.6310308737,POINT (-87.63103087365 41.809082436649)
3d46669b78e71d03834f1ddef2a50be33751772883e9871e00a669856b921171574d4c0237a7e89a7d742f4e3d7e0432d68af817ee09330f0f947bdaa1563591,,07/29/2025 01:28:00 AM,30,NO CONTROLS,NO CONTROLS,CLEAR,"DARKNESS, LIGHTED ROAD",PARKED MOTOR VEHICLE,NOT DIVIDED,,STRAIGHT AND LEVEL,DRY,NO DEFECTS,ON SCENE,INJURY AND / OR TOW DUE TO CRASH,,,,"OVER $1,500",07/29/2025 01:28:00 AM,EQUIPMENT - VEHICLE CONDITION,NOT APPLICABLE,729,N,LARAMIE AVE,1531,,,,,,,4,NONINCAPACITATING INJURY,1,0,0,1,0,0,0,1,3,7,41.8938869016,-87.7554140301,POINT (-87.755414030119 41.893886901633)
24374e7c4e13ebe31b19ce32e299e15da14956a7863db25bce9c43b824968aa92d307e67204b0a72ccb9a77eab0143875a31026085a42ec2f5db372aba306e0f,,07/29/2025 12:19:00 AM,30,STOP SIGN/FLASHER,NO CONTROLS,CLEAR,"DARKNESS, LIGHTED ROAD",PARKED MOTOR VEHICLE,ONE-WAY,,STRAIGHT AND LEVEL,DRY,NO DEFECTS,ON SCENE,NO INJURY / DRIVE AWAY,,,Y,"OVER $1,500",07/29/2025 12:19:00 AM,IMPROPER LANE USAGE,UNABLE TO DETERMINE,7222,S,PEORIA ST,733,,,,,,,2,NO INDICATION OF INJURY,0,0,0,0,0,1,0,0,3,7,41.7626310498,-87.646918605,POINT (-87.646918605038 41.762631049845)
a3b4d3c74859a89cb03280d5d370b939c2910fba1cb21aaee08bccdd0ca88b6b57e641ff013e3e10061c22770e087d5314c9d9c3c5e2f41bdca5e6f9cbf10903,,07/29/2025 12:09:00 AM,25,NO CONTROLS,NO CONTROLS,CLEAR,"DARKNESS, LIGHTED ROAD",OTHER OBJECT,NOT DIVIDED,,STRAIGHT AND LEVEL,DRY,NO DEFECTS,ON SCENE,INJURY AND / OR TOW DUE TO CRASH,,,Y,"OVER $1,500",07/29/2025 12:11:00 AM,UNABLE TO DETERMINE,NOT APPLICABLE,731,W,68TH ST,723,,,,,,,1,NO INDICATION OF INJURY,0,0,0,0,0,1,0,0,3,7,41.770569861,-87.6431313364,POINT (-87.643131336416 41.770569861034)
f8c9b82ba8afc12afc4a3ec294a72946765fb2bead202ac44ec09aefd7b032dc4e82ff384451447fbf60e1bbf4c9e0b082aae9e8c2eed3465ba0614431d6e734,,07/29/2025 12:04:00 AM,10,STOP SIGN/FLASHER,OTHER,CLEAR,"DARKNESS, LIGHTED ROAD",TURNING,PARKING LOT,,STRAIGHT AND LEVEL,DRY,NO DEFECTS,ON SCENE,NO INJURY / DRIVE AWAY,,,,"OVER $1,500",07/29/2025 12:04:00 AM,FAILING TO YIELD RIGHT-OF-WAY,NOT APPLICABLE,538,W,OHARE ST,1654,,,,,,,2,NO INDICATION OF INJURY,0,0,0,0,0,2,0,0,3,7,,,
dc31ad7a7a09c08bbe995129258f59204aa136a93cd6eb5aab7d349b0629b5deaa1a252175e01b93b49606e30cbd39eab8658e54208a90f2bd694d2c67b36e03,Y,07/29/2025 12:00:00 AM,30,NO CONTROLS,NO CONTROLS,UNKNOWN,UNKNOWN,PARKED MOTOR VEHICLE,NOT DIVIDED,,STRAIGHT AND LEVEL,UNKNOWN,NO DEFECTS,ON SCENE,NO INJURY / DRIVE AWAY,,,Y,"OVER $1,500",08/01/2025 02:41:00 PM,FAILING TO REDUCE SPEED TO AVOID CRASH,NOT APPLICABLE,929,W,HUBBARD ST,1214,,,,,,,2,NO INDICATION OF INJURY,0,0,0,0,0,1,0,0,3,7,41.8899407477,-87.6510414968,POINT (-87.651041496783 41.889940747704)
ce8901e84e825048a0e577e3600fc2ce510fc0bc810f481d5a2231bf9bd40482c32660971395c03535c43dd559b7364516eea77cb7e3c2bc9c8a51cf9cfbfe9d,,07/28/2025 11:50:00 PM,30,NO CONTROLS,NO CONTROLS,CLEAR,"DARKNESS, LIGHTED ROAD",REAR END,NOT DIVIDED,,STRAIGHT AND LEVEL,DRY,NO DEFECTS,NOT ON SCENE (DESK REPORT),NO INJURY / DRIVE AWAY,,,Y,"OVER $1,500",07/29/2025 12:45:00 AM,IMPROPER OVERTAKING/PASSING,UNABLE TO DETERMINE,6437,S,KEDZIE AVE,823,,,,,,,2,NO INDICATION OF INJURY,0,0,0,0,0,2,0,23,2,7,41.7760121138,-87.7029221027,POINT (-87.702922102746 41.776012113805)