CRASH_RECORD_ID,CRASH_DATE_EST_I,CRASH_DATE,POSTED_SPEED_LIMIT,TRAFFIC_CONTROL_DEVICE,DEVICE_CONDITION,WEATHER_CONDITION,LIGHTING_CONDITION,FIRST_CRASH_TYPE,TRAFFICWAY_TYPE,LANE_CNT,ALIGNMENT,ROADWAY_SURFACE_COND,ROAD_DEFECT,REPORT_TYPE,CRASH_TYPE,INTERSECTION_RELATED_I,NOT_RIGHT_OF_WAY_I,HIT_AND_RUN_I,DAMAGE,DATE_POLICE_NOTIFIED,PRIM_CONTRIBUTORY_CAUSE,SEC_CONTRIBUTORY_CAUSE,STREET_NO,STREET_DIRECTION,STREET_NAME,BEAT_OF_OCCURRENCE,PHOTOS_TAKEN_I,STATEMENTS_TAKEN_I,DOORING_I,WORK_ZONE_I,WORK_ZONE_TYPE,WORKERS_PRESENT_I,NUM_UNITS,MOST_SEVERE_INJURY,INJURIES_TOTAL,INJURIES_FATAL,INJURIES_INCAPACITATING,INJURIES_NON_INCAPACITATING,INJURIES_REPORTED_NOT_EVIDENT,INJURIES_NO_INDICATION,INJURIES_UNKNOWN,CRASH_HOUR,CRASH_DAY_OF_WEEK,CRASH_MONTH,LATITUDE,LONGITUDE,LOCATION
e3afc9596ce0a4648f059e0e87f28e795c788f58aeece0d7e554648dd2a9eea6eb65920dc3ef08c586831a21d0c047a1f999e3fa80b4128e74ecc15fdad83f0c,,07/28/2025 11:49:00 PM,30,TRAFFIC SIGNAL,FUNCTIONING PROPERLY,CLEAR,"DARKNESS, LIGHTED ROAD",ANGLE,FOUR WAY,,STRAIGHT AND LEVEL,DRY,NO DEFECTS,ON SCENE,INJURY AND / OR TOW DUE TO CRASH,Y,,,"$501 - $1,500",07/28/2025 11:49:00 PM,DISREGARDING TRAFFIC SIGNALS,NOT APPLICABLE,2800,N,CALIFORNIA AVE,1411,,,,,,,2,NONINCAPACITATING INJURY,2,0,0,2,0,1,0,23,2,7,41.9321207191,-87.6977653004,POINT (-87.697765300365 41.932120719106)
81a2a0339671615a85b357910f48d0002a7b4a393ad659ceb4ad1c2e1b45328ec60c59851cfe10fa0c7e41a7aab771ed9b6af5c30113fa2a346c1e2c9c5a7973,,07/28/2025 11:30:00 PM,30,TRAFFIC SIGNAL,FUNCTIONING PROPERLY,CLEAR,"DARKNESS, LIGHTED ROAD",TURNING,NOT DIVIDED,,STRAIGHT AND LEVEL,DRY,NO DEFECTS,NOT ON SCENE (DESK REPORT),NO INJURY / DRIVE AWAY,Y,,Y,"OVER $1,500",07/29/2025 07:55:00 PM,IMPROPER LANE USAGE,UNABLE TO DETERMINE,6001,W,DIVERSEY AVE,2512,,,,,,,2,NO INDICATION OF INJURY,0,0,0,0,0,2,0,23,2,7,41.9310291091,-87.7760247449,POINT (-87.776024744914 41.931029109093)
cfd6174d360a8112fef227b7fffea5639729eeb1a69da66f97a3d8151d648a517714f9fdd872befbf18e66ecdbceda645e982791de31699d5ed7a62b48dfe396,,07/28/2025 11:30:00 PM,30,UNKNOWN,UNKNOWN,CLEAR,DARKNESS,SIDESWIPE SAME DIRECTION,NOT DIVIDED,,STRAIGHT AND LEVEL,DRY,NO DEFECTS,NOT ON SCENE (DESK REPORT),NO INJURY / DRIVE AWAY,,,Y,"OVER $1,500",07/28/2025 11:45:00 PM,UNABLE TO DETERMINE,UNABLE TO DETERMINE,3250,S,KEDZIE AVE,1032,,,,,,,2,NO INDICATION OF INJURY,0,0,0,0,0,1,0,23,2,7,41.8337905251,-87.7048698687,POINT (-87.704869868674 41.833790525054)
0375819798d50d0a0665590cf6b67e67453c6bb53c694da49060c3adfe80c3410c84303789ef49abc21387abcd06d1b10cadb83f953265c6a5f9ba451e6a98be,,07/28/2025 10:30:00 PM,30,UNKNOWN,UNKNOWN,UNKNOWN,"DARKNESS, LIGHTED ROAD",SIDESWIPE SAME DIRECTION,NOT DIVIDED,,STRAIGHT AND LEVEL,DRY,NO DEFECTS,ON SCENE,NO INJURY / DRIVE AWAY,,,Y,"$501 - $1,500",07/28/2025 11:34:00 PM,IMPROPER OVERTAKING/PASSING,NOT APPLICABLE,6001,W,DIVERSEY AVE,2512,,,,,,,2,NO INDICATION OF INJURY,0,0,0,0,0,2,0,22,2,7,41.9310291091,-87.7760247449,POINT (-87.776024744914 41.931029109093)
f2a4ae37ffc83cdb05d1ca734b27de7cca1844086bf90f23c18766da812fc5d93abaf6680e75a620ab09b3646c4624d80000e36f25b5057e68a030c89393beaa,,07/28/2025 10:15:00 PM,30,NO CONTROLS,NO CONTROLS,CLEAR,DARKNESS,TURNING,NOT DIVIDED,,STRAIGHT AND LEVEL,DRY,NO DEFECTS,NOT ON SCENE (DESK REPORT),NO INJURY / DRIVE AWAY,,,,"OVER $1,500",07/28/2025 10:53:00 PM,FAILING TO YIELD RIGHT-OF-WAY,UNABLE TO DETERMINE,5231,S,PULASKI RD,822,,,,,,,2,NO INDICATION OF INJURY,0,0,0,0,0,2,0,22,2,7,41.7977400806,-87.7231428155,POINT (-87.723142815455 41.797740080638)
7381f9177c158fad9d1caa02d9607bb032f4244cdc2d20ac2e7ff7aad69c37bcf37c17622db54269945ac192a231e220214926e2c3f49ec5657c2a2c501c3fbd,,07/28/2025 10:12:00 PM,25,NO CONTROLS,NO CONTROLS,CLEAR,"DARKNESS, LIGHTED ROAD",PARKED MOTOR VEHICLE,NOT DIVIDED,,STRAIGHT AND LEVEL,DRY,UNKNOWN,NOT ON SCENE (DESK REPORT),NO INJURY / DRIVE AWAY,,,Y,"OVER $1,500",07/31/2025 05:00:00 PM,UNABLE TO DETERMINE,UNABLE TO DETERMINE,12609,S,EDBROOKE AVE,532,,,,,,,2,NO INDICATION OF INJURY,0,0,0,0,0,1,0,22,2,7,41.6644463782,-87.6185747929,POINT (-87.618574792931 41.664446378178)
d8b66255291a896a6b5b5c58ec9c9e337acb805671f73961346e0b4852463c3b87b07d3f2762731742d66d88b5e0c69f3dc978c1199ee9a7c8447b080fd7e949,,07/28/2025 10:10:00 PM,30,NO CONTROLS,NO CONTROLS,CLEAR,"DARKNESS, LIGHTED ROAD",REAR TO FRONT,NOT DIVIDED,,STRAIGHT AND LEVEL,DRY,NO DEFECTS,NOT ON SCENE (DESK REPORT),NO INJURY / DRIVE AWAY,,,,"OVER $1,500",07/28/2025 11:00:00 PM,UNABLE TO DETERMINE,NOT APPLICABLE,71,E,WACKER DR,111,,,,,,,2,NO INDICATION OF INJURY,0,0,0,0,0,2,0,22,2,7,41.8877565227,-87.6255181916,POINT (-87.625518191614 41.887756522735)
522bec1d362efd54bb65d4dbacad934d4fdfedc372844431fc3a9a81de2e07d2658274dfbf26a75faa088dbb76b774357d311223706bfbae4f3242e079d41dd2,,07/28/2025 09:45:00 PM,30,TRAFFIC SIGNAL,FUNCTIONING PROPERLY,CLEAR,"DARKNESS, LIGHTED ROAD",REAR END,FOUR WAY,,STRAIGHT AND LEVEL,DRY,NO DEFECTS,ON SCENE,INJURY AND / OR TOW DUE TO CRASH,Y,,,"OVER $1,500",07/28/2025 09:52:00 PM,FOLLOWING TOO CLOSELY,UNABLE TO DETERMINE,7524,N,MILWAUKEE AVE,1611,,,,,,,2,NONINCAPACITATING INJURY,1,0,0,1,0,1,0,21,2,7,42.0178149126,-87.8067362371,POINT (-87.806736237114 42.01781491259)
42591a5e53d85c69e6611a48d3b1ef0210ff7fd5510aff28dde5d06f19c37331cb6e62470b4643ce30eff0a6f15fa3717fbb7f4ffdfa6dd786e9ed46610470fd,N,07/28/2025 09:15:00 PM,30,NO CONTROLS,NO CONTROLS,CLEAR,DAYLIGHT,PARKED MOTOR VEHICLE,PARKING LOT,,STRAIGHT AND LEVEL,DRY,UNKNOWN,NOT ON SCENE (DESK REPORT),NO INJURY / DRIVE AWAY,,,Y,"OVER $1,500",07/28/2025 10:30:00 PM,NOT APPLICABLE,NOT APPLICABLE,6300,S,COAST GUARD DR,331,,,,,,,2,NO INDICATION OF INJURY,0,0,0,0,0,1,0,21,2,7,41.7796807607,-87.575066734,POINT (-87.575066733953 41.77968076067)
13d869746f1d0bcf36edb86de096a62b2aed2c0cecf8d83957587e665df619c7d5a423cac1c8044b363d52e38359a01199b4242636af9c46013a60d3091118c3,,07/28/2025 09:00:00 PM,30,NO CONTROLS,NO CONTROLS,CLEAR,"DARKNESS, LIGHTED ROAD",FIXED OBJECT,DIVIDED - W/MEDIAN BARRIER,,STRAIGHT AND LEVEL,DRY,NO DEFECTS,ON SCENE,NO INJURY / DRIVE AWAY,,,,"OVER $1,500",07/28/2025 09:22:00 PM,"EVASIVE ACTION DUE TO ANIMAL, OBJECT, NONMOTORIST",ANIMAL,8800,W,LAWRENCE AVE,1614,,,,,,,1,NO INDICATION OF INJURY,0,0,0,0,0,1,0,21,2,7,41.9665032209,-87.8469943855,POINT (-87.846994385504 41.966503220869)
379e46f22aff532806b945189d2e65dd6b7863e92861a96fca1e48e9db2516bf1277015678be63738311683addeca8fe41d02bd75b5f51c3f1fe7fa1e6b85ded,,07/28/2025 09:00:00 PM,10,UNKNOWN,UNKNOWN,UNKNOWN,UNKNOWN,REAR TO SIDE,PARKING LOT,,STRAIGHT AND LEVEL,UNKNOWN,UNKNOWN,NOT ON SCENE (DESK REPORT),NO INJURY / DRIVE AWAY,,,Y,"$501 - $1,500",07/29/2025 09:51:00 AM,UNABLE TO DETERMINE,NOT APPLICABLE,5859,S,KEDZIE AVE,824,,,,,,,2,NO INDICATION OF INJURY,0,0,0,0,0,2,0,21,2,7,41.7863411982,-87.703204308,POINT (-87.70320430798 41.786341198192)
91248539b0a0f433694ddbb26b314e272690457c2fb124abd04aafabc230ca65e4c2920d1317c73ab0aab92057e5575ccaf60de0ac1db3bccb8bba565a27164a,,07/28/2025 09:00:00 PM,30,STOP SIGN/FLASHER,FUNCTIONING PROPERLY,CLEAR,"DARKNESS, LIGHTED ROAD",PEDALCYCLIST,DIVIDED - W/MEDIAN (NOT RAISED),,STRAIGHT AND LEVEL,DRY,NO DEFECTS,NOT ON SCENE (DESK REPORT),INJURY AND / OR TOW DUE TO CRASH,Y,,,"$501 - $1,500",07/28/2025 10:44:00 PM,UNABLE TO DETERMINE,UNABLE TO DETERMINE,199,S,LARAMIE AVE,1533,,,,,,,2,"REPORTED, NOT EVIDENT",1,0,0,0,1,1,0,21,2,7,41.878519468,-87.7548509822,POINT (-87.754850982198 41.878519467983)
f8b4997e75bfae701a1a98cae22109a5337b219d4b2bc31242b0996f1233bd133be71e9f9b926ff0c7727dabec26107c596c1e117942f485a322af5298f57bba,,07/28/2025 09:00:00 PM,25,UNKNOWN,UNKNOWN,CLEAR,"DARKNESS, LIGHTED ROAD",PARKED MOTOR VEHICLE,DIVIDED - W/MEDIAN (NOT RAISED),,STRAIGHT AND LEVEL,DRY,NO DEFECTS,NOT ON SCENE (DESK REPORT),NO INJURY / DRIVE AWAY,,,Y,"OVER $1,500",07/29/2025 07:30:00 AM,UNABLE TO DETERMINE,UNABLE TO DETERMINE,1916,N,FRANCISCO AVE,1421,,,,,,,2,NO INDICATION OF INJURY,0,0,0,0,0,1,0,21,2,7,41.9161927537,-87.6994145884,POINT (-87.699414588379 41.916192753722)
71514d6b667c072951f7e703e95cbb536ad356fa4bebf021ff0ac440c21d51a1715a85839f60c335fe236bc2e5b444dd80b2256d7ecb56e4865994d45d6ecc3f,,07/28/2025 08:49:00 PM,30,TRAFFIC SIGNAL,FUNCTIONING PROPERLY,CLEAR,"DARKNESS, LIGHTED ROAD",ANGLE,DIVIDED - W/MEDIAN (NOT RAISED),,STRAIGHT AND LEVEL,DRY,UNKNOWN,ON SCENE,INJURY AND / OR TOW DUE TO CRASH,Y,,,"OVER $1,500",07/28/2025 08:54:00 PM,DISREGARDING TRAFFIC SIGNALS,FAILING TO YIELD RIGHT-OF-WAY,358,N,ORLEANS ST,1831,,,,,,,2,"REPORTED, NOT EVIDENT",1,0,0,0,1,2,0,20,2,7,41.8890985974,-87.6371091678,POINT (-87.637109167765 41.889098597413)
aa570017a7cb7e80d5245ccceb08e2cdc531d9da19f12282d76f3848c8d9bb7371f502c007c02fb040c6ebee8ab2c796915041b625fe6a69bee06275c93fd4a4,,07/28/2025 08:35:00 PM,30,TRAFFIC SIGNAL,FUNCTIONING PROPERLY,CLEAR,"DARKNESS, LIGHTED ROAD",PEDESTRIAN,FOUR WAY,,STRAIGHT AND LEVEL,DRY,NO DEFECTS,ON SCENE,INJURY AND / OR TOW DUE TO CRASH,Y,,,$500 OR LESS,07/28/2025 08:35:00 PM,FAILING TO YIELD RIGHT-OF-WAY,UNABLE TO DETERMINE,1,E,83RD ST,632,,,,,,,2,"REPORTED, NOT EVIDENT",1,0,0,0,1,1,0,20,2,7,41.7435467579,-87.6242521859,POINT (-87.624252185934 41.743546757867)
2de23a3576837dd2d42061a65ef8ce066fbf8148b108bf9000093b99c629353b2075746136e10588039bc3db1782284e6a0f44a515abc4be4a03ddd4115368a0,,07/28/2025 08:30:00 PM,30,NO CONTROLS,NO CONTROLS,CLEAR,DAYLIGHT,SIDESWIPE SAME DIRECTION,NOT DIVIDED,,STRAIGHT AND LEVEL,DRY,NO DEFECTS,NOT ON SCENE (DESK REPORT),NO INJURY / DRIVE AWAY,,,,"OVER $1,500",07/29/2025 06:35:00 PM,"VISION OBSCURED (SIGNS, TREE LIMBS, BUILDINGS, ETC.)",UNABLE TO DETERMINE,6420,W,FULLERTON AVE,2512,,,,,,,2,NO INDICATION OF INJURY,0,0,0,0,0,2,0,20,2,7,41.9237817967,-87.7862536744,POINT (-87.786253674433 41.92378179667)
435a24134c1c1559bc0b1fb38a03e12d4fcb604ec5e770b6504344acde922f665d329c97b76efeaca71e09d138a361bdd955af0d7dd73a8d39bb3222f35a4ffb,Y,07/28/2025 08:30:00 PM,35,NO CONTROLS,NO CONTROLS,CLEAR,DARKNESS,PARKED MOTOR VEHICLE,NOT DIVIDED,,STRAIGHT AND LEVEL,DRY,NO DEFECTS,NOT ON SCENE (DESK REPORT),NO INJURY / DRIVE AWAY,,,,$500 OR LESS,07/29/2025 08:40:00 AM,IMPROPER BACKING,NOT APPLICABLE,5463,W,MADISON ST,1522,,,,,,,2,NO INDICATION OF INJURY,0,0,0,0,0,1,0,20,2,7,41.8801702403,-87.7623946569,POINT (-87.762394656904 41.880170240293)
b85d5491eda128638dc3c97ed25abcafab41b36162c0bac60b721c36622fd1ca6255befbe59ab14190bb782f9539fbf8ff06feb1ca3ed446229accadcf6d9a3c,N,07/28/2025 08:17:00 PM,30,NO CONTROLS,NO CONTROLS,CLEAR,"DARKNESS, LIGHTED ROAD",FIXED OBJECT,DIVIDED - W/MEDIAN (NOT RAISED),,STRAIGHT AND LEVEL,DRY,NO DEFECTS,ON SCENE,INJURY AND / OR TOW DUE TO CRASH,,,N,"OVER $1,500",07/28/2025 08:17:00 PM,FAILING TO REDUCE SPEED TO AVOID CRASH,UNABLE TO DETERMINE,2034,W,WALNUT ST,1223,,,,,,,1,NO INDICATION OF INJURY,0,0,0,0,0,1,0,20,2,7,41.8859500414,-87.6781788657,POINT (-87.678178865679 41.88595004138)
b72c7adcb44a627938ef36b15a8be05740f795cdc102043d4f1d482c6ce3508350fadedde10e011b4c8d88bf7a6155d7c28e4ff303a466dbeeb224b309abd5ad,Y,07/28/2025 08:16:00 PM,30,UNKNOWN,UNKNOWN,UNKNOWN,UNKNOWN,REAR TO FRONT,OTHER,,STRAIGHT AND LEVEL,UNKNOWN,UNKNOWN,NOT ON SCENE (DESK REPORT),NO INJURY / DRIVE AWAY,,,,"$501 - $1,500",07/28/2025 09:00:00 PM,UNABLE TO DETERMINE,UNABLE TO DETERMINE,1225,S,WABASH AVE,131,,,,,,,2,NO INDICATION OF INJURY,0,0,0,0,0,5,0,20,2,7,41.8667276755,-87.6256674863,POINT (-87.625667486254 41.866727675542)
625764e36c7c20de390e02dcb69c35a6228dcb6b4c31293aa2b8e47aee819ea684a03240ce2abf4bc7d1f842ea7a8c3ae34653ec826b12b58276ebdeb04b4822,,07/28/2025 08:10:00 PM,30,STOP SIGN/FLASHER,FUNCTIONING PROPERLY,CLEAR,DUSK,REAR TO FRONT,NOT DIVIDED,,STRAIGHT AND LEVEL,DRY,NO DEFECTS,NOT ON SCENE (DESK REPORT),NO INJURY / DRIVE AWAY,,,Y,"OVER $1,500",07/28/2025 09:00:00 PM,IMPROPER BACKING,UNABLE TO DETERMINE,2283,N,MILWAUKEE AVE,1431,,,,,,,2,NO INDICATION OF INJURY,0,0,0,0,0,3,0,20,2,7,41.9225876174,-87.6966187643,POINT (-87.696618764262 41.922587617422)
8c5beb04e65bff155b5b2ec35f16e4c0131db80ee9aca98d91bfbe43ead7bc3de45c732ff65a9b673ac9d3819d7fec774105b5d6da2f744fa1801132b4286441,Y,07/28/2025 08:01:00 PM,30,TRAFFIC SIGNAL,FUNCTIONING PROPERLY,CLEAR,DAYLIGHT,TURNING,DIVIDED - W/MEDIAN (NOT RAISED),,STRAIGHT AND LEVEL,DRY,NO DEFECTS,,INJURY AND / OR TOW DUE TO CRASH,,,,"OVER $1,500",07/28/2025 08:05:00 PM,UNABLE TO DETERMINE,UNABLE TO DETERMINE,6600,W,HIGGINS AVE,1613,,,,,,,2,NO INDICATION OF INJURY,0,0,0,0,0,2,0,20,2,7,41.9779641613,-87.7926774637,POINT (-87.792677463665 41.977964161292)
3c862dac475f37850245fe1a4b97380cb5efb71f56ac33e4a2469eb6bbc2d577425e91257ffdd7c4676e20bbc857a3244328c2990923c6ca237ad3c87126891a,,07/28/2025 08:00:00 PM,30,TRAFFIC SIGNAL,FUNCTIONING PROPERLY,CLEAR,DUSK,SIDESWIPE SAME DIRECTION,NOT DIVIDED,,STRAIGHT AND LEVEL,DRY,NO DEFECTS,,INJURY AND / OR TOW DUE TO CRASH,,,Y,"OVER $1,500",07/28/2025 08:13:00 PM,IMPROPER LANE USAGE,FAILING TO YIELD RIGHT-OF-WAY,2405,W,71ST ST,832,,,,,,,2,NO INDICATION OF INJURY,0,0,0,0,0,7,0,20,2,7,41.7645867263,-87.6834683819,POINT (-87.68346838186 41.764586726261)
59d682b2a981ebb2373a5cd08e13273089165034c6924286f141ab50753645fd2a851ead648a75d4574800d0871742ae430ba7f5a6896d1cee9620e889219700,,07/28/2025 08:00:00 PM,30,NO CONTROLS,NO CONTROLS,CLEAR,DAYLIGHT,TURNING,DIVIDED - W/MEDIAN BARRIER,,CURVE ON GRADE,DRY,NO DEFECTS,ON SCENE,INJURY AND / OR TOW DUE TO CRASH,,,,"OVER $1,500",07/28/2025 08:00:00 PM,UNABLE TO DETERMINE,UNABLE TO DETERMINE,4453,N,CICERO AVE,1623,,,,,,,2,NO INDICATION OF INJURY,0,0,0,0,0,2,0,20,2,7,41.9623353082,-87.747519816,POINT (-87.747519815961 41.962335308168)
237ae4e38682473f9913bb14f3675a9edd85bedfdb37511900f615c0b3749f8ceb63820994e65d70481efb604dcd67b37d1d169d6bc3f16b96ff456983ea6bd9,,07/28/2025 07:45:00 PM,30,STOP SIGN/FLASHER,FUNCTIONING PROPERLY,CLEAR,DUSK,PEDESTRIAN,NOT DIVIDED,,STRAIGHT AND LEVEL,UNKNOWN,UNKNOWN,NOT ON SCENE (DESK REPORT),INJURY AND / OR TOW DUE TO CRASH,,,,"OVER $1,500",07/28/2025 08:24:00 PM,FAILING TO YIELD RIGHT-OF-WAY,NOT APPLICABLE,4700,S,KILPATRICK AVE,815,,,,,,,2,NONINCAPACITATING INJURY,1,0,0,1,0,1,0,19,2,7,41.8075598709,-87.7408551977,POINT (-87.740855197748 41.807559870916)
b6cc8d0bcbf91eff37a6220c196c41d87df24e2af63883ef5c5c0e20d65b84a8adf5e2f1b57fc18a4cbc2dd56f26fd0670801ffba306b32d3822ced6744c9232,,07/28/2025 07:45:00 PM,30,NO CONTROLS,NO CONTROLS,CLEAR,DAYLIGHT,TURNING,NOT DIVIDED,,STRAIGHT AND LEVEL,DRY,NO DEFECTS,NOT ON SCENE (DESK REPORT),NO INJURY / DRIVE AWAY,,,Y,"OVER $1,500",07/29/2025 06:07:00 AM,UNABLE TO DETERMINE,NOT APPLICABLE,2725,W,ST GEORGES CT,1431,,,,,,,2,NO INDICATION OF INJURY,0,0,0,0,0,2,0,19,2,7,41.9213588673,-87.6965330554,POINT (-87.696533055442 41.921358867258)
11d39c0a70fc031fea5acf190f7bc3a239f85500412790118747f996a052c3648508def11f6b95f88c0b04b45470361984faa9fd949354f3e8f636bdf753fb3c,,07/28/2025 07:40:00 PM,30,NO CONTROLS,NO CONTROLS,CLEAR,DAYLIGHT,PARKED MOTOR VEHICLE,ONE-WAY,,STRAIGHT AND LEVEL,DRY,NO DEFECTS,NOT ON SCENE (DESK REPORT),NO INJURY / DRIVE AWAY,,,,"OVER $1,500",07/28/2025 07:40:00 PM,DISTRACTION - FROM INSIDE VEHICLE,NOT APPLICABLE,4008,W,CARROLL AVE,1114,,,,,,,2,NO INDICATION OF INJURY,0,0,0,0,0,1,0,19,2,7,41.8869332802,-87.7262732712,POINT (-87.72627327118 41.886933280178)
ac6671416bf1f84759fdbe6bf7d6dff8bb9126bc0e750c508275dfaa809066607b06dcd751c01a5231c2be25b78e14725c04991ede95dfdd6d912882bf7a6d87,Y,07/28/2025 07:40:00 PM,30,TRAFFIC SIGNAL,FUNCTIONING PROPERLY,CLEAR,DAYLIGHT,PEDALCYCLIST,FOUR WAY,,STRAIGHT AND LEVEL,DRY,NO DEFECTS,ON SCENE,INJURY AND / OR TOW DUE TO CRASH,Y,,Y,$500 OR LESS,07/28/2025 07:40:00 PM,DISREGARDING TRAFFIC SIGNALS,DISREGARDING TRAFFIC SIGNALS,2400,W,NORTH AVE,1434,,,,,,,2,NONINCAPACITATING INJURY,1,0,0,1,0,1,0,19,2,7,41.9104298624,-87.6872842205,POINT (-87.687284220508 41.910429862359)
0ed2fc18fd8dd68ff2fbd05c9114c34df76a2be41edcd06bb19a3b17850ce83b382a4d1f4c2f013bd83280dac65d1424d815f4667e7fff0734ff5be23f3bf1d7,,07/28/2025 07:30:00 PM,25,STOP SIGN/FLASHER,FUNCTIONING PROPERLY,CLEAR,DUSK,ANGLE,TRAFFIC ROUTE,,STRAIGHT AND LEVEL,DRY,NO DEFECTS,ON SCENE,INJURY AND / OR TOW DUE TO CRASH,Y,,,"OVER $1,500",07/28/2025 09:01:00 PM,DISREGARDING STOP SIGN,FAILING TO YIELD RIGHT-OF-WAY,140,N,LECLAIRE AVE,1532,,,,,,,2,NO INDICATION OF INJURY,0,0,0,0,0,2,0,19,2,7,41.8829670571,-87.7528600187,POINT (-87.752860018733 41.882967057137)
138f94bfe6457eb8550208b5dd384439744ffdfe4b0fc1d2124e9844876e3b2a77f13e5556df1ca1b3f432bcb4a57b1c23d93f74615dd26396fd156069b36cfb,,07/28/2025 07:30:00 PM,15,UNKNOWN,UNKNOWN,UNKNOWN,UNKNOWN,PARKED MOTOR VEHICLE,PARKING LOT,,STRAIGHT AND LEVEL,UNKNOWN,UNKNOWN,NOT ON SCENE (DESK REPORT),NO INJURY / DRIVE AWAY,,,Y,"$501 - $1,500",07/28/2025 08:15:00 PM,UNABLE TO DETERMINE,NOT APPLICABLE,1763,W,HOWARD ST,2422,,,,,,,2,NO INDICATION OF INJURY,0,0,0,0,0,1,0,19,2,7,42.0192885501,-87.6750585094,POINT (-87.675058509388 42.019288550088)
3ebd63e8bfbe8ff16de201a5e2fcf6f85361453ddb6d0ac845496a2e022721229ab1fccf67fde4c3c98f1704126eeeadd0d7971267e3f55808084d5d84c94801,,07/28/2025 07:30:00 PM,30,TRAFFIC SIGNAL,FUNCTIONING PROPERLY,CLEAR,DAYLIGHT,SIDESWIPE SAME DIRECTION,NOT DIVIDED,,STRAIGHT AND LEVEL,DRY,UNKNOWN,NOT ON SCENE (DESK REPORT),NO INJURY / DRIVE AWAY,Y,,,"OVER $1,500",07/29/2025 02:35:00 PM,UNABLE TO DETERMINE,NOT APPLICABLE,9300,S,COMMERCIAL AVE,423,,,,,,,2,NO INDICATION OF INJURY,0,0,0,0,0,6,0,19,2,7,41.7262453315,-87.5513135697,POINT (-87.55131356971 41.72624533147)
720385e8f4238c5fc6d0936d68f6dc0b10ab91451b5af906aca6830ad6bca7501a85dd8995f6ac6b9153a6f05f58d9d7cb5ebd227a25063000867ec3cce7bf16,,07/28/2025 07:30:00 PM,25,NO CONTROLS,NO CONTROLS,UNKNOWN,UNKNOWN,PARKED MOTOR VEHICLE,ONE-WAY,,STRAIGHT AND LEVEL,UNKNOWN,UNKNOWN,,NO INJURY / DRIVE AWAY,,,Y,"OVER $1,500",07/29/2025 01:48:00 PM,DRIVING SKILLS/KNOWLEDGE/EXPERIENCE,FAILING TO REDUCE SPEED TO AVOID CRASH,1304,W,NORTH SHORE AVE,2432,,,,,,,3,NO INDICATION OF INJURY,0,0,0,0,0,1,0,19,2,7,42.0036097005,-87.6638407658,POINT (-87.663840765768 42.003609700515)
b093d168d716d4fdee02f1617eaab3aa425e0922f28f33818655b89f8de03a5d4e40c689401950bfbff2357d36407db7d1b00c03ce99cfbc1ba7af2f9bfe2b29,,07/28/2025 07:30:00 PM,30,TRAFFIC SIGNAL,FUNCTIONING PROPERLY,RAIN,"DARKNESS, LIGHTED ROAD",SIDESWIPE SAME DIRECTION,DIVIDED - W/MEDIAN (NOT RAISED),,STRAIGHT AND LEVEL,WET,NO DEFECTS,NOT ON SCENE (DESK REPORT),NO INJURY / DRIVE AWAY,,,,"OVER $1,500",07/28/2025 10:00:00 PM,FAILING TO YIELD RIGHT-OF-WAY,UNABLE TO DETERMINE,9301,S,COMMERCIAL AVE,424,,,,,,,2,NO INDICATION OF INJURY,0,0,0,0,0,2,0,19,2,7,41.7262477448,-87.5510205352,POINT (-87.551020535162 41.726247744823)
c1e88acf580296aa26683b7556b1a3230c894281cadc3fde99a07a8280af854625d214353c51408732bcaf52d4ac5da1d93ed01a3779c34ca0d6d7f6303c1544,,07/28/2025 07:27:00 PM,30,TRAFFIC SIGNAL,FUNCTIONING PROPERLY,CLEAR,DAYLIGHT,TURNING,FOUR WAY,,STRAIGHT AND LEVEL,DRY,NO DEFECTS,ON SCENE,INJURY AND / OR TOW DUE TO CRASH,Y,,Y,"OVER $1,500",07/28/2025 07:41:00 PM,FAILING TO YIELD RIGHT-OF-WAY,UNABLE TO DETERMINE,6500,S,KEDZIE AVE,831,,,,,,,2,NONINCAPACITATING INJURY,1,0,0,1,0,1,0,19,2,7,41.7752744575,-87.7031973331,POINT (-87.703197333057 41.775274457458)
d9f1e3bb1ab2c86ebc8b6b203cbb4f478a8674b50ed8f708798854284d343acac382e44e27711cd3ab6fcbdcb875be5723d00aa5a8c82a4e8311f89fdc527185,,07/28/2025 07:24:00 PM,30,NO CONTROLS,NO CONTROLS,CLEAR,DUSK,SIDESWIPE SAME DIRECTION,NOT DIVIDED,,STRAIGHT AND LEVEL,DRY,NO DEFECTS,ON SCENE,NO INJURY / DRIVE AWAY,,,Y,"$501 - $1,500",07/28/2025 07:32:00 PM,DRIVING ON WRONG SIDE/WRONG WAY,IMPROPER OVERTAKING/PASSING,5535,W,BRYN MAWR AVE,1623,,,,,,,2,NO INDICATION OF INJURY,0,0,0,0,0,2,0,19,2,7,41.982833771,-87.7673417948,POINT (-87.76734179478 41.982833771031)
dd278e0969b22895521131db42eeb78643ecfd6bb9db3db1076091edc3eed19cb61d2853be67c8517fd79015befd2f4b895fc13d846ed9aeaee912b7d56d59d4,,07/28/2025 07:20:00 PM,30,UNKNOWN,UNKNOWN,CLEAR,UNKNOWN,SIDESWIPE SAME DIRECTION,FOUR WAY,,STRAIGHT AND LEVEL,UNKNOWN,UNKNOWN,NOT ON SCENE (DESK REPORT),NO INJURY / DRIVE AWAY,Y,,,"OVER $1,500",07/28/2025 08:04:00 PM,IMPROPER OVERTAKING/PASSING,DRIVING SKILLS/KNOWLEDGE/EXPERIENCE,500,S,LAKE SHORE DR SB,114,,,,,,,2,NO INDICATION OF INJURY,0,0,0,0,0,2,0,19,2,7,41.8757562552,-87.6175156798,POINT (-87.617515679751 41.875756255241)