CRASH_RECORD_ID,CRASH_DATE_EST_I,CRASH_DATE,POSTED_SPEED_LIMIT,TRAFFIC_CONTROL_DEVICE,DEVICE_CONDITION,WEATHER_CONDITION,LIGHTING_CONDITION,FIRST_CRASH_TYPE,TRAFFICWAY_TYPE,LANE_CNT,ALIGNMENT,ROADWAY_SURFACE_COND,ROAD_DEFECT,REPORT_TYPE,CRASH_TYPE,INTERSECTION_RELATED_I,NOT_RIGHT_OF_WAY_I,HIT_AND_RUN_I,DAMAGE,DATE_POLICE_NOTIFIED,PRIM_CONTRIBUTORY_CAUSE,SEC_CONTRIBUTORY_CAUSE,STREET_NO,STREET_DIRECTION,STREET_NAME,BEAT_OF_OCCURRENCE,PHOTOS_TAKEN_I,STATEMENTS_TAKEN_I,DOORING_I,WORK_ZONE_I,WORK_ZONE_TYPE,WORKERS_PRESENT_I,NUM_UNITS,MOST_SEVERE_INJURY,INJURIES_TOTAL,INJURIES_FATAL,INJURIES_INCAPACITATING,INJURIES_NON_INCAPACITATING,INJURIES_REPORTED_NOT_EVIDENT,INJURIES_NO_INDICATION,INJURIES_UNKNOWN,CRASH_HOUR,CRASH_DAY_OF_WEEK,CRASH_MONTH,LATITUDE,LONGITUDE,LOCATION
06af2f31d1aba65d5bd7d3e30301a0210feb68b7bd1ae94f1b7a0208c3f277876e4e33fa9103ceeeb939ca80e8e2c95c5e8a8570c3ef3653f1fd7cce60fb87d0,,07/28/2025 07:08:00 PM,25,NO CONTROLS,NO CONTROLS,CLEAR,DAYLIGHT,PEDALCYCLIST,NOT DIVIDED,,STRAIGHT AND LEVEL,DRY,NO DEFECTS,NOT ON SCENE (DESK REPORT),INJURY AND / OR TOW DUE TO CRASH,,,Y,$500 OR LESS,08/07/2025 10:00:00 AM,RELATED TO BUS STOP,NOT APPLICABLE,3,W,CHICAGO AVE,1832,,,,,,,2,NONINCAPACITATING INJURY,1,0,0,1,0,1,0,19,2,7,41.8965654034,-87.6283588301,POINT (-87.628358830078 41.896565403394)
01bc42f844616d19c999bbe5dd60257f79b9dc88f914a86f83e85652624f94fddcf21892729c37faf2101d1a1b9a63f6a5c47d5eb2b8fc7146828281e6c4d36d,,07/28/2025 07:05:00 PM,30,TRAFFIC SIGNAL,FUNCTIONING PROPERLY,CLEAR,DAYLIGHT,ANGLE,T-INTERSECTION,,STRAIGHT AND LEVEL,DRY,NO DEFECTS,ON SCENE,INJURY AND / OR TOW DUE TO CRASH,Y,,N,"OVER $1,500",07/28/2025 07:22:00 PM,DISREGARDING TRAFFIC SIGNALS,NOT APPLICABLE,5900,S,DR MARTIN LUTHER KING JR DR,232,,,,,,,2,"REPORTED, NOT EVIDENT",2,0,0,0,2,2,0,19,2,7,41.7874293465,-87.6159464271,POINT (-87.615946427121 41.787429346503)
4c295e7c074c211a400796bb427cdca2bcc285e3a5d070d196694db34d0d4e47e43dace1f92bad0c1fae9bf10a598f325e6f66152aeea6e86bf9f7aa925f2311,,07/28/2025 07:00:00 PM,30,TRAFFIC SIGNAL,FUNCTIONING PROPERLY,CLEAR,DAYLIGHT,SIDESWIPE SAME DIRECTION,T-INTERSECTION,,STRAIGHT AND LEVEL,DRY,UNKNOWN,ON SCENE,NO INJURY / DRIVE AWAY,,,,"OVER $1,500",07/28/2025 07:10:00 PM,UNABLE TO DETERMINE,UNABLE TO DETERMINE,7900,S,YATES BLVD,414,,,,,,,2,NO INDICATION OF INJURY,0,0,0,0,0,4,0,19,2,7,41.7516362692,-87.5663781214,POINT (-87.56637812136 41.751636269168)
ac519946321dcc707378035b9519468e034c6d2942d8f5ee695cbda802082c60968589f7e20a43120d1244e9cb5c75728db5ca22d0ce9af5d6647160066778a9,,07/28/2025 07:00:00 PM,30,UNKNOWN,UNKNOWN,UNKNOWN,UNKNOWN,PARKED MOTOR VEHICLE,NOT DIVIDED,,STRAIGHT AND LEVEL,UNKNOWN,UNKNOWN,NOT ON SCENE (DESK REPORT),NO INJURY / DRIVE AWAY,,,Y,"OVER $1,500",07/31/2025 08:50:00 AM,UNABLE TO DETERMINE,NOT APPLICABLE,920,E,40TH ST,214,,,,,,,2,NO INDICATION OF INJURY,0,0,0,0,0,1,0,19,2,7,41.8223192715,-87.6030863724,POINT (-87.603086372363 41.822319271525)
ba7b2bab0b4386d302cc8a3d0c26a86e3c8b548a5afe9a4db35a54c0191b7f65336746e789dee7ed78420fccbebec98e347f2c5172eaadb1ef69cdadf382e373,Y,07/28/2025 07:00:00 PM,30,NO CONTROLS,NO CONTROLS,CLEAR,DAYLIGHT,PARKED MOTOR VEHICLE,PARKING LOT,,STRAIGHT AND LEVEL,DRY,NO DEFECTS,ON SCENE,NO INJURY / DRIVE AWAY,,,Y,"OVER $1,500",07/28/2025 07:45:00 PM,UNABLE TO DETERMINE,NOT APPLICABLE,10900,S,DOTY AVE W,513,,,,,,,2,NO INDICATION OF INJURY,0,0,0,0,0,1,0,19,2,7,41.696313684,-87.5966322439,POINT (-87.596632243933 41.696313683973)
4677d81be65c587ff3de04d4280d3149557cab00454871c9ca12641567f537ecccccf0d0529d1e6465251f3e0623eb056210a7c7d080e4764fea02bf6e1e0fe7,,07/28/2025 06:45:00 PM,30,NO CONTROLS,NO CONTROLS,CLEAR,DAYLIGHT,REAR END,NOT DIVIDED,,STRAIGHT AND LEVEL,UNKNOWN,OTHER,NOT ON SCENE (DESK REPORT),NO INJURY / DRIVE AWAY,,,,"OVER $1,500",07/28/2025 08:06:00 PM,FOLLOWING TOO CLOSELY,FOLLOWING TOO CLOSELY,3770,W,FOSTER AVE,1712,,,,,,,2,NO INDICATION OF INJURY,0,0,0,0,0,2,0,18,2,7,41.9756961389,-87.7232343492,POINT (-87.723234349242 41.975696138933)
9b0940df794d49f1331514023df1a78185f568fbad1513933739c1015263b802550bf58c364daa3eb65569f2a898affd2d6b2ae11e508faa50d8fcf25ac21ded,Y,07/28/2025 06:45:00 PM,30,NO CONTROLS,NO CONTROLS,CLEAR,DAYLIGHT,PARKED MOTOR VEHICLE,ONE-WAY,,STRAIGHT AND LEVEL,DRY,NO DEFECTS,NOT ON SCENE (DESK REPORT),NO INJURY / DRIVE AWAY,,,Y,"$501 - $1,500",07/29/2025 08:00:00 AM,UNABLE TO DETERMINE,UNABLE TO DETERMINE,2118,W,CHASE AVE,2411,,,,,,,2,NO INDICATION OF INJURY,0,0,0,0,0,1,0,18,2,7,42.0141557381,-87.6844905941,POINT (-87.684490594097 42.014155738079)
baa94ecf06ee18198067134b1dfaefa4a1ff418b6dc8637f9fbfabe4a72a604a10084002e88e72eac79cc56e8c27b064af3f97348b7fd20ff95f45894a6fc429,,07/28/2025 06:45:00 PM,30,NO CONTROLS,NO CONTROLS,CLEAR,DAYLIGHT,PARKED MOTOR VEHICLE,NOT DIVIDED,,STRAIGHT AND LEVEL,DRY,NO DEFECTS,NOT ON SCENE (DESK REPORT),NO INJURY / DRIVE AWAY,,,Y,"OVER $1,500",08/01/2025 01:11:00 PM,DRIVING SKILLS/KNOWLEDGE/EXPERIENCE,UNABLE TO DETERMINE,2800,N,SACRAMENTO AVE,1411,,,,,,,2,NO INDICATION OF INJURY,0,0,0,0,0,1,0,18,2,7,41.9321479835,-87.7026715157,POINT (-87.702671515669 41.932147983515)
a188b12ee23f563d10e577e44b99e7cef8dbba8390b4058d727644b0e7aa8fff549d978774f56442fa260892c69a04af278353a183e890590ca736b709a5891e,,07/28/2025 06:40:00 PM,15,NO CONTROLS,NO CONTROLS,CLEAR,DAYLIGHT,TURNING,OTHER,,STRAIGHT AND LEVEL,WET,NO DEFECTS,ON SCENE,NO INJURY / DRIVE AWAY,,,,"OVER $1,500",07/28/2025 07:42:00 PM,UNABLE TO DETERMINE,NOT APPLICABLE,10000,W,OHARE ST,1651,,,,,,,2,NO INDICATION OF INJURY,0,0,0,0,0,2,0,18,2,7,41.976201139,-87.9053091251,POINT (-87.905309125103 41.976201139024)
d956bb531367c9e9fde19d9b92dfce2392c2da14068f52883e219322f79151ebd8dd22d482632ccbae019fa09001f9f06c3a5af8d9ca8eb1cb2df6082dc76ba7,,07/28/2025 06:32:00 PM,30,NO CONTROLS,NO CONTROLS,CLEAR,DAYLIGHT,SIDESWIPE SAME DIRECTION,DIVIDED - W/MEDIAN (NOT RAISED),,STRAIGHT AND LEVEL,DRY,UNKNOWN,ON SCENE,INJURY AND / OR TOW DUE TO CRASH,,,,"OVER $1,500",07/28/2025 06:40:00 PM,UNABLE TO DETERMINE,NOT APPLICABLE,13100,S,TORRENCE AVE,434,,,,,,,3,"REPORTED, NOT EVIDENT",2,0,0,0,2,2,0,18,2,7,41.6572934751,-87.5594379742,POINT (-87.559437974191 41.657293475064)
03a8fcafff2d2121544bffaa8c1ea38948577d6f6aad17cc16beea4f9ead9f9c7c4410dff0187a53a5ce5a882bb305fb41f35c37deefe9c01f3988a34147444f,,07/28/2025 06:30:00 PM,30,NO CONTROLS,NO CONTROLS,CLEAR,DAYLIGHT,REAR END,DIVIDED - W/MEDIAN BARRIER,,STRAIGHT AND LEVEL,DRY,NO DEFECTS,NOT ON SCENE (DESK REPORT),NO INJURY / DRIVE AWAY,,,,"OVER $1,500",07/28/2025 06:55:00 PM,IMPROPER OVERTAKING/PASSING,NOT APPLICABLE,4600,S,CICERO AVE,814,,,,,,,2,NO INDICATION OF INJURY,0,0,0,0,0,2,0,18,2,7,41.8093523672,-87.7433410195,POINT (-87.74334101951 41.809352367172)
78b5f344b85bcbaaab37d1bb3dbc8f74f9da88ab345375243beda1a00b27cfa15199014b3bca713cfd06900db296a65d15a26850c31317c884283095226ca038,,07/28/2025 06:30:00 PM,30,NO CONTROLS,NO CONTROLS,CLEAR,DAYLIGHT,PARKED MOTOR VEHICLE,NOT DIVIDED,,STRAIGHT AND LEVEL,DRY,NO DEFECTS,NOT ON SCENE (DESK REPORT),NO INJURY / DRIVE AWAY,,,,"OVER $1,500",07/29/2025 11:39:00 AM,UNABLE TO DETERMINE,UNABLE TO DETERMINE,3029,E,79TH ST,422,,,,,,,2,NO INDICATION OF INJURY,0,0,0,0,0,1,0,18,2,7,41.7518327176,-87.5505507292,POINT (-87.550550729235 41.751832717574)
9ef26d1086c5b23156dfe0a2044ec26e180b0e333ae93b2d8cfc0ddfb257d5fd15db9f1aaaf10defe99b64e064612697f22bd0f20b302b229e702eeded0bd23d,,07/28/2025 06:25:00 PM,30,NO CONTROLS,NO CONTROLS,CLEAR,DAYLIGHT,TURNING,NOT DIVIDED,,"CURVE, LEVEL",DRY,NO DEFECTS,NOT ON SCENE (DESK REPORT),NO INJURY / DRIVE AWAY,,,,"OVER $1,500",07/28/2025 06:40:00 PM,UNABLE TO DETERMINE,NOT APPLICABLE,98,W,FULLERTON DR,1935,,,,,,,2,NO INDICATION OF INJURY,0,0,0,0,0,2,0,18,2,7,41.9262186856,-87.6313719557,POINT (-87.631371955684 41.926218685605)
964f9d7a458a701740d15765e6699ec4a2a6c824f0edbf4a14e939d75278d4bddc55c8a5d8e3f3166041955212a777ab795d1e0b157b3d310f706371ef926ab4,,07/28/2025 06:23:00 PM,10,NO CONTROLS,NO CONTROLS,CLEAR,DAYLIGHT,PARKED MOTOR VEHICLE,PARKING LOT,,STRAIGHT AND LEVEL,DRY,NO DEFECTS,NOT ON SCENE (DESK REPORT),NO INJURY / DRIVE AWAY,,,Y,"OVER $1,500",07/28/2025 06:45:00 PM,UNABLE TO DETERMINE,NOT APPLICABLE,2200,S,PULASKI RD,1013,,,,,,,2,NO INDICATION OF INJURY,0,0,0,0,0,1,0,18,2,7,41.8515214423,-87.7249047867,POINT (-87.72490478675 41.851521442331)
d24c338eee0f0a69f3b1326fc6a657c1c2303b375dcb823dc0ac1a20e81623206f0435dc1b76d3b9f37230d4441bb59e629ec5b7a1d534d8c531dbc2fc793672,,07/28/2025 06:20:00 PM,15,OTHER,FUNCTIONING PROPERLY,CLEAR,DAYLIGHT,FIXED OBJECT,PARKING LOT,,STRAIGHT AND LEVEL,DRY,UNKNOWN,ON SCENE,NO INJURY / DRIVE AWAY,,,,"OVER $1,500",07/28/2025 06:40:00 PM,NOT APPLICABLE,NOT APPLICABLE,1,W,PARKING LOT D ST,1654,,,,,,,1,NO INDICATION OF INJURY,0,0,0,0,0,1,0,18,2,7,,,
3da872bc3ab416c098cef9b5444472d7e80315efedc99ac50c3a75e38a6ac6da6144ba5478540bdffa92360e63803d3be3ac7103c55e9054f636aeed29e5fe7a,,07/28/2025 06:09:00 PM,30,TRAFFIC SIGNAL,FUNCTIONING PROPERLY,CLEAR,DAYLIGHT,SIDESWIPE SAME DIRECTION,FOUR WAY,,STRAIGHT AND LEVEL,DRY,NO DEFECTS,ON SCENE,NO INJURY / DRIVE AWAY,N,,,"OVER $1,500",07/28/2025 06:33:00 PM,UNABLE TO DETERMINE,NOT APPLICABLE,6009,N,LINCOLN AVE,2413,,,,,,,2,NO INDICATION OF INJURY,0,0,0,0,0,2,0,18,2,7,41.990642119,-87.7075693821,POINT (-87.707569382073 41.990642118965)
4a402df67c2e66c9c6763e7171e000cef40d48c869bd86c24f58026996d55bdc922b7601bb298f9522f9cfe0249b3f213ba4d62bba89615c0233470e0ba6b914,,07/28/2025 06:08:00 PM,30,TRAFFIC SIGNAL,FUNCTIONING PROPERLY,CLEAR,DAYLIGHT,TURNING,OTHER,,STRAIGHT AND LEVEL,DRY,NO DEFECTS,ON SCENE,NO INJURY / DRIVE AWAY,Y,,,"$501 - $1,500",07/28/2025 06:10:00 PM,IMPROPER LANE USAGE,NOT APPLICABLE,9811,S,HALSTED ST,2223,,,,,,,2,NO INDICATION OF INJURY,0,0,0,0,0,3,0,18,2,7,41.7155976016,-87.6429098586,POINT (-87.642909858635 41.715597601572)
0166d0c21342bc72f2e53ff2f9dbac82c324c27581a1fd1c6d155260cfff30f6af6d9676315675e0fa3c5f2d8f01a537fe9e770da3502e2ca1994fdd8e04e73a,,07/28/2025 06:00:00 PM,30,NO CONTROLS,NO CONTROLS,CLEAR,DAYLIGHT,PARKED MOTOR VEHICLE,DIVIDED - W/MEDIAN (NOT RAISED),,STRAIGHT AND LEVEL,DRY,NO DEFECTS,NOT ON SCENE (DESK REPORT),NO INJURY / DRIVE AWAY,,,Y,"OVER $1,500",08/04/2025 04:00:00 PM,UNABLE TO DETERMINE,UNABLE TO DETERMINE,945,W,31ST ST,913,,,,,,,2,NO INDICATION OF INJURY,0,0,0,0,0,1,0,18,2,7,41.8378808019,-87.6504507001,POINT (-87.650450700079 41.837880801879)
43bdde6c3d29d3848f007ef8f3696fc8606629c94c88d4c42e67acc7902a9d375a7684a1576e08f3f0433905de1f80819ab068abd4b83504d5ffc2090a47a99f,,07/28/2025 06:00:00 PM,30,STOP SIGN/FLASHER,NO CONTROLS,UNKNOWN,UNKNOWN,OTHER OBJECT,NOT DIVIDED,,STRAIGHT AND LEVEL,UNKNOWN,UNKNOWN,,INJURY AND / OR TOW DUE TO CRASH,Y,,Y,$500 OR LESS,07/30/2025 11:20:00 AM,UNABLE TO DETERMINE,NOT APPLICABLE,3600,S,WALLACE ST,915,,,,,,,2,"REPORTED, NOT EVIDENT",1,0,0,0,1,2,0,18,2,7,41.8288958853,-87.6413317148,POINT (-87.641331714831 41.828895885349)
5e8e7bf4512a9a19e8dc009bc32d2b63044ea29bb39278446dc0b0b935816b03a231ad1487fb2bd2121127357c82ab748c90b53f9a9b471a447003b6269d768a,Y,07/28/2025 06:00:00 PM,30,NO CONTROLS,NO CONTROLS,UNKNOWN,UNKNOWN,PARKED MOTOR VEHICLE,ONE-WAY,,STRAIGHT AND LEVEL,UNKNOWN,NO DEFECTS,NOT ON SCENE (DESK REPORT),NO INJURY / DRIVE AWAY,,,Y,"OVER $1,500",08/01/2025 02:00:00 PM,UNABLE TO DETERMINE,NOT APPLICABLE,3651,W,EDDY ST,1732,,,,,,,2,NO INDICATION OF INJURY,0,0,0,0,0,1,0,18,2,7,41.9454560471,-87.7196438718,POINT (-87.7196438718 41.945456047148)
8075a6e0a45de8ddfd12f853f9be5ad089b11a97054d6ef2238273e23b883b06d921635fca8bbac9c272fbe5a99254a58041af438c55c7544bee4fc65b7b8004,,07/28/2025 06:00:00 PM,30,TRAFFIC SIGNAL,FUNCTIONING PROPERLY,CLEAR,DAYLIGHT,PARKED MOTOR VEHICLE,DIVIDED - W/MEDIAN (NOT RAISED),,STRAIGHT AND LEVEL,DRY,UNKNOWN,NOT ON SCENE (DESK REPORT),INJURY AND / OR TOW DUE TO CRASH,,,,"OVER $1,500",08/12/2025 11:40:00 AM,EQUIPMENT - VEHICLE CONDITION,UNABLE TO DETERMINE,5002,W,AUGUSTA BLVD,1531,,,,,,,3,,,,,,,,,18,2,7,41.8987410334,-87.7509453091,POINT (-87.750945309088 41.898741033357)
95b2d6710fa10b6d7c94357be06144da431076920013f886dd64aa6a8857a355fff0ab21459865f2c3a4034726dac5694166fe286db2e51b020a575748111d9d,Y,07/28/2025 06:00:00 PM,25,NO CONTROLS,NO CONTROLS,CLEAR,DAYLIGHT,PARKED MOTOR VEHICLE,ONE-WAY,,STRAIGHT AND LEVEL,DRY,NO DEFECTS,NOT ON SCENE (DESK REPORT),NO INJURY / DRIVE AWAY,,,Y,"OVER $1,500",07/29/2025 04:45:00 PM,UNABLE TO DETERMINE,UNABLE TO DETERMINE,3214,W,BERTEAU AVE,1724,,,,,,,2,NO INDICATION OF INJURY,0,0,0,0,0,1,0,18,2,7,41.9576580515,-87.7087684343,POINT (-87.708768434311 41.957658051515)
b706725c84531b152eff09995412bd59246e1f237977c0be020905ce8bd8e3331f62ae954a3ace3459df44b1e0ffcb06c33cbf9cbfddda0d1857ea7c7087ce5d,,07/28/2025 06:00:00 PM,15,NO CONTROLS,NO CONTROLS,CLEAR,DAYLIGHT,REAR TO FRONT,ONE-WAY,,STRAIGHT AND LEVEL,DRY,NO DEFECTS,ON SCENE,NO INJURY / DRIVE AWAY,,,,"$501 - $1,500",07/28/2025 06:10:00 PM,"VISION OBSCURED (SIGNS, TREE LIMBS, BUILDINGS, ETC.)",ROAD CONSTRUCTION/MAINTENANCE,3432,W,FRANKLIN BLVD,1121,,,,,,,2,NO INDICATION OF INJURY,0,0,0,0,0,2,0,18,2,7,41.8901125705,-87.7126082487,POINT (-87.71260824875 41.890112570483)
c96e87ee3291886d346374e9c674497ab48e9702c9db1d5eb67efa237eb7edbd72a5f72bcd69fb95c4f58b3679f634390c978891e255d65fec0b78b9bb7df6b8,,07/28/2025 06:00:00 PM,30,TRAFFIC SIGNAL,FUNCTIONING PROPERLY,CLEAR,DAYLIGHT,REAR END,NOT DIVIDED,,STRAIGHT AND LEVEL,DRY,NO DEFECTS,NOT ON SCENE (DESK REPORT),NO INJURY / DRIVE AWAY,,,Y,"OVER $1,500",07/28/2025 06:39:00 PM,FOLLOWING TOO CLOSELY,NOT APPLICABLE,1800,S,WESTERN AVE,1023,,,,,,,2,NO INDICATION OF INJURY,0,0,0,0,0,2,0,18,2,7,41.857474371,-87.6859686047,POINT (-87.685968604685 41.857474370968)
bba0e5146870e0814c32cfc8f6497c6a7a4caa51027527188f62fb76b254830a520c15890c3e7c99060a728327965440bc26e0353d321e3887366c52b07a1534,,07/28/2025 05:57:00 PM,30,STOP SIGN/FLASHER,FUNCTIONING PROPERLY,CLEAR,DAYLIGHT,PARKED MOTOR VEHICLE,ONE-WAY,,STRAIGHT AND LEVEL,DRY,UNKNOWN,ON SCENE,INJURY AND / OR TOW DUE TO CRASH,,,,$500 OR LESS,07/28/2025 05:57:00 PM,DRIVING ON WRONG SIDE/WRONG WAY,NOT APPLICABLE,1457,N,LEAMINGTON AVE,2533,,,,,,,2,"REPORTED, NOT EVIDENT",1,0,0,0,1,0,0,17,2,7,41.9075565785,-87.754529587,POINT (-87.754529587043 41.90755657852)
0641b7deb0e589047cdf6683d9489e9d9a585c99ffd1e10097247b6f683b7798381d412451eba71ce9bca565a25c1fd539b0991dcff1ebf2835c184467e084a9,,07/28/2025 05:56:00 PM,30,TRAFFIC SIGNAL,FUNCTIONING PROPERLY,CLEAR,DAYLIGHT,TURNING,NOT DIVIDED,,STRAIGHT AND LEVEL,DRY,NO DEFECTS,ON SCENE,INJURY AND / OR TOW DUE TO CRASH,,,,"OVER $1,500",07/28/2025 05:57:00 PM,DISREGARDING TRAFFIC SIGNALS,NOT APPLICABLE,8300,S,STONY ISLAND AVE,412,,,,,,,2,NO INDICATION OF INJURY,0,0,0,0,0,2,0,17,2,7,41.744151639,-87.585945067,POINT (-87.585945066953 41.744151639042)
1cf198f0f78292dc73346377977bbc1e7722a48817b95ba368fa38fca89e70c805571a22be8285e929728834268d079911e234cc08cfd3b0e1b397f42cb76522,,07/28/2025 05:55:00 PM,30,NO CONTROLS,NO CONTROLS,CLEAR,DAYLIGHT,REAR TO FRONT,NOT DIVIDED,,STRAIGHT AND LEVEL,DRY,UNKNOWN,,NO INJURY / DRIVE AWAY,,,,"OVER $1,500",07/28/2025 09:25:00 PM,NOT APPLICABLE,NOT APPLICABLE,600,N,HAMLIN AVE,1122,,,,,,,2,NO INDICATION OF INJURY,0,0,0,0,0,2,0,17,2,7,41.8918350059,-87.7212302092,POINT (-87.72123020919 41.89183500592)
e413e6daffb90202b3b5cb50de538f38f695d5d0205aad80844b3b3243f6c6e23beb179b799e0f652e91b62d1f3187cc34fd4b1b91cf051be8be88516ab77b79,,07/28/2025 05:52:00 PM,10,NO CONTROLS,NO CONTROLS,CLEAR,DAYLIGHT,REAR END,PARKING LOT,,STRAIGHT AND LEVEL,DRY,NO DEFECTS,ON SCENE,NO INJURY / DRIVE AWAY,,,Y,"$501 - $1,500",07/28/2025 06:00:00 PM,UNABLE TO DETERMINE,NOT APPLICABLE,524,W,OHARE ST,1654,,,,,,,2,NO INDICATION OF INJURY,0,0,0,0,0,2,0,17,2,7,,,
f34d16f6c99864b9a23f6e0a2bf6cf01f1836fc8e717a0dd959e99757fd83aac376fb3d90717cf76c809ced972cb877a705c5b8a69906b9cea556cce0d40d02c,Y,07/28/2025 05:47:00 PM,20,NO CONTROLS,NO CONTROLS,CLEAR,DAYLIGHT,REAR TO FRONT,OTHER,,CURVE ON GRADE,DRY,NO DEFECTS,ON SCENE,NO INJURY / DRIVE AWAY,,,,"OVER $1,500",07/28/2025 06:15:00 PM,UNABLE TO DETERMINE,NOT APPLICABLE,1,W,PARKING LOT A ST,1654,,,,,,,2,NO INDICATION OF INJURY,0,0,0,0,0,2,0,17,2,7,,,
11c36abf9ac880bc109f3478c429c4ba91302ead4ac4b8afcbaa4011931cf992d65e2a6e1a0ac09a4d33f3e780acad54d9ba37cf68689ce244934d1027cf5b66,,07/28/2025 05:45:00 PM,30,NO CONTROLS,NO CONTROLS,CLEAR,DAYLIGHT,FIXED OBJECT,NOT DIVIDED,,STRAIGHT AND LEVEL,DRY,NO DEFECTS,NOT ON SCENE (DESK REPORT),NO INJURY / DRIVE AWAY,,,,"OVER $1,500",07/29/2025 06:34:00 AM,UNABLE TO DETERMINE,NOT APPLICABLE,2350,W,MADISON ST,1223,,,,,,,1,NO INDICATION OF INJURY,0,0,0,0,0,1,0,17,2,7,41.881278154,-87.6860038806,POINT (-87.686003880567 41.881278154042)
a095b202663c244e1f9603be3b8d7dc47f8af6b4912e9f5a9d53b5cb5bf12390533fb047b7f16152e4620aae87cc5db991525232384fc889f4b2f1968429c58d,,07/28/2025 05:45:00 PM,30,TRAFFIC SIGNAL,FUNCTIONING PROPERLY,CLEAR,DAYLIGHT,REAR END,NOT DIVIDED,,STRAIGHT AND LEVEL,DRY,NO DEFECTS,NOT ON SCENE (DESK REPORT),INJURY AND / OR TOW DUE TO CRASH,,,,"OVER $1,500",07/28/2025 07:10:00 PM,FOLLOWING TOO CLOSELY,UNABLE TO DETERMINE,600,S,WESTERN AVE,1135,,,,,,,2,NO INDICATION OF INJURY,0,0,0,0,0,2,0,17,2,7,41.873845896,-87.6863812944,POINT (-87.686381294359 41.873845896018)
54372b9ee26bf37b3b501c33265c2383aac037237abb03f7479a8639f8cf5fb4460a04b7e7a933d8c5068364ac935e7397d81e9fe1e449f2bc93faf5f5bebf8e,,07/28/2025 05:44:00 PM,15,NO CONTROLS,NO CONTROLS,CLEAR,DAYLIGHT,PARKED MOTOR VEHICLE,PARKING LOT,,STRAIGHT AND LEVEL,DRY,NO DEFECTS,ON SCENE,NO INJURY / DRIVE AWAY,,,,$500 OR LESS,07/28/2025 05:44:00 PM,IMPROPER BACKING,UNABLE TO DETERMINE,242,W,DIVERSEY PKWY,1934,,,,,,,2,NO INDICATION OF INJURY,0,0,0,0,0,2,0,17,2,7,41.9329663218,-87.6362634431,POINT (-87.636263443065 41.932966321779)
ddf4c4f781200ae9242e56505ab6f805a3a1f3c0b6d044b1b2c91a17253c5b60605c109b5a6c5b86d683c838cdf6fc1f982820669a63885b05c033c9eb7e8c77,,07/28/2025 05:44:00 PM,30,TRAFFIC SIGNAL,UNKNOWN,CLEAR,DAYLIGHT,PARKED MOTOR VEHICLE,FOUR WAY,,STRAIGHT AND LEVEL,DRY,NO DEFECTS,NOT ON SCENE (DESK REPORT),NO INJURY / DRIVE AWAY,Y,,,$500 OR LESS,07/29/2025 06:23:00 PM,UNABLE TO DETERMINE,NOT APPLICABLE,98,W,OAK ST,1824,,,,,,,2,NO INDICATION OF INJURY,0,0,0,0,0,1,0,17,2,7,41.9006635917,-87.63128008,POINT (-87.631280080026 41.90066359174)
a0a3038dcd79d1a41b8b97ea7844465252606a1d611d785fc2497affe42eed77c485f72ec85d4a5358702bc80457bd2d3018a8eeedf26eb717f16bc4da3cc8b9,,07/28/2025 05:40:00 PM,30,NO CONTROLS,NO CONTROLS,CLEAR,DAYLIGHT,PEDALCYCLIST,DIVIDED - W/MEDIAN (NOT RAISED),,STRAIGHT AND LEVEL,DRY,UNKNOWN,ON SCENE,INJURY AND / OR TOW DUE TO CRASH,,,,"OVER $1,500",07/28/2025 05:44:00 PM,NOT APPLICABLE,NOT APPLICABLE,5420,N,KEDZIE AVE,1712,,,Y,,,,2,NONINCAPACITATING INJURY,1,0,0,1,0,2,0,17,2,7,41.9800834568,-87.7089345858,POINT (-87.708934585835 41.9800834568)
a37bab59fc082e0ad186478c4e0e8211a5c23df0202c806c7f22a2826d077ed14658507d3bbd77d0fff02675f98eca456b60a605f1b8745b23d70f9435da757b,,07/28/2025 05:40:00 PM,25,NO CONTROLS,NO CONTROLS,CLEAR,DAYLIGHT,PARKED MOTOR VEHICLE,PARKING LOT,,STRAIGHT AND LEVEL,DRY,NO DEFECTS,NOT ON SCENE (DESK REPORT),NO INJURY / DRIVE AWAY,,Y,,"OVER $1,500",07/28/2025 07:25:00 PM,UNABLE TO DETERMINE,UNABLE TO DETERMINE,4934,S,KEDZIE AVE,821,,,,,,,2,NO INDICATION OF INJURY,0,0,0,0,0,1,0,17,2,7,41.8034457131,-87.7039862718,POINT (-87.70398627177 41.803445713074)
37c9dfb6d8703b1cbefaad568849a1a1f5c29ea3c7144a8bd2f774c77345c881c86ecac404e5e4e34774bb124c977a48b35a2cd176b75632e727fecf716920e5,,07/28/2025 05:35:00 PM,30,TRAFFIC SIGNAL,FUNCTIONING PROPERLY,CLEAR,DAYLIGHT,REAR TO FRONT,NOT DIVIDED,,STRAIGHT AND LEVEL,DRY,NO DEFECTS,NOT ON SCENE (DESK REPORT),NO INJURY / DRIVE AWAY,,,,"$501 - $1,500",07/28/2025 06:30:00 PM,IMPROPER OVERTAKING/PASSING,NOT APPLICABLE,2941,E,83RD ST,424,,,,,,,2,NO INDICATION OF INJURY,0,0,0,0,0,2,0,17,2,7,41.744535937,-87.5523584469,POINT (-87.552358446921 41.744535937014)