CRASH_RECORD_ID,CRASH_DATE_EST_I,CRASH_DATE,POSTED_SPEED_LIMIT,TRAFFIC_CONTROL_DEVICE,DEVICE_CONDITION,WEATHER_CONDITION,LIGHTING_CONDITION,FIRST_CRASH_TYPE,TRAFFICWAY_TYPE,LANE_CNT,ALIGNMENT,ROADWAY_SURFACE_COND,ROAD_DEFECT,REPORT_TYPE,CRASH_TYPE,INTERSECTION_RELATED_I,NOT_RIGHT_OF_WAY_I,HIT_AND_RUN_I,DAMAGE,DATE_POLICE_NOTIFIED,PRIM_CONTRIBUTORY_CAUSE,SEC_CONTRIBUTORY_CAUSE,STREET_NO,STREET_DIRECTION,STREET_NAME,BEAT_OF_OCCURRENCE,PHOTOS_TAKEN_I,STATEMENTS_TAKEN_I,DOORING_I,WORK_ZONE_I,WORK_ZONE_TYPE,WORKERS_PRESENT_I,NUM_UNITS,MOST_SEVERE_INJURY,INJURIES_TOTAL,INJURIES_FATAL,INJURIES_INCAPACITATING,INJURIES_NON_INCAPACITATING,INJURIES_REPORTED_NOT_EVIDENT,INJURIES_NO_INDICATION,INJURIES_UNKNOWN,CRASH_HOUR,CRASH_DAY_OF_WEEK,CRASH_MONTH,LATITUDE,LONGITUDE,LOCATION
0e69a505a86fc2b9712a54fb821ff0b844e3d8358f7e637a0843478c42e41034a4ebcf494f5d4c630cb4773b180f1a6cae9585b90bbd37c53fa8629e864da0dc,,07/28/2025 05:30:00 PM,30,TRAFFIC SIGNAL,FUNCTIONING PROPERLY,CLEAR,DAYLIGHT,REAR END,FOUR WAY,,STRAIGHT AND LEVEL,DRY,NO DEFECTS,NOT ON SCENE (DESK REPORT),NO INJURY / DRIVE AWAY,Y,,,"OVER $1,500",07/28/2025 06:20:00 PM,FAILING TO REDUCE SPEED TO AVOID CRASH,UNABLE TO DETERMINE,2553,S,KEDZIE AVE,1033,,,,,,,2,NO INDICATION OF INJURY,0,0,0,0,0,2,0,17,2,7,41.8447792058,-87.7048988854,POINT (-87.704898885403 41.844779205844)
d9aaaf5220da911e16507cc8f59a557dedf6d279c9d5d7978b83aa76a54a30cfb798cbebc6dbef9176e13f6aa601f0b81a2f1e1563c65905580dd4a714e3bbbd,,07/28/2025 05:30:00 PM,15,NO CONTROLS,NO CONTROLS,CLEAR,DAYLIGHT,PARKED MOTOR VEHICLE,OTHER,,STRAIGHT AND LEVEL,DRY,UNKNOWN,,NO INJURY / DRIVE AWAY,,,Y,"OVER $1,500",07/28/2025 06:32:00 PM,DRIVING SKILLS/KNOWLEDGE/EXPERIENCE,NOT APPLICABLE,5701,N,BROADWAY,2022,,,,,,,2,NO INDICATION OF INJURY,0,0,0,0,0,2,0,17,2,7,41.9854791879,-87.6599788425,POINT (-87.659978842493 41.985479187915)
30b7c91eda133e4889f4e6be81c0caa28ce712dca3f672e5c9260815ba9947010212b8bd9db062671047726fac6edb6eda73c46407d76a4987faf4f95638c901,,07/28/2025 05:29:00 PM,30,TRAFFIC SIGNAL,NO CONTROLS,CLEAR,DAYLIGHT,REAR END,NOT DIVIDED,,STRAIGHT AND LEVEL,DRY,NO DEFECTS,NOT ON SCENE (DESK REPORT),NO INJURY / DRIVE AWAY,,,Y,"OVER $1,500",07/28/2025 06:12:00 PM,FOLLOWING TOO CLOSELY,FOLLOWING TOO CLOSELY,97,E,127TH ST,532,,,,,,,2,NO INDICATION OF INJURY,0,0,0,0,0,3,0,17,2,7,41.6633686848,-87.6200654857,POINT (-87.620065485739 41.663368684846)
53f45fffe856796d62855821830079243eae5f66dd75c7fdb357fa628a73ae219802fcfab5c6f83852ea1b08f61adf0c589fad2985c69c50f630bd7ebbd114bd,,07/28/2025 05:29:00 PM,30,NO CONTROLS,NO CONTROLS,CLEAR,DAYLIGHT,PARKED MOTOR VEHICLE,NOT DIVIDED,,STRAIGHT AND LEVEL,DRY,NO DEFECTS,ON SCENE,INJURY AND / OR TOW DUE TO CRASH,,,,"OVER $1,500",07/28/2025 05:29:00 PM,FAILING TO YIELD RIGHT-OF-WAY,FAILING TO YIELD RIGHT-OF-WAY,5671,W,WASHINGTON BLVD,1513,,,,,,,2,NO INDICATION OF INJURY,0,0,0,0,0,1,0,17,2,7,41.8820901827,-87.7677031435,POINT (-87.767703143522 41.882090182718)
4608b47858484d78e1b47bcbfe1c7f018f2c1b909dd66518082e2f94ce9f65770b89e9ad6fff77001b225dc0f0edbb23619b1b0d5754fb22a0a7e3951b3ff63f,Y,07/28/2025 05:20:00 PM,30,NO CONTROLS,NO CONTROLS,CLEAR,DAYLIGHT,REAR END,DIVIDED - W/MEDIAN (NOT RAISED),,STRAIGHT AND LEVEL,DRY,NO DEFECTS,ON SCENE,NO INJURY / DRIVE AWAY,,,,"OVER $1,500",07/28/2025 05:24:00 PM,UNABLE TO DETERMINE,UNABLE TO DETERMINE,9400,S,COTTAGE GROVE AVE,633,,,,,,,2,NO INDICATION OF INJURY,0,0,0,0,0,2,0,17,2,7,41.7240672098,-87.604664604,POINT (-87.604664604014 41.724067209811)
76c4bed05742dfa224a735dcc0a96b145f73271ebc7797b7c5bd595ff371793c982bb24c30a27ff6419d9c31cd032e368456743ba42034febec94f4b828fddc0,,07/28/2025 05:18:00 PM,30,NO CONTROLS,NO CONTROLS,CLEAR,DAYLIGHT,SIDESWIPE SAME DIRECTION,NOT DIVIDED,,STRAIGHT AND LEVEL,DRY,UNKNOWN,ON SCENE,NO INJURY / DRIVE AWAY,,,Y,"$501 - $1,500",07/28/2025 05:43:00 PM,UNABLE TO DETERMINE,UNABLE TO DETERMINE,2006,S,WESTERN AVE,1023,,,,,,,2,NO INDICATION OF INJURY,0,0,0,0,0,2,0,17,2,7,41.8545431046,-87.6858511327,POINT (-87.685851132674 41.854543104583)
71b0f430480c85fdbded0cc37b7e695975e91bc04ce2a63e994e9549fb56ccda741d5bc843fc09647d2d432d8873ea23728a3b709c902c0944ae77dac626bb89,,07/28/2025 05:13:00 PM,30,STOP SIGN/FLASHER,FUNCTIONING PROPERLY,CLEAR,DAYLIGHT,ANGLE,FOUR WAY,,STRAIGHT AND LEVEL,DRY,NO DEFECTS,ON SCENE,NO INJURY / DRIVE AWAY,Y,,Y,"$501 - $1,500",07/28/2025 05:21:00 PM,DISREGARDING STOP SIGN,NOT APPLICABLE,1999,S,LOOMIS ST,1235,,,,,,,2,NO INDICATION OF INJURY,0,0,0,0,0,2,0,17,2,7,41.8552022216,-87.6610999819,POINT (-87.661099981927 41.855202221645)
e9999b25288608d094319c41fc7a04904d6a45b218b23977db3109f0e029ac883002f217185314b52c55019f8dd8ed14234db8f38a406ce5ffa7c1136079806a,,07/28/2025 05:10:00 PM,30,STOP SIGN/FLASHER,NO CONTROLS,CLEAR,DAYLIGHT,ANGLE,T-INTERSECTION,,STRAIGHT AND LEVEL,DRY,NO DEFECTS,ON SCENE,INJURY AND / OR TOW DUE TO CRASH,Y,,Y,"$501 - $1,500",07/28/2025 05:29:00 PM,UNABLE TO DETERMINE,UNABLE TO DETERMINE,828,E,MARQUETTE RD,321,,,,,,,2,NO INDICATION OF INJURY,0,0,0,0,0,3,0,17,2,7,41.7750832878,-87.6046522372,POINT (-87.604652237248 41.77508328778)
147139a8233ac4c5126b5929f32d4bb008dbf1bdce8dab2aab36e91a3a8767b4472da5d5bee633a6d11f070f015526310c537ac1b1db553a985eecb133119338,,07/28/2025 05:00:00 PM,30,TRAFFIC SIGNAL,UNKNOWN,UNKNOWN,DAYLIGHT,SIDESWIPE SAME DIRECTION,NOT DIVIDED,,STRAIGHT AND LEVEL,UNKNOWN,NO DEFECTS,NOT ON SCENE (DESK REPORT),NO INJURY / DRIVE AWAY,Y,,,"$501 - $1,500",07/31/2025 10:00:00 AM,UNABLE TO DETERMINE,UNABLE TO DETERMINE,8700,S,STONY ISLAND AVE,412,,,,,,,2,NO INDICATION OF INJURY,0,0,0,0,0,5,0,17,2,7,41.7368226302,-87.5857834203,POINT (-87.585783420329 41.736822630157)
6b419dfb83e0e515b37023bbe26c41983792291fe752c41fcd799700ec45a1f6a9beae7c80fc1f8fa043eaae96b1f3236c387ca836ee2b3717fca163b8bb07dd,,07/28/2025 05:00:00 PM,30,NO CONTROLS,NO CONTROLS,CLEAR,DAYLIGHT,REAR END,NOT DIVIDED,,STRAIGHT AND LEVEL,DRY,NO DEFECTS,NOT ON SCENE (DESK REPORT),NO INJURY / DRIVE AWAY,,,Y,"OVER $1,500",08/04/2025 07:30:00 AM,FOLLOWING TOO CLOSELY,UNABLE TO DETERMINE,5450,W,ROOSEVELT RD,1522,,,,,,,2,NO INDICATION OF INJURY,0,0,0,0,0,3,0,17,2,7,41.8657637771,-87.7610122948,POINT (-87.761012294776 41.865763777111)
756cbadf9280fc638c3cb7091b46e46f49a1e0625412c8bce803c23918f0207e4e76e48087c4f486d6a3fa7c5469825c5b84427d9c5efa1ba66cf140734a7384,,07/28/2025 05:00:00 PM,30,TRAFFIC SIGNAL,FUNCTIONING PROPERLY,CLEAR,DAYLIGHT,TURNING,FOUR WAY,,STRAIGHT AND LEVEL,DRY,NO DEFECTS,NOT ON SCENE (DESK REPORT),NO INJURY / DRIVE AWAY,Y,,,"OVER $1,500",07/28/2025 06:50:00 PM,UNABLE TO DETERMINE,UNABLE TO DETERMINE,3856,S,KEDZIE AVE,911,,,,,,,2,NO INDICATION OF INJURY,0,0,0,0,0,2,0,17,2,7,41.8226644852,-87.7045634291,POINT (-87.704563429119 41.822664485221)
7722ab9a3792bb959ede25e541c5fec5e5ef1b699a5ff0af163e87749da9e3198e230b6cd0a5b28ce7c2438b525b1e4293d62053fcf5341c98822cd91f30fe8b,,07/28/2025 05:00:00 PM,30,TRAFFIC SIGNAL,NOT FUNCTIONING,CLEAR,DAYLIGHT,REAR END,FOUR WAY,,STRAIGHT AND LEVEL,DRY,WORN SURFACE,NOT ON SCENE (DESK REPORT),NO INJURY / DRIVE AWAY,Y,,,"$501 - $1,500",07/28/2025 06:30:00 PM,UNABLE TO DETERMINE,UNABLE TO DETERMINE,1599,W,47TH ST,933,,,,,,,2,NO INDICATION OF INJURY,0,0,0,0,0,2,0,17,2,7,41.8084949248,-87.6649535982,POINT (-87.664953598184 41.808494924755)
b85845788c2bb677feb6b6538af30fa93ea69b42bc3fd9055fd7699a475f97a580f5f2bc42a9ac423ad9a886a399a89fa2cc370f1ad2d637bfac62c14baa7efd,,07/28/2025 05:00:00 PM,30,NO CONTROLS,NO CONTROLS,CLEAR,DAYLIGHT,REAR END,OTHER,,STRAIGHT AND LEVEL,DRY,NO DEFECTS,,NO INJURY / DRIVE AWAY,,,,$500 OR LESS,07/28/2025 05:25:00 PM,IMPROPER BACKING,NOT APPLICABLE,2100,S,DAMEN AVE,1234,,,,,,,2,NO INDICATION OF INJURY,0,0,0,0,0,2,0,17,2,7,41.8539628189,-87.6760399305,POINT (-87.676039930451 41.853962818869)
eeed62cb7c894cf494e5ffff1fddf9653223783636bd2297e16b9d6875745ee15028ad798740272305039a421e32e25d7e7643e866b8b6251bd49a3c8f36d406,,07/28/2025 04:55:00 PM,30,TRAFFIC SIGNAL,FUNCTIONING PROPERLY,CLEAR,DAYLIGHT,SIDESWIPE SAME DIRECTION,NOT DIVIDED,,STRAIGHT AND LEVEL,DRY,NO DEFECTS,ON SCENE,NO INJURY / DRIVE AWAY,,,Y,$500 OR LESS,07/28/2025 04:57:00 PM,IMPROPER OVERTAKING/PASSING,NOT APPLICABLE,5001,S,ASHLAND AVE,933,,,,,,,2,NO INDICATION OF INJURY,0,0,0,0,0,2,0,16,2,7,41.8030517659,-87.6646753115,POINT (-87.664675311454 41.803051765936)
fc574f74a89a3ebbb4b84916f75ec3cdb1cd0358bb376d599adbca5903997ce9bc61d75905670955e788c722bc63eb59ab2cb5811325a9a542b8383c3d0d68a3,,07/28/2025 04:54:00 PM,30,NO CONTROLS,NO CONTROLS,CLEAR,DAYLIGHT,TURNING,NOT DIVIDED,,STRAIGHT AND LEVEL,DRY,NO DEFECTS,ON SCENE,INJURY AND / OR TOW DUE TO CRASH,,,,"OVER $1,500",07/28/2025 05:13:00 PM,FAILING TO YIELD RIGHT-OF-WAY,NOT APPLICABLE,4750,S,ARCHER AVE,821,,,,,,,2,NO INDICATION OF INJURY,0,0,0,0,0,3,0,16,2,7,41.8071794738,-87.7157688717,POINT (-87.715768871737 41.807179473772)
0e8913a942171ccaa5404119c24958d7efd3c8ac70642bb3f08116d0647596998673c2fc43ac185e6541454071b51932e050c07a8ac45f7e8dc97df35a27371d,Y,07/28/2025 04:51:00 PM,30,STOP SIGN/FLASHER,NO CONTROLS,CLEAR,DAYLIGHT,ANGLE,NOT DIVIDED,,STRAIGHT AND LEVEL,DRY,UNKNOWN,NOT ON SCENE (DESK REPORT),NO INJURY / DRIVE AWAY,,,Y,"OVER $1,500",07/28/2025 08:36:00 PM,FAILING TO YIELD RIGHT-OF-WAY,UNABLE TO DETERMINE,7331,W,TOUHY AVE,1611,,,,,,,2,NO INDICATION OF INJURY,0,0,0,0,0,2,0,16,2,7,42.0115097704,-87.8103203783,POINT (-87.810320378265 42.011509770374)
fc522e0f9d903a630620876dff923d277249978903741bf43439b63727fa4d642388add360f751de7ee31fb5ef67df9cea9053ab75bc0941270931dd69cded71,,07/28/2025 04:50:00 PM,30,NO CONTROLS,NO CONTROLS,CLEAR,DAYLIGHT,PARKED MOTOR VEHICLE,ONE-WAY,,STRAIGHT AND LEVEL,DRY,NO DEFECTS,ON SCENE,NO INJURY / DRIVE AWAY,,,N,"OVER $1,500",07/28/2025 05:11:00 PM,UNABLE TO DETERMINE,NOT APPLICABLE,3912,W,CONGRESS PKWY,1132,,,,,,,2,NO INDICATION OF INJURY,0,0,0,0,0,1,0,16,2,7,41.8744916828,-87.7235841274,POINT (-87.723584127438 41.874491682802)
6a1f2f1170b69110b2c5d780ce47caddf17e9371e122325e993872bf194a900cb77385e1bab01691e9de80ae8b7b791eac578633f72400a43d9a74065ab912a5,,07/28/2025 04:46:00 PM,30,TRAFFIC SIGNAL,FUNCTIONING PROPERLY,CLEAR,DAYLIGHT,PEDALCYCLIST,DIVIDED - W/MEDIAN BARRIER,,STRAIGHT AND LEVEL,DRY,NO DEFECTS,NOT ON SCENE (DESK REPORT),INJURY AND / OR TOW DUE TO CRASH,Y,,Y,"$501 - $1,500",07/29/2025 08:35:00 AM,UNABLE TO DETERMINE,UNABLE TO DETERMINE,100,E,LOWER WACKER DR,114,,,,,,,2,"REPORTED, NOT EVIDENT",1,0,0,0,1,1,0,16,2,7,41.888432092,-87.6244246869,POINT (-87.624424686932 41.88843209205)
3dbc64247f67891a175e223caa6f819f96cb021bca4912088f482b9348202ee85d320fdb97fdc9691a14a12bad2b5d07aa284c31734156ef1511cb9bcb26a354,,07/28/2025 04:45:00 PM,30,NO CONTROLS,NO CONTROLS,CLEAR,DAYLIGHT,ANGLE,FOUR WAY,,STRAIGHT AND LEVEL,DRY,UNKNOWN,NOT ON SCENE (DESK REPORT),NO INJURY / DRIVE AWAY,Y,,,"OVER $1,500",07/28/2025 07:30:00 PM,FAILING TO YIELD RIGHT-OF-WAY,DRIVING SKILLS/KNOWLEDGE/EXPERIENCE,3930,W,AUGUSTA BLVD,1112,,,,,,,2,NO INDICATION OF INJURY,0,0,0,0,0,4,0,16,2,7,41.8991445969,-87.7249099673,POINT (-87.724909967289 41.899144596938)
4d9c9a339a9660cd8194a109cb4357b514fd9a25c9628554b7e5945b73781e9f30ca51387acab2a768646f729aa31d27e4b2a2e52f1846b03a67a80534bc0f05,Y,07/28/2025 04:45:00 PM,30,TRAFFIC SIGNAL,FUNCTIONING PROPERLY,CLEAR,DAYLIGHT,REAR END,NOT DIVIDED,,STRAIGHT AND LEVEL,DRY,UNKNOWN,NOT ON SCENE (DESK REPORT),NO INJURY / DRIVE AWAY,Y,,,"OVER $1,500",07/28/2025 05:58:00 PM,FOLLOWING TOO CLOSELY,UNABLE TO DETERMINE,6359,N,CALDWELL AVE,1621,,,,,,,2,NO INDICATION OF INJURY,0,0,0,0,0,2,0,16,2,7,41.9967947181,-87.7653374221,POINT (-87.765337422114 41.996794718088)
d8b74371643290dbd8e17c5fbcde001340d09e25ed8250ce51991b246a0833bb1c1b1a75119904376c0c2c4ff32f51f70983acc9ea3bedc831581d16e9707a03,,07/28/2025 04:41:00 PM,30,NO CONTROLS,NO CONTROLS,CLEAR,DAYLIGHT,REAR END,ONE-WAY,,STRAIGHT AND LEVEL,DRY,NO DEFECTS,NOT ON SCENE (DESK REPORT),NO INJURY / DRIVE AWAY,,,,"OVER $1,500",07/28/2025 06:00:00 PM,FOLLOWING TOO CLOSELY,FOLLOWING TOO CLOSELY,180,W,WASHINGTON ST,122,N,,,,,,2,NO INDICATION OF INJURY,0,0,0,0,0,2,0,16,2,7,41.8833178945,-87.6332966911,POINT (-87.633296691093 41.883317894491)
37091ce37a56ec40f28690fab15800a6c194727560e5ccedd31bb7f301fa55bd5203612b75fb0869aa7bd7b9bc3f6ddc22215cb850a0b9ca783ae45f8a47b2b7,,07/28/2025 04:40:00 PM,30,TRAFFIC SIGNAL,FUNCTIONING PROPERLY,CLEAR,DAYLIGHT,TURNING,DIVIDED - W/MEDIAN BARRIER,,STRAIGHT AND LEVEL,DRY,UNKNOWN,ON SCENE,NO INJURY / DRIVE AWAY,Y,,,"OVER $1,500",07/28/2025 05:02:00 PM,IMPROPER LANE USAGE,NOT APPLICABLE,626,N,LAKE SHORE DR,1834,,,,,,,2,NO INDICATION OF INJURY,0,0,0,0,0,3,0,16,2,7,41.8933922831,-87.6149778838,POINT (-87.614977883848 41.893392283134)
4b6179c44b1550fdf275df61bd2fb97cec9f31e2c7d8479f152299df3f1ea1fb06e2cdc1a8dce5a15b68c08152eed1f10eb79db079843b5930a782ef03dde772,,07/28/2025 04:40:00 PM,30,NO CONTROLS,NO CONTROLS,CLEAR,DAYLIGHT,ANGLE,NOT DIVIDED,,STRAIGHT AND LEVEL,DRY,NO DEFECTS,NOT ON SCENE (DESK REPORT),NO INJURY / DRIVE AWAY,,,,"OVER $1,500",07/28/2025 05:30:00 PM,UNABLE TO DETERMINE,NOT APPLICABLE,5563,W,CORCORAN PL,1523,,,,,,,2,NO INDICATION OF INJURY,0,0,0,0,0,2,0,16,2,7,41.8871111857,-87.7650202952,POINT (-87.765020295228 41.887111185689)
c483336f9e84dfb13ab2eb6c19db64e079da3ad6a3e9ecf31995b7ae94800ccdeb282c4233dd995906216051ffcfd9c3a106a031a0fad7c55e9bcb382e010795,,07/28/2025 04:40:00 PM,25,NO CONTROLS,NO CONTROLS,CLEAR,DAYLIGHT,REAR END,NOT DIVIDED,,STRAIGHT AND LEVEL,DRY,UNKNOWN,NOT ON SCENE (DESK REPORT),NO INJURY / DRIVE AWAY,,,,$500 OR LESS,07/29/2025 11:55:00 AM,UNABLE TO DETERMINE,UNABLE TO DETERMINE,3768,N,HARLEM AVE,1631,,,,,,,2,NO INDICATION OF INJURY,0,0,0,0,0,2,0,16,2,7,41.9487482441,-87.8072760047,POINT (-87.807276004703 41.948748244083)
d76a6f4bcc0c530e24b6e7485e3a68b17e1d6eedaf5f4c0d63fa8ceeb4665ba148e2bbdee86f47cab7ea59d9859eec2902911052e968b60f76c4ccb62a013a70,,07/28/2025 04:40:00 PM,30,NO CONTROLS,NO CONTROLS,CLEAR,DAYLIGHT,REAR END,NOT DIVIDED,,STRAIGHT AND LEVEL,DRY,NO DEFECTS,NOT ON SCENE (DESK REPORT),NO INJURY / DRIVE AWAY,,,,"OVER $1,500",07/28/2025 06:10:00 PM,UNABLE TO DETERMINE,NOT APPLICABLE,5040,W,ROOSEVELT RD,1533,,,,,,,2,NO INDICATION OF INJURY,0,0,0,0,0,2,0,16,2,7,41.8659098256,-87.7512650274,POINT (-87.751265027356 41.865909825626)
9d752b93ff63dc8cbfb714938fb66d6916473bba87af2c5fd7a24fa94e2af7a021f514e91263ce9b8cecb240ec87d6eaa0f941e01c33336e51863def319f54d8,,07/28/2025 04:31:00 PM,30,TRAFFIC SIGNAL,FUNCTIONING PROPERLY,CLEAR,DAYLIGHT,SIDESWIPE SAME DIRECTION,NOT DIVIDED,,STRAIGHT AND LEVEL,DRY,NO DEFECTS,ON SCENE,NO INJURY / DRIVE AWAY,,,Y,$500 OR LESS,07/28/2025 04:31:00 PM,RELATED TO BUS STOP,UNABLE TO DETERMINE,599,N,CENTRAL AVE,1523,,,,,,,2,NO INDICATION OF INJURY,0,0,0,0,0,2,0,16,2,7,41.8910089594,-87.7650993266,POINT (-87.765099326644 41.891008959368)
4f45d484a1cad92e08382cb249a8578e66e736e97ffc3e1928782339f371201915decfe225d62794448acd5a180411667562e1edd7e775a9212254c95f9d4203,Y,07/28/2025 04:30:00 PM,30,NO CONTROLS,NO CONTROLS,CLEAR,DAYLIGHT,TURNING,DIVIDED - W/MEDIAN (NOT RAISED),,STRAIGHT AND LEVEL,DRY,NO DEFECTS,NOT ON SCENE (DESK REPORT),NO INJURY / DRIVE AWAY,,,,"$501 - $1,500",07/29/2025 02:54:00 PM,FAILING TO YIELD RIGHT-OF-WAY,NOT APPLICABLE,2740,W,55TH ST,923,,,,,,,2,NO INDICATION OF INJURY,0,0,0,0,0,2,0,16,2,7,41.793814747,-87.692982067,POINT (-87.692982067023 41.793814746999)
7580cb12ac796cc26ab0f8728ac0b9d75c9b05ac7ff3514699e4a381f74a919a5ccd3100274e09ae80e94f247682ac1d4a4155911d48f843d2693c4794a7e3db,,07/28/2025 04:30:00 PM,30,TRAFFIC SIGNAL,FUNCTIONING IMPROPERLY,CLEAR,DAYLIGHT,ANGLE,NOT DIVIDED,,STRAIGHT AND LEVEL,DRY,NO DEFECTS,NOT ON SCENE (DESK REPORT),NO INJURY / DRIVE AWAY,Y,,,"OVER $1,500",07/28/2025 04:44:00 PM,FAILING TO YIELD RIGHT-OF-WAY,NOT APPLICABLE,5100,S,KEDZIE AVE,822,,,,,,,2,NO INDICATION OF INJURY,0,0,0,0,0,2,0,16,2,7,41.8007272599,-87.7039102174,POINT (-87.703910217369 41.800727259896)
75d70f1f0264ca54cb19aed62ca1f5f77099136804a328fe90eb3c216337564b6a455a3bd7b9374fd2ea2ac9ebbc7e7f1c8dc2021e57eaf1daf41c55403e8f5c,,07/28/2025 04:30:00 PM,30,NO CONTROLS,NO CONTROLS,CLEAR,DAYLIGHT,SIDESWIPE SAME DIRECTION,DIVIDED - W/MEDIAN (NOT RAISED),,STRAIGHT AND LEVEL,DRY,UNKNOWN,NOT ON SCENE (DESK REPORT),NO INJURY / DRIVE AWAY,,,Y,"OVER $1,500",07/28/2025 04:48:00 PM,UNABLE TO DETERMINE,NOT APPLICABLE,5846,W,MADISON ST,1513,,,,,,,2,NO INDICATION OF INJURY,0,0,0,0,0,2,0,16,2,7,41.8802441189,-87.7717712311,POINT (-87.771771231115 41.880244118859)
f99df7b4a51298c6696053bd3d9f17ce1a6de1037909daa6c358571cff6fb40773eacaeeacb6e94035e88a8a2b60253d351bbb6ff08a2326d473aa71a1e1c282,,07/28/2025 04:30:00 PM,10,NO CONTROLS,NO CONTROLS,CLEAR,DAYLIGHT,REAR TO SIDE,NOT DIVIDED,,STRAIGHT AND LEVEL,DRY,NO DEFECTS,NOT ON SCENE (DESK REPORT),NO INJURY / DRIVE AWAY,,,,"OVER $1,500",07/28/2025 05:53:00 PM,IMPROPER BACKING,NOT APPLICABLE,2525,S,DR MARTIN LUTHER KING JR DR,133,,,,,,,2,NO INDICATION OF INJURY,0,0,0,0,0,2,0,16,2,7,41.8467666109,-87.6171757775,POINT (-87.61717577755 41.846766610919)
0bd5198790ea1a0f19e07b174521a763a50171810fc334d56e5ee2c65353a63a9d727e6f6496105e9f72648fc85241d9ef0e0c20bd57a7998258614974619634,,07/28/2025 04:25:00 PM,30,TRAFFIC SIGNAL,FUNCTIONING PROPERLY,CLEAR,DAYLIGHT,TURNING,NOT DIVIDED,,STRAIGHT AND LEVEL,DRY,NO DEFECTS,NOT ON SCENE (DESK REPORT),NO INJURY / DRIVE AWAY,,,,"OVER $1,500",08/04/2025 01:30:00 PM,IMPROPER TURNING/NO SIGNAL,"OPERATING VEHICLE IN ERRATIC, RECKLESS, CARELESS, NEGLIGENT OR AGGRESSIVE MANNER",12658,S,MICHIGAN AVE,532,,,,,,,2,NO INDICATION OF INJURY,0,0,0,0,0,2,0,16,2,7,41.6635229971,-87.6201048755,POINT (-87.620104875487 41.663522997052)
49bd541a05e91ddad41929adfb6e110b85fd5d5862d40cc5765bbc88a0f79d36b9476ae6da3a5765439e06f90faa5fcf18b75e81ed15dac92f01bdb7735b3b86,,07/28/2025 04:25:00 PM,25,NO CONTROLS,NO CONTROLS,CLEAR,DAYLIGHT,ANGLE,PARKING LOT,,STRAIGHT AND LEVEL,DRY,NO DEFECTS,NOT ON SCENE (DESK REPORT),INJURY AND / OR TOW DUE TO CRASH,,,,"OVER $1,500",07/28/2025 05:18:00 PM,FAILING TO YIELD RIGHT-OF-WAY,NOT APPLICABLE,2351,W,GRANVILLE AVE,2413,,,,,,,2,NO INDICATION OF INJURY,0,0,0,0,0,3,0,16,2,7,41.9939889516,-87.6893635866,POINT (-87.689363586633 41.993988951557)
3909c7561510c6eb6ff764e28f86dd23a812c4dad3c17cae38ad2957cade41532932f109c3f508fb3ec44a1fb0914223410798e979e84ca09ac30803bde5f1e3,,07/28/2025 04:22:00 PM,30,STOP SIGN/FLASHER,FUNCTIONING PROPERLY,CLEAR,DAYLIGHT,TURNING,FOUR WAY,,STRAIGHT AND LEVEL,DRY,UNKNOWN,NOT ON SCENE (DESK REPORT),NO INJURY / DRIVE AWAY,,,Y,"OVER $1,500",07/28/2025 04:40:00 PM,DISREGARDING STOP SIGN,FAILING TO YIELD RIGHT-OF-WAY,1430,S,RACINE AVE,1233,,,,,,,2,NO INDICATION OF INJURY,0,0,0,0,0,2,0,16,2,7,41.8625466415,-87.6567016606,POINT (-87.656701660625 41.862546641471)
37f8eedc39f10f8104cc0874b353e5d5f2fbd937662ba6b5530a6d6222b6d987297aacf1ffc6e3556dd37014c9e3acbfe616d01d698651c6aff1f6335038b843,,07/28/2025 04:20:00 PM,15,NO CONTROLS,NO CONTROLS,CLEAR,DAYLIGHT,PARKED MOTOR VEHICLE,PARKING LOT,,STRAIGHT AND LEVEL,DRY,NO DEFECTS,ON SCENE,NO INJURY / DRIVE AWAY,,Y,Y,"$501 - $1,500",07/28/2025 05:12:00 PM,UNABLE TO DETERMINE,UNABLE TO DETERMINE,1616,E,87TH ST,412,,,,,,,2,NO INDICATION OF INJURY,0,0,0,0,0,1,0,16,2,7,41.7370398311,-87.5844769119,POINT (-87.584476911926 41.737039831058)
7d6c985ca83443bc2c4737b6cc80e8ca96c7882320474428869893cad2d6b7a178cd22f9b199261feee2a937825a0cd3adf47cb5171d5fd7e4146efd4b20f128,,07/28/2025 04:20:00 PM,30,NO CONTROLS,NO CONTROLS,CLEAR,DAYLIGHT,SIDESWIPE SAME DIRECTION,OTHER,,STRAIGHT AND LEVEL,DRY,OTHER,ON SCENE,NO INJURY / DRIVE AWAY,,,,"OVER $1,500",07/28/2025 04:26:00 PM,FOLLOWING TOO CLOSELY,UNABLE TO DETERMINE,3122,W,LOGAN BLVD,1411,,,,Y,CONSTRUCTION,,2,NO INDICATION OF INJURY,0,0,0,0,0,2,0,16,2,7,41.928886946,-87.7059090577,POINT (-87.705909057725 41.928886946026)