CRASH_RECORD_ID,CRASH_DATE_EST_I,CRASH_DATE,POSTED_SPEED_LIMIT,TRAFFIC_CONTROL_DEVICE,DEVICE_CONDITION,WEATHER_CONDITION,LIGHTING_CONDITION,FIRST_CRASH_TYPE,TRAFFICWAY_TYPE,LANE_CNT,ALIGNMENT,ROADWAY_SURFACE_COND,ROAD_DEFECT,REPORT_TYPE,CRASH_TYPE,INTERSECTION_RELATED_I,NOT_RIGHT_OF_WAY_I,HIT_AND_RUN_I,DAMAGE,DATE_POLICE_NOTIFIED,PRIM_CONTRIBUTORY_CAUSE,SEC_CONTRIBUTORY_CAUSE,STREET_NO,STREET_DIRECTION,STREET_NAME,BEAT_OF_OCCURRENCE,PHOTOS_TAKEN_I,STATEMENTS_TAKEN_I,DOORING_I,WORK_ZONE_I,WORK_ZONE_TYPE,WORKERS_PRESENT_I,NUM_UNITS,MOST_SEVERE_INJURY,INJURIES_TOTAL,INJURIES_FATAL,INJURIES_INCAPACITATING,INJURIES_NON_INCAPACITATING,INJURIES_REPORTED_NOT_EVIDENT,INJURIES_NO_INDICATION,INJURIES_UNKNOWN,CRASH_HOUR,CRASH_DAY_OF_WEEK,CRASH_MONTH,LATITUDE,LONGITUDE,LOCATION
42705fd506c8346df60505e637ec408120f1636b81760f2f667bb2879010383cd6938e3eaa9551d3105ec44f42a9f38a9349ca3e21306aa79a2f4c71a3bbcae4,,07/28/2025 04:15:00 PM,10,NO CONTROLS,NO CONTROLS,OTHER,UNKNOWN,OTHER OBJECT,OTHER,,STRAIGHT AND LEVEL,DRY,OTHER,NOT ON SCENE (DESK REPORT),NO INJURY / DRIVE AWAY,,Y,,"OVER $1,500",07/29/2025 08:21:00 PM,NOT APPLICABLE,NOT APPLICABLE,4627,S,KEDZIE AVE,922,,,,,,,1,NO INDICATION OF INJURY,0,0,0,0,0,1,0,16,2,7,41.8091154968,-87.7038677971,POINT (-87.703867797051 41.809115496826)
e7c2567e41513a1c8dcfb8c904d6c4d4f97fd735d33682eae37d5719fac9d6683c8f05c761048e0c9aacfaed4c118db8c66a6f3d01d1cda098a99b664e584710,,07/28/2025 04:14:00 PM,30,NO CONTROLS,NO CONTROLS,CLEAR,DAYLIGHT,SIDESWIPE SAME DIRECTION,DIVIDED - W/MEDIAN (NOT RAISED),,STRAIGHT AND LEVEL,DRY,NO DEFECTS,NOT ON SCENE (DESK REPORT),NO INJURY / DRIVE AWAY,,,,"OVER $1,500",07/28/2025 05:00:00 PM,UNABLE TO DETERMINE,NOT APPLICABLE,3551,N,MILWAUKEE AVE,1731,,,,,,,3,NO INDICATION OF INJURY,0,0,0,0,0,3,0,16,2,7,41.9453134882,-87.7338234969,POINT (-87.73382349694 41.945313488161)
b633ff60573c4275321effb56b8f777685268f08721736bafeb58c8dd91a7f5d5f662d13d0216760b7923518b14d8fbcad5a6d462c456607405e82f1e6e69c68,,07/28/2025 04:10:00 PM,15,NO CONTROLS,NO CONTROLS,CLEAR,DAYLIGHT,PARKED MOTOR VEHICLE,PARKING LOT,,STRAIGHT AND LEVEL,DRY,UNKNOWN,ON SCENE,NO INJURY / DRIVE AWAY,,,,"$501 - $1,500",07/28/2025 04:17:00 PM,NOT APPLICABLE,NOT APPLICABLE,1,W,PARKING LOT A ST,1654,,,,,,,2,NO INDICATION OF INJURY,0,0,0,0,0,1,0,16,2,7,,,
457681b8dc22c0b1c97ed7362614afcf5a2d90cd3a55c401da5d90c2a17bd6132e04a37a020f1690269215077ecd9a5db943ef80331810312d33be54da4788e5,,07/28/2025 04:08:00 PM,30,NO CONTROLS,NO CONTROLS,CLEAR,DAYLIGHT,PARKED MOTOR VEHICLE,NOT DIVIDED,,STRAIGHT AND LEVEL,DRY,NO DEFECTS,ON SCENE,NO INJURY / DRIVE AWAY,,,Y,"OVER $1,500",07/28/2025 04:08:00 PM,UNABLE TO DETERMINE,UNABLE TO DETERMINE,1608,W,BYRON ST,1922,,,,,,,2,NO INDICATION OF INJURY,0,0,0,0,0,1,0,16,2,7,41.9525708072,-87.6694045556,POINT (-87.669404555635 41.952570807156)
ec06f6f06fc1d9e7c75df07cca2a12417f7cd225b64fff5057a63831a8338254c96d56a9e3c8d984add7ea1062f0f554d4d5cd128fde8322fecb9cc3594ebed4,,07/28/2025 04:05:00 PM,30,NO CONTROLS,NO CONTROLS,CLEAR,DAYLIGHT,PARKED MOTOR VEHICLE,NOT DIVIDED,,STRAIGHT AND LEVEL,WET,NO DEFECTS,ON SCENE,INJURY AND / OR TOW DUE TO CRASH,,,,"OVER $1,500",07/28/2025 04:05:00 PM,"OPERATING VEHICLE IN ERRATIC, RECKLESS, CARELESS, NEGLIGENT OR AGGRESSIVE MANNER",NOT APPLICABLE,4314,N,CAMPBELL AVE,1911,,,,,,,2,NO INDICATION OF INJURY,0,0,0,0,0,1,0,16,2,7,41.9599546969,-87.6919143552,POINT (-87.691914355236 41.959954696903)
39202d04e7fd18f12eba534e975d5445ce578907dd16e14d06789f6ddb46b86480cfceffe17ab3d51035c7a170268856ea56b56e677831aab6011f82b9cd548f,,07/28/2025 04:00:00 PM,20,NO CONTROLS,NO CONTROLS,CLEAR,DAYLIGHT,SIDESWIPE SAME DIRECTION,ONE-WAY,,STRAIGHT AND LEVEL,DRY,UNKNOWN,ON SCENE,NO INJURY / DRIVE AWAY,,,,$500 OR LESS,07/28/2025 04:40:00 PM,UNABLE TO DETERMINE,NOT APPLICABLE,430,W,ADAMS ST,121,,,,,,,2,NO INDICATION OF INJURY,0,0,0,0,0,2,0,16,2,7,41.8794226209,-87.6395560267,POINT (-87.639556026728 41.879422620897)
a9e9c1884c612b5547c29be4449357016b0c0c4cd5b5d079427554a4d96c54b06a45a92d7dd0c13031358fd6de148d33e6a3aa6ef4a1e71f3f4d9ec45afb956d,Y,07/28/2025 04:00:00 PM,25,NO CONTROLS,NO CONTROLS,CLEAR,DAYLIGHT,ANGLE,PARKING LOT,,STRAIGHT AND LEVEL,DRY,NO DEFECTS,ON SCENE,NO INJURY / DRIVE AWAY,,Y,,"OVER $1,500",07/28/2025 04:00:00 PM,UNABLE TO DETERMINE,NOT APPLICABLE,5322,S,PULASKI RD,815,,,,,,,2,NO INDICATION OF INJURY,0,0,0,0,0,3,0,16,2,7,41.7961419147,-87.7233901984,POINT (-87.723390198401 41.796141914686)
031dba0131be98caf8c464ef752c360f1f3f4accf9c841aa3ffee6067b7c2595c722c23f1a638ca8606972d45a42ef483b6e5dd605ca689fa404279e67a6bc97,,07/28/2025 03:58:00 PM,30,STOP SIGN/FLASHER,FUNCTIONING PROPERLY,CLEAR,DAYLIGHT,TURNING,NOT DIVIDED,,STRAIGHT AND LEVEL,DRY,NO DEFECTS,NOT ON SCENE (DESK REPORT),NO INJURY / DRIVE AWAY,,,Y,"$501 - $1,500",07/28/2025 05:03:00 PM,FOLLOWING TOO CLOSELY,NOT APPLICABLE,11600,S,LONGWOOD DR,2212,,,,,,,2,NO INDICATION OF INJURY,0,0,0,0,0,2,0,15,2,7,41.6828569852,-87.6742646561,POINT (-87.674264656071 41.682856985169)
846e33121c748c43b048399f787e0a788689c934208b5a0e09efaa973dc19b3e1e851bd87032d9e82ceebca30c8cea4d4a15772fac3265cc390af84c7a544b64,,07/28/2025 03:58:00 PM,25,NO CONTROLS,NO CONTROLS,CLEAR,DAYLIGHT,FIXED OBJECT,ONE-WAY,,STRAIGHT AND LEVEL,DRY,NO DEFECTS,NOT ON SCENE (DESK REPORT),NO INJURY / DRIVE AWAY,,,,"OVER $1,500",07/28/2025 04:58:00 PM,UNABLE TO DETERMINE,UNABLE TO DETERMINE,2202,S,SACRAMENTO AVE,1033,,,,,,,1,NO INDICATION OF INJURY,0,0,0,0,0,1,0,15,2,7,41.8516895105,-87.700493091,POINT (-87.70049309099 41.851689510517)
abbaab2c1a1281f74c65f861d5e49cea3ccb6efafea16e2c2890f18d847d3f5accbaded445d068b7f4cbb74fa0c2b6e814b14507e4a62db3aeb15b1d6c506650,,07/28/2025 03:45:00 PM,30,NO CONTROLS,NO CONTROLS,CLEAR,DAYLIGHT,ANGLE,DIVIDED - W/MEDIAN (NOT RAISED),,STRAIGHT AND LEVEL,DRY,NO DEFECTS,NOT ON SCENE (DESK REPORT),NO INJURY / DRIVE AWAY,,,Y,"OVER $1,500",07/28/2025 04:00:00 PM,FAILING TO YIELD RIGHT-OF-WAY,UNABLE TO DETERMINE,10311,S,WESTERN AVE,2212,,,,,,,2,NO INDICATION OF INJURY,0,0,0,0,0,2,0,15,2,7,41.706004961,-87.6814610207,POINT (-87.681461020749 41.706004960954)
d00c5435a9dfc87ef7b81f50ab5977300125e351abdde916ed21fb27e1de8d8a17fe2c080a7198fe7a2b57ae0d774a8665466fa2dc8a5642addb01831c7a4e6a,,07/28/2025 03:42:00 PM,30,TRAFFIC SIGNAL,FUNCTIONING PROPERLY,CLEAR,DAYLIGHT,PEDALCYCLIST,DIVIDED - W/MEDIAN (NOT RAISED),,STRAIGHT AND LEVEL,DRY,UNKNOWN,ON SCENE,INJURY AND / OR TOW DUE TO CRASH,,,,$500 OR LESS,07/28/2025 04:40:00 PM,UNABLE TO DETERMINE,UNABLE TO DETERMINE,2949,N,CENTRAL AVE,2514,,,,,,,2,NONINCAPACITATING INJURY,1,0,0,1,0,1,0,15,2,7,41.9345560006,-87.7662112472,POINT (-87.766211247227 41.934556000558)
b0fb6eeaa6a77feb9dae85d72fa16f358a29943ecfb964f746afc929f08ee55594fd2460aea230188c62ffb1492dfd4d8f3f69e27af505162f423f35a65aeec4,,07/28/2025 03:40:00 PM,30,UNKNOWN,UNKNOWN,CLEAR,DAYLIGHT,SIDESWIPE SAME DIRECTION,NOT DIVIDED,,STRAIGHT AND LEVEL,DRY,UNKNOWN,NOT ON SCENE (DESK REPORT),NO INJURY / DRIVE AWAY,,,Y,"OVER $1,500",07/28/2025 06:45:00 PM,IMPROPER OVERTAKING/PASSING,IMPROPER LANE USAGE,5458,S,WELLS ST,935,,,,,,,2,NO INDICATION OF INJURY,0,0,0,0,0,2,0,15,2,7,41.7945600708,-87.6319284748,POINT (-87.631928474832 41.794560070768)
bcb4a680b2c664713a4302d0e0f69cefe03496eafe11d5f7d0bca8979b43a04f4ff990f620d190a5bc4ad998522206e1e797e0ea20811a8a4397099b2d5f70e3,,07/28/2025 03:39:00 PM,25,TRAFFIC SIGNAL,UNKNOWN,CLEAR,DAYLIGHT,ANGLE,NOT DIVIDED,,STRAIGHT AND LEVEL,DRY,NO DEFECTS,ON SCENE,INJURY AND / OR TOW DUE TO CRASH,Y,,,"OVER $1,500",07/28/2025 03:39:00 PM,DRIVING SKILLS/KNOWLEDGE/EXPERIENCE,PHYSICAL CONDITION OF DRIVER,1809,W,LAWRENCE AVE,1912,,,,,,,2,NONINCAPACITATING INJURY,2,0,0,2,0,1,0,15,2,7,41.9687002966,-87.6751090975,POINT (-87.675109097517 41.968700296617)
75979d1adccdd7ac7d62a87eb56eaa0908570710fd42e42ba6a74a21d5baa4750420727a4b6e2fc5ed0c6ac3c9c5b21f1cabdf4e4b82174f3bd7601661bf3ee7,,07/28/2025 03:38:00 PM,30,NO CONTROLS,NO CONTROLS,CLEAR,DAYLIGHT,SIDESWIPE SAME DIRECTION,TRAFFIC ROUTE,,STRAIGHT AND LEVEL,DRY,NO DEFECTS,ON SCENE,NO INJURY / DRIVE AWAY,,,,"OVER $1,500",07/28/2025 03:38:00 PM,IMPROPER TURNING/NO SIGNAL,FAILING TO YIELD RIGHT-OF-WAY,1317,W,18TH ST,1233,,,,,,,2,NO INDICATION OF INJURY,0,0,0,0,0,4,0,15,2,7,41.8577916102,-87.6597024155,POINT (-87.659702415464 41.857791610237)
8d6a82d6b2fa35acb50e1abcf9adc82788749292e372f29f9763240f1d8e423b17b86299df849b3e371ef0836080d45089f8bd4ab9bdf295d834bc84081419d3,,07/28/2025 03:31:00 PM,30,NO CONTROLS,NO CONTROLS,CLEAR,DAYLIGHT,PARKED MOTOR VEHICLE,NOT DIVIDED,,STRAIGHT AND LEVEL,DRY,NO DEFECTS,NOT ON SCENE (DESK REPORT),NO INJURY / DRIVE AWAY,,,Y,$500 OR LESS,07/28/2025 09:00:00 PM,IMPROPER BACKING,FOLLOWING TOO CLOSELY,5801,W,FULLERTON AVE,2515,,,,,,,2,NO INDICATION OF INJURY,0,0,0,0,0,1,0,15,2,7,41.923794554,-87.7709111387,POINT (-87.77091113871 41.923794553965)
163e7e63aeaf6b42e5a991e8e3e0aea7aeadc1b7661d5d302fc7adfc3d0dedb840093fc1a7d1f7cc192ab1416912b7780885d8d9e7da168080d498b2ce2688f5,,07/28/2025 03:30:00 PM,30,TRAFFIC SIGNAL,FUNCTIONING PROPERLY,CLEAR,DAYLIGHT,PARKED MOTOR VEHICLE,NOT DIVIDED,,STRAIGHT AND LEVEL,DRY,UNKNOWN,NOT ON SCENE (DESK REPORT),NO INJURY / DRIVE AWAY,,,,"OVER $1,500",07/28/2025 06:45:00 PM,UNABLE TO DETERMINE,NOT APPLICABLE,337,N,CENTRAL AVE,1523,,,,,,,2,NO INDICATION OF INJURY,0,0,0,0,0,2,0,15,2,7,41.8868539005,-87.7649507506,POINT (-87.764950750638 41.886853900462)
2f617a56de106c3eef94e5126db05248f3e297481abcfbfe94523aa511eef74e03547a8a1dd36846b63d3aad8672856c63f088525ae8ab9bff38f872b7fa8e26,,07/28/2025 03:30:00 PM,30,STOP SIGN/FLASHER,NO CONTROLS,CLEAR,DAYLIGHT,ANGLE,FOUR WAY,,STRAIGHT AND LEVEL,DRY,UNKNOWN,,NO INJURY / DRIVE AWAY,Y,,Y,"OVER $1,500",07/28/2025 06:20:00 PM,UNABLE TO DETERMINE,NOT APPLICABLE,8301,S,INGLESIDE AVE,632,,,,,,,2,NO INDICATION OF INJURY,0,0,0,0,0,2,0,15,2,7,41.7439223438,-87.6012343929,POINT (-87.601234392911 41.743922343751)
3a7a2e8a6733ccfe68fa683d206cae227dbb7b7cfae039831257136b8eb163b18034e21c0f09dffed7c7813b2d3c3de609ee9f84eaf3e3fc5cbba573b298ad89,,07/28/2025 03:30:00 PM,10,NO CONTROLS,NO CONTROLS,UNKNOWN,UNKNOWN,PARKED MOTOR VEHICLE,PARKING LOT,,STRAIGHT AND LEVEL,UNKNOWN,UNKNOWN,NOT ON SCENE (DESK REPORT),NO INJURY / DRIVE AWAY,,Y,Y,"OVER $1,500",07/29/2025 02:24:00 PM,NOT APPLICABLE,NOT APPLICABLE,7530,S,STONY ISLAND AVE,411,,,,,,,2,NO INDICATION OF INJURY,0,0,0,0,0,1,0,15,2,7,41.7578056585,-87.586268258,POINT (-87.586268258019 41.757805658543)
41c60eecfb65ed73e4162f68931c5c50998dbd9a57cc29744a22cb468aa9c2807a4b47accb5683ab84a581e18306022fc7856d81dfdc9ce7adbb6827c5634a19,,07/28/2025 03:30:00 PM,30,UNKNOWN,UNKNOWN,UNKNOWN,DAYLIGHT,REAR END,NOT DIVIDED,,STRAIGHT AND LEVEL,UNKNOWN,UNKNOWN,NOT ON SCENE (DESK REPORT),NO INJURY / DRIVE AWAY,,,,"OVER $1,500",07/28/2025 03:45:00 PM,UNABLE TO DETERMINE,NOT APPLICABLE,3700,N,WESTERN AVE,1921,,,,,,,2,NO INDICATION OF INJURY,0,0,0,0,0,2,0,15,2,7,41.9486368838,-87.6884575065,POINT (-87.688457506457 41.948636883802)
88aefa8623e67cb6f7e828c0d0b53555684aa4b4d4bec9fe7d65d86694c4247872e6a66852bd2b12457c051ac7927299aa079a2d16ad8ce9753ccdef167fcafb,,07/28/2025 03:30:00 PM,30,NO CONTROLS,NO CONTROLS,CLEAR,DAYLIGHT,REAR END,NOT DIVIDED,,STRAIGHT AND LEVEL,DRY,NO DEFECTS,NOT ON SCENE (DESK REPORT),NO INJURY / DRIVE AWAY,,,,"OVER $1,500",07/28/2025 04:35:00 PM,FAILING TO REDUCE SPEED TO AVOID CRASH,UNABLE TO DETERMINE,2926,W,63RD ST,823,,,,,,,2,NO INDICATION OF INJURY,0,0,0,0,0,2,0,15,2,7,41.7791731068,-87.6969888582,POINT (-87.696988858241 41.779173106768)
09607634904b741e85b52bf681fa509ed54bb48b0b204198db7fc97cc891c3dc27b2c5afeb8377470a46038382c427fb7d43d56a6e3da1c2d1047ef3b3d4b81d,,07/28/2025 03:20:00 PM,30,TRAFFIC SIGNAL,UNKNOWN,CLEAR,DAYLIGHT,SIDESWIPE SAME DIRECTION,FOUR WAY,,STRAIGHT AND LEVEL,UNKNOWN,UNKNOWN,ON SCENE,NO INJURY / DRIVE AWAY,Y,,N,"OVER $1,500",07/28/2025 03:22:00 PM,UNABLE TO DETERMINE,UNABLE TO DETERMINE,801,W,DIVERSEY PKWY,1935,,,,,,,2,NO INDICATION OF INJURY,0,0,0,0,0,2,0,15,2,7,41.9326088807,-87.6490677548,POINT (-87.649067754812 41.932608880671)
4d0316dc1523859c5aed277a86445c483d03389ea0ceee123c7ff6890c76d1652efd3878c3da965bb2cbb91321bd0e321e0c1dc71572127caa3fef2f60a5c4fe,,07/28/2025 03:19:00 PM,30,TRAFFIC SIGNAL,FUNCTIONING PROPERLY,CLEAR,DAYLIGHT,TURNING,T-INTERSECTION,,STRAIGHT AND LEVEL,DRY,UNKNOWN,,NO INJURY / DRIVE AWAY,,,,"OVER $1,500",07/28/2025 03:20:00 PM,FAILING TO YIELD RIGHT-OF-WAY,NOT APPLICABLE,5459,S,WELLS ST,935,,,,,,,2,NO INDICATION OF INJURY,0,0,0,0,0,2,0,15,2,7,41.7945610058,-87.6316351113,POINT (-87.631635111252 41.794561005835)
483228bb2aef1fd8117207e5b343427fad47d964650e9bbf7712b2104b7090bafaf88915341549561c34213231d616e5b9bf87bdd648467fb6120889bfcc863a,Y,07/28/2025 03:15:00 PM,30,OTHER,OTHER,OTHER,UNKNOWN,REAR END,OTHER,,STRAIGHT AND LEVEL,UNKNOWN,UNKNOWN,NOT ON SCENE (DESK REPORT),NO INJURY / DRIVE AWAY,,,,"$501 - $1,500",07/29/2025 12:20:00 AM,UNABLE TO DETERMINE,UNABLE TO DETERMINE,4300,S,RACINE AVE,924,,,,,,,2,NO INDICATION OF INJURY,0,0,0,0,0,2,0,15,2,7,41.8159388307,-87.6554788685,POINT (-87.655478868506 41.81593883068)
a6bdbfe12eeed232330a6be702f0bccbc72e834962ea456eab9dc13dd1d11aac633b81e258a050067ee80cc3af81fc26184c40badfd80ade8aa172ac7984ca66,,07/28/2025 03:15:00 PM,30,NO CONTROLS,NO CONTROLS,CLEAR,DAYLIGHT,SIDESWIPE SAME DIRECTION,DIVIDED - W/MEDIAN BARRIER,,STRAIGHT AND LEVEL,WET,NO DEFECTS,ON SCENE,NO INJURY / DRIVE AWAY,,,Y,"OVER $1,500",07/28/2025 04:19:00 PM,UNABLE TO DETERMINE,UNABLE TO DETERMINE,430,N,OGDEN AVE,1215,,,,,,,2,NO INDICATION OF INJURY,0,0,0,0,0,2,0,15,2,7,41.8899791148,-87.6600818007,POINT (-87.660081800746 41.889979114753)
4b473c43cbfba89d573580d1580e53915a14ef06d3037cd8947ccf0beae7dd5a1735317f99cc8142cc70d7462bbcb71a3ab1eb5bc28db4ecc5a9ec22351d7f3f,,07/28/2025 03:06:00 PM,30,STOP SIGN/FLASHER,NO CONTROLS,CLEAR,DAYLIGHT,ANGLE,NOT DIVIDED,,STRAIGHT AND LEVEL,DRY,UNKNOWN,NOT ON SCENE (DESK REPORT),NO INJURY / DRIVE AWAY,Y,,Y,"OVER $1,500",07/28/2025 05:30:00 PM,UNABLE TO DETERMINE,NOT APPLICABLE,5500,W,WASHINGTON BLVD,1523,,,,,,,2,NO INDICATION OF INJURY,0,0,0,0,0,4,0,15,2,7,41.8823752068,-87.7633422885,POINT (-87.763342288503 41.882375206753)
a9e4519ac022b7394600c48a77e1256e1af6537eb243607a92446d5686ef34e8e4a574d9fafdaa7508a3cdaccd902e3af4983d419f95f9597043624f12ea05a7,,07/28/2025 03:00:00 PM,30,NO CONTROLS,NO CONTROLS,CLEAR,DAYLIGHT,SIDESWIPE SAME DIRECTION,DIVIDED - W/MEDIAN BARRIER,,STRAIGHT AND LEVEL,DRY,NO DEFECTS,ON SCENE,INJURY AND / OR TOW DUE TO CRASH,,,,$500 OR LESS,07/28/2025 03:02:00 PM,IMPROPER OVERTAKING/PASSING,FAILING TO REDUCE SPEED TO AVOID CRASH,3316,S,ASHLAND AVE,912,,,,,,,2,NO INDICATION OF INJURY,0,0,0,0,0,2,0,15,2,7,41.8336246442,-87.6657842477,POINT (-87.665784247713 41.833624644229)
f868394dd17381eebf4b2db1e584cd7fed24264046ef15813ccd128527204e0b9cb1adddc1b7d4c655a23cb6a3dc2d3fc849c73479161076559039aa050a6d03,,07/28/2025 03:00:00 PM,30,TRAFFIC SIGNAL,FUNCTIONING PROPERLY,CLEAR,DAYLIGHT,ANGLE,"FIVE POINT, OR MORE",,STRAIGHT AND LEVEL,DRY,UNKNOWN,ON SCENE,INJURY AND / OR TOW DUE TO CRASH,Y,,,"OVER $1,500",07/28/2025 03:00:00 PM,UNABLE TO DETERMINE,NOT APPLICABLE,7500,S,SOUTH CHICAGO AVE,624,,,,,,,2,NONINCAPACITATING INJURY,3,0,0,1,2,3,0,15,2,7,41.7586090061,-87.5957213605,POINT (-87.595721360538 41.758609006103)
be87999ae380f9c5941d0793907d738a1e5a7eba9d0a4be15037fbaf3b0df0dae0bc395d9156717a389ca6707a3f196f8d21171cd4a043923d51362b57d76769,,07/28/2025 02:59:00 PM,25,TRAFFIC SIGNAL,FUNCTIONING PROPERLY,CLEAR,DAYLIGHT,PARKED MOTOR VEHICLE,DIVIDED - W/MEDIAN (NOT RAISED),,STRAIGHT AND LEVEL,DRY,SHOULDER DEFECT,NOT ON SCENE (DESK REPORT),NO INJURY / DRIVE AWAY,,,,$500 OR LESS,07/28/2025 05:28:00 PM,IMPROPER BACKING,NOT APPLICABLE,35,E,LOWER WACKER PL,111,,,,,,,2,NO INDICATION OF INJURY,0,0,0,0,0,1,0,14,2,7,41.8866921128,-87.6266478455,POINT (-87.626647845513 41.886692112807)
33a57821c333d942cb5a5f0d11d35f8797a8b8027fda2d4dcd65ec0558541d246eefe939b86a87ac781714e451facd070df5b8507be66d9836d50ec7d2f49ed9,,07/28/2025 02:47:00 PM,30,NO CONTROLS,NO CONTROLS,CLEAR,DAYLIGHT,SIDESWIPE OPPOSITE DIRECTION,NOT DIVIDED,,STRAIGHT AND LEVEL,DRY,UNKNOWN,ON SCENE,NO INJURY / DRIVE AWAY,N,,,"OVER $1,500",07/28/2025 02:50:00 PM,IMPROPER LANE USAGE,IMPROPER LANE USAGE,5733,N,SHERIDAN RD,2022,,,,,,,2,NO INDICATION OF INJURY,0,0,0,0,0,2,0,14,2,7,41.9865369189,-87.6551381759,POINT (-87.655138175859 41.986536918913)
fba309f9a550bd796782add9a399658395ca0ecef8f86191250a9227fa9df3ef9113a74cbc8bf45be2f4c137c248cf38faf199c45dc4bbef3adec411d7188565,,07/28/2025 02:45:00 PM,30,NO CONTROLS,NO CONTROLS,CLEAR,DAYLIGHT,ANGLE,T-INTERSECTION,,STRAIGHT AND LEVEL,UNKNOWN,UNKNOWN,NOT ON SCENE (DESK REPORT),NO INJURY / DRIVE AWAY,,,,$500 OR LESS,07/28/2025 06:30:00 PM,UNABLE TO DETERMINE,UNABLE TO DETERMINE,1927,N,CICERO AVE,2533,,,,,,,2,NO INDICATION OF INJURY,0,0,0,0,0,2,0,14,2,7,41.9159364642,-87.7459160815,POINT (-87.745916081548 41.91593646422)
28e4be26f2a2754c078f6cbf70db3dcf2b4784829dc2dc390751a0be878f64b8b7f5c5ebbf26a96db0b6546996ee40b84f16e1f66d2b82a039541ef915711ebc,,07/28/2025 02:35:00 PM,30,TRAFFIC SIGNAL,FUNCTIONING PROPERLY,CLEAR,DAYLIGHT,PEDESTRIAN,UNKNOWN,,STRAIGHT ON HILLCREST,DRY,NO DEFECTS,ON SCENE,INJURY AND / OR TOW DUE TO CRASH,,,,"OVER $1,500",07/28/2025 02:37:00 PM,DISREGARDING ROAD MARKINGS,NOT APPLICABLE,4201,W,FULLERTON AVE,2522,,,,,,,3,INCAPACITATING INJURY,2,0,1,0,1,1,0,14,2,7,41.9243152887,-87.7317260159,POINT (-87.731726015949 41.924315288716)
191f34a30bb507b497a3f66756c180de63ee46ae3f33dea477fc1ef381b2a82c16821bf921c9da7699c48a3f3435621c7a35a2bbe7d7db829fbe5ba472687ad2,,07/28/2025 02:30:00 PM,30,NO CONTROLS,NO CONTROLS,CLEAR,DAYLIGHT,REAR END,NOT DIVIDED,,STRAIGHT AND LEVEL,DRY,NO DEFECTS,NOT ON SCENE (DESK REPORT),INJURY AND / OR TOW DUE TO CRASH,,,,"$501 - $1,500",07/29/2025 08:40:00 PM,FOLLOWING TOO CLOSELY,NOT APPLICABLE,6800,W,63RD ST,812,,,,,,,2,NONINCAPACITATING INJURY,1,0,0,1,0,1,0,14,2,7,41.7776366717,-87.7911467455,POINT (-87.791146745461 41.777636671673)
71b5517e32b963f5a360a541f0af03cf9ee415dd411a5b6f7552845c8a916711876b143b33c876af59509d511fa61c3b604447a360bd5e73f16e1e01fe72399c,,07/28/2025 02:30:00 PM,30,NO CONTROLS,NO CONTROLS,CLEAR,DAYLIGHT,SIDESWIPE SAME DIRECTION,NOT DIVIDED,,STRAIGHT AND LEVEL,DRY,NO DEFECTS,ON SCENE,NO INJURY / DRIVE AWAY,,,Y,"OVER $1,500",07/28/2025 02:45:00 PM,IMPROPER OVERTAKING/PASSING,UNABLE TO DETERMINE,3837,W,111TH ST,2211,,,,,,,2,NO INDICATION OF INJURY,0,0,0,0,0,2,0,14,2,7,41.6912070582,-87.7169870004,POINT (-87.716987000353 41.691207058204)
78e579e2a7a254471f505536930564a04f0908bbc3cddb747d02f8665af6b4a4ff892de87bf01875bb4c686221a175044a90d2362c0f3dafa8242644782685dd,,07/28/2025 02:30:00 PM,30,NO CONTROLS,NO CONTROLS,CLEAR,DAYLIGHT,REAR END,NOT DIVIDED,,STRAIGHT AND LEVEL,DRY,NO DEFECTS,NOT ON SCENE (DESK REPORT),NO INJURY / DRIVE AWAY,,,Y,"OVER $1,500",07/28/2025 04:10:00 PM,FAILING TO REDUCE SPEED TO AVOID CRASH,UNABLE TO DETERMINE,3800,S,WESTERN AVE,911,,,,,,,2,NO INDICATION OF INJURY,0,0,0,0,0,2,0,14,2,7,41.8247062928,-87.6850117056,POINT (-87.685011705627 41.824706292813)
613c1c043cbe32ee0e2616fd272ad9eaf3c9492fb08bf6d57ed15dd3ef2e78f3b3fe1db117c6d4628d7cbd6c3159dd66a4f482d042f4a2b555d5882ed9a80a43,,07/28/2025 02:20:00 PM,25,UNKNOWN,UNKNOWN,CLOUDY/OVERCAST,DAYLIGHT,ANGLE,ONE-WAY,,STRAIGHT AND LEVEL,UNKNOWN,UNKNOWN,NOT ON SCENE (DESK REPORT),NO INJURY / DRIVE AWAY,,,,"$501 - $1,500",07/28/2025 03:00:00 PM,IMPROPER OVERTAKING/PASSING,UNABLE TO DETERMINE,7434,N,OAKLEY AVE,2411,,,,,,,2,NO INDICATION OF INJURY,0,0,0,0,0,2,0,14,2,7,42.0166557432,-87.6876610438,POINT (-87.687661043835 42.016655743151)
00a519ec7b26298c60ce81154a6259caef20d9a614f80df5c2c3c9e6806af833fc8dc4e9da55dfaa765a9472109c22c86338480a29cae0c0089502a38d50d0b9,,07/28/2025 02:15:00 PM,30,STOP SIGN/FLASHER,FUNCTIONING PROPERLY,CLEAR,DAYLIGHT,PEDALCYCLIST,T-INTERSECTION,,STRAIGHT AND LEVEL,DRY,NO DEFECTS,ON SCENE,INJURY AND / OR TOW DUE TO CRASH,Y,,,$500 OR LESS,07/28/2025 02:34:00 PM,FAILING TO REDUCE SPEED TO AVOID CRASH,UNABLE TO DETERMINE,4100,N,CUMBERLAND AVE,1614,,,,,,,2,NONINCAPACITATING INJURY,1,0,0,1,0,1,0,14,2,7,41.9539663235,-87.8368385252,POINT (-87.836838525151 41.953966323507)