CRASH_RECORD_ID,CRASH_DATE_EST_I,CRASH_DATE,POSTED_SPEED_LIMIT,TRAFFIC_CONTROL_DEVICE,DEVICE_CONDITION,WEATHER_CONDITION,LIGHTING_CONDITION,FIRST_CRASH_TYPE,TRAFFICWAY_TYPE,LANE_CNT,ALIGNMENT,ROADWAY_SURFACE_COND,ROAD_DEFECT,REPORT_TYPE,CRASH_TYPE,INTERSECTION_RELATED_I,NOT_RIGHT_OF_WAY_I,HIT_AND_RUN_I,DAMAGE,DATE_POLICE_NOTIFIED,PRIM_CONTRIBUTORY_CAUSE,SEC_CONTRIBUTORY_CAUSE,STREET_NO,STREET_DIRECTION,STREET_NAME,BEAT_OF_OCCURRENCE,PHOTOS_TAKEN_I,STATEMENTS_TAKEN_I,DOORING_I,WORK_ZONE_I,WORK_ZONE_TYPE,WORKERS_PRESENT_I,NUM_UNITS,MOST_SEVERE_INJURY,INJURIES_TOTAL,INJURIES_FATAL,INJURIES_INCAPACITATING,INJURIES_NON_INCAPACITATING,INJURIES_REPORTED_NOT_EVIDENT,INJURIES_NO_INDICATION,INJURIES_UNKNOWN,CRASH_HOUR,CRASH_DAY_OF_WEEK,CRASH_MONTH,LATITUDE,LONGITUDE,LOCATION
cd0d198bd08bb29645b10d1251e36d94d93a7253009ef9a02a448c544b503850b59703147de7c4a62461271b92f75772397e3471b9b3f13b6a2c05cbe34e4112,,07/28/2025 02:15:00 PM,30,NO CONTROLS,NO CONTROLS,RAIN,DAYLIGHT,ANGLE,ONE-WAY,,STRAIGHT AND LEVEL,WET,NO DEFECTS,NOT ON SCENE (DESK REPORT),NO INJURY / DRIVE AWAY,,,Y,"OVER $1,500",07/28/2025 05:30:00 PM,FAILING TO YIELD RIGHT-OF-WAY,FAILING TO YIELD RIGHT-OF-WAY,214,E,68TH ST,322,,,,,,,2,NO INDICATION OF INJURY,0,0,0,0,0,2,0,14,2,7,41.771185892,-87.6196080093,POINT (-87.619608009315 41.771185892025)
544bc1cb7255afb65e8440a68ac38ce089c59f101f19a827734f453b747481264692cfa765448d1b15ac5251e2b535d4b56e354b45650d978d5af9bf640902e1,,07/28/2025 02:14:00 PM,30,NO CONTROLS,NO CONTROLS,CLEAR,DAYLIGHT,TURNING,CENTER TURN LANE,,STRAIGHT AND LEVEL,DRY,NO DEFECTS,ON SCENE,INJURY AND / OR TOW DUE TO CRASH,,,,"OVER $1,500",07/28/2025 03:20:00 PM,UNABLE TO DETERMINE,UNABLE TO DETERMINE,7010,S,PULASKI RD,833,,,,,,,2,NONINCAPACITATING INJURY,1,0,0,1,0,5,0,14,2,7,41.7655842196,-87.7225822862,POINT (-87.722582286207 41.76558421965)
e26becdb8000458102dbfd22b39715ff92fa9fe77727ac5c40cdb3f4bff5c3c67429054ae0719d3f86ab2748e8a259ab5e44ae1cfc47f93f9fa16c6aab91609d,,07/28/2025 02:12:00 PM,25,NO CONTROLS,NO CONTROLS,CLEAR,DAYLIGHT,SIDESWIPE SAME DIRECTION,NOT DIVIDED,,STRAIGHT AND LEVEL,DRY,NO DEFECTS,ON SCENE,NO INJURY / DRIVE AWAY,,,,"OVER $1,500",07/28/2025 02:15:00 PM,DRIVING SKILLS/KNOWLEDGE/EXPERIENCE,DRIVING SKILLS/KNOWLEDGE/EXPERIENCE,1623,W,DEVON AVE,2433,,,,,,,2,NO INDICATION OF INJURY,0,0,0,0,0,2,0,14,2,7,41.9979489426,-87.6716482876,POINT (-87.671648287626 41.997948942581)
a03a83c1c8323f1e7be68381d694ed96acf7b50588081f36284d2ee17629e9ad38630243ef0d066ad01cce0eafa36c7de6542d935459ea91034bebf7bc814682,Y,07/28/2025 02:07:00 PM,30,NO CONTROLS,NO CONTROLS,CLEAR,DAYLIGHT,PEDALCYCLIST,NOT DIVIDED,,STRAIGHT AND LEVEL,DRY,NO DEFECTS,ON SCENE,INJURY AND / OR TOW DUE TO CRASH,,,,"OVER $1,500",07/28/2025 02:08:00 PM,UNABLE TO DETERMINE,NOT APPLICABLE,2228,W,BELMONT AVE,1921,,,Y,,,,2,INCAPACITATING INJURY,1,0,1,0,0,0,0,14,2,7,41.939609467,-87.6843765126,POINT (-87.684376512555 41.939609466967)
043afc688f37a5e734fa4fdce23753c19e9dfbda5896cfcc02726a5d7c07c0a2291984dc237074b9312b77c83dd733c2f987a465c9973ac8030d87811e1bb671,,07/28/2025 02:00:00 PM,20,STOP SIGN/FLASHER,FUNCTIONING PROPERLY,CLEAR,DAYLIGHT,PEDALCYCLIST,ONE-WAY,,STRAIGHT AND LEVEL,DRY,UNKNOWN,NOT ON SCENE (DESK REPORT),NO INJURY / DRIVE AWAY,Y,,,$500 OR LESS,07/28/2025 05:15:00 PM,UNABLE TO DETERMINE,NOT APPLICABLE,4300,W,KAMERLING AVE,2534,,,,,,,2,NO INDICATION OF INJURY,0,0,0,0,0,2,0,14,2,7,41.9053736345,-87.7338841848,POINT (-87.733884184787 41.905373634506)
199c491ca4538c31f0d8fbdda3bd85628face4900b4907d1dc33ee2adc5c72e1002307e50f5cad0b9acb7a10875cb7ce37c71ecb977ef5f6d29bc6d49ce39436,Y,07/28/2025 02:00:00 PM,30,NO CONTROLS,NO CONTROLS,RAIN,DAYLIGHT,PARKED MOTOR VEHICLE,PARKING LOT,,STRAIGHT AND LEVEL,UNKNOWN,UNKNOWN,ON SCENE,NO INJURY / DRIVE AWAY,,,Y,"$501 - $1,500",07/29/2025 12:25:00 PM,UNABLE TO DETERMINE,UNABLE TO DETERMINE,2746,N,CLYBOURN AVE,1931,,,,,,,2,NO INDICATION OF INJURY,0,0,0,0,0,1,0,14,2,7,41.9310210058,-87.6768640181,POINT (-87.676864018134 41.931021005798)
3726c4b85ac9c5e06a658d5063afbd0836fa80826fab23cdbe71ebf0e80367d6f782cf825cece3cec5e56fba8cdb0d1b978a995a80ec8ebf52e066ff7e95d769,,07/28/2025 02:00:00 PM,30,NO CONTROLS,NO CONTROLS,CLEAR,DAYLIGHT,TURNING,NOT DIVIDED,,STRAIGHT AND LEVEL,DRY,UNKNOWN,ON SCENE,INJURY AND / OR TOW DUE TO CRASH,,,,"OVER $1,500",07/28/2025 02:10:00 PM,FAILING TO YIELD RIGHT-OF-WAY,NOT APPLICABLE,5500,W,ADDISON ST,1633,,,,,,,2,NONINCAPACITATING INJURY,2,0,0,2,0,1,0,14,2,7,41.9460170195,-87.7643622945,POINT (-87.764362294476 41.946017019504)
4ad7ccb0084f716d635ecd518457ec731a6e51f90391a5d76f3a4a8139339fe2f406983de6109785533f35ec3997b35326d1d345e640dae32b94ac0c5627ccad,,07/28/2025 02:00:00 PM,30,NO CONTROLS,NO CONTROLS,RAIN,DARKNESS,SIDESWIPE SAME DIRECTION,NOT DIVIDED,,STRAIGHT AND LEVEL,DRY,NO DEFECTS,NOT ON SCENE (DESK REPORT),NO INJURY / DRIVE AWAY,,,,"OVER $1,500",07/28/2025 03:25:00 PM,IMPROPER TURNING/NO SIGNAL,NOT APPLICABLE,235,W,VAN BUREN ST,122,,,,,,,2,NO INDICATION OF INJURY,0,0,0,0,0,2,0,14,2,7,41.8767221605,-87.6347104703,POINT (-87.634710470258 41.876722160511)
956ff08271db430afb1047f5bd7111a8e5449532fac1340eb7cc4f276c75125214ea96afc14e0627f12acc4754dc58ae918a0079b035193613acb76e1dd4112c,,07/28/2025 02:00:00 PM,30,TRAFFIC SIGNAL,FUNCTIONING PROPERLY,UNKNOWN,DAYLIGHT,REAR END,FOUR WAY,,STRAIGHT AND LEVEL,UNKNOWN,UNKNOWN,NOT ON SCENE (DESK REPORT),NO INJURY / DRIVE AWAY,N,,,"$501 - $1,500",07/28/2025 02:30:00 PM,FAILING TO REDUCE SPEED TO AVOID CRASH,NOT APPLICABLE,500,W,18TH ST,1235,,,,,,,2,NO INDICATION OF INJURY,0,0,0,0,0,2,0,14,2,7,41.8577744035,-87.6389903804,POINT (-87.638990380396 41.85777440349)
4ca8bdac5060447a60f276a22186199666a841f96b3a2dc1a6b8f66031ac56401fe043d25bbe8362ba8320ee99bc45e8215fac95b31b50deba271c67c7068724,,07/28/2025 01:57:00 PM,20,NO CONTROLS,NO CONTROLS,CLEAR,DAYLIGHT,PARKED MOTOR VEHICLE,ONE-WAY,,STRAIGHT AND LEVEL,UNKNOWN,UNKNOWN,NOT ON SCENE (DESK REPORT),INJURY AND / OR TOW DUE TO CRASH,,,,"OVER $1,500",07/28/2025 05:30:00 PM,IMPROPER TURNING/NO SIGNAL,DRIVING SKILLS/KNOWLEDGE/EXPERIENCE,1906,N,TRIPP AVE,2534,,,,,,,2,NO INDICATION OF INJURY,0,0,0,0,0,1,0,13,2,7,41.9155244693,-87.7327600642,POINT (-87.732760064245 41.915524469307)
381295fc73db57a97cf9beec3e78eace90553160b9230d454048010fc45703994bc3688d59a841dc75bf543aa9ac23f4166b0cd20cc0a59d60812c4b5a06363c,,07/28/2025 01:56:00 PM,30,TRAFFIC SIGNAL,FUNCTIONING PROPERLY,CLEAR,DAYLIGHT,TURNING,FOUR WAY,,STRAIGHT AND LEVEL,DRY,NO DEFECTS,,INJURY AND / OR TOW DUE TO CRASH,Y,,Y,"OVER $1,500",07/28/2025 02:00:00 PM,IMPROPER TURNING/NO SIGNAL,NOT APPLICABLE,131,S,LOWER WACKER DR,122,,,,,,,2,NO INDICATION OF INJURY,0,0,0,0,0,2,0,13,2,7,41.8798763607,-87.6365319983,POINT (-87.636531998261 41.87987636068)
6c47d93f04eb67b16402af9c35278e7ebd91f4a433cdb10e79dce3228227b448cb8d6c443a8d884d106cee8717441bfebf1abc4d5e4830521e89cd4a11b15a7e,,07/28/2025 01:53:00 PM,30,NO CONTROLS,UNKNOWN,UNKNOWN,DAYLIGHT,TURNING,PARKING LOT,,STRAIGHT AND LEVEL,UNKNOWN,UNKNOWN,NOT ON SCENE (DESK REPORT),INJURY AND / OR TOW DUE TO CRASH,,,,"OVER $1,500",07/29/2025 01:20:00 PM,UNABLE TO DETERMINE,NOT APPLICABLE,1144,S,WESTERN AVE,1135,,,,,,,2,NONINCAPACITATING INJURY,1,0,0,1,0,1,0,13,2,7,41.8670965522,-87.6861999993,POINT (-87.68619999926 41.867096552166)
3ce19d2b3008d6352757aa67ace4f6b26486cc9250431fff0b7c594f6ac82538bf59971d34eaa065b6e2df9ef83f8fbcdc4b05ea44a47a4c1cd5c522389a994b,,07/28/2025 01:50:00 PM,30,NO CONTROLS,NO CONTROLS,CLEAR,DAYLIGHT,REAR END,NOT DIVIDED,,STRAIGHT AND LEVEL,DRY,NO DEFECTS,NOT ON SCENE (DESK REPORT),NO INJURY / DRIVE AWAY,,,,"OVER $1,500",07/28/2025 02:20:00 PM,FOLLOWING TOO CLOSELY,FAILING TO REDUCE SPEED TO AVOID CRASH,2334,W,DEVON AVE,2412,,,,,,,2,NO INDICATION OF INJURY,0,0,0,0,0,2,0,13,2,7,41.9978576709,-87.6888113961,POINT (-87.688811396096 41.99785767095)
c3e94787af9b4524e1d3d7f933938ded00f2812ab7ecfd8555755cf4c691526ff0e4da3a536f0d460f3fbeae4ccc90f0af73f72d975bb38a757ba5b704e12761,,07/28/2025 01:50:00 PM,30,YIELD,FUNCTIONING PROPERLY,CLEAR,DAYLIGHT,REAR END,TRAFFIC ROUTE,,STRAIGHT AND LEVEL,DRY,NO DEFECTS,ON SCENE,INJURY AND / OR TOW DUE TO CRASH,Y,,,"OVER $1,500",07/28/2025 01:52:00 PM,FAILING TO REDUCE SPEED TO AVOID CRASH,NOT APPLICABLE,6259,N,WESTERN AVE,2413,,,,,,,2,NO INDICATION OF INJURY,0,0,0,0,0,2,0,13,2,7,41.9958231717,-87.6896734857,POINT (-87.689673485741 41.995823171744)
8db05ce2c3ea10e2d5cf29268900e64948d3b825f8dfebae06211b2ceedbf1bf8f5e3673516015b7bee2a122fd12a74387c1a29c4ad972259ffe12055bfef9e1,Y,07/28/2025 01:44:00 PM,30,NO CONTROLS,NO CONTROLS,CLEAR,DAYLIGHT,PARKED MOTOR VEHICLE,NOT DIVIDED,,STRAIGHT AND LEVEL,UNKNOWN,NO DEFECTS,NOT ON SCENE (DESK REPORT),NO INJURY / DRIVE AWAY,,,Y,"$501 - $1,500",08/01/2025 11:15:00 AM,UNABLE TO DETERMINE,NOT APPLICABLE,2831,S,PULASKI RD,1031,,,,,,,2,NO INDICATION OF INJURY,0,0,0,0,0,1,0,13,2,7,41.8396178176,-87.7242771171,POINT (-87.724277117061 41.839617817584)
44e8c8c60ae555015ea29de3ad61688f765f2ee328746aab36af4b1429ba12a91dde652769a2a837c3acc63519bde7c2cb68b6d1e00a0b8dce5f25bcc0f4ff4e,,07/28/2025 01:42:00 PM,30,NO CONTROLS,NO CONTROLS,RAIN,DAYLIGHT,FIXED OBJECT,DIVIDED - W/MEDIAN BARRIER,,STRAIGHT ON HILLCREST,WET,NO DEFECTS,ON SCENE,INJURY AND / OR TOW DUE TO CRASH,,,,$500 OR LESS,07/28/2025 01:45:00 PM,WEATHER,WEATHER,12006,S,HALSTED ST,524,,,,,,,1,NO INDICATION OF INJURY,0,0,0,0,0,1,0,13,2,7,41.6757385043,-87.6419854908,POINT (-87.641985490801 41.675738504296)
dde9a3931e245952ee182f245df33987813f156ea1b24185209aa1248a3ae37f5db5726ecc066e6a817cf4723e23088cf951171fa7bb5d7585d70de9a72ac562,,07/28/2025 01:40:00 PM,30,TRAFFIC SIGNAL,UNKNOWN,CLEAR,DAYLIGHT,REAR END,NOT DIVIDED,,STRAIGHT AND LEVEL,UNKNOWN,UNKNOWN,,INJURY AND / OR TOW DUE TO CRASH,,,,"OVER $1,500",07/28/2025 06:26:00 PM,FOLLOWING TOO CLOSELY,FOLLOWING TOO CLOSELY,47,W,83RD ST,622,,,,,,,2,NO INDICATION OF INJURY,0,0,0,0,0,2,0,13,2,7,41.7435154289,-87.6262729646,POINT (-87.626272964571 41.743515428878)
4ad1154bbf3239714bbd8ac69a40e8ade71ef9fe0a8e5eeda980986ec6fd59763cd5717dbf84beec62a2a58e8207fc4d0dbe0cff366f2b71764b1675bbd870ee,,07/28/2025 01:35:00 PM,30,NO CONTROLS,NO CONTROLS,CLEAR,DAYLIGHT,REAR END,NOT DIVIDED,,STRAIGHT AND LEVEL,DRY,NO DEFECTS,NOT ON SCENE (DESK REPORT),NO INJURY / DRIVE AWAY,,,,"OVER $1,500",07/28/2025 02:45:00 PM,FAILING TO REDUCE SPEED TO AVOID CRASH,UNABLE TO DETERMINE,4613,W,63RD ST,813,,,,,,,2,NO INDICATION OF INJURY,0,0,0,0,0,2,0,13,2,7,41.7783686343,-87.738014928,POINT (-87.738014928 41.778368634266)
508d71b83861faca9b3f6f36d4315f1dba29e90b8b5d37722d431beedecbb9c92ead01dbfb6cb6bbf0e10bd6b7a20cce52181f61f8cd96124d272e52b41afc6d,Y,07/28/2025 01:30:00 PM,20,NO CONTROLS,NO CONTROLS,CLEAR,DAYLIGHT,PARKED MOTOR VEHICLE,NOT DIVIDED,,STRAIGHT AND LEVEL,DRY,UNKNOWN,ON SCENE,INJURY AND / OR TOW DUE TO CRASH,,,Y,"OVER $1,500",07/28/2025 03:07:00 PM,UNABLE TO DETERMINE,UNABLE TO DETERMINE,1230,W,CHASE AVE,2423,,,,,,,2,NO INDICATION OF INJURY,0,0,0,0,0,1,0,13,2,7,42.0140659614,-87.663311344,POINT (-87.663311344043 42.014065961372)
d869478ceb44f180717077193271971a7c5242788b976f6419c5b21b7f79d742352914a1a7a54737a4841356438595e298e2065c1189b558864d5dbf6c8d4b66,,07/28/2025 01:30:00 PM,15,NO CONTROLS,NO CONTROLS,CLEAR,DAYLIGHT,SIDESWIPE SAME DIRECTION,PARKING LOT,,STRAIGHT AND LEVEL,UNKNOWN,UNKNOWN,NOT ON SCENE (DESK REPORT),NO INJURY / DRIVE AWAY,,Y,,$500 OR LESS,07/28/2025 02:15:00 PM,UNABLE TO DETERMINE,UNABLE TO DETERMINE,7530,S,STONY ISLAND AVE,411,,,,,,,2,NO INDICATION OF INJURY,0,0,0,0,0,2,0,13,2,7,41.7578056585,-87.586268258,POINT (-87.586268258019 41.757805658543)
4848a4a85cf8a140b4dd6b15920676e2beb1d6a8b452b60ef354c6210f32caa1f0288639ccd0b30808d09cce467eb085741018b7a4ca5cb6fd737c9585eb7bd1,,07/28/2025 01:26:00 PM,30,TRAFFIC SIGNAL,FUNCTIONING PROPERLY,CLEAR,DAYLIGHT,REAR END,NOT DIVIDED,,STRAIGHT AND LEVEL,DRY,NO DEFECTS,NOT ON SCENE (DESK REPORT),NO INJURY / DRIVE AWAY,,,,"$501 - $1,500",07/28/2025 01:53:00 PM,FOLLOWING TOO CLOSELY,NOT APPLICABLE,338,W,NORTH AVE,1814,,,,,,,2,NO INDICATION OF INJURY,0,0,0,0,0,2,0,13,2,7,41.9112304777,-87.6381710781,POINT (-87.638171078055 41.911230477716)
731481b25b311211d13554c6305a5a370a2fedd5a926201ae495a31909fdaa86b6ab0ca3274f2dd947b1bfd78c0404ca5b519b765cbcbf415e466b26e9dd5cf3,,07/28/2025 01:16:00 PM,30,TRAFFIC SIGNAL,UNKNOWN,CLEAR,DAYLIGHT,SIDESWIPE SAME DIRECTION,DIVIDED - W/MEDIAN (NOT RAISED),,STRAIGHT AND LEVEL,DRY,UNKNOWN,NOT ON SCENE (DESK REPORT),INJURY AND / OR TOW DUE TO CRASH,,,,"OVER $1,500",07/28/2025 02:30:00 PM,IMPROPER TURNING/NO SIGNAL,IMPROPER LANE USAGE,5,E,75TH ST,623,,,,,,,2,"REPORTED, NOT EVIDENT",2,0,0,0,2,0,0,13,2,7,41.7580776327,-87.6244968282,POINT (-87.624496828183 41.758077632739)
4d07959980abc9af587662a02b3def79067d342832fabca57082870178e2b31bc5c19178a5777248399216d0a5d9ffaa2d25a10c8d30a5985c2a137e1348c334,,07/28/2025 01:15:00 PM,30,NO CONTROLS,NO CONTROLS,CLEAR,DAYLIGHT,ANGLE,NOT DIVIDED,,STRAIGHT AND LEVEL,DRY,UNKNOWN,ON SCENE,INJURY AND / OR TOW DUE TO CRASH,,,Y,"OVER $1,500",07/28/2025 01:30:00 PM,UNABLE TO DETERMINE,UNABLE TO DETERMINE,3221,W,51ST ST,822,,,,,,,2,NONINCAPACITATING INJURY,1,0,0,1,0,2,0,13,2,7,41.8006978521,-87.7047410105,POINT (-87.704741010472 41.800697852118)
7ebddaee2fc09517aa229e5e044c9d688027e0fda3f4a1ebc68f06cdaee65cdcd94f714f3258509561145e9816b87821baeab73f3df1b07a0726d6d653aa16f0,,07/28/2025 01:15:00 PM,30,NO CONTROLS,NO CONTROLS,RAIN,DAYLIGHT,SIDESWIPE SAME DIRECTION,NOT DIVIDED,,STRAIGHT AND LEVEL,WET,NO DEFECTS,ON SCENE,NO INJURY / DRIVE AWAY,,,Y,"$501 - $1,500",07/28/2025 01:35:00 PM,UNABLE TO DETERMINE,NOT APPLICABLE,149,W,107TH ST,513,,,,,,,2,NO INDICATION OF INJURY,0,0,0,0,0,2,0,13,2,7,41.6997086208,-87.6276667165,POINT (-87.627666716513 41.699708620814)
774a31f3267ffdad96becd2b7452feead2f8cd0ffd097ccc545e234935f5219afaab33cc58d5ed0ad27243b724c5d8c54eb3a5c9a76884fee921642623a4616e,,07/28/2025 01:10:00 PM,30,NO CONTROLS,NO CONTROLS,CLEAR,DAYLIGHT,SIDESWIPE SAME DIRECTION,DIVIDED - W/MEDIAN (NOT RAISED),,STRAIGHT AND LEVEL,DRY,NO DEFECTS,NOT ON SCENE (DESK REPORT),NO INJURY / DRIVE AWAY,,,,"OVER $1,500",07/28/2025 01:30:00 PM,FAILING TO YIELD RIGHT-OF-WAY,NOT APPLICABLE,1120,N,MARSHFIELD AVE,1213,,,,,,,2,NO INDICATION OF INJURY,0,0,0,0,0,2,0,13,2,7,41.9029962595,-87.6688610907,POINT (-87.668861090662 41.902996259464)
c6f6e9582d549b27342c231e30c403d6c49e6f2b740029a47765af19206fddab1e5a941f8280fe0196a7c16991e5adb68625b02a9456dd6afd3ed56948530298,,07/28/2025 01:10:00 PM,15,NO CONTROLS,NO CONTROLS,CLEAR,DAYLIGHT,ANGLE,PARKING LOT,,STRAIGHT AND LEVEL,DRY,NO DEFECTS,NOT ON SCENE (DESK REPORT),NO INJURY / DRIVE AWAY,,,,"OVER $1,500",07/28/2025 01:40:00 PM,FAILING TO YIELD RIGHT-OF-WAY,NOT APPLICABLE,4467,W,LAWRENCE AVE,1722,,,,,,,2,NO INDICATION OF INJURY,0,0,0,0,0,2,0,13,2,7,41.9679951275,-87.740559971,POINT (-87.740559970982 41.967995127472)
d23e63bea2cc22b994aa89d5817f93236fc3387e44226597fb13de47162943625df163bbec5cca3860a891aebe94cdba5533b354a19b02d7699935ad4c968414,,07/28/2025 01:08:00 PM,30,STOP SIGN/FLASHER,FUNCTIONING PROPERLY,CLEAR,DAYLIGHT,TURNING,T-INTERSECTION,,STRAIGHT AND LEVEL,DRY,NO DEFECTS,ON SCENE,NO INJURY / DRIVE AWAY,Y,,,"OVER $1,500",07/28/2025 01:09:00 PM,FAILING TO YIELD RIGHT-OF-WAY,UNABLE TO DETERMINE,1900,N,WESTERN AVE,1434,,,,,,,2,NO INDICATION OF INJURY,0,0,0,0,0,2,0,13,2,7,41.9158042972,-87.687511897,POINT (-87.687511897001 41.915804297176)
93547b986b60a39328ea73a38359a63de7bb7e8cbc6ea2834a1284497446c77734314583fd912c83761bf9088dd0080c63ee6cc90ef4dda711b3f6b3df5b922f,,07/28/2025 01:05:00 PM,30,TRAFFIC SIGNAL,FUNCTIONING PROPERLY,CLOUDY/OVERCAST,DAYLIGHT,REAR END,ONE-WAY,,STRAIGHT AND LEVEL,WET,NO DEFECTS,NOT ON SCENE (DESK REPORT),NO INJURY / DRIVE AWAY,Y,,,"OVER $1,500",07/28/2025 01:25:00 PM,UNABLE TO DETERMINE,UNABLE TO DETERMINE,8300,S,LAFAYETTE AVE,622,,,,,,,2,NO INDICATION OF INJURY,0,0,0,0,0,3,0,13,2,7,41.743541848,-87.6257732415,POINT (-87.625773241467 41.743541847975)
b52ac1cd1d5de4cfaeb9a244e94dcfcde5894b99bcbf0283d2392ce79a1a3380ad2101d6c28e8251f8628eb4f93ca64e2d18309122bc7e0ebbe292eba2417d7e,,07/28/2025 01:03:00 PM,30,TRAFFIC SIGNAL,FUNCTIONING PROPERLY,RAIN,DAYLIGHT,SIDESWIPE SAME DIRECTION,FOUR WAY,,STRAIGHT AND LEVEL,WET,UNKNOWN,NOT ON SCENE (DESK REPORT),INJURY AND / OR TOW DUE TO CRASH,Y,,,"OVER $1,500",07/28/2025 03:30:00 PM,FAILING TO YIELD RIGHT-OF-WAY,NOT APPLICABLE,7100,S,JEFFERY BLVD,333,,,,,,,2,NO INDICATION OF INJURY,0,0,0,0,0,2,0,13,2,7,41.7660277795,-87.5764431228,POINT (-87.576443122779 41.766027779516)
0e6f63615d72046b2452c1254a9351222dac10eb66c7e335c50c8ac2b5510a2aa8607b2e5285e39c1e4482e9701b2866c02782361910f24d4006735b4c3938ec,,07/28/2025 01:00:00 PM,30,NO CONTROLS,NO CONTROLS,CLEAR,DAYLIGHT,SIDESWIPE SAME DIRECTION,DIVIDED - W/MEDIAN (NOT RAISED),,STRAIGHT AND LEVEL,DRY,NO DEFECTS,NOT ON SCENE (DESK REPORT),NO INJURY / DRIVE AWAY,,,Y,"$501 - $1,500",07/28/2025 05:00:00 PM,IMPROPER OVERTAKING/PASSING,IMPROPER OVERTAKING/PASSING,4399,S,PULASKI RD,821,,,,,,,2,NO INDICATION OF INJURY,0,0,0,0,0,2,0,13,2,7,41.8134606494,-87.7236489272,POINT (-87.723648927228 41.813460649358)
6a8f3796d1cf9f09162af3bb6c734bf8cca605df88f602fc2dbbd407b331c8986475cf3374bf4bd2afb1ed9b28fbe5218e3765d55046826e455f92708edd7ef5,,07/28/2025 01:00:00 PM,30,NO CONTROLS,NO CONTROLS,CLEAR,DAYLIGHT,SIDESWIPE SAME DIRECTION,NOT DIVIDED,,STRAIGHT AND LEVEL,DRY,UNKNOWN,,NO INJURY / DRIVE AWAY,,,,"OVER $1,500",07/28/2025 02:40:00 PM,UNABLE TO DETERMINE,NOT APPLICABLE,3145,N,NARRAGANSETT AVE,2511,,,,,,,2,NO INDICATION OF INJURY,0,0,0,0,0,4,0,13,2,7,41.9378686255,-87.7857755826,POINT (-87.785775582606 41.937868625489)
e9d087cd91ba2f6a8fa95f0905e53ea46c0a9a7d0c142a50215c27e990977cb0fdcb6daea3abe9c40981aa790d4c9e3ab1a0cfb61292ae1bff28b01be5aa8eab,,07/28/2025 12:54:00 PM,15,NO CONTROLS,NO CONTROLS,RAIN,DAYLIGHT,ANGLE,PARKING LOT,,STRAIGHT AND LEVEL,WET,NO DEFECTS,ON SCENE,NO INJURY / DRIVE AWAY,,Y,,"OVER $1,500",07/28/2025 12:55:00 PM,WEATHER,NOT APPLICABLE,3950,S,HONORE ST,924,,,,,,,2,NO INDICATION OF INJURY,0,0,0,0,0,2,0,12,2,7,41.8221911157,-87.6717293979,POINT (-87.671729397927 41.822191115743)
bcaee58278a3b8659a55fa83e201f8b65cad52736ddf02e3027f8731748ad4faa96b1b7a067bfc3508bba931cd2947696db3fe20842abf4a53a79595c47be50a,,07/28/2025 12:52:00 PM,35,STOP SIGN/FLASHER,FUNCTIONING PROPERLY,CLEAR,DAYLIGHT,TURNING,FOUR WAY,,STRAIGHT AND LEVEL,UNKNOWN,UNKNOWN,,INJURY AND / OR TOW DUE TO CRASH,Y,,,"$501 - $1,500",07/28/2025 01:50:00 PM,NOT APPLICABLE,NOT APPLICABLE,3121,E,79TH ST,422,,,,,,,2,NONINCAPACITATING INJURY,1,0,0,1,0,3,0,12,2,7,41.7518625045,-87.5483978916,POINT (-87.548397891556 41.751862504496)
d5dd1c1c4408a6d70e1b8b91d9ad3564c4d87590f933b594bf7e75e999c9b988092ea4c01bc2d52de0b4326054b99be32c16c0fa49fa901535c92fd807d92ecb,,07/28/2025 12:52:00 PM,30,TRAFFIC SIGNAL,FUNCTIONING PROPERLY,CLEAR,DAYLIGHT,REAR END,FOUR WAY,,STRAIGHT AND LEVEL,WET,NO DEFECTS,ON SCENE,INJURY AND / OR TOW DUE TO CRASH,Y,,,"OVER $1,500",07/28/2025 12:57:00 PM,FOLLOWING TOO CLOSELY,NOT APPLICABLE,958,N,HAMLIN AVE,1112,,,,,,,2,"REPORTED, NOT EVIDENT",3,0,0,0,3,2,0,12,2,7,41.8989680226,-87.7214548564,POINT (-87.721454856351 41.898968022638)
38d13012803a1c3e1612ea27fec1c3a8de5edaf8f88c5fc05cdb916eff5223dcaf425ed3a9ceed8203ad01e66fcb59d0795e98ce50579c2c7f1464553fff2f60,,07/28/2025 12:45:00 PM,40,NO CONTROLS,NO CONTROLS,CLEAR,DAYLIGHT,FIXED OBJECT,NOT DIVIDED,,STRAIGHT AND LEVEL,DRY,NO DEFECTS,ON SCENE,INJURY AND / OR TOW DUE TO CRASH,,,,"OVER $1,500",07/28/2025 12:48:00 PM,UNABLE TO DETERMINE,NOT APPLICABLE,6429,N,CALDWELL AVE,1621,,,,,,,1,NO INDICATION OF INJURY,0,0,0,0,0,2,0,12,2,7,41.9979451218,-87.7678147377,POINT (-87.767814737651 41.997945121822)
3f12395a54b6225f2c65bde262275b4cb99a40bce3850b3601cc8e28165574b2f3849b5d886fcb02b68aed6a9fb7f760a9642f2b26ce0ce9c542fbd13cc185f1,,07/28/2025 12:45:00 PM,30,UNKNOWN,UNKNOWN,CLEAR,DAYLIGHT,REAR END,NOT DIVIDED,,STRAIGHT AND LEVEL,UNKNOWN,UNKNOWN,NOT ON SCENE (DESK REPORT),NO INJURY / DRIVE AWAY,,,,"OVER $1,500",07/28/2025 01:00:00 PM,UNABLE TO DETERMINE,UNABLE TO DETERMINE,4800,W,PETERSON AVE,1621,,,,,,,2,NO INDICATION OF INJURY,0,0,0,0,0,2,0,12,2,7,41.9900080073,-87.7483769512,POINT (-87.74837695119 41.990008007299)