CRASH_RECORD_ID,CRASH_DATE_EST_I,CRASH_DATE,POSTED_SPEED_LIMIT,TRAFFIC_CONTROL_DEVICE,DEVICE_CONDITION,WEATHER_CONDITION,LIGHTING_CONDITION,FIRST_CRASH_TYPE,TRAFFICWAY_TYPE,LANE_CNT,ALIGNMENT,ROADWAY_SURFACE_COND,ROAD_DEFECT,REPORT_TYPE,CRASH_TYPE,INTERSECTION_RELATED_I,NOT_RIGHT_OF_WAY_I,HIT_AND_RUN_I,DAMAGE,DATE_POLICE_NOTIFIED,PRIM_CONTRIBUTORY_CAUSE,SEC_CONTRIBUTORY_CAUSE,STREET_NO,STREET_DIRECTION,STREET_NAME,BEAT_OF_OCCURRENCE,PHOTOS_TAKEN_I,STATEMENTS_TAKEN_I,DOORING_I,WORK_ZONE_I,WORK_ZONE_TYPE,WORKERS_PRESENT_I,NUM_UNITS,MOST_SEVERE_INJURY,INJURIES_TOTAL,INJURIES_FATAL,INJURIES_INCAPACITATING,INJURIES_NON_INCAPACITATING,INJURIES_REPORTED_NOT_EVIDENT,INJURIES_NO_INDICATION,INJURIES_UNKNOWN,CRASH_HOUR,CRASH_DAY_OF_WEEK,CRASH_MONTH,LATITUDE,LONGITUDE,LOCATION
9c2f30c92133d30860a0adc1252971084e1ed62bb1bfb6f5951a03943006e37cb05c09879b2c2b5aa75d9fc141883bd69f750d6a87c5f5b9e5f0c41328eea3f1,,07/28/2025 12:45:00 PM,30,TRAFFIC SIGNAL,UNKNOWN,CLEAR,DAYLIGHT,REAR END,DIVIDED - W/MEDIAN (NOT RAISED),,STRAIGHT AND LEVEL,DRY,UNKNOWN,NOT ON SCENE (DESK REPORT),NO INJURY / DRIVE AWAY,N,,,"OVER $1,500",07/28/2025 03:00:00 PM,UNABLE TO DETERMINE,DRIVING SKILLS/KNOWLEDGE/EXPERIENCE,1957,N,OAK PARK AVE,2513,,,,,,,2,NO INDICATION OF INJURY,0,0,0,0,0,3,0,12,2,7,41.9161626542,-87.794861228,POINT (-87.794861228002 41.916162654208)
a7b2cf7ed7a6a9ad4a2392cdca8917cc66f9d3910bc672bb0807ddf0723cb35113492cf2fad9863b50a9a72d28636628fcb3e383a299532099f016b9e08ba621,,07/28/2025 12:45:00 PM,30,NO CONTROLS,NO CONTROLS,RAIN,DAYLIGHT,OTHER NONCOLLISION,NOT DIVIDED,,STRAIGHT AND LEVEL,WET,NO DEFECTS,ON SCENE,NO INJURY / DRIVE AWAY,,,,$500 OR LESS,07/28/2025 12:48:00 PM,WEATHER,UNABLE TO DETERMINE,4230,W,BERTEAU AVE,1722,,,,,,,1,NO INDICATION OF INJURY,0,0,0,0,0,1,0,12,2,7,41.9573376774,-87.7340043478,POINT (-87.734004347843 41.957337677396)
f3fd299a08511f5315f72fd48bc5ef35890569136b13d559a63d85e63557bb57a3921cd8fe77fd0d31f0bc78473c9a79448647dd2adf8fffda86dc26a0b68936,,07/28/2025 12:45:00 PM,30,NO CONTROLS,NO CONTROLS,CLEAR,DAYLIGHT,ANGLE,NOT DIVIDED,,STRAIGHT AND LEVEL,DRY,UNKNOWN,NOT ON SCENE (DESK REPORT),NO INJURY / DRIVE AWAY,,,,"OVER $1,500",07/29/2025 03:34:00 PM,FAILING TO YIELD RIGHT-OF-WAY,NOT APPLICABLE,7814,S,ESSEX AVE,421,,,,,,,2,NO INDICATION OF INJURY,0,0,0,0,0,2,0,12,2,7,41.7530913086,-87.5639778687,POINT (-87.563977868654 41.753091308574)
326ef4445883e62b33ed549577c2038c29f9174383d1d7cb972869ec8e4dbb3a77e9397f9e57362e39d4367cdda5a37cab7eb60287ec5ba8846723190e15c062,,07/28/2025 12:40:00 PM,30,NO CONTROLS,NO CONTROLS,RAIN,DAYLIGHT,PARKED MOTOR VEHICLE,NOT DIVIDED,,STRAIGHT AND LEVEL,WET,OTHER,ON SCENE,NO INJURY / DRIVE AWAY,,,,"OVER $1,500",07/28/2025 12:49:00 PM,UNABLE TO DETERMINE,WEATHER,411,W,31ST ST,915,,,,,,,2,NO INDICATION OF INJURY,0,0,0,0,0,1,0,12,2,7,41.8380599987,-87.6366595871,POINT (-87.636659587107 41.838059998695)
1ab4e504cb7d273d33b4c380ec69c493bfcaca4bf1204979477feab0bf5a1721166ddabcaa2b28558be1d37a85fdddfa6f35220ddf9e7e20a0d33379dea17299,,07/28/2025 12:30:00 PM,30,NO CONTROLS,NO CONTROLS,RAIN,DAYLIGHT,PARKED MOTOR VEHICLE,DIVIDED - W/MEDIAN (NOT RAISED),,STRAIGHT AND LEVEL,WET,NO DEFECTS,NOT ON SCENE (DESK REPORT),NO INJURY / DRIVE AWAY,,,Y,"OVER $1,500",07/28/2025 07:30:00 PM,UNABLE TO DETERMINE,UNABLE TO DETERMINE,2811,S,HILLOCK AVE,913,,,,,,,2,NO INDICATION OF INJURY,0,0,0,0,0,1,0,12,2,7,41.8435465293,-87.6597317441,POINT (-87.659731744127 41.843546529321)
9e431e4b029cd9fd43624dd29cba150bd0f5e1e8c792024203b42b41c4844e324cab6ee957ba0323fe5f625b4c54230cff81ab4535e241f2a9303da9dbb51e11,,07/28/2025 12:19:00 PM,30,NO CONTROLS,NO CONTROLS,CLEAR,DAYLIGHT,SIDESWIPE SAME DIRECTION,ONE-WAY,,STRAIGHT AND LEVEL,WET,NO DEFECTS,ON SCENE,INJURY AND / OR TOW DUE TO CRASH,,,,"OVER $1,500",07/28/2025 12:40:00 PM,IMPROPER OVERTAKING/PASSING,"VISION OBSCURED (SIGNS, TREE LIMBS, BUILDINGS, ETC.)",1927,W,FOSTER AVE,2032,,,,,,,2,NO INDICATION OF INJURY,0,0,0,0,0,2,0,12,2,7,41.9759485339,-87.6775585311,POINT (-87.677558531073 41.975948533914)
c99d0a7864bffd93ee7d5defbff9ea52b41ade06698b2e9dede246b2a89033dc60f5604522e1aabd24774586e80355c755fe9a8ab04add4b629dfdd412905e46,,07/28/2025 12:15:00 PM,35,STOP SIGN/FLASHER,FUNCTIONING PROPERLY,CLEAR,DAYLIGHT,ANGLE,DIVIDED - W/MEDIAN (NOT RAISED),,STRAIGHT AND LEVEL,DRY,NO DEFECTS,ON SCENE,INJURY AND / OR TOW DUE TO CRASH,Y,,,"OVER $1,500",07/28/2025 12:30:00 PM,"VISION OBSCURED (SIGNS, TREE LIMBS, BUILDINGS, ETC.)",FAILING TO YIELD RIGHT-OF-WAY,6001,N,TALMAN AVE,2413,,,,,,,2,NO INDICATION OF INJURY,0,0,0,0,0,2,0,12,2,7,41.9905540765,-87.695605409,POINT (-87.695605409002 41.990554076507)
d53e14a767a3bbaac16350018805ef7a0fb2172992e7d0fcae1d192cf03d7cf1a2fe07601ee694087f300e191f48fe372987f2220a6921f88875d45bc619fab0,,07/28/2025 12:15:00 PM,30,NO CONTROLS,NO CONTROLS,CLEAR,DAYLIGHT,SIDESWIPE SAME DIRECTION,NOT DIVIDED,,STRAIGHT AND LEVEL,DRY,NO DEFECTS,NOT ON SCENE (DESK REPORT),NO INJURY / DRIVE AWAY,,,,"OVER $1,500",07/28/2025 01:55:00 PM,IMPROPER LANE USAGE,UNABLE TO DETERMINE,1752,W,GRAND AVE,1215,,,,,,,2,NO INDICATION OF INJURY,0,0,0,0,0,3,0,12,2,7,41.8910187394,-87.6717120098,POINT (-87.671712009835 41.891018739351)
219f3182cdf6056ac0ce8d4c32297dbafc20ef097ebf90e93101aabbc60b682e713ba2bdc8299e84d9e72556480f079db31b4c27c8273efe57e78affe3f7f6ba,,07/28/2025 12:14:00 PM,30,STOP SIGN/FLASHER,FUNCTIONING PROPERLY,CLEAR,DAYLIGHT,SIDESWIPE SAME DIRECTION,NOT DIVIDED,,STRAIGHT AND LEVEL,DRY,NO DEFECTS,NOT ON SCENE (DESK REPORT),NO INJURY / DRIVE AWAY,,,Y,$500 OR LESS,07/28/2025 11:20:00 PM,UNABLE TO DETERMINE,NOT APPLICABLE,654,W,IRVING PARK RD,1915,,,,,,,2,NO INDICATION OF INJURY,0,0,0,0,0,2,0,12,2,7,41.9547182706,-87.6469643469,POINT (-87.646964346939 41.954718270615)
5fd27826cb8bfc713cf10472b45da9583b1aa96bfe8e9870bbd9b9fe3cf0630fddf5b2b7707f747cb66e69a11b4dd140d614b6d2aef899b0445280bcb36f9751,,07/28/2025 12:08:00 PM,30,NO CONTROLS,NO CONTROLS,CLEAR,DAYLIGHT,PARKED MOTOR VEHICLE,NOT DIVIDED,,STRAIGHT AND LEVEL,DRY,NO DEFECTS,NOT ON SCENE (DESK REPORT),NO INJURY / DRIVE AWAY,,,,"OVER $1,500",07/28/2025 02:20:00 PM,UNABLE TO DETERMINE,NOT APPLICABLE,2323,N,COMMONWEALTH AVE,1814,,,,,,,2,NO INDICATION OF INJURY,0,0,0,0,0,1,0,12,2,7,41.9245131194,-87.6379290049,POINT (-87.637929004937 41.924513119398)
b222aab2d0748ca4fa274ba5b9cd1bbed586159fccaafbf82e1044e350d5809cc20d509159179b866bf69da92ada3e259c14faf0519db4f39a0188cad5147fec,,07/28/2025 12:05:00 PM,30,TRAFFIC SIGNAL,FUNCTIONING PROPERLY,CLEAR,DAYLIGHT,TURNING,FOUR WAY,,STRAIGHT AND LEVEL,DRY,NO DEFECTS,NOT ON SCENE (DESK REPORT),NO INJURY / DRIVE AWAY,Y,,,"OVER $1,500",07/28/2025 12:30:00 PM,FAILING TO YIELD RIGHT-OF-WAY,NOT APPLICABLE,7000,N,CLARK ST,2424,,,,,,,2,NO INDICATION OF INJURY,0,0,0,0,0,2,0,12,2,7,42.0090349109,-87.6741221605,POINT (-87.674122160514 42.009034910919)
16d04c92ce6312b6250a7717a511ab98bd4013317de614fc1164b889be71f0722ca9bbfbe51ab6e4979557f9378e1a6f93fbc1fe9fd1cb91dda71a8ab037d88f,Y,07/28/2025 12:00:00 PM,20,NO CONTROLS,NO CONTROLS,UNKNOWN,UNKNOWN,PARKED MOTOR VEHICLE,UNKNOWN,,STRAIGHT AND LEVEL,UNKNOWN,NO DEFECTS,NOT ON SCENE (DESK REPORT),NO INJURY / DRIVE AWAY,,,Y,"OVER $1,500",07/29/2025 02:50:00 PM,UNABLE TO DETERMINE,UNABLE TO DETERMINE,1639,W,78TH ST,611,,,,,,,2,NO INDICATION OF INJURY,0,0,0,0,0,1,0,12,2,7,41.7520456088,-87.6650053788,POINT (-87.665005378848 41.752045608831)
4857f847e28c13dd44e68818e90a3a2c0cdd18be27f2ba3967e4e4490d572cf6e791a136b68f9b349b43560481540092536b6cf99521be697f62030367d9c03d,,07/28/2025 12:00:00 PM,30,TRAFFIC SIGNAL,FUNCTIONING PROPERLY,UNKNOWN,UNKNOWN,REAR END,DIVIDED - W/MEDIAN (NOT RAISED),,STRAIGHT AND LEVEL,UNKNOWN,UNKNOWN,,NO INJURY / DRIVE AWAY,Y,,,"OVER $1,500",07/28/2025 01:12:00 PM,FOLLOWING TOO CLOSELY,FOLLOWING TOO CLOSELY,1217,S,DAMEN AVE,1233,,,,,,,2,NO INDICATION OF INJURY,0,0,0,0,0,3,0,12,2,7,41.8660547894,-87.6760822152,POINT (-87.676082215172 41.86605478939)
4aafce41141f57a908267001f8b529aa46567f9d3c1306d0b8d1643b9982d0ee7df553004b30514a905a404deced51ee6240dc6c668cda997769db5d397ca7fa,Y,07/28/2025 12:00:00 PM,30,NO CONTROLS,NO CONTROLS,RAIN,DAYLIGHT,REAR END,NOT DIVIDED,,STRAIGHT AND LEVEL,WET,UNKNOWN,ON SCENE,NO INJURY / DRIVE AWAY,,,,"OVER $1,500",07/28/2025 12:12:00 PM,FOLLOWING TOO CLOSELY,UNABLE TO DETERMINE,6852,N,CENTRAL AVE,1621,Y,Y,,,,,2,NO INDICATION OF INJURY,0,0,0,0,0,3,0,12,2,7,42.0062413657,-87.7618934796,POINT (-87.761893479637 42.006241365684)
ba69b496141dfb6cac3a98e0d1cb78547d6da0605aa19f7d1cc2cfd1a001349323ccd059feab81d991ab9a1143730a8e954ce99d8eba52a3f368208726f75e45,,07/28/2025 12:00:00 PM,15,NO CONTROLS,NO CONTROLS,CLEAR,DAYLIGHT,SIDESWIPE SAME DIRECTION,PARKING LOT,,STRAIGHT AND LEVEL,UNKNOWN,UNKNOWN,NOT ON SCENE (DESK REPORT),NO INJURY / DRIVE AWAY,,,,"OVER $1,500",08/03/2025 10:20:00 AM,FAILING TO YIELD RIGHT-OF-WAY,UNABLE TO DETERMINE,1969,W,OGDEN AVE,1231,,,,,,,2,NO INDICATION OF INJURY,0,0,0,0,0,2,0,12,2,7,41.8732169991,-87.6756751765,POINT (-87.67567517654 41.873216999115)
b3eaeed1405281e22e91cf4a4748961e35c70b2f8e2d67c4168e0e9bee4f6c3db1abeb6116f677754e52e9c5c51120a5b9c0a562b562d80059e30fa21ed6e595,,07/28/2025 11:55:00 AM,15,NO CONTROLS,NO CONTROLS,RAIN,DAYLIGHT,REAR TO SIDE,PARKING LOT,,STRAIGHT AND LEVEL,UNKNOWN,UNKNOWN,NOT ON SCENE (DESK REPORT),NO INJURY / DRIVE AWAY,,,,$500 OR LESS,07/28/2025 12:37:00 PM,IMPROPER BACKING,UNABLE TO DETERMINE,4851,N,KEDZIE AVE,1713,,,,,,,2,NO INDICATION OF INJURY,0,0,0,0,0,3,0,11,2,7,41.9699575396,-87.7083728782,POINT (-87.708372878221 41.969957539645)
96b97c0bc5d25a3d3ce11d8897578af9cb7a2ae679d7e55d8739dec3e562dd357fdb851f95d6429747d62bf9a70be5bcfa4e1d407ea259186d2bd5b91837d420,,07/28/2025 11:50:00 AM,30,TRAFFIC SIGNAL,FUNCTIONING PROPERLY,CLEAR,DAYLIGHT,REAR END,NOT DIVIDED,,STRAIGHT AND LEVEL,DRY,NO DEFECTS,ON SCENE,INJURY AND / OR TOW DUE TO CRASH,,,,"OVER $1,500",07/28/2025 11:51:00 AM,FOLLOWING TOO CLOSELY,EQUIPMENT - VEHICLE CONDITION,4900,N,CENTRAL AVE,1622,,,,,,,3,NONINCAPACITATING INJURY,1,0,0,1,0,2,0,11,2,7,41.9696333459,-87.7676849348,POINT (-87.767684934849 41.969633345913)
953649a12d7ceb8e755d6b07f8af7287c2e9d11fce856745955524cba0cd6a686f3e4f6c93d8db1dd6158cf86a6c1839a92997f05deb53430f73bfaabd203aff,,07/28/2025 11:46:00 AM,30,STOP SIGN/FLASHER,FUNCTIONING PROPERLY,CLEAR,DAYLIGHT,ANGLE,FOUR WAY,,STRAIGHT AND LEVEL,DRY,NO DEFECTS,,INJURY AND / OR TOW DUE TO CRASH,,,,"OVER $1,500",07/28/2025 11:48:00 AM,FAILING TO YIELD RIGHT-OF-WAY,NOT APPLICABLE,1099,E,MARQUETTE RD,321,,,,,,,2,NONINCAPACITATING INJURY,2,0,0,1,1,2,0,11,2,7,41.7749273867,-87.5985683511,POINT (-87.598568351056 41.774927386717)
0b2e44d4087f35ae6ed7b86b2589093e22b153ff6c0f85c6edc256c9e7640ab62385e3126567f8e75dcbf5ad598fe843f4e12e5a0ecbba9c6994dabdadf2c266,,07/28/2025 11:45:00 AM,15,NO CONTROLS,NO CONTROLS,CLEAR,DAYLIGHT,PARKED MOTOR VEHICLE,OTHER,,STRAIGHT AND LEVEL,DRY,NO DEFECTS,ON SCENE,NO INJURY / DRIVE AWAY,,,,$500 OR LESS,07/28/2025 12:00:00 PM,IMPROPER TURNING/NO SIGNAL,UNABLE TO DETERMINE,800,N,KEDZIE AVE,1121,,,,,,,2,NO INDICATION OF INJURY,0,0,0,0,0,1,0,11,2,7,41.8956153135,-87.7067053251,POINT (-87.706705325106 41.895615313545)
e04a9bebf4a038fceb5f3e3bcd747f8ff42c78d483a1c5912d61e76e36f8445bd3d7e87db9b7f6915d8376d3d52bdce1c5e488e630d1113b68241f7fa030d705,,07/28/2025 11:45:00 AM,30,NO CONTROLS,NO CONTROLS,CLEAR,DAYLIGHT,PARKED MOTOR VEHICLE,NOT DIVIDED,,STRAIGHT AND LEVEL,DRY,NO DEFECTS,ON SCENE,NO INJURY / DRIVE AWAY,,,,"OVER $1,500",07/28/2025 11:48:00 AM,UNABLE TO DETERMINE,UNABLE TO DETERMINE,1256,W,BRYN MAWR AVE,2013,Y,,,,,,2,NO INDICATION OF INJURY,0,0,0,0,0,1,0,11,2,7,41.9836999121,-87.6622212788,POINT (-87.662221278757 41.98369991207)
9e9c9e2e02066ced0a5416b984a55271b0574d234a6fa27dc55fa8314a7774967da4b9d36b41e7c19ca155ab41376ca578d20a8f30fbf65acd00779d4ce2140f,,07/28/2025 11:40:00 AM,30,NO CONTROLS,NO CONTROLS,CLEAR,DAYLIGHT,PARKED MOTOR VEHICLE,PARKING LOT,,STRAIGHT AND LEVEL,DRY,NO DEFECTS,NOT ON SCENE (DESK REPORT),NO INJURY / DRIVE AWAY,,Y,Y,"OVER $1,500",07/28/2025 12:10:00 PM,IMPROPER BACKING,FAILING TO YIELD RIGHT-OF-WAY,500,W,ROOSEVELT RD,124,,,,,,,2,NO INDICATION OF INJURY,0,0,0,0,0,1,0,11,2,7,41.8673626926,-87.6392931946,POINT (-87.639293194642 41.867362692617)
123b27eca3e5220d90abfadc49afc64740d896bc8e9cea6697310a5d8fc48ffe0c23270ecfd60cd5b310e8c698905d8a5d60cde10559067d0f09e09d143760d0,,07/28/2025 11:30:00 AM,35,TRAFFIC SIGNAL,FUNCTIONING PROPERLY,CLEAR,DAYLIGHT,TURNING,DIVIDED - W/MEDIAN (NOT RAISED),,STRAIGHT ON HILLCREST,DRY,NO DEFECTS,ON SCENE,INJURY AND / OR TOW DUE TO CRASH,Y,,Y,"OVER $1,500",07/28/2025 11:35:00 AM,FAILING TO YIELD RIGHT-OF-WAY,UNABLE TO DETERMINE,6659,S,CICERO AVE,833,,,,,,,2,NONINCAPACITATING INJURY,1,0,0,1,0,2,0,11,2,7,41.7712226966,-87.7419103875,POINT (-87.741910387507 41.771222696555)
1a5a626e4d8bf2a0294b1878dca98b4ac6cef261509a32e4311248ead47bcae3a8905794ba4c1c60518c0213cef3953d9f57334bfe234af68c49646eccf28557,,07/28/2025 11:30:00 AM,20,NO CONTROLS,NO CONTROLS,CLEAR,DAYLIGHT,PARKED MOTOR VEHICLE,NOT DIVIDED,,STRAIGHT AND LEVEL,DRY,NO DEFECTS,ON SCENE,NO INJURY / DRIVE AWAY,Y,,Y,"OVER $1,500",07/28/2025 11:43:00 AM,UNABLE TO DETERMINE,NOT APPLICABLE,5002,N,LONG AVE,1623,,,,,,,3,NO INDICATION OF INJURY,0,0,0,0,0,1,0,11,2,7,41.9717399291,-87.7627654608,POINT (-87.762765460762 41.971739929071)
bccf22ae21a6d681587bcab94828277aaa5b2a0d902ae107d6133832a31dfc3276f0a5aa206fac0407b0be6eb88e4acafe68d1d51071e2cc27cc384061021c0a,,07/28/2025 11:27:00 AM,30,UNKNOWN,NO CONTROLS,CLEAR,DAYLIGHT,REAR TO FRONT,NOT DIVIDED,,STRAIGHT AND LEVEL,DRY,NO DEFECTS,ON SCENE,INJURY AND / OR TOW DUE TO CRASH,,,,"OVER $1,500",07/28/2025 11:27:00 AM,IMPROPER BACKING,NOT APPLICABLE,2018,W,DIVISION ST,1424,,,,,,,2,"REPORTED, NOT EVIDENT",1,0,0,0,1,1,0,11,2,7,41.903286313,-87.6780656692,POINT (-87.67806566923 41.903286312962)
060ce3cdb5749eabb058a0907d5cae5732a34f3ea0b79f3ec2385b87c5f39a3acc4ecedeb327887fe41081edf4247bcf3c6e6d9a4954fa4d8871cba407ee1d44,,07/28/2025 11:25:00 AM,30,NO CONTROLS,NO CONTROLS,CLEAR,DAYLIGHT,PARKED MOTOR VEHICLE,DIVIDED - W/MEDIAN (NOT RAISED),,STRAIGHT AND LEVEL,DRY,NO DEFECTS,ON SCENE,NO INJURY / DRIVE AWAY,,,,$500 OR LESS,07/28/2025 11:45:00 AM,UNABLE TO DETERMINE,UNABLE TO DETERMINE,3029,W,PETERSON AVE,2011,,,,,,,2,NO INDICATION OF INJURY,0,0,0,0,0,1,0,11,2,7,41.9902989145,-87.7054062835,POINT (-87.705406283453 41.990298914471)
f1ce1789965a53af8895ea051880f0150bf63cd2098a306a8c34740989a6ba8352506f8507afc4255a008061cc7d3f4c2ece09ed3e4b51cdb2b899dd7fe49b37,,07/28/2025 11:20:00 AM,30,TRAFFIC SIGNAL,NOT FUNCTIONING,CLEAR,DAYLIGHT,REAR END,DIVIDED - W/MEDIAN (NOT RAISED),,STRAIGHT AND LEVEL,DRY,NO DEFECTS,NOT ON SCENE (DESK REPORT),NO INJURY / DRIVE AWAY,,,,"OVER $1,500",07/29/2025 10:30:00 AM,UNABLE TO DETERMINE,NOT APPLICABLE,1158,S,COLUMBUS DR,114,,,,,,,2,NO INDICATION OF INJURY,0,0,0,0,0,2,0,11,2,7,41.8675961893,-87.6205570099,POINT (-87.620557009917 41.867596189297)
3547aaaea3637b6fead916363e4f7173e6acaec3a95ea26b10573389e3b6ce0e21053525f402396d193e4a17f1c1231d300bc09851b2472aa3dfadacca449e76,,07/28/2025 11:19:00 AM,15,NO CONTROLS,NO CONTROLS,CLEAR,DAYLIGHT,ANGLE,ALLEY,,STRAIGHT AND LEVEL,DRY,NO DEFECTS,NOT ON SCENE (DESK REPORT),NO INJURY / DRIVE AWAY,,,Y,"OVER $1,500",07/28/2025 12:30:00 PM,DRIVING SKILLS/KNOWLEDGE/EXPERIENCE,FAILING TO REDUCE SPEED TO AVOID CRASH,4741,W,MC LEAN AVE,2522,,,,,,,2,NO INDICATION OF INJURY,0,0,0,0,0,2,0,11,2,7,41.9177433656,-87.745345266,POINT (-87.745345266007 41.917743365585)
be56e3145f310c1f90d5f99a1b9a68b5d4cfbbe1b8e6ff22241ab0559a9f20f3dc532daa0ff67b74d62ba0547382369a64c2b4d412137ac0d62f22cb596f1804,,07/28/2025 11:15:00 AM,30,TRAFFIC SIGNAL,FUNCTIONING PROPERLY,CLEAR,DAYLIGHT,REAR END,NOT DIVIDED,,STRAIGHT AND LEVEL,UNKNOWN,UNKNOWN,ON SCENE,INJURY AND / OR TOW DUE TO CRASH,,,,"OVER $1,500",07/28/2025 11:17:00 AM,FOLLOWING TOO CLOSELY,UNABLE TO DETERMINE,3600,N,NARRAGANSETT AVE,1632,,,,,,,2,NO INDICATION OF INJURY,0,0,0,0,0,2,0,11,2,7,41.9457284671,-87.7864403527,POINT (-87.786440352729 41.945728467095)
1dfd98851cc6154b0c35deb0e6edde57b460713ae1b9acb8b574055447b605fd2eb9d95681b0a9e7d282d84dcf36ffe9f128f11c3f2f300e54a9da9dc52dee6a,,07/28/2025 11:10:00 AM,30,NO CONTROLS,NO CONTROLS,CLEAR,DAYLIGHT,ANGLE,NOT DIVIDED,,STRAIGHT AND LEVEL,DRY,NO DEFECTS,NOT ON SCENE (DESK REPORT),NO INJURY / DRIVE AWAY,,,,"OVER $1,500",07/28/2025 11:45:00 AM,FAILING TO YIELD RIGHT-OF-WAY,FAILING TO YIELD RIGHT-OF-WAY,6400,S,PULASKI RD,813,,,,,,,2,NO INDICATION OF INJURY,0,0,0,0,0,3,0,11,2,7,41.7767781789,-87.7228587184,POINT (-87.722858718441 41.77677817895)
b7a751ad0d08c8b929241f652cd5d17a82d20d901e48473bcf6da4c1019b321b171585904ca4f751a8bee0db010de85f8f064c046a74927bb0a00008fa8763d1,,07/28/2025 11:08:00 AM,30,TRAFFIC SIGNAL,FUNCTIONING PROPERLY,CLEAR,DAYLIGHT,REAR END,NOT DIVIDED,,STRAIGHT AND LEVEL,DRY,NO DEFECTS,ON SCENE,NO INJURY / DRIVE AWAY,Y,,Y,"$501 - $1,500",07/28/2025 11:13:00 AM,FOLLOWING TOO CLOSELY,UNABLE TO DETERMINE,4801,W,NORTH AVE,2533,,,,,,,2,NO INDICATION OF INJURY,0,0,0,0,0,2,0,11,2,7,41.9095143888,-87.7462399252,POINT (-87.746239925209 41.909514388786)
426839ad2ed91ea4c4f995106b59eb8f6831ef9246090ffeac323080afe5d435a8be35f34575e1296701da66b6ba6fb74afe3bce22cd184668b0d5e5c878188a,,07/28/2025 11:00:00 AM,30,NO CONTROLS,NO CONTROLS,CLOUDY/OVERCAST,DAYLIGHT,PARKED MOTOR VEHICLE,NOT DIVIDED,,STRAIGHT ON GRADE,DRY,NO DEFECTS,ON SCENE,NO INJURY / DRIVE AWAY,,,,$500 OR LESS,07/28/2025 11:45:00 AM,DRIVING SKILLS/KNOWLEDGE/EXPERIENCE,NOT APPLICABLE,409,N,HOYNE AVE,1221,,,,,,,2,NO INDICATION OF INJURY,0,0,0,0,0,1,0,11,2,7,41.8889786306,-87.679150559,POINT (-87.679150559049 41.8889786306)
9ae107378fb2b36421626a8ebcbf50512618957e41129292cf9386ea6da37fd8858e752f066272fabc115aa3ec984715d09f0a160a9950e9b1926ceae56c594a,,07/28/2025 11:00:00 AM,30,UNKNOWN,UNKNOWN,CLEAR,DAYLIGHT,SIDESWIPE SAME DIRECTION,NOT DIVIDED,,STRAIGHT AND LEVEL,DRY,UNKNOWN,NOT ON SCENE (DESK REPORT),NO INJURY / DRIVE AWAY,,,,"OVER $1,500",07/28/2025 11:30:00 AM,NOT APPLICABLE,NOT APPLICABLE,6144,S,COTTAGE GROVE AVE,313,,,,,,,2,NO INDICATION OF INJURY,0,0,0,0,0,3,0,11,2,7,41.782718618,-87.6061241801,POINT (-87.606124180114 41.782718618033)
c645321d85e4970617917f5b932e965d301045bb9653901c526b7db68241b26d2a72ab6901fdebd39430c672aa4c283bff71ec1a5a967c9f8389702082e42fd1,,07/28/2025 11:00:00 AM,30,TRAFFIC SIGNAL,FUNCTIONING PROPERLY,CLEAR,DAYLIGHT,REAR END,DIVIDED - W/MEDIAN (NOT RAISED),,STRAIGHT AND LEVEL,DRY,NO DEFECTS,NOT ON SCENE (DESK REPORT),NO INJURY / DRIVE AWAY,,,,"OVER $1,500",08/03/2025 04:00:00 PM,FOLLOWING TOO CLOSELY,FOLLOWING TOO CLOSELY,7100,S,STONY ISLAND AVE,324,,,,,,,2,NO INDICATION OF INJURY,0,0,0,0,0,2,0,11,2,7,41.7659281922,-87.5864700779,POINT (-87.586470077922 41.76592819222)
c9b0a9410d83acda5875ba064b0fefe5743e225873fc6725c3aea944e8024f38c38ea60226cf847d2593724faf6b6eeff3e1f20182f514745d9ef8405d3957b8,,07/28/2025 11:00:00 AM,30,NO CONTROLS,NO CONTROLS,UNKNOWN,DAYLIGHT,ANGLE,NOT DIVIDED,,STRAIGHT AND LEVEL,UNKNOWN,UNKNOWN,ON SCENE,NO INJURY / DRIVE AWAY,,,,"OVER $1,500",07/30/2025 03:20:00 PM,UNABLE TO DETERMINE,NOT APPLICABLE,2010,N,DAMEN AVE,1432,,,,,,,2,NO INDICATION OF INJURY,0,0,0,0,0,2,0,11,2,7,41.9181053424,-87.6777805388,POINT (-87.677780538786 41.918105342409)
d9625abab3ae71397f4e5a72d84127b631b2c627e914fa8d68f2e5bab99e542fc76cabc97e742dd391806f32b482a2f8ca326329cf247997364dd996c456dafa,,07/28/2025 11:00:00 AM,30,TRAFFIC SIGNAL,FUNCTIONING PROPERLY,CLEAR,DAYLIGHT,REAR END,FOUR WAY,,STRAIGHT AND LEVEL,DRY,UNKNOWN,NOT ON SCENE (DESK REPORT),NO INJURY / DRIVE AWAY,Y,,Y,"OVER $1,500",07/29/2025 03:05:00 PM,FOLLOWING TOO CLOSELY,FAILING TO REDUCE SPEED TO AVOID CRASH,1200,N,CENTRAL AVE,2531,,,,,,,2,NO INDICATION OF INJURY,0,0,0,0,0,2,0,11,2,7,41.9021883135,-87.765801497,POINT (-87.765801496951 41.902188313458)