CRASH_RECORD_ID,CRASH_DATE_EST_I,CRASH_DATE,POSTED_SPEED_LIMIT,TRAFFIC_CONTROL_DEVICE,DEVICE_CONDITION,WEATHER_CONDITION,LIGHTING_CONDITION,FIRST_CRASH_TYPE,TRAFFICWAY_TYPE,LANE_CNT,ALIGNMENT,ROADWAY_SURFACE_COND,ROAD_DEFECT,REPORT_TYPE,CRASH_TYPE,INTERSECTION_RELATED_I,NOT_RIGHT_OF_WAY_I,HIT_AND_RUN_I,DAMAGE,DATE_POLICE_NOTIFIED,PRIM_CONTRIBUTORY_CAUSE,SEC_CONTRIBUTORY_CAUSE,STREET_NO,STREET_DIRECTION,STREET_NAME,BEAT_OF_OCCURRENCE,PHOTOS_TAKEN_I,STATEMENTS_TAKEN_I,DOORING_I,WORK_ZONE_I,WORK_ZONE_TYPE,WORKERS_PRESENT_I,NUM_UNITS,MOST_SEVERE_INJURY,INJURIES_TOTAL,INJURIES_FATAL,INJURIES_INCAPACITATING,INJURIES_NON_INCAPACITATING,INJURIES_REPORTED_NOT_EVIDENT,INJURIES_NO_INDICATION,INJURIES_UNKNOWN,CRASH_HOUR,CRASH_DAY_OF_WEEK,CRASH_MONTH,LATITUDE,LONGITUDE,LOCATION
6d7c3511dd1fea66998a072c24fd034457a227e6162ff3090bf95f1be7b0859d4b9ec403323d833a8d0b997b5f7e8df80d56e4d0185a6bc10cf60265ea520dbb,,07/28/2025 10:55:00 AM,35,TRAFFIC SIGNAL,FUNCTIONING PROPERLY,CLEAR,DAYLIGHT,ANGLE,NOT DIVIDED,,STRAIGHT AND LEVEL,DRY,NO DEFECTS,ON SCENE,INJURY AND / OR TOW DUE TO CRASH,Y,,,"$501 - $1,500",07/28/2025 11:00:00 AM,IMPROPER OVERTAKING/PASSING,NOT APPLICABLE,7900,S,YATES BLVD,414,,,,,,,2,NONINCAPACITATING INJURY,1,0,0,1,0,2,0,10,2,7,41.7516362692,-87.5663781214,POINT (-87.56637812136 41.751636269168)
7bea8e64422938fa95f394c529fcd312af2eec28dae70c0dbfdf2911351de3703942b5c502f0b7f74f614988e06f533d156ef0e1361df46b5b272682fc4b2cae,,07/28/2025 10:45:00 AM,30,TRAFFIC SIGNAL,FUNCTIONING PROPERLY,CLEAR,DAYLIGHT,TURNING,UNKNOWN INTERSECTION TYPE,,STRAIGHT AND LEVEL,DRY,UNKNOWN,ON SCENE,NO INJURY / DRIVE AWAY,Y,,,"OVER $1,500",07/28/2025 10:48:00 AM,NOT APPLICABLE,NOT APPLICABLE,3200,N,LAKE SHORE DR,1925,,,,,,,2,NO INDICATION OF INJURY,0,0,0,0,0,2,0,10,2,7,41.9409091633,-87.63936916,POINT (-87.639369159955 41.940909163268)
0f4be1d2ede2a7de601b0df885d115bf5dc75a596342bc77521124a54dd75366919fee47af908ddcb3447d81bd4928e2468742d0f49559d0283b62fc4d3e8b82,,07/28/2025 10:30:00 AM,25,NO CONTROLS,OTHER,CLEAR,DAYLIGHT,FIXED OBJECT,PARKING LOT,,STRAIGHT ON GRADE,DRY,NO DEFECTS,ON SCENE,INJURY AND / OR TOW DUE TO CRASH,,,,"OVER $1,500",07/28/2025 10:45:00 AM,DRIVING SKILLS/KNOWLEDGE/EXPERIENCE,DRIVING SKILLS/KNOWLEDGE/EXPERIENCE,1030,W,NORTH AVE,1811,,,,,,,1,NO INDICATION OF INJURY,0,0,0,0,0,1,0,10,2,7,41.9109316611,-87.6542326487,POINT (-87.654232648726 41.910931661102)
fe9bfec33e3218418f832166417a19a621f58d8698b9e89aeeec43312765f2927174fc58aa38e5cbff92a305f838ddcef7f34fd97aa948f9e26852167ff137cc,,07/28/2025 10:30:00 AM,30,NO CONTROLS,FUNCTIONING PROPERLY,CLEAR,DAYLIGHT,PARKED MOTOR VEHICLE,NOT DIVIDED,,STRAIGHT AND LEVEL,DRY,NO DEFECTS,ON SCENE,NO INJURY / DRIVE AWAY,,,,$500 OR LESS,07/28/2025 10:34:00 AM,IMPROPER OVERTAKING/PASSING,IMPROPER OVERTAKING/PASSING,676,N,ST CLAIR ST,1834,,,,,,,2,NO INDICATION OF INJURY,0,0,0,0,0,1,0,10,2,7,41.8948529614,-87.6229018004,POINT (-87.622901800428 41.89485296136)
97315d57b61479906dd294d570cf36aeb4ead799d5fd047dba9e40c54aa4e2d6aa71615d40a19636dd6ee006c78a68737d6cbb509582b7bf4df48752f4064586,,07/28/2025 10:25:00 AM,30,STOP SIGN/FLASHER,FUNCTIONING PROPERLY,CLEAR,DAYLIGHT,ANGLE,NOT DIVIDED,,STRAIGHT AND LEVEL,DRY,NO DEFECTS,ON SCENE,NO INJURY / DRIVE AWAY,Y,,,"OVER $1,500",07/28/2025 10:40:00 AM,FAILING TO YIELD RIGHT-OF-WAY,FAILING TO YIELD RIGHT-OF-WAY,6600,S,PARNELL AVE,722,,,,,,,2,NO INDICATION OF INJURY,0,0,0,0,0,3,0,10,2,7,41.7743236359,-87.6389315721,POINT (-87.638931572128 41.774323635896)
cde9f6ed832f45e730e53e4bbae5c5ee29841ec33fad156e9f96476f8f2d612c1d2709d7b5e03f7c9fd2e82dd931db0a45d94d7409b221f64a30f79cfc997d25,,07/28/2025 10:20:00 AM,30,NO CONTROLS,NO CONTROLS,UNKNOWN,DAYLIGHT,SIDESWIPE SAME DIRECTION,NOT DIVIDED,,STRAIGHT AND LEVEL,UNKNOWN,UNKNOWN,NOT ON SCENE (DESK REPORT),NO INJURY / DRIVE AWAY,,,,"OVER $1,500",07/28/2025 01:30:00 PM,UNABLE TO DETERMINE,NOT APPLICABLE,3101,N,LARAMIE AVE,2521,,,,,,,2,NO INDICATION OF INJURY,0,0,0,0,0,2,0,10,2,7,41.9369247105,-87.7564792122,POINT (-87.756479212201 41.936924710468)
f4ad670a86fb8a3a00dda2e7fafee3c81775849ce0ad98a6dc093564154cb2302d0e6dfc5a1d3b2cbd83ca2929143552da1e88c33d971e6a46e4e6ca6e06b05c,,07/28/2025 10:05:00 AM,30,UNKNOWN,UNKNOWN,CLEAR,DAYLIGHT,TURNING,UNKNOWN INTERSECTION TYPE,,STRAIGHT AND LEVEL,UNKNOWN,UNKNOWN,,NO INJURY / DRIVE AWAY,,,,"OVER $1,500",07/28/2025 11:30:00 AM,UNABLE TO DETERMINE,UNABLE TO DETERMINE,475,E,HURON ST,1834,,,,,,,2,NO INDICATION OF INJURY,0,0,0,0,0,3,0,10,2,7,41.8949709139,-87.6159778461,POINT (-87.615977846096 41.894970913887)
06ed04503b3c313994252fac21b4645ebfcdd8e7bb31c6e3eb51a6e8dc72999e73fdb3094a61e04ab5c3b08459ff1c99cce4274627595ddbe67a332237073839,,07/28/2025 10:00:00 AM,35,STOP SIGN/FLASHER,FUNCTIONING PROPERLY,CLEAR,DAYLIGHT,PARKED MOTOR VEHICLE,NOT DIVIDED,,STRAIGHT AND LEVEL,DRY,NO DEFECTS,ON SCENE,NO INJURY / DRIVE AWAY,,,,"$501 - $1,500",07/28/2025 07:00:00 PM,NOT APPLICABLE,FAILING TO REDUCE SPEED TO AVOID CRASH,5048,S,WOODLAWN AVE,222,,,,,,,2,NO INDICATION OF INJURY,0,0,0,0,0,1,0,10,2,7,41.8027050238,-87.596857449,POINT (-87.596857448975 41.802705023843)
2c476a2df7c6078874fb6e4bb742363076d5c0525e217adbdcf898c5d90fb82e0cf01077c9f90d68035c243c0518cdd114df534ba52627b86c821ca99feacd6d,,07/28/2025 10:00:00 AM,35,TRAFFIC SIGNAL,FUNCTIONING PROPERLY,CLEAR,DAYLIGHT,REAR END,DIVIDED - W/MEDIAN BARRIER,,STRAIGHT AND LEVEL,DRY,NO DEFECTS,ON SCENE,NO INJURY / DRIVE AWAY,,,Y,$500 OR LESS,07/28/2025 10:07:00 AM,FOLLOWING TOO CLOSELY,NOT APPLICABLE,9903,S,WESTERN AVE,2213,,,,,,,2,NO INDICATION OF INJURY,0,0,0,0,0,2,0,10,2,7,41.7135187193,-87.6816912774,POINT (-87.68169127736 41.713518719338)
7c044c0789eab756f95662292cd04ed518c760f2832c05d35b059edf6b653e9b73efc61c8af437c1c2d83a776077dfac2084fab0455fcdc25e2a08635c1741de,,07/28/2025 10:00:00 AM,30,TRAFFIC SIGNAL,FUNCTIONING PROPERLY,CLEAR,DAYLIGHT,REAR END,FOUR WAY,,STRAIGHT AND LEVEL,DRY,NO DEFECTS,NOT ON SCENE (DESK REPORT),NO INJURY / DRIVE AWAY,Y,,,"OVER $1,500",07/28/2025 11:15:00 AM,FOLLOWING TOO CLOSELY,FOLLOWING TOO CLOSELY,1201,S,HALSTED ST,1232,,,,,,,2,NO INDICATION OF INJURY,0,0,0,0,0,3,0,10,2,7,41.8671275148,-87.6467711256,POINT (-87.646771125612 41.86712751475)
b0a86c0829e61ae09a63f2f309cc646d5fb161ec921c974266a0a8657b5b319d6300ecff4bfd298e08d663f9abde5076a938229ef26fa81566c02b3b9f68536a,,07/28/2025 10:00:00 AM,20,NO CONTROLS,NO CONTROLS,UNKNOWN,UNKNOWN,PARKED MOTOR VEHICLE,ONE-WAY,,STRAIGHT AND LEVEL,UNKNOWN,UNKNOWN,ON SCENE,INJURY AND / OR TOW DUE TO CRASH,,,Y,"OVER $1,500",07/28/2025 10:00:00 AM,UNABLE TO DETERMINE,UNABLE TO DETERMINE,7618,S,CHAMPLAIN AVE,624,,,,,,,2,NO INDICATION OF INJURY,0,0,0,0,0,1,0,10,2,7,41.756089529,-87.6091357764,POINT (-87.609135776394 41.756089529)
71fc5ffe9b48a7abd80354d583fee0ee3b14c43c75a1ef1fa5966b4ca6b5d494caa6eed0376d6ca0efd275d83ea0e135a4d0a0a2d567d4aa3c08f85043da3f3f,,07/28/2025 09:52:00 AM,30,NO CONTROLS,NO CONTROLS,CLEAR,DAYLIGHT,OTHER OBJECT,NOT DIVIDED,,STRAIGHT AND LEVEL,DRY,NO DEFECTS,ON SCENE,NO INJURY / DRIVE AWAY,,,,"$501 - $1,500",07/28/2025 09:54:00 AM,NOT APPLICABLE,NOT APPLICABLE,1750,W,BELLE PLAINE AVE,1912,,,,,,,2,NO INDICATION OF INJURY,0,0,0,0,0,1,0,9,2,7,41.9561921856,-87.6726729144,POINT (-87.672672914427 41.956192185556)
0a6d860ca16240b0ff08a4df7e93a462305881cc704d23381ab9d63ca3f8c36986ef479e4b879e2080185ac6b72a6f7b99b1aa212d38ecd33b75ab4c52034de5,,07/28/2025 09:50:00 AM,30,OTHER REG. SIGN,FUNCTIONING PROPERLY,CLEAR,DAYLIGHT,SIDESWIPE SAME DIRECTION,ONE-WAY,,STRAIGHT AND LEVEL,DRY,NO DEFECTS,NOT ON SCENE (DESK REPORT),NO INJURY / DRIVE AWAY,,,,"OVER $1,500",07/29/2025 10:45:00 AM,DRIVING SKILLS/KNOWLEDGE/EXPERIENCE,UNABLE TO DETERMINE,101,S,WABASH AVE,112,,,,,,,2,NO INDICATION OF INJURY,0,0,0,0,0,2,0,9,2,7,41.8807277641,-87.6260226349,POINT (-87.626022634918 41.880727764112)
edab3d8bdda735fd1b12e51619fd25d03acc54c08646e9b372e675dac136676027304b4e48e3020bcc8ff4a03944328db97c3e10289b6638b3f3577ab9b21c02,,07/28/2025 09:50:00 AM,25,TRAFFIC SIGNAL,FUNCTIONING PROPERLY,CLEAR,DAYLIGHT,REAR END,FOUR WAY,,STRAIGHT AND LEVEL,DRY,NO DEFECTS,NOT ON SCENE (DESK REPORT),NO INJURY / DRIVE AWAY,Y,,,"OVER $1,500",07/28/2025 02:00:00 PM,UNABLE TO DETERMINE,UNABLE TO DETERMINE,1000,W,ROOSEVELT RD,1232,,,,,,,2,NO INDICATION OF INJURY,0,0,0,0,0,2,0,9,2,7,41.867196447,-87.6510882209,POINT (-87.651088220891 41.867196446975)
4329f4fee3e91ad004dbe9d08399fae51f3e50a7f08f15db6305483960360ea3a5d81c547ad2fb8a48aa23cbf5fdca08978cd63d0f1bd8753165fa7b7ad0c9eb,N,07/28/2025 09:49:00 AM,30,STOP SIGN/FLASHER,FUNCTIONING PROPERLY,CLEAR,DAYLIGHT,REAR TO SIDE,FOUR WAY,,STRAIGHT AND LEVEL,DRY,UNKNOWN,ON SCENE,INJURY AND / OR TOW DUE TO CRASH,Y,,,"OVER $1,500",07/28/2025 09:50:00 AM,DISREGARDING STOP SIGN,NOT APPLICABLE,6600,S,GREEN ST,723,,,,,,,2,NO INDICATION OF INJURY,0,0,0,0,0,2,0,9,2,7,41.7741801431,-87.6460050744,POINT (-87.646005074401 41.774180143066)
20cb43ce2007ae706618df6419f32486bf25a8cf365e8fbe02594bbb3912357461e253732cd15385049039f9d670bcfc6a7d299275b4f62cc2e991f9f3f5a0cf,,07/28/2025 09:48:00 AM,30,NO CONTROLS,NO CONTROLS,CLEAR,DAYLIGHT,TURNING,OTHER,,STRAIGHT AND LEVEL,DRY,UNKNOWN,ON SCENE,INJURY AND / OR TOW DUE TO CRASH,,,Y,"OVER $1,500",07/28/2025 09:50:00 AM,UNABLE TO DETERMINE,NOT APPLICABLE,1303,W,69TH ST,734,,,,,,,3,"REPORTED, NOT EVIDENT",1,0,0,0,1,1,0,9,2,7,41.768545737,-87.6567801169,POINT (-87.656780116869 41.768545737033)
7ef929639b119e4c4841cc8450ef1659da47b9d9d0eb367fe42d6d16d2413062541ff3bcc12a9e106bc002b25f352e1241d35161d3d7743deca64feefc20f57e,,07/28/2025 09:40:00 AM,10,NO CONTROLS,NO CONTROLS,CLEAR,DAYLIGHT,REAR TO REAR,PARKING LOT,,STRAIGHT AND LEVEL,DRY,NO DEFECTS,NOT ON SCENE (DESK REPORT),NO INJURY / DRIVE AWAY,,Y,Y,"OVER $1,500",07/28/2025 02:30:00 PM,UNABLE TO DETERMINE,UNABLE TO DETERMINE,4324,W,26TH ST,1013,,,,,,,2,NO INDICATION OF INJURY,0,0,0,0,0,2,0,9,2,7,41.8442565314,-87.7321666208,POINT (-87.732166620823 41.844256531363)
157772ade9b186b47f25799ed181c7bd2aa92d8e1e1d34304ded41ef1da4e0307cc3223e9b6be258a9a882081cd4829e9f41b6881f67b469fa98e51ba8ea5d8e,,07/28/2025 09:39:00 AM,30,TRAFFIC SIGNAL,FUNCTIONING PROPERLY,CLEAR,DAYLIGHT,PEDESTRIAN,FOUR WAY,,STRAIGHT AND LEVEL,DRY,NO DEFECTS,ON SCENE,NO INJURY / DRIVE AWAY,Y,,,$500 OR LESS,07/28/2025 09:49:00 AM,UNABLE TO DETERMINE,UNABLE TO DETERMINE,759,W,95TH ST,2223,,,,,,,2,NO INDICATION OF INJURY,0,0,0,0,0,2,0,9,2,7,41.7213482825,-87.6431495393,POINT (-87.643149539329 41.721348282519)
154c9fed53982c6db5f4c50347b37e236d9e450f8acb9dc6fa6bdc33cdb234ea19a12ef983791f125594dac031464d8c3d6d82f031ebd4164c7fc6ac96379245,,07/28/2025 09:30:00 AM,30,PEDESTRIAN CROSSING SIGN,FUNCTIONING PROPERLY,CLEAR,DAYLIGHT,REAR END,DIVIDED - W/MEDIAN (NOT RAISED),,STRAIGHT AND LEVEL,DRY,NO DEFECTS,NOT ON SCENE (DESK REPORT),NO INJURY / DRIVE AWAY,,,,"OVER $1,500",07/28/2025 10:00:00 AM,FOLLOWING TOO CLOSELY,UNABLE TO DETERMINE,2630,W,LAWRENCE AVE,2031,,,,,,,2,NO INDICATION OF INJURY,0,0,0,0,0,2,0,9,2,7,41.9686707129,-87.6950841913,POINT (-87.695084191272 41.968670712883)
931fcdd0f8e95051401affb1531fc814166bafd19f07e9812792af9b1ad227faaee70daca81f50cbb7b19c1afd9a4c8d2f8c05b3ddbf09fe6341dce3d7c2a608,Y,07/28/2025 09:30:00 AM,25,NO CONTROLS,NO CONTROLS,UNKNOWN,UNKNOWN,PARKED MOTOR VEHICLE,ONE-WAY,,STRAIGHT AND LEVEL,UNKNOWN,UNKNOWN,NOT ON SCENE (DESK REPORT),NO INJURY / DRIVE AWAY,,,Y,$500 OR LESS,07/31/2025 09:55:00 AM,UNABLE TO DETERMINE,UNABLE TO DETERMINE,5133,W,SCHUBERT AVE,2521,,,,,,,2,NO INDICATION OF INJURY,0,0,0,0,0,1,0,9,2,7,41.9294943187,-87.7552335717,POINT (-87.755233571654 41.929494318748)
82429b973534a6f5ca7ca53fcc46612f255400af42c44bd464a45fd4b080c9f3e142e82b75a4a459110baed6ae8449e8d9ea869b3cb9c9ca88fa5a4c3f393cd2,,07/28/2025 09:17:00 AM,45,OTHER REG. SIGN,FUNCTIONING PROPERLY,CLEAR,DAYLIGHT,FIXED OBJECT,DIVIDED - W/MEDIAN BARRIER,,STRAIGHT AND LEVEL,DRY,OTHER,ON SCENE,INJURY AND / OR TOW DUE TO CRASH,,,,"OVER $1,500",07/28/2025 09:18:00 AM,DRIVING SKILLS/KNOWLEDGE/EXPERIENCE,UNABLE TO DETERMINE,6800,S,CHICAGO SKYWAY IB,322,,,,,,,2,NO INDICATION OF INJURY,0,0,0,0,0,4,0,9,2,7,41.7708218124,-87.6154053791,POINT (-87.6154053791 41.770821812437)
9735b5cc9b676d1722810513f8e2c44fe1e93346280b695330af73d9b4ebe9fd3872611428c5e86217a0021cd7173ef8fbc57414184f020808ec8d1dc9f5353e,,07/28/2025 09:05:00 AM,30,NO CONTROLS,NO CONTROLS,UNKNOWN,UNKNOWN,PARKED MOTOR VEHICLE,DIVIDED - W/MEDIAN (NOT RAISED),,STRAIGHT AND LEVEL,UNKNOWN,UNKNOWN,NOT ON SCENE (DESK REPORT),NO INJURY / DRIVE AWAY,,,,"OVER $1,500",08/04/2025 01:30:00 PM,DRIVING SKILLS/KNOWLEDGE/EXPERIENCE,NOT APPLICABLE,51,E,14TH ST,131,,,,,,,2,NO INDICATION OF INJURY,0,0,0,0,0,2,0,9,2,7,41.8639617994,-87.6253987513,POINT (-87.625398751263 41.863961799386)
db9ddf9944fa3a00606b918d455d64947aeeca49e02a2295005743e7b1b7f373e2fc6638231138d3d4373c57c344a3ce26497d5b7666a5d2b0733f5cb02929ab,,07/28/2025 09:05:00 AM,30,NO CONTROLS,NO CONTROLS,CLEAR,DAYLIGHT,REAR END,DIVIDED - W/MEDIAN (NOT RAISED),,STRAIGHT AND LEVEL,DRY,NO DEFECTS,ON SCENE,INJURY AND / OR TOW DUE TO CRASH,,,,"OVER $1,500",07/28/2025 09:10:00 AM,FOLLOWING TOO CLOSELY,UNABLE TO DETERMINE,1254,W,IRVING PARK RD,1915,,,,,,,4,NO INDICATION OF INJURY,0,0,0,0,0,6,0,9,2,7,41.9544997461,-87.6615580838,POINT (-87.66155808383 41.954499746123)
127d3dfbf5e606d668aa373633c20f308147b5e6e2f1a13f856f0699b3d1a664219cdd224866c42a5a5de05f87e78e160f07960f33ac2171a224e4e82c2494c5,Y,07/28/2025 09:00:00 AM,30,UNKNOWN,UNKNOWN,UNKNOWN,UNKNOWN,PARKED MOTOR VEHICLE,NOT DIVIDED,,STRAIGHT AND LEVEL,UNKNOWN,UNKNOWN,NOT ON SCENE (DESK REPORT),NO INJURY / DRIVE AWAY,,,Y,"$501 - $1,500",07/28/2025 11:00:00 AM,UNABLE TO DETERMINE,NOT APPLICABLE,5963,S,ST LOUIS AVE,822,,,,,,,2,NO INDICATION OF INJURY,0,0,0,0,0,1,0,9,2,7,41.7843625015,-87.7104307926,POINT (-87.710430792638 41.784362501524)
3e21b97df217244a6a1189fb9beb16d0e639caba4822d236673f6fbbe45918cf67c335fdf80121a232d3e7756acc7f3b6c481e6d35e2093bab92eb9c840fe1bb,,07/28/2025 09:00:00 AM,30,UNKNOWN,UNKNOWN,CLEAR,DAYLIGHT,SIDESWIPE SAME DIRECTION,DIVIDED - W/MEDIAN (NOT RAISED),,STRAIGHT AND LEVEL,DRY,UNKNOWN,NOT ON SCENE (DESK REPORT),NO INJURY / DRIVE AWAY,,,Y,"OVER $1,500",07/28/2025 09:45:00 AM,UNABLE TO DETERMINE,UNABLE TO DETERMINE,5700,S,ASHLAND AVE,715,,,,,,,2,NO INDICATION OF INJURY,0,0,0,0,0,2,0,9,2,7,41.7902949705,-87.6646350014,POINT (-87.664635001437 41.790294970459)
c2ed3d90b5f3b4f5a63ce29bf1054710728158c22243c205b39db8c1f2717b83bdf16dde167ec35b8eb65204100c21000cf798af9ab4b1acb867e389e01a2c24,,07/28/2025 09:00:00 AM,30,UNKNOWN,UNKNOWN,CLEAR,DAYLIGHT,ANGLE,NOT DIVIDED,,STRAIGHT AND LEVEL,DRY,UNKNOWN,NOT ON SCENE (DESK REPORT),NO INJURY / DRIVE AWAY,,,,$500 OR LESS,07/28/2025 09:45:00 AM,NOT APPLICABLE,NOT APPLICABLE,6558,S,RHODES AVE,321,,,,,,,2,NO INDICATION OF INJURY,0,0,0,0,0,2,0,9,2,7,41.7749412583,-87.6120477963,POINT (-87.612047796271 41.774941258338)
dfd21d78667c284c4f9b413f2a44cdea0b239023c20df7805f34938c607aa6ae814bf50638630849d4a1ac639695a24e4a9a83f6aa8049b810b2919d660c1fdc,,07/28/2025 09:00:00 AM,20,STOP SIGN/FLASHER,FUNCTIONING PROPERLY,CLEAR,DAYLIGHT,TURNING,FOUR WAY,,STRAIGHT AND LEVEL,DRY,UNKNOWN,NOT ON SCENE (DESK REPORT),NO INJURY / DRIVE AWAY,Y,,Y,"OVER $1,500",07/28/2025 09:30:00 AM,UNABLE TO DETERMINE,UNABLE TO DETERMINE,1740,W,TAYLOR ST,1231,,,,,,,2,NO INDICATION OF INJURY,0,0,0,0,0,2,0,9,2,7,41.8693109071,-87.6705986821,POINT (-87.670598682097 41.869310907082)
e0cb12c0a45ea165b8b01da78a8a1f85c7f8ac13e02bff200b2e14c4acec9a7a4bd730c670c468f6bdb0642ab1aad206097c525c78efceb559249517c070d73c,,07/28/2025 09:00:00 AM,30,TRAFFIC SIGNAL,FUNCTIONING PROPERLY,CLEAR,DAYLIGHT,FIXED OBJECT,NOT DIVIDED,,STRAIGHT AND LEVEL,DRY,UNKNOWN,ON SCENE,NO INJURY / DRIVE AWAY,Y,,,"OVER $1,500",07/28/2025 12:48:00 PM,NOT APPLICABLE,NOT APPLICABLE,3800,W,LAKE ST,1122,,,,,,,1,NO INDICATION OF INJURY,0,0,0,0,0,1,0,9,2,7,41.8853182356,-87.7209868523,POINT (-87.720986852264 41.885318235642)
36b2bda481cedd77269eb97536a3834278295fd1edf76afb7049be47f9ac9c441b5950f42c80000564ea5da0fb102b5c08a9a899996dfad86e3f4e66e52a0c3d,,07/28/2025 08:50:00 AM,30,TRAFFIC SIGNAL,FUNCTIONING PROPERLY,CLEAR,DAYLIGHT,ANGLE,NOT DIVIDED,,STRAIGHT AND LEVEL,DRY,NO DEFECTS,ON SCENE,NO INJURY / DRIVE AWAY,,,,"OVER $1,500",07/28/2025 08:58:00 AM,DISREGARDING TRAFFIC SIGNALS,UNABLE TO DETERMINE,6900,S,STONY ISLAND AVE,332,,,,,,,2,NO INDICATION OF INJURY,0,0,0,0,0,2,0,8,2,7,41.7696498146,-87.5863831101,POINT (-87.586383110145 41.769649814616)
1a8fd6d0f2b8dd86985d9a613b0979f9adfb75f4d47f0df796defeb294d4a0794158c328f562b2d57e1f40aa68dba92debcc8b56cfbb8b2cde0c888af1ad087f,,07/28/2025 08:48:00 AM,30,NO CONTROLS,NO CONTROLS,CLOUDY/OVERCAST,DAYLIGHT,SIDESWIPE SAME DIRECTION,NOT DIVIDED,,STRAIGHT AND LEVEL,WET,"RUT, HOLES",ON SCENE,NO INJURY / DRIVE AWAY,,,,"$501 - $1,500",07/28/2025 08:48:00 AM,IMPROPER OVERTAKING/PASSING,FAILING TO YIELD RIGHT-OF-WAY,2416,S,PULASKI RD,1013,Y,Y,,,,,2,NO INDICATION OF INJURY,0,0,0,0,0,2,0,8,2,7,41.8473142453,-87.7247881029,POINT (-87.724788102913 41.847314245326)
3e796ac79ad6ec172bf7dd9fae5b2931d07a37a0f47d6ff5a84b3c0cc71880425be40e2f65eefa8102d70327105f132c27f0db3f8adace634d9a9c42d07ca656,,07/28/2025 08:35:00 AM,30,STOP SIGN/FLASHER,FUNCTIONING PROPERLY,RAIN,DAYLIGHT,ANGLE,T-INTERSECTION,,STRAIGHT AND LEVEL,WET,NO DEFECTS,ON SCENE,INJURY AND / OR TOW DUE TO CRASH,Y,,,"OVER $1,500",07/28/2025 08:40:00 AM,FAILING TO YIELD RIGHT-OF-WAY,UNABLE TO DETERMINE,5600,S,INDIANA AVE,231,,Y,,,,,2,"REPORTED, NOT EVIDENT",1,0,0,0,1,1,0,8,2,7,41.7928307341,-87.6209453941,POINT (-87.620945394098 41.792830734133)
0833881d8e1386e29de251b6d5eec2bad8b9cfb7b441f284319581879e095c181d8a95d2448ac9e9a46f9a6d59be8fafa2533812182b0edacd8c991e62032d16,,07/28/2025 08:30:00 AM,30,NO CONTROLS,NO CONTROLS,CLEAR,DAYLIGHT,ANGLE,ONE-WAY,,STRAIGHT AND LEVEL,DRY,NO DEFECTS,NOT ON SCENE (DESK REPORT),NO INJURY / DRIVE AWAY,,,,"OVER $1,500",07/28/2025 11:20:00 AM,UNABLE TO DETERMINE,UNABLE TO DETERMINE,2851,W,ROSEMONT AVE,2413,,,,,,,2,NO INDICATION OF INJURY,0,0,0,0,0,2,0,8,2,7,41.9956321632,-87.7016040977,POINT (-87.70160409768 41.995632163244)
5e002581fc0b58294b578b2c0e1b6d7a0b49057bdae874d4d1ec1d209864bbfe951397235b873782d668684ad9bf32cb69cfe3348d25c03cd734f28f3f71d725,,07/28/2025 08:30:00 AM,30,NO CONTROLS,UNKNOWN,CLEAR,DAYLIGHT,SIDESWIPE SAME DIRECTION,NOT DIVIDED,,STRAIGHT AND LEVEL,UNKNOWN,UNKNOWN,NOT ON SCENE (DESK REPORT),NO INJURY / DRIVE AWAY,,,Y,"OVER $1,500",08/28/2025 07:14:00 PM,DRIVING SKILLS/KNOWLEDGE/EXPERIENCE,NOT APPLICABLE,6703,S,SOUTH SHORE DR,334,,,,,,,2,NO INDICATION OF INJURY,0,0,0,0,0,2,0,8,2,7,41.7734586911,-87.5665973968,POINT (-87.566597396788 41.773458691149)
81281f092059acd81a1662f5d8a93150012fb8ac90af79b77fd4b1515c2bca0329c102f4caadfebc10fd634b7f79c47db5a32c4ca917ddef84f94109e9477565,,07/28/2025 08:20:00 AM,25,OTHER,NO CONTROLS,CLEAR,DAYLIGHT,FIXED OBJECT,ALLEY,,STRAIGHT AND LEVEL,DRY,NO DEFECTS,ON SCENE,INJURY AND / OR TOW DUE TO CRASH,N,,,"OVER $1,500",07/28/2025 08:21:00 AM,UNABLE TO DETERMINE,UNABLE TO DETERMINE,419,E,42ND ST,214,,,N,,,,1,NO INDICATION OF INJURY,0,0,0,0,0,1,0,8,2,7,41.8183408016,-87.6157668072,POINT (-87.615766807204 41.818340801615)
1bc3d6af51db31f34f63d48899cace588a017331ff3a1d0fc36be6f70053f8887da59746af6c0fd6999bf18825b1df46531f4e94588bc9ffd93b7937c5218f9f,,07/28/2025 08:15:00 AM,30,TRAFFIC SIGNAL,FUNCTIONING PROPERLY,CLEAR,DAYLIGHT,TURNING,NOT REPORTED,,CURVE ON GRADE,DRY,NO DEFECTS,ON SCENE,NO INJURY / DRIVE AWAY,Y,,,"OVER $1,500",07/28/2025 08:19:00 AM,IMPROPER OVERTAKING/PASSING,IMPROPER OVERTAKING/PASSING,6400,N,MILWAUKEE AVE,1611,,,,,,,2,NO INDICATION OF INJURY,0,0,0,0,0,2,0,8,2,7,41.9973821735,-87.7880776739,POINT (-87.78807767392 41.997382173454)
28f79ff6c2f136d22fb47703d6207bc6287787544d0ea6fd4c8ef355a60cbd9c84335d5813a0651b92caf9323e7e388806faaecf6702dc1558c88baff07a417c,,07/28/2025 08:04:00 AM,15,NO CONTROLS,NO CONTROLS,CLOUDY/OVERCAST,DAYLIGHT,OTHER OBJECT,PARKING LOT,,STRAIGHT AND LEVEL,DRY,NO DEFECTS,ON SCENE,NO INJURY / DRIVE AWAY,,Y,,"OVER $1,500",07/28/2025 08:11:00 AM,DISTRACTION - FROM INSIDE VEHICLE,NOT APPLICABLE,8560,S,COTTAGE GROVE AVE,632,,,,,,,1,NO INDICATION OF INJURY,0,0,0,0,0,1,0,8,2,7,41.7385509287,-87.6050236052,POINT (-87.605023605204 41.738550928713)