CRASH_RECORD_ID,CRASH_DATE_EST_I,CRASH_DATE,POSTED_SPEED_LIMIT,TRAFFIC_CONTROL_DEVICE,DEVICE_CONDITION,WEATHER_CONDITION,LIGHTING_CONDITION,FIRST_CRASH_TYPE,TRAFFICWAY_TYPE,LANE_CNT,ALIGNMENT,ROADWAY_SURFACE_COND,ROAD_DEFECT,REPORT_TYPE,CRASH_TYPE,INTERSECTION_RELATED_I,NOT_RIGHT_OF_WAY_I,HIT_AND_RUN_I,DAMAGE,DATE_POLICE_NOTIFIED,PRIM_CONTRIBUTORY_CAUSE,SEC_CONTRIBUTORY_CAUSE,STREET_NO,STREET_DIRECTION,STREET_NAME,BEAT_OF_OCCURRENCE,PHOTOS_TAKEN_I,STATEMENTS_TAKEN_I,DOORING_I,WORK_ZONE_I,WORK_ZONE_TYPE,WORKERS_PRESENT_I,NUM_UNITS,MOST_SEVERE_INJURY,INJURIES_TOTAL,INJURIES_FATAL,INJURIES_INCAPACITATING,INJURIES_NON_INCAPACITATING,INJURIES_REPORTED_NOT_EVIDENT,INJURIES_NO_INDICATION,INJURIES_UNKNOWN,CRASH_HOUR,CRASH_DAY_OF_WEEK,CRASH_MONTH,LATITUDE,LONGITUDE,LOCATION
4b7861150463ca691795e5c547400adb2d4132231a676ebf1a2b01cf360d85eb08a3e835e587358beba69e78c03769c0f4e04c4c98a03bca83bacaf06b2d5ba3,,07/28/2025 08:00:00 AM,30,NO CONTROLS,NO CONTROLS,UNKNOWN,UNKNOWN,PARKED MOTOR VEHICLE,NOT DIVIDED,,STRAIGHT AND LEVEL,UNKNOWN,UNKNOWN,NOT ON SCENE (DESK REPORT),NO INJURY / DRIVE AWAY,,,Y,"OVER $1,500",07/28/2025 05:00:00 PM,UNABLE TO DETERMINE,UNABLE TO DETERMINE,4047,W,69TH ST,833,,,,,,,2,NO INDICATION OF INJURY,0,0,0,0,0,1,0,8,2,7,41.7676006802,-87.7243535608,POINT (-87.724353560835 41.767600680175)
777a2e2e2eaf9d5b90840b1920a1106a73a1089317b7b561fe065e79090011ddd61abae8c827c2f86e85b6e6e5ee5e4c021c4dc8fffaf1a8b3b0a50ac5049e47,,07/28/2025 08:00:00 AM,30,TRAFFIC SIGNAL,FUNCTIONING PROPERLY,CLEAR,DAYLIGHT,REAR END,FOUR WAY,,STRAIGHT AND LEVEL,DRY,NO DEFECTS,NOT ON SCENE (DESK REPORT),NO INJURY / DRIVE AWAY,Y,,Y,"OVER $1,500",07/28/2025 08:50:00 AM,UNABLE TO DETERMINE,NOT APPLICABLE,3752,W,CERMAK RD,1014,,,,,,,3,NO INDICATION OF INJURY,0,0,0,0,0,3,0,8,2,7,41.8517212814,-87.7195399386,POINT (-87.719539938595 41.851721281437)
04b992ea884c996ce06d6fd8736b46bfd165c8c1760e3e9d7daad67f9e9236f0495f809dae8d4a4655f22827bd3ed8585dfb62c5e54ea6bac198d369887019f7,,07/28/2025 07:55:00 AM,30,NO CONTROLS,NO CONTROLS,RAIN,DAYLIGHT,SIDESWIPE OPPOSITE DIRECTION,NOT DIVIDED,,STRAIGHT AND LEVEL,WET,NO DEFECTS,ON SCENE,INJURY AND / OR TOW DUE TO CRASH,,,,"OVER $1,500",07/28/2025 07:56:00 AM,WEATHER,UNABLE TO DETERMINE,1620,W,31ST ST,912,,,,,,,2,NO INDICATION OF INJURY,0,0,0,0,0,2,0,7,2,7,41.8385219682,-87.6667103273,POINT (-87.666710327277 41.838521968217)
05373f85134c3c1e5fc99a4dd309199ca625c1b4c4dfb977e5e50d5bba65de2de5db9dabb177934b0fa6c9618dcf31059c5e42d83b133c1afd234d8c6a2bee8f,,07/28/2025 07:47:00 AM,30,TRAFFIC SIGNAL,FUNCTIONING PROPERLY,RAIN,DAYLIGHT,REAR END,NOT DIVIDED,,STRAIGHT AND LEVEL,WET,UNKNOWN,NOT ON SCENE (DESK REPORT),NO INJURY / DRIVE AWAY,Y,,,"OVER $1,500",07/28/2025 08:30:00 AM,FOLLOWING TOO CLOSELY,UNABLE TO DETERMINE,1550,E,53RD ST,234,,,,,,,2,NO INDICATION OF INJURY,0,0,0,0,0,2,0,7,2,7,41.7996745008,-87.5871710837,POINT (-87.58717108366 41.799674500808)
40a6d46da7e470918a6ddd97dca818dc24026e6c9d18e3bb321ed88a63e6fde26923d61b4465459c64af12fcc07f32cdd9ba07f6a4c20e49d4a416c31b16fd76,,07/28/2025 07:30:00 AM,30,NO CONTROLS,NO CONTROLS,CLEAR,DUSK,PARKED MOTOR VEHICLE,PARKING LOT,,STRAIGHT AND LEVEL,DRY,NO DEFECTS,,NO INJURY / DRIVE AWAY,,,Y,"OVER $1,500",07/28/2025 09:08:00 AM,UNABLE TO DETERMINE,DRIVING SKILLS/KNOWLEDGE/EXPERIENCE,3350,N,WESTERN AVE,1921,,,,,,,2,NO INDICATION OF INJURY,0,0,0,0,0,1,0,7,2,7,41.9427471952,-87.6883543215,POINT (-87.688354321496 41.942747195164)
72faec7c2bae3c8c42ccbcafffeb21775ae8a18d9190f16bcbad7fd204b70f337e3856a06971376bb3a69d8d5c10f05fc5d219e19377bc977dca99ff6a121bb1,,07/28/2025 07:20:00 AM,35,TRAFFIC SIGNAL,FUNCTIONING PROPERLY,RAIN,DAYLIGHT,SIDESWIPE SAME DIRECTION,DIVIDED - W/MEDIAN BARRIER,,STRAIGHT AND LEVEL,WET,NO DEFECTS,ON SCENE,NO INJURY / DRIVE AWAY,,,,"OVER $1,500",07/28/2025 07:30:00 AM,UNABLE TO DETERMINE,NOT APPLICABLE,5511,S,HARLEM AVE,811,,,,,,,2,NO INDICATION OF INJURY,0,0,0,0,0,2,0,7,2,7,41.7915512909,-87.8013656709,POINT (-87.801365670911 41.791551290879)
f69d51412eaf1ec35c8ba36645e86b8c9d8c05e498f7b2420da8800258339cb28fbb2e6773496055c38851e0e748889d8a429b93b3f0ba586191154e2d484107,,07/28/2025 07:20:00 AM,35,NO CONTROLS,NO CONTROLS,CLEAR,DUSK,PARKED MOTOR VEHICLE,NOT DIVIDED,,STRAIGHT AND LEVEL,DRY,NO DEFECTS,,NO INJURY / DRIVE AWAY,,,Y,"$501 - $1,500",07/29/2025 05:40:00 PM,UNABLE TO DETERMINE,NOT APPLICABLE,3027,N,ALLEN AVE,1412,,,,,,,2,NO INDICATION OF INJURY,0,0,0,0,0,1,0,7,2,7,41.9359228462,-87.7129665144,POINT (-87.712966514392 41.93592284623)
e34935370a17e700509ea720df66ddf77da00f3e2ab92e2f7100322fc07323f819b366ba099b8ecf84cbfe37a428e098b19cb2cc34091a7a26968fab9f4f2c4e,,07/28/2025 07:15:00 AM,30,TRAFFIC SIGNAL,FUNCTIONING PROPERLY,CLEAR,DAYLIGHT,TURNING,T-INTERSECTION,,STRAIGHT AND LEVEL,DRY,NO DEFECTS,NOT ON SCENE (DESK REPORT),INJURY AND / OR TOW DUE TO CRASH,Y,,Y,"OVER $1,500",07/29/2025 05:30:00 PM,FAILING TO YIELD RIGHT-OF-WAY,UNABLE TO DETERMINE,4400,W,FOSTER AVE,1712,,,,,,,2,NO INDICATION OF INJURY,0,0,0,0,0,2,0,7,2,7,41.9755376067,-87.7381686488,POINT (-87.738168648844 41.975537606657)
c13ad13771931f07f5633864b06b3e88effdf0470d3856071fa8b8bdee31b869cb6db0e78d6591da810e7f01739adf3f42df058761b2d16ca3099c8b5b390771,,07/28/2025 07:02:00 AM,20,TRAFFIC SIGNAL,FUNCTIONING PROPERLY,CLOUDY/OVERCAST,DAYLIGHT,FIXED OBJECT,ONE-WAY,,"CURVE, LEVEL",DRY,NO DEFECTS,ON SCENE,INJURY AND / OR TOW DUE TO CRASH,,,,"OVER $1,500",07/28/2025 07:08:00 AM,DRIVING ON WRONG SIDE/WRONG WAY,DRIVING ON WRONG SIDE/WRONG WAY,1020,W,SHERIDAN RD,2432,,,,,,,1,NO INDICATION OF INJURY,0,0,0,0,0,2,0,7,2,7,41.9983353693,-87.6572101254,POINT (-87.657210125387 41.998335369336)
b73375a8527e7b9742cb908869c424193f8990db4d0d6064737cbb0108335edd417663a9b2380ba67414d58740069c01e232d9cff9287aef1f36f7debcb869a8,,07/28/2025 06:58:00 AM,30,NO CONTROLS,NO CONTROLS,CLOUDY/OVERCAST,DAYLIGHT,PARKED MOTOR VEHICLE,PARKING LOT,,STRAIGHT AND LEVEL,DRY,NO DEFECTS,ON SCENE,INJURY AND / OR TOW DUE TO CRASH,,N,,"OVER $1,500",07/28/2025 07:01:00 AM,"OPERATING VEHICLE IN ERRATIC, RECKLESS, CARELESS, NEGLIGENT OR AGGRESSIVE MANNER",UNABLE TO DETERMINE,1240,N,HOMAN AVE,1422,,,,,,,2,NO INDICATION OF INJURY,0,0,0,0,0,1,0,6,2,7,41.9039966116,-87.7118609566,POINT (-87.711860956634 41.903996611626)
fbca91105c0b84531de2fd10c5a17a199857113bf77425eba857187f8df8438c97250b8ccc7ab09e19112ac5b1f97c24ce09512dbdf863afeb2e02b0c3c53aaa,,07/28/2025 06:52:00 AM,25,NO CONTROLS,NO CONTROLS,CLEAR,DAWN,PARKED MOTOR VEHICLE,NOT DIVIDED,,STRAIGHT AND LEVEL,DRY,NO DEFECTS,ON SCENE,NO INJURY / DRIVE AWAY,,,,"OVER $1,500",07/28/2025 07:23:00 AM,UNABLE TO DETERMINE,UNABLE TO DETERMINE,5383,N,BOWMANVILLE AVE,2012,,,,,,,3,NO INDICATION OF INJURY,0,0,0,0,0,1,0,6,2,7,41.9790885814,-87.68507235,POINT (-87.685072350033 41.979088581361)
26a3acc06850637b5a86e085ea4b0fae2a9baccb0c2a43514365f9c01fd867b1fc885cb4c71ff781801ffedfe041a57ea5dfe095ac117c3224909290d841cc2b,,07/28/2025 06:34:00 AM,30,UNKNOWN,UNKNOWN,CLEAR,DAYLIGHT,ANGLE,NOT DIVIDED,,STRAIGHT AND LEVEL,DRY,UNKNOWN,NOT ON SCENE (DESK REPORT),NO INJURY / DRIVE AWAY,,,,"OVER $1,500",07/28/2025 07:10:00 AM,NOT APPLICABLE,NOT APPLICABLE,5537,S,EVERETT AVE,235,,,,,,,2,NO INDICATION OF INJURY,0,0,0,0,0,2,0,6,2,7,41.7941469407,-87.5823653603,POINT (-87.582365360259 41.794146940672)
231e9b99a2815be67e78f6a0022831fc49a96692c8be7a3d5112862fac968f74fb8239e661a13fbd16b296cfb1465e405c559c3e6e1f9f0cd3952e280155ed7b,,07/28/2025 06:30:00 AM,30,NO CONTROLS,NO CONTROLS,CLOUDY/OVERCAST,DAYLIGHT,TURNING,NOT DIVIDED,,STRAIGHT AND LEVEL,DRY,NO DEFECTS,NOT ON SCENE (DESK REPORT),NO INJURY / DRIVE AWAY,,,,"OVER $1,500",07/28/2025 07:30:00 AM,UNABLE TO DETERMINE,UNABLE TO DETERMINE,845,W,IRVING PARK RD,1923,,,,,,,2,NO INDICATION OF INJURY,0,0,0,0,0,2,0,6,2,7,41.9544225677,-87.6514833063,POINT (-87.6514833063 41.954422567739)
9e234038c18c4a7ae8f5b35c6e31105cb20e6351359cd396f6f6b171f4773676cda812a35e5811f6a0e74ba5f7334f9f9b1310a87390772e8e7d18a591977df6,,07/28/2025 06:26:00 AM,20,NO CONTROLS,NO CONTROLS,CLEAR,DAYLIGHT,FIXED OBJECT,NOT DIVIDED,,STRAIGHT AND LEVEL,DRY,NO DEFECTS,ON SCENE,NO INJURY / DRIVE AWAY,,,,"$501 - $1,500",07/28/2025 06:40:00 AM,NOT APPLICABLE,NOT APPLICABLE,2198,W,LE MOYNE ST,1424,,,,,,,2,NO INDICATION OF INJURY,0,0,0,0,0,1,0,6,2,7,41.9082827897,-87.6821661558,POINT (-87.682166155788 41.908282789723)
2c0f042309f0fdfb40f23c2eaf771d263eff7f9342bbe3459a1478ca56f40d5b4f5fe575a755c8eba920aec5633285ed0c1bc3f3e42b3ff40015fbec527b792f,,07/28/2025 06:20:00 AM,30,NO CONTROLS,NO CONTROLS,CLOUDY/OVERCAST,DAWN,ANGLE,ONE-WAY,,STRAIGHT AND LEVEL,UNKNOWN,UNKNOWN,NOT ON SCENE (DESK REPORT),NO INJURY / DRIVE AWAY,,,,"OVER $1,500",07/28/2025 04:45:00 PM,NOT APPLICABLE,NOT APPLICABLE,2636,N,LAMON AVE,2521,,,,,,,2,NO INDICATION OF INJURY,0,0,0,0,0,2,0,6,2,7,41.9290003492,-87.7491082044,POINT (-87.749108204415 41.929000349163)
de286311806cfc212f1f5ab7238f116196571a51537bfd66771eb406da94f0afbad9cc330675e34019b2f0bd1d75481d7eeb1bcedded5f3e3be52eb48f8c2de1,,07/28/2025 05:58:00 AM,30,NO CONTROLS,NO CONTROLS,RAIN,DAWN,PARKED MOTOR VEHICLE,NOT DIVIDED,,STRAIGHT AND LEVEL,WET,NO DEFECTS,ON SCENE,INJURY AND / OR TOW DUE TO CRASH,,,,"OVER $1,500",07/28/2025 05:58:00 AM,UNDER THE INFLUENCE OF ALCOHOL/DRUGS (USE WHEN ARREST IS EFFECTED),UNDER THE INFLUENCE OF ALCOHOL/DRUGS (USE WHEN ARREST IS EFFECTED),6218,W,DIVERSEY AVE,2511,,,,,,,3,NO INDICATION OF INJURY,0,0,0,0,0,1,0,5,2,7,41.9311685967,-87.7815948335,POINT (-87.781594833535 41.931168596741)
df6cf88f4e40b9102b0f02e40bc804ed73333fdf47ca826c7c4d35902e003b187a3f33c50f04e9e5429774dd51e40c2753dcff32b6e6ff8277d6523ac3132029,,07/28/2025 05:45:00 AM,30,NO CONTROLS,NO CONTROLS,CLEAR,DAYLIGHT,FIXED OBJECT,NOT DIVIDED,,STRAIGHT AND LEVEL,DRY,NO DEFECTS,ON SCENE,INJURY AND / OR TOW DUE TO CRASH,N,,,"OVER $1,500",07/28/2025 05:51:00 AM,NOT APPLICABLE,NOT APPLICABLE,8558,S,DREXEL AVE,632,,,,,,,1,NONINCAPACITATING INJURY,1,0,0,1,0,0,0,5,2,7,41.7385931111,-87.602594633,POINT (-87.602594633049 41.738593111134)
2530c6790f37e0a06147021f9c6d214b250544c001698fee7fd19c34f2215262dca10ed22263c0505ab55c39731079ccd24c4218db04d805a1a23510d12d79bb,,07/28/2025 05:08:00 AM,30,NO CONTROLS,NO CONTROLS,CLEAR,DAYLIGHT,REAR TO FRONT,ONE-WAY,,STRAIGHT AND LEVEL,DRY,UNKNOWN,ON SCENE,NO INJURY / DRIVE AWAY,,,,"OVER $1,500",07/28/2025 05:08:00 AM,IMPROPER BACKING,DRIVING SKILLS/KNOWLEDGE/EXPERIENCE,2723,S,WHIPPLE ST,1033,,,,N,,,2,NO INDICATION OF INJURY,0,0,0,0,0,3,0,5,2,7,41.8420457945,-87.7011414634,POINT (-87.701141463426 41.842045794532)
475b5374b312fe3769efdc81804d8b94bd65a2e05fb77f4fa4a9428e61a409d2c17cf2f4bd0cf9c8135391e615ea00a083f8ac71f6bb3e3db637c720aa99a2fa,N,07/28/2025 05:00:00 AM,20,NO CONTROLS,NO CONTROLS,CLEAR,UNKNOWN,PARKED MOTOR VEHICLE,NOT DIVIDED,,STRAIGHT AND LEVEL,DRY,NO DEFECTS,ON SCENE,INJURY AND / OR TOW DUE TO CRASH,,,Y,"OVER $1,500",07/28/2025 08:16:00 AM,UNABLE TO DETERMINE,UNABLE TO DETERMINE,1026,W,BUENA AVE,1915,,,,,,,4,NO INDICATION OF INJURY,0,0,0,0,0,1,0,5,2,7,41.9585251746,-87.6557616495,POINT (-87.655761649522 41.958525174634)
5196e5737901287ed6f91c475431ab5861876530b73e6cff643aee9d5afb33f23526d085c2455dfa3149aa6679a07932f1f5dd4d86554d113fab2a6e0a141473,,07/28/2025 04:57:00 AM,25,TRAFFIC SIGNAL,UNKNOWN,CLEAR,DAWN,TURNING,FOUR WAY,,STRAIGHT AND LEVEL,DRY,UNKNOWN,ON SCENE,NO INJURY / DRIVE AWAY,,,Y,"OVER $1,500",07/28/2025 05:10:00 AM,IMPROPER OVERTAKING/PASSING,IMPROPER TURNING/NO SIGNAL,131,E,CHICAGO AVE,1833,,,,,,,2,NO INDICATION OF INJURY,0,0,0,0,0,4,0,4,2,7,41.896623734,-87.6242695988,POINT (-87.624269598843 41.896623734019)
3377ae8fc52f128ed6c71e20928f356530f4fd7c6f78111c750bb0097ffcab6c09fe5e6500c04492ac9fa660e4ec96913d6053400d0c2379c9a76fc25f6a34f3,,07/28/2025 04:37:00 AM,20,NO CONTROLS,NO CONTROLS,CLEAR,"DARKNESS, LIGHTED ROAD",FIXED OBJECT,ONE-WAY,,STRAIGHT AND LEVEL,DRY,UNKNOWN,ON SCENE,INJURY AND / OR TOW DUE TO CRASH,,Y,,"OVER $1,500",07/28/2025 04:37:00 AM,UNABLE TO DETERMINE,UNABLE TO DETERMINE,2632,S,CHRISTIANA AVE,1032,,,,,,,1,NO INDICATION OF INJURY,0,0,0,0,0,1,0,4,2,7,41.8434672349,-87.7088104456,POINT (-87.708810445567 41.843467234863)
032c923d5f919c5b57ed38da79afa0898de01b30c4947d3c03ade5cab796f028159341114a4364e106b15d27e60bb2265852c83aa591b93056c93ff642440c85,,07/28/2025 04:24:00 AM,30,TRAFFIC SIGNAL,FUNCTIONING PROPERLY,CLEAR,DAWN,TURNING,NOT DIVIDED,,STRAIGHT AND LEVEL,DRY,NO DEFECTS,NOT ON SCENE (DESK REPORT),INJURY AND / OR TOW DUE TO CRASH,,,Y,"OVER $1,500",07/28/2025 04:24:00 AM,DISREGARDING TRAFFIC SIGNALS,NOT APPLICABLE,6359,S,COTTAGE GROVE AVE,312,,,,,,,2,"REPORTED, NOT EVIDENT",1,0,0,0,1,1,0,4,2,7,41.7786868342,-87.6057456001,POINT (-87.60574560007 41.778686834157)
17c9a06e7e5cc6896e380ae6ecf24f895dbb5f0a14066cb149854ccb422cd1c72558ef4cb236749f7489822b91e839e5034b045c91750fc7eca8771c9f7e9d2e,Y,07/28/2025 04:22:00 AM,25,NO CONTROLS,NO CONTROLS,CLEAR,"DARKNESS, LIGHTED ROAD",FIXED OBJECT,NOT DIVIDED,,STRAIGHT AND LEVEL,UNKNOWN,UNKNOWN,ON SCENE,INJURY AND / OR TOW DUE TO CRASH,,,,"OVER $1,500",07/28/2025 04:25:00 AM,UNABLE TO DETERMINE,NOT APPLICABLE,7120,S,HALSTED ST,733,,,,,,,1,NONINCAPACITATING INJURY,1,0,0,1,0,0,0,4,2,7,41.7645449087,-87.6445418134,POINT (-87.644541813386 41.764544908707)
6b4eff9b4163b4b93c4cea5bed2d1c4fc4350580c8fb94dd6793d6e98d42a4fdee4bcb5a1ff37f505977d656d02366f5a4af3d7aa7fdd7e2027d4fee4e50a099,,07/28/2025 03:58:00 AM,25,NO CONTROLS,NO CONTROLS,CLEAR,DARKNESS,PARKED MOTOR VEHICLE,ONE-WAY,,STRAIGHT AND LEVEL,DRY,NO DEFECTS,NOT ON SCENE (DESK REPORT),NO INJURY / DRIVE AWAY,,,Y,"OVER $1,500",08/02/2025 07:10:00 PM,UNABLE TO DETERMINE,UNABLE TO DETERMINE,4128,W,WABANSIA AVE,2534,,,,,,,2,NO INDICATION OF INJURY,0,0,0,0,0,1,0,3,2,7,41.9117696553,-87.7299920013,POINT (-87.729992001329 41.911769655338)
1b8a0f0cbeb937c35dea02565cb2d755caf90bd3e3ac691b473d292d3936b5a58ca68c01e857fe172a08b084f9eed65861e6c2f71cb05130fce5454b8431fb0f,,07/28/2025 03:00:00 AM,30,NO CONTROLS,NO CONTROLS,CLEAR,DARKNESS,PARKED MOTOR VEHICLE,NOT DIVIDED,,STRAIGHT AND LEVEL,DRY,NO DEFECTS,ON SCENE,INJURY AND / OR TOW DUE TO CRASH,,,Y,"OVER $1,500",07/28/2025 02:48:00 PM,NOT APPLICABLE,NOT APPLICABLE,6039,W,FULLERTON AVE,2512,,,,,,,3,NO INDICATION OF INJURY,0,0,0,0,0,1,0,3,2,7,41.9236922978,-87.7773023317,POINT (-87.777302331671 41.923692297815)
aecdf8780c3d68f46487c46c01934ed12046296375e3a010019fccb0418c37d6f8e87be96389b19e44716fd1466c81141e24286ef09f97b5d512a3dc484f489a,,07/28/2025 03:00:00 AM,30,NO CONTROLS,NO CONTROLS,CLEAR,"DARKNESS, LIGHTED ROAD",PARKED MOTOR VEHICLE,OTHER,,STRAIGHT AND LEVEL,DRY,NO DEFECTS,ON SCENE,INJURY AND / OR TOW DUE TO CRASH,,,,"$501 - $1,500",07/28/2025 03:02:00 AM,DISTRACTION - FROM INSIDE VEHICLE,DISTRACTION - FROM INSIDE VEHICLE,9236,S,SAGINAW AVE,423,,,,,,,2,"REPORTED, NOT EVIDENT",1,0,0,0,1,0,0,3,2,7,41.7270311907,-87.5596197836,POINT (-87.559619783624 41.727031190749)
3df4ec31facc32021e874e49d241d92c2fba24980f5ac86fe58415442e94fc1b231f6fe45a7b0555cd957775ebfd713d4cf4641951d9f8357c1bbcfbfad52a10,,07/28/2025 02:50:00 AM,30,STOP SIGN/FLASHER,FUNCTIONING PROPERLY,CLEAR,"DARKNESS, LIGHTED ROAD",ANGLE,DIVIDED - W/MEDIAN (NOT RAISED),,STRAIGHT AND LEVEL,DRY,NO DEFECTS,ON SCENE,INJURY AND / OR TOW DUE TO CRASH,,,Y,"$501 - $1,500",07/28/2025 03:00:00 AM,FAILING TO YIELD RIGHT-OF-WAY,NOT APPLICABLE,731,E,76TH ST,624,,,,,,,2,NO INDICATION OF INJURY,0,0,0,0,0,2,0,2,2,7,41.7566269603,-87.6066429722,POINT (-87.606642972209 41.756626960286)
3305b0497761c4b5f251d524d4c08f08a168e396455c0c571f4da569d00f824e064530b2fabfe05b103ed004944abe5b23bdc9585a996928b97d4ec7a8d0f98b,,07/28/2025 02:30:00 AM,30,TRAFFIC SIGNAL,FUNCTIONING PROPERLY,CLEAR,"DARKNESS, LIGHTED ROAD",TURNING,FOUR WAY,,STRAIGHT AND LEVEL,DRY,NO DEFECTS,NOT ON SCENE (DESK REPORT),NO INJURY / DRIVE AWAY,,,Y,"OVER $1,500",07/28/2025 03:09:00 AM,DISREGARDING TRAFFIC SIGNALS,NOT APPLICABLE,221,W,LOWER WACKER DR,122,,,,,,,2,NO INDICATION OF INJURY,0,0,0,0,0,2,0,2,2,7,41.8866818439,-87.634729405,POINT (-87.634729405046 41.886681843855)
c8173f30fb0a9601d3b5aafc14c1f4f332b11ba64a6e62406b80b16c3dc8feb6d11fdbd7b32b324db71ae780d0a0847a7c0d14da18e3744d1c6be3695fe86e08,,07/28/2025 02:30:00 AM,30,NO CONTROLS,NO CONTROLS,CLEAR,"DARKNESS, LIGHTED ROAD",FIXED OBJECT,NOT DIVIDED,,STRAIGHT AND LEVEL,DRY,NO DEFECTS,ON SCENE,INJURY AND / OR TOW DUE TO CRASH,,,,"OVER $1,500",07/28/2025 02:31:00 AM,EQUIPMENT - VEHICLE CONDITION,EQUIPMENT - VEHICLE CONDITION,335,W,OAK ST,1823,,,,,,,1,NONINCAPACITATING INJURY,1,0,0,1,0,0,0,2,2,7,41.9003960106,-87.6372872454,POINT (-87.637287245364 41.900396010591)
eb1ca1093d2bf178552421cea2265500b1390d6d03c32df80dc976dbae57cfc80166d3bcf44fe324530fdc764a95249467deeb3bbbf8717ca1386dfdec0ed9b3,Y,07/28/2025 02:20:00 AM,20,NO CONTROLS,NO CONTROLS,CLEAR,"DARKNESS, LIGHTED ROAD",PARKED MOTOR VEHICLE,NOT DIVIDED,,STRAIGHT AND LEVEL,DRY,NO DEFECTS,ON SCENE,INJURY AND / OR TOW DUE TO CRASH,,,,"$501 - $1,500",07/28/2025 02:25:00 AM,DRIVING SKILLS/KNOWLEDGE/EXPERIENCE,NOT APPLICABLE,3499,S,EMERALD AVE,915,,,,,,,3,NONINCAPACITATING INJURY,1,0,0,1,0,0,0,2,2,7,41.8308597212,-87.6447452565,POINT (-87.644745256531 41.830859721223)
134d87ccea2d87ecaeb69a85e771c75d975fced9d78ed3bb5cd5585658d4e1cbe7868b59205b364b97be66d6482f016fc3c40ddf287b89d4aa9e57396e4053f8,,07/28/2025 02:13:00 AM,30,TRAFFIC SIGNAL,UNKNOWN,CLEAR,"DARKNESS, LIGHTED ROAD",REAR END,DIVIDED - W/MEDIAN (NOT RAISED),,STRAIGHT AND LEVEL,DRY,NO DEFECTS,ON SCENE,INJURY AND / OR TOW DUE TO CRASH,,,Y,"OVER $1,500",07/28/2025 02:13:00 AM,UNABLE TO DETERMINE,UNABLE TO DETERMINE,2,N,CICERO AVE,1533,,,,,,,2,NO INDICATION OF INJURY,0,0,0,0,0,4,0,2,2,7,41.8805608804,-87.7454268433,POINT (-87.745426843318 41.880560880395)
2f9fc87e17b828032be197186f3af44e45c2def87efa54f6ade408eef0523b61fd24e0fa0633d0e42eaa9715d219867477d8996a585db8e8586b60c20969cf96,,07/28/2025 02:07:00 AM,30,NO CONTROLS,NO CONTROLS,CLEAR,UNKNOWN,PARKED MOTOR VEHICLE,ONE-WAY,,STRAIGHT AND LEVEL,UNKNOWN,UNKNOWN,NOT ON SCENE (DESK REPORT),INJURY AND / OR TOW DUE TO CRASH,,,Y,"OVER $1,500",07/28/2025 03:30:00 PM,UNABLE TO DETERMINE,NOT APPLICABLE,1311,N,HOYNE AVE,1424,,,,,,,2,NO INDICATION OF INJURY,0,0,0,0,0,1,0,2,2,7,41.9053166961,-87.6796168131,POINT (-87.679616813137 41.905316696098)
76a6f56178ce8d4626c499c0a0a623adb56e0320c3910921bd7d376973146d24d00dd1f96f060296db19cbd0744277d739381385b2a776531eb7091e70e71baf,,07/28/2025 02:00:00 AM,30,TRAFFIC SIGNAL,FUNCTIONING PROPERLY,CLEAR,"DARKNESS, LIGHTED ROAD",REAR END,DIVIDED - W/MEDIAN (NOT RAISED),,STRAIGHT AND LEVEL,DRY,NO DEFECTS,ON SCENE,INJURY AND / OR TOW DUE TO CRASH,N,,,"$501 - $1,500",07/28/2025 02:07:00 AM,UNABLE TO DETERMINE,UNABLE TO DETERMINE,7201,S,CICERO AVE,833,,,,,,,2,NO INDICATION OF INJURY,0,0,0,0,0,2,0,2,2,7,41.7618480636,-87.7416706473,POINT (-87.741670647349 41.761848063557)
359f0114c517113a841b14adeb277e5498445a57ad850b045a217af9a904039a4322b0580fa9597cbc3692ac0de73d575931f49fafae04509f5c075bbb65d0c0,,07/28/2025 01:45:00 AM,30,NO CONTROLS,NO CONTROLS,CLEAR,"DARKNESS, LIGHTED ROAD",PARKED MOTOR VEHICLE,NOT DIVIDED,,STRAIGHT AND LEVEL,DRY,NO DEFECTS,NOT ON SCENE (DESK REPORT),NO INJURY / DRIVE AWAY,,,Y,"OVER $1,500",07/29/2025 02:30:00 PM,UNABLE TO DETERMINE,UNABLE TO DETERMINE,701,N,DAMEN AVE,1221,,,,,,,2,NO INDICATION OF INJURY,0,0,0,0,0,1,0,1,2,7,41.8941313124,-87.6768546658,POINT (-87.676854665811 41.89413131239)
7711ca614c822fad7d319866b1b1b664a4ae382aca4c35554248003d84ba6ce68b4d255f3daa8ca1608ad4ab0d7160c0b1dc47dad6f3766158289842dc364adf,,07/28/2025 01:40:00 AM,25,STOP SIGN/FLASHER,FUNCTIONING PROPERLY,CLEAR,"DARKNESS, LIGHTED ROAD",OTHER OBJECT,NOT DIVIDED,,STRAIGHT AND LEVEL,DRY,NO DEFECTS,ON SCENE,NO INJURY / DRIVE AWAY,Y,,,"$501 - $1,500",07/28/2025 01:41:00 AM,FAILING TO YIELD RIGHT-OF-WAY,NOT APPLICABLE,6828,W,BYRON ST,1632,,,,,,,1,NO INDICATION OF INJURY,0,0,0,0,0,1,0,1,2,7,41.9510132623,-87.7973564653,POINT (-87.797356465287 41.951013262329)