CRASH_RECORD_ID,CRASH_DATE_EST_I,CRASH_DATE,POSTED_SPEED_LIMIT,TRAFFIC_CONTROL_DEVICE,DEVICE_CONDITION,WEATHER_CONDITION,LIGHTING_CONDITION,FIRST_CRASH_TYPE,TRAFFICWAY_TYPE,LANE_CNT,ALIGNMENT,ROADWAY_SURFACE_COND,ROAD_DEFECT,REPORT_TYPE,CRASH_TYPE,INTERSECTION_RELATED_I,NOT_RIGHT_OF_WAY_I,HIT_AND_RUN_I,DAMAGE,DATE_POLICE_NOTIFIED,PRIM_CONTRIBUTORY_CAUSE,SEC_CONTRIBUTORY_CAUSE,STREET_NO,STREET_DIRECTION,STREET_NAME,BEAT_OF_OCCURRENCE,PHOTOS_TAKEN_I,STATEMENTS_TAKEN_I,DOORING_I,WORK_ZONE_I,WORK_ZONE_TYPE,WORKERS_PRESENT_I,NUM_UNITS,MOST_SEVERE_INJURY,INJURIES_TOTAL,INJURIES_FATAL,INJURIES_INCAPACITATING,INJURIES_NON_INCAPACITATING,INJURIES_REPORTED_NOT_EVIDENT,INJURIES_NO_INDICATION,INJURIES_UNKNOWN,CRASH_HOUR,CRASH_DAY_OF_WEEK,CRASH_MONTH,LATITUDE,LONGITUDE,LOCATION
14c57ae61c7249028de66c8078f842010889f2a2536920b71d7956f2a554bddc4ce6ef598984f425afde77e1dca7d2eec704ee93052d76c5679f67cd03fce5c1,,07/28/2025 01:20:00 AM,30,TRAFFIC SIGNAL,FUNCTIONING PROPERLY,CLEAR,"DARKNESS, LIGHTED ROAD",REAR END,UNKNOWN INTERSECTION TYPE,,STRAIGHT AND LEVEL,DRY,NO DEFECTS,ON SCENE,INJURY AND / OR TOW DUE TO CRASH,,,,"OVER $1,500",07/28/2025 01:47:00 AM,FAILING TO REDUCE SPEED TO AVOID CRASH,FOLLOWING TOO CLOSELY,5362,S,ARCHER AVE,815,,,,,,,2,"REPORTED, NOT EVIDENT",2,0,0,0,2,0,0,1,2,7,41.7987960483,-87.7427886655,POINT (-87.742788665543 41.79879604829)
df97dac87d84ad519fceed013c7d92e08d256c387e2ac49d0c6702d8e9388c5323e723d6b7c763c881f12956ccbf928bc7cd12c1217f49e4496fe2af93886b74,,07/28/2025 01:16:00 AM,30,TRAFFIC SIGNAL,FUNCTIONING PROPERLY,CLEAR,"DARKNESS, LIGHTED ROAD",ANGLE,T-INTERSECTION,,STRAIGHT AND LEVEL,DRY,UNKNOWN,ON SCENE,INJURY AND / OR TOW DUE TO CRASH,Y,,,"OVER $1,500",07/28/2025 01:18:00 AM,DISREGARDING TRAFFIC SIGNALS,NOT APPLICABLE,3200,W,47TH ST,821,,,,,,,2,NO INDICATION OF INJURY,0,0,0,0,0,3,0,1,2,7,41.8082262462,-87.7040316722,POINT (-87.70403167216 41.808226246244)
59ea636bc2a0092733b6ae53d919f4b9fa508a55a3523f4c2f837a16d943b8825ff07c80a03a9eed4e32b180c71944bcd347a9f5324ce5ee408d67be91a269b0,,07/28/2025 01:05:00 AM,30,STOP SIGN/FLASHER,FUNCTIONING PROPERLY,CLEAR,"DARKNESS, LIGHTED ROAD",REAR END,ONE-WAY,,STRAIGHT AND LEVEL,DRY,NO DEFECTS,NOT ON SCENE (DESK REPORT),INJURY AND / OR TOW DUE TO CRASH,Y,,Y,"OVER $1,500",07/28/2025 01:05:00 AM,FOLLOWING TOO CLOSELY,UNABLE TO DETERMINE,4303,W,VAN BUREN ST,1131,,,,,,,2,"REPORTED, NOT EVIDENT",1,0,0,0,1,2,0,1,2,7,41.8750634145,-87.7330312049,POINT (-87.733031204868 41.875063414539)
0c89bea84e6cfee500e414bedffac7cb56f7e41d22317d2629790d0935b6d832b990217889009bc327a0f63df31ed44a85ed44229d1ab91e1e25ea0947a5d89b,,07/28/2025 12:56:00 AM,15,NO CONTROLS,NO CONTROLS,CLEAR,"DARKNESS, LIGHTED ROAD",OTHER OBJECT,PARKING LOT,,STRAIGHT AND LEVEL,DRY,NO DEFECTS,ON SCENE,NO INJURY / DRIVE AWAY,,,,"$501 - $1,500",07/28/2025 12:57:00 AM,FOLLOWING TOO CLOSELY,UNABLE TO DETERMINE,13359,S,BURLEY AVE,433,,,,,,,1,NO INDICATION OF INJURY,0,0,0,0,0,1,0,0,2,7,41.651942887,-87.5445935898,POINT (-87.544593589771 41.651942886987)
72aa20aa6c90992065350ec71c01f2e89084ad4089f10e9896a21bedfa25c46ab828b4a170b30b0439641065e70257725068d866ea147f34f9f83f0de67162db,,07/28/2025 12:44:00 AM,30,NO CONTROLS,NO CONTROLS,CLEAR,"DARKNESS, LIGHTED ROAD",REAR TO SIDE,T-INTERSECTION,,STRAIGHT AND LEVEL,DRY,NO DEFECTS,ON SCENE,NO INJURY / DRIVE AWAY,Y,,,"OVER $1,500",07/28/2025 12:48:00 AM,IMPROPER BACKING,NOT APPLICABLE,75,E,75TH ST,623,,,,,,,2,NO INDICATION OF INJURY,0,0,0,0,0,3,0,0,2,7,41.758178359,-87.6217653706,POINT (-87.621765370569 41.758178358968)
8763831de697b2a7fe9ea0760f982207d946a9505cf751404f79d8f95348ccac6df90d07621499eafff3a7d80522ebf8af0866539efb298ea0967eba5d677840,,07/28/2025 12:30:00 AM,30,NO CONTROLS,NO CONTROLS,CLEAR,"DARKNESS, LIGHTED ROAD",PARKED MOTOR VEHICLE,ONE-WAY,,STRAIGHT AND LEVEL,DRY,NO DEFECTS,ON SCENE,NO INJURY / DRIVE AWAY,,,Y,"OVER $1,500",07/28/2025 12:35:00 AM,UNABLE TO DETERMINE,NOT APPLICABLE,1,W,TERMINAL ST,1651,,,,,,,2,NO INDICATION OF INJURY,0,0,0,0,0,2,0,0,2,7,,,
090524b7dfd5dfd35fa4df686ebaedffefc53542c58b8463c7932c25a13839700c550074e25533ddd8c3cd6b6dd3a8ff8cc5cc827c8069b5be26fda0b01ab018,,07/28/2025 12:14:00 AM,30,NO CONTROLS,NO CONTROLS,CLEAR,"DARKNESS, LIGHTED ROAD",PARKED MOTOR VEHICLE,NOT DIVIDED,,STRAIGHT AND LEVEL,DRY,NO DEFECTS,ON SCENE,INJURY AND / OR TOW DUE TO CRASH,,,,"OVER $1,500",07/28/2025 12:19:00 AM,PHYSICAL CONDITION OF DRIVER,NOT APPLICABLE,6123,S,RACINE AVE,712,,,,,,,2,NO INDICATION OF INJURY,0,0,0,0,0,1,0,0,2,7,41.7825359088,-87.6544297162,POINT (-87.654429716174 41.78253590878)
48b8f9172f0dce14809c0378cf3e81e0102cc7c831f4b87a284756f809d8653775f75ecff7e0c1fea8d41b0a99f50f1916c228c58d6b442f0689e295ae37ae0f,,07/28/2025 12:10:00 AM,30,NO CONTROLS,NO CONTROLS,CLEAR,"DARKNESS, LIGHTED ROAD",PARKED MOTOR VEHICLE,NOT DIVIDED,,STRAIGHT AND LEVEL,DRY,UNKNOWN,NOT ON SCENE (DESK REPORT),NO INJURY / DRIVE AWAY,,,,"OVER $1,500",07/28/2025 12:45:00 PM,IMPROPER BACKING,NOT APPLICABLE,4445,W,FIFTH AVE,1131,,,,,,,2,NO INDICATION OF INJURY,0,0,0,0,0,1,0,0,2,7,41.869737506,-87.7367200733,POINT (-87.736720073277 41.869737506015)
0280737ade4fb75bb66ccd7b67f2d0400796565d4cab4aa4d209e0f5fb7b110d3b406c5be060faf5b77cd226e0386628540bbb738ae56465f838a43b1305c9a5,,07/28/2025 12:01:00 AM,30,NO CONTROLS,NO CONTROLS,CLEAR,"DARKNESS, LIGHTED ROAD",PARKED MOTOR VEHICLE,NOT DIVIDED,,STRAIGHT AND LEVEL,DRY,NO DEFECTS,NOT ON SCENE (DESK REPORT),NO INJURY / DRIVE AWAY,,,Y,"OVER $1,500",07/29/2025 11:10:00 AM,UNABLE TO DETERMINE,NOT APPLICABLE,1237,S,THROOP ST,1233,,,,,,,2,NO INDICATION OF INJURY,0,0,0,0,0,1,0,0,2,7,41.8659660363,-87.658949801,POINT (-87.658949800971 41.865966036288)
aac25c30aeea72dbdd734b0aef4cbc4b2f42b2baddbc0b95638df3bd240f2274d67511450d0e10b840b0a49cc6cda0e527cdd4d6bb645086cfb5e2b051979358,,07/28/2025 12:01:00 AM,30,NO CONTROLS,NO CONTROLS,CLEAR,"DARKNESS, LIGHTED ROAD",PARKED MOTOR VEHICLE,NOT DIVIDED,,STRAIGHT AND LEVEL,DRY,NO DEFECTS,NOT ON SCENE (DESK REPORT),NO INJURY / DRIVE AWAY,,,,"OVER $1,500",07/28/2025 08:20:00 PM,DRIVING SKILLS/KNOWLEDGE/EXPERIENCE,UNABLE TO DETERMINE,451,N,SPRINGFIELD AVE,1122,,,,,,,2,NO INDICATION OF INJURY,0,0,0,0,0,2,0,0,2,7,41.8894490319,-87.7233262665,POINT (-87.723326266544 41.8894490319)
de09fe7b30e0908449d26bf2479bcfd505317109484a919e6dc36042d28f8c6773fb67ec543a41938456896c87dbf34da6d686a58814db895c7e79221229218e,,07/28/2025 12:01:00 AM,30,TRAFFIC SIGNAL,FUNCTIONING PROPERLY,CLEAR,DARKNESS,SIDESWIPE SAME DIRECTION,FOUR WAY,,STRAIGHT AND LEVEL,DRY,NO DEFECTS,NOT ON SCENE (DESK REPORT),NO INJURY / DRIVE AWAY,,,Y,"OVER $1,500",07/29/2025 12:35:00 PM,DRIVING SKILLS/KNOWLEDGE/EXPERIENCE,UNABLE TO DETERMINE,2756,W,71ST ST,831,,,,,,,2,NO INDICATION OF INJURY,0,0,0,0,0,2,0,0,2,7,41.7646520998,-87.6928864174,POINT (-87.692886417362 41.76465209983)
7fef9ce83245fcc49dd73990b951821ac0e6d0adadcc07df2d5db0eb9a5260d56beac42075eea7975714681e498fe462936ce3228ef50a7598e78240b6a80485,Y,07/28/2025 12:00:00 AM,35,NO CONTROLS,NO CONTROLS,CLEAR,"DARKNESS, LIGHTED ROAD",PARKED MOTOR VEHICLE,NOT DIVIDED,,STRAIGHT AND LEVEL,DRY,NO DEFECTS,ON SCENE,NO INJURY / DRIVE AWAY,,,Y,"OVER $1,500",07/28/2025 05:46:00 AM,UNABLE TO DETERMINE,UNABLE TO DETERMINE,2835,W,MORSE AVE,2411,,,,,,,3,NO INDICATION OF INJURY,0,0,0,0,0,1,0,0,2,7,42.0065176919,-87.7011717121,POINT (-87.701171712051 42.006517691917)
ec074fce22709d96a0c9f285b50c48f1de5bc9170b1360691c597094f88c4061e5e750e44cd183442bb0252d61a45a901db6fc7fb7c7734f2398945b11cd065f,,07/28/2025 12:00:00 AM,20,NO CONTROLS,NO CONTROLS,UNKNOWN,UNKNOWN,PARKED MOTOR VEHICLE,ONE-WAY,,STRAIGHT AND LEVEL,UNKNOWN,UNKNOWN,NOT ON SCENE (DESK REPORT),NO INJURY / DRIVE AWAY,,,Y,"OVER $1,500",07/28/2025 05:15:00 PM,UNABLE TO DETERMINE,UNABLE TO DETERMINE,7838,S,ADA ST,612,,,,,,,2,NO INDICATION OF INJURY,0,0,0,0,0,1,0,0,2,7,41.7511041144,-87.6571312907,POINT (-87.657131290736 41.751104114384)
9a4cae9d213e4f2f76c944a28bfcd13a5a92c69f595d494c3e7789293f6b723acfbe1ed5a1e5817f14706aa9d1fc4eb844e3b902295527c6bd045ad1361c764b,,07/27/2025 11:52:00 PM,25,OTHER,FUNCTIONING PROPERLY,CLEAR,"DARKNESS, LIGHTED ROAD",REAR END,DIVIDED - W/MEDIAN (NOT RAISED),,STRAIGHT AND LEVEL,DRY,NO DEFECTS,ON SCENE,INJURY AND / OR TOW DUE TO CRASH,,,Y,"$501 - $1,500",07/27/2025 11:53:00 PM,NOT APPLICABLE,FAILING TO REDUCE SPEED TO AVOID CRASH,1211,S,WESTERN AVE,1233,,,,,,,2,"REPORTED, NOT EVIDENT",1,0,0,0,1,1,0,23,1,7,41.8662550234,-87.6858819302,POINT (-87.68588193018 41.866255023423)
cc6350f8bf9ee0b5dde0b2bc9a19df4ec754d81c362d8f677b8574c360ddcbafcb66f2ff3b5cd3068d87e3de7a959578f6fc3be315b60880741d3feda5b4abca,Y,07/27/2025 11:42:00 PM,35,NO CONTROLS,NO CONTROLS,CLEAR,"DARKNESS, LIGHTED ROAD",FIXED OBJECT,NOT DIVIDED,,STRAIGHT AND LEVEL,DRY,NO DEFECTS,ON SCENE,INJURY AND / OR TOW DUE TO CRASH,,,Y,"OVER $1,500",07/28/2025 01:40:00 AM,NOT APPLICABLE,NOT APPLICABLE,1654,E,130TH ST,434,,,,,,,1,NO INDICATION OF INJURY,0,0,0,0,0,1,0,23,1,7,41.660224474,-87.5853329001,POINT (-87.585332900062 41.660224474022)
26a3710fc8441d2087ac77241c55c8587b812f90d8a1fea421efa935f277e7e08bc8bfc74ff3e4ea1f4210d8c3e99c5af51128d7c80be4f22d4cdd18cb2090b7,,07/27/2025 11:36:00 PM,30,STOP SIGN/FLASHER,NO CONTROLS,CLEAR,"DARKNESS, LIGHTED ROAD",REAR END,NOT DIVIDED,,STRAIGHT AND LEVEL,DRY,NO DEFECTS,NOT ON SCENE (DESK REPORT),NO INJURY / DRIVE AWAY,,,,"OVER $1,500",07/28/2025 09:33:00 AM,FOLLOWING TOO CLOSELY,NOT APPLICABLE,700,W,ROOSEVELT RD,1232,,,,,,,2,NO INDICATION OF INJURY,0,0,0,0,0,2,0,23,1,7,41.8672871622,-87.6452469415,POINT (-87.645246941532 41.867287162218)
cfe5785ca31c3861b6b4a228093c6b14be02c4db56153759882ace7df7bae8c94c2a6d981934e259b7ecaef9d6e01f7dc093850938eb4c76b4bc10002bb23f72,,07/27/2025 11:29:00 PM,30,NO CONTROLS,NO CONTROLS,CLEAR,"DARKNESS, LIGHTED ROAD",REAR END,ONE-WAY,,STRAIGHT AND LEVEL,DRY,NO DEFECTS,ON SCENE,NO INJURY / DRIVE AWAY,,,,"OVER $1,500",07/27/2025 11:30:00 PM,UNABLE TO DETERMINE,NOT APPLICABLE,1854,S,BLUE ISLAND AVE,1233,,,,,,,2,NO INDICATION OF INJURY,0,0,0,0,0,3,0,23,1,7,41.8565181245,-87.6624796913,POINT (-87.662479691294 41.856518124473)
85cd44cd75891e9fad8b851441c19dca56d597e531829b2367b0dee5e4ec6c2347d1fb6293328609414f1dae971c2481751facd87793cb9cacfed63df7fee62e,,07/27/2025 11:25:00 PM,30,TRAFFIC SIGNAL,FUNCTIONING PROPERLY,CLEAR,"DARKNESS, LIGHTED ROAD",TURNING,NOT DIVIDED,,STRAIGHT AND LEVEL,DRY,UNKNOWN,ON SCENE,INJURY AND / OR TOW DUE TO CRASH,,,,"OVER $1,500",07/27/2025 11:41:00 PM,FAILING TO YIELD RIGHT-OF-WAY,FAILING TO REDUCE SPEED TO AVOID CRASH,416,W,BELMONT AVE,1925,,,,,,,2,"REPORTED, NOT EVIDENT",1,0,0,0,1,1,0,23,1,7,41.9402157478,-87.6402847129,POINT (-87.640284712898 41.940215747767)
15595f9fa44e5f7a85afd5580041df909931db97d0ba9257031f857714ecc31b6102cad01914fe67a54acc9d7ec2fd91934965f3a60da5f9e17a6eb9e9414587,,07/27/2025 11:20:00 PM,25,NO CONTROLS,NO CONTROLS,UNKNOWN,UNKNOWN,PARKED MOTOR VEHICLE,ONE-WAY,,STRAIGHT AND LEVEL,UNKNOWN,UNKNOWN,NOT ON SCENE (DESK REPORT),NO INJURY / DRIVE AWAY,,,Y,"OVER $1,500",07/28/2025 02:20:00 PM,UNABLE TO DETERMINE,UNABLE TO DETERMINE,6639,S,SACRAMENTO AVE,831,,,,,,,2,NO INDICATION OF INJURY,0,0,0,0,0,1,0,23,1,7,41.7724093123,-87.6979499223,POINT (-87.69794992234 41.772409312331)
705d820de6117c4b0141c4fe2b32e4d4831e53c206531c17b12ef23e01db0a9f17f1c0aea063faf93197bb74005f536e9b0a587b2153eec75265b35ce70e507a,,07/27/2025 11:19:00 PM,30,TRAFFIC SIGNAL,FUNCTIONING PROPERLY,CLEAR,"DARKNESS, LIGHTED ROAD",REAR END,NOT DIVIDED,,STRAIGHT AND LEVEL,DRY,NO DEFECTS,ON SCENE,NO INJURY / DRIVE AWAY,Y,,,"OVER $1,500",07/27/2025 11:27:00 PM,FOLLOWING TOO CLOSELY,UNABLE TO DETERMINE,4015,W,63RD ST,813,,,,,,,2,NO INDICATION OF INJURY,0,0,0,0,0,4,0,23,1,7,41.7785407151,-87.7234589336,POINT (-87.723458933579 41.778540715111)
34a093f764bc36e69a4d0487f1b82451caa25c0ae2e633e8f723573600b207ef0a1bdc37fe245c2e2c2933df3160f8f849daf8a11ffaa6f601b4e8954ed94e06,,07/27/2025 11:18:00 PM,30,NO CONTROLS,NO CONTROLS,CLEAR,"DARKNESS, LIGHTED ROAD",REAR END,DIVIDED - W/MEDIAN (NOT RAISED),,STRAIGHT AND LEVEL,DRY,UNKNOWN,ON SCENE,INJURY AND / OR TOW DUE TO CRASH,,,,"OVER $1,500",07/27/2025 11:23:00 PM,UNABLE TO DETERMINE,UNABLE TO DETERMINE,9531,S,STONY ISLAND AVE,431,,,,,,,2,"REPORTED, NOT EVIDENT",3,0,0,0,3,0,0,23,1,7,41.721267719,-87.584839485,POINT (-87.584839485043 41.721267718978)
6930764c2c7eb31754ea211edd1b2c8729207ab1beb93b5158898027a9c196fe0d9ccf62876cf8fd56a726083a4459b5d15ee163dd3ed681e2b10e82c3c53c24,,07/27/2025 11:15:00 PM,30,NO CONTROLS,NO CONTROLS,UNKNOWN,"DARKNESS, LIGHTED ROAD",PARKED MOTOR VEHICLE,OTHER,,STRAIGHT AND LEVEL,UNKNOWN,UNKNOWN,NOT ON SCENE (DESK REPORT),INJURY AND / OR TOW DUE TO CRASH,,,Y,"OVER $1,500",07/28/2025 03:50:00 PM,UNABLE TO DETERMINE,UNABLE TO DETERMINE,8208,S,PEORIA ST,613,,,,,,,2,NO INDICATION OF INJURY,0,0,0,0,0,1,0,23,1,7,41.7448218611,-87.6464467622,POINT (-87.646446762232 41.744821861142)
2e8436ecfb722f8a659713b78b9c0204e6dfb62729c92fb6783d8d07ac8c991a004ead34b0bbdc44fbd84db54ef97e95813baa457551c7ea6d6528d51787daee,,07/27/2025 11:10:00 PM,30,TRAFFIC SIGNAL,FUNCTIONING PROPERLY,CLEAR,"DARKNESS, LIGHTED ROAD",ANGLE,FOUR WAY,,STRAIGHT AND LEVEL,DRY,NO DEFECTS,ON SCENE,INJURY AND / OR TOW DUE TO CRASH,Y,,,"OVER $1,500",07/27/2025 11:14:00 PM,FAILING TO YIELD RIGHT-OF-WAY,FAILING TO YIELD RIGHT-OF-WAY,1317,W,DIVISION ST,1213,,,,,,,2,NO INDICATION OF INJURY,0,0,0,0,0,3,0,23,1,7,41.903328969,-87.6613058799,POINT (-87.661305879948 41.903328968971)
abd4e696997bf244ef4164325e1352e4d42f108e0ae55e65c485a25cb8acf5abc1a633360f58fffd6a8e6bdec6bd037943537eea8638b4d99adc30e2fac69b4c,,07/27/2025 11:10:00 PM,30,UNKNOWN,UNKNOWN,CLEAR,DARKNESS,TURNING,OTHER,,STRAIGHT AND LEVEL,DRY,NO DEFECTS,NOT ON SCENE (DESK REPORT),NO INJURY / DRIVE AWAY,,,,"OVER $1,500",07/27/2025 11:45:00 PM,IMPROPER LANE USAGE,IMPROPER LANE USAGE,4155,N,LAKE SHORE DR NB,1915,,,,,,,2,NO INDICATION OF INJURY,0,0,0,0,0,2,0,23,1,7,41.9582004235,-87.6456012135,POINT (-87.645601213511 41.95820042348)
0ec1927c1908f3355dd233aa19990e68bc827a098221afb5862e0168839dfe90966a752714c85313169213c629058acfe3085ed31efd46807bf6634b5b17ec1f,,07/27/2025 11:08:00 PM,30,TRAFFIC SIGNAL,FUNCTIONING PROPERLY,UNKNOWN,UNKNOWN,TURNING,NOT DIVIDED,,STRAIGHT AND LEVEL,UNKNOWN,UNKNOWN,NOT ON SCENE (DESK REPORT),NO INJURY / DRIVE AWAY,Y,,,"$501 - $1,500",07/28/2025 11:28:00 AM,UNABLE TO DETERMINE,NOT APPLICABLE,626,S,CICERO AVE,1533,,,,,,,2,NO INDICATION OF INJURY,0,0,0,0,0,5,0,23,1,7,41.8722680553,-87.7450830471,POINT (-87.745083047084 41.872268055263)
1279e9a5073c397b291df7fe57f8960d77f7e49694937fbb2a7003392c17564cf0ccfeeb1717d34e500e4dda042fe07f7c674dead54f199954ed37d9c7d722ed,,07/27/2025 11:05:00 PM,30,TRAFFIC SIGNAL,FUNCTIONING PROPERLY,CLEAR,"DARKNESS, LIGHTED ROAD",TURNING,NOT DIVIDED,,STRAIGHT AND LEVEL,DRY,NO DEFECTS,NOT ON SCENE (DESK REPORT),NO INJURY / DRIVE AWAY,Y,,,"OVER $1,500",07/28/2025 01:00:00 AM,UNABLE TO DETERMINE,NOT APPLICABLE,701,S,CICERO AVE,1131,,,,,,,2,NO INDICATION OF INJURY,0,0,0,0,0,2,0,23,1,7,41.8720593595,-87.7447856243,POINT (-87.744785624327 41.872059359507)
a976febdf74cd8d3a2e1a32a2558d09892f8670b04b4e6834466f811798eb0a33735b2d48205e66fb5eb83e937fbba200fbe18582c5855f4596c2d41ef786136,Y,07/27/2025 11:00:00 PM,30,NO CONTROLS,NO CONTROLS,CLEAR,"DARKNESS, LIGHTED ROAD",PARKED MOTOR VEHICLE,NOT DIVIDED,,STRAIGHT AND LEVEL,DRY,NO DEFECTS,NOT ON SCENE (DESK REPORT),NO INJURY / DRIVE AWAY,,,Y,"OVER $1,500",07/28/2025 03:30:00 AM,NOT APPLICABLE,NOT APPLICABLE,5350,S,SHIELDS AVE,935,,,,,,,2,NO INDICATION OF INJURY,0,0,0,0,0,1,0,23,1,7,41.7967183616,-87.6344217619,POINT (-87.634421761912 41.796718361635)
6ce70ea3bdd222cc8e50050cc0f35c5216d9e9993a19d14e26fb150fbbc64ba68ce5739f6a0d0c872f245be5bd4253c7d6c6829fd96da10fad926d5d8f460520,,07/27/2025 10:49:00 PM,30,TRAFFIC SIGNAL,FUNCTIONING PROPERLY,CLEAR,"DARKNESS, LIGHTED ROAD",OTHER OBJECT,FOUR WAY,,STRAIGHT AND LEVEL,DRY,NO DEFECTS,ON SCENE,NO INJURY / DRIVE AWAY,Y,,,$500 OR LESS,07/27/2025 10:49:00 PM,DISREGARDING TRAFFIC SIGNALS,DISREGARDING TRAFFIC SIGNALS,1200,S,CALIFORNIA BLVD,1022,,,,,,,2,NO INDICATION OF INJURY,0,0,0,0,0,2,0,22,1,7,41.866465287,-87.6960534395,POINT (-87.69605343947 41.866465287034)
96a790812ad95a1ccd2e1a8cd1b6e087fca56b3207b6c8ba44e064643d1c2dd1455769333b670d5f9c3858bc89ef323e2ad2a8dd32a788d9473e6c354ddf0a67,,07/27/2025 10:45:00 PM,30,NO CONTROLS,NO CONTROLS,CLEAR,"DARKNESS, LIGHTED ROAD",FIXED OBJECT,ONE-WAY,,STRAIGHT AND LEVEL,DRY,NO DEFECTS,NOT ON SCENE (DESK REPORT),NO INJURY / DRIVE AWAY,,,Y,"OVER $1,500",07/27/2025 11:40:00 PM,UNABLE TO DETERMINE,NOT APPLICABLE,3300,W,65TH PL,831,,,,,,,2,NO INDICATION OF INJURY,0,0,0,0,0,1,0,22,1,7,41.7744871768,-87.7055758748,POINT (-87.705575874793 41.77448717684)
6f913102b101e1f41d39ae9d485d0eb4429de93e02b26e4bdd63c2dd6694d71acd4b5fa884e1dd3506fd7e1b9ad478420aa447682d16e1a17502ab8c0c9a2721,,07/27/2025 10:40:00 PM,20,NO CONTROLS,NO CONTROLS,UNKNOWN,UNKNOWN,PARKED MOTOR VEHICLE,ONE-WAY,,STRAIGHT AND LEVEL,UNKNOWN,UNKNOWN,NOT ON SCENE (DESK REPORT),NO INJURY / DRIVE AWAY,,,,"OVER $1,500",07/31/2025 09:50:00 AM,UNABLE TO DETERMINE,NOT APPLICABLE,10000,W,OHARE ST,1651,,,,,,,2,NO INDICATION OF INJURY,0,0,0,0,0,2,0,22,1,7,41.976201139,-87.9053091251,POINT (-87.905309125103 41.976201139024)
ccd6c28fca52f02ceb7dc6c0c91c267fc68fd5f907091fb9220bef76439627e1731114fc8f04d45baa09e78c4ee344dd17919f6b3b84d5a64417264592ad44fc,,07/27/2025 10:39:00 PM,30,NO CONTROLS,NO CONTROLS,CLEAR,DARKNESS,SIDESWIPE SAME DIRECTION,NOT DIVIDED,,STRAIGHT AND LEVEL,DRY,NO DEFECTS,NOT ON SCENE (DESK REPORT),INJURY AND / OR TOW DUE TO CRASH,,,Y,"OVER $1,500",07/29/2025 07:34:00 PM,IMPROPER OVERTAKING/PASSING,NOT APPLICABLE,6000,S,CICERO AVE,813,,,,,,,2,NO INDICATION OF INJURY,0,0,0,0,0,2,0,22,1,7,41.7842773571,-87.7415943908,POINT (-87.741594390781 41.784277357109)
594f719be2569912ac3a0991c2dd25475488c3ac880a26516a9741bb05b534f3c0e5aa5dafb9ea37e5d86bdcfd48d07ce992ca15d20ff7714564659154e842be,,07/27/2025 10:30:00 PM,30,NO CONTROLS,NO CONTROLS,CLEAR,DARKNESS,FIXED OBJECT,FOUR WAY,,STRAIGHT AND LEVEL,DRY,"RUT, HOLES",NOT ON SCENE (DESK REPORT),NO INJURY / DRIVE AWAY,,,,"OVER $1,500",07/30/2025 06:18:00 PM,UNABLE TO DETERMINE,NOT APPLICABLE,2600,S,HAMLIN AVE,1031,,,,,,,1,NO INDICATION OF INJURY,0,0,0,0,0,2,0,22,1,7,41.8442225419,-87.719817938,POINT (-87.719817938013 41.844222541916)
5ea1849406551dac8532b287db33ea5fe21c1faae43f5860470bf30120a46f2d44c95aa1e7db70f67c0de5c9d20629f827d703646dec70d7bb43e078fb4b655b,Y,07/27/2025 10:30:00 PM,30,NO CONTROLS,NO CONTROLS,CLEAR,"DARKNESS, LIGHTED ROAD",PEDALCYCLIST,FOUR WAY,,STRAIGHT AND LEVEL,DRY,NO DEFECTS,ON SCENE,INJURY AND / OR TOW DUE TO CRASH,Y,,,$500 OR LESS,07/27/2025 11:14:00 PM,FAILING TO YIELD RIGHT-OF-WAY,FAILING TO YIELD RIGHT-OF-WAY,2599,W,PERSHING RD,921,,,,,,,2,NONINCAPACITATING INJURY,1,0,0,1,0,1,0,22,1,7,41.8227755441,-87.6896017769,POINT (-87.689601776885 41.822775544107)
651ed6e5685985dffc74e30803682aac4efb2f6c344d9407342235b053e149a835264954256e53052ace9c94f66df5c99a76c5fb2a2b0b400273aa005c55884c,,07/27/2025 10:30:00 PM,30,UNKNOWN,UNKNOWN,UNKNOWN,DARKNESS,PARKED MOTOR VEHICLE,UNKNOWN,,STRAIGHT AND LEVEL,UNKNOWN,UNKNOWN,NOT ON SCENE (DESK REPORT),NO INJURY / DRIVE AWAY,,,Y,"OVER $1,500",07/28/2025 10:00:00 AM,UNABLE TO DETERMINE,UNABLE TO DETERMINE,5908,S,ADA ST,713,,,,,,,2,NO INDICATION OF INJURY,0,0,0,0,0,1,0,22,1,7,41.7865140403,-87.6584664179,POINT (-87.658466417898 41.786514040303)
a0cbdc0a38a28d7599f5b0bd104efb92551b3db749d45222bff6386479ff936003d71b9a46631200b7588b2b0252b135ad4f1147b390949aaf2df3a7d486e11f,Y,07/27/2025 10:30:00 PM,30,NO CONTROLS,NO CONTROLS,CLEAR,"DARKNESS, LIGHTED ROAD",FIXED OBJECT,NOT DIVIDED,,STRAIGHT AND LEVEL,DRY,NO DEFECTS,ON SCENE,INJURY AND / OR TOW DUE TO CRASH,,,Y,"OVER $1,500",07/27/2025 10:45:00 PM,UNABLE TO DETERMINE,UNABLE TO DETERMINE,575,N,SACRAMENTO BLVD,1221,,,,,,,1,,,,,,,,,22,1,7,41.8918881671,-87.7018515801,POINT (-87.701851580128 41.891888167145)