CRASH_RECORD_ID,CRASH_DATE_EST_I,CRASH_DATE,POSTED_SPEED_LIMIT,TRAFFIC_CONTROL_DEVICE,DEVICE_CONDITION,WEATHER_CONDITION,LIGHTING_CONDITION,FIRST_CRASH_TYPE,TRAFFICWAY_TYPE,LANE_CNT,ALIGNMENT,ROADWAY_SURFACE_COND,ROAD_DEFECT,REPORT_TYPE,CRASH_TYPE,INTERSECTION_RELATED_I,NOT_RIGHT_OF_WAY_I,HIT_AND_RUN_I,DAMAGE,DATE_POLICE_NOTIFIED,PRIM_CONTRIBUTORY_CAUSE,SEC_CONTRIBUTORY_CAUSE,STREET_NO,STREET_DIRECTION,STREET_NAME,BEAT_OF_OCCURRENCE,PHOTOS_TAKEN_I,STATEMENTS_TAKEN_I,DOORING_I,WORK_ZONE_I,WORK_ZONE_TYPE,WORKERS_PRESENT_I,NUM_UNITS,MOST_SEVERE_INJURY,INJURIES_TOTAL,INJURIES_FATAL,INJURIES_INCAPACITATING,INJURIES_NON_INCAPACITATING,INJURIES_REPORTED_NOT_EVIDENT,INJURIES_NO_INDICATION,INJURIES_UNKNOWN,CRASH_HOUR,CRASH_DAY_OF_WEEK,CRASH_MONTH,LATITUDE,LONGITUDE,LOCATION
a657f2965acadfb1d78ce7b3dbfcd353a0fa142e8f7036c7e4dc18f4e6091e2afa410375a2a753acdc2c1dd5b9593574eb6a86ff557b5209395c8cfd80f47cee,,07/27/2025 10:28:00 PM,30,TRAFFIC SIGNAL,FUNCTIONING PROPERLY,CLEAR,"DARKNESS, LIGHTED ROAD",ANGLE,FOUR WAY,,STRAIGHT AND LEVEL,DRY,NO DEFECTS,ON SCENE,INJURY AND / OR TOW DUE TO CRASH,Y,,Y,"OVER $1,500",07/27/2025 10:28:00 PM,DISREGARDING OTHER TRAFFIC SIGNS,UNABLE TO DETERMINE,1935,W,87TH ST,2221,N,,,,,,2,"REPORTED, NOT EVIDENT",1,0,0,0,1,1,0,22,1,7,41.7355660917,-87.6716369866,POINT (-87.671636986603 41.735566091703)
6a10088d325edf4851b925105d6eb43da4d5fa682a9195f86eeeb2fc08236b34054ab233da184dc2e95a0d09f252ae654092dec40ee4194e225f487280310246,,07/27/2025 10:15:00 PM,30,TRAFFIC SIGNAL,FUNCTIONING PROPERLY,CLEAR,"DARKNESS, LIGHTED ROAD",REAR END,FOUR WAY,,STRAIGHT AND LEVEL,DRY,NO DEFECTS,NOT ON SCENE (DESK REPORT),NO INJURY / DRIVE AWAY,,,,"OVER $1,500",07/27/2025 10:55:00 PM,FOLLOWING TOO CLOSELY,NOT APPLICABLE,3986,W,PETERSON AVE,1711,,,,,,,3,NO INDICATION OF INJURY,0,0,0,0,0,5,0,22,1,7,41.990245669,-87.7286084122,POINT (-87.728608412236 41.990245668981)
ab25738b5987dccdf74da0ccad49da3156d646cfbada06299c060ee56705aa2a7a6b2ca22dab88bd1ec57226ba1a23ac4996c341374af63413b877897cda6c5c,,07/27/2025 10:15:00 PM,30,NO CONTROLS,NO CONTROLS,CLEAR,"DARKNESS, LIGHTED ROAD",REAR END,NOT DIVIDED,,STRAIGHT AND LEVEL,DRY,NO DEFECTS,NOT ON SCENE (DESK REPORT),NO INJURY / DRIVE AWAY,,,Y,"OVER $1,500",07/27/2025 10:50:00 PM,UNABLE TO DETERMINE,NOT APPLICABLE,3522,W,47TH ST,821,,,,,,,2,NO INDICATION OF INJURY,0,0,0,0,0,3,0,22,1,7,41.8081279367,-87.7120163534,POINT (-87.71201635339 41.808127936738)
fd95e8e04b424308aed122d18b0575c7b6f87048706331f91806160a0ff6dc7dab443bd77a51cb42cb4a70049c97132f6296649d8f0ca35d5e50fc6913983696,,07/27/2025 10:14:00 PM,15,NO CONTROLS,NO CONTROLS,CLEAR,"DARKNESS, LIGHTED ROAD",TURNING,OTHER,,STRAIGHT AND LEVEL,DRY,NO DEFECTS,ON SCENE,NO INJURY / DRIVE AWAY,,,,"$501 - $1,500",07/27/2025 11:10:00 PM,DRIVING SKILLS/KNOWLEDGE/EXPERIENCE,FAILING TO REDUCE SPEED TO AVOID CRASH,3151,N,NORMANDY AVE,2511,,,,,,,2,NO INDICATION OF INJURY,0,0,0,0,0,3,0,22,1,7,41.9378859939,-87.793099078,POINT (-87.79309907797 41.937885993863)
a8a420c0374156f86f6631f5fb79fe167ba056e60b00bd7048d8e853b30c794935958bb3615ab8f429e7e45134e5388516c189d515ba84d76fe4628bd8244ed7,,07/27/2025 10:05:00 PM,30,NO CONTROLS,NO CONTROLS,CLEAR,"DARKNESS, LIGHTED ROAD",ANGLE,DIVIDED - W/MEDIAN BARRIER,,STRAIGHT AND LEVEL,DRY,NO DEFECTS,ON SCENE,INJURY AND / OR TOW DUE TO CRASH,Y,,Y,"OVER $1,500",07/27/2025 10:10:00 PM,UNABLE TO DETERMINE,NOT APPLICABLE,9700,S,HALSTED ST,2223,,,,,,,2,NO INDICATION OF INJURY,0,0,0,0,0,2,0,22,1,7,41.7175374349,-87.64325162,POINT (-87.643251620045 41.717537434869)
58338002a24ca8d50388178ee1e8b175b793976fdd354f2cd1495fdc1fb877757daca14b0028b54865bbedc7f578000f55180fcbf28fc13880273466eb007bbc,,07/27/2025 10:00:00 PM,10,NO CONTROLS,NO CONTROLS,UNKNOWN,UNKNOWN,PARKED MOTOR VEHICLE,PARKING LOT,,STRAIGHT AND LEVEL,UNKNOWN,UNKNOWN,NOT ON SCENE (DESK REPORT),NO INJURY / DRIVE AWAY,,Y,,"OVER $1,500",07/29/2025 02:27:00 PM,DRIVING SKILLS/KNOWLEDGE/EXPERIENCE,IMPROPER BACKING,7306,N,WINCHESTER AVE,2424,,,,,,,2,NO INDICATION OF INJURY,0,0,0,0,0,1,0,22,1,7,42.0144925176,-87.6792267117,POINT (-87.679226711739 42.014492517562)
e3d3ebb9000e6f4a922b141fcca928b1e7587184cb2ab6d77762181d1b7852c1afb4cb7404307d20e61bbb30dd0ca02eabae37896f28bdaecd95b258940f326b,,07/27/2025 09:43:00 PM,30,TRAFFIC SIGNAL,FUNCTIONING PROPERLY,CLEAR,"DARKNESS, LIGHTED ROAD",TURNING,NOT DIVIDED,,STRAIGHT AND LEVEL,DRY,NO DEFECTS,ON SCENE,INJURY AND / OR TOW DUE TO CRASH,Y,,Y,"OVER $1,500",07/27/2025 09:45:00 PM,DISREGARDING TRAFFIC SIGNALS,NOT APPLICABLE,4801,W,AUGUSTA BLVD,1531,,,,,,,3,INCAPACITATING INJURY,4,0,4,0,0,4,0,21,1,7,41.8985706514,-87.7460021965,POINT (-87.746002196481 41.898570651364)
5f97e47ad34b03ca28ca2a2a070e72bac1eb84470715795840b10955bd5d6c5cc29cc8d8f7a08a33e11fe987c0c20fca8606ff72a747fe9349a3e16149a4e7db,,07/27/2025 09:35:00 PM,10,NO CONTROLS,NO CONTROLS,CLEAR,"DARKNESS, LIGHTED ROAD",REAR TO SIDE,PARKING LOT,,STRAIGHT AND LEVEL,DRY,NO DEFECTS,NOT ON SCENE (DESK REPORT),NO INJURY / DRIVE AWAY,,,,"$501 - $1,500",07/27/2025 10:00:00 PM,FAILING TO YIELD RIGHT-OF-WAY,UNABLE TO DETERMINE,6122,N,CLARK ST,2433,,,,,,,2,NO INDICATION OF INJURY,0,0,0,0,0,2,0,21,1,7,41.9933041871,-87.6702668702,POINT (-87.670266870208 41.993304187072)
74466b63d06d435ca299a030ded30ef729dc4300b85a2b30c524c957e0d14e006f491d388cb7d9ec700d0618f7d19a165edab00374631fca355a528e54356c97,,07/27/2025 09:30:00 PM,30,TRAFFIC SIGNAL,FUNCTIONING PROPERLY,CLEAR,DARKNESS,REAR END,"FIVE POINT, OR MORE",,STRAIGHT AND LEVEL,DRY,UNKNOWN,NOT ON SCENE (DESK REPORT),NO INJURY / DRIVE AWAY,Y,,Y,"OVER $1,500",07/28/2025 02:40:00 PM,FOLLOWING TOO CLOSELY,NOT APPLICABLE,3354,W,DIVERSEY AVE,1412,Y,,,,,,2,NO INDICATION OF INJURY,0,0,0,0,0,2,0,21,1,7,41.932092372,-87.7121923387,POINT (-87.712192338721 41.932092372021)
2955284265b53cc55379774d85f0eb6abb7f222e4ed5a3b47452ff6c9809af78cabf64bb110751323268715fde8acc8b0e7aa13019db09bba857ca262ede8a6b,,07/27/2025 09:20:00 PM,30,UNKNOWN,UNKNOWN,UNKNOWN,UNKNOWN,REAR END,T-INTERSECTION,,STRAIGHT AND LEVEL,UNKNOWN,UNKNOWN,NOT ON SCENE (DESK REPORT),INJURY AND / OR TOW DUE TO CRASH,Y,,,"OVER $1,500",07/28/2025 11:46:00 PM,UNABLE TO DETERMINE,UNABLE TO DETERMINE,500,E,67TH ST,321,,,,,,,2,NO INDICATION OF INJURY,0,0,0,0,0,2,0,21,1,7,41.7731231953,-87.6129877079,POINT (-87.612987707912 41.773123195334)
57b2dd4e9065ab170622e605fccd24ec69b06bb5d065fe161b14ccab78d829c20797ab5178d5c5247c269d832d009b36fbb1bf1cce6e3c132ea651fcad0d49b5,,07/27/2025 09:17:00 PM,30,STOP SIGN/FLASHER,NO CONTROLS,CLEAR,DARKNESS,REAR END,NOT DIVIDED,,STRAIGHT AND LEVEL,DRY,NO DEFECTS,ON SCENE,NO INJURY / DRIVE AWAY,,,,"OVER $1,500",07/27/2025 09:18:00 PM,FOLLOWING TOO CLOSELY,NOT APPLICABLE,801,W,105TH ST,2233,,,,,,,2,NO INDICATION OF INJURY,0,0,0,0,0,2,0,21,1,7,41.7031691643,-87.6427797023,POINT (-87.642779702263 41.703169164316)
d1652b8394bc0f1cc3581b23ec62b47f405ee0025ab37f15ce26918e79d1f219294ae191ce2bd193e4c7fdaad3b402d692a06b0daf54e260201fe5faf84fbb9b,,07/27/2025 09:15:00 PM,30,NO CONTROLS,NO CONTROLS,CLEAR,"DARKNESS, LIGHTED ROAD",REAR TO FRONT,NOT DIVIDED,,STRAIGHT AND LEVEL,DRY,NO DEFECTS,ON SCENE,INJURY AND / OR TOW DUE TO CRASH,,,,"OVER $1,500",07/27/2025 09:52:00 PM,DRIVING SKILLS/KNOWLEDGE/EXPERIENCE,NOT APPLICABLE,726,W,MADISON ST,1224,,,,,,,2,NO INDICATION OF INJURY,0,0,0,0,0,2,0,21,1,7,41.8818975519,-87.6467241285,POINT (-87.646724128468 41.881897551863)
e1c1ad0c61164588446345f1c45c65cd90d0c170431f1b27b9c9451c89a18c8a5ad81c771af21144f86b4315c4d7080fa44a2f76a62a0a3fe4af672a253f82fc,,07/27/2025 09:10:00 PM,30,NO CONTROLS,NO CONTROLS,CLEAR,"DARKNESS, LIGHTED ROAD",PARKED MOTOR VEHICLE,NOT DIVIDED,,STRAIGHT AND LEVEL,DRY,NO DEFECTS,ON SCENE,INJURY AND / OR TOW DUE TO CRASH,,,,"OVER $1,500",07/27/2025 09:12:00 PM,FAILING TO REDUCE SPEED TO AVOID CRASH,FAILING TO REDUCE SPEED TO AVOID CRASH,3614,S,DAMEN AVE,912,,,,,,,2,"REPORTED, NOT EVIDENT",1,0,0,0,1,0,0,21,1,7,41.828077899,-87.6753716305,POINT (-87.675371630532 41.828077898969)
7704e734885c3f106bee7a4a81330eaf35c2dbd51804c85b87c104b4c96196b45fb74cbc57ee6f17f5d7d3e22b3ed3ae0ec435ad1689c6f4cad4c123b525122a,,07/27/2025 09:05:00 PM,30,NO CONTROLS,UNKNOWN,CLEAR,"DARKNESS, LIGHTED ROAD",PEDESTRIAN,NOT DIVIDED,,STRAIGHT AND LEVEL,DRY,UNKNOWN,ON SCENE,INJURY AND / OR TOW DUE TO CRASH,,,Y,"OVER $1,500",07/27/2025 09:15:00 PM,UNABLE TO DETERMINE,NOT APPLICABLE,3425,N,HALSTED ST,1925,,,,,,,2,NONINCAPACITATING INJURY,1,0,0,1,0,1,0,21,1,7,41.9444231487,-87.6492525408,POINT (-87.649252540779 41.94442314867)
c912a4fe9a4257fd1f48c8bf2961e18a6da790b34379eccaf215f1f59e389ab98db3e86c124901fd927df94d4dad11f0a9d66b245c1c422dc6202e56b5a28333,,07/27/2025 09:05:00 PM,30,TRAFFIC SIGNAL,FUNCTIONING PROPERLY,CLEAR,DARKNESS,TURNING,NOT DIVIDED,,STRAIGHT AND LEVEL,DRY,UNKNOWN,,INJURY AND / OR TOW DUE TO CRASH,Y,,,"OVER $1,500",07/27/2025 09:12:00 PM,IMPROPER TURNING/NO SIGNAL,FAILING TO YIELD RIGHT-OF-WAY,7500,S,YATES BLVD,414,,,,,,,2,NONINCAPACITATING INJURY,4,0,0,4,0,1,0,21,1,7,41.7588946702,-87.5665178399,POINT (-87.566517839923 41.758894670165)
71dda2f387cbd505911670929b9a0fca4377dc4bcf7752593556201b1a708334f5cae45bfc13394559e3fd80d92be3004e25018971c81adb77ea3d791e788d37,,07/27/2025 09:00:00 PM,30,NO CONTROLS,NO CONTROLS,CLEAR,DAWN,FIXED OBJECT,NOT DIVIDED,,STRAIGHT AND LEVEL,DRY,NO DEFECTS,NOT ON SCENE (DESK REPORT),NO INJURY / DRIVE AWAY,,,N,"OVER $1,500",07/31/2025 09:30:00 PM,NOT APPLICABLE,NOT APPLICABLE,2340,W,MADISON ST,1223,,,,,,,1,NO INDICATION OF INJURY,0,0,0,0,0,1,0,21,1,7,41.8812841025,-87.6856204178,POINT (-87.685620417822 41.88128410252)
fa4920e8dd6f40dfa69e2c503a69c09e6244268da68cb4c1797c1f02e95fda4e8665ef519b51dba950857f0aa0b27f759e31231a868e9962ad1ab516c7d408f7,Y,07/27/2025 09:00:00 PM,30,STOP SIGN/FLASHER,NO CONTROLS,CLEAR,"DARKNESS, LIGHTED ROAD",TURNING,DIVIDED - W/MEDIAN (NOT RAISED),,STRAIGHT AND LEVEL,DRY,NO DEFECTS,ON SCENE,INJURY AND / OR TOW DUE TO CRASH,Y,,,"OVER $1,500",07/27/2025 09:02:00 PM,IMPROPER TURNING/NO SIGNAL,UNABLE TO DETERMINE,6100,W,ADDISON ST,1633,,,,,,,2,NONINCAPACITATING INJURY,1,0,0,1,0,1,0,21,1,7,41.9458553348,-87.7790626747,POINT (-87.779062674703 41.945855334828)
8212cc3acde37bb503a962b45245d982faaffb7fe3a121949d3527dbefec69b646dacf2c2dc8ff228cb2c816365e3fe196646cad62efc2ecde7e409aba2cd1f3,,07/27/2025 08:55:00 PM,45,NO CONTROLS,NO CONTROLS,CLEAR,UNKNOWN,REAR END,DIVIDED - W/MEDIAN BARRIER,,STRAIGHT AND LEVEL,DRY,NO DEFECTS,ON SCENE,INJURY AND / OR TOW DUE TO CRASH,,,,"OVER $1,500",07/27/2025 09:01:00 PM,FOLLOWING TOO CLOSELY,DRIVING SKILLS/KNOWLEDGE/EXPERIENCE,657,N,LAKE SHORE DR NB,1834,,,,,,,2,"REPORTED, NOT EVIDENT",3,0,0,0,3,0,0,20,1,7,41.8943865627,-87.6148300015,POINT (-87.614830001528 41.894386562678)
175886f25719714dc9fe156a9706cccf02b312fe1059c685f7c593c0f196e7fcc5c0af3ad405066818bc96433e7c38a51320be67867d5a4a2e953f7d9d6a77fe,,07/27/2025 08:48:00 PM,30,TRAFFIC SIGNAL,FUNCTIONING PROPERLY,UNKNOWN,"DARKNESS, LIGHTED ROAD",SIDESWIPE SAME DIRECTION,FOUR WAY,,STRAIGHT AND LEVEL,UNKNOWN,UNKNOWN,NOT ON SCENE (DESK REPORT),NO INJURY / DRIVE AWAY,Y,,Y,"OVER $1,500",07/28/2025 06:45:00 AM,DISREGARDING ROAD MARKINGS,UNABLE TO DETERMINE,700,S,DAMEN AVE,1225,,,,,,,2,NO INDICATION OF INJURY,0,0,0,0,0,2,0,20,1,7,0.0,0.0,POINT (0 0)
0b8341ef2ad4251e66b7215d8d2cc510233a1e979ac54999e695cdd9dc0d2db620263b1fc3c9c1a0e83b6a0978123484b08179e81e2d11a86f246f91b6c404fe,,07/27/2025 08:37:00 PM,30,STOP SIGN/FLASHER,NO CONTROLS,CLEAR,"DARKNESS, LIGHTED ROAD",ANGLE,NOT DIVIDED,,STRAIGHT AND LEVEL,DRY,NO DEFECTS,ON SCENE,INJURY AND / OR TOW DUE TO CRASH,Y,,,"OVER $1,500",07/27/2025 08:37:00 PM,DISREGARDING STOP SIGN,NOT APPLICABLE,500,S,LOOMIS ST,1231,,,,,,,2,"REPORTED, NOT EVIDENT",3,0,0,0,3,0,0,20,1,7,41.8752053419,-87.6619659337,POINT (-87.661965933749 41.875205341932)
f13da17b3c227b4e34b59d0a0dd8825e671331025ad06a4e8b3013c1f67ea3572401135ab2116a0e41d4f54cc87c1780304779dc44abd518327e67840fbdab68,,07/27/2025 08:35:00 PM,35,TRAFFIC SIGNAL,UNKNOWN,UNKNOWN,UNKNOWN,REAR END,DIVIDED - W/MEDIAN (NOT RAISED),,STRAIGHT AND LEVEL,UNKNOWN,UNKNOWN,NOT ON SCENE (DESK REPORT),NO INJURY / DRIVE AWAY,,,,"OVER $1,500",07/27/2025 09:25:00 PM,FOLLOWING TOO CLOSELY,CELL PHONE USE OTHER THAN TEXTING,3181,N,ELSTON AVE,1411,,,,,,,2,NO INDICATION OF INJURY,0,0,0,0,0,2,0,20,1,7,41.9390031164,-87.6975415159,POINT (-87.697541515941 41.939003116378)
eb36f1af5c60d04b1f763266d1cf84b26580ff3aabb76fc5f2beddae12d650f3273a9fa125c4cc4c64cdd9c16011c02081ba961ceb9e6003c1af0040a541933a,,07/27/2025 08:25:00 PM,30,NO CONTROLS,NO CONTROLS,CLEAR,"DARKNESS, LIGHTED ROAD",TURNING,NOT DIVIDED,,STRAIGHT AND LEVEL,DRY,UNKNOWN,NOT ON SCENE (DESK REPORT),NO INJURY / DRIVE AWAY,,,,"OVER $1,500",07/27/2025 10:45:00 PM,UNABLE TO DETERMINE,UNABLE TO DETERMINE,2005,W,CHICAGO AVE,1221,,,,,,,2,NO INDICATION OF INJURY,0,0,0,0,0,3,0,20,1,7,41.8957965124,-87.6773227997,POINT (-87.67732279972 41.895796512442)
66cfb76240e8326c6f0117cc8c76488d35b16011557b04f7f43b1d9f491fedc4e97c61bcec9dc4787716317253350f87bb6ea75f3174ddbe2e7020080f5b98ba,,07/27/2025 08:23:00 PM,30,TRAFFIC SIGNAL,FUNCTIONING PROPERLY,CLEAR,"DARKNESS, LIGHTED ROAD",TURNING,FOUR WAY,,STRAIGHT AND LEVEL,DRY,NO DEFECTS,ON SCENE,INJURY AND / OR TOW DUE TO CRASH,Y,,,"OVER $1,500",07/27/2025 08:23:00 PM,FAILING TO YIELD RIGHT-OF-WAY,NOT APPLICABLE,8700,S,VINCENNES AVE,2222,,,,,,,2,NONINCAPACITATING INJURY,3,0,0,3,0,4,0,20,1,7,41.7360065646,-87.645341819,POINT (-87.64534181898 41.736006564585)
65cbc376b560a88e5f8e21a9d60453a465e0a4612e4bdcd80367fd6f8d6b3532905f5d8236cb23b4771379ba03aba1baf8d693fdf2835b1a8c2807c940776e4b,,07/27/2025 08:22:00 PM,35,NO CONTROLS,NO CONTROLS,CLEAR,DAYLIGHT,FIXED OBJECT,FOUR WAY,,STRAIGHT AND LEVEL,DRY,NO DEFECTS,NOT ON SCENE (DESK REPORT),NO INJURY / DRIVE AWAY,,,,$500 OR LESS,07/27/2025 08:50:00 PM,DRIVING SKILLS/KNOWLEDGE/EXPERIENCE,NOT APPLICABLE,4130,W,LAWRENCE AVE,1712,,,,,,,1,NO INDICATION OF INJURY,0,0,0,0,0,2,0,20,1,7,41.9683097642,-87.7316725632,POINT (-87.731672563177 41.968309764232)
59be1e6d785d917d3875ca61f3c8443ea2e6160838b35eb1bb4231e91840e94682e56f2e3fc782b80bfdcbfb27cc8d66716a3dee82180f076575f52753eb7d74,,07/27/2025 08:17:00 PM,30,UNKNOWN,UNKNOWN,CLEAR,DAYLIGHT,PARKED MOTOR VEHICLE,DIVIDED - W/MEDIAN (NOT RAISED),,STRAIGHT AND LEVEL,DRY,NO DEFECTS,ON SCENE,NO INJURY / DRIVE AWAY,,,,"OVER $1,500",07/27/2025 08:21:00 PM,IMPROPER LANE USAGE,UNABLE TO DETERMINE,1251,N,WESTERN AVE,1424,,,,,,,2,NO INDICATION OF INJURY,0,0,0,0,0,1,0,20,1,7,41.9045815052,-87.6869219105,POINT (-87.686921910534 41.904581505201)
bc46acfb43ad5ac250b73dd287e0384d13c7842154f44392d65af678bc0d07168af9aaef1ca0c358a4a68971bd6c865ca1a188019fde44b053e23333401d3b71,,07/27/2025 08:04:00 PM,30,NO CONTROLS,NO CONTROLS,CLEAR,DAYLIGHT,PARKED MOTOR VEHICLE,NOT DIVIDED,,STRAIGHT AND LEVEL,DRY,NO DEFECTS,NOT ON SCENE (DESK REPORT),NO INJURY / DRIVE AWAY,,,Y,"OVER $1,500",07/27/2025 08:05:00 PM,IMPROPER OVERTAKING/PASSING,IMPROPER OVERTAKING/PASSING,3585,N,MILWAUKEE AVE,1731,,,,,,,2,NO INDICATION OF INJURY,0,0,0,0,0,1,0,20,1,7,41.9459999877,-87.7349517101,POINT (-87.734951710123 41.945999987657)
cd68c1aed6f1f1d3423151dd543bd32c52aaf089e53a148e850bb7756c40187bd9272cd2f70e2429793d7b44b253044909c8a8cd31ce66911354b33dc1df3c9d,,07/27/2025 07:59:00 PM,30,NO CONTROLS,NO CONTROLS,CLEAR,DAYLIGHT,OTHER NONCOLLISION,ONE-WAY,,STRAIGHT AND LEVEL,DRY,UNKNOWN,ON SCENE,INJURY AND / OR TOW DUE TO CRASH,,,,"OVER $1,500",07/27/2025 08:10:00 PM,UNABLE TO DETERMINE,UNABLE TO DETERMINE,1101,W,99TH ST,2232,,,,,,,1,NO INDICATION OF INJURY,0,0,0,0,0,1,0,19,1,7,41.7134381245,-87.6502712416,POINT (-87.650271241551 41.713438124546)
0af5463420672cfbeaa63655bb23885f9b53154cff9af3cf6eecf7c865632a881f8eb08105859bb2dc2b0113fcf97070fa952c454e3ad3308552e32c9d165d68,,07/27/2025 07:30:00 PM,30,NO CONTROLS,NO CONTROLS,CLEAR,DAYLIGHT,REAR END,ONE-WAY,,STRAIGHT AND LEVEL,DRY,NO DEFECTS,NOT ON SCENE (DESK REPORT),NO INJURY / DRIVE AWAY,,,,"OVER $1,500",07/28/2025 06:00:00 PM,IMPROPER OVERTAKING/PASSING,UNABLE TO DETERMINE,1652,W,WALLEN AVE,2432,,,,,,,2,NO INDICATION OF INJURY,0,0,0,0,0,2,0,19,1,7,42.0027133634,-87.6725587348,POINT (-87.672558734769 42.002713363356)
3e38c249f8a06f9f9c45fb2354c823961d7ebc92c04c7c1315fa851656c9e7e0d18fe400f51a8a2d2c5f80c2a55dab61ed36f4476781d482caf5faa9ea582ab5,,07/27/2025 07:30:00 PM,30,UNKNOWN,UNKNOWN,CLEAR,DAYLIGHT,REAR TO FRONT,PARKING LOT,,STRAIGHT AND LEVEL,DRY,UNKNOWN,NOT ON SCENE (DESK REPORT),NO INJURY / DRIVE AWAY,,Y,,"OVER $1,500",07/27/2025 08:00:00 PM,UNABLE TO DETERMINE,UNABLE TO DETERMINE,1200,N,LARRABEE ST,1822,,,,,,,2,NO INDICATION OF INJURY,0,0,0,0,0,2,0,19,1,7,41.9037696064,-87.6433689399,POINT (-87.643368939876 41.903769606378)
a0782d9d8f4043de13ffe7aa71cd456fab9809091b12e6c0148fea0c60f6a2e603d1c53a4a5b8014939b4390f11170e5fa8ead26c4f6e0bf7062279b861f0ce5,,07/27/2025 07:30:00 PM,30,TRAFFIC SIGNAL,FUNCTIONING PROPERLY,CLEAR,DAYLIGHT,ANGLE,NOT DIVIDED,,STRAIGHT AND LEVEL,DRY,UNKNOWN,ON SCENE,INJURY AND / OR TOW DUE TO CRASH,Y,,,"$501 - $1,500",07/27/2025 07:32:00 PM,DISREGARDING TRAFFIC SIGNALS,DISREGARDING TRAFFIC SIGNALS,1000,S,UNION AVE,1232,,,,,,,2,NO INDICATION OF INJURY,0,0,0,0,0,6,0,19,1,7,41.8696430275,-87.6455202921,POINT (-87.645520292114 41.869643027489)
5f6bb66081d4ce2a2bfb5bfee2c7469fbb95797f4568c5d0aad10cab159579761109650b0a63fbdcc367a9edf7e6eab4ab0d371e8d796b2b2103afdfb95fe34b,,07/27/2025 07:20:00 PM,30,NO CONTROLS,NO CONTROLS,CLEAR,DAYLIGHT,PEDALCYCLIST,NOT DIVIDED,,STRAIGHT AND LEVEL,UNKNOWN,UNKNOWN,NOT ON SCENE (DESK REPORT),INJURY AND / OR TOW DUE TO CRASH,,,,"$501 - $1,500",07/28/2025 01:05:00 PM,UNABLE TO DETERMINE,NOT APPLICABLE,1004,N,HAMLIN AVE,1112,,,,,,,2,NONINCAPACITATING INJURY,1,0,0,1,0,1,0,19,1,7,41.8992647945,-87.7214659072,POINT (-87.721465907173 41.899264794531)
8a73c8beb148630eff1d98dee6e3ab84099cef06c59d5dd9803d29c6aa9dbded84bbe423340e681ce002bd3177b47804cd336bb0ca9abb2e6728f9b42fcf2199,,07/27/2025 07:20:00 PM,35,STOP SIGN/FLASHER,FUNCTIONING PROPERLY,CLEAR,"DARKNESS, LIGHTED ROAD",SIDESWIPE SAME DIRECTION,NOT DIVIDED,,STRAIGHT AND LEVEL,DRY,NO DEFECTS,ON SCENE,INJURY AND / OR TOW DUE TO CRASH,,,,"OVER $1,500",07/27/2025 07:50:00 PM,FAILING TO YIELD RIGHT-OF-WAY,NOT APPLICABLE,2129,E,67TH ST,331,,,,,,,2,NO INDICATION OF INJURY,0,0,0,0,0,2,0,19,1,7,41.7733774084,-87.5728872477,POINT (-87.572887247703 41.773377408399)
12ab857e559ee861cbe1169b56dbc2bb31b30383a8b39ac6211361ab45d4a342a34c292fbd701a2111074a10693851dff882029a56aa064aaa2af41ee69f9f47,,07/27/2025 07:12:00 PM,10,NO CONTROLS,NO CONTROLS,CLEAR,DAYLIGHT,REAR TO FRONT,OTHER,,STRAIGHT AND LEVEL,DRY,NO DEFECTS,NOT ON SCENE (DESK REPORT),NO INJURY / DRIVE AWAY,,Y,,$500 OR LESS,07/27/2025 07:50:00 PM,IMPROPER BACKING,UNABLE TO DETERMINE,4455,S,PULASKI RD,821,,,,,,,2,NO INDICATION OF INJURY,0,0,0,0,0,2,0,19,1,7,41.8117480489,-87.7235833181,POINT (-87.723583318072 41.81174804888)
61ff20283553e7ac43d011ffe368f2750c01ebf9528713471557afa4dc10c73dcab1c01c6ffd605ae0e490ae54dde76b65d5b205cdcdcaba464cc543983bfda3,,07/27/2025 07:11:00 PM,30,TRAFFIC SIGNAL,FUNCTIONING PROPERLY,CLEAR,DUSK,TURNING,DIVIDED - W/MEDIAN (NOT RAISED),,STRAIGHT AND LEVEL,DRY,NO DEFECTS,ON SCENE,INJURY AND / OR TOW DUE TO CRASH,,,,"OVER $1,500",07/27/2025 07:16:00 PM,UNABLE TO DETERMINE,NOT APPLICABLE,7900,S,PULASKI RD,834,,,,,,,2,INCAPACITATING INJURY,1,0,1,0,0,3,0,19,1,7,41.7493390001,-87.7220520909,POINT (-87.722052090915 41.749339000082)
f4c9db989a8d3f46281b6ae4ea3cd7424acdfade7f5d9c672227b7fe89d30fe66394af33522ac76abc3e815cd9c0a30a69d2504650827d465bdff78e60a67772,,07/27/2025 07:05:00 PM,30,NO CONTROLS,NO CONTROLS,CLEAR,DAYLIGHT,FIXED OBJECT,NOT DIVIDED,,STRAIGHT AND LEVEL,DRY,WORN SURFACE,ON SCENE,INJURY AND / OR TOW DUE TO CRASH,,N,,"OVER $1,500",07/27/2025 07:15:00 PM,NOT APPLICABLE,NOT APPLICABLE,4943,S,KEDZIE AVE,923,,,,,,,1,NO INDICATION OF INJURY,0,0,0,0,0,1,0,19,1,7,41.8032927615,-87.7036889902,POINT (-87.703688990182 41.803292761516)