CRASH_RECORD_ID,CRASH_DATE_EST_I,CRASH_DATE,POSTED_SPEED_LIMIT,TRAFFIC_CONTROL_DEVICE,DEVICE_CONDITION,WEATHER_CONDITION,LIGHTING_CONDITION,FIRST_CRASH_TYPE,TRAFFICWAY_TYPE,LANE_CNT,ALIGNMENT,ROADWAY_SURFACE_COND,ROAD_DEFECT,REPORT_TYPE,CRASH_TYPE,INTERSECTION_RELATED_I,NOT_RIGHT_OF_WAY_I,HIT_AND_RUN_I,DAMAGE,DATE_POLICE_NOTIFIED,PRIM_CONTRIBUTORY_CAUSE,SEC_CONTRIBUTORY_CAUSE,STREET_NO,STREET_DIRECTION,STREET_NAME,BEAT_OF_OCCURRENCE,PHOTOS_TAKEN_I,STATEMENTS_TAKEN_I,DOORING_I,WORK_ZONE_I,WORK_ZONE_TYPE,WORKERS_PRESENT_I,NUM_UNITS,MOST_SEVERE_INJURY,INJURIES_TOTAL,INJURIES_FATAL,INJURIES_INCAPACITATING,INJURIES_NON_INCAPACITATING,INJURIES_REPORTED_NOT_EVIDENT,INJURIES_NO_INDICATION,INJURIES_UNKNOWN,CRASH_HOUR,CRASH_DAY_OF_WEEK,CRASH_MONTH,LATITUDE,LONGITUDE,LOCATION
40ea198fbb13d1f091434dc2eb5249e4e21b5516b319f80bcde5d8dfe0108f81661e9a952c8c67fd0888d26e1a855b324ed7a2d645e62c21cc9a5d0a55b5d686,,07/27/2025 07:02:00 PM,30,UNKNOWN,UNKNOWN,UNKNOWN,DAWN,PARKED MOTOR VEHICLE,NOT DIVIDED,,STRAIGHT AND LEVEL,UNKNOWN,UNKNOWN,NOT ON SCENE (DESK REPORT),NO INJURY / DRIVE AWAY,,,,"OVER $1,500",08/05/2025 01:50:00 PM,UNABLE TO DETERMINE,UNABLE TO DETERMINE,1068,W,TAYLOR ST,1232,,,,,,,2,NO INDICATION OF INJURY,0,0,0,0,0,1,0,19,1,7,41.8695753051,-87.6537591314,POINT (-87.653759131359 41.869575305104)
51a52fa94f6a51762e26b56527a6b49ae997377bdf00b84152d3670168084ba017e82ed03b26e84e5e2bab1c0854c1e2c6066624ed3f02df668691200de47664,,07/27/2025 07:00:00 PM,30,NO CONTROLS,NO CONTROLS,CLEAR,DAYLIGHT,FIXED OBJECT,OTHER,,STRAIGHT AND LEVEL,DRY,NO DEFECTS,ON SCENE,NO INJURY / DRIVE AWAY,,Y,Y,$500 OR LESS,07/27/2025 07:15:00 PM,UNABLE TO DETERMINE,NOT APPLICABLE,3735,W,FERDINAND ST,1122,,,,,,,1,NO INDICATION OF INJURY,0,0,0,0,0,1,0,19,1,7,41.8897983711,-87.7198765602,POINT (-87.719876560201 41.889798371102)
d8a710d78deff41b6c9f4731723ec57bb601662e3413cc346c7b6347efa6102d3161c739e21e6ea918d0a3eac3970dfddb4690e272e87d08517cabcccc40d1b4,,07/27/2025 06:55:00 PM,30,TRAFFIC SIGNAL,FUNCTIONING PROPERLY,CLEAR,DAYLIGHT,SIDESWIPE SAME DIRECTION,NOT DIVIDED,,STRAIGHT AND LEVEL,DRY,UNKNOWN,ON SCENE,NO INJURY / DRIVE AWAY,,,,"OVER $1,500",07/27/2025 07:02:00 PM,IMPROPER LANE USAGE,NOT APPLICABLE,5103,S,ASHLAND AVE,934,,,,,,,2,NO INDICATION OF INJURY,0,0,0,0,0,3,0,18,1,7,41.8011731441,-87.6646258955,POINT (-87.664625895522 41.801173144079)
bcd08c196f9524d322ba577b849f493a4b07e00497b027baf4aa0ac2ab2f3a0ff13adf3fbbced2f790c7f09f0536100c03dacc0253e42416998827899e134a45,,07/27/2025 06:48:00 PM,30,NO CONTROLS,NO CONTROLS,CLEAR,DAYLIGHT,PARKED MOTOR VEHICLE,NOT DIVIDED,,STRAIGHT AND LEVEL,DRY,NO DEFECTS,NOT ON SCENE (DESK REPORT),NO INJURY / DRIVE AWAY,,,,"OVER $1,500",07/27/2025 07:33:00 PM,IMPROPER OVERTAKING/PASSING,IMPROPER OVERTAKING/PASSING,10156,S,INDIANA AVE,511,,,,,,,2,NO INDICATION OF INJURY,0,0,0,0,0,1,0,18,1,7,41.7092062905,-87.6188363066,POINT (-87.618836306628 41.70920629053)
d0dde5ed42649dbe32db3d08668903362cf1d42424a166b145f93fa8cfd89a789cce7b52ea248304b5cf5f30954d17ac915b524f47a1c4aea43aef74d8c473e8,,07/27/2025 06:47:00 PM,30,NO CONTROLS,NO CONTROLS,CLEAR,DAYLIGHT,REAR END,ONE-WAY,,STRAIGHT AND LEVEL,DRY,NO DEFECTS,NOT ON SCENE (DESK REPORT),NO INJURY / DRIVE AWAY,,,,"OVER $1,500",07/27/2025 07:15:00 PM,UNABLE TO DETERMINE,UNABLE TO DETERMINE,5116,W,DEMING PL,2521,,,,,,,2,NO INDICATION OF INJURY,0,0,0,0,0,2,0,18,1,7,41.9270056257,-87.7545224824,POINT (-87.754522482386 41.927005625652)
c8f12819db9f8962b96b32b2ac56ca710252bab771a35f2bc3d1161ed4365ac6086ebeee680b9ab1d36c67c5c1746b47c6f403df52b29ec999e54df93290866f,,07/27/2025 06:45:00 PM,30,NO CONTROLS,NO CONTROLS,CLEAR,DAYLIGHT,SIDESWIPE SAME DIRECTION,NOT DIVIDED,,STRAIGHT AND LEVEL,DRY,NO DEFECTS,NOT ON SCENE (DESK REPORT),NO INJURY / DRIVE AWAY,,,Y,$500 OR LESS,07/30/2025 12:49:00 PM,UNABLE TO DETERMINE,NOT APPLICABLE,7030,S,ASHLAND AVE,735,,,,,,,2,NO INDICATION OF INJURY,0,0,0,0,0,4,0,18,1,7,41.7657907704,-87.6639668865,POINT (-87.663966886455 41.765790770432)
c33a1b50372bdd9d5214fc0a86db4816ca8e2f0c1542098943d765e5f48b0c7d0034a4bd9c0e751dbaf51e3629e94e24276856daeaad10c20882a7c551ef6cec,,07/27/2025 06:42:00 PM,30,NO CONTROLS,NO CONTROLS,CLEAR,DAYLIGHT,REAR END,NOT DIVIDED,,STRAIGHT AND LEVEL,DRY,NO DEFECTS,ON SCENE,INJURY AND / OR TOW DUE TO CRASH,,,,"OVER $1,500",07/27/2025 06:49:00 PM,FOLLOWING TOO CLOSELY,DRIVING SKILLS/KNOWLEDGE/EXPERIENCE,1008,S,MICHIGAN AVE,123,,Y,,,,,2,"REPORTED, NOT EVIDENT",1,0,0,0,1,1,0,18,1,7,41.869729068,-87.624268064,POINT (-87.624268063983 41.86972906797)
5c8c9bdb0d59f0c37add24fa5cffd0cc7a5e9bff94982a5ff6de918a6831c8afaeb518f5510eb6f87b7c4a01db39a4ff1b521629621797d691c7b193c539051c,,07/27/2025 06:40:00 PM,25,STOP SIGN/FLASHER,FUNCTIONING PROPERLY,CLEAR,DAYLIGHT,REAR END,FOUR WAY,,STRAIGHT AND LEVEL,DRY,NO DEFECTS,NOT ON SCENE (DESK REPORT),NO INJURY / DRIVE AWAY,Y,,Y,"OVER $1,500",07/27/2025 07:00:00 PM,UNABLE TO DETERMINE,UNABLE TO DETERMINE,3020,W,26TH ST,1033,,,,,,,2,NO INDICATION OF INJURY,0,0,0,0,0,2,0,18,1,7,41.8446988252,-87.701122966,POINT (-87.701122966039 41.844698825247)
799a4572535da157327c508fb5a831eb89b46bb303c6e9aa2aef353fd09b8b48e4dee1bb614eb4632654ea944f8bca1d8a113c0e83b7600d22e640971043f0ac,,07/27/2025 06:35:00 PM,30,NO CONTROLS,NO CONTROLS,CLEAR,DAYLIGHT,PARKED MOTOR VEHICLE,DIVIDED - W/MEDIAN (NOT RAISED),,STRAIGHT AND LEVEL,DRY,NO DEFECTS,ON SCENE,INJURY AND / OR TOW DUE TO CRASH,,,,"OVER $1,500",07/27/2025 06:37:00 PM,NOT APPLICABLE,NOT APPLICABLE,2856,N,KIMBALL AVE,1412,,,,,,,2,"REPORTED, NOT EVIDENT",1,0,0,0,1,0,0,18,1,7,41.9338192912,-87.712489716,POINT (-87.712489715981 41.933819291162)
2dbac8c0789e82026295a8c7d5763ea2d63e23b929dfb9d97061ba453d1d92a0671faade84105f1812265d26862193093ff4e2dfdc641d533447063be90b21b4,,07/27/2025 06:30:00 PM,30,NO CONTROLS,NO CONTROLS,CLEAR,DAYLIGHT,SIDESWIPE SAME DIRECTION,ONE-WAY,,STRAIGHT AND LEVEL,DRY,NO DEFECTS,NOT ON SCENE (DESK REPORT),NO INJURY / DRIVE AWAY,,,Y,"OVER $1,500",07/27/2025 07:00:00 PM,IMPROPER OVERTAKING/PASSING,IMPROPER OVERTAKING/PASSING,913,E,OAKWOOD BLVD,214,,,,,,,2,NO INDICATION OF INJURY,0,0,0,0,0,2,0,18,1,7,41.8243667534,-87.6028986256,POINT (-87.602898625555 41.824366753426)
ab511ff14b994d4e7625f48e56bfd55d607e7daaf2f3dd00e0d901cd3f607217404e2c87a7bee6e7d65f7684aabb6f3a59d91ba5ff250da3531251d0e144be67,,07/27/2025 06:30:00 PM,30,TRAFFIC SIGNAL,FUNCTIONING PROPERLY,CLEAR,DAYLIGHT,TURNING,FOUR WAY,,STRAIGHT AND LEVEL,DRY,NO DEFECTS,ON SCENE,NO INJURY / DRIVE AWAY,Y,,,$500 OR LESS,07/27/2025 06:39:00 PM,FAILING TO YIELD RIGHT-OF-WAY,FAILING TO REDUCE SPEED TO AVOID CRASH,3300,S,ASHLAND AVE,912,,,,,,,2,NO INDICATION OF INJURY,0,0,0,0,0,2,0,18,1,7,41.8341365965,-87.6657982672,POINT (-87.665798267236 41.834136596492)
ed21a738539d71d3225a279a9e23e804643d33cd6f3122ba163c4ed3709c1341c6d990ce35be1e5173e72634ea98e0cbe2d4464989506408c924c8edeb125a66,,07/27/2025 06:30:00 PM,30,NO CONTROLS,NO CONTROLS,CLEAR,DAYLIGHT,SIDESWIPE SAME DIRECTION,NOT DIVIDED,,STRAIGHT AND LEVEL,DRY,NO DEFECTS,NOT ON SCENE (DESK REPORT),NO INJURY / DRIVE AWAY,,,,"OVER $1,500",07/27/2025 07:33:00 PM,UNABLE TO DETERMINE,UNABLE TO DETERMINE,425,S,LAKE SHORE DR NB,114,,,,,,,2,NO INDICATION OF INJURY,0,0,0,0,0,2,0,18,1,7,41.8764874448,-87.6170092416,POINT (-87.61700924157 41.876487444783)
14bec6713472adcb4b16e9313eb761d15416ac1d9a5d18d48c8d4300e5464ad41a65ae7658dd3415abc239ffbbceb3bfd041ae62ae93504b8db09b116651d5c9,,07/27/2025 06:08:00 PM,35,STOP SIGN/FLASHER,UNKNOWN,CLEAR,DAYLIGHT,ANGLE,UNKNOWN,,STRAIGHT AND LEVEL,DRY,NO DEFECTS,ON SCENE,NO INJURY / DRIVE AWAY,Y,,,"OVER $1,500",07/27/2025 06:08:00 PM,UNABLE TO DETERMINE,NOT APPLICABLE,5600,S,MICHIGAN AVE,225,,,,,,,2,NO INDICATION OF INJURY,0,0,0,0,0,2,0,18,1,7,41.7928095051,-87.622562967,POINT (-87.622562966972 41.792809505121)
8c8edc986904db3a3ddfa6d0de100c1afbed96d153cc59ee71866fd17a1d20db93933a2f4988599ec3e3dc8196f8dd84f947fbd2ba12434a0f916f87c47eb397,,07/27/2025 06:08:00 PM,30,NO CONTROLS,NO CONTROLS,CLEAR,DAYLIGHT,SIDESWIPE SAME DIRECTION,NOT DIVIDED,,STRAIGHT AND LEVEL,DRY,NO DEFECTS,NOT ON SCENE (DESK REPORT),NO INJURY / DRIVE AWAY,,,,"OVER $1,500",07/27/2025 07:00:00 PM,FAILING TO YIELD RIGHT-OF-WAY,FAILING TO YIELD RIGHT-OF-WAY,2119,S,PRINCETON AVE,914,,,,,,,2,NO INDICATION OF INJURY,0,0,0,0,0,3,0,18,1,7,41.8539376608,-87.6355995292,POINT (-87.635599529203 41.853937660787)
64f416135d556ec268f94fd8de9eb35f35e6ad2d79df28ac76ab5c7817fffbcb31c0546c356e81a8d5854662d3dba993f80cc14b01de2901828ce2ed96ee2b49,,07/27/2025 06:03:00 PM,30,NO CONTROLS,NO CONTROLS,CLEAR,DUSK,PARKED MOTOR VEHICLE,NOT DIVIDED,,STRAIGHT AND LEVEL,DRY,NO DEFECTS,NOT ON SCENE (DESK REPORT),NO INJURY / DRIVE AWAY,,,Y,"OVER $1,500",07/27/2025 10:45:00 PM,UNABLE TO DETERMINE,UNABLE TO DETERMINE,1750,W,DIVISION ST,1424,,,,,,,2,NO INDICATION OF INJURY,0,0,0,0,0,1,0,18,1,7,41.9033825375,-87.6720315319,POINT (-87.672031531946 41.903382537455)
41576893b7e03c28b7aa28f29316283e6d5b27eb4948e19987a75fbd721cec84b3ac46a67dc0a32b18c1a686493cb0211a79c4592e8b8a71a1db7ee98c307831,,07/27/2025 06:00:00 PM,30,TRAFFIC SIGNAL,FUNCTIONING PROPERLY,CLEAR,DAYLIGHT,TURNING,T-INTERSECTION,,STRAIGHT AND LEVEL,DRY,NO DEFECTS,NOT ON SCENE (DESK REPORT),NO INJURY / DRIVE AWAY,Y,,Y,"OVER $1,500",07/27/2025 06:25:00 PM,UNABLE TO DETERMINE,UNABLE TO DETERMINE,7100,S,LAFAYETTE AVE,731,,,,,,,2,NO INDICATION OF INJURY,0,0,0,0,0,2,0,18,1,7,41.7653985858,-87.6266955007,POINT (-87.626695500681 41.765398585764)
5e2809c14b3ff3641fc48db33e920f89c6d5633b3387e4bfdf9219004c0d47226171de4ce755603d4aaea1cc88ebdab2ebd34e70b6a1b101678eabb892456a05,,07/27/2025 05:50:00 PM,35,STOP SIGN/FLASHER,UNKNOWN,CLEAR,DAYLIGHT,REAR END,ONE-WAY,,STRAIGHT AND LEVEL,DRY,UNKNOWN,ON SCENE,NO INJURY / DRIVE AWAY,,,Y,"OVER $1,500",07/27/2025 05:50:00 PM,UNABLE TO DETERMINE,NOT APPLICABLE,7700,S,SOUTH SHORE DR,421,,Y,,,,,2,NO INDICATION OF INJURY,0,0,0,0,0,2,0,17,1,7,41.7569151775,-87.553534773,POINT (-87.553534773022 41.756915177471)
e4aef4eea974cfbd27d51348e9bb5042a512c400e7fa3db2e7e7c8bb5679651b416ca0c223e9d619b79a0c8fe8c3ad8cef72e646362a4e3b23fe1f9a5ca07d4c,,07/27/2025 05:50:00 PM,30,TRAFFIC SIGNAL,FUNCTIONING PROPERLY,CLEAR,DAYLIGHT,PEDALCYCLIST,NOT DIVIDED,,STRAIGHT AND LEVEL,DRY,NO DEFECTS,NOT ON SCENE (DESK REPORT),NO INJURY / DRIVE AWAY,,,Y,"OVER $1,500",07/27/2025 09:00:00 PM,UNABLE TO DETERMINE,NOT APPLICABLE,3259,W,66TH ST,831,,,,,,,2,NO INDICATION OF INJURY,0,0,0,0,0,2,0,17,1,7,41.7733653669,-87.7052988262,POINT (-87.70529882617 41.773365366854)
11bd8218747f3d2be3908d661e7ba89ae41038e1a4536e35fa914483d48c2054291a51d3d7cd859be562c26afe148c8f37fb4a72111861cc544a02412ec59fea,,07/27/2025 05:46:00 PM,30,NO CONTROLS,NO CONTROLS,CLEAR,DAYLIGHT,TURNING,T-INTERSECTION,,STRAIGHT AND LEVEL,DRY,NO DEFECTS,ON SCENE,INJURY AND / OR TOW DUE TO CRASH,Y,,,"OVER $1,500",07/27/2025 06:01:00 PM,IMPROPER OVERTAKING/PASSING,FAILING TO YIELD RIGHT-OF-WAY,2107,S,HALSTED ST,1235,,,,,,,2,"REPORTED, NOT EVIDENT",1,0,0,0,1,2,0,17,1,7,41.8539276849,-87.6463824146,POINT (-87.646382414625 41.85392768492)
17c6f93dbfa7bb238e81e2d2a7009cb850f917e8a56965596074077deffdb77dd340508f703a9ddb7e7609ac88650584d066beb7bb059dce32a163ddcd5c1913,,07/27/2025 05:43:00 PM,20,NO CONTROLS,NO CONTROLS,CLEAR,DAYLIGHT,SIDESWIPE SAME DIRECTION,NOT DIVIDED,,STRAIGHT AND LEVEL,DRY,NO DEFECTS,ON SCENE,NO INJURY / DRIVE AWAY,,,,"OVER $1,500",07/27/2025 06:27:00 PM,UNABLE TO DETERMINE,NOT APPLICABLE,4935,N,ST LOUIS AVE,1712,,,,,,,2,NO INDICATION OF INJURY,0,0,0,0,0,3,0,17,1,7,41.9711632858,-87.7157379466,POINT (-87.715737946609 41.97116328583)
c4d3e3f3833c5db639733ec7b21518c08053185eab815c1748c419563d2ca0d7bfd6e6f024344aaac1a9acc0ac79e16850b87c1bd857253c7a41f974a34b2229,,07/27/2025 05:42:00 PM,30,NO CONTROLS,NO CONTROLS,CLEAR,DAYLIGHT,SIDESWIPE SAME DIRECTION,DIVIDED - W/MEDIAN (NOT RAISED),,STRAIGHT AND LEVEL,DRY,NO DEFECTS,ON SCENE,NO INJURY / DRIVE AWAY,,,Y,"OVER $1,500",07/27/2025 05:46:00 PM,IMPROPER OVERTAKING/PASSING,IMPROPER OVERTAKING/PASSING,7100,S,ASHLAND AVE,735,,,,,,,2,NO INDICATION OF INJURY,0,0,0,0,0,2,0,17,1,7,41.7648593824,-87.6639401763,POINT (-87.663940176305 41.764859382425)
1cccc62b0333abdc1f436a93b7b12caec1521fbb869fadbd000735d0c574e1e4c2d79e35b46acb35f1a2242a85fbf0d054dd8ecef7bf74e218412c0f9fe00083,,07/27/2025 05:30:00 PM,25,TRAFFIC SIGNAL,FUNCTIONING PROPERLY,CLEAR,DAYLIGHT,REAR END,FOUR WAY,,STRAIGHT AND LEVEL,DRY,NO DEFECTS,NOT ON SCENE (DESK REPORT),NO INJURY / DRIVE AWAY,Y,,,"OVER $1,500",07/28/2025 09:05:00 AM,UNABLE TO DETERMINE,NOT APPLICABLE,1951,N,MILWAUKEE AVE,1434,,,,,,,2,NO INDICATION OF INJURY,0,0,0,0,0,2,0,17,1,7,41.9170033829,-87.6874741389,POINT (-87.687474138949 41.917003382914)
7ec52e59baec0d56d24ea504affbbad024c96c9d726ecefe64f024253face212a7d42db726d511b6040f72d32d8f9ca380ecd9694bbdbc6ad0bb67699c9755d2,,07/27/2025 05:30:00 PM,35,NO CONTROLS,NO CONTROLS,CLEAR,DAYLIGHT,SIDESWIPE SAME DIRECTION,DIVIDED - W/MEDIAN (NOT RAISED),,STRAIGHT AND LEVEL,DRY,NO DEFECTS,NOT ON SCENE (DESK REPORT),NO INJURY / DRIVE AWAY,,,Y,"OVER $1,500",07/27/2025 05:30:00 PM,IMPROPER OVERTAKING/PASSING,NOT APPLICABLE,4358,W,MONTROSE AVE,1722,,,,,,,2,NO INDICATION OF INJURY,0,0,0,0,0,2,0,17,1,7,41.9609437508,-87.737961774,POINT (-87.737961773988 41.960943750836)
b59507d13cc9cff7e4f7d3d9a63f6255583f1fd51e820d4f0f5e2c42864205fbe6945bc2eff3325997816c19fe086ab44f4f9aacac50fd7b06eb8f080099b2fd,,07/27/2025 05:30:00 PM,30,STOP SIGN/FLASHER,FUNCTIONING PROPERLY,CLEAR,DAYLIGHT,ANGLE,FOUR WAY,,STRAIGHT AND LEVEL,DRY,NO DEFECTS,ON SCENE,INJURY AND / OR TOW DUE TO CRASH,Y,,,"OVER $1,500",07/27/2025 05:30:00 PM,DISREGARDING TRAFFIC SIGNALS,FAILING TO REDUCE SPEED TO AVOID CRASH,1600,W,LAKE ST,1215,,,,,,,2,INCAPACITATING INJURY,5,0,1,4,0,0,0,17,1,7,41.8854349861,-87.6670880553,POINT (-87.667088055261 41.885434986143)
cbc8bedc307a25e61006ee794d0c2aea63f316fdf9a9507dfa1a98d410659d6ccbce920ed62681c98760b60450285e228699239d823db23fe1a0d3b10781a342,Y,07/27/2025 05:28:00 PM,30,OTHER,OTHER,OTHER,UNKNOWN,REAR TO FRONT,OTHER,,STRAIGHT AND LEVEL,OTHER,OTHER,NOT ON SCENE (DESK REPORT),NO INJURY / DRIVE AWAY,,,,"$501 - $1,500",07/28/2025 12:14:00 AM,UNABLE TO DETERMINE,UNABLE TO DETERMINE,1519,E,54TH ST,234,,,,,,,2,NO INDICATION OF INJURY,0,0,0,0,0,3,0,17,1,7,41.7979794486,-87.5882348589,POINT (-87.588234858909 41.797979448561)
b3bdb1a03094f1eaac7667ee3e6ea04bbfcf1801c2977ee0393ec18a60c2a34fb5abd1aeb659509876a3733fa0c7938c5b9629468a9eb960a0391de992a0d45c,,07/27/2025 05:20:00 PM,30,UNKNOWN,UNKNOWN,CLOUDY/OVERCAST,DAYLIGHT,ANGLE,NOT DIVIDED,,STRAIGHT AND LEVEL,UNKNOWN,UNKNOWN,NOT ON SCENE (DESK REPORT),NO INJURY / DRIVE AWAY,,,,"OVER $1,500",07/27/2025 05:50:00 PM,UNABLE TO DETERMINE,NOT APPLICABLE,4541,W,BELMONT AVE,2521,,,,,,,2,NO INDICATION OF INJURY,0,0,0,0,0,2,0,17,1,7,41.9387970972,-87.7410727832,POINT (-87.741072783244 41.938797097179)
3520237832c1da4357695a064bc29d8d93e02e936883c27c762dc93204076198d4a33a5c355edfc7854d66bd7edc23a0441ad3f05ea1c964dbddec0b2effc9ad,,07/27/2025 05:19:00 PM,25,STOP SIGN/FLASHER,FUNCTIONING PROPERLY,CLEAR,DAYLIGHT,PARKED MOTOR VEHICLE,NOT DIVIDED,,STRAIGHT AND LEVEL,DRY,NO DEFECTS,ON SCENE,NO INJURY / DRIVE AWAY,,,,"OVER $1,500",07/27/2025 05:19:00 PM,"OPERATING VEHICLE IN ERRATIC, RECKLESS, CARELESS, NEGLIGENT OR AGGRESSIVE MANNER",DISTRACTION - FROM INSIDE VEHICLE,562,W,14TH PL,124,,,,,,,2,NO INDICATION OF INJURY,0,0,0,0,0,2,0,17,1,7,41.8625342406,-87.6416232162,POINT (-87.641623216225 41.862534240643)
adec0a75667a98d1070755f778b3ad15efff0b4e68ede457294f2ff354ae84807518e0339862780d7668ed0eb233f6b86c215301d7ecaf09285967b6a4807b1c,,07/27/2025 05:17:00 PM,30,NO CONTROLS,NO CONTROLS,CLEAR,DAYLIGHT,TURNING,NOT DIVIDED,,STRAIGHT AND LEVEL,DRY,NO DEFECTS,ON SCENE,INJURY AND / OR TOW DUE TO CRASH,,,,"OVER $1,500",07/27/2025 05:17:00 PM,IMPROPER LANE USAGE,IMPROPER OVERTAKING/PASSING,2765,N,CLYBOURN AVE,1931,,,,,,,2,NONINCAPACITATING INJURY,3,0,0,1,2,0,0,17,1,7,41.9315386681,-87.6770724982,POINT (-87.677072498161 41.931538668116)
9eb17717b2aeaedcccf1430388979e1cdd2f4a53faea7520a8649d6ed8add12dfc06ff7800613322d120c912841b5bf183fb746063092f9b7db7ff641a283912,,07/27/2025 05:13:00 PM,30,TRAFFIC SIGNAL,FUNCTIONING PROPERLY,CLEAR,DAYLIGHT,TURNING,FOUR WAY,,STRAIGHT AND LEVEL,DRY,NO DEFECTS,ON SCENE,INJURY AND / OR TOW DUE TO CRASH,Y,,,"OVER $1,500",07/27/2025 05:13:00 PM,UNABLE TO DETERMINE,UNABLE TO DETERMINE,900,N,KEDZIE AVE,1121,,,,,,,2,NONINCAPACITATING INJURY,2,0,0,1,1,3,0,17,1,7,41.8975656467,-87.7067687556,POINT (-87.706768755648 41.89756564666)
d79c51bcedd6017e024762d14a5f29da10ef84342f5f1d5d774747df396ba93daddb39086d2dc7d28fba41c63bd381eb68d23dbe1d0111fdae943ceacec17736,,07/27/2025 05:12:00 PM,30,TRAFFIC SIGNAL,UNKNOWN,CLEAR,DAYLIGHT,TURNING,T-INTERSECTION,,STRAIGHT AND LEVEL,DRY,UNKNOWN,NOT ON SCENE (DESK REPORT),NO INJURY / DRIVE AWAY,Y,,,"OVER $1,500",07/27/2025 11:10:00 PM,UNABLE TO DETERMINE,NOT APPLICABLE,1632,W,111TH ST,2234,,,,,,,2,NO INDICATION OF INJURY,0,0,0,0,0,2,0,17,1,7,41.6922347231,-87.6631842891,POINT (-87.663184289147 41.692234723052)
78df13519ee5d03f9196f6679b21bb6fe568be08ac9190663ea7cd3a7efe2047df15cdfc16c562a63ce70929a5aa2930392151c894d2161a9991cbe5f3092e3b,,07/27/2025 05:09:00 PM,30,TRAFFIC SIGNAL,FUNCTIONING PROPERLY,CLEAR,DAYLIGHT,SIDESWIPE SAME DIRECTION,FOUR WAY,,STRAIGHT AND LEVEL,DRY,NO DEFECTS,ON SCENE,NO INJURY / DRIVE AWAY,Y,,Y,"OVER $1,500",07/27/2025 05:10:00 PM,IMPROPER TURNING/NO SIGNAL,NOT APPLICABLE,21,W,PERSHING RD,213,,,,,,,2,NO INDICATION OF INJURY,0,0,0,0,0,2,0,17,1,7,41.8235917424,-87.6274359191,POINT (-87.627435919146 41.823591742413)
b86990926e35e3ff5edf2ca5bad6a2868a51f92b03d4d721db701ef489a07d6f0ea1aba6d43815286c14e1c8af15a9b0b099b911a4d40e43847f0980649ce3b9,,07/27/2025 05:03:00 PM,30,TRAFFIC SIGNAL,FUNCTIONING PROPERLY,CLOUDY/OVERCAST,DAYLIGHT,TURNING,DIVIDED - W/MEDIAN (NOT RAISED),,STRAIGHT AND LEVEL,DRY,NO DEFECTS,ON SCENE,NO INJURY / DRIVE AWAY,,,Y,"OVER $1,500",07/27/2025 05:10:00 PM,IMPROPER OVERTAKING/PASSING,NOT APPLICABLE,600,S,ASHLAND AVE,1231,,,,,,,2,NO INDICATION OF INJURY,0,0,0,0,0,2,0,17,1,7,41.8741332734,-87.6667440829,POINT (-87.66674408286 41.874133273384)
0d93d9243b52ac7feaa9461e08b0c12181141c73346b9d75a807c128d62728fa779f92d812ab63979dc34958b29aeec863cc1238071facacdb1118ef9c55bb99,,07/27/2025 05:00:00 PM,30,NO CONTROLS,NO CONTROLS,CLEAR,DAYLIGHT,TURNING,NOT DIVIDED,,STRAIGHT AND LEVEL,DRY,NO DEFECTS,ON SCENE,INJURY AND / OR TOW DUE TO CRASH,,,,"$501 - $1,500",07/27/2025 05:15:00 PM,IMPROPER TURNING/NO SIGNAL,NOT APPLICABLE,7798,S,JEFFERY BLVD,414,,,,,,,2,NO INDICATION OF INJURY,0,0,0,0,0,2,0,17,1,7,41.7535130519,-87.5761746847,POINT (-87.576174684733 41.7535130519)
4f3da6d609f598a372fc7b5153ab92f9fd17a83b1802c4760d9dbdeca2b45a250474ea8ea42db6ba040460d93085f33997424d7b6d00699089dc730f77ad9698,,07/27/2025 05:00:00 PM,20,NO CONTROLS,NO CONTROLS,CLEAR,DAYLIGHT,SIDESWIPE SAME DIRECTION,ONE-WAY,,STRAIGHT AND LEVEL,DRY,NO DEFECTS,NOT ON SCENE (DESK REPORT),NO INJURY / DRIVE AWAY,,,,"OVER $1,500",07/27/2025 05:00:00 PM,IMPROPER OVERTAKING/PASSING,NOT APPLICABLE,10000,W,OHARE ST,1651,,,,,,,2,NO INDICATION OF INJURY,0,0,0,0,0,4,0,17,1,7,41.976201139,-87.9053091251,POINT (-87.905309125103 41.976201139024)
ef0d83d707089e3e45760153debd106c20b86bc101ae8e52101bf2d7cd577886e94a45179408d0574c55cd4c048d80145c46960a63a6dd1a232f62572b27aabe,,07/27/2025 05:00:00 PM,30,UNKNOWN,UNKNOWN,CLEAR,DAYLIGHT,SIDESWIPE SAME DIRECTION,DIVIDED - W/MEDIAN BARRIER,,STRAIGHT AND LEVEL,UNKNOWN,UNKNOWN,,NO INJURY / DRIVE AWAY,,,,"OVER $1,500",07/27/2025 06:10:00 PM,UNABLE TO DETERMINE,UNABLE TO DETERMINE,36,W,IDA B WELLS DR,113,,,,,,,2,NO INDICATION OF INJURY,0,0,0,0,0,2,0,17,1,7,41.8757380182,-87.6289718655,POINT (-87.628971865532 41.875738018246)