CRASH_RECORD_ID,CRASH_DATE_EST_I,CRASH_DATE,POSTED_SPEED_LIMIT,TRAFFIC_CONTROL_DEVICE,DEVICE_CONDITION,WEATHER_CONDITION,LIGHTING_CONDITION,FIRST_CRASH_TYPE,TRAFFICWAY_TYPE,LANE_CNT,ALIGNMENT,ROADWAY_SURFACE_COND,ROAD_DEFECT,REPORT_TYPE,CRASH_TYPE,INTERSECTION_RELATED_I,NOT_RIGHT_OF_WAY_I,HIT_AND_RUN_I,DAMAGE,DATE_POLICE_NOTIFIED,PRIM_CONTRIBUTORY_CAUSE,SEC_CONTRIBUTORY_CAUSE,STREET_NO,STREET_DIRECTION,STREET_NAME,BEAT_OF_OCCURRENCE,PHOTOS_TAKEN_I,STATEMENTS_TAKEN_I,DOORING_I,WORK_ZONE_I,WORK_ZONE_TYPE,WORKERS_PRESENT_I,NUM_UNITS,MOST_SEVERE_INJURY,INJURIES_TOTAL,INJURIES_FATAL,INJURIES_INCAPACITATING,INJURIES_NON_INCAPACITATING,INJURIES_REPORTED_NOT_EVIDENT,INJURIES_NO_INDICATION,INJURIES_UNKNOWN,CRASH_HOUR,CRASH_DAY_OF_WEEK,CRASH_MONTH,LATITUDE,LONGITUDE,LOCATION
2f2e760468b161a739d95cbe35c5d03dd66fad2e4c55e0de6033ee5f974908feacd72003e1ee97efe35cb87e76a4a7943c68958a21554a2bcfd10745b2461821,,07/27/2025 04:59:00 PM,30,OTHER,FUNCTIONING PROPERLY,CLEAR,DAYLIGHT,REAR END,NOT DIVIDED,,STRAIGHT AND LEVEL,DRY,UNKNOWN,ON SCENE,INJURY AND / OR TOW DUE TO CRASH,,,,"OVER $1,500",07/27/2025 04:59:00 PM,FAILING TO REDUCE SPEED TO AVOID CRASH,UNABLE TO DETERMINE,2228,W,LAWRENCE AVE,2031,,,,,,,4,NONINCAPACITATING INJURY,1,0,0,1,0,3,0,16,1,7,41.9687773214,-87.6851977194,POINT (-87.685197719363 41.968777321412)
e14176cdade30da2c4f9b1f37d88d6f197497185f41a36e2298150f6f9836a23131103b28cc6a5d2465878309fe4a88e3cc65775b2cfc76278f4b295e2dd77f6,,07/27/2025 04:55:00 PM,25,NO CONTROLS,NO CONTROLS,CLEAR,DAYLIGHT,PARKED MOTOR VEHICLE,ONE-WAY,,STRAIGHT AND LEVEL,DRY,NO DEFECTS,ON SCENE,NO INJURY / DRIVE AWAY,,,Y,"$501 - $1,500",07/27/2025 05:23:00 PM,UNABLE TO DETERMINE,UNABLE TO DETERMINE,2750,S,WHIPPLE ST,1033,,,,,,,2,NO INDICATION OF INJURY,0,0,0,0,0,1,0,16,1,7,41.8413100237,-87.7014178493,POINT (-87.701417849284 41.841310023669)
eb0f9b62826d003cf1b551e12e8cb357920127c6678366e75c9c9be94a08f033d5bd2372135664eff61029a900efdb1a787d573bbc16d2701002c6f6d9f2f293,,07/27/2025 04:55:00 PM,30,UNKNOWN,OTHER,UNKNOWN,UNKNOWN,TURNING,UNKNOWN,,STRAIGHT AND LEVEL,UNKNOWN,UNKNOWN,NOT ON SCENE (DESK REPORT),NO INJURY / DRIVE AWAY,,,,"OVER $1,500",07/27/2025 05:45:00 PM,UNABLE TO DETERMINE,NOT APPLICABLE,4532,W,BELMONT AVE,1731,,,,,,,2,NO INDICATION OF INJURY,0,0,0,0,0,3,0,16,1,7,41.9390202197,-87.740822969,POINT (-87.740822968957 41.939020219741)
3b2ca78bd6097142b02cf4329b5871d70a6e96206b7b341d3ec14e0b6cab7fb08b952505eb1e6e040d02b3509003e9e334d6a86dcab58e5c38494357ecd7aeb4,,07/27/2025 04:52:00 PM,35,STOP SIGN/FLASHER,NO CONTROLS,CLEAR,DAYLIGHT,ANGLE,TRAFFIC ROUTE,,STRAIGHT AND LEVEL,DRY,UNKNOWN,ON SCENE,INJURY AND / OR TOW DUE TO CRASH,Y,,,"OVER $1,500",07/27/2025 04:55:00 PM,FAILING TO YIELD RIGHT-OF-WAY,FAILING TO YIELD RIGHT-OF-WAY,5500,S,MEADE AVE,811,,,,,,,2,NO INDICATION OF INJURY,0,0,0,0,0,5,0,16,1,7,41.7923993245,-87.7746447029,POINT (-87.77464470292 41.79239932451)
ac41623fd816eefd0692acb289bb3edb5f473e8bd84d7a4d62f494dcd4c4f58f6a3431eec3e603d3b18aaddb5271437f851924fcbde1b5056d663f3532e66158,,07/27/2025 04:38:00 PM,30,NO CONTROLS,NO CONTROLS,CLEAR,DAYLIGHT,TURNING,DIVIDED - W/MEDIAN (NOT RAISED),,STRAIGHT AND LEVEL,DRY,NO DEFECTS,NOT ON SCENE (DESK REPORT),NO INJURY / DRIVE AWAY,,,,"OVER $1,500",08/03/2025 11:10:00 PM,UNABLE TO DETERMINE,UNABLE TO DETERMINE,3661,N,ELSTON AVE,1733,,,,,,,2,NO INDICATION OF INJURY,0,0,0,0,0,3,0,16,1,7,41.9479270486,-87.7105289004,POINT (-87.710528900405 41.947927048638)
8f56bf3539d8256017c8bf38dab9e8731bfc5521f85083cad733ecd591f62fc051e399912985bd9665f86a0f472baae8548d74a03fa6021c3c77ff8c8d6da018,Y,07/27/2025 04:35:00 PM,30,NO CONTROLS,NO CONTROLS,CLEAR,DAYLIGHT,ANGLE,NOT DIVIDED,,STRAIGHT AND LEVEL,DRY,NO DEFECTS,NOT ON SCENE (DESK REPORT),NO INJURY / DRIVE AWAY,,,,"OVER $1,500",07/27/2025 04:45:00 PM,IMPROPER TURNING/NO SIGNAL,FAILING TO YIELD RIGHT-OF-WAY,78,E,43RD ST,213,,,,,,,2,NO INDICATION OF INJURY,0,0,0,0,0,2,0,16,1,7,41.8166475053,-87.6231154922,POINT (-87.623115492156 41.816647505332)
2dfed1209adeaf2451c55f7cd935df0ed11e2dca7719ca1cc8fa527e1b6cceaf0723b0d764b673e0dd8d782beb35e8133a8dea424eaa82baace5005997b9a49c,,07/27/2025 04:32:00 PM,30,TRAFFIC SIGNAL,FUNCTIONING PROPERLY,CLOUDY/OVERCAST,DAYLIGHT,SIDESWIPE SAME DIRECTION,NOT DIVIDED,,STRAIGHT AND LEVEL,WET,UNKNOWN,ON SCENE,NO INJURY / DRIVE AWAY,,,,"OVER $1,500",07/27/2025 04:32:00 PM,PHYSICAL CONDITION OF DRIVER,UNDER THE INFLUENCE OF ALCOHOL/DRUGS (USE WHEN ARREST IS EFFECTED),1302,N,WESTERN AVE,1423,,N,,,,,4,NO INDICATION OF INJURY,0,0,0,0,0,4,0,16,1,7,41.904987866,-87.6872265927,POINT (-87.687226592741 41.904987865983)
1be854ba9ef572f6f28afa825672b6d93f56d00faf8ae82899fe9346c75cf465fabf53b58bcb3611b5b95158cd01f455a683261ba03218a819fcce70cd16aa5f,,07/27/2025 04:30:00 PM,30,TRAFFIC SIGNAL,FUNCTIONING PROPERLY,CLEAR,"DARKNESS, LIGHTED ROAD",FIXED OBJECT,ONE-WAY,,STRAIGHT AND LEVEL,DRY,NO DEFECTS,NOT ON SCENE (DESK REPORT),NO INJURY / DRIVE AWAY,,,,"$501 - $1,500",07/27/2025 09:10:00 PM,IMPROPER TURNING/NO SIGNAL,UNABLE TO DETERMINE,1,S,LOWER WACKER DR,122,,,,,,,1,NO INDICATION OF INJURY,0,0,0,0,0,1,0,16,1,7,41.8818550975,-87.6365806425,POINT (-87.636580642549 41.881855097465)
34bc54f7f16cf06758e4ca065be28d3a9835b989ef550fe3794d0d80e5deae6ba54db6d6e690d25ae04c68cff2e6547921a5c6d2666faee8da2dc55146f1a408,,07/27/2025 04:30:00 PM,25,TRAFFIC SIGNAL,UNKNOWN,CLEAR,DAYLIGHT,TURNING,NOT DIVIDED,,STRAIGHT AND LEVEL,DRY,NO DEFECTS,NOT ON SCENE (DESK REPORT),NO INJURY / DRIVE AWAY,,,,"OVER $1,500",07/27/2025 07:00:00 PM,UNABLE TO DETERMINE,UNABLE TO DETERMINE,1201,N,ASHLAND AVE,1424,,,,,,,2,NO INDICATION OF INJURY,0,0,0,0,0,2,0,16,1,7,41.9033822821,-87.6673493479,POINT (-87.667349347861 41.903382282121)
c8287b5ea29f6311d38207565b962d9eb0e3144744ee27fa0937c9e6a4dd065e56fce5b8779b0108401f8ff2302a4a6354f9f0745d1829aba9cdc082aa9c5594,,07/27/2025 04:30:00 PM,30,NO CONTROLS,NO CONTROLS,CLEAR,DAYLIGHT,REAR END,NOT DIVIDED,,STRAIGHT AND LEVEL,DRY,NO DEFECTS,ON SCENE,NO INJURY / DRIVE AWAY,,,,"$501 - $1,500",07/27/2025 04:30:00 PM,FOLLOWING TOO CLOSELY,NOT APPLICABLE,4820,W,LAWRENCE AVE,1623,,,,,,,2,NO INDICATION OF INJURY,0,0,0,0,0,3,0,16,1,7,41.9681252697,-87.7487396826,POINT (-87.748739682611 41.968125269652)
d1581d2fa89a497757b0c2eeaa07a6e144e094a88a2c297045130cfe5ee2a72c95dcc83de5bf74b3816422ed76a97961e1c69dfa1a36e394bbd17f263dd46402,,07/27/2025 04:30:00 PM,30,TRAFFIC SIGNAL,FUNCTIONING PROPERLY,CLEAR,DAYLIGHT,REAR END,NOT DIVIDED,,STRAIGHT AND LEVEL,DRY,NO DEFECTS,NOT ON SCENE (DESK REPORT),INJURY AND / OR TOW DUE TO CRASH,,,,"OVER $1,500",07/28/2025 03:28:00 PM,FAILING TO REDUCE SPEED TO AVOID CRASH,NOT APPLICABLE,1444,W,FULLERTON AVE,1932,,,,,,,2,NONINCAPACITATING INJURY,1,0,0,1,0,1,0,16,1,7,41.9253028981,-87.6650847859,POINT (-87.665084785943 41.92530289811)
63416bc3d4373f2631bf95777e7a403b5dcb07ee16bb5cd6f838014c82b01bad9d2db3f919662b2b5d6fcab40fb53dc2e43843347ca0b0b5a2e8555c3e10b1e4,,07/27/2025 04:29:00 PM,30,NO CONTROLS,NO CONTROLS,CLEAR,DAYLIGHT,SIDESWIPE SAME DIRECTION,NOT DIVIDED,,STRAIGHT AND LEVEL,WET,NO DEFECTS,ON SCENE,INJURY AND / OR TOW DUE TO CRASH,,,,"OVER $1,500",07/27/2025 04:29:00 PM,FAILING TO YIELD RIGHT-OF-WAY,FOLLOWING TOO CLOSELY,2722,W,DIVISION ST,1423,,,,,,,3,"REPORTED, NOT EVIDENT",2,0,0,0,2,3,0,16,1,7,41.9030480131,-87.6953822358,POINT (-87.695382235776 41.903048013084)
f4feb5640946268653ed527add23b3b325645b435ddc9c8516beae44a92dd3576825a0d243a24d95bf74e387d48fa78b3b1bc77d29102d45d7c28a22bed48a26,,07/27/2025 04:29:00 PM,30,NO CONTROLS,NO CONTROLS,RAIN,DAYLIGHT,PARKED MOTOR VEHICLE,NOT DIVIDED,,STRAIGHT AND LEVEL,WET,UNKNOWN,ON SCENE,INJURY AND / OR TOW DUE TO CRASH,,,,"OVER $1,500",07/27/2025 04:34:00 PM,"OPERATING VEHICLE IN ERRATIC, RECKLESS, CARELESS, NEGLIGENT OR AGGRESSIVE MANNER",NOT APPLICABLE,6014,W,WABANSIA AVE,2513,,,,,,,2,NO INDICATION OF INJURY,0,0,0,0,0,1,0,16,1,7,41.911184163,-87.7758921859,POINT (-87.775892185884 41.911184163016)
6516eca709988e450653e3b14a8c180e61ecc20f43f26234d9507ae6e04c092771f6748ee2e4e63c6565b31ef89e04ddf915e68a96ce4f9a84053c5fd4306a92,,07/27/2025 04:26:00 PM,30,NO CONTROLS,NO CONTROLS,CLEAR,DAYLIGHT,PARKED MOTOR VEHICLE,DIVIDED - W/MEDIAN (NOT RAISED),,STRAIGHT AND LEVEL,DRY,NO DEFECTS,NOT ON SCENE (DESK REPORT),NO INJURY / DRIVE AWAY,,,,"OVER $1,500",07/27/2025 04:27:00 PM,IMPROPER OVERTAKING/PASSING,IMPROPER OVERTAKING/PASSING,4336,N,PULASKI RD,1722,,,,,,,2,NO INDICATION OF INJURY,0,0,0,0,0,1,0,16,1,7,41.9601445117,-87.7279514581,POINT (-87.727951458112 41.960144511652)
9d9516c46455653d220b2e43b60569413d6aa418a251d066ba29764388f6e39d9d7ef674d262fa6899700d56745eb5480d4abc5fbbe9edeac556035df8e178c0,,07/27/2025 04:21:00 PM,30,STOP SIGN/FLASHER,FUNCTIONING PROPERLY,CLEAR,DAYLIGHT,ANGLE,FOUR WAY,,STRAIGHT AND LEVEL,DRY,NO DEFECTS,ON SCENE,NO INJURY / DRIVE AWAY,Y,,,"OVER $1,500",07/27/2025 04:26:00 PM,"VISION OBSCURED (SIGNS, TREE LIMBS, BUILDINGS, ETC.)",FAILING TO YIELD RIGHT-OF-WAY,3622,W,MONTROSE AVE,1723,,,,,,,2,NO INDICATION OF INJURY,0,0,0,0,0,5,0,16,1,7,41.9611679512,-87.7189642293,POINT (-87.718964229287 41.961167951165)
eb9a0ec354f348543aedca89c825ebe8df2f5ba37ebcc17abd58066952a5b7cf6f876cc0301accaa9585301a969e22776e58bd54722b2864c384fa1a974039de,,07/27/2025 04:10:00 PM,30,NO CONTROLS,UNKNOWN,CLEAR,DAYLIGHT,SIDESWIPE SAME DIRECTION,PARKING LOT,,STRAIGHT AND LEVEL,UNKNOWN,UNKNOWN,ON SCENE,NO INJURY / DRIVE AWAY,,Y,N,"OVER $1,500",07/27/2025 04:15:00 PM,UNABLE TO DETERMINE,UNABLE TO DETERMINE,8249,S,COTTAGE GROVE AVE,631,,,,,,,2,NO INDICATION OF INJURY,0,0,0,0,0,3,0,16,1,7,41.7443470249,-87.6048977326,POINT (-87.604897732586 41.744347024933)
0f03ff5b043099eae0462bcf01ea1366586b812f47beb513df20ff1f942ccb5795a814307b136e49c95ccc440c94c0f6cffa596f45aecef24f4659a9c67b1669,,07/27/2025 04:09:00 PM,30,NO CONTROLS,NO CONTROLS,CLEAR,DAYLIGHT,REAR TO FRONT,NOT DIVIDED,,STRAIGHT AND LEVEL,DRY,NO DEFECTS,ON SCENE,NO INJURY / DRIVE AWAY,,,Y,"OVER $1,500",07/27/2025 04:11:00 PM,UNABLE TO DETERMINE,UNABLE TO DETERMINE,3498,N,ELSTON AVE,1733,,,,,,,2,NO INDICATION OF INJURY,0,0,0,0,0,2,0,16,1,7,41.9446874506,-87.7062307987,POINT (-87.706230798681 41.944687450586)
c91501f0beb25e8ba5a85f8b5884994f51bc9758f18b66c175e524cc105b4b87118bd9b2f455b3d1747356a39cc99e00e671791920de05b89eeb50b9e4eb66cc,Y,07/27/2025 04:09:00 PM,20,NO CONTROLS,NO CONTROLS,CLEAR,UNKNOWN,PARKED MOTOR VEHICLE,NOT DIVIDED,,STRAIGHT AND LEVEL,UNKNOWN,NO DEFECTS,ON SCENE,NO INJURY / DRIVE AWAY,,,Y,"$501 - $1,500",07/29/2025 03:27:00 PM,UNABLE TO DETERMINE,UNABLE TO DETERMINE,443,W,WRIGHTWOOD AVE,1935,,,,,,,2,NO INDICATION OF INJURY,0,0,0,0,0,1,0,16,1,7,41.9307453594,-87.6408401066,POINT (-87.640840106575 41.93074535943)
61ba13545f28cf48ba251049f921c95544720fd2cea83e3329ab08e35ab9583695861d7ffdf0dd3f455d3a74056531bafffe5087cbec64ae4fc4a0585514045f,,07/27/2025 04:07:00 PM,3,STOP SIGN/FLASHER,FUNCTIONING PROPERLY,RAIN,DAYLIGHT,ANGLE,FOUR WAY,,STRAIGHT AND LEVEL,WET,NO DEFECTS,ON SCENE,INJURY AND / OR TOW DUE TO CRASH,,,,"OVER $1,500",07/27/2025 04:10:00 PM,UNABLE TO DETERMINE,UNABLE TO DETERMINE,10701,S,SPRINGFIELD AVE,2211,,,,,,,2,NO INDICATION OF INJURY,0,0,0,0,0,2,0,16,1,7,41.6985683172,-87.7180232337,POINT (-87.718023233653 41.69856831715)
6f1471453d723d36a0d3939e93d1a4f8fbccd8717e7a3ddfbdc03c5d7766ba8f73a6ab73b4de1b252dfb788ee43ea9ebb934024cd44746ef7be1b06f8ef3c8c4,,07/27/2025 04:03:00 PM,30,TRAFFIC SIGNAL,FUNCTIONING PROPERLY,CLEAR,DAYLIGHT,TURNING,FOUR WAY,,STRAIGHT AND LEVEL,DRY,WORN SURFACE,ON SCENE,NO INJURY / DRIVE AWAY,,,,"OVER $1,500",07/27/2025 04:26:00 PM,IMPROPER LANE USAGE,NOT APPLICABLE,4199,S,CALIFORNIA AVE,921,,,,,,,2,NO INDICATION OF INJURY,0,0,0,0,0,4,0,16,1,7,41.8174603921,-87.6943407506,POINT (-87.694340750626 41.817460392067)
864bfb350a46cb29866d8db604a11f5f95c2bbbe6ff50841e587896b21aaa57af90d4ca713593a56dc538877e358a9d98f2b0699af01120a617b17e4b573bf96,,07/27/2025 03:50:00 PM,30,TRAFFIC SIGNAL,FUNCTIONING PROPERLY,CLEAR,DAYLIGHT,TURNING,UNKNOWN INTERSECTION TYPE,,STRAIGHT AND LEVEL,DRY,NO DEFECTS,ON SCENE,NO INJURY / DRIVE AWAY,,,,"OVER $1,500",07/27/2025 05:40:00 PM,UNABLE TO DETERMINE,NOT APPLICABLE,1800,W,87TH ST,614,,,,,,,2,NO INDICATION OF INJURY,0,0,0,0,0,2,0,15,1,7,41.7358338958,-87.6679878636,POINT (-87.667987863621 41.735833895809)
df5f5d8070e491c77d0ecb4ad37ada978f1855dea32c8539e2568e16f08942e52f54b88bd51d7413e45b4b9146b00bfccd51f746f729164bf203eeb979668d42,,07/27/2025 03:50:00 PM,30,TRAFFIC SIGNAL,FUNCTIONING PROPERLY,CLEAR,DAYLIGHT,SIDESWIPE SAME DIRECTION,FOUR WAY,,STRAIGHT AND LEVEL,UNKNOWN,UNKNOWN,,NO INJURY / DRIVE AWAY,Y,,,"OVER $1,500",07/27/2025 07:20:00 PM,UNABLE TO DETERMINE,UNABLE TO DETERMINE,2800,W,OGDEN AVE,1022,,,,,,,2,NO INDICATION OF INJURY,0,0,0,0,0,5,0,15,1,7,41.8613682097,-87.6959545763,POINT (-87.695954576293 41.86136820973)
981597e0ca94dfd018e9e2c5ac29ca9b85ed1bf3f38833a05eecb2edf407b6086dd9210e36b0d690d3e2f44489cf1569a1a985dab137efde24788a8a3f4e44cc,,07/27/2025 03:47:00 PM,30,NO CONTROLS,NO CONTROLS,CLEAR,DAYLIGHT,SIDESWIPE SAME DIRECTION,NOT DIVIDED,,STRAIGHT AND LEVEL,DRY,NO DEFECTS,NOT ON SCENE (DESK REPORT),NO INJURY / DRIVE AWAY,,,Y,"OVER $1,500",07/28/2025 09:10:00 AM,IMPROPER OVERTAKING/PASSING,NOT APPLICABLE,1321,E,MARQUETTE RD,321,,,,,,,2,NO INDICATION OF INJURY,0,0,0,0,0,2,0,15,1,7,41.7749642022,-87.5936118963,POINT (-87.593611896341 41.77496420219)
38c1f37d47f3ff10c2bcd212060a1ca8ff57a84b35fda67edb52cc51219f2bda831b87283f9aebe9c8d86e8a76b0f5a8ad32e303960e866d060fe2c327753063,,07/27/2025 03:45:00 PM,30,STOP SIGN/FLASHER,FUNCTIONING PROPERLY,CLEAR,DAYLIGHT,REAR TO FRONT,NOT DIVIDED,,STRAIGHT AND LEVEL,DRY,NO DEFECTS,NOT ON SCENE (DESK REPORT),NO INJURY / DRIVE AWAY,,,,"$501 - $1,500",07/27/2025 05:08:00 PM,IMPROPER BACKING,IMPROPER BACKING,238,W,19TH ST,914,,,,,,,2,NO INDICATION OF INJURY,0,0,0,0,0,3,0,15,1,7,41.8567723924,-87.6335152476,POINT (-87.633515247628 41.856772392374)
a19ba1c86bb080480ca7b9cb5991a1d4ed35097311d0c8dade858443b34593b74de2ff1c57f90b987396190fa1366943f944e76ea76ef0289f0a9eef21683708,,07/27/2025 03:45:00 PM,40,NO CONTROLS,NO CONTROLS,CLEAR,DAYLIGHT,REAR END,OTHER,,STRAIGHT AND LEVEL,DRY,NO DEFECTS,ON SCENE,INJURY AND / OR TOW DUE TO CRASH,,,Y,"OVER $1,500",07/27/2025 03:56:00 PM,FOLLOWING TOO CLOSELY,FOLLOWING TOO CLOSELY,1700,S,LAKE SHORE DR SB,132,,,,,,,4,NONINCAPACITATING INJURY,5,0,0,4,1,1,0,15,1,7,41.8589989084,-87.6173989906,POINT (-87.617398990618 41.858998908395)
b7235f731f6fbd164661cc3417356c7d594e1d2c44b219dec4777b942cdda9be5402689ca9248e8430fa64b732084d083d4ddb96cf37aa950afed71f66b33583,Y,07/27/2025 03:45:00 PM,25,NO CONTROLS,NO CONTROLS,CLEAR,DAYLIGHT,SIDESWIPE SAME DIRECTION,NOT DIVIDED,,STRAIGHT AND LEVEL,DRY,NO DEFECTS,ON SCENE,NO INJURY / DRIVE AWAY,,,,$500 OR LESS,07/27/2025 03:47:00 PM,FAILING TO YIELD RIGHT-OF-WAY,FAILING TO YIELD RIGHT-OF-WAY,758,W,33RD ST,915,,,,,,,2,NO INDICATION OF INJURY,0,0,0,0,0,3,0,15,1,7,41.8345097522,-87.6461358156,POINT (-87.646135815586 41.834509752226)
d2b9b317309e40299a6c9729b9c717559b442a5e7125d4e48d7d42fd5fa3c49868ef8aced3b4539981b06026943bdd77d39cef3fdb24d32149aa543925d98047,,07/27/2025 03:45:00 PM,30,TRAFFIC SIGNAL,FUNCTIONING PROPERLY,CLEAR,DAYLIGHT,REAR END,FOUR WAY,,STRAIGHT AND LEVEL,DRY,NO DEFECTS,ON SCENE,NO INJURY / DRIVE AWAY,,,,$500 OR LESS,07/27/2025 03:46:00 PM,FOLLOWING TOO CLOSELY,FOLLOWING TOO CLOSELY,4803,W,FULLERTON AVE,2522,,,,,,,2,NO INDICATION OF INJURY,0,0,0,0,0,2,0,15,1,7,41.9241263581,-87.7464977132,POINT (-87.746497713192 41.924126358104)
5b956ac0d7281aad4150d8275fa4719a10ecbe778fb283708c473216ea1a21476865cbb1297b15508dbfb1d079035ae009050388ae8a5f88d49172c9a5c2f886,,07/27/2025 03:40:00 PM,30,NO CONTROLS,NO CONTROLS,CLEAR,DAYLIGHT,PARKED MOTOR VEHICLE,NOT DIVIDED,,STRAIGHT AND LEVEL,DRY,NO DEFECTS,NOT ON SCENE (DESK REPORT),NO INJURY / DRIVE AWAY,,,,"OVER $1,500",07/27/2025 04:20:00 PM,FOLLOWING TOO CLOSELY,FAILING TO REDUCE SPEED TO AVOID CRASH,4814,S,PULASKI RD,815,,,,,,,2,NO INDICATION OF INJURY,0,0,0,0,0,1,0,15,1,7,41.8055468625,-87.7236605943,POINT (-87.723660594269 41.805546862502)
e0cab93907a3ee90a01167619d77a2755504db19431ba37423d6f909bfc3df863e883849f237327252e6dcfb237474dba6002421d18e48bd76ba4c6a021fce4c,,07/27/2025 03:39:00 PM,45,NO CONTROLS,NO CONTROLS,CLEAR,DAYLIGHT,REAR END,DIVIDED - W/MEDIAN BARRIER,,STRAIGHT AND LEVEL,DRY,NO DEFECTS,ON SCENE,INJURY AND / OR TOW DUE TO CRASH,,,,$500 OR LESS,07/27/2025 03:41:00 PM,FOLLOWING TOO CLOSELY,DRIVING SKILLS/KNOWLEDGE/EXPERIENCE,400,N,LAKE SHORE DR NB,1834,,,,,,,2,NO INDICATION OF INJURY,0,0,0,0,0,2,0,15,1,7,41.8896563295,-87.6143595501,POINT (-87.614359550067 41.889656329459)
7da7e0ba39e28963779c4108b26d43ccb31a4deb182aaa9bea9308777612b0deb547a8b75d9b4a6be9a044d9e6012beec89b66602a5693e1e609af173fbfe884,,07/27/2025 03:33:00 PM,30,TRAFFIC SIGNAL,NO CONTROLS,CLEAR,DAYLIGHT,TURNING,FOUR WAY,,STRAIGHT AND LEVEL,DRY,NO DEFECTS,NOT ON SCENE (DESK REPORT),NO INJURY / DRIVE AWAY,,,,"$501 - $1,500",07/27/2025 04:27:00 PM,IMPROPER TURNING/NO SIGNAL,TURNING RIGHT ON RED,10700,S,WENTWORTH AVE,513,,,,,,,2,NO INDICATION OF INJURY,0,0,0,0,0,3,0,15,1,7,41.6997660458,-87.6282330272,POINT (-87.628233027248 41.69976604579)
24633b4d8b9f31e4f5a22d4fc2e0216b76ae0236ce6b346b934421c2b9675463ce99684b38c22a3b5d9f394364b7cfcc8a06b8a4d5bae0c52ab4aad15bd447ee,,07/27/2025 03:30:00 PM,30,NO CONTROLS,NO CONTROLS,OTHER,DAYLIGHT,OTHER OBJECT,NOT DIVIDED,,STRAIGHT AND LEVEL,DRY,NO DEFECTS,NOT ON SCENE (DESK REPORT),NO INJURY / DRIVE AWAY,,,N,"OVER $1,500",07/29/2025 11:00:00 AM,FOLLOWING TOO CLOSELY,UNABLE TO DETERMINE,2000,S,WABASH AVE,131,,,,,,,1,NO INDICATION OF INJURY,0,0,0,0,0,1,0,15,1,7,41.8554062309,-87.6257042384,POINT (-87.625704238448 41.855406230934)
4ab9d67023719e132f7ef4a24272876094635c07426fa24d219e42ee363d49a301ab4605ced5bfe266787dc4cccbf5442e073d5e8927799223050bd2c0e3bb51,,07/27/2025 03:30:00 PM,25,STOP SIGN/FLASHER,NO CONTROLS,CLEAR,DAYLIGHT,OTHER OBJECT,NOT DIVIDED,,STRAIGHT AND LEVEL,DRY,UNKNOWN,ON SCENE,INJURY AND / OR TOW DUE TO CRASH,,,Y,"OVER $1,500",07/27/2025 03:47:00 PM,FAILING TO REDUCE SPEED TO AVOID CRASH,NOT APPLICABLE,3612,W,72ND ST,833,,,,,,,3,NONINCAPACITATING INJURY,2,0,0,2,0,1,0,15,1,7,41.7625103503,-87.7133594313,POINT (-87.713359431337 41.762510350304)
abf5d59a0dcbbce485650967789ddd4071bccbadcfc476020e62e8a91663ac910ef06678f51881eef49f78b138b4a61756f643ce736fd730972a994cd7166b88,,07/27/2025 03:30:00 PM,30,NO CONTROLS,NO CONTROLS,CLEAR,DAYLIGHT,REAR END,NOT DIVIDED,,STRAIGHT AND LEVEL,DRY,NO DEFECTS,NOT ON SCENE (DESK REPORT),INJURY AND / OR TOW DUE TO CRASH,,,,"OVER $1,500",07/27/2025 03:30:00 PM,UNABLE TO DETERMINE,UNABLE TO DETERMINE,3431,W,MONTROSE AVE,1723,,,,,,,2,NONINCAPACITATING INJURY,1,0,0,1,0,1,0,15,1,7,41.9610031595,-87.714422781,POINT (-87.714422780986 41.961003159545)
adf84e59e27e8ac00af465906ede08f0478130eae2111fe1fe146e5324a9bbc12761aedc31fed0a1bcd00fe7d5b39cd06ef0043894e37afd788c8c0cbd8003bc,,07/27/2025 03:30:00 PM,30,NO CONTROLS,NO CONTROLS,CLEAR,DAYLIGHT,FIXED OBJECT,DRIVEWAY,,STRAIGHT AND LEVEL,DRY,NO DEFECTS,ON SCENE,NO INJURY / DRIVE AWAY,,Y,,"OVER $1,500",07/27/2025 04:19:00 PM,UNABLE TO DETERMINE,EQUIPMENT - VEHICLE CONDITION,4734,N,KARLOV AVE,1722,,,,,,,1,NO INDICATION OF INJURY,0,0,0,0,0,1,0,15,1,7,41.9666170534,-87.7305659705,POINT (-87.730565970486 41.966617053377)
b27481dc06b7598942fa8b93ce85ef8864edac30313d6e87fd8705d12b46f6d711a46546a9dceb3ea71912786cc4597ec41f13ce64b13b263410eb11a5b173ff,,07/27/2025 03:30:00 PM,30,NO CONTROLS,NO CONTROLS,CLEAR,DAYLIGHT,REAR END,DIVIDED - W/MEDIAN (NOT RAISED),,STRAIGHT AND LEVEL,DRY,NO DEFECTS,NOT ON SCENE (DESK REPORT),INJURY AND / OR TOW DUE TO CRASH,,,,"OVER $1,500",08/21/2025 01:00:00 PM,FOLLOWING TOO CLOSELY,UNABLE TO DETERMINE,1800,S,LAKE SHORE DR SB,132,,,,,,,2,"REPORTED, NOT EVIDENT",1,0,0,0,1,1,0,15,1,7,41.8578490871,-87.6168408794,POINT (-87.616840879395 41.857849087118)
cdbcb17d4f56f76d414d3b8751ff446961990ddb4278dc2bb4f82ad3a956af9cc90755c941c376fe578f1fd9f6e65656802a5115a7da7df196151e3c2f0a43e3,,07/27/2025 03:30:00 PM,25,NO CONTROLS,NO CONTROLS,CLEAR,DAYLIGHT,ANGLE,ONE-WAY,,STRAIGHT AND LEVEL,DRY,NO DEFECTS,,NO INJURY / DRIVE AWAY,,,,"OVER $1,500",07/27/2025 05:50:00 PM,FAILING TO YIELD RIGHT-OF-WAY,NOT APPLICABLE,4525,N,HAZEL ST,1914,,,,,,,2,NO INDICATION OF INJURY,0,0,0,0,0,2,0,15,1,7,41.9644437524,-87.6522339167,POINT (-87.652233916678 41.964443752388)