CRASH_RECORD_ID,CRASH_DATE_EST_I,CRASH_DATE,POSTED_SPEED_LIMIT,TRAFFIC_CONTROL_DEVICE,DEVICE_CONDITION,WEATHER_CONDITION,LIGHTING_CONDITION,FIRST_CRASH_TYPE,TRAFFICWAY_TYPE,LANE_CNT,ALIGNMENT,ROADWAY_SURFACE_COND,ROAD_DEFECT,REPORT_TYPE,CRASH_TYPE,INTERSECTION_RELATED_I,NOT_RIGHT_OF_WAY_I,HIT_AND_RUN_I,DAMAGE,DATE_POLICE_NOTIFIED,PRIM_CONTRIBUTORY_CAUSE,SEC_CONTRIBUTORY_CAUSE,STREET_NO,STREET_DIRECTION,STREET_NAME,BEAT_OF_OCCURRENCE,PHOTOS_TAKEN_I,STATEMENTS_TAKEN_I,DOORING_I,WORK_ZONE_I,WORK_ZONE_TYPE,WORKERS_PRESENT_I,NUM_UNITS,MOST_SEVERE_INJURY,INJURIES_TOTAL,INJURIES_FATAL,INJURIES_INCAPACITATING,INJURIES_NON_INCAPACITATING,INJURIES_REPORTED_NOT_EVIDENT,INJURIES_NO_INDICATION,INJURIES_UNKNOWN,CRASH_HOUR,CRASH_DAY_OF_WEEK,CRASH_MONTH,LATITUDE,LONGITUDE,LOCATION
ce56af8a3a65c87c4ff564528ec3636fe624437cfcb269087689e4d8efd0d95ee016ec5ee26e3e3bf0dfc1bd95ce7e278e8b7c241fdf3b58ff202a92a9d8eb1d,Y,07/27/2025 03:30:00 PM,25,STOP SIGN/FLASHER,FUNCTIONING PROPERLY,CLEAR,DAYLIGHT,PARKED MOTOR VEHICLE,FOUR WAY,,STRAIGHT AND LEVEL,DRY,NO DEFECTS,ON SCENE,INJURY AND / OR TOW DUE TO CRASH,,,N,"OVER $1,500",07/27/2025 03:34:00 PM,FAILING TO REDUCE SPEED TO AVOID CRASH,FAILING TO REDUCE SPEED TO AVOID CRASH,523,W,29TH ST,914,,,,,,,2,NO INDICATION OF INJURY,0,0,0,0,0,1,0,15,1,7,41.841658843,-87.6401305088,POINT (-87.640130508766 41.84165884299)
dedc837d84cbdb2158eb6fa532481d3aa47ed81f216f93fa73996d7ed9e779da15b04627e4d9ad6a396513f8f0a8e25c9ad501c5de5551dac13cc0840b45db40,,07/27/2025 03:30:00 PM,30,TRAFFIC SIGNAL,FUNCTIONING PROPERLY,CLEAR,DAYLIGHT,SIDESWIPE SAME DIRECTION,NOT DIVIDED,,STRAIGHT AND LEVEL,DRY,NO DEFECTS,NOT ON SCENE (DESK REPORT),NO INJURY / DRIVE AWAY,,,,"OVER $1,500",07/27/2025 08:30:00 PM,IMPROPER OVERTAKING/PASSING,IMPROPER LANE USAGE,435,N,MICHIGAN AVE,1834,,,,,,,2,NO INDICATION OF INJURY,0,0,0,0,0,2,0,15,1,7,41.8904241598,-87.6239654778,POINT (-87.623965477756 41.890424159772)
0bff73f2cf71da2347a72b005c84259cbb16e94eba2c7ec61d2f47d37660cab720e785900c8c424d45e8373eacf1e1933e903424e6b04efc0216428f6d54f953,,07/27/2025 03:25:00 PM,35,NO CONTROLS,NO CONTROLS,CLEAR,DAYLIGHT,TURNING,NOT DIVIDED,,STRAIGHT AND LEVEL,DRY,NO DEFECTS,NOT ON SCENE (DESK REPORT),NO INJURY / DRIVE AWAY,,,Y,"OVER $1,500",07/27/2025 07:15:00 PM,UNABLE TO DETERMINE,UNABLE TO DETERMINE,6830,W,NORTH AVE,2513,,,,,,,2,NO INDICATION OF INJURY,0,0,0,0,0,3,0,15,1,7,41.9091200488,-87.7960192081,POINT (-87.796019208126 41.909120048789)
6a16e8d9a8900bcdd13c471edb3a7ac835d6caf287d6c91ef78cd07a1567504bc20d04e1bc1d30d88e1fad110b27112c61258c229740d16c59731098021bde8f,,07/27/2025 03:20:00 PM,30,TRAFFIC SIGNAL,FUNCTIONING PROPERLY,CLEAR,DAYLIGHT,TURNING,DIVIDED - W/MEDIAN (NOT RAISED),,STRAIGHT AND LEVEL,DRY,NO DEFECTS,NOT ON SCENE (DESK REPORT),NO INJURY / DRIVE AWAY,,,,"OVER $1,500",07/29/2025 09:05:00 PM,UNABLE TO DETERMINE,NOT APPLICABLE,2600,N,ROCKWELL ST,1411,,,,,,,2,NO INDICATION OF INJURY,0,0,0,0,0,2,0,15,1,7,41.9287992551,-87.692814212,POINT (-87.692814212006 41.928799255139)
90ce04ee544a8fe68382ba11b398741b67ab6827ff04933517ec055fb13d138b3f15e57ffc7aa171335ff3a7b4388d93ac30e6f4b80da8ce3e0da990f3231d83,,07/27/2025 03:17:00 PM,30,TRAFFIC SIGNAL,FUNCTIONING PROPERLY,CLEAR,DAYLIGHT,REAR END,DIVIDED - W/MEDIAN (NOT RAISED),,STRAIGHT AND LEVEL,DRY,NO DEFECTS,ON SCENE,INJURY AND / OR TOW DUE TO CRASH,,,,"OVER $1,500",07/27/2025 04:05:00 PM,NOT APPLICABLE,NOT APPLICABLE,3010,N,ELSTON AVE,1411,,,,,,,2,NO INDICATION OF INJURY,0,0,0,0,0,2,0,15,1,7,41.9359288318,-87.6934963011,POINT (-87.693496301066 41.935928831803)
000ec35d6a9c776b0f596ffa4f20e5a58935d5c8c3ceba484dcf30664136c7a9d102c57c2bdef405fa42f6e859b173396bec1fd3cf4f322633bbafd66ef769b2,,07/27/2025 03:15:00 PM,25,NO CONTROLS,NO CONTROLS,CLEAR,DAYLIGHT,SIDESWIPE SAME DIRECTION,ONE-WAY,,STRAIGHT AND LEVEL,DRY,NO DEFECTS,ON SCENE,NO INJURY / DRIVE AWAY,,,,"OVER $1,500",07/27/2025 03:19:00 PM,IMPROPER LANE USAGE,UNABLE TO DETERMINE,5,W,TERMINAL ST,1655,,,,,,,2,NO INDICATION OF INJURY,0,0,0,0,0,2,0,15,1,7,,,
3d57597a9c69535d19523c4d20957bb3a0cb2a6755a06333c20f778ac82757a73b57ae58beab5356288b9772629a200c269cc215e986c5f011bf8a6688be4654,,07/27/2025 03:15:00 PM,30,NO CONTROLS,NO CONTROLS,CLEAR,DAYLIGHT,ANGLE,DIVIDED - W/MEDIAN (NOT RAISED),,STRAIGHT AND LEVEL,DRY,UNKNOWN,NOT ON SCENE (DESK REPORT),NO INJURY / DRIVE AWAY,,,Y,"$501 - $1,500",07/27/2025 03:27:00 PM,UNABLE TO DETERMINE,UNABLE TO DETERMINE,5331,N,LINCOLN AVE,2011,,,,,,,2,NO INDICATION OF INJURY,0,0,0,0,0,3,0,15,1,7,41.9786483747,-87.6924770324,POINT (-87.692477032432 41.978648374745)
af3f76e397f8195aecb9d73606d0cd24497bd07de03fd29bcbd42f81b37a6c682e4412dc54dc9611a88a2bb667412e93a22b4dbcd4710e7032531a69cd3f6a6a,,07/27/2025 03:15:00 PM,30,TRAFFIC SIGNAL,FUNCTIONING PROPERLY,CLEAR,DAYLIGHT,SIDESWIPE SAME DIRECTION,DIVIDED - W/MEDIAN (NOT RAISED),,STRAIGHT AND LEVEL,DRY,NO DEFECTS,NOT ON SCENE (DESK REPORT),NO INJURY / DRIVE AWAY,Y,,,"OVER $1,500",07/27/2025 04:00:00 PM,UNABLE TO DETERMINE,NOT APPLICABLE,6355,N,PULASKI RD,1711,,,,,,,2,NO INDICATION OF INJURY,0,0,0,0,0,2,0,15,1,7,41.9969891813,-87.7287651451,POINT (-87.728765145103 41.996989181256)
77667a3d73c47aaa3e859286815979b2267ffbc2acab1deb7adf1b1a0f36695632053d8a3d3edb8025b9fc4248232a3df2b0ab4baa0c4100b0beec6637063391,,07/27/2025 03:13:00 PM,30,UNKNOWN,UNKNOWN,UNKNOWN,UNKNOWN,REAR END,NOT DIVIDED,,STRAIGHT AND LEVEL,UNKNOWN,UNKNOWN,NOT ON SCENE (DESK REPORT),NO INJURY / DRIVE AWAY,,,,"$501 - $1,500",07/28/2025 06:30:00 PM,UNABLE TO DETERMINE,NOT APPLICABLE,6359,N,PULASKI RD,1711,,,,,,,2,NO INDICATION OF INJURY,0,0,0,0,0,2,0,15,1,7,41.9970957787,-87.7287637827,POINT (-87.728763782712 41.997095778717)
cd01f8138393e90274b9e7e01908ea8792f5dd3c805065d4aa3b0f7b61796e868179205dc01cbe57ef12c812d10e85407bfe0878fc6284625e7bfb65e09f2519,,07/27/2025 03:11:00 PM,30,TRAFFIC SIGNAL,FUNCTIONING PROPERLY,CLEAR,DAYLIGHT,FIXED OBJECT,FOUR WAY,,STRAIGHT AND LEVEL,DRY,NO DEFECTS,ON SCENE,INJURY AND / OR TOW DUE TO CRASH,N,,,"OVER $1,500",07/27/2025 03:11:00 PM,PHYSICAL CONDITION OF DRIVER,NOT APPLICABLE,2,W,47TH ST,215,,,,,,,1,"REPORTED, NOT EVIDENT",1,0,0,0,1,0,0,15,1,7,41.8093452523,-87.6261427255,POINT (-87.626142725538 41.809345252262)
3afcf662a265a30e39c91ad86f4ead30b3a72b05820854cbe254f3ea553c5d29a5d1e76b078d7b7ebff86e8a98a6dd02d8dd489e12b70f6f8c668a980a677dd2,,07/27/2025 03:02:00 PM,30,NO CONTROLS,NO CONTROLS,CLEAR,DAYLIGHT,PEDALCYCLIST,DIVIDED - W/MEDIAN BARRIER,,STRAIGHT AND LEVEL,DRY,NO DEFECTS,ON SCENE,INJURY AND / OR TOW DUE TO CRASH,,,,"OVER $1,500",07/27/2025 03:30:00 PM,IMPROPER TURNING/NO SIGNAL,NOT APPLICABLE,3431,S,ASHLAND AVE,912,,,,,,,2,NONINCAPACITATING INJURY,2,0,0,2,0,0,0,15,1,7,41.8313932142,-87.6654393281,POINT (-87.665439328064 41.831393214189)
909ae25e54db36ee1124ae5c068f5f0c57e141e8493391cbd38a806fbac876b08203c65143638139bc0679ca0b42121a033c060bba32da4b59be6a66c717b651,,07/27/2025 03:00:00 PM,35,NO CONTROLS,NO CONTROLS,CLEAR,DAYLIGHT,SIDESWIPE SAME DIRECTION,DIVIDED - W/MEDIAN (NOT RAISED),,STRAIGHT AND LEVEL,DRY,NO DEFECTS,NOT ON SCENE (DESK REPORT),NO INJURY / DRIVE AWAY,,,,"OVER $1,500",08/05/2025 10:20:00 PM,UNABLE TO DETERMINE,NOT APPLICABLE,615,N,MICHIGAN AVE,1834,,,,,,,2,NO INDICATION OF INJURY,0,0,0,0,0,2,0,15,1,7,41.8930077132,-87.6240535191,POINT (-87.624053519111 41.893007713211)
d8afda47d79a6cbd8ad1a9f2191f47e5ca8824521e64966372abfcae36c071fa080969adeb4fb361e2faa206908fbd800aa5f4856c02f304b1c1f4e3a04bf5f0,,07/27/2025 03:00:00 PM,30,UNKNOWN,UNKNOWN,UNKNOWN,UNKNOWN,PARKED MOTOR VEHICLE,UNKNOWN,,STRAIGHT AND LEVEL,UNKNOWN,UNKNOWN,NOT ON SCENE (DESK REPORT),NO INJURY / DRIVE AWAY,,,,"OVER $1,500",08/08/2025 04:25:00 PM,UNABLE TO DETERMINE,NOT APPLICABLE,5623,N,NATOMA AVE,1612,,,,,,,2,NO INDICATION OF INJURY,0,0,0,0,0,1,0,15,1,7,41.9836033608,-87.7927592931,POINT (-87.792759293135 41.983603360812)
de6bbb099a2fb8bd960e9d3ccad7f81609442ecce31f3c675ea11c1dbaab6e4ec7f3fbc7c7b633c1c18def62838d581a4ec14e5785920a686262b9e012f12b7b,,07/27/2025 03:00:00 PM,30,NO CONTROLS,NO CONTROLS,CLEAR,DAYLIGHT,REAR END,NOT DIVIDED,,STRAIGHT AND LEVEL,DRY,UNKNOWN,NOT ON SCENE (DESK REPORT),NO INJURY / DRIVE AWAY,,,,"$501 - $1,500",07/27/2025 03:30:00 PM,FOLLOWING TOO CLOSELY,FOLLOWING TOO CLOSELY,3808,N,ASHLAND AVE,1922,,,,,,,2,NO INDICATION OF INJURY,0,0,0,0,0,2,0,15,1,7,41.9509560077,-87.6691144843,POINT (-87.669114484327 41.950956007713)
3d86ea7b91d572e126fb8a80ee189297ec80017ff02abcf4711a40acb0d46bdc97415f110089d6eb8db40d65e7a1971acc300d871d85e06574b6790b8343e136,,07/27/2025 02:50:00 PM,30,TRAFFIC SIGNAL,FUNCTIONING PROPERLY,CLEAR,DAYLIGHT,TURNING,DIVIDED - W/MEDIAN (NOT RAISED),,STRAIGHT AND LEVEL,DRY,NO DEFECTS,ON SCENE,INJURY AND / OR TOW DUE TO CRASH,Y,,,"OVER $1,500",07/27/2025 02:55:00 PM,FAILING TO YIELD RIGHT-OF-WAY,UNABLE TO DETERMINE,5812,N,NAGLE AVE,1611,,,,,,,2,NO INDICATION OF INJURY,0,0,0,0,0,2,0,14,1,7,41.9864839498,-87.7878152294,POINT (-87.787815229415 41.986483949757)
9357190e64a54b4917fd83f6b21ffd11f808e218b5ed00dc194ef3fba2fc2034ad49330b33543bd31d68e6d3da2bd90d24b62126c51467aa406144b1b0e9965a,,07/27/2025 02:50:00 PM,30,NO CONTROLS,NO CONTROLS,CLEAR,DAYLIGHT,SIDESWIPE SAME DIRECTION,ALLEY,,STRAIGHT AND LEVEL,DRY,NO DEFECTS,,NO INJURY / DRIVE AWAY,,,,"OVER $1,500",07/27/2025 03:33:00 PM,UNABLE TO DETERMINE,UNABLE TO DETERMINE,1613,E,71ST ST,324,,,,,,,2,NO INDICATION OF INJURY,0,0,0,0,0,3,0,14,1,7,41.7658742683,-87.5853646989,POINT (-87.585364698946 41.765874268341)
0eae0ec74b34de7567052b131d56df3b7b9ab6b900dc48521168f20eb2f347d736271adac41194cc98f5d8ffb718c23f351129fe44a167a23c29c8bed8cc6203,,07/27/2025 02:40:00 PM,30,UNKNOWN,UNKNOWN,CLEAR,DAYLIGHT,PARKED MOTOR VEHICLE,ONE-WAY,,STRAIGHT AND LEVEL,UNKNOWN,UNKNOWN,NOT ON SCENE (DESK REPORT),NO INJURY / DRIVE AWAY,,,,"$501 - $1,500",07/28/2025 09:26:00 AM,IMPROPER BACKING,UNABLE TO DETERMINE,3997,N,NEW ENGLAND AVE,1632,,,,,,,2,NO INDICATION OF INJURY,0,0,0,0,0,1,0,14,1,7,41.9526544192,-87.7985551573,POINT (-87.798555157335 41.952654419211)
2ba908eaabdd94941fd28c97be077862de45f237b95e1d290505affa408b5967596be8e6b533245878beb3ef29ec9bfaf37aaae8841b172fc6de98e9ce6f9607,,07/27/2025 02:40:00 PM,30,NO CONTROLS,NO CONTROLS,CLEAR,DAYLIGHT,TURNING,T-INTERSECTION,,STRAIGHT AND LEVEL,DRY,NO DEFECTS,ON SCENE,INJURY AND / OR TOW DUE TO CRASH,Y,,,"OVER $1,500",07/27/2025 03:09:00 PM,UNABLE TO DETERMINE,UNABLE TO DETERMINE,4499,S,HOMAN AVE,821,,,,,,,2,NONINCAPACITATING INJURY,1,0,0,1,0,2,0,14,1,7,41.811431457,-87.7086223583,POINT (-87.708622358346 41.811431456972)
5b70d14f811f3ded6d2af418a47edd51e0ed255f65a4e30dc7ad0fbc2c4340e974c1f433c252a966b439e321e28b258f20ee46b5632ce19d06e1f19b21a9b3d4,,07/27/2025 02:40:00 PM,30,NO CONTROLS,NO CONTROLS,CLEAR,DAYLIGHT,TURNING,DIVIDED - W/MEDIAN (NOT RAISED),,STRAIGHT AND LEVEL,DRY,UNKNOWN,NOT ON SCENE (DESK REPORT),NO INJURY / DRIVE AWAY,,,Y,"OVER $1,500",07/27/2025 05:35:00 PM,UNABLE TO DETERMINE,NOT APPLICABLE,1520,N,DAMEN AVE,1424,,,,,,,2,NO INDICATION OF INJURY,0,0,0,0,0,2,0,14,1,7,41.9089214003,-87.6775677955,POINT (-87.677567795523 41.908921400283)
7df051f800930a941c3ed4607e3f7507faad26b14aaf08c11693d92ba1c389a679ceac97ee1df6be59a75225b747538b8d1da2d54af2fc294ac93d1f1c5648ed,,07/27/2025 02:36:00 PM,30,NO CONTROLS,NO CONTROLS,CLEAR,DAYLIGHT,TURNING,DIVIDED - W/MEDIAN (NOT RAISED),,STRAIGHT AND LEVEL,DRY,NO DEFECTS,ON SCENE,INJURY AND / OR TOW DUE TO CRASH,Y,,,"OVER $1,500",07/27/2025 02:40:00 PM,UNABLE TO DETERMINE,UNABLE TO DETERMINE,1,W,PARKING LOT G ST,1654,,,,,,,2,"REPORTED, NOT EVIDENT",1,0,0,0,1,1,0,14,1,7,,,
f88258635b7cb02c29c2e6e0ca39186fe1b9e874f4f72e779bb0df1da5360067272d380ab36d5f623567435d5933c0646796567bd3867ba7d3bc75d414a71c91,,07/27/2025 02:35:00 PM,25,NO CONTROLS,NO CONTROLS,UNKNOWN,UNKNOWN,PARKED MOTOR VEHICLE,DIVIDED - W/MEDIAN (NOT RAISED),,STRAIGHT AND LEVEL,UNKNOWN,UNKNOWN,NOT ON SCENE (DESK REPORT),NO INJURY / DRIVE AWAY,,,Y,"OVER $1,500",07/30/2025 03:47:00 PM,FAILING TO REDUCE SPEED TO AVOID CRASH,"OPERATING VEHICLE IN ERRATIC, RECKLESS, CARELESS, NEGLIGENT OR AGGRESSIVE MANNER",6242,N,GREENVIEW AVE,2433,,,,,,,2,NO INDICATION OF INJURY,0,0,0,0,0,1,0,14,1,7,41.995722529,-87.6679097356,POINT (-87.667909735648 41.99572252904)
076e69e43cf2bf0a1649c88b0fb55ca86c662af8f20fd5834694bfbafa384dd019e6fe8042dd82d033f037de380da0c3f213a902fd009df9829d30465bc8874c,,07/27/2025 02:30:00 PM,30,UNKNOWN,UNKNOWN,CLEAR,DAYLIGHT,PARKED MOTOR VEHICLE,PARKING LOT,,STRAIGHT AND LEVEL,UNKNOWN,UNKNOWN,NOT ON SCENE (DESK REPORT),NO INJURY / DRIVE AWAY,,Y,Y,"OVER $1,500",07/30/2025 02:00:00 PM,UNABLE TO DETERMINE,UNABLE TO DETERMINE,2746,N,CLYBOURN AVE,1931,,,,,,,2,NO INDICATION OF INJURY,0,0,0,0,0,1,0,14,1,7,41.9310210058,-87.6768640181,POINT (-87.676864018134 41.931021005798)
34f092c525177303884db5d136cf0e92e7594a2cbbb969d223016df396666880d50e1510b95074a69734d167a16d7e04919e851cb3597407e187b4932db6d4c1,,07/27/2025 02:30:00 PM,30,NO CONTROLS,UNKNOWN,CLOUDY/OVERCAST,DAYLIGHT,PARKED MOTOR VEHICLE,ONE-WAY,,STRAIGHT AND LEVEL,UNKNOWN,UNKNOWN,NOT ON SCENE (DESK REPORT),INJURY AND / OR TOW DUE TO CRASH,,,Y,"OVER $1,500",07/27/2025 03:20:00 PM,UNABLE TO DETERMINE,NOT APPLICABLE,4500,W,VAN BUREN ST,1131,,,,,,,2,NO INDICATION OF INJURY,0,0,0,0,0,1,0,14,1,7,41.8752232721,-87.7378215465,POINT (-87.737821546481 41.875223272115)
39a7b3e0709b944e72b427e8c068dc216093ab91d7d482521b4888a9e81faf9986bb01bceef6d1d21bc92877ee11b40bfd42a820376a70693cfbd504699e9d1b,,07/27/2025 02:30:00 PM,30,NO CONTROLS,NO CONTROLS,CLEAR,DAYLIGHT,REAR END,DIVIDED - W/MEDIAN (NOT RAISED),,STRAIGHT AND LEVEL,DRY,NO DEFECTS,NOT ON SCENE (DESK REPORT),INJURY AND / OR TOW DUE TO CRASH,,,,"OVER $1,500",07/27/2025 03:20:00 PM,FOLLOWING TOO CLOSELY,FAILING TO REDUCE SPEED TO AVOID CRASH,2904,N,PULASKI RD,2523,,,,,,,3,"REPORTED, NOT EVIDENT",1,0,0,0,1,5,0,14,1,7,41.9337883361,-87.7271814312,POINT (-87.727181431234 41.933788336099)
4237643497fa2bb79e7438b7a5d9b36ac9346b7112f45db854f44db2b8b764ab021ef08b75b30205a85649171e89e6d7be6c25e548aaba83b47192f1d3d8deba,N,07/27/2025 02:30:00 PM,25,UNKNOWN,UNKNOWN,UNKNOWN,UNKNOWN,PARKED MOTOR VEHICLE,PARKING LOT,,STRAIGHT AND LEVEL,UNKNOWN,UNKNOWN,NOT ON SCENE (DESK REPORT),NO INJURY / DRIVE AWAY,,,Y,"OVER $1,500",07/31/2025 04:30:00 PM,UNABLE TO DETERMINE,UNABLE TO DETERMINE,111,E,WACKER DR,114,,,,,,,2,NO INDICATION OF INJURY,0,0,0,0,0,1,0,14,1,7,41.8880794261,-87.6240473698,POINT (-87.624047369764 41.888079426105)
7e95332f8579b32bdfa3e9edd8bcf13de0cbd41d4745dce2f0c9ae4d8e3c0c4ca445a20c811753c29c794f9d6baa6428dedf307b02aff18d92ab8feab84a60b6,,07/27/2025 02:30:00 PM,40,NO CONTROLS,NO CONTROLS,CLEAR,DAYLIGHT,SIDESWIPE SAME DIRECTION,OTHER,,CURVE ON GRADE,DRY,NO DEFECTS,ON SCENE,NO INJURY / DRIVE AWAY,,,Y,"OVER $1,500",07/27/2025 02:35:00 PM,IMPROPER LANE USAGE,FOLLOWING TOO CLOSELY,625,N,LAKE SHORE DR SB,1834,,,,,,,2,NO INDICATION OF INJURY,0,0,0,0,0,3,0,14,1,7,41.8936258554,-87.6142536198,POINT (-87.614253619828 41.89362585544)
d59afea26380762d5d6d21262ca1a02235f55d1839f2a20e7fbba4f159f9dbafd8b4c03c83717342a09fe8dc50f80c75a89d4f59875e096b0bbc42e2a6940e94,,07/27/2025 02:30:00 PM,30,UNKNOWN,UNKNOWN,CLEAR,DAYLIGHT,PEDALCYCLIST,ONE-WAY,,STRAIGHT AND LEVEL,DRY,WORN SURFACE,NOT ON SCENE (DESK REPORT),NO INJURY / DRIVE AWAY,,,,"OVER $1,500",07/27/2025 03:41:00 PM,"VISION OBSCURED (SIGNS, TREE LIMBS, BUILDINGS, ETC.)",NOT APPLICABLE,440,N,HALSTED ST,1214,,,,,,,2,NO INDICATION OF INJURY,0,0,0,0,0,2,0,14,1,7,41.8901430073,-87.6477542648,POINT (-87.647754264831 41.890143007329)
f29a019bed68d6c22c3b731e4c4a0d3529d3cc78bdee74afe328486e653014a6ce410ebe889b7d09aef04e7fe107c032c8231d0b21f9249ab1c20e61266eac45,,07/27/2025 02:30:00 PM,15,UNKNOWN,UNKNOWN,UNKNOWN,UNKNOWN,REAR TO SIDE,PARKING LOT,,STRAIGHT AND LEVEL,UNKNOWN,UNKNOWN,NOT ON SCENE (DESK REPORT),NO INJURY / DRIVE AWAY,,,,"OVER $1,500",07/27/2025 03:45:00 PM,UNABLE TO DETERMINE,NOT APPLICABLE,1659,W,MELROSE ST,1922,,,,,,,2,NO INDICATION OF INJURY,0,0,0,0,0,3,0,14,1,7,41.9404653115,-87.6710253613,POINT (-87.671025361294 41.940465311496)
2724be39f02f904abe6bd664134d9bb3bb9e4dea710a66677131406103ac856de3402f30ca499c30e5647b40f047418208d4d89cc63b788585e863caff66e4b2,Y,07/27/2025 02:28:00 PM,30,NO CONTROLS,NO CONTROLS,CLEAR,DAYLIGHT,PARKED MOTOR VEHICLE,NOT DIVIDED,,STRAIGHT AND LEVEL,DRY,NO DEFECTS,ON SCENE,NO INJURY / DRIVE AWAY,,,Y,"OVER $1,500",07/27/2025 02:28:00 PM,UNABLE TO DETERMINE,NOT APPLICABLE,3520,W,CERMAK RD,1024,,,,,,,2,NO INDICATION OF INJURY,0,0,0,0,0,1,0,14,1,7,41.8517934262,-87.7132974523,POINT (-87.713297452277 41.851793426157)
620572a43634de2f6532d254027fbc4b3e66a36c4a535fd15a485e3aed01522e5729e4bd42f57e29ae51215108be84fad5af271171a4fbb4e33c5d23df71d3c4,,07/27/2025 02:20:00 PM,30,NO CONTROLS,NO CONTROLS,CLEAR,DAYLIGHT,PARKED MOTOR VEHICLE,NOT DIVIDED,,STRAIGHT AND LEVEL,DRY,NO DEFECTS,NOT ON SCENE (DESK REPORT),NO INJURY / DRIVE AWAY,,,Y,"OVER $1,500",08/01/2025 02:40:00 PM,UNABLE TO DETERMINE,UNABLE TO DETERMINE,922,S,KEELER AVE,1132,,,,,,,2,NO INDICATION OF INJURY,0,0,0,0,0,1,0,14,1,7,41.8692043065,-87.7303204826,POINT (-87.730320482568 41.869204306544)
ffd6ac306254c363c1270f3f4e19407ece9d597c1ac8565cd356182012c179f821c043c51f55d19ff7f56acbf07b92ab36714d224882eab06717c5e959d08e0d,,07/27/2025 02:18:00 PM,20,NO CONTROLS,NO CONTROLS,CLEAR,DAYLIGHT,REAR TO SIDE,ALLEY,,STRAIGHT AND LEVEL,DRY,NO DEFECTS,NOT ON SCENE (DESK REPORT),NO INJURY / DRIVE AWAY,,,,"OVER $1,500",08/09/2025 03:00:00 PM,UNABLE TO DETERMINE,UNABLE TO DETERMINE,5614,W,MELROSE ST,1633,,,,,,,2,NO INDICATION OF INJURY,0,0,0,0,0,2,0,14,1,7,41.9395893645,-87.7671837759,POINT (-87.767183775909 41.93958936449)
6bcaac1dc70b26968899d61230df74305eea30c86d5b75fb34a977354ce3d8fcb67ff0e661fc80e7f4a78feca78a9f6a13584e17c14919729f9eb431749aff18,,07/27/2025 02:16:00 PM,30,NO CONTROLS,NO CONTROLS,CLEAR,DAYLIGHT,REAR END,DIVIDED - W/MEDIAN (NOT RAISED),,STRAIGHT AND LEVEL,DRY,NO DEFECTS,NOT ON SCENE (DESK REPORT),NO INJURY / DRIVE AWAY,,,,"OVER $1,500",07/27/2025 02:20:00 PM,FAILING TO REDUCE SPEED TO AVOID CRASH,UNABLE TO DETERMINE,2790,N,CLYBOURN AVE,1931,,,,,,,2,NO INDICATION OF INJURY,0,0,0,0,0,2,0,14,1,7,41.9319351557,-87.6779186405,POINT (-87.677918640518 41.9319351557)
89d0a1b9507a70415cadcf154ad5458ba3a398630ed536c9459fd3de6b67ee2a847b00c259066396d47faa55e81017cf39e16710503fd5cfd8d34daee3717552,,07/27/2025 02:11:00 PM,30,NO CONTROLS,NO CONTROLS,CLEAR,DAYLIGHT,FIXED OBJECT,ALLEY,,STRAIGHT AND LEVEL,DRY,NO DEFECTS,ON SCENE,NO INJURY / DRIVE AWAY,,,,"OVER $1,500",07/27/2025 02:11:00 PM,UNABLE TO DETERMINE,UNABLE TO DETERMINE,1055,W,BUENA AVE,1915,,,,,,,1,NO INDICATION OF INJURY,0,0,0,0,0,1,0,14,1,7,41.9583122867,-87.6568097179,POINT (-87.656809717912 41.958312286697)
aa7299d6bbb3ab0a9cd93ea449035c27826bc71cd377215201af6077b8df17cb8b3af85732309d8fc41da42aad10a468addff24c0a591968d5990bf61935c8da,,07/27/2025 02:10:00 PM,30,NO CONTROLS,NO CONTROLS,CLEAR,DAYLIGHT,SIDESWIPE SAME DIRECTION,NOT DIVIDED,,STRAIGHT AND LEVEL,DRY,NO DEFECTS,NOT ON SCENE (DESK REPORT),NO INJURY / DRIVE AWAY,,,,"$501 - $1,500",07/27/2025 04:50:00 PM,FAILING TO YIELD RIGHT-OF-WAY,FAILING TO YIELD RIGHT-OF-WAY,2400,W,CATALPA AVE,2011,,,,,,,2,NO INDICATION OF INJURY,0,0,0,0,0,2,0,14,1,7,41.9814869543,-87.6894284476,POINT (-87.689428447604 41.98148695427)
65e2d6fccbdd293f348243c30ddc309858151e5b5ce5df526b41660218abf30f25beff8da6214128780c4a5685173f6240ea7f73fafe45cd7721830c364bbb8d,,07/27/2025 02:00:00 PM,25,NO CONTROLS,NO CONTROLS,CLEAR,DAYLIGHT,REAR END,OTHER,,STRAIGHT AND LEVEL,DRY,NO DEFECTS,NOT ON SCENE (DESK REPORT),NO INJURY / DRIVE AWAY,,Y,,"OVER $1,500",07/27/2025 02:30:00 PM,UNABLE TO DETERMINE,CELL PHONE USE OTHER THAN TEXTING,1941,N,CICERO AVE,2533,,,,,,,2,NO INDICATION OF INJURY,0,0,0,0,0,6,0,14,1,7,41.9163336029,-87.745927956,POINT (-87.745927955991 41.916333602856)