CRASH_RECORD_ID,CRASH_DATE_EST_I,CRASH_DATE,POSTED_SPEED_LIMIT,TRAFFIC_CONTROL_DEVICE,DEVICE_CONDITION,WEATHER_CONDITION,LIGHTING_CONDITION,FIRST_CRASH_TYPE,TRAFFICWAY_TYPE,LANE_CNT,ALIGNMENT,ROADWAY_SURFACE_COND,ROAD_DEFECT,REPORT_TYPE,CRASH_TYPE,INTERSECTION_RELATED_I,NOT_RIGHT_OF_WAY_I,HIT_AND_RUN_I,DAMAGE,DATE_POLICE_NOTIFIED,PRIM_CONTRIBUTORY_CAUSE,SEC_CONTRIBUTORY_CAUSE,STREET_NO,STREET_DIRECTION,STREET_NAME,BEAT_OF_OCCURRENCE,PHOTOS_TAKEN_I,STATEMENTS_TAKEN_I,DOORING_I,WORK_ZONE_I,WORK_ZONE_TYPE,WORKERS_PRESENT_I,NUM_UNITS,MOST_SEVERE_INJURY,INJURIES_TOTAL,INJURIES_FATAL,INJURIES_INCAPACITATING,INJURIES_NON_INCAPACITATING,INJURIES_REPORTED_NOT_EVIDENT,INJURIES_NO_INDICATION,INJURIES_UNKNOWN,CRASH_HOUR,CRASH_DAY_OF_WEEK,CRASH_MONTH,LATITUDE,LONGITUDE,LOCATION
c65b262cf49242acf8f680caa7f31b6674cfe7d769595e0b6948bd4db4c490e0d709df3ec0d66adfc8f902517bfef82e7e7c9842c303e37ace1284eb7b0faa00,,07/27/2025 02:00:00 PM,30,NO CONTROLS,NO CONTROLS,UNKNOWN,DAYLIGHT,SIDESWIPE SAME DIRECTION,NOT DIVIDED,,STRAIGHT AND LEVEL,UNKNOWN,UNKNOWN,NOT ON SCENE (DESK REPORT),NO INJURY / DRIVE AWAY,,,,"OVER $1,500",07/30/2025 04:45:00 PM,FAILING TO YIELD RIGHT-OF-WAY,FAILING TO REDUCE SPEED TO AVOID CRASH,5615,N,JERSEY AVE,1711,,,,,,,2,NO INDICATION OF INJURY,0,0,0,0,0,2,0,14,1,7,41.9835355125,-87.7088258051,POINT (-87.708825805119 41.983535512456)
e4a214ed729fc40ae3b7aabcf321ce4de6d9a033a205d941501c991ac2326aa7bfe2b0a11f7e2be46bdab1de3e189e7433e27445e26f8fd839ee3bcf5e862dc2,,07/27/2025 02:00:00 PM,30,NO CONTROLS,NO CONTROLS,CLEAR,DAYLIGHT,SIDESWIPE SAME DIRECTION,FOUR WAY,,STRAIGHT AND LEVEL,DRY,NO DEFECTS,NOT ON SCENE (DESK REPORT),NO INJURY / DRIVE AWAY,Y,,,"$501 - $1,500",08/01/2025 01:40:00 PM,IMPROPER TURNING/NO SIGNAL,FAILING TO YIELD RIGHT-OF-WAY,800,W,88TH ST,2223,,,,,,,2,NO INDICATION OF INJURY,0,0,0,0,0,2,0,14,1,7,41.7344241751,-87.643625293,POINT (-87.643625292991 41.734424175146)
176820eef032837405712dc8c861dd3aa40aca950ef4ea66a7e0f04ac6c7697c10fd17ff1ef4df1242a04970af7cb7afef32e54278414aebc903dbc918015d56,,07/27/2025 01:56:00 PM,30,NO CONTROLS,NO CONTROLS,CLEAR,DAYLIGHT,OTHER OBJECT,DIVIDED - W/MEDIAN (NOT RAISED),,STRAIGHT AND LEVEL,DRY,NO DEFECTS,ON SCENE,INJURY AND / OR TOW DUE TO CRASH,,,,"OVER $1,500",07/27/2025 02:00:00 PM,UNABLE TO DETERMINE,UNABLE TO DETERMINE,1236,E,71ST ST,321,,,,,,,1,NONINCAPACITATING INJURY,1,0,0,1,0,1,0,13,1,7,41.7661103022,-87.5943743652,POINT (-87.594374365152 41.766110302188)
c88d4d43ebb541fda281888f345d605168520d39542d68957c3c012234834acfbc2c749479812689daffa059ba2bf39542027e45ee49c075f7c5f055f6927dc1,,07/27/2025 01:51:00 PM,30,NO CONTROLS,NO CONTROLS,CLEAR,DAYLIGHT,REAR END,DIVIDED - W/MEDIAN (NOT RAISED),,STRAIGHT AND LEVEL,DRY,NO DEFECTS,NOT ON SCENE (DESK REPORT),NO INJURY / DRIVE AWAY,,,,"OVER $1,500",08/06/2025 12:31:00 PM,UNABLE TO DETERMINE,UNABLE TO DETERMINE,4610,W,PETERSON AVE,1711,,,,,,,2,NO INDICATION OF INJURY,0,0,0,0,0,2,0,13,1,7,41.9900699187,-87.7430156698,POINT (-87.743015669774 41.990069918691)
c9eb99d7b59a71e37d35a27b215a857625523bc525499c379e886f6965c028ec86368a18f6578bd0d1185e1c50484846fa4bc99f198786c83db8d5d19e3a2df0,,07/27/2025 01:50:00 PM,30,NO CONTROLS,NO CONTROLS,CLEAR,DAYLIGHT,SIDESWIPE SAME DIRECTION,PARKING LOT,,STRAIGHT AND LEVEL,DRY,NO DEFECTS,NOT ON SCENE (DESK REPORT),NO INJURY / DRIVE AWAY,,,,$500 OR LESS,07/27/2025 02:50:00 PM,DRIVING SKILLS/KNOWLEDGE/EXPERIENCE,UNABLE TO DETERMINE,1154,S,CLARK ST,123,,,,,,,2,NO INDICATION OF INJURY,0,0,0,0,0,2,0,13,1,7,41.8675710154,-87.6305864739,POINT (-87.630586473861 41.867571015433)
1c2c37d45730d921ac897456669e09dae967fe08c48c37ce5913a02e64b9e12b72f54ba8e236a426920d29d66cddb4b00218e11551568acd200311e057a8c9b8,,07/27/2025 01:45:00 PM,25,TRAFFIC SIGNAL,FUNCTIONING PROPERLY,CLEAR,DAYLIGHT,REAR END,FOUR WAY,,STRAIGHT AND LEVEL,DRY,NO DEFECTS,NOT ON SCENE (DESK REPORT),NO INJURY / DRIVE AWAY,Y,,,"OVER $1,500",07/27/2025 02:30:00 PM,UNABLE TO DETERMINE,UNABLE TO DETERMINE,3101,S,DAMEN AVE,912,,,,,,,2,NO INDICATION OF INJURY,0,0,0,0,0,2,0,13,1,7,41.837583715,-87.6752970652,POINT (-87.675297065207 41.837583715003)
06b059f03f509139a58b74fee84ce3b01526d369f1a94758ccf8bc16e743b2fb44c226c8edb6b26e334c9208b216363043223a71ad9be15b55a916c530fd2e2a,,07/27/2025 01:40:00 PM,15,NO CONTROLS,NO CONTROLS,CLEAR,DAYLIGHT,FIXED OBJECT,ALLEY,,STRAIGHT AND LEVEL,DRY,NO DEFECTS,ON SCENE,INJURY AND / OR TOW DUE TO CRASH,,,,"$501 - $1,500",07/27/2025 01:41:00 PM,"VISION OBSCURED (SIGNS, TREE LIMBS, BUILDINGS, ETC.)",UNABLE TO DETERMINE,136,N,LONG AVE,1523,,,,,,,1,NONINCAPACITATING INJURY,1,0,0,1,0,0,0,13,1,7,41.8833334766,-87.7603740765,POINT (-87.760374076474 41.883333476574)
44cbaf48e543e99ffd299a0276f4e50a78e67a717866dada19dc26470e003c9f3fa5fb94230e0a2fc0a6bad5a720af242c4255a9c114272668b507773c28a87b,,07/27/2025 01:40:00 PM,30,OTHER,OTHER,CLEAR,DAYLIGHT,SIDESWIPE SAME DIRECTION,NOT DIVIDED,,STRAIGHT AND LEVEL,DRY,NO DEFECTS,NOT ON SCENE (DESK REPORT),NO INJURY / DRIVE AWAY,,,,"OVER $1,500",07/27/2025 01:50:00 PM,UNABLE TO DETERMINE,NOT APPLICABLE,754,E,115TH ST,531,,,,,,,2,NO INDICATION OF INJURY,0,0,0,0,0,3,0,13,1,7,41.6858316915,-87.6037415057,POINT (-87.603741505707 41.685831691482)
4ef68cc713cc395eb46c6a7aa322cafe4b9a48e455fa41321888949ddc83f243ba9543dcbfa82920d76d5afb8dc5bc2bb70e926715aef2e7f926f4c1f601f783,,07/27/2025 01:30:00 PM,30,NO CONTROLS,NO CONTROLS,CLEAR,DAYLIGHT,REAR END,NOT DIVIDED,,STRAIGHT AND LEVEL,DRY,NO DEFECTS,ON SCENE,INJURY AND / OR TOW DUE TO CRASH,,,,"OVER $1,500",07/27/2025 01:42:00 PM,UNABLE TO DETERMINE,UNABLE TO DETERMINE,2818,N,DAMEN AVE,1931,,,,,,,2,"REPORTED, NOT EVIDENT",1,0,0,0,1,1,0,13,1,7,41.9328568447,-87.6782883269,POINT (-87.678288326916 41.932856844687)
637160799cc998e7dbc73c5e6fffb037051fb6048a51532db7320da46871219d232ef921f13b89739a6fa74ef560810122f604d5accc4c8a6ef2bebbc2a84f17,,07/27/2025 01:30:00 PM,30,UNKNOWN,UNKNOWN,CLEAR,DAYLIGHT,REAR TO REAR,PARKING LOT,,STRAIGHT AND LEVEL,UNKNOWN,UNKNOWN,NOT ON SCENE (DESK REPORT),NO INJURY / DRIVE AWAY,,Y,Y,"OVER $1,500",07/27/2025 03:50:00 PM,UNABLE TO DETERMINE,UNABLE TO DETERMINE,2490,N,ELSTON AVE,1432,,,,,,,2,NO INDICATION OF INJURY,0,0,0,0,0,2,0,13,1,7,41.9267240533,-87.6801080771,POINT (-87.680108077127 41.926724053323)
6d9e1f6aba570c2dc76ac7dbb85edcc92922ad214b01e88bfe57b2aead1d7afe397849a2063d2fb30f91c3661b402ab589cee2164e541705678729a340a9d9a9,,07/27/2025 01:30:00 PM,5,NO CONTROLS,NO CONTROLS,CLEAR,DAYLIGHT,REAR TO REAR,PARKING LOT,,STRAIGHT AND LEVEL,DRY,UNKNOWN,NOT ON SCENE (DESK REPORT),NO INJURY / DRIVE AWAY,,,Y,"$501 - $1,500",07/27/2025 03:00:00 PM,UNABLE TO DETERMINE,NOT APPLICABLE,2490,N,ELSTON AVE,1432,,,,,,,2,NO INDICATION OF INJURY,0,0,0,0,0,2,0,13,1,7,41.9267240533,-87.6801080771,POINT (-87.680108077127 41.926724053323)
e38205256aa279b96527f9b852e7514a6e007dc466dd34225355c97ee7f76da81472690dd387f047cc6d42328ad14bc0289ad693a76b23880e661b35e0ff9a4d,,07/27/2025 01:27:00 PM,30,NO CONTROLS,NO CONTROLS,CLEAR,"DARKNESS, LIGHTED ROAD",PARKED MOTOR VEHICLE,ONE-WAY,,STRAIGHT AND LEVEL,DRY,NO DEFECTS,NOT ON SCENE (DESK REPORT),NO INJURY / DRIVE AWAY,,,Y,"OVER $1,500",08/01/2025 01:30:00 PM,IMPROPER BACKING,IMPROPER BACKING,1718,S,STATE ST,131,,,,,,,2,NO INDICATION OF INJURY,0,0,0,0,0,1,0,13,1,7,41.8583725929,-87.627356171,POINT (-87.62735617097 41.858372592889)
e430ab85db3e76d353f746291ec00c2e8dd28c0f61b1a98fcb2d11b909128dea2a18c2c69f625c0a0b9b6d09412fee0e578a8c12dd2bc02f8a0726fcda880796,,07/27/2025 01:11:00 PM,25,TRAFFIC SIGNAL,FUNCTIONING PROPERLY,CLEAR,DAYLIGHT,PEDALCYCLIST,FOUR WAY,,STRAIGHT AND LEVEL,DRY,UNKNOWN,ON SCENE,INJURY AND / OR TOW DUE TO CRASH,Y,,,"OVER $1,500",07/27/2025 01:14:00 PM,DISREGARDING TRAFFIC SIGNALS,NOT APPLICABLE,998,N,DEARBORN ST,1832,,,,,,,2,"REPORTED, NOT EVIDENT",1,0,0,0,1,1,0,13,1,7,41.9005368879,-87.6300346333,POINT (-87.630034633326 41.900536887928)
66bebe584cdbb36366ce0664c0d16b7f5efaa3159b0eaa5c6811ed90ae7c65ae7b247b269f5417672364e56ff12fbd1baf01c28f09769ab1f319e248786c0f01,,07/27/2025 01:10:00 PM,30,NO CONTROLS,NO CONTROLS,CLEAR,DAYLIGHT,PEDALCYCLIST,NOT DIVIDED,,STRAIGHT AND LEVEL,DRY,NO DEFECTS,ON SCENE,INJURY AND / OR TOW DUE TO CRASH,,,,"$501 - $1,500",07/27/2025 01:12:00 PM,FAILING TO YIELD RIGHT-OF-WAY,FAILING TO YIELD RIGHT-OF-WAY,4619,N,ELSTON AVE,1722,,,,,,,2,NONINCAPACITATING INJURY,2,0,0,2,0,0,0,13,1,7,41.9650806616,-87.7355135837,POINT (-87.735513583749 41.965080661637)
30ca36586ce4474abd2700fa890cec6f79d11a9513f56afe2ad4acc1534deabd33ef5bf0c0504c3711d2c6c1deada22dd44a89d8012a1aa66edcc05082c8f020,,07/27/2025 01:07:00 PM,30,TRAFFIC SIGNAL,FUNCTIONING PROPERLY,CLEAR,DAYLIGHT,REAR END,T-INTERSECTION,,STRAIGHT AND LEVEL,DRY,NO DEFECTS,NOT ON SCENE (DESK REPORT),NO INJURY / DRIVE AWAY,Y,,,"OVER $1,500",07/27/2025 01:50:00 PM,FAILING TO REDUCE SPEED TO AVOID CRASH,NOT APPLICABLE,6448,S,KEDZIE AVE,823,,,,,,,2,NO INDICATION OF INJURY,0,0,0,0,0,3,0,13,1,7,41.7756391494,-87.7032068591,POINT (-87.703206859061 41.775639149418)
22a81e8f600c51016bd6621fedabcfb8753e888ddc81b1291f63820bd4acdec5c53a62b90dbf3da4b451ec6c496d44a18b29436ed66b9bc9d32acc47d09860b0,,07/27/2025 01:06:00 PM,30,NO CONTROLS,NO CONTROLS,CLEAR,DAYLIGHT,TURNING,T-INTERSECTION,,STRAIGHT AND LEVEL,DRY,UNKNOWN,ON SCENE,INJURY AND / OR TOW DUE TO CRASH,Y,,,"OVER $1,500",07/27/2025 01:42:00 PM,UNABLE TO DETERMINE,UNABLE TO DETERMINE,8101,S,KEDZIE AVE,835,,,,,,,2,NO INDICATION OF INJURY,0,0,0,0,0,2,0,13,1,7,41.746062636,-87.702143236,POINT (-87.702143235997 41.746062636044)
e3abdda7596e5bf1fd7cd76af487b601ea19ae35c446cdf95ede4b0dce7453e93e4ef7cfc7253ad6ceef3ec120fa87358e8f13e87c98d9984f371d0703b1610b,,07/27/2025 01:03:00 PM,30,NO CONTROLS,NO CONTROLS,CLEAR,DAYLIGHT,PARKED MOTOR VEHICLE,T-INTERSECTION,,STRAIGHT AND LEVEL,DRY,NO DEFECTS,NOT ON SCENE (DESK REPORT),NO INJURY / DRIVE AWAY,,,Y,"OVER $1,500",07/27/2025 02:30:00 PM,IMPROPER TURNING/NO SIGNAL,NOT APPLICABLE,3357,W,59TH PL,822,,,,,,,2,NO INDICATION OF INJURY,0,0,0,0,0,1,0,13,1,7,41.7851549874,-87.7079781752,POINT (-87.70797817524 41.785154987376)
0a6218b35c6177c4a45b09793fa1532178630974086e6481a55590e9831d61d28d3048828a43eb45cc2e573de84d918b5fcba79fab710c5d68155165e421dfa2,Y,07/27/2025 01:00:00 PM,15,NO CONTROLS,NO CONTROLS,CLEAR,DAYLIGHT,PARKED MOTOR VEHICLE,ONE-WAY,,STRAIGHT AND LEVEL,DRY,NO DEFECTS,NOT ON SCENE (DESK REPORT),NO INJURY / DRIVE AWAY,,,Y,"OVER $1,500",07/30/2025 09:35:00 AM,IMPROPER LANE USAGE,DISREGARDING ROAD MARKINGS,700,W,BITTERSWEET PL,1915,,,,,,,2,NO INDICATION OF INJURY,0,0,0,0,0,1,0,13,1,7,41.9558034187,-87.6474739588,POINT (-87.647473958777 41.955803418699)
da8fee607a73fe42c721e3bc929570f28dba895a8bcdbef671cb914a610c760db25dd809a56010d92dbc50465999322d285237e48096476dd77aab50bc50ca6e,,07/27/2025 01:00:00 PM,10,NO CONTROLS,NO CONTROLS,CLEAR,DAYLIGHT,FIXED OBJECT,PARKING LOT,,STRAIGHT AND LEVEL,DRY,NO DEFECTS,ON SCENE,NO INJURY / DRIVE AWAY,,,Y,"OVER $1,500",07/27/2025 01:17:00 PM,FAILING TO REDUCE SPEED TO AVOID CRASH,UNABLE TO DETERMINE,3201,W,63RD PL,823,,,,,,,1,NO INDICATION OF INJURY,0,0,0,0,0,1,0,13,1,7,41.7779357617,-87.7032243861,POINT (-87.703224386118 41.777935761676)
dd5a1647382f665752814a1d1a4d3140b20b0fb96b3e3e823922fddfcda5230d9d6dbbb48b783365b1ae9dd1f3ef5020312525457350805a4ef0713ae7564eeb,,07/27/2025 01:00:00 PM,30,TRAFFIC SIGNAL,UNKNOWN,UNKNOWN,DAYLIGHT,SIDESWIPE SAME DIRECTION,UNKNOWN INTERSECTION TYPE,,STRAIGHT AND LEVEL,UNKNOWN,UNKNOWN,NOT ON SCENE (DESK REPORT),NO INJURY / DRIVE AWAY,Y,,,"$501 - $1,500",07/27/2025 04:30:00 PM,UNABLE TO DETERMINE,NOT APPLICABLE,127,N,DESPLAINES ST,121,,,,,,,2,NO INDICATION OF INJURY,0,0,0,0,0,2,0,13,1,7,41.8840484662,-87.6440466807,POINT (-87.644046680707 41.884048466208)
e70cbdb5b15260a2dcb311014a9a340d23bb6fc50e28e183ed820eef5abf1724be086bdca0e5be18e410e839bafc0d6d256a70a690aa99d56164a0fe15ba4866,,07/27/2025 12:58:00 PM,15,STOP SIGN/FLASHER,FUNCTIONING PROPERLY,CLEAR,DAYLIGHT,PEDALCYCLIST,NOT DIVIDED,,STRAIGHT AND LEVEL,DRY,NO DEFECTS,ON SCENE,INJURY AND / OR TOW DUE TO CRASH,Y,,,"$501 - $1,500",07/27/2025 01:09:00 PM,DISREGARDING STOP SIGN,NOT APPLICABLE,3560,N,RECREATION DR,1925,,Y,,,,,2,NONINCAPACITATING INJURY,1,0,0,1,0,2,0,12,1,7,41.9485764971,-87.6426284068,POINT (-87.642628406753 41.948576497058)
37f063ca998b3c386f132a5f7071cc9138c730fb26913c36ba2482c79ef62f105d25baddf90f3c142e048a4b8689625e7f8c2d51d95d54f0865d720f512662f9,,07/27/2025 12:55:00 PM,30,NO CONTROLS,NO CONTROLS,UNKNOWN,DAYLIGHT,PARKED MOTOR VEHICLE,NOT DIVIDED,,STRAIGHT AND LEVEL,UNKNOWN,UNKNOWN,NOT ON SCENE (DESK REPORT),NO INJURY / DRIVE AWAY,,,Y,"OVER $1,500",07/30/2025 12:40:00 PM,UNABLE TO DETERMINE,NOT APPLICABLE,504,W,33RD ST,915,,,,,,,2,NO INDICATION OF INJURY,0,0,0,0,0,1,0,12,1,7,41.8346028247,-87.6391222157,POINT (-87.639122215734 41.83460282469)
30f7f807918a8960e368417d2318d8aef560518863390c5c098566f4d4f79ed57ccbf838f5cf93f5dc370466ef8bc3a61cdbda2952993dcad7f17dbb1e198d57,,07/27/2025 12:50:00 PM,30,UNKNOWN,UNKNOWN,UNKNOWN,"DARKNESS, LIGHTED ROAD",SIDESWIPE SAME DIRECTION,ONE-WAY,,STRAIGHT AND LEVEL,UNKNOWN,UNKNOWN,NOT ON SCENE (DESK REPORT),NO INJURY / DRIVE AWAY,,,Y,$500 OR LESS,07/27/2025 06:20:00 PM,UNABLE TO DETERMINE,NOT APPLICABLE,6110,N,WINTHROP AVE,2433,,,,,,,2,NO INDICATION OF INJURY,0,0,0,0,0,3,0,12,1,7,41.9926989381,-87.6584419294,POINT (-87.658441929435 41.992698938139)
4d58ad5f15580504e83997357cbaf1f96f5986df043426ea9678bfe3bcab3331c681269d9800b5f9e4532bac64e945d6d50ee489634c2dcdeb36e25e13671d98,,07/27/2025 12:40:00 PM,30,NO CONTROLS,NO CONTROLS,CLEAR,DAYLIGHT,TURNING,NOT DIVIDED,,STRAIGHT AND LEVEL,DRY,NO DEFECTS,ON SCENE,NO INJURY / DRIVE AWAY,,,Y,"OVER $1,500",07/27/2025 12:59:00 PM,FAILING TO YIELD RIGHT-OF-WAY,UNABLE TO DETERMINE,148,N,WOOD ST,1223,,,,,,,2,NO INDICATION OF INJURY,0,0,0,0,0,4,0,12,1,7,41.8846939328,-87.6719861964,POINT (-87.671986196373 41.884693932771)
5eb28223cb09c1057212b75709cf3ea328f8a6e7c5439e40c917a967ca81f0e1101c57e161083378406d0f5fa3e67b29cbc4b9999feb748b4f42447c8029231a,,07/27/2025 12:40:00 PM,25,STOP SIGN/FLASHER,FUNCTIONING PROPERLY,CLEAR,DAYLIGHT,REAR END,FOUR WAY,,STRAIGHT AND LEVEL,DRY,NO DEFECTS,NOT ON SCENE (DESK REPORT),NO INJURY / DRIVE AWAY,Y,,,"OVER $1,500",07/31/2025 01:10:00 PM,DISTRACTION - FROM INSIDE VEHICLE,FOLLOWING TOO CLOSELY,1562,W,99TH ST,2213,,,,,,,2,NO INDICATION OF INJURY,0,0,0,0,0,2,0,12,1,7,41.7140773239,-87.662586337,POINT (-87.662586336967 41.714077323923)
3939c916737f305dffeea5583b4df834b0f20f4f05138a3b4c510a40d84f10cc68e7d7565eb5447fd33cf4f5527306e5575f2c52cedc5e7be249ec00c53e8bd7,N,07/27/2025 12:30:00 PM,30,NO CONTROLS,NO CONTROLS,UNKNOWN,UNKNOWN,PARKED MOTOR VEHICLE,NOT DIVIDED,,STRAIGHT AND LEVEL,DRY,NO DEFECTS,ON SCENE,NO INJURY / DRIVE AWAY,,,Y,"OVER $1,500",07/27/2025 01:02:00 PM,UNABLE TO DETERMINE,NOT APPLICABLE,4404,W,16TH ST,1012,,,,,,,2,NO INDICATION OF INJURY,0,0,0,0,0,1,0,12,1,7,41.8588379367,-87.7349561834,POINT (-87.734956183436 41.858837936694)
6c7a196dc5a9802c3a8010639d8a9c06472ed53df26310aeba3f297b7bb30820a592926552c0a39208521c6606cac11082e3705d6ae39f0f09a2ac6a88af85c6,,07/27/2025 12:30:00 PM,25,STOP SIGN/FLASHER,FUNCTIONING PROPERLY,CLEAR,DAYLIGHT,REAR TO FRONT,FOUR WAY,,STRAIGHT AND LEVEL,DRY,WORN SURFACE,NOT ON SCENE (DESK REPORT),NO INJURY / DRIVE AWAY,,,,"$501 - $1,500",07/27/2025 05:45:00 PM,IMPROPER BACKING,IMPROPER BACKING,7301,S,MARSHFIELD AVE,735,,,,,,,2,NO INDICATION OF INJURY,0,0,0,0,0,4,0,12,1,7,41.7611690859,-87.6647862504,POINT (-87.664786250363 41.761169085945)
736593ea08b206a9b2a827660555c5324b530e955f9c6441db04c2b2d618a7a887cac08c53a66962c9dbdeaa2a8c9e2b54046a4743950d92568be721b5d59317,,07/27/2025 12:30:00 PM,5,NO CONTROLS,NO CONTROLS,CLEAR,DAYLIGHT,ANGLE,OTHER,,STRAIGHT AND LEVEL,DRY,NO DEFECTS,NOT ON SCENE (DESK REPORT),NO INJURY / DRIVE AWAY,,Y,Y,"OVER $1,500",07/27/2025 02:00:00 PM,UNABLE TO DETERMINE,UNABLE TO DETERMINE,6948,W,GRAND AVE,2512,,,,,,,2,NO INDICATION OF INJURY,0,0,0,0,0,2,0,12,1,7,41.9236732565,-87.7996266459,POINT (-87.799626645945 41.923673256513)
b2e7597e0a7e9abcbf002aec65793d34d4c283d046b420e00a1a0033071bcccc2bf6376c0916845f435e60d2c5e06c245fc3b67ce3cc0769dddd631b07bd4f68,,07/27/2025 12:30:00 PM,15,NO CONTROLS,NO CONTROLS,CLEAR,DAYLIGHT,PARKED MOTOR VEHICLE,PARKING LOT,,STRAIGHT AND LEVEL,DRY,NO DEFECTS,NOT ON SCENE (DESK REPORT),NO INJURY / DRIVE AWAY,,Y,,$500 OR LESS,07/28/2025 05:20:00 PM,UNABLE TO DETERMINE,UNABLE TO DETERMINE,2340,E,93RD ST,413,,,,,,,2,NO INDICATION OF INJURY,0,0,0,0,0,1,0,12,1,7,41.7263391638,-87.5664714785,POINT (-87.566471478468 41.72633916382)
d1f6c555d2231c73cf8dafa8c694d57743866ab226e32b738bb76ce8cd9c19621ebad8b5d94edd05866958ac48352b1e7fd294e4da6d13d8d074a3c3322397de,,07/27/2025 12:30:00 PM,30,STOP SIGN/FLASHER,FUNCTIONING PROPERLY,CLEAR,DAYLIGHT,ANGLE,ONE-WAY,,STRAIGHT AND LEVEL,DRY,NO DEFECTS,ON SCENE,NO INJURY / DRIVE AWAY,Y,,,"OVER $1,500",07/27/2025 12:45:00 PM,DISREGARDING STOP SIGN,NOT APPLICABLE,10400,S,INDIANA AVE,512,,,,,,,2,NO INDICATION OF INJURY,0,0,0,0,0,4,0,12,1,7,41.7053576141,-87.618738305,POINT (-87.618738305022 41.705357614122)
f581904273070791dddf85fa93e2fe389afc60c46ba2397e3703488e6e3310b3fad55a530678a4dae56e27114e0dcbf738aa94de12e5c83c9f677026a3a2dff5,,07/27/2025 12:30:00 PM,30,NO CONTROLS,NO CONTROLS,CLEAR,DAYLIGHT,ANGLE,DIVIDED - W/MEDIAN (NOT RAISED),,STRAIGHT AND LEVEL,DRY,NO DEFECTS,ON SCENE,INJURY AND / OR TOW DUE TO CRASH,Y,,Y,"OVER $1,500",07/27/2025 12:47:00 PM,UNABLE TO DETERMINE,UNABLE TO DETERMINE,3626,W,BELMONT AVE,1732,,,,,,,2,"REPORTED, NOT EVIDENT",1,0,0,0,1,1,0,12,1,7,41.939309516,-87.7185399405,POINT (-87.718539940519 41.939309516006)
35612e66e07d2102f22f405510fced096ff27062653ce402e28ce6abe8d9374656ce45d509e569a273afef590050241960a29156fa7ebca56d41e81488590cc0,,07/27/2025 12:25:00 PM,30,NO CONTROLS,NO CONTROLS,CLEAR,DAYLIGHT,PEDALCYCLIST,ONE-WAY,,STRAIGHT AND LEVEL,DRY,NO DEFECTS,ON SCENE,INJURY AND / OR TOW DUE TO CRASH,,,,"OVER $1,500",07/27/2025 12:40:00 PM,IMPROPER LANE USAGE,NOT APPLICABLE,2020,N,KEYSTONE AVE,2525,,,,,,,2,INCAPACITATING INJURY,1,0,1,0,0,2,0,12,1,7,41.9178071368,-87.7279499816,POINT (-87.727949981591 41.9178071368)
886716071c5f41a8d9145838e671944f6a7fda78508f39283eb1549e768263aaeeaeb22ced571461d7779bf3ba79da8ac1beea2bab72628ac7d752211bd36842,,07/27/2025 12:24:00 PM,30,NO CONTROLS,NO CONTROLS,CLEAR,DAYLIGHT,PARKED MOTOR VEHICLE,NOT DIVIDED,,STRAIGHT AND LEVEL,DRY,NO DEFECTS,ON SCENE,NO INJURY / DRIVE AWAY,,,,$500 OR LESS,07/27/2025 12:24:00 PM,DRIVING SKILLS/KNOWLEDGE/EXPERIENCE,NOT APPLICABLE,370,W,OAK ST,1823,,,,,,,2,NO INDICATION OF INJURY,0,0,0,0,0,1,0,12,1,7,41.9005892981,-87.6386312231,POINT (-87.638631223106 41.900589298136)
e549807cb22a9d04041a9da5b11dab45c011ad7a528efb16e6f75963e53be30542b1d5d8e900d6f80636a847422ade696084744a51b083cf0ced2ccdc29506e1,,07/27/2025 12:18:00 PM,15,NO CONTROLS,NO CONTROLS,CLEAR,DAYLIGHT,PARKED MOTOR VEHICLE,NOT DIVIDED,,STRAIGHT AND LEVEL,DRY,NO DEFECTS,ON SCENE,INJURY AND / OR TOW DUE TO CRASH,,,Y,"OVER $1,500",07/27/2025 12:21:00 PM,FAILING TO REDUCE SPEED TO AVOID CRASH,"OPERATING VEHICLE IN ERRATIC, RECKLESS, CARELESS, NEGLIGENT OR AGGRESSIVE MANNER",5037,N,LAWNDALE AVE,1712,,,,,,,2,NONINCAPACITATING INJURY,1,0,0,1,0,1,0,12,1,7,41.97307645,-87.7206778047,POINT (-87.72067780466 41.97307645002)
5763a1db9c7795ae9eec8f33b4ccdfc9f203b34e0506818d641b3614adda56cb821838e4fa4830723883435ccb7179b07d67317418f383100a435d21be9c4a5b,,07/27/2025 12:15:00 PM,15,NO CONTROLS,NO CONTROLS,UNKNOWN,UNKNOWN,PARKED MOTOR VEHICLE,NOT DIVIDED,,STRAIGHT AND LEVEL,UNKNOWN,NO DEFECTS,ON SCENE,NO INJURY / DRIVE AWAY,,,Y,"OVER $1,500",07/27/2025 01:04:00 PM,UNABLE TO DETERMINE,UNABLE TO DETERMINE,6500,S,MINERVA AVE,321,,,,,,,2,NO INDICATION OF INJURY,0,0,0,0,0,1,0,12,1,7,41.7767790591,-87.5974791787,POINT (-87.597479178749 41.776779059126)