CRASH_RECORD_ID,CRASH_DATE_EST_I,CRASH_DATE,POSTED_SPEED_LIMIT,TRAFFIC_CONTROL_DEVICE,DEVICE_CONDITION,WEATHER_CONDITION,LIGHTING_CONDITION,FIRST_CRASH_TYPE,TRAFFICWAY_TYPE,LANE_CNT,ALIGNMENT,ROADWAY_SURFACE_COND,ROAD_DEFECT,REPORT_TYPE,CRASH_TYPE,INTERSECTION_RELATED_I,NOT_RIGHT_OF_WAY_I,HIT_AND_RUN_I,DAMAGE,DATE_POLICE_NOTIFIED,PRIM_CONTRIBUTORY_CAUSE,SEC_CONTRIBUTORY_CAUSE,STREET_NO,STREET_DIRECTION,STREET_NAME,BEAT_OF_OCCURRENCE,PHOTOS_TAKEN_I,STATEMENTS_TAKEN_I,DOORING_I,WORK_ZONE_I,WORK_ZONE_TYPE,WORKERS_PRESENT_I,NUM_UNITS,MOST_SEVERE_INJURY,INJURIES_TOTAL,INJURIES_FATAL,INJURIES_INCAPACITATING,INJURIES_NON_INCAPACITATING,INJURIES_REPORTED_NOT_EVIDENT,INJURIES_NO_INDICATION,INJURIES_UNKNOWN,CRASH_HOUR,CRASH_DAY_OF_WEEK,CRASH_MONTH,LATITUDE,LONGITUDE,LOCATION
8501da6bdb2fafe1b734389e3ee85c6b9a612867477e957e54ca6689aa7a69cc9ed945e1e3e2ab71a1a0870769df605d4b0eaf4d644ec6ab1f342e5373bfe29d,,07/27/2025 12:06:00 PM,15,NO CONTROLS,NO CONTROLS,CLEAR,DAYLIGHT,REAR END,ALLEY,,STRAIGHT AND LEVEL,DRY,NO DEFECTS,NOT ON SCENE (DESK REPORT),NO INJURY / DRIVE AWAY,,,,"OVER $1,500",07/27/2025 01:30:00 PM,FOLLOWING TOO CLOSELY,NOT APPLICABLE,1438,N,MILWAUKEE AVE,1424,Y,,,,,,2,NO INDICATION OF INJURY,0,0,0,0,0,2,0,12,1,7,41.9079442875,-87.6738882219,POINT (-87.673888221901 41.907944287537)
5443c7b73baaeb15228043cb0a7dba78c9cb00423c1a875ffd537e5f288a2eb5d899f763d7f71eb6eb6c15ae911020ddd8757d1fcfd8ebf1e40cca4e1720bee9,,07/27/2025 12:05:00 PM,20,NO CONTROLS,NO CONTROLS,CLEAR,DAYLIGHT,PARKED MOTOR VEHICLE,PARKING LOT,,STRAIGHT AND LEVEL,DRY,UNKNOWN,NOT ON SCENE (DESK REPORT),NO INJURY / DRIVE AWAY,,,Y,"OVER $1,500",07/27/2025 01:25:00 PM,UNABLE TO DETERMINE,NOT APPLICABLE,2600,N,CLYBOURN AVE,1931,,,,,,,2,NO INDICATION OF INJURY,0,0,0,0,0,1,0,12,1,7,41.9286950012,-87.6741950831,POINT (-87.6741950831 41.92869500119)
582d2d41571c0a853e4627f64f407d994278f1fcb03d527431b87cade253e7fda963a287812d9947b813694a628bb8fd5880ee9b454576ccec0aa1d3ecb22188,Y,07/27/2025 12:00:00 PM,30,NO CONTROLS,NO CONTROLS,CLEAR,DAYLIGHT,PARKED MOTOR VEHICLE,NOT DIVIDED,,STRAIGHT AND LEVEL,DRY,NO DEFECTS,NOT ON SCENE (DESK REPORT),NO INJURY / DRIVE AWAY,,,Y,"OVER $1,500",07/31/2025 04:40:00 PM,UNABLE TO DETERMINE,NOT APPLICABLE,4843,S,CALUMET AVE,224,,,,,,,2,NO INDICATION OF INJURY,0,0,0,0,0,1,0,12,1,7,41.8062629937,-87.6179296404,POINT (-87.617929640423 41.806262993729)
bf63b4d1efe8eb196a643777e3602b829eccb7ee74dd5a82c357f8e3cf35ef262a693ec4f0c2b6a877215e1acc293b1165363f762e88970bed7b7a44035f8d6d,,07/27/2025 12:00:00 PM,30,UNKNOWN,UNKNOWN,UNKNOWN,UNKNOWN,PARKED MOTOR VEHICLE,ONE-WAY,,STRAIGHT AND LEVEL,UNKNOWN,UNKNOWN,NOT ON SCENE (DESK REPORT),NO INJURY / DRIVE AWAY,,,Y,"$501 - $1,500",07/27/2025 01:00:00 PM,UNABLE TO DETERMINE,UNABLE TO DETERMINE,425,W,SURF ST,1934,,,,,,,2,NO INDICATION OF INJURY,0,0,0,0,0,1,0,12,1,7,41.9342155744,-87.6404026519,POINT (-87.640402651853 41.934215574437)
7b61a0e0a5fff8e325e07d1a26c6e54ce512702ab1f1aeddae5d50c9977b0889742001556ee9e36a839feb886e7fe43127a147f9155a4c0f655593b34f304fef,,07/27/2025 11:55:00 AM,30,NO CONTROLS,NO CONTROLS,CLEAR,DAYLIGHT,PEDALCYCLIST,NOT DIVIDED,,STRAIGHT AND LEVEL,DRY,NO DEFECTS,ON SCENE,INJURY AND / OR TOW DUE TO CRASH,,,,"OVER $1,500",07/27/2025 11:57:00 AM,PHYSICAL CONDITION OF DRIVER,IMPROPER LANE USAGE,4600,W,DIVISION ST,2533,,,,,,,2,NONINCAPACITATING INJURY,1,0,0,1,0,5,0,11,1,7,41.9025390203,-87.7413936737,POINT (-87.741393673681 41.902539020313)
ceda8dd28435d90c5f4991fbbc4476f1eeb2d48c24616c92405118b0146a8b0588ef123c6a18d3490958a37f2d423164340ce1489928e17e2ccd36b731b2b097,,07/27/2025 11:55:00 AM,30,TRAFFIC SIGNAL,NO CONTROLS,CLEAR,DAYLIGHT,SIDESWIPE SAME DIRECTION,DIVIDED - W/MEDIAN (NOT RAISED),,STRAIGHT AND LEVEL,DRY,NO DEFECTS,NOT ON SCENE (DESK REPORT),NO INJURY / DRIVE AWAY,,,,"$501 - $1,500",07/27/2025 02:10:00 PM,UNABLE TO DETERMINE,NOT APPLICABLE,4401,N,WESTERN AVE,1911,,,,,,,2,NO INDICATION OF INJURY,0,0,0,0,0,3,0,11,1,7,41.9614065031,-87.6885385567,POINT (-87.688538556705 41.961406503078)
14507aad0c8dc73caa5464d56b310d337da3187f6b13b33d4dd7c80ecc85ec08f6dc72569ce00b04eab3e7ae276bad5829f7b45011dbb6fffdc349929ab0fe04,,07/27/2025 11:50:00 AM,30,NO CONTROLS,NO CONTROLS,CLEAR,DAYLIGHT,ANGLE,NOT DIVIDED,,STRAIGHT AND LEVEL,DRY,NO DEFECTS,NOT ON SCENE (DESK REPORT),NO INJURY / DRIVE AWAY,,,,"OVER $1,500",07/27/2025 12:20:00 PM,FAILING TO YIELD RIGHT-OF-WAY,NOT APPLICABLE,65,E,WACKER DR,111,,,,,,,2,NO INDICATION OF INJURY,0,0,0,0,0,2,0,11,1,7,41.8875987468,-87.6256767239,POINT (-87.625676723888 41.887598746811)
6effde9701d30f2e68306a065dd98064f7e03619d0cd7ea425d7723cacbaacf4feae68a3eb9f690d5293f43c229c024d5ac907c195c4c969fc17de325b6e87e0,,07/27/2025 11:49:00 AM,30,STOP SIGN/FLASHER,FUNCTIONING PROPERLY,CLEAR,"DARKNESS, LIGHTED ROAD",REAR END,NOT DIVIDED,,STRAIGHT AND LEVEL,DRY,UNKNOWN,NOT ON SCENE (DESK REPORT),NO INJURY / DRIVE AWAY,,,Y,"OVER $1,500",07/28/2025 12:34:00 AM,FAILING TO YIELD RIGHT-OF-WAY,UNABLE TO DETERMINE,5500,S,WESTERN AVE,824,N,,,,,,3,NO INDICATION OF INJURY,0,0,0,0,0,5,0,11,1,7,41.7933705543,-87.6841753768,POINT (-87.684175376759 41.79337055433)
395af5a90a0cf8e5e3107be6509dd0947a44613a66b5d9c733ee499e7df8b5b7ede75a8ab9f6cdeca21c6c07c2ac875b0bc6688563f494f25b799cbf01226488,,07/27/2025 11:30:00 AM,30,NO CONTROLS,NO CONTROLS,CLEAR,DAYLIGHT,SIDESWIPE OPPOSITE DIRECTION,NOT DIVIDED,,STRAIGHT AND LEVEL,DRY,NO DEFECTS,NOT ON SCENE (DESK REPORT),NO INJURY / DRIVE AWAY,,,,$500 OR LESS,07/27/2025 12:15:00 PM,UNABLE TO DETERMINE,UNABLE TO DETERMINE,2932,W,46TH ST,922,,,,,,,2,NO INDICATION OF INJURY,0,0,0,0,0,6,0,11,1,7,41.810145958,-87.6979933863,POINT (-87.697993386343 41.810145958007)
b1e1c9e3e0f5798cf0c79da190c87daeea97b4003526d14411d0d12a40597e4f31117b46c6f76c2cebb80ed0f8c822ca800755815932dac92ff8dce26d255c2b,,07/27/2025 11:30:00 AM,30,TRAFFIC SIGNAL,FUNCTIONING PROPERLY,CLEAR,DAYLIGHT,SIDESWIPE SAME DIRECTION,DIVIDED - W/MEDIAN BARRIER,,STRAIGHT AND LEVEL,UNKNOWN,UNKNOWN,NOT ON SCENE (DESK REPORT),NO INJURY / DRIVE AWAY,,,,"OVER $1,500",07/27/2025 03:48:00 PM,UNABLE TO DETERMINE,NOT APPLICABLE,700,S,LAKE SHORE DR SB,114,,,,,,,2,NO INDICATION OF INJURY,0,0,0,0,0,2,0,11,1,7,41.873190589,-87.6174581402,POINT (-87.617458140248 41.873190589037)
bfd2b3843570e8883ceada2413f083f6821b17e0da64acdaceb31707e787d31b3ba2cfd26ba959c460079a9dadf18b992981b1d58de84f44b6440331644ac56d,,07/27/2025 11:30:00 AM,30,TRAFFIC SIGNAL,FUNCTIONING PROPERLY,CLEAR,DAYLIGHT,REAR END,CENTER TURN LANE,,STRAIGHT AND LEVEL,DRY,UNKNOWN,ON SCENE,NO INJURY / DRIVE AWAY,,,Y,"OVER $1,500",07/27/2025 11:36:00 AM,UNABLE TO DETERMINE,UNABLE TO DETERMINE,3556,W,IRVING PARK RD,1723,,,,,,,3,NO INDICATION OF INJURY,0,0,0,0,0,3,0,11,1,7,41.9538982118,-87.7176761241,POINT (-87.717676124125 41.953898211797)
c1b367277a8508e0e50534c9337e85e11a95b97554027a07b06996bae99bf89e376b6c3082eca5d283e6a3ae944cc4f89ff0d46fe067eff7052354aabc68abd3,,07/27/2025 11:25:00 AM,30,TRAFFIC SIGNAL,FUNCTIONING PROPERLY,CLEAR,DAYLIGHT,SIDESWIPE SAME DIRECTION,DIVIDED - W/MEDIAN (NOT RAISED),,STRAIGHT AND LEVEL,DRY,NO DEFECTS,ON SCENE,INJURY AND / OR TOW DUE TO CRASH,,,,"OVER $1,500",07/27/2025 11:52:00 AM,"VISION OBSCURED (SIGNS, TREE LIMBS, BUILDINGS, ETC.)",FAILING TO REDUCE SPEED TO AVOID CRASH,3947,N,CALIFORNIA AVE,1733,,,,,,,2,"REPORTED, NOT EVIDENT",1,0,0,0,1,1,0,11,1,7,41.9535458207,-87.6980798688,POINT (-87.698079868779 41.953545820696)
8c6630a5085d2665d58b48e1f65becd60828867847516d70f535648e1d1aa16c0a47cb0fc41b3d3d7d1104500b4927e5ddb24ad28ebce7c66192c9a23698c6be,,07/27/2025 11:22:00 AM,30,STOP SIGN/FLASHER,FUNCTIONING PROPERLY,CLEAR,DAYLIGHT,REAR END,NOT DIVIDED,,STRAIGHT AND LEVEL,DRY,UNKNOWN,ON SCENE,INJURY AND / OR TOW DUE TO CRASH,,,,"OVER $1,500",07/27/2025 11:25:00 AM,DISREGARDING STOP SIGN,UNABLE TO DETERMINE,4301,S,PRAIRIE AVE,215,,,,,,,2,NO INDICATION OF INJURY,0,0,0,0,0,3,0,11,1,7,41.8164990842,-87.6196417649,POINT (-87.619641764854 41.816499084202)
34db853bcd0d725e0aa2596e429594ba98f6479006b8eca9fc18db14a975ee3262b98e55798e5cdf75db2c31058397e99cff860ddedd36defa44c8449fffd788,,07/27/2025 11:20:00 AM,30,TRAFFIC SIGNAL,FUNCTIONING PROPERLY,CLEAR,DAYLIGHT,TURNING,DIVIDED - W/MEDIAN BARRIER,,STRAIGHT AND LEVEL,DRY,NO DEFECTS,NOT ON SCENE (DESK REPORT),NO INJURY / DRIVE AWAY,Y,,,"OVER $1,500",07/27/2025 12:10:00 PM,FAILING TO REDUCE SPEED TO AVOID CRASH,NOT APPLICABLE,120,W,ROOSEVELT RD,123,,,,,,,2,NO INDICATION OF INJURY,0,0,0,0,0,3,0,11,1,7,41.8674680336,-87.6313136562,POINT (-87.631313656214 41.867468033554)
9f0117d3523168809f8b62f2d5ee9cc152aea7f6ceef18836cad584d529df25f5f60a5abcd2b662bfed9898685f1f9b7022d56f1b87242abac12047b5d80f478,,07/27/2025 11:10:00 AM,30,TRAFFIC SIGNAL,FUNCTIONING PROPERLY,CLEAR,DAYLIGHT,TURNING,FOUR WAY,,STRAIGHT AND LEVEL,DRY,NO DEFECTS,NOT ON SCENE (DESK REPORT),NO INJURY / DRIVE AWAY,Y,,,"OVER $1,500",07/27/2025 11:30:00 AM,NOT APPLICABLE,NOT APPLICABLE,4201,S,CICERO AVE,815,,,,,,,2,NO INDICATION OF INJURY,0,0,0,0,0,3,0,11,1,7,41.8167380026,-87.7432434676,POINT (-87.743243467558 41.816738002601)
1afd645e93ecdc893d79d486f57d213bc15b081e822d423dec17ebc05b1899cf29b5e3e6f6c621ebeea1b991ab1b74b2af02ff1e4b71044bc8e805cb30d15975,,07/27/2025 11:05:00 AM,30,TRAFFIC SIGNAL,NO CONTROLS,CLEAR,DAYLIGHT,REAR END,NOT DIVIDED,,STRAIGHT AND LEVEL,DRY,NO DEFECTS,NOT ON SCENE (DESK REPORT),NO INJURY / DRIVE AWAY,,,,"OVER $1,500",07/27/2025 11:41:00 AM,FOLLOWING TOO CLOSELY,NOT APPLICABLE,2663,W,103RD ST,2211,,,,,,,2,NO INDICATION OF INJURY,0,0,0,0,0,2,0,11,1,7,41.7062309884,-87.6889851076,POINT (-87.688985107582 41.706230988354)
931c5a74734722deeed6eb6208e428171df9933ab9f94b995c29617a5657ec89ed6aab211ac2a75964bf0259a05a816366821ed446ba7398b6dc6512acd29511,,07/27/2025 11:05:00 AM,30,TRAFFIC SIGNAL,FUNCTIONING PROPERLY,CLEAR,DAYLIGHT,SIDESWIPE SAME DIRECTION,OTHER,,STRAIGHT AND LEVEL,DRY,NO DEFECTS,ON SCENE,NO INJURY / DRIVE AWAY,,,,"$501 - $1,500",07/27/2025 11:11:00 AM,UNABLE TO DETERMINE,UNABLE TO DETERMINE,5500,S,HALSTED ST,712,,,,,,,2,NO INDICATION OF INJURY,0,0,0,0,0,3,0,11,1,7,41.7938690123,-87.6452949015,POINT (-87.645294901547 41.793869012306)
12f9e0b3cad607679508595687b165bbe1ed9893fa94b979fe03f7bdad7954fdc823ce087e9dd67a1609facb77a1d49350c9eba01f128cf48e713476bc6ab487,Y,07/27/2025 11:00:00 AM,25,NO CONTROLS,NO CONTROLS,CLEAR,DAYLIGHT,PARKED MOTOR VEHICLE,NOT DIVIDED,,STRAIGHT AND LEVEL,DRY,NO DEFECTS,ON SCENE,NO INJURY / DRIVE AWAY,,N,Y,"OVER $1,500",07/28/2025 09:01:00 PM,UNABLE TO DETERMINE,UNABLE TO DETERMINE,1631,E,83RD ST,412,,,,,,,3,NO INDICATION OF INJURY,0,0,0,0,0,1,0,11,1,7,41.7441146946,-87.5840622538,POINT (-87.584062253825 41.744114694593)
0836f0ebd747caace23fcce60af777f45aa87960b89a8f75db8c48a9b067f6c3e0e3d33156f8d8ee00b8eab703b760491a75f25b2cd33818aed821cb3e30bef3,,07/27/2025 10:40:00 AM,20,NO CONTROLS,NO CONTROLS,CLEAR,DAYLIGHT,PARKED MOTOR VEHICLE,PARKING LOT,,STRAIGHT AND LEVEL,DRY,NO DEFECTS,NOT ON SCENE (DESK REPORT),NO INJURY / DRIVE AWAY,,,,"$501 - $1,500",07/27/2025 12:30:00 PM,NOT APPLICABLE,NOT APPLICABLE,3807,W,DIVISION ST,1112,,,,,,,2,NO INDICATION OF INJURY,0,0,0,0,0,1,0,10,1,7,41.9026003481,-87.7217632199,POINT (-87.721763219903 41.902600348135)
68b0a7cf68c88855d3ffbf7a74f9a869e590e10b74c0670e67129f8a599c0d4db60532ed5179cabde29e6a9b945e426eec26b5d52de39de0991fa19f50079a57,,07/27/2025 10:30:00 AM,30,NO CONTROLS,NO CONTROLS,CLOUDY/OVERCAST,DAYLIGHT,TURNING,NOT DIVIDED,,STRAIGHT AND LEVEL,DRY,NO DEFECTS,ON SCENE,INJURY AND / OR TOW DUE TO CRASH,,,Y,"OVER $1,500",07/27/2025 10:40:00 AM,IMPROPER TURNING/NO SIGNAL,IMPROPER LANE USAGE,5140,S,ARCHER AVE,815,,,,,,,2,NO INDICATION OF INJURY,0,0,0,0,0,3,0,10,1,7,41.8005859997,-87.7313622757,POINT (-87.731362275673 41.80058599966)
90cc89f23759b6d3da604ccf8d476a900abed92854760045c6a3457b8e66e497eec1d9a937d9091bcd903f423fabc30252133cf7281912cea1b28a1667d05317,,07/27/2025 10:24:00 AM,30,STOP SIGN/FLASHER,FUNCTIONING PROPERLY,CLEAR,DAYLIGHT,PEDALCYCLIST,FOUR WAY,,STRAIGHT AND LEVEL,DRY,NO DEFECTS,ON SCENE,INJURY AND / OR TOW DUE TO CRASH,Y,,,"$501 - $1,500",07/27/2025 10:24:00 AM,DISREGARDING STOP SIGN,FAILING TO YIELD RIGHT-OF-WAY,1198,W,48TH ST,933,,,,,,,2,INCAPACITATING INJURY,1,0,1,0,0,4,0,10,1,7,41.8070228335,-87.6551392917,POINT (-87.65513929173 41.807022833515)
781bbb558d039c09a5c380585653ff6750c5604feadb660142cd158e0b3bcf577518dc3750954fede8baccb0c5ec177976b86209fd51641b9f119d2592017715,,07/27/2025 10:18:00 AM,10,NO CONTROLS,NO CONTROLS,CLEAR,DAYLIGHT,PARKED MOTOR VEHICLE,PARKING LOT,,STRAIGHT AND LEVEL,DRY,UNKNOWN,NOT ON SCENE (DESK REPORT),NO INJURY / DRIVE AWAY,,,,"$501 - $1,500",07/27/2025 02:10:00 PM,UNABLE TO DETERMINE,NOT APPLICABLE,1551,W,95TH ST,2213,,,,,,,2,NO INDICATION OF INJURY,0,0,0,0,0,1,0,10,1,7,41.7211092136,-87.6624003583,POINT (-87.662400358257 41.721109213625)
c02efa335b370be278f9a3adea3dddebcc971ec111d51f906d727088ff1a2256b22495a38644533112a9a39f9963e7ec45f001e7328d856617016a66046dbdb1,,07/27/2025 10:12:00 AM,30,NO CONTROLS,NO CONTROLS,CLEAR,DAYLIGHT,PEDALCYCLIST,ONE-WAY,,STRAIGHT AND LEVEL,DRY,NO DEFECTS,ON SCENE,NO INJURY / DRIVE AWAY,,,,"OVER $1,500",07/27/2025 10:19:00 AM,CELL PHONE USE OTHER THAN TEXTING,CELL PHONE USE OTHER THAN TEXTING,823,N,CENTRAL PARK AVE,1121,,,,,,,2,NO INDICATION OF INJURY,0,0,0,0,0,1,0,10,1,7,41.896177552,-87.7161897088,POINT (-87.716189708751 41.896177552006)
d28c92d6362a2a74299b4afd58a6b65ccbc4ac4bd7eef0884cc6d14d7b190d2279d9791685c448db4b597c52c7aa0ba6f819d8d23bbd042028061ef7e282e4ce,,07/27/2025 09:32:00 AM,45,TRAFFIC SIGNAL,FUNCTIONING PROPERLY,CLEAR,DAYLIGHT,OTHER OBJECT,DIVIDED - W/MEDIAN BARRIER,,STRAIGHT AND LEVEL,DRY,NO DEFECTS,ON SCENE,INJURY AND / OR TOW DUE TO CRASH,Y,,,"OVER $1,500",07/27/2025 09:33:00 AM,UNABLE TO DETERMINE,UNABLE TO DETERMINE,5700,S,LAKE SHORE DR,331,,,,,,,1,NO INDICATION OF INJURY,0,0,0,0,0,1,0,9,1,7,41.7914202821,-87.5801477687,POINT (-87.580147768689 41.791420282098)
9fcaa3ba0e3e38cea419c7555866eb3a6117efce6321ad6e0e79498d9b661867b6c5bd246ba83a887dacd16b045568d542581ca2c8adfad797942a7d3c3b8fc3,,07/27/2025 09:30:00 AM,30,TRAFFIC SIGNAL,FUNCTIONING PROPERLY,CLEAR,DAYLIGHT,REAR END,NOT DIVIDED,,STRAIGHT AND LEVEL,DRY,NO DEFECTS,ON SCENE,NO INJURY / DRIVE AWAY,,,Y,"OVER $1,500",07/27/2025 09:32:00 AM,UNABLE TO DETERMINE,UNABLE TO DETERMINE,2540,N,PULASKI RD,2524,,,,,,,3,NO INDICATION OF INJURY,0,0,0,0,0,3,0,9,1,7,41.9275325735,-87.7270030165,POINT (-87.727003016463 41.927532573496)
264318859d5526c12421b444513440be48ecb3c7457cf1f79d1a93216f90302ab8ca743b745dac156eed966ba0998aa0e0e1b2b7e2730f4ec74d801878cab80e,,07/27/2025 09:00:00 AM,25,NO CONTROLS,NO CONTROLS,CLEAR,DAYLIGHT,PARKED MOTOR VEHICLE,NOT DIVIDED,,STRAIGHT AND LEVEL,DRY,NO DEFECTS,NOT ON SCENE (DESK REPORT),INJURY AND / OR TOW DUE TO CRASH,,,Y,"$501 - $1,500",07/27/2025 11:25:00 AM,UNABLE TO DETERMINE,UNABLE TO DETERMINE,7355,S,UNIVERSITY AVE,324,,,,,,,2,NO INDICATION OF INJURY,0,0,0,0,0,1,0,9,1,7,41.7607024499,-87.5967880008,POINT (-87.596788000779 41.760702449892)
91d111356f3fd8dd4b43fcf6c302443d59a4cd9c96b58e3846b1ba006981f1d0ae7d3a15ceed72b2fc6655b8f1f5f41489f5bcd7644a86e819c12d7f26b46af9,,07/27/2025 09:00:00 AM,30,NO CONTROLS,NO CONTROLS,UNKNOWN,UNKNOWN,PARKED MOTOR VEHICLE,NOT DIVIDED,,STRAIGHT AND LEVEL,UNKNOWN,UNKNOWN,NOT ON SCENE (DESK REPORT),NO INJURY / DRIVE AWAY,,,Y,"OVER $1,500",07/27/2025 03:40:00 PM,UNABLE TO DETERMINE,NOT APPLICABLE,2901,S,FEDERAL ST,133,,,,,,,2,NO INDICATION OF INJURY,0,0,0,0,0,1,0,9,1,7,41.8420181755,-87.6295895418,POINT (-87.629589541812 41.842018175501)
cf8ff4cd20182a24b68b972d4882cd27a7a50fca8e1e9065554922baabb2c230e7b2f35c2e76071bccde8d715341dae0cc76dce4e4d30697ad65dd95a7ce4112,,07/27/2025 09:00:00 AM,35,FLASHING CONTROL SIGNAL,FUNCTIONING PROPERLY,CLEAR,DAYLIGHT,REAR END,DIVIDED - W/MEDIAN (NOT RAISED),,STRAIGHT AND LEVEL,DRY,NO DEFECTS,ON SCENE,INJURY AND / OR TOW DUE TO CRASH,,,Y,"OVER $1,500",07/27/2025 09:07:00 AM,FAILING TO REDUCE SPEED TO AVOID CRASH,NOT APPLICABLE,1401,W,CHICAGO AVE,1215,,,,,,,2,NO INDICATION OF INJURY,0,0,0,0,0,2,0,9,1,7,41.8960390196,-87.6624598998,POINT (-87.662459899787 41.896039019614)
7c5e624108f424918e305c0dd800d237f30f0196b9b82f3f601ed55b6d792351530e8ff32b6ee7204e9f004c8fb24e6e6bb0ab7d36549008572d372c68d343eb,,07/27/2025 08:45:00 AM,30,TRAFFIC SIGNAL,FUNCTIONING PROPERLY,CLEAR,"DARKNESS, LIGHTED ROAD",SIDESWIPE SAME DIRECTION,DIVIDED - W/MEDIAN (NOT RAISED),,STRAIGHT AND LEVEL,DRY,NO DEFECTS,NOT ON SCENE (DESK REPORT),NO INJURY / DRIVE AWAY,,,Y,"OVER $1,500",07/27/2025 09:30:00 PM,IMPROPER TURNING/NO SIGNAL,FAILING TO YIELD RIGHT-OF-WAY,70,E,ROOSEVELT RD,123,,,,,,,3,NO INDICATION OF INJURY,0,0,0,0,0,4,0,8,1,7,41.8675622849,-87.6245795052,POINT (-87.624579505186 41.867562284868)
6c2eb8bc27054ada9f5a83e667adcd4ae04024bd1b7bafdc4b812543df86cbf86e241877ca4ac7c2f03f1189bd30d1afe4feae47f75230a110a923241aeddfad,,07/27/2025 08:30:00 AM,30,NO CONTROLS,NO CONTROLS,CLEAR,UNKNOWN,PARKED MOTOR VEHICLE,ONE-WAY,,STRAIGHT AND LEVEL,DRY,UNKNOWN,NOT ON SCENE (DESK REPORT),NO INJURY / DRIVE AWAY,,,Y,"OVER $1,500",07/27/2025 09:21:00 AM,UNABLE TO DETERMINE,UNABLE TO DETERMINE,3803,W,OHIO ST,1122,,,,,,,2,NO INDICATION OF INJURY,0,0,0,0,0,1,0,8,1,7,41.8916359976,-87.7212346179,POINT (-87.721234617941 41.891635997578)
e840e959f299ace25f47a9fd614ea4bbec70e237c8df29a4d88d8c1935137583ff20d6d44b4d29b16783a576f0ccca55184c2d4ff5f4491cf5f7c87853fac6d8,,07/27/2025 08:20:00 AM,30,NO CONTROLS,NO CONTROLS,CLEAR,DAYLIGHT,SIDESWIPE SAME DIRECTION,NOT DIVIDED,,STRAIGHT AND LEVEL,DRY,NO DEFECTS,NOT ON SCENE (DESK REPORT),NO INJURY / DRIVE AWAY,,,,"OVER $1,500",07/27/2025 09:00:00 AM,FOLLOWING TOO CLOSELY,NOT APPLICABLE,4115,S,KEDZIE AVE,921,,,,,,,2,NO INDICATION OF INJURY,0,0,0,0,0,3,0,8,1,7,41.8185126398,-87.7042348109,POINT (-87.704234810927 41.818512639781)
a0c6c509009e1f5b6e7e0c117441bfc1c27cb61fed2d61c2613a95e3a0274e63fb7953906dea5e2538513fe0b85dae8cb9a0ce12bc93f454171accb5ce6dcc0b,,07/27/2025 08:14:00 AM,35,OTHER WARNING SIGN,FUNCTIONING PROPERLY,CLEAR,DAYLIGHT,SIDESWIPE SAME DIRECTION,DIVIDED - W/MEDIAN BARRIER,,"CURVE, LEVEL",DRY,NO DEFECTS,ON SCENE,NO INJURY / DRIVE AWAY,,,Y,"OVER $1,500",07/27/2025 08:15:00 AM,FAILING TO YIELD RIGHT-OF-WAY,IMPROPER OVERTAKING/PASSING,8801,S,CHICAGO SKYWAY IB,423,,,,,,,2,NO INDICATION OF INJURY,0,0,0,0,0,2,0,8,1,7,,,
45d31e77a08669964244ae318cd28ee08d853a27257feb746485f3254a34613f9ac211b7957dc404bd510350aac1b1f2f6c8a208f3b8e4006a8097ea43b019ad,,07/27/2025 08:13:00 AM,30,TRAFFIC SIGNAL,FUNCTIONING PROPERLY,CLEAR,DAYLIGHT,REAR END,NOT DIVIDED,,STRAIGHT AND LEVEL,DRY,UNKNOWN,ON SCENE,NO INJURY / DRIVE AWAY,Y,,,"OVER $1,500",07/27/2025 08:15:00 AM,FAILING TO REDUCE SPEED TO AVOID CRASH,UNABLE TO DETERMINE,3454,W,MARQUETTE RD,831,,,,,,,2,NO INDICATION OF INJURY,0,0,0,0,0,4,0,8,1,7,41.7716725938,-87.709969162,POINT (-87.709969162044 41.771672593837)
82a3736e1c2a8b23f244c80b58d22cffa36dad8329df7fdcad6c58d4264766654bb0e60e655d8b38b614e8c70df8bb430290c846cd7d901a6fd66a06fbaba4f6,,07/27/2025 08:00:00 AM,30,NO CONTROLS,NO CONTROLS,CLEAR,UNKNOWN,PARKED MOTOR VEHICLE,NOT DIVIDED,,STRAIGHT AND LEVEL,DRY,NO DEFECTS,ON SCENE,NO INJURY / DRIVE AWAY,,,Y,"OVER $1,500",07/27/2025 08:55:00 PM,UNABLE TO DETERMINE,NOT APPLICABLE,2239,S,PRINCETON AVE,914,,,,,,,2,NO INDICATION OF INJURY,0,0,0,0,0,1,0,8,1,7,41.8517110459,-87.6346292153,POINT (-87.634629215336 41.851711045924)
0225be7df16d8c4b2c04c493ccf1bc0170cf83f7dd98a4af1d06185358a2f4f6201e888903d230126685c84eb4874fb1957e9eb8e9370429556133c3c58f6479,,07/27/2025 07:56:00 AM,30,NO CONTROLS,NO CONTROLS,CLEAR,DAYLIGHT,PARKED MOTOR VEHICLE,NOT DIVIDED,,STRAIGHT AND LEVEL,DRY,NO DEFECTS,ON SCENE,NO INJURY / DRIVE AWAY,,,Y,"OVER $1,500",07/27/2025 09:15:00 AM,UNABLE TO DETERMINE,UNABLE TO DETERMINE,1015,S,SPRINGFIELD AVE,1133,,,,,,,2,NO INDICATION OF INJURY,0,0,0,0,0,1,0,7,1,7,41.8684387534,-87.7226596194,POINT (-87.722659619352 41.868438753426)