CRASH_RECORD_ID,CRASH_DATE_EST_I,CRASH_DATE,POSTED_SPEED_LIMIT,TRAFFIC_CONTROL_DEVICE,DEVICE_CONDITION,WEATHER_CONDITION,LIGHTING_CONDITION,FIRST_CRASH_TYPE,TRAFFICWAY_TYPE,LANE_CNT,ALIGNMENT,ROADWAY_SURFACE_COND,ROAD_DEFECT,REPORT_TYPE,CRASH_TYPE,INTERSECTION_RELATED_I,NOT_RIGHT_OF_WAY_I,HIT_AND_RUN_I,DAMAGE,DATE_POLICE_NOTIFIED,PRIM_CONTRIBUTORY_CAUSE,SEC_CONTRIBUTORY_CAUSE,STREET_NO,STREET_DIRECTION,STREET_NAME,BEAT_OF_OCCURRENCE,PHOTOS_TAKEN_I,STATEMENTS_TAKEN_I,DOORING_I,WORK_ZONE_I,WORK_ZONE_TYPE,WORKERS_PRESENT_I,NUM_UNITS,MOST_SEVERE_INJURY,INJURIES_TOTAL,INJURIES_FATAL,INJURIES_INCAPACITATING,INJURIES_NON_INCAPACITATING,INJURIES_REPORTED_NOT_EVIDENT,INJURIES_NO_INDICATION,INJURIES_UNKNOWN,CRASH_HOUR,CRASH_DAY_OF_WEEK,CRASH_MONTH,LATITUDE,LONGITUDE,LOCATION
7eea8f072e7cf5983706a3877a68e88bbf20258c35772d8fbe75ec3c779427416cf3989ded52d867ecc4b2db5816c77e59bdbee88ea90d5a3c31097feba03067,,07/27/2025 07:30:00 AM,30,STOP SIGN/FLASHER,FUNCTIONING PROPERLY,CLEAR,DAYLIGHT,ANGLE,ONE-WAY,,STRAIGHT AND LEVEL,DRY,NO DEFECTS,NOT ON SCENE (DESK REPORT),NO INJURY / DRIVE AWAY,Y,,,"OVER $1,500",07/31/2025 06:20:00 PM,DISREGARDING STOP SIGN,FAILING TO REDUCE SPEED TO AVOID CRASH,2503,W,61ST ST,825,,,,,,,2,NO INDICATION OF INJURY,0,0,0,0,0,2,0,7,1,7,41.7827627713,-87.6863356215,POINT (-87.686335621492 41.78276277132)
a605ef77f37f8094702d3a7149e6441fef682489fb2ab89f8fc3102777848947d45edc42c60ed8502f13252b4805eaa2aac2eaafee1a592c72576147d6ed34f7,,07/27/2025 07:30:00 AM,25,UNKNOWN,UNKNOWN,UNKNOWN,UNKNOWN,SIDESWIPE SAME DIRECTION,ONE-WAY,,STRAIGHT AND LEVEL,UNKNOWN,UNKNOWN,NOT ON SCENE (DESK REPORT),NO INJURY / DRIVE AWAY,,,,"OVER $1,500",07/27/2025 03:00:00 PM,NOT APPLICABLE,NOT APPLICABLE,371,W,ONTARIO ST,1831,,,,,,,2,NO INDICATION OF INJURY,0,0,0,0,0,2,0,7,1,7,41.893021237,-87.6383387214,POINT (-87.638338721385 41.89302123705)
984075a76ea415dbf815b83c1fa7c66544d92cd2ab94fde706f49a1d42c07dfc3613c334fc0093938a207f6f05d6586b0745857246e7b19de566dcae1267ecef,,07/27/2025 07:09:00 AM,35,NO CONTROLS,NO CONTROLS,CLEAR,DAYLIGHT,REAR END,ONE-WAY,,STRAIGHT AND LEVEL,DRY,NO DEFECTS,ON SCENE,INJURY AND / OR TOW DUE TO CRASH,,,Y,"OVER $1,500",07/27/2025 07:12:00 AM,UNABLE TO DETERMINE,UNABLE TO DETERMINE,8545,S,STATE ST,632,,,,,,,2,NONINCAPACITATING INJURY,1,0,0,1,0,1,0,7,1,7,41.7386751089,-87.6240525313,POINT (-87.624052531317 41.738675108929)
09210fc63dc8562552f08a1f2703676ad9f35be984ac434ace91d11bdee2a0d3733df05cc1c9fa12738423af2138f6bb355fd199b7bae17d4f5dbea514050692,,07/27/2025 06:50:00 AM,15,NO CONTROLS,NO CONTROLS,CLEAR,DAYLIGHT,PARKED MOTOR VEHICLE,PARKING LOT,,STRAIGHT AND LEVEL,DRY,NO DEFECTS,NOT ON SCENE (DESK REPORT),NO INJURY / DRIVE AWAY,,,,$500 OR LESS,07/27/2025 07:40:00 AM,UNABLE TO DETERMINE,NOT APPLICABLE,6300,N,CALIFORNIA AVE,2413,,,,,,,2,NO INDICATION OF INJURY,0,0,0,0,0,1,0,6,1,7,41.9958558754,-87.6997274624,POINT (-87.699727462423 41.995855875363)
24d4ffa579ef2d510d0be69ca331010e606f91adac01028591e95aa8c98b465c12ba011d1c14729d3cb0e3a936c116577383e003108d905f8b3728e8870e312e,,07/27/2025 06:42:00 AM,30,NO CONTROLS,NO CONTROLS,CLEAR,DAYLIGHT,PARKED MOTOR VEHICLE,ONE-WAY,,STRAIGHT AND LEVEL,DRY,UNKNOWN,NOT ON SCENE (DESK REPORT),NO INJURY / DRIVE AWAY,,,,"OVER $1,500",07/28/2025 07:45:00 AM,FOLLOWING TOO CLOSELY,UNABLE TO DETERMINE,4128,N,MONTICELLO AVE,1723,,,,,,,2,NO INDICATION OF INJURY,0,0,0,0,0,1,0,6,1,7,41.9564763718,-87.7192675432,POINT (-87.719267543169 41.956476371762)
bc5c85d4d43b93eb0a1bb5709e25bdc4865e2f183eca112081475a76008dacd4e7efe7ae49b19d26a68fda024bf20a86423b8c43caa22ad6c22de376405dc682,,07/27/2025 06:20:00 AM,30,STOP SIGN/FLASHER,FUNCTIONING PROPERLY,CLEAR,DAYLIGHT,ANGLE,FOUR WAY,,STRAIGHT AND LEVEL,DRY,NO DEFECTS,ON SCENE,INJURY AND / OR TOW DUE TO CRASH,Y,,,"OVER $1,500",07/27/2025 06:35:00 AM,DISREGARDING TRAFFIC SIGNALS,NOT APPLICABLE,100,W,WACKER DR,122,,,,,,,2,NONINCAPACITATING INJURY,1,0,0,1,0,1,0,6,1,7,41.8870417691,-87.6310782127,POINT (-87.631078212725 41.88704176906)
a15a383c8dead4cafabf8917c2d503f760e2a043db6d7e41012ce9c69d6763a3c0ccc8c44b900d71596a5fb0a46d1c3d9fc70d5190de2a29ec62beca6e546a07,,07/27/2025 06:02:00 AM,30,NO CONTROLS,NO CONTROLS,CLEAR,DAYLIGHT,ANGLE,NOT DIVIDED,,STRAIGHT AND LEVEL,DRY,NO DEFECTS,ON SCENE,INJURY AND / OR TOW DUE TO CRASH,,,,"OVER $1,500",07/27/2025 06:10:00 AM,FAILING TO YIELD RIGHT-OF-WAY,UNABLE TO DETERMINE,3948,W,MONTROSE AVE,1723,,,,,,,2,NONINCAPACITATING INJURY,2,0,0,2,0,0,0,6,1,7,41.9610624646,-87.7273762057,POINT (-87.727376205749 41.961062464619)
88336f5a609395b1bc349c0ee0911d31fa0c8aa3ce050b0f359e9ba38f06783e6826c18fcc622cd3c63ead9e91d7a187704f9ee97d528430a0660a69c68bb7bb,,07/27/2025 06:00:00 AM,15,NO CONTROLS,NO CONTROLS,UNKNOWN,UNKNOWN,SIDESWIPE SAME DIRECTION,ONE-WAY,,STRAIGHT AND LEVEL,UNKNOWN,UNKNOWN,NOT ON SCENE (DESK REPORT),NO INJURY / DRIVE AWAY,,,Y,"OVER $1,500",07/27/2025 08:55:00 AM,UNABLE TO DETERMINE,UNABLE TO DETERMINE,7406,S,PHILLIPS AVE,334,,,,,,,2,NO INDICATION OF INJURY,0,0,0,0,0,1,0,6,1,7,41.7606015128,-87.5649390751,POINT (-87.564939075062 41.760601512763)
fd303edaeeecb3c4bf8147853cbba2fadb76b10b44b6d6056e8fa81c5947840d024245028d3056e81d7601c0b1ccff783ff21ebe04486fb7b6234e9b6cd535d9,,07/27/2025 06:00:00 AM,30,NO CONTROLS,NO CONTROLS,UNKNOWN,UNKNOWN,PARKED MOTOR VEHICLE,OTHER,,STRAIGHT AND LEVEL,UNKNOWN,UNKNOWN,NOT ON SCENE (DESK REPORT),NO INJURY / DRIVE AWAY,,,Y,"OVER $1,500",08/03/2025 02:40:00 PM,UNABLE TO DETERMINE,NOT APPLICABLE,1315,W,18TH ST,1233,,,,,,,2,NO INDICATION OF INJURY,0,0,0,0,0,1,0,6,1,7,41.8577926492,-87.6596342606,POINT (-87.659634260608 41.857792649153)
7441f041bf7b02880152b8f01cf9167c963e84a03c421078f6a9683233ff229e9bdf909f293cc6ef7ff89d0b4267b2f644ea3f0109dcccbaaad19dc37a29e92d,,07/27/2025 05:32:00 AM,30,NO CONTROLS,NO CONTROLS,CLEAR,DAWN,TURNING,NOT DIVIDED,,STRAIGHT AND LEVEL,DRY,NO DEFECTS,ON SCENE,INJURY AND / OR TOW DUE TO CRASH,,,,"OVER $1,500",07/27/2025 05:35:00 AM,UNABLE TO DETERMINE,UNABLE TO DETERMINE,3100,W,DIVERSEY AVE,1411,,,,,,,2,NO INDICATION OF INJURY,0,0,0,0,0,2,0,5,1,7,41.9321502695,-87.7050430644,POINT (-87.705043064369 41.932150269543)
3fc4c33ad8ee0a6fc4b91da5d2432d57e8f2ca58501bf0d055918676a24daabda2d7e818532ac49a88017f1ffeb263358631ed4095cc55bba6a9145784507161,Y,07/27/2025 05:15:00 AM,35,NO CONTROLS,NO CONTROLS,CLEAR,"DARKNESS, LIGHTED ROAD",REAR END,FOUR WAY,,STRAIGHT AND LEVEL,DRY,UNKNOWN,,INJURY AND / OR TOW DUE TO CRASH,,,,"OVER $1,500",07/27/2025 05:15:00 AM,FOLLOWING TOO CLOSELY,NOT APPLICABLE,1540,N,LAKE SHORE DR SB,1824,,,,,,,2,"REPORTED, NOT EVIDENT",3,0,0,0,3,0,0,5,1,7,41.9107294973,-87.6261441101,POINT (-87.626144110087 41.910729497311)
203c8794c74cc2ea6ca64406303d120e6bad543b9ed704acc8dbeb1edda0f3684c1fd96d1fc32547dfad6f8f27b1bd7e0795da5d9b84e7b280909befcc44ae00,Y,07/27/2025 05:00:00 AM,30,NO CONTROLS,NO CONTROLS,UNKNOWN,UNKNOWN,PARKED MOTOR VEHICLE,DIVIDED - W/MEDIAN BARRIER,,STRAIGHT AND LEVEL,UNKNOWN,NO DEFECTS,ON SCENE,NO INJURY / DRIVE AWAY,,,Y,"OVER $1,500",07/27/2025 06:00:00 PM,UNABLE TO DETERMINE,IMPROPER LANE USAGE,150,N,ASHLAND AVE,1224,,,,,,,3,NO INDICATION OF INJURY,0,0,0,0,0,1,0,5,1,7,41.8848322865,-87.6670483215,POINT (-87.667048321489 41.884832286504)
8e94321280dbafdedb4fe1f96fea72bd68afa954483fdc976bd6faee663d6ae56884564768b31965919ecf355d72ceb3b8ae36cd54a80e9646cbbcb32c5b3aaf,,07/27/2025 05:00:00 AM,40,TRAFFIC SIGNAL,FUNCTIONING PROPERLY,CLEAR,DAWN,HEAD ON,CENTER TURN LANE,,STRAIGHT AND LEVEL,UNKNOWN,UNKNOWN,ON SCENE,INJURY AND / OR TOW DUE TO CRASH,Y,,,"OVER $1,500",07/27/2025 05:35:00 AM,NOT APPLICABLE,UNABLE TO DETERMINE,1801,E,130TH ST,434,,,,,,,2,"REPORTED, NOT EVIDENT",1,0,0,0,1,2,0,5,1,7,41.6593347343,-87.583169266,POINT (-87.583169265966 41.659334734341)
e0ab5d3aa8db92b9c84ca1f21bb39edb8cd120f36e34ed44fe77daa48961c8d52427bf4bbd8442622fc46eb5b854c91f0625eb8257fa5cc49b8ae83a819ba611,,07/27/2025 05:00:00 AM,15,NO CONTROLS,NO CONTROLS,CLEAR,DUSK,PEDESTRIAN,NOT DIVIDED,,STRAIGHT AND LEVEL,DRY,UNKNOWN,ON SCENE,INJURY AND / OR TOW DUE TO CRASH,,,Y,"OVER $1,500",07/27/2025 05:00:00 AM,UNABLE TO DETERMINE,UNABLE TO DETERMINE,2239,S,PRINCETON AVE,914,,,,,,,2,NONINCAPACITATING INJURY,1,0,0,1,0,1,0,5,1,7,41.8517110459,-87.6346292153,POINT (-87.634629215336 41.851711045924)
45be11d74bde090f8cf9e1ba9f9ceef4597c98304706e64bca4faa4f52b37a50a9e006d42eb7f45bacc51b1969d0617a5b5a2f2ec53dcb92f7d7541d2803bfae,,07/27/2025 04:53:00 AM,30,NO CONTROLS,NO CONTROLS,CLEAR,DAYLIGHT,PARKED MOTOR VEHICLE,NOT DIVIDED,,STRAIGHT AND LEVEL,DRY,NO DEFECTS,NOT ON SCENE (DESK REPORT),NO INJURY / DRIVE AWAY,,,Y,"$501 - $1,500",07/27/2025 01:50:00 PM,NOT APPLICABLE,NOT APPLICABLE,5005,N,MASON AVE,1622,,,,,,,2,NO INDICATION OF INJURY,0,0,0,0,0,1,0,4,1,7,41.9725068472,-87.7768831082,POINT (-87.776883108192 41.972506847197)
e5df32b2bee2f2ee7487c2f4f1c3179f87b22532bcd79b0a31978fb6b516910b71d93996a6e1629890cf4e48cb386cad6375cb94e592b32e709fc856c5a0d30d,,07/27/2025 04:45:00 AM,30,NO CONTROLS,NO CONTROLS,CLEAR,"DARKNESS, LIGHTED ROAD",TURNING,NOT DIVIDED,,STRAIGHT AND LEVEL,DRY,NO DEFECTS,ON SCENE,INJURY AND / OR TOW DUE TO CRASH,,,Y,"OVER $1,500",07/27/2025 04:45:00 AM,IMPROPER TURNING/NO SIGNAL,FAILING TO YIELD RIGHT-OF-WAY,1202,S,HOMAN AVE,1021,,,,,,,2,NONINCAPACITATING INJURY,2,0,0,2,0,1,0,4,1,7,41.8662241278,-87.7106858846,POINT (-87.710685884578 41.866224127787)
84ab8ff3c1777449caee5d8c8c2a277ef01c92c5ebd50a2041a7658d6c774a3e23444ff720401ce8224d3f5db3473977dc15f8344727f091180524e075ba214b,,07/27/2025 04:30:00 AM,30,TRAFFIC SIGNAL,FUNCTIONING PROPERLY,RAIN,"DARKNESS, LIGHTED ROAD",REAR END,NOT DIVIDED,,STRAIGHT AND LEVEL,UNKNOWN,UNKNOWN,NOT ON SCENE (DESK REPORT),NO INJURY / DRIVE AWAY,Y,,,"OVER $1,500",07/27/2025 04:53:00 AM,UNABLE TO DETERMINE,UNABLE TO DETERMINE,500,W,ROOSEVELT RD,124,,,,,,,2,NO INDICATION OF INJURY,0,0,0,0,0,2,0,4,1,7,41.8673626926,-87.6392931946,POINT (-87.639293194642 41.867362692617)
9e8f4bb66f33f4f29f88ec944b0a68ee5a280def5079c14c76ed83d816c9f2a6b45da27d25b69283c210da1ef2f7e4ce2bbca31b9e389d6528ff7651fbbeb673,,07/27/2025 04:13:00 AM,25,TRAFFIC SIGNAL,FUNCTIONING PROPERLY,CLEAR,"DARKNESS, LIGHTED ROAD",REAR END,ONE-WAY,,STRAIGHT AND LEVEL,UNKNOWN,UNKNOWN,ON SCENE,NO INJURY / DRIVE AWAY,,,,"OVER $1,500",07/27/2025 05:17:00 AM,FAILING TO REDUCE SPEED TO AVOID CRASH,NOT APPLICABLE,7452,S,LAFAYETTE AVE,731,,,,,,,2,NO INDICATION OF INJURY,0,0,0,0,0,2,0,4,1,7,41.7584132843,-87.6265265759,POINT (-87.62652657585 41.758413284318)
d385a7358f2af19241771339ca11c045e77f597accb981a669a88ff9c5b32c8d4203d9d9f5e014c74b7dc79d2a3f7add3a0c0f735a54b3bb664d245bd5fa5765,N,07/27/2025 04:06:00 AM,30,NO CONTROLS,NO CONTROLS,CLEAR,"DARKNESS, LIGHTED ROAD",PARKED MOTOR VEHICLE,DIVIDED - W/MEDIAN (NOT RAISED),,STRAIGHT AND LEVEL,DRY,NO DEFECTS,ON SCENE,INJURY AND / OR TOW DUE TO CRASH,,,,"OVER $1,500",07/27/2025 04:06:00 AM,UNDER THE INFLUENCE OF ALCOHOL/DRUGS (USE WHEN ARREST IS EFFECTED),PHYSICAL CONDITION OF DRIVER,2509,W,TOUHY AVE,2411,,,,,,,6,NO INDICATION OF INJURY,0,0,0,0,0,1,0,4,1,7,42.0121054826,-87.6932262777,POINT (-87.693226277669 42.012105482644)
a8e0a932249b38ce750e7bc1aa2e535f0a4d2cce5c63ba96cf2f9d5944620576e4452ec9f8f8ed5226c59c1803ec411bc277177541a19e27bf5457bd9490e22d,,07/27/2025 04:00:00 AM,30,NO CONTROLS,NO CONTROLS,CLEAR,DAWN,TURNING,FOUR WAY,,STRAIGHT AND LEVEL,DRY,NO DEFECTS,,NO INJURY / DRIVE AWAY,,,,$500 OR LESS,07/27/2025 05:00:00 AM,DRIVING SKILLS/KNOWLEDGE/EXPERIENCE,NOT APPLICABLE,3833,W,LAWRENCE AVE,1723,,,,,,,2,NO INDICATION OF INJURY,0,0,0,0,0,7,0,4,1,7,41.9681702066,-87.7245221314,POINT (-87.724522131353 41.968170206558)
29238f9447d97940020336efda1c45e466421beaba3672b49821f7f8355274231e037ae87ab8c8ee1369a3c667978f44f8229c8844fa9e006b6ec518194c2144,,07/27/2025 03:50:00 AM,30,TRAFFIC SIGNAL,FUNCTIONING PROPERLY,CLEAR,"DARKNESS, LIGHTED ROAD",ANGLE,NOT DIVIDED,,STRAIGHT AND LEVEL,DRY,NO DEFECTS,,INJURY AND / OR TOW DUE TO CRASH,Y,,,"OVER $1,500",07/27/2025 03:52:00 AM,DISREGARDING TRAFFIC SIGNALS,UNABLE TO DETERMINE,3800,W,LAKE ST,1122,,,,,,,2,FATAL,4,1,2,1,0,2,0,3,1,7,41.8853182356,-87.7209868523,POINT (-87.720986852264 41.885318235642)
1eb532bc9cfa2ea3ffd7fb9e0388058687cd56266a54c26d6fd16fd8638cd48bc75ba96114a6ac34b7aab270b740191d9bb05fbf75cd8ca5f8ca307463d749e8,,07/27/2025 03:43:00 AM,30,NO CONTROLS,NO CONTROLS,CLEAR,DAYLIGHT,REAR END,NOT DIVIDED,,STRAIGHT AND LEVEL,DRY,NO DEFECTS,ON SCENE,INJURY AND / OR TOW DUE TO CRASH,,,Y,"OVER $1,500",07/27/2025 05:14:00 AM,UNABLE TO DETERMINE,NOT APPLICABLE,4900,S,ARCHER AVE,821,,,,,,,2,NO INDICATION OF INJURY,0,0,0,0,0,4,0,3,1,7,41.8042552812,-87.7205029224,POINT (-87.720502922447 41.804255281198)
f2cd7dadbeefd347b54db63e592ea7e25027adada4f616f570d9e00b1fbab1bd463664d9fb0e3538741208c405b42c0f5ec80bd49e42c4d7c0e8027390ab1906,,07/27/2025 03:42:00 AM,20,NO CONTROLS,NO CONTROLS,CLEAR,"DARKNESS, LIGHTED ROAD",PARKED MOTOR VEHICLE,ONE-WAY,,STRAIGHT AND LEVEL,UNKNOWN,UNKNOWN,,NO INJURY / DRIVE AWAY,,,Y,"OVER $1,500",07/27/2025 09:57:00 AM,IMPROPER LANE USAGE,IMPROPER LANE USAGE,1737,S,RUBLE ST,1235,Y,,,,,,3,NO INDICATION OF INJURY,0,0,0,0,0,2,0,3,1,7,41.858074811,-87.6436540712,POINT (-87.643654071211 41.858074810978)
7adda526ad6125328b22450edcb4564f774b5d783973395ac7a60bf612a35316853516c70331c5cd49e3431c6558b4450b76561d7c15db29ebe5edcc74cd8a7e,Y,07/27/2025 03:32:00 AM,30,NO CONTROLS,OTHER,CLEAR,"DARKNESS, LIGHTED ROAD",PARKED MOTOR VEHICLE,NOT DIVIDED,,STRAIGHT AND LEVEL,DRY,NO DEFECTS,ON SCENE,NO INJURY / DRIVE AWAY,,,Y,$500 OR LESS,07/27/2025 03:40:00 AM,UNABLE TO DETERMINE,UNABLE TO DETERMINE,4699,S,ROCKWELL ST,922,,Y,,,,,4,NO INDICATION OF INJURY,0,0,0,0,0,1,0,3,1,7,41.8084076222,-87.6891779892,POINT (-87.689177989153 41.80840762224)
09c88bd10ef6294a34399c70545c8e27ae7265828e07676b4c79705e0cbcdf99f3667aaf26bfbd82c083f57c74c48f01c9aafd0e68f006045c7e0ade4443f04d,,07/27/2025 03:30:00 AM,30,STOP SIGN/FLASHER,FUNCTIONING PROPERLY,CLEAR,"DARKNESS, LIGHTED ROAD",TURNING,FOUR WAY,,STRAIGHT AND LEVEL,DRY,NO DEFECTS,ON SCENE,INJURY AND / OR TOW DUE TO CRASH,Y,,,"OVER $1,500",07/27/2025 03:53:00 AM,FAILING TO YIELD RIGHT-OF-WAY,NOT APPLICABLE,4699,W,CHICAGO AVE,1111,,,,,,,2,NONINCAPACITATING INJURY,2,0,0,2,0,1,0,3,1,7,41.8949392429,-87.7434195146,POINT (-87.743419514566 41.894939242912)
3e5b8cd840568f59984ef84641e4977c7daf5f5ccf1b9c93551acd6cac67e3c2becf60df95e61b92f97b9b595ee876b757edf479138e1201506e921bf7e153a4,,07/27/2025 03:30:00 AM,30,TRAFFIC SIGNAL,FUNCTIONING PROPERLY,CLEAR,"DARKNESS, LIGHTED ROAD",TURNING,NOT DIVIDED,,STRAIGHT AND LEVEL,DRY,NO DEFECTS,NOT ON SCENE (DESK REPORT),NO INJURY / DRIVE AWAY,,,Y,"OVER $1,500",07/27/2025 11:00:00 PM,UNABLE TO DETERMINE,NOT APPLICABLE,4647,S,PULASKI RD,821,,,,,,,2,NO INDICATION OF INJURY,0,0,0,0,0,2,0,3,1,7,41.8083165158,-87.7234539584,POINT (-87.723453958366 41.808316515756)
69978069b115a66fe2bba8cdebb5e830a11983cf05516f5497adf9bca8990d0adad754fb5fb5ea6c9f2a2de23ce7f73b2b8d7cbb16ef1815e44a48cd1fd96d4a,,07/27/2025 03:20:00 AM,30,NO CONTROLS,NO CONTROLS,CLEAR,"DARKNESS, LIGHTED ROAD",SIDESWIPE SAME DIRECTION,DIVIDED - W/MEDIAN (NOT RAISED),,STRAIGHT AND LEVEL,DRY,NO DEFECTS,ON SCENE,NO INJURY / DRIVE AWAY,,,N,"OVER $1,500",07/27/2025 03:25:00 AM,IMPROPER OVERTAKING/PASSING,NOT APPLICABLE,3500,N,CLARK ST,1924,,,,,,,2,NO INDICATION OF INJURY,0,0,0,0,0,2,0,3,1,7,41.945592917,-87.6553914759,POINT (-87.655391475929 41.945592917045)
fdfa49276db6620526ab09d98498c9a95457275a4944c6e8175416a597c853a8400f6f4b0d1ec16b9d4658876b8a80f1e27e2da9f84dea4aea163667c1628330,,07/27/2025 03:20:00 AM,30,NO CONTROLS,NO CONTROLS,CLEAR,"DARKNESS, LIGHTED ROAD",FIXED OBJECT,NOT DIVIDED,,STRAIGHT AND LEVEL,DRY,NO DEFECTS,ON SCENE,INJURY AND / OR TOW DUE TO CRASH,,,,"OVER $1,500",07/27/2025 03:30:00 AM,"EVASIVE ACTION DUE TO ANIMAL, OBJECT, NONMOTORIST",NOT APPLICABLE,3855,S,WESTERN AVE,911,,,,,,,1,NO INDICATION OF INJURY,0,0,0,0,0,1,0,3,1,7,41.8231468746,-87.6847498429,POINT (-87.684749842909 41.823146874649)
0491e06e30e2cde122cfbab9355a3ad18687e967d5c8b653cd314db464fa110bc7d642dc405ff084107d8f01919e5df943c2d313ecba1b67ff8a67174d9e4afe,Y,07/27/2025 03:00:00 AM,5,NO CONTROLS,NO CONTROLS,UNKNOWN,"DARKNESS, LIGHTED ROAD",PARKED MOTOR VEHICLE,PARKING LOT,,STRAIGHT AND LEVEL,UNKNOWN,UNKNOWN,NOT ON SCENE (DESK REPORT),NO INJURY / DRIVE AWAY,,,Y,"OVER $1,500",07/28/2025 08:30:00 PM,UNABLE TO DETERMINE,NOT APPLICABLE,10000,W,OHARE ST,1651,,,,,,,2,NO INDICATION OF INJURY,0,0,0,0,0,1,0,3,1,7,41.976201139,-87.9053091251,POINT (-87.905309125103 41.976201139024)
aa06229330cd3a672328796f9edfd3dbc3016fcc5482e8a9916d0ba6ebf4108ed0696d5f20270fe2fba2aaf6cf7fc8938928954f1c8692f08cb4de3a8a604c60,,07/27/2025 03:00:00 AM,30,NO CONTROLS,NO CONTROLS,CLEAR,"DARKNESS, LIGHTED ROAD",PARKED MOTOR VEHICLE,NOT DIVIDED,,STRAIGHT AND LEVEL,DRY,NO DEFECTS,NOT ON SCENE (DESK REPORT),NO INJURY / DRIVE AWAY,,,Y,$500 OR LESS,07/27/2025 05:20:00 AM,UNABLE TO DETERMINE,UNABLE TO DETERMINE,4216,W,63RD ST,813,,,,,,,2,NO INDICATION OF INJURY,0,0,0,0,0,1,0,3,1,7,41.7786994751,-87.7284390886,POINT (-87.72843908856 41.778699475135)
d338de3bc3d12dba33409a1dcdfb70456389c6326a6c6761207d3d0ddb65affb0a6f3d49044259ba40fdbc1fed56233902d3555f0af04c6bc471c68626392b31,Y,07/27/2025 03:00:00 AM,30,TRAFFIC SIGNAL,FUNCTIONING PROPERLY,CLEAR,DARKNESS,REAR END,NOT DIVIDED,,STRAIGHT AND LEVEL,DRY,UNKNOWN,NOT ON SCENE (DESK REPORT),NO INJURY / DRIVE AWAY,N,,N,"OVER $1,500",07/28/2025 03:00:00 PM,UNABLE TO DETERMINE,UNABLE TO DETERMINE,730,S,CICERO AVE,1533,,,,,,,2,NO INDICATION OF INJURY,0,0,0,0,0,3,0,3,1,7,41.8712425303,-87.7450728344,POINT (-87.745072834363 41.871242530263)
0a02091e55d0686b23a085b3f8eaedba7e1a5cbb9d735f579a339edde2ca1e9ce8e198845c30097080680cd50401fd3254ec06ee49d60a87c925c056d7652de0,,07/27/2025 02:46:00 AM,35,TRAFFIC SIGNAL,FUNCTIONING PROPERLY,CLEAR,"DARKNESS, LIGHTED ROAD",TURNING,FOUR WAY,,STRAIGHT AND LEVEL,DRY,NO DEFECTS,NOT ON SCENE (DESK REPORT),NO INJURY / DRIVE AWAY,Y,,,"OVER $1,500",07/27/2025 04:42:00 AM,UNABLE TO DETERMINE,NOT APPLICABLE,999,N,MICHIGAN AVE,1833,,,,,,,2,NO INDICATION OF INJURY,0,0,0,0,0,3,0,2,1,7,41.9007588511,-87.6239842545,POINT (-87.623984254519 41.900758851116)
1ff482843fac8d8133e996bfc6efe875f31fe48c36d920760c6c11ef1c6651f5c9f0a3523c2880ea449b5b4151415d50c74fb2af05a6910c4c35764ff4dfef0b,,07/27/2025 02:30:00 AM,20,TRAFFIC SIGNAL,FUNCTIONING PROPERLY,CLEAR,"DARKNESS, LIGHTED ROAD",PEDALCYCLIST,DIVIDED - W/MEDIAN (NOT RAISED),,STRAIGHT AND LEVEL,DRY,NO DEFECTS,NOT ON SCENE (DESK REPORT),NO INJURY / DRIVE AWAY,,,,"OVER $1,500",07/29/2025 08:30:00 PM,FAILING TO YIELD RIGHT-OF-WAY,UNABLE TO DETERMINE,755,W,LAWRENCE AVE,1914,,,,,,,2,NO INDICATION OF INJURY,0,0,0,0,0,2,0,2,1,7,41.9690524754,-87.6497886761,POINT (-87.649788676054 41.969052475381)
60e0e841d15a064c5c0633009a943b52b0a61ce122c6f5eca82f165163fa46be35d7a2a3ce848c534b97a1bc570794206b51c91100fe4b93e30972b3c3b12cc2,,07/27/2025 02:30:00 AM,30,UNKNOWN,UNKNOWN,CLEAR,"DARKNESS, LIGHTED ROAD",SIDESWIPE SAME DIRECTION,ONE-WAY,,STRAIGHT AND LEVEL,UNKNOWN,UNKNOWN,NOT ON SCENE (DESK REPORT),NO INJURY / DRIVE AWAY,,,Y,"OVER $1,500",07/27/2025 02:59:00 AM,UNABLE TO DETERMINE,UNABLE TO DETERMINE,9453,S,STONY ISLAND AVE,413,,,,,,,2,NO INDICATION OF INJURY,0,0,0,0,0,2,0,2,1,7,41.7225466612,-87.5849957057,POINT (-87.584995705687 41.722546661223)
9777962372a795b09eaf2af75c287cb7d4c91636e19233acdf5c3da937a3cf722e4cf5a39dec561276daaef95abc3f41e182f6d21a978900e017b38737d1261e,,07/27/2025 02:30:00 AM,30,NO CONTROLS,NO CONTROLS,CLEAR,DARKNESS,FIXED OBJECT,NOT DIVIDED,,STRAIGHT AND LEVEL,DRY,NO DEFECTS,ON SCENE,NO INJURY / DRIVE AWAY,,,Y,"OVER $1,500",07/27/2025 03:05:00 AM,UNABLE TO DETERMINE,UNABLE TO DETERMINE,1919,N,CICERO AVE,2533,,,,,,,1,NO INDICATION OF INJURY,0,0,0,0,0,1,0,2,1,7,41.9157101456,-87.7459077545,POINT (-87.745907754514 41.915710145553)
99848b4ab65325535db513469a2730f095efb2bc5963c2b26d90da8b6bcb02b3a83662c42cfa44959831395f15233b9a6b8f1bf1f6b89b8bd19c47c4b9b57d19,,07/27/2025 02:30:00 AM,30,UNKNOWN,UNKNOWN,CLEAR,"DARKNESS, LIGHTED ROAD",TURNING,ONE-WAY,,STRAIGHT AND LEVEL,UNKNOWN,UNKNOWN,NOT ON SCENE (DESK REPORT),NO INJURY / DRIVE AWAY,,,,"OVER $1,500",07/27/2025 03:45:00 AM,IMPROPER TURNING/NO SIGNAL,IMPROPER OVERTAKING/PASSING,2,E,69TH ST,322,,,,,,,2,NO INDICATION OF INJURY,0,0,0,0,0,2,0,2,1,7,41.7693047083,-87.6248672274,POINT (-87.624867227366 41.769304708276)