CRASH_RECORD_ID,CRASH_DATE_EST_I,CRASH_DATE,POSTED_SPEED_LIMIT,TRAFFIC_CONTROL_DEVICE,DEVICE_CONDITION,WEATHER_CONDITION,LIGHTING_CONDITION,FIRST_CRASH_TYPE,TRAFFICWAY_TYPE,LANE_CNT,ALIGNMENT,ROADWAY_SURFACE_COND,ROAD_DEFECT,REPORT_TYPE,CRASH_TYPE,INTERSECTION_RELATED_I,NOT_RIGHT_OF_WAY_I,HIT_AND_RUN_I,DAMAGE,DATE_POLICE_NOTIFIED,PRIM_CONTRIBUTORY_CAUSE,SEC_CONTRIBUTORY_CAUSE,STREET_NO,STREET_DIRECTION,STREET_NAME,BEAT_OF_OCCURRENCE,PHOTOS_TAKEN_I,STATEMENTS_TAKEN_I,DOORING_I,WORK_ZONE_I,WORK_ZONE_TYPE,WORKERS_PRESENT_I,NUM_UNITS,MOST_SEVERE_INJURY,INJURIES_TOTAL,INJURIES_FATAL,INJURIES_INCAPACITATING,INJURIES_NON_INCAPACITATING,INJURIES_REPORTED_NOT_EVIDENT,INJURIES_NO_INDICATION,INJURIES_UNKNOWN,CRASH_HOUR,CRASH_DAY_OF_WEEK,CRASH_MONTH,LATITUDE,LONGITUDE,LOCATION
b990d7ac196ba32a729c6c976a969ee20beb10971ab74a1d931aa6e247bc73622b832402bffed34dc7574a07d765a7120b62425c9eb263bf7fc967c409c680d8,,07/27/2025 02:21:00 AM,30,NO CONTROLS,NO CONTROLS,CLEAR,"DARKNESS, LIGHTED ROAD",FIXED OBJECT,PARKING LOT,,STRAIGHT AND LEVEL,DRY,NO DEFECTS,ON SCENE,NO INJURY / DRIVE AWAY,,,Y,"$501 - $1,500",07/27/2025 02:21:00 AM,UNABLE TO DETERMINE,NOT APPLICABLE,2158,N,LONG AVE,2515,,,,,,,1,NO INDICATION OF INJURY,0,0,0,0,0,1,0,2,1,7,41.9203038876,-87.7610929714,POINT (-87.761092971389 41.920303887609)
04a0f15131239999722a96d2523bb6eee361d0ab5917a6038803132d37abe937a89b367a0d821e2a4af6da862eafae3a20890b0c9a271c22bc6e941cb57600bd,,07/27/2025 02:20:00 AM,30,TRAFFIC SIGNAL,FUNCTIONING PROPERLY,CLEAR,"DARKNESS, LIGHTED ROAD",HEAD ON,NOT DIVIDED,,STRAIGHT AND LEVEL,DRY,NO DEFECTS,ON SCENE,NO INJURY / DRIVE AWAY,,,,"OVER $1,500",07/27/2025 02:20:00 AM,IMPROPER OVERTAKING/PASSING,NOT APPLICABLE,812,S,KOSTNER AVE,1131,,,,,,,2,NO INDICATION OF INJURY,0,0,0,0,0,3,0,2,1,7,41.8703160503,-87.7352589434,POINT (-87.735258943367 41.870316050323)
41dcd70f5c1a9aede7dd205389f08fe8c4d78cd252116be3d497ef0fe13a979890f4167ffdc6bc4844440f1167fce387cd7b0b84d8e831aa96b453a9e3b2f9d6,,07/27/2025 02:16:00 AM,30,TRAFFIC SIGNAL,UNKNOWN,CLEAR,"DARKNESS, LIGHTED ROAD",REAR END,FOUR WAY,,STRAIGHT AND LEVEL,DRY,NO DEFECTS,ON SCENE,NO INJURY / DRIVE AWAY,,,,"OVER $1,500",07/27/2025 02:16:00 AM,UNDER THE INFLUENCE OF ALCOHOL/DRUGS (USE WHEN ARREST IS EFFECTED),NOT APPLICABLE,2500,S,CALIFORNIA AVE,1033,,,,,,,2,NO INDICATION OF INJURY,0,0,0,0,0,3,0,2,1,7,41.8464007185,-87.6954163188,POINT (-87.695416318771 41.846400718513)
d03a683b4991c349da83eb3ea21abeb195355b07aecc9b127a1dd783e34972c4045cb910b8eb9d096d903b30766369fcae8a873c54f07bd98c9916091536e785,,07/27/2025 02:08:00 AM,30,TRAFFIC SIGNAL,FUNCTIONING PROPERLY,CLEAR,"DARKNESS, LIGHTED ROAD",REAR END,DIVIDED - W/MEDIAN (NOT RAISED),,STRAIGHT AND LEVEL,DRY,NO DEFECTS,ON SCENE,NO INJURY / DRIVE AWAY,,,,"OVER $1,500",07/27/2025 02:09:00 AM,FAILING TO REDUCE SPEED TO AVOID CRASH,UNABLE TO DETERMINE,1969,N,MILWAUKEE AVE,1434,,Y,,,,,2,NO INDICATION OF INJURY,0,0,0,0,0,2,0,2,1,7,41.9173447332,-87.6880183438,POINT (-87.688018343766 41.917344733162)
142bbb8e9c9e10e8d2a146f2722c70d8f98063bce15c2e2cf1c10b80d54498b1b0cc8b4f65393b9810157164992753c026bc9eecedaa2a73b4e20bf0737ed767,,07/27/2025 02:00:00 AM,30,STOP SIGN/FLASHER,FUNCTIONING PROPERLY,CLEAR,"DARKNESS, LIGHTED ROAD",ANGLE,FOUR WAY,,STRAIGHT AND LEVEL,DRY,NO DEFECTS,NOT ON SCENE (DESK REPORT),NO INJURY / DRIVE AWAY,,,Y,"OVER $1,500",07/27/2025 08:45:00 AM,UNABLE TO DETERMINE,NOT APPLICABLE,2833,N,LOCKWOOD AVE,2514,,,,,,,2,NO INDICATION OF INJURY,0,0,0,0,0,2,0,2,1,7,41.9323938155,-87.7587507523,POINT (-87.75875075227 41.932393815481)
859db1aa32f83579cb095b0cba4df6551927133f4a572cea8305a8bde027d525f5807d8f3e23738e0456c5fae16f4985783f7da8bc8460bf6b7b96890e8b08e9,Y,07/27/2025 02:00:00 AM,30,NO CONTROLS,NO CONTROLS,UNKNOWN,"DARKNESS, LIGHTED ROAD",PARKED MOTOR VEHICLE,ONE-WAY,,STRAIGHT AND LEVEL,UNKNOWN,UNKNOWN,NOT ON SCENE (DESK REPORT),NO INJURY / DRIVE AWAY,,,Y,"OVER $1,500",07/27/2025 07:45:00 PM,UNABLE TO DETERMINE,UNABLE TO DETERMINE,8422,S,DANTE AVE,412,,,,,,,3,NO INDICATION OF INJURY,0,0,0,0,0,1,0,2,1,7,41.7416173928,-87.5893225491,POINT (-87.589322549075 41.741617392756)
b90d601fb4ead79bf7bb59212f1d3830da5c4a8f1aede0b2dd12007f2afd0a6d3bd8f191d36e24dddd06c3c69fd3b22adb1ebf598622db8fd5077baaf318fff9,,07/27/2025 02:00:00 AM,30,STOP SIGN/FLASHER,FUNCTIONING PROPERLY,UNKNOWN,"DARKNESS, LIGHTED ROAD",ANGLE,TRAFFIC ROUTE,,STRAIGHT AND LEVEL,UNKNOWN,NO DEFECTS,NOT ON SCENE (DESK REPORT),NO INJURY / DRIVE AWAY,Y,,Y,"OVER $1,500",07/28/2025 03:42:00 PM,UNABLE TO DETERMINE,NOT APPLICABLE,4800,W,VAN BUREN ST,1533,,,,,,,2,NO INDICATION OF INJURY,0,0,0,0,0,3,0,2,1,7,41.875096334,-87.7451447787,POINT (-87.745144778663 41.875096333972)
2a217b3c5d24f67d3b845134b4a0e69a139960200eb0428bc3d44e23a0abc21bdfb3a3a99c9a647c094cd3197a57f288e973cdfbec6e33f1bd9bd2ede6bd0859,,07/27/2025 01:50:00 AM,35,NO CONTROLS,NO CONTROLS,CLEAR,"DARKNESS, LIGHTED ROAD",TURNING,DIVIDED - W/MEDIAN BARRIER,,STRAIGHT AND LEVEL,DRY,UNKNOWN,ON SCENE,INJURY AND / OR TOW DUE TO CRASH,,,,"OVER $1,500",07/27/2025 02:00:00 AM,IMPROPER OVERTAKING/PASSING,NOT APPLICABLE,810,W,KINZIE ST,1214,,,,,,,2,NONINCAPACITATING INJURY,1,0,0,1,0,1,0,1,1,7,41.8891548487,-87.6479786155,POINT (-87.647978615504 41.889154848698)
b43fe01ce10135a2dfc2b23ac1f396f5db880f027a9b749cfe8abffb65284b12da84898702dff486fa8a73c89db49e0aa299fe5885c1ec2c7780147a110616ca,,07/27/2025 01:40:00 AM,30,STOP SIGN/FLASHER,FUNCTIONING PROPERLY,CLEAR,"DARKNESS, LIGHTED ROAD",ANGLE,FOUR WAY,,STRAIGHT AND LEVEL,DRY,UNKNOWN,NOT ON SCENE (DESK REPORT),INJURY AND / OR TOW DUE TO CRASH,Y,,,"OVER $1,500",07/27/2025 01:40:00 AM,UNABLE TO DETERMINE,NOT APPLICABLE,628,E,76TH ST,624,,,,,,,2,"REPORTED, NOT EVIDENT",1,0,0,0,1,1,0,1,1,7,41.7568001698,-87.6090694537,POINT (-87.609069453693 41.756800169818)
b7006aed291f4c51d5a857891891cf1d8ae1210131c4a8b03a3d5fa806498ea49101b4173c0b9a94301ba3c8c3c1763bf8cae6955f33ca69dda9a05860514796,,07/27/2025 01:40:00 AM,30,NO CONTROLS,NO CONTROLS,UNKNOWN,"DARKNESS, LIGHTED ROAD",ANGLE,ONE-WAY,,STRAIGHT AND LEVEL,UNKNOWN,UNKNOWN,NOT ON SCENE (DESK REPORT),NO INJURY / DRIVE AWAY,,,Y,"$501 - $1,500",07/27/2025 02:50:00 AM,FAILING TO REDUCE SPEED TO AVOID CRASH,NOT APPLICABLE,744,W,BUCKINGHAM PL,1925,,,,,,,2,NO INDICATION OF INJURY,0,0,0,0,0,2,0,1,1,7,41.9428266503,-87.6487399231,POINT (-87.648739923116 41.942826650308)
a22ae58af296d290d3b396eacb2f8cd87e1d1dfe1315f1a2080c52090194510ba10c89c9a29c141b74ee52e0fd96d01a24d8f8209f09d52012836a25563c0299,,07/27/2025 01:30:00 AM,45,NO CONTROLS,NO CONTROLS,CLEAR,"DARKNESS, LIGHTED ROAD",PARKED MOTOR VEHICLE,DIVIDED - W/MEDIAN BARRIER,,STRAIGHT AND LEVEL,DRY,NO DEFECTS,ON SCENE,INJURY AND / OR TOW DUE TO CRASH,,,,"OVER $1,500",07/27/2025 04:45:00 AM,UNABLE TO DETERMINE,NOT APPLICABLE,3900,S,LAKE SHORE DR SB,212,,,,,,,2,NO INDICATION OF INJURY,0,0,0,0,0,1,0,1,1,7,41.825882585,-87.6009718542,POINT (-87.600971854237 41.825882585011)
0b43c7917eeaf7eb9edf2d21293c2e591d1e00db27f66cf6d0093b659ad2531662b238a1119bdbb8fa8e53d0830ba9a42d0552250d7407d1caed01ad4099769a,,07/27/2025 01:27:00 AM,30,NO CONTROLS,NO CONTROLS,CLEAR,"DARKNESS, LIGHTED ROAD",FIXED OBJECT,DIVIDED - W/MEDIAN BARRIER,,STRAIGHT AND LEVEL,DRY,NO DEFECTS,ON SCENE,INJURY AND / OR TOW DUE TO CRASH,,,,"OVER $1,500",07/27/2025 01:34:00 AM,UNABLE TO DETERMINE,NOT APPLICABLE,5300,S,LAKE SHORE DR SB,234,,,,,,,1,NO INDICATION OF INJURY,0,0,0,0,0,1,0,1,1,7,41.7995693995,-87.5815490603,POINT (-87.581549060329 41.7995693995)
1228fe4ca4314a5057697461c42f47de704b185ae6d0b0541cd020a4f2e57fbf5c5a64cc02cf40b1ca8f88574620e560c5e82d2561c8d7c9f8e361be223d2858,,07/27/2025 01:23:00 AM,30,TRAFFIC SIGNAL,FUNCTIONING PROPERLY,CLEAR,DAWN,REAR END,NOT DIVIDED,,STRAIGHT AND LEVEL,DRY,NO DEFECTS,ON SCENE,NO INJURY / DRIVE AWAY,,,,"OVER $1,500",07/27/2025 01:24:00 AM,DISTRACTION - FROM INSIDE VEHICLE,NOT APPLICABLE,7600,S,DR MARTIN LUTHER KING JR DR,623,,,,,,,2,NO INDICATION OF INJURY,0,0,0,0,0,2,0,1,1,7,41.7564901494,-87.6152267936,POINT (-87.61522679361 41.756490149368)
3d0f1230369ea73c56bc486ad1d4a078591466f38217ef4e6e12b8e2547a991959747a72bbffd39513b02caddf0e9870705ec792f78f259fb37afab0b13adb80,,07/27/2025 01:23:00 AM,30,NO CONTROLS,NO CONTROLS,CLEAR,"DARKNESS, LIGHTED ROAD",SIDESWIPE SAME DIRECTION,NOT DIVIDED,,STRAIGHT AND LEVEL,DRY,NO DEFECTS,ON SCENE,NO INJURY / DRIVE AWAY,,,Y,"OVER $1,500",07/27/2025 01:24:00 AM,FAILING TO YIELD RIGHT-OF-WAY,NOT APPLICABLE,3231,N,HALSTED ST,1925,,,,,,,2,NO INDICATION OF INJURY,0,0,0,0,0,2,0,1,1,7,41.9408522144,-87.6491473557,POINT (-87.649147355663 41.940852214437)
74e883204ddd822ff387dd90504ebceea4d38c398f607d69e45c3e599ede67bf900b2fa7b2e1530790c2e730800c4aa66264f85f2728738930e9183d827a47c4,,07/27/2025 01:00:00 AM,30,NO CONTROLS,NO CONTROLS,UNKNOWN,DARKNESS,PARKED MOTOR VEHICLE,NOT DIVIDED,,STRAIGHT AND LEVEL,UNKNOWN,UNKNOWN,NOT ON SCENE (DESK REPORT),INJURY AND / OR TOW DUE TO CRASH,,,,"OVER $1,500",07/28/2025 05:37:00 PM,UNABLE TO DETERMINE,UNABLE TO DETERMINE,237,N,PULASKI RD,1122,,,,,,,2,NO INDICATION OF INJURY,0,0,0,0,0,4,0,1,1,7,41.8839911432,-87.7256158248,POINT (-87.725615824754 41.883991143229)
98f0ff1450dbe0677bf1cdbe0cd82b8dc48cfcdee209f923c4caed3ff440b7790799eaf73ef8704810f59a63930ec1b61dd5f8c95df70ef2a1f0ece934b69f39,,07/27/2025 01:00:00 AM,20,NO CONTROLS,NO CONTROLS,CLEAR,"DARKNESS, LIGHTED ROAD",PARKED MOTOR VEHICLE,NOT DIVIDED,,STRAIGHT AND LEVEL,DRY,NO DEFECTS,NOT ON SCENE (DESK REPORT),NO INJURY / DRIVE AWAY,,,Y,"OVER $1,500",07/28/2025 08:30:00 AM,UNABLE TO DETERMINE,NOT APPLICABLE,5906,W,DICKENS AVE,2515,,,,,,,2,NO INDICATION OF INJURY,0,0,0,0,0,1,0,1,1,7,41.9180516553,-87.773376894,POINT (-87.773376894029 41.918051655332)
bb42e0efb6fe6a97726d101c7afba4b193ed267ee2ba3702a7dc29719e5e2a75cbcfa3475c2a753a56932f5d96aa56613079ca804eb042ba1cc2cbf092050797,,07/27/2025 01:00:00 AM,20,NO CONTROLS,NO CONTROLS,CLEAR,"DARKNESS, LIGHTED ROAD",PARKED MOTOR VEHICLE,NOT DIVIDED,,STRAIGHT AND LEVEL,DRY,NO DEFECTS,NOT ON SCENE (DESK REPORT),NO INJURY / DRIVE AWAY,,,Y,"OVER $1,500",07/27/2025 12:00:00 PM,UNABLE TO DETERMINE,NOT APPLICABLE,2148,N,NEWLAND AVE,2512,,,,,,,2,NO INDICATION OF INJURY,0,0,0,0,0,1,0,1,1,7,41.9195523719,-87.7989272308,POINT (-87.798927230823 41.919552371873)
309fe65dd56018f868e198f6663f40f43e6aca5db684cbaa199f97de9376606c66c047c06a806fe95e2fce324a5016325204c068c229c4cf4d84927b47bdf1f3,,07/27/2025 12:43:00 AM,30,NO CONTROLS,NO CONTROLS,CLEAR,"DARKNESS, LIGHTED ROAD",SIDESWIPE OPPOSITE DIRECTION,NOT DIVIDED,,STRAIGHT AND LEVEL,DRY,NO DEFECTS,ON SCENE,NO INJURY / DRIVE AWAY,,,Y,"OVER $1,500",07/27/2025 12:55:00 AM,UNABLE TO DETERMINE,UNABLE TO DETERMINE,2121,S,ALLPORT ST,1235,,,,,,,2,NO INDICATION OF INJURY,0,0,0,0,0,2,0,0,1,7,41.853646079,-87.6573767488,POINT (-87.657376748844 41.853646078963)
586702e36bec683fd7a172140d96fd1518126e7a1a545a65fa8ddef385755931664a4642cb961ac178e6c80723ba9f53c0a1c7b99f52069ceb6836c3182f8870,,07/27/2025 12:27:00 AM,30,NO CONTROLS,NO CONTROLS,CLEAR,"DARKNESS, LIGHTED ROAD",REAR END,PARKING LOT,,STRAIGHT AND LEVEL,DRY,NO DEFECTS,ON SCENE,NO INJURY / DRIVE AWAY,,,,"$501 - $1,500",07/27/2025 12:29:00 AM,DRIVING SKILLS/KNOWLEDGE/EXPERIENCE,FOLLOWING TOO CLOSELY,5130,N,SHERIDAN RD,2024,,,,,,,2,NO INDICATION OF INJURY,0,0,0,0,0,2,0,0,1,7,41.9762830559,-87.6551477688,POINT (-87.65514776883 41.976283055914)
dc04134790c682e6e0d321bc4972c1557d9ed50e71c5edb51f81efe49db1ac8e76a6a4e7611c9eb5458a7d9134a5abe638f21a3184273bdf9cff24484ba41685,,07/27/2025 12:22:00 AM,30,NO CONTROLS,NO CONTROLS,CLEAR,"DARKNESS, LIGHTED ROAD",PARKED MOTOR VEHICLE,DIVIDED - W/MEDIAN (NOT RAISED),,STRAIGHT AND LEVEL,DRY,NO DEFECTS,ON SCENE,INJURY AND / OR TOW DUE TO CRASH,,,,"$501 - $1,500",07/27/2025 12:25:00 AM,FAILING TO YIELD RIGHT-OF-WAY,DRIVING SKILLS/KNOWLEDGE/EXPERIENCE,1147,N,PULASKI RD,1112,,,,,,,2,NO INDICATION OF INJURY,0,0,0,0,0,1,0,0,1,7,41.902199348,-87.7261416235,POINT (-87.726141623518 41.902199347996)
76b4f5c0da98652c96591b0c30acf601df364148b7c3beae5cf9eccb12221c0657da20d60775c0b97b6e2c2f19cdab185e94d79c8df6cbb89cbaa8fc9c827010,,07/27/2025 12:16:00 AM,30,NO CONTROLS,NO CONTROLS,CLEAR,"DARKNESS, LIGHTED ROAD",SIDESWIPE OPPOSITE DIRECTION,NOT DIVIDED,,STRAIGHT AND LEVEL,DRY,NO DEFECTS,ON SCENE,INJURY AND / OR TOW DUE TO CRASH,,,,"OVER $1,500",07/27/2025 12:16:00 AM,IMPROPER OVERTAKING/PASSING,IMPROPER LANE USAGE,4442,S,WESTERN AVE,922,,N,,,,,3,NO INDICATION OF INJURY,0,0,0,0,0,2,0,0,1,7,41.8126044276,-87.6846944141,POINT (-87.684694414084 41.812604427635)
d64efa78ae2d082b1fc5a73e8d9a835597b61b4df0fa220437cf25dd0889a3a26a0b4db50fecb84dd092eecb81482696913fd93f54a94909815d2272f5d28005,,07/27/2025 12:10:00 AM,30,TRAFFIC SIGNAL,FUNCTIONING PROPERLY,CLEAR,"DARKNESS, LIGHTED ROAD",TURNING,FOUR WAY,,STRAIGHT AND LEVEL,DRY,NO DEFECTS,ON SCENE,INJURY AND / OR TOW DUE TO CRASH,,,,"OVER $1,500",07/27/2025 12:10:00 AM,UNABLE TO DETERMINE,NOT APPLICABLE,3501,W,63RD ST,823,,,,,,,2,NONINCAPACITATING INJURY,1,0,0,1,0,2,0,0,1,7,41.778742106,-87.7105230123,POINT (-87.710523012264 41.778742106034)
7237fd00329be45dba0f559d856b755774daf65ff00f9ba3dd5dc01dc5b96b7715a0dff4d5e0731c65f37876a6fc350edcce7bd5980dab6bdf7342648a52929f,,07/27/2025 12:03:00 AM,30,STOP SIGN/FLASHER,FUNCTIONING PROPERLY,CLEAR,"DARKNESS, LIGHTED ROAD",ANGLE,FOUR WAY,,STRAIGHT AND LEVEL,DRY,NO DEFECTS,ON SCENE,INJURY AND / OR TOW DUE TO CRASH,Y,,,"OVER $1,500",07/27/2025 12:04:00 AM,UNDER THE INFLUENCE OF ALCOHOL/DRUGS (USE WHEN ARREST IS EFFECTED),PHYSICAL CONDITION OF DRIVER,6001,W,BERENICE AVE,1633,,,,,,,2,"REPORTED, NOT EVIDENT",1,0,0,0,1,1,0,0,1,7,41.9502009988,-87.7767975427,POINT (-87.776797542709 41.950200998752)
242552f91628710f4deef5646402f9378bef35a5ed41ef081d7c412d742be00e5e0a0091b4cac0e0873c8729298dfe4f5e6b0d200d93ec4b3c6f08fccb19b73d,Y,07/27/2025 12:00:00 AM,30,NO CONTROLS,NO CONTROLS,UNKNOWN,UNKNOWN,PARKED MOTOR VEHICLE,NOT DIVIDED,,STRAIGHT AND LEVEL,DRY,NO DEFECTS,ON SCENE,NO INJURY / DRIVE AWAY,,,Y,"OVER $1,500",07/27/2025 10:39:00 AM,UNABLE TO DETERMINE,UNABLE TO DETERMINE,519,N,CLAREMONT AVE,1221,,,,,,,2,NO INDICATION OF INJURY,0,0,0,0,0,1,0,0,1,7,41.8912881695,-87.6853422329,POINT (-87.685342232899 41.891288169504)
e7556a369c82d7a86634226b3ab2a92167ef90ce8fa9ba6d29bed0537f183859c19435af5d4776e1d98046dd61f5ab4ef00797356110370fb01f549665d0dc05,,07/27/2025 12:00:00 AM,30,TRAFFIC SIGNAL,FUNCTIONING PROPERLY,CLEAR,"DARKNESS, LIGHTED ROAD",TURNING,NOT DIVIDED,,STRAIGHT AND LEVEL,DRY,NO DEFECTS,ON SCENE,NO INJURY / DRIVE AWAY,,,Y,"OVER $1,500",07/27/2025 12:09:00 AM,IMPROPER TURNING/NO SIGNAL,DRIVING SKILLS/KNOWLEDGE/EXPERIENCE,1101,N,PULASKI RD,1112,,,,,,,2,NO INDICATION OF INJURY,0,0,0,0,0,2,0,0,1,7,41.9009404706,-87.7261053512,POINT (-87.726105351209 41.900940470582)
c22864b709831709f53403ce6a43d1c89f4d1d092491f6a3d41743c3933346735bae0c928954dc948b21b17d3b1c5e506761596d88287972fb10afb64862415b,,07/26/2025 11:55:00 PM,25,NO CONTROLS,NO CONTROLS,CLEAR,UNKNOWN,PARKED MOTOR VEHICLE,NOT DIVIDED,,STRAIGHT AND LEVEL,DRY,NO DEFECTS,NOT ON SCENE (DESK REPORT),NO INJURY / DRIVE AWAY,,,Y,"$501 - $1,500",07/28/2025 10:00:00 AM,IMPROPER LANE USAGE,NOT APPLICABLE,846,W,BARRY AVE,1933,,,,,,,2,NO INDICATION OF INJURY,0,0,0,0,0,1,0,23,7,7,41.9382518295,-87.6509755088,POINT (-87.65097550876 41.938251829473)
666dd4ffb5cb358ebecd3f889305e0e76987e9668c2d71d066ff1b8f9b7e5510ee10fc4358352f9ce15eafb476a4d6257c2450e697b3c4f0b3ee4204c7958861,,07/26/2025 11:50:00 PM,30,NO CONTROLS,NO CONTROLS,CLEAR,"DARKNESS, LIGHTED ROAD",REAR END,DIVIDED - W/MEDIAN (NOT RAISED),,STRAIGHT AND LEVEL,DRY,NO DEFECTS,ON SCENE,INJURY AND / OR TOW DUE TO CRASH,,,Y,"OVER $1,500",07/26/2025 11:51:00 PM,UNABLE TO DETERMINE,UNABLE TO DETERMINE,2550,N,PULASKI RD,2524,,,,,,,2,INCAPACITATING INJURY,1,0,1,0,0,1,0,23,7,7,41.9278135092,-87.7270130343,POINT (-87.727013034313 41.92781350925)
672851a7fd33cdfe510080dcc2f695197060805016fb2a2879bac63d6c669d16946f35de7e88c86eb0893ed5285019900d2d5d780357018327dce46140d409fb,,07/26/2025 11:40:00 PM,30,UNKNOWN,UNKNOWN,UNKNOWN,UNKNOWN,SIDESWIPE SAME DIRECTION,UNKNOWN,,STRAIGHT AND LEVEL,UNKNOWN,UNKNOWN,NOT ON SCENE (DESK REPORT),NO INJURY / DRIVE AWAY,,,,"OVER $1,500",07/27/2025 12:00:00 AM,DISTRACTION - FROM OUTSIDE VEHICLE,DRIVING SKILLS/KNOWLEDGE/EXPERIENCE,340,E,MONROE DR,114,,,,,,,2,NO INDICATION OF INJURY,0,0,0,0,0,2,0,23,7,7,41.8810048412,-87.6192776236,POINT (-87.619277623582 41.881004841184)
b425c16552b92577dab63273398dd59fc2c23d9110514fa7f5529f1eeb833db698b196501c6aa86b21f9c6219331ed0705aab1d7db795cf0c258569eac07bf73,,07/26/2025 11:36:00 PM,30,NO CONTROLS,NO CONTROLS,CLEAR,"DARKNESS, LIGHTED ROAD",HEAD ON,ONE-WAY,,STRAIGHT AND LEVEL,DRY,UNKNOWN,ON SCENE,INJURY AND / OR TOW DUE TO CRASH,,,N,"OVER $1,500",07/26/2025 11:36:00 PM,NOT APPLICABLE,NOT APPLICABLE,5030,W,KINZIE ST,1532,,,,,,,3,INCAPACITATING INJURY,1,0,1,0,0,5,0,23,7,7,41.8879688056,-87.7516125318,POINT (-87.751612531811 41.887968805578)
025f08383cc05e1a3ccd6dace327bb3ba5e9440dcc884a6c79ada8445cbe545f4d67c787f4e6dde9e02b1bf898b9df2bdaac730f76a85218f3b93ddb199055e9,,07/26/2025 11:30:00 PM,30,STOP SIGN/FLASHER,FUNCTIONING PROPERLY,CLEAR,"DARKNESS, LIGHTED ROAD",TURNING,FOUR WAY,,STRAIGHT AND LEVEL,DRY,NO DEFECTS,ON SCENE,INJURY AND / OR TOW DUE TO CRASH,Y,,,"OVER $1,500",07/26/2025 11:59:00 PM,IMPROPER OVERTAKING/PASSING,IMPROPER OVERTAKING/PASSING,3358,W,FULLERTON AVE,1413,,,,,,,2,NO INDICATION OF INJURY,0,0,0,0,0,6,0,23,7,7,41.9247719454,-87.7120414713,POINT (-87.712041471313 41.924771945371)
8b9093d3868e03d8d1df36550c8c54193413079db1b82135c19760e4025071f3802e1d8bc39aba503c5f80f84ec09f7fc23f96eabcfc2cc7c18217834d34a99d,,07/26/2025 11:30:00 PM,30,NO CONTROLS,NO CONTROLS,CLEAR,DARKNESS,SIDESWIPE SAME DIRECTION,NOT DIVIDED,,STRAIGHT AND LEVEL,DRY,NO DEFECTS,ON SCENE,NO INJURY / DRIVE AWAY,,,Y,"OVER $1,500",07/27/2025 12:10:00 AM,IMPROPER OVERTAKING/PASSING,UNABLE TO DETERMINE,1546,W,DIVISION ST,1424,,,,,,,2,NO INDICATION OF INJURY,0,0,0,0,0,3,0,23,7,7,41.9034676678,-87.6665375055,POINT (-87.666537505516 41.903467667808)
40d462bf057b9725f6e6e363b392f1a6a88226631c270b529740ba96e0301d55295348a2feafd0f660606cb37851027a47c02699e572b3deb88aab81d74d70f5,,07/26/2025 11:25:00 PM,20,NO CONTROLS,NO CONTROLS,CLEAR,"DARKNESS, LIGHTED ROAD",PARKED MOTOR VEHICLE,PARKING LOT,,STRAIGHT AND LEVEL,DRY,NO DEFECTS,NOT ON SCENE (DESK REPORT),NO INJURY / DRIVE AWAY,,,Y,"$501 - $1,500",07/29/2025 07:34:00 PM,UNABLE TO DETERMINE,NOT APPLICABLE,4753,W,47TH ST,815,,,,,,,2,NO INDICATION OF INJURY,0,0,0,0,0,1,0,23,7,7,41.8075327443,-87.7429064498,POINT (-87.742906449791 41.807532744276)
5cedcc29eae75b129be2b58e9a0e4777a01d39ff2a8db693ed78cf2d5e05cef064091570b9721cc0fcf319c307d97767a9f41358fa9b21a99e374520aa799d48,,07/26/2025 11:25:00 PM,30,TRAFFIC SIGNAL,FUNCTIONING PROPERLY,CLEAR,"DARKNESS, LIGHTED ROAD",PEDESTRIAN,NOT DIVIDED,,STRAIGHT AND LEVEL,DRY,NO DEFECTS,ON SCENE,INJURY AND / OR TOW DUE TO CRASH,Y,,,"OVER $1,500",07/26/2025 11:41:00 PM,FAILING TO YIELD RIGHT-OF-WAY,FAILING TO REDUCE SPEED TO AVOID CRASH,3652,W,IRVING PARK RD,1723,,,,,,,2,INCAPACITATING INJURY,1,0,1,0,0,2,0,23,7,7,41.9538541394,-87.7198001129,POINT (-87.719800112865 41.953854139398)
2b5205930430bad52cb08b1fd733a7baa0fa6e2f6b6313175767fb88fb5bd88479dc7b4b79c04f14efa86009d9ccaece8ca8085074fdbf2825875bd783642999,,07/26/2025 11:20:00 PM,30,TRAFFIC SIGNAL,UNKNOWN,CLEAR,"DARKNESS, LIGHTED ROAD",REAR END,DIVIDED - W/MEDIAN (NOT RAISED),,STRAIGHT AND LEVEL,UNKNOWN,UNKNOWN,NOT ON SCENE (DESK REPORT),NO INJURY / DRIVE AWAY,,,,"OVER $1,500",07/26/2025 11:51:00 PM,UNABLE TO DETERMINE,UNABLE TO DETERMINE,6300,S,COAST GUARD DR,331,,,,,,,2,NO INDICATION OF INJURY,0,0,0,0,0,2,0,23,7,7,41.7796807607,-87.575066734,POINT (-87.575066733953 41.77968076067)