CRASH_RECORD_ID,CRASH_DATE_EST_I,CRASH_DATE,POSTED_SPEED_LIMIT,TRAFFIC_CONTROL_DEVICE,DEVICE_CONDITION,WEATHER_CONDITION,LIGHTING_CONDITION,FIRST_CRASH_TYPE,TRAFFICWAY_TYPE,LANE_CNT,ALIGNMENT,ROADWAY_SURFACE_COND,ROAD_DEFECT,REPORT_TYPE,CRASH_TYPE,INTERSECTION_RELATED_I,NOT_RIGHT_OF_WAY_I,HIT_AND_RUN_I,DAMAGE,DATE_POLICE_NOTIFIED,PRIM_CONTRIBUTORY_CAUSE,SEC_CONTRIBUTORY_CAUSE,STREET_NO,STREET_DIRECTION,STREET_NAME,BEAT_OF_OCCURRENCE,PHOTOS_TAKEN_I,STATEMENTS_TAKEN_I,DOORING_I,WORK_ZONE_I,WORK_ZONE_TYPE,WORKERS_PRESENT_I,NUM_UNITS,MOST_SEVERE_INJURY,INJURIES_TOTAL,INJURIES_FATAL,INJURIES_INCAPACITATING,INJURIES_NON_INCAPACITATING,INJURIES_REPORTED_NOT_EVIDENT,INJURIES_NO_INDICATION,INJURIES_UNKNOWN,CRASH_HOUR,CRASH_DAY_OF_WEEK,CRASH_MONTH,LATITUDE,LONGITUDE,LOCATION
333ea72c8dbeaf50455d5e8d59c3712d6fdc10149e153008b73b829f59ef76c20d717d5921ea59d16f0e8a6ffd94eafad9517fba6daa74d55e1c486d02f0d6be,,07/26/2025 11:20:00 PM,30,TRAFFIC SIGNAL,FUNCTIONING PROPERLY,UNKNOWN,UNKNOWN,ANGLE,NOT DIVIDED,,STRAIGHT AND LEVEL,UNKNOWN,UNKNOWN,NOT ON SCENE (DESK REPORT),NO INJURY / DRIVE AWAY,Y,,,"$501 - $1,500",07/27/2025 12:11:00 PM,UNABLE TO DETERMINE,NOT APPLICABLE,641,N,ORLEANS ST,1831,,,,,,,2,NO INDICATION OF INJURY,0,0,0,0,0,4,0,23,7,7,41.8936236975,-87.636947521,POINT (-87.636947521015 41.893623697513)
b5a14194e6b703d93e79627664887bc0d340a18e4cd7e0fbc5a1b3839cb9486eaaa35f36674daca2834da7e11c4633dfa6ee96a3b6a2a012ca5093fd0e9999fd,,07/26/2025 11:16:00 PM,30,NO CONTROLS,NO CONTROLS,CLEAR,"DARKNESS, LIGHTED ROAD",PEDALCYCLIST,NOT DIVIDED,,STRAIGHT AND LEVEL,DRY,NO DEFECTS,ON SCENE,INJURY AND / OR TOW DUE TO CRASH,,,Y,"OVER $1,500",07/26/2025 11:27:00 PM,UNABLE TO DETERMINE,NOT APPLICABLE,3264,N,MILWAUKEE AVE,1732,,,,,,,2,NONINCAPACITATING INJURY,1,0,0,1,0,1,0,23,7,7,41.94030451,-87.7260659464,POINT (-87.726065946421 41.940304509955)
428ea62fecc63652ec356f57dfd351129f6b5fec41fc4e4736f16ea0729490f802f71ae08236572c00168ca3640022c10564c1ce117294af5be9277114d992b1,,07/26/2025 11:15:00 PM,30,TRAFFIC SIGNAL,UNKNOWN,CLEAR,"DARKNESS, LIGHTED ROAD",TURNING,FOUR WAY,,STRAIGHT AND LEVEL,DRY,NO DEFECTS,ON SCENE,INJURY AND / OR TOW DUE TO CRASH,Y,,,"OVER $1,500",07/26/2025 11:28:00 PM,FAILING TO YIELD RIGHT-OF-WAY,NOT APPLICABLE,301,E,MONROE DR,114,N,,,,,,2,NO INDICATION OF INJURY,0,0,0,0,0,2,0,23,7,7,41.880765702,-87.6206237935,POINT (-87.620623793543 41.880765701972)
2748266fcf64de6382d8588d9c0a1c66f9f78bb9d3c5df30263da138500a990225230ee8e3081b8a932f419ebceeedaad6290298f660be131bd1c793bd5c2219,,07/26/2025 11:06:00 PM,30,UNKNOWN,UNKNOWN,CLEAR,DUSK,PARKED MOTOR VEHICLE,NOT DIVIDED,,STRAIGHT AND LEVEL,DRY,UNKNOWN,NOT ON SCENE (DESK REPORT),NO INJURY / DRIVE AWAY,,,,"$501 - $1,500",07/26/2025 11:45:00 PM,NOT APPLICABLE,UNABLE TO DETERMINE,1311,W,TAYLOR ST,1231,,,,,,,2,NO INDICATION OF INJURY,0,0,0,0,0,1,0,23,7,7,41.8692617948,-87.659650774,POINT (-87.659650773997 41.869261794795)
bf796686f4c83712891bfdc64bec0e7ec75fcb9a5305b8738bd3991887d377a412419b3ba099927cfa4d4ad940fe84a5858147c222268d24cb7ef08a7f5b1e62,,07/26/2025 11:04:00 PM,30,STOP SIGN/FLASHER,NO CONTROLS,CLEAR,"DARKNESS, LIGHTED ROAD",PARKED MOTOR VEHICLE,NOT DIVIDED,,STRAIGHT AND LEVEL,DRY,NO DEFECTS,ON SCENE,INJURY AND / OR TOW DUE TO CRASH,Y,,,"OVER $1,500",07/26/2025 11:05:00 PM,UNABLE TO DETERMINE,NOT APPLICABLE,4300,S,WOLCOTT AVE,924,,,,,,,2,NO INDICATION OF INJURY,0,0,0,0,0,1,0,23,7,7,41.8157120918,-87.6725945733,POINT (-87.672594573332 41.815712091772)
3a4295ce13f1e8e6e7d7de64a5f8d676e85278cd2d2195e0a4be92918516ed8bccbc735e1e68032bffcab05aa087f65ca37f115c5b551627d58cc1e3d3c32bc5,Y,07/26/2025 11:00:00 PM,30,NO CONTROLS,NO CONTROLS,CLEAR,"DARKNESS, LIGHTED ROAD",PARKED MOTOR VEHICLE,NOT DIVIDED,,STRAIGHT AND LEVEL,DRY,UNKNOWN,NOT ON SCENE (DESK REPORT),NO INJURY / DRIVE AWAY,,,Y,$500 OR LESS,07/27/2025 01:50:00 PM,UNABLE TO DETERMINE,NOT APPLICABLE,5758,S,PRAIRIE AVE,232,,,,,,,2,NO INDICATION OF INJURY,0,0,0,0,0,1,0,23,7,7,41.7893867239,-87.619233908,POINT (-87.619233908015 41.789386723852)
e1e7b89472a7a3dc31cd97a0d179e63142a4159ca2ed29b809117df4f3e4b687ed618da6e5c2cd8e46337fbd84c15a198157dfaf28f930e1fcfd08a277c4f798,,07/26/2025 11:00:00 PM,30,UNKNOWN,UNKNOWN,UNKNOWN,UNKNOWN,SIDESWIPE SAME DIRECTION,UNKNOWN,,STRAIGHT AND LEVEL,UNKNOWN,UNKNOWN,NOT ON SCENE (DESK REPORT),NO INJURY / DRIVE AWAY,,,Y,"OVER $1,500",07/27/2025 01:15:00 PM,UNABLE TO DETERMINE,NOT APPLICABLE,1400,W,NORTH AVE,1433,,,,,,,2,NO INDICATION OF INJURY,0,0,0,0,0,3,0,23,7,7,41.9108068192,-87.6631049341,POINT (-87.66310493406 41.910806819199)
bcb03e502396c88c4c74862691e4417df7552ec9146ad559369b3cf997a18ca0192163765e285e682ffbd409e9a5daa21fbbd52b4a1dec6b5b7ced1e6f368033,,07/26/2025 10:59:00 PM,30,TRAFFIC SIGNAL,FUNCTIONING PROPERLY,CLEAR,"DARKNESS, LIGHTED ROAD",REAR END,FOUR WAY,,STRAIGHT AND LEVEL,DRY,NO DEFECTS,ON SCENE,NO INJURY / DRIVE AWAY,,,,"OVER $1,500",07/26/2025 11:53:00 PM,FOLLOWING TOO CLOSELY,NOT APPLICABLE,3200,W,PETERSON AVE,1711,,,,,,,2,NO INDICATION OF INJURY,0,0,0,0,0,2,0,22,7,7,41.9904931296,-87.7091921904,POINT (-87.70919219044 41.99049312958)
265978e8b30f0371a8e3e0b691e30af35eda8ad79cc339e1d13620ecf7c264e265a27b03b7ffabe6ba732971a8bd96684bfb563790f3c325dabc8aeb9c2b71d8,,07/26/2025 10:55:00 PM,25,TRAFFIC SIGNAL,FUNCTIONING PROPERLY,CLEAR,"DARKNESS, LIGHTED ROAD",SIDESWIPE SAME DIRECTION,FOUR WAY,,STRAIGHT AND LEVEL,DRY,NO DEFECTS,ON SCENE,NO INJURY / DRIVE AWAY,Y,,,"OVER $1,500",07/26/2025 10:56:00 PM,FOLLOWING TOO CLOSELY,NOT APPLICABLE,998,W,ADDISON ST,1923,N,,,,,,2,NO INDICATION OF INJURY,0,0,0,0,0,3,0,22,7,7,41.9473554594,-87.6542733491,POINT (-87.654273349059 41.94735545944)
afd9c5f4f623c304f4eef52401e5d2ec241e7762176794107a928d3b4c40de392116d124d52e04d8bd2cac581ec1551ef3a63d0e91c58399c4aeceb4279c03a6,,07/26/2025 10:51:00 PM,30,NO CONTROLS,FUNCTIONING PROPERLY,CLEAR,"DARKNESS, LIGHTED ROAD",SIDESWIPE SAME DIRECTION,NOT DIVIDED,,STRAIGHT AND LEVEL,DRY,NO DEFECTS,NOT ON SCENE (DESK REPORT),NO INJURY / DRIVE AWAY,,,,"$501 - $1,500",07/27/2025 01:45:00 PM,UNABLE TO DETERMINE,UNABLE TO DETERMINE,4200,W,MADISON ST,1115,,,,,,,2,NO INDICATION OF INJURY,0,0,0,0,0,2,0,22,7,7,41.8807760078,-87.7306983837,POINT (-87.730698383664 41.880776007835)
7f1fa1db517b0999d7c260a58addffa20d4ec49eed21a80c57fdb536a06be65e2c2887ab349bcc5965bf66c099afea93d7e98594ebedd32f7f8a44f26cc33518,,07/26/2025 10:50:00 PM,30,UNKNOWN,UNKNOWN,CLEAR,"DARKNESS, LIGHTED ROAD",ANGLE,FOUR WAY,,STRAIGHT AND LEVEL,UNKNOWN,UNKNOWN,NOT ON SCENE (DESK REPORT),NO INJURY / DRIVE AWAY,,,,"OVER $1,500",07/29/2025 07:20:00 PM,UNABLE TO DETERMINE,UNABLE TO DETERMINE,620,N,ORLEANS ST,1831,,,,,,,2,NO INDICATION OF INJURY,0,0,0,0,0,2,0,22,7,7,41.8931050959,-87.6372249031,POINT (-87.637224903071 41.893105095887)
bca744979a7c6b7cec9c697f00e5fea898ee7f83e34fd9a75d2852069ca0631cbf5b2d344ae9abd463c7b07fdbf681ec113b1b334e2da5e12b1886f47440bac5,,07/26/2025 10:47:00 PM,30,STOP SIGN/FLASHER,FUNCTIONING PROPERLY,CLEAR,DARKNESS,ANGLE,DIVIDED - W/MEDIAN (NOT RAISED),,STRAIGHT AND LEVEL,DRY,NO DEFECTS,,INJURY AND / OR TOW DUE TO CRASH,Y,,,"OVER $1,500",07/26/2025 11:01:00 PM,FAILING TO YIELD RIGHT-OF-WAY,FAILING TO YIELD RIGHT-OF-WAY,5601,W,NORTH AVE,2531,,,,,,,2,"REPORTED, NOT EVIDENT",3,0,0,0,3,2,0,22,7,7,41.9092684429,-87.7657728685,POINT (-87.765772868538 41.909268442926)
5a3b561eca16c89b9984c6fef93efd856b9163342fc6cd553c70e0093195ce7ddad63e84806473186bcd450090c0e3298cc6342e664c9cd025580f136d3ce5ed,,07/26/2025 10:45:00 PM,25,NO CONTROLS,NO CONTROLS,CLEAR,"DARKNESS, LIGHTED ROAD",REAR END,ALLEY,,STRAIGHT AND LEVEL,DRY,NO DEFECTS,ON SCENE,NO INJURY / DRIVE AWAY,,,,$500 OR LESS,07/27/2025 12:51:00 AM,NOT APPLICABLE,NOT APPLICABLE,1012,W,GRACE ST,1923,,,,,,,2,NO INDICATION OF INJURY,0,0,0,0,0,3,0,22,7,7,41.9512255326,-87.6550097406,POINT (-87.655009740566 41.951225532571)
d411656dd719fe199d6f04ec4a5bd1045b6e2f826235b5d5ff94db9f1290b56e4cd19e5310e9a0ecaf9678c41f55b59bd9cc352c776ee5836364ebc9fc84d604,,07/26/2025 10:45:00 PM,30,NO CONTROLS,NO CONTROLS,CLEAR,"DARKNESS, LIGHTED ROAD",SIDESWIPE SAME DIRECTION,NOT DIVIDED,,STRAIGHT AND LEVEL,DRY,NO DEFECTS,NOT ON SCENE (DESK REPORT),NO INJURY / DRIVE AWAY,,,Y,"$501 - $1,500",07/27/2025 02:00:00 AM,FAILING TO YIELD RIGHT-OF-WAY,UNABLE TO DETERMINE,3646,N,BROADWAY,1925,,,,,,,2,NO INDICATION OF INJURY,0,0,0,0,0,3,0,22,7,7,41.9486147425,-87.6481987882,POINT (-87.648198788225 41.948614742509)
048906009d6ebbc87d10ed0f74ec1f5af3111c09276ded2bdc06b6bd90bdaa97d6dc36064da26734497764d7702b1c28975fbc567776b4e1e547e8d118246c01,,07/26/2025 10:30:00 PM,30,TRAFFIC SIGNAL,FUNCTIONING PROPERLY,CLEAR,"DARKNESS, LIGHTED ROAD",TURNING,FOUR WAY,,STRAIGHT AND LEVEL,DRY,NO DEFECTS,NOT ON SCENE (DESK REPORT),NO INJURY / DRIVE AWAY,Y,,,"OVER $1,500",07/26/2025 11:40:00 PM,IMPROPER TURNING/NO SIGNAL,NOT APPLICABLE,343,N,MICHIGAN AVE,114,Y,,,,,,2,NO INDICATION OF INJURY,0,0,0,0,0,2,0,22,7,7,41.8877502986,-87.6244108678,POINT (-87.624410867821 41.887750298554)
37db7e53cc3edde6431c7b88171d8a62674062f38c2d26f00d44f5d6f97150620ab8432a9d6d2d3ca0e2942e9c20e4e7f4116ef58bcc1ea08bceccbcd2c46b4c,,07/26/2025 10:30:00 PM,15,NO CONTROLS,NO CONTROLS,CLEAR,"DARKNESS, LIGHTED ROAD",PARKED MOTOR VEHICLE,PARKING LOT,,STRAIGHT AND LEVEL,DRY,UNKNOWN,NOT ON SCENE (DESK REPORT),INJURY AND / OR TOW DUE TO CRASH,,,Y,"OVER $1,500",07/27/2025 04:40:00 PM,UNABLE TO DETERMINE,NOT APPLICABLE,601,W,MONTROSE DR,1915,,,,,,,2,NO INDICATION OF INJURY,0,0,0,0,0,1,0,22,7,7,41.9619207237,-87.6459095291,POINT (-87.645909529092 41.961920723739)
5342e39f0f881d8b36644f03bb8c110e819403451d716f87766993d411f6a4015ab2b0adb9ee7e57a8a160a0752a0e262fa6edc4328606eff76256efb53a7dd8,,07/26/2025 10:30:00 PM,30,NO CONTROLS,NO CONTROLS,CLEAR,"DARKNESS, LIGHTED ROAD",SIDESWIPE SAME DIRECTION,ONE-WAY,,STRAIGHT AND LEVEL,DRY,NO DEFECTS,NOT ON SCENE (DESK REPORT),NO INJURY / DRIVE AWAY,,,Y,"$501 - $1,500",07/28/2025 12:00:00 PM,IMPROPER LANE USAGE,NOT APPLICABLE,8119,S,WABASH AVE,631,,,,,,,2,NO INDICATION OF INJURY,0,0,0,0,0,3,0,22,7,7,41.7467300584,-87.6227382927,POINT (-87.622738292652 41.746730058424)
fdbeb29b8f633408cb2e857ee67c7d8075bf1737d7c501bed71139b479730c5c3d7d69c909e1399b705836068e34f1f7ebe6f36ebcd9548faf0e5d3ec7a36e48,,07/26/2025 10:20:00 PM,30,TRAFFIC SIGNAL,FUNCTIONING PROPERLY,CLEAR,"DARKNESS, LIGHTED ROAD",SIDESWIPE SAME DIRECTION,NOT DIVIDED,,STRAIGHT AND LEVEL,DRY,NO DEFECTS,NOT ON SCENE (DESK REPORT),NO INJURY / DRIVE AWAY,,,Y,"OVER $1,500",07/26/2025 10:50:00 PM,UNABLE TO DETERMINE,NOT APPLICABLE,6222,S,KEDZIE AVE,823,,,,,,,2,NO INDICATION OF INJURY,0,0,0,0,0,2,0,22,7,7,41.7800638379,-87.7033126221,POINT (-87.703312622146 41.780063837873)
13b969d4834f36957a05682c3da5f4bd6e7c1055430e929c5e510aa5dd809d495334b30b4d4b00e0351abf26268476c415611ad8e3db2994579bf36f542134b8,,07/26/2025 10:08:00 PM,30,TRAFFIC SIGNAL,FUNCTIONING PROPERLY,CLEAR,"DARKNESS, LIGHTED ROAD",ANGLE,FOUR WAY,,STRAIGHT AND LEVEL,DRY,NO DEFECTS,ON SCENE,INJURY AND / OR TOW DUE TO CRASH,Y,,,"OVER $1,500",07/26/2025 10:09:00 PM,DISREGARDING TRAFFIC SIGNALS,FAILING TO REDUCE SPEED TO AVOID CRASH,1000,S,UNION AVE,1232,Y,Y,,,,,4,NONINCAPACITATING INJURY,1,0,0,1,0,8,0,22,7,7,41.8696430275,-87.6455202921,POINT (-87.645520292114 41.869643027489)
0b3ba512c0badab97ea325844c1646bf0ab279ea34f8c73f199f173b376e7c46cf709ee3759fa8105598b281b03c594efc208d2c27224ddbb75ea0cb469c0623,,07/26/2025 10:00:00 PM,30,NO CONTROLS,NO CONTROLS,CLEAR,UNKNOWN,FIXED OBJECT,PARKING LOT,,STRAIGHT AND LEVEL,UNKNOWN,WORN SURFACE,NOT ON SCENE (DESK REPORT),NO INJURY / DRIVE AWAY,,Y,,"$501 - $1,500",07/26/2025 10:10:00 PM,UNABLE TO DETERMINE,NOT APPLICABLE,2033,N,CENTRAL AVE,2515,,,,,,,1,NO INDICATION OF INJURY,0,0,0,0,0,1,0,22,7,7,41.9178387427,-87.7656186495,POINT (-87.765618649478 41.91783874271)
ea80dc31c14607b6a07e966608125dcdb5f0625d2762c04396fc4e6dc5f39b1438fa45af9efff32ddc3b59b8915ec67c8530324fa39c870b6750fbfc510f7fcf,,07/26/2025 10:00:00 PM,25,NO CONTROLS,NO CONTROLS,UNKNOWN,"DARKNESS, LIGHTED ROAD",PARKED MOTOR VEHICLE,ONE-WAY,,STRAIGHT AND LEVEL,UNKNOWN,UNKNOWN,NOT ON SCENE (DESK REPORT),NO INJURY / DRIVE AWAY,,,,"OVER $1,500",07/28/2025 09:00:00 PM,UNABLE TO DETERMINE,NOT APPLICABLE,3229,W,GRACE ST,1733,,,,,,,2,NO INDICATION OF INJURY,0,0,0,0,0,1,0,22,7,7,41.9501563222,-87.7090791359,POINT (-87.709079135898 41.950156322244)
eb1293c15352702211a3d072e5ce3e162bc77a8efc51aaa836495f7cbf8a0105b0bf625dbbdf60f92bd1a196148e967d670213dcf2989d021bb6ef456e251016,,07/26/2025 10:00:00 PM,30,NO CONTROLS,NO CONTROLS,CLEAR,"DARKNESS, LIGHTED ROAD",SIDESWIPE OPPOSITE DIRECTION,NOT DIVIDED,,STRAIGHT AND LEVEL,DRY,NO DEFECTS,NOT ON SCENE (DESK REPORT),NO INJURY / DRIVE AWAY,,,Y,"OVER $1,500",07/26/2025 10:45:00 PM,UNABLE TO DETERMINE,NOT APPLICABLE,6611,W,ADDISON ST,1632,,,,,,,2,NO INDICATION OF INJURY,0,0,0,0,0,2,0,22,7,7,41.9454540654,-87.7916264129,POINT (-87.791626412873 41.945454065378)
42dc0c7c4ca6d7f7ed864b1ae5f3f8d8d415d55121b55108ab7d1128fc3779fe9f6b9de67ba54372a900fcdcd16d2522115fbf1c5019e9a5c99b7c24a064f562,,07/26/2025 09:55:00 PM,35,NO CONTROLS,NO CONTROLS,CLEAR,"DARKNESS, LIGHTED ROAD",ANGLE,NOT DIVIDED,,STRAIGHT AND LEVEL,DRY,NO DEFECTS,ON SCENE,INJURY AND / OR TOW DUE TO CRASH,N,,,"OVER $1,500",07/26/2025 11:27:00 PM,UNABLE TO DETERMINE,NOT APPLICABLE,2000,W,MELROSE ST,1921,,,,,,,2,NO INDICATION OF INJURY,0,0,0,0,0,2,0,21,7,7,41.9405934863,-87.6785044742,POINT (-87.678504474206 41.940593486263)
a87a48e7386693f3ab86b81f59dc7b3c05e4299076563a56d9e2bb8588e7d064f2bd813958b88f80a828e0c7e2cf639df375dbd9844ce66007b705a9b25788b2,,07/26/2025 09:55:00 PM,25,NO CONTROLS,NO CONTROLS,CLOUDY/OVERCAST,"DARKNESS, LIGHTED ROAD",ANGLE,DIVIDED - W/MEDIAN (NOT RAISED),,STRAIGHT AND LEVEL,DRY,WORN SURFACE,NOT ON SCENE (DESK REPORT),NO INJURY / DRIVE AWAY,Y,,,"$501 - $1,500",07/27/2025 12:15:00 AM,IMPROPER BACKING,DRIVING SKILLS/KNOWLEDGE/EXPERIENCE,301,W,OAKDALE AVE,1934,,,,,,,2,NO INDICATION OF INJURY,0,0,0,0,0,2,0,21,7,7,41.9355130827,-87.6368071127,POINT (-87.636807112683 41.935513082655)
5f0ec7dcc0743c19505355702b4ba79fbdc5411b1c240093e5b0a271a7d575f39b5f53080cbf22dfbdb8833b9f53d43260b01a49707f6c2457564b4e51f38cac,,07/26/2025 09:50:00 PM,35,NO CONTROLS,NO CONTROLS,CLEAR,"DARKNESS, LIGHTED ROAD",REAR END,DIVIDED - W/MEDIAN (NOT RAISED),,STRAIGHT AND LEVEL,DRY,NO DEFECTS,NOT ON SCENE (DESK REPORT),NO INJURY / DRIVE AWAY,,,Y,"OVER $1,500",07/26/2025 10:55:00 PM,UNABLE TO DETERMINE,NOT APPLICABLE,40,E,CEDAR ST,1824,,,,,,,2,NO INDICATION OF INJURY,0,0,0,0,0,3,0,21,7,7,41.9025074409,-87.6267457649,POINT (-87.626745764887 41.902507440933)
80f45e85b6c6aa4ec3ee64e91be5e8ab7a1944ba505cf8ef71d8d4b77bd9d9f3c3aabfd86f76dd25f770cb0dd777d2506cc4b999ee3935acf26ac552bedff0e1,,07/26/2025 09:45:00 PM,30,NO CONTROLS,NO CONTROLS,CLEAR,"DARKNESS, LIGHTED ROAD",REAR END,NOT DIVIDED,,STRAIGHT ON GRADE,DRY,NO DEFECTS,ON SCENE,NO INJURY / DRIVE AWAY,,,,$500 OR LESS,07/26/2025 09:46:00 PM,FOLLOWING TOO CLOSELY,NOT APPLICABLE,3111,S,WELLS ST,915,,,,,,,2,NO INDICATION OF INJURY,0,0,0,0,0,5,0,21,7,7,41.8378477815,-87.6327286013,POINT (-87.632728601327 41.837847781526)
b871851e62124b6083ee955dbaf6b0acb22042594d372dd7bbd547f38b43621783d61c81ab29b2f26b3b65f89037d475c08511b856c3cf7a66e3f088c7b086bc,,07/26/2025 09:43:00 PM,30,STOP SIGN/FLASHER,UNKNOWN,UNKNOWN,"DARKNESS, LIGHTED ROAD",REAR END,NOT DIVIDED,,STRAIGHT AND LEVEL,UNKNOWN,UNKNOWN,,NO INJURY / DRIVE AWAY,,,,"OVER $1,500",07/26/2025 11:30:00 PM,UNABLE TO DETERMINE,UNABLE TO DETERMINE,2701,S,KEDZIE AVE,1033,,,,,,,2,NO INDICATION OF INJURY,0,0,0,0,0,3,0,21,7,7,41.8426086233,-87.7048343359,POINT (-87.704834335942 41.842608623292)
4c3fe33946aad43e3658f0f9d71f9337a1f2aa59f6eae4be468c923dd9c3e4268e591c89e6269b23b6f5b766fc145ef62690e111c482ef473e3ad8314a5b22fc,Y,07/26/2025 09:40:00 PM,30,UNKNOWN,UNKNOWN,UNKNOWN,UNKNOWN,SIDESWIPE SAME DIRECTION,OTHER,,STRAIGHT AND LEVEL,UNKNOWN,UNKNOWN,NOT ON SCENE (DESK REPORT),INJURY AND / OR TOW DUE TO CRASH,,,,"OVER $1,500",07/26/2025 10:27:00 PM,UNABLE TO DETERMINE,UNABLE TO DETERMINE,5458,S,WELLS ST,935,,,,,,,2,"REPORTED, NOT EVIDENT",1,0,0,0,1,1,0,21,7,7,41.7945600708,-87.6319284748,POINT (-87.631928474832 41.794560070768)
795d5e21d5b87a3a0c07d661a35194613051ab2e26f7b89e78daa274ce1ad2dd5feafeb6ea03de6149b23e284cdc15930b60c5d162fe30ee14e1b45d439dae1a,,07/26/2025 09:35:00 PM,30,NO CONTROLS,NO CONTROLS,CLEAR,"DARKNESS, LIGHTED ROAD",SIDESWIPE OPPOSITE DIRECTION,ROUNDABOUT,,STRAIGHT AND LEVEL,DRY,NO DEFECTS,NOT ON SCENE (DESK REPORT),NO INJURY / DRIVE AWAY,,,,"OVER $1,500",07/26/2025 10:42:00 PM,IMPROPER LANE USAGE,UNABLE TO DETERMINE,5700,S,LOOP DR,233,,,,,,,2,NO INDICATION OF INJURY,0,0,0,0,0,2,0,21,7,7,41.7910542265,-87.6142403624,POINT (-87.614240362431 41.791054226502)
e80717280a0f2828aab93eb4d288579133f5603a4bc4eeadfb7644d22514c5ed6786369402805828e2b33eb5d0f6f81b5b617bbd27bc8ce6cdef5825879a5ee0,,07/26/2025 09:30:00 PM,30,NO CONTROLS,NO CONTROLS,CLEAR,UNKNOWN,PARKED MOTOR VEHICLE,NOT DIVIDED,,STRAIGHT AND LEVEL,DRY,UNKNOWN,ON SCENE,NO INJURY / DRIVE AWAY,,,Y,"OVER $1,500",07/27/2025 07:53:00 AM,UNABLE TO DETERMINE,NOT APPLICABLE,212,E,60TH ST,232,,,,,,,2,NO INDICATION OF INJURY,0,0,0,0,0,1,0,21,7,7,41.7857416178,-87.6200756525,POINT (-87.620075652495 41.785741617826)
4266028165dc8929fc31b8d764af3eeb6711a3de3671bff138e3e9015aa63d702ccecc5c79f188c767aeaa3545892fb1d9068452d571349016b9e8aec7be1804,,07/26/2025 09:20:00 PM,35,STOP SIGN/FLASHER,OTHER,CLEAR,"DARKNESS, LIGHTED ROAD",ANGLE,FOUR WAY,,STRAIGHT AND LEVEL,DRY,NO DEFECTS,NOT ON SCENE (DESK REPORT),NO INJURY / DRIVE AWAY,Y,,,"OVER $1,500",07/26/2025 10:20:00 PM,UNABLE TO DETERMINE,NOT APPLICABLE,203,N,SANGAMON ST,1214,,,,,,,2,NO INDICATION OF INJURY,0,0,0,0,0,4,0,21,7,7,41.8857298073,-87.6508316063,POINT (-87.6508316063 41.885729807255)
3edb68f7e8d95b9ff2fe4126f8930fbb34d7016231f2bb278259f6c958eb602ef54e9a7e08bec8ac1d0f0b0dc5a8abc8206f76edb02dfd63d4bd68b953f5f607,,07/26/2025 09:00:00 PM,30,NO CONTROLS,NO CONTROLS,CLEAR,"DARKNESS, LIGHTED ROAD",ANGLE,NOT DIVIDED,,STRAIGHT AND LEVEL,DRY,NO DEFECTS,NOT ON SCENE (DESK REPORT),NO INJURY / DRIVE AWAY,,,,"OVER $1,500",07/26/2025 09:15:00 PM,FAILING TO YIELD RIGHT-OF-WAY,NOT APPLICABLE,5735,W,FULLERTON AVE,2515,,,,,,,2,NO INDICATION OF INJURY,0,0,0,0,0,2,0,21,7,7,41.9238117779,-87.7698520417,POINT (-87.769852041676 41.923811777907)
d7baf80819f9dfc111d85ce57c2c1f442214e6c23eff5a9f7193dc9951624df118839ff68a2f3573c94550a28b65cb47c5ed4938a9d4d208099455c4ef85e4f3,,07/26/2025 08:59:00 PM,25,NO CONTROLS,NO CONTROLS,CLEAR,"DARKNESS, LIGHTED ROAD",PARKED MOTOR VEHICLE,PARKING LOT,,STRAIGHT AND LEVEL,DRY,NO DEFECTS,ON SCENE,NO INJURY / DRIVE AWAY,,,Y,"$501 - $1,500",07/27/2025 04:30:00 PM,UNABLE TO DETERMINE,UNABLE TO DETERMINE,333,W,35TH ST,915,,,,,,,2,NO INDICATION OF INJURY,0,0,0,0,0,1,0,20,7,7,41.8307836623,-87.635295783,POINT (-87.635295783045 41.830783662283)
4ba93f2c7682e4cc362bb9f8fcaee990b44cdcb13e1d935cda0bb818833d507b1b9cc42d90bc01dfdc1d3376d411019e53fbd943fcc598dce058377ce0faf218,Y,07/26/2025 08:55:00 PM,30,TRAFFIC SIGNAL,FUNCTIONING PROPERLY,UNKNOWN,UNKNOWN,SIDESWIPE OPPOSITE DIRECTION,DIVIDED - W/MEDIAN (NOT RAISED),,STRAIGHT AND LEVEL,UNKNOWN,NO DEFECTS,NOT ON SCENE (DESK REPORT),NO INJURY / DRIVE AWAY,,,,"OVER $1,500",07/26/2025 09:30:00 PM,UNABLE TO DETERMINE,DRIVING SKILLS/KNOWLEDGE/EXPERIENCE,7,N,AUSTIN BLVD,1513,,,,,,,2,NO INDICATION OF INJURY,0,0,0,0,0,5,0,20,7,7,41.880365336,-87.774518749,POINT (-87.774518749026 41.880365335972)
848d61a48cdf9427a09127b2f7398fc3437f2b52c3226178f71d3015192032caa53114c25aca391a4bb0dd97f672810bf619c897cfeed0a054debd679f150b3c,,07/26/2025 08:55:00 PM,30,TRAFFIC SIGNAL,FUNCTIONING PROPERLY,CLEAR,"DARKNESS, LIGHTED ROAD",REAR END,NOT DIVIDED,,STRAIGHT AND LEVEL,DRY,NO DEFECTS,ON SCENE,INJURY AND / OR TOW DUE TO CRASH,Y,,,"OVER $1,500",07/26/2025 08:57:00 PM,IMPROPER TURNING/NO SIGNAL,UNABLE TO DETERMINE,1958,W,DIVERSEY PKWY,1931,,,,,,,2,NONINCAPACITATING INJURY,2,0,0,1,1,1,0,20,7,7,41.9324039677,-87.6774401291,POINT (-87.677440129095 41.932403967737)