CRASH_RECORD_ID,CRASH_DATE_EST_I,CRASH_DATE,POSTED_SPEED_LIMIT,TRAFFIC_CONTROL_DEVICE,DEVICE_CONDITION,WEATHER_CONDITION,LIGHTING_CONDITION,FIRST_CRASH_TYPE,TRAFFICWAY_TYPE,LANE_CNT,ALIGNMENT,ROADWAY_SURFACE_COND,ROAD_DEFECT,REPORT_TYPE,CRASH_TYPE,INTERSECTION_RELATED_I,NOT_RIGHT_OF_WAY_I,HIT_AND_RUN_I,DAMAGE,DATE_POLICE_NOTIFIED,PRIM_CONTRIBUTORY_CAUSE,SEC_CONTRIBUTORY_CAUSE,STREET_NO,STREET_DIRECTION,STREET_NAME,BEAT_OF_OCCURRENCE,PHOTOS_TAKEN_I,STATEMENTS_TAKEN_I,DOORING_I,WORK_ZONE_I,WORK_ZONE_TYPE,WORKERS_PRESENT_I,NUM_UNITS,MOST_SEVERE_INJURY,INJURIES_TOTAL,INJURIES_FATAL,INJURIES_INCAPACITATING,INJURIES_NON_INCAPACITATING,INJURIES_REPORTED_NOT_EVIDENT,INJURIES_NO_INDICATION,INJURIES_UNKNOWN,CRASH_HOUR,CRASH_DAY_OF_WEEK,CRASH_MONTH,LATITUDE,LONGITUDE,LOCATION
357ff11a66e4c744d8f71c4f7c397781818f3339fd1844799665c83e9a114aef1a683c856a6f953c270bdd9f7598470e4c9cd224d975a9e2775d788354bdc665,,07/26/2025 08:54:00 PM,35,TRAFFIC SIGNAL,FUNCTIONING PROPERLY,CLEAR,"DARKNESS, LIGHTED ROAD",REAR END,ONE-WAY,,STRAIGHT AND LEVEL,DRY,NO DEFECTS,NOT ON SCENE (DESK REPORT),NO INJURY / DRIVE AWAY,Y,,,"OVER $1,500",07/26/2025 09:43:00 PM,UNABLE TO DETERMINE,NOT APPLICABLE,70,W,LAKE ST,111,,,,,,,2,NO INDICATION OF INJURY,0,0,0,0,0,3,0,20,7,7,41.8858508072,-87.6305136588,POINT (-87.63051365878 41.885850807163)
79137c844c62d300a3522abe7c359ab78af4852ebdddccf44d3c7b349a7eabbdefca81598209bb7c11dbdf3de505bc9c311129d8ac4cb37d38ab3f62094fa234,,07/26/2025 08:45:00 PM,30,TRAFFIC SIGNAL,FUNCTIONING PROPERLY,CLEAR,"DARKNESS, LIGHTED ROAD",ANGLE,NOT DIVIDED,,STRAIGHT AND LEVEL,DRY,NO DEFECTS,NOT ON SCENE (DESK REPORT),NO INJURY / DRIVE AWAY,,,,"OVER $1,500",07/27/2025 08:00:00 AM,FAILING TO YIELD RIGHT-OF-WAY,NOT APPLICABLE,1175,N,CENTRAL AVE,1524,,,,,,,2,NO INDICATION OF INJURY,0,0,0,0,0,2,0,20,7,7,41.9021013501,-87.765505587,POINT (-87.765505586971 41.90210135012)
f2cc5d088822e613c047f8621818ffc7252b841fd38321bb2fb249d0e2cc5b59e329aa8f4326fb213b1d135c60a9d014dfd83671fa098512f3211ffe51b3a929,,07/26/2025 08:45:00 PM,30,TRAFFIC SIGNAL,FUNCTIONING PROPERLY,CLEAR,"DARKNESS, LIGHTED ROAD",TURNING,FOUR WAY,,STRAIGHT AND LEVEL,DRY,NO DEFECTS,NOT ON SCENE (DESK REPORT),NO INJURY / DRIVE AWAY,Y,,,"OVER $1,500",07/26/2025 09:15:00 PM,FAILING TO YIELD RIGHT-OF-WAY,IMPROPER TURNING/NO SIGNAL,3100,S,HALSTED ST,913,Y,,,,,,2,NO INDICATION OF INJURY,0,0,0,0,0,3,0,20,7,7,41.8379641537,-87.6464227122,POINT (-87.646422712201 41.837964153652)
fa5fdd18206439755f81aca03f08d76b4cab360bce8a59b30e01c68580f4f9150f9697b28c215a9b019d5d574ec21973df45e9123be25eecb03fd0ee2dbc11e5,,07/26/2025 08:45:00 PM,30,TRAFFIC SIGNAL,FUNCTIONING PROPERLY,CLEAR,"DARKNESS, LIGHTED ROAD",TURNING,FOUR WAY,,STRAIGHT AND LEVEL,DRY,UNKNOWN,ON SCENE,NO INJURY / DRIVE AWAY,Y,,Y,"$501 - $1,500",07/26/2025 08:52:00 PM,IMPROPER OVERTAKING/PASSING,NOT APPLICABLE,3999,N,DAMEN AVE,1922,,,,,,,2,NO INDICATION OF INJURY,0,0,0,0,0,2,0,20,7,7,41.954068242,-87.678604449,POINT (-87.678604449027 41.954068242042)
806a6c597d1f6f71db69f28e4b7edcc46b2f95d45614c3dd6213964c651e125740526c94afde079097e154667cfd2ee40a15a4a4de98536027695a20f3f3a74f,,07/26/2025 08:44:00 PM,30,NO CONTROLS,NO CONTROLS,CLEAR,DARKNESS,PARKED MOTOR VEHICLE,ONE-WAY,,STRAIGHT AND LEVEL,DRY,UNKNOWN,ON SCENE,NO INJURY / DRIVE AWAY,Y,,,"OVER $1,500",07/26/2025 09:15:00 PM,IMPROPER TURNING/NO SIGNAL,DRIVING SKILLS/KNOWLEDGE/EXPERIENCE,1547,N,LONG AVE,2532,,,,,,,2,NO INDICATION OF INJURY,0,0,0,0,0,3,0,20,7,7,41.9090099775,-87.7607702419,POINT (-87.760770241918 41.909009977471)
8c9721f704d75d489714224ace8889d128e8f6710f53a88f60d46267bcb305c0238af7c8bbda3117d4cf8f603ed4ef63fd6ddc624b4ff7c2411da36c5fc793c5,,07/26/2025 08:42:00 PM,30,NO CONTROLS,NO CONTROLS,CLEAR,DARKNESS,SIDESWIPE SAME DIRECTION,NOT DIVIDED,,STRAIGHT AND LEVEL,DRY,NO DEFECTS,ON SCENE,NO INJURY / DRIVE AWAY,,,,"OVER $1,500",07/26/2025 08:43:00 PM,DRIVING SKILLS/KNOWLEDGE/EXPERIENCE,UNABLE TO DETERMINE,498,W,71ST ST,732,,,,,,,2,NO INDICATION OF INJURY,0,0,0,0,0,4,0,20,7,7,41.7654284875,-87.6370651744,POINT (-87.637065174372 41.765428487522)
0c0bb5a9b959cee72a6120db4f0f3e5cf7bf82303311b5d92404d7ec8a7dd54d0f778dba173efbedfcb9fad956ec55148e93a201e35f879c22e3efdce9f2707d,,07/26/2025 08:40:00 PM,5,NO CONTROLS,NO CONTROLS,CLEAR,"DARKNESS, LIGHTED ROAD",ANGLE,PARKING LOT,,STRAIGHT AND LEVEL,DRY,NO DEFECTS,ON SCENE,NO INJURY / DRIVE AWAY,,,Y,"OVER $1,500",07/26/2025 08:52:00 PM,"OPERATING VEHICLE IN ERRATIC, RECKLESS, CARELESS, NEGLIGENT OR AGGRESSIVE MANNER",NOT APPLICABLE,8249,S,COTTAGE GROVE AVE,631,,,,,,,2,NO INDICATION OF INJURY,0,0,0,0,0,2,0,20,7,7,41.7443470249,-87.6048977326,POINT (-87.604897732586 41.744347024933)
262d04c7d3e632c2710f9611a507215b5287f9aa74b8e03a34698fec56bbe23acdd74a4b1a86b560323de576876c2ad4644903d5ea174cee3d109a61bf2cd3a5,,07/26/2025 08:32:00 PM,25,NO CONTROLS,NO CONTROLS,CLEAR,DUSK,ANGLE,NOT DIVIDED,,STRAIGHT AND LEVEL,DRY,NO DEFECTS,NOT ON SCENE (DESK REPORT),NO INJURY / DRIVE AWAY,,,,"OVER $1,500",07/28/2025 12:20:00 PM,UNABLE TO DETERMINE,NOT APPLICABLE,1020,E,83RD ST,631,,,,,,,2,NO INDICATION OF INJURY,0,0,0,0,0,2,0,20,7,7,41.7441526062,-87.5992932173,POINT (-87.599293217298 41.744152606188)
8cc988cc0654ef83cdc04fddb38dc67f75fd049278779b71be51a812bc3a5bbf1f9242bc7847e6a857b2a60173452c4899587f72aebcb354fd1f44056a5691d2,,07/26/2025 08:32:00 PM,30,UNKNOWN,UNKNOWN,CLEAR,DARKNESS,REAR END,NOT DIVIDED,,STRAIGHT AND LEVEL,UNKNOWN,UNKNOWN,ON SCENE,NO INJURY / DRIVE AWAY,,,Y,"$501 - $1,500",07/26/2025 09:16:00 PM,FOLLOWING TOO CLOSELY,FOLLOWING TOO CLOSELY,3409,N,BROADWAY,1925,,,,,,,2,NO INDICATION OF INJURY,0,0,0,0,0,2,0,20,7,7,41.9436456785,-87.6448514075,POINT (-87.644851407531 41.943645678502)
0ee97c246566546adc5b23de2d19ff0101ed1497a7c506dc05133b8659af072819dbc64e673d93668967d10a3bbdd2e3ed82ad6cb7f91a5fed89628d01d51de9,,07/26/2025 08:30:00 PM,30,NO CONTROLS,NO CONTROLS,CLEAR,"DARKNESS, LIGHTED ROAD",TURNING,DIVIDED - W/MEDIAN (NOT RAISED),,STRAIGHT AND LEVEL,DRY,NO DEFECTS,NOT ON SCENE (DESK REPORT),NO INJURY / DRIVE AWAY,,,Y,$500 OR LESS,07/26/2025 09:10:00 PM,IMPROPER OVERTAKING/PASSING,FAILING TO YIELD RIGHT-OF-WAY,101,N,WESTERN AVE,1223,,,,,,,2,NO INDICATION OF INJURY,0,0,0,0,0,3,0,20,7,7,41.8830406044,-87.6863387456,POINT (-87.686338745603 41.883040604418)
1c9b039d9748f3ff1dedaee42587bf7117ea2b427f313d850c8dabd4322d72d55d7a0fff025843159c7f18206e962e332c168d87cb56f1884d770390ffe95e1e,,07/26/2025 08:30:00 PM,25,NO CONTROLS,NO CONTROLS,CLEAR,"DARKNESS, LIGHTED ROAD",FIXED OBJECT,NOT DIVIDED,,STRAIGHT AND LEVEL,DRY,NO DEFECTS,ON SCENE,INJURY AND / OR TOW DUE TO CRASH,,,,$500 OR LESS,07/26/2025 09:46:00 PM,PHYSICAL CONDITION OF DRIVER,NOT APPLICABLE,5101,S,RICHMOND ST,923,,,,,,,1,NONINCAPACITATING INJURY,1,0,0,1,0,0,0,20,7,7,41.8008367954,-87.6975145609,POINT (-87.697514560895 41.800836795419)
56215d2cd3bde3820b5524ad24190d1ca69bc72382a7798d63476348b2e077b7c0b7ca9f08a71ceb616bd72b2df6b887e12e498745a4533e8557b7542951b404,Y,07/26/2025 08:30:00 PM,15,NO CONTROLS,NO CONTROLS,CLEAR,UNKNOWN,PARKED MOTOR VEHICLE,ALLEY,,STRAIGHT AND LEVEL,DRY,NO DEFECTS,NOT ON SCENE (DESK REPORT),NO INJURY / DRIVE AWAY,,,Y,"OVER $1,500",07/27/2025 08:35:00 AM,UNABLE TO DETERMINE,UNABLE TO DETERMINE,7247,N,CAMPBELL AVE,2411,,,,,,,2,NO INDICATION OF INJURY,0,0,0,0,0,1,0,20,7,7,42.0138120431,-87.692448365,POINT (-87.692448365037 42.013812043058)
a6b3e493ecb10f2ba154e0b271a7d94f471a5885613f0466a8b97ff5fd489dcd962f483962b811f8d488bac6b934827261c2f3788ac6039a668bf2b98475565d,,07/26/2025 08:30:00 PM,30,UNKNOWN,UNKNOWN,UNKNOWN,"DARKNESS, LIGHTED ROAD",REAR END,NOT DIVIDED,,STRAIGHT AND LEVEL,UNKNOWN,UNKNOWN,NOT ON SCENE (DESK REPORT),NO INJURY / DRIVE AWAY,,,Y,"OVER $1,500",07/27/2025 05:20:00 PM,UNABLE TO DETERMINE,NOT APPLICABLE,3538,W,BELMONT AVE,1732,,,,,,,2,NO INDICATION OF INJURY,0,0,0,0,0,2,0,20,7,7,41.9393360963,-87.7165543995,POINT (-87.716554399528 41.939336096319)
abf19f7ad563df55d8b6c946a0e8ca5f3dcf20a4a907e42a9c3d3782386b193f44e63e8f858ec10d9a54ff9c9cc8ee114d4e9298d2147434a8bc23c84aecf8cf,,07/26/2025 08:30:00 PM,30,NO CONTROLS,NO CONTROLS,CLEAR,DAWN,PARKED MOTOR VEHICLE,PARKING LOT,,STRAIGHT AND LEVEL,DRY,NO DEFECTS,ON SCENE,NO INJURY / DRIVE AWAY,,,,"OVER $1,500",07/26/2025 08:35:00 PM,IMPROPER OVERTAKING/PASSING,UNABLE TO DETERMINE,1908,W,FULLERTON AVE,1432,,,,,,,2,NO INDICATION OF INJURY,0,0,0,0,0,1,0,20,7,7,41.9251573369,-87.6762150635,POINT (-87.676215063534 41.925157336944)
5b34b1a9eb9522bbc35f557669b1e57302c82670dd89d66b2ba69aef560c915b75c268ff0c0e5efe84c580171db22a7a5749240ea0a89c3147ef777ba667cf4f,Y,07/26/2025 08:28:00 PM,30,OTHER,OTHER,OTHER,UNKNOWN,SIDESWIPE SAME DIRECTION,OTHER,,STRAIGHT AND LEVEL,UNKNOWN,UNKNOWN,NOT ON SCENE (DESK REPORT),NO INJURY / DRIVE AWAY,,,,"OVER $1,500",07/26/2025 09:40:00 PM,UNABLE TO DETERMINE,UNABLE TO DETERMINE,5040,S,DORCHESTER AVE,222,,,,,,,2,NO INDICATION OF INJURY,0,0,0,0,0,2,0,20,7,7,41.8031526624,-87.5920110909,POINT (-87.592011090851 41.803152662438)
ebcf795bb981a492c20274da7221e0e5bc9d8165a3c7fb2c2ae39b5ff5ee3cb69519739b26fdc39502794455167b8a8112acfd210d07d3243300857efa74d707,,07/26/2025 08:11:00 PM,30,TRAFFIC SIGNAL,FUNCTIONING PROPERLY,CLEAR,DAYLIGHT,OTHER OBJECT,FOUR WAY,,STRAIGHT AND LEVEL,DRY,NO DEFECTS,ON SCENE,NO INJURY / DRIVE AWAY,,,,$500 OR LESS,07/26/2025 08:11:00 PM,IMPROPER TURNING/NO SIGNAL,NOT APPLICABLE,1002,W,ADDISON ST,1923,,,,,,,1,NO INDICATION OF INJURY,0,0,0,0,0,1,0,20,7,7,41.9473510302,-87.654508961,POINT (-87.65450896103 41.947351030195)
24d6bc1bf6734769389db66915f8890e917bc909f3c42c00cda3aa27c1554acfde165390fb1b8ff4f54af60c59fca92d42d395b25b9ac2d75dd97552bb043eaf,,07/26/2025 08:08:00 PM,30,NO CONTROLS,NO CONTROLS,CLEAR,DARKNESS,FIXED OBJECT,DIVIDED - W/MEDIAN BARRIER,,STRAIGHT AND LEVEL,DRY,NO DEFECTS,ON SCENE,INJURY AND / OR TOW DUE TO CRASH,,,,"OVER $1,500",07/26/2025 08:08:00 PM,UNABLE TO DETERMINE,UNABLE TO DETERMINE,1449,W,GARFIELD BLVD,713,,,,,,,1,NO INDICATION OF INJURY,0,0,0,0,0,3,0,20,7,7,41.7935904498,-87.6616620603,POINT (-87.661662060287 41.793590449823)
2936cffd451a4d40079ce07b7cba28448b7dc64408ab27e924106e8af470bd14e8a7cad58e868447ffec7c25889868c59dd8f4c8d583d37d8ff1a2dcc1e5e5cf,,07/26/2025 08:05:00 PM,30,STOP SIGN/FLASHER,NO CONTROLS,CLEAR,DARKNESS,ANGLE,FOUR WAY,,STRAIGHT AND LEVEL,DRY,NO DEFECTS,ON SCENE,INJURY AND / OR TOW DUE TO CRASH,Y,N,,"OVER $1,500",07/26/2025 08:09:00 PM,FAILING TO YIELD RIGHT-OF-WAY,FAILING TO YIELD RIGHT-OF-WAY,701,W,GRAND AVE,1214,,,,,,,2,NO INDICATION OF INJURY,0,0,0,0,0,2,0,20,7,7,41.8910971187,-87.645914755,POINT (-87.645914755033 41.891097118726)
4da3e51423c9e5b7bb322259aa3df87f8d0ff04aced9ef5ed5435d287429edbf86ad1b71e95d1dca5d536502e5eb2d696755c57c71d93e9855022efc54296d7b,,07/26/2025 08:05:00 PM,30,NO CONTROLS,UNKNOWN,CLEAR,DAWN,PARKED MOTOR VEHICLE,OTHER,,STRAIGHT AND LEVEL,DRY,NO DEFECTS,ON SCENE,NO INJURY / DRIVE AWAY,,,,"OVER $1,500",07/26/2025 08:05:00 PM,NOT APPLICABLE,NOT APPLICABLE,8298,S,STONY ISLAND AVE,411,,,,,,,2,NO INDICATION OF INJURY,0,0,0,0,0,4,0,20,7,7,41.7442883035,-87.5859470115,POINT (-87.585947011459 41.744288303496)
c3392af5c01f9b8c98af23abedd2652227abc2a977af936055dbe1f169d49df2a8dfc781a5b373dc31338b4e30628d9480b1eb9989afa6de57dcef1d131e0a42,,07/26/2025 08:03:00 PM,25,NO CONTROLS,NO CONTROLS,CLEAR,"DARKNESS, LIGHTED ROAD",SIDESWIPE SAME DIRECTION,OTHER,,STRAIGHT AND LEVEL,DRY,NO DEFECTS,ON SCENE,NO INJURY / DRIVE AWAY,,,,"$501 - $1,500",07/26/2025 08:26:00 PM,DRIVING SKILLS/KNOWLEDGE/EXPERIENCE,DRIVING SKILLS/KNOWLEDGE/EXPERIENCE,118,S,DEARBORN ST,112,,,,,,,2,NO INDICATION OF INJURY,0,0,0,0,0,2,0,20,7,7,41.8801700128,-87.6295095291,POINT (-87.629509529122 41.880170012805)
1e4f57d6e53ec53897b7fd7777b40202678e9d10ef4d411171f21134d9d51a71bb64b057510cd54d70007d67e774df3a7176bf3c81e8ef94630d431e47050720,,07/26/2025 08:00:00 PM,30,TRAFFIC SIGNAL,FUNCTIONING PROPERLY,CLEAR,DAYLIGHT,REAR END,NOT DIVIDED,,STRAIGHT AND LEVEL,DRY,NO DEFECTS,ON SCENE,INJURY AND / OR TOW DUE TO CRASH,,,Y,"OVER $1,500",07/26/2025 08:03:00 PM,PHYSICAL CONDITION OF DRIVER,UNABLE TO DETERMINE,2804,W,AUGUSTA BLVD,1211,Y,Y,,,,,2,"REPORTED, NOT EVIDENT",1,0,0,0,1,5,0,20,7,7,41.8993921745,-87.697011186,POINT (-87.697011185989 41.899392174503)
42a4aa153840985778b32ede53fa6be5ecd5814fc21ef50fef6928d596f8086f5406fad5b521ab77aa2dba9a58887848fb580b100dc041f98cc01f2226a09d9b,,07/26/2025 08:00:00 PM,30,NO CONTROLS,NO CONTROLS,CLEAR,DAYLIGHT,SIDESWIPE OPPOSITE DIRECTION,NOT DIVIDED,,STRAIGHT AND LEVEL,DRY,NO DEFECTS,NOT ON SCENE (DESK REPORT),NO INJURY / DRIVE AWAY,,,Y,"OVER $1,500",07/28/2025 11:25:00 AM,UNABLE TO DETERMINE,NOT APPLICABLE,5039,W,ADDISON ST,1634,,,,,,,2,NO INDICATION OF INJURY,0,0,0,0,0,2,0,20,7,7,41.9459336657,-87.7534574512,POINT (-87.753457451207 41.945933665698)
82d1d50c393c912fa3affa41c6cc3bbe30f5baa84d9c51666db783195c05ba3a453ffa802dddce63bd9409b14272bac8c09df4afdadeafffef192867ed6807fd,,07/26/2025 07:46:00 PM,30,NO CONTROLS,NO CONTROLS,CLEAR,DAYLIGHT,PARKED MOTOR VEHICLE,NOT DIVIDED,,STRAIGHT AND LEVEL,DRY,NO DEFECTS,NOT ON SCENE (DESK REPORT),NO INJURY / DRIVE AWAY,,,,"$501 - $1,500",07/27/2025 12:00:00 PM,IMPROPER BACKING,IMPROPER BACKING,909,W,IRVING PARK RD,1923,,,,,,,2,NO INDICATION OF INJURY,0,0,0,0,0,1,0,19,7,7,41.95440629,-87.6525427518,POINT (-87.65254275177 41.954406290027)
a631f1f6630217299baa7ef9aa0a76fcb30d089062e6fa2864ed6ef2218ecb50982fc46489fb96a2ac32fced2eb6644b07381b134325212c77a378caa960b97a,,07/26/2025 07:45:00 PM,30,NO CONTROLS,NO CONTROLS,CLEAR,DARKNESS,SIDESWIPE SAME DIRECTION,NOT DIVIDED,,STRAIGHT AND LEVEL,DRY,NO DEFECTS,ON SCENE,NO INJURY / DRIVE AWAY,,,,"OVER $1,500",07/26/2025 07:56:00 PM,IMPROPER OVERTAKING/PASSING,IMPROPER OVERTAKING/PASSING,425,N,MICHIGAN AVE,1834,,,,,,,2,NO INDICATION OF INJURY,0,0,0,0,0,2,0,19,7,7,41.8901305234,-87.623953024,POINT (-87.623953024024 41.890130523411)
5b5bb226575bcdb1290d8bdc50bac38f6e2d2dc89c382a314ad3dc2987b0da41a54e1023172fd36ee4d4135aac7f83dddd0edfe237880f655ca8caf96396adfe,,07/26/2025 07:41:00 PM,30,STOP SIGN/FLASHER,FUNCTIONING PROPERLY,CLEAR,DAYLIGHT,REAR TO FRONT,FOUR WAY,,STRAIGHT AND LEVEL,DRY,UNKNOWN,,INJURY AND / OR TOW DUE TO CRASH,Y,,,$500 OR LESS,07/26/2025 07:41:00 PM,PHYSICAL CONDITION OF DRIVER,IMPROPER LANE USAGE,6500,S,FRANCISCO AVE,831,,,,,,,2,NO INDICATION OF INJURY,0,0,0,0,0,3,0,19,7,7,41.7753384106,-87.6958798715,POINT (-87.695879871535 41.775338410557)
5363d838fde476e3cdec54dd703af2dbec2972021f3e0197f96ea8aafd7dfea648ba8123e7152cce1f5b253936aa4fc17c0df7c70fa24f26300ee5cf37f6550d,,07/26/2025 07:38:00 PM,30,TRAFFIC SIGNAL,UNKNOWN,CLEAR,DUSK,PEDALCYCLIST,NOT DIVIDED,,STRAIGHT AND LEVEL,DRY,OTHER,NOT ON SCENE (DESK REPORT),INJURY AND / OR TOW DUE TO CRASH,Y,,Y,$500 OR LESS,07/26/2025 07:53:00 PM,FAILING TO YIELD RIGHT-OF-WAY,IMPROPER TURNING/NO SIGNAL,5158,N,CLARK ST,2032,,,,,,,2,NONINCAPACITATING INJURY,1,0,0,1,0,1,0,19,7,7,41.9761389267,-87.6685605345,POINT (-87.668560534484 41.976138926692)
5eb592d06b9918bb18bb60af6a09a55308e336685ce2750b7c7a865d38f054c7a110cdd7d55430dbb8dbe038686c9b262577456c62ddbd8b641612d7a314686e,,07/26/2025 07:34:00 PM,30,STOP SIGN/FLASHER,FUNCTIONING PROPERLY,CLEAR,DAYLIGHT,ANGLE,DIVIDED - W/MEDIAN (NOT RAISED),,STRAIGHT AND LEVEL,DRY,UNKNOWN,ON SCENE,NO INJURY / DRIVE AWAY,Y,,Y,"OVER $1,500",07/26/2025 07:34:00 PM,FAILING TO YIELD RIGHT-OF-WAY,UNABLE TO DETERMINE,7000,S,WENTWORTH AVE,731,,,,,,,2,NO INDICATION OF INJURY,0,0,0,0,0,3,0,19,7,7,41.7671605061,-87.6299636811,POINT (-87.629963681097 41.767160506075)
f230f837d76d8355e29a8377e87dc4545bb0a7a815ee2b80bd8ff6bb3e55208d2afba8bdb4cce965f7fb6147f9eebed71c2cecc0a0f26be99c38c476da77fde2,,07/26/2025 07:30:00 PM,30,UNKNOWN,UNKNOWN,UNKNOWN,DUSK,REAR END,NOT DIVIDED,,STRAIGHT AND LEVEL,UNKNOWN,UNKNOWN,NOT ON SCENE (DESK REPORT),NO INJURY / DRIVE AWAY,,,,$500 OR LESS,07/27/2025 12:35:00 PM,FOLLOWING TOO CLOSELY,FOLLOWING TOO CLOSELY,1329,W,ADDISON ST,1924,,,,,,,2,NO INDICATION OF INJURY,0,0,0,0,0,2,0,19,7,7,41.9469775711,-87.6628644474,POINT (-87.662864447366 41.946977571098)
4b45186bf2e3be89967d11cfe081314e6014e6938eab5d5d68bf6709d82f30dc6f4fc51464bbbc03183dfb31bdfcef19a9a630c3ac612567274025eb5b4de948,,07/26/2025 07:20:00 PM,30,UNKNOWN,UNKNOWN,UNKNOWN,UNKNOWN,PARKED MOTOR VEHICLE,UNKNOWN,,STRAIGHT AND LEVEL,UNKNOWN,UNKNOWN,NOT ON SCENE (DESK REPORT),NO INJURY / DRIVE AWAY,,,Y,"OVER $1,500",07/26/2025 09:00:00 PM,UNABLE TO DETERMINE,UNABLE TO DETERMINE,159,N,WABASH AVE,111,,,,,,,2,NO INDICATION OF INJURY,0,0,0,0,0,1,0,19,7,7,41.8847817992,-87.6261078678,POINT (-87.62610786782 41.884781799169)
e7c16203574516cdf5205f8fa8455fd403f764ed3e071bccc7edf83d46cb75dd425c4c2ad0a927145dbbb28e8e22e3eb318749cbd3f4d9d0f0cd95548e7e52e1,,07/26/2025 07:15:00 PM,30,TRAFFIC SIGNAL,FUNCTIONING PROPERLY,CLEAR,DAYLIGHT,REAR END,FOUR WAY,,STRAIGHT AND LEVEL,DRY,NO DEFECTS,NOT ON SCENE (DESK REPORT),NO INJURY / DRIVE AWAY,,,,"$501 - $1,500",07/26/2025 07:38:00 PM,FOLLOWING TOO CLOSELY,FOLLOWING TOO CLOSELY,11100,S,HALSTED ST,2233,,,,,,,2,NO INDICATION OF INJURY,0,0,0,0,0,3,0,19,7,7,41.6922631234,-87.6425226876,POINT (-87.642522687627 41.692263123425)
cec0835df96150e9e2a03347631ada628c5cf3f0dea1d409c8738bc6a73790a24a845d0d619d2e3826d8168866ee0e3019de5af75eca1d01806c462be4bd46c2,,07/26/2025 07:01:00 PM,15,NO CONTROLS,NO CONTROLS,CLEAR,DAYLIGHT,ANGLE,PARKING LOT,,STRAIGHT AND LEVEL,DRY,NO DEFECTS,NOT ON SCENE (DESK REPORT),NO INJURY / DRIVE AWAY,,,,"OVER $1,500",07/26/2025 07:25:00 PM,FAILING TO YIELD RIGHT-OF-WAY,NOT APPLICABLE,3352,W,LAWRENCE AVE,1713,,,,,,,2,NO INDICATION OF INJURY,0,0,0,0,0,4,0,19,7,7,41.9685129415,-87.7130512672,POINT (-87.713051267198 41.968512941476)
27b932d3f0dfe7981b868538ff0e8a463cf61e0880dd2e41d7f2bfef28b7cc59f31b330b360a6b31f3698c5f1575c59e3fc85cc89a722a60d0298ea24c014847,,07/26/2025 07:00:00 PM,30,TRAFFIC SIGNAL,NO CONTROLS,CLEAR,DAYLIGHT,REAR END,NOT DIVIDED,,STRAIGHT AND LEVEL,DRY,NO DEFECTS,NOT ON SCENE (DESK REPORT),NO INJURY / DRIVE AWAY,,,,"OVER $1,500",07/26/2025 08:37:00 PM,FOLLOWING TOO CLOSELY,FOLLOWING TOO CLOSELY,308,E,136TH ST,533,,,,,,,4,NO INDICATION OF INJURY,0,0,0,0,0,4,0,19,7,7,41.6480333121,-87.6144981483,POINT (-87.614498148272 41.64803331212)
27ce9646260143ad5d00d7e14355de7b292ec86d15f6fdf0587ab3f4889e73505276a8a2a905c05c39a44009c45761611bf8f94c9c69323dc80b3c75818b01b3,,07/26/2025 07:00:00 PM,20,NO CONTROLS,NO CONTROLS,CLEAR,DAYLIGHT,OTHER OBJECT,ALLEY,,STRAIGHT AND LEVEL,OTHER,NO DEFECTS,ON SCENE,NO INJURY / DRIVE AWAY,,,,"OVER $1,500",07/26/2025 07:30:00 PM,UNABLE TO DETERMINE,NOT APPLICABLE,9020,S,JUSTINE ST,2221,,,,,,,1,NO INDICATION OF INJURY,0,0,0,0,0,1,0,19,7,7,41.7296939478,-87.6618159895,POINT (-87.661815989475 41.729693947812)
6059b6dd630df186646230fc4ca14f20197ff78c15d225eb2f6073c5a3a2f4a5825f64bae8d06c13c33f40fe71ee368d752f9096b2f9bf166b74e41a5658bd2f,,07/26/2025 07:00:00 PM,30,STOP SIGN/FLASHER,FUNCTIONING PROPERLY,CLEAR,DAYLIGHT,PEDALCYCLIST,NOT DIVIDED,,STRAIGHT AND LEVEL,DRY,UNKNOWN,ON SCENE,NO INJURY / DRIVE AWAY,,,,"OVER $1,500",07/26/2025 07:07:00 PM,FAILING TO YIELD RIGHT-OF-WAY,NOT APPLICABLE,4737,W,84TH PL,834,,,Y,,,,2,NO INDICATION OF INJURY,0,0,0,0,0,3,0,19,7,7,41.7385447781,-87.7404069914,POINT (-87.740406991423 41.73854477806)
b36f99b62618cafacccdc41f56501ec2c98d8e696bf7ac9ee3f2783b818c521097d80657772582bd511c3566ccfcb1507c2f026d4f88cf640b4a9d2dac5eaa31,,07/26/2025 07:00:00 PM,30,NO CONTROLS,NO CONTROLS,CLEAR,DAYLIGHT,TURNING,ONE-WAY,,STRAIGHT AND LEVEL,DRY,NO DEFECTS,NOT ON SCENE (DESK REPORT),NO INJURY / DRIVE AWAY,,,,"OVER $1,500",07/26/2025 09:15:00 PM,IMPROPER LANE USAGE,IMPROPER TURNING/NO SIGNAL,662,W,RANDOLPH ST,121,,,,,,,2,NO INDICATION OF INJURY,0,0,0,0,0,2,0,19,7,7,41.8845283665,-87.6452026996,POINT (-87.645202699614 41.884528366456)
46f333f68d801eb33173ea5991643daae06641d85f0a4e21b16d4097f0e9b05a917d219f3e1bfa56882581ab7a488526c1c0df14adc96f0120da1072c6517ee4,,07/26/2025 06:55:00 PM,30,NO CONTROLS,NO CONTROLS,CLEAR,DAYLIGHT,SIDESWIPE SAME DIRECTION,NOT DIVIDED,,STRAIGHT AND LEVEL,DRY,NO DEFECTS,NOT ON SCENE (DESK REPORT),NO INJURY / DRIVE AWAY,,,,"$501 - $1,500",07/26/2025 10:30:00 PM,IMPROPER OVERTAKING/PASSING,NOT APPLICABLE,2359,N,HARLEM AVE,2512,,,,,,,2,NO INDICATION OF INJURY,0,0,0,0,0,2,0,18,7,7,41.9227786079,-87.8060705036,POINT (-87.806070503626 41.922778607911)