CRASH_RECORD_ID,CRASH_DATE_EST_I,CRASH_DATE,POSTED_SPEED_LIMIT,TRAFFIC_CONTROL_DEVICE,DEVICE_CONDITION,WEATHER_CONDITION,LIGHTING_CONDITION,FIRST_CRASH_TYPE,TRAFFICWAY_TYPE,LANE_CNT,ALIGNMENT,ROADWAY_SURFACE_COND,ROAD_DEFECT,REPORT_TYPE,CRASH_TYPE,INTERSECTION_RELATED_I,NOT_RIGHT_OF_WAY_I,HIT_AND_RUN_I,DAMAGE,DATE_POLICE_NOTIFIED,PRIM_CONTRIBUTORY_CAUSE,SEC_CONTRIBUTORY_CAUSE,STREET_NO,STREET_DIRECTION,STREET_NAME,BEAT_OF_OCCURRENCE,PHOTOS_TAKEN_I,STATEMENTS_TAKEN_I,DOORING_I,WORK_ZONE_I,WORK_ZONE_TYPE,WORKERS_PRESENT_I,NUM_UNITS,MOST_SEVERE_INJURY,INJURIES_TOTAL,INJURIES_FATAL,INJURIES_INCAPACITATING,INJURIES_NON_INCAPACITATING,INJURIES_REPORTED_NOT_EVIDENT,INJURIES_NO_INDICATION,INJURIES_UNKNOWN,CRASH_HOUR,CRASH_DAY_OF_WEEK,CRASH_MONTH,LATITUDE,LONGITUDE,LOCATION
a3d371146d43675f064af948149812287ee1e79737978e8a5ac4ca7b9c8254ebbc6c006ae9b8d670e4314486abe70d62c159cd754da4a1e5e52627118ff1819c,,07/26/2025 06:55:00 PM,30,NO CONTROLS,NO CONTROLS,CLEAR,DAYLIGHT,HEAD ON,DIVIDED - W/MEDIAN (NOT RAISED),,STRAIGHT AND LEVEL,DRY,NO DEFECTS,ON SCENE,INJURY AND / OR TOW DUE TO CRASH,,,,"OVER $1,500",07/26/2025 06:59:00 PM,UNDER THE INFLUENCE OF ALCOHOL/DRUGS (USE WHEN ARREST IS EFFECTED),UNDER THE INFLUENCE OF ALCOHOL/DRUGS (USE WHEN ARREST IS EFFECTED),5520,N,LAKE SHORE DR SB,2023,,Y,,,,,4,INCAPACITATING INJURY,4,0,2,2,0,4,0,18,7,7,41.9825947356,-87.6531310742,POINT (-87.653131074228 41.982594735561)
9a9e8f97498cea8f0b73d66c067eab3122177e743dd45750007b377d17c61d2ede2fe8d736cfd223e2eab27cc603dd9c4ad0ba8bb00fbd5ac8bfd903c7414cdc,,07/26/2025 06:54:00 PM,30,TRAFFIC SIGNAL,FUNCTIONING PROPERLY,CLEAR,DAWN,PEDALCYCLIST,"FIVE POINT, OR MORE",,STRAIGHT AND LEVEL,DRY,NO DEFECTS,NOT ON SCENE (DESK REPORT),NO INJURY / DRIVE AWAY,,,,"OVER $1,500",07/26/2025 08:05:00 PM,UNABLE TO DETERMINE,UNABLE TO DETERMINE,1563,N,DAMEN AVE,1424,,,,,,,2,NO INDICATION OF INJURY,0,0,0,0,0,2,0,18,7,7,41.9101485948,-87.6772955183,POINT (-87.677295518268 41.910148594829)
4cdb37ef3fa95af1648ae84564ce5c30d2a1aee12676bc14ebb4a02686afe6c3a5057446010e0a283222696ee4743df6866291a399ff1b104d3ab37309f8d9c7,,07/26/2025 06:50:00 PM,30,TRAFFIC SIGNAL,FUNCTIONING PROPERLY,CLEAR,DAYLIGHT,REAR END,FOUR WAY,,STRAIGHT AND LEVEL,DRY,NO DEFECTS,NOT ON SCENE (DESK REPORT),NO INJURY / DRIVE AWAY,Y,,,"OVER $1,500",07/26/2025 07:00:00 PM,FOLLOWING TOO CLOSELY,UNABLE TO DETERMINE,5010,S,PULASKI RD,815,,,,,,,2,NO INDICATION OF INJURY,0,0,0,0,0,2,0,18,7,7,41.801951319,-87.7235593925,POINT (-87.72355939247 41.801951318968)
097a76351ba3fb72e9c02b4b673a465e78e68d20879abe167eb0f59580016ffc46ac06bc280e760e879d4c8f42f8157243aebc00428e18ea7f80a7641d1a2bc4,,07/26/2025 06:48:00 PM,30,NO CONTROLS,NO CONTROLS,CLEAR,DAYLIGHT,SIDESWIPE SAME DIRECTION,NOT DIVIDED,,STRAIGHT AND LEVEL,DRY,NO DEFECTS,,NO INJURY / DRIVE AWAY,,,,"OVER $1,500",07/26/2025 07:15:00 PM,UNABLE TO DETERMINE,UNABLE TO DETERMINE,10510,S,AVENUE M,432,,,,,,,2,NO INDICATION OF INJURY,0,0,0,0,0,2,0,18,7,7,41.7041975085,-87.5378491105,POINT (-87.537849110478 41.704197508546)
0da0c375bdfda91dda83cfa0500329239fc9bcfc095e5cd89ad9c61f1f66cfa1ff8e11ac69ac586579e2b00cd425a577d45905801a8eba7d1d6ab61e33984cc6,,07/26/2025 06:46:00 PM,30,NO CONTROLS,NO CONTROLS,CLEAR,DAYLIGHT,SIDESWIPE SAME DIRECTION,ONE-WAY,,STRAIGHT AND LEVEL,DRY,NO DEFECTS,,INJURY AND / OR TOW DUE TO CRASH,,,,"OVER $1,500",07/26/2025 06:46:00 PM,UNABLE TO DETERMINE,UNABLE TO DETERMINE,1433,W,BERTEAU AVE,1912,,,,,,,2,"REPORTED, NOT EVIDENT",1,0,0,0,1,2,0,18,7,7,41.9578865864,-87.6657877954,POINT (-87.665787795376 41.957886586379)
63ac4522ac4b45b34420a559415bd816854b1ce71b378949cf5e8c4cf9eb73806beb8b11ab8aa9833f2b34e45e84e9221d580bd3dc6e486b8642138ebaaedb86,,07/26/2025 06:42:00 PM,35,TRAFFIC SIGNAL,FUNCTIONING PROPERLY,CLEAR,DAYLIGHT,REAR END,OTHER,,STRAIGHT AND LEVEL,DRY,NO DEFECTS,ON SCENE,NO INJURY / DRIVE AWAY,,,,"OVER $1,500",07/26/2025 06:42:00 PM,FAILING TO REDUCE SPEED TO AVOID CRASH,FAILING TO REDUCE SPEED TO AVOID CRASH,5500,S,INDIANA AVE,231,,,,,,,3,NO INDICATION OF INJURY,0,0,0,0,0,3,0,18,7,7,41.7943689623,-87.6209833126,POINT (-87.620983312554 41.794368962316)
ec076858049af796e32aed419804610b17a5e388b38443a63089f3f26ff800488749f2bdf29c9969863476246fb39891850f33139c55f7a34b23440e7920dfb4,,07/26/2025 06:37:00 PM,40,TRAFFIC SIGNAL,FUNCTIONING PROPERLY,CLEAR,DAYLIGHT,SIDESWIPE SAME DIRECTION,DIVIDED - W/MEDIAN BARRIER,,STRAIGHT AND LEVEL,DRY,NO DEFECTS,ON SCENE,NO INJURY / DRIVE AWAY,,,,"OVER $1,500",07/26/2025 06:38:00 PM,IMPROPER OVERTAKING/PASSING,NOT APPLICABLE,1200,S,LAKE SHORE DR NB,132,,,,,,,2,NO INDICATION OF INJURY,0,0,0,0,0,4,0,18,7,7,41.8674842272,-87.6191503834,POINT (-87.619150383382 41.867484227164)
a2403c9adde30080dadb6071cf672ed99bf370c26afa0806fbb434132bcde21d3508553654d70270d3e9d58b05d416b2a6dc093151210c60f93627a652e44042,,07/26/2025 06:33:00 PM,30,UNKNOWN,UNKNOWN,CLOUDY/OVERCAST,DAYLIGHT,SIDESWIPE SAME DIRECTION,NOT DIVIDED,,STRAIGHT AND LEVEL,UNKNOWN,UNKNOWN,NOT ON SCENE (DESK REPORT),NO INJURY / DRIVE AWAY,,,,"OVER $1,500",07/26/2025 07:00:00 PM,UNABLE TO DETERMINE,UNABLE TO DETERMINE,770,N,MILWAUKEE AVE,1214,,,,,,,2,NO INDICATION OF INJURY,0,0,0,0,0,2,0,18,7,7,41.8957962445,-87.6549535956,POINT (-87.654953595644 41.895796244484)
ca82023f9c3d75c176399f3ac82d2fc4dcd7c15a0e824654bdd79509728694feff65fe0c4ae501d024003121c5cc3eb031c7b9f6ffb5a695c56271c463a3eb85,,07/26/2025 06:30:00 PM,30,NO CONTROLS,UNKNOWN,CLEAR,DAYLIGHT,PARKED MOTOR VEHICLE,NOT DIVIDED,,STRAIGHT AND LEVEL,DRY,NO DEFECTS,ON SCENE,NO INJURY / DRIVE AWAY,,,,"OVER $1,500",07/26/2025 06:33:00 PM,UNABLE TO DETERMINE,UNABLE TO DETERMINE,1925,N,LINCOLN AVE,1814,,,,,,,2,NO INDICATION OF INJURY,0,0,0,0,0,1,0,18,7,7,41.9172171185,-87.6370439858,POINT (-87.637043985827 41.917217118531)
d7e39b8139733fe9f11c5fc4518c20189b92f2e5501e3de37b9374130849ec14132c6a6bcaf4cfa0bf2b380f806081f421077012018f858e19574cff42594505,,07/26/2025 06:30:00 PM,30,NO CONTROLS,NO CONTROLS,RAIN,DUSK,SIDESWIPE SAME DIRECTION,NOT DIVIDED,,STRAIGHT AND LEVEL,WET,NO DEFECTS,NOT ON SCENE (DESK REPORT),NO INJURY / DRIVE AWAY,,,,"OVER $1,500",07/26/2025 09:00:00 PM,UNABLE TO DETERMINE,UNABLE TO DETERMINE,13313,S,INDIANA AVE,533,,,,,,,2,NO INDICATION OF INJURY,0,0,0,0,0,2,0,18,7,7,41.6532127009,-87.6171000611,POINT (-87.617100061054 41.653212700885)
ec67fafedafe61a43c961a816504b483d3c2c825f89e5ae7db6b73e9c23352ac5756a198a5d93ba755d45c9fab96365d12e01374463d8191eec583ca163b3fef,,07/26/2025 06:22:00 PM,30,TRAFFIC SIGNAL,FUNCTIONING PROPERLY,CLEAR,DAYLIGHT,PARKED MOTOR VEHICLE,FOUR WAY,,STRAIGHT AND LEVEL,DRY,NO DEFECTS,ON SCENE,INJURY AND / OR TOW DUE TO CRASH,Y,,,"OVER $1,500",07/26/2025 06:22:00 PM,IMPROPER TURNING/NO SIGNAL,IMPROPER TURNING/NO SIGNAL,2359,W,DEVON AVE,2413,,,,,,,3,"REPORTED, NOT EVIDENT",1,0,0,0,1,10,0,18,7,7,41.9976214911,-87.689817437,POINT (-87.689817436992 41.997621491136)
a1686ca3f1d485e50e76b5d233c1f5932d6170830ca77d4cb512a2417f58b0bfbf080f8ea9b9bedfb255bbb0ffed37332bec1793e2686c448a52dec0903d9f0e,,07/26/2025 06:21:00 PM,30,STOP SIGN/FLASHER,FUNCTIONING PROPERLY,CLEAR,DAYLIGHT,REAR TO SIDE,NOT DIVIDED,,STRAIGHT AND LEVEL,DRY,NO DEFECTS,NOT ON SCENE (DESK REPORT),NO INJURY / DRIVE AWAY,,,,"OVER $1,500",07/26/2025 06:48:00 PM,FAILING TO YIELD RIGHT-OF-WAY,NOT APPLICABLE,3400,W,GRACE ST,1732,,,,,,,2,NO INDICATION OF INJURY,0,0,0,0,0,2,0,18,7,7,41.95032501,-87.7128715616,POINT (-87.712871561643 41.950325009961)
6842b7925d480d4570de127d20609d6d0e3099e8d831aa89b50b5bc9ef1f011e95e6cecd4f5c8f9c2ff67e52c728339399a195212d79643a98a8c136d1982320,Y,07/26/2025 06:20:00 PM,20,TRAFFIC SIGNAL,FUNCTIONING PROPERLY,CLEAR,DAYLIGHT,TURNING,DIVIDED - W/MEDIAN (NOT RAISED),,STRAIGHT AND LEVEL,DRY,NO DEFECTS,NOT ON SCENE (DESK REPORT),NO INJURY / DRIVE AWAY,,,Y,$500 OR LESS,07/28/2025 11:20:00 AM,UNABLE TO DETERMINE,UNABLE TO DETERMINE,1300,S,COLUMBUS DR,132,,,,,,,2,NO INDICATION OF INJURY,0,0,0,0,0,2,0,18,7,7,41.8657136996,-87.6198913309,POINT (-87.619891330891 41.86571369964)
0574cdbf1dc40f4d89c1e1aafd553ca0e91d99a3b566af7e5463e95435802d9216323c0ad16b5b76207edd91c04f076efb94ad38ed10b292af27ab24ecd80f2a,,07/26/2025 06:17:00 PM,30,NO CONTROLS,UNKNOWN,CLEAR,DAWN,PARKED MOTOR VEHICLE,OTHER,,STRAIGHT AND LEVEL,UNKNOWN,UNKNOWN,,NO INJURY / DRIVE AWAY,,,Y,"OVER $1,500",07/26/2025 11:30:00 PM,UNABLE TO DETERMINE,UNABLE TO DETERMINE,8405,S,HOYNE AVE,614,,,,,,,2,NO INDICATION OF INJURY,0,0,0,0,0,1,0,18,7,7,41.740887541,-87.6751973502,POINT (-87.675197350172 41.740887541008)
77c9a5fcdbe15187f24cefdfa02caa8054bca351bab9bd1e4baf412329add9585c32bcb468ae64afabd44812a6c52d54afcf5759c7d4ad2f6ce1be899c538e2d,,07/26/2025 06:17:00 PM,30,TRAFFIC SIGNAL,FUNCTIONING PROPERLY,CLEAR,DAYLIGHT,SIDESWIPE SAME DIRECTION,NOT DIVIDED,,STRAIGHT AND LEVEL,DRY,NO DEFECTS,ON SCENE,NO INJURY / DRIVE AWAY,,,,"OVER $1,500",07/26/2025 06:17:00 PM,FAILING TO YIELD RIGHT-OF-WAY,NOT APPLICABLE,5098,W,GRAND AVE,2533,,,,,,,2,NO INDICATION OF INJURY,0,0,0,0,0,3,0,18,7,7,41.9169309193,-87.7532812015,POINT (-87.75328120149 41.91693091928)
0becc392815331740533329a0b84149eb27732adde2b7877b85a8ebdf6207a71f47bfbfeb7475a792d253c9c949101e78dfbd17bcd3c5ecab8a82c415c4a67f9,,07/26/2025 06:00:00 PM,25,NO CONTROLS,NO CONTROLS,CLEAR,DUSK,PARKED MOTOR VEHICLE,PARKING LOT,,STRAIGHT AND LEVEL,DRY,NO DEFECTS,NOT ON SCENE (DESK REPORT),NO INJURY / DRIVE AWAY,,Y,,"OVER $1,500",07/26/2025 07:50:00 PM,UNABLE TO DETERMINE,UNABLE TO DETERMINE,3600,W,59TH ST,822,,,,,,,2,NO INDICATION OF INJURY,0,0,0,0,0,1,0,18,7,7,41.7861965449,-87.7134894218,POINT (-87.713489421846 41.786196544925)
7ada4bd6ce49d6509b0536a327b4dfac18a65781397a305ea9fee8604261203df6e77e329f8ad70791c1279c5fc11444322668246a7be8b345585b2ea488104f,,07/26/2025 06:00:00 PM,30,STOP SIGN/FLASHER,FUNCTIONING PROPERLY,CLEAR,DUSK,REAR END,NOT DIVIDED,,STRAIGHT AND LEVEL,DRY,NO DEFECTS,NOT ON SCENE (DESK REPORT),NO INJURY / DRIVE AWAY,,,Y,"OVER $1,500",07/26/2025 09:15:00 PM,UNABLE TO DETERMINE,NOT APPLICABLE,7496,S,MAPLEWOOD AVE,835,,,,,,,2,NO INDICATION OF INJURY,0,0,0,0,0,3,0,18,7,7,41.7575363335,-87.686849552,POINT (-87.68684955201 41.757536333527)
91a5173ae5b1d0214c70a7d9c2851e3fa1136eb4fea7012cb46be1203e2d3d18a7972a693c88a8805016a640c12f7cfe2b3bf0ed777717bc9eb0fa14bb785a68,,07/26/2025 06:00:00 PM,30,UNKNOWN,UNKNOWN,UNKNOWN,UNKNOWN,PARKED MOTOR VEHICLE,NOT DIVIDED,,STRAIGHT AND LEVEL,UNKNOWN,UNKNOWN,NOT ON SCENE (DESK REPORT),NO INJURY / DRIVE AWAY,,,,"OVER $1,500",07/27/2025 11:30:00 AM,UNABLE TO DETERMINE,UNABLE TO DETERMINE,2944,N,MILDRED AVE,1933,,,,,,,2,NO INDICATION OF INJURY,0,0,0,0,0,1,0,18,7,7,41.9358304013,-87.6516926697,POINT (-87.651692669734 41.935830401321)
22c550c3242d965ef1e99a72774a424aa9ce98470b79f1ed5346a23a4669b91495ad6edbc26d144b4f766540efb929aed0426f9ee477d6eec227aef422b2e0f4,,07/26/2025 05:50:00 PM,30,NO CONTROLS,NO CONTROLS,CLEAR,DAYLIGHT,PARKED MOTOR VEHICLE,PARKING LOT,,STRAIGHT AND LEVEL,DRY,NO DEFECTS,NOT ON SCENE (DESK REPORT),NO INJURY / DRIVE AWAY,,,Y,"$501 - $1,500",07/26/2025 06:50:00 PM,UNABLE TO DETERMINE,NOT APPLICABLE,5300,S,KEDZIE AVE,822,,,,,,,2,NO INDICATION OF INJURY,0,0,0,0,0,1,0,17,7,7,41.7971189233,-87.7038049262,POINT (-87.703804926209 41.797118923256)
78bd5752a12525ce96f36e3f4c7f5aca3b8b00156d54bfda94aaae9ff22ddf05eeae893d1a510e8b964fa205627a7a85ad20ccbb9b7150601ab9785ed3fff530,,07/26/2025 05:49:00 PM,30,NO CONTROLS,NO CONTROLS,CLEAR,DAYLIGHT,ANGLE,DIVIDED - W/MEDIAN (NOT RAISED),,STRAIGHT AND LEVEL,DRY,NO DEFECTS,NOT ON SCENE (DESK REPORT),NO INJURY / DRIVE AWAY,,,Y,"OVER $1,500",07/26/2025 07:40:00 PM,FAILING TO YIELD RIGHT-OF-WAY,NOT APPLICABLE,5710,W,WASHINGTON BLVD,1512,,,,,,,2,NO INDICATION OF INJURY,0,0,0,0,0,2,0,17,7,7,41.8822938248,-87.7687086571,POINT (-87.768708657124 41.882293824845)
ddf5c9e67239e7bff5e66331bb8be636d55f2db3c259a81a83d336091858ecb277cd7f95d11af958416df951a5fa8e0ae70f56aafa29b4eb38ac363dc5664b98,,07/26/2025 05:49:00 PM,30,TRAFFIC SIGNAL,FUNCTIONING PROPERLY,CLEAR,DAYLIGHT,PEDALCYCLIST,Y-INTERSECTION,,STRAIGHT ON GRADE,DRY,NO DEFECTS,ON SCENE,INJURY AND / OR TOW DUE TO CRASH,Y,,,"$501 - $1,500",07/26/2025 05:51:00 PM,FAILING TO YIELD RIGHT-OF-WAY,NOT APPLICABLE,260,W,CERMAK RD,914,,,,,,,2,NONINCAPACITATING INJURY,1,0,0,1,0,1,0,17,7,7,41.8529383415,-87.6344467673,POINT (-87.634446767261 41.852938341547)
6909f9de67e8191132d5fbfc1078637c8a7b30490c0fc2b568d66091aab55a409976dcd4ac0bdfa169a8c63f82cbf6a3d7acdad045c2bf2b4ed771722d8c2d65,,07/26/2025 05:39:00 PM,30,UNKNOWN,FUNCTIONING PROPERLY,UNKNOWN,UNKNOWN,OTHER OBJECT,UNKNOWN,,STRAIGHT AND LEVEL,UNKNOWN,NO DEFECTS,ON SCENE,NO INJURY / DRIVE AWAY,,Y,Y,"OVER $1,500",07/31/2025 04:45:00 PM,IMPROPER BACKING,UNABLE TO DETERMINE,3637,N,CENTRAL AVE,1633,,,,,,,1,NO INDICATION OF INJURY,0,0,0,0,0,1,0,17,7,7,41.9470147117,-87.7666490521,POINT (-87.766649052068 41.947014711664)
ba76dbc632f7c76cb2ae26b93f9221a286952158a6da8e2f5f770f65707f1b0d2117cfe48f2d0549cb768ef9bdb036031af5038c08c373e1707af3020fcc90ba,,07/26/2025 05:38:00 PM,30,NO CONTROLS,NO CONTROLS,CLEAR,DAYLIGHT,REAR TO FRONT,DIVIDED - W/MEDIAN (NOT RAISED),,STRAIGHT AND LEVEL,DRY,NO DEFECTS,NOT ON SCENE (DESK REPORT),NO INJURY / DRIVE AWAY,,,,"OVER $1,500",07/26/2025 05:50:00 PM,IMPROPER BACKING,UNABLE TO DETERMINE,2129,W,NORTH AVE,1424,,,,,,,2,NO INDICATION OF INJURY,0,0,0,0,0,2,0,17,7,7,41.9103068777,-87.6811257204,POINT (-87.681125720422 41.910306877743)
e231aeeb79644f8f1369fe40d26425f8177ba5f19f2a2ca7c684e9ac7c2202a6cedf6f163a872ce89404abdae420af0e208c8efeccd8ca240f22b157f46007df,,07/26/2025 05:35:00 PM,30,STOP SIGN/FLASHER,FUNCTIONING PROPERLY,CLEAR,DAYLIGHT,ANGLE,NOT DIVIDED,,STRAIGHT AND LEVEL,DRY,UNKNOWN,ON SCENE,INJURY AND / OR TOW DUE TO CRASH,Y,,,"OVER $1,500",07/26/2025 05:36:00 PM,DISREGARDING STOP SIGN,UNABLE TO DETERMINE,10400,S,AVENUE M,432,,,,,,,2,NONINCAPACITATING INJURY,1,0,0,1,0,1,0,17,7,7,41.706303221,-87.5378525208,POINT (-87.537852520792 41.706303220965)
3b70fb6855fd582ccdffdb15571cfb349a78b49e0aba80a1c6a72d3202251c5bd872e5f396b7dd85f57daaee630083dff05eb3990d4dc172aa8a12da28b7e427,,07/26/2025 05:34:00 PM,30,NO CONTROLS,NO CONTROLS,CLEAR,DAYLIGHT,TURNING,FOUR WAY,,STRAIGHT AND LEVEL,DRY,UNKNOWN,NOT ON SCENE (DESK REPORT),NO INJURY / DRIVE AWAY,,,,"OVER $1,500",07/26/2025 05:53:00 PM,IMPROPER TURNING/NO SIGNAL,NOT APPLICABLE,9901,S,HALSTED ST,2232,,,,,,,2,NO INDICATION OF INJURY,0,0,0,0,0,3,0,17,7,7,41.7141256493,-87.6428525474,POINT (-87.642852547443 41.714125649277)
75b014875707cab1583b0bebaa826f13444d825f96a00ac66df67627a1989b609d7b4db79f1d919bd5bbb6107e4e3ef1c4ddd17f5ab07407955d315a9240f6e9,,07/26/2025 05:30:00 PM,30,NO CONTROLS,NO CONTROLS,CLEAR,DAYLIGHT,PARKED MOTOR VEHICLE,DIVIDED - W/MEDIAN (NOT RAISED),,STRAIGHT AND LEVEL,DRY,NO DEFECTS,NOT ON SCENE (DESK REPORT),NO INJURY / DRIVE AWAY,,,Y,"$501 - $1,500",07/26/2025 08:12:00 PM,FOLLOWING TOO CLOSELY,NOT APPLICABLE,5708,S,AUSTIN AVE,811,,,,,,,2,NO INDICATION OF INJURY,0,0,0,0,0,1,0,17,7,7,41.7885517658,-87.7720565533,POINT (-87.77205655326 41.788551765787)
771538d1696dd4f0fa64322bf55dee2be609a1818ee7d0fd872c978dc585cf149ce59e071abf82d218b3466efa8523075de2743bfe0ad0d92f34d30ac7d4d6cd,,07/26/2025 05:30:00 PM,20,STOP SIGN/FLASHER,FUNCTIONING PROPERLY,CLEAR,DAYLIGHT,SIDESWIPE SAME DIRECTION,NOT DIVIDED,,STRAIGHT AND LEVEL,DRY,NO DEFECTS,NOT ON SCENE (DESK REPORT),NO INJURY / DRIVE AWAY,,,,"$501 - $1,500",07/27/2025 11:25:00 AM,IMPROPER OVERTAKING/PASSING,FOLLOWING TOO CLOSELY,4804,W,ARTHINGTON ST,1533,,,,,,,2,NO INDICATION OF INJURY,0,0,0,0,0,2,0,17,7,7,41.8694645015,-87.7451036413,POINT (-87.745103641301 41.869464501484)
4fbf03055bc8ac9a296b0865d24e40a8b3f027d1745112553fa8c9b3023d304ceea50cc1eba8199735ae61933fa845f8cbc164cb89a0bbec656cba9cfae71bf9,,07/26/2025 05:27:00 PM,30,TRAFFIC SIGNAL,FUNCTIONING PROPERLY,CLEAR,DAYLIGHT,SIDESWIPE SAME DIRECTION,NOT DIVIDED,,STRAIGHT AND LEVEL,DRY,UNKNOWN,ON SCENE,NO INJURY / DRIVE AWAY,,,,$500 OR LESS,07/26/2025 05:35:00 PM,IMPROPER OVERTAKING/PASSING,IMPROPER LANE USAGE,5300,S,KEDZIE AVE,822,,,,,,,2,NO INDICATION OF INJURY,0,0,0,0,0,3,0,17,7,7,41.7971189233,-87.7038049262,POINT (-87.703804926209 41.797118923256)
53625d5bc0f7390750b6c08b3168e7429e97f7435655ed71d6fc1ca82f0bce0852abf920c83aca6f92585bdc907fa568cbe98753ab1bd057e4ef348ca2d682ef,,07/26/2025 05:14:00 PM,30,NO CONTROLS,NO CONTROLS,CLEAR,DAYLIGHT,PARKED MOTOR VEHICLE,DIVIDED - W/MEDIAN (NOT RAISED),,STRAIGHT AND LEVEL,DRY,NO DEFECTS,NOT ON SCENE (DESK REPORT),NO INJURY / DRIVE AWAY,,,Y,"OVER $1,500",07/29/2025 09:03:00 AM,UNABLE TO DETERMINE,NOT APPLICABLE,5786,S,ARCHER AVE,814,,,,,,,2,NO INDICATION OF INJURY,0,0,0,0,0,1,0,17,7,7,41.7965179466,-87.7579177965,POINT (-87.75791779651 41.796517946551)
c7df5977601d6a3110489c9b227456f42d913855a21c144ba73cb9bcb262fedb4ee4321e49c00fea856c7fa9e87f615932bf3c49711540b64b89f4276bf09ffe,,07/26/2025 05:10:00 PM,30,NO CONTROLS,NO CONTROLS,CLEAR,DAYLIGHT,REAR END,DIVIDED - W/MEDIAN (NOT RAISED),,STRAIGHT AND LEVEL,DRY,NO DEFECTS,ON SCENE,NO INJURY / DRIVE AWAY,,,Y,$500 OR LESS,07/26/2025 05:10:00 PM,FOLLOWING TOO CLOSELY,NOT APPLICABLE,5498,W,NORTH AVE,2532,,,,,,,2,NO INDICATION OF INJURY,0,0,0,0,0,3,0,17,7,7,41.9095194361,-87.7629566879,POINT (-87.762956687904 41.909519436051)
d6e2a5d950b9c68a727772a02de6769cb6c59a2f1d63657303be0c56a550264d3b1b91ca59a8e5fd0e735a1e3f72a422c3aa7fdb9efaba6eeb0025caaf97f7a9,Y,07/26/2025 05:10:00 PM,30,NO CONTROLS,NO CONTROLS,CLEAR,DAYLIGHT,SIDESWIPE SAME DIRECTION,NOT DIVIDED,,STRAIGHT AND LEVEL,DRY,NO DEFECTS,NOT ON SCENE (DESK REPORT),NO INJURY / DRIVE AWAY,,,,"$501 - $1,500",07/29/2025 11:59:00 AM,IMPROPER OVERTAKING/PASSING,NOT APPLICABLE,850,N,LAKE SHORE DR,1833,,,,,,,2,NO INDICATION OF INJURY,0,0,0,0,0,2,0,17,7,7,41.8981058529,-87.6180972157,POINT (-87.618097215676 41.898105852915)
fe726ade521dbc2a405a4414a9a3520d0b90bcce333ae4a45bb0143dea63901fc0cd76717c51489ab65d4d17abc310fda12e8660939dcdd2182011bd1563d9d8,,07/26/2025 05:10:00 PM,30,TRAFFIC SIGNAL,FUNCTIONING PROPERLY,CLEAR,DAYLIGHT,ANGLE,DIVIDED - W/MEDIAN (NOT RAISED),,STRAIGHT AND LEVEL,DRY,NO DEFECTS,NOT ON SCENE (DESK REPORT),NO INJURY / DRIVE AWAY,Y,,,"OVER $1,500",07/28/2025 02:00:00 PM,UNABLE TO DETERMINE,UNABLE TO DETERMINE,3500,S,WENTWORTH AVE,915,,,,,,,2,NO INDICATION OF INJURY,0,0,0,0,0,2,0,17,7,7,41.8309224418,-87.6316505184,POINT (-87.631650518377 41.830922441769)
89e0e41a586dfc6e28b5cf3ae7eb6acf1110ebae4b8ec661c70aec84dd107a1db8ac5307f80c425747b4bd202a1d7e21e385354c8c0f16bd3a46104651dbdd7a,,07/26/2025 05:06:00 PM,30,NO CONTROLS,NO CONTROLS,CLEAR,DAYLIGHT,PEDALCYCLIST,ALLEY,,STRAIGHT AND LEVEL,DRY,UNKNOWN,ON SCENE,INJURY AND / OR TOW DUE TO CRASH,,,Y,$500 OR LESS,07/26/2025 05:06:00 PM,FAILING TO REDUCE SPEED TO AVOID CRASH,NOT APPLICABLE,3243,W,WILSON AVE,1724,,,,,,,2,NONINCAPACITATING INJURY,1,0,0,1,0,1,0,17,7,7,41.9645772026,-87.710112657,POINT (-87.71011265699 41.964577202584)
e1f45946a5162697ebaf925f1dfce21d625a07b96abca9f4f63cf440cc18ce66594dbadae2fa92a425a05a5e4a2dbe4e6babe57008f34dee1d347b49e81ade33,,07/26/2025 05:05:00 PM,25,UNKNOWN,UNKNOWN,UNKNOWN,UNKNOWN,SIDESWIPE OPPOSITE DIRECTION,NOT DIVIDED,,STRAIGHT AND LEVEL,UNKNOWN,UNKNOWN,NOT ON SCENE (DESK REPORT),NO INJURY / DRIVE AWAY,,,,"OVER $1,500",07/26/2025 06:30:00 PM,NOT APPLICABLE,NOT APPLICABLE,1379,N,WOLCOTT AVE,1424,,,,,,,2,NO INDICATION OF INJURY,0,0,0,0,0,2,0,17,7,7,41.9067440018,-87.6731221958,POINT (-87.673122195845 41.906744001776)
2dfd5fec595e5cd9869b3241aede762930f5508e2b440171178405785767d27390177e8b775d5f397f4e8bd577b41a35e4e16534770e19945d82ac06eb595297,,07/26/2025 05:00:00 PM,30,STOP SIGN/FLASHER,FUNCTIONING PROPERLY,CLEAR,DAYLIGHT,SIDESWIPE OPPOSITE DIRECTION,NOT DIVIDED,,STRAIGHT AND LEVEL,DRY,NO DEFECTS,NOT ON SCENE (DESK REPORT),NO INJURY / DRIVE AWAY,,,Y,"OVER $1,500",07/26/2025 06:15:00 PM,DRIVING ON WRONG SIDE/WRONG WAY,DRIVING ON WRONG SIDE/WRONG WAY,5300,S,HARPER AVE,234,,,,,,,2,NO INDICATION OF INJURY,0,0,0,0,0,2,0,17,7,7,41.7994686631,-87.5892361927,POINT (-87.589236192688 41.799468663076)