CRASH_RECORD_ID,CRASH_DATE_EST_I,CRASH_DATE,POSTED_SPEED_LIMIT,TRAFFIC_CONTROL_DEVICE,DEVICE_CONDITION,WEATHER_CONDITION,LIGHTING_CONDITION,FIRST_CRASH_TYPE,TRAFFICWAY_TYPE,LANE_CNT,ALIGNMENT,ROADWAY_SURFACE_COND,ROAD_DEFECT,REPORT_TYPE,CRASH_TYPE,INTERSECTION_RELATED_I,NOT_RIGHT_OF_WAY_I,HIT_AND_RUN_I,DAMAGE,DATE_POLICE_NOTIFIED,PRIM_CONTRIBUTORY_CAUSE,SEC_CONTRIBUTORY_CAUSE,STREET_NO,STREET_DIRECTION,STREET_NAME,BEAT_OF_OCCURRENCE,PHOTOS_TAKEN_I,STATEMENTS_TAKEN_I,DOORING_I,WORK_ZONE_I,WORK_ZONE_TYPE,WORKERS_PRESENT_I,NUM_UNITS,MOST_SEVERE_INJURY,INJURIES_TOTAL,INJURIES_FATAL,INJURIES_INCAPACITATING,INJURIES_NON_INCAPACITATING,INJURIES_REPORTED_NOT_EVIDENT,INJURIES_NO_INDICATION,INJURIES_UNKNOWN,CRASH_HOUR,CRASH_DAY_OF_WEEK,CRASH_MONTH,LATITUDE,LONGITUDE,LOCATION
870fbc950323768898b9777c09c69b55dae91048fe89a73062e0739e1f2108c41653630dda63dc43381eca73fb4e23dd39afc4942e8ee8685813ddb66e10b7e4,,07/26/2025 05:00:00 PM,30,NO CONTROLS,NO CONTROLS,CLEAR,DAYLIGHT,REAR END,UNKNOWN,,STRAIGHT AND LEVEL,DRY,UNKNOWN,,NO INJURY / DRIVE AWAY,,,,"OVER $1,500",07/26/2025 06:45:00 PM,UNABLE TO DETERMINE,UNABLE TO DETERMINE,4365,W,IRVING PARK RD,1731,,,,,,,3,NO INDICATION OF INJURY,0,0,0,0,0,3,0,17,7,7,41.9534209071,-87.7379969051,POINT (-87.737996905121 41.953420907104)
f439af013d51023d0c98571d34b547fe8d791455495f467997b8133df1eb85ae986e110c4038ea6c42815106d04966714326f1debb3840e98bf5508e48ed556f,,07/26/2025 05:00:00 PM,30,NO CONTROLS,UNKNOWN,CLOUDY/OVERCAST,DAYLIGHT,SIDESWIPE SAME DIRECTION,DIVIDED - W/MEDIAN (NOT RAISED),,STRAIGHT AND LEVEL,WET,UNKNOWN,ON SCENE,NO INJURY / DRIVE AWAY,,,Y,"OVER $1,500",07/26/2025 05:09:00 PM,UNABLE TO DETERMINE,UNABLE TO DETERMINE,5630,S,HALSTED ST,712,,,,,,,2,NO INDICATION OF INJURY,0,0,0,0,0,5,0,17,7,7,41.7915694794,-87.6452319438,POINT (-87.645231943828 41.791569479354)
d230e8f8420ef873d9001cae1f5d225902d05c160fbfdb2d2cf52b702fc5d6c8fd11869a220fd639e6ffa0bc2782895225fec885b22839ab4f08482bee70f64a,,07/26/2025 04:55:00 PM,35,TRAFFIC SIGNAL,FUNCTIONING PROPERLY,CLEAR,DAYLIGHT,TURNING,DIVIDED - W/MEDIAN BARRIER,,STRAIGHT AND LEVEL,DRY,NO DEFECTS,,INJURY AND / OR TOW DUE TO CRASH,Y,,,"OVER $1,500",07/26/2025 05:27:00 PM,IMPROPER OVERTAKING/PASSING,DISREGARDING ROAD MARKINGS,302,N,WABASH AVE,111,,,,,,,2,NO INDICATION OF INJURY,0,0,0,0,0,2,0,16,7,7,41.8870263409,-87.6265187233,POINT (-87.626518723328 41.887026340946)
4c69c760c3a25b0b9bebcf9ece4f6353a7aa0f1841a68cd27d8adbfae488474aab3bd74b5f6c73092e7b045c5321e0f84aafe074fe60beda90fb2e90328f6b09,,07/26/2025 04:51:00 PM,20,TRAFFIC SIGNAL,NO CONTROLS,CLEAR,DAYLIGHT,REAR END,NOT DIVIDED,,STRAIGHT AND LEVEL,DRY,NO DEFECTS,ON SCENE,INJURY AND / OR TOW DUE TO CRASH,,,,"OVER $1,500",07/26/2025 04:52:00 PM,FOLLOWING TOO CLOSELY,NOT APPLICABLE,10000,W,OHARE ST,1651,,,,,,,2,NO INDICATION OF INJURY,0,0,0,0,0,2,0,16,7,7,41.976201139,-87.9053091251,POINT (-87.905309125103 41.976201139024)
4f7c2696a1d02b561d37b84be6eebca593deca4d2aa81cbb1f1cc5860848d2fe427c7002e9b4571b94f0b82e088fe4f77fed866cccdbca3da4fe61d09b40da19,,07/26/2025 04:50:00 PM,30,TRAFFIC SIGNAL,FUNCTIONING PROPERLY,CLEAR,DAYLIGHT,REAR END,T-INTERSECTION,,STRAIGHT AND LEVEL,DRY,NO DEFECTS,ON SCENE,INJURY AND / OR TOW DUE TO CRASH,Y,,,"OVER $1,500",07/26/2025 05:01:00 PM,UNABLE TO DETERMINE,UNABLE TO DETERMINE,6750,N,ASHLAND AVE,2432,,,,,,,2,NONINCAPACITATING INJURY,2,0,0,1,1,0,0,16,7,7,42.0050625593,-87.6707321764,POINT (-87.67073217645 42.005062559304)
6351c3a40cbfa918ec9c4cfce487bda2398ad6d6239eb35584b1d64ea5f3d97ae055fd2e8492957787aa83ab6a4467f087ef7e4af88d9b6ce839322cb15609ed,,07/26/2025 04:46:00 PM,35,NO CONTROLS,NO CONTROLS,CLEAR,DAYLIGHT,REAR END,NOT DIVIDED,,STRAIGHT AND LEVEL,DRY,NO DEFECTS,NOT ON SCENE (DESK REPORT),NO INJURY / DRIVE AWAY,,,,"$501 - $1,500",07/26/2025 05:40:00 PM,DRIVING SKILLS/KNOWLEDGE/EXPERIENCE,DRIVING SKILLS/KNOWLEDGE/EXPERIENCE,1420,W,DEVON AVE,2432,,,,,,,2,NO INDICATION OF INJURY,0,0,0,0,0,2,0,16,7,7,41.9982349828,-87.6664293781,POINT (-87.666429378127 41.99823498285)
2f52da20a756a275ea539281c16f451d981642996f28ae86b300d3b873ce2914cf780d2fe0dcc7915e2ed299e189c4159844752aefa55c3c883780306e9649fa,,07/26/2025 04:45:00 PM,30,TRAFFIC SIGNAL,FUNCTIONING PROPERLY,CLEAR,DAYLIGHT,TURNING,T-INTERSECTION,,STRAIGHT AND LEVEL,UNKNOWN,UNKNOWN,ON SCENE,NO INJURY / DRIVE AWAY,Y,,,"OVER $1,500",07/26/2025 04:53:00 PM,IMPROPER TURNING/NO SIGNAL,UNABLE TO DETERMINE,1362,N,ASHLAND AVE,1433,,,,,,,2,NO INDICATION OF INJURY,0,0,0,0,0,2,0,16,7,7,41.9068505509,-87.6677331134,POINT (-87.667733113447 41.90685055086)
b4a7fb46f3855180c2599258f8baa735173e81e827f57050e49561a59d9662b8b63cdb53095bf92e2aeff5b649e387b76b3fd51f610d4fd55dcb82ee1f998205,,07/26/2025 04:40:00 PM,30,UNKNOWN,UNKNOWN,CLOUDY/OVERCAST,DAYLIGHT,SIDESWIPE SAME DIRECTION,DIVIDED - W/MEDIAN BARRIER,,STRAIGHT AND LEVEL,UNKNOWN,UNKNOWN,NOT ON SCENE (DESK REPORT),NO INJURY / DRIVE AWAY,,,,"OVER $1,500",07/26/2025 06:00:00 PM,UNABLE TO DETERMINE,UNABLE TO DETERMINE,600,N,LAKE SHORE DR NB,1834,,,,,,,2,NO INDICATION OF INJURY,0,0,0,0,0,2,0,16,7,7,41.8926672756,-87.6143625489,POINT (-87.614362548909 41.89266727562)
c9488ca4eced36f336048a8eb5fabca64a06f338f93e6f04a009e8fb4f72ebcaa2c96004d5f5d2b77bc65f354d70c02ffafc15119d173fc3d40a33f33c186df0,,07/26/2025 04:40:00 PM,30,STOP SIGN/FLASHER,FUNCTIONING PROPERLY,CLEAR,DAYLIGHT,REAR END,DIVIDED - W/MEDIAN (NOT RAISED),,STRAIGHT AND LEVEL,DRY,NO DEFECTS,NOT ON SCENE (DESK REPORT),NO INJURY / DRIVE AWAY,Y,,Y,"OVER $1,500",07/26/2025 05:00:00 PM,FOLLOWING TOO CLOSELY,UNABLE TO DETERMINE,4300,N,KEDZIE AVE,1724,,,,,,,2,NO INDICATION OF INJURY,0,0,0,0,0,3,0,16,7,7,41.9594527181,-87.7083393206,POINT (-87.708339320628 41.959452718133)
7cc0d221c6f7d64f123a492ffa4e9bfef118a3265dd05f844ed0445880e9e6d449044858a1006c0f96e3f50c4dc4c924b7bccf759669db26d6cc2b7f4983ec5c,,07/26/2025 04:37:00 PM,30,TRAFFIC SIGNAL,FUNCTIONING PROPERLY,CLEAR,DAYLIGHT,ANGLE,FOUR WAY,,STRAIGHT AND LEVEL,DRY,NO DEFECTS,ON SCENE,INJURY AND / OR TOW DUE TO CRASH,Y,,,"OVER $1,500",07/26/2025 04:37:00 PM,DISREGARDING TRAFFIC SIGNALS,NOT APPLICABLE,808,W,87TH ST,613,,,,,,,3,"REPORTED, NOT EVIDENT",1,0,0,0,1,2,0,16,7,7,41.7361777076,-87.6440663487,POINT (-87.644066348654 41.736177707595)
0821377e829a9f98e97c17dd6fbbeae28f82fcded3407b675966b0e35160d493781dddd85e1947f375cf837e4a8aa73efd888c2bd72fbaa3c01c8892849f2c77,,07/26/2025 04:36:00 PM,30,UNKNOWN,UNKNOWN,UNKNOWN,UNKNOWN,PEDALCYCLIST,FOUR WAY,,STRAIGHT AND LEVEL,UNKNOWN,UNKNOWN,NOT ON SCENE (DESK REPORT),NO INJURY / DRIVE AWAY,Y,,,"OVER $1,500",07/26/2025 05:35:00 PM,UNABLE TO DETERMINE,UNABLE TO DETERMINE,420,W,WILSON DR,1914,,,,,,,2,NO INDICATION OF INJURY,0,0,0,0,0,2,0,16,7,7,41.9665127864,-87.643281307,POINT (-87.643281307015 41.966512786448)
3602d9ece0f5d0105d150bb639f55ad5b4181ed3624521c0001d48da6a2b2d2bcc14bdb86ec4fea2c01d7bec836cd8aba913332ecfaf4efe8cf503172191036b,,07/26/2025 04:30:00 PM,15,NO CONTROLS,NO CONTROLS,CLEAR,DAYLIGHT,PEDALCYCLIST,DRIVEWAY,,STRAIGHT AND LEVEL,UNKNOWN,UNKNOWN,ON SCENE,INJURY AND / OR TOW DUE TO CRASH,,,Y,$500 OR LESS,07/26/2025 07:15:00 PM,UNABLE TO DETERMINE,UNABLE TO DETERMINE,10200,S,HALSTED ST,2232,,,,,,,2,NONINCAPACITATING INJURY,1,0,0,1,0,1,0,16,7,7,41.7086439852,-87.6430243478,POINT (-87.643024347783 41.708643985185)
8ef2c2bbeaf381548de262b85610e493acc00824d1611e1de7258ea36857285ece0978a6ad59316845aa6d8e56d10858f8afacddbcdac29c72cb2f20901488c8,,07/26/2025 04:30:00 PM,30,NO CONTROLS,NO CONTROLS,CLEAR,DAYLIGHT,ANGLE,NOT DIVIDED,,STRAIGHT AND LEVEL,DRY,NO DEFECTS,NOT ON SCENE (DESK REPORT),NO INJURY / DRIVE AWAY,,,Y,"OVER $1,500",07/26/2025 05:15:00 PM,UNABLE TO DETERMINE,NOT APPLICABLE,4022,N,WESTERN AVE,1911,,,,,,,2,NO INDICATION OF INJURY,0,0,0,0,0,2,0,16,7,7,41.9547590401,-87.6886347657,POINT (-87.688634765692 41.95475904006)
b4909964568176a22e0f9e430e39a447531044399e4edfb6c878af7c29fb02d61eb95f841ad1b901c39adb3725f68586addd07f683ff38b3429567b62e29c080,,07/26/2025 04:30:00 PM,30,TRAFFIC SIGNAL,FUNCTIONING PROPERLY,CLOUDY/OVERCAST,DAYLIGHT,SIDESWIPE SAME DIRECTION,NOT DIVIDED,,STRAIGHT AND LEVEL,DRY,NO DEFECTS,ON SCENE,INJURY AND / OR TOW DUE TO CRASH,,,Y,"$501 - $1,500",07/26/2025 04:50:00 PM,PHYSICAL CONDITION OF DRIVER,NOT APPLICABLE,6349,N,BROADWAY,2433,,,,,,,3,INCAPACITATING INJURY,1,0,1,0,0,2,0,16,7,7,41.9978270669,-87.6603585486,POINT (-87.660358548605 41.997827066889)
d080b1e947a124f1cb00b764ebfe418d1c9ea3fafd84e427f89ad7b2b232d5c16f7505a19883b53302bd1af14a6f9f59c3a598ee5734435df273daffb6e6137b,,07/26/2025 04:30:00 PM,30,UNKNOWN,UNKNOWN,UNKNOWN,UNKNOWN,REAR END,NOT DIVIDED,,STRAIGHT AND LEVEL,UNKNOWN,UNKNOWN,NOT ON SCENE (DESK REPORT),NO INJURY / DRIVE AWAY,,,,"OVER $1,500",07/26/2025 05:05:00 PM,UNABLE TO DETERMINE,UNABLE TO DETERMINE,900,W,FULLERTON AVE,1932,,,,,,,2,NO INDICATION OF INJURY,0,0,0,0,0,4,0,16,7,7,41.9255231509,-87.6513077556,POINT (-87.651307755557 41.925523150875)
61443dbc8aa0da20091f080a79c40ecc07d09346505c16c63f1dd1a6f4a5a4a4bcb1f5dea261de3053d562109ebf367c85e6c423d026a737fada5e9d497efbb1,,07/26/2025 04:28:00 PM,30,TRAFFIC SIGNAL,UNKNOWN,CLEAR,DAYLIGHT,SIDESWIPE SAME DIRECTION,DIVIDED - W/MEDIAN BARRIER,,STRAIGHT AND LEVEL,DRY,UNKNOWN,NOT ON SCENE (DESK REPORT),NO INJURY / DRIVE AWAY,,,,"OVER $1,500",07/26/2025 06:20:00 PM,IMPROPER OVERTAKING/PASSING,IMPROPER OVERTAKING/PASSING,87,E,WACKER DR,111,,,,,,,2,NO INDICATION OF INJURY,0,0,0,0,0,2,0,16,7,7,41.8881139011,-87.6251723975,POINT (-87.625172397513 41.888113901104)
5fc9d77418fefabcd1d9439ccf5285c4f0c8f731198c4c5145a5bed728b9846a6c956dc23d5d7545c8fd6672415263ffc40ba6355fbbcfeeab541cf08b5aaba6,,07/26/2025 04:20:00 PM,25,NO CONTROLS,NO CONTROLS,CLEAR,DAYLIGHT,TURNING,NOT DIVIDED,,STRAIGHT AND LEVEL,DRY,NO DEFECTS,NOT ON SCENE (DESK REPORT),NO INJURY / DRIVE AWAY,,,,"OVER $1,500",07/27/2025 12:13:00 PM,FAILING TO YIELD RIGHT-OF-WAY,NOT APPLICABLE,5624,W,GOODMAN ST,1623,,,,,,,2,NO INDICATION OF INJURY,0,0,0,0,0,4,0,16,7,7,41.9714083834,-87.7670199158,POINT (-87.767019915796 41.971408383408)
621171bcb47ccc84f087658da2c778c8fe86e9b33fbeb072957999511526ca8807ca24ee1099f5e9400714bf0fd12ef29791117f1279f35d62de72b70273ef42,,07/26/2025 04:20:00 PM,30,NO CONTROLS,NO CONTROLS,CLEAR,DAYLIGHT,SIDESWIPE SAME DIRECTION,ONE-WAY,,STRAIGHT AND LEVEL,DRY,NO DEFECTS,NOT ON SCENE (DESK REPORT),NO INJURY / DRIVE AWAY,,,,"OVER $1,500",07/26/2025 04:20:00 PM,IMPROPER LANE USAGE,UNABLE TO DETERMINE,4713,N,LAKE SHORE DR NB,1914,,,,,,,2,NO INDICATION OF INJURY,0,0,0,0,0,2,0,16,7,7,41.9678891828,-87.6473918828,POINT (-87.647391882817 41.967889182789)
b3870b63d2d5ba850fa6a509693624718784a275f312dccf1d89ecefd60306e3524adbf6614ad33969ad56dce06dea77d986bb344735b90bb9f5823271ce40db,,07/26/2025 04:15:00 PM,30,UNKNOWN,UNKNOWN,UNKNOWN,DAYLIGHT,SIDESWIPE SAME DIRECTION,UNKNOWN,,STRAIGHT AND LEVEL,UNKNOWN,UNKNOWN,NOT ON SCENE (DESK REPORT),NO INJURY / DRIVE AWAY,,,,"OVER $1,500",07/27/2025 01:05:00 PM,UNABLE TO DETERMINE,UNABLE TO DETERMINE,5668,W,GOODMAN ST,1622,,,,,,,2,NO INDICATION OF INJURY,0,0,0,0,0,2,0,16,7,7,41.9717953669,-87.7684516365,POINT (-87.768451636522 41.971795366854)
d5b74aedd4eb0256e1244ae4a18f9276b83f7f8e8fc55ae2c71a06ace17cd9beae8c45170ff0d5147e398cfc97d4cd58ec5d71bcaefababf853c19ea446fd127,,07/26/2025 04:15:00 PM,25,UNKNOWN,UNKNOWN,CLEAR,DAYLIGHT,SIDESWIPE SAME DIRECTION,NOT DIVIDED,,STRAIGHT AND LEVEL,DRY,UNKNOWN,NOT ON SCENE (DESK REPORT),NO INJURY / DRIVE AWAY,,,Y,$500 OR LESS,07/28/2025 09:20:00 AM,FOLLOWING TOO CLOSELY,FOLLOWING TOO CLOSELY,4750,N,WESTERN AVE,1911,,,,,,,2,NO INDICATION OF INJURY,0,0,0,0,0,2,0,16,7,7,41.9682402012,-87.6890432951,POINT (-87.689043295124 41.968240201163)
bfd7e04e490f97be063688eabb38fc2b7f62456ee53e80f0952ae6eecedd84106d7040b5e550579f4e03d9d37a95b13da7873ad2473c6eecf610513b99d57630,,07/26/2025 04:12:00 PM,30,TRAFFIC SIGNAL,FUNCTIONING IMPROPERLY,CLEAR,DAYLIGHT,SIDESWIPE SAME DIRECTION,NOT DIVIDED,,STRAIGHT AND LEVEL,DRY,NO DEFECTS,ON SCENE,NO INJURY / DRIVE AWAY,,,Y,"$501 - $1,500",07/26/2025 04:15:00 PM,IMPROPER OVERTAKING/PASSING,UNABLE TO DETERMINE,1207,W,71ST ST,734,,,,,,,2,NO INDICATION OF INJURY,0,0,0,0,0,2,0,16,7,7,41.7649423263,-87.654424521,POINT (-87.654424521032 41.764942326269)
56999ff7c86bc05db1cdcc7b92fb4400ce96f71ba7b7e834e10724e764b555bf71e36cc4243bf04d3ecf67944bbbb23e34ee45c700b33c7d59077ccc53f96569,,07/26/2025 04:10:00 PM,15,NO CONTROLS,NO CONTROLS,CLEAR,DAYLIGHT,SIDESWIPE SAME DIRECTION,ONE-WAY,,STRAIGHT AND LEVEL,UNKNOWN,UNKNOWN,ON SCENE,NO INJURY / DRIVE AWAY,,,,"OVER $1,500",07/26/2025 04:22:00 PM,UNABLE TO DETERMINE,NOT APPLICABLE,5,W,TERMINAL ST,1655,,,,,,,2,NO INDICATION OF INJURY,0,0,0,0,0,2,0,16,7,7,,,
6d7bc86b2761ab3f3aa5998985a48f484ea69fad0cb9b8ff9969d6db0d73d595ace266f8f07a5f16961b6eed8b7b2bc9c13b10fecb56930d68b7b930049186fe,,07/26/2025 04:04:00 PM,10,NO CONTROLS,NO CONTROLS,CLEAR,DAYLIGHT,PARKED MOTOR VEHICLE,PARKING LOT,,STRAIGHT AND LEVEL,DRY,NO DEFECTS,ON SCENE,NO INJURY / DRIVE AWAY,,,,$500 OR LESS,07/26/2025 04:04:00 PM,NOT APPLICABLE,NOT APPLICABLE,11131,S,CORLISS AVE,531,N,,,,,,2,NO INDICATION OF INJURY,0,0,0,0,0,1,0,16,7,7,41.6919560066,-87.6005582471,POINT (-87.60055824713 41.691956006633)
1a09039f95b0ef9c2dce712fe97ba9dda1be2a1dc588fd4d9be7adce186a9cc7ea7c4c0cfb98d657ebcdc75e37edd3660377d411773339756998c85f3d629b46,,07/26/2025 04:02:00 PM,45,NO CONTROLS,NO CONTROLS,CLOUDY/OVERCAST,DAYLIGHT,REAR END,DIVIDED - W/MEDIAN BARRIER,,STRAIGHT AND LEVEL,DRY,NO DEFECTS,ON SCENE,INJURY AND / OR TOW DUE TO CRASH,,,,"OVER $1,500",07/26/2025 04:02:00 PM,"OPERATING VEHICLE IN ERRATIC, RECKLESS, CARELESS, NEGLIGENT OR AGGRESSIVE MANNER",FAILING TO REDUCE SPEED TO AVOID CRASH,4020,S,LAKE SHORE DR SB,214,,,,,,,2,NONINCAPACITATING INJURY,1,0,0,1,0,4,0,16,7,7,41.8218973355,-87.5990636108,POINT (-87.599063610819 41.821897335528)
8b10bf8c341e12213148156105bfe740a083101512af57632a996bf482491e066f7a04cdd6a1d5d9266df5eb086b669fece31a45b3fb80edd413452e73fdaf16,,07/26/2025 04:00:00 PM,30,NO CONTROLS,NO CONTROLS,CLEAR,DAYLIGHT,REAR END,DIVIDED - W/MEDIAN (NOT RAISED),,STRAIGHT AND LEVEL,UNKNOWN,UNKNOWN,NOT ON SCENE (DESK REPORT),NO INJURY / DRIVE AWAY,,,,"OVER $1,500",07/26/2025 04:16:00 PM,FOLLOWING TOO CLOSELY,FOLLOWING TOO CLOSELY,5900,N,RIDGE AVE,2013,,,,,,,2,NO INDICATION OF INJURY,0,0,0,0,0,3,0,16,7,7,41.9890034683,-87.6690822443,POINT (-87.669082244321 41.989003468279)
8bd91a1d7f88513b7ccfe37bff5760cd93605f348cead829ef97c062c6dfe4d41e04cd2e796550754a4ba588b40a78457607746d3a38a81c19fd83bb2fd763d3,,07/26/2025 04:00:00 PM,25,NO CONTROLS,NO CONTROLS,UNKNOWN,DAYLIGHT,PARKED MOTOR VEHICLE,ONE-WAY,,STRAIGHT AND LEVEL,DRY,UNKNOWN,NOT ON SCENE (DESK REPORT),NO INJURY / DRIVE AWAY,,,,$500 OR LESS,08/02/2025 01:40:00 PM,UNABLE TO DETERMINE,UNABLE TO DETERMINE,1301,W,BYRON ST,1923,,,,,,,2,NO INDICATION OF INJURY,0,0,0,0,0,1,0,16,7,7,41.9524576725,-87.6618018385,POINT (-87.661801838529 41.952457672545)
a1c714a924a5ed83dfab59838511ebbc764053ee2dbba295790d233da47b99c29c0befa1a0bee9cb61db4990a1cb5482246d922c0c2c49a18fb7c88abcba8207,,07/26/2025 04:00:00 PM,30,UNKNOWN,UNKNOWN,CLEAR,UNKNOWN,ANGLE,ALLEY,,STRAIGHT AND LEVEL,DRY,NO DEFECTS,NOT ON SCENE (DESK REPORT),NO INJURY / DRIVE AWAY,Y,,,"OVER $1,500",07/27/2025 11:49:00 AM,FAILING TO REDUCE SPEED TO AVOID CRASH,FAILING TO REDUCE SPEED TO AVOID CRASH,5725,W,WASHINGTON BLVD,1513,,,,,,,2,NO INDICATION OF INJURY,0,0,0,0,0,2,0,16,7,7,41.8820655535,-87.7693087254,POINT (-87.769308725393 41.882065553517)
b2b4b48542a6b475788fbdded63b111d3ec1a1ab17206fc33eef7fb8abe4e177c81c68ea85d8b22d786417676a3af15401a9475f0386ecaac76d399efe6b2f54,Y,07/26/2025 04:00:00 PM,30,NO CONTROLS,NO CONTROLS,CLEAR,DAYLIGHT,SIDESWIPE SAME DIRECTION,NOT DIVIDED,,STRAIGHT AND LEVEL,DRY,UNKNOWN,NOT ON SCENE (DESK REPORT),NO INJURY / DRIVE AWAY,,,Y,"OVER $1,500",07/26/2025 04:18:00 PM,FOLLOWING TOO CLOSELY,UNABLE TO DETERMINE,4811,W,IRVING PARK RD,1634,,,,,,,2,NO INDICATION OF INJURY,0,0,0,0,0,2,0,16,7,7,41.9532957967,-87.7477904,POINT (-87.747790400001 41.953295796704)
bf4cf611b5cd2a72b24ef4e5013bb05902485b371bfb886943ef7981e7d4b14418e7f3d8449c6216e9c534495e40115a0a0287147e2bb8b31e7b0d3928ecd13f,,07/26/2025 04:00:00 PM,35,UNKNOWN,NO CONTROLS,CLEAR,DAYLIGHT,REAR END,NOT DIVIDED,,STRAIGHT AND LEVEL,DRY,NO DEFECTS,NOT ON SCENE (DESK REPORT),NO INJURY / DRIVE AWAY,,,,"$501 - $1,500",07/26/2025 04:50:00 PM,UNABLE TO DETERMINE,NOT APPLICABLE,4800,N,CICERO AVE,1623,,,,,,,2,NO INDICATION OF INJURY,0,0,0,0,0,2,0,16,7,7,41.9680480073,-87.7478759847,POINT (-87.747875984681 41.968048007294)
d17876a0a48ff9d1644df51e1c2b2921a4391a164f0a00accb1091d924d4921c5511599956870e94101ed288414702dc5eb171e3a39d83563c1b75b51a3d61b3,,07/26/2025 04:00:00 PM,35,NO CONTROLS,NO CONTROLS,CLEAR,DAYLIGHT,SIDESWIPE SAME DIRECTION,DIVIDED - W/MEDIAN (NOT RAISED),,STRAIGHT AND LEVEL,DRY,NO DEFECTS,NOT ON SCENE (DESK REPORT),NO INJURY / DRIVE AWAY,,,,"OVER $1,500",07/26/2025 04:20:00 PM,DISTRACTION - FROM OUTSIDE VEHICLE,UNABLE TO DETERMINE,3252,W,DOUGLAS BLVD,1022,,,,,,,2,NO INDICATION OF INJURY,0,0,0,0,0,2,0,16,7,7,41.8630483348,-87.7076547234,POINT (-87.70765472344 41.863048334818)
e9e3acf682ab72df5e0cbe80296a9ff963fb73b07d02562445f1422b29b5b8de9308e7379237b2bc548711b21a71d9dd18bf1e2ce5715257e0a7d882ff02bac0,,07/26/2025 04:00:00 PM,30,NO CONTROLS,NO CONTROLS,CLEAR,DAYLIGHT,REAR END,NOT DIVIDED,,STRAIGHT AND LEVEL,DRY,NO DEFECTS,NOT ON SCENE (DESK REPORT),NO INJURY / DRIVE AWAY,,,,"OVER $1,500",07/26/2025 07:50:00 PM,FOLLOWING TOO CLOSELY,UNABLE TO DETERMINE,6603,W,DIVERSEY AVE,2512,,,,,,,2,NO INDICATION OF INJURY,0,0,0,0,0,2,0,16,7,7,41.930830272,-87.7907658819,POINT (-87.790765881928 41.930830271972)
5caf6f913eba93c13320088440db9e79e73dc7731d0a01ce1342203fbf5f6c1473ca0b9ce1f1a7d1fb94d18ed99119718eb18145ef39724b538d8326705db2ec,,07/26/2025 03:40:00 PM,25,UNKNOWN,UNKNOWN,UNKNOWN,UNKNOWN,SIDESWIPE OPPOSITE DIRECTION,NOT DIVIDED,,STRAIGHT AND LEVEL,UNKNOWN,UNKNOWN,NOT ON SCENE (DESK REPORT),NO INJURY / DRIVE AWAY,,,,"OVER $1,500",07/26/2025 04:10:00 PM,NOT APPLICABLE,NOT APPLICABLE,310,W,BELDEN AVE,1814,,,,,,,2,NO INDICATION OF INJURY,0,0,0,0,0,2,0,15,7,7,41.923920375,-87.6370013404,POINT (-87.637001340378 41.92392037504)
b58d94238682de9f9dcb740f31f1f1f97e123cc467af6fcb833e5917761eee6597ad7b736978e9490457bc0048d3868be661996749dd50a44d84efa5eb651353,,07/26/2025 03:40:00 PM,30,NO CONTROLS,NO CONTROLS,CLEAR,DAYLIGHT,SIDESWIPE SAME DIRECTION,DIVIDED - W/MEDIAN (NOT RAISED),,STRAIGHT AND LEVEL,DRY,NO DEFECTS,,NO INJURY / DRIVE AWAY,,,,"$501 - $1,500",07/26/2025 04:20:00 PM,IMPROPER OVERTAKING/PASSING,IMPROPER OVERTAKING/PASSING,8899,S,WESTERN AVE,2221,,,,,,,2,NO INDICATION OF INJURY,0,0,0,0,0,4,0,15,7,7,41.7319680531,-87.682258009,POINT (-87.682258009034 41.731968053072)
5183c18bcfaa86f6cbd3b43672c1cb6d12c8fe4184c03de42459fec1e2d54b1fb74bd6030ba7ecfdd140a048acad5ae64e1a238ed3c4f880661c0a17208c9f53,,07/26/2025 03:30:00 PM,30,UNKNOWN,UNKNOWN,CLEAR,DAYLIGHT,SIDESWIPE SAME DIRECTION,DIVIDED - W/MEDIAN BARRIER,,STRAIGHT AND LEVEL,UNKNOWN,UNKNOWN,NOT ON SCENE (DESK REPORT),NO INJURY / DRIVE AWAY,,,,"OVER $1,500",07/26/2025 05:00:00 PM,UNABLE TO DETERMINE,UNABLE TO DETERMINE,874,N,MICHIGAN AVE,1833,,,,,,,2,NO INDICATION OF INJURY,0,0,0,0,0,2,0,15,7,7,41.8989439411,-87.6242687664,POINT (-87.624268766436 41.898943941062)
8ee33da86800fa6ae41bc65fbbacde40771c4983655b27d524c5d1c1d6f2bee7b787db9650356a17dbc665af72d00cccf7d0aecf4e1dc5bab9c0b627ea7cb5bb,,07/26/2025 03:30:00 PM,30,NO CONTROLS,NO CONTROLS,CLEAR,DAYLIGHT,PARKED MOTOR VEHICLE,ALLEY,,STRAIGHT AND LEVEL,DRY,NO DEFECTS,ON SCENE,NO INJURY / DRIVE AWAY,,,,"$501 - $1,500",07/26/2025 03:34:00 PM,FAILING TO REDUCE SPEED TO AVOID CRASH,UNABLE TO DETERMINE,7022,W,63RD PL,812,,,,,,,2,NO INDICATION OF INJURY,0,0,0,0,0,1,0,15,7,7,41.776657072,-87.7969003152,POINT (-87.79690031524 41.776657071985)