CRASH_RECORD_ID,CRASH_DATE_EST_I,CRASH_DATE,POSTED_SPEED_LIMIT,TRAFFIC_CONTROL_DEVICE,DEVICE_CONDITION,WEATHER_CONDITION,LIGHTING_CONDITION,FIRST_CRASH_TYPE,TRAFFICWAY_TYPE,LANE_CNT,ALIGNMENT,ROADWAY_SURFACE_COND,ROAD_DEFECT,REPORT_TYPE,CRASH_TYPE,INTERSECTION_RELATED_I,NOT_RIGHT_OF_WAY_I,HIT_AND_RUN_I,DAMAGE,DATE_POLICE_NOTIFIED,PRIM_CONTRIBUTORY_CAUSE,SEC_CONTRIBUTORY_CAUSE,STREET_NO,STREET_DIRECTION,STREET_NAME,BEAT_OF_OCCURRENCE,PHOTOS_TAKEN_I,STATEMENTS_TAKEN_I,DOORING_I,WORK_ZONE_I,WORK_ZONE_TYPE,WORKERS_PRESENT_I,NUM_UNITS,MOST_SEVERE_INJURY,INJURIES_TOTAL,INJURIES_FATAL,INJURIES_INCAPACITATING,INJURIES_NON_INCAPACITATING,INJURIES_REPORTED_NOT_EVIDENT,INJURIES_NO_INDICATION,INJURIES_UNKNOWN,CRASH_HOUR,CRASH_DAY_OF_WEEK,CRASH_MONTH,LATITUDE,LONGITUDE,LOCATION
ac70eab9c2f9c4c1d0320ecc882a7bdce1e2f34f1cab8a409106de1c5a8f59e6be4ee462ad451aaf6196f4783e7797cf014c550b1585e879f5dbe6325f887baf,,07/26/2025 03:30:00 PM,25,NO CONTROLS,NO CONTROLS,CLEAR,DAYLIGHT,PARKED MOTOR VEHICLE,NOT DIVIDED,,STRAIGHT AND LEVEL,DRY,NO DEFECTS,NOT ON SCENE (DESK REPORT),NO INJURY / DRIVE AWAY,,,,"OVER $1,500",07/30/2025 06:00:00 PM,UNABLE TO DETERMINE,UNABLE TO DETERMINE,312,N,LAVERGNE AVE,1532,,,,,,,2,NO INDICATION OF INJURY,0,0,0,0,0,1,0,15,7,7,41.8861391823,-87.7505288319,POINT (-87.750528831903 41.886139182328)
af40369ff94c7b2ea081bbf7c15063099fb4e9d5ca6f8c6a2a989033c2cfa12d402c53c9294cf64fc4f9277da9b13e96f8e55b05e3e7b9be418f6c43c0a366ca,,07/26/2025 03:30:00 PM,30,OTHER,OTHER,CLOUDY/OVERCAST,DAYLIGHT,SIDESWIPE SAME DIRECTION,OTHER,,STRAIGHT AND LEVEL,UNKNOWN,WORN SURFACE,NOT ON SCENE (DESK REPORT),NO INJURY / DRIVE AWAY,,,Y,"$501 - $1,500",07/26/2025 05:00:00 PM,DRIVING SKILLS/KNOWLEDGE/EXPERIENCE,NOT APPLICABLE,4307,S,ARCHER AVE,922,,,,,,,2,NO INDICATION OF INJURY,0,0,0,0,0,2,0,15,7,7,41.8151944724,-87.7022152815,POINT (-87.70221528147 41.815194472375)
ba97f12c034b0644c8c5d186cef83a32b15693180ad1b5f82d0b2a6c19907ea445212df06b62feea7ba6c67e965597f24f2ae5b92f8d2a9b4ed46fa35757f35c,,07/26/2025 03:30:00 PM,30,UNKNOWN,UNKNOWN,CLEAR,DAYLIGHT,REAR END,NOT DIVIDED,,STRAIGHT AND LEVEL,UNKNOWN,UNKNOWN,NOT ON SCENE (DESK REPORT),NO INJURY / DRIVE AWAY,,,,"OVER $1,500",07/26/2025 06:15:00 PM,UNABLE TO DETERMINE,UNABLE TO DETERMINE,4102,S,ASHLAND AVE,924,,,,,,,2,NO INDICATION OF INJURY,0,0,0,0,0,2,0,15,7,7,41.8193952419,-87.6653743501,POINT (-87.665374350126 41.819395241903)
ea7ecb68faf78e3f2f16c8963d6b1234bf8162d9ba28632bcb61aba774d0606c6c4c3f588e32062e2f0c9eaf5594898a0533ab6e333ba0774c301183ac6c89d1,,07/26/2025 03:30:00 PM,15,NO CONTROLS,NO CONTROLS,CLEAR,DAYLIGHT,PARKED MOTOR VEHICLE,PARKING LOT,,STRAIGHT AND LEVEL,DRY,NO DEFECTS,NOT ON SCENE (DESK REPORT),NO INJURY / DRIVE AWAY,,,Y,"OVER $1,500",07/26/2025 06:30:00 PM,UNABLE TO DETERMINE,NOT APPLICABLE,4040,N,CICERO AVE,1624,,,,,,,2,NO INDICATION OF INJURY,0,0,0,0,0,1,0,15,7,7,41.9546794056,-87.7474853165,POINT (-87.747485316517 41.954679405566)
f80de1c293bb1ffc90e28aab32d8584f337a105b70a7f68f28d04f4dd9f053dd24d9af9a285c1d08bbbfe9dfc866851463ab2d03bc12cdce8de85b7102166242,,07/26/2025 03:30:00 PM,35,TRAFFIC SIGNAL,UNKNOWN,CLEAR,DAYLIGHT,TURNING,NOT DIVIDED,,STRAIGHT AND LEVEL,DRY,UNKNOWN,ON SCENE,INJURY AND / OR TOW DUE TO CRASH,Y,,,"OVER $1,500",07/26/2025 03:33:00 PM,IMPROPER TURNING/NO SIGNAL,FAILING TO REDUCE SPEED TO AVOID CRASH,4805,W,IRVING PARK RD,1634,,,,,,,2,NO INDICATION OF INJURY,0,0,0,0,0,2,0,15,7,7,41.9533008119,-87.7475705386,POINT (-87.747570538607 41.953300811854)
b803ee93f315a02808f719ed7890053fd6b46406388f2c7a16cf27250b28be3ed274c9e451453686f2c6bd7d994abc1ace5b9c47bcccb2297abb45ac98c3f786,,07/26/2025 03:28:00 PM,30,UNKNOWN,UNKNOWN,CLEAR,DAYLIGHT,PARKED MOTOR VEHICLE,UNKNOWN,,STRAIGHT AND LEVEL,UNKNOWN,UNKNOWN,NOT ON SCENE (DESK REPORT),NO INJURY / DRIVE AWAY,,,,"OVER $1,500",07/26/2025 03:35:00 PM,UNABLE TO DETERMINE,UNABLE TO DETERMINE,4008,N,LECLAIRE AVE,1624,,,,,,,2,NO INDICATION OF INJURY,0,0,0,0,0,2,0,15,7,7,41.9536445501,-87.754842613,POINT (-87.75484261304 41.953644550131)
bd5c047c3b662c87e780a84e266c6f61abce37106f65eb973e0919c3a964a5d53aa469aec84361acfaa4b3b1e63887fdf11529a73f7a29dfbabca237b2688ed6,,07/26/2025 03:27:00 PM,30,NO CONTROLS,NO CONTROLS,CLEAR,DAYLIGHT,PARKED MOTOR VEHICLE,NOT DIVIDED,,STRAIGHT AND LEVEL,DRY,NO DEFECTS,ON SCENE,INJURY AND / OR TOW DUE TO CRASH,,,,"OVER $1,500",07/26/2025 03:27:00 PM,UNABLE TO DETERMINE,UNABLE TO DETERMINE,7,N,KARLOV AVE,1115,,,,,,,2,NO INDICATION OF INJURY,0,0,0,0,0,1,0,15,7,7,41.8809619453,-87.7279809896,POINT (-87.727980989646 41.880961945306)
a330995f92b80cc3fc53b41676b6bc648aaf10518cb3101061d6dfc42a8523611fb22352980884f8373680f23261bff627c02df524b54f6693dc23c127adbe1e,,07/26/2025 03:25:00 PM,30,NO CONTROLS,NO CONTROLS,CLEAR,DAYLIGHT,PARKED MOTOR VEHICLE,NOT DIVIDED,,STRAIGHT AND LEVEL,DRY,NO DEFECTS,ON SCENE,NO INJURY / DRIVE AWAY,,,Y,"$501 - $1,500",07/26/2025 03:26:00 PM,IMPROPER LANE USAGE,NOT APPLICABLE,452,E,79TH ST,624,,,,,,,2,NO INDICATION OF INJURY,0,0,0,0,0,1,0,15,7,7,41.7512638091,-87.6128169492,POINT (-87.612816949166 41.751263809105)
f744e9d67a0d844d18ecf459b3fc3dc2e4671a2cf76b58b0869229cd59c375bf7c475fe21fbdff28e9d120fd76fe8feeac7db0f17764b91cee9d481367882819,,07/26/2025 03:25:00 PM,30,NO CONTROLS,NO CONTROLS,CLEAR,DAYLIGHT,REAR END,NOT DIVIDED,,STRAIGHT AND LEVEL,DRY,NO DEFECTS,NOT ON SCENE (DESK REPORT),INJURY AND / OR TOW DUE TO CRASH,,,,"OVER $1,500",07/28/2025 08:30:00 AM,FOLLOWING TOO CLOSELY,NOT APPLICABLE,4032,N,PULASKI RD,1722,,,,,,,2,NO INDICATION OF INJURY,0,0,0,0,0,2,0,15,7,7,41.954644918,-87.7277926272,POINT (-87.72779262721 41.954644918025)
68ddddc6692fe09584bc1bc16332f87a2ece08122df7f79efbe4fd5479055bf9d5e4e4ef770aaf1789ab67adb88e6cc7ed2d903e794328bc08c1f9f8e7180622,,07/26/2025 03:15:00 PM,0,NO CONTROLS,NO CONTROLS,CLEAR,DAYLIGHT,TURNING,PARKING LOT,,STRAIGHT AND LEVEL,UNKNOWN,UNKNOWN,ON SCENE,NO INJURY / DRIVE AWAY,,Y,,$500 OR LESS,07/26/2025 03:17:00 PM,UNABLE TO DETERMINE,NOT APPLICABLE,3951,W,103RD ST,2211,,,,,,,2,NO INDICATION OF INJURY,0,0,0,0,0,2,0,15,7,7,41.7057696614,-87.7205329374,POINT (-87.720532937399 41.705769661372)
cf0e585d9729378ea96986b87256565604d2f13ef2f110d0919757f2017ee9cebb60f2bc156cf24bf6dbe40ff4bfe4f0c3af335319a68406626d5d7d39f93a19,,07/26/2025 03:13:00 PM,40,NO CONTROLS,NO CONTROLS,CLEAR,DAYLIGHT,REAR END,DIVIDED - W/MEDIAN BARRIER,,STRAIGHT AND LEVEL,DRY,NO DEFECTS,ON SCENE,NO INJURY / DRIVE AWAY,,,,"OVER $1,500",07/26/2025 03:13:00 PM,FAILING TO REDUCE SPEED TO AVOID CRASH,NOT APPLICABLE,3100,N,LAKE SHORE DR NB,1934,,,,,,,3,NO INDICATION OF INJURY,0,0,0,0,0,12,0,15,7,7,41.9377259114,-87.6354485099,POINT (-87.635448509885 41.937725911425)
b0269268c88fd839be1234bf6073973c88957ac8f3375829898d332ced23f237ee26a423b7deb5cbf2995ff8e261fb79f3f9c2a7941c24069c4e8441456870d1,,07/26/2025 03:05:00 PM,25,NO CONTROLS,NO CONTROLS,CLEAR,DAYLIGHT,TURNING,CENTER TURN LANE,,STRAIGHT AND LEVEL,DRY,NO DEFECTS,ON SCENE,NO INJURY / DRIVE AWAY,,,,"OVER $1,500",07/26/2025 03:38:00 PM,IMPROPER LANE USAGE,NOT APPLICABLE,1014,S,CANAL ST,124,,,,,,,2,NO INDICATION OF INJURY,0,0,0,0,0,4,0,15,7,7,41.8692653294,-87.6394065094,POINT (-87.639406509437 41.869265329367)
f5f0cce456263fdf773834a25e0b939a71caa8a6db2cf3490efe8bba68e371e72603a65cb97d35f7757b2ac8f1446da2d5589f39ffeeb79079ad8af1dd79786c,,07/26/2025 03:04:00 PM,30,UNKNOWN,UNKNOWN,CLEAR,DAYLIGHT,SIDESWIPE SAME DIRECTION,NOT DIVIDED,,STRAIGHT AND LEVEL,UNKNOWN,UNKNOWN,NOT ON SCENE (DESK REPORT),NO INJURY / DRIVE AWAY,,,,"OVER $1,500",07/26/2025 04:00:00 PM,UNABLE TO DETERMINE,UNABLE TO DETERMINE,641,N,CLARK ST,1832,,,,,,,2,NO INDICATION OF INJURY,0,0,0,0,0,2,0,15,7,7,41.8936322938,-87.6310300083,POINT (-87.631030008305 41.893632293807)
1be6884e27e011760c80c3b75b05d0665d58b69182f4230bb79a3803cf82532226ac73eb2e0605fae2ed144d929f50da3be7a062755d7fe404d5ca5602df4700,,07/26/2025 03:00:00 PM,15,NO CONTROLS,NO CONTROLS,CLEAR,DAYLIGHT,PARKED MOTOR VEHICLE,OTHER,,STRAIGHT AND LEVEL,WET,UNKNOWN,NOT ON SCENE (DESK REPORT),NO INJURY / DRIVE AWAY,,,,"OVER $1,500",07/26/2025 03:20:00 PM,IMPROPER OVERTAKING/PASSING,NOT APPLICABLE,2652,S,CHRISTIANA AVE,1032,,,,,,,2,NO INDICATION OF INJURY,0,0,0,0,0,1,0,15,7,7,41.8429005303,-87.7087937401,POINT (-87.708793740109 41.842900530265)
9e71e92ef535bb2e854e874d32a90a401e836fd99837a0edc1e00bb326a833b1cf9d149613bfb78d3c14b51cd4a3ba51bd6531ee121fd79a96ef30326f79f54f,,07/26/2025 03:00:00 PM,30,STOP SIGN/FLASHER,FUNCTIONING PROPERLY,RAIN,DAYLIGHT,FIXED OBJECT,NOT DIVIDED,,STRAIGHT AND LEVEL,WET,NO DEFECTS,NOT ON SCENE (DESK REPORT),INJURY AND / OR TOW DUE TO CRASH,,,,"OVER $1,500",07/27/2025 10:20:00 AM,DISREGARDING YIELD SIGN,NOT APPLICABLE,4300,S,PACKERS AVE,924,,,,,,,1,NO INDICATION OF INJURY,0,0,0,0,0,1,0,15,7,7,41.8158938934,-87.6587972478,POINT (-87.658797247757 41.815893893447)
87fdcbd855f828f22735e6009eb778705eaa469465cf7acd47e9cc3570b1aab7d0b109738caa0e00b3042cee1e1602030810f9ac4bdd30414931d2cf9dbfdd42,,07/26/2025 02:56:00 PM,30,NO CONTROLS,NO CONTROLS,CLEAR,DAYLIGHT,PARKED MOTOR VEHICLE,ONE-WAY,,STRAIGHT AND LEVEL,DRY,NO DEFECTS,NOT ON SCENE (DESK REPORT),NO INJURY / DRIVE AWAY,,,,"OVER $1,500",07/26/2025 04:07:00 PM,UNABLE TO DETERMINE,UNABLE TO DETERMINE,5857,N,CAMPBELL AVE,2011,,,,,,,2,NO INDICATION OF INJURY,0,0,0,0,0,1,0,14,7,7,41.9884716997,-87.6918922517,POINT (-87.691892251656 41.988471699657)
1d91bb66ace60feca7876980b0ea7808a81b9f6a4ffe528d084ebf48ef6b2fe741de97b8215bbb8766b1b1e70d1606af85c3d1b98ac44fed3f1af1d32f8f5f8f,,07/26/2025 02:53:00 PM,30,NO CONTROLS,NO CONTROLS,RAIN,DAYLIGHT,PARKED MOTOR VEHICLE,ONE-WAY,,STRAIGHT AND LEVEL,WET,NO DEFECTS,ON SCENE,NO INJURY / DRIVE AWAY,,,Y,"OVER $1,500",07/26/2025 03:06:00 PM,NOT APPLICABLE,NOT APPLICABLE,2738,W,58TH ST,824,,,,,,,2,NO INDICATION OF INJURY,0,0,0,0,0,1,0,14,7,7,41.7883538218,-87.6927454181,POINT (-87.692745418103 41.788353821751)
5e2d5830f70ca1c80f5fa27444f34ad50d904b9d5616699f2897e3f1116dcc7bbbd22e0998a2301385b2f53e9c459aaed1b5910db4f1f7d130a53b0befd5bdf9,,07/26/2025 02:52:00 PM,30,STOP SIGN/FLASHER,FUNCTIONING PROPERLY,RAIN,DAYLIGHT,ANGLE,FOUR WAY,,STRAIGHT AND LEVEL,UNKNOWN,UNKNOWN,NOT ON SCENE (DESK REPORT),NO INJURY / DRIVE AWAY,,,,"OVER $1,500",07/26/2025 03:30:00 PM,UNABLE TO DETERMINE,UNABLE TO DETERMINE,3069,N,HARLEM AVE,2511,,,,,,,2,NO INDICATION OF INJURY,0,0,0,0,0,2,0,14,7,7,41.9362742523,-87.8065406042,POINT (-87.806540604157 41.936274252327)
98f61365e34621c6871e1edbf3ac76bdc9a04347323d09b1e1438b83eb6739f0d5d88dc9632e6b89bec95acd929ca4b4d67244251245a24ef6588f77659c2707,,07/26/2025 02:43:00 PM,25,TRAFFIC SIGNAL,FUNCTIONING PROPERLY,CLEAR,DAYLIGHT,ANGLE,DIVIDED - W/MEDIAN BARRIER,,STRAIGHT AND LEVEL,DRY,NO DEFECTS,ON SCENE,INJURY AND / OR TOW DUE TO CRASH,Y,,,"OVER $1,500",07/26/2025 02:47:00 PM,UNABLE TO DETERMINE,UNABLE TO DETERMINE,1598,W,JACKSON BLVD,1231,,Y,,,,,2,NONINCAPACITATING INJURY,1,0,0,1,0,2,0,14,7,7,41.8777360982,-87.6665723435,POINT (-87.666572343471 41.87773609816)
6ddf21ce6b01b1feb4daa0482e2cd1a799d312644b4a2551375c1c82e9eb7892d3df27d9ffb8838c71833347908aa0b67cb4cf8ac2c17eca4e5f3719b33a10a0,,07/26/2025 02:40:00 PM,30,NO CONTROLS,NO CONTROLS,CLEAR,DAYLIGHT,PEDALCYCLIST,NOT DIVIDED,,STRAIGHT AND LEVEL,DRY,NO DEFECTS,ON SCENE,INJURY AND / OR TOW DUE TO CRASH,,,,"OVER $1,500",07/26/2025 02:48:00 PM,UNABLE TO DETERMINE,UNABLE TO DETERMINE,512,N,MC CLURG CT,1834,,,,,,,2,"REPORTED, NOT EVIDENT",1,0,0,0,1,1,0,14,7,7,41.8915178945,-87.6178305226,POINT (-87.617830522582 41.891517894531)
ba7e3dfbf53289b2c41ff106cee439429cf083f3e77a23af7090ce9bc63cd743d816c5fc378368c821471395d83a92a9ba5438f2f565c6d11d4a19068aca9171,,07/26/2025 02:40:00 PM,30,STOP SIGN/FLASHER,FUNCTIONING PROPERLY,CLEAR,DAYLIGHT,ANGLE,NOT DIVIDED,,STRAIGHT AND LEVEL,DRY,NO DEFECTS,ON SCENE,NO INJURY / DRIVE AWAY,Y,,,"OVER $1,500",07/26/2025 02:40:00 PM,FAILING TO YIELD RIGHT-OF-WAY,NOT APPLICABLE,3529,W,MONTROSE AVE,1723,,,,,,,2,NO INDICATION OF INJURY,0,0,0,0,0,2,0,14,7,7,41.9609744846,-87.7167457295,POINT (-87.716745729547 41.960974484639)
b3288a1d1d83029a16b5ef4700d08d826ecaa92e7a631f4581652e501753b93d7c7977dd47b12eba285dd984dc68acc5cc29a5f93a9e45e9236c8aff9e419687,,07/26/2025 02:37:00 PM,30,TRAFFIC SIGNAL,FUNCTIONING PROPERLY,CLEAR,DAYLIGHT,SIDESWIPE SAME DIRECTION,DIVIDED - W/MEDIAN (NOT RAISED),,STRAIGHT AND LEVEL,DRY,UNKNOWN,ON SCENE,NO INJURY / DRIVE AWAY,,,,"$501 - $1,500",07/26/2025 02:37:00 PM,IMPROPER OVERTAKING/PASSING,DRIVING SKILLS/KNOWLEDGE/EXPERIENCE,1424,W,NORTH AVE,1433,,,,N,,,2,NO INDICATION OF INJURY,0,0,0,0,0,2,0,14,7,7,41.9107952053,-87.6638490945,POINT (-87.663849094487 41.910795205256)
14026dc72f8ba513b62d28eaf883abe131905253bf10d072b5ad05bae7f4801acf6efe6934fc877a897269358f8b5ca7c18e39c7b43fd3055288f1fefa9e08a1,,07/26/2025 02:29:00 PM,30,NO CONTROLS,NO CONTROLS,CLEAR,DAYLIGHT,SIDESWIPE OPPOSITE DIRECTION,PARKING LOT,,STRAIGHT AND LEVEL,DRY,NO DEFECTS,ON SCENE,INJURY AND / OR TOW DUE TO CRASH,,Y,,"OVER $1,500",07/26/2025 02:34:00 PM,UNABLE TO DETERMINE,UNABLE TO DETERMINE,7321,W,IRVING PARK RD,1631,,,,,,,2,NO INDICATION OF INJURY,0,0,0,0,0,3,0,14,7,7,41.9525719379,-87.81091273,POINT (-87.810912729985 41.952571937921)
77ef9a3082e8e3b961428d084636d8ef4d7b0a6b61fb6afe807680d9c06d523df55362463ac342760a5fbffed26eac958fe74c6b0b61e794312a0f731d250636,,07/26/2025 02:28:00 PM,30,TRAFFIC SIGNAL,FUNCTIONING PROPERLY,CLEAR,DAYLIGHT,REAR TO SIDE,NOT DIVIDED,,STRAIGHT AND LEVEL,DRY,NO DEFECTS,ON SCENE,INJURY AND / OR TOW DUE TO CRASH,Y,,,"OVER $1,500",07/26/2025 02:32:00 PM,UNABLE TO DETERMINE,UNABLE TO DETERMINE,349,W,LAKE ST,122,,,,,,,2,NO INDICATION OF INJURY,0,0,0,0,0,2,0,14,7,7,41.8856168978,-87.6367192483,POINT (-87.636719248301 41.885616897838)
cd272b36b3568d6474475eca77e70fdef0caf9d6f243b5324bb617a688dfe1e150b83e02822397827d8403fc989681f75130a300172c94ac8de1614802753fef,,07/26/2025 02:21:00 PM,15,NO CONTROLS,NO CONTROLS,UNKNOWN,DAYLIGHT,PARKED MOTOR VEHICLE,PARKING LOT,,STRAIGHT AND LEVEL,UNKNOWN,UNKNOWN,NOT ON SCENE (DESK REPORT),NO INJURY / DRIVE AWAY,,Y,,"$501 - $1,500",07/26/2025 04:20:00 PM,UNABLE TO DETERMINE,NOT APPLICABLE,7201,N,CALIFORNIA AVE,2411,,,,,,,2,NO INDICATION OF INJURY,0,0,0,0,0,2,0,14,7,7,42.0121117694,-87.6995708187,POINT (-87.699570818701 42.012111769434)
52a524fc5572f10a2681205c5b2c230ea2a45975278a07389982a79dfe6c456573e59771a856feea01c544f9e0737d5e20783a47c2804cd8e8378f9eb88a3169,,07/26/2025 02:10:00 PM,30,UNKNOWN,UNKNOWN,CLEAR,DAYLIGHT,REAR END,NOT DIVIDED,,STRAIGHT AND LEVEL,DRY,UNKNOWN,NOT ON SCENE (DESK REPORT),NO INJURY / DRIVE AWAY,,,Y,"$501 - $1,500",07/27/2025 04:15:00 PM,FOLLOWING TOO CLOSELY,FOLLOWING TOO CLOSELY,701,W,DIVERSEY PKWY,1935,,,,,,,2,NO INDICATION OF INJURY,0,0,0,0,0,2,0,14,7,7,41.9326550041,-87.6467146385,POINT (-87.646714638498 41.932655004077)
106dfdc5c447ce36e20428dcb579bf7f68ab07e318d3686fede1539f8b9cfc3ecd34079d271b9f59d3eb247d58ab0095b92d620ed907b7049ea5fff5cf18422e,,07/26/2025 02:00:00 PM,30,TRAFFIC SIGNAL,FUNCTIONING PROPERLY,CLEAR,DAYLIGHT,REAR END,DIVIDED - W/MEDIAN (NOT RAISED),,STRAIGHT AND LEVEL,WET,NO DEFECTS,ON SCENE,NO INJURY / DRIVE AWAY,,,,"OVER $1,500",07/26/2025 02:04:00 PM,FAILING TO REDUCE SPEED TO AVOID CRASH,NOT APPLICABLE,11900,S,LOOMIS ST,524,,,,,,,2,NO INDICATION OF INJURY,0,0,0,0,0,3,0,14,7,7,41.6776113964,-87.6566687475,POINT (-87.65666874752 41.677611396422)
2021605217ac3dc03264a14396c3e30e15b084e8e609441ebf27d7069ed068ed1988303fb1c6349f66cb9b3530e62f3030d18f202ba0ca9f68f2da3cf7439631,,07/26/2025 02:00:00 PM,30,STOP SIGN/FLASHER,FUNCTIONING PROPERLY,RAIN,DAYLIGHT,PEDALCYCLIST,FOUR WAY,,STRAIGHT AND LEVEL,WET,NO DEFECTS,ON SCENE,INJURY AND / OR TOW DUE TO CRASH,Y,,,"$501 - $1,500",07/26/2025 02:08:00 PM,UNABLE TO DETERMINE,NOT APPLICABLE,1125,W,GRAND AVE,1214,,,,,,,2,"REPORTED, NOT EVIDENT",1,0,0,0,1,1,0,14,7,7,41.890988633,-87.6557298678,POINT (-87.655729867794 41.890988632956)
22240ce6e8b432959d6f4f344cd0ec524895a3ca6c78c3357f5aa92b4af9c345d25ec2fbaaff3c9398961459e86d2be0e36e85aa595009f5a0bf9545bc7af563,,07/26/2025 02:00:00 PM,25,NO CONTROLS,NO CONTROLS,UNKNOWN,UNKNOWN,PARKED MOTOR VEHICLE,NOT DIVIDED,,STRAIGHT AND LEVEL,UNKNOWN,UNKNOWN,NOT ON SCENE (DESK REPORT),NO INJURY / DRIVE AWAY,,,,"OVER $1,500",07/28/2025 05:20:00 PM,UNABLE TO DETERMINE,UNABLE TO DETERMINE,6450,W,60TH ST,812,,,,,,,2,NO INDICATION OF INJURY,0,0,0,0,0,1,0,14,7,7,41.7832543154,-87.7835383193,POINT (-87.783538319333 41.783254315354)
2a5a0ee2c08965564f33a9df73449ff831b786dacdfd67d83858bdb2776e1d8c4b3f3a7acb1b4d28a994605365ea309aae9596e4f9a20d0889e6e0d934d96c8a,,07/26/2025 02:00:00 PM,30,NO CONTROLS,NO CONTROLS,CLEAR,DAYLIGHT,TURNING,FOUR WAY,,STRAIGHT AND LEVEL,DRY,NO DEFECTS,NOT ON SCENE (DESK REPORT),NO INJURY / DRIVE AWAY,,,,"OVER $1,500",07/26/2025 05:55:00 PM,UNABLE TO DETERMINE,UNABLE TO DETERMINE,6730,W,ARCHER AVE,811,,,,,,,2,NO INDICATION OF INJURY,0,0,0,0,0,2,0,14,7,7,41.7922906063,-87.7902949036,POINT (-87.790294903613 41.792290606299)
6bbbe39f0aeb96e7e312cf0a2ba58b4ab9278cd085005e887ba8beb06ed4f0c84f83aea3ff3539d80f5883fbd75f81691a3d007b90a9f5945863f6d708a76266,,07/26/2025 02:00:00 PM,30,UNKNOWN,UNKNOWN,CLEAR,DAYLIGHT,TURNING,NOT DIVIDED,,STRAIGHT AND LEVEL,UNKNOWN,UNKNOWN,NOT ON SCENE (DESK REPORT),NO INJURY / DRIVE AWAY,,,,"OVER $1,500",07/26/2025 02:25:00 PM,FAILING TO YIELD RIGHT-OF-WAY,UNABLE TO DETERMINE,6400,W,HIGGINS AVE,1613,,,,,,,2,NO INDICATION OF INJURY,0,0,0,0,0,2,0,14,7,7,41.9764063566,-87.7878625958,POINT (-87.787862595782 41.976406356619)
cc846be682c01652c0e1daa0c356eef1907defcf6de0ed39004b180f304902f652ec0f63363c919415605dd42cc7a74543aa747d0d478f797a17ea0c582aee7f,,07/26/2025 02:00:00 PM,30,STOP SIGN/FLASHER,FUNCTIONING PROPERLY,CLEAR,DAYLIGHT,PEDESTRIAN,ONE-WAY,,STRAIGHT AND LEVEL,DRY,NO DEFECTS,ON SCENE,INJURY AND / OR TOW DUE TO CRASH,,,Y,"OVER $1,500",07/26/2025 02:00:00 PM,UNABLE TO DETERMINE,NOT APPLICABLE,7300,S,RIDGELAND AVE,324,,,,,,,2,INCAPACITATING INJURY,1,0,1,0,0,1,0,14,7,7,41.7623945903,-87.5824844286,POINT (-87.582484428608 41.762394590325)
35e9d679fbf95b5a442bb023a2b16b0c94fc4311a8402b4c8acca1b2d2e719d7d2e8244b756b9572a6b9bcf75b3a7cb9d24a41b05c7c5284d82bfe79d2c18a5c,,07/26/2025 01:56:00 PM,30,TRAFFIC SIGNAL,FUNCTIONING PROPERLY,RAIN,DAYLIGHT,ANGLE,DIVIDED - W/MEDIAN (NOT RAISED),,STRAIGHT AND LEVEL,WET,UNKNOWN,ON SCENE,INJURY AND / OR TOW DUE TO CRASH,Y,,,"OVER $1,500",07/26/2025 02:37:00 PM,IMPROPER OVERTAKING/PASSING,FAILING TO YIELD RIGHT-OF-WAY,9450,S,ASHLAND AVE,2221,,,,,,,2,NO INDICATION OF INJURY,0,0,0,0,0,2,0,13,7,7,41.7215305376,-87.6628388889,POINT (-87.662838888933 41.721530537574)
20af1f72c26891825e2facbd0d612112e42ee0b27bca51549f2ab9acc8faf7f6d839ab0ec656e7c4a02156de14c55504dc64e17f614469211cf2a1def86ffc77,,07/26/2025 01:50:00 PM,30,TRAFFIC SIGNAL,FUNCTIONING PROPERLY,RAIN,DAYLIGHT,TURNING,FOUR WAY,,STRAIGHT AND LEVEL,WET,NO DEFECTS,NOT ON SCENE (DESK REPORT),NO INJURY / DRIVE AWAY,Y,,,"OVER $1,500",07/26/2025 02:00:00 PM,UNABLE TO DETERMINE,UNABLE TO DETERMINE,1730,W,MONTEREY AVE,2212,,,,,,,2,NO INDICATION OF INJURY,0,0,0,0,0,2,0,13,7,7,41.6905717012,-87.665826382,POINT (-87.665826381999 41.690571701244)
5249955de6ba68409247342b7649883771b58e4d78e64c765166299937b83d0aa7e54996fd14cdb366b9c1afe33aa523fe1381d44b793500e35c78a4c49006f1,Y,07/26/2025 01:50:00 PM,30,NO CONTROLS,NO CONTROLS,CLEAR,DAYLIGHT,ANGLE,NOT DIVIDED,,STRAIGHT AND LEVEL,DRY,UNKNOWN,,NO INJURY / DRIVE AWAY,Y,,,"OVER $1,500",07/26/2025 02:20:00 PM,FAILING TO YIELD RIGHT-OF-WAY,UNABLE TO DETERMINE,3500,N,HARLEM AVE,1631,,,,,,,2,NO INDICATION OF INJURY,0,0,0,0,0,2,0,13,7,7,41.9435332931,-87.807095067,POINT (-87.807095067025 41.943533293121)
f13ac1f736b6621277d4e49126df6f00143ad6a1fd182ff0d6591f1956b07deea27d542bb8db7171394677f4fcbab421a55bc8569705aab5b8fc12c42865393b,Y,07/26/2025 01:50:00 PM,20,NO CONTROLS,NO CONTROLS,CLEAR,DAYLIGHT,PARKED MOTOR VEHICLE,ONE-WAY,,STRAIGHT AND LEVEL,DRY,UNKNOWN,NOT ON SCENE (DESK REPORT),NO INJURY / DRIVE AWAY,,,Y,"OVER $1,500",07/26/2025 03:40:00 PM,UNABLE TO DETERMINE,FOLLOWING TOO CLOSELY,4832,W,HUTCHINSON ST,1624,,,,,,,2,NO INDICATION OF INJURY,0,0,0,0,0,1,0,13,7,7,41.9580763758,-87.7487342913,POINT (-87.748734291256 41.9580763758)