CRASH_RECORD_ID,CRASH_DATE_EST_I,CRASH_DATE,POSTED_SPEED_LIMIT,TRAFFIC_CONTROL_DEVICE,DEVICE_CONDITION,WEATHER_CONDITION,LIGHTING_CONDITION,FIRST_CRASH_TYPE,TRAFFICWAY_TYPE,LANE_CNT,ALIGNMENT,ROADWAY_SURFACE_COND,ROAD_DEFECT,REPORT_TYPE,CRASH_TYPE,INTERSECTION_RELATED_I,NOT_RIGHT_OF_WAY_I,HIT_AND_RUN_I,DAMAGE,DATE_POLICE_NOTIFIED,PRIM_CONTRIBUTORY_CAUSE,SEC_CONTRIBUTORY_CAUSE,STREET_NO,STREET_DIRECTION,STREET_NAME,BEAT_OF_OCCURRENCE,PHOTOS_TAKEN_I,STATEMENTS_TAKEN_I,DOORING_I,WORK_ZONE_I,WORK_ZONE_TYPE,WORKERS_PRESENT_I,NUM_UNITS,MOST_SEVERE_INJURY,INJURIES_TOTAL,INJURIES_FATAL,INJURIES_INCAPACITATING,INJURIES_NON_INCAPACITATING,INJURIES_REPORTED_NOT_EVIDENT,INJURIES_NO_INDICATION,INJURIES_UNKNOWN,CRASH_HOUR,CRASH_DAY_OF_WEEK,CRASH_MONTH,LATITUDE,LONGITUDE,LOCATION
5d41d727de75cfc3ed5b039f34cf67bc2f38dac47f2c194987c67d5b41a79bbb89cc9b89350599b9e8d4ad2bb3a714fb8da345af69b3f01a970941acb771d9d2,Y,07/26/2025 01:30:00 PM,10,NO CONTROLS,NO CONTROLS,CLEAR,DAYLIGHT,PARKED MOTOR VEHICLE,ALLEY,,STRAIGHT AND LEVEL,DRY,UNKNOWN,ON SCENE,NO INJURY / DRIVE AWAY,,,Y,"OVER $1,500",07/27/2025 09:48:00 AM,UNABLE TO DETERMINE,UNABLE TO DETERMINE,4534,N,CENTRAL PARK AVE,1723,,,,,,,2,NO INDICATION OF INJURY,0,0,0,0,0,1,0,13,7,7,41.9639387049,-87.7182691767,POINT (-87.71826917671 41.963938704901)
6a472f291421d52ea883981e2f7614dd77af20a150c284f80c1052edbcf10060cdd6d754be19a139b9c7b3f1fb33dfd766ff306dcb3133ab83101117143f8d7d,,07/26/2025 01:30:00 PM,30,TRAFFIC SIGNAL,FUNCTIONING PROPERLY,CLEAR,DAYLIGHT,PEDESTRIAN,NOT DIVIDED,,STRAIGHT AND LEVEL,DRY,UNKNOWN,,INJURY AND / OR TOW DUE TO CRASH,Y,,Y,$500 OR LESS,07/26/2025 01:35:00 PM,UNABLE TO DETERMINE,NOT APPLICABLE,601,N,CICERO AVE,1111,,,,,,,2,NONINCAPACITATING INJURY,1,0,0,1,0,1,0,13,7,7,41.8914287473,-87.7455339572,POINT (-87.745533957234 41.891428747289)
00e680ea2e2f54fc537c39c1a9f0bbec2beb3428252d58190ff2993543d44b3ec58867892c4d2a190e5c68d5fc446f2c21dfeae6584a2075c41a6c453e04f7aa,,07/26/2025 01:24:00 PM,45,OTHER,FUNCTIONING PROPERLY,RAIN,DAYLIGHT,REAR END,DIVIDED - W/MEDIAN BARRIER,,STRAIGHT AND LEVEL,WET,NO DEFECTS,NOT ON SCENE (DESK REPORT),NO INJURY / DRIVE AWAY,,,,"$501 - $1,500",07/26/2025 02:10:00 PM,FOLLOWING TOO CLOSELY,UNABLE TO DETERMINE,8700,S,CHICAGO SKYWAY IB,412,,,,,,,2,NO INDICATION OF INJURY,0,0,0,0,0,3,0,13,7,7,41.7370358388,-87.5685869615,POINT (-87.568586961549 41.73703583882)
c02d8c3ee5db9ff07f23809c84dfcfd4b9dbbfa3024c73e0c3109c5857503ec94b737a3f1bbf72a71356bff636fc92bd5a6eec15a46847529fa63f1e8d31ab04,,07/26/2025 01:20:00 PM,35,NO CONTROLS,NO CONTROLS,CLEAR,DAYLIGHT,SIDESWIPE SAME DIRECTION,NOT DIVIDED,,STRAIGHT AND LEVEL,DRY,NO DEFECTS,NOT ON SCENE (DESK REPORT),NO INJURY / DRIVE AWAY,,,Y,"OVER $1,500",08/02/2025 03:00:00 PM,FAILING TO YIELD RIGHT-OF-WAY,NOT APPLICABLE,4798,W,LAWRENCE AVE,1712,,,,,,,2,NO INDICATION OF INJURY,0,0,0,0,0,2,0,13,7,7,41.9681389398,-87.7477000078,POINT (-87.74770000781 41.968138939776)
c6e9fdcd3b7ef26e11b1c48f2ba129141ad42c839ea4a8eb09ca4b44ec07bb8d75a48fe31473d98ccdc7ff2f931d6bd0eb800e61291f267671f174abca147d0f,,07/26/2025 01:20:00 PM,25,NO CONTROLS,NO CONTROLS,CLEAR,DAYLIGHT,FIXED OBJECT,ONE-WAY,,STRAIGHT AND LEVEL,DRY,NO DEFECTS,NOT ON SCENE (DESK REPORT),NO INJURY / DRIVE AWAY,,,,"OVER $1,500",07/31/2025 01:20:00 PM,ROAD ENGINEERING/SURFACE/MARKING DEFECTS,NOT APPLICABLE,531,W,DEMING PL,1935,Y,Y,,,,,1,NO INDICATION OF INJURY,0,0,0,0,0,1,0,13,7,7,41.9281071704,-87.6433445956,POINT (-87.643344595642 41.928107170441)
8f83181b5d0967543800708a0195a9939e3dbf10917197d4912adba7e870a8fadf42ad7601904ab4c8c0ef8ad43240603ef5daaff44ec494927c3c0e72a1e058,,07/26/2025 01:15:00 PM,30,NO CONTROLS,NO CONTROLS,CLEAR,DAYLIGHT,SIDESWIPE SAME DIRECTION,DIVIDED - W/MEDIAN (NOT RAISED),,STRAIGHT AND LEVEL,DRY,NO DEFECTS,NOT ON SCENE (DESK REPORT),NO INJURY / DRIVE AWAY,,,Y,"OVER $1,500",07/26/2025 01:26:00 PM,IMPROPER OVERTAKING/PASSING,IMPROPER OVERTAKING/PASSING,4423,W,OGDEN AVE,1013,,,,,,,2,NO INDICATION OF INJURY,0,0,0,0,0,2,0,13,7,7,41.8472882241,-87.7351555679,POINT (-87.735155567948 41.847288224091)
9d0fd20d339bb5ee06c97a2bfb3eb417c7e16c0af260a749ef8d97754f3ee2fc6c658391351abb2422f9410bfba0452cd4514bc521978574e77c26e54714e22e,,07/26/2025 01:15:00 PM,20,NO CONTROLS,NO CONTROLS,CLEAR,DAYLIGHT,PARKED MOTOR VEHICLE,NOT DIVIDED,,STRAIGHT AND LEVEL,DRY,NO DEFECTS,NOT ON SCENE (DESK REPORT),NO INJURY / DRIVE AWAY,,,,"OVER $1,500",07/26/2025 01:54:00 PM,IMPROPER LANE USAGE,NOT APPLICABLE,400,W,95TH ST,2223,,,,,,,2,NO INDICATION OF INJURY,0,0,0,0,0,1,0,13,7,7,41.7217012969,-87.633557775,POINT (-87.633557775033 41.721701296874)
853fdce5843835794cca428eecbdea26dca9d4554263a595755c173a5e7348c80ff18be8dd7f91a4895e0615a0cfae2ad5c5340914ba6fb72e3940634cf73d58,,07/26/2025 01:09:00 PM,35,TRAFFIC SIGNAL,FUNCTIONING PROPERLY,CLOUDY/OVERCAST,DAYLIGHT,TURNING,FOUR WAY,,STRAIGHT AND LEVEL,WET,NO DEFECTS,ON SCENE,INJURY AND / OR TOW DUE TO CRASH,Y,,,"OVER $1,500",07/26/2025 01:13:00 PM,TURNING RIGHT ON RED,UNABLE TO DETERMINE,4059,S,DR MARTIN LUTHER KING JR DR,214,,,,,,,2,NO INDICATION OF INJURY,0,0,0,0,0,3,0,13,7,7,41.8202786114,-87.616751517,POINT (-87.616751516993 41.820278611441)
82f39bd14af2f55885c372e9ebf08e406522bd0bbd3ce1aef1baabb487766d2d7dff81ece112e7b43c0a73e0db034849323f14fb43bca07c7b299d69b2cad0d6,,07/26/2025 01:05:00 PM,35,STOP SIGN/FLASHER,FUNCTIONING PROPERLY,CLEAR,DAYLIGHT,ANGLE,ONE-WAY,,STRAIGHT AND LEVEL,DRY,UNKNOWN,ON SCENE,INJURY AND / OR TOW DUE TO CRASH,,,,"OVER $1,500",07/26/2025 01:05:00 PM,UNABLE TO DETERMINE,UNABLE TO DETERMINE,7601,S,KINGSTON AVE,421,,Y,,,,,2,NO INDICATION OF INJURY,0,0,0,0,0,2,0,13,7,7,41.7571296657,-87.562551763,POINT (-87.562551762996 41.757129665677)
fdb09ffe085e02e25e5b80e2134c0d453a9dbc8443d55803dfa68b7d7d57f90b15631813f89dee0ef7ec775ffd19d66e36eeb96b11f3168eaef95680ab77ec18,,07/26/2025 01:05:00 PM,10,NO CONTROLS,NO CONTROLS,UNKNOWN,DAYLIGHT,PARKED MOTOR VEHICLE,PARKING LOT,,STRAIGHT AND LEVEL,UNKNOWN,UNKNOWN,NOT ON SCENE (DESK REPORT),NO INJURY / DRIVE AWAY,,Y,Y,"$501 - $1,500",07/26/2025 06:30:00 PM,UNABLE TO DETERMINE,NOT APPLICABLE,321,S,WACKER DR,122,,,,,,,2,NO INDICATION OF INJURY,0,0,0,0,0,1,0,13,7,7,41.8775637372,-87.6365145755,POINT (-87.63651457548 41.877563737195)
270d6b1e7eb28b6977f3609ce714b0a4367d21a6e0afde6df998915a8ebdc2dc05c3a697b9560c533160e79211b35d9bed29e2d3008718797ac2135f8bf4d3f5,,07/26/2025 01:00:00 PM,30,STOP SIGN/FLASHER,FUNCTIONING PROPERLY,CLEAR,DAYLIGHT,ANGLE,FOUR WAY,,STRAIGHT AND LEVEL,DRY,NO DEFECTS,NOT ON SCENE (DESK REPORT),NO INJURY / DRIVE AWAY,,,,"OVER $1,500",07/28/2025 05:11:00 PM,FAILING TO YIELD RIGHT-OF-WAY,NOT APPLICABLE,5040,S,ARCHER AVE,815,,,,,,,2,NO INDICATION OF INJURY,0,0,0,0,0,3,0,13,7,7,41.8014356523,-87.7258104147,POINT (-87.725810414672 41.801435652279)
5645d26703e80306a59e2dc78fc291fecc5975cfcd9958c890f029ece1839201961261fa7e429295bff51146790ff2adbea8f14e06f25884be9383402f11ce0b,,07/26/2025 01:00:00 PM,30,NO CONTROLS,NO CONTROLS,CLEAR,DAYLIGHT,OTHER OBJECT,NOT DIVIDED,,STRAIGHT AND LEVEL,DRY,OTHER,NOT ON SCENE (DESK REPORT),NO INJURY / DRIVE AWAY,,,,$500 OR LESS,07/31/2025 12:30:00 PM,NOT APPLICABLE,NOT APPLICABLE,1463,W,NORTH AVE,1433,,,,,,,1,NO INDICATION OF INJURY,0,0,0,0,0,1,0,13,7,7,41.9105551163,-87.6651783591,POINT (-87.665178359138 41.910555116254)
6ea0f8c5c0d6e6c16f72f17e22c26fe9cac088293770d477981447daaf54fdbd9c676480c66bbc1c0fd691d7b98d7cc17e021977b034ed4c56c3590f59c554eb,,07/26/2025 01:00:00 PM,30,TRAFFIC SIGNAL,UNKNOWN,CLEAR,DAYLIGHT,TURNING,NOT DIVIDED,,STRAIGHT AND LEVEL,UNKNOWN,UNKNOWN,NOT ON SCENE (DESK REPORT),NO INJURY / DRIVE AWAY,,,,"OVER $1,500",07/26/2025 04:35:00 PM,UNABLE TO DETERMINE,UNABLE TO DETERMINE,7198,W,HIGGINS AVE,1613,,,,,,,2,NO INDICATION OF INJURY,0,0,0,0,0,2,0,13,7,7,41.9812078052,-87.8068597127,POINT (-87.806859712726 41.981207805234)
8e3c00086d6376d846fb269caa4a372f55718ee6ce10e78fe6af5535e04dd5a777da3f99a1a11940bac633a6d0919ff64c754503448484ccd791acbcf0a3b050,,07/26/2025 01:00:00 PM,30,TRAFFIC SIGNAL,FUNCTIONING PROPERLY,CLEAR,DAYLIGHT,REAR END,DIVIDED - W/MEDIAN BARRIER,,STRAIGHT AND LEVEL,DRY,NO DEFECTS,NOT ON SCENE (DESK REPORT),NO INJURY / DRIVE AWAY,,,Y,"OVER $1,500",07/26/2025 03:50:00 PM,FAILING TO REDUCE SPEED TO AVOID CRASH,UNABLE TO DETERMINE,3841,S,PULASKI RD,821,,,,,,,2,NO INDICATION OF INJURY,0,0,0,0,0,2,0,13,7,7,41.8229996423,-87.7239038424,POINT (-87.723903842368 41.822999642303)
5396a44dd14a3f29c131279a3201d2f7d621d36ee9e11ff2a873971eb3c324d9c0673eccdb6e6e8aeb91e18d425dcd4512f1c360062f3b892d1d1fcb041fb74d,,07/26/2025 12:55:00 PM,30,TRAFFIC SIGNAL,FUNCTIONING PROPERLY,CLEAR,DAYLIGHT,REAR END,FOUR WAY,,STRAIGHT AND LEVEL,WET,NO DEFECTS,ON SCENE,INJURY AND / OR TOW DUE TO CRASH,Y,,,$500 OR LESS,07/26/2025 12:56:00 PM,FAILING TO REDUCE SPEED TO AVOID CRASH,FOLLOWING TOO CLOSELY,1847,N,AUSTIN AVE,2531,,,,,,,3,"REPORTED, NOT EVIDENT",2,0,0,0,2,2,0,12,7,7,41.91426693,-87.7752452767,POINT (-87.775245276733 41.914266930006)
612353e893220c07c0462985e12c8c95f216e54d56d4063d8e6df20f3de8b3412a76b0f7abe1b2fb27dc52278775af98d0338d00be2f7eb73dc06d2d48eef5a9,,07/26/2025 12:55:00 PM,30,NO CONTROLS,NO CONTROLS,CLEAR,DAYLIGHT,PARKED MOTOR VEHICLE,DIVIDED - W/MEDIAN (NOT RAISED),,STRAIGHT AND LEVEL,DRY,NO DEFECTS,ON SCENE,INJURY AND / OR TOW DUE TO CRASH,,,,"OVER $1,500",07/26/2025 01:10:00 PM,IMPROPER LANE USAGE,UNABLE TO DETERMINE,2753,N,MILDRED AVE,1935,,,,,,,2,NO INDICATION OF INJURY,0,0,0,0,0,1,0,12,7,7,41.9324227032,-87.6512852665,POINT (-87.651285266455 41.932422703155)
88d2e5c745162da9f72afb880d7a6b4fbfed8513392860707f9ff37f7282deea78b6c26772a02dc8fb6406de3d89da6fa4acd5ec62844f24c05aa7cbd7b8a73b,,07/26/2025 12:42:00 PM,30,NO CONTROLS,NO CONTROLS,CLOUDY/OVERCAST,DAYLIGHT,SIDESWIPE SAME DIRECTION,NOT DIVIDED,,STRAIGHT AND LEVEL,WET,NO DEFECTS,NOT ON SCENE (DESK REPORT),NO INJURY / DRIVE AWAY,,,,"OVER $1,500",07/26/2025 12:43:00 PM,IMPROPER OVERTAKING/PASSING,UNABLE TO DETERMINE,757,W,35TH ST,915,,,,,,,2,NO INDICATION OF INJURY,0,0,0,0,0,2,0,12,7,7,41.8306424012,-87.6459587393,POINT (-87.645958739256 41.830642401223)
544462eb0c7640ca9dc2815268e711f57452b1a17802a811591fe4c0b3a0ad1ca42454ce7a777911d38742ebeb4961cbd2e59f78ddd05d78dd099ffe22474539,,07/26/2025 12:41:00 PM,30,STOP SIGN/FLASHER,NO CONTROLS,UNKNOWN,DAYLIGHT,TURNING,DIVIDED - W/MEDIAN (NOT RAISED),,STRAIGHT AND LEVEL,UNKNOWN,UNKNOWN,NOT ON SCENE (DESK REPORT),NO INJURY / DRIVE AWAY,,,,"OVER $1,500",07/26/2025 02:00:00 PM,FAILING TO YIELD RIGHT-OF-WAY,NOT APPLICABLE,6100,S,ST LAWRENCE AVE,313,,,,,,,2,NO INDICATION OF INJURY,0,0,0,0,0,2,0,12,7,7,41.7838767361,-87.6110295821,POINT (-87.61102958213 41.783876736126)
bd504a9dadb5f3ed158021b815703119042389f4334bf94ad6d8f97994c4cd514b196981e5774461a9242d1aca3f2c94b49fc97bd5f9ca0b2e4eb54e18f13504,,07/26/2025 12:40:00 PM,30,NO CONTROLS,NO CONTROLS,CLEAR,DAYLIGHT,PEDALCYCLIST,FOUR WAY,,STRAIGHT AND LEVEL,DRY,NO DEFECTS,NOT ON SCENE (DESK REPORT),INJURY AND / OR TOW DUE TO CRASH,,,,"OVER $1,500",07/30/2025 10:00:00 AM,FAILING TO YIELD RIGHT-OF-WAY,FAILING TO YIELD RIGHT-OF-WAY,2729,N,HALSTED ST,1935,,,Y,,,,3,NONINCAPACITATING INJURY,1,0,0,1,0,2,0,12,7,7,41.9323838865,-87.6488527618,POINT (-87.648852761753 41.932383886451)
b303c273223fc029a45e6921e31ca37211f5fac4fdc7fcbac24f40962863fd7f1481eaacb0c0f460624a8ded603d0fe3704f7bd0b8bd005127a13a3f4f80656a,,07/26/2025 12:30:00 PM,15,NO CONTROLS,NO CONTROLS,CLEAR,DAYLIGHT,PARKED MOTOR VEHICLE,PARKING LOT,,STRAIGHT AND LEVEL,DRY,NO DEFECTS,NOT ON SCENE (DESK REPORT),NO INJURY / DRIVE AWAY,,,Y,"OVER $1,500",07/26/2025 05:50:00 PM,UNABLE TO DETERMINE,UNABLE TO DETERMINE,3109,W,26TH ST,1033,,,,,,,2,NO INDICATION OF INJURY,0,0,0,0,0,1,0,12,7,7,41.8444313241,-87.7029827538,POINT (-87.702982753769 41.844431324084)
ceb7c36b7ad8083bc0d116e2d3b65a6d8b72b496a675f74d2f4c377bd516f59d46c7e4f1458a9e1fd8f0ffec1017ccd4fc5a0d4bc0bfacfea8e1f25c7214a63c,Y,07/26/2025 12:30:00 PM,30,NO CONTROLS,NO CONTROLS,OTHER,DAYLIGHT,PARKED MOTOR VEHICLE,NOT DIVIDED,,STRAIGHT AND LEVEL,WET,UNKNOWN,ON SCENE,INJURY AND / OR TOW DUE TO CRASH,,,Y,"OVER $1,500",07/26/2025 12:37:00 PM,UNABLE TO DETERMINE,FAILING TO REDUCE SPEED TO AVOID CRASH,10722,S,STATE ST,513,,,,,,,2,NO INDICATION OF INJURY,0,0,0,0,0,1,0,12,7,7,41.6991567037,-87.6234392636,POINT (-87.623439263604 41.699156703737)
e5936c83ff3c81b6e01a68bc0f5149b0af8bb25e924758775d4b903348189768cfb8ef6de38b048446ee958e925dcec22c18f433f424c8c34b55f5604e1194b5,,07/26/2025 12:30:00 PM,35,TRAFFIC SIGNAL,FUNCTIONING PROPERLY,CLEAR,DAYLIGHT,SIDESWIPE SAME DIRECTION,NOT DIVIDED,,STRAIGHT AND LEVEL,WET,UNKNOWN,NOT ON SCENE (DESK REPORT),NO INJURY / DRIVE AWAY,,,,"OVER $1,500",07/27/2025 08:30:00 AM,NOT APPLICABLE,NOT APPLICABLE,1819,W,MONTROSE AVE,1912,,,,,,,2,NO INDICATION OF INJURY,0,0,0,0,0,2,0,12,7,7,41.96139512,-87.6752080063,POINT (-87.675208006259 41.961395119967)
b464d1132f79d491ba91cdf1b08a5f6638d1ed8f26edc3e30ed77323adba07f3be31ec46206d62be94a164b019545e2cb9d3daccd35fb3a214d3bbd41c1a8193,,07/26/2025 12:27:00 PM,45,TRAFFIC SIGNAL,FUNCTIONING PROPERLY,CLEAR,DAYLIGHT,REAR END,DIVIDED - W/MEDIAN BARRIER,,STRAIGHT AND LEVEL,DRY,NO DEFECTS,ON SCENE,INJURY AND / OR TOW DUE TO CRASH,,,Y,"OVER $1,500",07/26/2025 01:21:00 PM,UNABLE TO DETERMINE,UNABLE TO DETERMINE,101,S,LAKE SHORE DR NB,114,,,,,,,2,NONINCAPACITATING INJURY,6,0,0,6,0,1,0,12,7,7,41.8808569263,-87.6171033844,POINT (-87.617103384378 41.880856926277)
77aad512a183e21a569dd68b1bdd2eaa11412a6817271d640f306b66e78fb3ec6ce947b1194d1bd5dc883c637fdddf556ca137e963450b117efa7546857b1497,,07/26/2025 12:25:00 PM,25,NO CONTROLS,NO CONTROLS,CLEAR,DAYLIGHT,PARKED MOTOR VEHICLE,ONE-WAY,,"CURVE, LEVEL",WET,NO DEFECTS,ON SCENE,NO INJURY / DRIVE AWAY,,,,"$501 - $1,500",07/26/2025 12:31:00 PM,IMPROPER LANE USAGE,NOT APPLICABLE,935,W,115TH PL,524,,,,,,,2,NO INDICATION OF INJURY,0,0,0,0,0,1,0,12,7,7,41.6841243146,-87.6460264225,POINT (-87.646026422504 41.684124314579)
ed769fb2109b9d185413cf81dc65aa1c53ae2f4e246348bd6ae635944363762b3a3993ade040bb22aacc9ca3549048ffad12f260683f27c2cf46700c3f284d22,,07/26/2025 12:24:00 PM,30,NO CONTROLS,NO CONTROLS,CLOUDY/OVERCAST,DAYLIGHT,ANGLE,DIVIDED - W/MEDIAN (NOT RAISED),,STRAIGHT AND LEVEL,DRY,NO DEFECTS,ON SCENE,INJURY AND / OR TOW DUE TO CRASH,,,,"$501 - $1,500",07/26/2025 12:25:00 PM,FAILING TO YIELD RIGHT-OF-WAY,NOT APPLICABLE,6442,N,SHERIDAN RD,2432,,,,,,,2,NO INDICATION OF INJURY,0,0,0,0,0,2,0,12,7,7,41.9994368154,-87.6608203559,POINT (-87.660820355942 41.999436815391)
f29ea5bf3909ed142deae90983d48d3fc36c97f3c386ec308ea5b1b1572b394f36c0a4fb9cb0beb9edc25a11a61bb80e1731b8ef6a814ce309b431e9defb5ec3,,07/26/2025 12:22:00 PM,30,STOP SIGN/FLASHER,FUNCTIONING PROPERLY,CLEAR,DARKNESS,ANGLE,DIVIDED - W/MEDIAN (NOT RAISED),,STRAIGHT AND LEVEL,DRY,NO DEFECTS,NOT ON SCENE (DESK REPORT),NO INJURY / DRIVE AWAY,Y,,,"OVER $1,500",08/03/2025 01:49:00 PM,UNABLE TO DETERMINE,NOT APPLICABLE,7600,S,INDIANA AVE,623,,,,,,,2,NO INDICATION OF INJURY,0,0,0,0,0,2,0,12,7,7,41.7564048051,-87.6200325039,POINT (-87.62003250391 41.756404805121)
b7d3e61bfcb8092d9319ffe0e872b0f632fce21e38302521f8421b0727e5a95dba1fe2eee10dc917db408eaf5ea654ffc0aa29548a309e87474fed37f03dff95,,07/26/2025 12:02:00 PM,30,NO CONTROLS,NO CONTROLS,CLEAR,DAYLIGHT,PARKED MOTOR VEHICLE,NOT DIVIDED,,STRAIGHT AND LEVEL,DRY,NO DEFECTS,ON SCENE,INJURY AND / OR TOW DUE TO CRASH,,,,"OVER $1,500",07/26/2025 12:02:00 PM,UNABLE TO DETERMINE,UNABLE TO DETERMINE,4301,N,CALIFORNIA AVE,1724,,,,,,,2,"REPORTED, NOT EVIDENT",1,0,0,0,1,0,0,12,7,7,41.9595037158,-87.6982654257,POINT (-87.698265425682 41.959503715833)
c779b83b1b96b717d61708d64c8c4028e750170eedf664fb273cc9d4d13d19a31859201d3b9975374bb846a2813ef0bc74f222a68284225f64ab35f2dc4dca9c,,07/26/2025 12:01:00 PM,30,UNKNOWN,UNKNOWN,CLOUDY/OVERCAST,UNKNOWN,PARKED MOTOR VEHICLE,PARKING LOT,,STRAIGHT AND LEVEL,UNKNOWN,UNKNOWN,NOT ON SCENE (DESK REPORT),NO INJURY / DRIVE AWAY,,,,"OVER $1,500",07/26/2025 01:05:00 PM,UNABLE TO DETERMINE,UNABLE TO DETERMINE,667,W,DIVERSEY PKWY,1935,,,,,,,2,NO INDICATION OF INJURY,0,0,0,0,0,2,0,12,7,7,41.9326660117,-87.6461872718,POINT (-87.646187271815 41.932666011669)
363447480c468890b686e5568f9ade4d8fe697577fbbe1146fceb97a33618ef993c675d807df8941bd8b9aaa9fbe9e973cf5df8231616ba83da86170841d5e3a,Y,07/26/2025 12:00:00 PM,30,NO CONTROLS,NO CONTROLS,CLEAR,DAYLIGHT,PARKED MOTOR VEHICLE,ONE-WAY,,STRAIGHT AND LEVEL,DRY,NO DEFECTS,NOT ON SCENE (DESK REPORT),NO INJURY / DRIVE AWAY,,,Y,"OVER $1,500",07/26/2025 07:58:00 PM,UNABLE TO DETERMINE,NOT APPLICABLE,2622,S,AVERS AVE,1031,,,,,,,2,NO INDICATION OF INJURY,0,0,0,0,0,1,0,12,7,7,41.8435776187,-87.7210154975,POINT (-87.721015497527 41.843577618691)
47d17ba1b78ed4496f9f8c5445ebc153bc51e6fb96cb1d937cea908c2c9b049416e8e7c984ea824ae69ee0a05bddcfed1a6ed7c0301bf3f0ef1f80018df39869,,07/26/2025 12:00:00 PM,30,UNKNOWN,UNKNOWN,UNKNOWN,UNKNOWN,PARKED MOTOR VEHICLE,NOT DIVIDED,,STRAIGHT AND LEVEL,DRY,UNKNOWN,NOT ON SCENE (DESK REPORT),NO INJURY / DRIVE AWAY,,,Y,"OVER $1,500",07/29/2025 09:30:00 AM,UNABLE TO DETERMINE,UNABLE TO DETERMINE,2113,W,MARQUETTE RD,726,,,,,,,2,NO INDICATION OF INJURY,0,0,0,0,0,1,0,12,7,7,41.7719285898,-87.6767007127,POINT (-87.67670071273 41.771928589806)
5fd674b806eace5a02c2192ecea8e60107b0fbe36ff4ab40b5e452d3669c866cd9fd7e301de42cd3ce84de142554dee06afd880aede358eab2fa5f3829e14cd0,,07/26/2025 12:00:00 PM,30,STOP SIGN/FLASHER,FUNCTIONING PROPERLY,UNKNOWN,UNKNOWN,TURNING,T-INTERSECTION,,STRAIGHT AND LEVEL,UNKNOWN,UNKNOWN,NOT ON SCENE (DESK REPORT),NO INJURY / DRIVE AWAY,Y,,,"OVER $1,500",07/26/2025 01:00:00 PM,DISREGARDING STOP SIGN,NOT APPLICABLE,1699,N,KOSTNER AVE,2534,,,,,,,2,NO INDICATION OF INJURY,0,0,0,0,0,2,0,12,7,7,41.9115056182,-87.7360128765,POINT (-87.736012876476 41.911505618172)
685b2cafd4f7fa453b552dca82c27a4b392719ad0ed8e3ca0ef6f8a6226c8c6357fb46ee2fc255f7a3b4379773797e6315c6f5320c30ea796e5d48367142d8e5,Y,07/26/2025 12:00:00 PM,30,NO CONTROLS,NO CONTROLS,CLEAR,DAYLIGHT,PARKED MOTOR VEHICLE,DIVIDED - W/MEDIAN (NOT RAISED),,STRAIGHT AND LEVEL,DRY,NO DEFECTS,ON SCENE,NO INJURY / DRIVE AWAY,,,Y,"OVER $1,500",07/26/2025 01:20:00 PM,FOLLOWING TOO CLOSELY,NOT APPLICABLE,651,W,DIVERSEY PKWY,1935,,,,,,,2,NO INDICATION OF INJURY,0,0,0,0,0,1,0,12,7,7,41.9326772021,-87.6455777466,POINT (-87.645577746619 41.932677202101)
77bc505fdeebc132ea6cd4285f0c228069958c77f840fcacae3c0aa90706cc6a035be4d44d6b9eafc7b49a9513f2a0566481703404ad440f54870a35f79cbc77,,07/26/2025 12:00:00 PM,30,STOP SIGN/FLASHER,FUNCTIONING PROPERLY,CLEAR,DAYLIGHT,TURNING,NOT DIVIDED,,STRAIGHT AND LEVEL,DRY,NO DEFECTS,NOT ON SCENE (DESK REPORT),NO INJURY / DRIVE AWAY,,,,"OVER $1,500",07/26/2025 12:45:00 PM,NOT APPLICABLE,NOT APPLICABLE,4344,W,WABANSIA AVE,2534,,,,,,,2,NO INDICATION OF INJURY,0,0,0,0,0,4,0,12,7,7,41.9116979234,-87.7355066061,POINT (-87.735506606122 41.911697923364)
8356003944eed6ef757d38ed639d560f691ac0e12e5daa97a56aa292b900d8e92db7adf836a854cf32a90c3ec0b05144872e70df74efb09f3a52f2d2e575b66f,,07/26/2025 12:00:00 PM,30,TRAFFIC SIGNAL,FUNCTIONING PROPERLY,CLEAR,DAYLIGHT,REAR END,DIVIDED - W/MEDIAN (NOT RAISED),,STRAIGHT AND LEVEL,UNKNOWN,UNKNOWN,NOT ON SCENE (DESK REPORT),NO INJURY / DRIVE AWAY,,,Y,"OVER $1,500",07/26/2025 01:00:00 PM,UNABLE TO DETERMINE,UNABLE TO DETERMINE,700,W,63RD ST,711,,,,,,,2,NO INDICATION OF INJURY,0,0,0,0,0,2,0,12,7,7,41.7798889961,-87.6428423448,POINT (-87.642842344768 41.77988899606)
b56c13137b3e8438cc683fa1fa4701c74515c298e4fc1518b801c27aaaeb0b2e0e7e2e4a327cb0358ad1f57dd901f8809c125ac82ca23fdd9b166d11f842880f,,07/26/2025 11:45:00 AM,30,NO CONTROLS,NO CONTROLS,RAIN,DAYLIGHT,REAR END,NOT DIVIDED,,STRAIGHT AND LEVEL,WET,NO DEFECTS,ON SCENE,NO INJURY / DRIVE AWAY,,,,$500 OR LESS,07/26/2025 12:05:00 PM,IMPROPER TURNING/NO SIGNAL,NOT APPLICABLE,900,E,79TH ST,624,,,,,,,2,NO INDICATION OF INJURY,0,0,0,0,0,2,0,11,7,7,41.7514250386,-87.602698567,POINT (-87.602698566988 41.751425038576)