CRASH_RECORD_ID,CRASH_DATE_EST_I,CRASH_DATE,POSTED_SPEED_LIMIT,TRAFFIC_CONTROL_DEVICE,DEVICE_CONDITION,WEATHER_CONDITION,LIGHTING_CONDITION,FIRST_CRASH_TYPE,TRAFFICWAY_TYPE,LANE_CNT,ALIGNMENT,ROADWAY_SURFACE_COND,ROAD_DEFECT,REPORT_TYPE,CRASH_TYPE,INTERSECTION_RELATED_I,NOT_RIGHT_OF_WAY_I,HIT_AND_RUN_I,DAMAGE,DATE_POLICE_NOTIFIED,PRIM_CONTRIBUTORY_CAUSE,SEC_CONTRIBUTORY_CAUSE,STREET_NO,STREET_DIRECTION,STREET_NAME,BEAT_OF_OCCURRENCE,PHOTOS_TAKEN_I,STATEMENTS_TAKEN_I,DOORING_I,WORK_ZONE_I,WORK_ZONE_TYPE,WORKERS_PRESENT_I,NUM_UNITS,MOST_SEVERE_INJURY,INJURIES_TOTAL,INJURIES_FATAL,INJURIES_INCAPACITATING,INJURIES_NON_INCAPACITATING,INJURIES_REPORTED_NOT_EVIDENT,INJURIES_NO_INDICATION,INJURIES_UNKNOWN,CRASH_HOUR,CRASH_DAY_OF_WEEK,CRASH_MONTH,LATITUDE,LONGITUDE,LOCATION
15b04a0431d5b59364a87f9a68e2af4412abc98f25a52ee50f00f0a9e4525bbe8736a67aaad77e805ad0d6c797a94f0588761ddabfb6e64c89e5cce856a1a509,,07/26/2025 11:40:00 AM,30,NO CONTROLS,NO CONTROLS,CLEAR,DAYLIGHT,SIDESWIPE SAME DIRECTION,DIVIDED - W/MEDIAN (NOT RAISED),,STRAIGHT AND LEVEL,WET,NO DEFECTS,NOT ON SCENE (DESK REPORT),NO INJURY / DRIVE AWAY,,,,"$501 - $1,500",07/26/2025 01:00:00 PM,IMPROPER OVERTAKING/PASSING,IMPROPER OVERTAKING/PASSING,799,W,99TH ST,2232,,,,,,,2,NO INDICATION OF INJURY,0,0,0,0,0,2,0,11,7,7,41.7141048342,-87.6429421316,POINT (-87.642942131591 41.714104834212)
73e2c40f5913120a4136e9fea08953e96aa223c8c71ae01525c4e7749a9530a679497def87e911b22b6a83c79d9d397e06cfb6c562546d7a8d5b1bf66b323dc5,,07/26/2025 11:40:00 AM,25,STOP SIGN/FLASHER,FUNCTIONING PROPERLY,CLEAR,DAYLIGHT,TURNING,FOUR WAY,,STRAIGHT AND LEVEL,DRY,UNKNOWN,NOT ON SCENE (DESK REPORT),NO INJURY / DRIVE AWAY,Y,,,"$501 - $1,500",07/26/2025 12:30:00 PM,UNABLE TO DETERMINE,UNABLE TO DETERMINE,5333,W,FULLERTON AVE,2515,,,,,,,2,NO INDICATION OF INJURY,0,0,0,0,0,2,0,11,7,7,41.9239481273,-87.7599748521,POINT (-87.759974852133 41.923948127344)
526888e716d25bb5eeed23f66b5b393baada1198942744ae6957e55c335a3d35ae661e5f9e8e34f8ca18c8544e0ebe745629d70e8de9f3fe0451b1b71663e3eb,,07/26/2025 11:35:00 AM,30,TRAFFIC SIGNAL,FUNCTIONING PROPERLY,CLEAR,DAYLIGHT,TURNING,NOT DIVIDED,,STRAIGHT AND LEVEL,DRY,NO DEFECTS,ON SCENE,NO INJURY / DRIVE AWAY,Y,,Y,"OVER $1,500",07/26/2025 11:59:00 AM,FAILING TO YIELD RIGHT-OF-WAY,UNABLE TO DETERMINE,1600,N,WESTERN AVE,1434,,,,,,,2,NO INDICATION OF INJURY,0,0,0,0,0,5,0,11,7,7,41.9104090236,-87.6873702684,POINT (-87.687370268401 41.910409023629)
47f68200fa7b727d7db5d2e4a2eb18f84d431b849601dff72c7d9a611a0c9e1c3ea7a26991f2fcc4557d59152a85bbf17dea3d494f1abef45aa242c86bf1bd61,,07/26/2025 11:31:00 AM,10,NO CONTROLS,NO CONTROLS,UNKNOWN,DAYLIGHT,TURNING,NOT DIVIDED,,STRAIGHT AND LEVEL,UNKNOWN,UNKNOWN,NOT ON SCENE (DESK REPORT),NO INJURY / DRIVE AWAY,,,Y,"$501 - $1,500",07/26/2025 12:20:00 PM,UNABLE TO DETERMINE,UNABLE TO DETERMINE,4759,W,76TH ST,833,,,,,,,2,NO INDICATION OF INJURY,0,0,0,0,0,3,0,11,7,7,41.7542392229,-87.7414658044,POINT (-87.741465804375 41.754239222945)
0893d013eb620b8087005569eaf027a5ad0137c8222ca63b7aface50a203923547289584098fd00111a80578f2dd81e5ab7e4e696bbbd3ea47d2695893d9c4b3,,07/26/2025 11:30:00 AM,30,TRAFFIC SIGNAL,FUNCTIONING PROPERLY,UNKNOWN,UNKNOWN,PEDALCYCLIST,ONE-WAY,,STRAIGHT AND LEVEL,UNKNOWN,UNKNOWN,NOT ON SCENE (DESK REPORT),INJURY AND / OR TOW DUE TO CRASH,,,,$500 OR LESS,07/28/2025 08:20:00 PM,UNABLE TO DETERMINE,NOT APPLICABLE,10,S,DEARBORN ST,112,,,,,,,2,"REPORTED, NOT EVIDENT",1,0,0,0,1,1,0,11,7,7,41.8818069601,-87.6295431154,POINT (-87.629543115394 41.881806960065)
8c80d1346199e0270467f394e69308e4ba26616dea6b246dec2d04a5f24158e80677736459d684c6a67150388068cc2332841f24e75d233ed85b8fe69605e375,,07/26/2025 11:30:00 AM,35,TRAFFIC SIGNAL,FUNCTIONING PROPERLY,CLEAR,DAYLIGHT,TURNING,DIVIDED - W/MEDIAN (NOT RAISED),,STRAIGHT AND LEVEL,UNKNOWN,UNKNOWN,NOT ON SCENE (DESK REPORT),NO INJURY / DRIVE AWAY,,,,"OVER $1,500",07/26/2025 01:26:00 PM,IMPROPER TURNING/NO SIGNAL,IMPROPER LANE USAGE,7601,S,CICERO AVE,833,,,,,,,2,NO INDICATION OF INJURY,0,0,0,0,0,2,0,11,7,7,41.7546601244,-87.7413847586,POINT (-87.741384758605 41.754660124394)
b03b854a98be42eed5de9cd38c65fc54127d5b5b92862c5502f760b86163b04a7fdf1d48e3d2e428782f6e8f17ef887a90beb274ef4e8a2d664811b8ab337824,,07/26/2025 11:30:00 AM,30,NO CONTROLS,NO CONTROLS,CLEAR,DAYLIGHT,PARKED MOTOR VEHICLE,PARKING LOT,,STRAIGHT AND LEVEL,DRY,NO DEFECTS,NOT ON SCENE (DESK REPORT),NO INJURY / DRIVE AWAY,,Y,Y,"$501 - $1,500",07/26/2025 11:50:00 AM,IMPROPER BACKING,IMPROPER BACKING,1512,W,FARGO AVE,2422,,,,,,,2,NO INDICATION OF INJURY,0,0,0,0,0,1,0,11,7,7,42.0172193313,-87.6687340753,POINT (-87.668734075261 42.017219331329)
0cbfa58aa388cef2b66e30aa8a7f831e4ea8a30d3c788a29bcc59591dc44b2d67d9b5c79be1a5eabc6eeabc560922c7e6459ac031e8d64b21eca3558670fe096,,07/26/2025 11:27:00 AM,30,TRAFFIC SIGNAL,FUNCTIONING PROPERLY,CLOUDY/OVERCAST,DAYLIGHT,SIDESWIPE SAME DIRECTION,DIVIDED - W/MEDIAN (NOT RAISED),,STRAIGHT AND LEVEL,DRY,NO DEFECTS,ON SCENE,INJURY AND / OR TOW DUE TO CRASH,N,,Y,"OVER $1,500",07/26/2025 11:30:00 AM,IMPROPER OVERTAKING/PASSING,IMPROPER OVERTAKING/PASSING,3802,W,CERMAK RD,1014,,,,,,,2,NO INDICATION OF INJURY,0,0,0,0,0,2,0,11,7,7,41.8517158113,-87.7200094129,POINT (-87.720009412941 41.851715811323)
a45683b667d06eb21ce1aca72ca73267b835a342bf1104e668be1fb7df1de23cf5858e7020e11af0e189e182418ef02d5ff53404965194175778d7cb831013c9,,07/26/2025 11:13:00 AM,30,STOP SIGN/FLASHER,FUNCTIONING PROPERLY,CLOUDY/OVERCAST,DAYLIGHT,ANGLE,ONE-WAY,,STRAIGHT AND LEVEL,DRY,NO DEFECTS,ON SCENE,NO INJURY / DRIVE AWAY,Y,,,"OVER $1,500",07/26/2025 11:40:00 AM,UNABLE TO DETERMINE,NOT APPLICABLE,1400,N,PARKSIDE AVE,2531,,,,,,,2,NO INDICATION OF INJURY,0,0,0,0,0,2,0,11,7,7,41.9058302889,-87.7671443286,POINT (-87.767144328569 41.905830288931)
0efd21afc596659203a19997dd49dd5b89323b003f3988e6c5b65eb596d498dcba0cfbb9a90d2248697a083649fe70c866fca8298b255123e3014fbfd9b699d6,,07/26/2025 11:00:00 AM,30,NO CONTROLS,NO CONTROLS,CLEAR,DAYLIGHT,TURNING,NOT DIVIDED,,STRAIGHT AND LEVEL,DRY,NO DEFECTS,ON SCENE,INJURY AND / OR TOW DUE TO CRASH,,,,"OVER $1,500",07/26/2025 11:05:00 AM,FAILING TO YIELD RIGHT-OF-WAY,FAILING TO YIELD RIGHT-OF-WAY,3002,S,KEDZIE AVE,1032,,,,,,,2,NONINCAPACITATING INJURY,4,0,0,4,0,2,0,11,7,7,41.8389068569,-87.7050163561,POINT (-87.705016356119 41.838906856946)
4be3ea69df9273326c907c65e2f3da05e665f499d71218a35163016bf4daf2fc58d515c1610c0e73c17188211c3581aa6e65841019d319282d05be7f15809303,,07/26/2025 11:00:00 AM,15,NO CONTROLS,NO CONTROLS,CLEAR,DAYLIGHT,PARKED MOTOR VEHICLE,NOT DIVIDED,,STRAIGHT AND LEVEL,UNKNOWN,UNKNOWN,ON SCENE,NO INJURY / DRIVE AWAY,,,Y,"OVER $1,500",07/26/2025 12:23:00 PM,UNABLE TO DETERMINE,UNABLE TO DETERMINE,1460,W,BRYN MAWR AVE,2013,Y,,,,,,2,NO INDICATION OF INJURY,0,0,0,0,0,1,0,11,7,7,41.9836267978,-87.6672267772,POINT (-87.667226777238 41.983626797831)
bacf17b17b4f6f5398a6a59f2c065e29f272c88166664e93cda45274539251c0ce0a3b2f0e638592185700d0d8ea3bf62c20d86d47cd2baee85b659441c51a41,,07/26/2025 11:00:00 AM,30,TRAFFIC SIGNAL,FUNCTIONING PROPERLY,RAIN,DAYLIGHT,SIDESWIPE SAME DIRECTION,FOUR WAY,,STRAIGHT AND LEVEL,WET,NO DEFECTS,NOT ON SCENE (DESK REPORT),NO INJURY / DRIVE AWAY,,,,$500 OR LESS,07/26/2025 02:26:00 PM,IMPROPER OVERTAKING/PASSING,IMPROPER OVERTAKING/PASSING,9802,S,HALSTED ST,2223,,,,,,,2,NO INDICATION OF INJURY,0,0,0,0,0,2,0,11,7,7,41.7158047701,-87.6432082532,POINT (-87.643208253244 41.715804770128)
c259193ce8e16d613c35f0f2bed1bf4732d226050f22972eff2211f8c173c40ee14062d3ce1241b237738f12310a42a2e568e41da7c33eb9ca6748d60d5e6672,,07/26/2025 11:00:00 AM,30,NO CONTROLS,NO CONTROLS,CLEAR,DAYLIGHT,PEDESTRIAN,NOT DIVIDED,,STRAIGHT AND LEVEL,DRY,NO DEFECTS,ON SCENE,INJURY AND / OR TOW DUE TO CRASH,,,,$500 OR LESS,07/26/2025 08:40:00 PM,FAILING TO YIELD RIGHT-OF-WAY,NOT APPLICABLE,4161,S,ASHLAND AVE,924,,,,,,,2,NONINCAPACITATING INJURY,1,0,0,1,0,1,0,11,7,7,41.8178030871,-87.6650428282,POINT (-87.665042828213 41.817803087109)
ca31ba7dfa37c0df339e7db8a28dfc53b66dbb696ad14f3d3b1076fd18dddb8e70c3ebaf54f24f0f5e111ba68873cf3e6f4871d59e7ef7ab289348188af75ff4,,07/26/2025 11:00:00 AM,30,TRAFFIC SIGNAL,FUNCTIONING PROPERLY,CLOUDY/OVERCAST,DAYLIGHT,PEDESTRIAN,DIVIDED - W/MEDIAN (NOT RAISED),,STRAIGHT AND LEVEL,WET,NO DEFECTS,ON SCENE,INJURY AND / OR TOW DUE TO CRASH,Y,,,$500 OR LESS,07/26/2025 11:15:00 AM,WEATHER,UNABLE TO DETERMINE,400,W,ROSCOE ST,1925,,,,,,,2,NONINCAPACITATING INJURY,1,0,0,1,0,1,0,11,7,7,41.943479129,-87.6405833167,POINT (-87.640583316748 41.943479128994)
ec9fc7ce51d9a380cb748478fbaef92ab4bc6ea148008c031a959051863be0b419f60bebd18472410a791659f0a3908ef0d0ab2d52751c5c018d3a821baf746d,,07/26/2025 11:00:00 AM,30,STOP SIGN/FLASHER,FUNCTIONING PROPERLY,CLOUDY/OVERCAST,DAYLIGHT,PEDESTRIAN,FOUR WAY,,STRAIGHT AND LEVEL,DRY,UNKNOWN,NOT ON SCENE (DESK REPORT),INJURY AND / OR TOW DUE TO CRASH,Y,,,$500 OR LESS,07/26/2025 11:40:00 AM,"VISION OBSCURED (SIGNS, TREE LIMBS, BUILDINGS, ETC.)",UNABLE TO DETERMINE,1870,S,BLUE ISLAND AVE,1233,,,,,,,2,"REPORTED, NOT EVIDENT",1,0,0,0,1,1,0,11,7,7,41.8561799683,-87.6627684588,POINT (-87.662768458845 41.856179968301)
aea136c41567041feb4c0091374b273c6d27b40aa75ecdd657c927f00b1478556f60e0bcd1b5a86876a3d6e9a4b91307599b928942e8a95a511d1e466bc43ac5,,07/26/2025 10:55:00 AM,20,TRAFFIC SIGNAL,FUNCTIONING PROPERLY,CLEAR,DAYLIGHT,REAR END,NOT DIVIDED,,STRAIGHT AND LEVEL,DRY,NO DEFECTS,NOT ON SCENE (DESK REPORT),NO INJURY / DRIVE AWAY,,,Y,"OVER $1,500",07/26/2025 11:10:00 AM,FOLLOWING TOO CLOSELY,NOT APPLICABLE,2246,S,KEDZIE AVE,1024,,,,,,,2,NO INDICATION OF INJURY,0,0,0,0,0,3,0,10,7,7,41.8503775537,-87.7053592803,POINT (-87.705359280318 41.850377553692)
5706896fd7fac29eb5a1da2d28dbd532888926422fe7b20710996caf3cdad928b6a10cb6e9d30e7cc1a5589d1a174e12a34d52811b58850d4a21f42726165409,,07/26/2025 10:45:00 AM,30,TRAFFIC SIGNAL,FUNCTIONING PROPERLY,CLEAR,DAYLIGHT,TURNING,NOT DIVIDED,,STRAIGHT AND LEVEL,DRY,NO DEFECTS,NOT ON SCENE (DESK REPORT),NO INJURY / DRIVE AWAY,,,,"$501 - $1,500",07/26/2025 11:00:00 AM,IMPROPER TURNING/NO SIGNAL,UNABLE TO DETERMINE,500,W,ADDISON ST,1925,,,,,,,2,NO INDICATION OF INJURY,0,0,0,0,0,2,0,10,7,7,41.9487026263,-87.6436258089,POINT (-87.643625808938 41.948702626292)
9433e7a966de4725729d52078a132b41e3bb7df6c49917e6e5874a896aa2e6b633c65dd24eb5db74dddc5f95ae2d12b60d18deedc517a5092f7ad9ce109f930a,,07/26/2025 10:40:00 AM,30,NO CONTROLS,NO CONTROLS,CLOUDY/OVERCAST,DAYLIGHT,SIDESWIPE SAME DIRECTION,NOT DIVIDED,,STRAIGHT AND LEVEL,WET,NO DEFECTS,ON SCENE,INJURY AND / OR TOW DUE TO CRASH,,,,"OVER $1,500",07/26/2025 10:47:00 AM,FAILING TO YIELD RIGHT-OF-WAY,NOT APPLICABLE,4510,W,55TH ST,815,,,,,,,2,NO INDICATION OF INJURY,0,0,0,0,0,3,0,10,7,7,41.7932020747,-87.7359015859,POINT (-87.73590158594 41.793202074742)
cdfba9a042368857a8c73ed52584e810c285b4d8737d7d53f9a2f9564f9cbf15e7a48dc0acfeb3f8769afb9421bab4859fb04161ae1f5ca3411ec14b732f41ee,,07/26/2025 10:40:00 AM,40,NO CONTROLS,NO CONTROLS,CLEAR,DAYLIGHT,TURNING,NOT DIVIDED,,STRAIGHT AND LEVEL,DRY,NO DEFECTS,NOT ON SCENE (DESK REPORT),NO INJURY / DRIVE AWAY,,,,"OVER $1,500",07/26/2025 03:54:00 PM,NOT APPLICABLE,NOT APPLICABLE,1000,N,LAKE SHORE DR SB,1824,,,,,,,2,NO INDICATION OF INJURY,0,0,0,0,0,2,0,10,7,7,41.9009589191,-87.6199281737,POINT (-87.619928173678 41.900958919109)
2a40c40ea8b61e0e777906507a807cf90011410dcb7b36a0532e529f24511e326a943cd393a05bd78a63aeb587bdcef878a1fc3b78ef1c9a8743fdb203767291,,07/26/2025 10:39:00 AM,25,NO CONTROLS,NO CONTROLS,CLEAR,DAYLIGHT,PARKED MOTOR VEHICLE,ALLEY,,STRAIGHT AND LEVEL,DRY,NO DEFECTS,NOT ON SCENE (DESK REPORT),NO INJURY / DRIVE AWAY,,,Y,"$501 - $1,500",08/20/2025 10:00:00 AM,UNABLE TO DETERMINE,UNABLE TO DETERMINE,4426,N,LAWNDALE AVE,1723,,,,,,,2,NO INDICATION OF INJURY,0,0,0,0,0,1,0,10,7,7,41.9618457777,-87.7206639116,POINT (-87.720663911579 41.961845777699)
117c7d3c093fcbbd0c5626998ab24b31b4a91be759521221aa7b9c787351a274944b9c8b0b2b329dc8b7d39fac924d9ca4f8d1d356de34a1650f175f09f9adb2,Y,07/26/2025 10:30:00 AM,30,TRAFFIC SIGNAL,FUNCTIONING PROPERLY,RAIN,DAYLIGHT,REAR END,NOT DIVIDED,,STRAIGHT AND LEVEL,WET,UNKNOWN,NOT ON SCENE (DESK REPORT),NO INJURY / DRIVE AWAY,,,,"OVER $1,500",07/26/2025 11:00:00 AM,FOLLOWING TOO CLOSELY,FOLLOWING TOO CLOSELY,811,N,LARAMIE AVE,1531,,,,,,,2,NO INDICATION OF INJURY,0,0,0,0,0,3,0,10,7,7,41.8953215283,-87.7554668663,POINT (-87.755466866266 41.895321528295)
2a2133ff1616eb89d2115753f467c7fa4bab0f0de0f96e9527b8d3a7ffdff275cc28659318f9fcaf2ceb96f8c4748ff5949195043e62cf26cab43811b8699e77,,07/26/2025 10:30:00 AM,30,TRAFFIC SIGNAL,FUNCTIONING PROPERLY,RAIN,DAYLIGHT,REAR END,NOT DIVIDED,,STRAIGHT AND LEVEL,WET,NO DEFECTS,NOT ON SCENE (DESK REPORT),NO INJURY / DRIVE AWAY,,,,"$501 - $1,500",07/26/2025 12:00:00 PM,UNABLE TO DETERMINE,UNABLE TO DETERMINE,6001,S,COTTAGE GROVE AVE,235,,,,,,,2,NO INDICATION OF INJURY,0,0,0,0,0,3,0,10,7,7,41.7857827393,-87.6058913792,POINT (-87.605891379203 41.78578273925)
5ee58f713f221894dd515006624d046dd26e8a8bc2ba0f18526901c4e2005362e96365c2785323cd6c8b715b41600e9f45ececf42e6479e2b98dec9bc329d99c,,07/26/2025 10:30:00 AM,30,NO CONTROLS,NO CONTROLS,CLEAR,DAYLIGHT,PARKED MOTOR VEHICLE,PARKING LOT,,STRAIGHT AND LEVEL,DRY,NO DEFECTS,NOT ON SCENE (DESK REPORT),NO INJURY / DRIVE AWAY,,Y,Y,"$501 - $1,500",07/26/2025 12:22:00 PM,UNABLE TO DETERMINE,NOT APPLICABLE,1341,N,PAULINA ST,1433,,,,,,,2,NO INDICATION OF INJURY,0,0,0,0,0,1,0,10,7,7,41.9062437031,-87.6698622813,POINT (-87.669862281285 41.906243703085)
dc5726800e2e3c68405cd93e19d2c971cfa605b84925adbdb1ac3ec06b19f42e104b1ea817cfabfb3671f781dd6abdca40636f3a2e4af7a6b241c1adc971be6a,,07/26/2025 10:30:00 AM,30,STOP SIGN/FLASHER,FUNCTIONING IMPROPERLY,CLEAR,DAYLIGHT,REAR END,NOT DIVIDED,,STRAIGHT AND LEVEL,DRY,NO DEFECTS,NOT ON SCENE (DESK REPORT),NO INJURY / DRIVE AWAY,N,,,"OVER $1,500",07/26/2025 11:00:00 AM,FOLLOWING TOO CLOSELY,FOLLOWING TOO CLOSELY,100,E,76TH ST,623,,,,,,,2,NO INDICATION OF INJURY,0,0,0,0,0,2,0,10,7,7,41.7565813989,-87.6214230726,POINT (-87.621423072572 41.756581398914)
e3bc30620f3f677e1f3c79f50f3d1ad7c245943a628d8ed9d437e100dab05a528f1abcacb633bcdcc61459e406417ced3989a6c97043fe2cc8b5b225ca830c47,,07/26/2025 10:30:00 AM,30,TRAFFIC SIGNAL,UNKNOWN,CLEAR,DAYLIGHT,TURNING,NOT DIVIDED,,STRAIGHT AND LEVEL,DRY,NO DEFECTS,NOT ON SCENE (DESK REPORT),NO INJURY / DRIVE AWAY,Y,,,"OVER $1,500",07/26/2025 11:30:00 AM,IMPROPER TURNING/NO SIGNAL,IMPROPER TURNING/NO SIGNAL,2830,S,KEDZIE AVE,1032,,,,,,,2,NO INDICATION OF INJURY,0,0,0,0,0,2,0,10,7,7,41.8399770058,-87.7050508213,POINT (-87.705050821341 41.839977005802)
4e05d26d46d0ad979ee7973aa410dcc02c0d688a4c5c793361c8a73728aaa03b06b7da64c4f884499ff0a71bb0a54d4df221d871a633a206594c43cf56f1e5f7,,07/26/2025 10:28:00 AM,35,TRAFFIC SIGNAL,FUNCTIONING PROPERLY,RAIN,DAYLIGHT,PEDALCYCLIST,T-INTERSECTION,,STRAIGHT AND LEVEL,WET,NO DEFECTS,ON SCENE,INJURY AND / OR TOW DUE TO CRASH,Y,,,"OVER $1,500",07/26/2025 10:34:00 AM,UNABLE TO DETERMINE,UNABLE TO DETERMINE,11250,S,MARSHFIELD AVE,2234,,,,,,,2,INCAPACITATING INJURY,1,0,1,0,0,1,0,10,7,7,41.6888526658,-87.6621866328,POINT (-87.662186632771 41.68885266582)
3005dddec43436eb63d9d1d2fab9c65772b0f23a71047f4391a6665b092e001644d6d3dc36a2656a5ae9e02c9e0671971dc895a90643780cf65365dc9824b989,,07/26/2025 10:25:00 AM,30,UNKNOWN,UNKNOWN,CLOUDY/OVERCAST,DAYLIGHT,TURNING,NOT DIVIDED,,STRAIGHT AND LEVEL,WET,UNKNOWN,ON SCENE,NO INJURY / DRIVE AWAY,,,,"$501 - $1,500",07/26/2025 10:40:00 AM,"EVASIVE ACTION DUE TO ANIMAL, OBJECT, NONMOTORIST",NOT APPLICABLE,341,W,CHICAGO AVE,1831,,,,,,,2,NO INDICATION OF INJURY,0,0,0,0,0,2,0,10,7,7,41.8964401598,-87.6372403023,POINT (-87.637240302314 41.896440159835)
d80d5adedb0657d854125ae163e64d294855eccebcc91a5e78f9991efda98797c1455021ccd96c935fee2dc24547b2a0f8d65b692ac0195e12537d70cf5c9f05,,07/26/2025 10:25:00 AM,30,STOP SIGN/FLASHER,FUNCTIONING PROPERLY,RAIN,DAYLIGHT,ANGLE,FOUR WAY,,STRAIGHT AND LEVEL,WET,NO DEFECTS,ON SCENE,NO INJURY / DRIVE AWAY,Y,,,"OVER $1,500",07/26/2025 10:28:00 AM,DISREGARDING STOP SIGN,FAILING TO YIELD RIGHT-OF-WAY,2427,S,CANAL ST,914,,,,,,,2,NO INDICATION OF INJURY,0,0,0,0,0,2,0,10,7,7,41.8482103919,-87.6382637327,POINT (-87.638263732694 41.848210391915)
5f9fa630be0d7bfdb632e2198d9e2de3dd5c8d295c5fe9c860d943a376f640aadf3879eddf644c0b8706fd978d4274e37d3728590b9c2abe774b64ed95cc7ebb,,07/26/2025 10:23:00 AM,30,NO CONTROLS,NO CONTROLS,CLEAR,DAYLIGHT,SIDESWIPE SAME DIRECTION,NOT DIVIDED,,STRAIGHT AND LEVEL,DRY,NO DEFECTS,ON SCENE,NO INJURY / DRIVE AWAY,,,,"$501 - $1,500",07/26/2025 10:23:00 AM,FAILING TO YIELD RIGHT-OF-WAY,NOT APPLICABLE,4607,S,ASHLAND AVE,924,,,,,,,2,NO INDICATION OF INJURY,0,0,0,0,0,2,0,10,7,7,41.8101908107,-87.664868618,POINT (-87.664868618036 41.810190810682)
13faa6c91cdeefb062d63d1b073f883f0c97b0285584b8ef9ea249425120ca1b23286e3e5713d211b80de96d7855a8d83d97a14af69eabd6ce274856ebb1cbe5,,07/26/2025 10:20:00 AM,25,NO CONTROLS,NO CONTROLS,CLEAR,DAYLIGHT,PARKED MOTOR VEHICLE,DIVIDED - W/MEDIAN BARRIER,,STRAIGHT AND LEVEL,DRY,NO DEFECTS,ON SCENE,NO INJURY / DRIVE AWAY,,,,"$501 - $1,500",07/26/2025 10:25:00 AM,IMPROPER LANE USAGE,UNABLE TO DETERMINE,1632,W,BLACKHAWK ST,1433,,,,,,,2,NO INDICATION OF INJURY,0,0,0,0,0,1,0,10,7,7,41.9071179152,-87.6689488635,POINT (-87.668948863535 41.90711791518)
9b609132ba1e6c6253c6a4601023645119188fe87122509ab694f7565db78454826b731d77945ce33ede6231178eac8eef85b958257969bf77ee7824c35906bd,,07/26/2025 10:20:00 AM,30,TRAFFIC SIGNAL,FUNCTIONING PROPERLY,CLEAR,DAYLIGHT,SIDESWIPE SAME DIRECTION,FOUR WAY,,STRAIGHT AND LEVEL,WET,NO DEFECTS,ON SCENE,NO INJURY / DRIVE AWAY,Y,,,"$501 - $1,500",07/26/2025 10:26:00 AM,IMPROPER LANE USAGE,UNABLE TO DETERMINE,7098,S,WENTWORTH AVE,731,,,,,,,2,NO INDICATION OF INJURY,0,0,0,0,0,4,0,10,7,7,41.765523471,-87.6299201939,POINT (-87.629920193899 41.765523471007)
fde836217eb41e02548e63bca41214421e32e607d99c6dcfa648b8441446debcf2642e1805b76ac9242fed23f3a45b20be3ec120881b98f83546d31c245b38e4,Y,07/26/2025 10:05:00 AM,30,TRAFFIC SIGNAL,FUNCTIONING PROPERLY,UNKNOWN,DAYLIGHT,SIDESWIPE SAME DIRECTION,DIVIDED - W/MEDIAN (NOT RAISED),,STRAIGHT AND LEVEL,OTHER,NO DEFECTS,ON SCENE,NO INJURY / DRIVE AWAY,,,Y,"OVER $1,500",07/26/2025 10:24:00 AM,IMPROPER OVERTAKING/PASSING,IMPROPER LANE USAGE,4230,W,FOSTER AVE,1712,,,,,,,3,NO INDICATION OF INJURY,0,0,0,0,0,3,0,10,7,7,41.9755746424,-87.73463839,POINT (-87.734638389987 41.975574642408)
04c11737d1984998acd3fcb2c7b5669c6a964ebfa6a477896770c2a10ec734c2db60554364dbafaadf26842e4e4a7524bf73059f56345f4e755510b46d2a3834,,07/26/2025 10:00:00 AM,25,NO CONTROLS,NO CONTROLS,CLOUDY/OVERCAST,DAYLIGHT,PARKED MOTOR VEHICLE,NOT DIVIDED,,STRAIGHT AND LEVEL,UNKNOWN,NO DEFECTS,ON SCENE,NO INJURY / DRIVE AWAY,,,Y,"OVER $1,500",07/26/2025 10:49:00 AM,NOT APPLICABLE,NOT APPLICABLE,4412,N,HERMITAGE AVE,1912,,,,,,,2,NO INDICATION OF INJURY,0,0,0,0,0,1,0,10,7,7,41.9619769071,-87.6725780059,POINT (-87.672578005893 41.961976907098)
f9c8ec2ab2405f04945adb24c00c3996b07a2e3c62152d8d38feab1b0f1ddd53b57fa4497983385ccfffa4d5f3fbcc6935a63f885bc7c9623dff974b8c188367,,07/26/2025 10:00:00 AM,30,NO CONTROLS,NO CONTROLS,CLEAR,DAYLIGHT,PARKED MOTOR VEHICLE,NOT DIVIDED,,STRAIGHT AND LEVEL,DRY,NO DEFECTS,NOT ON SCENE (DESK REPORT),INJURY AND / OR TOW DUE TO CRASH,,,Y,"OVER $1,500",07/26/2025 10:50:00 AM,UNABLE TO DETERMINE,NOT APPLICABLE,200,S,KILBOURN AVE,1113,,,,,,,2,NO INDICATION OF INJURY,0,0,0,0,0,1,0,10,7,7,41.877784184,-87.7379743738,POINT (-87.737974373772 41.877784184049)
fc97ad89b1f839bc9a09a2a00de896dffd67533b9b88ffe8d1333eb0156c70d4948a23d8eb3972ecd542efad6a067c609632079c091434df9a243b2db4c5a2d4,,07/26/2025 09:56:00 AM,30,TRAFFIC SIGNAL,FUNCTIONING PROPERLY,CLEAR,DAYLIGHT,REAR END,FOUR WAY,,STRAIGHT AND LEVEL,DRY,NO DEFECTS,NOT ON SCENE (DESK REPORT),NO INJURY / DRIVE AWAY,Y,,,"OVER $1,500",07/26/2025 10:45:00 AM,FAILING TO REDUCE SPEED TO AVOID CRASH,FAILING TO REDUCE SPEED TO AVOID CRASH,400,W,76TH ST,621,,,,,,,2,NO INDICATION OF INJURY,0,0,0,0,0,2,0,9,7,7,41.7563625272,-87.6345038155,POINT (-87.634503815514 41.756362527225)