CRASH_RECORD_ID,CRASH_DATE_EST_I,CRASH_DATE,POSTED_SPEED_LIMIT,TRAFFIC_CONTROL_DEVICE,DEVICE_CONDITION,WEATHER_CONDITION,LIGHTING_CONDITION,FIRST_CRASH_TYPE,TRAFFICWAY_TYPE,LANE_CNT,ALIGNMENT,ROADWAY_SURFACE_COND,ROAD_DEFECT,REPORT_TYPE,CRASH_TYPE,INTERSECTION_RELATED_I,NOT_RIGHT_OF_WAY_I,HIT_AND_RUN_I,DAMAGE,DATE_POLICE_NOTIFIED,PRIM_CONTRIBUTORY_CAUSE,SEC_CONTRIBUTORY_CAUSE,STREET_NO,STREET_DIRECTION,STREET_NAME,BEAT_OF_OCCURRENCE,PHOTOS_TAKEN_I,STATEMENTS_TAKEN_I,DOORING_I,WORK_ZONE_I,WORK_ZONE_TYPE,WORKERS_PRESENT_I,NUM_UNITS,MOST_SEVERE_INJURY,INJURIES_TOTAL,INJURIES_FATAL,INJURIES_INCAPACITATING,INJURIES_NON_INCAPACITATING,INJURIES_REPORTED_NOT_EVIDENT,INJURIES_NO_INDICATION,INJURIES_UNKNOWN,CRASH_HOUR,CRASH_DAY_OF_WEEK,CRASH_MONTH,LATITUDE,LONGITUDE,LOCATION
5c809520850ec02e72ad7338035511e36c25aa59db1caa8c0000ad6319823153ec07a405430431b6d19505fc5a6fb631d19253c6617720a42f2b009dc81725aa,,07/26/2025 09:51:00 AM,30,NO CONTROLS,NO CONTROLS,UNKNOWN,UNKNOWN,REAR END,T-INTERSECTION,,STRAIGHT AND LEVEL,UNKNOWN,NO DEFECTS,NOT ON SCENE (DESK REPORT),NO INJURY / DRIVE AWAY,Y,,,"OVER $1,500",07/26/2025 10:25:00 AM,UNABLE TO DETERMINE,NOT APPLICABLE,2432,N,CICERO AVE,2521,,,,,,,2,NO INDICATION OF INJURY,0,0,0,0,0,2,0,9,7,7,41.9252075311,-87.7464798387,POINT (-87.746479838653 41.925207531101)
8bdb837575c3f0ad9dc82e85080d6268e568c1cf16df0b794f5f239c5e2ac75fad687aeadaef5657a659f85ae19f8607f1b10280b66b3428002f28cf605c938c,,07/26/2025 09:49:00 AM,30,TRAFFIC SIGNAL,FUNCTIONING PROPERLY,CLEAR,DAYLIGHT,PEDALCYCLIST,DIVIDED - W/MEDIAN (NOT RAISED),,STRAIGHT AND LEVEL,DRY,NO DEFECTS,ON SCENE,INJURY AND / OR TOW DUE TO CRASH,Y,,,"OVER $1,500",07/26/2025 09:49:00 AM,UNABLE TO DETERMINE,NOT APPLICABLE,3600,W,GRAND AVE,1112,,,,,,,2,"REPORTED, NOT EVIDENT",1,0,0,0,1,1,0,9,7,7,41.9023626196,-87.7165388614,POINT (-87.716538861417 41.902362619578)
46243e521a9da3262a9f6b940216912d4b5f84f0d7bca004c562a573bd5ad20c471ea350027beef269f0d4ed431c320b894801f7f1afeee39a36102d40f89aea,,07/26/2025 09:45:00 AM,30,NO CONTROLS,NO CONTROLS,CLEAR,DAYLIGHT,TURNING,DIVIDED - W/MEDIAN (NOT RAISED),,STRAIGHT AND LEVEL,DRY,UNKNOWN,ON SCENE,NO INJURY / DRIVE AWAY,,,,"OVER $1,500",07/26/2025 10:15:00 AM,IMPROPER TURNING/NO SIGNAL,IMPROPER TURNING/NO SIGNAL,5650,W,NORTH AVE,2531,,,,,,,2,NO INDICATION OF INJURY,0,0,0,0,0,2,0,9,7,7,41.9094604045,-87.7676102778,POINT (-87.767610277753 41.909460404508)
1b565e12ba8814d6356fe5c1dc9ff60fa08a6bf7388ad5eca5be84749c78e2db6802cd4d205b551f8bbb7017b995fc076148bd003f0a48cd6c02a9f7c9241235,,07/26/2025 09:30:00 AM,30,TRAFFIC SIGNAL,FUNCTIONING PROPERLY,CLEAR,DAYLIGHT,REAR END,DIVIDED - W/MEDIAN BARRIER,,STRAIGHT AND LEVEL,DRY,NO DEFECTS,ON SCENE,INJURY AND / OR TOW DUE TO CRASH,Y,,,"OVER $1,500",07/26/2025 09:35:00 AM,DRIVING SKILLS/KNOWLEDGE/EXPERIENCE,DRIVING SKILLS/KNOWLEDGE/EXPERIENCE,4947,N,BROADWAY,2033,,,,,,,2,NO INDICATION OF INJURY,0,0,0,0,0,2,0,9,7,7,41.9728990369,-87.6596268312,POINT (-87.659626831246 41.972899036908)
414c2c8cf1c373ed6dc6aa57357776e4b52917475c8fc2f1fdb932c6a368789f4ee780153da01636647d8bc924fd6a7716a6b0a0cb2ddc4bce9581f8ae56c7da,,07/26/2025 09:30:00 AM,30,NO CONTROLS,NO CONTROLS,CLEAR,DAYLIGHT,FIXED OBJECT,NOT DIVIDED,,STRAIGHT AND LEVEL,DRY,WORN SURFACE,NOT ON SCENE (DESK REPORT),NO INJURY / DRIVE AWAY,,,,"OVER $1,500",07/30/2025 09:27:00 AM,ROAD ENGINEERING/SURFACE/MARKING DEFECTS,NOT APPLICABLE,728,W,21ST ST,1235,,,,,,,1,NO INDICATION OF INJURY,0,0,0,0,0,1,0,9,7,7,41.8543138687,-87.6457221003,POINT (-87.645722100326 41.854313868655)
0f96521c19857e8ce0ee2241cd7972815876759d7eecd49001fc0b72d86cda846575807a640e1d41f5686f220191a8566c4685e296964d6efcd51b2d5996808e,,07/26/2025 09:28:00 AM,30,NO CONTROLS,NO CONTROLS,RAIN,DUSK,PARKED MOTOR VEHICLE,ONE-WAY,,STRAIGHT AND LEVEL,WET,NO DEFECTS,ON SCENE,INJURY AND / OR TOW DUE TO CRASH,,,,"$501 - $1,500",07/26/2025 09:28:00 AM,UNABLE TO DETERMINE,UNABLE TO DETERMINE,7104,S,RHODES AVE,323,,,,,,,2,NO INDICATION OF INJURY,0,0,0,0,0,2,0,9,7,7,41.7655667376,-87.6117775048,POINT (-87.611777504791 41.765566737561)
0e528ea431f77ff4b337d6e780324f7f9dee50fbc8b9e565e6bda18ad67a1db19101b60cf308add8fdc5bb00af42dfd789b1584234ea40e758936934c2c36175,,07/26/2025 09:24:00 AM,30,NO CONTROLS,NO CONTROLS,UNKNOWN,UNKNOWN,PARKED MOTOR VEHICLE,NOT DIVIDED,,STRAIGHT AND LEVEL,UNKNOWN,UNKNOWN,ON SCENE,INJURY AND / OR TOW DUE TO CRASH,,,Y,"OVER $1,500",07/26/2025 09:55:00 AM,UNABLE TO DETERMINE,NOT APPLICABLE,6045,S,PRAIRIE AVE,311,,,,,,,3,NO INDICATION OF INJURY,0,0,0,0,0,1,0,9,7,7,41.7843164515,-87.6188117742,POINT (-87.618811774175 41.784316451488)
eb457e4780f27b8fc5d0b7f84d947f1d040609c5dac5d4e5f50c55628f746787d014df64df192551c23410213fac444e15ec18fd3a3d816f35406c042d2c5b3c,,07/26/2025 09:20:00 AM,30,STOP SIGN/FLASHER,FUNCTIONING PROPERLY,CLEAR,DAYLIGHT,REAR END,DIVIDED - W/MEDIAN (NOT RAISED),,STRAIGHT AND LEVEL,DRY,NO DEFECTS,NOT ON SCENE (DESK REPORT),INJURY AND / OR TOW DUE TO CRASH,,,Y,"$501 - $1,500",07/26/2025 10:15:00 AM,UNABLE TO DETERMINE,UNABLE TO DETERMINE,4328,N,PULASKI RD,1722,,,,,,,2,"REPORTED, NOT EVIDENT",1,0,0,0,1,2,0,9,7,7,41.9598780799,-87.7279437014,POINT (-87.727943701359 41.959878079938)
d662d3ab603f917a33b142eb1692442389e1448b332970fba1394a737887931e19debcbb985f41101a98566adcae96f27c7c0799fada6649007535db3f9c5584,,07/26/2025 09:15:00 AM,30,TRAFFIC SIGNAL,FUNCTIONING PROPERLY,CLEAR,DAYLIGHT,PEDALCYCLIST,TRAFFIC ROUTE,,STRAIGHT AND LEVEL,WET,NO DEFECTS,ON SCENE,INJURY AND / OR TOW DUE TO CRASH,Y,,,$500 OR LESS,07/26/2025 09:15:00 AM,FAILING TO YIELD RIGHT-OF-WAY,UNABLE TO DETERMINE,3959,N,CICERO AVE,1731,,,,,,,2,NONINCAPACITATING INJURY,2,0,0,2,0,0,0,9,7,7,41.9533704789,-87.7471582056,POINT (-87.747158205638 41.953370478911)
6238f67a57fddd76b73a650ed896ec020b527985a3895809c0155786029527b7ac8cb562bcc5e0576feea23204c93a97760d65f29fedcdb88c20ca4d2f274b2a,,07/26/2025 09:10:00 AM,30,NO CONTROLS,NO CONTROLS,RAIN,DAYLIGHT,OTHER NONCOLLISION,OTHER,,STRAIGHT ON HILLCREST,WET,NO DEFECTS,ON SCENE,INJURY AND / OR TOW DUE TO CRASH,,,,"OVER $1,500",07/26/2025 09:16:00 AM,IMPROPER LANE USAGE,NOT APPLICABLE,9898,S,TORRENCE AVE,431,,,,,,,1,INCAPACITATING INJURY,2,0,2,0,0,0,0,9,7,7,41.7154958952,-87.5599229072,POINT (-87.559922907157 41.715495895242)
1367bace2cee48c01f9cd81882a2afcd24cb4ea0b3435168caae5df6b2bf3d31a40f1528e72a3326363b248291b9e2f1472c10b90a090c31491a8d8a430330cc,,07/26/2025 09:06:00 AM,30,NO CONTROLS,NO CONTROLS,CLEAR,DAYLIGHT,PARKED MOTOR VEHICLE,NOT DIVIDED,,STRAIGHT AND LEVEL,DRY,NO DEFECTS,ON SCENE,INJURY AND / OR TOW DUE TO CRASH,,,,"OVER $1,500",07/26/2025 09:09:00 AM,EQUIPMENT - VEHICLE CONDITION,NOT APPLICABLE,3503,S,WESTERN BLVD,912,,,,N,,,2,NO INDICATION OF INJURY,0,0,0,0,0,1,0,9,7,7,41.830176712,-87.6843096664,POINT (-87.684309666366 41.830176711966)
ff66278539d3646fb114ef72acf910e90fd26f4b7b66368ff79f78bf88d9e1a958e2286394a31bcd5f43ec9e9b9ddf17138e7f86894340abaee541450e6a3ce7,,07/26/2025 09:01:00 AM,30,TRAFFIC SIGNAL,FUNCTIONING PROPERLY,UNKNOWN,UNKNOWN,REAR END,FOUR WAY,,STRAIGHT AND LEVEL,UNKNOWN,UNKNOWN,NOT ON SCENE (DESK REPORT),NO INJURY / DRIVE AWAY,Y,,,"OVER $1,500",07/26/2025 03:30:00 PM,FAILING TO REDUCE SPEED TO AVOID CRASH,NOT APPLICABLE,200,W,MONROE ST,122,,,,,,,2,NO INDICATION OF INJURY,0,0,0,0,0,2,0,9,7,7,41.8807689609,-87.6338749741,POINT (-87.633874974095 41.880768960918)
5fa226b24d5c8cf14b92f5617ded6c8a5f84ee0cd3f064618a62bd99a91513a3f44598293b3eef02956afc3f3ca586c42581dd0b5df6dee27a537d41260fa255,,07/26/2025 08:56:00 AM,30,TRAFFIC SIGNAL,FUNCTIONING PROPERLY,CLEAR,DAYLIGHT,TURNING,ONE-WAY,,STRAIGHT AND LEVEL,UNKNOWN,UNKNOWN,ON SCENE,INJURY AND / OR TOW DUE TO CRASH,Y,,,"OVER $1,500",07/26/2025 08:56:00 AM,IMPROPER TURNING/NO SIGNAL,FAILING TO YIELD RIGHT-OF-WAY,498,W,WASHINGTON ST,121,,,,,,,2,INCAPACITATING INJURY,2,0,1,1,0,0,0,8,7,7,41.8832907796,-87.63968609,POINT (-87.639686090045 41.883290779592)
6b146f142e434ceceb77e6ef8c98e2ec28ddc95d746214ff436e8220094916a8b83131059b8aaa3e4249be89222bacc9d157a03d6ccb780f8a3c49d9bbec71ff,,07/26/2025 08:56:00 AM,30,NO CONTROLS,NO CONTROLS,CLEAR,DAYLIGHT,ANGLE,FOUR WAY,,STRAIGHT AND LEVEL,DRY,UNKNOWN,ON SCENE,INJURY AND / OR TOW DUE TO CRASH,Y,,,"OVER $1,500",07/26/2025 08:56:00 AM,FAILING TO YIELD RIGHT-OF-WAY,NOT APPLICABLE,4077,N,ELSTON AVE,1723,,,,,,,2,NO INDICATION OF INJURY,0,0,0,0,0,2,0,8,7,7,41.9552878859,-87.7212583035,POINT (-87.721258303474 41.955287885889)
81b949b118f5c5cf4d30b776faf1b726460f16526a94a8bcfdbc73425a97b5de9e627f7eee24c44381e1ab177ac768cf58bb22679c7bfcdfa3346f905c203949,,07/26/2025 08:30:00 AM,30,TRAFFIC SIGNAL,FUNCTIONING PROPERLY,CLEAR,DAYLIGHT,SIDESWIPE SAME DIRECTION,FOUR WAY,,STRAIGHT AND LEVEL,UNKNOWN,UNKNOWN,NOT ON SCENE (DESK REPORT),NO INJURY / DRIVE AWAY,,,Y,"OVER $1,500",07/26/2025 01:00:00 PM,UNABLE TO DETERMINE,UNABLE TO DETERMINE,2538,N,CENTRAL PARK AVE,2524,,,,,,,2,NO INDICATION OF INJURY,0,0,0,0,0,2,0,8,7,7,41.9275621094,-87.7172155856,POINT (-87.717215585609 41.927562109379)
77d65f51dd9590072801f01514174987dcb97bca86a8cfe480c4b0092f6e40242ddaeae5b013207a210511ffff0ea878547af01a0dce81cf91378e798b875e3c,,07/26/2025 08:28:00 AM,30,TRAFFIC SIGNAL,FUNCTIONING PROPERLY,CLEAR,DAYLIGHT,REAR END,DIVIDED - W/MEDIAN BARRIER,,STRAIGHT AND LEVEL,DRY,UNKNOWN,ON SCENE,NO INJURY / DRIVE AWAY,,,,"OVER $1,500",07/26/2025 08:29:00 AM,UNABLE TO DETERMINE,UNABLE TO DETERMINE,5118,S,LAKE PARK AVE,234,,,,,,,2,NO INDICATION OF INJURY,0,0,0,0,0,2,0,8,7,7,41.8018296312,-87.5878260477,POINT (-87.587826047696 41.801829631168)
a3dc420722545899e241397978698f155e0f1fddaf5b78cb4bbe7cd450bf6ff98d32aafcf33d0692c224fc87c6bfb33e59fb8b30d9fe72f89694530de9f2925a,Y,07/26/2025 08:07:00 AM,20,NO CONTROLS,NO CONTROLS,CLEAR,DAYLIGHT,PARKED MOTOR VEHICLE,PARKING LOT,,STRAIGHT AND LEVEL,WET,UNKNOWN,NOT ON SCENE (DESK REPORT),NO INJURY / DRIVE AWAY,,,,"$501 - $1,500",07/26/2025 08:07:00 AM,IMPROPER BACKING,NOT APPLICABLE,5153,W,CHICAGO AVE,1531,,,,,,,2,NO INDICATION OF INJURY,0,0,0,0,0,3,0,8,7,7,41.8948336616,-87.7553010647,POINT (-87.755301064659 41.894833661618)
7e670d419808b39f2534d361a0b3464aba127301a92e82707f6c9db899f2ec0f70fb2b6d26e9ab9cfb6ad4421d79704d46d175cf0697f79e1bae3ddff51f6c4c,,07/26/2025 08:00:00 AM,30,NO CONTROLS,NO CONTROLS,CLEAR,DARKNESS,PARKED MOTOR VEHICLE,DIVIDED - W/MEDIAN (NOT RAISED),,STRAIGHT AND LEVEL,DRY,NO DEFECTS,NOT ON SCENE (DESK REPORT),NO INJURY / DRIVE AWAY,,,Y,"OVER $1,500",07/26/2025 01:40:00 PM,UNABLE TO DETERMINE,UNABLE TO DETERMINE,4118,W,ARMITAGE AVE,2525,,,,,,,2,NO INDICATION OF INJURY,0,0,0,0,0,1,0,8,7,7,41.9172339794,-87.7298249644,POINT (-87.729824964391 41.91723397943)
84006e1d627d1c2f8567492f10ea3c68d916bab4b8a761a967ca007f5d488b9d08291a7400d511bf829f33a53ca7d3168257565ec73a55f0f02c4efb9d8e0fc1,,07/26/2025 08:00:00 AM,30,NO CONTROLS,NO CONTROLS,CLEAR,UNKNOWN,PARKED MOTOR VEHICLE,DIVIDED - W/MEDIAN (NOT RAISED),,STRAIGHT AND LEVEL,WET,NO DEFECTS,ON SCENE,NO INJURY / DRIVE AWAY,,,Y,"$501 - $1,500",07/26/2025 09:02:00 AM,UNABLE TO DETERMINE,NOT APPLICABLE,530,N,CENTRAL PARK AVE,1122,,,,,,,2,NO INDICATION OF INJURY,0,0,0,0,0,1,0,8,7,7,41.890906607,-87.7163227294,POINT (-87.716322729438 41.890906606975)
8fe8c8cc5ed408c11c4c37e44a6d475cbf01343e37b356ba81cb1c95be90f8a3f0bf7d80651097fcb14ebf2684f42583f6a20eaf276009597554740090b6fc79,,07/26/2025 08:00:00 AM,10,NO CONTROLS,NO CONTROLS,CLEAR,DAYLIGHT,REAR TO FRONT,PARKING LOT,,STRAIGHT AND LEVEL,DRY,NO DEFECTS,NOT ON SCENE (DESK REPORT),INJURY AND / OR TOW DUE TO CRASH,,,Y,"$501 - $1,500",07/26/2025 09:25:00 AM,UNABLE TO DETERMINE,UNABLE TO DETERMINE,2701,E,74TH ST,334,,,,,,,2,"REPORTED, NOT EVIDENT",1,0,0,0,1,2,0,8,7,7,41.762261881,-87.5587613492,POINT (-87.558761349223 41.762261881027)
11633b1ec4820372f27e55eb2827aa03d6f4676f7b5a4ca955355be0498e40ffa2f7420b8a984e15541df094d62aa568210d2e02b7a59e403944eca5a8745478,,07/26/2025 07:50:00 AM,30,NO CONTROLS,NO CONTROLS,CLEAR,DAYLIGHT,SIDESWIPE SAME DIRECTION,DIVIDED - W/MEDIAN (NOT RAISED),,STRAIGHT AND LEVEL,DRY,NO DEFECTS,NOT ON SCENE (DESK REPORT),NO INJURY / DRIVE AWAY,,,,"OVER $1,500",07/26/2025 08:40:00 AM,IMPROPER LANE USAGE,UNABLE TO DETERMINE,5328,N,HARLEM AVE,1613,,,,,,,2,NO INDICATION OF INJURY,0,0,0,0,0,3,0,7,7,7,41.9772157828,-87.8071563197,POINT (-87.807156319701 41.97721578276)
ebf08a1c38c8313f34435616bc89fde52c1a65bb41880835fdfe1bade44f1f352e66e355a93c857d2b8bffe842ae26e674e6130b90f8e27f9bd88a6e05167166,,07/26/2025 06:30:00 AM,30,STOP SIGN/FLASHER,FUNCTIONING PROPERLY,UNKNOWN,UNKNOWN,PARKED MOTOR VEHICLE,ONE-WAY,,STRAIGHT AND LEVEL,UNKNOWN,NO DEFECTS,ON SCENE,NO INJURY / DRIVE AWAY,,,Y,"OVER $1,500",07/26/2025 08:55:00 AM,UNABLE TO DETERMINE,NOT APPLICABLE,3331,N,LAVERGNE AVE,1634,,,,,,,2,NO INDICATION OF INJURY,0,0,0,0,0,1,0,6,7,7,41.9415481981,-87.7517274298,POINT (-87.751727429759 41.941548198108)
271303c425805147f02116e8a0118bfac588252c6600bd2e2d6f151c5fcfc9414837930cfc4228bda9f5fd0d99a22166cd42bfa9d4f8adbf8d8982dceec12c16,,07/26/2025 06:12:00 AM,30,TRAFFIC SIGNAL,FUNCTIONING PROPERLY,UNKNOWN,UNKNOWN,REAR END,NOT DIVIDED,,STRAIGHT AND LEVEL,UNKNOWN,UNKNOWN,NOT ON SCENE (DESK REPORT),NO INJURY / DRIVE AWAY,,,,"$501 - $1,500",07/26/2025 09:48:00 AM,UNABLE TO DETERMINE,NOT APPLICABLE,4700,S,ASHLAND AVE,931,,,,,,,2,NO INDICATION OF INJURY,0,0,0,0,0,2,0,6,7,7,41.8085115972,-87.6651172917,POINT (-87.665117291733 41.808511597247)
325c7aea03418bb7261a95a54757ebb0108ea8e20948be6aac7f5448af596f636c82ed42c539e14d571ff9b07da1260f7d05934929955f7256020dfbdffe0e56,,07/26/2025 05:52:00 AM,30,TRAFFIC SIGNAL,FUNCTIONING PROPERLY,CLEAR,DAYLIGHT,ANGLE,FOUR WAY,,STRAIGHT AND LEVEL,WET,NO DEFECTS,ON SCENE,INJURY AND / OR TOW DUE TO CRASH,Y,,,"OVER $1,500",07/26/2025 05:52:00 AM,DISREGARDING TRAFFIC SIGNALS,DISREGARDING TRAFFIC SIGNALS,3401,W,HARRISON ST,1133,,,,,,,3,"REPORTED, NOT EVIDENT",2,0,0,0,2,2,0,5,7,7,41.8735172214,-87.710901588,POINT (-87.710901587953 41.873517221433)
41972d6ca5309c16ac777fc375dd38e661981d7a0badb3c19680c8bcde4e7d2baa870a8a8db493d237b82d82ad1c583ae0131a16c289435ae74466dddb354270,N,07/26/2025 05:20:00 AM,30,NO CONTROLS,NO CONTROLS,CLEAR,DAYLIGHT,ANGLE,PARKING LOT,,STRAIGHT AND LEVEL,DRY,NO DEFECTS,ON SCENE,NO INJURY / DRIVE AWAY,,Y,,"$501 - $1,500",07/26/2025 06:00:00 PM,UNABLE TO DETERMINE,UNABLE TO DETERMINE,700,E,107TH ST,513,,,,,,,2,NO INDICATION OF INJURY,0,0,0,0,0,2,0,5,7,7,41.6995027902,-87.6061029693,POINT (-87.606102969272 41.699502790239)
0d2ba30f5c9d43a4b5bd9c11b18782395dfbb65ddae9605115ee5e8f0744d9c3982bf0a70b643e35736f03f30e4ef4bee99f668399258e46fae8ba03d78521c7,,07/26/2025 05:19:00 AM,30,NO CONTROLS,NO CONTROLS,UNKNOWN,"DARKNESS, LIGHTED ROAD",PARKED MOTOR VEHICLE,NOT DIVIDED,,STRAIGHT AND LEVEL,WET,UNKNOWN,ON SCENE,INJURY AND / OR TOW DUE TO CRASH,,,Y,"$501 - $1,500",07/26/2025 05:20:00 AM,IMPROPER LANE USAGE,NOT APPLICABLE,1714,W,50TH ST,931,,,,,,,5,NO INDICATION OF INJURY,0,0,0,0,0,1,0,5,7,7,41.8032209996,-87.6679580312,POINT (-87.667958031185 41.803220999586)
a79acd8250e0b401946a1ea6c7b3c961db1f96e45f50f05923a3dfecf507fdc224b5a25ac6cdf8a8639efd311f0577c60f04cb6f54dae7f880e2d898a4bc9c2e,,07/26/2025 05:10:00 AM,30,NO CONTROLS,NO CONTROLS,CLEAR,"DARKNESS, LIGHTED ROAD",PARKED MOTOR VEHICLE,ALLEY,,STRAIGHT AND LEVEL,WET,UNKNOWN,ON SCENE,NO INJURY / DRIVE AWAY,,,,"OVER $1,500",07/26/2025 05:10:00 AM,UNABLE TO DETERMINE,"VISION OBSCURED (SIGNS, TREE LIMBS, BUILDINGS, ETC.)",5445,S,KILBOURN AVE,815,,,,,,,2,NO INDICATION OF INJURY,0,0,0,0,0,2,0,5,7,7,41.7935573123,-87.7352815416,POINT (-87.735281541639 41.793557312294)
001699a0180fc8f2e71c083ce18c9e3108d136bbd242f97f76a9a3566bf74181c84eccf72cf8eebc1f95648445b3d0246f59535f027dbeeec2435e6adad83b07,,07/26/2025 04:42:00 AM,15,NO CONTROLS,NO CONTROLS,CLOUDY/OVERCAST,"DARKNESS, LIGHTED ROAD",REAR END,ONE-WAY,,STRAIGHT AND LEVEL,WET,NO DEFECTS,ON SCENE,NO INJURY / DRIVE AWAY,,,,$500 OR LESS,07/26/2025 04:48:00 AM,FOLLOWING TOO CLOSELY,FOLLOWING TOO CLOSELY,162,N,BESSIE COLEMAN DR,1654,,,,,,,2,NO INDICATION OF INJURY,0,0,0,0,0,2,0,4,7,7,,,
dbb46f22399841ab223f5ce524caaea1683fd8764db22df31346c0196d404f24eaec4806fc186bbbc9d1f07b18f36fc1be4249ec6358fbd96a0f68fdd83c1168,,07/26/2025 04:40:00 AM,30,TRAFFIC SIGNAL,FUNCTIONING PROPERLY,CLEAR,DARKNESS,SIDESWIPE SAME DIRECTION,NOT DIVIDED,,STRAIGHT AND LEVEL,DRY,NO DEFECTS,NOT ON SCENE (DESK REPORT),NO INJURY / DRIVE AWAY,,,Y,$500 OR LESS,07/26/2025 05:50:00 AM,UNABLE TO DETERMINE,UNABLE TO DETERMINE,4700,S,KEDZIE AVE,821,,,,,,,2,NO INDICATION OF INJURY,0,0,0,0,0,2,0,4,7,7,41.8080472717,-87.7041188223,POINT (-87.704118822299 41.80804727165)
4e0f8ff768640d443b8e4182ddbd1d3e13fc0b6fa0c1612e823903f4a4e50240b7fc4907fa30ff21c462d8874e1ebb5b6a92841f34389401fec54a4876545140,,07/26/2025 04:30:00 AM,35,NO CONTROLS,NO CONTROLS,RAIN,"DARKNESS, LIGHTED ROAD",OTHER OBJECT,NOT DIVIDED,,STRAIGHT AND LEVEL,WET,NO DEFECTS,ON SCENE,NO INJURY / DRIVE AWAY,,,,"OVER $1,500",07/26/2025 04:35:00 AM,UNABLE TO DETERMINE,NOT APPLICABLE,8700,S,DR MARTIN LUTHER KING JR DR,632,,,,,,,1,NO INDICATION OF INJURY,0,0,0,0,0,1,0,4,7,7,41.7364550458,-87.6146729127,POINT (-87.614672912717 41.736455045812)
7c6b7f9640358cf9da660f8315145bc73eb7c2578046d4379642a74a366b1b47e972bdab9cb8c6a4cea8fcc8a199f6f75e55f59d7281661939ad47b3fa78b27b,,07/26/2025 04:20:00 AM,30,NO CONTROLS,NO CONTROLS,RAIN,"DARKNESS, LIGHTED ROAD",FIXED OBJECT,NOT DIVIDED,,STRAIGHT AND LEVEL,WET,NO DEFECTS,ON SCENE,INJURY AND / OR TOW DUE TO CRASH,,,,"OVER $1,500",07/26/2025 04:51:00 AM,EQUIPMENT - VEHICLE CONDITION,WEATHER,3843,W,LAKE ST,1122,,,,,,,1,NO INDICATION OF INJURY,0,0,0,0,0,1,0,4,7,7,41.8851935915,-87.7226807023,POINT (-87.722680702261 41.885193591549)
4f8f09d78a0f2e80fae8906e5187257ca5adab9f6bc447cbba0f659b6f47ea8b175a7fd677655bf438a99d80e3176a8ed37ef38db888c444b525f7020803cb40,,07/26/2025 04:16:00 AM,25,NO CONTROLS,NO CONTROLS,RAIN,"DARKNESS, LIGHTED ROAD",PARKED MOTOR VEHICLE,DIVIDED - W/MEDIAN (NOT RAISED),,STRAIGHT AND LEVEL,WET,UNKNOWN,ON SCENE,INJURY AND / OR TOW DUE TO CRASH,,,,"OVER $1,500",07/26/2025 04:16:00 AM,PHYSICAL CONDITION OF DRIVER,PHYSICAL CONDITION OF DRIVER,1231,W,BRYN MAWR AVE,2013,,,,,,,2,NO INDICATION OF INJURY,0,0,0,0,0,1,0,4,7,7,41.9834934145,-87.6614015339,POINT (-87.661401533903 41.983493414469)
821037db644510b7175625a34b29eca3731e29d23c9d9b4cbee004efd91f878fb68547c5f1563398e6962ec8f5940991005d26f06090724dbbbb7a69ff616661,Y,07/26/2025 04:14:00 AM,30,NO CONTROLS,NO CONTROLS,RAIN,"DARKNESS, LIGHTED ROAD",PARKED MOTOR VEHICLE,NOT DIVIDED,,STRAIGHT AND LEVEL,WET,NO DEFECTS,,INJURY AND / OR TOW DUE TO CRASH,,,Y,"OVER $1,500",07/26/2025 04:14:00 AM,NOT APPLICABLE,WEATHER,2224,W,51ST ST,931,,,,,,,3,NO INDICATION OF INJURY,0,0,0,0,0,1,0,4,7,7,41.8012664293,-87.6805039792,POINT (-87.680503979222 41.801266429286)
c29b7c012f001da6063c5ee0309f2be1313f90697971851da4f387495de9cb4490f2e21666f7957d8981ce2e54559778a026ba347ee86122898bf1ee8880c082,,07/26/2025 04:11:00 AM,30,UNKNOWN,UNKNOWN,RAIN,DARKNESS,PARKED MOTOR VEHICLE,NOT DIVIDED,,STRAIGHT AND LEVEL,WET,NO DEFECTS,ON SCENE,INJURY AND / OR TOW DUE TO CRASH,,,,"OVER $1,500",07/26/2025 04:35:00 AM,IMPROPER LANE USAGE,IMPROPER LANE USAGE,4340,N,AUSTIN AVE,1624,,,,,,,2,NO INDICATION OF INJURY,0,0,0,0,0,1,0,4,7,7,41.9597480601,-87.777146996,POINT (-87.777146995983 41.95974806008)
20c60b115c9e2ad601b129be4e88fc5dca3e0f787c7d2faf2c67ab433b55f22b0d02c3ad44cab5dd95af37f76fd1c45d933222948508e37140d4f6c6637d7b61,,07/26/2025 04:09:00 AM,30,TRAFFIC SIGNAL,FUNCTIONING PROPERLY,RAIN,"DARKNESS, LIGHTED ROAD",REAR END,OTHER,,STRAIGHT AND LEVEL,WET,UNKNOWN,ON SCENE,INJURY AND / OR TOW DUE TO CRASH,Y,,Y,"OVER $1,500",07/26/2025 04:13:00 AM,UNABLE TO DETERMINE,UNABLE TO DETERMINE,4048,S,ARCHER AVE,921,,,,,,,2,NO INDICATION OF INJURY,0,0,0,0,0,3,0,4,7,7,41.8201435245,-87.6946012411,POINT (-87.694601241111 41.820143524489)