CRASH_RECORD_ID,CRASH_DATE_EST_I,CRASH_DATE,POSTED_SPEED_LIMIT,TRAFFIC_CONTROL_DEVICE,DEVICE_CONDITION,WEATHER_CONDITION,LIGHTING_CONDITION,FIRST_CRASH_TYPE,TRAFFICWAY_TYPE,LANE_CNT,ALIGNMENT,ROADWAY_SURFACE_COND,ROAD_DEFECT,REPORT_TYPE,CRASH_TYPE,INTERSECTION_RELATED_I,NOT_RIGHT_OF_WAY_I,HIT_AND_RUN_I,DAMAGE,DATE_POLICE_NOTIFIED,PRIM_CONTRIBUTORY_CAUSE,SEC_CONTRIBUTORY_CAUSE,STREET_NO,STREET_DIRECTION,STREET_NAME,BEAT_OF_OCCURRENCE,PHOTOS_TAKEN_I,STATEMENTS_TAKEN_I,DOORING_I,WORK_ZONE_I,WORK_ZONE_TYPE,WORKERS_PRESENT_I,NUM_UNITS,MOST_SEVERE_INJURY,INJURIES_TOTAL,INJURIES_FATAL,INJURIES_INCAPACITATING,INJURIES_NON_INCAPACITATING,INJURIES_REPORTED_NOT_EVIDENT,INJURIES_NO_INDICATION,INJURIES_UNKNOWN,CRASH_HOUR,CRASH_DAY_OF_WEEK,CRASH_MONTH,LATITUDE,LONGITUDE,LOCATION
a802290ead90ec86eb32cfa8749f6e32c72ac1db4acde27d0c7f60d94d9d927cac9d831fa9746ade87e13c9469eaa620feaa3988da2b39500ecf899cc512ff99,,07/26/2025 04:05:00 AM,25,STOP SIGN/FLASHER,FUNCTIONING PROPERLY,RAIN,"DARKNESS, LIGHTED ROAD",TURNING,FOUR WAY,,STRAIGHT AND LEVEL,WET,NO DEFECTS,NOT ON SCENE (DESK REPORT),NO INJURY / DRIVE AWAY,Y,,Y,"OVER $1,500",07/26/2025 05:00:00 AM,DISREGARDING STOP SIGN,FAILING TO REDUCE SPEED TO AVOID CRASH,1101,N,DEARBORN ST,1824,,,,,,,2,NO INDICATION OF INJURY,0,0,0,0,0,2,0,4,7,7,41.9019305558,-87.6297796063,POINT (-87.629779606328 41.901930555766)
6e35c7cf1467377a0ef27d1f10fa2f4ca2e00da90024d5b79880a64057f75eae4b445216da84d4337924b3dc1b6af9d609a3988d9bf04a0ad8ab6eb4b70e75a2,Y,07/26/2025 04:00:00 AM,30,STOP SIGN/FLASHER,NO CONTROLS,CLEAR,DARKNESS,ANGLE,FOUR WAY,,STRAIGHT AND LEVEL,WET,UNKNOWN,ON SCENE,INJURY AND / OR TOW DUE TO CRASH,Y,,,"OVER $1,500",07/26/2025 04:00:00 AM,DISREGARDING STOP SIGN,DISREGARDING STOP SIGN,5200,W,PENSACOLA AVE,1624,,,,,,,2,NONINCAPACITATING INJURY,2,0,0,2,0,1,0,4,7,7,41.9597979312,-87.7574807719,POINT (-87.757480771918 41.959797931195)
e2627e9940ee2df2315eee987ef29e27a53ecd9ca32a8d839cfa433bc2c9cd8666dc3a6667681b5614c12f8f44f652ca8be858c73a1ff50793e8bf2166c98eaf,,07/26/2025 03:59:00 AM,25,TRAFFIC SIGNAL,FUNCTIONING PROPERLY,CLEAR,"DARKNESS, LIGHTED ROAD",TURNING,FOUR WAY,,STRAIGHT AND LEVEL,DRY,NO DEFECTS,ON SCENE,INJURY AND / OR TOW DUE TO CRASH,Y,,,"OVER $1,500",07/26/2025 03:59:00 AM,IMPROPER TURNING/NO SIGNAL,FAILING TO YIELD RIGHT-OF-WAY,2800,W,NORTH AVE,1421,,,,,,,2,NO INDICATION OF INJURY,0,0,0,0,0,3,0,3,7,7,41.9103266682,-87.6970855431,POINT (-87.697085543104 41.910326668179)
07afaef640103d26ca167ac4c6f0dfdc1306cf0b3594fd1d9cadcb8f1c4486191423675c07409b5293a843bd5e3bef46239fbd0ea4ed37256241223770ffd662,,07/26/2025 03:57:00 AM,30,TRAFFIC SIGNAL,FUNCTIONING PROPERLY,CLEAR,"DARKNESS, LIGHTED ROAD",REAR END,NOT DIVIDED,,STRAIGHT AND LEVEL,WET,NO DEFECTS,ON SCENE,NO INJURY / DRIVE AWAY,,,,"$501 - $1,500",07/26/2025 03:57:00 AM,UNABLE TO DETERMINE,UNABLE TO DETERMINE,3756,W,ARMITAGE AVE,2525,,,,,,,3,NO INDICATION OF INJURY,0,0,0,0,0,5,0,3,7,7,41.9173356139,-87.721529916,POINT (-87.721529916029 41.917335613892)
11ca3699ffbba7d59420e7c0291dcfebd16489a5f74a49d0b08d79e3a0ca670370229e06aff2ba102ff8564bb8582fd8f5cb0d161583d6b381dac687dcc5c1be,,07/26/2025 03:53:00 AM,30,NO CONTROLS,OTHER,RAIN,"DARKNESS, LIGHTED ROAD",PARKED MOTOR VEHICLE,NOT DIVIDED,,STRAIGHT AND LEVEL,WET,NO DEFECTS,ON SCENE,NO INJURY / DRIVE AWAY,Y,,,"OVER $1,500",07/26/2025 03:55:00 AM,FAILING TO REDUCE SPEED TO AVOID CRASH,FAILING TO REDUCE SPEED TO AVOID CRASH,612,W,43RD ST,925,,,,,,,2,NO INDICATION OF INJURY,0,0,0,0,0,1,0,3,7,7,41.8163618365,-87.6415944206,POINT (-87.641594420631 41.816361836542)
af6a67f2d097c7b7b473468229a7e85da4f6d3d22de4009a5a90c9f21449df0e3fa66bf1bb9fc766a3db895926de6929791fc78d864946d37568b6aa0a820224,,07/26/2025 03:50:00 AM,25,TRAFFIC SIGNAL,FUNCTIONING PROPERLY,CLEAR,"DARKNESS, LIGHTED ROAD",ANGLE,FOUR WAY,,STRAIGHT AND LEVEL,WET,UNKNOWN,ON SCENE,INJURY AND / OR TOW DUE TO CRASH,Y,,,"OVER $1,500",07/26/2025 03:51:00 AM,DISREGARDING TRAFFIC SIGNALS,UNABLE TO DETERMINE,200,W,ONTARIO ST,1831,,,,,,,2,NO INDICATION OF INJURY,0,0,0,0,0,7,0,3,7,7,41.8932974365,-87.634188275,POINT (-87.634188275005 41.893297436503)
2129d3e1ced270dff73e429b351055aa37999a3834332e2f3ff98894c7d5a93b19a0e63d6b54666981e41024e09be65fd6371999db546299e21c5089fa2344c7,,07/26/2025 03:40:00 AM,30,TRAFFIC SIGNAL,FUNCTIONING PROPERLY,CLEAR,"DARKNESS, LIGHTED ROAD",ANGLE,FOUR WAY,,STRAIGHT AND LEVEL,WET,UNKNOWN,ON SCENE,NO INJURY / DRIVE AWAY,Y,,,"OVER $1,500",07/26/2025 03:40:00 AM,DRIVING SKILLS/KNOWLEDGE/EXPERIENCE,DRIVING SKILLS/KNOWLEDGE/EXPERIENCE,140,W,OHIO ST,1832,,,,,,,2,NO INDICATION OF INJURY,0,0,0,0,0,2,0,3,7,7,41.8925170782,-87.6326841979,POINT (-87.632684197901 41.892517078168)
c5c611ea5a6e4f5ef37f59ed78b0389e8248bff9b07df42e90e3fe866dc2b9b6a69d38ca756afc41109676f098455147c26428cf23a88e998976140b19c0dba7,,07/26/2025 03:35:00 AM,30,NO CONTROLS,NO CONTROLS,UNKNOWN,"DARKNESS, LIGHTED ROAD",PARKED MOTOR VEHICLE,ONE-WAY,,STRAIGHT AND LEVEL,WET,NO DEFECTS,ON SCENE,INJURY AND / OR TOW DUE TO CRASH,,,,"OVER $1,500",07/26/2025 04:46:00 AM,PHYSICAL CONDITION OF DRIVER,NOT APPLICABLE,2569,E,71ST ST,334,,,,,,,2,NO INDICATION OF INJURY,0,0,0,0,0,1,0,3,7,7,41.7661844549,-87.5616517444,POINT (-87.561651744444 41.766184454911)
ca6f4dd8219c123fec4c079fdc5be5b9cbc77ebda88aa2322268e4c3d5a88f5edd997a4959c314be57fcb967628609e97e7b4b626ae6d19e778c559bd194c4b0,,07/26/2025 03:27:00 AM,30,TRAFFIC SIGNAL,FUNCTIONING PROPERLY,RAIN,"DARKNESS, LIGHTED ROAD",REAR END,DIVIDED - W/MEDIAN (NOT RAISED),,STRAIGHT AND LEVEL,WET,NO DEFECTS,ON SCENE,NO INJURY / DRIVE AWAY,Y,,,"OVER $1,500",07/26/2025 03:28:00 AM,"EVASIVE ACTION DUE TO ANIMAL, OBJECT, NONMOTORIST",NOT APPLICABLE,2174,N,AUSTIN AVE,2512,N,N,,,,,2,NO INDICATION OF INJURY,0,0,0,0,0,3,0,3,7,7,41.9200882161,-87.7757362818,POINT (-87.775736281762 41.920088216069)
98bff72b49db6d26b2a6230c6c2ab9d206ba6b2fb87efb076c98f5ec22c9f7b8e8081b5bfa32dcd46354572dfa86687db7a8b52896746c9ef5f1e6a2de2f5e8b,,07/26/2025 03:16:00 AM,35,NO CONTROLS,NO CONTROLS,RAIN,"DARKNESS, LIGHTED ROAD",PARKED MOTOR VEHICLE,NOT DIVIDED,,STRAIGHT AND LEVEL,WET,NO DEFECTS,ON SCENE,INJURY AND / OR TOW DUE TO CRASH,,,N,"$501 - $1,500",07/26/2025 03:20:00 AM,UNABLE TO DETERMINE,UNABLE TO DETERMINE,10141,S,AVENUE M,432,,,,,,,4,"REPORTED, NOT EVIDENT",1,0,0,0,1,1,0,3,7,7,41.710782629,-87.5375516039,POINT (-87.537551603905 41.710782629008)
57aafed51e9a37317107467272e7c620008296887e3f42b91af4d85f962094d8bd61e88dcf8598e669a9676aaf4c7d42942f40a9942ee3735dd3b0cbe5d6f448,,07/26/2025 03:10:00 AM,30,TRAFFIC SIGNAL,FUNCTIONING PROPERLY,CLEAR,"DARKNESS, LIGHTED ROAD",SIDESWIPE SAME DIRECTION,FOUR WAY,,STRAIGHT AND LEVEL,DRY,UNKNOWN,NOT ON SCENE (DESK REPORT),INJURY AND / OR TOW DUE TO CRASH,Y,,Y,"$501 - $1,500",07/26/2025 03:30:00 AM,UNABLE TO DETERMINE,UNABLE TO DETERMINE,829,W,NORTH AVE,1822,,,,,,,2,"REPORTED, NOT EVIDENT",1,0,0,0,1,1,0,3,7,7,41.9107917775,-87.6494365745,POINT (-87.649436574473 41.910791777487)
1c0648236e7952c48782cb5f741668b199a66a52927252b551e42419d58ba478b04a60465a455920ae9f3b8e1a5c84dd68961805b45795aa829725185a5a7142,,07/26/2025 03:00:00 AM,30,NO CONTROLS,UNKNOWN,CLEAR,"DARKNESS, LIGHTED ROAD",PARKED MOTOR VEHICLE,NOT DIVIDED,,STRAIGHT AND LEVEL,DRY,NO DEFECTS,NOT ON SCENE (DESK REPORT),NO INJURY / DRIVE AWAY,,,,"$501 - $1,500",07/26/2025 04:00:00 AM,UNABLE TO DETERMINE,UNABLE TO DETERMINE,2000,N,LINCOLN PARK WEST,1814,,,,,,,2,NO INDICATION OF INJURY,0,0,0,0,0,1,0,3,7,7,41.9189591116,-87.6365358685,POINT (-87.636535868492 41.918959111643)
47b2f82d1c40e13e3b29b3c84ce49e88d8edb24151abd2d79d3f84359919b1687307a8ae6737ae2cf1aa3eef9dc403a8472cfff382647a5d821adf3acaff79ac,,07/26/2025 02:55:00 AM,30,NO CONTROLS,NO CONTROLS,CLEAR,"DARKNESS, LIGHTED ROAD",PARKED MOTOR VEHICLE,ONE-WAY,,STRAIGHT AND LEVEL,WET,NO DEFECTS,ON SCENE,INJURY AND / OR TOW DUE TO CRASH,,,,"OVER $1,500",07/26/2025 02:55:00 AM,UNABLE TO DETERMINE,NOT APPLICABLE,4630,N,AVERS AVE,1723,,,,,,,3,NO INDICATION OF INJURY,0,0,0,0,0,2,0,2,7,7,41.9655443711,-87.7244320896,POINT (-87.724432089571 41.965544371055)
57e5734e82e75e451df7f483084ee7ad8cb1a9b8ccd69caa1d3e1b45e71a054f66e2cc572737642738e3815383090077302b5a4b62738dfc323bc863c83c86ac,,07/26/2025 02:55:00 AM,30,TRAFFIC SIGNAL,FUNCTIONING PROPERLY,RAIN,"DARKNESS, LIGHTED ROAD",SIDESWIPE SAME DIRECTION,NOT DIVIDED,,STRAIGHT AND LEVEL,WET,NO DEFECTS,ON SCENE,NO INJURY / DRIVE AWAY,,,Y,"OVER $1,500",07/26/2025 03:00:00 AM,UNABLE TO DETERMINE,UNABLE TO DETERMINE,2401,W,ROOSEVELT RD,1023,,,,,,,2,NO INDICATION OF INJURY,0,0,0,0,0,2,0,2,7,7,41.866501191,-87.686157599,POINT (-87.686157599021 41.866501191036)
d2eeffa77edf2f13f5e5bed600406e3813ffb5d8c557348dec31680acedf36ef5a6883f25ad9247e5cfd134bb67a1e20df20b18156b731b5ef75efa330efe494,,07/26/2025 02:55:00 AM,35,NO CONTROLS,NO CONTROLS,CLEAR,"DARKNESS, LIGHTED ROAD",FIXED OBJECT,NOT DIVIDED,,STRAIGHT AND LEVEL,WET,NO DEFECTS,ON SCENE,INJURY AND / OR TOW DUE TO CRASH,,,Y,"OVER $1,500",07/26/2025 02:59:00 AM,UNABLE TO DETERMINE,UNABLE TO DETERMINE,7889,W,IRVING PARK RD,1631,,,,,,,1,NO INDICATION OF INJURY,0,0,0,0,0,1,0,2,7,7,41.9522424913,-87.8243004163,POINT (-87.82430041634 41.952242491336)
0742c24cc7dfaafa6ee90c1b1f9472527887ee5c4d483a38850839487b54db830f2523361ac7bd5be4a9eccae0e1628db39780b02e4e16f816c3cd0d77084c96,,07/26/2025 02:50:00 AM,30,TRAFFIC SIGNAL,FUNCTIONING PROPERLY,CLOUDY/OVERCAST,"DARKNESS, LIGHTED ROAD",ANGLE,ONE-WAY,,STRAIGHT AND LEVEL,WET,NO DEFECTS,ON SCENE,INJURY AND / OR TOW DUE TO CRASH,Y,,,"OVER $1,500",07/26/2025 02:50:00 AM,WEATHER,UNABLE TO DETERMINE,7559,S,STATE ST,623,,,,,,,2,NONINCAPACITATING INJURY,3,0,0,3,0,0,0,2,7,7,41.7565259775,-87.6245785234,POINT (-87.624578523389 41.756525977459)
b0781fb4476fc1e21728a3583589e8b04195bea6a180cd53586b4733cb99176da58a53b8ee87a939c0bc40d0556f2289468a8a5aeca82762877fe241e9483dbc,,07/26/2025 02:50:00 AM,30,TRAFFIC SIGNAL,FUNCTIONING PROPERLY,UNKNOWN,DARKNESS,SIDESWIPE SAME DIRECTION,FOUR WAY,,STRAIGHT AND LEVEL,UNKNOWN,UNKNOWN,NOT ON SCENE (DESK REPORT),NO INJURY / DRIVE AWAY,,,,$500 OR LESS,07/26/2025 04:00:00 PM,UNABLE TO DETERMINE,UNABLE TO DETERMINE,6901,S,WESTERN AVE,832,,,,,,,3,NO INDICATION OF INJURY,0,0,0,0,0,3,0,2,7,7,41.768243972,-87.6831938009,POINT (-87.683193800933 41.768243971967)
fb7c2f7165653e76d93b2addd9e2a436621e3033bb1f34de090155c9e5517e7b2ddd86d81077077db69cb6eb701bf0d4eb55358a0d86379fbeb8f3d4e3f2b04d,,07/26/2025 02:50:00 AM,30,NO CONTROLS,NO CONTROLS,RAIN,"DARKNESS, LIGHTED ROAD",SIDESWIPE OPPOSITE DIRECTION,DIVIDED - W/MEDIAN BARRIER,,STRAIGHT AND LEVEL,WET,UNKNOWN,ON SCENE,INJURY AND / OR TOW DUE TO CRASH,,,Y,"OVER $1,500",07/26/2025 02:52:00 AM,DRIVING ON WRONG SIDE/WRONG WAY,NOT APPLICABLE,2631,W,ROOSEVELT RD,1023,,,,,,,2,NO INDICATION OF INJURY,0,0,0,0,0,4,0,2,7,7,41.866439348,-87.6922466831,POINT (-87.692246683128 41.866439348004)
40146774c41f07ebad04d53a165de03c53a8a99478d0a24cd2a4c02b477a96569f66ada2947a43319b2da5a16271c19c5e2cf10cf5854d764a207e7731fdd559,,07/26/2025 02:45:00 AM,30,TRAFFIC SIGNAL,FUNCTIONING PROPERLY,CLEAR,"DARKNESS, LIGHTED ROAD",TURNING,DIVIDED - W/MEDIAN (NOT RAISED),,STRAIGHT AND LEVEL,WET,NO DEFECTS,NOT ON SCENE (DESK REPORT),NO INJURY / DRIVE AWAY,Y,,Y,"OVER $1,500",07/30/2025 11:30:00 AM,FOLLOWING TOO CLOSELY,WEATHER,4759,S,ARCHER AVE,821,,,,,,,2,NO INDICATION OF INJURY,0,0,0,0,0,2,0,2,7,7,41.8068280469,-87.7158867928,POINT (-87.715886792823 41.806828046893)
33fbde7fbc481c1d024f1cfe0dfe4de55c703caecaef0c4867e63662c230f85ec65fea29d180ecbd97dd0bddd7bc8f63cc7212362328d66619e445e0772ae5de,,07/26/2025 02:30:00 AM,30,TRAFFIC SIGNAL,FUNCTIONING PROPERLY,RAIN,"DARKNESS, LIGHTED ROAD",REAR END,NOT DIVIDED,,STRAIGHT AND LEVEL,WET,UNKNOWN,,INJURY AND / OR TOW DUE TO CRASH,,,Y,"OVER $1,500",07/26/2025 03:03:00 AM,UNABLE TO DETERMINE,NOT APPLICABLE,498,E,115TH ST,531,,,,,,,2,NO INDICATION OF INJURY,0,0,0,0,0,2,0,2,7,7,41.6855517744,-87.6114324103,POINT (-87.611432410254 41.685551774429)
6bcdf06a8d1edf860f01381821827f943afd8eaf7f55ca8af40f95f5d7a7830c3234ea99025d0fbef402fa6efdab1fa34bd658a83d72668617150dc2f994eb10,,07/26/2025 02:30:00 AM,30,NO CONTROLS,NO CONTROLS,RAIN,"DARKNESS, LIGHTED ROAD",FIXED OBJECT,DIVIDED - W/MEDIAN BARRIER,,STRAIGHT AND LEVEL,WET,"RUT, HOLES",ON SCENE,INJURY AND / OR TOW DUE TO CRASH,,,,"OVER $1,500",07/26/2025 02:50:00 AM,WEATHER,WEATHER,330,E,MARQUETTE RD,312,,,,,,,1,NO INDICATION OF INJURY,0,0,0,0,0,1,0,2,7,7,41.7730430097,-87.6175212577,POINT (-87.617521257683 41.773043009731)
6d00313b56d5a420ebecd2ddb6b1553186387a502f8f1fdf06b0a6efc899151d1b2e639e155fc02564e5beb0c3f559f3269032e819d98c8518326bdef3a9bb3a,,07/26/2025 02:30:00 AM,30,NO CONTROLS,NO CONTROLS,CLEAR,"DARKNESS, LIGHTED ROAD",REAR TO REAR,PARKING LOT,,STRAIGHT AND LEVEL,UNKNOWN,UNKNOWN,NOT ON SCENE (DESK REPORT),NO INJURY / DRIVE AWAY,,,,"OVER $1,500",07/26/2025 03:15:00 AM,IMPROPER BACKING,IMPROPER BACKING,3760,N,HALSTED ST,1923,,,,,,,2,NO INDICATION OF INJURY,0,0,0,0,0,3,0,2,7,7,41.9509011575,-87.6497718382,POINT (-87.649771838187 41.950901157508)
951539184b3fce4aa6f22a67251799a4cc80db2fc3529e7a61df0e2191200bd401dc370b823d991412edf6cb52363cd82496b6f3d7a2fa773bda6b57bb475e0d,,07/26/2025 02:30:00 AM,30,NO CONTROLS,NO CONTROLS,CLEAR,"DARKNESS, LIGHTED ROAD",PEDESTRIAN,NOT DIVIDED,,STRAIGHT AND LEVEL,DRY,UNKNOWN,ON SCENE,INJURY AND / OR TOW DUE TO CRASH,,,Y,"OVER $1,500",07/26/2025 10:23:00 AM,UNABLE TO DETERMINE,UNABLE TO DETERMINE,1120,S,CICERO AVE,1533,Y,,,,,,2,FATAL,1,1,0,0,0,1,0,2,7,7,41.8667276167,-87.7449280264,POINT (-87.744928026447 41.866727616705)
fcd4be309103ad9a630657541924d4bbecab4bcdc1bbc7ce72a453db291d7e8b787bbceb87bdf1364f8ca189f34d039508d847ecbdad7e1350df50243fcab035,,07/26/2025 02:24:00 AM,30,NO CONTROLS,NO CONTROLS,RAIN,"DARKNESS, LIGHTED ROAD",PARKED MOTOR VEHICLE,ONE-WAY,,STRAIGHT AND LEVEL,WET,NO DEFECTS,ON SCENE,NO INJURY / DRIVE AWAY,,,Y,"OVER $1,500",07/26/2025 02:24:00 AM,UNABLE TO DETERMINE,NOT APPLICABLE,8300,S,VERNON AVE,632,,,,,,,2,NO INDICATION OF INJURY,0,0,0,0,0,1,0,2,7,7,41.7437419799,-87.6132500651,POINT (-87.613250065082 41.743741979855)
442103571486ccea72a7b5211bb47c41313e3b7c3bb3cea20292aab2446e81fc1a20eee821e071bb5615baeb1395c882a24290b8b83af0f515c249816039ef05,,07/26/2025 02:20:00 AM,30,NO CONTROLS,NO CONTROLS,RAIN,"DARKNESS, LIGHTED ROAD",TURNING,NOT DIVIDED,,STRAIGHT AND LEVEL,WET,UNKNOWN,ON SCENE,INJURY AND / OR TOW DUE TO CRASH,,,Y,"OVER $1,500",07/26/2025 02:31:00 AM,IMPROPER TURNING/NO SIGNAL,IMPROPER LANE USAGE,1539,E,95TH ST,511,,,,,,,2,NO INDICATION OF INJURY,0,0,0,0,0,3,0,2,7,7,41.7222197773,-87.5862381682,POINT (-87.586238168165 41.72221977731)
6cca592e4b3e882be92bdf7b93fe685fb783d6594fc9ef1c999f8bc0c116fe5084fe0afb6b2f495febb3acff51d164fac1874deb022ade4ca7955dfcd8f1d0c1,,07/26/2025 02:15:00 AM,30,RAILROAD CROSSING GATE,FUNCTIONING PROPERLY,CLEAR,"DARKNESS, LIGHTED ROAD",TURNING,NOT DIVIDED,,STRAIGHT AND LEVEL,WET,NO DEFECTS,NOT ON SCENE (DESK REPORT),NO INJURY / DRIVE AWAY,,,Y,"OVER $1,500",07/26/2025 03:05:00 AM,UNABLE TO DETERMINE,NOT APPLICABLE,5274,S,ARCHER AVE,815,,,,,,,2,NO INDICATION OF INJURY,0,0,0,0,0,3,0,2,7,7,41.799518076,-87.73834096,POINT (-87.738340959964 41.799518076003)
608aed7e282bdab81ca9e3e9aa0590eced6093f63aa25aa61864e307f8d3d03dfef2682ef82543b0cf77cc359639d3247182043ff49744152d0a2e56293ce524,,07/26/2025 02:14:00 AM,30,NO CONTROLS,NO CONTROLS,CLEAR,"DARKNESS, LIGHTED ROAD",REAR END,ONE-WAY,,STRAIGHT AND LEVEL,DRY,UNKNOWN,NOT ON SCENE (DESK REPORT),NO INJURY / DRIVE AWAY,,,Y,"$501 - $1,500",07/26/2025 02:40:00 AM,UNABLE TO DETERMINE,UNABLE TO DETERMINE,10,W,ELM ST,1824,,,,,,,3,NO INDICATION OF INJURY,0,0,0,0,0,3,0,2,7,7,41.9032803883,-87.6290427529,POINT (-87.62904275288 41.903280388334)
6437a75969b9bf026e0d633d4f6cb791a7b0b9f68babe7f41ae80b2ac411d3ba78ee6ac4ed8e108b0714619428076efe0a8777ede1b2d459ca6e9f1f7796dcf4,,07/26/2025 02:13:00 AM,30,NO CONTROLS,NO CONTROLS,RAIN,"DARKNESS, LIGHTED ROAD",FIXED OBJECT,NOT DIVIDED,,STRAIGHT AND LEVEL,WET,NO DEFECTS,ON SCENE,INJURY AND / OR TOW DUE TO CRASH,,,,"OVER $1,500",07/26/2025 02:13:00 AM,UNABLE TO DETERMINE,NOT APPLICABLE,1129,W,47TH ST,933,,,,,,,1,NO INDICATION OF INJURY,0,0,0,0,0,1,0,2,7,7,41.8086383282,-87.6539878629,POINT (-87.653987862901 41.808638328167)
39787dc6a03e2077ebafbb3a6c1e856f09f177be96406559c531a47fb7cf2191f01f70e15917386d252e138c4f83d0aad9f4b7737a75bc6fdb244715cb3cabeb,,07/26/2025 02:10:00 AM,25,NO CONTROLS,NO CONTROLS,RAIN,"DARKNESS, LIGHTED ROAD",FIXED OBJECT,DIVIDED - W/MEDIAN BARRIER,,"CURVE, LEVEL",WET,NO DEFECTS,ON SCENE,INJURY AND / OR TOW DUE TO CRASH,,,,"$501 - $1,500",07/26/2025 02:16:00 AM,DRIVING SKILLS/KNOWLEDGE/EXPERIENCE,UNABLE TO DETERMINE,1000,N,LAKE SHORE DR SB,1824,,,,,,,1,NO INDICATION OF INJURY,0,0,0,0,0,1,0,2,7,7,41.9009589191,-87.6199281737,POINT (-87.619928173678 41.900958919109)
dda20777f5a70d1e5523996cd3811f845b84c14d2dfd15283c4dc2c80b93ea439a5be974247c49503540f2cb7ea7e7a407ab7a87ba9ae5c7da2c424c8d497df9,,07/26/2025 02:00:00 AM,30,NO CONTROLS,NO CONTROLS,CLEAR,"DARKNESS, LIGHTED ROAD",OTHER OBJECT,NOT DIVIDED,,STRAIGHT AND LEVEL,WET,NO DEFECTS,NOT ON SCENE (DESK REPORT),NO INJURY / DRIVE AWAY,,,,"OVER $1,500",07/28/2025 10:30:00 AM,UNABLE TO DETERMINE,NOT APPLICABLE,2058,S,HOYNE AVE,1234,,,,,,,1,NO INDICATION OF INJURY,0,0,0,0,0,1,0,2,7,7,41.8540004801,-87.6784913,POINT (-87.678491299965 41.854000480077)
f490b8ca18829adec9d7b4df8e16e2555b31437a081c9ecbfa3d33b923f6cf2f68a59256fd4e1387b07c76474a351ffb7d995d983c68ae9b23d4e5d7ba30db70,,07/26/2025 02:00:00 AM,25,STOP SIGN/FLASHER,NO CONTROLS,CLEAR,"DARKNESS, LIGHTED ROAD",PARKED MOTOR VEHICLE,NOT DIVIDED,,STRAIGHT AND LEVEL,DRY,UNKNOWN,ON SCENE,INJURY AND / OR TOW DUE TO CRASH,,,Y,"OVER $1,500",07/26/2025 02:51:00 AM,UNABLE TO DETERMINE,UNABLE TO DETERMINE,917,N,ORLEANS ST,1823,,,,,,,2,"REPORTED, NOT EVIDENT",1,0,0,0,1,4,0,2,7,7,41.8994959867,-87.6371353514,POINT (-87.637135351357 41.899495986654)
1834d53f01e1f705be32f493fe3c73782141f94de91eb6c145c55a7b581de4845c1a3103890bd5cd978432ac5f879f948b26ac12c6ac6e18bae53cfabdb1a078,,07/26/2025 01:56:00 AM,30,NO CONTROLS,NO CONTROLS,CLEAR,"DARKNESS, LIGHTED ROAD",PARKED MOTOR VEHICLE,DIVIDED - W/MEDIAN (NOT RAISED),,STRAIGHT AND LEVEL,WET,NO DEFECTS,ON SCENE,INJURY AND / OR TOW DUE TO CRASH,,,Y,"OVER $1,500",07/26/2025 02:13:00 AM,UNDER THE INFLUENCE OF ALCOHOL/DRUGS (USE WHEN ARREST IS EFFECTED),NOT APPLICABLE,4770,S,LAWNDALE AVE,821,,,,,,,2,NO INDICATION OF INJURY,0,0,0,0,0,1,0,1,7,7,41.8068307324,-87.716337998,POINT (-87.716337997959 41.806830732417)
31ee84bfea3ecf74733afca9bc13330367ac598f8481d21af07e9cab3fbe64e77339785d341eff7cfc8f0a8c0a7ce1f427e084a255a3a2d33c69420be9e3c5be,,07/26/2025 01:55:00 AM,30,NO CONTROLS,NO CONTROLS,UNKNOWN,"DARKNESS, LIGHTED ROAD",PARKED MOTOR VEHICLE,DIVIDED - W/MEDIAN (NOT RAISED),,STRAIGHT AND LEVEL,UNKNOWN,UNKNOWN,NOT ON SCENE (DESK REPORT),NO INJURY / DRIVE AWAY,,,,"$501 - $1,500",07/26/2025 02:25:00 AM,UNABLE TO DETERMINE,NOT APPLICABLE,5041,W,MADISON ST,1533,,,,,,,2,NO INDICATION OF INJURY,0,0,0,0,0,2,0,1,7,7,41.8803075147,-87.751587666,POINT (-87.751587666039 41.880307514745)
c846ec472048f97758a7f20f91a0f430fc109974b300a066520af4440e73a2c666b06bb5f9712607d0c986d6e7b90327b012fa842f37a3f987747f703e0ed0ac,,07/26/2025 01:55:00 AM,30,STOP SIGN/FLASHER,NO CONTROLS,RAIN,"DARKNESS, LIGHTED ROAD",REAR END,NOT DIVIDED,,STRAIGHT AND LEVEL,WET,NO DEFECTS,NOT ON SCENE (DESK REPORT),NO INJURY / DRIVE AWAY,,,Y,"$501 - $1,500",07/26/2025 05:09:00 PM,FOLLOWING TOO CLOSELY,NOT APPLICABLE,901,W,LAKE ST,1224,,,,,,,2,NO INDICATION OF INJURY,0,0,0,0,0,5,0,1,7,7,41.8855166698,-87.64986417,POINT (-87.649864169994 41.885516669814)
0693c3f632723b5a077a742b6e1726eabbf89e719673b6a5dbd5f8651cc90115d964abd37ba75d95ddc6c2d02879f8994d48dfd6b73f55d55fbd401ae6338858,,07/26/2025 01:43:00 AM,10,NO CONTROLS,NO CONTROLS,CLEAR,"DARKNESS, LIGHTED ROAD",PARKED MOTOR VEHICLE,PARKING LOT,,STRAIGHT AND LEVEL,DRY,UNKNOWN,NOT ON SCENE (DESK REPORT),NO INJURY / DRIVE AWAY,,,,"OVER $1,500",07/29/2025 07:30:00 PM,FOLLOWING TOO CLOSELY,NOT APPLICABLE,7446,N,WESTERN AVE,2411,,,,,,,2,NO INDICATION OF INJURY,0,0,0,0,0,1,0,1,7,7,42.0172394342,-87.690345596,POINT (-87.690345596044 42.017239434188)