CRASH_RECORD_ID,CRASH_DATE_EST_I,CRASH_DATE,POSTED_SPEED_LIMIT,TRAFFIC_CONTROL_DEVICE,DEVICE_CONDITION,WEATHER_CONDITION,LIGHTING_CONDITION,FIRST_CRASH_TYPE,TRAFFICWAY_TYPE,LANE_CNT,ALIGNMENT,ROADWAY_SURFACE_COND,ROAD_DEFECT,REPORT_TYPE,CRASH_TYPE,INTERSECTION_RELATED_I,NOT_RIGHT_OF_WAY_I,HIT_AND_RUN_I,DAMAGE,DATE_POLICE_NOTIFIED,PRIM_CONTRIBUTORY_CAUSE,SEC_CONTRIBUTORY_CAUSE,STREET_NO,STREET_DIRECTION,STREET_NAME,BEAT_OF_OCCURRENCE,PHOTOS_TAKEN_I,STATEMENTS_TAKEN_I,DOORING_I,WORK_ZONE_I,WORK_ZONE_TYPE,WORKERS_PRESENT_I,NUM_UNITS,MOST_SEVERE_INJURY,INJURIES_TOTAL,INJURIES_FATAL,INJURIES_INCAPACITATING,INJURIES_NON_INCAPACITATING,INJURIES_REPORTED_NOT_EVIDENT,INJURIES_NO_INDICATION,INJURIES_UNKNOWN,CRASH_HOUR,CRASH_DAY_OF_WEEK,CRASH_MONTH,LATITUDE,LONGITUDE,LOCATION
b14c1cf762a5c6ed0886cae92d031dbe4ad98a047cd9a29f672606c636cadec4a8bf3f113f72add1886a1dc8b8caa17d7daa09cd3ce23e9c9b4f5f26a703e624,,07/26/2025 01:35:00 AM,25,NO CONTROLS,NO CONTROLS,CLEAR,"DARKNESS, LIGHTED ROAD",ANGLE,ALLEY,,STRAIGHT AND LEVEL,WET,NO DEFECTS,NOT ON SCENE (DESK REPORT),NO INJURY / DRIVE AWAY,,,,"OVER $1,500",07/26/2025 03:00:00 AM,IMPROPER OVERTAKING/PASSING,UNABLE TO DETERMINE,7164,N,ROCKWELL ST,2411,,,,,,,2,NO INDICATION OF INJURY,0,0,0,0,0,2,0,1,7,7,42.0121309617,-87.6951328975,POINT (-87.695132897458 42.012130961679)
720405b44af1de2f052a3b8c66ea9ce65f8313224ed1cbea9888a68c326cbdc6efa14cd63985b87877f00c113b88b484a8f1e92229572629d2f284a1624827e9,,07/26/2025 01:30:00 AM,30,TRAFFIC SIGNAL,FUNCTIONING PROPERLY,RAIN,"DARKNESS, LIGHTED ROAD",TURNING,DIVIDED - W/MEDIAN (NOT RAISED),,STRAIGHT AND LEVEL,WET,NO DEFECTS,ON SCENE,INJURY AND / OR TOW DUE TO CRASH,Y,,,"OVER $1,500",07/26/2025 01:30:00 AM,FAILING TO YIELD RIGHT-OF-WAY,NOT APPLICABLE,3114,N,CLARK ST,1933,,,,,,,2,NO INDICATION OF INJURY,0,0,0,0,0,2,0,1,7,7,,,
91faf8405e76d419558f4f24a52d5d7475c370dcefd3b5c0052f018950ad236dafa9e8e6e7de4296abf8417795aff80c2b5c7b346a5db8c31662385c1e7f7728,,07/26/2025 01:30:00 AM,30,TRAFFIC SIGNAL,FUNCTIONING PROPERLY,RAIN,"DARKNESS, LIGHTED ROAD",REAR END,NOT DIVIDED,,STRAIGHT AND LEVEL,WET,NO DEFECTS,NOT ON SCENE (DESK REPORT),NO INJURY / DRIVE AWAY,,,Y,"OVER $1,500",07/26/2025 02:30:00 AM,UNABLE TO DETERMINE,NOT APPLICABLE,3959,W,DIVISION ST,1112,,,,,,,2,NO INDICATION OF INJURY,0,0,0,0,0,2,0,1,7,7,41.9025632285,-87.7262371296,POINT (-87.72623712964 41.902563228517)
9f99dacf0b5b896263c9a09dd8611d213938ca61dd84ac6d088addb5ca813575bbd13ea0c46c525b36db3235089a19d3a5f2412c408ca4bbca5f464dbc0251df,,07/26/2025 01:30:00 AM,30,NO CONTROLS,NO CONTROLS,RAIN,DARKNESS,REAR END,DIVIDED - W/MEDIAN BARRIER,,STRAIGHT AND LEVEL,WET,NO DEFECTS,NOT ON SCENE (DESK REPORT),NO INJURY / DRIVE AWAY,,,Y,"OVER $1,500",07/26/2025 12:05:00 PM,FOLLOWING TOO CLOSELY,NOT APPLICABLE,7900,S,ASHLAND AVE,611,,,,,,,2,NO INDICATION OF INJURY,0,0,0,0,0,2,0,1,7,7,41.7502622404,-87.6635801171,POINT (-87.663580117092 41.750262240415)
3ddad34edadeac7ef31775ac31d889436930a367cc5583e534d2279434500639246752db3fab211db7f2a9e1a4f327cc98db54a9e901c31d05f2eef3c4796033,,07/26/2025 01:25:00 AM,30,NO CONTROLS,NO CONTROLS,RAIN,"DARKNESS, LIGHTED ROAD",PARKED MOTOR VEHICLE,NOT DIVIDED,,STRAIGHT AND LEVEL,WET,NO DEFECTS,ON SCENE,INJURY AND / OR TOW DUE TO CRASH,,,,"OVER $1,500",07/26/2025 01:30:00 AM,UNABLE TO DETERMINE,NOT APPLICABLE,2500,E,92ND ST,423,,,,,,,2,NO INDICATION OF INJURY,0,0,0,0,0,2,0,1,7,7,41.7282068191,-87.5632682491,POINT (-87.563268249105 41.728206819105)
31a77286279580a025c8f31f590d9a82bc74a1506cdf2a69132f3fe7e481ca3a5baba41226c242e0d38f720b79d9478a6ad94114a324acafb709f9548c3240a1,,07/26/2025 01:24:00 AM,30,NO CONTROLS,NO CONTROLS,RAIN,"DARKNESS, LIGHTED ROAD",REAR END,DIVIDED - W/MEDIAN (NOT RAISED),,STRAIGHT AND LEVEL,WET,UNKNOWN,ON SCENE,INJURY AND / OR TOW DUE TO CRASH,,,N,"OVER $1,500",07/26/2025 01:24:00 AM,WEATHER,WEATHER,7924,S,ASHLAND AVE,611,,,,,,,3,NO INDICATION OF INJURY,0,0,0,0,0,2,0,1,7,7,41.7495827583,-87.6635659803,POINT (-87.663565980339 41.74958275834)
7e669f2fed5b964fddc943ec7af1b2897c2c20f6741faef93e92b4e5a4b6304bdfd65faa1f9937d19ccc791a05c917d327d51c5d9eb52dd97dee1120ab40ca63,,07/26/2025 01:20:00 AM,35,TRAFFIC SIGNAL,UNKNOWN,CLEAR,"DARKNESS, LIGHTED ROAD",TURNING,DIVIDED - W/MEDIAN (NOT RAISED),,STRAIGHT AND LEVEL,WET,UNKNOWN,ON SCENE,NO INJURY / DRIVE AWAY,,,,"OVER $1,500",07/26/2025 01:21:00 AM,FAILING TO YIELD RIGHT-OF-WAY,FAILING TO YIELD RIGHT-OF-WAY,7200,N,SHERIDAN RD,2423,,,,,,,3,NO INDICATION OF INJURY,0,0,0,0,0,3,0,1,7,7,42.0128473324,-87.6636197775,POINT (-87.663619777525 42.012847332398)
01c7d8e2cb51b811bc110bf836f29c61c6dc4d7ce1cf16d52272bf9829c9d7ff68bf5dd4ff8b7cc5b1ec88a0513e2bf467331fdb795eaf8a32e01ba9e7bed9f6,,07/26/2025 01:13:00 AM,30,NO CONTROLS,NO CONTROLS,RAIN,"DARKNESS, LIGHTED ROAD",PARKED MOTOR VEHICLE,DIVIDED - W/MEDIAN BARRIER,,STRAIGHT AND LEVEL,WET,NO DEFECTS,ON SCENE,INJURY AND / OR TOW DUE TO CRASH,,,,"OVER $1,500",07/26/2025 01:40:00 AM,UNABLE TO DETERMINE,NOT APPLICABLE,5300,S,LAKE PARK AVE,234,,,,,,,2,NO INDICATION OF INJURY,0,0,0,0,0,1,0,1,7,7,41.7994838255,-87.5874420363,POINT (-87.587442036314 41.799483825503)
05669874ad9a1f49955ce7d25265df725468ce7ba521fd3bec41a73247df4b8222927600f303533a8ca540cb29a7d9d430e619c8426354e965b5d4f3cd6e369b,N,07/26/2025 01:12:00 AM,35,TRAFFIC SIGNAL,FUNCTIONING PROPERLY,RAIN,"DARKNESS, LIGHTED ROAD",FIXED OBJECT,FOUR WAY,,STRAIGHT AND LEVEL,WET,UNKNOWN,ON SCENE,INJURY AND / OR TOW DUE TO CRASH,Y,,,"OVER $1,500",07/26/2025 01:12:00 AM,PHYSICAL CONDITION OF DRIVER,WEATHER,8700,S,WALLACE ST,2223,,,,,,,1,INCAPACITATING INJURY,1,0,1,0,0,0,0,1,7,7,41.7358152523,-87.6388909174,POINT (-87.63889091737 41.73581525235)
49bedf30114bd2d9d9de2b5497dc2e4bbda085e45901d709eddcb6a3323aa94e1fc18883b5b15fada0c6fe7a34c4285d4ad480162495de98b98ec8a27de2003a,,07/26/2025 01:10:00 AM,30,TRAFFIC SIGNAL,FUNCTIONING PROPERLY,CLEAR,"DARKNESS, LIGHTED ROAD",ANGLE,FOUR WAY,,STRAIGHT AND LEVEL,WET,UNKNOWN,ON SCENE,NO INJURY / DRIVE AWAY,Y,,,"OVER $1,500",07/26/2025 01:10:00 AM,DRIVING SKILLS/KNOWLEDGE/EXPERIENCE,DRIVING ON WRONG SIDE/WRONG WAY,199,W,OHIO ST,1831,,,,,,,2,NO INDICATION OF INJURY,0,0,0,0,0,2,0,1,7,7,41.8922797337,-87.6340120037,POINT (-87.634012003657 41.892279733667)
a1ff35c472dd26d44704a7b1f07c05431c9038840be8a1a40c64151457f6d6c343c98c0b9f30062f0bece46dae313d2abf62d11197ac258b19801fc056c4a9aa,Y,07/26/2025 01:00:00 AM,30,NO CONTROLS,NO CONTROLS,CLEAR,DARKNESS,PARKED MOTOR VEHICLE,ONE-WAY,,STRAIGHT AND LEVEL,DRY,NO DEFECTS,ON SCENE,NO INJURY / DRIVE AWAY,,,Y,"OVER $1,500",07/26/2025 11:30:00 AM,UNABLE TO DETERMINE,UNABLE TO DETERMINE,3229,W,CATALPA AVE,1712,,,,,,,2,NO INDICATION OF INJURY,0,0,0,0,0,1,0,1,7,7,41.9811338327,-87.7099700017,POINT (-87.709970001701 41.981133832733)
8b7814dd9d71b7750bd45168719b13dccea31ac8786d03bf14a5d0df4cde5f821b3537c40aad1a8a522aa36ffbf47f41ac4c7e3b9c21406ecb945117d935ea67,,07/26/2025 12:57:00 AM,30,NO CONTROLS,NO CONTROLS,RAIN,"DARKNESS, LIGHTED ROAD",PARKED MOTOR VEHICLE,PARKING LOT,,STRAIGHT AND LEVEL,WET,UNKNOWN,NOT ON SCENE (DESK REPORT),NO INJURY / DRIVE AWAY,,,,"OVER $1,500",07/26/2025 01:10:00 AM,UNABLE TO DETERMINE,UNABLE TO DETERMINE,3251,N,WESTERN AVE,1921,,,,,,,2,NO INDICATION OF INJURY,0,0,0,0,0,1,0,0,7,7,41.9409808123,-87.6878120698,POINT (-87.68781206981 41.940980812292)
9fd0b587340a8241a8098dc58bb8cc8f4e15a1bfb11dfa2d48f56072780c616014567acff7cfcc0daadabbd8ecbd3e90c4d56119683bc7fe0cc5a871b7eec8a1,,07/26/2025 12:56:00 AM,30,TRAFFIC SIGNAL,FUNCTIONING PROPERLY,RAIN,"DARKNESS, LIGHTED ROAD",TURNING,DIVIDED - W/MEDIAN (NOT RAISED),,STRAIGHT AND LEVEL,WET,NO DEFECTS,ON SCENE,NO INJURY / DRIVE AWAY,,,,"OVER $1,500",07/26/2025 12:56:00 AM,FAILING TO YIELD RIGHT-OF-WAY,FAILING TO YIELD RIGHT-OF-WAY,9500,S,ASHLAND AVE,2213,,,,,,,2,NO INDICATION OF INJURY,0,0,0,0,0,2,0,0,7,7,41.7211606121,-87.6628281394,POINT (-87.662828139392 41.721160612052)
4a0715bcc637c5b6c3c93e28cd393de81722f4c2aa6a4eea922590da6719871d70f09554303fb53dbad2a30c9307f238208dbc2651e4e877130c90563878af52,,07/26/2025 12:55:00 AM,30,TRAFFIC SIGNAL,FUNCTIONING PROPERLY,RAIN,DAYLIGHT,HEAD ON,FOUR WAY,,STRAIGHT AND LEVEL,WET,NO DEFECTS,NOT ON SCENE (DESK REPORT),INJURY AND / OR TOW DUE TO CRASH,,,Y,"OVER $1,500",07/26/2025 11:40:00 AM,UNABLE TO DETERMINE,NOT APPLICABLE,800,W,GRAND AVE,1214,,,,,,,2,NONINCAPACITATING INJURY,1,0,0,1,0,1,0,0,7,7,41.891293713,-87.647680593,POINT (-87.647680593026 41.891293712961)
38ed0b314871fb40d6c38b291c4694fe004d7143085cda86a31d8acb5811a8f54ff2a37228d56799a090c32a70c7a67c22f5d3ccc863b2bc1f5e16a351416928,,07/26/2025 12:51:00 AM,30,NO CONTROLS,NO CONTROLS,CLEAR,"DARKNESS, LIGHTED ROAD",PARKED MOTOR VEHICLE,NOT DIVIDED,,STRAIGHT AND LEVEL,DRY,NO DEFECTS,ON SCENE,INJURY AND / OR TOW DUE TO CRASH,,,,"OVER $1,500",07/27/2025 12:51:00 AM,UNABLE TO DETERMINE,NOT APPLICABLE,221,E,51ST ST,231,,,,,,,2,NO INDICATION OF INJURY,0,0,0,0,0,1,0,0,7,7,41.8019313261,-87.6201754266,POINT (-87.620175426625 41.801931326117)
c35f5f9e18a4cb730fe5435c340f59567bcc91a01a049dcd4c57f28bc24ca8d5f37b3de23278319ae80e2bd2cca0109758d5043a73af8c2361181489cbf5dcff,,07/26/2025 12:49:00 AM,30,NO CONTROLS,NO CONTROLS,RAIN,"DARKNESS, LIGHTED ROAD",PARKED MOTOR VEHICLE,NOT DIVIDED,,STRAIGHT AND LEVEL,WET,NO DEFECTS,ON SCENE,INJURY AND / OR TOW DUE TO CRASH,,,Y,"OVER $1,500",07/26/2025 12:49:00 AM,UNABLE TO DETERMINE,NOT APPLICABLE,3394,N,MILWAUKEE AVE,1731,N,,,,,,2,NO INDICATION OF INJURY,0,0,0,0,0,1,0,0,7,7,41.9429408345,-87.7303936725,POINT (-87.730393672463 41.942940834526)
4cf87119ee3ceec981365910fa4cf16e6c89f8b517b1b5b1c707848fb20c3a3e24537b01dbcdaf68d2c5c65f2d7699613452cbc01848fc2b5e1dd7c5c38f12e7,Y,07/26/2025 12:40:00 AM,30,TRAFFIC SIGNAL,UNKNOWN,RAIN,DARKNESS,PARKED MOTOR VEHICLE,DIVIDED - W/MEDIAN (NOT RAISED),,STRAIGHT AND LEVEL,WET,UNKNOWN,ON SCENE,INJURY AND / OR TOW DUE TO CRASH,,,,"OVER $1,500",07/26/2025 12:44:00 AM,WEATHER,IMPROPER LANE USAGE,5941,N,BROADWAY,2433,,,,,,,4,NO INDICATION OF INJURY,0,0,0,0,0,1,0,0,7,7,41.9902267485,-87.6601258776,POINT (-87.660125877556 41.990226748461)
9c42e6118916e411a2c8816d4767e716929106fb6249831ba56300b157f2e137c6e33f7c887457fd25309c2c8ed4215299fdcfb27b26dfa2971d86e81293f361,,07/26/2025 12:30:00 AM,30,NO CONTROLS,NO CONTROLS,RAIN,"DARKNESS, LIGHTED ROAD",PARKED MOTOR VEHICLE,DIVIDED - W/MEDIAN (NOT RAISED),,STRAIGHT AND LEVEL,WET,NO DEFECTS,ON SCENE,NO INJURY / DRIVE AWAY,,,Y,"OVER $1,500",07/26/2025 01:24:00 AM,UNABLE TO DETERMINE,UNABLE TO DETERMINE,3702,W,FULLERTON AVE,2524,,,,,,,3,NO INDICATION OF INJURY,0,0,0,0,0,1,0,0,7,7,41.9246814135,-87.7195804158,POINT (-87.719580415834 41.924681413451)
fd3e3e4aba7043bf7434f7e05b4dbe600eaafa44601639f7cc556b41eca4fb8416952feacaaa102f63ad9a1caae7d7565a072dd7c2b170b03a8d5cb7d60c49cb,,07/26/2025 12:30:00 AM,30,NO CONTROLS,NO CONTROLS,RAIN,"DARKNESS, LIGHTED ROAD",PARKED MOTOR VEHICLE,NOT DIVIDED,,STRAIGHT AND LEVEL,WET,NO DEFECTS,ON SCENE,INJURY AND / OR TOW DUE TO CRASH,,,,"OVER $1,500",07/26/2025 01:25:00 AM,UNDER THE INFLUENCE OF ALCOHOL/DRUGS (USE WHEN ARREST IS EFFECTED),NOT APPLICABLE,1414,S,LOOMIS ST,1233,,,,,,,3,NO INDICATION OF INJURY,0,0,0,0,0,1,0,0,7,7,41.8628624353,-87.6616038758,POINT (-87.661603875796 41.862862435347)
3232170ede37e416b3d1cae5c7becbbac828fa5b466dd29eb179a711ad4b7ed32a1d0d8d22923fe4dd1e5f8c18ad6e3e073c51dc54455c9ab48909356e6974d3,,07/26/2025 12:28:00 AM,25,TRAFFIC SIGNAL,FUNCTIONING PROPERLY,RAIN,"DARKNESS, LIGHTED ROAD",SIDESWIPE SAME DIRECTION,ONE-WAY,,STRAIGHT AND LEVEL,WET,NO DEFECTS,ON SCENE,NO INJURY / DRIVE AWAY,,,,"OVER $1,500",07/26/2025 12:28:00 AM,FAILING TO YIELD RIGHT-OF-WAY,FAILING TO YIELD RIGHT-OF-WAY,1546,W,ADAMS ST,1224,,Y,,,,,2,NO INDICATION OF INJURY,0,0,0,0,0,2,0,0,7,7,41.8790126774,-87.6663153795,POINT (-87.666315379493 41.87901267738)
0ad2ab57a26f9c1bbbfb1b5cdf7efb6b2f26c2be933ae09ab5bc150577f8726f31892b64a23b0fd1d855f3931467e93636fb0e6a8f21bba65c20a245faeaa1a7,,07/26/2025 12:22:00 AM,30,TRAFFIC SIGNAL,FUNCTIONING PROPERLY,RAIN,"DARKNESS, LIGHTED ROAD",REAR END,FOUR WAY,,STRAIGHT AND LEVEL,WET,NO DEFECTS,NOT ON SCENE (DESK REPORT),NO INJURY / DRIVE AWAY,,,,"OVER $1,500",07/26/2025 12:46:00 AM,FAILING TO YIELD RIGHT-OF-WAY,FAILING TO REDUCE SPEED TO AVOID CRASH,528,S,MICHIGAN AVE,123,Y,,,,,,2,NO INDICATION OF INJURY,0,0,0,0,0,2,0,0,7,7,41.8751001059,-87.6243942667,POINT (-87.624394266668 41.875100105918)
1b37d23af2dc05cab47422a505b3d2439bf724a69a6372ea61e84bbcc1673428b1f2921faca35dd14d3269fb51954c3565e3684a58ee9bdf61043c8efe1a821f,,07/26/2025 12:22:00 AM,30,TRAFFIC SIGNAL,FUNCTIONING PROPERLY,RAIN,"DARKNESS, LIGHTED ROAD",REAR END,FOUR WAY,,STRAIGHT AND LEVEL,WET,UNKNOWN,NOT ON SCENE (DESK REPORT),NO INJURY / DRIVE AWAY,Y,,Y,"$501 - $1,500",07/26/2025 12:46:00 AM,FOLLOWING TOO CLOSELY,FOLLOWING TOO CLOSELY,627,N,LA SALLE DR,1832,,,,,,,2,NO INDICATION OF INJURY,0,0,0,0,0,2,0,0,7,7,41.8931710772,-87.6324898726,POINT (-87.632489872566 41.893171077236)
ef7c04669f6490ffa52ee39b7715758af1230dcdc0a7bf37cfcb506d4672d7b0f69320cfc27b2b7dbcc4f2fa27d2b128baff5ca3073be6fcda4629e9a50e07c9,N,07/26/2025 12:20:00 AM,30,TRAFFIC SIGNAL,UNKNOWN,UNKNOWN,UNKNOWN,TURNING,FOUR WAY,,STRAIGHT AND LEVEL,UNKNOWN,UNKNOWN,ON SCENE,INJURY AND / OR TOW DUE TO CRASH,,,Y,"OVER $1,500",07/26/2025 12:21:00 AM,NOT APPLICABLE,NOT APPLICABLE,7458,S,STONY ISLAND AVE,324,,,,,,,2,NO INDICATION OF INJURY,0,0,0,0,0,2,0,0,7,7,41.7588065695,-87.5862848297,POINT (-87.586284829746 41.758806569501)
3a3a1b2cf028319b305e43bd51b97edca7abdb41761d36d7ab9fbe5e467a2d1be8a3c06271d0a90f8043580147b18fe227980f2a6701ecb0e4be1540d638c774,,07/26/2025 12:15:00 AM,0,UNKNOWN,UNKNOWN,RAIN,"DARKNESS, LIGHTED ROAD",PARKED MOTOR VEHICLE,PARKING LOT,,"CURVE, LEVEL",WET,UNKNOWN,ON SCENE,NO INJURY / DRIVE AWAY,,,,"$501 - $1,500",07/26/2025 12:30:00 AM,DRIVING SKILLS/KNOWLEDGE/EXPERIENCE,NOT APPLICABLE,3201,S,MILLARD AVE,1032,,,,,,,2,NO INDICATION OF INJURY,0,0,0,0,0,1,0,0,7,7,41.8351651104,-87.715612441,POINT (-87.715612441029 41.835165110376)
cd1cb5b20966ba96969c71e8f44b8e6d4e3982cf6d3d49890a86c9457e6153ee3831c1718d9649d6d1f906d4500709d70acf10f5ad1b7dc58959d66f84152c93,,07/26/2025 12:05:00 AM,30,NO CONTROLS,NO CONTROLS,RAIN,"DARKNESS, LIGHTED ROAD",SIDESWIPE OPPOSITE DIRECTION,DIVIDED - W/MEDIAN BARRIER,,STRAIGHT AND LEVEL,WET,NO DEFECTS,ON SCENE,INJURY AND / OR TOW DUE TO CRASH,,,,"$501 - $1,500",07/26/2025 12:08:00 AM,DRIVING ON WRONG SIDE/WRONG WAY,DRIVING ON WRONG SIDE/WRONG WAY,1432,W,87TH ST,614,,,,,,,2,NONINCAPACITATING INJURY,1,0,0,1,0,1,0,0,7,7,41.7359541871,-87.6594813079,POINT (-87.659481307873 41.735954187073)
2cb1f9e3fe6152ebe892c8c4334c178a3433559f39d63c820725877fc7e8f180e6264d5f80ca8f9a4352bbed53315ef5afbc8b37af5d66cf8ea8e3797041457c,,07/26/2025 12:01:00 AM,30,NO CONTROLS,NO CONTROLS,UNKNOWN,DARKNESS,PARKED MOTOR VEHICLE,NOT DIVIDED,,STRAIGHT AND LEVEL,UNKNOWN,NO DEFECTS,ON SCENE,NO INJURY / DRIVE AWAY,,,Y,"$501 - $1,500",07/26/2025 08:45:00 AM,UNABLE TO DETERMINE,NOT APPLICABLE,1735,E,75TH ST,414,,,,,,,2,NO INDICATION OF INJURY,0,0,0,0,0,1,0,0,7,7,41.7586989324,-87.5821142325,POINT (-87.582114232459 41.758698932357)
e15729deff21f50fd09ebd0b25e4d434a538b834d346ac343892b73d13ce88fd2169355dd716f7bf13a575bebd4d609cfd9497dc61e3cfb246b41cffb55fa022,N,07/26/2025 12:00:00 AM,20,DELINEATORS,FUNCTIONING PROPERLY,UNKNOWN,UNKNOWN,PARKED MOTOR VEHICLE,DIVIDED - W/MEDIAN (NOT RAISED),,STRAIGHT AND LEVEL,UNKNOWN,NO DEFECTS,ON SCENE,INJURY AND / OR TOW DUE TO CRASH,,,Y,"OVER $1,500",07/26/2025 12:53:00 PM,UNABLE TO DETERMINE,UNABLE TO DETERMINE,2753,N,KOSTNER AVE,2524,,,,,,,2,NO INDICATION OF INJURY,0,0,0,0,0,1,0,0,7,7,41.9314251343,-87.7366731428,POINT (-87.736673142837 41.931425134282)
e4202270f251b6f5baf5d70776df1a7c38509f0291e141e28fc9def21af7562fe1cdc105959889287e18c570a5604b7cb716398d6aaea0cd1b65f2f7d4bfe1ca,,07/25/2025 11:58:00 PM,30,NO CONTROLS,NO CONTROLS,RAIN,"DARKNESS, LIGHTED ROAD",REAR END,NOT DIVIDED,,STRAIGHT AND LEVEL,WET,NO DEFECTS,NOT ON SCENE (DESK REPORT),NO INJURY / DRIVE AWAY,,,Y,"OVER $1,500",07/26/2025 01:01:00 AM,FOLLOWING TOO CLOSELY,FAILING TO REDUCE SPEED TO AVOID CRASH,630,N,LA SALLE DR,1832,,,,,,,2,NO INDICATION OF INJURY,0,0,0,0,0,2,0,23,6,7,41.8932447739,-87.6327867038,POINT (-87.632786703841 41.893244773868)
e8fc2245670c6d39d24afa75a1a61f0e6e46d0dedff4868c7b05885cab17a83390ec53fb81acde128facc71e44adfbe49d8b992744a94976de5e55ed313c2ac0,,07/25/2025 11:58:00 PM,30,TRAFFIC SIGNAL,FUNCTIONING PROPERLY,CLEAR,"DARKNESS, LIGHTED ROAD",TURNING,FOUR WAY,,STRAIGHT AND LEVEL,WET,NO DEFECTS,ON SCENE,INJURY AND / OR TOW DUE TO CRASH,Y,,Y,"OVER $1,500",07/25/2025 11:58:00 PM,IMPROPER TURNING/NO SIGNAL,NOT APPLICABLE,5387,W,DIVISION ST,1524,,,,,,,3,NO INDICATION OF INJURY,0,0,0,0,0,2,0,23,6,7,41.902082792,-87.760864427,POINT (-87.760864427018 41.902082791979)
c54d6333f0e44af904c1fc9c0b12ba64a348686ba0278c74d1222ea73339da9e12ae31a55db326c5543b69f1014db8d78155b8dc96749800d56be7f7cd2aa579,,07/25/2025 11:45:00 PM,30,TRAFFIC SIGNAL,FUNCTIONING PROPERLY,RAIN,"DARKNESS, LIGHTED ROAD",TURNING,FOUR WAY,,STRAIGHT AND LEVEL,WET,NO DEFECTS,NOT ON SCENE (DESK REPORT),NO INJURY / DRIVE AWAY,Y,,Y,"OVER $1,500",07/26/2025 12:30:00 AM,IMPROPER OVERTAKING/PASSING,NOT APPLICABLE,2000,W,DIVISION ST,1424,Y,,,,,,2,NO INDICATION OF INJURY,0,0,0,0,0,2,0,23,6,7,41.9032987927,-87.6773832474,POINT (-87.677383247396 41.903298792682)
db41496e5b7edde10c9c2566209e79eedb6c92a5e676421f06c1ec793d86258688c3c08e36a45dbfc00952dbbd440c9e2daa8eba87cedac998653aa3f1a09c01,,07/25/2025 11:45:00 PM,30,NO CONTROLS,UNKNOWN,RAIN,"DARKNESS, LIGHTED ROAD",PARKED MOTOR VEHICLE,ONE-WAY,,STRAIGHT AND LEVEL,WET,NO DEFECTS,ON SCENE,NO INJURY / DRIVE AWAY,,,Y,"OVER $1,500",07/25/2025 11:45:00 PM,UNABLE TO DETERMINE,UNABLE TO DETERMINE,4306,W,IOWA ST,1111,,,,,,,3,NO INDICATION OF INJURY,0,0,0,0,0,3,0,23,6,7,41.8971666718,-87.7338174326,POINT (-87.733817432623 41.897166671793)
dbeb1ca464560fae67b8042038c9cce9842a1ce9851759127d04eaaf6f2231533c11632d7cc75c8d3b9791b75c4e1dd98dfa6e96770ce0b9436e7fed7ebc6796,,07/25/2025 11:40:00 PM,30,TRAFFIC SIGNAL,UNKNOWN,RAIN,UNKNOWN,REAR END,FOUR WAY,,STRAIGHT AND LEVEL,WET,UNKNOWN,NOT ON SCENE (DESK REPORT),NO INJURY / DRIVE AWAY,Y,,Y,"OVER $1,500",07/26/2025 12:45:00 AM,UNABLE TO DETERMINE,UNABLE TO DETERMINE,5500,W,DEVON AVE,1621,,,,,,,2,NO INDICATION OF INJURY,0,0,0,0,0,2,0,23,6,7,41.9974571264,-87.7658207187,POINT (-87.765820718749 41.997457126378)
c1c9b176cf5273547400e85fb36771d757b1b6acea47681c03cdd063d22945f74f2ab3ceabb4eef6c4007a0ba7f1df53854e222b7393ae5c8d572735540d6d2c,,07/25/2025 11:35:00 PM,15,NO CONTROLS,NO CONTROLS,UNKNOWN,"DARKNESS, LIGHTED ROAD",SIDESWIPE SAME DIRECTION,ONE-WAY,,STRAIGHT AND LEVEL,UNKNOWN,UNKNOWN,NOT ON SCENE (DESK REPORT),NO INJURY / DRIVE AWAY,,,Y,"$501 - $1,500",07/25/2025 11:45:00 PM,UNABLE TO DETERMINE,NOT APPLICABLE,135,N,MAYFIELD AVE,1512,,,,,,,2,NO INDICATION OF INJURY,0,0,0,0,0,3,0,23,6,7,41.8832349861,-87.7717454424,POINT (-87.771745442363 41.883234986084)
dc19f68a787001f7594d8a7e74bb790a6cfa91232c5a6bd0d03435570bd0f0277d4e65ff3df9d2702e48a332f8e4308dbfef0038e97c879f7f8a2c61c40dc8b6,,07/25/2025 11:30:00 PM,30,NO CONTROLS,NO CONTROLS,UNKNOWN,UNKNOWN,SIDESWIPE SAME DIRECTION,DIVIDED - W/MEDIAN (NOT RAISED),,STRAIGHT AND LEVEL,UNKNOWN,UNKNOWN,NOT ON SCENE (DESK REPORT),NO INJURY / DRIVE AWAY,,,Y,"OVER $1,500",07/28/2025 09:10:00 PM,UNABLE TO DETERMINE,UNABLE TO DETERMINE,491,N,MILWAUKEE AVE,1214,,,,,,,2,NO INDICATION OF INJURY,0,0,0,0,0,2,0,23,6,7,41.8910464843,-87.6471498856,POINT (-87.647149885569 41.89104648435)