CRASH_RECORD_ID,CRASH_DATE_EST_I,CRASH_DATE,POSTED_SPEED_LIMIT,TRAFFIC_CONTROL_DEVICE,DEVICE_CONDITION,WEATHER_CONDITION,LIGHTING_CONDITION,FIRST_CRASH_TYPE,TRAFFICWAY_TYPE,LANE_CNT,ALIGNMENT,ROADWAY_SURFACE_COND,ROAD_DEFECT,REPORT_TYPE,CRASH_TYPE,INTERSECTION_RELATED_I,NOT_RIGHT_OF_WAY_I,HIT_AND_RUN_I,DAMAGE,DATE_POLICE_NOTIFIED,PRIM_CONTRIBUTORY_CAUSE,SEC_CONTRIBUTORY_CAUSE,STREET_NO,STREET_DIRECTION,STREET_NAME,BEAT_OF_OCCURRENCE,PHOTOS_TAKEN_I,STATEMENTS_TAKEN_I,DOORING_I,WORK_ZONE_I,WORK_ZONE_TYPE,WORKERS_PRESENT_I,NUM_UNITS,MOST_SEVERE_INJURY,INJURIES_TOTAL,INJURIES_FATAL,INJURIES_INCAPACITATING,INJURIES_NON_INCAPACITATING,INJURIES_REPORTED_NOT_EVIDENT,INJURIES_NO_INDICATION,INJURIES_UNKNOWN,CRASH_HOUR,CRASH_DAY_OF_WEEK,CRASH_MONTH,LATITUDE,LONGITUDE,LOCATION
2fa9fd68d0631638db6fab5b736ca6f46e0774e56b22d7d68171c59b42860a936b5629ff0be0d40a8aeca7e6dcdde61905e9c774b8842c6f5837a3f2d57bf349,,07/25/2025 11:26:00 PM,15,NO CONTROLS,NO CONTROLS,RAIN,"DARKNESS, LIGHTED ROAD",PARKED MOTOR VEHICLE,ALLEY,,STRAIGHT AND LEVEL,WET,UNKNOWN,ON SCENE,NO INJURY / DRIVE AWAY,,,,"$501 - $1,500",07/25/2025 11:34:00 PM,IMPROPER BACKING,UNABLE TO DETERMINE,7736,S,KEDZIE AVE,835,,,,,,,2,NO INDICATION OF INJURY,0,0,0,0,0,1,0,23,6,7,41.7523749016,-87.7026162978,POINT (-87.702616297781 41.752374901587)
2ec02999771cd3e03fa06a6aad6959d76158614c4c73152c6c5a6b8e25c0bd813d52a74dbc1edb6ab33593b6859c4bf81d35d107b5c1cc2173a53d3c449942dc,,07/25/2025 11:20:00 PM,25,NO CONTROLS,NO CONTROLS,RAIN,"DARKNESS, LIGHTED ROAD",PARKED MOTOR VEHICLE,ONE-WAY,,STRAIGHT AND LEVEL,WET,NO DEFECTS,,INJURY AND / OR TOW DUE TO CRASH,,,Y,"OVER $1,500",07/25/2025 11:20:00 PM,UNABLE TO DETERMINE,NOT APPLICABLE,6644,S,CARPENTER ST,724,,,,,,,2,NO INDICATION OF INJURY,0,0,0,0,0,3,0,23,6,7,41.7728696367,-87.6508266461,POINT (-87.650826646065 41.772869636748)
d3c0162b2f6affeb06456fe94ee5ce3ae1e09506f4e2c95c421fa06dba45dfaf85a8c5310c8766a6d0ca061543f89dcaac05e3c0a18d1cfe12c6252bfc916c3c,,07/25/2025 11:19:00 PM,30,NO CONTROLS,NO CONTROLS,RAIN,"DARKNESS, LIGHTED ROAD",PARKED MOTOR VEHICLE,NOT DIVIDED,,STRAIGHT AND LEVEL,WET,NO DEFECTS,ON SCENE,INJURY AND / OR TOW DUE TO CRASH,,,,"OVER $1,500",07/25/2025 11:20:00 PM,FAILING TO REDUCE SPEED TO AVOID CRASH,PHYSICAL CONDITION OF DRIVER,5212,S,KOSTNER AVE,815,,,,,,,4,NO INDICATION OF INJURY,0,0,0,0,0,1,0,23,6,7,41.7981743686,-87.7332513704,POINT (-87.733251370441 41.798174368645)
45f4abe041aa857dc321f5ac61eedb2c750e2d49b7bb991c73c67d588b0138231f6b0f8eb7341c85d948123356e9d27a893e510a16aca18e760296c8833c001a,,07/25/2025 11:15:00 PM,30,TRAFFIC SIGNAL,FUNCTIONING PROPERLY,CLEAR,"DARKNESS, LIGHTED ROAD",REAR END,NOT DIVIDED,,STRAIGHT AND LEVEL,DRY,NO DEFECTS,ON SCENE,NO INJURY / DRIVE AWAY,,,Y,$500 OR LESS,07/25/2025 11:20:00 PM,FOLLOWING TOO CLOSELY,FOLLOWING TOO CLOSELY,3546,W,26TH ST,1024,,,,,,,2,NO INDICATION OF INJURY,0,0,0,0,0,3,0,23,6,7,41.8445028827,-87.7142215071,POINT (-87.714221507141 41.844502882661)
63b147b5df59f94420d20f7ed45159e8b218b55fe1f943c0b552d490e6671f281da3ddc300cb61c91efb4498565a11f6ac9842884d493ea664d4f1cffcfcc8ca,,07/25/2025 11:15:00 PM,30,TRAFFIC SIGNAL,FUNCTIONING PROPERLY,RAIN,"DARKNESS, LIGHTED ROAD",ANGLE,FOUR WAY,,STRAIGHT AND LEVEL,WET,NO DEFECTS,ON SCENE,INJURY AND / OR TOW DUE TO CRASH,Y,,,"OVER $1,500",07/25/2025 11:18:00 PM,IMPROPER OVERTAKING/PASSING,UNABLE TO DETERMINE,3100,S,CENTRAL PARK AVE,1032,,,,,,,2,NO INDICATION OF INJURY,0,0,0,0,0,2,0,23,6,7,41.8369653642,-87.7147391421,POINT (-87.714739142055 41.836965364198)
c80cdc539188bb90c5d047f8958e7af878116ca4ca6908c4ec524dd62c542c6a4b5f59469ae69199d3ea1a1c88d647032490b560b1c4d121e9d955f3f9bdd105,Y,07/25/2025 11:15:00 PM,30,TRAFFIC SIGNAL,FUNCTIONING PROPERLY,RAIN,"DARKNESS, LIGHTED ROAD",REAR END,NOT DIVIDED,,STRAIGHT AND LEVEL,WET,UNKNOWN,NOT ON SCENE (DESK REPORT),NO INJURY / DRIVE AWAY,Y,,,"OVER $1,500",07/26/2025 01:00:00 AM,UNABLE TO DETERMINE,UNABLE TO DETERMINE,3001,W,DEVON AVE,2413,,,,,,,2,NO INDICATION OF INJURY,0,0,0,0,0,2,0,23,6,7,41.9973650046,-87.7045721701,POINT (-87.704572170083 41.997365004586)
91d33d23bfa24b566f678f40aad19eded65ef123044a416c792b4d8ef6a501a65e3c68b1878f0e725e08e58c843f47b98d107d5f01d6f1eb28b3b7dffd035f9e,Y,07/25/2025 11:00:00 PM,30,NO CONTROLS,NO CONTROLS,UNKNOWN,UNKNOWN,PARKED MOTOR VEHICLE,T-INTERSECTION,,STRAIGHT AND LEVEL,UNKNOWN,UNKNOWN,NOT ON SCENE (DESK REPORT),NO INJURY / DRIVE AWAY,,,Y,"OVER $1,500",07/26/2025 08:30:00 AM,UNABLE TO DETERMINE,NOT APPLICABLE,3503,N,LOWELL AVE,1731,,,,,,,2,NO INDICATION OF INJURY,0,0,0,0,0,1,0,23,6,7,41.9445922458,-87.7358187399,POINT (-87.735818739938 41.944592245822)
84a116c5ad497b443ef7d3b2250df4b747534910b6c0daa31e95d39d219fa0cbd6c43ddf1c110f66f70485c455988910ebb6a7d936127f5b3a97a16523239acd,,07/25/2025 10:40:00 PM,30,NO CONTROLS,NO CONTROLS,CLEAR,"DARKNESS, LIGHTED ROAD",ANGLE,ALLEY,,STRAIGHT AND LEVEL,DRY,NO DEFECTS,NOT ON SCENE (DESK REPORT),INJURY AND / OR TOW DUE TO CRASH,,,,"OVER $1,500",07/25/2025 11:19:00 PM,UNABLE TO DETERMINE,NOT APPLICABLE,5514,S,KOSTNER AVE,813,,,,,,,2,"REPORTED, NOT EVIDENT",4,0,0,0,4,2,0,22,6,7,41.792628542,-87.73309608,POINT (-87.733096079996 41.79262854199)
19bfca7d7857a29cb829dd89d92d43f14ea8449aa396f0f10347d76c44fdb0876b6a9d80495d72ed77826af05d0a34ec34b4a8bc1f7058d71f0c72f82f5dd32c,,07/25/2025 10:37:00 PM,30,TRAFFIC SIGNAL,FUNCTIONING PROPERLY,CLEAR,"DARKNESS, LIGHTED ROAD",SIDESWIPE SAME DIRECTION,DIVIDED - W/MEDIAN (NOT RAISED),,STRAIGHT AND LEVEL,DRY,NO DEFECTS,,NO INJURY / DRIVE AWAY,,,,"$501 - $1,500",07/25/2025 11:45:00 PM,IMPROPER TURNING/NO SIGNAL,NOT APPLICABLE,3100,S,STATE ST,211,,,,,,,2,NO INDICATION OF INJURY,0,0,0,0,0,6,0,22,6,7,41.8382102849,-87.6269217357,POINT (-87.626921735742 41.838210284902)
035cc0889e6e4175c0e6cc38dbc1ee039b5b39e9b86229f7d9eeabceb89365ca76dcc405310ff55f82d952b0fdb1f5760fe225546699c6b0092b2921e4c22d49,,07/25/2025 10:30:00 PM,30,TRAFFIC SIGNAL,FUNCTIONING PROPERLY,CLEAR,"DARKNESS, LIGHTED ROAD",SIDESWIPE SAME DIRECTION,NOT DIVIDED,,STRAIGHT AND LEVEL,DRY,NO DEFECTS,NOT ON SCENE (DESK REPORT),NO INJURY / DRIVE AWAY,,,,"OVER $1,500",07/25/2025 10:43:00 PM,UNABLE TO DETERMINE,NOT APPLICABLE,6146,S,CICERO AVE,813,,,,,,,2,NO INDICATION OF INJURY,0,0,0,0,0,2,0,22,6,7,41.7806855185,-87.7425107566,POINT (-87.742510756583 41.780685518461)
0ff16372471ed56be369ae01e4e77aabaa2e00f49ab85b59c38e41e6993a17d01522ca84f293d1c559bb5598b505a3c1b675b0794375e5364c08141c785d9ffd,,07/25/2025 10:30:00 PM,30,TRAFFIC SIGNAL,FUNCTIONING PROPERLY,CLEAR,"DARKNESS, LIGHTED ROAD",PARKED MOTOR VEHICLE,ONE-WAY,,STRAIGHT AND LEVEL,UNKNOWN,NO DEFECTS,NOT ON SCENE (DESK REPORT),NO INJURY / DRIVE AWAY,,,,"OVER $1,500",08/02/2025 08:00:00 PM,FAILING TO REDUCE SPEED TO AVOID CRASH,UNABLE TO DETERMINE,1006,N,LAVERGNE AVE,1531,,,,,,,2,NO INDICATION OF INJURY,0,0,0,0,0,2,0,22,6,7,41.8988413547,-87.7509422608,POINT (-87.750942260755 41.898841354713)
266a911e2e2868aaaab16cbd16349b9ca44a465f58fda3f0106b65bf30c89d877899dedc47ef6baceff59f577e031a09f8d9babc1aeb9147a1e2d0a1c54ce49e,,07/25/2025 10:30:00 PM,30,TRAFFIC SIGNAL,FUNCTIONING PROPERLY,CLEAR,"DARKNESS, LIGHTED ROAD",REAR END,NOT DIVIDED,,STRAIGHT AND LEVEL,DRY,UNKNOWN,NOT ON SCENE (DESK REPORT),NO INJURY / DRIVE AWAY,,,,"$501 - $1,500",07/25/2025 11:30:00 PM,UNABLE TO DETERMINE,UNABLE TO DETERMINE,1500,N,HALSTED ST,1822,,,,,,,2,NO INDICATION OF INJURY,0,0,0,0,0,2,0,22,6,7,41.9086395917,-87.6483601527,POINT (-87.648360152682 41.908639591728)
af9310fc7860eca60a78566448c24d1e65e7808cd4005af5a02495f3e50672e16b9ca03f3d7598dd479c1f97b9435ef71900d9c3f8369723a118bfbfdbf9b9b5,,07/25/2025 10:27:00 PM,30,TRAFFIC SIGNAL,FUNCTIONING PROPERLY,CLEAR,"DARKNESS, LIGHTED ROAD",FIXED OBJECT,UNKNOWN INTERSECTION TYPE,,STRAIGHT AND LEVEL,DRY,NO DEFECTS,ON SCENE,NO INJURY / DRIVE AWAY,Y,,,"OVER $1,500",07/25/2025 10:57:00 PM,DRIVING SKILLS/KNOWLEDGE/EXPERIENCE,FAILING TO REDUCE SPEED TO AVOID CRASH,2295,W,CONGRESS PKWY,1225,,,,,,,1,NO INDICATION OF INJURY,0,0,0,0,0,4,0,22,6,7,41.8748490519,-87.6837747176,POINT (-87.683774717631 41.874849051926)
77c3dcb1936bdc50d4e5ba080a8dfe63c481f2aaec8e6f7a004c15c4224a135f568f317c969a4af3a290b1f61b0a61dd750662a4a0ac79886e0d360a1f6e1466,,07/25/2025 10:18:00 PM,30,TRAFFIC SIGNAL,FUNCTIONING PROPERLY,CLEAR,"DARKNESS, LIGHTED ROAD",REAR END,NOT DIVIDED,,STRAIGHT AND LEVEL,DRY,UNKNOWN,NOT ON SCENE (DESK REPORT),NO INJURY / DRIVE AWAY,,,Y,"OVER $1,500",07/25/2025 10:49:00 PM,UNABLE TO DETERMINE,UNABLE TO DETERMINE,501,W,63RD ST,722,,,,,,,2,NO INDICATION OF INJURY,0,0,0,0,0,2,0,22,6,7,41.7797574121,-87.6375604208,POINT (-87.637560420774 41.779757412057)
7b83d79be840050c7a2123a0cd8aa0325797797b8cc0c74a88d22997a80378e5d2c8d76b0d9b7653d6f4f4bb0436cbc20281db2f4bbc6d670eb8ce610b34e073,,07/25/2025 10:15:00 PM,30,NO CONTROLS,NO CONTROLS,CLEAR,DARKNESS,FIXED OBJECT,ALLEY,,STRAIGHT AND LEVEL,DRY,NO DEFECTS,NOT ON SCENE (DESK REPORT),INJURY AND / OR TOW DUE TO CRASH,,,,"OVER $1,500",07/26/2025 05:04:00 PM,UNABLE TO DETERMINE,NOT APPLICABLE,916,S,BELL AVE,1225,,,,,,,1,NO INDICATION OF INJURY,0,0,0,0,0,1,0,22,6,7,41.8698288678,-87.682600881,POINT (-87.682600881002 41.869828867768)
b67aecd89b04dc612cde07d5851ce510f656a28b8004069a141474798c2647f84dac4ffe88316867d1f86def9c3879a11ad7bafd89a34ab8d5cf469c63f35c3a,,07/25/2025 10:15:00 PM,15,NO CONTROLS,NO CONTROLS,CLEAR,DARKNESS,FIXED OBJECT,OTHER,,"CURVE, LEVEL",DRY,NO DEFECTS,ON SCENE,NO INJURY / DRIVE AWAY,,,,"OVER $1,500",07/25/2025 10:23:00 PM,UNABLE TO DETERMINE,UNABLE TO DETERMINE,1501,S,FARRAR DR,1022,,,,,,,1,NO INDICATION OF INJURY,0,0,0,0,0,1,0,22,6,7,41.8608097842,-87.6964662421,POINT (-87.6964662421 41.860809784246)
b75b97f1d48d7ff4d67dba7503d661d763447614efe8d0bd7ae7c5c58ec1355942fdb214de1518f486a1404a3c010a7780e438e357c25a10982547d99b1c75a9,Y,07/25/2025 10:15:00 PM,30,NO CONTROLS,NO CONTROLS,RAIN,"DARKNESS, LIGHTED ROAD",PARKED MOTOR VEHICLE,PARKING LOT,,STRAIGHT AND LEVEL,WET,NO DEFECTS,ON SCENE,NO INJURY / DRIVE AWAY,,Y,Y,"OVER $1,500",07/25/2025 10:45:00 PM,FAILING TO REDUCE SPEED TO AVOID CRASH,NOT APPLICABLE,1400,S,JEFFERSON ST,124,,,,,,,2,NO INDICATION OF INJURY,0,0,0,0,0,1,0,22,6,7,41.8635013524,-87.6422095008,POINT (-87.642209500776 41.863501352448)
081431fc5e78921ba2e07feb58abc9e6befd528cbf2c8fb94e513cf37b62d749b8841ba121f102c49258d8e594cbc5761b008f2a43a59deb0fc2570a1916e564,Y,07/25/2025 10:14:00 PM,30,NO CONTROLS,NO CONTROLS,CLEAR,"DARKNESS, LIGHTED ROAD",PARKED MOTOR VEHICLE,NOT DIVIDED,,STRAIGHT AND LEVEL,WET,NO DEFECTS,ON SCENE,NO INJURY / DRIVE AWAY,,,Y,"OVER $1,500",07/25/2025 10:39:00 PM,UNABLE TO DETERMINE,UNABLE TO DETERMINE,637,W,123RD ST,523,,,,,,,2,NO INDICATION OF INJURY,0,0,0,0,0,1,0,22,6,7,41.6704613409,-87.6383543949,POINT (-87.63835439488 41.670461340928)
8d6dfa5e7bb99c2db9a4f215192fa83e302c2222b7e9ff21beb291c4a73bac606cb6df95e68cd9469c24698e18150b96b46f5278f775e8174112d2d585b2e4b4,,07/25/2025 10:08:00 PM,40,NO CONTROLS,NO CONTROLS,CLEAR,"DARKNESS, LIGHTED ROAD",REAR END,DIVIDED - W/MEDIAN BARRIER,,STRAIGHT AND LEVEL,DRY,NO DEFECTS,ON SCENE,INJURY AND / OR TOW DUE TO CRASH,,,,"OVER $1,500",07/25/2025 10:12:00 PM,FOLLOWING TOO CLOSELY,UNABLE TO DETERMINE,2501,N,LAKE SHORE DR SB,1935,,,,,,,3,NO INDICATION OF INJURY,0,0,0,0,0,3,0,22,6,7,41.9279294943,-87.6315565445,POINT (-87.631556544533 41.927929494346)
a029b046931febbf2b79a0123f77d0d0cdd5f7a5b280906f65b520b76e73b534ee6d662d5d1df841957055a930e81a60ddb28d5726d525c46accc6b0b2e6c5c6,,07/25/2025 10:07:00 PM,30,TRAFFIC SIGNAL,FUNCTIONING PROPERLY,CLEAR,DARKNESS,REAR END,DIVIDED - W/MEDIAN (NOT RAISED),,STRAIGHT AND LEVEL,WET,UNKNOWN,ON SCENE,NO INJURY / DRIVE AWAY,Y,,,$500 OR LESS,07/25/2025 10:10:00 PM,DISTRACTION - FROM INSIDE VEHICLE,NOT APPLICABLE,3658,W,111TH ST,2211,,,,,,,2,NO INDICATION OF INJURY,0,0,0,0,0,2,0,22,6,7,41.6914863806,-87.7129504011,POINT (-87.712950401131 41.691486380598)
4a75f13bc2b708d38680001371f5472b83b991c1614378f92997b0697b5ad60abbeb52c2368cbf58a98f0e2ed125c91ffb28a8c6ac5206d4a2eece65592f74c1,N,07/25/2025 10:05:00 PM,25,NO CONTROLS,NO CONTROLS,CLEAR,"DARKNESS, LIGHTED ROAD",REAR END,NOT DIVIDED,,STRAIGHT AND LEVEL,WET,UNKNOWN,NOT ON SCENE (DESK REPORT),INJURY AND / OR TOW DUE TO CRASH,,,,"OVER $1,500",07/25/2025 11:00:00 PM,FOLLOWING TOO CLOSELY,WEATHER,2954,S,ARCHER AVE,913,,,,,,,2,NO INDICATION OF INJURY,0,0,0,0,0,3,0,22,6,7,41.8410121753,-87.6595415289,POINT (-87.659541528906 41.841012175278)
55408d253c7a3a60c6b5c6fb9d00de3bdc0576db667e71b0cac840ce2c10315c78acd29b1f5356b7a36c8c32cc08db7bb00df05acad4268da241bfb61cb55011,,07/25/2025 10:05:00 PM,25,TRAFFIC SIGNAL,FUNCTIONING PROPERLY,CLEAR,"DARKNESS, LIGHTED ROAD",ANGLE,FOUR WAY,,STRAIGHT AND LEVEL,WET,UNKNOWN,NOT ON SCENE (DESK REPORT),INJURY AND / OR TOW DUE TO CRASH,Y,,Y,"OVER $1,500",07/25/2025 11:30:00 PM,DISREGARDING TRAFFIC SIGNALS,UNABLE TO DETERMINE,4301,S,WESTERN BLVD,924,,,,,,,2,NONINCAPACITATING INJURY,1,0,0,1,0,1,0,22,6,7,41.8156101042,-87.6839225329,POINT (-87.683922532933 41.815610104181)
d4d7b0fae69c0e8f85dfc2a11c7b6e381d67d579d6f57d02327afe2f514d39c6b33a97d22d28d9ea670c93f1110c16130205b27d548e39bb9396a143d2ef2928,,07/25/2025 10:00:00 PM,30,NO CONTROLS,NO CONTROLS,OTHER,"DARKNESS, LIGHTED ROAD",PARKED MOTOR VEHICLE,OTHER,,STRAIGHT AND LEVEL,UNKNOWN,UNKNOWN,NOT ON SCENE (DESK REPORT),INJURY AND / OR TOW DUE TO CRASH,,,Y,"OVER $1,500",07/28/2025 01:00:00 PM,UNABLE TO DETERMINE,UNABLE TO DETERMINE,500,E,83RD ST,631,,,,,,,2,NO INDICATION OF INJURY,0,0,0,0,0,1,0,22,6,7,41.7439610429,-87.6122653095,POINT (-87.612265309491 41.743961042875)
06d54b6e549e95d0c085a4ab970509d9b303baca2ba6f363f9013e37dc7f91e7b4acd9bcd54b6520c71023a17449c48435b18bd3e2b771bf78ff8355ee94bb83,,07/25/2025 09:50:00 PM,30,NO CONTROLS,NO CONTROLS,UNKNOWN,"DARKNESS, LIGHTED ROAD",SIDESWIPE SAME DIRECTION,NOT DIVIDED,,STRAIGHT AND LEVEL,UNKNOWN,UNKNOWN,NOT ON SCENE (DESK REPORT),NO INJURY / DRIVE AWAY,,,Y,"$501 - $1,500",07/26/2025 10:15:00 AM,FOLLOWING TOO CLOSELY,IMPROPER LANE USAGE,3028,W,ARMITAGE AVE,1414,,,,,,,2,NO INDICATION OF INJURY,0,0,0,0,0,2,0,21,6,7,41.9175391587,-87.7037278881,POINT (-87.703727888114 41.917539158677)
531197058e328530338fa64adf415f2739d5f8a8449982e11bc063c12f38f92af57fb03cd338d5608adc82c22e7f45d7394c01a448e03c330358f6e5b581fb0c,,07/25/2025 09:47:00 PM,30,NO CONTROLS,NO CONTROLS,CLEAR,"DARKNESS, LIGHTED ROAD",SIDESWIPE SAME DIRECTION,DIVIDED - W/MEDIAN (NOT RAISED),,STRAIGHT AND LEVEL,DRY,NO DEFECTS,NOT ON SCENE (DESK REPORT),NO INJURY / DRIVE AWAY,Y,,,"OVER $1,500",07/25/2025 11:15:00 PM,IMPROPER OVERTAKING/PASSING,UNABLE TO DETERMINE,7900,S,ABERDEEN ST,612,,,,,,,2,NO INDICATION OF INJURY,0,0,0,0,0,2,0,21,6,7,41.7504400399,-87.6514614792,POINT (-87.651461479233 41.750440039852)
9fa6cee5193ddf0654b8ecf29f65d2561195d1f71380d8fbd76a6c1525ed97c79b81d431421ae68e0012cf8558987070f31d7827937235170448659a77deef3a,,07/25/2025 09:44:00 PM,30,TRAFFIC SIGNAL,FUNCTIONING PROPERLY,CLEAR,"DARKNESS, LIGHTED ROAD",ANGLE,FOUR WAY,,STRAIGHT AND LEVEL,DRY,NO DEFECTS,ON SCENE,INJURY AND / OR TOW DUE TO CRASH,N,,Y,"OVER $1,500",07/25/2025 09:48:00 PM,UNABLE TO DETERMINE,NOT APPLICABLE,4700,S,MICHIGAN AVE,224,,Y,,N,,,2,"REPORTED, NOT EVIDENT",1,0,0,0,1,1,0,21,6,7,41.8091935132,-87.6229793064,POINT (-87.62297930642 41.809193513201)
0ac2f0b0fc6a994589700f3c5d2d7c83a90795257dc20df4454d9721436f114fc11bf2e31c270e0e155200d95d80099e5c1f3fa1731fb554016d9a305d712c00,,07/25/2025 09:30:00 PM,30,NO CONTROLS,NO CONTROLS,FREEZING RAIN/DRIZZLE,DARKNESS,ANGLE,DIVIDED - W/MEDIAN (NOT RAISED),,STRAIGHT AND LEVEL,WET,NO DEFECTS,NOT ON SCENE (DESK REPORT),NO INJURY / DRIVE AWAY,,,Y,"OVER $1,500",07/26/2025 09:46:00 AM,UNABLE TO DETERMINE,NOT APPLICABLE,1200,W,76TH ST,612,,,,,,,2,NO INDICATION OF INJURY,0,0,0,0,0,2,0,21,6,7,41.7561615096,-87.6539579981,POINT (-87.653957998055 41.756161509625)
26edc170decebfecd6c311a5ee1060adedb7435b05be980bfdc01f1b7d1357a1e1ca105aa43b1d229f89d9d7926c3e302a76d24148cfcf5cfe3abb452a65aeb5,,07/25/2025 09:30:00 PM,30,NO CONTROLS,NO CONTROLS,UNKNOWN,"DARKNESS, LIGHTED ROAD",FIXED OBJECT,NOT DIVIDED,,STRAIGHT AND LEVEL,UNKNOWN,UNKNOWN,NOT ON SCENE (DESK REPORT),NO INJURY / DRIVE AWAY,,,,"$501 - $1,500",07/26/2025 10:25:00 AM,UNABLE TO DETERMINE,UNABLE TO DETERMINE,11330,S,HALSTED ST,2234,,,,,,,1,NO INDICATION OF INJURY,0,0,0,0,0,1,0,21,6,7,41.6877806833,-87.6423829328,POINT (-87.642382932816 41.687780683314)
825768f050d36d9ecfb08d011aabba2a80b4d88e83661668563c23845cd8e4cf9897b9295c581908180ff11228329efc0e43213533fe736bc1b0f41bcf5eef48,,07/25/2025 09:30:00 PM,15,OTHER,OTHER,CLEAR,DAYLIGHT,PEDESTRIAN,PARKING LOT,,STRAIGHT AND LEVEL,DRY,NO DEFECTS,NOT ON SCENE (DESK REPORT),INJURY AND / OR TOW DUE TO CRASH,,,Y,$500 OR LESS,07/30/2025 10:30:00 AM,"OPERATING VEHICLE IN ERRATIC, RECKLESS, CARELESS, NEGLIGENT OR AGGRESSIVE MANNER",NOT APPLICABLE,111,W,WACKER DR,122,,,,,,,2,NONINCAPACITATING INJURY,1,0,0,1,0,1,0,21,6,7,41.886706842,-87.6314079587,POINT (-87.631407958651 41.886706842037)
8290054c8a3d1ec72b4c2927cdc2f4ddf0702ee0284e1cd278541b35f5ad3dd4ceb19c7d1747088440c28e6f74829c114792767e19da2ed68d2372d17d2a8586,,07/25/2025 09:30:00 PM,35,NO CONTROLS,NOT FUNCTIONING,CLEAR,DAYLIGHT,ANIMAL,NOT DIVIDED,,STRAIGHT AND LEVEL,DRY,NO DEFECTS,NOT ON SCENE (DESK REPORT),NO INJURY / DRIVE AWAY,,,,"$501 - $1,500",07/31/2025 01:55:00 PM,UNABLE TO DETERMINE,NOT APPLICABLE,4150,N,CUMBERLAND AVE,1614,,,,,,,1,NO INDICATION OF INJURY,0,0,0,0,0,1,0,21,6,7,41.9553566172,-87.8368356404,POINT (-87.836835640373 41.955356617197)
e5ca0b476d1523939d6f3a611aa11e041af4a2659351e3c05213f8c2135796eb807920c776a304139fbd2a010075f8b5575b672ef63bc7570a8030dcb8dbb2df,,07/25/2025 09:30:00 PM,30,TRAFFIC SIGNAL,FUNCTIONING PROPERLY,CLEAR,"DARKNESS, LIGHTED ROAD",REAR END,NOT DIVIDED,,STRAIGHT AND LEVEL,DRY,UNKNOWN,NOT ON SCENE (DESK REPORT),NO INJURY / DRIVE AWAY,,,,"OVER $1,500",07/26/2025 09:40:00 AM,FOLLOWING TOO CLOSELY,NOT APPLICABLE,7901,S,CICERO AVE,834,,,,,,,2,NO INDICATION OF INJURY,0,0,0,0,0,2,0,21,6,7,41.7490650565,-87.741203904,POINT (-87.741203904025 41.749065056465)
4f00f87fa0859fb61402c863cd0e0fe425d15411629ef720260f1d0171be2aa0c234e5f021548568cf7f3d4618f9eced80805147d922714d70b42bed4b8587cf,,07/25/2025 09:27:00 PM,30,NO CONTROLS,NO CONTROLS,UNKNOWN,UNKNOWN,REAR END,NOT DIVIDED,,STRAIGHT AND LEVEL,UNKNOWN,UNKNOWN,NOT ON SCENE (DESK REPORT),NO INJURY / DRIVE AWAY,,,,"$501 - $1,500",07/25/2025 11:00:00 PM,FOLLOWING TOO CLOSELY,NOT APPLICABLE,4505,N,CICERO AVE,1722,,,,,,,2,NO INDICATION OF INJURY,0,0,0,0,0,2,0,21,6,7,41.9622537993,-87.7473750519,POINT (-87.747375051877 41.962253799342)
9ce03fb19a55b15b8a76436d77206dc4b7bafe09928154d2340998bcb291550949ce6acb4572bd069fb720f50fb7659ebe93b47d542f03f6c18a7d73e493cd7c,,07/25/2025 09:15:00 PM,30,TRAFFIC SIGNAL,FUNCTIONING PROPERLY,UNKNOWN,DARKNESS,REAR END,OTHER,,STRAIGHT AND LEVEL,UNKNOWN,UNKNOWN,NOT ON SCENE (DESK REPORT),NO INJURY / DRIVE AWAY,,,Y,$500 OR LESS,07/26/2025 08:00:00 PM,FOLLOWING TOO CLOSELY,NOT APPLICABLE,4700,S,ASHLAND AVE,931,,,,,,,2,NO INDICATION OF INJURY,0,0,0,0,0,2,0,21,6,7,41.8085115972,-87.6651172917,POINT (-87.665117291733 41.808511597247)
0ab2cdf0227c1fee972f0342dc865c3c21ed2b8c9179bdbb810d2e3ebc3236a9ea0e9b79ebbc89ba8308b92da11958378838464602933a750227affcbc43bf70,,07/25/2025 09:00:00 PM,30,UNKNOWN,UNKNOWN,CLEAR,DARKNESS,SIDESWIPE SAME DIRECTION,NOT DIVIDED,,STRAIGHT AND LEVEL,DRY,NO DEFECTS,ON SCENE,NO INJURY / DRIVE AWAY,,,,"OVER $1,500",07/25/2025 09:17:00 PM,FAILING TO YIELD RIGHT-OF-WAY,UNABLE TO DETERMINE,258,S,HALSTED ST,1232,,,,,,,2,NO INDICATION OF INJURY,0,0,0,0,0,4,0,21,6,7,41.877978227,-87.6473889426,POINT (-87.647388942575 41.877978227046)
671e67cf05bc08ba7c8140b5117c886b52fb199ffac31afc113c2dc81e2e88b9c6c9cb2748f1cf7f7539b6f21a8739475c7e985f5c8827aadabc8ce7b6ef9ea4,,07/25/2025 09:00:00 PM,30,TRAFFIC SIGNAL,UNKNOWN,CLEAR,"DARKNESS, LIGHTED ROAD",SIDESWIPE SAME DIRECTION,FOUR WAY,,STRAIGHT AND LEVEL,DRY,UNKNOWN,NOT ON SCENE (DESK REPORT),NO INJURY / DRIVE AWAY,,,,"OVER $1,500",07/25/2025 09:30:00 PM,UNABLE TO DETERMINE,NOT APPLICABLE,3956,N,LARAMIE AVE,1634,,,,,,,2,NO INDICATION OF INJURY,0,0,0,0,0,2,0,21,6,7,41.953189138,-87.757291902,POINT (-87.757291902006 41.953189137965)