CRASH_RECORD_ID,CRASH_DATE_EST_I,CRASH_DATE,POSTED_SPEED_LIMIT,TRAFFIC_CONTROL_DEVICE,DEVICE_CONDITION,WEATHER_CONDITION,LIGHTING_CONDITION,FIRST_CRASH_TYPE,TRAFFICWAY_TYPE,LANE_CNT,ALIGNMENT,ROADWAY_SURFACE_COND,ROAD_DEFECT,REPORT_TYPE,CRASH_TYPE,INTERSECTION_RELATED_I,NOT_RIGHT_OF_WAY_I,HIT_AND_RUN_I,DAMAGE,DATE_POLICE_NOTIFIED,PRIM_CONTRIBUTORY_CAUSE,SEC_CONTRIBUTORY_CAUSE,STREET_NO,STREET_DIRECTION,STREET_NAME,BEAT_OF_OCCURRENCE,PHOTOS_TAKEN_I,STATEMENTS_TAKEN_I,DOORING_I,WORK_ZONE_I,WORK_ZONE_TYPE,WORKERS_PRESENT_I,NUM_UNITS,MOST_SEVERE_INJURY,INJURIES_TOTAL,INJURIES_FATAL,INJURIES_INCAPACITATING,INJURIES_NON_INCAPACITATING,INJURIES_REPORTED_NOT_EVIDENT,INJURIES_NO_INDICATION,INJURIES_UNKNOWN,CRASH_HOUR,CRASH_DAY_OF_WEEK,CRASH_MONTH,LATITUDE,LONGITUDE,LOCATION
67a28af71db0e7c55e36c5cb6ae035d7f413a333bbefedd64edbc9b838eedd60b8363974c44fd65e26c81175e3f4f770dd2f84fa7865b434e56bcf6d83d66787,,07/25/2025 09:00:00 PM,30,NO CONTROLS,NO CONTROLS,CLEAR,"DARKNESS, LIGHTED ROAD",REAR END,NOT DIVIDED,,STRAIGHT AND LEVEL,DRY,NO DEFECTS,NOT ON SCENE (DESK REPORT),NO INJURY / DRIVE AWAY,,,,"OVER $1,500",07/25/2025 10:00:00 PM,FAILING TO REDUCE SPEED TO AVOID CRASH,NOT APPLICABLE,7647,S,KEDZIE AVE,835,,,,,,,2,NO INDICATION OF INJURY,0,0,0,0,0,2,0,21,6,7,41.7538827918,-87.702363838,POINT (-87.702363838048 41.753882791769)
267f53d32eba4f57ce3fedfa3345dbfb34077458c8a8dd69eff8dc8694efb73f6cdfb277aea3a7ed51777270cf36093c2e0cd2e4c17c2539894c5a55d961f1b6,,07/25/2025 08:50:00 PM,30,TRAFFIC SIGNAL,FUNCTIONING PROPERLY,CLEAR,"DARKNESS, LIGHTED ROAD",TURNING,FOUR WAY,,STRAIGHT AND LEVEL,WET,NO DEFECTS,ON SCENE,INJURY AND / OR TOW DUE TO CRASH,,,Y,"OVER $1,500",07/25/2025 08:58:00 PM,IMPROPER TURNING/NO SIGNAL,NOT APPLICABLE,10299,S,WENTWORTH AVE,511,,,,,,,2,"REPORTED, NOT EVIDENT",1,0,0,0,1,1,0,20,6,7,41.7071928508,-87.6281735801,POINT (-87.628173580107 41.707192850774)
4afa03fa92687a0d05a9b0edb7973d011a728edfbf1f6627e6b8cab272b815deffc72aaf66da0f35da7f899f72fde579151205ae5c54e3fa380604dd6ae4e0bf,,07/25/2025 08:50:00 PM,30,NO CONTROLS,NO CONTROLS,CLEAR,DAWN,PARKED MOTOR VEHICLE,DIVIDED - W/MEDIAN (NOT RAISED),,STRAIGHT AND LEVEL,DRY,UNKNOWN,NOT ON SCENE (DESK REPORT),NO INJURY / DRIVE AWAY,,,Y,"$501 - $1,500",07/26/2025 02:10:00 PM,UNABLE TO DETERMINE,UNABLE TO DETERMINE,2610,W,PETERSON AVE,2413,,,,,,,2,NO INDICATION OF INJURY,0,0,0,0,0,1,0,20,6,7,41.9905777119,-87.6950515949,POINT (-87.69505159487 41.990577711859)
cb03fa735bfd7a20c8e36796da70da2a4be180594c6e6a7220eefdca0f6ac310fbc9d92d0a14f0f95b8f721691fee9cbe5975756090fa5fd52df2260ac49b087,,07/25/2025 08:41:00 PM,30,TRAFFIC SIGNAL,UNKNOWN,CLEAR,"DARKNESS, LIGHTED ROAD",TURNING,FOUR WAY,,STRAIGHT AND LEVEL,DRY,UNKNOWN,NOT ON SCENE (DESK REPORT),NO INJURY / DRIVE AWAY,Y,,Y,"OVER $1,500",07/25/2025 08:48:00 PM,UNABLE TO DETERMINE,NOT APPLICABLE,4800,W,PETERSON AVE,1621,,,,,,,2,NO INDICATION OF INJURY,0,0,0,0,0,4,0,20,6,7,41.9900080073,-87.7483769512,POINT (-87.74837695119 41.990008007299)
cee602c2d5ce8d0ac214f48ccf0b36640bf05191294836dcf2618d9f65c29acef2609f96bebcbc19a704f796c550da42d070f3aab5a7fe10f68c278d4395200d,,07/25/2025 08:40:00 PM,30,UNKNOWN,UNKNOWN,CLEAR,DUSK,PARKED MOTOR VEHICLE,DIVIDED - W/MEDIAN (NOT RAISED),,STRAIGHT AND LEVEL,DRY,UNKNOWN,ON SCENE,NO INJURY / DRIVE AWAY,,,Y,"$501 - $1,500",07/25/2025 08:41:00 PM,NOT APPLICABLE,NOT APPLICABLE,4365,S,GREENWOOD AVE,222,,,,,,,2,NO INDICATION OF INJURY,0,0,0,0,0,1,0,20,6,7,41.8150045385,-87.5992303516,POINT (-87.599230351606 41.815004538475)
a782eafcaca15e23779566a710432f9b361062c39a8d274c4996bf1474c0dbac08deba91e6a32fc43d663d6ef742cac2ce787da072c9fd8ad8a4a754f449fd91,,07/25/2025 08:37:00 PM,30,TRAFFIC SIGNAL,FUNCTIONING PROPERLY,CLEAR,DARKNESS,TURNING,NOT DIVIDED,,STRAIGHT AND LEVEL,DRY,NO DEFECTS,NOT ON SCENE (DESK REPORT),NO INJURY / DRIVE AWAY,Y,,Y,"OVER $1,500",07/26/2025 07:00:00 PM,DISREGARDING OTHER TRAFFIC SIGNS,UNABLE TO DETERMINE,5200,W,NORTH AVE,2532,,,,,,,2,NO INDICATION OF INJURY,0,0,0,0,0,2,0,20,6,7,41.9096103676,-87.7558522787,POINT (-87.755852278737 41.909610367569)
c61291bfec36792687f7604f1d88667d4f891a1b8db5c0fe15a2532bbbfb4040fb97ec09fa27312916bd5e00da158bee87c5cc37bdb241fd5a2c86665c6d9770,,07/25/2025 08:33:00 PM,30,TRAFFIC SIGNAL,FUNCTIONING PROPERLY,CLEAR,"DARKNESS, LIGHTED ROAD",TURNING,FOUR WAY,,STRAIGHT AND LEVEL,DRY,NO DEFECTS,NOT ON SCENE (DESK REPORT),NO INJURY / DRIVE AWAY,,,,"OVER $1,500",07/25/2025 09:30:00 PM,UNABLE TO DETERMINE,FOLLOWING TOO CLOSELY,474,N,LAKE SHORE DR,1834,,,,,,,2,NO INDICATION OF INJURY,0,0,0,0,0,5,0,20,6,7,41.8906294315,-87.6143303051,POINT (-87.614330305106 41.890629431539)
6137b1e1746d4b5551e60d22412678b679306b5bef6abcb829dd30444f5cf1df744693ef2d577a950fa04110e38944c721a9c4766fa3ffd2a63017350922537d,,07/25/2025 08:30:00 PM,15,NO CONTROLS,NO CONTROLS,CLEAR,DARKNESS,FIXED OBJECT,OTHER,,STRAIGHT AND LEVEL,DRY,NO DEFECTS,ON SCENE,NO INJURY / DRIVE AWAY,,,,$500 OR LESS,07/25/2025 09:00:00 PM,IMPROPER BACKING,NOT APPLICABLE,5700,S,CICERO AVE,813,,,,,,,1,NO INDICATION OF INJURY,0,0,0,0,0,1,0,20,6,7,41.7893293233,-87.7416456442,POINT (-87.741645644196 41.789329323265)
73fec5be8c9cca98c56594bd7fd57324d766d19588279f3e7fb819a4e1577d3d38168b85894ebf4e558001ddb0b37d1783b4901bb499621c388baa6709936f58,,07/25/2025 08:30:00 PM,30,UNKNOWN,UNKNOWN,CLEAR,"DARKNESS, LIGHTED ROAD",ANGLE,NOT DIVIDED,,STRAIGHT AND LEVEL,DRY,UNKNOWN,ON SCENE,NO INJURY / DRIVE AWAY,,,,"OVER $1,500",07/25/2025 09:06:00 PM,UNABLE TO DETERMINE,UNABLE TO DETERMINE,1824,N,LINCOLN AVE,1814,,,,,,,2,NO INDICATION OF INJURY,0,0,0,0,0,2,0,20,6,7,41.9156099658,-87.6352181013,POINT (-87.635218101301 41.915609965833)
049bba2820e99aa372f0a54d19ce6a72648ba061ebd6a36ed612c25c8c588a83a1188a74d3b7e9a9550b546b29c9675792cd8cde2735a967bf0132f9906125be,,07/25/2025 08:15:00 PM,30,NO CONTROLS,NO CONTROLS,UNKNOWN,DARKNESS,PARKED MOTOR VEHICLE,ONE-WAY,,STRAIGHT AND LEVEL,UNKNOWN,UNKNOWN,NOT ON SCENE (DESK REPORT),NO INJURY / DRIVE AWAY,,,,"OVER $1,500",07/30/2025 04:00:00 PM,UNABLE TO DETERMINE,UNABLE TO DETERMINE,4112,W,CRYSTAL ST,2534,,,,,,,2,NO INDICATION OF INJURY,0,0,0,0,0,1,0,20,6,7,41.903644465,-87.7293735688,POINT (-87.729373568792 41.903644464956)
d0e77647230d5685807ace0ee4d48628c08e3723cf5f540814650f8fb9aede481aefd607ed8f0c454c9ceaf694b31a03972b30e3e7f1c76e9fdf93a2c2911121,Y,07/25/2025 08:15:00 PM,35,NO CONTROLS,NO CONTROLS,RAIN,UNKNOWN,OTHER OBJECT,NOT DIVIDED,,STRAIGHT AND LEVEL,WET,UNKNOWN,ON SCENE,NO INJURY / DRIVE AWAY,,,,"$501 - $1,500",07/26/2025 09:52:00 AM,WEATHER,WEATHER,415,W,117TH ST,522,,,,,,,1,,,,,,,,,20,6,7,41.6814393203,-87.6330681427,POINT (-87.633068142741 41.681439320339)
cbc62d53b534995eab787e49353acf98bd694148277d06c63fb4fa9d73df47ed5961038cbe84039fe5d46a444efcdefb452e581c1f94d5b57b9e2834ab91bce0,,07/25/2025 08:10:00 PM,30,TRAFFIC SIGNAL,FUNCTIONING PROPERLY,CLEAR,DUSK,SIDESWIPE SAME DIRECTION,NOT DIVIDED,,STRAIGHT AND LEVEL,DRY,NO DEFECTS,NOT ON SCENE (DESK REPORT),INJURY AND / OR TOW DUE TO CRASH,,,,"OVER $1,500",07/25/2025 10:30:00 PM,UNABLE TO DETERMINE,NOT APPLICABLE,5174,W,NORTH AVE,2533,,,,,,,2,NO INDICATION OF INJURY,0,0,0,0,0,2,0,20,6,7,41.9096127514,-87.7556552175,POINT (-87.755655217464 41.909612751365)
0d2ccd97d28dfe323dabeb849c76efc4e50af1c858ddfe35bca126e5259ff7634d8e99e13a0474e407359c18a87c65a4d4b15c426cb12957ab6e552ecf209de9,,07/25/2025 08:09:00 PM,15,NO CONTROLS,NO CONTROLS,CLEAR,DAYLIGHT,FIXED OBJECT,PARKING LOT,,STRAIGHT AND LEVEL,DRY,NO DEFECTS,ON SCENE,NO INJURY / DRIVE AWAY,,,,"$501 - $1,500",07/25/2025 08:13:00 PM,UNABLE TO DETERMINE,NOT APPLICABLE,2525,S,MICHIGAN AVE,133,,,,,,,1,NO INDICATION OF INJURY,0,0,0,0,0,3,0,20,6,7,41.8467169566,-87.6233697276,POINT (-87.623369727612 41.846716956646)
9830c1382fbc82bf9a0109d96d9373eb833e4ee189a01dc693262ec854d4e51f0878c37648f5f40fb513b244c748f5354e29927e494c5f7c026805bcb727fd4f,,07/25/2025 08:07:00 PM,30,NO CONTROLS,NO CONTROLS,UNKNOWN,UNKNOWN,PARKED MOTOR VEHICLE,PARKING LOT,,STRAIGHT ON GRADE,UNKNOWN,UNKNOWN,ON SCENE,NO INJURY / DRIVE AWAY,,,Y,"$501 - $1,500",07/25/2025 10:50:00 PM,DRIVING SKILLS/KNOWLEDGE/EXPERIENCE,NOT APPLICABLE,4925,N,BROADWAY,2033,,,,,,,2,NO INDICATION OF INJURY,0,0,0,0,0,1,0,20,6,7,41.972213557,-87.6596091001,POINT (-87.659609100107 41.972213556991)
e5701c487d5b52d6f9d1f4e6173ae030951bf45eed0e039fd649775372c3c044409802ab8f1e74026d1e163931b8e812bf20c2613e7c9a09e0297a7b740ed22d,,07/25/2025 08:05:00 PM,30,UNKNOWN,NO CONTROLS,UNKNOWN,UNKNOWN,TURNING,NOT DIVIDED,,STRAIGHT AND LEVEL,UNKNOWN,UNKNOWN,NOT ON SCENE (DESK REPORT),NO INJURY / DRIVE AWAY,,,,"OVER $1,500",07/27/2025 01:50:00 PM,UNABLE TO DETERMINE,NOT APPLICABLE,1573,N,LA SALLE DR,1821,,,,,,,2,NO INDICATION OF INJURY,0,0,0,0,0,2,0,20,6,7,41.9110653312,-87.6330004815,POINT (-87.633000481501 41.91106533115)
666b017a807c048017380f0fbfe2d56d8e5b186d35b3cd5491c4954cd9c367c2debd92978ef0135bd05a3f7fd14dbbfe63bd788e4988b6141f8d007ea843865f,Y,07/25/2025 08:01:00 PM,25,NO CONTROLS,NO CONTROLS,UNKNOWN,UNKNOWN,PARKED MOTOR VEHICLE,ONE-WAY,,STRAIGHT AND LEVEL,UNKNOWN,NO DEFECTS,ON SCENE,NO INJURY / DRIVE AWAY,,,Y,"OVER $1,500",07/26/2025 07:13:00 AM,FAILING TO REDUCE SPEED TO AVOID CRASH,UNABLE TO DETERMINE,3143,W,AINSLIE ST,1713,,,,,,,2,NO INDICATION OF INJURY,0,0,0,0,0,1,0,20,6,7,41.9701686832,-87.7078372427,POINT (-87.707837242674 41.970168683203)
11fed70cb787506664c30ce3a23fbff33f1a328af7512a0b33d459938769ae25cde147fcc19a00a7cd311ba077571d5d600786d831a9901704fddfa674d716f5,Y,07/25/2025 08:00:00 PM,30,STOP SIGN/FLASHER,NO CONTROLS,RAIN,DAYLIGHT,PARKED MOTOR VEHICLE,ONE-WAY,,STRAIGHT AND LEVEL,WET,NO DEFECTS,ON SCENE,NO INJURY / DRIVE AWAY,,,Y,"OVER $1,500",07/26/2025 06:44:00 AM,UNABLE TO DETERMINE,UNABLE TO DETERMINE,4301,W,IOWA ST,1111,,,,,,,2,NO INDICATION OF INJURY,0,0,0,0,0,1,0,20,6,7,41.896950762,-87.7335887532,POINT (-87.733588753208 41.896950761955)
e30123a194922634e00270b569842256c199f2327403c801db90866c3b58ac292057793ab11094cb62e180aa7fa96a3198deb0c125a5fc7ad7256ecfb3f2708c,,07/25/2025 07:52:00 PM,35,NO CONTROLS,NO CONTROLS,CLEAR,"DARKNESS, LIGHTED ROAD",SIDESWIPE SAME DIRECTION,DIVIDED - W/MEDIAN (NOT RAISED),,STRAIGHT AND LEVEL,DRY,NO DEFECTS,ON SCENE,INJURY AND / OR TOW DUE TO CRASH,,,,"OVER $1,500",07/25/2025 07:55:00 PM,IMPROPER LANE USAGE,IMPROPER TURNING/NO SIGNAL,7455,S,CICERO AVE,833,,,,,,,2,NO INDICATION OF INJURY,0,0,0,0,0,2,0,19,6,7,41.7573805171,-87.7414852913,POINT (-87.741485291316 41.757380517133)
86ec85f7da452a27fc1e8d63da2e9e1ad19e8bcaa66647ecfc1203c66ad852a70598c493dcdf0cee7079ca1b0522f35fb3286671c9bd2ab6061e485ecd359afd,,07/25/2025 07:50:00 PM,30,TRAFFIC SIGNAL,FUNCTIONING PROPERLY,CLEAR,DUSK,TURNING,NOT DIVIDED,,STRAIGHT AND LEVEL,WET,WORN SURFACE,ON SCENE,NO INJURY / DRIVE AWAY,,,,"OVER $1,500",07/25/2025 08:01:00 PM,FAILING TO YIELD RIGHT-OF-WAY,FAILING TO REDUCE SPEED TO AVOID CRASH,4700,S,WESTERN AVE,922,,,,,,,2,NO INDICATION OF INJURY,0,0,0,0,0,5,0,19,6,7,41.8083784079,-87.6845707169,POINT (-87.684570716896 41.808378407947)
3702b1fac2ffd1df9282635538aa4dcbf5b2b3454c3b62264ea105f5551c04a7c4ce783192206d461c1c8762aa7c04a4df2f74912f4f0dba765686fded699b23,,07/25/2025 07:30:00 PM,30,NO CONTROLS,NO CONTROLS,CLEAR,DAYLIGHT,TURNING,NOT DIVIDED,,STRAIGHT AND LEVEL,DRY,NO DEFECTS,ON SCENE,INJURY AND / OR TOW DUE TO CRASH,,,,"OVER $1,500",07/25/2025 07:37:00 PM,FAILING TO REDUCE SPEED TO AVOID CRASH,FAILING TO REDUCE SPEED TO AVOID CRASH,220,W,ILLINOIS ST,1831,,,,,,,2,"REPORTED, NOT EVIDENT",1,0,0,0,1,1,0,19,6,7,41.8908838178,-87.6349740862,POINT (-87.634974086222 41.890883817797)
8d7d58a0a404db1a46e1fdf917a37907847baded5863198b02adfc166a7eef1e7cea977aa709706e36457c2ed2f54384d96619f4ea3d1fd62f371e2cdc644c05,,07/25/2025 07:30:00 PM,35,NO CONTROLS,NO CONTROLS,CLEAR,DAYLIGHT,REAR END,NOT DIVIDED,,STRAIGHT AND LEVEL,DRY,NO DEFECTS,NOT ON SCENE (DESK REPORT),NO INJURY / DRIVE AWAY,,,,"$501 - $1,500",07/25/2025 08:10:00 PM,UNABLE TO DETERMINE,NOT APPLICABLE,2024,N,AUSTIN AVE,2512,,,,,,,2,NO INDICATION OF INJURY,0,0,0,0,0,2,0,19,6,7,41.9172011829,-87.7756388644,POINT (-87.775638864414 41.917201182891)
0793c5e1ce79d30fb4fce91f8e08d644e2b8e43ab47eef1405c3e984b1bcb7329c7fbac6a7f8ec50dd9297a6bf6d87a65f09880c1a425526436032cdab5dd462,,07/25/2025 07:28:00 PM,30,NO CONTROLS,UNKNOWN,CLOUDY/OVERCAST,DAYLIGHT,TURNING,DIVIDED - W/MEDIAN (NOT RAISED),,STRAIGHT AND LEVEL,UNKNOWN,UNKNOWN,ON SCENE,NO INJURY / DRIVE AWAY,,,,"OVER $1,500",07/25/2025 07:28:00 PM,IMPROPER TURNING/NO SIGNAL,UNABLE TO DETERMINE,5467,W,MADISON ST,1522,,,,,,,2,NO INDICATION OF INJURY,0,0,0,0,0,2,0,19,6,7,41.8801681736,-87.7625390921,POINT (-87.762539092099 41.880168173617)
0e43dddc7141bbf591338570e1a757745f34357ec4389d25bc2ea9e5670ca7d9039b8179370db81254aeecda9b3afe67d6731e821ca5ac801103825be0d9a57e,,07/25/2025 07:21:00 PM,30,TRAFFIC SIGNAL,FUNCTIONING PROPERLY,CLEAR,DAYLIGHT,SIDESWIPE SAME DIRECTION,FOUR WAY,,STRAIGHT AND LEVEL,DRY,NO DEFECTS,NOT ON SCENE (DESK REPORT),NO INJURY / DRIVE AWAY,Y,,,"$501 - $1,500",07/25/2025 07:38:00 PM,UNABLE TO DETERMINE,NOT APPLICABLE,5355,N,ASHLAND AVE,2012,,,,,,,2,NO INDICATION OF INJURY,0,0,0,0,0,4,0,19,6,7,41.9796538909,-87.6695631025,POINT (-87.669563102493 41.979653890906)
b96179ea97ead364519d3cd46abcd89b56354a9caaa7ded1aa0d4179defee639428dff0af6895f44d2890d71a61e34a63aa2a6be5133bfda280929579d9c1b8f,,07/25/2025 07:15:00 PM,30,UNKNOWN,UNKNOWN,CLEAR,DAYLIGHT,SIDESWIPE SAME DIRECTION,NOT DIVIDED,,STRAIGHT AND LEVEL,UNKNOWN,UNKNOWN,NOT ON SCENE (DESK REPORT),NO INJURY / DRIVE AWAY,,,,"OVER $1,500",07/25/2025 07:50:00 PM,UNABLE TO DETERMINE,UNABLE TO DETERMINE,803,N,DEARBORN ST,1832,,,,,,,2,NO INDICATION OF INJURY,0,0,0,0,0,2,0,19,6,7,41.8967834984,-87.6296297031,POINT (-87.629629703136 41.896783498445)
0646c2542e2a54942543e85dc474e99c1d8916701d37ac2ce2d69255afe58b6d2432ad06ccf4d063acfa76d8092ac1d17f91d852e024c0c5f1a3af8416c2d6e4,,07/25/2025 07:00:00 PM,30,TRAFFIC SIGNAL,FUNCTIONING PROPERLY,CLEAR,DAYLIGHT,SIDESWIPE SAME DIRECTION,FOUR WAY,,STRAIGHT AND LEVEL,DRY,UNKNOWN,NOT ON SCENE (DESK REPORT),NO INJURY / DRIVE AWAY,Y,,,"$501 - $1,500",07/25/2025 09:00:00 PM,UNABLE TO DETERMINE,UNABLE TO DETERMINE,700,N,DEARBORN ST,1832,,,,,,,2,NO INDICATION OF INJURY,0,0,0,0,0,2,0,19,6,7,41.8948904707,-87.6298719035,POINT (-87.629871903472 41.894890470685)
10706c80dda15e4e843d246d7680bd3257dee02493e25e3b0862134b828fe716e346a3bf6c945415599b29f085b624c85d6862bf3e9486d17bbd07793cb54b30,,07/25/2025 07:00:00 PM,30,NO CONTROLS,NO CONTROLS,CLEAR,DAWN,REAR END,NOT DIVIDED,,STRAIGHT AND LEVEL,UNKNOWN,NO DEFECTS,,NO INJURY / DRIVE AWAY,,,,"OVER $1,500",07/27/2025 02:00:00 PM,UNABLE TO DETERMINE,NOT APPLICABLE,2215,S,KOSTNER AVE,1013,,,,,,,2,NO INDICATION OF INJURY,0,0,0,0,0,4,0,19,6,7,41.8509153754,-87.7343390532,POINT (-87.734339053228 41.850915375371)
36e98808035dc60458ea2d7466b0bede2eb478d76dfca782e3c378efb0fcfb77b1a93eee35e77057606f14dd9fa56b7f0ca8e87b45161d919fb2018cf79165ac,,07/25/2025 07:00:00 PM,30,TRAFFIC SIGNAL,FUNCTIONING PROPERLY,CLEAR,DAYLIGHT,PEDALCYCLIST,DIVIDED - W/MEDIAN BARRIER,,STRAIGHT AND LEVEL,DRY,NO DEFECTS,ON SCENE,INJURY AND / OR TOW DUE TO CRASH,Y,,,"OVER $1,500",07/25/2025 07:00:00 PM,IMPROPER TURNING/NO SIGNAL,FAILING TO YIELD RIGHT-OF-WAY,240,N,LA SALLE ST,122,,,,,,,2,NONINCAPACITATING INJURY,1,0,0,1,0,3,0,19,6,7,41.8867844069,-87.6326270591,POINT (-87.632627059079 41.886784406868)
3cba68c9ad3b822626f9a55b17b1c14d7c07a2b025178b73759f4f5f8ca5f7ee6c0a7a865676988a5db41615497acd937a385963b5366c5c968ce702681a180a,,07/25/2025 07:00:00 PM,30,NO CONTROLS,NO CONTROLS,CLEAR,DAYLIGHT,REAR END,DIVIDED - W/MEDIAN (NOT RAISED),,STRAIGHT AND LEVEL,DRY,UNKNOWN,ON SCENE,INJURY AND / OR TOW DUE TO CRASH,,,,"OVER $1,500",07/25/2025 07:06:00 PM,IMPROPER OVERTAKING/PASSING,FOLLOWING TOO CLOSELY,1313,S,WESTERN AVE,1233,,,,,,,2,"REPORTED, NOT EVIDENT",3,0,0,0,3,2,0,19,6,7,41.8644107877,-87.6858300067,POINT (-87.685830006653 41.864410787684)
862e2f1011198f48cc18894f63fef921970c254864a5a0439e3a7e9d6ee74aa1b3a8b1632fa6dc05ed932d6faf8e9a0ff47144c0a286466acacbc38d009111d3,,07/25/2025 07:00:00 PM,30,TRAFFIC SIGNAL,FUNCTIONING PROPERLY,CLEAR,DAYLIGHT,REAR END,DIVIDED - W/MEDIAN (NOT RAISED),,STRAIGHT AND LEVEL,DRY,NO DEFECTS,NOT ON SCENE (DESK REPORT),NO INJURY / DRIVE AWAY,,,,"OVER $1,500",07/29/2025 06:07:00 AM,UNABLE TO DETERMINE,NOT APPLICABLE,1346,E,53RD ST,234,,,,,,,2,NO INDICATION OF INJURY,0,0,0,0,0,2,0,19,6,7,41.7996027435,-87.5931520053,POINT (-87.593152005282 41.799602743547)
dd09aaa5a05e367266928d806370d4ecba073693b6f513ee3cd82d53193c8f3bab9700e221b743fca6ecf36684b79b5ca9d83bc3f163cc6fcb3d177af704fcdb,,07/25/2025 06:59:00 PM,30,NO CONTROLS,NO CONTROLS,CLEAR,DAYLIGHT,PEDALCYCLIST,ONE-WAY,,STRAIGHT AND LEVEL,DRY,NO DEFECTS,ON SCENE,INJURY AND / OR TOW DUE TO CRASH,,,,"OVER $1,500",07/25/2025 06:59:00 PM,IMPROPER TURNING/NO SIGNAL,UNABLE TO DETERMINE,4451,W,WRIGHTWOOD AVE,2524,,,,,,,2,NONINCAPACITATING INJURY,2,0,0,1,1,0,0,18,6,7,41.9281860716,-87.7387096179,POINT (-87.7387096179 41.928186071639)
3be1b0235507805634153b2b780832f00af5fadf61c0cb115c4e5327ccd473cab22e7d06fb7710efc2db22bb986c075998cacb275b5b82632a3e80f2196b4216,,07/25/2025 06:50:00 PM,30,TRAFFIC SIGNAL,FUNCTIONING PROPERLY,CLEAR,DAYLIGHT,REAR END,NOT DIVIDED,,STRAIGHT AND LEVEL,DRY,NO DEFECTS,NOT ON SCENE (DESK REPORT),NO INJURY / DRIVE AWAY,,,Y,"OVER $1,500",07/26/2025 01:54:00 PM,FOLLOWING TOO CLOSELY,IMPROPER OVERTAKING/PASSING,500,W,ROOSEVELT RD,124,,,,,,,2,NO INDICATION OF INJURY,0,0,0,0,0,3,0,18,6,7,41.8673626926,-87.6392931946,POINT (-87.639293194642 41.867362692617)
1076fe612756f2fc3cb65c0a6476e0d0fc662bfb931ddac94eff70775989f2332359c5c0375b3cccd403443a0f94c1b730201a1972abe423bbe5e9b9db92c9d9,,07/25/2025 06:40:00 PM,35,UNKNOWN,NO CONTROLS,CLEAR,DAYLIGHT,ANGLE,NOT DIVIDED,,STRAIGHT AND LEVEL,DRY,NO DEFECTS,NOT ON SCENE (DESK REPORT),NO INJURY / DRIVE AWAY,,,,"$501 - $1,500",07/25/2025 07:30:00 PM,UNABLE TO DETERMINE,NOT APPLICABLE,3559,W,ADDISON ST,1732,,,,,,,2,NO INDICATION OF INJURY,0,0,0,0,0,3,0,18,6,7,41.9463953594,-87.7174950413,POINT (-87.717495041333 41.946395359374)
f62f897ebf54771412d04a126a96085be562e1e9f8ddb08c940a8b1d87d70578c7196c8d4630150dd861459234d20d0a9324b5aeff1a4926d9c61e2c92db2d4e,,07/25/2025 06:40:00 PM,30,NO CONTROLS,NO CONTROLS,CLEAR,DAYLIGHT,OTHER OBJECT,NOT DIVIDED,,STRAIGHT AND LEVEL,DRY,NO DEFECTS,ON SCENE,NO INJURY / DRIVE AWAY,,Y,,"OVER $1,500",07/25/2025 06:45:00 PM,DRIVING SKILLS/KNOWLEDGE/EXPERIENCE,UNABLE TO DETERMINE,730,N,PULASKI RD,1111,,,,,,,1,NO INDICATION OF INJURY,0,0,0,0,0,3,0,18,6,7,41.8944482783,-87.7262030479,POINT (-87.726203047904 41.894448278337)
e339dc4064744bd6c6c373d4b905ff69dfd55e93657dcb141011d4335fcc84c9f59164b907abc0abf340e613973eb9c985d06bfab63fbe83ae6476eb5259abb3,,07/25/2025 06:33:00 PM,30,NO CONTROLS,NO CONTROLS,CLEAR,DAWN,SIDESWIPE SAME DIRECTION,DIVIDED - W/MEDIAN BARRIER,,STRAIGHT AND LEVEL,DRY,NO DEFECTS,,NO INJURY / DRIVE AWAY,,,Y,$500 OR LESS,07/25/2025 07:50:00 PM,FAILING TO YIELD RIGHT-OF-WAY,NOT APPLICABLE,1800,S,LAKE SHORE DR SB,132,,,,,,,2,NO INDICATION OF INJURY,0,0,0,0,0,2,0,18,6,7,41.8578490871,-87.6168408794,POINT (-87.616840879395 41.857849087118)
01d373b134ae4d008cf89f7bceac8ad5b4ec6ffce56256a6b04e3a77534735a5de81da260e7ae6bc4b151352042b70f90e148648ba2021cb50c8d334f6c9b408,,07/25/2025 06:30:00 PM,30,TRAFFIC SIGNAL,FUNCTIONING PROPERLY,CLEAR,DAYLIGHT,REAR END,NOT DIVIDED,,STRAIGHT AND LEVEL,DRY,NO DEFECTS,NOT ON SCENE (DESK REPORT),NO INJURY / DRIVE AWAY,,,Y,"$501 - $1,500",07/26/2025 10:24:00 AM,UNABLE TO DETERMINE,NOT APPLICABLE,4747,S,PULASKI RD,821,,,,,,,2,NO INDICATION OF INJURY,0,0,0,0,0,3,0,18,6,7,41.806477076,-87.7233966603,POINT (-87.723396660337 41.806477075977)
3099d614f8185b25992bfc4e1459769078f662b56f78b8260374de7cbc16e3eb2f877091b7d1bb9121ef7bb329b93e41717b0fe2d9a0f733bf5686855f228c71,,07/25/2025 06:30:00 PM,30,STOP SIGN/FLASHER,FUNCTIONING PROPERLY,CLOUDY/OVERCAST,DAYLIGHT,TURNING,DIVIDED - W/MEDIAN (NOT RAISED),,STRAIGHT AND LEVEL,DRY,NO DEFECTS,NOT ON SCENE (DESK REPORT),NO INJURY / DRIVE AWAY,,,Y,"OVER $1,500",07/25/2025 07:40:00 PM,FAILING TO YIELD RIGHT-OF-WAY,FAILING TO YIELD RIGHT-OF-WAY,6432,W,ADDISON ST,1632,,,,,,,2,NO INDICATION OF INJURY,0,0,0,0,0,2,0,18,6,7,41.9457499778,-87.787717134,POINT (-87.787717134032 41.945749977837)