CRASH_RECORD_ID,CRASH_DATE_EST_I,CRASH_DATE,POSTED_SPEED_LIMIT,TRAFFIC_CONTROL_DEVICE,DEVICE_CONDITION,WEATHER_CONDITION,LIGHTING_CONDITION,FIRST_CRASH_TYPE,TRAFFICWAY_TYPE,LANE_CNT,ALIGNMENT,ROADWAY_SURFACE_COND,ROAD_DEFECT,REPORT_TYPE,CRASH_TYPE,INTERSECTION_RELATED_I,NOT_RIGHT_OF_WAY_I,HIT_AND_RUN_I,DAMAGE,DATE_POLICE_NOTIFIED,PRIM_CONTRIBUTORY_CAUSE,SEC_CONTRIBUTORY_CAUSE,STREET_NO,STREET_DIRECTION,STREET_NAME,BEAT_OF_OCCURRENCE,PHOTOS_TAKEN_I,STATEMENTS_TAKEN_I,DOORING_I,WORK_ZONE_I,WORK_ZONE_TYPE,WORKERS_PRESENT_I,NUM_UNITS,MOST_SEVERE_INJURY,INJURIES_TOTAL,INJURIES_FATAL,INJURIES_INCAPACITATING,INJURIES_NON_INCAPACITATING,INJURIES_REPORTED_NOT_EVIDENT,INJURIES_NO_INDICATION,INJURIES_UNKNOWN,CRASH_HOUR,CRASH_DAY_OF_WEEK,CRASH_MONTH,LATITUDE,LONGITUDE,LOCATION
5b7970d54676c2a8f74ab9d4f65aadd68c0fb1736f5e863eaa24823e6ebadacec948e9d2ddaffd71e48a22142b84ff55ecd5331acd53653d96d636bf91e24758,,07/25/2025 06:30:00 PM,30,UNKNOWN,UNKNOWN,UNKNOWN,UNKNOWN,SIDESWIPE SAME DIRECTION,NOT DIVIDED,,STRAIGHT AND LEVEL,UNKNOWN,UNKNOWN,NOT ON SCENE (DESK REPORT),NO INJURY / DRIVE AWAY,,,,"$501 - $1,500",07/26/2025 09:00:00 AM,UNABLE TO DETERMINE,NOT APPLICABLE,3133,N,HALSTED ST,1934,,,,,,,2,NO INDICATION OF INJURY,0,0,0,0,0,6,0,18,6,7,41.9388697895,-87.6490864972,POINT (-87.649086497223 41.938869789494)
a383daccb44be99303f7b0a494988ea3166eff6a4c57fbcc8d653f24d5d57977a337e3a7131cb5f5cc87d3f2fd93ed024b3a2395fb42eb171a0bb348650e2f9b,,07/25/2025 06:30:00 PM,30,TRAFFIC SIGNAL,FUNCTIONING PROPERLY,CLEAR,DAYLIGHT,TURNING,NOT DIVIDED,,STRAIGHT AND LEVEL,DRY,NO DEFECTS,ON SCENE,NO INJURY / DRIVE AWAY,Y,,Y,"OVER $1,500",07/25/2025 06:59:00 PM,UNABLE TO DETERMINE,UNABLE TO DETERMINE,4498,S,ARCHER AVE,821,,,,,,,2,NO INDICATION OF INJURY,0,0,0,0,0,2,0,18,6,7,41.8114473673,-87.7087801765,POINT (-87.708780176536 41.811447367269)
d1c9e1ebb9c3560d1e9a92562bf685d4ef04323afd4d374ed823a3b575db74cf38c2a15c8b180924c954a7c7ddf5d684b6a396be6005b72eea09a5911d866f33,,07/25/2025 06:28:00 PM,25,UNKNOWN,UNKNOWN,UNKNOWN,UNKNOWN,SIDESWIPE SAME DIRECTION,NOT DIVIDED,,STRAIGHT AND LEVEL,UNKNOWN,UNKNOWN,NOT ON SCENE (DESK REPORT),NO INJURY / DRIVE AWAY,,,,"OVER $1,500",07/25/2025 08:10:00 PM,NOT APPLICABLE,NOT APPLICABLE,870,W,DIVISION ST,1822,,,,,,,2,NO INDICATION OF INJURY,0,0,0,0,0,2,0,18,6,7,41.9037160018,-87.6507553235,POINT (-87.650755323502 41.903716001812)
650a878321720437b4db5b9bd6b28a3f7c7d8a8da38842e65f3c25c26b211167d3a28219d8f80aa4c48fc69ddc69c29f3bae511edc40264c00c549c93408292a,,07/25/2025 06:22:00 PM,30,NO CONTROLS,NO CONTROLS,CLEAR,DAYLIGHT,REAR END,NOT DIVIDED,,STRAIGHT AND LEVEL,DRY,NO DEFECTS,ON SCENE,INJURY AND / OR TOW DUE TO CRASH,,,N,$500 OR LESS,07/25/2025 06:22:00 PM,FOLLOWING TOO CLOSELY,FAILING TO REDUCE SPEED TO AVOID CRASH,1612,W,DIVISION ST,1424,,,,,,,2,NONINCAPACITATING INJURY,1,0,0,1,0,1,0,18,6,7,41.9034493953,-87.6680316538,POINT (-87.668031653804 41.903449395272)
3428b60f80d0a999b914cfead15f47276a5e31308fddbc3e952f0cbde4d50e013a40f16ce465504174ca81ef49399e34374dcd5241eeb501eedecf12d462a025,Y,07/25/2025 06:20:00 PM,15,NO CONTROLS,NO CONTROLS,CLEAR,"DARKNESS, LIGHTED ROAD",PARKED MOTOR VEHICLE,PARKING LOT,,STRAIGHT AND LEVEL,DRY,UNKNOWN,NOT ON SCENE (DESK REPORT),NO INJURY / DRIVE AWAY,,Y,Y,"OVER $1,500",07/25/2025 10:25:00 PM,DRIVING SKILLS/KNOWLEDGE/EXPERIENCE,UNABLE TO DETERMINE,3444,S,NORMAL AVE,915,,,,,,,2,NO INDICATION OF INJURY,0,0,0,0,0,1,0,18,6,7,41.831301727,-87.6389576447,POINT (-87.638957644651 41.831301727017)
117176e146389ec643a48fef63fbd76cf0e299c3ab332985e54e8378c24026fe7d2577849d98e1aff257c8a96efa846e8dd264bc57bcba492c5a10e0a622c083,,07/25/2025 06:15:00 PM,25,NO CONTROLS,NO CONTROLS,CLEAR,DAYLIGHT,PARKED MOTOR VEHICLE,NOT DIVIDED,,STRAIGHT AND LEVEL,DRY,UNKNOWN,NOT ON SCENE (DESK REPORT),NO INJURY / DRIVE AWAY,,,,"OVER $1,500",07/25/2025 06:43:00 PM,UNABLE TO DETERMINE,NOT APPLICABLE,9453,S,LEAVITT ST,2221,,,,,,,2,NO INDICATION OF INJURY,0,0,0,0,0,2,0,18,6,7,41.7212217122,-87.6770791225,POINT (-87.677079122488 41.721221712178)
47953378a0ccc5398a98b8cbe51f7ef9889638387ad4e986830a07435e00432d85aeeaa16391a1425305df8f1b397044365b7451b107a0e181fa72a53550479c,Y,07/25/2025 06:15:00 PM,10,NO CONTROLS,NO CONTROLS,CLEAR,DAYLIGHT,PARKED MOTOR VEHICLE,PARKING LOT,,STRAIGHT AND LEVEL,DRY,UNKNOWN,ON SCENE,NO INJURY / DRIVE AWAY,,,Y,"OVER $1,500",07/25/2025 06:57:00 PM,UNABLE TO DETERMINE,UNABLE TO DETERMINE,3029,N,PULASKI RD,2523,,,,,,,2,NO INDICATION OF INJURY,0,0,0,0,0,1,0,18,6,7,41.9362526836,-87.7269555202,POINT (-87.726955520242 41.936252683604)
8599db7eeadee183e64d460f55213a1977ffd28eab4fa2311d97a4e6cf7ebb759c059b566c23e8c151626e982a1bb564c4a15047ced248f51d4e07088c7fa6d2,,07/25/2025 06:15:00 PM,30,NO CONTROLS,NO CONTROLS,CLEAR,DAYLIGHT,SIDESWIPE SAME DIRECTION,NOT DIVIDED,,STRAIGHT AND LEVEL,UNKNOWN,UNKNOWN,NOT ON SCENE (DESK REPORT),NO INJURY / DRIVE AWAY,,,,"OVER $1,500",07/25/2025 07:50:00 PM,UNABLE TO DETERMINE,NOT APPLICABLE,1141,N,PULASKI RD,1112,,,,,,,2,NO INDICATION OF INJURY,0,0,0,0,0,3,0,18,6,7,41.9020351144,-87.7261369014,POINT (-87.726136901362 41.902035114393)
39e408f6da73afe9b984d14ddabc369cf03e972ec2a215c860064282bf50e42de7a58d6579be0d27b150635355e20c0e939a5145d6e6a72bcf16f46ff8b0efe7,,07/25/2025 06:12:00 PM,30,TRAFFIC SIGNAL,FUNCTIONING PROPERLY,CLEAR,DAYLIGHT,TURNING,NOT DIVIDED,,STRAIGHT AND LEVEL,DRY,UNKNOWN,ON SCENE,INJURY AND / OR TOW DUE TO CRASH,,,,"OVER $1,500",07/25/2025 06:14:00 PM,FAILING TO REDUCE SPEED TO AVOID CRASH,UNABLE TO DETERMINE,6900,S,PULASKI RD,833,,,,,,,2,"REPORTED, NOT EVIDENT",1,0,0,0,1,2,0,18,6,7,41.7676877323,-87.7226308451,POINT (-87.72263084508 41.767687732304)
a46b53d59640694cd53a191371922310440849412837d9f82dd4929652b9d5b5ba8b819f15c7b2f91ef071928adb6ccdadd507928fbc74b3199aca3aaaea7098,,07/25/2025 06:12:00 PM,30,NO CONTROLS,NO CONTROLS,CLEAR,DAWN,PARKED MOTOR VEHICLE,DIVIDED - W/MEDIAN BARRIER,,STRAIGHT AND LEVEL,DRY,NO DEFECTS,,NO INJURY / DRIVE AWAY,,,,"$501 - $1,500",07/25/2025 06:13:00 PM,PHYSICAL CONDITION OF DRIVER,PHYSICAL CONDITION OF DRIVER,5609,N,ASHLAND AVE,2012,,,,,,,3,NO INDICATION OF INJURY,0,0,0,0,0,1,0,18,6,7,41.9837771504,-87.6696780481,POINT (-87.669678048119 41.983777150381)
4913fae0015a79505cb425ba1ce9f2cc2960dd5f39b941e8c8cfa3d876076e5286b8ffcb3f1ff7d664caa53c9efc8e64edb7e8ff540fd5f8801b00f024629722,,07/25/2025 06:10:00 PM,30,TRAFFIC SIGNAL,FUNCTIONING PROPERLY,CLOUDY/OVERCAST,DAYLIGHT,REAR END,DIVIDED - W/MEDIAN (NOT RAISED),,STRAIGHT AND LEVEL,DRY,NO DEFECTS,NOT ON SCENE (DESK REPORT),NO INJURY / DRIVE AWAY,Y,,,"OVER $1,500",07/26/2025 10:55:00 AM,UNABLE TO DETERMINE,NOT APPLICABLE,1801,S,HALSTED ST,1235,,,,,,,2,NO INDICATION OF INJURY,0,0,0,0,0,2,0,18,6,7,41.8575027649,-87.6464860795,POINT (-87.646486079541 41.857502764937)
d24409a37fe6f18871d336fa43941eae1f06f627402e248f7ce0c3feb7702efe3f543141e6cb3e5bdd346bae8f6c314ab2341399c2b771e67ecd7d824c204868,,07/25/2025 06:09:00 PM,30,TRAFFIC SIGNAL,FUNCTIONING PROPERLY,CLEAR,DAYLIGHT,TURNING,FOUR WAY,,STRAIGHT AND LEVEL,WET,NO DEFECTS,ON SCENE,INJURY AND / OR TOW DUE TO CRASH,Y,,,"OVER $1,500",07/25/2025 06:09:00 PM,UNABLE TO DETERMINE,UNABLE TO DETERMINE,7100,S,NORMAL BLVD,732,,,,,,,2,NONINCAPACITATING INJURY,2,0,0,1,1,1,0,18,6,7,41.7652154201,-87.6372553783,POINT (-87.637255378312 41.765215420146)
efe46294ab4eefa1513129fd1f7ceeacd839dafb217fa725c2ed536aff2991c1708006ecd0d30f699d4c5499f46971b47326a4cf523dc3f3d299a6de12470afc,,07/25/2025 06:09:00 PM,40,NO CONTROLS,NO CONTROLS,CLOUDY/OVERCAST,DAYLIGHT,REAR END,DIVIDED - W/MEDIAN BARRIER,,STRAIGHT AND LEVEL,DRY,NO DEFECTS,ON SCENE,INJURY AND / OR TOW DUE TO CRASH,,,,"OVER $1,500",07/25/2025 06:16:00 PM,FOLLOWING TOO CLOSELY,NOT APPLICABLE,2000,N,LAKE SHORE DR SB,1814,,,,,,,3,NO INDICATION OF INJURY,0,0,0,0,0,5,0,18,6,7,41.9184162335,-87.6292248208,POINT (-87.62922482077 41.918416233534)
8a96783f82709413ba83f1136be59f47a2680504de4ae9ec6614f0495b42e12878ade66d448bf02adb1330eac871345120833ba22203d8a2b75d46042880721e,,07/25/2025 06:07:00 PM,35,TRAFFIC SIGNAL,FUNCTIONING PROPERLY,CLEAR,DAYLIGHT,REAR END,DIVIDED - W/MEDIAN (NOT RAISED),,STRAIGHT AND LEVEL,DRY,NO DEFECTS,NOT ON SCENE (DESK REPORT),NO INJURY / DRIVE AWAY,,,Y,"OVER $1,500",07/25/2025 08:20:00 PM,FOLLOWING TOO CLOSELY,NOT APPLICABLE,4001,W,IRVING PARK RD,1732,,,,,,,2,NO INDICATION OF INJURY,0,0,0,0,0,2,0,18,6,7,41.9535373569,-87.7276951888,POINT (-87.727695188773 41.953537356864)
6798eeecbdf6554411934fa78d19e9ad5bddbad17d7645bc1ecc1427966f892f12beb55fef6884f9cb7e8782441bee608c9fdaa5159af346f4d6bc28e6514fd4,,07/25/2025 06:05:00 PM,30,TRAFFIC SIGNAL,FUNCTIONING PROPERLY,UNKNOWN,DAYLIGHT,TURNING,FOUR WAY,,STRAIGHT AND LEVEL,UNKNOWN,UNKNOWN,NOT ON SCENE (DESK REPORT),NO INJURY / DRIVE AWAY,,,,"OVER $1,500",07/25/2025 07:25:00 PM,FAILING TO YIELD RIGHT-OF-WAY,UNABLE TO DETERMINE,4801,W,GRAND AVE,2533,,,,,,,2,NO INDICATION OF INJURY,0,0,0,0,0,2,0,18,6,7,41.9138636614,-87.7461587006,POINT (-87.746158700637 41.913863661407)
7782acfa078a5f97767932d6d1c52bd7396238bb3f65a3450af7e4f78b3e6fda1a5d9fffb3d050fcf73b40b484904c1b4f911cb6df7c1a95a39fa24ad2280d19,,07/25/2025 06:05:00 PM,30,NO CONTROLS,NO CONTROLS,CLEAR,DAYLIGHT,ANGLE,ONE-WAY,,STRAIGHT AND LEVEL,DRY,NO DEFECTS,ON SCENE,NO INJURY / DRIVE AWAY,,,,"$501 - $1,500",07/25/2025 06:09:00 PM,UNABLE TO DETERMINE,UNABLE TO DETERMINE,2817,N,NAGLE AVE,2511,,,,,,,2,NO INDICATION OF INJURY,0,0,0,0,0,2,0,18,6,7,41.9315234736,-87.7867823604,POINT (-87.786782360369 41.931523473556)
eecec3946b4ee59ec939dc78fc0708383280a80d1f176ccf7885ba74a9042ed627849d22f40874bba8db0b9688ebc0fac6619cd5005546104658d420393e87c0,,07/25/2025 06:05:00 PM,30,UNKNOWN,UNKNOWN,RAIN,DAYLIGHT,REAR END,NOT DIVIDED,,STRAIGHT AND LEVEL,WET,UNKNOWN,NOT ON SCENE (DESK REPORT),NO INJURY / DRIVE AWAY,,,Y,"$501 - $1,500",07/25/2025 10:00:00 PM,NOT APPLICABLE,UNABLE TO DETERMINE,2335,W,NORTH AVE,1424,,,,,,,2,NO INDICATION OF INJURY,0,0,0,0,0,3,0,18,6,7,41.9102269528,-87.6861411458,POINT (-87.686141145842 41.91022695285)
2e435176b1878260b2a4f28b892faab4bab4564648035ee652d98c2ded99f28855a8d7072511cd4b03e5beb3241ca7bf11ee8c34064896220a080470acbb3cc0,,07/25/2025 06:03:00 PM,25,TRAFFIC SIGNAL,FUNCTIONING PROPERLY,CLOUDY/OVERCAST,DAYLIGHT,PEDALCYCLIST,NOT DIVIDED,,STRAIGHT AND LEVEL,DRY,UNKNOWN,ON SCENE,INJURY AND / OR TOW DUE TO CRASH,,,,$500 OR LESS,07/25/2025 06:34:00 PM,UNABLE TO DETERMINE,UNABLE TO DETERMINE,1200,N,HOMAN AVE,1422,,,,,,,2,NONINCAPACITATING INJURY,1,0,0,1,0,1,0,18,6,7,41.9028316171,-87.71182296,POINT (-87.711822960048 41.902831617068)
02dbda922df143d65c04114dd5dbd651289a5d73472971f3a6c4bfd44c267d2b01577c953950ef1066044938c13a34c489d1749d6bf5698851f929bc3fc5fe89,,07/25/2025 06:00:00 PM,30,NO CONTROLS,NO CONTROLS,UNKNOWN,UNKNOWN,TURNING,DIVIDED - W/MEDIAN (NOT RAISED),,STRAIGHT AND LEVEL,UNKNOWN,UNKNOWN,NOT ON SCENE (DESK REPORT),NO INJURY / DRIVE AWAY,,,Y,"$501 - $1,500",07/26/2025 01:21:00 PM,IMPROPER OVERTAKING/PASSING,IMPROPER OVERTAKING/PASSING,1225,N,PULASKI RD,2535,,,,,,,2,NO INDICATION OF INJURY,0,0,0,0,0,2,0,18,6,7,41.9034735908,-87.7261766899,POINT (-87.726176689891 41.903473590791)
0855d97e32c7e390c902646dc819e5eb07f36cf96daff070b0fa71b17181bb250b7924f3c676344bad127ed8c58a4f05177c225e5024a0c15f496323ef6bea04,,07/25/2025 06:00:00 PM,30,NO CONTROLS,NO CONTROLS,CLEAR,DAYLIGHT,PARKED MOTOR VEHICLE,NOT DIVIDED,,STRAIGHT AND LEVEL,DRY,NO DEFECTS,NOT ON SCENE (DESK REPORT),NO INJURY / DRIVE AWAY,,,Y,"$501 - $1,500",07/26/2025 12:25:00 PM,NOT APPLICABLE,NOT APPLICABLE,2610,W,DEVON AVE,2412,,,,,,,2,NO INDICATION OF INJURY,0,0,0,0,0,1,0,18,6,7,41.9977473006,-87.6952511581,POINT (-87.695251158076 41.997747300648)
5760540cdbf6b9032e671b4325519fc9a47be2a733ab13d9d8a14cdee230105bb20e2113efc45583928c741fe78e15a96961bea1c88a94950b40244ab89dbc93,,07/25/2025 06:00:00 PM,35,NO CONTROLS,NO CONTROLS,RAIN,DUSK,REAR END,DIVIDED - W/MEDIAN (NOT RAISED),,STRAIGHT AND LEVEL,WET,NO DEFECTS,NOT ON SCENE (DESK REPORT),NO INJURY / DRIVE AWAY,,,,"OVER $1,500",07/26/2025 12:21:00 AM,UNABLE TO DETERMINE,UNABLE TO DETERMINE,6501,S,CICERO AVE,833,,,,,,,2,NO INDICATION OF INJURY,0,0,0,0,0,2,0,18,6,7,41.7746945416,-87.7420133008,POINT (-87.742013300808 41.774694541589)
9f1bd35934e92e8a5be9d5fbf9ccb9a48bffbd75e54bf59f3c05ea804e2cf4bb03781f42a8d5134084fb504dc4b1441a26461139eb2927a88e5b688e4435b5ad,Y,07/25/2025 06:00:00 PM,30,UNKNOWN,UNKNOWN,UNKNOWN,UNKNOWN,PARKED MOTOR VEHICLE,ONE-WAY,,STRAIGHT AND LEVEL,UNKNOWN,UNKNOWN,NOT ON SCENE (DESK REPORT),NO INJURY / DRIVE AWAY,,,Y,"$501 - $1,500",07/27/2025 07:15:00 PM,UNABLE TO DETERMINE,NOT APPLICABLE,555,W,BRIAR PL,1934,,,,,,,2,NO INDICATION OF INJURY,0,0,0,0,0,1,0,18,6,7,41.938583039,-87.64413471,POINT (-87.644134710048 41.938583038994)
afb13d3cb874f28a315ef9f0f23cf2b1fbde51349c1865e10ebdb088ef3ea91cd2463f1e1412d9ad85ef55047e2a87d85749dc298abc33852c6122024093a116,,07/25/2025 06:00:00 PM,45,NO CONTROLS,NO CONTROLS,CLOUDY/OVERCAST,DAYLIGHT,REAR END,RAMP,,STRAIGHT AND LEVEL,WET,NO DEFECTS,ON SCENE,INJURY AND / OR TOW DUE TO CRASH,,,,"OVER $1,500",07/25/2025 06:02:00 PM,FAILING TO REDUCE SPEED TO AVOID CRASH,NOT APPLICABLE,2208,S,LAKE SHORE DR SB,132,,,,,,,2,NO INDICATION OF INJURY,0,0,0,0,0,2,0,18,6,7,41.852619852,-87.6145951808,POINT (-87.614595180797 41.852619851971)
d11c9dbe76468750b6b7f5ba0ee27f6468f979f39ddfdef4f820bd9b268c1324179afd562dbd615622d2f4346cf65eed253073267605f84b16cdf4fc2060821c,,07/25/2025 06:00:00 PM,30,STOP SIGN/FLASHER,FUNCTIONING PROPERLY,CLEAR,DAYLIGHT,TURNING,NOT DIVIDED,,STRAIGHT AND LEVEL,DRY,NO DEFECTS,NOT ON SCENE (DESK REPORT),NO INJURY / DRIVE AWAY,Y,,,"OVER $1,500",07/25/2025 07:26:00 PM,FAILING TO YIELD RIGHT-OF-WAY,UNABLE TO DETERMINE,1701,N,CENTRAL AVE,2532,,,,,,,2,NO INDICATION OF INJURY,0,0,0,0,0,2,0,18,6,7,41.9112802146,-87.765428019,POINT (-87.76542801903 41.911280214617)
ff33f582e51c6aab75f427ba9f6fe30686838c59f6136b674ac897c1f0d3ee73cf553946f02979518f17b1b8816a998428c77dc6cd7cb04c24bc93852c04a1e3,,07/25/2025 06:00:00 PM,30,NO CONTROLS,NO CONTROLS,CLEAR,DAYLIGHT,REAR END,NOT DIVIDED,,STRAIGHT AND LEVEL,UNKNOWN,UNKNOWN,NOT ON SCENE (DESK REPORT),NO INJURY / DRIVE AWAY,,,,"OVER $1,500",07/25/2025 07:30:00 PM,FOLLOWING TOO CLOSELY,UNABLE TO DETERMINE,2845,E,126TH ST,433,,,,,,,2,NO INDICATION OF INJURY,0,0,0,0,0,3,0,18,6,7,41.6663738698,-87.5540361392,POINT (-87.554036139158 41.666373869818)
50390edd4e4b69c05591459bf5daa9dcda64b2062517a391fcac4dc2db7cfe911053e138489024162e84a03f3cb562f10148221f7ff974ff754d427bea88bada,,07/25/2025 05:50:00 PM,30,NO CONTROLS,NO CONTROLS,CLEAR,DAYLIGHT,REAR END,DIVIDED - W/MEDIAN (NOT RAISED),,STRAIGHT AND LEVEL,WET,NO DEFECTS,NOT ON SCENE (DESK REPORT),NO INJURY / DRIVE AWAY,,,Y,"$501 - $1,500",07/25/2025 06:00:00 PM,FOLLOWING TOO CLOSELY,FOLLOWING TOO CLOSELY,7808,S,HALSTED ST,621,,,,,,,2,NO INDICATION OF INJURY,0,0,0,0,0,2,0,17,6,7,41.7521368378,-87.6442289066,POINT (-87.644228906559 41.752136837768)
a6dac9c242655b483351ad113f8bfd9ac262e7fd09316143d04f6ff790d5a979c99ad1800a50ee1cc290256511e7ecf1178da9d0e45689a9b11078aec8897fe7,,07/25/2025 05:47:00 PM,30,STOP SIGN/FLASHER,NO CONTROLS,CLEAR,DAYLIGHT,REAR END,DIVIDED - W/MEDIAN (NOT RAISED),,STRAIGHT AND LEVEL,UNKNOWN,UNKNOWN,ON SCENE,NO INJURY / DRIVE AWAY,,,,"$501 - $1,500",07/25/2025 06:23:00 PM,FOLLOWING TOO CLOSELY,NOT APPLICABLE,928,W,79TH ST,621,,,,,,,2,NO INDICATION OF INJURY,0,0,0,0,0,2,0,17,6,7,41.7506978367,-87.6476248808,POINT (-87.647624880817 41.750697836747)
6b9867757239808b6d86f0b7031bbedb55fdd6b32c13bdd45ea2e627749b9abe2b654128dac9afc4383dcb4cedd3af1c185ba54206fb9bdf3feca4dba9e31ad6,,07/25/2025 05:45:00 PM,35,NO CONTROLS,NO CONTROLS,CLEAR,DAYLIGHT,REAR END,DIVIDED - W/MEDIAN (NOT RAISED),,STRAIGHT AND LEVEL,DRY,NO DEFECTS,NOT ON SCENE (DESK REPORT),NO INJURY / DRIVE AWAY,,,,"OVER $1,500",07/25/2025 06:10:00 PM,FOLLOWING TOO CLOSELY,NOT APPLICABLE,6300,N,LINCOLN AVE,1711,,,,,,,2,NO INDICATION OF INJURY,0,0,0,0,0,2,0,17,6,7,41.9957758898,-87.7163664999,POINT (-87.716366499907 41.995775889775)
00c2f75f437d0eb4687d900940297d063696b62058eb47f2d953d5918599d2fe345e0c615d9872336b6111b34e826a28f135ca79b42853070df9a39f96c5362e,Y,07/25/2025 05:44:00 PM,30,UNKNOWN,UNKNOWN,UNKNOWN,UNKNOWN,ANGLE,DIVIDED - W/MEDIAN BARRIER,,STRAIGHT AND LEVEL,UNKNOWN,UNKNOWN,NOT ON SCENE (DESK REPORT),NO INJURY / DRIVE AWAY,,,,"OVER $1,500",07/25/2025 06:05:00 PM,UNABLE TO DETERMINE,NOT APPLICABLE,6701,S,CORNELL AVE,332,,,,,,,2,NO INDICATION OF INJURY,0,0,0,0,0,2,0,17,6,7,41.7732562043,-87.5849313999,POINT (-87.584931399875 41.773256204251)
0aa0601aa878a50dfd6b1c144955428af5028c4ca1b2b24e988439d5d913f15013268be5145996b216658765ec916feafdf9b5c776ca6068cea7ebdc581cde86,,07/25/2025 05:40:00 PM,30,UNKNOWN,UNKNOWN,CLEAR,DAYLIGHT,REAR END,NOT DIVIDED,,STRAIGHT AND LEVEL,UNKNOWN,UNKNOWN,NOT ON SCENE (DESK REPORT),NO INJURY / DRIVE AWAY,,,,"OVER $1,500",07/25/2025 06:40:00 PM,UNABLE TO DETERMINE,UNABLE TO DETERMINE,212,N,OGDEN AVE,1215,,,,,,,3,NO INDICATION OF INJURY,0,0,0,0,0,3,0,17,6,7,41.8857230973,-87.6626703419,POINT (-87.662670341934 41.885723097323)
39bf31d1e133859958fa2f1e3c8d459d93fb43f8e4cbf824c65b944ad9db7e50562c1dec4421d52950f7a7813a7b3f32ec588a5ce29950518d76a02453fec8ed,,07/25/2025 05:40:00 PM,30,NO CONTROLS,NO CONTROLS,CLEAR,DAYLIGHT,PARKED MOTOR VEHICLE,NOT DIVIDED,,STRAIGHT AND LEVEL,DRY,NO DEFECTS,ON SCENE,INJURY AND / OR TOW DUE TO CRASH,,,,"OVER $1,500",07/25/2025 05:40:00 PM,UNABLE TO DETERMINE,UNABLE TO DETERMINE,250,N,KEDZIE AVE,1123,,,,,,,2,"REPORTED, NOT EVIDENT",4,0,0,0,4,2,0,17,6,7,41.8858399838,-87.7064101203,POINT (-87.706410120338 41.88583998379)
3bdbe560641f6880d32dbd026950c49c05634b452b27f0c93ce4934b3ae7e8cfd8eae8748dd18d23745697da5bc4dc2a8253e584bf8b7395e7775dd7e031bc6f,,07/25/2025 05:35:00 PM,25,TRAFFIC SIGNAL,FUNCTIONING PROPERLY,CLOUDY/OVERCAST,DAYLIGHT,SIDESWIPE OPPOSITE DIRECTION,NOT DIVIDED,,STRAIGHT AND LEVEL,DRY,NO DEFECTS,NOT ON SCENE (DESK REPORT),INJURY AND / OR TOW DUE TO CRASH,Y,,Y,"OVER $1,500",07/25/2025 06:30:00 PM,DRIVING ON WRONG SIDE/WRONG WAY,"OPERATING VEHICLE IN ERRATIC, RECKLESS, CARELESS, NEGLIGENT OR AGGRESSIVE MANNER",2417,W,99TH ST,2211,,,,,,,2,NONINCAPACITATING INJURY,1,0,0,1,0,1,0,17,6,7,41.7135570205,-87.6826158354,POINT (-87.682615835367 41.713557020533)
69e12115cd74c85a4156342373738097bb5ca1bfca607f96361a4c27ed7111041ae5ca4ebb660e0145dfb4cdb7885f7d553ae343cc20b8c27a43afa7c9f877c8,,07/25/2025 05:35:00 PM,30,NO CONTROLS,NO CONTROLS,CLEAR,DAYLIGHT,TURNING,NOT DIVIDED,,STRAIGHT AND LEVEL,WET,NO DEFECTS,NOT ON SCENE (DESK REPORT),NO INJURY / DRIVE AWAY,,,,"OVER $1,500",07/26/2025 12:30:00 PM,FAILING TO YIELD RIGHT-OF-WAY,NOT APPLICABLE,4800,S,PULASKI RD,815,,,,,,,2,NO INDICATION OF INJURY,0,0,0,0,0,2,0,17,6,7,41.8059452387,-87.7236730791,POINT (-87.723673079103 41.80594523873)
819759cc96e2d9aa9a0f460ff45f459b137d57d0e51ca47e9d6c76fbdbe68968a10d4a4580c4bee46a377469f1041b09a36f136016a2eb29c82b7f65add5d10c,,07/25/2025 05:35:00 PM,30,TRAFFIC SIGNAL,FUNCTIONING PROPERLY,CLEAR,DAYLIGHT,REAR END,DIVIDED - W/MEDIAN (NOT RAISED),,STRAIGHT AND LEVEL,DRY,NO DEFECTS,NOT ON SCENE (DESK REPORT),NO INJURY / DRIVE AWAY,,,,"OVER $1,500",07/25/2025 05:55:00 PM,FAILING TO YIELD RIGHT-OF-WAY,DRIVING SKILLS/KNOWLEDGE/EXPERIENCE,359,W,BELMONT AVE,1934,,,,,,,2,NO INDICATION OF INJURY,0,0,0,0,0,2,0,17,6,7,41.9400322387,-87.6394985253,POINT (-87.639498525284 41.94003223873)
3b8f7624ce50d26b005cb247317a819a7df66a3323093b5ac702a6e02deaecf9002d9046cf442336fe413ecfbfc3dfc673013f665a2e1b8a20e9e32660834fdd,,07/25/2025 05:30:00 PM,35,NO CONTROLS,NO CONTROLS,CLEAR,DAYLIGHT,SIDESWIPE SAME DIRECTION,DIVIDED - W/MEDIAN (NOT RAISED),,STRAIGHT AND LEVEL,DRY,NO DEFECTS,NOT ON SCENE (DESK REPORT),NO INJURY / DRIVE AWAY,,,,"OVER $1,500",07/27/2025 03:49:00 PM,IMPROPER OVERTAKING/PASSING,NOT APPLICABLE,4374,N,ELSTON AVE,1722,,,,,,,2,NO INDICATION OF INJURY,0,0,0,0,0,2,0,17,6,7,41.9602747922,-87.728966414,POINT (-87.728966413992 41.960274792211)