CRASH_RECORD_ID,CRASH_DATE_EST_I,CRASH_DATE,POSTED_SPEED_LIMIT,TRAFFIC_CONTROL_DEVICE,DEVICE_CONDITION,WEATHER_CONDITION,LIGHTING_CONDITION,FIRST_CRASH_TYPE,TRAFFICWAY_TYPE,LANE_CNT,ALIGNMENT,ROADWAY_SURFACE_COND,ROAD_DEFECT,REPORT_TYPE,CRASH_TYPE,INTERSECTION_RELATED_I,NOT_RIGHT_OF_WAY_I,HIT_AND_RUN_I,DAMAGE,DATE_POLICE_NOTIFIED,PRIM_CONTRIBUTORY_CAUSE,SEC_CONTRIBUTORY_CAUSE,STREET_NO,STREET_DIRECTION,STREET_NAME,BEAT_OF_OCCURRENCE,PHOTOS_TAKEN_I,STATEMENTS_TAKEN_I,DOORING_I,WORK_ZONE_I,WORK_ZONE_TYPE,WORKERS_PRESENT_I,NUM_UNITS,MOST_SEVERE_INJURY,INJURIES_TOTAL,INJURIES_FATAL,INJURIES_INCAPACITATING,INJURIES_NON_INCAPACITATING,INJURIES_REPORTED_NOT_EVIDENT,INJURIES_NO_INDICATION,INJURIES_UNKNOWN,CRASH_HOUR,CRASH_DAY_OF_WEEK,CRASH_MONTH,LATITUDE,LONGITUDE,LOCATION
7bbe46aedcb7f59d8b355dd76d3402d29ad7e64b0c1f2286938cd9dfccd651e62b8afd513c78d4b7fc16110be1f90ae123de08329390a7dd4d5fb9cd5f730325,,07/25/2025 05:30:00 PM,15,NO CONTROLS,NO CONTROLS,UNKNOWN,UNKNOWN,PARKED MOTOR VEHICLE,PARKING LOT,,STRAIGHT AND LEVEL,DRY,NO DEFECTS,NOT ON SCENE (DESK REPORT),NO INJURY / DRIVE AWAY,,,Y,"OVER $1,500",07/26/2025 09:15:00 AM,FOLLOWING TOO CLOSELY,UNABLE TO DETERMINE,1340,S,CANAL ST,124,,,,,,,2,NO INDICATION OF INJURY,0,0,0,0,0,1,0,17,6,7,41.8645211937,-87.6393040996,POINT (-87.639304099636 41.864521193744)
b228929f1c4a95a259533fa63033d062006fc8f82319f603ccccdd9402a7cd997518a5f799b8e5006eba20b73496bae9c94598d779c348b53ece64ffa45ac49e,,07/25/2025 05:30:00 PM,30,NO CONTROLS,NO CONTROLS,CLEAR,DAYLIGHT,ANGLE,NOT DIVIDED,,STRAIGHT AND LEVEL,DRY,NO DEFECTS,,NO INJURY / DRIVE AWAY,,,,"$501 - $1,500",07/25/2025 08:10:00 PM,FAILING TO YIELD RIGHT-OF-WAY,FAILING TO YIELD RIGHT-OF-WAY,6134,W,MONTROSE AVE,1622,,,,,,,2,NO INDICATION OF INJURY,0,0,0,0,0,2,0,17,6,7,41.9604085332,-87.7808328716,POINT (-87.780832871607 41.960408533172)
9b6d5b0bb58764cb343a79358872dc882d993ab021357a3d10df05453d3e97a12d020316aa9dbc152c9c778f18c0c56637bd013fbcfd911a5e50668b7c30d30e,,07/25/2025 05:20:00 PM,30,TRAFFIC SIGNAL,FUNCTIONING PROPERLY,CLEAR,DAYLIGHT,REAR END,NOT DIVIDED,,STRAIGHT AND LEVEL,OTHER,UNKNOWN,NOT ON SCENE (DESK REPORT),NO INJURY / DRIVE AWAY,,,,"$501 - $1,500",07/26/2025 02:55:00 PM,UNABLE TO DETERMINE,NOT APPLICABLE,1400,W,FOSTER AVE,2013,,,,,,,2,NO INDICATION OF INJURY,0,0,0,0,0,2,0,17,6,7,41.9763548153,-87.6649383353,POINT (-87.664938335293 41.976354815271)
84e646dc5bd5fe0fd12bc689687ebe3ac5dcf1733350c952036fc53c52bc1e616a51728538f8338da0e146fad0892bfeaeecedf8481ec62264edc9a28865a05a,,07/25/2025 05:19:00 PM,30,STOP SIGN/FLASHER,FUNCTIONING PROPERLY,CLEAR,DAYLIGHT,PEDALCYCLIST,NOT DIVIDED,,STRAIGHT AND LEVEL,DRY,UNKNOWN,ON SCENE,INJURY AND / OR TOW DUE TO CRASH,Y,,,"OVER $1,500",07/25/2025 05:25:00 PM,UNABLE TO DETERMINE,UNABLE TO DETERMINE,320,W,31ST ST,914,,,,,,,2,"REPORTED, NOT EVIDENT",1,0,0,0,1,2,0,17,6,7,41.8383026648,-87.635007923,POINT (-87.635007923012 41.838302664763)
e9e8afa2b129a4d48970225c66b19ff0d8c23648b401434ab4a20951516b2b82c17275af105583ec01c646c8a9019d3b05ae42ed88dd01f3de7849a323dd2097,,07/25/2025 05:15:00 PM,25,NO CONTROLS,NO CONTROLS,CLEAR,DAYLIGHT,SIDESWIPE SAME DIRECTION,NOT DIVIDED,,STRAIGHT AND LEVEL,DRY,NO DEFECTS,ON SCENE,NO INJURY / DRIVE AWAY,,,,"OVER $1,500",07/25/2025 05:25:00 PM,UNABLE TO DETERMINE,UNABLE TO DETERMINE,2801,S,WESTERN AVE,1034,,,,,,,2,NO INDICATION OF INJURY,0,0,0,0,0,3,0,17,6,7,41.8411149917,-87.6851320348,POINT (-87.685132034759 41.841114991692)
ea854f1a86094f40513e0779bde9a56e6eefc4ec78977f2517585fccd1a90d2e220bb603e01b90339bb10bba47d92a243b6801344db6ebb7780f988690cb5972,,07/25/2025 05:09:00 PM,30,NO CONTROLS,NO CONTROLS,CLEAR,DAYLIGHT,PEDALCYCLIST,DIVIDED - W/MEDIAN (NOT RAISED),,STRAIGHT AND LEVEL,DRY,NO DEFECTS,NOT ON SCENE (DESK REPORT),INJURY AND / OR TOW DUE TO CRASH,,,,"OVER $1,500",07/25/2025 05:09:00 PM,FAILING TO YIELD RIGHT-OF-WAY,UNABLE TO DETERMINE,3867,N,ELSTON AVE,1732,Y,Y,,,,,2,"REPORTED, NOT EVIDENT",1,0,0,0,1,1,0,17,6,7,41.9516945782,-87.7160182646,POINT (-87.716018264562 41.95169457823)
33fd502f946bd96eb8943823b553dd8a05a566c35088db04847cd6caadc2e8dc508069c451c0d8a26c09064c3612a14fe41e957f9ca639e16dca72003018138d,,07/25/2025 05:06:00 PM,35,TRAFFIC SIGNAL,FUNCTIONING PROPERLY,CLOUDY/OVERCAST,DAYLIGHT,REAR END,DIVIDED - W/MEDIAN (NOT RAISED),,STRAIGHT AND LEVEL,DRY,NO DEFECTS,ON SCENE,NO INJURY / DRIVE AWAY,,,Y,"$501 - $1,500",07/25/2025 05:15:00 PM,FAILING TO REDUCE SPEED TO AVOID CRASH,FAILING TO REDUCE SPEED TO AVOID CRASH,98,E,43RD ST,213,,,,,,,2,NO INDICATION OF INJURY,0,0,0,0,0,2,0,17,6,7,41.8166475053,-87.6231154922,POINT (-87.623115492156 41.816647505332)
3e8801f800c16b9488123b968b305a5c8fb90405e4ae49c569231e0ec0751351091c8a3b109e175c880f672b4f59d05f666604336a5a76cd75fc69af45ac95d4,,07/25/2025 05:06:00 PM,45,NO PASSING,FUNCTIONING PROPERLY,CLOUDY/OVERCAST,DAYLIGHT,SIDESWIPE SAME DIRECTION,RAMP,,"CURVE, LEVEL",DRY,NO DEFECTS,ON SCENE,NO INJURY / DRIVE AWAY,N,,,"$501 - $1,500",07/25/2025 05:06:00 PM,IMPROPER OVERTAKING/PASSING,FAILING TO REDUCE SPEED TO AVOID CRASH,2700,S,LAKE SHORE DR SB,133,,,,,,,2,NO INDICATION OF INJURY,0,0,0,0,0,2,0,17,6,7,41.8444813021,-87.6112644793,POINT (-87.61126447929 41.844481302091)
8b62a6c671614c09ffc4d8ca45975333d53d6054cda9c745a736124fbe15dd0e5f676a6ff76d2936693d7cef60d8ed9c684ee8b3dd9fed7229220b427a7a2d55,,07/25/2025 05:05:00 PM,30,TRAFFIC SIGNAL,FUNCTIONING PROPERLY,CLOUDY/OVERCAST,DAYLIGHT,ANGLE,DIVIDED - W/MEDIAN (NOT RAISED),,STRAIGHT AND LEVEL,DRY,NO DEFECTS,NOT ON SCENE (DESK REPORT),NO INJURY / DRIVE AWAY,,,,"OVER $1,500",07/25/2025 05:55:00 PM,FAILING TO YIELD RIGHT-OF-WAY,UNABLE TO DETERMINE,11424,S,WESTERN AVE,2212,,,,,,,2,NO INDICATION OF INJURY,0,0,0,0,0,4,0,17,6,7,41.6854205888,-87.6811038111,POINT (-87.681103811054 41.685420588763)
80feeab079ff1c6aba85f37a85f62123e7a539c0dbe6a4bbb2593791304c3dac6a73c0dd6ed1f0936d9b315baf4435fcb20822ec27708dbde081fbe2d68eba57,Y,07/25/2025 05:00:00 PM,30,NO CONTROLS,NO CONTROLS,RAIN,UNKNOWN,PARKED MOTOR VEHICLE,UNKNOWN,,STRAIGHT AND LEVEL,WET,UNKNOWN,NOT ON SCENE (DESK REPORT),INJURY AND / OR TOW DUE TO CRASH,,,Y,"OVER $1,500",07/26/2025 09:48:00 AM,UNABLE TO DETERMINE,UNABLE TO DETERMINE,1617,W,GARFIELD BLVD,715,,,,,,,2,NO INDICATION OF INJURY,0,0,0,0,0,1,0,17,6,7,41.7935495869,-87.665361257,POINT (-87.665361256992 41.793549586896)
915546028e157e2c8a4e3bd15429800b8a3ccd58d88a479fab09db889af9d2094c958f071e6188fe8e52723d6506428385a2db1aeeb49e306f6e60cda5d6e8bb,,07/25/2025 05:00:00 PM,20,NO CONTROLS,NO CONTROLS,UNKNOWN,DAYLIGHT,PARKED MOTOR VEHICLE,T-INTERSECTION,,STRAIGHT AND LEVEL,DRY,NO DEFECTS,NOT ON SCENE (DESK REPORT),NO INJURY / DRIVE AWAY,Y,,,"OVER $1,500",08/10/2025 03:00:00 PM,UNABLE TO DETERMINE,NOT APPLICABLE,2225,W,GRANVILLE AVE,2413,,,,,,,2,NO INDICATION OF INJURY,0,0,0,0,0,1,0,17,6,7,41.9940500492,-87.6858537956,POINT (-87.685853795609 41.994050049212)
d80ea5791dfca52793ebe34c18b9883fef74177ce9d0dad0851ea069e2ef6546158f5e4d9822305550aeb573d5dc523946165a232dd57953bb1a54bc12356a63,Y,07/25/2025 05:00:00 PM,30,NO CONTROLS,NO CONTROLS,CLOUDY/OVERCAST,DAYLIGHT,REAR END,NOT DIVIDED,,STRAIGHT ON HILLCREST,WET,UNKNOWN,ON SCENE,INJURY AND / OR TOW DUE TO CRASH,,,,"$501 - $1,500",07/25/2025 05:27:00 PM,FAILING TO REDUCE SPEED TO AVOID CRASH,DRIVING SKILLS/KNOWLEDGE/EXPERIENCE,3336,S,DAMEN AVE,912,,,,,,,2,"REPORTED, NOT EVIDENT",2,0,0,0,2,2,0,17,6,7,41.8329278918,-87.6754909336,POINT (-87.675490933625 41.832927891791)
152071b4f50b5e927df82014b785ed52669f60096316cd04c1037254fea159fd94b4e8c9928f640bc124be5a36b68b01e495d292f02c29db10526c72b82ae796,,07/25/2025 04:48:00 PM,30,TRAFFIC SIGNAL,FUNCTIONING PROPERLY,CLEAR,DAYLIGHT,TURNING,FOUR WAY,,STRAIGHT AND LEVEL,DRY,UNKNOWN,ON SCENE,NO INJURY / DRIVE AWAY,Y,,,"OVER $1,500",07/25/2025 04:52:00 PM,IMPROPER TURNING/NO SIGNAL,NOT APPLICABLE,2599,N,NARRAGANSETT AVE,2512,,,,,,,2,NO INDICATION OF INJURY,0,0,0,0,0,2,0,16,6,7,41.9272602313,-87.7854336531,POINT (-87.785433653082 41.927260231341)
c21ec04c5af7a7c37c68f67b25526dd0d98f3b0792b7ce6f717faa30633c1c75d944d2f9766bb5551fcf074bbd7e43c6606a327cd2517f47ebb27f57a478c9be,,07/25/2025 04:45:00 PM,30,NO CONTROLS,NO CONTROLS,CLEAR,DAYLIGHT,REAR END,NOT DIVIDED,,STRAIGHT AND LEVEL,DRY,NO DEFECTS,NOT ON SCENE (DESK REPORT),NO INJURY / DRIVE AWAY,,,,"OVER $1,500",07/25/2025 05:55:00 PM,FOLLOWING TOO CLOSELY,UNABLE TO DETERMINE,5579,W,FULLERTON AVE,2515,,,,,,,2,NO INDICATION OF INJURY,0,0,0,0,0,2,0,16,6,7,41.9238720269,-87.765926988,POINT (-87.765926987972 41.923872026899)
d2b5ed5ad51cea8b85b9254821bf634dff15313a3a80a7354e6acd35c74a9bd41e79de0f360ed1830c0ccd7e566e2e9fe23297db1226df608d8e9a7a17dcb8a5,,07/25/2025 04:45:00 PM,30,UNKNOWN,UNKNOWN,CLEAR,DAYLIGHT,TURNING,NOT DIVIDED,,STRAIGHT AND LEVEL,DRY,NO DEFECTS,ON SCENE,INJURY AND / OR TOW DUE TO CRASH,,,Y,"$501 - $1,500",07/25/2025 04:51:00 PM,UNABLE TO DETERMINE,UNABLE TO DETERMINE,823,W,MADISON ST,1232,,,,,,,2,INCAPACITATING INJURY,2,0,1,1,0,1,0,16,6,7,41.8816537587,-87.6484108416,POINT (-87.648410841626 41.881653758745)
41f58fc5590c01cf6101782425d8955ade46fea35d55ebad545be789f0db4a46f5e05014eb35d6e68ce0dc6d6fbedc4047e675bfac8b6c92cc2c4b1f26f39a59,,07/25/2025 04:38:00 PM,45,NO CONTROLS,NO CONTROLS,CLEAR,DAYLIGHT,SIDESWIPE SAME DIRECTION,DIVIDED - W/MEDIAN BARRIER,,STRAIGHT AND LEVEL,DRY,NO DEFECTS,NOT ON SCENE (DESK REPORT),NO INJURY / DRIVE AWAY,,,,$500 OR LESS,07/25/2025 11:00:00 PM,IMPROPER TURNING/NO SIGNAL,NOT APPLICABLE,479,N,LAKE SHORE DR NB,1834,,,,,,,2,NO INDICATION OF INJURY,0,0,0,0,0,2,0,16,6,7,41.8906228639,-87.6137436229,POINT (-87.613743622913 41.890622863857)
515124cc041dd4d5201e64991bb1f9376f7b0f5a056b400afc65cf8812ecb53ffea52a145ef7aac2a2e4580bd5169d08b9df6717bf935e768c8a6a026f7f6f88,,07/25/2025 04:37:00 PM,30,NO CONTROLS,NO CONTROLS,CLOUDY/OVERCAST,DAYLIGHT,SIDESWIPE SAME DIRECTION,NOT DIVIDED,,STRAIGHT AND LEVEL,DRY,NO DEFECTS,ON SCENE,NO INJURY / DRIVE AWAY,,,,"OVER $1,500",07/25/2025 05:43:00 PM,IMPROPER OVERTAKING/PASSING,UNABLE TO DETERMINE,3161,N,MILWAUKEE AVE,2523,,,,,,,2,NO INDICATION OF INJURY,0,0,0,0,0,2,0,16,6,7,41.9384815208,-87.7226173436,POINT (-87.722617343576 41.938481520785)
3b60471270f09fd0424d7d07b813ebb11920619e5421cd1702a6b80547e5f2dc7d6a5d9a716e3a52834f63b802a498331fffc33e1fb65818eee94b7e01c36a8b,,07/25/2025 04:35:00 PM,30,NO CONTROLS,NO CONTROLS,RAIN,DAYLIGHT,TURNING,NOT DIVIDED,,STRAIGHT AND LEVEL,DRY,NO DEFECTS,NOT ON SCENE (DESK REPORT),NO INJURY / DRIVE AWAY,,,,"OVER $1,500",07/25/2025 05:33:00 PM,IMPROPER LANE USAGE,IMPROPER TURNING/NO SIGNAL,1055,E,55TH ST,235,,,,,,,2,NO INDICATION OF INJURY,0,0,0,0,0,3,0,16,6,7,41.794921069,-87.5998520311,POINT (-87.599852031067 41.794921068973)
3da32606943f4723671403dc6c52feb958ad03f913387beaa70b89f6638faf1497d22e383df5754aed12890fc9928660368b5f301f9481a580e821c321ddd435,,07/25/2025 04:35:00 PM,30,NO CONTROLS,NO CONTROLS,CLEAR,DAYLIGHT,REAR TO FRONT,ONE-WAY,,STRAIGHT AND LEVEL,UNKNOWN,UNKNOWN,NOT ON SCENE (DESK REPORT),NO INJURY / DRIVE AWAY,,,,"OVER $1,500",07/25/2025 05:11:00 PM,IMPROPER BACKING,IMPROPER BACKING,4114,N,ST LOUIS AVE,1723,,,,,,,2,NO INDICATION OF INJURY,0,0,0,0,0,2,0,16,6,7,41.9561258242,-87.715579453,POINT (-87.715579453041 41.956125824175)
a359adb95c708c8f1732474e183b77f8716f11cc9ac31d9ed8faa28ae8ce69fd19e18a090aaa35efa01274250a87499d0bc445af5238ec2c8bb016407bc16cb7,,07/25/2025 04:35:00 PM,30,TRAFFIC SIGNAL,NOT FUNCTIONING,CLEAR,DAYLIGHT,HEAD ON,"FIVE POINT, OR MORE",,STRAIGHT AND LEVEL,DRY,NO DEFECTS,NOT ON SCENE (DESK REPORT),NO INJURY / DRIVE AWAY,,,,"OVER $1,500",07/25/2025 06:25:00 PM,FAILING TO YIELD RIGHT-OF-WAY,FAILING TO YIELD RIGHT-OF-WAY,7901,S,SOUTH CHICAGO AVE,411,,,,,,,2,NO INDICATION OF INJURY,0,0,0,0,0,2,0,16,6,7,41.7515037487,-87.5854374369,POINT (-87.585437436949 41.751503748743)
197af163db22ec1db0fb8e39c0dbac8affcebde2798a4d99bba5711205bf38ce08693f5e092b85d9a09aefa840b377fef33deca9a0abfa1a9d98f6263534a9a3,,07/25/2025 04:30:00 PM,30,NO CONTROLS,NO CONTROLS,CLEAR,DAYLIGHT,SIDESWIPE SAME DIRECTION,ONE-WAY,,STRAIGHT AND LEVEL,DRY,NO DEFECTS,ON SCENE,NO INJURY / DRIVE AWAY,Y,N,N,"OVER $1,500",07/25/2025 05:11:00 PM,FAILING TO YIELD RIGHT-OF-WAY,FAILING TO YIELD RIGHT-OF-WAY,6810,N,GREENVIEW AVE,2431,,,,,,,2,NO INDICATION OF INJURY,0,0,0,0,0,3,0,16,6,7,42.0057707899,-87.6679390684,POINT (-87.667939068426 42.005770789947)
4b386869c522a31d04c672611235422089fe3529157530b21ef79dec83f3cfe60793e9a38e99b7ed275ab3db9b46784d0df8ca6d1e6b3af008b70197ee1f9e8d,Y,07/25/2025 04:30:00 PM,20,NO CONTROLS,NO CONTROLS,UNKNOWN,UNKNOWN,PARKED MOTOR VEHICLE,ONE-WAY,,STRAIGHT AND LEVEL,UNKNOWN,NO DEFECTS,ON SCENE,INJURY AND / OR TOW DUE TO CRASH,,,Y,"OVER $1,500",07/26/2025 02:50:00 PM,NOT APPLICABLE,NOT APPLICABLE,3848,W,WELLINGTON AVE,2523,,,,,,,2,NO INDICATION OF INJURY,0,0,0,0,0,1,0,16,6,7,41.9355674414,-87.7241879306,POINT (-87.724187930649 41.935567441449)
4d414df8bf66a71380c409ae569f6c802c423eaf9235244db0fbc8596d841c8b73ca074528ceac2de46d6ff462fc34ddb9e79e6f5ad4a534315d1602ead56685,,07/25/2025 04:30:00 PM,30,NO CONTROLS,NO CONTROLS,CLEAR,DAYLIGHT,SIDESWIPE SAME DIRECTION,DIVIDED - W/MEDIAN (NOT RAISED),,STRAIGHT AND LEVEL,DRY,UNKNOWN,NOT ON SCENE (DESK REPORT),NO INJURY / DRIVE AWAY,,,,"$501 - $1,500",08/03/2025 09:00:00 PM,FAILING TO YIELD RIGHT-OF-WAY,FAILING TO YIELD RIGHT-OF-WAY,2249,N,CLYBOURN AVE,1811,,,,,,,2,NO INDICATION OF INJURY,0,0,0,0,0,2,0,16,6,7,41.9225930473,-87.6655480399,POINT (-87.66554803985 41.922593047323)
61a7f66bd7897f38896e330912f0ad5ad429875642aa39e1faf166cfaff8bec9bd30272a39969d0d4e4364fde0433f6bcfe30f82103fbb50be1d77fff208226d,,07/25/2025 04:30:00 PM,30,TRAFFIC SIGNAL,FUNCTIONING PROPERLY,UNKNOWN,DAYLIGHT,SIDESWIPE SAME DIRECTION,NOT DIVIDED,,STRAIGHT AND LEVEL,WET,NO DEFECTS,NOT ON SCENE (DESK REPORT),NO INJURY / DRIVE AWAY,Y,,,"OVER $1,500",07/25/2025 05:15:00 PM,UNABLE TO DETERMINE,UNABLE TO DETERMINE,4700,S,WESTERN BLVD,922,,,,,,,2,NO INDICATION OF INJURY,0,0,0,0,0,2,0,16,6,7,41.8083695489,-87.6840193967,POINT (-87.684019396719 41.808369548854)
edf1375b637484bc5b18f4f5036990e27180db86d7e24cd28ad1d331a35dfcce3437cc408534548306d705928d7c750c29771f84204accad88d457e1969e2900,,07/25/2025 04:30:00 PM,10,NO CONTROLS,NO CONTROLS,UNKNOWN,"DARKNESS, LIGHTED ROAD",PARKED MOTOR VEHICLE,OTHER,,STRAIGHT AND LEVEL,DRY,NO DEFECTS,NOT ON SCENE (DESK REPORT),NO INJURY / DRIVE AWAY,,Y,Y,"OVER $1,500",07/28/2025 05:45:00 PM,UNABLE TO DETERMINE,NOT APPLICABLE,201,W,MADISON ST,122,,,,,,,2,NO INDICATION OF INJURY,0,0,0,0,0,1,0,16,6,7,41.8818354659,-87.6338973886,POINT (-87.633897388601 41.88183546591)
03351ca57ea3b788517979fd0bb4c1a8eee874f27c97d607ad1a6192be752605485611799c18d01d225d8346d90a65c6537592d8efab7a3e7f2deb516492a783,,07/25/2025 04:25:00 PM,20,NO CONTROLS,NO CONTROLS,CLEAR,DAYLIGHT,PEDALCYCLIST,FOUR WAY,,STRAIGHT AND LEVEL,DRY,UNKNOWN,ON SCENE,INJURY AND / OR TOW DUE TO CRASH,Y,,,"$501 - $1,500",07/25/2025 04:33:00 PM,FAILING TO YIELD RIGHT-OF-WAY,DRIVING ON WRONG SIDE/WRONG WAY,5701,W,WAVELAND AVE,1633,,,,,,,2,NONINCAPACITATING INJURY,1,0,0,1,0,3,0,16,6,7,41.9475636929,-87.7693776234,POINT (-87.769377623385 41.947563692916)
b0399eac7402c5af0728a2f95c5938a837865c36e7cf4ecac1910c10f871bfb0613f02e3a426281018765208c17b592d2fa7bc129a721599ea767661a0ce5d15,Y,07/25/2025 04:25:00 PM,45,NO CONTROLS,NO CONTROLS,CLEAR,DAYLIGHT,TURNING,RAMP,,STRAIGHT AND LEVEL,DRY,NO DEFECTS,ON SCENE,INJURY AND / OR TOW DUE TO CRASH,,,,"OVER $1,500",07/25/2025 04:27:00 PM,DRIVING SKILLS/KNOWLEDGE/EXPERIENCE,DRIVING SKILLS/KNOWLEDGE/EXPERIENCE,2602,S,LAKE SHORE DR SB,133,,,,,,,3,NO INDICATION OF INJURY,0,0,0,0,0,3,0,16,6,7,41.8456726584,-87.6117142104,POINT (-87.611714210446 41.845672658362)
d6f8d1855d1566c8914603b7d8f55f7752900578d8294102587de9b458b43cd90269b788d9769922c678d61a4001fc1d99190fd19b5ba25b3d3e11c0c3b7c640,,07/25/2025 04:25:00 PM,30,UNKNOWN,UNKNOWN,CLEAR,DAYLIGHT,PEDALCYCLIST,UNKNOWN,,STRAIGHT AND LEVEL,WET,NO DEFECTS,ON SCENE,INJURY AND / OR TOW DUE TO CRASH,,,Y,$500 OR LESS,07/25/2025 04:45:00 PM,"VISION OBSCURED (SIGNS, TREE LIMBS, BUILDINGS, ETC.)",NOT APPLICABLE,10260,S,MICHIGAN AVE,511,,,,,,,2,"REPORTED, NOT EVIDENT",1,0,0,0,1,1,0,16,6,7,41.7072732885,-87.6203473785,POINT (-87.620347378524 41.707273288521)
f9810349a2d392090c108ba94f93d152bd092e317352f4ef0f7d8fad7f6d60c83d361c813288116dd9d7d8cf10cc04c2495d7d0f08826d6713ee89b7a912458e,,07/25/2025 04:20:00 PM,30,TRAFFIC SIGNAL,FUNCTIONING PROPERLY,CLEAR,DAYLIGHT,REAR END,NOT DIVIDED,,STRAIGHT AND LEVEL,DRY,NO DEFECTS,NOT ON SCENE (DESK REPORT),NO INJURY / DRIVE AWAY,,,,"OVER $1,500",07/26/2025 10:50:00 AM,UNABLE TO DETERMINE,UNABLE TO DETERMINE,130,W,NORTH AVE,1814,,,,,,,2,NO INDICATION OF INJURY,0,0,0,0,0,2,0,16,6,7,41.9112720681,-87.6331171744,POINT (-87.633117174389 41.911272068098)
4ef9347b54802fcb1d1210ef446091111ffa0b3cb1269aabf2309c7a90ef7ae7718af82043953e1784e344ce65ac1fa0372de194005a3fd65ec7b00784ba151a,,07/25/2025 04:17:00 PM,30,STOP SIGN/FLASHER,FUNCTIONING PROPERLY,CLEAR,DAYLIGHT,TURNING,FOUR WAY,,STRAIGHT AND LEVEL,DRY,UNKNOWN,ON SCENE,NO INJURY / DRIVE AWAY,,,,"OVER $1,500",07/25/2025 05:06:00 PM,UNABLE TO DETERMINE,UNABLE TO DETERMINE,1657,W,CERMAK RD,1034,,,,,,,2,NO INDICATION OF INJURY,0,0,0,0,0,3,0,16,6,7,41.8521787004,-87.6682943891,POINT (-87.668294389142 41.852178700384)
3bf161808bb8ba65f7b9cb78ccb5b8d36f5e0227aeb2535d257af7f70abf781ad49afa97999c467f52c6e577381420d0e72a42f04a7f1e9873e8fe5b5416ad8e,,07/25/2025 04:16:00 PM,30,NO CONTROLS,NO CONTROLS,CLEAR,DAYLIGHT,ANGLE,NOT DIVIDED,,STRAIGHT AND LEVEL,DRY,NO DEFECTS,ON SCENE,NO INJURY / DRIVE AWAY,Y,,,"OVER $1,500",07/25/2025 04:17:00 PM,UNABLE TO DETERMINE,UNABLE TO DETERMINE,4327,W,LAWRENCE AVE,1722,,,,,,,2,NO INDICATION OF INJURY,0,0,0,0,0,5,0,16,6,7,41.9680377831,-87.7366014673,POINT (-87.736601467281 41.968037783068)
78a9b5a59c9094148e4bd7e163574d7a4e26981e92967a9277b3af0303541ec80c6f9764a83657165520dd02d5dca9ff08cabeecd8172c6688f0c0600b0943c6,,07/25/2025 04:10:00 PM,30,TRAFFIC SIGNAL,FUNCTIONING PROPERLY,CLOUDY/OVERCAST,DAYLIGHT,ANGLE,FOUR WAY,,STRAIGHT AND LEVEL,WET,NO DEFECTS,NOT ON SCENE (DESK REPORT),NO INJURY / DRIVE AWAY,Y,,,"OVER $1,500",07/25/2025 05:10:00 PM,WEATHER,UNABLE TO DETERMINE,7100,S,STATE ST,323,,,,,,,2,NO INDICATION OF INJURY,0,0,0,0,0,2,0,16,6,7,41.7653936078,-87.625050475,POINT (-87.625050475006 41.765393607783)
93aef0472e0a5af4c92aaee5ece282746ee63a043a2029b1d91abe04bc86a0e6ce3cf6177ad2a076c33e402917155b34a32209d4e23e782fa7e523a7c64d001a,,07/25/2025 04:10:00 PM,30,STOP SIGN/FLASHER,FUNCTIONING PROPERLY,CLEAR,DAYLIGHT,TURNING,T-INTERSECTION,,STRAIGHT AND LEVEL,DRY,NO DEFECTS,ON SCENE,NO INJURY / DRIVE AWAY,,,,"$501 - $1,500",07/25/2025 04:16:00 PM,FAILING TO YIELD RIGHT-OF-WAY,FAILING TO YIELD RIGHT-OF-WAY,3405,N,MILWAUKEE AVE,1731,,,,,,,2,NO INDICATION OF INJURY,0,0,0,0,0,3,0,16,6,7,41.9432596377,-87.7304508781,POINT (-87.730450878064 41.943259637668)
9cb3854b0abd3d746ff98aed4e0d2839997b190b3f6fb0e7bc3531aae5143086db94bef7df9592cba4d6417a551ba095749b6b7e529db341398530548bcc4309,,07/25/2025 04:09:00 PM,30,NO CONTROLS,NO CONTROLS,CLEAR,DAYLIGHT,PEDESTRIAN,ONE-WAY,,STRAIGHT AND LEVEL,WET,NO DEFECTS,ON SCENE,INJURY AND / OR TOW DUE TO CRASH,,,,$500 OR LESS,07/25/2025 04:09:00 PM,FAILING TO YIELD RIGHT-OF-WAY,NOT APPLICABLE,600,W,WASHINGTON BLVD,121,,,,,,,2,"REPORTED, NOT EVIDENT",1,0,0,0,1,1,0,16,6,7,41.883281626,-87.6427737585,POINT (-87.642773758485 41.883281625972)
c3ea6e067b921891dc12c31f02ea8ca906afe0aa9a1cec6e498d8dedc2ebb7e369cb01017b4f8f298069156699bae9341c53047b2a37959aed326337dd016e74,,07/25/2025 04:06:00 PM,30,TRAFFIC SIGNAL,UNKNOWN,RAIN,DAYLIGHT,REAR END,DIVIDED - W/MEDIAN BARRIER,,STRAIGHT AND LEVEL,WET,UNKNOWN,ON SCENE,INJURY AND / OR TOW DUE TO CRASH,,,,"OVER $1,500",07/25/2025 04:10:00 PM,UNABLE TO DETERMINE,UNABLE TO DETERMINE,512,W,95TH ST,2223,,,,,,,2,NO INDICATION OF INJURY,0,0,0,0,0,2,0,16,6,7,41.7216614938,-87.6365485083,POINT (-87.63654850832 41.72166149383)