CRASH_RECORD_ID,CRASH_DATE_EST_I,CRASH_DATE,POSTED_SPEED_LIMIT,TRAFFIC_CONTROL_DEVICE,DEVICE_CONDITION,WEATHER_CONDITION,LIGHTING_CONDITION,FIRST_CRASH_TYPE,TRAFFICWAY_TYPE,LANE_CNT,ALIGNMENT,ROADWAY_SURFACE_COND,ROAD_DEFECT,REPORT_TYPE,CRASH_TYPE,INTERSECTION_RELATED_I,NOT_RIGHT_OF_WAY_I,HIT_AND_RUN_I,DAMAGE,DATE_POLICE_NOTIFIED,PRIM_CONTRIBUTORY_CAUSE,SEC_CONTRIBUTORY_CAUSE,STREET_NO,STREET_DIRECTION,STREET_NAME,BEAT_OF_OCCURRENCE,PHOTOS_TAKEN_I,STATEMENTS_TAKEN_I,DOORING_I,WORK_ZONE_I,WORK_ZONE_TYPE,WORKERS_PRESENT_I,NUM_UNITS,MOST_SEVERE_INJURY,INJURIES_TOTAL,INJURIES_FATAL,INJURIES_INCAPACITATING,INJURIES_NON_INCAPACITATING,INJURIES_REPORTED_NOT_EVIDENT,INJURIES_NO_INDICATION,INJURIES_UNKNOWN,CRASH_HOUR,CRASH_DAY_OF_WEEK,CRASH_MONTH,LATITUDE,LONGITUDE,LOCATION
e83126ced6cae7ccd341d86dc852286a4f2050683e94b868642f2e64c86482a940ef650fbcbd5b3d0091f8132657a96bfb27dbd091bc6d643796a3992afc1340,Y,07/25/2025 04:05:00 PM,30,STOP SIGN/FLASHER,OTHER,CLOUDY/OVERCAST,DAYLIGHT,TURNING,NOT DIVIDED,,STRAIGHT AND LEVEL,WET,UNKNOWN,ON SCENE,INJURY AND / OR TOW DUE TO CRASH,Y,,,"$501 - $1,500",07/25/2025 04:05:00 PM,UNABLE TO DETERMINE,NOT APPLICABLE,10701,S,MACKINAW AVE,432,,,,,,,2,INCAPACITATING INJURY,1,0,1,0,0,1,0,16,6,7,41.7008597669,-87.5424166669,POINT (-87.542416666947 41.700859766933)
2e78130d42b067475e95ad19943a4ccf4590b377f92e06e6f11c4afdbee44437363d730ae97b7d4f6262801e84d3d5d2765f59b13b0c02904985a65e6a30923a,,07/25/2025 04:00:00 PM,30,STOP SIGN/FLASHER,FUNCTIONING PROPERLY,CLOUDY/OVERCAST,DAYLIGHT,PARKED MOTOR VEHICLE,ONE-WAY,,STRAIGHT AND LEVEL,WET,NO DEFECTS,ON SCENE,NO INJURY / DRIVE AWAY,,,,"OVER $1,500",07/25/2025 04:16:00 PM,NOT APPLICABLE,NOT APPLICABLE,3021,W,60TH ST,823,Y,Y,,,,,2,NO INDICATION OF INJURY,0,0,0,0,0,2,0,16,6,7,41.7843797561,-87.6993917344,POINT (-87.699391734424 41.784379756111)
8d3decdb94b75462564ad0a0c94e16e5924c136f50cdf366cd7e930e451bceb92fbd482943c8502ef81e957ef660f1f93586a843528b067f291295a37bff6be6,,07/25/2025 04:00:00 PM,40,NO CONTROLS,NO CONTROLS,CLEAR,DAYLIGHT,REAR END,DIVIDED - W/MEDIAN BARRIER,,STRAIGHT AND LEVEL,DRY,NO DEFECTS,ON SCENE,NO INJURY / DRIVE AWAY,,,,"OVER $1,500",07/25/2025 04:05:00 PM,FOLLOWING TOO CLOSELY,UNABLE TO DETERMINE,531,N,LAKE SHORE DR NB,1834,,,,,,,2,NO INDICATION OF INJURY,0,0,0,0,0,2,0,16,6,7,41.8919370838,-87.6137762312,POINT (-87.613776231196 41.891937083752)
ae74f8051bd1b111951d49326980c70846affed26c4f4e73aa3a40aeabccde8f027bc5460d7a1571b41bc7e4b38a094d8d9b68cfc016833995f7bb032111419a,,07/25/2025 04:00:00 PM,30,STOP SIGN/FLASHER,FUNCTIONING PROPERLY,RAIN,DAYLIGHT,TURNING,DIVIDED - W/MEDIAN (NOT RAISED),,STRAIGHT AND LEVEL,WET,UNKNOWN,ON SCENE,INJURY AND / OR TOW DUE TO CRASH,Y,,,"OVER $1,500",07/25/2025 04:15:00 PM,FAILING TO YIELD RIGHT-OF-WAY,NOT APPLICABLE,10300,S,CHARLES ST,2212,,,,,,,2,"REPORTED, NOT EVIDENT",2,0,0,0,2,1,0,16,6,7,41.7066870897,-87.6587691028,POINT (-87.658769102778 41.706687089738)
fecfffc1341924bee8cc9070138ffd9c4c1c74157a530ba364cdb09979e709fbafce4ca078cad459ac44c825c3f532e2c172f8d51acea724c35653a70145213b,,07/25/2025 04:00:00 PM,30,NO CONTROLS,NO CONTROLS,CLEAR,DAYLIGHT,SIDESWIPE SAME DIRECTION,FOUR WAY,,STRAIGHT AND LEVEL,DRY,NO DEFECTS,NOT ON SCENE (DESK REPORT),NO INJURY / DRIVE AWAY,Y,,,"OVER $1,500",07/25/2025 04:40:00 PM,IMPROPER LANE USAGE,UNABLE TO DETERMINE,2325,N,CICERO AVE,2522,,,,,,,2,NO INDICATION OF INJURY,0,0,0,0,0,2,0,16,6,7,41.9231650168,-87.7461247122,POINT (-87.746124712213 41.92316501684)
a4e25f4e753820e29b132a5369c2f02feba2ce81a85051c9b8e8feacb2d2e75b7b01f118ae6bd4715bbd4799e9aecffdca53fe07bd4d51fbc4b4bb2b2e564b84,,07/25/2025 03:58:00 PM,30,NO CONTROLS,NO CONTROLS,CLOUDY/OVERCAST,DAYLIGHT,PEDALCYCLIST,DIVIDED - W/MEDIAN (NOT RAISED),,STRAIGHT AND LEVEL,WET,NO DEFECTS,ON SCENE,INJURY AND / OR TOW DUE TO CRASH,,,N,"$501 - $1,500",07/25/2025 05:07:00 PM,FAILING TO YIELD RIGHT-OF-WAY,NOT APPLICABLE,7220,S,SOUTH SHORE DR,334,,,,,,,2,INCAPACITATING INJURY,1,0,1,0,0,1,0,15,6,7,41.7651833106,-87.5619073372,POINT (-87.561907337218 41.765183310569)
e7824fa0472f07cd1f9681521d6590eaaecf6a5826a44881a127a0ca53e8058f0daa67d87325c4c2ee8be68aa574072f4fbeac7de59e9f4110ba042e364dd1fa,,07/25/2025 03:50:00 PM,35,NO CONTROLS,NO CONTROLS,CLEAR,DAYLIGHT,PEDALCYCLIST,DIVIDED - W/MEDIAN (NOT RAISED),,STRAIGHT AND LEVEL,DRY,NO DEFECTS,NOT ON SCENE (DESK REPORT),INJURY AND / OR TOW DUE TO CRASH,,,,"$501 - $1,500",07/26/2025 02:20:00 PM,FAILING TO YIELD RIGHT-OF-WAY,NOT APPLICABLE,3239,N,MILWAUKEE AVE,1732,,,,,,,2,NONINCAPACITATING INJURY,1,0,0,1,0,1,0,15,6,7,41.9399098265,-87.724955149,POINT (-87.724955149035 41.939909826465)
001635e74d4fa64380bd55d107d3ce7d762ba1b722df469be05d8c3a89a85f51b7e347f22a0c221cc9f7aa81cf21604dab0ab04e82f7371a908c1d02ead49cf4,,07/25/2025 03:45:00 PM,30,NO CONTROLS,NO CONTROLS,CLOUDY/OVERCAST,DAYLIGHT,SIDESWIPE SAME DIRECTION,NOT DIVIDED,,STRAIGHT AND LEVEL,DRY,NO DEFECTS,NOT ON SCENE (DESK REPORT),NO INJURY / DRIVE AWAY,,,Y,"$501 - $1,500",07/25/2025 04:07:00 PM,NOT APPLICABLE,NOT APPLICABLE,6037,S,KEDZIE AVE,823,,,,,,,2,NO INDICATION OF INJURY,0,0,0,0,0,3,0,15,6,7,41.7833217532,-87.7031127816,POINT (-87.703112781555 41.783321753229)
3300af1222200bc44baf93d05e1105ba03df22c80507ac08f6377ec16bb5cfb602344fae099b885ac92685e8746c702dd368faa22b94b092a646cc8ad0e6f438,,07/25/2025 03:45:00 PM,30,NO CONTROLS,NO CONTROLS,RAIN,DAYLIGHT,REAR END,DIVIDED - W/MEDIAN (NOT RAISED),,STRAIGHT AND LEVEL,WET,UNKNOWN,NOT ON SCENE (DESK REPORT),NO INJURY / DRIVE AWAY,,,,"OVER $1,500",07/25/2025 04:35:00 PM,FOLLOWING TOO CLOSELY,FOLLOWING TOO CLOSELY,1535,S,PULASKI RD,1014,,,,,,,2,NO INDICATION OF INJURY,0,0,0,0,0,2,0,15,6,7,41.8596423092,-87.7248305394,POINT (-87.724830539432 41.85964230919)
4b97ba4ab04c7e626a597c9cad5d368307fc95394495edac058ea20ba1c49b41b1283ea34f77122661eb32eb3a1a85631feced1640ac549d27c8553357ab1800,,07/25/2025 03:45:00 PM,30,TRAFFIC SIGNAL,FUNCTIONING PROPERLY,RAIN,DAYLIGHT,REAR END,FOUR WAY,,STRAIGHT AND LEVEL,WET,UNKNOWN,NOT ON SCENE (DESK REPORT),INJURY AND / OR TOW DUE TO CRASH,Y,,Y,"OVER $1,500",07/26/2025 03:45:00 PM,UNABLE TO DETERMINE,NOT APPLICABLE,9218,S,SOUTH CHICAGO AVE,423,,,,,,,2,"REPORTED, NOT EVIDENT",1,0,0,0,1,1,0,15,6,7,41.727691926,-87.552716858,POINT (-87.55271685802 41.727691925986)
a916d57eca9f153134fb9b8d481e4f2617682e20ed191d5a337c126a9265ff74c670bfc5e27cf0b01f4a733068c705cf0246da5291d194282a57e3358cda830c,,07/25/2025 03:42:00 PM,20,NO CONTROLS,NO CONTROLS,CLEAR,DAYLIGHT,SIDESWIPE SAME DIRECTION,ONE-WAY,,STRAIGHT AND LEVEL,DRY,NO DEFECTS,ON SCENE,NO INJURY / DRIVE AWAY,,,,"OVER $1,500",07/25/2025 03:58:00 PM,IMPROPER OVERTAKING/PASSING,UNABLE TO DETERMINE,3,W,TERMINAL ST,1653,,,,,,,2,NO INDICATION OF INJURY,0,0,0,0,0,5,0,15,6,7,,,
2e53df13cadd9759d40333e6709dc6b841ca4a44b977dffb8c8a0456d22dc8a857737b3961df1b5d5ab7410fc6c5ce763bc8e5b4a4549d8b22658071726732ee,,07/25/2025 03:36:00 PM,30,TRAFFIC SIGNAL,FUNCTIONING PROPERLY,RAIN,DAYLIGHT,REAR END,DIVIDED - W/MEDIAN (NOT RAISED),,STRAIGHT AND LEVEL,WET,NO DEFECTS,NOT ON SCENE (DESK REPORT),NO INJURY / DRIVE AWAY,,,Y,"OVER $1,500",07/25/2025 04:05:00 PM,FOLLOWING TOO CLOSELY,NOT APPLICABLE,15,W,87TH ST,634,,,,,,,2,NO INDICATION OF INJURY,0,0,0,0,0,2,0,15,6,7,41.7361700202,-87.6250111569,POINT (-87.625011156926 41.736170020176)
066c513205014aef67b4a337b2500058fd8fd075e274d27cfced27d087f51d6a8c468f9ab07b69f89d27db0cb0a181b8d1b53de609c9c804ea5093717aaee468,,07/25/2025 03:30:00 PM,30,NO CONTROLS,NO CONTROLS,CLOUDY/OVERCAST,DAYLIGHT,REAR END,DIVIDED - W/MEDIAN (NOT RAISED),,STRAIGHT AND LEVEL,UNKNOWN,UNKNOWN,NOT ON SCENE (DESK REPORT),NO INJURY / DRIVE AWAY,,,,"OVER $1,500",07/25/2025 04:20:00 PM,NOT APPLICABLE,NOT APPLICABLE,3720,N,NARRAGANSETT AVE,1632,,,,,,,2,NO INDICATION OF INJURY,0,0,0,0,0,5,0,15,6,7,41.9481080723,-87.7864971495,POINT (-87.786497149539 41.948108072293)
998409418b9894eee1cf11d902f07cd1e883cbda192a4d7726c8a5feddbaf9890795f8e67790e02783d4e78ed8ff1d4490e0302d2e23868362207b5d146dc1b7,,07/25/2025 03:30:00 PM,15,STOP SIGN/FLASHER,FUNCTIONING PROPERLY,RAIN,DAYLIGHT,ANGLE,FOUR WAY,,STRAIGHT AND LEVEL,WET,NO DEFECTS,NOT ON SCENE (DESK REPORT),NO INJURY / DRIVE AWAY,Y,,,"OVER $1,500",07/28/2025 04:30:00 PM,UNABLE TO DETERMINE,UNABLE TO DETERMINE,7001,S,CREGIER AVE,332,,,,,,,2,NO INDICATION OF INJURY,0,0,0,0,0,2,0,15,6,7,41.7678490948,-87.5811239906,POINT (-87.581123990588 41.76784909476)
0bbcf29d5fbda2276827367b84b7f82839824b2ea5cb804dbe15be2a8cbbe28ba81d1c3a53e60f85876e57a94f591d1a75df9dfca87d1e1ae0cc6f7d92856939,,07/25/2025 03:28:00 PM,30,NO CONTROLS,NO CONTROLS,CLEAR,DAYLIGHT,FIXED OBJECT,OTHER,,"CURVE, LEVEL",DRY,UNKNOWN,ON SCENE,NO INJURY / DRIVE AWAY,,,,"OVER $1,500",07/25/2025 04:00:00 PM,DISTRACTION - FROM INSIDE VEHICLE,DISTRACTION - FROM INSIDE VEHICLE,7725,W,JARVIS AVE,1611,,,,,,,1,NO INDICATION OF INJURY,0,0,0,0,0,1,0,15,6,7,42.0149219584,-87.8197910108,POINT (-87.819791010761 42.01492195843)
501f1f80e5815bc0523bc72864171274623230e14c4afa692eebc13a8ef28be51d7bc86cbc6123a9914d5a52a78dc35e9c6ff2ce888d017c96f29f9e78c34371,,07/25/2025 03:25:00 PM,30,STOP SIGN/FLASHER,FUNCTIONING PROPERLY,CLEAR,DAYLIGHT,ANGLE,NOT DIVIDED,,STRAIGHT AND LEVEL,DRY,NO DEFECTS,ON SCENE,INJURY AND / OR TOW DUE TO CRASH,Y,,Y,"OVER $1,500",07/25/2025 03:25:00 PM,FAILING TO YIELD RIGHT-OF-WAY,NOT APPLICABLE,330,S,PULASKI RD,1132,,,,,,,2,"REPORTED, NOT EVIDENT",1,0,0,0,1,1,0,15,6,7,41.8762212297,-87.7256638129,POINT (-87.725663812868 41.87622122972)
5023eff32d176f67094da3a079047a9ff1d2c95edf94dbcd69736eb76dc1eecf14a6104d0b1d0e2b381b5c21516d47d9f1b77fe48ad69ef85667649ca72ce72c,,07/25/2025 03:25:00 PM,30,TRAFFIC SIGNAL,FUNCTIONING PROPERLY,CLEAR,DAYLIGHT,SIDESWIPE SAME DIRECTION,DIVIDED - W/MEDIAN (NOT RAISED),,STRAIGHT AND LEVEL,DRY,NO DEFECTS,NOT ON SCENE (DESK REPORT),NO INJURY / DRIVE AWAY,Y,,,"OVER $1,500",07/25/2025 03:55:00 PM,UNABLE TO DETERMINE,UNABLE TO DETERMINE,598,S,HOMAN AVE,1133,,,,,,,2,NO INDICATION OF INJURY,0,0,0,0,0,2,0,15,6,7,41.8736407663,-87.7109288544,POINT (-87.710928854438 41.873640766324)
e8a5ae72159187604f5b3821cf37ad0af6e097e15fa06fd8ed5221d53ebeef39917e1b95728edbc1abd0461f9ebf71a5ff45ecf6542b6ff61aa6fae049c71913,,07/25/2025 03:25:00 PM,30,TRAFFIC SIGNAL,FUNCTIONING PROPERLY,RAIN,DAYLIGHT,TURNING,FOUR WAY,,STRAIGHT AND LEVEL,WET,UNKNOWN,NOT ON SCENE (DESK REPORT),NO INJURY / DRIVE AWAY,,,,"OVER $1,500",07/25/2025 04:20:00 PM,IMPROPER TURNING/NO SIGNAL,DRIVING SKILLS/KNOWLEDGE/EXPERIENCE,9452,S,COTTAGE GROVE AVE,633,,,,,,,2,NO INDICATION OF INJURY,0,0,0,0,0,2,0,15,6,7,41.7225683543,-87.6046393627,POINT (-87.604639362663 41.722568354343)
f86be6997ccf6ddfc305f5ac90c4018cd4f7d1e39f02d622080add7b81a8d8c2d23af57fc17d020283657b9388d6cdc0daef51518fcd726e02276acf6a1a792c,,07/25/2025 03:25:00 PM,30,OTHER,OTHER,CLEAR,DAYLIGHT,REAR END,NOT DIVIDED,,STRAIGHT AND LEVEL,WET,UNKNOWN,ON SCENE,NO INJURY / DRIVE AWAY,,,,"OVER $1,500",07/25/2025 03:30:00 PM,"VISION OBSCURED (SIGNS, TREE LIMBS, BUILDINGS, ETC.)",WEATHER,4099,S,WESTERN BLVD,924,,,,,,,2,NO INDICATION OF INJURY,0,0,0,0,0,2,0,15,6,7,41.8194305695,-87.6840168156,POINT (-87.684016815592 41.819430569545)
c44fdd8ea0e93a1f3ddb49545d4f16a766965e6a23704cde07b18a4f15a8a8f53e9987c785be44047c4e91be3d1e2b8fc14904c905dde56e27770d568cceabc6,,07/25/2025 03:20:00 PM,25,TRAFFIC SIGNAL,FUNCTIONING PROPERLY,CLEAR,DAYLIGHT,SIDESWIPE SAME DIRECTION,TRAFFIC ROUTE,,STRAIGHT AND LEVEL,DRY,NO DEFECTS,ON SCENE,NO INJURY / DRIVE AWAY,Y,,,"OVER $1,500",07/25/2025 03:46:00 PM,IMPROPER LANE USAGE,IMPROPER OVERTAKING/PASSING,498,S,COLUMBUS DR,114,,,,,,,2,NO INDICATION OF INJURY,0,0,0,0,0,2,0,15,6,7,41.8758326363,-87.6207383365,POINT (-87.620738336509 41.875832636304)
f3d8d0cfb1fa1bdaad86c7c43169e41bde425d6843022ebd1bcadafc61fef2aca92959da68e24fb939a5645ef73ff9cdb52f4240504a54543fb98ea152752043,,07/25/2025 03:20:00 PM,30,TRAFFIC SIGNAL,UNKNOWN,CLEAR,DAYLIGHT,SIDESWIPE SAME DIRECTION,DIVIDED - W/MEDIAN (NOT RAISED),,STRAIGHT AND LEVEL,DRY,UNKNOWN,ON SCENE,NO INJURY / DRIVE AWAY,,,,"OVER $1,500",07/25/2025 03:35:00 PM,DRIVING SKILLS/KNOWLEDGE/EXPERIENCE,NOT APPLICABLE,1512,W,FOSTER AVE,2012,,,,,,,2,NO INDICATION OF INJURY,0,0,0,0,0,2,0,15,6,7,41.9762912344,-87.6689768093,POINT (-87.668976809297 41.976291234406)
1f31298f3b9f97cc09c5c40b59f7a166b2697d389d5d7fd58b1439466cdb860b108ae884329dbe8b3226b2059d29c49f9648d68741ee9c14e0f4cb4a2309058a,,07/25/2025 03:19:00 PM,30,STOP SIGN/FLASHER,FUNCTIONING PROPERLY,CLOUDY/OVERCAST,DAYLIGHT,ANGLE,NOT DIVIDED,,STRAIGHT AND LEVEL,WET,NO DEFECTS,ON SCENE,INJURY AND / OR TOW DUE TO CRASH,Y,,Y,"OVER $1,500",07/25/2025 03:19:00 PM,DISREGARDING STOP SIGN,FAILING TO YIELD RIGHT-OF-WAY,1200,W,82ND ST,613,,,,,,,2,"REPORTED, NOT EVIDENT",1,0,0,0,1,1,0,15,6,7,41.7451456786,-87.6536557942,POINT (-87.653655794185 41.745145678615)
415e1980b8e50152b3186400630f7039ac8d6cec749d662a0027292643ce5c7eeff6bcaf7451dd86fa1f9e3c4946c3715340ec18031f65d555ef2ba3939756df,,07/25/2025 03:15:00 PM,30,NO CONTROLS,NO CONTROLS,CLOUDY/OVERCAST,DAYLIGHT,PARKED MOTOR VEHICLE,NOT DIVIDED,,STRAIGHT AND LEVEL,DRY,NO DEFECTS,NOT ON SCENE (DESK REPORT),NO INJURY / DRIVE AWAY,,,Y,$500 OR LESS,07/25/2025 05:05:00 PM,UNABLE TO DETERMINE,UNABLE TO DETERMINE,5348,N,RAVENSWOOD AVE,2012,,,,,,,2,NO INDICATION OF INJURY,0,0,0,0,0,1,0,15,6,7,41.9793523763,-87.675251113,POINT (-87.675251113011 41.979352376346)
55876d86907e433793792c6cc0cf69d09430df1286ae82fdd55002d0024ff3e752d4a2456e3a36bf1ca5e9120a493131da2a88920acf367b2a656b40f8b4f691,,07/25/2025 03:15:00 PM,25,NO CONTROLS,NO CONTROLS,RAIN,DAYLIGHT,ANGLE,FOUR WAY,,STRAIGHT AND LEVEL,WET,NO DEFECTS,NOT ON SCENE (DESK REPORT),NO INJURY / DRIVE AWAY,Y,,,"OVER $1,500",07/25/2025 03:50:00 PM,UNABLE TO DETERMINE,UNABLE TO DETERMINE,4900,S,HALSTED ST,933,,,,,,,2,NO INDICATION OF INJURY,0,0,0,0,0,6,0,15,6,7,41.8049852883,-87.6455798026,POINT (-87.645579802563 41.804985288338)
24582029bf076b038ebe14efc0eb6857827e955dbb9903641afe53e5c034fd91563bacb0c0d54deac3692bed4c624edfd16043d8f4e97e8399ede802bb01a50c,,07/25/2025 03:14:00 PM,30,TRAFFIC SIGNAL,FUNCTIONING PROPERLY,CLEAR,DAYLIGHT,TURNING,NOT DIVIDED,,STRAIGHT AND LEVEL,OTHER,NO DEFECTS,ON SCENE,NO INJURY / DRIVE AWAY,,,,"$501 - $1,500",07/25/2025 03:44:00 PM,IMPROPER LANE USAGE,DISREGARDING ROAD MARKINGS,599,S,HOMAN AVE,1134,,,,,,,2,NO INDICATION OF INJURY,0,0,0,0,0,3,0,15,6,7,41.8736435039,-87.7106351471,POINT (-87.71063514706 41.873643503908)
c7296fabc0afc94caa0c4e8f74e49cdfc677bd16c843cbb25722b776014401c2670380914ef37362cf6784b9568be0937e2bfc1bb8e24cc445e9484df8539a89,,07/25/2025 03:10:00 PM,30,NO CONTROLS,NO CONTROLS,CLEAR,DAYLIGHT,SIDESWIPE SAME DIRECTION,NOT DIVIDED,,STRAIGHT AND LEVEL,DRY,NO DEFECTS,NOT ON SCENE (DESK REPORT),NO INJURY / DRIVE AWAY,,,,"OVER $1,500",07/27/2025 12:10:00 PM,FAILING TO YIELD RIGHT-OF-WAY,NOT APPLICABLE,325,S,FRANKLIN ST,122,,,,,,,2,NO INDICATION OF INJURY,0,0,0,0,0,4,0,15,6,7,41.877489075,-87.6350447079,POINT (-87.635044707943 41.877489074982)
2178c889210c3648b31058472d5abb29c2cd4f3ef465638cca03006a0bec92ba2bfbf8f95bf0b05bc06dfdbf264a4298c4387972129a31f0fa9ac7bd99520056,,07/25/2025 03:01:00 PM,30,NO CONTROLS,NO CONTROLS,RAIN,DAYLIGHT,PARKED MOTOR VEHICLE,NOT DIVIDED,,STRAIGHT AND LEVEL,WET,NO DEFECTS,ON SCENE,INJURY AND / OR TOW DUE TO CRASH,,,Y,"OVER $1,500",07/25/2025 03:02:00 PM,UNABLE TO DETERMINE,DRIVING SKILLS/KNOWLEDGE/EXPERIENCE,6508,S,ASHLAND AVE,725,,,,,,,3,NO INDICATION OF INJURY,0,0,0,0,0,2,0,15,6,7,41.775513703,-87.664256915,POINT (-87.664256914954 41.775513702959)
1209820eb286397f6c419548cc775b4d435a1eac4b41dba967e964d8b0f0576877305bef126032bf0558de656e63a2fe55e0d84d8142637e551c1b52cafbc69e,Y,07/25/2025 03:00:00 PM,30,NO CONTROLS,NO CONTROLS,CLEAR,DAYLIGHT,REAR END,NOT DIVIDED,,STRAIGHT AND LEVEL,DRY,NO DEFECTS,NOT ON SCENE (DESK REPORT),NO INJURY / DRIVE AWAY,N,,Y,$500 OR LESS,07/25/2025 05:40:00 PM,UNABLE TO DETERMINE,UNABLE TO DETERMINE,1138,W,63RD ST,712,,,,,,,2,NO INDICATION OF INJURY,0,0,0,0,0,3,0,15,6,7,41.7797313871,-87.6536036813,POINT (-87.653603681327 41.779731387146)
5c91520d8035b2bd2fafa651d9e4d30312254dd53649d91ce73ad1938314d4f033ff6f1c9f75db1fec36ee4afb4bb1821eb7098e3cf809e04cf2d2990c34e920,,07/25/2025 03:00:00 PM,30,NO CONTROLS,NO CONTROLS,UNKNOWN,DAYLIGHT,PEDALCYCLIST,DIVIDED - W/MEDIAN BARRIER,,STRAIGHT AND LEVEL,UNKNOWN,UNKNOWN,NOT ON SCENE (DESK REPORT),INJURY AND / OR TOW DUE TO CRASH,,,,$500 OR LESS,08/08/2025 06:00:00 PM,UNABLE TO DETERMINE,NOT APPLICABLE,846,N,ASHLAND AVE,1213,,,,,,,2,"REPORTED, NOT EVIDENT",1,0,0,0,1,1,0,15,6,7,41.8974901602,-87.6674778084,POINT (-87.667477808363 41.897490160224)
732583dcb7574a8c95c67a22f4d6f9767d7607a5f7435d9bf4c2115a910592ee960b9b3838cfd77340deed9e34ef913750bd330a362a00361d3977b4ee4735c5,,07/25/2025 03:00:00 PM,30,NO CONTROLS,NO CONTROLS,RAIN,DAYLIGHT,REAR END,NOT DIVIDED,,STRAIGHT AND LEVEL,WET,NO DEFECTS,NOT ON SCENE (DESK REPORT),NO INJURY / DRIVE AWAY,,,,"OVER $1,500",07/28/2025 07:37:00 PM,FOLLOWING TOO CLOSELY,NOT APPLICABLE,6600,S,ASHLAND AVE,725,,,,,,,3,NO INDICATION OF INJURY,0,0,0,0,0,3,0,15,6,7,41.7739190108,-87.6642139276,POINT (-87.664213927644 41.77391901084)
85ad2500f65a6a246ebdddd28b2bffcee9edfd906efa315e49b8d0733e67011ebab380005ec6e715d5f683eae950cbee74f184bfc89ac4fa0689437ad76c639b,,07/25/2025 03:00:00 PM,30,NO CONTROLS,NO CONTROLS,CLOUDY/OVERCAST,DAYLIGHT,REAR END,NOT DIVIDED,,STRAIGHT AND LEVEL,WET,NO DEFECTS,ON SCENE,NO INJURY / DRIVE AWAY,,,,"OVER $1,500",07/25/2025 03:10:00 PM,NOT APPLICABLE,NOT APPLICABLE,1500,S,SACRAMENTO DR,1022,,,,,,,2,NO INDICATION OF INJURY,0,0,0,0,0,3,0,15,6,7,41.8612893516,-87.7023327565,POINT (-87.702332756521 41.861289351571)
db08a204464c2ace1f17a3b28fa7f091e26c1d6af22e58d6fe966a9160a4074a4723e4c1b3c7752862cc6c32dbd612ff0de4fbfcce017303e4ebd4682a42410a,,07/25/2025 03:00:00 PM,30,NO CONTROLS,NO CONTROLS,CLEAR,DAYLIGHT,SIDESWIPE SAME DIRECTION,NOT DIVIDED,,STRAIGHT AND LEVEL,DRY,NO DEFECTS,NOT ON SCENE (DESK REPORT),NO INJURY / DRIVE AWAY,,,,"OVER $1,500",07/25/2025 04:00:00 PM,IMPROPER OVERTAKING/PASSING,IMPROPER OVERTAKING/PASSING,924,E,47TH ST,222,,,,,,,2,NO INDICATION OF INJURY,0,0,0,0,0,2,0,15,6,7,41.80968464,-87.6029397907,POINT (-87.602939790721 41.809684640029)
0765cc87ea29765333d11a07fc56d4569b2396c342abef320af52c59b0bf2c36cb6e8bc18ebad9c3689fddf19433b4097c7ae87847990f6f63c7ea91facc2dbf,,07/25/2025 02:59:00 PM,30,TRAFFIC SIGNAL,FUNCTIONING PROPERLY,CLEAR,DAYLIGHT,REAR END,FOUR WAY,,STRAIGHT AND LEVEL,DRY,NO DEFECTS,ON SCENE,NO INJURY / DRIVE AWAY,,,Y,"$501 - $1,500",07/25/2025 03:09:00 PM,UNABLE TO DETERMINE,UNABLE TO DETERMINE,1600,N,CICERO AVE,2533,,,,,,,2,NO INDICATION OF INJURY,0,0,0,0,0,2,0,14,6,7,41.9096720015,-87.7462613036,POINT (-87.74626130363 41.90967200151)
1b31db970dffa46038e7f14f247141fbdee956bee7c98ff567f948d6e598eeb4b0daaa2c1648160b64f386720c43704ef3672f0aa7047410ecd3760e2ab5cf2b,,07/25/2025 02:52:00 PM,25,TRAFFIC SIGNAL,FUNCTIONING PROPERLY,CLEAR,DAYLIGHT,SIDESWIPE SAME DIRECTION,NOT DIVIDED,,STRAIGHT AND LEVEL,DRY,NO DEFECTS,ON SCENE,NO INJURY / DRIVE AWAY,,,,"OVER $1,500",07/25/2025 02:54:00 PM,IMPROPER LANE USAGE,UNABLE TO DETERMINE,5232,N,MILWAUKEE AVE,1623,,,,,,,2,NO INDICATION OF INJURY,0,0,0,0,0,3,0,14,6,7,41.9753502748,-87.7676329846,POINT (-87.767632984592 41.975350274776)
cc0ff0b6499cd7cfc6b373b29ed312e7cc254b7fa28bf71f87fa32d33eb3a4b1d71b7a8f822ff87ac80b44b52c21ad64d2add96d1dd17cd9420384097fc88f97,,07/25/2025 02:52:00 PM,30,TRAFFIC SIGNAL,FUNCTIONING PROPERLY,CLEAR,DAYLIGHT,TURNING,NOT DIVIDED,,STRAIGHT AND LEVEL,DRY,NO DEFECTS,ON SCENE,INJURY AND / OR TOW DUE TO CRASH,Y,,,"OVER $1,500",07/25/2025 02:52:00 PM,FAILING TO REDUCE SPEED TO AVOID CRASH,UNABLE TO DETERMINE,6400,N,CALDWELL AVE,1621,,,,,,,2,NONINCAPACITATING INJURY,1,0,0,1,0,1,0,14,6,7,41.9972314882,-87.7668182559,POINT (-87.766818255859 41.997231488192)