CRASH_RECORD_ID,CRASH_DATE_EST_I,CRASH_DATE,POSTED_SPEED_LIMIT,TRAFFIC_CONTROL_DEVICE,DEVICE_CONDITION,WEATHER_CONDITION,LIGHTING_CONDITION,FIRST_CRASH_TYPE,TRAFFICWAY_TYPE,LANE_CNT,ALIGNMENT,ROADWAY_SURFACE_COND,ROAD_DEFECT,REPORT_TYPE,CRASH_TYPE,INTERSECTION_RELATED_I,NOT_RIGHT_OF_WAY_I,HIT_AND_RUN_I,DAMAGE,DATE_POLICE_NOTIFIED,PRIM_CONTRIBUTORY_CAUSE,SEC_CONTRIBUTORY_CAUSE,STREET_NO,STREET_DIRECTION,STREET_NAME,BEAT_OF_OCCURRENCE,PHOTOS_TAKEN_I,STATEMENTS_TAKEN_I,DOORING_I,WORK_ZONE_I,WORK_ZONE_TYPE,WORKERS_PRESENT_I,NUM_UNITS,MOST_SEVERE_INJURY,INJURIES_TOTAL,INJURIES_FATAL,INJURIES_INCAPACITATING,INJURIES_NON_INCAPACITATING,INJURIES_REPORTED_NOT_EVIDENT,INJURIES_NO_INDICATION,INJURIES_UNKNOWN,CRASH_HOUR,CRASH_DAY_OF_WEEK,CRASH_MONTH,LATITUDE,LONGITUDE,LOCATION
75b561fae4259f7010235d610b0146b4b1bb2bae3b6c201b8138737e9d7206f895653e8e671f0854fc129496026707808b9e42f1c7fd93dfd58354dcff803e3f,,07/25/2025 02:50:00 PM,45,NO CONTROLS,NO CONTROLS,CLEAR,DAYLIGHT,SIDESWIPE SAME DIRECTION,DIVIDED - W/MEDIAN BARRIER,,STRAIGHT AND LEVEL,DRY,NO DEFECTS,ON SCENE,NO INJURY / DRIVE AWAY,,,,"OVER $1,500",07/25/2025 03:02:00 PM,DRIVING SKILLS/KNOWLEDGE/EXPERIENCE,NOT APPLICABLE,3306,N,LAKE SHORE DR,1925,,,,,,,2,NO INDICATION OF INJURY,0,0,0,0,0,2,0,14,6,7,41.9424754517,-87.6401895609,POINT (-87.640189560852 41.942475451723)
1dff523cf90aff75f51477dd8a171057988f0fd5ce6e50407c5ee2d7ea116edada6ef0378e56c00f4158c6f89da02b57e118f1c84a2e7529a13241472e52bd44,,07/25/2025 02:47:00 PM,30,NO CONTROLS,NO CONTROLS,FREEZING RAIN/DRIZZLE,DAYLIGHT,REAR END,NOT DIVIDED,,STRAIGHT AND LEVEL,WET,NO DEFECTS,NOT ON SCENE (DESK REPORT),NO INJURY / DRIVE AWAY,,,Y,"$501 - $1,500",07/25/2025 03:11:00 PM,FOLLOWING TOO CLOSELY,NOT APPLICABLE,4650,S,KEDZIE AVE,821,,,,,,,2,NO INDICATION OF INJURY,0,0,0,0,0,5,0,14,6,7,41.8084288538,-87.7041358573,POINT (-87.704135857286 41.808428853789)
8bb8b4e749d97a0767c2b6f66ab7a5d4a3fc65ba713470691df7aa1de4fc6d70d6743165e1218d74197e272d833cd347148fbcdcd6264fac27e04865e0345037,,07/25/2025 02:45:00 PM,50,NO CONTROLS,NO CONTROLS,CLEAR,DAYLIGHT,SIDESWIPE SAME DIRECTION,DIVIDED - W/MEDIAN BARRIER,,STRAIGHT AND LEVEL,DRY,NO DEFECTS,ON SCENE,NO INJURY / DRIVE AWAY,,,,"$501 - $1,500",07/25/2025 02:50:00 PM,UNABLE TO DETERMINE,NOT APPLICABLE,10000,W,OHARE ST,1651,,,,Y,CONSTRUCTION,,2,NO INDICATION OF INJURY,0,0,0,0,0,2,0,14,6,7,41.976201139,-87.9053091251,POINT (-87.905309125103 41.976201139024)
f708fb76658aa0897f6bf3af76af23a3aac16cb1569447dcb0d92adb51ea1411ea8c03ea1230d6440a94c4fb9e88756733ddb3de59a208ddae3858e5dc018f29,,07/25/2025 02:43:00 PM,30,TRAFFIC SIGNAL,FUNCTIONING PROPERLY,CLEAR,DAYLIGHT,PEDESTRIAN,NOT DIVIDED,,STRAIGHT AND LEVEL,DRY,UNKNOWN,,INJURY AND / OR TOW DUE TO CRASH,Y,,,"OVER $1,500",07/25/2025 02:46:00 PM,UNABLE TO DETERMINE,NOT APPLICABLE,3200,N,SHEFFIELD AVE,1924,,,,,,,2,NONINCAPACITATING INJURY,1,0,0,1,0,1,0,14,6,7,41.9400010764,-87.6542558592,POINT (-87.654255859203 41.940001076433)
baf1c3e4a8c2e0cbe0fcd224d58ecd4dcc9df80c2a7f57b87115a75719241032660b5e6914a303660f02670b63eb61abcc5fa228badfac78f27814816b1f5da9,Y,07/25/2025 02:41:00 PM,45,NO CONTROLS,NO CONTROLS,CLEAR,DAYLIGHT,SIDESWIPE SAME DIRECTION,DIVIDED - W/MEDIAN BARRIER,,STRAIGHT AND LEVEL,DRY,NO DEFECTS,NOT ON SCENE (DESK REPORT),NO INJURY / DRIVE AWAY,,,,"OVER $1,500",07/26/2025 05:28:00 PM,FOLLOWING TOO CLOSELY,UNABLE TO DETERMINE,1250,N,LAKE SHORE DR,1824,,,,,,,2,NO INDICATION OF INJURY,0,0,0,0,0,2,0,14,6,7,41.9054736065,-87.6253453209,POINT (-87.625345320884 41.905473606469)
a86eef51cfb4acfae410faab4012130aaead877f03a745a45f91d4b6f483d6008c3a32fb3bdf3d4a011950bbebe4ef34a89b7974587e9739327635d225a32c5a,,07/25/2025 02:40:00 PM,30,NO CONTROLS,UNKNOWN,RAIN,DAYLIGHT,TURNING,DIVIDED - W/MEDIAN (NOT RAISED),,STRAIGHT AND LEVEL,WET,UNKNOWN,ON SCENE,INJURY AND / OR TOW DUE TO CRASH,Y,,,"OVER $1,500",07/25/2025 02:45:00 PM,FAILING TO YIELD RIGHT-OF-WAY,NOT APPLICABLE,4600,S,WESTERN AVE,922,,,,,,,3,"REPORTED, NOT EVIDENT",1,0,0,0,1,2,0,14,6,7,41.8102069793,-87.684636304,POINT (-87.684636303983 41.810206979261)
faf9b8422e7970bf5127d4fdac201404ef08b191fcb58d2629937779abeb16b669e058c8007606d043863de4920fd3a69a1b00f46656d74322003b0eedf7ebc1,,07/25/2025 02:40:00 PM,30,TRAFFIC SIGNAL,FUNCTIONING PROPERLY,CLEAR,DAYLIGHT,REAR END,NOT DIVIDED,,STRAIGHT AND LEVEL,DRY,NO DEFECTS,NOT ON SCENE (DESK REPORT),NO INJURY / DRIVE AWAY,Y,,Y,"OVER $1,500",07/25/2025 06:26:00 PM,FOLLOWING TOO CLOSELY,IMPROPER OVERTAKING/PASSING,2501,N,MILWAUKEE AVE,1414,,,,,,,2,NO INDICATION OF INJURY,0,0,0,0,0,4,0,14,6,7,41.9269062424,-87.7036412396,POINT (-87.703641239599 41.926906242377)
6909eeffc1e9cf3404dce659092734d5df27d3b51dad836fe92f48efb41de15b312b76bb44f3d8a19765d29ff9224d453f6bc7024a9ea468c395c3feb96b88c6,,07/25/2025 02:30:00 PM,30,TRAFFIC SIGNAL,FUNCTIONING PROPERLY,RAIN,DAYLIGHT,ANGLE,FOUR WAY,,STRAIGHT AND LEVEL,WET,NO DEFECTS,NOT ON SCENE (DESK REPORT),NO INJURY / DRIVE AWAY,Y,,Y,"OVER $1,500",07/25/2025 06:00:00 PM,WEATHER,UNABLE TO DETERMINE,298,W,GARFIELD BLVD,935,,,,,,,2,NO INDICATION OF INJURY,0,0,0,0,0,2,0,14,6,7,41.7946257177,-87.6329422736,POINT (-87.632942273645 41.794625717721)
894cc3a28e1c14ba5dc2b04399ff024049844babab83a63ae440db0f992af700691d71c69e24783285bda84960ee38ad2393613e3ffddf44e55edc7c3344f8d3,,07/25/2025 02:30:00 PM,30,TRAFFIC SIGNAL,FUNCTIONING PROPERLY,RAIN,DAYLIGHT,REAR TO SIDE,NOT DIVIDED,,STRAIGHT AND LEVEL,WET,NO DEFECTS,NOT ON SCENE (DESK REPORT),NO INJURY / DRIVE AWAY,,,Y,"$501 - $1,500",07/25/2025 02:53:00 PM,FOLLOWING TOO CLOSELY,NOT APPLICABLE,834,E,79TH ST,624,,,,,,,2,NO INDICATION OF INJURY,0,0,0,0,0,2,0,14,6,7,41.7514128472,-87.6038247832,POINT (-87.603824783182 41.751412847209)
eb5828eae9bc6a4f321d9bed24025453a60ede32cba921a5060036bb8566b4f199e0cfa7390fcba4d072e16b7a8ebd19bbc8bce306e01d5f4566587a82053d6f,Y,07/25/2025 02:30:00 PM,40,NO CONTROLS,NO CONTROLS,CLEAR,DAYLIGHT,PARKED MOTOR VEHICLE,NOT DIVIDED,,STRAIGHT AND LEVEL,WET,NO DEFECTS,ON SCENE,INJURY AND / OR TOW DUE TO CRASH,,,Y,"OVER $1,500",07/25/2025 02:35:00 PM,UNABLE TO DETERMINE,UNABLE TO DETERMINE,6530,S,WESTERN AVE,832,,,,,,,2,NO INDICATION OF INJURY,0,0,0,0,0,1,0,14,6,7,41.7746608021,-87.6836654796,POINT (-87.68366547963 41.774660802083)
8f8da417b1b606572fa1a2b202f30ef138929e022b2c9e5e963b7845b83f00fb68c30cc94d4fa174b880c3240db215412151757b5acc62c058476e1007561265,,07/25/2025 02:28:00 PM,40,NO CONTROLS,NO CONTROLS,RAIN,DAYLIGHT,REAR END,DIVIDED - W/MEDIAN BARRIER,,STRAIGHT AND LEVEL,WET,NO DEFECTS,ON SCENE,INJURY AND / OR TOW DUE TO CRASH,,,,"OVER $1,500",07/25/2025 02:40:00 PM,FAILING TO REDUCE SPEED TO AVOID CRASH,NOT APPLICABLE,1138,N,LAKE SHORE DR NB,1824,,,,,,,3,NONINCAPACITATING INJURY,2,0,0,1,1,1,0,14,6,7,41.9035621094,-87.6246504511,POINT (-87.624650451122 41.903562109374)
33d5999d661d9f3acb70d84783098de43dabcaec217ae63112c389f957486762d619a77ec2c1fe826db32d46d6c1032258f02ac75e69fd3d367741c45672a284,,07/25/2025 02:23:00 PM,30,OTHER,FUNCTIONING PROPERLY,CLEAR,DAYLIGHT,TURNING,FOUR WAY,,STRAIGHT AND LEVEL,DRY,NO DEFECTS,ON SCENE,INJURY AND / OR TOW DUE TO CRASH,Y,,,"OVER $1,500",07/25/2025 04:46:00 PM,IMPROPER TURNING/NO SIGNAL,IMPROPER TURNING/NO SIGNAL,7701,S,STONY ISLAND AVE,411,,,,,,,2,"REPORTED, NOT EVIDENT",1,0,0,0,1,3,0,14,6,7,41.7550378079,-87.5853783901,POINT (-87.585378390144 41.755037807876)
d00e091ed427b740563c0f992b05922cc54786df1c252007d5b75ac05fe6c3cde4becddb9987b980b3a8962a5e8291cf7b849a7e74fad9bd2909d49aaf8f7e27,,07/25/2025 02:20:00 PM,30,NO CONTROLS,NO CONTROLS,CLEAR,DAYLIGHT,REAR END,NOT DIVIDED,,STRAIGHT AND LEVEL,DRY,NO DEFECTS,,NO INJURY / DRIVE AWAY,,,Y,"OVER $1,500",07/25/2025 03:15:00 PM,FOLLOWING TOO CLOSELY,FOLLOWING TOO CLOSELY,4800,W,LAWRENCE AVE,1623,,,,,,,2,NO INDICATION OF INJURY,0,0,0,0,0,2,0,14,6,7,41.9681329619,-87.7480531882,POINT (-87.748053188199 41.96813296193)
b4e6c817fd381c659786164ef17ac0ec478cb06ac4f8630cb09131a5a913c89667c56d49c99316db29ff1df78805ef8b5b42b077c40dd4236762f613d99d2e81,,07/25/2025 02:16:00 PM,30,UNKNOWN,UNKNOWN,UNKNOWN,DAYLIGHT,ANGLE,DIVIDED - W/MEDIAN (NOT RAISED),,STRAIGHT AND LEVEL,UNKNOWN,UNKNOWN,NOT ON SCENE (DESK REPORT),NO INJURY / DRIVE AWAY,,,,"OVER $1,500",07/25/2025 03:05:00 PM,NOT APPLICABLE,NOT APPLICABLE,5156,W,CHICAGO AVE,1531,,,,,,,2,NO INDICATION OF INJURY,0,0,0,0,0,2,0,14,6,7,41.8950494615,-87.7554645565,POINT (-87.755464556517 41.895049461537)
d8c5d334df274914e653a70117b0d071c5a6bc25fb9c4c068c45fad8e35c0c0b841eb9450643eb5210b9efcee2b071e7ae5cae76ed9fb9787686f24ae674f613,,07/25/2025 02:10:00 PM,25,STOP SIGN/FLASHER,NO CONTROLS,RAIN,DAYLIGHT,TURNING,NOT DIVIDED,,STRAIGHT AND LEVEL,WET,SHOULDER DEFECT,NOT ON SCENE (DESK REPORT),NO INJURY / DRIVE AWAY,,,,"$501 - $1,500",07/25/2025 02:20:00 PM,WEATHER,DRIVING SKILLS/KNOWLEDGE/EXPERIENCE,818,W,31ST ST,913,,,,,,,2,NO INDICATION OF INJURY,0,0,0,0,0,2,0,14,6,7,41.8381492661,-87.6469527979,POINT (-87.646952797862 41.83814926615)
173324f4b02e078fb1a3772c37292799754d630c3545b3257fe7eefbe88cd9667218ad5ea4b1aba187e866969b9a91ccf939f815a7c7f534e7a21598b796633b,,07/25/2025 02:09:00 PM,30,TRAFFIC SIGNAL,FUNCTIONING PROPERLY,CLEAR,DAYLIGHT,REAR END,NOT DIVIDED,,STRAIGHT AND LEVEL,DRY,NO DEFECTS,NOT ON SCENE (DESK REPORT),NO INJURY / DRIVE AWAY,,,Y,"OVER $1,500",07/25/2025 02:14:00 PM,UNABLE TO DETERMINE,UNABLE TO DETERMINE,3100,S,LAKE SHORE DR SB,211,,,,,,,2,NO INDICATION OF INJURY,0,0,0,0,0,2,0,14,6,7,41.8383932992,-87.6087495204,POINT (-87.608749520406 41.838393299151)
bd12b9da1481b155c3391ffeb8a0a50809e8c9ee7289b47f2dd111076db62a9ad2145dd46b1523ac0f9b2b26b72eefb8a2912e2ab5bcbf6530c6304851146a98,,07/25/2025 02:08:00 PM,30,NO CONTROLS,NO CONTROLS,CLOUDY/OVERCAST,DAYLIGHT,REAR END,DIVIDED - W/MEDIAN (NOT RAISED),,STRAIGHT AND LEVEL,WET,NO DEFECTS,NOT ON SCENE (DESK REPORT),NO INJURY / DRIVE AWAY,,,,"$501 - $1,500",07/25/2025 04:05:00 PM,WEATHER,UNABLE TO DETERMINE,1512,S,PULASKI RD,1012,,,,,,,2,NO INDICATION OF INJURY,0,0,0,0,0,2,0,14,6,7,41.8602609814,-87.7251426017,POINT (-87.725142601654 41.860260981443)
2672ecf12a99ce602ec3df3ce3a3344e279676d683e4c83ef9771c552aac32d1e67835cf235c846b0dc02f9dca37ed53106e2ff2760dda62be758c6e0a986aeb,,07/25/2025 02:05:00 PM,30,UNKNOWN,UNKNOWN,OTHER,UNKNOWN,PARKED MOTOR VEHICLE,NOT DIVIDED,,STRAIGHT AND LEVEL,UNKNOWN,UNKNOWN,ON SCENE,NO INJURY / DRIVE AWAY,,,Y,"OVER $1,500",08/01/2025 02:15:00 PM,UNABLE TO DETERMINE,NOT APPLICABLE,323,S,JEFFERSON ST,121,,,,,,,2,NO INDICATION OF INJURY,0,0,0,0,0,1,0,14,6,7,41.877279513,-87.6423670014,POINT (-87.642367001436 41.877279513047)
9295d42702c068870110c9fcf43b0fd920b0ba5de7b8c23a886e79aa9e2450353ccb4db36fa326b665a0285d3ad08f77ae81e4f697424ba1e23712eab39558f3,,07/25/2025 02:00:00 PM,35,NO CONTROLS,NO CONTROLS,RAIN,DAYLIGHT,TURNING,NOT DIVIDED,,STRAIGHT ON GRADE,WET,NO DEFECTS,ON SCENE,INJURY AND / OR TOW DUE TO CRASH,,,,"OVER $1,500",07/25/2025 02:36:00 PM,UNABLE TO DETERMINE,UNABLE TO DETERMINE,11105,S,CICERO AVE,2211,,,,,,,2,"REPORTED, NOT EVIDENT",1,0,0,0,1,3,0,14,6,7,41.6906615882,-87.7395838754,POINT (-87.73958387535 41.690661588195)
95ec16aef7fe90a07dcb2401c2304591abcd2824c340b5bd5ddddd84395da3496034a6399a0fb6379fc89dc6331267f3e03d958c9670518117637a2f924df96c,,07/25/2025 02:00:00 PM,30,UNKNOWN,UNKNOWN,UNKNOWN,DAYLIGHT,PARKED MOTOR VEHICLE,OTHER,,STRAIGHT AND LEVEL,UNKNOWN,WORN SURFACE,NOT ON SCENE (DESK REPORT),NO INJURY / DRIVE AWAY,,,Y,"OVER $1,500",07/26/2025 02:40:00 PM,UNABLE TO DETERMINE,NOT APPLICABLE,1613,W,HUBBARD ST,1215,,,,,,,2,NO INDICATION OF INJURY,0,0,0,0,0,1,0,14,6,7,41.8897692447,-87.6677136626,POINT (-87.667713662581 41.88976924469)
2cbfe7e1876ada975543bf9b8a4de0348460d9c27acf0660c0fd3ef2b3d565a24c03f32631a50a27254f2536229634344accd617c39a62eb2138434f43a769c0,,07/25/2025 01:55:00 PM,25,NO CONTROLS,NO CONTROLS,RAIN,DAYLIGHT,TURNING,NOT DIVIDED,,STRAIGHT AND LEVEL,WET,NO DEFECTS,NOT ON SCENE (DESK REPORT),NO INJURY / DRIVE AWAY,Y,,,"OVER $1,500",07/25/2025 02:50:00 PM,UNABLE TO DETERMINE,UNABLE TO DETERMINE,5100,S,MARSHFIELD AVE,932,,,,,,,2,NO INDICATION OF INJURY,0,0,0,0,0,2,0,13,6,7,41.8012089305,-87.6661405612,POINT (-87.666140561225 41.801208930477)
b4d67d02bfd6c55ba566580a97f0a7a0016d73da0ef8f86b8a80edc23a486c86687cd61ede7f2824d27c2a09efd89363c07b5e33682d1820c2208201aed583b1,,07/25/2025 01:50:00 PM,30,TRAFFIC SIGNAL,FUNCTIONING PROPERLY,CLEAR,DAYLIGHT,REAR END,ONE-WAY,,STRAIGHT AND LEVEL,DRY,NO DEFECTS,NOT ON SCENE (DESK REPORT),NO INJURY / DRIVE AWAY,,,,"OVER $1,500",07/26/2025 09:50:00 AM,FAILING TO REDUCE SPEED TO AVOID CRASH,NOT APPLICABLE,11858,S,MARSHFIELD AVE,2234,,,,,,,2,NO INDICATION OF INJURY,0,0,0,0,0,2,0,13,6,7,41.6776031411,-87.6626183739,POINT (-87.66261837386 41.677603141088)
520a0a949037f21259e0ba17d705a10ed331d5206ac022afa1274f2a58eab75975a05da1964f4f81b1f07fd6b3546fc5ec5b1eb9f3699f244f9af9415bfb6593,,07/25/2025 01:45:00 PM,30,NO CONTROLS,NO CONTROLS,CLEAR,DAYLIGHT,SIDESWIPE SAME DIRECTION,NOT DIVIDED,,STRAIGHT AND LEVEL,DRY,NO DEFECTS,ON SCENE,NO INJURY / DRIVE AWAY,,,,"OVER $1,500",07/25/2025 02:45:00 PM,IMPROPER OVERTAKING/PASSING,IMPROPER OVERTAKING/PASSING,998,W,ADDISON ST,1923,,,,,,,2,NO INDICATION OF INJURY,0,0,0,0,0,2,0,13,6,7,41.9473554594,-87.6542733491,POINT (-87.654273349059 41.94735545944)
9d983b134bae9fcc876715286567bed95ab1f12e0ed73268aa76e1b35f2d31241b2a4897fb7d7a319d5a25b1be0df00923a42fca73b454a2ad9128a70b70ea1f,,07/25/2025 01:45:00 PM,30,TRAFFIC SIGNAL,FUNCTIONING PROPERLY,CLEAR,DAYLIGHT,REAR END,NOT DIVIDED,,STRAIGHT AND LEVEL,UNKNOWN,UNKNOWN,NOT ON SCENE (DESK REPORT),NO INJURY / DRIVE AWAY,,,Y,"OVER $1,500",07/25/2025 02:00:00 PM,FOLLOWING TOO CLOSELY,FOLLOWING TOO CLOSELY,4381,N,ELSTON AVE,1722,,,,,,,2,NO INDICATION OF INJURY,0,0,0,0,0,2,0,13,6,7,41.960422397,-87.7287470788,POINT (-87.728747078826 41.960422397018)
25dd95d17a5334c5598daa6423141f98d79beecc07e7a4904599ce10d65d0693b9f0a630bd73871437b46e2eb97893bd6c072adfb706e31e385b2c123b89d241,,07/25/2025 01:40:00 PM,30,NO CONTROLS,NO CONTROLS,RAIN,DAYLIGHT,TURNING,NOT DIVIDED,,STRAIGHT AND LEVEL,WET,NO DEFECTS,NOT ON SCENE (DESK REPORT),NO INJURY / DRIVE AWAY,,,,"$501 - $1,500",07/25/2025 02:50:00 PM,IMPROPER TURNING/NO SIGNAL,IMPROPER OVERTAKING/PASSING,11300,S,DOTY AVE W,531,,,,,,,3,NO INDICATION OF INJURY,0,0,0,0,0,3,0,13,6,7,41.6890910841,-87.6005190191,POINT (-87.600519019063 41.689091084145)
2c8c4bb46297ec9f12a7617f340ea05564ac832b7acabd38edbaa79b9af94c9a85d84bbdc1cbb3ef78c4034a795b24af6737a619e56cb3ec7ffb3820c380c56a,,07/25/2025 01:36:00 PM,25,STOP SIGN/FLASHER,FUNCTIONING PROPERLY,CLOUDY/OVERCAST,DAYLIGHT,PEDALCYCLIST,NOT DIVIDED,,STRAIGHT AND LEVEL,DRY,NO DEFECTS,ON SCENE,NO INJURY / DRIVE AWAY,,,Y,$500 OR LESS,07/25/2025 01:36:00 PM,UNABLE TO DETERMINE,UNABLE TO DETERMINE,6545,N,GLENWOOD AVE,2432,,,,,,,2,NO INDICATION OF INJURY,0,0,0,0,0,2,0,13,6,7,42.0013197764,-87.6654634735,POINT (-87.665463473539 42.001319776438)
1668dd53c42d9909ba9e0dc495ca89fd0bef873ed73ea26e33301a956c63f82189b57f5d896fe5ac9bbb8d92ed88f88a275e2c94d98e192522d62e06efeb162f,,07/25/2025 01:34:00 PM,30,NO CONTROLS,NO CONTROLS,CLEAR,DAYLIGHT,ANGLE,DIVIDED - W/MEDIAN (NOT RAISED),,STRAIGHT AND LEVEL,UNKNOWN,UNKNOWN,NOT ON SCENE (DESK REPORT),NO INJURY / DRIVE AWAY,,,,"OVER $1,500",07/25/2025 02:44:00 PM,IMPROPER BACKING,IMPROPER BACKING,1008,W,WINONA ST,2024,,,,,,,2,NO INDICATION OF INJURY,0,0,0,0,0,2,0,13,6,7,41.9753839045,-87.6553904813,POINT (-87.655390481252 41.975383904507)
81ec4ad378d9a7f4a9c970a1e34629516db3b1fac878edc31d7fc174f4f50f0a48dfcb574669b0caff0a63c60b4b91b6b3b520895b51f7e7e45ded6a97709403,,07/25/2025 01:31:00 PM,30,UNKNOWN,UNKNOWN,UNKNOWN,DAYLIGHT,REAR END,DIVIDED - W/MEDIAN (NOT RAISED),,STRAIGHT AND LEVEL,UNKNOWN,UNKNOWN,NOT ON SCENE (DESK REPORT),NO INJURY / DRIVE AWAY,,,,"OVER $1,500",07/25/2025 02:13:00 PM,UNABLE TO DETERMINE,NOT APPLICABLE,1117,N,AUSTIN BLVD,1511,,,,,,,2,NO INDICATION OF INJURY,0,0,0,0,0,2,0,13,6,7,41.9007171723,-87.7751733712,POINT (-87.775173371161 41.900717172274)
1fc37312ed3a73113d47e6144cfaf9ebf7132db4972555aa6136c8129bbf79c7aa99677141299a6a84eaa13b9dbc741b2be7dd58be0cbd3e2372ae919ebd66cc,,07/25/2025 01:30:00 PM,30,STOP SIGN/FLASHER,FUNCTIONING PROPERLY,RAIN,DAYLIGHT,PEDALCYCLIST,FOUR WAY,,STRAIGHT AND LEVEL,WET,UNKNOWN,NOT ON SCENE (DESK REPORT),NO INJURY / DRIVE AWAY,Y,,,"$501 - $1,500",07/25/2025 08:20:00 PM,WEATHER,NOT APPLICABLE,5800,S,ELLIS AVE,235,,,,,,,2,NO INDICATION OF INJURY,0,0,0,0,0,4,0,13,6,7,41.7895382698,-87.6014083658,POINT (-87.601408365769 41.789538269773)
3dc5893bd6af94a0c0419a3203a4051cb2f76b4a27fbd46c89f747adfef623e80aefe694926d84737e333792d7b84fb5227d8d811f5f99dfcae0768b80b67845,,07/25/2025 01:30:00 PM,30,NO CONTROLS,NO CONTROLS,RAIN,DAYLIGHT,SIDESWIPE SAME DIRECTION,NOT DIVIDED,,STRAIGHT AND LEVEL,DRY,NO DEFECTS,NOT ON SCENE (DESK REPORT),NO INJURY / DRIVE AWAY,,,Y,"OVER $1,500",07/25/2025 02:00:00 PM,UNABLE TO DETERMINE,NOT APPLICABLE,3156,W,CHICAGO AVE,1211,,,,,,,2,NO INDICATION OF INJURY,0,0,0,0,0,2,0,13,6,7,41.8956645525,-87.7064114773,POINT (-87.706411477325 41.895664552516)
3f34b2b809843efa329b2d7ddbcebc47e858020af0bdff5801618238e5d710f0a91b3d117cb4b88443d76312becba0b60a3a9f2f0596c277b02318f5b91ae978,Y,07/25/2025 01:30:00 PM,45,UNKNOWN,UNKNOWN,UNKNOWN,UNKNOWN,SIDESWIPE SAME DIRECTION,DIVIDED - W/MEDIAN BARRIER,,STRAIGHT AND LEVEL,UNKNOWN,UNKNOWN,NOT ON SCENE (DESK REPORT),NO INJURY / DRIVE AWAY,,,,"OVER $1,500",07/25/2025 02:20:00 PM,UNABLE TO DETERMINE,NOT APPLICABLE,5660,S,LAKE SHORE DR SB,331,,,,,,,2,NO INDICATION OF INJURY,0,0,0,0,0,2,0,13,6,7,41.7915339165,-87.5802087355,POINT (-87.580208735455 41.791533916538)
51d66f0b4741cbf57008f9e410f3d92b015a1db5650a18273a2ba2324f8d10bc81441321cd21bf028a3a8a981a4e46b2664319d0b38dd1834f79845c25df6c6b,,07/25/2025 01:30:00 PM,30,NO CONTROLS,NO CONTROLS,RAIN,DAYLIGHT,PARKED MOTOR VEHICLE,NOT DIVIDED,,STRAIGHT AND LEVEL,WET,NO DEFECTS,NOT ON SCENE (DESK REPORT),NO INJURY / DRIVE AWAY,,,,"OVER $1,500",07/30/2025 10:00:00 AM,DRIVING SKILLS/KNOWLEDGE/EXPERIENCE,DRIVING SKILLS/KNOWLEDGE/EXPERIENCE,8006,S,WESTERN AVE,835,,,,,,,2,NO INDICATION OF INJURY,0,0,0,0,0,1,0,13,6,7,41.7480682323,-87.6829472159,POINT (-87.682947215861 41.748068232257)
bbe3788b475e4d0cbe8caa713c63445296ba85fd0d60c6dc16a6ed836680246f0c2b61497aca7f898882b1d21627d77e14ab8daa08fce00b8026c64d15a7cde0,N,07/25/2025 01:30:00 PM,30,TRAFFIC SIGNAL,FUNCTIONING IMPROPERLY,RAIN,DAYLIGHT,FIXED OBJECT,FOUR WAY,,STRAIGHT AND LEVEL,WET,NO DEFECTS,ON SCENE,INJURY AND / OR TOW DUE TO CRASH,Y,,N,"OVER $1,500",07/25/2025 01:40:00 PM,UNABLE TO DETERMINE,UNABLE TO DETERMINE,500,W,MARQUETTE RD,722,,,,,,,1,NO INDICATION OF INJURY,0,0,0,0,0,1,0,13,6,7,41.7727044642,-87.6371130909,POINT (-87.637113090947 41.772704464185)
62ed99161942bd5237db1b8d919ec243148be9c4422b0e44c7fc7272be5e663821bd9549e106a5e614d536da35dac576f3c57062ab9950f2f47c333c3b9cea35,,07/25/2025 01:27:00 PM,30,TRAFFIC SIGNAL,FUNCTIONING PROPERLY,RAIN,DAYLIGHT,TURNING,ONE-WAY,,STRAIGHT AND LEVEL,WET,NO DEFECTS,NOT ON SCENE (DESK REPORT),INJURY AND / OR TOW DUE TO CRASH,Y,,,"OVER $1,500",07/25/2025 05:30:00 PM,FAILING TO YIELD RIGHT-OF-WAY,NOT APPLICABLE,2302,W,WARREN BLVD,1223,,,,,,,2,"REPORTED, NOT EVIDENT",1,0,0,0,1,1,0,13,6,7,41.8822226061,-87.6841857629,POINT (-87.684185762949 41.882222606073)
4e4a064c127264a4cfa6990260c7974c47f0ed6f91422f9305b996ffbb8a163322d802d56f884b30f459c4e0220cffc63a1efa5e447871416f2016107ec1fe81,,07/25/2025 01:22:00 PM,30,NO CONTROLS,NO CONTROLS,CLEAR,DAYLIGHT,PEDALCYCLIST,NOT DIVIDED,,STRAIGHT AND LEVEL,DRY,NO DEFECTS,NOT ON SCENE (DESK REPORT),NO INJURY / DRIVE AWAY,,,,"OVER $1,500",07/25/2025 04:30:00 PM,UNABLE TO DETERMINE,UNABLE TO DETERMINE,1500,S,DAMEN AVE,1233,,,,,,,2,NO INDICATION OF INJURY,0,0,0,0,0,2,0,13,6,7,41.8612284044,-87.6762550882,POINT (-87.676255088214 41.861228404437)