CRASH_RECORD_ID,CRASH_DATE_EST_I,CRASH_DATE,POSTED_SPEED_LIMIT,TRAFFIC_CONTROL_DEVICE,DEVICE_CONDITION,WEATHER_CONDITION,LIGHTING_CONDITION,FIRST_CRASH_TYPE,TRAFFICWAY_TYPE,LANE_CNT,ALIGNMENT,ROADWAY_SURFACE_COND,ROAD_DEFECT,REPORT_TYPE,CRASH_TYPE,INTERSECTION_RELATED_I,NOT_RIGHT_OF_WAY_I,HIT_AND_RUN_I,DAMAGE,DATE_POLICE_NOTIFIED,PRIM_CONTRIBUTORY_CAUSE,SEC_CONTRIBUTORY_CAUSE,STREET_NO,STREET_DIRECTION,STREET_NAME,BEAT_OF_OCCURRENCE,PHOTOS_TAKEN_I,STATEMENTS_TAKEN_I,DOORING_I,WORK_ZONE_I,WORK_ZONE_TYPE,WORKERS_PRESENT_I,NUM_UNITS,MOST_SEVERE_INJURY,INJURIES_TOTAL,INJURIES_FATAL,INJURIES_INCAPACITATING,INJURIES_NON_INCAPACITATING,INJURIES_REPORTED_NOT_EVIDENT,INJURIES_NO_INDICATION,INJURIES_UNKNOWN,CRASH_HOUR,CRASH_DAY_OF_WEEK,CRASH_MONTH,LATITUDE,LONGITUDE,LOCATION
12f1ce5195dd85e74bdc222aca22867bc2d9c29bfe3bfcf2fbc0c51e9f89b6d255d9a688b808b16db8717f44b658f8db29dd46a46741b70818d7964bcb7f438f,,07/25/2025 01:20:00 PM,30,NO CONTROLS,NO CONTROLS,CLEAR,DAYLIGHT,REAR END,NOT DIVIDED,,STRAIGHT AND LEVEL,DRY,NO DEFECTS,ON SCENE,NO INJURY / DRIVE AWAY,,,Y,"$501 - $1,500",07/25/2025 01:26:00 PM,UNABLE TO DETERMINE,NOT APPLICABLE,5616,N,CENTRAL AVE,1622,,,,,,,2,NO INDICATION OF INJURY,0,0,0,0,0,2,0,13,6,7,41.9834713147,-87.7684797868,POINT (-87.768479786806 41.9834713147)
7259ae1806ebd71b41614c60752aadb260404f74a2f438bf34210b7c9fa6571d0ec567b1d4adedf5a33095860f71cb004925963f0ca95e88fb2b5e5a7ec5b588,,07/25/2025 01:20:00 PM,30,UNKNOWN,UNKNOWN,UNKNOWN,DAYLIGHT,ANGLE,PARKING LOT,,STRAIGHT AND LEVEL,UNKNOWN,UNKNOWN,NOT ON SCENE (DESK REPORT),NO INJURY / DRIVE AWAY,,,,"OVER $1,500",07/25/2025 03:11:00 PM,UNABLE TO DETERMINE,UNABLE TO DETERMINE,2333,W,MADISON ST,1223,,,,,,,2,NO INDICATION OF INJURY,0,0,0,0,0,2,0,13,6,7,41.8810693742,-87.6853075527,POINT (-87.68530755272 41.881069374222)
2e3d3c6572c57477f11ffd522a6e3d06beafd529bf3ff3e724c37cf68e352b3ae3995a97709bd5280dd3cb5d78a0dcc43059909facc5fbcbfb8d3b78a0f7f407,,07/25/2025 01:15:00 PM,30,NO CONTROLS,NO CONTROLS,RAIN,DAYLIGHT,SIDESWIPE SAME DIRECTION,DIVIDED - W/MEDIAN (NOT RAISED),,STRAIGHT AND LEVEL,WET,UNKNOWN,NOT ON SCENE (DESK REPORT),NO INJURY / DRIVE AWAY,,,,"OVER $1,500",07/25/2025 03:15:00 PM,UNABLE TO DETERMINE,NOT APPLICABLE,1300,E,95TH ST,413,,,,,,,2,NO INDICATION OF INJURY,0,0,0,0,0,2,0,13,6,7,41.7223543543,-87.5920184798,POINT (-87.592018479782 41.722354354258)
c1556694b8503d503c70a4e4d9dd49c60a3596b88d3357ad6352de3564f8ad9b17af3ecaeca54e701c25796724ba96b91b90dca2fa228649484b9afe428c2491,,07/25/2025 01:15:00 PM,30,TRAFFIC SIGNAL,FUNCTIONING PROPERLY,RAIN,DAYLIGHT,REAR END,NOT DIVIDED,,STRAIGHT AND LEVEL,WET,NO DEFECTS,ON SCENE,NO INJURY / DRIVE AWAY,,,,"OVER $1,500",07/25/2025 01:20:00 PM,FOLLOWING TOO CLOSELY,FOLLOWING TOO CLOSELY,7344,S,DAMEN AVE,735,,,,,,,2,NO INDICATION OF INJURY,0,0,0,0,0,3,0,13,6,7,41.7598133011,-87.6735491389,POINT (-87.67354913891 41.759813301092)
cc0978c887c5a3b282cbdddcb469392990d173ebce139e0d9eb6fa32ae4972306a88245f239ee7ba650ff6f45e34af313ab6ea1b1069e1db784845acb93b7759,,07/25/2025 01:11:00 PM,30,NO CONTROLS,NO CONTROLS,CLEAR,DAYLIGHT,SIDESWIPE SAME DIRECTION,NOT DIVIDED,,STRAIGHT AND LEVEL,DRY,NO DEFECTS,ON SCENE,NO INJURY / DRIVE AWAY,,,Y,"OVER $1,500",07/25/2025 01:48:00 PM,IMPROPER LANE USAGE,UNABLE TO DETERMINE,6410,N,SHERIDAN RD,2432,,,,,,,2,NO INDICATION OF INJURY,0,0,0,0,0,2,0,13,6,7,41.9985061301,-87.6607441384,POINT (-87.660744138377 41.998506130137)
48d3c99929469635fa30c17f9e6249e697c9f9de7054e8215b6413979c042ac151c945e9d6e8327c1a6614b5cb568c1ccf6a7228f1fe41866bfde53540e35252,,07/25/2025 01:10:00 PM,30,NO CONTROLS,NO CONTROLS,UNKNOWN,DAYLIGHT,TURNING,NOT DIVIDED,,STRAIGHT AND LEVEL,UNKNOWN,UNKNOWN,ON SCENE,INJURY AND / OR TOW DUE TO CRASH,,,,"OVER $1,500",07/25/2025 01:15:00 PM,UNABLE TO DETERMINE,UNABLE TO DETERMINE,4750,W,63RD ST,813,,,,,,,2,NONINCAPACITATING INJURY,1,0,0,1,0,1,0,13,6,7,41.7785441877,-87.7418953542,POINT (-87.741895354166 41.778544187675)
d6ffd9b47726b83efade2384171d8c7e6928b10881d9c647c7d60bf0939e0e3158ae8dfa2fda78aa93e23f99bf3c57ac150f959bca8bad32e444a7ebd36a1fa5,,07/25/2025 01:08:00 PM,30,STOP SIGN/FLASHER,FUNCTIONING PROPERLY,RAIN,DAYLIGHT,ANGLE,FOUR WAY,,STRAIGHT AND LEVEL,WET,UNKNOWN,NOT ON SCENE (DESK REPORT),NO INJURY / DRIVE AWAY,Y,,,"OVER $1,500",07/25/2025 04:00:00 PM,DISREGARDING STOP SIGN,FAILING TO YIELD RIGHT-OF-WAY,5000,S,RACINE AVE,933,,,,,,,2,NO INDICATION OF INJURY,0,0,0,0,0,4,0,13,6,7,41.8031784001,-87.65524877,POINT (-87.655248770006 41.803178400076)
b594280c0316e3581262baffc3a90eddd29c6d589b2955eb59968bb65a4533e74ffbf563121dae8bade54b0d815a649eaa3939e9f2696f6a40229411fd6908e1,,07/25/2025 01:03:00 PM,30,NO CONTROLS,NO CONTROLS,CLEAR,DAYLIGHT,REAR TO SIDE,OTHER,,STRAIGHT AND LEVEL,UNKNOWN,UNKNOWN,NOT ON SCENE (DESK REPORT),NO INJURY / DRIVE AWAY,,,Y,"OVER $1,500",07/25/2025 03:30:00 PM,UNABLE TO DETERMINE,UNABLE TO DETERMINE,3101,S,MICHIGAN AVE,211,,,,,,,2,NO INDICATION OF INJURY,0,0,0,0,0,2,0,13,6,7,41.8382513911,-87.6232948105,POINT (-87.62329481051 41.838251391145)
10a4bc488f5f6f2bc3fb6cfa0904297824f3c23574a902b3d35e8ea44eae10d112197d0db3b2ac4ba20dc334167ce24e6604b33a5ccc12490bfdf77aacd71ce3,,07/25/2025 01:01:00 PM,25,NO CONTROLS,NO CONTROLS,RAIN,DAYLIGHT,PEDALCYCLIST,NOT DIVIDED,,STRAIGHT AND LEVEL,WET,NO DEFECTS,ON SCENE,INJURY AND / OR TOW DUE TO CRASH,,,,"$501 - $1,500",07/25/2025 01:05:00 PM,UNABLE TO DETERMINE,FAILING TO YIELD RIGHT-OF-WAY,3898,N,SHEFFIELD AVE,1923,,,Y,,,,2,NONINCAPACITATING INJURY,1,0,0,1,0,0,0,13,6,7,41.9525943754,-87.6546352011,POINT (-87.654635201125 41.952594375392)
07adfcffc812eb117d6857cc8542031b13effcfaa9a4f2694d23a70339bd3759040a9de2b495997d5777ea44991189cd4d6cda586f56f0ba3cbf506f6d5347fe,Y,07/25/2025 01:00:00 PM,30,UNKNOWN,UNKNOWN,UNKNOWN,UNKNOWN,REAR END,NOT DIVIDED,,STRAIGHT AND LEVEL,UNKNOWN,UNKNOWN,NOT ON SCENE (DESK REPORT),NO INJURY / DRIVE AWAY,,,Y,"OVER $1,500",07/25/2025 01:50:00 PM,UNABLE TO DETERMINE,NOT APPLICABLE,112,E,71ST ST,322,,,,,,,2,NO INDICATION OF INJURY,0,0,0,0,0,2,0,13,6,7,41.7657017204,-87.6211094632,POINT (-87.62110946316 41.765701720431)
3bc8e4092ab90047b95652256d24c4480b445d2a552bfc1db7cc62a8d0764bdb866d8f23ba270fbc2b4823e540fb10b74081141458666b7a0bb2c694697c6fe2,,07/25/2025 01:00:00 PM,20,NO CONTROLS,NO CONTROLS,CLEAR,DAYLIGHT,PARKED MOTOR VEHICLE,PARKING LOT,,STRAIGHT AND LEVEL,DRY,NO DEFECTS,NOT ON SCENE (DESK REPORT),NO INJURY / DRIVE AWAY,,Y,,"OVER $1,500",07/25/2025 01:00:00 PM,FAILING TO YIELD RIGHT-OF-WAY,FAILING TO YIELD RIGHT-OF-WAY,214,E,SUPERIOR ST,1833,,,,,,,2,NO INDICATION OF INJURY,0,0,0,0,0,1,0,13,6,7,41.8958760852,-87.6221340932,POINT (-87.622134093151 41.895876085164)
52e79b229bd18c12c6c5741e82154a82aa145c0dd54ae6ca1f6ffd6e0409e484d4e2fb6235e34e6f873e8497f9095f817ee9126deae6aefb90ad9b9ce614a6b3,Y,07/25/2025 01:00:00 PM,30,UNKNOWN,UNKNOWN,UNKNOWN,UNKNOWN,REAR TO FRONT,ONE-WAY,,STRAIGHT AND LEVEL,UNKNOWN,UNKNOWN,NOT ON SCENE (DESK REPORT),NO INJURY / DRIVE AWAY,,,Y,"OVER $1,500",07/28/2025 08:27:00 PM,UNABLE TO DETERMINE,NOT APPLICABLE,7957,S,EVANS AVE,624,,,,,,,2,NO INDICATION OF INJURY,0,0,0,0,0,4,0,13,6,7,41.7495871566,-87.6062581317,POINT (-87.606258131701 41.749587156648)
7bb6ed5f85362d5df9c53965b5cb842757ce9afef60173ff662ff5481a467a3e05ff41474d3893f0b0df0d6ab366d6c6a64187ee13744ed9aa3b4c708adb05bb,Y,07/25/2025 01:00:00 PM,30,NO CONTROLS,NO CONTROLS,CLEAR,DAYLIGHT,PARKED MOTOR VEHICLE,NOT DIVIDED,,STRAIGHT AND LEVEL,DRY,NO DEFECTS,NOT ON SCENE (DESK REPORT),NO INJURY / DRIVE AWAY,,,,"OVER $1,500",07/28/2025 05:00:00 PM,FAILING TO REDUCE SPEED TO AVOID CRASH,NOT APPLICABLE,8200,S,WESTERN AVE,835,,,,,,,2,NO INDICATION OF INJURY,0,0,0,0,0,1,0,13,6,7,41.7446318566,-87.6828643174,POINT (-87.682864317434 41.744631856626)
99d2d1d814211a18c966ca2cca75261e4523568ec7e9be51605760c931ade6501b336a38ecf065fd7faa12cd37220b799275da284f168de746ecd3eb9702d4db,,07/25/2025 01:00:00 PM,30,TRAFFIC SIGNAL,FUNCTIONING PROPERLY,RAIN,DAYLIGHT,SIDESWIPE SAME DIRECTION,DIVIDED - W/MEDIAN BARRIER,,STRAIGHT AND LEVEL,WET,"RUT, HOLES",NOT ON SCENE (DESK REPORT),NO INJURY / DRIVE AWAY,Y,,,"$501 - $1,500",07/25/2025 01:05:00 PM,DRIVING SKILLS/KNOWLEDGE/EXPERIENCE,NOT APPLICABLE,8500,S,HALSTED ST,613,,,,,,,2,NO INDICATION OF INJURY,0,0,0,0,0,2,0,13,6,7,41.7396614159,-87.6438709516,POINT (-87.643870951608 41.739661415891)
fc2c4f032ec8f8ad603124fda8a3dadaaeb648782c16fb0a9c0b74fbfc94c1c69a3f5fbcdd880f71efcf28f1b55d9cedd17edcd7f1a5780eeb1b126fc789ad44,,07/25/2025 01:00:00 PM,30,TRAFFIC SIGNAL,FUNCTIONING PROPERLY,RAIN,DAYLIGHT,TURNING,DIVIDED - W/MEDIAN (NOT RAISED),,STRAIGHT AND LEVEL,WET,NO DEFECTS,ON SCENE,NO INJURY / DRIVE AWAY,,,Y,"OVER $1,500",07/25/2025 01:01:00 PM,UNABLE TO DETERMINE,UNABLE TO DETERMINE,6600,W,ARCHER AVE,811,,,,,,,4,NO INDICATION OF INJURY,0,0,0,0,0,3,0,13,6,7,41.792358419,-87.7867554612,POINT (-87.786755461177 41.792358419017)
fb31312cb11b05cc5c6e76cef69f4f41607fa6c68c6c58a59d67867cd5b658b18f4077cf345a273be3ea4ffde1a54851789bd9dce9a0b2dcb1a532e6c5aebd66,,07/25/2025 12:59:00 PM,30,NO CONTROLS,NO CONTROLS,UNKNOWN,"DARKNESS, LIGHTED ROAD",FIXED OBJECT,DIVIDED - W/MEDIAN BARRIER,,STRAIGHT AND LEVEL,UNKNOWN,NO DEFECTS,ON SCENE,INJURY AND / OR TOW DUE TO CRASH,,,Y,"OVER $1,500",07/25/2025 01:25:00 PM,UNABLE TO DETERMINE,NOT APPLICABLE,222,W,LOWER WACKER DR,122,,,,,,,1,NO INDICATION OF INJURY,0,0,0,0,0,1,0,12,6,7,41.887058258,-87.6348020406,POINT (-87.634802040642 41.887058257995)
ebb31dd404044258aa7a1cc1a97d8521a13322ea92358d77bc3efc7b27240a0ac26d8247cb57c78ccefc55ccc73f6d6f6f5b506d85ee362ebf47bc1ec511fb6c,,07/25/2025 12:57:00 PM,30,NO CONTROLS,NO CONTROLS,RAIN,DAYLIGHT,REAR END,DIVIDED - W/MEDIAN (NOT RAISED),,STRAIGHT AND LEVEL,WET,UNKNOWN,ON SCENE,INJURY AND / OR TOW DUE TO CRASH,,,,"OVER $1,500",07/25/2025 12:57:00 PM,UNABLE TO DETERMINE,NOT APPLICABLE,148,S,HAMLIN BLVD,1122,,,,,,,2,NO INDICATION OF INJURY,0,0,0,0,0,2,0,12,6,7,41.8783509618,-87.7208065234,POINT (-87.720806523412 41.878350961762)
fe5ac8c1c7e744ecc701640878095639aea290c461d26024b6c2bae6b455e4ba3b9e06b76ea204b8c6b2a6789699be04653d3794869732de83a010b68028c152,,07/25/2025 12:55:00 PM,30,NO CONTROLS,NO CONTROLS,CLEAR,DAYLIGHT,REAR END,NOT DIVIDED,,STRAIGHT AND LEVEL,WET,UNKNOWN,ON SCENE,NO INJURY / DRIVE AWAY,,,,"OVER $1,500",07/25/2025 01:15:00 PM,DRIVING SKILLS/KNOWLEDGE/EXPERIENCE,NOT APPLICABLE,1700,W,PERSHING RD,912,,,,,,,2,NO INDICATION OF INJURY,0,0,0,0,0,2,0,12,6,7,41.8232945613,-87.6678310652,POINT (-87.667831065224 41.823294561324)
899a98bb079ee09e7d1a41fbe19d8a302e7321052f9dd3fba7eef114e36d80cea3e5ac9a4f38409372230b36e251e85d8cfcb5d8535619190801681e3eb09f92,,07/25/2025 12:50:00 PM,25,TRAFFIC SIGNAL,FUNCTIONING PROPERLY,RAIN,DAYLIGHT,REAR END,NOT DIVIDED,,STRAIGHT AND LEVEL,WET,NO DEFECTS,NOT ON SCENE (DESK REPORT),NO INJURY / DRIVE AWAY,,,N,"$501 - $1,500",07/25/2025 01:15:00 PM,WEATHER,WEATHER,2133,S,HALSTED ST,1235,,,,,,,2,NO INDICATION OF INJURY,0,0,0,0,0,2,0,12,6,7,41.8532337304,-87.6463641453,POINT (-87.64636414528 41.853233730381)
ce1fddae60862dc9c80a4e05c10f5b31ab4f8f330139a9bb336c53801c7846a9256051647bf5a687124ccd777b2fb2458eca378f2d6020559fc05cf4ccc76fb9,,07/25/2025 12:48:00 PM,30,TRAFFIC SIGNAL,FUNCTIONING PROPERLY,RAIN,DAYLIGHT,TURNING,FOUR WAY,,STRAIGHT AND LEVEL,WET,UNKNOWN,ON SCENE,NO INJURY / DRIVE AWAY,,,,"OVER $1,500",07/25/2025 12:50:00 PM,IMPROPER TURNING/NO SIGNAL,IMPROPER TURNING/NO SIGNAL,4300,S,LA SALLE ST,215,,,,,,,2,NO INDICATION OF INJURY,0,0,0,0,0,2,0,12,6,7,41.8164388049,-87.6295865961,POINT (-87.629586596136 41.816438804918)
2fcf2417abc54ca0a166bcebf0d65a81fc1a4a8e4f744183906fb297c0d9b5e90bc4202ff56541ea2d18a2b876262a5cb13604d548e98446dee9b28b6dd24bcb,Y,07/25/2025 12:45:00 PM,30,STOP SIGN/FLASHER,FUNCTIONING PROPERLY,CLEAR,DAYLIGHT,SIDESWIPE SAME DIRECTION,NOT DIVIDED,,STRAIGHT AND LEVEL,DRY,UNKNOWN,NOT ON SCENE (DESK REPORT),NO INJURY / DRIVE AWAY,,,Y,$500 OR LESS,07/25/2025 03:35:00 PM,FOLLOWING TOO CLOSELY,IMPROPER LANE USAGE,11100,S,LANGLEY AVE,531,,,,,,,2,NO INDICATION OF INJURY,0,0,0,0,0,2,0,12,6,7,41.692725141,-87.6061391246,POINT (-87.606139124561 41.69272514104)
4e2a6260006819fb2767a5bc1db0c76aa5d1f955582d1cafb55d5b2fc2d9eadc18ffed6afec2e6fbbacd3ee727de947ed0b5f77fe21e2ade85fb549d56e12d60,,07/25/2025 12:40:00 PM,30,STOP SIGN/FLASHER,FUNCTIONING PROPERLY,CLEAR,DAYLIGHT,TURNING,NOT DIVIDED,,STRAIGHT AND LEVEL,DRY,NO DEFECTS,ON SCENE,NO INJURY / DRIVE AWAY,Y,,,"OVER $1,500",07/25/2025 01:00:00 PM,FAILING TO YIELD RIGHT-OF-WAY,IMPROPER TURNING/NO SIGNAL,5378,N,ELSTON AVE,1623,,,,,,,2,NO INDICATION OF INJURY,0,0,0,0,0,3,0,12,6,7,41.9790995461,-87.7582456313,POINT (-87.758245631321 41.979099546092)
7087e895d3b0551ac570f52ec1412cca07e8a61554b8a124c6506777d194c98a966dca500ba156f3ef2809dd142b5aadadae67754a6d701310eb05425bfc331f,,07/25/2025 12:40:00 PM,35,TRAFFIC SIGNAL,FUNCTIONING PROPERLY,RAIN,DAYLIGHT,PARKED MOTOR VEHICLE,NOT DIVIDED,,STRAIGHT AND LEVEL,WET,UNKNOWN,ON SCENE,INJURY AND / OR TOW DUE TO CRASH,N,,,"OVER $1,500",07/25/2025 12:46:00 PM,"EVASIVE ACTION DUE TO ANIMAL, OBJECT, NONMOTORIST",NOT APPLICABLE,4098,W,WASHINGTON BLVD,1114,,,,,,,2,NO INDICATION OF INJURY,0,0,0,0,0,1,0,12,6,7,41.8821259616,-87.7280377082,POINT (-87.728037708195 41.882125961598)
5da9f4808e7d805fb2c6abb5d4fbd0bccb388ec6f54b65eb4a72d409a4bfa0ec97f9ea78b99d62e10d98ae2b5786d81e182e2d6a3f7e923f467d1909144fda03,Y,07/25/2025 12:35:00 PM,15,NO CONTROLS,NO CONTROLS,CLEAR,DAYLIGHT,OTHER OBJECT,ALLEY,,STRAIGHT AND LEVEL,DRY,UNKNOWN,ON SCENE,NO INJURY / DRIVE AWAY,,,,$500 OR LESS,07/25/2025 12:52:00 PM,UNABLE TO DETERMINE,NOT APPLICABLE,2140,N,MENARD AVE,2515,,,,,,,1,NO INDICATION OF INJURY,0,0,0,0,0,1,0,12,6,7,41.9192219159,-87.7708310171,POINT (-87.770831017109 41.919221915924)
2629a4027a5dda826525c004050f8761c6b685036ce6169cdcf01d9a2312c6212e48c02e970eac06b81041bdd2655f3b026e5ae69755ac5dc7719c955dbd2bb9,,07/25/2025 12:32:00 PM,25,UNKNOWN,UNKNOWN,UNKNOWN,UNKNOWN,REAR TO FRONT,NOT DIVIDED,,STRAIGHT AND LEVEL,UNKNOWN,UNKNOWN,NOT ON SCENE (DESK REPORT),NO INJURY / DRIVE AWAY,,,,"OVER $1,500",07/25/2025 02:45:00 PM,NOT APPLICABLE,NOT APPLICABLE,331,E,WACKER DR,114,,,,,,,2,NO INDICATION OF INJURY,0,0,0,0,0,2,0,12,6,7,41.8875270736,-87.619294139,POINT (-87.619294138983 41.887527073601)
18db35a9a069014e6a0a203a97ac371118651d0a5f4b97496981e47bb8884b788f15e87d3da479469bef4029ae0f84ff53e1634ab8082ba7c00d581df033454a,,07/25/2025 12:30:00 PM,30,UNKNOWN,UNKNOWN,UNKNOWN,DAYLIGHT,PARKED MOTOR VEHICLE,DIVIDED - W/MEDIAN (NOT RAISED),,STRAIGHT AND LEVEL,UNKNOWN,UNKNOWN,NOT ON SCENE (DESK REPORT),NO INJURY / DRIVE AWAY,,,Y,"OVER $1,500",07/25/2025 07:00:00 PM,UNABLE TO DETERMINE,UNABLE TO DETERMINE,859,W,WAYMAN ST,1214,,,,,,,2,NO INDICATION OF INJURY,0,0,0,0,0,1,0,12,6,7,41.8872462525,-87.6497956927,POINT (-87.64979569268 41.887246252532)
1e8ec5d9f4c765d296249273823f5fb106183c1edbe53e09a641cd5b5187cdcbc2818bee353f46a5e4a08979e6804745c33179437936992cfce23cd2622fe2aa,,07/25/2025 12:30:00 PM,35,NO CONTROLS,NO CONTROLS,CLEAR,DAYLIGHT,SIDESWIPE SAME DIRECTION,NOT DIVIDED,,STRAIGHT AND LEVEL,DRY,NO DEFECTS,NOT ON SCENE (DESK REPORT),NO INJURY / DRIVE AWAY,,,,"$501 - $1,500",07/25/2025 02:30:00 PM,UNABLE TO DETERMINE,NOT APPLICABLE,6249,N,MC CORMICK RD,1711,,,,,,,2,NO INDICATION OF INJURY,0,0,0,0,0,2,0,12,6,7,41.9954406022,-87.7129173789,POINT (-87.712917378905 41.995440602185)
4d51167c86a15eaa62930450609dea803043919c7e69f4f550fbf6b2feffad323d61d257e7b85a73ee49fa10c88b18611e867818b1c3eb1efa1971557b82b9c8,,07/25/2025 12:30:00 PM,35,TRAFFIC SIGNAL,FUNCTIONING PROPERLY,RAIN,DUSK,SIDESWIPE SAME DIRECTION,ONE-WAY,,STRAIGHT AND LEVEL,WET,NO DEFECTS,ON SCENE,NO INJURY / DRIVE AWAY,,,Y,$500 OR LESS,07/25/2025 12:31:00 PM,IMPROPER OVERTAKING/PASSING,NOT APPLICABLE,4700,S,WENTWORTH AVE,224,,,,,,,2,NO INDICATION OF INJURY,0,0,0,0,0,2,0,12,6,7,41.8090824366,-87.6310308737,POINT (-87.63103087365 41.809082436649)
a1537b548ffc3926a825775c04cd3fb7298ed7eddeea46dc89b88c10caef12a782884fb096b8a6dfa0c54156a1de7af11e9f28e1a6e1559132f6c31ed206e1ff,,07/25/2025 12:30:00 PM,30,STOP SIGN/FLASHER,UNKNOWN,RAIN,DAYLIGHT,REAR END,NOT DIVIDED,,STRAIGHT AND LEVEL,WET,UNKNOWN,NOT ON SCENE (DESK REPORT),NO INJURY / DRIVE AWAY,,,Y,"OVER $1,500",07/25/2025 12:48:00 PM,UNABLE TO DETERMINE,UNABLE TO DETERMINE,8100,S,MORGAN ST,613,,,,,,,2,NO INDICATION OF INJURY,0,0,0,0,0,2,0,12,6,7,41.7468365172,-87.6489336144,POINT (-87.64893361441 41.746836517229)
dbf0bfc05c2dde02ac3ece601cdfcc97cfd0a71b8ac62fede6c2a93f4e6ad2aa8d99ec0cd433796c6f0605f690d5dcb616a5cddf5f4cd7e90473b2b17693b584,,07/25/2025 12:30:00 PM,25,UNKNOWN,UNKNOWN,UNKNOWN,UNKNOWN,SIDESWIPE SAME DIRECTION,NOT DIVIDED,,STRAIGHT AND LEVEL,UNKNOWN,UNKNOWN,NOT ON SCENE (DESK REPORT),NO INJURY / DRIVE AWAY,,,Y,"OVER $1,500",07/25/2025 01:40:00 PM,NOT APPLICABLE,NOT APPLICABLE,1001,N,WINCHESTER AVE,1212,,,,,,,2,NO INDICATION OF INJURY,0,0,0,0,0,2,0,12,6,7,41.8996641854,-87.6757865477,POINT (-87.675786547665 41.899664185371)
5b238e6798e0af279c2edf289965c96a792d2e3bf27cf519295fcebe4f1c62f32f167181aab242098319c3c62a907db79ed17cb23bca5351462469aff605d623,,07/25/2025 12:29:00 PM,30,TRAFFIC SIGNAL,FUNCTIONING PROPERLY,CLEAR,DAYLIGHT,SIDESWIPE SAME DIRECTION,NOT DIVIDED,,STRAIGHT AND LEVEL,DRY,NO DEFECTS,NOT ON SCENE (DESK REPORT),NO INJURY / DRIVE AWAY,,,,"$501 - $1,500",07/25/2025 12:40:00 PM,IMPROPER OVERTAKING/PASSING,NOT APPLICABLE,10301,S,MICHIGAN AVE,512,,,,,,,2,NO INDICATION OF INJURY,0,0,0,0,0,3,0,12,6,7,41.7071568616,-87.6200704781,POINT (-87.620070478051 41.707156861607)
78fae3ee107b8d8d4e6e1a84784a92b8b55e378956cb84a4b063d9a5ee813f5f22edc499d0f7242a119123ff25c1c3bce2ebe241710322755be0dc59e2a3e5ce,,07/25/2025 12:25:00 PM,25,NO CONTROLS,NO CONTROLS,CLEAR,DAYLIGHT,REAR END,NOT DIVIDED,,STRAIGHT AND LEVEL,DRY,NO DEFECTS,ON SCENE,NO INJURY / DRIVE AWAY,,,,"$501 - $1,500",07/25/2025 12:27:00 PM,UNABLE TO DETERMINE,FAILING TO YIELD RIGHT-OF-WAY,4215,W,NORTH AVE,2534,,,,,,,2,NO INDICATION OF INJURY,0,0,0,0,0,6,0,12,6,7,41.9096991565,-87.7320488451,POINT (-87.732048845078 41.909699156471)
f5e340f7c32ceba812c80b90c94ad21ea39f503ce51cff3b4431c3c60e31eb602ba5b046cdcbbe0aee226203153680a840ad6e14ee5a16ea95130a57594081a6,,07/25/2025 12:19:00 PM,30,STOP SIGN/FLASHER,FUNCTIONING PROPERLY,CLEAR,DAYLIGHT,ANGLE,NOT DIVIDED,,STRAIGHT AND LEVEL,DRY,NO DEFECTS,,NO INJURY / DRIVE AWAY,Y,,Y,"OVER $1,500",07/25/2025 01:35:00 PM,FAILING TO YIELD RIGHT-OF-WAY,UNABLE TO DETERMINE,6031,W,ALTGELD ST,2512,,,,,,,2,NO INDICATION OF INJURY,0,0,0,0,0,2,0,12,6,7,41.9255262066,-87.7770516501,POINT (-87.777051650135 41.925526206567)
2c3b135d72a85888af1009126a38ff5488c52369f19e01eb627503d0585a30d6ac91837c9e32fdeb59a25677aee5c586a709637202070843e764f66c7d6aca2b,,07/25/2025 12:16:00 PM,30,NO CONTROLS,NO CONTROLS,CLEAR,DAYLIGHT,PARKED MOTOR VEHICLE,DIVIDED - W/MEDIAN (NOT RAISED),,STRAIGHT AND LEVEL,DRY,NO DEFECTS,ON SCENE,NO INJURY / DRIVE AWAY,,,,"$501 - $1,500",07/25/2025 12:16:00 PM,IMPROPER BACKING,NOT APPLICABLE,3344,W,WAVELAND AVE,1733,,,,,,,2,NO INDICATION OF INJURY,0,0,0,0,0,2,0,12,6,7,41.9485096554,-87.712157296,POINT (-87.712157296027 41.948509655352)
f2fccaba9317793bd0825c88156c86ffb6becbab908932ed04e2ee8e7e8bddf2f90bb38b3de7ea29c193765ec5132c043423a38c633048ab89f9d8634f982ddf,,07/25/2025 12:16:00 PM,30,NO CONTROLS,NO CONTROLS,CLEAR,DAYLIGHT,SIDESWIPE SAME DIRECTION,DIVIDED - W/MEDIAN (NOT RAISED),,STRAIGHT AND LEVEL,UNKNOWN,UNKNOWN,NOT ON SCENE (DESK REPORT),NO INJURY / DRIVE AWAY,,,Y,"OVER $1,500",07/25/2025 12:54:00 PM,DRIVING SKILLS/KNOWLEDGE/EXPERIENCE,IMPROPER LANE USAGE,5747,N,SHERIDAN RD,2022,,,,,,,2,NO INDICATION OF INJURY,0,0,0,0,0,2,0,12,6,7,41.9869326715,-87.655141216,POINT (-87.655141216007 41.986932671546)
ae4ebb5b6750d333c63984f368c12d41dd915aac7d454485b7d44fc1ae6c75b8986e903c573a9f395bbce2c12f911b269985e7c65b50b9e010cca48d389ae7be,,07/25/2025 12:15:00 PM,30,UNKNOWN,UNKNOWN,CLEAR,DAYLIGHT,TURNING,ONE-WAY,,STRAIGHT AND LEVEL,DRY,NO DEFECTS,NOT ON SCENE (DESK REPORT),INJURY AND / OR TOW DUE TO CRASH,N,,,"OVER $1,500",07/25/2025 12:20:00 PM,UNABLE TO DETERMINE,UNABLE TO DETERMINE,5800,W,RACE AVE,1512,,Y,,,,,2,NO INDICATION OF INJURY,0,0,0,0,0,3,0,12,6,7,41.8901760288,-87.770078701,POINT (-87.770078701041 41.890176028846)