CRASH_RECORD_ID,CRASH_DATE_EST_I,CRASH_DATE,POSTED_SPEED_LIMIT,TRAFFIC_CONTROL_DEVICE,DEVICE_CONDITION,WEATHER_CONDITION,LIGHTING_CONDITION,FIRST_CRASH_TYPE,TRAFFICWAY_TYPE,LANE_CNT,ALIGNMENT,ROADWAY_SURFACE_COND,ROAD_DEFECT,REPORT_TYPE,CRASH_TYPE,INTERSECTION_RELATED_I,NOT_RIGHT_OF_WAY_I,HIT_AND_RUN_I,DAMAGE,DATE_POLICE_NOTIFIED,PRIM_CONTRIBUTORY_CAUSE,SEC_CONTRIBUTORY_CAUSE,STREET_NO,STREET_DIRECTION,STREET_NAME,BEAT_OF_OCCURRENCE,PHOTOS_TAKEN_I,STATEMENTS_TAKEN_I,DOORING_I,WORK_ZONE_I,WORK_ZONE_TYPE,WORKERS_PRESENT_I,NUM_UNITS,MOST_SEVERE_INJURY,INJURIES_TOTAL,INJURIES_FATAL,INJURIES_INCAPACITATING,INJURIES_NON_INCAPACITATING,INJURIES_REPORTED_NOT_EVIDENT,INJURIES_NO_INDICATION,INJURIES_UNKNOWN,CRASH_HOUR,CRASH_DAY_OF_WEEK,CRASH_MONTH,LATITUDE,LONGITUDE,LOCATION
dea5d72ec629b3ace74fa539cb6f09e752d756ddc4489619144fce87b746f08da784cbeed7bea3f9acaefb0a238a4fcc18cd7133dd719d8cbfdaa7248a468ac7,,07/25/2025 12:15:00 PM,30,NO CONTROLS,NO CONTROLS,RAIN,DAYLIGHT,REAR END,NOT DIVIDED,,STRAIGHT AND LEVEL,DRY,UNKNOWN,NOT ON SCENE (DESK REPORT),NO INJURY / DRIVE AWAY,,,N,"OVER $1,500",07/25/2025 01:40:00 PM,UNABLE TO DETERMINE,WEATHER,2200,E,MARQUETTE DR,331,,,,,,,2,NO INDICATION OF INJURY,0,0,0,0,0,2,0,12,6,7,41.7756790279,-87.5717136642,POINT (-87.57171366417 41.775679027941)
fdc431f870093b46a2aea48e4014d8a2b3e3e09534eb768778d980ab09b6b8964cdb312dfa2512bb58cff658338c032f6b69f0e68b52a1aea03dbdbf4cfa3f50,,07/25/2025 12:15:00 PM,25,NO CONTROLS,NO CONTROLS,CLEAR,DAYLIGHT,ANGLE,ONE-WAY,,STRAIGHT AND LEVEL,DRY,NO DEFECTS,NOT ON SCENE (DESK REPORT),NO INJURY / DRIVE AWAY,Y,,,"OVER $1,500",07/25/2025 12:45:00 PM,FAILING TO YIELD RIGHT-OF-WAY,UNABLE TO DETERMINE,3145,N,NORMANDY AVE,2511,,,,,,,2,NO INDICATION OF INJURY,0,0,0,0,0,2,0,12,6,7,41.9377164224,-87.7930939235,POINT (-87.793093923546 41.937716422447)
155a113bbb9835d85b9f4269b9112375911ecc0331a590a968c17832936957e50f0e10cbb909d98f03abc2f2cf91eca3157fe133a013a560e14b3b1da03a325e,,07/25/2025 12:00:00 PM,25,NO CONTROLS,NO CONTROLS,SNOW,DAYLIGHT,SIDESWIPE SAME DIRECTION,ONE-WAY,,STRAIGHT AND LEVEL,WET,UNKNOWN,NOT ON SCENE (DESK REPORT),NO INJURY / DRIVE AWAY,,,,"OVER $1,500",07/25/2025 02:00:00 PM,FAILING TO YIELD RIGHT-OF-WAY,UNABLE TO DETERMINE,3528,W,63RD PL,823,,,,,,,2,NO INDICATION OF INJURY,0,0,0,0,0,2,0,12,6,7,41.7780198104,-87.7115097607,POINT (-87.711509760715 41.778019810386)
8eed1e0bfbd196948b3ca3e0f9babd2b333297697df472796a484de04412ff8c8c38175df1c9838597db36f65487f1e2716d5b859eb5b278f2f1f607b5c95bab,,07/25/2025 12:00:00 PM,30,TRAFFIC SIGNAL,FUNCTIONING PROPERLY,CLEAR,DAYLIGHT,REAR END,NOT DIVIDED,,STRAIGHT AND LEVEL,DRY,NO DEFECTS,NOT ON SCENE (DESK REPORT),NO INJURY / DRIVE AWAY,Y,,,"OVER $1,500",07/27/2025 04:42:00 PM,FOLLOWING TOO CLOSELY,DISTRACTION - FROM OUTSIDE VEHICLE,3201,W,FULLERTON AVE,1413,,,,,,,2,NO INDICATION OF INJURY,0,0,0,0,0,3,0,12,6,7,41.9246037962,-87.7076491651,POINT (-87.707649165067 41.924603796177)
d798315d2d98e51af820fdeb1842e61f43315b49521a0ce85bf73d511722edaee95bd058fe8b91c29e9b5d451d4d77c7c5798b5feb88730e0137bda1e85d449f,Y,07/25/2025 12:00:00 PM,5,NO CONTROLS,NO CONTROLS,UNKNOWN,UNKNOWN,PARKED MOTOR VEHICLE,PARKING LOT,,STRAIGHT AND LEVEL,UNKNOWN,UNKNOWN,NOT ON SCENE (DESK REPORT),NO INJURY / DRIVE AWAY,,Y,Y,$500 OR LESS,08/04/2025 07:00:00 PM,UNABLE TO DETERMINE,UNABLE TO DETERMINE,6833,N,KEDZIE AVE,2411,,,,,,,2,NO INDICATION OF INJURY,0,0,0,0,0,1,0,12,6,7,42.0056145366,-87.7091715264,POINT (-87.709171526438 42.005614536586)
f0923b3d84d738a994e53f388beb6e9b926e535ec772bea00ab981f530862b974785d046ddf8dbbbfc0920a6ed5d9ce8d484a30854ee500cce38137439abfd32,,07/25/2025 12:00:00 PM,30,STOP SIGN/FLASHER,FUNCTIONING PROPERLY,RAIN,DAYLIGHT,ANGLE,FOUR WAY,,STRAIGHT AND LEVEL,WET,NO DEFECTS,NOT ON SCENE (DESK REPORT),INJURY AND / OR TOW DUE TO CRASH,Y,,,"OVER $1,500",07/26/2025 01:10:00 PM,DISREGARDING STOP SIGN,FAILING TO YIELD RIGHT-OF-WAY,1800,E,70TH ST,332,,,,,,,2,"REPORTED, NOT EVIDENT",1,0,0,0,1,3,0,12,6,7,41.7680397843,-87.5812142753,POINT (-87.581214275328 41.768039784255)
c2dc21cf8332aed31f5b27dc45e289cab992d9276a5f789ea8a31818ff16856e7abd5c9758326b1798651ffc6a4420a19770135e8881a224c6597c5d3916fc2c,,07/25/2025 11:50:00 AM,30,TRAFFIC SIGNAL,FUNCTIONING PROPERLY,CLEAR,DAYLIGHT,REAR END,NOT DIVIDED,,STRAIGHT AND LEVEL,DRY,NO DEFECTS,ON SCENE,INJURY AND / OR TOW DUE TO CRASH,,,,"OVER $1,500",07/25/2025 11:51:00 AM,DISTRACTION - FROM INSIDE VEHICLE,CELL PHONE USE OTHER THAN TEXTING,6332,N,BROADWAY,2433,,,,,,,2,NONINCAPACITATING INJURY,1,0,0,1,0,2,0,11,6,7,41.9973619559,-87.6606330429,POINT (-87.660633042919 41.99736195588)
b8c527e076de2f1b912a1da58ef7ed45c127082fc6cc14fb1f798eddd34e8c4361c62e25b3280347af6dbdcde51f702838e8aba7ffe75e569511c92476a7159b,,07/25/2025 11:45:00 AM,30,NO CONTROLS,NO CONTROLS,CLEAR,DAYLIGHT,SIDESWIPE SAME DIRECTION,NOT DIVIDED,,STRAIGHT AND LEVEL,DRY,NO DEFECTS,NOT ON SCENE (DESK REPORT),NO INJURY / DRIVE AWAY,,,,"OVER $1,500",07/26/2025 12:30:00 PM,UNABLE TO DETERMINE,NOT APPLICABLE,2801,W,47TH ST,922,,,,,,,2,NO INDICATION OF INJURY,0,0,0,0,0,2,0,11,6,7,41.8081701015,-87.6942630166,POINT (-87.694263016584 41.808170101463)
f13d4bfbef84557c3403c0325f22bc8a947e71cd0be7c7f50e46ae72f53c8826b575b3f7ee1ff9592017661e2b032c76936c91dd7f0e48e56ee841a5e97e1701,,07/25/2025 11:45:00 AM,15,NO CONTROLS,NO CONTROLS,CLEAR,DAYLIGHT,PARKED MOTOR VEHICLE,ALLEY,,STRAIGHT AND LEVEL,DRY,NO DEFECTS,NOT ON SCENE (DESK REPORT),NO INJURY / DRIVE AWAY,,,Y,"OVER $1,500",07/25/2025 01:05:00 PM,UNABLE TO DETERMINE,UNABLE TO DETERMINE,4407,W,CERMAK RD,1013,,,,,,,2,NO INDICATION OF INJURY,0,0,0,0,0,1,0,11,6,7,41.8512862645,-87.7348272387,POINT (-87.73482723868 41.851286264492)
3fb9945abafa6de6e5bf81893f08ea3a2ddf2cdf005b433e9fc713a5184fbec6296b826fad8b2788ff9b22172f8b0f2daef1821c69f442fd20af0a308374504e,,07/25/2025 11:43:00 AM,30,NO CONTROLS,NO CONTROLS,RAIN,DARKNESS,REAR END,DIVIDED - W/MEDIAN (NOT RAISED),,STRAIGHT AND LEVEL,WET,UNKNOWN,NOT ON SCENE (DESK REPORT),NO INJURY / DRIVE AWAY,,,,"OVER $1,500",07/26/2025 06:00:00 PM,UNABLE TO DETERMINE,UNABLE TO DETERMINE,750,S,CICERO AVE,1533,,,,,,,3,NO INDICATION OF INJURY,0,0,0,0,0,3,0,11,6,7,41.8706219377,-87.7450524607,POINT (-87.745052460733 41.870621937712)
8925bf7116e8d8d7a127f178cb9368eb1ab918a53149cb62e7e577087bceada682ad922a9817264948ecda333687215fe1ce3ca64ac0621f3db9a5c73ba597ba,,07/25/2025 11:37:00 AM,10,NO CONTROLS,NO CONTROLS,CLOUDY/OVERCAST,DAYLIGHT,PARKED MOTOR VEHICLE,PARKING LOT,,STRAIGHT AND LEVEL,UNKNOWN,UNKNOWN,NOT ON SCENE (DESK REPORT),NO INJURY / DRIVE AWAY,,,,"OVER $1,500",07/25/2025 01:20:00 PM,NOT APPLICABLE,NOT APPLICABLE,6420,W,FULLERTON AVE,2512,,,,,,,2,NO INDICATION OF INJURY,0,0,0,0,0,2,0,11,6,7,41.9237817967,-87.7862536744,POINT (-87.786253674433 41.92378179667)
94e7d0147432882c287d68db6469499b24da14b536eee86b366827a4a0547c1222ee663cb24e19bf8efef377191c0189d2305689f0763d1a1f318d8628dd584d,,07/25/2025 11:37:00 AM,30,TRAFFIC SIGNAL,FUNCTIONING PROPERLY,CLOUDY/OVERCAST,DAYLIGHT,PEDESTRIAN,T-INTERSECTION,,STRAIGHT AND LEVEL,OTHER,NO DEFECTS,ON SCENE,INJURY AND / OR TOW DUE TO CRASH,Y,,Y,$500 OR LESS,07/25/2025 11:37:00 AM,UNABLE TO DETERMINE,NOT APPLICABLE,708,W,TAYLOR ST,124,,,,,,,2,NONINCAPACITATING INJURY,2,0,0,2,0,0,0,11,6,7,41.8698015195,-87.6441652673,POINT (-87.644165267277 41.869801519478)
53c0d81da2faca898f4f89aaf0f1bdaf91d4ee517e44228227bc69a9864b3b10a54bbf11ac6d51b853c68fbf4782b3928e308cae368c139e114a1eb823f05583,,07/25/2025 11:35:00 AM,30,NO CONTROLS,NO CONTROLS,RAIN,DAYLIGHT,REAR END,DIVIDED - W/MEDIAN (NOT RAISED),,STRAIGHT AND LEVEL,WET,UNKNOWN,ON SCENE,NO INJURY / DRIVE AWAY,,,,"OVER $1,500",07/25/2025 11:45:00 AM,WEATHER,WEATHER,5831,S,HARLEM AVE,811,,,,,,,3,NO INDICATION OF INJURY,0,0,0,0,0,4,0,11,6,7,41.785626668,-87.8011096946,POINT (-87.801109694626 41.785626667984)
7ab025aa46bb56f1d3b9d77266b220c48e9a1ebd8e391c5bf7f0d96439078ed75be6480ba7c1bb9498a0bf2453639b043c13b152f8304c6c88d0f77ab0043bf3,,07/25/2025 11:35:00 AM,30,NO CONTROLS,NO CONTROLS,RAIN,DAYLIGHT,REAR END,NOT DIVIDED,,STRAIGHT AND LEVEL,WET,UNKNOWN,NOT ON SCENE (DESK REPORT),NO INJURY / DRIVE AWAY,,,,"$501 - $1,500",07/25/2025 02:30:00 PM,DRIVING SKILLS/KNOWLEDGE/EXPERIENCE,NOT APPLICABLE,1755,W,35TH ST,912,,,,,,,2,NO INDICATION OF INJURY,0,0,0,0,0,3,0,11,6,7,41.8303381431,-87.6701672063,POINT (-87.67016720627 41.830338143091)
0c467ea457f80f871ea4dd28cc290ba20a5490c8dcb75c80468ac2ff6e5c0c3d877fe787b711e8f85a956aa0f7e24b5f1e96cdbbc57ec3ae8e2cbbb67fd8103f,,07/25/2025 11:31:00 AM,30,NO CONTROLS,UNKNOWN,CLEAR,DAYLIGHT,ANGLE,PARKING LOT,,STRAIGHT AND LEVEL,UNKNOWN,UNKNOWN,NOT ON SCENE (DESK REPORT),NO INJURY / DRIVE AWAY,,,,"OVER $1,500",07/25/2025 11:58:00 AM,UNABLE TO DETERMINE,FAILING TO YIELD RIGHT-OF-WAY,443,E,34TH ST,211,,,,,,,2,NO INDICATION OF INJURY,0,0,0,0,0,2,0,11,6,7,41.8330447382,-87.6146113644,POINT (-87.614611364432 41.833044738179)
28ec2ea5c7e3e66b3435d9d6826611905dcf89a6d5827a5fa33e070f17c01fe9125152928bbcb0accf5091e324e8b0e9d33cdcd4ecb2a499cba32f0bb0053d0d,,07/25/2025 11:30:00 AM,30,NO CONTROLS,NO CONTROLS,UNKNOWN,DAYLIGHT,TURNING,NOT DIVIDED,,STRAIGHT AND LEVEL,UNKNOWN,UNKNOWN,NOT ON SCENE (DESK REPORT),NO INJURY / DRIVE AWAY,Y,,,"OVER $1,500",07/25/2025 12:40:00 PM,FAILING TO YIELD RIGHT-OF-WAY,FAILING TO YIELD RIGHT-OF-WAY,211,N,STETSON AVE,114,,,,,,,2,NO INDICATION OF INJURY,0,0,0,0,0,2,0,11,6,7,41.8860272777,-87.6221662709,POINT (-87.622166270919 41.886027277678)
54a7e60b7d05710ab1247456bbd6b872cccefbf40f5a8205944c5a310c0101160409c3d1fa35a849a9866fc272dffcb9eda34669fc1d0b2054b4003f93d20700,,07/25/2025 11:25:00 AM,25,NO CONTROLS,NO CONTROLS,RAIN,DAYLIGHT,REAR END,NOT DIVIDED,,STRAIGHT AND LEVEL,WET,NO DEFECTS,NOT ON SCENE (DESK REPORT),NO INJURY / DRIVE AWAY,Y,,,"OVER $1,500",07/25/2025 04:00:00 PM,UNABLE TO DETERMINE,UNABLE TO DETERMINE,4700,S,JUSTINE ST,933,,,,,,,2,NO INDICATION OF INJURY,0,0,0,0,0,2,0,11,6,7,41.8085590944,-87.6638995129,POINT (-87.663899512858 41.808559094449)
77a176dea4aafddf6a462d0522dd41a8fb8b770259940dd97013d1a13c73a9adc69ae84b26b5351155d8a4cb20ae41e4462c4aa50aaaafb9cea3276fdda06504,,07/25/2025 11:23:00 AM,30,STOP SIGN/FLASHER,NO CONTROLS,CLEAR,DAYLIGHT,TURNING,ONE-WAY,,STRAIGHT AND LEVEL,DRY,NO DEFECTS,NOT ON SCENE (DESK REPORT),NO INJURY / DRIVE AWAY,,,,"$501 - $1,500",07/25/2025 01:00:00 PM,IMPROPER TURNING/NO SIGNAL,NOT APPLICABLE,201,E,SOUTH WATER ST,114,,,,,,,2,NO INDICATION OF INJURY,0,0,0,0,0,8,0,11,6,7,41.8868004115,-87.6222430567,POINT (-87.622243056661 41.886800411541)
7c080d5bc43e48b3d2c1831d0624878da85e3efa95fa93f23ce9e53feb1fba6d390ef86487c91cbf2faef69d2b701fb76b526187a5887964d77d6b60285e16ac,,07/25/2025 11:23:00 AM,30,STOP SIGN/FLASHER,FUNCTIONING PROPERLY,CLEAR,DAYLIGHT,TURNING,FOUR WAY,,STRAIGHT AND LEVEL,DRY,NO DEFECTS,ON SCENE,NO INJURY / DRIVE AWAY,Y,,,"OVER $1,500",07/25/2025 11:25:00 AM,FAILING TO YIELD RIGHT-OF-WAY,UNABLE TO DETERMINE,2632,W,JACKSON BLVD,1125,,,,,,,2,NO INDICATION OF INJURY,0,0,0,0,0,2,0,11,6,7,41.8775856782,-87.6926718159,POINT (-87.692671815871 41.877585678182)
d86ec2aae03d535fdb7d5ce4e05962d7daf2a8c16707c2508d5776a6678163e191b5f66ec60c19df120011a1a951bb78b49c8e2ff3933520019ab3db0b136f85,,07/25/2025 11:20:00 AM,30,NO CONTROLS,NO CONTROLS,CLEAR,DAYLIGHT,SIDESWIPE OPPOSITE DIRECTION,PARKING LOT,,STRAIGHT AND LEVEL,DRY,NO DEFECTS,ON SCENE,NO INJURY / DRIVE AWAY,,,,"$501 - $1,500",07/25/2025 11:25:00 AM,UNABLE TO DETERMINE,NOT APPLICABLE,10909,W,HIGGINS RD,1654,,,,,,,2,NO INDICATION OF INJURY,0,0,0,0,0,2,0,11,6,7,,,
bb531385157c7035cae77b0d51e9c99d0929921394fbe4a0876300878a5a23194dc08fe7dc60cc7d980976276f05162b41390dae38866cb71463183fa9595331,,07/25/2025 11:10:00 AM,15,NO CONTROLS,NO CONTROLS,CLOUDY/OVERCAST,DAYLIGHT,PARKED MOTOR VEHICLE,PARKING LOT,,STRAIGHT AND LEVEL,UNKNOWN,UNKNOWN,ON SCENE,NO INJURY / DRIVE AWAY,,,,"OVER $1,500",07/25/2025 11:10:00 AM,IMPROPER BACKING,IMPROPER BACKING,1521,S,LYNN WHITE DR,132,,,,,,,2,NO INDICATION OF INJURY,0,0,0,0,0,1,0,11,6,7,41.8619186004,-87.6095095637,POINT (-87.609509563704 41.86191860041)
023d1671a5e4c08e04488cd7accfaef261de3da150732cf3fa1f16192ffca301a48582479c6c1a86f12ed06ef539b89e55b50bce1aeffaa9de5be844fa4779c9,,07/25/2025 11:00:00 AM,30,NO CONTROLS,NO CONTROLS,RAIN,DAYLIGHT,PARKED MOTOR VEHICLE,NOT DIVIDED,,STRAIGHT AND LEVEL,UNKNOWN,UNKNOWN,NOT ON SCENE (DESK REPORT),NO INJURY / DRIVE AWAY,,,Y,"OVER $1,500",07/25/2025 12:30:00 PM,UNABLE TO DETERMINE,UNABLE TO DETERMINE,8302,S,PAULINA ST,614,,,,,,,2,NO INDICATION OF INJURY,0,0,0,0,0,1,0,11,6,7,41.7428898937,-87.6658264827,POINT (-87.665826482714 41.742889893721)
fc1df17de2bfdefec7ce0318dd44c8997cbe4130adcde269b2a3343582846a1c4fd487a8d9c5f34a58f4d971c8cc1aee47c2a6550cf057cd83bb954552628244,,07/25/2025 11:00:00 AM,30,STOP SIGN/FLASHER,NO CONTROLS,CLEAR,DAYLIGHT,REAR TO FRONT,T-INTERSECTION,,STRAIGHT AND LEVEL,DRY,NO DEFECTS,NOT ON SCENE (DESK REPORT),NO INJURY / DRIVE AWAY,Y,,,"OVER $1,500",07/25/2025 12:00:00 PM,UNABLE TO DETERMINE,NOT APPLICABLE,4207,W,ROSCOE ST,1731,,,,,,,2,NO INDICATION OF INJURY,0,0,0,0,0,2,0,11,6,7,41.9425565797,-87.7324459315,POINT (-87.732445931466 41.942556579697)
f9fd366071ecd956a615ab9f1ddd828c99f906c4086b3e745fcd34fa185000301be603d9b6efc41af307fcdeff189f58419820500ac3aa06322fe734179837db,,07/25/2025 10:57:00 AM,30,STOP SIGN/FLASHER,FUNCTIONING PROPERLY,CLOUDY/OVERCAST,DAYLIGHT,TURNING,NOT DIVIDED,,STRAIGHT AND LEVEL,DRY,NO DEFECTS,ON SCENE,NO INJURY / DRIVE AWAY,,,,"OVER $1,500",07/25/2025 11:39:00 AM,FAILING TO YIELD RIGHT-OF-WAY,NOT APPLICABLE,3731,W,ARMITAGE AVE,2535,,,,,,,2,NO INDICATION OF INJURY,0,0,0,0,0,3,0,10,6,7,41.9171295505,-87.7205022439,POINT (-87.720502243898 41.917129550494)
3e3ecff7ea9eeda6ff68a4416844dde3c9bb972858de15d64879e749fd102bb97be5b09d2ef0c109501ae4233ee37a351da59a136de0e8965f6f55231752765e,,07/25/2025 10:45:00 AM,30,NO CONTROLS,NO CONTROLS,CLOUDY/OVERCAST,DAYLIGHT,PARKED MOTOR VEHICLE,NOT DIVIDED,,STRAIGHT AND LEVEL,DRY,UNKNOWN,ON SCENE,NO INJURY / DRIVE AWAY,,,,"$501 - $1,500",07/25/2025 10:47:00 AM,UNABLE TO DETERMINE,NOT APPLICABLE,3725,N,SHEFFIELD AVE,1923,,,,,,,2,NO INDICATION OF INJURY,0,0,0,0,0,2,0,10,6,7,41.9498110769,-87.6542584457,POINT (-87.654258445741 41.94981107692)
c5e8705cb65a8eff5e10a6734ccd8ee4a531438ddae41854bd3e0433cf70e9379a4351ac6aef2e3cca8af32324bdb78b50d9fe0ce4f9b7793c83dcf2e72e1d2a,,07/25/2025 10:40:00 AM,35,NO CONTROLS,NO CONTROLS,CLEAR,DAYLIGHT,FIXED OBJECT,NOT DIVIDED,,STRAIGHT AND LEVEL,DRY,UNKNOWN,ON SCENE,INJURY AND / OR TOW DUE TO CRASH,,,Y,"$501 - $1,500",07/25/2025 10:40:00 AM,UNABLE TO DETERMINE,NOT APPLICABLE,520,N,ALBANY AVE,1221,,,,,,,1,NO INDICATION OF INJURY,0,0,0,0,0,1,0,10,6,7,41.8910088007,-87.7041009803,POINT (-87.704100980307 41.891008800656)
d2cd466e4d172e00afbdb17b2d08a664665c52134113f71af5b5462ba3958daf7328f63d9918f547476b2d910c30837761bdc301807513aa89830a9604a32a50,,07/25/2025 10:40:00 AM,30,NO CONTROLS,NO CONTROLS,CLEAR,DAYLIGHT,REAR END,NOT DIVIDED,,STRAIGHT AND LEVEL,DRY,NO DEFECTS,NOT ON SCENE (DESK REPORT),NO INJURY / DRIVE AWAY,,,,"OVER $1,500",07/25/2025 11:30:00 AM,FOLLOWING TOO CLOSELY,FAILING TO REDUCE SPEED TO AVOID CRASH,1542,N,DAMEN AVE,1424,,,,,,,2,NO INDICATION OF INJURY,0,0,0,0,0,2,0,10,6,7,41.9094267442,-87.6775832842,POINT (-87.677583284151 41.909426744159)
fe2c96470253d05dc585ed4a6f6ac9d3afcecc28816302154355bcb0f8ebf8ffae82ecb53fbfe83ec539a6b32ee47017ec4caa4b69834a6ca055b9476e3a5b0c,,07/25/2025 10:39:00 AM,10,NO CONTROLS,NO CONTROLS,CLEAR,DAYLIGHT,HEAD ON,PARKING LOT,,STRAIGHT AND LEVEL,DRY,NO DEFECTS,NOT ON SCENE (DESK REPORT),NO INJURY / DRIVE AWAY,,,Y,"$501 - $1,500",07/28/2025 09:10:00 AM,UNABLE TO DETERMINE,UNABLE TO DETERMINE,3122,W,TOUHY AVE,2411,,,,,,,2,NO INDICATION OF INJURY,0,0,0,0,0,3,0,10,6,7,42.0119985779,-87.7077027457,POINT (-87.707702745697 42.011998577874)
cb4017b1c4c74ce3e38bf14e856a279accb984d71cebdaedd1fc24d385bee2e821b90594c922de41a177ba42df74bd295be34bdf51347345e024be5fc0710dc6,,07/25/2025 10:30:00 AM,35,TRAFFIC SIGNAL,NOT FUNCTIONING,RAIN,DAYLIGHT,REAR END,NOT DIVIDED,,STRAIGHT AND LEVEL,WET,NO DEFECTS,NOT ON SCENE (DESK REPORT),NO INJURY / DRIVE AWAY,,,,"OVER $1,500",07/25/2025 11:00:00 AM,FOLLOWING TOO CLOSELY,UNABLE TO DETERMINE,1601,E,87TH ST,412,,,,,,,2,NO INDICATION OF INJURY,0,0,0,0,0,2,0,10,6,7,41.7368114947,-87.58508095,POINT (-87.585080949974 41.736811494725)
e9f81ad089767cfc726124da1eae8f7bfe3ede89d7e73bd154fca846cd891a7a9131befdc4859d690c9b5169071975f7060255599fd3615011c84339b7fe11fc,,07/25/2025 10:30:00 AM,30,NO CONTROLS,NO CONTROLS,CLEAR,DAYLIGHT,REAR END,DIVIDED - W/MEDIAN (NOT RAISED),,STRAIGHT AND LEVEL,DRY,NO DEFECTS,NOT ON SCENE (DESK REPORT),NO INJURY / DRIVE AWAY,,,,"OVER $1,500",07/25/2025 01:00:00 PM,FOLLOWING TOO CLOSELY,FAILING TO REDUCE SPEED TO AVOID CRASH,2509,W,IRVING PARK RD,1921,,,,,,,2,NO INDICATION OF INJURY,0,0,0,0,0,2,0,10,6,7,41.9538922543,-87.6912404215,POINT (-87.691240421471 41.95389225434)
2be60b3861534f4d6b82611a8874de5aacfc3035a231568e045016cb78728762287534cf7eafaa89287d7675c0fba4d55243498d4e24272f5677466556dc63b0,,07/25/2025 10:25:00 AM,15,NO CONTROLS,NO CONTROLS,CLEAR,DAYLIGHT,FIXED OBJECT,ALLEY,,STRAIGHT AND LEVEL,WET,NO DEFECTS,ON SCENE,NO INJURY / DRIVE AWAY,,,,"OVER $1,500",07/25/2025 10:30:00 AM,UNABLE TO DETERMINE,NOT APPLICABLE,430,N,LA SALLE DR,1831,,,,,,,1,NO INDICATION OF INJURY,0,0,0,0,0,1,0,10,6,7,41.8900424297,-87.6326946813,POINT (-87.632694681299 41.890042429682)
66786bed2d685ff05eeca6020759cdf05b7bd78cfcb21d5329d4e99a220ed383b5353b83bd884dc8abef88067777ff77ee0bdf71804c0bacd2c043dc631d7ade,,07/25/2025 10:25:00 AM,30,TRAFFIC SIGNAL,FUNCTIONING PROPERLY,CLEAR,DAYLIGHT,FIXED OBJECT,DIVIDED - W/MEDIAN (NOT RAISED),,STRAIGHT AND LEVEL,DRY,UNKNOWN,ON SCENE,INJURY AND / OR TOW DUE TO CRASH,,,,"OVER $1,500",07/25/2025 11:26:00 AM,UNABLE TO DETERMINE,UNABLE TO DETERMINE,1813,S,STATE ST,131,,Y,,,,,1,NO INDICATION OF INJURY,0,0,0,0,0,1,0,10,6,7,41.8574256223,-87.6270387749,POINT (-87.627038774875 41.857425622341)
7eabeffe91b8496841e74ee8ae61c4d65f7db5b158bbaa69d0627071862db7667014323a8b79d5936b5717392f8a088cb0e13268c5836a5bfb451dbbed774d12,,07/25/2025 10:17:00 AM,30,NO CONTROLS,NO CONTROLS,RAIN,DAYLIGHT,FIXED OBJECT,DIVIDED - W/MEDIAN BARRIER,,STRAIGHT AND LEVEL,UNKNOWN,UNKNOWN,ON SCENE,NO INJURY / DRIVE AWAY,,,,"$501 - $1,500",07/25/2025 10:17:00 AM,NOT APPLICABLE,NOT APPLICABLE,1401,S,DAMEN AVE,1233,,,,,,,1,NO INDICATION OF INJURY,0,0,0,0,0,1,0,10,6,7,41.8631058233,-87.6760029055,POINT (-87.676002905461 41.86310582334)
95711323281927e0a8f37f25f06068e895ab9a47ba36042f2e6b479416ef16c4c7b016bcecb4ec26ad205e113f2927196d57a9c12fb88182588e713e3007868a,,07/25/2025 10:15:00 AM,20,STOP SIGN/FLASHER,FUNCTIONING PROPERLY,RAIN,DAYLIGHT,ANGLE,FOUR WAY,,STRAIGHT AND LEVEL,WET,UNKNOWN,ON SCENE,INJURY AND / OR TOW DUE TO CRASH,Y,,,"OVER $1,500",07/25/2025 10:17:00 AM,DISREGARDING STOP SIGN,FAILING TO REDUCE SPEED TO AVOID CRASH,3933,W,26TH ST,1031,,,,,,,2,NONINCAPACITATING INJURY,4,0,0,2,2,0,0,10,6,7,41.8441605081,-87.7232677797,POINT (-87.723267779663 41.844160508083)
d003bac6b1b21af941ffd898093b805398bece4e987531c6f536d2ead6789e6478d6f2bdf4af724faef4349a9fed73ec0854c451dc93339f5d3d967a4564382e,,07/25/2025 10:15:00 AM,25,NO CONTROLS,NO CONTROLS,CLEAR,DAYLIGHT,ANGLE,ALLEY,,STRAIGHT AND LEVEL,DRY,NO DEFECTS,ON SCENE,INJURY AND / OR TOW DUE TO CRASH,Y,Y,Y,"OVER $1,500",07/25/2025 10:15:00 AM,FAILING TO YIELD RIGHT-OF-WAY,FAILING TO REDUCE SPEED TO AVOID CRASH,5527,W,THOMAS ST,1524,,,,,,,2,NONINCAPACITATING INJURY,1,0,0,1,0,1,0,10,6,7,41.9002180651,-87.7649197691,POINT (-87.764919769079 41.900218065126)
f8c9c49250ca951f770577f640104ecf47922d430ecf2bb428b164e9ceec4e4d95c64b81aa8fd47c725cffcd794df6fec3ea533e990c662b5293f9df2b6678d4,,07/25/2025 10:15:00 AM,30,NO CONTROLS,NO CONTROLS,CLEAR,DAYLIGHT,PARKED MOTOR VEHICLE,ONE-WAY,,STRAIGHT AND LEVEL,DRY,NO DEFECTS,NOT ON SCENE (DESK REPORT),NO INJURY / DRIVE AWAY,,,,"OVER $1,500",07/25/2025 11:11:00 AM,DRIVING SKILLS/KNOWLEDGE/EXPERIENCE,NOT APPLICABLE,900,N,CAMBRIDGE AVE,1823,,,,,,,2,NO INDICATION OF INJURY,0,0,0,0,0,1,0,10,6,7,41.8983716414,-87.6419686924,POINT (-87.641968692443 41.898371641436)