CRASH_RECORD_ID,CRASH_DATE_EST_I,CRASH_DATE,POSTED_SPEED_LIMIT,TRAFFIC_CONTROL_DEVICE,DEVICE_CONDITION,WEATHER_CONDITION,LIGHTING_CONDITION,FIRST_CRASH_TYPE,TRAFFICWAY_TYPE,LANE_CNT,ALIGNMENT,ROADWAY_SURFACE_COND,ROAD_DEFECT,REPORT_TYPE,CRASH_TYPE,INTERSECTION_RELATED_I,NOT_RIGHT_OF_WAY_I,HIT_AND_RUN_I,DAMAGE,DATE_POLICE_NOTIFIED,PRIM_CONTRIBUTORY_CAUSE,SEC_CONTRIBUTORY_CAUSE,STREET_NO,STREET_DIRECTION,STREET_NAME,BEAT_OF_OCCURRENCE,PHOTOS_TAKEN_I,STATEMENTS_TAKEN_I,DOORING_I,WORK_ZONE_I,WORK_ZONE_TYPE,WORKERS_PRESENT_I,NUM_UNITS,MOST_SEVERE_INJURY,INJURIES_TOTAL,INJURIES_FATAL,INJURIES_INCAPACITATING,INJURIES_NON_INCAPACITATING,INJURIES_REPORTED_NOT_EVIDENT,INJURIES_NO_INDICATION,INJURIES_UNKNOWN,CRASH_HOUR,CRASH_DAY_OF_WEEK,CRASH_MONTH,LATITUDE,LONGITUDE,LOCATION
a1ce9a11f578989c350c77eefe8bda8dfeb1b23cbbac25423399a9058843cbcdca8291dbbac19257f336decdf073294433c5af268fd4cb616c04093490ba8ea8,,07/25/2025 10:10:00 AM,30,NO CONTROLS,NO CONTROLS,CLEAR,DAYLIGHT,SIDESWIPE SAME DIRECTION,ONE-WAY,,STRAIGHT AND LEVEL,DRY,NO DEFECTS,ON SCENE,INJURY AND / OR TOW DUE TO CRASH,,,,"OVER $1,500",07/25/2025 10:10:00 AM,IMPROPER OVERTAKING/PASSING,UNABLE TO DETERMINE,2837,S,HARDING AVE,1031,,,,,,,2,"REPORTED, NOT EVIDENT",1,0,0,0,1,2,0,10,6,7,41.839466833,-87.7230518908,POINT (-87.723051890772 41.839466832982)
0180450547b01dfa0f8088ea021835f949200062a09c2c35466920e5b902d6ba605a15e305ff49fd6e5f9e8b97fca7c572354b4c77785f0bfee14552444fbd06,,07/25/2025 10:02:00 AM,30,TRAFFIC SIGNAL,FUNCTIONING PROPERLY,CLOUDY/OVERCAST,DAYLIGHT,REAR END,FOUR WAY,,STRAIGHT AND LEVEL,DRY,UNKNOWN,NOT ON SCENE (DESK REPORT),NO INJURY / DRIVE AWAY,Y,,Y,$500 OR LESS,07/25/2025 01:00:00 PM,UNABLE TO DETERMINE,NOT APPLICABLE,100,E,ROOSEVELT RD,114,,,,,,,2,NO INDICATION OF INJURY,0,0,0,0,0,2,0,10,6,7,41.8675665406,-87.6240941748,POINT (-87.624094174802 41.867566540607)
32ee80a8039d0f8588aa9bdec2d8a86aab6829a7f739b75e1e983d38ff6629cab96546bdbd91a2e6dc3eea0c8944591a15db452a3d923c8b02aa6a6975546a61,,07/25/2025 10:00:00 AM,25,NO CONTROLS,NO CONTROLS,CLEAR,DAYLIGHT,PARKED MOTOR VEHICLE,ONE-WAY,,STRAIGHT AND LEVEL,DRY,NO DEFECTS,ON SCENE,NO INJURY / DRIVE AWAY,,,,"$501 - $1,500",07/25/2025 11:29:00 AM,IMPROPER OVERTAKING/PASSING,NOT APPLICABLE,11547,S,YALE AVE,522,,,,,,,2,NO INDICATION OF INJURY,0,0,0,0,0,1,0,10,6,7,41.6838596013,-87.6286988499,POINT (-87.628698849925 41.683859601329)
4535323b018f157bfeb59c0822f8cdb46943ca9a15dc33cf428f7b0d36a6570d3b6f8f8f80e6e84f7563adf4ad2005e71ee3a6609d2c438ebc6a16eeb23c3086,,07/25/2025 10:00:00 AM,20,NO CONTROLS,NO CONTROLS,CLEAR,DAYLIGHT,PARKED MOTOR VEHICLE,NOT DIVIDED,,STRAIGHT AND LEVEL,UNKNOWN,UNKNOWN,NOT ON SCENE (DESK REPORT),NO INJURY / DRIVE AWAY,,,,"OVER $1,500",07/25/2025 10:45:00 AM,UNABLE TO DETERMINE,NOT APPLICABLE,6401,S,STONY ISLAND AVE,331,,,,,,,2,NO INDICATION OF INJURY,0,0,0,0,0,1,0,10,6,7,41.7786819628,-87.5862709764,POINT (-87.586270976359 41.778681962823)
bee3648fad66f1bf339da5511be5d30fc6bfc54e1706bbda1100d9722d2c46e91b8f2806cec7a2f66e5eb949d9e1b3d476b230037bcf60085779434d5b6cbefd,,07/25/2025 10:00:00 AM,30,TRAFFIC SIGNAL,FUNCTIONING PROPERLY,CLEAR,DAYLIGHT,REAR END,FOUR WAY,,STRAIGHT AND LEVEL,UNKNOWN,UNKNOWN,NOT ON SCENE (DESK REPORT),NO INJURY / DRIVE AWAY,Y,,,"OVER $1,500",07/25/2025 10:00:00 AM,FOLLOWING TOO CLOSELY,NOT APPLICABLE,1,E,79TH ST,623,,,,,,,2,NO INDICATION OF INJURY,0,0,0,0,0,2,0,10,6,7,41.7508520955,-87.6244638321,POINT (-87.624463832103 41.750852095511)
113c5fa917f3004aa66dcca95d15588a00f2b2664fd9b921a8eac48af9cc27855d5b271db9c8227c7096acf06480697fd34abb445ceb2a2b95c6d721445acc6e,,07/25/2025 09:55:00 AM,15,NO CONTROLS,NO CONTROLS,CLEAR,DAYLIGHT,REAR TO SIDE,ONE-WAY,,STRAIGHT AND LEVEL,DRY,NO DEFECTS,ON SCENE,NO INJURY / DRIVE AWAY,,,,"OVER $1,500",07/25/2025 09:55:00 AM,IMPROPER BACKING,UNABLE TO DETERMINE,4916,W,MONTANA ST,2521,,,,,,,2,NO INDICATION OF INJURY,0,0,0,0,0,2,0,9,6,7,41.9252584424,-87.7495429416,POINT (-87.749542941561 41.925258442374)
a306b88adabdd81cfd09f3f5329e1101e5292d1622efca4a9a762c73d612869a8592e795e36c6412c8dd7c2f9c8926dfcefc481fc55d406af33dce1bacb2a167,,07/25/2025 09:45:00 AM,30,TRAFFIC SIGNAL,FUNCTIONING PROPERLY,CLEAR,DAYLIGHT,OTHER OBJECT,NOT DIVIDED,,STRAIGHT AND LEVEL,DRY,UNKNOWN,NOT ON SCENE (DESK REPORT),NO INJURY / DRIVE AWAY,,,,"OVER $1,500",07/25/2025 11:16:00 AM,NOT APPLICABLE,NOT APPLICABLE,1743,N,LEAVITT ST,1434,,,,,,,2,NO INDICATION OF INJURY,0,0,0,0,0,2,0,9,6,7,41.9139506586,-87.6822822292,POINT (-87.68228222918 41.91395065859)
e254065887712a896c5ad95808a620371b0f8aaddd7db8f3efc45609120bb2e112b8b181d25ed9521475acfb9ec2ef8aedc0dfbf66372d52067e68ec98bd0e11,,07/25/2025 09:31:00 AM,30,TRAFFIC SIGNAL,FUNCTIONING PROPERLY,CLOUDY/OVERCAST,DAYLIGHT,PEDALCYCLIST,FOUR WAY,,STRAIGHT AND LEVEL,DRY,NO DEFECTS,ON SCENE,INJURY AND / OR TOW DUE TO CRASH,Y,,,$500 OR LESS,07/25/2025 09:32:00 AM,DRIVING ON WRONG SIDE/WRONG WAY,NOT APPLICABLE,2800,W,DEVON AVE,2412,,,,,,,2,NONINCAPACITATING INJURY,1,0,0,1,0,1,0,9,6,7,41.9976695229,-87.6997064232,POINT (-87.699706423246 41.997669522861)
ff33f25ef9ca3ebe1ce756ea448b32c884da1a7584c6692d3b0a89119c55bd6158ab0fc2dd1a6912c8e301d6e339869f6ce0454760e4172a9ac9f0891d2046b1,,07/25/2025 09:30:00 AM,30,NO CONTROLS,NO CONTROLS,CLEAR,DAYLIGHT,PARKED MOTOR VEHICLE,NOT DIVIDED,,STRAIGHT AND LEVEL,DRY,NO DEFECTS,ON SCENE,NO INJURY / DRIVE AWAY,,,,$500 OR LESS,07/25/2025 09:40:00 AM,FAILING TO YIELD RIGHT-OF-WAY,NOT APPLICABLE,2111,N,HALSTED ST,1812,,,,,,,2,NO INDICATION OF INJURY,0,0,0,0,0,1,0,9,6,7,41.9203708282,-87.6484408055,POINT (-87.648440805453 41.920370828203)
53b5ea076eedd84556517cfddb1a84d12d3e0ed3de1612911a9a9529b5484b9aa65b8d4e45c2ea809f9cac0e16b9abbb76b82ea581963ec3b834e9c2d9233af1,,07/25/2025 09:20:00 AM,30,NO CONTROLS,NO CONTROLS,CLEAR,DAYLIGHT,PARKED MOTOR VEHICLE,NOT DIVIDED,,STRAIGHT AND LEVEL,DRY,UNKNOWN,ON SCENE,NO INJURY / DRIVE AWAY,,,,"OVER $1,500",07/25/2025 09:30:00 AM,UNABLE TO DETERMINE,UNABLE TO DETERMINE,6048,W,60TH ST,812,,,,,,,2,NO INDICATION OF INJURY,0,0,0,0,0,1,0,9,6,7,41.7834387938,-87.7736946687,POINT (-87.77369466872 41.783438793832)
e176106cde0c62fd46a269e0638ea7f31f9ac5ce8d1718e2a6a33965939bb8d22d8071e2e740fa992774597f36c49f94e095e80047b8d1eb6f3f47d6e7b415ea,,07/25/2025 09:20:00 AM,30,NO CONTROLS,NO CONTROLS,CLEAR,DAYLIGHT,PARKED MOTOR VEHICLE,NOT DIVIDED,,STRAIGHT AND LEVEL,DRY,NO DEFECTS,ON SCENE,NO INJURY / DRIVE AWAY,,,Y,"OVER $1,500",07/25/2025 10:08:00 AM,UNABLE TO DETERMINE,NOT APPLICABLE,1520,N,DAMEN AVE,1424,,,,,,,2,NO INDICATION OF INJURY,0,0,0,0,0,1,0,9,6,7,41.9089214003,-87.6775677955,POINT (-87.677567795523 41.908921400283)
e9714530438dc85e8ff1dfddfd829e639c1599b360b6c2a9e8ed4dd31fb51d45c7e65f6606406d74f40c100759faaa1477045680aa5bc9b62a0ac2ec18c0cf83,,07/25/2025 09:20:00 AM,30,NO CONTROLS,NO CONTROLS,CLEAR,DAYLIGHT,REAR END,NOT DIVIDED,,STRAIGHT AND LEVEL,DRY,NO DEFECTS,,NO INJURY / DRIVE AWAY,,,,"OVER $1,500",07/25/2025 10:00:00 AM,UNABLE TO DETERMINE,NOT APPLICABLE,4998,W,BELMONT AVE,1634,,,,,,,2,NO INDICATION OF INJURY,0,0,0,0,0,2,0,9,6,7,41.9388748276,-87.7516994069,POINT (-87.751699406923 41.938874827556)
5f211298f32ab0d4485b16302ce7162c1a2948f25aa01da4091cfdde228156ce8b1374c9c40c80b543805bfc566dcee7e92ec035bb01ecc90ddc462088eaca63,,07/25/2025 09:11:00 AM,30,TRAFFIC SIGNAL,FUNCTIONING PROPERLY,UNKNOWN,DAYLIGHT,PARKED MOTOR VEHICLE,DIVIDED - W/MEDIAN (NOT RAISED),,STRAIGHT AND LEVEL,UNKNOWN,UNKNOWN,ON SCENE,NO INJURY / DRIVE AWAY,,,,$500 OR LESS,07/25/2025 09:11:00 AM,UNABLE TO DETERMINE,NOT APPLICABLE,3202,N,SOUTHPORT AVE,1922,,,,,,,2,NO INDICATION OF INJURY,0,0,0,0,0,1,0,9,6,7,41.9398700877,-87.6639714762,POINT (-87.663971476179 41.939870087746)
4acf36b3ef5dd0528e1dc69195d5d782ac87571f35522b6edd56c25c95a377644a26eb11832d95ac57e808e8be96ec6043071859c0718aacddbb2b004dabad41,,07/25/2025 09:10:00 AM,25,NO CONTROLS,NO CONTROLS,CLEAR,DAYLIGHT,PARKED MOTOR VEHICLE,ONE-WAY,,STRAIGHT AND LEVEL,DRY,NO DEFECTS,ON SCENE,NO INJURY / DRIVE AWAY,,,,"OVER $1,500",07/25/2025 09:25:00 AM,DRIVING SKILLS/KNOWLEDGE/EXPERIENCE,UNABLE TO DETERMINE,3436,N,OSCEOLA AVE,1631,Y,Y,,,,,2,NO INDICATION OF INJURY,0,0,0,0,0,1,0,9,6,7,41.9425433505,-87.8131680025,POINT (-87.813168002518 41.942543350481)
4b9aa25d015a32f48768f55b3a3218541fbc9ed682aa10999861e4054da2de600705fb50b8e89e1a75b6201e88cd37da915809a22421de9412bd1d3fea2f02cd,,07/25/2025 09:01:00 AM,20,NO CONTROLS,NO CONTROLS,CLEAR,DAYLIGHT,PARKED MOTOR VEHICLE,ONE-WAY,,STRAIGHT AND LEVEL,DRY,NO DEFECTS,ON SCENE,NO INJURY / DRIVE AWAY,,,Y,"OVER $1,500",07/25/2025 09:01:00 AM,UNABLE TO DETERMINE,UNABLE TO DETERMINE,4508,N,MONTICELLO AVE,1723,,,,,,,2,NO INDICATION OF INJURY,0,0,0,0,0,1,0,9,6,7,41.9631812561,-87.7194699948,POINT (-87.719469994766 41.963181256094)
25323240973865ca478d4cbf2fd9a6dadd8d533a90ed1b0e098ad8211d5efc342f45c61674f0626669a3620944aaf403edff1da3278a4be705a878f571f9a8f2,,07/25/2025 09:00:00 AM,30,STOP SIGN/FLASHER,FUNCTIONING PROPERLY,CLEAR,DAYLIGHT,TURNING,NOT DIVIDED,,STRAIGHT AND LEVEL,DRY,NO DEFECTS,ON SCENE,INJURY AND / OR TOW DUE TO CRASH,Y,,,"OVER $1,500",07/25/2025 09:05:00 AM,FAILING TO YIELD RIGHT-OF-WAY,FAILING TO YIELD RIGHT-OF-WAY,3100,S,WELLS ST,915,,,,,,,2,NO INDICATION OF INJURY,0,0,0,0,0,2,0,9,6,7,41.8381245212,-87.6330291354,POINT (-87.633029135385 41.838124521194)
624ecd5aa76c9efaba8aa7750fc634d8446e7f2cd286d53c821bb62f92de8b13321df8dcac01a075fccf590bcbae5e332a19165f32ef716483f9914287fdfdae,Y,07/25/2025 09:00:00 AM,30,STOP SIGN/FLASHER,UNKNOWN,UNKNOWN,UNKNOWN,PARKED MOTOR VEHICLE,ONE-WAY,,STRAIGHT AND LEVEL,UNKNOWN,UNKNOWN,NOT ON SCENE (DESK REPORT),NO INJURY / DRIVE AWAY,,,Y,"OVER $1,500",07/31/2025 02:00:00 PM,UNABLE TO DETERMINE,NOT APPLICABLE,2700,W,HADDON AVE,1211,,,,,,,2,NO INDICATION OF INJURY,0,0,0,0,0,1,0,9,6,7,41.9021254868,-87.6945179874,POINT (-87.694517987428 41.902125486782)
cf71f7b5c7cdbc4908f30d433806e6ef4023701b229653dc0f988ca92a53eb636c1f1d16ab5599c6f49b6a27f27c6cfdbc65d7185ae6cb214c1c080a61251d65,,07/25/2025 09:00:00 AM,30,NO CONTROLS,NO CONTROLS,CLEAR,DAYLIGHT,FIXED OBJECT,NOT DIVIDED,,STRAIGHT AND LEVEL,DRY,NO DEFECTS,NOT ON SCENE (DESK REPORT),NO INJURY / DRIVE AWAY,,,,"$501 - $1,500",07/25/2025 10:42:00 AM,NOT APPLICABLE,NOT APPLICABLE,2501,S,CHRISTIANA AVE,1024,,,,,,,1,NO INDICATION OF INJURY,0,0,0,0,0,1,0,9,6,7,41.8461897303,-87.7085964031,POINT (-87.708596403083 41.846189730329)
b3f1faaa950d51eac4791328e4ad4ed26916c7789116b603f1be66fd86960d0a36e2becdac86fc49af9cf427fe161a5840c04ffdff44965fa4e4c9b0ba072dc4,,07/25/2025 08:50:00 AM,30,TRAFFIC SIGNAL,FUNCTIONING PROPERLY,UNKNOWN,DAYLIGHT,SIDESWIPE OPPOSITE DIRECTION,ONE-WAY,,STRAIGHT AND LEVEL,UNKNOWN,UNKNOWN,NOT ON SCENE (DESK REPORT),NO INJURY / DRIVE AWAY,,,,"OVER $1,500",07/25/2025 09:20:00 AM,DRIVING ON WRONG SIDE/WRONG WAY,UNABLE TO DETERMINE,5864,N,RICHMOND ST,2011,,,,,,,2,NO INDICATION OF INJURY,0,0,0,0,0,7,0,8,6,7,41.9875781107,-87.7027553547,POINT (-87.702755354707 41.987578110721)
0817d158cc37c55936db6dc7a0704fbcc31d1cfe810d90eaab9f3f4690637b4f34c0cc67cd8b104aba616ab0a5d467ab083cc931cf5664ec57843aac5a855122,,07/25/2025 08:40:00 AM,30,NO CONTROLS,NO CONTROLS,CLEAR,DAYLIGHT,TURNING,NOT DIVIDED,,STRAIGHT AND LEVEL,DRY,NO DEFECTS,NOT ON SCENE (DESK REPORT),NO INJURY / DRIVE AWAY,Y,,Y,"OVER $1,500",07/28/2025 01:00:00 PM,FAILING TO YIELD RIGHT-OF-WAY,UNABLE TO DETERMINE,2602,W,PETERSON AVE,2413,,,,,,,2,NO INDICATION OF INJURY,0,0,0,0,0,2,0,8,6,7,41.9905795356,-87.6946870202,POINT (-87.694687020197 41.990579535602)
9c3c0c1be2fa96063ee5914eb77fb58307184dc117b9ae1bc22670250a3293b6229bd83bb75f49a79eb4c150adab9ee3dd3971ead8c4b92fc07ce56196fe8c48,,07/25/2025 08:40:00 AM,30,NO CONTROLS,NO CONTROLS,CLEAR,DAYLIGHT,REAR END,NOT DIVIDED,,STRAIGHT AND LEVEL,DRY,UNKNOWN,,NO INJURY / DRIVE AWAY,,,,"OVER $1,500",07/25/2025 08:41:00 AM,FAILING TO REDUCE SPEED TO AVOID CRASH,FAILING TO REDUCE SPEED TO AVOID CRASH,5605,N,NAGLE AVE,1622,,,,,,,3,NO INDICATION OF INJURY,0,0,0,0,0,3,0,8,6,7,41.9831219463,-87.7875834476,POINT (-87.787583447623 41.983121946275)
e85ee35d4007af8a33b3839d18f32e5bb756f0b69e6c110accf9e0462824259411e6cb8c36838d216041df3d4f888bd423c6f952e773996dc479cb4256c85e7d,,07/25/2025 08:40:00 AM,30,STOP SIGN/FLASHER,NO CONTROLS,CLEAR,DAYLIGHT,REAR END,NOT DIVIDED,,STRAIGHT AND LEVEL,DRY,NO DEFECTS,NOT ON SCENE (DESK REPORT),NO INJURY / DRIVE AWAY,,,Y,"OVER $1,500",07/25/2025 10:38:00 AM,UNABLE TO DETERMINE,NOT APPLICABLE,4811,W,ADAMS ST,1533,,,,,,,2,NO INDICATION OF INJURY,0,0,0,0,0,3,0,8,6,7,41.8784806587,-87.7456858255,POINT (-87.745685825462 41.878480658741)
7b2309230916997b96298cdf6ba8a91842b896ed933c110db52b32d2fcc6badebd8e142818e422568f423a8cc051b920217d273a0f8c2501c9eb1d380ff402a6,,07/25/2025 08:35:00 AM,30,TRAFFIC SIGNAL,FUNCTIONING PROPERLY,CLEAR,DAYLIGHT,TURNING,NOT DIVIDED,,STRAIGHT AND LEVEL,DRY,NO DEFECTS,ON SCENE,INJURY AND / OR TOW DUE TO CRASH,,,,"OVER $1,500",07/25/2025 09:40:00 AM,IMPROPER LANE USAGE,IMPROPER LANE USAGE,1411,S,MICHIGAN AVE,132,,,,,,,2,NO INDICATION OF INJURY,0,0,0,0,0,2,0,8,6,7,41.8637391948,-87.6239241337,POINT (-87.623924133706 41.863739194782)
ffcd996c86da432a8cf779dc4c0c1d0925363bb7052380920006569c9701fc0d1abe35e68832a7a830ae528f40ad159c36acb980920ed8dde522480ceaa52c20,,07/25/2025 08:24:00 AM,30,TRAFFIC SIGNAL,FUNCTIONING PROPERLY,CLEAR,DAYLIGHT,REAR END,NOT DIVIDED,,STRAIGHT AND LEVEL,DRY,NO DEFECTS,NOT ON SCENE (DESK REPORT),NO INJURY / DRIVE AWAY,,,,"$501 - $1,500",07/25/2025 03:10:00 PM,FOLLOWING TOO CLOSELY,NOT APPLICABLE,4200,W,ROOSEVELT RD,1132,,,,,,,2,NO INDICATION OF INJURY,0,0,0,0,0,2,0,8,6,7,41.8662106354,-87.7301279853,POINT (-87.730127985285 41.866210635409)
419adf1e751b6e8b9984eac9b4db926a731fc9a66f3e10164ae4f6f77eeafa604343bc5b87429da3bcad53b850621110b4f520e9d2e81d6def6a8620d43321e5,,07/25/2025 08:15:00 AM,30,FLASHING CONTROL SIGNAL,FUNCTIONING IMPROPERLY,CLEAR,DAYLIGHT,ANGLE,"FIVE POINT, OR MORE",,STRAIGHT AND LEVEL,DRY,NO DEFECTS,ON SCENE,INJURY AND / OR TOW DUE TO CRASH,,,,"OVER $1,500",07/25/2025 08:22:00 AM,UNABLE TO DETERMINE,UNABLE TO DETERMINE,7900,S,STONY ISLAND AVE,411,,,,,,,2,NONINCAPACITATING INJURY,1,0,0,1,0,2,0,8,6,7,41.7514606032,-87.585971993,POINT (-87.585971992965 41.751460603167)
f77a80c726a9bafcab4fd21b2e83df3536ca41358fa2f648bf978fa7786e26b5142b44b0a6749766df3c8df7429ad7559a21322d7f99084fcb5ccbcdae9d0f41,,07/25/2025 08:15:00 AM,30,OTHER REG. SIGN,FUNCTIONING PROPERLY,CLEAR,DAYLIGHT,SIDESWIPE SAME DIRECTION,FOUR WAY,,STRAIGHT AND LEVEL,DRY,NO DEFECTS,NOT ON SCENE (DESK REPORT),NO INJURY / DRIVE AWAY,Y,,Y,"OVER $1,500",07/25/2025 08:55:00 AM,DRIVING SKILLS/KNOWLEDGE/EXPERIENCE,UNABLE TO DETERMINE,1601,W,VAN BUREN ST,1231,,,,,,,2,NO INDICATION OF INJURY,0,0,0,0,0,2,0,8,6,7,41.8762413966,-87.6667090167,POINT (-87.666709016652 41.876241396572)
a7e166f9063fa4d62af009bb571f3ec124eae44a3b9d16e74c98e81c9acd1029a1d0a58fb2a388f567fd0902490ff0069ae3e3a5317d3f5311f9214e0a1d5ac7,,07/25/2025 08:13:00 AM,30,TRAFFIC SIGNAL,FUNCTIONING PROPERLY,CLEAR,DAYLIGHT,SIDESWIPE SAME DIRECTION,FOUR WAY,,STRAIGHT AND LEVEL,DRY,NO DEFECTS,,NO INJURY / DRIVE AWAY,Y,,,"$501 - $1,500",07/25/2025 09:00:00 AM,IMPROPER OVERTAKING/PASSING,IMPROPER OVERTAKING/PASSING,30,W,87TH ST,622,,,,,,,2,NO INDICATION OF INJURY,0,0,0,0,0,2,0,8,6,7,41.7363760366,-87.6256213109,POINT (-87.625621310926 41.736376036605)
ced8a7747b5eca400ec37ca336444a7314e9fbdd331d6e53072dd035d5361ea040702bc48caac09b672b41cecab474c2e51a556d505ba046365f4f1e36e1e49a,,07/25/2025 08:09:00 AM,30,NO CONTROLS,NO CONTROLS,CLEAR,DAYLIGHT,PEDALCYCLIST,NOT DIVIDED,,STRAIGHT AND LEVEL,UNKNOWN,UNKNOWN,ON SCENE,INJURY AND / OR TOW DUE TO CRASH,,,Y,"OVER $1,500",07/25/2025 08:14:00 AM,UNABLE TO DETERMINE,UNABLE TO DETERMINE,5139,W,DIVERSEY AVE,2521,,,Y,,,,2,NONINCAPACITATING INJURY,1,0,0,1,0,1,0,8,6,7,41.9313021892,-87.7555311827,POINT (-87.755531182677 41.93130218916)
00f37fde1c9f703bf79e7ae35091b57cbfa669f4e8c89b3d034ad296e5a7f662baf0f7b23ff6d7986dd4bf6b6f1acc01a60239087cb73c52c0ef1633159aefc2,,07/25/2025 08:06:00 AM,30,NO CONTROLS,NO CONTROLS,CLEAR,DAYLIGHT,PARKED MOTOR VEHICLE,T-INTERSECTION,,STRAIGHT AND LEVEL,DRY,OTHER,NOT ON SCENE (DESK REPORT),NO INJURY / DRIVE AWAY,Y,,,"OVER $1,500",07/25/2025 11:00:00 AM,UNABLE TO DETERMINE,UNABLE TO DETERMINE,3217,N,KILDARE AVE,1731,,,,,,,2,NO INDICATION OF INJURY,0,0,0,0,0,1,0,8,6,7,41.9395469748,-87.7344419639,POINT (-87.734441963898 41.939546974756)
08895b2932bbd025e3ccfd0bce6d3b738ad588ea0534c875ddd33ee279ff664dd1b8b715c909cd772bececcf142186f78f47b7b66db85427e72c4b2316c73d50,,07/25/2025 08:04:00 AM,30,TRAFFIC SIGNAL,UNKNOWN,CLEAR,DAYLIGHT,REAR END,UNKNOWN INTERSECTION TYPE,,STRAIGHT AND LEVEL,UNKNOWN,UNKNOWN,ON SCENE,INJURY AND / OR TOW DUE TO CRASH,Y,,,"$501 - $1,500",07/25/2025 08:29:00 AM,NOT APPLICABLE,NOT APPLICABLE,1358,S,ASHLAND AVE,1233,,,,,,,3,"REPORTED, NOT EVIDENT",1,0,0,0,1,2,0,8,6,7,41.8633109549,-87.6664438556,POINT (-87.666443855641 41.863310954902)
2f687acc24ef95d1b4f334e3fc4bf3f220ef0fc90dde64be49d3f30f67eea3b6df95af2a85b49f778883112306f40c2e8f479962828206a611ec54d1e6d86047,,07/25/2025 08:02:00 AM,30,NO CONTROLS,NO CONTROLS,CLEAR,DAYLIGHT,SIDESWIPE SAME DIRECTION,DIVIDED - W/MEDIAN (NOT RAISED),,STRAIGHT ON GRADE,DRY,OTHER,ON SCENE,NO INJURY / DRIVE AWAY,,,,"$501 - $1,500",07/25/2025 08:02:00 AM,FAILING TO YIELD RIGHT-OF-WAY,IMPROPER LANE USAGE,5307,W,FULLERTON AVE,2515,,,,Y,CONSTRUCTION,,2,NO INDICATION OF INJURY,0,0,0,0,0,2,0,8,6,7,41.9239617499,-87.758903102,POINT (-87.75890310201 41.923961749924)
ef0ab1c213e430b65748de340a75fe7aeabecdc528d3282d118f68b2e5e9fcc0a52c1403544c6a3b811244665edc2190325fbb990b127c9aa47fd67c867302f4,N,07/25/2025 08:00:00 AM,30,NO CONTROLS,NO CONTROLS,CLEAR,DAYLIGHT,PARKED MOTOR VEHICLE,ONE-WAY,,STRAIGHT AND LEVEL,DRY,NO DEFECTS,ON SCENE,INJURY AND / OR TOW DUE TO CRASH,,,Y,"OVER $1,500",07/25/2025 08:30:00 AM,UNABLE TO DETERMINE,UNABLE TO DETERMINE,3047,W,65TH ST,831,,,,,,,2,NO INDICATION OF INJURY,0,0,0,0,0,1,0,8,6,7,41.7752605026,-87.7000361892,POINT (-87.700036189227 41.775260502594)
bf78acd1a6ee8e0f6a20bf5f7ead0e5cc39b203279f237835cfab21d5955ec1d21dacb5eb3fd6f6b3226b421b971a34a2df80eb3ad21c264ec62e5772ef8c19b,,07/25/2025 07:50:00 AM,30,TRAFFIC SIGNAL,FUNCTIONING PROPERLY,CLEAR,DAYLIGHT,PEDESTRIAN,DIVIDED - W/MEDIAN (NOT RAISED),,STRAIGHT AND LEVEL,DRY,NO DEFECTS,ON SCENE,INJURY AND / OR TOW DUE TO CRASH,,,Y,"$501 - $1,500",07/25/2025 08:05:00 AM,UNABLE TO DETERMINE,UNABLE TO DETERMINE,1159,S,RACINE AVE,1232,,,,,,,2,NONINCAPACITATING INJURY,1,0,0,1,0,1,0,7,6,7,41.8670405319,-87.6565356181,POINT (-87.656535618139 41.867040531942)
4c93aca16850981731310bd993be2341c9be10bb57afee874d377f1dcf0865b0e78d9e6210407173bf8fee49eeac31083db4d3ce9e138655533e674230d1dbe1,,07/25/2025 07:45:00 AM,30,NO CONTROLS,NO CONTROLS,CLEAR,DAYLIGHT,SIDESWIPE SAME DIRECTION,DIVIDED - W/MEDIAN (NOT RAISED),,STRAIGHT AND LEVEL,DRY,NO DEFECTS,NOT ON SCENE (DESK REPORT),NO INJURY / DRIVE AWAY,,,,"OVER $1,500",07/28/2025 04:30:00 PM,IMPROPER LANE USAGE,UNABLE TO DETERMINE,3214,N,PULASKI RD,1731,,,,,,,2,NO INDICATION OF INJURY,0,0,0,0,0,2,0,7,6,7,41.9395477985,-87.7273453512,POINT (-87.727345351161 41.939547798491)
938c298eb621e9d827063fb58ffdeedbf6972cd1274904d6dffcaaabb19d1e042a23386c811fa29e0e48585d21bc9dabbbbbf5af91cfe702627fb54f495c9242,N,07/25/2025 07:40:00 AM,20,NO CONTROLS,NO CONTROLS,CLEAR,DAYLIGHT,PEDALCYCLIST,NOT DIVIDED,,STRAIGHT AND LEVEL,DRY,NO DEFECTS,ON SCENE,INJURY AND / OR TOW DUE TO CRASH,,,,"OVER $1,500",07/25/2025 08:10:00 AM,UNABLE TO DETERMINE,NOT APPLICABLE,5210,N,CLARK ST,2012,,,Y,,,,2,INCAPACITATING INJURY,1,0,1,0,0,0,0,7,6,7,41.9765338507,-87.6685598763,POINT (-87.668559876307 41.976533850685)