CRASH_RECORD_ID,CRASH_DATE_EST_I,CRASH_DATE,POSTED_SPEED_LIMIT,TRAFFIC_CONTROL_DEVICE,DEVICE_CONDITION,WEATHER_CONDITION,LIGHTING_CONDITION,FIRST_CRASH_TYPE,TRAFFICWAY_TYPE,LANE_CNT,ALIGNMENT,ROADWAY_SURFACE_COND,ROAD_DEFECT,REPORT_TYPE,CRASH_TYPE,INTERSECTION_RELATED_I,NOT_RIGHT_OF_WAY_I,HIT_AND_RUN_I,DAMAGE,DATE_POLICE_NOTIFIED,PRIM_CONTRIBUTORY_CAUSE,SEC_CONTRIBUTORY_CAUSE,STREET_NO,STREET_DIRECTION,STREET_NAME,BEAT_OF_OCCURRENCE,PHOTOS_TAKEN_I,STATEMENTS_TAKEN_I,DOORING_I,WORK_ZONE_I,WORK_ZONE_TYPE,WORKERS_PRESENT_I,NUM_UNITS,MOST_SEVERE_INJURY,INJURIES_TOTAL,INJURIES_FATAL,INJURIES_INCAPACITATING,INJURIES_NON_INCAPACITATING,INJURIES_REPORTED_NOT_EVIDENT,INJURIES_NO_INDICATION,INJURIES_UNKNOWN,CRASH_HOUR,CRASH_DAY_OF_WEEK,CRASH_MONTH,LATITUDE,LONGITUDE,LOCATION
e00d359e84cc951ef91477786d807c5db1434db191b78827d1dc0c06a604aaa89c0cca20c3cb450645544f2b28bc3bf9c651e18a0fe1aa83497a93160fb02d2b,,07/25/2025 07:35:00 AM,15,NO CONTROLS,NO CONTROLS,CLEAR,DAYLIGHT,FIXED OBJECT,ALLEY,,STRAIGHT AND LEVEL,DRY,NO DEFECTS,ON SCENE,NO INJURY / DRIVE AWAY,,,,"OVER $1,500",07/25/2025 07:35:00 AM,NOT APPLICABLE,NOT APPLICABLE,3217,N,KILDARE AVE,1731,,,,,,,1,NO INDICATION OF INJURY,0,0,0,0,0,1,0,7,6,7,41.9395469748,-87.7344419639,POINT (-87.734441963898 41.939546974756)
82f27f39c5a24f73b7b9691b5b8f9f84f2f4f4de25f90874f319f4a9b40d6ab906b94dc4a669a471d4388478eebd6a44e75a77ffe8d2065eb3d84b9de766b51d,,07/25/2025 07:30:00 AM,30,NO CONTROLS,NO CONTROLS,CLEAR,DAYLIGHT,SIDESWIPE SAME DIRECTION,DIVIDED - W/MEDIAN BARRIER,,STRAIGHT AND LEVEL,DRY,NO DEFECTS,NOT ON SCENE (DESK REPORT),NO INJURY / DRIVE AWAY,,,Y,"OVER $1,500",08/02/2025 02:11:00 PM,IMPROPER LANE USAGE,NOT APPLICABLE,5265,S,CICERO AVE,815,,,,,,,2,NO INDICATION OF INJURY,0,0,0,0,0,2,0,7,6,7,41.7967771924,-87.7427180899,POINT (-87.742718089897 41.796777192444)
73abfc93caabcd5ea6176a7dad67b2af9f1d2100a86c2a83c03ef0c9b83a95661e3a86194a88ff4d8c0c18077da313b17655b427a99fa534515714f5f180a3ef,,07/25/2025 07:20:00 AM,30,NO CONTROLS,NO CONTROLS,CLEAR,DAYLIGHT,REAR TO FRONT,PARKING LOT,,STRAIGHT AND LEVEL,DRY,UNKNOWN,NOT ON SCENE (DESK REPORT),NO INJURY / DRIVE AWAY,,,,"OVER $1,500",07/25/2025 07:55:00 AM,IMPROPER BACKING,DRIVING SKILLS/KNOWLEDGE/EXPERIENCE,11421,S,HALSTED ST,2233,,,,,,,2,NO INDICATION OF INJURY,0,0,0,0,0,2,0,7,6,7,41.6862492664,-87.642042173,POINT (-87.642042173003 41.686249266444)
4b1e597282000972aa9ad0ee856b41bef40d294e91d47067d75bed45f839b48fbffb0024206c834b56c686fa27828d02e1e066be848a09ef03c35b89a8afce59,,07/25/2025 07:10:00 AM,30,TRAFFIC SIGNAL,FUNCTIONING PROPERLY,CLOUDY/OVERCAST,DAYLIGHT,TURNING,FOUR WAY,,STRAIGHT AND LEVEL,WET,UNKNOWN,ON SCENE,INJURY AND / OR TOW DUE TO CRASH,Y,,Y,"OVER $1,500",07/25/2025 07:44:00 AM,IMPROPER LANE USAGE,UNABLE TO DETERMINE,6352,N,CICERO AVE,1621,,,,,,,2,"REPORTED, NOT EVIDENT",2,0,0,0,2,2,0,7,6,7,41.9972048199,-87.7484906088,POINT (-87.748490608776 41.997204819912)
02e0d0dfba92097e1cc9db76282f8ce9ab96d85aa1421c028cc5f8c6952746cace73b4f0ca9be59de73416bd40530648289a831c330a76f1360156204228e06e,,07/25/2025 07:00:00 AM,30,STOP SIGN/FLASHER,FUNCTIONING PROPERLY,CLEAR,DAYLIGHT,TURNING,FOUR WAY,,STRAIGHT AND LEVEL,DRY,NO DEFECTS,ON SCENE,INJURY AND / OR TOW DUE TO CRASH,Y,,,"OVER $1,500",07/25/2025 07:53:00 AM,FAILING TO YIELD RIGHT-OF-WAY,UNABLE TO DETERMINE,2928,S,CENTRAL PARK AVE,1032,,,,,,,2,NO INDICATION OF INJURY,0,0,0,0,0,3,0,7,6,7,,,
35f9be87f2fe05cc61068f67e03d8228520e9ba6b3c53ec56eb645e87198193244d6530b6e84284c958a0b32a5da888c1f51b5395918b1666c9e2a31b5ca63a6,,07/25/2025 07:00:00 AM,30,TRAFFIC SIGNAL,UNKNOWN,CLEAR,DAYLIGHT,SIDESWIPE SAME DIRECTION,NOT DIVIDED,,STRAIGHT AND LEVEL,DRY,UNKNOWN,NOT ON SCENE (DESK REPORT),NO INJURY / DRIVE AWAY,Y,,,"OVER $1,500",07/25/2025 07:38:00 AM,IMPROPER OVERTAKING/PASSING,UNABLE TO DETERMINE,180,E,87TH ST,632,,,,,,,2,NO INDICATION OF INJURY,0,0,0,0,0,3,0,7,6,7,41.736539675,-87.6194579583,POINT (-87.619457958343 41.736539675007)
bbba1e4dc21bfa525ef88488a121d8869441594cc37769e497364f5a37ed5c34ce638af34f50c7872e472a769525c94872bda460819287bd92803fee4afa1f9a,,07/25/2025 06:59:00 AM,30,STOP SIGN/FLASHER,FUNCTIONING PROPERLY,CLEAR,DAYLIGHT,ANGLE,FOUR WAY,,STRAIGHT AND LEVEL,DRY,NO DEFECTS,ON SCENE,INJURY AND / OR TOW DUE TO CRASH,Y,,,"OVER $1,500",07/25/2025 07:25:00 AM,FAILING TO YIELD RIGHT-OF-WAY,DRIVING ON WRONG SIDE/WRONG WAY,700,W,LAKE ST,1214,,,,,,,2,NO INDICATION OF INJURY,0,0,0,0,0,3,0,6,6,7,41.8857969415,-87.6457008083,POINT (-87.645700808301 41.885796941486)
8174cc21a4e2627400b179104daa20cd7ff1deae2b2a563eb313339ffc841cf521656e6b793b5d601363e3dbf47cd9b92743314c0bd237c6375427630a640373,,07/25/2025 06:50:00 AM,30,NO CONTROLS,NO CONTROLS,CLOUDY/OVERCAST,DAYLIGHT,PARKED MOTOR VEHICLE,ALLEY,,STRAIGHT AND LEVEL,DRY,NO DEFECTS,ON SCENE,NO INJURY / DRIVE AWAY,,,,"$501 - $1,500",07/25/2025 06:57:00 AM,IMPROPER OVERTAKING/PASSING,NOT APPLICABLE,213,N,SACRAMENTO BLVD,1222,,,,,,,2,NO INDICATION OF INJURY,0,0,0,0,0,1,0,6,6,7,41.8845010954,-87.7011554444,POINT (-87.701155444351 41.884501095404)
1e23a73aea22e844e234b35b24515f001d4f25078353bca92cbf9dc379adadc49255398fc65c7da8ef1a099ccd44861a648b488d517ae0af88a8c2c8fdf356fb,,07/25/2025 06:45:00 AM,20,NO CONTROLS,NO CONTROLS,CLEAR,DAYLIGHT,PARKED MOTOR VEHICLE,ONE-WAY,,STRAIGHT AND LEVEL,DRY,UNKNOWN,ON SCENE,NO INJURY / DRIVE AWAY,,,,"OVER $1,500",07/26/2025 08:00:00 PM,IMPROPER BACKING,NOT APPLICABLE,5105,W,ROSCOE ST,1634,,,,,,,2,NO INDICATION OF INJURY,0,0,0,0,0,1,0,6,6,7,41.9422686181,-87.7546262771,POINT (-87.754626277119 41.942268618101)
c53dfe6ec189f6133dd188ff7af532671577ae3f4f96a5bfcb04f4da24eaa8667abc9c234b164b72b74c6f183cb051e427d4a9efc7b8fe76a306111f9f628e19,,07/25/2025 06:35:00 AM,30,NO CONTROLS,NO CONTROLS,CLEAR,DAWN,FIXED OBJECT,DRIVEWAY,,STRAIGHT AND LEVEL,DRY,NO DEFECTS,ON SCENE,NO INJURY / DRIVE AWAY,,,,"$501 - $1,500",07/25/2025 06:44:00 AM,NOT APPLICABLE,NOT APPLICABLE,4701,N,RAVENSWOOD AVE,1912,,,,,,,1,NO INDICATION OF INJURY,0,0,0,0,0,1,0,6,6,7,41.9670890889,-87.6739790656,POINT (-87.673979065565 41.967089088892)
a6588b008f44294276f34dec6a72e88b821e3bc4d6961560351a5da04070b585900c602b9c9b36f44e3855374328b8954c4a1a35686c42766ad78381b4faca2d,,07/25/2025 06:30:00 AM,35,NO CONTROLS,NO CONTROLS,CLEAR,DAYLIGHT,TURNING,NOT DIVIDED,,STRAIGHT AND LEVEL,DRY,NO DEFECTS,ON SCENE,INJURY AND / OR TOW DUE TO CRASH,,,,"OVER $1,500",07/25/2025 06:44:00 AM,FAILING TO YIELD RIGHT-OF-WAY,NOT APPLICABLE,10901,S,PULASKI RD,2211,,,,,,,2,NO INDICATION OF INJURY,0,0,0,0,0,2,0,6,6,7,41.6947681283,-87.7203262322,POINT (-87.720326232191 41.694768128259)
153eef1a55ac2e37a4676720cd8f0260845de082bef460d07823475fa7e570ea0adbeca56c7d95866557914fa15090935916e63c5835679791578a686cb54825,Y,07/25/2025 06:10:00 AM,10,NO CONTROLS,NO CONTROLS,CLEAR,DAYLIGHT,PARKED MOTOR VEHICLE,PARKING LOT,,STRAIGHT AND LEVEL,DRY,UNKNOWN,NOT ON SCENE (DESK REPORT),NO INJURY / DRIVE AWAY,,,,"$501 - $1,500",07/25/2025 07:13:00 AM,UNABLE TO DETERMINE,UNABLE TO DETERMINE,900,E,103RD ST,511,Y,,,,,,2,NO INDICATION OF INJURY,0,0,0,0,0,1,0,6,6,7,41.7076421509,-87.6010128106,POINT (-87.601012810563 41.707642150851)
88ee023a718097d1e04e1bc9e8fa0cbaf1935e3d392f9ec80b64e612089095755eda780825d08184aabb22b6a01f520f5278a684a486387d16bb9db889902886,,07/25/2025 06:08:00 AM,30,NO CONTROLS,NO CONTROLS,CLEAR,DAYLIGHT,SIDESWIPE SAME DIRECTION,ONE-WAY,,STRAIGHT AND LEVEL,DRY,NO DEFECTS,NOT ON SCENE (DESK REPORT),NO INJURY / DRIVE AWAY,,,,"OVER $1,500",07/25/2025 07:40:00 AM,NOT APPLICABLE,NOT APPLICABLE,5701,S,CICERO AVE,813,,,,,,,2,NO INDICATION OF INJURY,0,0,0,0,0,3,0,6,6,7,41.7893386418,-87.7413525626,POINT (-87.741352562622 41.789338641753)
613b4fb35e6bf9544e1f3889ac498b71b7fa22ea66e79a4e5f684d87ad0b857a13e0a518c666bcc8f7565c6c6235d517c55b0be9641db06d02b93b69b2b062b9,,07/25/2025 05:55:00 AM,30,OTHER REG. SIGN,FUNCTIONING PROPERLY,CLEAR,DAYLIGHT,PEDESTRIAN,FOUR WAY,,STRAIGHT AND LEVEL,DRY,NO DEFECTS,NOT ON SCENE (DESK REPORT),NO INJURY / DRIVE AWAY,Y,,,"OVER $1,500",07/25/2025 07:02:00 AM,DRIVING SKILLS/KNOWLEDGE/EXPERIENCE,UNABLE TO DETERMINE,150,S,WACKER DR,122,,,,,,,2,NO INDICATION OF INJURY,0,0,0,0,0,2,0,5,6,7,41.8794108458,-87.6371039575,POINT (-87.637103957484 41.879410845774)
a979f4ebd10b9a08d99808ca76d31111983ea063bf5456de6a9e53988413b70db193c3ccadf29a71eff69b6415413ce5b8dcf0b1b8a6be908b09db18ca43caa4,,07/25/2025 05:50:00 AM,30,NO CONTROLS,NO CONTROLS,CLEAR,DAYLIGHT,PARKED MOTOR VEHICLE,T-INTERSECTION,,STRAIGHT AND LEVEL,DRY,NO DEFECTS,NOT ON SCENE (DESK REPORT),NO INJURY / DRIVE AWAY,,,Y,"OVER $1,500",07/30/2025 08:40:00 AM,IMPROPER BACKING,UNABLE TO DETERMINE,5,N,CARPENTER ST,1224,,,,,,,2,NO INDICATION OF INJURY,0,0,0,0,0,1,0,5,6,7,41.8818729193,-87.653052883,POINT (-87.653052883031 41.88187291926)
a487af91b7fd7d3e37f6e4d9796101ebbd31b2197926a4b3000cc9a006671e77aef18fa44e1672856c8dad41db18be31ac0d16d7523f1340d34bccb3f470a26c,,07/25/2025 05:45:00 AM,30,UNKNOWN,UNKNOWN,UNKNOWN,UNKNOWN,SIDESWIPE SAME DIRECTION,UNKNOWN,,STRAIGHT AND LEVEL,UNKNOWN,UNKNOWN,NOT ON SCENE (DESK REPORT),NO INJURY / DRIVE AWAY,,,,"OVER $1,500",08/03/2025 01:15:00 PM,UNABLE TO DETERMINE,UNABLE TO DETERMINE,7100,W,DEVON AVE,1611,,,,,,,2,NO INDICATION OF INJURY,0,0,0,0,0,2,0,5,6,7,41.9978984859,-87.8049585856,POINT (-87.804958585573 41.997898485864)
b6f680f2bec9612ab96df58c813d68ab12972f806e0e6dd1d9d280e35bfcd61a363f328b7e8b54e903229c3b23168622003244bff63f44f61c8d10a6b14c3a53,,07/25/2025 05:45:00 AM,35,NO CONTROLS,NO CONTROLS,CLEAR,DAYLIGHT,SIDESWIPE SAME DIRECTION,DIVIDED - W/MEDIAN (NOT RAISED),,STRAIGHT AND LEVEL,DRY,NO DEFECTS,NOT ON SCENE (DESK REPORT),NO INJURY / DRIVE AWAY,,,,"OVER $1,500",07/25/2025 06:58:00 AM,UNABLE TO DETERMINE,NOT APPLICABLE,6414,S,CICERO AVE,813,,,,,,,2,NO INDICATION OF INJURY,0,0,0,0,0,3,0,5,6,7,41.7761116284,-87.7423515912,POINT (-87.742351591234 41.776111628426)
6d36d0bca3b32c11642ed0c94e76496bc37d32c9966e8552a29e56bc2a78eea9c0c42ec2b5774879e8f8145df4f922ea074a1d50cf010d6404788e4315595ebf,,07/25/2025 05:36:00 AM,30,NO CONTROLS,NO CONTROLS,CLOUDY/OVERCAST,DAWN,SIDESWIPE SAME DIRECTION,NOT DIVIDED,,STRAIGHT AND LEVEL,DRY,NO DEFECTS,NOT ON SCENE (DESK REPORT),NO INJURY / DRIVE AWAY,,,,"$501 - $1,500",07/25/2025 06:00:00 AM,IMPROPER LANE USAGE,IMPROPER OVERTAKING/PASSING,4651,S,KEDZIE AVE,922,,,,,,,2,NO INDICATION OF INJURY,0,0,0,0,0,2,0,5,6,7,41.8084370223,-87.7038426285,POINT (-87.70384262855 41.808437022262)
a0477d0ac1a0154f89b0fbb65a18db39d5c28aee71bc4495363f6d79666cee09e564bc78cdf6feb8a04343e524b8e4cb79737d8f0b829e7942b1d0938cad7ee1,,07/25/2025 05:30:00 AM,30,TRAFFIC SIGNAL,NO CONTROLS,CLEAR,DAYLIGHT,SIDESWIPE SAME DIRECTION,ONE-WAY,,STRAIGHT AND LEVEL,DRY,NO DEFECTS,NOT ON SCENE (DESK REPORT),NO INJURY / DRIVE AWAY,,,,"OVER $1,500",07/25/2025 07:10:00 AM,FAILING TO YIELD RIGHT-OF-WAY,UNABLE TO DETERMINE,10000,W,OHARE ST,1651,,,,,,,2,NO INDICATION OF INJURY,0,0,0,0,0,5,0,5,6,7,41.976201139,-87.9053091251,POINT (-87.905309125103 41.976201139024)
40243fd51d85c4e8357a8088e054241d106c4c9ce0690124aee94e7ae1cb031611f481e4bc06b99fe72df82a5d3005bbe1dcc413efbbb94ae4c51abe912b698d,,07/25/2025 05:14:00 AM,30,NO CONTROLS,UNKNOWN,CLEAR,DAYLIGHT,SIDESWIPE SAME DIRECTION,NOT DIVIDED,,STRAIGHT AND LEVEL,DRY,UNKNOWN,ON SCENE,INJURY AND / OR TOW DUE TO CRASH,,,,"OVER $1,500",07/25/2025 05:20:00 AM,UNABLE TO DETERMINE,UNABLE TO DETERMINE,6440,S,CICERO AVE,813,,,,,,,2,NO INDICATION OF INJURY,0,0,0,0,0,2,0,5,6,7,41.7753834429,-87.7423308104,POINT (-87.742330810393 41.775383442882)
00c40631f39f150d77cd0b7a1ad4bfc3d6616455977cc95e937713e6d3fdeb9e94b789f600550804bbcab6778b6a6f085979b6a9046e477d534a0da5205d10fc,,07/25/2025 05:08:00 AM,30,TRAFFIC SIGNAL,FUNCTIONING PROPERLY,CLEAR,DAWN,REAR END,DIVIDED - W/MEDIAN (NOT RAISED),,STRAIGHT AND LEVEL,DRY,NO DEFECTS,ON SCENE,INJURY AND / OR TOW DUE TO CRASH,,,,"OVER $1,500",07/25/2025 05:08:00 AM,FAILING TO REDUCE SPEED TO AVOID CRASH,NOT APPLICABLE,2957,N,CICERO AVE,2521,,,,,,,3,NONINCAPACITATING INJURY,1,0,0,1,0,3,0,5,6,7,41.9350753577,-87.7465893783,POINT (-87.746589378292 41.935075357697)
1af86680234eaa1a972c6f254fe67b8ab130d439e3b368caf663dc8a133605a47f4bd43a0c3f6db8755ad947134b169133f21250456529ec72cb131c63f4e671,,07/25/2025 05:00:00 AM,25,NO CONTROLS,NO CONTROLS,CLEAR,DAWN,PARKED MOTOR VEHICLE,ONE-WAY,,STRAIGHT AND LEVEL,DRY,NO DEFECTS,ON SCENE,NO INJURY / DRIVE AWAY,,,Y,"OVER $1,500",07/25/2025 05:06:00 AM,UNABLE TO DETERMINE,NOT APPLICABLE,751,S,LAVERGNE AVE,1533,,,,,,,2,NO INDICATION OF INJURY,0,0,0,0,0,1,0,5,6,7,41.8704829947,-87.7489092382,POINT (-87.748909238249 41.870482994705)
aeebbc04705bc6de23da82cff0c556a3af5e215d18bf7c567c8c597b43451c3f573c4414cb3b61a1ce2443ada6db65c6bbf375c42a3a4a02a60ff012eb5623fe,,07/25/2025 04:08:00 AM,30,NO CONTROLS,NO CONTROLS,CLEAR,"DARKNESS, LIGHTED ROAD",FIXED OBJECT,NOT DIVIDED,,STRAIGHT AND LEVEL,DRY,UNKNOWN,ON SCENE,NO INJURY / DRIVE AWAY,,,,"OVER $1,500",07/25/2025 04:11:00 AM,UNABLE TO DETERMINE,UNABLE TO DETERMINE,1499,W,NORTH AVE,1433,,,,,,,1,NO INDICATION OF INJURY,0,0,0,0,0,1,0,4,6,7,41.9105551163,-87.6651783591,POINT (-87.665178359138 41.910555116254)
f41e8687819275ce64eca50f8a9ae6355af46b3ec63913c66284cdf2fa860a7d83c7405c56339c53c4a766fa8e43fa36772aa35dc5689febe6ea638126f76217,,07/25/2025 03:54:00 AM,30,TRAFFIC SIGNAL,FUNCTIONING PROPERLY,CLEAR,"DARKNESS, LIGHTED ROAD",TURNING,"FIVE POINT, OR MORE",,STRAIGHT AND LEVEL,DRY,NO DEFECTS,ON SCENE,INJURY AND / OR TOW DUE TO CRASH,Y,,,"OVER $1,500",07/25/2025 03:54:00 AM,DISREGARDING TRAFFIC SIGNALS,DRIVING SKILLS/KNOWLEDGE/EXPERIENCE,7901,S,SOUTH CHICAGO AVE,411,,,,,,,2,NO INDICATION OF INJURY,0,0,0,0,0,2,0,3,6,7,41.7515037487,-87.5854374369,POINT (-87.585437436949 41.751503748743)
d07bf6a32a1e2b6238b9c910da576fdcb1c882f3857a63831fc81de20a3b506211c6cd47ee06ce23d1c366718f6775cc99b3866b0a2de346cc8ae087d76ce526,,07/25/2025 03:00:00 AM,30,NO CONTROLS,NO CONTROLS,UNKNOWN,"DARKNESS, LIGHTED ROAD",PARKED MOTOR VEHICLE,ONE-WAY,,STRAIGHT AND LEVEL,UNKNOWN,NO DEFECTS,NOT ON SCENE (DESK REPORT),NO INJURY / DRIVE AWAY,,,Y,"OVER $1,500",07/26/2025 11:45:00 AM,UNABLE TO DETERMINE,UNABLE TO DETERMINE,4001,N,LAPORTE AVE,1624,,,,,,,2,NO INDICATION OF INJURY,0,0,0,0,0,1,0,3,6,7,41.9534228322,-87.7508874862,POINT (-87.750887486161 41.953422832229)
f8133dc2fc986fc0716d22ec8ef9481d857cf76b0730e681606f5b2b209c56e118296bc529fd51ac95a9e7097104690f35549f7852d467d18df592c257fc874d,Y,07/25/2025 02:48:00 AM,30,NO CONTROLS,NO CONTROLS,CLEAR,"DARKNESS, LIGHTED ROAD",PEDESTRIAN,DIVIDED - W/MEDIAN (NOT RAISED),,STRAIGHT AND LEVEL,DRY,NO DEFECTS,ON SCENE,INJURY AND / OR TOW DUE TO CRASH,,,Y,"OVER $1,500",07/25/2025 02:49:00 AM,FAILING TO REDUCE SPEED TO AVOID CRASH,UNABLE TO DETERMINE,1050,N,ASHLAND AVE,1213,,,,,,,2,NONINCAPACITATING INJURY,1,0,0,1,0,1,0,2,6,7,41.9011600268,-87.6675797508,POINT (-87.667579750774 41.901160026801)
92201716b96cb2f27deaf927440e6ceeee13fc5e517204be0ffc44189764adf809dee4a707f027a8b927ab7b1dd4c368df97dfa158f03cc31ba9fa489ef75537,,07/25/2025 02:13:00 AM,30,TRAFFIC SIGNAL,FUNCTIONING PROPERLY,RAIN,"DARKNESS, LIGHTED ROAD",ANGLE,CENTER TURN LANE,,STRAIGHT AND LEVEL,WET,UNKNOWN,ON SCENE,INJURY AND / OR TOW DUE TO CRASH,Y,,,"OVER $1,500",07/25/2025 02:25:00 AM,DISREGARDING TRAFFIC SIGNALS,FAILING TO REDUCE SPEED TO AVOID CRASH,5500,S,PULASKI RD,813,,,,,,,2,NONINCAPACITATING INJURY,2,0,0,2,0,1,0,2,6,7,41.7931550607,-87.7233037646,POINT (-87.723303764642 41.793155060731)
a192cf739663363f5ffaa5b462b0a4910c9c4ceee4d7a0006cdfef2450b39e18a5bc27cfa8e947efae28e1792d78440c4ef359a14afb31cc95df9f081e6811c6,,07/25/2025 02:00:00 AM,30,TRAFFIC SIGNAL,FUNCTIONING PROPERLY,CLEAR,"DARKNESS, LIGHTED ROAD",REAR END,NOT DIVIDED,,STRAIGHT AND LEVEL,DRY,NO DEFECTS,ON SCENE,NO INJURY / DRIVE AWAY,,,Y,"$501 - $1,500",07/25/2025 02:25:00 AM,DISTRACTION - FROM INSIDE VEHICLE,UNABLE TO DETERMINE,3631,W,LAKE ST,1122,,,,,,,2,NO INDICATION OF INJURY,0,0,0,0,0,2,0,2,6,7,41.8848799673,-87.7172568183,POINT (-87.717256818294 41.88487996729)
5a0b4bd5309f10f6cd68368920b7170acb6c6a7ed438ee35e574cae7db21618d5d0ede18e74dd45e17afa492bbb9f4af0fa45181ac73dd089ac24364c579c485,,07/25/2025 01:30:00 AM,45,NO CONTROLS,NO CONTROLS,CLEAR,"DARKNESS, LIGHTED ROAD",SIDESWIPE SAME DIRECTION,NOT DIVIDED,,STRAIGHT AND LEVEL,DRY,NO DEFECTS,NOT ON SCENE (DESK REPORT),NO INJURY / DRIVE AWAY,,,,"OVER $1,500",07/25/2025 12:30:00 PM,FAILING TO YIELD RIGHT-OF-WAY,NOT APPLICABLE,531,N,LAKE SHORE DR SB,1834,,,,,,,2,NO INDICATION OF INJURY,0,0,0,0,0,2,0,1,6,7,41.8919370838,-87.6137762312,POINT (-87.613776231196 41.891937083752)
729db335953b11fd97fa1080a25457b3766a9a9c84ed0addfe936571819c2d7d8d4d27f913a2fe123dd94de7f2d80b18f3ecc873caf83c02d6b83cc5f6bd5113,,07/25/2025 01:30:00 AM,30,STOP SIGN/FLASHER,NO CONTROLS,CLEAR,"DARKNESS, LIGHTED ROAD",REAR END,NOT DIVIDED,,STRAIGHT AND LEVEL,UNKNOWN,UNKNOWN,NOT ON SCENE (DESK REPORT),NO INJURY / DRIVE AWAY,,,,$500 OR LESS,07/25/2025 01:49:00 AM,UNABLE TO DETERMINE,UNABLE TO DETERMINE,4000,W,FOSTER AVE,1712,,,,,,,2,NO INDICATION OF INJURY,0,0,0,0,0,2,0,1,6,7,41.9756406162,-87.7283354693,POINT (-87.728335469266 41.975640616232)
aafe89937601aae9b99076406a51b97d55e96d806d63e962008737f8855574a72227636bfec71c061d0348e6a4e90a223221227759c9d2717b4e023ed45b70e5,Y,07/25/2025 01:30:00 AM,30,TRAFFIC SIGNAL,FUNCTIONING PROPERLY,RAIN,DAYLIGHT,REAR TO SIDE,FOUR WAY,,STRAIGHT AND LEVEL,WET,WORN SURFACE,ON SCENE,INJURY AND / OR TOW DUE TO CRASH,Y,,,"OVER $1,500",07/25/2025 05:09:00 PM,DISREGARDING TRAFFIC SIGNALS,NOT APPLICABLE,240,W,GARFIELD BLVD,935,,,,,,,2,NONINCAPACITATING INJURY,2,0,0,2,0,1,0,1,6,7,41.7946402391,-87.6321828052,POINT (-87.632182805215 41.794640239088)
6dcafb83248ae5fc1281573e51952ba249c7abdf28571c3a2b32386c3bacce61357ac7432ec6f705e6789af7b2f78ce4d4d1f36d0dbc5db1e91a00d19b900a14,,07/25/2025 01:18:00 AM,30,TRAFFIC SIGNAL,FUNCTIONING PROPERLY,CLEAR,"DARKNESS, LIGHTED ROAD",ANGLE,NOT DIVIDED,,STRAIGHT AND LEVEL,DRY,NO DEFECTS,ON SCENE,INJURY AND / OR TOW DUE TO CRASH,Y,,,"OVER $1,500",07/25/2025 01:18:00 AM,UNABLE TO DETERMINE,UNABLE TO DETERMINE,6300,S,COTTAGE GROVE AVE,312,,,,,,,2,NO INDICATION OF INJURY,0,0,0,0,0,3,0,1,6,7,41.7803174705,-87.6060745584,POINT (-87.606074558366 41.78031747049)
bebe26b8674097f4bcde7989da5a07a7b35e61f1d79eb81a1c7e2467436bbd28b1c423495f94a40acb56ba64dee2988839b22833edfe0ce1cf5911c5e65327c2,,07/25/2025 01:14:00 AM,25,TRAFFIC SIGNAL,FUNCTIONING PROPERLY,CLEAR,DAYLIGHT,SIDESWIPE SAME DIRECTION,NOT DIVIDED,,STRAIGHT AND LEVEL,DRY,UNKNOWN,ON SCENE,NO INJURY / DRIVE AWAY,,,Y,"OVER $1,500",07/25/2025 01:14:00 AM,IMPROPER OVERTAKING/PASSING,UNABLE TO DETERMINE,5001,W,LAKE ST,1532,,,,,,,2,NO INDICATION OF INJURY,0,0,0,0,0,2,0,1,6,7,41.8868090419,-87.7505487064,POINT (-87.750548706379 41.886809041883)
c38def2f3f622efc79635ab3121a0e26b97460ba897b926aef474190523eb4d8f67438f9b8d794ec51dbed48a9d51b85d5a55d2d7d38aa4b237e145e1847f49b,,07/25/2025 01:06:00 AM,35,NO CONTROLS,NO CONTROLS,CLEAR,"DARKNESS, LIGHTED ROAD",REAR END,PARKING LOT,,STRAIGHT AND LEVEL,DRY,NO DEFECTS,NOT ON SCENE (DESK REPORT),NO INJURY / DRIVE AWAY,,,,$500 OR LESS,07/25/2025 01:06:00 AM,FAILING TO REDUCE SPEED TO AVOID CRASH,NOT APPLICABLE,6646,S,HALSTED ST,723,,,,,,,2,NO INDICATION OF INJURY,0,0,0,0,0,3,0,1,6,7,41.7728706346,-87.6447537839,POINT (-87.644753783889 41.772870634607)
dd23cc33d92467155e5af9692196df7afcb7cc6672f13d5bf5a9626cfd876eca1668c2df3bd179120958189783fffe77ac96a62bd77f070b8511a6ee8e9bf0d2,,07/25/2025 12:55:00 AM,30,TRAFFIC SIGNAL,FUNCTIONING PROPERLY,CLEAR,"DARKNESS, LIGHTED ROAD",TURNING,ONE-WAY,,STRAIGHT AND LEVEL,WET,NO DEFECTS,ON SCENE,NO INJURY / DRIVE AWAY,,,Y,"OVER $1,500",07/25/2025 01:05:00 AM,UNABLE TO DETERMINE,"OPERATING VEHICLE IN ERRATIC, RECKLESS, CARELESS, NEGLIGENT OR AGGRESSIVE MANNER",7858,S,WOOD ST,611,,,,,,,2,NO INDICATION OF INJURY,0,0,0,0,0,2,0,0,6,7,41.7503822294,-87.6684392449,POINT (-87.668439244876 41.750382229397)