CRASH_RECORD_ID,CRASH_DATE_EST_I,CRASH_DATE,POSTED_SPEED_LIMIT,TRAFFIC_CONTROL_DEVICE,DEVICE_CONDITION,WEATHER_CONDITION,LIGHTING_CONDITION,FIRST_CRASH_TYPE,TRAFFICWAY_TYPE,LANE_CNT,ALIGNMENT,ROADWAY_SURFACE_COND,ROAD_DEFECT,REPORT_TYPE,CRASH_TYPE,INTERSECTION_RELATED_I,NOT_RIGHT_OF_WAY_I,HIT_AND_RUN_I,DAMAGE,DATE_POLICE_NOTIFIED,PRIM_CONTRIBUTORY_CAUSE,SEC_CONTRIBUTORY_CAUSE,STREET_NO,STREET_DIRECTION,STREET_NAME,BEAT_OF_OCCURRENCE,PHOTOS_TAKEN_I,STATEMENTS_TAKEN_I,DOORING_I,WORK_ZONE_I,WORK_ZONE_TYPE,WORKERS_PRESENT_I,NUM_UNITS,MOST_SEVERE_INJURY,INJURIES_TOTAL,INJURIES_FATAL,INJURIES_INCAPACITATING,INJURIES_NON_INCAPACITATING,INJURIES_REPORTED_NOT_EVIDENT,INJURIES_NO_INDICATION,INJURIES_UNKNOWN,CRASH_HOUR,CRASH_DAY_OF_WEEK,CRASH_MONTH,LATITUDE,LONGITUDE,LOCATION
804d12597b79103c3bc5f00b3cd37f586fc69575b98d58f27322ab9361d1aac69c87da369e5e71c15831a31f3b86708d9ab9893bbcfdbcb53b3c92f676ccc598,,07/25/2025 12:53:00 AM,30,NO CONTROLS,NO CONTROLS,CLEAR,"DARKNESS, LIGHTED ROAD",OTHER OBJECT,DRIVEWAY,,STRAIGHT AND LEVEL,DRY,NO DEFECTS,NOT ON SCENE (DESK REPORT),NO INJURY / DRIVE AWAY,,,,$500 OR LESS,07/25/2025 01:15:00 AM,UNABLE TO DETERMINE,NOT APPLICABLE,5400,N,LINCOLN AVE,2011,,,,,,,1,NO INDICATION OF INJURY,0,0,0,0,0,2,0,0,6,7,41.9795495131,-87.6928445094,POINT (-87.692844509402 41.979549513091)
b9e2664b2477ac5556c330fcfce27641e930f1c97c91b9688d72bad3f63a3989d3f4601180e90f786a4f315d7bc022e61fd854a3a6574b4d04f4189a04ad6934,,07/25/2025 12:51:00 AM,25,TRAFFIC SIGNAL,FUNCTIONING PROPERLY,CLEAR,"DARKNESS, LIGHTED ROAD",ANGLE,"FIVE POINT, OR MORE",,STRAIGHT AND LEVEL,DRY,NO DEFECTS,ON SCENE,INJURY AND / OR TOW DUE TO CRASH,Y,,,"OVER $1,500",07/25/2025 12:51:00 AM,DISREGARDING TRAFFIC SIGNALS,DISREGARDING TRAFFIC SIGNALS,1602,W,CERMAK RD,1234,,,,,,,2,NO INDICATION OF INJURY,0,0,0,0,0,2,0,0,6,7,41.8524363568,-87.6662289935,POINT (-87.666228993532 41.852436356754)
91b49000e812b720b0c87b8216d874f10ca0aac2f1d6a2e331e513fb6439519fbc47097010dfab89f6f7ec648b5e3e235ff6395d14a73e3159622050d149f7df,,07/25/2025 12:30:00 AM,30,UNKNOWN,NO CONTROLS,CLEAR,DAYLIGHT,FIXED OBJECT,NOT DIVIDED,,STRAIGHT AND LEVEL,DRY,NO DEFECTS,NOT ON SCENE (DESK REPORT),NO INJURY / DRIVE AWAY,,,,"$501 - $1,500",07/29/2025 04:10:00 PM,UNABLE TO DETERMINE,NOT APPLICABLE,5219,W,DAKIN ST,1634,,,,,,,1,NO INDICATION OF INJURY,0,0,0,0,0,1,0,0,6,7,41.9522332184,-87.7579261383,POINT (-87.757926138283 41.952233218376)
d7fcc1ca9a6a30beef2297ab1856b6c4badee8d8997da491ea0a7deb7ca620706477794ee3c4ae0675af71f1dcd1a8ceda44057c787d1e120213c644a0a1a6dd,,07/25/2025 12:30:00 AM,20,NO CONTROLS,NO CONTROLS,CLEAR,"DARKNESS, LIGHTED ROAD",SIDESWIPE SAME DIRECTION,OTHER,,STRAIGHT AND LEVEL,DRY,UNKNOWN,ON SCENE,NO INJURY / DRIVE AWAY,,,,"OVER $1,500",07/25/2025 12:45:00 AM,"OPERATING VEHICLE IN ERRATIC, RECKLESS, CARELESS, NEGLIGENT OR AGGRESSIVE MANNER",NOT APPLICABLE,5,W,TERMINAL ST,1655,,,,,,,2,NO INDICATION OF INJURY,0,0,0,0,0,2,0,0,6,7,,,
d4037aa432ae0c2f19f39d234092dc1042376e52b608f66da19bf66ebc368a90ae602895ae071ab58d526fd0e057103788cc01b3a3afa5faa96abf2ba9c0e7ef,N,07/25/2025 12:00:00 AM,30,NO CONTROLS,NO CONTROLS,UNKNOWN,UNKNOWN,PARKED MOTOR VEHICLE,NOT DIVIDED,,STRAIGHT AND LEVEL,UNKNOWN,NO DEFECTS,NOT ON SCENE (DESK REPORT),NO INJURY / DRIVE AWAY,,,Y,"OVER $1,500",07/29/2025 03:40:00 PM,UNABLE TO DETERMINE,UNABLE TO DETERMINE,2895,S,ARCHER AVE,913,,,,,,,2,NO INDICATION OF INJURY,0,0,0,0,0,1,0,0,6,7,41.8417849266,-87.6574002891,POINT (-87.657400289078 41.84178492665)
3441e9ce08943a313f7c63804c46906b413fe36c60cc77e816df4eccf1be49f93b9dcc0574c5ed8bbbc00c9dc5ebef3ab6047c8ba171f939bc295ef2b49b8bfa,,07/24/2025 11:50:00 PM,25,NO CONTROLS,NO CONTROLS,CLEAR,"DARKNESS, LIGHTED ROAD",PARKED MOTOR VEHICLE,NOT DIVIDED,,STRAIGHT AND LEVEL,DRY,UNKNOWN,NOT ON SCENE (DESK REPORT),NO INJURY / DRIVE AWAY,,,Y,$500 OR LESS,07/25/2025 01:40:00 PM,UNABLE TO DETERMINE,UNABLE TO DETERMINE,533,E,33RD PL,211,,,,,,,2,NO INDICATION OF INJURY,0,0,0,0,0,1,0,23,5,7,41.8335723271,-87.6124305475,POINT (-87.612430547507 41.833572327121)
5159f3f095df7878913459a210c21ad870aad8f8d15c457e5a71fb72ebe4faaf9fc0ca5dd00ebb8f6a5236527d01a0da3718c1dfab32b95983ebd439676887f8,,07/24/2025 11:50:00 PM,30,TRAFFIC SIGNAL,FUNCTIONING PROPERLY,CLEAR,"DARKNESS, LIGHTED ROAD",REAR END,NOT DIVIDED,,STRAIGHT AND LEVEL,DRY,UNKNOWN,NOT ON SCENE (DESK REPORT),NO INJURY / DRIVE AWAY,,,Y,"$501 - $1,500",07/25/2025 12:25:00 AM,FOLLOWING TOO CLOSELY,FOLLOWING TOO CLOSELY,1598,W,NORTH AVE,1433,,,,,,,3,NO INDICATION OF INJURY,0,0,0,0,0,3,0,23,5,7,41.9107409201,-87.6676348566,POINT (-87.667634856615 41.910740920066)
64feb226f0939c58f756232e3f524f30650d73bbdf1c68445c5b8575d82e7b5db7dd4fe27c3f35adec5261e53880611cda17a9b1f84a5fec4b1bda66e5567974,,07/24/2025 11:50:00 PM,30,NO CONTROLS,NO CONTROLS,CLEAR,DARKNESS,TURNING,NOT DIVIDED,,STRAIGHT AND LEVEL,DRY,NO DEFECTS,NOT ON SCENE (DESK REPORT),INJURY AND / OR TOW DUE TO CRASH,,,Y,"OVER $1,500",07/25/2025 07:00:00 PM,IMPROPER OVERTAKING/PASSING,NOT APPLICABLE,4640,S,CICERO AVE,814,,,,,,,2,"REPORTED, NOT EVIDENT",1,0,0,0,1,2,0,23,5,7,41.808221818,-87.7433098089,POINT (-87.7433098089 41.808221817957)
78bec3e5c0e5d7b23dfa899a83b08c1b1baa41177524415292c90776ea3b13650ac4d82c3d9bfbd402b356fc9c054dcd6da97e634ff3d4f1ef2c61c04794befb,,07/24/2025 11:47:00 PM,35,TRAFFIC SIGNAL,FUNCTIONING PROPERLY,CLEAR,"DARKNESS, LIGHTED ROAD",REAR END,NOT DIVIDED,,STRAIGHT AND LEVEL,DRY,NO DEFECTS,NOT ON SCENE (DESK REPORT),NO INJURY / DRIVE AWAY,,,Y,"$501 - $1,500",07/25/2025 02:30:00 AM,FOLLOWING TOO CLOSELY,UNABLE TO DETERMINE,1340,S,PULASKI RD,1011,,,,,,,2,NO INDICATION OF INJURY,0,0,0,0,0,4,0,23,5,7,41.8631199626,-87.7252288779,POINT (-87.725228877923 41.863119962616)
8072121467decc174f0258e6740eb7e4b7f27135e2333a6d890e1328ee03a059c87969f8cf026ce4f6f918e5601b5d6a456462bf1fccd492a48c59d7f95821b5,,07/24/2025 11:32:00 PM,30,TRAFFIC SIGNAL,FUNCTIONING PROPERLY,CLEAR,"DARKNESS, LIGHTED ROAD",REAR END,NOT DIVIDED,,STRAIGHT AND LEVEL,WET,NO DEFECTS,NOT ON SCENE (DESK REPORT),NO INJURY / DRIVE AWAY,Y,,,"OVER $1,500",07/25/2025 01:25:00 PM,UNABLE TO DETERMINE,NOT APPLICABLE,1604,N,KOSTNER AVE,2533,,,,,,,2,NO INDICATION OF INJURY,0,0,0,0,0,2,0,23,5,7,41.9099572373,-87.7363656443,POINT (-87.736365644293 41.90995723732)
256ecce9cc270e836081aefba2c4e25e391ad8bb0e4620dc97683ce1908eaff78989853657ba9368e8ea8df1257406b8e0039faf65d10565fc31872d66804aec,,07/24/2025 11:30:00 PM,35,UNKNOWN,UNKNOWN,CLEAR,DARKNESS,REAR END,NOT DIVIDED,,STRAIGHT AND LEVEL,DRY,NO DEFECTS,NOT ON SCENE (DESK REPORT),NO INJURY / DRIVE AWAY,,,,"$501 - $1,500",07/29/2025 06:30:00 PM,UNABLE TO DETERMINE,NOT APPLICABLE,4000,N,NARRAGANSETT AVE,1632,,,,,,,3,NO INDICATION OF INJURY,0,0,0,0,0,3,0,23,5,7,41.9529586511,-87.7867085022,POINT (-87.786708502186 41.952958651098)
6c3de5657c0b38ce0001fdc942e587d12f43ebeada5662392b06d3f0bf956004434172f5d8d1dc3247697149ea7c5549e2d37dd71edfc6eb03e4c5b29db48e02,,07/24/2025 11:25:00 PM,25,NO CONTROLS,NO CONTROLS,CLEAR,DUSK,TURNING,NOT DIVIDED,,STRAIGHT AND LEVEL,DRY,UNKNOWN,ON SCENE,INJURY AND / OR TOW DUE TO CRASH,,,,"OVER $1,500",07/25/2025 12:05:00 AM,IMPROPER OVERTAKING/PASSING,IMPROPER OVERTAKING/PASSING,499,S,LARAMIE AVE,1533,,,,,,,2,INCAPACITATING INJURY,5,0,1,4,0,2,0,23,5,7,41.8739919063,-87.7546819981,POINT (-87.754681998087 41.873991906297)
bf52c147eed6465c43541bc81de1af0808dc44f394b669654b8c1a7318ff8bbac91a122ec5b911b112146de47183461fb1cdcedfbbe2a614ceac186d4066a0cf,,07/24/2025 11:25:00 PM,30,NO CONTROLS,NO CONTROLS,CLEAR,"DARKNESS, LIGHTED ROAD",PARKED MOTOR VEHICLE,PARKING LOT,,STRAIGHT AND LEVEL,DRY,NO DEFECTS,ON SCENE,NO INJURY / DRIVE AWAY,,,,$500 OR LESS,07/24/2025 11:25:00 PM,NOT APPLICABLE,NOT APPLICABLE,3152,W,FLOURNOY ST,1134,,,,,,,2,NO INDICATION OF INJURY,0,0,0,0,0,1,0,23,5,7,41.8728918964,-87.705538755,POINT (-87.705538754964 41.872891896362)
2fe42335ee79421a794189c697c15028aafee0010c962d26ae9d25736c6be81f9ab27a9e85085197b3e6063a99f2aef8285f0c3eb83f5d5c490e654b33659a6a,,07/24/2025 11:00:00 PM,30,TRAFFIC SIGNAL,FUNCTIONING PROPERLY,CLEAR,"DARKNESS, LIGHTED ROAD",REAR END,DIVIDED - W/MEDIAN BARRIER,,STRAIGHT AND LEVEL,DRY,NO DEFECTS,NOT ON SCENE (DESK REPORT),NO INJURY / DRIVE AWAY,Y,,Y,"OVER $1,500",07/25/2025 02:00:00 AM,FOLLOWING TOO CLOSELY,UNABLE TO DETERMINE,1,W,IDA B WELLS DR,123,,,,,,,2,NO INDICATION OF INJURY,0,0,0,0,0,2,0,23,5,7,41.8755279579,-87.6276711442,POINT (-87.627671144249 41.875527957866)
7c858ea6b9ce824fbaf6ad374c8d0ba5f31dd140a23e7fa0c3584293e06584357347e94b383aff1798c34f0674b4fbbd394f9ba40ff54e920d6d13eacbaea3c0,,07/24/2025 11:00:00 PM,30,NO CONTROLS,NO CONTROLS,UNKNOWN,"DARKNESS, LIGHTED ROAD",PARKED MOTOR VEHICLE,ONE-WAY,,STRAIGHT AND LEVEL,UNKNOWN,NO DEFECTS,NOT ON SCENE (DESK REPORT),INJURY AND / OR TOW DUE TO CRASH,,,Y,"OVER $1,500",07/25/2025 04:10:00 PM,UNABLE TO DETERMINE,NOT APPLICABLE,5700,W,IOWA ST,1511,,,,,,,2,NO INDICATION OF INJURY,0,0,0,0,0,1,0,23,5,7,41.896748808,-87.767952908,POINT (-87.767952908015 41.896748808043)
d7f20cccd065d9e11886618b76613e7cf25c2aee6836342ffa5d86b812781cf17c914bafd764d609298ca0f2192517bf93556230bf23012b0f8ffe63ca79bee9,,07/24/2025 11:00:00 PM,30,TRAFFIC SIGNAL,FUNCTIONING PROPERLY,CLEAR,"DARKNESS, LIGHTED ROAD",REAR END,FOUR WAY,,STRAIGHT AND LEVEL,DRY,NO DEFECTS,NOT ON SCENE (DESK REPORT),NO INJURY / DRIVE AWAY,Y,,,$500 OR LESS,07/25/2025 09:20:00 PM,UNABLE TO DETERMINE,NOT APPLICABLE,4359,N,KOSTNER AVE,1722,,,,,,,2,NO INDICATION OF INJURY,0,0,0,0,0,2,0,23,5,7,41.9607395911,-87.7382749212,POINT (-87.738274921161 41.960739591079)
1e8a56f317c3ba73eb50b05aab0507f84e1290807b0df3469db45fd1538df595bde881861c676330e214f66e56e395f7bc4df6c6e2e8f4404c723af7767a827a,,07/24/2025 10:40:00 PM,25,NO CONTROLS,NO CONTROLS,CLEAR,"DARKNESS, LIGHTED ROAD",PARKED MOTOR VEHICLE,NOT DIVIDED,,STRAIGHT AND LEVEL,DRY,NO DEFECTS,ON SCENE,INJURY AND / OR TOW DUE TO CRASH,,,,"OVER $1,500",07/24/2025 10:54:00 PM,FAILING TO REDUCE SPEED TO AVOID CRASH,DRIVING SKILLS/KNOWLEDGE/EXPERIENCE,3231,N,RACINE AVE,1924,,,,,,,2,"REPORTED, NOT EVIDENT",1,0,0,0,1,0,0,22,5,7,41.9407824595,-87.6588477201,POINT (-87.65884772011 41.940782459484)
e9abb7edfaa62e5109006b3d5b759b21b02ff516acbb27b59fa9ae2da9173321a72a5d5ee31c7ee010f01384d950794f233def90f3b4315afabe3e3a91391b57,,07/24/2025 10:00:00 PM,30,NO CONTROLS,NO CONTROLS,CLEAR,"DARKNESS, LIGHTED ROAD",PARKED MOTOR VEHICLE,DIVIDED - W/MEDIAN BARRIER,,STRAIGHT AND LEVEL,DRY,NO DEFECTS,ON SCENE,INJURY AND / OR TOW DUE TO CRASH,,,,"OVER $1,500",07/24/2025 10:15:00 PM,UNABLE TO DETERMINE,NOT APPLICABLE,8832,S,HALSTED ST,2223,,,,,,,2,NO INDICATION OF INJURY,0,0,0,0,0,1,0,22,5,7,41.7333172143,-87.6436868794,POINT (-87.643686879432 41.733317214258)
edcecd807313a083807fd8c5c3f884866c478fa3c1fa817c80c8476ca7e3a5fed9f0cb0fa43464102363ba359762de351513f2cbf489f0cfa110803c5c98bdf9,,07/24/2025 10:00:00 PM,30,TRAFFIC SIGNAL,FUNCTIONING PROPERLY,UNKNOWN,DARKNESS,PEDESTRIAN,DIVIDED - W/MEDIAN (NOT RAISED),,STRAIGHT AND LEVEL,UNKNOWN,UNKNOWN,ON SCENE,INJURY AND / OR TOW DUE TO CRASH,Y,,,$500 OR LESS,07/24/2025 10:03:00 PM,UNABLE TO DETERMINE,NOT APPLICABLE,1601,N,HARLEM AVE,2513,,,,,,,2,INCAPACITATING INJURY,1,0,1,0,0,1,0,22,5,7,41.9089363869,-87.8056027454,POINT (-87.805602745435 41.908936386889)
eca76a09c07290f425545dc6b6d381fb195ea8a709771c318f8de767cf72c70e63e88c29b69eedee41fbe370f5fcba944ee4fabb4e14a9b1128592ed3be9819c,,07/24/2025 09:57:00 PM,10,NO CONTROLS,NO CONTROLS,CLEAR,"DARKNESS, LIGHTED ROAD",PARKED MOTOR VEHICLE,PARKING LOT,,STRAIGHT AND LEVEL,DRY,NO DEFECTS,NOT ON SCENE (DESK REPORT),NO INJURY / DRIVE AWAY,,,Y,"OVER $1,500",07/27/2025 12:52:00 AM,UNABLE TO DETERMINE,NOT APPLICABLE,5650,W,DIVISION ST,2531,,,,,,,2,NO INDICATION OF INJURY,0,0,0,0,0,1,0,21,5,7,41.9022229958,-87.7676877779,POINT (-87.767687777949 41.902222995753)
382b9c54bdb7889a173751d1f1769c1cfe6ec200e4c4b5f4d88971f7e972beaec2cec139ab4d5723a1bab6bada49e54b2387b16579e1c9a312b47fadde459a85,,07/24/2025 09:52:00 PM,30,TRAFFIC SIGNAL,NO CONTROLS,CLEAR,DAYLIGHT,SIDESWIPE SAME DIRECTION,NOT DIVIDED,,STRAIGHT AND LEVEL,DRY,NO DEFECTS,NOT ON SCENE (DESK REPORT),NO INJURY / DRIVE AWAY,,,Y,"OVER $1,500",07/25/2025 08:53:00 AM,UNABLE TO DETERMINE,NOT APPLICABLE,600,S,HOMAN AVE,1133,,,,,,,2,NO INDICATION OF INJURY,0,0,0,0,0,4,0,21,5,7,41.8735817471,-87.7109278695,POINT (-87.71092786952 41.873581747107)
eb28ba427322a92d3756861cfb91c7991ab93ae80a5be18a24a0754dbde0d2b701681e683cd3f04c73643ab18003f72d2ae13006b6db0ccaeba223f81b2ad0d5,,07/24/2025 09:52:00 PM,30,TRAFFIC SIGNAL,FUNCTIONING PROPERLY,CLEAR,"DARKNESS, LIGHTED ROAD",SIDESWIPE SAME DIRECTION,NOT DIVIDED,,STRAIGHT AND LEVEL,DRY,NO DEFECTS,NOT ON SCENE (DESK REPORT),NO INJURY / DRIVE AWAY,,,,$500 OR LESS,07/25/2025 03:00:00 PM,IMPROPER OVERTAKING/PASSING,UNABLE TO DETERMINE,550,S,HOMAN AVE,1133,,,,,,,2,NO INDICATION OF INJURY,0,0,0,0,0,2,0,21,5,7,41.8739190947,-87.7109379275,POINT (-87.710937927535 41.873919094709)
ca931cdaf2f618d15b0d76fbb4eb51c33e41415b24a07408b40c76ec70087763701dfc2744c2fa139418fc524de23f0aa96a2b0d864fef8e5a320f5bdd421cc4,,07/24/2025 09:45:00 PM,25,TRAFFIC SIGNAL,FUNCTIONING PROPERLY,CLEAR,"DARKNESS, LIGHTED ROAD",PEDESTRIAN,DIVIDED - W/MEDIAN BARRIER,,STRAIGHT AND LEVEL,DRY,WORN SURFACE,ON SCENE,INJURY AND / OR TOW DUE TO CRASH,Y,,,$500 OR LESS,07/24/2025 09:47:00 PM,DISREGARDING TRAFFIC SIGNALS,NOT APPLICABLE,930,N,MICHIGAN AVE,1833,,,,,,,3,NONINCAPACITATING INJURY,2,0,0,2,0,1,0,21,5,7,41.9000692381,-87.6243130344,POINT (-87.624313034378 41.900069238139)
bd01ffb430a1c11803eff78a4898dacefa21f3ceecdee29d96de756befa890cabfd658bd68da3f00cfd2730470fb2bc39a18a06c0705b34053bb55317bab289c,,07/24/2025 09:31:00 PM,10,NO CONTROLS,NO CONTROLS,CLEAR,"DARKNESS, LIGHTED ROAD",PARKED MOTOR VEHICLE,NOT DIVIDED,,STRAIGHT AND LEVEL,DRY,NO DEFECTS,NOT ON SCENE (DESK REPORT),NO INJURY / DRIVE AWAY,,,,"OVER $1,500",07/24/2025 10:25:00 PM,UNABLE TO DETERMINE,NOT APPLICABLE,3201,W,77TH ST,835,,,,,,,2,NO INDICATION OF INJURY,0,0,0,0,0,1,0,21,5,7,41.7533319032,-87.7025079218,POINT (-87.702507921802 41.753331903226)
397739046f18d05a8d9f23510b74fbe14b2d420944ab832ef1dc5ce7eacd1858ffa8acc0ea02d61fcb21df69ec1ed8ab0a62e021d534bc797da9d4c48bf53b95,,07/24/2025 09:20:00 PM,30,TRAFFIC SIGNAL,FUNCTIONING PROPERLY,CLEAR,"DARKNESS, LIGHTED ROAD",REAR END,NOT DIVIDED,,STRAIGHT AND LEVEL,DRY,NO DEFECTS,NOT ON SCENE (DESK REPORT),NO INJURY / DRIVE AWAY,,,,$500 OR LESS,07/25/2025 08:40:00 AM,NOT APPLICABLE,NOT APPLICABLE,3056,W,PETERSON AVE,2413,,,,,,,2,NO INDICATION OF INJURY,0,0,0,0,0,2,0,21,5,7,41.9905095921,-87.7065382131,POINT (-87.706538213099 41.990509592089)
3c350b300a8b72bc11c5262f03b093746ab4067e29f55c165f312aad17fe01d7c78a0bf25d6270ca1cc5aeff7c0f332e569d77ce427ca455a04f02e97b8b7dcc,,07/24/2025 09:20:00 PM,30,NO CONTROLS,NO CONTROLS,CLEAR,"DARKNESS, LIGHTED ROAD",REAR TO FRONT,ONE-WAY,,STRAIGHT AND LEVEL,DRY,NO DEFECTS,NOT ON SCENE (DESK REPORT),NO INJURY / DRIVE AWAY,,,,"OVER $1,500",07/24/2025 09:45:00 PM,"EVASIVE ACTION DUE TO ANIMAL, OBJECT, NONMOTORIST",UNABLE TO DETERMINE,7254,S,ARTESIAN AVE,832,,,,,,,2,NO INDICATION OF INJURY,0,0,0,0,0,3,0,21,5,7,41.7612351921,-87.6845163527,POINT (-87.684516352725 41.761235192139)
f8075fa9b3faba8302281ba26fd0978a7b751e6f0b6a8d09a29d87f5966c7f1b3730e35f41fc2a761497ba6c22426100f07215dbf73b440159789d46c3c942ea,,07/24/2025 09:14:00 PM,30,TRAFFIC SIGNAL,FUNCTIONING PROPERLY,CLEAR,"DARKNESS, LIGHTED ROAD",ANGLE,FOUR WAY,,STRAIGHT AND LEVEL,DRY,UNKNOWN,ON SCENE,INJURY AND / OR TOW DUE TO CRASH,Y,N,,"OVER $1,500",07/24/2025 09:14:00 PM,DISREGARDING TRAFFIC SIGNALS,DRIVING SKILLS/KNOWLEDGE/EXPERIENCE,3400,W,DIVISION ST,1422,,,,,,,2,"REPORTED, NOT EVIDENT",1,0,0,0,1,2,0,21,5,7,41.9028961054,-87.7118064427,POINT (-87.711806442708 41.902896105393)
6a01d74fbc6ede4a9019398424831edf656018c462d8cf3e4cc67d97e84890a4148f484a9b1fb18aacbf46fb8d1df7c91bed488a17680eaed32ecf424ef18e95,,07/24/2025 09:10:00 PM,30,NO CONTROLS,NO CONTROLS,CLEAR,"DARKNESS, LIGHTED ROAD",TURNING,T-INTERSECTION,,STRAIGHT AND LEVEL,DRY,UNKNOWN,NOT ON SCENE (DESK REPORT),NO INJURY / DRIVE AWAY,Y,,,"OVER $1,500",07/24/2025 09:30:00 PM,FAILING TO YIELD RIGHT-OF-WAY,UNABLE TO DETERMINE,5060,N,WESTERN AVE,2031,,Y,,,,,2,NO INDICATION OF INJURY,0,0,0,0,0,3,0,21,5,7,41.9740429126,-87.6892325398,POINT (-87.689232539811 41.974042912595)
e1cc70219cf7241a90ab3c10f1a845e465be565e92c0ed06883ade609a7ff8657624e466409c8f87d34aeb8e961d887e20a06d0f979493efe94895885882f912,,07/24/2025 09:04:00 PM,30,TRAFFIC SIGNAL,FUNCTIONING PROPERLY,CLEAR,"DARKNESS, LIGHTED ROAD",TURNING,FOUR WAY,,STRAIGHT AND LEVEL,DRY,UNKNOWN,ON SCENE,NO INJURY / DRIVE AWAY,Y,,,"$501 - $1,500",07/24/2025 09:30:00 PM,UNABLE TO DETERMINE,NOT APPLICABLE,6400,N,HARLEM AVE,1611,,,,,,,2,NO INDICATION OF INJURY,0,0,0,0,0,2,0,21,5,7,41.9970189185,-87.8069477155,POINT (-87.806947715496 41.997018918453)
220e415d25a11ffddf1b65ccd2dc774244aa7bf787738bd26bb95eeeb60189da31a033983f30818af14286fa4af22abd8b33e5b42028f9746856c456c0b08f4e,,07/24/2025 08:45:00 PM,30,TRAFFIC SIGNAL,FUNCTIONING PROPERLY,CLEAR,DAYLIGHT,TURNING,DIVIDED - W/MEDIAN (NOT RAISED),,STRAIGHT AND LEVEL,DRY,NO DEFECTS,NOT ON SCENE (DESK REPORT),NO INJURY / DRIVE AWAY,Y,,,"OVER $1,500",07/24/2025 09:00:00 PM,FAILING TO YIELD RIGHT-OF-WAY,IMPROPER OVERTAKING/PASSING,4007,N,CLARK ST,1915,,,,,,,2,NO INDICATION OF INJURY,0,0,0,0,0,3,0,20,5,7,41.9546765238,-87.6622743891,POINT (-87.662274389093 41.954676523808)
29d1b5e162c521cbcdc47623440b5bf54041a3cd0fdeb46240780492004a6accd472b03ca2b77224874101879263a0b4d1dc3d76defa019d811d8e6645262e93,,07/24/2025 08:30:00 PM,30,NO CONTROLS,NO CONTROLS,CLEAR,DUSK,SIDESWIPE SAME DIRECTION,NOT DIVIDED,,STRAIGHT AND LEVEL,DRY,NO DEFECTS,NOT ON SCENE (DESK REPORT),NO INJURY / DRIVE AWAY,,,,"$501 - $1,500",07/24/2025 11:45:00 PM,IMPROPER LANE USAGE,UNABLE TO DETERMINE,151,E,WACKER DR,114,,,,,,,2,NO INDICATION OF INJURY,0,0,0,0,0,2,0,20,5,7,41.8879998873,-87.6225651326,POINT (-87.62256513256 41.887999887349)
4a3d396046c1eca4a28e7009d80c7b74ec2cad7dcce4e4676a807285add3923b7476101c6f9f0fcc64b62ded6fe068d9e6fc1f364e8bda226ce53150913f6fad,,07/24/2025 08:30:00 PM,10,NO CONTROLS,NO CONTROLS,CLEAR,DAYLIGHT,PARKED MOTOR VEHICLE,PARKING LOT,,STRAIGHT AND LEVEL,DRY,NO DEFECTS,NOT ON SCENE (DESK REPORT),NO INJURY / DRIVE AWAY,,,Y,"OVER $1,500",07/29/2025 06:50:00 AM,UNABLE TO DETERMINE,UNABLE TO DETERMINE,510,W,ERIE ST,1831,,,,,,,2,NO INDICATION OF INJURY,0,0,0,0,0,1,0,20,5,7,41.8940005206,-87.6419496012,POINT (-87.641949601172 41.894000520625)
76b42ecf46811df800729106d9a988c293b04886ffef927a94fb2caf8c01f53908ba05338fdca2e4ea6986b45d27949a77296da87fec2fd5aab518c51cd59804,,07/24/2025 08:27:00 PM,30,UNKNOWN,UNKNOWN,UNKNOWN,UNKNOWN,SIDESWIPE OPPOSITE DIRECTION,NOT DIVIDED,,STRAIGHT AND LEVEL,UNKNOWN,UNKNOWN,NOT ON SCENE (DESK REPORT),NO INJURY / DRIVE AWAY,,,,"OVER $1,500",08/01/2025 05:30:00 PM,UNABLE TO DETERMINE,UNABLE TO DETERMINE,230,S,KOSTNER AVE,1113,,,,,,,2,NO INDICATION OF INJURY,0,0,0,0,0,2,0,20,5,7,41.8770084541,-87.7354975172,POINT (-87.735497517204 41.877008454134)
395a6d73050b4621c56802ca97c5670b03c559ea198b19e8eda8cc837d3f59d5955c45a97c8b4041f0c95531c51cea919ecbbc868ce16d4f16a672d7c8654ccb,,07/24/2025 08:20:00 PM,30,NO CONTROLS,NO CONTROLS,CLEAR,DAYLIGHT,PARKED MOTOR VEHICLE,PARKING LOT,,STRAIGHT AND LEVEL,DRY,NO DEFECTS,ON SCENE,NO INJURY / DRIVE AWAY,,Y,Y,"OVER $1,500",07/25/2025 12:07:00 AM,IMPROPER BACKING,FAILING TO REDUCE SPEED TO AVOID CRASH,5762,N,MILWAUKEE AVE,1622,,,,,,,2,NO INDICATION OF INJURY,0,0,0,0,0,1,0,20,5,7,41.9861852557,-87.7775169734,POINT (-87.777516973383 41.986185255703)
882613d6d2c9b75f653802288057cd77d26875214267bc52e9f84577b2f80bdd7c2a46dc35f44d838fc267d47b48e483cd9cc2acfe6058c30d3f9e5c003f3250,,07/24/2025 08:15:00 PM,25,STOP SIGN/FLASHER,NO CONTROLS,CLEAR,DARKNESS,PEDALCYCLIST,ONE-WAY,,STRAIGHT AND LEVEL,DRY,NO DEFECTS,ON SCENE,INJURY AND / OR TOW DUE TO CRASH,,,,$500 OR LESS,07/24/2025 08:15:00 PM,FAILING TO YIELD RIGHT-OF-WAY,UNABLE TO DETERMINE,7468,N,DAMEN AVE,2424,,,,,,,2,NONINCAPACITATING INJURY,1,0,0,1,0,1,0,20,5,7,42.0178609529,-87.680609116,POINT (-87.680609115952 42.017860952882)