CRASH_RECORD_ID,CRASH_DATE_EST_I,CRASH_DATE,POSTED_SPEED_LIMIT,TRAFFIC_CONTROL_DEVICE,DEVICE_CONDITION,WEATHER_CONDITION,LIGHTING_CONDITION,FIRST_CRASH_TYPE,TRAFFICWAY_TYPE,LANE_CNT,ALIGNMENT,ROADWAY_SURFACE_COND,ROAD_DEFECT,REPORT_TYPE,CRASH_TYPE,INTERSECTION_RELATED_I,NOT_RIGHT_OF_WAY_I,HIT_AND_RUN_I,DAMAGE,DATE_POLICE_NOTIFIED,PRIM_CONTRIBUTORY_CAUSE,SEC_CONTRIBUTORY_CAUSE,STREET_NO,STREET_DIRECTION,STREET_NAME,BEAT_OF_OCCURRENCE,PHOTOS_TAKEN_I,STATEMENTS_TAKEN_I,DOORING_I,WORK_ZONE_I,WORK_ZONE_TYPE,WORKERS_PRESENT_I,NUM_UNITS,MOST_SEVERE_INJURY,INJURIES_TOTAL,INJURIES_FATAL,INJURIES_INCAPACITATING,INJURIES_NON_INCAPACITATING,INJURIES_REPORTED_NOT_EVIDENT,INJURIES_NO_INDICATION,INJURIES_UNKNOWN,CRASH_HOUR,CRASH_DAY_OF_WEEK,CRASH_MONTH,LATITUDE,LONGITUDE,LOCATION
b940823c7c329e953cb66a6f428e3c031572ebb071d6cf0a4e6a3fb1f40db3c5d9a3596d0246e815f97b8e842b911de1e4343efde163df70e8ad62cf6a774133,,07/24/2025 08:15:00 PM,25,NO CONTROLS,NO CONTROLS,CLEAR,DUSK,TURNING,ONE-WAY,,STRAIGHT AND LEVEL,DRY,NO DEFECTS,NOT ON SCENE (DESK REPORT),NO INJURY / DRIVE AWAY,,,,"OVER $1,500",07/24/2025 09:30:00 PM,FAILING TO YIELD RIGHT-OF-WAY,UNABLE TO DETERMINE,3511,S,HOYNE AVE,912,,,,,,,2,NO INDICATION OF INJURY,0,0,0,0,0,2,0,20,5,7,41.8299908617,-87.6775646781,POINT (-87.677564678057 41.829990861709)
89cff8df0a81777c9e205cfd1592708fc814590b373f422ae4a916ea076403cf86b692dea19f363bfd2c60e62ac44501c5feb537cdc10ab95aab3f7bf39a1172,,07/24/2025 08:02:00 PM,30,NO CONTROLS,NO CONTROLS,CLEAR,DAYLIGHT,TURNING,PARKING LOT,,STRAIGHT AND LEVEL,DRY,UNKNOWN,NOT ON SCENE (DESK REPORT),NO INJURY / DRIVE AWAY,,,Y,"OVER $1,500",07/24/2025 08:15:00 PM,UNABLE TO DETERMINE,UNABLE TO DETERMINE,506,E,103RD ST,511,,,,,,,2,NO INDICATION OF INJURY,0,0,0,0,0,2,0,20,5,7,41.7074657635,-87.6110188371,POINT (-87.611018837055 41.707465763506)
4d1dabda16a17dc5cdf27cb08f5e04b0f28e67621655b562629edb7bef03eec235a1b19101950b3ac91b6670778ac8ac01c8ca135eca7c9192e8dd6cf6d59931,,07/24/2025 07:45:00 PM,30,NO CONTROLS,NO CONTROLS,CLEAR,DAYLIGHT,REAR END,NOT DIVIDED,,STRAIGHT AND LEVEL,DRY,UNKNOWN,ON SCENE,NO INJURY / DRIVE AWAY,,,Y,"OVER $1,500",07/24/2025 07:55:00 PM,FOLLOWING TOO CLOSELY,NOT APPLICABLE,4319,N,NARRAGANSETT AVE,1624,,,,,,,2,NO INDICATION OF INJURY,0,0,0,0,0,2,0,19,5,7,41.9590439489,-87.786643126,POINT (-87.786643126027 41.959043948932)
6dd808a38dd255af3786f1cb9d5a140a8b947a90f945103334c8acf1e25d23856b4ed96ecca850eef21f710074bf93ad8e207cb1359be6b8ac02783b04425ef6,,07/24/2025 07:36:00 PM,35,NO CONTROLS,NO CONTROLS,CLEAR,DUSK,PEDESTRIAN,NOT DIVIDED,,STRAIGHT AND LEVEL,DRY,NO DEFECTS,ON SCENE,INJURY AND / OR TOW DUE TO CRASH,,,Y,$500 OR LESS,07/24/2025 07:36:00 PM,UNABLE TO DETERMINE,UNABLE TO DETERMINE,7923,S,HALSTED ST,621,,,,,,,2,"REPORTED, NOT EVIDENT",1,0,0,0,1,1,0,19,5,7,41.7499314582,-87.6438771253,POINT (-87.643877125327 41.749931458226)
801d8dc7d04ee24c61537fef63d614bae9e5b6fd35a7b239df0a892c8ce4b567160f8feff5f8a0a76adb48ba86e10e7ef3c496150430014199011b7fe94b8615,,07/24/2025 07:30:00 PM,25,TRAFFIC SIGNAL,FUNCTIONING PROPERLY,CLEAR,DUSK,TURNING,TRAFFIC ROUTE,,STRAIGHT AND LEVEL,DRY,NO DEFECTS,ON SCENE,INJURY AND / OR TOW DUE TO CRASH,Y,,,"OVER $1,500",07/24/2025 07:30:00 PM,IMPROPER LANE USAGE,IMPROPER OVERTAKING/PASSING,3601,W,CONGRESS PKWY,1133,,,,,,,2,"REPORTED, NOT EVIDENT",1,0,0,0,1,3,0,19,5,7,41.874379717,-87.7157495469,POINT (-87.715749546935 41.874379716973)
43dada82b99f7d682d90823d27d354dd07b4638ddf57270c59f7a2aa438be4caa13892f6e61d1b26be6b0d2d578b8cb989bc941095d4dfd5e5c2f7187312387f,,07/24/2025 07:20:00 PM,30,NO CONTROLS,NO CONTROLS,CLEAR,DUSK,TURNING,DIVIDED - W/MEDIAN (NOT RAISED),,STRAIGHT AND LEVEL,DRY,UNKNOWN,NOT ON SCENE (DESK REPORT),NO INJURY / DRIVE AWAY,,,,"$501 - $1,500",07/24/2025 08:55:00 PM,IMPROPER TURNING/NO SIGNAL,IMPROPER TURNING/NO SIGNAL,644,N,ORLEANS ST,1831,,,,,,,2,NO INDICATION OF INJURY,0,0,0,0,0,2,0,19,5,7,41.8937629847,-87.6372461861,POINT (-87.637246186076 41.893762984717)
b4bdc7fcc08357dd73471f5778f5b12869754b4942ccf7f46a9606a8695a40999fb5449dc8aa1106d1048ce8d6ce2f4439e69fcae6ee52252f14faa2ec0375b5,,07/24/2025 07:15:00 PM,25,NO CONTROLS,NO CONTROLS,CLEAR,DAYLIGHT,PARKED MOTOR VEHICLE,ONE-WAY,,STRAIGHT AND LEVEL,UNKNOWN,NO DEFECTS,ON SCENE,NO INJURY / DRIVE AWAY,,,Y,"OVER $1,500",07/24/2025 07:50:00 PM,NOT APPLICABLE,NOT APPLICABLE,3126,N,HARDING AVE,2523,,,,,,,2,NO INDICATION OF INJURY,0,0,0,0,0,1,0,19,5,7,41.9381102454,-87.7260828436,POINT (-87.726082843595 41.938110245407)
c0f80f48909ff50ab31854ee06321fe9a67f2e063579ba6c3241dcd7bd48e6489733f03188057dd9c939e52a8bc2da094ac049b2195b8422f3219b83e9ecc8a1,,07/24/2025 07:15:00 PM,10,NO CONTROLS,NO CONTROLS,UNKNOWN,UNKNOWN,PARKED MOTOR VEHICLE,PARKING LOT,,STRAIGHT AND LEVEL,UNKNOWN,UNKNOWN,NOT ON SCENE (DESK REPORT),NO INJURY / DRIVE AWAY,,,,"OVER $1,500",07/24/2025 09:35:00 PM,UNABLE TO DETERMINE,NOT APPLICABLE,5534,S,RUSSELL DR,233,,,,,,,2,NO INDICATION OF INJURY,0,0,0,0,0,1,0,19,5,7,41.7937221608,-87.6132426677,POINT (-87.613242667664 41.793722160777)
9092efbb241f000beed26978abb7a1e1230ce8ef0a2e25f887a6956d4237371c0ae326591efee38180a5a0dc931031d97ee16e555460264db131330d71cb41c6,,07/24/2025 07:12:00 PM,30,NO CONTROLS,NO CONTROLS,CLEAR,DAYLIGHT,PARKED MOTOR VEHICLE,DIVIDED - W/MEDIAN (NOT RAISED),,STRAIGHT AND LEVEL,DRY,UNKNOWN,NOT ON SCENE (DESK REPORT),NO INJURY / DRIVE AWAY,,,,"OVER $1,500",07/24/2025 08:20:00 PM,FOLLOWING TOO CLOSELY,NOT APPLICABLE,5800,N,CUMBERLAND AVE,1614,,,,,,,2,NO INDICATION OF INJURY,0,0,0,0,0,1,0,19,5,7,41.9845299005,-87.8367282024,POINT (-87.836728202353 41.984529900475)
8c9e4f8a931f2eef23c631b9f57d9c309ba5e83bd30c1437019a5d3adb5a961169c58f1e84e7f67bef3e6a34ab09d0b4f0a1663750409ff7c7291d85222729c1,,07/24/2025 07:06:00 PM,30,NO CONTROLS,NO CONTROLS,CLEAR,DUSK,SIDESWIPE SAME DIRECTION,NOT DIVIDED,,STRAIGHT ON GRADE,DRY,NO DEFECTS,ON SCENE,INJURY AND / OR TOW DUE TO CRASH,,,Y,"OVER $1,500",07/24/2025 07:06:00 PM,UNABLE TO DETERMINE,NOT APPLICABLE,1843,N,WINNEBAGO AVE,1434,,,,,,,2,NONINCAPACITATING INJURY,4,0,0,4,0,1,0,19,5,7,41.914907366,-87.6857983632,POINT (-87.685798363177 41.91490736595)
71eeff69e7f36fb9c94d504728e38b15ccbf1c09099d42d635d0acded8d2619d3ecfeff298f915b6d874c506949651b00ad54b30c5ec7e478aa417e456a54f33,,07/24/2025 07:05:00 PM,30,NO CONTROLS,NO CONTROLS,CLEAR,DUSK,PEDALCYCLIST,DIVIDED - W/MEDIAN (NOT RAISED),,STRAIGHT AND LEVEL,WET,NO DEFECTS,NOT ON SCENE (DESK REPORT),INJURY AND / OR TOW DUE TO CRASH,,,,"OVER $1,500",07/24/2025 08:10:00 PM,NOT APPLICABLE,NOT APPLICABLE,1076,N,MILWAUKEE AVE,1213,,,Y,,,,2,NONINCAPACITATING INJURY,1,0,0,1,0,3,0,19,5,7,41.9013566155,-87.6635983001,POINT (-87.663598300113 41.901356615486)
5f1ead1e8a91fe3aa0790d373543c3feb7a67c0ed5e1ceef2cb55809b9c83c70d85431bec2ea60cdba6f26901a4a259c4b87ed7e6503e73bff9350a0c6227762,,07/24/2025 07:03:00 PM,30,TRAFFIC SIGNAL,FUNCTIONING PROPERLY,CLEAR,DAYLIGHT,FIXED OBJECT,NOT DIVIDED,,STRAIGHT AND LEVEL,DRY,UNKNOWN,ON SCENE,INJURY AND / OR TOW DUE TO CRASH,,,,$500 OR LESS,07/24/2025 07:03:00 PM,UNABLE TO DETERMINE,NOT APPLICABLE,2799,W,DIVERSEY AVE,1411,,,,,,,1,NONINCAPACITATING INJURY,1,0,0,1,0,0,0,19,5,7,41.9319859552,-87.69755673,POINT (-87.697556729954 41.931985955206)
0391e25e183786d92823eade8c19c36b0188ed4f59b33c00cc42f2c9116f3dd202f9e0e253b7df081f50d60899cda594d3d3768fcd88ca3963369f4a7c35b56f,Y,07/24/2025 07:00:00 PM,30,NO CONTROLS,NO CONTROLS,UNKNOWN,UNKNOWN,PARKED MOTOR VEHICLE,ONE-WAY,,STRAIGHT AND LEVEL,UNKNOWN,UNKNOWN,NOT ON SCENE (DESK REPORT),NO INJURY / DRIVE AWAY,,,Y,"OVER $1,500",07/25/2025 06:41:00 AM,UNABLE TO DETERMINE,UNABLE TO DETERMINE,2640,N,SAWYER AVE,1412,,,,,,,2,NO INDICATION OF INJURY,0,0,0,0,0,1,0,19,5,7,41.9295614891,-87.7095780397,POINT (-87.709578039652 41.929561489091)
4813957751b2f36ec2dfaa65a1d91c2a3d4874bdefa0a0cb4e8621a33bfe592407b79cfdaf1540157577ce2993594ddf70829d94e391e63a574f4494f3dfcb65,,07/24/2025 07:00:00 PM,30,NO CONTROLS,NO CONTROLS,CLEAR,DAYLIGHT,SIDESWIPE SAME DIRECTION,NOT DIVIDED,,STRAIGHT AND LEVEL,DRY,NO DEFECTS,,INJURY AND / OR TOW DUE TO CRASH,,,N,$500 OR LESS,07/25/2025 11:00:00 AM,FAILING TO YIELD RIGHT-OF-WAY,NOT APPLICABLE,6055,S,HARLEM AVE,812,,,,,,,2,NONINCAPACITATING INJURY,1,0,0,1,0,1,0,19,5,7,41.7811195713,-87.8009178935,POINT (-87.800917893452 41.781119571326)
d4478e93d7382d686364404f1fd1d9e981764114e12fd69a097b4f0d4ae800ec45b794cbc72ceea5ba5045cf4ab2b9d193cce62eb925c4481aacccef0ad9caf5,,07/24/2025 07:00:00 PM,30,NO CONTROLS,NO CONTROLS,CLEAR,DAYLIGHT,REAR TO FRONT,NOT DIVIDED,,STRAIGHT AND LEVEL,DRY,NO DEFECTS,NOT ON SCENE (DESK REPORT),NO INJURY / DRIVE AWAY,,,,$500 OR LESS,07/25/2025 10:25:00 AM,IMPROPER BACKING,UNABLE TO DETERMINE,5427,W,ARDMORE AVE,1621,,,,,,,2,NO INDICATION OF INJURY,0,0,0,0,0,2,0,19,5,7,41.9857868729,-87.7646064229,POINT (-87.764606422884 41.985786872914)
e5fca610035fa1ae9818c3209fbc6c8bdb62a2583b7c10602e5e7e8109fd4712519e8234ab15a49e7ef6f77d68dee761ec0ee611819e107c74317666ed05a886,,07/24/2025 07:00:00 PM,35,NO CONTROLS,NO CONTROLS,CLEAR,DUSK,SIDESWIPE OPPOSITE DIRECTION,T-INTERSECTION,,STRAIGHT AND LEVEL,DRY,NO DEFECTS,NOT ON SCENE (DESK REPORT),INJURY AND / OR TOW DUE TO CRASH,Y,,Y,"OVER $1,500",07/24/2025 09:30:00 PM,FAILING TO YIELD RIGHT-OF-WAY,IMPROPER TURNING/NO SIGNAL,4550,W,FIFTH AVE,1131,,,,,,,2,NO INDICATION OF INJURY,0,0,0,0,0,3,0,19,5,7,41.8691650808,-87.7396155363,POINT (-87.739615536277 41.86916508075)
e984db3098c56a552d6cbbd8bf1e054cb572e0bb42904f558f4f619160679f1c75ff44d275ba2998bf107895ae357fb07bdbc65ff9e83dd9d72cb416f2329670,,07/24/2025 07:00:00 PM,30,TRAFFIC SIGNAL,FUNCTIONING PROPERLY,CLEAR,DAYLIGHT,TURNING,NOT DIVIDED,,STRAIGHT AND LEVEL,DRY,NO DEFECTS,NOT ON SCENE (DESK REPORT),NO INJURY / DRIVE AWAY,,,,"$501 - $1,500",07/24/2025 07:34:00 PM,DISREGARDING TRAFFIC SIGNALS,NOT APPLICABLE,3330,W,71ST ST,831,,,,,,,2,NO INDICATION OF INJURY,0,0,0,0,0,2,0,19,5,7,41.7644348308,-87.7064209292,POINT (-87.706420929225 41.764434830841)
9b327eed10d713e1ce88980041b9641ef439cd1aabcfb170adabd153c15644d3c959f0c4e8bdc26a7e7ecb819aea2f816bb742f0176383b732bdce1a097e7720,Y,07/24/2025 06:59:00 PM,30,TRAFFIC SIGNAL,FUNCTIONING PROPERLY,CLEAR,DAYLIGHT,TURNING,FOUR WAY,,STRAIGHT AND LEVEL,DRY,NO DEFECTS,ON SCENE,INJURY AND / OR TOW DUE TO CRASH,Y,,,"OVER $1,500",07/24/2025 07:13:00 PM,UNABLE TO DETERMINE,UNABLE TO DETERMINE,7900,S,KEDZIE AVE,834,,,,,,,2,NONINCAPACITATING INJURY,2,0,0,2,0,2,0,18,5,7,41.7497239717,-87.7025395717,POINT (-87.702539571674 41.749723971726)
21a1cf1c562fdeab814dd934c7757e0f9bf55a19e84562137b41ce40b48be11003a4a75712921c1d6c0e048cedc879e092e956596358c97ea362ff4ca9f5c198,,07/24/2025 06:50:00 PM,30,TRAFFIC SIGNAL,FUNCTIONING PROPERLY,CLEAR,DAYLIGHT,REAR END,NOT DIVIDED,,STRAIGHT AND LEVEL,DRY,NO DEFECTS,NOT ON SCENE (DESK REPORT),NO INJURY / DRIVE AWAY,,,,"$501 - $1,500",08/27/2025 05:40:00 PM,UNABLE TO DETERMINE,NOT APPLICABLE,300,E,MONROE DR,114,,,,,,,2,NO INDICATION OF INJURY,0,0,0,0,0,5,0,18,5,7,41.8809852025,-87.6206287487,POINT (-87.62062874871 41.880985202525)
c384288fbcd937cb8470dfb3c09758141cbe6a56ee3a7359ba2c1c3f4dc03109e3eae8f72e0f5fe09cf417f4446272a7d6bd20d4783fcfbd4cf64256bc194603,,07/24/2025 06:50:00 PM,30,NO CONTROLS,NO CONTROLS,CLEAR,DAYLIGHT,REAR END,NOT DIVIDED,,STRAIGHT AND LEVEL,DRY,NO DEFECTS,NOT ON SCENE (DESK REPORT),NO INJURY / DRIVE AWAY,,,,"OVER $1,500",07/24/2025 08:00:00 PM,FOLLOWING TOO CLOSELY,UNABLE TO DETERMINE,3068,N,ELSTON AVE,1411,,,,,,,2,NO INDICATION OF INJURY,0,0,0,0,0,4,0,18,5,7,41.9368421089,-87.69482385,POINT (-87.694823850044 41.936842108857)
5df4a3e51e7ed7f348c198cd86a9381be83af05a90f51043614162fbd1d68c6ec81f373643d00e0e656d9f5bd46fe4ab39ba2c2179cee59d5ec82b10106437d8,,07/24/2025 06:40:00 PM,30,TRAFFIC SIGNAL,UNKNOWN,CLEAR,DAWN,ANGLE,FOUR WAY,,STRAIGHT AND LEVEL,DRY,NO DEFECTS,NOT ON SCENE (DESK REPORT),NO INJURY / DRIVE AWAY,Y,,,"OVER $1,500",07/24/2025 08:20:00 PM,FAILING TO YIELD RIGHT-OF-WAY,UNABLE TO DETERMINE,500,S,CENTRAL PARK AVE,1133,,,,,,,2,NO INDICATION OF INJURY,0,0,0,0,0,3,0,18,5,7,41.8744711864,-87.7158305521,POINT (-87.71583055211 41.874471186363)
21dc6611dbf17b00893b53d95ee3d2b12b3d8f8ee52e003ac0b981228e79c151327ed207dd3048c8f3d01f9c960655d25a334fb175300134a81127be40ac118f,,07/24/2025 06:39:00 PM,30,TRAFFIC SIGNAL,FUNCTIONING PROPERLY,CLEAR,DAYLIGHT,ANGLE,NOT DIVIDED,,STRAIGHT AND LEVEL,DRY,NO DEFECTS,ON SCENE,INJURY AND / OR TOW DUE TO CRASH,Y,,Y,"OVER $1,500",07/24/2025 07:00:00 PM,UNABLE TO DETERMINE,NOT APPLICABLE,3499,S,ASHLAND AVE,912,,,,,,,2,NO INDICATION OF INJURY,0,0,0,0,0,2,0,18,5,7,41.830595328,-87.665423764,POINT (-87.665423764019 41.830595327951)
019bc1402b609f06aedbdeba0290de1a2d549c23a79e8f2978f633f7e7206546a2dd1a2bb2f4df5156c3d2ec875e34e9b3186e08c6bf0c881a4ee9b51b5ec94f,,07/24/2025 06:30:00 PM,30,NO CONTROLS,NO CONTROLS,CLOUDY/OVERCAST,DAYLIGHT,PARKED MOTOR VEHICLE,FOUR WAY,,STRAIGHT AND LEVEL,WET,UNKNOWN,NOT ON SCENE (DESK REPORT),NO INJURY / DRIVE AWAY,Y,,Y,"OVER $1,500",07/25/2025 02:05:00 PM,IMPROPER TURNING/NO SIGNAL,NOT APPLICABLE,1965,E,72ND PL,333,,,,,,,2,NO INDICATION OF INJURY,0,0,0,0,0,2,0,18,5,7,41.7633233654,-87.5768368478,POINT (-87.576836847817 41.763323365367)
8c55bc03122f95628eeaad7b4d6a044adfd0d9d9e5e692ca47c0082c1b5951ac05f6118cd236862587f0defcb7e28c49124035c05124e67531fdc8c63d3b253e,,07/24/2025 06:30:00 PM,30,NO CONTROLS,NO CONTROLS,CLEAR,DAYLIGHT,TURNING,NOT DIVIDED,,STRAIGHT AND LEVEL,DRY,NO DEFECTS,NOT ON SCENE (DESK REPORT),NO INJURY / DRIVE AWAY,,,,"$501 - $1,500",07/24/2025 07:00:00 PM,UNABLE TO DETERMINE,NOT APPLICABLE,1301,W,CARROLL AVE,1215,,,,,,,2,NO INDICATION OF INJURY,0,0,0,0,0,4,0,18,5,7,41.8875654011,-87.6590088832,POINT (-87.659008883194 41.887565401084)
db1615e06a5e46dd3a1fc6a939eecabacfe52fa10149cd6ef94e996622873ce3e2840efe137fbe3071986fe2ef8ca6825a497bf37f674cf4fc0247b0c27cdb13,,07/24/2025 06:30:00 PM,30,NO CONTROLS,NO CONTROLS,CLEAR,DAYLIGHT,TURNING,ONE-WAY,,STRAIGHT AND LEVEL,UNKNOWN,UNKNOWN,NOT ON SCENE (DESK REPORT),NO INJURY / DRIVE AWAY,,,,"OVER $1,500",07/24/2025 08:30:00 PM,IMPROPER TURNING/NO SIGNAL,FOLLOWING TOO CLOSELY,1301,W,CARROLL AVE,1215,,,,,,,2,NO INDICATION OF INJURY,0,0,0,0,0,2,0,18,5,7,41.8875654011,-87.6590088832,POINT (-87.659008883194 41.887565401084)
de717e33654efcef894b812c67a303e50a66fe3593f3454a5d2c615cf3d6d597c4a828e45c8448c54fec78bcb8b743d51bc5cae5b9c0705b63bf8ea250b90147,,07/24/2025 06:30:00 PM,30,NO CONTROLS,NO CONTROLS,CLEAR,"DARKNESS, LIGHTED ROAD",PARKED MOTOR VEHICLE,NOT DIVIDED,,STRAIGHT AND LEVEL,DRY,NO DEFECTS,NOT ON SCENE (DESK REPORT),NO INJURY / DRIVE AWAY,,,,"$501 - $1,500",07/24/2025 09:38:00 PM,UNABLE TO DETERMINE,NOT APPLICABLE,3020,W,CARROLL AVE,1222,,,,,,,2,NO INDICATION OF INJURY,0,0,0,0,0,1,0,18,5,7,41.8876804785,-87.7022077952,POINT (-87.702207795173 41.887680478511)
d606eaec1f0715fa50d445b8a4a92c9abe0de94ba2056dae289c490a1891fe6cd7076e2bfeeab4d5efe6be94e3738934883209378a61d45100c20c1fb3417582,,07/24/2025 06:20:00 PM,30,NO CONTROLS,NO CONTROLS,CLEAR,DAYLIGHT,SIDESWIPE SAME DIRECTION,NOT DIVIDED,,STRAIGHT AND LEVEL,DRY,UNKNOWN,NOT ON SCENE (DESK REPORT),NO INJURY / DRIVE AWAY,,,,"OVER $1,500",07/24/2025 06:51:00 PM,IMPROPER LANE USAGE,NOT APPLICABLE,9801,S,WESTERN AVE,2213,,,,,,,2,NO INDICATION OF INJURY,0,0,0,0,0,5,0,18,5,7,41.7154087826,-87.6817477896,POINT (-87.681747789637 41.715408782633)
116dc110f2ef262d369fe9e4521ebea50a133f4baedb0d3b246a135372415441b6f6bb708a4a5227d3c1f8dc745e54834388304b2b9553fde1f886b7ae90efd9,,07/24/2025 06:10:00 PM,30,TRAFFIC SIGNAL,FUNCTIONING PROPERLY,CLEAR,DAYLIGHT,REAR END,NOT DIVIDED,,STRAIGHT AND LEVEL,DRY,NO DEFECTS,NOT ON SCENE (DESK REPORT),NO INJURY / DRIVE AWAY,Y,,,"OVER $1,500",07/24/2025 07:15:00 PM,IMPROPER LANE USAGE,FAILING TO YIELD RIGHT-OF-WAY,4363,S,ARCHER AVE,922,,,,,,,2,NO INDICATION OF INJURY,0,0,0,0,0,2,0,18,5,7,41.8142118101,-87.7038198954,POINT (-87.703819895437 41.814211810102)
cde6709c640954277ab58b02e4318809c6661ca658919829e18c0d5a05292ba2c85e95247b7f7586759109c04ff06f782106831407c7ed8245f28e978f610c6b,,07/24/2025 06:05:00 PM,30,TRAFFIC SIGNAL,FUNCTIONING PROPERLY,CLEAR,DAYLIGHT,PARKED MOTOR VEHICLE,DIVIDED - W/MEDIAN (NOT RAISED),,STRAIGHT AND LEVEL,DRY,NO DEFECTS,NOT ON SCENE (DESK REPORT),NO INJURY / DRIVE AWAY,,,,"OVER $1,500",07/24/2025 09:00:00 PM,IMPROPER OVERTAKING/PASSING,FAILING TO REDUCE SPEED TO AVOID CRASH,7513,N,SHERIDAN RD,2422,,,,,,,2,NO INDICATION OF INJURY,0,0,0,0,0,2,0,18,5,7,42.0186585733,-87.6657088593,POINT (-87.665708859254 42.018658573271)
53ca34f9cd1db6bb5a19674df84114de86952d23ec7d9cbfd54912c2296acaa78cafc795cb67ccd9cb851b3f46300c381d1301aea6248fca833905a514b931f5,,07/24/2025 06:00:00 PM,30,TRAFFIC SIGNAL,FUNCTIONING PROPERLY,CLEAR,DUSK,TURNING,FOUR WAY,,STRAIGHT AND LEVEL,DRY,NO DEFECTS,,NO INJURY / DRIVE AWAY,Y,,,"OVER $1,500",07/28/2025 10:30:00 AM,UNABLE TO DETERMINE,NOT APPLICABLE,644,W,GRAND AVE,1214,,,,,,,2,NO INDICATION OF INJURY,0,0,0,0,0,2,0,18,5,7,41.8913327857,-87.6445976212,POINT (-87.64459762124 41.891332785662)
c71fda1554d1b51008f514a3cf7b1505b454449415cb92f34031ec2406c496839f250cd9e33fa1793af6685c7ebf350a6d47da42d3b17d1f28e4abca3dc132f7,,07/24/2025 05:55:00 PM,30,NO CONTROLS,NO CONTROLS,CLEAR,DAYLIGHT,FIXED OBJECT,NOT DIVIDED,,STRAIGHT AND LEVEL,DRY,OTHER,NOT ON SCENE (DESK REPORT),NO INJURY / DRIVE AWAY,,,,"$501 - $1,500",07/24/2025 06:08:00 PM,NOT APPLICABLE,NOT APPLICABLE,6248,S,ASHLAND AVE,714,,,,,,,1,NO INDICATION OF INJURY,0,0,0,0,0,2,0,17,5,7,41.779837871,-87.6643762915,POINT (-87.664376291467 41.779837870963)
17e1c333112079102ad982476432370187cd51a48f9f6ad0637181c717e4b0ad4caf0ba2857667138279b6b7e5acaeb545f067b938fa780c853e1751c7d5cf2c,,07/24/2025 05:50:00 PM,40,NO CONTROLS,NO CONTROLS,CLEAR,DAYLIGHT,REAR END,NOT DIVIDED,,STRAIGHT AND LEVEL,DRY,NO DEFECTS,NOT ON SCENE (DESK REPORT),NO INJURY / DRIVE AWAY,,,,"OVER $1,500",07/24/2025 06:57:00 PM,NOT APPLICABLE,NOT APPLICABLE,3200,N,LAKE SHORE DR NB,1925,,,,,,,2,NO INDICATION OF INJURY,0,0,0,0,0,4,0,17,5,7,41.9404429026,-87.6386335392,POINT (-87.638633539238 41.940442902597)
1876759ab3853c3e8b303f3bb9b0d61fe78368b899542a953f3ce99ed63b827434e6de933eb01a547ef8dc5ed05d897d937fd7a8dd2e076ef7a851a3ec97eaf3,,07/24/2025 05:50:00 PM,30,NO CONTROLS,NO CONTROLS,CLEAR,DAYLIGHT,SIDESWIPE SAME DIRECTION,DIVIDED - W/MEDIAN (NOT RAISED),,STRAIGHT AND LEVEL,DRY,NO DEFECTS,ON SCENE,INJURY AND / OR TOW DUE TO CRASH,Y,,,"OVER $1,500",07/24/2025 05:51:00 PM,IMPROPER OVERTAKING/PASSING,NOT APPLICABLE,3237,W,63RD ST,823,,,,,,,2,"REPORTED, NOT EVIDENT",2,0,0,0,2,2,0,17,5,7,41.7788389435,-87.7046074962,POINT (-87.704607496232 41.778838943497)
748bbadd4faf44176d7cf9546419c225a980e2ce94b08e8227f296b73fe2c4aa1ad8449b07a7db55203d0ff617859aefcebf34a12d44ff9ab795f4298103c99a,,07/24/2025 05:50:00 PM,30,UNKNOWN,UNKNOWN,CLEAR,DAYLIGHT,SIDESWIPE SAME DIRECTION,NOT DIVIDED,,STRAIGHT AND LEVEL,UNKNOWN,UNKNOWN,NOT ON SCENE (DESK REPORT),NO INJURY / DRIVE AWAY,,,,"OVER $1,500",07/25/2025 04:30:00 PM,UNABLE TO DETERMINE,UNABLE TO DETERMINE,1515,N,KINGSBURY ST,1822,,,,,,,2,NO INDICATION OF INJURY,0,0,0,0,0,2,0,17,5,7,41.908654531,-87.6520901371,POINT (-87.652090137057 41.908654530964)
9480b377da4fc8a806b540b8431b15826c1d0311f4a1f0dc320a441f63694a372354e5d4d4fb11acba7632c9c5e15e7a9b7c70a0d39297686661c47d0986a602,Y,07/24/2025 05:50:00 PM,30,UNKNOWN,UNKNOWN,OTHER,DAYLIGHT,SIDESWIPE SAME DIRECTION,NOT DIVIDED,,STRAIGHT AND LEVEL,WET,NO DEFECTS,ON SCENE,NO INJURY / DRIVE AWAY,,,,"OVER $1,500",07/24/2025 05:58:00 PM,FAILING TO YIELD RIGHT-OF-WAY,FAILING TO YIELD RIGHT-OF-WAY,6323,S,HALSTED ST,723,,Y,,,,,2,NO INDICATION OF INJURY,0,0,0,0,0,6,0,17,5,7,41.779038917,-87.6446230464,POINT (-87.644623046397 41.779038917016)
5357a0410042cfb48a010825dfe81f97e79f97a39405e98e24c308cebde4e50452cd2d037f7e79e48ad957b233b7142d53feaabc5b3671b64c8bfedd3e1ddcf5,Y,07/24/2025 05:45:00 PM,30,NO CONTROLS,NO CONTROLS,CLEAR,DAYLIGHT,PARKED MOTOR VEHICLE,OTHER,,STRAIGHT AND LEVEL,DRY,NO DEFECTS,NOT ON SCENE (DESK REPORT),NO INJURY / DRIVE AWAY,,,Y,$500 OR LESS,07/24/2025 07:45:00 PM,UNABLE TO DETERMINE,UNABLE TO DETERMINE,1169,S,PLYMOUTH CT,123,,,,,,,2,NO INDICATION OF INJURY,0,0,0,0,0,1,0,17,5,7,41.8681679696,-87.6283898944,POINT (-87.62838989439 41.868167969554)