CRASH_RECORD_ID,CRASH_DATE_EST_I,CRASH_DATE,POSTED_SPEED_LIMIT,TRAFFIC_CONTROL_DEVICE,DEVICE_CONDITION,WEATHER_CONDITION,LIGHTING_CONDITION,FIRST_CRASH_TYPE,TRAFFICWAY_TYPE,LANE_CNT,ALIGNMENT,ROADWAY_SURFACE_COND,ROAD_DEFECT,REPORT_TYPE,CRASH_TYPE,INTERSECTION_RELATED_I,NOT_RIGHT_OF_WAY_I,HIT_AND_RUN_I,DAMAGE,DATE_POLICE_NOTIFIED,PRIM_CONTRIBUTORY_CAUSE,SEC_CONTRIBUTORY_CAUSE,STREET_NO,STREET_DIRECTION,STREET_NAME,BEAT_OF_OCCURRENCE,PHOTOS_TAKEN_I,STATEMENTS_TAKEN_I,DOORING_I,WORK_ZONE_I,WORK_ZONE_TYPE,WORKERS_PRESENT_I,NUM_UNITS,MOST_SEVERE_INJURY,INJURIES_TOTAL,INJURIES_FATAL,INJURIES_INCAPACITATING,INJURIES_NON_INCAPACITATING,INJURIES_REPORTED_NOT_EVIDENT,INJURIES_NO_INDICATION,INJURIES_UNKNOWN,CRASH_HOUR,CRASH_DAY_OF_WEEK,CRASH_MONTH,LATITUDE,LONGITUDE,LOCATION
5d4633ec9bbe0f8d9364a63f7d22b5fe2a02a8ea7c7c99ff3067409048aca9a5d352a91657f674f83e1d6a376d312c020982ac10985ceee00438a5d3b062ee15,,07/24/2025 05:45:00 PM,30,NO CONTROLS,NO CONTROLS,CLEAR,DAYLIGHT,PARKED MOTOR VEHICLE,ONE-WAY,,STRAIGHT AND LEVEL,DRY,NO DEFECTS,NOT ON SCENE (DESK REPORT),INJURY AND / OR TOW DUE TO CRASH,,,Y,"OVER $1,500",07/24/2025 06:25:00 PM,UNABLE TO DETERMINE,NOT APPLICABLE,3245,W,DOUGLAS BLVD,1022,,,,,,,2,NO INDICATION OF INJURY,0,0,0,0,0,1,0,17,5,7,41.8623788953,-87.707345944,POINT (-87.70734594403 41.862378895253)
691a4017acb4cfd933c4f6da657a31eee06e155f44c114d454e3aed9f268ae2818d6c2f4851845cca9c44219cef89764822db682ff74be8a0ca631f0c0d7c6c1,,07/24/2025 05:40:00 PM,30,NO CONTROLS,NO CONTROLS,CLEAR,DAYLIGHT,REAR END,NOT DIVIDED,,STRAIGHT AND LEVEL,DRY,NO DEFECTS,NOT ON SCENE (DESK REPORT),INJURY AND / OR TOW DUE TO CRASH,,,Y,"OVER $1,500",07/26/2025 10:00:00 PM,FOLLOWING TOO CLOSELY,UNABLE TO DETERMINE,622,N,FAIRBANKS CT,1834,,,,,,,2,NONINCAPACITATING INJURY,2,0,0,1,1,3,0,17,5,7,41.8933653971,-87.6204220574,POINT (-87.620422057447 41.893365397139)
de6dc2920228f6e526492b998d697a8de2a8936b0396983092fe800ab343d19eaa0e1708799cbbaeb94e48d917df444b54c3f21bc91c466aefd5a35eda374ccb,,07/24/2025 05:40:00 PM,30,TRAFFIC SIGNAL,UNKNOWN,CLEAR,DAYLIGHT,TURNING,T-INTERSECTION,,STRAIGHT AND LEVEL,DRY,UNKNOWN,ON SCENE,INJURY AND / OR TOW DUE TO CRASH,,,,"OVER $1,500",07/24/2025 05:59:00 PM,IMPROPER OVERTAKING/PASSING,NOT APPLICABLE,4920,W,MADISON ST,1533,,,,,,,2,NO INDICATION OF INJURY,0,0,0,0,0,6,0,17,5,7,41.8805636376,-87.7486136693,POINT (-87.748613669334 41.880563637564)
0c2fcc809408726e1b6af2d4bfa6dc30b07e6524867b6af5bf7db8330cb30cc7391e53acc4e49dc50aaeaeac87d34a577b7c2065224c8772220266935d9cad13,,07/24/2025 05:34:00 PM,30,STOP SIGN/FLASHER,FUNCTIONING PROPERLY,RAIN,DAYLIGHT,ANGLE,NOT DIVIDED,,STRAIGHT AND LEVEL,WET,NO DEFECTS,ON SCENE,INJURY AND / OR TOW DUE TO CRASH,Y,,,"OVER $1,500",07/24/2025 05:35:00 PM,UNABLE TO DETERMINE,NOT APPLICABLE,8300,S,EAST END AVE,412,,,,,,,2,NONINCAPACITATING INJURY,1,0,0,1,0,1,0,17,5,7,41.7441923642,-87.5830575596,POINT (-87.583057559649 41.744192364233)
0be5bff1d71194b595a67594cbc9e8ff7615a079f710dea5af83e802c85929d19c73404f3cfe553b1410963038bab9ff00e0d6b2f9698c7e9f9342f8894f85b2,,07/24/2025 05:30:00 PM,30,UNKNOWN,UNKNOWN,UNKNOWN,DAYLIGHT,ANGLE,UNKNOWN,,STRAIGHT AND LEVEL,UNKNOWN,UNKNOWN,NOT ON SCENE (DESK REPORT),NO INJURY / DRIVE AWAY,Y,,Y,"OVER $1,500",07/24/2025 06:26:00 PM,UNABLE TO DETERMINE,UNABLE TO DETERMINE,3343,W,WARREN BLVD,1123,,,,,,,2,NO INDICATION OF INJURY,0,0,0,0,0,2,0,17,5,7,41.8817125247,-87.7103499434,POINT (-87.710349943426 41.881712524692)
6f10c54303eea3c6c6c438cc05e9016f6823072215dfc0785ef4bfeb16a98e57a163e92814c050308c98fcf75bd8f81ae243999577258ea2f5fea09a9eb57d57,,07/24/2025 05:30:00 PM,30,TRAFFIC SIGNAL,FUNCTIONING PROPERLY,CLEAR,DAYLIGHT,PARKED MOTOR VEHICLE,NOT DIVIDED,,STRAIGHT AND LEVEL,DRY,UNKNOWN,NOT ON SCENE (DESK REPORT),NO INJURY / DRIVE AWAY,,,,"$501 - $1,500",07/24/2025 07:25:00 PM,FAILING TO YIELD RIGHT-OF-WAY,FAILING TO YIELD RIGHT-OF-WAY,1676,W,OGDEN AVE,1224,,,,,,,2,NO INDICATION OF INJURY,0,0,0,0,0,4,0,17,5,7,41.8792045547,-87.6689949114,POINT (-87.668994911406 41.879204554691)
edaaaf106073c3af52c69591234c67fe467f5e710b93913d2737cc24d11cb5116e8b8cb9a8d35e0d4145f60a9920b2a7a9ffc697fedd645ac1bebf33a487dd8e,,07/24/2025 05:30:00 PM,30,NO CONTROLS,NO CONTROLS,CLEAR,DAYLIGHT,PARKED MOTOR VEHICLE,FOUR WAY,,STRAIGHT AND LEVEL,UNKNOWN,UNKNOWN,NOT ON SCENE (DESK REPORT),NO INJURY / DRIVE AWAY,,,Y,"OVER $1,500",08/05/2025 04:00:00 PM,UNABLE TO DETERMINE,NOT APPLICABLE,5405,S,KOLIN AVE,815,,,,,,,2,NO INDICATION OF INJURY,0,0,0,0,0,1,0,17,5,7,41.7947610494,-87.7316379274,POINT (-87.731637927435 41.794761049449)
adb53a4a8ecd7973f7ffc43ec5a26f634ef74ecc2e6ce1c5ac331043543eeb4aedea2a8979e86aa2c1f259046ead3a7c68a107bf7fb215ac36313ceedf69f2df,,07/24/2025 05:21:00 PM,30,TRAFFIC SIGNAL,FUNCTIONING PROPERLY,CLEAR,DAYLIGHT,REAR END,DIVIDED - W/MEDIAN (NOT RAISED),,STRAIGHT AND LEVEL,WET,UNKNOWN,NOT ON SCENE (DESK REPORT),NO INJURY / DRIVE AWAY,,,Y,"OVER $1,500",07/24/2025 05:25:00 PM,FOLLOWING TOO CLOSELY,NOT APPLICABLE,4801,N,MILWAUKEE AVE,1623,,,,,,,2,NO INDICATION OF INJURY,0,0,0,0,0,2,0,17,5,7,41.9679658111,-87.7606524592,POINT (-87.760652459159 41.967965811139)
71392b34fe2c2ff46b00db0bf8b86579287ea632ffb760e9911ef36e20d24a862adbb78fc9d448cd8be5fe16db75f0ff04c26a7c498cd1bfea2da8f4afa764fc,,07/24/2025 05:20:00 PM,30,TRAFFIC SIGNAL,FUNCTIONING PROPERLY,CLEAR,DAYLIGHT,TURNING,NOT DIVIDED,,STRAIGHT AND LEVEL,WET,NO DEFECTS,ON SCENE,INJURY AND / OR TOW DUE TO CRASH,,,Y,"OVER $1,500",07/24/2025 05:20:00 PM,UNABLE TO DETERMINE,UNABLE TO DETERMINE,2828,N,CLYBOURN AVE,1931,,,,,,,2,"REPORTED, NOT EVIDENT",1,0,0,0,1,3,0,17,5,7,41.932710161,-87.678929038,POINT (-87.67892903804 41.932710160962)
7145efe8dcf7368295b8f0e9bf231db8c4f9b724e4c49f95b0e41873c196ed110949d4ca475cc89a810b0559aaf7401f79e8290dd43487260aa748ad18a704e5,,07/24/2025 05:20:00 PM,30,NO CONTROLS,NO CONTROLS,CLEAR,DAYLIGHT,SIDESWIPE SAME DIRECTION,DIVIDED - W/MEDIAN (NOT RAISED),,STRAIGHT AND LEVEL,UNKNOWN,UNKNOWN,NOT ON SCENE (DESK REPORT),NO INJURY / DRIVE AWAY,,,,"OVER $1,500",07/24/2025 05:45:00 PM,UNABLE TO DETERMINE,NOT APPLICABLE,3236,W,CHICAGO AVE,1121,,,,,,,2,NO INDICATION OF INJURY,0,0,0,0,0,2,0,17,5,7,41.895649247,-87.7080077185,POINT (-87.708007718548 41.895649247007)
9e6b157ef83d4a6f07f6061865844fa7fd3210ad5e8ba24356399b6275881fd0a82835825aa53f73d398f5a2aeffdcdeba2cc43c02df45c3c82ccc34b9856887,,07/24/2025 05:17:00 PM,20,TRAFFIC SIGNAL,FUNCTIONING PROPERLY,UNKNOWN,DAYLIGHT,TURNING,FOUR WAY,,STRAIGHT AND LEVEL,WET,NO DEFECTS,ON SCENE,INJURY AND / OR TOW DUE TO CRASH,Y,,,"OVER $1,500",07/24/2025 05:18:00 PM,UNABLE TO DETERMINE,NOT APPLICABLE,398,E,76TH ST,623,,,,,,,2,"REPORTED, NOT EVIDENT",1,0,0,0,1,1,0,17,5,7,41.7566911755,-87.6151651739,POINT (-87.615165173935 41.756691175497)
4363fc3b1d23814917de27eca6060ff35f285ce5a0b5e0e1abc7989e1729197ada4374a75161b74e47daf8541d39da3e73fcb6621cc24bd7829650ec7e7ba34c,,07/24/2025 05:15:00 PM,30,NO CONTROLS,NO CONTROLS,CLEAR,DAYLIGHT,SIDESWIPE SAME DIRECTION,ONE-WAY,,STRAIGHT AND LEVEL,WET,NO DEFECTS,NOT ON SCENE (DESK REPORT),NO INJURY / DRIVE AWAY,,,Y,"OVER $1,500",07/24/2025 05:45:00 PM,UNABLE TO DETERMINE,NOT APPLICABLE,7515,S,LAFAYETTE AVE,623,Y,,,,,,2,NO INDICATION OF INJURY,0,0,0,0,0,2,0,17,5,7,41.757681884,-87.6262137085,POINT (-87.626213708512 41.757681883951)
5a44e185ed05c69271296a207026deefbaa82a928e56cace05c8436020cfa58f18bce9c0d62451927e2a40ab31d803735b919cd29cfabc6f8143731a457d7d82,,07/24/2025 05:10:00 PM,30,TRAFFIC SIGNAL,FUNCTIONING PROPERLY,CLEAR,DAYLIGHT,TURNING,NOT DIVIDED,,STRAIGHT AND LEVEL,DRY,UNKNOWN,ON SCENE,NO INJURY / DRIVE AWAY,,,,"OVER $1,500",07/24/2025 05:21:00 PM,IMPROPER OVERTAKING/PASSING,IMPROPER OVERTAKING/PASSING,6300,N,BROADWAY,2433,,,,,,,2,NO INDICATION OF INJURY,0,0,0,0,0,4,0,17,5,7,41.996462002,-87.6606096651,POINT (-87.660609665094 41.996462001969)
acae8cbe2d1e6dae27752879d5ebabe4eaaca31207fe7592436c1d1027adf341b37f2f9b0f6e262ecd3f3dd60f85c2aa5a94c97700063dbcebac2e3bea13f5d6,Y,07/24/2025 05:10:00 PM,30,UNKNOWN,UNKNOWN,UNKNOWN,DAYLIGHT,ANGLE,ONE-WAY,,STRAIGHT AND LEVEL,UNKNOWN,NO DEFECTS,NOT ON SCENE (DESK REPORT),INJURY AND / OR TOW DUE TO CRASH,,,,"OVER $1,500",07/24/2025 07:02:00 PM,FAILING TO YIELD RIGHT-OF-WAY,FAILING TO REDUCE SPEED TO AVOID CRASH,150,N,WELLS ST,122,,,,,,,2,"REPORTED, NOT EVIDENT",3,0,0,0,3,1,0,17,5,7,41.8844984057,-87.6340428468,POINT (-87.634042846828 41.884498405733)
2de67574ef86d732e7e1c82ebcfc37a1d377e0e09c922851a4e211e50d01f8529ffc06b4ded23155377374df77b696b70553997dad015bc0b0215443f5b54d32,,07/24/2025 05:00:00 PM,30,NO CONTROLS,NO CONTROLS,CLEAR,DAYLIGHT,REAR END,NOT DIVIDED,,STRAIGHT AND LEVEL,WET,UNKNOWN,NOT ON SCENE (DESK REPORT),NO INJURY / DRIVE AWAY,,,Y,"OVER $1,500",07/24/2025 06:32:00 PM,FOLLOWING TOO CLOSELY,FOLLOWING TOO CLOSELY,1800,W,119TH ST,2234,,,,,,,2,NO INDICATION OF INJURY,0,0,0,0,0,2,0,17,5,7,41.6775587101,-87.6662571258,POINT (-87.666257125763 41.677558710129)
cccd5ce53eaae9f2831f92f9e6122c3b02f5dd940b9cf6c72cedd536f3bce03f3335317d92017b3dc036081220e52c6e37bb84e5f83f4ff21b2ce8ba99aa0e68,,07/24/2025 05:00:00 PM,30,NO CONTROLS,NO CONTROLS,RAIN,DAYLIGHT,REAR END,NOT DIVIDED,,STRAIGHT AND LEVEL,WET,NO DEFECTS,NOT ON SCENE (DESK REPORT),NO INJURY / DRIVE AWAY,,,,"OVER $1,500",07/24/2025 05:55:00 PM,FOLLOWING TOO CLOSELY,UNABLE TO DETERMINE,2734,N,LARAMIE AVE,2514,,,,,,,3,NO INDICATION OF INJURY,0,0,0,0,0,3,0,17,5,7,41.9306521607,-87.7565397966,POINT (-87.756539796635 41.93065216075)
de3506c1ce1d20a15c71a04c4452b3348cd541383e5f7d41a93c7fab692cbc3178d5a65f1132fc679cbbebba2789cf3b0912ca0886f0e611e1d4078c9200637c,,07/24/2025 05:00:00 PM,30,NO CONTROLS,NO CONTROLS,CLEAR,DAYLIGHT,SIDESWIPE SAME DIRECTION,DIVIDED - W/MEDIAN (NOT RAISED),,STRAIGHT AND LEVEL,DRY,NO DEFECTS,NOT ON SCENE (DESK REPORT),NO INJURY / DRIVE AWAY,,,,"OVER $1,500",07/24/2025 06:50:00 PM,FAILING TO YIELD RIGHT-OF-WAY,UNABLE TO DETERMINE,2877,N,CLYBOURN AVE,1931,,,,,,,2,NO INDICATION OF INJURY,0,0,0,0,0,5,0,17,5,7,41.9340307513,-87.6803427418,POINT (-87.680342741808 41.934030751288)
e6b36e85cbcbce8d1cf84eaa3d5f831472e96db25bd9ad4c210996e1630a24f12c46799b55be4794b38e87a1208f852be82564a432ae1e793c158057af947118,,07/24/2025 05:00:00 PM,40,NO CONTROLS,NO CONTROLS,CLOUDY/OVERCAST,DAYLIGHT,SIDESWIPE SAME DIRECTION,DIVIDED - W/MEDIAN BARRIER,,STRAIGHT AND LEVEL,WET,NO DEFECTS,ON SCENE,NO INJURY / DRIVE AWAY,,,Y,"$501 - $1,500",07/24/2025 05:10:00 PM,NOT APPLICABLE,NOT APPLICABLE,400,N,LOWER LAKE SHORE DR,1834,,,,,,,2,NO INDICATION OF INJURY,0,0,0,0,0,2,0,17,5,7,,,
56bddc10b255d2ab2586653e0a46eb63028c7dc784e90627417cf83d74a608753a8b01e6a6ba1343b27f58933392d1fcb9d73cd517ed819248d3a3d999024660,,07/24/2025 04:55:00 PM,30,NO CONTROLS,NO CONTROLS,CLEAR,DAYLIGHT,PARKED MOTOR VEHICLE,NOT DIVIDED,,STRAIGHT AND LEVEL,DRY,NO DEFECTS,ON SCENE,NO INJURY / DRIVE AWAY,,,,"OVER $1,500",07/24/2025 05:06:00 PM,DRIVING SKILLS/KNOWLEDGE/EXPERIENCE,IMPROPER LANE USAGE,3169,N,SHERIDAN RD,1934,,,,,,,3,NO INDICATION OF INJURY,0,0,0,0,0,2,0,16,5,7,41.9397358837,-87.6393960446,POINT (-87.639396044569 41.939735883748)
be93ee736d7188c6d347928abe0cc9dff547192af910ef96528045a414b1682a23373db062bd0ac45d2901b6d757ac4933622b295c183da3fb6cfae140b0b79e,,07/24/2025 04:55:00 PM,30,RAILROAD CROSSING GATE,FUNCTIONING IMPROPERLY,CLOUDY/OVERCAST,DAYLIGHT,REAR END,NOT DIVIDED,,STRAIGHT AND LEVEL,DRY,NO DEFECTS,NOT ON SCENE (DESK REPORT),NO INJURY / DRIVE AWAY,,,,"OVER $1,500",07/24/2025 06:30:00 PM,FOLLOWING TOO CLOSELY,NOT APPLICABLE,1790,W,119TH ST,2234,,,,,,,2,NO INDICATION OF INJURY,0,0,0,0,0,2,0,16,5,7,41.6775604243,-87.6661800444,POINT (-87.666180044371 41.677560424343)
0935dc5a3e13ff8e818a8ed4f51d847806c8a5c7fb87b77139bb9f5e3dd87a126cec3735cd205b9daf7033d9c8bc207dc08e599eab8c0b07a0e84c3b1e0c9a6a,,07/24/2025 04:52:00 PM,35,TRAFFIC SIGNAL,FUNCTIONING PROPERLY,CLEAR,DAYLIGHT,TURNING,DIVIDED - W/MEDIAN BARRIER,,STRAIGHT AND LEVEL,UNKNOWN,UNKNOWN,,INJURY AND / OR TOW DUE TO CRASH,Y,,,"OVER $1,500",07/24/2025 04:52:00 PM,UNABLE TO DETERMINE,UNABLE TO DETERMINE,7500,S,SOUTH CHICAGO AVE,624,,,,,,,2,NONINCAPACITATING INJURY,3,0,0,3,0,3,0,16,5,7,41.7586090061,-87.5957213605,POINT (-87.595721360538 41.758609006103)
163bd56b48f88e354b301eb21c47e8bd208c3a67bbf1e9edd440bd27fb4a62f79ab62c433fb78be42c2503ce8bd433cb66752e30aa29656d91253454930d79a8,,07/24/2025 04:50:00 PM,35,NO CONTROLS,NO CONTROLS,CLEAR,DAYLIGHT,SIDESWIPE SAME DIRECTION,NOT DIVIDED,,STRAIGHT AND LEVEL,DRY,NO DEFECTS,NOT ON SCENE (DESK REPORT),NO INJURY / DRIVE AWAY,,,,"$501 - $1,500",07/25/2025 09:00:00 PM,FAILING TO YIELD RIGHT-OF-WAY,IMPROPER LANE USAGE,1815,W,OGDEN AVE,1231,,,,,,,2,NO INDICATION OF INJURY,0,0,0,0,0,2,0,16,5,7,41.876356154,-87.6719339409,POINT (-87.671933940865 41.876356153951)
0b3f2acf9ec389e174449fba3d73b3528812c15e96f0d5b5341cb036e2fd14df1f6ab18f607c2137186c3d5c025d34a2ca183e8512a65ad70f57905b26474b92,,07/24/2025 04:46:00 PM,30,UNKNOWN,FUNCTIONING PROPERLY,RAIN,DAWN,SIDESWIPE SAME DIRECTION,DIVIDED - W/MEDIAN (NOT RAISED),,STRAIGHT AND LEVEL,WET,NO DEFECTS,ON SCENE,INJURY AND / OR TOW DUE TO CRASH,,,,"OVER $1,500",07/24/2025 05:06:00 PM,UNABLE TO DETERMINE,IMPROPER OVERTAKING/PASSING,233,S,HALSTED ST,1232,,,,,,,2,NO INDICATION OF INJURY,0,0,0,0,0,2,0,16,5,7,41.8781725716,-87.6470997356,POINT (-87.647099735575 41.878172571606)
e5dd356f98858bd5252473d66f24b906c35b44b00278d48f3e4e06195cfc95a8c97c826918124d14fd7fd88185bff2e92f8e41f8e673f41f68688d92d4ac8973,,07/24/2025 04:41:00 PM,30,NO CONTROLS,NO CONTROLS,UNKNOWN,DAYLIGHT,REAR END,FOUR WAY,,STRAIGHT AND LEVEL,UNKNOWN,NO DEFECTS,ON SCENE,INJURY AND / OR TOW DUE TO CRASH,Y,,,"OVER $1,500",07/24/2025 04:47:00 PM,UNABLE TO DETERMINE,UNABLE TO DETERMINE,4100,W,LAKE ST,1114,,,,,,,2,NO INDICATION OF INJURY,0,0,0,0,0,2,0,16,5,7,41.8857155396,-87.7283756072,POINT (-87.728375607159 41.885715539593)
9804c7676003b961b262cc4b76790ed1c5255c0015ed5ed8d509d554a7fa6e4215ee3b56a8a623f46d754710b958b48194877522f72bf35842a01c572a051462,,07/24/2025 04:40:00 PM,30,NO CONTROLS,NO CONTROLS,RAIN,DAYLIGHT,REAR END,NOT DIVIDED,,STRAIGHT AND LEVEL,WET,NO DEFECTS,NOT ON SCENE (DESK REPORT),INJURY AND / OR TOW DUE TO CRASH,,,,"OVER $1,500",07/24/2025 06:30:00 PM,FOLLOWING TOO CLOSELY,FOLLOWING TOO CLOSELY,4058,W,LAKE ST,1114,,,,,,,2,NO INDICATION OF INJURY,0,0,0,0,0,2,0,16,5,7,41.8857012881,-87.7281295872,POINT (-87.728129587216 41.8857012881)
d67803e944fe317745e3b6ecbbd282369e23b7cefa37f2f8e60cde7f7fb788c2da18232ea2ddb2130cfad92c4ba562cdbaa27a00ac6aa105c8272c816a2b6309,,07/24/2025 04:40:00 PM,35,TRAFFIC SIGNAL,FUNCTIONING PROPERLY,CLEAR,DAYLIGHT,FIXED OBJECT,DIVIDED - W/MEDIAN (NOT RAISED),,STRAIGHT AND LEVEL,DRY,NO DEFECTS,ON SCENE,INJURY AND / OR TOW DUE TO CRASH,,Y,,"OVER $1,500",07/24/2025 04:45:00 PM,PHYSICAL CONDITION OF DRIVER,PHYSICAL CONDITION OF DRIVER,7533,N,MILWAUKEE AVE,1611,,,,,,,1,INCAPACITATING INJURY,1,0,1,0,0,0,0,16,5,7,42.0180349894,-87.8065822225,POINT (-87.806582222459 42.018034989378)
3c59439520e600d125c03e92f16b3edfa4007135e6c9a77c17e52820e3e472522c82b3924c886a387cc5002786b90c61d38d9dd073b1b2b271b2de37afcb113c,,07/24/2025 04:35:00 PM,30,TRAFFIC SIGNAL,FUNCTIONING PROPERLY,RAIN,DAYLIGHT,TURNING,FOUR WAY,,STRAIGHT AND LEVEL,WET,NO DEFECTS,NOT ON SCENE (DESK REPORT),NO INJURY / DRIVE AWAY,Y,,Y,"OVER $1,500",07/24/2025 05:15:00 PM,FOLLOWING TOO CLOSELY,NOT APPLICABLE,133,W,87TH ST,634,,,,,,,2,NO INDICATION OF INJURY,0,0,0,0,0,2,0,16,5,7,41.7361527525,-87.6279695727,POINT (-87.627969572737 41.736152752485)
769c84c03099ba21795cc31f1d6d213d8ba41af664ccebe8732aa18d07305121e565a98376c244146c42de790690fb0e59c89a561290b147a40f6a1b402dbb14,,07/24/2025 04:32:00 PM,30,NO CONTROLS,NO CONTROLS,CLEAR,DAYLIGHT,SIDESWIPE SAME DIRECTION,NOT DIVIDED,,STRAIGHT AND LEVEL,WET,NO DEFECTS,ON SCENE,NO INJURY / DRIVE AWAY,,,Y,$500 OR LESS,07/24/2025 05:09:00 PM,UNABLE TO DETERMINE,UNABLE TO DETERMINE,2355,S,WESTERN AVE,1034,,,,,,,2,NO INDICATION OF INJURY,0,0,0,0,0,2,0,16,5,7,41.8485826628,-87.6853941892,POINT (-87.685394189242 41.84858266277)
9a1fbd186c5c5884540f8625d83173cef4914598c63aed58835934e2a8cbad3b042c90c64f749fe0fd7fc163b8312718569378160212e09935f42e827f216b37,,07/24/2025 04:32:00 PM,30,TRAFFIC SIGNAL,FUNCTIONING PROPERLY,CLEAR,DAYLIGHT,SIDESWIPE SAME DIRECTION,DIVIDED - W/MEDIAN (NOT RAISED),,STRAIGHT AND LEVEL,DRY,NO DEFECTS,ON SCENE,NO INJURY / DRIVE AWAY,,,,"$501 - $1,500",07/24/2025 04:50:00 PM,FAILING TO REDUCE SPEED TO AVOID CRASH,IMPROPER LANE USAGE,5948,W,FULLERTON AVE,2515,,,,,,,2,NO INDICATION OF INJURY,0,0,0,0,0,3,0,16,5,7,41.9239436905,-87.7752676733,POINT (-87.77526767328 41.923943690482)
18e2fea1648f69c604f4f4c7ae3088cacbf4ec98dbc6a7513d19827f4e11d5eca195a4fde00de8846162c7f3d00aa5397aa238776cc20273153e1959c8103a76,,07/24/2025 04:30:00 PM,30,STOP SIGN/FLASHER,FUNCTIONING PROPERLY,RAIN,DUSK,ANGLE,DIVIDED - W/MEDIAN BARRIER,,STRAIGHT AND LEVEL,WET,UNKNOWN,NOT ON SCENE (DESK REPORT),INJURY AND / OR TOW DUE TO CRASH,,,,"OVER $1,500",07/24/2025 04:30:00 PM,FAILING TO YIELD RIGHT-OF-WAY,NOT APPLICABLE,7200,S,STONY ISLAND AVE,324,,,,,,,2,NO INDICATION OF INJURY,0,0,0,0,0,2,0,16,5,7,41.764185795,-87.5864263891,POINT (-87.586426389081 41.764185795037)
26440bf9d267200865699b1c415fe575b6380668751b98cc189b4f110a1b861b834d82cc02fdc93018d544424da6d6d4ebbb73d3086807a077519fd388750615,,07/24/2025 04:30:00 PM,30,RAILROAD CROSSING GATE,FUNCTIONING PROPERLY,CLOUDY/OVERCAST,DAYLIGHT,REAR END,DIVIDED - W/MEDIAN BARRIER,,STRAIGHT AND LEVEL,WET,NO DEFECTS,NOT ON SCENE (DESK REPORT),NO INJURY / DRIVE AWAY,Y,,,"$501 - $1,500",07/24/2025 05:51:00 PM,DRIVING SKILLS/KNOWLEDGE/EXPERIENCE,NOT APPLICABLE,9030,S,HALSTED ST,2223,,,,,,,2,NO INDICATION OF INJURY,0,0,0,0,0,3,0,16,5,7,41.7299018997,-87.6435941291,POINT (-87.643594129088 41.729901899714)
4e99682a2dcd736ac894b98d5f70247d55f95c03013276e203eccc4b735f232dc11b6c0ed31090dcd15ea03466391b1ae18416383e2951fe25ac21bc27690a11,Y,07/24/2025 04:30:00 PM,20,TRAFFIC SIGNAL,FUNCTIONING PROPERLY,RAIN,DAYLIGHT,SIDESWIPE SAME DIRECTION,OTHER,,STRAIGHT AND LEVEL,WET,NO DEFECTS,NOT ON SCENE (DESK REPORT),NO INJURY / DRIVE AWAY,Y,,Y,"OVER $1,500",07/24/2025 05:05:00 PM,UNABLE TO DETERMINE,UNABLE TO DETERMINE,10020,W,BALMORAL AVE,1654,,,,,,,2,NO INDICATION OF INJURY,0,0,0,0,0,2,0,16,5,7,,,
70d3acc5628406abe3fdfbb5b725f44460af4825fad44f370184d882317324a4becc595055793d2bdb3d36ac7ad457d53898d09482ae47a885b03ee45d8c1c66,,07/24/2025 04:30:00 PM,30,TRAFFIC SIGNAL,FUNCTIONING PROPERLY,CLEAR,DAYLIGHT,ANGLE,NOT DIVIDED,,STRAIGHT AND LEVEL,DRY,NO DEFECTS,NOT ON SCENE (DESK REPORT),NO INJURY / DRIVE AWAY,Y,,,"OVER $1,500",07/25/2025 02:40:00 PM,UNABLE TO DETERMINE,NOT APPLICABLE,3202,W,CERMAK RD,1022,,,,,,,2,NO INDICATION OF INJURY,0,0,0,0,0,2,0,16,5,7,41.8518730578,-87.7053867839,POINT (-87.70538678386 41.851873057835)
9be7cf8c5e0d7e00ecacff32e2a5ddaf5e9724246eca3263bde5cf711e960d5297057ad569581d652f4fd0dd89aec01a431cbd4f690de30c3107a7629939b8d0,,07/24/2025 04:30:00 PM,30,TRAFFIC SIGNAL,UNKNOWN,CLEAR,DAYLIGHT,SIDESWIPE SAME DIRECTION,FOUR WAY,,STRAIGHT AND LEVEL,UNKNOWN,UNKNOWN,NOT ON SCENE (DESK REPORT),NO INJURY / DRIVE AWAY,Y,,,"$501 - $1,500",07/25/2025 06:45:00 PM,NOT APPLICABLE,NOT APPLICABLE,3500,S,WESTERN AVE,911,,,,,,,2,NO INDICATION OF INJURY,0,0,0,0,0,2,0,16,5,7,41.8301872553,-87.6851779251,POINT (-87.685177925102 41.830187255269)
b7464b2b87a8e88d8894555142db86dd837cd0771e59782b2f3a668daf5073b3ee6ac48525ed264d4b8bcd10fc7b4f5e41770a7179fc5ae18c7319df3375e3b7,,07/24/2025 04:30:00 PM,30,TRAFFIC SIGNAL,FUNCTIONING PROPERLY,CLEAR,DAYLIGHT,REAR TO FRONT,NOT DIVIDED,,STRAIGHT AND LEVEL,UNKNOWN,UNKNOWN,NOT ON SCENE (DESK REPORT),NO INJURY / DRIVE AWAY,,,,"OVER $1,500",07/24/2025 05:09:00 PM,UNABLE TO DETERMINE,NOT APPLICABLE,1134,W,ARGYLE ST,2033,,,,,,,2,NO INDICATION OF INJURY,0,0,0,0,0,2,0,16,5,7,41.9733634558,-87.6592028007,POINT (-87.659202800722 41.973363455816)