CRASH_RECORD_ID,CRASH_DATE_EST_I,CRASH_DATE,POSTED_SPEED_LIMIT,TRAFFIC_CONTROL_DEVICE,DEVICE_CONDITION,WEATHER_CONDITION,LIGHTING_CONDITION,FIRST_CRASH_TYPE,TRAFFICWAY_TYPE,LANE_CNT,ALIGNMENT,ROADWAY_SURFACE_COND,ROAD_DEFECT,REPORT_TYPE,CRASH_TYPE,INTERSECTION_RELATED_I,NOT_RIGHT_OF_WAY_I,HIT_AND_RUN_I,DAMAGE,DATE_POLICE_NOTIFIED,PRIM_CONTRIBUTORY_CAUSE,SEC_CONTRIBUTORY_CAUSE,STREET_NO,STREET_DIRECTION,STREET_NAME,BEAT_OF_OCCURRENCE,PHOTOS_TAKEN_I,STATEMENTS_TAKEN_I,DOORING_I,WORK_ZONE_I,WORK_ZONE_TYPE,WORKERS_PRESENT_I,NUM_UNITS,MOST_SEVERE_INJURY,INJURIES_TOTAL,INJURIES_FATAL,INJURIES_INCAPACITATING,INJURIES_NON_INCAPACITATING,INJURIES_REPORTED_NOT_EVIDENT,INJURIES_NO_INDICATION,INJURIES_UNKNOWN,CRASH_HOUR,CRASH_DAY_OF_WEEK,CRASH_MONTH,LATITUDE,LONGITUDE,LOCATION
fd1627458dff50e930f1a89b6c9197170d17349c31d6ec0e1901f3e644f2a1f092b8b2c9fd288a134995e28de7792b13bd4cfeca4108222c113106e8433d04d1,,07/24/2025 04:30:00 PM,25,TRAFFIC SIGNAL,UNKNOWN,RAIN,DAYLIGHT,ANGLE,FOUR WAY,,STRAIGHT AND LEVEL,WET,UNKNOWN,NOT ON SCENE (DESK REPORT),NO INJURY / DRIVE AWAY,Y,,,"OVER $1,500",07/24/2025 06:40:00 PM,FAILING TO YIELD RIGHT-OF-WAY,UNABLE TO DETERMINE,1600,N,ELSTON AVE,1433,,,,,,,2,NO INDICATION OF INJURY,0,0,0,0,0,3,0,16,5,7,41.9107069969,-87.6623272446,POINT (-87.662327244597 41.910706996881)
9f0de4d47add2d2a35217a8002bdc6f7653d44ecd51203d1d80f6f7e2d9314b916b3a4ad87256454bc58cac656a5bb9c81d9c012b2077900eb067531ddd465d8,,07/24/2025 04:27:00 PM,25,TRAFFIC SIGNAL,FUNCTIONING PROPERLY,OTHER,DAYLIGHT,SIDESWIPE SAME DIRECTION,DIVIDED - W/MEDIAN (NOT RAISED),,STRAIGHT AND LEVEL,WET,NO DEFECTS,ON SCENE,NO INJURY / DRIVE AWAY,N,,,"OVER $1,500",07/24/2025 04:27:00 PM,UNABLE TO DETERMINE,UNABLE TO DETERMINE,3200,W,ROOSEVELT RD,1134,,,,,,,2,NO INDICATION OF INJURY,0,0,0,0,0,2,0,16,5,7,41.8665138882,-87.705733599,POINT (-87.705733599026 41.866513888192)
e62cdf535ae8bd62308bee5a4c4746786c83fb8f5089dc0c5c816aaa8a84bea6217fe7a3ffc41b0fab9ab7a921b4cce196f918fbf1e0685532a99ad5975ea521,,07/24/2025 04:22:00 PM,30,TRAFFIC SIGNAL,FUNCTIONING PROPERLY,RAIN,DAYLIGHT,TURNING,FOUR WAY,,STRAIGHT AND LEVEL,WET,NO DEFECTS,ON SCENE,INJURY AND / OR TOW DUE TO CRASH,Y,,,"OVER $1,500",07/24/2025 04:29:00 PM,DISREGARDING TRAFFIC SIGNALS,NOT APPLICABLE,6700,S,ASHLAND AVE,725,,,,,,,2,NONINCAPACITATING INJURY,1,0,0,1,0,1,0,16,5,7,41.7720982328,-87.6641646176,POINT (-87.664164617596 41.77209823278)
e7b0bb6b0ff7186e4e7aefe58c7b29c9e149672b4934f6ae8e8200184da11c3e1e833689a6cf39af5417be36c7929a4f999e0ff946a1a7b8e7d518c4abed5a02,,07/24/2025 04:21:00 PM,30,NO CONTROLS,NO CONTROLS,RAIN,DAYLIGHT,REAR END,NOT DIVIDED,,STRAIGHT AND LEVEL,WET,UNKNOWN,ON SCENE,NO INJURY / DRIVE AWAY,,,Y,"$501 - $1,500",07/24/2025 04:33:00 PM,FOLLOWING TOO CLOSELY,FOLLOWING TOO CLOSELY,9364,S,EWING AVE,432,,,,,,,2,NO INDICATION OF INJURY,0,0,0,0,0,2,0,16,5,7,41.7259026476,-87.5391415633,POINT (-87.539141563329 41.72590264757)
f275df35b0463d2a6d5459e3ea06145e8453311bce0bfed05960642e76d6e9c3654ffa67e8287bd6e3387349ee51aeab1e1e1c4cf67964f9fc6b028e644ec836,,07/24/2025 04:21:00 PM,30,TRAFFIC SIGNAL,FUNCTIONING PROPERLY,CLEAR,DAYLIGHT,TURNING,FOUR WAY,,STRAIGHT AND LEVEL,DRY,NO DEFECTS,ON SCENE,NO INJURY / DRIVE AWAY,Y,,,"OVER $1,500",07/24/2025 04:27:00 PM,FAILING TO YIELD RIGHT-OF-WAY,NOT APPLICABLE,150,N,WACKER DR,122,,,,,,,2,NO INDICATION OF INJURY,0,0,0,0,0,2,0,16,5,7,41.884525461,-87.6372163925,POINT (-87.637216392475 41.884525460956)
a7abd7b639555e055891aa4b68bee1ce19fb534457d78299c0289e6056a6d2d059bbf11029a8ef8e384c259823043f4e7eb55d9f9ffe1cde9eee739fd18229fb,,07/24/2025 04:20:00 PM,30,UNKNOWN,UNKNOWN,RAIN,DAYLIGHT,ANGLE,FOUR WAY,,STRAIGHT AND LEVEL,WET,NO DEFECTS,ON SCENE,NO INJURY / DRIVE AWAY,Y,,,"$501 - $1,500",07/24/2025 04:27:00 PM,FAILING TO REDUCE SPEED TO AVOID CRASH,FAILING TO REDUCE SPEED TO AVOID CRASH,5700,S,STATE ST,232,,Y,,,,,2,NO INDICATION OF INJURY,0,0,0,0,0,3,0,16,5,7,41.7909526156,-87.6257524629,POINT (-87.625752462886 41.790952615603)
22faf9a083b9783b025d0149d1f6dffb690f60083197248692253d8a1a2e49872c49a63049c9a9d73750f40b4429d41464bd5a4da8cb75ad01583a26e431b902,,07/24/2025 04:17:00 PM,25,NO CONTROLS,NO CONTROLS,CLEAR,DAYLIGHT,PARKED MOTOR VEHICLE,NOT DIVIDED,,STRAIGHT AND LEVEL,WET,NO DEFECTS,ON SCENE,NO INJURY / DRIVE AWAY,,,,"$501 - $1,500",07/24/2025 05:42:00 PM,UNABLE TO DETERMINE,NOT APPLICABLE,723,W,IRVING PARK RD,1925,,,,,,,2,NO INDICATION OF INJURY,0,0,0,0,0,1,0,16,5,7,41.9544686663,-87.6487487648,POINT (-87.64874876483 41.954468666312)
e206534cd2f428eb99edeec1df90daca4355fe4148361a59ca946157b242d0be759817b08fe25d7b11a6eeab7cd50b6131b1f826477232d5f180604f8554a240,,07/24/2025 04:12:00 PM,30,TRAFFIC SIGNAL,FUNCTIONING PROPERLY,RAIN,DAYLIGHT,REAR END,FOUR WAY,,STRAIGHT AND LEVEL,WET,NO DEFECTS,NOT ON SCENE (DESK REPORT),NO INJURY / DRIVE AWAY,Y,,,"$501 - $1,500",07/24/2025 04:55:00 PM,WEATHER,NOT APPLICABLE,10300,S,HALSTED ST,2232,,,,,,,2,NO INDICATION OF INJURY,0,0,0,0,0,2,0,16,5,7,41.7068233366,-87.6429774693,POINT (-87.642977469284 41.706823336585)
4a8208b6fd4339b6a9c3244fa561b3eb72f43aca906fe3d17cdce802dd7369c86971d52b8de41ddc7e920e4e26e2c13b1e939c253ea0a53d47e0e7afb7bedff4,Y,07/24/2025 04:00:00 PM,30,NO CONTROLS,NO CONTROLS,UNKNOWN,DAYLIGHT,PARKED MOTOR VEHICLE,NOT DIVIDED,,STRAIGHT AND LEVEL,UNKNOWN,NO DEFECTS,NOT ON SCENE (DESK REPORT),NO INJURY / DRIVE AWAY,,,Y,"OVER $1,500",07/24/2025 05:22:00 PM,FOLLOWING TOO CLOSELY,NOT APPLICABLE,167,W,ELM ST,1824,,,,,,,2,NO INDICATION OF INJURY,0,0,0,0,0,1,0,16,5,7,41.9027792736,-87.6340786333,POINT (-87.634078633327 41.902779273562)
7a3847d59105ee880d8b51d0b6f17a16627b32a2906109b904182b01ccb73063aa26d449def21b82dedc2b9b80bfca26efd31adaffe419180d4608b3e526624f,,07/24/2025 04:00:00 PM,30,NO CONTROLS,NO CONTROLS,CLEAR,DAYLIGHT,PARKED MOTOR VEHICLE,T-INTERSECTION,,STRAIGHT AND LEVEL,DRY,NO DEFECTS,NOT ON SCENE (DESK REPORT),NO INJURY / DRIVE AWAY,Y,,,"OVER $1,500",07/25/2025 10:15:00 AM,UNABLE TO DETERMINE,NOT APPLICABLE,2222,N,CICERO AVE,2522,,,,,,,2,NO INDICATION OF INJURY,0,0,0,0,0,1,0,16,5,7,41.9212989388,-87.7463744267,POINT (-87.746374426686 41.921298938797)
b3e4aa0d388741611f055b58c9c318fcc61e33e21e96fbeb259821d79490925ef05d946ef97d5193c06141c712ac2737a2598a6581c247cb021a05c8e9dc6d7a,,07/24/2025 04:00:00 PM,30,TRAFFIC SIGNAL,NO CONTROLS,CLEAR,DAYLIGHT,TURNING,NOT DIVIDED,,STRAIGHT AND LEVEL,DRY,NO DEFECTS,NOT ON SCENE (DESK REPORT),INJURY AND / OR TOW DUE TO CRASH,,,Y,"$501 - $1,500",07/25/2025 05:30:00 PM,IMPROPER TURNING/NO SIGNAL,NOT APPLICABLE,6640,S,KEDZIE AVE,831,,,,,,,2,NONINCAPACITATING INJURY,1,0,0,1,0,2,0,16,5,7,41.7723008281,-87.7031316548,POINT (-87.703131654809 41.772300828084)
e12b2069320f1757e7312aac755fdd975c18c669114e827c7779e4c4345b138166263aa14e2022ff6b35ba223bef097f27c71fe398cef9d8cc3faf9df560c02f,,07/24/2025 03:58:00 PM,30,NO CONTROLS,NO CONTROLS,RAIN,DAWN,TURNING,NOT DIVIDED,,STRAIGHT AND LEVEL,WET,UNKNOWN,ON SCENE,NO INJURY / DRIVE AWAY,,,Y,"OVER $1,500",07/24/2025 03:59:00 PM,DISREGARDING ROAD MARKINGS,DRIVING ON WRONG SIDE/WRONG WAY,2416,W,ROOSEVELT RD,1135,,,,,,,2,NO INDICATION OF INJURY,0,0,0,0,0,2,0,15,5,7,41.866715979,-87.6865206283,POINT (-87.686520628323 41.866715978957)
9b0efb16ec8e2552eff2bd27088bde18fe468e5b83b3d356cb0d19166c6f137bf39eeb98439144ac7605fc843d0173c984b84ed3bffd3c1ca8e19fd13c0642b0,,07/24/2025 03:57:00 PM,30,NO CONTROLS,NO CONTROLS,CLEAR,DAYLIGHT,PARKED MOTOR VEHICLE,NOT DIVIDED,,STRAIGHT AND LEVEL,UNKNOWN,UNKNOWN,NOT ON SCENE (DESK REPORT),NO INJURY / DRIVE AWAY,,,Y,$500 OR LESS,07/24/2025 04:48:00 PM,UNABLE TO DETERMINE,UNABLE TO DETERMINE,7944,S,KIMBARK AVE,411,,,,,,,2,NO INDICATION OF INJURY,0,0,0,0,0,2,0,15,5,7,41.7500754737,-87.5931681886,POINT (-87.593168188583 41.750075473706)
4299b6ba0a99e8c5931c7b87c84e9235443d44359cbf083e2ca90d9c57bb6702cb363f1b279fd76d9c0f325af593d5f759d774785c346e80910990aa6361965c,,07/24/2025 03:55:00 PM,30,TRAFFIC SIGNAL,FUNCTIONING PROPERLY,RAIN,DAYLIGHT,PARKED MOTOR VEHICLE,NOT DIVIDED,,STRAIGHT AND LEVEL,WET,NO DEFECTS,ON SCENE,NO INJURY / DRIVE AWAY,N,,,"OVER $1,500",07/24/2025 04:00:00 PM,WEATHER,FAILING TO REDUCE SPEED TO AVOID CRASH,6450,S,AUSTIN AVE,812,,,,,,,2,NO INDICATION OF INJURY,0,0,0,0,0,1,0,15,5,7,41.7745053162,-87.7715104635,POINT (-87.771510463548 41.77450531617)
43fb8840c86de9312e9f209d369bd416962ea8fe2b623930bd90e5737768494805a60729118d048dc4d5c0d108ce859be68d978753b1486ff3d8bf45c821e9d5,,07/24/2025 03:50:00 PM,30,NO CONTROLS,NO CONTROLS,CLOUDY/OVERCAST,DAYLIGHT,OTHER NONCOLLISION,DIVIDED - W/MEDIAN (NOT RAISED),,STRAIGHT AND LEVEL,WET,"RUT, HOLES",ON SCENE,INJURY AND / OR TOW DUE TO CRASH,,,,"OVER $1,500",07/24/2025 03:51:00 PM,ROAD ENGINEERING/SURFACE/MARKING DEFECTS,NOT APPLICABLE,4318,W,LAWRENCE AVE,1712,,,,,,,1,NO INDICATION OF INJURY,0,0,0,0,0,2,0,15,5,7,41.968261657,-87.736209783,POINT (-87.736209782986 41.968261656967)
4b87ac93a37fd15e69a8dbbb99bdc8686c07f6450bc5318f8379ac5a51d2a30e6469b0db3b4d098c4c24c5378d49674f25b02a8e0b8faa3625f72d029ba29431,,07/24/2025 03:50:00 PM,30,TRAFFIC SIGNAL,FUNCTIONING PROPERLY,RAIN,DAYLIGHT,REAR END,DIVIDED - W/MEDIAN (NOT RAISED),,STRAIGHT AND LEVEL,WET,NO DEFECTS,ON SCENE,NO INJURY / DRIVE AWAY,,,Y,"OVER $1,500",07/24/2025 03:50:00 PM,FOLLOWING TOO CLOSELY,FOLLOWING TOO CLOSELY,3575,N,MILWAUKEE AVE,1731,,,,,,,2,NO INDICATION OF INJURY,0,0,0,0,0,3,0,15,5,7,41.9457473507,-87.7345356755,POINT (-87.734535675543 41.94574735072)
d66d4b6d3daf813dac6026e02f3ddecf7ead2bc6ae3b53cf18101e83395088cc7d72dad259f0bef8944b19f5c9e195fd634233db2b6ea34c31725c5d075c9c5a,,07/24/2025 03:50:00 PM,30,TRAFFIC SIGNAL,FUNCTIONING PROPERLY,CLEAR,DAYLIGHT,REAR END,DIVIDED - W/MEDIAN (NOT RAISED),,STRAIGHT AND LEVEL,DRY,NO DEFECTS,ON SCENE,NO INJURY / DRIVE AWAY,,,,$500 OR LESS,07/24/2025 03:52:00 PM,FOLLOWING TOO CLOSELY,NOT APPLICABLE,998,S,ASHLAND AVE,1231,,,,,,,2,NO INDICATION OF INJURY,0,0,0,0,0,2,0,15,5,7,41.8693195024,-87.666609962,POINT (-87.666609961952 41.869319502409)
4f9e56e1fce14d32a52791b9e346208550782dbbdda0531422949aef37873d10c7c4a2bc489aaa0252eea4565c208adcbbd84987706368887505c110acc86dc2,,07/24/2025 03:45:00 PM,30,NO CONTROLS,NO CONTROLS,RAIN,DAWN,REAR END,NOT DIVIDED,,STRAIGHT AND LEVEL,WET,NO DEFECTS,NOT ON SCENE (DESK REPORT),NO INJURY / DRIVE AWAY,,,,"$501 - $1,500",07/24/2025 04:40:00 PM,WEATHER,WEATHER,9642,S,DR MARTIN LUTHER KING JR DR,511,,,,,,,3,NO INDICATION OF INJURY,0,0,0,0,0,4,0,15,5,7,41.71879156,-87.6142118206,POINT (-87.61421182056 41.718791559986)
9fb59bd5f104e27a77ed65c39f79a0ab4b2a614f62db539f0fe8efd6debe06009de437c587afb44940d15f1a6d08d9e76395f3102df85b482b9de606f30ef713,,07/24/2025 03:45:00 PM,20,NO CONTROLS,NO CONTROLS,RAIN,DAYLIGHT,FIXED OBJECT,ALLEY,,STRAIGHT AND LEVEL,WET,NO DEFECTS,ON SCENE,NO INJURY / DRIVE AWAY,,N,Y,"OVER $1,500",07/24/2025 04:16:00 PM,UNABLE TO DETERMINE,UNABLE TO DETERMINE,11940,S,WENTWORTH AVE,522,,,,,,,1,NO INDICATION OF INJURY,0,0,0,0,0,1,0,15,5,7,41.6767477694,-87.6275794775,POINT (-87.627579477532 41.676747769411)
bb35a1292c9dd35618dde573a906707e5af621dc4a79c56be637b92b1f7d81f58ea9ef1faf00ac338471c398973983a320a42f3b48954173e586d0813c320b36,Y,07/24/2025 03:45:00 PM,30,NO CONTROLS,FUNCTIONING PROPERLY,RAIN,DUSK,REAR END,NOT DIVIDED,,STRAIGHT AND LEVEL,WET,UNKNOWN,NOT ON SCENE (DESK REPORT),NO INJURY / DRIVE AWAY,,,,"$501 - $1,500",07/24/2025 04:00:00 PM,UNABLE TO DETERMINE,NOT APPLICABLE,1900,N,CLYBOURN AVE,1811,,,,,,,2,NO INDICATION OF INJURY,0,0,0,0,0,2,0,15,5,7,41.915481005,-87.6560952672,POINT (-87.656095267197 41.915481005049)
49d0f907f01ac750d334cace616088333d7d5814f44f9bc21a8cdbd94e779132625a0f4a13e7ac7aa64436d801974710503ed536e32c5d66db70b13f41075cb1,,07/24/2025 03:43:00 PM,30,UNKNOWN,UNKNOWN,UNKNOWN,UNKNOWN,TURNING,FOUR WAY,,STRAIGHT AND LEVEL,UNKNOWN,UNKNOWN,NOT ON SCENE (DESK REPORT),NO INJURY / DRIVE AWAY,Y,,,"OVER $1,500",07/24/2025 04:30:00 PM,UNABLE TO DETERMINE,NOT APPLICABLE,6200,N,SHERIDAN RD,2433,,,,,,,2,NO INDICATION OF INJURY,0,0,0,0,0,3,0,15,5,7,41.9946870986,-87.6556745525,POINT (-87.655674552491 41.994687098576)
2b9bf86517b5a4b12abd43607378981f731b5f4b52525bb1c82051c052952d9c9f108143d6ec461d8d341aee66c5a88b4f435d2dfa16516f1a5a5e2fcb544799,,07/24/2025 03:42:00 PM,30,TRAFFIC SIGNAL,NOT FUNCTIONING,RAIN,DUSK,ANGLE,FOUR WAY,,STRAIGHT AND LEVEL,WET,NO DEFECTS,ON SCENE,INJURY AND / OR TOW DUE TO CRASH,Y,,,"OVER $1,500",07/24/2025 03:46:00 PM,WEATHER,NOT APPLICABLE,700,W,51ST ST,935,,,,,,,2,NONINCAPACITATING INJURY,1,0,0,1,0,3,0,15,5,7,41.801735563,-87.6429667447,POINT (-87.642966744662 41.801735562989)
5e00e4657cb254cc35104bb933d324dc5d5ede0764157e70ab4697f28fef052c9397c16c24ce8b870322ec61fee6762dc5d94a25038b716eec6174d6fa6f5314,,07/24/2025 03:40:00 PM,30,NO CONTROLS,NO CONTROLS,RAIN,DAYLIGHT,SIDESWIPE SAME DIRECTION,NOT DIVIDED,,STRAIGHT AND LEVEL,WET,NO DEFECTS,NOT ON SCENE (DESK REPORT),NO INJURY / DRIVE AWAY,,,,"OVER $1,500",07/24/2025 04:30:00 PM,WEATHER,WEATHER,4616,W,CHICAGO AVE,1111,,,,,,,2,NO INDICATION OF INJURY,0,0,0,0,0,2,0,15,5,7,41.8951809127,-87.7421486818,POINT (-87.742148681806 41.895180912672)
e79d28fb23ed6c40e9d6f00d5d90acffb2c7aeb358b9ecb0ff8d4d3efaec9a8580f0b87a8a7e3ca209ade99e0b81ff43299e7280cdc55bce2b1080692a739a20,,07/24/2025 03:40:00 PM,30,TRAFFIC SIGNAL,NO CONTROLS,RAIN,DAYLIGHT,REAR END,NOT DIVIDED,,STRAIGHT AND LEVEL,WET,NO DEFECTS,NOT ON SCENE (DESK REPORT),NO INJURY / DRIVE AWAY,,,,"OVER $1,500",07/24/2025 04:10:00 PM,FAILING TO REDUCE SPEED TO AVOID CRASH,WEATHER,7599,N,RIDGE BLVD,2424,,,,,,,2,NO INDICATION OF INJURY,0,0,0,0,0,3,0,15,5,7,42.0194167743,-87.6844983422,POINT (-87.684498342185 42.019416774292)
0f2250b039b9d65cfbe5dd23e7203fd353c098fae7a5664d89bf31f98252050f27b4ecf987e5a08925883bbf1799ac8f452fcd951638c9b1e120e69b3dc77759,,07/24/2025 03:35:00 PM,30,NO CONTROLS,NO CONTROLS,RAIN,DAYLIGHT,PARKED MOTOR VEHICLE,NOT DIVIDED,,STRAIGHT AND LEVEL,WET,UNKNOWN,NOT ON SCENE (DESK REPORT),NO INJURY / DRIVE AWAY,,,Y,"OVER $1,500",07/24/2025 03:45:00 PM,UNABLE TO DETERMINE,UNABLE TO DETERMINE,5650,N,WESTERN AVE,2011,,,,,,,2,NO INDICATION OF INJURY,0,0,0,0,0,1,0,15,5,7,41.9846698015,-87.6896263317,POINT (-87.689626331684 41.984669801466)
3426a093f0761d5bcde07a5f19d1b4cef87325a11b60d53b64a685b13f6bc1b5e31a140feb7d016f16294ad63c9901e97f97db80b481800ad6f63ceefe5fd675,,07/24/2025 03:34:00 PM,30,TRAFFIC SIGNAL,FUNCTIONING PROPERLY,RAIN,DAYLIGHT,SIDESWIPE SAME DIRECTION,DIVIDED - W/MEDIAN (NOT RAISED),,STRAIGHT AND LEVEL,WET,NO DEFECTS,NOT ON SCENE (DESK REPORT),NO INJURY / DRIVE AWAY,,,,"$501 - $1,500",07/24/2025 07:50:00 PM,FAILING TO YIELD RIGHT-OF-WAY,NOT APPLICABLE,333,N,ORLEANS ST,1831,,,,,,,2,NO INDICATION OF INJURY,0,0,0,0,0,6,0,15,5,7,41.8883148691,-87.636478451,POINT (-87.636478451027 41.888314869149)
986b64bbb09995c9e08e430e2ac024f25027ca2aeb9dee5ae6c621182167ba9954b11927e0cdd9435ebb9eeffeb092f8f8a63a2bf5d2585bddf7bea808a388c1,,07/24/2025 03:30:00 PM,30,NO CONTROLS,NO CONTROLS,FREEZING RAIN/DRIZZLE,DAYLIGHT,REAR END,NOT DIVIDED,,STRAIGHT AND LEVEL,WET,NO DEFECTS,NOT ON SCENE (DESK REPORT),INJURY AND / OR TOW DUE TO CRASH,,,,"OVER $1,500",07/24/2025 04:29:00 PM,FOLLOWING TOO CLOSELY,NOT APPLICABLE,5700,S,CALIFORNIA AVE,824,,,,,,,2,NONINCAPACITATING INJURY,1,0,0,1,0,1,0,15,5,7,41.7899550138,-87.6938409939,POINT (-87.693840993851 41.789955013776)
c013c10062a3519d925be4a772472584bc78e727d9c987f597d83714364a93afb0613503a7e3c872b4d8a6c81c304acf6f1e245331cf4def6abefbfbfa13fd71,,07/24/2025 03:25:00 PM,20,UNKNOWN,UNKNOWN,RAIN,DAYLIGHT,PARKED MOTOR VEHICLE,ONE-WAY,,STRAIGHT AND LEVEL,WET,NO DEFECTS,ON SCENE,NO INJURY / DRIVE AWAY,,,,$500 OR LESS,07/24/2025 03:30:00 PM,FAILING TO REDUCE SPEED TO AVOID CRASH,WEATHER,4917,W,BLOOMINGDALE AVE,2533,,,,,,,4,NO INDICATION OF INJURY,0,0,0,0,0,1,0,15,5,7,41.9131220504,-87.7499784518,POINT (-87.749978451823 41.91312205044)
ec557708515ddd5839cae6914675d0f421248ae22432952e1775c895319771df1517bb6fc0ca010d64142f09a5d6d6e291434f4a8f40e0cc60da9b539e9e1dae,,07/24/2025 03:23:00 PM,30,NO CONTROLS,NO CONTROLS,CLOUDY/OVERCAST,DAYLIGHT,REAR END,NOT DIVIDED,,STRAIGHT AND LEVEL,DRY,NO DEFECTS,ON SCENE,INJURY AND / OR TOW DUE TO CRASH,,,,"$501 - $1,500",07/24/2025 03:43:00 PM,UNABLE TO DETERMINE,UNABLE TO DETERMINE,3055,W,DEVON AVE,2413,,N,,,,,2,NO INDICATION OF INJURY,0,0,0,0,0,3,0,15,5,7,41.9973254629,-87.7067100937,POINT (-87.706710093653 41.997325462889)
f26a489023111694a7a4a8cd41148623ca6d87d9db48b9aabf3935089c0eea6730b951ea9fc547bb9826e8d8f38e507ec208a8ab3a7bdb42111ffb52dfb4d8ed,,07/24/2025 03:22:00 PM,30,TRAFFIC SIGNAL,UNKNOWN,RAIN,DAYLIGHT,SIDESWIPE SAME DIRECTION,FOUR WAY,,STRAIGHT AND LEVEL,WET,UNKNOWN,ON SCENE,NO INJURY / DRIVE AWAY,Y,,Y,"OVER $1,500",07/24/2025 03:37:00 PM,UNABLE TO DETERMINE,NOT APPLICABLE,3350,W,ADDISON ST,1733,,,,,,,2,NO INDICATION OF INJURY,0,0,0,0,0,2,0,15,5,7,41.9466838776,-87.7123414869,POINT (-87.712341486885 41.946683877558)
b482e871861f30f31e545f44f8c0ff0a53a6398044af4184401f6d71d7b077e972672abea795f73938adc636273dfc8d90f9c3f9e0e254a153303b95d4394bda,,07/24/2025 03:19:00 PM,30,NO CONTROLS,NO CONTROLS,RAIN,DAYLIGHT,PEDESTRIAN,NOT DIVIDED,,STRAIGHT AND LEVEL,WET,UNKNOWN,NOT ON SCENE (DESK REPORT),NO INJURY / DRIVE AWAY,,,Y,"OVER $1,500",08/14/2025 11:43:00 AM,UNABLE TO DETERMINE,UNABLE TO DETERMINE,333,N,CANAL ST,1214,,,,,,,2,NO INDICATION OF INJURY,0,0,0,0,0,2,0,15,5,7,41.887872174,-87.6398061805,POINT (-87.639806180502 41.887872173955)
033f4c2c629444580f7a40ab2768aaaa94e2c0b8627dd848e5bc374ffb692e41d75532b3826a26896739f055debdbf33d7eff4c80bd33e6f6443e1a004834a0b,,07/24/2025 03:15:00 PM,30,TRAFFIC SIGNAL,FUNCTIONING PROPERLY,RAIN,DAYLIGHT,REAR END,DIVIDED - W/MEDIAN (NOT RAISED),,STRAIGHT AND LEVEL,WET,NO DEFECTS,NOT ON SCENE (DESK REPORT),NO INJURY / DRIVE AWAY,,,,"OVER $1,500",07/24/2025 07:00:00 PM,FAILING TO REDUCE SPEED TO AVOID CRASH,NOT APPLICABLE,4000,N,ASHLAND AVE,1912,,,,,,,2,NO INDICATION OF INJURY,0,0,0,0,0,2,0,15,5,7,41.9543793262,-87.6691991198,POINT (-87.669199119804 41.954379326213)
309ee76f0e96026ee352b3bc030926b49cbc11fa79c44fe40fecbb2745f840254ae5b63ed547ec5e5d7af462451370a483b08115753839a68c28040b21aaf59f,,07/24/2025 03:15:00 PM,30,TRAFFIC SIGNAL,NO CONTROLS,RAIN,UNKNOWN,REAR END,UNKNOWN,,STRAIGHT AND LEVEL,WET,UNKNOWN,NOT ON SCENE (DESK REPORT),NO INJURY / DRIVE AWAY,,,,"OVER $1,500",07/25/2025 07:00:00 PM,UNABLE TO DETERMINE,UNABLE TO DETERMINE,2400,W,LOGAN BLVD,1411,,,,,,,2,NO INDICATION OF INJURY,0,0,0,0,0,2,0,15,5,7,41.9287113217,-87.6878827514,POINT (-87.687882751439 41.928711321724)
e912b55acf21df53a4383adab9eb249c13d8b6735ad26db42200467e88e26111773dc7887a215fbbfe94a53c4e925e21ece3560c7a9ed76d70d7669b82519d62,,07/24/2025 03:14:00 PM,30,TRAFFIC SIGNAL,FUNCTIONING PROPERLY,RAIN,DAYLIGHT,TURNING,NOT DIVIDED,,STRAIGHT AND LEVEL,WET,UNKNOWN,ON SCENE,INJURY AND / OR TOW DUE TO CRASH,Y,,Y,"OVER $1,500",07/24/2025 03:14:00 PM,DISREGARDING TRAFFIC SIGNALS,DISREGARDING TRAFFIC SIGNALS,2800,W,DEVON AVE,2412,,,,,,,2,NO INDICATION OF INJURY,0,0,0,0,0,5,0,15,5,7,41.9976695229,-87.6997064232,POINT (-87.699706423246 41.997669522861)
67af4e5bcd3582f20f5c4b8bbc0944727e9d79f5161b5bb47aa3a559b05a07b369d4d7e21b49ea24fa36b847019d3bec4c2542f59b368fa604d262e3bf4ec627,,07/24/2025 03:12:00 PM,30,NO CONTROLS,NO CONTROLS,RAIN,DUSK,PARKED MOTOR VEHICLE,NOT DIVIDED,,STRAIGHT AND LEVEL,WET,NO DEFECTS,NOT ON SCENE (DESK REPORT),NO INJURY / DRIVE AWAY,,,,"OVER $1,500",07/30/2025 04:15:00 PM,IMPROPER BACKING,NOT APPLICABLE,8147,S,KENNETH AVE,834,,,,,,,2,NO INDICATION OF INJURY,0,0,0,0,0,1,0,15,5,7,41.7442336017,-87.7327807876,POINT (-87.732780787552 41.744233601717)
2190af2e4c5210f038ac43360a19b6b635faf848e047e53b0c1ef262fe4a1cbead625c2d6b964a3f8670ddc3076a42f69ca6badec9118329692b292936defcd5,,07/24/2025 03:10:00 PM,20,TRAFFIC SIGNAL,FUNCTIONING PROPERLY,CLEAR,DAYLIGHT,ANGLE,FOUR WAY,,STRAIGHT AND LEVEL,DRY,NO DEFECTS,ON SCENE,INJURY AND / OR TOW DUE TO CRASH,Y,,,"OVER $1,500",07/24/2025 03:16:00 PM,DISREGARDING TRAFFIC SIGNALS,FAILING TO REDUCE SPEED TO AVOID CRASH,1199,S,SACRAMENTO BLVD,1135,,,,,,,2,NO INDICATION OF INJURY,0,0,0,0,0,2,0,15,5,7,41.866549517,-87.7006439607,POINT (-87.700643960733 41.866549517022)