CRASH_RECORD_ID,CRASH_DATE_EST_I,CRASH_DATE,POSTED_SPEED_LIMIT,TRAFFIC_CONTROL_DEVICE,DEVICE_CONDITION,WEATHER_CONDITION,LIGHTING_CONDITION,FIRST_CRASH_TYPE,TRAFFICWAY_TYPE,LANE_CNT,ALIGNMENT,ROADWAY_SURFACE_COND,ROAD_DEFECT,REPORT_TYPE,CRASH_TYPE,INTERSECTION_RELATED_I,NOT_RIGHT_OF_WAY_I,HIT_AND_RUN_I,DAMAGE,DATE_POLICE_NOTIFIED,PRIM_CONTRIBUTORY_CAUSE,SEC_CONTRIBUTORY_CAUSE,STREET_NO,STREET_DIRECTION,STREET_NAME,BEAT_OF_OCCURRENCE,PHOTOS_TAKEN_I,STATEMENTS_TAKEN_I,DOORING_I,WORK_ZONE_I,WORK_ZONE_TYPE,WORKERS_PRESENT_I,NUM_UNITS,MOST_SEVERE_INJURY,INJURIES_TOTAL,INJURIES_FATAL,INJURIES_INCAPACITATING,INJURIES_NON_INCAPACITATING,INJURIES_REPORTED_NOT_EVIDENT,INJURIES_NO_INDICATION,INJURIES_UNKNOWN,CRASH_HOUR,CRASH_DAY_OF_WEEK,CRASH_MONTH,LATITUDE,LONGITUDE,LOCATION
76a1cbb737929f314d20213d556d784c654ca07c4334a634030d86982148f2742596ab6ba3b30720845341e741373d5eb23fc66a0dbf4bfc75e2cf9e0c5a2cef,,07/24/2025 03:10:00 PM,20,TRAFFIC SIGNAL,NOT FUNCTIONING,RAIN,DAYLIGHT,ANGLE,FOUR WAY,,STRAIGHT AND LEVEL,WET,NO DEFECTS,ON SCENE,INJURY AND / OR TOW DUE TO CRASH,Y,,N,"OVER $1,500",07/24/2025 03:14:00 PM,FAILING TO YIELD RIGHT-OF-WAY,NOT APPLICABLE,7901,S,KEDZIE AVE,835,,,,,,,3,NONINCAPACITATING INJURY,2,0,0,2,0,1,0,15,5,7,41.7497284151,-87.7022464674,POINT (-87.702246467369 41.749728415098)
240f8976c7c01a28a6d43c8470a7ca5c8b107082c1dbc87fb0fedc265cdbaefaa2f31b417e1922183209d6fa00f56b4eff66e3536467bdae87d7c335f5b6450d,,07/24/2025 03:05:00 PM,30,UNKNOWN,FUNCTIONING PROPERLY,RAIN,DAYLIGHT,SIDESWIPE SAME DIRECTION,DIVIDED - W/MEDIAN (NOT RAISED),,STRAIGHT AND LEVEL,WET,NO DEFECTS,ON SCENE,NO INJURY / DRIVE AWAY,,,,$500 OR LESS,07/24/2025 03:13:00 PM,IMPROPER OVERTAKING/PASSING,IMPROPER TURNING/NO SIGNAL,3321,S,CALIFORNIA AVE,911,,,,,,,2,NO INDICATION OF INJURY,0,0,0,0,0,2,0,15,5,7,41.8328467592,-87.6947776481,POINT (-87.694777648146 41.832846759244)
585a7e316f18e1c84d8a6433be60cb394bd498de05c6b3687cef2d4924b64f180279185590f7ff4e241f774ae3dc59b937c2471bf77f23d7d01c60a481a46917,,07/24/2025 03:05:00 PM,30,TRAFFIC SIGNAL,FUNCTIONING PROPERLY,CLEAR,DAYLIGHT,PEDALCYCLIST,FOUR WAY,,STRAIGHT AND LEVEL,DRY,UNKNOWN,NOT ON SCENE (DESK REPORT),INJURY AND / OR TOW DUE TO CRASH,Y,,,"OVER $1,500",07/24/2025 03:18:00 PM,FAILING TO REDUCE SPEED TO AVOID CRASH,NOT APPLICABLE,7100,S,JEFFERY BLVD,333,,,,,,,2,NONINCAPACITATING INJURY,1,0,0,1,0,1,0,15,5,7,41.7660277795,-87.5764431228,POINT (-87.576443122779 41.766027779516)
0b3c4ec309e19448b480b0a2c0fc6be9afbc22377fbf8c2008415b8d7dd3c746b693c5a000e2b50453442b94a69a411195d3c4fbe4b20eabb4c3e6ecc1155f15,,07/24/2025 03:00:00 PM,30,TRAFFIC SIGNAL,FUNCTIONING PROPERLY,UNKNOWN,UNKNOWN,REAR END,DIVIDED - W/MEDIAN (NOT RAISED),,STRAIGHT AND LEVEL,UNKNOWN,UNKNOWN,NOT ON SCENE (DESK REPORT),NO INJURY / DRIVE AWAY,Y,,,"OVER $1,500",07/29/2025 06:00:00 PM,FOLLOWING TOO CLOSELY,FOLLOWING TOO CLOSELY,3201,W,CHICAGO AVE,1121,,,,,,,2,NO INDICATION OF INJURY,0,0,0,0,0,2,0,15,5,7,41.8954430766,-87.7066154987,POINT (-87.706615498674 41.895443076637)
18edf445716ca040dbf7bd2734e3d2b3b8820f41aac0397a59f187359939935d7f1d605cab4faeb4170e015415a5af5fab942c94161f7ceb8cf8a156f8e57189,,07/24/2025 03:00:00 PM,30,STOP SIGN/FLASHER,NO CONTROLS,RAIN,DAYLIGHT,REAR END,NOT DIVIDED,,STRAIGHT AND LEVEL,WET,NO DEFECTS,NOT ON SCENE (DESK REPORT),NO INJURY / DRIVE AWAY,,,Y,$500 OR LESS,07/24/2025 05:00:00 PM,FOLLOWING TOO CLOSELY,NOT APPLICABLE,3258,S,ASHLAND AVE,912,,,,,,,2,NO INDICATION OF INJURY,0,0,0,0,0,3,0,15,5,7,41.834211493,-87.6658003184,POINT (-87.66580031837 41.834211492961)
320032ed78e16cbd4590d5721d87d115487aef969a54311f32e4fd2411c66c0d0232265100eadcb3a800883b169e1d7290973d6f440b6e71aef94824f652bc35,,07/24/2025 03:00:00 PM,30,TRAFFIC SIGNAL,UNKNOWN,CLEAR,DAYLIGHT,SIDESWIPE SAME DIRECTION,DIVIDED - W/MEDIAN (NOT RAISED),,STRAIGHT AND LEVEL,DRY,NO DEFECTS,NOT ON SCENE (DESK REPORT),NO INJURY / DRIVE AWAY,,,,$500 OR LESS,07/24/2025 07:00:00 PM,IMPROPER OVERTAKING/PASSING,NOT APPLICABLE,8,W,MADISON ST,112,,,,,,,2,NO INDICATION OF INJURY,0,0,0,0,0,2,0,15,5,7,41.8821257988,-87.6281026504,POINT (-87.628102650393 41.882125798759)
3b05502c581c17e1edbff827714efd6f5c0ee5ff5435f313e5c6b299c2c5b4fb76b0cfd94dc233b5e00b0d96a75aade549b0b27889c0ec788fbadc540b6ea83a,,07/24/2025 03:00:00 PM,15,NO CONTROLS,NO CONTROLS,CLEAR,DAYLIGHT,PARKED MOTOR VEHICLE,PARKING LOT,,STRAIGHT AND LEVEL,DRY,NO DEFECTS,ON SCENE,NO INJURY / DRIVE AWAY,,,Y,$500 OR LESS,07/24/2025 03:00:00 PM,NOT APPLICABLE,NOT APPLICABLE,2150,N,CALIFORNIA AVE,1414,,,,,,,2,NO INDICATION OF INJURY,0,0,0,0,0,1,0,15,5,7,41.9211033246,-87.6974518223,POINT (-87.697451822346 41.921103324637)
4e149a157c5a98655f202fe15c8d8877ab7f74c36b083d088d2af92fcfc6d220697bc9b0c8600830d92992df3b1cfb3a62745a7928e58a1429810976f2855bee,,07/24/2025 03:00:00 PM,30,TRAFFIC SIGNAL,FUNCTIONING PROPERLY,UNKNOWN,UNKNOWN,TURNING,FOUR WAY,,STRAIGHT AND LEVEL,UNKNOWN,UNKNOWN,NOT ON SCENE (DESK REPORT),NO INJURY / DRIVE AWAY,Y,,,"OVER $1,500",07/24/2025 09:15:00 PM,IMPROPER TURNING/NO SIGNAL,NOT APPLICABLE,6000,S,DR MARTIN LUTHER KING JR DR,311,,,,,,,2,NO INDICATION OF INJURY,0,0,0,0,0,2,0,15,5,7,41.7856060971,-87.6159038766,POINT (-87.615903876604 41.785606097064)
a3a6f53bf480c88e1eba861bb24841e1b8d79b3d5c12fb0b35d86d104ba4a8959745f39a09b86bde17aff7455eb3b2594fbf1c2c40f3809e81eb0f222f2ad6f3,,07/24/2025 03:00:00 PM,25,STOP SIGN/FLASHER,UNKNOWN,RAIN,UNKNOWN,PEDALCYCLIST,UNKNOWN INTERSECTION TYPE,,STRAIGHT AND LEVEL,WET,UNKNOWN,NOT ON SCENE (DESK REPORT),INJURY AND / OR TOW DUE TO CRASH,,,Y,"$501 - $1,500",07/24/2025 04:00:00 PM,UNABLE TO DETERMINE,UNABLE TO DETERMINE,1651,N,PULASKI RD,2535,,,,,,,2,"REPORTED, NOT EVIDENT",1,0,0,0,1,1,0,15,5,7,41.9113924754,-87.7262328388,POINT (-87.726232838827 41.911392475393)
b8b0d2a836c6ace16b2d90ab705632065bdc7670c0ca2ad66bfc7b5832e0b5a4281d6c28917061442e41a36d6e147f3fb421e66512aaf6b6783c751378c78673,,07/24/2025 03:00:00 PM,30,NO CONTROLS,NO CONTROLS,RAIN,DAYLIGHT,OTHER OBJECT,NOT DIVIDED,,STRAIGHT AND LEVEL,WET,NO DEFECTS,NOT ON SCENE (DESK REPORT),INJURY AND / OR TOW DUE TO CRASH,,,,"OVER $1,500",07/24/2025 08:10:00 PM,WEATHER,NOT APPLICABLE,3112,S,LAWNDALE AVE,1031,,,,,,,1,,,,,,,,,15,5,7,41.8365791726,-87.7171646933,POINT (-87.717164693268 41.836579172629)
b8d810983dcdc2970e9af5bb984e473d9a91571e2ad5cdb8fca92bfc1fdca3e4416b83b5eebe743422cfe4f7d08b71eeb87933e95952af814ca842c3146e048b,,07/24/2025 03:00:00 PM,30,NO CONTROLS,NO CONTROLS,UNKNOWN,UNKNOWN,PARKED MOTOR VEHICLE,NOT DIVIDED,,STRAIGHT AND LEVEL,UNKNOWN,UNKNOWN,NOT ON SCENE (DESK REPORT),NO INJURY / DRIVE AWAY,,,Y,"OVER $1,500",07/28/2025 02:26:00 PM,UNABLE TO DETERMINE,UNABLE TO DETERMINE,2721,W,MONROE ST,1125,,,,,,,2,NO INDICATION OF INJURY,0,0,0,0,0,1,0,15,5,7,41.8800691796,-87.6947943565,POINT (-87.694794356502 41.88006917961)
c8edcead94e3e710c51d3aed8638ee713923c1ef4466b6e3bd24ef10095e12dca7ca0e01188882c0e56c0b29b2b0eb070ee2fad553f72f926225d42f93f15f55,,07/24/2025 03:00:00 PM,30,STOP SIGN/FLASHER,FUNCTIONING PROPERLY,RAIN,DAYLIGHT,TURNING,NOT DIVIDED,,STRAIGHT AND LEVEL,WET,UNKNOWN,NOT ON SCENE (DESK REPORT),NO INJURY / DRIVE AWAY,,,,"OVER $1,500",07/25/2025 10:04:00 AM,UNABLE TO DETERMINE,UNABLE TO DETERMINE,5600,N,CALIFORNIA AVE,2011,,,,,,,2,NO INDICATION OF INJURY,0,0,0,0,0,2,0,15,5,7,41.983208978,-87.699307663,POINT (-87.699307663 41.983208978045)
d4a36f17743aa6c58ba2cc06f211cbdc0fc6b6ab1609965fc9b6560603cf42bb3007541109d106fdd13ffc3fd8b2d6d3b784340e65c3ee26f089b0615b80c828,Y,07/24/2025 03:00:00 PM,15,NO CONTROLS,NO CONTROLS,CLEAR,DAYLIGHT,PARKED MOTOR VEHICLE,NOT DIVIDED,,STRAIGHT AND LEVEL,UNKNOWN,UNKNOWN,NOT ON SCENE (DESK REPORT),NO INJURY / DRIVE AWAY,,Y,Y,"$501 - $1,500",07/24/2025 03:40:00 PM,UNABLE TO DETERMINE,UNABLE TO DETERMINE,4525,W,MADISON ST,1113,,,,,,,2,NO INDICATION OF INJURY,0,0,0,0,0,6,0,15,5,7,41.8804609992,-87.7388965773,POINT (-87.738896577257 41.880460999176)
9a8930d69f883b3960735f8d8006474fa3a5a7f54ac32697ee21f57c370884bfad3512f8dd1e7573c07ffd3f5a023aac6cf17099bc3f26d8a5a2b686468067da,,07/24/2025 02:58:00 PM,30,NO CONTROLS,NO CONTROLS,CLOUDY/OVERCAST,DAYLIGHT,ANGLE,DIVIDED - W/MEDIAN (NOT RAISED),,STRAIGHT AND LEVEL,DRY,NO DEFECTS,NOT ON SCENE (DESK REPORT),NO INJURY / DRIVE AWAY,Y,,,"$501 - $1,500",07/24/2025 03:58:00 PM,DRIVING ON WRONG SIDE/WRONG WAY,"VISION OBSCURED (SIGNS, TREE LIMBS, BUILDINGS, ETC.)",8600,S,KEDZIE AVE,834,,,,,,,2,NO INDICATION OF INJURY,0,0,0,0,0,2,0,14,5,7,41.7368474742,-87.7021975067,POINT (-87.702197506717 41.73684747423)
ecb68b3c65cb46839f2e8bb501172ce2708de60f785c1d50c63bcae2740bc954466d1a01536dca3e5b5aa518efa0b4f6cf9f4718756a6ea518a7ab13cf6ad545,,07/24/2025 02:55:00 PM,30,NO CONTROLS,NO CONTROLS,RAIN,DAYLIGHT,TURNING,NOT DIVIDED,,STRAIGHT AND LEVEL,WET,NO DEFECTS,NOT ON SCENE (DESK REPORT),NO INJURY / DRIVE AWAY,,,,"$501 - $1,500",07/24/2025 03:25:00 PM,FAILING TO YIELD RIGHT-OF-WAY,FAILING TO YIELD RIGHT-OF-WAY,2226,W,PERSHING RD,912,,,,,,,2,NO INDICATION OF INJURY,0,0,0,0,0,2,0,14,5,7,41.8231445878,-87.6812242061,POINT (-87.681224206138 41.823144587772)
f4e1f209d745e1481b06c47f247eeed57d889971013d6e7a7debf1e23976b1a294f4b470f1076d396e6dc87781d3eea60192cc8cf01419da1aefc6c2c874b409,Y,07/24/2025 02:45:00 PM,10,NO CONTROLS,NO CONTROLS,CLEAR,DAYLIGHT,PARKED MOTOR VEHICLE,ONE-WAY,,STRAIGHT AND LEVEL,DRY,UNKNOWN,NOT ON SCENE (DESK REPORT),NO INJURY / DRIVE AWAY,,,,"OVER $1,500",07/24/2025 04:40:00 PM,IMPROPER BACKING,NOT APPLICABLE,150,W,MONROE ST,122,,,,,,,2,NO INDICATION OF INJURY,0,0,0,0,0,1,0,14,5,7,41.8807868105,-87.6324044574,POINT (-87.63240445739 41.880786810461)
33bdc18c61cbd5106201dc1b12a950d9f541111a31a1c9d5a0ac0d9062e35c377f6e00320b0b6ab5eee1b3d3037060ef0721cfd760518950940abfcdf686bf5a,,07/24/2025 02:30:00 PM,30,STOP SIGN/FLASHER,FUNCTIONING PROPERLY,CLEAR,DAYLIGHT,PEDALCYCLIST,FOUR WAY,,STRAIGHT AND LEVEL,DRY,NO DEFECTS,NOT ON SCENE (DESK REPORT),INJURY AND / OR TOW DUE TO CRASH,,,,"$501 - $1,500",07/24/2025 04:30:00 PM,FAILING TO YIELD RIGHT-OF-WAY,DRIVING SKILLS/KNOWLEDGE/EXPERIENCE,4900,W,WASHINGTON BLVD,1532,,,,,,,2,NONINCAPACITATING INJURY,1,0,0,1,0,1,0,14,5,7,41.8818923085,-87.7478984167,POINT (-87.747898416744 41.881892308511)
63e3a9e139a42bfa4a369948e60e0d63feeddf9e102937a9e5873a974be5943c32939473a405d909325a42091a1ed27f0354c173a9688d948cf609e3c6f37742,,07/24/2025 02:30:00 PM,30,TRAFFIC SIGNAL,FUNCTIONING PROPERLY,CLEAR,DAYLIGHT,TURNING,NOT DIVIDED,,STRAIGHT AND LEVEL,DRY,NO DEFECTS,ON SCENE,INJURY AND / OR TOW DUE TO CRASH,Y,,,"OVER $1,500",07/24/2025 02:38:00 PM,FAILING TO YIELD RIGHT-OF-WAY,NOT APPLICABLE,10601,S,AVENUE O,432,,,,,,,3,"REPORTED, NOT EVIDENT",1,0,0,0,1,3,0,14,5,7,41.7026638403,-87.5399512535,POINT (-87.539951253519 41.702663840308)
a9a5b5d4afa9e2cada097006232cb0c4e6eca314fdf5498ddc61e9399a7c78803fd16d397e66c326ed216fbde9296ed3fc7be72633c6f1f39c74f3887b3c425e,,07/24/2025 02:30:00 PM,30,NO CONTROLS,NO CONTROLS,RAIN,DAYLIGHT,REAR END,Y-INTERSECTION,,STRAIGHT AND LEVEL,WET,NO DEFECTS,,INJURY AND / OR TOW DUE TO CRASH,,,N,"OVER $1,500",07/24/2025 03:50:00 PM,FOLLOWING TOO CLOSELY,UNABLE TO DETERMINE,1700,W,OGDEN AVE,1225,,,,,,,2,"REPORTED, NOT EVIDENT",2,0,0,0,2,2,0,14,5,7,41.8788989568,-87.6693721031,POINT (-87.669372103135 41.878898956797)
ce3ea49b476f8947996bb4091d6c1a7099a7e7772e316c2186bf1c384a812d7cf38458c8873dc1537ad562faca7c1185a97fc3954e27fa663a1579f268569827,,07/24/2025 02:30:00 PM,30,NO CONTROLS,NO CONTROLS,CLEAR,DAYLIGHT,SIDESWIPE SAME DIRECTION,NOT DIVIDED,,STRAIGHT AND LEVEL,DRY,UNKNOWN,NOT ON SCENE (DESK REPORT),NO INJURY / DRIVE AWAY,,,Y,"$501 - $1,500",07/24/2025 03:10:00 PM,IMPROPER OVERTAKING/PASSING,IMPROPER LANE USAGE,5300,S,ASHLAND AVE,932,,,,,,,2,NO INDICATION OF INJURY,0,0,0,0,0,2,0,14,5,7,41.797579996,-87.6648248185,POINT (-87.664824818501 41.797579996037)
bb67e0d9f39de562b5a6882321c108f97e3cb8ea4be8eb4d3c453a56b9db3ae280c7dcbaf5f5f4deba979a2117a3bd6bb2ed30c78b3b27075bf26cbfd2488260,,07/24/2025 02:25:00 PM,25,NO CONTROLS,NO CONTROLS,RAIN,DAYLIGHT,ANGLE,ONE-WAY,,STRAIGHT AND LEVEL,WET,NO DEFECTS,ON SCENE,INJURY AND / OR TOW DUE TO CRASH,,,,"OVER $1,500",07/24/2025 03:14:00 PM,NOT APPLICABLE,NOT APPLICABLE,3051,N,HAMLIN AVE,2523,,,,,,,2,NO INDICATION OF INJURY,0,0,0,0,0,2,0,14,5,7,41.9365198066,-87.7207580057,POINT (-87.720758005746 41.936519806605)
d6d4113d56ab53801e25c67ab9548a0979589079fff4269e624d38d9ddf8247a8d0ba2a2d60f582f62bc2f450a4a387c99f4fd25ee6116925ff6c74d7e7d0e2a,,07/24/2025 02:24:00 PM,30,NO CONTROLS,NO CONTROLS,RAIN,DAYLIGHT,TURNING,NOT DIVIDED,,STRAIGHT AND LEVEL,WET,NO DEFECTS,ON SCENE,INJURY AND / OR TOW DUE TO CRASH,,,,"OVER $1,500",07/24/2025 03:06:00 PM,FAILING TO YIELD RIGHT-OF-WAY,UNABLE TO DETERMINE,6445,N,MILWAUKEE AVE,1611,,,,,,,2,NO INDICATION OF INJURY,0,0,0,0,0,2,0,14,5,7,41.9983707396,-87.7886274883,POINT (-87.78862748833 41.998370739563)
6df2b7687dfe74b1be09bd343937626d18f550c9405a55f51ea725b8b0c5a11057ce4f2c456fa23210dbd4f942363288035bf003c1e0eab8fa7ca4bee9f49c57,,07/24/2025 02:19:00 PM,30,NO CONTROLS,NO CONTROLS,CLEAR,DAYLIGHT,REAR END,NOT DIVIDED,,STRAIGHT AND LEVEL,DRY,NO DEFECTS,ON SCENE,INJURY AND / OR TOW DUE TO CRASH,,,,"OVER $1,500",07/24/2025 02:20:00 PM,FOLLOWING TOO CLOSELY,NOT APPLICABLE,4951,N,ELSTON AVE,1712,,,,,,,2,NO INDICATION OF INJURY,0,0,0,0,0,2,0,14,5,7,41.9706916348,-87.7441266539,POINT (-87.744126653903 41.970691634842)
5011f15728fd26ea14b0ff57c9bd772bd67d93cba9582fc4b7a6aa001ff121332af465f72f897ad5afd3622a9aeca1eec024ea99fcf0e8bd60d3b65e306fa64a,,07/24/2025 02:15:00 PM,30,NO CONTROLS,NO CONTROLS,CLEAR,DAYLIGHT,REAR END,NOT DIVIDED,,STRAIGHT AND LEVEL,DRY,NO DEFECTS,NOT ON SCENE (DESK REPORT),INJURY AND / OR TOW DUE TO CRASH,,,,"OVER $1,500",07/26/2025 09:00:00 AM,FOLLOWING TOO CLOSELY,NOT APPLICABLE,4753,S,ARCHER AVE,821,,,,N,,,3,NONINCAPACITATING INJURY,1,0,0,1,0,3,0,14,5,7,41.8069327568,-87.7157115626,POINT (-87.715711562592 41.806932756779)
dad4b3f3b7e634cd71e9caf1a929e29299f321df1062b6d7c14be940c1b4dbd16e9bccc76416dac14b5c634039ae3c5e4c608be7fd14c254bcbb95d6a65c7b88,,07/24/2025 02:15:00 PM,20,NO CONTROLS,NO CONTROLS,UNKNOWN,DAYLIGHT,PARKED MOTOR VEHICLE,PARKING LOT,,STRAIGHT AND LEVEL,UNKNOWN,NO DEFECTS,NOT ON SCENE (DESK REPORT),NO INJURY / DRIVE AWAY,,,Y,"OVER $1,500",07/27/2025 04:20:00 PM,UNABLE TO DETERMINE,NOT APPLICABLE,2333,W,MADISON ST,1223,,,,,,,2,NO INDICATION OF INJURY,0,0,0,0,0,1,0,14,5,7,41.8810693742,-87.6853075527,POINT (-87.68530755272 41.881069374222)
dc506c7d2713c8e9937a4d3519fa3e967ecc9001623028b105b8b9989562add08d717ee97e4f15801d3e201a5aafc3915f358836c87c2b4add6a076b36186fe2,,07/24/2025 02:09:00 PM,30,UNKNOWN,UNKNOWN,CLEAR,DAYLIGHT,OTHER NONCOLLISION,ONE-WAY,,STRAIGHT AND LEVEL,DRY,WORN SURFACE,NOT ON SCENE (DESK REPORT),NO INJURY / DRIVE AWAY,,,,"OVER $1,500",07/25/2025 01:30:00 PM,NOT APPLICABLE,NOT APPLICABLE,344,E,GARFIELD BLVD,231,,,,,,,1,NO INDICATION OF INJURY,0,0,0,0,0,1,0,14,5,7,41.7948925302,-87.6174467539,POINT (-87.617446753915 41.794892530202)
b70df15ec2ac528636230edb76dcd65b5098a345cdc31e4fc6d57c9823ae81fbd99249270b2fc193ceb996f71dadebfc2651c646209128714b4a6ba12e896115,,07/24/2025 02:02:00 PM,40,NO CONTROLS,NO CONTROLS,CLEAR,DAYLIGHT,SIDESWIPE SAME DIRECTION,DIVIDED - W/MEDIAN BARRIER,,STRAIGHT AND LEVEL,DRY,NO DEFECTS,ON SCENE,NO INJURY / DRIVE AWAY,,,,"OVER $1,500",07/24/2025 02:10:00 PM,IMPROPER OVERTAKING/PASSING,NOT APPLICABLE,6358,N,MANNHEIM RD,1654,,,,,,,2,NO INDICATION OF INJURY,0,0,0,0,0,2,0,14,5,7,41.9942589475,-87.8847539225,POINT (-87.884753922477 41.994258947544)
1bde1c22a7c2e2e6d4a37bdbf5449b91c340cb709193bcbac74afe382a9a34b50e9733e94bf33c1f0695522cc6d0dab9cf37338c27510de244c1d396348d29a5,Y,07/24/2025 02:00:00 PM,30,NO CONTROLS,NO CONTROLS,UNKNOWN,DAYLIGHT,PARKED MOTOR VEHICLE,ONE-WAY,,STRAIGHT AND LEVEL,UNKNOWN,UNKNOWN,NOT ON SCENE (DESK REPORT),NO INJURY / DRIVE AWAY,,,Y,"OVER $1,500",07/24/2025 07:00:00 PM,UNABLE TO DETERMINE,UNABLE TO DETERMINE,4532,S,HONORE ST,924,,,,,,,2,NO INDICATION OF INJURY,0,0,0,0,0,1,0,14,5,7,41.811190572,-87.6712633598,POINT (-87.671263359758 41.811190571951)
4d68ff74e3739caffc32cea8eb98db6f47d62590c374352f19c3dd230e151a3781c9bcd2ad1d0f4a52779be0a6613d996918d890192af4ff052304c64fd0e6c6,,07/24/2025 02:00:00 PM,20,NO CONTROLS,NO CONTROLS,CLEAR,DAYLIGHT,REAR TO SIDE,PARKING LOT,,STRAIGHT AND LEVEL,DRY,UNKNOWN,NOT ON SCENE (DESK REPORT),NO INJURY / DRIVE AWAY,,,,"OVER $1,500",07/24/2025 03:02:00 PM,IMPROPER BACKING,NOT APPLICABLE,10331,S,KEDZIE AVE,2211,,,,,,,2,NO INDICATION OF INJURY,0,0,0,0,0,2,0,14,5,7,41.7052084895,-87.7011632563,POINT (-87.701163256253 41.705208489493)
8736806b6ffb1b5f9651d86079026f2fe44dc22c18d586d60bb3da113494fcdb8528d56775aa1ab2105321d2d11f291605b9854d83696d164d3276e051e8857b,Y,07/24/2025 02:00:00 PM,30,UNKNOWN,UNKNOWN,UNKNOWN,DAYLIGHT,PARKED MOTOR VEHICLE,OTHER,,STRAIGHT AND LEVEL,UNKNOWN,UNKNOWN,NOT ON SCENE (DESK REPORT),NO INJURY / DRIVE AWAY,,,Y,"OVER $1,500",07/28/2025 04:40:00 PM,UNABLE TO DETERMINE,DRIVING SKILLS/KNOWLEDGE/EXPERIENCE,1157,N,MONITOR AVE,1511,,,,,,,2,NO INDICATION OF INJURY,0,0,0,0,0,1,0,14,5,7,41.9019076841,-87.7715729557,POINT (-87.77157295572 41.901907684144)
9648a77158b4d82d9551f0eab214a4ace3bef03614c0556ba7bfa80f3b9d3b3dddd167eaedcc9d6c96b7d79f87cd8fbcbd1ce24362891014e29f873c84d64f9b,,07/24/2025 02:00:00 PM,15,NO CONTROLS,NO CONTROLS,CLEAR,DAYLIGHT,PARKED MOTOR VEHICLE,PARKING LOT,,STRAIGHT AND LEVEL,DRY,NO DEFECTS,NOT ON SCENE (DESK REPORT),NO INJURY / DRIVE AWAY,,N,,"OVER $1,500",07/25/2025 04:55:00 AM,UNABLE TO DETERMINE,UNABLE TO DETERMINE,4100,W,ANN LURIE PL,815,,,,,,,2,NO INDICATION OF INJURY,0,0,0,0,0,1,0,14,5,7,41.8164374696,-87.7263174779,POINT (-87.726317477886 41.816437469636)
ae1b4dee4a55ed16c02cca46418402fbe89a5a5565901ad7f49545fce0037c9a1006c4687e7df42b0cec7555dc52169d101c7e0ef10f229eec12251220b4e796,,07/24/2025 02:00:00 PM,30,TRAFFIC SIGNAL,FUNCTIONING PROPERLY,CLEAR,DAYLIGHT,REAR END,NOT DIVIDED,,STRAIGHT AND LEVEL,DRY,NO DEFECTS,NOT ON SCENE (DESK REPORT),NO INJURY / DRIVE AWAY,Y,,Y,"OVER $1,500",07/24/2025 02:15:00 PM,FAILING TO REDUCE SPEED TO AVOID CRASH,NOT APPLICABLE,3401,S,HALSTED ST,915,,,,,,,2,NO INDICATION OF INJURY,0,0,0,0,0,2,0,14,5,7,41.8325413532,-87.6459993289,POINT (-87.645999328891 41.832541353189)
faf2f6d243d4d7b1345a3eb17716e7661598bda163d15e076a126bce07f1b548302dd760e76e04dc77704f7b0f6640ad474fc6200adf29b411a6d5edf6312cf8,,07/24/2025 01:52:00 PM,35,STOP SIGN/FLASHER,FUNCTIONING PROPERLY,CLEAR,DAYLIGHT,ANGLE,FOUR WAY,,STRAIGHT AND LEVEL,DRY,NO DEFECTS,ON SCENE,INJURY AND / OR TOW DUE TO CRASH,Y,,,"OVER $1,500",07/24/2025 02:54:00 PM,FAILING TO YIELD RIGHT-OF-WAY,NOT APPLICABLE,1869,W,OGDEN AVE,1231,,,,,,,3,NO INDICATION OF INJURY,0,0,0,0,0,2,0,13,5,7,41.8752840064,-87.6732074112,POINT (-87.673207411204 41.875284006382)
1364f242af6423a7974a76640a4af6ff3a31a5b328071c5a6371f30074c314ca2099a39ecdbb9b96e4539056144be095b6437a241e802d8639f2d09e1e12d277,,07/24/2025 01:50:00 PM,25,NO CONTROLS,NO CONTROLS,RAIN,DAYLIGHT,SIDESWIPE SAME DIRECTION,NOT DIVIDED,,STRAIGHT AND LEVEL,WET,NO DEFECTS,NOT ON SCENE (DESK REPORT),NO INJURY / DRIVE AWAY,,,Y,$500 OR LESS,07/24/2025 07:20:00 PM,UNABLE TO DETERMINE,UNABLE TO DETERMINE,320,E,87TH ST,632,,,,,,,2,NO INDICATION OF INJURY,0,0,0,0,0,2,0,13,5,7,41.7365797674,-87.6168226009,POINT (-87.616822600884 41.736579767414)
259cde20e9c4e76d1ed82e93b91610da3d391a7ed1946b5adc9e46574df49880c7d6546030bdb1eb4001ae93fbd1e653597db554947db0c3c0b0f8c7881efb89,,07/24/2025 01:50:00 PM,30,STOP SIGN/FLASHER,NO CONTROLS,CLEAR,DAYLIGHT,TURNING,DIVIDED - W/MEDIAN (NOT RAISED),,STRAIGHT AND LEVEL,DRY,UNKNOWN,NOT ON SCENE (DESK REPORT),NO INJURY / DRIVE AWAY,Y,,,"OVER $1,500",07/24/2025 03:45:00 PM,UNABLE TO DETERMINE,UNABLE TO DETERMINE,1901,W,POLK ST,1231,,,,,,,2,NO INDICATION OF INJURY,0,0,0,0,0,2,0,13,5,7,41.8714053007,-87.6738172698,POINT (-87.673817269772 41.871405300675)