CRASH_RECORD_ID,CRASH_DATE_EST_I,CRASH_DATE,POSTED_SPEED_LIMIT,TRAFFIC_CONTROL_DEVICE,DEVICE_CONDITION,WEATHER_CONDITION,LIGHTING_CONDITION,FIRST_CRASH_TYPE,TRAFFICWAY_TYPE,LANE_CNT,ALIGNMENT,ROADWAY_SURFACE_COND,ROAD_DEFECT,REPORT_TYPE,CRASH_TYPE,INTERSECTION_RELATED_I,NOT_RIGHT_OF_WAY_I,HIT_AND_RUN_I,DAMAGE,DATE_POLICE_NOTIFIED,PRIM_CONTRIBUTORY_CAUSE,SEC_CONTRIBUTORY_CAUSE,STREET_NO,STREET_DIRECTION,STREET_NAME,BEAT_OF_OCCURRENCE,PHOTOS_TAKEN_I,STATEMENTS_TAKEN_I,DOORING_I,WORK_ZONE_I,WORK_ZONE_TYPE,WORKERS_PRESENT_I,NUM_UNITS,MOST_SEVERE_INJURY,INJURIES_TOTAL,INJURIES_FATAL,INJURIES_INCAPACITATING,INJURIES_NON_INCAPACITATING,INJURIES_REPORTED_NOT_EVIDENT,INJURIES_NO_INDICATION,INJURIES_UNKNOWN,CRASH_HOUR,CRASH_DAY_OF_WEEK,CRASH_MONTH,LATITUDE,LONGITUDE,LOCATION
b7550f08ccad1efaef2396128a7f7ef5edace59a6bc4701b9553298bd567ec69ce23d10731f66a782695bddfb80cd0a48f9e12da64bbbe9d6e4b6b3c0a877c9a,,07/24/2025 01:50:00 PM,30,TRAFFIC SIGNAL,FUNCTIONING PROPERLY,CLEAR,DAYLIGHT,TURNING,FOUR WAY,,STRAIGHT AND LEVEL,DRY,NO DEFECTS,ON SCENE,INJURY AND / OR TOW DUE TO CRASH,Y,,,"OVER $1,500",07/24/2025 01:52:00 PM,FAILING TO YIELD RIGHT-OF-WAY,NOT APPLICABLE,3833,S,HALSTED ST,915,,,,,,,2,NO INDICATION OF INJURY,0,0,0,0,0,2,0,13,5,7,41.8242419889,-87.645807532,POINT (-87.645807532005 41.824241988937)
2049ed25a7b4cb48faf7cdb0fbca8257acd5d0d89ff0129618385f173ea4f2fd0827e9ffa26df25e5e0b06220bff9c541a3c2a92e5452786def7ece9b1498b41,,07/24/2025 01:48:00 PM,30,NO CONTROLS,NO CONTROLS,CLEAR,DAYLIGHT,REAR END,NOT DIVIDED,,STRAIGHT AND LEVEL,DRY,NO DEFECTS,NOT ON SCENE (DESK REPORT),NO INJURY / DRIVE AWAY,,,,"OVER $1,500",07/24/2025 03:10:00 PM,FOLLOWING TOO CLOSELY,NOT APPLICABLE,7113,N,RIDGE BLVD,2424,,,,,,,2,NO INDICATION OF INJURY,0,0,0,0,0,2,0,13,5,7,42.0116577201,-87.6826994867,POINT (-87.682699486731 42.011657720136)
81886265d55b45884997a01bbe30da30b8a98e5dcf0d748f5a3d667cc9fd6fd51cf8daf9b0dcaa67d1611cb6ce7fcfa688e6275ad9e5353ee88a76b007d8b07c,,07/24/2025 01:48:00 PM,30,NO CONTROLS,NO CONTROLS,CLEAR,DAYLIGHT,SIDESWIPE SAME DIRECTION,DIVIDED - W/MEDIAN BARRIER,,STRAIGHT AND LEVEL,DRY,NO DEFECTS,NOT ON SCENE (DESK REPORT),NO INJURY / DRIVE AWAY,,,,"$501 - $1,500",07/24/2025 02:00:00 PM,IMPROPER OVERTAKING/PASSING,NOT APPLICABLE,4751,W,61ST ST,813,,,,,,,2,NO INDICATION OF INJURY,0,0,0,0,0,4,0,13,5,7,41.7819778559,-87.7420099293,POINT (-87.742009929292 41.781977855929)
2941547459ef96db59aaefed656b33cd1f874357f541d178824985188a2c7806e754259150e40a0234f1705945c681b9a44386a59f9adc43b0e5a9984d9b0baf,Y,07/24/2025 01:47:00 PM,30,NO CONTROLS,NO CONTROLS,CLEAR,DAYLIGHT,PARKED MOTOR VEHICLE,ONE-WAY,,STRAIGHT AND LEVEL,DRY,NO DEFECTS,ON SCENE,NO INJURY / DRIVE AWAY,,,Y,"OVER $1,500",07/24/2025 01:52:00 PM,UNABLE TO DETERMINE,NOT APPLICABLE,6537,S,WINCHESTER AVE,726,,,,,,,2,NO INDICATION OF INJURY,0,0,0,0,0,1,0,13,5,7,41.7746194658,-87.6724282192,POINT (-87.672428219179 41.774619465774)
77c629ebb0e93958d452a6dfeaefffb5704064496286ef52398b7643c5f0383f4da435af43e04818b0a265216cd992dacc36669d8f88a522bd70a80b9f204f75,,07/24/2025 01:40:00 PM,30,NO CONTROLS,NO CONTROLS,CLEAR,DAYLIGHT,SIDESWIPE SAME DIRECTION,NOT DIVIDED,,STRAIGHT AND LEVEL,DRY,UNKNOWN,NOT ON SCENE (DESK REPORT),NO INJURY / DRIVE AWAY,,,,"OVER $1,500",07/24/2025 02:20:00 PM,FAILING TO YIELD RIGHT-OF-WAY,FAILING TO YIELD RIGHT-OF-WAY,1347,S,ASHLAND AVE,1233,,,,,,,2,NO INDICATION OF INJURY,0,0,0,0,0,3,0,13,5,7,41.8636912275,-87.666158506,POINT (-87.66615850598 41.863691227493)
25d53612a2b0de7b490236930be918ea1123ebfdeb784b0d12113d6fd8d9059d34cfe78956b77f475d305f2ab9e791d347e88570da6610957bedd3cbdda3d87a,,07/24/2025 01:33:00 PM,30,NO CONTROLS,NO CONTROLS,CLEAR,DAYLIGHT,PARKED MOTOR VEHICLE,PARKING LOT,,STRAIGHT AND LEVEL,DRY,NO DEFECTS,ON SCENE,NO INJURY / DRIVE AWAY,,,,"OVER $1,500",07/24/2025 01:33:00 PM,UNABLE TO DETERMINE,NOT APPLICABLE,2359,N,NARRAGANSETT AVE,2512,,Y,,,,,2,NO INDICATION OF INJURY,0,0,0,0,0,4,0,13,5,7,41.9236284017,-87.7852939671,POINT (-87.785293967122 41.923628401687)
3199b09b0fca8ac47d1c26e2733cfd06a8c03d5c439cc06cd08305ab0d96bae5b475505d116dcb6c474dc4e998c34e3c2652aac94d042beddf2a4c4ded7d5cca,,07/24/2025 01:30:00 PM,35,NO CONTROLS,NO CONTROLS,CLEAR,DAYLIGHT,TURNING,DIVIDED - W/MEDIAN BARRIER,,STRAIGHT AND LEVEL,DRY,NO DEFECTS,ON SCENE,NO INJURY / DRIVE AWAY,,,,$500 OR LESS,07/24/2025 01:41:00 PM,IMPROPER OVERTAKING/PASSING,UNABLE TO DETERMINE,1735,W,PETERSON AVE,2012,,,,,,,2,NO INDICATION OF INJURY,0,0,0,0,0,2,0,13,5,7,41.9906812867,-87.6731298961,POINT (-87.673129896089 41.990681286665)
353af5873d7fd402bb458c88dbe38b3ab10db6d42deb4b70a45a301000738d766968a20b25a0efa89d9a9a72199c8e981360f78ab2b0b2a81ba8dfa5ae1476a8,,07/24/2025 01:30:00 PM,30,TRAFFIC SIGNAL,FUNCTIONING PROPERLY,CLEAR,DAYLIGHT,PARKED MOTOR VEHICLE,NOT DIVIDED,,STRAIGHT AND LEVEL,DRY,NO DEFECTS,NOT ON SCENE (DESK REPORT),NO INJURY / DRIVE AWAY,,,Y,"OVER $1,500",07/25/2025 12:33:00 PM,UNABLE TO DETERMINE,NOT APPLICABLE,5959,W,MONTROSE AVE,1624,,,,,,,2,NO INDICATION OF INJURY,0,0,0,0,0,1,0,13,5,7,41.960242504,-87.7769558962,POINT (-87.776955896207 41.960242503969)
9636b094287566a17231427f09e775a3a2987dc8fdddddef2c13f582981c0e568f1b844bdc67c61fe9d2081d04973f618cac9f1cdc6764f2bd167094f1136218,,07/24/2025 01:30:00 PM,30,NO CONTROLS,NO CONTROLS,CLEAR,DAYLIGHT,REAR END,DIVIDED - W/MEDIAN BARRIER,,STRAIGHT AND LEVEL,DRY,UNKNOWN,NOT ON SCENE (DESK REPORT),INJURY AND / OR TOW DUE TO CRASH,,,,"OVER $1,500",07/24/2025 03:50:00 PM,UNABLE TO DETERMINE,NOT APPLICABLE,1607,E,75TH ST,411,,,,,,,2,"REPORTED, NOT EVIDENT",1,0,0,0,1,1,0,13,5,7,41.7586609663,-87.5854192232,POINT (-87.585419223165 41.758660966296)
d2d34cbe4c9c31998728d786222260541a2d2d0871a8ea6f7232b43614dc0a06d358a4a95d2ebe4d5411e0fcf5f278ebeccc43cb9cb3e34c94c1c43586b92104,,07/24/2025 01:30:00 PM,30,UNKNOWN,UNKNOWN,CLEAR,DAYLIGHT,REAR TO SIDE,NOT DIVIDED,,STRAIGHT AND LEVEL,UNKNOWN,UNKNOWN,,NO INJURY / DRIVE AWAY,,,Y,"OVER $1,500",07/24/2025 03:20:00 PM,UNABLE TO DETERMINE,UNABLE TO DETERMINE,2405,W,AUGUSTA BLVD,1212,,,,,,,2,NO INDICATION OF INJURY,0,0,0,0,0,2,0,13,5,7,41.8992651595,-87.6872088362,POINT (-87.687208836151 41.899265159522)
b4fe26f120e6b3f5d227a36711da6e333fc36e23cd71370afa77dbe14fbd8e28f9505aedefe0fdf3a0886db7947120b9ead2461b089ce7e921dbcc10fb073328,,07/24/2025 01:25:00 PM,30,TRAFFIC SIGNAL,FUNCTIONING PROPERLY,CLEAR,DAYLIGHT,TURNING,NOT DIVIDED,,STRAIGHT AND LEVEL,DRY,NO DEFECTS,NOT ON SCENE (DESK REPORT),NO INJURY / DRIVE AWAY,,,,"OVER $1,500",07/25/2025 09:00:00 AM,IMPROPER TURNING/NO SIGNAL,NOT APPLICABLE,100,E,CHICAGO AVE,1833,,,,,,,2,NO INDICATION OF INJURY,0,0,0,0,0,2,0,13,5,7,41.8968221231,-87.6255607058,POINT (-87.625560705784 41.896822123138)
26d72c2c57fe03df72c4a5bcb6733bcf186dd8864c1d7c83cccf0eff6490e72e9eeaef7faf01946f57f45584288814dbc67f34c2127c0d704b8e517fcd7d83bf,,07/24/2025 01:24:00 PM,30,TRAFFIC SIGNAL,FUNCTIONING PROPERLY,CLEAR,DAYLIGHT,TURNING,DIVIDED - W/MEDIAN (NOT RAISED),,STRAIGHT AND LEVEL,DRY,NO DEFECTS,ON SCENE,NO INJURY / DRIVE AWAY,Y,,,"OVER $1,500",07/24/2025 01:46:00 PM,FAILING TO YIELD RIGHT-OF-WAY,UNABLE TO DETERMINE,838,W,87TH ST,613,,,,,,,2,NO INDICATION OF INJURY,0,0,0,0,0,4,0,13,5,7,41.736161509,-87.6451599715,POINT (-87.645159971516 41.736161508967)
1f8e0152b02edddd9f4d8a9415e1ab9d996fee3fa4a888cb24b8e17ae627a67166580e79932521ff681247e615688ecfa31ace8f77799075edda8530e867a31f,,07/24/2025 01:20:00 PM,30,TRAFFIC SIGNAL,FUNCTIONING PROPERLY,CLEAR,DAYLIGHT,PEDESTRIAN,FOUR WAY,,STRAIGHT AND LEVEL,DRY,NO DEFECTS,ON SCENE,INJURY AND / OR TOW DUE TO CRASH,Y,,Y,"OVER $1,500",07/24/2025 01:20:00 PM,FAILING TO YIELD RIGHT-OF-WAY,NOT APPLICABLE,5459,S,ASHLAND AVE,934,,,,,,,2,NONINCAPACITATING INJURY,1,0,0,1,0,1,0,13,5,7,41.7941186462,-87.6644384439,POINT (-87.664438443865 41.794118646229)
c860c80019d0033baec6f7b09597519b20b5747ae6aa609ac8f89ba8148babd3070389181bbffd2ec8c40ebb25ff9cf7afbb156b03bdeb20cf79cea5e4a403d6,,07/24/2025 01:20:00 PM,30,TRAFFIC SIGNAL,FUNCTIONING PROPERLY,CLEAR,DAYLIGHT,REAR END,DIVIDED - W/MEDIAN (NOT RAISED),,STRAIGHT AND LEVEL,DRY,UNKNOWN,NOT ON SCENE (DESK REPORT),NO INJURY / DRIVE AWAY,,,,"OVER $1,500",07/24/2025 02:20:00 PM,UNABLE TO DETERMINE,UNABLE TO DETERMINE,128,W,DIVISION ST,1821,,,,,,,2,NO INDICATION OF INJURY,0,0,0,0,0,2,0,13,5,7,41.9039910441,-87.6327620678,POINT (-87.632762067809 41.90399104407)
30880cd9d038741dbd22e7916a410a48b308da7993f2bb2ff9d321240b26a7c144c76ea675f3a59dbf621ec2394112aad572c766acb852155937e05b07399525,,07/24/2025 01:19:00 PM,30,TRAFFIC SIGNAL,UNKNOWN,CLEAR,DAYLIGHT,REAR END,Y-INTERSECTION,,STRAIGHT AND LEVEL,DRY,NO DEFECTS,ON SCENE,INJURY AND / OR TOW DUE TO CRASH,Y,,,"OVER $1,500",07/24/2025 01:37:00 PM,FAILING TO YIELD RIGHT-OF-WAY,FAILING TO YIELD RIGHT-OF-WAY,1717,S,LOOMIS ST,1233,,,,,,,2,NONINCAPACITATING INJURY,3,0,0,3,0,0,0,13,5,7,41.8582359426,-87.6611823631,POINT (-87.661182363073 41.85823594257)
60fbe385888e5df5fbfb9a8da055ea3ceb948aad6c4d12994df2336ee6c50f8d77922467b3531c9d06781915605fe92ed054dfa4b582b14f120028a2868c1114,,07/24/2025 01:15:00 PM,30,STOP SIGN/FLASHER,FUNCTIONING PROPERLY,CLEAR,DAYLIGHT,PARKED MOTOR VEHICLE,NOT DIVIDED,,STRAIGHT AND LEVEL,UNKNOWN,UNKNOWN,NOT ON SCENE (DESK REPORT),NO INJURY / DRIVE AWAY,Y,,,$500 OR LESS,07/28/2025 11:11:00 AM,DRIVING SKILLS/KNOWLEDGE/EXPERIENCE,UNABLE TO DETERMINE,6110,N,FAIRFIELD AVE,2413,,,,,,,2,NO INDICATION OF INJURY,0,0,0,0,0,1,0,13,5,7,41.9925642148,-87.6983974814,POINT (-87.698397481365 41.992564214774)
1511b5340621b82113a4cc37757d1b8fee89ebd95c51b553b516c800e740b067f689be907b0062e149afba93074b022fcd74d67d257719062140455872d3fae6,,07/24/2025 01:10:00 PM,30,TRAFFIC SIGNAL,FUNCTIONING PROPERLY,CLEAR,DAYLIGHT,REAR END,NOT DIVIDED,,STRAIGHT AND LEVEL,DRY,NO DEFECTS,NOT ON SCENE (DESK REPORT),NO INJURY / DRIVE AWAY,,,,"$501 - $1,500",07/24/2025 02:30:00 PM,FOLLOWING TOO CLOSELY,FOLLOWING TOO CLOSELY,3940,N,CUMBERLAND AVE,1631,,,,,,,2,NO INDICATION OF INJURY,0,0,0,0,0,2,0,13,5,7,41.9514471667,-87.8368013185,POINT (-87.836801318513 41.951447166732)
939b1eda738b4357460a80f0558f40d0bec28dd3aba893223f5559f24af7d84dae460ae5f32416d8c9889c6987454c7630528f6dcc2721c48e257db6e9260c2b,,07/24/2025 01:01:00 PM,35,NO CONTROLS,NO CONTROLS,CLEAR,DAYLIGHT,TURNING,DIVIDED - W/MEDIAN (NOT RAISED),,STRAIGHT AND LEVEL,DRY,NO DEFECTS,ON SCENE,INJURY AND / OR TOW DUE TO CRASH,,,,"OVER $1,500",07/24/2025 01:01:00 PM,IMPROPER TURNING/NO SIGNAL,NOT APPLICABLE,9131,S,ASHLAND AVE,2221,,,,,,,2,"REPORTED, NOT EVIDENT",1,0,0,0,1,2,0,13,5,7,41.7275484354,-87.6626804237,POINT (-87.662680423685 41.727548435385)
659552c975064c5916ef2dededf340cd11a5f2aca7c6e07e9ae02b6cf567119a716a48532ee38e5fbd4d90b384b51512e65936e58a8c633b5ed90f995c8d9721,,07/24/2025 01:00:00 PM,30,UNKNOWN,UNKNOWN,UNKNOWN,DAYLIGHT,REAR END,NOT DIVIDED,,STRAIGHT AND LEVEL,UNKNOWN,NO DEFECTS,NOT ON SCENE (DESK REPORT),NO INJURY / DRIVE AWAY,,,,"OVER $1,500",07/24/2025 06:00:00 PM,FOLLOWING TOO CLOSELY,NOT APPLICABLE,160,W,DIVISION ST,1821,,,,,,,2,NO INDICATION OF INJURY,0,0,0,0,0,2,0,13,5,7,41.903973232,-87.6338260054,POINT (-87.633826005363 41.903973231985)
70d5c965a2f57143a094eb1b07d03e2370df9d6e99022034d1106299a40db2558264e2154bbc3da8bc0dce0455dae61d6d6a02cf1e456e135d568e909871b8a3,,07/24/2025 01:00:00 PM,30,UNKNOWN,UNKNOWN,UNKNOWN,UNKNOWN,ANGLE,DIVIDED - W/MEDIAN (NOT RAISED),,STRAIGHT AND LEVEL,UNKNOWN,UNKNOWN,NOT ON SCENE (DESK REPORT),NO INJURY / DRIVE AWAY,Y,,Y,"OVER $1,500",07/24/2025 03:21:00 PM,UNABLE TO DETERMINE,UNABLE TO DETERMINE,701,S,CALIFORNIA AVE,1135,,,,,,,2,NO INDICATION OF INJURY,0,0,0,0,0,2,0,13,5,7,41.8728398691,-87.6959234051,POINT (-87.695923405064 41.872839869112)
85d06700aa8a1dcc76d46e01aeaf6a3b356ba2b79eced4d9b4279edc7c87a431d3a1f4c15da4a5896017bf511abca4abcce73953ea06110f654bc91c6326d4f2,,07/24/2025 12:58:00 PM,30,STOP SIGN/FLASHER,FUNCTIONING PROPERLY,UNKNOWN,UNKNOWN,TURNING,FOUR WAY,,STRAIGHT AND LEVEL,UNKNOWN,NO DEFECTS,NOT ON SCENE (DESK REPORT),NO INJURY / DRIVE AWAY,,,,"OVER $1,500",07/31/2025 12:15:00 PM,UNABLE TO DETERMINE,NOT APPLICABLE,5101,S,CORNELL AVE,234,,,,,,,2,NO INDICATION OF INJURY,0,0,0,0,0,2,0,12,5,7,41.8024510999,-87.5864776612,POINT (-87.586477661175 41.802451099935)
7c412941aab0f94436373ca598c71f235abd447364617cc6851e3c05848e2aa6755733594259ad56b72049fba2f486c9eeb76015b62581117c094059d7df331b,,07/24/2025 12:56:00 PM,30,UNKNOWN,UNKNOWN,CLEAR,DAYLIGHT,SIDESWIPE SAME DIRECTION,DIVIDED - W/MEDIAN BARRIER,,STRAIGHT AND LEVEL,UNKNOWN,UNKNOWN,NOT ON SCENE (DESK REPORT),NO INJURY / DRIVE AWAY,,,,"OVER $1,500",07/24/2025 01:20:00 PM,UNABLE TO DETERMINE,UNABLE TO DETERMINE,1600,N,LAKE SHORE DR NB,1814,,,,,,,2,NO INDICATION OF INJURY,0,0,0,0,0,2,0,12,5,7,41.9118569525,-87.6261695233,POINT (-87.626169523312 41.911856952541)
c47a0fcff195e8da2287698773806805d0b01a6717e4ab6d3d70cc83be31842cc1664e7f894f84a3ced817f80014e6f4ddf6ce3aaedad0b557165c65204c09ba,Y,07/24/2025 12:55:00 PM,25,TRAFFIC SIGNAL,FUNCTIONING PROPERLY,CLEAR,DAYLIGHT,REAR END,NOT DIVIDED,,STRAIGHT AND LEVEL,DRY,UNKNOWN,NOT ON SCENE (DESK REPORT),NO INJURY / DRIVE AWAY,Y,,,"OVER $1,500",07/24/2025 02:50:00 PM,UNABLE TO DETERMINE,UNABLE TO DETERMINE,1199,S,KOSTNER AVE,1131,,,,,,,2,NO INDICATION OF INJURY,0,0,0,0,0,4,0,12,5,7,41.8660809556,-87.7348194314,POINT (-87.734819431439 41.866080955592)
4a2e9b6741877e95522f2c05dac37aaea7dcac46a5fd5286d1f036b5ae79f20ccc5f259a1292316ea701519373c0bcc5e74e6d5f6d3de46c34497a6fd13e47d3,,07/24/2025 12:47:00 PM,30,TRAFFIC SIGNAL,FUNCTIONING PROPERLY,CLEAR,DAYLIGHT,PEDESTRIAN,DIVIDED - W/MEDIAN BARRIER,,STRAIGHT AND LEVEL,DRY,NO DEFECTS,ON SCENE,INJURY AND / OR TOW DUE TO CRASH,,,Y,"OVER $1,500",07/24/2025 12:50:00 PM,UNABLE TO DETERMINE,NOT APPLICABLE,3303,S,DR MARTIN LUTHER KING JR DR,211,,,,,,,2,NONINCAPACITATING INJURY,1,0,0,1,0,1,0,12,5,7,41.8346562083,-87.6169018131,POINT (-87.616901813126 41.834656208252)
6250ad176fed5d8cd9289ea93e20b1dbf422480857498b3fc6eb90eb28884083a1d2952b80ae45712b402cd130f3623b1eaefa76a183097c0071cf194f151a03,Y,07/24/2025 12:45:00 PM,15,NO CONTROLS,NO CONTROLS,CLEAR,DAYLIGHT,PARKED MOTOR VEHICLE,OTHER,,STRAIGHT AND LEVEL,UNKNOWN,UNKNOWN,NOT ON SCENE (DESK REPORT),NO INJURY / DRIVE AWAY,,Y,Y,"$501 - $1,500",07/24/2025 02:15:00 PM,UNABLE TO DETERMINE,UNABLE TO DETERMINE,500,S,CENTRAL AVE,1513,,,,,,,2,NO INDICATION OF INJURY,0,0,0,0,0,1,0,12,5,7,41.8737732515,-87.7647697044,POINT (-87.764769704361 41.873773251493)
b4e7aa9c6965653af383ddb56be1e571c256095f3084ea692ccc4e7d7556246d2234fc7fdf7dcb82472dc0a71e0b752ff0cabf24473ee40d5c2ed268fac44380,,07/24/2025 12:45:00 PM,30,NO CONTROLS,NO CONTROLS,CLEAR,DAYLIGHT,SIDESWIPE OPPOSITE DIRECTION,NOT DIVIDED,,STRAIGHT AND LEVEL,DRY,NO DEFECTS,NOT ON SCENE (DESK REPORT),NO INJURY / DRIVE AWAY,,,,"OVER $1,500",07/24/2025 12:50:00 PM,UNABLE TO DETERMINE,UNABLE TO DETERMINE,900,E,111TH ST,513,,,,,,,2,NO INDICATION OF INJURY,0,0,0,0,0,2,0,12,5,7,41.6929656594,-87.6005620394,POINT (-87.600562039387 41.692965659428)
bc3d74b6c0cd6efa46fa1a3f136b683060b31d322ea21522d170f1504935a81b63a8f244e22c90602266b1154b76ec7113ab102a3ffcbaf62301339b46ea3366,,07/24/2025 12:45:00 PM,30,STOP SIGN/FLASHER,UNKNOWN,CLEAR,DAYLIGHT,REAR END,FOUR WAY,,STRAIGHT AND LEVEL,UNKNOWN,UNKNOWN,NOT ON SCENE (DESK REPORT),NO INJURY / DRIVE AWAY,,,,"OVER $1,500",07/24/2025 02:27:00 PM,UNABLE TO DETERMINE,UNABLE TO DETERMINE,8024,S,STONY ISLAND AVE,411,,,,,,,2,NO INDICATION OF INJURY,0,0,0,0,0,2,0,12,5,7,41.7488851595,-87.5860397535,POINT (-87.586039753513 41.748885159474)
6279c94299ae84231d06b6bce43efb4fcc3f5b72ae934b8b757c52720898bb2db5c2ec3f3c56bc4693daedb98c9946dacbb86559cc0b406a65bbe1c8cc613caa,,07/24/2025 12:40:00 PM,30,TRAFFIC SIGNAL,FUNCTIONING PROPERLY,CLEAR,DAYLIGHT,REAR END,FOUR WAY,,STRAIGHT AND LEVEL,DRY,UNKNOWN,NOT ON SCENE (DESK REPORT),NO INJURY / DRIVE AWAY,Y,,,$500 OR LESS,07/24/2025 02:20:00 PM,FAILING TO REDUCE SPEED TO AVOID CRASH,NOT APPLICABLE,800,E,75TH ST,323,,,,,,,2,NO INDICATION OF INJURY,0,0,0,0,0,2,0,12,5,7,41.75869138,-87.60533417,POINT (-87.605334170015 41.75869137995)
6dbba6a769aa10f45719f70c0c07d39fb380bfeaca5af2a9b9a621031d0a24b41ac0e6441397d0f1c395ada4ff52550cc32e0a99f8733b7737d43aec85fe9d10,,07/24/2025 12:40:00 PM,15,NO CONTROLS,NO CONTROLS,CLEAR,DAYLIGHT,PARKED MOTOR VEHICLE,ONE-WAY,,STRAIGHT AND LEVEL,DRY,NO DEFECTS,NOT ON SCENE (DESK REPORT),NO INJURY / DRIVE AWAY,,,,"$501 - $1,500",07/24/2025 05:55:00 PM,UNABLE TO DETERMINE,UNABLE TO DETERMINE,17,N,WABASH AVE,112,,,,,,,2,NO INDICATION OF INJURY,0,0,0,0,0,1,0,12,5,7,41.8824814273,-87.6260768269,POINT (-87.626076826909 41.8824814273)
12237bd3ccfb01b346ddcc74da71098b55e2c245557e6e414c9269573fde18f77a974d34daaef2c3d5bbd80300160d1ad201d605e37b012f2b0fb157371a812c,,07/24/2025 12:30:00 PM,10,NO CONTROLS,NO CONTROLS,CLEAR,DAYLIGHT,PARKED MOTOR VEHICLE,PARKING LOT,,STRAIGHT AND LEVEL,DRY,NO DEFECTS,ON SCENE,NO INJURY / DRIVE AWAY,,,,"$501 - $1,500",07/25/2025 10:15:00 AM,UNABLE TO DETERMINE,NOT APPLICABLE,3020,S,HALSTED ST,913,,,,,,,2,NO INDICATION OF INJURY,0,0,0,0,0,1,0,12,5,7,41.8392068323,-87.6464535456,POINT (-87.646453545641 41.839206832287)
a6ed7ff0cb5f92f2230546ea67b7467d9aca9fdfe0a969ef7087c9441afff15f0d304c43160553671b587f749dc56872fd081c6ae13daf04db9f50e4e3ef485d,Y,07/24/2025 12:30:00 PM,25,NO CONTROLS,NO CONTROLS,CLEAR,DAYLIGHT,PARKED MOTOR VEHICLE,OTHER,,STRAIGHT AND LEVEL,UNKNOWN,UNKNOWN,NOT ON SCENE (DESK REPORT),NO INJURY / DRIVE AWAY,,Y,Y,"$501 - $1,500",07/24/2025 01:42:00 PM,UNABLE TO DETERMINE,UNABLE TO DETERMINE,642,N,PULASKI RD,1111,,,,,,,2,NO INDICATION OF INJURY,0,0,0,0,0,1,0,12,5,7,41.8929311028,-87.7261568279,POINT (-87.726156827911 41.892931102846)
e5492d8dfbe4189d56657fdd93feac1117fd73ad4fe7c4bc25962b9fea04ae12f3335b3e3353f873cadba925c854cdaa333c4936e2de4046ed7efc137f989b88,Y,07/24/2025 12:30:00 PM,15,NO CONTROLS,NO CONTROLS,CLEAR,DAYLIGHT,ANGLE,PARKING LOT,,STRAIGHT AND LEVEL,DRY,UNKNOWN,NOT ON SCENE (DESK REPORT),NO INJURY / DRIVE AWAY,,,,"OVER $1,500",07/24/2025 01:00:00 PM,FAILING TO YIELD RIGHT-OF-WAY,NOT APPLICABLE,2746,N,CLYBOURN AVE,1931,,,,,,,2,NO INDICATION OF INJURY,0,0,0,0,0,3,0,12,5,7,41.9310210058,-87.6768640181,POINT (-87.676864018134 41.931021005798)
bdc0331fd9467c35fff979f679cf056d56e7f2df811bf0194bff724fbfea48e16d67fee8f4a71dd00d5b74013b8e654a79ccc2cc62f32859eabd8ed143ffc876,,07/24/2025 12:23:00 PM,30,NO CONTROLS,NO CONTROLS,CLEAR,DAYLIGHT,PEDALCYCLIST,ALLEY,,STRAIGHT AND LEVEL,DRY,UNKNOWN,ON SCENE,INJURY AND / OR TOW DUE TO CRASH,,,Y,$500 OR LESS,07/24/2025 12:25:00 PM,FAILING TO REDUCE SPEED TO AVOID CRASH,UNABLE TO DETERMINE,4000,W,GLADYS AVE,1132,,,,,,,2,INCAPACITATING INJURY,1,0,1,0,0,1,0,12,5,7,41.8762867389,-87.7256401951,POINT (-87.725640195139 41.876286738946)
8579a99e3b453fab27e34353f88a5773ef4e798a169d3faeaba7f96159cfaba4c3e3d1ca45c41cd0b09c6dfd7288407f10cb36d38b87d6021bf55538a80ad9d9,,07/24/2025 12:20:00 PM,30,UNKNOWN,UNKNOWN,CLEAR,DAYLIGHT,REAR TO SIDE,PARKING LOT,,STRAIGHT AND LEVEL,UNKNOWN,UNKNOWN,,NO INJURY / DRIVE AWAY,,,,"$501 - $1,500",07/24/2025 01:29:00 PM,UNABLE TO DETERMINE,UNABLE TO DETERMINE,9901,S,DR MARTIN LUTHER KING JR DR,511,,,,,,,2,NO INDICATION OF INJURY,0,0,0,0,0,2,0,12,5,7,41.7145740319,-87.6138305262,POINT (-87.613830526229 41.714574031879)
407bab159d3e1256ddcfe45ebe0732679f802d5356d90610f6e81a66e4ce88ad4d084bf8df5db90e0ec7fb860d43e7a04692dc1b86b1911f5f6817f1aa1283e3,,07/24/2025 12:10:00 PM,30,UNKNOWN,UNKNOWN,CLEAR,DAYLIGHT,REAR END,NOT DIVIDED,,STRAIGHT AND LEVEL,UNKNOWN,UNKNOWN,NOT ON SCENE (DESK REPORT),NO INJURY / DRIVE AWAY,,,Y,"OVER $1,500",07/24/2025 04:40:00 PM,UNABLE TO DETERMINE,UNABLE TO DETERMINE,300,S,DAMEN AVE,1225,,,,,,,2,NO INDICATION OF INJURY,0,0,0,0,0,2,0,12,5,7,41.8774128376,-87.6766908959,POINT (-87.676690895903 41.877412837573)