CRASH_RECORD_ID,CRASH_DATE_EST_I,CRASH_DATE,POSTED_SPEED_LIMIT,TRAFFIC_CONTROL_DEVICE,DEVICE_CONDITION,WEATHER_CONDITION,LIGHTING_CONDITION,FIRST_CRASH_TYPE,TRAFFICWAY_TYPE,LANE_CNT,ALIGNMENT,ROADWAY_SURFACE_COND,ROAD_DEFECT,REPORT_TYPE,CRASH_TYPE,INTERSECTION_RELATED_I,NOT_RIGHT_OF_WAY_I,HIT_AND_RUN_I,DAMAGE,DATE_POLICE_NOTIFIED,PRIM_CONTRIBUTORY_CAUSE,SEC_CONTRIBUTORY_CAUSE,STREET_NO,STREET_DIRECTION,STREET_NAME,BEAT_OF_OCCURRENCE,PHOTOS_TAKEN_I,STATEMENTS_TAKEN_I,DOORING_I,WORK_ZONE_I,WORK_ZONE_TYPE,WORKERS_PRESENT_I,NUM_UNITS,MOST_SEVERE_INJURY,INJURIES_TOTAL,INJURIES_FATAL,INJURIES_INCAPACITATING,INJURIES_NON_INCAPACITATING,INJURIES_REPORTED_NOT_EVIDENT,INJURIES_NO_INDICATION,INJURIES_UNKNOWN,CRASH_HOUR,CRASH_DAY_OF_WEEK,CRASH_MONTH,LATITUDE,LONGITUDE,LOCATION
ec46d21e6a1ae6088c75746dff11e4276d2a349c8aef0d8b8dd8d5310feff4c665aa3aac7bc69e046105b19de4fe883b5263ee30e4e7bcc6c2c54a8a4e8592c1,,07/24/2025 12:10:00 PM,30,TRAFFIC SIGNAL,UNKNOWN,CLEAR,DAYLIGHT,ANGLE,FOUR WAY,,STRAIGHT AND LEVEL,DRY,NO DEFECTS,NOT ON SCENE (DESK REPORT),NO INJURY / DRIVE AWAY,,,,"OVER $1,500",07/24/2025 02:00:00 PM,FAILING TO YIELD RIGHT-OF-WAY,UNABLE TO DETERMINE,300,S,SACRAMENTO BLVD,1124,,,,,,,2,NO INDICATION OF INJURY,0,0,0,0,0,2,0,12,5,7,41.8773028284,-87.7012537884,POINT (-87.701253788355 41.877302828389)
643aacd1a2d6c7ff6b894aee5758b9095f91865b7516ad03e9f6388dc2eb676446d45fc4f57b96d330dde419609acc07556940c1a73d47faea63c2726e057f65,,07/24/2025 12:05:00 PM,30,NO CONTROLS,NO CONTROLS,CLEAR,DAYLIGHT,PARKED MOTOR VEHICLE,DIVIDED - W/MEDIAN (NOT RAISED),,STRAIGHT AND LEVEL,DRY,NO DEFECTS,NOT ON SCENE (DESK REPORT),NO INJURY / DRIVE AWAY,,,,"$501 - $1,500",07/24/2025 01:25:00 PM,IMPROPER BACKING,NOT APPLICABLE,225,N,ELIZABETH ST,1215,,,,,,,2,NO INDICATION OF INJURY,0,0,0,0,0,3,0,12,5,7,41.8862802429,-87.6587344871,POINT (-87.658734487133 41.886280242896)
1e4da5b93cbec56bd872111a0a6466be6b4113f7fb4d6d1dbfa7ad6be37bec785f16d371645f248d268c8935dcd7b12a1a6df90c2c3bb39cd0847af51205aebb,,07/24/2025 12:00:00 PM,30,NO CONTROLS,NO CONTROLS,CLEAR,DAYLIGHT,PARKED MOTOR VEHICLE,NOT DIVIDED,,STRAIGHT AND LEVEL,DRY,NO DEFECTS,NOT ON SCENE (DESK REPORT),NO INJURY / DRIVE AWAY,,,Y,$500 OR LESS,07/24/2025 12:30:00 PM,UNABLE TO DETERMINE,UNABLE TO DETERMINE,2427,N,MILWAUKEE AVE,1414,,,,,,,2,NO INDICATION OF INJURY,0,0,0,0,0,1,0,12,5,7,41.9253880182,-87.7011697404,POINT (-87.701169740405 41.925388018226)
4038f442713660db72ddbbca0f18bc816259606fc8359a11cfa2a2dd0eba7ee5d41b10db85ec2647423c86bb4ec6706c49af530514431e3efbcd72e2068a6a7a,,07/24/2025 12:00:00 PM,10,NO CONTROLS,NO CONTROLS,CLEAR,DAYLIGHT,REAR TO REAR,PARKING LOT,,STRAIGHT AND LEVEL,DRY,UNKNOWN,NOT ON SCENE (DESK REPORT),NO INJURY / DRIVE AWAY,,,Y,"OVER $1,500",07/24/2025 01:00:00 PM,UNABLE TO DETERMINE,NOT APPLICABLE,6430,W,IRVING PARK RD,1632,,,,,,,2,NO INDICATION OF INJURY,0,0,0,0,0,2,0,12,5,7,41.9530102332,-87.7877071626,POINT (-87.787707162599 41.953010233235)
55e98fe04e1b4a35a89411ec3f6a47a60026b246db34a2617d0d7e045d6509432cb252825794e80afb3661a2f59e55e7cceb0500c3975d31dc3177b894fe0c10,,07/24/2025 12:00:00 PM,30,NO CONTROLS,NO CONTROLS,CLEAR,DAYLIGHT,ANGLE,NOT DIVIDED,,STRAIGHT AND LEVEL,UNKNOWN,UNKNOWN,NOT ON SCENE (DESK REPORT),NO INJURY / DRIVE AWAY,,,,"OVER $1,500",07/24/2025 01:30:00 PM,UNABLE TO DETERMINE,NOT APPLICABLE,2651,W,ROOSEVELT RD,1023,,,,,,,2,NO INDICATION OF INJURY,0,0,0,0,0,2,0,12,5,7,41.8664319632,-87.6930447084,POINT (-87.693044708387 41.866431963179)
580dc99943915fccc605eda3b679554831802bb3888122c1f828c18873c77ca3077294104f119e5260e8be1a00495a6db674b313d6a07ecd8806bd90d25dd120,,07/24/2025 12:00:00 PM,10,NO CONTROLS,NO CONTROLS,UNKNOWN,DAYLIGHT,PARKED MOTOR VEHICLE,PARKING LOT,,STRAIGHT AND LEVEL,UNKNOWN,NO DEFECTS,NOT ON SCENE (DESK REPORT),NO INJURY / DRIVE AWAY,,,,$500 OR LESS,08/05/2025 02:20:00 PM,IMPROPER BACKING,UNABLE TO DETERMINE,2019,W,LAWRENCE AVE,1911,,,,,,,2,NO INDICATION OF INJURY,0,0,0,0,0,1,0,12,5,7,41.9686353093,-87.6800056684,POINT (-87.680005668354 41.968635309313)
619f6c8fd14b0558329b527070306a358439cd27494c64766128adc993cfeb9a160ee6f4b638138cf9a07adef173c797fc586804c23320729330ee1b8787fa4e,,07/24/2025 12:00:00 PM,30,NO CONTROLS,NO CONTROLS,RAIN,DAYLIGHT,PARKED MOTOR VEHICLE,PARKING LOT,,STRAIGHT AND LEVEL,DRY,NO DEFECTS,NOT ON SCENE (DESK REPORT),NO INJURY / DRIVE AWAY,,,Y,"OVER $1,500",07/24/2025 02:40:00 PM,IMPROPER LANE USAGE,UNABLE TO DETERMINE,10001,S,WOODLAWN AVE,511,,,,,,,2,NO INDICATION OF INJURY,0,0,0,0,0,1,0,12,5,7,41.7129086148,-87.59229973,POINT (-87.592299730039 41.712908614763)
9c4c114fc2a3df2479f3dd75250e0b30630e8de4fc76da903a705c70f50f40576e2eaa7c0d9e1859d592c0dcbb251fa2b081fe467c62e19347f1582dc194253d,,07/24/2025 12:00:00 PM,10,NO CONTROLS,NO CONTROLS,CLEAR,DAYLIGHT,ANGLE,PARKING LOT,,STRAIGHT AND LEVEL,DRY,NO DEFECTS,NOT ON SCENE (DESK REPORT),NO INJURY / DRIVE AWAY,,,,"OVER $1,500",07/24/2025 12:42:00 PM,DRIVING SKILLS/KNOWLEDGE/EXPERIENCE,NOT APPLICABLE,11730,S,MARSHFIELD AVE,2234,,,,,,,2,NO INDICATION OF INJURY,0,0,0,0,0,2,0,12,5,7,41.6803322053,-87.6625846787,POINT (-87.662584678739 41.680332205335)
b51fe879afcb93b1b210291e25f53515af6145a51c3bc0ba724fd280e4da8d1985300ec742eb30b2844b6390b7b0e7ce47d2a73e3d95027a777be21ca4ec8b81,,07/24/2025 12:00:00 PM,30,NO CONTROLS,NO CONTROLS,CLEAR,DAYLIGHT,REAR END,NOT DIVIDED,,STRAIGHT AND LEVEL,DRY,NO DEFECTS,ON SCENE,INJURY AND / OR TOW DUE TO CRASH,,,,"OVER $1,500",07/24/2025 12:36:00 PM,FOLLOWING TOO CLOSELY,DISTRACTION - FROM OUTSIDE VEHICLE,3935,W,MADISON ST,1122,,Y,,,,,2,NONINCAPACITATING INJURY,1,0,0,1,0,2,0,12,5,7,41.8806361398,-87.7241932187,POINT (-87.724193218673 41.880636139813)
c455d8a592c20dc793ce3b99bb210112bfd36dee3d67c8a624d8d6fd6c264a4bcb41ffb0dd7147d9c10af51238c7aba82054759e662673a03ccdd319e876aeb4,,07/24/2025 12:00:00 PM,35,NO CONTROLS,NO CONTROLS,CLEAR,DAYLIGHT,REAR END,NOT DIVIDED,,STRAIGHT AND LEVEL,DRY,NO DEFECTS,ON SCENE,INJURY AND / OR TOW DUE TO CRASH,,,,"OVER $1,500",07/24/2025 12:04:00 PM,FOLLOWING TOO CLOSELY,NOT APPLICABLE,3000,W,111TH ST,2211,,,,,,,2,NO INDICATION OF INJURY,0,0,0,0,0,2,0,12,5,7,41.6917314921,-87.6962117206,POINT (-87.696211720636 41.691731492068)
5c63a0a66e43f4b292c395ba85fb5c2e806284fae40fd920d84ed356f96ae6b38a0db14b97638ff879469643c604ccb276510797e83c3af9b631f83172d2fa2f,,07/24/2025 11:50:00 AM,30,NO CONTROLS,NO CONTROLS,CLEAR,DAYLIGHT,REAR END,NOT DIVIDED,,STRAIGHT AND LEVEL,DRY,NO DEFECTS,NOT ON SCENE (DESK REPORT),NO INJURY / DRIVE AWAY,,,,"$501 - $1,500",07/24/2025 12:30:00 PM,NOT APPLICABLE,NOT APPLICABLE,6355,N,BROADWAY,2433,,,,,,,2,NO INDICATION OF INJURY,0,0,0,0,0,2,0,11,5,7,41.997995606,-87.6603781312,POINT (-87.660378131194 41.997995606007)
bf4c32b313660b41b2117398e07ebbce5a2ecde4ee0d944a31b4fcf166a5278fd7319cd3b8bac788f89f1ae2510887f3cd67be8d570e52f0304f7b337b054d68,Y,07/24/2025 11:50:00 AM,0,NO CONTROLS,NO CONTROLS,CLEAR,DAYLIGHT,OTHER OBJECT,OTHER,,STRAIGHT AND LEVEL,UNKNOWN,UNKNOWN,ON SCENE,NO INJURY / DRIVE AWAY,,Y,,"OVER $1,500",07/24/2025 11:58:00 AM,UNABLE TO DETERMINE,NOT APPLICABLE,4020,W,SCHUBERT AVE,2524,,,,,,,1,NO INDICATION OF INJURY,0,0,0,0,0,1,0,11,5,7,41.930051779,-87.7278126368,POINT (-87.727812636764 41.930051778984)
06c4643ca1d52fecd2d38e13aff8408ece54ceba58826ec9c02dc6aade69eee833f7f160e1da5225e4a485415d23c501663a86093a6f5f801ed67e571c6cf38a,,07/24/2025 11:40:00 AM,30,TRAFFIC SIGNAL,FUNCTIONING PROPERLY,CLEAR,DAYLIGHT,TURNING,FOUR WAY,,STRAIGHT AND LEVEL,DRY,UNKNOWN,ON SCENE,INJURY AND / OR TOW DUE TO CRASH,Y,,Y,"OVER $1,500",07/24/2025 11:45:00 AM,FAILING TO YIELD RIGHT-OF-WAY,FAILING TO YIELD RIGHT-OF-WAY,1559,N,HUMBOLDT DR,1423,,,,,,,4,NO INDICATION OF INJURY,0,0,0,0,0,8,0,11,5,7,41.9100666372,-87.7017157989,POINT (-87.7017157989 41.910066637234)
d46bbeeaa64cd9d463171e72dfb382285015d3754896e9efba36c1127e6e60188dacd5c09dc502143625a2a22cebc115b55b1afd9995bc566ef2f84106c1711f,,07/24/2025 11:35:00 AM,30,TRAFFIC SIGNAL,FUNCTIONING PROPERLY,CLEAR,"DARKNESS, LIGHTED ROAD",TURNING,FOUR WAY,,STRAIGHT AND LEVEL,UNKNOWN,UNKNOWN,NOT ON SCENE (DESK REPORT),NO INJURY / DRIVE AWAY,Y,,Y,"$501 - $1,500",07/25/2025 12:20:00 AM,DISREGARDING TRAFFIC SIGNALS,NOT APPLICABLE,731,S,AUSTIN BLVD,1513,,,,,,,2,NO INDICATION OF INJURY,0,0,0,0,0,2,0,11,5,7,41.8704213831,-87.7741288414,POINT (-87.774128841398 41.870421383124)
199ff82e9312c3a88927d864be3e4ef3e7ed8f7a45ccfe8610a6aed3c2543bcf327b07ce3d729a70b06bb82601991b2fa34c9a48d315ee2e0680c1159d130f09,Y,07/24/2025 11:30:00 AM,30,NO CONTROLS,NO CONTROLS,CLEAR,DAYLIGHT,PARKED MOTOR VEHICLE,ONE-WAY,,STRAIGHT AND LEVEL,DRY,NO DEFECTS,ON SCENE,NO INJURY / DRIVE AWAY,,,Y,"OVER $1,500",07/24/2025 11:39:00 AM,UNABLE TO DETERMINE,NOT APPLICABLE,2349,N,MOODY AVE,2512,,,,,,,2,NO INDICATION OF INJURY,0,0,0,0,0,1,0,11,5,7,41.9230227524,-87.7791912245,POINT (-87.779191224532 41.923022752386)
8b0b738df0ff77f4dc87cb86585391cab33cc11cdd80d137ef8d4ddd18e0806580c0ca85e6202549cce9ed894f13f9b92481853bf2f619e76d07f144881a00e7,,07/24/2025 11:30:00 AM,30,NO CONTROLS,NO CONTROLS,CLEAR,DAYLIGHT,PARKED MOTOR VEHICLE,NOT DIVIDED,,STRAIGHT AND LEVEL,DRY,UNKNOWN,NOT ON SCENE (DESK REPORT),NO INJURY / DRIVE AWAY,,,,"OVER $1,500",07/24/2025 02:45:00 PM,UNABLE TO DETERMINE,NOT APPLICABLE,7115,W,ARMITAGE AVE,2513,,,,,,,2,NO INDICATION OF INJURY,0,0,0,0,0,1,0,11,5,7,41.9161137353,-87.8030079677,POINT (-87.803007967695 41.91611373526)
c4a45f03ce95c7490d2b800d908ed612d9a64b491a87b20c343bd49370b5d967245e61017b1a5569302dc5c7b3c02fec26f67998bb07498420f8f3352e50aff9,,07/24/2025 11:30:00 AM,30,NO CONTROLS,NO CONTROLS,CLEAR,DAYLIGHT,SIDESWIPE SAME DIRECTION,NOT DIVIDED,,STRAIGHT AND LEVEL,DRY,NO DEFECTS,NOT ON SCENE (DESK REPORT),NO INJURY / DRIVE AWAY,,,,"$501 - $1,500",07/24/2025 02:10:00 PM,IMPROPER OVERTAKING/PASSING,NOT APPLICABLE,1800,S,MAY ST,1235,,,,,,,2,NO INDICATION OF INJURY,0,0,0,0,0,2,0,11,5,7,41.8579435477,-87.6549930851,POINT (-87.654993085131 41.857943547686)
9720992619c92c9341bc3e181ff6979e7cbbb146c661ea71bb6abe883010f925a3fa74945630b1ca54f749f13c0a79eb59473b6677889793a2f5d836e25bbb90,,07/24/2025 11:26:00 AM,30,NO CONTROLS,NO CONTROLS,CLEAR,DAYLIGHT,REAR TO FRONT,DIVIDED - W/MEDIAN BARRIER,,STRAIGHT AND LEVEL,DRY,NO DEFECTS,NOT ON SCENE (DESK REPORT),NO INJURY / DRIVE AWAY,,,,"OVER $1,500",07/24/2025 12:15:00 PM,IMPROPER BACKING,FAILING TO YIELD RIGHT-OF-WAY,1811,S,MAY ST,1235,,,,,,,2,NO INDICATION OF INJURY,0,0,0,0,0,2,0,11,5,7,41.8576025499,-87.6546909215,POINT (-87.654690921467 41.857602549906)
84b329bc01d8dfa1d38976bbf3d3cd4e1892161cd2f95a4021829431375fffb5775d03e38a8c8c653de8d38374ebfbfa18f23d3fbd313ee88646bf684a2286ed,,07/24/2025 11:25:00 AM,30,NO CONTROLS,NO CONTROLS,CLEAR,DAYLIGHT,PEDESTRIAN,NOT DIVIDED,,STRAIGHT AND LEVEL,DRY,NO DEFECTS,NOT ON SCENE (DESK REPORT),NO INJURY / DRIVE AWAY,,,,$500 OR LESS,07/24/2025 11:30:00 AM,UNABLE TO DETERMINE,UNABLE TO DETERMINE,4129,S,ARCHER AVE,921,,,,,,,2,NO INDICATION OF INJURY,0,0,0,0,0,2,0,11,5,7,41.8183770485,-87.6970221392,POINT (-87.697022139223 41.818377048535)
0897db5fcf0dae68deeaca0385308557c69b2094f75daabdf6b70013025506ac975b243e6cd5a2838d477b78bae65e68fef6beb931d715f192ad7dd451c7bd74,,07/24/2025 11:20:00 AM,30,NO CONTROLS,NO CONTROLS,CLEAR,DAYLIGHT,REAR END,NOT DIVIDED,,STRAIGHT AND LEVEL,DRY,NO DEFECTS,ON SCENE,NO INJURY / DRIVE AWAY,,,,"OVER $1,500",07/24/2025 11:21:00 AM,FOLLOWING TOO CLOSELY,UNABLE TO DETERMINE,1432,W,DEVON AVE,2432,,,,,,,2,NO INDICATION OF INJURY,0,0,0,0,0,2,0,11,5,7,41.9982312654,-87.6668043036,POINT (-87.666804303643 41.998231265446)
277420968d565d635cb54a6797eba42263ee711f18dc812f38b244609ba92f20eb92399782610475afc655d697714c41c756b57c0550856a6e5b6f7dc62f07a8,,07/24/2025 11:20:00 AM,30,OTHER REG. SIGN,FUNCTIONING PROPERLY,CLEAR,DAYLIGHT,FIXED OBJECT,DIVIDED - W/MEDIAN BARRIER,,STRAIGHT AND LEVEL,DRY,NO DEFECTS,ON SCENE,INJURY AND / OR TOW DUE TO CRASH,,Y,,"OVER $1,500",07/24/2025 11:25:00 AM,DRIVING SKILLS/KNOWLEDGE/EXPERIENCE,UNABLE TO DETERMINE,340,W,35TH ST,915,,,,,,,1,NO INDICATION OF INJURY,0,0,0,0,0,1,0,11,5,7,41.8310007628,-87.6354804053,POINT (-87.635480405341 41.831000762797)
5d2e1b6b676273d748060073e3941f33b85f2019008506ab38c932db25269fd88304075f3d4e5985be283e1e26f6181e6bf64b7697a8c764a14c13994e2a2697,,07/24/2025 11:18:00 AM,10,STOP SIGN/FLASHER,FUNCTIONING PROPERLY,CLEAR,DAYLIGHT,TURNING,PARKING LOT,,STRAIGHT AND LEVEL,DRY,NO DEFECTS,ON SCENE,NO INJURY / DRIVE AWAY,,Y,,"$501 - $1,500",07/24/2025 11:25:00 AM,FAILING TO YIELD RIGHT-OF-WAY,DISREGARDING STOP SIGN,5150,W,55TH ST,814,,,,,,,2,NO INDICATION OF INJURY,0,0,0,0,0,2,0,11,5,7,41.7930028559,-87.7521195809,POINT (-87.752119580929 41.793002855945)
0b8706ff56f31dbaee0685de58733dd2260d1cc8ecf388e1660af6965a06a2b035a1df99d619aef5c222004f65823e715c299eb749d2491e3cc53bb5868da2cb,,07/24/2025 11:17:00 AM,30,TRAFFIC SIGNAL,FUNCTIONING PROPERLY,CLEAR,DAYLIGHT,SIDESWIPE SAME DIRECTION,DIVIDED - W/MEDIAN (NOT RAISED),,STRAIGHT AND LEVEL,DRY,NO DEFECTS,ON SCENE,NO INJURY / DRIVE AWAY,,,,"OVER $1,500",07/24/2025 11:38:00 AM,UNABLE TO DETERMINE,UNABLE TO DETERMINE,100,E,BALBO DR,114,,,,,,,2,NO INDICATION OF INJURY,0,0,0,0,0,2,0,11,5,7,41.8732724218,-87.6241252646,POINT (-87.62412526457 41.873272421845)
22b7907ad4818407fe334b0a594a18dd86617adcd3f04149d8a71709d147e01ae9f130e118cebdbdedd50dde9bd32f10b27771525b9da3956e56680b14874650,,07/24/2025 11:15:00 AM,30,NO CONTROLS,NO CONTROLS,CLEAR,"DARKNESS, LIGHTED ROAD",SIDESWIPE SAME DIRECTION,DIVIDED - W/MEDIAN (NOT RAISED),,STRAIGHT AND LEVEL,DRY,NO DEFECTS,NOT ON SCENE (DESK REPORT),NO INJURY / DRIVE AWAY,,,Y,"OVER $1,500",07/25/2025 05:00:00 AM,IMPROPER OVERTAKING/PASSING,DRIVING ON WRONG SIDE/WRONG WAY,5115,W,63RD ST,813,,,,,,,3,NO INDICATION OF INJURY,0,0,0,0,0,3,0,11,5,7,41.7781651622,-87.7502644562,POINT (-87.750264456164 41.778165162179)
d9f3a42c86b9a4fa4fceebae86e4c024b1f04aeb2de07b1b538c54bc681670f4e0cc353ab729c528f93256a125e66eae4dc64eeb9724685ad20836e69c620948,,07/24/2025 11:13:00 AM,30,NO CONTROLS,NO CONTROLS,CLEAR,DAYLIGHT,SIDESWIPE SAME DIRECTION,ONE-WAY,,STRAIGHT AND LEVEL,DRY,NO DEFECTS,ON SCENE,INJURY AND / OR TOW DUE TO CRASH,,,,"$501 - $1,500",07/24/2025 11:29:00 AM,UNABLE TO DETERMINE,UNABLE TO DETERMINE,2276,S,LAKE SHORE DR SB,132,,,,,,,2,NONINCAPACITATING INJURY,1,0,0,1,0,1,0,11,5,7,41.8512139635,-87.6139636538,POINT (-87.613963653788 41.85121396352)
550c2bf69c2ce6f66aa4b88d07e1cb17fb95533628e7cfc47c50def5549b8091c82f8ebd19c2f060f6d88ba29e369e4c9fab2d6b0af938f199073132d424f8b0,,07/24/2025 11:12:00 AM,30,NO CONTROLS,NO CONTROLS,CLEAR,DAYLIGHT,SIDESWIPE SAME DIRECTION,NOT DIVIDED,,STRAIGHT AND LEVEL,UNKNOWN,UNKNOWN,NOT ON SCENE (DESK REPORT),NO INJURY / DRIVE AWAY,,,Y,"OVER $1,500",07/24/2025 11:45:00 AM,IMPROPER LANE USAGE,IMPROPER LANE USAGE,301,W,ROOSEVELT RD,124,,,,,,,2,NO INDICATION OF INJURY,0,0,0,0,0,2,0,11,5,7,41.867204608,-87.6347608319,POINT (-87.634760831867 41.867204608049)
bbd3911484bf935e9fef1987c2071197b79dd5e9307f96b3a773599995334e0d94651d2ad9e7df6556b97c0636d7e93d888978d013ffa99a3593fb29e06c5323,,07/24/2025 11:12:00 AM,30,NO CONTROLS,NO CONTROLS,CLEAR,DAYLIGHT,PARKED MOTOR VEHICLE,NOT DIVIDED,,STRAIGHT AND LEVEL,DRY,NO DEFECTS,ON SCENE,INJURY AND / OR TOW DUE TO CRASH,,,,"OVER $1,500",07/24/2025 11:12:00 AM,PHYSICAL CONDITION OF DRIVER,NOT APPLICABLE,701,E,51ST ST,233,,,,,,,3,INCAPACITATING INJURY,1,0,1,0,0,0,0,11,5,7,41.8021004519,-87.608695045,POINT (-87.608695044951 41.802100451908)
07f3c61e8602dac238e1ed891494d3c1e2f816e3e6be91965c18b1a5b0414acc878ea817a4c4bbba4ff276a2ad230e2ac498d19cd65075d03cc77bb2f936dfd9,,07/24/2025 11:11:00 AM,30,TRAFFIC SIGNAL,FUNCTIONING PROPERLY,CLEAR,DAYLIGHT,ANGLE,NOT REPORTED,,STRAIGHT AND LEVEL,DRY,NO DEFECTS,ON SCENE,NO INJURY / DRIVE AWAY,Y,,,"OVER $1,500",07/24/2025 11:12:00 AM,DISTRACTION - FROM INSIDE VEHICLE,DISREGARDING TRAFFIC SIGNALS,30,W,71ST ST,731,,,,,,,2,NO INDICATION OF INJURY,0,0,0,0,0,6,0,11,5,7,41.7655551115,-87.6260694124,POINT (-87.626069412359 41.765555111514)
4ed42be03a4cbe683d7caf5e4550abfc54e1f467b5c79aaed4a7133122f276313937f8f8d70574d75ab812a0bc3bce00d049573fa7b1c6ddf73059135d983972,,07/24/2025 11:11:00 AM,30,TRAFFIC SIGNAL,FUNCTIONING PROPERLY,CLEAR,"DARKNESS, LIGHTED ROAD",SIDESWIPE SAME DIRECTION,DIVIDED - W/MEDIAN (NOT RAISED),,STRAIGHT AND LEVEL,DRY,NO DEFECTS,NOT ON SCENE (DESK REPORT),NO INJURY / DRIVE AWAY,N,,,"$501 - $1,500",07/27/2025 01:21:00 PM,IMPROPER OVERTAKING/PASSING,NOT APPLICABLE,111,E,WACKER DR,114,,,,,,,2,NO INDICATION OF INJURY,0,0,0,0,0,3,0,11,5,7,41.8880794261,-87.6240473698,POINT (-87.624047369764 41.888079426105)
1ee3ed0717ce827716e3729a30f8b83b116a8cf888169fcf470f8b7a1943990bbd58c3e0be234c8f052b2ae04c18c8ffbff78c4641bcbc2cdd4304acd0f4eab5,,07/24/2025 11:10:00 AM,20,TRAFFIC SIGNAL,FUNCTIONING PROPERLY,CLEAR,DAYLIGHT,TURNING,DIVIDED - W/MEDIAN (NOT RAISED),,STRAIGHT AND LEVEL,DRY,NO DEFECTS,ON SCENE,NO INJURY / DRIVE AWAY,Y,,,"$501 - $1,500",07/24/2025 11:10:00 AM,"VISION OBSCURED (SIGNS, TREE LIMBS, BUILDINGS, ETC.)",IMPROPER LANE USAGE,330,W,BELMONT AVE,1925,,,,,,,2,NO INDICATION OF INJURY,0,0,0,0,0,2,0,11,5,7,41.9403529076,-87.6388491749,POINT (-87.63884917492 41.94035290762)
b58388eb2a33671e83ce49e3a8190c74030fad7ad6b57a986a8151de09b88002fb811d4057f8a63adf83796fd5c163bb16d785f066c6d69eed0289de7eda31c4,,07/24/2025 11:00:00 AM,30,NO CONTROLS,NO CONTROLS,CLEAR,DAYLIGHT,TURNING,DIVIDED - W/MEDIAN BARRIER,,STRAIGHT AND LEVEL,DRY,NO DEFECTS,NOT ON SCENE (DESK REPORT),NO INJURY / DRIVE AWAY,,,,"$501 - $1,500",07/24/2025 01:29:00 PM,IMPROPER OVERTAKING/PASSING,NOT APPLICABLE,5498,S,ASHLAND AVE,932,,,,,,,2,NO INDICATION OF INJURY,0,0,0,0,0,2,0,11,5,7,41.7936810037,-87.664721648,POINT (-87.664721647999 41.793681003742)
bf5ad63d20e31097b3fdec741519ec49f21a7203fc4d52fa7234b48c5121fc7ed7eaccfa05b01e62aab1c601baf240461e3dc36e93373a7adc2bec88f980dcf2,,07/24/2025 11:00:00 AM,30,NO CONTROLS,NO CONTROLS,CLEAR,DAYLIGHT,SIDESWIPE SAME DIRECTION,ONE-WAY,,STRAIGHT AND LEVEL,DRY,NO DEFECTS,NOT ON SCENE (DESK REPORT),NO INJURY / DRIVE AWAY,,,,"$501 - $1,500",07/24/2025 12:30:00 PM,FAILING TO YIELD RIGHT-OF-WAY,UNABLE TO DETERMINE,10000,W,OHARE ST,1651,,,,,,,2,NO INDICATION OF INJURY,0,0,0,0,0,4,0,11,5,7,41.976201139,-87.9053091251,POINT (-87.905309125103 41.976201139024)
467a8bce113dfbcdcf8ab3bfcded25af2367b04945ebbabb4df0d12b4ba65d51a9dc76a8cf95936467c73fb13facf97854829862c55ee1e2ac9e9e7ec4e83661,,07/24/2025 10:51:00 AM,20,STOP SIGN/FLASHER,FUNCTIONING PROPERLY,CLEAR,DAYLIGHT,ANGLE,ONE-WAY,,STRAIGHT AND LEVEL,DRY,NO DEFECTS,NOT ON SCENE (DESK REPORT),NO INJURY / DRIVE AWAY,Y,,,"OVER $1,500",08/01/2025 10:00:00 AM,FAILING TO YIELD RIGHT-OF-WAY,UNABLE TO DETERMINE,4158,N,OAKLEY AVE,1911,,,,,,,2,NO INDICATION OF INJURY,0,0,0,0,0,2,0,10,5,7,41.9576086957,-87.6862918698,POINT (-87.686291869792 41.957608695683)
979f43f80031eecc582a0ba60b8b6f1a3e2c72ef9ad5f2744990546f2fe424ba1252cf6ac7870902e98a3bcc174bf1c346082083d62dd9a64e7555fb9632e2b9,,07/24/2025 10:51:00 AM,35,NO CONTROLS,NO CONTROLS,CLEAR,DAYLIGHT,PARKED MOTOR VEHICLE,DIVIDED - W/MEDIAN (NOT RAISED),,STRAIGHT AND LEVEL,DRY,NO DEFECTS,ON SCENE,INJURY AND / OR TOW DUE TO CRASH,,,,"OVER $1,500",07/24/2025 10:55:00 AM,EQUIPMENT - VEHICLE CONDITION,NOT APPLICABLE,5040,W,ADDISON ST,1634,,,,,,,2,NO INDICATION OF INJURY,0,0,0,0,0,1,0,10,5,7,41.9461522603,-87.7535322083,POINT (-87.753532208326 41.94615226026)
9a7cf1c026742472371c5cb4984bea84aa6eac1a11699c8e80ccfe550e311966fbc7c7ebade3f76b59372c3eddeacbf2559d287b37dd496ec476f168e6374312,,07/24/2025 10:45:00 AM,30,NO CONTROLS,NO CONTROLS,CLEAR,DAYLIGHT,SIDESWIPE SAME DIRECTION,NOT DIVIDED,,STRAIGHT AND LEVEL,UNKNOWN,UNKNOWN,NOT ON SCENE (DESK REPORT),NO INJURY / DRIVE AWAY,,,,"OVER $1,500",07/24/2025 11:10:00 AM,UNABLE TO DETERMINE,UNABLE TO DETERMINE,6300,N,NORTHWEST HWY,1612,,,,,,,2,NO INDICATION OF INJURY,0,0,0,0,0,2,0,10,5,7,41.9958252449,-87.8050974542,POINT (-87.805097454181 41.995825244901)