CRASH_RECORD_ID,CRASH_DATE_EST_I,CRASH_DATE,POSTED_SPEED_LIMIT,TRAFFIC_CONTROL_DEVICE,DEVICE_CONDITION,WEATHER_CONDITION,LIGHTING_CONDITION,FIRST_CRASH_TYPE,TRAFFICWAY_TYPE,LANE_CNT,ALIGNMENT,ROADWAY_SURFACE_COND,ROAD_DEFECT,REPORT_TYPE,CRASH_TYPE,INTERSECTION_RELATED_I,NOT_RIGHT_OF_WAY_I,HIT_AND_RUN_I,DAMAGE,DATE_POLICE_NOTIFIED,PRIM_CONTRIBUTORY_CAUSE,SEC_CONTRIBUTORY_CAUSE,STREET_NO,STREET_DIRECTION,STREET_NAME,BEAT_OF_OCCURRENCE,PHOTOS_TAKEN_I,STATEMENTS_TAKEN_I,DOORING_I,WORK_ZONE_I,WORK_ZONE_TYPE,WORKERS_PRESENT_I,NUM_UNITS,MOST_SEVERE_INJURY,INJURIES_TOTAL,INJURIES_FATAL,INJURIES_INCAPACITATING,INJURIES_NON_INCAPACITATING,INJURIES_REPORTED_NOT_EVIDENT,INJURIES_NO_INDICATION,INJURIES_UNKNOWN,CRASH_HOUR,CRASH_DAY_OF_WEEK,CRASH_MONTH,LATITUDE,LONGITUDE,LOCATION
9c7adc218d5e2076bdd61169bddaba7da00a2fa8be04d8a11ec01ca2d336b50266d86a1a2a8ccfec0892477f67213e6b5ee0b0957f5736ef6a9e1d81ac4a5d87,,07/24/2025 10:45:00 AM,35,TRAFFIC SIGNAL,FUNCTIONING PROPERLY,CLEAR,DAYLIGHT,PEDALCYCLIST,DIVIDED - W/MEDIAN BARRIER,,STRAIGHT AND LEVEL,DRY,UNKNOWN,ON SCENE,INJURY AND / OR TOW DUE TO CRASH,,,,"OVER $1,500",07/24/2025 10:47:00 AM,FAILING TO YIELD RIGHT-OF-WAY,NOT APPLICABLE,7100,S,STONY ISLAND AVE,324,,,,,,,2,NONINCAPACITATING INJURY,1,0,0,1,0,1,0,10,5,7,41.7659281922,-87.5864700779,POINT (-87.586470077922 41.76592819222)
bc59d64f3b41bd264cc1ea4e03b7f93a76601006f34878d81d208673169f2382b9eae5493be669482d7f1c41566c30311a405293ddbf246f7b8613b31b5b522a,,07/24/2025 10:44:00 AM,20,NO CONTROLS,NO CONTROLS,CLEAR,DAYLIGHT,SIDESWIPE SAME DIRECTION,ONE-WAY,,STRAIGHT AND LEVEL,DRY,NO DEFECTS,ON SCENE,NO INJURY / DRIVE AWAY,,,,$500 OR LESS,07/24/2025 10:50:00 AM,NOT APPLICABLE,NOT APPLICABLE,1,W,TERMINAL ST,1651,,,,,,,2,NO INDICATION OF INJURY,0,0,0,0,0,3,0,10,5,7,,,
abe40c440df5f1f031304a1a642ec46b429a84b2a48fd60e3ca20620b82ca303e4924c9a2f4186cc351b886601afbd4d8bc7e7bf8c64908fef0ec89f3e9b0bad,,07/24/2025 10:41:00 AM,20,NO CONTROLS,NO CONTROLS,CLEAR,DAYLIGHT,PARKED MOTOR VEHICLE,ONE-WAY,,STRAIGHT AND LEVEL,DRY,NO DEFECTS,NOT ON SCENE (DESK REPORT),NO INJURY / DRIVE AWAY,,,Y,$500 OR LESS,07/24/2025 11:25:00 AM,UNABLE TO DETERMINE,UNABLE TO DETERMINE,809,N,PAULINA ST,1213,,,,,,,2,NO INDICATION OF INJURY,0,0,0,0,0,1,0,10,5,7,41.8963365107,-87.6695973024,POINT (-87.669597302396 41.896336510742)
b601c8930ec5195a69c7b096b9ef0a4750e891a8f12a1682e4a91b7a20ef15b27fa05c7c0d27bf0c0e50b0268d35a5579a9b374e8c87b889414b2c3e9acf1724,,07/24/2025 10:39:00 AM,30,TRAFFIC SIGNAL,FUNCTIONING PROPERLY,CLEAR,DAYLIGHT,ANGLE,FOUR WAY,,STRAIGHT AND LEVEL,DRY,NO DEFECTS,ON SCENE,INJURY AND / OR TOW DUE TO CRASH,Y,,,"OVER $1,500",07/24/2025 10:39:00 AM,FAILING TO YIELD RIGHT-OF-WAY,DRIVING SKILLS/KNOWLEDGE/EXPERIENCE,200,E,51ST ST,224,,,,,,,3,"REPORTED, NOT EVIDENT",1,0,0,0,1,3,0,10,5,7,41.8021379499,-87.6209491795,POINT (-87.620949179536 41.802137949948)
932c5c6d99e7811f12bb75c6042a1f3c6b092ecfce304c6c81bd5b5a15e9d13510d696d6495796ac0fc21ca99f92e3c8525907688ff7ea3528392a22524db02b,,07/24/2025 10:37:00 AM,30,STOP SIGN/FLASHER,FUNCTIONING PROPERLY,CLEAR,DAYLIGHT,ANGLE,FOUR WAY,,STRAIGHT AND LEVEL,DRY,NO DEFECTS,ON SCENE,INJURY AND / OR TOW DUE TO CRASH,Y,,,"OVER $1,500",07/24/2025 10:38:00 AM,FAILING TO YIELD RIGHT-OF-WAY,UNABLE TO DETERMINE,4500,W,JACKSON BLVD,1113,,,,,,,2,"REPORTED, NOT EVIDENT",2,0,0,0,2,1,0,10,5,7,41.8770455936,-87.7378851869,POINT (-87.737885186908 41.877045593596)
4d3d249e330e6e7acead7505cb446c066a301447dc3d4efb1263fa485aa3e29593b9b559017c39e50660e655041139775c3bc73624ff435a46facc0aa9496f90,,07/24/2025 10:35:00 AM,10,NO CONTROLS,NO CONTROLS,CLEAR,DAYLIGHT,FIXED OBJECT,PARKING LOT,,STRAIGHT AND LEVEL,DRY,NO DEFECTS,ON SCENE,NO INJURY / DRIVE AWAY,,Y,,"$501 - $1,500",07/24/2025 10:39:00 AM,"VISION OBSCURED (SIGNS, TREE LIMBS, BUILDINGS, ETC.)",UNABLE TO DETERMINE,1300,N,ASHLAND AVE,1433,,,,,,,1,NO INDICATION OF INJURY,0,0,0,0,0,1,0,10,5,7,41.9051317589,-87.6676892207,POINT (-87.667689220736 41.905131758862)
b20103f577d3bb3075c96348b396a842a42a0ec6a4726aa6df42509df9471ea454a7c70c48ab5452b26464505471ec5c017bb1d6e29f983d520b8e5ec69f89b0,,07/24/2025 10:33:00 AM,30,UNKNOWN,UNKNOWN,CLEAR,DAYLIGHT,REAR END,NOT DIVIDED,,STRAIGHT AND LEVEL,DRY,NO DEFECTS,NOT ON SCENE (DESK REPORT),NO INJURY / DRIVE AWAY,,,,"OVER $1,500",07/24/2025 11:00:00 AM,UNABLE TO DETERMINE,UNABLE TO DETERMINE,3047,N,ELSTON AVE,1411,,,,,,,2,NO INDICATION OF INJURY,0,0,0,0,0,2,0,10,5,7,41.9367474798,-87.6942518088,POINT (-87.694251808776 41.936747479816)
10a21b0e4a8efa15162f61c80729d1e6c301cd1829f35a6cb24081be1e9178ab1c41c5f80e7e2491150a1d920472cf6895eddc89c518e9413228245f112dcda4,,07/24/2025 10:30:00 AM,35,UNKNOWN,UNKNOWN,CLEAR,DAYLIGHT,ANGLE,NOT DIVIDED,,STRAIGHT AND LEVEL,DRY,NO DEFECTS,NOT ON SCENE (DESK REPORT),NO INJURY / DRIVE AWAY,,,,"OVER $1,500",07/24/2025 01:05:00 PM,UNABLE TO DETERMINE,NOT APPLICABLE,6158,N,NORTHWEST HWY,1612,,,,,,,2,NO INDICATION OF INJURY,0,0,0,0,0,2,0,10,5,7,41.9935342185,-87.8012610208,POINT (-87.80126102081 41.993534218514)
ca31992bf5245f339930a076edaa9957a2a572a8fdb79186c7d7b8a4b60c5152ed548d75e30dbfb58fb04a7378ad9f4434086306c5ab22b653dba558d22f73fd,,07/24/2025 10:30:00 AM,25,NO CONTROLS,NO CONTROLS,CLEAR,DAYLIGHT,PARKED MOTOR VEHICLE,ONE-WAY,,STRAIGHT AND LEVEL,DRY,NO DEFECTS,ON SCENE,NO INJURY / DRIVE AWAY,,,,"OVER $1,500",07/24/2025 10:40:00 AM,NOT APPLICABLE,NOT APPLICABLE,330,W,OHARE ST,1654,,,,,,,2,NO INDICATION OF INJURY,0,0,0,0,0,1,0,10,5,7,,,
d45a7aec4c81d590bd08cf8b375120b3ec8c99bb44482838091e14c702ec91b59ab6085ab8c104cf5947590c5d8bd67456538f3d9e11df48b9be8accb4fad111,,07/24/2025 10:30:00 AM,35,NO CONTROLS,NO CONTROLS,CLEAR,DAYLIGHT,SIDESWIPE SAME DIRECTION,DIVIDED - W/MEDIAN (NOT RAISED),,STRAIGHT AND LEVEL,DRY,NO DEFECTS,ON SCENE,NO INJURY / DRIVE AWAY,,,Y,"$501 - $1,500",07/24/2025 10:40:00 AM,IMPROPER LANE USAGE,NOT APPLICABLE,1800,W,95TH ST,2221,,,,,,,2,NO INDICATION OF INJURY,0,0,0,0,0,2,0,10,5,7,41.7212557309,-87.6675509456,POINT (-87.667550945631 41.721255730866)
72049eb4c4667b4bdafd9d556bd3799ff8e145a1a31a9750f05afe5bb4785be7ecda3c2f6760b9feac8001a13124413629fb9d60694a3b9f8a9b09ab012fd732,,07/24/2025 10:24:00 AM,30,NO CONTROLS,NO CONTROLS,CLEAR,DAYLIGHT,REAR END,NOT DIVIDED,,STRAIGHT AND LEVEL,DRY,NO DEFECTS,NOT ON SCENE (DESK REPORT),NO INJURY / DRIVE AWAY,,,,"$501 - $1,500",07/24/2025 11:30:00 AM,FOLLOWING TOO CLOSELY,FOLLOWING TOO CLOSELY,3159,W,TOUHY AVE,2411,,,,,,,2,NO INDICATION OF INJURY,0,0,0,0,0,2,0,10,5,7,42.0117528054,-87.7089425643,POINT (-87.708942564305 42.011752805351)
d1a4157352872d94eda600ff03c6fe2988be16422aa82a1425d4281c4c928d43742334259e045ec4576bb905e6cc4f7f0efef165ea4742e446245115b80bc4a6,,07/24/2025 10:20:00 AM,30,STOP SIGN/FLASHER,UNKNOWN,CLEAR,DAYLIGHT,REAR END,NOT DIVIDED,,STRAIGHT AND LEVEL,DRY,UNKNOWN,ON SCENE,NO INJURY / DRIVE AWAY,,,,"OVER $1,500",07/24/2025 12:21:00 PM,FOLLOWING TOO CLOSELY,UNABLE TO DETERMINE,4700,S,LAKE SHORE DR NB,222,,,,,,,2,NO INDICATION OF INJURY,0,0,0,0,0,3,0,10,5,7,41.8105924989,-87.5893711119,POINT (-87.589371111902 41.810592498867)
bcc01af5b46fc20d67078e58a9b218f956e815f28e40b3685d9d74fb1e7291f2bf9e1785f97f65365db8fa79b65ff2cc525582006e1126b3f4c909ff1046e53b,,07/24/2025 10:16:00 AM,30,NO CONTROLS,NO CONTROLS,CLEAR,DAYLIGHT,SIDESWIPE SAME DIRECTION,NOT DIVIDED,,STRAIGHT AND LEVEL,DRY,NO DEFECTS,ON SCENE,NO INJURY / DRIVE AWAY,,,,"$501 - $1,500",07/24/2025 10:16:00 AM,FAILING TO YIELD RIGHT-OF-WAY,FAILING TO YIELD RIGHT-OF-WAY,5035,W,MONTROSE AVE,1624,,,,,,,2,NO INDICATION OF INJURY,0,0,0,0,0,2,0,10,5,7,41.9605272567,-87.7538289949,POINT (-87.753828994891 41.960527256691)
58b39d4043a7e137dbf83aaf4a79523bebc4564ecb4c2deada0f9949222ed91c48b43de9e9f670753c80ed02586c57261c2284533992bc25eb7dd6ccee2a5c57,,07/24/2025 10:09:00 AM,30,NO CONTROLS,NO CONTROLS,CLEAR,DAYLIGHT,SIDESWIPE SAME DIRECTION,ONE-WAY,,STRAIGHT AND LEVEL,DRY,NO DEFECTS,NOT ON SCENE (DESK REPORT),NO INJURY / DRIVE AWAY,,,Y,"OVER $1,500",07/25/2025 11:00:00 AM,UNABLE TO DETERMINE,NOT APPLICABLE,10436,S,WALLACE ST,2233,,,,,,,2,NO INDICATION OF INJURY,0,0,0,0,0,4,0,10,5,7,41.7040486217,-87.6380384991,POINT (-87.638038499111 41.704048621748)
3a556165ebdda785ff4b9cd3db08057fd921849988f6f800febbc4e5dc58ac5722d22d76f361ff7dd91354e194bc6cfa732e15a9a58c9ef7394e2a2ad405fb6d,,07/24/2025 10:00:00 AM,35,TRAFFIC SIGNAL,FUNCTIONING PROPERLY,CLEAR,DAYLIGHT,REAR END,NOT DIVIDED,,STRAIGHT AND LEVEL,DRY,NO DEFECTS,NOT ON SCENE (DESK REPORT),NO INJURY / DRIVE AWAY,,,,"$501 - $1,500",07/24/2025 01:20:00 PM,UNABLE TO DETERMINE,NOT APPLICABLE,6000,W,PETERSON AVE,1611,,,,,,,2,NO INDICATION OF INJURY,0,0,0,0,0,2,0,10,5,7,41.9903121327,-87.777914753,POINT (-87.777914752959 41.990312132739)
79db61f5346dfea8428d3163e92c113e7224e18255e824354326816f4b153dc8ec75294353eb5577332cc4e1409eaa1adcf384196816863d9793f64dd3d4cd28,,07/24/2025 10:00:00 AM,30,STOP SIGN/FLASHER,FUNCTIONING PROPERLY,CLEAR,DAYLIGHT,TURNING,DIVIDED - W/MEDIAN (NOT RAISED),,STRAIGHT AND LEVEL,DRY,NO DEFECTS,NOT ON SCENE (DESK REPORT),NO INJURY / DRIVE AWAY,,,,"OVER $1,500",07/24/2025 12:00:00 PM,UNABLE TO DETERMINE,NOT APPLICABLE,2500,S,SACRAMENTO AVE,1033,,,,,,,2,NO INDICATION OF INJURY,0,0,0,0,0,2,0,10,5,7,41.8463487536,-87.7003418576,POINT (-87.700341857592 41.846348753581)
8df4e740bfb78ba721ae69840fe87fe845b66a0bc43b6ffbacb1e23915abea24cb7f958681d8e92a451d841103281b730a4faa2731190303d05945b5c735ef59,,07/24/2025 10:00:00 AM,30,TRAFFIC SIGNAL,UNKNOWN,CLEAR,DAYLIGHT,TURNING,DIVIDED - W/MEDIAN (NOT RAISED),,STRAIGHT AND LEVEL,UNKNOWN,UNKNOWN,NOT ON SCENE (DESK REPORT),NO INJURY / DRIVE AWAY,,,Y,"OVER $1,500",07/24/2025 10:45:00 AM,IMPROPER OVERTAKING/PASSING,UNABLE TO DETERMINE,3535,W,ADDISON ST,1732,,,,,,,2,NO INDICATION OF INJURY,0,0,0,0,0,2,0,10,5,7,41.9464086465,-87.7164484838,POINT (-87.71644848377 41.946408646474)
b5599c64ece1a2e599e726c5f5fa786e5ae8fee021f485df7218759ddff9df16363e049e12de5467713e00c540b0c15b88cc1f6f61c3a9a48666f4150fdfdc6f,,07/24/2025 10:00:00 AM,30,STOP SIGN/FLASHER,FUNCTIONING PROPERLY,CLEAR,DAYLIGHT,ANGLE,ONE-WAY,,STRAIGHT AND LEVEL,DRY,NO DEFECTS,NOT ON SCENE (DESK REPORT),NO INJURY / DRIVE AWAY,,,Y,"OVER $1,500",07/24/2025 01:00:00 PM,UNABLE TO DETERMINE,NOT APPLICABLE,2458,S,TRUMBULL AVE,1024,,,,,,,2,NO INDICATION OF INJURY,0,0,0,0,0,2,0,10,5,7,41.8463396566,-87.7113312187,POINT (-87.711331218663 41.846339656627)
a5d1250ab19628ce83e4000f737bba5782f5b19dd37934087ea527405920653fa18410bd23853b5cf163ed44332a9c33f047ace6f1be2729b911393119b5a1bf,Y,07/24/2025 09:50:00 AM,20,NO CONTROLS,NO CONTROLS,CLEAR,DAYLIGHT,REAR END,DIVIDED - W/MEDIAN (NOT RAISED),,STRAIGHT AND LEVEL,DRY,NO DEFECTS,NOT ON SCENE (DESK REPORT),NO INJURY / DRIVE AWAY,,,,"OVER $1,500",07/24/2025 10:10:00 AM,UNABLE TO DETERMINE,UNABLE TO DETERMINE,5230,W,MADISON ST,1522,,,,,,,2,NO INDICATION OF INJURY,0,0,0,0,0,3,0,9,5,7,41.8804654424,-87.7563471027,POINT (-87.756347102676 41.880465442373)
70ccbad91dbf54b0de09b23e868ce3b72a2f9fe600733bfef95ef66c8e498d896acca38fd18ebe735e38b1ddad40cfc6fe18a7c0eee16b49330ad5ea82bab35c,,07/24/2025 09:46:00 AM,30,NO CONTROLS,NO CONTROLS,CLEAR,DAYLIGHT,SIDESWIPE SAME DIRECTION,NOT DIVIDED,,STRAIGHT AND LEVEL,DRY,NO DEFECTS,ON SCENE,NO INJURY / DRIVE AWAY,,,,"OVER $1,500",07/24/2025 09:50:00 AM,IMPROPER OVERTAKING/PASSING,UNABLE TO DETERMINE,3801,W,47TH ST,821,,,,,,,2,NO INDICATION OF INJURY,0,0,0,0,0,2,0,9,5,7,41.8078229671,-87.7187380895,POINT (-87.718738089471 41.807822967124)
3c664247de5f47e19d7ef14d307a35d4c89a655017cc2de856914789e1b888a616cfd171f9b41acb60472447f5ed92ecce81663083ef1fee1f57e873b98fc65b,,07/24/2025 09:45:00 AM,10,NO CONTROLS,NO CONTROLS,CLEAR,DAYLIGHT,PARKED MOTOR VEHICLE,NOT DIVIDED,,STRAIGHT AND LEVEL,DRY,UNKNOWN,ON SCENE,INJURY AND / OR TOW DUE TO CRASH,,,,"OVER $1,500",07/24/2025 09:56:00 AM,UNABLE TO DETERMINE,NOT APPLICABLE,214,E,68TH ST,322,,,,,,,2,NO INDICATION OF INJURY,0,0,0,0,0,1,0,9,5,7,41.771185892,-87.6196080093,POINT (-87.619608009315 41.771185892025)
6e5ac80ee3abd996b62174c50872f1bd1d9ed85701a7fec90ec6968a5f188c29039de2c9976ad219ec7d4e3c5358ec9c47db5ea35475037b118ce3067ae03229,,07/24/2025 09:40:00 AM,35,STOP SIGN/FLASHER,FUNCTIONING PROPERLY,CLEAR,DAYLIGHT,REAR END,DIVIDED - W/MEDIAN (NOT RAISED),,STRAIGHT AND LEVEL,DRY,NO DEFECTS,NOT ON SCENE (DESK REPORT),NO INJURY / DRIVE AWAY,,,,$500 OR LESS,07/24/2025 12:45:00 PM,FOLLOWING TOO CLOSELY,UNABLE TO DETERMINE,700,W,ROOSEVELT RD,1232,,,,,,,2,NO INDICATION OF INJURY,0,0,0,0,0,2,0,9,5,7,41.8672871622,-87.6452469415,POINT (-87.645246941532 41.867287162218)
ba8e6f21f19bb18ba95d2af44f3ef7b3dcb07abda9d5bd7bde723d98309eb9fdba6cfbcc59cbc951dc304d6f67d8587d49f57b37aa8e23d1f3657578df4d34fd,N,07/24/2025 09:36:00 AM,25,NO CONTROLS,NO CONTROLS,UNKNOWN,DAYLIGHT,PARKED MOTOR VEHICLE,NOT DIVIDED,,STRAIGHT AND LEVEL,UNKNOWN,WORN SURFACE,ON SCENE,INJURY AND / OR TOW DUE TO CRASH,,,Y,"OVER $1,500",07/24/2025 07:37:00 PM,UNABLE TO DETERMINE,UNABLE TO DETERMINE,1405,W,BRYN MAWR AVE,2013,,,,,,,2,NO INDICATION OF INJURY,0,0,0,0,0,1,0,9,5,7,41.9834349363,-87.6652232017,POINT (-87.665223201662 41.983434936329)
02d0150195f328974cb7d96aa0a3203d32328c7725f73f7e3aca000cb5bfeed42a356c2a845a87339973d1459b7358a8bcda429fef452d3b8a91b2d56a2faadc,,07/24/2025 09:30:00 AM,15,UNKNOWN,UNKNOWN,CLEAR,DAYLIGHT,PARKED MOTOR VEHICLE,PARKING LOT,,STRAIGHT AND LEVEL,DRY,UNKNOWN,NOT ON SCENE (DESK REPORT),NO INJURY / DRIVE AWAY,,,Y,"OVER $1,500",07/24/2025 10:25:00 AM,UNABLE TO DETERMINE,UNABLE TO DETERMINE,3320,W,BELMONT AVE,1733,,,,,,,2,NO INDICATION OF INJURY,0,0,0,0,0,1,0,9,5,7,41.9394051879,-87.7109005918,POINT (-87.710900591809 41.939405187888)
47c144b3048fcbdaab1b08d1a40ba8cd9f590a4f9cc93adb6385d38a58cad100abdf954ff780b522e8bf35d4f43171434d72124105c895aa73caec573fc9ae03,,07/24/2025 09:30:00 AM,15,NO CONTROLS,NO CONTROLS,CLEAR,DAYLIGHT,PARKED MOTOR VEHICLE,PARKING LOT,,STRAIGHT AND LEVEL,UNKNOWN,UNKNOWN,NOT ON SCENE (DESK REPORT),NO INJURY / DRIVE AWAY,,Y,Y,"OVER $1,500",07/24/2025 11:10:00 AM,DRIVING SKILLS/KNOWLEDGE/EXPERIENCE,UNABLE TO DETERMINE,1508,W,47TH ST,924,,,,,,,2,NO INDICATION OF INJURY,0,0,0,0,0,1,0,9,5,7,41.8087413884,-87.6629116285,POINT (-87.662911628538 41.808741388439)
5fbf0007571f9e2f2133d9a844ae47da0f6163e8d21c81536fe33560d6c1b94bc774b930671532541eaa0655f90eececdef811226b980fcc1f8ba137f5942531,,07/24/2025 09:30:00 AM,30,STOP SIGN/FLASHER,FUNCTIONING PROPERLY,CLEAR,DAYLIGHT,REAR END,NOT DIVIDED,,STRAIGHT AND LEVEL,DRY,NO DEFECTS,ON SCENE,NO INJURY / DRIVE AWAY,,,,"OVER $1,500",07/24/2025 09:35:00 AM,FOLLOWING TOO CLOSELY,UNABLE TO DETERMINE,7500,S,EXCHANGE AVE,421,,,,,,,2,NO INDICATION OF INJURY,0,0,0,0,0,2,0,9,5,7,41.7589927618,-87.5603778108,POINT (-87.560377810779 41.758992761785)
64f188dee50dcf2701f4e038a6db4f8590fefcb60b19f7034412b43edffb51930fe10ffde50b29cb191a4059f0f48b160034cdb3c1c153d31389eff4aff9ef14,,07/24/2025 09:30:00 AM,30,TRAFFIC SIGNAL,FUNCTIONING PROPERLY,CLEAR,DAYLIGHT,PARKED MOTOR VEHICLE,NOT DIVIDED,,STRAIGHT AND LEVEL,DRY,NO DEFECTS,ON SCENE,NO INJURY / DRIVE AWAY,Y,,,$500 OR LESS,07/24/2025 09:42:00 AM,IMPROPER TURNING/NO SIGNAL,UNABLE TO DETERMINE,299,N,WESTERN AVE,1223,,,,,,,2,NO INDICATION OF INJURY,0,0,0,0,0,1,0,9,5,7,41.886584709,-87.6864308697,POINT (-87.686430869731 41.886584709013)
994aca63e6674f3eb2dd513c698298bb34f9700a398b77c67855015741e84c73b64ea0260562c992720e0d6fe75cbed0f29c0117dbd54e3a95dcf0da2be3987c,,07/24/2025 09:28:00 AM,30,TRAFFIC SIGNAL,FUNCTIONING PROPERLY,CLEAR,DAYLIGHT,SIDESWIPE SAME DIRECTION,DIVIDED - W/MEDIAN (NOT RAISED),,STRAIGHT AND LEVEL,DRY,NO DEFECTS,,NO INJURY / DRIVE AWAY,,,,"$501 - $1,500",07/24/2025 09:38:00 AM,FOLLOWING TOO CLOSELY,NOT APPLICABLE,103,E,16TH ST,132,,N,,,,,2,NO INDICATION OF INJURY,0,0,0,0,0,2,0,9,5,7,41.8601611529,-87.6238590155,POINT (-87.623859015519 41.860161152865)
63cd7341be8152018c803e8783a42cf2855d20ac1b14e96a13e5f1a1579d0f7fee706a2fe1622a270510bd8c5a87ca569ec3024a018093819f96e63ed0ad4380,,07/24/2025 09:24:00 AM,15,NO CONTROLS,NO CONTROLS,CLEAR,DAYLIGHT,SIDESWIPE SAME DIRECTION,DIVIDED - W/MEDIAN BARRIER,,STRAIGHT AND LEVEL,DRY,NO DEFECTS,NOT ON SCENE (DESK REPORT),NO INJURY / DRIVE AWAY,,,,"OVER $1,500",07/24/2025 10:18:00 AM,UNABLE TO DETERMINE,NOT APPLICABLE,1040,N,LAKE SHORE DR,1824,,,,,,,2,NO INDICATION OF INJURY,0,0,0,0,0,3,0,9,5,7,41.9019859458,-87.6245366695,POINT (-87.624536669475 41.901985945834)
82295babd5a24460e5a52fcb11c6bd303efec38869f52ec99bf503e2972c71cbd36497419ebe19bd5bd07f7a14787618ba3727155fd439f25b2b8005aed26698,,07/24/2025 09:20:00 AM,30,NO CONTROLS,NO CONTROLS,CLEAR,DAYLIGHT,PEDESTRIAN,DIVIDED - W/MEDIAN BARRIER,,STRAIGHT AND LEVEL,DRY,NO DEFECTS,ON SCENE,INJURY AND / OR TOW DUE TO CRASH,,,,"OVER $1,500",07/24/2025 09:22:00 AM,FAILING TO YIELD RIGHT-OF-WAY,UNABLE TO DETERMINE,20,E,ROOSEVELT RD,123,,,,,,,2,NONINCAPACITATING INJURY,1,0,0,1,0,2,0,9,5,7,41.8675359715,-87.6264606856,POINT (-87.626460685551 41.867535971475)
80af64d6c9a95cbaaa0ff198202073970d48dcad798fd024902e16bedcf30187dd6244f3e59049eb2d5b4f1e0e996629c3debc1177bec5c0059f7ba3cc09b6db,,07/24/2025 09:15:00 AM,30,NO CONTROLS,NO CONTROLS,CLEAR,DAYLIGHT,SIDESWIPE SAME DIRECTION,NOT DIVIDED,,STRAIGHT AND LEVEL,DRY,NO DEFECTS,NOT ON SCENE (DESK REPORT),NO INJURY / DRIVE AWAY,,,,$500 OR LESS,07/24/2025 10:15:00 AM,UNABLE TO DETERMINE,UNABLE TO DETERMINE,4757,W,55TH ST,813,,,,,,,2,NO INDICATION OF INJURY,0,0,0,0,0,2,0,9,5,7,41.7929064092,-87.7426673366,POINT (-87.742667336592 41.792906409166)
99a64d98fdc75a571ef0703963a96f7150fb8d6368bd1fb86cd0ea89ef0fb3d9e5ad0ecb3e9b86256a99e75f7434f6246748a4222979e2878608878560630148,,07/24/2025 09:15:00 AM,25,NO CONTROLS,NO CONTROLS,CLEAR,DAYLIGHT,SIDESWIPE SAME DIRECTION,ONE-WAY,,STRAIGHT AND LEVEL,DRY,UNKNOWN,ON SCENE,NO INJURY / DRIVE AWAY,Y,,,"OVER $1,500",07/24/2025 09:16:00 AM,IMPROPER OVERTAKING/PASSING,IMPROPER OVERTAKING/PASSING,1000,N,RUSH ST,1824,,,,,,,2,NO INDICATION OF INJURY,0,0,0,0,0,2,0,9,5,7,41.9007614245,-87.6276685399,POINT (-87.627668539877 41.900761424509)
c7d45c66d9e20a56e3e03a5ff78f9a4552f4c53d20f5f751c695629d4293ad3269384606614ca0f8e94f3c33c4875242a4a7be5f1c22e296ca9b2ec5a50056dd,,07/24/2025 09:15:00 AM,30,TRAFFIC SIGNAL,FUNCTIONING PROPERLY,UNKNOWN,DAYLIGHT,SIDESWIPE SAME DIRECTION,DIVIDED - W/MEDIAN (NOT RAISED),,STRAIGHT AND LEVEL,UNKNOWN,UNKNOWN,NOT ON SCENE (DESK REPORT),NO INJURY / DRIVE AWAY,Y,N,,"OVER $1,500",07/24/2025 10:45:00 AM,UNABLE TO DETERMINE,NOT APPLICABLE,2354,S,BLUE ISLAND AVE,1034,Y,,,,,,2,NO INDICATION OF INJURY,0,0,0,0,0,2,0,9,5,7,41.8495331016,-87.6734822446,POINT (-87.673482244628 41.849533101563)
fbfbb93dd51066e03b3bd2fbe6fda2596651bf97e6f7d2ef0dc1dd75a58701ec13c8315900687c87b9a91df34554d00c401efec8ec79b67aa2280e14bee67709,,07/24/2025 09:15:00 AM,30,TRAFFIC SIGNAL,FUNCTIONING PROPERLY,CLEAR,DAYLIGHT,REAR END,DIVIDED - W/MEDIAN BARRIER,,STRAIGHT AND LEVEL,DRY,NO DEFECTS,ON SCENE,NO INJURY / DRIVE AWAY,,,Y,"OVER $1,500",07/24/2025 09:20:00 AM,FOLLOWING TOO CLOSELY,IMPROPER OVERTAKING/PASSING,3907,S,WESTERN BLVD,924,,,,,,,2,NO INDICATION OF INJURY,0,0,0,0,0,2,0,9,5,7,41.8227940153,-87.6840880234,POINT (-87.684088023354 41.822794015287)
98244acfa36f5576df4cb5913df0639d3ed41bd26380a8b0878a5309847b4dd6bfd2b6d2fcaf3628dfdfbca13a1a9fd21cfe45b23f270a0be329146efa513955,,07/24/2025 09:11:00 AM,30,TRAFFIC SIGNAL,FUNCTIONING PROPERLY,CLEAR,DAYLIGHT,TURNING,CENTER TURN LANE,,STRAIGHT AND LEVEL,DRY,UNKNOWN,ON SCENE,NO INJURY / DRIVE AWAY,,,,"$501 - $1,500",07/24/2025 09:11:00 AM,IMPROPER TURNING/NO SIGNAL,UNABLE TO DETERMINE,4810,W,FLOURNOY ST,1533,,,,,,,2,NO INDICATION OF INJURY,0,0,0,0,0,2,0,9,5,7,41.8721729939,-87.7454077998,POINT (-87.74540779984 41.872172993898)
c83926784c7332653ee079fff638934067d8e16c730ba8ad3b19fb6f00594afaee7df70df7d1f50296621f0c9f72d0b14d752e6c13a1b75df459f6d01c3eff2e,,07/24/2025 09:10:00 AM,30,NO CONTROLS,NO CONTROLS,CLEAR,DAYLIGHT,SIDESWIPE SAME DIRECTION,NOT DIVIDED,,STRAIGHT AND LEVEL,DRY,NO DEFECTS,NOT ON SCENE (DESK REPORT),NO INJURY / DRIVE AWAY,,,,"OVER $1,500",07/24/2025 01:15:00 PM,IMPROPER LANE USAGE,NOT APPLICABLE,2319,S,DAMEN AVE,1034,,,,,,,2,NO INDICATION OF INJURY,0,0,0,0,0,2,0,9,5,7,41.8497912612,-87.6756313169,POINT (-87.675631316947 41.849791261248)