CRASH_RECORD_ID,CRASH_DATE_EST_I,CRASH_DATE,POSTED_SPEED_LIMIT,TRAFFIC_CONTROL_DEVICE,DEVICE_CONDITION,WEATHER_CONDITION,LIGHTING_CONDITION,FIRST_CRASH_TYPE,TRAFFICWAY_TYPE,LANE_CNT,ALIGNMENT,ROADWAY_SURFACE_COND,ROAD_DEFECT,REPORT_TYPE,CRASH_TYPE,INTERSECTION_RELATED_I,NOT_RIGHT_OF_WAY_I,HIT_AND_RUN_I,DAMAGE,DATE_POLICE_NOTIFIED,PRIM_CONTRIBUTORY_CAUSE,SEC_CONTRIBUTORY_CAUSE,STREET_NO,STREET_DIRECTION,STREET_NAME,BEAT_OF_OCCURRENCE,PHOTOS_TAKEN_I,STATEMENTS_TAKEN_I,DOORING_I,WORK_ZONE_I,WORK_ZONE_TYPE,WORKERS_PRESENT_I,NUM_UNITS,MOST_SEVERE_INJURY,INJURIES_TOTAL,INJURIES_FATAL,INJURIES_INCAPACITATING,INJURIES_NON_INCAPACITATING,INJURIES_REPORTED_NOT_EVIDENT,INJURIES_NO_INDICATION,INJURIES_UNKNOWN,CRASH_HOUR,CRASH_DAY_OF_WEEK,CRASH_MONTH,LATITUDE,LONGITUDE,LOCATION
d66fbdfde1fe5d787338ef4de2178864b095a61fca45c051a192916882d3c80489570019f3cf7a2e797f58aaf00ae5546fab5ca52c535e1ddc1b3d3b872a53e1,,07/24/2025 09:08:00 AM,30,NO CONTROLS,NO CONTROLS,CLEAR,DAYLIGHT,PARKED MOTOR VEHICLE,NOT DIVIDED,,STRAIGHT AND LEVEL,UNKNOWN,UNKNOWN,NOT ON SCENE (DESK REPORT),NO INJURY / DRIVE AWAY,,,,"OVER $1,500",07/24/2025 01:00:00 PM,FOLLOWING TOO CLOSELY,NOT APPLICABLE,1009,S,WOOD ST,1231,,,,,,,2,NO INDICATION OF INJURY,0,0,0,0,0,3,0,9,5,7,41.8689367431,-87.6712578294,POINT (-87.671257829415 41.868936743064)
6b3de405cc369525e712e4b54c41304ad6fd797974778944a8e6bbd57daf6d2000648554147ac6bb0e9c9792ae04ac384125598a3aba609db484255e4ebd819f,Y,07/24/2025 09:07:00 AM,30,UNKNOWN,UNKNOWN,CLEAR,DAYLIGHT,PEDESTRIAN,T-INTERSECTION,,STRAIGHT AND LEVEL,UNKNOWN,UNKNOWN,ON SCENE,INJURY AND / OR TOW DUE TO CRASH,Y,,Y,$500 OR LESS,07/24/2025 02:56:00 PM,FAILING TO YIELD RIGHT-OF-WAY,FAILING TO YIELD RIGHT-OF-WAY,2300,W,95TH ST,2221,,Y,,,,,2,NONINCAPACITATING INJURY,1,0,0,1,0,1,0,9,5,7,41.7210841338,-87.6796901908,POINT (-87.679690190795 41.721084133805)
c9b1142e18c2c649e6f8944365d123c1aa7d93f0b4ee77ea5f2903b952a21b7beb611c996206087b9e6636fe2961adb70faf388ba05d419e70e09e8fc8022133,,07/24/2025 09:07:00 AM,30,UNKNOWN,UNKNOWN,CLEAR,DAYLIGHT,HEAD ON,NOT DIVIDED,,STRAIGHT AND LEVEL,UNKNOWN,UNKNOWN,ON SCENE,INJURY AND / OR TOW DUE TO CRASH,N,,,"OVER $1,500",07/24/2025 09:09:00 AM,UNABLE TO DETERMINE,UNABLE TO DETERMINE,2700,S,WESTERN AVE,1034,,,,,,,2,NONINCAPACITATING INJURY,2,0,0,2,0,0,0,9,5,7,41.8433077075,-87.6855021644,POINT (-87.685502164358 41.843307707459)
3181e257a04937d36906764a568ca001b2655f55ffa60f18d339d8ce22e768a48913482ad8a425bcfe68418ce2e8cc4dd20d7dda464777d78d43e49382e5c2d0,,07/24/2025 09:05:00 AM,30,TRAFFIC SIGNAL,UNKNOWN,CLEAR,DAYLIGHT,SIDESWIPE OPPOSITE DIRECTION,NOT DIVIDED,,STRAIGHT AND LEVEL,DRY,UNKNOWN,NOT ON SCENE (DESK REPORT),NO INJURY / DRIVE AWAY,Y,,,"OVER $1,500",07/24/2025 10:43:00 AM,IMPROPER LANE USAGE,DRIVING SKILLS/KNOWLEDGE/EXPERIENCE,3700,S,COTTAGE GROVE AVE,212,,,,,,,2,NO INDICATION OF INJURY,0,0,0,0,0,3,0,9,5,7,41.8276382021,-87.6089396339,POINT (-87.608939633873 41.827638202138)
0bdfdd4e2add76c0dad4589c5800ba57d456d8c1f260e7d911a44b42e6c1573f6645e59f96341bafa17d887c4cf5dd8a535f57bedb2add900532b0b5e6801d09,,07/24/2025 09:00:00 AM,30,NO CONTROLS,NO CONTROLS,CLEAR,DAYLIGHT,PARKED MOTOR VEHICLE,NOT DIVIDED,,STRAIGHT AND LEVEL,DRY,SHOULDER DEFECT,NOT ON SCENE (DESK REPORT),NO INJURY / DRIVE AWAY,,,,$500 OR LESS,07/24/2025 09:55:00 AM,UNABLE TO DETERMINE,UNABLE TO DETERMINE,435,N,FRANKLIN ST,1831,,,,,,,2,NO INDICATION OF INJURY,0,0,0,0,0,1,0,9,5,7,41.8901493271,-87.6353925066,POINT (-87.63539250656 41.890149327074)
388b22527f9b04c498f77adfcf44c11db43a5b98148acd9872ac34eb0e788103f6d3a211e1a3bb6a3688e2d40f4bf7de1b1f93fe96e7a78ae7962b7d63a2a134,,07/24/2025 09:00:00 AM,40,NO CONTROLS,NO CONTROLS,CLEAR,UNKNOWN,PARKED MOTOR VEHICLE,DIVIDED - W/MEDIAN BARRIER,,STRAIGHT AND LEVEL,DRY,UNKNOWN,NOT ON SCENE (DESK REPORT),NO INJURY / DRIVE AWAY,,,Y,"$501 - $1,500",07/24/2025 09:30:00 PM,IMPROPER LANE USAGE,NOT APPLICABLE,3321,S,ASHLAND AVE,912,,,,,,,2,NO INDICATION OF INJURY,0,0,0,0,0,1,0,9,5,7,41.8335468609,-87.6654885108,POINT (-87.665488510767 41.833546860919)
824e2f3be35c8398f9b1bc36990d4ce5c58f19cbd1f034a47eb158c437d3bbd0e45182bafe0236c494d85e34cb4d6dd284ef932ec5c32a068b13ad655a04141e,,07/24/2025 08:54:00 AM,30,NO CONTROLS,NO CONTROLS,CLEAR,DAYLIGHT,SIDESWIPE SAME DIRECTION,ONE-WAY,,STRAIGHT AND LEVEL,DRY,NO DEFECTS,ON SCENE,INJURY AND / OR TOW DUE TO CRASH,,,,"OVER $1,500",07/24/2025 09:10:00 AM,DISTRACTION - FROM INSIDE VEHICLE,UNABLE TO DETERMINE,5431,S,KENWOOD AVE,234,,,,,,,2,NO INDICATION OF INJURY,0,0,0,0,0,2,0,8,5,7,41.7970655038,-87.5932887363,POINT (-87.593288736346 41.797065503777)
332d4f075e9a2499ea09350ed0eeffcbe027cd857ed375dda94fed7a512b0abef3ab20032dd58e73511f802debf435ac5720c957a0798f3eff037f8fa94c2b99,,07/24/2025 08:47:00 AM,30,STOP SIGN/FLASHER,FUNCTIONING PROPERLY,CLEAR,DAYLIGHT,PARKED MOTOR VEHICLE,DIVIDED - W/MEDIAN (NOT RAISED),,STRAIGHT AND LEVEL,DRY,NO DEFECTS,ON SCENE,NO INJURY / DRIVE AWAY,,,,"OVER $1,500",07/24/2025 08:47:00 AM,IMPROPER BACKING,IMPROPER BACKING,424,S,FEDERAL ST,113,,,,,,,2,NO INDICATION OF INJURY,0,0,0,0,0,1,0,8,5,7,41.8762777319,-87.629863422,POINT (-87.62986342201 41.876277731888)
52624211aefe5e01c8e901946c6484cb1e2bdf8fc223d922c2692ec27ca61380680d43566b41d570521e1d9b580302999ee1a2b87b0d6e550fc7c8e68988e601,,07/24/2025 08:45:00 AM,10,NO CONTROLS,NO CONTROLS,CLEAR,DAYLIGHT,PARKED MOTOR VEHICLE,PARKING LOT,,STRAIGHT AND LEVEL,DRY,NO DEFECTS,NOT ON SCENE (DESK REPORT),NO INJURY / DRIVE AWAY,,,Y,$500 OR LESS,07/24/2025 09:04:00 AM,UNABLE TO DETERMINE,NOT APPLICABLE,2401,W,OGDEN AVE,1023,,,,,,,2,NO INDICATION OF INJURY,0,0,0,0,0,2,0,8,5,7,41.8646467296,-87.6860025122,POINT (-87.686002512195 41.864646729616)
af6de07477fc1aa33e38b7c8b7766783fa59c4492bb63ad811f9fcc17c3cf5771f381c3ff4d9d3846ef7c473a42cbe95d5048cbd756b82cdf0270386a8537be9,,07/24/2025 08:45:00 AM,30,TRAFFIC SIGNAL,FUNCTIONING PROPERLY,CLEAR,DAYLIGHT,TURNING,FOUR WAY,,STRAIGHT AND LEVEL,DRY,NO DEFECTS,ON SCENE,NO INJURY / DRIVE AWAY,Y,,,"OVER $1,500",07/24/2025 08:49:00 AM,DRIVING SKILLS/KNOWLEDGE/EXPERIENCE,DISREGARDING TRAFFIC SIGNALS,1779,W,PETERSON AVE,2012,,N,,,,,2,NO INDICATION OF INJURY,0,0,0,0,0,2,0,8,5,7,41.990654724,-87.6746268294,POINT (-87.674626829424 41.990654723957)
41a018d1814906cb67029e8c16eb08ca96298d0cf1b4f1d82458456be6dd69d7a66a7028d731c9a24963a42fe67daf972b430fc3402dd4fc16b4521c22b882e5,,07/24/2025 08:40:00 AM,30,TRAFFIC SIGNAL,FUNCTIONING PROPERLY,CLEAR,DAYLIGHT,REAR END,FOUR WAY,,STRAIGHT AND LEVEL,UNKNOWN,UNKNOWN,NOT ON SCENE (DESK REPORT),NO INJURY / DRIVE AWAY,Y,,,"OVER $1,500",07/24/2025 02:39:00 PM,FOLLOWING TOO CLOSELY,DRIVING SKILLS/KNOWLEDGE/EXPERIENCE,7397,N,ROGERS AVE,2424,,,,,,,2,NO INDICATION OF INJURY,0,0,0,0,0,2,0,8,5,7,42.0158834153,-87.6752940609,POINT (-87.675294060925 42.01588341529)
e2ebaa2d1ec8a80f1e9cbe019ef368087bdd164b9d6d3eb5e7a789d789b1e190f0206d6bf5ab7d1dfc29249d861f17e4269708827d8ee7abf1b3300133fa83ea,,07/24/2025 08:40:00 AM,30,TRAFFIC SIGNAL,FUNCTIONING PROPERLY,CLEAR,DAYLIGHT,TURNING,NOT DIVIDED,,STRAIGHT AND LEVEL,DRY,NO DEFECTS,NOT ON SCENE (DESK REPORT),NO INJURY / DRIVE AWAY,N,,,"OVER $1,500",07/24/2025 09:00:00 AM,IMPROPER LANE USAGE,UNABLE TO DETERMINE,4453,W,LAWRENCE AVE,1722,,,,,,,2,NO INDICATION OF INJURY,0,0,0,0,0,2,0,8,5,7,41.9679984045,-87.7401117933,POINT (-87.740111793258 41.967998404461)
a3bf09042535775c563a83a9121921b6f0df1fd7a80c379da80de095c7d9955e523e4fca0dcc463fcc764dbedd80508486c851f389dd847c5e6245947aa7837c,,07/24/2025 08:33:00 AM,30,NO CONTROLS,NO CONTROLS,CLEAR,DAYLIGHT,PARKED MOTOR VEHICLE,ONE-WAY,,STRAIGHT AND LEVEL,DRY,NO DEFECTS,ON SCENE,NO INJURY / DRIVE AWAY,,,,"$501 - $1,500",07/24/2025 08:34:00 AM,IMPROPER BACKING,NOT APPLICABLE,4412,N,AVERS AVE,1723,,,,,,,2,NO INDICATION OF INJURY,0,0,0,0,0,1,0,8,5,7,41.961408361,-87.7243166059,POINT (-87.724316605864 41.961408361043)
6b20b320b47d5217e12d22c5487cc3f462c082e5ed8351d3925741272117fe4fab860132628f24a072171459fce06a575a06e21ceb376751e85cd5e71fd3c68a,,07/24/2025 08:30:00 AM,30,NO CONTROLS,NO CONTROLS,CLEAR,DAYLIGHT,TURNING,NOT DIVIDED,,STRAIGHT AND LEVEL,DRY,NO DEFECTS,,NO INJURY / DRIVE AWAY,,,,"OVER $1,500",07/24/2025 04:50:00 PM,IMPROPER TURNING/NO SIGNAL,NOT APPLICABLE,4800,W,47TH ST,814,,,,,,,2,NO INDICATION OF INJURY,0,0,0,0,0,2,0,8,5,7,41.8077270168,-87.7432293657,POINT (-87.743229365663 41.807727016772)
07682b2bc49b33520b5ec43c6e9a5556f8bdd22267c79a791ee9e8b45297539a7b60398ddf35fa09f0a7842b6be978798b64b5f625ba87838997e30fc5357595,,07/24/2025 08:15:00 AM,30,TRAFFIC SIGNAL,FUNCTIONING PROPERLY,CLOUDY/OVERCAST,DAYLIGHT,REAR END,DIVIDED - W/MEDIAN BARRIER,,STRAIGHT AND LEVEL,DRY,UNKNOWN,NOT ON SCENE (DESK REPORT),NO INJURY / DRIVE AWAY,,,,"$501 - $1,500",07/24/2025 09:05:00 AM,FOLLOWING TOO CLOSELY,NOT APPLICABLE,5500,S,WESTERN AVE,824,,,,,,,2,NO INDICATION OF INJURY,0,0,0,0,0,2,0,8,5,7,41.7933705543,-87.6841753768,POINT (-87.684175376759 41.79337055433)
d35136459276a4350f8f2ec37f71a85ac8de95e3b1cf704af72e6aab95eed8cd2b8a76ed55f0185d14954337185f70b2d39c4b3531e953f46dad2e9f7c047542,,07/24/2025 08:15:00 AM,30,NO CONTROLS,NO CONTROLS,CLEAR,DAYLIGHT,REAR END,ONE-WAY,,STRAIGHT AND LEVEL,DRY,NO DEFECTS,NOT ON SCENE (DESK REPORT),NO INJURY / DRIVE AWAY,,,,"$501 - $1,500",07/24/2025 08:40:00 AM,FOLLOWING TOO CLOSELY,FOLLOWING TOO CLOSELY,5915,N,HERMITAGE AVE,2012,,,,,,,2,NO INDICATION OF INJURY,0,0,0,0,0,2,0,8,5,7,41.9888749882,-87.6729885534,POINT (-87.672988553448 41.988874988193)
e4a350d34e66e1e817fd345619d748aed29fdc6eb2111e7e7a810d68dc3e579503d3015b3ce6c9684c4ad471dbe5167a6c0ccc9b985de4991d7c9d58591d26c8,,07/24/2025 08:15:00 AM,30,NO CONTROLS,NO CONTROLS,CLEAR,DAYLIGHT,REAR END,DIVIDED - W/MEDIAN (NOT RAISED),,STRAIGHT AND LEVEL,DRY,NO DEFECTS,,NO INJURY / DRIVE AWAY,,,,$500 OR LESS,07/24/2025 09:20:00 AM,IMPROPER LANE USAGE,UNABLE TO DETERMINE,1331,W,DIVISION ST,1213,,,,,,,2,NO INDICATION OF INJURY,0,0,0,0,0,2,0,8,5,7,41.9033188891,-87.6617787841,POINT (-87.661778784139 41.903318889121)
7e5c78c237c9cf7b2464387eb90bd9a2081593439cad518a85f260cd13ed2b3c3e72e968e3b9afe458691432847f1a098fcaca9a1d3294dc06df8d31c4bf5fb3,,07/24/2025 08:10:00 AM,25,STOP SIGN/FLASHER,FUNCTIONING PROPERLY,CLEAR,DAYLIGHT,REAR END,DIVIDED - W/MEDIAN (NOT RAISED),,STRAIGHT AND LEVEL,DRY,NO DEFECTS,NOT ON SCENE (DESK REPORT),NO INJURY / DRIVE AWAY,,,,"OVER $1,500",07/24/2025 08:35:00 AM,FOLLOWING TOO CLOSELY,FOLLOWING TOO CLOSELY,2852,W,PRATT BLVD,2411,,,,,,,2,NO INDICATION OF INJURY,0,0,0,0,0,3,0,8,5,7,42.0049183539,-87.7019274931,POINT (-87.701927493074 42.004918353948)
2b2895d3ead8047ac2b21f3917eb3203ab0c2bf2a29a482e920d527679b21db21ce6ce1df9d79e46a49dd8a0ddf9cb52e578fa4fa08c02a69936b6e6ac236778,,07/24/2025 08:00:00 AM,30,TRAFFIC SIGNAL,FUNCTIONING PROPERLY,CLEAR,DAYLIGHT,PEDALCYCLIST,ONE-WAY,,STRAIGHT AND LEVEL,DRY,UNKNOWN,ON SCENE,INJURY AND / OR TOW DUE TO CRASH,Y,,,$500 OR LESS,07/24/2025 08:15:00 AM,DRIVING SKILLS/KNOWLEDGE/EXPERIENCE,DRIVING SKILLS/KNOWLEDGE/EXPERIENCE,100,W,ERIE ST,1832,,,,,,,2,NONINCAPACITATING INJURY,1,0,0,1,0,1,0,8,5,7,41.8941397779,-87.6312642984,POINT (-87.631264298408 41.894139777931)
c6acef36aba9a89932a1c68f5201e8af6eee5c26dfd215bcc213058f4efbd16a5a162af8e760a394270e8adbe6cef8c028d1a24cc83cf9648ebf0394e3fd21d4,,07/24/2025 08:00:00 AM,30,STOP SIGN/FLASHER,FUNCTIONING PROPERLY,CLEAR,UNKNOWN,PARKED MOTOR VEHICLE,ONE-WAY,,STRAIGHT AND LEVEL,DRY,NO DEFECTS,NOT ON SCENE (DESK REPORT),NO INJURY / DRIVE AWAY,,,Y,"OVER $1,500",07/24/2025 05:45:00 PM,UNABLE TO DETERMINE,NOT APPLICABLE,4258,N,MONTICELLO AVE,1723,,,,,,,2,NO INDICATION OF INJURY,0,0,0,0,0,1,0,8,5,7,41.9591424506,-87.7193466607,POINT (-87.719346660699 41.959142450583)
9af235b19593927b3e74291a4fc173c8807846a6a1e84d29add3c4c62cc1b0d874a19bb5e38b9b70f95deadc34f6a5373b0f55c050ef6de3ff7856f10024a6bc,,07/24/2025 07:55:00 AM,30,NO CONTROLS,NO CONTROLS,CLEAR,DAYLIGHT,SIDESWIPE SAME DIRECTION,DIVIDED - W/MEDIAN (NOT RAISED),,STRAIGHT AND LEVEL,DRY,NO DEFECTS,ON SCENE,INJURY AND / OR TOW DUE TO CRASH,,,,"OVER $1,500",07/24/2025 08:00:00 AM,DRIVING SKILLS/KNOWLEDGE/EXPERIENCE,FAILING TO REDUCE SPEED TO AVOID CRASH,10000,W,OHARE ST,1651,,,,,,,2,NO INDICATION OF INJURY,0,0,0,0,0,2,0,7,5,7,41.976201139,-87.9053091251,POINT (-87.905309125103 41.976201139024)
addd68210788af9986f8c2d289ac90c804468e7c656f494a978420e77416036617134ba83d5f52599c910348154ec9a1d52896969f05f3e525cf706c860537a1,,07/24/2025 07:55:00 AM,30,STOP SIGN/FLASHER,FUNCTIONING PROPERLY,CLEAR,DAYLIGHT,ANGLE,FOUR WAY,,STRAIGHT AND LEVEL,DRY,NO DEFECTS,NOT ON SCENE (DESK REPORT),NO INJURY / DRIVE AWAY,Y,,,"OVER $1,500",07/28/2025 04:45:00 PM,FOLLOWING TOO CLOSELY,NOT APPLICABLE,5800,W,EDDY ST,1633,,,,,,,2,NO INDICATION OF INJURY,0,0,0,0,0,3,0,7,5,7,41.9450189671,-87.7717181823,POINT (-87.771718182284 41.945018967133)
d6f639dcc6e532b7a390b32f2be0086950589674e5cf9aefa38f894fdcdad80fe4226589228e8aa47005079e7fd30a6e17443b0c1828565943ba79a97b7312c8,,07/24/2025 07:55:00 AM,30,TRAFFIC SIGNAL,FUNCTIONING PROPERLY,CLEAR,DAYLIGHT,PEDESTRIAN,FOUR WAY,,STRAIGHT AND LEVEL,UNKNOWN,UNKNOWN,NOT ON SCENE (DESK REPORT),INJURY AND / OR TOW DUE TO CRASH,Y,,,"OVER $1,500",07/24/2025 08:30:00 AM,FAILING TO YIELD RIGHT-OF-WAY,FAILING TO YIELD RIGHT-OF-WAY,661,N,CLARK ST,1832,,,,,,,2,NONINCAPACITATING INJURY,1,0,0,1,0,1,0,7,5,7,41.8941454806,-87.6310425029,POINT (-87.631042502926 41.894145480596)
2f74be04e981e33af769db48e3d7810fee1434728ce739689d2b082f004651c9b8657c9831ec8b9fcc3a8a3cb32e7ef98dfb26ca66d54afaceced315608d9869,,07/24/2025 07:52:00 AM,30,TRAFFIC SIGNAL,FUNCTIONING PROPERLY,CLEAR,DAYLIGHT,TURNING,FOUR WAY,,STRAIGHT AND LEVEL,DRY,NO DEFECTS,NOT ON SCENE (DESK REPORT),NO INJURY / DRIVE AWAY,Y,,,"OVER $1,500",07/24/2025 08:45:00 AM,UNABLE TO DETERMINE,NOT APPLICABLE,559,S,ASHLAND AVE,1231,,,,Y,CONSTRUCTION,,2,NO INDICATION OF INJURY,0,0,0,0,0,3,0,7,5,7,41.8742513997,-87.6664533589,POINT (-87.666453358949 41.87425139966)
e7337f2bf66788954a45771adeb0f86f3ca51bed42e6d017aced5aeb3ec8fe399dc2ee9f9fc0fc604f6bdcff4cf809e05f0ba23a7d5cdae44d24a582a5845d3e,,07/24/2025 07:50:00 AM,25,UNKNOWN,UNKNOWN,CLEAR,DAYLIGHT,ANGLE,DIVIDED - W/MEDIAN (NOT RAISED),,STRAIGHT AND LEVEL,DRY,NO DEFECTS,NOT ON SCENE (DESK REPORT),NO INJURY / DRIVE AWAY,,,,"OVER $1,500",07/27/2025 11:06:00 AM,UNABLE TO DETERMINE,UNABLE TO DETERMINE,25,N,MICHIGAN AVE,114,,,,,,,2,NO INDICATION OF INJURY,0,0,0,0,0,2,0,7,5,7,41.882670497,-87.6242415386,POINT (-87.624241538569 41.882670496958)
a679f5a141cfe5aaf1b8d90c024eabcad28f5c3ff8ee016eac2bce6a49ed3b960ed47922cf729c34789f3fabc27029976aae2294b2bd166c9d875f026db3c553,,07/24/2025 07:45:00 AM,30,STOP SIGN/FLASHER,FUNCTIONING PROPERLY,CLEAR,DAYLIGHT,PARKED MOTOR VEHICLE,NOT DIVIDED,,STRAIGHT AND LEVEL,DRY,NO DEFECTS,ON SCENE,INJURY AND / OR TOW DUE TO CRASH,,,Y,"OVER $1,500",07/24/2025 08:38:00 AM,FAILING TO REDUCE SPEED TO AVOID CRASH,UNABLE TO DETERMINE,4440,W,LELAND AVE,1722,,,,,,,2,NO INDICATION OF INJURY,0,0,0,0,0,1,0,7,5,7,41.9663939746,-87.7402245937,POINT (-87.740224593703 41.966393974611)
6fc8b21b9fec9872c600350b7ccd9487a42dd6c6b90f82382090aa0ae7a237903551d6d92be525e5ada0c8f275c9cfd83d316d590b9ef98b396bd3630b663257,,07/24/2025 07:39:00 AM,20,NO CONTROLS,NO CONTROLS,CLEAR,DAYLIGHT,TURNING,ONE-WAY,,STRAIGHT AND LEVEL,DRY,NO DEFECTS,ON SCENE,NO INJURY / DRIVE AWAY,,,,"$501 - $1,500",07/24/2025 07:41:00 AM,FAILING TO YIELD RIGHT-OF-WAY,IMPROPER OVERTAKING/PASSING,230,E,ONTARIO ST,1834,,,,,,,2,NO INDICATION OF INJURY,0,0,0,0,0,3,0,7,5,7,41.8934836773,-87.6218827684,POINT (-87.621882768405 41.893483677312)
1e9757657288485a8559fae01174f338132dde1f5bca3f9b66af559b8506f85f7e2476f71efec1a0b141875b1ddf5d5f246f91484ae904e5fce5aacd19828ab8,,07/24/2025 07:30:00 AM,30,NO CONTROLS,NO CONTROLS,CLEAR,DAYLIGHT,PARKED MOTOR VEHICLE,NOT DIVIDED,,STRAIGHT AND LEVEL,DRY,NO DEFECTS,ON SCENE,NO INJURY / DRIVE AWAY,,,Y,"OVER $1,500",07/24/2025 09:52:00 AM,UNABLE TO DETERMINE,NOT APPLICABLE,5739,S,ABERDEEN ST,712,,,,,,,2,NO INDICATION OF INJURY,0,0,0,0,0,1,0,7,5,7,41.789472882,-87.6521784104,POINT (-87.652178410388 41.789472881985)
98e2126678412d886cd54cb731a5771e4dc319a26ec18a3a3426dc649914475f3371393e940d641aebe44d6c3cde3c9c2d3b3db5138f0829b7bcbf262ecec919,,07/24/2025 07:30:00 AM,30,TRAFFIC SIGNAL,FUNCTIONING PROPERLY,CLEAR,DAYLIGHT,ANGLE,NOT DIVIDED,,STRAIGHT AND LEVEL,DRY,NO DEFECTS,NOT ON SCENE (DESK REPORT),NO INJURY / DRIVE AWAY,Y,,,$500 OR LESS,07/24/2025 08:45:00 AM,DISREGARDING TRAFFIC SIGNALS,DISREGARDING TRAFFIC SIGNALS,100,E,WALTON ST,1833,,,,,,,2,NO INDICATION OF INJURY,0,0,0,0,0,3,0,7,5,7,41.9000966252,-87.6253593407,POINT (-87.625359340701 41.900096625177)
dea8cdbea6fe0d0000d12e94e39822c8a4f3188d10da0de3565c46356bfa4886303592d710d3223bd62205a4500d7749c733d0be3aa87a98c6ad280f16c04a55,,07/24/2025 07:20:00 AM,30,TRAFFIC SIGNAL,FUNCTIONING PROPERLY,CLEAR,DAYLIGHT,REAR END,DIVIDED - W/MEDIAN (NOT RAISED),,STRAIGHT AND LEVEL,DRY,UNKNOWN,ON SCENE,NO INJURY / DRIVE AWAY,Y,,,"OVER $1,500",07/24/2025 07:28:00 AM,FOLLOWING TOO CLOSELY,NOT APPLICABLE,2701,N,WESTERN AVE,1432,,,,,,,2,NO INDICATION OF INJURY,0,0,0,0,0,3,0,7,5,7,41.9304460869,-87.6876971843,POINT (-87.687697184257 41.930446086925)
e85681ca9bb9169ced9ca18e8049095f53a55ecaf51808cccdfec57b04f32408dd4634298ad212218096ba509079092ac70fc4c8572a5927b34510fb160775e8,,07/24/2025 07:16:00 AM,30,TRAFFIC SIGNAL,FUNCTIONING PROPERLY,CLEAR,DAYLIGHT,ANIMAL,ONE-WAY,,STRAIGHT AND LEVEL,DRY,NO DEFECTS,ON SCENE,NO INJURY / DRIVE AWAY,Y,Y,Y,"$501 - $1,500",07/24/2025 07:33:00 AM,ANIMAL,ANIMAL,201,N,FRANKLIN ST,122,,,,,,,1,NO INDICATION OF INJURY,0,0,0,0,0,1,0,7,5,7,41.8857846901,-87.6352631411,POINT (-87.635263141109 41.885784690122)
3fd6d7b2220ce98c268815133ddaf9e6d669b26683bb445ac0200183145ac59c95dbda69bd975f90d3dc9d73c5e3e2e074de3b5abfb5a76933e58358b0fbe120,,07/24/2025 07:00:00 AM,30,TRAFFIC SIGNAL,UNKNOWN,CLEAR,DAYLIGHT,REAR END,"FIVE POINT, OR MORE",,STRAIGHT AND LEVEL,DRY,UNKNOWN,NOT ON SCENE (DESK REPORT),NO INJURY / DRIVE AWAY,,,,"OVER $1,500",07/24/2025 03:50:00 PM,UNABLE TO DETERMINE,UNABLE TO DETERMINE,6900,S,STONY ISLAND AVE,332,,,,,,,2,NO INDICATION OF INJURY,0,0,0,0,0,2,0,7,5,7,41.7696498146,-87.5863831101,POINT (-87.586383110145 41.769649814616)
eb8ec4f8870f307367323d25c6427ed96dfbb7eb0295f09e090f32cf5d2376956b5c269da73945254acb9453364baceaace46ea2860e6893471707f8995af49c,,07/24/2025 07:00:00 AM,30,NO CONTROLS,NO CONTROLS,CLEAR,DARKNESS,PARKED MOTOR VEHICLE,ONE-WAY,,STRAIGHT AND LEVEL,DRY,NO DEFECTS,ON SCENE,NO INJURY / DRIVE AWAY,,,Y,"OVER $1,500",07/24/2025 07:11:00 AM,UNABLE TO DETERMINE,UNABLE TO DETERMINE,3542,W,SCHUBERT AVE,1412,,,,,,,2,NO INDICATION OF INJURY,0,0,0,0,0,1,0,7,5,7,41.9302008177,-87.7164595246,POINT (-87.716459524602 41.930200817662)
17e67f70bda2fb37aa62f758fad6e44f4037c4a80a8b0c228e10809e0fde753ca23b2041531559e857aab54d0004d989b2078ee9fd114b3b4bbd8837135e361a,,07/24/2025 06:50:00 AM,30,TRAFFIC SIGNAL,UNKNOWN,CLEAR,DAYLIGHT,SIDESWIPE SAME DIRECTION,FOUR WAY,,STRAIGHT AND LEVEL,DRY,UNKNOWN,NOT ON SCENE (DESK REPORT),NO INJURY / DRIVE AWAY,Y,,,"OVER $1,500",07/24/2025 08:06:00 AM,IMPROPER LANE USAGE,DRIVING SKILLS/KNOWLEDGE/EXPERIENCE,50,E,GARFIELD BLVD,225,,,,,,,2,NO INDICATION OF INJURY,0,0,0,0,0,2,0,6,5,7,41.794778764,-87.623828038,POINT (-87.623828038036 41.794778764028)
3fe2978621e29daebbb27d8106e4b384060adfd22e5249835a67d1c09b1a91390c43fd8f6b864dd72a6d926b9ac26a9a1f67e0a13573e783ab7001f404c81539,,07/24/2025 06:45:00 AM,30,UNKNOWN,UNKNOWN,UNKNOWN,UNKNOWN,SIDESWIPE SAME DIRECTION,NOT DIVIDED,,STRAIGHT AND LEVEL,UNKNOWN,UNKNOWN,NOT ON SCENE (DESK REPORT),NO INJURY / DRIVE AWAY,,,Y,"OVER $1,500",07/24/2025 07:15:00 AM,UNABLE TO DETERMINE,UNABLE TO DETERMINE,301,W,76TH ST,623,,,,,,,2,NO INDICATION OF INJURY,0,0,0,0,0,3,0,6,5,7,41.756177643,-87.6322765593,POINT (-87.632276559321 41.756177643017)