CRASH_RECORD_ID,CRASH_DATE_EST_I,CRASH_DATE,POSTED_SPEED_LIMIT,TRAFFIC_CONTROL_DEVICE,DEVICE_CONDITION,WEATHER_CONDITION,LIGHTING_CONDITION,FIRST_CRASH_TYPE,TRAFFICWAY_TYPE,LANE_CNT,ALIGNMENT,ROADWAY_SURFACE_COND,ROAD_DEFECT,REPORT_TYPE,CRASH_TYPE,INTERSECTION_RELATED_I,NOT_RIGHT_OF_WAY_I,HIT_AND_RUN_I,DAMAGE,DATE_POLICE_NOTIFIED,PRIM_CONTRIBUTORY_CAUSE,SEC_CONTRIBUTORY_CAUSE,STREET_NO,STREET_DIRECTION,STREET_NAME,BEAT_OF_OCCURRENCE,PHOTOS_TAKEN_I,STATEMENTS_TAKEN_I,DOORING_I,WORK_ZONE_I,WORK_ZONE_TYPE,WORKERS_PRESENT_I,NUM_UNITS,MOST_SEVERE_INJURY,INJURIES_TOTAL,INJURIES_FATAL,INJURIES_INCAPACITATING,INJURIES_NON_INCAPACITATING,INJURIES_REPORTED_NOT_EVIDENT,INJURIES_NO_INDICATION,INJURIES_UNKNOWN,CRASH_HOUR,CRASH_DAY_OF_WEEK,CRASH_MONTH,LATITUDE,LONGITUDE,LOCATION
9675b5868c404d1c793f4073de87dfa2e5cdfdc99e14e0dade1351c8bb82204cf81cf809c8b3a9bed472dbc481b73ce20d132b7706ad34ab5c145d9574bdd43e,,07/24/2025 06:32:00 AM,30,NO CONTROLS,NO CONTROLS,CLEAR,DAYLIGHT,REAR END,NOT DIVIDED,,STRAIGHT AND LEVEL,DRY,NO DEFECTS,ON SCENE,NO INJURY / DRIVE AWAY,,,Y,"$501 - $1,500",07/24/2025 07:50:00 AM,UNABLE TO DETERMINE,UNABLE TO DETERMINE,734,E,MARGARET T BURROUGHS,233,,,,,,,2,NO INDICATION OF INJURY,0,0,0,0,0,2,0,6,5,7,,,
a368c842355a3707095690516b6a7e7c2febcd763775feb4231651079cff7d1f3153b79a1835f63d10fd694e330baf9eab2584a7d5234828e53aa8e6bf6f99d7,,07/24/2025 06:30:00 AM,30,NO CONTROLS,NO CONTROLS,CLEAR,DAYLIGHT,SIDESWIPE SAME DIRECTION,NOT DIVIDED,,STRAIGHT AND LEVEL,DRY,NO DEFECTS,ON SCENE,INJURY AND / OR TOW DUE TO CRASH,,,,"OVER $1,500",07/24/2025 06:36:00 AM,FAILING TO YIELD RIGHT-OF-WAY,FAILING TO YIELD RIGHT-OF-WAY,519,N,WESTERN AVE,1221,,,,,,,2,"REPORTED, NOT EVIDENT",2,0,0,0,2,0,0,6,5,7,41.8912619868,-87.6865630022,POINT (-87.686563002161 41.891261986756)
c46c5ab378c166caa30727fe33e3c74cbde0cb5ce1a89b139f06dfba8763a1a1d27aac0e609a572196980805b8304ebb9ddb99aa592edebe5e03934c9c72ade8,,07/24/2025 06:26:00 AM,30,NO CONTROLS,NO CONTROLS,CLEAR,DAYLIGHT,ANGLE,T-INTERSECTION,,STRAIGHT AND LEVEL,DRY,NO DEFECTS,ON SCENE,INJURY AND / OR TOW DUE TO CRASH,Y,,,"OVER $1,500",07/24/2025 06:40:00 AM,FAILING TO YIELD RIGHT-OF-WAY,FAILING TO YIELD RIGHT-OF-WAY,725,W,MONTROSE AVE,1915,,,,,,,2,"REPORTED, NOT EVIDENT",2,0,0,0,2,1,0,6,5,7,41.9617548035,-87.648543725,POINT (-87.648543724977 41.961754803528)
f2bd4f8fbea24e224fef4da680cd2ce52aec28ca13b39f311ab10d57fffe7ba148c4ace3dfd9036bd2c53a91f23ff91703a1591addfba0f2695c3b2338a3a73a,,07/24/2025 05:34:00 AM,30,TRAFFIC SIGNAL,FUNCTIONING PROPERLY,CLEAR,DUSK,TURNING,FOUR WAY,,STRAIGHT AND LEVEL,DRY,NO DEFECTS,ON SCENE,INJURY AND / OR TOW DUE TO CRASH,Y,,Y,"OVER $1,500",07/24/2025 05:48:00 AM,DISREGARDING TRAFFIC SIGNALS,FAILING TO YIELD RIGHT-OF-WAY,598,N,LARAMIE AVE,1523,,,,,,,2,NO INDICATION OF INJURY,0,0,0,0,0,2,0,5,5,7,41.8911353798,-87.7556073367,POINT (-87.75560733665 41.891135379772)
18489ba1e73ec7a16ac9baf7d1fdbea1e8f998f29d2b744ca8baed9879a411bd6f8fb39ea9059d3f2d3a54e1d4a806a20a5ea468796803e8e3fd08b3d5b797ec,,07/24/2025 05:15:00 AM,30,TRAFFIC SIGNAL,FUNCTIONING PROPERLY,CLEAR,DAWN,ANGLE,FOUR WAY,,STRAIGHT AND LEVEL,DRY,NO DEFECTS,ON SCENE,INJURY AND / OR TOW DUE TO CRASH,Y,,,"OVER $1,500",07/24/2025 05:17:00 AM,DISREGARDING TRAFFIC SIGNALS,NOT APPLICABLE,2800,S,PULASKI RD,1031,,,,,,,2,NONINCAPACITATING INJURY,1,0,0,1,0,2,0,5,5,7,41.8404708335,-87.7245933661,POINT (-87.724593366145 41.840470833493)
df1daf6f282987f276e5b31c3e16595b98a889048b52788df20179a82fe10b5a07b37ed56e759e6b71ba37c54d1945ce9caae741c5dceb1e85a5c2823b392c82,,07/24/2025 05:10:00 AM,35,NO CONTROLS,NO CONTROLS,CLEAR,DAYLIGHT,REAR END,NOT DIVIDED,,STRAIGHT AND LEVEL,DRY,UNKNOWN,ON SCENE,NO INJURY / DRIVE AWAY,,,,"$501 - $1,500",07/24/2025 05:10:00 AM,IMPROPER TURNING/NO SIGNAL,NOT APPLICABLE,799,W,OHIO ST,1214,,,,,,,2,NO INDICATION OF INJURY,0,0,0,0,0,2,0,5,5,7,41.8921353139,-87.6475459134,POINT (-87.647545913359 41.892135313918)
4d30bfca2f0cf8a6265495fb92920e7ee69d6ca2cd51c702af86668ca08d6ee057a3fc37f29b3f16483de1145119479d734b6bca9fc2487ec226194680560292,,07/24/2025 04:52:00 AM,30,TRAFFIC SIGNAL,FUNCTIONING PROPERLY,CLEAR,DAWN,TURNING,FOUR WAY,,STRAIGHT AND LEVEL,DRY,NO DEFECTS,,NO INJURY / DRIVE AWAY,Y,,,"OVER $1,500",07/24/2025 02:30:00 PM,IMPROPER TURNING/NO SIGNAL,DRIVING SKILLS/KNOWLEDGE/EXPERIENCE,4001,W,WASHINGTON BLVD,1115,,,,,,,2,NO INDICATION OF INJURY,0,0,0,0,0,2,0,4,5,7,41.8818459107,-87.7258541524,POINT (-87.7258541524 41.881845910686)
8359cb01b88c264a20e68d769433b44b6e416ac691c6e476a0eb6f4734bf1b068d5a15843204bd59f6e283c809ad2b6064c9cc181e0a73b2ca8b56423a23155c,,07/24/2025 03:29:00 AM,30,NO CONTROLS,NO CONTROLS,CLEAR,"DARKNESS, LIGHTED ROAD",PARKED MOTOR VEHICLE,T-INTERSECTION,,STRAIGHT AND LEVEL,DRY,UNKNOWN,ON SCENE,INJURY AND / OR TOW DUE TO CRASH,Y,,,"OVER $1,500",07/24/2025 03:30:00 AM,PHYSICAL CONDITION OF DRIVER,UNABLE TO DETERMINE,5154,N,ELSTON AVE,1623,,,,,,,3,NO INDICATION OF INJURY,0,0,0,0,0,1,0,3,5,7,41.9746097351,-87.7509401198,POINT (-87.75094011978 41.974609735075)
79da2af87122f89bac709405f2ee8dacb7d025e157d77c374d5155c2a8ad481dc255246db2aefee0d0aa59ddab92e44e4375721230e6070d0cea4c462f46384c,Y,07/24/2025 03:00:00 AM,30,NO CONTROLS,NO CONTROLS,UNKNOWN,UNKNOWN,PARKED MOTOR VEHICLE,NOT DIVIDED,,STRAIGHT AND LEVEL,UNKNOWN,NO DEFECTS,ON SCENE,INJURY AND / OR TOW DUE TO CRASH,,,Y,"OVER $1,500",07/24/2025 06:46:00 AM,NOT APPLICABLE,NOT APPLICABLE,5414,S,PRINCETON AVE,935,,,,,,,2,NO INDICATION OF INJURY,0,0,0,0,0,2,0,3,5,7,41.7957780632,-87.6331800114,POINT (-87.633180011421 41.795778063164)
27ceec4c7e09b7c582b1be0826aca88aa86a7def11cf26f43a0745b572e773e870a1925665d3974e242c537c9ba7519e6579f93b357616221abfefa6b281a276,,07/24/2025 02:51:00 AM,30,NO CONTROLS,NO CONTROLS,CLEAR,"DARKNESS, LIGHTED ROAD",PARKED MOTOR VEHICLE,NOT DIVIDED,,STRAIGHT AND LEVEL,DRY,NO DEFECTS,ON SCENE,NO INJURY / DRIVE AWAY,,,Y,"OVER $1,500",07/24/2025 04:01:00 AM,"OPERATING VEHICLE IN ERRATIC, RECKLESS, CARELESS, NEGLIGENT OR AGGRESSIVE MANNER",NOT APPLICABLE,3510,S,RHODES AVE,212,,,,,,,2,NO INDICATION OF INJURY,0,0,0,0,0,1,0,2,5,7,41.8308381162,-87.6146248877,POINT (-87.614624887683 41.830838116221)
66e954f78d9a1849ddd8b076a3c8f6b0276f1ba96e052a14844c156ba0292f0f27e515a748dd199999fa9bc22ef91cd0990c8a73b043bde712f9abfb86695943,,07/24/2025 02:44:00 AM,15,NO CONTROLS,NO CONTROLS,CLEAR,"DARKNESS, LIGHTED ROAD",FIXED OBJECT,PARKING LOT,,STRAIGHT AND LEVEL,DRY,WORN SURFACE,ON SCENE,NO INJURY / DRIVE AWAY,,,,"$501 - $1,500",07/24/2025 03:31:00 AM,NOT APPLICABLE,NOT APPLICABLE,6464,N,CLARK ST,2432,,,,,,,1,NO INDICATION OF INJURY,0,0,0,0,0,2,0,2,5,7,41.9997634842,-87.6713242922,POINT (-87.67132429221 41.999763484238)
fc8dfb4b3dccf45de4449830fed6ec9dafce6b3d8c0c125561d78bb1f9a7450e16b58178d4779df80145ac1b775fc44ddd1e5ffd75f8a12a74cb792322675418,,07/24/2025 01:46:00 AM,30,TRAFFIC SIGNAL,FUNCTIONING PROPERLY,CLEAR,"DARKNESS, LIGHTED ROAD",TURNING,NOT DIVIDED,,STRAIGHT AND LEVEL,DRY,NO DEFECTS,ON SCENE,INJURY AND / OR TOW DUE TO CRASH,Y,,,"OVER $1,500",07/24/2025 02:05:00 AM,IMPROPER TURNING/NO SIGNAL,UNABLE TO DETERMINE,5500,S,NARRAGANSETT AVE,811,,,,,,,2,NONINCAPACITATING INJURY,1,0,0,1,0,1,0,1,5,7,41.7922542493,-87.7819490982,POINT (-87.781949098151 41.792254249339)
5a3f1fd404fe6f4f2b480a41a5f61bd567789da3df91ae3a64a0adf8d8f03d89efc787e826c49b9bfe6f930283684420bb2cb838372435f7bc846a022482befd,,07/24/2025 01:30:00 AM,35,NO CONTROLS,NO CONTROLS,CLEAR,"DARKNESS, LIGHTED ROAD",REAR END,NOT DIVIDED,,STRAIGHT AND LEVEL,DRY,UNKNOWN,ON SCENE,INJURY AND / OR TOW DUE TO CRASH,,,,"OVER $1,500",07/24/2025 01:35:00 AM,FAILING TO REDUCE SPEED TO AVOID CRASH,NOT APPLICABLE,633,N,HALSTED ST,1214,,,,,,,2,NO INDICATION OF INJURY,0,0,0,0,0,2,0,1,5,7,41.8933306534,-87.6475271673,POINT (-87.6475271673 41.893330653401)
6989a792f2690f4466ed1e98a2d3c32adffbab6ecc1f586ffbe1c87dd21d3b4b43588434f006b5b18e346f3a8de23851473e7407eb01c43ed886b85f6ce06a34,Y,07/24/2025 01:15:00 AM,30,STOP SIGN/FLASHER,FUNCTIONING PROPERLY,CLEAR,"DARKNESS, LIGHTED ROAD",ANGLE,NOT DIVIDED,,STRAIGHT AND LEVEL,DRY,UNKNOWN,ON SCENE,INJURY AND / OR TOW DUE TO CRASH,,,Y,"OVER $1,500",07/24/2025 02:21:00 AM,UNABLE TO DETERMINE,NOT APPLICABLE,6300,S,VERNON AVE,312,,,,,,,2,NONINCAPACITATING INJURY,1,0,0,1,0,1,0,1,5,7,41.7801680427,-87.6145559297,POINT (-87.614555929706 41.780168042655)
0dac0fad815f30d28870561ee9ad519f964c397a0a129a4e629ca5ddaebab3be31242b86b20bd4e160385f96b90a102dec384b1c14aec8eae3d7c5de5b64d1aa,N,07/24/2025 01:00:00 AM,20,UNKNOWN,UNKNOWN,CLEAR,"DARKNESS, LIGHTED ROAD",PARKED MOTOR VEHICLE,DIVIDED - W/MEDIAN (NOT RAISED),,STRAIGHT AND LEVEL,UNKNOWN,UNKNOWN,ON SCENE,NO INJURY / DRIVE AWAY,,,Y,"$501 - $1,500",07/24/2025 07:46:00 AM,UNABLE TO DETERMINE,NOT APPLICABLE,5701,W,WASHINGTON BLVD,1513,,,,,,,4,NO INDICATION OF INJURY,0,0,0,0,0,1,0,1,5,7,41.8820815344,-87.7682700318,POINT (-87.768270031848 41.882081534369)
a896ada720728954c92b5a4fdba184491056a0a5a024bd3423a2df99ee1d15beb0b5dc3b8cbbc0b814e0175cf598dff9cb7acb3e82790e69759b19b4e348d7f5,,07/24/2025 01:00:00 AM,30,STOP SIGN/FLASHER,FUNCTIONING PROPERLY,CLEAR,"DARKNESS, LIGHTED ROAD",PARKED MOTOR VEHICLE,FOUR WAY,,STRAIGHT AND LEVEL,DRY,WORN SURFACE,NOT ON SCENE (DESK REPORT),NO INJURY / DRIVE AWAY,Y,,,"$501 - $1,500",07/27/2025 08:00:00 PM,UNABLE TO DETERMINE,UNABLE TO DETERMINE,1328,W,72ND ST,734,,,,,,,2,NO INDICATION OF INJURY,0,0,0,0,0,1,0,1,5,7,41.763279183,-87.6585193109,POINT (-87.658519310898 41.763279182995)
6f247cd868e337f1a477e57342ce9006203d38640f7996d494bf371d7934b937660c23734182b947bdbbadf7d4299dfc7c24bc2f10492f042ed9303d54a975e6,,07/24/2025 12:50:00 AM,25,NO CONTROLS,NO CONTROLS,CLEAR,"DARKNESS, LIGHTED ROAD",PARKED MOTOR VEHICLE,NOT DIVIDED,,STRAIGHT AND LEVEL,DRY,NO DEFECTS,ON SCENE,INJURY AND / OR TOW DUE TO CRASH,,,,"OVER $1,500",07/24/2025 12:50:00 AM,NOT APPLICABLE,NOT APPLICABLE,2308,W,DEVON AVE,2412,,,,,,,3,NO INDICATION OF INJURY,0,0,0,0,0,1,0,0,5,7,41.997874817,-87.6878476889,POINT (-87.687847688851 41.997874816989)
27f889b1e1cf3d5bcba3a90ad2da0bade1091cb7a80d14c58fff8b2ff901bdd5dbef8de14d216ddcbc0a210751b1130c457b832e0fbdbc4f37fcdd1305641322,,07/24/2025 12:41:00 AM,30,TRAFFIC SIGNAL,FUNCTIONING PROPERLY,CLEAR,DARKNESS,REAR END,NOT DIVIDED,,STRAIGHT AND LEVEL,DRY,NO DEFECTS,ON SCENE,INJURY AND / OR TOW DUE TO CRASH,,,Y,"OVER $1,500",07/24/2025 12:43:00 AM,FAILING TO REDUCE SPEED TO AVOID CRASH,UNABLE TO DETERMINE,915,S,KEDZIE AVE,1134,Y,,,,,,3,NONINCAPACITATING INJURY,2,0,0,2,0,2,0,0,5,7,41.8695279867,-87.7056218325,POINT (-87.705621832523 41.869527986667)
0cc589dc28ea12b9d66e2ba495245bee5a83faf55f028bf9cac4fdf10d088085739f50236f1f2410bdf42e87543d3642705dd2a4042c97cf96b1f17c4b859be4,,07/24/2025 12:10:00 AM,30,STOP SIGN/FLASHER,FUNCTIONING PROPERLY,CLEAR,"DARKNESS, LIGHTED ROAD",OTHER OBJECT,FOUR WAY,,STRAIGHT AND LEVEL,DRY,NO DEFECTS,ON SCENE,NO INJURY / DRIVE AWAY,Y,,Y,"OVER $1,500",07/24/2025 12:26:00 AM,DISREGARDING STOP SIGN,UNABLE TO DETERMINE,699,N,LARAMIE AVE,1532,,,,,,,2,NO INDICATION OF INJURY,0,0,0,0,0,3,0,0,5,7,41.8929180722,-87.7553778898,POINT (-87.755377889798 41.892918072229)
2f2816c3c1eb6ea12e82559f39e5cd1bc87c0fb9df8c6b9fdc68e0ed8a545dcdd713cf3557025a27f887715eb07a82e4e5424d1d0c2d1c10bc1a99d1d9858680,,07/24/2025 12:10:00 AM,30,NO CONTROLS,NO CONTROLS,CLEAR,"DARKNESS, LIGHTED ROAD",PARKED MOTOR VEHICLE,DIVIDED - W/MEDIAN BARRIER,,STRAIGHT AND LEVEL,DRY,NO DEFECTS,ON SCENE,INJURY AND / OR TOW DUE TO CRASH,,,Y,"OVER $1,500",07/24/2025 12:10:00 AM,UNABLE TO DETERMINE,NOT APPLICABLE,5323,S,ASHLAND AVE,934,,,,,,,2,NONINCAPACITATING INJURY,1,0,0,1,0,1,0,0,5,7,41.7969623343,-87.6645163286,POINT (-87.664516328571 41.796962334286)
18782b22a93b818deccdf4fcc24fc162c46e8a63769e02b2fba717fc2c4454ba2ee0ec20e5ba9656a0b5293abf72363f45551dd65d3e19a0153b7786fb4a5c6b,,07/24/2025 12:07:00 AM,30,NO CONTROLS,NO CONTROLS,CLEAR,"DARKNESS, LIGHTED ROAD",FIXED OBJECT,DIVIDED - W/MEDIAN BARRIER,,STRAIGHT AND LEVEL,DRY,NO DEFECTS,ON SCENE,INJURY AND / OR TOW DUE TO CRASH,,,,"OVER $1,500",07/24/2025 12:08:00 AM,UNABLE TO DETERMINE,UNABLE TO DETERMINE,1600,E,83RD PL,412,,Y,,,,,1,INCAPACITATING INJURY,3,0,3,0,0,0,0,0,5,7,41.7434072895,-87.585241889,POINT (-87.58524188905 41.743407289546)
54554a7e03bf6f545fbe037ae4f089ce32185c4e034e6e8c50fad184ac89354db568d925cfb1d9e90419202da7d4ee512cf7ddc5795f51ff2727da46959c6bdb,,07/23/2025 11:50:00 PM,30,TRAFFIC SIGNAL,FUNCTIONING PROPERLY,CLEAR,"DARKNESS, LIGHTED ROAD",REAR END,NOT DIVIDED,,STRAIGHT AND LEVEL,DRY,NO DEFECTS,NOT ON SCENE (DESK REPORT),INJURY AND / OR TOW DUE TO CRASH,,,,"OVER $1,500",07/23/2025 11:51:00 PM,FAILING TO REDUCE SPEED TO AVOID CRASH,NOT APPLICABLE,4610,S,CICERO AVE,814,,,,,,,2,NONINCAPACITATING INJURY,1,0,0,1,0,1,0,23,4,7,41.8090695474,-87.7433331881,POINT (-87.743333188086 41.809069547424)
c1c88741e57d26f033329e54972e94a7123cb674592aa81b9707be943faa60f76ad5888ac92658fddf75d6a971fe59bba91e28c4fd354e866b7018b89d80976e,,07/23/2025 11:13:00 PM,20,NO CONTROLS,NO CONTROLS,CLEAR,"DARKNESS, LIGHTED ROAD",SIDESWIPE SAME DIRECTION,NOT DIVIDED,,STRAIGHT AND LEVEL,DRY,NO DEFECTS,NOT ON SCENE (DESK REPORT),NO INJURY / DRIVE AWAY,,,,"$501 - $1,500",07/24/2025 02:00:00 AM,UNABLE TO DETERMINE,NOT APPLICABLE,2431,N,CANNON DR,1935,,,,,,,2,NO INDICATION OF INJURY,0,0,0,0,0,2,0,23,4,7,41.9267823169,-87.6340362794,POINT (-87.634036279366 41.926782316851)
cd9a665a6b4e06e9d9a82dce3b25d210146baf2f57cc8a2f466f218bc89f3348f00d710e1752f491c96798095f48b5d704ab27e5c1eda311c8679c7d8a25ec16,,07/23/2025 10:35:00 PM,35,UNKNOWN,UNKNOWN,CLEAR,"DARKNESS, LIGHTED ROAD",REAR END,NOT DIVIDED,,STRAIGHT AND LEVEL,DRY,NO DEFECTS,ON SCENE,NO INJURY / DRIVE AWAY,,,,"OVER $1,500",07/23/2025 10:51:00 PM,FOLLOWING TOO CLOSELY,FOLLOWING TOO CLOSELY,5601,W,BRYN MAWR AVE,1622,,,,,,,2,NO INDICATION OF INJURY,0,0,0,0,0,2,0,22,4,7,41.9828295086,-87.7684038812,POINT (-87.768403881227 41.982829508569)
545436a86b3b6c6b87b2d27858e69ca80539d93928557e12928f6207941f011385e99c62f9f04169116fb1269814bebc4ff402aec9e4072fca90c691fe48a9e7,,07/23/2025 10:31:00 PM,30,TRAFFIC SIGNAL,FUNCTIONING PROPERLY,CLEAR,DARKNESS,REAR END,NOT DIVIDED,,STRAIGHT AND LEVEL,DRY,NO DEFECTS,NOT ON SCENE (DESK REPORT),INJURY AND / OR TOW DUE TO CRASH,,,Y,"OVER $1,500",07/23/2025 11:00:00 PM,UNABLE TO DETERMINE,UNABLE TO DETERMINE,9785,S,WENTWORTH AVE,511,,,,,,,2,NONINCAPACITATING INJURY,1,0,0,1,0,3,0,22,4,7,41.7163314578,-87.6284042974,POINT (-87.6284042974 41.716331457804)
97970eddb46b012e87c69ca3430b478b536bd65a1c52c9c4564226351ae4abc7cd7109a08870cffecf68ac802585593cd3519c9ef496bfc57bb80ef2ca8dbd3c,,07/23/2025 10:28:00 PM,30,TRAFFIC SIGNAL,FUNCTIONING PROPERLY,CLEAR,"DARKNESS, LIGHTED ROAD",SIDESWIPE SAME DIRECTION,UNKNOWN,,STRAIGHT AND LEVEL,DRY,UNKNOWN,NOT ON SCENE (DESK REPORT),NO INJURY / DRIVE AWAY,,,,"$501 - $1,500",07/23/2025 11:23:00 PM,IMPROPER TURNING/NO SIGNAL,FAILING TO YIELD RIGHT-OF-WAY,501,N,PESHTIGO CT,1834,,,,,,,2,NO INDICATION OF INJURY,0,0,0,0,0,2,0,22,4,7,41.8911389041,-87.6150282537,POINT (-87.615028253741 41.891138904081)
f35092da73e26b23882757f54da31d5f1c0fd4d46395c59b18039c411a121227ebbd6f91e80ac4adea5cedf8c6ba8a87476099147a645561986bfac32cbb8fb1,Y,07/23/2025 10:25:00 PM,30,UNKNOWN,UNKNOWN,CLEAR,"DARKNESS, LIGHTED ROAD",PEDALCYCLIST,NOT DIVIDED,,STRAIGHT AND LEVEL,DRY,NO DEFECTS,NOT ON SCENE (DESK REPORT),INJURY AND / OR TOW DUE TO CRASH,,,Y,$500 OR LESS,07/23/2025 10:49:00 PM,UNABLE TO DETERMINE,UNABLE TO DETERMINE,2643,N,CLARK ST,1935,,,,,,,2,NONINCAPACITATING INJURY,1,0,0,1,0,1,0,22,4,7,41.9307787217,-87.6437819717,POINT (-87.64378197171 41.930778721657)
0282c05b637c7a8a12d1d6daebbe011b9df543af33fde2bb04a961973bbc019be8065dd0584486f0a27a91be2cd2238bc8fe0842aaee58151e0a9f82b517588f,,07/23/2025 10:15:00 PM,30,TRAFFIC SIGNAL,FUNCTIONING PROPERLY,CLEAR,"DARKNESS, LIGHTED ROAD",PEDALCYCLIST,DIVIDED - W/MEDIAN (NOT RAISED),,STRAIGHT AND LEVEL,DRY,NO DEFECTS,NOT ON SCENE (DESK REPORT),NO INJURY / DRIVE AWAY,Y,,,$500 OR LESS,07/23/2025 11:50:00 PM,IMPROPER OVERTAKING/PASSING,NOT APPLICABLE,4903,W,NORTH AVE,2533,,,,,,,2,NO INDICATION OF INJURY,0,0,0,0,0,2,0,22,4,7,41.9094811812,-87.7487773589,POINT (-87.748777358941 41.909481181159)
1c299bf3da6dd4161cb6a563c3d05a3dc0ed4a798c9ace80e02aeee6222340bde379148c4b846f2a11cfe5099ee9028a42fd14b53dd7bc15e96c58d0656ff108,,07/23/2025 10:13:00 PM,30,NO CONTROLS,NO CONTROLS,UNKNOWN,UNKNOWN,TURNING,NOT DIVIDED,,STRAIGHT AND LEVEL,UNKNOWN,UNKNOWN,NOT ON SCENE (DESK REPORT),NO INJURY / DRIVE AWAY,,,,"$501 - $1,500",07/28/2025 07:45:00 PM,IMPROPER TURNING/NO SIGNAL,NOT APPLICABLE,506,N,MILWAUKEE AVE,1214,,,,,,,2,NO INDICATION OF INJURY,0,0,0,0,0,2,0,22,4,7,41.8913131489,-87.6480086671,POINT (-87.648008667116 41.89131314887)
3ad99b106a35ba957c451f6a466943724ddf3b26394f5d91845b88b3b0433032856cae250388605a8670357b05bbb676ffb685c46c75371bc3a97a6d2231633f,,07/23/2025 10:10:00 PM,30,NO CONTROLS,NO CONTROLS,UNKNOWN,UNKNOWN,REAR END,OTHER,,STRAIGHT AND LEVEL,UNKNOWN,UNKNOWN,NOT ON SCENE (DESK REPORT),NO INJURY / DRIVE AWAY,,,Y,"$501 - $1,500",07/23/2025 10:30:00 PM,UNABLE TO DETERMINE,UNABLE TO DETERMINE,125,N,HALSTED ST,1224,,,,,,,2,NO INDICATION OF INJURY,0,0,0,0,0,2,0,22,4,7,41.8839228938,-87.6472751294,POINT (-87.64727512935 41.883922893842)
f15490bdaaae8363c52d1b37d25b36e2208daaa6ac9d5f160ca4bc513208e3f7f06df43a29114f7ac75e5641e2edcbfddbb5e207d3ca7f9bf4f911855503c0fe,,07/23/2025 10:09:00 PM,30,NO CONTROLS,NO CONTROLS,CLEAR,"DARKNESS, LIGHTED ROAD",TURNING,NOT DIVIDED,,STRAIGHT AND LEVEL,DRY,NO DEFECTS,NOT ON SCENE (DESK REPORT),INJURY AND / OR TOW DUE TO CRASH,Y,,,"OVER $1,500",07/24/2025 12:00:00 PM,FAILING TO YIELD RIGHT-OF-WAY,NOT APPLICABLE,7801,W,ADDISON ST,1631,,,,,,,2,"REPORTED, NOT EVIDENT",1,0,0,0,1,1,0,22,4,7,41.9450574316,-87.8217447471,POINT (-87.821744747065 41.945057431567)
1a9491bdef32c94c702c3479ea60d38bd5e0349f1977cfe1795b5c6ed78393afc89a7df84b00142b06dad57d96de089b0745c6a9c0d3cd63890e7b7780b91802,,07/23/2025 10:06:00 PM,30,TRAFFIC SIGNAL,FUNCTIONING PROPERLY,CLEAR,"DARKNESS, LIGHTED ROAD",REAR END,DIVIDED - W/MEDIAN (NOT RAISED),,STRAIGHT AND LEVEL,DRY,UNKNOWN,NOT ON SCENE (DESK REPORT),INJURY AND / OR TOW DUE TO CRASH,,,,"$501 - $1,500",07/23/2025 11:00:00 PM,DISTRACTION - FROM INSIDE VEHICLE,FOLLOWING TOO CLOSELY,144,N,HALSTED ST,1224,,,,,,,2,"REPORTED, NOT EVIDENT",1,0,0,0,1,1,0,22,4,7,41.8843473284,-87.6475814474,POINT (-87.647581447385 41.88434732841)
11fc9b298249cc291e8d1a22aff3f522bd344191d441276d9d43d4990bdab39156c53136115af211d8becf92327b4f67879981e4bba73ddd4e6e94bf6f582926,,07/23/2025 10:04:00 PM,15,NO CONTROLS,NO CONTROLS,CLEAR,DARKNESS,PEDESTRIAN,OTHER,,STRAIGHT AND LEVEL,DRY,NO DEFECTS,ON SCENE,INJURY AND / OR TOW DUE TO CRASH,,,Y,"OVER $1,500",07/23/2025 10:04:00 PM,UNABLE TO DETERMINE,UNABLE TO DETERMINE,124,E,PERSHING RD,212,,,,,,,2,"REPORTED, NOT EVIDENT",1,0,0,0,1,1,0,22,4,7,41.8238796868,-87.6220292456,POINT (-87.622029245596 41.823879686835)
d7753b266124f4128889d2014aaed882d0cc988cc554e8b4842bac69c9f34c8c336047a14b61369964057f417759118a358fe9251c04eb13df8e6112eaf1bec9,N,07/23/2025 10:00:00 PM,30,NO CONTROLS,NO CONTROLS,CLEAR,"DARKNESS, LIGHTED ROAD",PARKED MOTOR VEHICLE,NOT DIVIDED,,STRAIGHT AND LEVEL,DRY,NO DEFECTS,NOT ON SCENE (DESK REPORT),INJURY AND / OR TOW DUE TO CRASH,,,Y,"OVER $1,500",07/24/2025 09:15:00 AM,UNABLE TO DETERMINE,UNABLE TO DETERMINE,3644,E,99TH ST,432,,,,,,,2,NO INDICATION OF INJURY,0,0,0,0,0,1,0,22,4,7,41.7159389337,-87.5347181019,POINT (-87.534718101942 41.715938933659)
5bce930f642b4fa9374f0a18f58faecd68b59dfdd48d6045867d70b18c2a29142bc84ff738819149928718ec68db3221f43b20aec5a60df5611ca751c6292ae9,,07/23/2025 09:53:00 PM,30,STOP SIGN/FLASHER,NO CONTROLS,CLEAR,"DARKNESS, LIGHTED ROAD",TURNING,DIVIDED - W/MEDIAN (NOT RAISED),,STRAIGHT AND LEVEL,DRY,NO DEFECTS,ON SCENE,INJURY AND / OR TOW DUE TO CRASH,Y,,,"OVER $1,500",07/23/2025 09:53:00 PM,DRIVING SKILLS/KNOWLEDGE/EXPERIENCE,UNABLE TO DETERMINE,3501,W,FRANKLIN BLVD,1123,Y,Y,,,,,2,NONINCAPACITATING INJURY,1,0,0,1,0,1,0,21,4,7,41.889878869,-87.7138423773,POINT (-87.713842377253 41.889878868954)