CRASH_RECORD_ID,CRASH_DATE_EST_I,CRASH_DATE,POSTED_SPEED_LIMIT,TRAFFIC_CONTROL_DEVICE,DEVICE_CONDITION,WEATHER_CONDITION,LIGHTING_CONDITION,FIRST_CRASH_TYPE,TRAFFICWAY_TYPE,LANE_CNT,ALIGNMENT,ROADWAY_SURFACE_COND,ROAD_DEFECT,REPORT_TYPE,CRASH_TYPE,INTERSECTION_RELATED_I,NOT_RIGHT_OF_WAY_I,HIT_AND_RUN_I,DAMAGE,DATE_POLICE_NOTIFIED,PRIM_CONTRIBUTORY_CAUSE,SEC_CONTRIBUTORY_CAUSE,STREET_NO,STREET_DIRECTION,STREET_NAME,BEAT_OF_OCCURRENCE,PHOTOS_TAKEN_I,STATEMENTS_TAKEN_I,DOORING_I,WORK_ZONE_I,WORK_ZONE_TYPE,WORKERS_PRESENT_I,NUM_UNITS,MOST_SEVERE_INJURY,INJURIES_TOTAL,INJURIES_FATAL,INJURIES_INCAPACITATING,INJURIES_NON_INCAPACITATING,INJURIES_REPORTED_NOT_EVIDENT,INJURIES_NO_INDICATION,INJURIES_UNKNOWN,CRASH_HOUR,CRASH_DAY_OF_WEEK,CRASH_MONTH,LATITUDE,LONGITUDE,LOCATION
ec0c496efe9c5529aceb76cb13ce7d6ea648030a92c95b0367599280f809c38affe6c1fb94ff6085d3dc28c739b80753be40ab3d790a30829a0233f3ad17e1bd,,07/23/2025 09:52:00 PM,30,NO CONTROLS,NO CONTROLS,CLEAR,"DARKNESS, LIGHTED ROAD",PARKED MOTOR VEHICLE,NOT DIVIDED,,STRAIGHT AND LEVEL,DRY,UNKNOWN,ON SCENE,NO INJURY / DRIVE AWAY,,,,"OVER $1,500",07/23/2025 09:52:00 PM,UNABLE TO DETERMINE,UNABLE TO DETERMINE,2391,N,STOCKTON DR,1814,,,,,,,2,NO INDICATION OF INJURY,0,0,0,0,0,1,0,21,4,7,41.9256132521,-87.6358847891,POINT (-87.635884789077 41.925613252134)
7cf379ed4b90d0ced0b95630d41d7f9881249f6a83cabf2a87f0eafead621420df1ed5a98a7af285b6c51524931623234e83b4f57d69eef1823faf079dad6bdb,,07/23/2025 09:50:00 PM,30,TRAFFIC SIGNAL,FUNCTIONING PROPERLY,CLEAR,"DARKNESS, LIGHTED ROAD",PARKED MOTOR VEHICLE,DIVIDED - W/MEDIAN BARRIER,,STRAIGHT AND LEVEL,DRY,NO DEFECTS,ON SCENE,NO INJURY / DRIVE AWAY,,,Y,"$501 - $1,500",07/23/2025 10:00:00 PM,IMPROPER OVERTAKING/PASSING,IMPROPER OVERTAKING/PASSING,2200,N,ASHLAND AVE,1432,,,,,,,2,NO INDICATION OF INJURY,0,0,0,0,0,1,0,21,4,7,41.9215849114,-87.6687731076,POINT (-87.6687731076 41.921584911368)
2da265488933af0630b4649a955a8b3b2fc4d258b157f56a3caa8be426496b6f501441178852066cd3deb31992f5d687dba78b843f8e299dc180e39598dedb00,,07/23/2025 09:39:00 PM,30,NO CONTROLS,NO CONTROLS,CLEAR,"DARKNESS, LIGHTED ROAD",FIXED OBJECT,DIVIDED - W/MEDIAN BARRIER,,STRAIGHT AND LEVEL,DRY,NO DEFECTS,ON SCENE,INJURY AND / OR TOW DUE TO CRASH,Y,,,"OVER $1,500",07/23/2025 09:43:00 PM,UNABLE TO DETERMINE,FAILING TO REDUCE SPEED TO AVOID CRASH,4701,W,PETERSON AVE,1711,,,,,,,1,NO INDICATION OF INJURY,0,0,0,0,0,1,0,21,4,7,41.9898139444,-87.7459531244,POINT (-87.745953124429 41.98981394441)
bdf97fe1dd9968a7ef56ae9d0feaa2c2749118d104a38763df383db2d294c9319ed1e011dacccc212adfd69190f0130640f136d9c30b300fb5b2f9d5e24a15f8,,07/23/2025 09:30:00 PM,25,TRAFFIC SIGNAL,FUNCTIONING PROPERLY,UNKNOWN,UNKNOWN,REAR END,NOT DIVIDED,,STRAIGHT AND LEVEL,UNKNOWN,UNKNOWN,NOT ON SCENE (DESK REPORT),NO INJURY / DRIVE AWAY,Y,,Y,$500 OR LESS,07/23/2025 11:20:00 PM,UNABLE TO DETERMINE,NOT APPLICABLE,5958,W,GRAND AVE,2515,,,,,,,2,NO INDICATION OF INJURY,0,0,0,0,0,2,0,21,4,7,41.920639724,-87.7754289333,POINT (-87.775428933348 41.920639723962)
c16de923362baacbb7bea0b547eeb0a6937694e20c63537640d734d7ca28173bfc7da9e32fc275e22b3331c5ea95ec2573d07efca91e88e1438afabc57e417d8,,07/23/2025 09:30:00 PM,30,NO CONTROLS,NO CONTROLS,CLEAR,"DARKNESS, LIGHTED ROAD",PARKED MOTOR VEHICLE,ONE-WAY,,STRAIGHT AND LEVEL,DRY,NO DEFECTS,NOT ON SCENE (DESK REPORT),NO INJURY / DRIVE AWAY,,,Y,"$501 - $1,500",07/23/2025 10:27:00 PM,UNABLE TO DETERMINE,NOT APPLICABLE,5135,S,AVERS AVE,822,,,,,,,2,NO INDICATION OF INJURY,0,0,0,0,0,1,0,21,4,7,41.7995457773,-87.7195166109,POINT (-87.71951661086 41.799545777301)
bea312474ef1ed3b0b077430d51dee5971e4206c0f47698e6bf822dbbecec49db1149081b399611d6ee7e35df55fc6c506613c99d9003d895743c983252dcca0,,07/23/2025 09:20:00 PM,35,NO CONTROLS,NO CONTROLS,CLEAR,DUSK,OTHER NONCOLLISION,NOT DIVIDED,,STRAIGHT AND LEVEL,DRY,NO DEFECTS,ON SCENE,INJURY AND / OR TOW DUE TO CRASH,,,,"$501 - $1,500",07/23/2025 09:25:00 PM,UNABLE TO DETERMINE,NOT APPLICABLE,5,S,COLUMBUS DR,114,,,,,,,1,NONINCAPACITATING INJURY,1,0,0,1,0,0,0,21,4,7,41.8819421015,-87.6205957113,POINT (-87.620595711289 41.881942101491)
e4c0ae80f98950303d4d4f77f98e7fb97f11e32a01d3ce35e73bba83eb48ff3c73e693295580175720b8761de6f4f42cab014cce0ac92ecad76c6fd130c8cf47,,07/23/2025 09:20:00 PM,30,NO CONTROLS,NO CONTROLS,CLEAR,"DARKNESS, LIGHTED ROAD",PARKED MOTOR VEHICLE,ONE-WAY,,STRAIGHT AND LEVEL,DRY,NO DEFECTS,ON SCENE,NO INJURY / DRIVE AWAY,,,,$500 OR LESS,07/23/2025 09:20:00 PM,NOT APPLICABLE,NOT APPLICABLE,9340,S,NORMAL AVE,2223,Y,,,,,,2,NO INDICATION OF INJURY,0,0,0,0,0,1,0,21,4,7,41.7239839744,-87.6361418195,POINT (-87.636141819455 41.723983974356)
d09c75402d980ff8ab5f940c836fab54debb608143c8f1d9e6c87b86a3178171b0fbb07a4a30da1c3eb87e84286fb22ff47b9535d002be7657dd636ecb94c5f1,,07/23/2025 09:10:00 PM,30,STOP SIGN/FLASHER,UNKNOWN,UNKNOWN,UNKNOWN,REAR TO FRONT,ONE-WAY,,STRAIGHT AND LEVEL,UNKNOWN,UNKNOWN,NOT ON SCENE (DESK REPORT),NO INJURY / DRIVE AWAY,,,,"OVER $1,500",07/23/2025 09:32:00 PM,UNABLE TO DETERMINE,UNABLE TO DETERMINE,10700,S,BENSLEY AVE,434,,,,,,,2,NO INDICATION OF INJURY,0,0,0,0,0,2,0,21,4,7,41.700861817,-87.5633483827,POINT (-87.563348382721 41.700861817014)
62ef69480b245b4da9f16720af7ddf93c8a3a3454b5959ecf9cc631d1c60a26a68dcea3c12d3d30adf880ab67e498fe4bc267637ada39e7c639b0d34e4a81b7b,N,07/23/2025 09:05:00 PM,30,NO CONTROLS,NO CONTROLS,CLEAR,"DARKNESS, LIGHTED ROAD",PARKED MOTOR VEHICLE,NOT DIVIDED,,STRAIGHT AND LEVEL,DRY,NO DEFECTS,ON SCENE,NO INJURY / DRIVE AWAY,,,,"OVER $1,500",07/23/2025 11:03:00 PM,IMPROPER OVERTAKING/PASSING,UNABLE TO DETERMINE,310,N,GREEN ST,1214,,,,,,,2,NO INDICATION OF INJURY,0,0,0,0,0,1,0,21,4,7,41.8871920566,-87.6488280726,POINT (-87.648828072646 41.887192056643)
2604539c25969c33be3754c0a48eb9bde70fd80d45b02d3ce2b8dd7884959afa09f5c9365f6a63ff7bfeb019ef9d863075fb41b5d67b73b16d4071978921265c,,07/23/2025 09:00:00 PM,30,TRAFFIC SIGNAL,FUNCTIONING PROPERLY,CLEAR,"DARKNESS, LIGHTED ROAD",REAR END,FOUR WAY,,STRAIGHT AND LEVEL,DRY,NO DEFECTS,ON SCENE,INJURY AND / OR TOW DUE TO CRASH,,,Y,"OVER $1,500",07/23/2025 09:07:00 PM,UNABLE TO DETERMINE,NOT APPLICABLE,2201,W,TAYLOR ST,1225,,,,,,,2,NONINCAPACITATING INJURY,3,0,0,2,1,2,0,21,4,7,41.8689286564,-87.6815294985,POINT (-87.681529498536 41.868928656407)
406733633fdde9fcbe51e066c4f6005b227f1b6551d4093376a77c78f580dd6ca13596214c9494c76920bc06471dea6e95694171c89728f3eb0b7cb95474e9cb,,07/23/2025 09:00:00 PM,30,NO CONTROLS,NO CONTROLS,CLEAR,"DARKNESS, LIGHTED ROAD",PARKED MOTOR VEHICLE,NOT DIVIDED,,STRAIGHT AND LEVEL,DRY,OTHER,ON SCENE,INJURY AND / OR TOW DUE TO CRASH,,,,"OVER $1,500",07/23/2025 09:01:00 PM,UNABLE TO DETERMINE,IMPROPER LANE USAGE,3932,N,CICERO AVE,1634,,,,,,,2,NONINCAPACITATING INJURY,1,0,0,1,0,0,0,21,4,7,41.9525792845,-87.7474414884,POINT (-87.747441488366 41.95257928452)
874b869b59b2a195acb5bd11ddf8fb0b87757ae46362fcd79d4994bb1bba564c04d5f507adf946e6c997ec356027531a9caf55153202b50609de0e3d35ff24cd,,07/23/2025 09:00:00 PM,30,UNKNOWN,UNKNOWN,UNKNOWN,UNKNOWN,TURNING,UNKNOWN,,STRAIGHT AND LEVEL,UNKNOWN,UNKNOWN,NOT ON SCENE (DESK REPORT),INJURY AND / OR TOW DUE TO CRASH,Y,,,"OVER $1,500",07/23/2025 09:40:00 PM,DRIVING SKILLS/KNOWLEDGE/EXPERIENCE,ROAD CONSTRUCTION/MAINTENANCE,3100,S,LAKE SHORE DR NB,211,,,,,,,2,"REPORTED, NOT EVIDENT",1,0,0,0,1,1,0,21,4,7,41.8383932992,-87.6087495204,POINT (-87.608749520406 41.838393299151)
d8652559d10db44df47e859cceeab4299a878626c9ec25932ace7e11c219d136122ed3661d08feccf333687780e288c8c17ca686713dd81ea080d8da66a97a17,,07/23/2025 09:00:00 PM,20,NO CONTROLS,NO CONTROLS,CLEAR,DARKNESS,SIDESWIPE SAME DIRECTION,ONE-WAY,,STRAIGHT AND LEVEL,DRY,UNKNOWN,NOT ON SCENE (DESK REPORT),NO INJURY / DRIVE AWAY,,,Y,"OVER $1,500",07/30/2025 05:00:00 PM,UNABLE TO DETERMINE,UNABLE TO DETERMINE,3726,W,13TH ST,1011,,,,,,,2,NO INDICATION OF INJURY,0,0,0,0,0,2,0,21,4,7,41.8645321309,-87.7189711772,POINT (-87.71897117721 41.86453213091)
e9ebb1df9b210b667db763a63b709b739eba54cea613270a745cbe2cbd0c6649790fb90dd2a9df900f9929bf5d74c6461cdd846cc28c3d13f8eed5398fc59eb6,,07/23/2025 09:00:00 PM,15,NO CONTROLS,NO CONTROLS,CLEAR,UNKNOWN,PARKED MOTOR VEHICLE,PARKING LOT,,STRAIGHT AND LEVEL,DRY,NO DEFECTS,NOT ON SCENE (DESK REPORT),NO INJURY / DRIVE AWAY,,,Y,"OVER $1,500",07/23/2025 10:00:00 PM,IMPROPER BACKING,NOT APPLICABLE,4254,W,31ST ST,1031,,,,,,,2,NO INDICATION OF INJURY,0,0,0,0,0,1,0,21,4,7,41.8369132254,-87.7314112956,POINT (-87.731411295602 41.836913225394)
5fcce43107a0cc784113d190f4c31707e1531833cc6a3517ba434e594346e229e0939b6b5fb6078669d26057f50f901a41b78bfc294a0e77f99a54ea377621db,,07/23/2025 08:45:00 PM,30,NO CONTROLS,NO CONTROLS,CLEAR,DUSK,SIDESWIPE SAME DIRECTION,NOT DIVIDED,,STRAIGHT AND LEVEL,DRY,UNKNOWN,NOT ON SCENE (DESK REPORT),NO INJURY / DRIVE AWAY,,,,"$501 - $1,500",07/23/2025 08:55:00 PM,FAILING TO YIELD RIGHT-OF-WAY,UNABLE TO DETERMINE,1301,N,WELLS ST,1821,,,,,,,2,NO INDICATION OF INJURY,0,0,0,0,0,3,0,20,4,7,41.9057815201,-87.6343976226,POINT (-87.634397622608 41.905781520058)
01e97498d3190e8cf54eb1fe083e080ee10e1feeb4618130f69f8f20b953ad7c3103d3e2bf95695ec4e47bede489039df3f9db5885b1402b440c33333c5db0fc,N,07/23/2025 08:36:00 PM,30,TRAFFIC SIGNAL,UNKNOWN,CLEAR,DARKNESS,TURNING,CENTER TURN LANE,,STRAIGHT AND LEVEL,DRY,NO DEFECTS,ON SCENE,INJURY AND / OR TOW DUE TO CRASH,Y,,,"OVER $1,500",07/23/2025 08:40:00 PM,FAILING TO YIELD RIGHT-OF-WAY,DRIVING SKILLS/KNOWLEDGE/EXPERIENCE,6900,S,DAMEN AVE,735,,,,,,,2,NONINCAPACITATING INJURY,1,0,0,1,0,2,0,20,4,7,41.7683929797,-87.6737700561,POINT (-87.673770056146 41.768392979654)
95bfa05bffb193e9617a6458392242f7de8274122b6b884b712b3363f73a7b20848351dece9280772d8562291bed0f01b7b81d28140dec9ddfc98aecfb2fb5b8,,07/23/2025 08:32:00 PM,30,TRAFFIC SIGNAL,FUNCTIONING PROPERLY,CLEAR,"DARKNESS, LIGHTED ROAD",TURNING,FOUR WAY,,STRAIGHT AND LEVEL,DRY,NO DEFECTS,,INJURY AND / OR TOW DUE TO CRASH,Y,,,"OVER $1,500",07/23/2025 08:42:00 PM,FAILING TO YIELD RIGHT-OF-WAY,FAILING TO REDUCE SPEED TO AVOID CRASH,2401,N,HARLEM AVE,2512,,,,,,,2,NO INDICATION OF INJURY,0,0,0,0,0,4,0,20,4,7,41.9235871655,-87.8060944419,POINT (-87.806094441903 41.923587165544)
b0c930157582d9fc8b0c1295a0a417e0feca1e98f41b6259ccdbfdd045fb73479ba9af8c9ea66aa0d2add7423f6aefea65844b92fef1c3fc0b2efba8679c1fcd,,07/23/2025 08:30:00 PM,30,STOP SIGN/FLASHER,FUNCTIONING PROPERLY,CLEAR,"DARKNESS, LIGHTED ROAD",ANGLE,FOUR WAY,,STRAIGHT AND LEVEL,DRY,UNKNOWN,ON SCENE,INJURY AND / OR TOW DUE TO CRASH,Y,,Y,"OVER $1,500",07/23/2025 08:48:00 PM,FAILING TO YIELD RIGHT-OF-WAY,NOT APPLICABLE,5229,W,HIRSCH ST,2532,,,,,,,2,NONINCAPACITATING INJURY,1,0,0,1,0,2,0,20,4,7,41.9057499274,-87.7570234766,POINT (-87.757023476575 41.905749927437)
cf29b51291816a5e9cf7a3c9065c5fac4855eb8e3f2d798a7a080a1657f2023423c0e94a4e0361116a76aa09382cec4a954320946b499b7bc21576a499c96808,,07/23/2025 08:19:00 PM,30,TRAFFIC SIGNAL,UNKNOWN,UNKNOWN,UNKNOWN,PEDALCYCLIST,FOUR WAY,,STRAIGHT AND LEVEL,UNKNOWN,UNKNOWN,NOT ON SCENE (DESK REPORT),NO INJURY / DRIVE AWAY,Y,,Y,$500 OR LESS,07/23/2025 09:18:00 PM,UNABLE TO DETERMINE,NOT APPLICABLE,2800,W,63RD ST,823,,,,,,,2,NO INDICATION OF INJURY,0,0,0,0,0,5,0,20,4,7,41.7792245324,-87.693456441,POINT (-87.693456441033 41.779224532387)
94e444c3894f3530757d09e046384f7723f01998ccabe79912c11f78a7f5b7633f13431fb6548c3acf23086135e86dcfd909171ab588d7393f0c9c9605f56278,,07/23/2025 08:15:00 PM,30,TRAFFIC SIGNAL,UNKNOWN,UNKNOWN,"DARKNESS, LIGHTED ROAD",TURNING,NOT DIVIDED,,STRAIGHT AND LEVEL,DRY,UNKNOWN,NOT ON SCENE (DESK REPORT),NO INJURY / DRIVE AWAY,,,,"OVER $1,500",07/24/2025 12:16:00 AM,UNABLE TO DETERMINE,UNABLE TO DETERMINE,6500,S,RICHARDS DR,331,,,,,,,2,NO INDICATION OF INJURY,0,0,0,0,0,2,0,20,4,7,41.7770157614,-87.5790979084,POINT (-87.579097908375 41.777015761445)
3d8296b0e8b2f3925762f24a2df70fcff953a5eafabc51a473644bbbd8a900dca457b8ea31eb91cd2252acb560f21daba56b12be557cbb4e138d4036c402cbd7,,07/23/2025 08:10:00 PM,30,TRAFFIC SIGNAL,FUNCTIONING PROPERLY,CLEAR,DUSK,REAR END,FOUR WAY,,STRAIGHT AND LEVEL,DRY,NO DEFECTS,NOT ON SCENE (DESK REPORT),NO INJURY / DRIVE AWAY,Y,,,"OVER $1,500",07/23/2025 09:35:00 PM,FOLLOWING TOO CLOSELY,UNABLE TO DETERMINE,4400,W,31ST ST,1031,,,,,,,2,NO INDICATION OF INJURY,0,0,0,0,0,2,0,20,4,7,41.8372404177,-87.734146511,POINT (-87.734146510962 41.837240417681)
bc53c578522f6a3565404c79adbda4f59d7642ce8638aeef717d96dc24f3ef427fe95698e20490305d0121e4c5a769ed60dbd73fb8f85b467a6ecb3f8df5509a,,07/23/2025 08:10:00 PM,30,NO CONTROLS,NO CONTROLS,CLEAR,DAYLIGHT,SIDESWIPE SAME DIRECTION,NOT DIVIDED,,STRAIGHT AND LEVEL,DRY,UNKNOWN,NOT ON SCENE (DESK REPORT),NO INJURY / DRIVE AWAY,,,,"OVER $1,500",07/23/2025 09:00:00 PM,UNABLE TO DETERMINE,UNABLE TO DETERMINE,6598,S,RICHARDS DR,331,,,,,,,2,NO INDICATION OF INJURY,0,0,0,0,0,2,0,20,4,7,41.7767464078,-87.5790602099,POINT (-87.579060209933 41.776746407772)
bd9d82d6a96de4118455c29cf9f30277fda7ef184a58155a9bf0e67018ae534f87e83d50d40416be5f1f5be92411a7b8ee0d137ab10e020eb6e7b21a648747b9,,07/23/2025 08:06:00 PM,30,NO CONTROLS,NO CONTROLS,CLEAR,DAYLIGHT,PEDALCYCLIST,DIVIDED - W/MEDIAN (NOT RAISED),,STRAIGHT AND LEVEL,DRY,NO DEFECTS,ON SCENE,INJURY AND / OR TOW DUE TO CRASH,,,Y,$500 OR LESS,07/23/2025 08:06:00 PM,UNABLE TO DETERMINE,UNABLE TO DETERMINE,4466,N,BROADWAY,1913,,,,,,,2,NONINCAPACITATING INJURY,1,0,0,1,0,1,0,20,4,7,41.9633442828,-87.6563210715,POINT (-87.656321071544 41.963344282773)
05179bc1abc1a9605ae0ad69ffd461cfedab13f53ceba06ed920885ddc648508e745cd5f185b5695bc0b095e2fcc87074928b97979e69533e162d469497d7481,,07/23/2025 08:05:00 PM,30,NO CONTROLS,NO CONTROLS,CLEAR,DUSK,REAR END,DIVIDED - W/MEDIAN BARRIER,,STRAIGHT AND LEVEL,DRY,NO DEFECTS,ON SCENE,NO INJURY / DRIVE AWAY,,,Y,"OVER $1,500",07/23/2025 08:05:00 PM,FOLLOWING TOO CLOSELY,NOT APPLICABLE,1900,S,LAKE SHORE DR SB,132,,,,,,,2,NO INDICATION OF INJURY,0,0,0,0,0,3,0,20,4,7,41.8566269176,-87.6162852833,POINT (-87.616285283296 41.856626917647)
21c42e2da3c595876bf05f014ce04ac95e644bfa9eba0cdd8e16bc089ff86127c07d80978c2e444894f8edb33cb7c20e7d16b65881cd3a6760db49c2d694259f,,07/23/2025 08:03:00 PM,30,NO CONTROLS,NO CONTROLS,CLEAR,DUSK,PARKED MOTOR VEHICLE,NOT DIVIDED,,STRAIGHT AND LEVEL,DRY,UNKNOWN,ON SCENE,INJURY AND / OR TOW DUE TO CRASH,,,Y,"OVER $1,500",07/23/2025 08:12:00 PM,UNABLE TO DETERMINE,UNABLE TO DETERMINE,3810,W,ADDISON ST,1732,,,,,,,2,NONINCAPACITATING INJURY,1,0,0,1,0,3,0,20,4,7,41.9465414065,-87.7229905217,POINT (-87.722990521738 41.946541406545)
1bec692d305cc7923df55e824ddaedda214bd15d778c3e7b3b6493732e26833fa2301022ca285115dfe4f11473586b8cfd0c7f64562847455003e134c38c484c,,07/23/2025 07:55:00 PM,30,NO CONTROLS,NO CONTROLS,CLEAR,"DARKNESS, LIGHTED ROAD",PARKED MOTOR VEHICLE,PARKING LOT,,STRAIGHT AND LEVEL,DRY,UNKNOWN,ON SCENE,NO INJURY / DRIVE AWAY,,Y,,$500 OR LESS,07/23/2025 07:56:00 PM,UNABLE TO DETERMINE,NOT APPLICABLE,850,W,IRVING PARK RD,1915,,,,,,,2,NO INDICATION OF INJURY,0,0,0,0,0,2,0,19,4,7,41.9546408254,-87.6515690124,POINT (-87.651569012354 41.954640825372)
b4474d16f992e78f98a2504ca55145953858021d07765a73388530ceec89a7eb6f3e49e295f5191009b0950085ba06b88b78836db93ad947bc21d6b17c15b78a,,07/23/2025 07:30:00 PM,30,NO CONTROLS,NO CONTROLS,CLEAR,DAYLIGHT,TURNING,DIVIDED - W/MEDIAN BARRIER,,STRAIGHT AND LEVEL,DRY,NO DEFECTS,NOT ON SCENE (DESK REPORT),NO INJURY / DRIVE AWAY,,,Y,"OVER $1,500",07/25/2025 01:30:00 PM,FAILING TO YIELD RIGHT-OF-WAY,NOT APPLICABLE,200,E,130TH ST,532,,,,,,,2,NO INDICATION OF INJURY,0,0,0,0,0,2,0,19,4,7,41.6592135131,-87.6171890928,POINT (-87.617189092757 41.659213513068)
dcfe30854132adccb272b6cddac1e09dfc252a445e00499ce0b51f237f69cd9a0f4d3df478739252572a42d1e9c12df5063ba48f6b72facc008de0eb1da675fa,,07/23/2025 07:28:00 PM,30,NO CONTROLS,NO CONTROLS,CLEAR,DAYLIGHT,SIDESWIPE OPPOSITE DIRECTION,NOT DIVIDED,,STRAIGHT AND LEVEL,DRY,NO DEFECTS,ON SCENE,INJURY AND / OR TOW DUE TO CRASH,,,,"OVER $1,500",07/23/2025 07:28:00 PM,DRIVING ON WRONG SIDE/WRONG WAY,IMPROPER LANE USAGE,3424,N,OAK PARK AVE,1632,,,,,,,3,NO INDICATION OF INJURY,0,0,0,0,0,2,0,19,4,7,41.9425835522,-87.7960170685,POINT (-87.796017068544 41.942583552173)
41fb21e217eafe448a11e03249a02b7bd6b8e1003193676711e23c6dcd81ee020f3c95b9670c90f6f967faa6d8eeddbd0c61850724ebb8e5ceec74ee1c830c74,,07/23/2025 07:19:00 PM,30,UNKNOWN,UNKNOWN,UNKNOWN,DAWN,SIDESWIPE SAME DIRECTION,DIVIDED - W/MEDIAN (NOT RAISED),,STRAIGHT AND LEVEL,UNKNOWN,UNKNOWN,NOT ON SCENE (DESK REPORT),NO INJURY / DRIVE AWAY,,,,"OVER $1,500",07/26/2025 08:30:00 AM,IMPROPER OVERTAKING/PASSING,IMPROPER OVERTAKING/PASSING,3155,N,SHERIDAN RD,1934,,,,,,,2,NO INDICATION OF INJURY,0,0,0,0,0,2,0,19,4,7,41.9393418853,-87.6393764579,POINT (-87.639376457941 41.93934188525)
d049d943fabcc9cbdd072c6d58c311cd2deb416a5dc8a1be0600ebafa20489c940a9a95624e4f46553e342cab6b38f350d4ed6109845b2d943f0c4efe114b03d,,07/23/2025 07:15:00 PM,10,NO CONTROLS,NO CONTROLS,CLEAR,DAYLIGHT,REAR TO SIDE,PARKING LOT,,STRAIGHT AND LEVEL,DRY,NO DEFECTS,NOT ON SCENE (DESK REPORT),INJURY AND / OR TOW DUE TO CRASH,,,,"OVER $1,500",07/23/2025 11:30:00 PM,IMPROPER BACKING,NOT APPLICABLE,3109,W,26TH ST,1033,,,,,,,2,"REPORTED, NOT EVIDENT",1,0,0,0,1,1,0,19,4,7,41.8444313241,-87.7029827538,POINT (-87.702982753769 41.844431324084)
54c89750e9e584f4b27c46b3be71433c6122ca0907b8989f7bf2156b54c3e258f1d32c3a1a61d894f4feb2eaf44be9f01d880c2572228243012b42d3765ab1bd,,07/23/2025 07:11:00 PM,30,NO CONTROLS,NO CONTROLS,CLEAR,DUSK,ANGLE,PARKING LOT,,STRAIGHT AND LEVEL,DRY,NO DEFECTS,NOT ON SCENE (DESK REPORT),INJURY AND / OR TOW DUE TO CRASH,,,,"OVER $1,500",07/23/2025 09:10:00 PM,DRIVING SKILLS/KNOWLEDGE/EXPERIENCE,NOT APPLICABLE,7971,S,CICERO AVE,834,,,,,,,2,NO INDICATION OF INJURY,0,0,0,0,0,4,0,19,4,7,41.7476819983,-87.7411572663,POINT (-87.741157266283 41.74768199829)
6007fb18ec76f686b81b9901b3c8c8f136fbbb6b262ce7f52babb3b3f4c656cd5235f9193f5187612bd16a79ced66913304f33ae7e7f5269c2ccdd7cc133c68a,,07/23/2025 07:00:00 PM,30,TRAFFIC SIGNAL,FUNCTIONING PROPERLY,CLEAR,DAYLIGHT,ANGLE,FOUR WAY,,STRAIGHT AND LEVEL,DRY,NO DEFECTS,ON SCENE,INJURY AND / OR TOW DUE TO CRASH,Y,,,"OVER $1,500",07/23/2025 07:09:00 PM,IMPROPER OVERTAKING/PASSING,FOLLOWING TOO CLOSELY,6300,S,RACINE AVE,724,,,,,,,3,"REPORTED, NOT EVIDENT",2,0,0,0,2,5,0,19,4,7,41.779516038,-87.6546468737,POINT (-87.654646873699 41.779516037968)
f38c799f2e0661b62dab3d4f068cb736c2c8d3d278b2a30bd095febca05a7f75ca485582dd70f2e60b213b9365972a6bd7157e53937d95d4fb4bc09f07b73991,,07/23/2025 07:00:00 PM,30,NO CONTROLS,NO CONTROLS,CLEAR,DAYLIGHT,PARKED MOTOR VEHICLE,PARKING LOT,,STRAIGHT AND LEVEL,DRY,NO DEFECTS,ON SCENE,NO INJURY / DRIVE AWAY,,,N,"OVER $1,500",07/24/2025 01:41:00 PM,FOLLOWING TOO CLOSELY,NOT APPLICABLE,501,N,CENTRAL AVE,1523,,Y,,,,,2,NO INDICATION OF INJURY,0,0,0,0,0,1,0,19,4,7,41.8893836383,-87.7650386525,POINT (-87.765038652549 41.889383638321)
16a5d897c6c1911c13ea023446b51d67f14c056ba1343b9b8113738bec780b7845a37f64439f5eb2ed9deb0d2602b5512e840c856aeefbdba6136dbd07d66a97,,07/23/2025 06:50:00 PM,25,STOP SIGN/FLASHER,FUNCTIONING PROPERLY,CLEAR,DAYLIGHT,TURNING,DIVIDED - W/MEDIAN (NOT RAISED),,STRAIGHT AND LEVEL,DRY,NO DEFECTS,NOT ON SCENE (DESK REPORT),NO INJURY / DRIVE AWAY,Y,,,"$501 - $1,500",07/23/2025 07:15:00 PM,DRIVING SKILLS/KNOWLEDGE/EXPERIENCE,DRIVING SKILLS/KNOWLEDGE/EXPERIENCE,4935,N,MAGNOLIA AVE,2033,,,,,,,2,NO INDICATION OF INJURY,0,0,0,0,0,4,0,18,4,7,41.9724791153,-87.6609883854,POINT (-87.660988385355 41.972479115346)
37b068192b7c8371b04588eaeca1272b90119f1fd21faa2e1df2a42caf60ff9a090b9e22dfd4d30ed16f57b2207eb025180b3e0200c43b53c4e8858f60390801,,07/23/2025 06:45:00 PM,25,UNKNOWN,UNKNOWN,UNKNOWN,UNKNOWN,SIDESWIPE OPPOSITE DIRECTION,NOT DIVIDED,,STRAIGHT AND LEVEL,UNKNOWN,UNKNOWN,NOT ON SCENE (DESK REPORT),NO INJURY / DRIVE AWAY,,,,"OVER $1,500",07/31/2025 03:20:00 PM,NOT APPLICABLE,NOT APPLICABLE,600,N,CLARK ST,1832,,,,,,,2,NO INDICATION OF INJURY,0,0,0,0,0,2,0,18,4,7,41.892464033,-87.6312948859,POINT (-87.631294885907 41.892464032993)