CRASH_RECORD_ID,CRASH_DATE_EST_I,CRASH_DATE,POSTED_SPEED_LIMIT,TRAFFIC_CONTROL_DEVICE,DEVICE_CONDITION,WEATHER_CONDITION,LIGHTING_CONDITION,FIRST_CRASH_TYPE,TRAFFICWAY_TYPE,LANE_CNT,ALIGNMENT,ROADWAY_SURFACE_COND,ROAD_DEFECT,REPORT_TYPE,CRASH_TYPE,INTERSECTION_RELATED_I,NOT_RIGHT_OF_WAY_I,HIT_AND_RUN_I,DAMAGE,DATE_POLICE_NOTIFIED,PRIM_CONTRIBUTORY_CAUSE,SEC_CONTRIBUTORY_CAUSE,STREET_NO,STREET_DIRECTION,STREET_NAME,BEAT_OF_OCCURRENCE,PHOTOS_TAKEN_I,STATEMENTS_TAKEN_I,DOORING_I,WORK_ZONE_I,WORK_ZONE_TYPE,WORKERS_PRESENT_I,NUM_UNITS,MOST_SEVERE_INJURY,INJURIES_TOTAL,INJURIES_FATAL,INJURIES_INCAPACITATING,INJURIES_NON_INCAPACITATING,INJURIES_REPORTED_NOT_EVIDENT,INJURIES_NO_INDICATION,INJURIES_UNKNOWN,CRASH_HOUR,CRASH_DAY_OF_WEEK,CRASH_MONTH,LATITUDE,LONGITUDE,LOCATION
b5cbea863f696106e0f63292b2bc12fd513a3f7b43337e00c595b0eaa4340bcfcfddb4a903a3889d14914626564b3633d916e23f2e99cd77a6e4b8b330051ae0,,07/23/2025 06:42:00 PM,40,NO CONTROLS,NO CONTROLS,UNKNOWN,UNKNOWN,TURNING,NOT DIVIDED,,STRAIGHT AND LEVEL,UNKNOWN,UNKNOWN,ON SCENE,INJURY AND / OR TOW DUE TO CRASH,,,,"OVER $1,500",07/23/2025 06:43:00 PM,FAILING TO YIELD RIGHT-OF-WAY,UNABLE TO DETERMINE,6207,S,KEDZIE AVE,823,,,,,,,2,NONINCAPACITATING INJURY,1,0,0,1,0,2,0,18,4,7,41.7805799038,-87.7030341876,POINT (-87.703034187632 41.780579903766)
2d5fbb30dd070d8543347260dbe0fd7195d329aeeea186c9d626b0a917ada872dfad4f9711b821ceeda8de555b339fa553d995f8f1fd3f7abdfac44b9619b9de,,07/23/2025 06:40:00 PM,15,NO CONTROLS,NO CONTROLS,CLEAR,DAYLIGHT,PARKED MOTOR VEHICLE,PARKING LOT,,STRAIGHT AND LEVEL,DRY,NO DEFECTS,ON SCENE,NO INJURY / DRIVE AWAY,,Y,Y,"OVER $1,500",07/23/2025 06:43:00 PM,IMPROPER BACKING,UNABLE TO DETERMINE,50,E,HARRISON ST,123,,,,,,,2,NO INDICATION OF INJURY,0,0,0,0,0,1,0,18,4,7,41.8745201634,-87.6259124567,POINT (-87.625912456668 41.874520163406)
18c97b5d38209795b2ae7565ad84356047fac04781ffcf9c7d5d9e04fc9e3fa38fab086b16bc39d885457b4db39bf1b3f4e069e0f706b746589a36c5074d47fc,,07/23/2025 06:38:00 PM,30,NO CONTROLS,UNKNOWN,CLEAR,DAYLIGHT,REAR END,NOT DIVIDED,,STRAIGHT AND LEVEL,DRY,UNKNOWN,ON SCENE,INJURY AND / OR TOW DUE TO CRASH,,,,"OVER $1,500",07/23/2025 06:39:00 PM,FAILING TO REDUCE SPEED TO AVOID CRASH,DRIVING SKILLS/KNOWLEDGE/EXPERIENCE,2038,W,DIVISION ST,1424,,,,,,,2,"REPORTED, NOT EVIDENT",1,0,0,0,1,1,0,18,4,7,41.9032721418,-87.6788235498,POINT (-87.678823549796 41.903272141775)
81ddc84777abeb7c2133abe505f2de4b3146dd518209cb73a6a3cb62c2275a90a04a431d8bebc11dd79390cf68354cec814d834ff95a979f193d719878684702,,07/23/2025 06:36:00 PM,30,TRAFFIC SIGNAL,FUNCTIONING PROPERLY,CLEAR,DAYLIGHT,TURNING,FOUR WAY,,STRAIGHT AND LEVEL,DRY,NO DEFECTS,ON SCENE,INJURY AND / OR TOW DUE TO CRASH,Y,,,"OVER $1,500",07/23/2025 06:36:00 PM,FAILING TO YIELD RIGHT-OF-WAY,NOT APPLICABLE,1359,E,71ST ST,324,,,,,,,2,NO INDICATION OF INJURY,0,0,0,0,0,3,0,18,4,7,41.7659055216,-87.5910579065,POINT (-87.591057906547 41.765905521646)
f045a7eb686ed4dc449bdb14e89d3829d49e3b78aed594c7ea94797eba930aeaf608986f48f801c19ae95f96927399963dd72f5fed2a1c192382efef5a9793f8,,07/23/2025 06:31:00 PM,25,NO CONTROLS,NO CONTROLS,CLEAR,DAYLIGHT,SIDESWIPE SAME DIRECTION,ONE-WAY,,STRAIGHT AND LEVEL,DRY,NO DEFECTS,ON SCENE,NO INJURY / DRIVE AWAY,,,Y,"OVER $1,500",07/23/2025 06:41:00 PM,IMPROPER LANE USAGE,IMPROPER LANE USAGE,1400,E,47TH DR,222,,,,,,,2,NO INDICATION OF INJURY,0,0,0,0,0,2,0,18,4,7,41.8097954827,-87.5923738666,POINT (-87.592373866633 41.809795482717)
3805cee597493d7f9856d848bf9df501e23a91a53ae345b320cb31506ad9af0da583aa141baa793173e7a05ff99bca579a372e2de3bbe5609f029ce26a7f91f1,,07/23/2025 06:30:00 PM,30,TRAFFIC SIGNAL,FUNCTIONING PROPERLY,CLEAR,DAYLIGHT,REAR END,DIVIDED - W/MEDIAN (NOT RAISED),,STRAIGHT AND LEVEL,DRY,NO DEFECTS,NOT ON SCENE (DESK REPORT),NO INJURY / DRIVE AWAY,Y,,,"OVER $1,500",07/23/2025 07:05:00 PM,DRIVING SKILLS/KNOWLEDGE/EXPERIENCE,UNABLE TO DETERMINE,7600,S,RACINE AVE,612,,,,,,,2,NO INDICATION OF INJURY,0,0,0,0,0,4,0,18,4,7,41.7559267937,-87.6540252148,POINT (-87.65402521485 41.755926793676)
a3c20f322a4ae2a81c3b2ffbee37e6045e94b1d0e0ceb1f72da569a92cc2f7107269b1898506c1b18123ef4e9a700e24f71a196385237086fc1c22d73a216803,,07/23/2025 06:30:00 PM,35,TRAFFIC SIGNAL,FUNCTIONING PROPERLY,CLEAR,DAYLIGHT,REAR END,NOT DIVIDED,,STRAIGHT AND LEVEL,DRY,NO DEFECTS,NOT ON SCENE (DESK REPORT),NO INJURY / DRIVE AWAY,,,,"$501 - $1,500",07/23/2025 07:00:00 PM,UNABLE TO DETERMINE,NOT APPLICABLE,4600,W,PETERSON AVE,1711,,,,,,,2,NO INDICATION OF INJURY,0,0,0,0,0,2,0,18,4,7,41.9900738522,-87.7426439574,POINT (-87.7426439574 41.99007385223)
da267738b8ac51b5030c355cb1f152bf1f65e97ea7b45f00294494e4247a6ff748dd45f49bc41a7e5cbe6a00bd27f88a271259c40fdcd94dd10449fde36bb25a,,07/23/2025 06:30:00 PM,30,UNKNOWN,UNKNOWN,CLEAR,DAYLIGHT,ANGLE,FOUR WAY,,STRAIGHT AND LEVEL,DRY,NO DEFECTS,NOT ON SCENE (DESK REPORT),NO INJURY / DRIVE AWAY,Y,,,"$501 - $1,500",07/23/2025 07:15:00 PM,UNABLE TO DETERMINE,UNABLE TO DETERMINE,1354,W,74TH ST,734,Y,Y,,,,,2,NO INDICATION OF INJURY,0,0,0,0,0,4,0,18,4,7,41.7596346274,-87.658747163,POINT (-87.658747163005 41.759634627447)
de6650e1f685c8a95c4b8cb8de57511eb26ad033b4ec21d098485018df0e0a325179fbfc6a04ce30b1532228942ab5449081907ebb39b83b2648f2029290e6cd,,07/23/2025 06:28:00 PM,30,NO CONTROLS,NO CONTROLS,CLEAR,DAYLIGHT,TURNING,DIVIDED - W/MEDIAN (NOT RAISED),,STRAIGHT AND LEVEL,DRY,NO DEFECTS,ON SCENE,INJURY AND / OR TOW DUE TO CRASH,,,,"OVER $1,500",07/23/2025 06:41:00 PM,IMPROPER TURNING/NO SIGNAL,FAILING TO YIELD RIGHT-OF-WAY,6921,S,PULASKI RD,833,,,,,,,2,NONINCAPACITATING INJURY,1,0,0,1,0,2,0,18,4,7,41.7670081686,-87.7223200613,POINT (-87.72232006134 41.767008168645)
7c1065d7b377ce85937f6dacf35617e1b3894fbfca3bd87b92900c283ab48e7b8edeaf26587cfdb32d99ef2531d224cf09b2300f5f0262a5d318661075d8b415,,07/23/2025 06:21:00 PM,30,TRAFFIC SIGNAL,FUNCTIONING PROPERLY,CLEAR,DAYLIGHT,TURNING,NOT DIVIDED,,STRAIGHT AND LEVEL,DRY,UNKNOWN,ON SCENE,INJURY AND / OR TOW DUE TO CRASH,,,,"OVER $1,500",07/23/2025 06:21:00 PM,DISREGARDING OTHER TRAFFIC SIGNS,DISREGARDING OTHER TRAFFIC SIGNS,7100,S,LOOMIS BLVD,734,,,,,,,2,NO INDICATION OF INJURY,0,0,0,0,0,2,0,18,4,7,41.7649335411,-87.6591128067,POINT (-87.659112806662 41.764933541062)
2059579946e21e06bec9ddcad63bada8f35dac96d3e000a735552aa75ce1cb13f2751d253a2788b658478af3d8317d0fd85680c6d891b7c672d4080958f4a0d2,,07/23/2025 06:20:00 PM,30,STOP SIGN/FLASHER,FUNCTIONING PROPERLY,CLEAR,DAYLIGHT,PEDALCYCLIST,NOT DIVIDED,,STRAIGHT AND LEVEL,DRY,UNKNOWN,ON SCENE,NO INJURY / DRIVE AWAY,Y,,Y,$500 OR LESS,07/23/2025 07:30:00 PM,UNABLE TO DETERMINE,UNABLE TO DETERMINE,700,N,MILWAUKEE AVE,1214,,,,,,,2,NO INDICATION OF INJURY,0,0,0,0,0,3,0,18,4,7,41.8943325031,-87.6526802116,POINT (-87.652680211638 41.894332503113)
7191b131af2f018bbaa950cfe37e442738ff4256dae05131e8f93c8f31c13ceb60335fa4d13d7ea77a87942ed451f3f81609ab8137bc2442dac84df48e76e46f,,07/23/2025 06:20:00 PM,30,NO CONTROLS,NO CONTROLS,CLEAR,DAYLIGHT,REAR END,NOT DIVIDED,,STRAIGHT AND LEVEL,DRY,NO DEFECTS,ON SCENE,NO INJURY / DRIVE AWAY,,,,"$501 - $1,500",07/23/2025 06:29:00 PM,FOLLOWING TOO CLOSELY,NOT APPLICABLE,1515,S,PULASKI RD,1014,,,,,,,2,NO INDICATION OF INJURY,0,0,0,0,0,2,0,18,4,7,41.8602091531,-87.7248473264,POINT (-87.724847326435 41.860209153092)
2cf9e1d4bfceff46f12ce7604883cb228aaeac7ef067814ec8cd2c2616d51a6544436faf04546187c93ab41de90fcaad7be0d2ec8a8b233fbeacb491ecebf3e7,,07/23/2025 06:18:00 PM,30,TRAFFIC SIGNAL,FUNCTIONING PROPERLY,CLEAR,DAYLIGHT,REAR END,DIVIDED - W/MEDIAN (NOT RAISED),,STRAIGHT AND LEVEL,UNKNOWN,UNKNOWN,NOT ON SCENE (DESK REPORT),NO INJURY / DRIVE AWAY,,,,"OVER $1,500",07/23/2025 07:14:00 PM,FOLLOWING TOO CLOSELY,FOLLOWING TOO CLOSELY,4602,W,PETERSON AVE,1711,,,,,,,2,NO INDICATION OF INJURY,0,0,0,0,0,2,0,18,4,7,41.9900730377,-87.7427181845,POINT (-87.742718184526 41.990073037739)
79ffd5207f4dc9b43c19fc359ba70edeb00e487d52a70aac814ccdbb4f96e3d4e01b0b3b62809855b0b83e91ee45e59b9ac184189d5739a8af4759ddcd4a45d0,,07/23/2025 06:18:00 PM,30,TRAFFIC SIGNAL,FUNCTIONING PROPERLY,CLEAR,"DARKNESS, LIGHTED ROAD",TURNING,T-INTERSECTION,,STRAIGHT AND LEVEL,DRY,UNKNOWN,NOT ON SCENE (DESK REPORT),NO INJURY / DRIVE AWAY,Y,,Y,"$501 - $1,500",07/23/2025 09:30:00 PM,FOLLOWING TOO CLOSELY,NOT APPLICABLE,3100,S,LAKE SHORE DR SB,211,,,,,,,2,NO INDICATION OF INJURY,0,0,0,0,0,2,0,18,4,7,41.8383932992,-87.6087495204,POINT (-87.608749520406 41.838393299151)
b1f40152ee0357d56cc9e6328702ce30261ef719e46ea3c04ec2ebddd0f253eb121e0b7c83ffda3716b18a6ab20850f0fa2d984950833f790d8ed4c5d2b726e1,,07/23/2025 06:17:00 PM,30,UNKNOWN,UNKNOWN,CLEAR,DAYLIGHT,PARKED MOTOR VEHICLE,NOT DIVIDED,,STRAIGHT AND LEVEL,DRY,NO DEFECTS,ON SCENE,INJURY AND / OR TOW DUE TO CRASH,,,Y,"OVER $1,500",07/23/2025 06:19:00 PM,UNABLE TO DETERMINE,"OPERATING VEHICLE IN ERRATIC, RECKLESS, CARELESS, NEGLIGENT OR AGGRESSIVE MANNER",333,N,GREEN ST,1214,,Y,,,,,2,NONINCAPACITATING INJURY,1,0,0,1,0,1,0,18,4,7,41.8878081583,-87.6485452214,POINT (-87.648545221384 41.88780815835)
1d26bb77cc5198129b1a79744dd0d1f78ae3d976cde3e93bc1511e64d74e345f6c96a2972a4e3e5acae8eadec7eae56b914621ecbc38ed07af650dc9d5694e76,,07/23/2025 06:15:00 PM,30,NO CONTROLS,NO CONTROLS,CLEAR,DAYLIGHT,SIDESWIPE SAME DIRECTION,OTHER,,STRAIGHT AND LEVEL,DRY,NO DEFECTS,NOT ON SCENE (DESK REPORT),NO INJURY / DRIVE AWAY,,,,"OVER $1,500",07/23/2025 07:45:00 PM,IMPROPER LANE USAGE,FAILING TO YIELD RIGHT-OF-WAY,2601,N,MILWAUKEE AVE,1411,,,,,,,2,NO INDICATION OF INJURY,0,0,0,0,0,2,0,18,4,7,41.9288490994,-87.7068172135,POINT (-87.706817213497 41.928849099448)
b904313cd5d3c5146d2d6678d3c341676d0a334b63f8a84f6372124f83329d8d4aae0359d55a572e9fb15523f31fa98500a09f5f0bd5045277f0bc072e0ce128,,07/23/2025 06:15:00 PM,10,NO CONTROLS,NO CONTROLS,CLEAR,DAYLIGHT,PARKED MOTOR VEHICLE,PARKING LOT,,STRAIGHT AND LEVEL,DRY,NO DEFECTS,NOT ON SCENE (DESK REPORT),NO INJURY / DRIVE AWAY,,,Y,"OVER $1,500",07/23/2025 09:15:00 PM,IMPROPER BACKING,UNABLE TO DETERMINE,1430,S,ASHLAND AVE,1233,,,,,,,2,NO INDICATION OF INJURY,0,0,0,0,0,1,0,18,4,7,41.8624024249,-87.6664189682,POINT (-87.666418968157 41.862402424927)
37047ace6e39c4a09f12bd778c4ef3ce6da23cbb59fb7c66e9ca3ad0f71f8c9e2f54440879894ae65e34f9df32ab49433bfb9d554af9c9e12eb1e9ea9f4aca56,,07/23/2025 06:12:00 PM,25,NO CONTROLS,NO CONTROLS,CLEAR,DAYLIGHT,REAR TO FRONT,ALLEY,,STRAIGHT AND LEVEL,DRY,NO DEFECTS,NOT ON SCENE (DESK REPORT),NO INJURY / DRIVE AWAY,,,,"OVER $1,500",07/23/2025 07:00:00 PM,UNABLE TO DETERMINE,UNABLE TO DETERMINE,2244,S,TRUMBULL AVE,1024,,,,,,,2,NO INDICATION OF INJURY,0,0,0,0,0,2,0,18,4,7,41.8504144833,-87.7114487241,POINT (-87.711448724125 41.85041448326)
7fe9f4e0c53ed4ddcdfd8d79b262b2b9fbaf3ecdaaab03961c67314ddbdba5d9d0df028ea1212722e07fe356efecc1b8bb833b7f06de8ea88814fb7074f1a191,,07/23/2025 06:10:00 PM,30,NO CONTROLS,NO CONTROLS,UNKNOWN,UNKNOWN,PARKED MOTOR VEHICLE,PARKING LOT,,STRAIGHT AND LEVEL,UNKNOWN,UNKNOWN,NOT ON SCENE (DESK REPORT),NO INJURY / DRIVE AWAY,,,Y,"OVER $1,500",07/23/2025 06:41:00 PM,UNABLE TO DETERMINE,UNABLE TO DETERMINE,4840,N,PULASKI RD,1712,,,,,,,2,NO INDICATION OF INJURY,0,0,0,0,0,2,0,18,4,7,41.9694592415,-87.7282108954,POINT (-87.728210895386 41.969459241535)
fe884f94380a50f07d817c65ee4c87bf10274a0090f7d9969482ce67e73dcb7a03a46d2c82d4f7504d8535ef73c50aa59c29ad42ad60b61ba7c5965fd8fd01cb,,07/23/2025 06:02:00 PM,30,NO CONTROLS,NO CONTROLS,OTHER,UNKNOWN,PEDESTRIAN,NOT DIVIDED,,STRAIGHT AND LEVEL,UNKNOWN,UNKNOWN,NOT ON SCENE (DESK REPORT),INJURY AND / OR TOW DUE TO CRASH,,,,"OVER $1,500",07/24/2025 02:15:00 PM,UNABLE TO DETERMINE,NOT APPLICABLE,500,N,HALSTED ST,1214,,,,,,,2,NONINCAPACITATING INJURY,1,0,0,1,0,1,0,18,4,7,41.8912363959,-87.6477651192,POINT (-87.647765119244 41.89123639588)
2fe0220001bcc0380d957a199059a3c792e37909ec305352d3abe3bf3e8cb0c82e1671e7582f8121d44787ace6645f7e38b8f482f7516d0db5ef7118c87e262b,,07/23/2025 06:01:00 PM,30,NO CONTROLS,NO CONTROLS,CLEAR,DAYLIGHT,FIXED OBJECT,DIVIDED - W/MEDIAN (NOT RAISED),,STRAIGHT AND LEVEL,DRY,NO DEFECTS,ON SCENE,INJURY AND / OR TOW DUE TO CRASH,,Y,,"OVER $1,500",07/23/2025 06:01:00 PM,IMPROPER TURNING/NO SIGNAL,UNABLE TO DETERMINE,7445,S,STONY ISLAND AVE,324,,,,,,,1,NO INDICATION OF INJURY,0,0,0,0,0,5,0,18,4,7,41.7592577374,-87.5856021373,POINT (-87.585602137273 41.759257737436)
d7ed55a9623e8cade492c66d783666d397026b72a6e4566d2baf154f1ada859f2044e7d404df7339bb3b2c9f994f68b1455ebf858351aa23a308e547816b790f,,07/23/2025 06:01:00 PM,30,NO CONTROLS,NO CONTROLS,CLEAR,DAYLIGHT,SIDESWIPE SAME DIRECTION,DIVIDED - W/MEDIAN (NOT RAISED),,STRAIGHT AND LEVEL,DRY,NO DEFECTS,ON SCENE,NO INJURY / DRIVE AWAY,,,,"OVER $1,500",07/23/2025 06:07:00 PM,IMPROPER OVERTAKING/PASSING,IMPROPER OVERTAKING/PASSING,3320,W,ADDISON ST,1733,,,,,,,2,NO INDICATION OF INJURY,0,0,0,0,0,2,0,18,4,7,41.9466968794,-87.7112276981,POINT (-87.711227698121 41.946696879373)
1591eb2b7dec6e4cc804e093ae2fa68fcfd74551e9bd32df7ac954fd23210ef8e03480bc5fb29b1365af747a88ece540444acc0114d669ae91c82dac60e3b9b2,,07/23/2025 06:00:00 PM,30,NO CONTROLS,NO CONTROLS,UNKNOWN,UNKNOWN,SIDESWIPE SAME DIRECTION,ONE-WAY,,STRAIGHT AND LEVEL,UNKNOWN,UNKNOWN,NOT ON SCENE (DESK REPORT),NO INJURY / DRIVE AWAY,,,,"OVER $1,500",07/24/2025 07:15:00 PM,FAILING TO YIELD RIGHT-OF-WAY,DRIVING SKILLS/KNOWLEDGE/EXPERIENCE,602,N,CLARK ST,1832,,,,,,,2,NO INDICATION OF INJURY,0,0,0,0,0,2,0,18,4,7,41.8925361599,-87.6312978598,POINT (-87.631297859753 41.892536159938)
2c2aab495c1d5efac27f0e76dc23b47142b5b9dbec8dbaff3104d75b74e44c671a957c682127c7453eabf0d76fea38f1844085017522a8ae40cec57a832d27a0,,07/23/2025 06:00:00 PM,30,UNKNOWN,UNKNOWN,CLEAR,DAYLIGHT,REAR END,UNKNOWN,,STRAIGHT AND LEVEL,DRY,UNKNOWN,NOT ON SCENE (DESK REPORT),NO INJURY / DRIVE AWAY,,,,"OVER $1,500",07/23/2025 06:45:00 PM,UNABLE TO DETERMINE,UNABLE TO DETERMINE,8659,S,PULASKI RD,834,,,,,,,2,NO INDICATION OF INJURY,0,0,0,0,0,2,0,18,4,7,41.7348993211,-87.7212933983,POINT (-87.721293398349 41.734899321134)
3c825847862a7bdd813aec210b6f65a4598811591262ce94b998cccced7be4d223c73b4f7f69dfc762d7ba6eb94826d5c6ad9e3d8a631652a5af99d45b9f22e8,,07/23/2025 06:00:00 PM,30,NO CONTROLS,NO CONTROLS,CLEAR,DAYLIGHT,SIDESWIPE SAME DIRECTION,NOT DIVIDED,,STRAIGHT AND LEVEL,DRY,NO DEFECTS,,NO INJURY / DRIVE AWAY,,,,"OVER $1,500",07/23/2025 06:29:00 PM,IMPROPER LANE USAGE,NOT APPLICABLE,4818,S,WESTERN BLVD,922,,,,,,,2,NO INDICATION OF INJURY,0,0,0,0,0,3,0,18,4,7,41.8059366838,-87.6839399829,POINT (-87.683939982878 41.80593668384)
5f64dc11ef9b711fa683308340901d9728753dc56bed24d53cadaac12cf76c24595b111587e8006e7e9a1d06e4449598e47a18fc6345b9a6dc07d4b12a9b41de,,07/23/2025 06:00:00 PM,30,NO CONTROLS,NO CONTROLS,CLEAR,DAYLIGHT,SIDESWIPE SAME DIRECTION,ONE-WAY,,STRAIGHT AND LEVEL,DRY,UNKNOWN,NOT ON SCENE (DESK REPORT),NO INJURY / DRIVE AWAY,,,,"OVER $1,500",07/24/2025 12:35:00 PM,UNABLE TO DETERMINE,UNABLE TO DETERMINE,700,W,ADAMS ST,121,,,,,,,2,NO INDICATION OF INJURY,0,0,0,0,0,2,0,18,4,7,41.8793673963,-87.6441054613,POINT (-87.644105461341 41.879367396259)
af0759bb93241cd55940e10684acbb5788dc217f080963041c64ff7986ac7d8acb03502b319f0886d4a02bb209859e54e757789ee6c04163adea7712bd69faec,,07/23/2025 06:00:00 PM,30,NO CONTROLS,NO CONTROLS,CLEAR,DAYLIGHT,PEDALCYCLIST,NOT DIVIDED,,STRAIGHT AND LEVEL,DRY,NO DEFECTS,ON SCENE,INJURY AND / OR TOW DUE TO CRASH,,,,$500 OR LESS,07/23/2025 06:10:00 PM,IMPROPER LANE USAGE,IMPROPER LANE USAGE,1911,N,HALSTED ST,1813,,,,,,,2,NONINCAPACITATING INJURY,1,0,0,1,0,1,0,18,4,7,41.9163869756,-87.6482961609,POINT (-87.648296160887 41.916386975554)
fe988cba198618d88a37290025fcd4025722cd11a1061b8d9bf367828e0fd0a4e6de53726db4b6f616cd8594cf353f9dea2876d6eaf7c7c11daf2a1a1b1d2a56,,07/23/2025 05:56:00 PM,30,NO CONTROLS,NO CONTROLS,CLEAR,DAYLIGHT,REAR END,NOT DIVIDED,,STRAIGHT AND LEVEL,DRY,NO DEFECTS,NOT ON SCENE (DESK REPORT),INJURY AND / OR TOW DUE TO CRASH,,,,"OVER $1,500",07/23/2025 06:22:00 PM,FOLLOWING TOO CLOSELY,NOT APPLICABLE,2932,W,55TH ST,923,,,,,,,2,NONINCAPACITATING INJURY,1,0,0,1,0,1,0,17,4,7,41.7937352647,-87.6975248354,POINT (-87.697524835356 41.793735264691)
d0c0342ba356eb9a193a0bae92d2ecfe08d135679b4de99ec97f6ec5505fce8ae37a248787cc90bc8b81557aa586707cd80f5c6dde3fa163a014f8727b663f10,,07/23/2025 05:53:00 PM,30,NO CONTROLS,NO CONTROLS,CLEAR,"DARKNESS, LIGHTED ROAD",PARKED MOTOR VEHICLE,ONE-WAY,,STRAIGHT AND LEVEL,DRY,NO DEFECTS,NOT ON SCENE (DESK REPORT),NO INJURY / DRIVE AWAY,,,Y,"OVER $1,500",07/23/2025 10:10:00 PM,UNABLE TO DETERMINE,UNABLE TO DETERMINE,5149,W,AINSLIE ST,1623,,,,,,,2,NO INDICATION OF INJURY,0,0,0,0,0,2,0,17,4,7,41.9696322889,-87.757006392,POINT (-87.757006392002 41.969632288895)
f508cf6ab1f31ecb4311a18545b76f97835f7077c889ec768f23c46ad8c23d9e919079e5df1e6814b2303a272240363c54f6e8a8e6fee3366b540028161c51b3,,07/23/2025 05:50:00 PM,30,TRAFFIC SIGNAL,FUNCTIONING PROPERLY,CLEAR,DAYLIGHT,TURNING,NOT DIVIDED,,STRAIGHT AND LEVEL,DRY,NO DEFECTS,NOT ON SCENE (DESK REPORT),NO INJURY / DRIVE AWAY,Y,,,"OVER $1,500",07/23/2025 07:04:00 PM,UNABLE TO DETERMINE,UNABLE TO DETERMINE,2200,S,MICHIGAN AVE,131,,,,,,,2,NO INDICATION OF INJURY,0,0,0,0,0,5,0,17,4,7,41.8527737152,-87.623952413,POINT (-87.62395241303 41.852773715173)
c0b7828dc2539eca26a9e0a0d93a0415ecfbdbb81ae1adf66fcffc1ce2ee484bd91d422e23ce288bb68442b289b0392538e15c6f588ec2286d91c37ea1be324c,,07/23/2025 05:47:00 PM,15,NO CONTROLS,NO CONTROLS,CLEAR,DAYLIGHT,SIDESWIPE SAME DIRECTION,PARKING LOT,,STRAIGHT AND LEVEL,DRY,NO DEFECTS,NOT ON SCENE (DESK REPORT),NO INJURY / DRIVE AWAY,,,Y,"$501 - $1,500",07/24/2025 02:10:00 PM,UNABLE TO DETERMINE,UNABLE TO DETERMINE,641,E,31ST DR,211,,,,,,,2,NO INDICATION OF INJURY,0,0,0,0,0,3,0,17,4,7,41.838429079,-87.6095882577,POINT (-87.609588257656 41.83842907902)
13e9f9e8c9073c1e4b02e3856a6d747c941bb68fe0a96558ce38e89dfd17a9d7deece0866f1d5fcbdad30b373561d43d063c0cbc0c4757a8a3e598fec652eaff,,07/23/2025 05:46:00 PM,30,NO CONTROLS,NO CONTROLS,CLEAR,DAYLIGHT,PEDALCYCLIST,NOT DIVIDED,,STRAIGHT AND LEVEL,DRY,UNKNOWN,ON SCENE,INJURY AND / OR TOW DUE TO CRASH,,,,"OVER $1,500",07/23/2025 05:47:00 PM,FAILING TO YIELD RIGHT-OF-WAY,DRIVING SKILLS/KNOWLEDGE/EXPERIENCE,7756,S,SOUTH SHORE DR,421,,,,,,,2,"REPORTED, NOT EVIDENT",1,0,0,0,1,2,0,17,4,7,41.755721483,-87.5522467228,POINT (-87.55224672277 41.755721483038)
1be74ca7955959ae506ca5f3e328feee41478a7370044d88eddc1933819a680722dc214c367226f6ffdaec3423f1fcc0a83a499eb24aac8fe8981975f866f3b9,,07/23/2025 05:45:00 PM,35,NO CONTROLS,NO CONTROLS,CLEAR,DAYLIGHT,HEAD ON,ONE-WAY,,STRAIGHT AND LEVEL,DRY,NO DEFECTS,ON SCENE,NO INJURY / DRIVE AWAY,,,,"OVER $1,500",07/23/2025 05:54:00 PM,UNDER THE INFLUENCE OF ALCOHOL/DRUGS (USE WHEN ARREST IS EFFECTED),DRIVING ON WRONG SIDE/WRONG WAY,33,W,GOETHE ST,1824,,,,,,,6,NO INDICATION OF INJURY,0,0,0,0,0,3,0,17,4,7,41.9056923582,-87.630076122,POINT (-87.630076122012 41.905692358188)
a065269da0895332050a274cf0a7615e7051ada1396c91a0d4340fc36e92c60bc74ea77825464990359bf8d6efd88d4fa7a11e027ba4d40094ec297b8cc2927e,,07/23/2025 05:45:00 PM,30,UNKNOWN,UNKNOWN,CLEAR,DAYLIGHT,SIDESWIPE SAME DIRECTION,NOT DIVIDED,,STRAIGHT AND LEVEL,UNKNOWN,UNKNOWN,NOT ON SCENE (DESK REPORT),NO INJURY / DRIVE AWAY,,,Y,"OVER $1,500",07/23/2025 07:40:00 PM,UNABLE TO DETERMINE,UNABLE TO DETERMINE,1055,N,ASHLAND AVE,1213,,,,,,,2,NO INDICATION OF INJURY,0,0,0,0,0,2,0,17,4,7,41.9013162985,-87.667290173,POINT (-87.667290172965 41.901316298515)
aad8a281e2aa49af0e09b2dfc0ed44cc56fdd2fbd79c551f41035d84cd60ba013fcb6932a74d1158beb079cf1ec4beaec1846ca56fb67d82c22189de375d8656,,07/23/2025 05:45:00 PM,30,UNKNOWN,UNKNOWN,UNKNOWN,UNKNOWN,PEDALCYCLIST,NOT DIVIDED,,STRAIGHT AND LEVEL,UNKNOWN,UNKNOWN,NOT ON SCENE (DESK REPORT),NO INJURY / DRIVE AWAY,,,,"OVER $1,500",07/23/2025 07:20:00 PM,UNABLE TO DETERMINE,NOT APPLICABLE,3325,N,CALIFORNIA AVE,1733,,,,,,,2,NO INDICATION OF INJURY,0,0,0,0,0,2,0,17,4,7,41.9426830578,-87.6977742963,POINT (-87.697774296302 41.942683057821)
824ed7324e8660e84dce10df86365b66fc319a26c4fb4b9adfa99adcab703dd25cab607e56cb0fd1650b313b1107b635da2e6f11b2e3b771db926884810cbab1,,07/23/2025 05:44:00 PM,30,TRAFFIC SIGNAL,FUNCTIONING PROPERLY,CLEAR,DAYLIGHT,FIXED OBJECT,UNKNOWN,,STRAIGHT AND LEVEL,DRY,NO DEFECTS,ON SCENE,NO INJURY / DRIVE AWAY,N,,,"OVER $1,500",07/23/2025 05:55:00 PM,NOT APPLICABLE,NOT APPLICABLE,1599,W,119TH ST,524,,Y,,,,,1,NO INDICATION OF INJURY,0,0,0,0,0,1,0,17,4,7,41.677435819,-87.6613013176,POINT (-87.661301317608 41.67743581902)