CRASH_RECORD_ID,CRASH_DATE_EST_I,CRASH_DATE,POSTED_SPEED_LIMIT,TRAFFIC_CONTROL_DEVICE,DEVICE_CONDITION,WEATHER_CONDITION,LIGHTING_CONDITION,FIRST_CRASH_TYPE,TRAFFICWAY_TYPE,LANE_CNT,ALIGNMENT,ROADWAY_SURFACE_COND,ROAD_DEFECT,REPORT_TYPE,CRASH_TYPE,INTERSECTION_RELATED_I,NOT_RIGHT_OF_WAY_I,HIT_AND_RUN_I,DAMAGE,DATE_POLICE_NOTIFIED,PRIM_CONTRIBUTORY_CAUSE,SEC_CONTRIBUTORY_CAUSE,STREET_NO,STREET_DIRECTION,STREET_NAME,BEAT_OF_OCCURRENCE,PHOTOS_TAKEN_I,STATEMENTS_TAKEN_I,DOORING_I,WORK_ZONE_I,WORK_ZONE_TYPE,WORKERS_PRESENT_I,NUM_UNITS,MOST_SEVERE_INJURY,INJURIES_TOTAL,INJURIES_FATAL,INJURIES_INCAPACITATING,INJURIES_NON_INCAPACITATING,INJURIES_REPORTED_NOT_EVIDENT,INJURIES_NO_INDICATION,INJURIES_UNKNOWN,CRASH_HOUR,CRASH_DAY_OF_WEEK,CRASH_MONTH,LATITUDE,LONGITUDE,LOCATION
e21b1ca5ec95b722dc86af93b14079a70cc25560642f50bcd8e2bf9e6192a6ab04fbff00457146b691bc6f3e6e29aef4cb8d9197151dfa0b611f4500c2975ba9,,07/23/2025 05:41:00 PM,30,NO CONTROLS,NO CONTROLS,CLEAR,DAYLIGHT,REAR END,DIVIDED - W/MEDIAN (NOT RAISED),,STRAIGHT AND LEVEL,DRY,NO DEFECTS,NOT ON SCENE (DESK REPORT),NO INJURY / DRIVE AWAY,,,,"OVER $1,500",07/23/2025 06:00:00 PM,UNABLE TO DETERMINE,NOT APPLICABLE,5255,N,PULASKI RD,1712,,,,,,,2,NO INDICATION OF INJURY,0,0,0,0,0,2,0,17,4,7,41.9771528816,-87.7281305044,POINT (-87.728130504391 41.977152881578)
8e9aaf6b23dac171fe7512b498e85aa969fd866e3cd690bdfc95da4a85142907755e2a88170f84dd438bcf11022d17b7056b02061963568a713bccac79ddec4e,,07/23/2025 05:37:00 PM,30,TRAFFIC SIGNAL,UNKNOWN,CLEAR,DAYLIGHT,TURNING,NOT DIVIDED,,STRAIGHT AND LEVEL,DRY,NO DEFECTS,ON SCENE,INJURY AND / OR TOW DUE TO CRASH,,,,"OVER $1,500",07/23/2025 05:39:00 PM,UNABLE TO DETERMINE,NOT APPLICABLE,6700,S,LOOMIS BLVD,725,,,,,,,2,NO INDICATION OF INJURY,0,0,0,0,0,3,0,17,4,7,41.7722376252,-87.6593121369,POINT (-87.659312136891 41.772237625179)
443249cafd667aeab249a2e6aba84ffce514485f8a03ff120d49e7f449fc8614d029a4fdea7b689ec9b1a4de1eeacaa38a6c0cdffacd1ea9b8ecda0e077b7d38,,07/23/2025 05:30:00 PM,30,NO CONTROLS,NO CONTROLS,CLEAR,DAYLIGHT,PARKED MOTOR VEHICLE,DIVIDED - W/MEDIAN BARRIER,,STRAIGHT AND LEVEL,DRY,NO DEFECTS,NOT ON SCENE (DESK REPORT),NO INJURY / DRIVE AWAY,,,Y,"OVER $1,500",07/23/2025 11:30:00 PM,IMPROPER TURNING/NO SIGNAL,UNABLE TO DETERMINE,66,E,WACKER PL,111,,,,,,,2,NO INDICATION OF INJURY,0,0,0,0,0,1,0,17,4,7,41.8869234142,-87.6253865309,POINT (-87.625386530919 41.886923414167)
4ddb282f75e7106c999c673b61bf624664c16971646d39ae9f3c484c40762fe8589bb97b1ce54d8393e73d6b3d6e0e296f378aeaa15fa8462a851f8ce8093d55,,07/23/2025 05:30:00 PM,30,NO CONTROLS,NO CONTROLS,CLEAR,DAYLIGHT,REAR TO FRONT,NOT DIVIDED,,STRAIGHT AND LEVEL,UNKNOWN,NO DEFECTS,NOT ON SCENE (DESK REPORT),NO INJURY / DRIVE AWAY,,,,"$501 - $1,500",07/23/2025 05:48:00 PM,IMPROPER BACKING,IMPROPER BACKING,4118,N,CICERO AVE,1624,,,,,,,2,NO INDICATION OF INJURY,0,0,0,0,0,2,0,17,4,7,41.9558737131,-87.7475222961,POINT (-87.747522296124 41.955873713109)
9e75cbd1369d6fda2621bee067ca5337fed4fd361277e2ef55c88af1c4e1b78bd72198e0661d292081fcf604a3d6002e0872a97ef31618f101360c9ae07e6f97,,07/23/2025 05:30:00 PM,30,OTHER,NO CONTROLS,CLEAR,DAYLIGHT,ANGLE,OTHER,,STRAIGHT AND LEVEL,DRY,NO DEFECTS,NOT ON SCENE (DESK REPORT),NO INJURY / DRIVE AWAY,,Y,,"OVER $1,500",07/23/2025 05:46:00 PM,IMPROPER BACKING,NOT APPLICABLE,413,S,KEDZIE AVE,1134,,,,,,,2,NO INDICATION OF INJURY,0,0,0,0,0,2,0,17,4,7,41.8754237451,-87.7058203625,POINT (-87.705820362504 41.87542374509)
a5901f8803af96ca854cb926009f5ec229badf4ac50fb0e3a6a40f71d81c466512000d5a0a80c4e1c619cf057bb523ecc1ff8135d7f5790257865f7168ee26ed,,07/23/2025 05:30:00 PM,30,NO CONTROLS,NO CONTROLS,CLEAR,DAYLIGHT,REAR END,NOT DIVIDED,,STRAIGHT AND LEVEL,DRY,NO DEFECTS,NOT ON SCENE (DESK REPORT),NO INJURY / DRIVE AWAY,,,,"$501 - $1,500",07/26/2025 01:30:00 PM,UNABLE TO DETERMINE,NOT APPLICABLE,2428,W,DIVERSEY AVE,1411,,,,,,,2,NO INDICATION OF INJURY,0,0,0,0,0,2,0,17,4,7,41.932266333,-87.6890651069,POINT (-87.689065106864 41.932266333032)
b11a4f8f864277e3ef1156319c18e2e71ff386959c71d0a0d0f455727dd3cecb974dadb46e4ea981306258665f868d365d17cbe5aa8f7f55f4ab9765a07d9b97,,07/23/2025 05:30:00 PM,30,TRAFFIC SIGNAL,FUNCTIONING PROPERLY,CLEAR,DAYLIGHT,SIDESWIPE SAME DIRECTION,DIVIDED - W/MEDIAN BARRIER,,STRAIGHT AND LEVEL,UNKNOWN,UNKNOWN,NOT ON SCENE (DESK REPORT),NO INJURY / DRIVE AWAY,,,,"OVER $1,500",07/23/2025 06:12:00 PM,UNABLE TO DETERMINE,NOT APPLICABLE,2112,W,PETERSON AVE,2413,,,,,,,3,NO INDICATION OF INJURY,0,0,0,0,0,3,0,17,4,7,41.990729218,-87.6829794536,POINT (-87.682979453599 41.990729217961)
bac060745198ab0f4c1c3ca32258757ac6148b2c0758a9028d640d45741519b3eac5048f3e6363d10e8faf77c39fffef8badb8bb2b96253e49a6bb537e110739,,07/23/2025 05:30:00 PM,25,UNKNOWN,UNKNOWN,UNKNOWN,UNKNOWN,REAR TO SIDE,NOT DIVIDED,,STRAIGHT AND LEVEL,UNKNOWN,UNKNOWN,NOT ON SCENE (DESK REPORT),NO INJURY / DRIVE AWAY,,,,"OVER $1,500",07/25/2025 05:25:00 PM,NOT APPLICABLE,NOT APPLICABLE,1600,N,ASHLAND AVE,1433,,,,,,,2,NO INDICATION OF INJURY,0,0,0,0,0,2,0,17,4,7,41.9107192433,-87.6678408072,POINT (-87.66784080722 41.910719243344)
eecbd861bc9a8cc08c1183d7356eade23b8c0ddbac451f2df59ccd46fdcc980a2ead5ba9c49ef752ea45096172274585f8a74c324249b08201161cb6e484f6fe,,07/23/2025 05:30:00 PM,30,NO CONTROLS,NO CONTROLS,CLEAR,DAYLIGHT,PARKED MOTOR VEHICLE,NOT DIVIDED,,STRAIGHT AND LEVEL,DRY,NO DEFECTS,NOT ON SCENE (DESK REPORT),NO INJURY / DRIVE AWAY,,,Y,"OVER $1,500",07/25/2025 09:00:00 AM,UNABLE TO DETERMINE,UNABLE TO DETERMINE,2901,S,FEDERAL ST,133,,,,,,,2,NO INDICATION OF INJURY,0,0,0,0,0,1,0,17,4,7,41.8420181755,-87.6295895418,POINT (-87.629589541812 41.842018175501)
8de71d93edb5c4589c4ac2a5c2f4f2a36e4b06f0770e4362d5bdeb672b468f45bc1526a490802ba953d6281fa760bf2a8fb68289b2290d6f63c6f8da57e92469,,07/23/2025 05:28:00 PM,20,UNKNOWN,NO CONTROLS,CLEAR,DAYLIGHT,ANGLE,PARKING LOT,,STRAIGHT AND LEVEL,DRY,NO DEFECTS,ON SCENE,NO INJURY / DRIVE AWAY,,,,"OVER $1,500",07/23/2025 06:47:00 PM,IMPROPER BACKING,FAILING TO YIELD RIGHT-OF-WAY,1341,N,PAULINA ST,1433,,,,,,,2,NO INDICATION OF INJURY,0,0,0,0,0,3,0,17,4,7,41.9062437031,-87.6698622813,POINT (-87.669862281285 41.906243703085)
1d281b7e52e1ae755b83b6b7632275f1087315743982db58929c05f301d939759e415fc2d3ecfbf32a294db7060a3a663da47b64ef5ce45f8b54f8e17cddf4b7,,07/23/2025 05:25:00 PM,30,UNKNOWN,UNKNOWN,CLEAR,DAYLIGHT,PEDALCYCLIST,NOT DIVIDED,,STRAIGHT AND LEVEL,UNKNOWN,UNKNOWN,NOT ON SCENE (DESK REPORT),INJURY AND / OR TOW DUE TO CRASH,Y,,Y,"$501 - $1,500",07/30/2025 03:00:00 PM,FOLLOWING TOO CLOSELY,NOT APPLICABLE,399,S,HALSTED ST,1232,,,N,,,,2,"REPORTED, NOT EVIDENT",1,0,0,0,1,1,0,17,4,7,41.8767057442,-87.6470563595,POINT (-87.647056359506 41.876705744232)
c3f11c204406b42b3fd40b4e6ac05a91215d846f853ed97c09fe4943a801136610a0aba726bf93f8de124c87327807d471cdbac7819874481ff10b857d6f46fe,,07/23/2025 05:25:00 PM,30,STOP SIGN/FLASHER,FUNCTIONING PROPERLY,CLEAR,DAYLIGHT,REAR END,NOT DIVIDED,,STRAIGHT AND LEVEL,DRY,NO DEFECTS,ON SCENE,INJURY AND / OR TOW DUE TO CRASH,,,,"OVER $1,500",07/23/2025 06:13:00 PM,FAILING TO REDUCE SPEED TO AVOID CRASH,NOT APPLICABLE,2210,S,HALSTED ST,1235,,,,,,,3,NONINCAPACITATING INJURY,1,0,0,1,0,2,0,17,4,7,41.8522361311,-87.646629256,POINT (-87.646629255976 41.852236131096)
df161ae70a4df1d415162edd3ff10b035fdc8f0fa0d40e51ccef4441d677f491f7ca7c8d5ce3fa779ef98c3fcc1dc49d5736f7950d4239934a78b71e7eba2451,,07/23/2025 05:25:00 PM,30,NO CONTROLS,NO CONTROLS,CLEAR,DAYLIGHT,SIDESWIPE OPPOSITE DIRECTION,NOT DIVIDED,,STRAIGHT AND LEVEL,DRY,NO DEFECTS,ON SCENE,NO INJURY / DRIVE AWAY,,,Y,"OVER $1,500",07/23/2025 07:00:00 PM,UNABLE TO DETERMINE,NOT APPLICABLE,4930,S,SEELEY AVE,931,,,,,,,2,NO INDICATION OF INJURY,0,0,0,0,0,2,0,17,4,7,41.8039019328,-87.6759354328,POINT (-87.675935432827 41.803901932844)
55ee68d40b63647af514a1afaa5229af4acee90afc7aaa504a2a7163f4c98afcc6e3201a6ce0754bb331e7bea31ead9695021129661b43b9c23a55f09c2b712b,Y,07/23/2025 05:15:00 PM,20,NO CONTROLS,NO CONTROLS,CLEAR,DAYLIGHT,PEDALCYCLIST,NOT DIVIDED,,STRAIGHT AND LEVEL,DRY,NO DEFECTS,ON SCENE,INJURY AND / OR TOW DUE TO CRASH,,,,"$501 - $1,500",07/23/2025 05:21:00 PM,FAILING TO YIELD RIGHT-OF-WAY,NOT APPLICABLE,2707,N,DAMEN AVE,1931,,,,,,,2,"REPORTED, NOT EVIDENT",1,0,0,0,1,1,0,17,4,7,41.930062211,-87.6781662275,POINT (-87.678166227548 41.93006221103)
5bd5965b7baa9f795edb99d349dd672738a7b24f8ae8947fc86577e9c73bdbe0f4ee9f0f070fb9626dd6440e49cd4cd147e415a805a3fa099cd21accb295b60c,,07/23/2025 05:15:00 PM,30,TRAFFIC SIGNAL,FUNCTIONING PROPERLY,CLEAR,DAYLIGHT,REAR END,NOT DIVIDED,,STRAIGHT AND LEVEL,DRY,UNKNOWN,ON SCENE,INJURY AND / OR TOW DUE TO CRASH,Y,,,"OVER $1,500",07/23/2025 05:16:00 PM,UNABLE TO DETERMINE,UNABLE TO DETERMINE,748,S,CENTRAL PARK AVE,1133,N,Y,,,,,2,"REPORTED, NOT EVIDENT",1,0,0,0,1,2,0,17,4,7,41.8711975788,-87.7157170155,POINT (-87.715717015498 41.871197578751)
613b568a0e1a8c022df68c2ea24fc25b8c3c8cc3da4d0866039d6f2daf3d1f3855555095497a8ec49ed7f00b5698260db78f17e360badb5eb6ca51eb97db1725,,07/23/2025 05:15:00 PM,30,TRAFFIC SIGNAL,UNKNOWN,CLEAR,DAYLIGHT,ANGLE,FOUR WAY,,STRAIGHT AND LEVEL,DRY,NO DEFECTS,,INJURY AND / OR TOW DUE TO CRASH,Y,,,"OVER $1,500",07/23/2025 05:20:00 PM,UNABLE TO DETERMINE,NOT APPLICABLE,140,W,NORTH AVE,1814,,,,,,,2,NO INDICATION OF INJURY,0,0,0,0,0,3,0,17,4,7,41.911272006,-87.6332289873,POINT (-87.633228987264 41.911272005962)
d226a1115aca4c9a156f9f41f8c4c95e19375f071f9e9afa4988677b59a8553d3b92a5454442b136266d5b36631b5b83a1e2454370d8cdf4d3f15f118c8d0cf5,,07/23/2025 05:15:00 PM,30,NO CONTROLS,NO CONTROLS,CLEAR,DAYLIGHT,REAR END,DIVIDED - W/MEDIAN BARRIER,,STRAIGHT AND LEVEL,DRY,NO DEFECTS,ON SCENE,NO INJURY / DRIVE AWAY,,,,"OVER $1,500",07/23/2025 05:15:00 PM,IMPROPER OVERTAKING/PASSING,FOLLOWING TOO CLOSELY,7898,S,SOUTH SHORE DR,421,,,,,,,2,NO INDICATION OF INJURY,0,0,0,0,0,2,0,17,4,7,41.7520109355,-87.5483239136,POINT (-87.548323913559 41.752010935504)
aedd24d2a0fe9221a470a563adf58229d144c4e64bdd877d32cfc2bb9de7f1f172df4b66f1aeab98f62f4c312576984212feae3835cd46ac0e3aa462aa0f02fe,,07/23/2025 05:14:00 PM,30,TRAFFIC SIGNAL,FUNCTIONING PROPERLY,CLEAR,DAYLIGHT,ANGLE,NOT DIVIDED,,STRAIGHT AND LEVEL,DRY,NO DEFECTS,NOT ON SCENE (DESK REPORT),INJURY AND / OR TOW DUE TO CRASH,Y,,,"OVER $1,500",07/23/2025 06:15:00 PM,UNABLE TO DETERMINE,NOT APPLICABLE,4100,N,CICERO AVE,1624,,,,,,,2,"REPORTED, NOT EVIDENT",1,0,0,0,1,2,0,17,4,7,41.9552502833,-87.7475016045,POINT (-87.747501604523 41.955250283297)
a292e6933398bdf84bff440611e973607135d0769e9032409ba9f3f78dddad0283d50f24af176d6373f844927e14f0b3699bfdb3b6a77e856c5082678ecd5103,,07/23/2025 05:10:00 PM,30,TRAFFIC SIGNAL,FUNCTIONING PROPERLY,CLEAR,DAYLIGHT,REAR END,DIVIDED - W/MEDIAN (NOT RAISED),,STRAIGHT AND LEVEL,DRY,NO DEFECTS,ON SCENE,INJURY AND / OR TOW DUE TO CRASH,,,,"OVER $1,500",07/23/2025 05:20:00 PM,NOT APPLICABLE,NOT APPLICABLE,2400,W,87TH ST,835,,,,,,,2,NO INDICATION OF INJURY,0,0,0,0,0,2,0,17,4,7,41.7356353288,-87.6826503426,POINT (-87.682650342555 41.735635328819)
13876d83a9f2fddd10430a7e8448cd4f9bac75068d443aa296d1d44b165e55ed60a98318edfa01abcfe48b8ec474a8b4e1eb5b2d5354cfb0c8b88929d6adf2b4,,07/23/2025 05:09:00 PM,30,NO CONTROLS,NO CONTROLS,CLEAR,DAYLIGHT,REAR TO SIDE,ONE-WAY,,STRAIGHT AND LEVEL,DRY,NO DEFECTS,NOT ON SCENE (DESK REPORT),INJURY AND / OR TOW DUE TO CRASH,,,,"OVER $1,500",07/23/2025 05:12:00 PM,FAILING TO REDUCE SPEED TO AVOID CRASH,FAILING TO REDUCE SPEED TO AVOID CRASH,7215,N,CLAREMONT AVE,2411,,,,,,,2,NO INDICATION OF INJURY,0,0,0,0,0,2,0,17,4,7,42.0127539445,-87.6887545537,POINT (-87.688754553705 42.012753944516)
4018cb18d861b710f46d52ec5c5321f8b0c1fd07ae20ef24e638f8e9fbab1d69bc882538788634e6565b8725a217c183329c390ad6be11d7819e5a8a71362200,,07/23/2025 05:09:00 PM,30,UNKNOWN,UNKNOWN,UNKNOWN,UNKNOWN,REAR END,NOT DIVIDED,,STRAIGHT AND LEVEL,UNKNOWN,UNKNOWN,NOT ON SCENE (DESK REPORT),NO INJURY / DRIVE AWAY,,,,"$501 - $1,500",07/23/2025 06:00:00 PM,UNABLE TO DETERMINE,NOT APPLICABLE,6000,N,LINCOLN AVE,2413,,,,,,,2,NO INDICATION OF INJURY,0,0,0,0,0,3,0,17,4,7,41.9903366392,-87.7075344147,POINT (-87.707534414707 41.990336639159)
78ed4cec53e75dc8159bdec83160f3472c496d49120f9680147e1a2e5e2e25a739f84c6be60728f28275a242ff5e93dfbb000c5db6f315b66251a89d7943f307,,07/23/2025 05:08:00 PM,30,NO CONTROLS,NO CONTROLS,CLEAR,DAYLIGHT,PARKED MOTOR VEHICLE,ONE-WAY,,STRAIGHT AND LEVEL,DRY,NO DEFECTS,ON SCENE,NO INJURY / DRIVE AWAY,,,,"$501 - $1,500",07/23/2025 05:08:00 PM,UNABLE TO DETERMINE,NOT APPLICABLE,6531,S,LOWE AVE,723,,,,,,,2,NO INDICATION OF INJURY,0,0,0,0,0,2,0,17,4,7,41.7752573305,-87.6406033922,POINT (-87.640603392151 41.775257330488)
33e32f3e65cc5c2171bf8c1fdd039d86efd4f7492d428b52fdc8579bbc8e644d79182bf0f060c763e9cea7725541c695e3d71368f082d0af253f45983676e6af,,07/23/2025 05:06:00 PM,35,NO CONTROLS,NO CONTROLS,CLEAR,DAYLIGHT,REAR END,NOT DIVIDED,,STRAIGHT AND LEVEL,DRY,NO DEFECTS,,NO INJURY / DRIVE AWAY,,,,"$501 - $1,500",07/23/2025 06:30:00 PM,FOLLOWING TOO CLOSELY,FAILING TO REDUCE SPEED TO AVOID CRASH,1600,S,LAKE SHORE DR NB,132,,,,,,,2,NO INDICATION OF INJURY,0,0,0,0,0,2,0,17,4,7,41.8602208955,-87.6179433356,POINT (-87.617943335642 41.860220895539)
018b72dd7c6cadfe6849551e672ba06fbb1aa25dc5733e0dc4779dd887114fa14bde8bde1a63b0bb8bba32a37d14173aaf2eb912724a659928e4aae68e117edc,,07/23/2025 05:00:00 PM,30,UNKNOWN,UNKNOWN,UNKNOWN,UNKNOWN,PEDESTRIAN,NOT DIVIDED,,STRAIGHT AND LEVEL,UNKNOWN,UNKNOWN,ON SCENE,INJURY AND / OR TOW DUE TO CRASH,,,,$500 OR LESS,07/23/2025 10:43:00 PM,UNABLE TO DETERMINE,NOT APPLICABLE,7100,S,WABASH AVE,323,,,,,,,2,NONINCAPACITATING INJURY,1,0,0,1,0,1,0,17,4,7,41.7654513957,-87.6234412543,POINT (-87.623441254312 41.765451395655)
0c840d90d151ea2ec3f11325558d048c0e1f843792acb8cdd48b9b368d6b4001f022d7e29607da5b92cc849bc6e616fe8d5fb00854c6dab4024780a17841499e,,07/23/2025 05:00:00 PM,30,TRAFFIC SIGNAL,FUNCTIONING PROPERLY,CLEAR,DAYLIGHT,PARKED MOTOR VEHICLE,DIVIDED - W/MEDIAN (NOT RAISED),,STRAIGHT AND LEVEL,DRY,UNKNOWN,ON SCENE,NO INJURY / DRIVE AWAY,,,Y,$500 OR LESS,07/23/2025 05:28:00 PM,IMPROPER OVERTAKING/PASSING,NOT APPLICABLE,4000,N,CLARK ST,1912,,,,,,,2,NO INDICATION OF INJURY,0,0,0,0,0,3,0,17,4,7,41.9544324414,-87.6624462591,POINT (-87.662446259141 41.954432441417)
254ab3128bed0c64dfc1e6cf752a624b98d355763409bacbf9d1852d04f9d0c3ba66087b9075d44ce2d2615d75c45b54c1d0112f72bd9982cb51a59a818a40ca,,07/23/2025 05:00:00 PM,30,OTHER,OTHER,CLEAR,DAYLIGHT,PEDESTRIAN,ONE-WAY,,STRAIGHT AND LEVEL,DRY,OTHER,ON SCENE,NO INJURY / DRIVE AWAY,,,Y,$500 OR LESS,07/23/2025 05:05:00 PM,"OPERATING VEHICLE IN ERRATIC, RECKLESS, CARELESS, NEGLIGENT OR AGGRESSIVE MANNER","OPERATING VEHICLE IN ERRATIC, RECKLESS, CARELESS, NEGLIGENT OR AGGRESSIVE MANNER",3598,W,FLOURNOY ST,1133,,,,,,,2,NO INDICATION OF INJURY,0,0,0,0,0,2,0,17,4,7,41.8727694437,-87.715507878,POINT (-87.71550787802 41.872769443655)
2cf6caac9725ddab773a3aa14bb8cc4f212a56089ed80a25de311e9b4c2e1be302f0a90289842a2d52362a11c9ff19bdc6943996359bc40be42ad70d428278b1,,07/23/2025 05:00:00 PM,30,NO CONTROLS,UNKNOWN,CLEAR,DAYLIGHT,SIDESWIPE OPPOSITE DIRECTION,NOT DIVIDED,,STRAIGHT AND LEVEL,DRY,UNKNOWN,NOT ON SCENE (DESK REPORT),NO INJURY / DRIVE AWAY,,,,"OVER $1,500",07/24/2025 05:45:00 AM,UNABLE TO DETERMINE,UNABLE TO DETERMINE,311,W,79TH ST,623,,Y,,,,,2,NO INDICATION OF INJURY,0,0,0,0,0,2,0,17,4,7,41.7507055044,-87.6323549434,POINT (-87.632354943353 41.750705504409)
311dca42c0fc01c6e41cafd7841477075513a302023508c458fcf038db1ef77b5be5cc07e51e7013aad1de861405fb6fb60dec0a92aa1f77395f16b6d8579047,,07/23/2025 05:00:00 PM,35,NO CONTROLS,NO CONTROLS,CLEAR,DAYLIGHT,REAR END,NOT DIVIDED,,STRAIGHT AND LEVEL,DRY,NO DEFECTS,NOT ON SCENE (DESK REPORT),NO INJURY / DRIVE AWAY,,,,"$501 - $1,500",07/23/2025 05:15:00 PM,UNABLE TO DETERMINE,NOT APPLICABLE,6246,W,BRYN MAWR AVE,1622,,,,,,,2,NO INDICATION OF INJURY,0,0,0,0,0,2,0,17,4,7,41.9830084932,-87.7844988352,POINT (-87.784498835187 41.983008493189)
34e35f446f05024f10a821d18368e60fe5ce5b22b6802324610cb548a20165edb49876c0fff0e3dff511e8515fdd79a61f3816866a9c64559f1959e1758fab99,,07/23/2025 05:00:00 PM,15,NO CONTROLS,NO CONTROLS,CLEAR,DAYLIGHT,PARKED MOTOR VEHICLE,PARKING LOT,,STRAIGHT AND LEVEL,WET,NO DEFECTS,ON SCENE,NO INJURY / DRIVE AWAY,,,,"OVER $1,500",07/23/2025 06:00:00 PM,UNABLE TO DETERMINE,NOT APPLICABLE,10000,W,OHARE ST,1651,,,,,,,2,NO INDICATION OF INJURY,0,0,0,0,0,1,0,17,4,7,41.976201139,-87.9053091251,POINT (-87.905309125103 41.976201139024)
3a99d3c64d278df5d30092ece5a72ea97b77c471b222a4adbbfeb0b78a4bd6ec16054b619e53a2d4c307087cc80c841cf78846e1cc2ce34fd766174e29178458,,07/23/2025 05:00:00 PM,30,NO CONTROLS,NO CONTROLS,CLEAR,DAYLIGHT,PARKED MOTOR VEHICLE,NOT DIVIDED,,STRAIGHT AND LEVEL,DRY,NO DEFECTS,,NO INJURY / DRIVE AWAY,,,,"OVER $1,500",07/23/2025 07:00:00 PM,FOLLOWING TOO CLOSELY,NOT APPLICABLE,2300,N,STOCKTON DR,1814,,,,,,,2,NO INDICATION OF INJURY,0,0,0,0,0,1,0,17,4,7,41.9238868944,-87.6359285471,POINT (-87.635928547108 41.923886894409)
a62bd42561a334cf05728f9d3b3a2ed6fb90241c399783a9795bd2df6136f224212586ea5b3a36eca77596e30598965178777a901e45f2b9a083f669fb8e25c7,,07/23/2025 05:00:00 PM,30,TRAFFIC SIGNAL,FUNCTIONING PROPERLY,CLEAR,DAYLIGHT,REAR END,NOT DIVIDED,,STRAIGHT AND LEVEL,DRY,NO DEFECTS,NOT ON SCENE (DESK REPORT),NO INJURY / DRIVE AWAY,,,,"$501 - $1,500",07/23/2025 05:40:00 PM,FOLLOWING TOO CLOSELY,FOLLOWING TOO CLOSELY,3400,S,CALIFORNIA AVE,911,,,,,,,2,NO INDICATION OF INJURY,0,0,0,0,0,2,0,17,4,7,41.832127133,-87.6950214636,POINT (-87.695021463612 41.832127132976)
de914f5eea198e8b0e245eb8a6d590a28986ed58cc9866bc3abb8b9339b829c11dbb695147b856f1dccd22e228b2d646f0c659b3cc6ac120f0f84d4b9d5f2962,,07/23/2025 05:00:00 PM,30,NO CONTROLS,NO CONTROLS,CLEAR,DAYLIGHT,SIDESWIPE SAME DIRECTION,DIVIDED - W/MEDIAN (NOT RAISED),,STRAIGHT AND LEVEL,DRY,NO DEFECTS,NOT ON SCENE (DESK REPORT),NO INJURY / DRIVE AWAY,,,Y,"OVER $1,500",07/23/2025 07:00:00 PM,IMPROPER OVERTAKING/PASSING,FAILING TO YIELD RIGHT-OF-WAY,200,N,CLINTON ST,1214,,,,,,,2,NO INDICATION OF INJURY,0,0,0,0,0,2,0,17,4,7,41.8857577881,-87.6414582809,POINT (-87.641458280852 41.885757788126)
f45bd1d1bb2557c4bc96ca22a515a7d1c162511409cbb9e0be3090de93b5970747686666def7bc5bad3052940cfb2a7a7a0b06aa09c22ac3d607947613835693,,07/23/2025 05:00:00 PM,30,TRAFFIC SIGNAL,FUNCTIONING PROPERLY,CLEAR,DAYLIGHT,REAR END,DIVIDED - W/MEDIAN (NOT RAISED),,STRAIGHT AND LEVEL,DRY,NO DEFECTS,NOT ON SCENE (DESK REPORT),NO INJURY / DRIVE AWAY,Y,,,"$501 - $1,500",07/23/2025 05:45:00 PM,FOLLOWING TOO CLOSELY,FOLLOWING TOO CLOSELY,2300,W,AUGUSTA BLVD,1212,,,,,,,2,NO INDICATION OF INJURY,0,0,0,0,0,4,0,17,4,7,41.8995286336,-87.6846131315,POINT (-87.684613131504 41.899528633581)
fed227a6f96ad134a066f21a471aae8813d2c5eeae531f27cb07f5337c05b5321145a089ed357b4564615ac8844769bb29a36c4e5af8f85e4a878c8a82b22179,,07/23/2025 05:00:00 PM,30,TRAFFIC SIGNAL,FUNCTIONING PROPERLY,CLEAR,DAYLIGHT,SIDESWIPE SAME DIRECTION,DIVIDED - W/MEDIAN BARRIER,,STRAIGHT AND LEVEL,DRY,UNKNOWN,NOT ON SCENE (DESK REPORT),NO INJURY / DRIVE AWAY,,,Y,$500 OR LESS,07/23/2025 05:50:00 PM,FOLLOWING TOO CLOSELY,NOT APPLICABLE,3941,N,CUMBERLAND AVE,1631,,,,,,,2,NO INDICATION OF INJURY,0,0,0,0,0,2,0,17,4,7,41.9514507505,-87.836507267,POINT (-87.83650726702 41.951450750489)
c8bc1fd593f4da22aca73a608bea0c58fbcf4159833ee23699f8eea0825aa81f3390de5c047e179d5dc3df16b78ec081da38ae4f8890ba991c2df81d080b8ac1,,07/23/2025 04:52:00 PM,30,TRAFFIC SIGNAL,FUNCTIONING PROPERLY,CLEAR,DAYLIGHT,TURNING,FOUR WAY,,STRAIGHT AND LEVEL,DRY,NO DEFECTS,ON SCENE,NO INJURY / DRIVE AWAY,Y,,,"$501 - $1,500",07/23/2025 04:53:00 PM,TURNING RIGHT ON RED,IMPROPER TURNING/NO SIGNAL,6759,W,IRVING PARK RD,1632,,,,,,,2,NO INDICATION OF INJURY,0,0,0,0,0,4,0,16,4,7,41.9526339612,-87.7961495623,POINT (-87.796149562276 41.952633961199)