CRASH_RECORD_ID,CRASH_DATE_EST_I,CRASH_DATE,POSTED_SPEED_LIMIT,TRAFFIC_CONTROL_DEVICE,DEVICE_CONDITION,WEATHER_CONDITION,LIGHTING_CONDITION,FIRST_CRASH_TYPE,TRAFFICWAY_TYPE,LANE_CNT,ALIGNMENT,ROADWAY_SURFACE_COND,ROAD_DEFECT,REPORT_TYPE,CRASH_TYPE,INTERSECTION_RELATED_I,NOT_RIGHT_OF_WAY_I,HIT_AND_RUN_I,DAMAGE,DATE_POLICE_NOTIFIED,PRIM_CONTRIBUTORY_CAUSE,SEC_CONTRIBUTORY_CAUSE,STREET_NO,STREET_DIRECTION,STREET_NAME,BEAT_OF_OCCURRENCE,PHOTOS_TAKEN_I,STATEMENTS_TAKEN_I,DOORING_I,WORK_ZONE_I,WORK_ZONE_TYPE,WORKERS_PRESENT_I,NUM_UNITS,MOST_SEVERE_INJURY,INJURIES_TOTAL,INJURIES_FATAL,INJURIES_INCAPACITATING,INJURIES_NON_INCAPACITATING,INJURIES_REPORTED_NOT_EVIDENT,INJURIES_NO_INDICATION,INJURIES_UNKNOWN,CRASH_HOUR,CRASH_DAY_OF_WEEK,CRASH_MONTH,LATITUDE,LONGITUDE,LOCATION
6796916b6399a660196abaed69a1d2c0d5f0f986e55ef301888cece2582bd44f2c6df403d25382ef057b5670c3ff7e4c658d72bd0f39f7923cffc5964648f7e2,,07/23/2025 04:50:00 PM,30,TRAFFIC SIGNAL,FUNCTIONING PROPERLY,CLEAR,DAYLIGHT,REAR END,NOT DIVIDED,,STRAIGHT AND LEVEL,DRY,NO DEFECTS,NOT ON SCENE (DESK REPORT),NO INJURY / DRIVE AWAY,Y,,,"OVER $1,500",07/25/2025 01:00:00 PM,FOLLOWING TOO CLOSELY,UNABLE TO DETERMINE,3758,W,IRVING PARK RD,1723,,,,,,,2,NO INDICATION OF INJURY,0,0,0,0,0,2,0,16,4,7,41.9538361205,-87.7226514332,POINT (-87.722651433205 41.95383612048)
21c1a62b10c9f4dd767e86f5727eed3a1e8adf886deb453d5e8090b6fb0c435f51b313f3553e782b39748e3f87442758344f86dfca5b26b1e117f7fe50a8252a,,07/23/2025 04:45:00 PM,35,TRAFFIC SIGNAL,FUNCTIONING PROPERLY,CLEAR,DAYLIGHT,TURNING,NOT DIVIDED,,STRAIGHT AND LEVEL,DRY,NO DEFECTS,ON SCENE,INJURY AND / OR TOW DUE TO CRASH,Y,,,"OVER $1,500",07/23/2025 04:50:00 PM,FAILING TO YIELD RIGHT-OF-WAY,NOT APPLICABLE,5600,W,63RD ST,812,,,,,,,3,NONINCAPACITATING INJURY,2,0,0,2,0,2,0,16,4,7,41.7781618734,-87.7617802217,POINT (-87.76178022166 41.778161873405)
d92a3787ab92f34c1af46cae2c91e2b3e32c56482e2efb383e13f90ad9f3f8a571e01dc0b2769d334cfc0c0285deb8b884c212a2fbee87b2428e45f935253686,,07/23/2025 04:43:00 PM,30,NO CONTROLS,NO CONTROLS,CLEAR,DAYLIGHT,REAR END,DIVIDED - W/MEDIAN (NOT RAISED),,STRAIGHT AND LEVEL,UNKNOWN,UNKNOWN,NOT ON SCENE (DESK REPORT),NO INJURY / DRIVE AWAY,,,,"OVER $1,500",07/26/2025 01:20:00 PM,FOLLOWING TOO CLOSELY,FOLLOWING TOO CLOSELY,3340,N,AUSTIN AVE,1633,,,,,,,2,NO INDICATION OF INJURY,0,0,0,0,0,2,0,16,4,7,41.9415306686,-87.7764809973,POINT (-87.776480997282 41.941530668624)
847849ffb6988a3dac071c1df5400d06fd9fac49e1c8f0b89ed17dab858fcd510b082e530bb3ef4b9281d6827d400118c822759069a654f72f224aa79df52143,,07/23/2025 04:35:00 PM,30,POLICE/FLAGMAN,NO CONTROLS,CLEAR,DAYLIGHT,PARKED MOTOR VEHICLE,NOT DIVIDED,,STRAIGHT AND LEVEL,DRY,NO DEFECTS,ON SCENE,NO INJURY / DRIVE AWAY,,,,"$501 - $1,500",07/23/2025 04:35:00 PM,IMPROPER TURNING/NO SIGNAL,NOT APPLICABLE,5544,N,WESTERN AVE,2011,,,,,,,2,NO INDICATION OF INJURY,0,0,0,0,0,1,0,16,4,7,41.9826845378,-87.6895740287,POINT (-87.689574028661 41.982684537786)
5077cbc62b4c3460d67f9fcae7cdd29a069fe4ed446b9165152d5c364f6821d5c122353193000b6fc31560b8ae05cb001f5dce392af2fa7e1827d25acd83b753,,07/23/2025 04:30:00 PM,30,NO CONTROLS,NO CONTROLS,CLEAR,DAYLIGHT,SIDESWIPE SAME DIRECTION,NOT DIVIDED,,STRAIGHT AND LEVEL,DRY,UNKNOWN,NOT ON SCENE (DESK REPORT),NO INJURY / DRIVE AWAY,,,,"OVER $1,500",07/23/2025 04:59:00 PM,IMPROPER LANE USAGE,NOT APPLICABLE,9900,S,HALSTED ST,2232,,,,,,,2,NO INDICATION OF INJURY,0,0,0,0,0,2,0,16,4,7,41.7141188681,-87.6431454082,POINT (-87.643145408182 41.71411886809)
9b6f052846d0a54bf2f662f9bff6401882f963129d3aa7d4ff9fa362d7980458696f01b0c662c7a6bb0981d670d04ac44ddb359799276d4bc8312818aa34feb7,,07/23/2025 04:30:00 PM,30,UNKNOWN,FUNCTIONING PROPERLY,CLEAR,DAYLIGHT,SIDESWIPE SAME DIRECTION,NOT DIVIDED,,STRAIGHT AND LEVEL,DRY,NO DEFECTS,NOT ON SCENE (DESK REPORT),NO INJURY / DRIVE AWAY,,,,"$501 - $1,500",07/23/2025 06:30:00 PM,UNABLE TO DETERMINE,DRIVING SKILLS/KNOWLEDGE/EXPERIENCE,235,S,COLUMBUS DR,114,N,,,,,,2,NO INDICATION OF INJURY,0,0,0,0,0,2,0,16,4,7,41.879054402,-87.6205865778,POINT (-87.620586577771 41.879054401989)
ecf2f91d317dd72286609fab5648b43d8513d291ae6095d53b707c5316e3bc19fd74a0dfaff201f5e22824df728d651d6006d93a1c59293b16266ce4e42dc1cf,,07/23/2025 04:30:00 PM,30,TRAFFIC SIGNAL,FUNCTIONING PROPERLY,CLEAR,DAYLIGHT,REAR END,NOT DIVIDED,,STRAIGHT AND LEVEL,DRY,NO DEFECTS,NOT ON SCENE (DESK REPORT),INJURY AND / OR TOW DUE TO CRASH,,,,"$501 - $1,500",07/23/2025 07:50:00 PM,FOLLOWING TOO CLOSELY,DRIVING SKILLS/KNOWLEDGE/EXPERIENCE,5633,W,DIVERSEY AVE,2514,,,,,,,2,"REPORTED, NOT EVIDENT",1,0,0,0,1,1,0,16,4,7,41.931149085,-87.7675988698,POINT (-87.767598869758 41.931149085038)
817a5db1140aa840a2a5cea786c6c8bcb14850369a7614b255207cd5c0261c3b51497f35432b297ad2dcbf031e1e19071928f3dcdbb29bdd5be4f06e78c7af70,,07/23/2025 04:24:00 PM,30,NO CONTROLS,UNKNOWN,CLEAR,DAYLIGHT,ANGLE,ALLEY,,STRAIGHT AND LEVEL,UNKNOWN,UNKNOWN,ON SCENE,NO INJURY / DRIVE AWAY,,,,"OVER $1,500",07/23/2025 04:54:00 PM,UNABLE TO DETERMINE,NOT APPLICABLE,1209,W,WAVELAND AVE,1923,,,,,,,2,NO INDICATION OF INJURY,0,0,0,0,0,2,0,16,4,7,41.9488513682,-87.6596069421,POINT (-87.659606942091 41.948851368196)
25a96b517256d373a72e6d4a3159f9e546af1d751d0f8255e84b935f324a36e66ae55c763f9ca4e38c38973fe660bacb7a287a1702384701dec8d565bf823cb1,,07/23/2025 04:21:00 PM,25,NO CONTROLS,NO CONTROLS,CLEAR,DAYLIGHT,TURNING,DIVIDED - W/MEDIAN (NOT RAISED),,STRAIGHT AND LEVEL,DRY,NO DEFECTS,ON SCENE,INJURY AND / OR TOW DUE TO CRASH,,,,"OVER $1,500",07/23/2025 04:21:00 PM,UNABLE TO DETERMINE,NOT APPLICABLE,1752,S,CLARK ST,131,,Y,,,,,2,"REPORTED, NOT EVIDENT",1,0,0,0,1,2,0,16,4,7,41.8578360645,-87.6303745744,POINT (-87.630374574357 41.857836064476)
3c32ac67347bc7d77a8edf9b17dd1fd5ea975e604b3f07b7889442862c53b63f96afe1541d85e97c1ac29220cbb70a54083497e89bbe57b25b3cd2242fa98155,,07/23/2025 04:20:00 PM,30,STOP SIGN/FLASHER,FUNCTIONING PROPERLY,CLEAR,DAYLIGHT,TURNING,T-INTERSECTION,,STRAIGHT AND LEVEL,DRY,NO DEFECTS,ON SCENE,INJURY AND / OR TOW DUE TO CRASH,Y,,,"OVER $1,500",07/23/2025 04:22:00 PM,FAILING TO YIELD RIGHT-OF-WAY,NOT APPLICABLE,9500,S,HARVARD AVE,511,,,,,,,3,NONINCAPACITATING INJURY,2,0,0,2,0,2,0,16,4,7,41.7215139829,-87.6324771657,POINT (-87.63247716571 41.721513982931)
4b50ac294f37c7a681d9f1fd493189e9b9385330aa4afd4a02d78509acf7992184e80cc88be2f39e4886d581eef9d79250e77a4ce0a6a74e0ff156964ff4b93c,,07/23/2025 04:20:00 PM,20,TRAFFIC SIGNAL,FUNCTIONING PROPERLY,CLEAR,DAYLIGHT,SIDESWIPE SAME DIRECTION,ONE-WAY,,STRAIGHT AND LEVEL,DRY,UNKNOWN,NOT ON SCENE (DESK REPORT),NO INJURY / DRIVE AWAY,,,,"OVER $1,500",07/23/2025 06:50:00 PM,UNABLE TO DETERMINE,NOT APPLICABLE,4806,W,ROSCOE ST,1634,,,,,,,2,NO INDICATION OF INJURY,0,0,0,0,0,2,0,16,4,7,41.9425816921,-87.7473007274,POINT (-87.747300727447 41.942581692062)
13bd99707bc88897c1e94fb39b907a8ac8118daa94be32555918c2cdebf47f7f9678dd17eebd597628cbb477f1fb55f40e011426e5835418ad3074eee91c69f6,,07/23/2025 04:15:00 PM,30,UNKNOWN,UNKNOWN,UNKNOWN,UNKNOWN,TURNING,FOUR WAY,,STRAIGHT AND LEVEL,UNKNOWN,UNKNOWN,NOT ON SCENE (DESK REPORT),NO INJURY / DRIVE AWAY,Y,,,$500 OR LESS,07/29/2025 05:15:00 PM,UNABLE TO DETERMINE,UNABLE TO DETERMINE,1602,W,CERMAK RD,1234,,,,,,,2,NO INDICATION OF INJURY,0,0,0,0,0,2,0,16,4,7,41.8524363568,-87.6662289935,POINT (-87.666228993532 41.852436356754)
23facd4b265a045f8405684839e34f58ac3e8a36548d261e2e1187b291993aeef1d6d62514742b44a66226a31575dafd23fe30898a265d2a22d4d0b4e2e75458,,07/23/2025 04:15:00 PM,30,NO CONTROLS,NO CONTROLS,CLEAR,DAYLIGHT,PARKED MOTOR VEHICLE,NOT DIVIDED,,STRAIGHT AND LEVEL,DRY,NO DEFECTS,ON SCENE,NO INJURY / DRIVE AWAY,,,,"OVER $1,500",07/23/2025 04:21:00 PM,UNABLE TO DETERMINE,NOT APPLICABLE,3835,W,DICKENS AVE,2525,,,,,,,2,NO INDICATION OF INJURY,0,0,0,0,0,1,0,16,4,7,41.9189266232,-87.7231593846,POINT (-87.723159384614 41.918926623207)
6455ac4cdaedf29b6b35756d781a63da62bd15919a701d74f66d5fb25af88f63227bacb97b6b2b2a32f575ad0ef4b69d8260c7ca560b6b5d54bf256674e615c3,,07/23/2025 04:15:00 PM,30,NO CONTROLS,NO CONTROLS,CLEAR,DAYLIGHT,SIDESWIPE SAME DIRECTION,NOT DIVIDED,,STRAIGHT AND LEVEL,DRY,UNKNOWN,NOT ON SCENE (DESK REPORT),NO INJURY / DRIVE AWAY,,,N,"OVER $1,500",07/23/2025 06:40:00 PM,IMPROPER OVERTAKING/PASSING,NOT APPLICABLE,1630,E,71ST ST,332,,,,,,,2,NO INDICATION OF INJURY,0,0,0,0,0,3,0,16,4,7,41.7662699529,-87.5845646476,POINT (-87.584564647628 41.766269952886)
df594effbc54ff5b59510959a7024ba3d0a66f6ef8e122df8222ec53f2d907243af86e072ba1ab2f3c901fb2b6dc299e5b26699fe656d716a918900398748f80,N,07/23/2025 04:10:00 PM,30,NO CONTROLS,NO CONTROLS,CLEAR,DAYLIGHT,PARKED MOTOR VEHICLE,NOT DIVIDED,,STRAIGHT AND LEVEL,DRY,NO DEFECTS,ON SCENE,INJURY AND / OR TOW DUE TO CRASH,,,Y,"OVER $1,500",07/23/2025 05:30:00 PM,IMPROPER BACKING,NOT APPLICABLE,4301,W,WILSON AVE,1722,,N,,,,,2,NO INDICATION OF INJURY,0,0,0,0,0,1,0,16,4,7,41.9643987848,-87.735825543,POINT (-87.735825543001 41.964398784764)
6c758a9409e1377a81c7417209dea84d5208d73106d67589f9b0c921fc9ea7ae389603d9d0c4780113ee57e4f0e5e6e41a786825810709f99d04c9894c7e2427,,07/23/2025 04:06:00 PM,30,UNKNOWN,UNKNOWN,CLEAR,DAYLIGHT,REAR END,DIVIDED - W/MEDIAN (NOT RAISED),,STRAIGHT AND LEVEL,DRY,NO DEFECTS,ON SCENE,NO INJURY / DRIVE AWAY,,,Y,"OVER $1,500",07/23/2025 04:08:00 PM,FAILING TO REDUCE SPEED TO AVOID CRASH,UNABLE TO DETERMINE,123,E,51ST ST,231,,,,,,,2,NO INDICATION OF INJURY,0,0,0,0,0,3,0,16,4,7,41.8019079886,-87.6215609943,POINT (-87.621560994312 41.801907988618)
8b3b8f4998ca7e71efcf3f7428b3fb74a6e8cba75b53951f3dc260b98135b91bac4ab8a3832bb4e3dd09b709480faf2a96fa36a85351c2f766458ca94079dea1,,07/23/2025 04:06:00 PM,30,STOP SIGN/FLASHER,FUNCTIONING PROPERLY,CLEAR,DAYLIGHT,ANGLE,NOT REPORTED,,STRAIGHT AND LEVEL,DRY,UNKNOWN,ON SCENE,INJURY AND / OR TOW DUE TO CRASH,Y,,,"OVER $1,500",07/23/2025 04:26:00 PM,FAILING TO REDUCE SPEED TO AVOID CRASH,UNABLE TO DETERMINE,100,E,50TH ST,224,,,,,,,2,NONINCAPACITATING INJURY,1,0,0,1,0,1,0,16,4,7,41.8039309463,-87.6226162646,POINT (-87.622616264599 41.803930946265)
2de8d1e9dc96663c0b662d9cde8c97bb0e797c49c8ca1d814e914fae2f4b492c51618c69ed966e0466d68219a56e11b80fa4b2803553da8daee8b8c2d6058f8a,,07/23/2025 04:00:00 PM,30,TRAFFIC SIGNAL,FUNCTIONING PROPERLY,CLEAR,DAYLIGHT,REAR END,NOT DIVIDED,,STRAIGHT AND LEVEL,DRY,NO DEFECTS,NOT ON SCENE (DESK REPORT),NO INJURY / DRIVE AWAY,,,,"OVER $1,500",07/23/2025 09:30:00 PM,UNABLE TO DETERMINE,NOT APPLICABLE,3258,S,WESTERN AVE,911,,,,,,,2,NO INDICATION OF INJURY,0,0,0,0,0,2,0,16,4,7,41.8339496749,-87.6853559422,POINT (-87.685355942151 41.83394967489)
3157f6de1e0494a3d81671f8ab732ca2d2e328a00a594c401e35011006bd37cbda0e1e3f20173d65892439d07c1043bc50600d9eb86d14c5511061a4843184f1,,07/23/2025 04:00:00 PM,30,NO CONTROLS,NO CONTROLS,CLEAR,DAYLIGHT,PARKED MOTOR VEHICLE,ONE-WAY,,STRAIGHT AND LEVEL,DRY,UNKNOWN,NOT ON SCENE (DESK REPORT),NO INJURY / DRIVE AWAY,,,Y,"OVER $1,500",07/24/2025 02:00:00 PM,UNABLE TO DETERMINE,UNABLE TO DETERMINE,3700,W,CONGRESS PKWY,1133,,,,,,,2,NO INDICATION OF INJURY,0,0,0,0,0,1,0,16,4,7,41.874594835,-87.7181362872,POINT (-87.71813628716 41.874594835016)
b2a103ab5b789be9207d6d6a049826144c0b30f283bd0488e8bf74f4cae6b09530402e761c7d675bdeddd41990667c1d12c387a224efc59d23955183055635ab,,07/23/2025 04:00:00 PM,30,NO CONTROLS,NO CONTROLS,CLEAR,DAYLIGHT,REAR END,NOT DIVIDED,,STRAIGHT AND LEVEL,DRY,NO DEFECTS,ON SCENE,NO INJURY / DRIVE AWAY,,,,"OVER $1,500",07/23/2025 04:25:00 PM,FOLLOWING TOO CLOSELY,NOT APPLICABLE,900,N,HALSTED ST,1822,,,,,,,2,NO INDICATION OF INJURY,0,0,0,0,0,2,0,16,4,7,41.8990512156,-87.6480241808,POINT (-87.64802418079 41.899051215555)
bf7fcea963ef0ad6476cd47263a4e5713bd223eda42b6144e450ed1bb3b578d748b67bcb82124a7c415fbe0b08891f57c3db878329d83bc12877f67863f33934,,07/23/2025 04:00:00 PM,10,NO CONTROLS,NO CONTROLS,CLEAR,"DARKNESS, LIGHTED ROAD",REAR TO SIDE,PARKING LOT,,STRAIGHT AND LEVEL,DRY,UNKNOWN,NOT ON SCENE (DESK REPORT),NO INJURY / DRIVE AWAY,,Y,,"$501 - $1,500",07/23/2025 10:50:00 PM,IMPROPER BACKING,IMPROPER BACKING,401,N,WELLS ST,1831,,,,,,,2,NO INDICATION OF INJURY,0,0,0,0,0,2,0,16,4,7,41.8892152218,-87.6338644008,POINT (-87.633864400819 41.889215221757)
51cb4c98c517b0aaba0b8c11357bb54b2cc2132d9b8400d8f793b9811b62c658929f7103ee3897c497edaf17cf131bab5ef6fafd324ac14b1010e9ef70877d9e,,07/23/2025 03:52:00 PM,30,NO CONTROLS,NO CONTROLS,CLEAR,DAYLIGHT,PEDESTRIAN,ONE-WAY,,STRAIGHT AND LEVEL,DRY,NO DEFECTS,ON SCENE,NO INJURY / DRIVE AWAY,,,,"OVER $1,500",07/23/2025 03:53:00 PM,UNABLE TO DETERMINE,UNABLE TO DETERMINE,9420,S,LAFAYETTE AVE,634,,,,,,,2,NO INDICATION OF INJURY,0,0,0,0,0,2,0,15,4,7,41.7228525669,-87.6252163976,POINT (-87.625216397596 41.722852566913)
9bd3ca6582ad374ffe32fca0c044d41e6e28dc0086ef7a60160033832bf0a600e445afddd0cd04e235e65c09bf64575a4f55bb01cf5db6e678d36a852be4f197,,07/23/2025 03:50:00 PM,30,NO CONTROLS,NO CONTROLS,CLEAR,DAYLIGHT,REAR END,DIVIDED - W/MEDIAN BARRIER,,STRAIGHT AND LEVEL,DRY,NO DEFECTS,NOT ON SCENE (DESK REPORT),NO INJURY / DRIVE AWAY,,,Y,"OVER $1,500",07/23/2025 09:50:00 PM,FOLLOWING TOO CLOSELY,FAILING TO REDUCE SPEED TO AVOID CRASH,112,E,RANDOLPH ST,114,,,,,,,2,NO INDICATION OF INJURY,0,0,0,0,0,2,0,15,4,7,41.8845486058,-87.6239295322,POINT (-87.623929532169 41.884548605766)
66c5c76340b00b6fbcaf8c686fd31e97e7f8a6fd8aeef2ebe056fa21f9278ff3627c06d8c519620109127ffe6dd0ddc26280d23a0dcee447c6c6db5953c0b347,,07/23/2025 03:48:00 PM,30,STOP SIGN/FLASHER,FUNCTIONING PROPERLY,CLEAR,DAYLIGHT,REAR END,FOUR WAY,,STRAIGHT AND LEVEL,DRY,NO DEFECTS,ON SCENE,INJURY AND / OR TOW DUE TO CRASH,,,,"OVER $1,500",07/23/2025 04:39:00 PM,FOLLOWING TOO CLOSELY,NOT APPLICABLE,2458,W,DIVISION ST,1423,,,,,,,2,NO INDICATION OF INJURY,0,0,0,0,0,3,0,15,4,7,41.9031035942,-87.6893433227,POINT (-87.689343322668 41.903103594167)
2ff1b73c44da4d40d21292c19bcb34fd8f8634f124051842dabb3883f518c2c7fac7ab9ad4c4931857b1d7a8f2b814cc9f456a8f9abfa20db25c2e96785ea44d,,07/23/2025 03:45:00 PM,55,NO CONTROLS,NO CONTROLS,CLEAR,DAYLIGHT,SIDESWIPE SAME DIRECTION,DIVIDED - W/MEDIAN BARRIER,,STRAIGHT AND LEVEL,DRY,NO DEFECTS,ON SCENE,NO INJURY / DRIVE AWAY,,,,"OVER $1,500",07/23/2025 03:51:00 PM,IMPROPER LANE USAGE,UNABLE TO DETERMINE,13,W,I190 EXPY IB,1654,,,,,,,2,NO INDICATION OF INJURY,0,0,0,0,0,4,0,15,4,7,,,
c2858258ec275aa9f04a91eb8e6e86f9715f3a1b2da89974072f806ec112823349179a4d845d65b5b9e5a0e87d7184c183520a6c46b214a6dcf2b7d8d10827a7,,07/23/2025 03:45:00 PM,55,NO CONTROLS,NO CONTROLS,CLEAR,DAYLIGHT,SIDESWIPE SAME DIRECTION,DIVIDED - W/MEDIAN BARRIER,,STRAIGHT AND LEVEL,DRY,UNKNOWN,ON SCENE,NO INJURY / DRIVE AWAY,,,,"OVER $1,500",07/23/2025 03:51:00 PM,UNABLE TO DETERMINE,NOT APPLICABLE,13,W,I190 EXPY IB,1654,,,,,,,2,NO INDICATION OF INJURY,0,0,0,0,0,2,0,15,4,7,,,
e8cb0698532c73331c68998ad122f04199cbbc07f1b9aa0ff2d6e220594cf3dbe110c4ce412aa1cfb2606f00d9eafaafadc7196664dee48b4dc65d8d81fc6ee9,Y,07/23/2025 03:45:00 PM,30,TRAFFIC SIGNAL,FUNCTIONING PROPERLY,UNKNOWN,DAYLIGHT,SIDESWIPE SAME DIRECTION,NOT DIVIDED,,STRAIGHT AND LEVEL,UNKNOWN,NO DEFECTS,NOT ON SCENE (DESK REPORT),NO INJURY / DRIVE AWAY,,,Y,$500 OR LESS,07/24/2025 03:20:00 PM,FOLLOWING TOO CLOSELY,DRIVING SKILLS/KNOWLEDGE/EXPERIENCE,3558,W,ROOSEVELT RD,1133,,,,,,,2,NO INDICATION OF INJURY,0,0,0,0,0,2,0,15,4,7,41.8664009162,-87.7153010172,POINT (-87.715301017193 41.86640091617)
fbcb85d8b67508a556a69495283556cbdeec514ca4059870f8859bb0e60e0b52cbcbc5dbc9681296ee1f64aca19a5248d6cca4868f7f93a3b34550041e8f89da,,07/23/2025 03:45:00 PM,30,UNKNOWN,UNKNOWN,CLEAR,DAYLIGHT,REAR END,NOT DIVIDED,,STRAIGHT AND LEVEL,UNKNOWN,UNKNOWN,NOT ON SCENE (DESK REPORT),NO INJURY / DRIVE AWAY,,,,"OVER $1,500",07/24/2025 01:58:00 PM,UNABLE TO DETERMINE,UNABLE TO DETERMINE,1647,N,LA SALLE DR,1814,,,,,,,2,NO INDICATION OF INJURY,0,0,0,0,0,2,0,15,4,7,41.9125032395,-87.6330119329,POINT (-87.633011932875 41.912503239452)
a8ec4fa4b09dc6f8ede6d93bfcbde15c37d6176dffdffd6274a9db647d7b705ca649420641dea545ced7549c85be81d36d9b9b7346e2910d57ceebebee31220d,,07/23/2025 03:43:00 PM,35,NO CONTROLS,NO CONTROLS,CLEAR,DAYLIGHT,REAR END,NOT DIVIDED,,STRAIGHT AND LEVEL,DRY,NO DEFECTS,ON SCENE,NO INJURY / DRIVE AWAY,,,Y,"OVER $1,500",07/23/2025 03:51:00 PM,UNABLE TO DETERMINE,UNABLE TO DETERMINE,863,N,ORLEANS ST,1823,,,,,,,2,NO INDICATION OF INJURY,0,0,0,0,0,3,0,15,4,7,41.8983453205,-87.637092133,POINT (-87.637092133019 41.89834532048)
e5ba24cd6480ef473c5df62d3e8c5542476148bde377e382a747af94f244b5e4b83034244d299814c4917d6ba196e1b78df536b1bd55fc1cfe39e8f3e2f075f9,,07/23/2025 03:40:00 PM,30,TRAFFIC SIGNAL,FUNCTIONING PROPERLY,CLEAR,DAYLIGHT,REAR TO SIDE,"FIVE POINT, OR MORE",,STRAIGHT AND LEVEL,DRY,NO DEFECTS,NOT ON SCENE (DESK REPORT),NO INJURY / DRIVE AWAY,,,,"$501 - $1,500",07/23/2025 04:40:00 PM,DISREGARDING TRAFFIC SIGNALS,NOT APPLICABLE,515,W,LAKE ST,121,,,,,,,2,NO INDICATION OF INJURY,0,0,0,0,0,3,0,15,4,7,41.8856002407,-87.6405319895,POINT (-87.640531989507 41.885600240683)
62b51d1da65669de91849b06355722a4a2fd6d010bed0aeeaa7b5f0e8f8406e3d3d64d3675ebfef8f8e073fca01e48069c291385280e5ce3d69208e7e29095d2,,07/23/2025 03:39:00 PM,30,STOP SIGN/FLASHER,UNKNOWN,CLEAR,DAYLIGHT,ANGLE,FOUR WAY,,STRAIGHT AND LEVEL,DRY,NO DEFECTS,ON SCENE,NO INJURY / DRIVE AWAY,,,,"OVER $1,500",07/23/2025 04:41:00 PM,FAILING TO YIELD RIGHT-OF-WAY,FAILING TO YIELD RIGHT-OF-WAY,800,N,CARPENTER ST,1213,,,,,,,2,NO INDICATION OF INJURY,0,0,0,0,0,2,0,15,4,7,41.8963432986,-87.6537542697,POINT (-87.653754269712 41.896343298631)
bbd8b734ea2078773a00dc259f0ad7b275f8ca5d98293ecdc84cc5108625739974075dee6e15ef8c1b676c88240ff511e18e7ac6c45587bb69a2c4b70033045b,,07/23/2025 03:39:00 PM,20,NO CONTROLS,NO CONTROLS,CLEAR,DAYLIGHT,FIXED OBJECT,ONE-WAY,,STRAIGHT AND LEVEL,DRY,UNKNOWN,,INJURY AND / OR TOW DUE TO CRASH,,,Y,"OVER $1,500",07/23/2025 03:55:00 PM,DRIVING ON WRONG SIDE/WRONG WAY,UNABLE TO DETERMINE,11205,S,CAMPBELL AVE,2212,,,,,,,1,NO INDICATION OF INJURY,0,0,0,0,0,1,0,15,4,7,41.6896045866,-87.6834359092,POINT (-87.683435909164 41.689604586584)
3726cb3b1bf0b79911cbd6264565d0355f682dfa9992ae421c3c4fcd81a7f979134e34c5d1f7a03d1cad425318ac8efbc0f62e715efc710d5d4a4d8d3151e210,,07/23/2025 03:38:00 PM,30,NO CONTROLS,NO CONTROLS,CLEAR,DAYLIGHT,TURNING,DIVIDED - W/MEDIAN (NOT RAISED),,STRAIGHT AND LEVEL,UNKNOWN,UNKNOWN,ON SCENE,NO INJURY / DRIVE AWAY,,,,"$501 - $1,500",07/23/2025 03:38:00 PM,UNABLE TO DETERMINE,UNABLE TO DETERMINE,2651,N,HARLEM AVE,2512,,,,,,,2,NO INDICATION OF INJURY,0,0,0,0,0,2,0,15,4,7,41.9286584525,-87.8062730532,POINT (-87.806273053234 41.92865845251)
2611448598842573120b117dd0523cdd5e3d4b28cb11d12b1e717ce7a93fe242f5c648fc043018f43b7857397f9e04509be75b4f8143be1567909c6ecf3ec01a,,07/23/2025 03:30:00 PM,25,TRAFFIC SIGNAL,FUNCTIONING PROPERLY,CLEAR,DAYLIGHT,ANGLE,FOUR WAY,,STRAIGHT AND LEVEL,DRY,NO DEFECTS,NOT ON SCENE (DESK REPORT),NO INJURY / DRIVE AWAY,Y,,,"$501 - $1,500",07/23/2025 04:15:00 PM,FAILING TO YIELD RIGHT-OF-WAY,NOT APPLICABLE,1355,W,69TH ST,734,,,,,,,2,NO INDICATION OF INJURY,0,0,0,0,0,2,0,15,4,7,41.7685162097,-87.6588337487,POINT (-87.658833748728 41.768516209723)
40eaf51cd26119f4c95b38be0799310043b97b729985d9e6414f694fe118a9bbf4ab5cd139411aa7e72044419abc4d18ee612436b04b1ad30fc3d0f8eb7b5d77,,07/23/2025 03:30:00 PM,30,NO CONTROLS,NO CONTROLS,CLEAR,DAYLIGHT,REAR END,DIVIDED - W/MEDIAN (NOT RAISED),,STRAIGHT AND LEVEL,DRY,NO DEFECTS,ON SCENE,NO INJURY / DRIVE AWAY,,,,"OVER $1,500",07/23/2025 03:39:00 PM,FOLLOWING TOO CLOSELY,FOLLOWING TOO CLOSELY,2948,W,ADDISON ST,1733,,,,,,,3,NO INDICATION OF INJURY,0,0,0,0,0,4,0,15,4,7,41.94676203,-87.7024722738,POINT (-87.702472273782 41.946762030034)
a5288e19ea2ef92f150a51ac8894372c2ac883fa75ecad5c28cb6beb37e38efd1e53ba1fc018c71261c02420328ca82c950ca0eacab79052528c511a38c0b192,,07/23/2025 03:30:00 PM,30,NO CONTROLS,NO CONTROLS,CLEAR,DAYLIGHT,REAR END,ONE-WAY,,STRAIGHT AND LEVEL,DRY,NO DEFECTS,ON SCENE,NO INJURY / DRIVE AWAY,,,Y,"$501 - $1,500",07/23/2025 03:44:00 PM,FOLLOWING TOO CLOSELY,UNABLE TO DETERMINE,4625,N,LAWNDALE AVE,1723,,,,,,,2,NO INDICATION OF INJURY,0,0,0,0,0,3,0,15,4,7,41.965429397,-87.7204632568,POINT (-87.720463256756 41.965429397023)