CRASH_RECORD_ID,CRASH_DATE_EST_I,CRASH_DATE,POSTED_SPEED_LIMIT,TRAFFIC_CONTROL_DEVICE,DEVICE_CONDITION,WEATHER_CONDITION,LIGHTING_CONDITION,FIRST_CRASH_TYPE,TRAFFICWAY_TYPE,LANE_CNT,ALIGNMENT,ROADWAY_SURFACE_COND,ROAD_DEFECT,REPORT_TYPE,CRASH_TYPE,INTERSECTION_RELATED_I,NOT_RIGHT_OF_WAY_I,HIT_AND_RUN_I,DAMAGE,DATE_POLICE_NOTIFIED,PRIM_CONTRIBUTORY_CAUSE,SEC_CONTRIBUTORY_CAUSE,STREET_NO,STREET_DIRECTION,STREET_NAME,BEAT_OF_OCCURRENCE,PHOTOS_TAKEN_I,STATEMENTS_TAKEN_I,DOORING_I,WORK_ZONE_I,WORK_ZONE_TYPE,WORKERS_PRESENT_I,NUM_UNITS,MOST_SEVERE_INJURY,INJURIES_TOTAL,INJURIES_FATAL,INJURIES_INCAPACITATING,INJURIES_NON_INCAPACITATING,INJURIES_REPORTED_NOT_EVIDENT,INJURIES_NO_INDICATION,INJURIES_UNKNOWN,CRASH_HOUR,CRASH_DAY_OF_WEEK,CRASH_MONTH,LATITUDE,LONGITUDE,LOCATION
f40808461732eb2d8d29cacc671e0e017c7ea2dc509b0654e93be634aa1e294e2a8be12dcda2f01ebde3bafb369c61bcbd446db846659d8922cef5d1ba51f921,,07/23/2025 03:30:00 PM,30,NO CONTROLS,NO CONTROLS,CLEAR,DAYLIGHT,PARKED MOTOR VEHICLE,ONE-WAY,,STRAIGHT AND LEVEL,DRY,NO DEFECTS,,NO INJURY / DRIVE AWAY,,,Y,"OVER $1,500",07/23/2025 03:37:00 PM,IMPROPER TURNING/NO SIGNAL,NOT APPLICABLE,951,W,NEWPORT AVE,1924,,,,,,,2,NO INDICATION OF INJURY,0,0,0,0,0,1,0,15,4,7,41.9443504962,-87.6538471698,POINT (-87.653847169843 41.94435049619)
327d177665bbf7e258e6fe50fd8a81446b55de76c645fee5aba1b530699b657121e7aebad0c6156869d0e27873e87e622a5abd7fbeae3d1d95baf76cf896c742,,07/23/2025 03:24:00 PM,35,TRAFFIC SIGNAL,FUNCTIONING PROPERLY,CLEAR,DAYLIGHT,SIDESWIPE SAME DIRECTION,T-INTERSECTION,,STRAIGHT AND LEVEL,DRY,NO DEFECTS,ON SCENE,NO INJURY / DRIVE AWAY,Y,,,"$501 - $1,500",07/23/2025 03:24:00 PM,IMPROPER LANE USAGE,DRIVING SKILLS/KNOWLEDGE/EXPERIENCE,400,N,LAKE SHORE DR SB,1834,,,,,,,2,NO INDICATION OF INJURY,0,0,0,0,0,3,0,15,4,7,41.8896563295,-87.6143595501,POINT (-87.614359550067 41.889656329459)
4e21248090fa226c931e8d862afdb0f9f474f8162c0ef539c3a3a8895e3399c3c4edb14459491ae6ccb5ad2431fdce03ea11e4163617ef29da74c277a4c82df9,,07/23/2025 03:24:00 PM,30,NO CONTROLS,NO CONTROLS,CLEAR,DAYLIGHT,SIDESWIPE SAME DIRECTION,ONE-WAY,,STRAIGHT AND LEVEL,DRY,OTHER,NOT ON SCENE (DESK REPORT),NO INJURY / DRIVE AWAY,,,Y,"$501 - $1,500",07/24/2025 12:30:00 PM,IMPROPER OVERTAKING/PASSING,FAILING TO YIELD RIGHT-OF-WAY,363,W,ONTARIO ST,1831,,,,,,,2,NO INDICATION OF INJURY,0,0,0,0,0,2,0,15,4,7,41.8930250628,-87.6380232726,POINT (-87.638023272571 41.893025062847)
f398622d71ec6fe6e8dad3897634b67689f1cb4422a110a25f257c893e0dd148c640bd063b69d725164444a5b92099d4a9e90b276caff4ec4c6f53471915b207,,07/23/2025 03:24:00 PM,20,NO CONTROLS,NO CONTROLS,CLEAR,DAYLIGHT,PARKED MOTOR VEHICLE,NOT DIVIDED,,STRAIGHT AND LEVEL,DRY,NO DEFECTS,ON SCENE,NO INJURY / DRIVE AWAY,,,Y,$500 OR LESS,07/23/2025 03:24:00 PM,DRIVING SKILLS/KNOWLEDGE/EXPERIENCE,IMPROPER BACKING,321,S,PLYMOUTH CT,113,,,,,,,2,NO INDICATION OF INJURY,0,0,0,0,0,1,0,15,4,7,41.8775935005,-87.6285870602,POINT (-87.628587060163 41.877593500503)
7d5b3af1aab9a1daa9bfffb70a1fe4ccfc889e569e1248ba2d6aec3e8dd59c22ce481b9d3fa39dc929756d12581a1ce966d12d52fbbc886d2ec03e4b954c8bd6,,07/23/2025 03:22:00 PM,30,NO CONTROLS,NO CONTROLS,CLEAR,DAYLIGHT,REAR END,NOT DIVIDED,,STRAIGHT AND LEVEL,DRY,NO DEFECTS,ON SCENE,NO INJURY / DRIVE AWAY,,,N,"$501 - $1,500",07/23/2025 03:30:00 PM,UNABLE TO DETERMINE,NOT APPLICABLE,5222,N,KIMBALL AVE,1712,,,,,,,2,NO INDICATION OF INJURY,0,0,0,0,0,3,0,15,4,7,41.976407249,-87.7137062154,POINT (-87.713706215415 41.976407249015)
a57bd4f58d74d9d47a226d7f5b8048338ed28af5b95dd1be145767702cded52eb0665371f80b171615aa2b0101458c9f8733f153a27760ee7f97659bbfcf4861,,07/23/2025 03:22:00 PM,35,NO CONTROLS,NO CONTROLS,CLEAR,DAYLIGHT,PARKED MOTOR VEHICLE,DIVIDED - W/MEDIAN (NOT RAISED),,STRAIGHT AND LEVEL,DRY,NO DEFECTS,ON SCENE,INJURY AND / OR TOW DUE TO CRASH,,,,"OVER $1,500",07/23/2025 04:45:00 PM,IMPROPER LANE USAGE,IMPROPER LANE USAGE,348,E,47TH ST,215,,,,,,,2,NO INDICATION OF INJURY,0,0,0,0,0,1,0,15,4,7,41.8094760791,-87.6176723261,POINT (-87.617672326089 41.809476079113)
3d57f8393fd5097390df0c045cd7c252d5e2d975172a016cfb0c18193685ad3ac696d1cb0cc00371f6bed9589b85b66b3d53b3ddc4f52754cab7e346424bc094,,07/23/2025 03:20:00 PM,30,NO CONTROLS,NO CONTROLS,CLEAR,DAYLIGHT,TURNING,NOT DIVIDED,,STRAIGHT AND LEVEL,DRY,NO DEFECTS,NOT ON SCENE (DESK REPORT),NO INJURY / DRIVE AWAY,Y,,,"OVER $1,500",07/23/2025 04:00:00 PM,UNABLE TO DETERMINE,UNABLE TO DETERMINE,5800,S,WESTERN AVE,824,,,,,,,2,NO INDICATION OF INJURY,0,0,0,0,0,2,0,15,4,7,41.788264057,-87.6840280022,POINT (-87.684028002172 41.788264056992)
af9d06a547e084db22e26fcc47fcdd8126fdc0fe3ed0ffa3d83a0593d10d48cd3d855b86ad0831e89ab6e46b00ee2873e33415f7d5b714b072dbfe67930635a9,,07/23/2025 03:20:00 PM,25,UNKNOWN,UNKNOWN,CLEAR,DAYLIGHT,PARKED MOTOR VEHICLE,ONE-WAY,,STRAIGHT AND LEVEL,DRY,UNKNOWN,,NO INJURY / DRIVE AWAY,,,,"$501 - $1,500",07/23/2025 04:00:00 PM,UNABLE TO DETERMINE,UNABLE TO DETERMINE,4423,N,RAVENSWOOD AVE,1912,,,,,,,2,NO INDICATION OF INJURY,0,0,0,0,0,1,0,15,4,7,41.962241357,-87.6738489497,POINT (-87.673848949679 41.962241357041)
4269d10a551b0feae69be89ea65a42d2a88fd4ba7689196873b7b9ff29fad08bfd581fd1090298c5e79e74a6a24ccd5e0a34aad5a1f7b8f211233d5a9c4052e3,,07/23/2025 03:19:00 PM,30,TRAFFIC SIGNAL,FUNCTIONING PROPERLY,CLEAR,DAYLIGHT,REAR END,FOUR WAY,,STRAIGHT AND LEVEL,DRY,NO DEFECTS,ON SCENE,NO INJURY / DRIVE AWAY,,,Y,"OVER $1,500",07/23/2025 03:20:00 PM,UNABLE TO DETERMINE,UNABLE TO DETERMINE,7132,S,JEFFERY BLVD,333,,,,,,,2,NO INDICATION OF INJURY,0,0,0,0,0,2,0,15,4,7,41.7651275204,-87.5764247859,POINT (-87.576424785877 41.765127520379)
ed6923d22c526fc880b9bb40383ffa571b930ab2890bdbc7eb10e7faf9dd24e35e3a3bbe2d57b904eae65dcdf450c5be7250e5e26b102288994d5169738003d4,,07/23/2025 03:15:00 PM,30,UNKNOWN,UNKNOWN,CLEAR,DAYLIGHT,REAR END,FOUR WAY,,STRAIGHT AND LEVEL,DRY,UNKNOWN,NOT ON SCENE (DESK REPORT),NO INJURY / DRIVE AWAY,Y,,N,"$501 - $1,500",07/23/2025 03:32:00 PM,FOLLOWING TOO CLOSELY,UNABLE TO DETERMINE,949,W,103RD ST,2232,Y,Y,,,,,2,NO INDICATION OF INJURY,0,0,0,0,0,2,0,15,4,7,41.7067685761,-87.6472123168,POINT (-87.647212316786 41.7067685761)
7831468263957ddd902c8cc1bfd4588cb8ecf75aa51c68c2d08dd6da518bb9802c5dc6b19868662e1afe94a4e505648dea51f8ceaaad8815df91c4500c1f48e1,,07/23/2025 03:10:00 PM,30,TRAFFIC SIGNAL,FUNCTIONING PROPERLY,CLEAR,DAWN,SIDESWIPE SAME DIRECTION,NOT DIVIDED,,STRAIGHT AND LEVEL,DRY,NO DEFECTS,NOT ON SCENE (DESK REPORT),NO INJURY / DRIVE AWAY,,,Y,"$501 - $1,500",07/23/2025 04:30:00 PM,UNABLE TO DETERMINE,NOT APPLICABLE,3452,S,WESTERN AVE,911,,,,,,,2,NO INDICATION OF INJURY,0,0,0,0,0,2,0,15,4,7,41.830460658,-87.6851867252,POINT (-87.685186725203 41.830460657958)
d623053fd509008856a2eb82ae46bca257bc96f6b83a45bfd492625da0fafa88433461e6e206ba59df125cbd686ea0c7b671c56c13a4c4637890f685df9299fa,,07/23/2025 03:10:00 PM,30,TRAFFIC SIGNAL,FUNCTIONING PROPERLY,CLEAR,DAYLIGHT,TURNING,DIVIDED - W/MEDIAN BARRIER,,STRAIGHT AND LEVEL,DRY,UNKNOWN,NOT ON SCENE (DESK REPORT),NO INJURY / DRIVE AWAY,Y,,,"$501 - $1,500",07/23/2025 09:30:00 PM,IMPROPER TURNING/NO SIGNAL,IMPROPER TURNING/NO SIGNAL,227,W,LAKE ST,122,,,,,,,2,NO INDICATION OF INJURY,0,0,0,0,0,2,0,15,4,7,41.8856214854,-87.6348888715,POINT (-87.634888871539 41.88562148545)
da96dd0e1916eba7b8856b4d33dd8bf1bbb4eebba3c732df6989e8fcd6a900239b16c39c0e7e07420eede7de416b1d30903bfb8a08bebc456356a3394f5c77cf,,07/23/2025 03:10:00 PM,30,UNKNOWN,UNKNOWN,CLEAR,DAYLIGHT,SIDESWIPE SAME DIRECTION,NOT DIVIDED,,STRAIGHT AND LEVEL,DRY,NO DEFECTS,NOT ON SCENE (DESK REPORT),NO INJURY / DRIVE AWAY,,,,"OVER $1,500",07/23/2025 04:45:00 PM,FAILING TO YIELD RIGHT-OF-WAY,NOT APPLICABLE,118,N,JEFFERSON ST,121,,,,,,,2,NO INDICATION OF INJURY,0,0,0,0,0,3,0,15,4,7,41.883800252,-87.6428634855,POINT (-87.642863485455 41.883800252016)
bae8b44f6a8f1915fbe79e0ef06139eb4c5f2051d6c9ffe6032bec5e18d505edd44bf399da0b3d660782d779a05bda09549a018edc090fea52e95bb6a2767262,Y,07/23/2025 03:05:00 PM,30,NO CONTROLS,NO CONTROLS,CLEAR,DAYLIGHT,PARKED MOTOR VEHICLE,NOT DIVIDED,,STRAIGHT AND LEVEL,DRY,NO DEFECTS,ON SCENE,INJURY AND / OR TOW DUE TO CRASH,,,,"OVER $1,500",07/23/2025 03:52:00 PM,UNABLE TO DETERMINE,UNABLE TO DETERMINE,9351,S,DR MARTIN LUTHER KING JR DR,633,,,,,,,2,NONINCAPACITATING INJURY,1,0,0,1,0,0,0,15,4,7,41.7240378284,-87.614052079,POINT (-87.614052079034 41.724037828444)
4808803390a23ee36b37c6e5ee2163cae21a8328a04490d4cbf43a15fdbcac75e6b0409c4dada2dc29e9630bced5d340e4b6892b05326e692616d1fe07da2b96,,07/23/2025 03:00:00 PM,25,NO CONTROLS,NO CONTROLS,CLEAR,DAYLIGHT,SIDESWIPE SAME DIRECTION,DIVIDED - W/MEDIAN (NOT RAISED),,STRAIGHT AND LEVEL,DRY,NO DEFECTS,NOT ON SCENE (DESK REPORT),NO INJURY / DRIVE AWAY,,,,"$501 - $1,500",07/23/2025 09:29:00 PM,IMPROPER TURNING/NO SIGNAL,IMPROPER OVERTAKING/PASSING,3116,W,WASHINGTON BLVD,1222,,,,,,,2,NO INDICATION OF INJURY,0,0,0,0,0,6,0,15,4,7,41.8829218675,-87.7044477659,POINT (-87.704447765942 41.882921867453)
5c84080dc9fab42fcc6a4d398905119896c8ba89d810d304ed17189d80543157da618f019c5a140c0155c7b22c0b820326e9b32e2a73742e37874ea5241ee5a1,,07/23/2025 03:00:00 PM,30,TRAFFIC SIGNAL,FUNCTIONING PROPERLY,CLEAR,DAYLIGHT,REAR END,NOT DIVIDED,,STRAIGHT ON GRADE,DRY,NO DEFECTS,NOT ON SCENE (DESK REPORT),NO INJURY / DRIVE AWAY,,,,"OVER $1,500",07/24/2025 11:30:00 AM,UNABLE TO DETERMINE,NOT APPLICABLE,3954,N,LINCOLN AVE,1922,,,,,,,2,NO INDICATION OF INJURY,0,0,0,0,0,2,0,15,4,7,41.9540604347,-87.6788530846,POINT (-87.678853084639 41.954060434684)
72f7dcc3d9aa39ae80ecea162002662240795d847f81480fe177d287071b88bd3d759bf310a9d7130f835250bb23fb6d41e518df99616fcfce7e7a899eb99879,,07/23/2025 03:00:00 PM,15,UNKNOWN,UNKNOWN,UNKNOWN,UNKNOWN,PARKED MOTOR VEHICLE,PARKING LOT,,STRAIGHT AND LEVEL,UNKNOWN,UNKNOWN,NOT ON SCENE (DESK REPORT),NO INJURY / DRIVE AWAY,,,,"$501 - $1,500",07/23/2025 07:00:00 PM,UNABLE TO DETERMINE,NOT APPLICABLE,7433,N,CLARK ST,2422,,,,,,,2,NO INDICATION OF INJURY,0,0,0,0,0,1,0,15,4,7,42.0168721766,-87.6752086825,POINT (-87.675208682541 42.016872176602)
83a8adc4f7b782dcb8e86a569715bff791e7c1b4c468d411ffbc51a8c5eaa1bee4a3a55513a86ef94f9eb7041721d7c9c90f81882edb8eee7873fb5f6ef009da,Y,07/23/2025 03:00:00 PM,25,NO CONTROLS,NO CONTROLS,CLEAR,DAYLIGHT,SIDESWIPE SAME DIRECTION,NOT DIVIDED,,STRAIGHT AND LEVEL,UNKNOWN,UNKNOWN,NOT ON SCENE (DESK REPORT),NO INJURY / DRIVE AWAY,,,,"OVER $1,500",07/23/2025 03:50:00 PM,UNABLE TO DETERMINE,UNABLE TO DETERMINE,338,N,CENTRAL AVE,1512,,,,,,,2,NO INDICATION OF INJURY,0,0,0,0,0,2,0,15,4,7,41.8869070023,-87.7652464678,POINT (-87.765246467793 41.886907002275)
a2d44fe622956ace56c99f1aba0fa7684ac4ed2b73bc286298ae0dd002959bfe5003e32b58280a01ad8ecc1346e0125b16cb63086748fabd93c0728ff34f7e68,,07/23/2025 03:00:00 PM,30,NO CONTROLS,NO CONTROLS,CLEAR,DAYLIGHT,REAR END,DIVIDED - W/MEDIAN (NOT RAISED),,STRAIGHT AND LEVEL,DRY,NO DEFECTS,NOT ON SCENE (DESK REPORT),NO INJURY / DRIVE AWAY,,,,"OVER $1,500",07/23/2025 07:15:00 PM,FOLLOWING TOO CLOSELY,NOT APPLICABLE,2062,S,KOSTNER AVE,1012,,,,,,,2,NO INDICATION OF INJURY,0,0,0,0,0,2,0,15,4,7,41.8533761201,-87.7347094964,POINT (-87.73470949635 41.853376120126)
c14f0b90e07ad579d6c6af15159436ccc31d2d35967a82f6df7f696fc9133dfca2ef49c418cc6929859b50157b19c48711d179e65b52737997e3e6bc4e80dda7,,07/23/2025 03:00:00 PM,20,NO CONTROLS,NO CONTROLS,CLEAR,DAYLIGHT,FIXED OBJECT,DIVIDED - W/MEDIAN BARRIER,,STRAIGHT AND LEVEL,DRY,UNKNOWN,NOT ON SCENE (DESK REPORT),NO INJURY / DRIVE AWAY,,,,"OVER $1,500",07/24/2025 05:59:00 PM,UNABLE TO DETERMINE,UNABLE TO DETERMINE,2500,W,VAN BUREN ST,1125,,,,,,,1,NO INDICATION OF INJURY,0,0,0,0,0,1,0,15,4,7,41.8761735437,-87.6888011994,POINT (-87.688801199428 41.876173543741)
c67f31c0613febdd7bd4f5a02a1535c07aa253ed37d0051bed2b30d9a58eda45a0c1839ea426bafb8fe36196791d45be154be5ee5563af7f55a02c1b87b83925,,07/23/2025 03:00:00 PM,30,NO CONTROLS,NO CONTROLS,CLEAR,DAYLIGHT,SIDESWIPE SAME DIRECTION,NOT DIVIDED,,STRAIGHT AND LEVEL,DRY,NO DEFECTS,NOT ON SCENE (DESK REPORT),NO INJURY / DRIVE AWAY,,,,"$501 - $1,500",07/23/2025 03:26:00 PM,IMPROPER OVERTAKING/PASSING,NOT APPLICABLE,4798,S,LAWNDALE AVE,821,,,,,,,2,NO INDICATION OF INJURY,0,0,0,0,0,5,0,15,4,7,41.8068307324,-87.716337998,POINT (-87.716337997959 41.806830732417)
95eb5af60ae84431927601b541d449dbd251dd0ad2ed55970a52ac5f0e30a916c14c12b621f1aa7e9ec660a0515d1dcd5533c6cda31160fa5b0da4b22a6bffc5,,07/23/2025 02:53:00 PM,30,TRAFFIC SIGNAL,FUNCTIONING PROPERLY,CLEAR,DAYLIGHT,TURNING,FOUR WAY,,STRAIGHT AND LEVEL,DRY,NO DEFECTS,ON SCENE,INJURY AND / OR TOW DUE TO CRASH,Y,,,"OVER $1,500",07/23/2025 02:55:00 PM,FAILING TO YIELD RIGHT-OF-WAY,UNABLE TO DETERMINE,4001,W,MADISON ST,1115,,Y,,,,,2,"REPORTED, NOT EVIDENT",8,0,0,0,8,0,0,14,4,7,41.8806148421,-87.7257888312,POINT (-87.725788831205 41.880614842122)
7af80cfc63087d9eafdc5221e806793a38bcb08fbd54d883771258157c51a3fdb08b81710eace6bc5ed7f9c2f9169f6c6fd7c357a44e6d7c12781f12f7bffb3d,,07/23/2025 02:50:00 PM,30,TRAFFIC SIGNAL,FUNCTIONING PROPERLY,CLEAR,DAYLIGHT,REAR END,NOT DIVIDED,,STRAIGHT ON GRADE,DRY,NO DEFECTS,NOT ON SCENE (DESK REPORT),NO INJURY / DRIVE AWAY,,,Y,"OVER $1,500",07/23/2025 04:03:00 PM,FAILING TO REDUCE SPEED TO AVOID CRASH,NOT APPLICABLE,7901,S,KEDZIE AVE,835,,,,,,,3,NO INDICATION OF INJURY,0,0,0,0,0,4,0,14,4,7,41.7497284151,-87.7022464674,POINT (-87.702246467369 41.749728415098)
a8c26d3fb280b0f1bfbdd38532a13f8301623c4d9e069c3411c92dd5977a438798df6517fbf95b432ffd74a50175a8de53906d74908849f5fd205bb16f2240d2,,07/23/2025 02:50:00 PM,30,UNKNOWN,UNKNOWN,CLEAR,DAYLIGHT,SIDESWIPE SAME DIRECTION,NOT DIVIDED,,STRAIGHT AND LEVEL,UNKNOWN,UNKNOWN,NOT ON SCENE (DESK REPORT),NO INJURY / DRIVE AWAY,,,,"OVER $1,500",07/23/2025 04:30:00 PM,UNABLE TO DETERMINE,UNABLE TO DETERMINE,190,E,WALTON PL,1833,,,,,,,2,NO INDICATION OF INJURY,0,0,0,0,0,2,0,14,4,7,41.9001488395,-87.6222172814,POINT (-87.622217281358 41.90014883953)
0aab42ed57ffa6f7a26cc34bd3e796e60909000ae58693be1adb33e6395be5172ee5b91c266113607efc5a4447c001fcdf6abec82b089148bb541fa029d225e5,,07/23/2025 02:46:00 PM,30,NO CONTROLS,NO CONTROLS,CLEAR,DAYLIGHT,REAR END,DIVIDED - W/MEDIAN (NOT RAISED),,STRAIGHT AND LEVEL,DRY,NO DEFECTS,ON SCENE,NO INJURY / DRIVE AWAY,,,,"$501 - $1,500",07/23/2025 02:46:00 PM,UNABLE TO DETERMINE,UNABLE TO DETERMINE,2300,W,MONTROSE AVE,1911,,,,,,,2,NO INDICATION OF INJURY,0,0,0,0,0,2,0,14,4,7,41.961446558,-87.6869577756,POINT (-87.686957775635 41.961446558043)
e59d47406265535d5a221558a56960343d7981776cc4095b67ff6fc80765cceace083c029e7681e822db9e08df0419ccd4d1ea2e50adf87d0284f4763bc63f47,,07/23/2025 02:45:00 PM,30,STOP SIGN/FLASHER,FUNCTIONING PROPERLY,CLEAR,DAYLIGHT,TURNING,FOUR WAY,,STRAIGHT AND LEVEL,DRY,NO DEFECTS,NOT ON SCENE (DESK REPORT),NO INJURY / DRIVE AWAY,Y,,,"OVER $1,500",07/23/2025 06:25:00 PM,FAILING TO YIELD RIGHT-OF-WAY,FAILING TO YIELD RIGHT-OF-WAY,5801,N,RAVENSWOOD AVE,2012,,,,,,,2,NO INDICATION OF INJURY,0,0,0,0,0,2,0,14,4,7,41.9867227424,-87.674477072,POINT (-87.674477072006 41.986722742377)
9fe39c3a761eab3c7abc584b6919808dc11de2074570531e6d1490eb7e783014dfbb500eef637089af01527993a545499729ff5acd4c490aa2972f92832d837f,,07/23/2025 02:40:00 PM,30,TRAFFIC SIGNAL,FUNCTIONING PROPERLY,CLEAR,DAYLIGHT,REAR TO FRONT,UNKNOWN,,STRAIGHT AND LEVEL,DRY,NO DEFECTS,ON SCENE,NO INJURY / DRIVE AWAY,,,,$500 OR LESS,07/23/2025 02:40:00 PM,IMPROPER LANE USAGE,NOT APPLICABLE,93,W,LA SALLE DR,1814,,,,,,,2,NO INDICATION OF INJURY,0,0,0,0,0,2,0,14,4,7,41.9132714896,-87.6316459135,POINT (-87.631645913457 41.913271489639)
b47bc86690a798693dcdadb916fd6da1afdb2ba27219ea9df211378ce1891c29aa8cfd166f5a4bddc869db27c3d93548efb105c3a69baa0ffa09dfe1c7a4dfe6,,07/23/2025 02:34:00 PM,30,NO CONTROLS,NO CONTROLS,CLEAR,DAYLIGHT,PARKED MOTOR VEHICLE,NOT DIVIDED,,STRAIGHT AND LEVEL,DRY,"RUT, HOLES",ON SCENE,INJURY AND / OR TOW DUE TO CRASH,,,,"OVER $1,500",07/23/2025 02:55:00 PM,UNABLE TO DETERMINE,UNABLE TO DETERMINE,2727,N,OAK PARK AVE,2512,,,,N,,,3,NO INDICATION OF INJURY,0,0,0,0,0,1,0,14,4,7,41.9298900884,-87.7952888892,POINT (-87.795288889156 41.929890088421)
61a2897a5dfd8d93558fd5d44461ced431e4d502e839f2f89866ff221a26067d7f189e75a209b72cd5a4226da03c1f03c7e7807936e5a4b97013dea56778a715,,07/23/2025 02:30:00 PM,30,NO CONTROLS,NO CONTROLS,CLEAR,DAYLIGHT,TURNING,ONE-WAY,,STRAIGHT AND LEVEL,DRY,NO DEFECTS,NOT ON SCENE (DESK REPORT),NO INJURY / DRIVE AWAY,,,,"OVER $1,500",07/23/2025 02:46:00 PM,IMPROPER TURNING/NO SIGNAL,NOT APPLICABLE,608,N,RACINE AVE,1214,,,,,,,2,NO INDICATION OF INJURY,0,0,0,0,0,2,0,14,4,7,41.8929466341,-87.6575778695,POINT (-87.657577869531 41.892946634142)
6e436f47c7fb4ad68eb9e1287d7c60d4496187fd6e27bc572d1fc740478162eedf515b93c69a917d534ac4550bbd32f1301a9f31bd1b1305d8b6bc776b830d9d,,07/23/2025 02:30:00 PM,30,NO CONTROLS,NO CONTROLS,CLEAR,DAYLIGHT,SIDESWIPE SAME DIRECTION,NOT DIVIDED,,STRAIGHT AND LEVEL,OTHER,UNKNOWN,NOT ON SCENE (DESK REPORT),NO INJURY / DRIVE AWAY,,,,"$501 - $1,500",07/23/2025 03:30:00 PM,UNABLE TO DETERMINE,NOT APPLICABLE,4006,W,66TH ST,833,,,,,,,2,NO INDICATION OF INJURY,0,0,0,0,0,4,0,14,4,7,41.7732976772,-87.7229599515,POINT (-87.722959951451 41.773297677228)
9bb2e5eadd9c4fc0022925f10d934455104ab9f2daf65f6e1d34ec684b2bcc2de971441c99fc0d8909b76ef90b4f451b8ae68f53d6dfd74424700b68ba6cec93,,07/23/2025 02:30:00 PM,30,NO CONTROLS,NO CONTROLS,UNKNOWN,UNKNOWN,TURNING,DIVIDED - W/MEDIAN (NOT RAISED),,STRAIGHT AND LEVEL,UNKNOWN,UNKNOWN,NOT ON SCENE (DESK REPORT),NO INJURY / DRIVE AWAY,N,,,"$501 - $1,500",07/23/2025 02:50:00 PM,IMPROPER LANE USAGE,IMPROPER LANE USAGE,601,N,RACINE AVE,1214,,,,,,,2,NO INDICATION OF INJURY,0,0,0,0,0,2,0,14,4,7,41.8922157084,-87.6572664492,POINT (-87.657266449213 41.892215708387)
e41838c0085d4027f7e88e335a8ea50cf129e1ce60f10b0606caee20e3e1cf831b580b77233e4e70a6a773247f151eea818cf7b680163f203cf420b78bd227ac,,07/23/2025 02:30:00 PM,30,NO CONTROLS,NO CONTROLS,UNKNOWN,UNKNOWN,PEDALCYCLIST,DIVIDED - W/MEDIAN (NOT RAISED),,STRAIGHT AND LEVEL,UNKNOWN,UNKNOWN,NOT ON SCENE (DESK REPORT),INJURY AND / OR TOW DUE TO CRASH,,,,"OVER $1,500",07/24/2025 05:30:00 PM,UNABLE TO DETERMINE,UNABLE TO DETERMINE,3928,N,KIMBALL AVE,1732,,,Y,,,,2,NONINCAPACITATING INJURY,1,0,0,1,0,0,0,14,4,7,41.9529164089,-87.7130186153,POINT (-87.713018615252 41.952916408865)
ca571b578d9183e574f163eeecfe6601a2208e959102875838d11e1767a86f037b1059c0be398a4baac1588fed5a344b69d8bf565d8ceaed369ee18b65722c35,,07/23/2025 02:27:00 PM,30,STOP SIGN/FLASHER,FUNCTIONING PROPERLY,UNKNOWN,UNKNOWN,TURNING,FOUR WAY,,STRAIGHT AND LEVEL,UNKNOWN,UNKNOWN,NOT ON SCENE (DESK REPORT),NO INJURY / DRIVE AWAY,Y,,,"$501 - $1,500",07/23/2025 04:00:00 PM,UNABLE TO DETERMINE,NOT APPLICABLE,5800,N,RAVENSWOOD AVE,2012,,,,,,,2,NO INDICATION OF INJURY,0,0,0,0,0,2,0,14,4,7,41.9867968281,-87.6747540582,POINT (-87.674754058202 41.986796828094)
3219ad9c2ae45720aadb98df5067c4183d7377813bc892e8ed2ff300c01105342fd9aa65e456a6c8a8978b6b61fc6f8bb7bb5d298ef2ca7b89236a5445390cd0,,07/23/2025 02:20:00 PM,35,NO CONTROLS,NO CONTROLS,CLEAR,DAYLIGHT,SIDESWIPE SAME DIRECTION,NOT DIVIDED,,STRAIGHT AND LEVEL,DRY,NO DEFECTS,NOT ON SCENE (DESK REPORT),NO INJURY / DRIVE AWAY,,,,"$501 - $1,500",07/23/2025 03:45:00 PM,UNABLE TO DETERMINE,NOT APPLICABLE,3800,N,HARLEM AVE,1631,,,,,,,2,NO INDICATION OF INJURY,0,0,0,0,0,2,0,14,4,7,41.948987377,-87.8072841836,POINT (-87.807284183553 41.948987377046)
5579ac962a164053ae3edcaec496b3adb30dc767cecd6660623bc4e931034532427607be044bfc37d0eaf104bde8b01a89c10a0cc975a3e6e2b5f1cae51f11ee,,07/23/2025 02:15:00 PM,30,NO CONTROLS,NO CONTROLS,CLEAR,DAYLIGHT,SIDESWIPE OPPOSITE DIRECTION,FOUR WAY,,STRAIGHT AND LEVEL,DRY,NO DEFECTS,NOT ON SCENE (DESK REPORT),NO INJURY / DRIVE AWAY,Y,,,"OVER $1,500",07/23/2025 03:20:00 PM,UNABLE TO DETERMINE,NOT APPLICABLE,10900,S,HALSTED ST,2233,,,,,,,2,NO INDICATION OF INJURY,0,0,0,0,0,2,0,14,4,7,41.6959040646,-87.6426357142,POINT (-87.642635714198 41.695904064634)