CRASH_RECORD_ID,CRASH_DATE_EST_I,CRASH_DATE,POSTED_SPEED_LIMIT,TRAFFIC_CONTROL_DEVICE,DEVICE_CONDITION,WEATHER_CONDITION,LIGHTING_CONDITION,FIRST_CRASH_TYPE,TRAFFICWAY_TYPE,LANE_CNT,ALIGNMENT,ROADWAY_SURFACE_COND,ROAD_DEFECT,REPORT_TYPE,CRASH_TYPE,INTERSECTION_RELATED_I,NOT_RIGHT_OF_WAY_I,HIT_AND_RUN_I,DAMAGE,DATE_POLICE_NOTIFIED,PRIM_CONTRIBUTORY_CAUSE,SEC_CONTRIBUTORY_CAUSE,STREET_NO,STREET_DIRECTION,STREET_NAME,BEAT_OF_OCCURRENCE,PHOTOS_TAKEN_I,STATEMENTS_TAKEN_I,DOORING_I,WORK_ZONE_I,WORK_ZONE_TYPE,WORKERS_PRESENT_I,NUM_UNITS,MOST_SEVERE_INJURY,INJURIES_TOTAL,INJURIES_FATAL,INJURIES_INCAPACITATING,INJURIES_NON_INCAPACITATING,INJURIES_REPORTED_NOT_EVIDENT,INJURIES_NO_INDICATION,INJURIES_UNKNOWN,CRASH_HOUR,CRASH_DAY_OF_WEEK,CRASH_MONTH,LATITUDE,LONGITUDE,LOCATION
98a7d40b4074f2e45fb40407f039e0791f5cdbb82dc583e1fcf19ec830125c58fae24320ea9db2ffda23e63982fcc470ab66fbc781ee413af538228ffb316f21,,07/23/2025 02:15:00 PM,30,UNKNOWN,UNKNOWN,CLEAR,DAYLIGHT,SIDESWIPE SAME DIRECTION,NOT DIVIDED,,STRAIGHT AND LEVEL,UNKNOWN,UNKNOWN,NOT ON SCENE (DESK REPORT),NO INJURY / DRIVE AWAY,,,,"OVER $1,500",07/23/2025 03:00:00 PM,UNABLE TO DETERMINE,UNABLE TO DETERMINE,820,N,LA SALLE DR,1832,,,,,,,2,NO INDICATION OF INJURY,0,0,0,0,0,2,0,14,4,7,41.8972543989,-87.6328683616,POINT (-87.632868361606 41.897254398892)
e262bd67d48e8e794ccf1d2923cf3cd29e569785ea398f6dda55180e986de5ff56bb68a67e11c1880f25ab9bf5d6af9b8a8030657b19229fde0a2340e0994117,,07/23/2025 02:15:00 PM,30,UNKNOWN,UNKNOWN,CLEAR,DAYLIGHT,ANGLE,FOUR WAY,,STRAIGHT AND LEVEL,DRY,UNKNOWN,ON SCENE,NO INJURY / DRIVE AWAY,,,,"OVER $1,500",07/23/2025 02:43:00 PM,FAILING TO YIELD RIGHT-OF-WAY,NOT APPLICABLE,7900,S,VERNON AVE,624,,,,,,,2,NO INDICATION OF INJURY,0,0,0,0,0,4,0,14,4,7,41.7510457019,-87.6138577197,POINT (-87.613857719748 41.751045701871)
f7f9f053bce94b7e7d9570976b0eedc5e765498672ada86c7ec1673f15a3a13b17846cfd41758327af457c84bd650d5d22a5e1bc73751e6fc39af86f3ce3ad5a,,07/23/2025 02:15:00 PM,40,NO CONTROLS,NO CONTROLS,CLEAR,DAYLIGHT,SIDESWIPE SAME DIRECTION,DIVIDED - W/MEDIAN BARRIER,,STRAIGHT AND LEVEL,DRY,NO DEFECTS,ON SCENE,NO INJURY / DRIVE AWAY,,,,"$501 - $1,500",07/23/2025 02:20:00 PM,FAILING TO YIELD RIGHT-OF-WAY,NOT APPLICABLE,400,N,LOWER LAKE SHORE DR,1834,,,,,,,2,NO INDICATION OF INJURY,0,0,0,0,0,2,0,14,4,7,,,
c07986cc47658d173febeb92d129efa9ca154b0de803ca5f8f062a94dd5a31ca7659b1e77a62afb6943ccf8c90877f5947b38ef3ea8c0b0f5a2b237d7399e4b9,,07/23/2025 02:12:00 PM,25,NO CONTROLS,NO CONTROLS,CLEAR,DAYLIGHT,PARKED MOTOR VEHICLE,NOT DIVIDED,,STRAIGHT AND LEVEL,DRY,UNKNOWN,ON SCENE,NO INJURY / DRIVE AWAY,,,,"$501 - $1,500",07/23/2025 02:13:00 PM,UNABLE TO DETERMINE,NOT APPLICABLE,12034,S,YALE AVE,523,,,,,,,2,NO INDICATION OF INJURY,0,0,0,0,0,2,0,14,4,7,41.6750958232,-87.6287295448,POINT (-87.62872954484 41.675095823236)
ad06a4314791822d57f5dc9c1bd357b1ae2a9df5ba2026213cb6842286fab98640273de6465c62f50b75bcf4b523dffcfc10e22a7fc4445709a0693d56229dc1,,07/23/2025 02:11:00 PM,30,OTHER,OTHER,CLEAR,DAYLIGHT,PARKED MOTOR VEHICLE,PARKING LOT,,STRAIGHT AND LEVEL,DRY,UNKNOWN,ON SCENE,NO INJURY / DRIVE AWAY,,Y,Y,"OVER $1,500",07/23/2025 02:45:00 PM,DRIVING SKILLS/KNOWLEDGE/EXPERIENCE,IMPROPER BACKING,2425,S,WALLACE ST,914,,,,,,,2,NO INDICATION OF INJURY,0,0,0,0,0,1,0,14,4,7,41.8485874803,-87.6417838044,POINT (-87.641783804448 41.848587480306)
6ca8d002d5ca359b9ff97c9adf3984c9de90716600835c37ca14141a4971faf925bc454925b35af8c8d5bc2122a77761849f3c51ffdc3a7998e58eaad0d88c9b,,07/23/2025 02:10:00 PM,40,NO CONTROLS,NO CONTROLS,CLEAR,DAYLIGHT,SIDESWIPE SAME DIRECTION,DIVIDED - W/MEDIAN BARRIER,,STRAIGHT AND LEVEL,DRY,NO DEFECTS,NOT ON SCENE (DESK REPORT),NO INJURY / DRIVE AWAY,,,,"$501 - $1,500",07/24/2025 09:00:00 AM,UNABLE TO DETERMINE,NOT APPLICABLE,1100,N,LAKE SHORE DR NB,1824,,,,,,,2,NO INDICATION OF INJURY,0,0,0,0,0,3,0,14,4,7,41.9024816462,-87.6242210436,POINT (-87.624221043591 41.902481646226)
bcb8d2cea6233006441bf78f7d0580f882419bf52538dd78051724920adebc7573bdaf92b09d60016d6c9f50a2056169053020fd9f548f9d58d554c115b1e284,,07/23/2025 02:06:00 PM,20,NO CONTROLS,NO CONTROLS,CLEAR,DAYLIGHT,PARKED MOTOR VEHICLE,ONE-WAY,,STRAIGHT AND LEVEL,DRY,OTHER,ON SCENE,INJURY AND / OR TOW DUE TO CRASH,,,,"OVER $1,500",07/23/2025 02:06:00 PM,NOT APPLICABLE,NOT APPLICABLE,917,N,LONG AVE,1524,N,,,,,,2,NO INDICATION OF INJURY,0,0,0,0,0,2,0,14,4,7,41.8972325403,-87.7605747486,POINT (-87.760574748567 41.897232540342)
9d0d70880f13031af6dc9199717af0de81e9bb129e4072704db7d9a3662755cb2304e22a69b483d88c27668da2e67f25d91b5b075416b4575557d7278c1aeb00,,07/23/2025 02:05:00 PM,25,TRAFFIC SIGNAL,FUNCTIONING PROPERLY,CLEAR,DAYLIGHT,PEDESTRIAN,NOT DIVIDED,,STRAIGHT AND LEVEL,DRY,NO DEFECTS,NOT ON SCENE (DESK REPORT),INJURY AND / OR TOW DUE TO CRASH,Y,,,"$501 - $1,500",07/23/2025 02:45:00 PM,UNABLE TO DETERMINE,UNABLE TO DETERMINE,1200,S,KEDZIE AVE,1022,,,,,,,2,NONINCAPACITATING INJURY,2,0,0,2,0,0,0,14,4,7,41.866311478,-87.7058135163,POINT (-87.705813516338 41.866311477977)
012bbc9f7013cdebb5f78a1070b60a7d26c257b21034d4a9f541217fb56446887ab4557b93feda0c5e30efd3021410f0562a591f253e1e9d135621da8ed0aa53,,07/23/2025 02:00:00 PM,30,NO CONTROLS,NO CONTROLS,CLEAR,DAYLIGHT,SIDESWIPE SAME DIRECTION,NOT DIVIDED,,STRAIGHT AND LEVEL,DRY,NO DEFECTS,NOT ON SCENE (DESK REPORT),NO INJURY / DRIVE AWAY,,,,"$501 - $1,500",07/26/2025 12:15:00 PM,UNABLE TO DETERMINE,UNABLE TO DETERMINE,3945,W,PETERSON AVE,1711,,,,,,,2,NO INDICATION OF INJURY,0,0,0,0,0,2,0,14,4,7,41.99003489,-87.7279802799,POINT (-87.727980279869 41.990034890015)
0208b79acb98242ee842faa0af075061f1a9b8735282186ab675c1b21b855b9272de655ed0bc18b605bc55a35598fe420a075cf1e3006ffef015cc4db3e3ee50,,07/23/2025 02:00:00 PM,20,NO CONTROLS,NO CONTROLS,CLEAR,DAYLIGHT,TURNING,OTHER,,STRAIGHT AND LEVEL,DRY,NO DEFECTS,ON SCENE,NO INJURY / DRIVE AWAY,,,,"$501 - $1,500",07/23/2025 02:05:00 PM,IMPROPER TURNING/NO SIGNAL,NOT APPLICABLE,850,W,OHARE ST,1654,,,,,,,2,NO INDICATION OF INJURY,0,0,0,0,0,2,0,14,4,7,,,
085db2c3ca1cfbbe67656aedf6a0923f7709d190a7ee6b0f4b760c0290f03cd79600b49599ebd2e53986bb6da0e9d3f9d4c464540d4ad95eb8e3a0c064fb5525,,07/23/2025 02:00:00 PM,30,NO CONTROLS,NO CONTROLS,UNKNOWN,DAYLIGHT,PARKED MOTOR VEHICLE,NOT DIVIDED,,STRAIGHT AND LEVEL,DRY,NO DEFECTS,NOT ON SCENE (DESK REPORT),NO INJURY / DRIVE AWAY,,,Y,"$501 - $1,500",08/05/2025 11:35:00 AM,IMPROPER LANE USAGE,NOT APPLICABLE,1206,N,CENTRAL AVE,2531,,,,,,,2,NO INDICATION OF INJURY,0,0,0,0,0,1,0,14,4,7,41.9023598231,-87.7658052219,POINT (-87.765805221946 41.902359823073)
53e8e98727657007efc2e283b24e34ca797087d6e6ca2850f759cca9c9f1e1493c6f276428439136818cee20a27348d02c0baffd02e1f7e741da483b982e9a85,,07/23/2025 02:00:00 PM,30,NO CONTROLS,NO CONTROLS,CLEAR,DAYLIGHT,PARKED MOTOR VEHICLE,NOT DIVIDED,,STRAIGHT AND LEVEL,DRY,NO DEFECTS,NOT ON SCENE (DESK REPORT),NO INJURY / DRIVE AWAY,,,,"$501 - $1,500",07/23/2025 04:10:00 PM,UNABLE TO DETERMINE,UNABLE TO DETERMINE,8053,W,IRVING PARK RD,1631,,,,,,,2,NO INDICATION OF INJURY,0,0,0,0,0,1,0,14,4,7,41.9521239787,-87.8290279277,POINT (-87.82902792772 41.952123978662)
bb9dd7f3928b3dda5c0231fee3d88cdb1f974bf34dbcc6b221b037def4f60d45c2d284e5a37c90aa9161b5a4ae015fd7b643a85ee406edee4bdf182224526980,,07/23/2025 02:00:00 PM,15,NO CONTROLS,NO CONTROLS,CLEAR,DAYLIGHT,PARKED MOTOR VEHICLE,PARKING LOT,,STRAIGHT AND LEVEL,DRY,NO DEFECTS,NOT ON SCENE (DESK REPORT),NO INJURY / DRIVE AWAY,,Y,,"OVER $1,500",07/23/2025 07:12:00 PM,UNABLE TO DETERMINE,UNABLE TO DETERMINE,4626,W,DIVERSEY AVE,2521,,,,,,,2,NO INDICATION OF INJURY,0,0,0,0,0,1,0,14,4,7,41.9316889194,-87.7430169468,POINT (-87.743016946831 41.931688919351)
cf7ecd975ca7471f5d0c225cf7cefa4e2214b450c64f8d110347e943c13f980a5c90aeedaa7edb3fe053df0dfc555880f70dc8f73cb372fe8349b17e1dad9adf,,07/23/2025 02:00:00 PM,30,TRAFFIC SIGNAL,FUNCTIONING PROPERLY,CLEAR,DAYLIGHT,REAR END,DIVIDED - W/MEDIAN BARRIER,,STRAIGHT AND LEVEL,DRY,NO DEFECTS,NOT ON SCENE (DESK REPORT),NO INJURY / DRIVE AWAY,,,,"OVER $1,500",07/24/2025 04:40:00 PM,FOLLOWING TOO CLOSELY,NOT APPLICABLE,121,W,WACKER DR,122,,,,,,,2,NO INDICATION OF INJURY,0,0,0,0,0,2,0,14,4,7,41.8867064726,-87.6317409454,POINT (-87.631740945436 41.886706472621)
1cb0cdb604be8d0111550509168ff3ae5a29e5c4c94f07567b536b7b79e0a14d99d220bb1d2795e969265a4992049b6c6ac0d4ae4461a4ee66aab77dbc78aaf4,,07/23/2025 01:55:00 PM,30,TRAFFIC SIGNAL,FUNCTIONING PROPERLY,CLEAR,DAYLIGHT,SIDESWIPE SAME DIRECTION,ONE-WAY,,STRAIGHT AND LEVEL,DRY,NO DEFECTS,ON SCENE,INJURY AND / OR TOW DUE TO CRASH,,,Y,"OVER $1,500",07/23/2025 01:58:00 PM,UNABLE TO DETERMINE,NOT APPLICABLE,359,W,RANDOLPH ST,122,,,,,,,2,NONINCAPACITATING INJURY,1,0,0,1,0,1,0,13,4,7,41.8843516001,-87.6370105109,POINT (-87.637010510915 41.88435160012)
132fef4f45eafb3c05188f821782e530b70468461bd870172813a78a3d4bd552772187a73058aef92e26dab78c0431ce82b5e0310f30066943fc47cf8ba2a452,,07/23/2025 01:50:00 PM,30,OTHER RAILROAD CROSSING,NO CONTROLS,CLEAR,DAYLIGHT,PEDESTRIAN,T-INTERSECTION,,STRAIGHT AND LEVEL,UNKNOWN,UNKNOWN,NOT ON SCENE (DESK REPORT),INJURY AND / OR TOW DUE TO CRASH,,,,$500 OR LESS,07/23/2025 03:30:00 PM,UNABLE TO DETERMINE,UNABLE TO DETERMINE,2300,E,71ST ST,331,,,,,,,2,NONINCAPACITATING INJURY,1,0,0,1,0,1,0,13,4,7,41.7664135072,-87.5697441682,POINT (-87.569744168209 41.766413507169)
aa8ad9f90ecc0c2481d57b7d908bb09aeef044a3457995d46e7c8f4190a479b932cf1b4aec1c48e8c3b9cdce4abafde408a08aa172e052f6b5e1923f8c7fabf6,,07/23/2025 01:48:00 PM,35,TRAFFIC SIGNAL,FUNCTIONING PROPERLY,CLEAR,DAYLIGHT,REAR END,DIVIDED - W/MEDIAN (NOT RAISED),,STRAIGHT AND LEVEL,DRY,NO DEFECTS,ON SCENE,INJURY AND / OR TOW DUE TO CRASH,,,,"OVER $1,500",07/23/2025 01:48:00 PM,PHYSICAL CONDITION OF DRIVER,NOT APPLICABLE,10305,S,PULASKI RD,2211,,,,,,,2,"REPORTED, NOT EVIDENT",1,0,0,0,1,3,0,13,4,7,41.7056722711,-87.720762263,POINT (-87.720762263037 41.705672271087)
3c38cabbf947717c13ef3f5f3ecb7b422fccbe6339281e14d3466767bac9c0d3527ee86905a8fa6ce378e30982cbef87412327512cb067c443385c95330950df,,07/23/2025 01:40:00 PM,30,UNKNOWN,UNKNOWN,CLEAR,DAYLIGHT,REAR END,NOT DIVIDED,,STRAIGHT AND LEVEL,DRY,NO DEFECTS,NOT ON SCENE (DESK REPORT),NO INJURY / DRIVE AWAY,,,,"OVER $1,500",07/23/2025 03:12:00 PM,FOLLOWING TOO CLOSELY,NOT APPLICABLE,4000,N,LINCOLN AVE,1911,,,,,,,2,NO INDICATION OF INJURY,0,0,0,0,0,2,0,13,4,7,41.9541246748,-87.6788974772,POINT (-87.678897477238 41.954124674803)
777f5439c14e0110f46af0e6fd1cb2a9fd64283c9b6bab9379b1cd30386c83f74e00cf339f2479040d78051908d5a84ff1ac236acb463630f1a26f5c030f2b1c,Y,07/23/2025 01:40:00 PM,30,NO CONTROLS,NO CONTROLS,CLEAR,DAYLIGHT,PARKED MOTOR VEHICLE,PARKING LOT,,STRAIGHT ON GRADE,DRY,NO DEFECTS,NOT ON SCENE (DESK REPORT),NO INJURY / DRIVE AWAY,,Y,,"OVER $1,500",07/23/2025 02:07:00 PM,UNABLE TO DETERMINE,NOT APPLICABLE,2840,W,NORTH AVE,1421,,,,,,,2,NO INDICATION OF INJURY,0,0,0,0,0,1,0,13,4,7,41.9103126838,-87.6986450567,POINT (-87.698645056731 41.910312683792)
f3bd2fbcd53509fbeb11d6abfcf44ff40dabe76306e1e061fe096b571c7e53b9787797b36f580c8266ecd9c57ce287a8f30b092b397260db6136a800860b900b,,07/23/2025 01:40:00 PM,30,UNKNOWN,UNKNOWN,CLEAR,DAYLIGHT,PARKED MOTOR VEHICLE,UNKNOWN,,STRAIGHT AND LEVEL,DRY,UNKNOWN,NOT ON SCENE (DESK REPORT),NO INJURY / DRIVE AWAY,,,Y,"OVER $1,500",07/23/2025 02:55:00 PM,UNABLE TO DETERMINE,UNABLE TO DETERMINE,640,E,41ST ST,214,,,,,,,2,NO INDICATION OF INJURY,0,0,0,0,0,1,0,13,4,7,41.8204445518,-87.61016803,POINT (-87.610168029993 41.820444551804)
fbd320105370f25683055333defe713a6cdcc9ca9c5754b50973c380385865b3a5e475ca5ecb0a4086ecdf26ebcbe719e22ce3863e83f68457facef18dd3243c,,07/23/2025 01:34:00 PM,30,TRAFFIC SIGNAL,FUNCTIONING PROPERLY,CLEAR,DAYLIGHT,REAR END,NOT DIVIDED,,STRAIGHT AND LEVEL,DRY,NO DEFECTS,,INJURY AND / OR TOW DUE TO CRASH,,,,"$501 - $1,500",07/23/2025 02:50:00 PM,FOLLOWING TOO CLOSELY,NOT APPLICABLE,6333,S,CICERO AVE,813,,,,,,,2,NONINCAPACITATING INJURY,1,0,0,1,0,2,0,13,4,7,41.777436085,-87.7421135824,POINT (-87.742113582426 41.77743608499)
fe02132f5d7124fe22a3f23039c716a8d5c78db1f810019b000763322649a3fbfbbccabfa9816083e76c8ef0b7c03af978f71b33ce92b8bc82ee1b9bda1198b4,Y,07/23/2025 01:33:00 PM,25,TRAFFIC SIGNAL,FUNCTIONING PROPERLY,CLEAR,DAYLIGHT,REAR END,NOT DIVIDED,,STRAIGHT AND LEVEL,DRY,UNKNOWN,NOT ON SCENE (DESK REPORT),INJURY AND / OR TOW DUE TO CRASH,,,,"OVER $1,500",07/23/2025 02:00:00 PM,UNABLE TO DETERMINE,UNABLE TO DETERMINE,957,N,LARAMIE AVE,1531,,,,,,,2,NONINCAPACITATING INJURY,1,0,0,1,0,2,0,13,4,7,41.8984358745,-87.7555403185,POINT (-87.755540318528 41.89843587453)
04cac1a7c3f16b7f1f60bc344769c8a7e3eea88465311e8e87ec748a787d86f7ece06c689e912f5b99a06b488e82aa898e331a7c3349f0ccc8e22a4398e2c7a0,,07/23/2025 01:30:00 PM,10,NO CONTROLS,NO CONTROLS,CLEAR,DAYLIGHT,PARKED MOTOR VEHICLE,PARKING LOT,,STRAIGHT AND LEVEL,DRY,NO DEFECTS,NOT ON SCENE (DESK REPORT),NO INJURY / DRIVE AWAY,,,Y,"OVER $1,500",07/28/2025 01:17:00 PM,UNABLE TO DETERMINE,NOT APPLICABLE,5130,W,63RD ST,813,,,,,,,2,NO INDICATION OF INJURY,0,0,0,0,0,1,0,13,4,7,41.778375551,-87.7507325629,POINT (-87.750732562886 41.778375551031)
0d22ff1f8a9e43f4f6b727e6efa92ae2415af94f71348222acaa5c5eaff0d6aa5437ae6752552ad9b9b4e473cad7aee4521dd7ef07bd29e838505fe92dfe2682,,07/23/2025 01:30:00 PM,30,NO CONTROLS,NO CONTROLS,CLEAR,DAYLIGHT,SIDESWIPE SAME DIRECTION,NOT DIVIDED,,STRAIGHT AND LEVEL,DRY,NO DEFECTS,NOT ON SCENE (DESK REPORT),NO INJURY / DRIVE AWAY,,,Y,"OVER $1,500",07/23/2025 01:40:00 PM,IMPROPER LANE USAGE,IMPROPER LANE USAGE,9900,S,HALSTED ST,2232,,,,,,,2,NO INDICATION OF INJURY,0,0,0,0,0,2,0,13,4,7,41.7141188681,-87.6431454082,POINT (-87.643145408182 41.71411886809)
7bad75904ab8ecd086629ba3d83a913f6820403e672da3b5ab58ae9dac5e0e2daa123686493c375290c715ad491b179c8ba82e0f408ac6d24133f42952a7282c,,07/23/2025 01:20:00 PM,25,STOP SIGN/FLASHER,FUNCTIONING PROPERLY,CLEAR,DAYLIGHT,SIDESWIPE SAME DIRECTION,DIVIDED - W/MEDIAN (NOT RAISED),,STRAIGHT AND LEVEL,DRY,NO DEFECTS,ON SCENE,INJURY AND / OR TOW DUE TO CRASH,,,,"OVER $1,500",07/23/2025 01:25:00 PM,FAILING TO YIELD RIGHT-OF-WAY,FAILING TO YIELD RIGHT-OF-WAY,752,E,115TH ST,531,,,,,,,2,NO INDICATION OF INJURY,0,0,0,0,0,2,0,13,4,7,41.6858031274,-87.6038129528,POINT (-87.603812952843 41.685803127366)
f4353c395b6610e70f742da36a0ce978f6c269f056b84fea6fc8398dfbd11e6bb5298207ceddbb2f6c7f98997abb288f337d9dd4706ff8622377920aa01c6379,,07/23/2025 01:20:00 PM,30,TRAFFIC SIGNAL,FUNCTIONING PROPERLY,CLEAR,DAYLIGHT,SIDESWIPE SAME DIRECTION,DIVIDED - W/MEDIAN (NOT RAISED),,STRAIGHT AND LEVEL,DRY,NO DEFECTS,ON SCENE,NO INJURY / DRIVE AWAY,,,,"OVER $1,500",07/23/2025 01:22:00 PM,UNABLE TO DETERMINE,NOT APPLICABLE,1602,N,ELSTON AVE,1433,,,,,,,2,NO INDICATION OF INJURY,0,0,0,0,0,3,0,13,4,7,41.910755746,-87.6623611429,POINT (-87.662361142949 41.910755745974)
891da87e737c141b7a49b41bf1823af2bfb6f8b4cfc7f072b4a12636e4f3f241f52b4288781433462cf63979b2aa83bf167efe44d8773eea8b155a12a4760b11,,07/23/2025 01:18:00 PM,20,TRAFFIC SIGNAL,FUNCTIONING PROPERLY,CLEAR,DAYLIGHT,OTHER OBJECT,NOT DIVIDED,,STRAIGHT AND LEVEL,DRY,NO DEFECTS,ON SCENE,INJURY AND / OR TOW DUE TO CRASH,,,,"OVER $1,500",07/23/2025 01:25:00 PM,FAILING TO YIELD RIGHT-OF-WAY,NOT APPLICABLE,935,E,63RD ST,314,,,,,,,2,NONINCAPACITATING INJURY,1,0,0,1,0,1,0,13,4,7,41.7803514586,-87.6016369106,POINT (-87.601636910566 41.780351458608)
25f169a90cf6b90d418ec5915e633e7f4991277a7651bdbbb0684af2f380758d7e684a9cf0e9a66aa7f2b5ad39b8d12f7293d5dd60a587f15f47dd994f511875,,07/23/2025 01:10:00 PM,30,NO CONTROLS,NO CONTROLS,CLEAR,DAYLIGHT,PARKED MOTOR VEHICLE,NOT DIVIDED,,STRAIGHT AND LEVEL,DRY,NO DEFECTS,NOT ON SCENE (DESK REPORT),NO INJURY / DRIVE AWAY,,,,"OVER $1,500",07/23/2025 02:44:00 PM,IMPROPER TURNING/NO SIGNAL,UNABLE TO DETERMINE,2828,N,CENTRAL AVE,2514,,,,,,,2,NO INDICATION OF INJURY,0,0,0,0,0,2,0,13,4,7,41.9321576791,-87.7664245988,POINT (-87.766424598831 41.932157679148)
2eebfad6eabeeeb65510219ff7c436ebfcd5e69c432a60768803bdd709fd93ae130b732b91b9745fa15cfa2eacc7671b8e12e5d067f2e9cf66489258f0e4193d,,07/23/2025 01:05:00 PM,35,NO CONTROLS,NO CONTROLS,CLEAR,DAYLIGHT,REAR END,NOT DIVIDED,,STRAIGHT AND LEVEL,DRY,NO DEFECTS,NOT ON SCENE (DESK REPORT),NO INJURY / DRIVE AWAY,,,,"$501 - $1,500",07/24/2025 09:25:00 AM,UNABLE TO DETERMINE,UNABLE TO DETERMINE,1520,W,FULLERTON AVE,1932,,,,,,,2,NO INDICATION OF INJURY,0,0,0,0,0,2,0,13,4,7,41.9252823144,-87.6666170775,POINT (-87.666617077535 41.925282314355)
9b750350095c3494b9c50e68add01299c82b980296c640b9d2c17fbd66f9b9256bddcadb82daedbd4d977a5ad84c29059ab41f4592c279d0d801e061f2c980eb,,07/23/2025 01:05:00 PM,30,NO CONTROLS,NO CONTROLS,CLEAR,DAYLIGHT,SIDESWIPE SAME DIRECTION,ONE-WAY,,STRAIGHT AND LEVEL,DRY,NO DEFECTS,ON SCENE,NO INJURY / DRIVE AWAY,,,,"OVER $1,500",07/23/2025 01:30:00 PM,UNABLE TO DETERMINE,NOT APPLICABLE,10000,W,OHARE ST,1651,,,,,,,2,NO INDICATION OF INJURY,0,0,0,0,0,2,0,13,4,7,41.976201139,-87.9053091251,POINT (-87.905309125103 41.976201139024)
01635666f0e34b86fce2d83310141c995a0f8e19c91be77bbf89b42497e402294c72e08a0569af9bcdc94088a56e09efd8fb85a2c229b14dd0d8aec8392e7995,,07/23/2025 01:00:00 PM,20,UNKNOWN,UNKNOWN,CLEAR,DAYLIGHT,SIDESWIPE SAME DIRECTION,FOUR WAY,,STRAIGHT AND LEVEL,DRY,UNKNOWN,NOT ON SCENE (DESK REPORT),NO INJURY / DRIVE AWAY,Y,,,"$501 - $1,500",07/23/2025 01:45:00 PM,UNABLE TO DETERMINE,UNABLE TO DETERMINE,7300,S,STONY ISLAND AVE,324,,,,,,,2,NO INDICATION OF INJURY,0,0,0,0,0,2,0,13,4,7,41.7623619184,-87.5863772347,POINT (-87.586377234748 41.762361918371)
5f5c48f4c789704a1ddd46f8e842d905e3b5be0e463994adbe0c07628348a04a24a0b6b9cfefcf4ca5e95629cda124a1d03a2b34f035a98b4c38b9d0a2d8d2de,,07/23/2025 01:00:00 PM,30,NO CONTROLS,NO CONTROLS,CLEAR,DAYLIGHT,PARKED MOTOR VEHICLE,NOT DIVIDED,,STRAIGHT AND LEVEL,DRY,NO DEFECTS,ON SCENE,NO INJURY / DRIVE AWAY,,,,"OVER $1,500",07/23/2025 01:10:00 PM,NOT APPLICABLE,NOT APPLICABLE,618,W,FULLERTON PKWY,1935,,,,,,,2,NO INDICATION OF INJURY,0,0,0,0,0,2,0,13,4,7,41.9256299376,-87.6447236705,POINT (-87.644723670541 41.925629937586)
79a8ae9309dbb96415828db7f58e17fc5aaa2445c5cd18ff58b4165bc094570a888658c8ab988a1fc6b1f8aa95afebd6c9e99700eb3f07e20b7d07b20193def7,,07/23/2025 01:00:00 PM,30,NO CONTROLS,NO CONTROLS,CLEAR,DAYLIGHT,REAR TO REAR,NOT DIVIDED,,STRAIGHT AND LEVEL,DRY,NO DEFECTS,NOT ON SCENE (DESK REPORT),NO INJURY / DRIVE AWAY,,,,"$501 - $1,500",07/23/2025 02:00:00 PM,UNABLE TO DETERMINE,UNABLE TO DETERMINE,2500,N,CENTRAL AVE,2515,,,,,,,2,NO INDICATION OF INJURY,0,0,0,0,0,2,0,13,4,7,41.9258928802,-87.7662048258,POINT (-87.766204825838 41.925892880213)
f77fd174806a1f0e7c1d2ad9afcf0e31605ac3dd6ddb63e745986a4be986c420b02a01f1244ea7c77bc0abea385cfefcc31b9d775cc50307cf2d1913bde6f2fd,,07/23/2025 01:00:00 PM,30,NO CONTROLS,NO CONTROLS,CLEAR,DAYLIGHT,PARKED MOTOR VEHICLE,PARKING LOT,,STRAIGHT AND LEVEL,DRY,NO DEFECTS,NOT ON SCENE (DESK REPORT),NO INJURY / DRIVE AWAY,,,Y,"OVER $1,500",07/23/2025 07:55:00 PM,UNABLE TO DETERMINE,UNABLE TO DETERMINE,1919,N,CICERO AVE,2533,,,,,,,2,NO INDICATION OF INJURY,0,0,0,0,0,1,0,13,4,7,41.9157101456,-87.7459077545,POINT (-87.745907754514 41.915710145553)
cb4bb5b373ed3582d8bab839ca445885a676702102a3c92c84da1373471f744fad5008a2407ef2d45170a072003a5e1700a53ea9b71f0d5a5fa691818e6bf1d1,,07/23/2025 12:55:00 PM,30,NO CONTROLS,NO CONTROLS,CLEAR,DAYLIGHT,TURNING,NOT DIVIDED,,STRAIGHT AND LEVEL,DRY,NO DEFECTS,ON SCENE,NO INJURY / DRIVE AWAY,,,,"$501 - $1,500",07/23/2025 12:58:00 PM,UNABLE TO DETERMINE,UNABLE TO DETERMINE,8257,W,ADDISON ST,1631,,,,,,,2,NO INDICATION OF INJURY,0,0,0,0,0,2,0,12,4,7,41.944720683,-87.8338024471,POINT (-87.833802447143 41.944720683013)
ee2eb7430a05c3d6eb3b919d40ea11435ee77bcd1cd43b77be4505597b64a9b3b29a99c3bf6d261df57046d034989de71159b0848b8119a8ce6fe1deb7feb9a3,Y,07/23/2025 12:55:00 PM,25,NO CONTROLS,FUNCTIONING PROPERLY,CLEAR,DAYLIGHT,TURNING,NOT DIVIDED,,STRAIGHT AND LEVEL,DRY,NO DEFECTS,ON SCENE,INJURY AND / OR TOW DUE TO CRASH,,,,"OVER $1,500",07/23/2025 01:01:00 PM,IMPROPER TURNING/NO SIGNAL,NOT APPLICABLE,1116,W,VAN BUREN ST,1232,,,,,,,2,NONINCAPACITATING INJURY,2,0,0,2,0,0,0,12,4,7,41.8766623211,-87.655180008,POINT (-87.655180008 41.876662321074)