CRASH_RECORD_ID,CRASH_DATE_EST_I,CRASH_DATE,POSTED_SPEED_LIMIT,TRAFFIC_CONTROL_DEVICE,DEVICE_CONDITION,WEATHER_CONDITION,LIGHTING_CONDITION,FIRST_CRASH_TYPE,TRAFFICWAY_TYPE,LANE_CNT,ALIGNMENT,ROADWAY_SURFACE_COND,ROAD_DEFECT,REPORT_TYPE,CRASH_TYPE,INTERSECTION_RELATED_I,NOT_RIGHT_OF_WAY_I,HIT_AND_RUN_I,DAMAGE,DATE_POLICE_NOTIFIED,PRIM_CONTRIBUTORY_CAUSE,SEC_CONTRIBUTORY_CAUSE,STREET_NO,STREET_DIRECTION,STREET_NAME,BEAT_OF_OCCURRENCE,PHOTOS_TAKEN_I,STATEMENTS_TAKEN_I,DOORING_I,WORK_ZONE_I,WORK_ZONE_TYPE,WORKERS_PRESENT_I,NUM_UNITS,MOST_SEVERE_INJURY,INJURIES_TOTAL,INJURIES_FATAL,INJURIES_INCAPACITATING,INJURIES_NON_INCAPACITATING,INJURIES_REPORTED_NOT_EVIDENT,INJURIES_NO_INDICATION,INJURIES_UNKNOWN,CRASH_HOUR,CRASH_DAY_OF_WEEK,CRASH_MONTH,LATITUDE,LONGITUDE,LOCATION
657cfdff9c2fbd8b9ebb0f7d4675c08a4826391b8d57926027a8758a94869b3adebecb7e70ae619b72b2a8fe663798ac1ec66e01d0cd1f8cc530c8479bcdd444,,07/23/2025 12:50:00 PM,30,NO CONTROLS,NO CONTROLS,CLEAR,DAYLIGHT,FIXED OBJECT,NOT DIVIDED,,STRAIGHT AND LEVEL,DRY,NO DEFECTS,ON SCENE,NO INJURY / DRIVE AWAY,,,,"OVER $1,500",07/23/2025 01:10:00 PM,"VISION OBSCURED (SIGNS, TREE LIMBS, BUILDINGS, ETC.)",DRIVING SKILLS/KNOWLEDGE/EXPERIENCE,3309,S,ASHLAND AVE,912,,,,,,,1,NO INDICATION OF INJURY,0,0,0,0,0,1,0,12,4,7,41.8339033991,-87.6654982727,POINT (-87.665498272697 41.833903399125)
a129ab3cf4ed247e31da869d34029e592ce2e656164239a5b9979f9301bd3977722866fbd9b61073971a9818a305d60bd5bc27587927398bedb4e1961ed83d9c,,07/23/2025 12:45:00 PM,30,UNKNOWN,UNKNOWN,CLEAR,DAYLIGHT,REAR TO FRONT,NOT DIVIDED,,STRAIGHT AND LEVEL,UNKNOWN,UNKNOWN,NOT ON SCENE (DESK REPORT),NO INJURY / DRIVE AWAY,,,,"OVER $1,500",07/23/2025 01:30:00 PM,UNABLE TO DETERMINE,UNABLE TO DETERMINE,2340,N,LINCOLN PARK WEST,1814,,,,,,,2,NO INDICATION OF INJURY,0,0,0,0,0,2,0,12,4,7,41.9250497621,-87.6366983213,POINT (-87.636698321312 41.925049762131)
2ae7bb3443ccd2408129434d9134ba0ef8f4b4fc94f89530797934f63abf060c500dac825ffbd428b5f77de51d26abc519881d0add5d829d77252bfd16a6dea6,,07/23/2025 12:31:00 PM,30,NO CONTROLS,NO CONTROLS,CLEAR,DAYLIGHT,ANGLE,NOT DIVIDED,,STRAIGHT AND LEVEL,DRY,NO DEFECTS,NOT ON SCENE (DESK REPORT),NO INJURY / DRIVE AWAY,,,,"OVER $1,500",07/24/2025 01:45:00 PM,IMPROPER BACKING,UNABLE TO DETERMINE,1478,S,WASHTENAW AVE,1023,,,,,,,2,NO INDICATION OF INJURY,0,0,0,0,0,2,0,12,4,7,41.8611200587,-87.6934048427,POINT (-87.693404842745 41.861120058748)
c0fc2bb9df2ac12c49d0ec6611509c8b70cdb64fd6014140b3b4ce2f1dfc47f4f6f1f98545db9c92ae3929886c64dd9ebb8d4c8fde9a8a1108977d5c2c3d08b4,,07/23/2025 12:30:00 PM,30,NO CONTROLS,NO CONTROLS,CLEAR,DAYLIGHT,REAR END,NOT DIVIDED,,STRAIGHT AND LEVEL,DRY,NO DEFECTS,NOT ON SCENE (DESK REPORT),NO INJURY / DRIVE AWAY,,,,"OVER $1,500",07/23/2025 01:10:00 PM,FOLLOWING TOO CLOSELY,NOT APPLICABLE,163,W,NORTH AVE,1821,,,,,,,2,NO INDICATION OF INJURY,0,0,0,0,0,2,0,12,4,7,41.9110519342,-87.6341939966,POINT (-87.634193996604 41.911051934249)
caeb3f7ef7e6c44fb3a66738ae69deb47f1941309e7e4940bd2cfbfbef10247b4fa5bcec1d2d00a8962f5780b205326b376cec882c16fa990cd33d8a572d6c13,,07/23/2025 12:20:00 PM,30,TRAFFIC SIGNAL,FUNCTIONING PROPERLY,CLEAR,DAYLIGHT,TURNING,T-INTERSECTION,,STRAIGHT AND LEVEL,DRY,NO DEFECTS,ON SCENE,INJURY AND / OR TOW DUE TO CRASH,Y,,,"OVER $1,500",07/23/2025 12:21:00 PM,UNABLE TO DETERMINE,UNABLE TO DETERMINE,5600,W,MADISON ST,1513,,,,,,,2,NONINCAPACITATING INJURY,2,0,0,2,0,0,0,12,4,7,41.8803545563,-87.7649481363,POINT (-87.764948136348 41.880354556326)
8e42dc29233604b5dd42481af22cbf110929762866277e5589e28a084a0713c6545be164011807e122d7154b35e81ff46f3db645e6343003ac5bd1461728858f,,07/23/2025 12:15:00 PM,15,NO CONTROLS,NO CONTROLS,CLEAR,DAYLIGHT,REAR END,PARKING LOT,,STRAIGHT AND LEVEL,UNKNOWN,UNKNOWN,NOT ON SCENE (DESK REPORT),NO INJURY / DRIVE AWAY,,,Y,"OVER $1,500",07/23/2025 04:30:00 PM,UNABLE TO DETERMINE,NOT APPLICABLE,1800,W,POLK ST,1231,,,,,,,2,NO INDICATION OF INJURY,0,0,0,0,0,2,0,12,4,7,41.8716563886,-87.6716055423,POINT (-87.671605542267 41.871656388583)
dc4158bae97a88e3cc16f11e5b8db520391e2dc06ee0e37acc57130b948d7cc68af15d97fa37f4474c814a245f6ef027c21370bde42d9dcd8829c2b216adbb69,,07/23/2025 12:11:00 PM,30,NO CONTROLS,NO CONTROLS,CLEAR,DAYLIGHT,TURNING,DIVIDED - W/MEDIAN (NOT RAISED),,STRAIGHT AND LEVEL,DRY,NO DEFECTS,ON SCENE,INJURY AND / OR TOW DUE TO CRASH,,,,"OVER $1,500",07/23/2025 12:11:00 PM,IMPROPER TURNING/NO SIGNAL,UNABLE TO DETERMINE,806,W,79TH ST,621,,,,,,,2,NONINCAPACITATING INJURY,2,0,0,2,0,2,0,12,4,7,41.7507469125,-87.6443581423,POINT (-87.644358142309 41.750746912514)
a053be5571b3b7c024ae168c230a30896a517cbe9be823f61e6af22d79f753c972dcb6ede7bfbe61352d152c8d5511bd3e36850ef98ab1da88d7a416bd9b2c43,,07/23/2025 12:10:00 PM,25,STOP SIGN/FLASHER,FUNCTIONING PROPERLY,CLEAR,DAYLIGHT,REAR END,FOUR WAY,,STRAIGHT AND LEVEL,DRY,NO DEFECTS,NOT ON SCENE (DESK REPORT),NO INJURY / DRIVE AWAY,,,Y,"OVER $1,500",07/23/2025 01:10:00 PM,UNABLE TO DETERMINE,UNABLE TO DETERMINE,900,N,HOMAN AVE,1121,,,,,,,3,NO INDICATION OF INJURY,0,0,0,0,0,3,0,12,4,7,41.8973771377,-87.7116430056,POINT (-87.711643005612 41.89737713775)
8fbb679dd11e7d4a5983cb976705cd0603ed42ade6326c24f40e85d99e4226f91cc5695b034d7771a5d9e23ea7765010e9ce96c047a76157fa8b713e7fcaef11,,07/23/2025 12:00:00 PM,30,NO CONTROLS,NO CONTROLS,CLEAR,DAYLIGHT,TURNING,DIVIDED - W/MEDIAN (NOT RAISED),,STRAIGHT AND LEVEL,DRY,NO DEFECTS,ON SCENE,NO INJURY / DRIVE AWAY,,,,"OVER $1,500",07/23/2025 12:30:00 PM,FOLLOWING TOO CLOSELY,NOT APPLICABLE,831,W,119TH ST,524,,,,,,,2,NO INDICATION OF INJURY,0,0,0,0,0,7,0,12,4,7,41.6776878889,-87.6431005486,POINT (-87.643100548589 41.677687888899)
a41fb5cca4bf03cd5938a3fedb00f372893fb528389516eaf71b835718ddf3305758b5dca195e2052505122c39a620fd00acf09237f173e70a2f9b89b0d4bae5,,07/23/2025 12:00:00 PM,40,NO CONTROLS,NO CONTROLS,CLEAR,DAYLIGHT,PARKED MOTOR VEHICLE,DIVIDED - W/MEDIAN (NOT RAISED),,STRAIGHT AND LEVEL,DRY,NO DEFECTS,ON SCENE,NO INJURY / DRIVE AWAY,,,,"$501 - $1,500",07/23/2025 12:05:00 PM,NOT APPLICABLE,NOT APPLICABLE,4314,S,COTTAGE GROVE AVE,221,,,,,,,2,NO INDICATION OF INJURY,0,0,0,0,0,1,0,12,4,7,41.8163259703,-87.6068467379,POINT (-87.606846737921 41.816325970337)
e69fc4f83cbd44d5d799c6f44e40c3f86c84ed714b03f79715f4a7ac6165d7ba3ec6b529349b81445691d499cd452525a0d99297d2654d12abd6900dc94f3022,,07/23/2025 12:00:00 PM,30,UNKNOWN,UNKNOWN,UNKNOWN,DAYLIGHT,REAR END,NOT DIVIDED,,STRAIGHT AND LEVEL,UNKNOWN,UNKNOWN,NOT ON SCENE (DESK REPORT),NO INJURY / DRIVE AWAY,,,Y,"OVER $1,500",07/23/2025 12:30:00 PM,UNABLE TO DETERMINE,NOT APPLICABLE,1999,N,WESTERN AVE,1434,,,,,,,2,NO INDICATION OF INJURY,0,0,0,0,0,2,0,12,4,7,41.9175316591,-87.6872621029,POINT (-87.68726210292 41.917531659094)
359828807659c86c9a7cc019fb91370110623cbd54bb92ca5b9ea0118f5b272ea86c0dfe30bceed16f992222a13c9d9716d1c4d7fe37b15b012e0adabb353fe6,,07/23/2025 11:51:00 AM,30,TRAFFIC SIGNAL,FUNCTIONING PROPERLY,CLEAR,DAYLIGHT,PEDALCYCLIST,NOT DIVIDED,,STRAIGHT AND LEVEL,DRY,UNKNOWN,ON SCENE,INJURY AND / OR TOW DUE TO CRASH,,,,"OVER $1,500",07/23/2025 11:52:00 AM,UNABLE TO DETERMINE,UNABLE TO DETERMINE,5958,W,WASHINGTON BLVD,1512,,,,,,,2,NONINCAPACITATING INJURY,1,0,0,1,0,1,0,11,4,7,41.8822228828,-87.7742246691,POINT (-87.774224669099 41.882222882811)
a57d7eedbcda3b0a19282f25f9616468ce0bc7422241b20b76ae334da9fdcada3f3c7d495eaed67bf66706856056f0b56a26562998442135fbee0acdcb6d6af8,,07/23/2025 11:51:00 AM,30,TRAFFIC SIGNAL,FUNCTIONING PROPERLY,CLEAR,DAYLIGHT,PEDALCYCLIST,FOUR WAY,,STRAIGHT AND LEVEL,DRY,NO DEFECTS,ON SCENE,INJURY AND / OR TOW DUE TO CRASH,Y,,Y,$500 OR LESS,07/23/2025 12:03:00 PM,FAILING TO YIELD RIGHT-OF-WAY,FAILING TO YIELD RIGHT-OF-WAY,2200,W,DEVON AVE,2412,,,,,,,2,NONINCAPACITATING INJURY,1,0,0,1,0,1,0,11,4,7,41.9979215809,-87.6850747999,POINT (-87.685074799889 41.997921580923)
9238cf5d15d5e82923ae873648c2b10644005ed5c0a35b391ecd9eb81221a2fac6341f94bd4b8775eac9f93d2e6857669de52f6a0edb7c813620e8537408bb89,,07/23/2025 11:50:00 AM,30,STOP SIGN/FLASHER,FUNCTIONING PROPERLY,CLEAR,DAYLIGHT,REAR END,NOT DIVIDED,,STRAIGHT AND LEVEL,DRY,NO DEFECTS,NOT ON SCENE (DESK REPORT),NO INJURY / DRIVE AWAY,N,,,"OVER $1,500",07/24/2025 01:50:00 PM,FOLLOWING TOO CLOSELY,NOT APPLICABLE,2330,W,GRANVILLE AVE,2413,,,,,,,2,NO INDICATION OF INJURY,0,0,0,0,0,2,0,11,4,7,41.9942237451,-87.6884917709,POINT (-87.688491770877 41.994223745129)
71a5d69b32cfe4880f9dc3fbe6295a9757c829a8d7156685aeb493dacce3c68a263d921c90b19f06d7ca93b5060a95058063a457c631af7b551f97506fcd566f,,07/23/2025 11:48:00 AM,30,TRAFFIC SIGNAL,FUNCTIONING PROPERLY,CLEAR,DAYLIGHT,REAR END,DIVIDED - W/MEDIAN (NOT RAISED),,STRAIGHT AND LEVEL,DRY,NO DEFECTS,ON SCENE,NO INJURY / DRIVE AWAY,,,,"$501 - $1,500",07/23/2025 12:27:00 PM,FOLLOWING TOO CLOSELY,FOLLOWING TOO CLOSELY,2334,N,CLYBOURN AVE,1811,,,,,,,2,NO INDICATION OF INJURY,0,0,0,0,0,2,0,11,4,7,41.924308783,-87.6683668151,POINT (-87.66836681514 41.924308782975)
cd16728b982bc10f68f0e24fb99e87f132526d3d5559a990c337e923573c7afdc3b6b2fc4d7c9145a89eb12226a2288bba61d12b36c76d71478992108fda7793,,07/23/2025 11:45:00 AM,35,TRAFFIC SIGNAL,FUNCTIONING PROPERLY,CLEAR,DAYLIGHT,TURNING,NOT DIVIDED,,STRAIGHT AND LEVEL,DRY,NO DEFECTS,ON SCENE,NO INJURY / DRIVE AWAY,Y,,Y,"$501 - $1,500",07/23/2025 12:00:00 PM,FAILING TO YIELD RIGHT-OF-WAY,NOT APPLICABLE,1700,W,119TH ST,2234,,,,,,,3,NO INDICATION OF INJURY,0,0,0,0,0,2,0,11,4,7,41.6775960587,-87.6641963132,POINT (-87.664196313206 41.677596058738)
8d9b0e0b0972568b7b992518a1fd2e05d7807e4a313dd6ba3bfb9a9460e0f522ce2c1ad01e0cd55ded4d20d6a8a54f829a5521852b4c501c613b2592a7e5e6ce,,07/23/2025 11:40:00 AM,10,NO CONTROLS,NO CONTROLS,CLEAR,DAYLIGHT,ANGLE,PARKING LOT,,STRAIGHT AND LEVEL,UNKNOWN,NO DEFECTS,NOT ON SCENE (DESK REPORT),NO INJURY / DRIVE AWAY,,Y,,"OVER $1,500",07/23/2025 11:45:00 AM,UNABLE TO DETERMINE,UNABLE TO DETERMINE,4810,W,CULLOM AVE,1624,,,,,,,2,NO INDICATION OF INJURY,0,0,0,0,0,2,0,11,4,7,41.9589983443,-87.7479785446,POINT (-87.747978544559 41.958998344305)
c51e4519e08276993de903d873be1a1219d8e79679ccdd1453e308ef46d1771dda85135c8d834b589fea0dc27d4c4b6843c00cda58c6e205091781c812b5a577,,07/23/2025 11:40:00 AM,30,NO CONTROLS,NO CONTROLS,CLEAR,DAYLIGHT,SIDESWIPE SAME DIRECTION,NOT DIVIDED,,STRAIGHT AND LEVEL,DRY,NO DEFECTS,ON SCENE,NO INJURY / DRIVE AWAY,,,,"OVER $1,500",07/23/2025 11:46:00 AM,FAILING TO YIELD RIGHT-OF-WAY,FAILING TO YIELD RIGHT-OF-WAY,1203,N,CICERO AVE,2533,,,,,,,2,NO INDICATION OF INJURY,0,0,0,0,0,3,0,11,4,7,41.9024577496,-87.7458333713,POINT (-87.745833371258 41.902457749616)
e3f93a9324000342f5f4febe75a1b200b5e2e78cd4d37412657fbc42670acff953100ab08ae1a02215df62c64b14c304d31cfa52355669994685335955c0c08b,,07/23/2025 11:40:00 AM,30,NO CONTROLS,NO CONTROLS,CLEAR,DAYLIGHT,SIDESWIPE SAME DIRECTION,NOT DIVIDED,,STRAIGHT AND LEVEL,DRY,NO DEFECTS,NOT ON SCENE (DESK REPORT),NO INJURY / DRIVE AWAY,,,,"OVER $1,500",07/23/2025 12:48:00 PM,UNABLE TO DETERMINE,UNABLE TO DETERMINE,3339,W,COLUMBUS AVE,834,,,,,,,2,NO INDICATION OF INJURY,0,0,0,0,0,2,0,11,4,7,41.7479286413,-87.7056856905,POINT (-87.705685690543 41.747928641321)
e5b00ae5ec39f3b59e24097f1344d787e82f990b163b5dab96d7e208fa033044ff31764153ad8e5e2bf7bf4a20cea8f90de4c3e718019da6a49ab94cdb5af72b,,07/23/2025 11:40:00 AM,30,NO CONTROLS,NO CONTROLS,CLEAR,DAYLIGHT,PARKED MOTOR VEHICLE,NOT DIVIDED,,STRAIGHT AND LEVEL,DRY,NO DEFECTS,NOT ON SCENE (DESK REPORT),NO INJURY / DRIVE AWAY,,,,"OVER $1,500",07/23/2025 01:30:00 PM,IMPROPER BACKING,UNABLE TO DETERMINE,1206,N,KOSTNER AVE,2533,,,,,,,2,NO INDICATION OF INJURY,0,0,0,0,0,1,0,11,4,7,41.9027321478,-87.7362996401,POINT (-87.736299640126 41.902732147792)
480b95184d082a9842ee4a497e5d455de307c2bbd7b6520eadbd225a19b51e9ca3edbb86a216fcccef9a992033dfc796b9771fa078789e565e36dcbfcf3e9c41,,07/23/2025 11:35:00 AM,30,UNKNOWN,UNKNOWN,CLEAR,DAYLIGHT,REAR TO FRONT,PARKING LOT,,STRAIGHT AND LEVEL,UNKNOWN,UNKNOWN,NOT ON SCENE (DESK REPORT),NO INJURY / DRIVE AWAY,,Y,Y,"OVER $1,500",07/29/2025 02:50:00 PM,UNABLE TO DETERMINE,UNABLE TO DETERMINE,232,E,HURON ST,1834,,,,,,,2,NO INDICATION OF INJURY,0,0,0,0,0,2,0,11,4,7,41.895113198,-87.6214300412,POINT (-87.621430041219 41.895113198033)
79dd36834cfe6a93cf5aa6d50213def9b3362988d20c9830ca05b709d5487092a968e4093798dd2e2cea5a3178d2164d96b682e607bddb1774d682455a7b1371,,07/23/2025 11:30:00 AM,30,YIELD,FUNCTIONING PROPERLY,CLEAR,DAYLIGHT,TURNING,ROUNDABOUT,,STRAIGHT AND LEVEL,DRY,UNKNOWN,NOT ON SCENE (DESK REPORT),NO INJURY / DRIVE AWAY,Y,,Y,"$501 - $1,500",07/23/2025 12:01:00 PM,FAILING TO YIELD RIGHT-OF-WAY,NOT APPLICABLE,1400,S,HAMLIN AVE,1011,,,,,,,2,NO INDICATION OF INJURY,0,0,0,0,0,2,0,11,4,7,41.8620469234,-87.7203172271,POINT (-87.720317227136 41.862046923414)
e9b6d18d9e7bbbe3ff90ca0313e9f4d830275a7df6bf62a0179a4fc0d3b8bcd6022e6bba8c07123921e1c00e77852cd79c944a761f178e299952bc111e50b5c3,,07/23/2025 11:30:00 AM,30,NO CONTROLS,NO CONTROLS,CLEAR,DAYLIGHT,SIDESWIPE SAME DIRECTION,DIVIDED - W/MEDIAN (NOT RAISED),,STRAIGHT AND LEVEL,DRY,NO DEFECTS,NOT ON SCENE (DESK REPORT),NO INJURY / DRIVE AWAY,,,Y,"$501 - $1,500",07/23/2025 12:03:00 PM,UNABLE TO DETERMINE,UNABLE TO DETERMINE,1615,W,59TH ST,714,,,,,,,2,NO INDICATION OF INJURY,0,0,0,0,0,2,0,11,4,7,41.7866277167,-87.6650438736,POINT (-87.665043873621 41.786627716691)
15a69a1c03f700f175ae53e0a7809a33d17cce8c423693e7d17536a7f909603ad15c39bd31104b95ac998b287462a35f96d5ca0316a4e3703795c9096aeb5a41,,07/23/2025 11:21:00 AM,30,TRAFFIC SIGNAL,FUNCTIONING PROPERLY,CLEAR,DAYLIGHT,SIDESWIPE SAME DIRECTION,NOT DIVIDED,,STRAIGHT AND LEVEL,DRY,NO DEFECTS,ON SCENE,NO INJURY / DRIVE AWAY,N,,,"OVER $1,500",07/23/2025 11:30:00 AM,NOT APPLICABLE,NOT APPLICABLE,4705,S,KEDZIE AVE,922,,,,,,,2,NO INDICATION OF INJURY,0,0,0,0,0,2,0,11,4,7,41.8079479208,-87.7038214339,POINT (-87.703821433864 41.807947920849)
d1d6e76f5f5e0def9bf451c239195fec1682752e3358115296f0e36d5ea2361876d09fbd6318d206d6ea52c9929f9f837e40d9b84574dc6a35be60196d833bf1,,07/23/2025 11:20:00 AM,30,NO CONTROLS,NO CONTROLS,CLEAR,DAYLIGHT,SIDESWIPE SAME DIRECTION,DIVIDED - W/MEDIAN (NOT RAISED),,STRAIGHT AND LEVEL,DRY,NO DEFECTS,NOT ON SCENE (DESK REPORT),NO INJURY / DRIVE AWAY,,,,"OVER $1,500",07/23/2025 06:10:00 PM,FOLLOWING TOO CLOSELY,DRIVING SKILLS/KNOWLEDGE/EXPERIENCE,355,E,HURON ST,1834,,,,,,,2,NO INDICATION OF INJURY,0,0,0,0,0,2,0,11,4,7,41.8949331147,-87.6182087657,POINT (-87.618208765694 41.894933114692)
b19609fd37a3de08cfcd5134ff9c1840c493271d5b88a4eb48eea55f85cc3209d4cbf802f0cdad13ae2bb50575ac94b74f7c6246c966fa3863821b1c730ccc56,,07/23/2025 11:19:00 AM,30,OTHER,FUNCTIONING PROPERLY,CLEAR,DAYLIGHT,REAR TO FRONT,DIVIDED - W/MEDIAN (NOT RAISED),,STRAIGHT AND LEVEL,DRY,NO DEFECTS,ON SCENE,NO INJURY / DRIVE AWAY,,,,"$501 - $1,500",07/23/2025 11:19:00 AM,UNABLE TO DETERMINE,UNABLE TO DETERMINE,1238,N,MILWAUKEE AVE,1424,,,,,,,2,NO INDICATION OF INJURY,0,0,0,0,0,2,0,11,4,7,41.9041761456,-87.6679842855,POINT (-87.667984285497 41.904176145615)
e049e8a059571e04a56a0e95f13535d2894c5e7c643bd1497482bec66ea7cfb02a9483d9885b1d9031cdffeaf19036a88c2fd0cd4ac32b8602043a9349c6ef0a,,07/23/2025 11:15:00 AM,25,NO CONTROLS,NO CONTROLS,CLEAR,DAYLIGHT,SIDESWIPE SAME DIRECTION,ONE-WAY,,STRAIGHT AND LEVEL,DRY,UNKNOWN,NOT ON SCENE (DESK REPORT),NO INJURY / DRIVE AWAY,,,,"OVER $1,500",07/23/2025 01:30:00 PM,IMPROPER BACKING,NOT APPLICABLE,350,E,HURON ST,1834,,,,,,,2,NO INDICATION OF INJURY,0,0,0,0,0,2,0,11,4,7,41.8951502599,-87.6183619491,POINT (-87.618361949141 41.895150259888)
fb5b94534bfa02d1f498b35d92c9c5339fd933a1a62df011c49b5c9184051ef29cdf99e8ddb47a8a17e707842939bfa2130ccad1921bf6d1d3ad5da52e3bab0d,,07/23/2025 11:15:00 AM,30,NO CONTROLS,NO CONTROLS,CLEAR,DAYLIGHT,REAR END,NOT DIVIDED,,STRAIGHT AND LEVEL,DRY,UNKNOWN,,NO INJURY / DRIVE AWAY,,,,"OVER $1,500",07/23/2025 01:02:00 PM,EQUIPMENT - VEHICLE CONDITION,FOLLOWING TOO CLOSELY,9500,S,WENTWORTH AVE,511,,,,,,,2,NO INDICATION OF INJURY,0,0,0,0,0,2,0,11,4,7,41.7215674479,-87.6288090386,POINT (-87.628809038591 41.721567447856)
68a39a470195296a317b109edfddcc2337e795d47f9db51f64269f01f7b1c2d912e362050f2034d627b21816f9e2916b2146dafea9f59e084e20b9d9817009c5,,07/23/2025 11:00:00 AM,30,NO CONTROLS,NO CONTROLS,CLEAR,DAYLIGHT,PARKED MOTOR VEHICLE,NOT DIVIDED,,STRAIGHT AND LEVEL,DRY,NO DEFECTS,ON SCENE,NO INJURY / DRIVE AWAY,,,,"$501 - $1,500",07/23/2025 11:15:00 AM,DRIVING SKILLS/KNOWLEDGE/EXPERIENCE,NOT APPLICABLE,5244,W,JACKSON BLVD,1522,,,,,,,3,NO INDICATION OF INJURY,0,0,0,0,0,2,0,11,4,7,41.8767460783,-87.7567401951,POINT (-87.75674019513 41.876746078328)
6ae453d4fff4fb9ad83df5662205ac77ee14a6cac3e204a96ba0edcdc050a7169f415e5256b33cf421d396a33c9244d7bf8419a4335ea533683a12abbbabee8b,Y,07/23/2025 11:00:00 AM,15,NO CONTROLS,NO CONTROLS,UNKNOWN,DAYLIGHT,OTHER OBJECT,ALLEY,,STRAIGHT AND LEVEL,UNKNOWN,NO DEFECTS,ON SCENE,NO INJURY / DRIVE AWAY,,,Y,"OVER $1,500",08/01/2025 10:30:00 AM,UNABLE TO DETERMINE,UNABLE TO DETERMINE,4342,N,ST LOUIS AVE,1723,,,,,,,1,NO INDICATION OF INJURY,0,0,0,0,0,1,0,11,4,7,41.9605542162,-87.7157169135,POINT (-87.715716913488 41.960554216191)
9b405a31dcc5ca830755bc3892e2d0cb8d51b576d20a9f39ad1922bcb523c2f55b40d18810e48f8995b75fbd91a9ed581fa860b1ebca766fdec3ee2283957869,,07/23/2025 10:50:00 AM,10,STOP SIGN/FLASHER,FUNCTIONING IMPROPERLY,CLEAR,DAYLIGHT,PEDESTRIAN,PARKING LOT,,STRAIGHT AND LEVEL,DRY,NO DEFECTS,ON SCENE,INJURY AND / OR TOW DUE TO CRASH,,Y,,$500 OR LESS,07/23/2025 10:55:00 AM,UNABLE TO DETERMINE,UNABLE TO DETERMINE,9901,S,DR MARTIN LUTHER KING JR DR,511,,,,,,,2,NONINCAPACITATING INJURY,1,0,0,1,0,1,0,10,4,7,41.7145740319,-87.6138305262,POINT (-87.613830526229 41.714574031879)
a4803e608246fccd67ca4ee6a9c1809b2e4632d9ced1d7a6cd3e009196403cab8849e620c1457212e515128e6c720c1eece9cfb984ddc8c5a85e3316cf13c96b,,07/23/2025 10:50:00 AM,30,NO CONTROLS,NO CONTROLS,CLEAR,DAYLIGHT,PARKED MOTOR VEHICLE,PARKING LOT,,STRAIGHT AND LEVEL,DRY,NO DEFECTS,NOT ON SCENE (DESK REPORT),NO INJURY / DRIVE AWAY,,,,"OVER $1,500",07/23/2025 05:35:00 PM,UNABLE TO DETERMINE,UNABLE TO DETERMINE,4626,W,DIVERSEY AVE,2521,,,,,,,2,NO INDICATION OF INJURY,0,0,0,0,0,1,0,10,4,7,41.9316889194,-87.7430169468,POINT (-87.743016946831 41.931688919351)
ddb793d7ae10e611c40be042a9dc6f39bd1a67b62306e21f1f3ce5a63b2a4b88ab28fa464373b5f745b266170b3c67f2669db59d94543716c05ee5610aaaf7c4,,07/23/2025 10:40:00 AM,30,TRAFFIC SIGNAL,FUNCTIONING PROPERLY,UNKNOWN,DAYLIGHT,TURNING,NOT DIVIDED,,STRAIGHT AND LEVEL,UNKNOWN,UNKNOWN,NOT ON SCENE (DESK REPORT),NO INJURY / DRIVE AWAY,,,N,"$501 - $1,500",07/23/2025 11:12:00 AM,UNABLE TO DETERMINE,NOT APPLICABLE,6456,S,CICERO AVE,813,,,,,,,2,NO INDICATION OF INJURY,0,0,0,0,0,3,0,10,4,7,41.7749229945,-87.7423209596,POINT (-87.742320959553 41.774922994541)
fb88126011f42b541289a269258579b68f49f3a341740100f0b88d8e914d688b35857d3fd37e4366a74ba7725aa1c3a55a5684dfdc8c6ac89eb296bd46ffd359,,07/23/2025 10:35:00 AM,30,TRAFFIC SIGNAL,NO CONTROLS,CLEAR,DAYLIGHT,PEDALCYCLIST,CENTER TURN LANE,,STRAIGHT AND LEVEL,DRY,NO DEFECTS,NOT ON SCENE (DESK REPORT),INJURY AND / OR TOW DUE TO CRASH,,,Y,"$501 - $1,500",07/23/2025 10:50:00 AM,UNABLE TO DETERMINE,UNABLE TO DETERMINE,3201,S,LITUANICA AVE,913,,,N,,,,2,NONINCAPACITATING INJURY,1,0,0,1,0,1,0,10,4,7,41.8363881976,-87.6485200379,POINT (-87.64852003795 41.836388197639)
4a1b0dccf8f9e94e9827fa8f0f16e0b763de21628cb22abd266e7045908cdb09537cc298a2acc1d58e754d253ab55167dc0ba103f96286ae8a8c8a3a4dcead1a,,07/23/2025 10:20:00 AM,30,NO CONTROLS,NO CONTROLS,CLEAR,DAYLIGHT,REAR END,NOT DIVIDED,,STRAIGHT AND LEVEL,DRY,NO DEFECTS,NOT ON SCENE (DESK REPORT),NO INJURY / DRIVE AWAY,,,,"$501 - $1,500",07/23/2025 11:50:00 AM,FOLLOWING TOO CLOSELY,FOLLOWING TOO CLOSELY,1498,W,FOSTER AVE,2013,,,,,,,2,NO INDICATION OF INJURY,0,0,0,0,0,2,0,10,4,7,41.9763039891,-87.668237702,POINT (-87.668237702002 41.976303989094)
72db0e34dfcfac90874280238f55cdd813d6540a2c6befd70cfb444e2290835be482b7f01ae7c265bb0aa9351f627c96917031f12c101d6cf90f0286c1dfba8b,,07/23/2025 10:20:00 AM,30,TRAFFIC SIGNAL,FUNCTIONING PROPERLY,CLEAR,DAYLIGHT,SIDESWIPE SAME DIRECTION,ONE-WAY,,STRAIGHT AND LEVEL,DRY,NO DEFECTS,ON SCENE,NO INJURY / DRIVE AWAY,,,Y,"$501 - $1,500",07/23/2025 10:21:00 AM,FOLLOWING TOO CLOSELY,DRIVING SKILLS/KNOWLEDGE/EXPERIENCE,444,W,JACKSON BLVD,121,,,,,,,2,NO INDICATION OF INJURY,0,0,0,0,0,2,0,10,4,7,41.878155377,-87.6394999563,POINT (-87.639499956282 41.878155377048)