CRASH_RECORD_ID,CRASH_DATE_EST_I,CRASH_DATE,POSTED_SPEED_LIMIT,TRAFFIC_CONTROL_DEVICE,DEVICE_CONDITION,WEATHER_CONDITION,LIGHTING_CONDITION,FIRST_CRASH_TYPE,TRAFFICWAY_TYPE,LANE_CNT,ALIGNMENT,ROADWAY_SURFACE_COND,ROAD_DEFECT,REPORT_TYPE,CRASH_TYPE,INTERSECTION_RELATED_I,NOT_RIGHT_OF_WAY_I,HIT_AND_RUN_I,DAMAGE,DATE_POLICE_NOTIFIED,PRIM_CONTRIBUTORY_CAUSE,SEC_CONTRIBUTORY_CAUSE,STREET_NO,STREET_DIRECTION,STREET_NAME,BEAT_OF_OCCURRENCE,PHOTOS_TAKEN_I,STATEMENTS_TAKEN_I,DOORING_I,WORK_ZONE_I,WORK_ZONE_TYPE,WORKERS_PRESENT_I,NUM_UNITS,MOST_SEVERE_INJURY,INJURIES_TOTAL,INJURIES_FATAL,INJURIES_INCAPACITATING,INJURIES_NON_INCAPACITATING,INJURIES_REPORTED_NOT_EVIDENT,INJURIES_NO_INDICATION,INJURIES_UNKNOWN,CRASH_HOUR,CRASH_DAY_OF_WEEK,CRASH_MONTH,LATITUDE,LONGITUDE,LOCATION
e1434f47f24ac6c87c91135f4ee708e17a04bf5da094e938fdc4eaed2f13704f4ec5a7f7483996b677846b0297b493d76541d4963e4da0879d57c4b320d925d8,,07/23/2025 10:20:00 AM,30,STOP SIGN/FLASHER,FUNCTIONING PROPERLY,CLEAR,DAYLIGHT,REAR END,NOT DIVIDED,,STRAIGHT AND LEVEL,DRY,NO DEFECTS,ON SCENE,INJURY AND / OR TOW DUE TO CRASH,,,,"$501 - $1,500",07/23/2025 10:32:00 AM,UNABLE TO DETERMINE,UNABLE TO DETERMINE,2052,W,CERMAK RD,1234,,,,,,,2,"REPORTED, NOT EVIDENT",2,0,0,0,2,1,0,10,4,7,41.8522519913,-87.6779444042,POINT (-87.677944404224 41.852251991301)
90edcae6a3f4646f4c6c57d93aa50ef01838948a0c7be4e11467929c2695c63dc63480d127d387288f207c6fcd38c9f5d5267425df6387e6048b170246dd09c4,,07/23/2025 10:15:00 AM,30,NO CONTROLS,NO CONTROLS,CLEAR,DAYLIGHT,FIXED OBJECT,OTHER,,STRAIGHT AND LEVEL,DRY,NO DEFECTS,ON SCENE,NO INJURY / DRIVE AWAY,N,,,"$501 - $1,500",07/23/2025 04:20:00 PM,IMPROPER BACKING,NOT APPLICABLE,6329,S,COAST GUARD DR,331,,,,,,,1,NO INDICATION OF INJURY,0,0,0,0,0,1,0,10,4,7,41.7791828642,-87.5751085665,POINT (-87.575108566513 41.779182864222)
7221274b69d6263df4c1028c0eee7907ebfafa8f7808a0df041e27c206035e03b35a7f70e939b2164260c55da96deac87ebc72bdd3b68d6c4659a4763ecd727a,,07/23/2025 10:10:00 AM,30,NO CONTROLS,NO CONTROLS,CLEAR,DAYLIGHT,PARKED MOTOR VEHICLE,NOT DIVIDED,,STRAIGHT AND LEVEL,DRY,NO DEFECTS,ON SCENE,NO INJURY / DRIVE AWAY,,,,"OVER $1,500",07/23/2025 10:12:00 AM,IMPROPER TURNING/NO SIGNAL,NOT APPLICABLE,3646,W,26TH ST,1013,,,,,,,2,NO INDICATION OF INJURY,0,0,0,0,0,1,0,10,4,7,41.8444687703,-87.7166236813,POINT (-87.716623681256 41.844468770279)
0e401737f094c056ad49fc439940828da6eb084c06039de872806c5f6fdb8622d954142eed2f3a83872596084d678c3e7c46af4b06f628d37afed2f2e7f550b0,Y,07/23/2025 10:00:00 AM,30,NO CONTROLS,NO CONTROLS,CLEAR,DAYLIGHT,TURNING,RAMP,,STRAIGHT AND LEVEL,DRY,NO DEFECTS,NOT ON SCENE (DESK REPORT),NO INJURY / DRIVE AWAY,,,,"$501 - $1,500",07/23/2025 12:00:00 PM,IMPROPER LANE USAGE,IMPROPER LANE USAGE,3537,N,LAKE SHORE DR NB,1925,,,,,,,2,NO INDICATION OF INJURY,0,0,0,0,0,2,0,10,4,7,41.9480328237,-87.6424682238,POINT (-87.642468223804 41.94803282365)
6265795705d3b6cb5d76d80a4e869b06af42d18487ac93d4283a9322e00a7a3a6acc3f6d197b340f39d30739ada16a1acbbf8d8fd0643d158e1a597a13e28648,,07/23/2025 10:00:00 AM,30,NO CONTROLS,NO CONTROLS,UNKNOWN,UNKNOWN,PARKED MOTOR VEHICLE,NOT DIVIDED,,STRAIGHT AND LEVEL,UNKNOWN,UNKNOWN,NOT ON SCENE (DESK REPORT),NO INJURY / DRIVE AWAY,,,Y,"OVER $1,500",07/23/2025 08:10:00 PM,UNABLE TO DETERMINE,NOT APPLICABLE,1451,N,CENTRAL AVE,2532,,,,,,,2,NO INDICATION OF INJURY,0,0,0,0,0,1,0,10,4,7,41.9072539374,-87.765690177,POINT (-87.765690176973 41.907253937354)
6995bed5ad2b2ebb7ceb2c7429c33687669a0e520d4393ca919889752eaa4e4a3eb74b67e07fa7c13c261da30e23445186c7faa3f422a74175ecf46e552c4b48,,07/23/2025 10:00:00 AM,30,NO CONTROLS,NO CONTROLS,CLEAR,DAYLIGHT,PARKED MOTOR VEHICLE,DIVIDED - W/MEDIAN (NOT RAISED),,STRAIGHT AND LEVEL,DRY,NO DEFECTS,ON SCENE,NO INJURY / DRIVE AWAY,,,Y,"OVER $1,500",07/23/2025 10:38:00 AM,FAILING TO REDUCE SPEED TO AVOID CRASH,UNABLE TO DETERMINE,1342,N,ASHLAND AVE,1433,,,,,,,2,NO INDICATION OF INJURY,0,0,0,0,0,1,0,10,4,7,41.9062962354,-87.6677190856,POINT (-87.667719085633 41.906296235362)
2ce47edbdbd128c02b5c2bbe25a421d7bf38919b8e0ab525b3aefc046e848707ce34ef0c03f9c322ea65a8cef0165383816bba7abce98116e1023f607d7a39fc,,07/23/2025 09:58:00 AM,20,STOP SIGN/FLASHER,FUNCTIONING PROPERLY,CLEAR,DAYLIGHT,TURNING,ONE-WAY,,STRAIGHT AND LEVEL,DRY,UNKNOWN,NOT ON SCENE (DESK REPORT),NO INJURY / DRIVE AWAY,Y,,,"OVER $1,500",07/23/2025 10:30:00 AM,IMPROPER LANE USAGE,IMPROPER TURNING/NO SIGNAL,2955,W,25TH ST,1033,,,,,,,2,NO INDICATION OF INJURY,0,0,0,0,0,2,0,9,4,7,41.846286271,-87.6999885152,POINT (-87.699988515232 41.846286270982)
77f051608489f193f23b433c051c5600e56097d205f1fe08f982e8cd56abd873d6b40528d26ece0b73fe0056ff685655c9aa8b8f1cf7054084400ad349fceccf,,07/23/2025 09:57:00 AM,30,NO CONTROLS,NO CONTROLS,CLEAR,DAYLIGHT,REAR TO FRONT,NOT DIVIDED,,STRAIGHT AND LEVEL,DRY,NO DEFECTS,,INJURY AND / OR TOW DUE TO CRASH,,,Y,"OVER $1,500",07/23/2025 12:25:00 PM,FAILING TO YIELD RIGHT-OF-WAY,NOT APPLICABLE,5800,S,COTTAGE GROVE AVE,233,Y,,,,,,2,NONINCAPACITATING INJURY,1,0,0,1,0,4,0,9,4,7,41.7894207178,-87.6062625882,POINT (-87.606262588229 41.789420717811)
760dabcd3c3ba3fd978f976863f9c0f78abeb415386dc09987389d50f067d7a65189ca1cadf39309e27ecb4806d04c234d607dab53e6048bc5140b39e06911ce,,07/23/2025 09:56:00 AM,25,UNKNOWN,UNKNOWN,CLEAR,DAYLIGHT,FIXED OBJECT,ONE-WAY,,STRAIGHT AND LEVEL,DRY,NO DEFECTS,ON SCENE,NO INJURY / DRIVE AWAY,,,,"OVER $1,500",07/23/2025 10:10:00 AM,NOT APPLICABLE,NOT APPLICABLE,230,N,LOWER MICHIGAN AVE,111,,,,,,,1,NO INDICATION OF INJURY,0,0,0,0,0,1,0,9,4,7,41.8864966812,-87.6247141224,POINT (-87.624714122361 41.886496681194)
bf797568bee6bb8056587cba0728e61e5b2d921210e2f13deb4d588a7d855777b3b252aeeb2910d5b4c4ef4ef10dfc50c7c3c329b71d176972e5fc60fc2fc54d,,07/23/2025 09:53:00 AM,30,TRAFFIC SIGNAL,FUNCTIONING PROPERLY,CLEAR,DAYLIGHT,TURNING,ONE-WAY,,STRAIGHT AND LEVEL,DRY,NO DEFECTS,ON SCENE,NO INJURY / DRIVE AWAY,Y,,,"$501 - $1,500",07/23/2025 09:54:00 AM,IMPROPER TURNING/NO SIGNAL,IMPROPER LANE USAGE,498,W,WASHINGTON ST,121,,,,,,,2,NO INDICATION OF INJURY,0,0,0,0,0,2,0,9,4,7,41.8832907796,-87.63968609,POINT (-87.639686090045 41.883290779592)
ff30c2e717470348602db358bbad3f7e9624ae2d74625f277e60fd72af4d35a6190f7343cc50582a63db25cc478c797f771b890eae5847c048e5f48b7e039e5c,,07/23/2025 09:49:00 AM,30,TRAFFIC SIGNAL,FUNCTIONING PROPERLY,CLEAR,DAYLIGHT,TURNING,ONE-WAY,,STRAIGHT AND LEVEL,DRY,NO DEFECTS,ON SCENE,INJURY AND / OR TOW DUE TO CRASH,Y,,,"$501 - $1,500",07/23/2025 09:54:00 AM,IMPROPER TURNING/NO SIGNAL,IMPROPER LANE USAGE,498,W,WASHINGTON ST,121,,,,,,,2,NO INDICATION OF INJURY,0,0,0,0,0,2,0,9,4,7,41.8832907796,-87.63968609,POINT (-87.639686090045 41.883290779592)
20079331782d05cb86f0cb1d72da2659179e5d79ae8f24d8c02a46116b6f036903530cabda852b5d9bfc211a99439105376e7f643070b855fb1522066cc74207,,07/23/2025 09:46:00 AM,30,TRAFFIC SIGNAL,FUNCTIONING PROPERLY,CLEAR,DAYLIGHT,SIDESWIPE SAME DIRECTION,DIVIDED - W/MEDIAN (NOT RAISED),,STRAIGHT AND LEVEL,DRY,NO DEFECTS,ON SCENE,NO INJURY / DRIVE AWAY,,,,$500 OR LESS,07/23/2025 10:00:00 AM,IMPROPER OVERTAKING/PASSING,UNABLE TO DETERMINE,2798,N,ASHLAND AVE,1931,,,,,,,2,NO INDICATION OF INJURY,0,0,0,0,0,2,0,9,4,7,41.9323127255,-87.6685372403,POINT (-87.66853724028 41.932312725534)
591e245199ac5ff1ed5152839ee52faff4aecef5fbf7da3228e7d4610e6cc232bfc9c728f8a5502de3c38308b2d351968bfbc4e64fdb51dcc37ffcaacbf6be6a,,07/23/2025 09:45:00 AM,35,TRAFFIC SIGNAL,FUNCTIONING PROPERLY,CLEAR,DAYLIGHT,OTHER NONCOLLISION,DIVIDED - W/MEDIAN (NOT RAISED),,STRAIGHT AND LEVEL,DRY,NO DEFECTS,ON SCENE,INJURY AND / OR TOW DUE TO CRASH,Y,,,"OVER $1,500",07/23/2025 10:00:00 AM,UNABLE TO DETERMINE,NOT APPLICABLE,8800,W,LAWRENCE AVE,1614,,,,,,,1,NO INDICATION OF INJURY,0,0,0,0,0,1,0,9,4,7,41.9665032209,-87.8469943855,POINT (-87.846994385504 41.966503220869)
c89e65158474e2431bc7d716f7fa1094e12f16ba1d472956fb3fb8ed9088877645ff2188b6fd5449bd7ef63bc137305ea3eeee592da5bd0e6eb9def80ec09720,,07/23/2025 09:45:00 AM,30,TRAFFIC SIGNAL,FUNCTIONING PROPERLY,CLEAR,DAYLIGHT,TURNING,DIVIDED - W/MEDIAN BARRIER,,STRAIGHT AND LEVEL,DRY,NO DEFECTS,ON SCENE,NO INJURY / DRIVE AWAY,,,,"OVER $1,500",07/23/2025 10:39:00 AM,UNABLE TO DETERMINE,UNABLE TO DETERMINE,4758,W,47TH ST,815,,,,,,,2,NO INDICATION OF INJURY,0,0,0,0,0,2,0,9,4,7,41.807737271,-87.7431076076,POINT (-87.743107607634 41.807737271022)
e2791673442064cfbf13da68755a23d4f89bb35050835b1ea6c1759e458f289125d2960443bc2531e9361742e99dded697e45dca47711a86be8db4c72c70d32e,,07/23/2025 09:40:00 AM,30,STOP SIGN/FLASHER,FUNCTIONING PROPERLY,CLEAR,DAYLIGHT,ANGLE,T-INTERSECTION,,STRAIGHT AND LEVEL,DRY,NO DEFECTS,ON SCENE,INJURY AND / OR TOW DUE TO CRASH,Y,,,"OVER $1,500",07/23/2025 09:43:00 AM,DISREGARDING STOP SIGN,FAILING TO YIELD RIGHT-OF-WAY,4130,S,LA SALLE ST,213,,,,,,,2,NO INDICATION OF INJURY,0,0,0,0,0,4,0,9,4,7,41.8191909858,-87.6296364884,POINT (-87.629636488446 41.819190985754)
0cea485804e8d12e3dbb69ba92512a73ecb0cf862664f7f0804bb3bb1a054d822f5f3604875bc71ee49d5a4c711c1d7537de810475a708908be7407f511c248a,,07/23/2025 09:35:00 AM,30,UNKNOWN,UNKNOWN,CLEAR,DAYLIGHT,REAR END,ONE-WAY,,STRAIGHT AND LEVEL,DRY,NO DEFECTS,ON SCENE,INJURY AND / OR TOW DUE TO CRASH,,,,"OVER $1,500",07/23/2025 09:42:00 AM,UNABLE TO DETERMINE,UNABLE TO DETERMINE,600,S,INDEPENDENCE BLVD,1133,,Y,,,,,2,NO INDICATION OF INJURY,0,0,0,0,0,2,0,9,4,7,41.8734674235,-87.7205108596,POINT (-87.72051085957 41.873467423537)
73eff3b33ecb28525dc65c6718502d7780fc1a6d21121b929e361152fa36e3c2d23276fad413ae3f57ae2e4ad448fab8fea97550506631529130f65071ce165f,,07/23/2025 09:35:00 AM,45,NO CONTROLS,NO CONTROLS,CLEAR,DAYLIGHT,SIDESWIPE SAME DIRECTION,DIVIDED - W/MEDIAN BARRIER,,STRAIGHT ON GRADE,UNKNOWN,UNKNOWN,ON SCENE,NO INJURY / DRIVE AWAY,,,,"OVER $1,500",07/23/2025 09:40:00 AM,IMPROPER LANE USAGE,IMPROPER LANE USAGE,4301,S,LAKE SHORE DR NB,222,,,,,,,2,NO INDICATION OF INJURY,0,0,0,0,0,3,0,9,4,7,41.8169017983,-87.5946931829,POINT (-87.594693182865 41.816901798316)
27d0450b801c9a69351d417fe9eefdf49f562b3d188a53c1b91304c1694124924d938a21c485f14ff2e78937c08c50555f8fcec0ca031625aa9e8383bd92184a,,07/23/2025 09:30:00 AM,40,TRAFFIC SIGNAL,FUNCTIONING PROPERLY,CLEAR,DAYLIGHT,SIDESWIPE SAME DIRECTION,NOT DIVIDED,,STRAIGHT AND LEVEL,DRY,NO DEFECTS,ON SCENE,NO INJURY / DRIVE AWAY,,,,"OVER $1,500",07/23/2025 10:20:00 AM,UNABLE TO DETERMINE,UNABLE TO DETERMINE,13598,S,TORRENCE AVE,434,,,,,,,2,NO INDICATION OF INJURY,0,0,0,0,0,2,0,9,4,7,41.6482899145,-87.5594398333,POINT (-87.559439833323 41.648289914458)
4b1db682eaddcb812e9e59925e66b6f76a588922b5905aa5814ffab7745325b7aa49799e098d993ddb63e0faabce37adb9bf54dcbe1605a1bd20e924878ffc34,,07/23/2025 09:30:00 AM,30,NO CONTROLS,NO CONTROLS,UNKNOWN,DAYLIGHT,PARKED MOTOR VEHICLE,ONE-WAY,,STRAIGHT AND LEVEL,UNKNOWN,UNKNOWN,NOT ON SCENE (DESK REPORT),NO INJURY / DRIVE AWAY,,,Y,"OVER $1,500",07/23/2025 04:30:00 PM,UNABLE TO DETERMINE,NOT APPLICABLE,1500,W,19TH ST,1233,,,,,,,2,NO INDICATION OF INJURY,0,0,0,0,0,1,0,9,4,7,41.8561298651,-87.6638357099,POINT (-87.663835709854 41.8561298651)
8cd7802a17adaf449c811b297d0b63369f9ae0e7582e13905bd31c4ff2f0405ac8d7cb9d7314a33b82bc573d5ff88f34003b11b9f3253fb6b8924e952d24f8ff,,07/23/2025 09:30:00 AM,30,NO CONTROLS,NO CONTROLS,CLEAR,DAYLIGHT,SIDESWIPE SAME DIRECTION,DIVIDED - W/MEDIAN BARRIER,,STRAIGHT AND LEVEL,UNKNOWN,UNKNOWN,NOT ON SCENE (DESK REPORT),NO INJURY / DRIVE AWAY,,,Y,"OVER $1,500",07/23/2025 10:00:00 AM,IMPROPER LANE USAGE,IMPROPER LANE USAGE,1301,S,COLUMBUS DR,132,,,,,,,2,NO INDICATION OF INJURY,0,0,0,0,0,2,0,9,4,7,41.8657646918,-87.6196056724,POINT (-87.619605672389 41.865764691841)
6d34cbe315a7ead6bfc59fa7fc22435caa23172056a6af9a1532a0a4fba5ce6a99e265ab8e2a63d36dcea3b2b80e597fc07b7d65ff0eba686878b315100c3f41,,07/23/2025 09:21:00 AM,30,TRAFFIC SIGNAL,FUNCTIONING PROPERLY,CLEAR,DAYLIGHT,PEDESTRIAN,FOUR WAY,,STRAIGHT AND LEVEL,DRY,NO DEFECTS,ON SCENE,INJURY AND / OR TOW DUE TO CRASH,,,Y,"$501 - $1,500",07/23/2025 09:25:00 AM,TURNING RIGHT ON RED,TURNING RIGHT ON RED,534,W,ROOSEVELT RD,124,Y,,,,,,2,NONINCAPACITATING INJURY,1,0,0,1,0,1,0,9,4,7,41.8673516348,-87.6406485768,POINT (-87.640648576774 41.867351634791)
4f7c46c7b9552d2e3de3d5267ebbc1e68aa8cb73aefc0f97c0b95586e7aeb642a4b01cffafa824fa504ab2b8cbdbc9c39928656585abdd9adaad3acd7699723f,Y,07/23/2025 09:20:00 AM,20,NO CONTROLS,NO CONTROLS,CLEAR,DAYLIGHT,SIDESWIPE SAME DIRECTION,DIVIDED - W/MEDIAN (NOT RAISED),,STRAIGHT AND LEVEL,DRY,NO DEFECTS,NOT ON SCENE (DESK REPORT),NO INJURY / DRIVE AWAY,,,Y,"OVER $1,500",07/23/2025 09:30:00 AM,UNABLE TO DETERMINE,UNABLE TO DETERMINE,5704,W,MADISON ST,1513,,,,,,,2,NO INDICATION OF INJURY,0,0,0,0,0,2,0,9,4,7,41.8803000024,-87.7683706767,POINT (-87.768370676723 41.880300002404)
7f8899b6e14b17194599acff90a2051a673883d96e78e076052f81d05f6a1538ddd38b125a1eb468cef9f3e70795824eacd53d1b97ea1b36a8ca372ef41607a5,,07/23/2025 09:04:00 AM,30,NO CONTROLS,NO CONTROLS,CLEAR,DAYLIGHT,FIXED OBJECT,NOT DIVIDED,,STRAIGHT AND LEVEL,DRY,NO DEFECTS,ON SCENE,INJURY AND / OR TOW DUE TO CRASH,,,,"OVER $1,500",07/23/2025 09:05:00 AM,UNABLE TO DETERMINE,NOT APPLICABLE,835,N,CICERO AVE,1111,,Y,,,,,2,NO INDICATION OF INJURY,0,0,0,0,0,1,0,9,4,7,41.8959984377,-87.7456846788,POINT (-87.745684678847 41.895998437656)
468b7262d840aa37b4c673677c9348103a09dbda142afce7842fc3dc273906093fb4d25e43164dff94c02f74ddad1852a41f971d5e40e2b3503c7263bcd0157c,,07/23/2025 09:00:00 AM,30,UNKNOWN,UNKNOWN,CLEAR,DAYLIGHT,SIDESWIPE SAME DIRECTION,NOT DIVIDED,,STRAIGHT AND LEVEL,UNKNOWN,UNKNOWN,NOT ON SCENE (DESK REPORT),NO INJURY / DRIVE AWAY,,,Y,"OVER $1,500",07/23/2025 06:40:00 PM,UNABLE TO DETERMINE,UNABLE TO DETERMINE,1,N,FRANKLIN ST,122,,,,,,,2,NO INDICATION OF INJURY,0,0,0,0,0,2,0,9,4,7,41.881967467,-87.6351654428,POINT (-87.635165442847 41.881967467024)
b98ec79be656a3427c544f972ea34f00aff6350ef099084322d10846a3c887174095e5f8f7292a02c82c375a68aaf82ff2a2248fb0b4ccafa11db31ccfb8a00e,,07/23/2025 09:00:00 AM,35,NO CONTROLS,NO CONTROLS,CLEAR,DAYLIGHT,REAR END,NOT DIVIDED,,STRAIGHT AND LEVEL,DRY,NO DEFECTS,NOT ON SCENE (DESK REPORT),NO INJURY / DRIVE AWAY,,,,"$501 - $1,500",07/23/2025 04:05:00 PM,UNABLE TO DETERMINE,NOT APPLICABLE,2700,N,WESTERN AVE,1411,,,,,,,2,NO INDICATION OF INJURY,0,0,0,0,0,2,0,9,4,7,41.9304398045,-87.6879910538,POINT (-87.687991053795 41.93043980451)
74ef73137b42abb64c9fa6270d8a23af8fed7d21e054cf64ed65415f92a582f86ff0283bc0f21fb0e503b28beec7053e4cd3caecf3218717bf00dc79b50788bd,,07/23/2025 08:57:00 AM,30,TRAFFIC SIGNAL,FUNCTIONING PROPERLY,CLEAR,DAYLIGHT,SIDESWIPE SAME DIRECTION,NOT DIVIDED,,STRAIGHT AND LEVEL,DRY,NO DEFECTS,NOT ON SCENE (DESK REPORT),NO INJURY / DRIVE AWAY,,,,"OVER $1,500",07/23/2025 09:47:00 AM,UNABLE TO DETERMINE,NOT APPLICABLE,500,S,WESTERN AVE,1135,,,,,,,2,NO INDICATION OF INJURY,0,0,0,0,0,2,0,8,4,7,41.8749414913,-87.6864061638,POINT (-87.686406163825 41.87494149131)
70fad1cd0a18ed18a02e1cfdb0631c5b1c55ebb593f7ca7a4b7af455792b4955ccfe0a10ad47e8c3ba7373ba903014d35b1cfb7b572da7f71ecbcbbf567b5f99,,07/23/2025 08:55:00 AM,30,NO CONTROLS,NO CONTROLS,CLEAR,DAYLIGHT,TURNING,DIVIDED - W/MEDIAN (NOT RAISED),,STRAIGHT AND LEVEL,DRY,NO DEFECTS,ON SCENE,NO INJURY / DRIVE AWAY,,,,"$501 - $1,500",07/23/2025 09:01:00 AM,FAILING TO YIELD RIGHT-OF-WAY,NOT APPLICABLE,6338,N,CLARK ST,2433,,N,,,,,2,NO INDICATION OF INJURY,0,0,0,0,0,3,0,8,4,7,41.9974413304,-87.6705687049,POINT (-87.670568704899 41.997441330371)
af3a076d5251dca3af88c009964b953e60439b55edb7ef5d515451904fead347c3a7488760374f2aad04469600c21f529784654c2695e30db4025eb4e71387d1,,07/23/2025 08:55:00 AM,30,NO CONTROLS,NO CONTROLS,CLEAR,DAYLIGHT,TURNING,NOT DIVIDED,,STRAIGHT AND LEVEL,DRY,NO DEFECTS,NOT ON SCENE (DESK REPORT),NO INJURY / DRIVE AWAY,,,Y,"OVER $1,500",07/23/2025 09:45:00 AM,IMPROPER TURNING/NO SIGNAL,NOT APPLICABLE,1430,E,87TH ST,412,,,,,,,2,NO INDICATION OF INJURY,0,0,0,0,0,2,0,8,4,7,41.7369766993,-87.5890749246,POINT (-87.589074924615 41.736976699308)
ba0ea6e8c38685e3702219c2b7776f258472b9e3ad01ce9b998971a06985e34dc4f797e37b47dbb08c78e3b8421be14236466a73adf90c3c68506723bbd5e088,,07/23/2025 08:52:00 AM,30,TRAFFIC SIGNAL,FUNCTIONING PROPERLY,CLEAR,DAYLIGHT,TURNING,FOUR WAY,,STRAIGHT AND LEVEL,DRY,NO DEFECTS,NOT ON SCENE (DESK REPORT),NO INJURY / DRIVE AWAY,Y,,,"OVER $1,500",07/23/2025 10:00:00 AM,UNABLE TO DETERMINE,NOT APPLICABLE,200,S,WACKER DR,122,,,,,,,2,NO INDICATION OF INJURY,0,0,0,0,0,2,0,8,4,7,41.87928364,-87.6371007044,POINT (-87.637100704438 41.879283639964)
bb910a42f2ff38730cc0165659a260e4b913e6b33e21ac1e6010a522a9e94436940a91194cc697e8fff55e7dc16b46652085a292bcacd55e9b21ce3efcfd0410,,07/23/2025 08:51:00 AM,30,NO CONTROLS,NO CONTROLS,CLEAR,DAYLIGHT,PARKED MOTOR VEHICLE,NOT DIVIDED,,STRAIGHT AND LEVEL,DRY,NO DEFECTS,,NO INJURY / DRIVE AWAY,,,N,"OVER $1,500",07/23/2025 04:30:00 PM,UNABLE TO DETERMINE,UNABLE TO DETERMINE,821,E,53RD ST,233,,,,,,,2,NO INDICATION OF INJURY,0,0,0,0,0,1,0,8,4,7,41.7985202311,-87.605365793,POINT (-87.605365793001 41.798520231058)
3609ee764c65f10590d1e3bcec11ebb7d7a42f6deede2e6e0482b8a15aaf1f585569538f801e19b4852c840961f0bc151611a0c0ec79c4198453902e107be661,,07/23/2025 08:50:00 AM,30,TRAFFIC SIGNAL,FUNCTIONING PROPERLY,CLEAR,DAYLIGHT,REAR END,NOT DIVIDED,,STRAIGHT AND LEVEL,DRY,NO DEFECTS,NOT ON SCENE (DESK REPORT),NO INJURY / DRIVE AWAY,,,,"OVER $1,500",07/26/2025 08:00:00 PM,FOLLOWING TOO CLOSELY,UNABLE TO DETERMINE,4872,W,NORTH AVE,2533,,,,,,,2,NO INDICATION OF INJURY,0,0,0,0,0,2,0,8,4,7,41.9097016931,-87.7487033385,POINT (-87.748703338472 41.909701693146)
608788dbaf28d214472264ecaf36d84e429c3074421098c7de175c1d38bc0262a92a16139bb0d60d6b48736301394eef51652224567b13a0eb6dc5d8d28f0f71,,07/23/2025 08:50:00 AM,30,TRAFFIC SIGNAL,FUNCTIONING PROPERLY,CLEAR,DAYLIGHT,REAR END,NOT DIVIDED,,STRAIGHT AND LEVEL,DRY,NO DEFECTS,ON SCENE,INJURY AND / OR TOW DUE TO CRASH,,,,"OVER $1,500",07/23/2025 09:00:00 AM,FAILING TO REDUCE SPEED TO AVOID CRASH,NOT APPLICABLE,1939,N,CICERO AVE,2533,,,,,,,2,NO INDICATION OF INJURY,0,0,0,0,0,4,0,8,4,7,41.9162768688,-87.7459262596,POINT (-87.745926259635 41.916276868767)
6b980e3c41d5230233dc66d60fe5967674536b1825b19ab6456a2c5086fcc99116f7c779046b17e519c03a64d923d57a5fbe1d521199514f07df6e31b9a52554,,07/23/2025 08:50:00 AM,30,NO CONTROLS,NO CONTROLS,CLEAR,DAYLIGHT,REAR TO FRONT,NOT DIVIDED,,STRAIGHT AND LEVEL,UNKNOWN,UNKNOWN,NOT ON SCENE (DESK REPORT),INJURY AND / OR TOW DUE TO CRASH,,,,"$501 - $1,500",07/23/2025 09:11:00 AM,UNABLE TO DETERMINE,UNABLE TO DETERMINE,4039,W,63RD ST,813,,,,,,,2,"REPORTED, NOT EVIDENT",1,0,0,0,1,2,0,8,4,7,41.7785286366,-87.7242778586,POINT (-87.72427785863 41.778528636637)
9eb92e84d134bc1a1b24b1e98a60461424a176507106b2966b1e8155e95fb3353e341afaea6f965f59f056b42f8afd12b8fe964f86e2646e8e309c387eaf765c,,07/23/2025 08:50:00 AM,30,NO CONTROLS,NO CONTROLS,CLEAR,DAYLIGHT,TURNING,FOUR WAY,,STRAIGHT AND LEVEL,DRY,NO DEFECTS,ON SCENE,INJURY AND / OR TOW DUE TO CRASH,Y,,,"OVER $1,500",07/23/2025 08:55:00 AM,FAILING TO YIELD RIGHT-OF-WAY,NOT APPLICABLE,2438,W,LAKE ST,1222,,,,,,,2,NO INDICATION OF INJURY,0,0,0,0,0,2,0,8,4,7,41.8846927743,-87.6879679904,POINT (-87.687967990354 41.884692774288)
4ae88c1ed2ed981fc322efce165ff7421ad4bd7ed38451e858c643e1ac64fae2ffe0f2900d0f9174d28a198c5714ed5c185688c64c5ecc4a7c14097164d62ad6,,07/23/2025 08:45:00 AM,30,NO CONTROLS,NO CONTROLS,CLEAR,DAYLIGHT,PARKED MOTOR VEHICLE,DIVIDED - W/MEDIAN BARRIER,,STRAIGHT AND LEVEL,DRY,NO DEFECTS,ON SCENE,NO INJURY / DRIVE AWAY,,,,$500 OR LESS,07/23/2025 08:48:00 AM,IMPROPER OVERTAKING/PASSING,FAILING TO REDUCE SPEED TO AVOID CRASH,4108,S,ARCHER AVE,921,,,,,,,2,NO INDICATION OF INJURY,0,0,0,0,0,1,0,8,4,7,41.818937475,-87.6965728831,POINT (-87.696572883061 41.81893747502)