CRASH_RECORD_ID,CRASH_DATE_EST_I,CRASH_DATE,POSTED_SPEED_LIMIT,TRAFFIC_CONTROL_DEVICE,DEVICE_CONDITION,WEATHER_CONDITION,LIGHTING_CONDITION,FIRST_CRASH_TYPE,TRAFFICWAY_TYPE,LANE_CNT,ALIGNMENT,ROADWAY_SURFACE_COND,ROAD_DEFECT,REPORT_TYPE,CRASH_TYPE,INTERSECTION_RELATED_I,NOT_RIGHT_OF_WAY_I,HIT_AND_RUN_I,DAMAGE,DATE_POLICE_NOTIFIED,PRIM_CONTRIBUTORY_CAUSE,SEC_CONTRIBUTORY_CAUSE,STREET_NO,STREET_DIRECTION,STREET_NAME,BEAT_OF_OCCURRENCE,PHOTOS_TAKEN_I,STATEMENTS_TAKEN_I,DOORING_I,WORK_ZONE_I,WORK_ZONE_TYPE,WORKERS_PRESENT_I,NUM_UNITS,MOST_SEVERE_INJURY,INJURIES_TOTAL,INJURIES_FATAL,INJURIES_INCAPACITATING,INJURIES_NON_INCAPACITATING,INJURIES_REPORTED_NOT_EVIDENT,INJURIES_NO_INDICATION,INJURIES_UNKNOWN,CRASH_HOUR,CRASH_DAY_OF_WEEK,CRASH_MONTH,LATITUDE,LONGITUDE,LOCATION
340f9a031a4e77ce2fb5a38d41943a0d761995fff051fbb5a3a00083323948b7831058716060c5aab43f264ecdf06d9af689245be6a33336223b8bf4f878f4ca,,07/23/2025 08:40:00 AM,30,UNKNOWN,UNKNOWN,UNKNOWN,DAYLIGHT,SIDESWIPE SAME DIRECTION,UNKNOWN,,STRAIGHT AND LEVEL,UNKNOWN,UNKNOWN,NOT ON SCENE (DESK REPORT),NO INJURY / DRIVE AWAY,,,Y,"OVER $1,500",07/24/2025 05:00:00 PM,UNABLE TO DETERMINE,UNABLE TO DETERMINE,5900,S,WOOD ST,714,,,,,,,2,NO INDICATION OF INJURY,0,0,0,0,0,2,0,8,4,7,41.7865938783,-87.6693880146,POINT (-87.669388014579 41.786593878316)
66aef8a3beb466266cc31eb09e00eb3a8f1376be124bf14c60f2388a9df9e417bd7f2fd7b23aa229c847a90d7d34247db495b43e08b069d27d29816e0842fa51,Y,07/23/2025 08:40:00 AM,30,NO CONTROLS,NO CONTROLS,CLEAR,DAYLIGHT,SIDESWIPE SAME DIRECTION,OTHER,,STRAIGHT AND LEVEL,DRY,NO DEFECTS,ON SCENE,INJURY AND / OR TOW DUE TO CRASH,,,,"OVER $1,500",07/23/2025 08:59:00 AM,UNABLE TO DETERMINE,NOT APPLICABLE,5828,N,CLARK ST,2012,,,,,,,2,NONINCAPACITATING INJURY,1,0,0,1,0,4,0,8,4,7,41.9876043938,-87.6698649828,POINT (-87.669864982773 41.987604393814)
b85e485fcd7cf891eace7cb65de9055295ff4373760d5e75cb9739456071fdf5c290a1f4030ac96572e4dc5685a5c3dafacdc2d25fac81319b3995c551c2e156,,07/23/2025 08:40:00 AM,30,OTHER REG. SIGN,FUNCTIONING PROPERLY,CLEAR,DAYLIGHT,PARKED MOTOR VEHICLE,FOUR WAY,,STRAIGHT AND LEVEL,DRY,NO DEFECTS,NOT ON SCENE (DESK REPORT),NO INJURY / DRIVE AWAY,Y,,,"OVER $1,500",07/23/2025 11:23:00 AM,DRIVING SKILLS/KNOWLEDGE/EXPERIENCE,UNABLE TO DETERMINE,1755,N,KIMBALL AVE,1422,,,,,,,2,NO INDICATION OF INJURY,0,0,0,0,0,1,0,8,4,7,41.9134178617,-87.71164526,POINT (-87.711645259983 41.913417861664)
01d848bae2de94070f88b38b8ed272beef8c809ad0ff6e5f09a448d913317f464592fd597d6a122217f03b94c9901c0dfc87222417ba2a8d5d5b42a33c80db85,Y,07/23/2025 08:30:00 AM,30,NO CONTROLS,NO CONTROLS,CLEAR,DAYLIGHT,PARKED MOTOR VEHICLE,NOT DIVIDED,,STRAIGHT AND LEVEL,DRY,NO DEFECTS,ON SCENE,INJURY AND / OR TOW DUE TO CRASH,,,Y,"$501 - $1,500",07/23/2025 05:23:00 PM,UNABLE TO DETERMINE,UNABLE TO DETERMINE,4218,N,KILPATRICK AVE,1722,,,,,,,2,NO INDICATION OF INJURY,0,0,0,0,0,1,0,8,4,7,41.9576867116,-87.7458690265,POINT (-87.745869026492 41.957686711554)
5741592b0587b17a6338ea84afdd290b65cce2b517e39f98b28c8c6cb3516ac97f54084ce56f44521ac567408073abafb73cb2082241a1ea2ab29baf7283de7c,,07/23/2025 08:30:00 AM,20,STOP SIGN/FLASHER,FUNCTIONING PROPERLY,CLEAR,DAYLIGHT,PARKED MOTOR VEHICLE,NOT DIVIDED,,STRAIGHT AND LEVEL,DRY,UNKNOWN,ON SCENE,NO INJURY / DRIVE AWAY,,,,"OVER $1,500",07/23/2025 08:31:00 AM,DRIVING SKILLS/KNOWLEDGE/EXPERIENCE,DRIVING SKILLS/KNOWLEDGE/EXPERIENCE,3579,W,WABANSIA AVE,1422,,,,,,,2,NO INDICATION OF INJURY,0,0,0,0,0,1,0,8,4,7,41.911705331,-87.7164480221,POINT (-87.71644802205 41.911705330981)
54fdaa5ecc4b45d96ffb8bade3126b4ee99488e3f06cf36d01407b1e3c00dfddb248d77ed4d4e5908b7e0cd6f45dbfd60bcd35470f23adeccc00034710d6a409,,07/23/2025 08:29:00 AM,30,STOP SIGN/FLASHER,FUNCTIONING PROPERLY,CLEAR,DAYLIGHT,ANGLE,FOUR WAY,,STRAIGHT AND LEVEL,DRY,NO DEFECTS,NOT ON SCENE (DESK REPORT),NO INJURY / DRIVE AWAY,Y,,,"OVER $1,500",07/23/2025 08:55:00 AM,UNABLE TO DETERMINE,NOT APPLICABLE,1302,S,DAMEN AVE,1233,,,,,,,2,NO INDICATION OF INJURY,0,0,0,0,0,3,0,8,4,7,41.8648278368,-87.676340868,POINT (-87.676340867971 41.864827836823)
843e5a65f69223fb5d4fe0aaf3e575a1ff6ae0c8c3b49d582909900adbd4660bf7d61353f3526fcdc35b19f4eac7f2ebe140ffe3078fd4fdead6ff3e2922c58f,,07/23/2025 08:24:00 AM,40,NO CONTROLS,NO CONTROLS,CLEAR,DAYLIGHT,REAR END,NOT DIVIDED,,CURVE ON GRADE,DRY,NO DEFECTS,ON SCENE,INJURY AND / OR TOW DUE TO CRASH,,,,"OVER $1,500",07/23/2025 08:26:00 AM,FAILING TO REDUCE SPEED TO AVOID CRASH,FOLLOWING TOO CLOSELY,1701,N,LAKE SHORE DR SB,1814,,,,,,,3,NO INDICATION OF INJURY,0,0,0,0,0,3,0,8,4,7,41.9131737749,-87.6261958658,POINT (-87.626195865821 41.913173774861)
693c8d64577abc9883bd6efa490fdca58da7e6fe14d6d2f6bdc087fb004039c46eade315451c5a99ec2ad01543a025ffe98272fecb061a01b6b12b3d0a5b5652,,07/23/2025 08:15:00 AM,30,TRAFFIC SIGNAL,FUNCTIONING PROPERLY,CLEAR,DAYLIGHT,PEDALCYCLIST,T-INTERSECTION,,STRAIGHT AND LEVEL,DRY,NO DEFECTS,ON SCENE,INJURY AND / OR TOW DUE TO CRASH,Y,,,$500 OR LESS,07/23/2025 08:18:00 AM,UNABLE TO DETERMINE,UNABLE TO DETERMINE,2000,W,PERSHING RD,912,,Y,,,,,3,NONINCAPACITATING INJURY,2,0,0,2,0,1,0,8,4,7,41.8232207071,-87.6751544847,POINT (-87.675154484737 41.823220707077)
8bcb29b2fdf021cf4afb421e2c07d2efd9a0d7d98f1c890980e4a703a16c9692f4ca7935359dfae32a411b7e9a232d62d32f84b05e03b199ea7a9606dfafa6df,,07/23/2025 08:15:00 AM,35,NO CONTROLS,NO CONTROLS,CLEAR,DAYLIGHT,FIXED OBJECT,ONE-WAY,,STRAIGHT AND LEVEL,OTHER,"RUT, HOLES",ON SCENE,INJURY AND / OR TOW DUE TO CRASH,,,,"OVER $1,500",07/23/2025 08:35:00 AM,ROAD ENGINEERING/SURFACE/MARKING DEFECTS,NOT APPLICABLE,11700,S,MARSHFIELD AVE,2234,,,,,,,2,NO INDICATION OF INJURY,0,0,0,0,0,1,0,8,4,7,41.6812752395,-87.6626173481,POINT (-87.662617348136 41.681275239495)
c8712a9edcc4de972d8f33f483878b64a8acbd165320fb3ac8d946196a4063d5a79cdc9ed75338435ef838804f8cf6e6b88357e7d2a103e7efa2bb107641734b,,07/23/2025 08:00:00 AM,25,TRAFFIC SIGNAL,FUNCTIONING PROPERLY,CLEAR,DAYLIGHT,ANGLE,NOT DIVIDED,,STRAIGHT AND LEVEL,DRY,NO DEFECTS,ON SCENE,INJURY AND / OR TOW DUE TO CRASH,,,,"OVER $1,500",07/23/2025 09:00:00 AM,IMPROPER OVERTAKING/PASSING,NOT APPLICABLE,7440,N,SHERIDAN RD,2422,,,,,,,2,NO INDICATION OF INJURY,0,0,0,0,0,2,0,8,4,7,42.0174126313,-87.6656395964,POINT (-87.665639596351 42.017412631318)
6efbbf1b99cccbf818e4f1d695336ee3a99bad6af842cf84dea5fcc55ae328205e28e5f77e0fd1960872367ab0cb3200dbc3b718cefb82e31f912fad38055ed5,,07/23/2025 07:50:00 AM,10,NO CONTROLS,NO CONTROLS,CLEAR,DAYLIGHT,REAR END,PARKING LOT,,STRAIGHT AND LEVEL,DRY,UNKNOWN,NOT ON SCENE (DESK REPORT),NO INJURY / DRIVE AWAY,,Y,,"OVER $1,500",07/23/2025 06:30:00 PM,FOLLOWING TOO CLOSELY,NOT APPLICABLE,5020,N,NORTHWEST HWY,1623,,,,,,,2,NO INDICATION OF INJURY,0,0,0,0,0,2,0,7,4,7,41.9719374716,-87.763500603,POINT (-87.763500602971 41.971937471585)
0c51f2e17458b46de0f1d2564f74bd20379297aa1fdb1d9fc4a28b5e3802c2798de8a7cdff3540f499ef08843b4c519a46ff63bf50deee16c75019590e8620d4,,07/23/2025 07:35:00 AM,15,NO CONTROLS,NO CONTROLS,CLEAR,DAYLIGHT,OTHER OBJECT,ALLEY,,STRAIGHT AND LEVEL,DRY,NO DEFECTS,ON SCENE,NO INJURY / DRIVE AWAY,,,,"OVER $1,500",07/23/2025 09:00:00 AM,UNABLE TO DETERMINE,NOT APPLICABLE,61,E,103RD PL,512,,,,,,,2,NO INDICATION OF INJURY,0,0,0,0,0,2,0,7,4,7,41.7061810341,-87.6213585775,POINT (-87.621358577469 41.706181034146)
6f25b92112b2eae88f413e67afd1e68ba57c78e20c02a35bd23a9093790182f8e96150b350ab0105b35bb143ccae3cc961cbf97e7a362cc91e1e421de75bfbcb,,07/23/2025 07:30:00 AM,30,NO CONTROLS,NO CONTROLS,CLEAR,DAYLIGHT,TURNING,ONE-WAY,,STRAIGHT AND LEVEL,DRY,UNKNOWN,NOT ON SCENE (DESK REPORT),NO INJURY / DRIVE AWAY,,,,"OVER $1,500",07/23/2025 07:59:00 AM,IMPROPER TURNING/NO SIGNAL,IMPROPER TURNING/NO SIGNAL,142,E,ONTARIO ST,1834,,,,,,,2,NO INDICATION OF INJURY,0,0,0,0,0,2,0,7,4,7,41.8934504163,-87.6238539096,POINT (-87.623853909642 41.893450416324)
855dc211024dc4ddbfb796fdda5142b47adc92ce950dfbcd10a23dc94cfab167ed8f60f5ea3e4e03ec5730cc3deefb48124b6484a8f132750343c689d32c2c29,,07/23/2025 07:26:00 AM,30,NO CONTROLS,NO CONTROLS,CLEAR,DAWN,REAR END,DIVIDED - W/MEDIAN (NOT RAISED),,STRAIGHT AND LEVEL,DRY,NO DEFECTS,NOT ON SCENE (DESK REPORT),NO INJURY / DRIVE AWAY,,,,"OVER $1,500",07/23/2025 05:00:00 PM,UNABLE TO DETERMINE,UNABLE TO DETERMINE,2400,N,LARAMIE AVE,2515,,,,,,,2,NO INDICATION OF INJURY,0,0,0,0,0,3,0,7,4,7,41.9241518743,-87.7562946618,POINT (-87.75629466175 41.924151874253)
0bc2a4c1ae39d2784f19763be4fd05dc4c8f525ee69c02bb8c0bc488678e8e3db907eac192b44b38d22e0a075b4174de166b0115a9b0b7a60fdc3583a4a30402,,07/23/2025 07:10:00 AM,30,NO CONTROLS,NO CONTROLS,CLEAR,DAYLIGHT,SIDESWIPE SAME DIRECTION,NOT DIVIDED,,STRAIGHT AND LEVEL,DRY,NO DEFECTS,NOT ON SCENE (DESK REPORT),NO INJURY / DRIVE AWAY,,,,"OVER $1,500",07/23/2025 07:37:00 AM,UNABLE TO DETERMINE,NOT APPLICABLE,2800,W,LAKE ST,1222,,,,,,,2,NO INDICATION OF INJURY,0,0,0,0,0,2,0,7,4,7,41.8843514783,-87.6964425612,POINT (-87.696442561207 41.884351478339)
41af813b23bf0e126f5d021435b04f85fc5486bbd1c5630097cf4a33773f47f44ff22bc1152977a7fce650e28eff6e093fa73b1ed678f85662724df4e0d0a09f,,07/23/2025 07:10:00 AM,30,NO CONTROLS,NO CONTROLS,CLEAR,DAYLIGHT,SIDESWIPE SAME DIRECTION,DIVIDED - W/MEDIAN (NOT RAISED),,STRAIGHT AND LEVEL,DRY,NO DEFECTS,ON SCENE,NO INJURY / DRIVE AWAY,,,Y,"OVER $1,500",07/23/2025 07:54:00 AM,DRIVING SKILLS/KNOWLEDGE/EXPERIENCE,NOT APPLICABLE,1837,S,WESTERN AVE,1234,,,,,,,2,NO INDICATION OF INJURY,0,0,0,0,0,2,0,7,4,7,41.8565216705,-87.6856092539,POINT (-87.685609253905 41.856521670514)
8b4c85461c547ec4c5da88596af4bda9161387cc35c0816a05184107e32e3ad508d0d9106f4b16672f72ecd322ff675afe9d33375ed5c6dcdc5016be867552ae,,07/23/2025 07:04:00 AM,30,NO CONTROLS,NO CONTROLS,CLEAR,DAYLIGHT,PARKED MOTOR VEHICLE,DIVIDED - W/MEDIAN (NOT RAISED),,STRAIGHT AND LEVEL,DRY,NO DEFECTS,NOT ON SCENE (DESK REPORT),NO INJURY / DRIVE AWAY,,,,"$501 - $1,500",07/23/2025 08:16:00 AM,UNABLE TO DETERMINE,UNABLE TO DETERMINE,8753,S,STONY ISLAND AVE,412,,,,,,,2,NO INDICATION OF INJURY,0,0,0,0,0,2,0,7,4,7,41.735361344,-87.5850143311,POINT (-87.585014331083 41.735361344043)
0db642497de9bcf97992c6ce6278bf43c704f639eccec4bfef82e09fa8f9682aad7a1563873652d619aa646beba3d0aedb8ef310a98c1c6414e3e376104c3e56,,07/23/2025 07:00:00 AM,25,UNKNOWN,UNKNOWN,UNKNOWN,UNKNOWN,REAR TO FRONT,ONE-WAY,,STRAIGHT AND LEVEL,UNKNOWN,UNKNOWN,NOT ON SCENE (DESK REPORT),NO INJURY / DRIVE AWAY,,,,"OVER $1,500",07/26/2025 05:05:00 PM,NOT APPLICABLE,NOT APPLICABLE,343,W,ERIE ST,1831,,,,,,,2,NO INDICATION OF INJURY,0,0,0,0,0,2,0,7,4,7,41.8938396145,-87.6372478158,POINT (-87.637247815817 41.893839614475)
aacd4730dd0bd4307501efccb6625c23c63d6838b21197e568b61b378f7974be88410d0d23ae79ba9c1dd8fefeb7573c700b1217486a064f552e0b2cf17758d5,,07/23/2025 07:00:00 AM,30,UNKNOWN,UNKNOWN,CLEAR,DAYLIGHT,SIDESWIPE SAME DIRECTION,NOT DIVIDED,,STRAIGHT AND LEVEL,UNKNOWN,UNKNOWN,NOT ON SCENE (DESK REPORT),NO INJURY / DRIVE AWAY,,,,"OVER $1,500",07/23/2025 08:00:00 PM,UNABLE TO DETERMINE,UNABLE TO DETERMINE,469,W,HURON ST,1831,,,,,,,2,NO INDICATION OF INJURY,0,0,0,0,0,2,0,7,4,7,41.8945933409,-87.6412414215,POINT (-87.641241421485 41.894593340917)
d79967ceec658dc1d7b1858e7b78a93312f7fdfe5c1aeedc8700648e915e5a7a7cfb1a857b2a97b80c18f544e1a2ed4b6677196b125c690bb4e5084397e7e7fa,,07/23/2025 06:50:00 AM,25,NO CONTROLS,NO CONTROLS,CLEAR,DAYLIGHT,PARKED MOTOR VEHICLE,NOT DIVIDED,,STRAIGHT AND LEVEL,DRY,NO DEFECTS,ON SCENE,NO INJURY / DRIVE AWAY,,,,"$501 - $1,500",07/23/2025 06:55:00 AM,FAILING TO REDUCE SPEED TO AVOID CRASH,NOT APPLICABLE,2556,W,117TH ST,2212,,,,,,,2,NO INDICATION OF INJURY,0,0,0,0,0,1,0,6,4,7,41.6809586648,-87.6854618729,POINT (-87.685461872902 41.680958664833)
fb34f27c117aef3035f7a0703a521f31e825772ec526546f4873e833b9bc18a8c233aad039a3543f40b6c43585c01771a7cfbe413ece23012be9470d8171e082,,07/23/2025 06:50:00 AM,30,NO CONTROLS,NO CONTROLS,CLEAR,DAYLIGHT,PARKED MOTOR VEHICLE,ONE-WAY,,STRAIGHT AND LEVEL,DRY,NO DEFECTS,NOT ON SCENE (DESK REPORT),NO INJURY / DRIVE AWAY,,,,"OVER $1,500",07/23/2025 12:00:00 PM,NOT APPLICABLE,NOT APPLICABLE,2335,N,ORCHARD ST,1812,,,,,,,2,NO INDICATION OF INJURY,0,0,0,0,0,1,0,6,4,7,41.9246926025,-87.6461638383,POINT (-87.646163838333 41.924692602532)
596e79d7f6d2635e6a851f4a4194f532642a9237827286a9eaa34b2e7a4c5e2e20edc8742c17533340810e7d7654d63a5a433fe530b71b1d8a2d794a83cf23e4,,07/23/2025 06:43:00 AM,30,NO CONTROLS,NO CONTROLS,CLEAR,DAYLIGHT,REAR END,NOT DIVIDED,,STRAIGHT AND LEVEL,DRY,UNKNOWN,ON SCENE,INJURY AND / OR TOW DUE TO CRASH,,,,"OVER $1,500",07/23/2025 06:48:00 AM,UNABLE TO DETERMINE,UNABLE TO DETERMINE,2811,N,CENTRAL PARK AVE,1412,,,,,,,2,NO INDICATION OF INJURY,0,0,0,0,0,3,0,6,4,7,41.9322537499,-87.7170534028,POINT (-87.717053402813 41.932253749904)
de3010958ab90bdd9db3bf25f8a2f78c272335650ca9c98817fd1fc249877ab6408c439184803b66c99b08f3d649070d04b6aa4471840d503fb9443f9b5c93c4,,07/23/2025 06:40:00 AM,30,NO CONTROLS,NO CONTROLS,CLEAR,DAYLIGHT,FIXED OBJECT,NOT DIVIDED,,STRAIGHT AND LEVEL,DRY,NO DEFECTS,ON SCENE,INJURY AND / OR TOW DUE TO CRASH,,,Y,"OVER $1,500",07/23/2025 06:40:00 AM,UNABLE TO DETERMINE,NOT APPLICABLE,5940,S,CENTRAL AVE,812,,,,,,,1,INCAPACITATING INJURY,3,0,3,0,0,1,0,6,4,7,41.7841411343,-87.7621177305,POINT (-87.762117730515 41.784141134303)
4077ed57dd4b89fa3f9e319115a73bb78baca8300ac513dd8017e8e5c145bd433d9e925645020ae8b833e8a50cba7b5ac2e8bc41cfd7ec56851abb922b1758e6,,07/23/2025 06:35:00 AM,30,TRAFFIC SIGNAL,UNKNOWN,CLEAR,DAYLIGHT,TURNING,NOT DIVIDED,,STRAIGHT AND LEVEL,UNKNOWN,UNKNOWN,NOT ON SCENE (DESK REPORT),NO INJURY / DRIVE AWAY,,,,"OVER $1,500",07/23/2025 06:50:00 AM,UNABLE TO DETERMINE,UNABLE TO DETERMINE,5159,N,NORTHWEST HWY,1623,,,,,,,2,NO INDICATION OF INJURY,0,0,0,0,0,2,0,6,4,7,41.9743205508,-87.7666309706,POINT (-87.766630970603 41.974320550831)
d3186b6370c5bb4497307311ef643c23bfa3a0581fb3595c4c53914f338587ecaeb0a9acff2dc17f4cc28844513fa2fc057b706bba9ee0b04b3aef42c7f73a0e,,07/23/2025 06:32:00 AM,30,NO CONTROLS,NO CONTROLS,CLEAR,DAYLIGHT,PARKED MOTOR VEHICLE,ONE-WAY,,STRAIGHT AND LEVEL,DRY,NO DEFECTS,ON SCENE,NO INJURY / DRIVE AWAY,,,Y,"OVER $1,500",07/23/2025 06:46:00 AM,IMPROPER LANE USAGE,FAILING TO REDUCE SPEED TO AVOID CRASH,4225,W,25TH PL,1013,,,,,,,3,NO INDICATION OF INJURY,0,0,0,0,0,1,0,6,4,7,41.8449742743,-87.7305526309,POINT (-87.730552630891 41.844974274308)
14ac1dbd3059b191cbb4291b38b1475ce215abe74e60851ecdf213eb59bea4c384534512ffcd9f9c5c8e80438f7352822128a6e1eea851787167255d1de35e12,,07/23/2025 06:30:00 AM,10,NO CONTROLS,NO CONTROLS,CLEAR,DAYLIGHT,PARKED MOTOR VEHICLE,PARKING LOT,,STRAIGHT AND LEVEL,DRY,NO DEFECTS,ON SCENE,NO INJURY / DRIVE AWAY,,,,"OVER $1,500",07/23/2025 07:30:00 AM,DRIVING SKILLS/KNOWLEDGE/EXPERIENCE,NOT APPLICABLE,5101,N,EAST RIVER RD,1614,,,,,,,2,NO INDICATION OF INJURY,0,0,0,0,0,1,0,6,4,7,41.9719792954,-87.8463849146,POINT (-87.846384914569 41.971979295446)
1c2c36adbdc561614f031b8d087e85c2f8754efdcf4ca68ff89814f29a7304de542a2dd48bb738faea98ce555836890b2e9133443c4dbaa69b9187e01e6965fd,,07/23/2025 06:15:00 AM,30,NO CONTROLS,NO CONTROLS,CLEAR,DAYLIGHT,TURNING,NOT DIVIDED,,STRAIGHT AND LEVEL,DRY,NO DEFECTS,ON SCENE,NO INJURY / DRIVE AWAY,,,Y,"OVER $1,500",07/23/2025 06:43:00 AM,IMPROPER TURNING/NO SIGNAL,IMPROPER TURNING/NO SIGNAL,917,N,KOSTNER AVE,1111,,,,,,,2,NO INDICATION OF INJURY,0,0,0,0,0,2,0,6,4,7,41.8976207853,-87.7358652354,POINT (-87.735865235374 41.897620785322)
73d74ee1a6940f1f89f5cad6392653e0681083266802b040fea7075b63a53cb4d71925e7d7da035620b0911acecaaa6306e2d325d463cc87d3ca9f6dfb0853f4,,07/23/2025 06:00:00 AM,35,NO CONTROLS,NO CONTROLS,CLEAR,DAWN,PARKED MOTOR VEHICLE,OTHER,,STRAIGHT AND LEVEL,DRY,NO DEFECTS,NOT ON SCENE (DESK REPORT),NO INJURY / DRIVE AWAY,,Y,,"$501 - $1,500",07/25/2025 08:40:00 AM,UNABLE TO DETERMINE,UNABLE TO DETERMINE,8438,S,STONY ISLAND AVE,412,,,,,,,2,NO INDICATION OF INJURY,0,0,0,0,0,2,0,6,4,7,41.7412301584,-87.5858909277,POINT (-87.585890927708 41.741230158403)
bcb46b556b651cfaefbed60ffad9d650c7d4828236130fdf7a991ce92b2259d3a0a3986cc38f9595ab832c17887a346b3ac1068675b1f60dd17ee3ec098cdcf4,,07/23/2025 06:00:00 AM,30,STOP SIGN/FLASHER,FUNCTIONING PROPERLY,CLEAR,DAYLIGHT,TURNING,T-INTERSECTION,,STRAIGHT AND LEVEL,DRY,NO DEFECTS,NOT ON SCENE (DESK REPORT),NO INJURY / DRIVE AWAY,Y,,,"OVER $1,500",07/23/2025 07:00:00 AM,"VISION OBSCURED (SIGNS, TREE LIMBS, BUILDINGS, ETC.)","VISION OBSCURED (SIGNS, TREE LIMBS, BUILDINGS, ETC.)",3131,N,LONG AVE,2514,,,,,,,2,NO INDICATION OF INJURY,0,0,0,0,0,2,0,6,4,7,41.9377791482,-87.7614170843,POINT (-87.761417084309 41.937779148219)
2ae198334da8a9bdea2a238438ac9803da1a6bd731c20d5807165cee013093ec51745e6e325f32bb3f5b6a0211faa996580f6085f8ea09bca774301fddec5082,,07/23/2025 05:45:00 AM,30,NO CONTROLS,NO CONTROLS,CLEAR,DAWN,TURNING,ONE-WAY,,STRAIGHT ON HILLCREST,DRY,NO DEFECTS,ON SCENE,INJURY AND / OR TOW DUE TO CRASH,,,,"OVER $1,500",07/23/2025 05:46:00 AM,DRIVING ON WRONG SIDE/WRONG WAY,FAILING TO YIELD RIGHT-OF-WAY,737,W,WASHINGTON BLVD,1224,Y,Y,,,,,2,NO INDICATION OF INJURY,0,0,0,0,0,2,0,5,4,7,41.8830393424,-87.6471736385,POINT (-87.647173638458 41.883039342376)
51f3cd9fdd104d11bef810ca7841912f8cdc7715d2b3a8c3dd55112ae878265acf240c0eec746c2883f2a091d28c11d8cb1639ac7030b555a78078e53d18f6da,,07/23/2025 05:35:00 AM,30,STOP SIGN/FLASHER,NO CONTROLS,CLEAR,DAYLIGHT,TURNING,T-INTERSECTION,,STRAIGHT AND LEVEL,DRY,NO DEFECTS,ON SCENE,INJURY AND / OR TOW DUE TO CRASH,Y,,,"OVER $1,500",07/23/2025 05:36:00 AM,FAILING TO YIELD RIGHT-OF-WAY,DISREGARDING STOP SIGN,3199,N,TRIPP AVE,2523,,,,,,,2,NO INDICATION OF INJURY,0,0,0,0,0,2,0,5,4,7,41.9389731727,-87.7328452255,POINT (-87.732845225527 41.938973172692)
c2cb7461c8876138469af721eb7d0b0a9a1ceefd9791164f8f34c5af13df56449d664c26d104b66e59511f3b0fc012267699418933fd7168898f66edc305abc1,,07/23/2025 05:14:00 AM,15,NO CONTROLS,NO CONTROLS,CLEAR,DAYLIGHT,PARKED MOTOR VEHICLE,NOT DIVIDED,,STRAIGHT AND LEVEL,DRY,NO DEFECTS,ON SCENE,INJURY AND / OR TOW DUE TO CRASH,,,,"OVER $1,500",07/23/2025 05:15:00 AM,FOLLOWING TOO CLOSELY,NOT APPLICABLE,6000,S,MULLIGAN AVE,812,,,,,,,2,NO INDICATION OF INJURY,0,0,0,0,0,2,0,5,4,7,41.7831065388,-87.7803896765,POINT (-87.780389676483 41.783106538812)
f4566443a16651c5a4276f24f8ea46c4a796b1dc5ce4ccdce2d654d5556f1e6526259d10b9d8b951c110c517ed7eaf6b6c421473b74d32c789c3186149190815,,07/23/2025 05:14:00 AM,30,TRAFFIC SIGNAL,FUNCTIONING PROPERLY,CLEAR,DAWN,TURNING,FOUR WAY,,STRAIGHT AND LEVEL,DRY,NO DEFECTS,ON SCENE,INJURY AND / OR TOW DUE TO CRASH,Y,,,"OVER $1,500",07/23/2025 05:17:00 AM,UNABLE TO DETERMINE,NOT APPLICABLE,4400,W,MADISON ST,1113,,,,,,,2,NONINCAPACITATING INJURY,2,0,0,2,0,0,0,5,4,7,41.8807189579,-87.735600609,POINT (-87.735600609006 41.880718957876)
62be2e0c5e0892e94a288ed3ad8777b8ef8e2b41b0f25e3e08ae42cd03dade91264fff30e5cb53e7c535367d056da3e710f204297b83079b08457b0e30172cd3,,07/23/2025 05:10:00 AM,30,NO CONTROLS,NO CONTROLS,CLEAR,DAYLIGHT,TURNING,NOT DIVIDED,,STRAIGHT AND LEVEL,DRY,NO DEFECTS,NOT ON SCENE (DESK REPORT),NO INJURY / DRIVE AWAY,,,Y,"OVER $1,500",07/23/2025 05:39:00 AM,UNABLE TO DETERMINE,NOT APPLICABLE,3725,W,CONGRESS PKWY,1133,,,,,,,2,NO INDICATION OF INJURY,0,0,0,0,0,4,0,5,4,7,41.8743608442,-87.7190365407,POINT (-87.719036540707 41.874360844246)
6d356450153d6eb3b69bb46fa4d0949b3b2290b3204f31966aadb31e672c5c1a40ac0a971d6e9adcc98df469ebe0e900d26715d722789c55d74338958da194e1,,07/23/2025 04:42:00 AM,30,TRAFFIC SIGNAL,FUNCTIONING PROPERLY,CLEAR,DAYLIGHT,ANGLE,NOT DIVIDED,,STRAIGHT AND LEVEL,DRY,NO DEFECTS,,INJURY AND / OR TOW DUE TO CRASH,Y,,Y,"OVER $1,500",07/23/2025 04:46:00 AM,UNDER THE INFLUENCE OF ALCOHOL/DRUGS (USE WHEN ARREST IS EFFECTED),DISREGARDING TRAFFIC SIGNALS,5100,S,CALIFORNIA AVE,923,Y,,,,,,2,NONINCAPACITATING INJURY,3,0,0,3,0,0,0,4,4,7,41.8008956363,-87.6941441217,POINT (-87.694144121738 41.800895636272)
c7296fc3224f2b2fbf0016839cea0a9adfd456329699207371b7d100dfb253ef4023043a452ea8f576d318325702e688461f94de48e6a07b0a24752077110d51,Y,07/23/2025 04:21:00 AM,30,NO CONTROLS,NO CONTROLS,CLEAR,"DARKNESS, LIGHTED ROAD",PARKED MOTOR VEHICLE,DIVIDED - W/MEDIAN (NOT RAISED),,STRAIGHT AND LEVEL,DRY,WORN SURFACE,ON SCENE,INJURY AND / OR TOW DUE TO CRASH,,,Y,"OVER $1,500",07/23/2025 04:22:00 AM,UNABLE TO DETERMINE,UNABLE TO DETERMINE,2536,S,WENTWORTH AVE,914,,,,,,,2,NO INDICATION OF INJURY,0,0,0,0,0,1,0,4,4,7,41.8461521003,-87.6321486355,POINT (-87.632148635537 41.846152100271)