CRASH_RECORD_ID,CRASH_DATE_EST_I,CRASH_DATE,POSTED_SPEED_LIMIT,TRAFFIC_CONTROL_DEVICE,DEVICE_CONDITION,WEATHER_CONDITION,LIGHTING_CONDITION,FIRST_CRASH_TYPE,TRAFFICWAY_TYPE,LANE_CNT,ALIGNMENT,ROADWAY_SURFACE_COND,ROAD_DEFECT,REPORT_TYPE,CRASH_TYPE,INTERSECTION_RELATED_I,NOT_RIGHT_OF_WAY_I,HIT_AND_RUN_I,DAMAGE,DATE_POLICE_NOTIFIED,PRIM_CONTRIBUTORY_CAUSE,SEC_CONTRIBUTORY_CAUSE,STREET_NO,STREET_DIRECTION,STREET_NAME,BEAT_OF_OCCURRENCE,PHOTOS_TAKEN_I,STATEMENTS_TAKEN_I,DOORING_I,WORK_ZONE_I,WORK_ZONE_TYPE,WORKERS_PRESENT_I,NUM_UNITS,MOST_SEVERE_INJURY,INJURIES_TOTAL,INJURIES_FATAL,INJURIES_INCAPACITATING,INJURIES_NON_INCAPACITATING,INJURIES_REPORTED_NOT_EVIDENT,INJURIES_NO_INDICATION,INJURIES_UNKNOWN,CRASH_HOUR,CRASH_DAY_OF_WEEK,CRASH_MONTH,LATITUDE,LONGITUDE,LOCATION
bd67bec82603c6da818fb7f3c2e35f8e526469adc9451afda2ea2987e0fa9c316d2b0b32ada2fc9e0c2960da6bd8ecd088599411d6da06fe04459a22f039c773,,07/23/2025 03:06:00 AM,20,NO CONTROLS,NO CONTROLS,CLEAR,"DARKNESS, LIGHTED ROAD",PARKED MOTOR VEHICLE,NOT DIVIDED,,STRAIGHT AND LEVEL,DRY,WORN SURFACE,ON SCENE,INJURY AND / OR TOW DUE TO CRASH,,,,"OVER $1,500",07/23/2025 03:06:00 AM,ANIMAL,ANIMAL,8401,S,HONORE ST,614,,,,,,,2,NO INDICATION OF INJURY,0,0,0,0,0,1,0,3,4,7,41.7410819349,-87.6691271835,POINT (-87.669127183485 41.741081934895)
950168ad1c55bb5f28530037f4e54b280001b6529ffc45f76584f4c224006e8ad019eda34cfd56bc40c53f7ee2547bc1a53ca66037148a67ce35a93bfbaac89f,,07/23/2025 02:31:00 AM,30,NO CONTROLS,NO CONTROLS,CLEAR,"DARKNESS, LIGHTED ROAD",PARKED MOTOR VEHICLE,ONE-WAY,,STRAIGHT AND LEVEL,DRY,NO DEFECTS,,INJURY AND / OR TOW DUE TO CRASH,,,Y,"OVER $1,500",07/23/2025 02:35:00 AM,UNABLE TO DETERMINE,UNABLE TO DETERMINE,10357,S,HALE AVE,2212,,,,,,,3,NO INDICATION OF INJURY,0,0,0,0,0,1,0,2,4,7,41.7049126644,-87.6686625223,POINT (-87.668662522319 41.704912664398)
264dccae3a229bcff41b94aa605592d9a4c248773032cc0770bfc6b738219a16253c415dcafe057f39910a34a652202c82535c969706f7335ae79e2b8019629f,,07/23/2025 01:56:00 AM,30,NO CONTROLS,NO CONTROLS,CLEAR,"DARKNESS, LIGHTED ROAD",SIDESWIPE SAME DIRECTION,NOT DIVIDED,,STRAIGHT AND LEVEL,DRY,NO DEFECTS,NOT ON SCENE (DESK REPORT),INJURY AND / OR TOW DUE TO CRASH,N,,,"$501 - $1,500",07/23/2025 02:00:00 AM,IMPROPER OVERTAKING/PASSING,DRIVING ON WRONG SIDE/WRONG WAY,528,E,75TH ST,323,,,,,,,2,NO INDICATION OF INJURY,0,0,0,0,0,2,0,1,4,7,41.7585828259,-87.6115316987,POINT (-87.611531698738 41.758582825913)
46ee7ba5036502fdabd8d71076d7549c9dd4ca3f2ca09eacb305b444d6ed39a5b09f96fc3c334c086db3e7d04e6f4bfee458f2092cece3dfd0cb235b2d3557fa,,07/23/2025 01:45:00 AM,20,NO CONTROLS,NO CONTROLS,CLEAR,DARKNESS,HEAD ON,PARKING LOT,,STRAIGHT AND LEVEL,DRY,NO DEFECTS,ON SCENE,NO INJURY / DRIVE AWAY,,N,,"OVER $1,500",07/23/2025 01:46:00 AM,"OPERATING VEHICLE IN ERRATIC, RECKLESS, CARELESS, NEGLIGENT OR AGGRESSIVE MANNER","OPERATING VEHICLE IN ERRATIC, RECKLESS, CARELESS, NEGLIGENT OR AGGRESSIVE MANNER",8145,S,PULASKI RD,834,,,,,,,2,NO INDICATION OF INJURY,0,0,0,0,0,7,0,1,4,7,41.7444721654,-87.7216021308,POINT (-87.721602130824 41.744472165415)
603d6a74c64526b298b937a44db50067c6ef306e0c31d8faf55545978a3285239d51b28b81a208c5c08296594832ce3eff2c1c458fb26e36d2b7a74d0a58499c,,07/23/2025 01:28:00 AM,20,NO CONTROLS,NO CONTROLS,CLEAR,UNKNOWN,PARKED MOTOR VEHICLE,ONE-WAY,,STRAIGHT AND LEVEL,DRY,NO DEFECTS,ON SCENE,INJURY AND / OR TOW DUE TO CRASH,,,Y,"OVER $1,500",07/23/2025 08:30:00 AM,UNABLE TO DETERMINE,NOT APPLICABLE,441,E,62ND ST,313,,,,,,,2,NO INDICATION OF INJURY,0,0,0,0,0,1,0,1,4,7,41.7819774283,-87.6140570275,POINT (-87.614057027455 41.781977428255)
788f733c584c5322970e90eda5d6c139d0779ae58bc8e1d681ba15d5e71acaa9f5755eac2df19e726e6c3c13cef48cc3d06a454c87ba39f55fd3cf7128dc6b86,,07/23/2025 01:00:00 AM,20,TRAFFIC SIGNAL,FUNCTIONING PROPERLY,CLEAR,"DARKNESS, LIGHTED ROAD",ANGLE,FOUR WAY,,STRAIGHT AND LEVEL,DRY,UNKNOWN,NOT ON SCENE (DESK REPORT),NO INJURY / DRIVE AWAY,Y,,Y,"OVER $1,500",07/24/2025 11:45:00 PM,DISREGARDING TRAFFIC SIGNALS,UNABLE TO DETERMINE,3900,S,MICHIGAN AVE,213,,,,,,,2,NO INDICATION OF INJURY,0,0,0,0,0,2,0,1,4,7,41.823689192,-87.6233124087,POINT (-87.623312408677 41.823689192028)
30b0ad537848c0cc0dfef3293e1e2f89b65225dd043d6c578293d73910be7e9f87348355d06fcd9cc1e7c7903ebfe904ceb29830e513b3c2a48efd01f2a5e59d,,07/23/2025 12:13:00 AM,35,TRAFFIC SIGNAL,FUNCTIONING PROPERLY,CLEAR,"DARKNESS, LIGHTED ROAD",REAR END,DIVIDED - W/MEDIAN (NOT RAISED),,STRAIGHT AND LEVEL,DRY,UNKNOWN,ON SCENE,NO INJURY / DRIVE AWAY,,,Y,$500 OR LESS,07/23/2025 12:13:00 AM,FOLLOWING TOO CLOSELY,FOLLOWING TOO CLOSELY,10036,S,EWING AVE,432,,,,,,,2,NO INDICATION OF INJURY,0,0,0,0,0,2,0,0,4,7,41.7128355251,-87.5354219375,POINT (-87.535421937537 41.712835525064)
e2ebec358dab3fd0a519e230cf601756b1115bee648f3065eaae8adb5fc02138ee344ec583c12856b600b18c447838d8b47f599db88eb8527f2a481937e4d0c0,,07/23/2025 12:05:00 AM,25,NO CONTROLS,NO CONTROLS,CLEAR,"DARKNESS, LIGHTED ROAD",SIDESWIPE SAME DIRECTION,NOT DIVIDED,,STRAIGHT AND LEVEL,DRY,NO DEFECTS,ON SCENE,NO INJURY / DRIVE AWAY,,,,"OVER $1,500",07/23/2025 12:06:00 AM,IMPROPER LANE USAGE,NOT APPLICABLE,10532,W,BALMORAL AVE,1654,,,,,,,2,NO INDICATION OF INJURY,0,0,0,0,0,2,0,0,4,7,,,
71faa702b601f63847713f39640861f050d673dba27974079efd776bd4affff72806df9a0ac89abfdbfe67293a569fadbdfaf51aa0436a62545e4429cf801165,,07/23/2025 12:01:00 AM,30,TRAFFIC SIGNAL,FUNCTIONING PROPERLY,UNKNOWN,UNKNOWN,TURNING,FOUR WAY,,STRAIGHT AND LEVEL,UNKNOWN,UNKNOWN,NOT ON SCENE (DESK REPORT),NO INJURY / DRIVE AWAY,Y,,,"OVER $1,500",07/23/2025 07:00:00 PM,IMPROPER TURNING/NO SIGNAL,NOT APPLICABLE,50,W,IDA B WELLS DR,113,,,,,,,2,NO INDICATION OF INJURY,0,0,0,0,0,2,0,0,4,7,41.8757346084,-87.6294391189,POINT (-87.629439118933 41.875734608374)
18850c879e3bda9ac120e2d4d9bcdd362eaf2118571f0f1d0995eb82d9e417cfbb0c8a730ad483c9ac6a4eea181b38d6e8cbb838a7beb47efba64c4d1648ce14,,07/22/2025 11:56:00 PM,30,TRAFFIC SIGNAL,FUNCTIONING PROPERLY,CLEAR,"DARKNESS, LIGHTED ROAD",REAR END,NOT DIVIDED,,STRAIGHT AND LEVEL,DRY,NO DEFECTS,ON SCENE,INJURY AND / OR TOW DUE TO CRASH,,,,"$501 - $1,500",07/22/2025 11:58:00 PM,DISTRACTION - FROM INSIDE VEHICLE,NOT APPLICABLE,7,S,AUSTIN BLVD,1513,,,,,,,2,NO INDICATION OF INJURY,0,0,0,0,0,2,0,23,3,7,41.8798422187,-87.7745003705,POINT (-87.774500370506 41.879842218712)
743ac779d9d0939d308825c41c42b513a73dc34c1d8ed6c7df242754c4e6916574827b5ea8fddfd71897961d2b0d30e94d20eb41e5ab2f01d4578a79739f54c1,Y,07/22/2025 11:54:00 PM,30,TRAFFIC SIGNAL,FUNCTIONING PROPERLY,CLEAR,"DARKNESS, LIGHTED ROAD",TURNING,FOUR WAY,,STRAIGHT AND LEVEL,DRY,NO DEFECTS,ON SCENE,INJURY AND / OR TOW DUE TO CRASH,Y,,,"OVER $1,500",07/22/2025 11:55:00 PM,FAILING TO YIELD RIGHT-OF-WAY,DRIVING SKILLS/KNOWLEDGE/EXPERIENCE,1800,W,CHICAGO AVE,1212,,,,,,,2,NO INDICATION OF INJURY,0,0,0,0,0,2,0,23,3,7,41.8960993528,-87.6722985964,POINT (-87.672298596352 41.896099352811)
2fe0cd77b200a591378c755044f43a6a2f07ac6b00dd9a6a17fae223572414c164890c9d96975e8574576e5fb364568a4783dfa51c51abb63fd4be98e7321078,,07/22/2025 11:44:00 PM,30,TRAFFIC SIGNAL,FUNCTIONING PROPERLY,CLEAR,"DARKNESS, LIGHTED ROAD",FIXED OBJECT,DIVIDED - W/MEDIAN (NOT RAISED),,STRAIGHT AND LEVEL,DRY,NO DEFECTS,ON SCENE,INJURY AND / OR TOW DUE TO CRASH,Y,,,"OVER $1,500",07/22/2025 11:55:00 PM,HAD BEEN DRINKING (USE WHEN ARREST IS NOT MADE),NOT APPLICABLE,4204,W,NORTH AVE,2534,,,,,,,1,"REPORTED, NOT EVIDENT",1,0,0,0,1,0,0,23,3,7,41.9099252471,-87.7315572163,POINT (-87.731557216324 41.909925247058)
afa64c70a8785a5002171c6385be3dedf503584b830fc11694b6768bc90f7016cfc674e959c988997c13a62c274da0711b942e53a12f54b2d8913767d143740b,,07/22/2025 11:30:00 PM,30,NO CONTROLS,NO CONTROLS,CLEAR,"DARKNESS, LIGHTED ROAD",SIDESWIPE SAME DIRECTION,NOT DIVIDED,,STRAIGHT AND LEVEL,DRY,NO DEFECTS,NOT ON SCENE (DESK REPORT),NO INJURY / DRIVE AWAY,,,,"$501 - $1,500",07/23/2025 12:24:00 AM,FAILING TO YIELD RIGHT-OF-WAY,FAILING TO YIELD RIGHT-OF-WAY,900,W,WEED ST,1822,,,,,,,2,NO INDICATION OF INJURY,0,0,0,0,0,2,0,23,3,7,41.9099220522,-87.6511858118,POINT (-87.651185811782 41.909922052157)
3c4326de7aaa7e2a8cfe6f1cbc4b01de1a75d0f60038fe637e91dc60e7ee7664586665a688994798bdf3da64a133e03676dda3f0ad0bdaabb06411a0240a3090,,07/22/2025 11:26:00 PM,30,TRAFFIC SIGNAL,FUNCTIONING PROPERLY,CLEAR,"DARKNESS, LIGHTED ROAD",SIDESWIPE SAME DIRECTION,NOT DIVIDED,,STRAIGHT AND LEVEL,DRY,NO DEFECTS,ON SCENE,NO INJURY / DRIVE AWAY,Y,,,"OVER $1,500",07/22/2025 11:39:00 PM,DISTRACTION - FROM OUTSIDE VEHICLE,NOT APPLICABLE,6658,S,HALSTED ST,723,,,,,,,2,NO INDICATION OF INJURY,0,0,0,0,0,3,0,23,3,7,41.7725164877,-87.6447448766,POINT (-87.644744876564 41.772516487708)
8fb43db999f24eafe7646ca684cff5ae86c9af9092e8496a32d8dc7fb0b0c45b911874a62df22be959bf120669efc6b9b150d6be01009c0d106e8b62a8160b06,,07/22/2025 11:18:00 PM,35,UNKNOWN,UNKNOWN,CLEAR,DARKNESS,SIDESWIPE SAME DIRECTION,NOT DIVIDED,,STRAIGHT AND LEVEL,DRY,NO DEFECTS,NOT ON SCENE (DESK REPORT),NO INJURY / DRIVE AWAY,,,,"$501 - $1,500",07/24/2025 08:00:00 PM,UNABLE TO DETERMINE,NOT APPLICABLE,4436,W,MADISON ST,1113,,,,,,,2,NO INDICATION OF INJURY,0,0,0,0,0,2,0,23,3,7,41.8807039927,-87.7369699764,POINT (-87.736969976427 41.880703992704)
5e209d4ef2448c7a06cd3461d29145db08be7bbab7adfe4a38fbc27df9fe15aaeb2cc15de1986a323bb5e845e7cee9c7512c5eecbaf409829345f1ab1085212f,,07/22/2025 11:00:00 PM,35,NO CONTROLS,NO CONTROLS,CLEAR,DARKNESS,PARKED MOTOR VEHICLE,NOT DIVIDED,,STRAIGHT AND LEVEL,DRY,NO DEFECTS,NOT ON SCENE (DESK REPORT),NO INJURY / DRIVE AWAY,,,Y,"$501 - $1,500",07/29/2025 12:20:00 PM,UNABLE TO DETERMINE,UNABLE TO DETERMINE,4851,N,KARLOV AVE,1712,,,,,,,2,NO INDICATION OF INJURY,0,0,0,0,0,1,0,23,3,7,41.9696696241,-87.7303901847,POINT (-87.730390184744 41.969669624121)
95f8f633de3f502d18b2661648e26b978659b534a0e307c2216c064c1fae89ead7f808691e8945ace06edd13809a9afd85b7db836ebda5c89be0fdbb0d637757,Y,07/22/2025 11:00:00 PM,30,NO CONTROLS,NO CONTROLS,CLEAR,"DARKNESS, LIGHTED ROAD",PARKED MOTOR VEHICLE,ONE-WAY,,STRAIGHT AND LEVEL,DRY,UNKNOWN,ON SCENE,INJURY AND / OR TOW DUE TO CRASH,,,,"OVER $1,500",07/22/2025 11:19:00 PM,IMPROPER LANE USAGE,FAILING TO REDUCE SPEED TO AVOID CRASH,3145,W,60TH ST,823,,,,,,,3,NONINCAPACITATING INJURY,1,0,0,1,0,1,0,23,3,7,41.7843274531,-87.7026405375,POINT (-87.702640537457 41.78432745307)
f61a7f453e78bb03c753c15b72652c3c12d8178c8eeac507d052e5a6f2d4aa36183349fd2b43a7f500f59afa3581a8a08792fe0d9decb5a40df3158454645a4b,,07/22/2025 11:00:00 PM,40,NO CONTROLS,NO CONTROLS,CLEAR,"DARKNESS, LIGHTED ROAD",SIDESWIPE SAME DIRECTION,DIVIDED - W/MEDIAN BARRIER,,STRAIGHT AND LEVEL,DRY,NO DEFECTS,ON SCENE,INJURY AND / OR TOW DUE TO CRASH,,,Y,"OVER $1,500",07/22/2025 11:02:00 PM,FAILING TO REDUCE SPEED TO AVOID CRASH,NOT APPLICABLE,3755,N,LAKE SHORE DR NB,1925,,,,,,,4,NONINCAPACITATING INJURY,2,0,0,1,1,10,0,23,3,7,41.9521598899,-87.6444449759,POINT (-87.644444975941 41.952159889896)
7e962d249d3f51b01a5a70181ef63442494680d68fb2bcc7a90e5ede1ea023c183840b61a5a628a74dcd7a09896f067fed16a7a4f8bba68036f563afa012a9db,,07/22/2025 10:55:00 PM,30,OTHER,NO CONTROLS,UNKNOWN,UNKNOWN,FIXED OBJECT,ALLEY,,STRAIGHT AND LEVEL,UNKNOWN,NO DEFECTS,ON SCENE,NO INJURY / DRIVE AWAY,,Y,Y,"OVER $1,500",07/23/2025 08:33:00 AM,"OPERATING VEHICLE IN ERRATIC, RECKLESS, CARELESS, NEGLIGENT OR AGGRESSIVE MANNER",DRIVING SKILLS/KNOWLEDGE/EXPERIENCE,10420,S,GREEN BAY AVE,432,,,,,,,1,NO INDICATION OF INJURY,0,0,0,0,0,1,0,22,3,7,41.7057450009,-87.5414846674,POINT (-87.541484667434 41.705745000899)
31516895ad2c412876a606eba090577e68b038e566260377121ab898641c97501a8c02dbbe6b379ba78264052a37d964c5c2ef2867f418a07d4c9b59d9e56bf6,,07/22/2025 10:40:00 PM,0,NO CONTROLS,NO CONTROLS,CLEAR,DARKNESS,OTHER OBJECT,OTHER,,STRAIGHT AND LEVEL,DRY,NO DEFECTS,ON SCENE,INJURY AND / OR TOW DUE TO CRASH,,Y,,"OVER $1,500",07/22/2025 10:40:00 PM,"OPERATING VEHICLE IN ERRATIC, RECKLESS, CARELESS, NEGLIGENT OR AGGRESSIVE MANNER",NOT APPLICABLE,791,E,103RD ST,512,,Y,,,,,1,NONINCAPACITATING INJURY,1,0,0,1,0,0,0,22,3,7,41.7073739723,-87.6041369603,POINT (-87.604136960254 41.707373972304)
992cdfecacacb31aa600aacb3e6acbf48dd3e2590275c433172624f52e2e78bfa045629a14c61ff4535ace8b77f455d550f4c8b1d0e52e79b40128f85cd577d9,,07/22/2025 10:40:00 PM,30,NO CONTROLS,NO CONTROLS,CLEAR,"DARKNESS, LIGHTED ROAD",TURNING,DIVIDED - W/MEDIAN (NOT RAISED),,STRAIGHT AND LEVEL,DRY,NO DEFECTS,NOT ON SCENE (DESK REPORT),INJURY AND / OR TOW DUE TO CRASH,,,,"OVER $1,500",07/22/2025 10:58:00 PM,IMPROPER OVERTAKING/PASSING,IMPROPER TURNING/NO SIGNAL,395,S,CENTRAL AVE,1522,,,,,,,2,NONINCAPACITATING INJURY,1,0,0,1,0,3,0,22,3,7,41.874777002,-87.7645139812,POINT (-87.764513981215 41.874777002034)
20fe64f4ab5da52ed74bab2dab0c31ce9f752ba041eb353e7d2fafc20736b09f71d13d751a365bdc58c803ff7fc7954eeaf03834c3883ba89d15533a1b9db517,,07/22/2025 10:33:00 PM,30,TRAFFIC SIGNAL,FUNCTIONING PROPERLY,CLEAR,"DARKNESS, LIGHTED ROAD",TURNING,NOT DIVIDED,,STRAIGHT AND LEVEL,DRY,NO DEFECTS,ON SCENE,INJURY AND / OR TOW DUE TO CRASH,Y,,,$500 OR LESS,07/22/2025 10:35:00 PM,FAILING TO YIELD RIGHT-OF-WAY,DRIVING SKILLS/KNOWLEDGE/EXPERIENCE,4800,N,SHERIDAN RD,2024,,,,,,,2,NONINCAPACITATING INJURY,1,0,0,1,0,1,0,22,3,7,41.9691356424,-87.6549701238,POINT (-87.654970123793 41.969135642436)
e82d26d8a3a48cc057454753051337b6278f8b6935781756b7a1e2c1fcbd6f939dd36792b29c46ffbede81aef40b54a64fa7b584836e53f623a7dce62119addd,,07/22/2025 10:33:00 PM,30,NO CONTROLS,NO CONTROLS,CLEAR,"DARKNESS, LIGHTED ROAD",SIDESWIPE SAME DIRECTION,NOT DIVIDED,,STRAIGHT AND LEVEL,DRY,NO DEFECTS,NOT ON SCENE (DESK REPORT),INJURY AND / OR TOW DUE TO CRASH,,,,"$501 - $1,500",07/22/2025 11:15:00 PM,UNABLE TO DETERMINE,UNABLE TO DETERMINE,3610,N,CLARK ST,1923,,N,,,,,3,NONINCAPACITATING INJURY,1,0,0,1,0,1,0,22,3,7,41.9474575741,-87.6568913605,POINT (-87.656891360512 41.947457574079)
5d89d1aba30a26d4c2b887f248e388c3933954bd95486cbcf1dd6f1a4320f2140537eaac9f30614680906d7f95c2c6f5d0614cb16db68b836a19c9c5c27d1fcf,,07/22/2025 10:30:00 PM,30,STOP SIGN/FLASHER,NO CONTROLS,CLEAR,DAYLIGHT,ANGLE,NOT DIVIDED,,STRAIGHT ON GRADE,UNKNOWN,NO DEFECTS,NOT ON SCENE (DESK REPORT),NO INJURY / DRIVE AWAY,,,,"OVER $1,500",07/23/2025 10:20:00 AM,UNABLE TO DETERMINE,NOT APPLICABLE,648,N,DAMEN AVE,1221,,,,,,,2,NO INDICATION OF INJURY,0,0,0,0,0,2,0,22,3,7,41.8936687589,-87.6771349742,POINT (-87.677134974168 41.893668758934)
7fa1938314bd20e725331b2eb887eccc3fb6f5f5282cde66e7236af6ed224dee90d12931c5f50194fccb0cb70684128a00e81fdbd5fdb81e635ae927fb28f26f,,07/22/2025 10:30:00 PM,5,NO CONTROLS,NO CONTROLS,CLEAR,"DARKNESS, LIGHTED ROAD",OTHER OBJECT,PARKING LOT,,STRAIGHT AND LEVEL,DRY,NO DEFECTS,ON SCENE,NO INJURY / DRIVE AWAY,,,,$500 OR LESS,07/22/2025 10:50:00 PM,ROAD ENGINEERING/SURFACE/MARKING DEFECTS,DRIVING SKILLS/KNOWLEDGE/EXPERIENCE,850,W,ADDISON ST,1923,,,,,,,1,NO INDICATION OF INJURY,0,0,0,0,0,2,0,22,3,7,41.9474004564,-87.651512018,POINT (-87.651512017951 41.947400456376)
9308e3b026ecdb5ba35efb0304da9b8fa766afc4b8101d392b95e3762c0476bb2e38c7519c4aa7da6d46e8a6365f844dcae7879803eca6e416d071249faf34ff,Y,07/22/2025 10:28:00 PM,30,NO CONTROLS,NO CONTROLS,CLEAR,"DARKNESS, LIGHTED ROAD",PARKED MOTOR VEHICLE,NOT DIVIDED,,STRAIGHT AND LEVEL,DRY,NO DEFECTS,ON SCENE,INJURY AND / OR TOW DUE TO CRASH,,,Y,"OVER $1,500",07/22/2025 10:40:00 PM,UNABLE TO DETERMINE,UNABLE TO DETERMINE,1748,W,WABANSIA AVE,1433,,,,,,,2,NO INDICATION OF INJURY,0,0,0,0,0,1,0,22,3,7,41.9125009452,-87.672138379,POINT (-87.672138379027 41.912500945192)
739bea364dbc8fd13431fbb89fcbbe10ffea112b6d7b00f08422d536313905acf81ff12ddff77a720dc861384f40aeffdb96e9002186e8dce2947e9a51257f9a,,07/22/2025 10:25:00 PM,30,TRAFFIC SIGNAL,FUNCTIONING PROPERLY,CLEAR,"DARKNESS, LIGHTED ROAD",SIDESWIPE SAME DIRECTION,FOUR WAY,,STRAIGHT AND LEVEL,DRY,UNKNOWN,NOT ON SCENE (DESK REPORT),INJURY AND / OR TOW DUE TO CRASH,Y,,,"OVER $1,500",07/22/2025 11:45:00 PM,UNABLE TO DETERMINE,UNABLE TO DETERMINE,2250,W,WILSON AVE,1911,N,Y,,,,,2,NONINCAPACITATING INJURY,1,0,0,1,0,1,0,22,3,7,41.9650221369,-87.6859381507,POINT (-87.685938150719 41.965022136884)
eadb020209e206140890ba1a779e03f4ac7ab7427bfe58cbffa53a384f966b76af6ab91b9ec7ebddfc2c770f3c1c5217ded59bc2f33991db45a000f80fc565d5,,07/22/2025 10:20:00 PM,30,UNKNOWN,UNKNOWN,CLEAR,DARKNESS,PARKED MOTOR VEHICLE,NOT DIVIDED,,STRAIGHT AND LEVEL,DRY,NO DEFECTS,ON SCENE,NO INJURY / DRIVE AWAY,,,,"OVER $1,500",07/22/2025 11:15:00 PM,UNABLE TO DETERMINE,UNABLE TO DETERMINE,1961,N,SHEFFIELD AVE,1813,,,,,,,2,NO INDICATION OF INJURY,0,0,0,0,0,1,0,22,3,7,41.9176793617,-87.6532067589,POINT (-87.653206758852 41.917679361659)
23ec960029bb7ed0b9f99e0f5996a8324ca3f4da19923f73051348590b02fa396a11f5426fe47e80d2f948dbc2b830e0e6d1682f3c1a54484958adef59e79731,,07/22/2025 10:17:00 PM,30,TRAFFIC SIGNAL,FUNCTIONING PROPERLY,CLEAR,"DARKNESS, LIGHTED ROAD",PEDESTRIAN,NOT DIVIDED,,STRAIGHT AND LEVEL,DRY,NO DEFECTS,ON SCENE,INJURY AND / OR TOW DUE TO CRASH,,N,Y,"OVER $1,500",07/22/2025 10:17:00 PM,NOT APPLICABLE,NOT APPLICABLE,2358,W,63RD ST,825,,,,,,,2,NONINCAPACITATING INJURY,1,0,0,1,0,1,0,22,3,7,41.7793161262,-87.6835498341,POINT (-87.683549834072 41.779316126235)
1f526632b8c2dfec1252c66e9cb3225b4487f8a70634b91d8cc828abb2cbb1f90bedb5db3d14c33b98ed79feff672a6ee64d9d9b09ca62a0950511e2091be33b,,07/22/2025 09:50:00 PM,30,NO CONTROLS,NO CONTROLS,CLEAR,"DARKNESS, LIGHTED ROAD",PEDALCYCLIST,NOT DIVIDED,,STRAIGHT AND LEVEL,DRY,NO DEFECTS,ON SCENE,INJURY AND / OR TOW DUE TO CRASH,,,Y,$500 OR LESS,07/22/2025 09:51:00 PM,IMPROPER OVERTAKING/PASSING,UNABLE TO DETERMINE,3500,N,KIMBALL AVE,1732,,,,,,,2,NONINCAPACITATING INJURY,1,0,0,1,0,1,0,21,3,7,41.9448810738,-87.7128050888,POINT (-87.712805088759 41.944881073845)
50148bace6ed3c5f8023af8154e8b1dc7157f57ae311a8d9a28fff12bf407453bd63b6852373d66ccfcfb9bb4f6d8c0ca37a64d3fa23beb5f17a99f870cfd352,,07/22/2025 09:40:00 PM,30,TRAFFIC SIGNAL,FUNCTIONING PROPERLY,CLEAR,DUSK,ANGLE,NOT DIVIDED,,STRAIGHT AND LEVEL,DRY,NO DEFECTS,NOT ON SCENE (DESK REPORT),NO INJURY / DRIVE AWAY,Y,,,"$501 - $1,500",07/22/2025 10:18:00 PM,IMPROPER LANE USAGE,UNABLE TO DETERMINE,6600,S,STONY ISLAND AVE,321,,,,,,,2,NO INDICATION OF INJURY,0,0,0,0,0,2,0,21,3,7,41.7751408577,-87.5864419717,POINT (-87.586441971694 41.775140857742)
9ef1e2981d65390f38596b5c4e9cb8cc33540dcc3a07ec4693dc25b68133eda2caaaef8913afe0607720ccb149d54ebcbe0b4b38560362adef882354384eb790,,07/22/2025 09:40:00 PM,25,NO CONTROLS,NO CONTROLS,CLEAR,"DARKNESS, LIGHTED ROAD",SIDESWIPE SAME DIRECTION,ONE-WAY,,STRAIGHT AND LEVEL,UNKNOWN,UNKNOWN,ON SCENE,NO INJURY / DRIVE AWAY,,,Y,$500 OR LESS,07/22/2025 10:07:00 PM,IMPROPER OVERTAKING/PASSING,UNABLE TO DETERMINE,1,W,TERMINAL ST,1651,,,,,,,3,NO INDICATION OF INJURY,0,0,0,0,0,2,0,21,3,7,,,
a954996fff3a712c7d22308981230dc454457789326f3862dd4080d49b9f976eed2e6f2cf994ca52efbde30db7b77aad97405a1cb4e73a278a56a9973690a6c5,,07/22/2025 09:35:00 PM,30,TRAFFIC SIGNAL,FUNCTIONING PROPERLY,CLEAR,"DARKNESS, LIGHTED ROAD",SIDESWIPE SAME DIRECTION,DIVIDED - W/MEDIAN (NOT RAISED),,STRAIGHT AND LEVEL,DRY,NO DEFECTS,NOT ON SCENE (DESK REPORT),NO INJURY / DRIVE AWAY,,,,"OVER $1,500",07/24/2025 02:33:00 PM,UNABLE TO DETERMINE,NOT APPLICABLE,3177,N,AUSTIN AVE,2514,,,,,,,2,NO INDICATION OF INJURY,0,0,0,0,0,2,0,21,3,7,41.9384052735,-87.7760661104,POINT (-87.77606611043 41.938405273548)
2462f5ddb5dfe814b0caee9db0b7c090d4d386952d67fc62a3c9c3407e1bc1df93540a6c742d79813489ad5fcf3de0092abbcc4384ef80ee7003af69987d6285,,07/22/2025 09:30:00 PM,30,TRAFFIC SIGNAL,FUNCTIONING PROPERLY,CLEAR,"DARKNESS, LIGHTED ROAD",TURNING,DIVIDED - W/MEDIAN (NOT RAISED),,STRAIGHT AND LEVEL,DRY,NO DEFECTS,NOT ON SCENE (DESK REPORT),NO INJURY / DRIVE AWAY,Y,,,"OVER $1,500",07/24/2025 10:30:00 PM,FAILING TO YIELD RIGHT-OF-WAY,IMPROPER LANE USAGE,2000,N,CENTRAL PARK AVE,2525,,,,,,,2,NO INDICATION OF INJURY,0,0,0,0,0,2,0,21,3,7,41.9173253734,-87.7169209281,POINT (-87.7169209281 41.91732537342)