CRASH_RECORD_ID,CRASH_DATE_EST_I,CRASH_DATE,POSTED_SPEED_LIMIT,TRAFFIC_CONTROL_DEVICE,DEVICE_CONDITION,WEATHER_CONDITION,LIGHTING_CONDITION,FIRST_CRASH_TYPE,TRAFFICWAY_TYPE,LANE_CNT,ALIGNMENT,ROADWAY_SURFACE_COND,ROAD_DEFECT,REPORT_TYPE,CRASH_TYPE,INTERSECTION_RELATED_I,NOT_RIGHT_OF_WAY_I,HIT_AND_RUN_I,DAMAGE,DATE_POLICE_NOTIFIED,PRIM_CONTRIBUTORY_CAUSE,SEC_CONTRIBUTORY_CAUSE,STREET_NO,STREET_DIRECTION,STREET_NAME,BEAT_OF_OCCURRENCE,PHOTOS_TAKEN_I,STATEMENTS_TAKEN_I,DOORING_I,WORK_ZONE_I,WORK_ZONE_TYPE,WORKERS_PRESENT_I,NUM_UNITS,MOST_SEVERE_INJURY,INJURIES_TOTAL,INJURIES_FATAL,INJURIES_INCAPACITATING,INJURIES_NON_INCAPACITATING,INJURIES_REPORTED_NOT_EVIDENT,INJURIES_NO_INDICATION,INJURIES_UNKNOWN,CRASH_HOUR,CRASH_DAY_OF_WEEK,CRASH_MONTH,LATITUDE,LONGITUDE,LOCATION
818d281badf9947118a5256e3736f25cfee7c8a0fecdcecc6c5588cbc9dc1ffa2d95475ab7137477a0d819655f70f7eb9cd6d2f55255847c0c3f046bbc31603a,,07/22/2025 09:30:00 PM,25,STOP SIGN/FLASHER,NO CONTROLS,CLEAR,"DARKNESS, LIGHTED ROAD",PEDESTRIAN,NOT DIVIDED,,STRAIGHT AND LEVEL,DRY,NO DEFECTS,ON SCENE,INJURY AND / OR TOW DUE TO CRASH,,,,"OVER $1,500",07/22/2025 09:44:00 PM,DRIVING SKILLS/KNOWLEDGE/EXPERIENCE,NOT APPLICABLE,2932,W,ARTHUR AVE,2412,,,,,,,2,"REPORTED, NOT EVIDENT",1,0,0,0,1,1,0,21,3,7,41.9994287907,-87.7034237984,POINT (-87.703423798398 41.999428790676)
4fae3f8a6bd1cbd5fb359d71b30632380fb8602d5cf4e0269f655452b812791545108fe0adb55736af57202f9dade10dffa0cffdcec70f5f8d6ac3a4fc26c704,,07/22/2025 09:25:00 PM,30,TRAFFIC SIGNAL,FUNCTIONING PROPERLY,CLEAR,"DARKNESS, LIGHTED ROAD",PEDALCYCLIST,FOUR WAY,,STRAIGHT AND LEVEL,DRY,NO DEFECTS,ON SCENE,INJURY AND / OR TOW DUE TO CRASH,Y,,,"OVER $1,500",07/22/2025 09:25:00 PM,FAILING TO YIELD RIGHT-OF-WAY,NOT APPLICABLE,5660,N,BROADWAY,2013,,,,,,,2,NONINCAPACITATING INJURY,1,0,0,1,0,5,0,21,3,7,41.9853682481,-87.6602702077,POINT (-87.660270207718 41.985368248063)
533c391c9897279399ed8e55cc8a357d98a2ed39843753fcd312ad402356df7b328c3c28a42bb0c1074b8000fe829328a2914ab82ac14f8323ec521f9ba62d16,,07/22/2025 09:22:00 PM,30,STOP SIGN/FLASHER,UNKNOWN,CLEAR,"DARKNESS, LIGHTED ROAD",ANGLE,FOUR WAY,,STRAIGHT AND LEVEL,UNKNOWN,UNKNOWN,NOT ON SCENE (DESK REPORT),INJURY AND / OR TOW DUE TO CRASH,Y,,,"OVER $1,500",07/22/2025 09:22:00 PM,FAILING TO YIELD RIGHT-OF-WAY,NOT APPLICABLE,4801,S,INDIANA AVE,224,,Y,,,,,2,"REPORTED, NOT EVIDENT",1,0,0,0,1,2,0,21,3,7,41.8074033319,-87.6210146679,POINT (-87.621014667946 41.807403331885)
e5cb8ce0de85ef422a7f048737a80eebc2170588dac376f224f6695740ff5487d67e4691da47ed29ec3e872475a7484e715172fb465dc461a7b4fc7deb0804a1,,07/22/2025 09:07:00 PM,30,UNKNOWN,UNKNOWN,CLEAR,"DARKNESS, LIGHTED ROAD",PARKED MOTOR VEHICLE,FOUR WAY,,STRAIGHT AND LEVEL,DRY,UNKNOWN,ON SCENE,NO INJURY / DRIVE AWAY,Y,,,"OVER $1,500",07/22/2025 09:22:00 PM,UNABLE TO DETERMINE,NOT APPLICABLE,9499,S,LEAVITT ST,2221,,,,,,,2,NO INDICATION OF INJURY,0,0,0,0,0,2,0,21,3,7,41.721104307,-87.6770757497,POINT (-87.67707574966 41.721104307001)
4267fb870ffcf6938be60f218e0bd0929dc58bf0ca6d6eb223cbcb532af9f04a2328b289e9d61b14edd1bc22bdb4ba9a99b473d633e1a5d81e7c5934888d55b8,,07/22/2025 09:02:00 PM,30,TRAFFIC SIGNAL,FUNCTIONING PROPERLY,CLEAR,"DARKNESS, LIGHTED ROAD",TURNING,FOUR WAY,,STRAIGHT AND LEVEL,DRY,UNKNOWN,NOT ON SCENE (DESK REPORT),NO INJURY / DRIVE AWAY,,,,"OVER $1,500",07/22/2025 09:02:00 PM,UNABLE TO DETERMINE,UNABLE TO DETERMINE,1144,S,WESTERN AVE,1135,,,,,,,2,NO INDICATION OF INJURY,0,0,0,0,0,2,0,21,3,7,41.8670965522,-87.6861999993,POINT (-87.68619999926 41.867096552166)
8f76432f4bba0a990739f254e94ea697002eb92f2110768e3abe582fec559a636a610c58c8e056f1b13bfe72798c857a71c0d20f1de94105258b2ae7596224b5,,07/22/2025 09:00:00 PM,30,TRAFFIC SIGNAL,FUNCTIONING PROPERLY,CLEAR,"DARKNESS, LIGHTED ROAD",REAR END,NOT DIVIDED,,STRAIGHT AND LEVEL,DRY,NO DEFECTS,NOT ON SCENE (DESK REPORT),NO INJURY / DRIVE AWAY,Y,,,"$501 - $1,500",07/23/2025 07:00:00 AM,FOLLOWING TOO CLOSELY,FOLLOWING TOO CLOSELY,1507,E,56TH ST,235,,,,,,,2,NO INDICATION OF INJURY,0,0,0,0,0,2,0,21,3,7,41.7932490796,-87.5886348387,POINT (-87.588634838699 41.793249079555)
e4e5e8b64b204c80ef7b4700754f30b7ed9c153b8786e1c9e5d2f525685f157419f5772cb38455ca117aa3b7ad81d5206558de763e14fd8a0d270dca99ee4b16,,07/22/2025 09:00:00 PM,30,NO CONTROLS,NO CONTROLS,CLEAR,DUSK,SIDESWIPE SAME DIRECTION,NOT DIVIDED,,STRAIGHT AND LEVEL,DRY,NO DEFECTS,NOT ON SCENE (DESK REPORT),NO INJURY / DRIVE AWAY,,,,"$501 - $1,500",07/22/2025 10:55:00 PM,IMPROPER LANE USAGE,UNABLE TO DETERMINE,1738,E,57TH DR,331,,,,,,,2,NO INDICATION OF INJURY,0,0,0,0,0,2,0,21,3,7,41.7927638285,-87.5816861606,POINT (-87.58168616065 41.792763828477)
49438d4b0f35cb649b758ff8ddd5bbd8c74116fa7d4cb69e1edbc0b6cb3bca90da1a5c730435951e2773480acdbc26a448db62d09df10add63bddcc64c0873d4,,07/22/2025 08:56:00 PM,30,NO CONTROLS,NO CONTROLS,CLEAR,DAYLIGHT,TURNING,DIVIDED - W/MEDIAN (NOT RAISED),,STRAIGHT AND LEVEL,DRY,NO DEFECTS,ON SCENE,NO INJURY / DRIVE AWAY,,,,"OVER $1,500",07/22/2025 09:04:00 PM,FAILING TO YIELD RIGHT-OF-WAY,NOT APPLICABLE,6245,S,WESTERN AVE,825,,,,,,,2,NO INDICATION OF INJURY,0,0,0,0,0,2,0,20,3,7,41.779709785,-87.6835066138,POINT (-87.683506613814 41.779709784965)
c1acb1b4d1a82c03b36e3d714017265b33b9b709dd356191c834d462d0d4a77bd733e82eab747831aed6d77f639fde7974216325d2699028d20939b7f6f7ca60,,07/22/2025 08:56:00 PM,15,NO CONTROLS,NO CONTROLS,CLEAR,"DARKNESS, LIGHTED ROAD",FIXED OBJECT,ALLEY,,STRAIGHT AND LEVEL,DRY,UNKNOWN,NOT ON SCENE (DESK REPORT),NO INJURY / DRIVE AWAY,,,,$500 OR LESS,07/22/2025 09:13:00 PM,IMPROPER BACKING,NOT APPLICABLE,1102,N,WOOD ST,1212,,,,,,,1,NO INDICATION OF INJURY,0,0,0,0,0,2,0,20,3,7,41.9015467912,-87.6724837491,POINT (-87.672483749063 41.901546791182)
be5f7244489727025e987d1ef2e2f565572a8e314329cb4fce9c16eeac0e7bf042d20a50a5e4db9b87b6501242f04c35135039950443fd52e383dfd09250f5ed,,07/22/2025 08:41:00 PM,15,NO CONTROLS,NO CONTROLS,CLEAR,UNKNOWN,PARKED MOTOR VEHICLE,PARKING LOT,,STRAIGHT AND LEVEL,DRY,NO DEFECTS,ON SCENE,NO INJURY / DRIVE AWAY,,Y,Y,"OVER $1,500",07/24/2025 06:40:00 AM,UNABLE TO DETERMINE,NOT APPLICABLE,6930,S,SOUTH SHORE DR,331,Y,,,,,,2,NO INDICATION OF INJURY,0,0,0,0,0,1,0,20,3,7,41.7689605201,-87.5666705373,POINT (-87.566670537337 41.768960520114)
c7cbd6f58a6a4c69f4cddf5b5c116c692cc7525cc517965f35213bd88eb7937cead43c6dee5d141f46981a4d23dd8113462ed9ff881c44a123547cec3f860b09,,07/22/2025 08:40:00 PM,30,STOP SIGN/FLASHER,FUNCTIONING PROPERLY,CLEAR,"DARKNESS, LIGHTED ROAD",TURNING,NOT DIVIDED,,STRAIGHT AND LEVEL,DRY,NO DEFECTS,ON SCENE,INJURY AND / OR TOW DUE TO CRASH,Y,,,"OVER $1,500",07/22/2025 09:58:00 PM,FAILING TO YIELD RIGHT-OF-WAY,NOT APPLICABLE,1071,W,GRANVILLE AVE,2433,,,,,,,2,NO INDICATION OF INJURY,0,0,0,0,0,2,0,20,3,7,41.9944671874,-87.6582830968,POINT (-87.658283096782 41.994467187371)
430a6e9bd358d91fc7ec631d131520150111c8e18da125cb3be9b586e7252e2d8f4c3f5b7393b6c1bc97ca1c3c22f33f58d54a918103e95c3118c232052ce009,,07/22/2025 08:32:00 PM,30,NO CONTROLS,NO CONTROLS,CLEAR,DAYLIGHT,PARKED MOTOR VEHICLE,NOT DIVIDED,,STRAIGHT AND LEVEL,DRY,UNKNOWN,NOT ON SCENE (DESK REPORT),NO INJURY / DRIVE AWAY,,,Y,"OVER $1,500",07/22/2025 09:30:00 PM,UNABLE TO DETERMINE,UNABLE TO DETERMINE,6307,S,ASHLAND AVE,725,,,,,,,2,NO INDICATION OF INJURY,0,0,0,0,0,1,0,20,3,7,41.7792079458,-87.6640675259,POINT (-87.664067525896 41.779207945762)
83926c6412ac027d7fb1cb4a8e0d1f923ea4f17ffd0e56d43840abeaf04d73a999c9aebf2ceb5a90a8f38a9bcd7392849f81c4857598514a282068cb64805f15,,07/22/2025 08:15:00 PM,40,TRAFFIC SIGNAL,FUNCTIONING PROPERLY,CLEAR,DUSK,PEDESTRIAN,UNKNOWN INTERSECTION TYPE,,STRAIGHT AND LEVEL,DRY,NO DEFECTS,ON SCENE,INJURY AND / OR TOW DUE TO CRASH,Y,,,"$501 - $1,500",07/22/2025 08:25:00 PM,DISREGARDING TRAFFIC SIGNALS,NOT APPLICABLE,500,S,LAKE SHORE DR NB,114,,,,,,,2,NONINCAPACITATING INJURY,1,0,0,1,0,1,0,20,3,7,41.8757562552,-87.6175156798,POINT (-87.617515679751 41.875756255241)
42343d7a978dd338c89c59b57131cc7765e65b911136fcd49dd16808c81370a505b2f4aa2df0ec97c35d6afc3b8d1acaaf57eb6600677ca67ff2f8ff79973184,,07/22/2025 08:05:00 PM,30,TRAFFIC SIGNAL,FUNCTIONING PROPERLY,CLEAR,"DARKNESS, LIGHTED ROAD",REAR END,NOT DIVIDED,,STRAIGHT AND LEVEL,DRY,UNKNOWN,NOT ON SCENE (DESK REPORT),INJURY AND / OR TOW DUE TO CRASH,Y,,Y,"$501 - $1,500",07/22/2025 09:25:00 PM,FOLLOWING TOO CLOSELY,FOLLOWING TOO CLOSELY,600,N,STATE ST,1832,,,,,,,2,"REPORTED, NOT EVIDENT",1,0,0,0,1,2,0,20,3,7,41.8925011669,-87.6282427378,POINT (-87.628242737819 41.89250116695)
71dfef1b2c028a56e13c28c94e428c7663d226040832b3077944ad26226faa8cc0c92e1bc0000c0b4adc4bae0cb61e8e67721003999a838f0e9109e0c18a8682,,07/22/2025 08:00:00 PM,30,STOP SIGN/FLASHER,FUNCTIONING PROPERLY,CLEAR,"DARKNESS, LIGHTED ROAD",ANGLE,NOT DIVIDED,,STRAIGHT AND LEVEL,DRY,UNKNOWN,ON SCENE,INJURY AND / OR TOW DUE TO CRASH,Y,,,"$501 - $1,500",07/22/2025 08:13:00 PM,UNABLE TO DETERMINE,UNABLE TO DETERMINE,1878,W,OGDEN AVE,1225,,,,,,,2,NO INDICATION OF INJURY,0,0,0,0,0,2,0,20,3,7,41.8751547798,-87.6737558815,POINT (-87.673755881513 41.875154779829)
801ed4653b3aa0d0db1864dee33d6dfeed469893dbac9573f5f90a9b0a2ea5a7734843683f860a1a7eb6707ab7356ef408c86d911b8ad10321c96439305e5bdd,,07/22/2025 08:00:00 PM,20,NO CONTROLS,NO CONTROLS,UNKNOWN,"DARKNESS, LIGHTED ROAD",PARKED MOTOR VEHICLE,PARKING LOT,,STRAIGHT AND LEVEL,UNKNOWN,NO DEFECTS,NOT ON SCENE (DESK REPORT),NO INJURY / DRIVE AWAY,,Y,Y,"OVER $1,500",07/25/2025 04:32:00 PM,FOLLOWING TOO CLOSELY,NOT APPLICABLE,8127,S,HALSTED ST,622,,,,,,,2,NO INDICATION OF INJURY,0,0,0,0,0,1,0,20,3,7,41.7461801163,-87.6437644986,POINT (-87.643764498592 41.746180116346)
20a81953757e97344aab1cbc80f933f1107349d1d0d8e1b0c6eb4c1904bb055528cbb3384fd45db27470c62db820c31514a68e73173e2f5e8c77e597866e6b49,,07/22/2025 07:51:00 PM,30,NO CONTROLS,NO CONTROLS,CLEAR,DAYLIGHT,REAR END,ONE-WAY,,STRAIGHT AND LEVEL,DRY,NO DEFECTS,NOT ON SCENE (DESK REPORT),NO INJURY / DRIVE AWAY,,,,"OVER $1,500",07/22/2025 08:15:00 PM,FOLLOWING TOO CLOSELY,NOT APPLICABLE,4819,W,MONROE ST,1533,,,,,,,2,NO INDICATION OF INJURY,0,0,0,0,0,2,0,19,3,7,41.8793826533,-87.7460167083,POINT (-87.74601670832 41.879382653266)
2667f19b7fc0bed435544dec701d02a840089ef6da260b52594ec64c1972b84ad7a1cc1f35da8ec20d35d097ea81b1f54a38286cf3ac3676bfca2d44f94e49b5,,07/22/2025 07:50:00 PM,30,NO CONTROLS,NO CONTROLS,CLEAR,"DARKNESS, LIGHTED ROAD",OTHER OBJECT,NOT DIVIDED,,STRAIGHT AND LEVEL,OTHER,UNKNOWN,NOT ON SCENE (DESK REPORT),INJURY AND / OR TOW DUE TO CRASH,,,,"OVER $1,500",07/22/2025 07:50:00 PM,"EVASIVE ACTION DUE TO ANIMAL, OBJECT, NONMOTORIST",NOT APPLICABLE,4008,N,WOLCOTT AVE,1912,,,,,,,1,NO INDICATION OF INJURY,0,0,0,0,0,1,0,19,3,7,41.9544938468,-87.6764827997,POINT (-87.676482799708 41.954493846769)
f8ad53d4b81d0f29b2c383f7fa85096b7cbff478d6abfa8de68736151a21be9285c46595bf069386c6bee0a3342e8c9fce52d40b760595236eb6be47ab339a18,,07/22/2025 07:45:00 PM,30,TRAFFIC SIGNAL,FUNCTIONING PROPERLY,CLEAR,DUSK,OTHER OBJECT,NOT DIVIDED,,STRAIGHT AND LEVEL,DRY,NO DEFECTS,NOT ON SCENE (DESK REPORT),NO INJURY / DRIVE AWAY,,,N,$500 OR LESS,07/22/2025 09:00:00 PM,UNABLE TO DETERMINE,UNABLE TO DETERMINE,5201,N,CLARK ST,2013,,,,,,,2,NO INDICATION OF INJURY,0,0,0,0,0,2,0,19,3,7,41.9762422191,-87.6682734065,POINT (-87.66827340646 41.976242219069)
cdc97970551f73b98f379ce560b9fc8b162391a7dd65e87622c7d88f9323206b27ccc70523d240dcf3cbf29cf699e3c138afce8e53e5dea32f7c9cde4a9e4850,,07/22/2025 07:32:00 PM,30,NO CONTROLS,NO CONTROLS,CLEAR,DAYLIGHT,SIDESWIPE SAME DIRECTION,NOT DIVIDED,,STRAIGHT AND LEVEL,DRY,NO DEFECTS,ON SCENE,INJURY AND / OR TOW DUE TO CRASH,,,,"OVER $1,500",07/22/2025 07:36:00 PM,FAILING TO YIELD RIGHT-OF-WAY,NOT APPLICABLE,2199,S,PRINCETON AVE,914,,,,,,,2,NO INDICATION OF INJURY,0,0,0,0,0,2,0,19,3,7,41.8529666606,-87.6347354908,POINT (-87.63473549079 41.852966660585)
12b9371e85d6ff0445b5b2b9aa74b66eee3100752db1d47e6f9cc34830803009859fdfe9a0fa7a8a48ad3e34fda5549d143f513060eb0ac842bc7375668bb118,,07/22/2025 07:20:00 PM,30,STOP SIGN/FLASHER,FUNCTIONING PROPERLY,CLEAR,DAYLIGHT,TURNING,DIVIDED - W/MEDIAN (NOT RAISED),,STRAIGHT AND LEVEL,DRY,NO DEFECTS,NOT ON SCENE (DESK REPORT),NO INJURY / DRIVE AWAY,,,,"OVER $1,500",07/22/2025 07:50:00 PM,FAILING TO YIELD RIGHT-OF-WAY,UNABLE TO DETERMINE,1910,W,FULLERTON AVE,1432,,,,,,,2,NO INDICATION OF INJURY,0,0,0,0,0,2,0,19,3,7,41.9251564407,-87.676293521,POINT (-87.676293521004 41.925156440725)
06c7c9d6d6ec3687471508e6c2aa1a2badda54e9ae6389c2c96a31d8bcbb596dfb146909784cbf0e0965c2c1f2b6e6b3a2ec482b0a8a2d7167de52c87a660b41,,07/22/2025 07:13:00 PM,35,TRAFFIC SIGNAL,FUNCTIONING PROPERLY,CLEAR,UNKNOWN,TURNING,FOUR WAY,,STRAIGHT AND LEVEL,DRY,NO DEFECTS,ON SCENE,NO INJURY / DRIVE AWAY,Y,,,"OVER $1,500",07/22/2025 07:13:00 PM,UNABLE TO DETERMINE,UNABLE TO DETERMINE,932,E,OAKWOOD BLVD,212,,,,,,,2,NO INDICATION OF INJURY,0,0,0,0,0,2,0,19,3,7,41.8248312995,-87.6023090662,POINT (-87.60230906621 41.824831299512)
e30bf41523bae94db93e506e07f315d283629ccc02afe6b45021a0208dcde3dd61a561e479ff35c79eccda8d1a879e0bff0b2296296a4c9550149ae2de646564,,07/22/2025 07:13:00 PM,30,TRAFFIC SIGNAL,FUNCTIONING PROPERLY,CLEAR,DAYLIGHT,REAR END,NOT DIVIDED,,STRAIGHT AND LEVEL,DRY,NO DEFECTS,NOT ON SCENE (DESK REPORT),NO INJURY / DRIVE AWAY,,,Y,$500 OR LESS,07/22/2025 07:48:00 PM,FOLLOWING TOO CLOSELY,FOLLOWING TOO CLOSELY,2000,N,CICERO AVE,2522,,,,,,,2,NO INDICATION OF INJURY,0,0,0,0,0,3,0,19,3,7,41.9169733245,-87.7462602225,POINT (-87.746260222511 41.916973324511)
dd2e38818b88cd8a725df5be120c8bcc9f76e5d0734ca8245eef506275ac2a41cc8c7f795481f2f539c1cf8cb762a52d74831df995432d0b53af6d4cdf876297,,07/22/2025 07:11:00 PM,30,UNKNOWN,UNKNOWN,UNKNOWN,DAYLIGHT,REAR END,NOT DIVIDED,,STRAIGHT AND LEVEL,UNKNOWN,UNKNOWN,NOT ON SCENE (DESK REPORT),NO INJURY / DRIVE AWAY,,,,"OVER $1,500",07/22/2025 07:25:00 PM,UNABLE TO DETERMINE,NOT APPLICABLE,2500,N,DAMEN AVE,1432,,,,,,,2,NO INDICATION OF INJURY,0,0,0,0,0,2,0,19,3,7,41.9272335698,-87.6782495439,POINT (-87.678249543892 41.927233569799)
0d40d787a2fd27021bd4c221b3127f4cd6921dfc5b2fb0425c7804c2dcdbb3a937d9b0d93237cba12e52de3a2108fe66cde81ab46a34cae38e6e6af509e61b93,,07/22/2025 07:00:00 PM,30,NO CONTROLS,NO CONTROLS,CLEAR,DAYLIGHT,REAR END,NOT DIVIDED,,STRAIGHT AND LEVEL,DRY,UNKNOWN,ON SCENE,NO INJURY / DRIVE AWAY,,,,"OVER $1,500",07/22/2025 07:01:00 PM,UNABLE TO DETERMINE,NOT APPLICABLE,1034,W,IRVING PARK RD,1915,,,,,,,2,NO INDICATION OF INJURY,0,0,0,0,0,2,0,19,3,7,41.9545733885,-87.6560600156,POINT (-87.656060015622 41.954573388473)
1d0585388e2b26bf168ef3217fbb3231f6ffb60b9bb15d10ad3d4e1325192f108d48fb81caa403ae4f570c269538a7198d306031fe141f723f1318a97fdcb5e7,,07/22/2025 07:00:00 PM,10,NO CONTROLS,NO CONTROLS,CLEAR,DUSK,REAR TO SIDE,PARKING LOT,,STRAIGHT AND LEVEL,DRY,NO DEFECTS,NOT ON SCENE (DESK REPORT),NO INJURY / DRIVE AWAY,,Y,,"$501 - $1,500",07/22/2025 08:15:00 PM,DRIVING SKILLS/KNOWLEDGE/EXPERIENCE,UNABLE TO DETERMINE,7535,S,ASHLAND AVE,612,,,,,,,2,NO INDICATION OF INJURY,0,0,0,0,0,2,0,19,3,7,41.7565454141,-87.6634438529,POINT (-87.663443852852 41.756545414126)
c9d2841f9db25f74846015168ec94d3b110e734f0a5804a3633ca072a0f174474e5301e4616e98b5c1204a22a64e6a94095a22b08e99818f95e928843f8cedb3,,07/22/2025 07:00:00 PM,25,TRAFFIC SIGNAL,FUNCTIONING PROPERLY,CLEAR,DAYLIGHT,SIDESWIPE SAME DIRECTION,FOUR WAY,,STRAIGHT AND LEVEL,DRY,NO DEFECTS,NOT ON SCENE (DESK REPORT),NO INJURY / DRIVE AWAY,Y,,,"OVER $1,500",07/23/2025 05:40:00 PM,UNABLE TO DETERMINE,UNABLE TO DETERMINE,33,W,CHICAGO AVE,1832,,,,,,,2,NO INDICATION OF INJURY,0,0,0,0,0,2,0,19,3,7,41.8965479768,-87.6296098131,POINT (-87.629609813141 41.896547976807)
0b6cc98927773b08a84b04ea107077976210b65255883ff0bdbbdb6ce9f074497a204929a477ec9d71f9ee73038c06d2b8267e37161f891ba72730811662e5f3,,07/22/2025 06:57:00 PM,30,STOP SIGN/FLASHER,FUNCTIONING PROPERLY,CLEAR,DAYLIGHT,ANGLE,T-INTERSECTION,,STRAIGHT AND LEVEL,DRY,NO DEFECTS,ON SCENE,INJURY AND / OR TOW DUE TO CRASH,Y,,,"OVER $1,500",07/22/2025 06:57:00 PM,FAILING TO YIELD RIGHT-OF-WAY,FAILING TO YIELD RIGHT-OF-WAY,1732,N,LARAMIE AVE,2532,,,,,,,2,NONINCAPACITATING INJURY,2,0,0,2,0,1,0,18,3,7,41.9123493906,-87.7559112804,POINT (-87.755911280389 41.912349390578)
5ff2d189b591c24f65f8f2d770eba2b24042d16c1b4e4eebae3c9e466b5fa9d624f44952bde5cfb384f95445135ad1c478995a000b42bcdc64c06ff0040c576c,,07/22/2025 06:55:00 PM,30,NO CONTROLS,NO CONTROLS,CLEAR,DAYLIGHT,TURNING,NOT DIVIDED,,STRAIGHT AND LEVEL,DRY,UNKNOWN,NOT ON SCENE (DESK REPORT),NO INJURY / DRIVE AWAY,,,,"OVER $1,500",07/22/2025 07:20:00 PM,DRIVING SKILLS/KNOWLEDGE/EXPERIENCE,NOT APPLICABLE,3300,S,WENTWORTH AVE,915,,,,,,,2,NO INDICATION OF INJURY,0,0,0,0,0,2,0,18,3,7,41.8344980217,-87.6317458014,POINT (-87.631745801426 41.834498021652)
a2d453c64611bacb6e6f175f94153118bbfa884088a75f9ec1be4fdba97042a487142637ae42b0895b023828a4606b0768212869e1641ca09a5ad1c208f05cb6,,07/22/2025 06:52:00 PM,5,NO CONTROLS,NO CONTROLS,CLEAR,DAYLIGHT,SIDESWIPE SAME DIRECTION,ONE-WAY,,STRAIGHT AND LEVEL,DRY,NO DEFECTS,NOT ON SCENE (DESK REPORT),NO INJURY / DRIVE AWAY,,,,"OVER $1,500",07/22/2025 08:16:00 PM,UNABLE TO DETERMINE,UNABLE TO DETERMINE,521,N,RUSH ST,1834,,,,,,,2,NO INDICATION OF INJURY,0,0,0,0,0,2,0,18,3,7,41.8916712999,-87.6252247279,POINT (-87.625224727853 41.891671299854)
5f407d8e2550c8fcc33d329bbe23c61b314957c4d84547390ae2e0d509b43a82ddac0ebb24212523a5d9531e1af94891bfbc556df0b470e7dce33d382d61be6a,,07/22/2025 06:45:00 PM,30,NO CONTROLS,NO CONTROLS,CLEAR,DAYLIGHT,PARKED MOTOR VEHICLE,ONE-WAY,,STRAIGHT AND LEVEL,DRY,NO DEFECTS,ON SCENE,NO INJURY / DRIVE AWAY,,,,"$501 - $1,500",07/22/2025 07:02:00 PM,UNABLE TO DETERMINE,NOT APPLICABLE,3,W,TERMINAL ST,1653,,,,,,,2,NO INDICATION OF INJURY,0,0,0,0,0,1,0,18,3,7,,,
e873cb5327eb001eeafe978dffd1f441e0637d94cf56092a361aaa4335d6115a04071502b5637684ef60c464fc00fadf624f72c235d99167a6c31d7bae1277ef,,07/22/2025 06:43:00 PM,30,NO CONTROLS,NO CONTROLS,CLEAR,DAYLIGHT,PARKED MOTOR VEHICLE,PARKING LOT,,STRAIGHT AND LEVEL,UNKNOWN,UNKNOWN,NOT ON SCENE (DESK REPORT),NO INJURY / DRIVE AWAY,,,,"OVER $1,500",07/22/2025 07:26:00 PM,UNABLE TO DETERMINE,UNABLE TO DETERMINE,11,E,75TH ST,623,,,,,,,2,NO INDICATION OF INJURY,0,0,0,0,0,3,0,18,3,7,41.7580961025,-87.6242081331,POINT (-87.62420813307 41.758096102509)
ccd74e8212552b99206fa38e4be7a893d6800e982e750f255604014d89d98b5df5f78461782260e7b6b468bcb68cee459f4aa1bafb08d4f5aa36ccb4ef6b51b4,,07/22/2025 06:40:00 PM,30,TRAFFIC SIGNAL,FUNCTIONING PROPERLY,CLEAR,DAYLIGHT,SIDESWIPE SAME DIRECTION,DIVIDED - W/MEDIAN BARRIER,,STRAIGHT AND LEVEL,DRY,NO DEFECTS,NOT ON SCENE (DESK REPORT),NO INJURY / DRIVE AWAY,Y,,Y,"OVER $1,500",07/24/2025 10:00:00 AM,FAILING TO YIELD RIGHT-OF-WAY,DRIVING SKILLS/KNOWLEDGE/EXPERIENCE,11,E,ROOSEVELT RD,131,,,,,,,2,NO INDICATION OF INJURY,0,0,0,0,0,2,0,18,3,7,41.8673119809,-87.6268154103,POINT (-87.626815410269 41.867311980905)
1408db236ca8731cfb0ff46574cf21faa64780536545b0f82bafabc1bb1a9149e0a645bc5b71422f07339dec6787c38f9553442f4e31a3e42685a9a41795de2b,,07/22/2025 06:34:00 PM,30,NO CONTROLS,NO CONTROLS,CLEAR,"DARKNESS, LIGHTED ROAD",PARKED MOTOR VEHICLE,ONE-WAY,,STRAIGHT AND LEVEL,DRY,NO DEFECTS,ON SCENE,NO INJURY / DRIVE AWAY,,,Y,"$501 - $1,500",07/22/2025 11:32:00 PM,UNABLE TO DETERMINE,FAILING TO REDUCE SPEED TO AVOID CRASH,3111,N,RUTHERFORD AVE,2511,,,,,,,2,NO INDICATION OF INJURY,0,0,0,0,0,1,0,18,3,7,41.9367396,-87.7942841022,POINT (-87.794284102192 41.936739600006)
031244370c71859edb3d9f574befe474c7bcd095dec3dce255421948bc2929d45e19834215b2fb11fa22c12fb3cff18969ce449e8303b29143f6450f0a1169d4,,07/22/2025 06:30:00 PM,30,UNKNOWN,UNKNOWN,CLEAR,DAYLIGHT,PARKED MOTOR VEHICLE,UNKNOWN,,STRAIGHT AND LEVEL,UNKNOWN,UNKNOWN,NOT ON SCENE (DESK REPORT),NO INJURY / DRIVE AWAY,,,Y,"OVER $1,500",07/23/2025 03:30:00 PM,UNABLE TO DETERMINE,UNABLE TO DETERMINE,640,E,41ST ST,214,,,,,,,2,NO INDICATION OF INJURY,0,0,0,0,0,1,0,18,3,7,41.8204445518,-87.61016803,POINT (-87.610168029993 41.820444551804)