CRASH_RECORD_ID,CRASH_DATE_EST_I,CRASH_DATE,POSTED_SPEED_LIMIT,TRAFFIC_CONTROL_DEVICE,DEVICE_CONDITION,WEATHER_CONDITION,LIGHTING_CONDITION,FIRST_CRASH_TYPE,TRAFFICWAY_TYPE,LANE_CNT,ALIGNMENT,ROADWAY_SURFACE_COND,ROAD_DEFECT,REPORT_TYPE,CRASH_TYPE,INTERSECTION_RELATED_I,NOT_RIGHT_OF_WAY_I,HIT_AND_RUN_I,DAMAGE,DATE_POLICE_NOTIFIED,PRIM_CONTRIBUTORY_CAUSE,SEC_CONTRIBUTORY_CAUSE,STREET_NO,STREET_DIRECTION,STREET_NAME,BEAT_OF_OCCURRENCE,PHOTOS_TAKEN_I,STATEMENTS_TAKEN_I,DOORING_I,WORK_ZONE_I,WORK_ZONE_TYPE,WORKERS_PRESENT_I,NUM_UNITS,MOST_SEVERE_INJURY,INJURIES_TOTAL,INJURIES_FATAL,INJURIES_INCAPACITATING,INJURIES_NON_INCAPACITATING,INJURIES_REPORTED_NOT_EVIDENT,INJURIES_NO_INDICATION,INJURIES_UNKNOWN,CRASH_HOUR,CRASH_DAY_OF_WEEK,CRASH_MONTH,LATITUDE,LONGITUDE,LOCATION
52371358d7a8f024a1115b768d1548a23697827be079fdbcd244f611af951b46450877b0320c92c71a93d3c354797743b175a036b928a94fcbaa8425b1acd22d,,07/22/2025 06:30:00 PM,30,NO CONTROLS,NO CONTROLS,CLEAR,DAYLIGHT,PARKED MOTOR VEHICLE,NOT DIVIDED,,STRAIGHT AND LEVEL,DRY,NO DEFECTS,NOT ON SCENE (DESK REPORT),NO INJURY / DRIVE AWAY,,,Y,"OVER $1,500",07/23/2025 06:55:00 PM,UNABLE TO DETERMINE,UNABLE TO DETERMINE,3044,N,NEW ENGLAND AVE,2511,,,,,,,2,NO INDICATION OF INJURY,0,0,0,0,0,1,0,18,3,7,41.935821707,-87.7982244451,POINT (-87.798224445078 41.935821707009)
57e7d998abef377eac7b56874ffa680831ef14b46f4bc329cccd244a0980fda5b3296ff0d11013d731b23814b3846c85cbce6edcbc2cf211b5ed5843331b1159,,07/22/2025 06:30:00 PM,30,TRAFFIC SIGNAL,FUNCTIONING PROPERLY,CLEAR,DAYLIGHT,REAR END,NOT DIVIDED,,STRAIGHT AND LEVEL,DRY,NO DEFECTS,NOT ON SCENE (DESK REPORT),NO INJURY / DRIVE AWAY,Y,,Y,"OVER $1,500",07/22/2025 09:30:00 PM,UNABLE TO DETERMINE,UNABLE TO DETERMINE,5500,S,PULASKI RD,813,,,,,,,2,NO INDICATION OF INJURY,0,0,0,0,0,2,0,18,3,7,41.7931550607,-87.7233037646,POINT (-87.723303764642 41.793155060731)
9ef77b0b8aef500a239d3fe048393aaafbed41199b8d236ae3d7bf4b3b55b082729030b1bce7be21ff51abb84cef0d020ffeec056b34ba5a7b1db4750b5f2afc,,07/22/2025 06:30:00 PM,30,NO CONTROLS,NO CONTROLS,CLEAR,DAYLIGHT,SIDESWIPE SAME DIRECTION,ONE-WAY,,STRAIGHT AND LEVEL,DRY,NO DEFECTS,ON SCENE,NO INJURY / DRIVE AWAY,,,Y,"OVER $1,500",07/22/2025 06:33:00 PM,FOLLOWING TOO CLOSELY,NOT APPLICABLE,4319,W,FLOURNOY ST,1131,,,,,,,2,NO INDICATION OF INJURY,0,0,0,0,0,4,0,18,3,7,41.8723498153,-87.7335411167,POINT (-87.73354111671 41.872349815274)
b16176d26c55f71941e699ca85f214638ec3a350d27f2f3dbca227af48843285aa62b4d85105d56a53d063c062a0cfb7ccbbbf7b99db2f2f12587338dfc7b4c0,,07/22/2025 06:30:00 PM,30,TRAFFIC SIGNAL,FUNCTIONING PROPERLY,CLEAR,DAYLIGHT,TURNING,FOUR WAY,,STRAIGHT AND LEVEL,DRY,UNKNOWN,NOT ON SCENE (DESK REPORT),NO INJURY / DRIVE AWAY,Y,,,"$501 - $1,500",07/22/2025 09:00:00 PM,UNABLE TO DETERMINE,UNABLE TO DETERMINE,200,S,DESPLAINES ST,121,,,,,,,2,NO INDICATION OF INJURY,0,0,0,0,0,2,0,18,3,7,41.8792237725,-87.6441875333,POINT (-87.64418753334 41.879223772458)
07eab31113a9c2ada4604f9e2a6ac78d4e20ab36237473c53ca40c46c2963c7cdbff37132c8e89947388a22c4f5fdff886682e77a43e84d37f403cfe74f8f183,,07/22/2025 06:26:00 PM,25,NO CONTROLS,NO CONTROLS,CLEAR,DAYLIGHT,TURNING,OTHER,,STRAIGHT AND LEVEL,DRY,NO DEFECTS,,INJURY AND / OR TOW DUE TO CRASH,N,,Y,$500 OR LESS,07/22/2025 06:30:00 PM,UNABLE TO DETERMINE,NOT APPLICABLE,3200,S,MICHIGAN AVE,211,,,,,,,2,"REPORTED, NOT EVIDENT",1,0,0,0,1,1,0,18,3,7,41.8363595441,-87.6235274832,POINT (-87.623527483213 41.836359544093)
b1ba3176d1a621b9130a98c831087785e92fd1dd42b359bd314351a945ee0afba2c81b2fe31ebbc8031fda3607b445a71fd0a1d19396d62cfd10b175ea6fbba3,,07/22/2025 06:25:00 PM,30,TRAFFIC SIGNAL,FUNCTIONING PROPERLY,CLEAR,DAYLIGHT,REAR END,FOUR WAY,,STRAIGHT AND LEVEL,DRY,NO DEFECTS,NOT ON SCENE (DESK REPORT),NO INJURY / DRIVE AWAY,Y,,,"OVER $1,500",07/28/2025 12:00:00 PM,UNABLE TO DETERMINE,UNABLE TO DETERMINE,4200,W,NORTH AVE,2534,,,,,,,3,NO INDICATION OF INJURY,0,0,0,0,0,3,0,18,3,7,41.9099284207,-87.7313179391,POINT (-87.731317939089 41.909928420721)
6d903ba5b43c215f704a678f714aa2caacdc27bec97af9b12b9a7d57668ba341e4edef504c94866e384f09c0a2c45d8dab31706c7e30b0c4419f0b9878ec7c3b,,07/22/2025 06:24:00 PM,30,NO CONTROLS,NO CONTROLS,CLEAR,DAYLIGHT,PARKED MOTOR VEHICLE,DIVIDED - W/MEDIAN BARRIER,,STRAIGHT AND LEVEL,DRY,NO DEFECTS,NOT ON SCENE (DESK REPORT),NO INJURY / DRIVE AWAY,,,Y,"OVER $1,500",07/22/2025 07:40:00 PM,UNABLE TO DETERMINE,NOT APPLICABLE,9619,S,HALSTED ST,2223,,,,,,,2,NO INDICATION OF INJURY,0,0,0,0,0,1,0,18,3,7,41.7189915108,-87.6429998608,POINT (-87.64299986081 41.718991510808)
859e0e77770e472a92a7c6cc82481e6629f31e81cc917a64d15a76656f53fc239c60e5cbf4737814e0c7ae15f4603ea8e14d3fd1eb3001b43548ef074dfb0edd,,07/22/2025 06:12:00 PM,30,STOP SIGN/FLASHER,NO CONTROLS,CLEAR,DAYLIGHT,ANGLE,FOUR WAY,,STRAIGHT AND LEVEL,DRY,UNKNOWN,ON SCENE,INJURY AND / OR TOW DUE TO CRASH,Y,,,"OVER $1,500",07/22/2025 08:30:00 PM,UNABLE TO DETERMINE,NOT APPLICABLE,528,E,61ST ST,313,,,,,,,2,NONINCAPACITATING INJURY,1,0,0,1,0,1,0,18,3,7,41.7840571274,-87.6121385445,POINT (-87.612138544485 41.784057127363)
40074b43ac207eaec0d6e3b88587a43ff7bb97c682ee335e34d88987406344717f6d42a274640a526da163c5c1d4b05aad73d07b2dac677af783a8fac267cc7e,,07/22/2025 06:06:00 PM,30,TRAFFIC SIGNAL,FUNCTIONING PROPERLY,CLEAR,DAYLIGHT,SIDESWIPE SAME DIRECTION,NOT DIVIDED,,STRAIGHT AND LEVEL,DRY,NO DEFECTS,ON SCENE,INJURY AND / OR TOW DUE TO CRASH,Y,,,"OVER $1,500",07/22/2025 06:06:00 PM,UNABLE TO DETERMINE,UNABLE TO DETERMINE,5601,W,CHICAGO AVE,1511,,,,,,,3,NONINCAPACITATING INJURY,4,0,0,3,1,1,0,18,3,7,41.8947428283,-87.7654533968,POINT (-87.76545339684 41.894742828323)
3937d81387b1f591545eb86996dc2bf6e63963ff5cf44e0abdd3fe5827f1ef241d7bb5a925a99964f2cf816abcd483ea9bc98c5f39b3eef7b8ef00c345c84845,,07/22/2025 06:03:00 PM,30,NO CONTROLS,NO CONTROLS,CLEAR,DAYLIGHT,TURNING,NOT DIVIDED,,STRAIGHT AND LEVEL,DRY,UNKNOWN,ON SCENE,INJURY AND / OR TOW DUE TO CRASH,,,,"OVER $1,500",07/22/2025 06:32:00 PM,FAILING TO YIELD RIGHT-OF-WAY,NOT APPLICABLE,3734,W,55TH ST,822,,,,,,,2,NO INDICATION OF INJURY,0,0,0,0,0,2,0,18,3,7,41.7933995804,-87.7171815738,POINT (-87.71718157385 41.793399580443)
3abb73f01f4b4c7220feac630d579e80eb2a424b501c9557bd873d48f8e5e463124e8b456ba1cd8f8bf35480ae8d1aa8015f01c729c93d2efdf55025c69f2102,,07/22/2025 06:00:00 PM,30,STOP SIGN/FLASHER,FUNCTIONING PROPERLY,CLEAR,DAYLIGHT,ANGLE,FOUR WAY,,STRAIGHT AND LEVEL,DRY,NO DEFECTS,ON SCENE,NO INJURY / DRIVE AWAY,,,,"$501 - $1,500",07/22/2025 07:30:00 PM,FAILING TO YIELD RIGHT-OF-WAY,NOT APPLICABLE,760,N,OGDEN AVE,1215,,,,,,,2,NO INDICATION OF INJURY,0,0,0,0,0,5,0,18,3,7,41.8958866205,-87.6551305246,POINT (-87.655130524638 41.895886620509)
418c324d131c43a84915253b55459d2decb5a6795505f14041e51debca8f955bdaf82e3f8297e2586026d0d8f4d8425cc3a0f1713e50dd45e7994bf0c62e4982,,07/22/2025 06:00:00 PM,25,TRAFFIC SIGNAL,FUNCTIONING PROPERLY,CLEAR,"DARKNESS, LIGHTED ROAD",PARKED MOTOR VEHICLE,ONE-WAY,,STRAIGHT AND LEVEL,DRY,NO DEFECTS,NOT ON SCENE (DESK REPORT),NO INJURY / DRIVE AWAY,,,,$500 OR LESS,07/22/2025 08:32:00 PM,DRIVING SKILLS/KNOWLEDGE/EXPERIENCE,NOT APPLICABLE,7398,W,BIRCHWOOD AVE,1611,,,,,,,2,NO INDICATION OF INJURY,0,0,0,0,0,1,0,18,3,7,42.0171513951,-87.8113985829,POINT (-87.811398582894 42.017151395112)
50b1a34fd7b615cb523ff37e3a696c150cec6c5775d230d4791e8d8fe4e249b85542a88007cc99c58a44d89f32a6aec0a4bc360c746f78b9fc7054c000e996e0,,07/22/2025 05:58:00 PM,30,NO CONTROLS,NO CONTROLS,CLEAR,DAYLIGHT,TURNING,NOT DIVIDED,,STRAIGHT AND LEVEL,DRY,NO DEFECTS,ON SCENE,INJURY AND / OR TOW DUE TO CRASH,,,,"OVER $1,500",07/22/2025 07:00:00 PM,UNABLE TO DETERMINE,FAILING TO REDUCE SPEED TO AVOID CRASH,849,W,GRAND AVE,1214,,,,,,,2,NO INDICATION OF INJURY,0,0,0,0,0,2,0,17,3,7,41.8910514366,-87.649614389,POINT (-87.649614389023 41.891051436649)
001ae7471360ec7b5ba258e2a8d6a41e8637c6967c85c82cf84c04811f23e7132589bac82218d5e55e6c6a6210ff0301285130488f30b7a3a10338e03e6f30a4,,07/22/2025 05:50:00 PM,30,NO CONTROLS,NO CONTROLS,CLEAR,DAYLIGHT,REAR END,NOT DIVIDED,,STRAIGHT AND LEVEL,DRY,NO DEFECTS,ON SCENE,INJURY AND / OR TOW DUE TO CRASH,,,,"OVER $1,500",07/22/2025 05:53:00 PM,FAILING TO REDUCE SPEED TO AVOID CRASH,NOT APPLICABLE,2182,W,59TH ST,715,,,,,,,2,NONINCAPACITATING INJURY,2,0,0,2,0,3,0,17,3,7,41.7866748067,-87.6790413615,POINT (-87.679041361457 41.786674806711)
b6516518ee69f8ce0e54360a7e56e2f49f5da2efc396f826d414cf8440cf415d60b9f3cce98adac9ff789d4e2a89671e98d4bd1e958a1b146549fd006b3cf726,,07/22/2025 05:50:00 PM,30,TRAFFIC SIGNAL,FUNCTIONING PROPERLY,CLEAR,DAYLIGHT,PEDALCYCLIST,NOT DIVIDED,,STRAIGHT AND LEVEL,DRY,NO DEFECTS,ON SCENE,INJURY AND / OR TOW DUE TO CRASH,Y,,,$500 OR LESS,07/22/2025 05:50:00 PM,FAILING TO YIELD RIGHT-OF-WAY,UNABLE TO DETERMINE,1300,N,ELSTON AVE,1433,,,,,,,2,NONINCAPACITATING INJURY,1,0,0,1,0,1,0,17,3,7,41.905399955,-87.6597543522,POINT (-87.659754352179 41.905399955031)
df79a48fb7e49eaba50dc436477a075baea6e259fac77c81433cf6be768dcad7993d5fab923ba84810b60b13231c5c345266366962e524f8788120ac59034e9b,,07/22/2025 05:50:00 PM,30,NO CONTROLS,NO CONTROLS,CLEAR,DAYLIGHT,PEDALCYCLIST,NOT DIVIDED,,STRAIGHT AND LEVEL,DRY,UNKNOWN,ON SCENE,NO INJURY / DRIVE AWAY,,,Y,"OVER $1,500",07/22/2025 06:10:00 PM,IMPROPER TURNING/NO SIGNAL,NOT APPLICABLE,622,E,71ST ST,322,,,,,,,2,NO INDICATION OF INJURY,0,0,0,0,0,2,0,17,3,7,41.7659193795,-87.6095209337,POINT (-87.609520933741 41.765919379539)
e88ed03dc62a79057772dcfea36d7d3846a60d8b4179f57c7e7b4735509110f95255a946b1bc1435500ac7cd25f20240405255797f28b69f4e431217524925ea,,07/22/2025 05:50:00 PM,10,NO CONTROLS,NO CONTROLS,CLEAR,DAYLIGHT,ANGLE,PARKING LOT,,STRAIGHT AND LEVEL,DRY,NO DEFECTS,NOT ON SCENE (DESK REPORT),NO INJURY / DRIVE AWAY,,Y,,"OVER $1,500",07/22/2025 06:45:00 PM,UNABLE TO DETERMINE,NOT APPLICABLE,4137,N,ELSTON AVE,1723,,,,,,,2,NO INDICATION OF INJURY,0,0,0,0,0,3,0,17,3,7,41.9561262015,-87.7224828263,POINT (-87.722482826292 41.956126201479)
00046b6b6e226f09967d15fb27db877616d1c7c8745a23927f359521c223a4d7b34ca2c5deb27e0195381cb64062fa9a73486b4f6052553a1c7baf90df4ff25a,,07/22/2025 05:47:00 PM,30,NO CONTROLS,NO CONTROLS,CLEAR,DAYLIGHT,REAR END,NOT DIVIDED,,STRAIGHT AND LEVEL,DRY,NO DEFECTS,ON SCENE,NO INJURY / DRIVE AWAY,,,Y,"$501 - $1,500",07/22/2025 05:48:00 PM,UNABLE TO DETERMINE,UNABLE TO DETERMINE,4402,N,KOSTNER AVE,1722,,,,,,,2,NO INDICATION OF INJURY,0,0,0,0,0,5,0,17,3,7,41.9609732111,-87.7385772896,POINT (-87.738577289606 41.960973211128)
54056e0b456196ab177be8a48e27be3e9b8733d1d56e6cfb71e0b564ccd48cfcf6fa71dcd140bb6c0f601d17dbe2394f73d24b9d30d04d76582a60cf1b290e9d,,07/22/2025 05:45:00 PM,30,NO CONTROLS,NO CONTROLS,CLEAR,DAYLIGHT,SIDESWIPE SAME DIRECTION,NOT DIVIDED,,STRAIGHT AND LEVEL,DRY,NO DEFECTS,NOT ON SCENE (DESK REPORT),NO INJURY / DRIVE AWAY,,,,"$501 - $1,500",07/22/2025 07:08:00 PM,IMPROPER OVERTAKING/PASSING,NOT APPLICABLE,623,N,MICHIGAN AVE,1834,,,,,,,2,NO INDICATION OF INJURY,0,0,0,0,0,3,0,17,3,7,41.8932411779,-87.6240624613,POINT (-87.624062461263 41.893241177936)
b8c12a1d620f2e3d730f1e0974b9d35674636402e28cc825e247c0c94ad36ee75789b648fe409db1d654907e6ee0dd8cca3a12023cdca93db916fdfc7e635427,,07/22/2025 05:45:00 PM,30,NO CONTROLS,NO CONTROLS,CLEAR,DAYLIGHT,REAR END,DIVIDED - W/MEDIAN (NOT RAISED),,STRAIGHT AND LEVEL,DRY,NO DEFECTS,ON SCENE,INJURY AND / OR TOW DUE TO CRASH,,,Y,"$501 - $1,500",07/22/2025 05:49:00 PM,UNABLE TO DETERMINE,NOT APPLICABLE,2218,W,ADDISON ST,1921,,,,,,,3,"REPORTED, NOT EVIDENT",1,0,0,0,1,2,0,17,3,7,41.9468979596,-87.6842250071,POINT (-87.684225007077 41.946897959607)
7f7211e88586b3fa1bd420afad2ecadf1bc12395c42224e1cd5a4e588ce99e3b53ee953051b814958d3ad21c868a1c621f8b6d291fa6bbf332555134f1f8a565,,07/22/2025 05:44:00 PM,30,TRAFFIC SIGNAL,FUNCTIONING PROPERLY,CLEAR,DAYLIGHT,REAR END,FOUR WAY,,STRAIGHT AND LEVEL,DRY,NO DEFECTS,ON SCENE,INJURY AND / OR TOW DUE TO CRASH,,,,"OVER $1,500",07/22/2025 05:44:00 PM,FOLLOWING TOO CLOSELY,NOT APPLICABLE,4400,W,CERMAK RD,1012,,,,,,,2,NO INDICATION OF INJURY,0,0,0,0,0,2,0,17,3,7,41.8515091963,-87.734559326,POINT (-87.734559326014 41.851509196295)
4f3599c7e7feb803afe2317c2210f7444dd7d5d26efff72578d66e80a413a0a15917ff3260adce7419362a0d554e7590504d997cb00144d0dc6ece0946809b8a,Y,07/22/2025 05:41:00 PM,30,NO CONTROLS,NO CONTROLS,CLEAR,DAYLIGHT,SIDESWIPE SAME DIRECTION,PARKING LOT,,STRAIGHT AND LEVEL,DRY,UNKNOWN,ON SCENE,NO INJURY / DRIVE AWAY,,,,"OVER $1,500",07/22/2025 05:42:00 PM,IMPROPER BACKING,NOT APPLICABLE,5210,N,NORTHWEST HWY,1622,,,,,,,2,NO INDICATION OF INJURY,0,0,0,0,0,2,0,17,3,7,41.9752580672,-87.7688065673,POINT (-87.768806567279 41.975258067213)
fee741108bce6f1810cae58ee17ce408ba958b19222af451a23bcb9b1fa14d6281158c1507a622ec95961206476a585c43364a2c43827af08f61c7ade9e155f8,,07/22/2025 05:40:00 PM,30,NO CONTROLS,NO CONTROLS,CLEAR,DAYLIGHT,ANGLE,NOT DIVIDED,,STRAIGHT AND LEVEL,DRY,NO DEFECTS,NOT ON SCENE (DESK REPORT),NO INJURY / DRIVE AWAY,,,,"OVER $1,500",07/22/2025 05:40:00 PM,FAILING TO YIELD RIGHT-OF-WAY,NOT APPLICABLE,5609,W,DIVISION ST,1511,,,,,,,2,NO INDICATION OF INJURY,0,0,0,0,0,2,0,17,3,7,41.9020297229,-87.7660227874,POINT (-87.766022787449 41.902029722868)
af21a68e305f9acc2a8cf7a817728f0c0fe3b06ceaba56cb62bfa779895219d115813b92151248fa8976cbd879bd641efb47e7bfeb246f05fbc1b1c3173b6fb7,,07/22/2025 05:34:00 PM,30,TRAFFIC SIGNAL,FUNCTIONING PROPERLY,CLEAR,DAYLIGHT,REAR TO FRONT,DIVIDED - W/MEDIAN (NOT RAISED),,STRAIGHT AND LEVEL,DRY,WORN SURFACE,ON SCENE,INJURY AND / OR TOW DUE TO CRASH,Y,,,"OVER $1,500",07/22/2025 05:36:00 PM,FOLLOWING TOO CLOSELY,DRIVING SKILLS/KNOWLEDGE/EXPERIENCE,4500,S,WESTERN AVE,922,,,,,,,2,NO INDICATION OF INJURY,0,0,0,0,0,2,0,17,3,7,41.8120170272,-87.6846769146,POINT (-87.684676914642 41.812017027229)
b1ebff1041d85806fe3dbe33a6c530fee51dd5b72b188bfa9d62bc8fc28e7a8c40e712d7ec4bce85cca962ebc0ecd0b9513ad882584363d8e171354fdd5e1b74,,07/22/2025 05:32:00 PM,30,NO CONTROLS,NO CONTROLS,CLEAR,DAYLIGHT,ANGLE,FOUR WAY,,STRAIGHT AND LEVEL,DRY,NO DEFECTS,ON SCENE,INJURY AND / OR TOW DUE TO CRASH,Y,,,"OVER $1,500",07/22/2025 05:44:00 PM,FAILING TO REDUCE SPEED TO AVOID CRASH,FAILING TO YIELD RIGHT-OF-WAY,7100,W,DIVERSEY AVE,2511,,,,,,,2,NO INDICATION OF INJURY,0,0,0,0,0,3,0,17,3,7,41.9308901448,-87.8041151354,POINT (-87.804115135413 41.930890144785)
19004fc56a3f5c27fbe5db0e407147da5a4714c385d474d0ebc0b1c384df1ac13209bbd6145464656d3bafcf032b57450cf349b4a8ac15de1753aa11fdc03c12,,07/22/2025 05:30:00 PM,25,NO CONTROLS,NO CONTROLS,CLEAR,UNKNOWN,SIDESWIPE SAME DIRECTION,DIVIDED - W/MEDIAN BARRIER,,STRAIGHT ON GRADE,UNKNOWN,UNKNOWN,NOT ON SCENE (DESK REPORT),NO INJURY / DRIVE AWAY,,,Y,$500 OR LESS,07/22/2025 07:00:00 PM,IMPROPER LANE USAGE,UNABLE TO DETERMINE,10002,S,EWING AVE,432,,,,,,,2,NO INDICATION OF INJURY,0,0,0,0,0,2,0,17,3,7,41.7136428871,-87.5354222965,POINT (-87.535422296499 41.713642887105)
2e553c053848bd5f6d07b9ef65b481a8b1b8323d5b291ac4e4fe3f001bcfe48720a8d4d27adbde1f10dfa64f4b3fc9237eea246ce09f6defd3171a2b94738fe8,,07/22/2025 05:30:00 PM,30,NO CONTROLS,NO CONTROLS,CLEAR,DAYLIGHT,TURNING,DIVIDED - W/MEDIAN (NOT RAISED),,STRAIGHT AND LEVEL,DRY,NO DEFECTS,NOT ON SCENE (DESK REPORT),NO INJURY / DRIVE AWAY,,,N,"OVER $1,500",07/22/2025 07:09:00 PM,IMPROPER TURNING/NO SIGNAL,NOT APPLICABLE,3821,W,ROOSEVELT RD,1011,,,,,,,2,NO INDICATION OF INJURY,0,0,0,0,0,2,0,17,3,7,41.866119494,-87.720927574,POINT (-87.720927573996 41.866119493974)
c56e73bdb2b759e0fc1e54d45f206bd21542bd9ac76cc634d65f03a4f89f2dad594d186ddef841f5a4056d4200472b6aa8b7f203d246f95867afc760b32d5c50,,07/22/2025 05:30:00 PM,20,UNKNOWN,UNKNOWN,CLEAR,DAYLIGHT,SIDESWIPE SAME DIRECTION,FOUR WAY,,STRAIGHT AND LEVEL,DRY,UNKNOWN,NOT ON SCENE (DESK REPORT),NO INJURY / DRIVE AWAY,Y,,,"$501 - $1,500",07/22/2025 06:00:00 PM,UNABLE TO DETERMINE,UNABLE TO DETERMINE,11200,S,EWING AVE,433,,,,,,,2,NO INDICATION OF INJURY,0,0,0,0,0,2,0,17,3,7,41.6917521577,-87.5354267576,POINT (-87.535426757613 41.691752157727)
c66b05c9f52c74e730a43c6ed8e588f6d7a4e0da89fbf837e432da1840b613b849e7bf98b4aa347ccb8d585cf56974838d537bbb44c536b1d786a71662aa2bea,Y,07/22/2025 05:30:00 PM,30,STOP SIGN/FLASHER,FUNCTIONING PROPERLY,CLEAR,DAYLIGHT,PEDALCYCLIST,NOT DIVIDED,,STRAIGHT AND LEVEL,DRY,NO DEFECTS,ON SCENE,INJURY AND / OR TOW DUE TO CRASH,Y,,Y,"OVER $1,500",07/22/2025 10:58:00 PM,UNABLE TO DETERMINE,NOT APPLICABLE,2558,N,NORMANDY AVE,2512,,,,,,,2,NONINCAPACITATING INJURY,1,0,0,1,0,1,0,17,3,7,41.9271217672,-87.7930510498,POINT (-87.793051049798 41.927121767187)
d3ef671658fed9303de661323a381499393e5cc39a27f20acb6cc9cd7073de7c7641d98170f4d5fab0cdb16d8510ba6e39b03e08f1e14dfd7e2c94d4110b4250,Y,07/22/2025 05:30:00 PM,30,TRAFFIC SIGNAL,FUNCTIONING PROPERLY,CLEAR,DAYLIGHT,TURNING,NOT DIVIDED,,STRAIGHT AND LEVEL,DRY,UNKNOWN,NOT ON SCENE (DESK REPORT),NO INJURY / DRIVE AWAY,,,,"OVER $1,500",07/22/2025 06:20:00 PM,FAILING TO YIELD RIGHT-OF-WAY,NOT APPLICABLE,2600,N,CLYBOURN AVE,1931,,,,,,,2,NO INDICATION OF INJURY,0,0,0,0,0,2,0,17,3,7,41.9286950012,-87.6741950831,POINT (-87.6741950831 41.92869500119)
f9e5835cec7ab30699d12d0fdbd6aad34a892120d13bdcbd19da3eae83d5658ad2180cdeace75c247732457bb80e6a3f8c874386c5db9c762326cc1d4f05b8b9,,07/22/2025 05:30:00 PM,20,TRAFFIC SIGNAL,FUNCTIONING PROPERLY,CLEAR,DAYLIGHT,PEDALCYCLIST,FOUR WAY,,STRAIGHT AND LEVEL,DRY,NO DEFECTS,ON SCENE,INJURY AND / OR TOW DUE TO CRASH,Y,,,"$501 - $1,500",07/22/2025 05:30:00 PM,UNABLE TO DETERMINE,NOT APPLICABLE,1200,W,HARRISON ST,1231,,,,,,,2,NONINCAPACITATING INJURY,1,0,0,1,0,1,0,17,3,7,41.8743886435,-87.6569588888,POINT (-87.656958888781 41.8743886435)
15973a009284e69bab2fd24273d20e1300cc3bcc42960f45d3f86f7541b6a4da24600182b7e5b2937756e5168cafb43c85d8d273acb6e00bd1a8178f21ee1bcb,,07/22/2025 05:23:00 PM,20,NO CONTROLS,FUNCTIONING PROPERLY,CLEAR,DAYLIGHT,TURNING,DIVIDED - W/MEDIAN (NOT RAISED),,STRAIGHT AND LEVEL,DRY,UNKNOWN,ON SCENE,NO INJURY / DRIVE AWAY,,,,"OVER $1,500",07/22/2025 05:23:00 PM,FAILING TO YIELD RIGHT-OF-WAY,NOT APPLICABLE,5109,S,PULASKI RD,822,,,,,,,2,NO INDICATION OF INJURY,0,0,0,0,0,4,0,17,3,7,41.8000915344,-87.7232136115,POINT (-87.723213611533 41.800091534442)
9fbc1a0f8423bf5fa922b9bcfff5279dfa215ca4b2e360ff8879465420279cd2f3b3c270e1738901acbdd04c0bf4629ba82815378997bf32444b080cf89bd8cc,,07/22/2025 05:21:00 PM,30,UNKNOWN,UNKNOWN,CLEAR,DAYLIGHT,SIDESWIPE SAME DIRECTION,FOUR WAY,,STRAIGHT AND LEVEL,DRY,UNKNOWN,NOT ON SCENE (DESK REPORT),NO INJURY / DRIVE AWAY,Y,,,"OVER $1,500",07/22/2025 07:11:00 PM,IMPROPER OVERTAKING/PASSING,DRIVING SKILLS/KNOWLEDGE/EXPERIENCE,529,N,ORLEANS ST,1831,,,,,,,2,NO INDICATION OF INJURY,0,0,0,0,0,2,0,17,3,7,41.8915077044,-87.6368826773,POINT (-87.636882677276 41.891507704413)
6c11db66c616b20841eae5cf0d63b1fe09918fb41a9f325605475d671266ec3615c7bbc58aab89de7830da39eae9996a0524923c6423787a5b0bfce62d5bb920,,07/22/2025 05:18:00 PM,20,NO CONTROLS,NO CONTROLS,CLEAR,DAYLIGHT,PARKED MOTOR VEHICLE,ONE-WAY,,STRAIGHT AND LEVEL,DRY,NO DEFECTS,ON SCENE,NO INJURY / DRIVE AWAY,,,,"$501 - $1,500",07/22/2025 05:21:00 PM,DRIVING SKILLS/KNOWLEDGE/EXPERIENCE,UNABLE TO DETERMINE,2,W,TERMINAL ST,1652,,,,,,,2,NO INDICATION OF INJURY,0,0,0,0,0,1,0,17,3,7,,,
c7db57010512f23d9f01565cee62a4c0b0887a106edb9cd39fcf678998350be95f15fab1007cfea4339fc1d5d42ef16250dafcd8fd8b71f040c7cf1a051a1675,,07/22/2025 05:16:00 PM,30,NO CONTROLS,NO CONTROLS,CLEAR,DAYLIGHT,SIDESWIPE SAME DIRECTION,NOT DIVIDED,,STRAIGHT AND LEVEL,DRY,NO DEFECTS,NOT ON SCENE (DESK REPORT),NO INJURY / DRIVE AWAY,,,,"OVER $1,500",07/22/2025 06:49:00 PM,UNABLE TO DETERMINE,UNABLE TO DETERMINE,121,W,WACKER DR,122,,,,,,,2,NO INDICATION OF INJURY,0,0,0,0,0,3,0,17,3,7,41.8867064726,-87.6317409454,POINT (-87.631740945436 41.886706472621)
c9c0d61fcf9465ead052acaeb5912851d1bec45db092a22e65c92d75d5f5fb1117a455f5a3f71bf083f39d1d0e80536dd386a008e75109682f023b227b753ae1,,07/22/2025 05:15:00 PM,30,TRAFFIC SIGNAL,FUNCTIONING PROPERLY,CLEAR,DAYLIGHT,REAR END,NOT DIVIDED,,STRAIGHT AND LEVEL,DRY,NO DEFECTS,NOT ON SCENE (DESK REPORT),NO INJURY / DRIVE AWAY,Y,,Y,"OVER $1,500",07/23/2025 10:37:00 AM,UNABLE TO DETERMINE,UNABLE TO DETERMINE,2541,E,79TH ST,422,,,,,,,2,NO INDICATION OF INJURY,0,0,0,0,0,2,0,17,3,7,41.7516745503,-87.5621987459,POINT (-87.56219874592 41.751674550305)