CRASH_RECORD_ID,CRASH_DATE_EST_I,CRASH_DATE,POSTED_SPEED_LIMIT,TRAFFIC_CONTROL_DEVICE,DEVICE_CONDITION,WEATHER_CONDITION,LIGHTING_CONDITION,FIRST_CRASH_TYPE,TRAFFICWAY_TYPE,LANE_CNT,ALIGNMENT,ROADWAY_SURFACE_COND,ROAD_DEFECT,REPORT_TYPE,CRASH_TYPE,INTERSECTION_RELATED_I,NOT_RIGHT_OF_WAY_I,HIT_AND_RUN_I,DAMAGE,DATE_POLICE_NOTIFIED,PRIM_CONTRIBUTORY_CAUSE,SEC_CONTRIBUTORY_CAUSE,STREET_NO,STREET_DIRECTION,STREET_NAME,BEAT_OF_OCCURRENCE,PHOTOS_TAKEN_I,STATEMENTS_TAKEN_I,DOORING_I,WORK_ZONE_I,WORK_ZONE_TYPE,WORKERS_PRESENT_I,NUM_UNITS,MOST_SEVERE_INJURY,INJURIES_TOTAL,INJURIES_FATAL,INJURIES_INCAPACITATING,INJURIES_NON_INCAPACITATING,INJURIES_REPORTED_NOT_EVIDENT,INJURIES_NO_INDICATION,INJURIES_UNKNOWN,CRASH_HOUR,CRASH_DAY_OF_WEEK,CRASH_MONTH,LATITUDE,LONGITUDE,LOCATION
5b1ff2849f621c31533c0ce7a3122ee01bcc3efa6fed4011c5247a3722f718fc3d49e909843399da531e34c99ba5f82ba118e8e6021ebdc9a734cce90781fb01,,07/22/2025 05:10:00 PM,25,UNKNOWN,UNKNOWN,UNKNOWN,UNKNOWN,REAR TO FRONT,NOT DIVIDED,,STRAIGHT AND LEVEL,UNKNOWN,UNKNOWN,NOT ON SCENE (DESK REPORT),NO INJURY / DRIVE AWAY,,,,"OVER $1,500",07/22/2025 06:15:00 PM,NOT APPLICABLE,NOT APPLICABLE,1166,N,STATE ST,1824,,,,,,,2,NO INDICATION OF INJURY,0,0,0,0,0,2,0,17,3,7,41.9038356597,-87.6288261075,POINT (-87.628826107452 41.903835659732)
008277efb46cbfc723eab8ef729ede988cbc255e5302cb2dc331c50d2525b6f1de8368004108e159fccd8144b226d059837d6fb488ab3f15dc37d94d19d5e53b,,07/22/2025 05:07:00 PM,30,TRAFFIC SIGNAL,FUNCTIONING PROPERLY,CLEAR,DAYLIGHT,PEDALCYCLIST,FOUR WAY,,STRAIGHT AND LEVEL,UNKNOWN,NO DEFECTS,NOT ON SCENE (DESK REPORT),INJURY AND / OR TOW DUE TO CRASH,Y,,Y,$500 OR LESS,07/23/2025 03:09:00 AM,FAILING TO YIELD RIGHT-OF-WAY,TURNING RIGHT ON RED,9207,S,EWING AVE,424,,,,,,,2,NONINCAPACITATING INJURY,1,0,0,1,0,1,0,17,3,7,41.7284294672,-87.5425580924,POINT (-87.542558092401 41.728429467191)
09838fd29a28e0350ed0970c791bca32fbadf3568c12e0dab9f235264ce5a64ef3e3af57fc793520f9ea7b89e119e7a494a067fc8b897f2f3b699f4d6275e155,,07/22/2025 05:00:00 PM,30,TRAFFIC SIGNAL,FUNCTIONING PROPERLY,CLEAR,DAYLIGHT,FIXED OBJECT,FOUR WAY,,STRAIGHT AND LEVEL,DRY,NO DEFECTS,ON SCENE,NO INJURY / DRIVE AWAY,,,,"OVER $1,500",07/22/2025 05:01:00 PM,UNABLE TO DETERMINE,DRIVING SKILLS/KNOWLEDGE/EXPERIENCE,200,N,KEDZIE AVE,1123,,,,,,,1,NO INDICATION OF INJURY,0,0,0,0,0,1,0,17,3,7,41.8844019134,-87.7063676684,POINT (-87.706367668413 41.884401913381)
569f03efc001df8f0dc228f47bf41919b675b7704af3128b441bcb742885e7faa154a7957686806865d4d17a26782b727a6a505685ac47252ace8ab696a1bbb4,,07/22/2025 05:00:00 PM,30,NO CONTROLS,NO CONTROLS,CLEAR,DAYLIGHT,REAR END,DIVIDED - W/MEDIAN BARRIER,,STRAIGHT AND LEVEL,UNKNOWN,UNKNOWN,NOT ON SCENE (DESK REPORT),NO INJURY / DRIVE AWAY,,,Y,"OVER $1,500",07/22/2025 07:00:00 PM,UNABLE TO DETERMINE,NOT APPLICABLE,3100,S,LAKE SHORE DR NB,211,,,,,,,2,NO INDICATION OF INJURY,0,0,0,0,0,2,0,17,3,7,41.8383932992,-87.6087495204,POINT (-87.608749520406 41.838393299151)
5e40656a076f9d49a1c5e586915b0f380e166dbbc11bfa3f5dc0b641c79ab86f4de1e591f384676df5cc2377f8c4f5d262ca3adc56107563651bf4f37098ca83,,07/22/2025 05:00:00 PM,30,UNKNOWN,UNKNOWN,UNKNOWN,DAYLIGHT,TURNING,NOT DIVIDED,,STRAIGHT AND LEVEL,UNKNOWN,UNKNOWN,ON SCENE,NO INJURY / DRIVE AWAY,,,,"OVER $1,500",07/23/2025 03:00:00 PM,UNABLE TO DETERMINE,NOT APPLICABLE,5700,N,SHERIDAN RD,2022,,,,,,,2,NO INDICATION OF INJURY,0,0,0,0,0,2,0,17,3,7,41.9856410954,-87.6553885441,POINT (-87.655388544127 41.985641095429)
848bc95abb7124090bcdcaeef9b03d6178628bb94813aa035b839d4f59519256accead347a63bdc20215a9a4107293b29f67d8f650316bfeb6b5492015d07cbe,,07/22/2025 05:00:00 PM,30,NO CONTROLS,NO CONTROLS,CLEAR,DAYLIGHT,PARKED MOTOR VEHICLE,NOT DIVIDED,,STRAIGHT AND LEVEL,DRY,NO DEFECTS,NOT ON SCENE (DESK REPORT),NO INJURY / DRIVE AWAY,,,Y,"$501 - $1,500",07/22/2025 07:00:00 PM,UNABLE TO DETERMINE,NOT APPLICABLE,5222,W,GALEWOOD AVE,2532,,,,,,,2,NO INDICATION OF INJURY,0,0,0,0,0,1,0,17,3,7,41.9148262658,-87.7567337962,POINT (-87.756733796185 41.914826265757)
ca32ba6f8bed5c737e5408ecccffaf5acf48c765c4e12088cff2ebed514a8285e832d5fbd2099f62636f49ee06793ccc4465bfc6d001fdeaf7860d787db6e27d,,07/22/2025 05:00:00 PM,5,NO CONTROLS,NO CONTROLS,CLEAR,DAYLIGHT,ANGLE,PARKING LOT,,STRAIGHT AND LEVEL,DRY,NO DEFECTS,NOT ON SCENE (DESK REPORT),NO INJURY / DRIVE AWAY,,N,,"OVER $1,500",07/23/2025 10:40:00 AM,IMPROPER BACKING,FAILING TO YIELD RIGHT-OF-WAY,2929,S,HALSTED ST,914,,,,,,,2,NO INDICATION OF INJURY,0,0,0,0,0,3,0,17,3,7,41.8407908186,-87.6461984268,POINT (-87.646198426759 41.840790818613)
d7638139180197435b641d885297de26cbb33322d56580bddaf84f6bccaf600fdfe52c5549e66f4197af60ae6cf29c5d4f1d8236dc288e8fee17049de1195202,,07/22/2025 05:00:00 PM,30,UNKNOWN,UNKNOWN,UNKNOWN,DAYLIGHT,ANGLE,NOT DIVIDED,,STRAIGHT AND LEVEL,UNKNOWN,UNKNOWN,NOT ON SCENE (DESK REPORT),NO INJURY / DRIVE AWAY,,,,"OVER $1,500",07/22/2025 05:30:00 PM,UNABLE TO DETERMINE,NOT APPLICABLE,3140,N,SACRAMENTO AVE,1411,,,,,,,2,NO INDICATION OF INJURY,0,0,0,0,0,2,0,17,3,7,41.938788533,-87.7028548974,POINT (-87.702854897444 41.938788533004)
9665765dd06de6474c70a0fdbebd01dbfecc869e221b79522503f7729a31cc2f4ad66b3c0806c2620dad30474db4a677ed0a9e2ad436022370fa46ea80e3c07a,,07/22/2025 04:50:00 PM,30,STOP SIGN/FLASHER,FUNCTIONING PROPERLY,CLEAR,DAYLIGHT,ANGLE,TRAFFIC ROUTE,,STRAIGHT AND LEVEL,DRY,NO DEFECTS,ON SCENE,NO INJURY / DRIVE AWAY,,,,"OVER $1,500",07/22/2025 04:54:00 PM,DISREGARDING STOP SIGN,FAILING TO YIELD RIGHT-OF-WAY,5900,S,ALBANY AVE,824,,,,,,,2,NO INDICATION OF INJURY,0,0,0,0,0,5,0,16,3,7,41.786192939,-87.701055579,POINT (-87.70105557902 41.786192938996)
70ecefa358476e071cd6238b22944270cea83910b10c3106ecbbd9b2a1c7341848d5c6b807ed0dc5bb20a313718fa296214d3b355f4d6458272477577755c2a7,,07/22/2025 04:47:00 PM,30,TRAFFIC SIGNAL,FUNCTIONING PROPERLY,CLEAR,DAYLIGHT,REAR END,NOT DIVIDED,,STRAIGHT AND LEVEL,DRY,NO DEFECTS,NOT ON SCENE (DESK REPORT),NO INJURY / DRIVE AWAY,,,Y,"$501 - $1,500",07/22/2025 05:40:00 PM,FOLLOWING TOO CLOSELY,FOLLOWING TOO CLOSELY,570,W,ROOSEVELT RD,124,,,,,,,2,NO INDICATION OF INJURY,0,0,0,0,0,5,0,16,3,7,41.8673304824,-87.6421174291,POINT (-87.642117429123 41.867330482418)
22d6d153d19a82f06f898fb3a714c4c1731937b1e425acb70fc55c007e8bb02b20af2d80e739f99f9e436db8d6e5952b7c28446261f413b3209b606e577acf67,,07/22/2025 04:45:00 PM,30,NO CONTROLS,NO CONTROLS,CLEAR,DAYLIGHT,SIDESWIPE SAME DIRECTION,NOT DIVIDED,,STRAIGHT AND LEVEL,UNKNOWN,UNKNOWN,NOT ON SCENE (DESK REPORT),NO INJURY / DRIVE AWAY,,,Y,"OVER $1,500",07/22/2025 04:58:00 PM,UNABLE TO DETERMINE,UNABLE TO DETERMINE,4325,W,LAWRENCE AVE,1722,,,,,,,2,NO INDICATION OF INJURY,0,0,0,0,0,2,0,16,3,7,41.9680392629,-87.7365160963,POINT (-87.736516096295 41.968039262901)
be1f5bbf3dd3576f0da9b1394d27a13ba3fc35950c7ba36799ce707a36ffdcef1f76372def22f041ab7f58250694cfd9750465ac4fcdfe083315463de9b68654,,07/22/2025 04:45:00 PM,30,NO CONTROLS,NO CONTROLS,CLEAR,DAYLIGHT,SIDESWIPE SAME DIRECTION,UNKNOWN,,STRAIGHT AND LEVEL,DRY,NO DEFECTS,NOT ON SCENE (DESK REPORT),NO INJURY / DRIVE AWAY,,,,"OVER $1,500",07/22/2025 07:07:00 PM,DRIVING SKILLS/KNOWLEDGE/EXPERIENCE,UNABLE TO DETERMINE,1603,N,LAKE SHORE DR,1814,,,,,,,2,NO INDICATION OF INJURY,0,0,0,0,0,2,0,16,3,7,41.9113719956,-87.6262453966,POINT (-87.626245396605 41.911371995625)
50f427c7364b1483b3b1eb5fd74bcf6754b2df0459dd4c97bf34d0b99f39da1d1a304ca9f542c3f0c1a15edb77adbca0c9e7fcd8af59efb825656c9e66a4b7a8,,07/22/2025 04:44:00 PM,30,NO CONTROLS,NO CONTROLS,CLEAR,DAYLIGHT,PEDALCYCLIST,DRIVEWAY,,STRAIGHT AND LEVEL,DRY,NO DEFECTS,ON SCENE,INJURY AND / OR TOW DUE TO CRASH,,,,$500 OR LESS,07/22/2025 04:49:00 PM,FAILING TO YIELD RIGHT-OF-WAY,NOT APPLICABLE,6229,N,WESTERN AVE,2413,,,,,,,2,NONINCAPACITATING INJURY,1,0,0,1,0,1,0,16,3,7,41.9949766305,-87.6896458323,POINT (-87.689645832332 41.994976630518)
3b67f3a63c0b562f8eda249bc1035b5081ef203bfd7dcf4b5b9f88a981d6beb5bc397d25fe938ccf6103d6546e4113e33b3d24dfccfdbaf1a3e326ec1e42972a,,07/22/2025 04:43:00 PM,30,NO CONTROLS,NO CONTROLS,CLEAR,DAYLIGHT,PARKED MOTOR VEHICLE,PARKING LOT,,STRAIGHT AND LEVEL,DRY,NO DEFECTS,ON SCENE,NO INJURY / DRIVE AWAY,,,,"OVER $1,500",07/22/2025 04:43:00 PM,NOT APPLICABLE,NOT APPLICABLE,10320,S,TORRENCE AVE,434,,,,,,,2,NO INDICATION OF INJURY,0,0,0,0,0,1,0,16,3,7,41.7075292343,-87.5597971872,POINT (-87.559797187159 41.707529234272)
8018608304c30270997faed67947fedd77e08031a68fffa04b93670762675d52c2b40636cbd78397990a4af86550f09770c59fbbcd564672f78fe701835f8f4e,,07/22/2025 04:40:00 PM,30,NO CONTROLS,NO CONTROLS,CLEAR,DAYLIGHT,PARKED MOTOR VEHICLE,NOT DIVIDED,,STRAIGHT AND LEVEL,DRY,NO DEFECTS,NOT ON SCENE (DESK REPORT),NO INJURY / DRIVE AWAY,,,,"$501 - $1,500",07/23/2025 10:30:00 AM,DRIVING SKILLS/KNOWLEDGE/EXPERIENCE,UNABLE TO DETERMINE,212,N,CARPENTER ST,1214,,,,,,,2,NO INDICATION OF INJURY,0,0,0,0,0,1,0,16,3,7,41.8860102099,-87.6534637689,POINT (-87.653463768897 41.88601020987)
e8ccf51e03d3473440d85776c2e8e8602c32bf75dcd500638374558c36962eb2a82ffc767f0aa7f51c219abfa5da42706ef202c034e2c33fed45ab65869e428d,,07/22/2025 04:40:00 PM,30,NO CONTROLS,NO CONTROLS,CLEAR,DAYLIGHT,PARKED MOTOR VEHICLE,PARKING LOT,,STRAIGHT AND LEVEL,DRY,NO DEFECTS,ON SCENE,NO INJURY / DRIVE AWAY,,,Y,"$501 - $1,500",07/22/2025 04:55:00 PM,IMPROPER BACKING,NOT APPLICABLE,10302,S,TORRENCE AVE,434,,,,,,,2,NO INDICATION OF INJURY,0,0,0,0,0,1,0,16,3,7,41.7080225347,-87.5598056539,POINT (-87.559805653853 41.708022534727)
e142766a6826e6ba3e617747aa2a38f63bc0189aba5bdb6894e503cd065d84093fb0a19eeb94670df2f8f02ddad5dd4716c9069104806c7437afac2f547c27b6,Y,07/22/2025 04:32:00 PM,30,TRAFFIC SIGNAL,UNKNOWN,CLEAR,DAYLIGHT,TURNING,UNKNOWN INTERSECTION TYPE,,STRAIGHT AND LEVEL,DRY,UNKNOWN,ON SCENE,NO INJURY / DRIVE AWAY,,,,"OVER $1,500",07/22/2025 04:37:00 PM,IMPROPER TURNING/NO SIGNAL,IMPROPER TURNING/NO SIGNAL,2000,S,RUBLE ST,1235,,Y,,,,,2,NO INDICATION OF INJURY,0,0,0,0,0,4,0,16,3,7,41.8553318671,-87.6438883449,POINT (-87.643888344919 41.855331867068)
7e4731bdd08db1d25b4c0bc311e1e63bc49ba75aad4d179ff6b07909ef671d7c65247bc14f334c3acd77c447b33a114cc52339602595679091fb81d545e5a401,,07/22/2025 04:30:00 PM,10,NO CONTROLS,NO CONTROLS,CLEAR,DAYLIGHT,PEDALCYCLIST,DIVIDED - W/MEDIAN BARRIER,,STRAIGHT AND LEVEL,DRY,DEBRIS ON ROADWAY,ON SCENE,INJURY AND / OR TOW DUE TO CRASH,,,,$500 OR LESS,07/22/2025 04:52:00 PM,UNABLE TO DETERMINE,NOT APPLICABLE,6450,S,STONY ISLAND AVE,314,,,,,,,2,NONINCAPACITATING INJURY,1,0,0,1,0,1,0,16,3,7,41.7772869881,-87.5864933515,POINT (-87.586493351533 41.777286988094)
b8a6855723a11d4a6d2d46291b10f34a42d5fba6ffb39d2a1c1851e68aedc8fdea0223fdf631af7058de182ff46ef157ed165ab192cc83be389a75a01582b7f0,,07/22/2025 04:29:00 PM,10,NO CONTROLS,NO CONTROLS,CLEAR,DAYLIGHT,TURNING,PARKING LOT,,STRAIGHT AND LEVEL,DRY,NO DEFECTS,NOT ON SCENE (DESK REPORT),NO INJURY / DRIVE AWAY,,,,$500 OR LESS,07/22/2025 05:30:00 PM,DRIVING SKILLS/KNOWLEDGE/EXPERIENCE,UNABLE TO DETERMINE,2624,S,SPAULDING AVE,1032,,,,,,,2,NO INDICATION OF INJURY,0,0,0,0,0,3,0,16,3,7,41.8437102531,-87.7076017612,POINT (-87.707601761202 41.843710253096)
bc5bbcf0df4cd90cc3aa2f2f1c36adfd2c53645f1d97230a0aad82d68ca83551f96625049d44e095acdba6b63a0bd84165c31709fbfbff444a5e7e202bdb7bc0,,07/22/2025 04:25:00 PM,30,TRAFFIC SIGNAL,FUNCTIONING PROPERLY,CLEAR,DAYLIGHT,PARKED MOTOR VEHICLE,CENTER TURN LANE,,STRAIGHT AND LEVEL,DRY,UNKNOWN,ON SCENE,INJURY AND / OR TOW DUE TO CRASH,,Y,,"OVER $1,500",07/22/2025 04:28:00 PM,UNABLE TO DETERMINE,DRIVING SKILLS/KNOWLEDGE/EXPERIENCE,2811,N,NARRAGANSETT AVE,2511,,,,,,,2,NO INDICATION OF INJURY,0,0,0,0,0,1,0,16,3,7,41.9313805211,-87.7855541968,POINT (-87.785554196808 41.931380521135)
f21906d8c10fba954ec6eed559e93d58c2ece23812ecbaa3a4963ded801ddef8e2ff4ecf34f325022ada41d561566c04728422031c1d893598610c507ccb6762,,07/22/2025 04:21:00 PM,35,STOP SIGN/FLASHER,FUNCTIONING PROPERLY,CLEAR,DAYLIGHT,ANGLE,ONE-WAY,,STRAIGHT AND LEVEL,DRY,UNKNOWN,ON SCENE,INJURY AND / OR TOW DUE TO CRASH,,,Y,"OVER $1,500",07/22/2025 04:21:00 PM,DISREGARDING STOP SIGN,DISREGARDING STOP SIGN,9200,S,MERRILL AVE,413,,Y,,,,,2,NO INDICATION OF INJURY,0,0,0,0,0,3,0,16,3,7,41.7278939984,-87.5719938688,POINT (-87.571993868787 41.72789399843)
d5f6d1b9f4467f19164c1a40924c002988b9a12e97dfce3badba9c7d1587eb2e2613b62610aebd06ab8ce7b35de388948d61c22a7fd3ea2a4c8a5d4400043857,,07/22/2025 04:20:00 PM,30,NO CONTROLS,NO CONTROLS,CLEAR,DAYLIGHT,REAR END,DIVIDED - W/MEDIAN (NOT RAISED),,STRAIGHT AND LEVEL,DRY,NO DEFECTS,ON SCENE,INJURY AND / OR TOW DUE TO CRASH,,,,"OVER $1,500",07/22/2025 04:30:00 PM,FOLLOWING TOO CLOSELY,NOT APPLICABLE,1352,N,CICERO AVE,2533,,,,,,,2,"REPORTED, NOT EVIDENT",1,0,0,0,1,1,0,16,3,7,41.9057379353,-87.7461783895,POINT (-87.746178389478 41.905737935271)
dad6e80bdf5be2883fae662a1abcaf33748347ccd45b90a6d63352ca7d81dc32a52e6b295c5c67977b0f20c6671f25a5a68e699a9732d40e8bea901bd8923f0d,,07/22/2025 04:20:00 PM,30,TRAFFIC SIGNAL,FUNCTIONING PROPERLY,CLEAR,DAYLIGHT,SIDESWIPE SAME DIRECTION,NOT DIVIDED,,STRAIGHT AND LEVEL,DRY,NO DEFECTS,NOT ON SCENE (DESK REPORT),NO INJURY / DRIVE AWAY,,,,"$501 - $1,500",07/23/2025 04:51:00 PM,IMPROPER OVERTAKING/PASSING,NOT APPLICABLE,5100,N,CICERO AVE,1621,,,,,,,2,NO INDICATION OF INJURY,0,0,0,0,0,2,0,16,3,7,41.9736718414,-87.7480966575,POINT (-87.748096657524 41.973671841427)
b94a32f3f7266ea207a71d814fa1ef50c4ceb67005f0e32f9d936abff17fa04fbf979f4df6ef296931f8ca70a8d69c6e36f992aff95111404c5497f8a99cbee0,,07/22/2025 04:16:00 PM,30,NO CONTROLS,NO CONTROLS,CLEAR,DAYLIGHT,REAR END,NOT DIVIDED,,STRAIGHT AND LEVEL,DRY,NO DEFECTS,NOT ON SCENE (DESK REPORT),NO INJURY / DRIVE AWAY,,,,"OVER $1,500",07/22/2025 06:15:00 PM,FOLLOWING TOO CLOSELY,NOT APPLICABLE,2233,W,ADDISON ST,1921,,,,,,,2,NO INDICATION OF INJURY,0,0,0,0,0,3,0,16,3,7,41.9466735118,-87.6846774894,POINT (-87.684677489416 41.946673511782)
f0197fbe10e8a15bc999f9408fe84db22c6b53e22b42e1f992f47d04b43d60d4931d7dc7a36346f21710350ad6cd7ee3f47c196ec72c2dc82a1a7abbebd0b93e,,07/22/2025 04:15:00 PM,30,UNKNOWN,UNKNOWN,UNKNOWN,DAYLIGHT,PARKED MOTOR VEHICLE,DIVIDED - W/MEDIAN BARRIER,,STRAIGHT AND LEVEL,UNKNOWN,UNKNOWN,NOT ON SCENE (DESK REPORT),NO INJURY / DRIVE AWAY,,,Y,"$501 - $1,500",07/22/2025 05:10:00 PM,UNABLE TO DETERMINE,NOT APPLICABLE,5242,N,ASHLAND AVE,2012,,,,,,,2,NO INDICATION OF INJURY,0,0,0,0,0,1,0,16,3,7,41.9774451245,-87.6697954819,POINT (-87.669795481917 41.977445124544)
879ce4ad8f664c9c78f53f85b88e0eaf6f79b6684b79c5c7d6f72be856da9f0ca5c847cb3c8131323b8451eb961502eed7d9adb4760682dd6f6b76e7d28cc500,,07/22/2025 04:05:00 PM,30,TRAFFIC SIGNAL,FUNCTIONING PROPERLY,CLEAR,DAYLIGHT,SIDESWIPE SAME DIRECTION,DIVIDED - W/MEDIAN (NOT RAISED),,STRAIGHT AND LEVEL,DRY,NO DEFECTS,NOT ON SCENE (DESK REPORT),NO INJURY / DRIVE AWAY,,,,"$501 - $1,500",07/22/2025 09:30:00 PM,IMPROPER OVERTAKING/PASSING,NOT APPLICABLE,6001,S,CENTRAL AVE,813,,,,,,,2,NO INDICATION OF INJURY,0,0,0,0,0,2,0,16,3,7,41.7834676687,-87.7617974421,POINT (-87.761797442101 41.78346766872)
44fab8f41b12655b284c60f7ae51b156d869b76c8f64686f9d5458035a106ac0dc1448cb57f3c3b102ab3dac0902bdcc57ebd824491bf0f76248d201d8560f57,,07/22/2025 04:00:00 PM,25,NO CONTROLS,NO CONTROLS,CLEAR,DAYLIGHT,PARKED MOTOR VEHICLE,NOT DIVIDED,,STRAIGHT AND LEVEL,DRY,NO DEFECTS,,NO INJURY / DRIVE AWAY,,,Y,"OVER $1,500",07/25/2025 11:00:00 AM,UNABLE TO DETERMINE,NOT APPLICABLE,5943,N,KOLMAR AVE,1711,,,,,,,2,NO INDICATION OF INJURY,0,0,0,0,0,1,0,16,3,7,41.9894200454,-87.7418433616,POINT (-87.741843361555 41.989420045418)
b67cad4947c50779cdb91df44c26baa4bf5810eb42812346915c248f64c6c8bea25237dbdaa2cacd1a7ecd9073c8983df7cd510319db383fd0bedb93e09dcf6d,Y,07/22/2025 04:00:00 PM,20,STOP SIGN/FLASHER,FUNCTIONING PROPERLY,CLEAR,DAYLIGHT,FIXED OBJECT,ONE-WAY,,STRAIGHT AND LEVEL,DRY,NO DEFECTS,ON SCENE,INJURY AND / OR TOW DUE TO CRASH,,,,"$501 - $1,500",07/22/2025 04:30:00 PM,IMPROPER TURNING/NO SIGNAL,NOT APPLICABLE,40,E,87TH ST,632,,,,,,,1,"REPORTED, NOT EVIDENT",1,0,0,0,1,0,0,16,3,7,41.7364830346,-87.6226871984,POINT (-87.622687198384 41.736483034558)
c4a737d1d69ebcda41ed49703734b9f21f9f0421775be748c8afb7bc94aaeb4a5448e514e0e4f565949e5ba3bebc247accb879d5ca8ecc2753b4df5f5dc3c880,,07/22/2025 04:00:00 PM,30,NO CONTROLS,NO CONTROLS,CLEAR,DAYLIGHT,PARKED MOTOR VEHICLE,ONE-WAY,,STRAIGHT AND LEVEL,DRY,NO DEFECTS,NOT ON SCENE (DESK REPORT),NO INJURY / DRIVE AWAY,,,Y,"$501 - $1,500",07/23/2025 09:25:00 AM,UNABLE TO DETERMINE,UNABLE TO DETERMINE,8853,S,JUSTINE ST,2221,,,,,,,2,NO INDICATION OF INJURY,0,0,0,0,0,1,0,16,3,7,41.7324497644,-87.6616050537,POINT (-87.661605053714 41.73244976439)
cbdaa695c5413f94349bf2d62cecec5a3518501471662997bdee418ac17f996c5d80c3a2e8bebc8d585eb88fe73ee09db42d86e6c29d77d2b1eb9fa4a8c7cea2,,07/22/2025 04:00:00 PM,25,UNKNOWN,UNKNOWN,UNKNOWN,UNKNOWN,SIDESWIPE SAME DIRECTION,ONE-WAY,,STRAIGHT AND LEVEL,UNKNOWN,UNKNOWN,NOT ON SCENE (DESK REPORT),NO INJURY / DRIVE AWAY,,,Y,"OVER $1,500",07/25/2025 03:40:00 PM,NOT APPLICABLE,NOT APPLICABLE,600,N,ORLEANS ST,1831,,,,,,,2,NO INDICATION OF INJURY,0,0,0,0,0,2,0,16,3,7,41.8924106658,-87.63720268,POINT (-87.637202679986 41.892410665824)
e32491fe7fbdd1869421170a854b4d1e8ddded3b2b3b61b9d403837533128873c9d7340e6c95ea8c180f9ba2ecda3d903478ff5ba32efcac05cbc7d6cea7d760,,07/22/2025 04:00:00 PM,30,TRAFFIC SIGNAL,FUNCTIONING PROPERLY,CLEAR,DAYLIGHT,REAR END,NOT DIVIDED,,STRAIGHT AND LEVEL,DRY,NO DEFECTS,NOT ON SCENE (DESK REPORT),NO INJURY / DRIVE AWAY,,,,"OVER $1,500",07/22/2025 05:30:00 PM,FOLLOWING TOO CLOSELY,NOT APPLICABLE,4120,W,DIVERSEY AVE,2523,,,,,,,2,NO INDICATION OF INJURY,0,0,0,0,0,2,0,16,3,7,41.9318563216,-87.7302719129,POINT (-87.730271912904 41.931856321613)
027ff04cf73d494731d536f85dc18b4bd8842dfaec8c80a1a280860d14b02f0107e2a34954210075bafa129e66fcc07b1b67fcf531d7770ea2741e749a3b71c7,,07/22/2025 03:57:00 PM,25,NO CONTROLS,NO CONTROLS,CLEAR,DAYLIGHT,REAR TO FRONT,OTHER,,STRAIGHT AND LEVEL,DRY,UNKNOWN,NOT ON SCENE (DESK REPORT),NO INJURY / DRIVE AWAY,,,,"$501 - $1,500",07/22/2025 05:05:00 PM,UNABLE TO DETERMINE,NOT APPLICABLE,8100,S,DANTE AVE,411,,,,,,,2,NO INDICATION OF INJURY,0,0,0,0,0,2,0,15,3,7,41.747711245,-87.589538658,POINT (-87.589538657993 41.747711244966)
c74fcbbe1c992f74b81cf31391c05859bab4978396c3af4ebc70ded8f32b14b7b8a5c576109a3b13bd5df17ff529292769887b73a9bf1c75eba73cf1b0c5eae7,,07/22/2025 03:54:00 PM,30,NO CONTROLS,NO CONTROLS,CLEAR,DAYLIGHT,FIXED OBJECT,ALLEY,,STRAIGHT AND LEVEL,DRY,UNKNOWN,NOT ON SCENE (DESK REPORT),NO INJURY / DRIVE AWAY,,,Y,"OVER $1,500",07/23/2025 04:30:00 PM,UNABLE TO DETERMINE,NOT APPLICABLE,5357,W,FULLERTON AVE,2515,,,,,,,1,NO INDICATION OF INJURY,0,0,0,0,0,1,0,15,3,7,41.923937027,-87.7609246778,POINT (-87.760924677838 41.923937027004)
2ebd248b8d9f585409261f6d774741b07684d0ebf7753ea169a1586d0e15a0dc8d28f145bdd9343a162f52c472daf529d15170bb4d3b47feae467666237e7049,,07/22/2025 03:50:00 PM,30,STOP SIGN/FLASHER,UNKNOWN,CLEAR,DAYLIGHT,REAR TO SIDE,FOUR WAY,,STRAIGHT AND LEVEL,UNKNOWN,UNKNOWN,NOT ON SCENE (DESK REPORT),NO INJURY / DRIVE AWAY,Y,,,"OVER $1,500",07/22/2025 04:30:00 PM,IMPROPER BACKING,UNABLE TO DETERMINE,8100,S,DANTE AVE,411,,,,,,,2,NO INDICATION OF INJURY,0,0,0,0,0,2,0,15,3,7,41.747711245,-87.589538658,POINT (-87.589538657993 41.747711244966)
f6d764c1d152a5895a1fb872bc1498b66186f0e1a04ab56d0767c27e2b2a9aeba9455d068e485164dc3613ca0ff24417cd132e464109e105a44f7b21286130f4,,07/22/2025 03:50:00 PM,30,NO CONTROLS,NO CONTROLS,CLEAR,DAYLIGHT,REAR END,NOT DIVIDED,,STRAIGHT AND LEVEL,UNKNOWN,UNKNOWN,NOT ON SCENE (DESK REPORT),NO INJURY / DRIVE AWAY,Y,,,"OVER $1,500",07/22/2025 05:45:00 PM,FOLLOWING TOO CLOSELY,IMPROPER TURNING/NO SIGNAL,223,N,HOMAN AVE,1123,,,,,,,2,NO INDICATION OF INJURY,0,0,0,0,0,2,0,15,3,7,41.8853864637,-87.7109937884,POINT (-87.710993788406 41.885386463718)