CRASH_RECORD_ID,CRASH_DATE_EST_I,CRASH_DATE,POSTED_SPEED_LIMIT,TRAFFIC_CONTROL_DEVICE,DEVICE_CONDITION,WEATHER_CONDITION,LIGHTING_CONDITION,FIRST_CRASH_TYPE,TRAFFICWAY_TYPE,LANE_CNT,ALIGNMENT,ROADWAY_SURFACE_COND,ROAD_DEFECT,REPORT_TYPE,CRASH_TYPE,INTERSECTION_RELATED_I,NOT_RIGHT_OF_WAY_I,HIT_AND_RUN_I,DAMAGE,DATE_POLICE_NOTIFIED,PRIM_CONTRIBUTORY_CAUSE,SEC_CONTRIBUTORY_CAUSE,STREET_NO,STREET_DIRECTION,STREET_NAME,BEAT_OF_OCCURRENCE,PHOTOS_TAKEN_I,STATEMENTS_TAKEN_I,DOORING_I,WORK_ZONE_I,WORK_ZONE_TYPE,WORKERS_PRESENT_I,NUM_UNITS,MOST_SEVERE_INJURY,INJURIES_TOTAL,INJURIES_FATAL,INJURIES_INCAPACITATING,INJURIES_NON_INCAPACITATING,INJURIES_REPORTED_NOT_EVIDENT,INJURIES_NO_INDICATION,INJURIES_UNKNOWN,CRASH_HOUR,CRASH_DAY_OF_WEEK,CRASH_MONTH,LATITUDE,LONGITUDE,LOCATION
92ecc8af20e3ba62f84ff4ff2831cf69ccd7a26ab61748f8921592e2689c450a62505c95fe78d67f73328b5a79bb11a186ee0d723bbea031884ae444f859b739,,07/22/2025 03:35:00 PM,30,NO CONTROLS,NO CONTROLS,CLEAR,DAYLIGHT,SIDESWIPE SAME DIRECTION,ONE-WAY,,STRAIGHT AND LEVEL,DRY,NO DEFECTS,NOT ON SCENE (DESK REPORT),NO INJURY / DRIVE AWAY,,,,"OVER $1,500",07/22/2025 05:30:00 PM,IMPROPER LANE USAGE,UNABLE TO DETERMINE,5316,S,WELLS ST,935,,,,,,,2,NO INDICATION OF INJURY,0,0,0,0,0,2,0,15,3,7,41.797662833,-87.6320525567,POINT (-87.632052556681 41.797662833019)
33c07f73d96eaa06a82d585ee05bc78ddc911e98f4068eb6de99cfa7f4039fba1450b83845b7bf9299dacae459057bad4990f1791b939b384d48d8f75de318be,,07/22/2025 03:30:00 PM,35,NO CONTROLS,NO CONTROLS,CLEAR,DAYLIGHT,REAR END,ONE-WAY,,STRAIGHT AND LEVEL,DRY,NO DEFECTS,NOT ON SCENE (DESK REPORT),NO INJURY / DRIVE AWAY,,,,"OVER $1,500",07/23/2025 12:25:00 PM,FAILING TO REDUCE SPEED TO AVOID CRASH,FOLLOWING TOO CLOSELY,534,W,MONROE ST,121,,,,,,,2,NO INDICATION OF INJURY,0,0,0,0,0,3,0,15,3,7,41.880678649,-87.6410809864,POINT (-87.64108098639 41.880678648959)
eda2b29e893146b80db4c322cf3c22648c4edf8c58b59ef19f6cf168b8ce4b9882d07471ef525fa59946c580df28008e295a69139df458658dd002e7a0082077,,07/22/2025 03:30:00 PM,30,STOP SIGN/FLASHER,FUNCTIONING PROPERLY,CLEAR,DAYLIGHT,REAR END,NOT DIVIDED,,STRAIGHT AND LEVEL,DRY,NO DEFECTS,NOT ON SCENE (DESK REPORT),NO INJURY / DRIVE AWAY,,,,"OVER $1,500",07/22/2025 04:50:00 PM,CELL PHONE USE OTHER THAN TEXTING,NOT APPLICABLE,241,N,HOMAN AVE,1123,,,,,,,2,NO INDICATION OF INJURY,0,0,0,0,0,2,0,15,3,7,41.8859586519,-87.711008501,POINT (-87.711008500955 41.885958651892)
f9a59757ed5343c863b26fe56a91ee0d5111312b869972c58ae4c8241151532fef8adaa7ff7a5a36bf0ec4113cbf76caaaa4a24ef1a254f5b692d95546ecb45c,,07/22/2025 03:30:00 PM,30,TRAFFIC SIGNAL,FUNCTIONING PROPERLY,CLEAR,DAYLIGHT,SIDESWIPE SAME DIRECTION,DIVIDED - W/MEDIAN BARRIER,,STRAIGHT AND LEVEL,DRY,NO DEFECTS,NOT ON SCENE (DESK REPORT),NO INJURY / DRIVE AWAY,Y,,,"OVER $1,500",07/22/2025 04:00:00 PM,DRIVING SKILLS/KNOWLEDGE/EXPERIENCE,UNABLE TO DETERMINE,4401,W,79TH ST,834,,,,,,,2,NO INDICATION OF INJURY,0,0,0,0,0,2,0,15,3,7,41.7491505534,-87.7316850839,POINT (-87.731685083938 41.74915055343)
30aa592c51594c527524c02bebd9942d600164491ff150b009db179363263043aa1918d01869873b4f68ebfe8358a8c5cc73a26e0d1bd3478c2bc501ebb021a1,,07/22/2025 03:22:00 PM,30,NO CONTROLS,NO CONTROLS,CLEAR,DAYLIGHT,SIDESWIPE SAME DIRECTION,NOT DIVIDED,,STRAIGHT AND LEVEL,DRY,NO DEFECTS,NOT ON SCENE (DESK REPORT),NO INJURY / DRIVE AWAY,,,,"$501 - $1,500",07/22/2025 06:40:00 PM,UNABLE TO DETERMINE,NOT APPLICABLE,7557,W,BELMONT AVE,2511,,,,,,,2,NO INDICATION OF INJURY,0,0,0,0,0,2,0,15,3,7,41.9378348383,-87.8163654038,POINT (-87.816365403762 41.937834838289)
fcdd848238b94dc9f9362b9dfdc0776842d5cac0193cf7501553168fa1333ce379a4d3c67c3da3a5c13d4626f7aae2dad16c1f2656040f1d4a704f235acd3f9d,,07/22/2025 03:20:00 PM,30,TRAFFIC SIGNAL,UNKNOWN,CLEAR,DAYLIGHT,HEAD ON,FOUR WAY,,STRAIGHT ON GRADE,UNKNOWN,UNKNOWN,NOT ON SCENE (DESK REPORT),NO INJURY / DRIVE AWAY,Y,,Y,"$501 - $1,500",07/22/2025 04:30:00 PM,UNABLE TO DETERMINE,UNABLE TO DETERMINE,107,E,95TH ST,511,,,,,,,2,NO INDICATION OF INJURY,0,0,0,0,0,2,0,15,3,7,41.721678447,-87.6202366897,POINT (-87.620236689695 41.721678447033)
042e8fd25f518ca69d90c1a55867c985eb3bb0b047449059bb1fae3a0f4c0a310800b1d8269ed191cbe66873f5d22038be0bdb16b544bfb750d4e93a3ce2d7e3,,07/22/2025 03:15:00 PM,30,UNKNOWN,UNKNOWN,UNKNOWN,DAYLIGHT,PEDALCYCLIST,NOT DIVIDED,,STRAIGHT AND LEVEL,UNKNOWN,UNKNOWN,NOT ON SCENE (DESK REPORT),NO INJURY / DRIVE AWAY,,,,"OVER $1,500",07/22/2025 04:30:00 PM,UNABLE TO DETERMINE,NOT APPLICABLE,3145,N,SHEFFIELD AVE,1933,,,,,,,2,NO INDICATION OF INJURY,0,0,0,0,0,3,0,15,3,7,41.9393986982,-87.6539413192,POINT (-87.653941319196 41.939398698165)
2f5c74b4db60dbd9c3afe9261e56531aae6ca324919054c9fa1808f5d546009e6813761ceb70c662933d4d93359a614624af6e779756111ad75e3e5c602c6249,,07/22/2025 03:15:00 PM,30,NO CONTROLS,NO CONTROLS,CLEAR,DAYLIGHT,REAR END,NOT DIVIDED,,STRAIGHT AND LEVEL,DRY,NO DEFECTS,ON SCENE,INJURY AND / OR TOW DUE TO CRASH,,,,"OVER $1,500",07/22/2025 03:16:00 PM,DISTRACTION - FROM INSIDE VEHICLE,DRIVING SKILLS/KNOWLEDGE/EXPERIENCE,112,S,WESTERN AVE,1125,,,,,,,3,"REPORTED, NOT EVIDENT",1,0,0,0,1,2,0,15,3,7,41.8798083652,-87.6865442251,POINT (-87.686544225071 41.879808365227)
0898552333afd538df811e0851788f52b0cf5920b66a46502e76c64729fe55d46913f3c545931dd4ab75856fd9e8b60f1c3034e1db5068b43087fa6243aee406,,07/22/2025 03:06:00 PM,10,NO CONTROLS,NO CONTROLS,CLEAR,DAYLIGHT,PEDESTRIAN,PARKING LOT,,STRAIGHT AND LEVEL,DRY,WORN SURFACE,ON SCENE,INJURY AND / OR TOW DUE TO CRASH,,Y,,$500 OR LESS,07/22/2025 03:06:00 PM,UNABLE TO DETERMINE,UNABLE TO DETERMINE,7600,S,PULASKI RD,833,,,,,,,2,NONINCAPACITATING INJURY,1,0,0,1,0,2,0,15,3,7,41.7550442797,-87.722315514,POINT (-87.722315514022 41.755044279733)
2b8b1d6f3f74ab88443904350b02d3a3edaa924a6465cccdbe8fd24896bac7aa74e690a565c49916b6bfe6dc56090107a912b1029c8d5d75b7a1f47140e0e658,,07/22/2025 03:06:00 PM,25,OTHER,OTHER,CLEAR,DAYLIGHT,OTHER OBJECT,OTHER,,STRAIGHT AND LEVEL,DRY,NO DEFECTS,ON SCENE,INJURY AND / OR TOW DUE TO CRASH,Y,,,$500 OR LESS,07/22/2025 03:06:00 PM,UNABLE TO DETERMINE,NOT APPLICABLE,4700,S,MICHIGAN AVE,224,,,,,,,2,"REPORTED, NOT EVIDENT",1,0,0,0,1,2,0,15,3,7,41.8091935132,-87.6229793064,POINT (-87.62297930642 41.809193513201)
2c4045d68396fb604546d0b855eadc5775754e271a1abf96c51b433e13465b43bc2fd9b48cee11c7576750e4bd68a5938f4925d00e8711da6651caebd7b081c8,,07/22/2025 03:00:00 PM,25,TRAFFIC SIGNAL,FUNCTIONING PROPERLY,CLEAR,DAYLIGHT,PEDESTRIAN,NOT DIVIDED,,STRAIGHT AND LEVEL,DRY,NO DEFECTS,,INJURY AND / OR TOW DUE TO CRASH,,,Y,$500 OR LESS,07/22/2025 03:00:00 PM,IMPROPER OVERTAKING/PASSING,FAILING TO YIELD RIGHT-OF-WAY,413,E,79TH ST,624,,,,,,,2,NONINCAPACITATING INJURY,1,0,0,1,0,5,0,15,3,7,41.7510171227,-87.6143759991,POINT (-87.614375999101 41.751017122655)
840560df90c23b47d1d56246934dc7335b1f84e730bfb34f56493f3345d39acef4d0f72f1011a87418d385f077bdd82f9fda943ca30c70dfe9ba6067aca14d48,,07/22/2025 03:00:00 PM,30,TRAFFIC SIGNAL,FUNCTIONING PROPERLY,CLEAR,DAYLIGHT,REAR END,FOUR WAY,,STRAIGHT AND LEVEL,DRY,NO DEFECTS,NOT ON SCENE (DESK REPORT),INJURY AND / OR TOW DUE TO CRASH,,,,"OVER $1,500",07/22/2025 03:30:00 PM,FOLLOWING TOO CLOSELY,NOT APPLICABLE,1555,N,AUSTIN BLVD,2531,,,,,,,2,NO INDICATION OF INJURY,0,0,0,0,0,2,0,15,3,7,41.9090521067,-87.7754474074,POINT (-87.775447407392 41.909052106689)
f349eb60a2b06a9a24f6488b7c91ce369748eb6dde55defdda35ccd0965d07c20535f3b12f092786874a7ce38c4a9d1ad4ceef8262a39ab0174149383f122f98,,07/22/2025 03:00:00 PM,30,STOP SIGN/FLASHER,NO CONTROLS,UNKNOWN,DAYLIGHT,PARKED MOTOR VEHICLE,FOUR WAY,,STRAIGHT AND LEVEL,UNKNOWN,NO DEFECTS,NOT ON SCENE (DESK REPORT),NO INJURY / DRIVE AWAY,Y,,Y,"OVER $1,500",07/24/2025 05:55:00 PM,UNABLE TO DETERMINE,NOT APPLICABLE,7600,S,EGGLESTON AVE,621,,,,,,,2,NO INDICATION OF INJURY,0,0,0,0,0,1,0,15,3,7,41.7561413772,-87.6357998607,POINT (-87.635799860722 41.756141377245)
fa44e153f124aecd103fd4882a80cd582b6d3454b74612a102dfe1035b96c9ee3d860168c122f6e19c0fae72588a9354195f4b054b415bf8c8abebdbb6d247fb,,07/22/2025 03:00:00 PM,35,NO CONTROLS,NO CONTROLS,CLEAR,DAYLIGHT,SIDESWIPE SAME DIRECTION,NOT DIVIDED,,STRAIGHT AND LEVEL,DRY,NO DEFECTS,NOT ON SCENE (DESK REPORT),NO INJURY / DRIVE AWAY,,,,"$501 - $1,500",07/23/2025 03:10:00 PM,UNABLE TO DETERMINE,NOT APPLICABLE,4700,N,MILWAUKEE AVE,1623,,,,,,,2,NO INDICATION OF INJURY,0,0,0,0,0,2,0,15,3,7,41.9656065179,-87.7589640434,POINT (-87.758964043417 41.965606517927)
eaf7b88c5c0c0b6ae4968648a76289efc03c6eddac7fb10f381b238911b7019be62e89dde3746dda8343f70960f91b7f729c4653032200a3b2f3aca8a4687126,,07/22/2025 02:55:00 PM,20,TRAFFIC SIGNAL,UNKNOWN,CLEAR,DAYLIGHT,SIDESWIPE SAME DIRECTION,NOT DIVIDED,,STRAIGHT AND LEVEL,DRY,UNKNOWN,NOT ON SCENE (DESK REPORT),NO INJURY / DRIVE AWAY,Y,,,"$501 - $1,500",07/22/2025 03:40:00 PM,UNABLE TO DETERMINE,UNABLE TO DETERMINE,8700,S,JEFFERY BLVD,412,,,,,,,2,NO INDICATION OF INJURY,0,0,0,0,0,2,0,14,3,7,41.7369631273,-87.5758627085,POINT (-87.575862708451 41.736963127272)
ee0916a734dc4b43868c935e890ecf1d8a16bafcf8c78f1a0cde5edd0c7b1b105ce8da93c6a166bf1862b59963af9bef6344dfc8adbf027f69e9e85be6d2b4e6,,07/22/2025 02:55:00 PM,30,STOP SIGN/FLASHER,FUNCTIONING PROPERLY,CLEAR,DAYLIGHT,TURNING,NOT DIVIDED,,STRAIGHT AND LEVEL,UNKNOWN,UNKNOWN,NOT ON SCENE (DESK REPORT),NO INJURY / DRIVE AWAY,,,,"OVER $1,500",07/22/2025 06:13:00 PM,FAILING TO REDUCE SPEED TO AVOID CRASH,FAILING TO REDUCE SPEED TO AVOID CRASH,3634,N,BROADWAY,1925,,,,,,,2,NO INDICATION OF INJURY,0,0,0,0,0,2,0,14,3,7,41.9483029304,-87.6480104276,POINT (-87.648010427635 41.948302930414)
42814e01240cbc71a267fb8308039dc796a238428392525ea6eba12f362aa47c82940cebcfe718a86de2a1cd587eedb8dfd2c3c2ec7f144934841f7527aeb3ed,,07/22/2025 02:50:00 PM,15,NO CONTROLS,NO CONTROLS,UNKNOWN,"DARKNESS, LIGHTED ROAD",PARKED MOTOR VEHICLE,PARKING LOT,,STRAIGHT AND LEVEL,UNKNOWN,UNKNOWN,NOT ON SCENE (DESK REPORT),NO INJURY / DRIVE AWAY,,,Y,"$501 - $1,500",07/24/2025 02:00:00 PM,UNABLE TO DETERMINE,NOT APPLICABLE,600,E,GRAND AVE,1834,,,,,,,2,NO INDICATION OF INJURY,0,0,0,0,0,1,0,14,3,7,41.8920941369,-87.6115698839,POINT (-87.611569883947 41.892094136862)
445ff3bf856c0ce76a088c1a32d8d80341ddca4e47ca57e824a16531928f982de2867050a62e2ba133a1f8919e492480a527cb5e6a1066f6c3955c935232ee60,,07/22/2025 02:50:00 PM,30,TRAFFIC SIGNAL,FUNCTIONING PROPERLY,CLEAR,DAYLIGHT,SIDESWIPE SAME DIRECTION,NOT DIVIDED,,STRAIGHT AND LEVEL,DRY,NO DEFECTS,ON SCENE,NO INJURY / DRIVE AWAY,Y,,,"$501 - $1,500",07/22/2025 02:52:00 PM,UNABLE TO DETERMINE,UNABLE TO DETERMINE,5600,W,DIVERSEY AVE,2514,,,,,,,2,NO INDICATION OF INJURY,0,0,0,0,0,2,0,14,3,7,41.9313859768,-87.7663105316,POINT (-87.766310531552 41.931385976833)
6a5898ff868bed674c7da56d4403c105fb73e567cfd2af53c9ba6471fc20feaad7ea71866672eab1e3b919f3b5840ce202a548822c538278b95598f563ec5da2,,07/22/2025 02:50:00 PM,30,UNKNOWN,UNKNOWN,UNKNOWN,UNKNOWN,ANGLE,T-INTERSECTION,,STRAIGHT AND LEVEL,UNKNOWN,UNKNOWN,NOT ON SCENE (DESK REPORT),NO INJURY / DRIVE AWAY,Y,,,"OVER $1,500",07/23/2025 11:00:00 AM,UNABLE TO DETERMINE,NOT APPLICABLE,3633,N,BROADWAY,1925,,,,,,,2,NO INDICATION OF INJURY,0,0,0,0,0,2,0,14,3,7,41.9483019291,-87.6476874607,POINT (-87.647687460735 41.948301929056)
a2af652ccf6a3face0e489aba99ed57ed9b43f02dbb530db62e5e6f89a042ba17680a2a240986f732805c60f16c97849638c58d7119d8b85b820a92ee2fddc44,,07/22/2025 02:31:00 PM,30,NO CONTROLS,NO CONTROLS,CLEAR,DAYLIGHT,ANGLE,NOT DIVIDED,,STRAIGHT AND LEVEL,DRY,NO DEFECTS,ON SCENE,INJURY AND / OR TOW DUE TO CRASH,,,,"OVER $1,500",07/22/2025 02:31:00 PM,FAILING TO YIELD RIGHT-OF-WAY,DRIVING SKILLS/KNOWLEDGE/EXPERIENCE,1029,E,130TH ST,533,,,,,,,3,INCAPACITATING INJURY,4,0,2,2,0,0,0,14,3,7,41.6595031767,-87.5965729161,POINT (-87.59657291612 41.659503176716)
8138bc8736abe3cf05e284dc43618c51efcd04650dc96c6a751b6ab347173a4c51797e5fa63a2f2c93d9a5dc0abdc113405cd60aa35ccd8c20376d29cd8b89c8,,07/22/2025 02:27:00 PM,30,UNKNOWN,UNKNOWN,CLEAR,DAYLIGHT,REAR END,FOUR WAY,,STRAIGHT AND LEVEL,DRY,UNKNOWN,ON SCENE,NO INJURY / DRIVE AWAY,,,,"OVER $1,500",07/22/2025 02:27:00 PM,FOLLOWING TOO CLOSELY,NOT APPLICABLE,2235,W,FULLERTON AVE,1432,,,,,,,2,NO INDICATION OF INJURY,0,0,0,0,0,6,0,14,3,7,41.9248377967,-87.6842676076,POINT (-87.684267607604 41.924837796744)
a339949bad4641e9a29dc477f6e088ec7ab4fcb26c747ad601775a46f1d68fa77bbc5005872c87f928ef5524ceb86e8e244e6350c6ca065f5ce855ebed840664,,07/22/2025 02:25:00 PM,30,RR CROSSING SIGN,UNKNOWN,CLEAR,DAYLIGHT,PEDESTRIAN,CENTER TURN LANE,,STRAIGHT AND LEVEL,UNKNOWN,UNKNOWN,ON SCENE,INJURY AND / OR TOW DUE TO CRASH,Y,,,$500 OR LESS,07/22/2025 02:25:00 PM,FAILING TO YIELD RIGHT-OF-WAY,NOT APPLICABLE,1200,S,ASHLAND AVE,1233,,N,,,,,2,NONINCAPACITATING INJURY,1,0,0,1,0,1,0,14,3,7,41.8668157843,-87.6665292629,POINT (-87.666529262922 41.86681578431)
2a028dccbed79bf03f0e2ed4c059330380798ce207c9b479e035838f5841269f690d4057fbbb0dac8556a6a7c69890b1fd01b6dd9e055eb64de16825729ae72b,,07/22/2025 02:20:00 PM,40,NO CONTROLS,NO CONTROLS,CLEAR,DAYLIGHT,SIDESWIPE SAME DIRECTION,DIVIDED - W/MEDIAN BARRIER,,STRAIGHT AND LEVEL,DRY,NO DEFECTS,ON SCENE,NO INJURY / DRIVE AWAY,,,,"OVER $1,500",07/22/2025 02:21:00 PM,IMPROPER OVERTAKING/PASSING,UNABLE TO DETERMINE,1300,S,COLUMBUS DR,132,,,,,,,2,NO INDICATION OF INJURY,0,0,0,0,0,2,0,14,3,7,41.8657136996,-87.6198913309,POINT (-87.619891330891 41.86571369964)
effbf1afdddec78621637b0dd09168dab924b6895e8f499e92504a3bd68a259ea26d3351c75a991abda109cdd0c997e9a862cf6c5020c89bfc30f4f432f685c3,,07/22/2025 02:20:00 PM,30,TRAFFIC SIGNAL,FUNCTIONING PROPERLY,UNKNOWN,DAYLIGHT,PARKED MOTOR VEHICLE,NOT DIVIDED,,STRAIGHT AND LEVEL,UNKNOWN,UNKNOWN,NOT ON SCENE (DESK REPORT),NO INJURY / DRIVE AWAY,,,Y,"$501 - $1,500",07/22/2025 03:02:00 PM,NOT APPLICABLE,NOT APPLICABLE,6225,S,UNION AVE,711,,,,,,,2,NO INDICATION OF INJURY,0,0,0,0,0,1,0,14,3,7,41.7809047211,-87.6424885573,POINT (-87.642488557261 41.780904721057)
b61f4fa3624be26b154ebe6ee67c3f6a7ba02afecc7a85a98e3d7240b9159e2e90cd086dde18f07a9cede360758ff7fe81ade317b9604b6e9977974966f04039,,07/22/2025 02:15:00 PM,25,UNKNOWN,UNKNOWN,UNKNOWN,UNKNOWN,PARKED MOTOR VEHICLE,ONE-WAY,,STRAIGHT AND LEVEL,UNKNOWN,UNKNOWN,,NO INJURY / DRIVE AWAY,,,,"OVER $1,500",07/22/2025 02:45:00 PM,NOT APPLICABLE,NOT APPLICABLE,101,W,ERIE ST,1832,,,,,,,2,NO INDICATION OF INJURY,0,0,0,0,0,1,0,14,3,7,41.8939203163,-87.6312568838,POINT (-87.631256883798 41.893920316276)
538698168a46b6fe3c09cc3cc083bb99cde71d982aea3f706a193fc593e8df6f5bff4b93e72b2c46418bb9a5563a8534ba6d3b3c982a0d0ea2b526ee57f53980,,07/22/2025 02:13:00 PM,30,NO CONTROLS,NO CONTROLS,CLEAR,DAYLIGHT,HEAD ON,NOT DIVIDED,,STRAIGHT AND LEVEL,DRY,NO DEFECTS,NOT ON SCENE (DESK REPORT),NO INJURY / DRIVE AWAY,,,,"OVER $1,500",07/22/2025 02:50:00 PM,UNABLE TO DETERMINE,NOT APPLICABLE,5111,W,MADISON ST,1533,,,,,,,2,NO INDICATION OF INJURY,0,0,0,0,0,2,0,14,3,7,41.880286905,-87.7531878676,POINT (-87.753187867582 41.880286904967)
735b80ee96a5daf37a55eeb468a9e3c2d14f0a70194410cfcd4909be591f7f3b02b3b0dc9712ef25beb97f70722e29c0b72388be6c0c79e7886018da1f310eef,,07/22/2025 02:10:00 PM,30,STOP SIGN/FLASHER,FUNCTIONING PROPERLY,CLEAR,DAYLIGHT,REAR END,NOT DIVIDED,,STRAIGHT AND LEVEL,UNKNOWN,UNKNOWN,NOT ON SCENE (DESK REPORT),NO INJURY / DRIVE AWAY,,,,"OVER $1,500",07/22/2025 09:40:00 PM,UNABLE TO DETERMINE,NOT APPLICABLE,1900,S,LUMBER ST,1235,,,,,,,2,NO INDICATION OF INJURY,0,0,0,0,0,2,0,14,3,7,41.8567518004,-87.6370356693,POINT (-87.637035669326 41.856751800403)
97b929f454a10f1b42cc9db26f2d2a3181bdb1b6a2c6d80a5a647a555dd900f661242248d3139e9ca2a027baa9fef064f40dbff747d5b216c7b53625bf537c71,,07/22/2025 02:03:00 PM,35,NO CONTROLS,NO CONTROLS,CLEAR,DAYLIGHT,ANGLE,DIVIDED - W/MEDIAN (NOT RAISED),,STRAIGHT AND LEVEL,DRY,NO DEFECTS,NOT ON SCENE (DESK REPORT),NO INJURY / DRIVE AWAY,,,Y,"OVER $1,500",07/22/2025 04:00:00 PM,FAILING TO YIELD RIGHT-OF-WAY,NOT APPLICABLE,3140,W,NORTH AVE,1421,,,,,,,2,NO INDICATION OF INJURY,0,0,0,0,0,2,0,14,3,7,41.9102305259,-87.7061465921,POINT (-87.706146592075 41.910230525864)
0aa3f2eb5e8fe5ef757665c6e522dccb84feea588e88299cdb0b2a0df6c7f270323e9d9181fe1d1138951dd409543b8921e188aea84cde83ea5e2c776bf6de89,,07/22/2025 02:00:00 PM,30,NO CONTROLS,NO CONTROLS,CLEAR,DAYLIGHT,SIDESWIPE SAME DIRECTION,NOT DIVIDED,,STRAIGHT AND LEVEL,DRY,NO DEFECTS,NOT ON SCENE (DESK REPORT),INJURY AND / OR TOW DUE TO CRASH,,,Y,"OVER $1,500",07/22/2025 03:40:00 PM,UNABLE TO DETERMINE,UNABLE TO DETERMINE,1864,N,DAMEN AVE,1434,,,,,,,3,NO INDICATION OF INJURY,0,0,0,0,0,3,0,14,3,7,41.9156159016,-87.6777200979,POINT (-87.677720097882 41.915615901586)
1a8d9df6872b76f2083c7be93275c6ec4ced73625886faf0eece1b5346148233474781d4c364ad6eb8690d36fcf655c3e597080003915653e9315527980a2337,,07/22/2025 02:00:00 PM,30,NO CONTROLS,NO CONTROLS,CLEAR,DAYLIGHT,REAR END,NOT DIVIDED,,STRAIGHT AND LEVEL,DRY,NO DEFECTS,NOT ON SCENE (DESK REPORT),NO INJURY / DRIVE AWAY,,,,"OVER $1,500",07/23/2025 04:10:00 PM,FOLLOWING TOO CLOSELY,DISTRACTION - FROM INSIDE VEHICLE,620,W,63RD ST,711,,,,,,,2,NO INDICATION OF INJURY,0,0,0,0,0,6,0,14,3,7,41.7799200473,-87.6409255107,POINT (-87.640925510749 41.779920047341)
ef57a4da4eae326e05ae419d1c2f7e62f805e7e89e17ff19cfd542a74a3d2e67b5f9fe0b805bd651690ecf9773eb9a3693349cbaf6de0f455f82a4352bb6a051,,07/22/2025 02:00:00 PM,30,NO CONTROLS,NO CONTROLS,UNKNOWN,UNKNOWN,TURNING,DIVIDED - W/MEDIAN (NOT RAISED),,STRAIGHT AND LEVEL,UNKNOWN,UNKNOWN,NOT ON SCENE (DESK REPORT),NO INJURY / DRIVE AWAY,,,,"$501 - $1,500",07/22/2025 02:12:00 PM,FAILING TO YIELD RIGHT-OF-WAY,FAILING TO YIELD RIGHT-OF-WAY,3449,W,WASHINGTON BLVD,1123,,,,,,,2,NO INDICATION OF INJURY,0,0,0,0,0,5,0,14,3,7,41.8813679045,-87.7131366261,POINT (-87.713136626149 41.881367904458)
ee6dad5a6c79b1cd98a6b207c30fd8ccf348ade288fdb60d3ae18d9f898b038cf78948041a208ae57ae6703455df0359c28cecdbc7be8741c64a4919de3b6335,,07/22/2025 01:57:00 PM,30,STOP SIGN/FLASHER,FUNCTIONING PROPERLY,CLEAR,DAYLIGHT,ANGLE,NOT DIVIDED,,STRAIGHT AND LEVEL,DRY,NO DEFECTS,NOT ON SCENE (DESK REPORT),INJURY AND / OR TOW DUE TO CRASH,Y,,Y,"OVER $1,500",07/22/2025 03:40:00 PM,UNABLE TO DETERMINE,NOT APPLICABLE,125,N,PULASKI RD,1122,,,,,,,2,"REPORTED, NOT EVIDENT",1,0,0,0,1,1,0,13,3,7,41.8826275135,-87.725576279,POINT (-87.725576279016 41.882627513523)
75f3b58db392898ac6a147c2b300595f70e431cf1627c0084439db3e92f8fd20b4c5864b888fa24bb5ed15a3710e7c457b0847edb77b063bad1f703dd0263f42,,07/22/2025 01:55:00 PM,25,UNKNOWN,UNKNOWN,CLEAR,DAYLIGHT,REAR TO FRONT,NOT DIVIDED,,STRAIGHT AND LEVEL,DRY,UNKNOWN,NOT ON SCENE (DESK REPORT),NO INJURY / DRIVE AWAY,,,,"OVER $1,500",07/22/2025 04:40:00 PM,NOT APPLICABLE,NOT APPLICABLE,421,N,MORGAN ST,1214,,,,,,,2,NO INDICATION OF INJURY,0,0,0,0,0,2,0,13,3,7,41.8896673116,-87.6521089176,POINT (-87.652108917619 41.889667311614)
c7b1b4eb729b2342dd3a5e3998a44338773dfbbadc37e5b490a687801fe357f9838747da6c5c0236fa7e30be979f681ba6944adfab97b15b6c4198cf758dcadd,,07/22/2025 01:45:00 PM,30,TRAFFIC SIGNAL,FUNCTIONING PROPERLY,CLEAR,DAYLIGHT,TURNING,FOUR WAY,,STRAIGHT AND LEVEL,DRY,NO DEFECTS,NOT ON SCENE (DESK REPORT),NO INJURY / DRIVE AWAY,Y,,,"OVER $1,500",07/22/2025 02:20:00 PM,UNABLE TO DETERMINE,NOT APPLICABLE,459,N,KEDZIE AVE,1221,,,,,,,2,NO INDICATION OF INJURY,0,0,0,0,0,3,0,13,3,7,41.8900609345,-87.7062430373,POINT (-87.706243037309 41.890060934534)
0e3960f85b8ff8149e2c2b8a37e632f3fcdb895aa3fd45cafb59979095fad30f18b9b5bbab5a116ecaa84122764be54e8848c38e3498c30b61df49a6aa7be861,,07/22/2025 01:40:00 PM,30,NO CONTROLS,NO CONTROLS,CLEAR,DAYLIGHT,PARKED MOTOR VEHICLE,ONE-WAY,,STRAIGHT AND LEVEL,DRY,NO DEFECTS,NOT ON SCENE (DESK REPORT),NO INJURY / DRIVE AWAY,,,Y,"$501 - $1,500",07/23/2025 02:22:00 PM,NOT APPLICABLE,NOT APPLICABLE,3834,W,70TH ST,833,,,,,,,2,NO INDICATION OF INJURY,0,0,0,0,0,1,0,13,3,7,41.7660753636,-87.7189587283,POINT (-87.718958728337 41.766075363634)
bd613b38806f5d61285994cf5364000f5633f35b778095197eafad698816dc91f9a5f0547b4da13baa77378a6b225528940651e34f0f5fd48dfe27536073b2fd,N,07/22/2025 01:40:00 PM,20,NO CONTROLS,NO CONTROLS,CLEAR,DAYLIGHT,SIDESWIPE SAME DIRECTION,DIVIDED - W/MEDIAN BARRIER,,STRAIGHT AND LEVEL,DRY,NO DEFECTS,ON SCENE,INJURY AND / OR TOW DUE TO CRASH,,,,"OVER $1,500",07/22/2025 04:40:00 PM,IMPROPER LANE USAGE,NOT APPLICABLE,1250,S,COLUMBUS DR,132,,,,,,,2,NONINCAPACITATING INJURY,2,0,0,2,0,1,0,13,3,7,41.8660613743,-87.6200026574,POINT (-87.620002657407 41.866061374339)