CRASH_RECORD_ID,CRASH_DATE_EST_I,CRASH_DATE,POSTED_SPEED_LIMIT,TRAFFIC_CONTROL_DEVICE,DEVICE_CONDITION,WEATHER_CONDITION,LIGHTING_CONDITION,FIRST_CRASH_TYPE,TRAFFICWAY_TYPE,LANE_CNT,ALIGNMENT,ROADWAY_SURFACE_COND,ROAD_DEFECT,REPORT_TYPE,CRASH_TYPE,INTERSECTION_RELATED_I,NOT_RIGHT_OF_WAY_I,HIT_AND_RUN_I,DAMAGE,DATE_POLICE_NOTIFIED,PRIM_CONTRIBUTORY_CAUSE,SEC_CONTRIBUTORY_CAUSE,STREET_NO,STREET_DIRECTION,STREET_NAME,BEAT_OF_OCCURRENCE,PHOTOS_TAKEN_I,STATEMENTS_TAKEN_I,DOORING_I,WORK_ZONE_I,WORK_ZONE_TYPE,WORKERS_PRESENT_I,NUM_UNITS,MOST_SEVERE_INJURY,INJURIES_TOTAL,INJURIES_FATAL,INJURIES_INCAPACITATING,INJURIES_NON_INCAPACITATING,INJURIES_REPORTED_NOT_EVIDENT,INJURIES_NO_INDICATION,INJURIES_UNKNOWN,CRASH_HOUR,CRASH_DAY_OF_WEEK,CRASH_MONTH,LATITUDE,LONGITUDE,LOCATION
109b78af59db8312825004bbba94c6b610c6e8a0b50b8aac2f4f63abe917055739c3ea56dd41a99d11e222f5d15272f45e4cf8fc79da55ed48ad4654ce2f5b7b,,07/22/2025 01:30:00 PM,30,NO CONTROLS,NO CONTROLS,CLEAR,DAYLIGHT,PARKED MOTOR VEHICLE,UNKNOWN,,STRAIGHT AND LEVEL,UNKNOWN,UNKNOWN,NOT ON SCENE (DESK REPORT),NO INJURY / DRIVE AWAY,,,,"OVER $1,500",07/22/2025 02:00:00 PM,FAILING TO YIELD RIGHT-OF-WAY,UNABLE TO DETERMINE,6398,N,MOBILE AVE,1611,,,,,,,2,NO INDICATION OF INJURY,0,0,0,0,0,2,0,13,3,7,41.9973361007,-87.7854591441,POINT (-87.785459144143 41.997336100652)
f705f14335ed6c6e284bae8991b7d4c65205d2d965a6446d51ba3b5861e2b7dbce9de42976dea24bc6e1916d6ff91bcb3fcc914e3507a00d2349cd764deb12ae,Y,07/22/2025 01:30:00 PM,30,NO CONTROLS,NO CONTROLS,CLEAR,UNKNOWN,PARKED MOTOR VEHICLE,ONE-WAY,,STRAIGHT ON GRADE,DRY,UNKNOWN,NOT ON SCENE (DESK REPORT),NO INJURY / DRIVE AWAY,,,Y,"OVER $1,500",07/23/2025 05:26:00 PM,UNABLE TO DETERMINE,NOT APPLICABLE,2808,N,WHIPPLE ST,1411,,,,,,,2,NO INDICATION OF INJURY,0,0,0,0,0,1,0,13,3,7,41.9323680898,-87.7039089109,POINT (-87.703908910867 41.932368089815)
02962746c35a019afa2f274e225f1c2f23e1270cfa13830b95cdb2912bef4ccdac8cbaa3224b8fdcfb8a6ed5f1d2157bbff368b322e1b11648cbf32dd1cb4f8c,,07/22/2025 01:22:00 PM,25,NO CONTROLS,NO CONTROLS,CLEAR,DAYLIGHT,TURNING,DIVIDED - W/MEDIAN (NOT RAISED),,STRAIGHT AND LEVEL,DRY,NO DEFECTS,NOT ON SCENE (DESK REPORT),NO INJURY / DRIVE AWAY,,,,"OVER $1,500",07/22/2025 01:45:00 PM,FAILING TO YIELD RIGHT-OF-WAY,UNABLE TO DETERMINE,6862,N,CALIFORNIA AVE,2411,,,,,,,2,NO INDICATION OF INJURY,0,0,0,0,0,2,0,13,3,7,42.0066123407,-87.6999495587,POINT (-87.699949558686 42.006612340712)
201001e8ac2b7a80ab28fbb5e4afebe067753c3c7ca9f2ed02f9ba37834d9ee6f0f893a59f693792af159afdee5bd3307faee5cad0228f96849b81f8de6084d9,,07/22/2025 01:20:00 PM,35,NO CONTROLS,NO CONTROLS,CLEAR,DAYLIGHT,SIDESWIPE SAME DIRECTION,T-INTERSECTION,,STRAIGHT AND LEVEL,DRY,NO DEFECTS,ON SCENE,INJURY AND / OR TOW DUE TO CRASH,Y,,,"OVER $1,500",07/22/2025 01:45:00 PM,FAILING TO REDUCE SPEED TO AVOID CRASH,NOT APPLICABLE,6700,N,HARLEM AVE,1611,,,,,,,2,"REPORTED, NOT EVIDENT",1,0,0,0,1,2,0,13,3,7,42.0027556088,-87.80688394,POINT (-87.806883940039 42.002755608763)
3b686deef8f07529839486f180af54a570d0e70a52e3ba065035ef8141bb38e41f925d7e49b086937b3ea3992a4a867d3c6d21ddaa59b473f37277e81a62afd7,,07/22/2025 01:15:00 PM,30,TRAFFIC SIGNAL,FUNCTIONING PROPERLY,CLEAR,DAYLIGHT,SIDESWIPE SAME DIRECTION,NOT DIVIDED,,STRAIGHT AND LEVEL,DRY,NO DEFECTS,NOT ON SCENE (DESK REPORT),NO INJURY / DRIVE AWAY,,,Y,"OVER $1,500",07/22/2025 02:45:00 PM,UNABLE TO DETERMINE,NOT APPLICABLE,4804,N,KIMBALL AVE,1712,,,,,,,2,NO INDICATION OF INJURY,0,0,0,0,0,2,0,13,3,7,41.968601951,-87.7135177045,POINT (-87.713517704519 41.968601950992)
70afd25fc1b18ceb41dcf4b61cebac555eaf9dea6f4fa31233f23498bd2f26550b865478557114059ca9361b8534c1fb14917bc81cdb03a0dba1d653aac6993c,,07/22/2025 01:15:00 PM,30,TRAFFIC SIGNAL,UNKNOWN,CLEAR,DAYLIGHT,TURNING,FOUR WAY,,STRAIGHT AND LEVEL,DRY,UNKNOWN,ON SCENE,INJURY AND / OR TOW DUE TO CRASH,Y,,Y,"OVER $1,500",07/22/2025 02:41:00 PM,UNABLE TO DETERMINE,UNABLE TO DETERMINE,4800,N,KIMBALL AVE,1712,,,,,,,2,NO INDICATION OF INJURY,0,0,0,0,0,2,0,13,3,7,41.9684888778,-87.713513494,POINT (-87.713513494027 41.968488877833)
9c3d1835ab9187b22553a7f98b006c651089573a99d06741a4273f3d219cbe65d5eae78273ce278f9d8c081c05da0d4c9778315dcab3181cfb286a1a0006d911,,07/22/2025 01:00:00 PM,30,NO CONTROLS,NO CONTROLS,CLEAR,DAYLIGHT,TURNING,NOT DIVIDED,,STRAIGHT AND LEVEL,DRY,NO DEFECTS,NOT ON SCENE (DESK REPORT),NO INJURY / DRIVE AWAY,,,Y,"OVER $1,500",07/22/2025 01:15:00 PM,UNABLE TO DETERMINE,NOT APPLICABLE,1223,S,ASHLAND AVE,1233,,,,,,,2,NO INDICATION OF INJURY,0,0,0,0,0,2,0,13,3,7,41.8662038899,-87.6662285705,POINT (-87.666228570463 41.866203889903)
c03392a61c3d2f803c6f0175a7b04d8dbdb226f8d3a1c56dead3b6e3280ff4b7a7c6216fa46b403d4ddfe0d15d0bfb6583d4645c1721440e5245c4c1d1b0c9aa,,07/22/2025 01:00:00 PM,10,NO CONTROLS,NO CONTROLS,CLEAR,DAYLIGHT,PARKED MOTOR VEHICLE,OTHER,,STRAIGHT AND LEVEL,DRY,NO DEFECTS,NOT ON SCENE (DESK REPORT),NO INJURY / DRIVE AWAY,,,,"$501 - $1,500",07/23/2025 04:15:00 PM,DRIVING SKILLS/KNOWLEDGE/EXPERIENCE,UNABLE TO DETERMINE,2622,N,PULASKI RD,2524,,,,,,,2,NO INDICATION OF INJURY,0,0,0,0,0,1,0,13,3,7,41.9288312849,-87.7270414567,POINT (-87.727041456748 41.928831284906)
8411a11d1f98514ae99dbcba59ce6b081ca4d3c67d96098e824108ce242a5d97a8439946bfe9f173790daacc12dc695babd7157e54424b6c789ce17d261715ad,,07/22/2025 12:50:00 PM,30,TRAFFIC SIGNAL,FUNCTIONING PROPERLY,CLEAR,DAYLIGHT,TURNING,NOT DIVIDED,,STRAIGHT AND LEVEL,DRY,UNKNOWN,ON SCENE,INJURY AND / OR TOW DUE TO CRASH,Y,,,"OVER $1,500",07/22/2025 12:55:00 PM,UNABLE TO DETERMINE,UNABLE TO DETERMINE,5664,S,ARCHER AVE,814,,,,N,,,2,NONINCAPACITATING INJURY,2,0,0,2,0,4,0,12,3,7,41.7973314707,-87.7526085856,POINT (-87.752608585606 41.797331470714)
f5cc5104857e58f0c0117edc88384f0f061186bd70aa0bcccda57c47a30f9c087b40b4e2c682bfae3fc7faa5d15c0de0d2128107cc086751bfbc6ac1fdc2dba5,,07/22/2025 12:50:00 PM,30,NO CONTROLS,NO CONTROLS,CLEAR,DAYLIGHT,PARKED MOTOR VEHICLE,DIVIDED - W/MEDIAN BARRIER,,STRAIGHT AND LEVEL,DRY,NO DEFECTS,ON SCENE,NO INJURY / DRIVE AWAY,,,Y,"OVER $1,500",07/22/2025 12:55:00 PM,DISTRACTION - FROM INSIDE VEHICLE,UNABLE TO DETERMINE,4917,S,DREXEL BLVD,222,,,,,,,2,NO INDICATION OF INJURY,0,0,0,0,0,1,0,12,3,7,41.8053844828,-87.6036618613,POINT (-87.603661861347 41.805384482848)
fffac69fe2a540c98ec05e41b66cd5a339457e07f5e3a6d140e4cc4123834716f4acf3385de289aaee5049974e351b06f9873f3effde4d034d690b617c9632f6,,07/22/2025 12:45:00 PM,20,NO CONTROLS,NO CONTROLS,CLEAR,DAYLIGHT,PARKED MOTOR VEHICLE,NOT DIVIDED,,STRAIGHT AND LEVEL,DRY,NO DEFECTS,ON SCENE,NO INJURY / DRIVE AWAY,,,,"$501 - $1,500",07/22/2025 12:45:00 PM,UNABLE TO DETERMINE,NOT APPLICABLE,5204,N,LECLAIRE AVE,1623,,,,,,,2,NO INDICATION OF INJURY,0,0,0,0,0,1,0,12,3,7,41.975445002,-87.7554341004,POINT (-87.755434100374 41.975445001965)
b6792d0dc7375b2e180a94594291f5f0980dd9264f41332cccd0b957ff0ea8578989a406321558eeca5bf8dbae569ca583bde61790df55915762da792e53dfcf,,07/22/2025 12:41:00 PM,15,NO CONTROLS,NO CONTROLS,CLEAR,DAYLIGHT,PARKED MOTOR VEHICLE,PARKING LOT,,STRAIGHT AND LEVEL,DRY,NO DEFECTS,ON SCENE,NO INJURY / DRIVE AWAY,,Y,,$500 OR LESS,07/22/2025 01:08:00 PM,IMPROPER BACKING,NOT APPLICABLE,2420,S,WOOD ST,1034,,,,,,,2,NO INDICATION OF INJURY,0,0,0,0,0,1,0,12,3,7,41.8478720096,-87.6709485448,POINT (-87.670948544776 41.847872009603)
075bfbf495e9ec88c425314cf598cb9215c0a122fe27cee1ec11c760da7270f6c506b864a864357f29698439e809ffa35c80e797da7f0183897c86267324cf5b,,07/22/2025 12:40:00 PM,30,TRAFFIC SIGNAL,FUNCTIONING PROPERLY,CLEAR,DAYLIGHT,SIDESWIPE SAME DIRECTION,DIVIDED - W/MEDIAN (NOT RAISED),,STRAIGHT AND LEVEL,DRY,NO DEFECTS,NOT ON SCENE (DESK REPORT),NO INJURY / DRIVE AWAY,Y,,,"$501 - $1,500",07/23/2025 02:23:00 PM,IMPROPER OVERTAKING/PASSING,NOT APPLICABLE,10301,S,HALSTED ST,2232,,,,,,,2,NO INDICATION OF INJURY,0,0,0,0,0,3,0,12,3,7,41.706828646,-87.6426845876,POINT (-87.642684587564 41.706828646003)
e7ebc9b8326fc1ef5923f3ff94db890d37b8cc98de7a9f9323b33f935050a41ccbb218e2cfbcc6c067a30597d173c504aa8b6a7e80ca38235878c3fd2c8e4565,,07/22/2025 12:36:00 PM,30,STOP SIGN/FLASHER,FUNCTIONING PROPERLY,CLEAR,DAYLIGHT,PEDALCYCLIST,NOT DIVIDED,,STRAIGHT AND LEVEL,DRY,NO DEFECTS,ON SCENE,INJURY AND / OR TOW DUE TO CRASH,Y,,,"$501 - $1,500",07/22/2025 12:40:00 PM,UNABLE TO DETERMINE,NOT APPLICABLE,5501,N,ELSTON AVE,1621,,,,,,,2,NONINCAPACITATING INJURY,1,0,0,1,0,1,0,12,3,7,41.981218735,-87.7612331813,POINT (-87.761233181267 41.981218735003)
1ecd71e2106fd93befca72679696cd45d32c443f65bf1e4a765cb3e71c5d41793f25da521b10ddf844b352a59b107478525a58a78b629e37ba61b212e87cdd5b,,07/22/2025 12:30:00 PM,30,TRAFFIC SIGNAL,FUNCTIONING PROPERLY,CLEAR,DAYLIGHT,REAR END,CENTER TURN LANE,,STRAIGHT AND LEVEL,DRY,NO DEFECTS,NOT ON SCENE (DESK REPORT),NO INJURY / DRIVE AWAY,,,,"OVER $1,500",07/22/2025 02:00:00 PM,UNABLE TO DETERMINE,UNABLE TO DETERMINE,3142,W,NORTH AVE,1421,,,,,,,2,NO INDICATION OF INJURY,0,0,0,0,0,2,0,12,3,7,41.9102296082,-87.7062300461,POINT (-87.706230046121 41.910229608231)
57f3d86522dd03f00b4e2e099114cba5d8ad239ffae4e44ee1a3d0f0a607dcda3dd60deaa6eab75b0b794029498bb2a9f4fb69557dfc8d6e01ccb2680f86730b,,07/22/2025 12:30:00 PM,30,NO CONTROLS,NO CONTROLS,UNKNOWN,DAYLIGHT,SIDESWIPE SAME DIRECTION,NOT DIVIDED,,STRAIGHT AND LEVEL,UNKNOWN,UNKNOWN,NOT ON SCENE (DESK REPORT),NO INJURY / DRIVE AWAY,,,,"OVER $1,500",07/22/2025 01:43:00 PM,IMPROPER OVERTAKING/PASSING,IMPROPER OVERTAKING/PASSING,3339,W,DEVON AVE,1711,,,,,,,2,NO INDICATION OF INJURY,0,0,0,0,0,3,0,12,3,7,41.9972137519,-87.7133131061,POINT (-87.713313106141 41.997213751916)
68b871f657c7c483184be8859adb606d4ce33fa79357fa65fdb96216ae6509e17500b5e6e1c891ad5dd67d77fb8531bfe41b308b1d28a57e9534ad1788963c80,,07/22/2025 12:30:00 PM,30,NO CONTROLS,NO CONTROLS,UNKNOWN,DAYLIGHT,PARKED MOTOR VEHICLE,ONE-WAY,,STRAIGHT AND LEVEL,UNKNOWN,UNKNOWN,NOT ON SCENE (DESK REPORT),NO INJURY / DRIVE AWAY,,,Y,"$501 - $1,500",07/22/2025 08:00:00 PM,NOT APPLICABLE,NOT APPLICABLE,5095,S,BISHOP ST,933,,,,,,,2,NO INDICATION OF INJURY,0,0,0,0,0,1,0,12,3,7,41.8014581183,-87.6609881273,POINT (-87.660988127265 41.801458118281)
e52c0a74bdd67bd5e2b3a888a45d10bb088e3e65fa1a971969234fce53de4c0f4d29632ec4901d201d550110d2fee85d4d630f904c28ef3b5bf6e93538111063,,07/22/2025 12:30:00 PM,30,TRAFFIC SIGNAL,FUNCTIONING PROPERLY,CLEAR,DAYLIGHT,SIDESWIPE SAME DIRECTION,DIVIDED - W/MEDIAN BARRIER,,STRAIGHT AND LEVEL,DRY,UNKNOWN,NOT ON SCENE (DESK REPORT),NO INJURY / DRIVE AWAY,,,,"OVER $1,500",07/22/2025 01:50:00 PM,UNABLE TO DETERMINE,NOT APPLICABLE,415,N,CENTRAL AVE,1523,,,,,,,2,NO INDICATION OF INJURY,0,0,0,0,0,3,0,12,3,7,41.888220327,-87.7649912439,POINT (-87.764991243876 41.888220326956)
43b291b1d0db2e59c149784cf03f35d624faa760c0002b1f8763676fa7b3e5ea4078526e9ba3273f51cd71823fd1d11da75c185bb016b0138be4e5373b63da94,,07/22/2025 12:25:00 PM,30,NO CONTROLS,NO CONTROLS,CLEAR,DAYLIGHT,PARKED MOTOR VEHICLE,NOT DIVIDED,,STRAIGHT AND LEVEL,DRY,NO DEFECTS,ON SCENE,NO INJURY / DRIVE AWAY,,,Y,"OVER $1,500",07/22/2025 12:31:00 PM,UNABLE TO DETERMINE,UNABLE TO DETERMINE,7336,S,YATES BLVD,334,,,,,,,2,NO INDICATION OF INJURY,0,0,0,0,0,1,0,12,3,7,41.7615120724,-87.5665734226,POINT (-87.566573422573 41.761512072377)
84c96d543ecace4db0333048f7c50f9ff54f71b5e585daf4b6f7f71af335192d2ce4529109a4c1e31565e308e5c6f06d0d14e836a9a5089a5f696e6d0193ae1b,,07/22/2025 12:20:00 PM,30,TRAFFIC SIGNAL,FUNCTIONING PROPERLY,CLEAR,DAYLIGHT,SIDESWIPE SAME DIRECTION,DIVIDED - W/MEDIAN (NOT RAISED),,STRAIGHT AND LEVEL,DRY,NO DEFECTS,NOT ON SCENE (DESK REPORT),NO INJURY / DRIVE AWAY,,,,"OVER $1,500",07/22/2025 01:00:00 PM,DRIVING SKILLS/KNOWLEDGE/EXPERIENCE,NOT APPLICABLE,7200,W,DEVON AVE,1611,,,,,,,2,NO INDICATION OF INJURY,0,0,0,0,0,3,0,12,3,7,41.997879311,-87.8068505411,POINT (-87.806850541081 41.997879310965)
e6dd0f3b24575369b0326d340a23a42c5a3e23c5472c095794bb2b72a118e7a1a1b590636d98ec0a6e875b60ef4476ecd90c27643c37154f66b381dbb3b53e8e,,07/22/2025 12:19:00 PM,30,TRAFFIC SIGNAL,FUNCTIONING PROPERLY,CLEAR,DAYLIGHT,REAR END,NOT DIVIDED,,STRAIGHT AND LEVEL,DRY,WORN SURFACE,ON SCENE,INJURY AND / OR TOW DUE TO CRASH,N,,Y,"OVER $1,500",07/22/2025 12:30:00 PM,FAILING TO REDUCE SPEED TO AVOID CRASH,FAILING TO YIELD RIGHT-OF-WAY,2404,N,LARAMIE AVE,2515,,,,,,,2,"REPORTED, NOT EVIDENT",2,0,0,0,2,2,0,12,3,7,41.9242742743,-87.7562989071,POINT (-87.756298907075 41.924274274255)
f4dc9a9d8a97cd88d332ca412af2c16ac156f78076927ecce7eee2ea738e2a109d8e615bc29688ba669423ca6c134905bff04440c8831b0feb37bca22985f9b4,,07/22/2025 12:15:00 PM,30,TRAFFIC SIGNAL,FUNCTIONING PROPERLY,CLEAR,DAYLIGHT,TURNING,T-INTERSECTION,,STRAIGHT AND LEVEL,DRY,NO DEFECTS,ON SCENE,INJURY AND / OR TOW DUE TO CRASH,Y,,,"OVER $1,500",07/22/2025 12:20:00 PM,UNABLE TO DETERMINE,UNABLE TO DETERMINE,13547,S,BRANDON AVE,433,,,,,,,2,NONINCAPACITATING INJURY,3,0,0,2,1,1,0,12,3,7,41.6487089023,-87.5457916549,POINT (-87.545791654865 41.648708902311)
f6c4aa69de2237a2ebd70f5db33f81a3a6ce87471560706b03d789dee917b6934eb4c708ffb5fd11c26ab5231552f8c8705f1b471662928476399992707c0152,,07/22/2025 12:15:00 PM,20,NO CONTROLS,NO CONTROLS,CLEAR,DAYLIGHT,ANGLE,ONE-WAY,,STRAIGHT AND LEVEL,DRY,NO DEFECTS,ON SCENE,INJURY AND / OR TOW DUE TO CRASH,,,,"OVER $1,500",07/22/2025 12:15:00 PM,FAILING TO YIELD RIGHT-OF-WAY,FAILING TO REDUCE SPEED TO AVOID CRASH,1916,N,ST LOUIS AVE,1422,,,,,,,2,NONINCAPACITATING INJURY,2,0,0,2,0,0,0,12,3,7,41.9167285786,-87.7136637251,POINT (-87.713663725089 41.916728578621)
8db59358b3c5ff63f141150d2f5c8a23655e2c58ce152870674c7ebba8257f113e059c1b5d35a86cad71622450e7cf2f9961a4a1a239781feef9616b88d6e056,,07/22/2025 12:00:00 PM,30,NO CONTROLS,NO CONTROLS,CLEAR,DAYLIGHT,SIDESWIPE SAME DIRECTION,ONE-WAY,,STRAIGHT AND LEVEL,DRY,UNKNOWN,ON SCENE,NO INJURY / DRIVE AWAY,,,,"OVER $1,500",07/22/2025 12:10:00 PM,IMPROPER LANE USAGE,DRIVING SKILLS/KNOWLEDGE/EXPERIENCE,445,E,OHIO ST,1834,,,,,,,2,NO INDICATION OF INJURY,0,0,0,0,0,2,0,12,3,7,41.8925591585,-87.6160588808,POINT (-87.616058880785 41.892559158531)
b9cf15d669a62cf7085ebb1bf336ed48231e14e8ed352700fde9d0486dcafa718ee791f7a802b5b0bcf77263d41c2b0862155b1a012da0cd36ce858ec177e365,,07/22/2025 12:00:00 PM,30,NO CONTROLS,NO CONTROLS,CLEAR,DAYLIGHT,PARKED MOTOR VEHICLE,NOT DIVIDED,,STRAIGHT AND LEVEL,DRY,NO DEFECTS,ON SCENE,NO INJURY / DRIVE AWAY,,,,"$501 - $1,500",07/22/2025 12:03:00 PM,UNABLE TO DETERMINE,UNABLE TO DETERMINE,3965,W,41ST ST,821,,,,,,,2,NO INDICATION OF INJURY,0,0,0,0,0,2,0,12,3,7,41.8183180505,-87.7238302507,POINT (-87.723830250718 41.818318050541)
e208c828666081d3abdcb8fe2c7a81282cf39d954803d11421c58e74cffde997e8531111b2e51b12d94b79e9397306ac6f66e0100a6d6c2a21bf9a61d7b9b2c6,,07/22/2025 11:59:00 AM,30,TRAFFIC SIGNAL,FUNCTIONING PROPERLY,CLEAR,DAYLIGHT,REAR END,DIVIDED - W/MEDIAN BARRIER,,STRAIGHT AND LEVEL,DRY,NO DEFECTS,NOT ON SCENE (DESK REPORT),NO INJURY / DRIVE AWAY,,,Y,"$501 - $1,500",07/22/2025 12:00:00 PM,"OPERATING VEHICLE IN ERRATIC, RECKLESS, CARELESS, NEGLIGENT OR AGGRESSIVE MANNER","OPERATING VEHICLE IN ERRATIC, RECKLESS, CARELESS, NEGLIGENT OR AGGRESSIVE MANNER",500,S,LAKE SHORE DR SB,114,,,,,,,2,NO INDICATION OF INJURY,0,0,0,0,0,2,0,11,3,7,41.8757562552,-87.6175156798,POINT (-87.617515679751 41.875756255241)
451aac1b9a91b8791058fc04f73f284f4307ad42cc762e3064daf7e727883d6d9dcec5c82d8add83feb5a38a3a2d9bbabceba1a31e857e5b640b01c3428f3636,,07/22/2025 11:55:00 AM,25,NO CONTROLS,NO CONTROLS,CLEAR,DAYLIGHT,ANGLE,FOUR WAY,,STRAIGHT AND LEVEL,DRY,NO DEFECTS,ON SCENE,NO INJURY / DRIVE AWAY,,,,"$501 - $1,500",07/22/2025 11:55:00 AM,UNABLE TO DETERMINE,UNABLE TO DETERMINE,2008,N,SHEFFIELD AVE,1811,,,,,,,2,NO INDICATION OF INJURY,0,0,0,0,0,3,0,11,3,7,41.9184185509,-87.6535261004,POINT (-87.653526100358 41.91841855087)
155a21d216528f8f38ea6e9603452efdc9814baa9dcf917bb68b9b9b8392c0b859fc97d36bf7ac1c56ba63f6823f003b3f89fd6fd43cf510a06aff45a7935973,,07/22/2025 11:50:00 AM,20,NO CONTROLS,NO CONTROLS,CLEAR,DAYLIGHT,SIDESWIPE SAME DIRECTION,ONE-WAY,,STRAIGHT AND LEVEL,DRY,NO DEFECTS,NOT ON SCENE (DESK REPORT),NO INJURY / DRIVE AWAY,,,,"OVER $1,500",07/22/2025 12:05:00 PM,FAILING TO YIELD RIGHT-OF-WAY,UNABLE TO DETERMINE,1751,W,THORNDALE AVE,2012,,,,,,,2,NO INDICATION OF INJURY,0,0,0,0,0,2,0,11,3,7,41.9882411472,-87.6734978802,POINT (-87.673497880223 41.988241147184)
6cb7b148b212ca6f43d9c7f25c956e5ebc06a9902f8fdfd963b318b871ad8eecb0dbed80aca517f3d22f3471fc35dba531b01a0f9b4b59a7d1ee1b3e8a0ccdc2,,07/22/2025 11:45:00 AM,30,TRAFFIC SIGNAL,FUNCTIONING PROPERLY,CLEAR,DAYLIGHT,TURNING,CENTER TURN LANE,,STRAIGHT AND LEVEL,DRY,NO DEFECTS,ON SCENE,INJURY AND / OR TOW DUE TO CRASH,Y,,,"OVER $1,500",07/22/2025 11:48:00 AM,IMPROPER TURNING/NO SIGNAL,IMPROPER LANE USAGE,1800,S,UNION AVE,1235,,,,,,,2,NO INDICATION OF INJURY,0,0,0,0,0,2,0,11,3,7,41.8575308592,-87.6449286074,POINT (-87.644928607359 41.857530859236)
47895e9a6338fead63a177e0ef758bb29424c29ebb9d60ede664bb09030f16c2b06c1c14f7310854c80103e9b10d24f15baf03cbc9de1696414b8b7b21af80b1,,07/22/2025 11:29:00 AM,30,NO CONTROLS,NO CONTROLS,CLEAR,DAYLIGHT,SIDESWIPE SAME DIRECTION,NOT DIVIDED,,STRAIGHT AND LEVEL,DRY,NO DEFECTS,ON SCENE,NO INJURY / DRIVE AWAY,Y,,,"$501 - $1,500",07/22/2025 12:31:00 PM,UNABLE TO DETERMINE,UNABLE TO DETERMINE,8300,S,ASHLAND AVE,614,,,,,,,2,NO INDICATION OF INJURY,0,0,0,0,0,2,0,11,3,7,41.7429840898,-87.6633965553,POINT (-87.663396555268 41.742984089771)
0b2bb5dea44831bd27cd67fdd293580428ba986a3c6922f6444c99a81fa1f31d5d5bee545eec71c0483dbce1fdff54769c8a535f2e69cb171a56701c754275f5,,07/22/2025 11:21:00 AM,25,NO CONTROLS,NO CONTROLS,UNKNOWN,DAYLIGHT,PARKED MOTOR VEHICLE,PARKING LOT,,STRAIGHT AND LEVEL,UNKNOWN,UNKNOWN,NOT ON SCENE (DESK REPORT),NO INJURY / DRIVE AWAY,,,,$500 OR LESS,07/22/2025 02:20:00 PM,UNABLE TO DETERMINE,UNABLE TO DETERMINE,1543,E,87TH ST,412,,,,,,,2,NO INDICATION OF INJURY,0,0,0,0,0,1,0,11,3,7,41.7367954576,-87.5862725091,POINT (-87.586272509131 41.736795457643)
abb9ffeb240613f7be5f446bf1702aadf5fd4ee7310cb37398c3ec1603b2619026b0325f0bfbb330580f6a547e004da2d50bf9a3dc258488bd89346e20da109e,,07/22/2025 11:20:00 AM,15,NO CONTROLS,NO CONTROLS,CLEAR,DAYLIGHT,PARKED MOTOR VEHICLE,PARKING LOT,,STRAIGHT AND LEVEL,DRY,NO DEFECTS,NOT ON SCENE (DESK REPORT),NO INJURY / DRIVE AWAY,,Y,,"OVER $1,500",07/22/2025 06:50:00 PM,UNABLE TO DETERMINE,NOT APPLICABLE,1100,S,HAMILTON AVE,1225,Y,,,,,,2,NO INDICATION OF INJURY,0,0,0,0,0,1,0,11,3,7,41.867807964,-87.6804533191,POINT (-87.680453319056 41.867807963965)
e7983e2925cac1a18d8bd6c85a3443d938bfd7483bc6b27849ef23efb2f208983edf506352aa9b1e52ebcc3298d7cf346a2b8895fd687644be6a842ca112756f,,07/22/2025 11:17:00 AM,30,TRAFFIC SIGNAL,FUNCTIONING PROPERLY,CLEAR,DAYLIGHT,TURNING,NOT DIVIDED,,STRAIGHT AND LEVEL,DRY,NO DEFECTS,ON SCENE,INJURY AND / OR TOW DUE TO CRASH,Y,,,"OVER $1,500",07/22/2025 11:22:00 AM,FAILING TO YIELD RIGHT-OF-WAY,UNABLE TO DETERMINE,6358,N,HARLEM AVE,1612,,,,,,,2,NONINCAPACITATING INJURY,1,0,0,1,0,2,0,11,3,7,41.9969325597,-87.8069486302,POINT (-87.806948630241 41.996932559659)
85781f0c69533334f70983dd02de764f59393c1bd8f2cdd892383da2318c6659248989a2fc26f94a0b79f5938943f4263e646df274ec5b66ded7bd57d0f916e6,,07/22/2025 11:10:00 AM,30,NO CONTROLS,NO CONTROLS,CLEAR,DAYLIGHT,PARKED MOTOR VEHICLE,NOT DIVIDED,,STRAIGHT AND LEVEL,DRY,NO DEFECTS,NOT ON SCENE (DESK REPORT),NO INJURY / DRIVE AWAY,,,,"OVER $1,500",07/22/2025 11:35:00 AM,UNABLE TO DETERMINE,UNABLE TO DETERMINE,3700,N,WESTERN AVE,1921,,,,,,,2,NO INDICATION OF INJURY,0,0,0,0,0,1,0,11,3,7,41.9486368838,-87.6884575065,POINT (-87.688457506457 41.948636883802)
3e81f49665e3792b7b7bea2f8059565ad9435b73d9d27c24205c50cafce66c4d2f1cb06130ee94391511632891747360a964085aaa01aaf16e56db082a3ea76b,,07/22/2025 11:05:00 AM,30,TRAFFIC SIGNAL,FUNCTIONING PROPERLY,CLEAR,DAYLIGHT,REAR END,FOUR WAY,,STRAIGHT AND LEVEL,DRY,NO DEFECTS,NOT ON SCENE (DESK REPORT),NO INJURY / DRIVE AWAY,Y,,,"OVER $1,500",07/22/2025 11:30:00 AM,UNABLE TO DETERMINE,UNABLE TO DETERMINE,1601,W,PERSHING RD,924,,,,,,,2,NO INDICATION OF INJURY,0,0,0,0,0,2,0,11,3,7,41.8230372573,-87.6657037592,POINT (-87.665703759172 41.823037257322)