CRASH_RECORD_ID,CRASH_DATE_EST_I,CRASH_DATE,POSTED_SPEED_LIMIT,TRAFFIC_CONTROL_DEVICE,DEVICE_CONDITION,WEATHER_CONDITION,LIGHTING_CONDITION,FIRST_CRASH_TYPE,TRAFFICWAY_TYPE,LANE_CNT,ALIGNMENT,ROADWAY_SURFACE_COND,ROAD_DEFECT,REPORT_TYPE,CRASH_TYPE,INTERSECTION_RELATED_I,NOT_RIGHT_OF_WAY_I,HIT_AND_RUN_I,DAMAGE,DATE_POLICE_NOTIFIED,PRIM_CONTRIBUTORY_CAUSE,SEC_CONTRIBUTORY_CAUSE,STREET_NO,STREET_DIRECTION,STREET_NAME,BEAT_OF_OCCURRENCE,PHOTOS_TAKEN_I,STATEMENTS_TAKEN_I,DOORING_I,WORK_ZONE_I,WORK_ZONE_TYPE,WORKERS_PRESENT_I,NUM_UNITS,MOST_SEVERE_INJURY,INJURIES_TOTAL,INJURIES_FATAL,INJURIES_INCAPACITATING,INJURIES_NON_INCAPACITATING,INJURIES_REPORTED_NOT_EVIDENT,INJURIES_NO_INDICATION,INJURIES_UNKNOWN,CRASH_HOUR,CRASH_DAY_OF_WEEK,CRASH_MONTH,LATITUDE,LONGITUDE,LOCATION
3ea492235b1d47f9aa2dce7b9f4836caa23ca1084eca44cf13e4968098e486042beebb83883b27d49e6eb0a7ce5f51eb1a3ec25580d99402fb6bc77bc74c8683,,07/22/2025 11:00:00 AM,30,NO CONTROLS,NO CONTROLS,CLEAR,DAYLIGHT,PEDALCYCLIST,ALLEY,,STRAIGHT AND LEVEL,DRY,NO DEFECTS,ON SCENE,INJURY AND / OR TOW DUE TO CRASH,,,,"OVER $1,500",07/22/2025 11:00:00 AM,FAILING TO YIELD RIGHT-OF-WAY,FAILING TO YIELD RIGHT-OF-WAY,1728,W,73RD ST,735,,,,,,,2,NONINCAPACITATING INJURY,1,0,0,1,0,1,0,11,3,7,41.7613417765,-87.6673017068,POINT (-87.667301706784 41.76134177652)
91fb7884f5186d38e69150e30e0dd8456d98fb2b40e4e7305302d766b0de7c61ee75a6261d7e7a6ba3742578e1e765921fdf69077f3bc0c10c9ce2ce377d97f9,,07/22/2025 11:00:00 AM,35,TRAFFIC SIGNAL,FUNCTIONING PROPERLY,CLEAR,DAYLIGHT,REAR END,FOUR WAY,,STRAIGHT AND LEVEL,DRY,NO DEFECTS,NOT ON SCENE (DESK REPORT),NO INJURY / DRIVE AWAY,,,,"$501 - $1,500",07/22/2025 11:50:00 AM,IMPROPER BACKING,IMPROPER BACKING,1712,W,119TH ST,2234,,,,,,,2,NO INDICATION OF INJURY,0,0,0,0,0,2,0,11,3,7,41.677591065,-87.6644789983,POINT (-87.664478998257 41.677591065046)
3d10213d17ff41974ddd7b334e74b872f387b36091cb19d577a805df55345295ee375afca8126c88ae65d5426324265c1d52a2596ff336343d05b7f388ce50a8,,07/22/2025 10:58:00 AM,30,TRAFFIC SIGNAL,FUNCTIONING PROPERLY,CLEAR,DAYLIGHT,TURNING,FOUR WAY,,STRAIGHT AND LEVEL,DRY,NO DEFECTS,ON SCENE,INJURY AND / OR TOW DUE TO CRASH,,,,"OVER $1,500",07/22/2025 11:37:00 AM,FAILING TO YIELD RIGHT-OF-WAY,DISREGARDING OTHER TRAFFIC SIGNS,4241,W,PETERSON AVE,1711,,,,,,,2,NO INDICATION OF INJURY,0,0,0,0,0,5,0,10,3,7,41.9899412287,-87.7353597832,POINT (-87.735359783164 41.989941228672)
52a1364206c74d8007ed5245583220de41d15b69b03e0d72246295c3f0ad6b0fd72008d2c962d470b5be6e66e7783f7c59927222b23b3e1b1130225ce6c23b35,,07/22/2025 10:52:00 AM,30,NO CONTROLS,NO CONTROLS,CLEAR,DAYLIGHT,PARKED MOTOR VEHICLE,ONE-WAY,,STRAIGHT AND LEVEL,DRY,NO DEFECTS,NOT ON SCENE (DESK REPORT),NO INJURY / DRIVE AWAY,,,,"OVER $1,500",07/23/2025 09:45:00 AM,UNABLE TO DETERMINE,UNABLE TO DETERMINE,2822,W,MELROSE ST,1733,Y,,,,,,2,NO INDICATION OF INJURY,0,0,0,0,0,3,0,10,3,7,41.9403462533,-87.6987750334,POINT (-87.698775033353 41.940346253255)
83ef3a86a11878516fe307acce8b88783b8ea87ffde365c3784e0241a9c8eca1add6892d7f0be05531656fd867b8ea44e1b303b46abfe06973c3270b4e6cac6b,,07/22/2025 10:52:00 AM,5,NO CONTROLS,NO CONTROLS,CLEAR,DAYLIGHT,PARKED MOTOR VEHICLE,PARKING LOT,,STRAIGHT AND LEVEL,DRY,NO DEFECTS,ON SCENE,NO INJURY / DRIVE AWAY,,Y,,$500 OR LESS,07/22/2025 10:52:00 AM,UNABLE TO DETERMINE,NOT APPLICABLE,8301,S,HOLLAND RD,622,,,,,,,2,NO INDICATION OF INJURY,0,0,0,0,0,1,0,10,3,7,41.7434307741,-87.6318880347,POINT (-87.631888034664 41.743430774143)
5c37d653f74256cc26f9872681a1891a63c95b1923f6b8cf3311a30f2bf5be1fc55403df2a2613c3c1be3d57aa13828737051f03dd6bf54370821f5307babc4d,,07/22/2025 10:50:00 AM,25,NO CONTROLS,NO CONTROLS,UNKNOWN,UNKNOWN,PARKED MOTOR VEHICLE,OTHER,,STRAIGHT AND LEVEL,UNKNOWN,OTHER,NOT ON SCENE (DESK REPORT),NO INJURY / DRIVE AWAY,,,Y,$500 OR LESS,07/22/2025 01:25:00 PM,UNABLE TO DETERMINE,UNABLE TO DETERMINE,5541,S,HALSTED ST,711,,,,,,,2,NO INDICATION OF INJURY,0,0,0,0,0,1,0,10,3,7,41.7926785329,-87.6449711246,POINT (-87.644971124623 41.792678532908)
14a23ca24e416bd80dc9272d604d8093209b702daa798dd3fc6fd7dd20ad4c3eb57a11b4b0fcf72fbbe36e615c4c255452a423fca199315f6197525c1b92e318,,07/22/2025 10:46:00 AM,25,NO CONTROLS,NO CONTROLS,CLEAR,DAYLIGHT,TURNING,ONE-WAY,,STRAIGHT AND LEVEL,DRY,UNKNOWN,NOT ON SCENE (DESK REPORT),NO INJURY / DRIVE AWAY,,,Y,"OVER $1,500",07/22/2025 11:40:00 AM,FOLLOWING TOO CLOSELY,NOT APPLICABLE,7900,S,VERNON AVE,624,,,,,,,2,NO INDICATION OF INJURY,0,0,0,0,0,2,0,10,3,7,41.7510457019,-87.6138577197,POINT (-87.613857719748 41.751045701871)
8d8e05b974e931521f0099e3ad62000c7cad79a112c60dd82be072dd04b6ce7d1cfecf2e817c2a5a957560a0853567996d1b56d841471cab2a00cb1b96799d12,,07/22/2025 10:45:00 AM,30,STOP SIGN/FLASHER,FUNCTIONING PROPERLY,CLEAR,DAYLIGHT,ANGLE,NOT DIVIDED,,STRAIGHT AND LEVEL,DRY,NO DEFECTS,NOT ON SCENE (DESK REPORT),NO INJURY / DRIVE AWAY,,,,"$501 - $1,500",07/22/2025 01:15:00 PM,UNABLE TO DETERMINE,UNABLE TO DETERMINE,2411,S,WALLACE ST,914,,,,,,,2,NO INDICATION OF INJURY,0,0,0,0,0,2,0,10,3,7,41.8489451346,-87.6420905972,POINT (-87.642090597205 41.84894513462)
a56c9a7e5c01bab379abd5b2725f9dae39f80fa8190884636ed49b5f80a2a5f827e5a5c2cc6954d9511cb7cb3dfebb2b97c6d7d04a6f220bea17a2e66a41cc3e,,07/22/2025 10:43:00 AM,20,NO CONTROLS,NO CONTROLS,CLEAR,DAYLIGHT,REAR END,DIVIDED - W/MEDIAN BARRIER,,STRAIGHT AND LEVEL,DRY,NO DEFECTS,ON SCENE,INJURY AND / OR TOW DUE TO CRASH,,,Y,"OVER $1,500",07/22/2025 10:43:00 AM,UNABLE TO DETERMINE,HAD BEEN DRINKING (USE WHEN ARREST IS NOT MADE),1357,W,95TH ST,2213,,,,,,,2,"REPORTED, NOT EVIDENT",4,0,0,0,4,2,0,10,3,7,41.7211706992,-87.6576435762,POINT (-87.657643576188 41.721170699232)
71a8216e5bd8fc2c54d1f1892a76e6aa8f5d43b2711f6c5cafe93d807c78e8f2ec7cdcbcfa475bd2a35fa5e55bfd4ed2ccf711af5725da7864fa8e09a2001fe7,,07/22/2025 10:35:00 AM,30,NO CONTROLS,NO CONTROLS,CLEAR,DAYLIGHT,REAR END,DIVIDED - W/MEDIAN (NOT RAISED),,STRAIGHT AND LEVEL,DRY,UNKNOWN,ON SCENE,NO INJURY / DRIVE AWAY,,,,"OVER $1,500",07/22/2025 10:37:00 AM,FAILING TO REDUCE SPEED TO AVOID CRASH,FAILING TO REDUCE SPEED TO AVOID CRASH,5259,W,GRAND AVE,2515,,,,,,,3,NO INDICATION OF INJURY,0,0,0,0,0,8,0,10,3,7,41.9172390449,-87.758174255,POINT (-87.758174255016 41.917239044898)
6f20b4b593c2a78811d1039f26d895e8914a80215981a6b6024d2f2a6fa125f9d9ffb5ed8abba784a893089a9ee773e0ba2756c1b73f4fa39a9d833be7df3263,,07/22/2025 10:32:00 AM,15,NO CONTROLS,NO CONTROLS,CLEAR,DAYLIGHT,PARKED MOTOR VEHICLE,OTHER,,STRAIGHT AND LEVEL,UNKNOWN,UNKNOWN,NOT ON SCENE (DESK REPORT),NO INJURY / DRIVE AWAY,,Y,Y,"OVER $1,500",07/22/2025 12:01:00 PM,UNABLE TO DETERMINE,NOT APPLICABLE,5438,S,CENTRAL AVE,811,,,,N,,,2,NO INDICATION OF INJURY,0,0,0,0,0,1,0,10,3,7,41.7933834007,-87.7624679001,POINT (-87.762467900117 41.793383400688)
186329b6aea20033f6a22ad02c6dfff3eb1d514e40e7a295cf6047bfb2f6b872d70db87f15fefa669059b21c6a72facb8671f9b5d7cac411097a0acbc02f6dae,,07/22/2025 10:30:00 AM,30,NO CONTROLS,NO CONTROLS,CLEAR,DAYLIGHT,PARKED MOTOR VEHICLE,PARKING LOT,,STRAIGHT AND LEVEL,DRY,NO DEFECTS,NOT ON SCENE (DESK REPORT),NO INJURY / DRIVE AWAY,,,Y,"$501 - $1,500",08/05/2025 10:00:00 AM,UNABLE TO DETERMINE,UNABLE TO DETERMINE,1214,W,LOYOLA AVE,2432,,,,,,,2,NO INDICATION OF INJURY,0,0,0,0,0,1,0,10,3,7,42.00128682,-87.6613225432,POINT (-87.661322543177 42.001286819972)
57f63d0645c392ac233309efd9d746c890a5a4e2dc309f7e286cb0620dbe7a84946ab42d1847979ea4ff70837c8aef357aa81d2071e064742c09143fba2ea4b7,,07/22/2025 10:30:00 AM,30,NO CONTROLS,NO CONTROLS,UNKNOWN,UNKNOWN,PARKED MOTOR VEHICLE,DIVIDED - W/MEDIAN (NOT RAISED),,STRAIGHT AND LEVEL,UNKNOWN,UNKNOWN,NOT ON SCENE (DESK REPORT),NO INJURY / DRIVE AWAY,,,,"OVER $1,500",07/22/2025 02:15:00 PM,IMPROPER BACKING,IMPROPER BACKING,1302,S,KILBOURN AVE,1011,,,,,,,2,NO INDICATION OF INJURY,0,0,0,0,0,2,0,10,3,7,41.8640490809,-87.7374831991,POINT (-87.737483199107 41.86404908085)
b41f011f6205168c01e6aefdc9caa5be10a5ff9167450a8c672375c74d2dbbd954a4ae3cf33225244deb99f4573414462599e4f4de04be3a4b579e324b7e0f5a,,07/22/2025 10:27:00 AM,30,TRAFFIC SIGNAL,FUNCTIONING PROPERLY,CLEAR,DAYLIGHT,SIDESWIPE SAME DIRECTION,NOT DIVIDED,,STRAIGHT AND LEVEL,DRY,NO DEFECTS,ON SCENE,INJURY AND / OR TOW DUE TO CRASH,Y,,,"OVER $1,500",07/22/2025 10:29:00 AM,IMPROPER OVERTAKING/PASSING,UNABLE TO DETERMINE,1755,W,ARMITAGE AVE,1433,,,,,,,2,NO INDICATION OF INJURY,0,0,0,0,0,2,0,10,3,7,41.9177486623,-87.6723102051,POINT (-87.672310205051 41.917748662254)
e2c28228b55c769ed8c8102a2c763c01cecd82ce3aeed0ea207b2f7654ad9afd0eb725f32814a37ccfff98092598dae481fbee1bd620a3b1cbb6a3d210bdbfb5,,07/22/2025 10:06:00 AM,25,STOP SIGN/FLASHER,FUNCTIONING PROPERLY,CLEAR,DAYLIGHT,ANGLE,T-INTERSECTION,,STRAIGHT AND LEVEL,DRY,NO DEFECTS,NOT ON SCENE (DESK REPORT),NO INJURY / DRIVE AWAY,Y,,,"OVER $1,500",07/22/2025 12:02:00 PM,FAILING TO YIELD RIGHT-OF-WAY,FAILING TO REDUCE SPEED TO AVOID CRASH,1431,E,87TH ST,412,,,,,,,2,NO INDICATION OF INJURY,0,0,0,0,0,2,0,10,3,7,41.7367533646,-87.5893899571,POINT (-87.589389957123 41.736753364581)
086ccf0e9dba4f20e0bdae43f0af7641302c8d069e5bbff784d42b66f344215169fa67a5610cf2bddd7acd9f8e2b540010c0007e37975b555bf412548955ba0e,,07/22/2025 10:04:00 AM,30,TRAFFIC SIGNAL,FUNCTIONING PROPERLY,CLEAR,DAYLIGHT,TURNING,FOUR WAY,,STRAIGHT AND LEVEL,DRY,NO DEFECTS,ON SCENE,INJURY AND / OR TOW DUE TO CRASH,,,Y,"OVER $1,500",07/22/2025 10:15:00 AM,DRIVING ON WRONG SIDE/WRONG WAY,FAILING TO YIELD RIGHT-OF-WAY,3456,W,ADDISON ST,1732,,,,,,,3,NO INDICATION OF INJURY,0,0,0,0,0,3,0,10,3,7,41.946638988,-87.7150278486,POINT (-87.715027848635 41.946638988015)
14b32d4b7c7d504cd414a7c4709e5729ad6381cd4a258c4a39176406e1ccbf62e313a33a3ed26bd3ff76207e9c3caccc3e806507acfbf20366a0378eb6c0766a,,07/22/2025 10:04:00 AM,30,NO CONTROLS,NO CONTROLS,CLEAR,DAYLIGHT,SIDESWIPE SAME DIRECTION,DIVIDED - W/MEDIAN BARRIER,,STRAIGHT AND LEVEL,UNKNOWN,UNKNOWN,NOT ON SCENE (DESK REPORT),NO INJURY / DRIVE AWAY,,,,"OVER $1,500",07/22/2025 10:20:00 AM,UNABLE TO DETERMINE,UNABLE TO DETERMINE,512,S,ASHLAND AVE,1231,,,,Y,CONSTRUCTION,,2,NO INDICATION OF INJURY,0,0,0,0,0,3,0,10,3,7,41.8747742757,-87.6667612735,POINT (-87.666761273475 41.874774275703)
d65c49e4f78528afb74f0a2fa9f84f94ba923997ed4e8d754403cf2ae2e09ed094b44684340d2a73d35d8916ff1ffcca6823ac5914c574c608070093f4bb1630,,07/22/2025 09:50:00 AM,30,UNKNOWN,UNKNOWN,UNKNOWN,DAYLIGHT,SIDESWIPE SAME DIRECTION,DIVIDED - W/MEDIAN (NOT RAISED),,STRAIGHT AND LEVEL,UNKNOWN,UNKNOWN,NOT ON SCENE (DESK REPORT),NO INJURY / DRIVE AWAY,,,,"$501 - $1,500",07/22/2025 08:05:00 PM,UNABLE TO DETERMINE,NOT APPLICABLE,7061,N,KEDZIE AVE,2411,,,,,,,2,NO INDICATION OF INJURY,0,0,0,0,0,2,0,9,3,7,42.010018661,-87.709056552,POINT (-87.709056551967 42.010018660983)
d01a6316af4ce86a34eb2a790d526044d019a63aa3e3b6738ae055cf1da5004b11cd91bd1f25a427708197f754b90294ef7b5dda901b0dc8ddab4dbf89de1cfc,,07/22/2025 09:40:00 AM,30,NO CONTROLS,NO CONTROLS,CLEAR,DAYLIGHT,REAR END,NOT DIVIDED,,STRAIGHT AND LEVEL,DRY,NO DEFECTS,NOT ON SCENE (DESK REPORT),NO INJURY / DRIVE AWAY,,,Y,$500 OR LESS,07/22/2025 09:43:00 AM,UNABLE TO DETERMINE,UNABLE TO DETERMINE,13000,S,TORRENCE AVE,434,,,,,,,2,NO INDICATION OF INJURY,0,0,0,0,0,4,0,9,3,7,41.6591261899,-87.5594327419,POINT (-87.559432741943 41.659126189932)
847c58346f31f7879bcbe708907398c540e41f4131afaeedd777e5437d31c03f929deb40a010567217e92dc210125bf8782bbe47a69bce6da7f7083b51f88b5b,,07/22/2025 09:38:00 AM,15,UNKNOWN,UNKNOWN,CLEAR,DAYLIGHT,FIXED OBJECT,NOT DIVIDED,,STRAIGHT AND LEVEL,DRY,UNKNOWN,ON SCENE,NO INJURY / DRIVE AWAY,,,,$500 OR LESS,07/22/2025 09:40:00 AM,IMPROPER BACKING,IMPROPER BACKING,710,W,SCHILLER ST,1822,,,,,,,1,NO INDICATION OF INJURY,0,0,0,0,0,1,0,9,3,7,41.907584841,-87.6465961372,POINT (-87.646596137174 41.90758484098)
ca34c6ccc56836fad3e06669d39256a5fddf1b9e0c2a6b2bab9a28c070850e2be384864a16715f1f09695387163899443710d687ba97706bf8cbc6c6867b8dd0,,07/22/2025 09:35:00 AM,30,TRAFFIC SIGNAL,FUNCTIONING PROPERLY,CLEAR,DAYLIGHT,REAR END,FOUR WAY,,STRAIGHT AND LEVEL,DRY,NO DEFECTS,NOT ON SCENE (DESK REPORT),NO INJURY / DRIVE AWAY,Y,,,"OVER $1,500",07/22/2025 11:00:00 AM,FAILING TO YIELD RIGHT-OF-WAY,DISTRACTION - FROM INSIDE VEHICLE,328,S,PAULINA ST,1231,,,,,,,2,NO INDICATION OF INJURY,0,0,0,0,0,4,0,9,3,7,41.8766779972,-87.6693130918,POINT (-87.669313091829 41.876677997168)
fc784f8a6ffd896ac6516ee3acea8fa6ab63d74c29b3a178dc98aaedb6346b09a589e1e6783139cf7818081928504d9149c1d754dddae91ef4841f59dd43768a,,07/22/2025 09:33:00 AM,30,TRAFFIC SIGNAL,FUNCTIONING PROPERLY,CLEAR,DAYLIGHT,TURNING,FOUR WAY,,STRAIGHT AND LEVEL,DRY,NO DEFECTS,ON SCENE,NO INJURY / DRIVE AWAY,Y,,,"OVER $1,500",07/22/2025 09:33:00 AM,IMPROPER TURNING/NO SIGNAL,TURNING RIGHT ON RED,3100,S,CENTRAL PARK AVE,1032,,,,,,,2,NO INDICATION OF INJURY,0,0,0,0,0,2,0,9,3,7,41.8369653642,-87.7147391421,POINT (-87.714739142055 41.836965364198)
a0febdaa3566162eab901370e4fb578d7146a8fc6ab5cd3e32c37316584502361f4c4dfea2332a504e7942ca2675dac88c5927469d1195f820b31e6c7d5805eb,,07/22/2025 09:30:00 AM,30,TRAFFIC SIGNAL,FUNCTIONING PROPERLY,CLEAR,DAYLIGHT,TURNING,NOT DIVIDED,,STRAIGHT AND LEVEL,DRY,NO DEFECTS,NOT ON SCENE (DESK REPORT),NO INJURY / DRIVE AWAY,N,,Y,"OVER $1,500",07/22/2025 09:50:00 AM,FOLLOWING TOO CLOSELY,NOT APPLICABLE,5330,W,LAWRENCE AVE,1623,,,,,,,2,NO INDICATION OF INJURY,0,0,0,0,0,2,0,9,3,7,41.9679842168,-87.7606809303,POINT (-87.76068093034 41.967984216753)
c10aa97a1ed2e09020528bebdd1009edebbfaa46220cbd83e61efbcb79eadac63c5418b9faec6ff0ab89b9e6ab48b1fd055b40fcbc4925c9588301b12f16e89b,,07/22/2025 09:30:00 AM,15,NO CONTROLS,NO CONTROLS,CLEAR,DAYLIGHT,PARKED MOTOR VEHICLE,ALLEY,,STRAIGHT AND LEVEL,DRY,NO DEFECTS,NOT ON SCENE (DESK REPORT),NO INJURY / DRIVE AWAY,,,,"OVER $1,500",07/22/2025 10:00:00 AM,FAILING TO REDUCE SPEED TO AVOID CRASH,FAILING TO REDUCE SPEED TO AVOID CRASH,1408,S,EMERALD AVE,1232,,,,,,,2,NO INDICATION OF INJURY,0,0,0,0,0,1,0,9,3,7,41.8632907358,-87.6457904482,POINT (-87.645790448188 41.863290735816)
8ae15418e57fc516aee02f2f44f153acb5fb4db06680187c97a8b6647b3a8acaaa1177d8fa8381daf2f8926fe4658ff0f5b05d90acd9aaf620d576b1290e4d8e,,07/22/2025 09:23:00 AM,25,UNKNOWN,UNKNOWN,CLEAR,DAYLIGHT,REAR END,DIVIDED - W/MEDIAN (NOT RAISED),,STRAIGHT AND LEVEL,DRY,NO DEFECTS,NOT ON SCENE (DESK REPORT),NO INJURY / DRIVE AWAY,,,,"OVER $1,500",07/24/2025 07:20:00 AM,UNABLE TO DETERMINE,UNABLE TO DETERMINE,2001,N,MILWAUKEE AVE,1431,,,,,,,2,NO INDICATION OF INJURY,0,0,0,0,0,2,0,9,3,7,41.9176669443,-87.6885341826,POINT (-87.68853418258 41.917666944263)
05d2a59a18636e7620cd4b6b4b500af9b7df397ed5be70cdceec48a3c2af6ebb6efb999492c6bacc95544cc5f35485613a163cfd47214d5173c4d64c3a050fe3,,07/22/2025 09:16:00 AM,30,UNKNOWN,FUNCTIONING PROPERLY,CLEAR,DAYLIGHT,SIDESWIPE SAME DIRECTION,DIVIDED - W/MEDIAN (NOT RAISED),,STRAIGHT AND LEVEL,DRY,UNKNOWN,ON SCENE,NO INJURY / DRIVE AWAY,,,Y,$500 OR LESS,07/22/2025 09:16:00 AM,UNABLE TO DETERMINE,UNABLE TO DETERMINE,2522,N,WESTERN AVE,1431,,,,,,,2,NO INDICATION OF INJURY,0,0,0,0,0,3,0,9,3,7,41.9271583338,-87.6878674303,POINT (-87.687867430259 41.927158333827)
2501059103f942e544a0fcb9b3ca4c5a1e55f1d1fd8d8c298a2868500ddaba52097f197a14007e982a53a781b69a00ad1fd1e75a20709e8ba5138f98dff204e4,,07/22/2025 09:15:00 AM,30,TRAFFIC SIGNAL,FUNCTIONING PROPERLY,CLEAR,DAYLIGHT,TURNING,OTHER,,STRAIGHT AND LEVEL,DRY,NO DEFECTS,NOT ON SCENE (DESK REPORT),NO INJURY / DRIVE AWAY,Y,,,"OVER $1,500",07/22/2025 11:25:00 AM,UNABLE TO DETERMINE,PHYSICAL CONDITION OF DRIVER,3100,W,PETERSON AVE,2413,,,,,,,2,NO INDICATION OF INJURY,0,0,0,0,0,2,0,9,3,7,41.9905081606,-87.7067186782,POINT (-87.706718678176 41.9905081606)
d02642119bc26ed07b2e2c263c113539823b4b3a79c7fa311e1bb2cd535cb184f98687276ba073df0667ceeb73af60fde5732ac9206324300297462eec7d6155,N,07/22/2025 09:10:00 AM,30,TRAFFIC SIGNAL,FUNCTIONING PROPERLY,CLEAR,DAYLIGHT,SIDESWIPE SAME DIRECTION,NOT DIVIDED,,STRAIGHT AND LEVEL,DRY,NO DEFECTS,ON SCENE,NO INJURY / DRIVE AWAY,Y,,Y,$500 OR LESS,07/22/2025 09:27:00 AM,UNABLE TO DETERMINE,NOT APPLICABLE,1498,W,FOSTER AVE,2013,,,,,,,2,NO INDICATION OF INJURY,0,0,0,0,0,2,0,9,3,7,41.9763039891,-87.668237702,POINT (-87.668237702002 41.976303989094)
0f4f0f1556570e3c440f0df869ff0351ee5c341a10a9559383d2c533a63a62cea86a824348ccb0365d4d2c46759dec948259454e41f8978209429400939a3551,,07/22/2025 09:00:00 AM,30,NO CONTROLS,NO CONTROLS,CLEAR,DAYLIGHT,FIXED OBJECT,ONE-WAY,,STRAIGHT AND LEVEL,DRY,NO DEFECTS,NOT ON SCENE (DESK REPORT),NO INJURY / DRIVE AWAY,,,,"OVER $1,500",07/22/2025 02:24:00 PM,DRIVING SKILLS/KNOWLEDGE/EXPERIENCE,UNABLE TO DETERMINE,1747,N,SPRINGFIELD AVE,2535,,,,,,,1,NO INDICATION OF INJURY,0,0,0,0,0,1,0,9,3,7,41.9130520002,-87.7238378311,POINT (-87.723837831148 41.913052000234)
22b4a887bf2c3f1490b3d1c8ca7f501a67b477f0090549716cfda9f9f614b26e10da19d9346cbd991a508f1b6c9e14ac312b02759efa4bdc775ee825772fab3d,,07/22/2025 09:00:00 AM,35,NO CONTROLS,NO CONTROLS,CLEAR,DAYLIGHT,SIDESWIPE SAME DIRECTION,NOT DIVIDED,,STRAIGHT AND LEVEL,DRY,UNKNOWN,NOT ON SCENE (DESK REPORT),NO INJURY / DRIVE AWAY,,,,"OVER $1,500",07/22/2025 09:40:00 AM,NOT APPLICABLE,NOT APPLICABLE,3204,W,25TH ST,1024,,,,,,,2,NO INDICATION OF INJURY,0,0,0,0,0,2,0,9,3,7,41.8464346656,-87.7053448166,POINT (-87.705344816627 41.846434665588)
370d1da9842d3d7e4e33f3939dd7da557b94b8ff53e356bd89006362c7b284b5a1193a9470933b7bf9ba238c01a905a3aae6fc835c2d68291fb8ecccb5360c35,,07/22/2025 09:00:00 AM,30,NO CONTROLS,NO CONTROLS,CLEAR,DAYLIGHT,REAR END,DIVIDED - W/MEDIAN (NOT RAISED),,STRAIGHT AND LEVEL,DRY,NO DEFECTS,NOT ON SCENE (DESK REPORT),NO INJURY / DRIVE AWAY,,,Y,"OVER $1,500",07/22/2025 09:25:00 AM,UNABLE TO DETERMINE,UNABLE TO DETERMINE,13000,S,DOTY AVE E,434,,,,,,,2,NO INDICATION OF INJURY,0,0,0,0,0,6,0,9,3,7,41.6610078086,-87.5860817366,POINT (-87.586081736631 41.661007808554)
a2ccfe0cbcaf5ae6e199292bdcae962616d941b183be088af171f4191af3506bc0ec26a22eac0ef2d1cfb9ce8025b8f8798babee955d8aa8263a5ddab8587cd6,Y,07/22/2025 09:00:00 AM,30,NO CONTROLS,NO CONTROLS,CLEAR,DAYLIGHT,PARKED MOTOR VEHICLE,NOT DIVIDED,,STRAIGHT AND LEVEL,DRY,NO DEFECTS,ON SCENE,NO INJURY / DRIVE AWAY,,,Y,"OVER $1,500",07/22/2025 01:35:00 PM,UNABLE TO DETERMINE,NOT APPLICABLE,2028,S,WOLCOTT AVE,1234,,Y,,,,,2,NO INDICATION OF INJURY,0,0,0,0,0,1,0,9,3,7,41.8540695823,-87.6735900088,POINT (-87.673590008818 41.854069582264)
a8f9c45496a2f45370946c7fdae61f022865ffbb85afe57467a5ad7d45ed4ce7aa1b70329a089370e7ec20cfdd8e281fb2f9df065fb3c8886df3bc618d813b22,,07/22/2025 09:00:00 AM,35,NO CONTROLS,NO CONTROLS,CLEAR,DAYLIGHT,REAR END,NOT DIVIDED,,STRAIGHT AND LEVEL,DRY,NO DEFECTS,NOT ON SCENE (DESK REPORT),NO INJURY / DRIVE AWAY,,,,"$501 - $1,500",07/26/2025 02:30:00 PM,UNABLE TO DETERMINE,NOT APPLICABLE,2650,W,DIVERSEY AVE,1411,,,,,,,2,NO INDICATION OF INJURY,0,0,0,0,0,2,0,9,3,7,41.9322223888,-87.6945875864,POINT (-87.69458758641 41.932222388791)
c8e8edb51cad766f0ae407664952a3da6c28c896b6abd53a089ea6ae9813c91c4690cb6656d96e1ef6ea561ab05f157993c4897645335fe9d7237f22ccef4445,,07/22/2025 09:00:00 AM,30,NO CONTROLS,NO CONTROLS,CLEAR,DAYLIGHT,PARKED MOTOR VEHICLE,NOT DIVIDED,,STRAIGHT AND LEVEL,DRY,NO DEFECTS,NOT ON SCENE (DESK REPORT),NO INJURY / DRIVE AWAY,,,Y,"$501 - $1,500",07/23/2025 02:10:00 PM,UNABLE TO DETERMINE,NOT APPLICABLE,3258,N,HARLEM AVE,1631,,,,,,,2,NO INDICATION OF INJURY,0,0,0,0,0,1,0,9,3,7,41.9397186942,-87.8069556192,POINT (-87.806955619245 41.939718694207)
0f135e25dbbaeacfd2f0f90443c2e68365bfebdf21104c22a16e4cbc9428a31b5d736adde91ba2b1a95a4c5a99e75cfdf1513d1250f1ce6519809eddfb1b1b3b,,07/22/2025 08:56:00 AM,30,NO CONTROLS,NO CONTROLS,UNKNOWN,UNKNOWN,SIDESWIPE SAME DIRECTION,DIVIDED - W/MEDIAN BARRIER,,STRAIGHT AND LEVEL,UNKNOWN,UNKNOWN,NOT ON SCENE (DESK REPORT),NO INJURY / DRIVE AWAY,,,Y,"OVER $1,500",07/22/2025 06:15:00 PM,FOLLOWING TOO CLOSELY,FOLLOWING TOO CLOSELY,355,N,ASHLAND AVE,1215,,,,,,,2,NO INDICATION OF INJURY,0,0,0,0,0,2,0,8,3,7,41.8880744312,-87.6669108987,POINT (-87.666910898668 41.888074431241)