CRASH_RECORD_ID,CRASH_DATE_EST_I,CRASH_DATE,POSTED_SPEED_LIMIT,TRAFFIC_CONTROL_DEVICE,DEVICE_CONDITION,WEATHER_CONDITION,LIGHTING_CONDITION,FIRST_CRASH_TYPE,TRAFFICWAY_TYPE,LANE_CNT,ALIGNMENT,ROADWAY_SURFACE_COND,ROAD_DEFECT,REPORT_TYPE,CRASH_TYPE,INTERSECTION_RELATED_I,NOT_RIGHT_OF_WAY_I,HIT_AND_RUN_I,DAMAGE,DATE_POLICE_NOTIFIED,PRIM_CONTRIBUTORY_CAUSE,SEC_CONTRIBUTORY_CAUSE,STREET_NO,STREET_DIRECTION,STREET_NAME,BEAT_OF_OCCURRENCE,PHOTOS_TAKEN_I,STATEMENTS_TAKEN_I,DOORING_I,WORK_ZONE_I,WORK_ZONE_TYPE,WORKERS_PRESENT_I,NUM_UNITS,MOST_SEVERE_INJURY,INJURIES_TOTAL,INJURIES_FATAL,INJURIES_INCAPACITATING,INJURIES_NON_INCAPACITATING,INJURIES_REPORTED_NOT_EVIDENT,INJURIES_NO_INDICATION,INJURIES_UNKNOWN,CRASH_HOUR,CRASH_DAY_OF_WEEK,CRASH_MONTH,LATITUDE,LONGITUDE,LOCATION
5c3ab3acbff39ae870c8521a9ba02b3c52486184832f05a9d2db794bdee14114606b14119391bee7aca47ffb6960ee75ecd44afacfa5bf66cdb32b8fd5aef42d,,07/22/2025 08:50:00 AM,30,NO CONTROLS,NO CONTROLS,CLEAR,DAYLIGHT,REAR END,DIVIDED - W/MEDIAN (NOT RAISED),,STRAIGHT AND LEVEL,DRY,NO DEFECTS,NOT ON SCENE (DESK REPORT),NO INJURY / DRIVE AWAY,,,Y,"OVER $1,500",07/22/2025 12:30:00 PM,UNABLE TO DETERMINE,UNABLE TO DETERMINE,3347,W,GRAND AVE,1121,,,,,,,2,NO INDICATION OF INJURY,0,0,0,0,0,2,0,8,3,7,41.8996827837,-87.7104102595,POINT (-87.710410259511 41.899682783666)
ef5728d05da0affeb346fd0c8baf9b7b0797d3183064c6a94981e6b3dc3c1fa619408588322287c19332512e8f25175ea23bebfae90394dd27e99b35e7d237f6,,07/22/2025 08:50:00 AM,30,NO CONTROLS,NO CONTROLS,CLEAR,DAYLIGHT,SIDESWIPE SAME DIRECTION,NOT DIVIDED,,STRAIGHT AND LEVEL,DRY,NO DEFECTS,ON SCENE,NO INJURY / DRIVE AWAY,,,Y,"OVER $1,500",07/22/2025 08:56:00 AM,FAILING TO YIELD RIGHT-OF-WAY,NOT APPLICABLE,4301,W,FULLERTON AVE,2522,,,,,,,2,NO INDICATION OF INJURY,0,0,0,0,0,2,0,8,3,7,41.9242857667,-87.7341769354,POINT (-87.734176935417 41.924285766737)
f12d8968efbdf9f181534e8ff73a567bc1653acd44adb7d605bb876fb5d43371b75a597b16014383552991f657aad68eba552ce59e2386c331cdb179b6ec7ac6,,07/22/2025 08:50:00 AM,30,NO CONTROLS,NO CONTROLS,CLEAR,DAYLIGHT,REAR END,NOT DIVIDED,,STRAIGHT AND LEVEL,DRY,NO DEFECTS,NOT ON SCENE (DESK REPORT),NO INJURY / DRIVE AWAY,,,,$500 OR LESS,07/22/2025 09:05:00 AM,FOLLOWING TOO CLOSELY,FOLLOWING TOO CLOSELY,820,W,CHICAGO AVE,1213,,,,,,,2,NO INDICATION OF INJURY,0,0,0,0,0,2,0,8,3,7,41.8964946998,-87.6487312745,POINT (-87.64873127447 41.896494699815)
6fb0f6dae2ded4d80e940e39758377b3dac065706ce9d7b4f1d68186ab92402d5ec217b5c6d344b98fffda9bf26177840ef6c8749e638a39eef85f1ab233a027,,07/22/2025 08:48:00 AM,30,TRAFFIC SIGNAL,FUNCTIONING PROPERLY,CLEAR,DAYLIGHT,PEDALCYCLIST,DIVIDED - W/MEDIAN (NOT RAISED),,STRAIGHT ON GRADE,DRY,NO DEFECTS,NOT ON SCENE (DESK REPORT),INJURY AND / OR TOW DUE TO CRASH,Y,,,"$501 - $1,500",07/22/2025 08:53:00 AM,UNABLE TO DETERMINE,FAILING TO YIELD RIGHT-OF-WAY,700,W,TAYLOR ST,124,,Y,,,,,2,INCAPACITATING INJURY,1,0,1,0,0,1,0,8,3,7,41.8698052221,-87.6437763018,POINT (-87.643776301838 41.869805222061)
7d6ff2f340e6c61e3b572050a64ab0330648901d4a9eebed72b22050b9e52af00872532bf20bab1a44ec8ed25526996ab9935a5812698810df3d192496c75ace,,07/22/2025 08:45:00 AM,30,UNKNOWN,UNKNOWN,UNKNOWN,UNKNOWN,SIDESWIPE SAME DIRECTION,DIVIDED - W/MEDIAN (NOT RAISED),,STRAIGHT AND LEVEL,UNKNOWN,UNKNOWN,NOT ON SCENE (DESK REPORT),NO INJURY / DRIVE AWAY,,,,"OVER $1,500",07/23/2025 09:15:00 AM,UNABLE TO DETERMINE,UNABLE TO DETERMINE,4701,S,WENTWORTH AVE,224,,,,,,,2,NO INDICATION OF INJURY,0,0,0,0,0,2,0,8,3,7,41.8090525862,-87.6307401664,POINT (-87.630740166434 41.809052586195)
c71a7120cb045cc12c494953cd4aec5bfaa9675584214bfb191f518dd14509e156a020cd3346dfaf1e4849fa91c316cab8cfd80f90e5883db1778d50b5da0f60,,07/22/2025 08:45:00 AM,30,TRAFFIC SIGNAL,FUNCTIONING PROPERLY,CLEAR,DAYLIGHT,REAR END,NOT DIVIDED,,STRAIGHT AND LEVEL,DRY,NO DEFECTS,NOT ON SCENE (DESK REPORT),NO INJURY / DRIVE AWAY,,,,"OVER $1,500",07/22/2025 09:30:00 AM,FOLLOWING TOO CLOSELY,NOT APPLICABLE,3130,W,FOSTER AVE,1712,,,,,,,2,NO INDICATION OF INJURY,0,0,0,0,0,7,0,8,3,7,41.9758652771,-87.7075235942,POINT (-87.707523594215 41.975865277123)
7dc8b6a4c69509a78506d2d90e840f70123a591d72645d4611f4f7915935e12ff923dfc8971c724270d8404895a7f3a93029fe026fc47f860f1b2e317b91ae9a,,07/22/2025 08:41:00 AM,30,STOP SIGN/FLASHER,NO CONTROLS,CLEAR,DAYLIGHT,SIDESWIPE SAME DIRECTION,NOT DIVIDED,,STRAIGHT AND LEVEL,DRY,NO DEFECTS,ON SCENE,INJURY AND / OR TOW DUE TO CRASH,,,,"OVER $1,500",07/22/2025 08:42:00 AM,IMPROPER OVERTAKING/PASSING,NOT APPLICABLE,138,N,LARAMIE AVE,1523,,Y,,,,,3,"REPORTED, NOT EVIDENT",1,0,0,0,1,2,0,8,3,7,41.8834917639,-87.7553259751,POINT (-87.755325975054 41.883491763861)
38bd8f69daab770f9456790805ae4074e0c27e207f49539b05fd6dcf9c53a142806621a3024ade3041056f4ce8c4f41e554db80514de8adc23d49747d2556dd3,,07/22/2025 08:40:00 AM,30,TRAFFIC SIGNAL,FUNCTIONING PROPERLY,CLEAR,DAYLIGHT,REAR END,ONE-WAY,,STRAIGHT AND LEVEL,DRY,NO DEFECTS,NOT ON SCENE (DESK REPORT),NO INJURY / DRIVE AWAY,,,,"OVER $1,500",07/22/2025 07:00:00 PM,FOLLOWING TOO CLOSELY,FOLLOWING TOO CLOSELY,4700,S,WENTWORTH AVE,224,,,,,,,2,NO INDICATION OF INJURY,0,0,0,0,0,2,0,8,3,7,41.8090824366,-87.6310308737,POINT (-87.63103087365 41.809082436649)
234cae83e33b104261462888b55592f00340f8bccf80a0d3db4bfdfe307d0a6be765af2c06f4ebc602a0ec8d49dfb22f5e0adbeb9d614cef5cb6b27c42fb2299,,07/22/2025 08:38:00 AM,30,TRAFFIC SIGNAL,FUNCTIONING PROPERLY,CLEAR,DAYLIGHT,TURNING,NOT DIVIDED,,STRAIGHT AND LEVEL,DRY,NO DEFECTS,ON SCENE,INJURY AND / OR TOW DUE TO CRASH,Y,,,"OVER $1,500",07/23/2025 08:48:00 AM,IMPROPER OVERTAKING/PASSING,UNABLE TO DETERMINE,2009,W,NORTH AVE,1424,,,,,,,2,NO INDICATION OF INJURY,0,0,0,0,0,3,0,8,3,7,41.9103638642,-87.6779906861,POINT (-87.677990686084 41.910363864158)
de42694c2fe47a470f8a07724f6c8e4261f6e8cc78251ba4377266c2d225d2e629483b42d68e31aacb24bdda31e85dc05ac8b8edc2b34a05ca83f1771c960edd,,07/22/2025 08:35:00 AM,30,NO CONTROLS,NO CONTROLS,CLEAR,DAYLIGHT,SIDESWIPE SAME DIRECTION,RAMP,,STRAIGHT ON GRADE,DRY,NO DEFECTS,NOT ON SCENE (DESK REPORT),NO INJURY / DRIVE AWAY,,,,"OVER $1,500",07/22/2025 09:30:00 AM,UNABLE TO DETERMINE,NOT APPLICABLE,550,E,GRAND AVE,1834,,,,,,,2,NO INDICATION OF INJURY,0,0,0,0,0,3,0,8,3,7,41.8920636011,-87.6125337239,POINT (-87.612533723924 41.892063601122)
ece46f9c42b5bca5d77fafba9b38cb71d14f17cff82afd62ea5a0d6a190e2780e4ff2ee0c214c503fcba4d926dd6bab7ad651d057c46ee51a6b68cdebdaac4e7,,07/22/2025 08:35:00 AM,30,TRAFFIC SIGNAL,FUNCTIONING PROPERLY,CLEAR,DAYLIGHT,ANGLE,FOUR WAY,,STRAIGHT AND LEVEL,DRY,NO DEFECTS,ON SCENE,INJURY AND / OR TOW DUE TO CRASH,Y,,,"OVER $1,500",07/22/2025 08:37:00 AM,FAILING TO YIELD RIGHT-OF-WAY,NOT APPLICABLE,6900,S,STONY ISLAND AVE,332,,,,,,,2,NONINCAPACITATING INJURY,1,0,0,1,0,1,0,8,3,7,41.7696498146,-87.5863831101,POINT (-87.586383110145 41.769649814616)
f9a35cfddf80dbabea26e6ee7e5fee841fc254b8cbfbb0c7759b57c81f6699c4a37bcdf095120df695ad57a780a372b5d20125098d67b5ecc14eb8fbf4eca9ef,,07/22/2025 08:35:00 AM,45,NO CONTROLS,NO CONTROLS,CLEAR,DAYLIGHT,REAR END,DIVIDED - W/MEDIAN BARRIER,,STRAIGHT AND LEVEL,DRY,NO DEFECTS,NOT ON SCENE (DESK REPORT),NO INJURY / DRIVE AWAY,,,,"OVER $1,500",07/22/2025 09:55:00 AM,FAILING TO YIELD RIGHT-OF-WAY,FAILING TO YIELD RIGHT-OF-WAY,2680,N,LAKE SHORE DR SB,1935,,,,,,,2,NO INDICATION OF INJURY,0,0,0,0,0,2,0,8,3,7,41.9312014667,-87.6322813121,POINT (-87.632281312116 41.931201466663)
0baef0a465bddfbf6ffa9dbe7d720d883feb13bef60c213ba5d559e979cbf108a9e49ffac210669b7c87a977d94cdf48512238f11bfcee9cccf7910bb3091412,,07/22/2025 08:26:00 AM,30,NO CONTROLS,NO CONTROLS,CLEAR,DAYLIGHT,PARKED MOTOR VEHICLE,NOT DIVIDED,,STRAIGHT AND LEVEL,DRY,NO DEFECTS,ON SCENE,NO INJURY / DRIVE AWAY,,,,"$501 - $1,500",07/22/2025 09:30:00 AM,DRIVING SKILLS/KNOWLEDGE/EXPERIENCE,NOT APPLICABLE,3000,W,72ND ST,831,,,,,,,2,NO INDICATION OF INJURY,0,0,0,0,0,1,0,8,3,7,41.7627451325,-87.6979343644,POINT (-87.697934364404 41.76274513255)
4422907d2c514cf91c0981484e33414c59b42e4197e6b6b083ef6c4d86ecf527362b7e1da74483330f8154bf5e5d36af59d550f68cfd00ce30b7067893d4ccaa,,07/22/2025 08:25:00 AM,30,NO CONTROLS,NO CONTROLS,CLEAR,DAYLIGHT,SIDESWIPE SAME DIRECTION,ONE-WAY,,STRAIGHT AND LEVEL,DRY,UNKNOWN,NOT ON SCENE (DESK REPORT),NO INJURY / DRIVE AWAY,,,,"OVER $1,500",07/22/2025 09:00:00 AM,"VISION OBSCURED (SIGNS, TREE LIMBS, BUILDINGS, ETC.)",UNABLE TO DETERMINE,5515,S,WENTWORTH AVE,225,,,,,,,2,NO INDICATION OF INJURY,0,0,0,0,0,2,0,8,3,7,41.7937128538,-87.6303463388,POINT (-87.630346338759 41.793712853812)
392c97407713572e046196e40f7f6cc8379ae0697b6c8fdf87f015b37de164c30c538cd5f4fa9cbb30131b029c4f77c9f50de2d2ffbb6d210a0c5672c952bb11,,07/22/2025 08:24:00 AM,30,TRAFFIC SIGNAL,NO CONTROLS,CLEAR,DAYLIGHT,TURNING,NOT DIVIDED,,STRAIGHT AND LEVEL,DRY,UNKNOWN,NOT ON SCENE (DESK REPORT),NO INJURY / DRIVE AWAY,Y,,,$500 OR LESS,07/22/2025 10:10:00 AM,UNABLE TO DETERMINE,IMPROPER LANE USAGE,1606,N,HERMITAGE AVE,1433,,,,,,,2,NO INDICATION OF INJURY,0,0,0,0,0,2,0,8,3,7,41.9108386163,-87.6715089662,POINT (-87.671508966201 41.91083861631)
eaf1472beaf65af9cddd6f18315861dc57019d6db4153ea33fd3bd756bde6aa77c6a9df1423df2debb6f37732d703c33a1ad1a02c0afc1eb595f19c69f62a98b,,07/22/2025 08:17:00 AM,30,NO CONTROLS,NO CONTROLS,CLEAR,DAYLIGHT,SIDESWIPE SAME DIRECTION,NOT DIVIDED,,STRAIGHT AND LEVEL,DRY,NO DEFECTS,ON SCENE,NO INJURY / DRIVE AWAY,,,,$500 OR LESS,07/22/2025 08:20:00 AM,RELATED TO BUS STOP,UNABLE TO DETERMINE,3751,S,ASHLAND AVE,912,,,,,,,2,NO INDICATION OF INJURY,0,0,0,0,0,2,0,8,3,7,41.8253070528,-87.6652047255,POINT (-87.66520472551 41.825307052809)
083ca8de89671069914c4194880678e9b4825929c1a7b24c22f21ecace11a337d1aa58df49cc2c2da345c16fcb8058c3cf068d1766a3413386032546156c8246,,07/22/2025 08:15:00 AM,30,NO CONTROLS,NO CONTROLS,CLEAR,DAYLIGHT,FIXED OBJECT,NOT DIVIDED,,STRAIGHT AND LEVEL,DRY,NO DEFECTS,ON SCENE,NO INJURY / DRIVE AWAY,,,,"OVER $1,500",07/22/2025 08:20:00 AM,UNABLE TO DETERMINE,UNABLE TO DETERMINE,3330,S,DAMEN AVE,912,,,,,,,1,NO INDICATION OF INJURY,0,0,0,0,0,1,0,8,3,7,41.8331003847,-87.6754963187,POINT (-87.675496318725 41.833100384711)
8c027a8afe2adda43076238a5170ed387ee9a41b62eb70c5df62cc3e50c9a5a538067f6177f12f04090c19cc6674f2c915a057143e81ca68087c1995b1d6606a,Y,07/22/2025 08:15:00 AM,30,NO CONTROLS,NO CONTROLS,CLEAR,DAYLIGHT,PARKED MOTOR VEHICLE,ONE-WAY,,STRAIGHT AND LEVEL,DRY,NO DEFECTS,ON SCENE,NO INJURY / DRIVE AWAY,,,Y,"OVER $1,500",07/22/2025 08:15:00 AM,DRIVING SKILLS/KNOWLEDGE/EXPERIENCE,UNABLE TO DETERMINE,3714,S,WINCHESTER AVE,912,,,,,,,2,NO INDICATION OF INJURY,0,0,0,0,0,1,0,8,3,7,41.8262639517,-87.6741010946,POINT (-87.674101094649 41.826263951727)
8cf63114e82c3ed3abaabd740329db591e9fb21d1dc627472496605d22660f3205eab6caf09258d837d93e5263d6f7a9286d389f14b0c0e49ea504fe8407c5f7,,07/22/2025 08:15:00 AM,30,NO CONTROLS,NO CONTROLS,CLEAR,DAYLIGHT,REAR END,NOT DIVIDED,,STRAIGHT AND LEVEL,DRY,NO DEFECTS,NOT ON SCENE (DESK REPORT),NO INJURY / DRIVE AWAY,,,,"OVER $1,500",07/22/2025 08:30:00 AM,FOLLOWING TOO CLOSELY,UNABLE TO DETERMINE,727,W,LAKE ST,1224,,,,,,,2,NO INDICATION OF INJURY,0,0,0,0,0,2,0,8,3,7,41.885564701,-87.6468550832,POINT (-87.646855083245 41.885564700956)
66e7ca77f2c467800bf061dca7646bf14a3f29ff8e743ea33123b7db99420d9533ceb784d3cd342eff366f2beb14304c557f01d19b1ecf62657733d6d90d31af,,07/22/2025 08:00:00 AM,30,NO CONTROLS,NO CONTROLS,CLEAR,DAYLIGHT,TURNING,NOT DIVIDED,,STRAIGHT AND LEVEL,DRY,UNKNOWN,NOT ON SCENE (DESK REPORT),INJURY AND / OR TOW DUE TO CRASH,,,,"$501 - $1,500",07/22/2025 08:30:00 AM,FAILING TO YIELD RIGHT-OF-WAY,FAILING TO YIELD RIGHT-OF-WAY,150,S,CAMPBELL AVE,1125,Y,Y,,,,,2,"REPORTED, NOT EVIDENT",1,0,0,0,1,1,0,8,3,7,41.8786587785,-87.6889385796,POINT (-87.688938579615 41.878658778494)
256ebc7f3b205a022fa96f1843e118ca3781530ad4723281869929c7aa3b6a7f3008ce0f6745f2ce70c8e03c0f494fe78101e4ca847e2e16ce6d309053c1b1d1,,07/22/2025 07:50:00 AM,30,NO CONTROLS,NO CONTROLS,CLEAR,DAYLIGHT,REAR END,FOUR WAY,,STRAIGHT AND LEVEL,DRY,NO DEFECTS,NOT ON SCENE (DESK REPORT),NO INJURY / DRIVE AWAY,Y,,,"OVER $1,500",07/22/2025 08:50:00 AM,"EVASIVE ACTION DUE TO ANIMAL, OBJECT, NONMOTORIST",FOLLOWING TOO CLOSELY,401,S,HALSTED ST,1232,,,,,,,2,NO INDICATION OF INJURY,0,0,0,0,0,2,0,7,3,7,41.8766601176,-87.6470552325,POINT (-87.647055232543 41.876660117583)
7a099c7a5b0a9b7a222ff61401b577dc83a06e7004291601174c9c9c53971d36b8d3e0f303752c08c1268f5747c1ad4e25de76cc0aa6d691dd3da427d720cc44,,07/22/2025 07:50:00 AM,30,NO CONTROLS,NO CONTROLS,CLEAR,DAYLIGHT,OTHER OBJECT,DIVIDED - W/MEDIAN (NOT RAISED),,STRAIGHT AND LEVEL,DRY,NO DEFECTS,ON SCENE,INJURY AND / OR TOW DUE TO CRASH,,,,"OVER $1,500",07/22/2025 08:00:00 AM,EQUIPMENT - VEHICLE CONDITION,UNABLE TO DETERMINE,11,W,GARFIELD BLVD,225,,,,,,,1,NO INDICATION OF INJURY,0,0,0,0,0,2,0,7,3,7,41.7941765057,-87.6262371172,POINT (-87.626237117211 41.794176505672)
ff52fb7d091045942c185c7e23f662fe98fe90f3d12acadf38c47e574cabf3a011a89e388db6863c2edf69c7573c41fb259ce7beb202d3a6f1138a3f73bbd750,Y,07/22/2025 07:50:00 AM,5,NO CONTROLS,NO CONTROLS,CLEAR,DAYLIGHT,FIXED OBJECT,PARKING LOT,,STRAIGHT AND LEVEL,DRY,NO DEFECTS,ON SCENE,INJURY AND / OR TOW DUE TO CRASH,,,,"OVER $1,500",07/22/2025 07:53:00 AM,UNABLE TO DETERMINE,EQUIPMENT - VEHICLE CONDITION,2400,W,47TH ST,922,,Y,,,,,1,"REPORTED, NOT EVIDENT",1,0,0,0,1,0,0,7,3,7,41.8085422443,-87.6845482018,POINT (-87.684548201832 41.808542244315)
1400acaedc6198e6bd7ef2f894387b309923cdc3d5798a203300151316818b5cfdd8aecec70ed2f88e39d482072fea700acd0f3c510b8407af5ab13c430b5da7,,07/22/2025 07:49:00 AM,30,NO CONTROLS,NO CONTROLS,CLEAR,DAYLIGHT,SIDESWIPE OPPOSITE DIRECTION,NOT DIVIDED,,STRAIGHT AND LEVEL,DRY,UNKNOWN,ON SCENE,INJURY AND / OR TOW DUE TO CRASH,,,,"OVER $1,500",07/22/2025 07:50:00 AM,UNABLE TO DETERMINE,UNABLE TO DETERMINE,6103,W,IRVING PARK RD,1633,,,,,,,2,NONINCAPACITATING INJURY,1,0,0,1,0,1,0,7,3,7,41.9529021333,-87.7793582444,POINT (-87.779358244439 41.952902133275)
30df0f8099ab3d414976f3bf34d43efc3a8b28af12c6bf38534c4b9309c95d55ace87b841fcff4e55f0acb893a6a6352efc687dbc69a96f2f8bc7308fcfed7f9,,07/22/2025 07:49:00 AM,30,NO CONTROLS,NO CONTROLS,CLEAR,DAYLIGHT,REAR END,NOT DIVIDED,,STRAIGHT AND LEVEL,DRY,NO DEFECTS,ON SCENE,NO INJURY / DRIVE AWAY,,,,"OVER $1,500",07/22/2025 08:26:00 AM,FOLLOWING TOO CLOSELY,UNABLE TO DETERMINE,1927,W,CHICAGO AVE,1221,,,,,,,2,NO INDICATION OF INJURY,0,0,0,0,0,2,0,7,3,7,41.8958240482,-87.6756894372,POINT (-87.675689437176 41.895824048152)
9e7cad021e9710428e2462a41b7e18c7ccbe6f4be6b7f949e1049c293d0686bb61d95eba89e2afc1d3d5d80d88a14a3398c1b402a2eccdb548ebbbd9ac611443,,07/22/2025 07:37:00 AM,30,TRAFFIC SIGNAL,FUNCTIONING PROPERLY,CLEAR,DAYLIGHT,SIDESWIPE SAME DIRECTION,NOT DIVIDED,,STRAIGHT AND LEVEL,DRY,NO DEFECTS,ON SCENE,NO INJURY / DRIVE AWAY,,,Y,"$501 - $1,500",07/22/2025 08:05:00 AM,IMPROPER TURNING/NO SIGNAL,IMPROPER TURNING/NO SIGNAL,800,E,63RD ST,313,,,,,,,2,NO INDICATION OF INJURY,0,0,0,0,0,2,0,7,3,7,41.7805210247,-87.6058694992,POINT (-87.605869499248 41.780521024744)
eea378a4c6d933ac42c3240d5cdeafb790556e49ca87f959ad6844c3f5718fa0f0ca32361e5b7007bb89396d4f0e128483077434ca472df78e975c7150e1bbff,,07/22/2025 07:30:00 AM,30,TRAFFIC SIGNAL,FUNCTIONING PROPERLY,CLEAR,DAYLIGHT,SIDESWIPE SAME DIRECTION,DIVIDED - W/MEDIAN (NOT RAISED),,STRAIGHT AND LEVEL,DRY,UNKNOWN,NOT ON SCENE (DESK REPORT),NO INJURY / DRIVE AWAY,,,Y,"$501 - $1,500",07/22/2025 09:00:00 AM,UNABLE TO DETERMINE,NOT APPLICABLE,7601,S,ASHLAND AVE,612,,,,,,,2,NO INDICATION OF INJURY,0,0,0,0,0,3,0,7,3,7,41.7557262093,-87.6634247332,POINT (-87.663424733183 41.755726209295)
1670b8c29e817508bf97489cf7677f4e33e0386456b8354d0f62b24eda5b8a3846ed699dc86cf35c2be574addd7c0b1a71df81d384aaf0a4d0bd1db3918b496c,,07/22/2025 07:28:00 AM,30,NO CONTROLS,NO CONTROLS,CLEAR,DAYLIGHT,SIDESWIPE SAME DIRECTION,ONE-WAY,,STRAIGHT AND LEVEL,DRY,NO DEFECTS,NOT ON SCENE (DESK REPORT),NO INJURY / DRIVE AWAY,,,,$500 OR LESS,07/22/2025 09:05:00 AM,UNABLE TO DETERMINE,NOT APPLICABLE,3249,W,HIRSCH ST,1422,,,,,,,2,NO INDICATION OF INJURY,0,0,0,0,0,2,0,7,3,7,41.906344054,-87.7088456408,POINT (-87.708845640795 41.906344054046)
42fba47766611a9ba0b9bb8e27ca089de3e43d0bb37a992a59ba4cb4403dac654aa67e2f4bcdb3334315ff04d477a33acaae0a064a49d3745a3dc391bcd22dfa,,07/22/2025 07:25:00 AM,30,TRAFFIC SIGNAL,FUNCTIONING PROPERLY,CLEAR,DAYLIGHT,TURNING,NOT DIVIDED,,STRAIGHT AND LEVEL,DRY,NO DEFECTS,NOT ON SCENE (DESK REPORT),INJURY AND / OR TOW DUE TO CRASH,Y,,,"OVER $1,500",07/22/2025 08:50:00 AM,FAILING TO YIELD RIGHT-OF-WAY,NOT APPLICABLE,8800,S,STONY ISLAND AVE,412,,,,,,,2,NO INDICATION OF INJURY,0,0,0,0,0,2,0,7,3,7,41.7350005836,-87.5857478277,POINT (-87.585747827667 41.735000583551)
5bb98c35b372eb50a629f2aac1e8c0241f908819d2868faecc597ef0257b807cf0e897f63c1333e88872db0900ecb4c1d5693174a2a3ad848b6449a5534f4a55,,07/22/2025 07:25:00 AM,30,TRAFFIC SIGNAL,FUNCTIONING PROPERLY,CLEAR,DAYLIGHT,PEDALCYCLIST,NOT DIVIDED,,STRAIGHT AND LEVEL,DRY,UNKNOWN,ON SCENE,NO INJURY / DRIVE AWAY,,,Y,$500 OR LESS,07/22/2025 07:37:00 AM,UNABLE TO DETERMINE,NOT APPLICABLE,300,W,GRAND AVE,1831,,,,,,,2,NO INDICATION OF INJURY,0,0,0,0,0,2,0,7,3,7,41.8916756338,-87.6356513888,POINT (-87.635651388781 41.891675633763)
31b1f486f0584fabd46b66532cfb571d48c4d4f5b98be8acb92b08c5aa0839be05cad126c99e82415016b9f3454e2269ff32fc02055267a7b2a3f51702f23538,,07/22/2025 07:08:00 AM,30,TRAFFIC SIGNAL,FUNCTIONING PROPERLY,CLEAR,DAYLIGHT,REAR END,NOT DIVIDED,,STRAIGHT AND LEVEL,DRY,NO DEFECTS,ON SCENE,INJURY AND / OR TOW DUE TO CRASH,,,,"OVER $1,500",07/22/2025 07:11:00 AM,DISREGARDING OTHER TRAFFIC SIGNS,UNABLE TO DETERMINE,598,E,51ST ST,223,,,,,,,2,NONINCAPACITATING INJURY,2,0,0,2,0,0,0,7,3,7,41.8022779347,-87.6113500383,POINT (-87.611350038323 41.802277934718)
4ef3caacec6b3ca4ae72891865f09149af849ada9588f15bae494b3bbed6d18c77196d2fefe723a56df2020ffeab0fb0823c9c45c8415639955c89db7bdfa54f,,07/22/2025 07:05:00 AM,30,NO CONTROLS,NO CONTROLS,CLEAR,DAYLIGHT,PARKED MOTOR VEHICLE,NOT DIVIDED,,STRAIGHT AND LEVEL,DRY,NO DEFECTS,NOT ON SCENE (DESK REPORT),NO INJURY / DRIVE AWAY,,,,"OVER $1,500",07/22/2025 08:33:00 AM,PHYSICAL CONDITION OF DRIVER,IMPROPER LANE USAGE,5839,W,63RD ST,812,,,,,,,2,NO INDICATION OF INJURY,0,0,0,0,0,1,0,7,3,7,41.7778173981,-87.768197488,POINT (-87.768197488042 41.777817398083)
b1f95e7480ca765a6dbc7d6e008ee96c26d6840fd660a2609b2656ce9d0369f65d909590778dd5ef63bc8e6c3a8e72182c3af752ae5682cb0635dfb559ee7824,,07/22/2025 07:05:00 AM,30,NO CONTROLS,NO CONTROLS,CLEAR,DAYLIGHT,SIDESWIPE SAME DIRECTION,ONE-WAY,,STRAIGHT AND LEVEL,DRY,NO DEFECTS,NOT ON SCENE (DESK REPORT),NO INJURY / DRIVE AWAY,,,,"OVER $1,500",07/22/2025 08:30:00 AM,FAILING TO YIELD RIGHT-OF-WAY,NOT APPLICABLE,110,N,CARPENTER ST,1224,,,,,,,2,NO INDICATION OF INJURY,0,0,0,0,0,3,0,7,3,7,41.8833865771,-87.6533916472,POINT (-87.653391647229 41.883386577117)
d7104621054d645858860256a20fa4c2f4e4b38913291c6c3a4cf453ac8c886a57095b013f9fb2ea9a0996713577b09d4fb40b0d0e6084bb91aaf2968077004a,,07/22/2025 07:02:00 AM,35,NO CONTROLS,NO CONTROLS,CLEAR,DAYLIGHT,PEDESTRIAN,NOT DIVIDED,,STRAIGHT AND LEVEL,DRY,NO DEFECTS,ON SCENE,INJURY AND / OR TOW DUE TO CRASH,,,,"$501 - $1,500",07/22/2025 07:05:00 AM,DRIVING SKILLS/KNOWLEDGE/EXPERIENCE,DRIVING SKILLS/KNOWLEDGE/EXPERIENCE,11600,S,TORRENCE AVE,434,,,,,,,2,NONINCAPACITATING INJURY,1,0,0,1,0,1,0,7,3,7,41.6845771121,-87.5595221354,POINT (-87.559522135355 41.684577112123)
fe0988c26341434799be94c52fb2a0409d5269cc521c8d26796657694ce30ea2037ee0351a34eaa21902416ced9938e912a901cb7304a393564401f8d34c3e18,Y,07/22/2025 07:00:00 AM,30,NO CONTROLS,NO CONTROLS,CLEAR,UNKNOWN,PARKED MOTOR VEHICLE,ALLEY,,STRAIGHT AND LEVEL,UNKNOWN,NO DEFECTS,ON SCENE,NO INJURY / DRIVE AWAY,,,N,"$501 - $1,500",07/23/2025 11:30:00 AM,UNABLE TO DETERMINE,UNABLE TO DETERMINE,7437,S,HARVARD AVE,731,,,,,,,2,NO INDICATION OF INJURY,0,0,0,0,0,1,0,7,3,7,41.7588125711,-87.6331442734,POINT (-87.633144273416 41.758812571057)