CRASH_RECORD_ID,CRASH_DATE_EST_I,CRASH_DATE,POSTED_SPEED_LIMIT,TRAFFIC_CONTROL_DEVICE,DEVICE_CONDITION,WEATHER_CONDITION,LIGHTING_CONDITION,FIRST_CRASH_TYPE,TRAFFICWAY_TYPE,LANE_CNT,ALIGNMENT,ROADWAY_SURFACE_COND,ROAD_DEFECT,REPORT_TYPE,CRASH_TYPE,INTERSECTION_RELATED_I,NOT_RIGHT_OF_WAY_I,HIT_AND_RUN_I,DAMAGE,DATE_POLICE_NOTIFIED,PRIM_CONTRIBUTORY_CAUSE,SEC_CONTRIBUTORY_CAUSE,STREET_NO,STREET_DIRECTION,STREET_NAME,BEAT_OF_OCCURRENCE,PHOTOS_TAKEN_I,STATEMENTS_TAKEN_I,DOORING_I,WORK_ZONE_I,WORK_ZONE_TYPE,WORKERS_PRESENT_I,NUM_UNITS,MOST_SEVERE_INJURY,INJURIES_TOTAL,INJURIES_FATAL,INJURIES_INCAPACITATING,INJURIES_NON_INCAPACITATING,INJURIES_REPORTED_NOT_EVIDENT,INJURIES_NO_INDICATION,INJURIES_UNKNOWN,CRASH_HOUR,CRASH_DAY_OF_WEEK,CRASH_MONTH,LATITUDE,LONGITUDE,LOCATION
7cedc580eec2b9bf74f470d48ef7571210e8e429f768a78ba9fba3ce70726470c2aa995b2d3df90c90f776b18ce91f568db6e50018cb38298edfcf8e0f231e70,,07/22/2025 06:55:00 AM,30,TRAFFIC SIGNAL,FUNCTIONING PROPERLY,CLEAR,DAYLIGHT,PEDESTRIAN,FOUR WAY,,STRAIGHT AND LEVEL,DRY,NO DEFECTS,ON SCENE,INJURY AND / OR TOW DUE TO CRASH,Y,,,$500 OR LESS,07/22/2025 06:57:00 AM,FAILING TO YIELD RIGHT-OF-WAY,"VISION OBSCURED (SIGNS, TREE LIMBS, BUILDINGS, ETC.)",5075,W,MONTROSE AVE,1624,,,,,,,2,NONINCAPACITATING INJURY,1,0,0,1,0,1,0,6,3,7,41.9605220882,-87.754371424,POINT (-87.754371424023 41.960522088199)
bbfd9dcf2137db82b7c6401384839b7dd2edaa26cbb233342f54974391ef7480bfe08d6d92ee5c67aca6958e7e3b61401a8b579f801d7731205b2dcd13b7f39e,Y,07/22/2025 06:50:00 AM,30,NO CONTROLS,NO CONTROLS,CLEAR,DAYLIGHT,OTHER OBJECT,NOT DIVIDED,,STRAIGHT AND LEVEL,DRY,NO DEFECTS,ON SCENE,INJURY AND / OR TOW DUE TO CRASH,,,,"OVER $1,500",07/22/2025 06:51:00 AM,DISTRACTION - FROM INSIDE VEHICLE,NOT APPLICABLE,5004,W,CHICAGO AVE,1531,,,,,,,1,NONINCAPACITATING INJURY,1,0,0,1,0,0,0,6,3,7,41.8950720737,-87.7509257107,POINT (-87.750925710745 41.895072073709)
777385abf4edec20933693cbcb141a073d15f6a33bc9e4292bc6ddb183afd2291e64b5f5cd75dab9ce6807086a8ad12d8422250563fa36c4a048d7e3aa8f5d80,,07/22/2025 06:30:00 AM,30,TRAFFIC SIGNAL,FUNCTIONING PROPERLY,CLEAR,DAWN,TURNING,DIVIDED - W/MEDIAN BARRIER,,STRAIGHT AND LEVEL,UNKNOWN,UNKNOWN,NOT ON SCENE (DESK REPORT),NO INJURY / DRIVE AWAY,Y,,,"$501 - $1,500",07/22/2025 07:30:00 AM,UNABLE TO DETERMINE,UNABLE TO DETERMINE,1600,W,CONGRESS PKWY,1231,,,,Y,CONSTRUCTION,,2,NO INDICATION OF INJURY,0,0,0,0,0,2,0,6,3,7,41.8752842012,-87.6667549017,POINT (-87.666754901693 41.875284201202)
cf02ed6c2557c0c1a6185847da003faf3d8215cce0cdd952fbb62c39c9ba7858dc930f0c06e6e50bdf16019203b767e410d4176944007150bcb59643411d78d4,,07/22/2025 06:30:00 AM,30,NO CONTROLS,NO CONTROLS,CLEAR,DAYLIGHT,SIDESWIPE SAME DIRECTION,NOT DIVIDED,,STRAIGHT AND LEVEL,UNKNOWN,UNKNOWN,NOT ON SCENE (DESK REPORT),NO INJURY / DRIVE AWAY,,,,"OVER $1,500",07/22/2025 07:15:00 AM,UNABLE TO DETERMINE,UNABLE TO DETERMINE,6531,W,DIVERSEY AVE,2512,,,,,,,2,NO INDICATION OF INJURY,0,0,0,0,0,2,0,6,3,7,41.9308314718,-87.7894169196,POINT (-87.789416919623 41.930831471834)
efc965b4cf937eb6f09b80be1247f4639b5ca2d67f77a8c6d269a00ebbb04189e70fbbda0ecbac395325606b085bcc5958e677d2fc7d3e44153270cf89fb068e,,07/22/2025 06:28:00 AM,30,NO CONTROLS,NO CONTROLS,CLEAR,DAYLIGHT,SIDESWIPE SAME DIRECTION,DIVIDED - W/MEDIAN BARRIER,,STRAIGHT AND LEVEL,DRY,NO DEFECTS,NOT ON SCENE (DESK REPORT),NO INJURY / DRIVE AWAY,,,,"OVER $1,500",07/22/2025 07:30:00 AM,IMPROPER OVERTAKING/PASSING,IMPROPER OVERTAKING/PASSING,6501,W,DIVERSEY AVE,2512,,,,,,,2,NO INDICATION OF INJURY,0,0,0,0,0,2,0,6,3,7,41.9308457929,-87.7881926692,POINT (-87.788192669205 41.930845792886)
e98f84074cd55769b31ad7189e99b0bb8eb76aa9bbea5e532fab8e15dbb530b9aaee0e467f5ed7dc908075fc92621bb1a487c630bbd8e9fe901c5666e1b5529e,,07/22/2025 06:21:00 AM,25,STOP SIGN/FLASHER,NO CONTROLS,UNKNOWN,UNKNOWN,REAR END,FOUR WAY,,STRAIGHT AND LEVEL,UNKNOWN,UNKNOWN,NOT ON SCENE (DESK REPORT),NO INJURY / DRIVE AWAY,,,Y,$500 OR LESS,07/22/2025 05:00:00 PM,UNABLE TO DETERMINE,UNABLE TO DETERMINE,325,E,75TH ST,623,,,,,,,2,NO INDICATION OF INJURY,0,0,0,0,0,2,0,6,3,7,41.7582608354,-87.6172043047,POINT (-87.617204304692 41.758260835372)
a93392cfd85e9dcefb77acdc5ba7ee5190eed75d2b3519942581b12e4ad0d32002aeb1e1ac65adf7f35b20109ba1658f7aa696de29469ee260ca34328392b785,,07/22/2025 06:20:00 AM,30,NO CONTROLS,NO CONTROLS,CLEAR,DAYLIGHT,SIDESWIPE SAME DIRECTION,NOT DIVIDED,,STRAIGHT AND LEVEL,DRY,NO DEFECTS,ON SCENE,NO INJURY / DRIVE AWAY,,,Y,"$501 - $1,500",07/22/2025 06:22:00 AM,IMPROPER OVERTAKING/PASSING,UNABLE TO DETERMINE,3101,N,SHERIDAN RD,1934,,N,,,,,2,NO INDICATION OF INJURY,0,0,0,0,0,2,0,6,3,7,41.9377843662,-87.6393226696,POINT (-87.63932266961 41.937784366152)
cc1da8ae53cad443509d2ac7611163a14041047e4ce6802943886c831c026e597f13f488a77feffc6fd198f42a1e725c76337b2ca4f776cfe22ac538738afed8,,07/22/2025 06:10:00 AM,35,NO CONTROLS,NO CONTROLS,CLEAR,DAYLIGHT,SIDESWIPE SAME DIRECTION,NOT DIVIDED,,STRAIGHT AND LEVEL,DRY,NO DEFECTS,NOT ON SCENE (DESK REPORT),NO INJURY / DRIVE AWAY,,,,"OVER $1,500",07/23/2025 11:50:00 AM,UNABLE TO DETERMINE,NOT APPLICABLE,4840,W,IRVING PARK RD,1624,,,,Y,MAINTENANCE,,2,NO INDICATION OF INJURY,0,0,0,0,0,2,0,6,3,7,41.9535098786,-87.7488280733,POINT (-87.748828073288 41.953509878597)
6bf363da5f8a23083c68746f0c9f2d6110dde4025d3b29721e34650116b2759c7f0b865ee4900af846b54ab4d41285e50dd158c37fb24a9b031d1397d5bed2cf,,07/22/2025 06:00:00 AM,30,TRAFFIC SIGNAL,FUNCTIONING PROPERLY,CLEAR,DAYLIGHT,ANGLE,FOUR WAY,,STRAIGHT AND LEVEL,DRY,NO DEFECTS,NOT ON SCENE (DESK REPORT),NO INJURY / DRIVE AWAY,Y,,Y,"OVER $1,500",07/22/2025 07:45:00 AM,UNABLE TO DETERMINE,UNABLE TO DETERMINE,2000,W,CONGRESS PKWY,1225,,,,,,,2,NO INDICATION OF INJURY,0,0,0,0,0,3,0,6,3,7,41.8751309789,-87.6765109831,POINT (-87.676510983089 41.875130978949)
b49e81452f054085c63bf56f5bf3ba5515640c2d46e73751d9c2673b960b7d44e1480555f8a73e63582db760ea915ca3b58e6b0f4b959a94b988db1d45fa9217,,07/22/2025 06:00:00 AM,30,NO CONTROLS,FUNCTIONING PROPERLY,CLEAR,DAYLIGHT,PARKED MOTOR VEHICLE,NOT DIVIDED,,STRAIGHT AND LEVEL,DRY,UNKNOWN,ON SCENE,INJURY AND / OR TOW DUE TO CRASH,,,N,"OVER $1,500",07/22/2025 06:02:00 AM,"EVASIVE ACTION DUE TO ANIMAL, OBJECT, NONMOTORIST",NOT APPLICABLE,5125,W,WASHINGTON BLVD,1533,,,,,,,3,NONINCAPACITATING INJURY,1,0,0,1,0,0,0,6,3,7,41.8815990449,-87.7536734748,POINT (-87.753673474837 41.881599044885)
04d5b3eae46687da7a888238b05b211e25908928f876e70eaa0e4c82e9570755aad5a376903078993c337e3d6c873337260aecc488acdf03c0b7666f4a5554ef,,07/22/2025 05:55:00 AM,30,NO CONTROLS,NO CONTROLS,CLEAR,DAYLIGHT,PARKED MOTOR VEHICLE,NOT DIVIDED,,STRAIGHT AND LEVEL,DRY,NO DEFECTS,NOT ON SCENE (DESK REPORT),NO INJURY / DRIVE AWAY,,,Y,"OVER $1,500",07/22/2025 06:16:00 AM,UNABLE TO DETERMINE,UNABLE TO DETERMINE,5538,S,RICHMOND ST,824,,,,,,,2,NO INDICATION OF INJURY,0,0,0,0,0,1,0,5,3,7,41.7924596614,-87.6975723681,POINT (-87.697572368057 41.792459661407)
954326e15ece69ce63388fbc714cd96b2b34c8e72bc983f7220f2c28d13aa2b6e067e81650388b482ecb6613dbf9b0409ba36698aaa1185aaadcb4fff6d0693d,,07/22/2025 05:45:00 AM,25,NO CONTROLS,NO CONTROLS,CLEAR,"DARKNESS, LIGHTED ROAD",PARKED MOTOR VEHICLE,ONE-WAY,,STRAIGHT AND LEVEL,DRY,NO DEFECTS,NOT ON SCENE (DESK REPORT),NO INJURY / DRIVE AWAY,,,Y,"OVER $1,500",07/22/2025 06:30:00 PM,UNABLE TO DETERMINE,NOT APPLICABLE,2938,N,SPRINGFIELD AVE,2523,,,,,,,2,NO INDICATION OF INJURY,0,0,0,0,0,1,0,5,3,7,41.9348000272,-87.7247643575,POINT (-87.724764357502 41.934800027166)
51e4f1cb16fd24317fb4a38cfc6912023306ddbe29609e6bf3eac919ecc79d32f72cd6977ade1cce7480909b0a9a137b87946304b50575ad5a3a0c9cace004b5,,07/22/2025 05:40:00 AM,10,NO CONTROLS,NO CONTROLS,CLEAR,"DARKNESS, LIGHTED ROAD",PARKED MOTOR VEHICLE,PARKING LOT,,STRAIGHT AND LEVEL,DRY,NO DEFECTS,NOT ON SCENE (DESK REPORT),NO INJURY / DRIVE AWAY,,,,"OVER $1,500",07/22/2025 09:30:00 AM,UNABLE TO DETERMINE,UNABLE TO DETERMINE,2639,S,DAMEN AVE,1034,,,,,,,2,NO INDICATION OF INJURY,0,0,0,0,0,2,0,5,3,7,41.8436188786,-87.6754723645,POINT (-87.675472364536 41.843618878618)
b82f8ea666af9c8fbc565f95ce8f8cfe2ee96a26daa875751b319271666b7053762a5cca60530787fabe9244f338451ae54b77acca9c7bc7fc7e9212b60a39da,,07/22/2025 05:28:00 AM,25,NO CONTROLS,NO CONTROLS,CLEAR,DAYLIGHT,PARKED MOTOR VEHICLE,NOT DIVIDED,,STRAIGHT AND LEVEL,DRY,NO DEFECTS,NOT ON SCENE (DESK REPORT),INJURY AND / OR TOW DUE TO CRASH,,,,"OVER $1,500",07/22/2025 05:31:00 AM,FOLLOWING TOO CLOSELY,NOT APPLICABLE,6147,S,SACRAMENTO AVE,823,,,,,,,2,NO INDICATION OF INJURY,0,0,0,0,0,1,0,5,3,7,41.7812961369,-87.698183635,POINT (-87.698183635041 41.781296136856)
767d562b1e38d722abcbd2b14dce0f48a13cf2359134ed38bf7be436f23abb151b4c91d4840a65295f4159a1b407ce1eb811648e6a2d2631bb97b8ce2e1d3544,,07/22/2025 05:00:00 AM,30,NO CONTROLS,NO CONTROLS,CLEAR,UNKNOWN,PARKED MOTOR VEHICLE,ONE-WAY,,STRAIGHT AND LEVEL,UNKNOWN,UNKNOWN,NOT ON SCENE (DESK REPORT),NO INJURY / DRIVE AWAY,,,Y,"OVER $1,500",07/22/2025 03:30:00 PM,UNABLE TO DETERMINE,NOT APPLICABLE,1310,S,TROY ST,1022,,,,,,,2,NO INDICATION OF INJURY,0,0,0,0,0,1,0,5,3,7,41.8642030385,-87.7045272472,POINT (-87.704527247193 41.864203038499)
669006391f7b93e499c56057368a7f25fdd6ab2a79d6502e96022e60621f298b303ac40737fb20a51c3fabc87ce10a4c45fe15468288c2e3e20e6886dffc2680,,07/22/2025 04:43:00 AM,30,STOP SIGN/FLASHER,FUNCTIONING PROPERLY,CLEAR,DAWN,TURNING,ONE-WAY,,STRAIGHT AND LEVEL,DRY,NO DEFECTS,ON SCENE,NO INJURY / DRIVE AWAY,,,Y,"OVER $1,500",07/22/2025 08:28:00 AM,UNABLE TO DETERMINE,NOT APPLICABLE,2822,S,VERNON AVE,133,,,,,,,2,NO INDICATION OF INJURY,0,0,0,0,0,2,0,4,3,7,41.842680921,-87.6158390174,POINT (-87.615839017385 41.84268092096)
b8c241ec0f226ffb8e782b9def8e9bedc5e46686a4caf4b055ad99f54b0db275797e01ca7684105be6468a937ede9d5ad377f3768a3ab93e20d8b60acaa929ca,,07/22/2025 04:40:00 AM,30,NO CONTROLS,NO CONTROLS,CLEAR,"DARKNESS, LIGHTED ROAD",PARKED MOTOR VEHICLE,NOT DIVIDED,,STRAIGHT AND LEVEL,DRY,NO DEFECTS,ON SCENE,INJURY AND / OR TOW DUE TO CRASH,,,,"OVER $1,500",07/22/2025 04:41:00 AM,UNABLE TO DETERMINE,NOT APPLICABLE,962,E,133RD ST,533,,,,,,,5,NO INDICATION OF INJURY,0,0,0,0,0,1,0,4,3,7,41.6539033395,-87.5975636243,POINT (-87.597563624282 41.65390333951)
36120b0ca60557cfa027bceadd262ca8dee4abb311d22d567b72dcec2370cb55c727cf4daf7bb8ea94a3b6a7c2a18129b10e81d67b420076e64024197eacb7c2,Y,07/22/2025 04:30:00 AM,25,NO CONTROLS,NO CONTROLS,UNKNOWN,"DARKNESS, LIGHTED ROAD",PARKED MOTOR VEHICLE,ONE-WAY,,STRAIGHT AND LEVEL,UNKNOWN,NO DEFECTS,ON SCENE,NO INJURY / DRIVE AWAY,,,Y,"OVER $1,500",07/22/2025 09:13:00 AM,UNABLE TO DETERMINE,UNABLE TO DETERMINE,2618,S,KOMENSKY AVE,1031,,,,,,,2,NO INDICATION OF INJURY,0,0,0,0,0,1,0,4,3,7,41.8436271531,-87.7258937787,POINT (-87.72589377866 41.843627153059)
f532832d14e06b8fdf4bf921748213e4c0581822fa53e4e88739c3368d46881032f053379a0f963fe15104b2fcfdfbcf661fd855abfa1d0c4d22f639793394a2,,07/22/2025 03:50:00 AM,30,NO CONTROLS,NO CONTROLS,CLEAR,"DARKNESS, LIGHTED ROAD",PEDESTRIAN,ONE-WAY,,STRAIGHT AND LEVEL,DRY,NO DEFECTS,ON SCENE,INJURY AND / OR TOW DUE TO CRASH,,,Y,$500 OR LESS,07/22/2025 03:56:00 AM,UNABLE TO DETERMINE,UNABLE TO DETERMINE,9754,S,LAFAYETTE AVE,511,,,,,,,2,NONINCAPACITATING INJURY,1,0,0,1,0,1,0,3,3,7,41.7164956388,-87.6282579918,POINT (-87.628257991763 41.716495638773)
9090621a4a483a721a344c85ae7c64db5e2109b18a1b10c52b8135735bb6277801c097b89624c03eee83a92068a34d0e253438580be7233bcdb5205dff3e641b,,07/22/2025 03:10:00 AM,30,NO CONTROLS,NO CONTROLS,CLEAR,DARKNESS,PARKED MOTOR VEHICLE,OTHER,,STRAIGHT AND LEVEL,DRY,NO DEFECTS,NOT ON SCENE (DESK REPORT),NO INJURY / DRIVE AWAY,,,Y,"$501 - $1,500",07/24/2025 05:55:00 PM,FOLLOWING TOO CLOSELY,NOT APPLICABLE,11642,S,PEORIA ST,524,,,,,,,2,NO INDICATION OF INJURY,0,0,0,0,0,1,0,3,3,7,41.6819998901,-87.6446344993,POINT (-87.64463449929 41.681999890125)
a27ae147a6c662e5a849e40c4394d3b6839eb098c38c316b9ad0763ef54772525085c4aff122f961f957297418f01f2777cf1db049d9fad5dd2fddef463d7f47,,07/22/2025 02:28:00 AM,25,NO CONTROLS,NO CONTROLS,CLEAR,"DARKNESS, LIGHTED ROAD",PARKED MOTOR VEHICLE,ONE-WAY,,STRAIGHT AND LEVEL,DRY,NO DEFECTS,NOT ON SCENE (DESK REPORT),NO INJURY / DRIVE AWAY,,,Y,"OVER $1,500",07/22/2025 08:20:00 AM,UNABLE TO DETERMINE,NOT APPLICABLE,6367,N,LEAVITT ST,2413,,,,,,,2,NO INDICATION OF INJURY,0,0,0,0,0,1,0,2,3,7,41.9977710527,-87.6848614827,POINT (-87.684861482722 41.997771052663)
aaa8047f8d46de36c6aa6772eb23fd4fbba485ea7fe8b10fd3f1efe01829f860ce6efcb4b5ea550a21ec4a393671721ffeb1cc28b187f6a322c498f4681435c6,,07/22/2025 02:10:00 AM,30,TRAFFIC SIGNAL,UNKNOWN,CLEAR,"DARKNESS, LIGHTED ROAD",FIXED OBJECT,NOT DIVIDED,,STRAIGHT AND LEVEL,DRY,UNKNOWN,ON SCENE,INJURY AND / OR TOW DUE TO CRASH,Y,N,N,"OVER $1,500",07/22/2025 02:17:00 AM,DRIVING ON WRONG SIDE/WRONG WAY,UNABLE TO DETERMINE,201,N,CICERO AVE,1113,,,,,,,1,NO INDICATION OF INJURY,0,0,0,0,0,1,0,2,3,7,41.88447811,-87.7452770709,POINT (-87.745277070858 41.884478109994)
b641335c4ac4c11d8213ef9ac8d3e2bb589cf42b05de834259d69ee570d251e4b697bca19233fd8d8c686b7c9220e729dd89fa437bb1206cff1f08ff0b53ef4c,,07/22/2025 02:00:00 AM,30,NO CONTROLS,NO CONTROLS,CLEAR,"DARKNESS, LIGHTED ROAD",PARKED MOTOR VEHICLE,UNKNOWN,,STRAIGHT AND LEVEL,UNKNOWN,UNKNOWN,NOT ON SCENE (DESK REPORT),INJURY AND / OR TOW DUE TO CRASH,,,Y,"OVER $1,500",07/22/2025 07:50:00 PM,DRIVING SKILLS/KNOWLEDGE/EXPERIENCE,UNABLE TO DETERMINE,2377,W,FULLERTON AVE,1432,,,,,,,2,NO INDICATION OF INJURY,0,0,0,0,0,1,0,2,3,7,41.9247911377,-87.6876145228,POINT (-87.687614522849 41.924791137711)
b8636a3a47f0a4ed870156a2326354f269514fb2a2add0774cace5466c31e35610582da5d92fa0a13d748c4596001d3409daf6a54e3e33cf9a66b820bb403085,N,07/22/2025 01:57:00 AM,30,NO CONTROLS,NO CONTROLS,CLEAR,"DARKNESS, LIGHTED ROAD",PARKED MOTOR VEHICLE,ONE-WAY,,STRAIGHT AND LEVEL,DRY,NO DEFECTS,ON SCENE,INJURY AND / OR TOW DUE TO CRASH,,N,,"OVER $1,500",07/22/2025 02:00:00 AM,FAILING TO REDUCE SPEED TO AVOID CRASH,"OPERATING VEHICLE IN ERRATIC, RECKLESS, CARELESS, NEGLIGENT OR AGGRESSIVE MANNER",8354,S,VERNON AVE,632,,Y,,,,,3,NO INDICATION OF INJURY,0,0,0,0,0,1,0,1,3,7,41.7422133213,-87.6132107817,POINT (-87.61321078172 41.742213321323)
da6ced74c4ce34e80e67e87dfaf95336a0ef96faf30887038a4e835ec33c1f2a1d3a7a8e586ada70362144c8afbe44ebdcbb8f2c9fe29bd7d9f609b60fa27bd3,,07/22/2025 01:30:00 AM,30,NO CONTROLS,NO CONTROLS,CLEAR,"DARKNESS, LIGHTED ROAD",PARKED MOTOR VEHICLE,PARKING LOT,,STRAIGHT AND LEVEL,DRY,NO DEFECTS,NOT ON SCENE (DESK REPORT),NO INJURY / DRIVE AWAY,,,Y,"OVER $1,500",07/22/2025 10:18:00 PM,FOLLOWING TOO CLOSELY,FOLLOWING TOO CLOSELY,61,E,21ST ST,131,,,,,,,2,NO INDICATION OF INJURY,0,0,0,0,0,1,0,1,3,7,41.8541638712,-87.6246487154,POINT (-87.624648715406 41.854163871173)
f1e3f2ed2a0dc94bede34bac3cd4225feea28dd98b292c47bafae796346e639e1ca155359f93349ec9a00b7725e52be1bd3798c9a0f35138053da9fee832f627,,07/22/2025 01:00:00 AM,10,NO CONTROLS,NO CONTROLS,CLEAR,DAYLIGHT,PARKED MOTOR VEHICLE,PARKING LOT,,STRAIGHT AND LEVEL,DRY,NO DEFECTS,ON SCENE,NO INJURY / DRIVE AWAY,,,Y,"$501 - $1,500",07/22/2025 10:40:00 AM,UNABLE TO DETERMINE,NOT APPLICABLE,9802,S,HALSTED ST,2223,,,,,,,2,NO INDICATION OF INJURY,0,0,0,0,0,1,0,1,3,7,41.7158047701,-87.6432082532,POINT (-87.643208253244 41.715804770128)
28d52d5c5f1353f3976e706cd34ff1c94cd797c2628633576952cfcabf370dc0bfd903faa82392ce8ba0940723f9e2c921d8d4cb9dfe11ce1c7edf67e9c779ee,,07/22/2025 12:40:00 AM,30,TRAFFIC SIGNAL,FUNCTIONING PROPERLY,CLEAR,"DARKNESS, LIGHTED ROAD",SIDESWIPE SAME DIRECTION,NOT DIVIDED,,STRAIGHT AND LEVEL,DRY,UNKNOWN,NOT ON SCENE (DESK REPORT),NO INJURY / DRIVE AWAY,,,Y,"OVER $1,500",07/22/2025 01:09:00 AM,UNABLE TO DETERMINE,NOT APPLICABLE,6300,S,HALSTED ST,723,,,,,,,2,NO INDICATION OF INJURY,0,0,0,0,0,2,0,0,3,7,41.7796575004,-87.6449309928,POINT (-87.644930992789 41.779657500363)
77ca21cb86d2fbf162776658fa7aa550a5bb9af0095f00497b3b6c04ba5dfd50cb6f1f81537ea7c66b59097d0df1adead1d522373d3c30873f21602469216095,,07/22/2025 12:39:00 AM,15,NO CONTROLS,NO CONTROLS,CLEAR,"DARKNESS, LIGHTED ROAD",PARKED MOTOR VEHICLE,NOT DIVIDED,,STRAIGHT AND LEVEL,DRY,NO DEFECTS,,NO INJURY / DRIVE AWAY,,,Y,"$501 - $1,500",07/22/2025 04:00:00 PM,UNABLE TO DETERMINE,UNABLE TO DETERMINE,400,N,MC CLURG CT,1834,,,,,,,2,NO INDICATION OF INJURY,0,0,0,0,0,1,0,0,3,7,41.889118473,-87.6177548765,POINT (-87.617754876517 41.88911847301)
ba8684f5c0bd27d5f579a0aef43ab2c42726e3ca5bd618ba22aeef9becdb4d9e5bf3f91a5048db6e7f124d2ae255fcf3ad702c67a11a23e11c367f29e3ad832f,,07/22/2025 12:35:00 AM,30,NO CONTROLS,NO CONTROLS,CLEAR,DARKNESS,TURNING,FOUR WAY,,STRAIGHT AND LEVEL,DRY,NO DEFECTS,NOT ON SCENE (DESK REPORT),NO INJURY / DRIVE AWAY,Y,,Y,"OVER $1,500",07/22/2025 02:00:00 AM,UNABLE TO DETERMINE,NOT APPLICABLE,603,S,INDEPENDENCE BLVD,1133,,,,,,,2,NO INDICATION OF INJURY,0,0,0,0,0,2,0,0,3,7,41.8734120329,-87.7196023246,POINT (-87.719602324613 41.873412032853)
91088a6f60ff5e28ee80dbc4581660849d3fe9bbe77d157f1b1b2b5c37f0a6f4898c2fe1eb7b51e4eb48b554705fd718146a3973b2fb26baab597d69c2eab978,,07/22/2025 12:24:00 AM,30,STOP SIGN/FLASHER,FUNCTIONING PROPERLY,CLEAR,"DARKNESS, LIGHTED ROAD",OTHER OBJECT,NOT DIVIDED,,STRAIGHT AND LEVEL,DRY,NO DEFECTS,,INJURY AND / OR TOW DUE TO CRASH,,,,"OVER $1,500",07/22/2025 12:24:00 AM,NOT APPLICABLE,NOT APPLICABLE,6400,S,CALIFORNIA AVE,823,,,,,,,1,INCAPACITATING INJURY,1,0,1,0,0,0,0,0,3,7,41.7771671725,-87.6934896469,POINT (-87.69348964687 41.777167172518)
e1184747ca6578dbbf83bf8d1fea671faa391743221ff0b81afb15ca6f92acff374b194a301e6bdb52716f26539662161a680184884a0d4c8d68955cd8bd4cbb,,07/22/2025 12:22:00 AM,30,NO CONTROLS,NO CONTROLS,CLEAR,DARKNESS,PARKED MOTOR VEHICLE,ONE-WAY,,STRAIGHT AND LEVEL,DRY,UNKNOWN,ON SCENE,INJURY AND / OR TOW DUE TO CRASH,,,Y,"OVER $1,500",07/22/2025 01:24:00 AM,IMPROPER OVERTAKING/PASSING,IMPROPER OVERTAKING/PASSING,8013,S,BISHOP ST,612,,,,,,,2,NO INDICATION OF INJURY,0,0,0,0,0,1,0,0,3,7,41.7481594676,-87.6595939994,POINT (-87.659593999352 41.748159467591)
fc69b2b437f9dc5425fae7497040731f1f30603ecbbc0427b99da5bdb5d70889a28e2a6855c3241691d926677b971257c5f06a5e09f41567ccf73960c879bc69,,07/22/2025 12:01:00 AM,30,NO CONTROLS,NO CONTROLS,CLEAR,"DARKNESS, LIGHTED ROAD",PARKED MOTOR VEHICLE,NOT DIVIDED,,STRAIGHT AND LEVEL,DRY,NO DEFECTS,NOT ON SCENE (DESK REPORT),NO INJURY / DRIVE AWAY,,,Y,"$501 - $1,500",07/23/2025 12:20:00 PM,UNABLE TO DETERMINE,UNABLE TO DETERMINE,7399,W,BIRCHWOOD AVE,1611,,,,,,,2,NO INDICATION OF INJURY,0,0,0,0,0,1,0,0,3,7,42.0169319689,-87.8113894874,POINT (-87.811389487407 42.016931968948)
35604cdd6221806bb869433e6c3698ed5326d35d5a53ccdd7424973d565dab42bfb86c8714cf8da8b8344045d25c1db89b69ad3870d918675ace597b92c23c19,,07/22/2025 12:00:00 AM,30,NO CONTROLS,NO CONTROLS,CLEAR,"DARKNESS, LIGHTED ROAD",PARKED MOTOR VEHICLE,NOT DIVIDED,,STRAIGHT AND LEVEL,DRY,NO DEFECTS,ON SCENE,INJURY AND / OR TOW DUE TO CRASH,,,,"OVER $1,500",07/22/2025 12:02:00 AM,CELL PHONE USE OTHER THAN TEXTING,IMPROPER LANE USAGE,6142,N,CALIFORNIA AVE,2413,,,,,,,2,NO INDICATION OF INJURY,0,0,0,0,0,1,0,0,3,7,41.9934415657,-87.6996454249,POINT (-87.699645424939 41.993441565722)
e0fca7c36a94d05c1a8a340cb59cbec4ef6e98eca5a4f8e2775e865fee81df8a7c499f388046d7714c253df0d67a06d57eeefe30eca2396c7318599d88087378,Y,07/21/2025 11:38:00 PM,30,NO CONTROLS,NO CONTROLS,CLEAR,"DARKNESS, LIGHTED ROAD",PARKED MOTOR VEHICLE,NOT DIVIDED,,STRAIGHT AND LEVEL,DRY,NO DEFECTS,ON SCENE,NO INJURY / DRIVE AWAY,,,Y,"OVER $1,500",07/21/2025 11:38:00 PM,UNABLE TO DETERMINE,NOT APPLICABLE,1403,W,JARVIS AVE,2423,,,,,,,2,NO INDICATION OF INJURY,0,0,0,0,0,1,0,23,2,7,42.0159707403,-87.6663829832,POINT (-87.666382983216 42.015970740269)
7d326d59cc8cad79a9bb72032f4bca96c7924389c363b0ba755397b841239a051e7c3c5aace1ad22ad321c6319107d7aa6278638552acb2816b020ce9159b4b5,,07/21/2025 11:25:00 PM,30,NO CONTROLS,NO CONTROLS,CLEAR,"DARKNESS, LIGHTED ROAD",PARKED MOTOR VEHICLE,ONE-WAY,,STRAIGHT AND LEVEL,DRY,UNKNOWN,NOT ON SCENE (DESK REPORT),INJURY AND / OR TOW DUE TO CRASH,,,,"OVER $1,500",07/21/2025 11:25:00 PM,UNABLE TO DETERMINE,UNABLE TO DETERMINE,6910,S,INDIANA AVE,322,Y,Y,,,,,2,NO INDICATION OF INJURY,0,0,0,0,0,1,0,23,2,7,41.7688887215,-87.6203486312,POINT (-87.620348631243 41.768888721518)