CRASH_RECORD_ID,CRASH_DATE_EST_I,CRASH_DATE,POSTED_SPEED_LIMIT,TRAFFIC_CONTROL_DEVICE,DEVICE_CONDITION,WEATHER_CONDITION,LIGHTING_CONDITION,FIRST_CRASH_TYPE,TRAFFICWAY_TYPE,LANE_CNT,ALIGNMENT,ROADWAY_SURFACE_COND,ROAD_DEFECT,REPORT_TYPE,CRASH_TYPE,INTERSECTION_RELATED_I,NOT_RIGHT_OF_WAY_I,HIT_AND_RUN_I,DAMAGE,DATE_POLICE_NOTIFIED,PRIM_CONTRIBUTORY_CAUSE,SEC_CONTRIBUTORY_CAUSE,STREET_NO,STREET_DIRECTION,STREET_NAME,BEAT_OF_OCCURRENCE,PHOTOS_TAKEN_I,STATEMENTS_TAKEN_I,DOORING_I,WORK_ZONE_I,WORK_ZONE_TYPE,WORKERS_PRESENT_I,NUM_UNITS,MOST_SEVERE_INJURY,INJURIES_TOTAL,INJURIES_FATAL,INJURIES_INCAPACITATING,INJURIES_NON_INCAPACITATING,INJURIES_REPORTED_NOT_EVIDENT,INJURIES_NO_INDICATION,INJURIES_UNKNOWN,CRASH_HOUR,CRASH_DAY_OF_WEEK,CRASH_MONTH,LATITUDE,LONGITUDE,LOCATION
6fe66eca284a2d42c0428c3abb9f01da2e5d0cadd4fbad96a2217bc596670d2d5df2351347a485fb060516b142fd1687983609bf4b0de41b590bcd9644ece647,,07/21/2025 11:20:00 PM,30,STOP SIGN/FLASHER,FUNCTIONING PROPERLY,CLEAR,"DARKNESS, LIGHTED ROAD",REAR END,DIVIDED - W/MEDIAN (NOT RAISED),,STRAIGHT AND LEVEL,DRY,NO DEFECTS,NOT ON SCENE (DESK REPORT),NO INJURY / DRIVE AWAY,Y,,Y,"OVER $1,500",07/23/2025 06:09:00 PM,FAILING TO REDUCE SPEED TO AVOID CRASH,UNABLE TO DETERMINE,7900,S,PRAIRIE AVE,623,,,,,,,2,NO INDICATION OF INJURY,0,0,0,0,0,2,0,23,2,7,41.7509690079,-87.6182972719,POINT (-87.618297271899 41.75096900785)
10b3da62a3740a188d7a25c15b0068356db969034ef1e2aae9da145e17a074766c97ac3447dec6f7838d6e4949fef90f282da01bf30dff5acef47208822c2e59,,07/21/2025 11:15:00 PM,30,TRAFFIC SIGNAL,FUNCTIONING PROPERLY,CLEAR,"DARKNESS, LIGHTED ROAD",ANGLE,FOUR WAY,,STRAIGHT AND LEVEL,DRY,NO DEFECTS,NOT ON SCENE (DESK REPORT),INJURY AND / OR TOW DUE TO CRASH,Y,,Y,"OVER $1,500",07/22/2025 12:30:00 AM,DISREGARDING TRAFFIC SIGNALS,UNABLE TO DETERMINE,1200,W,87TH ST,613,,,,,,,2,NONINCAPACITATING INJURY,1,0,0,1,0,1,0,23,2,7,41.7360440895,-87.6534042418,POINT (-87.653404241798 41.736044089544)
571b1934537f1b7e6741e9c468544d8ae7e7fd2520bf6cd4f6e4e282955f30e216af36edaa9622a3cf90e7b34ee99226aa1f4c93d24fc5eb85f53e549b7be060,,07/21/2025 11:10:00 PM,30,NO CONTROLS,NO CONTROLS,CLEAR,"DARKNESS, LIGHTED ROAD",PARKED MOTOR VEHICLE,PARKING LOT,,STRAIGHT AND LEVEL,DRY,UNKNOWN,NOT ON SCENE (DESK REPORT),NO INJURY / DRIVE AWAY,,Y,,"$501 - $1,500",07/21/2025 11:45:00 PM,UNABLE TO DETERMINE,NOT APPLICABLE,4955,W,MADISON ST,1533,,,,,,,2,NO INDICATION OF INJURY,0,0,0,0,0,3,0,23,2,7,41.8803304533,-87.7497895171,POINT (-87.749789517126 41.880330453313)
d9c18e3ef7258ad6474c3cdf0ccae33c280f8e1e1a006389e89205da294c42a243ffd676311478204aa0188047c902033089cecec4ebde27a197b55a115dfac0,,07/21/2025 11:00:00 PM,30,TRAFFIC SIGNAL,FUNCTIONING PROPERLY,CLEAR,"DARKNESS, LIGHTED ROAD",ANGLE,FOUR WAY,,STRAIGHT AND LEVEL,DRY,NO DEFECTS,NOT ON SCENE (DESK REPORT),INJURY AND / OR TOW DUE TO CRASH,Y,,Y,"OVER $1,500",07/23/2025 04:45:00 PM,FAILING TO YIELD RIGHT-OF-WAY,NOT APPLICABLE,801,E,PERSHING RD,214,,,,,,,2,NO INDICATION OF INJURY,0,0,0,0,0,2,0,23,2,7,41.8238804827,-87.6067533271,POINT (-87.606753327099 41.823880482672)
cbdd989185d4a2b110d7f506244a7aeedc8be080f24551860ec2ed08e3ea0280a3b97d30c9634b7cef3a55dcab712677d33620b762bd606af52fb137d4d42dae,,07/21/2025 10:50:00 PM,30,NO CONTROLS,NO CONTROLS,CLEAR,"DARKNESS, LIGHTED ROAD",PEDESTRIAN,NOT DIVIDED,,STRAIGHT AND LEVEL,DRY,NO DEFECTS,ON SCENE,INJURY AND / OR TOW DUE TO CRASH,,,Y,"OVER $1,500",07/21/2025 10:52:00 PM,FAILING TO REDUCE SPEED TO AVOID CRASH,UNABLE TO DETERMINE,524,N,PULASKI RD,1111,Y,,,,,,2,INCAPACITATING INJURY,1,0,1,0,0,1,0,22,2,7,41.8906329653,-87.7260943533,POINT (-87.726094353258 41.890632965335)
bbf53b58cbfea124d8e4bba643b9ebcbaa52bf878d259a3d66bf2fa208a7055b86d0ab713bb3781fdc6f5b1c2fef7b19f2b1ac20ef83cfd1aaca03bdf7c06787,,07/21/2025 10:34:00 PM,30,TRAFFIC SIGNAL,FUNCTIONING PROPERLY,CLEAR,"DARKNESS, LIGHTED ROAD",OTHER OBJECT,FOUR WAY,,STRAIGHT AND LEVEL,DRY,NO DEFECTS,ON SCENE,INJURY AND / OR TOW DUE TO CRASH,Y,,,"OVER $1,500",07/21/2025 10:47:00 PM,DISREGARDING TRAFFIC SIGNALS,DRIVING ON WRONG SIDE/WRONG WAY,4400,W,NORTH AVE,2533,,,,,,,2,NONINCAPACITATING INJURY,1,0,0,1,0,1,0,22,2,7,41.9098635734,-87.7363802961,POINT (-87.736380296054 41.909863573402)
d977ae63ec13b2b3cdcee1df8d83e1ec7ce86dc7c4e2c2d4b471e76c381e98c6217c1b5c81ed6e723cabaf4f32c2d74ec65f096381eb1578dbc0b5ac9d0009cd,,07/21/2025 10:25:00 PM,39,NO CONTROLS,NO CONTROLS,CLEAR,"DARKNESS, LIGHTED ROAD",PARKED MOTOR VEHICLE,ONE-WAY,,STRAIGHT AND LEVEL,DRY,WORN SURFACE,ON SCENE,INJURY AND / OR TOW DUE TO CRASH,,,Y,"OVER $1,500",07/21/2025 10:25:00 PM,UNABLE TO DETERMINE,UNABLE TO DETERMINE,4109,W,WILCOX ST,1115,,,,,,,3,NO INDICATION OF INJURY,0,0,0,0,0,1,0,22,2,7,41.8787242513,-87.7284840866,POINT (-87.728484086564 41.878724251265)
8c77ad98f9e6fe2b4246d6108dcfc10967bf9919a546b25d734e528e4abda8d66c0d72b7581129bc77a8ce3f7b5f32c404857a0d3632928464f434aae75c28ae,,07/21/2025 10:12:00 PM,20,NO CONTROLS,NO CONTROLS,CLEAR,"DARKNESS, LIGHTED ROAD",SIDESWIPE SAME DIRECTION,ALLEY,,STRAIGHT AND LEVEL,DRY,NO DEFECTS,ON SCENE,NO INJURY / DRIVE AWAY,,,,"OVER $1,500",07/21/2025 10:13:00 PM,UNABLE TO DETERMINE,NOT APPLICABLE,2125,W,NORWOOD ST,2413,,,,,,,3,NO INDICATION OF INJURY,0,0,0,0,0,2,0,22,2,7,41.9917155812,-87.6832467056,POINT (-87.683246705572 41.991715581189)
9ce688bbd286f12eac54406e5add9520351b00fa698f4409f200c430f20bd956df1b784d12887df9819392ef19d2469efd7cf1a3f2b139eaabfa95e241d08808,,07/21/2025 10:12:00 PM,30,UNKNOWN,UNKNOWN,CLEAR,"DARKNESS, LIGHTED ROAD",ANGLE,NOT DIVIDED,,STRAIGHT AND LEVEL,DRY,UNKNOWN,ON SCENE,INJURY AND / OR TOW DUE TO CRASH,,,N,"OVER $1,500",07/21/2025 10:20:00 PM,DISREGARDING STOP SIGN,NOT APPLICABLE,7000,S,RACINE AVE,734,,,,,,,2,NO INDICATION OF INJURY,0,0,0,0,0,3,0,22,2,7,41.7667795407,-87.6543080865,POINT (-87.654308086504 41.766779540665)
d69fccd7a5359fc4839774bc03d68608c4b347c0d63af9603ab1e344abea6a899f5bb3477e20c56ac5f71721d5dede4d3942ff46f4e4a2b3359791a5eb03ec9c,N,07/21/2025 10:00:00 PM,30,NO CONTROLS,NO CONTROLS,CLEAR,"DARKNESS, LIGHTED ROAD",PARKED MOTOR VEHICLE,NOT DIVIDED,,STRAIGHT AND LEVEL,DRY,UNKNOWN,NOT ON SCENE (DESK REPORT),NO INJURY / DRIVE AWAY,,,Y,"OVER $1,500",07/21/2025 10:50:00 PM,UNABLE TO DETERMINE,NOT APPLICABLE,740,W,113TH ST,2233,,,,,,,2,NO INDICATION OF INJURY,0,0,0,0,0,1,0,22,2,7,41.6888405528,-87.6414527283,POINT (-87.641452728278 41.688840552769)
37111aa7f1526f242bccb3a644b9c156298a1bf736fb77b6262b030a6ac852549ea3c7ab9f19c22dce73ab97971c21dede4e7154c9a1f5b79ba678ee1e2bea7f,,07/21/2025 09:56:00 PM,25,STOP SIGN/FLASHER,UNKNOWN,CLEAR,DARKNESS,ANGLE,FOUR WAY,,STRAIGHT AND LEVEL,UNKNOWN,UNKNOWN,ON SCENE,INJURY AND / OR TOW DUE TO CRASH,,,,"OVER $1,500",07/21/2025 09:56:00 PM,UNABLE TO DETERMINE,NOT APPLICABLE,5031,S,ST LAWRENCE AVE,223,Y,Y,,,,,2,"REPORTED, NOT EVIDENT",1,0,0,0,1,4,0,21,2,7,41.803140122,-87.6111617909,POINT (-87.611161790935 41.803140121985)
9f9b8a2bdfa1c7502e21ecc13e88943c5a90fa5f07211d6e521d2c146780ac637b64b892d5c9cff6f4824ee683eb51725157cc550d2353211a7c294f5ebbdfa9,,07/21/2025 09:45:00 PM,55,NO CONTROLS,NO CONTROLS,CLEAR,"DARKNESS, LIGHTED ROAD",SIDESWIPE SAME DIRECTION,DIVIDED - W/MEDIAN BARRIER,,STRAIGHT AND LEVEL,DRY,NO DEFECTS,ON SCENE,NO INJURY / DRIVE AWAY,,,,"OVER $1,500",07/21/2025 09:45:00 PM,FAILING TO YIELD RIGHT-OF-WAY,NOT APPLICABLE,10,W,I190 EXPY OB,1654,,,,,,,2,NO INDICATION OF INJURY,0,0,0,0,0,3,0,21,2,7,,,
00be8004c4feda7729dd2de7ba19f28243728488f5f19876bf27291acd2f040d13e9fe762603779b1deac1e754856cc2ad4f97e45edc8164f9b92f21c5addb1d,,07/21/2025 09:30:00 PM,30,NO CONTROLS,NO CONTROLS,CLEAR,DARKNESS,TURNING,FOUR WAY,,STRAIGHT AND LEVEL,DRY,NO DEFECTS,NOT ON SCENE (DESK REPORT),NO INJURY / DRIVE AWAY,Y,,N,"$501 - $1,500",07/21/2025 10:30:00 PM,UNABLE TO DETERMINE,NOT APPLICABLE,200,S,COLUMBUS DR,114,,,,,,,2,NO INDICATION OF INJURY,0,0,0,0,0,2,0,21,2,7,41.8795361677,-87.6208945286,POINT (-87.62089452856 41.879536167659)
8d336b3bb2c5d5302b68569c79c9ade30d5d239bb19cb06f9d1d42e608015401fb998f1cedf6879eaee04d3ad8cf9d732b4b873c99f10099357d741fae03b070,,07/21/2025 09:30:00 PM,30,TRAFFIC SIGNAL,UNKNOWN,CLEAR,UNKNOWN,TURNING,FOUR WAY,,STRAIGHT AND LEVEL,UNKNOWN,NO DEFECTS,NOT ON SCENE (DESK REPORT),NO INJURY / DRIVE AWAY,,,Y,"OVER $1,500",07/21/2025 11:15:00 PM,IMPROPER OVERTAKING/PASSING,NOT APPLICABLE,300,S,COLUMBUS DR,114,,,,,,,2,NO INDICATION OF INJURY,0,0,0,0,0,2,0,21,2,7,41.8782655778,-87.620822303,POINT (-87.620822302974 41.878265577833)
1fdd019da608d0461505f2e80d564e019e39f14040e235ced43c89c931702cdd2414d33936ed330fffa418d024d58aadb1cd0e5826ab1eea463eeaac6a736423,,07/21/2025 09:27:00 PM,30,TRAFFIC SIGNAL,FUNCTIONING PROPERLY,CLEAR,"DARKNESS, LIGHTED ROAD",TURNING,DIVIDED - W/MEDIAN (NOT RAISED),,STRAIGHT AND LEVEL,DRY,NO DEFECTS,ON SCENE,INJURY AND / OR TOW DUE TO CRASH,,,Y,"OVER $1,500",07/21/2025 09:30:00 PM,IMPROPER TURNING/NO SIGNAL,UNABLE TO DETERMINE,417,S,MORGAN ST,1232,,,,,,,2,NONINCAPACITATING INJURY,2,0,0,2,0,1,0,21,2,7,41.8760366108,-87.6517131769,POINT (-87.651713176938 41.876036610757)
042509444c641c509f67b65d351e59c2823c28c2db2ed247f94ca72d456717f9b9c0d74da468aeac64f14b16ebc0012f12910218b4fa9b1dadb707a7df6e90af,,07/21/2025 09:24:00 PM,20,NO CONTROLS,NO CONTROLS,CLEAR,"DARKNESS, LIGHTED ROAD",FIXED OBJECT,ALLEY,,STRAIGHT AND LEVEL,DRY,NO DEFECTS,ON SCENE,NO INJURY / DRIVE AWAY,,,,"OVER $1,500",07/21/2025 09:24:00 PM,"OPERATING VEHICLE IN ERRATIC, RECKLESS, CARELESS, NEGLIGENT OR AGGRESSIVE MANNER",NOT APPLICABLE,700,E,51ST ST,223,,,,,,,1,NO INDICATION OF INJURY,0,0,0,0,0,1,0,21,2,7,41.8023199383,-87.6087011821,POINT (-87.608701182138 41.802319938336)
c5faed8e4053fd6d2d3fa8a46597e2a045ccf10c173f5523007e7d8b3d1b22d1db8f4ea45b960d331bdb303ebdac39e8cb89b49c6f0cbe3ba21310b36c1463de,,07/21/2025 09:20:00 PM,15,STOP SIGN/FLASHER,NO CONTROLS,CLEAR,"DARKNESS, LIGHTED ROAD",ANGLE,FOUR WAY,,STRAIGHT AND LEVEL,DRY,NO DEFECTS,NOT ON SCENE (DESK REPORT),NO INJURY / DRIVE AWAY,,,Y,"OVER $1,500",07/21/2025 09:40:00 PM,DISREGARDING STOP SIGN,DISREGARDING STOP SIGN,2102,S,SPAULDING AVE,1024,,,,,,,2,NO INDICATION OF INJURY,0,0,0,0,0,4,0,21,2,7,41.8534461723,-87.7078873875,POINT (-87.707887387549 41.853446172339)
2cf3caada1221328f9b3a85c3e58b4b7b1fea7b19a07e9eef9d4c994b9a8052b5cffef1049515349703b21d5758cdb55c04ddd4a1cfbbec75484e4a8d669ea94,,07/21/2025 09:15:00 PM,25,NO CONTROLS,NO CONTROLS,CLEAR,DUSK,PARKED MOTOR VEHICLE,NOT DIVIDED,,STRAIGHT AND LEVEL,DRY,NO DEFECTS,ON SCENE,INJURY AND / OR TOW DUE TO CRASH,,,,"OVER $1,500",07/21/2025 09:20:00 PM,EQUIPMENT - VEHICLE CONDITION,NOT APPLICABLE,10048,S,PROSPECT AVE,2213,,,,,,,2,NO INDICATION OF INJURY,0,0,0,0,0,2,0,21,2,7,41.710692636,-87.6625874342,POINT (-87.662587434153 41.710692635973)
7d345c76ee0b9b1e792abe0e3e5b343d2e01bdf0cce439422f431d9cdc4bc46cbc669206d01989a1ef599e2c4d23708a47254a43751ed96f0501209e3f14f07f,,07/21/2025 09:00:00 PM,30,NO CONTROLS,NO CONTROLS,CLEAR,DAYLIGHT,PARKED MOTOR VEHICLE,ONE-WAY,,STRAIGHT AND LEVEL,DRY,NO DEFECTS,NOT ON SCENE (DESK REPORT),NO INJURY / DRIVE AWAY,,,Y,"$501 - $1,500",07/22/2025 07:38:00 PM,FOLLOWING TOO CLOSELY,NOT APPLICABLE,541,W,OAKDALE AVE,1934,,,,,,,2,NO INDICATION OF INJURY,0,0,0,0,0,1,0,21,2,7,41.9354257611,-87.6434462063,POINT (-87.643446206337 41.935425761136)
b65ff19b94198cab3a2f1bac10f259c03b6af06415ad31e20969221ee61ab9c69754a1d21f3002ad5aded8f236d5776204e3fe3ac154319177b8ef8f28ef3222,Y,07/21/2025 08:30:00 PM,30,NO CONTROLS,NO CONTROLS,CLEAR,DARKNESS,PARKED MOTOR VEHICLE,ONE-WAY,,STRAIGHT AND LEVEL,DRY,NO DEFECTS,ON SCENE,NO INJURY / DRIVE AWAY,,,,"OVER $1,500",07/21/2025 09:07:00 PM,UNABLE TO DETERMINE,NOT APPLICABLE,5015,N,PAULINA ST,2032,,,,Y,CONSTRUCTION,,2,NO INDICATION OF INJURY,0,0,0,0,0,1,0,20,2,7,41.9729622426,-87.6709850478,POINT (-87.67098504779 41.972962242612)
b3c574aa0268c877179a7b896d3eebb613eaee78f40319a807e624a522f057a87f7008877c4b0381db2066add80794364bae4b18f693c8061b1759b752349ebf,,07/21/2025 08:23:00 PM,30,TRAFFIC SIGNAL,FUNCTIONING PROPERLY,CLEAR,DUSK,PEDESTRIAN,FOUR WAY,,STRAIGHT AND LEVEL,DRY,NO DEFECTS,ON SCENE,INJURY AND / OR TOW DUE TO CRASH,Y,,Y,"OVER $1,500",07/21/2025 10:47:00 PM,UNABLE TO DETERMINE,UNABLE TO DETERMINE,4801,W,FLOURNOY ST,1533,,,,,,,2,NONINCAPACITATING INJURY,1,0,0,1,0,1,0,20,2,7,41.8719615022,-87.7449751956,POINT (-87.744975195626 41.871961502214)
a7b9a8cd995544278b37dde1b9ff1638feb70b5620b6ceac0131fe1bf9170c6ca79b80fcaeca49873e56b1cc0ecf8e9962b8a790b51bbced40b2555210dc64c2,,07/21/2025 08:15:00 PM,30,UNKNOWN,UNKNOWN,CLEAR,"DARKNESS, LIGHTED ROAD",REAR END,NOT DIVIDED,,STRAIGHT AND LEVEL,UNKNOWN,UNKNOWN,NOT ON SCENE (DESK REPORT),NO INJURY / DRIVE AWAY,,,,"OVER $1,500",07/21/2025 08:40:00 PM,UNABLE TO DETERMINE,UNABLE TO DETERMINE,7001,S,COTTAGE GROVE AVE,321,,,,,,,2,NO INDICATION OF INJURY,0,0,0,0,0,4,0,20,2,7,41.767498233,-87.6054923482,POINT (-87.605492348222 41.767498232985)
ba3cd3cd95d5d1c03b16cbeb8ca0d229265db3fc10870d9e260b604081fbc4e2f566a6052c56249e53106cb42a34233d7f805307d42dc73011fc1b3e8c0cbcaa,Y,07/21/2025 08:15:00 PM,30,NO CONTROLS,NO CONTROLS,CLEAR,DAYLIGHT,REAR END,NOT DIVIDED,,STRAIGHT AND LEVEL,DRY,NO DEFECTS,NOT ON SCENE (DESK REPORT),NO INJURY / DRIVE AWAY,,,,"OVER $1,500",07/22/2025 07:23:00 AM,UNABLE TO DETERMINE,NOT APPLICABLE,3300,S,PULASKI RD,1031,,,,,,,2,NO INDICATION OF INJURY,0,0,0,0,0,2,0,20,2,7,41.8332701944,-87.7244186454,POINT (-87.724418645371 41.833270194369)
8c2aab95cceb364cf3c00cff6f552d90492be1d01fc9473e1a1f52ec37b5620bd88dc66978d8926b1fc0bdf8e8de829e87cd48ad0646da7a2e6a4136a77e2d19,,07/21/2025 07:45:00 PM,30,NO CONTROLS,NO CONTROLS,CLEAR,DAYLIGHT,PARKED MOTOR VEHICLE,NOT DIVIDED,,STRAIGHT AND LEVEL,DRY,UNKNOWN,ON SCENE,INJURY AND / OR TOW DUE TO CRASH,,,Y,"OVER $1,500",07/21/2025 07:47:00 PM,UNABLE TO DETERMINE,NOT APPLICABLE,8628,S,RACINE AVE,613,,,,,,,2,NO INDICATION OF INJURY,0,0,0,0,0,1,0,19,2,7,41.7368706489,-87.6535143766,POINT (-87.653514376613 41.736870648948)
32ca1702ddf2e09a23cf03c4eccf5620bfd295d233ecea6d3bc59d62e6659b0f4e9649f3932de0c1692dbaacca097f3c6e2766817d67f583abaf957aafee52d4,,07/21/2025 07:40:00 PM,30,NO CONTROLS,NO CONTROLS,CLEAR,DAYLIGHT,OTHER OBJECT,OTHER,,STRAIGHT AND LEVEL,DRY,NO DEFECTS,ON SCENE,NO INJURY / DRIVE AWAY,,,,"OVER $1,500",07/21/2025 08:00:00 PM,NOT APPLICABLE,NOT APPLICABLE,4401,S,ASHLAND AVE,924,,,,,,,1,NO INDICATION OF INJURY,0,0,0,0,0,5,0,19,2,7,41.8139697825,-87.6649605091,POINT (-87.664960509109 41.813969782477)
c38b82624d56404efc9498495bf1eef4a8e865c819485da2ec88a5a0c454ad855ddb693d0fd891f2084cc91109983f2530adc2244f459d397b5ce5a31245b7aa,,07/21/2025 07:40:00 PM,30,TRAFFIC SIGNAL,FUNCTIONING PROPERLY,CLEAR,DAYLIGHT,SIDESWIPE SAME DIRECTION,NOT DIVIDED,,STRAIGHT AND LEVEL,WET,NO DEFECTS,ON SCENE,NO INJURY / DRIVE AWAY,,,Y,"OVER $1,500",07/21/2025 08:00:00 PM,UNABLE TO DETERMINE,NOT APPLICABLE,10700,W,IRVING PARK RD,1654,,,,,,,2,NO INDICATION OF INJURY,0,0,0,0,0,2,0,19,2,7,41.95517597,-87.8930788455,POINT (-87.893078845519 41.95517597002)
ed46e781370e0b03eb49580a8461ccafb3b48a967b90c9df9155788f7dfd0b5ea59208f272916e4e59c8d169b636b00be388730fa0ada4d67a3f62f7c675da27,,07/21/2025 07:30:00 PM,30,TRAFFIC SIGNAL,FUNCTIONING PROPERLY,CLEAR,DUSK,REAR END,DIVIDED - W/MEDIAN (NOT RAISED),,STRAIGHT AND LEVEL,DRY,NO DEFECTS,NOT ON SCENE (DESK REPORT),NO INJURY / DRIVE AWAY,Y,,,$500 OR LESS,07/22/2025 06:05:00 PM,UNABLE TO DETERMINE,NOT APPLICABLE,5100,S,LAKE PARK AVE,234,,,,,,,2,NO INDICATION OF INJURY,0,0,0,0,0,2,0,19,2,7,41.8023797296,-87.5879794066,POINT (-87.587979406628 41.802379729614)
bad00838aeb42d1f62c63ede7cfd308badfc0bf11f8d6f28ba6e4752c7736f85db9c236cc96f05edc96f4950d7f2a04a682f244c8f5839bea487b36057474a18,,07/21/2025 07:20:00 PM,30,TRAFFIC SIGNAL,FUNCTIONING PROPERLY,CLEAR,DAYLIGHT,REAR END,DIVIDED - W/MEDIAN (NOT RAISED),,STRAIGHT AND LEVEL,DRY,NO DEFECTS,ON SCENE,INJURY AND / OR TOW DUE TO CRASH,Y,,,"OVER $1,500",07/21/2025 07:20:00 PM,UNABLE TO DETERMINE,UNABLE TO DETERMINE,7702,W,BELMONT AVE,1631,,,,,,,3,NONINCAPACITATING INJURY,1,0,0,1,0,2,0,19,2,7,41.9379972272,-87.8191124522,POINT (-87.819112452191 41.93799722721)
e0819576edfeb0ffc2a493e74511f669ba99502ba5179751408d4ee0181588a99450a1c8d8103ccc490e74dffc6d79125a96bea87321a24fcfa8fc611b5aa7d1,,07/21/2025 07:15:00 PM,30,NO CONTROLS,NO CONTROLS,CLEAR,UNKNOWN,SIDESWIPE SAME DIRECTION,DIVIDED - W/MEDIAN (NOT RAISED),,STRAIGHT AND LEVEL,UNKNOWN,UNKNOWN,ON SCENE,NO INJURY / DRIVE AWAY,,,,"OVER $1,500",07/21/2025 07:28:00 PM,UNABLE TO DETERMINE,NOT APPLICABLE,4735,W,FULLERTON AVE,2522,,,,,,,2,NO INDICATION OF INJURY,0,0,0,0,0,2,0,19,2,7,41.9241434263,-87.745293641,POINT (-87.745293640971 41.924143426278)
49a8abff4981811940f44f892326ab2dc32eb616492e82a2eeb3ad3d09c635b7d53d810a6cf9d9adf5ac590af39441290133cbd8684a2d638f2ea2860d72f92d,,07/21/2025 07:10:00 PM,10,UNKNOWN,UNKNOWN,UNKNOWN,UNKNOWN,PARKED MOTOR VEHICLE,UNKNOWN,,STRAIGHT AND LEVEL,UNKNOWN,UNKNOWN,NOT ON SCENE (DESK REPORT),NO INJURY / DRIVE AWAY,,,Y,"OVER $1,500",07/22/2025 11:30:00 AM,UNABLE TO DETERMINE,UNABLE TO DETERMINE,2754,N,CLYBOURN AVE,1931,,,,,,,2,NO INDICATION OF INJURY,0,0,0,0,0,1,0,19,2,7,41.931187334,-87.6770555951,POINT (-87.677055595148 41.931187333954)
16c7e1cabb1d760697a0cbd450021e22a451860229aae18b074c21bf0c190150aaefbae665c6652833f499428c11d7cdccdf6d2ec6ce95bc42e7a99793ebc689,,07/21/2025 07:00:00 PM,35,UNKNOWN,UNKNOWN,CLEAR,DAYLIGHT,SIDESWIPE SAME DIRECTION,NOT DIVIDED,,STRAIGHT AND LEVEL,UNKNOWN,UNKNOWN,ON SCENE,NO INJURY / DRIVE AWAY,,,,"OVER $1,500",07/21/2025 08:00:00 PM,NOT APPLICABLE,UNABLE TO DETERMINE,3224,W,79TH ST,835,,,,,,,2,NO INDICATION OF INJURY,0,0,0,0,0,2,0,19,2,7,41.7499481613,-87.7034574113,POINT (-87.703457411305 41.749948161272)
642eba8a58b59841affc41bb3c3137cb0e462a7bd789b6d8652fd90427410d4e0414199b0ff13632d67ac7c9b10aeb7d398cb4a2aac274b43477cda86ee652ff,,07/21/2025 07:00:00 PM,25,NO CONTROLS,NO CONTROLS,UNKNOWN,UNKNOWN,PARKED MOTOR VEHICLE,NOT DIVIDED,,STRAIGHT AND LEVEL,UNKNOWN,UNKNOWN,NOT ON SCENE (DESK REPORT),NO INJURY / DRIVE AWAY,,,Y,"OVER $1,500",07/22/2025 03:00:00 PM,UNABLE TO DETERMINE,UNABLE TO DETERMINE,8933,S,JEFFERY BLVD,413,,,,,,,2,NO INDICATION OF INJURY,0,0,0,0,0,1,0,19,2,7,41.7324139642,-87.5754597515,POINT (-87.575459751491 41.732413964238)
e15f5dcb9721f5acb8f3718e45b533a9f216ce547f1400c1e2aa75a4b5a0ac955ab772a1387ffd932e9a04227f377d3724a8ade677a692b3895a80631115121a,,07/21/2025 07:00:00 PM,30,UNKNOWN,UNKNOWN,CLEAR,DAYLIGHT,SIDESWIPE SAME DIRECTION,FOUR WAY,,STRAIGHT AND LEVEL,DRY,UNKNOWN,NOT ON SCENE (DESK REPORT),NO INJURY / DRIVE AWAY,Y,,N,$500 OR LESS,07/21/2025 07:30:00 PM,IMPROPER LANE USAGE,IMPROPER LANE USAGE,4355,N,ASHLAND AVE,1912,,,,,,,2,NO INDICATION OF INJURY,0,0,0,0,0,2,0,19,2,7,41.9613895843,-87.6691029155,POINT (-87.669102915473 41.961389584302)
cacd0722c246c272d72294e4d8b39974fb991407cecde320ab8cb94ed96521619dc2f51e07baddd8c138b827d192f8c253e3043066ea0725f2d4550cb84a43d3,,07/21/2025 06:55:00 PM,15,STOP SIGN/FLASHER,NO CONTROLS,CLEAR,DAYLIGHT,REAR TO SIDE,NOT DIVIDED,,STRAIGHT AND LEVEL,DRY,NO DEFECTS,ON SCENE,INJURY AND / OR TOW DUE TO CRASH,,,Y,$500 OR LESS,07/21/2025 06:58:00 PM,FAILING TO YIELD RIGHT-OF-WAY,FAILING TO YIELD RIGHT-OF-WAY,1300,S,KEELER AVE,1011,,,,,,,2,NONINCAPACITATING INJURY,2,0,0,2,0,2,0,18,2,7,41.864179514,-87.7301511589,POINT (-87.730151158876 41.864179513984)
31140f37d0fb1b0e4049ab5ae05e5bfc7079051e71e80b227d85895b8c9c5973b43dd5682d5ccb8c683ab786b79ba00dc8da6643f02b30a6c17dd7cc42b7b366,,07/21/2025 06:50:00 PM,40,NO CONTROLS,NO CONTROLS,CLEAR,DAYLIGHT,SIDESWIPE SAME DIRECTION,DIVIDED - W/MEDIAN BARRIER,,STRAIGHT AND LEVEL,DRY,NO DEFECTS,NOT ON SCENE (DESK REPORT),NO INJURY / DRIVE AWAY,,,Y,"OVER $1,500",07/22/2025 10:30:00 AM,UNABLE TO DETERMINE,NOT APPLICABLE,1800,S,LAKE SHORE DR NB,132,,,,,,,2,NO INDICATION OF INJURY,0,0,0,0,0,2,0,18,2,7,41.8578490871,-87.6168408794,POINT (-87.616840879395 41.857849087118)