CRASH_RECORD_ID,CRASH_DATE_EST_I,CRASH_DATE,POSTED_SPEED_LIMIT,TRAFFIC_CONTROL_DEVICE,DEVICE_CONDITION,WEATHER_CONDITION,LIGHTING_CONDITION,FIRST_CRASH_TYPE,TRAFFICWAY_TYPE,LANE_CNT,ALIGNMENT,ROADWAY_SURFACE_COND,ROAD_DEFECT,REPORT_TYPE,CRASH_TYPE,INTERSECTION_RELATED_I,NOT_RIGHT_OF_WAY_I,HIT_AND_RUN_I,DAMAGE,DATE_POLICE_NOTIFIED,PRIM_CONTRIBUTORY_CAUSE,SEC_CONTRIBUTORY_CAUSE,STREET_NO,STREET_DIRECTION,STREET_NAME,BEAT_OF_OCCURRENCE,PHOTOS_TAKEN_I,STATEMENTS_TAKEN_I,DOORING_I,WORK_ZONE_I,WORK_ZONE_TYPE,WORKERS_PRESENT_I,NUM_UNITS,MOST_SEVERE_INJURY,INJURIES_TOTAL,INJURIES_FATAL,INJURIES_INCAPACITATING,INJURIES_NON_INCAPACITATING,INJURIES_REPORTED_NOT_EVIDENT,INJURIES_NO_INDICATION,INJURIES_UNKNOWN,CRASH_HOUR,CRASH_DAY_OF_WEEK,CRASH_MONTH,LATITUDE,LONGITUDE,LOCATION
c57a97f8be0c7afc9911f7a8231d3b7dfede7ed869269af37262921a055dc6ef2c638f4c066a5b75596a02610f5ea3c32404ece1a6dc335b2b755ab0618a1385,,07/21/2025 06:49:00 PM,30,TRAFFIC SIGNAL,UNKNOWN,CLEAR,DAYLIGHT,ANGLE,FOUR WAY,,STRAIGHT AND LEVEL,DRY,NO DEFECTS,NOT ON SCENE (DESK REPORT),INJURY AND / OR TOW DUE TO CRASH,Y,,,"OVER $1,500",07/21/2025 06:49:00 PM,UNABLE TO DETERMINE,NOT APPLICABLE,701,S,LARAMIE AVE,1533,,,,,,,2,NO INDICATION OF INJURY,0,0,0,0,0,2,0,18,2,7,41.8719466046,-87.7546210032,POINT (-87.754621003168 41.8719466046)
7a922d59fea4926b3c0fbccac7a7483df5950bb8575de98b36eeb5bde47994a735d3e85301531fca791f031eca799c1ca5bf08e4b8bef44bbe998737a898398b,,07/21/2025 06:48:00 PM,30,NO CONTROLS,NO CONTROLS,CLEAR,DAYLIGHT,SIDESWIPE SAME DIRECTION,NOT DIVIDED,,STRAIGHT AND LEVEL,DRY,NO DEFECTS,ON SCENE,NO INJURY / DRIVE AWAY,,,,"$501 - $1,500",07/21/2025 06:55:00 PM,FAILING TO YIELD RIGHT-OF-WAY,FOLLOWING TOO CLOSELY,6858,W,ADDISON ST,1632,,,,,,,2,NO INDICATION OF INJURY,0,0,0,0,0,2,0,18,2,7,41.94554137,-87.7983558197,POINT (-87.798355819666 41.945541370027)
5ef958ed4d851d98d8d3fe9f00a243db0cfe7f8a5ba70ce82fab80c6677bfde9f22243e3f5f9ce7845d955cf5bf86440b8a066f3d0d376258f4e2afa258a0dbb,Y,07/21/2025 06:45:00 PM,45,UNKNOWN,UNKNOWN,UNKNOWN,UNKNOWN,SIDESWIPE SAME DIRECTION,DIVIDED - W/MEDIAN BARRIER,,STRAIGHT AND LEVEL,UNKNOWN,UNKNOWN,NOT ON SCENE (DESK REPORT),NO INJURY / DRIVE AWAY,,,,"OVER $1,500",07/21/2025 07:10:00 PM,UNABLE TO DETERMINE,NOT APPLICABLE,8439,S,STONY ISLAND AVE,412,,,,,,,2,NO INDICATION OF INJURY,0,0,0,0,0,2,0,18,2,7,41.7412497523,-87.585172784,POINT (-87.58517278401 41.741249752258)
2bc73aa9801f800cf04834a5faff303a0c2ea45631e4d40e4b4e89a954bd7b77e9384259171917419baf94a1ed6c04937cb570d274b964f6edfdffabce5e09cd,,07/21/2025 06:42:00 PM,30,NO CONTROLS,NO CONTROLS,CLEAR,DAYLIGHT,REAR END,FOUR WAY,,STRAIGHT AND LEVEL,DRY,NO DEFECTS,NOT ON SCENE (DESK REPORT),NO INJURY / DRIVE AWAY,,,,"OVER $1,500",07/21/2025 07:23:00 PM,FOLLOWING TOO CLOSELY,NOT APPLICABLE,5719,W,DIVERSEY AVE,2514,,,,,,,2,NO INDICATION OF INJURY,0,0,0,0,0,2,0,18,2,7,41.9311212238,-87.7695541837,POINT (-87.769554183734 41.931121223761)
e5639612227b81226db9400e50bd793d5e5b2c344cde14b13e2da2c8cd366bd97247744df8963974f32a3b176f8f9c992859f4201f026dea83a508be705e4ccf,,07/21/2025 06:35:00 PM,30,NO CONTROLS,NO CONTROLS,CLEAR,DAYLIGHT,PARKED MOTOR VEHICLE,PARKING LOT,,STRAIGHT AND LEVEL,DRY,NO DEFECTS,ON SCENE,NO INJURY / DRIVE AWAY,,N,,$500 OR LESS,07/21/2025 06:52:00 PM,IMPROPER BACKING,IMPROPER BACKING,3000,S,ASHLAND AVE,912,,,,,,,2,NO INDICATION OF INJURY,0,0,0,0,0,1,0,18,2,7,41.8392999573,-87.6659352419,POINT (-87.665935241919 41.839299957339)
4d48f06f96e9508eb374fa91e2f1d8dcb153b89bac876862e33d8391c4e984de62d786fd10d8b93ea5266a0ef2aefd2d1ec0e94c1777d24a2a105b7d610613d4,,07/21/2025 06:30:00 PM,30,NO CONTROLS,NO CONTROLS,CLEAR,DAYLIGHT,PARKED MOTOR VEHICLE,NOT DIVIDED,,STRAIGHT AND LEVEL,DRY,NO DEFECTS,NOT ON SCENE (DESK REPORT),NO INJURY / DRIVE AWAY,,,Y,"OVER $1,500",07/21/2025 07:45:00 PM,UNABLE TO DETERMINE,UNABLE TO DETERMINE,810,S,KEELER AVE,1132,,,,,,,2,NO INDICATION OF INJURY,0,0,0,0,0,3,0,18,2,7,41.8705172103,-87.7303643256,POINT (-87.730364325643 41.87051721033)
ad0e3d1a29f1633a5f04d7f74eebd31ef718ad8322dc990c68ed7f79acea54de140e5f451da6d9739e6f2c72c57a63eef8c450c9c57db10de6cbd13abee9462e,,07/21/2025 06:30:00 PM,30,NO CONTROLS,NO CONTROLS,UNKNOWN,UNKNOWN,REAR END,NOT DIVIDED,,STRAIGHT AND LEVEL,UNKNOWN,UNKNOWN,NOT ON SCENE (DESK REPORT),INJURY AND / OR TOW DUE TO CRASH,,,,"$501 - $1,500",07/21/2025 07:45:00 PM,FOLLOWING TOO CLOSELY,NOT APPLICABLE,4240,W,GRAND AVE,2534,,,,,,,2,NONINCAPACITATING INJURY,1,0,0,1,0,1,0,18,2,7,41.9087753814,-87.7326852357,POINT (-87.732685235743 41.908775381409)
bd2fb51bcfb34bcadb29aaed02b8e701778d3ddb8a88b1dab69f778fc91a18559d49b4bbf26c2275a6e91c1c690e0b3a1c1d75c55d89596ce0a26f21bc7d5dfb,,07/21/2025 06:20:00 PM,30,TRAFFIC SIGNAL,FUNCTIONING PROPERLY,CLEAR,DAYLIGHT,REAR END,NOT DIVIDED,,STRAIGHT AND LEVEL,UNKNOWN,UNKNOWN,NOT ON SCENE (DESK REPORT),NO INJURY / DRIVE AWAY,Y,,,"OVER $1,500",07/21/2025 06:50:00 PM,UNABLE TO DETERMINE,NOT APPLICABLE,1000,W,CERMAK RD,1235,,,,,,,2,NO INDICATION OF INJURY,0,0,0,0,0,5,0,18,2,7,41.8526853835,-87.6514923668,POINT (-87.651492366773 41.852685383496)
cbe09c5b863fb92670991e8fb1fd68bcb8be0699172be6e0e9919819e7059ca015e70e99ff9bcfeccce33987e6d35d41ca9ce41f6a78be5352619e533faeafe8,,07/21/2025 06:18:00 PM,30,NO CONTROLS,NO CONTROLS,CLEAR,DAYLIGHT,REAR END,NOT DIVIDED,,STRAIGHT AND LEVEL,DRY,NO DEFECTS,NOT ON SCENE (DESK REPORT),NO INJURY / DRIVE AWAY,,,,"$501 - $1,500",07/23/2025 02:50:00 PM,FOLLOWING TOO CLOSELY,FOLLOWING TOO CLOSELY,6400,N,CENTRAL AVE,1621,,,,,,,2,NO INDICATION OF INJURY,0,0,0,0,0,2,0,18,2,7,41.9973887205,-87.7639215193,POINT (-87.76392151928 41.997388720503)
e2d7107db9a3a9f5abaac493b3dc2aca5793510de28b926b3f5f3701eef5140177c07975d9a41b4b7b379deaa5a786b59378bcf308230b8c92bc285cdd768c2f,,07/21/2025 06:16:00 PM,30,TRAFFIC SIGNAL,FUNCTIONING PROPERLY,CLEAR,DAWN,REAR END,NOT DIVIDED,,STRAIGHT AND LEVEL,DRY,NO DEFECTS,ON SCENE,INJURY AND / OR TOW DUE TO CRASH,,,,"$501 - $1,500",07/21/2025 07:05:00 PM,FAILING TO REDUCE SPEED TO AVOID CRASH,DISTRACTION - FROM INSIDE VEHICLE,8300,S,WESTERN AVE,835,,,,,,,2,NO INDICATION OF INJURY,0,0,0,0,0,2,0,18,2,7,41.7427279656,-87.6828247929,POINT (-87.68282479295 41.742727965581)
a2491928534bf7987bd346ea7f0eba146a4def63192ac5f78526d11cd0cc202eec8ccd3249c58d944c0a25b0f2b3c7e103cd3fd87d0b4a236b4e8e9784bb99a4,,07/21/2025 06:15:00 PM,30,NO CONTROLS,NO CONTROLS,CLEAR,DAYLIGHT,SIDESWIPE SAME DIRECTION,NOT DIVIDED,,STRAIGHT AND LEVEL,DRY,NO DEFECTS,NOT ON SCENE (DESK REPORT),NO INJURY / DRIVE AWAY,,,Y,"OVER $1,500",07/21/2025 07:45:00 PM,FAILING TO YIELD RIGHT-OF-WAY,DRIVING SKILLS/KNOWLEDGE/EXPERIENCE,3525,W,FULLERTON AVE,1413,,,,,,,2,NO INDICATION OF INJURY,0,0,0,0,0,3,0,18,2,7,41.9245198968,-87.714840307,POINT (-87.714840307031 41.924519896771)
f0aebb266d33b60757dc7db5d9c6be49ae740acf0164e1b4748a1bc6cefd60b1fee5575f61627129a8d85e377adfe87d7bae14bb167546a7559eda0236289514,,07/21/2025 06:10:00 PM,25,TRAFFIC SIGNAL,FUNCTIONING PROPERLY,CLEAR,DAYLIGHT,REAR END,DIVIDED - W/MEDIAN (NOT RAISED),,STRAIGHT AND LEVEL,DRY,NO DEFECTS,NOT ON SCENE (DESK REPORT),NO INJURY / DRIVE AWAY,,,,$500 OR LESS,07/24/2025 09:37:00 AM,UNABLE TO DETERMINE,UNABLE TO DETERMINE,140,E,WALTON PL,1833,,,,,,,2,NO INDICATION OF INJURY,0,0,0,0,0,2,0,18,2,7,41.9001184573,-87.6239805195,POINT (-87.62398051947 41.900118457259)
d3da0271519eb466a5910f0d6fd6062cae6c42ea007cbb139a82eb5547f597e3fe594c93fd1c8d3de960b60706dd29e3b0a3c584646d5e7dc864c032b5d260e4,Y,07/21/2025 06:06:00 PM,30,TRAFFIC SIGNAL,FUNCTIONING IMPROPERLY,CLEAR,DAYLIGHT,PEDALCYCLIST,OTHER,,STRAIGHT AND LEVEL,DRY,NO DEFECTS,ON SCENE,INJURY AND / OR TOW DUE TO CRASH,,,,"OVER $1,500",07/21/2025 06:32:00 PM,FAILING TO YIELD RIGHT-OF-WAY,UNABLE TO DETERMINE,2240,W,FULLERTON AVE,1432,,,,,,,2,"REPORTED, NOT EVIDENT",1,0,0,0,1,1,0,18,2,7,41.9250561095,-87.6843763142,POINT (-87.684376314186 41.925056109526)
e93c6e9be2c4dc6cde51e8691f965398ba836c3534883414891687c99b34f178c545085f3c0b431debd67ba3a678c7d3840b8be413d9e5f2431c0455cae1121a,,07/21/2025 06:02:00 PM,30,NO CONTROLS,NO CONTROLS,CLEAR,DAYLIGHT,REAR END,FOUR WAY,,STRAIGHT AND LEVEL,DRY,UNKNOWN,ON SCENE,INJURY AND / OR TOW DUE TO CRASH,,,,"OVER $1,500",07/21/2025 07:03:00 PM,NOT APPLICABLE,NOT APPLICABLE,2820,W,87TH ST,835,,,,,,,2,NO INDICATION OF INJURY,0,0,0,0,0,2,0,18,2,7,41.7354584284,-87.6930930967,POINT (-87.693093096705 41.735458428395)
a312b1be190448f3d31928395eeeb6117c954fd6cb0ae6c19f39a65e35482ef6971011218a590176b0126e826c99a7e5d98fed3797797c415ad4036ac44ac01c,,07/21/2025 06:00:00 PM,30,TRAFFIC SIGNAL,UNKNOWN,CLEAR,"DARKNESS, LIGHTED ROAD",REAR END,NOT DIVIDED,,STRAIGHT AND LEVEL,DRY,UNKNOWN,NOT ON SCENE (DESK REPORT),NO INJURY / DRIVE AWAY,,,Y,"OVER $1,500",07/21/2025 10:30:00 PM,UNABLE TO DETERMINE,UNABLE TO DETERMINE,1800,W,AUGUSTA BLVD,1212,,,,,,,2,NO INDICATION OF INJURY,0,0,0,0,0,2,0,18,2,7,41.8997415415,-87.6723457348,POINT (-87.672345734806 41.899741541503)
d48c032e94dde60c100fcb3c9a743a9c2e0b46a615bcae8ff833bd3d2600c136ad440b79c7532fc818197f30b712fc92d0db5264eb6798ab2bb38e86ba18ff5a,,07/21/2025 06:00:00 PM,30,NO CONTROLS,NO CONTROLS,CLEAR,DAYLIGHT,PARKED MOTOR VEHICLE,NOT DIVIDED,,STRAIGHT AND LEVEL,DRY,UNKNOWN,NOT ON SCENE (DESK REPORT),NO INJURY / DRIVE AWAY,,,,"OVER $1,500",07/21/2025 06:30:00 PM,"EVASIVE ACTION DUE TO ANIMAL, OBJECT, NONMOTORIST",NOT APPLICABLE,731,E,63RD ST,312,,,,,,,2,NO INDICATION OF INJURY,0,0,0,0,0,1,0,18,2,7,41.7802826719,-87.6071222898,POINT (-87.60712228979 41.780282671853)
25a9ca255780b2bd6e9091a6c4e16d6b7f19525b57c4cf89b76671a41133ab511d1d784bf6f1b6b050d80f51a90286e7604c39860d150fe6d121e02c1a2b50a9,,07/21/2025 05:40:00 PM,30,TRAFFIC SIGNAL,FUNCTIONING PROPERLY,CLEAR,DAYLIGHT,TURNING,NOT DIVIDED,,STRAIGHT AND LEVEL,DRY,NO DEFECTS,ON SCENE,NO INJURY / DRIVE AWAY,Y,,,$500 OR LESS,07/21/2025 05:42:00 PM,FAILING TO YIELD RIGHT-OF-WAY,FAILING TO YIELD RIGHT-OF-WAY,11100,S,WENTWORTH AVE,522,,Y,,,,,2,NO INDICATION OF INJURY,0,0,0,0,0,3,0,17,2,7,41.6924822339,-87.6280540569,POINT (-87.628054056872 41.692482233944)
e520b6b054656d9971749507bd1c4efd5aefa0d4f45d2a6f18af5922d2bb5801fbed514a96e4625ff098d7949e57e22c2db2721bca4c4647841d5a0f2a65e624,,07/21/2025 05:40:00 PM,40,NO CONTROLS,NO CONTROLS,CLEAR,DAYLIGHT,SIDESWIPE SAME DIRECTION,DIVIDED - W/MEDIAN BARRIER,,STRAIGHT AND LEVEL,DRY,NO DEFECTS,ON SCENE,INJURY AND / OR TOW DUE TO CRASH,,,,"$501 - $1,500",07/21/2025 05:45:00 PM,UNABLE TO DETERMINE,UNABLE TO DETERMINE,3135,N,LAKE SHORE DR NB,1934,,,,,,,3,NO INDICATION OF INJURY,0,0,0,0,0,4,0,17,2,7,41.938939271,-87.6363756137,POINT (-87.636375613736 41.938939271012)
6841cc6e000699f73271a31890552b7ea6d0604f12e3310911f59a3bfb5321fa9a409ad73a23f41420d336b756dd86f31ef0556aba34b17883048b958d56e4ab,,07/21/2025 05:39:00 PM,30,TRAFFIC SIGNAL,FUNCTIONING PROPERLY,CLEAR,DAYLIGHT,REAR END,NOT DIVIDED,,STRAIGHT AND LEVEL,DRY,UNKNOWN,ON SCENE,INJURY AND / OR TOW DUE TO CRASH,,,,"OVER $1,500",07/21/2025 05:41:00 PM,UNABLE TO DETERMINE,NOT APPLICABLE,1431,W,WILSON AVE,1913,,,,,,,3,NONINCAPACITATING INJURY,1,0,0,1,0,3,0,17,2,7,41.9651620131,-87.6666663968,POINT (-87.66666639679 41.965162013109)
8b58863dc0569ca990bac8f8d5985a9697dd2f6d4df7094b45f78838636a73fd9276ed2681eaf3cb0c23c9608bc8dcdd32028639c27b7556c66c90f9c3ba28b5,,07/21/2025 05:36:00 PM,35,NO CONTROLS,NO CONTROLS,CLEAR,DAYLIGHT,PARKED MOTOR VEHICLE,OTHER,,STRAIGHT AND LEVEL,DRY,NO DEFECTS,ON SCENE,NO INJURY / DRIVE AWAY,,,,"OVER $1,500",07/21/2025 06:12:00 PM,NOT APPLICABLE,NOT APPLICABLE,2,W,TERMINAL ST,1652,,,,,,,2,NO INDICATION OF INJURY,0,0,0,0,0,1,0,17,2,7,,,
a8f2f48eaf3278c4280058a51551ee97a2cb4063b67877c5dd3043cb27fbd4438422004104cd47b22802a766abbc4b06a1429f137d51a98ee9818f2e9206019f,,07/21/2025 05:35:00 PM,15,NO CONTROLS,NO CONTROLS,CLEAR,DAYLIGHT,REAR END,ONE-WAY,,STRAIGHT AND LEVEL,DRY,NO DEFECTS,ON SCENE,NO INJURY / DRIVE AWAY,,,,"$501 - $1,500",07/21/2025 05:35:00 PM,UNABLE TO DETERMINE,NOT APPLICABLE,5701,S,CICERO AVE,813,,,,,,,2,NO INDICATION OF INJURY,0,0,0,0,0,3,0,17,2,7,41.7893386418,-87.7413525626,POINT (-87.741352562622 41.789338641753)
5f918fdd892e5675334547e5a662caa812ff80262a226156169c621a39a2b3bbea9502548326184a5d565b0073dc8352c6be23da9c29857537bfc8a5160f1b52,,07/21/2025 05:30:00 PM,30,NO CONTROLS,NO CONTROLS,CLEAR,DAYLIGHT,REAR END,DIVIDED - W/MEDIAN (NOT RAISED),,STRAIGHT AND LEVEL,DRY,NO DEFECTS,NOT ON SCENE (DESK REPORT),NO INJURY / DRIVE AWAY,,,,"OVER $1,500",07/21/2025 06:10:00 PM,FOLLOWING TOO CLOSELY,UNABLE TO DETERMINE,11430,S,PULASKI RD,2211,,,,,,,2,NO INDICATION OF INJURY,0,0,0,0,0,2,0,17,2,7,41.6848789731,-87.7202465392,POINT (-87.720246539172 41.684878973077)
bdd0118362a19c2f987fd651d2d9a878b0dde6197a9de709eadc6111be3f2e6f6c3e2052630cc77988a836121b7cd686bf0e18420ba4d4c17fec554fcd6b86d2,,07/21/2025 05:22:00 PM,30,NO CONTROLS,FUNCTIONING PROPERLY,CLEAR,DAYLIGHT,REAR END,DIVIDED - W/MEDIAN (NOT RAISED),,STRAIGHT AND LEVEL,DRY,NO DEFECTS,NOT ON SCENE (DESK REPORT),NO INJURY / DRIVE AWAY,,,,$500 OR LESS,07/21/2025 05:35:00 PM,FOLLOWING TOO CLOSELY,NOT APPLICABLE,1925,E,95TH ST,431,,Y,,,,,2,NO INDICATION OF INJURY,0,0,0,0,0,3,0,17,2,7,41.7223420932,-87.5767142484,POINT (-87.576714248359 41.722342093189)
8572ee5cedfd93e1d6d2fb28eb4cfbba0960bcb8d1eda337cdfb19555ae5f292c352c68f6ffa09a28995a390bc422f8bdf4e5e5af275499b6d6390e00d3d155c,,07/21/2025 05:20:00 PM,30,STOP SIGN/FLASHER,FUNCTIONING PROPERLY,CLEAR,DAYLIGHT,PEDALCYCLIST,NOT DIVIDED,,STRAIGHT AND LEVEL,UNKNOWN,UNKNOWN,NOT ON SCENE (DESK REPORT),INJURY AND / OR TOW DUE TO CRASH,,,,"OVER $1,500",07/23/2025 01:42:00 PM,UNABLE TO DETERMINE,NOT APPLICABLE,1953,W,BYRON ST,1922,,,,,,,2,"REPORTED, NOT EVIDENT",1,0,0,0,1,1,0,17,2,7,41.9522283028,-87.6783872976,POINT (-87.67838729759 41.95222830282)
eb6736104d6ac5c92565a89adf7eb0acdf637ba93da34e2c20cb8db1d616f47977169bde4ef46491906c4895cf68935b74f8c427a16767c46054f375a300c8f2,,07/21/2025 05:20:00 PM,15,NO CONTROLS,NO CONTROLS,CLEAR,DAYLIGHT,TURNING,ALLEY,,STRAIGHT AND LEVEL,DRY,NO DEFECTS,ON SCENE,NO INJURY / DRIVE AWAY,,,,"OVER $1,500",07/21/2025 05:20:00 PM,DRIVING SKILLS/KNOWLEDGE/EXPERIENCE,NOT APPLICABLE,5527,S,DAMEN AVE,715,,,,,,,2,NO INDICATION OF INJURY,0,0,0,0,0,2,0,17,2,7,41.7927081799,-87.6741118269,POINT (-87.674111826858 41.792708179865)
f299cc8fdda0ce9b49282c3a6c6fab7b82a1b4dd2c0c3f533dabf2f71f04c744bca0cad05718e39c8e3904b7f3d9464908df57b67fa716deab84d999c47625df,Y,07/21/2025 05:20:00 PM,30,TRAFFIC SIGNAL,FUNCTIONING PROPERLY,CLEAR,DAYLIGHT,SIDESWIPE SAME DIRECTION,OTHER,,STRAIGHT AND LEVEL,DRY,NO DEFECTS,,INJURY AND / OR TOW DUE TO CRASH,,,Y,"OVER $1,500",07/21/2025 06:13:00 PM,"OPERATING VEHICLE IN ERRATIC, RECKLESS, CARELESS, NEGLIGENT OR AGGRESSIVE MANNER","OPERATING VEHICLE IN ERRATIC, RECKLESS, CARELESS, NEGLIGENT OR AGGRESSIVE MANNER",5901,S,WENTWORTH AVE,232,,,,,,,2,NO INDICATION OF INJURY,0,0,0,0,0,2,0,17,2,7,41.7872017678,-87.6301695062,POINT (-87.630169506167 41.787201767753)
b3543ab31b6017337fdf633752b10a0aa2e03434310b2f0cca95a231fcfcd632bf44a123a3f60043ff46cfd7f42424ed846964ca8a9ed9b2c5344c0868d6271e,,07/21/2025 05:19:00 PM,30,TRAFFIC SIGNAL,FUNCTIONING PROPERLY,CLEAR,DAYLIGHT,TURNING,NOT DIVIDED,,STRAIGHT AND LEVEL,DRY,NO DEFECTS,NOT ON SCENE (DESK REPORT),NO INJURY / DRIVE AWAY,Y,,,"OVER $1,500",07/21/2025 06:00:00 PM,IMPROPER LANE USAGE,FAILING TO REDUCE SPEED TO AVOID CRASH,4231,W,79TH ST,834,,,,,,,2,NO INDICATION OF INJURY,0,0,0,0,0,2,0,17,2,7,41.7492226143,-87.727899431,POINT (-87.727899430996 41.749222614314)
8cb7e05902f9dae41f455cbd4ea3ba6b60a4dca8fe9f3d07aad5d49243f94ef1a6613074309b840fd78bddb71459aa34e44683dcd9c81520cea499e7fdf4ee85,,07/21/2025 05:06:00 PM,30,STOP SIGN/FLASHER,NO CONTROLS,CLEAR,DAYLIGHT,REAR END,FOUR WAY,,STRAIGHT AND LEVEL,DRY,UNKNOWN,ON SCENE,NO INJURY / DRIVE AWAY,Y,,,"OVER $1,500",07/21/2025 05:15:00 PM,UNABLE TO DETERMINE,UNABLE TO DETERMINE,199,S,LARAMIE AVE,1533,,,,,,,2,NO INDICATION OF INJURY,0,0,0,0,0,3,0,17,2,7,41.878519468,-87.7548509822,POINT (-87.754850982198 41.878519467983)
0456de334992a220fb5cea1937f803bbaa8a332965e8ebf5d12b1a1f14b5431f8664b62a5ab8b97c7ac634cbb1fcc634508d3e6e0ff7b02f2c53415de25b8115,,07/21/2025 05:00:00 PM,25,NO CONTROLS,NO CONTROLS,CLEAR,DAYLIGHT,PARKED MOTOR VEHICLE,NOT DIVIDED,,STRAIGHT AND LEVEL,DRY,NO DEFECTS,NOT ON SCENE (DESK REPORT),NO INJURY / DRIVE AWAY,,,,"OVER $1,500",07/21/2025 06:10:00 PM,FOLLOWING TOO CLOSELY,NOT APPLICABLE,4414,N,CENTRAL PARK AVE,1723,,,,,,,2,NO INDICATION OF INJURY,0,0,0,0,0,1,0,17,2,7,41.9615524829,-87.7182049643,POINT (-87.718204964323 41.961552482865)
90c105a18a48e38beaea5c36d6d167805e62d433bc44b65cf2ce3f39b4312c347d01c9bc6b6e5fc30ed4e74aacce94ef74e5a07f973b05d318ca28a8ff22183b,Y,07/21/2025 05:00:00 PM,30,NO CONTROLS,NO CONTROLS,UNKNOWN,UNKNOWN,PARKED MOTOR VEHICLE,OTHER,,STRAIGHT AND LEVEL,UNKNOWN,UNKNOWN,ON SCENE,NO INJURY / DRIVE AWAY,,,Y,"OVER $1,500",07/23/2025 03:00:00 PM,UNABLE TO DETERMINE,NOT APPLICABLE,1597,W,ALTGELD ST,1932,,,,,,,2,NO INDICATION OF INJURY,0,0,0,0,0,1,0,17,2,7,41.9268548776,-87.6681460544,POINT (-87.668146054427 41.926854877617)
9432f35abf3dfea2fe5a498d4cbf3c00cce51978d9e9868e40e0dadaa859143de6e09ec8b98c7de6f2bbeb2ae26b77b8c26b776bc91e741c9e8d2555db9dec34,,07/21/2025 05:00:00 PM,15,OTHER,UNKNOWN,CLEAR,DAYLIGHT,ANGLE,PARKING LOT,,STRAIGHT AND LEVEL,DRY,NO DEFECTS,NOT ON SCENE (DESK REPORT),NO INJURY / DRIVE AWAY,,Y,,$500 OR LESS,07/21/2025 05:40:00 PM,IMPROPER BACKING,NOT APPLICABLE,5600,N,CENTRAL AVE,1622,,,,,,,2,NO INDICATION OF INJURY,0,0,0,0,0,2,0,17,2,7,41.9830328998,-87.7684901052,POINT (-87.768490105241 41.983032899841)
f2714cd361c8720b3fcabc057890ac740828fe683b68de35c8c4bd5cc3e96e016be2f7ffbcbddb8fda5e2fe1e00cfbbcd550a3df75db5b0e37a261178b4e1c8c,,07/21/2025 05:00:00 PM,15,UNKNOWN,UNKNOWN,CLEAR,DAYLIGHT,REAR TO SIDE,PARKING LOT,,STRAIGHT AND LEVEL,UNKNOWN,UNKNOWN,NOT ON SCENE (DESK REPORT),NO INJURY / DRIVE AWAY,,,,"OVER $1,500",07/21/2025 06:00:00 PM,UNABLE TO DETERMINE,UNABLE TO DETERMINE,3000,N,CLARK ST,1934,,,,,,,2,NO INDICATION OF INJURY,0,0,0,0,0,2,0,17,2,7,41.9364403254,-87.6480062116,POINT (-87.64800621163 41.936440325368)
7becac9630f9c27a0fb2a52841ba2dd4920cd19d952130ccd37c3abaadd117869f5fbc4cd5bdbbb5a17dd40ff97e2315f7e9cb953a554969e00687ece91bb3d5,,07/21/2025 04:46:00 PM,30,NO CONTROLS,NO CONTROLS,CLEAR,DAYLIGHT,PARKED MOTOR VEHICLE,DIVIDED - W/MEDIAN (NOT RAISED),,STRAIGHT AND LEVEL,DRY,NO DEFECTS,NOT ON SCENE (DESK REPORT),NO INJURY / DRIVE AWAY,,,,$500 OR LESS,07/21/2025 05:30:00 PM,IMPROPER OVERTAKING/PASSING,NOT APPLICABLE,1074,W,TAYLOR ST,1232,,,,,,,2,NO INDICATION OF INJURY,0,0,0,0,0,4,0,16,2,7,41.8695709595,-87.6540092069,POINT (-87.654009206899 41.869570959539)
5791e7c82da4075babd6900e27dd8bb1bd54bf4818f06371ddddb7e5c667d220bae5932145c46c252db5f1d6c6feaa517c834472fcc54d65f74056d649aeec22,,07/21/2025 04:45:00 PM,30,NO CONTROLS,NO CONTROLS,CLEAR,DAYLIGHT,PARKED MOTOR VEHICLE,NOT DIVIDED,,STRAIGHT AND LEVEL,DRY,NO DEFECTS,NOT ON SCENE (DESK REPORT),NO INJURY / DRIVE AWAY,,,,"OVER $1,500",07/21/2025 06:14:00 PM,IMPROPER OVERTAKING/PASSING,NOT APPLICABLE,360,N,PEORIA ST,1214,,,,,,,2,NO INDICATION OF INJURY,0,0,0,0,0,1,0,16,2,7,41.8882851783,-87.6500254973,POINT (-87.650025497349 41.888285178257)
02df9662060427082dc3e54b630608547c4725306d9d4193ce8179c228af34644164856d5d52b7b7672bc94ffc375aa8b56e2288f6c90e09cbe77ad27b424e31,,07/21/2025 04:43:00 PM,30,NO CONTROLS,NO CONTROLS,CLEAR,DAYLIGHT,PARKED MOTOR VEHICLE,NOT DIVIDED,,STRAIGHT AND LEVEL,DRY,NO DEFECTS,ON SCENE,INJURY AND / OR TOW DUE TO CRASH,,,,"OVER $1,500",07/21/2025 04:43:00 PM,PHYSICAL CONDITION OF DRIVER,PHYSICAL CONDITION OF DRIVER,2874,N,KIMBALL AVE,1412,,,,,,,3,NONINCAPACITATING INJURY,1,0,0,1,0,0,0,16,2,7,41.9341668832,-87.7124957711,POINT (-87.712495771119 41.934166883231)