CRASH_RECORD_ID,CRASH_DATE_EST_I,CRASH_DATE,POSTED_SPEED_LIMIT,TRAFFIC_CONTROL_DEVICE,DEVICE_CONDITION,WEATHER_CONDITION,LIGHTING_CONDITION,FIRST_CRASH_TYPE,TRAFFICWAY_TYPE,LANE_CNT,ALIGNMENT,ROADWAY_SURFACE_COND,ROAD_DEFECT,REPORT_TYPE,CRASH_TYPE,INTERSECTION_RELATED_I,NOT_RIGHT_OF_WAY_I,HIT_AND_RUN_I,DAMAGE,DATE_POLICE_NOTIFIED,PRIM_CONTRIBUTORY_CAUSE,SEC_CONTRIBUTORY_CAUSE,STREET_NO,STREET_DIRECTION,STREET_NAME,BEAT_OF_OCCURRENCE,PHOTOS_TAKEN_I,STATEMENTS_TAKEN_I,DOORING_I,WORK_ZONE_I,WORK_ZONE_TYPE,WORKERS_PRESENT_I,NUM_UNITS,MOST_SEVERE_INJURY,INJURIES_TOTAL,INJURIES_FATAL,INJURIES_INCAPACITATING,INJURIES_NON_INCAPACITATING,INJURIES_REPORTED_NOT_EVIDENT,INJURIES_NO_INDICATION,INJURIES_UNKNOWN,CRASH_HOUR,CRASH_DAY_OF_WEEK,CRASH_MONTH,LATITUDE,LONGITUDE,LOCATION
644196298215b3a83960f37cbcf4e1bc1fc82c352e72e8d1ec692739851835df5568c928ee7ef0b30985e413a12dbbd880b0c9b41912f1d28b05028142439b51,,07/21/2025 04:38:00 PM,30,PEDESTRIAN CROSSING SIGN,FUNCTIONING PROPERLY,CLEAR,DAYLIGHT,PEDESTRIAN,NOT DIVIDED,,STRAIGHT AND LEVEL,DRY,NO DEFECTS,ON SCENE,INJURY AND / OR TOW DUE TO CRASH,,,Y,$500 OR LESS,07/21/2025 04:38:00 PM,IMPROPER OVERTAKING/PASSING,FAILING TO YIELD RIGHT-OF-WAY,8700,S,SOUTH CHICAGO AVE,423,,,,,,,2,"REPORTED, NOT EVIDENT",1,0,0,0,1,1,0,16,2,7,41.7370429734,-87.5656969534,POINT (-87.565696953391 41.737042973423)
138a0b55a4ccf8ad72d8aabd3b7f78f7be557646e445118076617218d3358047b7a37f496f241466c710d3ba05e6c6b1dba0dabae114746a22ef6585ace9ec86,,07/21/2025 04:30:00 PM,30,NO CONTROLS,NO CONTROLS,CLEAR,DAYLIGHT,PARKED MOTOR VEHICLE,NOT DIVIDED,,STRAIGHT AND LEVEL,DRY,NO DEFECTS,NOT ON SCENE (DESK REPORT),NO INJURY / DRIVE AWAY,,,,"OVER $1,500",07/21/2025 06:40:00 PM,FAILING TO REDUCE SPEED TO AVOID CRASH,UNABLE TO DETERMINE,2545,W,DIVERSEY AVE,1411,,,,,,,2,NO INDICATION OF INJURY,0,0,0,0,0,1,0,16,2,7,41.9320249201,-87.6921690444,POINT (-87.692169044387 41.932024920104)
d5156e52dceefb3c02c56793644b46843e9a14d145331bd17cb0e34b7430eeb5bbb1321040671b4a6be7bb358183b874c893cba6ece75e7c02791097c461c8a1,,07/21/2025 04:20:00 PM,30,NO CONTROLS,NO CONTROLS,CLEAR,DAYLIGHT,REAR END,NOT DIVIDED,,STRAIGHT AND LEVEL,DRY,NO DEFECTS,NOT ON SCENE (DESK REPORT),INJURY AND / OR TOW DUE TO CRASH,,,,"OVER $1,500",07/21/2025 04:48:00 PM,FOLLOWING TOO CLOSELY,NOT APPLICABLE,4530,W,55TH ST,815,,,,,,,2,NONINCAPACITATING INJURY,1,0,0,1,0,1,0,16,2,7,41.7931934482,-87.7367735661,POINT (-87.736773566072 41.793193448162)
3bd477e2801e6b00b22a54ce546ba7a5e9e43be7692255bd8e822add4a308288ae21db3345e78c7abd1f9c977063dc3912644cebce14f92c113a0935ef654450,,07/21/2025 04:16:00 PM,40,UNKNOWN,UNKNOWN,UNKNOWN,UNKNOWN,SIDESWIPE SAME DIRECTION,OTHER,,STRAIGHT AND LEVEL,UNKNOWN,UNKNOWN,NOT ON SCENE (DESK REPORT),NO INJURY / DRIVE AWAY,,,,"OVER $1,500",07/22/2025 08:30:00 AM,IMPROPER OVERTAKING/PASSING,IMPROPER OVERTAKING/PASSING,3935,N,LAKE SHORE DR NB,1925,,,,,,,2,NO INDICATION OF INJURY,0,0,0,0,0,2,0,16,2,7,41.9538871426,-87.6443908975,POINT (-87.644390897544 41.953887142563)
217064a5a690fc1a99f997bd69ca157f99904f37d6c33dcdd69520efdb665b36c499b33a4832ab616b7e1cbbc416c1917dc347682d31cc08a22e304d4b131bc3,,07/21/2025 04:15:00 PM,30,NO CONTROLS,NO CONTROLS,CLEAR,DAYLIGHT,SIDESWIPE SAME DIRECTION,NOT DIVIDED,,STRAIGHT AND LEVEL,DRY,NO DEFECTS,NOT ON SCENE (DESK REPORT),NO INJURY / DRIVE AWAY,,,Y,"OVER $1,500",07/21/2025 05:15:00 PM,DRIVING SKILLS/KNOWLEDGE/EXPERIENCE,UNABLE TO DETERMINE,724,S,CLARK ST,123,,,,,,,2,NO INDICATION OF INJURY,0,0,0,0,0,4,0,16,2,7,41.8728861536,-87.6307746444,POINT (-87.630774644436 41.872886153564)
c8b4c74d8eaa83a21a2cb89d8cd28a8f2ff01948d1c18c61e642164e1953cff1bf59a1219395cbce7b85754e1bf78ea95f55f0bf5ee6fff172779334e231f599,,07/21/2025 04:15:00 PM,10,NO CONTROLS,NO CONTROLS,CLEAR,DAYLIGHT,REAR TO REAR,PARKING LOT,,STRAIGHT AND LEVEL,DRY,NO DEFECTS,NOT ON SCENE (DESK REPORT),NO INJURY / DRIVE AWAY,,Y,,"$501 - $1,500",07/21/2025 05:23:00 PM,IMPROPER BACKING,NOT APPLICABLE,4700,S,KEDZIE AVE,821,,,,,,,2,NO INDICATION OF INJURY,0,0,0,0,0,2,0,16,2,7,41.8080472717,-87.7041188223,POINT (-87.704118822299 41.80804727165)
c89cc16409e276e3098d99bebc3aebb621b29f271f7ae23a75c53ed7f08becb5dedb174dbea1ed5e3896457cfb24a8fded9f62e7e7dea6b057651dec4276e15d,,07/21/2025 04:14:00 PM,30,TRAFFIC SIGNAL,FUNCTIONING PROPERLY,CLEAR,DAYLIGHT,TURNING,FOUR WAY,,STRAIGHT AND LEVEL,DRY,UNKNOWN,ON SCENE,NO INJURY / DRIVE AWAY,Y,,,"OVER $1,500",07/21/2025 05:14:00 PM,UNABLE TO DETERMINE,UNABLE TO DETERMINE,4400,W,16TH ST,1012,Y,,,,,,2,NO INDICATION OF INJURY,0,0,0,0,0,2,0,16,2,7,41.858839471,-87.7347978272,POINT (-87.734797827233 41.858839471036)
add19083a563e1a1c8690d4087fe8ea52189e7047115e63919ace7c8c12aa506271d4d1f4185d11ba41d8b33514dae94d6034a7143ddec7e1842cc0b613d8fa8,,07/21/2025 04:12:00 PM,30,NO CONTROLS,NO CONTROLS,CLEAR,DAYLIGHT,SIDESWIPE SAME DIRECTION,NOT DIVIDED,,STRAIGHT AND LEVEL,DRY,NO DEFECTS,NOT ON SCENE (DESK REPORT),NO INJURY / DRIVE AWAY,,,Y,"$501 - $1,500",07/21/2025 05:47:00 PM,IMPROPER OVERTAKING/PASSING,DRIVING SKILLS/KNOWLEDGE/EXPERIENCE,1211,N,HUMBOLDT DR,1423,,,,,,,2,NO INDICATION OF INJURY,0,0,0,0,0,3,0,16,2,7,41.9032054713,-87.7020804212,POINT (-87.702080421239 41.903205471303)
ece8fbddabfb41b4735a490c76cdece89ca2210e94f1d97d4e0c91a803daae19aa0ef7214aaff8b9154db812c062b6158baf494ca733ff92d9be3e59788f202e,,07/21/2025 04:12:00 PM,25,UNKNOWN,UNKNOWN,UNKNOWN,UNKNOWN,SIDESWIPE SAME DIRECTION,NOT DIVIDED,,STRAIGHT AND LEVEL,UNKNOWN,UNKNOWN,,NO INJURY / DRIVE AWAY,,,,"OVER $1,500",07/21/2025 06:30:00 PM,NOT APPLICABLE,NOT APPLICABLE,2301,S,LAKE SHORE DR NB,132,,,,,,,2,NO INDICATION OF INJURY,0,0,0,0,0,2,0,16,2,7,41.8511074802,-87.6128666325,POINT (-87.612866632544 41.85110748019)
0d0a576dc54219cede455fff024b3a0969d0ce028a5a524b2cfdac4e6b2d29c2d413f1663c2c5d2b440de2a0340513d50a00e48507f93de5fa803b52cab62670,,07/21/2025 04:03:00 PM,30,NO CONTROLS,NO CONTROLS,CLEAR,DAYLIGHT,SIDESWIPE SAME DIRECTION,NOT DIVIDED,,STRAIGHT AND LEVEL,DRY,NO DEFECTS,NOT ON SCENE (DESK REPORT),NO INJURY / DRIVE AWAY,,,,"OVER $1,500",07/21/2025 05:16:00 PM,UNABLE TO DETERMINE,UNABLE TO DETERMINE,537,W,ADAMS ST,121,,,,,,,2,NO INDICATION OF INJURY,0,0,0,0,0,2,0,16,2,7,41.879183645,-87.6410304458,POINT (-87.641030445845 41.879183645039)
2614bb26a72c5851583c4cb0d7b874bbb7b4e7bfbefc7df72d0aacbf08a3305ce05e3be1a981ec5f34fce3b19bd3c46c07824b705c206b0f70d6dc4cc9213525,,07/21/2025 04:00:00 PM,30,NO CONTROLS,NO CONTROLS,CLEAR,DAYLIGHT,TURNING,NOT DIVIDED,,STRAIGHT AND LEVEL,DRY,NO DEFECTS,NOT ON SCENE (DESK REPORT),NO INJURY / DRIVE AWAY,,,,"OVER $1,500",07/23/2025 04:30:00 PM,FAILING TO YIELD RIGHT-OF-WAY,UNABLE TO DETERMINE,7193,W,GRAND AVE,2512,,,,,,,2,NO INDICATION OF INJURY,0,0,0,0,0,2,0,16,2,7,41.9238849736,-87.8061924141,POINT (-87.80619241408 41.923884973566)
2b93f830fb284aa258ac1ab928922fba72a367270ab9992c1fff965228109caad132ad9b097d0ddf1e06f50727d750eb0b0ba476e27545b4538d2677496b6726,Y,07/21/2025 04:00:00 PM,30,TRAFFIC SIGNAL,FUNCTIONING PROPERLY,CLEAR,DAYLIGHT,TURNING,DIVIDED - W/MEDIAN (NOT RAISED),,STRAIGHT AND LEVEL,DRY,NO DEFECTS,ON SCENE,INJURY AND / OR TOW DUE TO CRASH,Y,,,"$501 - $1,500",07/21/2025 04:02:00 PM,UNABLE TO DETERMINE,UNABLE TO DETERMINE,6545,W,IRVING PARK RD,1632,,,,,,,2,NONINCAPACITATING INJURY,1,0,0,1,0,1,0,16,2,7,41.9527336277,-87.7907945494,POINT (-87.790794549404 41.952733627712)
5e141a6c1262053c593d6acb5d72bc3e2714867da2e557f6846e31964d182c81b54aa8ecf4af6057f7a568fba1b9d6d0e65c356550c144c2efb6c9c030eb0eb2,,07/21/2025 04:00:00 PM,25,NO CONTROLS,NO CONTROLS,CLEAR,DAYLIGHT,SIDESWIPE OPPOSITE DIRECTION,NOT DIVIDED,,STRAIGHT AND LEVEL,DRY,NO DEFECTS,NOT ON SCENE (DESK REPORT),NO INJURY / DRIVE AWAY,,,,"OVER $1,500",07/21/2025 05:30:00 PM,UNABLE TO DETERMINE,NOT APPLICABLE,4300,N,KEDVALE AVE,1722,,,,,,,2,NO INDICATION OF INJURY,0,0,0,0,0,2,0,16,2,7,41.9591790395,-87.731150338,POINT (-87.731150337997 41.959179039451)
632a6e79973edf8abe1a65e3ab5d61bb3ce4aabf54287947a954141cc3e27af0341100ec932f2d0addb6852463a336c5bcecc4aac204b99d295dd63d74a40318,,07/21/2025 04:00:00 PM,30,STOP SIGN/FLASHER,FUNCTIONING PROPERLY,CLEAR,DAYLIGHT,ANGLE,ONE-WAY,,STRAIGHT AND LEVEL,DRY,UNKNOWN,ON SCENE,INJURY AND / OR TOW DUE TO CRASH,,,,"OVER $1,500",07/21/2025 04:12:00 PM,DRIVING ON WRONG SIDE/WRONG WAY,DRIVING ON WRONG SIDE/WRONG WAY,6000,S,WINCHESTER AVE,714,,,,,,,2,"REPORTED, NOT EVIDENT",1,0,0,0,1,1,0,16,2,7,41.7847265849,-87.6729825625,POINT (-87.672982562502 41.784726584881)
3cd63beeeef3a61d0a9c102f6917653a1591d2bc1816eccdb0aefa76aefb06a8f0334794f679304662fe3867231fcc56fb7def0a54f090626582f2c2db464b9a,,07/21/2025 03:55:00 PM,30,STOP SIGN/FLASHER,FUNCTIONING PROPERLY,CLEAR,DAYLIGHT,REAR END,DIVIDED - W/MEDIAN (NOT RAISED),,STRAIGHT AND LEVEL,DRY,UNKNOWN,NOT ON SCENE (DESK REPORT),NO INJURY / DRIVE AWAY,,,,"OVER $1,500",07/21/2025 04:30:00 PM,FOLLOWING TOO CLOSELY,NOT APPLICABLE,2460,W,GEORGE ST,1411,,,,,,,2,NO INDICATION OF INJURY,0,0,0,0,0,2,0,15,2,7,41.9340795173,-87.6902538147,POINT (-87.690253814707 41.934079517287)
88fd4abb805b5048ace530bc71509b541be6bd958934f564dfb1ff5b2a680a0ff21a0a2b2127c5cbe3c4ecc26076b72baf69742aaf5e3016932dc4df4d729d73,,07/21/2025 03:52:00 PM,30,NO CONTROLS,NO CONTROLS,CLEAR,DAYLIGHT,PARKED MOTOR VEHICLE,NOT DIVIDED,,STRAIGHT AND LEVEL,DRY,NO DEFECTS,ON SCENE,INJURY AND / OR TOW DUE TO CRASH,,,Y,"OVER $1,500",07/21/2025 03:57:00 PM,FAILING TO REDUCE SPEED TO AVOID CRASH,NOT APPLICABLE,6336,S,MORGAN ST,724,,,,,,,2,NO INDICATION OF INJURY,0,0,0,0,0,1,0,15,2,7,41.7785680596,-87.6497605536,POINT (-87.649760553603 41.778568059569)
cc16e7df811f4b2f3614fac7bcac72e59ed516257ab33a2c35005202394c047478fe32453e9affd740e8d1e9c1f9c818e91064e46cacfe60a087f8b679987d11,,07/21/2025 03:52:00 PM,30,UNKNOWN,UNKNOWN,CLEAR,DAYLIGHT,REAR END,DIVIDED - W/MEDIAN (NOT RAISED),,STRAIGHT AND LEVEL,DRY,UNKNOWN,NOT ON SCENE (DESK REPORT),NO INJURY / DRIVE AWAY,,,,$500 OR LESS,07/21/2025 04:30:00 PM,CELL PHONE USE OTHER THAN TEXTING,UNABLE TO DETERMINE,5130,N,SHERIDAN RD,2024,,,,,,,2,NO INDICATION OF INJURY,0,0,0,0,0,2,0,15,2,7,41.9762830559,-87.6551477688,POINT (-87.65514776883 41.976283055914)
fc4850fd49fa5df8995295d08c7fdb4cea657cd5c2b56cd0a515e80df4ef36db73a851c8056684610a0e199d35abc57fcc951c316b69c93c5942fa9d377e6151,,07/21/2025 03:50:00 PM,30,STOP SIGN/FLASHER,UNKNOWN,CLEAR,DAYLIGHT,ANGLE,NOT DIVIDED,,STRAIGHT AND LEVEL,DRY,UNKNOWN,NOT ON SCENE (DESK REPORT),NO INJURY / DRIVE AWAY,,,,"OVER $1,500",07/21/2025 04:50:00 PM,UNABLE TO DETERMINE,NOT APPLICABLE,442,N,HALSTED ST,1214,,,,,,,2,NO INDICATION OF INJURY,0,0,0,0,0,2,0,15,2,7,41.8902090075,-87.647752415,POINT (-87.647752414974 41.890209007454)
fda9abff35f7fb241044d0accd83ba50236e1ce6a2087a2e7759fab97c53b739aa0ac207ead88c20c1af44d41cc15ad5601a2782e8ad8965a84b56f488a30efc,,07/21/2025 03:45:00 PM,25,NO CONTROLS,NO CONTROLS,CLEAR,DAYLIGHT,SIDESWIPE SAME DIRECTION,NOT DIVIDED,,STRAIGHT AND LEVEL,DRY,NO DEFECTS,NOT ON SCENE (DESK REPORT),NO INJURY / DRIVE AWAY,,,,"OVER $1,500",07/21/2025 04:32:00 PM,NOT APPLICABLE,NOT APPLICABLE,500,N,MICHIGAN AVE,1834,,,,,,,2,NO INDICATION OF INJURY,0,0,0,0,0,2,0,15,2,7,41.8909712296,-87.6242769456,POINT (-87.624276945562 41.890971229645)
1604b8f20ca3690e02719777792a379667f97911eefbf5b66d45ec2d9f6b794bbabd3e06fe9a7d20d3aff610071b966b401828086ffb906c18a3747de5075d7d,,07/21/2025 03:30:00 PM,35,NO CONTROLS,NO CONTROLS,CLEAR,DAYLIGHT,PARKED MOTOR VEHICLE,OTHER,,STRAIGHT AND LEVEL,DRY,NO DEFECTS,NOT ON SCENE (DESK REPORT),NO INJURY / DRIVE AWAY,,,,$500 OR LESS,07/21/2025 05:00:00 PM,DRIVING SKILLS/KNOWLEDGE/EXPERIENCE,NOT APPLICABLE,1701,W,47TH ST,931,,,,,,,2,NO INDICATION OF INJURY,0,0,0,0,0,1,0,15,2,7,41.8084712383,-87.6674545133,POINT (-87.667454513294 41.808471238307)
470fb98d6bffd4b29527ff735dbf785c299f327f0597089630f11551e5b050b0dd0fde228160dacbb65231213a9038cbc2ab835c9bc6a7d2b3179ca06d34f7ad,,07/21/2025 03:30:00 PM,20,TRAFFIC SIGNAL,FUNCTIONING PROPERLY,CLEAR,DAYLIGHT,SIDESWIPE SAME DIRECTION,NOT DIVIDED,,STRAIGHT AND LEVEL,DRY,NO DEFECTS,ON SCENE,INJURY AND / OR TOW DUE TO CRASH,,,,"OVER $1,500",07/21/2025 03:53:00 PM,UNABLE TO DETERMINE,UNABLE TO DETERMINE,4831,W,FULLERTON AVE,2522,,,,,,,3,NONINCAPACITATING INJURY,2,0,0,1,1,1,0,15,2,7,41.9241127733,-87.7475658095,POINT (-87.747565809521 41.924112773253)
9eee95337cb33c665081d7f7b090e51bce753cc623e29a89d943fd971b18676dceb3fb32a77bc570907715c6eeca3d9f5e9eaddbde7fb5b23b05507bb1fcc31e,,07/21/2025 03:30:00 PM,15,NO CONTROLS,NO CONTROLS,CLEAR,DAYLIGHT,PARKED MOTOR VEHICLE,PARKING LOT,,STRAIGHT AND LEVEL,DRY,NO DEFECTS,NOT ON SCENE (DESK REPORT),NO INJURY / DRIVE AWAY,,,Y,"OVER $1,500",07/22/2025 10:30:00 AM,UNABLE TO DETERMINE,UNABLE TO DETERMINE,4627,W,DIVERSEY AVE,2521,,,,,,,2,NO INDICATION OF INJURY,0,0,0,0,0,2,0,15,2,7,41.9314694372,-87.743010632,POINT (-87.743010632008 41.931469437179)
ae0aedf591a86798152c6f9f5d5359c89f913c92bef70eeb6eef6343fdde3424b045757c16a373bd9f59c74ced038e00482fcd030489215cf7ca949f08206d8b,,07/21/2025 03:30:00 PM,30,TRAFFIC SIGNAL,FUNCTIONING PROPERLY,CLEAR,DAYLIGHT,SIDESWIPE SAME DIRECTION,DIVIDED - W/MEDIAN (NOT RAISED),,STRAIGHT AND LEVEL,DRY,UNKNOWN,NOT ON SCENE (DESK REPORT),NO INJURY / DRIVE AWAY,Y,,Y,"OVER $1,500",07/22/2025 07:20:00 AM,UNABLE TO DETERMINE,UNABLE TO DETERMINE,2402,N,AUSTIN AVE,2512,,,,,,,2,NO INDICATION OF INJURY,0,0,0,0,0,4,0,15,2,7,41.9239052587,-87.7758652705,POINT (-87.775865270488 41.923905258674)
f5480b3a99912a9a6a0061182cd864a939a3ffed475a53b5357520f929bc64fe8713f97d17f8a1293f134f3b07433d106d5214087298e70e54271652308d5800,,07/21/2025 03:30:00 PM,30,TRAFFIC SIGNAL,FUNCTIONING PROPERLY,CLEAR,DAYLIGHT,TURNING,CENTER TURN LANE,,STRAIGHT AND LEVEL,DRY,UNKNOWN,ON SCENE,INJURY AND / OR TOW DUE TO CRASH,Y,,,"OVER $1,500",07/21/2025 03:40:00 PM,FAILING TO REDUCE SPEED TO AVOID CRASH,FAILING TO YIELD RIGHT-OF-WAY,1430,S,CANAL ST,124,,,,,,,3,NONINCAPACITATING INJURY,2,0,0,2,0,2,0,15,2,7,41.8627042673,-87.6392479651,POINT (-87.639247965081 41.86270426734)
ffdb9776a16e1ff735dddf9d9f05f63d305111abdeb15501e5593ff5756c10fdf2ae408710bcd944653b343a420b3a7985b31773406f89c8f2f2f0d38150c888,,07/21/2025 03:28:00 PM,30,TRAFFIC SIGNAL,UNKNOWN,CLEAR,DAYLIGHT,REAR END,FOUR WAY,,STRAIGHT AND LEVEL,UNKNOWN,UNKNOWN,NOT ON SCENE (DESK REPORT),NO INJURY / DRIVE AWAY,,,,"OVER $1,500",07/21/2025 05:00:00 PM,UNABLE TO DETERMINE,UNABLE TO DETERMINE,1220,W,99TH ST,2213,,,,,,,2,NO INDICATION OF INJURY,0,0,0,0,0,5,0,15,2,7,41.714187049,-87.6536440023,POINT (-87.653644002321 41.714187049006)
d5f0648250ed8f1138a04fa213be7f0899e448a830b214b967a07b954c88014216dfe99995f3b845179c5aa126e8ddb631f689491dd4c17caed4d46c576c2d3b,,07/21/2025 03:25:00 PM,30,UNKNOWN,UNKNOWN,CLEAR,DAYLIGHT,SIDESWIPE SAME DIRECTION,NOT DIVIDED,,STRAIGHT AND LEVEL,UNKNOWN,UNKNOWN,NOT ON SCENE (DESK REPORT),NO INJURY / DRIVE AWAY,,,,"OVER $1,500",07/21/2025 06:10:00 PM,UNABLE TO DETERMINE,UNABLE TO DETERMINE,255,E,GRAND AVE,1834,,,,,,,2,NO INDICATION OF INJURY,0,0,0,0,0,2,0,15,2,7,41.8916898398,-87.6204441348,POINT (-87.620444134826 41.891689839807)
1e7a3e31fbf0d09c4360c88b645391f8954ea9ab7d5abce7103c01e0db029e3302c6f5b05065c2fc4cbb36e2e730a388065208075366518008df92152639ca80,,07/21/2025 03:24:00 PM,30,NO CONTROLS,NO CONTROLS,CLEAR,DAYLIGHT,REAR END,NOT DIVIDED,,STRAIGHT AND LEVEL,DRY,NO DEFECTS,ON SCENE,INJURY AND / OR TOW DUE TO CRASH,,,,"OVER $1,500",07/21/2025 03:27:00 PM,DISTRACTION - FROM INSIDE VEHICLE,FOLLOWING TOO CLOSELY,1429,W,71ST ST,734,,N,,,,,2,NONINCAPACITATING INJURY,1,0,0,1,0,1,0,15,2,7,41.7648525366,-87.6600435269,POINT (-87.660043526936 41.764852536555)
bbfb0283c991d714a377cf6e4fe26d21844d3bad0b666fe1acf47dd9c6140888dd09511000d5226b8eb52e2d8df5b8e3954d3107dfc2d61785304045244fee27,,07/21/2025 03:19:00 PM,30,NO CONTROLS,NO CONTROLS,CLEAR,DAYLIGHT,SIDESWIPE SAME DIRECTION,DIVIDED - W/MEDIAN (NOT RAISED),,STRAIGHT AND LEVEL,DRY,NO DEFECTS,ON SCENE,NO INJURY / DRIVE AWAY,,,Y,$500 OR LESS,07/21/2025 03:19:00 PM,UNABLE TO DETERMINE,NOT APPLICABLE,10199,S,WESTERN AVE,2213,,,,,,,2,NO INDICATION OF INJURY,0,0,0,0,0,2,0,15,2,7,41.7082924958,-87.6815327275,POINT (-87.68153272749 41.708292495835)
33f66af31a17833dd6bf7c1ba090781dc8547faa479711a927eccf1d7365f12e67e3968d7754789b67ff6e3240de813ac2d0041cf71a4362706b84e6029d8db7,,07/21/2025 03:15:00 PM,30,NO CONTROLS,NO CONTROLS,CLEAR,DAYLIGHT,REAR END,DIVIDED - W/MEDIAN BARRIER,,STRAIGHT AND LEVEL,WET,NO DEFECTS,ON SCENE,NO INJURY / DRIVE AWAY,,,,"OVER $1,500",07/21/2025 03:31:00 PM,UNABLE TO DETERMINE,NOT APPLICABLE,6559,N,MANNHEIM RD,1654,,,,,,,2,NO INDICATION OF INJURY,0,0,0,0,0,3,0,15,2,7,41.9974344184,-87.8843886548,POINT (-87.884388654775 41.997434418371)
ef86866cd67ea0b0ffa2066021e95686e24ad7f2b10df5d377229c78bb6d3fa42cf6ea9bfc55b5fc989b0748722dd52ccae141b04a83d26de308fbe8d16f3584,,07/21/2025 03:14:00 PM,30,STOP SIGN/FLASHER,FUNCTIONING PROPERLY,CLEAR,DAYLIGHT,TURNING,NOT DIVIDED,,STRAIGHT AND LEVEL,DRY,NO DEFECTS,ON SCENE,INJURY AND / OR TOW DUE TO CRASH,Y,,,"OVER $1,500",07/21/2025 03:15:00 PM,FAILING TO YIELD RIGHT-OF-WAY,UNABLE TO DETERMINE,3398,W,CARROLL AVE,1123,,,,,,,2,NO INDICATION OF INJURY,0,0,0,0,0,3,0,15,2,7,41.8875700914,-87.7110838917,POINT (-87.711083891707 41.887570091365)
a7ff162dd38839c8febb8419bcd6da91e63bb2fb3671dbc67fb0281c6c2889293d5afd5bead069f5320c391e5199c8507b2ffad23eb64bcdb1a7f97ff057d79a,,07/21/2025 03:12:00 PM,35,TRAFFIC SIGNAL,FUNCTIONING PROPERLY,CLEAR,DAYLIGHT,TURNING,NOT DIVIDED,,STRAIGHT AND LEVEL,DRY,NO DEFECTS,ON SCENE,NO INJURY / DRIVE AWAY,Y,,,"OVER $1,500",07/21/2025 04:29:00 PM,UNABLE TO DETERMINE,UNABLE TO DETERMINE,2329,S,KOSTNER AVE,1013,,,,,,,2,NO INDICATION OF INJURY,0,0,0,0,0,2,0,15,2,7,41.8486132973,-87.7342694246,POINT (-87.734269424577 41.848613297312)
37e9af3e7c6ca672dfbc26f3dd7ee31ce63e300225a7e2706b55f4a10e09f13e5af5e22931dfe08d8f7bc7b3c9e58f6e6aaa7196723fea0e001abfb8c993e22a,,07/21/2025 03:10:00 PM,35,NO CONTROLS,NO CONTROLS,CLEAR,DAYLIGHT,TURNING,DIVIDED - W/MEDIAN (NOT RAISED),,STRAIGHT AND LEVEL,DRY,NO DEFECTS,ON SCENE,INJURY AND / OR TOW DUE TO CRASH,Y,,Y,"OVER $1,500",07/21/2025 03:11:00 PM,DISREGARDING TRAFFIC SIGNALS,DISREGARDING TRAFFIC SIGNALS,1490,E,103RD ST,511,,,,,,,2,"REPORTED, NOT EVIDENT",1,0,0,0,1,1,0,15,2,7,41.7078512667,-87.5877136222,POINT (-87.587713622248 41.707851266733)
2fb16407cff9cf9fc2b92efb61efca28ae1ff52dbb712d999c1d88b5349371bce28b2493af60f21e8311b0f3019fc604b5016de08a2eb782f1845885912e696f,,07/21/2025 03:00:00 PM,30,STOP SIGN/FLASHER,FUNCTIONING PROPERLY,CLEAR,DAYLIGHT,ANGLE,NOT DIVIDED,,STRAIGHT AND LEVEL,DRY,NO DEFECTS,ON SCENE,NO INJURY / DRIVE AWAY,,,Y,"$501 - $1,500",07/21/2025 03:01:00 PM,DISREGARDING STOP SIGN,NOT APPLICABLE,3000,S,PULASKI RD,1031,,,,,,,2,NO INDICATION OF INJURY,0,0,0,0,0,3,0,15,2,7,41.8386288473,-87.7245446928,POINT (-87.724544692833 41.838628847262)
a96ccdff203b29c2782f060bbeb63e6e8c5f809f7ef4f4e052780a26191a29067770434d2a694c83cb9b0854640a1123a812c99432dba8cd65f592a3c4ab6d58,,07/21/2025 03:00:00 PM,30,NO CONTROLS,NO CONTROLS,CLEAR,DAYLIGHT,PARKED MOTOR VEHICLE,DIVIDED - W/MEDIAN BARRIER,,STRAIGHT AND LEVEL,DRY,NO DEFECTS,NOT ON SCENE (DESK REPORT),NO INJURY / DRIVE AWAY,,,Y,"OVER $1,500",07/21/2025 07:30:00 PM,UNABLE TO DETERMINE,UNABLE TO DETERMINE,3529,S,WESTERN BLVD,912,,,,,,,2,NO INDICATION OF INJURY,0,0,0,0,0,1,0,15,2,7,41.8293431953,-87.6842839346,POINT (-87.684283934636 41.829343195269)
b5f149adbd7b2ac209b8f0e57d00a643387acbe42b3ff7657c72b30ce29c96302976f3f30688c587370d5125bb2afb00477a4e7788a5e79ea07e9f0e56ea6b06,,07/21/2025 03:00:00 PM,25,NO CONTROLS,NO CONTROLS,CLEAR,DAYLIGHT,FIXED OBJECT,ONE-WAY,,STRAIGHT AND LEVEL,DRY,NO DEFECTS,ON SCENE,NO INJURY / DRIVE AWAY,,,,"$501 - $1,500",07/21/2025 04:00:00 PM,DRIVING SKILLS/KNOWLEDGE/EXPERIENCE,NOT APPLICABLE,20,E,ADAMS ST,112,,,,,,,1,NO INDICATION OF INJURY,0,0,0,0,0,1,0,15,2,7,41.8796081254,-87.626999113,POINT (-87.626999112973 41.879608125405)
eb976bcb413d2ccefd0519feb92adab201f02840ed018396f0d26398b572ec8f08f2467f4551c9610b513103a8acb7b6a0160fb341ca5bc6a6f991f401e3f062,,07/21/2025 03:00:00 PM,30,NO CONTROLS,NO CONTROLS,CLEAR,DAYLIGHT,SIDESWIPE OPPOSITE DIRECTION,NOT DIVIDED,,STRAIGHT AND LEVEL,DRY,NO DEFECTS,,NO INJURY / DRIVE AWAY,,,,"OVER $1,500",07/21/2025 03:30:00 PM,UNABLE TO DETERMINE,NOT APPLICABLE,8420,S,VINCENNES AVE,622,Y,,,,,,2,NO INDICATION OF INJURY,0,0,0,0,0,2,0,15,2,7,41.7409997147,-87.638777651,POINT (-87.638777650999 41.74099971473)