CRASH_RECORD_ID,CRASH_DATE_EST_I,CRASH_DATE,POSTED_SPEED_LIMIT,TRAFFIC_CONTROL_DEVICE,DEVICE_CONDITION,WEATHER_CONDITION,LIGHTING_CONDITION,FIRST_CRASH_TYPE,TRAFFICWAY_TYPE,LANE_CNT,ALIGNMENT,ROADWAY_SURFACE_COND,ROAD_DEFECT,REPORT_TYPE,CRASH_TYPE,INTERSECTION_RELATED_I,NOT_RIGHT_OF_WAY_I,HIT_AND_RUN_I,DAMAGE,DATE_POLICE_NOTIFIED,PRIM_CONTRIBUTORY_CAUSE,SEC_CONTRIBUTORY_CAUSE,STREET_NO,STREET_DIRECTION,STREET_NAME,BEAT_OF_OCCURRENCE,PHOTOS_TAKEN_I,STATEMENTS_TAKEN_I,DOORING_I,WORK_ZONE_I,WORK_ZONE_TYPE,WORKERS_PRESENT_I,NUM_UNITS,MOST_SEVERE_INJURY,INJURIES_TOTAL,INJURIES_FATAL,INJURIES_INCAPACITATING,INJURIES_NON_INCAPACITATING,INJURIES_REPORTED_NOT_EVIDENT,INJURIES_NO_INDICATION,INJURIES_UNKNOWN,CRASH_HOUR,CRASH_DAY_OF_WEEK,CRASH_MONTH,LATITUDE,LONGITUDE,LOCATION
0a91085ef9c945144db44685ef5063d36cea4bdfb573ce093dd8401af8d35d58dadeccca6fa2e69c2e9c3795f4ccb1155ce191df1ba5cefecb9ff64634c99016,,07/21/2025 02:57:00 PM,25,NO CONTROLS,NO CONTROLS,UNKNOWN,UNKNOWN,REAR END,OTHER,,STRAIGHT AND LEVEL,UNKNOWN,UNKNOWN,NOT ON SCENE (DESK REPORT),NO INJURY / DRIVE AWAY,,,,"OVER $1,500",07/29/2025 05:03:00 PM,FOLLOWING TOO CLOSELY,FOLLOWING TOO CLOSELY,10000,W,OHARE ST,1651,,,,,,,2,NO INDICATION OF INJURY,0,0,0,0,0,2,0,14,2,7,41.976201139,-87.9053091251,POINT (-87.905309125103 41.976201139024)
49972406e0058f140048343c51e8fc3b50e9a88d277f975d37a43d8171dccea9edd91512906346b51714e806e49f7c081e36867bd7b51a6e6a75ad1ea494da31,,07/21/2025 02:48:00 PM,30,TRAFFIC SIGNAL,FUNCTIONING PROPERLY,CLEAR,DAYLIGHT,REAR END,DIVIDED - W/MEDIAN (NOT RAISED),,STRAIGHT AND LEVEL,DRY,NO DEFECTS,ON SCENE,INJURY AND / OR TOW DUE TO CRASH,,,,"OVER $1,500",07/21/2025 02:48:00 PM,PHYSICAL CONDITION OF DRIVER,NOT APPLICABLE,11300,S,WESTERN AVE,2212,,,,,,,2,INCAPACITATING INJURY,1,0,1,0,0,1,0,14,2,7,41.6881108763,-87.6811859296,POINT (-87.681185929643 41.688110876324)
5f15a19edffe562bc3c34c3396f7c283c53efe22143fc2ce7bd64b3e6c03955fda87918741eeb8a1ee71394cb4725265d4e109a5dcafd1de3194107f59d0949d,,07/21/2025 02:47:00 PM,30,NO CONTROLS,NO CONTROLS,CLEAR,DAYLIGHT,ANGLE,NOT DIVIDED,,STRAIGHT AND LEVEL,DRY,NO DEFECTS,ON SCENE,INJURY AND / OR TOW DUE TO CRASH,,,,"OVER $1,500",07/21/2025 02:48:00 PM,FAILING TO YIELD RIGHT-OF-WAY,NOT APPLICABLE,5956,W,DIVERSEY AVE,2514,,,,,,,2,NO INDICATION OF INJURY,0,0,0,0,0,2,0,14,2,7,41.9312505865,-87.7758287572,POINT (-87.775828757162 41.931250586493)
aeccb3f471015de20adb0f223d8ed6343590b54e67c86ecb5b86d3ff7fb9c42f0fec788c4b16e9f83a885725919e52ccabca10beee017307b73e24ae2758952c,,07/21/2025 02:44:00 PM,30,NO CONTROLS,NO CONTROLS,CLEAR,DAYLIGHT,SIDESWIPE SAME DIRECTION,NOT DIVIDED,,STRAIGHT AND LEVEL,DRY,NO DEFECTS,ON SCENE,NO INJURY / DRIVE AWAY,,,,"OVER $1,500",07/21/2025 03:35:00 PM,IMPROPER OVERTAKING/PASSING,NOT APPLICABLE,4732,W,ROOSEVELT RD,1131,,N,,,,,2,NO INDICATION OF INJURY,0,0,0,0,0,3,0,14,2,7,41.866018405,-87.7436459931,POINT (-87.743645993077 41.866018404988)
25d3aa75289478e1b05edb0370ed5e8148f32c64b8e2578d0cdc81e73e3f1465c46ed47a59fa5d256c9f1d3cf427ae3aee28d00677c1c3c81793114f02bccbca,,07/21/2025 02:42:00 PM,30,TRAFFIC SIGNAL,FUNCTIONING PROPERLY,CLEAR,DAYLIGHT,REAR END,NOT DIVIDED,,STRAIGHT AND LEVEL,DRY,NO DEFECTS,NOT ON SCENE (DESK REPORT),NO INJURY / DRIVE AWAY,,,,$500 OR LESS,07/26/2025 08:35:00 PM,UNABLE TO DETERMINE,UNABLE TO DETERMINE,2328,W,95TH ST,2221,,,,,,,2,NO INDICATION OF INJURY,0,0,0,0,0,3,0,14,2,7,41.7210680907,-87.6807764656,POINT (-87.680776465559 41.72106809066)
3cb8339073c95a8302b39cdd2e0f1832ed83595fc84fe23821c60ea218450ab34ab7ac9a4ff92e241e665c17bf674e88aafd32b4b3b0fdc68cc1b0f074e04447,,07/21/2025 02:40:00 PM,30,NO CONTROLS,NO CONTROLS,CLEAR,DAYLIGHT,OTHER OBJECT,DIVIDED - W/MEDIAN BARRIER,,STRAIGHT AND LEVEL,UNKNOWN,UNKNOWN,NOT ON SCENE (DESK REPORT),INJURY AND / OR TOW DUE TO CRASH,,,,"OVER $1,500",07/21/2025 08:45:00 PM,UNABLE TO DETERMINE,NOT APPLICABLE,3999,W,LAKE ST,1122,,,,,,,1,"REPORTED, NOT EVIDENT",1,0,0,0,1,0,0,14,2,7,41.8853546365,-87.7257555436,POINT (-87.725755543633 41.885354636496)
abefa2a0093054e8f93f3f83d2b4f89813fdbbb2a189177d12be692051545ce0d8d3c21c41e8d3c41a304c8ae60cf13f4183915c03bc843680038b14b7e7e318,,07/21/2025 02:40:00 PM,25,UNKNOWN,UNKNOWN,UNKNOWN,UNKNOWN,SIDESWIPE SAME DIRECTION,NOT DIVIDED,,STRAIGHT AND LEVEL,UNKNOWN,UNKNOWN,NOT ON SCENE (DESK REPORT),NO INJURY / DRIVE AWAY,,,N,"OVER $1,500",07/22/2025 03:45:00 PM,NOT APPLICABLE,NOT APPLICABLE,1551,N,LAKE SHORE DR NB,1824,,,,,,,2,NO INDICATION OF INJURY,0,0,0,0,0,2,0,14,2,7,41.9110142448,-87.6255841667,POINT (-87.625584166694 41.91101424475)
45c3c8c595f9d7e48a472cc24eacb6900b8c7f263adfa790fb64cdf4f2d81328e8d067c3fc1822d872e4e990803cea245dc19ad803599a26ebea51c44a7d4682,,07/21/2025 02:31:00 PM,30,NO CONTROLS,NO CONTROLS,CLEAR,DAYLIGHT,PARKED MOTOR VEHICLE,NOT DIVIDED,,STRAIGHT AND LEVEL,DRY,NO DEFECTS,ON SCENE,NO INJURY / DRIVE AWAY,,,,"OVER $1,500",07/21/2025 02:31:00 PM,UNABLE TO DETERMINE,UNABLE TO DETERMINE,922,W,ADDISON ST,1923,,,,,,,2,NO INDICATION OF INJURY,0,0,0,0,0,4,0,14,2,7,41.9473789444,-87.6528907009,POINT (-87.652890700886 41.947378944373)
46bb77d775dfe467ab130a38705a9a37c0ae85f64753ccc75505a605bc8467cb45e3da5f875c8e035e1bda4ce14f9e647aad5f49ab49ac2f070e6c8bb228d99e,,07/21/2025 02:30:00 PM,40,UNKNOWN,UNKNOWN,UNKNOWN,UNKNOWN,SIDESWIPE SAME DIRECTION,OTHER,,STRAIGHT AND LEVEL,UNKNOWN,UNKNOWN,NOT ON SCENE (DESK REPORT),NO INJURY / DRIVE AWAY,,,Y,"$501 - $1,500",07/21/2025 04:15:00 PM,UNABLE TO DETERMINE,NOT APPLICABLE,750,N,LAKE SHORE DR NB,1833,,,,,,,2,NO INDICATION OF INJURY,0,0,0,0,0,2,0,14,2,7,41.8963773697,-87.6167331004,POINT (-87.616733100447 41.896377369722)
583665a4a2493685cdfe476044193762986e5e3b2c3708f36e20061d4f89b5b09e3641adca5ecebeadb0bf9df55c6f13b7fa921b1e8cd61ff0450a65abc516cc,,07/21/2025 02:30:00 PM,30,NO CONTROLS,NO CONTROLS,CLEAR,DAYLIGHT,REAR TO SIDE,PARKING LOT,,STRAIGHT AND LEVEL,DRY,UNKNOWN,NOT ON SCENE (DESK REPORT),NO INJURY / DRIVE AWAY,,,,"OVER $1,500",07/21/2025 09:20:00 PM,IMPROPER BACKING,IMPROPER BACKING,5130,N,SHERIDAN RD,2024,Y,,,,,,2,NO INDICATION OF INJURY,0,0,0,0,0,2,0,14,2,7,41.9762830559,-87.6551477688,POINT (-87.65514776883 41.976283055914)
6f803a8e992b9962830519fa86091a0a889bdfb40d54ebe3719762d08039beff1dd6e194e319ca997416028d1702955ecb32a1f2cb3dc90c045bda2fd22ec6e4,,07/21/2025 02:30:00 PM,30,UNKNOWN,UNKNOWN,CLEAR,DAYLIGHT,SIDESWIPE SAME DIRECTION,NOT DIVIDED,,STRAIGHT AND LEVEL,UNKNOWN,UNKNOWN,NOT ON SCENE (DESK REPORT),NO INJURY / DRIVE AWAY,,,,"OVER $1,500",07/21/2025 04:50:00 PM,UNABLE TO DETERMINE,UNABLE TO DETERMINE,918,W,MONTROSE AVE,1914,,,,,,,2,NO INDICATION OF INJURY,0,0,0,0,0,2,0,14,2,7,41.9619098449,-87.6531273785,POINT (-87.653127378543 41.961909844903)
a3210402bf2270f639878f1388f7a1f05b21d5571aa516a43c12117ca1d8c9882bc2ab49e50020dff05e8d1341b99c5256908ec856a8c9f37c3662c9cd66dec6,,07/21/2025 02:30:00 PM,30,NO CONTROLS,NO CONTROLS,CLEAR,DAYLIGHT,REAR END,NOT DIVIDED,,STRAIGHT AND LEVEL,DRY,NO DEFECTS,NOT ON SCENE (DESK REPORT),INJURY AND / OR TOW DUE TO CRASH,,,,"$501 - $1,500",07/21/2025 05:50:00 PM,FOLLOWING TOO CLOSELY,NOT APPLICABLE,800,W,63RD ST,712,,,,,,,2,NONINCAPACITATING INJURY,1,0,0,1,0,1,0,14,2,7,41.7798596793,-87.6448527816,POINT (-87.644852781595 41.779859679309)
d884d34922a18ec87e8ae985b4a71c850fa0feaa69a24c77676135d2966072c703797cb8735a1758a79700b30912724aebd2f42eb0e154dce2fd427791b7ace3,Y,07/21/2025 02:30:00 PM,30,TRAFFIC SIGNAL,FUNCTIONING PROPERLY,CLEAR,DAYLIGHT,REAR END,NOT DIVIDED,,STRAIGHT AND LEVEL,DRY,NO DEFECTS,NOT ON SCENE (DESK REPORT),NO INJURY / DRIVE AWAY,,,,"OVER $1,500",07/30/2025 07:00:00 PM,UNABLE TO DETERMINE,UNABLE TO DETERMINE,1000,W,ROOSEVELT RD,1232,,,,,,,2,NO INDICATION OF INJURY,0,0,0,0,0,2,0,14,2,7,41.867196447,-87.6510882209,POINT (-87.651088220891 41.867196446975)
ff753150e3556c1d3d60e3ba461a353191502581f352f33ea898083050a0ec8f8e6db1f556e9ff38c4ee9e5c7956fffcfa11135431d06ac10bbee617e395e546,,07/21/2025 02:25:00 PM,25,NO CONTROLS,NO CONTROLS,CLEAR,DAYLIGHT,PARKED MOTOR VEHICLE,NOT DIVIDED,,STRAIGHT AND LEVEL,DRY,NO DEFECTS,NOT ON SCENE (DESK REPORT),INJURY AND / OR TOW DUE TO CRASH,,,,"OVER $1,500",07/21/2025 03:45:00 PM,PHYSICAL CONDITION OF DRIVER,"OPERATING VEHICLE IN ERRATIC, RECKLESS, CARELESS, NEGLIGENT OR AGGRESSIVE MANNER",10340,S,EWING AVE,432,,,,Y,CONSTRUCTION,Y,2,NO INDICATION OF INJURY,0,0,0,0,0,1,0,14,2,7,41.706992858,-87.535430931,POINT (-87.535430930997 41.706992857973)
e55ff1d7270f53ae5a47be8fcf4b058646baa44fcac0ea00f09f23230de1c1b52dc311394d4fcd5ee18f8b5dfba00aff3c2b0e91b1483a185c0e7dd437f548d6,,07/21/2025 02:24:00 PM,30,STOP SIGN/FLASHER,FUNCTIONING PROPERLY,CLEAR,DAYLIGHT,PARKED MOTOR VEHICLE,OTHER,,STRAIGHT AND LEVEL,DRY,NO DEFECTS,NOT ON SCENE (DESK REPORT),NO INJURY / DRIVE AWAY,,,,"OVER $1,500",07/21/2025 03:40:00 PM,UNABLE TO DETERMINE,UNABLE TO DETERMINE,5335,S,KENWOOD AVE,234,,,,,,,2,NO INDICATION OF INJURY,0,0,0,0,0,1,0,14,2,7,41.7985250065,-87.5933035165,POINT (-87.593303516527 41.798525006525)
36856a5650dc66849c987a438f7058867cead106e28e676ec959bfeab36783dc600150b31055185baefa97d55136f6155d2d0017624d80e336c0e491abc12532,,07/21/2025 02:15:00 PM,35,NO CONTROLS,NO CONTROLS,CLEAR,DAYLIGHT,PARKED MOTOR VEHICLE,NOT DIVIDED,,STRAIGHT AND LEVEL,DRY,NO DEFECTS,NOT ON SCENE (DESK REPORT),NO INJURY / DRIVE AWAY,,,,"$501 - $1,500",07/25/2025 06:40:00 AM,UNABLE TO DETERMINE,UNABLE TO DETERMINE,5717,N,CHRISTIANA AVE,1711,,,,,,,2,NO INDICATION OF INJURY,0,0,0,0,0,2,0,14,2,7,41.985384783,-87.7124592697,POINT (-87.712459269728 41.985384783039)
645c10ffceda31c9eb04e6ab2b5b85c69e6d4291d5b78e0f6278b4ad2605a18b13849d15fb1a6724b8040fe0906aa8f22e2015ee8108ffb5a424851c69cda762,,07/21/2025 02:12:00 PM,35,TRAFFIC SIGNAL,FUNCTIONING PROPERLY,CLEAR,DAYLIGHT,REAR END,FOUR WAY,,STRAIGHT AND LEVEL,DRY,NO DEFECTS,NOT ON SCENE (DESK REPORT),NO INJURY / DRIVE AWAY,Y,,,"OVER $1,500",07/21/2025 02:13:00 PM,FOLLOWING TOO CLOSELY,FOLLOWING TOO CLOSELY,2340,W,TOUHY AVE,2411,,,,,,,3,NO INDICATION OF INJURY,0,0,0,0,0,4,0,14,2,7,42.0123807781,-87.6892139453,POINT (-87.689213945322 42.012380778092)
c04489be1510cb7cedc2b284c5b0f2f3df549fd743f930a7d4e63581f2bea462a0eddc71ee5e39d8ca0752548c0987eeb2804a96a9f16514c732ae28ac54009d,,07/21/2025 02:10:00 PM,30,STOP SIGN/FLASHER,FUNCTIONING PROPERLY,CLEAR,DAYLIGHT,ANGLE,FOUR WAY,,STRAIGHT AND LEVEL,DRY,NO DEFECTS,,NO INJURY / DRIVE AWAY,Y,,,"OVER $1,500",07/21/2025 04:08:00 PM,DISREGARDING STOP SIGN,FAILING TO YIELD RIGHT-OF-WAY,200,N,GREEN ST,1214,,,,,,,2,NO INDICATION OF INJURY,0,0,0,0,0,2,0,14,2,7,41.8856991972,-87.6487890894,POINT (-87.648789089379 41.885699197163)
3024497d1874755192534f13da7aa78a15099fac936d86da5b235891d76a6f61dba7ba6960a1ed1424e72d7df3a11585144e121ab6a31cde007a48e164c75e69,,07/21/2025 02:05:00 PM,30,NO CONTROLS,NO CONTROLS,CLEAR,DAYLIGHT,SIDESWIPE SAME DIRECTION,NOT DIVIDED,,STRAIGHT AND LEVEL,DRY,NO DEFECTS,NOT ON SCENE (DESK REPORT),NO INJURY / DRIVE AWAY,Y,,,"OVER $1,500",07/21/2025 03:40:00 PM,UNABLE TO DETERMINE,NOT APPLICABLE,200,N,CENTRAL AVE,1512,,,,,,,2,NO INDICATION OF INJURY,0,0,0,0,0,2,0,14,2,7,41.8843060149,-87.7651519065,POINT (-87.765151906532 41.884306014913)
054eb72d1588701490e8281fc040d5e2574f4da818a65df1eb574cdb5cb8cff64d047f7faa04fa3f4b6ebee571ead74d0e80b15dd45e73456cfdbf3c7abf1f9a,,07/21/2025 02:04:00 PM,30,UNKNOWN,UNKNOWN,CLOUDY/OVERCAST,DAYLIGHT,REAR END,NOT DIVIDED,,STRAIGHT AND LEVEL,UNKNOWN,UNKNOWN,NOT ON SCENE (DESK REPORT),NO INJURY / DRIVE AWAY,,,Y,"OVER $1,500",07/21/2025 02:30:00 PM,UNABLE TO DETERMINE,NOT APPLICABLE,708,W,BELMONT AVE,1925,,,,,,,2,NO INDICATION OF INJURY,0,0,0,0,0,2,0,14,2,7,41.9401197956,-87.6472616631,POINT (-87.647261663065 41.940119795567)
25f8412e49406a21e430d339b497509e82c7f872828891d8d2e748ddb48102e0920e99cd83a0c9ec873437dce20a775a10887b565d677149df82ca97242cc79a,,07/21/2025 02:00:00 PM,30,NO CONTROLS,NO CONTROLS,CLEAR,DAYLIGHT,PARKED MOTOR VEHICLE,NOT DIVIDED,,STRAIGHT AND LEVEL,DRY,OTHER,ON SCENE,NO INJURY / DRIVE AWAY,,,,"OVER $1,500",07/21/2025 02:33:00 PM,IMPROPER LANE USAGE,IMPROPER LANE USAGE,3551,N,WHIPPLE ST,1733,,,,,,,2,NO INDICATION OF INJURY,0,0,0,0,0,1,0,14,2,7,41.9462315894,-87.7039844893,POINT (-87.703984489321 41.946231589373)
b2492230e497fb876ca450b157e38ecb2d072fb8e4905ae62392a22027010e77bd7d34ef78e3d22ed01b86e76a1d726e80137c86489562088f1073e9e267b949,,07/21/2025 02:00:00 PM,30,UNKNOWN,UNKNOWN,CLEAR,DAYLIGHT,REAR END,DIVIDED - W/MEDIAN (NOT RAISED),,STRAIGHT AND LEVEL,DRY,NO DEFECTS,NOT ON SCENE (DESK REPORT),NO INJURY / DRIVE AWAY,,,,"OVER $1,500",07/21/2025 04:00:00 PM,FOLLOWING TOO CLOSELY,UNABLE TO DETERMINE,101,E,CHICAGO AVE,1833,,,,,,,2,NO INDICATION OF INJURY,0,0,0,0,0,2,0,14,2,7,41.8966032053,-87.6254704039,POINT (-87.62547040385 41.896603205319)
e6b2f27e82d4de750827005d71abbee24afefcd4c2788ef342ba9f96954175b4e9cf28b81c61b8d3b16eeca338efd31311193c80ea98795387c9e7b932beb527,,07/21/2025 02:00:00 PM,35,TRAFFIC SIGNAL,UNKNOWN,CLEAR,DAYLIGHT,TURNING,FOUR WAY,,STRAIGHT AND LEVEL,DRY,UNKNOWN,NOT ON SCENE (DESK REPORT),NO INJURY / DRIVE AWAY,Y,,,"OVER $1,500",07/21/2025 02:10:00 PM,IMPROPER LANE USAGE,IMPROPER LANE USAGE,5701,N,BROADWAY,2022,,,,,,,2,NO INDICATION OF INJURY,0,0,0,0,0,2,0,14,2,7,41.9854791879,-87.6599788425,POINT (-87.659978842493 41.985479187915)
f4764904cb85eed6dd569ccba003fc2248a1318d56bf2d4144dc71a44404dfdf21769d2db51f811cf1edb210c1250c466c0eb948e638ebe37c63382e45c39347,,07/21/2025 02:00:00 PM,30,UNKNOWN,UNKNOWN,CLEAR,DAYLIGHT,ANGLE,UNKNOWN,,STRAIGHT AND LEVEL,DRY,UNKNOWN,NOT ON SCENE (DESK REPORT),NO INJURY / DRIVE AWAY,,,,"OVER $1,500",07/21/2025 02:50:00 PM,UNABLE TO DETERMINE,UNABLE TO DETERMINE,825,W,47TH ST,933,,,,,,,2,NO INDICATION OF INJURY,0,0,0,0,0,2,0,14,2,7,41.8087447574,-87.6465534731,POINT (-87.646553473111 41.808744757354)
f6ffb1780c4afd6282827becb0e585cc537413591c7926d453b6fa4a704c53bb8ebeadcc45a4161ce4b83e0afc1f7baa3cbc9d9b4c7e219339c9bdc93ce9bee5,,07/21/2025 02:00:00 PM,30,NO CONTROLS,NO CONTROLS,CLEAR,DAYLIGHT,FIXED OBJECT,ALLEY,,STRAIGHT AND LEVEL,DRY,UNKNOWN,NOT ON SCENE (DESK REPORT),NO INJURY / DRIVE AWAY,,,,"OVER $1,500",07/21/2025 02:15:00 PM,UNABLE TO DETERMINE,NOT APPLICABLE,2530,N,MARMORA AVE,2515,,,,,,,1,NO INDICATION OF INJURY,0,0,0,0,0,1,0,14,2,7,41.9266298739,-87.7735268132,POINT (-87.773526813185 41.926629873948)
2f690b061ed9d176115dc35c1e8dc74f64a0bcc9ccd3425cb24de51c67cb24c605be1d36981f43a73f8260aa1e88eb82038592115d38b06bc531a3fbee40193d,,07/21/2025 01:59:00 PM,30,TRAFFIC SIGNAL,FUNCTIONING PROPERLY,CLEAR,DAYLIGHT,SIDESWIPE SAME DIRECTION,NOT DIVIDED,,STRAIGHT AND LEVEL,DRY,UNKNOWN,ON SCENE,NO INJURY / DRIVE AWAY,,,,$500 OR LESS,07/21/2025 01:59:00 PM,UNABLE TO DETERMINE,NOT APPLICABLE,1399,S,PULASKI RD,1011,,,,,,,2,NO INDICATION OF INJURY,0,0,0,0,0,4,0,13,2,7,41.8626184592,-87.724918249,POINT (-87.724918248974 41.862618459245)
accc481c2251fdce36466c7f12f9201546d47cf060e8d903f26a0176f728c51ebe3854c8374a856c52ff2d592f69b7af966d1c7f4642daaf97c00803b4eb8bf5,,07/21/2025 01:59:00 PM,30,NO CONTROLS,NO CONTROLS,CLEAR,DAYLIGHT,REAR END,DIVIDED - W/MEDIAN (NOT RAISED),,STRAIGHT AND LEVEL,DRY,NO DEFECTS,NOT ON SCENE (DESK REPORT),INJURY AND / OR TOW DUE TO CRASH,,,,$500 OR LESS,07/21/2025 02:00:00 PM,"DISTRACTION - OTHER ELECTRONIC DEVICE (NAVIGATION DEVICE, DVD PLAYER, ETC.)",FOLLOWING TOO CLOSELY,6460,N,RIDGE BLVD,2412,,,,,,,2,"REPORTED, NOT EVIDENT",1,0,0,0,1,1,0,13,2,7,41.9995652684,-87.6777296526,POINT (-87.677729652648 41.999565268394)
15d0d576d8bf42abaddbd0f1e713967eefc04f970439903dfacce2cb351d43d0b7579da133441cbe668f112dea75ca689479204213e9d6f6e05e2b125dc5e572,Y,07/21/2025 01:52:00 PM,30,TRAFFIC SIGNAL,FUNCTIONING PROPERLY,CLEAR,DAYLIGHT,TURNING,FOUR WAY,,STRAIGHT AND LEVEL,DRY,UNKNOWN,NOT ON SCENE (DESK REPORT),NO INJURY / DRIVE AWAY,,,,"OVER $1,500",07/21/2025 03:00:00 PM,DRIVING SKILLS/KNOWLEDGE/EXPERIENCE,UNABLE TO DETERMINE,1201,W,HOLLYWOOD AVE,2013,,,,,,,2,NO INDICATION OF INJURY,0,0,0,0,0,2,0,13,2,7,41.9853573948,-87.6602027835,POINT (-87.66020278353 41.985357394759)
f0481ac5a0edc3da9512ee90ffed41e13ad2b7a2a9f6eba7fbcd6fda615e32b1b8b9756e93e7372ec428ac3d82726d07f5955b35a28f7256c44be83e04b94b57,,07/21/2025 01:50:00 PM,30,TRAFFIC SIGNAL,FUNCTIONING PROPERLY,CLEAR,DAYLIGHT,PARKED MOTOR VEHICLE,FOUR WAY,,STRAIGHT AND LEVEL,DRY,NO DEFECTS,ON SCENE,NO INJURY / DRIVE AWAY,,,,"OVER $1,500",07/21/2025 01:50:00 PM,IMPROPER TURNING/NO SIGNAL,DRIVING SKILLS/KNOWLEDGE/EXPERIENCE,2402,W,71ST ST,832,,,,,,,2,NO INDICATION OF INJURY,0,0,0,0,0,1,0,13,2,7,41.7648082647,-87.6833934822,POINT (-87.683393482187 41.764808264721)
27e791e8d809e0e20d6a4f885d9343352097c6fbb5995c75e231d5d661931e192bd53c98efd97217847bc850f5c40b50050eefe6a9c926fcc43d8ded5600e144,,07/21/2025 01:49:00 PM,30,TRAFFIC SIGNAL,FUNCTIONING PROPERLY,CLEAR,DAYLIGHT,REAR END,DIVIDED - W/MEDIAN (NOT RAISED),,STRAIGHT AND LEVEL,DRY,NO DEFECTS,ON SCENE,NO INJURY / DRIVE AWAY,,,,"$501 - $1,500",07/21/2025 03:50:00 PM,UNABLE TO DETERMINE,NOT APPLICABLE,36,W,WACKER DR,111,,,,,,,2,NO INDICATION OF INJURY,0,0,0,0,0,2,0,13,2,7,41.8870444781,-87.6293084436,POINT (-87.629308443553 41.887044478059)
2c927ba5c08e7740a43e576405cb354f870662515e191f33c0ad19e96ec8aa9c82af9d5e13e5bfbfe4c135a21291bf31648d1b562b2acd8a72894bc7215b486c,,07/21/2025 01:45:00 PM,30,NO CONTROLS,NO CONTROLS,CLEAR,DAYLIGHT,REAR END,DIVIDED - W/MEDIAN (NOT RAISED),,STRAIGHT AND LEVEL,DRY,UNKNOWN,NOT ON SCENE (DESK REPORT),NO INJURY / DRIVE AWAY,,,,"OVER $1,500",07/21/2025 03:20:00 PM,DISTRACTION - FROM INSIDE VEHICLE,NOT APPLICABLE,1331,N,PULASKI RD,2535,Y,Y,,,,,2,NO INDICATION OF INJURY,0,0,0,0,0,3,0,13,2,7,41.9053915251,-87.7262391126,POINT (-87.726239112607 41.905391525052)
efb11b807ae408e51c091ae6769460795b3b3b2ab29571d6f2a9fa71635c3ebb2eae62f142c8e7be96cab920df15c6c3309d8d303dfac5518bdafa1e4751a9ca,,07/21/2025 01:45:00 PM,30,UNKNOWN,UNKNOWN,UNKNOWN,DAYLIGHT,SIDESWIPE SAME DIRECTION,DIVIDED - W/MEDIAN (NOT RAISED),,STRAIGHT AND LEVEL,UNKNOWN,UNKNOWN,NOT ON SCENE (DESK REPORT),NO INJURY / DRIVE AWAY,,,,"$501 - $1,500",07/21/2025 04:00:00 PM,UNABLE TO DETERMINE,NOT APPLICABLE,6400,N,CLARK ST,2432,,,,,,,2,NO INDICATION OF INJURY,0,0,0,0,0,2,0,13,2,7,41.9980876159,-87.6707468271,POINT (-87.670746827123 41.998087615915)
c8ca6337fe3cfe71fd0b1f294f7505159d3d6a223362f2a6e84f3502dd227149feebd33113367f64699321c3ba6160528ea2725495002c5430751cf2f8ed2053,,07/21/2025 01:42:00 PM,30,UNKNOWN,UNKNOWN,CLEAR,DAYLIGHT,PARKED MOTOR VEHICLE,ONE-WAY,,STRAIGHT AND LEVEL,DRY,UNKNOWN,ON SCENE,NO INJURY / DRIVE AWAY,,,,"OVER $1,500",07/21/2025 03:15:00 PM,UNABLE TO DETERMINE,NOT APPLICABLE,1510,N,WASHTENAW AVE,1423,,,,,,,2,NO INDICATION OF INJURY,0,0,0,0,0,1,0,13,2,7,41.9087911827,-87.6946553759,POINT (-87.694655375885 41.908791182651)
0fb667256771b910bb4b877b9ee8d90ae7d2900e08ab8d4feb990fd3dc7ff6bc9083ffeec3a57d8bf2ca5abaafe882f16e7c6b6d0b934979afe02e48cdcc9515,,07/21/2025 01:35:00 PM,30,NO CONTROLS,NO CONTROLS,CLEAR,DAYLIGHT,PARKED MOTOR VEHICLE,NOT DIVIDED,,STRAIGHT AND LEVEL,DRY,NO DEFECTS,NOT ON SCENE (DESK REPORT),NO INJURY / DRIVE AWAY,,,Y,"OVER $1,500",07/21/2025 03:15:00 PM,FAILING TO REDUCE SPEED TO AVOID CRASH,UNABLE TO DETERMINE,6010,W,IRVING PARK RD,1624,,,,,,,2,NO INDICATION OF INJURY,0,0,0,0,0,1,0,13,2,7,41.9531529186,-87.7772627906,POINT (-87.7772627906 41.953152918587)
b23586f953b0c9de27087e4b6db47721204c76e16cc8e81bbc7be8d591452af64eed5d024f5642470cdcced1f7040f9039ccccee60bd7b1897876b919ada35f6,,07/21/2025 01:35:00 PM,30,TRAFFIC SIGNAL,FUNCTIONING PROPERLY,CLEAR,DAYLIGHT,TURNING,FOUR WAY,,STRAIGHT AND LEVEL,DRY,NO DEFECTS,ON SCENE,NO INJURY / DRIVE AWAY,Y,,,"OVER $1,500",07/21/2025 01:38:00 PM,FAILING TO YIELD RIGHT-OF-WAY,DRIVING SKILLS/KNOWLEDGE/EXPERIENCE,4002,N,PULASKI RD,1722,,,,,,,2,NO INDICATION OF INJURY,0,0,0,0,0,2,0,13,2,7,41.9537938065,-87.7277681189,POINT (-87.727768118931 41.953793806473)