CRASH_RECORD_ID,CRASH_DATE_EST_I,CRASH_DATE,POSTED_SPEED_LIMIT,TRAFFIC_CONTROL_DEVICE,DEVICE_CONDITION,WEATHER_CONDITION,LIGHTING_CONDITION,FIRST_CRASH_TYPE,TRAFFICWAY_TYPE,LANE_CNT,ALIGNMENT,ROADWAY_SURFACE_COND,ROAD_DEFECT,REPORT_TYPE,CRASH_TYPE,INTERSECTION_RELATED_I,NOT_RIGHT_OF_WAY_I,HIT_AND_RUN_I,DAMAGE,DATE_POLICE_NOTIFIED,PRIM_CONTRIBUTORY_CAUSE,SEC_CONTRIBUTORY_CAUSE,STREET_NO,STREET_DIRECTION,STREET_NAME,BEAT_OF_OCCURRENCE,PHOTOS_TAKEN_I,STATEMENTS_TAKEN_I,DOORING_I,WORK_ZONE_I,WORK_ZONE_TYPE,WORKERS_PRESENT_I,NUM_UNITS,MOST_SEVERE_INJURY,INJURIES_TOTAL,INJURIES_FATAL,INJURIES_INCAPACITATING,INJURIES_NON_INCAPACITATING,INJURIES_REPORTED_NOT_EVIDENT,INJURIES_NO_INDICATION,INJURIES_UNKNOWN,CRASH_HOUR,CRASH_DAY_OF_WEEK,CRASH_MONTH,LATITUDE,LONGITUDE,LOCATION
da74f4976e22890c84578893cb95062a367cce3aa74155de7ac6ecf2c76758ef2ab840af43aad8c63450680abf8fcdac5232ade9fbd66276b443b701195424db,,07/21/2025 01:33:00 PM,15,NO CONTROLS,NO CONTROLS,CLEAR,DAYLIGHT,ANGLE,ALLEY,,STRAIGHT AND LEVEL,DRY,NO DEFECTS,ON SCENE,INJURY AND / OR TOW DUE TO CRASH,Y,,,"OVER $1,500",07/21/2025 01:39:00 PM,UNABLE TO DETERMINE,UNABLE TO DETERMINE,4980,N,AUSTIN AVE,1622,,,,,,,2,NO INDICATION OF INJURY,0,0,0,0,0,3,0,13,2,7,41.9720087362,-87.778399369,POINT (-87.778399369042 41.972008736224)
1b23cf0b3bc22580d28e5ee4bdfc872165a297821dd4d598e3dd9f8b7bd6f9417d8639b332a556f551199f53dcab06a385118d88bd1833885f61d1837a683604,,07/21/2025 01:30:00 PM,30,NO CONTROLS,NO CONTROLS,CLEAR,DAYLIGHT,PARKED MOTOR VEHICLE,ONE-WAY,,STRAIGHT AND LEVEL,DRY,UNKNOWN,NOT ON SCENE (DESK REPORT),NO INJURY / DRIVE AWAY,,,,"OVER $1,500",07/21/2025 06:00:00 PM,UNABLE TO DETERMINE,NOT APPLICABLE,1447,N,WASHTENAW AVE,1423,,,,,,,2,NO INDICATION OF INJURY,0,0,0,0,0,1,0,13,2,7,41.9079911148,-87.6943438114,POINT (-87.694343811374 41.907991114807)
2bee525cb60d219cbcae10101f19db68ce457aded3b77b1cf594e7097bcfb5854f55311db3fd40cd2687db8d704307583dd38ddb2010b3c5c535090a37be47a8,,07/21/2025 01:30:00 PM,30,UNKNOWN,UNKNOWN,CLEAR,DAYLIGHT,ANGLE,NOT DIVIDED,,STRAIGHT AND LEVEL,UNKNOWN,UNKNOWN,NOT ON SCENE (DESK REPORT),NO INJURY / DRIVE AWAY,,,,"OVER $1,500",07/21/2025 03:00:00 PM,UNABLE TO DETERMINE,UNABLE TO DETERMINE,2356,N,LINCOLN PARK WEST,1814,,,,,,,2,NO INDICATION OF INJURY,0,0,0,0,0,2,0,13,2,7,41.9255063208,-87.6367118783,POINT (-87.636711878253 41.925506320795)
5982b08e8041f829f4022b333640b3e7e3e51dd341e25cbf3423eb112a94e22f111021f275800dd67bcdf8f14e6f7747ec0b428ccbce28f0bc61c56132671092,Y,07/21/2025 01:30:00 PM,30,NO CONTROLS,NO CONTROLS,CLEAR,DAYLIGHT,TURNING,NOT DIVIDED,,STRAIGHT AND LEVEL,DRY,NO DEFECTS,NOT ON SCENE (DESK REPORT),NO INJURY / DRIVE AWAY,,,,"OVER $1,500",07/21/2025 02:20:00 PM,IMPROPER TURNING/NO SIGNAL,UNABLE TO DETERMINE,2233,S,DR MARTIN LUTHER KING JR DR,132,,,,,,,2,NO INDICATION OF INJURY,0,0,0,0,0,2,0,13,2,7,41.8520755745,-87.6188508039,POINT (-87.618850803918 41.852075574499)
8c0a6a985b4a1bd33fbf0b9df986942e6a420f8a779bef7aa4acc1583b223e42efcde1e0aafb2f49b65887196dc48a9a5d1f0effa666b6671e2481416e8ed934,,07/21/2025 01:30:00 PM,25,UNKNOWN,UNKNOWN,CLEAR,UNKNOWN,SIDESWIPE SAME DIRECTION,UNKNOWN,,STRAIGHT AND LEVEL,UNKNOWN,UNKNOWN,NOT ON SCENE (DESK REPORT),NO INJURY / DRIVE AWAY,,,,"OVER $1,500",07/21/2025 03:45:00 PM,NOT APPLICABLE,NOT APPLICABLE,600,N,LAKE SHORE DR NB,1834,,,,,,,2,NO INDICATION OF INJURY,0,0,0,0,0,2,0,13,2,7,41.8926672756,-87.6143625489,POINT (-87.614362548909 41.89266727562)
e9e1e4fd1ccd2e63e1016dcf6fcf37e0bfb098ca14f2346248f7fc9421c77dedf6b38cb32169db52733131a5c0d3b2eb73555d85e326d5ba6daff38a22387675,,07/21/2025 01:30:00 PM,45,NO CONTROLS,NO CONTROLS,CLEAR,DAYLIGHT,SIDESWIPE SAME DIRECTION,DIVIDED - W/MEDIAN BARRIER,,STRAIGHT AND LEVEL,DRY,NO DEFECTS,ON SCENE,NO INJURY / DRIVE AWAY,,,,"$501 - $1,500",07/21/2025 01:50:00 PM,FAILING TO YIELD RIGHT-OF-WAY,NOT APPLICABLE,5699,N,LAKE SHORE DR SB,2022,,,,,,,2,NO INDICATION OF INJURY,0,0,0,0,0,3,0,13,2,7,41.9855567666,-87.6533614803,POINT (-87.653361480328 41.985556766551)
60219815f9e96baeb6b9fdc8d6916a4fe786f961eb0e44754857214ba6634e8d31fc110b735b94033409548e85da293526b7dd6d34b75e39a49c267d4367ac55,,07/21/2025 01:26:00 PM,30,NO CONTROLS,NO CONTROLS,CLEAR,DAYLIGHT,SIDESWIPE SAME DIRECTION,NOT DIVIDED,,STRAIGHT AND LEVEL,DRY,UNKNOWN,NOT ON SCENE (DESK REPORT),NO INJURY / DRIVE AWAY,,,,$500 OR LESS,07/21/2025 03:00:00 PM,IMPROPER OVERTAKING/PASSING,IMPROPER LANE USAGE,10300,S,WESTERN AVE,2211,,,,,,,2,NO INDICATION OF INJURY,0,0,0,0,0,3,0,13,2,7,41.7062823319,-87.6817635946,POINT (-87.68176359458 41.706282331898)
918c5e50312ed72913d608d6d5c97a66e85fa15d27f4ce8d14b11f868e4d6306c8d8b70ff159896ad9d5c97273c5bb6f5f85a651f0010f7c864cd446fc564769,,07/21/2025 01:23:00 PM,30,TRAFFIC SIGNAL,FUNCTIONING PROPERLY,CLEAR,DAYLIGHT,SIDESWIPE SAME DIRECTION,FOUR WAY,,STRAIGHT AND LEVEL,DRY,NO DEFECTS,ON SCENE,NO INJURY / DRIVE AWAY,,,Y,"$501 - $1,500",07/21/2025 01:25:00 PM,UNABLE TO DETERMINE,NOT APPLICABLE,2401,W,51ST ST,923,,,,,,,2,NO INDICATION OF INJURY,0,0,0,0,0,2,0,13,2,7,41.8010380868,-87.6842912591,POINT (-87.684291259135 41.801038086801)
ab07d86cf17864d1ec95f55e9faabe64647017b1864cdd0e92c7baea21454c63696dfb1d706a149fb53a1c852eb5adc606274a2b9fa90506b3b14e75c5dc5b73,,07/21/2025 01:22:00 PM,30,NO CONTROLS,NO CONTROLS,CLEAR,DAYLIGHT,PARKED MOTOR VEHICLE,ONE-WAY,,STRAIGHT AND LEVEL,DRY,NO DEFECTS,NOT ON SCENE (DESK REPORT),NO INJURY / DRIVE AWAY,,,,"OVER $1,500",07/21/2025 02:23:00 PM,DRIVING SKILLS/KNOWLEDGE/EXPERIENCE,UNABLE TO DETERMINE,3123,W,ARTHUR AVE,2412,,,,,,,3,NO INDICATION OF INJURY,0,0,0,0,0,1,0,13,2,7,41.999126136,-87.7080039554,POINT (-87.708003955423 41.999126136026)
777980db87847176a75bee9408c78f40c437d187ec9d726eb26133627f012338d5905f658e12f55de1cecfc2afea85eaa177add8ef757d63b58ad9cd623cbac9,,07/21/2025 01:20:00 PM,30,TRAFFIC SIGNAL,FUNCTIONING PROPERLY,CLEAR,DAYLIGHT,TURNING,FOUR WAY,,STRAIGHT AND LEVEL,DRY,UNKNOWN,NOT ON SCENE (DESK REPORT),NO INJURY / DRIVE AWAY,,,Y,"OVER $1,500",07/21/2025 02:45:00 PM,IMPROPER TURNING/NO SIGNAL,DRIVING SKILLS/KNOWLEDGE/EXPERIENCE,931,N,KEDZIE AVE,1211,,,,,,,2,NO INDICATION OF INJURY,0,0,0,0,0,3,0,13,2,7,41.8982855522,-87.7064986747,POINT (-87.706498674705 41.898285552187)
eb641d95826e3d2bcc401fb7a09a33f67fba7ba460c50d160b0452729843d2832a5ef11188da5b634f78a28f2df73efcb2b5d53af487704b6ece5f0631307212,,07/21/2025 01:20:00 PM,15,NO CONTROLS,NO CONTROLS,CLEAR,DAYLIGHT,FIXED OBJECT,DRIVEWAY,,STRAIGHT AND LEVEL,DRY,NO DEFECTS,ON SCENE,NO INJURY / DRIVE AWAY,,,,"OVER $1,500",07/21/2025 01:57:00 PM,UNABLE TO DETERMINE,UNABLE TO DETERMINE,1410,E,62ND ST,314,,,,,,,1,NO INDICATION OF INJURY,0,0,0,0,0,2,0,13,2,7,41.7825052194,-87.5909616433,POINT (-87.590961643256 41.782505219358)
ddf2e91667b7f381602b63bbce05a6dc0c0b45b723b27054b27e240f662dbba46f73f737543783dba446dad29ed162d750d98c96d016b64a2c0d55a419352164,,07/21/2025 01:15:00 PM,30,TRAFFIC SIGNAL,FUNCTIONING PROPERLY,CLEAR,DAYLIGHT,REAR END,FOUR WAY,,STRAIGHT AND LEVEL,DRY,UNKNOWN,NOT ON SCENE (DESK REPORT),NO INJURY / DRIVE AWAY,Y,,Y,"OVER $1,500",07/21/2025 03:30:00 PM,UNABLE TO DETERMINE,NOT APPLICABLE,700,N,FAIRBANKS CT,1834,,,,,,,2,NO INDICATION OF INJURY,0,0,0,0,0,2,0,13,2,7,41.8950501453,-87.6204706143,POINT (-87.620470614342 41.89505014535)
7f0b77404e7940d5367430ba77d1aee4c1a3b19753b1f6ac63540837517e9711c2e66005b253f18392781d82d61db456ccd04a51a84840b5a88238a3f4adc78c,,07/21/2025 01:02:00 PM,30,NO CONTROLS,NO CONTROLS,CLEAR,DAYLIGHT,PARKED MOTOR VEHICLE,ONE-WAY,,STRAIGHT AND LEVEL,DRY,NO DEFECTS,NOT ON SCENE (DESK REPORT),NO INJURY / DRIVE AWAY,,,Y,"OVER $1,500",07/22/2025 06:05:00 PM,UNABLE TO DETERMINE,UNABLE TO DETERMINE,2243,S,WHIPPLE ST,1033,,,,,,,2,NO INDICATION OF INJURY,0,0,0,0,0,1,0,13,2,7,41.8505449309,-87.701391521,POINT (-87.701391521041 41.850544930945)
5d527122ab0ed287046b4b1bc9611c6ea09da9a77f19c4e2aec15d0a3cee3430ac6cedc8f0a7c81fbccfacc58c0948d2e9c8a3b913a6b3279bad45437920edc2,,07/21/2025 01:00:00 PM,30,NO CONTROLS,NO CONTROLS,CLEAR,DAYLIGHT,SIDESWIPE SAME DIRECTION,NOT DIVIDED,,STRAIGHT AND LEVEL,DRY,NO DEFECTS,NOT ON SCENE (DESK REPORT),INJURY AND / OR TOW DUE TO CRASH,,,,"OVER $1,500",07/21/2025 01:52:00 PM,UNABLE TO DETERMINE,NOT APPLICABLE,2910,S,POPLAR AVE,913,,,,,,,3,"REPORTED, NOT EVIDENT",1,0,0,0,1,3,0,13,2,7,41.8409963635,-87.64954404,POINT (-87.649544039959 41.840996363499)
6fadae5abeb1439405ce90d22e0630e13a65b1f4e2b521d15acd73ccf279fc92ffa548b845780ffd0b7263e44ad8490cfdc8d79cdfd5c03040c4897f8f355d4e,,07/21/2025 01:00:00 PM,30,UNKNOWN,UNKNOWN,UNKNOWN,DAYLIGHT,PARKED MOTOR VEHICLE,NOT DIVIDED,,STRAIGHT AND LEVEL,UNKNOWN,UNKNOWN,NOT ON SCENE (DESK REPORT),NO INJURY / DRIVE AWAY,,,,"OVER $1,500",07/21/2025 03:40:00 PM,UNABLE TO DETERMINE,NOT APPLICABLE,4000,W,NELSON ST,2523,,,,,,,2,NO INDICATION OF INJURY,0,0,0,0,0,1,0,13,2,7,41.9364607354,-87.7272292375,POINT (-87.727229237472 41.936460735378)
c56bae92024a162752d98ca33e894af7aa25d984ca6e4b0ded68ba2ee050789ef01b4115585b8f386726102e5778edbc6b948b051f8c078a6e7be0452383c85f,,07/21/2025 01:00:00 PM,30,NO CONTROLS,NO CONTROLS,CLEAR,DAYLIGHT,FIXED OBJECT,NOT DIVIDED,,STRAIGHT AND LEVEL,DRY,NO DEFECTS,ON SCENE,NO INJURY / DRIVE AWAY,,,Y,"OVER $1,500",07/21/2025 01:32:00 PM,FAILING TO YIELD RIGHT-OF-WAY,UNABLE TO DETERMINE,6545,W,DEVON AVE,1611,,,,,,,1,NO INDICATION OF INJURY,0,0,0,0,0,1,0,13,2,7,41.9972163092,-87.7917107031,POINT (-87.791710703051 41.997216309227)
3e54f7423b71df895f30dbee1cfeffdfa5bf97b44464d536b81ff254b39576cc22ddb6326d6ee8bad60de79b456d55484884f207f38f33d842e6df4f5b90f48d,,07/21/2025 12:55:00 PM,30,NO CONTROLS,NO CONTROLS,CLEAR,DAYLIGHT,SIDESWIPE SAME DIRECTION,NOT DIVIDED,,STRAIGHT AND LEVEL,DRY,NO DEFECTS,NOT ON SCENE (DESK REPORT),NO INJURY / DRIVE AWAY,,,,"OVER $1,500",07/21/2025 01:15:00 PM,UNABLE TO DETERMINE,NOT APPLICABLE,124,N,CENTRAL AVE,1512,,,,,,,2,NO INDICATION OF INJURY,0,0,0,0,0,2,0,12,2,7,41.8830131081,-87.7651009873,POINT (-87.765100987301 41.883013108107)
71e725d038e2c7f5699b1e1541650afca673321b23379df19c548a4ecdb8414b7be6359b55ffbf07b5fd4134964b1a8896ad08077bce89725f1d0917077a83b3,,07/21/2025 12:50:00 PM,30,NO CONTROLS,NO CONTROLS,CLEAR,DAYLIGHT,PARKED MOTOR VEHICLE,NOT DIVIDED,,STRAIGHT AND LEVEL,UNKNOWN,UNKNOWN,NOT ON SCENE (DESK REPORT),NO INJURY / DRIVE AWAY,,,,"OVER $1,500",07/21/2025 05:00:00 PM,UNABLE TO DETERMINE,NOT APPLICABLE,1009,S,WOOD ST,1231,,,,,,,2,NO INDICATION OF INJURY,0,0,0,0,0,2,0,12,2,7,41.8689367431,-87.6712578294,POINT (-87.671257829415 41.868936743064)
a2e1f25bba143e287e44539a51c4e353a3f56732703b0b51798b800b333350b661646a7b89c8c9333d1165aea97bb3c68c03bb4bbab862212e4e3d4386d17fee,Y,07/21/2025 12:45:00 PM,30,TRAFFIC SIGNAL,FUNCTIONING PROPERLY,CLEAR,DAYLIGHT,REAR END,DIVIDED - W/MEDIAN (NOT RAISED),,STRAIGHT AND LEVEL,DRY,UNKNOWN,NOT ON SCENE (DESK REPORT),NO INJURY / DRIVE AWAY,,,,"OVER $1,500",07/21/2025 01:33:00 PM,UNABLE TO DETERMINE,DRIVING SKILLS/KNOWLEDGE/EXPERIENCE,5820,N,ASHLAND AVE,2012,,,,,,,2,NO INDICATION OF INJURY,0,0,0,0,0,2,0,12,2,7,41.987358707,-87.6699124131,POINT (-87.669912413131 41.98735870697)
d40170b93746f4733038654b4339c6cdce8d33ae907a4386f91bca2878d2e25a2e004c6170a7ad96820425da4ac1d3709825e4f08de65b5fd9d01406149e59e7,,07/21/2025 12:45:00 PM,30,NO CONTROLS,NO CONTROLS,CLEAR,DUSK,REAR END,NOT DIVIDED,,STRAIGHT AND LEVEL,DRY,NO DEFECTS,NOT ON SCENE (DESK REPORT),NO INJURY / DRIVE AWAY,Y,,,"$501 - $1,500",07/22/2025 12:50:00 AM,IMPROPER LANE USAGE,UNABLE TO DETERMINE,8854,S,COMMERCIAL AVE,423,,,,,,,2,NO INDICATION OF INJURY,0,0,0,0,0,2,0,12,2,7,41.7339332192,-87.5514978149,POINT (-87.551497814904 41.733933219185)
f28bb73c7e9d29c385f08e10ff5e7f7a60a55a9094b7d2908c01554c1c435316763a21921cd8fbf21819ac00a3dbed2b5e5192838fb6a73f83204770546fe1cd,,07/21/2025 12:45:00 PM,25,UNKNOWN,UNKNOWN,CLEAR,DAYLIGHT,SIDESWIPE SAME DIRECTION,UNKNOWN,,STRAIGHT AND LEVEL,UNKNOWN,UNKNOWN,NOT ON SCENE (DESK REPORT),NO INJURY / DRIVE AWAY,,,,"OVER $1,500",07/21/2025 01:50:00 PM,NOT APPLICABLE,NOT APPLICABLE,811,W,CHICAGO AVE,1214,,,,,,,2,NO INDICATION OF INJURY,0,0,0,0,0,2,0,12,2,7,41.896292882,-87.6483031694,POINT (-87.648303169427 41.896292882034)
58f12485e0fa2b20eae5b3352f7ab71799e676fe054c8db7d2e9417baad591404115886362bd511ebbc99b3a004a3f95894eba9d74e592d3daac028367ec2e47,,07/21/2025 12:40:00 PM,15,NO CONTROLS,NO CONTROLS,CLEAR,DAYLIGHT,PARKED MOTOR VEHICLE,PARKING LOT,,STRAIGHT AND LEVEL,DRY,NO DEFECTS,ON SCENE,INJURY AND / OR TOW DUE TO CRASH,,Y,,"OVER $1,500",07/21/2025 12:53:00 PM,IMPROPER BACKING,UNABLE TO DETERMINE,7144,N,HARLEM AVE,1611,,,,,,,2,NO INDICATION OF INJURY,0,0,0,0,0,1,0,12,2,7,42.0112330922,-87.8067887784,POINT (-87.806788778364 42.011233092203)
7cbacd0ccaa52afc1f898d63e6381439f5f1c0c41f1c87f1e18e9b1e1a502b121958b301368085e74ea050f0605d013c69b923dc6cb788b6dd80791a31ec0ca2,,07/21/2025 12:40:00 PM,30,STOP SIGN/FLASHER,FUNCTIONING PROPERLY,CLEAR,DAYLIGHT,REAR TO FRONT,ONE-WAY,,STRAIGHT AND LEVEL,DRY,UNKNOWN,NOT ON SCENE (DESK REPORT),NO INJURY / DRIVE AWAY,N,,,"OVER $1,500",07/21/2025 01:10:00 PM,UNABLE TO DETERMINE,UNABLE TO DETERMINE,851,N,DEARBORN ST,1832,,,,,,,2,NO INDICATION OF INJURY,0,0,0,0,0,2,0,12,2,7,41.8980960982,-87.6296717448,POINT (-87.629671744793 41.898096098153)
ef6b254961495e6d8fbc10dbbb61672ef945d4236e24ac8db017a566efa92673c95574bd24f6cfd2ff7b2386098a29965c1e008c0432ee0cafb2e7a67663d0ef,,07/21/2025 12:39:00 PM,30,STOP SIGN/FLASHER,UNKNOWN,CLEAR,DAYLIGHT,SIDESWIPE OPPOSITE DIRECTION,NOT DIVIDED,,STRAIGHT AND LEVEL,UNKNOWN,UNKNOWN,,NO INJURY / DRIVE AWAY,,,,"OVER $1,500",07/21/2025 02:42:00 PM,UNABLE TO DETERMINE,UNABLE TO DETERMINE,7600,S,INDIANA AVE,623,,,,,,,2,NO INDICATION OF INJURY,0,0,0,0,0,3,0,12,2,7,41.7564048051,-87.6200325039,POINT (-87.62003250391 41.756404805121)
76570407cbfdf41d9b54693fc808af2c708fc004aa3fe502b2f8289705911e56d061a7cbdaf1c6cde999f08e8df66b66b4b8a1204c3163dd8089fc25f102f388,,07/21/2025 12:37:00 PM,30,NO CONTROLS,NO CONTROLS,CLEAR,DAYLIGHT,SIDESWIPE SAME DIRECTION,NOT DIVIDED,,STRAIGHT AND LEVEL,DRY,NO DEFECTS,NOT ON SCENE (DESK REPORT),NO INJURY / DRIVE AWAY,,,,"OVER $1,500",07/21/2025 02:15:00 PM,UNABLE TO DETERMINE,NOT APPLICABLE,1020,S,WABASH AVE,123,Y,,,,,,2,NO INDICATION OF INJURY,0,0,0,0,0,2,0,12,2,7,41.8694588354,-87.6260274455,POINT (-87.626027445501 41.86945883538)
cecb8ff0fd5c0f271acd58f8bc480931318092a8f5665c10eb6e4f4405f31ed9ef1e97989fe766423e6ff43e401d3116446e15fd82e64814e428240300f14d3a,,07/21/2025 12:35:00 PM,30,NO CONTROLS,NO CONTROLS,CLEAR,DAYLIGHT,ANGLE,NOT DIVIDED,,STRAIGHT AND LEVEL,DRY,NO DEFECTS,ON SCENE,INJURY AND / OR TOW DUE TO CRASH,,,,"OVER $1,500",07/21/2025 12:40:00 PM,FAILING TO YIELD RIGHT-OF-WAY,UNABLE TO DETERMINE,2551,W,CERMAK RD,1034,,,,,,,2,"REPORTED, NOT EVIDENT",1,0,0,0,1,1,0,12,2,7,41.8518682717,-87.6900751213,POINT (-87.690075121295 41.851868271661)
145f705265f5933f11dd5526a03516569dcfa7ad25c6d33cb59e2f943ba83ddbe73315633727e21c4c5e067054d97bcd3894513d25f742f133e451230349811a,,07/21/2025 12:30:00 PM,30,STOP SIGN/FLASHER,UNKNOWN,UNKNOWN,DAYLIGHT,ANGLE,NOT DIVIDED,,STRAIGHT AND LEVEL,UNKNOWN,UNKNOWN,NOT ON SCENE (DESK REPORT),NO INJURY / DRIVE AWAY,,,,"OVER $1,500",07/22/2025 04:24:00 PM,UNABLE TO DETERMINE,UNABLE TO DETERMINE,7600,S,INDIANA AVE,623,,,,,,,2,NO INDICATION OF INJURY,0,0,0,0,0,2,0,12,2,7,41.7564048051,-87.6200325039,POINT (-87.62003250391 41.756404805121)
4c675d98c98124f4b32db1d1a6ebcac647256857a23ca5e75f82616119bc2160fe8d0137a9d920a839794dcc2b9a9b40b5acfe369e8e6c6b6d49e5730b7a3c2f,,07/21/2025 12:30:00 PM,25,NO CONTROLS,NO CONTROLS,UNKNOWN,UNKNOWN,PARKED MOTOR VEHICLE,OTHER,,STRAIGHT AND LEVEL,UNKNOWN,UNKNOWN,NOT ON SCENE (DESK REPORT),NO INJURY / DRIVE AWAY,,,Y,"$501 - $1,500",07/21/2025 04:05:00 PM,UNABLE TO DETERMINE,NOT APPLICABLE,11740,S,ELIZABETH ST,524,,,,,,,2,NO INDICATION OF INJURY,0,0,0,0,0,1,0,12,2,7,41.6800826879,-87.6530908634,POINT (-87.653090863417 41.68008268786)
4fea81054d162ddbd0dd9170b33fe118f765ada7e36e0ab8b7fee7dd8507551277c1ee70c6591d0b52fc8b35b51c3bf7d759e9cc224de24e665d0d0b13e8c3f9,,07/21/2025 12:30:00 PM,30,NO CONTROLS,NO CONTROLS,UNKNOWN,UNKNOWN,PARKED MOTOR VEHICLE,PARKING LOT,,STRAIGHT AND LEVEL,UNKNOWN,UNKNOWN,NOT ON SCENE (DESK REPORT),NO INJURY / DRIVE AWAY,,,,"$501 - $1,500",07/21/2025 02:00:00 PM,IMPROPER BACKING,NOT APPLICABLE,6520,W,FULLERTON AVE,2512,,,,,,,2,NO INDICATION OF INJURY,0,0,0,0,0,1,0,12,2,7,41.9237604017,-87.7887477626,POINT (-87.788747762559 41.923760401743)
77147a6f442ae8a384d72424810af9191aa069405fea55c435f9c9aa8ef28b21c5897bc98ecbf7108267d1e30aa438c8897f3c9f5b5e0af4f92d170464feca76,,07/21/2025 12:30:00 PM,30,UNKNOWN,UNKNOWN,CLEAR,DAYLIGHT,TURNING,FOUR WAY,,STRAIGHT AND LEVEL,DRY,UNKNOWN,NOT ON SCENE (DESK REPORT),NO INJURY / DRIVE AWAY,,,,"$501 - $1,500",07/21/2025 02:20:00 PM,UNABLE TO DETERMINE,UNABLE TO DETERMINE,804,W,MONTROSE AVE,1914,,,,,,,2,NO INDICATION OF INJURY,0,0,0,0,0,2,0,12,2,7,41.9619505511,-87.6501320507,POINT (-87.65013205066 41.961950551126)
92c9d27bdf141792084de2d1175a9074151ac2390093fe6e9b8314d5adcdf9b31bf9877df021af80319b962bec126636d21079091bdce33671eabb175640f511,,07/21/2025 12:30:00 PM,20,NO CONTROLS,NO CONTROLS,CLEAR,UNKNOWN,PARKED MOTOR VEHICLE,ONE-WAY,,STRAIGHT AND LEVEL,DRY,UNKNOWN,NOT ON SCENE (DESK REPORT),NO INJURY / DRIVE AWAY,,,,"$501 - $1,500",07/21/2025 12:30:00 PM,UNABLE TO DETERMINE,UNABLE TO DETERMINE,5426,N,CAMPBELL AVE,2011,,,,,,,2,NO INDICATION OF INJURY,0,0,0,0,0,1,0,12,2,7,41.9803247244,-87.6919148659,POINT (-87.69191486588 41.980324724399)
a83d16b16099fb4a0c2f45130b482320cbc98280991cb2a16f04b3f1fccef2d76dcd8d1044c18ce218964fdf29c1330a4e8b94443ae56104930ce5617d964454,,07/21/2025 12:30:00 PM,35,NO CONTROLS,NO CONTROLS,CLEAR,DAYLIGHT,PARKED MOTOR VEHICLE,PARKING LOT,,STRAIGHT AND LEVEL,DRY,NO DEFECTS,NOT ON SCENE (DESK REPORT),NO INJURY / DRIVE AWAY,,Y,,"OVER $1,500",07/21/2025 02:00:00 PM,DRIVING SKILLS/KNOWLEDGE/EXPERIENCE,DRIVING SKILLS/KNOWLEDGE/EXPERIENCE,4802,N,SHERIDAN RD,2024,,,,,,,3,NO INDICATION OF INJURY,0,0,0,0,0,6,0,12,2,7,41.9691961499,-87.6549713906,POINT (-87.654971390553 41.969196149917)
8a15386b6ec2e7780e21d2d664492dc5824e60db6f104f9575c38dd0dd3773caaeab69550c18eb48b609b2974a1fddba74d368df028bb20a8d8401e9953ed908,,07/21/2025 12:25:00 PM,30,TRAFFIC SIGNAL,FUNCTIONING PROPERLY,CLEAR,DAYLIGHT,SIDESWIPE SAME DIRECTION,NOT DIVIDED,,STRAIGHT AND LEVEL,DRY,UNKNOWN,NOT ON SCENE (DESK REPORT),NO INJURY / DRIVE AWAY,,,Y,$500 OR LESS,07/21/2025 02:45:00 PM,UNABLE TO DETERMINE,NOT APPLICABLE,1951,E,95TH ST,431,,,,,,,2,NO INDICATION OF INJURY,0,0,0,0,0,3,0,12,2,7,41.7223544483,-87.5757780641,POINT (-87.575778064147 41.722354448293)
a27cbd5fe2f2619e6d166bf5fdbd3ba912a9e0f806ad261039b6a1e6487784b71ab35ecbf831af75188185237a5532e513e24cef334dfca8c358cd96c399753a,,07/21/2025 12:25:00 PM,30,NO CONTROLS,NO CONTROLS,CLEAR,DAYLIGHT,ANGLE,PARKING LOT,,STRAIGHT AND LEVEL,DRY,NO DEFECTS,ON SCENE,NO INJURY / DRIVE AWAY,,Y,,"$501 - $1,500",07/21/2025 12:44:00 PM,FAILING TO REDUCE SPEED TO AVOID CRASH,UNABLE TO DETERMINE,713,S,SEELEY AVE,1225,,,,,,,2,NO INDICATION OF INJURY,0,0,0,0,0,2,0,12,2,7,41.8728135328,-87.677448294,POINT (-87.677448293965 41.872813532786)
f65ba1b219eb7ba135253d8b3ac4921f03dca1249943fa6b40820cfd0f372a8c0b639719e91779bc5eba2f06ea4920bd3d1bb0ca1f17cd0a2f0dcb95eec19c7e,,07/21/2025 12:11:00 PM,25,NO CONTROLS,NO CONTROLS,CLEAR,DAYLIGHT,REAR END,NOT DIVIDED,,STRAIGHT AND LEVEL,DRY,NO DEFECTS,ON SCENE,INJURY AND / OR TOW DUE TO CRASH,,,,"OVER $1,500",07/21/2025 12:11:00 PM,FOLLOWING TOO CLOSELY,NOT APPLICABLE,805,N,ORLEANS ST,1823,,,,,,,2,NO INDICATION OF INJURY,0,0,0,0,0,3,0,12,2,7,41.8967455103,-87.6370294403,POINT (-87.637029440345 41.896745510276)
da9216cfef365f7aec0cff4e83205635231b7d69557a4b3e639adbfeea867b9342e7c3edf1bee767a0443b53a4b01197f9492dba38564ded6cd6f85121febb4b,,07/21/2025 12:06:00 PM,30,NO CONTROLS,NO CONTROLS,CLEAR,DAYLIGHT,OTHER OBJECT,NOT DIVIDED,,STRAIGHT AND LEVEL,DRY,NO DEFECTS,ON SCENE,INJURY AND / OR TOW DUE TO CRASH,,,,$500 OR LESS,07/21/2025 12:09:00 PM,FAILING TO YIELD RIGHT-OF-WAY,NOT APPLICABLE,3234,N,CLARK ST,1924,,,N,,,,2,INCAPACITATING INJURY,1,0,1,0,0,1,0,12,2,7,41.9407858483,-87.6515214033,POINT (-87.651521403255 41.940785848343)