CRASH_RECORD_ID,CRASH_DATE_EST_I,CRASH_DATE,POSTED_SPEED_LIMIT,TRAFFIC_CONTROL_DEVICE,DEVICE_CONDITION,WEATHER_CONDITION,LIGHTING_CONDITION,FIRST_CRASH_TYPE,TRAFFICWAY_TYPE,LANE_CNT,ALIGNMENT,ROADWAY_SURFACE_COND,ROAD_DEFECT,REPORT_TYPE,CRASH_TYPE,INTERSECTION_RELATED_I,NOT_RIGHT_OF_WAY_I,HIT_AND_RUN_I,DAMAGE,DATE_POLICE_NOTIFIED,PRIM_CONTRIBUTORY_CAUSE,SEC_CONTRIBUTORY_CAUSE,STREET_NO,STREET_DIRECTION,STREET_NAME,BEAT_OF_OCCURRENCE,PHOTOS_TAKEN_I,STATEMENTS_TAKEN_I,DOORING_I,WORK_ZONE_I,WORK_ZONE_TYPE,WORKERS_PRESENT_I,NUM_UNITS,MOST_SEVERE_INJURY,INJURIES_TOTAL,INJURIES_FATAL,INJURIES_INCAPACITATING,INJURIES_NON_INCAPACITATING,INJURIES_REPORTED_NOT_EVIDENT,INJURIES_NO_INDICATION,INJURIES_UNKNOWN,CRASH_HOUR,CRASH_DAY_OF_WEEK,CRASH_MONTH,LATITUDE,LONGITUDE,LOCATION
0af38175a8ae5d0daeafb33dfa8e655e469202128416f61dc18be0ed1a89c287d61cbf5670b07b4330c082e222cfaa526cf93e657798098f4a2d3f3ffd734e63,,07/21/2025 12:00:00 PM,45,OTHER,OTHER,CLEAR,DAYLIGHT,SIDESWIPE SAME DIRECTION,DIVIDED - W/MEDIAN (NOT RAISED),,STRAIGHT AND LEVEL,UNKNOWN,NO DEFECTS,NOT ON SCENE (DESK REPORT),NO INJURY / DRIVE AWAY,,,,"OVER $1,500",07/21/2025 07:00:00 PM,IMPROPER TURNING/NO SIGNAL,UNABLE TO DETERMINE,4700,S,LAKE SHORE DR NB,222,,,,,,,2,NO INDICATION OF INJURY,0,0,0,0,0,2,0,12,2,7,41.8105924989,-87.5893711119,POINT (-87.589371111902 41.810592498867)
0d70f96af9955788e37537e297f6306875222abff520ffb840c3d3838ca9fe1e2ba0e3fdc269a0fac94745ca58f52d7034fd45b2f8c7ab35db64c963a062c1d7,,07/21/2025 12:00:00 PM,30,UNKNOWN,UNKNOWN,CLEAR,DAYLIGHT,PARKED MOTOR VEHICLE,UNKNOWN,,STRAIGHT AND LEVEL,DRY,UNKNOWN,NOT ON SCENE (DESK REPORT),NO INJURY / DRIVE AWAY,,,,"OVER $1,500",07/21/2025 06:00:00 PM,UNABLE TO DETERMINE,UNABLE TO DETERMINE,6014,S,COTTAGE GROVE AVE,313,,,,,,,2,NO INDICATION OF INJURY,0,0,0,0,0,1,0,12,2,7,41.785387445,-87.606183761,POINT (-87.606183761008 41.785387444959)
9ba7732d572f5d50bd91e15396bab4d9ecc4061577a5eec0ebd908c809685f7b1eefc2d6bb88e77c9cbd5db58f6cc90808d673748ac1bc41673ff9447cfbbf76,,07/21/2025 12:00:00 PM,30,NO CONTROLS,NO CONTROLS,CLEAR,DAYLIGHT,PARKED MOTOR VEHICLE,NOT DIVIDED,,STRAIGHT AND LEVEL,DRY,NO DEFECTS,NOT ON SCENE (DESK REPORT),NO INJURY / DRIVE AWAY,,,Y,"OVER $1,500",07/21/2025 01:30:00 PM,FAILING TO REDUCE SPEED TO AVOID CRASH,UNABLE TO DETERMINE,4933,W,IRVING PARK RD,1634,,,,,,,2,NO INDICATION OF INJURY,0,0,0,0,0,1,0,12,2,7,41.9532631503,-87.7512398672,POINT (-87.751239867214 41.953263150301)
ff1a620bc7b8d91c25ee9e43c0ea80c063e00822c9151ce04b1ebcb7fe03f2acc6bb3eac36de8a6436192532f89eb961d9feb797aed2ac7b89c85237bde28347,Y,07/21/2025 12:00:00 PM,25,NO CONTROLS,NO CONTROLS,CLEAR,DAYLIGHT,PARKED MOTOR VEHICLE,NOT DIVIDED,,STRAIGHT AND LEVEL,DRY,NO DEFECTS,ON SCENE,NO INJURY / DRIVE AWAY,,,Y,"OVER $1,500",07/21/2025 03:45:00 PM,UNABLE TO DETERMINE,NOT APPLICABLE,6025,S,NOTTINGHAM AVE,812,,,,,,,2,NO INDICATION OF INJURY,0,0,0,0,0,1,0,12,2,7,41.7819701981,-87.7984691205,POINT (-87.798469120471 41.78197019805)
434297d449cf475decef19bc389670f701fb92751e5a1e8f2069ddac55b0c3f0872a06d599a0081263febf98f86f5c281ec8bb4004019af054d332acc90df5b0,,07/21/2025 11:59:00 AM,30,TRAFFIC SIGNAL,FUNCTIONING PROPERLY,CLEAR,DAYLIGHT,REAR TO FRONT,FOUR WAY,,STRAIGHT AND LEVEL,DRY,NO DEFECTS,ON SCENE,NO INJURY / DRIVE AWAY,Y,,,"OVER $1,500",07/21/2025 12:10:00 PM,IMPROPER BACKING,UNABLE TO DETERMINE,2400,N,DAMEN AVE,1432,,,,,,,2,NO INDICATION OF INJURY,0,0,0,0,0,2,0,11,2,7,41.9250380064,-87.678047191,POINT (-87.678047191013 41.92503800641)
6c9b904d29947a9a74de406af784e628ce3cb7f67be2b52ff452eee98aac56e458d21f4d0d32259a5b2995ff095bca4e8511be0f4cefc949cc98efd3fbd2dbf4,,07/21/2025 11:56:00 AM,30,TRAFFIC SIGNAL,FUNCTIONING PROPERLY,CLEAR,DAYLIGHT,PARKED MOTOR VEHICLE,FOUR WAY,,STRAIGHT AND LEVEL,DRY,NO DEFECTS,ON SCENE,NO INJURY / DRIVE AWAY,Y,,,"$501 - $1,500",07/21/2025 11:56:00 AM,NOT APPLICABLE,NOT APPLICABLE,2761,W,DEVON AVE,2413,,,,,,,2,NO INDICATION OF INJURY,0,0,0,0,0,1,0,11,2,7,41.9974533174,-87.699505555,POINT (-87.699505554958 41.997453317437)
a635beec10ce1dea2012786585b1fbab8356bdf111fff59dba193bf06c6894a4aef2b3c25263082d3e72552321e33e53d881dcf907734beff003aaec72ba2404,,07/21/2025 11:52:00 AM,30,TRAFFIC SIGNAL,FUNCTIONING PROPERLY,CLEAR,DAYLIGHT,TURNING,FOUR WAY,,STRAIGHT AND LEVEL,DRY,NO DEFECTS,ON SCENE,INJURY AND / OR TOW DUE TO CRASH,Y,,,"OVER $1,500",07/21/2025 11:53:00 AM,FAILING TO YIELD RIGHT-OF-WAY,NOT APPLICABLE,301,N,PULASKI RD,1122,,,,,,,2,NO INDICATION OF INJURY,0,0,0,0,0,3,0,11,2,7,41.8855364117,-87.7256591466,POINT (-87.725659146564 41.88553641168)
53fd94626a6bdb61ea04baf076753b587c2466c5c7b3cdeba513072d197d8d43b79319d0e9397f4755f2d3f4731b436cfe185eb7351949b02f890a5c05d81c1c,,07/21/2025 11:50:00 AM,30,NO CONTROLS,NO CONTROLS,CLEAR,DAYLIGHT,PARKED MOTOR VEHICLE,ONE-WAY,,STRAIGHT AND LEVEL,DRY,NO DEFECTS,ON SCENE,INJURY AND / OR TOW DUE TO CRASH,,,,"$501 - $1,500",07/21/2025 12:16:00 PM,UNABLE TO DETERMINE,NOT APPLICABLE,6406,S,SPAULDING AVE,823,,,,,,,2,NO INDICATION OF INJURY,0,0,0,0,0,1,0,11,2,7,41.7768501805,-87.7056559096,POINT (-87.705655909634 41.776850180537)
5fbd2ab6da8ca120f7d61bc965c1f156b8f167fb99a196e28684a58d6f4b92e9fecadf7235dc4cffefe0a5b166f4721807f0d6097190591082251586535ba543,,07/21/2025 11:50:00 AM,30,STOP SIGN/FLASHER,FUNCTIONING PROPERLY,CLEAR,DAYLIGHT,ANGLE,FOUR WAY,,STRAIGHT AND LEVEL,DRY,NO DEFECTS,,INJURY AND / OR TOW DUE TO CRASH,Y,,,"OVER $1,500",07/21/2025 11:50:00 AM,FAILING TO YIELD RIGHT-OF-WAY,NOT APPLICABLE,5631,W,AUGUSTA BLVD,1511,,,,,,,2,NO INDICATION OF INJURY,0,0,0,0,0,2,0,11,2,7,41.8983711921,-87.7666726808,POINT (-87.766672680827 41.898371192149)
827a89a4962cc909110251183e38262083208db8a2955e4ca75f2800dbe10c78148d0a7b2f3787ff28c8c3766ff32eeac957ab29a7dd1aa3bcabcaf7d36fa03a,,07/21/2025 11:50:00 AM,30,NO CONTROLS,NO CONTROLS,CLEAR,DAYLIGHT,TURNING,DIVIDED - W/MEDIAN (NOT RAISED),,STRAIGHT AND LEVEL,DRY,NO DEFECTS,ON SCENE,NO INJURY / DRIVE AWAY,Y,,,"$501 - $1,500",07/21/2025 11:55:00 AM,UNABLE TO DETERMINE,UNABLE TO DETERMINE,3255,N,PULASKI RD,1732,,,,,,,2,NO INDICATION OF INJURY,0,0,0,0,0,2,0,11,2,7,41.9406423203,-87.7270810979,POINT (-87.727081097925 41.940642320286)
d7f237572673dd49dd2acd89e4032e79ffce810b111fbd8bc953aacc80556f6f1291119bc044b8762a6fe90c79ed09b1c49a06135dc5743a4cf6e543e3a8335c,,07/21/2025 11:45:00 AM,30,TRAFFIC SIGNAL,FUNCTIONING PROPERLY,CLEAR,DAYLIGHT,SIDESWIPE SAME DIRECTION,NOT DIVIDED,,STRAIGHT AND LEVEL,DRY,NO DEFECTS,ON SCENE,NO INJURY / DRIVE AWAY,Y,,Y,"OVER $1,500",07/21/2025 11:47:00 AM,IMPROPER OVERTAKING/PASSING,IMPROPER OVERTAKING/PASSING,1200,W,69TH ST,724,,,,,,,2,NO INDICATION OF INJURY,0,0,0,0,0,2,0,11,2,7,41.7688009732,-87.6542767139,POINT (-87.654276713895 41.768800973212)
8905762fd932de7f170a2c618290b9a96a4918275e6e97b9e74eb15f66cc4d32b7e884bd7e1797aa459c6c54f9a0c0a73bcbf1695c510e3bde448af23c17f5e3,,07/21/2025 11:41:00 AM,30,TRAFFIC SIGNAL,FUNCTIONING PROPERLY,CLEAR,DAYLIGHT,TURNING,NOT DIVIDED,,STRAIGHT AND LEVEL,DRY,NO DEFECTS,ON SCENE,NO INJURY / DRIVE AWAY,,,,"OVER $1,500",07/21/2025 11:46:00 AM,UNABLE TO DETERMINE,UNABLE TO DETERMINE,3400,W,GRAND AVE,1121,,,,,,,2,NO INDICATION OF INJURY,0,0,0,0,0,2,0,11,2,7,41.8998219477,-87.7114386571,POINT (-87.711438657065 41.899821947712)
60dc626b4c39aa0d589e4aa569f5141a8c94b873218ce9eb2e614f0ab7a57184a9c96096c3f04c6f46f574799a8ff71c9b6011ff74095c169d63c34f7c4d24aa,,07/21/2025 11:40:00 AM,30,NO CONTROLS,NO CONTROLS,CLEAR,DAYLIGHT,SIDESWIPE SAME DIRECTION,NOT DIVIDED,,STRAIGHT AND LEVEL,UNKNOWN,NO DEFECTS,NOT ON SCENE (DESK REPORT),NO INJURY / DRIVE AWAY,,,Y,"$501 - $1,500",07/21/2025 12:25:00 PM,UNABLE TO DETERMINE,NOT APPLICABLE,3975,W,MARQUETTE RD,833,,,,,,,2,NO INDICATION OF INJURY,0,0,0,0,0,2,0,11,2,7,41.7712660572,-87.7224505074,POINT (-87.722450507355 41.77126605719)
dc1a3664a72c7044cecb15e2d977ee7367c8c52b5e0c263e8a170e24160a50649e77f7e52dcbbb115affc4a445a83dcefa82a4ebd44281ba2969e815688771a7,,07/21/2025 11:37:00 AM,30,NO CONTROLS,NO CONTROLS,CLEAR,DAYLIGHT,SIDESWIPE SAME DIRECTION,DIVIDED - W/MEDIAN (NOT RAISED),,STRAIGHT AND LEVEL,DRY,NO DEFECTS,NOT ON SCENE (DESK REPORT),NO INJURY / DRIVE AWAY,,,,"$501 - $1,500",07/21/2025 12:25:00 PM,FAILING TO YIELD RIGHT-OF-WAY,FAILING TO YIELD RIGHT-OF-WAY,4175,N,ELSTON AVE,1723,,,,,,,2,NO INDICATION OF INJURY,0,0,0,0,0,2,0,11,2,7,41.9568281514,-87.7235189908,POINT (-87.723518990804 41.95682815144)
36dc7da78fd2db351f99749215921c8fa8a9b51a36cae0adb5a4b44cb9208854b44281cc94129a4c379e3aefa403924af58e6c3af07f8484f9157f9074dc4a35,,07/21/2025 11:30:00 AM,30,UNKNOWN,UNKNOWN,CLEAR,DAYLIGHT,SIDESWIPE SAME DIRECTION,NOT DIVIDED,,STRAIGHT AND LEVEL,DRY,UNKNOWN,NOT ON SCENE (DESK REPORT),NO INJURY / DRIVE AWAY,,,Y,"OVER $1,500",07/21/2025 11:45:00 AM,UNABLE TO DETERMINE,UNABLE TO DETERMINE,1210,W,63RD ST,713,,,,,,,3,NO INDICATION OF INJURY,0,0,0,0,0,2,0,11,2,7,41.7797129215,-87.6549953089,POINT (-87.654995308853 41.779712921451)
52c39c82863e08155cfc3f6082ce8d5242101c80345b0c692b9ba87f3168e09e24ea2a73fd5931c66c765fd16eb15bc7a8ec44c846c4079ecab3138f79223db6,,07/21/2025 11:30:00 AM,30,TRAFFIC SIGNAL,FUNCTIONING PROPERLY,CLEAR,DAYLIGHT,REAR END,NOT DIVIDED,,STRAIGHT AND LEVEL,DRY,UNKNOWN,NOT ON SCENE (DESK REPORT),NO INJURY / DRIVE AWAY,,,,"$501 - $1,500",07/21/2025 01:30:00 PM,UNABLE TO DETERMINE,NOT APPLICABLE,1543,N,AUSTIN BLVD,2531,,,,,,,2,NO INDICATION OF INJURY,0,0,0,0,0,2,0,11,2,7,41.9087151764,-87.7754379832,POINT (-87.775437983172 41.908715176394)
7cf31e32b144d82920dca1fade373b403c7679b4eef5af52553cf4b9c3c14d8e4bd2268680344e7d7d8cd356834c27c446c290bb1aba9c26cc4a14720c1365ba,,07/21/2025 11:30:00 AM,10,NO CONTROLS,NO CONTROLS,CLEAR,DAYLIGHT,REAR TO SIDE,PARKING LOT,,STRAIGHT AND LEVEL,DRY,NO DEFECTS,NOT ON SCENE (DESK REPORT),NO INJURY / DRIVE AWAY,,,,"OVER $1,500",07/21/2025 01:38:00 PM,IMPROPER BACKING,UNABLE TO DETERMINE,5533,S,HARLEM AVE,811,,,,,,,2,NO INDICATION OF INJURY,0,0,0,0,0,2,0,11,2,7,41.7908892004,-87.8013363063,POINT (-87.801336306318 41.790889200425)
a11f578c02263eed620835ab01430ea7a4a8046475a041238610eed82fc5e89dfc39a2f9214e0cd3485e9add0c1987841635d96d143f280dc9826c4f48d87042,,07/21/2025 11:30:00 AM,30,TRAFFIC SIGNAL,FUNCTIONING PROPERLY,CLEAR,DAYLIGHT,TURNING,FOUR WAY,,STRAIGHT AND LEVEL,DRY,UNKNOWN,ON SCENE,NO INJURY / DRIVE AWAY,,,,$500 OR LESS,07/21/2025 11:32:00 AM,UNABLE TO DETERMINE,NOT APPLICABLE,3198,W,OGDEN AVE,1022,,,,,,,2,NO INDICATION OF INJURY,0,0,0,0,0,2,0,11,2,7,41.8580982158,-87.7054363838,POINT (-87.705436383754 41.85809821581)
d1eb7077e09100108c6c648d600853953821fe2c7bf1760039b2dda3618517b6e5b4391f6c7ffd1b9b4dd0227278895925f65e07979a44cc16241be0181ce150,,07/21/2025 11:30:00 AM,30,TRAFFIC SIGNAL,FUNCTIONING PROPERLY,CLEAR,DAYLIGHT,REAR END,DIVIDED - W/MEDIAN BARRIER,,STRAIGHT AND LEVEL,DRY,NO DEFECTS,NOT ON SCENE (DESK REPORT),NO INJURY / DRIVE AWAY,,,Y,"$501 - $1,500",07/21/2025 01:30:00 PM,FAILING TO YIELD RIGHT-OF-WAY,FOLLOWING TOO CLOSELY,72,E,47TH ST,215,,,,,,,2,NO INDICATION OF INJURY,0,0,0,0,0,2,0,11,2,7,41.8093917866,-87.6231939953,POINT (-87.623193995335 41.809391786606)
7d862cf85734b42ff8effb7d3297dddcd39fbb1261b2a814f277112b48346860a7035550f46d42405c56117cd4de0ad3bbc8f2d64c9d1e7507e0feef751a0f5b,,07/21/2025 11:29:00 AM,30,NO CONTROLS,NO CONTROLS,CLEAR,DAYLIGHT,PARKED MOTOR VEHICLE,NOT DIVIDED,,STRAIGHT AND LEVEL,DRY,NO DEFECTS,ON SCENE,NO INJURY / DRIVE AWAY,Y,,,"$501 - $1,500",07/21/2025 11:35:00 AM,UNABLE TO DETERMINE,UNABLE TO DETERMINE,7900,S,CARPENTER ST,612,,,,,,,2,NO INDICATION OF INJURY,0,0,0,0,0,1,0,11,2,7,41.7504577594,-87.6502471095,POINT (-87.650247109501 41.750457759386)
a2caf76222e93d7488304e0a8118cf99a17db4b33915042b3f96342fadeb00a9524751ee91af954ba27cbb2f03dfdf8956a1160a95f1076de8bdff7835d06ec3,,07/21/2025 11:27:00 AM,15,NO CONTROLS,NO CONTROLS,CLEAR,DAYLIGHT,OTHER OBJECT,ALLEY,,STRAIGHT AND LEVEL,DRY,NO DEFECTS,ON SCENE,NO INJURY / DRIVE AWAY,,,,$500 OR LESS,07/21/2025 11:28:00 AM,UNABLE TO DETERMINE,UNABLE TO DETERMINE,1543,W,80TH ST,612,,,,,,,1,NO INDICATION OF INJURY,0,0,0,0,0,1,0,11,2,7,41.7484296998,-87.6626533722,POINT (-87.662653372175 41.748429699759)
dccfd027fcc4f3cc40dbf7df67f6f08a73bdae2ae0df829aff70e5a08fe217845eb64de00eedc0df94a0455df15ce4e3ad2eef573474de47d9e34a6cbddba990,,07/21/2025 11:25:00 AM,30,NO CONTROLS,NO CONTROLS,CLEAR,DAYLIGHT,PEDALCYCLIST,ALLEY,,STRAIGHT AND LEVEL,DRY,NO DEFECTS,ON SCENE,NO INJURY / DRIVE AWAY,,,,$500 OR LESS,07/21/2025 11:26:00 AM,"OPERATING VEHICLE IN ERRATIC, RECKLESS, CARELESS, NEGLIGENT OR AGGRESSIVE MANNER",NOT APPLICABLE,2004,N,LARAMIE AVE,2515,,,,,,,2,NO INDICATION OF INJURY,0,0,0,0,0,2,0,11,2,7,41.9171239835,-87.7560909427,POINT (-87.756090942715 41.917123983477)
52a422b6023f7609f86d4bf0271a1eadaa40410698dca16abd241aab0a5415bd6c3c40a55b884bc8928c47515f5358620854a91ac21f0e949bfc61d5b4bceb74,,07/21/2025 11:20:00 AM,30,NO CONTROLS,NO CONTROLS,CLEAR,DAYLIGHT,SIDESWIPE SAME DIRECTION,NOT DIVIDED,,STRAIGHT AND LEVEL,DRY,NO DEFECTS,NOT ON SCENE (DESK REPORT),NO INJURY / DRIVE AWAY,,,,"$501 - $1,500",07/21/2025 11:27:00 AM,UNABLE TO DETERMINE,UNABLE TO DETERMINE,4813,N,WESTERN AVE,2031,,,,,,,2,NO INDICATION OF INJURY,0,0,0,0,0,2,0,11,2,7,41.9690177674,-87.6887688893,POINT (-87.688768889299 41.969017767426)
96a8b0261b0b0ddf0508ea2d0c13ab482d16b34a7d80ad41739e8f6baf9de542bc09c24b6bdd80b3c54516fcd6d9df991373fd468e39b48b2d3127bc226e3e27,,07/21/2025 11:20:00 AM,40,TRAFFIC SIGNAL,FUNCTIONING PROPERLY,CLEAR,DAYLIGHT,REAR END,DIVIDED - W/MEDIAN BARRIER,,STRAIGHT AND LEVEL,DRY,NO DEFECTS,ON SCENE,NO INJURY / DRIVE AWAY,,,,"$501 - $1,500",07/21/2025 11:25:00 AM,FOLLOWING TOO CLOSELY,FOLLOWING TOO CLOSELY,258,S,LAKE SHORE DR SB,114,,,,,,,4,NO INDICATION OF INJURY,0,0,0,0,0,16,0,11,2,7,41.8784374525,-87.6175791807,POINT (-87.6175791807 41.878437452526)
4d88c2ba781b378b6ca2ec272ef02386a1e7e475d2420554135980b6e109de7bd02208012ff9775adc915dfa7b182da3050d35a7b9ddadcca7ac0c4ba187c75f,,07/21/2025 11:10:00 AM,30,NO CONTROLS,NOT FUNCTIONING,CLEAR,DAYLIGHT,PARKED MOTOR VEHICLE,ONE-WAY,,STRAIGHT AND LEVEL,DRY,NO DEFECTS,ON SCENE,INJURY AND / OR TOW DUE TO CRASH,,,N,"OVER $1,500",07/21/2025 11:10:00 AM,DRIVING SKILLS/KNOWLEDGE/EXPERIENCE,FAILING TO REDUCE SPEED TO AVOID CRASH,5046,W,LEXINGTON ST,1533,,,,,,,2,NO INDICATION OF INJURY,0,0,0,0,0,4,0,11,2,7,41.8712036819,-87.751032237,POINT (-87.751032237002 41.871203681851)
eedf2c57aa2ecb1dd80e4aa023e42db98573ca17fd92f7598bbca04708104a5a7f5169bb1435168ec7e5522748d96c36dee1c0f54dec031e6de148462724c945,,07/21/2025 11:07:00 AM,30,NO CONTROLS,NO CONTROLS,CLEAR,DAYLIGHT,REAR TO FRONT,NOT DIVIDED,,STRAIGHT AND LEVEL,DRY,NO DEFECTS,NOT ON SCENE (DESK REPORT),NO INJURY / DRIVE AWAY,,,Y,"OVER $1,500",07/21/2025 02:55:00 PM,IMPROPER BACKING,FAILING TO REDUCE SPEED TO AVOID CRASH,5112,S,KEDZIE AVE,822,,,,,,,2,NO INDICATION OF INJURY,0,0,0,0,0,3,0,11,2,7,41.8003867465,-87.7039009199,POINT (-87.703900919889 41.800386746461)
4c107674721f63a621f12e3533a392f8b638f7f3a3cec203963c511cac14ba929a6b9b7029075c14944efbc42836e398381032a35824b44623f7b9ff3e7bcc3e,,07/21/2025 11:00:00 AM,35,STOP SIGN/FLASHER,FUNCTIONING PROPERLY,CLEAR,DAYLIGHT,TURNING,UNKNOWN INTERSECTION TYPE,,STRAIGHT AND LEVEL,DRY,UNKNOWN,ON SCENE,INJURY AND / OR TOW DUE TO CRASH,,,,"OVER $1,500",07/21/2025 11:04:00 AM,FAILING TO YIELD RIGHT-OF-WAY,NOT APPLICABLE,434,E,35TH ST,211,,,,,,,2,"REPORTED, NOT EVIDENT",2,0,0,0,2,0,0,11,2,7,41.8312844892,-87.6155446933,POINT (-87.615544693342 41.831284489177)
8376059f4f91a52a9bd007d6dd7f1ac9fa13552dbe5943d08904c7529cf8b7e95dc5ae2327272c975687c530194dd5802eb259b32191e592c64ffd9077ba7bec,,07/21/2025 11:00:00 AM,30,NO CONTROLS,NO CONTROLS,UNKNOWN,UNKNOWN,PARKED MOTOR VEHICLE,NOT DIVIDED,,STRAIGHT AND LEVEL,UNKNOWN,UNKNOWN,NOT ON SCENE (DESK REPORT),NO INJURY / DRIVE AWAY,,,Y,"OVER $1,500",07/21/2025 06:57:00 PM,UNABLE TO DETERMINE,NOT APPLICABLE,2442,W,AUGUSTA BLVD,1212,,,,,,,2,NO INDICATION OF INJURY,0,0,0,0,0,1,0,11,2,7,41.8994709861,-87.688663966,POINT (-87.688663966046 41.899470986128)
96742612623de72f430fa8087cad66da40b508c7b969e85042bb598a19c0223db8a44a2eff9a7fdd11c54ae35a7be626446882f577d0a4ce54b4e2ff73f0c7e1,,07/21/2025 11:00:00 AM,30,NO CONTROLS,NO CONTROLS,CLEAR,DAYLIGHT,PEDALCYCLIST,ONE-WAY,,STRAIGHT AND LEVEL,DRY,NO DEFECTS,ON SCENE,INJURY AND / OR TOW DUE TO CRASH,,,,"OVER $1,500",07/21/2025 11:03:00 AM,UNABLE TO DETERMINE,NOT APPLICABLE,333,S,CLINTON ST,121,,,,,,,2,NONINCAPACITATING INJURY,1,0,0,1,0,1,0,11,2,7,41.8770007997,-87.6408917638,POINT (-87.640891763764 41.877000799663)
b9204f16f0811bcb5f54a8c5787a9b92982f1aadb65acd16465eba0b8b051220bd0894d8948bb376ead14b662e9ba662b2a3093e8a465ed6c9371b3b0de96adf,,07/21/2025 11:00:00 AM,25,NO CONTROLS,NO CONTROLS,CLEAR,DAYLIGHT,PARKED MOTOR VEHICLE,ONE-WAY,,STRAIGHT AND LEVEL,DRY,NO DEFECTS,NOT ON SCENE (DESK REPORT),NO INJURY / DRIVE AWAY,,,Y,"OVER $1,500",07/21/2025 01:00:00 PM,UNABLE TO DETERMINE,UNABLE TO DETERMINE,5118,N,CENTRAL PARK AVE,1712,,,,,,,2,NO INDICATION OF INJURY,0,0,0,0,0,1,0,11,2,7,41.9744136096,-87.7185681581,POINT (-87.718568158078 41.974413609564)
f1abd2645bcf1b0614f2890602482809c5f5626bc40374d00377fca3122368087290e17bfa6a0b9ebe9afe5c67039e3994ef603b30c68c171aceffc595a1a587,,07/21/2025 11:00:00 AM,30,NO CONTROLS,NO CONTROLS,CLEAR,DAYLIGHT,FIXED OBJECT,NOT DIVIDED,,STRAIGHT AND LEVEL,DRY,NO DEFECTS,ON SCENE,NO INJURY / DRIVE AWAY,,Y,,"OVER $1,500",07/21/2025 11:04:00 AM,UNABLE TO DETERMINE,UNABLE TO DETERMINE,2444,W,74TH ST,835,,,,,,,3,NO INDICATION OF INJURY,0,0,0,0,0,1,0,11,2,7,41.7593066008,-87.6849341423,POINT (-87.684934142311 41.759306600764)
05baecc2438d8d2b0dc51ae5517aec33cf1d2e074d53562120816f94e38fb9d965469b839eef0a7ffad7d58462aa45d1d696925e118223729b4fbc2d94468067,,07/21/2025 10:55:00 AM,30,NO CONTROLS,NO CONTROLS,CLEAR,DAYLIGHT,REAR TO FRONT,NOT DIVIDED,,STRAIGHT AND LEVEL,UNKNOWN,UNKNOWN,NOT ON SCENE (DESK REPORT),NO INJURY / DRIVE AWAY,,,,"$501 - $1,500",07/21/2025 11:15:00 AM,UNABLE TO DETERMINE,UNABLE TO DETERMINE,5058,W,FOSTER AVE,1623,,,,,,,2,NO INDICATION OF INJURY,0,0,0,0,0,2,0,10,2,7,41.9753567207,-87.7552227393,POINT (-87.755222739299 41.975356720716)
11dc943e55945ed00ce5e67afa7efb11f2ccbe55a4573b1f7f2ec41afd61fdc8253997ffd337a2c937ebe13a8721410f07f11d29ca15820b7dcef3916f261eb2,,07/21/2025 10:50:00 AM,30,TRAFFIC SIGNAL,FUNCTIONING PROPERLY,CLEAR,DAYLIGHT,ANGLE,FOUR WAY,,STRAIGHT AND LEVEL,DRY,UNKNOWN,,INJURY AND / OR TOW DUE TO CRASH,Y,,,"OVER $1,500",07/21/2025 10:55:00 AM,UNABLE TO DETERMINE,UNABLE TO DETERMINE,1600,W,LAWRENCE AVE,2032,N,,,,,,4,NONINCAPACITATING INJURY,1,0,0,1,0,7,0,10,2,7,41.9689874565,-87.6695163065,POINT (-87.669516306549 41.968987456546)
19f8ebafed841d1439b40e53f18b78c477cdc3e776ca3942d17f9d6d9f0374b4167888628ed63ac4cd70aa69a994d37ca1aa83b80fadf5d11e88c4eca9baa6b5,,07/21/2025 10:45:00 AM,30,TRAFFIC SIGNAL,FUNCTIONING PROPERLY,CLEAR,DAYLIGHT,TURNING,FOUR WAY,,STRAIGHT AND LEVEL,DRY,NO DEFECTS,ON SCENE,INJURY AND / OR TOW DUE TO CRASH,Y,,,"OVER $1,500",07/21/2025 10:48:00 AM,IMPROPER TURNING/NO SIGNAL,UNABLE TO DETERMINE,302,N,WESTERN AVE,1222,,,,,,,2,NONINCAPACITATING INJURY,1,0,0,1,0,1,0,10,2,7,41.886780184,-87.6867285043,POINT (-87.686728504289 41.886780183952)
d1afa55f9934d79d156cab86e3ce7ce5a0f96412f2276006f8036e7d3fc8c6c51375abab67a9331815bcacaef5de42bcb10fcb8c82dad5aff42afcc01813eadc,,07/21/2025 10:45:00 AM,30,TRAFFIC SIGNAL,FUNCTIONING PROPERLY,CLEAR,DAYLIGHT,REAR END,NOT DIVIDED,,STRAIGHT AND LEVEL,DRY,UNKNOWN,NOT ON SCENE (DESK REPORT),NO INJURY / DRIVE AWAY,,,,$500 OR LESS,07/21/2025 02:35:00 PM,UNABLE TO DETERMINE,NOT APPLICABLE,755,N,PULASKI RD,1112,,,,,,,2,NO INDICATION OF INJURY,0,0,0,0,0,2,0,10,2,7,41.8951642629,-87.7259271022,POINT (-87.725927102234 41.895164262893)