CRASH_RECORD_ID,CRASH_DATE_EST_I,CRASH_DATE,POSTED_SPEED_LIMIT,TRAFFIC_CONTROL_DEVICE,DEVICE_CONDITION,WEATHER_CONDITION,LIGHTING_CONDITION,FIRST_CRASH_TYPE,TRAFFICWAY_TYPE,LANE_CNT,ALIGNMENT,ROADWAY_SURFACE_COND,ROAD_DEFECT,REPORT_TYPE,CRASH_TYPE,INTERSECTION_RELATED_I,NOT_RIGHT_OF_WAY_I,HIT_AND_RUN_I,DAMAGE,DATE_POLICE_NOTIFIED,PRIM_CONTRIBUTORY_CAUSE,SEC_CONTRIBUTORY_CAUSE,STREET_NO,STREET_DIRECTION,STREET_NAME,BEAT_OF_OCCURRENCE,PHOTOS_TAKEN_I,STATEMENTS_TAKEN_I,DOORING_I,WORK_ZONE_I,WORK_ZONE_TYPE,WORKERS_PRESENT_I,NUM_UNITS,MOST_SEVERE_INJURY,INJURIES_TOTAL,INJURIES_FATAL,INJURIES_INCAPACITATING,INJURIES_NON_INCAPACITATING,INJURIES_REPORTED_NOT_EVIDENT,INJURIES_NO_INDICATION,INJURIES_UNKNOWN,CRASH_HOUR,CRASH_DAY_OF_WEEK,CRASH_MONTH,LATITUDE,LONGITUDE,LOCATION
19ae6e2e3b40ebc9fdec709a175f06059c89c2b2cb9b61a89239346903e7d611505b7c0e4b83bd7eb0aa0a65131952a0e706e78d03bcd6173e65ea76e7a2dcc4,,07/21/2025 10:35:00 AM,30,NO CONTROLS,NO CONTROLS,CLEAR,DAYLIGHT,SIDESWIPE SAME DIRECTION,DIVIDED - W/MEDIAN (NOT RAISED),,STRAIGHT AND LEVEL,DRY,NO DEFECTS,NOT ON SCENE (DESK REPORT),NO INJURY / DRIVE AWAY,,,Y,"OVER $1,500",07/24/2025 05:00:00 PM,UNABLE TO DETERMINE,NOT APPLICABLE,300,N,COLUMBUS DR,114,,,,,,,2,NO INDICATION OF INJURY,0,0,0,0,0,2,0,10,2,7,41.8869732009,-87.6208483326,POINT (-87.620848332588 41.886973200874)
7a74864f43bd8112db99e0aa70fb8559953e7bb78206fa6c035e67ad9ef63245b8233d7d4813ccb6c10afb60490163ce47aac2594e25f1f4d8cd9ccb533ddc7f,,07/21/2025 10:30:00 AM,30,NO CONTROLS,NO CONTROLS,CLEAR,DAYLIGHT,PARKED MOTOR VEHICLE,ONE-WAY,,STRAIGHT AND LEVEL,DRY,NO DEFECTS,ON SCENE,NO INJURY / DRIVE AWAY,,,Y,"OVER $1,500",07/21/2025 10:35:00 AM,UNABLE TO DETERMINE,UNABLE TO DETERMINE,1543,W,80TH ST,612,,,,,,,2,NO INDICATION OF INJURY,0,0,0,0,0,1,0,10,2,7,41.7484296998,-87.6626533722,POINT (-87.662653372175 41.748429699759)
ac09b6166f8b8f538a906467248a134a3c29987e1c3cc62b0059d9a0bd42fef616311204c2efa0c22ede9fba9c98b76c47dff00c3f8148b3028d5d973a9f5111,,07/21/2025 10:30:00 AM,30,NO CONTROLS,NO CONTROLS,UNKNOWN,UNKNOWN,PARKED MOTOR VEHICLE,OTHER,,STRAIGHT AND LEVEL,UNKNOWN,UNKNOWN,NOT ON SCENE (DESK REPORT),NO INJURY / DRIVE AWAY,,,Y,"$501 - $1,500",07/21/2025 06:55:00 PM,UNABLE TO DETERMINE,NOT APPLICABLE,1752,W,GARFIELD BLVD,932,,,,,,,2,NO INDICATION OF INJURY,0,0,0,0,0,1,0,10,2,7,41.7940833087,-87.6691324018,POINT (-87.669132401765 41.794083308673)
c30af4e6a65787ac15c3b0afa0b28d221090807eb9d25f777c35dbe23b68fcb8ed83e351ca365864c2e6a89a36db68610ffe6cd3353f81f789e76901d4a8fd67,,07/21/2025 10:27:00 AM,30,NO CONTROLS,NO CONTROLS,CLEAR,DAYLIGHT,PARKED MOTOR VEHICLE,NOT DIVIDED,,STRAIGHT AND LEVEL,DRY,NO DEFECTS,ON SCENE,INJURY AND / OR TOW DUE TO CRASH,,,,"OVER $1,500",07/21/2025 10:28:00 AM,IMPROPER LANE USAGE,UNABLE TO DETERMINE,2335,W,FULLERTON AVE,1432,,,,,,,2,NO INDICATION OF INJURY,0,0,0,0,0,1,0,10,2,7,41.9248026707,-87.686578002,POINT (-87.686578001953 41.924802670689)
5b154206ceb4ef06b7a55dd928ff10be0e69f162d188693cf5130831b88851e727bbbe8cd2805d84aae4acf8ce7d35ffb6cfec9dfe44d4bc2f82efd3b8d22119,,07/21/2025 10:25:00 AM,30,NO CONTROLS,NO CONTROLS,CLEAR,DAYLIGHT,ANGLE,NOT DIVIDED,,STRAIGHT AND LEVEL,DRY,NO DEFECTS,ON SCENE,INJURY AND / OR TOW DUE TO CRASH,Y,,,"OVER $1,500",07/21/2025 10:27:00 AM,FAILING TO YIELD RIGHT-OF-WAY,"VISION OBSCURED (SIGNS, TREE LIMBS, BUILDINGS, ETC.)",4542,W,ROOSEVELT RD,1131,Y,,,,,,3,NO INDICATION OF INJURY,0,0,0,0,0,3,0,10,2,7,41.8660827712,-87.7390248298,POINT (-87.739024829767 41.866082771171)
55786feb3774e47ed5103082e1dc6bb2833f06d3477d85e0f7869c8e563ec50640159c71fd06575b9586e658ce64878c67a2ae60f1e80e683a34ac1be98023c1,,07/21/2025 10:20:00 AM,30,TRAFFIC SIGNAL,FUNCTIONING PROPERLY,CLEAR,DAYLIGHT,TURNING,DIVIDED - W/MEDIAN (NOT RAISED),,STRAIGHT AND LEVEL,DRY,UNKNOWN,NOT ON SCENE (DESK REPORT),NO INJURY / DRIVE AWAY,,,,"OVER $1,500",07/21/2025 01:30:00 PM,IMPROPER TURNING/NO SIGNAL,NOT APPLICABLE,3554,W,NORTH AVE,1422,,,,,,,2,NO INDICATION OF INJURY,0,0,0,0,0,3,0,10,2,7,41.9101080822,-87.7163634778,POINT (-87.716363477798 41.910108082249)
6e6476b9313cd309432180c0c2194d6dd0bfa54c49436f30b75fbe6b932c8ca1da3898af8f50db84cd9bbf0a28100264f265e7ef986d671321e869d94a237587,,07/21/2025 10:20:00 AM,30,NO CONTROLS,NO CONTROLS,CLEAR,DAYLIGHT,SIDESWIPE OPPOSITE DIRECTION,NOT DIVIDED,,STRAIGHT AND LEVEL,DRY,NO DEFECTS,ON SCENE,NO INJURY / DRIVE AWAY,,,,"OVER $1,500",07/21/2025 10:40:00 AM,IMPROPER OVERTAKING/PASSING,UNABLE TO DETERMINE,7112,N,ORIOLE AVE,1611,,,,,,,2,NO INDICATION OF INJURY,0,0,0,0,0,2,0,10,2,7,42.0100682495,-87.816551472,POINT (-87.816551471977 42.010068249534)
7b968008b3bd894b0605452db235ac2710ced598e7817210c2e149152a9b12d0a626eaa903042c7d85f7a1d2855aaab6adb72a892727a3f4817b2f4e7e779fb8,,07/21/2025 10:15:00 AM,30,NO CONTROLS,NO CONTROLS,CLEAR,DAYLIGHT,PARKED MOTOR VEHICLE,ONE-WAY,,STRAIGHT AND LEVEL,DRY,NO DEFECTS,ON SCENE,NO INJURY / DRIVE AWAY,,,,"OVER $1,500",07/21/2025 10:26:00 AM,DRIVING SKILLS/KNOWLEDGE/EXPERIENCE,UNABLE TO DETERMINE,5835,W,EDDY ST,1633,,,,,,,2,NO INDICATION OF INJURY,0,0,0,0,0,1,0,10,2,7,41.9447851929,-87.7729998425,POINT (-87.772999842504 41.944785192879)
bcd537fa61f6e38bc8b8a5713e69233b3b676dbe0f7676b4f6b8e7421f25c9238668fb1803a21121be5b0ef6dcecee78144e7a4e9d2ce256813942715804ee18,Y,07/21/2025 10:10:00 AM,30,UNKNOWN,UNKNOWN,UNKNOWN,UNKNOWN,PARKED MOTOR VEHICLE,DIVIDED - W/MEDIAN (NOT RAISED),,STRAIGHT AND LEVEL,UNKNOWN,UNKNOWN,NOT ON SCENE (DESK REPORT),NO INJURY / DRIVE AWAY,,,Y,"OVER $1,500",07/21/2025 12:00:00 PM,UNABLE TO DETERMINE,UNABLE TO DETERMINE,1357,N,LEAVITT ST,1424,,,,,,,2,NO INDICATION OF INJURY,0,0,0,0,0,1,0,10,2,7,41.9065954772,-87.6820952371,POINT (-87.68209523706 41.906595477177)
30adf306a432b1403227ccee7d0db56a41152dda0f9adc691d3620d04f6d9ad395877f1fecb4f7e45aac1675b6b3b1209a927f69f7edafd8bbc8e1182e84429e,,07/21/2025 10:04:00 AM,30,TRAFFIC SIGNAL,FUNCTIONING PROPERLY,CLEAR,DAYLIGHT,ANGLE,FOUR WAY,,STRAIGHT AND LEVEL,DRY,NO DEFECTS,,INJURY AND / OR TOW DUE TO CRASH,Y,,Y,"OVER $1,500",07/21/2025 10:04:00 AM,DISREGARDING TRAFFIC SIGNALS,FAILING TO REDUCE SPEED TO AVOID CRASH,7600,S,JEFFERY BLVD,414,,,,,,,2,NO INDICATION OF INJURY,0,0,0,0,0,2,0,10,2,7,41.7569668999,-87.5762476242,POINT (-87.576247624193 41.756966899896)
3815a2ca2a8b086b74ca4a5fee73d6f27cc44c5184c87eaf470dea541d8fafc7bc8edce2e0449e05b39fefd6d49d51cfe1a06abb2e7089e017db7d1b4a1e3c59,,07/21/2025 10:04:00 AM,30,NO CONTROLS,NO CONTROLS,CLEAR,DAYLIGHT,SIDESWIPE SAME DIRECTION,NOT DIVIDED,,STRAIGHT AND LEVEL,DRY,UNKNOWN,ON SCENE,INJURY AND / OR TOW DUE TO CRASH,,,,"OVER $1,500",07/21/2025 10:04:00 AM,FAILING TO YIELD RIGHT-OF-WAY,NOT APPLICABLE,1002,W,DIVERSEY PKWY,1933,,,,,,,3,NO INDICATION OF INJURY,0,0,0,0,0,2,0,10,2,7,41.9327449838,-87.6540082976,POINT (-87.654008297647 41.93274498377)
2ba7fa1ee6d2f6434d95e6be69f4bd825d48695a4eea416cfbbb3a0b78a5dcc9fe2020db569ebdf232e30325f74f18bd76ade2bbb938e1b110c78d53951b1a06,Y,07/21/2025 10:00:00 AM,30,NO CONTROLS,NO CONTROLS,CLEAR,DAYLIGHT,PARKED MOTOR VEHICLE,ONE-WAY,,STRAIGHT AND LEVEL,DRY,NO DEFECTS,NOT ON SCENE (DESK REPORT),NO INJURY / DRIVE AWAY,,,Y,"OVER $1,500",07/21/2025 12:56:00 PM,UNABLE TO DETERMINE,NOT APPLICABLE,3237,W,SUNNYSIDE AVE,1724,,,,,,,3,NO INDICATION OF INJURY,0,0,0,0,0,1,0,10,2,7,41.962886983,-87.7097556726,POINT (-87.70975567259 41.962886983042)
42e3c6509f655cff7201732ab083dd70a9bd4b91b3ff58339643d60c8e174f453028286eb21f8573fae13da1b68a7585108132e095658e73c6bee8523d11a924,,07/21/2025 10:00:00 AM,30,NO CONTROLS,NO CONTROLS,CLEAR,DAYLIGHT,PARKED MOTOR VEHICLE,NOT DIVIDED,,STRAIGHT AND LEVEL,DRY,NO DEFECTS,ON SCENE,NO INJURY / DRIVE AWAY,,,,"OVER $1,500",07/21/2025 10:00:00 AM,UNABLE TO DETERMINE,NOT APPLICABLE,602,E,61ST ST,313,N,,,,,,2,NO INDICATION OF INJURY,0,0,0,0,0,1,0,10,2,7,41.7840814084,-87.6107431175,POINT (-87.610743117524 41.784081408367)
80c7bd79c9382ac584436df7252c74d1ff5f5424e4fc773a4da552637ef49f39f6d23439e1bcdeafab262a41e86de3799d85383b95c9787d969f72a485e3e284,,07/21/2025 09:50:00 AM,30,TRAFFIC SIGNAL,FUNCTIONING PROPERLY,CLEAR,DAYLIGHT,REAR END,DIVIDED - W/MEDIAN (NOT RAISED),,STRAIGHT AND LEVEL,DRY,NO DEFECTS,NOT ON SCENE (DESK REPORT),NO INJURY / DRIVE AWAY,,,,"$501 - $1,500",07/21/2025 11:30:00 AM,FOLLOWING TOO CLOSELY,FOLLOWING TOO CLOSELY,753,N,FAIRBANKS CT,1833,,,,,,,2,NO INDICATION OF INJURY,0,0,0,0,0,2,0,9,2,7,41.8966638477,-87.6202194575,POINT (-87.620219457477 41.896663847707)
88e64db88ef571bbd044ff9749cd38180d1216727d3be99ca461504a40111b70f2a6f17fb1ff8ca5def4ba2253f2142d45775ea7b64f8d6194b8fe37753257a7,,07/21/2025 09:50:00 AM,15,NO CONTROLS,NO CONTROLS,CLEAR,DAYLIGHT,PARKED MOTOR VEHICLE,PARKING LOT,,STRAIGHT AND LEVEL,DRY,NO DEFECTS,NOT ON SCENE (DESK REPORT),NO INJURY / DRIVE AWAY,,Y,Y,"OVER $1,500",07/21/2025 01:07:00 PM,FAILING TO REDUCE SPEED TO AVOID CRASH,NOT APPLICABLE,6328,N,CALIFORNIA AVE,2413,,,,,,,2,NO INDICATION OF INJURY,0,0,0,0,0,1,0,9,2,7,41.9966348285,-87.6997527677,POINT (-87.699752767673 41.996634828501)
b5224f558986facbadf30cc8fa6283a55e105962a20ca57fd0f5940c5682db7769fa008b81fa5291d7e42fba8b29833734a0f643df97ffd62ac2a5356129f6b3,,07/21/2025 09:50:00 AM,35,TRAFFIC SIGNAL,FUNCTIONING PROPERLY,CLEAR,DAYLIGHT,REAR END,FOUR WAY,,STRAIGHT AND LEVEL,DRY,UNKNOWN,NOT ON SCENE (DESK REPORT),NO INJURY / DRIVE AWAY,Y,,Y,"OVER $1,500",07/21/2025 10:48:00 AM,NOT APPLICABLE,NOT APPLICABLE,4301,S,CICERO AVE,815,,,,,,,2,NO INDICATION OF INJURY,0,0,0,0,0,2,0,9,2,7,41.8148418931,-87.7432080988,POINT (-87.743208098805 41.814841893143)
5acca36357f86fd593ee098472e905bae6413c678b1037bb4a6ab4f74a0f0c9f64b9b11e9e3db5eadd3212d344d2d8898d7ef61051b5ffe3c0ab9bad037824c1,,07/21/2025 09:45:00 AM,25,TRAFFIC SIGNAL,FUNCTIONING PROPERLY,CLEAR,DAYLIGHT,FIXED OBJECT,NOT DIVIDED,,STRAIGHT AND LEVEL,DRY,NO DEFECTS,NOT ON SCENE (DESK REPORT),NO INJURY / DRIVE AWAY,Y,Y,,"OVER $1,500",07/21/2025 10:20:00 AM,IMPROPER OVERTAKING/PASSING,DRIVING SKILLS/KNOWLEDGE/EXPERIENCE,4153,W,LAKE ST,1114,,,,,,,1,NO INDICATION OF INJURY,0,0,0,0,0,2,0,9,2,7,41.8856124931,-87.7303849395,POINT (-87.730384939491 41.885612493143)
aa92b412a0e7a859b4d0d0cba57ced4835a1d730f01ac8fc0b98ca800889f47e58679da43f650170522e8b4675f4139eecebfd95a0e2dcb2dff15d14956f3bb4,,07/21/2025 09:40:00 AM,10,NO CONTROLS,NO CONTROLS,CLEAR,DAYLIGHT,ANGLE,PARKING LOT,,STRAIGHT AND LEVEL,DRY,NO DEFECTS,ON SCENE,INJURY AND / OR TOW DUE TO CRASH,,Y,,"OVER $1,500",07/21/2025 09:44:00 AM,DRIVING SKILLS/KNOWLEDGE/EXPERIENCE,DRIVING SKILLS/KNOWLEDGE/EXPERIENCE,850,W,IRVING PARK RD,1915,,,,,,,3,"REPORTED, NOT EVIDENT",1,0,0,0,1,2,0,9,2,7,41.9546408254,-87.6515690124,POINT (-87.651569012354 41.954640825372)
1f0237bf3531575044b66562693926a5a6ed091a8e08a4b1036bcabb47b7c8a687b43e4a29dd957e7cf6dde3c355a056968e53316f5251cdac33a8abb8ef29e7,,07/21/2025 09:37:00 AM,30,NO CONTROLS,NO CONTROLS,CLEAR,DAYLIGHT,PARKED MOTOR VEHICLE,DIVIDED - W/MEDIAN BARRIER,,STRAIGHT AND LEVEL,DRY,NO DEFECTS,ON SCENE,NO INJURY / DRIVE AWAY,,,,"OVER $1,500",07/21/2025 09:40:00 AM,UNABLE TO DETERMINE,UNABLE TO DETERMINE,2415,N,PULASKI RD,2524,,,,,,,2,NO INDICATION OF INJURY,0,0,0,0,0,1,0,9,2,7,41.9249773329,-87.7266387718,POINT (-87.726638771756 41.924977332854)
29c9547c89c8c51b3e82e32b5955fcc0972960754c4b59ba9d831621f39d2717ee18a2237db33503391a3d26ea6c7876df287ebd3ebe127275decf5f6654d7c0,,07/21/2025 09:30:00 AM,35,TRAFFIC SIGNAL,FUNCTIONING PROPERLY,CLEAR,DAYLIGHT,ANGLE,DIVIDED - W/MEDIAN (NOT RAISED),,STRAIGHT AND LEVEL,DRY,NO DEFECTS,ON SCENE,INJURY AND / OR TOW DUE TO CRASH,Y,,,"OVER $1,500",07/21/2025 09:45:00 AM,DISREGARDING TRAFFIC SIGNALS,EQUIPMENT - VEHICLE CONDITION,5525,N,CUMBERLAND AVE,1614,,,,,,,2,NO INDICATION OF INJURY,0,0,0,0,0,3,0,9,2,7,41.9800826682,-87.83643445,POINT (-87.83643445001 41.980082668186)
2d36ce8272d96752c941effb732a0ca1c79a69685ce9d63781d7ab18ce2ca3869290fba5d24d8dea7f0db20d70f0f7af74f5a6061dc4886b9742b867b5c93846,,07/21/2025 09:30:00 AM,30,NO CONTROLS,NO CONTROLS,CLEAR,DAYLIGHT,HEAD ON,NOT DIVIDED,,STRAIGHT AND LEVEL,DRY,NO DEFECTS,ON SCENE,INJURY AND / OR TOW DUE TO CRASH,,,,"OVER $1,500",07/21/2025 09:55:00 AM,CELL PHONE USE OTHER THAN TEXTING,NOT APPLICABLE,1912,W,AUGUSTA BLVD,1212,,,,,,,2,NO INDICATION OF INJURY,0,0,0,0,0,2,0,9,2,7,41.8996916283,-87.675282351,POINT (-87.675282351016 41.899691628296)
625864d0025f578e0e2ec4254d4c42ed88539ba1c63cbf7b948182916ffcb157494638dae724493364748e20f597809cc67fa728a50a568f4e4de74880464a52,Y,07/21/2025 09:30:00 AM,30,NO CONTROLS,NO CONTROLS,CLEAR,DAYLIGHT,PARKED MOTOR VEHICLE,ONE-WAY,,STRAIGHT AND LEVEL,DRY,UNKNOWN,,NO INJURY / DRIVE AWAY,,,N,$500 OR LESS,07/21/2025 02:04:00 PM,FOLLOWING TOO CLOSELY,UNABLE TO DETERMINE,627,N,LOTUS AVE,1524,,,,,,,2,NO INDICATION OF INJURY,0,0,0,0,0,1,0,9,2,7,41.8919555513,-87.7618702097,POINT (-87.761870209729 41.891955551301)
87830689a27bacb143fd5ff1c2ec73f1380cb97ea68ff9cf121ad96853061207ceb41bd6a47e50b0faa6b2d1e170eeda7aefe02501c90ec1538c3068421a6200,,07/21/2025 09:25:00 AM,10,NO CONTROLS,NO CONTROLS,CLEAR,DAYLIGHT,REAR TO REAR,PARKING LOT,,STRAIGHT AND LEVEL,DRY,NO DEFECTS,ON SCENE,NO INJURY / DRIVE AWAY,,,Y,"$501 - $1,500",07/21/2025 09:25:00 AM,DRIVING SKILLS/KNOWLEDGE/EXPERIENCE,DRIVING SKILLS/KNOWLEDGE/EXPERIENCE,1340,S,CANAL ST,124,,,,,,,2,NO INDICATION OF INJURY,0,0,0,0,0,4,0,9,2,7,41.8645211937,-87.6393040996,POINT (-87.639304099636 41.864521193744)
2ecfd753f6e519903fe9dec309ce1c6571a4a93ca815683c58f3deff865bedba8725610ed8a08e684135aab59ba370b96678b07bbc76e978ac4d2028fca79ed9,,07/21/2025 09:15:00 AM,30,NO CONTROLS,NO CONTROLS,CLEAR,DAYLIGHT,TURNING,ALLEY,,STRAIGHT AND LEVEL,DRY,UNKNOWN,NOT ON SCENE (DESK REPORT),NO INJURY / DRIVE AWAY,,,,"OVER $1,500",07/21/2025 10:22:00 AM,FAILING TO REDUCE SPEED TO AVOID CRASH,IMPROPER TURNING/NO SIGNAL,5510,S,STATE ST,225,,,,,,,2,NO INDICATION OF INJURY,0,0,0,0,0,2,0,9,2,7,41.7939633906,-87.625829123,POINT (-87.625829122993 41.793963390619)
ad18665a22b3b774e27f1515d13f759b7cd1b4f784c18ad77c785a007c960989b99f8bb0fe8310fcc31a155082977acb767b7392437dacffd35b2c15f65d8a4c,Y,07/21/2025 09:15:00 AM,30,TRAFFIC SIGNAL,FUNCTIONING PROPERLY,CLEAR,DAYLIGHT,PARKED MOTOR VEHICLE,NOT DIVIDED,,STRAIGHT AND LEVEL,DRY,UNKNOWN,ON SCENE,NO INJURY / DRIVE AWAY,,,Y,$500 OR LESS,07/21/2025 09:34:00 AM,UNABLE TO DETERMINE,UNABLE TO DETERMINE,4013,W,DIVISION ST,1111,,,,,,,2,NO INDICATION OF INJURY,0,0,0,0,0,2,0,9,2,7,41.9025505543,-87.7269137482,POINT (-87.726913748227 41.902550554263)
ffa2a24a4c7000cda914ad9504f93f60706d53de6b4a1c7fd72424d54b349d61d3428df3d916db7dae03314baf760c00ff43fc23454354d38dbcf21c7ab8e55b,,07/21/2025 09:15:00 AM,30,TRAFFIC SIGNAL,FUNCTIONING PROPERLY,CLEAR,DAYLIGHT,REAR END,FOUR WAY,,STRAIGHT AND LEVEL,DRY,NO DEFECTS,,NO INJURY / DRIVE AWAY,Y,,,"$501 - $1,500",07/21/2025 09:28:00 AM,FOLLOWING TOO CLOSELY,NOT APPLICABLE,99,N,OGDEN AVE,1224,,,,,,,2,NO INDICATION OF INJURY,0,0,0,0,0,12,0,9,2,7,41.8827380894,-87.6645774199,POINT (-87.664577419858 41.882738089398)
6fd68efdcf818edb382e0f5a2641a1e38f5937a3b1653f8332c61db76d287ff7956a1457cd3595e355c0ef5a2270c6599a13c9287853a42ee8444752184c027c,,07/21/2025 09:10:00 AM,30,NO CONTROLS,NO CONTROLS,CLEAR,DAYLIGHT,REAR END,NOT DIVIDED,,STRAIGHT AND LEVEL,DRY,NO DEFECTS,,NO INJURY / DRIVE AWAY,,,,"OVER $1,500",07/21/2025 10:25:00 AM,UNABLE TO DETERMINE,UNABLE TO DETERMINE,4300,W,NORTH AVE,2534,,,,,,,2,NO INDICATION OF INJURY,0,0,0,0,0,3,0,9,2,7,41.9098976646,-87.7337682263,POINT (-87.73376822625 41.909897664645)
25cbc99a6acf0012cad461f496efeaaa87dd97a292e71ee86f943e5ae910435e98788859097f8723b51254f0d078e6b15dc11722f5bb3daed3da8d7be0a080d1,,07/21/2025 09:06:00 AM,30,TRAFFIC SIGNAL,FUNCTIONING PROPERLY,CLEAR,DAYLIGHT,PEDESTRIAN,FOUR WAY,,STRAIGHT AND LEVEL,DRY,NO DEFECTS,ON SCENE,INJURY AND / OR TOW DUE TO CRASH,Y,,,$500 OR LESS,07/21/2025 09:09:00 AM,UNABLE TO DETERMINE,NOT APPLICABLE,4300,S,ASHLAND AVE,924,,,,,,,2,NONINCAPACITATING INJURY,1,0,0,1,0,1,0,9,2,7,41.8157784269,-87.6652928904,POINT (-87.665292890367 41.815778426908)
eaff435684b3351ad5746e88e1749d0c0267bf206c05ae323b28d11d3b1b50ad47128a1b12f55a1ff329f5b7ad8a4c89d2fda3e53791f954a828b0b29f37c7bd,,07/21/2025 09:01:00 AM,30,NO CONTROLS,NO CONTROLS,CLEAR,DAYLIGHT,TURNING,DIVIDED - W/MEDIAN (NOT RAISED),,STRAIGHT AND LEVEL,DRY,NO DEFECTS,ON SCENE,INJURY AND / OR TOW DUE TO CRASH,,,,"OVER $1,500",07/21/2025 09:30:00 AM,DRIVING SKILLS/KNOWLEDGE/EXPERIENCE,DRIVING SKILLS/KNOWLEDGE/EXPERIENCE,1819,N,CICERO AVE,2533,,,,,,,2,NO INDICATION OF INJURY,0,0,0,0,0,2,0,9,2,7,41.9138946665,-87.7458424975,POINT (-87.745842497475 41.913894666503)
2da758a35db40881b531925e6f7ffb75b53dc0dae52ba68e1d51e7b405f9582ba34d4a5d8fe6bc47202c3e27c9e5fc09df1ee91d6abccdfa405179be039c279f,,07/21/2025 09:00:00 AM,25,TRAFFIC SIGNAL,FUNCTIONING PROPERLY,CLEAR,DAYLIGHT,REAR END,FOUR WAY,,STRAIGHT AND LEVEL,DRY,NO DEFECTS,NOT ON SCENE (DESK REPORT),NO INJURY / DRIVE AWAY,Y,,,"OVER $1,500",07/21/2025 12:00:00 PM,UNABLE TO DETERMINE,NOT APPLICABLE,4801,N,HARLEM AVE,1613,,,,,,,2,NO INDICATION OF INJURY,0,0,0,0,0,2,0,9,2,7,41.968310408,-87.8070086183,POINT (-87.80700861833 41.968310408038)
eea9b801614b970cdf94a6ca4bb4f890a0a64e7be25a8a8429a05170ccd961d4b6b523cc1c031ea88411d56552bbb6a53c598ac318d5565a3a21b24da62f53d1,,07/21/2025 08:56:00 AM,30,NO CONTROLS,NO CONTROLS,CLEAR,DAYLIGHT,REAR END,NOT DIVIDED,,STRAIGHT AND LEVEL,DRY,NO DEFECTS,NOT ON SCENE (DESK REPORT),NO INJURY / DRIVE AWAY,,,,"OVER $1,500",07/21/2025 08:56:00 AM,FOLLOWING TOO CLOSELY,FOLLOWING TOO CLOSELY,2758,N,CICERO AVE,2521,,,,,,,2,NO INDICATION OF INJURY,0,0,0,0,0,2,0,8,2,7,41.9314847047,-87.7467398263,POINT (-87.746739826261 41.931484704659)
2a6b57171b7176fc30e117eb6698f0148dcaafe1a9d5dbab0088b64d8007d43ceb6e3f7712752b4e38f65f1cfa80acbca325ffaf6e6d916f1120cbf42409d19b,,07/21/2025 08:50:00 AM,35,NO CONTROLS,NO CONTROLS,CLEAR,DAYLIGHT,REAR END,NOT DIVIDED,,STRAIGHT AND LEVEL,DRY,NO DEFECTS,ON SCENE,NO INJURY / DRIVE AWAY,,,Y,"$501 - $1,500",07/21/2025 08:56:00 AM,FOLLOWING TOO CLOSELY,NOT APPLICABLE,11042,S,THROOP ST,2234,,,,,,,2,NO INDICATION OF INJURY,0,0,0,0,0,2,0,8,2,7,41.6927211239,-87.6547050793,POINT (-87.654705079299 41.692721123912)
6573b70f93247d0ed963e667d80f4b32ca57148c2dd198ccbdf9318fd239b0a711c7ee8e64fafa3b311848bc667e38e6629569c73ac4c6b94db3582bfccf15d3,,07/21/2025 08:30:00 AM,35,NO CONTROLS,NO CONTROLS,CLEAR,DAYLIGHT,TURNING,OTHER,,STRAIGHT AND LEVEL,DRY,NO DEFECTS,NOT ON SCENE (DESK REPORT),NO INJURY / DRIVE AWAY,,,,"$501 - $1,500",07/21/2025 09:10:00 AM,UNABLE TO DETERMINE,UNABLE TO DETERMINE,3340,N,PULASKI RD,1731,,,,,,,2,NO INDICATION OF INJURY,0,0,0,0,0,2,0,8,2,7,41.9420026664,-87.7274198078,POINT (-87.727419807827 41.942002666379)
96ebce0c2994f587984d534ab846c9dd6c803e5d4258681cd126401983d35478a3ebc2269ecb9c43a43d6e1cdb4ed9deb3d369fdcec295563017cfd6054ba8a9,,07/21/2025 08:30:00 AM,25,NO CONTROLS,NO CONTROLS,CLEAR,DAYLIGHT,PARKED MOTOR VEHICLE,NOT DIVIDED,,STRAIGHT AND LEVEL,UNKNOWN,UNKNOWN,NOT ON SCENE (DESK REPORT),NO INJURY / DRIVE AWAY,,,Y,$500 OR LESS,07/22/2025 07:40:00 PM,UNABLE TO DETERMINE,UNABLE TO DETERMINE,7642,S,LANGLEY AVE,624,,,,,,,2,NO INDICATION OF INJURY,0,0,0,0,0,1,0,8,2,7,41.7554333012,-87.607910782,POINT (-87.607910782028 41.755433301205)
b4fd4c6818a3c2f908c4254b4daccc07aa8df14b5c79985731dfc05ff8f2e137beba8c11d80031b87743e3e833a8eb56e529929830af94d3d02089ecb40a9db5,,07/21/2025 08:28:00 AM,30,TRAFFIC SIGNAL,FUNCTIONING PROPERLY,CLEAR,DAYLIGHT,SIDESWIPE SAME DIRECTION,DIVIDED - W/MEDIAN (NOT RAISED),,STRAIGHT AND LEVEL,DRY,NO DEFECTS,ON SCENE,NO INJURY / DRIVE AWAY,,,,"OVER $1,500",07/21/2025 08:32:00 AM,UNABLE TO DETERMINE,UNABLE TO DETERMINE,4002,N,BROADWAY,1915,,N,,,,,2,NO INDICATION OF INJURY,0,0,0,0,0,2,0,8,2,7,41.9545974389,-87.650726344,POINT (-87.650726343957 41.954597438917)
c26070135417c6d24ca71e1297649b6d9c230caa96cb147ac44cc0ccfc9cb8be14abc3243f75767774868bce9c982c33ccc983d95a75f25ec2966c8d828d8c2e,,07/21/2025 08:25:00 AM,30,NO CONTROLS,NO CONTROLS,CLEAR,DAYLIGHT,PARKED MOTOR VEHICLE,ONE-WAY,,STRAIGHT AND LEVEL,DRY,NO DEFECTS,NOT ON SCENE (DESK REPORT),NO INJURY / DRIVE AWAY,,,Y,$500 OR LESS,07/21/2025 11:05:00 AM,UNABLE TO DETERMINE,UNABLE TO DETERMINE,125,S,JEFFERSON ST,121,,,,,,,2,NO INDICATION OF INJURY,0,0,0,0,0,1,0,8,2,7,41.8797628885,-87.6424464564,POINT (-87.642446456356 41.879762888454)