CRASH_RECORD_ID,CRASH_DATE_EST_I,CRASH_DATE,POSTED_SPEED_LIMIT,TRAFFIC_CONTROL_DEVICE,DEVICE_CONDITION,WEATHER_CONDITION,LIGHTING_CONDITION,FIRST_CRASH_TYPE,TRAFFICWAY_TYPE,LANE_CNT,ALIGNMENT,ROADWAY_SURFACE_COND,ROAD_DEFECT,REPORT_TYPE,CRASH_TYPE,INTERSECTION_RELATED_I,NOT_RIGHT_OF_WAY_I,HIT_AND_RUN_I,DAMAGE,DATE_POLICE_NOTIFIED,PRIM_CONTRIBUTORY_CAUSE,SEC_CONTRIBUTORY_CAUSE,STREET_NO,STREET_DIRECTION,STREET_NAME,BEAT_OF_OCCURRENCE,PHOTOS_TAKEN_I,STATEMENTS_TAKEN_I,DOORING_I,WORK_ZONE_I,WORK_ZONE_TYPE,WORKERS_PRESENT_I,NUM_UNITS,MOST_SEVERE_INJURY,INJURIES_TOTAL,INJURIES_FATAL,INJURIES_INCAPACITATING,INJURIES_NON_INCAPACITATING,INJURIES_REPORTED_NOT_EVIDENT,INJURIES_NO_INDICATION,INJURIES_UNKNOWN,CRASH_HOUR,CRASH_DAY_OF_WEEK,CRASH_MONTH,LATITUDE,LONGITUDE,LOCATION
3f3bdc1a232177ec2a27d198932ce3647c8bcad71ce02c57cb69da7736b99817b3ceab89c676ff0ea8cd1f253b50419f7648674e51b48a432d8c443baf8a435f,,07/21/2025 08:20:00 AM,10,NO CONTROLS,NO CONTROLS,CLEAR,DAYLIGHT,REAR TO FRONT,PARKING LOT,,STRAIGHT AND LEVEL,DRY,NO DEFECTS,NOT ON SCENE (DESK REPORT),NO INJURY / DRIVE AWAY,,Y,,$500 OR LESS,07/21/2025 08:45:00 AM,IMPROPER BACKING,DRIVING SKILLS/KNOWLEDGE/EXPERIENCE,4946,N,MILWAUKEE AVE,1623,,,,,,,2,NO INDICATION OF INJURY,0,0,0,0,0,3,0,8,2,7,41.9706775856,-87.7634289442,POINT (-87.76342894418 41.97067758561)
5771d50bf48f4a2da80bcabb29dbfb313a16003ce22fa29939f9a70cdd66fcee333a8d88263dbe0aa3e9b1e8b598e9b87bde6026596d0b646b784ac1da3ecb0b,,07/21/2025 08:20:00 AM,30,TRAFFIC SIGNAL,FUNCTIONING PROPERLY,CLEAR,DAYLIGHT,SIDESWIPE SAME DIRECTION,FOUR WAY,,STRAIGHT AND LEVEL,DRY,NO DEFECTS,ON SCENE,NO INJURY / DRIVE AWAY,Y,,,"OVER $1,500",07/21/2025 08:23:00 AM,IMPROPER LANE USAGE,NOT APPLICABLE,6170,N,KIMBALL AVE,1711,,,,,,,2,NO INDICATION OF INJURY,0,0,0,0,0,3,0,8,2,7,41.9937179789,-87.7142385865,POINT (-87.714238586455 41.993717978943)
8fe473cc636d64aaaf5ed21c9584dc3ee73c625eebb81da43e6916bc2eca6b03766eff835247f0935a98b28bc224f93ef792417f0a8437699f2d30c4c6f5d015,,07/21/2025 08:20:00 AM,30,NO CONTROLS,NO CONTROLS,CLEAR,DAYLIGHT,SIDESWIPE SAME DIRECTION,DIVIDED - W/MEDIAN BARRIER,,STRAIGHT AND LEVEL,DRY,NO DEFECTS,NOT ON SCENE (DESK REPORT),NO INJURY / DRIVE AWAY,,,Y,"OVER $1,500",07/21/2025 09:05:00 AM,"OPERATING VEHICLE IN ERRATIC, RECKLESS, CARELESS, NEGLIGENT OR AGGRESSIVE MANNER",NOT APPLICABLE,500,S,LAKE SHORE DR NB,114,,,,,,,2,NO INDICATION OF INJURY,0,0,0,0,0,2,0,8,2,7,41.8757562552,-87.6175156798,POINT (-87.617515679751 41.875756255241)
0b520abf26f0d08ffd002e8adbbecb9ff01d717103f6b38f34a5eb828e6792d15fdfbc0734738e59fdffc1f92300c749e8947fc9316ba47526d773a458d30122,,07/21/2025 08:17:00 AM,5,NO CONTROLS,NO CONTROLS,CLEAR,DAYLIGHT,PEDESTRIAN,DRIVEWAY,,STRAIGHT ON GRADE,DRY,NO DEFECTS,ON SCENE,INJURY AND / OR TOW DUE TO CRASH,,,,$500 OR LESS,07/21/2025 08:17:00 AM,FAILING TO YIELD RIGHT-OF-WAY,FAILING TO YIELD RIGHT-OF-WAY,1407,W,LAKE ST,1224,,,,,,,2,NONINCAPACITATING INJURY,1,0,0,1,0,1,0,8,2,7,41.8852994989,-87.6627586377,POINT (-87.662758637707 41.88529949893)
1c23d55960203906d9a40de3039b3b692213dce307879d0fae56b09ff3a6942b39b6aa900016b00d62735d5851cc88031fc4b5b2c1219f9905fbdb4e9bb133d4,,07/21/2025 08:15:00 AM,10,NO CONTROLS,NO CONTROLS,CLEAR,DAYLIGHT,PEDALCYCLIST,NOT DIVIDED,,STRAIGHT AND LEVEL,DRY,NO DEFECTS,NOT ON SCENE (DESK REPORT),NO INJURY / DRIVE AWAY,,,,"OVER $1,500",07/21/2025 09:45:00 AM,UNABLE TO DETERMINE,NOT APPLICABLE,217,W,WASHINGTON ST,122,,,,,,,2,NO INDICATION OF INJURY,0,0,0,0,0,2,0,8,2,7,41.8831000298,-87.6343782452,POINT (-87.634378245247 41.883100029814)
8feca73a43725575649b1572effa11abc8416b50edee9af2aa4d1a2949f2d726caa0fa775db4ff5cc99fc0d001a4ef91fbc49d7158b8351c4dee400981ed0cb4,,07/21/2025 08:15:00 AM,30,STOP SIGN/FLASHER,FUNCTIONING PROPERLY,CLEAR,DAYLIGHT,ANGLE,OTHER,,STRAIGHT AND LEVEL,DRY,NO DEFECTS,ON SCENE,INJURY AND / OR TOW DUE TO CRASH,,,,"OVER $1,500",07/21/2025 08:45:00 AM,UNABLE TO DETERMINE,UNABLE TO DETERMINE,2598,W,GRANVILLE AVE,2413,,,,,,,2,NONINCAPACITATING INJURY,1,0,0,1,0,3,0,8,2,7,41.9941449841,-87.6945869163,POINT (-87.69458691631 41.994144984129)
8933ab3e07ad686577cd4a66d4c1f71f7e9c45fa8d210b880221847418c047360a49066ebd0e3fc65935cf4f493e59dd99a2fb64c44f68f67c8c40d559fba6ff,,07/21/2025 08:00:00 AM,30,NO CONTROLS,NO CONTROLS,CLEAR,DAYLIGHT,FIXED OBJECT,PARKING LOT,,STRAIGHT AND LEVEL,DRY,NO DEFECTS,NOT ON SCENE (DESK REPORT),NO INJURY / DRIVE AWAY,,,,"OVER $1,500",07/21/2025 09:53:00 AM,DRIVING SKILLS/KNOWLEDGE/EXPERIENCE,DRIVING SKILLS/KNOWLEDGE/EXPERIENCE,6800,W,NORTH AVE,2513,,,,,,,2,NO INDICATION OF INJURY,0,0,0,0,0,2,0,8,2,7,41.9091345709,-87.7949281308,POINT (-87.794928130785 41.909134570904)
b9868cfa023a10b2846396baaa0da724f19c211daa14ed96504c2f8134a0a602cd47aa75598694b8f6a906f9830ca3ff72e15ea13d5d1589398cbf8183778b4c,,07/21/2025 08:00:00 AM,30,NO CONTROLS,NO CONTROLS,CLEAR,DAYLIGHT,OTHER OBJECT,T-INTERSECTION,,STRAIGHT AND LEVEL,DRY,NO DEFECTS,ON SCENE,INJURY AND / OR TOW DUE TO CRASH,Y,,,"$501 - $1,500",07/21/2025 08:00:00 AM,"VISION OBSCURED (SIGNS, TREE LIMBS, BUILDINGS, ETC.)",NOT APPLICABLE,7415,N,RIDGE BLVD,2424,,,,,,,2,"REPORTED, NOT EVIDENT",1,0,0,0,1,1,0,8,2,7,42.0164828457,-87.6841479705,POINT (-87.684147970467 42.016482845745)
eb48b0efeeac2ae220e43091ba7e4366957ca970e4feb67de256456a59aee16b188f907b4e918340fae5707cbc57996948f0f0c610731c90a85690e750613f5c,,07/21/2025 08:00:00 AM,30,NO CONTROLS,NO CONTROLS,UNKNOWN,UNKNOWN,PARKED MOTOR VEHICLE,OTHER,,STRAIGHT AND LEVEL,UNKNOWN,UNKNOWN,NOT ON SCENE (DESK REPORT),NO INJURY / DRIVE AWAY,,,,"OVER $1,500",07/21/2025 09:30:00 AM,NOT APPLICABLE,NOT APPLICABLE,9202,S,SAGINAW AVE,423,,,,,,,2,NO INDICATION OF INJURY,0,0,0,0,0,1,0,8,2,7,41.7279954604,-87.5596442891,POINT (-87.559644289057 41.727995460362)
3868a32e7946f48c3fc276309367ff341e0024b2b62a781839bd900c59d295411838606573f9d338688597152aa19bce9f7eb32aa6be77c09be7a5ea23e065bb,,07/21/2025 07:35:00 AM,45,NO CONTROLS,NO CONTROLS,CLEAR,DAYLIGHT,REAR END,OTHER,,STRAIGHT AND LEVEL,DRY,NO DEFECTS,ON SCENE,INJURY AND / OR TOW DUE TO CRASH,,,,"OVER $1,500",07/21/2025 07:35:00 AM,UNABLE TO DETERMINE,UNABLE TO DETERMINE,4653,S,LAKE SHORE DR NB,222,,,,,,,4,NO INDICATION OF INJURY,0,0,0,0,0,6,0,7,2,7,41.8113372069,-87.5890009443,POINT (-87.58900094427 41.81133720693)
f252e598f5cca9a3b19b5239cea794d4dad9180a35752cb00f77074ff67e638e1b239f07bd02ac113e86e5a51406646feaa93f4ff7cfd8d1d25f2bed9c790064,,07/21/2025 07:32:00 AM,30,TRAFFIC SIGNAL,FUNCTIONING PROPERLY,CLEAR,DAYLIGHT,TURNING,DIVIDED - W/MEDIAN (NOT RAISED),,STRAIGHT AND LEVEL,DRY,UNKNOWN,ON SCENE,INJURY AND / OR TOW DUE TO CRASH,,,,"OVER $1,500",07/21/2025 07:56:00 AM,IMPROPER LANE USAGE,NOT APPLICABLE,4801,W,MADISON ST,1533,,,,,,,2,NO INDICATION OF INJURY,0,0,0,0,0,2,0,7,2,7,41.8803867201,-87.7453973802,POINT (-87.745397380161 41.880386720106)
801eb1daa8cdbd395dfdb6cdfcfc57e9d364826f3aa12e0984ccb12b770ad610487af1a942b409511565f3992f964e4845d9f5ebed1b88ba952238923f093745,Y,07/21/2025 07:30:00 AM,30,STOP SIGN/FLASHER,FUNCTIONING PROPERLY,CLEAR,DAYLIGHT,PARKED MOTOR VEHICLE,FOUR WAY,,STRAIGHT AND LEVEL,DRY,NO DEFECTS,ON SCENE,NO INJURY / DRIVE AWAY,Y,,Y,"OVER $1,500",07/21/2025 08:17:00 AM,UNABLE TO DETERMINE,NOT APPLICABLE,2101,W,18TH PL,1234,,N,,,,,3,NO INDICATION OF INJURY,0,0,0,0,0,1,0,7,2,7,41.8566099127,-87.6785360232,POINT (-87.678536023239 41.85660991269)
ce41a130383daf28800891acd38e32fb8dc5db8ac4105a3fe03ba8d6b5847510e90c99dfa36c848c97b70fa4f072683baf5cdfd1b49567884b430eb1f1d7e9f7,,07/21/2025 07:30:00 AM,25,UNKNOWN,UNKNOWN,UNKNOWN,UNKNOWN,SIDESWIPE SAME DIRECTION,UNKNOWN,,STRAIGHT AND LEVEL,UNKNOWN,UNKNOWN,NOT ON SCENE (DESK REPORT),NO INJURY / DRIVE AWAY,,,,"OVER $1,500",07/21/2025 05:00:00 PM,NOT APPLICABLE,NOT APPLICABLE,756,W,DIVISION ST,1822,,,,,,,2,NO INDICATION OF INJURY,0,0,0,0,0,2,0,7,2,7,41.9037471381,-87.6480807796,POINT (-87.648080779561 41.903747138119)
d883f87b8cbb40a8effa3e56ed9352498435645444183f79f47edf038cbb16476767eb936855798860b3361e32d8d32ec8175447a86420ca09946e0393cf0865,,07/21/2025 07:30:00 AM,35,TRAFFIC SIGNAL,FUNCTIONING PROPERLY,CLEAR,DAYLIGHT,PEDESTRIAN,T-INTERSECTION,,STRAIGHT AND LEVEL,DRY,NO DEFECTS,ON SCENE,INJURY AND / OR TOW DUE TO CRASH,,,,$500 OR LESS,07/21/2025 07:31:00 AM,FAILING TO YIELD RIGHT-OF-WAY,NOT APPLICABLE,1600,W,FLOURNOY ST,1231,,Y,,,,,2,NONINCAPACITATING INJURY,1,0,0,1,0,1,0,7,2,7,41.8730093279,-87.6666097778,POINT (-87.666609777758 41.873009327903)
2a39723e257d7d5b7178ab6f163584749c0551e0579ca4a8865c4d76d156e363a459d7473a13ea52c473207a72770fa2b67ba7987ff7738d32a6d303bd005504,,07/21/2025 07:25:00 AM,40,TRAFFIC SIGNAL,FUNCTIONING PROPERLY,CLEAR,DUSK,REAR END,FOUR WAY,,STRAIGHT AND LEVEL,DRY,NO DEFECTS,NOT ON SCENE (DESK REPORT),NO INJURY / DRIVE AWAY,Y,,,"OVER $1,500",07/21/2025 07:50:00 AM,EQUIPMENT - VEHICLE CONDITION,UNABLE TO DETERMINE,1201,S,LAKE SHORE DR NB,132,,,,,,,2,NO INDICATION OF INJURY,0,0,0,0,0,2,0,7,2,7,41.8673307157,-87.6186546377,POINT (-87.61865463769 41.867330715666)
ce41694e06c50ee1306552fdbbe886afd296c012a9c0891655738d6edcc2c66e7b2de83dcce15ad5a534c02b19d3f615bd8a748e10cedc261c538dd718f3d6b8,,07/21/2025 07:25:00 AM,30,NO CONTROLS,NO CONTROLS,CLEAR,DAYLIGHT,TURNING,NOT DIVIDED,,STRAIGHT AND LEVEL,DRY,NO DEFECTS,ON SCENE,NO INJURY / DRIVE AWAY,,,,"OVER $1,500",07/21/2025 07:44:00 AM,FAILING TO YIELD RIGHT-OF-WAY,UNABLE TO DETERMINE,4343,N,CENTRAL AVE,1624,,,,,,,2,NO INDICATION OF INJURY,0,0,0,0,0,2,0,7,2,7,41.9599719499,-87.7670788604,POINT (-87.767078860371 41.959971949862)
202e28baf8026808e886ad059c2b982da11dd2ebcf6624c76cab945d95a669f9c0b5439bb8219d6c8f4ad1f6620445539e1a8867a6124644a08478da56cf28a6,,07/21/2025 07:20:00 AM,30,TRAFFIC SIGNAL,FUNCTIONING PROPERLY,CLEAR,DAYLIGHT,SIDESWIPE SAME DIRECTION,FOUR WAY,,STRAIGHT AND LEVEL,DRY,UNKNOWN,ON SCENE,INJURY AND / OR TOW DUE TO CRASH,,,,"OVER $1,500",07/21/2025 12:17:00 PM,IMPROPER OVERTAKING/PASSING,UNABLE TO DETERMINE,4000,W,MADISON ST,1115,,,,,,,2,"REPORTED, NOT EVIDENT",1,0,0,0,1,2,0,7,2,7,41.8808342998,-87.7257965972,POINT (-87.725796597174 41.880834299772)
0858c36354a751ba25fe6e94dbc3222f6a6e3ab2d8540d388e82a047089d55967e0512d6e07da7b1b890f1ece2d834a6e30ccf670a193139e767974dcb3f20f9,,07/21/2025 07:00:00 AM,30,NO CONTROLS,NO CONTROLS,CLEAR,DAYLIGHT,PARKED MOTOR VEHICLE,NOT DIVIDED,,STRAIGHT AND LEVEL,DRY,NO DEFECTS,NOT ON SCENE (DESK REPORT),NO INJURY / DRIVE AWAY,,,Y,"OVER $1,500",07/21/2025 05:45:00 PM,UNABLE TO DETERMINE,UNABLE TO DETERMINE,1851,S,KEDZIE AVE,1022,,,,,,,2,NO INDICATION OF INJURY,0,0,0,0,0,1,0,7,2,7,41.8562830209,-87.7052360991,POINT (-87.705236099063 41.856283020914)
bcf9f51e8789974acc6f18753bcf64ec4568710538a6ef680f8b7b4ed0a060e114a105acc11e311e2a5ca8cd808fdc491c1c3843e75fabea87d980baffdb946f,Y,07/21/2025 07:00:00 AM,15,NO CONTROLS,NO CONTROLS,UNKNOWN,UNKNOWN,PARKED MOTOR VEHICLE,OTHER,,STRAIGHT AND LEVEL,UNKNOWN,UNKNOWN,NOT ON SCENE (DESK REPORT),NO INJURY / DRIVE AWAY,,,Y,"$501 - $1,500",07/25/2025 08:51:00 AM,UNABLE TO DETERMINE,UNABLE TO DETERMINE,5104,N,BROADWAY,2033,,,,,,,2,NO INDICATION OF INJURY,0,0,0,0,0,1,0,7,2,7,41.9747523939,-87.659973409,POINT (-87.659973408966 41.974752393854)
9cf8ba928f879f3ad7a0127f170a7bbee312097575b4417c6186fde5a32c054d8f58dd7f270a120c1f2ce3d995e6527e58ae7433cb79358d6d03f584b1507c18,,07/21/2025 06:50:00 AM,35,NO CONTROLS,NO CONTROLS,CLEAR,DAYLIGHT,SIDESWIPE SAME DIRECTION,ONE-WAY,,STRAIGHT AND LEVEL,DRY,NO DEFECTS,ON SCENE,NO INJURY / DRIVE AWAY,,,Y,"OVER $1,500",07/21/2025 07:00:00 AM,FAILING TO YIELD RIGHT-OF-WAY,NOT APPLICABLE,9040,S,WALLACE ST,2223,,,,,,,2,NO INDICATION OF INJURY,0,0,0,0,0,2,0,6,2,7,41.7297119769,-87.6387260828,POINT (-87.638726082755 41.729711976876)
d139298d2d5682ec0296d97b3b64281f038523985d1c6121b8df15b4a159eaeb26314139914e3ad2e55949727f3eb657882dc9ea62ca9da9f74612c233ad6103,,07/21/2025 06:35:00 AM,30,NO CONTROLS,NO CONTROLS,CLEAR,DAYLIGHT,OTHER NONCOLLISION,DIVIDED - W/MEDIAN (NOT RAISED),,STRAIGHT AND LEVEL,DRY,NO DEFECTS,ON SCENE,INJURY AND / OR TOW DUE TO CRASH,,,,"OVER $1,500",07/21/2025 06:50:00 AM,NOT APPLICABLE,NOT APPLICABLE,10800,S,STONY ISLAND AVE,434,,,,,,,1,"REPORTED, NOT EVIDENT",1,0,0,0,1,0,0,6,2,7,41.6991000247,-87.5791535225,POINT (-87.579153522533 41.699100024673)
f9eef12dadecb26ca3af47823b76544f9b642a38c397c6541ad65da01499e688b7de9f6c3b06b7bb85e0ea38aa22f5bc15f36db76f3e0e0fe10be81fc181fb45,,07/21/2025 06:19:00 AM,30,TRAFFIC SIGNAL,FUNCTIONING PROPERLY,CLEAR,DAYLIGHT,TURNING,FOUR WAY,,STRAIGHT AND LEVEL,DRY,NO DEFECTS,ON SCENE,NO INJURY / DRIVE AWAY,Y,,,"OVER $1,500",07/21/2025 06:40:00 AM,FAILING TO YIELD RIGHT-OF-WAY,FAILING TO YIELD RIGHT-OF-WAY,2957,N,CENTRAL PARK AVE,1412,,,,,,,2,NO INDICATION OF INJURY,0,0,0,0,0,2,0,6,2,7,41.9350724375,-87.7171304135,POINT (-87.717130413476 41.935072437549)
32a73b975dd4ab9222af170a0b50add9bd1f2ceedbd45a32986ba13f06b486361ea4cd556506ae1d03d9d0b0ceafe83c589f1391010cee6ae5145851f1e17ff7,,07/21/2025 06:15:00 AM,30,TRAFFIC SIGNAL,FUNCTIONING PROPERLY,CLEAR,DAYLIGHT,REAR END,FOUR WAY,,STRAIGHT AND LEVEL,DRY,NO DEFECTS,ON SCENE,NO INJURY / DRIVE AWAY,,,,"OVER $1,500",07/21/2025 06:35:00 AM,UNABLE TO DETERMINE,NOT APPLICABLE,5956,W,FULLERTON AVE,2515,,,,,,,2,NO INDICATION OF INJURY,0,0,0,0,0,2,0,6,2,7,41.9239385935,-87.7755799558,POINT (-87.775579955774 41.92393859353)
3f74c6ca24beb8389e89a7a0b33064c5e8a87f31069f9ac92c63525ffe27140110764d733b440e10f38f012384b56fddd9f1a67ef50dfd083f74765d31d15973,Y,07/21/2025 06:00:00 AM,20,NO CONTROLS,NO CONTROLS,CLEAR,DAYLIGHT,FIXED OBJECT,ALLEY,,STRAIGHT AND LEVEL,DRY,NO DEFECTS,ON SCENE,NO INJURY / DRIVE AWAY,,Y,Y,"OVER $1,500",07/31/2025 04:47:00 PM,UNABLE TO DETERMINE,UNABLE TO DETERMINE,9815,S,PRINCETON AVE,511,,,,,,,2,NO INDICATION OF INJURY,0,0,0,0,0,2,0,6,2,7,41.7156157978,-87.6307812362,POINT (-87.630781236237 41.715615797793)
4ccfc733e5690f7561860cd428e0fae09456610c28ba17c8bdf64f56e4b42c95e01de9787ca1bdaae21d46c224773ae7698048c159e74d8e9f9e9485c1879e4f,,07/21/2025 05:46:00 AM,30,TRAFFIC SIGNAL,FUNCTIONING PROPERLY,CLEAR,DAYLIGHT,ANGLE,FOUR WAY,,STRAIGHT AND LEVEL,DRY,NO DEFECTS,ON SCENE,INJURY AND / OR TOW DUE TO CRASH,Y,,,"OVER $1,500",07/21/2025 05:46:00 AM,UNABLE TO DETERMINE,NOT APPLICABLE,5199,S,CICERO AVE,815,,,,,,,2,NONINCAPACITATING INJURY,1,0,0,1,0,1,0,5,2,7,41.798747281,-87.7427856868,POINT (-87.742785686821 41.798747281016)
ea9c2411a1fe592da24702de54e983c632e39e48ec76f721aeb4eb3293f829355a2948c5de2bcf0fef259ed5293e7116baf0919dd0f6c3d00d1eebcce6feab89,,07/21/2025 05:45:00 AM,30,TRAFFIC SIGNAL,FUNCTIONING PROPERLY,CLEAR,DAYLIGHT,SIDESWIPE SAME DIRECTION,NOT DIVIDED,,STRAIGHT AND LEVEL,DRY,UNKNOWN,ON SCENE,NO INJURY / DRIVE AWAY,Y,,,"$501 - $1,500",07/21/2025 05:48:00 AM,FOLLOWING TOO CLOSELY,UNABLE TO DETERMINE,2602,N,AUSTIN AVE,2512,,,,,,,2,NO INDICATION OF INJURY,0,0,0,0,0,2,0,5,2,7,41.9275717915,-87.7759914585,POINT (-87.77599145849 41.927571791549)
985d329ce07d39d2d0636850ced3318b367efa3aec1143317cfdd24cd467d32806e7c558f094ce205f2c92fe08a0f82533d4950e851c2a4c2fa4d8d3af5153ff,,07/21/2025 05:40:00 AM,30,TRAFFIC SIGNAL,FUNCTIONING PROPERLY,CLEAR,DAYLIGHT,REAR END,FOUR WAY,,STRAIGHT AND LEVEL,DRY,NO DEFECTS,NOT ON SCENE (DESK REPORT),NO INJURY / DRIVE AWAY,,,,"OVER $1,500",07/21/2025 07:49:00 AM,FOLLOWING TOO CLOSELY,FOLLOWING TOO CLOSELY,1598,N,KILPATRICK AVE,2533,,,,,,,2,NO INDICATION OF INJURY,0,0,0,0,0,3,0,5,2,7,41.9095648336,-87.7437521691,POINT (-87.743752169146 41.909564833593)
153519bbbca558f73a95edfd222b3c6467672ceaace8aac1533152da15027b4d116c2e7d7dd23f68c0458cbbf64a79dee164c5bb42e01365eac46e56c96e23e9,,07/21/2025 05:30:00 AM,25,NO CONTROLS,NO CONTROLS,UNKNOWN,UNKNOWN,PARKED MOTOR VEHICLE,ONE-WAY,,STRAIGHT AND LEVEL,UNKNOWN,UNKNOWN,NOT ON SCENE (DESK REPORT),NO INJURY / DRIVE AWAY,,,Y,"OVER $1,500",07/21/2025 05:50:00 PM,UNABLE TO DETERMINE,UNABLE TO DETERMINE,6053,S,ARTESIAN AVE,825,,,,,,,2,NO INDICATION OF INJURY,0,0,0,0,0,1,0,5,2,7,41.7831561779,-87.6848198007,POINT (-87.684819800688 41.783156177948)
e969cea9af17353140098948e9833786a35948d8e781a3a6a8de09d406c7ba4dbcb1768e2706175e8f1ec1472376de98e6ad72d8954389ba3346cf08844880c0,,07/21/2025 05:14:00 AM,35,TRAFFIC SIGNAL,FUNCTIONING PROPERLY,CLEAR,DAWN,ANGLE,NOT DIVIDED,,STRAIGHT AND LEVEL,DRY,NO DEFECTS,ON SCENE,INJURY AND / OR TOW DUE TO CRASH,Y,,Y,"OVER $1,500",07/21/2025 05:15:00 AM,DISREGARDING TRAFFIC SIGNALS,"OPERATING VEHICLE IN ERRATIC, RECKLESS, CARELESS, NEGLIGENT OR AGGRESSIVE MANNER",1558,S,WABASH AVE,131,,,,,,,2,NO INDICATION OF INJURY,0,0,0,0,0,2,0,5,2,7,41.8602362798,-87.6258104495,POINT (-87.625810449479 41.860236279826)
ddda6a1ee7e85cbc679abab2bff3d86c2ad760120c97d0c1270a798dc69a55578aba6790382c8735d5b489b098814bad7da5683f737e3b4446d34bba88a3e1c4,,07/21/2025 04:27:00 AM,55,NO CONTROLS,NO CONTROLS,CLEAR,"DARKNESS, LIGHTED ROAD",SIDESWIPE SAME DIRECTION,DIVIDED - W/MEDIAN BARRIER,,STRAIGHT AND LEVEL,DRY,NO DEFECTS,ON SCENE,INJURY AND / OR TOW DUE TO CRASH,,,Y,"OVER $1,500",07/21/2025 04:32:00 AM,IMPROPER OVERTAKING/PASSING,IMPROPER OVERTAKING/PASSING,4000,N,LAKE SHORE DR NB,1915,,,,,,,2,NO INDICATION OF INJURY,0,0,0,0,0,3,0,4,2,7,41.9546892413,-87.6449746442,POINT (-87.644974644209 41.954689241342)
01ce099757dcb4902931bdabd0751160922f78f8f68cdafe077fe7c170423d66e29d17c95b522d404518d0f7e4589b56b4daba46b5ba284e30dc000bd232421c,,07/21/2025 04:25:00 AM,30,NO CONTROLS,NO CONTROLS,CLEAR,DARKNESS,PARKED MOTOR VEHICLE,NOT DIVIDED,,STRAIGHT AND LEVEL,DRY,UNKNOWN,NOT ON SCENE (DESK REPORT),NO INJURY / DRIVE AWAY,,,,$500 OR LESS,07/21/2025 09:00:00 AM,UNABLE TO DETERMINE,NOT APPLICABLE,6161,N,WINTHROP AVE,2433,,,,,,,2,NO INDICATION OF INJURY,0,0,0,0,0,1,0,4,2,7,41.9940764037,-87.6581908385,POINT (-87.658190838546 41.994076403661)
794fb36882a35edbaf0a517adc25c0fa87863f5f2fd1fe358e342c3e07d8bc65351fa1348f9d278dfb8667df6999d83669339ebd4aa6a5adbc559cf24fc5d559,,07/21/2025 04:00:00 AM,15,NO CONTROLS,NO CONTROLS,CLEAR,"DARKNESS, LIGHTED ROAD",REAR TO SIDE,NOT DIVIDED,,STRAIGHT AND LEVEL,DRY,NO DEFECTS,ON SCENE,NO INJURY / DRIVE AWAY,,,,"OVER $1,500",07/21/2025 04:15:00 AM,FAILING TO YIELD RIGHT-OF-WAY,ROAD CONSTRUCTION/MAINTENANCE,1,S,MIDWAY AIRFIELD ST,813,,,,,,,2,NO INDICATION OF INJURY,0,0,0,0,0,2,0,4,2,7,,,
f12675cafe5652d551ebbfe2f255e33239d6e427a6be05883bb6c6e09a577849e74d4cfb960ca627a865ae09fd8bbd4ad1d9c18a3748f91e19a8382618f16331,,07/21/2025 04:00:00 AM,40,NO CONTROLS,NO CONTROLS,CLEAR,DAYLIGHT,PARKED MOTOR VEHICLE,NOT DIVIDED,,STRAIGHT AND LEVEL,DRY,NO DEFECTS,ON SCENE,NO INJURY / DRIVE AWAY,,,Y,"$501 - $1,500",07/21/2025 08:30:00 AM,UNABLE TO DETERMINE,UNABLE TO DETERMINE,5738,S,STONY ISLAND AVE,235,,,,,,,2,NO INDICATION OF INJURY,0,0,0,0,0,1,0,4,2,7,41.7904361939,-87.5868401655,POINT (-87.58684016553 41.79043619388)
f23c8d934508224e7a67f968d9c4188ccdbff115b352cf8472efa37d9337475dd9f53223b1360bb323f5494b1ed1d65c7232870806c89836c199bec7c9ce3bb7,,07/21/2025 04:00:00 AM,20,NO CONTROLS,NO CONTROLS,CLEAR,"DARKNESS, LIGHTED ROAD",PARKED MOTOR VEHICLE,NOT DIVIDED,,STRAIGHT AND LEVEL,DRY,UNKNOWN,NOT ON SCENE (DESK REPORT),NO INJURY / DRIVE AWAY,,,Y,"$501 - $1,500",07/21/2025 01:34:00 PM,UNABLE TO DETERMINE,UNABLE TO DETERMINE,1112,W,CATALPA AVE,2023,,,,,,,2,NO INDICATION OF INJURY,0,0,0,0,0,1,0,4,2,7,41.9819316428,-87.658552926,POINT (-87.658552925967 41.981931642833)
418122e485b4d3b7a0a174bb4b3d13574d3dbfc06be358425b402e0381d9118fe5e50e2fe6264be1737b39cf6e12794047189ad5218724e9b03f7d1bfd0f4e60,,07/21/2025 03:53:00 AM,30,NO CONTROLS,NO CONTROLS,CLEAR,"DARKNESS, LIGHTED ROAD",PARKED MOTOR VEHICLE,DIVIDED - W/MEDIAN (NOT RAISED),,STRAIGHT AND LEVEL,DRY,UNKNOWN,NOT ON SCENE (DESK REPORT),NO INJURY / DRIVE AWAY,,,,"$501 - $1,500",07/21/2025 11:35:00 PM,UNABLE TO DETERMINE,NOT APPLICABLE,5909,S,PRAIRIE AVE,232,,,,,,,2,NO INDICATION OF INJURY,0,0,0,0,0,1,0,3,2,7,41.7871716599,-87.6188883477,POINT (-87.618888347713 41.787171659851)