CRASH_RECORD_ID,CRASH_DATE_EST_I,CRASH_DATE,POSTED_SPEED_LIMIT,TRAFFIC_CONTROL_DEVICE,DEVICE_CONDITION,WEATHER_CONDITION,LIGHTING_CONDITION,FIRST_CRASH_TYPE,TRAFFICWAY_TYPE,LANE_CNT,ALIGNMENT,ROADWAY_SURFACE_COND,ROAD_DEFECT,REPORT_TYPE,CRASH_TYPE,INTERSECTION_RELATED_I,NOT_RIGHT_OF_WAY_I,HIT_AND_RUN_I,DAMAGE,DATE_POLICE_NOTIFIED,PRIM_CONTRIBUTORY_CAUSE,SEC_CONTRIBUTORY_CAUSE,STREET_NO,STREET_DIRECTION,STREET_NAME,BEAT_OF_OCCURRENCE,PHOTOS_TAKEN_I,STATEMENTS_TAKEN_I,DOORING_I,WORK_ZONE_I,WORK_ZONE_TYPE,WORKERS_PRESENT_I,NUM_UNITS,MOST_SEVERE_INJURY,INJURIES_TOTAL,INJURIES_FATAL,INJURIES_INCAPACITATING,INJURIES_NON_INCAPACITATING,INJURIES_REPORTED_NOT_EVIDENT,INJURIES_NO_INDICATION,INJURIES_UNKNOWN,CRASH_HOUR,CRASH_DAY_OF_WEEK,CRASH_MONTH,LATITUDE,LONGITUDE,LOCATION
c70184e15b041cf4321665eb9cafedd03d77e01a72150a04b0521102743317a3643c6eb03b75bc8dd8a7d3fcedea0486cacd568fd7b713b5720afd094d6b3b71,,07/21/2025 03:50:00 AM,30,TRAFFIC SIGNAL,FUNCTIONING PROPERLY,CLEAR,DARKNESS,TURNING,UNKNOWN INTERSECTION TYPE,,STRAIGHT AND LEVEL,DRY,UNKNOWN,ON SCENE,INJURY AND / OR TOW DUE TO CRASH,Y,,,"OVER $1,500",07/21/2025 03:59:00 AM,FAILING TO YIELD RIGHT-OF-WAY,UNABLE TO DETERMINE,2,W,87TH ST,632,,,,,,,2,INCAPACITATING INJURY,1,0,1,0,0,1,0,3,2,7,41.7364086677,-87.6241855927,POINT (-87.624185592692 41.736408667652)
bf65aa03c8854e427117eb4d224eec2d73c40e22071d5567a5ffc17400ae51cef791eb206c6b4bd43eb2b1824ff0b6819fae1e76748ccabcc36337c6f1c2e887,,07/21/2025 03:10:00 AM,30,OTHER,OTHER,CLEAR,"DARKNESS, LIGHTED ROAD",PARKED MOTOR VEHICLE,FOUR WAY,,STRAIGHT AND LEVEL,DRY,NO DEFECTS,ON SCENE,INJURY AND / OR TOW DUE TO CRASH,Y,,Y,"$501 - $1,500",07/21/2025 03:14:00 AM,"OPERATING VEHICLE IN ERRATIC, RECKLESS, CARELESS, NEGLIGENT OR AGGRESSIVE MANNER",NOT APPLICABLE,2502,W,ROSEMONT AVE,2413,,,,,,,2,NO INDICATION OF INJURY,0,0,0,0,0,1,0,3,2,7,41.9959833276,-87.6924210813,POINT (-87.692421081294 41.995983327595)
fe689c04820efbc4cebbd315969c119a347f476d7d149531f7eca29268639d8a586c640778b29cc384c2614f8e073c11dd1d314647fd2955c13597cc96c5a046,,07/21/2025 02:15:00 AM,30,NO CONTROLS,NO CONTROLS,CLEAR,"DARKNESS, LIGHTED ROAD",SIDESWIPE SAME DIRECTION,DIVIDED - W/MEDIAN (NOT RAISED),,STRAIGHT AND LEVEL,DRY,NO DEFECTS,NOT ON SCENE (DESK REPORT),NO INJURY / DRIVE AWAY,,,,"OVER $1,500",07/21/2025 03:11:00 AM,UNABLE TO DETERMINE,NOT APPLICABLE,6301,S,CICERO AVE,813,,,,,,,2,NO INDICATION OF INJURY,0,0,0,0,0,5,0,2,2,7,41.7783404499,-87.7421432762,POINT (-87.742143276204 41.778340449873)
2a9ea5163b83bed161e014bb665bb83de7bad2a20d8c8bc16b46d32bd63e55b2b0667274c3e15bb3b26a8662e56a2e5b827a1d3740459d811aba7ba5b0141f1b,,07/21/2025 01:52:00 AM,30,NO CONTROLS,NO CONTROLS,CLEAR,"DARKNESS, LIGHTED ROAD",PARKED MOTOR VEHICLE,DIVIDED - W/MEDIAN (NOT RAISED),,STRAIGHT AND LEVEL,DRY,NO DEFECTS,ON SCENE,INJURY AND / OR TOW DUE TO CRASH,,,,"OVER $1,500",07/21/2025 01:53:00 AM,NOT APPLICABLE,NOT APPLICABLE,314,E,103RD ST,511,,,,,,,2,NO INDICATION OF INJURY,0,0,0,0,0,1,0,1,2,7,41.7073959089,-87.6155579646,POINT (-87.615557964571 41.707395908918)
cb9db37da863bd1b3da4b8fb1a73d81c12fe52a10bee629e9ff05e8f69b6f819c3a12b90403d38fbce6028d6b3ddbac7058ea543df99fae202d407c64030b4ab,,07/21/2025 01:32:00 AM,30,TRAFFIC SIGNAL,FUNCTIONING PROPERLY,CLEAR,"DARKNESS, LIGHTED ROAD",ANGLE,T-INTERSECTION,,STRAIGHT AND LEVEL,DRY,NO DEFECTS,ON SCENE,INJURY AND / OR TOW DUE TO CRASH,Y,,,"OVER $1,500",07/21/2025 01:32:00 AM,DISREGARDING TRAFFIC SIGNALS,NOT APPLICABLE,198,W,59TH ST,232,,,,,,,2,INCAPACITATING INJURY,2,0,1,1,0,0,0,1,2,7,41.7873676157,-87.6302612527,POINT (-87.630261252725 41.787367615735)
32b03d46aa787dcbc56c40f057e3d77a1313e69d847885ab88845181bc9d1ec48d77091c76d454cc929f2e5b31be36629e25c4e1b8fbcea594b6bedc42f96936,,07/21/2025 01:20:00 AM,30,NO CONTROLS,NO CONTROLS,CLEAR,DUSK,REAR TO FRONT,NOT DIVIDED,,STRAIGHT AND LEVEL,DRY,NO DEFECTS,NOT ON SCENE (DESK REPORT),NO INJURY / DRIVE AWAY,,,Y,"$501 - $1,500",07/21/2025 02:18:00 AM,IMPROPER LANE USAGE,UNABLE TO DETERMINE,7019,S,STONY ISLAND AVE,332,,,,,,,2,NO INDICATION OF INJURY,0,0,0,0,0,2,0,1,2,7,41.7673141178,-87.5858066373,POINT (-87.585806637277 41.767314117775)
a3fabfebabe153f5228642896b33c6b598f182866724fc279c568222d44bd421d9d82bd9f759010692f509481031256ea0096237ca04642f3eb1f305557986ab,,07/21/2025 01:17:00 AM,30,NO CONTROLS,NO CONTROLS,CLEAR,"DARKNESS, LIGHTED ROAD",REAR END,NOT DIVIDED,,STRAIGHT AND LEVEL,DRY,NO DEFECTS,ON SCENE,NO INJURY / DRIVE AWAY,,,Y,"OVER $1,500",07/21/2025 01:17:00 AM,FOLLOWING TOO CLOSELY,"OPERATING VEHICLE IN ERRATIC, RECKLESS, CARELESS, NEGLIGENT OR AGGRESSIVE MANNER",5206,S,WESTERN AVE,923,,,,,,,2,NO INDICATION OF INJURY,0,0,0,0,0,2,0,1,2,7,41.7990707865,-87.68431707,POINT (-87.684317069968 41.799070786504)
64771fc254fd84a3a6eb93c2bdf473a77661f4ef0ee84cbfb76ecd7e330f649498df841a63b780b8f7c5dbfe74b230a2991ca42ac08440f537c26074b3b6fd34,,07/21/2025 01:10:00 AM,35,NO CONTROLS,NO CONTROLS,CLEAR,"DARKNESS, LIGHTED ROAD",FIXED OBJECT,PARKING LOT,,STRAIGHT AND LEVEL,DRY,UNKNOWN,ON SCENE,NO INJURY / DRIVE AWAY,,,,$500 OR LESS,07/21/2025 01:14:00 AM,IMPROPER BACKING,NOT APPLICABLE,3159,W,CHICAGO AVE,1221,,,,,,,1,NO INDICATION OF INJURY,0,0,0,0,0,1,0,1,2,7,41.8954442329,-87.7064929539,POINT (-87.706492953851 41.895444232898)
e901c6f4c0310fbc4aad1515a9f45fa5ad265179427a31c6eae523df66439c47aa3b099468cea701c546df6c8dd66f47c170d76c500f4ed544e9244f428a8df7,,07/21/2025 12:55:00 AM,35,TRAFFIC SIGNAL,FUNCTIONING PROPERLY,CLEAR,"DARKNESS, LIGHTED ROAD",REAR END,FOUR WAY,,STRAIGHT AND LEVEL,DRY,NO DEFECTS,ON SCENE,INJURY AND / OR TOW DUE TO CRASH,Y,,,"$501 - $1,500",07/21/2025 12:55:00 AM,FOLLOWING TOO CLOSELY,UNABLE TO DETERMINE,3955,N,WESTERN AVE,1921,,,,,,,2,"REPORTED, NOT EVIDENT",1,0,0,0,1,1,0,0,2,7,41.9538492261,-87.6883148561,POINT (-87.688314856122 41.953849226099)
74a292d3056e3749700ee6809d704f8ca23c63720b0ac8c7fceff941a3c8eb960ca1b761202d030892f6202c03439a0fd15fa5d17a86d9782c6e248f34386a59,,07/21/2025 12:42:00 AM,30,NO CONTROLS,FUNCTIONING PROPERLY,CLEAR,DARKNESS,FIXED OBJECT,NOT DIVIDED,,STRAIGHT AND LEVEL,DRY,NO DEFECTS,ON SCENE,INJURY AND / OR TOW DUE TO CRASH,Y,,,"OVER $1,500",07/21/2025 12:58:00 AM,UNABLE TO DETERMINE,NOT APPLICABLE,1438,W,111TH ST,2234,,,,,,,1,NO INDICATION OF INJURY,0,0,0,0,0,1,0,0,2,7,41.6922724988,-87.6585171948,POINT (-87.658517194808 41.692272498773)
006217a4c7a0c0f2e8c38d7d587353b9707f8bcaa9e2160504ae0f1eca0e96cbb316f08556e738f70e0aa2210f65ca09e5d9636a606d57b879c1f73fb1e6672d,,07/21/2025 12:28:00 AM,30,NO CONTROLS,NO CONTROLS,CLEAR,"DARKNESS, LIGHTED ROAD",OTHER OBJECT,NOT DIVIDED,,STRAIGHT AND LEVEL,DRY,UNKNOWN,ON SCENE,INJURY AND / OR TOW DUE TO CRASH,,,,"OVER $1,500",07/21/2025 12:30:00 AM,EQUIPMENT - VEHICLE CONDITION,UNABLE TO DETERMINE,9740,S,LONGWOOD DR,2213,,,,,,,1,NO INDICATION OF INJURY,0,0,0,0,0,1,0,0,2,7,41.7162201169,-87.6691476186,POINT (-87.669147618572 41.716220116942)
078afce0e4bc972a975a2ce5bad3aff3ba70e06e5edac3dfab999e79474b7c47aaac035cd5743e80ddb8742342e9265190a4065b229a0a35a0c479a07f623dd1,,07/21/2025 12:25:00 AM,30,NO CONTROLS,NO CONTROLS,CLEAR,"DARKNESS, LIGHTED ROAD",PARKED MOTOR VEHICLE,NOT DIVIDED,,STRAIGHT AND LEVEL,DRY,NO DEFECTS,ON SCENE,NO INJURY / DRIVE AWAY,,,,"OVER $1,500",07/21/2025 12:41:00 AM,UNABLE TO DETERMINE,UNABLE TO DETERMINE,5665,S,SPRINGFIELD AVE,822,,,,,,,2,NO INDICATION OF INJURY,0,0,0,0,0,1,0,0,2,7,41.7896638156,-87.7204631546,POINT (-87.720463154582 41.789663815566)
90d7559c3afdb7f87ac528761bc4e8994e6aca6c112e6af18c0cc89a166d19e45fc35faf34859c63aac963acc4179094ad9450d1608f9f3214ea6016eee1f823,,07/21/2025 12:20:00 AM,30,NO CONTROLS,NO CONTROLS,CLEAR,"DARKNESS, LIGHTED ROAD",SIDESWIPE SAME DIRECTION,DIVIDED - W/MEDIAN (NOT RAISED),,STRAIGHT AND LEVEL,DRY,NO DEFECTS,NOT ON SCENE (DESK REPORT),NO INJURY / DRIVE AWAY,,,,"$501 - $1,500",07/21/2025 11:30:00 AM,IMPROPER OVERTAKING/PASSING,NOT APPLICABLE,600,S,LAKE SHORE DR SB,114,,,,,,,2,NO INDICATION OF INJURY,0,0,0,0,0,5,0,0,2,7,41.8744704338,-87.6174861959,POINT (-87.617486195888 41.874470433803)
761f81376731b367bd1c269cc0a7ee1ce07a58f72bb123965374a6b6aba82f11255c0ac8bbc965d717b7f0b9ae419ee42d2d2c5959a63cd3d13b3e850f85386c,Y,07/21/2025 12:10:00 AM,30,NO CONTROLS,NO CONTROLS,CLEAR,"DARKNESS, LIGHTED ROAD",FIXED OBJECT,ONE-WAY,,STRAIGHT AND LEVEL,DRY,NO DEFECTS,NOT ON SCENE (DESK REPORT),INJURY AND / OR TOW DUE TO CRASH,,,,"OVER $1,500",07/21/2025 12:15:00 AM,DRIVING SKILLS/KNOWLEDGE/EXPERIENCE,UNABLE TO DETERMINE,4940,S,WELLS ST,935,,,,,,,1,NONINCAPACITATING INJURY,1,0,0,1,0,0,0,0,2,7,41.8042739912,-87.6325769277,POINT (-87.632576927719 41.804273991161)
d148469a64e684f8a3cd7b4ca7d58933caffd5d4f48afe720b2d18e05e09a24a0b5aacb254c8171f13eaba6f27df4883b88ecf88fe0989e970b431d19371c535,,07/21/2025 12:10:00 AM,25,TRAFFIC SIGNAL,FUNCTIONING PROPERLY,CLEAR,"DARKNESS, LIGHTED ROAD",TURNING,ONE-WAY,,STRAIGHT AND LEVEL,DRY,NO DEFECTS,ON SCENE,INJURY AND / OR TOW DUE TO CRASH,,,Y,"OVER $1,500",07/21/2025 12:15:00 AM,UNABLE TO DETERMINE,UNABLE TO DETERMINE,519,E,ILLINOIS ST,1834,,,,,,,2,INCAPACITATING INJURY,1,0,1,0,0,1,0,0,2,7,41.8909981546,-87.6142873728,POINT (-87.614287372807 41.890998154551)
834641a7da09f4929dd25884acab07a08d165e5ca0c74d9ecb1146d3aed7d1fdb1f2af3b73bd600366147d391aa317242d475a0ed2795fc8c08e2745cba27256,,07/21/2025 12:00:00 AM,30,NO CONTROLS,NO CONTROLS,CLEAR,DARKNESS,FIXED OBJECT,OTHER,,STRAIGHT AND LEVEL,DRY,UNKNOWN,,NO INJURY / DRIVE AWAY,,,,"$501 - $1,500",07/21/2025 01:03:00 AM,UNABLE TO DETERMINE,NOT APPLICABLE,5501,S,SHORE DR,235,,,,,,,1,NO INDICATION OF INJURY,0,0,0,0,0,1,0,0,2,7,41.7951893281,-87.580304461,POINT (-87.58030446104 41.795189328103)
8f96df80ab875746aaf13b0771d0521618b17a3e340ec76becbab449966a7cf19d484a060d05f50e49a3b53e266bc7d847e1563ef3a28e32f8f6f31ec7757054,Y,07/21/2025 12:00:00 AM,30,NO CONTROLS,NO CONTROLS,CLEAR,"DARKNESS, LIGHTED ROAD",PARKED MOTOR VEHICLE,ONE-WAY,,STRAIGHT AND LEVEL,DRY,UNKNOWN,NOT ON SCENE (DESK REPORT),NO INJURY / DRIVE AWAY,,,Y,"OVER $1,500",07/21/2025 01:15:00 PM,UNABLE TO DETERMINE,NOT APPLICABLE,7115,S,CRANDON AVE,334,,,,,,,2,NO INDICATION OF INJURY,0,0,0,0,0,1,0,0,2,7,41.7656831128,-87.5687945528,POINT (-87.568794552772 41.765683112825)
63692f4b787d2b164f19e46ed22679d69b7ccb832ae2f81285ce112fa5827c795d3ba14c088dbb3f6ece46df74ed1be104ae88eb2e2efae79118943acb484efd,,07/20/2025 11:29:00 PM,30,TRAFFIC SIGNAL,UNKNOWN,CLEAR,"DARKNESS, LIGHTED ROAD",REAR END,NOT DIVIDED,,STRAIGHT AND LEVEL,DRY,UNKNOWN,ON SCENE,NO INJURY / DRIVE AWAY,N,,,"OVER $1,500",07/20/2025 11:29:00 PM,FAILING TO YIELD RIGHT-OF-WAY,UNABLE TO DETERMINE,434,W,CERMAK RD,914,,,,,,,2,NO INDICATION OF INJURY,0,0,0,0,0,3,0,23,1,7,41.8529048031,-87.6383149408,POINT (-87.638314940774 41.852904803096)
5c5339f5d2061b89cf50172a25ac5aed3b10aa4cf168a60d9284bb2586c1ea8e254114a8fd57560b0ca50c1d92e2cc6bd6e6ee0754a96b1a5a3a9bab84a5e142,,07/20/2025 11:25:00 PM,30,NO CONTROLS,NO CONTROLS,CLEAR,"DARKNESS, LIGHTED ROAD",SIDESWIPE SAME DIRECTION,NOT DIVIDED,,STRAIGHT ON GRADE,DRY,"RUT, HOLES",ON SCENE,NO INJURY / DRIVE AWAY,,,Y,"OVER $1,500",07/20/2025 11:25:00 PM,UNABLE TO DETERMINE,NOT APPLICABLE,5101,S,CICERO AVE,815,,,,,,,2,NO INDICATION OF INJURY,0,0,0,0,0,2,0,23,1,7,41.8002455949,-87.742810522,POINT (-87.742810521987 41.800245594931)
ae1e16755291623e3df01e36a0ad5cb99fdc35eaba41a2b8b3975d816e8a23bfb96d889c3f3fff2d81cc6fed7805ab343ddc0bcce1f4af74abc3153f30830729,,07/20/2025 11:10:00 PM,30,NO CONTROLS,NO CONTROLS,CLEAR,"DARKNESS, LIGHTED ROAD",TURNING,DIVIDED - W/MEDIAN (NOT RAISED),,STRAIGHT AND LEVEL,DRY,UNKNOWN,ON SCENE,INJURY AND / OR TOW DUE TO CRASH,,,,"OVER $1,500",07/20/2025 11:11:00 PM,FAILING TO YIELD RIGHT-OF-WAY,FAILING TO YIELD RIGHT-OF-WAY,11472,S,WESTERN AVE,2212,,,,,,,2,NO INDICATION OF INJURY,0,0,0,0,0,3,0,23,1,7,41.6845810753,-87.6810764686,POINT (-87.6810764686 41.684581075321)
861b2ffa8622a0623dc204f374463117245903de435a940777435b4ed6881318ddcd5774b67d440e95f32de3d663d3ed4968d4737a34616d03c529e7b842a082,,07/20/2025 11:09:00 PM,30,NO CONTROLS,NO CONTROLS,CLEAR,"DARKNESS, LIGHTED ROAD",PARKED MOTOR VEHICLE,NOT DIVIDED,,STRAIGHT AND LEVEL,DRY,NO DEFECTS,ON SCENE,NO INJURY / DRIVE AWAY,,,Y,"OVER $1,500",07/21/2025 12:13:00 AM,UNABLE TO DETERMINE,NOT APPLICABLE,5158,S,LECLAIRE AVE,814,,,,,,,2,NO INDICATION OF INJURY,0,0,0,0,0,1,0,23,1,7,41.7984865751,-87.7503902283,POINT (-87.750390228269 41.798486575109)
bc367b2bde884cadaeaa8d18faa9d01e641639ced0fccec5d082023cb545c5559ba0b9c05a0f242e90117465193027e14c0ce6e7e81335023527bd5659d6ddf0,,07/20/2025 11:07:00 PM,30,TRAFFIC SIGNAL,FUNCTIONING PROPERLY,CLEAR,"DARKNESS, LIGHTED ROAD",SIDESWIPE SAME DIRECTION,T-INTERSECTION,,STRAIGHT AND LEVEL,DRY,NO DEFECTS,,NO INJURY / DRIVE AWAY,,,Y,"OVER $1,500",07/21/2025 02:10:00 AM,IMPROPER LANE USAGE,IMPROPER OVERTAKING/PASSING,299,E,ROOSEVELT RD,132,,,,,,,2,NO INDICATION OF INJURY,0,0,0,0,0,5,0,23,1,7,41.867402434,-87.6204276049,POINT (-87.620427604931 41.867402433986)
1fda9a12b35f09c244c89b008f757ef71930812376f586ff3b1a9f844e15202a9f0360ef80f316cb35bbbda20a9108fc7e212cc1c505aba8eaa244c7f221b8b7,,07/20/2025 11:00:00 PM,30,NO CONTROLS,NO CONTROLS,CLEAR,"DARKNESS, LIGHTED ROAD",FIXED OBJECT,NOT DIVIDED,,STRAIGHT AND LEVEL,DRY,NO DEFECTS,NOT ON SCENE (DESK REPORT),INJURY AND / OR TOW DUE TO CRASH,,,,"OVER $1,500",07/21/2025 06:15:00 PM,"EVASIVE ACTION DUE TO ANIMAL, OBJECT, NONMOTORIST",NOT APPLICABLE,12132,S,TORRENCE AVE,434,,,,,,,1,NO INDICATION OF INJURY,0,0,0,0,0,1,0,23,1,7,41.6745849626,-87.5594079093,POINT (-87.559407909285 41.674584962597)
8d775679248669407d109f2a671bfcaff94686d4275b391f1cbd40b71fb34c646c9e1e8677e2d240a8c1d887c55d2515eef2f7d92aed17b1e0f1ba69baa19a54,,07/20/2025 11:00:00 PM,30,NO CONTROLS,NO CONTROLS,CLEAR,DAYLIGHT,REAR END,NOT DIVIDED,,STRAIGHT AND LEVEL,DRY,NO DEFECTS,NOT ON SCENE (DESK REPORT),NO INJURY / DRIVE AWAY,,,,"$501 - $1,500",07/23/2025 03:25:00 PM,FOLLOWING TOO CLOSELY,FOLLOWING TOO CLOSELY,5500,S,MENARD AVE,811,,,,,,,2,NO INDICATION OF INJURY,0,0,0,0,0,2,0,23,1,7,41.7925474654,-87.7673341009,POINT (-87.767334100859 41.792547465418)
4b258b6a1051f72010a9ae53b39f3a43bf9c16e5ebb0109a5865610ab770970f5f0ff735206d2125b4f9a845b66a19a1b9966021be885a07f39929ba257aabcf,,07/20/2025 10:51:00 PM,30,TRAFFIC SIGNAL,FUNCTIONING PROPERLY,CLEAR,"DARKNESS, LIGHTED ROAD",REAR END,DIVIDED - W/MEDIAN (NOT RAISED),,STRAIGHT AND LEVEL,DRY,NO DEFECTS,NOT ON SCENE (DESK REPORT),NO INJURY / DRIVE AWAY,,,,$500 OR LESS,07/20/2025 11:34:00 PM,UNABLE TO DETERMINE,NOT APPLICABLE,2201,S,WENTWORTH AVE,914,,,,,,,2,NO INDICATION OF INJURY,0,0,0,0,0,3,0,22,1,7,41.8528183939,-87.6318616658,POINT (-87.631861665792 41.852818393869)
6cfa0b1af62fe6068712a49f782194d9e5ee6254636a4147b51418b09b145b280df416d18c2e161ee3e0fea01ceb80be184cf90c0141582785e4eb77a36c78f2,,07/20/2025 10:50:00 PM,30,TRAFFIC SIGNAL,FUNCTIONING PROPERLY,CLEAR,"DARKNESS, LIGHTED ROAD",PARKED MOTOR VEHICLE,FOUR WAY,,STRAIGHT AND LEVEL,DRY,NO DEFECTS,ON SCENE,NO INJURY / DRIVE AWAY,Y,,,"OVER $1,500",07/20/2025 10:55:00 PM,IMPROPER TURNING/NO SIGNAL,NOT APPLICABLE,2353,W,DEVON AVE,2413,,,,,,,2,NO INDICATION OF INJURY,0,0,0,0,0,1,0,22,1,7,41.9976267608,-87.6895838032,POINT (-87.68958380319 41.997626760813)
9e18cb3f205bad2fcc6dc6a0abaecf9be02152705c9134cc57767052965597235d49fd74a4fb9417e2a7a5051bcdc49e0b16d8c57a68eaf2bedd7dea0e96534c,,07/20/2025 10:35:00 PM,30,TRAFFIC SIGNAL,FUNCTIONING PROPERLY,CLEAR,"DARKNESS, LIGHTED ROAD",TURNING,"FIVE POINT, OR MORE",,STRAIGHT AND LEVEL,DRY,UNKNOWN,NOT ON SCENE (DESK REPORT),NO INJURY / DRIVE AWAY,,,Y,"$501 - $1,500",07/21/2025 01:20:00 AM,FOLLOWING TOO CLOSELY,UNABLE TO DETERMINE,799,W,GRAND AVE,1214,,,,,,,2,NO INDICATION OF INJURY,0,0,0,0,0,2,0,22,1,7,41.8910758893,-87.6475272401,POINT (-87.647527240137 41.891075889311)
e685b9632213b298570617e346f7f3b8af1fede547c9e4b5519b637b3fbc4d16ddc711f637d63a4a9965007bbf82c15a1db5132e06902b5afcc6a1f750adb8cb,,07/20/2025 10:10:00 PM,35,STOP SIGN/FLASHER,FUNCTIONING PROPERLY,CLEAR,"DARKNESS, LIGHTED ROAD",TURNING,NOT DIVIDED,,STRAIGHT AND LEVEL,DRY,NO DEFECTS,NOT ON SCENE (DESK REPORT),NO INJURY / DRIVE AWAY,,,,"$501 - $1,500",07/20/2025 11:00:00 PM,FAILING TO YIELD RIGHT-OF-WAY,DRIVING SKILLS/KNOWLEDGE/EXPERIENCE,4135,W,LAWRENCE AVE,1722,,,,,,,2,NO INDICATION OF INJURY,0,0,0,0,0,4,0,22,1,7,41.9680870407,-87.7319513359,POINT (-87.731951335928 41.968087040656)
5eb5a5cb57b741ea51f2d316ed404de3a12fc355722a2fc3d7da9585ae698759bc24396b3b6c50fabd94a21e45368d668fe713246f7656320787eff16566a766,,07/20/2025 09:58:00 PM,40,NO CONTROLS,NO CONTROLS,CLEAR,"DARKNESS, LIGHTED ROAD",REAR END,DIVIDED - W/MEDIAN BARRIER,,STRAIGHT AND LEVEL,UNKNOWN,UNKNOWN,ON SCENE,NO INJURY / DRIVE AWAY,,,Y,"OVER $1,500",07/20/2025 10:02:00 PM,FAILING TO REDUCE SPEED TO AVOID CRASH,NOT APPLICABLE,1955,N,LAKE SHORE DR NB,1814,,,,,,,2,NO INDICATION OF INJURY,0,0,0,0,0,2,0,21,1,7,41.9181740126,-87.6286375764,POINT (-87.628637576353 41.918174012589)
fb7e3c814fc19ba7e5847b1623b542a88d2fa08e75be864acb6ebed7e4fa35046fb177250a3c53db878a36542c0201868cdc39b0d661c210d03018d9f203a1a5,,07/20/2025 09:52:00 PM,30,TRAFFIC SIGNAL,FUNCTIONING PROPERLY,CLEAR,"DARKNESS, LIGHTED ROAD",FIXED OBJECT,NOT DIVIDED,,STRAIGHT AND LEVEL,DRY,NO DEFECTS,,INJURY AND / OR TOW DUE TO CRASH,,,,"OVER $1,500",07/20/2025 09:52:00 PM,FAILING TO REDUCE SPEED TO AVOID CRASH,UNABLE TO DETERMINE,4435,W,GRAND AVE,2533,,,,,,,1,INCAPACITATING INJURY,3,0,1,2,0,0,0,21,1,7,41.9104262859,-87.7374949386,POINT (-87.73749493857 41.910426285911)
11969b8d61caec4776b651d6a7f52b5ff93e2f0be67748aa6f0a289590a46c7bb165585b32f256d16ac7ae9b621ec68479dac9464551625c61990eb4efde5a0e,,07/20/2025 09:47:00 PM,30,NO CONTROLS,NO CONTROLS,CLEAR,DARKNESS,TURNING,NOT DIVIDED,,STRAIGHT AND LEVEL,DRY,NO DEFECTS,ON SCENE,NO INJURY / DRIVE AWAY,,,Y,$500 OR LESS,07/20/2025 10:33:00 PM,IMPROPER TURNING/NO SIGNAL,UNABLE TO DETERMINE,3522,W,26TH ST,1024,,,,,,,2,NO INDICATION OF INJURY,0,0,0,0,0,2,0,21,1,7,41.8445118545,-87.7134178197,POINT (-87.713417819699 41.844511854491)
7a016e4f63913eac85b97eaab7ccaa278fe60f54f223d90b54e83c396d20ebc93b091b309745489fb7c5e4d800aea2da3616e187e7c10ae94baeccd4bcb731b1,,07/20/2025 09:47:00 PM,30,NO CONTROLS,NO CONTROLS,CLEAR,DUSK,REAR END,NOT DIVIDED,,STRAIGHT AND LEVEL,DRY,UNKNOWN,ON SCENE,INJURY AND / OR TOW DUE TO CRASH,,,Y,"OVER $1,500",07/20/2025 09:49:00 PM,UNABLE TO DETERMINE,NOT APPLICABLE,4898,W,NORTH AVE,2533,,,,,,,5,"REPORTED, NOT EVIDENT",1,0,0,0,1,7,0,21,1,7,41.90969567,-87.7491776073,POINT (-87.749177607269 41.909695669967)
bd55c4d85fcd3c347f2b096113193b67dc164fa3877cff86ab10ea795cbbf558e9d6a87d322c231dfbb9eade7760b171ac4b5b8b4b29c711b4cf629c7b05f625,,07/20/2025 09:45:00 PM,30,TRAFFIC SIGNAL,FUNCTIONING PROPERLY,CLEAR,DARKNESS,SIDESWIPE SAME DIRECTION,OTHER,,STRAIGHT AND LEVEL,DRY,NO DEFECTS,NOT ON SCENE (DESK REPORT),NO INJURY / DRIVE AWAY,,,Y,"OVER $1,500",07/21/2025 07:30:00 AM,UNABLE TO DETERMINE,NOT APPLICABLE,9300,S,JEFFERY AVE,413,,,,,,,2,NO INDICATION OF INJURY,0,0,0,0,0,2,0,21,1,7,41.7260228502,-87.5755902772,POINT (-87.575590277239 41.726022850207)
cb9d4967996292b623050d9750fece197ff3e8eafcaf6509d9af9cd02700acef8cf181b641b20f352e19caa465fe63f05a0f9ef58470eb8cac3129a7f1822bc1,,07/20/2025 09:43:00 PM,20,NO CONTROLS,NO CONTROLS,CLEAR,"DARKNESS, LIGHTED ROAD",REAR END,ONE-WAY,,STRAIGHT AND LEVEL,DRY,NO DEFECTS,NOT ON SCENE (DESK REPORT),NO INJURY / DRIVE AWAY,,,Y,"OVER $1,500",07/24/2025 09:40:00 AM,UNABLE TO DETERMINE,NOT APPLICABLE,4562,W,LAKE ST,1113,,,,,,,3,NO INDICATION OF INJURY,0,0,0,0,0,3,0,21,1,7,41.8863985897,-87.7401623594,POINT (-87.740162359412 41.886398589703)
20403d918d6941c4968d0ef94248eded859e45abc7bb073c080b9b92dbc75c728c9dbc3f70ac366ed642ae81c401f5dc8402fd211fe683894aa6a152cd024f52,,07/20/2025 09:42:00 PM,30,NO CONTROLS,UNKNOWN,CLEAR,DARKNESS,PARKED MOTOR VEHICLE,UNKNOWN,,STRAIGHT AND LEVEL,UNKNOWN,UNKNOWN,NOT ON SCENE (DESK REPORT),NO INJURY / DRIVE AWAY,,,Y,"OVER $1,500",07/20/2025 10:27:00 PM,UNABLE TO DETERMINE,NOT APPLICABLE,8300,S,PEORIA ST,613,,,,,,,2,NO INDICATION OF INJURY,0,0,0,0,0,1,0,21,1,7,41.7432315531,-87.6464599591,POINT (-87.646459959137 41.743231553142)