CRASH_RECORD_ID,CRASH_DATE_EST_I,CRASH_DATE,POSTED_SPEED_LIMIT,TRAFFIC_CONTROL_DEVICE,DEVICE_CONDITION,WEATHER_CONDITION,LIGHTING_CONDITION,FIRST_CRASH_TYPE,TRAFFICWAY_TYPE,LANE_CNT,ALIGNMENT,ROADWAY_SURFACE_COND,ROAD_DEFECT,REPORT_TYPE,CRASH_TYPE,INTERSECTION_RELATED_I,NOT_RIGHT_OF_WAY_I,HIT_AND_RUN_I,DAMAGE,DATE_POLICE_NOTIFIED,PRIM_CONTRIBUTORY_CAUSE,SEC_CONTRIBUTORY_CAUSE,STREET_NO,STREET_DIRECTION,STREET_NAME,BEAT_OF_OCCURRENCE,PHOTOS_TAKEN_I,STATEMENTS_TAKEN_I,DOORING_I,WORK_ZONE_I,WORK_ZONE_TYPE,WORKERS_PRESENT_I,NUM_UNITS,MOST_SEVERE_INJURY,INJURIES_TOTAL,INJURIES_FATAL,INJURIES_INCAPACITATING,INJURIES_NON_INCAPACITATING,INJURIES_REPORTED_NOT_EVIDENT,INJURIES_NO_INDICATION,INJURIES_UNKNOWN,CRASH_HOUR,CRASH_DAY_OF_WEEK,CRASH_MONTH,LATITUDE,LONGITUDE,LOCATION
4cfaf3ae425616906f477e2e7e6786c2dedd1ae2efe1669778850211312e198ac0dd4c8cd89a85df8e2a4e84d118b8aeb88b6d5c3cb1a9485796b4d26ad289e9,Y,07/20/2025 09:40:00 PM,30,UNKNOWN,UNKNOWN,OTHER,UNKNOWN,SIDESWIPE SAME DIRECTION,OTHER,,STRAIGHT AND LEVEL,OTHER,UNKNOWN,NOT ON SCENE (DESK REPORT),NO INJURY / DRIVE AWAY,,,,"OVER $1,500",07/20/2025 10:10:00 PM,UNABLE TO DETERMINE,UNABLE TO DETERMINE,149,W,GARFIELD BLVD,225,,,,,,,2,NO INDICATION OF INJURY,0,0,0,0,0,3,0,21,1,7,41.7941060202,-87.6297492344,POINT (-87.62974923442 41.794106020193)
74a1302d1ff9007f8b3e60ac85b92629db9e5744dcda7796dd6f99ad5e1f7f09aaff39c8e5808e402c185bc135a7bb61c31b8b8a16fc96ad9351af9bd6ca85d1,,07/20/2025 09:40:00 PM,30,TRAFFIC SIGNAL,FUNCTIONING PROPERLY,CLEAR,"DARKNESS, LIGHTED ROAD",TURNING,DIVIDED - W/MEDIAN (NOT RAISED),,STRAIGHT AND LEVEL,DRY,NO DEFECTS,NOT ON SCENE (DESK REPORT),NO INJURY / DRIVE AWAY,,,Y,"OVER $1,500",07/20/2025 10:30:00 PM,IMPROPER TURNING/NO SIGNAL,NOT APPLICABLE,7900,S,WESTERN AVE,835,,,,,,,2,NO INDICATION OF INJURY,0,0,0,0,0,2,0,21,1,7,41.7500549336,-87.6829922029,POINT (-87.682992202902 41.75005493365)
c3cc2c40de70f3e6235f9555453dd0eac20a410a451de31e6e56fb94c4c3b61dd4637c75fda63e6b21a4258ef5b66dd12179b39d402a39aead1a39057f6fa1bd,,07/20/2025 09:40:00 PM,30,NO CONTROLS,NO CONTROLS,CLEAR,"DARKNESS, LIGHTED ROAD",PARKED MOTOR VEHICLE,ONE-WAY,,STRAIGHT ON GRADE,DRY,NO DEFECTS,ON SCENE,NO INJURY / DRIVE AWAY,,,Y,"$501 - $1,500",07/20/2025 09:43:00 PM,UNABLE TO DETERMINE,NOT APPLICABLE,2940,S,WENTWORTH AVE,914,,,,,,,2,NO INDICATION OF INJURY,0,0,0,0,0,1,0,21,1,7,41.8398784444,-87.6318659555,POINT (-87.631865955451 41.839878444433)
e1f358d74e033eed32e4906b1bbe912b582292593217d586812d87dc7c50739ed400a15300b2845c23bd552c1382bb0a50d96038b0802c9ad2d1a09d916fc0e3,,07/20/2025 09:40:00 PM,30,UNKNOWN,UNKNOWN,UNKNOWN,UNKNOWN,PEDALCYCLIST,FOUR WAY,,STRAIGHT AND LEVEL,UNKNOWN,UNKNOWN,NOT ON SCENE (DESK REPORT),INJURY AND / OR TOW DUE TO CRASH,Y,,,"OVER $1,500",07/21/2025 10:10:00 PM,NOT APPLICABLE,NOT APPLICABLE,2300,N,HALSTED ST,1812,,,,,,,2,"REPORTED, NOT EVIDENT",1,0,0,0,1,1,0,21,1,7,41.9237185431,-87.6488467473,POINT (-87.648846747322 41.923718543145)
7ad330c3f3f13b9ed3c86c1e39e10ed08bc579897e8a6abb2fe1034f81e7153090690a6d12d5a7f568ce02d6276dff6203fc789c864166296d355468ceb4d736,,07/20/2025 09:30:00 PM,30,NO CONTROLS,NO CONTROLS,UNKNOWN,"DARKNESS, LIGHTED ROAD",REAR END,ONE-WAY,,STRAIGHT AND LEVEL,UNKNOWN,UNKNOWN,NOT ON SCENE (DESK REPORT),NO INJURY / DRIVE AWAY,,,Y,"$501 - $1,500",07/21/2025 08:00:00 AM,UNABLE TO DETERMINE,NOT APPLICABLE,5529,W,PARKER AVE,2514,,,,,,,2,NO INDICATION OF INJURY,0,0,0,0,0,2,0,21,1,7,41.9302733507,-87.7649447758,POINT (-87.764944775811 41.930273350672)
cc43ae146439351d0ee04869c5cec4344e321268c2f9488d8a881c44adeb0274b53dc8022be4eff98d644cd0a81a31695c26c469202dd50db1db541b40129dd0,,07/20/2025 09:30:00 PM,30,NO CONTROLS,NO CONTROLS,CLEAR,"DARKNESS, LIGHTED ROAD",SIDESWIPE OPPOSITE DIRECTION,NOT DIVIDED,,STRAIGHT AND LEVEL,DRY,UNKNOWN,NOT ON SCENE (DESK REPORT),NO INJURY / DRIVE AWAY,,,,$500 OR LESS,07/21/2025 10:30:00 AM,UNABLE TO DETERMINE,UNABLE TO DETERMINE,1298,N,LAVERGNE AVE,2533,,,,,,,2,NO INDICATION OF INJURY,0,0,0,0,0,2,0,21,1,7,41.9040697792,-87.7510600065,POINT (-87.751060006486 41.904069779167)
d55bedaa9efeb164dc67102dc9b868a557c67123e364f8382df24bbf632b7aaf4da6090f86c3f333deca06e4442e0b0e775d9a516ae57e3c2548c0257932d173,,07/20/2025 09:23:00 PM,30,NO CONTROLS,NO CONTROLS,CLEAR,"DARKNESS, LIGHTED ROAD",ANGLE,ONE-WAY,,STRAIGHT AND LEVEL,DRY,NO DEFECTS,ON SCENE,INJURY AND / OR TOW DUE TO CRASH,,,,"$501 - $1,500",07/20/2025 09:36:00 PM,FAILING TO YIELD RIGHT-OF-WAY,FAILING TO YIELD RIGHT-OF-WAY,4410,W,CONGRESS PKWY,1131,,,,,,,2,NONINCAPACITATING INJURY,1,0,0,1,0,1,0,21,1,7,41.8743364206,-87.7357484559,POINT (-87.735748455901 41.874336420574)
c8f8b26b9fccba81e4dfe2ace1810d99d73a39bccb281739ce4419422c51c11eaf95ca3278f327907533ace401a800049258cbaf99d7fe05f5b8d97d5926c8bb,,07/20/2025 09:20:00 PM,30,TRAFFIC SIGNAL,FUNCTIONING PROPERLY,CLEAR,"DARKNESS, LIGHTED ROAD",SIDESWIPE SAME DIRECTION,DIVIDED - W/MEDIAN (NOT RAISED),,STRAIGHT AND LEVEL,DRY,UNKNOWN,ON SCENE,INJURY AND / OR TOW DUE TO CRASH,,,N,"OVER $1,500",07/20/2025 09:50:00 PM,IMPROPER OVERTAKING/PASSING,IMPROPER LANE USAGE,2200,S,MICHIGAN AVE,131,N,N,,,,,2,NONINCAPACITATING INJURY,1,0,0,1,0,3,0,21,1,7,41.8527737152,-87.623952413,POINT (-87.62395241303 41.852773715173)
409458e3f7d5f9b09b79b7affb7d2f9d45048ac75d8e33b1a7a2bd5bbd1190c539a56faed6a5e258fa8295485f7e17b26bbba60e87d4988c5316bbe070c542ad,,07/20/2025 09:19:00 PM,25,NO CONTROLS,NO CONTROLS,CLEAR,DARKNESS,HEAD ON,ONE-WAY,,STRAIGHT AND LEVEL,DRY,UNKNOWN,ON SCENE,INJURY AND / OR TOW DUE TO CRASH,,,Y,"OVER $1,500",07/20/2025 09:19:00 PM,UNABLE TO DETERMINE,NOT APPLICABLE,4030,S,LAKE PARK AVE,214,,,,,,,2,NO INDICATION OF INJURY,0,0,0,0,0,2,0,21,1,7,41.8216344114,-87.6019436639,POINT (-87.601943663851 41.821634411434)
0057caca5b2c343a4039216b3f849432b2db564157ded6f120dbcb923e1879715320a5e8c6084e03b678c8ecc7f1edb9e8e9899ece659bcd6a71d6343532fc80,,07/20/2025 09:15:00 PM,30,UNKNOWN,UNKNOWN,CLEAR,DARKNESS,SIDESWIPE SAME DIRECTION,ONE-WAY,,STRAIGHT AND LEVEL,DRY,UNKNOWN,NOT ON SCENE (DESK REPORT),NO INJURY / DRIVE AWAY,,,,"OVER $1,500",07/22/2025 09:00:00 AM,IMPROPER LANE USAGE,IMPROPER LANE USAGE,5502,S,WENTWORTH AVE,225,,,,,,,2,NO INDICATION OF INJURY,0,0,0,0,0,2,0,21,1,7,,,
2c6f256d5f05a8024ae87fd68ae5beebffbb649a3b65c3dc3eb335d30201c53864062f869046c4e051f486e2e76fb72435273816464fdc1e92c44f069f9de1bf,,07/20/2025 09:15:00 PM,15,NO CONTROLS,NO CONTROLS,CLEAR,"DARKNESS, LIGHTED ROAD",FIXED OBJECT,PARKING LOT,,STRAIGHT AND LEVEL,DRY,NO DEFECTS,NOT ON SCENE (DESK REPORT),NO INJURY / DRIVE AWAY,,Y,,"OVER $1,500",07/21/2025 03:55:00 PM,UNABLE TO DETERMINE,NOT APPLICABLE,4200,N,OAK PARK AVE,1632,,,,,,,1,NO INDICATION OF INJURY,0,0,0,0,0,1,0,21,1,7,41.9564398695,-87.7975709464,POINT (-87.797570946409 41.956439869471)
a540173c788647a20555388355f84444c64c1f605999eb559f20bd386cd49b0b195a180d8fd50819ca444e7c568c0f138358bead7fbe19bfcb61a6d545b1953f,,07/20/2025 09:15:00 PM,25,TRAFFIC SIGNAL,FUNCTIONING PROPERLY,UNKNOWN,"DARKNESS, LIGHTED ROAD",SIDESWIPE SAME DIRECTION,DIVIDED - W/MEDIAN (NOT RAISED),,STRAIGHT AND LEVEL,DRY,NO DEFECTS,NOT ON SCENE (DESK REPORT),NO INJURY / DRIVE AWAY,,,,"OVER $1,500",07/21/2025 01:06:00 PM,IMPROPER LANE USAGE,NOT APPLICABLE,1961,N,MILWAUKEE AVE,1434,,,,,,,2,NO INDICATION OF INJURY,0,0,0,0,0,2,0,21,1,7,41.9171934512,-87.6877762806,POINT (-87.687776280637 41.917193451221)
40fa5eea7c54cf8c4c0f67e0cb2e2e8c2ca50858236fe42cca6a0915bf5d3acc56915ffa4426aa78169d5728e539e3046a7b5fe90296721268da3821478d41ae,,07/20/2025 09:10:00 PM,30,TRAFFIC SIGNAL,FUNCTIONING PROPERLY,CLEAR,"DARKNESS, LIGHTED ROAD",TURNING,FOUR WAY,,STRAIGHT AND LEVEL,DRY,NO DEFECTS,ON SCENE,NO INJURY / DRIVE AWAY,Y,,Y,"OVER $1,500",07/20/2025 09:11:00 PM,UNABLE TO DETERMINE,UNABLE TO DETERMINE,803,N,AUSTIN BLVD,1511,Y,,,,,,2,NO INDICATION OF INJURY,0,0,0,0,0,2,0,21,1,7,41.8948279287,-87.7749862678,POINT (-87.774986267838 41.894827928658)
ba7ca73d63946d826c49f1b51fde2e49d6719b5da54c0a5904f63c263fd0288d00587dcce6c4b14c154e7a57ccbc836699c259d5433c92caa6ac22dfa308b25e,,07/20/2025 09:00:00 PM,30,TRAFFIC SIGNAL,FUNCTIONING PROPERLY,CLEAR,"DARKNESS, LIGHTED ROAD",SIDESWIPE SAME DIRECTION,NOT DIVIDED,,STRAIGHT AND LEVEL,DRY,NO DEFECTS,ON SCENE,NO INJURY / DRIVE AWAY,Y,,,"OVER $1,500",07/20/2025 09:05:00 PM,FAILING TO REDUCE SPEED TO AVOID CRASH,UNABLE TO DETERMINE,6211,N,NAGLE AVE,1611,,N,,,,,2,NO INDICATION OF INJURY,0,0,0,0,0,3,0,21,1,7,41.9939129533,-87.7873817958,POINT (-87.787381795769 41.993912953258)
d193289a2d038b7c9d1c4e3524ee020ed396667ad23cca64f8af289902398691a95154ae2522b834e112204bcf28b7cf49eff76a69e351ed518c6ee1cf18bd88,Y,07/20/2025 09:00:00 PM,15,NO CONTROLS,NO CONTROLS,CLEAR,"DARKNESS, LIGHTED ROAD",PARKED MOTOR VEHICLE,PARKING LOT,,STRAIGHT AND LEVEL,DRY,NO DEFECTS,NOT ON SCENE (DESK REPORT),NO INJURY / DRIVE AWAY,,Y,Y,"OVER $1,500",07/21/2025 05:20:00 PM,UNABLE TO DETERMINE,UNABLE TO DETERMINE,10255,W,ZEMKE RD,1654,,,,,,,2,NO INDICATION OF INJURY,0,0,0,0,0,1,0,21,1,7,41.9947933861,-87.8827076595,POINT (-87.882707659516 41.994793386112)
ccfcc02ae19df19152128091c633f727c43c697c562e52ec2c6412510b8d9ee716b4903d7d43e3fa1023fc068fcc5c294cbebee2c5d84b9c8f5621e6bab742a5,,07/20/2025 08:50:00 PM,20,NO CONTROLS,NO CONTROLS,CLEAR,"DARKNESS, LIGHTED ROAD",SIDESWIPE SAME DIRECTION,DIVIDED - W/MEDIAN BARRIER,,STRAIGHT AND LEVEL,DRY,UNKNOWN,ON SCENE,NO INJURY / DRIVE AWAY,,,Y,"OVER $1,500",07/20/2025 08:50:00 PM,IMPROPER LANE USAGE,NOT APPLICABLE,900,E,SOLIDARITY DR,132,,,,,,,2,NO INDICATION OF INJURY,0,0,0,0,0,2,0,20,1,7,41.8666007983,-87.6083293384,POINT (-87.608329338442 41.866600798255)
d14d33bab7f48ee594b6e0da23c07f3af2075f29e9c92ce2d462e981b70f6114097291b25fb2ac3f626ab261592e82bd43aaa7e328692019488b3e0a44608fd1,,07/20/2025 08:44:00 PM,30,NO CONTROLS,NO CONTROLS,CLEAR,"DARKNESS, LIGHTED ROAD",PARKED MOTOR VEHICLE,NOT DIVIDED,,STRAIGHT AND LEVEL,DRY,NO DEFECTS,ON SCENE,NO INJURY / DRIVE AWAY,,,,"OVER $1,500",07/20/2025 08:44:00 PM,FOLLOWING TOO CLOSELY,FAILING TO REDUCE SPEED TO AVOID CRASH,6338,N,RIDGE AVE,2413,,Y,,,,,2,NO INDICATION OF INJURY,0,0,0,0,0,2,0,20,1,7,41.9966295373,-87.6763715317,POINT (-87.67637153169 41.996629537337)
d00dc45f8cb017b96192e68d98ede8dc9cb1224db64690dc0efb5da6b3b919f13a6c15b14b97bc357c78f9f300b8a2ebcd5818ab4a7fad9c82e2b4e875446422,,07/20/2025 08:10:00 PM,30,TRAFFIC SIGNAL,FUNCTIONING PROPERLY,CLEAR,DAWN,TURNING,FOUR WAY,,STRAIGHT AND LEVEL,DRY,UNKNOWN,NOT ON SCENE (DESK REPORT),NO INJURY / DRIVE AWAY,,,Y,"$501 - $1,500",07/20/2025 09:00:00 PM,FOLLOWING TOO CLOSELY,IMPROPER OVERTAKING/PASSING,98,S,MICHIGAN AVE,112,,,,,,,2,NO INDICATION OF INJURY,0,0,0,0,0,6,0,20,1,7,41.8808901186,-87.624483266,POINT (-87.624483266019 41.88089011864)
76f848d830a9d51c628481c0bed6b3cb21c822abd9f7a65c8cce6f71efd49ec4c013332c09a50bf16aa365bec7c694cde766c9e11a87e2465fef286d023be7bc,,07/20/2025 07:54:00 PM,30,TRAFFIC SIGNAL,FUNCTIONING PROPERLY,CLEAR,DAYLIGHT,SIDESWIPE SAME DIRECTION,ONE-WAY,,STRAIGHT AND LEVEL,DRY,NO DEFECTS,NOT ON SCENE (DESK REPORT),NO INJURY / DRIVE AWAY,,,Y,"OVER $1,500",07/20/2025 09:15:00 PM,IMPROPER TURNING/NO SIGNAL,FAILING TO YIELD RIGHT-OF-WAY,2,E,ADAMS ST,112,,,,,,,2,NO INDICATION OF INJURY,0,0,0,0,0,2,0,19,1,7,41.8796017719,-87.6276434774,POINT (-87.62764347737 41.879601771907)
5719fac0b9fd01ddf10b80e14ed3b21ba242ddae4ffcb27342de77c3c9864c252eb5dba6ae9ac8f02c91bca5512a85e15c139ce7757dc1cc4327f42d240d795a,,07/20/2025 07:50:00 PM,30,TRAFFIC SIGNAL,FUNCTIONING PROPERLY,CLEAR,DAYLIGHT,SIDESWIPE SAME DIRECTION,DIVIDED - W/MEDIAN (NOT RAISED),,STRAIGHT AND LEVEL,DRY,UNKNOWN,ON SCENE,NO INJURY / DRIVE AWAY,,,Y,"OVER $1,500",07/20/2025 08:00:00 PM,FOLLOWING TOO CLOSELY,NOT APPLICABLE,4791,N,AUSTIN AVE,1622,,,,,,,2,NO INDICATION OF INJURY,0,0,0,0,0,2,0,19,1,7,41.9676074085,-87.7771194551,POINT (-87.777119455071 41.967607408511)
78c7a125a819b2566e60617ce6423595111d5ec2d5a3c83dd071058f7b6fafeb34b70a2b7e1698f0219a710934a317b4fedcc1a9abbd803759fbff9cf7f56bb7,,07/20/2025 07:50:00 PM,30,NO CONTROLS,NO CONTROLS,CLEAR,DAYLIGHT,SIDESWIPE SAME DIRECTION,ONE-WAY,,STRAIGHT AND LEVEL,DRY,NO DEFECTS,NOT ON SCENE (DESK REPORT),NO INJURY / DRIVE AWAY,,,,$500 OR LESS,07/20/2025 08:20:00 PM,IMPROPER LANE USAGE,NOT APPLICABLE,600,S,DEARBORN ST,123,,,,,,,2,NO INDICATION OF INJURY,0,0,0,0,0,2,0,19,1,7,41.8744811657,-87.6293565399,POINT (-87.629356539905 41.874481165681)
afdd5ccb3fcb1c6db3ab101562139dda0c18c254b1bb84de845a0f2fb1ebb9756fe808c721b9ae3181d8c64389ffb5d6e4b991f789d8336972fbee73e9946c9c,,07/20/2025 07:30:00 PM,30,TRAFFIC SIGNAL,FUNCTIONING PROPERLY,CLEAR,DAYLIGHT,PEDESTRIAN,FOUR WAY,,STRAIGHT AND LEVEL,DRY,NO DEFECTS,ON SCENE,INJURY AND / OR TOW DUE TO CRASH,Y,,,$500 OR LESS,07/20/2025 07:32:00 PM,FAILING TO YIELD RIGHT-OF-WAY,UNABLE TO DETERMINE,4800,W,JACKSON BLVD,1533,,Y,,,,,4,NONINCAPACITATING INJURY,3,0,0,3,0,1,0,19,1,7,41.8769146784,-87.7451932719,POINT (-87.745193271853 41.876914678407)
68340f4b6654af2feb573edbe1ca2cd4330312c0dbce1bb1dd85af975bbff91667855aa4504ae645c38009f76a4bb05f538ae2e694f723e70a0c8792b2efceeb,,07/20/2025 07:25:00 PM,30,TRAFFIC SIGNAL,FUNCTIONING PROPERLY,CLEAR,DAYLIGHT,PEDESTRIAN,NOT DIVIDED,,STRAIGHT AND LEVEL,DRY,NO DEFECTS,ON SCENE,INJURY AND / OR TOW DUE TO CRASH,,,Y,"OVER $1,500",07/20/2025 07:30:00 PM,"OPERATING VEHICLE IN ERRATIC, RECKLESS, CARELESS, NEGLIGENT OR AGGRESSIVE MANNER","OPERATING VEHICLE IN ERRATIC, RECKLESS, CARELESS, NEGLIGENT OR AGGRESSIVE MANNER",8700,S,STATE ST,632,,,,,,,2,INCAPACITATING INJURY,1,0,1,0,0,1,0,19,1,7,41.7362094694,-87.6243055191,POINT (-87.624305519124 41.736209469449)
e25d0051314204d2bf0adc8ea6c9aaaf172e7724a3e6a1f6cc73bfb33d8800b627763a4ddfc0011577ad19c78e3b3a8f870b23daacb0452210cce37f431b6ee7,,07/20/2025 07:18:00 PM,30,NO CONTROLS,NO CONTROLS,CLEAR,DAYLIGHT,SIDESWIPE SAME DIRECTION,NOT DIVIDED,,STRAIGHT AND LEVEL,DRY,NO DEFECTS,NOT ON SCENE (DESK REPORT),INJURY AND / OR TOW DUE TO CRASH,,,,"OVER $1,500",07/20/2025 08:10:00 PM,UNABLE TO DETERMINE,NOT APPLICABLE,1400,S,ASHLAND AVE,1233,,,,,,,2,"REPORTED, NOT EVIDENT",1,0,0,0,1,1,0,19,1,7,41.8632202264,-87.6664415695,POINT (-87.666441569504 41.863220226428)
4cb325cded5d72ff2ac7a69a211fdbd5acb95e44436ad19b8b9849e4b6218b89a17aa3643cadf87df6a9b1c9698fcefdbf53d6e40684374301d9fef93d988438,,07/20/2025 07:15:00 PM,30,STOP SIGN/FLASHER,FUNCTIONING PROPERLY,CLEAR,DAWN,ANGLE,FOUR WAY,,STRAIGHT AND LEVEL,DRY,UNKNOWN,NOT ON SCENE (DESK REPORT),INJURY AND / OR TOW DUE TO CRASH,,,,"OVER $1,500",07/20/2025 10:00:00 PM,FAILING TO YIELD RIGHT-OF-WAY,NOT APPLICABLE,801,W,HUBBARD ST,1214,,,,,,,2,NO INDICATION OF INJURY,0,0,0,0,0,2,0,19,1,7,41.8899753705,-87.6476647371,POINT (-87.647664737105 41.889975370484)
10c3530be8b989eebb72ad52209e1a148558d510e4b96e2bd930183036fbd1ea0dedcc2a8f656bf6ed66b024ffbff626c4fa8289f7c053d05c54e30924556913,,07/20/2025 07:08:00 PM,35,TRAFFIC SIGNAL,UNKNOWN,CLEAR,DUSK,TURNING,FOUR WAY,,STRAIGHT AND LEVEL,DRY,UNKNOWN,NOT ON SCENE (DESK REPORT),NO INJURY / DRIVE AWAY,Y,,,"$501 - $1,500",07/20/2025 07:08:00 PM,UNABLE TO DETERMINE,UNABLE TO DETERMINE,1540,W,DEVON AVE,2432,,,,,,,2,NO INDICATION OF INJURY,0,0,0,0,0,2,0,19,1,7,41.9981991973,-87.6694985423,POINT (-87.669498542334 41.998199197313)
39f5d33a49d1cd9333b1b55c4f3251048b8deb8a327068f9b61397ee8d637cb0a7e901d960cc779a51dccbd0c1e85770ead4e6260c2cd2b574726625eb00880e,,07/20/2025 07:00:00 PM,30,NO CONTROLS,NO CONTROLS,CLEAR,DAYLIGHT,TURNING,DIVIDED - W/MEDIAN (NOT RAISED),,STRAIGHT AND LEVEL,UNKNOWN,UNKNOWN,NOT ON SCENE (DESK REPORT),NO INJURY / DRIVE AWAY,,,Y,"OVER $1,500",07/21/2025 04:25:00 PM,UNABLE TO DETERMINE,UNABLE TO DETERMINE,326,N,WESTERN AVE,1222,,,,,,,2,NO INDICATION OF INJURY,0,0,0,0,0,2,0,19,1,7,41.8874820821,-87.6867379984,POINT (-87.686737998431 41.887482082108)
922ab8587d0cab36ba697789be3dac4a151227ea73150daa9ef92d2f625b747063181be5ba1cb0e8ad5560175ed08b92f952729dbb3414834ead1c22f595b943,,07/20/2025 07:00:00 PM,30,STOP SIGN/FLASHER,FUNCTIONING PROPERLY,CLEAR,DUSK,REAR END,NOT DIVIDED,,STRAIGHT AND LEVEL,DRY,UNKNOWN,NOT ON SCENE (DESK REPORT),NO INJURY / DRIVE AWAY,,,,"OVER $1,500",07/20/2025 08:00:00 PM,FOLLOWING TOO CLOSELY,NOT APPLICABLE,5983,W,ADDISON ST,1633,,,,,,,2,NO INDICATION OF INJURY,0,0,0,0,0,4,0,19,1,7,41.94566327,-87.7763787139,POINT (-87.776378713889 41.945663270031)
c53bbccece23a322982b15dc230ae1f36b7704006845129c55db9e422c3184cbd7781149882ace04193eb755c0aa459966ec089e3b7d785c0d1c52e770e0350e,,07/20/2025 07:00:00 PM,30,NO CONTROLS,NO CONTROLS,CLEAR,DAYLIGHT,REAR TO FRONT,ONE-WAY,,STRAIGHT AND LEVEL,DRY,NO DEFECTS,NOT ON SCENE (DESK REPORT),NO INJURY / DRIVE AWAY,,,,"$501 - $1,500",07/20/2025 07:35:00 PM,IMPROPER BACKING,UNABLE TO DETERMINE,4840,W,ROSCOE ST,1634,,,,,,,2,NO INDICATION OF INJURY,0,0,0,0,0,2,0,19,1,7,41.9425659216,-87.7484864519,POINT (-87.748486451938 41.942565921554)
d2dc9b68b2c1e301dcf02c7b4006ab9cb5bd893dccb82c67695166960ea5823d78d325f3715b3302f9e4af1b1c07739e706de85ec51ef74d1725172cdc056ee3,,07/20/2025 07:00:00 PM,30,NO CONTROLS,NO CONTROLS,CLEAR,DAYLIGHT,PARKED MOTOR VEHICLE,ONE-WAY,,STRAIGHT AND LEVEL,DRY,UNKNOWN,ON SCENE,NO INJURY / DRIVE AWAY,,,Y,"OVER $1,500",07/20/2025 07:12:00 PM,NOT APPLICABLE,NOT APPLICABLE,1427,W,BYRON ST,1922,,,,,,,2,NO INDICATION OF INJURY,0,0,0,0,0,1,0,19,1,7,41.9524082023,-87.6653074497,POINT (-87.665307449708 41.952408202341)
e844667885316ec725e51d2f49a3e3c8cf60d208e1be01c46b2f713a105171ed41101612971c87c048e2febf96dc923902848700b8f7ff18430e2994f2bce3f6,Y,07/20/2025 07:00:00 PM,20,TRAFFIC SIGNAL,NO CONTROLS,CLEAR,DAYLIGHT,PARKED MOTOR VEHICLE,NOT DIVIDED,,STRAIGHT AND LEVEL,DRY,NO DEFECTS,ON SCENE,NO INJURY / DRIVE AWAY,,,Y,$500 OR LESS,07/20/2025 07:29:00 PM,UNABLE TO DETERMINE,UNABLE TO DETERMINE,1054,W,WINONA ST,2024,,,,,,,2,NO INDICATION OF INJURY,0,0,0,0,0,1,0,19,1,7,41.9753591394,-87.6571685551,POINT (-87.657168555131 41.975359139421)
c930a6fa3d5a48dc0a6d496418b4768171ee69de0a154304add8bbb4c44c062b5668cfc9ad13189f51cec9741255648433ed628ea7604404ff711770b95781b4,,07/20/2025 06:53:00 PM,30,UNKNOWN,UNKNOWN,CLEAR,DAYLIGHT,PARKED MOTOR VEHICLE,ONE-WAY,,STRAIGHT AND LEVEL,UNKNOWN,UNKNOWN,NOT ON SCENE (DESK REPORT),NO INJURY / DRIVE AWAY,,,Y,"$501 - $1,500",07/20/2025 08:00:00 PM,UNABLE TO DETERMINE,UNABLE TO DETERMINE,60,E,OHIO ST,1834,,,,,,,2,NO INDICATION OF INJURY,0,0,0,0,0,1,0,18,1,7,41.8926253056,-87.6257263004,POINT (-87.62572630042 41.89262530563)
0b8eaeb600bbe9ae0426d5f5cefb1927202bedf5a85c31bfbbd1511cfa464381e56eb16f3692e3529611f1eac919c249b38ad5dc2f3d306e5c501f139cf3036c,,07/20/2025 06:50:00 PM,25,NO CONTROLS,NO CONTROLS,CLEAR,DAYLIGHT,PARKED MOTOR VEHICLE,NOT DIVIDED,,STRAIGHT AND LEVEL,DRY,NO DEFECTS,NOT ON SCENE (DESK REPORT),NO INJURY / DRIVE AWAY,,,,"OVER $1,500",07/20/2025 08:03:00 PM,NOT APPLICABLE,NOT APPLICABLE,1325,W,WRIGHTWOOD AVE,1932,,,,,,,2,NO INDICATION OF INJURY,0,0,0,0,0,1,0,18,1,7,41.9287607436,-87.6620850641,POINT (-87.662085064071 41.928760743586)
5352d848fe151e9bd083b4406222850c6117c086f44974162b7deb1af8421bc7f721607cf2d440fafef8d95ff65af043e122b8028a08a199148011bee6beaee1,,07/20/2025 06:43:00 PM,30,TRAFFIC SIGNAL,FUNCTIONING PROPERLY,CLEAR,DAYLIGHT,REAR END,ONE-WAY,,STRAIGHT AND LEVEL,DRY,NO DEFECTS,ON SCENE,NO INJURY / DRIVE AWAY,,,,"OVER $1,500",07/20/2025 06:44:00 PM,EQUIPMENT - VEHICLE CONDITION,EQUIPMENT - VEHICLE CONDITION,3701,W,CONGRESS PKWY,1133,,,,,,,2,NO INDICATION OF INJURY,0,0,0,0,0,2,0,18,1,7,41.8743753277,-87.7181316676,POINT (-87.718131667551 41.874375327728)
35045339b96c347f6e37a8af79996d998718107152c23df8e9f1ff3ac36fbe9593837b0bb3d5d56ea590c9da0f017c3e15d2594b158c9b204277d24b392ea0c4,,07/20/2025 06:37:00 PM,15,NO CONTROLS,NO CONTROLS,CLEAR,DAYLIGHT,PARKED MOTOR VEHICLE,ONE-WAY,,STRAIGHT AND LEVEL,DRY,NO DEFECTS,ON SCENE,NO INJURY / DRIVE AWAY,,,Y,"OVER $1,500",07/20/2025 06:39:00 PM,UNABLE TO DETERMINE,UNABLE TO DETERMINE,5120,W,WOLFRAM ST,2521,,,,,,,3,NO INDICATION OF INJURY,0,0,0,0,0,1,0,18,1,7,41.9324474499,-87.7548858125,POINT (-87.754885812518 41.932447449918)