CRASH_RECORD_ID,CRASH_DATE_EST_I,CRASH_DATE,POSTED_SPEED_LIMIT,TRAFFIC_CONTROL_DEVICE,DEVICE_CONDITION,WEATHER_CONDITION,LIGHTING_CONDITION,FIRST_CRASH_TYPE,TRAFFICWAY_TYPE,LANE_CNT,ALIGNMENT,ROADWAY_SURFACE_COND,ROAD_DEFECT,REPORT_TYPE,CRASH_TYPE,INTERSECTION_RELATED_I,NOT_RIGHT_OF_WAY_I,HIT_AND_RUN_I,DAMAGE,DATE_POLICE_NOTIFIED,PRIM_CONTRIBUTORY_CAUSE,SEC_CONTRIBUTORY_CAUSE,STREET_NO,STREET_DIRECTION,STREET_NAME,BEAT_OF_OCCURRENCE,PHOTOS_TAKEN_I,STATEMENTS_TAKEN_I,DOORING_I,WORK_ZONE_I,WORK_ZONE_TYPE,WORKERS_PRESENT_I,NUM_UNITS,MOST_SEVERE_INJURY,INJURIES_TOTAL,INJURIES_FATAL,INJURIES_INCAPACITATING,INJURIES_NON_INCAPACITATING,INJURIES_REPORTED_NOT_EVIDENT,INJURIES_NO_INDICATION,INJURIES_UNKNOWN,CRASH_HOUR,CRASH_DAY_OF_WEEK,CRASH_MONTH,LATITUDE,LONGITUDE,LOCATION
23e9f846e4f2620e503f1084839582466b8768885aaf7ec7dae5107129e9da1c9dfb4755670c1e0f74b5160b0b93d55f1bb1721dd13d3c34249d07f7e0c16195,,07/20/2025 06:35:00 PM,30,PEDESTRIAN CROSSING SIGN,FUNCTIONING PROPERLY,CLEAR,DAYLIGHT,PEDESTRIAN,NOT DIVIDED,,STRAIGHT AND LEVEL,DRY,NO DEFECTS,ON SCENE,INJURY AND / OR TOW DUE TO CRASH,Y,,,"OVER $1,500",07/20/2025 06:39:00 PM,FAILING TO REDUCE SPEED TO AVOID CRASH,"VISION OBSCURED (SIGNS, TREE LIMBS, BUILDINGS, ETC.)",3658,W,LAWRENCE AVE,1712,,,,,,,2,"REPORTED, NOT EVIDENT",1,0,0,0,1,1,0,18,1,7,41.96843263,-87.7206379569,POINT (-87.720637956888 41.968432629998)
59f2e3392bcece49d232a671d4aa6791dbc908df91d7391dc686b91f178c2981b65300acca274247b134717c01c8d2cd58a801c1bd5f49e1b7b347f16a9a6d77,,07/20/2025 06:35:00 PM,35,TRAFFIC SIGNAL,FUNCTIONING PROPERLY,CLEAR,DAYLIGHT,SIDESWIPE SAME DIRECTION,NOT DIVIDED,,STRAIGHT AND LEVEL,DRY,WORN SURFACE,,NO INJURY / DRIVE AWAY,,,Y,"OVER $1,500",07/20/2025 06:46:00 PM,IMPROPER OVERTAKING/PASSING,NOT APPLICABLE,7109,S,STATE ST,323,,,,,,,2,NO INDICATION OF INJURY,0,0,0,0,0,2,0,18,1,7,41.7651775836,-87.624752258,POINT (-87.624752257999 41.765177583622)
d06cc271f1ce1077b4171461847abe2e217a5eac7cdeb454559e37aacff21ae1cd3bf3e0fcadf70d53340aeb34cb1771501dc8016f5f8c1bade733793f6cf310,,07/20/2025 06:34:00 PM,35,NO CONTROLS,NO CONTROLS,CLEAR,DAYLIGHT,ANGLE,NOT DIVIDED,,STRAIGHT AND LEVEL,DRY,NO DEFECTS,ON SCENE,NO INJURY / DRIVE AWAY,,,,"OVER $1,500",07/20/2025 06:34:00 PM,FAILING TO YIELD RIGHT-OF-WAY,FAILING TO YIELD RIGHT-OF-WAY,4818,S,COTTAGE GROVE AVE,223,,Y,,,,,2,NO INDICATION OF INJURY,0,0,0,0,0,2,0,18,1,7,41.8071135487,-87.6066606031,POINT (-87.606660603106 41.807113548715)
2beaf89c904b1fb9c108e31b3d6d2a0e1596985cf9a82dd14150ac9644250a8ce043e39c49702e981a753cb07e18f4895e66c27a1ba3d2a81d0b8e99f78267b3,,07/20/2025 06:18:00 PM,30,TRAFFIC SIGNAL,FUNCTIONING PROPERLY,CLEAR,DAYLIGHT,REAR END,FOUR WAY,,STRAIGHT AND LEVEL,UNKNOWN,UNKNOWN,NOT ON SCENE (DESK REPORT),NO INJURY / DRIVE AWAY,Y,,Y,"OVER $1,500",07/20/2025 07:00:00 PM,FOLLOWING TOO CLOSELY,NOT APPLICABLE,4400,W,JACKSON BLVD,1113,,,,,,,2,NO INDICATION OF INJURY,0,0,0,0,0,2,0,18,1,7,41.8770745876,-87.7354739683,POINT (-87.735473968311 41.877074587616)
382b372e4a690bc03e03f965b1807f4549e21d555dd20a9b7cefd536f7cb60c179210eafddb07edface32c908fa4ce39649b386b60fbcbb8cdd44517c9084b3b,,07/20/2025 06:15:00 PM,30,NO CONTROLS,NO CONTROLS,CLEAR,DAYLIGHT,PEDALCYCLIST,NOT DIVIDED,,STRAIGHT AND LEVEL,DRY,NO DEFECTS,ON SCENE,INJURY AND / OR TOW DUE TO CRASH,,,,$500 OR LESS,07/20/2025 06:24:00 PM,UNABLE TO DETERMINE,UNABLE TO DETERMINE,3398,N,CLAREMONT AVE,1921,,,,,,,2,NONINCAPACITATING INJURY,1,0,0,1,0,1,0,18,1,7,41.9430187681,-87.6870858925,POINT (-87.687085892515 41.943018768079)
e200c6a04c8895938dd32ecbf67c70bcdd9881436ef2b77b1d01fb607ba8d8db8ce083884e93012108e8a4ec258d7a722bdd6584096c78a6eceebcd4d3f7fc0a,,07/20/2025 06:12:00 PM,15,UNKNOWN,UNKNOWN,UNKNOWN,UNKNOWN,ANGLE,FOUR WAY,,STRAIGHT AND LEVEL,UNKNOWN,UNKNOWN,NOT ON SCENE (DESK REPORT),NO INJURY / DRIVE AWAY,Y,,,"$501 - $1,500",07/21/2025 03:15:00 PM,UNABLE TO DETERMINE,NOT APPLICABLE,1751,W,AUGUSTA BLVD,1213,,,,,,,2,NO INDICATION OF INJURY,0,0,0,0,0,2,0,18,1,7,41.8995304473,-87.6717951201,POINT (-87.671795120089 41.899530447337)
86000a5b5c67b2d7a67f8f47fba4c190c988ad5562ebd0249a5723e7eacffff75bdc8956622a3f5d268cf60a949de036fe77c16b03b604eda3f46307a62684b6,Y,07/20/2025 06:00:00 PM,30,NO CONTROLS,NO CONTROLS,CLEAR,UNKNOWN,SIDESWIPE SAME DIRECTION,NOT DIVIDED,,STRAIGHT AND LEVEL,DRY,NO DEFECTS,NOT ON SCENE (DESK REPORT),INJURY AND / OR TOW DUE TO CRASH,,,,"OVER $1,500",07/20/2025 10:40:00 PM,DRIVING SKILLS/KNOWLEDGE/EXPERIENCE,NOT APPLICABLE,8306,S,LAFAYETTE AVE,622,,,,,,,2,"REPORTED, NOT EVIDENT",2,0,0,0,2,1,0,18,1,7,41.7433725916,-87.6257682081,POINT (-87.625768208078 41.743372591574)
9fc008999a0ef2a6d1a3541bd5bd3b688b3027f694edacc36bfab96af8adfe374fdd97352efd9e501d197d5409b530e04c37be655b0b08353d6bbddbb74d595c,,07/20/2025 06:00:00 PM,30,UNKNOWN,UNKNOWN,CLEAR,UNKNOWN,SIDESWIPE SAME DIRECTION,NOT DIVIDED,,STRAIGHT AND LEVEL,UNKNOWN,UNKNOWN,NOT ON SCENE (DESK REPORT),NO INJURY / DRIVE AWAY,,,,"OVER $1,500",07/20/2025 06:20:00 PM,NOT APPLICABLE,NOT APPLICABLE,550,N,KINGSBURY ST,1831,,,,,,,2,NO INDICATION OF INJURY,0,0,0,0,0,2,0,18,1,7,41.8918135177,-87.6402793791,POINT (-87.640279379111 41.89181351767)
ce5e59549f6f1709f622aeabe1f0612a6de0edfde75c923db38f14b931052512aaa020cffffb6e803bad13dbeeb2149ab4977d1f0c2ee6ba7a411368ec607bc7,Y,07/20/2025 06:00:00 PM,10,NO CONTROLS,NO CONTROLS,CLEAR,DAYLIGHT,TURNING,PARKING LOT,,STRAIGHT AND LEVEL,DRY,NO DEFECTS,NOT ON SCENE (DESK REPORT),NO INJURY / DRIVE AWAY,,,,"OVER $1,500",07/20/2025 06:30:00 PM,NOT APPLICABLE,NOT APPLICABLE,1602,W,CERMAK RD,1234,,,,,,,2,NO INDICATION OF INJURY,0,0,0,0,0,3,0,18,1,7,41.8524363568,-87.6662289935,POINT (-87.666228993532 41.852436356754)
d36347ee264a8c3d0c1c67a89aeadedc4ae01909169be7f11e75cccfe25055d80413cc7fff7aa262173f14ba27209296c250e5726c8c2612a7a9460b939cfd3b,Y,07/20/2025 06:00:00 PM,30,NO CONTROLS,NO CONTROLS,CLEAR,DAYLIGHT,SIDESWIPE OPPOSITE DIRECTION,NOT DIVIDED,,STRAIGHT AND LEVEL,DRY,UNKNOWN,NOT ON SCENE (DESK REPORT),NO INJURY / DRIVE AWAY,,,Y,"OVER $1,500",07/20/2025 06:10:00 PM,UNABLE TO DETERMINE,UNABLE TO DETERMINE,5359,W,WINONA ST,1623,,,,,,,2,NO INDICATION OF INJURY,0,0,0,0,0,2,0,18,1,7,41.9741497572,-87.7626001314,POINT (-87.762600131396 41.974149757188)
9b4c1a165eae3f0aacd00c4fce9f963f1af303a74bd4eb494561e877423e0a303aeab832cc2002322040c9e2b1546d1b75014597a4ad303aea5de6f556e1423a,,07/20/2025 05:50:00 PM,30,NO CONTROLS,NO CONTROLS,CLEAR,DARKNESS,REAR END,FOUR WAY,,STRAIGHT AND LEVEL,DRY,NO DEFECTS,NOT ON SCENE (DESK REPORT),NO INJURY / DRIVE AWAY,Y,,,"OVER $1,500",07/21/2025 12:45:00 AM,UNABLE TO DETERMINE,NOT APPLICABLE,82,E,ROOSEVELT RD,123,,,,,,,2,NO INDICATION OF INJURY,0,0,0,0,0,3,0,17,1,7,41.8675659268,-87.6242174248,POINT (-87.624217424809 41.867565926761)
dd79e277d56c531f63ff9f8bcce32bdc21a7dc2b643194877a37d437a0eadb300bb9e699710b73b91c4d06752fee6f1624e15fcf069a9ef42d55f4fc22f1bd8b,,07/20/2025 05:48:00 PM,30,NO CONTROLS,NO CONTROLS,CLEAR,DAYLIGHT,PARKED MOTOR VEHICLE,ONE-WAY,,STRAIGHT AND LEVEL,DRY,NO DEFECTS,ON SCENE,NO INJURY / DRIVE AWAY,,,,"$501 - $1,500",07/20/2025 05:53:00 PM,FAILING TO REDUCE SPEED TO AVOID CRASH,NOT APPLICABLE,5132,W,DAKIN ST,1634,,,,,,,2,NO INDICATION OF INJURY,0,0,0,0,0,1,0,17,1,7,41.9524765431,-87.7560080496,POINT (-87.756008049602 41.952476543137)
2ad5658ef9c8940f88db0627272c2ec933ca3cd5be2decbee5d24282b600be28c9d99c70fdc75bd4ce7c61c819f06f0c206aced8000c3a0c429356abc003dbc6,,07/20/2025 05:45:00 PM,25,STOP SIGN/FLASHER,FUNCTIONING PROPERLY,CLEAR,DAYLIGHT,ANGLE,FOUR WAY,,STRAIGHT AND LEVEL,DRY,UNKNOWN,ON SCENE,NO INJURY / DRIVE AWAY,Y,,,"OVER $1,500",07/20/2025 05:45:00 PM,FAILING TO YIELD RIGHT-OF-WAY,DRIVING SKILLS/KNOWLEDGE/EXPERIENCE,4399,W,CORTEZ ST,1111,,,,,,,2,NO INDICATION OF INJURY,0,0,0,0,0,6,0,17,1,7,41.8996631374,-87.7359579508,POINT (-87.735957950829 41.899663137423)
08060764d39c5c3abad8a358eb9054dcfbded0a8fbee3a628ea9cc182eddf7f6c31bb51298cc4ff5c2a21c011a8c11d6d3117504fd88b915622ac177e6028ef1,,07/20/2025 05:40:00 PM,30,TRAFFIC SIGNAL,FUNCTIONING PROPERLY,CLEAR,DAYLIGHT,SIDESWIPE SAME DIRECTION,T-INTERSECTION,,STRAIGHT AND LEVEL,DRY,NO DEFECTS,NOT ON SCENE (DESK REPORT),NO INJURY / DRIVE AWAY,N,,Y,$500 OR LESS,07/20/2025 07:10:00 PM,IMPROPER LANE USAGE,NOT APPLICABLE,844,S,STATE ST,123,,,,,,,2,NO INDICATION OF INJURY,0,0,0,0,0,3,0,17,1,7,41.8712265328,-87.6276571878,POINT (-87.627657187843 41.871226532844)
e4de1138ee48cea819307198dde2aea516cd269c202e14e61240be7cace99fd9b878e2bb63980183c6bb4972bdd39cbca50d28f91175e3ed553653c43abde569,,07/20/2025 05:40:00 PM,20,NO CONTROLS,NO CONTROLS,CLEAR,DAYLIGHT,PARKED MOTOR VEHICLE,PARKING LOT,,STRAIGHT AND LEVEL,DRY,NO DEFECTS,NOT ON SCENE (DESK REPORT),NO INJURY / DRIVE AWAY,,Y,,"OVER $1,500",07/20/2025 06:00:00 PM,NOT APPLICABLE,NOT APPLICABLE,1800,W,LAWRENCE AVE,2032,,,,,,,2,NO INDICATION OF INJURY,0,0,0,0,0,2,0,17,1,7,41.9689262366,-87.6745864921,POINT (-87.674586492122 41.96892623665)
aa2d57b7dd3b1bc59e3223ddbcb917dc1cb8856b28a05e1d2df105b8ac46cdd20962cdd62dfe28ef25bd0283ab1d5b9ebf01be513e1c956da9ece757c467d365,,07/20/2025 05:32:00 PM,35,NO CONTROLS,NO CONTROLS,CLEAR,DAYLIGHT,REAR END,NOT DIVIDED,,STRAIGHT AND LEVEL,DRY,NO DEFECTS,NOT ON SCENE (DESK REPORT),NO INJURY / DRIVE AWAY,,,,"$501 - $1,500",07/20/2025 06:10:00 PM,UNABLE TO DETERMINE,NOT APPLICABLE,7227,W,ADDISON ST,1631,,,,,,,2,NO INDICATION OF INJURY,0,0,0,0,0,2,0,17,1,7,41.945132952,-87.8080703651,POINT (-87.80807036512 41.945132951976)
5ebbb530a45bf9676fe21ba80183f9d2138fc104ce18894195b8f004544dc759d634359277aba5c54508740d6b0ec147b24eb38c0334a4b8c84fb9849c0d3e86,,07/20/2025 05:30:00 PM,30,NO CONTROLS,NO CONTROLS,CLEAR,DAYLIGHT,TURNING,NOT DIVIDED,,STRAIGHT AND LEVEL,DRY,NO DEFECTS,NOT ON SCENE (DESK REPORT),NO INJURY / DRIVE AWAY,,,,"OVER $1,500",07/20/2025 06:40:00 PM,IMPROPER TURNING/NO SIGNAL,UNABLE TO DETERMINE,5010,W,NORTH AVE,2533,,,,,,,2,NO INDICATION OF INJURY,0,0,0,0,0,2,0,17,1,7,41.9096650487,-87.7516091991,POINT (-87.751609199148 41.909665048658)
b6d76d40cfd539959febfd649e60dd8681f7876821d4012acf8c7457e0649771c4e0bf00084ee7d4abc2496f369c7aed4b5bf8110e25a3026c2962ea3e778760,,07/20/2025 05:25:00 PM,30,NO CONTROLS,NO CONTROLS,CLEAR,DAYLIGHT,REAR END,NOT DIVIDED,,STRAIGHT AND LEVEL,DRY,NO DEFECTS,NOT ON SCENE (DESK REPORT),NO INJURY / DRIVE AWAY,,,,"OVER $1,500",07/22/2025 11:30:00 AM,UNABLE TO DETERMINE,UNABLE TO DETERMINE,2942,W,ADDISON ST,1733,,,,,,,2,NO INDICATION OF INJURY,0,0,0,0,0,2,0,17,1,7,41.9467599111,-87.7022377057,POINT (-87.702237705692 41.946759911142)
08c862c1ed4e11f34517dd03207628a54ea2bd6df3d170c7d0fd88403f131ff3001c793f46291ee18a7bf2e13bb5c591cceb615a9be775819f171c954a19cc14,,07/20/2025 05:08:00 PM,30,NO CONTROLS,NO CONTROLS,CLEAR,DAYLIGHT,PARKED MOTOR VEHICLE,DIVIDED - W/MEDIAN (NOT RAISED),,STRAIGHT AND LEVEL,DRY,NO DEFECTS,ON SCENE,INJURY AND / OR TOW DUE TO CRASH,,,Y,"OVER $1,500",07/20/2025 05:08:00 PM,NOT APPLICABLE,NOT APPLICABLE,2414,N,AUSTIN AVE,2512,,,,,,,3,NO INDICATION OF INJURY,0,0,0,0,0,1,0,17,1,7,41.9242571009,-87.7758776106,POINT (-87.775877610602 41.924257100921)
5d083a553bb86e68542dc6cc6f3711880e6dd6c5cc876434181576aa9a4e336c78abb8262e62f3a92cdc64e9e073a2e7dee1d1050967ebb61ccf8fd221c6006d,,07/20/2025 05:00:00 PM,30,NO CONTROLS,NO CONTROLS,CLEAR,DAYLIGHT,PARKED MOTOR VEHICLE,ONE-WAY,,STRAIGHT AND LEVEL,DRY,"RUT, HOLES",ON SCENE,NO INJURY / DRIVE AWAY,,,Y,"OVER $1,500",07/20/2025 05:05:00 PM,UNABLE TO DETERMINE,UNABLE TO DETERMINE,3819,W,VAN BUREN ST,1133,,,,,,,2,NO INDICATION OF INJURY,0,0,0,0,0,1,0,17,1,7,41.8752096565,-87.7213749658,POINT (-87.721374965773 41.875209656476)
7e296f7203fcdc0c4ca34aeb9b4e8512ff2cea9c39c894d08bd6bcb3a49bef6eaa2b263386505913e5d01ecc4437d7cfaa46f0f3c8674dc811edd9522a00c92a,,07/20/2025 05:00:00 PM,30,NO CONTROLS,NO CONTROLS,CLEAR,DAYLIGHT,SIDESWIPE OPPOSITE DIRECTION,NOT DIVIDED,,STRAIGHT AND LEVEL,DRY,UNKNOWN,NOT ON SCENE (DESK REPORT),NO INJURY / DRIVE AWAY,,,Y,"OVER $1,500",07/20/2025 05:33:00 PM,UNABLE TO DETERMINE,NOT APPLICABLE,8724,S,PAULINA ST,2221,,,,,,,2,NO INDICATION OF INJURY,0,0,0,0,0,5,0,17,1,7,41.7349627081,-87.6656205847,POINT (-87.665620584701 41.734962708139)
f5fbbe2530f4b2a9a37577c755e1750cfed63e2915ee0d147d897272aa3029f0702f1cff6f0cfdc22f4b4e8d869e0d76f17400a0fd63aa1db8980043da69f798,,07/20/2025 05:00:00 PM,10,NO CONTROLS,NO CONTROLS,CLEAR,DAYLIGHT,PARKED MOTOR VEHICLE,PARKING LOT,,STRAIGHT AND LEVEL,DRY,NO DEFECTS,NOT ON SCENE (DESK REPORT),NO INJURY / DRIVE AWAY,,,Y,"OVER $1,500",07/21/2025 12:28:00 PM,UNABLE TO DETERMINE,NOT APPLICABLE,7601,S,CICERO AVE,833,,,,,,,2,NO INDICATION OF INJURY,0,0,0,0,0,1,0,17,1,7,41.7546601244,-87.7413847586,POINT (-87.741384758605 41.754660124394)
a3d247585f87941b73d31b03cced18e5b8dd26ce3aa05a66f1a9f792ec5eac8f36abb2368ae326ae364c79748ff0208e5e09a172b81317c7780c152d49c64310,,07/20/2025 04:59:00 PM,30,STOP SIGN/FLASHER,FUNCTIONING PROPERLY,CLEAR,DAYLIGHT,SIDESWIPE SAME DIRECTION,NOT DIVIDED,,STRAIGHT AND LEVEL,DRY,UNKNOWN,NOT ON SCENE (DESK REPORT),NO INJURY / DRIVE AWAY,,,Y,"OVER $1,500",07/21/2025 05:20:00 PM,IMPROPER OVERTAKING/PASSING,NOT APPLICABLE,3192,W,SCHUBERT AVE,1411,,,,,,,2,NO INDICATION OF INJURY,0,0,0,0,0,2,0,16,1,7,41.9302988856,-87.7072383167,POINT (-87.707238316662 41.930298885584)
5486f85612afd87dfe470e889679b7ad622cc842a58fe9e80727886f279595227be3f209f56a878849c02d80b4671b7ef5dcc9d2a255eb9b5ca5f92f47e1e9c3,,07/20/2025 04:56:00 PM,30,TRAFFIC SIGNAL,FUNCTIONING PROPERLY,UNKNOWN,UNKNOWN,ANGLE,DIVIDED - W/MEDIAN (NOT RAISED),,STRAIGHT AND LEVEL,UNKNOWN,UNKNOWN,NOT ON SCENE (DESK REPORT),NO INJURY / DRIVE AWAY,Y,,,"$501 - $1,500",07/20/2025 05:26:00 PM,FAILING TO YIELD RIGHT-OF-WAY,FAILING TO YIELD RIGHT-OF-WAY,201,N,OAKLEY BLVD,1223,,,,,,,2,NO INDICATION OF INJURY,0,0,0,0,0,2,0,16,1,7,41.8847645956,-87.683916557,POINT (-87.683916556962 41.884764595559)
8f34cd780eb922d4908018320d069db25d66ead7d243909d8a4a5206cab8cda8afc15c09558b2f45705243428f6637facae172683818feb11c8613b09479ddb1,,07/20/2025 04:45:00 PM,30,TRAFFIC SIGNAL,UNKNOWN,CLEAR,DAYLIGHT,TURNING,FOUR WAY,,STRAIGHT AND LEVEL,DRY,NO DEFECTS,ON SCENE,INJURY AND / OR TOW DUE TO CRASH,Y,,,"OVER $1,500",07/20/2025 04:48:00 PM,UNABLE TO DETERMINE,UNABLE TO DETERMINE,7100,S,ASHLAND AVE,735,,,,,,,2,NO INDICATION OF INJURY,0,0,0,0,0,2,0,16,1,7,41.7648593824,-87.6639401763,POINT (-87.663940176305 41.764859382425)
288bda4507b18dbdaad3348b2c699ba356e2aa83c5d3f9fa75a745623e33c029948397feaae0b296948aac15f64c825185fa14cfcfec74998af97e0ab0094477,,07/20/2025 04:35:00 PM,35,TRAFFIC SIGNAL,FUNCTIONING PROPERLY,CLEAR,DAYLIGHT,REAR END,NOT DIVIDED,,STRAIGHT AND LEVEL,DRY,NO DEFECTS,ON SCENE,NO INJURY / DRIVE AWAY,,,Y,$500 OR LESS,07/20/2025 04:40:00 PM,FAILING TO REDUCE SPEED TO AVOID CRASH,NOT APPLICABLE,6366,S,ARCHER AVE,811,,,,,,,2,NO INDICATION OF INJURY,0,0,0,0,0,2,0,16,1,7,41.7927972752,-87.7805656077,POINT (-87.78056560772 41.792797275202)
85504e4ebacbfd6a9519f30156865626bf3029eb73841b699275527159e62578ea3d436d0dc6024f1a7a6311b1cbb8ad52544d6565cabb66ed9306faf7e9deb6,Y,07/20/2025 04:30:00 PM,30,STOP SIGN/FLASHER,FUNCTIONING PROPERLY,CLEAR,DAYLIGHT,ANGLE,FOUR WAY,,STRAIGHT AND LEVEL,DRY,NO DEFECTS,NOT ON SCENE (DESK REPORT),NO INJURY / DRIVE AWAY,Y,,,"OVER $1,500",07/20/2025 04:30:00 PM,FAILING TO YIELD RIGHT-OF-WAY,UNABLE TO DETERMINE,5800,S,INDIANA AVE,232,,,,,,,2,NO INDICATION OF INJURY,0,0,0,0,0,2,0,16,1,7,41.7891755958,-87.6208490585,POINT (-87.620849058528 41.789175595836)
a55cfcbb324ecf97411705b3ee207b3616666dba5e9b5f4165214574654ae05268dfd842437e58c6a1c05a1eb3535eef8da132089905db7ef6e4f0b2ac13cc60,,07/20/2025 04:30:00 PM,10,UNKNOWN,UNKNOWN,UNKNOWN,UNKNOWN,REAR TO SIDE,PARKING LOT,,STRAIGHT AND LEVEL,UNKNOWN,UNKNOWN,NOT ON SCENE (DESK REPORT),NO INJURY / DRIVE AWAY,,,,"OVER $1,500",07/23/2025 02:20:00 PM,UNABLE TO DETERMINE,NOT APPLICABLE,1650,N,HALSTED ST,1813,,,,,,,2,NO INDICATION OF INJURY,0,0,0,0,0,2,0,16,1,7,41.912357021,-87.6484646989,POINT (-87.648464698928 41.912357021)
feff4ee2270f59b2b2339dd93877eff14b9ade8ccd5854ab50c1e541996c37464bd86d03c05588ebfad25d52e3e8c22bc9a33a0c1d9c55362cf87304cfb751fd,,07/20/2025 04:30:00 PM,30,NO CONTROLS,NO CONTROLS,CLEAR,DAYLIGHT,TURNING,NOT DIVIDED,,STRAIGHT AND LEVEL,UNKNOWN,UNKNOWN,NOT ON SCENE (DESK REPORT),NO INJURY / DRIVE AWAY,,,,"OVER $1,500",07/20/2025 05:15:00 PM,UNABLE TO DETERMINE,UNABLE TO DETERMINE,3232,W,CHICAGO AVE,1121,,,,,,,2,NO INDICATION OF INJURY,0,0,0,0,0,2,0,16,1,7,41.8956506628,-87.7078321548,POINT (-87.707832154807 41.895650662768)
13558e4c6cc28cb63ac6f02fa36ad7edd285d3aa287d0f6c2cd7f96b013585c233309726712035b191a6b8665858f036923a2b105ce5c903427835a487fb929f,,07/20/2025 04:15:00 PM,30,TRAFFIC SIGNAL,FUNCTIONING PROPERLY,CLEAR,DAYLIGHT,REAR END,NOT DIVIDED,,STRAIGHT AND LEVEL,DRY,NO DEFECTS,NOT ON SCENE (DESK REPORT),NO INJURY / DRIVE AWAY,Y,,,"OVER $1,500",07/20/2025 05:05:00 PM,FOLLOWING TOO CLOSELY,UNABLE TO DETERMINE,5152,W,FULLERTON AVE,2521,,,,,,,2,NO INDICATION OF INJURY,0,0,0,0,0,2,0,16,1,7,41.9242229114,-87.755796203,POINT (-87.755796203049 41.924222911364)
152f45cea95c7be42206cfa768329327e3d53fb4c80fcec61dc0c484f19ca588d9487cd8af7b17a4c9e02e6fde93b65870825c0ca726e5276c73ef3accc02cde,Y,07/20/2025 04:15:00 PM,30,TRAFFIC SIGNAL,FUNCTIONING PROPERLY,CLEAR,DAYLIGHT,SIDESWIPE SAME DIRECTION,FOUR WAY,,STRAIGHT AND LEVEL,DRY,NO DEFECTS,NOT ON SCENE (DESK REPORT),NO INJURY / DRIVE AWAY,,,Y,"OVER $1,500",07/20/2025 04:25:00 PM,IMPROPER OVERTAKING/PASSING,NOT APPLICABLE,680,W,CERMAK RD,1235,,,,,,,2,NO INDICATION OF INJURY,0,0,0,0,0,2,0,16,1,7,41.852778854,-87.6445767003,POINT (-87.644576700296 41.852778853989)
a2f4b833151c2daded39b57cba3d5019cdcf441c8aab5c3bb03700d982d42c6e55068132d2c43c9794bd3eb182182f5497747c6c7ff842be5c3ede167b67cde2,,07/20/2025 04:15:00 PM,30,TRAFFIC SIGNAL,FUNCTIONING PROPERLY,CLEAR,DAYLIGHT,REAR END,NOT DIVIDED,,STRAIGHT AND LEVEL,DRY,NO DEFECTS,ON SCENE,INJURY AND / OR TOW DUE TO CRASH,Y,,,"OVER $1,500",07/20/2025 04:16:00 PM,FAILING TO REDUCE SPEED TO AVOID CRASH,UNABLE TO DETERMINE,5400,N,CUMBERLAND AVE,1614,,,,,,,2,NO INDICATION OF INJURY,0,0,0,0,0,2,0,16,1,7,41.9775003425,-87.8367544939,POINT (-87.83675449392 41.977500342528)
3d77df366c23daf6c4fe7eb429876af9b190b0d3e1672e59bb97b9b31588412065e62c48a33a6a3442e24a8d3720a06f9563fe3f7bf1f6dea74c6962d837c268,,07/20/2025 04:14:00 PM,35,TRAFFIC SIGNAL,FUNCTIONING PROPERLY,CLEAR,DAYLIGHT,ANGLE,DIVIDED - W/MEDIAN (NOT RAISED),,STRAIGHT AND LEVEL,DRY,NO DEFECTS,ON SCENE,NO INJURY / DRIVE AWAY,Y,,,"OVER $1,500",07/20/2025 04:25:00 PM,DISREGARDING TRAFFIC SIGNALS,FAILING TO YIELD RIGHT-OF-WAY,670,W,18TH ST,1235,,,,,,,2,NO INDICATION OF INJURY,0,0,0,0,0,2,0,16,1,7,41.8576858448,-87.644620959,POINT (-87.644620959009 41.857685844788)
87abbc97ede0585171a67548abef79ce5a66f87be216344b4a34584c851e9b50afa3e7434ef7c0094ecd5ab6c4a30259d2ae5d5af3bfd8f1917a9cac7be9de91,,07/20/2025 04:10:00 PM,30,UNKNOWN,UNKNOWN,CLEAR,DAYLIGHT,SIDESWIPE SAME DIRECTION,NOT DIVIDED,,STRAIGHT AND LEVEL,UNKNOWN,UNKNOWN,NOT ON SCENE (DESK REPORT),NO INJURY / DRIVE AWAY,,,,"OVER $1,500",07/20/2025 05:50:00 PM,UNABLE TO DETERMINE,UNABLE TO DETERMINE,100,W,LA SALLE DR,1814,,,,,,,2,NO INDICATION OF INJURY,0,0,0,0,0,2,0,16,1,7,41.9134833157,-87.6318086819,POINT (-87.631808681867 41.913483315672)
ee7aaad7332967b8e96d9e3596a9f2caeb0b675dec085fc37a151b7c41c89548d23f6f69ff053c407d35d95517096ec6f260f1f2d437dabb5e1522df502a5300,,07/20/2025 04:10:00 PM,30,NO CONTROLS,NO CONTROLS,CLEAR,DAYLIGHT,SIDESWIPE SAME DIRECTION,DIVIDED - W/MEDIAN (NOT RAISED),,STRAIGHT AND LEVEL,DRY,UNKNOWN,NOT ON SCENE (DESK REPORT),NO INJURY / DRIVE AWAY,,,,"OVER $1,500",07/20/2025 04:30:00 PM,FAILING TO YIELD RIGHT-OF-WAY,NOT APPLICABLE,1806,N,DAMEN AVE,1434,,,,,,,2,NO INDICATION OF INJURY,0,0,0,0,0,2,0,16,1,7,41.9146234311,-87.6777008638,POINT (-87.677700863785 41.914623431081)