CRASH_RECORD_ID,CRASH_DATE_EST_I,CRASH_DATE,POSTED_SPEED_LIMIT,TRAFFIC_CONTROL_DEVICE,DEVICE_CONDITION,WEATHER_CONDITION,LIGHTING_CONDITION,FIRST_CRASH_TYPE,TRAFFICWAY_TYPE,LANE_CNT,ALIGNMENT,ROADWAY_SURFACE_COND,ROAD_DEFECT,REPORT_TYPE,CRASH_TYPE,INTERSECTION_RELATED_I,NOT_RIGHT_OF_WAY_I,HIT_AND_RUN_I,DAMAGE,DATE_POLICE_NOTIFIED,PRIM_CONTRIBUTORY_CAUSE,SEC_CONTRIBUTORY_CAUSE,STREET_NO,STREET_DIRECTION,STREET_NAME,BEAT_OF_OCCURRENCE,PHOTOS_TAKEN_I,STATEMENTS_TAKEN_I,DOORING_I,WORK_ZONE_I,WORK_ZONE_TYPE,WORKERS_PRESENT_I,NUM_UNITS,MOST_SEVERE_INJURY,INJURIES_TOTAL,INJURIES_FATAL,INJURIES_INCAPACITATING,INJURIES_NON_INCAPACITATING,INJURIES_REPORTED_NOT_EVIDENT,INJURIES_NO_INDICATION,INJURIES_UNKNOWN,CRASH_HOUR,CRASH_DAY_OF_WEEK,CRASH_MONTH,LATITUDE,LONGITUDE,LOCATION
d934188ac1b01c4e607ea14d780172fd3e07228d7b9bc6cc0feeeb2f754b485c4fbe25c48d9d47e8df82cc0a0775a088c6cb7fa225c5b26f9c076303303ae736,,07/20/2025 04:05:00 PM,30,TRAFFIC SIGNAL,NO CONTROLS,CLEAR,DAYLIGHT,TURNING,NOT DIVIDED,,STRAIGHT AND LEVEL,DRY,NO DEFECTS,NOT ON SCENE (DESK REPORT),NO INJURY / DRIVE AWAY,,,,"$501 - $1,500",07/20/2025 04:50:00 PM,NOT APPLICABLE,NOT APPLICABLE,1958,N,ASHLAND AVE,1433,,,,,,,2,NO INDICATION OF INJURY,0,0,0,0,0,3,0,16,1,7,41.9178700909,-87.6680951416,POINT (-87.668095141641 41.917870090896)
10c5c4c5d91d93f260f96794501d09b7e8ae13497cc7b35e212f0d703c47e08a8e53df68315a7db3e77639589e324d71b704bec6e5d973ccd61c2b22a0151f8f,,07/20/2025 04:02:00 PM,30,TRAFFIC SIGNAL,FUNCTIONING PROPERLY,CLOUDY/OVERCAST,DAYLIGHT,ANGLE,NOT DIVIDED,,STRAIGHT AND LEVEL,DRY,NO DEFECTS,ON SCENE,NO INJURY / DRIVE AWAY,Y,,,"OVER $1,500",07/20/2025 04:02:00 PM,DISREGARDING TRAFFIC SIGNALS,NOT APPLICABLE,2000,W,MADISON ST,1223,,,,,,,2,NO INDICATION OF INJURY,0,0,0,0,0,5,0,16,1,7,41.881422591,-87.6767064773,POINT (-87.676706477276 41.881422591003)
335ae100402cad91b4549564bbf6ed28ce56cb51f37d7946f30f2077a9e485df910358245c3c7d80081b2537792aa86ee2e36714fad35522bccbfe2f7c175370,,07/20/2025 04:02:00 PM,25,NO CONTROLS,NO CONTROLS,CLEAR,DAYLIGHT,PARKED MOTOR VEHICLE,PARKING LOT,,STRAIGHT AND LEVEL,DRY,NO DEFECTS,ON SCENE,NO INJURY / DRIVE AWAY,,Y,Y,"OVER $1,500",07/20/2025 04:20:00 PM,UNABLE TO DETERMINE,UNABLE TO DETERMINE,2801,W,59TH ST,824,,,,,,,2,NO INDICATION OF INJURY,0,0,0,0,0,1,0,16,1,7,41.7862960144,-87.693651826,POINT (-87.693651826029 41.78629601441)
5c8c91103211512711b0c379fb5a214b0d0befc4fe0bb2d287f060831650197487ac82ed57f87d99ee310972ea0b88204364279b455cdc4e7e619f71ea490c81,,07/20/2025 04:00:00 PM,30,STOP SIGN/FLASHER,OTHER,CLEAR,DAYLIGHT,PARKED MOTOR VEHICLE,ONE-WAY,,STRAIGHT AND LEVEL,DRY,NO DEFECTS,NOT ON SCENE (DESK REPORT),NO INJURY / DRIVE AWAY,,,,"$501 - $1,500",07/21/2025 02:00:00 PM,UNABLE TO DETERMINE,IMPROPER BACKING,5621,S,ADA ST,713,,,,,,,2,NO INDICATION OF INJURY,0,0,0,0,0,3,0,16,1,7,41.7916407926,-87.6583061381,POINT (-87.658306138052 41.791640792581)
5972b7dad0628ff89b723c07caea88efd05edded4383c34882bf2487c615ad9e26c9006529b1934232e7282b8d0f5ec04ed9c13fc1980e912c3b42af00d04ad7,,07/20/2025 03:56:00 PM,35,TRAFFIC SIGNAL,FUNCTIONING PROPERLY,CLEAR,DAYLIGHT,TURNING,FOUR WAY,,STRAIGHT AND LEVEL,DRY,UNKNOWN,ON SCENE,INJURY AND / OR TOW DUE TO CRASH,Y,,,"OVER $1,500",07/20/2025 04:02:00 PM,FAILING TO YIELD RIGHT-OF-WAY,IMPROPER OVERTAKING/PASSING,7900,S,KEDZIE AVE,834,,,,,,,3,NO INDICATION OF INJURY,0,0,0,0,0,5,0,15,1,7,41.7497239717,-87.7025395717,POINT (-87.702539571674 41.749723971726)
ae0bb75d0a54bcfd65087076b36d36da4fc63f34c376a3894a227a591f08478223e13f0ce93b575b53d3364e8d8c891ff0dfac39dc92903e10bc82a7b8f204a2,,07/20/2025 03:55:00 PM,15,NO CONTROLS,NO CONTROLS,CLEAR,DAYLIGHT,PARKED MOTOR VEHICLE,PARKING LOT,,STRAIGHT AND LEVEL,DRY,NO DEFECTS,ON SCENE,NO INJURY / DRIVE AWAY,,Y,Y,"$501 - $1,500",07/20/2025 04:02:00 PM,UNABLE TO DETERMINE,NOT APPLICABLE,1740,N,KOSTNER AVE,2533,,,,,,,2,NO INDICATION OF INJURY,0,0,0,0,0,1,0,15,1,7,41.9127695019,-87.7363483567,POINT (-87.736348356711 41.912769501895)
3683f50a4338ed5e7a650aa1e223f16f25d0e27563d2135070805cb471bb2183ac349d830b0712172893d572a988206057143975444c1c6f3ff1901879ff3dd6,,07/20/2025 03:50:00 PM,30,UNKNOWN,UNKNOWN,CLEAR,DAYLIGHT,SIDESWIPE SAME DIRECTION,NOT DIVIDED,,STRAIGHT AND LEVEL,UNKNOWN,UNKNOWN,NOT ON SCENE (DESK REPORT),NO INJURY / DRIVE AWAY,,,,"OVER $1,500",07/20/2025 05:00:00 PM,UNABLE TO DETERMINE,UNABLE TO DETERMINE,1600,W,NORTH AVE,1433,,,,,,,2,NO INDICATION OF INJURY,0,0,0,0,0,2,0,15,1,7,41.9107391236,-87.6677555422,POINT (-87.667755542235 41.910739123576)
3134b211eb4be16b1aff4880fdf9ed331377cd05c7085a81ce83e5c9f807450007d8c3f705f40269f96b019735dbf53be4c7ec837feeeb5d4496c4ba543b095c,,07/20/2025 03:45:00 PM,30,NO CONTROLS,NO CONTROLS,CLEAR,DAYLIGHT,PARKED MOTOR VEHICLE,PARKING LOT,,STRAIGHT AND LEVEL,DRY,NO DEFECTS,NOT ON SCENE (DESK REPORT),NO INJURY / DRIVE AWAY,,,,"OVER $1,500",07/20/2025 04:27:00 PM,IMPROPER TURNING/NO SIGNAL,NOT APPLICABLE,2159,E,95TH ST,431,,,,,,,2,NO INDICATION OF INJURY,0,0,0,0,0,1,0,15,1,7,41.7224190037,-87.5705572095,POINT (-87.570557209482 41.72241900367)
b20f0cfcb77659044a83dbf0200df09d33091771493f196d7f3597891143b6980bd86fcebcca4a1579476d18fc7d3fbae0813627d2d023857287d1860f2fcc9f,,07/20/2025 03:45:00 PM,30,NO CONTROLS,NO CONTROLS,CLEAR,DAYLIGHT,SIDESWIPE SAME DIRECTION,DIVIDED - W/MEDIAN (NOT RAISED),,STRAIGHT AND LEVEL,DRY,NO DEFECTS,ON SCENE,NO INJURY / DRIVE AWAY,,,,"OVER $1,500",07/20/2025 03:50:00 PM,IMPROPER OVERTAKING/PASSING,NOT APPLICABLE,1701,W,FOSTER AVE,2032,,,,,,,2,NO INDICATION OF INJURY,0,0,0,0,0,5,0,15,1,7,41.9760260161,-87.67218824,POINT (-87.672188239985 41.976026016085)
fc7db06ecd85fc94882c9ef45c896bb5f9c59356fae00f009efbb4489010a1c1fc3ec48d10906ad1c9a62337165acbbc579d422443611640a665ef1bb7c15801,,07/20/2025 03:45:00 PM,25,STOP SIGN/FLASHER,FUNCTIONING PROPERLY,CLEAR,DAYLIGHT,ANGLE,FOUR WAY,,STRAIGHT AND LEVEL,DRY,NO DEFECTS,NOT ON SCENE (DESK REPORT),NO INJURY / DRIVE AWAY,Y,,,"OVER $1,500",07/20/2025 04:00:00 PM,FAILING TO YIELD RIGHT-OF-WAY,UNABLE TO DETERMINE,9400,S,THROOP ST,2222,,,,,,,3,NO INDICATION OF INJURY,0,0,0,0,0,2,0,15,1,7,41.7230380203,-87.6555685641,POINT (-87.655568564095 41.723038020266)
5b17ef326c2f35d31fc6acd5c148e0e9338612636e84294f5b0605979de94c89baac0fe5f222dcf5fc05cccd27b223ba9a4e4ef811276913c50d477897d45704,,07/20/2025 03:40:00 PM,30,NO CONTROLS,NO CONTROLS,CLEAR,DAYLIGHT,SIDESWIPE SAME DIRECTION,ONE-WAY,,STRAIGHT AND LEVEL,DRY,UNKNOWN,NOT ON SCENE (DESK REPORT),NO INJURY / DRIVE AWAY,,,Y,"OVER $1,500",07/20/2025 04:15:00 PM,UNABLE TO DETERMINE,NOT APPLICABLE,3913,W,27TH ST,1031,,,,,,,2,NO INDICATION OF INJURY,0,0,0,0,0,2,0,15,1,7,41.8423258541,-87.722667416,POINT (-87.722667416035 41.842325854147)
8832a16bef09f92de5e11c57da5abeae7e914572d6886780dd1365a50172c80be37231f779e6a371bb983a00a6929853f61da6eb676a370049793df35376e549,,07/20/2025 03:40:00 PM,30,NO CONTROLS,NO CONTROLS,CLEAR,DAYLIGHT,REAR END,DIVIDED - W/MEDIAN (NOT RAISED),,STRAIGHT AND LEVEL,UNKNOWN,UNKNOWN,NOT ON SCENE (DESK REPORT),NO INJURY / DRIVE AWAY,,,Y,"OVER $1,500",07/20/2025 04:27:00 PM,FOLLOWING TOO CLOSELY,"OPERATING VEHICLE IN ERRATIC, RECKLESS, CARELESS, NEGLIGENT OR AGGRESSIVE MANNER",3139,W,DEVON AVE,2413,,,,,,,2,NO INDICATION OF INJURY,0,0,0,0,0,2,0,15,1,7,41.9972946699,-87.7084628471,POINT (-87.708462847116 41.997294669858)
f25fc1651d96ef47425e2f8d2ccd14c33d9b73b56e66344d00929b6b6e6b8d6879ba451d18efffdfad6c7cc459f87ed33ac14e9ad89b2d48d1a330379d9a0529,,07/20/2025 03:40:00 PM,30,TRAFFIC SIGNAL,FUNCTIONING PROPERLY,CLEAR,DAYLIGHT,REAR END,NOT DIVIDED,,STRAIGHT AND LEVEL,DRY,NO DEFECTS,,NO INJURY / DRIVE AWAY,Y,,,"OVER $1,500",07/20/2025 07:00:00 PM,FOLLOWING TOO CLOSELY,NOT APPLICABLE,4700,W,FULLERTON AVE,2521,,,,,,,2,NO INDICATION OF INJURY,0,0,0,0,0,3,0,15,1,7,41.9243790057,-87.7439301149,POINT (-87.74393011487 41.924379005726)
077ec1035f8879b57973817df147e58c9a134388e413a33453005f09b43090e1c21b0dfc165e1d96af31eddfb763649fe056591c5472d0c913f039dd8d735a79,,07/20/2025 03:30:00 PM,30,UNKNOWN,UNKNOWN,CLEAR,DAYLIGHT,REAR END,NOT DIVIDED,,STRAIGHT AND LEVEL,DRY,UNKNOWN,NOT ON SCENE (DESK REPORT),NO INJURY / DRIVE AWAY,,,,"OVER $1,500",07/21/2025 09:40:00 AM,UNABLE TO DETERMINE,NOT APPLICABLE,151,W,83RD ST,622,,,,,,,3,NO INDICATION OF INJURY,0,0,0,0,0,5,0,15,1,7,41.7434762528,-87.6288824716,POINT (-87.628882471558 41.743476252827)
2312984a2649d9129542dec5fc1a9b8365c73bfc39e973494c50cceacc515a5c208168cb1f7bd731a2ea2a833e89a862c1a49cc8f57403ff5bc6d79873b79d9f,Y,07/20/2025 03:30:00 PM,30,NO CONTROLS,NO CONTROLS,CLEAR,UNKNOWN,PARKED MOTOR VEHICLE,NOT DIVIDED,,STRAIGHT AND LEVEL,UNKNOWN,UNKNOWN,ON SCENE,NO INJURY / DRIVE AWAY,,,Y,"OVER $1,500",07/20/2025 04:14:00 PM,UNABLE TO DETERMINE,UNABLE TO DETERMINE,744,W,GORDON TER,1915,,,,,,,2,NO INDICATION OF INJURY,0,0,0,0,0,1,0,15,1,7,41.9579652855,-87.6491591123,POINT (-87.649159112271 41.957965285514)
67dff69b63907a1b629c8fdb22bd0e7b992ee435ff81405a1b6f5ac276e58bcdd5849315356826dd169084f8b4c1c36376f0a87e2d858234735dcd54789be5c5,,07/20/2025 03:20:00 PM,30,NO CONTROLS,NO CONTROLS,CLEAR,DAYLIGHT,REAR TO SIDE,ONE-WAY,,STRAIGHT AND LEVEL,DRY,NO DEFECTS,NOT ON SCENE (DESK REPORT),NO INJURY / DRIVE AWAY,Y,,,"OVER $1,500",08/01/2025 11:56:00 AM,UNABLE TO DETERMINE,UNABLE TO DETERMINE,5600,S,TROY ST,824,,,,,,,2,NO INDICATION OF INJURY,0,0,0,0,0,2,0,15,1,7,41.7916260775,-87.7024280405,POINT (-87.702428040466 41.791626077514)
69fa6ac7e54d1539451404f5a3493aa0f1483b88ecb19b8c411f36309d53f68082bd1455d5d2f5297edb0073030ec14c03aa0284eb92e74c7e14a85c28e18a10,,07/20/2025 03:15:00 PM,30,NO CONTROLS,NO CONTROLS,CLEAR,DAYLIGHT,PARKED MOTOR VEHICLE,NOT DIVIDED,,STRAIGHT AND LEVEL,DRY,NO DEFECTS,NOT ON SCENE (DESK REPORT),NO INJURY / DRIVE AWAY,,,,"OVER $1,500",07/20/2025 03:25:00 PM,UNABLE TO DETERMINE,UNABLE TO DETERMINE,5108,W,LE MOYNE ST,2533,,,,,,,2,NO INDICATION OF INJURY,0,0,0,0,0,1,0,15,1,7,41.9078204923,-87.7538821636,POINT (-87.753882163645 41.90782049235)
cf26642dbccaabe687342288c20a00edc454597cbbfb7b3f7da8f1c6c1664a466fb6969ede197ffbe356dcd81a4f23576eca1f9f7b6abca1b172626d0840fd94,,07/20/2025 03:10:00 PM,30,STOP SIGN/FLASHER,FUNCTIONING PROPERLY,CLOUDY/OVERCAST,DAYLIGHT,TURNING,FOUR WAY,,STRAIGHT AND LEVEL,DRY,NO DEFECTS,ON SCENE,NO INJURY / DRIVE AWAY,Y,,,"$501 - $1,500",07/20/2025 03:10:00 PM,FAILING TO YIELD RIGHT-OF-WAY,FAILING TO REDUCE SPEED TO AVOID CRASH,9005,S,ANTHONY AVE,423,,,,,,,2,NO INDICATION OF INJURY,0,0,0,0,0,4,0,15,1,7,41.7317091756,-87.5610191825,POINT (-87.561019182523 41.731709175569)
1ea1f4f59e0a5a6949714963ad8880d6d45d7b81ed6f12e503cc3cc79b2ce0b08c26edec677ccdc09c1680876408a846cd9dcf76ec088b0286c7d949e29f8da7,,07/20/2025 03:00:00 PM,35,NO CONTROLS,NOT FUNCTIONING,CLEAR,DAYLIGHT,TURNING,DIVIDED - W/MEDIAN (NOT RAISED),,STRAIGHT AND LEVEL,DRY,NO DEFECTS,ON SCENE,INJURY AND / OR TOW DUE TO CRASH,Y,,,"OVER $1,500",07/20/2025 03:01:00 PM,FAILING TO YIELD RIGHT-OF-WAY,NOT APPLICABLE,4531,S,TRUMBULL AVE,821,,,,,,,2,"REPORTED, NOT EVIDENT",2,0,0,0,2,0,0,15,1,7,41.8107784916,-87.7097522965,POINT (-87.709752296462 41.810778491596)
72045ab9f7df27f1d0e97b835641cdc9895c2880eb349dd8c839deaf897afe524a9a02210e02e893228410996f54bf3655a98936db3f0f93d3aad4364adb3626,,07/20/2025 03:00:00 PM,30,STOP SIGN/FLASHER,FUNCTIONING PROPERLY,CLEAR,DAYLIGHT,TURNING,FOUR WAY,,STRAIGHT AND LEVEL,DRY,UNKNOWN,NOT ON SCENE (DESK REPORT),NO INJURY / DRIVE AWAY,Y,,,"OVER $1,500",07/20/2025 04:24:00 PM,UNABLE TO DETERMINE,NOT APPLICABLE,7100,W,GRAND AVE,2512,,,,,,,2,NO INDICATION OF INJURY,0,0,0,0,0,2,0,15,1,7,41.9236512693,-87.8026677905,POINT (-87.80266779053 41.92365126928)
ab46f56dd0e7f12ca526ae8486d7f872793e3961e84b7bbe1219c99656a86773bc582a8038dbedbc250a3fb6ee775151db96f98f61ca3ae327b5a813026eca84,,07/20/2025 03:00:00 PM,30,YIELD,FUNCTIONING PROPERLY,CLOUDY/OVERCAST,DAYLIGHT,SIDESWIPE SAME DIRECTION,DIVIDED - W/MEDIAN (NOT RAISED),,STRAIGHT AND LEVEL,DRY,UNKNOWN,NOT ON SCENE (DESK REPORT),INJURY AND / OR TOW DUE TO CRASH,,,,"OVER $1,500",07/20/2025 04:05:00 PM,IMPROPER OVERTAKING/PASSING,NOT APPLICABLE,7900,S,STONY ISLAND AVE,411,,,,,,,2,"REPORTED, NOT EVIDENT",1,0,0,0,1,2,0,15,1,7,41.7514606032,-87.585971993,POINT (-87.585971992965 41.751460603167)
fc5bba610d9ca9100996bf0d091516a82308d80d91a6e4f1cbfc9755182dce510632b90a48e804bceddb04b343b84ad2e735e134154964bbe7e21d0e88ad336a,,07/20/2025 03:00:00 PM,30,NO CONTROLS,NO CONTROLS,CLOUDY/OVERCAST,DAYLIGHT,REAR END,DIVIDED - W/MEDIAN (NOT RAISED),,STRAIGHT AND LEVEL,DRY,NO DEFECTS,NOT ON SCENE (DESK REPORT),NO INJURY / DRIVE AWAY,,,,"OVER $1,500",07/20/2025 03:40:00 PM,UNABLE TO DETERMINE,UNABLE TO DETERMINE,2410,N,LARAMIE AVE,2515,,,,,,,2,NO INDICATION OF INJURY,0,0,0,0,0,4,0,15,1,7,41.9244578743,-87.7563052751,POINT (-87.756305275087 41.924457874254)
cde75f9185ef6d0f40bf0c6033ac149e21cdf3f75004520ea4e2fe5905461d1b07fb0f9342c05b666521f33b7d1b61c37f2984ba6984ab46667cd2111b29e33f,,07/20/2025 02:52:00 PM,30,NO CONTROLS,NO CONTROLS,CLEAR,DAYLIGHT,PARKED MOTOR VEHICLE,PARKING LOT,,STRAIGHT AND LEVEL,DRY,NO DEFECTS,ON SCENE,NO INJURY / DRIVE AWAY,,,,"OVER $1,500",07/20/2025 02:52:00 PM,UNABLE TO DETERMINE,NOT APPLICABLE,3501,S,CALIFORNIA AVE,911,,,,,,,2,NO INDICATION OF INJURY,0,0,0,0,0,2,0,14,1,7,41.8300335509,-87.6946444285,POINT (-87.694644428457 41.830033550869)
06f8576ab42542a03c02f397eff22a968244fa3b1e9c53158c2da3bf3f8090c4fff8b3b9972b6e3cda8528aa7e3465052d3b411788d9afaaee5d4349270c9177,Y,07/20/2025 02:30:00 PM,30,TRAFFIC SIGNAL,FUNCTIONING PROPERLY,CLEAR,DAYLIGHT,SIDESWIPE SAME DIRECTION,NOT DIVIDED,,STRAIGHT AND LEVEL,DRY,NO DEFECTS,ON SCENE,NO INJURY / DRIVE AWAY,N,,,"OVER $1,500",07/20/2025 02:30:00 PM,IMPROPER OVERTAKING/PASSING,UNABLE TO DETERMINE,5100,S,STATE ST,225,,,,,,,2,NO INDICATION OF INJURY,0,0,0,0,0,2,0,14,1,7,41.8018902979,-87.6260352641,POINT (-87.626035264137 41.801890297885)
162a29e1b5481902d6022633482b2376dd3d5649a888e700541b2b59cb52d81c858dd6c9c6f7293d0274d5b53a823118bf75d872ee0b86992119194a9c3f5b50,,07/20/2025 02:30:00 PM,15,NO CONTROLS,NO CONTROLS,CLEAR,DAYLIGHT,PARKED MOTOR VEHICLE,PARKING LOT,,STRAIGHT AND LEVEL,DRY,NO DEFECTS,NOT ON SCENE (DESK REPORT),INJURY AND / OR TOW DUE TO CRASH,,,Y,$500 OR LESS,07/26/2025 10:30:00 AM,UNABLE TO DETERMINE,NOT APPLICABLE,6150,N,BROADWAY,2433,,,,,,,3,"REPORTED, NOT EVIDENT",1,0,0,0,1,2,0,14,1,7,41.9937340373,-87.6605292879,POINT (-87.660529287875 41.993734037258)
600e19433380ec29d77267c6b232e6a030fb75b8fd8ce1ddcd626b6ab05a6f5b52fec3a9a1136a0d6525324f3a06230acbc5e2f95ecc46d30eaf58bcbf9462cc,,07/20/2025 02:30:00 PM,25,NO CONTROLS,NO CONTROLS,UNKNOWN,UNKNOWN,PARKED MOTOR VEHICLE,ONE-WAY,,STRAIGHT AND LEVEL,UNKNOWN,UNKNOWN,NOT ON SCENE (DESK REPORT),NO INJURY / DRIVE AWAY,,,Y,"OVER $1,500",07/20/2025 03:48:00 PM,DRIVING SKILLS/KNOWLEDGE/EXPERIENCE,FAILING TO REDUCE SPEED TO AVOID CRASH,2820,W,ARTHUR AVE,2412,,,,,,,2,NO INDICATION OF INJURY,0,0,0,0,0,1,0,14,1,7,41.9994788555,-87.7006053124,POINT (-87.700605312434 41.999478855518)
6f3b060d156a28a15deb0a1f51efc64c3de7dbabb50ff7bfc99b45534d01d20305ee5f817545fed813a41aaf0d19aab6e8616fc5bb925bd8e0654def8d5fb40f,,07/20/2025 02:30:00 PM,30,NO CONTROLS,NO CONTROLS,CLEAR,DAYLIGHT,REAR END,T-INTERSECTION,,STRAIGHT AND LEVEL,DRY,NO DEFECTS,NOT ON SCENE (DESK REPORT),NO INJURY / DRIVE AWAY,Y,,,"OVER $1,500",07/20/2025 02:50:00 PM,FOLLOWING TOO CLOSELY,FAILING TO REDUCE SPEED TO AVOID CRASH,6120,S,KEDZIE AVE,823,,,,,,,2,NO INDICATION OF INJURY,0,0,0,0,0,2,0,14,1,7,41.7819767986,-87.7033680881,POINT (-87.703368088077 41.781976798621)
28408eaa8abd673eda9ad33eaa6c54d707a71fa7451f55ffc56032239bb83b90db2760911e3caa629842b307fbd8dc2b7708512808099eb57d5adabf6c1267d6,,07/20/2025 02:25:00 PM,20,STOP SIGN/FLASHER,FUNCTIONING PROPERLY,CLEAR,DAYLIGHT,ANGLE,FOUR WAY,,STRAIGHT AND LEVEL,DRY,NO DEFECTS,ON SCENE,INJURY AND / OR TOW DUE TO CRASH,Y,,,"OVER $1,500",07/20/2025 02:27:00 PM,FAILING TO REDUCE SPEED TO AVOID CRASH,FAILING TO YIELD RIGHT-OF-WAY,6600,W,PALATINE AVE,1611,,,,,,,2,NO INDICATION OF INJURY,0,0,0,0,0,2,0,14,1,7,41.9956248156,-87.7920597967,POINT (-87.792059796708 41.99562481563)
0734fac8e33bd2306e035d46facaa3aae5de04e29b97f0faea8f203d8fab255ce671cd130cedef7f21cefab23eab4f6f26c7d39942264b34ee10b4af09e794fd,,07/20/2025 02:15:00 PM,30,TRAFFIC SIGNAL,FUNCTIONING PROPERLY,CLEAR,DAYLIGHT,TURNING,NOT DIVIDED,,STRAIGHT AND LEVEL,DRY,NO DEFECTS,,NO INJURY / DRIVE AWAY,,,,"OVER $1,500",07/20/2025 02:30:00 PM,FOLLOWING TOO CLOSELY,FAILING TO REDUCE SPEED TO AVOID CRASH,5200,W,63RD ST,813,,,,,,,2,NO INDICATION OF INJURY,0,0,0,0,0,2,0,14,1,7,41.7783498919,-87.7520697142,POINT (-87.752069714228 41.778349891866)
bd6e19d702ecfa490f50a922106f630f91d3ec0d3aa2e6c3a4d0fc61d6e084c5810d5e331a3c30b9096945a56cb3d3e116699e37bc577185e7b48742ef9facc4,,07/20/2025 02:04:00 PM,30,UNKNOWN,UNKNOWN,UNKNOWN,DAYLIGHT,REAR END,NOT DIVIDED,,STRAIGHT AND LEVEL,UNKNOWN,UNKNOWN,NOT ON SCENE (DESK REPORT),NO INJURY / DRIVE AWAY,,,,$500 OR LESS,07/20/2025 09:30:00 PM,FOLLOWING TOO CLOSELY,FOLLOWING TOO CLOSELY,2160,S,ARCHER AVE,914,,,,,,,2,NO INDICATION OF INJURY,0,0,0,0,0,2,0,14,1,7,41.8533045121,-87.6341768834,POINT (-87.634176883447 41.853304512107)
024317475cf129613def82ea924ba6ab176d04c5ae103fcf98deb23ff22ed6989d8e7f91833d3e854e781a50ec1b5d4f40dc4ba9ce91ac6ab781e398469320e9,,07/20/2025 02:00:00 PM,30,TRAFFIC SIGNAL,FUNCTIONING PROPERLY,CLEAR,DAYLIGHT,TURNING,NOT DIVIDED,,STRAIGHT AND LEVEL,DRY,NO DEFECTS,NOT ON SCENE (DESK REPORT),INJURY AND / OR TOW DUE TO CRASH,Y,,,"OVER $1,500",07/20/2025 06:35:00 PM,DISREGARDING TRAFFIC SIGNALS,FAILING TO REDUCE SPEED TO AVOID CRASH,5889,S,ARCHER AVE,814,,,,,,,2,NO INDICATION OF INJURY,0,0,0,0,0,2,0,14,1,7,41.7956063793,-87.7623130385,POINT (-87.762313038499 41.795606379328)
2c621f4dd91d806d7531361bce2f8a706e696a2413506c143955be484ce8e34e99ab3fe2db96c0626b513f41271846bbaf9721bfb9a9f4287c404e0684c03856,,07/20/2025 02:00:00 PM,30,STOP SIGN/FLASHER,NO CONTROLS,CLEAR,DAYLIGHT,REAR TO SIDE,FOUR WAY,,STRAIGHT AND LEVEL,DRY,NO DEFECTS,NOT ON SCENE (DESK REPORT),NO INJURY / DRIVE AWAY,,,,"OVER $1,500",07/27/2025 08:31:00 PM,IMPROPER BACKING,FAILING TO YIELD RIGHT-OF-WAY,11806,S,LAFAYETTE AVE,522,,,,,,,2,NO INDICATION OF INJURY,0,0,0,0,0,2,0,14,1,7,41.6795715767,-87.6240892053,POINT (-87.624089205313 41.679571576707)
eaab3c1811b9900b428a38cb6178f2b11e1dcc08d0a2acb728d205e3e255f8a697c1565e1bfad23db8cfe463c42d4e146ea7371b4ecb0c5615405a7c5e76f039,Y,07/20/2025 02:00:00 PM,30,STOP SIGN/FLASHER,FUNCTIONING PROPERLY,CLEAR,DAYLIGHT,ANGLE,FOUR WAY,,STRAIGHT AND LEVEL,DRY,NO DEFECTS,NOT ON SCENE (DESK REPORT),NO INJURY / DRIVE AWAY,Y,,,"OVER $1,500",07/20/2025 02:40:00 PM,UNABLE TO DETERMINE,UNABLE TO DETERMINE,4600,S,MICHIGAN AVE,215,,,,,,,2,NO INDICATION OF INJURY,0,0,0,0,0,2,0,14,1,7,41.8110070469,-87.6230291092,POINT (-87.623029109238 41.811007046873)
80e08759f2f8a4fb4a4500c7306164e46ff584cf9f7bef57be5915391c3acace345d386b48adbf45d6a1cc8f4986966ccbcca0022e4f5aad012fed3c5ed9b8e1,,07/20/2025 01:56:00 PM,25,NO CONTROLS,NO CONTROLS,UNKNOWN,UNKNOWN,PARKED MOTOR VEHICLE,NOT DIVIDED,,STRAIGHT ON GRADE,UNKNOWN,UNKNOWN,NOT ON SCENE (DESK REPORT),NO INJURY / DRIVE AWAY,,,Y,"OVER $1,500",07/20/2025 04:00:00 PM,UNABLE TO DETERMINE,UNABLE TO DETERMINE,7415,S,KIMBARK AVE,324,,,,,,,2,NO INDICATION OF INJURY,0,0,0,0,0,1,0,13,1,7,41.7600429138,-87.5931153468,POINT (-87.593115346842 41.760042913782)
e1c70efc7ec5e6f4bbd93ceb4d6e1a38e4c982c2687e0f50690a8c6afc332515aec9746dcd13ef2f3e4ead53cc8fb93b5219d0260820779920c7931f6ca32d78,,07/20/2025 01:55:00 PM,35,UNKNOWN,UNKNOWN,UNKNOWN,DAYLIGHT,SIDESWIPE SAME DIRECTION,NOT DIVIDED,,STRAIGHT AND LEVEL,UNKNOWN,UNKNOWN,NOT ON SCENE (DESK REPORT),NO INJURY / DRIVE AWAY,,,,"OVER $1,500",07/20/2025 03:20:00 PM,NOT APPLICABLE,NOT APPLICABLE,1400,N,LA SALLE DR,1821,,,,,,,2,NO INDICATION OF INJURY,0,0,0,0,0,2,0,13,1,7,41.9077733432,-87.6331949479,POINT (-87.633194947891 41.907773343231)