CRASH_RECORD_ID,CRASH_DATE_EST_I,CRASH_DATE,POSTED_SPEED_LIMIT,TRAFFIC_CONTROL_DEVICE,DEVICE_CONDITION,WEATHER_CONDITION,LIGHTING_CONDITION,FIRST_CRASH_TYPE,TRAFFICWAY_TYPE,LANE_CNT,ALIGNMENT,ROADWAY_SURFACE_COND,ROAD_DEFECT,REPORT_TYPE,CRASH_TYPE,INTERSECTION_RELATED_I,NOT_RIGHT_OF_WAY_I,HIT_AND_RUN_I,DAMAGE,DATE_POLICE_NOTIFIED,PRIM_CONTRIBUTORY_CAUSE,SEC_CONTRIBUTORY_CAUSE,STREET_NO,STREET_DIRECTION,STREET_NAME,BEAT_OF_OCCURRENCE,PHOTOS_TAKEN_I,STATEMENTS_TAKEN_I,DOORING_I,WORK_ZONE_I,WORK_ZONE_TYPE,WORKERS_PRESENT_I,NUM_UNITS,MOST_SEVERE_INJURY,INJURIES_TOTAL,INJURIES_FATAL,INJURIES_INCAPACITATING,INJURIES_NON_INCAPACITATING,INJURIES_REPORTED_NOT_EVIDENT,INJURIES_NO_INDICATION,INJURIES_UNKNOWN,CRASH_HOUR,CRASH_DAY_OF_WEEK,CRASH_MONTH,LATITUDE,LONGITUDE,LOCATION
5eba32fb9f51b3380a5854a1e835b8eb05a29e379c0b0c1947a5426d303ee7e4deb699021143231443ad0338ad6b74d66021314da7562065aa4b26264a8408d5,,07/20/2025 01:50:00 PM,30,TRAFFIC SIGNAL,FUNCTIONING PROPERLY,RAIN,DAYLIGHT,REAR END,T-INTERSECTION,,STRAIGHT AND LEVEL,WET,NO DEFECTS,NOT ON SCENE (DESK REPORT),NO INJURY / DRIVE AWAY,Y,,,"OVER $1,500",07/21/2025 09:15:00 AM,FOLLOWING TOO CLOSELY,UNABLE TO DETERMINE,200,E,ROOSEVELT RD,114,,,,,,,3,NO INDICATION OF INJURY,0,0,0,0,0,3,0,13,1,7,41.867594625,-87.6224974739,POINT (-87.622497473924 41.867594625045)
20baee916bafed5dcf5523f66367b93971746b5080d2ab2cdabee3b39b44973093af2e59a2af3c977ae873faa1be43b69161a6337996070721dceddcf95f5c46,,07/20/2025 01:49:00 PM,30,NO CONTROLS,NO CONTROLS,CLEAR,DAYLIGHT,PARKED MOTOR VEHICLE,ONE-WAY,,STRAIGHT AND LEVEL,DRY,NO DEFECTS,NOT ON SCENE (DESK REPORT),NO INJURY / DRIVE AWAY,,,Y,$500 OR LESS,07/20/2025 02:49:00 PM,NOT APPLICABLE,NOT APPLICABLE,6120,S,JUSTINE ST,713,,,,,,,2,NO INDICATION OF INJURY,0,0,0,0,0,1,0,13,1,7,41.7824705171,-87.6632051838,POINT (-87.663205183759 41.78247051714)
650e85635b1e78153d7c0121e5550c3d2536280ca0d2bc370df37c77ef5f33b33ee4e46e8f1d24159573039923a045fc5a59e5601c616d081aac27180dfd1a9f,,07/20/2025 01:45:00 PM,30,NO CONTROLS,NO CONTROLS,CLEAR,DAYLIGHT,PARKED MOTOR VEHICLE,NOT DIVIDED,,STRAIGHT AND LEVEL,DRY,NO DEFECTS,NOT ON SCENE (DESK REPORT),NO INJURY / DRIVE AWAY,,,Y,"OVER $1,500",07/20/2025 02:00:00 PM,UNABLE TO DETERMINE,NOT APPLICABLE,1620,W,18TH ST,1234,,,,,,,2,NO INDICATION OF INJURY,0,0,0,0,0,1,0,13,1,7,41.8578868063,-87.6671571877,POINT (-87.667157187749 41.857886806297)
a3720881ae9a34e1887b33f6398248a784bda9354583cb6bf89e0381b0ce3fee0dc93387ad0b6afb7d7fd99197082230744f2daf0a2f5718c404f25981b9c183,Y,07/20/2025 01:45:00 PM,25,NO CONTROLS,NO CONTROLS,CLEAR,DAYLIGHT,PARKED MOTOR VEHICLE,ONE-WAY,,STRAIGHT AND LEVEL,DRY,NO DEFECTS,NOT ON SCENE (DESK REPORT),NO INJURY / DRIVE AWAY,,,Y,"OVER $1,500",07/21/2025 01:15:00 PM,UNABLE TO DETERMINE,UNABLE TO DETERMINE,3618,W,AINSLIE ST,1712,,,,,,,2,NO INDICATION OF INJURY,0,0,0,0,0,1,0,13,1,7,41.9702687279,-87.7191290729,POINT (-87.719129072943 41.970268727929)
2a75e66031a90f1622babf21833cf25709150e8e40ba1b9f4266281d13a4d25e0b9897de8a183acbc3c100ddcc0cbff682abae37c8999f72465d45dfd70fa7e2,,07/20/2025 01:30:00 PM,30,STOP SIGN/FLASHER,UNKNOWN,CLEAR,DAYLIGHT,REAR END,FOUR WAY,,STRAIGHT AND LEVEL,DRY,UNKNOWN,NOT ON SCENE (DESK REPORT),INJURY AND / OR TOW DUE TO CRASH,,,,"OVER $1,500",07/20/2025 02:55:00 PM,FOLLOWING TOO CLOSELY,NOT APPLICABLE,820,N,WESTERN AVE,1212,,,,,,,2,NONINCAPACITATING INJURY,1,0,0,1,0,1,0,13,1,7,41.8964719577,-87.6870083034,POINT (-87.687008303418 41.896471957658)
2eba8ec645f876b29c87506ae54d94f03024a5460e6935ae4887f95becde7bad7306f792614c1deb95ec5ec5fea6853facf9dc807c3da33e2e7660a4a791eb8c,,07/20/2025 01:30:00 PM,10,NO CONTROLS,NO CONTROLS,CLEAR,DAYLIGHT,REAR TO SIDE,PARKING LOT,,STRAIGHT AND LEVEL,DRY,NO DEFECTS,NOT ON SCENE (DESK REPORT),NO INJURY / DRIVE AWAY,,Y,,"OVER $1,500",07/20/2025 02:49:00 PM,IMPROPER BACKING,FAILING TO YIELD RIGHT-OF-WAY,4401,W,ARMITAGE AVE,2533,,,,,,,2,NO INDICATION OF INJURY,0,0,0,0,0,2,0,13,1,7,41.9169344398,-87.7363871475,POINT (-87.736387147508 41.916934439845)
35d78cffb0a2f49088b09a26fdc2f9c4da02f545d169bef12b603d788cfa5ae5f82c461f6e60b4de9b8d36de1ff9122b51961d0bce8cc1146053c723035df42c,,07/20/2025 01:30:00 PM,30,TRAFFIC SIGNAL,FUNCTIONING PROPERLY,CLEAR,DAYLIGHT,REAR TO FRONT,NOT DIVIDED,,STRAIGHT AND LEVEL,DRY,NO DEFECTS,NOT ON SCENE (DESK REPORT),NO INJURY / DRIVE AWAY,,,,"OVER $1,500",07/21/2025 02:00:00 PM,IMPROPER BACKING,IMPROPER BACKING,2358,W,43RD ST,921,,,,,,,2,NO INDICATION OF INJURY,0,0,0,0,0,2,0,13,1,7,41.8158143069,-87.6839802863,POINT (-87.683980286316 41.815814306919)
d1ca8c31b5c23d0bd5b5c46831264640cf42e4a42ac4b2b9026d51093d5033dda09d3e9f1a41b320f506416fe3cdd1ce1527fa9ed2b58153904dc2ea3cbe5430,,07/20/2025 01:30:00 PM,30,NO CONTROLS,NO CONTROLS,CLEAR,DAYLIGHT,REAR TO FRONT,DIVIDED - W/MEDIAN (NOT RAISED),,STRAIGHT AND LEVEL,DRY,NO DEFECTS,ON SCENE,INJURY AND / OR TOW DUE TO CRASH,,,,"OVER $1,500",07/20/2025 01:45:00 PM,IMPROPER BACKING,UNABLE TO DETERMINE,4415,N,BROADWAY,1914,,,,,,,2,NONINCAPACITATING INJURY,2,0,0,2,0,1,0,13,1,7,41.9622518529,-87.6552979432,POINT (-87.65529794318 41.962251852895)
c406610dd374cf226185b938a0ef8cf7824378f0d6e90df01d77da2e6024947f7dd7441f927ddbcb407f249a14bb6386924f5eac23abe061ac37f0ed19774a18,,07/20/2025 01:20:00 PM,30,TRAFFIC SIGNAL,FUNCTIONING PROPERLY,CLEAR,DAYLIGHT,TURNING,DIVIDED - W/MEDIAN (NOT RAISED),,STRAIGHT AND LEVEL,DRY,NO DEFECTS,NOT ON SCENE (DESK REPORT),NO INJURY / DRIVE AWAY,,,,"OVER $1,500",07/20/2025 01:20:00 PM,IMPROPER TURNING/NO SIGNAL,DRIVING SKILLS/KNOWLEDGE/EXPERIENCE,1612,E,79TH ST,411,,,,,,,2,NO INDICATION OF INJURY,0,0,0,0,0,3,0,13,1,7,41.7516101757,-87.5851428051,POINT (-87.585142805148 41.75161017568)
e53cbf09c2be2805377d7e5fbe4bfa9d369d35589d890444e0683102a5edb2360ec24c4ef488110e1820e2776daa81663d4e9eba920766ffafef1112a9c9a218,Y,07/20/2025 01:20:00 PM,30,STOP SIGN/FLASHER,FUNCTIONING PROPERLY,CLEAR,DAYLIGHT,TURNING,DIVIDED - W/MEDIAN (NOT RAISED),,STRAIGHT AND LEVEL,DRY,UNKNOWN,ON SCENE,INJURY AND / OR TOW DUE TO CRASH,Y,,,"OVER $1,500",07/20/2025 01:33:00 PM,UNABLE TO DETERMINE,NOT APPLICABLE,6130,W,DIVERSEY AVE,2511,,,,,,,3,INCAPACITATING INJURY,1,0,1,0,0,3,0,13,1,7,41.9311957355,-87.779674855,POINT (-87.779674854961 41.931195735457)
616ffd6c3a22fc9be2e3b6699ff66edb052db2bb577c8770a3c3feeefeddd8e3a049d37971f1f4218a2da80a54a6ccd4afc58143166e62e27947d7fe3b8724c6,,07/20/2025 01:10:00 PM,30,TRAFFIC SIGNAL,FUNCTIONING PROPERLY,CLEAR,DAYLIGHT,REAR END,FOUR WAY,,STRAIGHT AND LEVEL,DRY,NO DEFECTS,NOT ON SCENE (DESK REPORT),INJURY AND / OR TOW DUE TO CRASH,,,,"OVER $1,500",07/22/2025 07:20:00 PM,FOLLOWING TOO CLOSELY,NOT APPLICABLE,3401,W,CHICAGO AVE,1121,,,,,,,2,"REPORTED, NOT EVIDENT",2,0,0,0,2,0,0,13,1,7,41.8953963319,-87.7114951753,POINT (-87.711495175253 41.895396331883)
61703b1c35a27217a07a529cb9da27f925f69f86a432850153abaa3e98b22c43c688fac3e9ebcbbec7fd0518d32f8e092cd1a5a765c921d5f028b3b14f8644ac,,07/20/2025 01:10:00 PM,25,NO CONTROLS,NO CONTROLS,CLEAR,DAYLIGHT,PARKED MOTOR VEHICLE,ONE-WAY,,STRAIGHT AND LEVEL,DRY,NO DEFECTS,ON SCENE,NO INJURY / DRIVE AWAY,,,,"OVER $1,500",07/20/2025 01:11:00 PM,IMPROPER LANE USAGE,UNABLE TO DETERMINE,3,W,TERMINAL ST,1653,,,,,,,2,NO INDICATION OF INJURY,0,0,0,0,0,3,0,13,1,7,,,
0ea260341a1a5e47ec52251b15474e04602c088d630c148a1d0797ce918ce7112123cc3eeee24a793baeb1e42799107fff74e4b22b4652c9d09c97199a22f520,,07/20/2025 01:00:00 PM,30,UNKNOWN,UNKNOWN,CLEAR,DAYLIGHT,SIDESWIPE SAME DIRECTION,NOT DIVIDED,,STRAIGHT AND LEVEL,UNKNOWN,UNKNOWN,NOT ON SCENE (DESK REPORT),NO INJURY / DRIVE AWAY,,,,"OVER $1,500",07/20/2025 02:00:00 PM,UNABLE TO DETERMINE,UNABLE TO DETERMINE,700,W,ADAMS ST,121,,,,,,,2,NO INDICATION OF INJURY,0,0,0,0,0,2,0,13,1,7,41.8793673963,-87.6441054613,POINT (-87.644105461341 41.879367396259)
3986b5b91cb04dfa153eca17ddfede0958dc680c9d789674ffabec707f92797cbf6334126d0492d31ae1805e376536335949e2d1241f35d6aa3a07e164db5474,,07/20/2025 01:00:00 PM,30,NO CONTROLS,NO CONTROLS,CLEAR,DAYLIGHT,REAR END,NOT DIVIDED,,STRAIGHT AND LEVEL,DRY,NO DEFECTS,NOT ON SCENE (DESK REPORT),NO INJURY / DRIVE AWAY,,,,"OVER $1,500",07/21/2025 12:25:00 PM,UNABLE TO DETERMINE,NOT APPLICABLE,2001,W,LAWRENCE AVE,1911,,,,,,,2,NO INDICATION OF INJURY,0,0,0,0,0,2,0,13,1,7,41.968645633,-87.6792441513,POINT (-87.679244151273 41.968645632956)
6f0cef8b57d97e1e46cb0e72c5034faa3712873b9d921c40c2a7fa101a030f7e42f81620495bfc6a72fbf748dc7a00a96e55259a74646055f74939c5e29d3eff,,07/20/2025 01:00:00 PM,30,NO CONTROLS,NO CONTROLS,CLEAR,DAYLIGHT,REAR END,DIVIDED - W/MEDIAN (NOT RAISED),,STRAIGHT AND LEVEL,DRY,NO DEFECTS,NOT ON SCENE (DESK REPORT),INJURY AND / OR TOW DUE TO CRASH,,,,"OVER $1,500",07/20/2025 01:20:00 PM,FOLLOWING TOO CLOSELY,FAILING TO REDUCE SPEED TO AVOID CRASH,4117,W,LAWRENCE AVE,1722,,,,,,,2,"REPORTED, NOT EVIDENT",1,0,0,0,1,2,0,13,1,7,41.9680951939,-87.731233524,POINT (-87.731233523959 41.968095193901)
7294e2c7ccf30532f09b1912fcce6f9f8500e5ba5e1b60024cc799f092e211ca875f6f8f94e9056eca109680884d0899cfc48d5401a3542af8e927b25992813a,,07/20/2025 01:00:00 PM,30,NO CONTROLS,NO CONTROLS,CLEAR,DAYLIGHT,ANGLE,Y-INTERSECTION,,STRAIGHT AND LEVEL,DRY,UNKNOWN,ON SCENE,INJURY AND / OR TOW DUE TO CRASH,Y,,Y,"OVER $1,500",07/20/2025 01:05:00 PM,UNABLE TO DETERMINE,UNABLE TO DETERMINE,3626,W,83RD ST,834,,,,,,,2,NO INDICATION OF INJURY,0,0,0,0,0,2,0,13,1,7,41.7424285962,-87.7130808237,POINT (-87.713080823718 41.742428596249)
a3f940b0036cfedb917e067068c30e8d2077e9283cda1db28c2ddcd6362b63bf66c456c4347f006efdf362ab1b0776eff777af62a57e3c89d1a95aac01496a5f,,07/20/2025 01:00:00 PM,30,STOP SIGN/FLASHER,FUNCTIONING PROPERLY,CLOUDY/OVERCAST,DAYLIGHT,ANGLE,DIVIDED - W/MEDIAN (NOT RAISED),,STRAIGHT AND LEVEL,DRY,NO DEFECTS,NOT ON SCENE (DESK REPORT),NO INJURY / DRIVE AWAY,Y,,,"OVER $1,500",07/22/2025 01:00:00 PM,"VISION OBSCURED (SIGNS, TREE LIMBS, BUILDINGS, ETC.)",FAILING TO YIELD RIGHT-OF-WAY,8300,S,DREXEL AVE,632,,,,,,,2,NO INDICATION OF INJURY,0,0,0,0,0,2,0,13,1,7,41.7439147377,-87.6027433428,POINT (-87.6027433428 41.743914737658)
4c05e43efea00f00159616b90bc933ce57f15e9cff83cfda9eeb71fa8956f24f497acf181e0519deb5796b4f38d00db1edb7e3d0c127632b98491959bd89eef3,,07/20/2025 12:58:00 PM,30,NO CONTROLS,NO CONTROLS,CLEAR,DAYLIGHT,SIDESWIPE SAME DIRECTION,NOT DIVIDED,,STRAIGHT AND LEVEL,UNKNOWN,UNKNOWN,ON SCENE,INJURY AND / OR TOW DUE TO CRASH,,,,"OVER $1,500",07/20/2025 01:01:00 PM,FAILING TO YIELD RIGHT-OF-WAY,IMPROPER TURNING/NO SIGNAL,1100,S,CANAL ST,124,,,,,,,2,INCAPACITATING INJURY,1,0,1,0,0,1,0,12,1,7,41.86888416,-87.6393925403,POINT (-87.639392540279 41.868884160018)
58f73c6b87ce25540d77501d03235d222468ce7842eb224b4668aee03ab8b17ff7d1a68cfa28061f2c3c7b5144c9936f6cc597ac0150e94d1b88ba18f27ec165,,07/20/2025 12:45:00 PM,30,UNKNOWN,UNKNOWN,UNKNOWN,DAYLIGHT,REAR END,DIVIDED - W/MEDIAN (NOT RAISED),,STRAIGHT AND LEVEL,UNKNOWN,UNKNOWN,NOT ON SCENE (DESK REPORT),NO INJURY / DRIVE AWAY,,,,"$501 - $1,500",07/20/2025 01:10:00 PM,UNABLE TO DETERMINE,NOT APPLICABLE,1743,W,LAWRENCE AVE,1912,,,,,,,2,NO INDICATION OF INJURY,0,0,0,0,0,2,0,12,1,7,41.9687307336,-87.6726720328,POINT (-87.672672032757 41.968730733567)
e5c6da45cea1df4bc23c7ea3c051da7701fd219909d8ef4124df49eb1a53539c71e5e7d6a92deeeb09f1027cff5dae4f00d1c0fc75e525384325f0e883634573,,07/20/2025 12:45:00 PM,30,TRAFFIC SIGNAL,FUNCTIONING PROPERLY,CLEAR,DAYLIGHT,REAR END,NOT DIVIDED,,STRAIGHT AND LEVEL,DRY,NO DEFECTS,NOT ON SCENE (DESK REPORT),NO INJURY / DRIVE AWAY,,,,"OVER $1,500",07/20/2025 01:04:00 PM,FAILING TO REDUCE SPEED TO AVOID CRASH,FOLLOWING TOO CLOSELY,7540,S,PULASKI RD,833,,,,,,,2,NO INDICATION OF INJURY,0,0,0,0,0,3,0,12,1,7,41.7556961334,-87.722299343,POINT (-87.722299343 41.75569613336)
a6cd3707fa2957cfcb0c69756fa64c8618066da4b275691af52aec93361414d2e212818cdf798bcc81c769d1d4c5c8f918dfe4b198c077f48c59428791c5f7e9,,07/20/2025 12:40:00 PM,30,TRAFFIC SIGNAL,NO CONTROLS,CLEAR,DAYLIGHT,SIDESWIPE SAME DIRECTION,DIVIDED - W/MEDIAN (NOT RAISED),,STRAIGHT AND LEVEL,DRY,NO DEFECTS,NOT ON SCENE (DESK REPORT),NO INJURY / DRIVE AWAY,,,,"OVER $1,500",07/20/2025 03:15:00 PM,IMPROPER TURNING/NO SIGNAL,NOT APPLICABLE,4100,W,MONTROSE AVE,1722,,,,,,,2,NO INDICATION OF INJURY,0,0,0,0,0,3,0,12,1,7,41.9610357561,-87.7297638941,POINT (-87.729763894094 41.961035756069)
1a78f1b49f2b2a7892c11dc48ff87063179faaaf98c5f09777a5498ca4b98395143d69e88c7957eaaccc44845f2d325bdbd1a662b5fafa3c3b0d616e900bca9f,,07/20/2025 12:34:00 PM,30,STOP SIGN/FLASHER,FUNCTIONING PROPERLY,CLEAR,DAYLIGHT,TURNING,T-INTERSECTION,,STRAIGHT AND LEVEL,DRY,UNKNOWN,NOT ON SCENE (DESK REPORT),NO INJURY / DRIVE AWAY,Y,,,"OVER $1,500",07/20/2025 01:48:00 PM,UNABLE TO DETERMINE,NOT APPLICABLE,792,N,KILBOURN AVE,1111,,,,,,,2,NO INDICATION OF INJURY,0,0,0,0,0,2,0,12,1,7,41.8949676079,-87.7409395563,POINT (-87.740939556288 41.894967607891)
9f81cab250daa2ff6ed4d3d575ace446628fd1b01e7ab60a482cc06c27f627e53d026086817a5289d417ca8a8f32741cddbad4def9feb125fe2293194aab5bed,,07/20/2025 12:30:00 PM,30,NO CONTROLS,NO CONTROLS,CLEAR,DAYLIGHT,SIDESWIPE SAME DIRECTION,NOT DIVIDED,,STRAIGHT AND LEVEL,DRY,NO DEFECTS,ON SCENE,NO INJURY / DRIVE AWAY,,,,"OVER $1,500",07/20/2025 01:10:00 PM,UNABLE TO DETERMINE,NOT APPLICABLE,1157,S,CANAL ST,124,,,,,,,2,NO INDICATION OF INJURY,0,0,0,0,0,2,0,12,1,7,41.8673956338,-87.6390446683,POINT (-87.63904466825 41.867395633788)
d2fd160f3c457d2f6f1904b3ebaaaa088eefd0e757e1119afbb027062b68d56a4e3801ebf703b4422e7931a3cacdd8f373d1eed7b92b4db5850fdc7e50776d50,,07/20/2025 12:30:00 PM,30,NO CONTROLS,NO CONTROLS,CLEAR,DAYLIGHT,PARKED MOTOR VEHICLE,PARKING LOT,,STRAIGHT AND LEVEL,DRY,NO DEFECTS,NOT ON SCENE (DESK REPORT),NO INJURY / DRIVE AWAY,,,Y,"OVER $1,500",07/21/2025 10:58:00 AM,DRIVING SKILLS/KNOWLEDGE/EXPERIENCE,UNABLE TO DETERMINE,7621,S,GREENWOOD AVE,624,,,,,,,2,NO INDICATION OF INJURY,0,0,0,0,0,1,0,12,1,7,41.7561333014,-87.5978554655,POINT (-87.597855465466 41.756133301387)
02e7630997a87fb58318a0a188671b31b0d51763362126854ead2b2f9e735ba5fb284812b74f2eb35332a5d66b1206d2b3e1146894bd9c0d3c45041342020af3,,07/20/2025 12:25:00 PM,30,NO CONTROLS,NO CONTROLS,CLEAR,DAYLIGHT,PARKED MOTOR VEHICLE,NOT DIVIDED,,STRAIGHT AND LEVEL,DRY,NO DEFECTS,ON SCENE,NO INJURY / DRIVE AWAY,,,Y,"OVER $1,500",07/20/2025 12:45:00 PM,UNABLE TO DETERMINE,UNABLE TO DETERMINE,5546,S,SPRINGFIELD AVE,822,,,,,,,2,NO INDICATION OF INJURY,0,0,0,0,0,1,0,12,1,7,41.7918097809,-87.7208170385,POINT (-87.720817038466 41.791809780877)
9b8c9681c13a43d1bf417f3acdff23f5a272cf844bcbdf172a21190714162e706c4946934e6a1f2ae1c8502150970cbff1a59a4052e936e3bcf87cf31d57b856,,07/20/2025 12:21:00 PM,30,TRAFFIC SIGNAL,FUNCTIONING PROPERLY,CLEAR,DAYLIGHT,TURNING,UNKNOWN INTERSECTION TYPE,,STRAIGHT AND LEVEL,DRY,UNKNOWN,,INJURY AND / OR TOW DUE TO CRASH,Y,,,"OVER $1,500",07/20/2025 12:21:00 PM,IMPROPER TURNING/NO SIGNAL,NOT APPLICABLE,3901,W,OGDEN AVE,1014,,N,,,,,3,NONINCAPACITATING INJURY,1,0,0,1,0,5,0,12,1,7,41.8517756733,-87.7222749684,POINT (-87.722274968419 41.851775673307)
3138fd1fa2e48f580369a25c107c9e0156f81793bdcd862f557c63a286990e20297b814cfd4683ca934d12dcc29a674dc40e08a0bd75655b55efbd56776cd4a0,,07/20/2025 12:15:00 PM,10,NO CONTROLS,NO CONTROLS,CLEAR,DAYLIGHT,PARKED MOTOR VEHICLE,PARKING LOT,,STRAIGHT AND LEVEL,DRY,NO DEFECTS,NOT ON SCENE (DESK REPORT),NO INJURY / DRIVE AWAY,,Y,Y,"OVER $1,500",07/20/2025 12:47:00 PM,IMPROPER OVERTAKING/PASSING,NOT APPLICABLE,719,E,SOLIDARITY DR,132,,,,,,,2,NO INDICATION OF INJURY,0,0,0,0,0,2,0,12,1,7,41.8660419325,-87.6108293161,POINT (-87.610829316082 41.866041932461)
214b64a272f1f62584a5988e8437920475061f9e0ebfa6155be84f49fb1f2f7118d81d0e9db7bc71b0d49556c63460b0676ee041946bcdcc86d907cf14fbb3a1,,07/20/2025 12:09:00 PM,30,STOP SIGN/FLASHER,NO CONTROLS,CLEAR,DAYLIGHT,ANGLE,DIVIDED - W/MEDIAN (NOT RAISED),,STRAIGHT AND LEVEL,DRY,NO DEFECTS,ON SCENE,NO INJURY / DRIVE AWAY,Y,,,"OVER $1,500",07/20/2025 12:09:00 PM,DRIVING SKILLS/KNOWLEDGE/EXPERIENCE,UNABLE TO DETERMINE,2498,W,71ST ST,832,,,,,,,2,NO INDICATION OF INJURY,0,0,0,0,0,3,0,12,1,7,41.7647689478,-87.6856310815,POINT (-87.685631081545 41.764768947823)
76efc19e6705116eccd66313a63163844b19e36e26081b53546523454e6e8136fc0a889203ff497c8a9f18a907193506647cc858000b96f03488e11dffac84c1,,07/20/2025 12:00:00 PM,30,TRAFFIC SIGNAL,FUNCTIONING PROPERLY,CLEAR,DAYLIGHT,SIDESWIPE SAME DIRECTION,FOUR WAY,,STRAIGHT AND LEVEL,DRY,NO DEFECTS,NOT ON SCENE (DESK REPORT),NO INJURY / DRIVE AWAY,,,,"OVER $1,500",07/20/2025 12:25:00 PM,UNABLE TO DETERMINE,NOT APPLICABLE,3210,N,CICERO AVE,1634,,,,,,,2,NO INDICATION OF INJURY,0,0,0,0,0,2,0,12,1,7,41.93916408,-87.7470229014,POINT (-87.747022901371 41.939164079993)
032d3b9c073a673c49999da482a4e793fe4d7aa5715f906e010a53cdd86f9cf6a0338d4d0b9a442f6aed3b11f14f2a0b75222c2b6a852a695ef1e49ff4583cbd,,07/20/2025 11:50:00 AM,30,TRAFFIC SIGNAL,FUNCTIONING PROPERLY,CLEAR,DAYLIGHT,REAR END,NOT DIVIDED,,STRAIGHT AND LEVEL,DRY,NO DEFECTS,NOT ON SCENE (DESK REPORT),NO INJURY / DRIVE AWAY,,,,"$501 - $1,500",07/20/2025 12:10:00 PM,FAILING TO REDUCE SPEED TO AVOID CRASH,NOT APPLICABLE,800,N,DAMEN AVE,1212,,,,,,,2,NO INDICATION OF INJURY,0,0,0,0,0,3,0,11,1,7,41.895933348,-87.6771999165,POINT (-87.677199916526 41.895933347984)
855906766e4421fb014e80a39f88ae283522f275a38da5c119a5fd7511a04d0e058b27e4337d8850d800844ed12a8a768debb428456a5dace7e68a81c7762bea,,07/20/2025 11:50:00 AM,25,NO CONTROLS,NO CONTROLS,CLEAR,DAYLIGHT,PARKED MOTOR VEHICLE,NOT DIVIDED,,STRAIGHT AND LEVEL,DRY,NO DEFECTS,ON SCENE,NO INJURY / DRIVE AWAY,,,,$500 OR LESS,07/20/2025 12:30:00 PM,IMPROPER BACKING,UNABLE TO DETERMINE,1330,E,53RD ST,234,,,,,,,2,NO INDICATION OF INJURY,0,0,0,0,0,1,0,11,1,7,41.7995978694,-87.5937610369,POINT (-87.593761036881 41.79959786939)
7adf5bd619133866ebae675c703d5ccad8f1678ca69d81d9dc4b11e184e24fa13dc9741c7932ebfcfb783b2f7becb6780b24c699f6d2284dba40ca4463733ad8,,07/20/2025 11:34:00 AM,25,NO CONTROLS,NO CONTROLS,CLEAR,DAYLIGHT,PARKED MOTOR VEHICLE,PARKING LOT,,STRAIGHT AND LEVEL,DRY,NO DEFECTS,NOT ON SCENE (DESK REPORT),NO INJURY / DRIVE AWAY,,Y,,"OVER $1,500",07/20/2025 01:50:00 PM,UNABLE TO DETERMINE,UNABLE TO DETERMINE,5829,S,ARCHER AVE,814,,,,,,,2,NO INDICATION OF INJURY,0,0,0,0,0,1,0,11,1,7,41.7960196245,-87.7596833672,POINT (-87.759683367185 41.796019624453)
76834764b7deee2ccd5a552de618a4d06c3f2a17784e87cb386b5df86b589282adb8333afc99268e62f80ce8150bbacf2882754006f03efbbaf3580609572410,,07/20/2025 11:20:00 AM,25,NO CONTROLS,NO CONTROLS,CLEAR,DAYLIGHT,REAR TO FRONT,NOT DIVIDED,,STRAIGHT AND LEVEL,UNKNOWN,UNKNOWN,NOT ON SCENE (DESK REPORT),NO INJURY / DRIVE AWAY,,,,"OVER $1,500",07/20/2025 01:30:00 PM,UNABLE TO DETERMINE,UNABLE TO DETERMINE,2118,E,70TH ST,331,,,,,,,2,NO INDICATION OF INJURY,0,0,0,0,0,4,0,11,1,7,41.768123039,-87.5730828626,POINT (-87.573082862621 41.768123038965)
33d3de7812fc7de42b07c6c8e848ecd5f45f4005b470404e4bc5debca39c5855b6ac50ef8adffc94e71864fe4b6875b7c89d3408c676b294420113988b98dfd0,,07/20/2025 11:19:00 AM,30,TRAFFIC SIGNAL,FUNCTIONING PROPERLY,CLOUDY/OVERCAST,DAYLIGHT,TURNING,NOT DIVIDED,,STRAIGHT AND LEVEL,DRY,NO DEFECTS,ON SCENE,INJURY AND / OR TOW DUE TO CRASH,Y,,,"OVER $1,500",07/20/2025 11:19:00 AM,UNABLE TO DETERMINE,UNABLE TO DETERMINE,8632,S,SUMMIT AVE,613,N,N,,,,,2,NONINCAPACITATING INJURY,2,0,0,2,0,0,0,11,1,7,41.7370355437,-87.6449509606,POINT (-87.644950960598 41.737035543705)
4ca6aee66e2f52ca3b6dac6826474d5c7590a9f691edf576c5d925767fbf01f8fd397937bc8e8a4c7b25a46af7304359d39aa37ca6919b61aa9f3d7b3f8f6d61,,07/20/2025 11:15:00 AM,30,NO CONTROLS,NO CONTROLS,CLEAR,DAYLIGHT,PARKED MOTOR VEHICLE,OTHER,,STRAIGHT AND LEVEL,UNKNOWN,UNKNOWN,NOT ON SCENE (DESK REPORT),NO INJURY / DRIVE AWAY,,,,"OVER $1,500",07/20/2025 01:30:00 PM,IMPROPER BACKING,NOT APPLICABLE,1725,W,18TH ST,1234,,,,,,,2,NO INDICATION OF INJURY,0,0,0,0,0,1,0,11,1,7,41.8576323481,-87.6697745346,POINT (-87.66977453458 41.857632348068)
e50efc668d377f3e19930575a5f169e44bbbf5ee3dee1fed58a4ceb7754b174771706432dce9ae4285b70db11c8a52f674e8c6ecae53d16abc3e8528c185387c,,07/20/2025 11:13:00 AM,30,STOP SIGN/FLASHER,FUNCTIONING PROPERLY,CLEAR,DAYLIGHT,TURNING,T-INTERSECTION,,STRAIGHT AND LEVEL,UNKNOWN,UNKNOWN,ON SCENE,NO INJURY / DRIVE AWAY,Y,,,"OVER $1,500",07/20/2025 01:00:00 PM,NOT APPLICABLE,NOT APPLICABLE,800,W,HUBBARD ST,1214,,,,,,,2,NO INDICATION OF INJURY,0,0,0,0,0,3,0,11,1,7,41.8901948827,-87.6476686991,POINT (-87.647668699131 41.890194882661)