CRASH_RECORD_ID,CRASH_DATE_EST_I,CRASH_DATE,POSTED_SPEED_LIMIT,TRAFFIC_CONTROL_DEVICE,DEVICE_CONDITION,WEATHER_CONDITION,LIGHTING_CONDITION,FIRST_CRASH_TYPE,TRAFFICWAY_TYPE,LANE_CNT,ALIGNMENT,ROADWAY_SURFACE_COND,ROAD_DEFECT,REPORT_TYPE,CRASH_TYPE,INTERSECTION_RELATED_I,NOT_RIGHT_OF_WAY_I,HIT_AND_RUN_I,DAMAGE,DATE_POLICE_NOTIFIED,PRIM_CONTRIBUTORY_CAUSE,SEC_CONTRIBUTORY_CAUSE,STREET_NO,STREET_DIRECTION,STREET_NAME,BEAT_OF_OCCURRENCE,PHOTOS_TAKEN_I,STATEMENTS_TAKEN_I,DOORING_I,WORK_ZONE_I,WORK_ZONE_TYPE,WORKERS_PRESENT_I,NUM_UNITS,MOST_SEVERE_INJURY,INJURIES_TOTAL,INJURIES_FATAL,INJURIES_INCAPACITATING,INJURIES_NON_INCAPACITATING,INJURIES_REPORTED_NOT_EVIDENT,INJURIES_NO_INDICATION,INJURIES_UNKNOWN,CRASH_HOUR,CRASH_DAY_OF_WEEK,CRASH_MONTH,LATITUDE,LONGITUDE,LOCATION
00904ac86da8b27ae8000b424a425cfe0ab2abf81ad8db24881cefea5d821679a9f08bd91a979fead4e17eff727173584c0ed0c50a8a11dc3c53d757d048c2b4,,07/20/2025 11:10:00 AM,20,NO CONTROLS,NO CONTROLS,CLOUDY/OVERCAST,DAYLIGHT,PARKED MOTOR VEHICLE,PARKING LOT,,STRAIGHT AND LEVEL,WET,UNKNOWN,NOT ON SCENE (DESK REPORT),NO INJURY / DRIVE AWAY,,N,,"OVER $1,500",07/20/2025 12:00:00 PM,UNABLE TO DETERMINE,UNABLE TO DETERMINE,5829,S,ARCHER AVE,814,,,,,,,2,NO INDICATION OF INJURY,0,0,0,0,0,2,0,11,1,7,41.7960196245,-87.7596833672,POINT (-87.759683367185 41.796019624453)
23bd592aa4839786532540ce2a83ffcdada909ba06ce66eeec887e76f1d31fe89e56c59790833e824652ab04bd75b0bcd046c52dddbbe7338c9da366b3eca008,,07/20/2025 11:00:00 AM,30,STOP SIGN/FLASHER,NO CONTROLS,CLOUDY/OVERCAST,DAYLIGHT,TURNING,NOT DIVIDED,,STRAIGHT AND LEVEL,DRY,UNKNOWN,NOT ON SCENE (DESK REPORT),NO INJURY / DRIVE AWAY,Y,,,"OVER $1,500",07/20/2025 12:24:00 PM,FAILING TO YIELD RIGHT-OF-WAY,UNABLE TO DETERMINE,800,W,HUBBARD ST,1214,,,,,,,2,NO INDICATION OF INJURY,0,0,0,0,0,4,0,11,1,7,41.8901948827,-87.6476686991,POINT (-87.647668699131 41.890194882661)
6a0722ba72c8009dd6be5833be1a593f771c92b3c5d4f6a2f09e96e12662cf9afb7a1e4221747604d14b0a49524869141ba4c88f700383a49061c7f7166e0f16,,07/20/2025 11:00:00 AM,25,TRAFFIC SIGNAL,FUNCTIONING PROPERLY,CLEAR,DAYLIGHT,SIDESWIPE SAME DIRECTION,NOT DIVIDED,,STRAIGHT AND LEVEL,DRY,NO DEFECTS,NOT ON SCENE (DESK REPORT),NO INJURY / DRIVE AWAY,Y,,Y,"OVER $1,500",07/20/2025 11:45:00 AM,UNABLE TO DETERMINE,NOT APPLICABLE,2120,W,TOUHY AVE,2411,,,,,,,2,NO INDICATION OF INJURY,0,0,0,0,0,2,0,11,1,7,42.0123240854,-87.6838458895,POINT (-87.68384588949 42.012324085374)
b3451d3961f846a0df8bbda0b4b8a0e16bcf25adc01d8d8806adfe531ff3eb07234531b69f840ed70b1fe982746a23b1c86be6639d9418b87a2fff882f1373b0,,07/20/2025 10:42:00 AM,30,TRAFFIC SIGNAL,FUNCTIONING PROPERLY,CLEAR,DAYLIGHT,TURNING,FOUR WAY,,STRAIGHT AND LEVEL,DRY,NO DEFECTS,ON SCENE,INJURY AND / OR TOW DUE TO CRASH,Y,,Y,"OVER $1,500",07/20/2025 10:45:00 AM,DISREGARDING TRAFFIC SIGNALS,DISREGARDING TRAFFIC SIGNALS,1201,E,95TH ST,511,,,,,,,2,"REPORTED, NOT EVIDENT",3,0,0,0,3,2,0,10,1,7,41.722084873,-87.5947337317,POINT (-87.594733731675 41.722084873026)
635ef84e9fca5e705fc79df0a7436148143ae3785cb6979715b3ee5a4514dbb4eb8cec2f4936f47d3defb2eb81733d4e723419cddeabb45eff7231da8d52422a,,07/20/2025 10:40:00 AM,30,NO CONTROLS,NO CONTROLS,CLEAR,DAYLIGHT,SIDESWIPE OPPOSITE DIRECTION,ONE-WAY,,STRAIGHT AND LEVEL,DRY,NO DEFECTS,,NO INJURY / DRIVE AWAY,,,N,"$501 - $1,500",07/20/2025 11:50:00 AM,UNABLE TO DETERMINE,UNABLE TO DETERMINE,3280,W,27TH ST,1032,,,,,,,2,NO INDICATION OF INJURY,0,0,0,0,0,3,0,10,1,7,41.8427694697,-87.7073657552,POINT (-87.707365755198 41.842769469694)
287edfbeaefb50f5fa0773f11063b730cf3d89d8877baf84bc05dc6974511c67d9450298ea1f937c139f80b3b87668c67563405e4d1f1ebddb3081df5d2b0c38,,07/20/2025 10:35:00 AM,30,TRAFFIC SIGNAL,FUNCTIONING PROPERLY,OTHER,DAYLIGHT,FIXED OBJECT,DIVIDED - W/MEDIAN (NOT RAISED),,STRAIGHT AND LEVEL,WET,NO DEFECTS,ON SCENE,NO INJURY / DRIVE AWAY,,,,"OVER $1,500",07/20/2025 10:36:00 AM,UNABLE TO DETERMINE,NOT APPLICABLE,6703,S,PRAIRIE AVE,322,,,,,,,1,NO INDICATION OF INJURY,0,0,0,0,0,1,0,10,1,7,41.7727656456,-87.6185219652,POINT (-87.618521965178 41.772765645627)
13cd2ace3f38fcab782c64e79b196d3acbcab7382069a91ae28ba6f064668f8e8f1ea31f24f40cdd93a7dfc53f689e396502401f2f653e9711bf4ba11decfcd6,,07/20/2025 10:30:00 AM,25,STOP SIGN/FLASHER,UNKNOWN,CLEAR,DAYLIGHT,SIDESWIPE SAME DIRECTION,NOT DIVIDED,,STRAIGHT AND LEVEL,DRY,UNKNOWN,NOT ON SCENE (DESK REPORT),NO INJURY / DRIVE AWAY,Y,,,"OVER $1,500",07/22/2025 03:15:00 PM,FOLLOWING TOO CLOSELY,DRIVING SKILLS/KNOWLEDGE/EXPERIENCE,1732,N,MILWAUKEE AVE,1434,,,,,,,2,NO INDICATION OF INJURY,0,0,0,0,0,2,0,10,1,7,41.9127304181,-87.6813270332,POINT (-87.681327033187 41.912730418129)
d26dfef90c8259b40d8917bc4981785a03c68d61826c5deb28c1f8038327a9d98f89fa1805eac233d03c01b9485916412f1bd788fd1a5b6517af584adef9c18a,,07/20/2025 10:30:00 AM,30,NO CONTROLS,UNKNOWN,UNKNOWN,DAYLIGHT,PARKED MOTOR VEHICLE,ONE-WAY,,STRAIGHT AND LEVEL,UNKNOWN,UNKNOWN,NOT ON SCENE (DESK REPORT),NO INJURY / DRIVE AWAY,,,Y,"OVER $1,500",07/22/2025 05:50:00 PM,UNABLE TO DETERMINE,NOT APPLICABLE,1359,N,MAPLEWOOD AVE,1423,,,,,,,2,NO INDICATION OF INJURY,0,0,0,0,0,1,0,10,1,7,41.906541288,-87.690663001,POINT (-87.690663001049 41.906541288039)
a63ee9273fb5add1a54070696011fe59fb69b86abbb0d38d26354bded31b7444e7fc50b92899dc4f176b5484c02302d55a82fbe38ee59d13a7858376c9ab723f,,07/20/2025 10:20:00 AM,25,NO CONTROLS,NO CONTROLS,CLEAR,DAYLIGHT,PARKED MOTOR VEHICLE,ONE-WAY,,STRAIGHT AND LEVEL,DRY,UNKNOWN,NOT ON SCENE (DESK REPORT),NO INJURY / DRIVE AWAY,,,Y,$500 OR LESS,07/20/2025 11:30:00 AM,UNABLE TO DETERMINE,UNABLE TO DETERMINE,5224,W,RACE AVE,1523,,,,,,,2,NO INDICATION OF INJURY,0,0,0,0,0,1,0,10,1,7,41.8901545214,-87.7564567597,POINT (-87.756456759706 41.890154521405)
4d05c9247e68f895f0d621288b6a4d234bd5f6effce2a60fa8c47d33b6e834958fb6780b530e6505ff20cae37dfc4a84d7cd699c4390e092d677cf36b185dfba,,07/20/2025 10:05:00 AM,30,UNKNOWN,UNKNOWN,RAIN,DAYLIGHT,REAR END,NOT DIVIDED,,STRAIGHT AND LEVEL,WET,UNKNOWN,ON SCENE,NO INJURY / DRIVE AWAY,,,,"OVER $1,500",07/20/2025 10:15:00 AM,FAILING TO REDUCE SPEED TO AVOID CRASH,NOT APPLICABLE,7100,S,EAST END AVE,324,,,,,,,2,NO INDICATION OF INJURY,0,0,0,0,0,5,0,10,1,7,41.7659131821,-87.5838194932,POINT (-87.583819493195 41.765913182124)
0d9784fa95eb518b7ff58368f6339df94850cef77a54f505c89d65ab05967e8feadb024222e56dcbd738b7d6d91ab57ec3913dc2e323d869da2f7cd5cce3736b,,07/20/2025 10:03:00 AM,30,NO CONTROLS,NO CONTROLS,CLEAR,DAYLIGHT,PEDALCYCLIST,DRIVEWAY,,STRAIGHT AND LEVEL,DRY,NO DEFECTS,ON SCENE,INJURY AND / OR TOW DUE TO CRASH,,,,$500 OR LESS,07/20/2025 10:05:00 AM,FAILING TO YIELD RIGHT-OF-WAY,UNABLE TO DETERMINE,1753,N,MILWAUKEE AVE,1434,,,,,,,2,NONINCAPACITATING INJURY,1,0,0,1,0,1,0,10,1,7,41.9133424682,-87.6818224808,POINT (-87.681822480813 41.913342468232)
7c8c4a144023a4fdf31e8bf7fd0787d97d2f429b8dc4fbd05fb1d901768e865490a33ab5c73bac6f32cf3f7052f31f114c7cf26176703dac784a4b57466e4e7c,,07/20/2025 10:00:00 AM,30,TRAFFIC SIGNAL,FUNCTIONING PROPERLY,RAIN,DAYLIGHT,ANGLE,FOUR WAY,,STRAIGHT AND LEVEL,WET,NO DEFECTS,NOT ON SCENE (DESK REPORT),NO INJURY / DRIVE AWAY,Y,,Y,"OVER $1,500",07/20/2025 10:40:00 AM,DISREGARDING TRAFFIC SIGNALS,UNABLE TO DETERMINE,2800,S,KEDZIE AVE,1032,,,,,,,2,NO INDICATION OF INJURY,0,0,0,0,0,2,0,10,1,7,41.8408096454,-87.7050749478,POINT (-87.705074947842 41.840809645357)
c186072040f2fee2ba780565755aca44359680bcc8bbed279fce0a321064024711a49b799f206385b532a94473e3acfb53e92a68129f5b1a4f7af81ae8b22e68,,07/20/2025 10:00:00 AM,30,NO CONTROLS,NO CONTROLS,CLEAR,DAYLIGHT,PARKED MOTOR VEHICLE,ONE-WAY,,STRAIGHT AND LEVEL,DRY,NO DEFECTS,NOT ON SCENE (DESK REPORT),NO INJURY / DRIVE AWAY,,,Y,"$501 - $1,500",07/21/2025 01:45:00 PM,UNABLE TO DETERMINE,IMPROPER BACKING,5429,S,PAULINA ST,932,,,,,,,2,NO INDICATION OF INJURY,0,0,0,0,0,1,0,10,1,7,41.7949414024,-87.6668938711,POINT (-87.666893871126 41.794941402405)
c25dd111893762df50f04771fee4682cf08e55f6e84a4782750c67693afbe63e18003193496d8bd3e78eb3dc630a987fcce58d763fc45d241ff7bd2725187b7a,,07/20/2025 10:00:00 AM,35,TRAFFIC SIGNAL,FUNCTIONING PROPERLY,CLOUDY/OVERCAST,DAYLIGHT,REAR END,FOUR WAY,,STRAIGHT AND LEVEL,DRY,NO DEFECTS,ON SCENE,NO INJURY / DRIVE AWAY,,,,"OVER $1,500",07/20/2025 10:02:00 AM,FAILING TO REDUCE SPEED TO AVOID CRASH,FOLLOWING TOO CLOSELY,10300,S,MICHIGAN AVE,512,,,,,,,2,NO INDICATION OF INJURY,0,0,0,0,0,2,0,10,1,7,41.7071821754,-87.6203614922,POINT (-87.620361492183 41.707182175387)
ed24e5134349b55a37239e232eb57f8db70be654049b14542deca058c6f216b614263fe039790d8c5dd2bc2c2e461d2e2f10ad040984d7f57d95eb0545c9941b,,07/20/2025 10:00:00 AM,35,TRAFFIC SIGNAL,FUNCTIONING PROPERLY,RAIN,DAYLIGHT,REAR END,NOT DIVIDED,,STRAIGHT AND LEVEL,WET,NO DEFECTS,ON SCENE,NO INJURY / DRIVE AWAY,Y,,,"$501 - $1,500",07/20/2025 10:00:00 AM,EQUIPMENT - VEHICLE CONDITION,FAILING TO REDUCE SPEED TO AVOID CRASH,8100,S,SOUTH CHICAGO AVE,414,,,,,,,2,NO INDICATION OF INJURY,0,0,0,0,0,3,0,10,1,7,41.747376931,-87.5800594051,POINT (-87.580059405148 41.747376931011)
2e7ee5c090e9690d752a6519213d26f3b394c3bc786b3db3d6dda03b823dde3ee2d45a77161967a3dea15eb65e4138a87c20766b9b8f67b3251d67fbaa54be18,,07/20/2025 09:55:00 AM,30,STOP SIGN/FLASHER,FUNCTIONING PROPERLY,CLEAR,DAYLIGHT,REAR END,NOT DIVIDED,,STRAIGHT AND LEVEL,WET,NO DEFECTS,NOT ON SCENE (DESK REPORT),NO INJURY / DRIVE AWAY,Y,,,"OVER $1,500",07/20/2025 10:50:00 AM,FOLLOWING TOO CLOSELY,UNABLE TO DETERMINE,7900,S,ABERDEEN ST,612,,,,,,,2,NO INDICATION OF INJURY,0,0,0,0,0,2,0,9,1,7,41.7504400399,-87.6514614792,POINT (-87.651461479233 41.750440039852)
8392048a3df28a6c403ff91e80936efc7aa7d4aeb0655a232db88b71abbe788b8dea997a3c75d91582e83c9f59ad06a5f98fb02aca2d7bea6488b3a1248c2d73,,07/20/2025 09:53:00 AM,30,NO CONTROLS,NO CONTROLS,RAIN,DAYLIGHT,PARKED MOTOR VEHICLE,ONE-WAY,,STRAIGHT AND LEVEL,WET,NO DEFECTS,ON SCENE,NO INJURY / DRIVE AWAY,,,Y,"$501 - $1,500",07/20/2025 09:53:00 AM,UNABLE TO DETERMINE,NOT APPLICABLE,8121,S,ESSEX AVE,422,,,,,,,2,NO INDICATION OF INJURY,0,0,0,0,0,1,0,9,1,7,41.7474740024,-87.5635924273,POINT (-87.56359242731 41.747474002394)
b6ac6fe0f470c7a406fb224780d4e2a82768cc9014db5d0d6e39ffe209242faea7ccf2beaace61a641496f2593aaa4222b7e1f2f691192fbeb317db05b8e0c80,,07/20/2025 09:44:00 AM,30,STOP SIGN/FLASHER,FUNCTIONING IMPROPERLY,CLOUDY/OVERCAST,DAYLIGHT,ANGLE,T-INTERSECTION,,STRAIGHT AND LEVEL,WET,UNKNOWN,ON SCENE,INJURY AND / OR TOW DUE TO CRASH,Y,,,"OVER $1,500",07/20/2025 09:50:00 AM,FAILING TO YIELD RIGHT-OF-WAY,UNABLE TO DETERMINE,5100,S,ELLIS AVE,233,,,,,,,2,NO INDICATION OF INJURY,0,0,0,0,0,3,0,9,1,7,41.8022403819,-87.6015122712,POINT (-87.601512271197 41.80224038193)
39adb2054f8fbf79c916ebfa00739c2190060cc05c20daf3214743189fd6cad378b0f9e31f685167d00794b6f0bc01d528d7bf6b80215918ea2c7c422495aba7,,07/20/2025 09:05:00 AM,20,NO CONTROLS,NO CONTROLS,CLEAR,DAYLIGHT,PARKED MOTOR VEHICLE,ONE-WAY,,STRAIGHT AND LEVEL,DRY,NO DEFECTS,ON SCENE,NO INJURY / DRIVE AWAY,,,,"OVER $1,500",07/20/2025 09:08:00 AM,UNABLE TO DETERMINE,UNABLE TO DETERMINE,1752,W,THOME AVE,2433,,Y,,,,,2,NO INDICATION OF INJURY,0,0,0,0,0,1,0,9,1,7,41.9956909879,-87.6739908105,POINT (-87.673990810539 41.995690987934)
657de71ed399e675589262d6f41f1d2043cb360d957105d0fd839ab19498454660a35a78120fb873a1d64d0c66d109a46209335053b12c9937c3eb57057825fe,,07/20/2025 09:00:00 AM,15,NO CONTROLS,NO CONTROLS,CLEAR,DAYLIGHT,ANGLE,PARKING LOT,,STRAIGHT AND LEVEL,DRY,UNKNOWN,ON SCENE,NO INJURY / DRIVE AWAY,,,,"OVER $1,500",07/20/2025 09:06:00 AM,FAILING TO YIELD RIGHT-OF-WAY,UNABLE TO DETERMINE,1532,W,LAWRENCE AVE,2032,,,,,,,2,NO INDICATION OF INJURY,0,0,0,0,0,3,0,9,1,7,41.9689887913,-87.6689279724,POINT (-87.668927972367 41.968988791322)
a8783a4923382770da6091c391cea846cbd762dc92ba15aa568ed106f6ef2b453c6a5c980c43a84275f1d767d7847022ef4eab5eb046fb9c5cc10343b601bfaf,,07/20/2025 08:40:00 AM,30,TRAFFIC SIGNAL,FUNCTIONING PROPERLY,RAIN,"DARKNESS, LIGHTED ROAD",SIDESWIPE SAME DIRECTION,NOT DIVIDED,,STRAIGHT AND LEVEL,WET,NO DEFECTS,ON SCENE,NO INJURY / DRIVE AWAY,Y,,,"OVER $1,500",07/20/2025 08:43:00 AM,UNABLE TO DETERMINE,UNABLE TO DETERMINE,4700,S,HALSTED ST,933,,,,,,,2,NO INDICATION OF INJURY,0,0,0,0,0,2,0,8,1,7,41.8088150393,-87.6456829532,POINT (-87.645682953152 41.808815039296)
33d8f2afcff08d4bb7a5bbcc0769fb5ed5dafd83ffbd357ecb141c1fd8ca8f89b31e1a013db697c7d9b91baaf042de517d1e622a859fe3714a920d30fba2d9af,,07/20/2025 08:30:00 AM,30,UNKNOWN,UNKNOWN,RAIN,DAYLIGHT,REAR END,NOT DIVIDED,,STRAIGHT AND LEVEL,WET,UNKNOWN,NOT ON SCENE (DESK REPORT),NO INJURY / DRIVE AWAY,Y,,,"$501 - $1,500",07/20/2025 09:15:00 AM,UNABLE TO DETERMINE,NOT APPLICABLE,1200,N,CICERO AVE,2533,,,,,,,2,NO INDICATION OF INJURY,0,0,0,0,0,2,0,8,1,7,41.9023962606,-87.7461261196,POINT (-87.746126119551 41.902396260608)
af88dc9b84bb2b4c3419dd7470314cb0ac114c0da8f0c0e5955668e52c7e0930bb387f53cc181557e048dbb6d858ba4497b6a086db69948db44c1de1f20694ad,,07/20/2025 08:14:00 AM,30,STOP SIGN/FLASHER,FUNCTIONING PROPERLY,CLOUDY/OVERCAST,DAYLIGHT,REAR END,NOT DIVIDED,,STRAIGHT AND LEVEL,DRY,NO DEFECTS,ON SCENE,NO INJURY / DRIVE AWAY,,,,"OVER $1,500",07/20/2025 08:17:00 AM,FAILING TO REDUCE SPEED TO AVOID CRASH,DRIVING SKILLS/KNOWLEDGE/EXPERIENCE,1814,W,DIVISION ST,1424,,,,,,,2,NO INDICATION OF INJURY,0,0,0,0,0,2,0,8,1,7,41.903366,-87.6730006218,POINT (-87.673000621805 41.903365999977)
29b4387126d275c8b92147359a0e1034f519e9034b5d6e403fc350f752d54101b0002f4d227c9da228dd29f914849e73e5732ac21025bb6e6dfe675af6251342,,07/20/2025 08:10:00 AM,20,NO CONTROLS,NO CONTROLS,CLOUDY/OVERCAST,DAYLIGHT,FIXED OBJECT,PARKING LOT,,STRAIGHT AND LEVEL,WET,NO DEFECTS,,INJURY AND / OR TOW DUE TO CRASH,,,,"OVER $1,500",07/20/2025 08:14:00 AM,UNABLE TO DETERMINE,NOT APPLICABLE,5125,N,SIMONDS DR,2024,,,,,,,1,INCAPACITATING INJURY,2,0,1,1,0,0,0,8,1,7,41.9765703202,-87.6479525906,POINT (-87.647952590555 41.976570320196)
ba18934c5e795d13e2c00c4acf423d13a09d6327c4cf4236b05c0ea1d54a930885a76d0a1de33c6a58d4caf3c81e2ad4c0de0f27df850e67d065dd9739ee3ba9,Y,07/20/2025 08:00:00 AM,35,NO CONTROLS,NO CONTROLS,CLEAR,DAYLIGHT,PARKED MOTOR VEHICLE,DIVIDED - W/MEDIAN (NOT RAISED),,STRAIGHT AND LEVEL,DRY,NO DEFECTS,NOT ON SCENE (DESK REPORT),NO INJURY / DRIVE AWAY,,,Y,"OVER $1,500",07/26/2025 10:00:00 AM,UNABLE TO DETERMINE,UNABLE TO DETERMINE,205,S,PEORIA ST,1232,,,,,,,2,NO INDICATION OF INJURY,0,0,0,0,0,1,0,8,1,7,41.8789981048,-87.6494662212,POINT (-87.6494662212 41.878998104816)
1faee56c1a374310c7b0260b79bbb714713751bfaa503fddeacccf5e4c987668eaeaa320690f40e274eb4392bcecb1d6a7cf6034115b8817d933142dff512c32,,07/20/2025 07:23:00 AM,30,NO CONTROLS,NO CONTROLS,RAIN,DAYLIGHT,OVERTURNED,DIVIDED - W/MEDIAN BARRIER,,"CURVE, LEVEL",WET,NO DEFECTS,ON SCENE,INJURY AND / OR TOW DUE TO CRASH,,,,"OVER $1,500",07/20/2025 07:25:00 AM,WEATHER,WEATHER,2425,W,31ST ST,1034,,N,,,,,1,NO INDICATION OF INJURY,0,0,0,0,0,1,0,7,1,7,,,
01a216526ba3eea5c0de75694cc4908d17e9bda1b817cf2a2e83cc81d80829f30c4cd1f9f72f4ebde35e53980134e41f904a10a39ce91d41ce82ea4387447605,,07/20/2025 07:13:00 AM,30,TRAFFIC SIGNAL,FUNCTIONING PROPERLY,RAIN,DAYLIGHT,REAR END,T-INTERSECTION,,STRAIGHT AND LEVEL,WET,UNKNOWN,ON SCENE,NO INJURY / DRIVE AWAY,Y,,,"$501 - $1,500",07/20/2025 07:15:00 AM,UNABLE TO DETERMINE,NOT APPLICABLE,2758,W,LAWRENCE AVE,2031,,,,,,,2,NO INDICATION OF INJURY,0,0,0,0,0,2,0,7,1,7,41.9686430444,-87.6984917224,POINT (-87.698491722355 41.968643044359)
29cbaea551deae874e2a130d9d424237e3b3d00685e2cda3ee9ca77b5374fe863b99a4be7376450717f6a14733b06c2c3dc4d1b35651d85fa92642a6d093407d,,07/20/2025 06:42:00 AM,30,STOP SIGN/FLASHER,FUNCTIONING PROPERLY,CLOUDY/OVERCAST,DAYLIGHT,PARKED MOTOR VEHICLE,ONE-WAY,,STRAIGHT AND LEVEL,DRY,NO DEFECTS,ON SCENE,INJURY AND / OR TOW DUE TO CRASH,,,Y,"OVER $1,500",07/20/2025 06:52:00 AM,UNABLE TO DETERMINE,NOT APPLICABLE,5055,N,MAJOR AVE,1622,,Y,,,,,2,NO INDICATION OF INJURY,0,0,0,0,0,1,0,6,1,7,41.9738007923,-87.7707950351,POINT (-87.770795035108 41.973800792292)
b422c1d64ecf494a0662a3c8460a1d5f9c47794ae69911306cc56b1f5d6105588089f6754644c4b0bda849da66e9e4ed16b4b95cb17cdd29883f1df8af5f35c3,,07/20/2025 05:57:00 AM,30,STOP SIGN/FLASHER,FUNCTIONING PROPERLY,CLEAR,DAYLIGHT,ANGLE,FOUR WAY,,STRAIGHT AND LEVEL,DRY,NO DEFECTS,ON SCENE,INJURY AND / OR TOW DUE TO CRASH,Y,,,"OVER $1,500",07/20/2025 05:57:00 AM,DISREGARDING TRAFFIC SIGNALS,DISREGARDING TRAFFIC SIGNALS,3998,W,HARRISON ST,1132,,,,,,,2,"REPORTED, NOT EVIDENT",1,0,0,0,1,1,0,5,1,7,41.8735532187,-87.7253299544,POINT (-87.725329954403 41.873553218661)
34ad51d714acf4396f6c8484d1b5bd28d6c18af4f9765b261144f1da6eae64f7d84b7a5a46aeb73b203c3aee6952b78c26bd3e3ab5f76d98cdb34ffa5bed7067,,07/20/2025 05:45:00 AM,40,UNKNOWN,UNKNOWN,UNKNOWN,DAYLIGHT,ANGLE,ONE-WAY,,STRAIGHT AND LEVEL,UNKNOWN,UNKNOWN,NOT ON SCENE (DESK REPORT),NO INJURY / DRIVE AWAY,,,,"OVER $1,500",07/20/2025 04:00:00 PM,IMPROPER LANE USAGE,UNABLE TO DETERMINE,545,E,GRAND AVE,1834,,,,,,,2,NO INDICATION OF INJURY,0,0,0,0,0,2,0,5,1,7,41.8918419742,-87.61265242,POINT (-87.612652419985 41.891841974174)
d4cc1bbe5cf6e62488c0407fcbd6592684a9b4a27f667e5cdc9a6bf406fa5bb535420d4b017f747899e5d9ca55115fd13503709ab9b6ce34821d839aa8ceee3e,,07/20/2025 05:31:00 AM,40,OTHER,OTHER,CLEAR,DAYLIGHT,OTHER OBJECT,OTHER,,STRAIGHT AND LEVEL,DRY,NO DEFECTS,NOT ON SCENE (DESK REPORT),INJURY AND / OR TOW DUE TO CRASH,,,N,"OVER $1,500",07/20/2025 06:10:00 AM,IMPROPER LANE USAGE,NOT APPLICABLE,658,N,LAKE SHORE DR SB,1834,,,,,,,1,NO INDICATION OF INJURY,0,0,0,0,0,1,0,5,1,7,41.8942665454,-87.6152991116,POINT (-87.615299111574 41.894266545443)
943c8e3374c42ed9b3145f8ed6b8f5be0a5ace6352bcdcc4a8919d2e06ece65e1987d55750035907435f0e83798140acd06f44107d44cde51df225f61df4f4de,,07/20/2025 05:20:00 AM,30,NO CONTROLS,NO CONTROLS,CLEAR,DAYLIGHT,SIDESWIPE SAME DIRECTION,ONE-WAY,,STRAIGHT AND LEVEL,DRY,NO DEFECTS,ON SCENE,NO INJURY / DRIVE AWAY,,,Y,"OVER $1,500",07/20/2025 05:37:00 AM,IMPROPER OVERTAKING/PASSING,FAILING TO YIELD RIGHT-OF-WAY,3848,W,MONROE ST,1122,,,,,,,2,NO INDICATION OF INJURY,0,0,0,0,0,2,0,5,1,7,41.8799082607,-87.7227539285,POINT (-87.722753928519 41.879908260723)
04eb3d9192d90084b2b8038c97ee119a47bfc4a9bd628766f755480bacb1f5c2cd6828f31e48de82b860bb4ec791bb6b6ef71c57fd8a8a527893824cf3ed65db,,07/20/2025 05:19:00 AM,30,NO CONTROLS,NO CONTROLS,CLOUDY/OVERCAST,"DARKNESS, LIGHTED ROAD",HEAD ON,NOT DIVIDED,,STRAIGHT AND LEVEL,DRY,NO DEFECTS,ON SCENE,INJURY AND / OR TOW DUE TO CRASH,,,Y,"OVER $1,500",07/20/2025 05:20:00 AM,DRIVING ON WRONG SIDE/WRONG WAY,IMPROPER LANE USAGE,1050,S,KOSTNER AVE,1131,,,,,,,2,NONINCAPACITATING INJURY,1,0,0,1,0,1,0,5,1,7,41.8678735046,-87.7351755752,POINT (-87.735175575153 41.867873504622)
e0ebbf3ecae950a670323620b084424f60f0a47d32e06e7512f856cb3ab0bc782c3b66ac7ea2d73c98ac6045f3ec54bc293cb676ff51346e71d79cca8bd18fcb,,07/20/2025 05:17:00 AM,30,TRAFFIC SIGNAL,FUNCTIONING PROPERLY,CLEAR,DAYLIGHT,REAR END,DIVIDED - W/MEDIAN BARRIER,,STRAIGHT AND LEVEL,DRY,UNKNOWN,ON SCENE,NO INJURY / DRIVE AWAY,Y,,,"OVER $1,500",07/20/2025 05:17:00 AM,UNABLE TO DETERMINE,UNABLE TO DETERMINE,2400,S,PULASKI RD,1013,,,,,,,2,NO INDICATION OF INJURY,0,0,0,0,0,2,0,5,1,7,41.8478576488,-87.7247953052,POINT (-87.724795305234 41.847857648831)
a05a68ed87c088f68587d42b297892d744b11bad401a0a0f899b31dfc547dd62f8fd5bff1f8acec198e52fdfeba9a4d27219acb141c8ee190d084d2975c70737,,07/20/2025 05:15:00 AM,30,TRAFFIC SIGNAL,FUNCTIONING PROPERLY,CLEAR,DAYLIGHT,ANGLE,FOUR WAY,,STRAIGHT AND LEVEL,DRY,NO DEFECTS,NOT ON SCENE (DESK REPORT),NO INJURY / DRIVE AWAY,Y,,Y,"OVER $1,500",07/20/2025 06:30:00 AM,UNABLE TO DETERMINE,UNABLE TO DETERMINE,3400,W,AUGUSTA BLVD,1121,,,,,,,2,NO INDICATION OF INJURY,0,0,0,0,0,3,0,5,1,7,41.8992581541,-87.7116190981,POINT (-87.711619098132 41.899258154129)