CRASH_RECORD_ID,CRASH_DATE_EST_I,CRASH_DATE,POSTED_SPEED_LIMIT,TRAFFIC_CONTROL_DEVICE,DEVICE_CONDITION,WEATHER_CONDITION,LIGHTING_CONDITION,FIRST_CRASH_TYPE,TRAFFICWAY_TYPE,LANE_CNT,ALIGNMENT,ROADWAY_SURFACE_COND,ROAD_DEFECT,REPORT_TYPE,CRASH_TYPE,INTERSECTION_RELATED_I,NOT_RIGHT_OF_WAY_I,HIT_AND_RUN_I,DAMAGE,DATE_POLICE_NOTIFIED,PRIM_CONTRIBUTORY_CAUSE,SEC_CONTRIBUTORY_CAUSE,STREET_NO,STREET_DIRECTION,STREET_NAME,BEAT_OF_OCCURRENCE,PHOTOS_TAKEN_I,STATEMENTS_TAKEN_I,DOORING_I,WORK_ZONE_I,WORK_ZONE_TYPE,WORKERS_PRESENT_I,NUM_UNITS,MOST_SEVERE_INJURY,INJURIES_TOTAL,INJURIES_FATAL,INJURIES_INCAPACITATING,INJURIES_NON_INCAPACITATING,INJURIES_REPORTED_NOT_EVIDENT,INJURIES_NO_INDICATION,INJURIES_UNKNOWN,CRASH_HOUR,CRASH_DAY_OF_WEEK,CRASH_MONTH,LATITUDE,LONGITUDE,LOCATION
90ca9b3eecaac4497104a5a9fae9b9989a9dcb10285cb0baaed6810a1aa41f9ed4849f7b382e4d24bd69f9aeedbb6e2570c97e8e4dbc64fa27fd7f4fe3a49384,,07/20/2025 05:04:00 AM,30,TRAFFIC SIGNAL,UNKNOWN,CLEAR,DAYLIGHT,HEAD ON,FOUR WAY,,STRAIGHT AND LEVEL,DRY,UNKNOWN,ON SCENE,NO INJURY / DRIVE AWAY,,,,"$501 - $1,500",07/20/2025 05:11:00 AM,DISREGARDING TRAFFIC SIGNALS,NOT APPLICABLE,3958,W,47TH ST,821,,,,,,,2,NO INDICATION OF INJURY,0,0,0,0,0,2,0,5,1,7,41.8079938446,-87.7235267763,POINT (-87.723526776293 41.8079938446)
673b4e6f8e42d19f44c1d5b873add2f5818d909c3b3890456a02b9124185e9a6a3050ead5dd4b2a11bde5a84ed751e85172ee61899086c0976c2bb889a8054c3,,07/20/2025 04:34:00 AM,30,TRAFFIC SIGNAL,FUNCTIONING PROPERLY,CLEAR,"DARKNESS, LIGHTED ROAD",ANGLE,FOUR WAY,,STRAIGHT AND LEVEL,DRY,NO DEFECTS,ON SCENE,INJURY AND / OR TOW DUE TO CRASH,,,,"OVER $1,500",07/20/2025 04:50:00 AM,UNABLE TO DETERMINE,NOT APPLICABLE,7600,S,JEFFERY BLVD,414,,,,,,,2,NO INDICATION OF INJURY,0,0,0,0,0,2,0,4,1,7,41.7569668999,-87.5762476242,POINT (-87.576247624193 41.756966899896)
bdb40109c10d381d049bc62652626223e970f95e2cd5ccdb89022f8233376962814d4bf93a7dbb26122a649b4b385a180fe169cf25394b02a5923acf3093553a,,07/20/2025 04:30:00 AM,25,NO CONTROLS,NO CONTROLS,CLOUDY/OVERCAST,"DARKNESS, LIGHTED ROAD",PARKED MOTOR VEHICLE,ONE-WAY,,STRAIGHT AND LEVEL,DRY,NO DEFECTS,ON SCENE,INJURY AND / OR TOW DUE TO CRASH,,,Y,"OVER $1,500",07/20/2025 01:30:00 PM,UNABLE TO DETERMINE,UNABLE TO DETERMINE,3737,N,LOWELL AVE,1731,,,,,,,2,NO INDICATION OF INJURY,0,0,0,0,0,1,0,4,1,7,41.9491993219,-87.7365254276,POINT (-87.736525427608 41.949199321912)
e621eb2e51bf33c46d28d105a8aeb4ed51f573024bead8dfee6cab2ec0bbd5e1a4cca6a0ee7b9bc69595dbcd09e2a1629f2133bb227c9dc9259579f1fe3ddd16,,07/20/2025 04:30:00 AM,30,STOP SIGN/FLASHER,FUNCTIONING PROPERLY,CLEAR,"DARKNESS, LIGHTED ROAD",OTHER OBJECT,NOT DIVIDED,,STRAIGHT AND LEVEL,DRY,NO DEFECTS,ON SCENE,INJURY AND / OR TOW DUE TO CRASH,,,,$500 OR LESS,07/20/2025 04:35:00 AM,UNABLE TO DETERMINE,UNABLE TO DETERMINE,10101,S,WENTWORTH AVE,511,,,,,,,1,"REPORTED, NOT EVIDENT",1,0,0,0,1,0,0,4,1,7,41.7106617369,-87.6282577197,POINT (-87.628257719705 41.710661736935)
054d0727bfda48d587b846aca15a7b245b61dcb6afa4cb0097c14397cc95d4244b371f906e2dbcf2a43370d4b53f7d38e4b10d71cd58e5fa4d7b97e523e37411,N,07/20/2025 04:26:00 AM,30,NO CONTROLS,NO CONTROLS,CLEAR,"DARKNESS, LIGHTED ROAD",PARKED MOTOR VEHICLE,ONE-WAY,,STRAIGHT AND LEVEL,DRY,NO DEFECTS,,INJURY AND / OR TOW DUE TO CRASH,,,Y,"OVER $1,500",07/20/2025 04:38:00 AM,UNABLE TO DETERMINE,NOT APPLICABLE,11312,S,CHAMPLAIN AVE,531,,,,,,,3,NO INDICATION OF INJURY,0,0,0,0,0,1,0,4,1,7,41.6888052113,-87.6072704126,POINT (-87.607270412644 41.688805211327)
10e351def17aa1ce271217b86af7152b50381ab44a6fa73719cf57146e04c880371054677a6c137212f65820ee100df69d84b0ea1a080f9b9ac458316d0e109b,,07/20/2025 04:00:00 AM,35,NO CONTROLS,NO CONTROLS,CLEAR,"DARKNESS, LIGHTED ROAD",FIXED OBJECT,DIVIDED - W/MEDIAN BARRIER,,STRAIGHT AND LEVEL,UNKNOWN,UNKNOWN,ON SCENE,NO INJURY / DRIVE AWAY,,,,"OVER $1,500",07/20/2025 04:11:00 AM,EQUIPMENT - VEHICLE CONDITION,EQUIPMENT - VEHICLE CONDITION,13006,S,TORRENCE AVE,434,,,,,,,1,NO INDICATION OF INJURY,0,0,0,0,0,1,0,4,1,7,41.6589550139,-87.5594332672,POINT (-87.559433267249 41.658955013923)
3eed370858df5caf3bdeb7a23025e789a566e01a572731d0fed82002726db71e91fa943fc5472350f32e736973ae9ab67d7c1b1338939f0d73e20a5efb882ac8,,07/20/2025 04:00:00 AM,30,TRAFFIC SIGNAL,UNKNOWN,CLOUDY/OVERCAST,UNKNOWN,SIDESWIPE SAME DIRECTION,FOUR WAY,,STRAIGHT AND LEVEL,OTHER,UNKNOWN,ON SCENE,INJURY AND / OR TOW DUE TO CRASH,Y,,Y,"OVER $1,500",07/20/2025 04:00:00 AM,UNABLE TO DETERMINE,NOT APPLICABLE,6000,S,COTTAGE GROVE AVE,313,,,,,,,2,"REPORTED, NOT EVIDENT",1,0,0,0,1,1,0,4,1,7,41.7857837309,-87.6061847015,POINT (-87.606184701516 41.785783730894)
4ee64296b7bd15113ecf633489018a8c856dbc3b4f3e92e2d5533f7f8c4538c91d5986f2b16cc8528962c36d67abbae3583e246461454c4549b61c7c678eacd3,,07/20/2025 04:00:00 AM,20,STOP SIGN/FLASHER,FUNCTIONING PROPERLY,CLEAR,"DARKNESS, LIGHTED ROAD",FIXED OBJECT,FOUR WAY,,STRAIGHT AND LEVEL,DRY,UNKNOWN,NOT ON SCENE (DESK REPORT),NO INJURY / DRIVE AWAY,Y,,,"OVER $1,500",07/20/2025 09:25:00 AM,NOT APPLICABLE,UNABLE TO DETERMINE,10401,S,TORRENCE AVE,434,,,,,,,1,NO INDICATION OF INJURY,0,0,0,0,0,1,0,4,1,7,41.706308229,-87.5594979563,POINT (-87.559497956329 41.70630822903)
8a70418a92c00ba2dcaf49e758ce68b6287a1eab8bb27147b0a4d122d94572112e0dbe910991147ed7cc335925a2a5298e1e0bd62a2d0b24fd951f2c51855da9,,07/20/2025 03:47:00 AM,15,NO CONTROLS,NO CONTROLS,CLEAR,"DARKNESS, LIGHTED ROAD",PARKED MOTOR VEHICLE,ONE-WAY,,STRAIGHT AND LEVEL,DRY,NO DEFECTS,ON SCENE,INJURY AND / OR TOW DUE TO CRASH,,,,"OVER $1,500",07/20/2025 03:47:00 AM,FAILING TO REDUCE SPEED TO AVOID CRASH,NOT APPLICABLE,4758,N,LAWNDALE AVE,1723,,,,,,,2,NO INDICATION OF INJURY,0,0,0,0,0,1,0,3,1,7,41.9682284635,-87.7208407232,POINT (-87.720840723179 41.968228463532)
591ca9232abf52e515d48a5a4f6444758d5e1a4e9e8219d7d89f714af604881b2062198e130e6e94f3d36f6bc77ac3516d86f7a03e0ad9bfdbccc5b142b7ea0f,,07/20/2025 03:33:00 AM,30,POLICE/FLAGMAN,FUNCTIONING PROPERLY,CLEAR,"DARKNESS, LIGHTED ROAD",PEDESTRIAN,NOT DIVIDED,,STRAIGHT AND LEVEL,DRY,UNKNOWN,ON SCENE,INJURY AND / OR TOW DUE TO CRASH,,,Y,$500 OR LESS,07/20/2025 03:33:00 AM,FAILING TO YIELD RIGHT-OF-WAY,IMPROPER OVERTAKING/PASSING,4500,W,FIFTH AVE,1131,,,,,,,2,NONINCAPACITATING INJURY,1,0,0,1,0,1,0,3,1,7,41.8696547502,-87.7378639793,POINT (-87.737863979322 41.869654750178)
79cb0240a0494f3048940a90bc168d1b6a20995305af7c7fcc0c2a13920db7ab462d5006fefa073bb14675ed48bf9323fc2e0eb350cafadd02e55c383e9ea57a,,07/20/2025 03:30:00 AM,30,TRAFFIC SIGNAL,FUNCTIONING PROPERLY,CLEAR,"DARKNESS, LIGHTED ROAD",REAR END,NOT DIVIDED,,STRAIGHT AND LEVEL,DRY,NO DEFECTS,NOT ON SCENE (DESK REPORT),NO INJURY / DRIVE AWAY,,,Y,"$501 - $1,500",07/20/2025 04:00:00 AM,FOLLOWING TOO CLOSELY,FOLLOWING TOO CLOSELY,10,E,CHICAGO AVE,1833,,,,,,,2,NO INDICATION OF INJURY,0,0,0,0,0,5,0,3,1,7,41.8967928744,-87.6277875784,POINT (-87.627787578417 41.896792874374)
5867633c5ab7c44c90af313879d0be0ce2cb50a0ae7bb9db1ef1d0c14d0950021d4a6252b3db7483a9ded4030f7e7d479384ad86b9dfff6a39acca49b8eb5a25,,07/20/2025 03:27:00 AM,30,NO CONTROLS,NO CONTROLS,CLEAR,"DARKNESS, LIGHTED ROAD",PARKED MOTOR VEHICLE,NOT DIVIDED,,STRAIGHT AND LEVEL,DRY,NO DEFECTS,ON SCENE,INJURY AND / OR TOW DUE TO CRASH,,,,"OVER $1,500",07/20/2025 03:29:00 AM,"OPERATING VEHICLE IN ERRATIC, RECKLESS, CARELESS, NEGLIGENT OR AGGRESSIVE MANNER","OPERATING VEHICLE IN ERRATIC, RECKLESS, CARELESS, NEGLIGENT OR AGGRESSIVE MANNER",511,S,CENTRAL AVE,1522,,,,,,,2,NO INDICATION OF INJURY,0,0,0,0,0,3,0,3,1,7,41.8734578609,-87.7644643554,POINT (-87.764464355398 41.873457860934)
ad73fad8ce2f2b441f9328e0213762a056ac84426a5e61f94ee97e00760d87b19cb5ff4d9ebb87930374806aa29965048f441f9676c0b96d132700edfd7c1ad5,,07/20/2025 03:15:00 AM,45,TRAFFIC SIGNAL,FUNCTIONING PROPERLY,CLEAR,"DARKNESS, LIGHTED ROAD",SIDESWIPE SAME DIRECTION,FOUR WAY,,STRAIGHT AND LEVEL,DRY,NO DEFECTS,NOT ON SCENE (DESK REPORT),NO INJURY / DRIVE AWAY,,,Y,"OVER $1,500",07/29/2025 12:30:00 PM,UNABLE TO DETERMINE,NOT APPLICABLE,105,S,LAKE SHORE DR NB,114,,,,,,,2,NO INDICATION OF INJURY,0,0,0,0,0,2,0,3,1,7,41.8807655219,-87.6171036473,POINT (-87.617103647274 41.880765521889)
9ea895553adf2c54c5726d9c3dbd30579ee5a77bebf0efc16bedc6c2dd263aa0bb6d42c412457778f23e8cf2b4ed0afbfb5a23e076d799227bb88abb56cd40ed,N,07/20/2025 03:11:00 AM,30,TRAFFIC SIGNAL,FUNCTIONING PROPERLY,CLEAR,"DARKNESS, LIGHTED ROAD",PARKED MOTOR VEHICLE,FOUR WAY,,STRAIGHT AND LEVEL,DRY,NO DEFECTS,ON SCENE,INJURY AND / OR TOW DUE TO CRASH,,,,"OVER $1,500",07/20/2025 03:11:00 AM,UNABLE TO DETERMINE,NOT APPLICABLE,37,N,LAVERGNE AVE,1533,,,,,,,4,NO INDICATION OF INJURY,0,0,0,0,0,1,0,3,1,7,41.8816888325,-87.7500741697,POINT (-87.750074169734 41.881688832471)
13dabae7380c60356fa6810d338661e9b38311732412a84140dc72b528dcf83f3b01f264f56c1f04e6c4208d84c9f95b4e64e290865ab4b28e66977431537063,,07/20/2025 03:00:00 AM,30,STOP SIGN/FLASHER,FUNCTIONING PROPERLY,UNKNOWN,"DARKNESS, LIGHTED ROAD",PARKED MOTOR VEHICLE,FOUR WAY,,STRAIGHT AND LEVEL,UNKNOWN,UNKNOWN,NOT ON SCENE (DESK REPORT),NO INJURY / DRIVE AWAY,,,Y,"OVER $1,500",07/20/2025 03:50:00 PM,UNABLE TO DETERMINE,NOT APPLICABLE,4129,W,BELDEN AVE,2525,,,,,,,2,NO INDICATION OF INJURY,0,0,0,0,0,1,0,3,1,7,41.9225010923,-87.7303241069,POINT (-87.730324106875 41.922501092327)
499dfde323d3c005764ef8382b35bc84f278a243bf4cff0a5ad91c12f353671bda35906ec3c3442683157b144befb94d6188592a186651473b65e0286b92868f,,07/20/2025 03:00:00 AM,30,NO CONTROLS,NO CONTROLS,CLEAR,"DARKNESS, LIGHTED ROAD",PARKED MOTOR VEHICLE,ONE-WAY,,STRAIGHT AND LEVEL,DRY,NO DEFECTS,ON SCENE,INJURY AND / OR TOW DUE TO CRASH,,,Y,"$501 - $1,500",07/20/2025 11:34:00 AM,NOT APPLICABLE,NOT APPLICABLE,3004,W,60TH ST,824,,,,,,,2,NO INDICATION OF INJURY,0,0,0,0,0,2,0,3,1,7,41.7846103418,-87.6986662156,POINT (-87.698666215559 41.784610341838)
4c9511ea5f48db59ee87fe415cf8cd454a97cebeb5e867564cae0cd1278888de06fbfe0a0e54e34ead82c125874c0e990bceb0a10defe229095c8f8a5e460439,,07/20/2025 03:00:00 AM,30,STOP SIGN/FLASHER,FUNCTIONING PROPERLY,UNKNOWN,"DARKNESS, LIGHTED ROAD",PARKED MOTOR VEHICLE,ONE-WAY,,STRAIGHT AND LEVEL,UNKNOWN,UNKNOWN,NOT ON SCENE (DESK REPORT),NO INJURY / DRIVE AWAY,,,Y,"OVER $1,500",07/21/2025 08:15:00 PM,UNABLE TO DETERMINE,NOT APPLICABLE,1641,N,SAWYER AVE,1421,,,,,,,2,NO INDICATION OF INJURY,0,0,0,0,0,1,0,3,1,7,41.9113206344,-87.7083307716,POINT (-87.708330771609 41.911320634416)
9c35b61138adbfd79060687e04e5f1b52fba57fcdb8a112e3311b740854d3c61c097f088ff001b62cd5e12fac02fb9d4d7008f55d96682e3c03bcaa042105d44,,07/20/2025 03:00:00 AM,30,NO CONTROLS,NO CONTROLS,CLEAR,"DARKNESS, LIGHTED ROAD",PARKED MOTOR VEHICLE,NOT DIVIDED,,STRAIGHT AND LEVEL,DRY,UNKNOWN,ON SCENE,NO INJURY / DRIVE AWAY,,,,"OVER $1,500",07/20/2025 03:05:00 AM,IMPROPER OVERTAKING/PASSING,IMPROPER OVERTAKING/PASSING,622,S,KOSTNER AVE,1131,,,,,,,2,NO INDICATION OF INJURY,0,0,0,0,0,2,0,3,1,7,41.8728641415,-87.7353563949,POINT (-87.735356394915 41.872864141527)
50fe352f446500a2b8e1546df44b8718f3a5456a77f9c8a383cfd3b377907afc1c9e2ac1453273eab03b3362d091827ffe15bfb2a5a9ea78de82327093b938f4,,07/20/2025 02:56:00 AM,25,NO CONTROLS,NO CONTROLS,CLEAR,"DARKNESS, LIGHTED ROAD",PARKED MOTOR VEHICLE,ONE-WAY,,STRAIGHT AND LEVEL,DRY,NO DEFECTS,ON SCENE,INJURY AND / OR TOW DUE TO CRASH,,,,"OVER $1,500",07/20/2025 02:56:00 AM,FAILING TO REDUCE SPEED TO AVOID CRASH,NOT APPLICABLE,524,N,LECLAIRE AVE,1532,,,,,,,4,NO INDICATION OF INJURY,0,0,0,0,0,1,0,2,1,7,41.8900986316,-87.7531235027,POINT (-87.753123502652 41.890098631632)
261848d5a650ad7f2ed687d7f1eecdab729d1c4562b339fc5adb11cd3977ecf39fb364cffd82dced6e7c72e010cf6ca871b761de38dd5a8e506265cd0fbc85b3,,07/20/2025 02:52:00 AM,30,TRAFFIC SIGNAL,FUNCTIONING PROPERLY,CLEAR,"DARKNESS, LIGHTED ROAD",TURNING,T-INTERSECTION,,STRAIGHT AND LEVEL,DRY,NO DEFECTS,NOT ON SCENE (DESK REPORT),NO INJURY / DRIVE AWAY,Y,,,"$501 - $1,500",07/20/2025 02:52:00 AM,IMPROPER TURNING/NO SIGNAL,FOLLOWING TOO CLOSELY,5100,S,WESTERN AVE,923,,,,,,,2,NO INDICATION OF INJURY,0,0,0,0,0,3,0,2,1,7,41.8010528356,-87.6843676488,POINT (-87.684367648824 41.801052835623)
3ef0f5a12175441406de229efcebc93a44cf487fa68fbe990a4808d09dec75dae98608acac0d8399f142a3da62167f8f21d134dd8de2ff33048bf103ccaade94,,07/20/2025 02:51:00 AM,30,NO CONTROLS,NO CONTROLS,CLEAR,"DARKNESS, LIGHTED ROAD",TURNING,NOT DIVIDED,,STRAIGHT AND LEVEL,DRY,NO DEFECTS,ON SCENE,NO INJURY / DRIVE AWAY,,,,"OVER $1,500",07/20/2025 03:20:00 AM,UNABLE TO DETERMINE,NOT APPLICABLE,5490,S,SHORE DR,234,,,,,,,2,NO INDICATION OF INJURY,0,0,0,0,0,3,0,2,1,7,41.7955583674,-87.5810275262,POINT (-87.581027526201 41.795558367418)
80510cb279d6fbab93efcb84f7a336f823ab5e500618596efbdb256b215d4acb882c2650c781d9ebf433aaa015b5f2a9c4539764b6b9708643fdcb7ca9152eb0,Y,07/20/2025 02:50:00 AM,30,TRAFFIC SIGNAL,FUNCTIONING PROPERLY,CLEAR,"DARKNESS, LIGHTED ROAD",REAR END,NOT DIVIDED,,STRAIGHT AND LEVEL,DRY,NO DEFECTS,ON SCENE,INJURY AND / OR TOW DUE TO CRASH,,,Y,"OVER $1,500",07/20/2025 03:20:00 AM,UNABLE TO DETERMINE,NOT APPLICABLE,3150,W,111TH ST,2211,,,,,,,2,"REPORTED, NOT EVIDENT",1,0,0,0,1,1,0,2,1,7,41.6916816065,-87.7004319134,POINT (-87.700431913402 41.69168160654)
b540bc056aa6b3a0a5a905bb337b197f852d58f80d43ba62390503e09e93ba838f53a533770c6591c2e2dd816a57e669f76f11cb22e55a53c84d0bc77f266319,,07/20/2025 02:48:00 AM,30,NO CONTROLS,NO CONTROLS,CLEAR,"DARKNESS, LIGHTED ROAD",PARKED MOTOR VEHICLE,NOT DIVIDED,,STRAIGHT AND LEVEL,DRY,NO DEFECTS,,NO INJURY / DRIVE AWAY,,,,"OVER $1,500",07/20/2025 02:50:00 AM,UNDER THE INFLUENCE OF ALCOHOL/DRUGS (USE WHEN ARREST IS EFFECTED),UNDER THE INFLUENCE OF ALCOHOL/DRUGS (USE WHEN ARREST IS EFFECTED),1635,N,MILWAUKEE AVE,1434,,,,,,,3,NO INDICATION OF INJURY,0,0,0,0,0,1,0,2,1,7,41.9111881871,-87.6784932949,POINT (-87.678493294885 41.911188187137)
e29321a934c99ee07767339216d485b318c73050767785e60a18ec0ad9ef3a3489f6e9b37d9e731939e40f47b15bf02b7563acff544c636a27366d276938cfad,,07/20/2025 02:15:00 AM,30,NO CONTROLS,NO CONTROLS,CLEAR,"DARKNESS, LIGHTED ROAD",SIDESWIPE SAME DIRECTION,NOT DIVIDED,,STRAIGHT AND LEVEL,DRY,NO DEFECTS,NOT ON SCENE (DESK REPORT),NO INJURY / DRIVE AWAY,,,,"OVER $1,500",07/20/2025 02:50:00 AM,UNABLE TO DETERMINE,NOT APPLICABLE,6262,N,HARLEM AVE,1612,,,,,,,2,NO INDICATION OF INJURY,0,0,0,0,0,2,0,2,1,7,41.9953464848,-87.8069658232,POINT (-87.806965823182 41.995346484781)
d3328da5efada635c02c6502fba90237e46036f7d46dff12a56e730e12dc292a5bc56a2b55c8bb8ed40fc7f4502e22b927f6e56e17901812aab6ea4d6787f370,,07/20/2025 02:11:00 AM,20,NO CONTROLS,NO CONTROLS,CLEAR,DARKNESS,PARKED MOTOR VEHICLE,ONE-WAY,,STRAIGHT AND LEVEL,DRY,NO DEFECTS,ON SCENE,INJURY AND / OR TOW DUE TO CRASH,,,,"OVER $1,500",07/20/2025 02:11:00 AM,NOT APPLICABLE,NOT APPLICABLE,5808,W,FULTON ST,1512,,,,,,,2,NO INDICATION OF INJURY,0,0,0,0,0,1,0,2,1,7,41.8857496156,-87.7703680898,POINT (-87.770368089805 41.885749615603)
43f9dd88d21cb9ed887060020a4047f337a6187134a75785f14cb051201f6ce9c1a175bd7f19e32cf7038e2f224fa02abaf8c822584731966a073133ff23d97a,,07/20/2025 02:10:00 AM,30,TRAFFIC SIGNAL,FUNCTIONING PROPERLY,CLEAR,"DARKNESS, LIGHTED ROAD",REAR END,NOT DIVIDED,,STRAIGHT AND LEVEL,DRY,NO DEFECTS,NOT ON SCENE (DESK REPORT),NO INJURY / DRIVE AWAY,Y,,Y,"$501 - $1,500",07/20/2025 03:00:00 AM,FOLLOWING TOO CLOSELY,FOLLOWING TOO CLOSELY,8700,S,STATE ST,632,,,,,,,2,NO INDICATION OF INJURY,0,0,0,0,0,2,0,2,1,7,41.7362094694,-87.6243055191,POINT (-87.624305519124 41.736209469449)
2a36cfb8625e828e59f5a9ed49574a432d2f8437541912fbc04372fe4656c9e4e94058f769d6ee5ebecb77a145f713259f44f9e5b3b491daa0e8506c2a4971de,,07/20/2025 02:00:00 AM,35,NO CONTROLS,FUNCTIONING PROPERLY,CLEAR,"DARKNESS, LIGHTED ROAD",PARKED MOTOR VEHICLE,NOT DIVIDED,,STRAIGHT AND LEVEL,UNKNOWN,NO DEFECTS,ON SCENE,INJURY AND / OR TOW DUE TO CRASH,,,Y,"OVER $1,500",07/20/2025 09:35:00 AM,UNABLE TO DETERMINE,UNABLE TO DETERMINE,305,W,107TH ST,513,,,,,,,3,NO INDICATION OF INJURY,0,0,0,0,0,1,0,2,1,7,41.6996710735,-87.6308602497,POINT (-87.630860249738 41.699671073494)
469fce25c0d61c7024cf04539573563138cc4f3274a23911bd8c9b6ea60564970a50e0cf69e9bc4dc943ce5ff836928fb0068bc10c6af117aa50f9ba82e8c9ad,,07/20/2025 02:00:00 AM,30,NO CONTROLS,NO CONTROLS,CLEAR,DARKNESS,PARKED MOTOR VEHICLE,DIVIDED - W/MEDIAN (NOT RAISED),,STRAIGHT AND LEVEL,DRY,NO DEFECTS,NOT ON SCENE (DESK REPORT),NO INJURY / DRIVE AWAY,,,Y,"$501 - $1,500",07/20/2025 12:15:00 PM,UNABLE TO DETERMINE,UNABLE TO DETERMINE,5100,W,DIVERSEY AVE,2521,,,,,,,2,NO INDICATION OF INJURY,0,0,0,0,0,1,0,2,1,7,41.9315417683,-87.7540862233,POINT (-87.754086223274 41.931541768265)
68c2d34977fb851d33feb912e4dff1c97cf9ff4d93c06017dfd574c418baeca2f9ddfe418b1cd9a494f79b15f751098fac7f213819b08b905468329c7cb3aab0,,07/20/2025 02:00:00 AM,30,NO CONTROLS,NO CONTROLS,CLEAR,"DARKNESS, LIGHTED ROAD",PARKED MOTOR VEHICLE,NOT DIVIDED,,STRAIGHT AND LEVEL,DRY,NO DEFECTS,ON SCENE,INJURY AND / OR TOW DUE TO CRASH,,,,"OVER $1,500",07/20/2025 02:38:00 AM,PHYSICAL CONDITION OF DRIVER,PHYSICAL CONDITION OF DRIVER,1864,W,76TH ST,611,,,,,,,3,NO INDICATION OF INJURY,0,0,0,0,0,1,0,2,1,7,41.755835967,-87.6708014482,POINT (-87.6708014482 41.755835966974)
398b47956ab10521c36229a23b1dc896130ecc0538909507c55f948f8094072b367bb3d6e22efc00c0062ef515610e61a4a1b74ab9ec24022993f0127c0faa27,,07/20/2025 01:50:00 AM,30,NO CONTROLS,NO CONTROLS,CLEAR,"DARKNESS, LIGHTED ROAD",PARKED MOTOR VEHICLE,NOT DIVIDED,,STRAIGHT AND LEVEL,DRY,NO DEFECTS,NOT ON SCENE (DESK REPORT),NO INJURY / DRIVE AWAY,,,,"OVER $1,500",07/20/2025 03:15:00 AM,DISTRACTION - FROM OUTSIDE VEHICLE,NOT APPLICABLE,6151,W,DICKENS AVE,2512,,,,,,,2,NO INDICATION OF INJURY,0,0,0,0,0,1,0,1,1,7,41.9177400563,-87.7800090304,POINT (-87.780009030367 41.917740056335)
39647cdb58b877cd8dfbd059cfa9fca7b9d8fa5a8892b081a80e9cc864455f3eca3a5e3befe13704dfe5e8643d8d23a86ad807f4dd25903500c54f39de848090,,07/20/2025 01:44:00 AM,30,NO CONTROLS,NO CONTROLS,CLEAR,"DARKNESS, LIGHTED ROAD",ANGLE,FOUR WAY,,STRAIGHT AND LEVEL,DRY,NO DEFECTS,,NO INJURY / DRIVE AWAY,Y,,,"OVER $1,500",07/20/2025 01:44:00 AM,IMPROPER BACKING,UNABLE TO DETERMINE,7500,S,SANGAMON ST,621,,,,,,,2,NO INDICATION OF INJURY,0,0,0,0,0,2,0,1,1,7,41.7575922411,-87.6480056705,POINT (-87.648005670508 41.757592241068)
3db217435db80b37cc5f7237a7fa0d28c0f758963ce962e9dc94f9cafbf6aa0ba99744176815ae54248cb642ac01ba42700e47d81bafa33d549e372aad1d56e1,,07/20/2025 01:38:00 AM,30,TRAFFIC SIGNAL,FUNCTIONING PROPERLY,CLEAR,"DARKNESS, LIGHTED ROAD",SIDESWIPE SAME DIRECTION,NOT DIVIDED,,STRAIGHT AND LEVEL,DRY,NO DEFECTS,ON SCENE,NO INJURY / DRIVE AWAY,,,,"OVER $1,500",07/20/2025 01:38:00 AM,UNABLE TO DETERMINE,UNABLE TO DETERMINE,6375,N,MILWAUKEE AVE,1611,,,,,,,2,NO INDICATION OF INJURY,0,0,0,0,0,2,0,1,1,7,41.9968901476,-87.7872613127,POINT (-87.787261312723 41.996890147618)
b21a355fbc402d2d64b35b6395c306ddf2dcbfc254d8844492f833c52cf541585e02ec29cd7be1b973bb3ae22a8c84cab4dca5af0fd77dea35b6bc4e96369cb1,,07/20/2025 01:33:00 AM,30,NO CONTROLS,NO CONTROLS,CLEAR,DARKNESS,PARKED MOTOR VEHICLE,NOT DIVIDED,,STRAIGHT AND LEVEL,DRY,NO DEFECTS,ON SCENE,INJURY AND / OR TOW DUE TO CRASH,,,Y,"OVER $1,500",07/20/2025 01:33:00 AM,NOT APPLICABLE,NOT APPLICABLE,2908,W,25TH ST,1033,,,,,,,3,NO INDICATION OF INJURY,0,0,0,0,0,1,0,1,1,7,41.8465267665,-87.6981554742,POINT (-87.698155474207 41.84652676653)
1a0ca9860b0201b1e035a8ebfc6dfa84a723480052550dba7eee003d65538729cdc2516c17ba202060b4984996a0261fa9a839ea09a70d591a63d5a978e40e5f,,07/20/2025 01:30:00 AM,30,TRAFFIC SIGNAL,FUNCTIONING PROPERLY,CLEAR,"DARKNESS, LIGHTED ROAD",ANGLE,FOUR WAY,,STRAIGHT AND LEVEL,DRY,UNKNOWN,ON SCENE,INJURY AND / OR TOW DUE TO CRASH,Y,,Y,"OVER $1,500",07/20/2025 01:30:00 AM,DISREGARDING TRAFFIC SIGNALS,DISREGARDING TRAFFIC SIGNALS,3959,W,LAKE ST,1122,,,,,,,2,"REPORTED, NOT EVIDENT",2,0,0,0,2,2,0,1,1,7,41.8853507056,-87.7256683355,POINT (-87.725668335482 41.885350705589)
729130076dddbc309c6c05a59fc0cc4ace3ab1280720cec6bf327ac47ab968bb0a416127841ec4493beb90faf816a936d92e2608025fb2ce0d24609e2df30a54,,07/20/2025 01:30:00 AM,30,NO CONTROLS,NO CONTROLS,CLEAR,"DARKNESS, LIGHTED ROAD",SIDESWIPE SAME DIRECTION,DIVIDED - W/MEDIAN (NOT RAISED),,STRAIGHT AND LEVEL,DRY,NO DEFECTS,ON SCENE,NO INJURY / DRIVE AWAY,,,,"$501 - $1,500",07/20/2025 01:34:00 AM,UNABLE TO DETERMINE,NOT APPLICABLE,2998,N,SHERIDAN RD,1934,,,,,,,2,NO INDICATION OF INJURY,0,0,0,0,0,2,0,1,1,7,41.9365341808,-87.6395788333,POINT (-87.639578833294 41.936534180782)