CRASH_RECORD_ID,CRASH_DATE_EST_I,CRASH_DATE,POSTED_SPEED_LIMIT,TRAFFIC_CONTROL_DEVICE,DEVICE_CONDITION,WEATHER_CONDITION,LIGHTING_CONDITION,FIRST_CRASH_TYPE,TRAFFICWAY_TYPE,LANE_CNT,ALIGNMENT,ROADWAY_SURFACE_COND,ROAD_DEFECT,REPORT_TYPE,CRASH_TYPE,INTERSECTION_RELATED_I,NOT_RIGHT_OF_WAY_I,HIT_AND_RUN_I,DAMAGE,DATE_POLICE_NOTIFIED,PRIM_CONTRIBUTORY_CAUSE,SEC_CONTRIBUTORY_CAUSE,STREET_NO,STREET_DIRECTION,STREET_NAME,BEAT_OF_OCCURRENCE,PHOTOS_TAKEN_I,STATEMENTS_TAKEN_I,DOORING_I,WORK_ZONE_I,WORK_ZONE_TYPE,WORKERS_PRESENT_I,NUM_UNITS,MOST_SEVERE_INJURY,INJURIES_TOTAL,INJURIES_FATAL,INJURIES_INCAPACITATING,INJURIES_NON_INCAPACITATING,INJURIES_REPORTED_NOT_EVIDENT,INJURIES_NO_INDICATION,INJURIES_UNKNOWN,CRASH_HOUR,CRASH_DAY_OF_WEEK,CRASH_MONTH,LATITUDE,LONGITUDE,LOCATION
759c739c35fd4781f8664b0b91f5f85fee5a442349e909a60f90575f211caf572a2b0c5312e2e8e91851769739385bd69e25f0b710adda5ab0bde73990b744ca,,07/20/2025 01:30:00 AM,30,TRAFFIC SIGNAL,FUNCTIONING PROPERLY,CLEAR,DARKNESS,ANGLE,NOT DIVIDED,,STRAIGHT AND LEVEL,DRY,UNKNOWN,NOT ON SCENE (DESK REPORT),NO INJURY / DRIVE AWAY,Y,,,"OVER $1,500",07/20/2025 02:25:00 AM,UNABLE TO DETERMINE,UNABLE TO DETERMINE,301,N,HALSTED ST,1214,,,,,,,2,NO INDICATION OF INJURY,0,0,0,0,0,2,0,1,1,7,41.8868292805,-87.6473598303,POINT (-87.647359830337 41.886829280545)
a7aa3a2966f2364cde402b1db0249a37e1910881316663c3d4e35349b90a52d9bfec5f064dbdadd58389504a05b24015aba5fb991e23892dff7568764ee51e2d,,07/20/2025 01:25:00 AM,20,STOP SIGN/FLASHER,NO CONTROLS,CLEAR,"DARKNESS, LIGHTED ROAD",TURNING,NOT DIVIDED,,STRAIGHT AND LEVEL,DRY,UNKNOWN,ON SCENE,INJURY AND / OR TOW DUE TO CRASH,Y,,,"OVER $1,500",07/20/2025 02:05:00 AM,UNABLE TO DETERMINE,UNABLE TO DETERMINE,758,W,EVERGREEN AVE,1822,,,,,,,5,NO INDICATION OF INJURY,0,0,0,0,0,2,0,1,1,7,41.906488794,-87.6481160837,POINT (-87.648116083716 41.906488794045)
c62829dabd2a0b25dfbb75caa303cd4e735fb274d2fef82037824c6cff73c567e715d4321a51acd49e4c6bb489d0e44dc6b7d5284462cc94fb70400a5590833a,,07/20/2025 01:25:00 AM,30,TRAFFIC SIGNAL,FUNCTIONING PROPERLY,CLEAR,"DARKNESS, LIGHTED ROAD",ANGLE,T-INTERSECTION,,STRAIGHT AND LEVEL,DRY,NO DEFECTS,,INJURY AND / OR TOW DUE TO CRASH,Y,,Y,"OVER $1,500",07/20/2025 01:28:00 AM,DISREGARDING OTHER TRAFFIC SIGNS,UNABLE TO DETERMINE,3953,W,AUGUSTA BLVD,1112,,,,,,,3,NO INDICATION OF INJURY,0,0,0,0,0,2,0,1,1,7,41.8989168675,-87.7258546301,POINT (-87.725854630143 41.898916867507)
9a008bb46d25527fd886d10b47d7fea6d62fb06e258a8546ac1a708c95d3ce7e50dd6fea196bec7cc3a0a7f8fd6b2344bdfb58d6b5811d394f96a14ae66936dc,,07/20/2025 01:20:00 AM,25,STOP SIGN/FLASHER,NO CONTROLS,CLEAR,"DARKNESS, LIGHTED ROAD",TURNING,T-INTERSECTION,,STRAIGHT AND LEVEL,DRY,NO DEFECTS,NOT ON SCENE (DESK REPORT),NO INJURY / DRIVE AWAY,Y,,,"OVER $1,500",07/20/2025 01:35:00 AM,"VISION OBSCURED (SIGNS, TREE LIMBS, BUILDINGS, ETC.)",UNABLE TO DETERMINE,2525,N,LONG AVE,2515,,,,,,,2,NO INDICATION OF INJURY,0,0,0,0,0,4,0,1,1,7,41.9266470942,-87.7610152933,POINT (-87.761015293271 41.926647094213)
42771c5d905adb411d2dd83dbef68ade9a52f1d4b4bb01af066a355e750b5d3f7d5eecc8f3d2578fbd84e4cb991bd57bb41fc0fdd09c6fd636e2a033487dc607,Y,07/20/2025 01:15:00 AM,30,OTHER,OTHER,OTHER,UNKNOWN,REAR END,OTHER,,STRAIGHT AND LEVEL,OTHER,OTHER,NOT ON SCENE (DESK REPORT),NO INJURY / DRIVE AWAY,,,Y,"OVER $1,500",07/20/2025 02:00:00 AM,UNABLE TO DETERMINE,UNABLE TO DETERMINE,1000,E,OAKWOOD BLVD,212,,,,,,,2,NO INDICATION OF INJURY,0,0,0,0,0,2,0,1,1,7,41.8249123309,-87.6021174866,POINT (-87.602117486562 41.824912330875)
820fbc291cbbb2f81a26f25f98e91d40307236125cb8b5e58d5564e8fd2be6b7125978bf70caee974ecfc06b413147dc77eeb3e89b9d0172536a5b8e05faa8e4,,07/20/2025 01:15:00 AM,30,TRAFFIC SIGNAL,UNKNOWN,CLEAR,"DARKNESS, LIGHTED ROAD",SIDESWIPE SAME DIRECTION,DIVIDED - W/MEDIAN BARRIER,,STRAIGHT AND LEVEL,UNKNOWN,UNKNOWN,ON SCENE,NO INJURY / DRIVE AWAY,N,,Y,"$501 - $1,500",07/20/2025 01:16:00 AM,FAILING TO YIELD RIGHT-OF-WAY,NOT APPLICABLE,4000,S,PULASKI RD,815,,,,,,,2,NO INDICATION OF INJURY,0,0,0,0,0,2,0,1,1,7,41.8190524663,-87.7241127025,POINT (-87.7241127025 41.819052466282)
00737c9e06d91b0ab6621f715c2c608082e73b2e69d765c714efc0c668e4998e84d7b07d986c6f7fc37112aec004394a39e50399ed48b1b809ff20a6a45ad396,,07/20/2025 01:00:00 AM,30,UNKNOWN,UNKNOWN,CLEAR,DAYLIGHT,OTHER OBJECT,NOT DIVIDED,,STRAIGHT AND LEVEL,DRY,UNKNOWN,NOT ON SCENE (DESK REPORT),NO INJURY / DRIVE AWAY,,,,"OVER $1,500",07/21/2025 10:45:00 AM,NOT APPLICABLE,NOT APPLICABLE,6800,S,CALUMET AVE,322,,,,,,,1,NO INDICATION OF INJURY,0,0,0,0,0,1,0,1,1,7,41.7710320393,-87.6171587921,POINT (-87.617158792105 41.771032039277)
2f295d4b59df98c8a8ef3b786ad9a9fd619dfa380901b05903ca193b7810662d8c64e9421dd8b51188a0ed7e905880b1cb3fd456bc44cf91cd38c030c6bfcfce,,07/20/2025 01:00:00 AM,20,NO CONTROLS,NO CONTROLS,CLEAR,"DARKNESS, LIGHTED ROAD",PARKED MOTOR VEHICLE,ONE-WAY,,STRAIGHT AND LEVEL,DRY,NO DEFECTS,NOT ON SCENE (DESK REPORT),NO INJURY / DRIVE AWAY,,,Y,"OVER $1,500",07/20/2025 12:15:00 PM,UNABLE TO DETERMINE,NOT APPLICABLE,1841,N,KARLOV AVE,2534,,,,,,,2,NO INDICATION OF INJURY,0,0,0,0,0,1,0,1,1,7,41.9147374119,-87.7287805339,POINT (-87.728780533906 41.914737411925)
4d76d4a69697c988a0216ec948add42cce49f3ebf4a42697f5a67621d3f99f7216112d42f8bb148836ea4c6ec64230d2e3b17fc0ed7b6c6783fde00e66477cb9,,07/20/2025 01:00:00 AM,30,NO CONTROLS,NO CONTROLS,CLEAR,"DARKNESS, LIGHTED ROAD",REAR END,DIVIDED - W/MEDIAN (NOT RAISED),,STRAIGHT AND LEVEL,DRY,NO DEFECTS,NOT ON SCENE (DESK REPORT),NO INJURY / DRIVE AWAY,,,Y,"OVER $1,500",07/20/2025 01:15:00 AM,UNABLE TO DETERMINE,UNABLE TO DETERMINE,8800,S,HALSTED ST,2223,,,,,,,2,NO INDICATION OF INJURY,0,0,0,0,0,5,0,1,1,7,41.7342226305,-87.6437125899,POINT (-87.643712589891 41.734222630546)
b70c1ac047fab592179ed91fe457eb0dae906a519373a3551402c6b3757544f267da6f0d76105660cc81117b3cd5b7ab8f592da53061698326d18b05a32fb382,,07/20/2025 01:00:00 AM,30,NO CONTROLS,NO CONTROLS,CLEAR,"DARKNESS, LIGHTED ROAD",REAR END,DIVIDED - W/MEDIAN (NOT RAISED),,STRAIGHT AND LEVEL,DRY,NO DEFECTS,ON SCENE,NO INJURY / DRIVE AWAY,,,Y,"OVER $1,500",07/20/2025 01:09:00 AM,FOLLOWING TOO CLOSELY,NOT APPLICABLE,3820,N,PULASKI RD,1732,,,,,,,2,NO INDICATION OF INJURY,0,0,0,0,0,7,0,1,1,7,41.9506790359,-87.7276750084,POINT (-87.727675008438 41.950679035921)
ffa2349b8228e2bdfad7311afb77ceec3917b28978e2abedd7645dfac8f04bcd3651b1dc276dd2551cfc97df8deae3fdc948c989b58775923f7a5b96fe362929,,07/20/2025 01:00:00 AM,30,NO CONTROLS,NO CONTROLS,UNKNOWN,UNKNOWN,FIXED OBJECT,DIVIDED - W/MEDIAN (NOT RAISED),,STRAIGHT AND LEVEL,UNKNOWN,UNKNOWN,NOT ON SCENE (DESK REPORT),NO INJURY / DRIVE AWAY,,,,"$501 - $1,500",07/28/2025 05:00:00 PM,UNABLE TO DETERMINE,NOT APPLICABLE,3621,W,LAKE ST,1123,,,,,,,1,NO INDICATION OF INJURY,0,0,0,0,0,1,0,1,1,7,41.8848537475,-87.7167961507,POINT (-87.716796150695 41.884853747519)
b0c7b2d32c00590394984a94c14c264c34688c2006ce6d5e9c8b7c54ba88be1ad8403482b1a89c7947d9c3070c2dfe1a8059330bbe9a050bd2f7c7a2e48b1255,,07/20/2025 12:58:00 AM,30,UNKNOWN,UNKNOWN,CLEAR,DUSK,REAR END,ONE-WAY,,STRAIGHT AND LEVEL,DRY,NO DEFECTS,,INJURY AND / OR TOW DUE TO CRASH,,,Y,"OVER $1,500",07/20/2025 03:16:00 AM,FAILING TO REDUCE SPEED TO AVOID CRASH,NOT APPLICABLE,4246,S,MICHIGAN AVE,213,,,,,,,2,NONINCAPACITATING INJURY,1,0,0,1,0,2,0,0,1,7,41.8169634196,-87.6231861076,POINT (-87.623186107584 41.816963419581)
57b00697db47ae0d57c3d5bec81fdf6cc363630a567a6a932504c3f120c9199104cd488382ce4d1a97748c1c9ff03a3237eeb4567d4e2c1148e62cd7db007445,,07/20/2025 12:50:00 AM,30,TRAFFIC SIGNAL,FUNCTIONING PROPERLY,CLEAR,"DARKNESS, LIGHTED ROAD",SIDESWIPE SAME DIRECTION,NOT DIVIDED,,STRAIGHT AND LEVEL,DRY,NO DEFECTS,NOT ON SCENE (DESK REPORT),NO INJURY / DRIVE AWAY,Y,,N,"$501 - $1,500",07/20/2025 01:25:00 AM,UNABLE TO DETERMINE,UNABLE TO DETERMINE,625,N,ORLEANS ST,1831,,,,,,,2,NO INDICATION OF INJURY,0,0,0,0,0,2,0,0,1,7,41.8931102833,-87.6369311681,POINT (-87.636931168141 41.893110283318)
cf969e0dc601692e2c3340e3d2b554875b980e52a1cb30aafb307a92475578d195e50d3543b044b6bbe28a46441fd4e1b6d025922bb182c9a8e36b918d50b261,,07/20/2025 12:50:00 AM,40,NO CONTROLS,NO CONTROLS,CLEAR,"DARKNESS, LIGHTED ROAD",REAR END,DIVIDED - W/MEDIAN BARRIER,,STRAIGHT AND LEVEL,DRY,NO DEFECTS,ON SCENE,INJURY AND / OR TOW DUE TO CRASH,,,,"OVER $1,500",07/20/2025 12:56:00 AM,DRIVING SKILLS/KNOWLEDGE/EXPERIENCE,UNABLE TO DETERMINE,2398,N,LAKE SHORE DR NB,1814,,,,,,,2,"REPORTED, NOT EVIDENT",1,0,0,0,1,2,0,0,1,7,41.9259981814,-87.6314627955,POINT (-87.631462795453 41.925998181424)
2bcec5ce0149212e39763535cee350246282560290c96530f00742a2c5ae5d58f55883f9247bae0249d5dae5a0f15c99b836e1eca21ed7ab3bd7f5148d27d9fe,,07/20/2025 12:45:00 AM,30,NO CONTROLS,NO CONTROLS,CLEAR,"DARKNESS, LIGHTED ROAD",PARKED MOTOR VEHICLE,NOT DIVIDED,,STRAIGHT AND LEVEL,DRY,NO DEFECTS,ON SCENE,NO INJURY / DRIVE AWAY,,,Y,"$501 - $1,500",07/20/2025 01:11:00 AM,UNABLE TO DETERMINE,FOLLOWING TOO CLOSELY,4129,W,78TH PL,834,,,,,,,2,NO INDICATION OF INJURY,0,0,0,0,0,1,0,0,1,7,41.7498849243,-87.7252280287,POINT (-87.725228028679 41.749884924309)
436a3a3bbe3d2acbbe091a7a5cac7ef8fea2bb48630ef1192a5a3bdcbfea05d855792cc134308eaefdd9cff722ab6fe8f32c2516feee171699c931243d0eb7d6,Y,07/20/2025 12:30:00 AM,30,TRAFFIC SIGNAL,FUNCTIONING PROPERLY,CLEAR,DARKNESS,ANGLE,NOT DIVIDED,,STRAIGHT AND LEVEL,DRY,NO DEFECTS,NOT ON SCENE (DESK REPORT),INJURY AND / OR TOW DUE TO CRASH,Y,,Y,"OVER $1,500",08/27/2025 12:51:00 PM,UNABLE TO DETERMINE,RELATED TO BUS STOP,2000,W,33RD ST,912,,,,,,,2,NONINCAPACITATING INJURY,1,0,0,1,0,1,0,0,1,7,41.8341316129,-87.6754411485,POINT (-87.675441148508 41.834131612912)
054553c42099c174d1372e02be984ed8b755e19c83fb8ddc9f42a0a3f0d16573175e98acdd91b4f4268f375a9e677cd9eadedab5dc19c89e281049a1cf1d8254,,07/20/2025 12:12:00 AM,25,NO CONTROLS,NO CONTROLS,CLEAR,"DARKNESS, LIGHTED ROAD",PARKED MOTOR VEHICLE,ONE-WAY,,STRAIGHT AND LEVEL,DRY,NO DEFECTS,NOT ON SCENE (DESK REPORT),NO INJURY / DRIVE AWAY,,,,"OVER $1,500",07/20/2025 02:00:00 AM,UNABLE TO DETERMINE,UNABLE TO DETERMINE,2842,W,12TH PL,1022,,,,,,,2,NO INDICATION OF INJURY,0,0,0,0,0,2,0,0,1,7,41.8654770509,-87.6974052151,POINT (-87.697405215138 41.865477050932)
313377f1a22f7bb853e4713b7f0c1f466e0980039753bdd3ff80f3f8817b7459df9810bf7ca9e7a61e7d1bcd4f8fdd28aca2765ffdecc23cc6eaa452e5be7edf,,07/20/2025 12:10:00 AM,30,NO CONTROLS,NO CONTROLS,CLEAR,"DARKNESS, LIGHTED ROAD",PARKED MOTOR VEHICLE,DIVIDED - W/MEDIAN (NOT RAISED),,STRAIGHT AND LEVEL,DRY,NO DEFECTS,ON SCENE,NO INJURY / DRIVE AWAY,,,Y,"OVER $1,500",07/20/2025 12:12:00 AM,UNABLE TO DETERMINE,NOT APPLICABLE,1106,W,LAWRENCE AVE,2033,,,,,,,2,NO INDICATION OF INJURY,0,0,0,0,0,1,0,0,1,7,41.9691578966,-87.6579357803,POINT (-87.657935780292 41.969157896598)
ac54429f9138b28970039f29335079e7d59a509dbb504f6cb506d5f9ac0c0b1349e0675eade50ac4c54c30b5e8cbc324f3160557f84343239a4405fe32efea9e,,07/20/2025 12:07:00 AM,30,TRAFFIC SIGNAL,FUNCTIONING PROPERLY,CLEAR,"DARKNESS, LIGHTED ROAD",SIDESWIPE OPPOSITE DIRECTION,NOT DIVIDED,,STRAIGHT AND LEVEL,DRY,NO DEFECTS,ON SCENE,NO INJURY / DRIVE AWAY,,,,"$501 - $1,500",07/20/2025 12:07:00 AM,IMPROPER BACKING,NOT APPLICABLE,23,E,87TH ST,632,,,,,,,2,NO INDICATION OF INJURY,0,0,0,0,0,2,0,0,1,7,41.7362386229,-87.6231618647,POINT (-87.623161864654 41.736238622863)
5873c070d809bf95722749e1a4625bfa1a11f3a0d270fe96f7220fde65dc2074ec237900cd036b3d6741f2bb470f64b7bea962a866edd467f129ecea9b40a68d,,07/19/2025 11:50:00 PM,30,TRAFFIC SIGNAL,FUNCTIONING PROPERLY,CLEAR,"DARKNESS, LIGHTED ROAD",SIDESWIPE SAME DIRECTION,DIVIDED - W/MEDIAN (NOT RAISED),,STRAIGHT AND LEVEL,DRY,NO DEFECTS,NOT ON SCENE (DESK REPORT),NO INJURY / DRIVE AWAY,,,,"OVER $1,500",07/20/2025 11:53:00 AM,UNABLE TO DETERMINE,UNABLE TO DETERMINE,701,N,SACRAMENTO BLVD,1221,,,,,,,2,NO INDICATION OF INJURY,0,0,0,0,0,3,0,23,7,7,41.8937972299,-87.702004213,POINT (-87.702004213035 41.893797229945)
ed39d699009ec6ad5130c79bfbb9e348d4c80b60f861d32efc883960c0f4e8ed98b540e0f6073ef74aa162bc9029325332b7b3b6289734287f1834e24ed5dd40,,07/19/2025 11:49:00 PM,35,TRAFFIC SIGNAL,UNKNOWN,CLEAR,DUSK,HEAD ON,FOUR WAY,,STRAIGHT AND LEVEL,DRY,UNKNOWN,,INJURY AND / OR TOW DUE TO CRASH,Y,,Y,"OVER $1,500",07/20/2025 01:11:00 AM,DRIVING ON WRONG SIDE/WRONG WAY,NOT APPLICABLE,9499,S,STONY ISLAND AVE,413,,,,,,,2,NONINCAPACITATING INJURY,2,0,0,2,0,1,0,23,7,7,41.7223866861,-87.5849837002,POINT (-87.584983700227 41.722386686132)
b0305be7098fca8f5e9e90be68093ffc3b3edccfbf5620e4b178cbbfff5f6fa74402b12131657cdd41d354e4c2e15091a700e0ff90b954da40bbfff57f83a30b,,07/19/2025 11:41:00 PM,25,UNKNOWN,UNKNOWN,CLEAR,"DARKNESS, LIGHTED ROAD",SIDESWIPE SAME DIRECTION,PARKING LOT,,STRAIGHT AND LEVEL,DRY,NO DEFECTS,NOT ON SCENE (DESK REPORT),NO INJURY / DRIVE AWAY,,,Y,$500 OR LESS,07/19/2025 11:41:00 PM,UNABLE TO DETERMINE,NOT APPLICABLE,6720,W,ARCHER AVE,811,,,,,,,2,NO INDICATION OF INJURY,0,0,0,0,0,4,0,23,7,7,41.7922933994,-87.7901127089,POINT (-87.790112708861 41.7922933994)
9c0f99b06c99b92f20b04833ab9e09d68ed99fc61c4ef2fe3a78e9ac7a64620a2e27614fc4f479223a830c927d007414791bef2550b6e402753561cdf81ce503,,07/19/2025 11:40:00 PM,40,NO CONTROLS,NO CONTROLS,CLEAR,"DARKNESS, LIGHTED ROAD",SIDESWIPE SAME DIRECTION,NOT DIVIDED,,STRAIGHT AND LEVEL,DRY,NO DEFECTS,NOT ON SCENE (DESK REPORT),NO INJURY / DRIVE AWAY,,,Y,"OVER $1,500",07/20/2025 10:30:00 AM,UNABLE TO DETERMINE,UNABLE TO DETERMINE,764,N,LAKE SHORE DR NB,1833,,,,,,,2,NO INDICATION OF INJURY,0,0,0,0,0,5,0,23,7,7,41.8967152936,-87.616965214,POINT (-87.616965214034 41.896715293606)
e1045c9cd7848d53335a2ba1be4e862f26256e092d5451470c959cb0153f6413ab9fdd09bab42ace87e8d59dd3d2a9712ee922e763616992a21662d2e8a4514d,,07/19/2025 11:40:00 PM,15,TRAFFIC SIGNAL,FUNCTIONING PROPERLY,CLEAR,"DARKNESS, LIGHTED ROAD",SIDESWIPE OPPOSITE DIRECTION,NOT DIVIDED,,STRAIGHT AND LEVEL,DRY,NO DEFECTS,ON SCENE,NO INJURY / DRIVE AWAY,,,Y,"OVER $1,500",07/20/2025 12:25:00 AM,FAILING TO REDUCE SPEED TO AVOID CRASH,UNABLE TO DETERMINE,87,W,87TH ST,634,,,,,,,2,NO INDICATION OF INJURY,0,0,0,0,0,2,0,23,7,7,41.7361451282,-87.626917844,POINT (-87.626917843973 41.736145128237)
8a6c4a986be85b91cefe9f1c1c5c368a160a571c321f8f2dcaea92c726be0b8474365f148cf4ee8da4f356bda04d41744f399071b2cf88b438b5b8760e9c2600,,07/19/2025 11:37:00 PM,30,TRAFFIC SIGNAL,FUNCTIONING PROPERLY,CLEAR,"DARKNESS, LIGHTED ROAD",ANGLE,FOUR WAY,,STRAIGHT AND LEVEL,DRY,NO DEFECTS,NOT ON SCENE (DESK REPORT),INJURY AND / OR TOW DUE TO CRASH,Y,,,"OVER $1,500",07/20/2025 12:37:00 AM,DISREGARDING TRAFFIC SIGNALS,DISREGARDING TRAFFIC SIGNALS,364,N,MICHIGAN AVE,111,Y,Y,,,,,2,"REPORTED, NOT EVIDENT",1,0,0,0,1,2,0,23,7,7,41.8883435281,-87.6246487615,POINT (-87.624648761452 41.888343528092)
0f59b05056421dd9d504c2a148cdfbb76ad2952cef3baa5f5595f26f7198dfe7794093ffb7a6141fa3addc71f3aceff1d78c2b80b01b043ab937967f561875d1,Y,07/19/2025 11:34:00 PM,30,STOP SIGN/FLASHER,FUNCTIONING PROPERLY,CLEAR,"DARKNESS, LIGHTED ROAD",PEDALCYCLIST,NOT DIVIDED,,STRAIGHT AND LEVEL,DRY,NO DEFECTS,ON SCENE,NO INJURY / DRIVE AWAY,Y,,Y,"OVER $1,500",07/19/2025 11:36:00 PM,DISREGARDING STOP SIGN,DISREGARDING STOP SIGN,2100,W,OHIO ST,1221,,,,,,,2,NO INDICATION OF INJURY,0,0,0,0,0,2,0,23,7,7,41.8923377707,-87.679520978,POINT (-87.679520977986 41.892337770678)
efce3a3591da7faba91413ad5d2ca05c1c10a0eb68d87dafeb0d06d2c22bf6530741704a7772a6ec7d0923f6eb78a198098e7f213e396a8664508cba5189d96d,,07/19/2025 11:30:00 PM,30,NO CONTROLS,NO CONTROLS,CLEAR,"DARKNESS, LIGHTED ROAD",PARKED MOTOR VEHICLE,ONE-WAY,,STRAIGHT AND LEVEL,UNKNOWN,UNKNOWN,ON SCENE,NO INJURY / DRIVE AWAY,,,,"OVER $1,500",07/20/2025 10:44:00 AM,UNABLE TO DETERMINE,UNABLE TO DETERMINE,6531,S,KEELER AVE,833,,,,,,,2,NO INDICATION OF INJURY,0,0,0,0,0,1,0,23,7,7,41.7740260302,-87.7273753009,POINT (-87.727375300885 41.774026030156)
f83010de761e52edb917a2ae7ce8cccc88b4a77d15884977861a7dac49bea5b75284f105d71ef1424b687dc11ba4be4bf571b097b7b8094828cee0b88d4b27d8,,07/19/2025 11:30:00 PM,30,NO CONTROLS,NO CONTROLS,UNKNOWN,"DARKNESS, LIGHTED ROAD",REAR END,DIVIDED - W/MEDIAN BARRIER,,STRAIGHT AND LEVEL,UNKNOWN,UNKNOWN,ON SCENE,INJURY AND / OR TOW DUE TO CRASH,,,Y,"OVER $1,500",07/20/2025 12:20:00 PM,"OPERATING VEHICLE IN ERRATIC, RECKLESS, CARELESS, NEGLIGENT OR AGGRESSIVE MANNER",UNABLE TO DETERMINE,9456,S,LAFAYETTE AVE,634,,,,,,,2,NO INDICATION OF INJURY,0,0,0,0,0,2,0,23,7,7,41.7217675628,-87.6251872986,POINT (-87.625187298613 41.72176756275)
2cf4d8973db6a442343bbd87029eda0de895f00549ddff2c2287308945f8bb0aec1d67556109d95bca9841660a3150e1da8698eb9b94d867765abdff15863dc7,,07/19/2025 11:20:00 PM,35,NO CONTROLS,NO CONTROLS,CLEAR,"DARKNESS, LIGHTED ROAD",REAR END,NOT DIVIDED,,STRAIGHT AND LEVEL,DRY,NO DEFECTS,NOT ON SCENE (DESK REPORT),NO INJURY / DRIVE AWAY,,,,"$501 - $1,500",07/19/2025 11:40:00 PM,FOLLOWING TOO CLOSELY,FAILING TO REDUCE SPEED TO AVOID CRASH,3641,W,LAWRENCE AVE,1723,,,,,,,2,NO INDICATION OF INJURY,0,0,0,0,0,2,0,23,7,7,41.9682210066,-87.7199274269,POINT (-87.719927426942 41.968221006623)
4dc1fa8f1aca307a7c6fe3dc07ba4753ec5f6eff01f49a6eaa65511d5b28229f3d6bc91ce5e20e5ef12e530ff51c17eb82ff5cfbb216d4cdf3cc85445235084f,,07/19/2025 11:20:00 PM,15,NO CONTROLS,NO CONTROLS,CLEAR,"DARKNESS, LIGHTED ROAD",PARKED MOTOR VEHICLE,ALLEY,,STRAIGHT AND LEVEL,DRY,NO DEFECTS,,NO INJURY / DRIVE AWAY,,,Y,"OVER $1,500",07/20/2025 03:00:00 PM,NOT APPLICABLE,NOT APPLICABLE,3339,W,62ND PL,823,,,,,,,2,NO INDICATION OF INJURY,0,0,0,0,0,1,0,23,7,7,41.7797228479,-87.7071363477,POINT (-87.707136347677 41.779722847909)
f088de656fcf7d05980352df66a5eee50635acaf86843abe1216eb9c52c9397a28dc83d350cb49e14e43055f28ab27d9e5c42597141e911bef98479632ddc8bc,,07/19/2025 11:20:00 PM,30,TRAFFIC SIGNAL,FUNCTIONING PROPERLY,CLEAR,"DARKNESS, LIGHTED ROAD",ANGLE,DIVIDED - W/MEDIAN (NOT RAISED),,STRAIGHT AND LEVEL,DRY,NO DEFECTS,NOT ON SCENE (DESK REPORT),NO INJURY / DRIVE AWAY,,,,"OVER $1,500",07/19/2025 11:40:00 PM,IMPROPER BACKING,UNABLE TO DETERMINE,3400,N,LAKE SHORE DR,1925,Y,,,,,,2,NO INDICATION OF INJURY,0,0,0,0,0,3,0,23,7,7,41.9434022184,-87.6406854366,POINT (-87.64068543656 41.943402218415)
67b8fcd733a0d172190e46e69d0cf71b1a05d2532fdf2cd433ce43a6d7e35e9385ba8df3b7b51615f15609a90315cea34804d51b59d73a87d1f95e4efd3ee685,Y,07/19/2025 11:19:00 PM,30,NO CONTROLS,NO CONTROLS,CLEAR,"DARKNESS, LIGHTED ROAD",PEDESTRIAN,FOUR WAY,,STRAIGHT AND LEVEL,DRY,NO DEFECTS,ON SCENE,INJURY AND / OR TOW DUE TO CRASH,Y,,Y,"OVER $1,500",07/19/2025 11:19:00 PM,"OPERATING VEHICLE IN ERRATIC, RECKLESS, CARELESS, NEGLIGENT OR AGGRESSIVE MANNER",FAILING TO REDUCE SPEED TO AVOID CRASH,2000,S,ASHLAND AVE,1234,,,,,,,3,FATAL,2,1,1,0,0,1,0,23,7,7,41.8550180136,-87.6662188942,POINT (-87.666218894165 41.85501801358)
59596964308a4d419047b6209c8b94bbca060888ebac2baa32a1193c48b382ee5cfd9a27d732f80e39c44e6c8978e0951550a6e4a1a289d3e52655caa9501338,,07/19/2025 11:15:00 PM,25,UNKNOWN,UNKNOWN,UNKNOWN,UNKNOWN,PARKED MOTOR VEHICLE,UNKNOWN,,STRAIGHT AND LEVEL,UNKNOWN,UNKNOWN,NOT ON SCENE (DESK REPORT),NO INJURY / DRIVE AWAY,,,,"OVER $1,500",07/20/2025 12:15:00 AM,NOT APPLICABLE,NOT APPLICABLE,1131,W,LAWRENCE AVE,1914,,,,,,,2,NO INDICATION OF INJURY,0,0,0,0,0,1,0,23,7,7,41.9689281273,-87.6588578149,POINT (-87.6588578149 41.968928127254)
e069170afe564c51dc98b49385d24fc6b3e315e839e3fb6e639dc4cbb10bff5ba52820671c3699c45797a62be5e1b73a680010183a4685ad8b8901d82b8b4311,,07/19/2025 11:08:00 PM,30,TRAFFIC SIGNAL,FUNCTIONING PROPERLY,CLEAR,"DARKNESS, LIGHTED ROAD",PEDALCYCLIST,ONE-WAY,,STRAIGHT AND LEVEL,DRY,UNKNOWN,NOT ON SCENE (DESK REPORT),INJURY AND / OR TOW DUE TO CRASH,,,,"$501 - $1,500",07/19/2025 11:40:00 PM,UNABLE TO DETERMINE,UNABLE TO DETERMINE,18,E,OAK ST,1824,,,,,,,2,"REPORTED, NOT EVIDENT",1,0,0,0,1,1,0,23,7,7,41.9008667115,-87.6275550245,POINT (-87.627555024476 41.900866711502)