CRASH_RECORD_ID,CRASH_DATE_EST_I,CRASH_DATE,POSTED_SPEED_LIMIT,TRAFFIC_CONTROL_DEVICE,DEVICE_CONDITION,WEATHER_CONDITION,LIGHTING_CONDITION,FIRST_CRASH_TYPE,TRAFFICWAY_TYPE,LANE_CNT,ALIGNMENT,ROADWAY_SURFACE_COND,ROAD_DEFECT,REPORT_TYPE,CRASH_TYPE,INTERSECTION_RELATED_I,NOT_RIGHT_OF_WAY_I,HIT_AND_RUN_I,DAMAGE,DATE_POLICE_NOTIFIED,PRIM_CONTRIBUTORY_CAUSE,SEC_CONTRIBUTORY_CAUSE,STREET_NO,STREET_DIRECTION,STREET_NAME,BEAT_OF_OCCURRENCE,PHOTOS_TAKEN_I,STATEMENTS_TAKEN_I,DOORING_I,WORK_ZONE_I,WORK_ZONE_TYPE,WORKERS_PRESENT_I,NUM_UNITS,MOST_SEVERE_INJURY,INJURIES_TOTAL,INJURIES_FATAL,INJURIES_INCAPACITATING,INJURIES_NON_INCAPACITATING,INJURIES_REPORTED_NOT_EVIDENT,INJURIES_NO_INDICATION,INJURIES_UNKNOWN,CRASH_HOUR,CRASH_DAY_OF_WEEK,CRASH_MONTH,LATITUDE,LONGITUDE,LOCATION
dbe5011ab82aa284c62b779554206d59f12e5bd92659f629cd77c06f8f6d6bc845f127865bfd511c198c8d9b07f6887d287f6520b93ea34f474accfd40a08f2a,,07/19/2025 11:02:00 PM,30,NO CONTROLS,NO CONTROLS,CLEAR,"DARKNESS, LIGHTED ROAD",PARKED MOTOR VEHICLE,FOUR WAY,,STRAIGHT AND LEVEL,DRY,NO DEFECTS,NOT ON SCENE (DESK REPORT),INJURY AND / OR TOW DUE TO CRASH,,,,"OVER $1,500",07/19/2025 11:02:00 PM,DISTRACTION - FROM INSIDE VEHICLE,UNABLE TO DETERMINE,2828,W,63RD ST,823,,,,,,,4,NO INDICATION OF INJURY,0,0,0,0,0,3,0,23,7,7,41.7792094359,-87.6945532405,POINT (-87.694553240491 41.779209435929)
b5664505ab11e67ca82dfcb6ea393aadbba0fd842a21bd9d4a69e3ff9bbfd924f9ed628b638c8f9c2a038b9db6345ed1fec64c9ce80014ca29405878499876a0,,07/19/2025 11:00:00 PM,30,UNKNOWN,UNKNOWN,CLEAR,DUSK,TURNING,NOT DIVIDED,,STRAIGHT AND LEVEL,DRY,NO DEFECTS,NOT ON SCENE (DESK REPORT),NO INJURY / DRIVE AWAY,,,Y,"OVER $1,500",07/20/2025 01:16:00 AM,IMPROPER LANE USAGE,IMPROPER OVERTAKING/PASSING,500,N,LAKE SHORE DR,1834,,,,,,,2,NO INDICATION OF INJURY,0,0,0,0,0,2,0,23,7,7,41.8911183327,-87.6143846846,POINT (-87.614384684631 41.891118332732)
c1d301aac809aa866d8a22fe4dbd6e3327636f87042610e4a8e822fbee41ffa74e5f334967d984e956e45e27afb9e307eba00c61065b703dbc147bb4f2b427bf,,07/19/2025 11:00:00 PM,35,TRAFFIC SIGNAL,FUNCTIONING PROPERLY,CLEAR,"DARKNESS, LIGHTED ROAD",REAR END,ONE-WAY,,STRAIGHT AND LEVEL,DRY,NO DEFECTS,ON SCENE,INJURY AND / OR TOW DUE TO CRASH,,,,"$501 - $1,500",07/19/2025 11:10:00 PM,FOLLOWING TOO CLOSELY,NOT APPLICABLE,527,E,ILLINOIS ST,1834,,,,,,,2,"REPORTED, NOT EVIDENT",1,0,0,0,1,1,0,23,7,7,41.8910002457,-87.6138889342,POINT (-87.613888934206 41.891000245702)
b0fff50b7dc57d79b935cb52d88297dfa78c4ac7f781ca8f13974ba611f3ee27764dd6fcad54dcc309d977191a7c9e7a50ea0870927e55df2199571799fa4704,,07/19/2025 10:56:00 PM,35,NO CONTROLS,NO CONTROLS,CLEAR,DARKNESS,REAR END,NOT DIVIDED,,STRAIGHT AND LEVEL,DRY,NO DEFECTS,ON SCENE,NO INJURY / DRIVE AWAY,,,,"OVER $1,500",07/19/2025 10:56:00 PM,FAILING TO REDUCE SPEED TO AVOID CRASH,FOLLOWING TOO CLOSELY,6220,N,SHERIDAN RD,2433,,,,,,,2,NO INDICATION OF INJURY,0,0,0,0,0,2,0,22,7,7,41.9952530608,-87.6556945029,POINT (-87.655694502895 41.995253060768)
32df9727d0ebd4391e7f1d642e462917450995cae1887bef538e4da8e66ddc1a2be02b0356afa22933363b4eb845bbf10c3e8e41063b656e4f10c6f7940d472a,,07/19/2025 10:50:00 PM,30,NO CONTROLS,NO CONTROLS,CLEAR,"DARKNESS, LIGHTED ROAD",PARKED MOTOR VEHICLE,NOT DIVIDED,,STRAIGHT AND LEVEL,DRY,NO DEFECTS,ON SCENE,NO INJURY / DRIVE AWAY,,,Y,"OVER $1,500",07/19/2025 10:54:00 PM,UNABLE TO DETERMINE,UNABLE TO DETERMINE,7164,S,HARDING AVE,833,,,,,,,2,NO INDICATION OF INJURY,0,0,0,0,0,1,0,22,7,7,41.762376434,-87.7212568775,POINT (-87.721256877517 41.762376434005)
7b67a5b1facfbf2193d2037957ffc42ef4217d3eb78b31bbae234272987cfcecb84f3e080a291a614fbef0d42c284cbef478c9b5079fe8fd66bb98ba1912bca1,,07/19/2025 10:46:00 PM,30,NO CONTROLS,NO CONTROLS,UNKNOWN,UNKNOWN,SIDESWIPE SAME DIRECTION,NOT DIVIDED,,STRAIGHT AND LEVEL,UNKNOWN,UNKNOWN,NOT ON SCENE (DESK REPORT),NO INJURY / DRIVE AWAY,,,,"$501 - $1,500",07/21/2025 01:05:00 PM,IMPROPER LANE USAGE,IMPROPER LANE USAGE,642,N,CLARK ST,1832,,,,,,,2,NO INDICATION OF INJURY,0,0,0,0,0,3,0,22,7,7,41.8937003274,-87.6313256186,POINT (-87.631325618612 41.893700327407)
1ce4fa83088ea195dbed094e88b4edfdb39cf804b96a9e76df70a71f05c89d13cadba6f63216e48715f5865d9a04c1d7e3562898b473b7bdb84c1cd359431c80,,07/19/2025 10:45:00 PM,30,NO CONTROLS,NO CONTROLS,CLEAR,"DARKNESS, LIGHTED ROAD",FIXED OBJECT,ONE-WAY,,STRAIGHT AND LEVEL,DRY,UNKNOWN,ON SCENE,INJURY AND / OR TOW DUE TO CRASH,,,Y,"OVER $1,500",07/19/2025 10:55:00 PM,NOT APPLICABLE,NOT APPLICABLE,3700,S,CALIFORNIA AVE,911,,,,,,,1,,,,,,,,,22,7,7,41.826373366,-87.6948592409,POINT (-87.694859240857 41.826373365973)
0b738da5a140b2fc5a46be648213b604035aa54186747d8782c3305604ae3ed2ebbf20c9c3bea96cae7303953b76f53002b6dc0c50fff223d27b706cee9b4347,,07/19/2025 10:42:00 PM,30,NO CONTROLS,NO CONTROLS,CLEAR,"DARKNESS, LIGHTED ROAD",REAR END,NOT DIVIDED,,STRAIGHT AND LEVEL,DRY,NO DEFECTS,ON SCENE,INJURY AND / OR TOW DUE TO CRASH,,,,"OVER $1,500",07/19/2025 10:44:00 PM,DISTRACTION - FROM INSIDE VEHICLE,FAILING TO REDUCE SPEED TO AVOID CRASH,940,W,FOSTER AVE,2023,,,,,,,3,"REPORTED, NOT EVIDENT",5,0,0,0,5,0,0,22,7,7,41.9765181241,-87.6541852604,POINT (-87.654185260428 41.976518124072)
0d36cc2101014a9393f2baa92af00e437fc1d9e4412ef9ab17899f0270c4526bb5d7495e98a36785fb258d372206fe40d32e2ac4354b7105cfa31910c7541a79,Y,07/19/2025 10:40:00 PM,30,NO CONTROLS,NO CONTROLS,CLEAR,DARKNESS,ANGLE,NOT DIVIDED,,STRAIGHT AND LEVEL,DRY,NO DEFECTS,NOT ON SCENE (DESK REPORT),INJURY AND / OR TOW DUE TO CRASH,Y,,Y,"OVER $1,500",07/21/2025 07:00:00 PM,FAILING TO YIELD RIGHT-OF-WAY,UNABLE TO DETERMINE,4600,S,INDIANA AVE,215,,,,,,,2,NONINCAPACITATING INJURY,1,0,0,1,0,3,0,22,7,7,41.8110320839,-87.6214046233,POINT (-87.62140462327 41.811032083875)
a25701fa32b07917f27c1d866e16a085576058dfd3c5957183897c3719223259597a3f3af92e0df5f55ab26838830df3dad6af9ec5230949a8a1a744ccf2fefb,,07/19/2025 10:30:00 PM,30,TRAFFIC SIGNAL,UNKNOWN,CLEAR,"DARKNESS, LIGHTED ROAD",SIDESWIPE SAME DIRECTION,FOUR WAY,,STRAIGHT AND LEVEL,DRY,UNKNOWN,NOT ON SCENE (DESK REPORT),NO INJURY / DRIVE AWAY,,,Y,"OVER $1,500",07/19/2025 11:45:00 PM,UNABLE TO DETERMINE,NOT APPLICABLE,555,E,ILLINOIS ST,1834,,,,,,,2,NO INDICATION OF INJURY,0,0,0,0,0,2,0,22,7,7,41.8910259544,-87.6119674792,POINT (-87.611967479177 41.891025954368)
a73d0f12c70b38ce7e3903b2480fbcb93604c9ad8761268a09006db633a8107ec7b9ac1fefa0507d215fe804d7277359bb7c9312a3e5d153e3675ddbd8d39f01,,07/19/2025 10:30:00 PM,25,NO CONTROLS,NO CONTROLS,CLEAR,"DARKNESS, LIGHTED ROAD",REAR TO FRONT,PARKING LOT,,STRAIGHT AND LEVEL,DRY,UNKNOWN,NOT ON SCENE (DESK REPORT),NO INJURY / DRIVE AWAY,,,,"$501 - $1,500",07/19/2025 11:30:00 PM,DRIVING SKILLS/KNOWLEDGE/EXPERIENCE,UNABLE TO DETERMINE,6420,W,FULLERTON AVE,2512,,,,,,,2,NO INDICATION OF INJURY,0,0,0,0,0,2,0,22,7,7,41.9237817967,-87.7862536744,POINT (-87.786253674433 41.92378179667)
c013c525628a816d97cc10246b38050186ef0fd201f04a66b1f290eb7b65429f4d2500fbeb97a752550816d9b04b0292c11cb8a499ec5e9d42dcebe48dba9a17,,07/19/2025 10:30:00 PM,35,STOP SIGN/FLASHER,FUNCTIONING PROPERLY,CLEAR,DARKNESS,REAR END,NOT DIVIDED,,STRAIGHT AND LEVEL,DRY,NO DEFECTS,NOT ON SCENE (DESK REPORT),NO INJURY / DRIVE AWAY,,,Y,"$501 - $1,500",07/23/2025 02:50:00 PM,UNABLE TO DETERMINE,NOT APPLICABLE,4800,W,ROSCOE ST,1634,,,,,,,2,NO INDICATION OF INJURY,0,0,0,0,0,2,0,22,7,7,41.9425845751,-87.7470914151,POINT (-87.747091415079 41.94258457507)
f8a981962c2ccc6c25b2de437e8eb5f9fac489c4ae82e1ed1048384f25414dbbdda85e0cf3bedd5aabe4825456170926d9be6f7a80242172fcccc6e3eac389ad,,07/19/2025 10:30:00 PM,30,TRAFFIC SIGNAL,FUNCTIONING PROPERLY,CLOUDY/OVERCAST,"DARKNESS, LIGHTED ROAD",TURNING,NOT DIVIDED,,STRAIGHT AND LEVEL,DRY,NO DEFECTS,NOT ON SCENE (DESK REPORT),INJURY AND / OR TOW DUE TO CRASH,Y,,,"OVER $1,500",07/19/2025 10:39:00 PM,FAILING TO YIELD RIGHT-OF-WAY,UNABLE TO DETERMINE,1513,W,111TH ST,2234,,,,,,,2,NONINCAPACITATING INJURY,2,0,0,1,1,0,0,22,7,7,41.6920214129,-87.660839777,POINT (-87.660839776968 41.692021412874)
03f15668cb49af1eb743fc0abd10bbe452eaa6516bcece9853c077c8a99e13566ea54ac656292d77276a6e92d10e53463483d9874988cdcf34222ca77c7d759d,,07/19/2025 10:29:00 PM,30,NO CONTROLS,NO CONTROLS,CLEAR,DARKNESS,SIDESWIPE SAME DIRECTION,ONE-WAY,,STRAIGHT AND LEVEL,DRY,NO DEFECTS,NOT ON SCENE (DESK REPORT),NO INJURY / DRIVE AWAY,,,Y,"OVER $1,500",07/19/2025 11:00:00 PM,IMPROPER OVERTAKING/PASSING,NOT APPLICABLE,71,W,MONROE ST,112,,,,,,,2,NO INDICATION OF INJURY,0,0,0,0,0,4,0,22,7,7,41.8805918954,-87.630442327,POINT (-87.630442327033 41.880591895361)
6fa450b70a0bab4f5edaaa44336f5e80898f43b368f99c0d9e9b4c72d4b091d18bb442c574a8a838a47e630fc4eeacb16dff7a2cce2aa9931b498266cef6b6cb,,07/19/2025 10:27:00 PM,30,STOP SIGN/FLASHER,FUNCTIONING PROPERLY,CLEAR,"DARKNESS, LIGHTED ROAD",TURNING,OTHER,,STRAIGHT AND LEVEL,DRY,NO DEFECTS,ON SCENE,NO INJURY / DRIVE AWAY,Y,,,"$501 - $1,500",07/19/2025 11:27:00 PM,IMPROPER LANE USAGE,IMPROPER TURNING/NO SIGNAL,789,W,99TH ST,2232,,,,,,,2,NO INDICATION OF INJURY,0,0,0,0,0,3,0,22,7,7,41.7141048342,-87.6429421316,POINT (-87.642942131591 41.714104834212)
5366ef3cabae7ccab200cc5a9ecda2202aa1a648cde003c9fff8dd4e8c5d4b6a144b63391ce65cc7dea38706b458bd39b3ad27f0894ef92c75e416c0c4001087,,07/19/2025 10:25:00 PM,30,NO CONTROLS,NO CONTROLS,CLEAR,"DARKNESS, LIGHTED ROAD",SIDESWIPE SAME DIRECTION,NOT DIVIDED,,STRAIGHT AND LEVEL,DRY,NO DEFECTS,NOT ON SCENE (DESK REPORT),NO INJURY / DRIVE AWAY,,,,"$501 - $1,500",07/19/2025 11:30:00 PM,IMPROPER OVERTAKING/PASSING,UNABLE TO DETERMINE,711,W,ADDISON ST,1925,,,,,,,2,NO INDICATION OF INJURY,0,0,0,0,0,4,0,22,7,7,41.9472067091,-87.6477473339,POINT (-87.64774733391 41.947206709051)
016dfd0cc402f435b2a050ee036754c9aadb07c9bdbd7a2e7326314954359c3ba9bba35b2de9f1c0617de5b010cbd444419576e5bb0b2d8f7c289bec966f03ff,,07/19/2025 10:20:00 PM,30,TRAFFIC SIGNAL,FUNCTIONING PROPERLY,CLEAR,"DARKNESS, LIGHTED ROAD",REAR END,NOT DIVIDED,,STRAIGHT AND LEVEL,DRY,NO DEFECTS,NOT ON SCENE (DESK REPORT),NO INJURY / DRIVE AWAY,,,,"$501 - $1,500",07/19/2025 11:00:00 PM,FOLLOWING TOO CLOSELY,FOLLOWING TOO CLOSELY,300,W,83RD ST,622,,,,,,,2,NO INDICATION OF INJURY,0,0,0,0,0,3,0,22,7,7,41.7436529012,-87.6317065561,POINT (-87.631706556129 41.743652901207)
01f665ec8c02d7bdc2593f5dc9bba35bfbf600225702fa5e73695827c74b050b3e46faf724c166d2af3684cc01936b99c4ca3f3a110fbb54d5e064e4719e352e,,07/19/2025 10:18:00 PM,30,STOP SIGN/FLASHER,FUNCTIONING PROPERLY,CLEAR,"DARKNESS, LIGHTED ROAD",ANGLE,NOT DIVIDED,,STRAIGHT AND LEVEL,DRY,UNKNOWN,,INJURY AND / OR TOW DUE TO CRASH,,,,"OVER $1,500",07/19/2025 11:00:00 PM,UNABLE TO DETERMINE,UNABLE TO DETERMINE,1100,W,72ND ST,733,,,,,,,2,"REPORTED, NOT EVIDENT",2,0,0,0,2,1,0,22,7,7,41.7633822304,-87.6517045384,POINT (-87.651704538391 41.763382230398)
00fc5389279bd66409297019d691cc5cd445e700d7427fd0e924e2dcb6406e1d141c519d6c9a7243ca52ec70142cca97dd477fa07667b06fdf4f2e2494c04b19,,07/19/2025 10:15:00 PM,30,NO CONTROLS,NO CONTROLS,CLEAR,DARKNESS,REAR END,NOT DIVIDED,,STRAIGHT AND LEVEL,DRY,NO DEFECTS,NOT ON SCENE (DESK REPORT),NO INJURY / DRIVE AWAY,,,Y,"OVER $1,500",07/19/2025 10:15:00 PM,UNABLE TO DETERMINE,UNABLE TO DETERMINE,3930,W,MARQUETTE RD,833,,,,,,,2,NO INDICATION OF INJURY,0,0,0,0,0,2,0,22,7,7,41.7715043509,-87.7213927237,POINT (-87.721392723738 41.771504350949)
cacf955c06df75b7e2421670823dd8407c338924f4fbd312dc458ddeb9ec04d016ad8650d92f2a25487716e53256ccdc52509194d355676957f90ff6d66ed5df,,07/19/2025 10:10:00 PM,30,NO CONTROLS,NO CONTROLS,CLEAR,DAYLIGHT,REAR END,NOT DIVIDED,,STRAIGHT AND LEVEL,DRY,NO DEFECTS,NOT ON SCENE (DESK REPORT),NO INJURY / DRIVE AWAY,,,,"OVER $1,500",07/21/2025 11:32:00 AM,UNABLE TO DETERMINE,NOT APPLICABLE,300,S,SACRAMENTO BLVD,1124,,,,,,,2,NO INDICATION OF INJURY,0,0,0,0,0,6,0,22,7,7,41.8773028284,-87.7012537884,POINT (-87.701253788355 41.877302828389)
4b443df9382252945f8d445ed267b6f9e037ed3af2752adc16948ec3fa3ce61a8a49b49c8f7e66967a993e6f6f2b4396afb14e0407b4002dbfaafdaa5fe08be9,Y,07/19/2025 10:01:00 PM,25,STOP SIGN/FLASHER,FUNCTIONING PROPERLY,CLEAR,"DARKNESS, LIGHTED ROAD",PEDESTRIAN,T-INTERSECTION,,STRAIGHT AND LEVEL,DRY,NO DEFECTS,ON SCENE,INJURY AND / OR TOW DUE TO CRASH,Y,,Y,"OVER $1,500",07/19/2025 10:20:00 PM,DISREGARDING STOP SIGN,NOT APPLICABLE,1450,N,SEDGWICK ST,1821,,,,,,,2,NONINCAPACITATING INJURY,1,0,0,1,0,1,0,22,7,7,41.9090478343,-87.6386750563,POINT (-87.63867505634 41.909047834269)
7357ee6a06161619abf3d72dc2b6a4a3d109289fc3d66567438cfcfcedd91496536b55c189177470c618512be8c334773d853af8c87dec2d17412f8f82308f3a,,07/19/2025 10:00:00 PM,30,NO CONTROLS,NO CONTROLS,CLEAR,DUSK,SIDESWIPE OPPOSITE DIRECTION,NOT DIVIDED,,STRAIGHT AND LEVEL,DRY,NO DEFECTS,,NO INJURY / DRIVE AWAY,,,,"$501 - $1,500",07/19/2025 11:15:00 PM,IMPROPER LANE USAGE,UNABLE TO DETERMINE,915,E,65TH ST,321,,,,,,,2,NO INDICATION OF INJURY,0,0,0,0,0,2,0,22,7,7,41.7767007603,-87.6027728496,POINT (-87.602772849641 41.776700760257)
d7c5af17c054b518c9f6254488c145d553a0b13c8beda15645ecc4d3829dc0ebed8b4dbbe092f01662c693587b16b305d1928bf247789703800482ee44a7d1b2,,07/19/2025 10:00:00 PM,35,NO CONTROLS,NO CONTROLS,CLEAR,DARKNESS,ANGLE,NOT DIVIDED,,STRAIGHT AND LEVEL,DRY,NO DEFECTS,NOT ON SCENE (DESK REPORT),NO INJURY / DRIVE AWAY,,,,"OVER $1,500",07/20/2025 12:30:00 AM,FAILING TO YIELD RIGHT-OF-WAY,FAILING TO YIELD RIGHT-OF-WAY,1169,S,PLYMOUTH CT,123,,,,,,,2,NO INDICATION OF INJURY,0,0,0,0,0,2,0,22,7,7,41.8681679696,-87.6283898944,POINT (-87.62838989439 41.868167969554)
d96daf0ffee7cfbf5965e523e649debfd69416c328b02b9b270a11d63c4f12937e13fa616a8ed90d07b5f95721b0d754779ada517e14c1b199202b63f19e649a,Y,07/19/2025 10:00:00 PM,25,NO CONTROLS,NO CONTROLS,CLEAR,UNKNOWN,PARKED MOTOR VEHICLE,UNKNOWN,,STRAIGHT AND LEVEL,DRY,UNKNOWN,ON SCENE,NO INJURY / DRIVE AWAY,,,Y,"OVER $1,500",07/21/2025 05:00:00 PM,UNABLE TO DETERMINE,UNABLE TO DETERMINE,350,N,KOSTNER AVE,1113,,,,,,,2,NO INDICATION OF INJURY,0,0,0,0,0,1,0,22,7,7,41.8868330645,-87.7358182168,POINT (-87.735818216777 41.886833064512)
fd98a5392a214e975f2bfc25a4e03f4872e049d824010441be9d0e5044dc07a1fb0529913c17bf0fbb3fe0040203e8659736e0a7478902601bc29e1620813cd5,,07/19/2025 10:00:00 PM,30,STOP SIGN/FLASHER,UNKNOWN,UNKNOWN,DARKNESS,PARKED MOTOR VEHICLE,DIVIDED - W/MEDIAN (NOT RAISED),,STRAIGHT AND LEVEL,UNKNOWN,UNKNOWN,NOT ON SCENE (DESK REPORT),NO INJURY / DRIVE AWAY,,,Y,"OVER $1,500",07/22/2025 06:05:00 PM,UNABLE TO DETERMINE,UNABLE TO DETERMINE,9201,S,AVALON AVE,413,,,,,,,2,NO INDICATION OF INJURY,0,0,0,0,0,1,0,22,7,7,41.7275968398,-87.5935587997,POINT (-87.593558799693 41.727596839835)
b8807fbfa26df9c6db4b310564fbd35dafccf148ad15cb2dc6cbf842743e8141e9a531f0db5bc8f12973c22f34fdb74122b3a35d7521f6381f1e3557b377b097,,07/19/2025 09:50:00 PM,40,TRAFFIC SIGNAL,UNKNOWN,UNKNOWN,"DARKNESS, LIGHTED ROAD",REAR END,DIVIDED - W/MEDIAN BARRIER,,STRAIGHT AND LEVEL,UNKNOWN,UNKNOWN,NOT ON SCENE (DESK REPORT),NO INJURY / DRIVE AWAY,,,Y,"OVER $1,500",07/20/2025 07:00:00 PM,IMPROPER OVERTAKING/PASSING,UNABLE TO DETERMINE,6212,S,LAKE SHORE DR,331,,,,,,,2,NO INDICATION OF INJURY,0,0,0,0,0,2,0,21,7,7,41.7821256112,-87.5756762504,POINT (-87.57567625044 41.782125611178)
f570199b15abc0329e68da3998a1f1a979961dafd1c2e6b0ece6e22656091c4287dc709bd813e7fa6cbea0f53185ab209f31aaf7f1731526f3b5386996e78da6,,07/19/2025 09:50:00 PM,30,STOP SIGN/FLASHER,FUNCTIONING IMPROPERLY,CLEAR,"DARKNESS, LIGHTED ROAD",TURNING,"FIVE POINT, OR MORE",,STRAIGHT AND LEVEL,DRY,NO DEFECTS,NOT ON SCENE (DESK REPORT),NO INJURY / DRIVE AWAY,Y,,,"OVER $1,500",07/20/2025 12:00:00 AM,FAILING TO YIELD RIGHT-OF-WAY,NOT APPLICABLE,3070,N,CLYBOURN AVE,1931,,,,,,,2,NO INDICATION OF INJURY,0,0,0,0,0,2,0,21,7,7,41.9373738373,-87.6853771768,POINT (-87.685377176766 41.937373837318)
bb2e2d358b06175506f2bfb61ffd1fee91fa63ad162999ae8011482549bc245c27af40ef128687cfb1b502fe16d2d49202d28d08f9042db563d332915ea7423f,,07/19/2025 09:43:00 PM,30,TRAFFIC SIGNAL,FUNCTIONING PROPERLY,CLEAR,"DARKNESS, LIGHTED ROAD",TURNING,FOUR WAY,,STRAIGHT AND LEVEL,DRY,NO DEFECTS,NOT ON SCENE (DESK REPORT),INJURY AND / OR TOW DUE TO CRASH,Y,,,"OVER $1,500",07/19/2025 09:50:00 PM,FOLLOWING TOO CLOSELY,FAILING TO REDUCE SPEED TO AVOID CRASH,2401,N,CICERO AVE,2521,N,,,,,,2,NONINCAPACITATING INJURY,1,0,0,1,0,1,0,21,7,7,41.9242888488,-87.7461563112,POINT (-87.746156311176 41.924288848756)
0276c1a39db2c28c1930a4f381ac7ada4963745b82093f66e72bba06713636053ab8d74a721674d574134b50390340da50440a1b6a07ab3a9a90c803f1001392,,07/19/2025 09:35:00 PM,30,NO CONTROLS,UNKNOWN,CLEAR,"DARKNESS, LIGHTED ROAD",FIXED OBJECT,ONE-WAY,,STRAIGHT AND LEVEL,DRY,NO DEFECTS,NOT ON SCENE (DESK REPORT),NO INJURY / DRIVE AWAY,,Y,,$500 OR LESS,07/19/2025 09:35:00 PM,UNABLE TO DETERMINE,NOT APPLICABLE,2743,S,SPRINGFIELD AVE,1031,,,,,,,1,NO INDICATION OF INJURY,0,0,0,0,0,1,0,21,7,7,41.841155636,-87.7218778058,POINT (-87.721877805839 41.841155636038)
5e408805405aee1174592642dc99163cfc537e07375c1143cd7ec5569e06b0b7354c0e678bd2f10dd6df66eb2dffa376af8cb3fe6d2cdcb2d5f1db10afa61818,,07/19/2025 09:30:00 PM,30,NO CONTROLS,NO CONTROLS,CLEAR,"DARKNESS, LIGHTED ROAD",SIDESWIPE SAME DIRECTION,DIVIDED - W/MEDIAN (NOT RAISED),,STRAIGHT AND LEVEL,DRY,UNKNOWN,NOT ON SCENE (DESK REPORT),NO INJURY / DRIVE AWAY,,,,"OVER $1,500",07/19/2025 10:00:00 PM,FAILING TO YIELD RIGHT-OF-WAY,UNABLE TO DETERMINE,5954,N,CLARK ST,2012,,Y,,,,,2,NO INDICATION OF INJURY,0,0,0,0,0,3,0,21,7,7,41.9901131149,-87.6701470657,POINT (-87.670147065725 41.990113114914)
77d1cf4b18946f440c5e84308afe04bf56e8936d420d5231e4872de7a28d98494f38d18f90d962a5df862f2e29b3213298f7b2572cee0f329688592dbf086bd5,,07/19/2025 09:30:00 PM,30,NO CONTROLS,NO CONTROLS,CLEAR,"DARKNESS, LIGHTED ROAD",PARKED MOTOR VEHICLE,NOT DIVIDED,,STRAIGHT AND LEVEL,DRY,NO DEFECTS,ON SCENE,NO INJURY / DRIVE AWAY,,,,"$501 - $1,500",07/19/2025 10:50:00 PM,FAILING TO REDUCE SPEED TO AVOID CRASH,UNABLE TO DETERMINE,6402,W,BLOOMINGDALE AVE,2513,,,,,,,2,NO INDICATION OF INJURY,0,0,0,0,0,1,0,21,7,7,41.9128838902,-87.7852926027,POINT (-87.785292602653 41.912883890201)
b40b5cdf18c5b288f34d700ee629a23e0f77d13994d732e24094a902dd2220e738eaf227c7ea6ac53ad3d9aaaa4afa68fa935bf8ecb23cc57c93ded6a4d08b43,,07/19/2025 09:30:00 PM,30,TRAFFIC SIGNAL,FUNCTIONING PROPERLY,CLEAR,DUSK,SIDESWIPE SAME DIRECTION,NOT DIVIDED,,STRAIGHT AND LEVEL,UNKNOWN,UNKNOWN,NOT ON SCENE (DESK REPORT),NO INJURY / DRIVE AWAY,Y,,Y,"OVER $1,500",07/21/2025 06:43:00 PM,UNABLE TO DETERMINE,UNABLE TO DETERMINE,363,W,ONTARIO ST,1831,,,,,,,2,NO INDICATION OF INJURY,0,0,0,0,0,2,0,21,7,7,41.8930250628,-87.6380232726,POINT (-87.638023272571 41.893025062847)
76db5f8717870e33087d957d0f6a485871f3627a3ae927dc123e4c38fdb77e6cb62c27866ff79eb7844f5cba081044d8ad74865543a474ff51bcefa3ac3dff70,,07/19/2025 09:18:00 PM,30,TRAFFIC SIGNAL,FUNCTIONING PROPERLY,CLEAR,"DARKNESS, LIGHTED ROAD",ANGLE,FOUR WAY,,STRAIGHT AND LEVEL,DRY,NO DEFECTS,ON SCENE,INJURY AND / OR TOW DUE TO CRASH,Y,,,"OVER $1,500",07/19/2025 11:06:00 PM,FAILING TO YIELD RIGHT-OF-WAY,NOT APPLICABLE,1401,W,79TH ST,612,,Y,,,,,2,NONINCAPACITATING INJURY,2,0,0,2,0,2,0,21,7,7,41.7503154616,-87.6586482955,POINT (-87.65864829549 41.750315461644)
238c52490f3aeb3caa09d7ff3847af450145eec0ec74bf1e18d0e52796879947eaed8c11556b5a9352d28600b73c8e0b7ae3ee300b23537557cd109ebceab49e,Y,07/19/2025 09:15:00 PM,35,TRAFFIC SIGNAL,FUNCTIONING PROPERLY,CLEAR,"DARKNESS, LIGHTED ROAD",SIDESWIPE SAME DIRECTION,ONE-WAY,,STRAIGHT AND LEVEL,DRY,NO DEFECTS,,NO INJURY / DRIVE AWAY,,,,"$501 - $1,500",07/19/2025 11:30:00 PM,FOLLOWING TOO CLOSELY,NOT APPLICABLE,500,W,JACKSON BLVD,121,,,,Y,UNKNOWN,,2,NO INDICATION OF INJURY,0,0,0,0,0,2,0,21,7,7,41.8781535226,-87.639638623,POINT (-87.639638623003 41.87815352261)
b4e7685cada356893a77e1ae2662c62521c089f223051acf51290e389eaa1142f4a2389af28fa674c539a88389be75cdde0fd39349103b10eb59955b6b7b9020,,07/19/2025 09:15:00 PM,30,NO CONTROLS,NO CONTROLS,CLEAR,DARKNESS,PARKED MOTOR VEHICLE,NOT DIVIDED,,STRAIGHT AND LEVEL,DRY,UNKNOWN,NOT ON SCENE (DESK REPORT),NO INJURY / DRIVE AWAY,,,Y,"OVER $1,500",07/19/2025 10:36:00 PM,UNABLE TO DETERMINE,NOT APPLICABLE,2106,S,CENTRAL PARK AVE,1014,,,,,,,2,NO INDICATION OF INJURY,0,0,0,0,0,1,0,21,7,7,41.8531526005,-87.7151889585,POINT (-87.715188958454 41.853152600509)