CRASH_RECORD_ID,CRASH_DATE_EST_I,CRASH_DATE,POSTED_SPEED_LIMIT,TRAFFIC_CONTROL_DEVICE,DEVICE_CONDITION,WEATHER_CONDITION,LIGHTING_CONDITION,FIRST_CRASH_TYPE,TRAFFICWAY_TYPE,LANE_CNT,ALIGNMENT,ROADWAY_SURFACE_COND,ROAD_DEFECT,REPORT_TYPE,CRASH_TYPE,INTERSECTION_RELATED_I,NOT_RIGHT_OF_WAY_I,HIT_AND_RUN_I,DAMAGE,DATE_POLICE_NOTIFIED,PRIM_CONTRIBUTORY_CAUSE,SEC_CONTRIBUTORY_CAUSE,STREET_NO,STREET_DIRECTION,STREET_NAME,BEAT_OF_OCCURRENCE,PHOTOS_TAKEN_I,STATEMENTS_TAKEN_I,DOORING_I,WORK_ZONE_I,WORK_ZONE_TYPE,WORKERS_PRESENT_I,NUM_UNITS,MOST_SEVERE_INJURY,INJURIES_TOTAL,INJURIES_FATAL,INJURIES_INCAPACITATING,INJURIES_NON_INCAPACITATING,INJURIES_REPORTED_NOT_EVIDENT,INJURIES_NO_INDICATION,INJURIES_UNKNOWN,CRASH_HOUR,CRASH_DAY_OF_WEEK,CRASH_MONTH,LATITUDE,LONGITUDE,LOCATION
f5653ef707e5f18dc5ca34213ef3f293ed27fc11f84d9c13a50c380d37e61723fd965a12b1c4ab4709da7bd68909e1cc668e2d34ff34a81d584799655734d0c4,,07/19/2025 09:15:00 PM,30,STOP SIGN/FLASHER,FUNCTIONING PROPERLY,CLEAR,"DARKNESS, LIGHTED ROAD",ANGLE,FOUR WAY,,STRAIGHT AND LEVEL,DRY,NO DEFECTS,NOT ON SCENE (DESK REPORT),INJURY AND / OR TOW DUE TO CRASH,Y,,,"OVER $1,500",07/19/2025 11:20:00 PM,UNABLE TO DETERMINE,NOT APPLICABLE,4223,W,59TH ST,813,,,,,,,2,"REPORTED, NOT EVIDENT",1,0,0,0,1,1,0,21,7,7,41.7857646919,-87.728919554,POINT (-87.728919553975 41.785764691902)
f712d0e1711f198b020e5276c384df35c48ef2ab8a48b294339bb62958e3a200a4f358df7a0b1d2f95b19668573c2eb2506c186083a0d9ded1bf224c3854f4f0,,07/19/2025 09:15:00 PM,30,NO CONTROLS,NO CONTROLS,CLEAR,"DARKNESS, LIGHTED ROAD",REAR END,NOT DIVIDED,,STRAIGHT AND LEVEL,DRY,NO DEFECTS,NOT ON SCENE (DESK REPORT),INJURY AND / OR TOW DUE TO CRASH,,,,"OVER $1,500",07/19/2025 10:10:00 PM,UNABLE TO DETERMINE,NOT APPLICABLE,4247,W,MADISON ST,1115,,,,,,,2,NONINCAPACITATING INJURY,1,0,0,1,0,3,0,21,7,7,41.8805359968,-87.7324435489,POINT (-87.732443548856 41.880535996805)
4c8c05ff7dbaa6727f428a755732d4e6f092e4ca6f55058cd105e661c046611ea1fb2b0e49343de66719548324d7f3d9a02d5fa2ce93f77550b3fef9ddc78551,,07/19/2025 09:13:00 PM,30,TRAFFIC SIGNAL,FUNCTIONING PROPERLY,CLEAR,"DARKNESS, LIGHTED ROAD",ANGLE,DIVIDED - W/MEDIAN (NOT RAISED),,STRAIGHT AND LEVEL,DRY,NO DEFECTS,NOT ON SCENE (DESK REPORT),NO INJURY / DRIVE AWAY,Y,,,"OVER $1,500",07/19/2025 09:33:00 PM,FAILING TO REDUCE SPEED TO AVOID CRASH,UNABLE TO DETERMINE,3966,W,ADDISON ST,1732,Y,Y,,,,,2,NO INDICATION OF INJURY,0,0,0,0,0,2,0,21,7,7,41.9464836908,-87.727341887,POINT (-87.727341886952 41.946483690762)
1c077cb28798a91a90733ae65d002452f226148213ef68d2da8873868b590a7b9eb1e240ea648c6e2e17dac08b37305a5c52e713e8b04f9ac3a78f261d504f12,,07/19/2025 09:00:00 PM,30,NO CONTROLS,NO CONTROLS,CLEAR,"DARKNESS, LIGHTED ROAD",REAR END,NOT DIVIDED,,STRAIGHT AND LEVEL,DRY,NO DEFECTS,ON SCENE,NO INJURY / DRIVE AWAY,,,,"OVER $1,500",07/21/2025 04:45:00 PM,FOLLOWING TOO CLOSELY,DRIVING SKILLS/KNOWLEDGE/EXPERIENCE,9400,S,STONY ISLAND AVE,413,,,,,,,2,NO INDICATION OF INJURY,0,0,0,0,0,2,0,21,7,7,41.7240747838,-87.5853032325,POINT (-87.585303232497 41.724074783765)
58e3638e98918f3fd88ae33eaa64a0ce0b647287827048c867af48f794ee715484bff739cdb00bf4d251aa8cc3d1e0a17309fd6d2b963dee295dee5d2d859107,,07/19/2025 09:00:00 PM,30,NO CONTROLS,NO CONTROLS,UNKNOWN,UNKNOWN,REAR END,DIVIDED - W/MEDIAN BARRIER,,STRAIGHT AND LEVEL,UNKNOWN,UNKNOWN,NOT ON SCENE (DESK REPORT),NO INJURY / DRIVE AWAY,,,,"OVER $1,500",07/22/2025 02:30:00 PM,FAILING TO REDUCE SPEED TO AVOID CRASH,NOT APPLICABLE,111,N,LAKE SHORE DR NB,114,,,,,,,2,NO INDICATION OF INJURY,0,0,0,0,0,2,0,21,7,7,41.8830656226,-87.6154561345,POINT (-87.615456134488 41.883065622637)
a7eaeee9e6e62d143b8a97cc783ff0e435ec894f3b752cd0a176b618a82a5263a3eef3b8b7198901ef1dac98b8ed10c68c3eb8df42b2aa675c46b088bf9818bc,Y,07/19/2025 09:00:00 PM,25,NO CONTROLS,NO CONTROLS,UNKNOWN,UNKNOWN,PARKED MOTOR VEHICLE,NOT DIVIDED,,STRAIGHT AND LEVEL,UNKNOWN,NO DEFECTS,NOT ON SCENE (DESK REPORT),NO INJURY / DRIVE AWAY,,,Y,"OVER $1,500",07/23/2025 05:51:00 PM,FOLLOWING TOO CLOSELY,UNABLE TO DETERMINE,2757,N,PINE GROVE AVE,1935,,,,,,,2,NO INDICATION OF INJURY,0,0,0,0,0,1,0,21,7,7,41.9326487251,-87.6411505683,POINT (-87.641150568254 41.932648725117)
bf0fc6b084444734f0413edfdb84d3ac473b4221332b74b84c106e018d97789e194aededf63964e90912160f70972964abea865980ca8079eccddd72b000a077,,07/19/2025 09:00:00 PM,30,NO CONTROLS,NO CONTROLS,CLEAR,"DARKNESS, LIGHTED ROAD",PARKED MOTOR VEHICLE,PARKING LOT,,STRAIGHT AND LEVEL,DRY,NO DEFECTS,NOT ON SCENE (DESK REPORT),INJURY AND / OR TOW DUE TO CRASH,,,Y,"OVER $1,500",07/29/2025 10:33:00 PM,UNABLE TO DETERMINE,NOT APPLICABLE,4240,W,FORD CITY DR,833,,,,,,,2,NO INDICATION OF INJURY,0,0,0,0,0,1,0,21,7,7,41.7533458129,-87.7284358816,POINT (-87.728435881628 41.75334581288)
da41fc5fc5de9c54c42e1b253b123590768c8ea9ed40fafe16510cda37f2d2ffe2109e2e155eea5924dd3eb9d239f789509596d2e16b082ff1328931ad8c5ff2,,07/19/2025 09:00:00 PM,30,NO CONTROLS,NO CONTROLS,CLEAR,"DARKNESS, LIGHTED ROAD",SIDESWIPE SAME DIRECTION,NOT DIVIDED,,STRAIGHT AND LEVEL,DRY,NO DEFECTS,ON SCENE,NO INJURY / DRIVE AWAY,,,Y,"$501 - $1,500",07/19/2025 09:00:00 PM,UNABLE TO DETERMINE,NOT APPLICABLE,5730,S,ASHLAND AVE,715,,,,,,,2,NO INDICATION OF INJURY,0,0,0,0,0,2,0,21,7,7,41.7894469554,-87.6646120636,POINT (-87.664612063608 41.789446955383)
ed8d0b27c7ad8b0475914edb944f81617b617141768862ce7c50f12bab69ad829cf0de2195aaa3b0d4547396f7ab7bc2e189aa01d3681f614abb2a70d702b60d,,07/19/2025 08:57:00 PM,30,NO CONTROLS,NO CONTROLS,CLEAR,DAYLIGHT,REAR END,DIVIDED - W/MEDIAN (NOT RAISED),,STRAIGHT AND LEVEL,DRY,NO DEFECTS,ON SCENE,INJURY AND / OR TOW DUE TO CRASH,,,,"OVER $1,500",07/19/2025 08:57:00 PM,UNABLE TO DETERMINE,UNABLE TO DETERMINE,1140,W,87TH ST,613,,,,,,,3,"REPORTED, NOT EVIDENT",1,0,0,0,1,7,0,20,7,7,41.73605698,-87.6525807215,POINT (-87.652580721514 41.736056979991)
61842cb144574a77487fc6dcdedd6a59aed6903d6ce642d32fe5a11300fe59be49becab8d21af43bc6378bb91d4db19e90b1ea84209c6a1878876c2bf9d46f38,,07/19/2025 08:55:00 PM,30,NO CONTROLS,NO CONTROLS,CLEAR,"DARKNESS, LIGHTED ROAD",TURNING,NOT DIVIDED,,STRAIGHT AND LEVEL,DRY,NO DEFECTS,NOT ON SCENE (DESK REPORT),NO INJURY / DRIVE AWAY,,,,"$501 - $1,500",07/19/2025 09:30:00 PM,UNABLE TO DETERMINE,IMPROPER TURNING/NO SIGNAL,7858,S,ASHLAND AVE,611,,,,,,,2,NO INDICATION OF INJURY,0,0,0,0,0,2,0,20,7,7,41.7504445465,-87.6635876027,POINT (-87.663587602693 41.750444546457)
693dee6ac95fc86564f87abc2a9d11cbe045e075d69bb512839e01527a7ad1170d74c467a7b99efdc03c0182d0c63d84d1c6138ec2b8c9fc8803ee7c8da5258c,,07/19/2025 08:53:00 PM,35,NO CONTROLS,NO CONTROLS,CLEAR,"DARKNESS, LIGHTED ROAD",SIDESWIPE SAME DIRECTION,DIVIDED - W/MEDIAN (NOT RAISED),,STRAIGHT AND LEVEL,DRY,NO DEFECTS,ON SCENE,NO INJURY / DRIVE AWAY,Y,,,"OVER $1,500",07/19/2025 08:53:00 PM,NOT APPLICABLE,NOT APPLICABLE,5500,S,NATCHEZ AVE,811,,,,,,,2,NO INDICATION OF INJURY,0,0,0,0,0,2,0,20,7,7,41.792201601,-87.7843938193,POINT (-87.784393819262 41.792201601031)
e03552712343b1c8f0c4eee478692d8b17ce74edea73b1475068ebc2388dbe9bd2f798af80dbef07e68d03a77af98dbc658cf3a8b39d609a3d88768662474f2e,,07/19/2025 08:34:00 PM,30,NO CONTROLS,NO CONTROLS,CLEAR,DAWN,PARKED MOTOR VEHICLE,NOT DIVIDED,,STRAIGHT AND LEVEL,DRY,NO DEFECTS,ON SCENE,NO INJURY / DRIVE AWAY,,,,"$501 - $1,500",07/19/2025 08:34:00 PM,IMPROPER BACKING,DRIVING SKILLS/KNOWLEDGE/EXPERIENCE,398,W,81ST ST,623,,,,,,,2,NO INDICATION OF INJURY,0,0,0,0,0,1,0,20,7,7,41.74725566,-87.6341516242,POINT (-87.63415162422 41.747255659974)
18168267c917049c6698c61112d61424591e09449d98d40a5e03017ebe2557c0f76ce09805bd72a29628e5decedb3d4e7a8604c58b515380facdddba13a094e3,,07/19/2025 08:29:00 PM,30,TRAFFIC SIGNAL,FUNCTIONING PROPERLY,CLEAR,"DARKNESS, LIGHTED ROAD",PEDALCYCLIST,CENTER TURN LANE,,STRAIGHT AND LEVEL,DRY,NO DEFECTS,ON SCENE,INJURY AND / OR TOW DUE TO CRASH,Y,,,"$501 - $1,500",07/19/2025 08:31:00 PM,DISREGARDING TRAFFIC SIGNALS,NOT APPLICABLE,2402,W,NORTH AVE,1434,,,,,,,2,NONINCAPACITATING INJURY,1,0,0,1,0,1,0,20,7,7,41.9104288163,-87.6873688084,POINT (-87.687368808368 41.910428816343)
9409ea0a2e6ed92df0b64f8b82fe53e69cf1c6b2d52573cbe49bb208e8c49090569d20150350593159cbd3e35408e182be5081007401793a468827f610526bc3,,07/19/2025 08:20:00 PM,35,NO CONTROLS,NO CONTROLS,CLEAR,DUSK,PARKED MOTOR VEHICLE,NOT DIVIDED,,STRAIGHT AND LEVEL,DRY,UNKNOWN,ON SCENE,INJURY AND / OR TOW DUE TO CRASH,,Y,,"OVER $1,500",07/19/2025 08:24:00 PM,"OPERATING VEHICLE IN ERRATIC, RECKLESS, CARELESS, NEGLIGENT OR AGGRESSIVE MANNER",DISTRACTION - FROM OUTSIDE VEHICLE,7524,W,BELMONT AVE,1631,,,,,,,3,NO INDICATION OF INJURY,0,0,0,0,0,1,0,20,7,7,41.9380681201,-87.8151515106,POINT (-87.815151510599 41.93806812014)
cfaff8ac55e9b21c23e073561015c9e662296530fad1fc7fb111b33ecdd3811325338d47216fc069549fa21ece084dd9c438d60a3ae802a3ead759069a4e324e,,07/19/2025 08:11:00 PM,30,TRAFFIC SIGNAL,FUNCTIONING PROPERLY,CLEAR,DUSK,TURNING,FOUR WAY,,STRAIGHT AND LEVEL,DRY,UNKNOWN,NOT ON SCENE (DESK REPORT),NO INJURY / DRIVE AWAY,Y,,,"OVER $1,500",07/19/2025 09:11:00 PM,UNABLE TO DETERMINE,UNABLE TO DETERMINE,4401,W,CERMAK RD,1013,,,,,,,2,NO INDICATION OF INJURY,0,0,0,0,0,4,0,20,7,7,41.8512896916,-87.7345543943,POINT (-87.734554394281 41.851289691571)
8ffb9f89ccfce0c2e78437047e2f1b5300691c2ce30cf6788546aec7090d78d241a0259c6502f37c6f9273e8a15a087ceb92de83832e9446a90935feb95d395f,,07/19/2025 08:10:00 PM,30,NO CONTROLS,NO CONTROLS,CLEAR,DUSK,TURNING,T-INTERSECTION,,STRAIGHT AND LEVEL,DRY,NO DEFECTS,NOT ON SCENE (DESK REPORT),NO INJURY / DRIVE AWAY,,,Y,$500 OR LESS,07/20/2025 03:00:00 PM,IMPROPER TURNING/NO SIGNAL,NOT APPLICABLE,1501,W,CERMAK RD,1235,,,,,,,2,NO INDICATION OF INJURY,0,0,0,0,0,3,0,20,7,7,41.8522679118,-87.663731399,POINT (-87.663731398961 41.852267911832)
85ea8f091ad109447ee2e7e65f222df6c1b568b543edb6cdeff8f96ba6ba294561b4960f157a3ec1440855d4beb38b115dc51db821b61c39dc9f5cf9684243f9,,07/19/2025 08:02:00 PM,30,TRAFFIC SIGNAL,FUNCTIONING PROPERLY,CLEAR,"DARKNESS, LIGHTED ROAD",REAR END,NOT DIVIDED,,STRAIGHT AND LEVEL,DRY,NO DEFECTS,NOT ON SCENE (DESK REPORT),NO INJURY / DRIVE AWAY,,,,"OVER $1,500",07/19/2025 09:00:00 PM,FOLLOWING TOO CLOSELY,NOT APPLICABLE,1747,N,CENTRAL AVE,2532,,,,,,,2,NO INDICATION OF INJURY,0,0,0,0,0,2,0,20,7,7,41.9125432273,-87.7654769469,POINT (-87.765476946909 41.912543227328)
2bbfebb3c737a599815651d308daf4ca66028acc949c93d001c4a1e062c8cb8248fc69a9426b5fcbe0861ec17cdb44b06fa645d4edf1a5fa230ccdec6c14f801,Y,07/19/2025 08:00:00 PM,30,NO CONTROLS,NO CONTROLS,UNKNOWN,UNKNOWN,PARKED MOTOR VEHICLE,NOT DIVIDED,,STRAIGHT AND LEVEL,UNKNOWN,NO DEFECTS,NOT ON SCENE (DESK REPORT),NO INJURY / DRIVE AWAY,,,Y,"OVER $1,500",07/21/2025 12:32:00 PM,IMPROPER OVERTAKING/PASSING,NOT APPLICABLE,1820,W,CERMAK RD,1234,,,,,,,2,NO INDICATION OF INJURY,0,0,0,0,0,1,0,20,7,7,41.8523447176,-87.6718248404,POINT (-87.671824840404 41.852344717619)
4f7715ce9c249a282475c615d8c0bcc0a6fb8a8db838a70ab890071aa8a61c35c4dc2faa1d5c48e93ca654ce4c4cff587000db8ee570a4799dfecd6e685c24c9,Y,07/19/2025 08:00:00 PM,30,NO CONTROLS,NO CONTROLS,CLEAR,"DARKNESS, LIGHTED ROAD",PARKED MOTOR VEHICLE,ONE-WAY,,STRAIGHT AND LEVEL,DRY,NO DEFECTS,NOT ON SCENE (DESK REPORT),NO INJURY / DRIVE AWAY,,,Y,"OVER $1,500",07/20/2025 03:30:00 PM,FAILING TO REDUCE SPEED TO AVOID CRASH,UNABLE TO DETERMINE,2053,W,53RD ST,932,,,,,,,2,NO INDICATION OF INJURY,0,0,0,0,0,1,0,20,7,7,41.797418952,-87.6766139117,POINT (-87.67661391169 41.797418952047)
e97634f14d224d3d3d829679550ebedb6ae4317fe40be797305ae04a086279a494adea4d00ca309bf3b3591992ac0e33127968661273c9b1e5c09788c6ef18f9,,07/19/2025 08:00:00 PM,30,STOP SIGN/FLASHER,NO CONTROLS,CLEAR,DAYLIGHT,PARKED MOTOR VEHICLE,UNKNOWN,,STRAIGHT AND LEVEL,DRY,UNKNOWN,ON SCENE,NO INJURY / DRIVE AWAY,,,,"$501 - $1,500",07/19/2025 08:08:00 PM,UNABLE TO DETERMINE,UNABLE TO DETERMINE,4877,N,KENMORE AVE,2024,,N,,,,,2,NO INDICATION OF INJURY,0,0,0,0,0,1,0,20,7,7,41.9712726553,-87.6561280272,POINT (-87.656128027173 41.971272655345)
acbfac7c18bf8c27cfc7d22816e40648f757673f0c5773fc714e5c5d7d1dff6a64103e53e9788eed68e47044453a8be03d5ab61c1feb5dd289e121af594113b8,,07/19/2025 07:55:00 PM,30,NO CONTROLS,NO CONTROLS,CLEAR,"DARKNESS, LIGHTED ROAD",PARKED MOTOR VEHICLE,NOT DIVIDED,,STRAIGHT AND LEVEL,DRY,UNKNOWN,,INJURY AND / OR TOW DUE TO CRASH,,,Y,"OVER $1,500",07/19/2025 08:00:00 PM,UNABLE TO DETERMINE,UNABLE TO DETERMINE,5252,W,WASHINGTON BLVD,1523,,,,,,,4,NO INDICATION OF INJURY,0,0,0,0,0,1,0,19,7,7,41.8824530233,-87.7572463229,POINT (-87.75724632289 41.882453023254)
18625df67eae19d0c67776f8594b1180845aff048c97f820a7daef358b89701899e89af90bd480bab7c810576f5220422d163d39da54478e8661ffeb83edfc3d,,07/19/2025 07:45:00 PM,40,NO CONTROLS,NO CONTROLS,CLEAR,DUSK,REAR END,DIVIDED - W/MEDIAN BARRIER,,STRAIGHT AND LEVEL,DRY,NO DEFECTS,ON SCENE,NO INJURY / DRIVE AWAY,,,Y,"$501 - $1,500",07/19/2025 07:49:00 PM,FAILING TO REDUCE SPEED TO AVOID CRASH,NOT APPLICABLE,2234,N,LAKE SHORE DR SB,1814,,,,,,,2,NO INDICATION OF INJURY,0,0,0,0,0,4,0,19,7,7,41.9230384868,-87.6305272885,POINT (-87.630527288461 41.9230384868)
c9e302bccb8986772822ca00ca5520632242cdb23a9ef6cf21c94f61e754c078e51ed2100299b12f166887029b266e9154fdcb84c21689fe5f0c0d349c6a1181,,07/19/2025 07:43:00 PM,30,NO CONTROLS,NO CONTROLS,UNKNOWN,UNKNOWN,REAR END,DIVIDED - W/MEDIAN (NOT RAISED),,STRAIGHT AND LEVEL,UNKNOWN,UNKNOWN,NOT ON SCENE (DESK REPORT),NO INJURY / DRIVE AWAY,,,Y,"OVER $1,500",07/19/2025 08:24:00 PM,FOLLOWING TOO CLOSELY,DRIVING SKILLS/KNOWLEDGE/EXPERIENCE,2741,W,HOWARD ST,2411,,,,,,,2,NO INDICATION OF INJURY,0,0,0,0,0,3,0,19,7,7,42.0192344962,-87.6988601602,POINT (-87.698860160234 42.019234496151)
bb8f20a07b665c8e903acb06dbc192cfbdce162daeb32655494e43addbea834e84f532f3e1f2d1e1139d91535974241360061cd79981a140af2ac389a52094ac,,07/19/2025 07:37:00 PM,25,TRAFFIC SIGNAL,FUNCTIONING PROPERLY,CLEAR,DAYLIGHT,ANGLE,TRAFFIC ROUTE,,STRAIGHT AND LEVEL,DRY,NO DEFECTS,ON SCENE,INJURY AND / OR TOW DUE TO CRASH,Y,,Y,"OVER $1,500",07/19/2025 07:37:00 PM,FAILING TO REDUCE SPEED TO AVOID CRASH,NOT APPLICABLE,3402,W,CHICAGO AVE,1121,,,,,,,2,NO INDICATION OF INJURY,0,0,0,0,0,2,0,19,7,7,41.8956150564,-87.711590049,POINT (-87.71159004904 41.895615056407)
beeb9cab3c99d0e3440d06ca2c52bf65b176d3d7e81c6fdc67bf983d233fd0cb7d409962de483c6e85190ecbbc8f20789a68d977bfcabba8679e0d66aa508341,,07/19/2025 07:37:00 PM,30,NO CONTROLS,NO CONTROLS,CLEAR,DAYLIGHT,PARKED MOTOR VEHICLE,NOT DIVIDED,,STRAIGHT AND LEVEL,DRY,NO DEFECTS,ON SCENE,INJURY AND / OR TOW DUE TO CRASH,,,,"OVER $1,500",07/19/2025 07:38:00 PM,ANIMAL,UNABLE TO DETERMINE,1917,W,ARMITAGE AVE,1434,,,,,,,4,NO INDICATION OF INJURY,0,0,0,0,0,1,0,19,7,7,41.9176805584,-87.6759175332,POINT (-87.675917533192 41.917680558416)
c99b4492cb6167a1574b628444911d0624121c8321091d98d7b8346b9d18271ef5d2cfb51f3b2fd108a54270db4d6efe71681609764818ffeb84bc926c86681e,,07/19/2025 07:26:00 PM,30,NO CONTROLS,NO CONTROLS,CLEAR,DAYLIGHT,PARKED MOTOR VEHICLE,DIVIDED - W/MEDIAN (NOT RAISED),,STRAIGHT AND LEVEL,DRY,NO DEFECTS,NOT ON SCENE (DESK REPORT),NO INJURY / DRIVE AWAY,,,Y,"OVER $1,500",07/19/2025 07:53:00 PM,UNABLE TO DETERMINE,NOT APPLICABLE,3624,W,BELMONT AVE,1732,Y,Y,,,,,2,NO INDICATION OF INJURY,0,0,0,0,0,1,0,19,7,7,41.939309516,-87.7185399405,POINT (-87.718539940519 41.939309516006)
65f4d78db74dbed6a1fc0100309e73b34d055b58a5b94dc62b85f1d29939c47ff3a920fb0af1bd5d5c5da607c0fe5fd3ec2e41111ca7bf450c9a71932f3fc002,,07/19/2025 07:25:00 PM,30,TRAFFIC SIGNAL,FUNCTIONING PROPERLY,CLEAR,DAYLIGHT,REAR END,NOT DIVIDED,,STRAIGHT AND LEVEL,DRY,NO DEFECTS,NOT ON SCENE (DESK REPORT),NO INJURY / DRIVE AWAY,Y,,,"OVER $1,500",07/19/2025 07:45:00 PM,FAILING TO REDUCE SPEED TO AVOID CRASH,NOT APPLICABLE,3748,W,MONTROSE AVE,1723,,,,,,,2,NO INDICATION OF INJURY,0,0,0,0,0,2,0,19,7,7,41.9611249628,-87.7224767728,POINT (-87.722476772821 41.961124962789)
b7cae2b056d467577a3cd12f1390467e30603392f65673b2976b8913108026fc2050035705b0c53ef67201018edde8a161bb904911ac15bec02a7fffe3a777de,,07/19/2025 07:23:00 PM,30,NO CONTROLS,NO CONTROLS,CLEAR,DAYLIGHT,REAR TO FRONT,DIVIDED - W/MEDIAN (NOT RAISED),,STRAIGHT AND LEVEL,DRY,WORN SURFACE,ON SCENE,NO INJURY / DRIVE AWAY,,,,"OVER $1,500",07/19/2025 07:25:00 PM,FOLLOWING TOO CLOSELY,NOT APPLICABLE,4646,S,KEDZIE AVE,821,,,,,,,2,NO INDICATION OF INJURY,0,0,0,0,0,3,0,19,7,7,41.808543499,-87.7041408326,POINT (-87.704140832573 41.808543499037)
4ce255132977e86aa4d7d422e9d0c15c248acd03eb85fd2c71a29702a50b4052fa0f02f119152bb873faa84b00845818df1831e4f04b407c676777a7f553d4cf,,07/19/2025 07:15:00 PM,30,NO CONTROLS,NO CONTROLS,CLEAR,DAYLIGHT,PARKED MOTOR VEHICLE,NOT DIVIDED,,STRAIGHT AND LEVEL,DRY,NO DEFECTS,ON SCENE,INJURY AND / OR TOW DUE TO CRASH,,,,"OVER $1,500",07/19/2025 07:18:00 PM,IMPROPER LANE USAGE,UNABLE TO DETERMINE,302,N,GREEN ST,1214,,,,,,,2,NO INDICATION OF INJURY,0,0,0,0,0,1,0,19,7,7,41.8868893057,-87.6488227918,POINT (-87.648822791828 41.886889305659)
dd4ca5e1dbd5c95b8f2eb380c45b1c25a7b6e31eb08000f1162315f3b598598b1fb823d91fd04f7bbd20da3d9afe705739787133cba9e26e124f7e18630b51de,,07/19/2025 07:09:00 PM,30,NO CONTROLS,NO CONTROLS,CLEAR,DAYLIGHT,PEDALCYCLIST,NOT DIVIDED,,STRAIGHT AND LEVEL,DRY,UNKNOWN,ON SCENE,INJURY AND / OR TOW DUE TO CRASH,,,,"OVER $1,500",07/19/2025 07:20:00 PM,FOLLOWING TOO CLOSELY,NOT APPLICABLE,2056,N,HALSTED ST,1812,,,,,,,2,"REPORTED, NOT EVIDENT",1,0,0,0,1,1,0,19,7,7,41.9198440226,-87.6487163524,POINT (-87.648716352445 41.919844022584)
367ef7c8c3814f53c6ddf3dc2a21513d96f0db8cccfc36d55bce1992b714d56e94582c52578ce45694d8a5542ccb16e2ec9ac6fc26ed843f967dfc686bb7c236,,07/19/2025 07:05:00 PM,10,NO CONTROLS,NO CONTROLS,CLEAR,DAYLIGHT,FIXED OBJECT,PARKING LOT,,STRAIGHT AND LEVEL,UNKNOWN,NO DEFECTS,ON SCENE,INJURY AND / OR TOW DUE TO CRASH,,Y,,"OVER $1,500",07/19/2025 07:11:00 PM,EQUIPMENT - VEHICLE CONDITION,EQUIPMENT - VEHICLE CONDITION,5135,N,BROADWAY,2033,,,,,,,1,"REPORTED, NOT EVIDENT",1,0,0,0,1,1,0,19,7,7,41.9756483648,-87.6597012192,POINT (-87.659701219175 41.975648364843)
70d2794c281a5ed5c28f4e4bbb70e03b83c845eef33d831c2741deafcebf1c1328add3dd25aeb7efcf0b369130eab8fc63169749e8c1a99622317ec5daac9c52,,07/19/2025 07:00:00 PM,30,TRAFFIC SIGNAL,FUNCTIONING PROPERLY,CLEAR,DAYLIGHT,REAR END,NOT DIVIDED,,STRAIGHT AND LEVEL,DRY,UNKNOWN,NOT ON SCENE (DESK REPORT),INJURY AND / OR TOW DUE TO CRASH,Y,,,$500 OR LESS,07/20/2025 10:25:00 AM,NOT APPLICABLE,NOT APPLICABLE,11900,S,WENTWORTH AVE,522,,,,,,,2,NONINCAPACITATING INJURY,3,0,0,3,0,1,0,19,7,7,41.6778784848,-87.6276048255,POINT (-87.62760482552 41.677878484768)
7f701638a496c5cd310afbbd753323d5c5a8a0a2e911b320a1c05c507045d46bc26a23cd7512fec2fc0ffa7248ebc2cc26d40921d9bb3cd2fbc4026d77873f33,,07/19/2025 07:00:00 PM,30,NO CONTROLS,NO CONTROLS,CLEAR,DAYLIGHT,PARKED MOTOR VEHICLE,OTHER,,STRAIGHT AND LEVEL,DRY,NO DEFECTS,NOT ON SCENE (DESK REPORT),INJURY AND / OR TOW DUE TO CRASH,,,Y,"OVER $1,500",07/19/2025 07:10:00 PM,"OPERATING VEHICLE IN ERRATIC, RECKLESS, CARELESS, NEGLIGENT OR AGGRESSIVE MANNER",NOT APPLICABLE,8200,S,ADA ST,613,,,,,,,3,NO INDICATION OF INJURY,0,0,0,0,0,1,0,19,7,7,41.7448895958,-87.6573781848,POINT (-87.657378184838 41.744889595785)
e70a8fe460aa283c185828d7aaf0c8937a7e354d91e5d61a2e685d59df20cf41dd869a1dc49b57af20c0fad3348613bcec710a541c9486a6b4d1cf696c88d098,,07/19/2025 07:00:00 PM,30,NO CONTROLS,NO CONTROLS,CLEAR,"DARKNESS, LIGHTED ROAD",PARKED MOTOR VEHICLE,NOT DIVIDED,,STRAIGHT AND LEVEL,DRY,NO DEFECTS,NOT ON SCENE (DESK REPORT),NO INJURY / DRIVE AWAY,,,Y,"OVER $1,500",07/20/2025 11:10:00 AM,UNABLE TO DETERMINE,UNABLE TO DETERMINE,11212,S,LANGLEY AVE,531,,,,,,,2,NO INDICATION OF INJURY,0,0,0,0,0,1,0,19,7,7,41.6906261001,-87.6061017301,POINT (-87.606101730062 41.690626100089)
882e76d268f646d0f9f558d02e6b4df7bb118d9ff60cf854bc43fb1c20ede289a31daf398234bb07e6e237bec3c510a45504456613094599eb29b9f102a6e9a6,,07/19/2025 06:55:00 PM,35,TRAFFIC SIGNAL,NO CONTROLS,CLEAR,DAYLIGHT,TURNING,FOUR WAY,,STRAIGHT AND LEVEL,DRY,NO DEFECTS,,NO INJURY / DRIVE AWAY,Y,,,"OVER $1,500",07/19/2025 06:55:00 PM,FAILING TO YIELD RIGHT-OF-WAY,FAILING TO YIELD RIGHT-OF-WAY,1,W,47TH ST,224,,,,,,,2,NO INDICATION OF INJURY,0,0,0,0,0,4,0,18,7,7,41.8091257725,-87.6261361634,POINT (-87.626136163395 41.809125772506)