CRASH_RECORD_ID,CRASH_DATE_EST_I,CRASH_DATE,POSTED_SPEED_LIMIT,TRAFFIC_CONTROL_DEVICE,DEVICE_CONDITION,WEATHER_CONDITION,LIGHTING_CONDITION,FIRST_CRASH_TYPE,TRAFFICWAY_TYPE,LANE_CNT,ALIGNMENT,ROADWAY_SURFACE_COND,ROAD_DEFECT,REPORT_TYPE,CRASH_TYPE,INTERSECTION_RELATED_I,NOT_RIGHT_OF_WAY_I,HIT_AND_RUN_I,DAMAGE,DATE_POLICE_NOTIFIED,PRIM_CONTRIBUTORY_CAUSE,SEC_CONTRIBUTORY_CAUSE,STREET_NO,STREET_DIRECTION,STREET_NAME,BEAT_OF_OCCURRENCE,PHOTOS_TAKEN_I,STATEMENTS_TAKEN_I,DOORING_I,WORK_ZONE_I,WORK_ZONE_TYPE,WORKERS_PRESENT_I,NUM_UNITS,MOST_SEVERE_INJURY,INJURIES_TOTAL,INJURIES_FATAL,INJURIES_INCAPACITATING,INJURIES_NON_INCAPACITATING,INJURIES_REPORTED_NOT_EVIDENT,INJURIES_NO_INDICATION,INJURIES_UNKNOWN,CRASH_HOUR,CRASH_DAY_OF_WEEK,CRASH_MONTH,LATITUDE,LONGITUDE,LOCATION
61e82d6fb70221099243382de572efd73bc9434ade264424f7fe3e18fe3bea11f4a45c5367801cd3ed87cbc88c16638b821f1201740d629428d4dc120915d16b,,07/19/2025 06:50:00 PM,30,TRAFFIC SIGNAL,FUNCTIONING PROPERLY,CLEAR,DAYLIGHT,REAR END,NOT DIVIDED,,STRAIGHT AND LEVEL,DRY,NO DEFECTS,NOT ON SCENE (DESK REPORT),NO INJURY / DRIVE AWAY,Y,,,"OVER $1,500",07/19/2025 07:30:00 PM,FOLLOWING TOO CLOSELY,UNABLE TO DETERMINE,6656,W,DIVERSEY AVE,2511,,,,,,,2,NO INDICATION OF INJURY,0,0,0,0,0,2,0,18,7,7,41.9310245651,-87.7928900882,POINT (-87.792890088218 41.93102456513)
f0aab0b73d2f573025a8750bb8fe56e9d346ad1a963dc265708b95e0db7c67b3ac02621c20e8285f7a744565fba3a30a65036dce17543c84217a9689a6007049,,07/19/2025 06:45:00 PM,25,NO CONTROLS,NO CONTROLS,CLEAR,DAYLIGHT,PARKED MOTOR VEHICLE,NOT DIVIDED,,STRAIGHT AND LEVEL,DRY,NO DEFECTS,NOT ON SCENE (DESK REPORT),NO INJURY / DRIVE AWAY,,,,"$501 - $1,500",07/19/2025 07:10:00 PM,UNABLE TO DETERMINE,UNABLE TO DETERMINE,2358,S,WENTWORTH AVE,914,,,,,,,2,NO INDICATION OF INJURY,0,0,0,0,0,1,0,18,7,7,41.8492061031,-87.6320798384,POINT (-87.632079838423 41.8492061031)
ecfbe74d44b8632964713dfbbf02e4c0f1d4064bebe7c8807500b03226c3771ae32279fd4cf756c9036ba8df83a6a55726a1f3e65ca2c6e61c1e261b4e7abe69,,07/19/2025 06:40:00 PM,35,TRAFFIC SIGNAL,FUNCTIONING PROPERLY,CLEAR,DAYLIGHT,SIDESWIPE SAME DIRECTION,T-INTERSECTION,,STRAIGHT AND LEVEL,DRY,UNKNOWN,NOT ON SCENE (DESK REPORT),NO INJURY / DRIVE AWAY,Y,,,$500 OR LESS,07/23/2025 05:45:00 PM,UNABLE TO DETERMINE,UNABLE TO DETERMINE,1203,S,LAKE SHORE DR NB,132,,,,,,,2,NO INDICATION OF INJURY,0,0,0,0,0,2,0,18,7,7,41.867284561,-87.6186927912,POINT (-87.618692791221 41.867284560979)
94b1809b22cd9db695d2e8cc69a29fe287e57bf259d13b2d113be01af568a5c84db4d04eb0f4cfb23d351394b2d953298b22f1f3165374505f18cbd779771f81,,07/19/2025 06:38:00 PM,30,NO CONTROLS,NO CONTROLS,CLEAR,DAYLIGHT,ANGLE,DIVIDED - W/MEDIAN (NOT RAISED),,STRAIGHT AND LEVEL,DRY,NO DEFECTS,NOT ON SCENE (DESK REPORT),NO INJURY / DRIVE AWAY,,,,"OVER $1,500",07/19/2025 07:20:00 PM,FAILING TO YIELD RIGHT-OF-WAY,UNABLE TO DETERMINE,1582,W,71ST ST,734,,,,,,,2,NO INDICATION OF INJURY,0,0,0,0,0,4,0,18,7,7,41.7650192584,-87.6637378667,POINT (-87.663737866729 41.765019258446)
5bbefcdb88ee9bc7a6c2f933200deda4a67f44cbaadb8c6a090d983a1c6a6e190a27a1e3410f1c66053b9a4a29f6f4a250b7dc1bc63591b05ff1725f72ee06c7,,07/19/2025 06:36:00 PM,30,TRAFFIC SIGNAL,FUNCTIONING PROPERLY,CLEAR,DAYLIGHT,TURNING,FOUR WAY,,STRAIGHT ON GRADE,DRY,NO DEFECTS,ON SCENE,NO INJURY / DRIVE AWAY,Y,,,"OVER $1,500",07/19/2025 07:03:00 PM,DISREGARDING TRAFFIC SIGNALS,NOT APPLICABLE,2859,S,HALSTED ST,914,,,,,,,2,NO INDICATION OF INJURY,0,0,0,0,0,2,0,18,7,7,41.8417528096,-87.6462254233,POINT (-87.646225423304 41.841752809603)
0b6f52ff2438c9223ff5926d8bd3955b490dab838e06edd1fbbbda39851a635a99fb1e288e693fdd7f599391fdaa50d7bc05a4694174d8bbd0867bfc389f9f8f,,07/19/2025 06:30:00 PM,30,STOP SIGN/FLASHER,UNKNOWN,CLEAR,DAYLIGHT,REAR END,NOT DIVIDED,,STRAIGHT AND LEVEL,UNKNOWN,UNKNOWN,NOT ON SCENE (DESK REPORT),NO INJURY / DRIVE AWAY,,,,"OVER $1,500",07/19/2025 07:15:00 PM,UNABLE TO DETERMINE,UNABLE TO DETERMINE,127,N,LARAMIE AVE,1532,,,,,,,3,NO INDICATION OF INJURY,0,0,0,0,0,3,0,18,7,7,41.8832974205,-87.7550242013,POINT (-87.755024201287 41.883297420489)
1fcf3724dd5c6ca44032ebc0e00912c80263a62543ba05a252b5cc9c068fb6078f7cd9ee90c531dc1db3f3d154e024ca7c1cf166b4bd051077d724fca9b89fd1,,07/19/2025 06:30:00 PM,25,STOP SIGN/FLASHER,NO CONTROLS,CLEAR,DAYLIGHT,ANGLE,FOUR WAY,,STRAIGHT AND LEVEL,DRY,UNKNOWN,ON SCENE,INJURY AND / OR TOW DUE TO CRASH,Y,,,"OVER $1,500",07/19/2025 07:00:00 PM,UNABLE TO DETERMINE,UNABLE TO DETERMINE,7400,S,SOUTH SHORE DR,334,,,,,,,2,INCAPACITATING INJURY,1,0,1,0,0,1,0,18,7,7,41.762174118,-87.558927464,POINT (-87.558927463962 41.762174118016)
a418c99537f6e4caf8dfad719b1265662e00e3b766709ac1965a698e5352158dc19fb6f851ff6c4531b72e5b91ac11db19943ba322e903d7c786543dca58cc71,,07/19/2025 06:30:00 PM,30,UNKNOWN,UNKNOWN,CLEAR,DAYLIGHT,SIDESWIPE SAME DIRECTION,NOT DIVIDED,,STRAIGHT AND LEVEL,UNKNOWN,UNKNOWN,NOT ON SCENE (DESK REPORT),NO INJURY / DRIVE AWAY,,,,"OVER $1,500",07/19/2025 07:20:00 PM,UNABLE TO DETERMINE,UNABLE TO DETERMINE,2619,N,CLARK ST,1935,,,,,,,2,NO INDICATION OF INJURY,0,0,0,0,0,2,0,18,7,7,41.93015264,-87.6433932764,POINT (-87.643393276412 41.930152639961)
b2764e664f4fe8c815685a2fe0c57dc49695f099c53e15d305a7ccd05b7493d05a32ffda52dc3e06a644a3d027875c8e8d024d72583bc961c0fda9932703551e,,07/19/2025 06:29:00 PM,35,TRAFFIC SIGNAL,FUNCTIONING PROPERLY,CLEAR,DAYLIGHT,ANGLE,NOT DIVIDED,,STRAIGHT AND LEVEL,DRY,NO DEFECTS,NOT ON SCENE (DESK REPORT),NO INJURY / DRIVE AWAY,,,,"OVER $1,500",07/19/2025 06:34:00 PM,FAILING TO YIELD RIGHT-OF-WAY,IMPROPER TURNING/NO SIGNAL,13500,S,AVENUE O,433,,,,,,,2,NO INDICATION OF INJURY,0,0,0,0,0,3,0,18,7,7,41.6499606011,-87.540033431,POINT (-87.540033431006 41.649960601086)
e11dc75cdf4e9164f8b7ab9cdac0aee570d357bad5c8bf26f231e5521a80f08539f3075e1e3cedd62be9b6771115cc8cd169333e599087705a89366095085504,,07/19/2025 06:21:00 PM,30,TRAFFIC SIGNAL,FUNCTIONING PROPERLY,CLEAR,DAYLIGHT,REAR END,DIVIDED - W/MEDIAN (NOT RAISED),,STRAIGHT AND LEVEL,WET,NO DEFECTS,NOT ON SCENE (DESK REPORT),NO INJURY / DRIVE AWAY,,,,"$501 - $1,500",07/19/2025 06:30:00 PM,DISTRACTION - FROM INSIDE VEHICLE,DISTRACTION - FROM INSIDE VEHICLE,7100,S,ASHLAND AVE,735,,,,,,,2,NO INDICATION OF INJURY,0,0,0,0,0,3,0,18,7,7,41.7648593824,-87.6639401763,POINT (-87.663940176305 41.764859382425)
5d2bde92c2d88cfba90d32445adf7a6fda24eca1b410eb395c19a399a1b61b9acca220761278d0e968a444323d1155f36f3d4d88cea6e38dfc9d5149da0c90c3,,07/19/2025 06:20:00 PM,30,NO CONTROLS,NO CONTROLS,CLEAR,DAYLIGHT,PARKED MOTOR VEHICLE,NOT DIVIDED,,STRAIGHT AND LEVEL,DRY,NO DEFECTS,NOT ON SCENE (DESK REPORT),NO INJURY / DRIVE AWAY,,,,"OVER $1,500",07/19/2025 06:20:00 PM,IMPROPER OVERTAKING/PASSING,NOT APPLICABLE,1605,W,WAVELAND AVE,1922,,,,,,,2,NO INDICATION OF INJURY,0,0,0,0,0,1,0,18,7,7,41.9487006912,-87.6691335539,POINT (-87.669133553885 41.948700691162)
73161aa8415332dfd01401b01aec5437b8e33785e312785ec2b374379561e75218b81ce7f2902e1214a7e6862b630cd80637cd06b50da1d2a674ff6a7077c5c0,,07/19/2025 06:17:00 PM,30,TRAFFIC SIGNAL,FUNCTIONING PROPERLY,CLEAR,DAYLIGHT,TURNING,NOT DIVIDED,,STRAIGHT AND LEVEL,DRY,NO DEFECTS,ON SCENE,NO INJURY / DRIVE AWAY,,,,"OVER $1,500",07/19/2025 06:22:00 PM,FOLLOWING TOO CLOSELY,NOT APPLICABLE,66,W,KINZIE ST,1831,,,,,,,2,NO INDICATION OF INJURY,0,0,0,0,0,2,0,18,7,7,41.8893285936,-87.630547851,POINT (-87.630547850953 41.889328593567)
61d63aa4509079ce910fefefe103387f9acf8e892dbc9145f5fe836b8f056f07fda1345fee2f67f71aabdda455311d9f247699a43de536e0aafd73f0b0be5716,,07/19/2025 06:16:00 PM,30,TRAFFIC SIGNAL,FUNCTIONING PROPERLY,CLEAR,DAYLIGHT,ANGLE,TRAFFIC ROUTE,,STRAIGHT AND LEVEL,DRY,NO DEFECTS,NOT ON SCENE (DESK REPORT),NO INJURY / DRIVE AWAY,,,,"OVER $1,500",07/19/2025 07:30:00 PM,UNABLE TO DETERMINE,NOT APPLICABLE,8300,S,STONY ISLAND AVE,412,,,,,,,2,NO INDICATION OF INJURY,0,0,0,0,0,5,0,18,7,7,41.744151639,-87.585945067,POINT (-87.585945066953 41.744151639042)
255edfb83399788c4921b3b51ba91645b6b1cc366fab9ec430bd7755b7a085d851baf126d0bb467602ca64f88f732657639467a65c7cfd2ce5dd83e081868307,,07/19/2025 06:15:00 PM,30,NO CONTROLS,NO CONTROLS,CLEAR,DAYLIGHT,REAR END,DIVIDED - W/MEDIAN (NOT RAISED),,STRAIGHT AND LEVEL,DRY,NO DEFECTS,NOT ON SCENE (DESK REPORT),NO INJURY / DRIVE AWAY,,,Y,"$501 - $1,500",07/19/2025 06:45:00 PM,"OPERATING VEHICLE IN ERRATIC, RECKLESS, CARELESS, NEGLIGENT OR AGGRESSIVE MANNER","OPERATING VEHICLE IN ERRATIC, RECKLESS, CARELESS, NEGLIGENT OR AGGRESSIVE MANNER",6733,S,DAMEN AVE,726,,,,,,,2,NO INDICATION OF INJURY,0,0,0,0,0,2,0,18,7,7,41.7710678219,-87.6735429732,POINT (-87.673542973176 41.771067821946)
8f02ede6eac5988aef13b3ff6f5e45cbc02d736ecfc9f6b6065c7ce08e4aec22fefcae29fb7aac572ac61f72eb43dc1f4385a8fde364569c4638a4e2778f639d,,07/19/2025 06:15:00 PM,30,NO CONTROLS,NO CONTROLS,UNKNOWN,UNKNOWN,PARKED MOTOR VEHICLE,NOT DIVIDED,,STRAIGHT AND LEVEL,UNKNOWN,UNKNOWN,NOT ON SCENE (DESK REPORT),NO INJURY / DRIVE AWAY,,,Y,"$501 - $1,500",07/29/2025 05:00:00 PM,UNABLE TO DETERMINE,NOT APPLICABLE,5451,S,CORNELL AVE,234,,,,,,,2,NO INDICATION OF INJURY,0,0,0,0,0,1,0,18,7,7,41.7966919778,-87.5853011829,POINT (-87.585301182868 41.796691977791)
5821b520eed667b93e8431fa9558360c6fc86eceb3c829e469f45f699f2b954f0a0e602d10af0109be394af6c27c19f09895ff63a7269cdb3ce8f379119f4b3e,,07/19/2025 06:12:00 PM,30,NO CONTROLS,NO CONTROLS,CLEAR,DAYLIGHT,SIDESWIPE SAME DIRECTION,NOT DIVIDED,,STRAIGHT AND LEVEL,DRY,UNKNOWN,NOT ON SCENE (DESK REPORT),NO INJURY / DRIVE AWAY,,,,"OVER $1,500",07/19/2025 08:01:00 PM,UNABLE TO DETERMINE,NOT APPLICABLE,3210,N,CICERO AVE,1634,,,,,,,2,NO INDICATION OF INJURY,0,0,0,0,0,3,0,18,7,7,41.93916408,-87.7470229014,POINT (-87.747022901371 41.939164079993)
63f96461b5440386c2b43c594189f4b4930fa147cdc9b28b84cefe04e322b06d33ff1e2f38133e1926c9cdfe580daef6fec876343228622882382a388e8f0086,,07/19/2025 06:10:00 PM,20,UNKNOWN,UNKNOWN,UNKNOWN,UNKNOWN,PARKED MOTOR VEHICLE,UNKNOWN,,STRAIGHT AND LEVEL,UNKNOWN,UNKNOWN,NOT ON SCENE (DESK REPORT),NO INJURY / DRIVE AWAY,,,,"OVER $1,500",07/20/2025 11:00:00 AM,UNABLE TO DETERMINE,NOT APPLICABLE,1731,W,WOLFRAM ST,1931,,,,,,,3,NO INDICATION OF INJURY,0,0,0,0,0,1,0,18,7,7,41.9331394776,-87.6722513138,POINT (-87.672251313843 41.933139477552)
823e7e7f884ddf9bc8dffdf2bac9c2a3e768dc3566137639424e0aba6ac64601927de443431ff64370bbff83f1ab97afcff607c698ef3da909444302767b1ebe,,07/19/2025 06:08:00 PM,30,NO CONTROLS,NO CONTROLS,UNKNOWN,UNKNOWN,REAR END,NOT DIVIDED,,STRAIGHT AND LEVEL,UNKNOWN,UNKNOWN,NOT ON SCENE (DESK REPORT),INJURY AND / OR TOW DUE TO CRASH,,,,"OVER $1,500",07/19/2025 07:02:00 PM,FAILING TO REDUCE SPEED TO AVOID CRASH,UNABLE TO DETERMINE,514,E,87TH ST,632,,,,,,,2,"REPORTED, NOT EVIDENT",2,0,0,0,2,2,0,18,7,7,41.7366614251,-87.6113270411,POINT (-87.611327041132 41.736661425132)
3a0df3d2553ab3a08ebf4eacd3c6711414729a1ec375e5ff67257f0a9d0862b31bdcf33a0bef362ca8fef298cc637a4d7d733d9339cdf00f493823f31cc7d6b8,,07/19/2025 06:07:00 PM,30,NO CONTROLS,NO CONTROLS,CLEAR,DAYLIGHT,FIXED OBJECT,PARKING LOT,,STRAIGHT AND LEVEL,DRY,NO DEFECTS,ON SCENE,NO INJURY / DRIVE AWAY,,Y,,"$501 - $1,500",07/19/2025 06:07:00 PM,DRIVING SKILLS/KNOWLEDGE/EXPERIENCE,NOT APPLICABLE,845,W,69TH ST,733,,,,,,,1,NO INDICATION OF INJURY,0,0,0,0,0,1,0,18,7,7,41.7687016268,-87.646285147,POINT (-87.646285147026 41.768701626769)
5d74479ac22305544a29f4e55666bd80fac290de612c41c6da593b995ddc573a69d4c29a340bb626a501ce3d6268526a618165a2bfa4de266b6db05a7be989cb,,07/19/2025 06:00:00 PM,30,TRAFFIC SIGNAL,FUNCTIONING PROPERLY,CLEAR,DAYLIGHT,SIDESWIPE SAME DIRECTION,FOUR WAY,,STRAIGHT AND LEVEL,DRY,NO DEFECTS,NOT ON SCENE (DESK REPORT),NO INJURY / DRIVE AWAY,,,,"OVER $1,500",07/19/2025 06:30:00 PM,UNABLE TO DETERMINE,NOT APPLICABLE,1650,E,95TH ST,413,,,,,,,2,NO INDICATION OF INJURY,0,0,0,0,0,4,0,18,7,7,41.7224810322,-87.5830762012,POINT (-87.583076201168 41.722481032243)
f47e6f126e1ce22964d740199a66119dac00bb54bab03e7052ecc3e20486945342ba4b8032b6bd44e835d054a054a56eba58d5d418b6006443fec2c6eb69f99d,,07/19/2025 06:00:00 PM,30,NO CONTROLS,NO CONTROLS,CLEAR,DAYLIGHT,REAR END,ONE-WAY,,STRAIGHT AND LEVEL,UNKNOWN,UNKNOWN,NOT ON SCENE (DESK REPORT),NO INJURY / DRIVE AWAY,,,,"OVER $1,500",07/20/2025 05:30:00 PM,DRIVING SKILLS/KNOWLEDGE/EXPERIENCE,DRIVING SKILLS/KNOWLEDGE/EXPERIENCE,400,E,LOWER WACKER DR,114,,,,,,,2,NO INDICATION OF INJURY,0,0,0,0,0,2,0,18,7,7,41.8875511317,-87.6173560083,POINT (-87.617356008287 41.8875511317)
65399e2096a2b496c0a8aafe959281fd80f1fa76a369a003c27f7c3f1be079a619f93e64bb6c319f8197fdbd56fc4140217dad05d1d4dca9333ce9be423a929b,,07/19/2025 05:55:00 PM,30,TRAFFIC SIGNAL,FUNCTIONING PROPERLY,UNKNOWN,UNKNOWN,PARKED MOTOR VEHICLE,NOT DIVIDED,,STRAIGHT AND LEVEL,UNKNOWN,UNKNOWN,ON SCENE,NO INJURY / DRIVE AWAY,,,Y,$500 OR LESS,07/19/2025 05:55:00 PM,UNABLE TO DETERMINE,NOT APPLICABLE,309,N,AUSTIN BLVD,1512,,,,,,,2,NO INDICATION OF INJURY,0,0,0,0,0,1,0,17,7,7,41.8858732491,-87.7746953433,POINT (-87.774695343322 41.885873249119)
0f43bd15e265f30579cefe5abfed66b9663626c8ff6be84c58dfba2ded8b8b2ced05e7c2d6f680100126efb3e136b571f71aaf48d51e8a4b2f1c36b7571c02d1,,07/19/2025 05:50:00 PM,30,TRAFFIC SIGNAL,FUNCTIONING PROPERLY,CLEAR,DAYLIGHT,REAR END,DIVIDED - W/MEDIAN (NOT RAISED),,STRAIGHT AND LEVEL,DRY,NO DEFECTS,NOT ON SCENE (DESK REPORT),NO INJURY / DRIVE AWAY,Y,,,"$501 - $1,500",07/20/2025 01:30:00 AM,FOLLOWING TOO CLOSELY,FOLLOWING TOO CLOSELY,287,E,LOWER WACKER DR,114,,,,,,,2,NO INDICATION OF INJURY,0,0,0,0,0,2,0,17,7,7,41.8876994732,-87.6208487999,POINT (-87.620848799935 41.887699473201)
e08492024fc349ad6bf5830be3075de74b64bbdb3b383803edb1ebbce6f3424ec8447857d8854a20616180e3b67ea71d73ef21a752d1d747ee982eea527561c1,,07/19/2025 05:45:00 PM,30,NO CONTROLS,NO CONTROLS,CLEAR,DAYLIGHT,PARKED MOTOR VEHICLE,ONE-WAY,,STRAIGHT AND LEVEL,DRY,NO DEFECTS,NOT ON SCENE (DESK REPORT),NO INJURY / DRIVE AWAY,Y,,,"OVER $1,500",07/19/2025 07:40:00 PM,IMPROPER BACKING,NOT APPLICABLE,2346,W,THOMAS ST,1212,,,,,,,2,NO INDICATION OF INJURY,0,0,0,0,0,1,0,17,7,7,41.9013177191,-87.6864048765,POINT (-87.686404876547 41.901317719108)
481cf8e0978f641b8b252174b7d2d9390ceaec08773826348bb3cfba3ef85f53fb2a05018aa4d38e28652feecba6657afb778e31e77a0faa8a41425c9f50f16c,,07/19/2025 05:35:00 PM,30,NO CONTROLS,NO CONTROLS,CLEAR,DAYLIGHT,FIXED OBJECT,NOT DIVIDED,,STRAIGHT AND LEVEL,DRY,NO DEFECTS,ON SCENE,NO INJURY / DRIVE AWAY,,Y,,"OVER $1,500",07/19/2025 05:35:00 PM,DRIVING SKILLS/KNOWLEDGE/EXPERIENCE,DRIVING SKILLS/KNOWLEDGE/EXPERIENCE,447,N,HAMLIN AVE,1122,,,,,,,1,NO INDICATION OF INJURY,0,0,0,0,0,1,0,17,7,7,41.8893135934,-87.7208708697,POINT (-87.720870869697 41.889313593436)
4ce65011b452441387f7d16182e6f68717080ee2e9cb324140872a95f2f30fce684dedfc39b6ca04a707c253a028e7abb861a6918606f57fc465fef07768fa67,,07/19/2025 05:33:00 PM,30,UNKNOWN,UNKNOWN,UNKNOWN,UNKNOWN,REAR END,DIVIDED - W/MEDIAN (NOT RAISED),,STRAIGHT AND LEVEL,UNKNOWN,UNKNOWN,NOT ON SCENE (DESK REPORT),NO INJURY / DRIVE AWAY,,,,"OVER $1,500",07/22/2025 05:35:00 PM,UNABLE TO DETERMINE,UNABLE TO DETERMINE,214,N,OGDEN AVE,1215,,,,,,,2,NO INDICATION OF INJURY,0,0,0,0,0,4,0,17,7,7,41.8857652097,-87.6626482193,POINT (-87.662648219278 41.885765209691)
3b8d2110f38ccfe7a5e4245ef0056a587f9ef89b28b3a16dbad16a1f25553ce40bcfc6092aa929a9d1b5e5805b79d8476c7454383d364c0910f490bea29460be,,07/19/2025 05:30:00 PM,30,NO CONTROLS,NO CONTROLS,CLEAR,DAYLIGHT,REAR TO FRONT,NOT DIVIDED,,STRAIGHT AND LEVEL,DRY,UNKNOWN,NOT ON SCENE (DESK REPORT),NO INJURY / DRIVE AWAY,,,,"$501 - $1,500",07/19/2025 05:55:00 PM,IMPROPER BACKING,NOT APPLICABLE,3301,W,21ST ST,1024,,,,,,,2,NO INDICATION OF INJURY,0,0,0,0,0,2,0,17,7,7,41.8534603342,-87.7077983823,POINT (-87.707798382293 41.853460334235)
de7ca58daee705ed8ee886033c65a7c053bb6618e221a008ee77ad9852a8354982eaf17287f5f1c4d68d46a7c7dd752e6097cb1f37503da55a8ffe812f3457cf,,07/19/2025 05:30:00 PM,30,TRAFFIC SIGNAL,FUNCTIONING PROPERLY,CLEAR,DAYLIGHT,TURNING,DIVIDED - W/MEDIAN (NOT RAISED),,STRAIGHT AND LEVEL,DRY,NO DEFECTS,NOT ON SCENE (DESK REPORT),INJURY AND / OR TOW DUE TO CRASH,Y,,,"OVER $1,500",07/19/2025 05:47:00 PM,FAILING TO YIELD RIGHT-OF-WAY,NOT APPLICABLE,2800,W,63RD ST,823,,,,,,,2,"REPORTED, NOT EVIDENT",1,0,0,0,1,4,0,17,7,7,41.7792245324,-87.693456441,POINT (-87.693456441033 41.779224532387)
f3c82921bbc569ba770112c5dddbe759d4b081045937b0db7b5c7e60216aca6ebdd8dc89bb8c10efbfeabe8861412678eb5fb28d4e06832fe3ec7ac34c547e14,,07/19/2025 05:30:00 PM,30,STOP SIGN/FLASHER,FUNCTIONING PROPERLY,CLEAR,DAYLIGHT,ANGLE,FOUR WAY,,STRAIGHT AND LEVEL,DRY,NO DEFECTS,NOT ON SCENE (DESK REPORT),NO INJURY / DRIVE AWAY,Y,,,"OVER $1,500",07/19/2025 05:55:00 PM,FAILING TO YIELD RIGHT-OF-WAY,DRIVING SKILLS/KNOWLEDGE/EXPERIENCE,5652,W,CHICAGO AVE,1511,,,,,,,2,NO INDICATION OF INJURY,0,0,0,0,0,2,0,17,7,7,41.8949337836,-87.7675027937,POINT (-87.767502793682 41.894933783587)
ac6fb5443e260f986567d5a95e51b36d02b8c3f1cc90cdff513b065e377db2a543dcd0c4096600a93d44b77141a3fc6705cf61ef5f600967bdb66f107d47bf18,,07/19/2025 05:26:00 PM,30,NO CONTROLS,NO CONTROLS,CLEAR,DAYLIGHT,PEDALCYCLIST,NOT DIVIDED,,STRAIGHT AND LEVEL,DRY,NO DEFECTS,ON SCENE,INJURY AND / OR TOW DUE TO CRASH,,,Y,"OVER $1,500",07/19/2025 05:44:00 PM,FAILING TO YIELD RIGHT-OF-WAY,NOT APPLICABLE,1522,S,WABASH AVE,131,,,Y,,,,2,NONINCAPACITATING INJURY,1,0,0,1,0,0,0,17,7,7,41.8612679718,-87.6258345891,POINT (-87.625834589139 41.861267971809)
05e68bb3d2214ea93812d89a2877c73f644cdbaed11d570c1e5fb1bc5c85a8ab9864e6135960c0eb446c488cb8bc903ff331ad58e702e4dacd2b094dba1a8142,,07/19/2025 05:25:00 PM,30,NO CONTROLS,UNKNOWN,CLEAR,DAYLIGHT,PARKED MOTOR VEHICLE,ONE-WAY,,STRAIGHT AND LEVEL,UNKNOWN,UNKNOWN,NOT ON SCENE (DESK REPORT),NO INJURY / DRIVE AWAY,,,,"OVER $1,500",07/19/2025 05:45:00 PM,UNABLE TO DETERMINE,NOT APPLICABLE,171,W,ADAMS ST,122,,,,,,,2,NO INDICATION OF INJURY,0,0,0,0,0,2,0,17,7,7,41.8792846595,-87.6329111627,POINT (-87.632911162699 41.879284659507)
61fb92bdc22a9244e0a70d7a718ae4954551c0c742f829eeef2dffa812d1c9bfe0fb15e6e4d008591b2c8f4de499ea09addd225168e3963e647a95f9b5ed3a27,Y,07/19/2025 05:23:00 PM,30,UNKNOWN,UNKNOWN,CLEAR,DAYLIGHT,TURNING,DIVIDED - W/MEDIAN (NOT RAISED),,STRAIGHT AND LEVEL,DRY,UNKNOWN,ON SCENE,NO INJURY / DRIVE AWAY,,,,$500 OR LESS,07/19/2025 05:24:00 PM,UNABLE TO DETERMINE,UNABLE TO DETERMINE,2611,W,CHICAGO AVE,1221,,Y,,,,,2,NO INDICATION OF INJURY,0,0,0,0,0,2,0,17,7,7,41.8955782877,-87.6922761739,POINT (-87.69227617388 41.89557828771)
e806a84c2e8b02f539468abc673da1738d4b2b2af20bfe3676e6ae365507b959e3926de37f4ab9efbe6e9e38284ee84d6a1a591d5f18d247e8226d53fab730db,Y,07/19/2025 05:23:00 PM,30,TRAFFIC SIGNAL,FUNCTIONING PROPERLY,CLEAR,DAYLIGHT,REAR END,NOT DIVIDED,,STRAIGHT AND LEVEL,DRY,NO DEFECTS,ON SCENE,NO INJURY / DRIVE AWAY,,,Y,"OVER $1,500",07/19/2025 05:25:00 PM,UNABLE TO DETERMINE,UNABLE TO DETERMINE,4001,W,KINZIE ST,1114,,,,,,,2,NO INDICATION OF INJURY,0,0,0,0,0,2,0,17,7,7,41.8876588061,-87.7259902818,POINT (-87.725990281798 41.88765880608)
a727749d3884bf033549159367045fcda52fd7848eafc8a089e59e61c78f38ad5f45deb7d7c9262c0873e29360de7c1a9ad7ac74b23ee92ff817df160d6e3ea5,,07/19/2025 05:22:00 PM,30,STOP SIGN/FLASHER,FUNCTIONING PROPERLY,CLEAR,DAYLIGHT,PARKED MOTOR VEHICLE,FOUR WAY,,STRAIGHT AND LEVEL,DRY,NO DEFECTS,NOT ON SCENE (DESK REPORT),INJURY AND / OR TOW DUE TO CRASH,Y,,Y,"OVER $1,500",07/21/2025 05:35:00 PM,FAILING TO REDUCE SPEED TO AVOID CRASH,IMPROPER TURNING/NO SIGNAL,4559,N,KILBOURN AVE,1722,,,,,,,2,NO INDICATION OF INJURY,0,0,0,0,0,1,0,17,7,7,41.9643579148,-87.7411874088,POINT (-87.741187408809 41.964357914761)
1d7f102fc58ae7e46e6af88b5aca6a8a8e88030a3ef5bcb1dbe644f65d88a3119a20f80ef8a2bcc16880552970fa96f4251a44bfddbd03174f8f010a30ea5748,,07/19/2025 05:15:00 PM,30,TRAFFIC SIGNAL,FUNCTIONING PROPERLY,CLEAR,DAYLIGHT,SIDESWIPE SAME DIRECTION,NOT DIVIDED,,STRAIGHT AND LEVEL,DRY,NO DEFECTS,,NO INJURY / DRIVE AWAY,,,,"OVER $1,500",07/19/2025 05:15:00 PM,FAILING TO YIELD RIGHT-OF-WAY,IMPROPER OVERTAKING/PASSING,450,W,ROOSEVELT RD,124,,,,,,,2,NO INDICATION OF INJURY,0,0,0,0,0,2,0,17,7,7,41.8673634931,-87.6391370885,POINT (-87.63913708847 41.867363493083)