CRASH_RECORD_ID,CRASH_DATE_EST_I,CRASH_DATE,POSTED_SPEED_LIMIT,TRAFFIC_CONTROL_DEVICE,DEVICE_CONDITION,WEATHER_CONDITION,LIGHTING_CONDITION,FIRST_CRASH_TYPE,TRAFFICWAY_TYPE,LANE_CNT,ALIGNMENT,ROADWAY_SURFACE_COND,ROAD_DEFECT,REPORT_TYPE,CRASH_TYPE,INTERSECTION_RELATED_I,NOT_RIGHT_OF_WAY_I,HIT_AND_RUN_I,DAMAGE,DATE_POLICE_NOTIFIED,PRIM_CONTRIBUTORY_CAUSE,SEC_CONTRIBUTORY_CAUSE,STREET_NO,STREET_DIRECTION,STREET_NAME,BEAT_OF_OCCURRENCE,PHOTOS_TAKEN_I,STATEMENTS_TAKEN_I,DOORING_I,WORK_ZONE_I,WORK_ZONE_TYPE,WORKERS_PRESENT_I,NUM_UNITS,MOST_SEVERE_INJURY,INJURIES_TOTAL,INJURIES_FATAL,INJURIES_INCAPACITATING,INJURIES_NON_INCAPACITATING,INJURIES_REPORTED_NOT_EVIDENT,INJURIES_NO_INDICATION,INJURIES_UNKNOWN,CRASH_HOUR,CRASH_DAY_OF_WEEK,CRASH_MONTH,LATITUDE,LONGITUDE,LOCATION
7d8529a6968644fcc6e6e040f41f0bd2d260324da666367ae640382a569d4be0b052e4168ee7bb9ac302489e8f59a263d45f7f5524a65124e65e097ca290c4f1,,07/19/2025 05:10:00 PM,30,TRAFFIC SIGNAL,FUNCTIONING PROPERLY,CLEAR,DAYLIGHT,REAR END,NOT DIVIDED,,STRAIGHT AND LEVEL,DRY,NO DEFECTS,NOT ON SCENE (DESK REPORT),NO INJURY / DRIVE AWAY,Y,,,$500 OR LESS,07/19/2025 05:30:00 PM,NOT APPLICABLE,NOT APPLICABLE,3358,N,LARAMIE AVE,1634,,,,,,,2,NO INDICATION OF INJURY,0,0,0,0,0,3,0,17,7,7,41.9423034899,-87.7569524879,POINT (-87.756952487874 41.942303489916)
665a8311d7204737341d8840c2bac7e67cda77de79bfa4dbc6be7651c82c23957ae9765acd85c710d18071f8c8cce9f07ce9a9fa6316818c7b1bc4a9c951fa03,,07/19/2025 05:06:00 PM,35,NO CONTROLS,NO CONTROLS,CLEAR,DAYLIGHT,TURNING,DIVIDED - W/MEDIAN (NOT RAISED),,STRAIGHT AND LEVEL,DRY,UNKNOWN,ON SCENE,NO INJURY / DRIVE AWAY,,,Y,"OVER $1,500",07/19/2025 05:08:00 PM,FAILING TO YIELD RIGHT-OF-WAY,NOT APPLICABLE,3646,W,COLUMBUS AVE,834,,,,,,,2,NO INDICATION OF INJURY,0,0,0,0,0,3,0,17,7,7,41.7422081896,-87.7132689365,POINT (-87.713268936488 41.742208189623)
0e56bac4402607fa3446ab08f02ed0f06cb7fd815a5d61886d36b865c5f9841e6605fea98587a683fe7ae39257d1e81915df7a630230ece79132ddd08221b9ae,,07/19/2025 05:05:00 PM,30,NO CONTROLS,NO CONTROLS,CLEAR,DAYLIGHT,REAR END,NOT DIVIDED,,STRAIGHT AND LEVEL,DRY,NO DEFECTS,NOT ON SCENE (DESK REPORT),NO INJURY / DRIVE AWAY,,,,"$501 - $1,500",07/19/2025 05:15:00 PM,FOLLOWING TOO CLOSELY,FOLLOWING TOO CLOSELY,9500,S,STONY ISLAND AVE,511,,,,,,,2,NO INDICATION OF INJURY,0,0,0,0,0,2,0,17,7,7,41.722257273,-87.5852755651,POINT (-87.585275565077 41.722257273006)
1b265c92510ec769beb9f79dc5b20116e177665ffdfa2128ae84840b8e9d81097953dcbb4135d7405e300e945df0128523be6539100a20d3a26f4faa5b561347,,07/19/2025 05:00:00 PM,20,NO CONTROLS,NO CONTROLS,CLEAR,DAYLIGHT,TURNING,ONE-WAY,,STRAIGHT AND LEVEL,DRY,NO DEFECTS,NOT ON SCENE (DESK REPORT),NO INJURY / DRIVE AWAY,,,,"OVER $1,500",07/19/2025 06:15:00 PM,IMPROPER BACKING,IMPROPER BACKING,2745,W,53RD ST,923,,,,,,,2,NO INDICATION OF INJURY,0,0,0,0,0,2,0,17,7,7,41.7972407244,-87.6932450409,POINT (-87.69324504089 41.797240724421)
1e8a6252053d7f85a772bb2cd539d8261167ae7e35ede3f2aa5ed9fd44fb825815e75d08702824516d80626146ebddc67cfd8bbf0e2b9c223912428c48539fa0,Y,07/19/2025 05:00:00 PM,30,NO CONTROLS,NO CONTROLS,UNKNOWN,UNKNOWN,PARKED MOTOR VEHICLE,NOT DIVIDED,,STRAIGHT AND LEVEL,UNKNOWN,UNKNOWN,NOT ON SCENE (DESK REPORT),NO INJURY / DRIVE AWAY,,,,"OVER $1,500",07/19/2025 06:50:00 PM,FOLLOWING TOO CLOSELY,DRIVING SKILLS/KNOWLEDGE/EXPERIENCE,741,N,ABERDEEN ST,1214,,,,,,,2,NO INDICATION OF INJURY,0,0,0,0,0,1,0,17,7,7,41.8953382062,-87.6548009298,POINT (-87.654800929789 41.895338206207)
cfa54325049d9ad8d3f01a1ef0b15e50167a05d7bc5869d8f1c1717405598950fc1d6d50cad7716e013cbe5b9f0d7d82b5f6710e24a33c73139e2632ecaf2dd7,,07/19/2025 05:00:00 PM,30,STOP SIGN/FLASHER,UNKNOWN,UNKNOWN,UNKNOWN,REAR END,UNKNOWN,,STRAIGHT AND LEVEL,UNKNOWN,UNKNOWN,NOT ON SCENE (DESK REPORT),NO INJURY / DRIVE AWAY,,,,"OVER $1,500",07/20/2025 05:45:00 PM,UNABLE TO DETERMINE,UNABLE TO DETERMINE,2798,N,NARRAGANSETT AVE,2512,,,,,,,2,NO INDICATION OF INJURY,0,0,0,0,0,2,0,17,7,7,41.9309076045,-87.7858334631,POINT (-87.785833463057 41.930907604483)
8902ecdd45b61b90f7caed917bb908121c4c70316f2b8ad1ce79825f42493933b6c4718396fb161d3248460b45253dcd61609f156fad489a0fa227e5acdf0317,,07/19/2025 04:55:00 PM,30,STOP SIGN/FLASHER,FUNCTIONING PROPERLY,CLEAR,DAYLIGHT,ANGLE,ONE-WAY,,STRAIGHT AND LEVEL,DRY,OTHER,ON SCENE,INJURY AND / OR TOW DUE TO CRASH,Y,,,"OVER $1,500",07/19/2025 05:12:00 PM,FAILING TO YIELD RIGHT-OF-WAY,NOT APPLICABLE,4400,S,INDIANA AVE,215,,,,,,,2,NONINCAPACITATING INJURY,2,0,0,2,0,0,0,16,7,7,41.8146686294,-87.6215035309,POINT (-87.621503530892 41.81466862942)
418936bee7d08836211d175d3fbae995b815b86a9756182c8e732ddaa48adc91f38bc9603a7c42e9acb027d286ee47d273c378ed5d93fa629cf742ec1f6fbc53,,07/19/2025 04:52:00 PM,30,NO CONTROLS,NO CONTROLS,CLEAR,DAYLIGHT,HEAD ON,DIVIDED - W/MEDIAN (NOT RAISED),,"CURVE, LEVEL",DRY,NO DEFECTS,ON SCENE,INJURY AND / OR TOW DUE TO CRASH,,,Y,"OVER $1,500",07/19/2025 05:01:00 PM,UNABLE TO DETERMINE,UNABLE TO DETERMINE,600,E,RAINEY DR,233,,,,,,,2,NO INDICATION OF INJURY,0,0,0,0,0,3,0,16,7,7,41.7933166361,-87.6110226323,POINT (-87.611022632331 41.7933166361)
3956d34da8e94c45ac42580b48befa0f16240a45c8b108958e1ec8b22a594beaaa8f68bb4847a781fa76e67158b242aa53d1123613f654ae62a898ba9442d30a,,07/19/2025 04:35:00 PM,35,TRAFFIC SIGNAL,FUNCTIONING PROPERLY,CLEAR,DAYLIGHT,FIXED OBJECT,NOT DIVIDED,,STRAIGHT AND LEVEL,DRY,NO DEFECTS,ON SCENE,INJURY AND / OR TOW DUE TO CRASH,,,,"$501 - $1,500",07/19/2025 05:45:00 PM,UNABLE TO DETERMINE,UNABLE TO DETERMINE,2,E,119TH ST,532,,,,,,,1,"REPORTED, NOT EVIDENT",2,0,0,0,2,0,0,16,7,7,41.6781371872,-87.6225530696,POINT (-87.622553069604 41.678137187237)
5040c55c5021ffbb69df583a9730567571ce992ee9e87e8c16b052b0653ce02c90fbeb0f785c795d78dd748268cb60c5b18affba5976978c1a07d734c0994856,,07/19/2025 04:30:00 PM,30,TRAFFIC SIGNAL,FUNCTIONING PROPERLY,CLEAR,DAYLIGHT,REAR END,NOT DIVIDED,,STRAIGHT AND LEVEL,DRY,NO DEFECTS,NOT ON SCENE (DESK REPORT),NO INJURY / DRIVE AWAY,Y,,,"OVER $1,500",07/19/2025 05:17:00 PM,UNABLE TO DETERMINE,NOT APPLICABLE,4556,S,ASHLAND AVE,924,,,,,,,2,NO INDICATION OF INJURY,0,0,0,0,0,2,0,16,7,7,41.8105656774,-87.6651705169,POINT (-87.665170516902 41.810565677379)
908ba2688e447837bc9379b06e2cc2d447f5dee9b9842f6753f91f7674816f51465208124a396f4f50cef862227dd8a26cbbef9a35570f7025882b4d53c0e74f,,07/19/2025 04:27:00 PM,25,NO CONTROLS,NO CONTROLS,CLEAR,DAYLIGHT,TURNING,NOT DIVIDED,,STRAIGHT AND LEVEL,DRY,NO DEFECTS,NOT ON SCENE (DESK REPORT),NO INJURY / DRIVE AWAY,,,Y,"OVER $1,500",07/19/2025 05:33:00 PM,NOT APPLICABLE,NOT APPLICABLE,4600,N,SHERIDAN RD,1914,,,,,,,2,NO INDICATION OF INJURY,0,0,0,0,0,2,0,16,7,7,41.9654752745,-87.6549356049,POINT (-87.654935604948 41.965475274534)
822889547c4b3aaffc18a9aba76c90f45b6d5499d8904c40c4db942244bf6cae55ae2b8fcf3344b189a77d5913ee40d40e9d326368451999968e21cafb5b596e,,07/19/2025 04:25:00 PM,30,STOP SIGN/FLASHER,UNKNOWN,CLEAR,DAYLIGHT,REAR END,DIVIDED - W/MEDIAN (NOT RAISED),,STRAIGHT AND LEVEL,DRY,UNKNOWN,NOT ON SCENE (DESK REPORT),NO INJURY / DRIVE AWAY,,,Y,"OVER $1,500",07/19/2025 04:40:00 PM,FOLLOWING TOO CLOSELY,UNABLE TO DETERMINE,251,W,63RD ST,722,,,,,,,2,NO INDICATION OF INJURY,0,0,0,0,0,3,0,16,7,7,41.7798491708,-87.6321374877,POINT (-87.632137487679 41.779849170803)
568e8c8494abefbf6cee3cb47f10f7f74f0cee94aac79560562621ad41bc6283861fdb3b7f58d7e7e017a72bc56e891f5140d8db43d676e6ea7b617297112fef,,07/19/2025 04:20:00 PM,30,TRAFFIC SIGNAL,FUNCTIONING PROPERLY,CLEAR,DAYLIGHT,TURNING,FOUR WAY,,STRAIGHT AND LEVEL,DRY,UNKNOWN,ON SCENE,INJURY AND / OR TOW DUE TO CRASH,Y,,Y,"OVER $1,500",07/19/2025 04:33:00 PM,UNABLE TO DETERMINE,NOT APPLICABLE,4200,N,MILWAUKEE AVE,1624,,,,,,,2,"REPORTED, NOT EVIDENT",1,0,0,0,1,1,0,16,7,7,41.9570064943,-87.7515151142,POINT (-87.751515114164 41.95700649426)
6879b1c0c111ec391b05664e9be98606570ae122e6428ef9237f10ee5aa952a776fcdc8d844932dce863cb920b7229546b9bfb384e6882d10b1ffda29dc0e77b,,07/19/2025 04:15:00 PM,10,NO CONTROLS,NO CONTROLS,CLEAR,DAYLIGHT,PARKED MOTOR VEHICLE,PARKING LOT,,STRAIGHT AND LEVEL,DRY,NO DEFECTS,NOT ON SCENE (DESK REPORT),NO INJURY / DRIVE AWAY,,,Y,$500 OR LESS,07/21/2025 12:50:00 PM,IMPROPER OVERTAKING/PASSING,IMPROPER OVERTAKING/PASSING,5343,N,BROADWAY,2023,,,,,,,2,NO INDICATION OF INJURY,0,0,0,0,0,1,0,16,7,7,41.9794282549,-87.6598058547,POINT (-87.659805854713 41.979428254922)
cc16833ecac24184e257873b5099afbf41a7cbc591b66deea6ec03648ca68b2d3285295aa421a320c6e2fd1cb9f7b59e14ada96b4b03a4f76f602daccacf0bd9,,07/19/2025 04:10:00 PM,25,TRAFFIC SIGNAL,FUNCTIONING PROPERLY,CLEAR,DAYLIGHT,REAR TO FRONT,T-INTERSECTION,,STRAIGHT AND LEVEL,DRY,NO DEFECTS,NOT ON SCENE (DESK REPORT),NO INJURY / DRIVE AWAY,,,,"$501 - $1,500",07/19/2025 04:45:00 PM,UNABLE TO DETERMINE,UNABLE TO DETERMINE,1610,W,31ST ST,912,,,,,,,2,NO INDICATION OF INJURY,0,0,0,0,0,2,0,16,7,7,41.8386813363,-87.6663270244,POINT (-87.666327024423 41.838681336332)
a03961b8350ed0ce427f1ef5b60efefc7e4e6ace67b58958e1455a813f29380e25a03c4af7004f90355ba6fb860fa79d3703239cec9ab120c327f6e81b9c41d8,,07/19/2025 04:00:00 PM,20,STOP SIGN/FLASHER,NO CONTROLS,CLEAR,DAYLIGHT,PEDALCYCLIST,DIVIDED - W/MEDIAN (NOT RAISED),,STRAIGHT AND LEVEL,DRY,NO DEFECTS,NOT ON SCENE (DESK REPORT),INJURY AND / OR TOW DUE TO CRASH,,,Y,$500 OR LESS,07/20/2025 05:02:00 PM,FAILING TO YIELD RIGHT-OF-WAY,NOT APPLICABLE,4035,N,CICERO AVE,1722,,,,,,,2,NONINCAPACITATING INJURY,1,0,0,1,0,2,0,16,7,7,41.9545084019,-87.7471878802,POINT (-87.747187880166 41.954508401874)
095dafb8cc8d7a992fc12aa95bbf719b409c073d86f2e708f04b9b51dd6b4ce31d59af210984a9cdb29bec4985805d42afb551badb07e7f838bfe9af3272334e,,07/19/2025 03:56:00 PM,35,TRAFFIC SIGNAL,FUNCTIONING PROPERLY,CLEAR,DAYLIGHT,REAR END,NOT DIVIDED,,STRAIGHT AND LEVEL,DRY,NO DEFECTS,ON SCENE,NO INJURY / DRIVE AWAY,,,,"OVER $1,500",07/19/2025 03:56:00 PM,UNABLE TO DETERMINE,UNABLE TO DETERMINE,4401,W,31ST ST,1031,,,,,,,3,NO INDICATION OF INJURY,0,0,0,0,0,3,0,15,7,7,41.8362989489,-87.7341833352,POINT (-87.734183335179 41.836298948934)
3f1fc42c659c0a4b77c2c96a54b9bb5ba98f9305875f19c63bc549169b616d9887b987d13ca9ff24d551c460a9952440d039294a7bb4f3ff63ed1de993683d5d,,07/19/2025 03:56:00 PM,30,TRAFFIC SIGNAL,FUNCTIONING PROPERLY,CLEAR,DAYLIGHT,TURNING,DIVIDED - W/MEDIAN (NOT RAISED),,STRAIGHT AND LEVEL,DRY,NO DEFECTS,NOT ON SCENE (DESK REPORT),INJURY AND / OR TOW DUE TO CRASH,Y,,,"OVER $1,500",07/19/2025 04:00:00 PM,UNABLE TO DETERMINE,NOT APPLICABLE,3529,S,KEDZIE AVE,911,,,,,,,3,INCAPACITATING INJURY,3,0,2,1,0,4,0,15,7,7,41.8288813502,-87.7044200552,POINT (-87.70442005525 41.82888135021)
c12adb509ce7fd6294c59fb45482b6df5025e1f9db56234ed7deb19fe1a7d8484998906943e2026b6c2a63f75d9f861efa8af03043cb12e42cc9a4aad1f3e616,,07/19/2025 03:40:00 PM,30,NO CONTROLS,NO CONTROLS,CLEAR,DAYLIGHT,PARKED MOTOR VEHICLE,NOT DIVIDED,,STRAIGHT AND LEVEL,WET,NO DEFECTS,ON SCENE,NO INJURY / DRIVE AWAY,,,,"OVER $1,500",07/19/2025 03:55:00 PM,UNABLE TO DETERMINE,NOT APPLICABLE,5277,S,WOODLAWN AVE,234,,,,,,,2,NO INDICATION OF INJURY,0,0,0,0,0,1,0,15,7,7,41.7995326733,-87.5964969026,POINT (-87.596496902627 41.799532673349)
dcb5ebcdad97fa459255e28d6c3b92ed9122f854ef221f8c45f3b190ab55fb913627a6edbe9ad866677a3031f971bf3ef266a3655aa0add073e9f2fa4ca76245,,07/19/2025 03:40:00 PM,30,NO CONTROLS,NO CONTROLS,UNKNOWN,UNKNOWN,PARKED MOTOR VEHICLE,PARKING LOT,,STRAIGHT AND LEVEL,UNKNOWN,UNKNOWN,NOT ON SCENE (DESK REPORT),NO INJURY / DRIVE AWAY,N,,,"OVER $1,500",07/21/2025 09:54:00 PM,UNABLE TO DETERMINE,NOT APPLICABLE,4932,S,KEDZIE AVE,821,,,,,,,2,NO INDICATION OF INJURY,0,0,0,0,0,1,0,15,7,7,41.8034975103,-87.7039875659,POINT (-87.703987565889 41.803497510289)
2b59b4de83aaed8753022477c7cf1f6918f6abf5ae4134fd78482ecb1b392a47a46530a56242183005d10389a2b326500c0c714e0eb84f43e47237313522f8f9,,07/19/2025 03:39:00 PM,20,NO CONTROLS,NO CONTROLS,CLEAR,DAYLIGHT,TURNING,ONE-WAY,,STRAIGHT AND LEVEL,DRY,NO DEFECTS,ON SCENE,NO INJURY / DRIVE AWAY,N,,,"OVER $1,500",07/19/2025 03:40:00 PM,IMPROPER OVERTAKING/PASSING,NOT APPLICABLE,2355,N,SAYRE AVE,2512,,,,,,,2,NO INDICATION OF INJURY,0,0,0,0,0,2,0,15,7,7,41.9227663434,-87.8005676989,POINT (-87.800567698897 41.922766343415)
26cb0457633f6051bcef0930aeb4e707bd1a57690844623be2769e588f456bafe8087314b03e1bb4a7f6f0f53dab372bfb2ae7ce3a7e98530cdedbe1db15e736,,07/19/2025 03:34:00 PM,30,TRAFFIC SIGNAL,FUNCTIONING PROPERLY,CLEAR,DAYLIGHT,ANGLE,NOT DIVIDED,,STRAIGHT AND LEVEL,DRY,NO DEFECTS,ON SCENE,INJURY AND / OR TOW DUE TO CRASH,Y,,,"OVER $1,500",07/19/2025 03:40:00 PM,DISREGARDING TRAFFIC SIGNALS,NOT APPLICABLE,200,N,CALIFORNIA AVE,1222,,,,,,,2,NO INDICATION OF INJURY,0,0,0,0,0,2,0,15,7,7,41.8843052,-87.6965234699,POINT (-87.696523469888 41.884305200041)
66275df4318c9a07f607d1b3d9ccc372ba23912ecde59d8a622b73aef7bb5fe6f39e64402da7b2b39ee0ec1bc87c3cdbaf73968d433217957cda76ddf1cc68dc,,07/19/2025 03:34:00 PM,20,NO CONTROLS,NO CONTROLS,CLEAR,DAYLIGHT,PEDESTRIAN,PARKING LOT,,STRAIGHT AND LEVEL,DRY,UNKNOWN,NOT ON SCENE (DESK REPORT),INJURY AND / OR TOW DUE TO CRASH,,,Y,$500 OR LESS,07/19/2025 04:15:00 PM,UNABLE TO DETERMINE,UNABLE TO DETERMINE,8709,S,ASHLAND AVE,2221,,,,,,,2,NONINCAPACITATING INJURY,1,0,0,1,0,1,0,15,7,7,41.735467126,-87.6629110454,POINT (-87.662911045352 41.735467125958)
d0536f3b5b6f2c953a47b6887371f634345ccf3912fc49717a9c1d952315d9769d2796583e6863dd0db8e05590bdb5517e4e54fb2aaf9bbb35151b3b90284807,,07/19/2025 03:33:00 PM,35,UNKNOWN,NO CONTROLS,CLEAR,DAYLIGHT,ANGLE,ALLEY,,STRAIGHT AND LEVEL,DRY,NO DEFECTS,ON SCENE,NO INJURY / DRIVE AWAY,,,Y,"OVER $1,500",07/19/2025 03:48:00 PM,FAILING TO YIELD RIGHT-OF-WAY,NOT APPLICABLE,4814,W,AUGUSTA BLVD,1531,,,,,,,2,NO INDICATION OF INJURY,0,0,0,0,0,2,0,15,7,7,41.8987738254,-87.7465446912,POINT (-87.746544691223 41.898773825398)
00c527b00f9cf2058fff3f4a004d1b729b80c65201c60b81a891e95214b2a04ad308976013498a3c6ff050ea686ab2871822ea93efe4af32c8a25f782e6bfa2a,,07/19/2025 03:30:00 PM,30,STOP SIGN/FLASHER,OTHER,CLEAR,DAYLIGHT,PEDALCYCLIST,FOUR WAY,,STRAIGHT AND LEVEL,DRY,NO DEFECTS,,INJURY AND / OR TOW DUE TO CRASH,Y,,Y,"$501 - $1,500",07/21/2025 06:30:00 PM,FAILING TO YIELD RIGHT-OF-WAY,FAILING TO YIELD RIGHT-OF-WAY,7199,S,ASHLAND AVE,734,,,,,,,2,NONINCAPACITATING INJURY,1,0,0,1,0,1,0,15,7,7,41.7631357486,-87.6635869462,POINT (-87.663586946214 41.763135748595)
12acba90a640e23d7cc6023df3b516f4e5fe1dbc2a544402fa6b512eb3a430ffb978a520620e81c69c0acdecfd69f5e8d64468d84e6b2b38bd709f9cf5f34ebd,Y,07/19/2025 03:30:00 PM,30,TRAFFIC SIGNAL,FUNCTIONING PROPERLY,CLEAR,DAYLIGHT,REAR END,DIVIDED - W/MEDIAN BARRIER,,STRAIGHT AND LEVEL,DRY,NO DEFECTS,ON SCENE,NO INJURY / DRIVE AWAY,,,,"OVER $1,500",07/19/2025 03:42:00 PM,FOLLOWING TOO CLOSELY,NOT APPLICABLE,5531,S,CICERO AVE,813,,,,,,,2,NO INDICATION OF INJURY,0,0,0,0,0,2,0,15,7,7,41.7922156465,-87.7414724471,POINT (-87.741472447094 41.792215646466)
4b2f3661efbab12abf5effc4698eec58072112eecc22e65faaf3b9a85b18e6f9ae7e23621c03cdb2d0b1ad87ef49b9fecf755c6bfdfd40bc19e319ae88225a49,,07/19/2025 03:30:00 PM,30,STOP SIGN/FLASHER,FUNCTIONING PROPERLY,CLEAR,DAYLIGHT,ANGLE,T-INTERSECTION,,STRAIGHT AND LEVEL,DRY,NO DEFECTS,NOT ON SCENE (DESK REPORT),NO INJURY / DRIVE AWAY,Y,,,"OVER $1,500",07/19/2025 04:15:00 PM,FAILING TO YIELD RIGHT-OF-WAY,FAILING TO REDUCE SPEED TO AVOID CRASH,4700,S,WOLCOTT AVE,931,,,,,,,2,NO INDICATION OF INJURY,0,0,0,0,0,2,0,15,7,7,41.8084368517,-87.672399037,POINT (-87.672399036978 41.808436851662)
a327b0a6d3abd3b0585ed670c40aa316cefc123b74d371ae421ac8e34a675cfb90b5ad520dff874fbdd5a7246471539966795d4848a6a456a86889a691ef46e6,,07/19/2025 03:26:00 PM,30,NO CONTROLS,OTHER,CLEAR,DAYLIGHT,SIDESWIPE SAME DIRECTION,DIVIDED - W/MEDIAN BARRIER,,STRAIGHT AND LEVEL,DRY,NO DEFECTS,ON SCENE,NO INJURY / DRIVE AWAY,,,,"$501 - $1,500",07/19/2025 03:58:00 PM,FAILING TO YIELD RIGHT-OF-WAY,FAILING TO YIELD RIGHT-OF-WAY,2112,N,LAKE SHORE DR SB,1814,,,,,,,2,NO INDICATION OF INJURY,0,0,0,0,0,4,0,15,7,7,41.9206786972,-87.6298442147,POINT (-87.629844214678 41.92067869724)
7ee2f24f31efde632b224c19a3dd428104e088b4ed922936295253e9ecc80370abb0f8e1235851b1991b50d75768270309ac6383568585df55f3dcf2fbd8789f,,07/19/2025 03:25:00 PM,25,NO CONTROLS,NO CONTROLS,CLEAR,DAYLIGHT,SIDESWIPE SAME DIRECTION,NOT DIVIDED,,STRAIGHT AND LEVEL,DRY,NO DEFECTS,NOT ON SCENE (DESK REPORT),NO INJURY / DRIVE AWAY,,,,"OVER $1,500",07/19/2025 08:11:00 PM,NOT APPLICABLE,NOT APPLICABLE,301,E,LOWER WACKER DR,114,,,,,,,2,NO INDICATION OF INJURY,0,0,0,0,0,3,0,15,7,7,41.8876722207,-87.6205739399,POINT (-87.620573939863 41.887672220686)
965b54cac9044f29ee7d6fbf509e053f83261250f4fcf3141d6e8d05d79a81567b18ede8e6d08ff7f0c3334466f55ffff3663fe91f64da578a02911a1c09b575,,07/19/2025 03:25:00 PM,30,UNKNOWN,UNKNOWN,UNKNOWN,UNKNOWN,REAR END,FOUR WAY,,STRAIGHT AND LEVEL,UNKNOWN,UNKNOWN,NOT ON SCENE (DESK REPORT),NO INJURY / DRIVE AWAY,,,,"OVER $1,500",07/19/2025 03:55:00 PM,UNABLE TO DETERMINE,NOT APPLICABLE,2802,N,BROADWAY,1934,,,,,,,2,NO INDICATION OF INJURY,0,0,0,0,0,3,0,15,7,7,41.9329507869,-87.6450108032,POINT (-87.64501080324 41.932950786869)
0b466386b9d501774a3ce4eb23a884f1d9ff719ecc2df327a3d87e45d995a40202a4524e8013f146286fb3c7f15abe77fc6dcc0a327d3623fd18ac73f4f16328,,07/19/2025 03:20:00 PM,30,STOP SIGN/FLASHER,NO CONTROLS,CLEAR,DAYLIGHT,PARKED MOTOR VEHICLE,NOT DIVIDED,,STRAIGHT AND LEVEL,DRY,NO DEFECTS,ON SCENE,NO INJURY / DRIVE AWAY,,,,"OVER $1,500",07/19/2025 03:30:00 PM,FOLLOWING TOO CLOSELY,NOT APPLICABLE,141,N,SANGAMON ST,1224,,,,,,,2,NO INDICATION OF INJURY,0,0,0,0,0,2,0,15,7,7,41.8844063436,-87.6507944276,POINT (-87.650794427593 41.884406343636)
fd2ffaa1c6d43f715cff8922781a391b963c5e572a8551888b1ef2f6254927368ea5fffe5908c6d47e8674ee9c03762094f1c7884b531ee45919e268fc7f22a5,,07/19/2025 03:20:00 PM,30,TRAFFIC SIGNAL,FUNCTIONING PROPERLY,CLEAR,DAYLIGHT,REAR END,CENTER TURN LANE,,STRAIGHT ON GRADE,DRY,NO DEFECTS,ON SCENE,NO INJURY / DRIVE AWAY,,,,"$501 - $1,500",07/19/2025 03:52:00 PM,FOLLOWING TOO CLOSELY,NOT APPLICABLE,309,W,CERMAK RD,914,,,,,,,2,NO INDICATION OF INJURY,0,0,0,0,0,2,0,15,7,7,41.8527752852,-87.6352421491,POINT (-87.635242149093 41.852775285184)
817c25c9f2d8d5b90365d2b1cfc865eb1a899af4ed582e847f405d7d2215c74465c24d00d73dc07c2bc8c6868e1d283e4655715d577555f42746ce4daf111477,,07/19/2025 03:17:00 PM,30,STOP SIGN/FLASHER,UNKNOWN,CLEAR,DAYLIGHT,HEAD ON,NOT DIVIDED,,STRAIGHT AND LEVEL,DRY,NO DEFECTS,ON SCENE,INJURY AND / OR TOW DUE TO CRASH,,,,"OVER $1,500",07/19/2025 03:18:00 PM,DISREGARDING STOP SIGN,FAILING TO YIELD RIGHT-OF-WAY,7500,S,PAXTON AVE,414,,,,,,,3,NONINCAPACITATING INJURY,2,0,0,2,0,1,0,15,7,7,41.7588441893,-87.5713936722,POINT (-87.571393672186 41.758844189325)
91e5408679c6033eca87b91a3b5c75daa9ef803b3a5eb17d1665a78fc47d7c173c6dfa6fb034faa28011cf13e4953a80979b5579d18498284e552957af0002e6,,07/19/2025 03:15:00 PM,30,NO CONTROLS,NO CONTROLS,CLEAR,DAYLIGHT,ANGLE,NOT DIVIDED,,STRAIGHT AND LEVEL,DRY,NO DEFECTS,NOT ON SCENE (DESK REPORT),NO INJURY / DRIVE AWAY,,,,"OVER $1,500",07/21/2025 11:11:00 AM,FAILING TO YIELD RIGHT-OF-WAY,NOT APPLICABLE,900,N,CLARK ST,1832,,,,,,,2,NO INDICATION OF INJURY,0,0,0,0,0,3,0,15,7,7,41.8992902866,-87.6314624612,POINT (-87.631462461158 41.899290286562)
033c36bd06ff3633b8c8650582de5539d1c378ee7906020fe3fac9ce45b6d735c6606417fb651ae7c37c684966326ea24b0fcfee1d5569d5ae7e36f68cdfaf0e,,07/19/2025 03:13:00 PM,30,STOP SIGN/FLASHER,FUNCTIONING PROPERLY,CLEAR,DAYLIGHT,ANGLE,DIVIDED - W/MEDIAN (NOT RAISED),,STRAIGHT AND LEVEL,DRY,NO DEFECTS,,INJURY AND / OR TOW DUE TO CRASH,Y,,N,"OVER $1,500",07/19/2025 03:23:00 PM,FAILING TO YIELD RIGHT-OF-WAY,FAILING TO YIELD RIGHT-OF-WAY,668,W,LAKE ST,1214,,,,,,,2,NO INDICATION OF INJURY,0,0,0,0,0,5,0,15,7,7,41.8858002526,-87.6453975739,POINT (-87.645397573858 41.88580025257)