CRASH_RECORD_ID,CRASH_DATE_EST_I,CRASH_DATE,POSTED_SPEED_LIMIT,TRAFFIC_CONTROL_DEVICE,DEVICE_CONDITION,WEATHER_CONDITION,LIGHTING_CONDITION,FIRST_CRASH_TYPE,TRAFFICWAY_TYPE,LANE_CNT,ALIGNMENT,ROADWAY_SURFACE_COND,ROAD_DEFECT,REPORT_TYPE,CRASH_TYPE,INTERSECTION_RELATED_I,NOT_RIGHT_OF_WAY_I,HIT_AND_RUN_I,DAMAGE,DATE_POLICE_NOTIFIED,PRIM_CONTRIBUTORY_CAUSE,SEC_CONTRIBUTORY_CAUSE,STREET_NO,STREET_DIRECTION,STREET_NAME,BEAT_OF_OCCURRENCE,PHOTOS_TAKEN_I,STATEMENTS_TAKEN_I,DOORING_I,WORK_ZONE_I,WORK_ZONE_TYPE,WORKERS_PRESENT_I,NUM_UNITS,MOST_SEVERE_INJURY,INJURIES_TOTAL,INJURIES_FATAL,INJURIES_INCAPACITATING,INJURIES_NON_INCAPACITATING,INJURIES_REPORTED_NOT_EVIDENT,INJURIES_NO_INDICATION,INJURIES_UNKNOWN,CRASH_HOUR,CRASH_DAY_OF_WEEK,CRASH_MONTH,LATITUDE,LONGITUDE,LOCATION
b4282327247537e50908acb6ba7611f4748913540adf91c14609d2fe8d9b9d228d2afaec1b942fd37269bedd5b59b0fdb71f5d6d7a88c0d107c11e46ef3e3486,,07/19/2025 03:12:00 PM,10,NO CONTROLS,NO CONTROLS,CLEAR,DAYLIGHT,PARKED MOTOR VEHICLE,PARKING LOT,,STRAIGHT AND LEVEL,UNKNOWN,UNKNOWN,NOT ON SCENE (DESK REPORT),NO INJURY / DRIVE AWAY,,Y,,"OVER $1,500",07/19/2025 04:25:00 PM,IMPROPER BACKING,IMPROPER BACKING,1426,W,BIRCHWOOD AVE,2422,,,,,,,2,NO INDICATION OF INJURY,0,0,0,0,0,1,0,15,7,7,42.0182985141,-87.6668581751,POINT (-87.666858175136 42.018298514062)
1cac133e3528b535cc85abf51272bd87bbf5395ec3a937e493f0545f2f4affa38e867c7d98669cb2d946860a19c72edfaf1324abbb4db7cc6095c48b3b6f6b4e,,07/19/2025 03:10:00 PM,30,TRAFFIC SIGNAL,UNKNOWN,CLEAR,DAYLIGHT,REAR END,ONE-WAY,,STRAIGHT AND LEVEL,UNKNOWN,UNKNOWN,NOT ON SCENE (DESK REPORT),NO INJURY / DRIVE AWAY,,,,"OVER $1,500",07/19/2025 05:15:00 PM,UNABLE TO DETERMINE,UNABLE TO DETERMINE,4400,S,ASHLAND AVE,924,,,,,,,2,NO INDICATION OF INJURY,0,0,0,0,0,2,0,15,7,7,41.8139663271,-87.6652539287,POINT (-87.665253928687 41.813966327139)
4d189b984ff78ae7a3e609507c7706b3c6fb1b4b1f542acc66bb911d8eae701f99451812b57aa4efe6044884e09e364e0991d4c8b7708d7005d331b6ea652f57,,07/19/2025 03:10:00 PM,30,NO CONTROLS,NO CONTROLS,CLEAR,UNKNOWN,SIDESWIPE SAME DIRECTION,NOT DIVIDED,,STRAIGHT AND LEVEL,UNKNOWN,UNKNOWN,NOT ON SCENE (DESK REPORT),NO INJURY / DRIVE AWAY,,,,"OVER $1,500",07/20/2025 06:10:00 PM,FAILING TO YIELD RIGHT-OF-WAY,DRIVING SKILLS/KNOWLEDGE/EXPERIENCE,7900,S,KIMBARK AVE,411,,,,,,,2,NO INDICATION OF INJURY,0,0,0,0,0,2,0,15,7,7,41.751320674,-87.5931965862,POINT (-87.593196586156 41.751320673973)
9ddb82a79ed9d1a53aa903e0424425d878667ca7cd68ea218691510b989ca9f11e80cd56288df3c78862aa6059375701a39a696d5fbd128f4f1b8ccbc9bfa7b3,,07/19/2025 03:05:00 PM,35,NO CONTROLS,NO CONTROLS,UNKNOWN,DAYLIGHT,PEDALCYCLIST,NOT DIVIDED,,STRAIGHT AND LEVEL,UNKNOWN,UNKNOWN,,INJURY AND / OR TOW DUE TO CRASH,Y,,,"OVER $1,500",07/19/2025 03:06:00 PM,UNABLE TO DETERMINE,UNABLE TO DETERMINE,330,E,37TH ST,212,,,,,,,2,NONINCAPACITATING INJURY,1,0,0,1,0,2,0,15,7,7,41.8275686093,-87.6180102755,POINT (-87.618010275457 41.827568609331)
3728fced76b9976feb0846be79d8be4ce805f63e136ddc5f25b4aa34671265467abe511a7520dbce1bef10c524965bfc70a86496c088ecd33a09d06d91e71963,,07/19/2025 03:00:00 PM,30,UNKNOWN,UNKNOWN,UNKNOWN,UNKNOWN,PARKED MOTOR VEHICLE,PARKING LOT,,STRAIGHT AND LEVEL,UNKNOWN,UNKNOWN,NOT ON SCENE (DESK REPORT),NO INJURY / DRIVE AWAY,,,Y,"$501 - $1,500",07/19/2025 05:50:00 PM,UNABLE TO DETERMINE,UNABLE TO DETERMINE,900,N,MICHIGAN AVE,1833,,,,,,,2,NO INDICATION OF INJURY,0,0,0,0,0,1,0,15,7,7,41.899248597,-87.6242749782,POINT (-87.624274978205 41.899248597036)
4890c3e3f69bc314abf862fdae372d8305a96fe6672d326bc589b7d20421425207ca40378172ff252ee6770f002e6dde5daeaad06e92138b09cf4b1b1456cc83,,07/19/2025 03:00:00 PM,30,NO CONTROLS,NO CONTROLS,CLEAR,DAYLIGHT,REAR TO SIDE,PARKING LOT,,STRAIGHT AND LEVEL,DRY,NO DEFECTS,NOT ON SCENE (DESK REPORT),NO INJURY / DRIVE AWAY,,,,"OVER $1,500",07/19/2025 08:22:00 PM,IMPROPER BACKING,IMPROPER BACKING,7601,S,CICERO AVE,833,,,,,,,2,NO INDICATION OF INJURY,0,0,0,0,0,2,0,15,7,7,41.7546601244,-87.7413847586,POINT (-87.741384758605 41.754660124394)
7b2f42eab37c4c2c632b5434e6619ef7bbfde0f05717f6d36a19e3948ef8630dde8c6c4cf0c7f3a79c19b257ea06254b1c2aa06d5ade783fe139e0453ce012d6,,07/19/2025 02:50:00 PM,30,TRAFFIC SIGNAL,FUNCTIONING PROPERLY,CLEAR,DAYLIGHT,SIDESWIPE SAME DIRECTION,DIVIDED - W/MEDIAN (NOT RAISED),,STRAIGHT AND LEVEL,DRY,NO DEFECTS,NOT ON SCENE (DESK REPORT),NO INJURY / DRIVE AWAY,,,,"OVER $1,500",07/19/2025 03:30:00 PM,UNABLE TO DETERMINE,UNABLE TO DETERMINE,4025,N,KEELER AVE,1722,,,,,,,2,NO INDICATION OF INJURY,0,0,0,0,0,2,0,14,7,7,41.95427949,-87.732346287,POINT (-87.732346286999 41.954279489974)
d96ef4e7d9b3c125af1eb2a9f19d8d27be171ea828d99ce33209fb077a8fd55deb22f627dc64325f3dfd382601e6603e054f13d6988f674857fabadab8a51ab8,,07/19/2025 02:45:00 PM,30,NO CONTROLS,NO CONTROLS,CLEAR,DAYLIGHT,ANGLE,ONE-WAY,,STRAIGHT AND LEVEL,DRY,NO DEFECTS,NOT ON SCENE (DESK REPORT),NO INJURY / DRIVE AWAY,,,,"OVER $1,500",07/20/2025 12:50:00 PM,FAILING TO YIELD RIGHT-OF-WAY,NOT APPLICABLE,2400,S,DR MARTIN LUTHER KING JR DR,132,,,,,,,2,NO INDICATION OF INJURY,0,0,0,0,0,2,0,14,7,7,41.8492375821,-87.6185348032,POINT (-87.618534803247 41.849237582099)
3ef414dc3fb156d13716eee55127924a6c8d6ebaa4ea94fa9684c65be2879545579a67ee05234e9c1acf48079b3ba0bfbbfe542c21966891f17bbcd7f2f6e402,,07/19/2025 02:42:00 PM,30,TRAFFIC SIGNAL,FUNCTIONING PROPERLY,CLEAR,DAYLIGHT,REAR END,DIVIDED - W/MEDIAN (NOT RAISED),,STRAIGHT AND LEVEL,WET,UNKNOWN,ON SCENE,INJURY AND / OR TOW DUE TO CRASH,,,Y,$500 OR LESS,07/19/2025 02:44:00 PM,FOLLOWING TOO CLOSELY,NOT APPLICABLE,4230,N,CICERO AVE,1624,,,,,,,3,"REPORTED, NOT EVIDENT",1,0,0,0,1,6,0,14,7,7,41.9579339331,-87.7475916776,POINT (-87.74759167756 41.957933933069)
fbda6cea696a1b1c7ee0d7bb2fcce468a992c97f09a84b01805c525971f35267d086f6f619402888b0517db633983a1c180066c9b3b645a9b43c0ae077371600,,07/19/2025 02:40:00 PM,30,NO CONTROLS,NO CONTROLS,CLEAR,DAYLIGHT,REAR END,NOT DIVIDED,,STRAIGHT AND LEVEL,DRY,NO DEFECTS,NOT ON SCENE (DESK REPORT),NO INJURY / DRIVE AWAY,,,,$500 OR LESS,07/19/2025 03:20:00 PM,IMPROPER BACKING,NOT APPLICABLE,1240,S,UNION AVE,1232,,,,,,,2,NO INDICATION OF INJURY,0,0,0,0,0,3,0,14,7,7,41.866049488,-87.6452248899,POINT (-87.645224889878 41.86604948795)
2d249a681dba8e779634b8b21e6e9519e0f386dc71b000077f008f89ebff145550a01c3ec0445661602e23b31b08a65666e27eb90d28c009f6219e24a3a2165c,,07/19/2025 02:35:00 PM,20,NO CONTROLS,NO CONTROLS,CLEAR,DAYLIGHT,ANGLE,ONE-WAY,,STRAIGHT AND LEVEL,DRY,NO DEFECTS,NOT ON SCENE (DESK REPORT),NO INJURY / DRIVE AWAY,,,,"OVER $1,500",07/19/2025 05:25:00 PM,FAILING TO YIELD RIGHT-OF-WAY,FAILING TO YIELD RIGHT-OF-WAY,608,N,ADA ST,1215,,,,,,,2,NO INDICATION OF INJURY,0,0,0,0,0,2,0,14,7,7,41.892811229,-87.6609701641,POINT (-87.660970164147 41.892811229003)
e41e9b5bd2a250fe038251f10f7226eb3d85ea081ef9d0fb48c7469c5ed1e79d3907c3e13f13a17279de537f3e772f2134111710cd4c0a842cc37c81382ae803,,07/19/2025 02:35:00 PM,30,UNKNOWN,UNKNOWN,CLEAR,DAYLIGHT,SIDESWIPE SAME DIRECTION,NOT DIVIDED,,STRAIGHT AND LEVEL,UNKNOWN,UNKNOWN,NOT ON SCENE (DESK REPORT),NO INJURY / DRIVE AWAY,,,,"OVER $1,500",07/19/2025 03:50:00 PM,UNABLE TO DETERMINE,UNABLE TO DETERMINE,60,E,SUPERIOR ST,1833,,,,,,,2,NO INDICATION OF INJURY,0,0,0,0,0,2,0,14,7,7,41.8958263727,-87.6258105835,POINT (-87.625810583484 41.895826372695)
c8b2d698c2816549cd30580f59216c326d35b8ffdeec758e7818046b40f495cf6ac692d43431a25b9dfba1ba83fd234909858cabdb7c7a0dd7df961846f69198,Y,07/19/2025 02:30:00 PM,30,NO CONTROLS,NO CONTROLS,CLEAR,DAYLIGHT,SIDESWIPE SAME DIRECTION,OTHER,,STRAIGHT AND LEVEL,WET,UNKNOWN,NOT ON SCENE (DESK REPORT),NO INJURY / DRIVE AWAY,,,,"OVER $1,500",07/19/2025 03:30:00 PM,ROAD ENGINEERING/SURFACE/MARKING DEFECTS,NOT APPLICABLE,209,N,LAKE SHORE DR NB,114,,,,,,,2,NO INDICATION OF INJURY,0,0,0,0,0,2,0,14,7,7,41.8856629713,-87.613486509,POINT (-87.613486509022 41.885662971278)
b4126b1bcdbf19e9858b503def5aa2ac2281be5df6e8edc52114f868c83f91e702a23d3870b88f8477c53bfd362babfbe8b22dbcf0a8436bfa48e9b2051eea9c,,07/19/2025 02:29:00 PM,30,NO CONTROLS,NO CONTROLS,CLEAR,DAYLIGHT,FIXED OBJECT,ALLEY,,STRAIGHT AND LEVEL,DRY,NO DEFECTS,ON SCENE,INJURY AND / OR TOW DUE TO CRASH,,N,,"OVER $1,500",07/19/2025 02:29:00 PM,UNABLE TO DETERMINE,UNABLE TO DETERMINE,7449,S,ROCKWELL ST,835,,,,,,,1,,,,,,,,,14,7,7,41.7576684718,-87.6877917183,POINT (-87.687791718278 41.757668471848)
7b4daed542e54dfbb5afdab0d00933232d969a05871b75f7824ac3c07aae297d98184cfdecb2f4da621dc49f8daa1704df07269288791d9339cbc3c81eae809b,,07/19/2025 02:19:00 PM,30,TRAFFIC SIGNAL,FUNCTIONING PROPERLY,CLEAR,DAYLIGHT,SIDESWIPE SAME DIRECTION,DIVIDED - W/MEDIAN (NOT RAISED),,STRAIGHT AND LEVEL,DRY,NO DEFECTS,NOT ON SCENE (DESK REPORT),NO INJURY / DRIVE AWAY,Y,,,"OVER $1,500",07/20/2025 08:00:00 PM,UNABLE TO DETERMINE,NOT APPLICABLE,3508,W,ADDISON ST,1732,,,,,,,2,NO INDICATION OF INJURY,0,0,0,0,0,2,0,14,7,7,41.9466348963,-87.7155657883,POINT (-87.715565788328 41.946634896333)
99a762ef3efbd2d3b49ffc411676bc0f6750ff09cff56d4b480dd653aca029420169e2a3e57d87d2ce6f70be6a1ca035327d44512822649378785c8f4c5c4967,,07/19/2025 02:16:00 PM,35,NO CONTROLS,NO CONTROLS,CLEAR,DAYLIGHT,PARKED MOTOR VEHICLE,NOT DIVIDED,,STRAIGHT AND LEVEL,DRY,NO DEFECTS,ON SCENE,INJURY AND / OR TOW DUE TO CRASH,,,,"OVER $1,500",07/19/2025 02:19:00 PM,"OPERATING VEHICLE IN ERRATIC, RECKLESS, CARELESS, NEGLIGENT OR AGGRESSIVE MANNER",IMPROPER LANE USAGE,329,W,103RD ST,512,,,,,,,2,INCAPACITATING INJURY,1,0,1,0,0,1,0,14,7,7,41.7069476508,-87.6319073916,POINT (-87.631907391566 41.706947650835)
eae69f4e56a779f8bb7cb54c3755a4b9cadaa870edb7d9a46767fb7b41a686f55a8402fe21755098ad4d4fabe148315f3576ae01bacce4386c79eb30131eeca5,,07/19/2025 02:15:00 PM,35,UNKNOWN,UNKNOWN,CLEAR,DAYLIGHT,PARKED MOTOR VEHICLE,ONE-WAY,,STRAIGHT AND LEVEL,UNKNOWN,UNKNOWN,ON SCENE,INJURY AND / OR TOW DUE TO CRASH,,,,"OVER $1,500",07/19/2025 03:20:00 PM,UNABLE TO DETERMINE,NOT APPLICABLE,6627,S,MOZART ST,831,,,,,,,3,NO INDICATION OF INJURY,0,0,0,0,0,1,0,14,7,7,41.7728045383,-87.6943068463,POINT (-87.694306846269 41.772804538271)
c8815a9a5d2de05b454ee957f9103c866930d1fc03f38648d84455d502af6a2c25222d0719716855780b35f8864c9e2f30ab657b0ba86403fbf793105c66f1ad,,07/19/2025 02:13:00 PM,30,TRAFFIC SIGNAL,FUNCTIONING PROPERLY,CLEAR,DAYLIGHT,REAR END,T-INTERSECTION,,STRAIGHT AND LEVEL,DRY,NO DEFECTS,ON SCENE,NO INJURY / DRIVE AWAY,Y,,,"OVER $1,500",07/19/2025 02:47:00 PM,DISTRACTION - FROM INSIDE VEHICLE,NOT APPLICABLE,2901,S,MICHIGAN AVE,133,,Y,,,,,2,NO INDICATION OF INJURY,0,0,0,0,0,2,0,14,7,7,41.8419668167,-87.6231504819,POINT (-87.623150481874 41.841966816722)
dd6c4e0bf222a1547501c3a15fcd8f3ad7f3f947942dd9f41aee00d98a25a4581a31865182b975404bba544bb361ba42d15e8714be1a03836fcb8b4a6c515609,,07/19/2025 02:07:00 PM,30,NO CONTROLS,NO CONTROLS,CLEAR,DAYLIGHT,PARKED MOTOR VEHICLE,NOT DIVIDED,,STRAIGHT AND LEVEL,DRY,NO DEFECTS,ON SCENE,NO INJURY / DRIVE AWAY,,,,"OVER $1,500",07/19/2025 02:07:00 PM,UNABLE TO DETERMINE,UNABLE TO DETERMINE,4621,N,WESTERN AVE,1911,,,,,,,2,NO INDICATION OF INJURY,0,0,0,0,0,1,0,14,7,7,41.9655667113,-87.6886621702,POINT (-87.688662170193 41.965566711283)
f162d06350247815ca806b6e5d4a25e9a99b02bc14e92452ab52b6ae7fffb59a0b8cb79ea2a257f6b2fd2901348818684895bc9112c0305c234c573e8a99a2fb,,07/19/2025 02:07:00 PM,30,TRAFFIC SIGNAL,FUNCTIONING PROPERLY,CLEAR,DAYLIGHT,REAR TO FRONT,FOUR WAY,,STRAIGHT AND LEVEL,DRY,NO DEFECTS,ON SCENE,INJURY AND / OR TOW DUE TO CRASH,Y,,,"$501 - $1,500",07/19/2025 02:30:00 PM,UNABLE TO DETERMINE,UNABLE TO DETERMINE,3900,S,ARCHER AVE,921,,,,,,,2,"REPORTED, NOT EVIDENT",1,0,0,0,1,2,0,14,7,7,41.8229096789,-87.6900973342,POINT (-87.690097334163 41.822909678928)
69134add6f8c53ccef8e768742971855acb5539c2250f4c574e61fb5584ba74780feb5ca1440fb661c3ed0705d7ed17e22991f28fe9f04e90fb0f730baa9080c,,07/19/2025 02:00:00 PM,30,TRAFFIC SIGNAL,FUNCTIONING PROPERLY,CLEAR,DAYLIGHT,SIDESWIPE SAME DIRECTION,FOUR WAY,,STRAIGHT AND LEVEL,DRY,NO DEFECTS,NOT ON SCENE (DESK REPORT),NO INJURY / DRIVE AWAY,,,Y,"OVER $1,500",07/19/2025 03:30:00 PM,IMPROPER OVERTAKING/PASSING,NOT APPLICABLE,6456,S,DR MARTIN LUTHER KING JR DR,312,,,,,,,2,NO INDICATION OF INJURY,0,0,0,0,0,2,0,14,7,7,41.7767489131,-87.6156863511,POINT (-87.615686351083 41.776748913089)
71a2b227d4222e876d027f66abe537d0a9bed2b4348f987fb7d04ddcd88a9d62c77afb1fa3d25627ada97494a6cdd29d8ffb2aa7d3b06b7ce57d839765162930,,07/19/2025 02:00:00 PM,30,UNKNOWN,UNKNOWN,RAIN,DAYLIGHT,SIDESWIPE SAME DIRECTION,NOT DIVIDED,,STRAIGHT AND LEVEL,WET,UNKNOWN,NOT ON SCENE (DESK REPORT),NO INJURY / DRIVE AWAY,,,,"OVER $1,500",07/19/2025 02:30:00 PM,UNABLE TO DETERMINE,UNABLE TO DETERMINE,145,W,DIVISION ST,1824,,,,,,,2,NO INDICATION OF INJURY,0,0,0,0,0,2,0,14,7,7,41.9037639452,-87.6331503275,POINT (-87.63315032746 41.903763945196)
602950dd1e510abbcfa1bc93bb7578bc30c0a346613b68049da73a59860bf0dfdebb89e0e963b7769a58b6fd4771547eee53bba66b7771227d564304651340cc,,07/19/2025 01:58:00 PM,40,NO CONTROLS,NO CONTROLS,RAIN,DAYLIGHT,REAR END,DIVIDED - W/MEDIAN BARRIER,,STRAIGHT ON GRADE,WET,NO DEFECTS,ON SCENE,INJURY AND / OR TOW DUE TO CRASH,,,,"OVER $1,500",07/19/2025 02:05:00 PM,FAILING TO YIELD RIGHT-OF-WAY,FAILING TO REDUCE SPEED TO AVOID CRASH,5062,N,LAKE SHORE DR SB,2024,,,,,,,4,NONINCAPACITATING INJURY,1,0,0,1,0,3,0,13,7,7,41.9751003317,-87.6500803483,POINT (-87.650080348291 41.975100331653)
a6e86eb4430e3433156eaa2b5974538850938592185aa0dddfa475eb4b50f86d32bcaedc2bf98a43e9da30541d46acfbaa252d6278e86bf761a6ee2d35cf4edd,,07/19/2025 01:50:00 PM,30,TRAFFIC SIGNAL,FUNCTIONING PROPERLY,RAIN,DAYLIGHT,PEDALCYCLIST,FOUR WAY,,STRAIGHT AND LEVEL,WET,UNKNOWN,ON SCENE,INJURY AND / OR TOW DUE TO CRASH,Y,,,"OVER $1,500",07/19/2025 01:52:00 PM,IMPROPER TURNING/NO SIGNAL,FAILING TO YIELD RIGHT-OF-WAY,601,N,KEDZIE AVE,1221,,,,,,,2,NONINCAPACITATING INJURY,1,0,0,1,0,2,0,13,7,7,41.8919899699,-87.7063017494,POINT (-87.706301749367 41.891989969905)
a78891d5c9e331ccafde94ebc5e80e480a49953f0d1273b97a1e9c4e7015d073b6997e9b54b501585be04e43a9c689bb507d0cbe3da2e3875a383ec6009a8f54,,07/19/2025 01:50:00 PM,30,STOP SIGN/FLASHER,FUNCTIONING PROPERLY,RAIN,DAYLIGHT,REAR END,NOT DIVIDED,,STRAIGHT AND LEVEL,WET,NO DEFECTS,NOT ON SCENE (DESK REPORT),NO INJURY / DRIVE AWAY,,,,"OVER $1,500",07/19/2025 02:20:00 PM,FOLLOWING TOO CLOSELY,UNABLE TO DETERMINE,1710,N,KOSTNER AVE,2533,,,,,,,2,NO INDICATION OF INJURY,0,0,0,0,0,2,0,13,7,7,41.911946233,-87.7363210811,POINT (-87.736321081128 41.91194623298)
f13ab3aa0663431b4368734a15035f2438a7e774d759cff82818651f034123e80302651e074eaa0e2e3ad9134051428cecfca545e16dfa55104230ae3c558bde,,07/19/2025 01:50:00 PM,30,TRAFFIC SIGNAL,FUNCTIONING PROPERLY,RAIN,DAYLIGHT,FIXED OBJECT,NOT DIVIDED,,STRAIGHT AND LEVEL,WET,NO DEFECTS,ON SCENE,INJURY AND / OR TOW DUE TO CRASH,,,,"OVER $1,500",07/19/2025 01:53:00 PM,WEATHER,NOT APPLICABLE,9502,S,STONY ISLAND AVE,511,,,,,,,1,"REPORTED, NOT EVIDENT",1,0,0,0,1,0,0,13,7,7,41.7222051771,-87.5852769312,POINT (-87.585276931192 41.722205177061)
660e7b7c6f7692cf29a4f0dbc7261397fc8c52be98be4d2ce64ec5342c508356b8fd25a8289c1680a7f6a9c0deea62871fc357e70d01d294439eb4c4787b3db9,,07/19/2025 01:45:00 PM,30,NO CONTROLS,NO CONTROLS,RAIN,DAYLIGHT,TURNING,T-INTERSECTION,,STRAIGHT AND LEVEL,WET,UNKNOWN,NOT ON SCENE (DESK REPORT),NO INJURY / DRIVE AWAY,Y,,,"OVER $1,500",07/19/2025 03:35:00 PM,UNABLE TO DETERMINE,NOT APPLICABLE,1936,N,LECLAIRE AVE,2533,,,,,,,2,NO INDICATION OF INJURY,0,0,0,0,0,2,0,13,7,7,41.9161255555,-87.753037232,POINT (-87.75303723198 41.91612555548)
d2971faf06182cb0ea8ce2836be3c7e67e5eab5db416e0c718b240307551cca0af25f859b097f5a1ea1d22f489233539b8f0d52f87d041f4296e7d760ee89897,,07/19/2025 01:45:00 PM,30,TRAFFIC SIGNAL,FUNCTIONING PROPERLY,UNKNOWN,UNKNOWN,TURNING,DIVIDED - W/MEDIAN (NOT RAISED),,STRAIGHT AND LEVEL,UNKNOWN,UNKNOWN,NOT ON SCENE (DESK REPORT),NO INJURY / DRIVE AWAY,Y,,,"OVER $1,500",07/19/2025 04:00:00 PM,IMPROPER LANE USAGE,IMPROPER LANE USAGE,746,S,WESTERN AVE,1135,,,,,,,2,NO INDICATION OF INJURY,0,0,0,0,0,2,0,13,7,7,41.8716306506,-87.6863247006,POINT (-87.686324700559 41.871630650647)
e86365c9cea01037a83efa08383535583333bfb3e5016e2730ac8755ac80cef79cac98f99b68fa620fc531891dbc3ea5aac348e2ecd4ababec23b53c5630d4ad,,07/19/2025 01:41:00 PM,30,NO CONTROLS,NO CONTROLS,CLEAR,DAYLIGHT,OTHER OBJECT,T-INTERSECTION,,STRAIGHT AND LEVEL,DRY,NO DEFECTS,ON SCENE,INJURY AND / OR TOW DUE TO CRASH,Y,,,"OVER $1,500",07/19/2025 01:41:00 PM,UNABLE TO DETERMINE,UNABLE TO DETERMINE,2345,W,90TH ST,2221,,,,,,,1,NO INDICATION OF INJURY,0,0,0,0,0,2,0,13,7,7,41.7299594927,-87.6815252677,POINT (-87.68152526768 41.729959492732)
265aed1b7384557acfe867af385525f0921a21337ebdd1369d645c9bcea806aef79f08cb9f061f4fa1a3e9eca8805fa9c96ff8c2ba301cc797440c4a9c654641,,07/19/2025 01:36:00 PM,30,NO CONTROLS,NO CONTROLS,RAIN,DAYLIGHT,PARKED MOTOR VEHICLE,NOT DIVIDED,,STRAIGHT AND LEVEL,WET,UNKNOWN,NOT ON SCENE (DESK REPORT),NO INJURY / DRIVE AWAY,,,,"OVER $1,500",07/19/2025 04:54:00 PM,DISTRACTION - FROM OUTSIDE VEHICLE,DISTRACTION - FROM OUTSIDE VEHICLE,11155,S,WESTERN AVE,2212,,,,,,,2,NO INDICATION OF INJURY,0,0,0,0,0,1,0,13,7,7,41.6900717317,-87.680953628,POINT (-87.680953628047 41.690071731704)
a76c03a6cf894aa867e370c035921cf6d866921464993512c7f9ab9264a80787d2d059f3c99d89edc053caeff130541be2fee4715c5f9664b33ddbc2c20e4e2c,,07/19/2025 01:30:00 PM,30,NO CONTROLS,NO CONTROLS,RAIN,DAYLIGHT,FIXED OBJECT,DIVIDED - W/MEDIAN BARRIER,,STRAIGHT AND LEVEL,WET,UNKNOWN,NOT ON SCENE (DESK REPORT),INJURY AND / OR TOW DUE TO CRASH,,,,"OVER $1,500",07/19/2025 03:30:00 PM,WEATHER,NOT APPLICABLE,6299,S,LAKE SHORE DR,331,,,,,,,1,"REPORTED, NOT EVIDENT",1,0,0,0,1,0,0,13,7,7,,,
d132bf38170b90905e96d23aeccea4c69e363ba9fb69ffeec9dc0f27e8f69f961a925c7bcf2dd05dae6796c600f9b889c43e801b1060227b73982a9646b28e65,,07/19/2025 01:30:00 PM,30,STOP SIGN/FLASHER,FUNCTIONING PROPERLY,CLEAR,DAYLIGHT,REAR TO FRONT,ONE-WAY,,STRAIGHT AND LEVEL,WET,NO DEFECTS,NOT ON SCENE (DESK REPORT),NO INJURY / DRIVE AWAY,,,,"OVER $1,500",07/19/2025 01:45:00 PM,IMPROPER BACKING,FAILING TO REDUCE SPEED TO AVOID CRASH,3555,W,60TH ST,823,,,,,,,2,NO INDICATION OF INJURY,0,0,0,0,0,3,0,13,7,7,41.7841721641,-87.7127029074,POINT (-87.71270290743 41.784172164111)
d2d7a94deae18bc9da0ddb9a8c76dbf172fe177c79a9ea5ef16eacd704cc4a781bb9339ffb2f8e2c15879d41de2bf5033ef07f7fbcee8f05f7f48aec870ef7ae,,07/19/2025 01:30:00 PM,30,NO CONTROLS,NO CONTROLS,RAIN,DAYLIGHT,TURNING,ONE-WAY,,STRAIGHT AND LEVEL,WET,NO DEFECTS,NOT ON SCENE (DESK REPORT),NO INJURY / DRIVE AWAY,,,,"OVER $1,500",07/19/2025 02:00:00 PM,IMPROPER OVERTAKING/PASSING,NOT APPLICABLE,7548,S,CHAPPEL AVE,414,,,,,,,2,NO INDICATION OF INJURY,0,0,0,0,0,2,0,13,7,7,41.7574446351,-87.5750342113,POINT (-87.575034211322 41.757444635118)
f6834fa7fb6da81a65becd7a83d5035d607dce12839960298e30eb0673ad45e32f55544c3f7b45f8f3242352319c087b2a647ce27558c12cfcb7ca32b3a9933d,,07/19/2025 01:30:00 PM,30,TRAFFIC SIGNAL,FUNCTIONING PROPERLY,CLEAR,DAYLIGHT,REAR END,NOT DIVIDED,,STRAIGHT AND LEVEL,DRY,NO DEFECTS,NOT ON SCENE (DESK REPORT),NO INJURY / DRIVE AWAY,Y,,N,"OVER $1,500",07/19/2025 03:00:00 PM,FOLLOWING TOO CLOSELY,NOT APPLICABLE,2433,N,SACRAMENTO AVE,1414,,,,,,,4,NO INDICATION OF INJURY,0,0,0,0,0,4,0,13,7,7,41.9258449008,-87.7021957846,POINT (-87.702195784551 41.925844900819)
bf5007e4e0aba35c2988994f58e6c8e1f8e73dda0bc6cd8f07a519adaeda2846efb588b3458a1a7ba2f5f517bb633e637d4fdeb7fe69f5e9678f85aecf97af16,,07/19/2025 01:25:00 PM,30,UNKNOWN,UNKNOWN,CLEAR,DAYLIGHT,SIDESWIPE SAME DIRECTION,UNKNOWN,,STRAIGHT AND LEVEL,UNKNOWN,UNKNOWN,NOT ON SCENE (DESK REPORT),NO INJURY / DRIVE AWAY,,,Y,"OVER $1,500",07/19/2025 02:16:00 PM,NOT APPLICABLE,NOT APPLICABLE,654,N,LAKE SHORE DR,1834,,,,,,,2,NO INDICATION OF INJURY,0,0,0,0,0,2,0,13,7,7,41.894196077,-87.6154731461,POINT (-87.615473146146 41.894196076989)
49b718ba086ce7b2dea0e18793b3d9339d9a74c36b0970c6602f3a32e2717ccfd493482a65a43fa4d878aaa82df5b95fa7536c1e8fb1d68b0826887ec0f849fd,,07/19/2025 01:21:00 PM,30,NO CONTROLS,NO CONTROLS,RAIN,DAYLIGHT,PARKED MOTOR VEHICLE,NOT DIVIDED,,STRAIGHT AND LEVEL,WET,NO DEFECTS,ON SCENE,INJURY AND / OR TOW DUE TO CRASH,,,,"OVER $1,500",07/19/2025 01:22:00 PM,FAILING TO REDUCE SPEED TO AVOID CRASH,NOT APPLICABLE,1438,W,63RD ST,713,,,,,,,3,NO INDICATION OF INJURY,0,0,0,0,0,1,0,13,7,7,41.7796315359,-87.6608870173,POINT (-87.660887017333 41.779631535941)