CRASH_RECORD_ID,CRASH_DATE_EST_I,CRASH_DATE,POSTED_SPEED_LIMIT,TRAFFIC_CONTROL_DEVICE,DEVICE_CONDITION,WEATHER_CONDITION,LIGHTING_CONDITION,FIRST_CRASH_TYPE,TRAFFICWAY_TYPE,LANE_CNT,ALIGNMENT,ROADWAY_SURFACE_COND,ROAD_DEFECT,REPORT_TYPE,CRASH_TYPE,INTERSECTION_RELATED_I,NOT_RIGHT_OF_WAY_I,HIT_AND_RUN_I,DAMAGE,DATE_POLICE_NOTIFIED,PRIM_CONTRIBUTORY_CAUSE,SEC_CONTRIBUTORY_CAUSE,STREET_NO,STREET_DIRECTION,STREET_NAME,BEAT_OF_OCCURRENCE,PHOTOS_TAKEN_I,STATEMENTS_TAKEN_I,DOORING_I,WORK_ZONE_I,WORK_ZONE_TYPE,WORKERS_PRESENT_I,NUM_UNITS,MOST_SEVERE_INJURY,INJURIES_TOTAL,INJURIES_FATAL,INJURIES_INCAPACITATING,INJURIES_NON_INCAPACITATING,INJURIES_REPORTED_NOT_EVIDENT,INJURIES_NO_INDICATION,INJURIES_UNKNOWN,CRASH_HOUR,CRASH_DAY_OF_WEEK,CRASH_MONTH,LATITUDE,LONGITUDE,LOCATION
5b8259958c33844c7b3b4790b9c75ee9d0dd23138f4f1f94ce7cb27137547e0d558ecb553ebb59b1e917b245e2cf75ed46d31893b09f15b5b93d29560344b31b,,07/19/2025 01:20:00 PM,30,TRAFFIC SIGNAL,FUNCTIONING PROPERLY,CLEAR,DAYLIGHT,REAR END,DIVIDED - W/MEDIAN (NOT RAISED),,STRAIGHT AND LEVEL,DRY,NO DEFECTS,NOT ON SCENE (DESK REPORT),NO INJURY / DRIVE AWAY,,,,"OVER $1,500",07/19/2025 05:53:00 PM,UNABLE TO DETERMINE,NOT APPLICABLE,2612,S,KEDZIE AVE,1032,,,,,,,2,NO INDICATION OF INJURY,0,0,0,0,0,3,0,13,7,7,41.8440846443,-87.7051768861,POINT (-87.705176886078 41.844084644336)
9de4c9e700c4bb93e9ca93ee3cee976e7860884f928de9541b7c7ebedf5229d3a45fe4f2e95f4eb5723fd5f7cc5949c3315ce84d95d29a163a72e725fb29876b,,07/19/2025 01:20:00 PM,30,TRAFFIC SIGNAL,FUNCTIONING PROPERLY,CLEAR,DAYLIGHT,TURNING,Y-INTERSECTION,,STRAIGHT ON GRADE,DRY,NO DEFECTS,,NO INJURY / DRIVE AWAY,,,,$500 OR LESS,07/19/2025 02:10:00 PM,FOLLOWING TOO CLOSELY,NOT APPLICABLE,640,W,KINZIE ST,1214,,,,,,,2,NO INDICATION OF INJURY,0,0,0,0,0,4,0,13,7,7,41.8891440237,-87.6442628191,POINT (-87.644262819072 41.889144023674)
3f051093c1e5b7f87ed07a3a5ec58c2ddcebe6cd0ebf8942713d221537922ad752417b7201c7b3bb8afe612d18dd3dfa89a6554c60d7b4575c30f386d09fdf3a,,07/19/2025 01:15:00 PM,20,NO CONTROLS,NO CONTROLS,CLEAR,DAYLIGHT,REAR TO FRONT,ONE-WAY,,STRAIGHT AND LEVEL,DRY,NO DEFECTS,ON SCENE,NO INJURY / DRIVE AWAY,,,,"OVER $1,500",07/19/2025 01:49:00 PM,IMPROPER BACKING,DRIVING SKILLS/KNOWLEDGE/EXPERIENCE,2115,N,LOCKWOOD AVE,2515,,,,,,,2,NO INDICATION OF INJURY,0,0,0,0,0,2,0,13,7,7,41.9191149932,-87.758307719,POINT (-87.758307719046 41.919114993165)
c2d1ffd4e8fbf558d324b857bf021b6db51ba8924713f596ef43e4e366c52d8773c5b7d326ccf91d266d706dca7ea76ac05cc3dfcc8df8e9f5d730111b0485af,,07/19/2025 01:15:00 PM,30,TRAFFIC SIGNAL,UNKNOWN,CLEAR,DAYLIGHT,REAR END,ONE-WAY,,STRAIGHT AND LEVEL,DRY,UNKNOWN,NOT ON SCENE (DESK REPORT),NO INJURY / DRIVE AWAY,,,,"OVER $1,500",07/19/2025 02:40:00 PM,DRIVING SKILLS/KNOWLEDGE/EXPERIENCE,UNABLE TO DETERMINE,3100,S,DAMEN AVE,912,,,,,,,2,NO INDICATION OF INJURY,0,0,0,0,0,2,0,13,7,7,41.8375827578,-87.6755906266,POINT (-87.675590626552 41.837582757773)
f6098503221b8171fb6f8c88e3767bca9210187c16cb855980ce80bd1c31ea2e4536cb9b6e43a2a01a6f688bf5765e4a6fb3950d157548a9760b1eab750e9be9,,07/19/2025 01:15:00 PM,35,NO CONTROLS,NO CONTROLS,RAIN,DAYLIGHT,TURNING,NOT DIVIDED,,STRAIGHT AND LEVEL,WET,NO DEFECTS,ON SCENE,INJURY AND / OR TOW DUE TO CRASH,,,,"OVER $1,500",07/19/2025 01:20:00 PM,FAILING TO YIELD RIGHT-OF-WAY,NOT APPLICABLE,1568,W,111TH ST,2234,,,,,,,2,NO INDICATION OF INJURY,0,0,0,0,0,2,0,13,7,7,41.6922275971,-87.661809748,POINT (-87.661809747988 41.69222759706)
f69a192811ce76e1e6c109c90994de53197abc4c1bf008311772fcd9167ce3f19a959d0648f09dea07020a7c13144c6505544eb0a360d7e706350a5d574c4ec1,,07/19/2025 01:15:00 PM,30,TRAFFIC SIGNAL,NO CONTROLS,RAIN,DAYLIGHT,SIDESWIPE SAME DIRECTION,NOT DIVIDED,,STRAIGHT AND LEVEL,WET,NO DEFECTS,NOT ON SCENE (DESK REPORT),NO INJURY / DRIVE AWAY,Y,,Y,"OVER $1,500",07/19/2025 03:13:00 PM,IMPROPER LANE USAGE,UNABLE TO DETERMINE,6350,W,MONTROSE AVE,1622,,,,,,,2,NO INDICATION OF INJURY,0,0,0,0,0,2,0,13,7,7,41.9603334976,-87.7864090976,POINT (-87.786409097624 41.960333497624)
9406db2f1af76a4da34da72f2e4b24e28a05016de8b8ebd24599cc23bc0cef575b224603b936ac3bb134e32e5bab2fb3544538275fe7673751cdf955b6968bc4,,07/19/2025 01:10:00 PM,30,TRAFFIC SIGNAL,NO CONTROLS,RAIN,DAYLIGHT,REAR END,DIVIDED - W/MEDIAN (NOT RAISED),,STRAIGHT AND LEVEL,DRY,NO DEFECTS,ON SCENE,NO INJURY / DRIVE AWAY,,,,"OVER $1,500",07/19/2025 01:13:00 PM,FOLLOWING TOO CLOSELY,FAILING TO REDUCE SPEED TO AVOID CRASH,3001,W,LOGAN BLVD,1414,,,,,,,2,NO INDICATION OF INJURY,0,0,0,0,0,2,0,13,7,7,41.9283137304,-87.7024807515,POINT (-87.702480751522 41.928313730413)
07e0cf2c5e040dedd8282db66dbc569d825428a079c852875502a9e7c808428cfaf1bba5f4b6ef5ac0477d4fff429e0ec3cd3478baf99f29dd9755ab2331f9d1,,07/19/2025 01:00:00 PM,40,NO CONTROLS,NO CONTROLS,CLEAR,DAYLIGHT,SIDESWIPE SAME DIRECTION,DIVIDED - W/MEDIAN BARRIER,,STRAIGHT AND LEVEL,DRY,NO DEFECTS,,INJURY AND / OR TOW DUE TO CRASH,,,N,"OVER $1,500",07/20/2025 12:15:00 PM,IMPROPER LANE USAGE,UNABLE TO DETERMINE,3100,S,LAKE SHORE DR NB,211,,,,,,,2,"REPORTED, NOT EVIDENT",1,0,0,0,1,1,0,13,7,7,41.8383932992,-87.6087495204,POINT (-87.608749520406 41.838393299151)
0e801cdb7b367de7a47e10dcb904411b9bd5630bc6e90411fccd706e8cc2fd571088fdff8131f08670e672b532685f5513d4a57335febccbf85d25d8eada9cad,,07/19/2025 01:00:00 PM,30,NO CONTROLS,NO CONTROLS,CLEAR,DAYLIGHT,REAR END,DIVIDED - W/MEDIAN (NOT RAISED),,STRAIGHT AND LEVEL,DRY,NO DEFECTS,ON SCENE,NO INJURY / DRIVE AWAY,,,,"OVER $1,500",07/19/2025 01:04:00 PM,UNABLE TO DETERMINE,UNABLE TO DETERMINE,4401,S,ARCHER AVE,821,,,,,,,2,NO INDICATION OF INJURY,0,0,0,0,0,2,0,13,7,7,41.8132718962,-87.7053470272,POINT (-87.705347027158 41.81327189615)
8df843689e7ed912640b7c3dd4f59e06f70301e21e46683528817e753db6589a4df13a9fbdc116a6ed914317aae9f1980cca233f5e413d9a697aa449af5f251e,,07/19/2025 01:00:00 PM,25,NO CONTROLS,NO CONTROLS,CLOUDY/OVERCAST,DAYLIGHT,PARKED MOTOR VEHICLE,ONE-WAY,,STRAIGHT AND LEVEL,WET,NO DEFECTS,ON SCENE,NO INJURY / DRIVE AWAY,,,,"OVER $1,500",07/19/2025 01:17:00 PM,UNABLE TO DETERMINE,NOT APPLICABLE,3811,W,LEXINGTON ST,1133,,,,,,,2,NO INDICATION OF INJURY,0,0,0,0,0,4,0,13,7,7,41.8715745371,-87.7208097091,POINT (-87.720809709089 41.87157453714)
bf0acb64a0aa8a9d0d25d927519130f047e78858862ba04c8a4142816d5497fbbdb2a97cec19bca29dd2a44814759ffa7a7fc479dbfdc2fbfa4f4f839b47b77d,,07/19/2025 01:00:00 PM,10,NO CONTROLS,NO CONTROLS,CLEAR,DAYLIGHT,PARKED MOTOR VEHICLE,PARKING LOT,,STRAIGHT AND LEVEL,DRY,NO DEFECTS,NOT ON SCENE (DESK REPORT),NO INJURY / DRIVE AWAY,,Y,Y,"OVER $1,500",07/20/2025 10:30:00 AM,UNABLE TO DETERMINE,NOT APPLICABLE,1350,S,CLINTON ST,124,,,,,,,2,NO INDICATION OF INJURY,0,0,0,0,0,1,0,13,7,7,41.8641902013,-87.6407683911,POINT (-87.640768391054 41.864190201255)
e9451f48bc22781ab05a4517a0c5ac7160173d28cc1923bbc1148c444dccdbb342618d80e9944de6efc144a13ab1a50db52aee653a66ac06bd8963386eaae717,,07/19/2025 01:00:00 PM,30,TRAFFIC SIGNAL,FUNCTIONING PROPERLY,UNKNOWN,UNKNOWN,SIDESWIPE SAME DIRECTION,OTHER,,STRAIGHT AND LEVEL,UNKNOWN,UNKNOWN,NOT ON SCENE (DESK REPORT),NO INJURY / DRIVE AWAY,,,,"OVER $1,500",07/19/2025 09:00:00 PM,IMPROPER OVERTAKING/PASSING,UNABLE TO DETERMINE,601,N,ORLEANS ST,1831,,,,,,,2,NO INDICATION OF INJURY,0,0,0,0,0,2,0,13,7,7,41.8924152017,-87.6369089289,POINT (-87.636908928924 41.892415201721)
dd88be4581b11d1e596a017b0eac274a9d133b0f70ff971871eb6603c6779a85f8fc996fe33372986ffb839ba06dd9edb2e1650d93039cc9b2a2dfa47c145520,,07/19/2025 12:54:00 PM,30,TRAFFIC SIGNAL,FUNCTIONING PROPERLY,RAIN,DAYLIGHT,REAR END,NOT DIVIDED,,STRAIGHT AND LEVEL,WET,UNKNOWN,ON SCENE,INJURY AND / OR TOW DUE TO CRASH,Y,,,"OVER $1,500",07/19/2025 12:54:00 PM,FAILING TO REDUCE SPEED TO AVOID CRASH,NOT APPLICABLE,3600,W,CHICAGO AVE,1112,,,,,,,3,NONINCAPACITATING INJURY,3,0,0,3,0,3,0,12,7,7,41.8955700101,-87.7163770693,POINT (-87.716377069262 41.895570010057)
74166fc6d81d0067efdf48ad541b80d842dce3b096e31791ca192ffa9fec8604d9bd5e07b3dd0d1002bae87d56cc52efd31eb40e1b102e5cbc3eff77a09a644b,,07/19/2025 12:50:00 PM,30,TRAFFIC SIGNAL,FUNCTIONING PROPERLY,CLEAR,DAYLIGHT,REAR END,NOT DIVIDED,,STRAIGHT AND LEVEL,DRY,NO DEFECTS,NOT ON SCENE (DESK REPORT),NO INJURY / DRIVE AWAY,,,,"OVER $1,500",07/21/2025 03:30:00 PM,UNABLE TO DETERMINE,UNABLE TO DETERMINE,1330,W,NORTH AVE,1433,,,,,,,2,NO INDICATION OF INJURY,0,0,0,0,0,2,0,12,7,7,41.910823111,-87.6616651321,POINT (-87.661665132098 41.910823111013)
980a1fde0f61099dd94975e19ca3a854b7275d9be9efeb100db562226011ddf69fcb6f291dc181809857760b00d7731b9477b034cdfc7674771b2d7d8bd780f4,,07/19/2025 12:45:00 PM,30,NO CONTROLS,NO CONTROLS,RAIN,DAYLIGHT,PARKED MOTOR VEHICLE,DIVIDED - W/MEDIAN (NOT RAISED),,STRAIGHT AND LEVEL,WET,NO DEFECTS,NOT ON SCENE (DESK REPORT),NO INJURY / DRIVE AWAY,,,,"OVER $1,500",07/19/2025 01:05:00 PM,IMPROPER OVERTAKING/PASSING,IMPROPER OVERTAKING/PASSING,7900,S,MORGAN ST,612,,,,,,,2,NO INDICATION OF INJURY,0,0,0,0,0,1,0,12,7,7,41.7504751929,-87.64903192,POINT (-87.649031919951 41.750475192888)
a254cb11b61a5a7d3e0e9a9a2a933a452eae365ce92fddc51fe1e9afcd035bc29c705f8be4a6b3b0432da459fdb29378b81b8ee759742aff44a113be681879c6,,07/19/2025 12:45:00 PM,30,TRAFFIC SIGNAL,FUNCTIONING PROPERLY,RAIN,DAYLIGHT,REAR END,DIVIDED - W/MEDIAN (NOT RAISED),,STRAIGHT AND LEVEL,WET,NO DEFECTS,ON SCENE,NO INJURY / DRIVE AWAY,Y,,,"OVER $1,500",07/19/2025 12:46:00 PM,FOLLOWING TOO CLOSELY,WEATHER,307,W,83RD ST,622,,,,,,,2,NO INDICATION OF INJURY,0,0,0,0,0,2,0,12,7,7,41.7434301672,-87.6319378092,POINT (-87.631937809219 41.743430167153)
75970a15cbd00dbf7fdc05df3a18bb7362ef377ad8bbaa15c9bd4e066e54b66a5c5dc17024fcaf36dac47b9220ab97da525d665647a93fb0f8e04ab93c4e60e3,,07/19/2025 12:39:00 PM,30,NO CONTROLS,NO CONTROLS,RAIN,DAYLIGHT,SIDESWIPE SAME DIRECTION,FOUR WAY,,STRAIGHT AND LEVEL,WET,NO DEFECTS,ON SCENE,NO INJURY / DRIVE AWAY,,,,"OVER $1,500",07/19/2025 12:39:00 PM,IMPROPER OVERTAKING/PASSING,DRIVING SKILLS/KNOWLEDGE/EXPERIENCE,3553,W,PETERSON AVE,1711,,,,,,,2,NO INDICATION OF INJURY,0,0,0,0,0,3,0,12,7,7,41.9901557838,-87.7186293848,POINT (-87.718629384792 41.990155783805)
29eeb1fb224a905e6c3198a6eb90ebd2e60379c29232d534c440a2a1e049a5e847742df32f7cf2bb478c9b01e8a19440404795a634774f2b8a5338887334f7f4,,07/19/2025 12:35:00 PM,10,NO CONTROLS,NO CONTROLS,RAIN,DAYLIGHT,REAR TO REAR,PARKING LOT,,STRAIGHT AND LEVEL,WET,UNKNOWN,NOT ON SCENE (DESK REPORT),NO INJURY / DRIVE AWAY,,,Y,"OVER $1,500",07/19/2025 01:00:00 PM,IMPROPER BACKING,IMPROPER BACKING,4920,N,PULASKI RD,1712,,,,,,,2,NO INDICATION OF INJURY,0,0,0,0,0,2,0,12,7,7,41.9707172058,-87.7282463943,POINT (-87.72824639432 41.970717205759)
6865059acad5eb98d7ec1e6406e0199493d73081ad5c5d93fc2f4e9c07851d2a1df64a93b87297701c98edc0604b79b406db052e040aa3c04bc36c4c6e74934f,,07/19/2025 12:35:00 PM,25,STOP SIGN/FLASHER,FUNCTIONING PROPERLY,RAIN,DAYLIGHT,PEDALCYCLIST,FOUR WAY,,STRAIGHT AND LEVEL,WET,NO DEFECTS,,INJURY AND / OR TOW DUE TO CRASH,,,Y,"OVER $1,500",07/19/2025 12:41:00 PM,UNABLE TO DETERMINE,NOT APPLICABLE,829,W,RANDOLPH ST,1224,,,,,,,2,NONINCAPACITATING INJURY,1,0,0,1,0,1,0,12,7,7,41.8842792889,-87.6485417803,POINT (-87.648541780275 41.884279288855)
eb0468654e3d411485c8404ff9af62b8b702f92afc3ed0e73971ed7c1906c5ef0499855ce44cc6afd351713e2a50b239047bed3999e3c6a57ddcfdd778537e71,,07/19/2025 12:35:00 PM,30,NO CONTROLS,NO CONTROLS,RAIN,DAYLIGHT,PARKED MOTOR VEHICLE,NOT DIVIDED,,STRAIGHT AND LEVEL,WET,NO DEFECTS,ON SCENE,INJURY AND / OR TOW DUE TO CRASH,,,,"OVER $1,500",07/19/2025 12:36:00 PM,UNABLE TO DETERMINE,NOT APPLICABLE,4328,S,WESTERN AVE,922,,,,,,,2,NO INDICATION OF INJURY,0,0,0,0,0,1,0,12,7,7,41.814815533,-87.6847495508,POINT (-87.684749550819 41.814815532974)
b71fe8e6b7a17b00427a1dceea9c1fbdc212a3a785144f77c4f46441bed432fb3d95a5ff17a0188e50461a94dd80563b56e1c6faac4492b1ffae49c2fc1f0a0c,,07/19/2025 12:30:00 PM,25,STOP SIGN/FLASHER,NO CONTROLS,CLEAR,DAYLIGHT,ANGLE,FOUR WAY,,STRAIGHT AND LEVEL,DRY,NO DEFECTS,NOT ON SCENE (DESK REPORT),NO INJURY / DRIVE AWAY,,,Y,"OVER $1,500",07/25/2025 01:03:00 PM,FAILING TO YIELD RIGHT-OF-WAY,NOT APPLICABLE,3131,W,GRACE ST,1733,,,,,,,2,NO INDICATION OF INJURY,0,0,0,0,0,2,0,12,7,7,41.9501769515,-87.7067549436,POINT (-87.706754943644 41.950176951467)
2dbb2a8cc348777a74a65505017c152aca05977d0662e9c149023531bc34db15273a2b13118aa2afe54677a9372f68270f57c5d1baa9da436c7a2c478b79a7b6,,07/19/2025 12:26:00 PM,15,NO CONTROLS,NO CONTROLS,RAIN,DAYLIGHT,PARKED MOTOR VEHICLE,PARKING LOT,,STRAIGHT AND LEVEL,WET,NO DEFECTS,NOT ON SCENE (DESK REPORT),NO INJURY / DRIVE AWAY,,,Y,"OVER $1,500",07/19/2025 02:10:00 PM,UNABLE TO DETERMINE,NOT APPLICABLE,3311,W,26TH ST,1032,,,,,,,2,NO INDICATION OF INJURY,0,0,0,0,0,1,0,12,7,7,41.8443667287,-87.7078980538,POINT (-87.707898053784 41.844366728746)
912265157d9f4dc906714a27c81be7dbdad4a42e5ab4ab8d1af384aed29a823a5235a156d41222a40f493e4fb8f4d3ee9ac17244af0616efcb1774e961b384a7,,07/19/2025 12:25:00 PM,30,NO CONTROLS,NO CONTROLS,CLEAR,DAYLIGHT,PEDALCYCLIST,NOT DIVIDED,,STRAIGHT AND LEVEL,WET,NO DEFECTS,NOT ON SCENE (DESK REPORT),INJURY AND / OR TOW DUE TO CRASH,,,,$500 OR LESS,07/19/2025 03:00:00 PM,BICYCLE ADVANCING LEGALLY ON RED LIGHT,UNABLE TO DETERMINE,750,W,RANDOLPH ST,1224,,,Y,,,,2,NONINCAPACITATING INJURY,1,0,0,1,0,0,0,12,7,7,41.884516857,-87.647390682,POINT (-87.647390681951 41.884516857046)
a35f8b5114059a35a864777f47a0f671ba3f3f745e1ed0e8d883c19fbb8b4211a014fc332903d275163073cab8e3943bd494f53b029b0d41b2451441d4990e12,Y,07/19/2025 12:22:00 PM,30,NO CONTROLS,NO CONTROLS,RAIN,DAYLIGHT,TURNING,T-INTERSECTION,,STRAIGHT AND LEVEL,WET,UNKNOWN,ON SCENE,NO INJURY / DRIVE AWAY,Y,,,"OVER $1,500",07/19/2025 12:32:00 PM,IMPROPER LANE USAGE,NOT APPLICABLE,6300,N,MINNEHAHA AVE,1621,,,,,,,2,NO INDICATION OF INJURY,0,0,0,0,0,3,0,12,7,7,41.9959300284,-87.7635302488,POINT (-87.763530248765 41.995930028383)
6fa5f513c8c0e97c841ead53de4fdb4a850bab091bc638e2d4a1278a695c957edad658c7a9b999b22faabf586176da0df9737983c079605047a25905fe52f5e1,,07/19/2025 12:20:00 PM,25,NO CONTROLS,NO CONTROLS,RAIN,DAYLIGHT,SIDESWIPE SAME DIRECTION,DIVIDED - W/MEDIAN (NOT RAISED),,STRAIGHT AND LEVEL,WET,UNKNOWN,NOT ON SCENE (DESK REPORT),NO INJURY / DRIVE AWAY,,,,"OVER $1,500",07/19/2025 02:38:00 PM,FAILING TO YIELD RIGHT-OF-WAY,NOT APPLICABLE,280,E,CHESTNUT ST,1833,,,,,,,2,NO INDICATION OF INJURY,0,0,0,0,0,2,0,12,7,7,41.8985769515,-87.618682588,POINT (-87.618682588003 41.8985769515)
81458bbb6c9ef05835bb7d5d03f5534d02653732f5dccc203a7dfb7fd2819b2dd7ab8920f385c5b9271bd7ce78d8d83d371a2c339c429b7013b30d871be03321,,07/19/2025 12:20:00 PM,30,NO CONTROLS,NO CONTROLS,RAIN,DAYLIGHT,REAR END,NOT DIVIDED,,STRAIGHT AND LEVEL,WET,NO DEFECTS,ON SCENE,INJURY AND / OR TOW DUE TO CRASH,,,,"OVER $1,500",07/19/2025 12:25:00 PM,UNABLE TO DETERMINE,UNABLE TO DETERMINE,3428,W,25TH ST,1024,,,,,,,3,"REPORTED, NOT EVIDENT",1,0,0,0,1,3,0,12,7,7,41.8463621757,-87.7111224567,POINT (-87.711122456749 41.846362175684)
e4f967b9ac13edd819c983b349a600c79daae466b64acd9aafd6279947ac2dd2f1603a03690343f599c08da2c9c3e80901fbabc57bc0fa8fa4ae70f583564d06,,07/19/2025 12:19:00 PM,30,NO CONTROLS,NO CONTROLS,CLEAR,DAYLIGHT,REAR END,NOT DIVIDED,,STRAIGHT AND LEVEL,DRY,NO DEFECTS,NOT ON SCENE (DESK REPORT),NO INJURY / DRIVE AWAY,,,,"$501 - $1,500",07/28/2025 08:50:00 AM,UNABLE TO DETERMINE,NOT APPLICABLE,1100,N,CALIFORNIA AVE,1211,,,,,,,2,NO INDICATION OF INJURY,0,0,0,0,0,2,0,12,7,7,41.9011500005,-87.6969838016,POINT (-87.696983801581 41.901150000472)
1782bb356350c56107022b8a689b4ffaa5be4ab0ea404ecaa9e6eb3fce600113b822db661d30b9bdc8b4d4794bf4e3000252908c746c1f36b2e9a4fcf3914fb9,,07/19/2025 12:15:00 PM,30,TRAFFIC SIGNAL,FUNCTIONING PROPERLY,RAIN,DAYLIGHT,REAR END,NOT DIVIDED,,STRAIGHT AND LEVEL,WET,NO DEFECTS,NOT ON SCENE (DESK REPORT),NO INJURY / DRIVE AWAY,Y,,,"OVER $1,500",07/19/2025 01:10:00 PM,FOLLOWING TOO CLOSELY,NOT APPLICABLE,5354,W,BELMONT AVE,1634,,,,,,,3,NO INDICATION OF INJURY,0,0,0,0,0,5,0,12,7,7,41.9387505296,-87.7613224355,POINT (-87.761322435533 41.938750529563)
3636053f303d413df540a3919458b8297f28274f62c1580b6db004f829bae3968924061cdafa1279abcd32d9221c4f0e26d001d60760a4dda3c6f82a4742c6b3,,07/19/2025 12:15:00 PM,25,TRAFFIC SIGNAL,FUNCTIONING PROPERLY,RAIN,DAYLIGHT,TURNING,TRAFFIC ROUTE,,STRAIGHT AND LEVEL,WET,NO DEFECTS,,NO INJURY / DRIVE AWAY,,,,"OVER $1,500",07/19/2025 01:50:00 PM,DRIVING SKILLS/KNOWLEDGE/EXPERIENCE,NOT APPLICABLE,6700,S,STONY ISLAND AVE,332,,,,,,,2,NO INDICATION OF INJURY,0,0,0,0,0,3,0,12,7,7,41.7732928959,-87.5864423683,POINT (-87.586442368314 41.773292895851)
3f1dbb727274ec1c1be7202c01520d4d30384b0611263d70e65659a496e8bb0e20c9ad17886f1a44a82cc6b0c775a2522651a9ea8a7aa525936ca428a9fb4e6b,,07/19/2025 12:15:00 PM,30,NO CONTROLS,NO CONTROLS,RAIN,DAYLIGHT,PEDALCYCLIST,NOT DIVIDED,,STRAIGHT AND LEVEL,WET,NO DEFECTS,ON SCENE,INJURY AND / OR TOW DUE TO CRASH,,,,"$501 - $1,500",07/19/2025 12:20:00 PM,NOT APPLICABLE,NOT APPLICABLE,2114,N,HALSTED ST,1812,,,Y,,,,2,NONINCAPACITATING INJURY,1,0,0,1,0,2,0,12,7,7,41.9204784408,-87.6487383996,POINT (-87.648738399635 41.920478440792)
63cb2bf3e444cc7fd58ba68816687d4b4fee3e5bb7a1ebf53c8f25a52ef9d49ccc7e6153858b81f18a05a6629282806ea4a5257e68feef3ab1760513b56b7536,,07/19/2025 12:15:00 PM,30,NO CONTROLS,NO CONTROLS,RAIN,DAYLIGHT,SIDESWIPE SAME DIRECTION,NOT DIVIDED,,STRAIGHT AND LEVEL,WET,UNKNOWN,NOT ON SCENE (DESK REPORT),NO INJURY / DRIVE AWAY,,,,"OVER $1,500",07/19/2025 01:38:00 PM,IMPROPER LANE USAGE,IMPROPER LANE USAGE,5150,W,55TH ST,814,,,,,,,2,NO INDICATION OF INJURY,0,0,0,0,0,2,0,12,7,7,41.7930028559,-87.7521195809,POINT (-87.752119580929 41.793002855945)
80445fea8fe569c0f7e925e02de5fd437ef46cde6fd47864779d9fe35f4d381386a49d9897d4d5a0c0688168157da7d3a1fb5078518d732fba0ebb655e0de5f8,,07/19/2025 12:15:00 PM,30,OTHER REG. SIGN,FUNCTIONING PROPERLY,RAIN,DAYLIGHT,SIDESWIPE SAME DIRECTION,ONE-WAY,,STRAIGHT AND LEVEL,WET,NO DEFECTS,NOT ON SCENE (DESK REPORT),NO INJURY / DRIVE AWAY,Y,,,"OVER $1,500",07/19/2025 12:45:00 PM,DRIVING SKILLS/KNOWLEDGE/EXPERIENCE,UNABLE TO DETERMINE,301,S,CANAL ST,121,,,,,,,2,NO INDICATION OF INJURY,0,0,0,0,0,2,0,12,7,7,41.8779819182,-87.6394127591,POINT (-87.639412759118 41.877981918191)
bb0e7c2a59020b882f48bcfe3d3d159d82c714b1288d46d6a662f44e6cf788ef458d03eab1cdea3f5f9a4efe99fd7cfbc692879f1b24d54e308091e08ee1d3f5,,07/19/2025 12:15:00 PM,30,NO CONTROLS,NO CONTROLS,RAIN,DAYLIGHT,PARKED MOTOR VEHICLE,ONE-WAY,,STRAIGHT AND LEVEL,WET,NO DEFECTS,ON SCENE,INJURY AND / OR TOW DUE TO CRASH,,,,"OVER $1,500",07/19/2025 12:19:00 PM,DRIVING SKILLS/KNOWLEDGE/EXPERIENCE,NOT APPLICABLE,4800,S,WENTWORTH AVE,224,,,,,,,3,NO INDICATION OF INJURY,0,0,0,0,0,1,0,12,7,7,41.8071565334,-87.6309976026,POINT (-87.630997602641 41.807156533445)
f8bc426cf0b7b2804be0c3135762b00d479df5696565c9cdd6bf9ec328edeb47733b6471facc3f1f25b2c1acbe01b1890af3e44dc189c92aa3128268d0f6318b,,07/19/2025 12:15:00 PM,30,TRAFFIC SIGNAL,FUNCTIONING PROPERLY,RAIN,DAYLIGHT,TURNING,NOT DIVIDED,,STRAIGHT AND LEVEL,WET,NO DEFECTS,NOT ON SCENE (DESK REPORT),INJURY AND / OR TOW DUE TO CRASH,Y,,,"OVER $1,500",07/19/2025 09:51:00 PM,UNABLE TO DETERMINE,NOT APPLICABLE,5201,W,DIVERSEY AVE,2514,,,,,,,2,NO INDICATION OF INJURY,0,0,0,0,0,2,0,12,7,7,41.9312879892,-87.7565400728,POINT (-87.756540072827 41.93128798919)
bda95872ed4f09c07344d67387dedc1e663e78e13042a8a2e1228b9f7adeb5027d8bfb93e5dd144216d7639bc03ed2fbbe1565225ab6b6afc1be1f12cd6ce1bf,,07/19/2025 12:12:00 PM,30,TRAFFIC SIGNAL,UNKNOWN,RAIN,DAYLIGHT,TURNING,FOUR WAY,,STRAIGHT AND LEVEL,WET,UNKNOWN,NOT ON SCENE (DESK REPORT),NO INJURY / DRIVE AWAY,Y,,,"OVER $1,500",07/19/2025 01:10:00 PM,IMPROPER TURNING/NO SIGNAL,NOT APPLICABLE,4401,W,CERMAK RD,1013,Y,,,,,,2,NO INDICATION OF INJURY,0,0,0,0,0,2,0,12,7,7,41.8512896916,-87.7345543943,POINT (-87.734554394281 41.851289691571)