CRASH_RECORD_ID,CRASH_DATE_EST_I,CRASH_DATE,POSTED_SPEED_LIMIT,TRAFFIC_CONTROL_DEVICE,DEVICE_CONDITION,WEATHER_CONDITION,LIGHTING_CONDITION,FIRST_CRASH_TYPE,TRAFFICWAY_TYPE,LANE_CNT,ALIGNMENT,ROADWAY_SURFACE_COND,ROAD_DEFECT,REPORT_TYPE,CRASH_TYPE,INTERSECTION_RELATED_I,NOT_RIGHT_OF_WAY_I,HIT_AND_RUN_I,DAMAGE,DATE_POLICE_NOTIFIED,PRIM_CONTRIBUTORY_CAUSE,SEC_CONTRIBUTORY_CAUSE,STREET_NO,STREET_DIRECTION,STREET_NAME,BEAT_OF_OCCURRENCE,PHOTOS_TAKEN_I,STATEMENTS_TAKEN_I,DOORING_I,WORK_ZONE_I,WORK_ZONE_TYPE,WORKERS_PRESENT_I,NUM_UNITS,MOST_SEVERE_INJURY,INJURIES_TOTAL,INJURIES_FATAL,INJURIES_INCAPACITATING,INJURIES_NON_INCAPACITATING,INJURIES_REPORTED_NOT_EVIDENT,INJURIES_NO_INDICATION,INJURIES_UNKNOWN,CRASH_HOUR,CRASH_DAY_OF_WEEK,CRASH_MONTH,LATITUDE,LONGITUDE,LOCATION
ade919ce6bf760da79bdfe06e6c7cc7b0ef30ddfee95c0c0273c080af7b9334d4aa2f311d6afae34606eaea82376e1c06008d4d1e97a3c8d661b5533f33fb6ba,,07/19/2025 12:06:00 PM,30,NO CONTROLS,NO CONTROLS,RAIN,DAYLIGHT,SIDESWIPE SAME DIRECTION,NOT DIVIDED,,STRAIGHT AND LEVEL,WET,NO DEFECTS,,NO INJURY / DRIVE AWAY,,,,"OVER $1,500",07/19/2025 01:08:00 PM,FAILING TO YIELD RIGHT-OF-WAY,NOT APPLICABLE,667,W,LAKE ST,1224,,,,,,,2,NO INDICATION OF INJURY,0,0,0,0,0,6,0,12,7,7,41.8855807437,-87.645393282,POINT (-87.645393281999 41.885580743748)
0b9be74714e8981226aeb10054ca40ad94f8f10a85019a0196756f3bcffb52dcad7b0b4149886994f72844f08535389e011add240d8b947e02b292484807ad9c,,07/19/2025 12:04:00 PM,30,NO CONTROLS,NO CONTROLS,CLEAR,DAYLIGHT,PARKED MOTOR VEHICLE,PARKING LOT,,STRAIGHT AND LEVEL,DRY,NO DEFECTS,NOT ON SCENE (DESK REPORT),NO INJURY / DRIVE AWAY,,,,"$501 - $1,500",07/20/2025 10:00:00 AM,UNABLE TO DETERMINE,NOT APPLICABLE,2500,N,CENTRAL AVE,2515,,,,,,,2,NO INDICATION OF INJURY,0,0,0,0,0,2,0,12,7,7,41.9258928802,-87.7662048258,POINT (-87.766204825838 41.925892880213)
fc5b09d07f74181f57c5f313b2ed75f1c3bf95643215037a6be43a3c431f118916b1993d68d7b5e1379b6ed1eb8d788744b3c669ac5de8202ddfc4159592a1bc,,07/19/2025 12:03:00 PM,30,TRAFFIC SIGNAL,FUNCTIONING PROPERLY,RAIN,DAYLIGHT,SIDESWIPE SAME DIRECTION,T-INTERSECTION,,STRAIGHT AND LEVEL,WET,NO DEFECTS,NOT ON SCENE (DESK REPORT),NO INJURY / DRIVE AWAY,Y,,Y,"$501 - $1,500",07/19/2025 12:03:00 PM,UNABLE TO DETERMINE,NOT APPLICABLE,30,N,MICHIGAN AVE,112,,,,,,,2,NO INDICATION OF INJURY,0,0,0,0,0,2,0,12,7,7,41.8827546289,-87.624535277,POINT (-87.62453527696 41.882754628875)
2216de03634e5a7f3fcfb7f25c1e27a44c5da8b1c2ae81ee39304876aaa2cf9f9a3637b5a78f331c205305edd5be59cf5f5eb6bb57f99b0150d37b1209e6fd3e,,07/19/2025 12:00:00 PM,35,NO CONTROLS,NO CONTROLS,RAIN,DAYLIGHT,REAR END,NOT DIVIDED,,STRAIGHT AND LEVEL,WET,NO DEFECTS,ON SCENE,INJURY AND / OR TOW DUE TO CRASH,,,Y,"OVER $1,500",07/19/2025 12:15:00 PM,FOLLOWING TOO CLOSELY,WEATHER,6925,S,PULASKI RD,833,,,,,,,3,"REPORTED, NOT EVIDENT",1,0,0,0,1,3,0,12,7,7,41.7668714494,-87.7223168392,POINT (-87.722316839225 41.7668714494)
77737ce752fd8652b8d9d127a3ef0e0959273fd1d4cdf9e9ff23706d64eefbd9cf9533755a209058d37ddbbd5ad929c963fa8d79444d0f03a5d1c99c5eed671b,,07/19/2025 12:00:00 PM,30,TRAFFIC SIGNAL,FUNCTIONING PROPERLY,RAIN,DAYLIGHT,REAR END,NOT DIVIDED,,STRAIGHT AND LEVEL,WET,NO DEFECTS,NOT ON SCENE (DESK REPORT),NO INJURY / DRIVE AWAY,,,Y,"OVER $1,500",07/19/2025 12:15:00 PM,FAILING TO REDUCE SPEED TO AVOID CRASH,NOT APPLICABLE,3628,W,GRAND AVE,2535,,,,,,,2,NO INDICATION OF INJURY,0,0,0,0,0,2,0,12,7,7,41.902815701,-87.717648644,POINT (-87.717648643968 41.902815700998)
7c9933538181d859b785714cd8dbdd594cef50e411999e8a98010e5ad9d38a47921d492a14d51c7f6886c04a4b08b298102bd5d1a5251c45944ce91cfb748979,Y,07/19/2025 12:00:00 PM,30,NO CONTROLS,NO CONTROLS,UNKNOWN,DAYLIGHT,PARKED MOTOR VEHICLE,NOT DIVIDED,,STRAIGHT AND LEVEL,UNKNOWN,NO DEFECTS,NOT ON SCENE (DESK REPORT),INJURY AND / OR TOW DUE TO CRASH,,,Y,"OVER $1,500",07/19/2025 07:50:00 PM,UNABLE TO DETERMINE,UNABLE TO DETERMINE,3625,S,STATE ST,213,,,,,,,2,NO INDICATION OF INJURY,0,0,0,0,0,1,0,12,7,7,41.8287412894,-87.626361673,POINT (-87.626361673034 41.828741289356)
ae3995f8572be757266767cd3ff88d1af88da2e0503490315a8fb72396afa382fe82051982d237cc758b5eae095587f830b6b635acd4336759d908c88e2b99d9,,07/19/2025 12:00:00 PM,30,NO CONTROLS,NO CONTROLS,CLEAR,DAYLIGHT,SIDESWIPE SAME DIRECTION,NOT DIVIDED,,STRAIGHT AND LEVEL,DRY,NO DEFECTS,NOT ON SCENE (DESK REPORT),NO INJURY / DRIVE AWAY,,,,"OVER $1,500",07/19/2025 05:35:00 PM,FAILING TO YIELD RIGHT-OF-WAY,NOT APPLICABLE,900,N,MICHIGAN AVE,1833,,,,,,,2,NO INDICATION OF INJURY,0,0,0,0,0,3,0,12,7,7,41.899248597,-87.6242749782,POINT (-87.624274978205 41.899248597036)
be8d9d7ca2150e17b19098292829d9553029caa90d96ee919eb2cad4761eb27c2c8f78733acb8b4c0d9f54f74117d1667f1859bc98cc92b42720ab335a79b0f5,,07/19/2025 12:00:00 PM,35,TRAFFIC SIGNAL,FUNCTIONING PROPERLY,CLEAR,DAYLIGHT,REAR TO FRONT,TRAFFIC ROUTE,,STRAIGHT AND LEVEL,DRY,NO DEFECTS,NOT ON SCENE (DESK REPORT),NO INJURY / DRIVE AWAY,,,,"OVER $1,500",07/19/2025 03:42:00 PM,DRIVING SKILLS/KNOWLEDGE/EXPERIENCE,NOT APPLICABLE,7300,S,STONY ISLAND AVE,324,,,,,,,2,NO INDICATION OF INJURY,0,0,0,0,0,2,0,12,7,7,41.7623619184,-87.5863772347,POINT (-87.586377234748 41.762361918371)
c9c9c193bea07066288bc6bffd032006e5c4b842332b0fe544c49fbe9ddb5d9c1e3d62d33aa15e0a2053cfaf46f8f84be34e67b50281ca65f05f3e3b6679a3a9,,07/19/2025 12:00:00 PM,30,TRAFFIC SIGNAL,FUNCTIONING PROPERLY,CLOUDY/OVERCAST,DAYLIGHT,SIDESWIPE SAME DIRECTION,FOUR WAY,,STRAIGHT AND LEVEL,DRY,NO DEFECTS,ON SCENE,NO INJURY / DRIVE AWAY,Y,,Y,$500 OR LESS,07/19/2025 12:05:00 PM,IMPROPER OVERTAKING/PASSING,NOT APPLICABLE,1000,W,NORTH AVE,1811,,,,,,,2,NO INDICATION OF INJURY,0,0,0,0,0,2,0,12,7,7,41.9109487626,-87.6531595513,POINT (-87.653159551272 41.910948762561)
e51a1e0c55df4eecf2f5432eb3e4593ffa5283e8f642d9a7363b6ea6bf4166cdf281f4b5e0fbdd1487764cd744a111f7e2453ef0fbb8a22aaa71077b3c14437e,,07/19/2025 12:00:00 PM,25,NO CONTROLS,NO CONTROLS,CLEAR,DAYLIGHT,PARKED MOTOR VEHICLE,NOT DIVIDED,,STRAIGHT AND LEVEL,DRY,NO DEFECTS,NOT ON SCENE (DESK REPORT),NO INJURY / DRIVE AWAY,,,Y,"OVER $1,500",07/22/2025 08:00:00 PM,UNABLE TO DETERMINE,UNABLE TO DETERMINE,1743,W,CERMAK RD,1034,,,,,,,2,NO INDICATION OF INJURY,0,0,0,0,0,1,0,12,7,7,41.8521486854,-87.6702367473,POINT (-87.670236747275 41.852148685361)
01e73735eefb6d3534b7497ad827e8da689ccce0cc6b12554a02ed14bcb9316576be4582334ea9a6819df9a097f1e78a268b65631ff2e1256430c0475e4561e9,,07/19/2025 11:55:00 AM,30,NO CONTROLS,NO CONTROLS,RAIN,DAYLIGHT,TURNING,DIVIDED - W/MEDIAN (NOT RAISED),,STRAIGHT AND LEVEL,WET,NO DEFECTS,ON SCENE,INJURY AND / OR TOW DUE TO CRASH,,,,"OVER $1,500",07/19/2025 11:58:00 AM,IMPROPER LANE USAGE,IMPROPER LANE USAGE,6456,S,CICERO AVE,813,,,,,,,2,NO INDICATION OF INJURY,0,0,0,0,0,2,0,11,7,7,41.7749229945,-87.7423209596,POINT (-87.742320959553 41.774922994541)
50aed421e7bc574948baab74ad7e99977310e0a9455a0326a543dc5ab3315896fe5221e93d066cb266cae3ed60b5c5e64c2130b6d21aafd22472c7b28c90cd7a,,07/19/2025 11:50:00 AM,30,TRAFFIC SIGNAL,FUNCTIONING PROPERLY,RAIN,DAYLIGHT,REAR END,FOUR WAY,,STRAIGHT AND LEVEL,WET,UNKNOWN,NOT ON SCENE (DESK REPORT),NO INJURY / DRIVE AWAY,Y,,,"OVER $1,500",07/19/2025 01:50:00 PM,UNABLE TO DETERMINE,NOT APPLICABLE,6558,S,COAST GUARD DR,331,,,,,,,2,NO INDICATION OF INJURY,0,0,0,0,0,2,0,11,7,7,41.7754949691,-87.5752495084,POINT (-87.575249508356 41.775494969133)
a79eea479010eb1a2115da3302926fad7e7cc5beb1d343d347f29276280425da8ffcfa3e6b33392e87693a74d3f949172322a6a941d865c9be611560c259bf39,,07/19/2025 11:50:00 AM,30,NO CONTROLS,NO CONTROLS,RAIN,DAYLIGHT,SIDESWIPE SAME DIRECTION,NOT DIVIDED,,STRAIGHT AND LEVEL,WET,NO DEFECTS,ON SCENE,NO INJURY / DRIVE AWAY,Y,,,"OVER $1,500",07/19/2025 11:58:00 AM,IMPROPER OVERTAKING/PASSING,UNABLE TO DETERMINE,7301,W,BELMONT AVE,2511,,,,,,,3,NO INDICATION OF INJURY,0,0,0,0,0,3,0,11,7,7,41.9378825819,-87.8092372666,POINT (-87.809237266602 41.937882581919)
400591ed12d2f45ad414476c47c0abc56a296ef2d46648c74c6cf120a1f7df94d478ad28083fda89e60ed82e43727a2156731d18e2a578c34bb08f5c26610a9a,,07/19/2025 11:49:00 AM,20,TRAFFIC SIGNAL,FUNCTIONING PROPERLY,CLEAR,DAYLIGHT,PEDALCYCLIST,FOUR WAY,,STRAIGHT AND LEVEL,DRY,NO DEFECTS,ON SCENE,INJURY AND / OR TOW DUE TO CRASH,,,Y,"OVER $1,500",07/20/2025 10:46:00 AM,UNABLE TO DETERMINE,NOT APPLICABLE,2600,W,59TH ST,824,,,,,,,2,"REPORTED, NOT EVIDENT",1,0,0,0,1,1,0,11,7,7,41.7865958434,-87.6887818954,POINT (-87.688781895372 41.786595843368)
e79751835c4dc43d1e78528b824e5670f566629f72eecba567e84667feddbb8dd7cf74c3954bf80dfda939cff2658c9237220e355b6018980f7f2ec6500c6dff,,07/19/2025 11:49:00 AM,30,NO CONTROLS,NO CONTROLS,RAIN,DAYLIGHT,ANGLE,NOT DIVIDED,,"CURVE, LEVEL",WET,NO DEFECTS,ON SCENE,NO INJURY / DRIVE AWAY,,,,"OVER $1,500",07/19/2025 11:53:00 AM,FAILING TO YIELD RIGHT-OF-WAY,NOT APPLICABLE,7771,N,SHERIDAN RD,2422,,,,,,,2,NO INDICATION OF INJURY,0,0,0,0,0,2,0,11,7,7,42.0225513149,-87.6658333443,POINT (-87.665833344254 42.022551314854)
33f323516cdc2dc3e740b9686019994be806c948f1af34f179bf0a46c9bc343895cf6401536423e369b8b30b5cf06eb8e2bca84c612e08a41ccaa5c2e225dbe4,,07/19/2025 11:45:00 AM,30,NO CONTROLS,NO CONTROLS,RAIN,DAWN,ANGLE,NOT DIVIDED,,STRAIGHT AND LEVEL,WET,NO DEFECTS,NOT ON SCENE (DESK REPORT),NO INJURY / DRIVE AWAY,,,Y,"OVER $1,500",07/19/2025 12:41:00 PM,UNABLE TO DETERMINE,NOT APPLICABLE,424,S,HAMLIN BLVD,1133,,,,,,,2,NO INDICATION OF INJURY,0,0,0,0,0,2,0,11,7,7,41.8744764092,-87.7205530063,POINT (-87.720553006264 41.874476409181)
0d79d9d6e884e2f1cc0a752b5c140329bd00e21e4a400fb336f9076d92d9d3bb20575c69c69476e00a79256da1b74235392f5c7925fcd8cbcb6549fa4229d2f8,,07/19/2025 11:44:00 AM,30,UNKNOWN,UNKNOWN,UNKNOWN,UNKNOWN,PARKED MOTOR VEHICLE,UNKNOWN,,STRAIGHT AND LEVEL,UNKNOWN,UNKNOWN,NOT ON SCENE (DESK REPORT),NO INJURY / DRIVE AWAY,,,Y,"OVER $1,500",07/19/2025 11:45:00 AM,UNABLE TO DETERMINE,UNABLE TO DETERMINE,9105,S,DREXEL AVE,413,,,,,,,2,NO INDICATION OF INJURY,0,0,0,0,0,1,0,11,7,7,41.7292488539,-87.6008633743,POINT (-87.600863374288 41.729248853872)
740c15eb46ab81926d79a157bdc2f63a97b5f1503326abfad2585cb541e689439cb7a08d1c3018e4d0a5797e86cc642db7dee0b02e03eb63a0bb2a6d89850ff4,,07/19/2025 11:43:00 AM,30,NO CONTROLS,NO CONTROLS,CLEAR,DAYLIGHT,ANGLE,DIVIDED - W/MEDIAN (NOT RAISED),,STRAIGHT AND LEVEL,DRY,NO DEFECTS,ON SCENE,INJURY AND / OR TOW DUE TO CRASH,,,,"OVER $1,500",07/19/2025 11:44:00 AM,FAILING TO YIELD RIGHT-OF-WAY,UNABLE TO DETERMINE,5206,N,WESTERN AVE,2011,,,,,,,2,NONINCAPACITATING INJURY,1,0,0,1,0,1,0,11,7,7,41.9761211219,-87.6893073156,POINT (-87.689307315555 41.976121121894)
155ded5c9be83f8a0fd256a12c5278c4901067115ce5570bc1f2fe94c60e4bb727dec686744023567a53a0af07db88034796c57be163ad17859c36c8daac195c,,07/19/2025 11:40:00 AM,30,TRAFFIC SIGNAL,NO CONTROLS,CLEAR,DAYLIGHT,TURNING,NOT DIVIDED,,STRAIGHT AND LEVEL,DRY,NO DEFECTS,NOT ON SCENE (DESK REPORT),NO INJURY / DRIVE AWAY,,,,"OVER $1,500",07/28/2025 06:40:00 PM,FOLLOWING TOO CLOSELY,NOT APPLICABLE,3900,S,KEDZIE AVE,821,,,,,,,2,NO INDICATION OF INJURY,0,0,0,0,0,3,0,11,7,7,41.8225767875,-87.7045975728,POINT (-87.704597572764 41.822576787534)
8224ceb79124e7777fff44523fe0a6823c0190dbd08b729f709b777691cd328427b62ea05e1c50c4598cd1c5827ff28481c523b8df480f6a9b3da22402daf7f9,,07/19/2025 11:40:00 AM,30,TRAFFIC SIGNAL,UNKNOWN,RAIN,DAYLIGHT,TURNING,FOUR WAY,,STRAIGHT AND LEVEL,WET,UNKNOWN,NOT ON SCENE (DESK REPORT),NO INJURY / DRIVE AWAY,Y,,Y,"OVER $1,500",07/19/2025 01:18:00 PM,IMPROPER TURNING/NO SIGNAL,NOT APPLICABLE,3417,S,DAMEN AVE,912,,,,,,,2,NO INDICATION OF INJURY,0,0,0,0,0,2,0,11,7,7,41.8317184945,-87.6751640513,POINT (-87.675164051318 41.831718494451)
ed108731cb8eec58cb15d456f6bf356dbb52807a5a38cdef69ff353ff608d5be3b2d973d85272b1eb65c330a8b404561583ab0e73c0b80a1b77675ac12808542,,07/19/2025 11:40:00 AM,30,NO CONTROLS,NO CONTROLS,RAIN,DAYLIGHT,PARKED MOTOR VEHICLE,NOT DIVIDED,,STRAIGHT AND LEVEL,WET,UNKNOWN,ON SCENE,NO INJURY / DRIVE AWAY,,,,"OVER $1,500",07/19/2025 11:50:00 AM,IMPROPER OVERTAKING/PASSING,IMPROPER OVERTAKING/PASSING,300,W,23RD ST,914,,,,,,,2,NO INDICATION OF INJURY,0,0,0,0,0,2,0,11,7,7,41.851044205,-87.634819768,POINT (-87.634819768008 41.851044205018)
a99019d96332f05d9a12a6a43d21c560220080f6c28ac73dcecf16117a05dbd2bf826a0e44964d1dfa52fc84657dcd4a6f02f95330a8a1cc761c570879c3cfa0,,07/19/2025 11:34:00 AM,30,TRAFFIC SIGNAL,FUNCTIONING PROPERLY,RAIN,DAYLIGHT,REAR END,NOT DIVIDED,,STRAIGHT AND LEVEL,WET,NO DEFECTS,NOT ON SCENE (DESK REPORT),NO INJURY / DRIVE AWAY,,,,"OVER $1,500",07/19/2025 12:27:00 PM,FOLLOWING TOO CLOSELY,NOT APPLICABLE,1122,W,CHICAGO AVE,1213,,,,,,,2,NO INDICATION OF INJURY,0,0,0,0,0,3,0,11,7,7,41.8963617568,-87.6561699481,POINT (-87.656169948087 41.896361756816)
31cf667dc47114b2a53714b2cb56ffbfddc86bfc8abc40064089371204cc9459de9b414662a62e44f9ce89bf2cb2c2dec75e21d346c9744617fb3017c1c3579a,,07/19/2025 11:32:00 AM,30,NO CONTROLS,NO CONTROLS,RAIN,DAYLIGHT,SIDESWIPE SAME DIRECTION,NOT DIVIDED,,STRAIGHT AND LEVEL,WET,UNKNOWN,ON SCENE,NO INJURY / DRIVE AWAY,,,Y,"OVER $1,500",07/19/2025 11:42:00 AM,UNABLE TO DETERMINE,UNABLE TO DETERMINE,3602,W,NORTH AVE,2535,,,,,,,2,NO INDICATION OF INJURY,0,0,0,0,0,2,0,11,7,7,41.9101024116,-87.7168244323,POINT (-87.716824432319 41.910102411563)
3309ccf43c3c701c98f88b15114c798e10147a644385983f8c6435944d7788fb74249c0e4ac5eb0f59363865f588c10550614b0c7926fede6fe10fe5659c484e,,07/19/2025 11:30:00 AM,30,NO CONTROLS,NO CONTROLS,CLEAR,DAYLIGHT,PARKED MOTOR VEHICLE,ONE-WAY,,STRAIGHT AND LEVEL,DRY,NO DEFECTS,ON SCENE,INJURY AND / OR TOW DUE TO CRASH,,,Y,"OVER $1,500",07/19/2025 11:35:00 AM,UNABLE TO DETERMINE,UNABLE TO DETERMINE,9648,S,AVENUE N,432,,,,,,,2,NO INDICATION OF INJURY,0,0,0,0,0,2,0,11,7,7,41.7198610392,-87.5390587692,POINT (-87.539058769232 41.719861039177)
b337491ac7731cfe3139ba8addec2d09606fd901c33e4f2193d025e47d9dbf092ea877a8d80a919b9a04f1e8590b5ef8e8785b9e0971c4c9cab56bbc75b2113e,,07/19/2025 11:30:00 AM,20,NO CONTROLS,NO CONTROLS,RAIN,UNKNOWN,PARKED MOTOR VEHICLE,NOT DIVIDED,,STRAIGHT AND LEVEL,UNKNOWN,UNKNOWN,NOT ON SCENE (DESK REPORT),NO INJURY / DRIVE AWAY,,,Y,"OVER $1,500",07/19/2025 12:40:00 PM,NOT APPLICABLE,NOT APPLICABLE,6100,S,HOMAN AVE,823,,,,,,,2,NO INDICATION OF INJURY,0,0,0,0,0,1,0,11,7,7,41.7824881596,-87.7082415521,POINT (-87.708241552078 41.78248815958)
4b206fe9238870a3aeda414d02e339e1d8e087a44708dd46ccd38e1e468eda87556a4f3ca756364af03006693cc00d4cc21a41ab5f566236a6b6b697697b0aa8,,07/19/2025 11:25:00 AM,30,TRAFFIC SIGNAL,FUNCTIONING PROPERLY,CLEAR,"DARKNESS, LIGHTED ROAD",REAR END,DIVIDED - W/MEDIAN BARRIER,,STRAIGHT AND LEVEL,DRY,UNKNOWN,NOT ON SCENE (DESK REPORT),NO INJURY / DRIVE AWAY,Y,,Y,"OVER $1,500",07/20/2025 10:15:00 AM,UNABLE TO DETERMINE,UNABLE TO DETERMINE,9525,S,HALSTED ST,2223,,,,,,,2,NO INDICATION OF INJURY,0,0,0,0,0,2,0,11,7,7,41.7206948857,-87.6430481721,POINT (-87.643048172133 41.720694885749)
ef5be8d397dfd078d47ea2bbd911add2d88ed3d27918bd36389f054d23dc203b7a2f846101a9082f5fa3b48883e51f41acf8ae2e69fb22592640c330e6a09b47,,07/19/2025 11:21:00 AM,30,STOP SIGN/FLASHER,FUNCTIONING PROPERLY,CLEAR,DAYLIGHT,ANGLE,NOT DIVIDED,,STRAIGHT AND LEVEL,DRY,NO DEFECTS,ON SCENE,INJURY AND / OR TOW DUE TO CRASH,,,,"OVER $1,500",07/19/2025 11:28:00 AM,UNABLE TO DETERMINE,UNABLE TO DETERMINE,4101,W,ARMITAGE AVE,2534,,,,,,,2,"REPORTED, NOT EVIDENT",1,0,0,0,1,2,0,11,7,7,41.9170244708,-87.7290588508,POINT (-87.729058850772 41.917024470813)
ec5004438678abf8d491071fcdf7a0546a1627fee45550362f44918325b316f3c7cc21fdcd0dc2d3eabe9792bfec91fc1998fed8e7ed7c21c166e69d523764ee,,07/19/2025 11:20:00 AM,30,NO CONTROLS,NO CONTROLS,CLEAR,DAYLIGHT,REAR END,NOT DIVIDED,,STRAIGHT AND LEVEL,DRY,NO DEFECTS,NOT ON SCENE (DESK REPORT),NO INJURY / DRIVE AWAY,,,,"OVER $1,500",07/19/2025 02:10:00 PM,UNABLE TO DETERMINE,NOT APPLICABLE,833,W,FULLERTON AVE,1812,,,,,,,2,NO INDICATION OF INJURY,0,0,0,0,0,2,0,11,7,7,41.9253234194,-87.6500785506,POINT (-87.650078550586 41.925323419429)
1f9f551e3024668bb7265ee034163ea6db3a2733f59029ee1e6c9b3650a00eccc168de56165dbe7ee792087ac384297cc749b65bf5a4f23c67575ee5c396aabd,,07/19/2025 11:15:00 AM,35,TRAFFIC SIGNAL,FUNCTIONING PROPERLY,RAIN,DAYLIGHT,OTHER OBJECT,DIVIDED - W/MEDIAN (NOT RAISED),,STRAIGHT AND LEVEL,WET,UNKNOWN,ON SCENE,INJURY AND / OR TOW DUE TO CRASH,,,Y,"OVER $1,500",07/19/2025 11:16:00 AM,UNABLE TO DETERMINE,UNABLE TO DETERMINE,5959,W,CORTLAND ST,2531,,,,,,,1,NO INDICATION OF INJURY,0,0,0,0,0,1,0,11,7,7,41.9141314067,-87.7752506013,POINT (-87.775250601312 41.914131406689)
2a7d4111e523b1c914cfb7c184997d4cde56875cf75c7bd0e4d80e9643f96d7766fbd338b48b1e53e6b8b1dd21e16005d363708b3117bc16a59536da2ec380e9,,07/19/2025 11:15:00 AM,20,NO CONTROLS,NO CONTROLS,CLEAR,DAYLIGHT,PEDALCYCLIST,NOT DIVIDED,,STRAIGHT AND LEVEL,DRY,UNKNOWN,NOT ON SCENE (DESK REPORT),NO INJURY / DRIVE AWAY,,,,$500 OR LESS,07/20/2025 01:25:00 PM,UNABLE TO DETERMINE,UNABLE TO DETERMINE,2951,N,KARLOV AVE,2523,,,,,,,2,NO INDICATION OF INJURY,0,0,0,0,0,2,0,11,7,7,41.9351321308,-87.7293855773,POINT (-87.729385577334 41.935132130789)
5cebc08abeb21d3670f17722332be06da006b88b1bb4bde1967544b5824f85624116a181d7b94b1c4d05f079e016a46e5c0bd39ce43b139a547a0c45be7df877,,07/19/2025 11:15:00 AM,30,NO CONTROLS,NO CONTROLS,RAIN,DAYLIGHT,SIDESWIPE SAME DIRECTION,DIVIDED - W/MEDIAN BARRIER,,STRAIGHT AND LEVEL,WET,NO DEFECTS,NOT ON SCENE (DESK REPORT),NO INJURY / DRIVE AWAY,,,Y,"OVER $1,500",07/19/2025 01:40:00 PM,FOLLOWING TOO CLOSELY,IMPROPER OVERTAKING/PASSING,4815,S,CICERO AVE,815,,,,,,,2,NO INDICATION OF INJURY,0,0,0,0,0,2,0,11,7,7,41.8053123953,-87.7429519462,POINT (-87.742951946181 41.805312395313)
97480d3cb9d5cfcc6692a72392ba2497d9b3a911f0dc3a354b6570018c7f6f7b8b7cb1abc11fad82f39f3c63899b8f0cf74e98af9d7615f56f0e1394af042dba,,07/19/2025 11:15:00 AM,25,NO CONTROLS,NO CONTROLS,CLOUDY/OVERCAST,DAYLIGHT,OTHER NONCOLLISION,NOT DIVIDED,,STRAIGHT AND LEVEL,DRY,NO DEFECTS,ON SCENE,NO INJURY / DRIVE AWAY,,,,"OVER $1,500",07/19/2025 11:19:00 AM,IMPROPER OVERTAKING/PASSING,"EVASIVE ACTION DUE TO ANIMAL, OBJECT, NONMOTORIST",5501,W,LAKE ST,1523,,,,,,,1,NO INDICATION OF INJURY,0,0,0,0,0,1,0,11,7,7,41.8876144017,-87.7634106074,POINT (-87.763410607393 41.887614401742)
d7b64f794ac736cbebe175e53e4dcdaa9d877038a12d595d57638783f1c4f2e1c1d1d39d1873be45629fea0f04ad4fe0acf4bf3f7977d508440afde0ea2cba11,Y,07/19/2025 11:10:00 AM,5,NO CONTROLS,NO CONTROLS,CLEAR,DAYLIGHT,SIDESWIPE SAME DIRECTION,PARKING LOT,,"CURVE, LEVEL",DRY,NO DEFECTS,ON SCENE,INJURY AND / OR TOW DUE TO CRASH,,Y,,$500 OR LESS,07/19/2025 11:17:00 AM,DRIVING SKILLS/KNOWLEDGE/EXPERIENCE,DRIVING SKILLS/KNOWLEDGE/EXPERIENCE,1230,S,WESTERN AVE,1023,,,,Y,MAINTENANCE,Y,2,NONINCAPACITATING INJURY,1,0,0,1,0,4,0,11,7,7,41.8656530748,-87.6861625238,POINT (-87.686162523762 41.865653074809)
8b8abe8d39cd4335b04f00d2428da06d9801cbb95b43a9fbab0eeada6af6a9a4ec6866d1aa8b32ffeb016081160ccc9e360a61a6dc260be41346a5648864ea08,,07/19/2025 11:00:00 AM,30,NO CONTROLS,NO CONTROLS,UNKNOWN,DAYLIGHT,PARKED MOTOR VEHICLE,FOUR WAY,,STRAIGHT AND LEVEL,UNKNOWN,UNKNOWN,NOT ON SCENE (DESK REPORT),NO INJURY / DRIVE AWAY,,,,"$501 - $1,500",07/25/2025 06:12:00 PM,NOT APPLICABLE,NOT APPLICABLE,2456,S,BLUE ISLAND AVE,1034,,,,,,,2,NO INDICATION OF INJURY,0,0,0,0,0,1,0,11,7,7,41.8478176394,-87.6779505139,POINT (-87.67795051386 41.847817639365)
bb2cc755cea8182ddb4c3b6b05af7475097061f050f1f545b60b79f274496b3e1e5bea70ed9465aa41c0e439ff69d4edd0d57f8ad304a4fade0574a90ea3b319,Y,07/19/2025 11:00:00 AM,30,STOP SIGN/FLASHER,FUNCTIONING PROPERLY,CLEAR,DAYLIGHT,ANGLE,TRAFFIC ROUTE,,STRAIGHT AND LEVEL,DRY,NO DEFECTS,ON SCENE,INJURY AND / OR TOW DUE TO CRASH,Y,,,"OVER $1,500",07/19/2025 11:07:00 AM,DISREGARDING STOP SIGN,FAILING TO REDUCE SPEED TO AVOID CRASH,4300,W,28TH ST,1031,,,,,,,2,NO INDICATION OF INJURY,0,0,0,0,0,3,0,11,7,7,41.8405834819,-87.7318108743,POINT (-87.731810874264 41.84058348188)
d05f51f96a86321b9bd66dc1bb6737fc9385bec5a0015810fe2d437db9dbc86027f653f00eb5206f8dca88de5338d2eef561c4dabef46d8deab28de24e7d3a3e,,07/19/2025 11:00:00 AM,30,TRAFFIC SIGNAL,FUNCTIONING PROPERLY,CLEAR,DAYLIGHT,REAR END,DIVIDED - W/MEDIAN (NOT RAISED),,STRAIGHT AND LEVEL,DRY,UNKNOWN,NOT ON SCENE (DESK REPORT),INJURY AND / OR TOW DUE TO CRASH,Y,,,"OVER $1,500",07/20/2025 08:15:00 PM,UNABLE TO DETERMINE,NOT APPLICABLE,1599,W,DEVON AVE,2433,,,,,,,3,"REPORTED, NOT EVIDENT",1,0,0,0,1,2,0,11,7,7,41.9979659799,-87.6705828213,POINT (-87.670582821345 41.997965979942)