CRASH_RECORD_ID,CRASH_DATE_EST_I,CRASH_DATE,POSTED_SPEED_LIMIT,TRAFFIC_CONTROL_DEVICE,DEVICE_CONDITION,WEATHER_CONDITION,LIGHTING_CONDITION,FIRST_CRASH_TYPE,TRAFFICWAY_TYPE,LANE_CNT,ALIGNMENT,ROADWAY_SURFACE_COND,ROAD_DEFECT,REPORT_TYPE,CRASH_TYPE,INTERSECTION_RELATED_I,NOT_RIGHT_OF_WAY_I,HIT_AND_RUN_I,DAMAGE,DATE_POLICE_NOTIFIED,PRIM_CONTRIBUTORY_CAUSE,SEC_CONTRIBUTORY_CAUSE,STREET_NO,STREET_DIRECTION,STREET_NAME,BEAT_OF_OCCURRENCE,PHOTOS_TAKEN_I,STATEMENTS_TAKEN_I,DOORING_I,WORK_ZONE_I,WORK_ZONE_TYPE,WORKERS_PRESENT_I,NUM_UNITS,MOST_SEVERE_INJURY,INJURIES_TOTAL,INJURIES_FATAL,INJURIES_INCAPACITATING,INJURIES_NON_INCAPACITATING,INJURIES_REPORTED_NOT_EVIDENT,INJURIES_NO_INDICATION,INJURIES_UNKNOWN,CRASH_HOUR,CRASH_DAY_OF_WEEK,CRASH_MONTH,LATITUDE,LONGITUDE,LOCATION
cfefe5265ec9845fc059d2f3312f17880a88cec933f0f2b1e2df2890fc76a97c48f40e840cdc13d16c54e203b1d70f623f7b792436e5864a2cb80738a768fb92,,07/19/2025 10:51:00 AM,30,TRAFFIC SIGNAL,FUNCTIONING PROPERLY,CLEAR,DAYLIGHT,REAR END,DIVIDED - W/MEDIAN (NOT RAISED),,STRAIGHT AND LEVEL,DRY,NO DEFECTS,ON SCENE,NO INJURY / DRIVE AWAY,,,,$500 OR LESS,07/19/2025 10:52:00 AM,UNABLE TO DETERMINE,NOT APPLICABLE,1264,W,IRVING PARK RD,1915,,,,,,,3,NO INDICATION OF INJURY,0,0,0,0,0,3,0,10,7,7,41.9544930502,-87.6619491622,POINT (-87.661949162233 41.95449305025)
c645e646ff7f62afe9bb2bbcdeea4daff3d9216865c0b7e319b85e6073aeacb5fe1da15cab40808e81606123f7eda5c6254ac7ae37671234788cfedbcbf24167,,07/19/2025 10:43:00 AM,30,TRAFFIC SIGNAL,FUNCTIONING PROPERLY,CLEAR,DAYLIGHT,REAR END,DIVIDED - W/MEDIAN (NOT RAISED),,STRAIGHT AND LEVEL,DRY,NO DEFECTS,ON SCENE,INJURY AND / OR TOW DUE TO CRASH,,,,"OVER $1,500",07/19/2025 10:44:00 AM,FAILING TO REDUCE SPEED TO AVOID CRASH,NOT APPLICABLE,6126,W,BRYN MAWR AVE,1622,,,,,,,3,"REPORTED, NOT EVIDENT",1,0,0,0,1,2,0,10,7,7,41.9830144076,-87.7816074368,POINT (-87.781607436801 41.983014407563)
64cfd4bafb8c83ba4c55c98055556eb14a483096caa0efd493f560cee15667663bcf6e89c87876659bf83dc34bb462862a2c5ed3f3e60d6b969918a915e1d333,,07/19/2025 10:30:00 AM,35,NO CONTROLS,NO CONTROLS,CLEAR,DAYLIGHT,REAR END,NOT DIVIDED,,STRAIGHT AND LEVEL,DRY,NO DEFECTS,ON SCENE,NO INJURY / DRIVE AWAY,,,,"$501 - $1,500",07/19/2025 10:38:00 AM,FOLLOWING TOO CLOSELY,NOT APPLICABLE,3000,W,111TH ST,2211,,,,,,,3,NO INDICATION OF INJURY,0,0,0,0,0,3,0,10,7,7,41.6917314921,-87.6962117206,POINT (-87.696211720636 41.691731492068)
b780c5d19b6a73bf5bb853e74d6ab5ba3169ba95173c26819557fe7ea9e41dcc7d90162e14fe11111668064d142a667af2dd141c84fb3f597aae10bdf3d88506,,07/19/2025 10:30:00 AM,30,NO CONTROLS,NO CONTROLS,CLEAR,"DARKNESS, LIGHTED ROAD",REAR END,DIVIDED - W/MEDIAN BARRIER,,STRAIGHT AND LEVEL,DRY,NO DEFECTS,NOT ON SCENE (DESK REPORT),NO INJURY / DRIVE AWAY,,,Y,"$501 - $1,500",07/20/2025 09:00:00 AM,FOLLOWING TOO CLOSELY,FOLLOWING TOO CLOSELY,928,N,LAKE SHORE DR NB,1833,,,,,,,2,NO INDICATION OF INJURY,0,0,0,0,0,2,0,10,7,7,41.9000810191,-87.6192137151,POINT (-87.619213715076 41.900081019061)
31335df6f0412125253002e83b5706e3309dad07cc4b1de37317322a68c856c206867281e733d410b6ee475b82f2673ef8391af7b171241fec3babd635a59ea7,,07/19/2025 10:25:00 AM,30,NO CONTROLS,NO CONTROLS,CLEAR,DAYLIGHT,TURNING,NOT DIVIDED,,STRAIGHT AND LEVEL,DRY,NO DEFECTS,ON SCENE,NO INJURY / DRIVE AWAY,,,,"OVER $1,500",07/19/2025 10:27:00 AM,DRIVING SKILLS/KNOWLEDGE/EXPERIENCE,FAILING TO YIELD RIGHT-OF-WAY,4710,N,ELSTON AVE,1722,,,,,,,2,NO INDICATION OF INJURY,0,0,0,0,0,3,0,10,7,7,41.9664477896,-87.7379338011,POINT (-87.737933801075 41.966447789571)
89acabc7eb6177b917eae67a07a100eb62658a868503bf7a34413bd1bc400bf0819462295b776c48fb0e09dce65ae760eff555b08363cca3d9fb92dd187cb107,,07/19/2025 10:23:00 AM,25,TRAFFIC SIGNAL,FUNCTIONING PROPERLY,CLEAR,DAYLIGHT,REAR END,NOT DIVIDED,,STRAIGHT AND LEVEL,DRY,UNKNOWN,NOT ON SCENE (DESK REPORT),NO INJURY / DRIVE AWAY,,,Y,"$501 - $1,500",07/19/2025 11:00:00 AM,UNABLE TO DETERMINE,UNABLE TO DETERMINE,4060,W,DIVERSEY AVE,2523,,,,,,,2,NO INDICATION OF INJURY,0,0,0,0,0,2,0,10,7,7,41.9318663479,-87.7293089235,POINT (-87.729308923479 41.931866347889)
75d6ce60fc0252879a707e28193d55ccdf059465c64419fd86ca496500c47fa9ddd4993de6b9d3e04f26b0864f62b91827780393bfbd4074e0552103824c3e90,,07/19/2025 10:10:00 AM,30,STOP SIGN/FLASHER,FUNCTIONING PROPERLY,CLEAR,DAYLIGHT,SIDESWIPE SAME DIRECTION,OTHER,,STRAIGHT AND LEVEL,DRY,NO DEFECTS,,INJURY AND / OR TOW DUE TO CRASH,,,,"OVER $1,500",07/19/2025 10:16:00 AM,UNABLE TO DETERMINE,UNABLE TO DETERMINE,161,W,ILLINOIS ST,1831,,,,,,,2,NO INDICATION OF INJURY,0,0,0,0,0,2,0,10,7,7,41.8906826048,-87.6335259852,POINT (-87.633525985248 41.890682604798)
a3c7250c163a291899316e19dab2b1cad78ec293762228b9d74aaebb8ad7f4c1ce24e120059ed62a729f3808fec341b96e189a57d5d6cd21f7d8ffec1769d916,,07/19/2025 10:10:00 AM,30,NO CONTROLS,NO CONTROLS,CLEAR,DAYLIGHT,SIDESWIPE SAME DIRECTION,DIVIDED - W/MEDIAN (NOT RAISED),,STRAIGHT AND LEVEL,DRY,NO DEFECTS,ON SCENE,NO INJURY / DRIVE AWAY,,,Y,$500 OR LESS,07/19/2025 10:27:00 AM,IMPROPER LANE USAGE,UNABLE TO DETERMINE,3501,W,MADISON ST,1123,,,,,,,2,NO INDICATION OF INJURY,0,0,0,0,0,2,0,10,7,7,41.8807733271,-87.7137264897,POINT (-87.713726489697 41.880773327147)
ce419c0ade1937eb868bafafaadfc58e221fc3d7adf92a0e6122548381739bb94119e916c0edb0d26da6262bd58a460cee45ff67b9f7d8698129548db89374fd,,07/19/2025 10:10:00 AM,0,NO CONTROLS,NO CONTROLS,CLEAR,DAYLIGHT,PARKED MOTOR VEHICLE,NOT DIVIDED,,STRAIGHT AND LEVEL,DRY,NO DEFECTS,NOT ON SCENE (DESK REPORT),NO INJURY / DRIVE AWAY,,,,$500 OR LESS,07/19/2025 10:25:00 AM,UNABLE TO DETERMINE,UNABLE TO DETERMINE,3272,S,ARCHER AVE,912,,,,,,,2,NO INDICATION OF INJURY,0,0,0,0,0,1,0,10,7,7,41.8346425732,-87.6709455728,POINT (-87.670945572841 41.834642573209)
ec9aeffc9b80a8aaa7ff96310c9e8681683d573b8a3abd997514d31a38d0284ffcff8b350cb5bff89ea008f4cfb0735a7cdbde02ebac66aabf2da631f10c42cd,,07/19/2025 10:10:00 AM,30,TRAFFIC SIGNAL,FUNCTIONING PROPERLY,CLEAR,DAYLIGHT,TURNING,FOUR WAY,,STRAIGHT AND LEVEL,UNKNOWN,UNKNOWN,NOT ON SCENE (DESK REPORT),NO INJURY / DRIVE AWAY,,,,"OVER $1,500",07/19/2025 11:10:00 AM,IMPROPER OVERTAKING/PASSING,UNABLE TO DETERMINE,208,W,69TH ST,722,,,,,,,2,NO INDICATION OF INJURY,0,0,0,0,0,2,0,10,7,7,41.7691849981,-87.6302647844,POINT (-87.630264784412 41.769184998135)
45fd93425ab2cec39696aa3c3ca5e43dca12880a264285cad0e1fdf6057f9d35485a12993f6a9808688d6a30061657d0b354a3f7e9facd0da34636fa40d75c2e,Y,07/19/2025 10:00:00 AM,30,NO CONTROLS,NO CONTROLS,CLEAR,"DARKNESS, LIGHTED ROAD",PARKED MOTOR VEHICLE,ONE-WAY,,STRAIGHT AND LEVEL,DRY,NO DEFECTS,NOT ON SCENE (DESK REPORT),NO INJURY / DRIVE AWAY,,,Y,"OVER $1,500",07/19/2025 06:00:00 PM,FAILING TO REDUCE SPEED TO AVOID CRASH,UNABLE TO DETERMINE,3452,W,54TH ST,822,,,,,,,2,NO INDICATION OF INJURY,0,0,0,0,0,1,0,10,7,7,41.7953464419,-87.7106036798,POINT (-87.710603679786 41.795346441893)
a905df75fb141c9a570bf899642b5ee55a5a30f53683bc4b247baa7ed23ff65da7ab200ddf09ed0fe33095d84cdbe29b6315f289d0d60b018f22796ae8390921,,07/19/2025 10:00:00 AM,30,TRAFFIC SIGNAL,FUNCTIONING PROPERLY,CLEAR,DAYLIGHT,REAR END,NOT DIVIDED,,STRAIGHT AND LEVEL,UNKNOWN,UNKNOWN,NOT ON SCENE (DESK REPORT),NO INJURY / DRIVE AWAY,,,,"$501 - $1,500",07/19/2025 10:30:00 AM,UNABLE TO DETERMINE,NOT APPLICABLE,4001,W,47TH ST,815,,,,,,,2,NO INDICATION OF INJURY,0,0,0,0,0,2,0,10,7,7,41.8077734065,-87.723646197,POINT (-87.723646196989 41.807773406483)
e538127cd68972dee75b8dfb0703d038bc5479222a2d38233dd49a46f9fc0fba41e76aa7c1b6f656e2990fd3fa06e33389896fc24c42daf4fe248f9de8dab0bc,,07/19/2025 09:33:00 AM,30,UNKNOWN,UNKNOWN,CLEAR,DUSK,HEAD ON,CENTER TURN LANE,,STRAIGHT AND LEVEL,DRY,NO DEFECTS,NOT ON SCENE (DESK REPORT),NO INJURY / DRIVE AWAY,,,,"OVER $1,500",07/19/2025 10:45:00 PM,DRIVING ON WRONG SIDE/WRONG WAY,FAILING TO REDUCE SPEED TO AVOID CRASH,700,W,MADISON ST,1224,N,,,,,,2,NO INDICATION OF INJURY,0,0,0,0,0,2,0,9,7,7,41.8819097951,-87.6456222012,POINT (-87.645622201229 41.881909795065)
7361433cfae7464bb0410123266ef11477f972130818f05223fed3eb934e04f544d98c8aaf71ec94d344b39e62dffb658be310d029c0776a67429d303745a0bc,Y,07/19/2025 09:30:00 AM,25,NO CONTROLS,NO CONTROLS,CLEAR,DAYLIGHT,PARKED MOTOR VEHICLE,ONE-WAY,,STRAIGHT AND LEVEL,DRY,NO DEFECTS,ON SCENE,NO INJURY / DRIVE AWAY,,,Y,"OVER $1,500",07/19/2025 11:45:00 AM,UNABLE TO DETERMINE,NOT APPLICABLE,1231,S,TROY ST,1022,,,,,,,2,NO INDICATION OF INJURY,0,0,0,0,0,1,0,9,7,7,41.865448375,-87.7042708457,POINT (-87.70427084573 41.86544837505)
2cfd68296d15818c580116950f65aab5c15ba8c86aa8bdbe29b11845d727c9258216f4a29ffcf08da668fa7fe02a9f36c3825ee9f903b136001a6978f4887cf9,,07/19/2025 09:15:00 AM,30,UNKNOWN,UNKNOWN,CLEAR,DAYLIGHT,SIDESWIPE SAME DIRECTION,NOT DIVIDED,,STRAIGHT AND LEVEL,UNKNOWN,UNKNOWN,NOT ON SCENE (DESK REPORT),NO INJURY / DRIVE AWAY,,,,"OVER $1,500",07/20/2025 02:40:00 PM,UNABLE TO DETERMINE,UNABLE TO DETERMINE,800,N,WELLS ST,1823,,,,,,,2,NO INDICATION OF INJURY,0,0,0,0,0,2,0,9,7,7,41.896633749,-87.6343513372,POINT (-87.634351337228 41.896633749002)
3f2108dd023690b0621536fb4d6cea25d873dfff668460deefdce9b9c1dd0f19c7cb301aaae50a87d6a21105f4ed8ffbaf4dcee2f78e4441aba14329622ed9b7,,07/19/2025 09:15:00 AM,30,UNKNOWN,UNKNOWN,UNKNOWN,UNKNOWN,PARKED MOTOR VEHICLE,UNKNOWN,,STRAIGHT AND LEVEL,UNKNOWN,OTHER,NOT ON SCENE (DESK REPORT),NO INJURY / DRIVE AWAY,,,Y,"$501 - $1,500",07/19/2025 01:00:00 PM,UNABLE TO DETERMINE,NOT APPLICABLE,2264,N,LINCOLN AVE,1812,,,,,,,2,NO INDICATION OF INJURY,0,0,0,0,0,1,0,9,7,7,41.9232467649,-87.6459001836,POINT (-87.645900183571 41.923246764927)
c900b419ab892c252cf0cb34d71a50c6aad0895c83d1c323f2e575fc82d70b4b3a0d150b2de63fdcd5c22096c3ebe77045c04567c3649ce8bd05116f1bc27b14,,07/19/2025 09:05:00 AM,15,NO CONTROLS,NO CONTROLS,CLEAR,DAYLIGHT,REAR TO SIDE,PARKING LOT,,STRAIGHT AND LEVEL,DRY,NO DEFECTS,NOT ON SCENE (DESK REPORT),NO INJURY / DRIVE AWAY,,,,"$501 - $1,500",07/19/2025 09:15:00 AM,FAILING TO YIELD RIGHT-OF-WAY,NOT APPLICABLE,4036,N,NASHVILLE AVE,1632,,,,,,,2,NO INDICATION OF INJURY,0,0,0,0,0,2,0,9,7,7,41.9528981112,-87.7915022395,POINT (-87.791502239546 41.952898111214)
f04914462cfc5667f82ae44017b699ee8fd631286c421190061a111879c9b84d8c16a9b7b4fe1049051e2d03594978f13914649b751e398e200f89c28c41458e,Y,07/19/2025 09:00:00 AM,30,NO CONTROLS,NO CONTROLS,UNKNOWN,UNKNOWN,PARKED MOTOR VEHICLE,NOT DIVIDED,,STRAIGHT AND LEVEL,UNKNOWN,UNKNOWN,NOT ON SCENE (DESK REPORT),NO INJURY / DRIVE AWAY,,,Y,"OVER $1,500",07/19/2025 02:20:00 PM,UNABLE TO DETERMINE,UNABLE TO DETERMINE,5111,S,KENWOOD AVE,234,,,,,,,2,NO INDICATION OF INJURY,0,0,0,0,0,1,0,9,7,7,41.8020235434,-87.5933183719,POINT (-87.593318371905 41.802023543366)
1aea8a9243da9b290a824dc018837b6759765e62661cbe347c5c3f2030c96e67c4ec8e06cac77eaf224a98a612852bd95658c9cf03bdc7a8c704ca515b4e058f,,07/19/2025 08:46:00 AM,30,TRAFFIC SIGNAL,FUNCTIONING PROPERLY,CLEAR,DAYLIGHT,TURNING,DIVIDED - W/MEDIAN (NOT RAISED),,STRAIGHT AND LEVEL,DRY,UNKNOWN,ON SCENE,INJURY AND / OR TOW DUE TO CRASH,Y,,,"$501 - $1,500",07/19/2025 08:50:00 AM,IMPROPER TURNING/NO SIGNAL,NOT APPLICABLE,140,E,GRAND AVE,1834,,,,,,,2,NO INDICATION OF INJURY,0,0,0,0,0,2,0,8,7,7,41.8918402554,-87.6239244381,POINT (-87.623924438063 41.891840255412)
c90fc2683b73458721d7d2fb051665f659552081fd52fa04b5fb0e64a2539ee135a1841e0f3a99542accb0d60382fd9fc27c6bbecfd9c7a8ee1f5af7339e645e,,07/19/2025 08:45:00 AM,25,NO CONTROLS,NO CONTROLS,CLEAR,DAYLIGHT,SIDESWIPE SAME DIRECTION,NOT DIVIDED,,STRAIGHT AND LEVEL,DRY,NO DEFECTS,NOT ON SCENE (DESK REPORT),NO INJURY / DRIVE AWAY,,,,"OVER $1,500",07/21/2025 07:50:00 AM,UNABLE TO DETERMINE,NOT APPLICABLE,5609,N,BROADWAY,2022,,,,,,,2,NO INDICATION OF INJURY,0,0,0,0,0,2,0,8,7,7,41.9839453535,-87.659930856,POINT (-87.65993085603 41.983945353545)
539ecd46040c4cccfee9b2f5d6771eb854ec4284d2fb2357c2eb910ff4cb852d9f7f373404c06de02e190ded87c9bf3cb2590d2806f13e4d000c85615f104e6b,,07/19/2025 08:30:00 AM,30,TRAFFIC SIGNAL,FUNCTIONING PROPERLY,CLEAR,DAYLIGHT,REAR END,NOT DIVIDED,,STRAIGHT AND LEVEL,DRY,NO DEFECTS,NOT ON SCENE (DESK REPORT),NO INJURY / DRIVE AWAY,Y,,Y,"OVER $1,500",07/19/2025 06:48:00 PM,UNABLE TO DETERMINE,NOT APPLICABLE,2219,S,PRINCETON AVE,914,,,,,,,2,NO INDICATION OF INJURY,0,0,0,0,0,2,0,8,7,7,41.8522928469,-87.6346412247,POINT (-87.634641224731 41.852292846856)
bdd40056e1bf8ca9cd3fb1b7c993251d41f8a77dc69c4eeacf06f87f83308bc664bed157152326867a48601449741a4fc8e61123b770ed177cd2ae7c006e5cb4,,07/19/2025 08:29:00 AM,30,TRAFFIC SIGNAL,FUNCTIONING PROPERLY,CLOUDY/OVERCAST,DAYLIGHT,SIDESWIPE OPPOSITE DIRECTION,T-INTERSECTION,,STRAIGHT AND LEVEL,DRY,NO DEFECTS,ON SCENE,INJURY AND / OR TOW DUE TO CRASH,Y,,Y,"OVER $1,500",07/19/2025 08:36:00 AM,UNABLE TO DETERMINE,UNABLE TO DETERMINE,5321,S,PULASKI RD,822,,,,,,,2,NO INDICATION OF INJURY,0,0,0,0,0,2,0,8,7,7,41.7962025618,-87.7230985819,POINT (-87.723098581934 41.796202561752)
0940f33404ab9676eb03c733aa9b688ef4d10ac4517651344659fbd1d103c94113311d4f7569eab42c29107aa9ae23d60324dc877453c2a540d4ee69224d8683,,07/19/2025 08:20:00 AM,30,TRAFFIC SIGNAL,FUNCTIONING PROPERLY,CLEAR,DAYLIGHT,TURNING,NOT DIVIDED,,STRAIGHT AND LEVEL,DRY,NO DEFECTS,NOT ON SCENE (DESK REPORT),NO INJURY / DRIVE AWAY,,,,"OVER $1,500",07/19/2025 05:30:00 PM,FOLLOWING TOO CLOSELY,UNABLE TO DETERMINE,4048,S,PULASKI RD,815,,,,,,,2,NO INDICATION OF INJURY,0,0,0,0,0,2,0,8,7,7,41.8190524663,-87.7241127025,POINT (-87.7241127025 41.819052466282)
4bd6436533794a3330983581820bf80251f1e20dcc401f763a43f73f5d06c288ce58ad26ec5620546ed945697a20c720c5afffddf42fc00049e8f0185f4c494e,,07/19/2025 08:05:00 AM,30,TRAFFIC SIGNAL,FUNCTIONING PROPERLY,CLEAR,DAYLIGHT,TURNING,FOUR WAY,,STRAIGHT AND LEVEL,DRY,NO DEFECTS,NOT ON SCENE (DESK REPORT),NO INJURY / DRIVE AWAY,Y,,,"OVER $1,500",07/19/2025 09:10:00 AM,IMPROPER TURNING/NO SIGNAL,NOT APPLICABLE,530,N,DEARBORN ST,1831,,,,,,,2,NO INDICATION OF INJURY,0,0,0,0,0,2,0,8,7,7,41.8916820178,-87.6298011486,POINT (-87.629801148647 41.891682017778)
1c4c04ff23ea16a46cd738fff2205e437e336ff515bae3e7322bbefd99092587208e5fb3a530f93e27751fc2f8d3485e210606402a869b36bbd55b016728f990,Y,07/19/2025 08:00:00 AM,30,NO CONTROLS,NO CONTROLS,UNKNOWN,UNKNOWN,PARKED MOTOR VEHICLE,ONE-WAY,,STRAIGHT AND LEVEL,UNKNOWN,UNKNOWN,NOT ON SCENE (DESK REPORT),NO INJURY / DRIVE AWAY,,,,"$501 - $1,500",07/20/2025 10:55:00 AM,DRIVING SKILLS/KNOWLEDGE/EXPERIENCE,UNABLE TO DETERMINE,4920,N,KENMORE AVE,2024,,,,,,,2,NO INDICATION OF INJURY,0,0,0,0,0,1,0,8,7,7,41.9722005031,-87.6564476505,POINT (-87.656447650479 41.972200503121)
7fe08777db4c255f2a89626d735f6c858da7c773d0177caa2a342aa65195ef6b3f1b210ae7f6f8ee98e31e2d1a2e50c001728463250eabe64dad0dfa4e67d214,Y,07/19/2025 08:00:00 AM,30,NO CONTROLS,NO CONTROLS,UNKNOWN,UNKNOWN,PARKED MOTOR VEHICLE,ONE-WAY,,STRAIGHT AND LEVEL,UNKNOWN,UNKNOWN,NOT ON SCENE (DESK REPORT),NO INJURY / DRIVE AWAY,,,Y,"OVER $1,500",07/23/2025 01:00:00 PM,UNABLE TO DETERMINE,NOT APPLICABLE,6922,S,INDIANA AVE,322,,,,,,,2,NO INDICATION OF INJURY,0,0,0,0,0,1,0,8,7,7,41.7685149361,-87.620338478,POINT (-87.620338478035 41.768514936074)
db8bfc04ca3d3105163213b28eacf0a5ea213900a048bc6b6b78c7c2362ecf14e57c7e61c5ba32ea35030e6b3683177a339b3a27d48c088d72ec85974e531b06,,07/19/2025 07:55:00 AM,20,NO CONTROLS,NO CONTROLS,CLEAR,DAYLIGHT,REAR TO SIDE,ALLEY,,STRAIGHT AND LEVEL,DRY,NO DEFECTS,ON SCENE,NO INJURY / DRIVE AWAY,,,,"$501 - $1,500",07/19/2025 07:55:00 AM,UNABLE TO DETERMINE,IMPROPER BACKING,6751,S,LOOMIS BLVD,724,,,,,,,2,NO INDICATION OF INJURY,0,0,0,0,0,3,0,7,7,7,41.7707496482,-87.658975874,POINT (-87.658975874011 41.770749648185)
aecb722a90be67252998b7a61acb6670a56bd360097e54b00e0c8b46189b12d8ad2505acc9e00b8c58b4ed5ee4251bc99827ba63f58190df862f211e154edeb0,,07/19/2025 07:45:00 AM,30,NO CONTROLS,NO CONTROLS,CLEAR,DAYLIGHT,ANGLE,OTHER,,STRAIGHT AND LEVEL,DRY,NO DEFECTS,ON SCENE,NO INJURY / DRIVE AWAY,,,,"$501 - $1,500",07/19/2025 07:49:00 AM,FAILING TO YIELD RIGHT-OF-WAY,NOT APPLICABLE,6125,N,MILWAUKEE AVE,1611,,,,,,,2,NO INDICATION OF INJURY,0,0,0,0,0,2,0,7,7,7,41.9928754428,-87.7835214846,POINT (-87.783521484588 41.992875442761)
4af69f2f883a3baa79f0f4b760f76993392c52529fb4d882fe0807ab8de0ebf949e69a26f2eb227675fb1f0ce1c3cf01134ea3aee650f28fb5ca35bdcd031538,,07/19/2025 07:40:00 AM,35,NO CONTROLS,NO CONTROLS,CLOUDY/OVERCAST,DAYLIGHT,SIDESWIPE SAME DIRECTION,DIVIDED - W/MEDIAN BARRIER,,STRAIGHT AND LEVEL,DRY,NO DEFECTS,NOT ON SCENE (DESK REPORT),NO INJURY / DRIVE AWAY,,,,"OVER $1,500",07/19/2025 08:25:00 AM,UNABLE TO DETERMINE,UNABLE TO DETERMINE,5855,S,CICERO AVE,813,,,,,,,2,NO INDICATION OF INJURY,0,0,0,0,0,2,0,7,7,7,41.7859052777,-87.7412023829,POINT (-87.741202382852 41.785905277739)
0eda15966a08d0fcb81a0560f4941560c6b3aee52c0e352b4ebe9bca0f085f046851dbd48c58b241ea60ed8c48fdf78fdb4ff8135e346f95d4d61173b9f0699b,Y,07/19/2025 07:30:00 AM,20,STOP SIGN/FLASHER,FUNCTIONING PROPERLY,CLEAR,DAYLIGHT,ANGLE,DIVIDED - W/MEDIAN (NOT RAISED),,STRAIGHT AND LEVEL,DRY,NO DEFECTS,NOT ON SCENE (DESK REPORT),NO INJURY / DRIVE AWAY,Y,,Y,"OVER $1,500",07/19/2025 08:00:00 AM,UNABLE TO DETERMINE,UNABLE TO DETERMINE,5301,W,JACKSON BLVD,1522,,,,,,,2,NO INDICATION OF INJURY,0,0,0,0,0,2,0,7,7,7,41.8765152087,-87.7576549181,POINT (-87.757654918133 41.876515208737)
73ee6ebce8d143fb694493b802f8ff8d0c444fe5caf3b5fd08c413221417814c3390710ec4ea78cf301964945c223c1e849da0df8a99e8a16d5494540d51ddf7,,07/19/2025 07:30:00 AM,20,NO CONTROLS,NO CONTROLS,CLEAR,DAYLIGHT,PARKED MOTOR VEHICLE,NOT DIVIDED,,STRAIGHT AND LEVEL,DRY,NO DEFECTS,ON SCENE,INJURY AND / OR TOW DUE TO CRASH,,,Y,"OVER $1,500",07/19/2025 07:45:00 AM,UNABLE TO DETERMINE,NOT APPLICABLE,805,E,83RD ST,632,,,,,,,2,NO INDICATION OF INJURY,0,0,0,0,0,1,0,7,7,7,41.7438631646,-87.6047965325,POINT (-87.604796532523 41.74386316456)
2310b9da429d5f6397ae6b3e1151e3395e2e4b400ad1ecd7d3884fb2acfd6864c88c535ee76ec3e2c4dcabbd1625ab6cbbc9720c273db7b7ccef912031e5ce76,,07/19/2025 07:10:00 AM,30,TRAFFIC SIGNAL,FUNCTIONING PROPERLY,CLEAR,DAYLIGHT,TURNING,FOUR WAY,,STRAIGHT AND LEVEL,DRY,NO DEFECTS,NOT ON SCENE (DESK REPORT),NO INJURY / DRIVE AWAY,,,,"$501 - $1,500",07/19/2025 07:20:00 AM,IMPROPER LANE USAGE,IMPROPER LANE USAGE,6300,N,BROADWAY,2433,,,,,,,2,NO INDICATION OF INJURY,0,0,0,0,0,2,0,7,7,7,41.996462002,-87.6606096651,POINT (-87.660609665094 41.996462001969)
39e3d1bf3dc96879a7bfa1adf6e40fb9cc69a703a09f0ad2fd7dd576ef0af48126dd9a26642dfd33bbc6dcc662bbfd2935a5b697ea19291599d4ade5b9c089c7,,07/19/2025 07:00:00 AM,10,NO CONTROLS,NO CONTROLS,CLEAR,DAYLIGHT,PARKED MOTOR VEHICLE,PARKING LOT,,STRAIGHT AND LEVEL,DRY,NO DEFECTS,NOT ON SCENE (DESK REPORT),NO INJURY / DRIVE AWAY,,,Y,"OVER $1,500",07/19/2025 07:59:00 AM,UNABLE TO DETERMINE,NOT APPLICABLE,1380,W,LAKE ST,1215,,,,,,,2,NO INDICATION OF INJURY,0,0,0,0,0,1,0,7,7,7,41.885535212,-87.6618972478,POINT (-87.66189724784 41.885535211997)
24c583f13101689734050496d03dc810fd84fded6ac1e2d4067412c130be911bca854a83a5d4f84be70e1053a3679c8cea2296e0bdd413ce2882f5a4b315c87a,,07/19/2025 06:30:00 AM,30,NO CONTROLS,NO CONTROLS,CLEAR,DARKNESS,PARKED MOTOR VEHICLE,DIVIDED - W/MEDIAN (NOT RAISED),,STRAIGHT AND LEVEL,DRY,NO DEFECTS,ON SCENE,NO INJURY / DRIVE AWAY,,,Y,"OVER $1,500",07/19/2025 06:38:00 AM,UNABLE TO DETERMINE,UNABLE TO DETERMINE,2417,W,DIVERSEY AVE,1411,,,,,,,3,NO INDICATION OF INJURY,0,0,0,0,0,1,0,6,7,7,41.9320508834,-87.6886307148,POINT (-87.688630714802 41.932050883379)
42e09b5f5b2e19611e66aa4e235ab7c9dd74792d44ec5852295b838df5619e354d919400b704bf8486d03d3163a2130beac5b601e8aa30422787ea5c4702891f,,07/19/2025 06:30:00 AM,30,OTHER REG. SIGN,FUNCTIONING PROPERLY,CLEAR,DAYLIGHT,ANGLE,FOUR WAY,,STRAIGHT AND LEVEL,DRY,NO DEFECTS,NOT ON SCENE (DESK REPORT),INJURY AND / OR TOW DUE TO CRASH,Y,,,"OVER $1,500",07/19/2025 10:00:00 AM,DRIVING SKILLS/KNOWLEDGE/EXPERIENCE,DISREGARDING TRAFFIC SIGNALS,302,S,CLARK ST,122,,,,,,,2,NO INDICATION OF INJURY,0,0,0,0,0,2,0,6,7,7,41.8780370181,-87.6309291457,POINT (-87.630929145691 41.878037018138)