CRASH_RECORD_ID,CRASH_DATE_EST_I,CRASH_DATE,POSTED_SPEED_LIMIT,TRAFFIC_CONTROL_DEVICE,DEVICE_CONDITION,WEATHER_CONDITION,LIGHTING_CONDITION,FIRST_CRASH_TYPE,TRAFFICWAY_TYPE,LANE_CNT,ALIGNMENT,ROADWAY_SURFACE_COND,ROAD_DEFECT,REPORT_TYPE,CRASH_TYPE,INTERSECTION_RELATED_I,NOT_RIGHT_OF_WAY_I,HIT_AND_RUN_I,DAMAGE,DATE_POLICE_NOTIFIED,PRIM_CONTRIBUTORY_CAUSE,SEC_CONTRIBUTORY_CAUSE,STREET_NO,STREET_DIRECTION,STREET_NAME,BEAT_OF_OCCURRENCE,PHOTOS_TAKEN_I,STATEMENTS_TAKEN_I,DOORING_I,WORK_ZONE_I,WORK_ZONE_TYPE,WORKERS_PRESENT_I,NUM_UNITS,MOST_SEVERE_INJURY,INJURIES_TOTAL,INJURIES_FATAL,INJURIES_INCAPACITATING,INJURIES_NON_INCAPACITATING,INJURIES_REPORTED_NOT_EVIDENT,INJURIES_NO_INDICATION,INJURIES_UNKNOWN,CRASH_HOUR,CRASH_DAY_OF_WEEK,CRASH_MONTH,LATITUDE,LONGITUDE,LOCATION
d35b0f16d1c75d61f6b7405bd08e47637d04a6e0e8291f385b84ec38ba490daf78fa56f9aab97c655463ecaf4a27f921f755f9175e0ba148815e52cb11b96307,,07/19/2025 06:30:00 AM,30,TRAFFIC SIGNAL,FUNCTIONING PROPERLY,CLEAR,DAYLIGHT,SIDESWIPE SAME DIRECTION,NOT DIVIDED,,STRAIGHT AND LEVEL,DRY,NO DEFECTS,NOT ON SCENE (DESK REPORT),NO INJURY / DRIVE AWAY,,,Y,"OVER $1,500",07/19/2025 06:45:00 AM,UNABLE TO DETERMINE,UNABLE TO DETERMINE,6301,S,ASHLAND AVE,725,,,,,,,2,NO INDICATION OF INJURY,0,0,0,0,0,2,0,6,7,7,41.7793759357,-87.6640720913,POINT (-87.664072091298 41.779375935711)
4ec4663778fa28fef6495378d6db8ed1092e9946b2445b777cbcf1d7c2f55dc829d12c74ed342583ae7441576f15dda28e29376c7f843a790db1437e0ac3216e,,07/19/2025 06:15:00 AM,30,NO CONTROLS,NO CONTROLS,CLEAR,DAWN,REAR END,NOT DIVIDED,,STRAIGHT AND LEVEL,DRY,UNKNOWN,NOT ON SCENE (DESK REPORT),INJURY AND / OR TOW DUE TO CRASH,,,,"OVER $1,500",07/19/2025 11:30:00 AM,UNABLE TO DETERMINE,NOT APPLICABLE,2100,E,130TH ST,434,,,,,,,2,NONINCAPACITATING INJURY,1,0,0,1,0,1,0,6,7,7,41.6593079737,-87.5724411483,POINT (-87.572441148271 41.659307973669)
f4bc0f2421c845e71a2124ec75930ea1137ff889f09dcc1295e211d647f7cba80b225cbd7c9d5f0f6f3f3befaa4edf20e24fbd1c9366bc6ca685d8312e06a95b,,07/19/2025 06:15:00 AM,30,UNKNOWN,UNKNOWN,UNKNOWN,UNKNOWN,REAR END,FOUR WAY,,STRAIGHT AND LEVEL,UNKNOWN,UNKNOWN,NOT ON SCENE (DESK REPORT),NO INJURY / DRIVE AWAY,Y,,,$500 OR LESS,07/19/2025 05:35:00 PM,UNABLE TO DETERMINE,UNABLE TO DETERMINE,13000,S,STONY ISLAND AVE,434,,,,,,,2,NO INDICATION OF INJURY,0,0,0,0,0,2,0,6,7,7,,,
42731deb04c4da44e90a102c801b8dce48487ab9084a7999a25b0df9b70a96d8662a89b671f8a07755057885afa0118b3c7fb0bf8156b0dfa92b22a873e6da82,,07/19/2025 05:45:00 AM,30,NO CONTROLS,NO CONTROLS,CLEAR,DAWN,PARKED MOTOR VEHICLE,NOT DIVIDED,,STRAIGHT AND LEVEL,DRY,NO DEFECTS,ON SCENE,INJURY AND / OR TOW DUE TO CRASH,,,,"OVER $1,500",07/19/2025 05:46:00 AM,PHYSICAL CONDITION OF DRIVER,FAILING TO REDUCE SPEED TO AVOID CRASH,5100,W,DIVERSEY AVE,2521,,,,,,,2,NONINCAPACITATING INJURY,1,0,0,1,0,0,0,5,7,7,41.9315417683,-87.7540862233,POINT (-87.754086223274 41.931541768265)
510ab66e204ebab711116334f5a5160f549f33728f02bd4ce1f934e2212029dbcbe0624527e68bc465f015762ed442fb5eee7e1cb078de9d16e11a38d4e27630,,07/19/2025 05:39:00 AM,30,TRAFFIC SIGNAL,FUNCTIONING PROPERLY,CLEAR,DAYLIGHT,ANGLE,NOT DIVIDED,,STRAIGHT AND LEVEL,DRY,NO DEFECTS,ON SCENE,INJURY AND / OR TOW DUE TO CRASH,Y,,,"OVER $1,500",07/19/2025 05:39:00 AM,DISREGARDING TRAFFIC SIGNALS,NOT APPLICABLE,200,W,69TH ST,722,,,,,,,2,NONINCAPACITATING INJURY,1,0,0,1,0,1,0,5,7,7,41.7691905032,-87.6299240958,POINT (-87.629924095777 41.769190503193)
ba7ee16ad4e9c3c96dbaee9157b48e53d66f5820cc505a4d3f9056c35092e4d6d9dece2b85a4b6476982116a5d06b0efc505565d175e1f2de0a7ec621783b7ee,,07/19/2025 05:24:00 AM,30,NO CONTROLS,NO CONTROLS,CLEAR,DAYLIGHT,HEAD ON,NOT DIVIDED,,STRAIGHT AND LEVEL,DRY,NO DEFECTS,ON SCENE,INJURY AND / OR TOW DUE TO CRASH,,,,"OVER $1,500",07/19/2025 05:45:00 AM,UNABLE TO DETERMINE,UNABLE TO DETERMINE,2150,E,130TH ST,434,,,,,,,3,"REPORTED, NOT EVIDENT",2,0,0,0,2,1,0,5,7,7,41.6593007363,-87.5706473864,POINT (-87.570647386399 41.659300736346)
26989976cfa48cb51188580ce9f28b0a45482163204d05aac51991f1d5fa6466d2749b6d8ff41930bbeb0be7f0ca8892e4421d70354f97e9a9051cd6a84bb087,,07/19/2025 05:18:00 AM,30,NO CONTROLS,NO CONTROLS,CLEAR,DAYLIGHT,PARKED MOTOR VEHICLE,DIVIDED - W/MEDIAN (NOT RAISED),,STRAIGHT AND LEVEL,DRY,NO DEFECTS,ON SCENE,INJURY AND / OR TOW DUE TO CRASH,,,,"OVER $1,500",07/19/2025 06:50:00 AM,EQUIPMENT - VEHICLE CONDITION,DRIVING SKILLS/KNOWLEDGE/EXPERIENCE,8354,S,ANTHONY AVE,412,,,,,,,3,NO INDICATION OF INJURY,0,0,0,0,0,1,0,5,7,7,41.7430154658,-87.5769918963,POINT (-87.576991896265 41.743015465794)
415d1c68f699165fb31656271023b90da7bcbe38c63fbfeb80562b971c094c5a09efea0e5969bfb1d4e0d053cdf2bf8bf218c1d4a5f6726b28a0ad1de7f3e9d5,,07/19/2025 05:08:00 AM,30,TRAFFIC SIGNAL,FUNCTIONING PROPERLY,CLEAR,DAWN,ANGLE,FOUR WAY,,STRAIGHT AND LEVEL,DRY,NO DEFECTS,ON SCENE,INJURY AND / OR TOW DUE TO CRASH,Y,,,"OVER $1,500",07/19/2025 05:08:00 AM,FAILING TO YIELD RIGHT-OF-WAY,FAILING TO YIELD RIGHT-OF-WAY,1200,W,83RD ST,613,,Y,,,,,2,NONINCAPACITATING INJURY,3,0,0,2,1,0,0,5,7,7,41.7433244753,-87.6536048781,POINT (-87.653604878089 41.743324475294)
4eec83f6f28bc67c0e5a03bb0e119996874f1c8e91b75a5aaa484c1e5eae6b1ef92b6f550be5923e925f7dccb3a9061f91f87fa367e8567a7587a9aa077ac2dc,,07/19/2025 04:45:00 AM,30,NO CONTROLS,NO CONTROLS,UNKNOWN,UNKNOWN,SIDESWIPE SAME DIRECTION,NOT DIVIDED,,STRAIGHT AND LEVEL,UNKNOWN,UNKNOWN,NOT ON SCENE (DESK REPORT),NO INJURY / DRIVE AWAY,,,Y,$500 OR LESS,07/19/2025 06:23:00 PM,UNABLE TO DETERMINE,UNABLE TO DETERMINE,399,E,43RD ST,221,,,,,,,2,NO INDICATION OF INJURY,0,0,0,0,0,2,0,4,7,7,41.8165281681,-87.6165398818,POINT (-87.61653988185 41.816528168141)
208f1431cc27d530c596137e3c45dfa38aec445dac9ab5aecf07d2afb68a1ba444341a8f30c1deb3eb2350f6345df138cfc26c81dd05be79b3d03772647766bb,,07/19/2025 04:20:00 AM,30,TRAFFIC SIGNAL,FUNCTIONING PROPERLY,CLEAR,"DARKNESS, LIGHTED ROAD",TURNING,FOUR WAY,,STRAIGHT AND LEVEL,DRY,NO DEFECTS,ON SCENE,INJURY AND / OR TOW DUE TO CRASH,,,Y,$500 OR LESS,07/19/2025 04:26:00 AM,IMPROPER TURNING/NO SIGNAL,IMPROPER TURNING/NO SIGNAL,153,W,GARFIELD BLVD,225,,Y,,,,,2,NONINCAPACITATING INJURY,1,0,0,1,0,3,0,4,7,7,41.7941026697,-87.6299081447,POINT (-87.629908144743 41.794102669688)
ef7c9b172f99f3d3fe33143f182cc798f7d22dea74c5d85fa089b6f0ffb3e55b64c710164d145c511ff43908eb77f36007f73461e17cdd798ef1dd6533869e7c,,07/19/2025 04:08:00 AM,25,NO CONTROLS,NO CONTROLS,CLEAR,DAYLIGHT,PARKED MOTOR VEHICLE,ONE-WAY,,STRAIGHT AND LEVEL,DRY,NO DEFECTS,NOT ON SCENE (DESK REPORT),NO INJURY / DRIVE AWAY,,,Y,"OVER $1,500",07/19/2025 04:46:00 PM,NOT APPLICABLE,NOT APPLICABLE,3612,N,FREMONT ST,1923,,,,,,,2,NO INDICATION OF INJURY,0,0,0,0,0,1,0,4,7,7,41.9477061258,-87.6520683542,POINT (-87.652068354238 41.947706125783)
4ef0bd11b6605706e78d69ee307503d3b091ea3848df902eb165ba36e4f79f60637455bb6f1d6898edc7118fa52851303c47a453b8aa4ea3f95d107e9ee4adba,,07/19/2025 03:40:00 AM,30,NO CONTROLS,NO CONTROLS,CLEAR,"DARKNESS, LIGHTED ROAD",PARKED MOTOR VEHICLE,NOT DIVIDED,,STRAIGHT AND LEVEL,DRY,NO DEFECTS,ON SCENE,NO INJURY / DRIVE AWAY,,,Y,"OVER $1,500",07/19/2025 03:42:00 AM,UNABLE TO DETERMINE,NOT APPLICABLE,11122,S,SPAULDING AVE,2211,,,,,,,2,NO INDICATION OF INJURY,0,0,0,0,0,2,0,3,7,7,41.6908360171,-87.703384353,POINT (-87.70338435296 41.69083601711)
e033af93c343d9bbe0af4bfd4feefa8196ae3c9fe2397a7bd80c91441ec6529f0dd9b341e8f0e6ea0f73c1e7cef8daa64c52321e567f8f5aa2ddb7f8256d0ca4,,07/19/2025 03:38:00 AM,30,NO CONTROLS,NO CONTROLS,CLEAR,DARKNESS,TURNING,T-INTERSECTION,,STRAIGHT AND LEVEL,DRY,NO DEFECTS,NOT ON SCENE (DESK REPORT),NO INJURY / DRIVE AWAY,Y,,Y,"OVER $1,500",07/19/2025 03:53:00 AM,IMPROPER TURNING/NO SIGNAL,NOT APPLICABLE,229,S,WESTERN AVE,1225,,,,,,,2,NO INDICATION OF INJURY,0,0,0,0,0,3,0,3,7,7,41.8776646457,-87.6861964827,POINT (-87.686196482682 41.877664645689)
9be75df49483cc44243f46dbc579abddfa9905869700175afc2719218aef727a5c1f2ddc8fdec18330a46071a820bec091ea62d88a3b7b191e554114b12c9bb2,,07/19/2025 03:26:00 AM,20,NO CONTROLS,NO CONTROLS,CLEAR,"DARKNESS, LIGHTED ROAD",PARKED MOTOR VEHICLE,NOT DIVIDED,,STRAIGHT AND LEVEL,DRY,NO DEFECTS,NOT ON SCENE (DESK REPORT),NO INJURY / DRIVE AWAY,,,Y,"$501 - $1,500",07/20/2025 12:03:00 PM,UNABLE TO DETERMINE,NOT APPLICABLE,6345,S,LATROBE AVE,813,,,,,,,2,NO INDICATION OF INJURY,0,0,0,0,0,1,0,3,7,7,41.7769129154,-87.7530307598,POINT (-87.753030759821 41.776912915391)
6293deb50fd6cac7256d04a3d2e907a04998f18d90fc086561f05452e430007306ef1cb0c5744d0f1cacf4d4c0fa5bbbb51619bcfe67a9235996aea3dedb0b35,,07/19/2025 03:15:00 AM,35,NO CONTROLS,NO CONTROLS,UNKNOWN,UNKNOWN,PARKED MOTOR VEHICLE,NOT DIVIDED,,STRAIGHT AND LEVEL,UNKNOWN,UNKNOWN,ON SCENE,NO INJURY / DRIVE AWAY,,,Y,"$501 - $1,500",07/19/2025 10:44:00 AM,UNABLE TO DETERMINE,NOT APPLICABLE,4818,S,PRINCETON AVE,935,,,,,,,2,NO INDICATION OF INJURY,0,0,0,0,0,1,0,3,7,7,41.8066463662,-87.6334467087,POINT (-87.633446708696 41.806646366246)
6f9b4a26c571fcebdca9ff01d93719acf51b52df4b7c5a6b74fa2fb819d3ced09e96c61a75d29b36a363ac0d3e8067dd45197646c238b5b80fc8cf155ce7831e,,07/19/2025 03:05:00 AM,30,NO CONTROLS,NO CONTROLS,CLEAR,"DARKNESS, LIGHTED ROAD",PARKED MOTOR VEHICLE,ROUNDABOUT,,STRAIGHT AND LEVEL,DRY,NO DEFECTS,ON SCENE,INJURY AND / OR TOW DUE TO CRASH,,,Y,"OVER $1,500",07/19/2025 03:05:00 AM,DRIVING ON WRONG SIDE/WRONG WAY,NOT APPLICABLE,2100,W,ADAMS ST,1223,,,,,,,2,NO INDICATION OF INJURY,0,0,0,0,0,1,0,3,7,7,41.8788112442,-87.6790910993,POINT (-87.679091099325 41.87881124424)
20debc1a055601604a0e7b6f5a7884cf874cd72e531033a114734c41538b6f3e60e33b92530c847e0a1452680921691e0439d3453b544c0aa6ed59ca093b315f,,07/19/2025 03:00:00 AM,30,UNKNOWN,UNKNOWN,CLEAR,DAYLIGHT,REAR END,DIVIDED - W/MEDIAN (NOT RAISED),,STRAIGHT AND LEVEL,DRY,UNKNOWN,,NO INJURY / DRIVE AWAY,,,Y,"OVER $1,500",07/19/2025 04:00:00 AM,UNABLE TO DETERMINE,NOT APPLICABLE,246,W,51ST ST,935,,,,,,,2,NO INDICATION OF INJURY,0,0,0,0,0,2,0,3,7,7,41.8019174363,-87.6326810229,POINT (-87.632681022919 41.801917436284)
797f84d6eb9aabf0846f4c46b1ae07a655a185f3c693e3558bb642d461f2cc76908fb3a974b9913572d42ee3a9c63881d59722e98a7eee70709c068f2522c3cd,,07/19/2025 03:00:00 AM,30,NO CONTROLS,NO CONTROLS,UNKNOWN,"DARKNESS, LIGHTED ROAD",PARKED MOTOR VEHICLE,OTHER,,STRAIGHT AND LEVEL,UNKNOWN,UNKNOWN,ON SCENE,NO INJURY / DRIVE AWAY,,,,$500 OR LESS,07/19/2025 10:15:00 AM,UNABLE TO DETERMINE,UNABLE TO DETERMINE,5350,W,MADISON ST,1522,,,,,,,2,NO INDICATION OF INJURY,0,0,0,0,0,1,0,3,7,7,41.8804255662,-87.7595163318,POINT (-87.759516331757 41.880425566158)
c1e8234092b3b47d51cafd980c547578daefc41ce53dda1db83a91a7b4c6a5ba6c06adf7415f3f6996e26cece960ece99d0bb45c46239d4a01b28a63fd064acf,,07/19/2025 03:00:00 AM,30,TRAFFIC SIGNAL,FUNCTIONING PROPERLY,CLEAR,"DARKNESS, LIGHTED ROAD",REAR END,NOT DIVIDED,,STRAIGHT AND LEVEL,DRY,NO DEFECTS,NOT ON SCENE (DESK REPORT),NO INJURY / DRIVE AWAY,Y,,,"OVER $1,500",07/19/2025 03:30:00 AM,DISREGARDING TRAFFIC SIGNALS,DISTRACTION - FROM INSIDE VEHICLE,2600,S,WESTERN AVE,1034,,,,,,,2,NO INDICATION OF INJURY,0,0,0,0,0,3,0,3,7,7,41.8448203764,-87.6855931141,POINT (-87.685593114094 41.84482037639)
2f7fbb6e91aeb7fddc19e5766bfbb931be829ab3f42bc7f3a12df4e191af9a8408baaaa14f7aa930f2a038d3011b42a88d8da7198d8f9854868790c291146040,,07/19/2025 02:30:00 AM,30,TRAFFIC SIGNAL,FUNCTIONING PROPERLY,CLEAR,"DARKNESS, LIGHTED ROAD",REAR END,DIVIDED - W/MEDIAN (NOT RAISED),,STRAIGHT AND LEVEL,DRY,NO DEFECTS,NOT ON SCENE (DESK REPORT),NO INJURY / DRIVE AWAY,Y,,Y,"OVER $1,500",07/19/2025 02:40:00 AM,FAILING TO REDUCE SPEED TO AVOID CRASH,DISREGARDING TRAFFIC SIGNALS,3300,S,HALSTED ST,913,,,,,,,2,NO INDICATION OF INJURY,0,0,0,0,0,3,0,2,7,7,41.8348079768,-87.6463487291,POINT (-87.646348729083 41.834807976807)
3c0e93d8f4fcfd052add94646b5928da9a3248c7911be5730e48f623bed51335945fb76013efed163d8a0254b620414ea9cd045687fc802b6a96959028c01383,,07/19/2025 02:30:00 AM,30,NO CONTROLS,NO CONTROLS,CLEAR,"DARKNESS, LIGHTED ROAD",ANGLE,NOT DIVIDED,,STRAIGHT AND LEVEL,DRY,NO DEFECTS,ON SCENE,NO INJURY / DRIVE AWAY,,,Y,"$501 - $1,500",07/19/2025 02:37:00 AM,FAILING TO YIELD RIGHT-OF-WAY,FAILING TO YIELD RIGHT-OF-WAY,4461,N,PULASKI RD,1723,,,,,,,2,NO INDICATION OF INJURY,0,0,0,0,0,2,0,2,7,7,41.9627399833,-87.7277287223,POINT (-87.727728722284 41.962739983294)
9fb0f225ab5d539c7ecef3a78c6cb1c83012f5a17e08612183d62258387dc6b1680b2773aedeeaa201f9f2ec907895efde12949b660fa16b69b00ed100d89a30,,07/19/2025 02:30:00 AM,30,TRAFFIC SIGNAL,UNKNOWN,CLEAR,DARKNESS,REAR END,DIVIDED - W/MEDIAN (NOT RAISED),,STRAIGHT AND LEVEL,UNKNOWN,UNKNOWN,NOT ON SCENE (DESK REPORT),NO INJURY / DRIVE AWAY,,,Y,"$501 - $1,500",07/19/2025 02:50:00 AM,FOLLOWING TOO CLOSELY,NOT APPLICABLE,4200,W,63RD ST,813,,,,,,,3,NO INDICATION OF INJURY,0,0,0,0,0,3,0,2,7,7,41.7787078627,-87.7277079901,POINT (-87.727707990149 41.778707862748)
c83463df4be32357ed3e9cb7af78d8f25bd382379195b132022358ebdb7094f72781c15bdd05ff43d3ccac30f95a1f542e8017fcdcd1aafcc73b5e63e1ef8e7b,,07/19/2025 02:30:00 AM,30,UNKNOWN,UNKNOWN,UNKNOWN,"DARKNESS, LIGHTED ROAD",PARKED MOTOR VEHICLE,NOT DIVIDED,,STRAIGHT AND LEVEL,UNKNOWN,UNKNOWN,ON SCENE,INJURY AND / OR TOW DUE TO CRASH,,,Y,"OVER $1,500",07/19/2025 02:30:00 AM,UNABLE TO DETERMINE,UNABLE TO DETERMINE,8145,S,DAMEN AVE,614,,,,,,,2,NO INDICATION OF INJURY,0,0,0,0,0,1,0,2,7,7,41.7452661573,-87.6728671035,POINT (-87.672867103459 41.745266157315)
0163c0e19deca402a15747dfea410437803504687b6cee19a7825952ceebf220e8b88fe45fe593b31aef317464799a52e545e4a1d54e10f8b3a2059d234314b1,,07/19/2025 02:16:00 AM,30,UNKNOWN,UNKNOWN,CLEAR,DUSK,REAR END,NOT DIVIDED,,STRAIGHT AND LEVEL,DRY,UNKNOWN,NOT ON SCENE (DESK REPORT),NO INJURY / DRIVE AWAY,,,,"$501 - $1,500",07/19/2025 04:00:00 AM,NOT APPLICABLE,UNABLE TO DETERMINE,926,W,RANDOLPH ST,1224,,,,,,,2,NO INDICATION OF INJURY,0,0,0,0,0,2,0,2,7,7,41.8844579782,-87.6508842284,POINT (-87.650884228443 41.884457978176)
5257db6819e2dfdb147373535e8ce242fe1fd5131217918d61d63de291fb75717091f80a173e52fef4945438dcba657a959f059e5c420e8b23fc3ff1e5fd143f,,07/19/2025 02:16:00 AM,15,STOP SIGN/FLASHER,FUNCTIONING PROPERLY,CLEAR,"DARKNESS, LIGHTED ROAD",REAR TO SIDE,ONE-WAY,,STRAIGHT AND LEVEL,DRY,NO DEFECTS,NOT ON SCENE (DESK REPORT),NO INJURY / DRIVE AWAY,,,Y,"$501 - $1,500",07/19/2025 03:45:00 AM,IMPROPER BACKING,NOT APPLICABLE,931,W,RANDOLPH ST,1224,,,,,,,2,NO INDICATION OF INJURY,0,0,0,0,0,3,0,2,7,7,41.8842384965,-87.6508779091,POINT (-87.650877909125 41.884238496531)
2e169a05cfd7acfd2b1dd2fb9445e3f1f71f0f590c0fd0cacbeda7986e6e6a3844e8f2028c3972add2fa7b59360e77307900b2aa35dc0dcd82ac5617187b1de8,,07/19/2025 02:10:00 AM,20,NO CONTROLS,NO CONTROLS,CLEAR,"DARKNESS, LIGHTED ROAD",ANGLE,FOUR WAY,,STRAIGHT AND LEVEL,DRY,NO DEFECTS,ON SCENE,INJURY AND / OR TOW DUE TO CRASH,Y,,Y,"OVER $1,500",07/19/2025 02:12:00 AM,FAILING TO REDUCE SPEED TO AVOID CRASH,NOT APPLICABLE,4900,S,CICERO AVE,814,,N,,,,,2,"REPORTED, NOT EVIDENT",1,0,0,0,1,1,0,2,7,7,41.8038771466,-87.7432043372,POINT (-87.743204337182 41.803877146599)
3b4969e856c3b1a73712a6913a0873dd2c788bb1789d786cbcd5fe43a4e59b59d2039da4c094c918d9b7134743fdf74428449b1cd82ec543d76371138337c09d,,07/19/2025 02:00:00 AM,20,NO CONTROLS,NO CONTROLS,CLEAR,"DARKNESS, LIGHTED ROAD",PARKED MOTOR VEHICLE,NOT DIVIDED,,STRAIGHT AND LEVEL,DRY,NO DEFECTS,NOT ON SCENE (DESK REPORT),NO INJURY / DRIVE AWAY,,,,"OVER $1,500",07/19/2025 03:35:00 AM,UNABLE TO DETERMINE,UNABLE TO DETERMINE,1138,N,HAMLIN AVE,1112,,,,,,,2,NO INDICATION OF INJURY,0,0,0,0,0,1,0,2,7,7,41.9020528386,-87.7215572893,POINT (-87.721557289254 41.902052838561)
8b95c981ec2bb855fd4376c20abf1cdaf3797f2f82ce9b702e205229153e21edb6e220cc44484a3cd23cc2e23f248165742a819799c369368801fc3aa461181f,,07/19/2025 02:00:00 AM,30,NO CONTROLS,NO CONTROLS,CLEAR,"DARKNESS, LIGHTED ROAD",PARKED MOTOR VEHICLE,NOT DIVIDED,,STRAIGHT AND LEVEL,UNKNOWN,UNKNOWN,NOT ON SCENE (DESK REPORT),NO INJURY / DRIVE AWAY,,,,"OVER $1,500",07/19/2025 10:10:00 AM,NOT APPLICABLE,UNABLE TO DETERMINE,1332,N,CLEVELAND AVE,1821,,,,,,,2,NO INDICATION OF INJURY,0,0,0,0,0,2,0,2,7,7,41.9066873986,-87.6410284719,POINT (-87.641028471933 41.906687398575)
b7b3d1aaf981f6c17f6cb5e1e76477a4e732932a0a655eb0e9f988b52db45fa584925d0fca7b02387e661f458d4784240842e5326a29a315f686e122f11e5f28,N,07/19/2025 02:00:00 AM,30,NO CONTROLS,NO CONTROLS,CLEAR,UNKNOWN,PARKED MOTOR VEHICLE,NOT DIVIDED,,STRAIGHT AND LEVEL,DRY,NO DEFECTS,ON SCENE,NO INJURY / DRIVE AWAY,,,Y,"OVER $1,500",07/19/2025 08:26:00 AM,UNABLE TO DETERMINE,NOT APPLICABLE,7355,N,ROGERS AVE,2424,,,,,,,2,NO INDICATION OF INJURY,0,0,0,0,0,1,0,2,7,7,42.0148524513,-87.6774744759,POINT (-87.677474475905 42.014852451283)
10841f7db68e2b69d39cef71f8f98482076ed9c9ebfc26a3a60df139bd738a80a420100142e31570082f199b7064959c9843d6de7b2f36aa7ae55291b36416e3,,07/19/2025 01:58:00 AM,30,NO CONTROLS,NO CONTROLS,UNKNOWN,UNKNOWN,REAR END,UNKNOWN,,STRAIGHT AND LEVEL,UNKNOWN,UNKNOWN,NOT ON SCENE (DESK REPORT),NO INJURY / DRIVE AWAY,,,Y,"OVER $1,500",07/22/2025 05:50:00 PM,UNABLE TO DETERMINE,UNABLE TO DETERMINE,242,W,GARFIELD BLVD,935,,,,,,,2,NO INDICATION OF INJURY,0,0,0,0,0,2,0,1,7,7,41.7946388263,-87.6322670455,POINT (-87.632267045463 41.794638826304)
7ecb1b7fa69f0acd948002bebd83134e29d4c50879c7f85e08de68b9dcc555600d6b3f17de103751cd12dc2ab33474fdfe35bb5a62259a4be3adc8e1ec84cb43,,07/19/2025 01:47:00 AM,30,NO CONTROLS,NO CONTROLS,CLEAR,"DARKNESS, LIGHTED ROAD",FIXED OBJECT,ROUNDABOUT,,STRAIGHT AND LEVEL,DRY,NO DEFECTS,,NO INJURY / DRIVE AWAY,,Y,N,"OVER $1,500",07/19/2025 02:12:00 AM,UNABLE TO DETERMINE,FAILING TO REDUCE SPEED TO AVOID CRASH,1701,N,LOREL AVE,2532,,,,,,,1,NO INDICATION OF INJURY,0,0,0,0,0,1,0,1,7,7,41.9113834785,-87.7592509451,POINT (-87.759250945078 41.911383478499)
2f1e4cd13c590cd695d71741308f77b09c4e1b2a2e2b8134be82f042e55c73d0c43c7158c770c70b297322dca073a0e48c248cf8f47bca8e517a392fe5881005,,07/19/2025 01:43:00 AM,30,STOP SIGN/FLASHER,FUNCTIONING PROPERLY,CLEAR,"DARKNESS, LIGHTED ROAD",SIDESWIPE SAME DIRECTION,DIVIDED - W/MEDIAN (NOT RAISED),,STRAIGHT AND LEVEL,DRY,NO DEFECTS,ON SCENE,NO INJURY / DRIVE AWAY,,,,"OVER $1,500",07/19/2025 01:43:00 AM,UNDER THE INFLUENCE OF ALCOHOL/DRUGS (USE WHEN ARREST IS EFFECTED),NOT APPLICABLE,820,W,LAKE ST,1214,,,,,,,2,NO INDICATION OF INJURY,0,0,0,0,0,3,0,1,7,7,41.885758369,-87.6484105885,POINT (-87.648410588519 41.885758368983)
cd359834959cded6b7034092a651508bef50ba26020f28b2e0a404cf8553a0141ed79a7f6ad9a96128916b1fe0e5d44cf9bd5884e1fd378a15199387206938c6,,07/19/2025 01:40:00 AM,30,NO CONTROLS,NO CONTROLS,UNKNOWN,UNKNOWN,TURNING,DIVIDED - W/MEDIAN (NOT RAISED),,STRAIGHT AND LEVEL,UNKNOWN,UNKNOWN,NOT ON SCENE (DESK REPORT),NO INJURY / DRIVE AWAY,,,,"$501 - $1,500",07/26/2025 01:30:00 PM,IMPROPER TURNING/NO SIGNAL,IMPROPER TURNING/NO SIGNAL,344,S,CICERO AVE,1533,,,,,,,2,NO INDICATION OF INJURY,0,0,0,0,0,2,0,1,7,7,41.875448035,-87.7452296673,POINT (-87.745229667344 41.87544803504)
d0e95c62b695715917af163dd6f499ef7b93421398328d3c8ac458c8ce93c319dc1e5a9d054ff5fe30ef6f246cb7a7cd1af212f26042b8700fb8dbc29b370db8,,07/19/2025 01:29:00 AM,30,NO CONTROLS,NO CONTROLS,CLEAR,"DARKNESS, LIGHTED ROAD",SIDESWIPE SAME DIRECTION,ONE-WAY,,STRAIGHT AND LEVEL,DRY,NO DEFECTS,NOT ON SCENE (DESK REPORT),INJURY AND / OR TOW DUE TO CRASH,,,Y,"OVER $1,500",07/19/2025 02:00:00 AM,UNABLE TO DETERMINE,NOT APPLICABLE,5212,S,WELLS ST,935,,,,,,,2,NONINCAPACITATING INJURY,1,0,0,1,0,1,0,1,7,7,41.7995827798,-87.6321130228,POINT (-87.632113022817 41.799582779835)
fec47b2c05f62ff6cc6b7d3fe390c2fc99425777d4faeacddf3c59a8dd1890ecbb61d397e8e34eebaf7746698ddef9750ae769645e3e5206771b9d83cbf8f2c9,,07/19/2025 01:19:00 AM,30,NO CONTROLS,NO CONTROLS,CLEAR,"DARKNESS, LIGHTED ROAD",ANGLE,FOUR WAY,,STRAIGHT AND LEVEL,DRY,NO DEFECTS,ON SCENE,INJURY AND / OR TOW DUE TO CRASH,Y,,,"OVER $1,500",07/19/2025 01:43:00 AM,FAILING TO YIELD RIGHT-OF-WAY,NOT APPLICABLE,7399,S,DR MARTIN LUTHER KING JR DR,323,,,,,,,3,INCAPACITATING INJURY,2,0,1,0,1,1,0,1,7,7,41.7603279897,-87.6150212431,POINT (-87.615021243101 41.760327989714)