CRASH_RECORD_ID,CRASH_DATE_EST_I,CRASH_DATE,POSTED_SPEED_LIMIT,TRAFFIC_CONTROL_DEVICE,DEVICE_CONDITION,WEATHER_CONDITION,LIGHTING_CONDITION,FIRST_CRASH_TYPE,TRAFFICWAY_TYPE,LANE_CNT,ALIGNMENT,ROADWAY_SURFACE_COND,ROAD_DEFECT,REPORT_TYPE,CRASH_TYPE,INTERSECTION_RELATED_I,NOT_RIGHT_OF_WAY_I,HIT_AND_RUN_I,DAMAGE,DATE_POLICE_NOTIFIED,PRIM_CONTRIBUTORY_CAUSE,SEC_CONTRIBUTORY_CAUSE,STREET_NO,STREET_DIRECTION,STREET_NAME,BEAT_OF_OCCURRENCE,PHOTOS_TAKEN_I,STATEMENTS_TAKEN_I,DOORING_I,WORK_ZONE_I,WORK_ZONE_TYPE,WORKERS_PRESENT_I,NUM_UNITS,MOST_SEVERE_INJURY,INJURIES_TOTAL,INJURIES_FATAL,INJURIES_INCAPACITATING,INJURIES_NON_INCAPACITATING,INJURIES_REPORTED_NOT_EVIDENT,INJURIES_NO_INDICATION,INJURIES_UNKNOWN,CRASH_HOUR,CRASH_DAY_OF_WEEK,CRASH_MONTH,LATITUDE,LONGITUDE,LOCATION
8e5d830c931aa165bc77ec563aae18afed5649f2828f3d08e28b30042e90512d097816f83d2339a61caa8ae4cc94748b7305e7423f880949ca7ea283074467a1,,07/19/2025 01:15:00 AM,30,NO CONTROLS,NO CONTROLS,CLEAR,"DARKNESS, LIGHTED ROAD",FIXED OBJECT,DIVIDED - W/MEDIAN (NOT RAISED),,STRAIGHT AND LEVEL,DRY,NO DEFECTS,ON SCENE,INJURY AND / OR TOW DUE TO CRASH,,,,"OVER $1,500",07/19/2025 01:30:00 AM,DRIVING SKILLS/KNOWLEDGE/EXPERIENCE,UNABLE TO DETERMINE,5638,N,BROADWAY,2013,,Y,,,,,2,NONINCAPACITATING INJURY,1,0,0,1,0,0,0,1,7,7,41.9847967357,-87.6602523892,POINT (-87.660252389177 41.984796735704)
8ac370f05d8de845ae30d39b0599676dafa7e7895991d88c69bc2a802f296051567a42935be7f49a9eeaf7ff4fc067c4217baff7a80386662e3bb6b7596b1876,,07/19/2025 01:00:00 AM,30,NO CONTROLS,NO CONTROLS,CLEAR,"DARKNESS, LIGHTED ROAD",PARKED MOTOR VEHICLE,NOT DIVIDED,,STRAIGHT AND LEVEL,DRY,NO DEFECTS,ON SCENE,NO INJURY / DRIVE AWAY,,,,"OVER $1,500",07/19/2025 01:00:00 AM,NOT APPLICABLE,NOT APPLICABLE,756,W,WAVELAND AVE,1925,,,,,,,2,NO INDICATION OF INJURY,0,0,0,0,0,3,0,1,7,7,41.9492445026,-87.6486057613,POINT (-87.648605761301 41.949244502624)
c066109b494b4f33660a98a615cb574d598abb93be27271ad7ef017bdf9d0731610fdd8b46d386694846d6ebb2da5fb160fb3fb4faa52ef1296d2090b4bdde0a,Y,07/19/2025 01:00:00 AM,25,NO CONTROLS,NO CONTROLS,CLEAR,DARKNESS,PARKED MOTOR VEHICLE,ONE-WAY,,STRAIGHT AND LEVEL,DRY,NO DEFECTS,ON SCENE,INJURY AND / OR TOW DUE TO CRASH,,N,Y,"OVER $1,500",07/19/2025 07:00:00 AM,UNABLE TO DETERMINE,DRIVING SKILLS/KNOWLEDGE/EXPERIENCE,1368,S,FAIRFIELD AVE,1023,,,,,,,2,NO INDICATION OF INJURY,0,0,0,0,0,1,0,1,7,7,41.8627726296,-87.6946752423,POINT (-87.694675242314 41.862772629644)
dd172b56ebb70e90f9c6cc318b4d42b4d61616b499065c85f2a2c070c26b679a7f6ab1b56bfbb3f8dd7fe5f7913c199dff6c41a510757b11306a08b276384fc3,,07/19/2025 01:00:00 AM,30,NO CONTROLS,NO CONTROLS,CLEAR,"DARKNESS, LIGHTED ROAD",PARKED MOTOR VEHICLE,ONE-WAY,,STRAIGHT AND LEVEL,DRY,NO DEFECTS,NOT ON SCENE (DESK REPORT),NO INJURY / DRIVE AWAY,,,Y,"$501 - $1,500",07/19/2025 11:25:00 PM,UNABLE TO DETERMINE,UNABLE TO DETERMINE,157,W,ONTARIO ST,1832,,,,,,,2,NO INDICATION OF INJURY,0,0,0,0,0,1,0,1,7,7,41.8930881399,-87.6334165522,POINT (-87.633416552181 41.893088139941)
dad3abbe781ca645569ea1dcb1a5bcc1f5da35e71f372d2f68cf30b5f7e131680308505bc657ee3840886e0d2136a8f2e37240923ce56c1797e1664e40fc25f7,,07/19/2025 12:57:00 AM,30,NO CONTROLS,NO CONTROLS,CLEAR,"DARKNESS, LIGHTED ROAD",PARKED MOTOR VEHICLE,ONE-WAY,,STRAIGHT AND LEVEL,DRY,UNKNOWN,ON SCENE,NO INJURY / DRIVE AWAY,,,,"OVER $1,500",07/19/2025 12:57:00 AM,NOT APPLICABLE,NOT APPLICABLE,5156,W,CULLOM AVE,1624,,,,,,,2,NO INDICATION OF INJURY,0,0,0,0,0,2,0,0,7,7,41.9588879044,-87.7571281086,POINT (-87.757128108558 41.958887904399)
a2a305977d35e5f9ecd2952359ebddd5987a80aa74868aee9fb7d3667a7e57dac65cd10bd068220206014cca6606eb7ff8a196dc8e3d1e40a1f2ecd7117ec0fd,,07/19/2025 12:54:00 AM,30,TRAFFIC SIGNAL,UNKNOWN,UNKNOWN,UNKNOWN,REAR END,FOUR WAY,,STRAIGHT AND LEVEL,UNKNOWN,UNKNOWN,ON SCENE,INJURY AND / OR TOW DUE TO CRASH,,,Y,$500 OR LESS,07/19/2025 01:00:00 AM,UNABLE TO DETERMINE,NOT APPLICABLE,6300,S,ST LAWRENCE AVE,312,,,,,,,2,"REPORTED, NOT EVIDENT",1,0,0,0,1,2,0,0,7,7,41.7802322612,-87.6109472329,POINT (-87.610947232866 41.780232261215)
28b6796eeacb3253469060f3dc2a9c8a2838c6a06e11ad8ed648e33775c71921c4a0b9cad8fb3120bb1ed191bfbcaf90c3fb51e5904738bcbeda79dba334a9c4,,07/19/2025 12:50:00 AM,25,TRAFFIC SIGNAL,FUNCTIONING PROPERLY,CLEAR,"DARKNESS, LIGHTED ROAD",REAR END,UNKNOWN,,STRAIGHT AND LEVEL,DRY,OTHER,ON SCENE,INJURY AND / OR TOW DUE TO CRASH,Y,,Y,"OVER $1,500",07/19/2025 12:54:00 AM,FOLLOWING TOO CLOSELY,NOT APPLICABLE,6801,W,GRAND AVE,2512,,,,,,,3,NO INDICATION OF INJURY,0,0,0,0,0,3,0,0,7,7,41.9234886738,-87.7952973222,POINT (-87.795297322185 41.92348867384)
465097bb683e8810a70e64b6d70fd288b594fc1a95b21d82dd9ff7b8ee90d1f2980fc0a98cc60b73f709e856e17ccc3e29121316f6b168b24710d402c88a6c40,,07/19/2025 12:45:00 AM,30,TRAFFIC SIGNAL,FUNCTIONING PROPERLY,CLEAR,"DARKNESS, LIGHTED ROAD",REAR END,NOT DIVIDED,,STRAIGHT AND LEVEL,DRY,NO DEFECTS,NOT ON SCENE (DESK REPORT),NO INJURY / DRIVE AWAY,,,,"OVER $1,500",07/19/2025 01:15:00 AM,UNABLE TO DETERMINE,NOT APPLICABLE,6200,W,DEVON AVE,1611,,,,,,,2,NO INDICATION OF INJURY,0,0,0,0,0,2,0,0,7,7,41.9975097443,-87.7829148214,POINT (-87.782914821449 41.997509744349)
7bae28b18fe791df77c1f8eda8327b82b920244600f1420c14bb1e691ca8ed8bff3117b8ebdc191ae2ef5d96309c8572d466caa00b233d12dac7795b0cbd22b8,,07/19/2025 12:45:00 AM,30,UNKNOWN,FUNCTIONING PROPERLY,CLEAR,"DARKNESS, LIGHTED ROAD",TURNING,NOT DIVIDED,,STRAIGHT AND LEVEL,DRY,NO DEFECTS,NOT ON SCENE (DESK REPORT),INJURY AND / OR TOW DUE TO CRASH,,,,"$501 - $1,500",07/19/2025 02:45:00 AM,UNABLE TO DETERMINE,FAILING TO YIELD RIGHT-OF-WAY,5015,W,MADISON ST,1533,,,,,,,2,"REPORTED, NOT EVIDENT",3,0,0,0,3,0,0,0,7,7,41.8803177115,-87.7507463555,POINT (-87.750746355478 41.880317711527)
1dbda8deebe17fe9aa9f0664c27f8d8d9de2cd69830b15196f73730b464df2872f196ee47541d457bfc851b12f48b640b643dba6e5a19d90095fe288c869ed27,,07/19/2025 12:19:00 AM,30,NO CONTROLS,NO CONTROLS,CLEAR,"DARKNESS, LIGHTED ROAD",FIXED OBJECT,NOT DIVIDED,,STRAIGHT AND LEVEL,DRY,NO DEFECTS,ON SCENE,INJURY AND / OR TOW DUE TO CRASH,,N,,"OVER $1,500",07/19/2025 12:19:00 AM,DISTRACTION - FROM OUTSIDE VEHICLE,NOT APPLICABLE,5030,S,KEDZIE AVE,821,,N,,,,,2,NO INDICATION OF INJURY,0,0,0,0,0,1,0,0,7,7,41.8016700348,-87.7039383619,POINT (-87.703938361919 41.801670034832)
07a0b03bfed5dda3ad9c5cc1eee8181f3128e3da44ada0ea9d5a68eb2e06edd9ab6a60bd80acf65bea3dabc1fd8ea7e2b4812f8501e82683074fa50c30860827,,07/19/2025 12:10:00 AM,35,UNKNOWN,UNKNOWN,CLEAR,"DARKNESS, LIGHTED ROAD",PEDESTRIAN,PARKING LOT,,STRAIGHT AND LEVEL,DRY,NO DEFECTS,ON SCENE,INJURY AND / OR TOW DUE TO CRASH,,,Y,"OVER $1,500",07/19/2025 12:30:00 AM,UNABLE TO DETERMINE,NOT APPLICABLE,1201,S,INDEPENDENCE BLVD,1011,,,,,,,2,NONINCAPACITATING INJURY,1,0,0,1,0,1,0,0,7,7,41.8661586253,-87.7193773338,POINT (-87.719377333753 41.866158625311)
08170cab694409df8e081b3c5416a8104688f80836701ff0a66d2b9aa002e02e7f13893a2df4b9f032c2b89c4b2ccb895755b8d3e4f43933a5a3928fc0a6bd1c,,07/19/2025 12:01:00 AM,30,TRAFFIC SIGNAL,FUNCTIONING PROPERLY,UNKNOWN,UNKNOWN,SIDESWIPE SAME DIRECTION,DIVIDED - W/MEDIAN BARRIER,,STRAIGHT AND LEVEL,UNKNOWN,UNKNOWN,NOT ON SCENE (DESK REPORT),NO INJURY / DRIVE AWAY,,,Y,"OVER $1,500",07/22/2025 04:00:00 PM,UNABLE TO DETERMINE,NOT APPLICABLE,26,E,ROOSEVELT RD,123,,,,,,,2,NO INDICATION OF INJURY,0,0,0,0,0,2,0,0,7,7,41.8675386266,-87.6262084807,POINT (-87.626208480722 41.867538626623)
53ec2ab2a6c3265fa49aade694c0efdb9c6dc6e869422742758d6ce0ec748695a60730e724e0b63fe172c9a637cac4d90cb5561da9981c1840d6f9a552b4e7e8,,07/19/2025 12:01:00 AM,30,NO CONTROLS,NO CONTROLS,CLEAR,DAYLIGHT,PARKED MOTOR VEHICLE,ALLEY,,STRAIGHT AND LEVEL,DRY,NO DEFECTS,NOT ON SCENE (DESK REPORT),NO INJURY / DRIVE AWAY,,,Y,"OVER $1,500",07/19/2025 12:35:00 PM,DRIVING SKILLS/KNOWLEDGE/EXPERIENCE,UNABLE TO DETERMINE,1541,W,18TH ST,1233,,,,,,,2,NO INDICATION OF INJURY,0,0,0,0,0,1,0,0,7,7,41.8577012811,-87.6653531907,POINT (-87.665353190706 41.857701281118)
020e5a174ccd8896d498dd8d4a22285372ace45716b9ed77b34a044edd866d5da79e08c407fa11b17d7c1f6a3bbae35eaa30c00118f46f9a2bfc398e3d790b6e,,07/19/2025 12:00:00 AM,30,TRAFFIC SIGNAL,FUNCTIONING PROPERLY,UNKNOWN,"DARKNESS, LIGHTED ROAD",REAR END,NOT DIVIDED,,STRAIGHT AND LEVEL,UNKNOWN,UNKNOWN,,NO INJURY / DRIVE AWAY,Y,,,"OVER $1,500",07/20/2025 05:50:00 PM,FAILING TO REDUCE SPEED TO AVOID CRASH,UNABLE TO DETERMINE,3500,S,KEDZIE AVE,911,,,,,,,2,NO INDICATION OF INJURY,0,0,0,0,0,3,0,0,7,7,41.8297749598,-87.7047535147,POINT (-87.704753514706 41.829774959784)
4d3079db0541308a58260628c78fa6a6689c8c82d6b93a9e722ffa6c051e1fc6d314a3a69462a3b950baea1592c9208080df633df059aaaeef1f9704eba3b608,,07/19/2025 12:00:00 AM,30,TRAFFIC SIGNAL,FUNCTIONING PROPERLY,CLEAR,"DARKNESS, LIGHTED ROAD",REAR END,ONE-WAY,,STRAIGHT AND LEVEL,DRY,NO DEFECTS,NOT ON SCENE (DESK REPORT),NO INJURY / DRIVE AWAY,,,,"OVER $1,500",07/21/2025 03:30:00 PM,FOLLOWING TOO CLOSELY,NOT APPLICABLE,3501,S,LA SALLE ST,213,,,,,,,2,NO INDICATION OF INJURY,0,0,0,0,0,5,0,0,7,7,41.8309420512,-87.62968192,POINT (-87.629681919964 41.830942051243)
d12e4dd3ac466208baf0dc40ec92215e6f38dafa86e74dd043ef136157b6f4f74e753239b352f0774b1b6bf15e605c7a4b8684169a7991454f79e73050628f70,Y,07/19/2025 12:00:00 AM,30,TRAFFIC SIGNAL,FUNCTIONING PROPERLY,CLEAR,"DARKNESS, LIGHTED ROAD",PEDESTRIAN,FOUR WAY,,STRAIGHT AND LEVEL,DRY,NO DEFECTS,NOT ON SCENE (DESK REPORT),INJURY AND / OR TOW DUE TO CRASH,Y,,Y,"$501 - $1,500",07/19/2025 05:20:00 AM,FAILING TO YIELD RIGHT-OF-WAY,UNABLE TO DETERMINE,4459,W,LAKE ST,1113,,,,,,,2,NONINCAPACITATING INJURY,1,0,0,1,0,1,0,0,7,7,41.8860510476,-87.7379962945,POINT (-87.737996294516 41.886051047565)
324cb266a0e5733454386ff05f8f41703f99f87f2d2d702dd4fb167ea5affff081b2dc0fdd1f4ac75185f11f9e71e489640e7bf4be9651b4a09c12cf91a5f46c,,07/18/2025 11:50:00 PM,30,TRAFFIC SIGNAL,FUNCTIONING PROPERLY,CLEAR,"DARKNESS, LIGHTED ROAD",REAR END,NOT DIVIDED,,STRAIGHT AND LEVEL,DRY,UNKNOWN,NOT ON SCENE (DESK REPORT),INJURY AND / OR TOW DUE TO CRASH,,,Y,"$501 - $1,500",07/19/2025 01:45:00 AM,UNABLE TO DETERMINE,HAD BEEN DRINKING (USE WHEN ARREST IS NOT MADE),425,N,LA SALLE DR,1831,,,,,,,2,"REPORTED, NOT EVIDENT",1,0,0,0,1,1,0,23,6,7,41.8899640875,-87.6323997245,POINT (-87.632399724456 41.889964087532)
8dff4fd9dad5149924b29a2b6a044554e07e37927596a7dbc1de491e57930f35fed9aa37388532e622ec34d631fd5eb2e5a509ce845f3a5299c2d9b97f80f1e5,Y,07/18/2025 11:46:00 PM,30,NO CONTROLS,NO CONTROLS,CLEAR,"DARKNESS, LIGHTED ROAD",PEDESTRIAN,OTHER,,STRAIGHT AND LEVEL,DRY,OTHER,ON SCENE,INJURY AND / OR TOW DUE TO CRASH,,Y,,"OVER $1,500",07/18/2025 11:46:00 PM,IMPROPER LANE USAGE,UNABLE TO DETERMINE,12043,S,STEWART AVE,523,,,,,,,2,NONINCAPACITATING INJURY,1,0,0,1,0,1,0,23,6,7,41.6748498124,-87.6320371597,POINT (-87.632037159734 41.67484981241)
7d87e0891b075b589cf942f2a9a5b3e61b944c56aac64985a44bd1f7da6fbaf3bc15a85e6e423a7f642cee83014a077b53bdf7ce5ffbaeb6ba8e719dc035b2b7,,07/18/2025 11:30:00 PM,20,NO CONTROLS,NO CONTROLS,CLEAR,"DARKNESS, LIGHTED ROAD",REAR END,DIVIDED - W/MEDIAN BARRIER,,STRAIGHT AND LEVEL,UNKNOWN,UNKNOWN,NOT ON SCENE (DESK REPORT),NO INJURY / DRIVE AWAY,,,,$500 OR LESS,07/18/2025 11:50:00 PM,UNABLE TO DETERMINE,NOT APPLICABLE,5953,W,MADISON ST,1513,,,,,,,2,NO INDICATION OF INJURY,0,0,0,0,0,2,0,23,6,7,41.8799883772,-87.77393752,POINT (-87.773937519998 41.87998837721)
b4afca0b32664e98053eeb1eb216c94f4a67b478644d5180c704d742b87873df48ec9dd5c95f2f4e5a2c38ac1cc4090836cea9f6dd27ffbe6f7a26238761eda8,,07/18/2025 11:30:00 PM,30,NO CONTROLS,NO CONTROLS,CLEAR,"DARKNESS, LIGHTED ROAD",PARKED MOTOR VEHICLE,NOT DIVIDED,,STRAIGHT AND LEVEL,UNKNOWN,UNKNOWN,NOT ON SCENE (DESK REPORT),NO INJURY / DRIVE AWAY,,,Y,"OVER $1,500",07/21/2025 10:00:00 AM,UNABLE TO DETERMINE,UNABLE TO DETERMINE,5100,W,DIVISION ST,2533,,,,,,,2,NO INDICATION OF INJURY,0,0,0,0,0,1,0,23,6,7,41.9023835317,-87.7533884428,POINT (-87.753388442787 41.902383531749)
2858093ce55a58edffee545530494a668d151159e0c217bab288b932eae61dfceccc6cb4de2da12d3da162b0889e7097c2b86b04a857d3666a82c9bb15053ecc,,07/18/2025 11:20:00 PM,20,NO CONTROLS,NO CONTROLS,UNKNOWN,"DARKNESS, LIGHTED ROAD",PARKED MOTOR VEHICLE,DIVIDED - W/MEDIAN (NOT RAISED),,STRAIGHT AND LEVEL,UNKNOWN,UNKNOWN,NOT ON SCENE (DESK REPORT),INJURY AND / OR TOW DUE TO CRASH,,,Y,"OVER $1,500",07/18/2025 11:50:00 PM,UNABLE TO DETERMINE,NOT APPLICABLE,4422,W,MAYPOLE AVE,1113,,,,,,,2,NO INDICATION OF INJURY,0,0,0,0,0,1,0,23,6,7,41.8846645501,-87.7365342898,POINT (-87.7365342898 41.884664550093)
5e53e39c3f77f5ff1542a0ca376b2c68bd161ff28256ba7e2180a08d5151dabe459c40e9ee3f51d24c1055453b3597be99190a18d101aeb46710109d9d8ce287,,07/18/2025 11:20:00 PM,25,STOP SIGN/FLASHER,NO CONTROLS,CLEAR,"DARKNESS, LIGHTED ROAD",PEDESTRIAN,ONE-WAY,,STRAIGHT AND LEVEL,DRY,NO DEFECTS,ON SCENE,INJURY AND / OR TOW DUE TO CRASH,Y,,Y,"OVER $1,500",07/18/2025 11:22:00 PM,UNABLE TO DETERMINE,UNABLE TO DETERMINE,4700,S,HONORE ST,931,,,,,,,2,NONINCAPACITATING INJURY,1,0,0,1,0,1,0,23,6,7,41.8084530971,-87.671187798,POINT (-87.671187797984 41.808453097125)
61116cda26ddb84476459e1848eb916e6749ae310a498371e77dd96ec8643a0f19861d74ea5fcc5d9dc3e090fcd96d98a1f27e29b98aef269d2755c5725e69db,Y,07/18/2025 11:16:00 PM,30,TRAFFIC SIGNAL,UNKNOWN,CLEAR,"DARKNESS, LIGHTED ROAD",SIDESWIPE SAME DIRECTION,DIVIDED - W/MEDIAN BARRIER,,STRAIGHT AND LEVEL,DRY,UNKNOWN,NOT ON SCENE (DESK REPORT),NO INJURY / DRIVE AWAY,,,,"OVER $1,500",07/19/2025 12:30:00 AM,UNABLE TO DETERMINE,NOT APPLICABLE,573,S,COLUMBUS DR,114,,,,,,,2,NO INDICATION OF INJURY,0,0,0,0,0,2,0,23,6,7,41.874551399,-87.6204382941,POINT (-87.620438294114 41.874551399008)
006e6cb8786cf311d43f007a0c6e713d8024092582f6070798e617a6347e121d9fbd225b6a013f0a40688df5f1fcfa89dc97c378f61f617295e8614ebddeeeca,,07/18/2025 11:05:00 PM,35,TRAFFIC SIGNAL,FUNCTIONING PROPERLY,CLEAR,"DARKNESS, LIGHTED ROAD",TURNING,FOUR WAY,,STRAIGHT AND LEVEL,DRY,NO DEFECTS,ON SCENE,NO INJURY / DRIVE AWAY,Y,,,"OVER $1,500",07/18/2025 11:08:00 PM,IMPROPER LANE USAGE,FAILING TO YIELD RIGHT-OF-WAY,962,W,BRYN MAWR AVE,2022,,,,,,,2,NO INDICATION OF INJURY,0,0,0,0,0,2,0,23,6,7,41.983920469,-87.6551485427,POINT (-87.655148542657 41.98392046896)
29c436b1ac36ca992315beb45221d5164e9d097930a376a565d2b87408e1999193d151db1614c590c0088c6695b61825a0c980ecf73398d8b98d12f8d9b4e1c5,,07/18/2025 11:00:00 PM,40,UNKNOWN,UNKNOWN,UNKNOWN,"DARKNESS, LIGHTED ROAD",REAR END,T-INTERSECTION,,STRAIGHT AND LEVEL,UNKNOWN,UNKNOWN,NOT ON SCENE (DESK REPORT),NO INJURY / DRIVE AWAY,,,,$500 OR LESS,07/19/2025 09:00:00 PM,UNABLE TO DETERMINE,UNABLE TO DETERMINE,1200,S,LAKE SHORE DR SB,132,,,,,,,2,NO INDICATION OF INJURY,0,0,0,0,0,4,0,23,6,7,41.8674842272,-87.6191503834,POINT (-87.619150383382 41.867484227164)
3fb2c1f2ca2113a1217115d537f05fe90d1bd60b395ef2888473b897d2cc7394c9a2883a8d1429f76092cd31fb79dc252062d476f1e150fbdc1c2b4347a5ddaf,,07/18/2025 11:00:00 PM,15,NO CONTROLS,NO CONTROLS,CLEAR,DAYLIGHT,TURNING,NOT DIVIDED,,STRAIGHT AND LEVEL,DRY,NO DEFECTS,ON SCENE,INJURY AND / OR TOW DUE TO CRASH,,,Y,"OVER $1,500",07/19/2025 12:20:00 PM,FOLLOWING TOO CLOSELY,NOT APPLICABLE,4417,W,WASHINGTON BLVD,1113,,,,,,,2,NO INDICATION OF INJURY,0,0,0,0,0,2,0,23,6,7,41.8818099502,-87.7362457505,POINT (-87.736245750543 41.881809950184)
4f4a971a7f58608a9f26dfbaaf26ca65f78c86df6ab611f03679362ec8c9a5b98f8180c77a00e9e1ff2621575ab2b14918e0924f51f41b302507b5a63178eb5e,,07/18/2025 11:00:00 PM,30,NO CONTROLS,NO CONTROLS,UNKNOWN,DARKNESS,PARKED MOTOR VEHICLE,ONE-WAY,,STRAIGHT AND LEVEL,UNKNOWN,NO DEFECTS,NOT ON SCENE (DESK REPORT),NO INJURY / DRIVE AWAY,,,Y,"OVER $1,500",07/21/2025 11:24:00 PM,UNABLE TO DETERMINE,NOT APPLICABLE,4834,W,DRUMMOND PL,2521,N,,,,,,2,NO INDICATION OF INJURY,0,0,0,0,0,1,0,23,6,7,41.9289072131,-87.7479124782,POINT (-87.747912478239 41.928907213141)
868dc9c14f0fb21e3f6a7db8beaabb81522ce80b7aecd6dd823327871e6c85758995dcedc8cd9328449275fbe5e2d111b97aa8eee301a9678462b5e13aad7266,,07/18/2025 11:00:00 PM,30,UNKNOWN,UNKNOWN,CLEAR,DARKNESS,REAR END,NOT DIVIDED,,STRAIGHT AND LEVEL,DRY,UNKNOWN,NOT ON SCENE (DESK REPORT),INJURY AND / OR TOW DUE TO CRASH,,,,"OVER $1,500",07/27/2025 08:35:00 PM,FOLLOWING TOO CLOSELY,FOLLOWING TOO CLOSELY,416,W,71ST ST,732,,,,,,,2,"REPORTED, NOT EVIDENT",1,0,0,0,1,1,0,23,6,7,41.7654541633,-87.6354201911,POINT (-87.635420191144 41.765454163266)
0a3e779a69442e54c9328136ecab3549ba630e60e7140716480daea80d6cb961a3af1f2306ea6051012018feef80cdbe041bc8bcd3893d7b44bec096447be5ea,,07/18/2025 10:45:00 PM,30,NO CONTROLS,NO CONTROLS,CLEAR,DAYLIGHT,REAR END,NOT DIVIDED,,STRAIGHT AND LEVEL,DRY,NO DEFECTS,NOT ON SCENE (DESK REPORT),NO INJURY / DRIVE AWAY,,,,"OVER $1,500",07/19/2025 08:04:00 PM,FOLLOWING TOO CLOSELY,FOLLOWING TOO CLOSELY,1401,W,WELLINGTON AVE,1932,,,,,,,2,NO INDICATION OF INJURY,0,0,0,0,0,2,0,22,6,7,41.9360029134,-87.663808239,POINT (-87.663808239015 41.936002913406)
73843e1fa237d95de26ddc9ac1645a5a653243d2d0571635e94ff65772068fc3aa0ab1adc9204239ec4f3d278dcdae86f2d0a31e250bb0e728265444b519eefd,,07/18/2025 10:30:00 PM,30,TRAFFIC SIGNAL,FUNCTIONING PROPERLY,CLEAR,"DARKNESS, LIGHTED ROAD",SIDESWIPE SAME DIRECTION,FOUR WAY,,STRAIGHT AND LEVEL,DRY,NO DEFECTS,NOT ON SCENE (DESK REPORT),NO INJURY / DRIVE AWAY,N,,Y,$500 OR LESS,07/18/2025 11:15:00 PM,IMPROPER OVERTAKING/PASSING,IMPROPER OVERTAKING/PASSING,5705,S,COTTAGE GROVE AVE,235,,,,,,,2,NO INDICATION OF INJURY,0,0,0,0,0,3,0,22,6,7,41.7911236014,-87.6060029702,POINT (-87.606002970219 41.791123601374)
bd489bdb4b3f2ea9c89dd42d8ef1f05798f8f4eb4cdb3f7f3d28b50b0e8ac6fe418568bec98eb9c1193ee09093d73430d39cf828a30aadeff9ce2dec64ea0caf,,07/18/2025 10:29:00 PM,30,TRAFFIC SIGNAL,FUNCTIONING PROPERLY,CLEAR,"DARKNESS, LIGHTED ROAD",TURNING,OTHER,,STRAIGHT AND LEVEL,DRY,NO DEFECTS,ON SCENE,NO INJURY / DRIVE AWAY,Y,,Y,"$501 - $1,500",07/18/2025 10:37:00 PM,IMPROPER TURNING/NO SIGNAL,UNABLE TO DETERMINE,220,W,GARFIELD BLVD,935,,,,,,,2,NO INDICATION OF INJURY,0,0,0,0,0,2,0,22,6,7,41.7946443947,-87.6314065367,POINT (-87.631406536705 41.794644394705)
5c7d77d173635c4d9a0a6c917eb0dce7f34abe72122f3ee53b73724fcac0414c8af0af36fdcf49b7e1953a74658277da598339430fdc7ce037ff618a36c590eb,,07/18/2025 10:25:00 PM,30,TRAFFIC SIGNAL,FUNCTIONING PROPERLY,CLEAR,"DARKNESS, LIGHTED ROAD",TURNING,FOUR WAY,,STRAIGHT AND LEVEL,DRY,NO DEFECTS,ON SCENE,INJURY AND / OR TOW DUE TO CRASH,Y,,Y,"OVER $1,500",07/18/2025 10:47:00 PM,FOLLOWING TOO CLOSELY,IMPROPER OVERTAKING/PASSING,4252,S,DR MARTIN LUTHER KING JR DR,213,,,,,,,2,NONINCAPACITATING INJURY,1,0,0,1,0,2,0,22,6,7,41.8168506132,-87.6169454593,POINT (-87.616945459348 41.816850613245)
bdc3fc2016504e54e9bb54a7f634f66016357b8f4778d0c4c7b51a842e3b9fa2120b0f9c46ad5a9cee7758fe04c5f469112214b2c9a5f0852a77451c02673394,,07/18/2025 10:20:00 PM,30,TRAFFIC SIGNAL,FUNCTIONING PROPERLY,CLEAR,"DARKNESS, LIGHTED ROAD",REAR END,DIVIDED - W/MEDIAN (NOT RAISED),,STRAIGHT AND LEVEL,DRY,NO DEFECTS,NOT ON SCENE (DESK REPORT),NO INJURY / DRIVE AWAY,,,,"OVER $1,500",07/18/2025 10:40:00 PM,FOLLOWING TOO CLOSELY,UNABLE TO DETERMINE,1620,N,ELSTON AVE,1433,,,,,,,2,NO INDICATION OF INJURY,0,0,0,0,0,3,0,22,6,7,41.9111880273,-87.6626750207,POINT (-87.662675020704 41.911188027333)
be7a9d0be5f780c83ba52b5fb3483c8b902ebd87feb835049e8b274103dffed4483c561fad0b872138213ad225ebcbe4359fc20d4af885e4eaebd61907cd0cf5,,07/18/2025 10:17:00 PM,30,NO CONTROLS,NO CONTROLS,CLEAR,"DARKNESS, LIGHTED ROAD",PEDESTRIAN,DIVIDED - W/MEDIAN (NOT RAISED),,STRAIGHT AND LEVEL,DRY,NO DEFECTS,ON SCENE,INJURY AND / OR TOW DUE TO CRASH,,,,$500 OR LESS,07/18/2025 10:17:00 PM,UNABLE TO DETERMINE,UNABLE TO DETERMINE,6431,S,KEDZIE AVE,823,,Y,,,,,2,"REPORTED, NOT EVIDENT",1,0,0,0,1,1,0,22,6,7,41.7761884716,-87.7029257327,POINT (-87.70292573268 41.776188471639)
d725969f49e48185303de5ac7886ae6734a9ca879f052853b2c83b73e09622356bf1e59881453eaf4721047079b97e2c12dc4483d785e777ec68974325b9e57d,,07/18/2025 10:15:00 PM,30,NO CONTROLS,NO CONTROLS,CLEAR,"DARKNESS, LIGHTED ROAD",PARKED MOTOR VEHICLE,ONE-WAY,,STRAIGHT AND LEVEL,DRY,NO DEFECTS,ON SCENE,INJURY AND / OR TOW DUE TO CRASH,,,,"OVER $1,500",07/18/2025 10:20:00 PM,UNABLE TO DETERMINE,UNABLE TO DETERMINE,1764,W,81ST ST,611,,,,,,,2,INCAPACITATING INJURY,1,0,1,0,0,0,0,22,6,7,41.7467620324,-87.6681741062,POINT (-87.668174106242 41.74676203244)