CRASH_RECORD_ID,CRASH_DATE_EST_I,CRASH_DATE,POSTED_SPEED_LIMIT,TRAFFIC_CONTROL_DEVICE,DEVICE_CONDITION,WEATHER_CONDITION,LIGHTING_CONDITION,FIRST_CRASH_TYPE,TRAFFICWAY_TYPE,LANE_CNT,ALIGNMENT,ROADWAY_SURFACE_COND,ROAD_DEFECT,REPORT_TYPE,CRASH_TYPE,INTERSECTION_RELATED_I,NOT_RIGHT_OF_WAY_I,HIT_AND_RUN_I,DAMAGE,DATE_POLICE_NOTIFIED,PRIM_CONTRIBUTORY_CAUSE,SEC_CONTRIBUTORY_CAUSE,STREET_NO,STREET_DIRECTION,STREET_NAME,BEAT_OF_OCCURRENCE,PHOTOS_TAKEN_I,STATEMENTS_TAKEN_I,DOORING_I,WORK_ZONE_I,WORK_ZONE_TYPE,WORKERS_PRESENT_I,NUM_UNITS,MOST_SEVERE_INJURY,INJURIES_TOTAL,INJURIES_FATAL,INJURIES_INCAPACITATING,INJURIES_NON_INCAPACITATING,INJURIES_REPORTED_NOT_EVIDENT,INJURIES_NO_INDICATION,INJURIES_UNKNOWN,CRASH_HOUR,CRASH_DAY_OF_WEEK,CRASH_MONTH,LATITUDE,LONGITUDE,LOCATION
0fd0ddf8f817a7496086e54823a1d5eedb409bbac4de013011a6c7cc4fdbe97c90bc314913a38a14539bf4386d6e5dcfc8a7f91f582909628ee9e728b51879b2,,07/18/2025 10:00:00 PM,30,TRAFFIC SIGNAL,FUNCTIONING PROPERLY,CLEAR,"DARKNESS, LIGHTED ROAD",TURNING,FOUR WAY,,STRAIGHT AND LEVEL,DRY,NO DEFECTS,NOT ON SCENE (DESK REPORT),NO INJURY / DRIVE AWAY,,,,$500 OR LESS,07/19/2025 12:15:00 AM,IMPROPER OVERTAKING/PASSING,IMPROPER OVERTAKING/PASSING,3800,W,MADISON ST,1122,,,,,,,2,NO INDICATION OF INJURY,0,0,0,0,0,2,0,22,6,7,41.8808972735,-87.7208812261,POINT (-87.720881226139 41.880897273491)
89b224b28304b5c88deed1a8278a4762973ac52afa5c8be07f06c5158bc570f5f60c7a6aa6d53a5bdb8928f6c9de629e4602b81e6301ae235b8cb8ad79865085,,07/18/2025 10:00:00 PM,30,TRAFFIC SIGNAL,FUNCTIONING PROPERLY,UNKNOWN,"DARKNESS, LIGHTED ROAD",REAR END,DIVIDED - W/MEDIAN (NOT RAISED),,STRAIGHT AND LEVEL,UNKNOWN,UNKNOWN,NOT ON SCENE (DESK REPORT),INJURY AND / OR TOW DUE TO CRASH,,,,"$501 - $1,500",07/18/2025 10:00:00 PM,FAILING TO REDUCE SPEED TO AVOID CRASH,NOT APPLICABLE,62,N,CICERO AVE,1533,,,,,,,2,NO INDICATION OF INJURY,0,0,0,0,0,2,0,22,6,7,41.8817480701,-87.7454855938,POINT (-87.745485593811 41.881748070129)
b4ebc6e3199babad765d43ce8a530e78038e87999af5e506e01876585bbd1f7a65baf89f6b44d598ef571235ec2b1375a3c99fa42110846c030b6cc6bd85f8bf,,07/18/2025 10:00:00 PM,30,UNKNOWN,UNKNOWN,CLEAR,"DARKNESS, LIGHTED ROAD",REAR END,NOT DIVIDED,,STRAIGHT AND LEVEL,UNKNOWN,UNKNOWN,NOT ON SCENE (DESK REPORT),NO INJURY / DRIVE AWAY,,,Y,"OVER $1,500",07/19/2025 03:20:00 PM,UNABLE TO DETERMINE,UNABLE TO DETERMINE,111,S,HALSTED ST,1232,,,,,,,2,NO INDICATION OF INJURY,0,0,0,0,0,2,0,22,6,7,41.880128783,-87.6471646008,POINT (-87.647164600769 41.880128783026)
f3c342e027644b93f84be006bd54d71083efc2e6adf906d8b06633695e2c4a8f66e54b19dbe4871eda9d9a4811d0a61a2ad9e15019adcf14bbb1ac7e385adbc4,,07/18/2025 09:40:00 PM,30,NO CONTROLS,NO CONTROLS,CLEAR,"DARKNESS, LIGHTED ROAD",SIDESWIPE SAME DIRECTION,DIVIDED - W/MEDIAN (NOT RAISED),,STRAIGHT AND LEVEL,DRY,NO DEFECTS,NOT ON SCENE (DESK REPORT),NO INJURY / DRIVE AWAY,Y,,,"OVER $1,500",07/18/2025 10:27:00 PM,FOLLOWING TOO CLOSELY,FOLLOWING TOO CLOSELY,208,S,LA SALLE ST,122,,,,,,,2,NO INDICATION OF INJURY,0,0,0,0,0,2,0,21,6,7,41.879109939,-87.6324304276,POINT (-87.632430427645 41.879109939003)
ee1f49895caca89ce575b58a2a6261ff191f033a10a8f6965844e10ed2a0334b9d4b8b65f4c125c6f6a997786c4485d5e11a14486932c32e7cae6a05d60246c9,,07/18/2025 09:31:00 PM,30,TRAFFIC SIGNAL,FUNCTIONING PROPERLY,CLEAR,"DARKNESS, LIGHTED ROAD",TURNING,FOUR WAY,,STRAIGHT AND LEVEL,DRY,NO DEFECTS,ON SCENE,INJURY AND / OR TOW DUE TO CRASH,Y,,,"OVER $1,500",07/18/2025 09:31:00 PM,IMPROPER TURNING/NO SIGNAL,IMPROPER LANE USAGE,8701,S,HALSTED ST,2223,,,,,,,2,NO INDICATION OF INJURY,0,0,0,0,0,2,0,21,6,7,41.7357908524,-87.6434658255,POINT (-87.643465825495 41.735790852391)
2c1ad4a29429e183d18a2399f136b4f3bc310c9333c2abf5d89f590b60f25c762865dbf49f2d35c3526546fb00ed914c518ffb5b8c7ab221304569fd45fc2a15,,07/18/2025 09:30:00 PM,30,NO CONTROLS,FUNCTIONING PROPERLY,CLEAR,DARKNESS,ANGLE,NOT DIVIDED,,STRAIGHT AND LEVEL,UNKNOWN,UNKNOWN,NOT ON SCENE (DESK REPORT),NO INJURY / DRIVE AWAY,,,Y,"OVER $1,500",07/18/2025 11:00:00 PM,UNABLE TO DETERMINE,NOT APPLICABLE,140,E,127TH ST,532,,,,,,,2,NO INDICATION OF INJURY,0,0,0,0,0,4,0,21,6,7,41.6634778038,-87.6183780795,POINT (-87.618378079525 41.663477803773)
c27597b208b7b30d7e00adb1e25aca5c753fcd83f6ca55c078fed31a57a2429c68804182218718ea66720ce29476764b86f488fcd4e00ef0d9a64c9cfd801ad5,Y,07/18/2025 09:30:00 PM,30,NO CONTROLS,NO CONTROLS,UNKNOWN,UNKNOWN,PARKED MOTOR VEHICLE,NOT DIVIDED,,STRAIGHT AND LEVEL,DRY,NO DEFECTS,NOT ON SCENE (DESK REPORT),NO INJURY / DRIVE AWAY,,,Y,"OVER $1,500",07/19/2025 04:00:00 PM,UNABLE TO DETERMINE,NOT APPLICABLE,1441,W,ESTES AVE,2423,,,,,,,2,NO INDICATION OF INJURY,0,0,0,0,0,1,0,21,6,7,42.0114230337,-87.6676600958,POINT (-87.667660095794 42.011423033699)
cfc45b3642688fe93864cb75592dd46c3ed6c5682acefd25f0ed6d6f851c59ac7cf56b606a86d69e430d4ce7894fb2bc294913dc916f8144c7f62648b23d128d,,07/18/2025 09:30:00 PM,30,TRAFFIC SIGNAL,FUNCTIONING PROPERLY,CLEAR,DUSK,REAR END,NOT DIVIDED,,STRAIGHT AND LEVEL,DRY,NO DEFECTS,NOT ON SCENE (DESK REPORT),NO INJURY / DRIVE AWAY,Y,,,"$501 - $1,500",07/18/2025 11:00:00 PM,IMPROPER LANE USAGE,UNABLE TO DETERMINE,154,E,MARQUETTE RD,322,,,,,,,2,NO INDICATION OF INJURY,0,0,0,0,0,2,0,21,6,7,41.7729855049,-87.6205869111,POINT (-87.620586911123 41.772985504948)
9fe1ab073e7b32f481095555087fa80dd84ca20918f401409dd5a56af057f07aad8374fc9c7f28b941011443cd820848fc96ba81eaa519523c88b5627a0595ac,,07/18/2025 09:29:00 PM,30,NO CONTROLS,NO CONTROLS,CLEAR,"DARKNESS, LIGHTED ROAD",REAR END,DIVIDED - W/MEDIAN (NOT RAISED),,STRAIGHT AND LEVEL,DRY,NO DEFECTS,ON SCENE,NO INJURY / DRIVE AWAY,Y,,Y,$500 OR LESS,07/18/2025 09:31:00 PM,FOLLOWING TOO CLOSELY,FOLLOWING TOO CLOSELY,2230,W,FULLERTON AVE,1432,,,,,,,2,NO INDICATION OF INJURY,0,0,0,0,0,5,0,21,6,7,41.925058098,-87.6842026475,POINT (-87.684202647534 41.925058098038)
7a79ba4ae887731f4a47c4a1b198da07e1c621457456540680f0769f9e3d048647215401c59bd4b49489c7ec019fc47a92a27d26981493f16604efa3ea093fa7,,07/18/2025 09:20:00 PM,30,TRAFFIC SIGNAL,FUNCTIONING PROPERLY,CLEAR,"DARKNESS, LIGHTED ROAD",REAR END,ONE-WAY,,STRAIGHT AND LEVEL,DRY,NO DEFECTS,NOT ON SCENE (DESK REPORT),INJURY AND / OR TOW DUE TO CRASH,,,Y,$500 OR LESS,07/18/2025 10:00:00 PM,UNABLE TO DETERMINE,NOT APPLICABLE,4200,W,63RD ST,813,,,,,,,2,"REPORTED, NOT EVIDENT",1,0,0,0,1,1,0,21,6,7,41.7787078627,-87.7277079901,POINT (-87.727707990149 41.778707862748)
bacf775dcc8b925de7f8474eb2a48c6c44ffe26fc106169de21d3e19f68fcbf1e8b6749185ad10b97572d6c13eb8ecefaff53eed8f706b9c5840adc3ccc2b573,,07/18/2025 09:20:00 PM,30,NO CONTROLS,NO CONTROLS,CLEAR,"DARKNESS, LIGHTED ROAD",PARKED MOTOR VEHICLE,PARKING LOT,,STRAIGHT AND LEVEL,DRY,NO DEFECTS,NOT ON SCENE (DESK REPORT),NO INJURY / DRIVE AWAY,,,,$500 OR LESS,07/18/2025 10:30:00 PM,UNABLE TO DETERMINE,NOT APPLICABLE,6016,W,63RD ST,812,,,,,,,2,NO INDICATION OF INJURY,0,0,0,0,0,1,0,21,6,7,41.7779581596,-87.772294196,POINT (-87.772294196007 41.777958159629)
bfa1615e09c8e2cc3d7804f6d1912ac18849799a708fc62799e47e8c827b6c6de040569c42cb9c10444736211fe73de3816540a6cae39120b12bb1f253561233,,07/18/2025 09:20:00 PM,30,TRAFFIC SIGNAL,FUNCTIONING PROPERLY,CLEAR,"DARKNESS, LIGHTED ROAD",ANGLE,FOUR WAY,,STRAIGHT AND LEVEL,DRY,UNKNOWN,ON SCENE,INJURY AND / OR TOW DUE TO CRASH,,,,"OVER $1,500",07/18/2025 09:23:00 PM,DISREGARDING OTHER TRAFFIC SIGNS,DRIVING ON WRONG SIDE/WRONG WAY,7399,S,LOOMIS BLVD,734,,,,Y,UNKNOWN,,2,NONINCAPACITATING INJURY,1,0,0,1,0,2,0,21,6,7,41.7595712567,-87.6586798904,POINT (-87.658679890359 41.759571256726)
e8b35b8d138d0f9eedc6c95680fe93275f5be0b20560139ccbce43b18e8b1568a3500e2ae7a4e3e886c3a7d7f9d501c9b80c697a02a3bdc0590a22ecc2aa34db,,07/18/2025 09:19:00 PM,30,TRAFFIC SIGNAL,FUNCTIONING PROPERLY,CLEAR,"DARKNESS, LIGHTED ROAD",TURNING,FOUR WAY,,STRAIGHT AND LEVEL,DRY,UNKNOWN,,NO INJURY / DRIVE AWAY,Y,,,"$501 - $1,500",07/18/2025 10:15:00 PM,FAILING TO YIELD RIGHT-OF-WAY,FAILING TO YIELD RIGHT-OF-WAY,600,W,FULLERTON PKWY,1935,,,,,,,2,NO INDICATION OF INJURY,0,0,0,0,0,3,0,21,6,7,41.9256401134,-87.6440508153,POINT (-87.644050815298 41.925640113414)
80d826d64209d030e9ffd237b5a66cc2e50b7bc7efa086ea6797c24e99181301bccbe93b224566e056605ee4ef9ffc0d4699e3eefd4d9105b3fb57edf7cf7e57,,07/18/2025 09:13:00 PM,30,STOP SIGN/FLASHER,FUNCTIONING PROPERLY,CLEAR,"DARKNESS, LIGHTED ROAD",PEDALCYCLIST,FOUR WAY,,STRAIGHT AND LEVEL,DRY,UNKNOWN,,NO INJURY / DRIVE AWAY,N,,,"$501 - $1,500",07/18/2025 11:42:00 PM,UNDER THE INFLUENCE OF ALCOHOL/DRUGS (USE WHEN ARREST IS EFFECTED),UNDER THE INFLUENCE OF ALCOHOL/DRUGS (USE WHEN ARREST IS EFFECTED),1257,N,CLYBOURN AVE,1821,,,,,,,2,NO INDICATION OF INJURY,0,0,0,0,0,2,0,21,6,7,41.9048990277,-87.6409316945,POINT (-87.640931694478 41.904899027683)
462108377bfd947ea0b4ed7ac21c0045cee2d02f24c9d8893921bc2846b435dec357bd7ae5823e44bad81670e030e5cb7007f4cf67200694827c47b9ec8664b8,,07/18/2025 09:12:00 PM,30,TRAFFIC SIGNAL,FUNCTIONING PROPERLY,CLEAR,"DARKNESS, LIGHTED ROAD",TURNING,FOUR WAY,,STRAIGHT AND LEVEL,UNKNOWN,UNKNOWN,,INJURY AND / OR TOW DUE TO CRASH,Y,,,"OVER $1,500",07/18/2025 11:39:00 PM,IMPROPER TURNING/NO SIGNAL,FAILING TO REDUCE SPEED TO AVOID CRASH,680,W,FULLERTON PKWY,1935,,,,,,,2,INCAPACITATING INJURY,2,0,2,0,0,2,0,21,6,7,41.9256049177,-87.6462190008,POINT (-87.646219000836 41.925604917724)
af11f85b2ba840ce66bd2dc8ff5bbe762a7986a57f69fa90b37ebf6aa0d4392c76b05e5850ed803e506194151991ae7a0aaacd7f10896a79457d2ef7381010f4,,07/18/2025 09:05:00 PM,30,TRAFFIC SIGNAL,FUNCTIONING PROPERLY,CLEAR,DAYLIGHT,REAR END,NOT DIVIDED,,STRAIGHT AND LEVEL,DRY,NO DEFECTS,ON SCENE,NO INJURY / DRIVE AWAY,,,,"OVER $1,500",07/18/2025 09:05:00 PM,UNABLE TO DETERMINE,NOT APPLICABLE,5155,W,LAWRENCE AVE,1623,,Y,,,,,2,NO INDICATION OF INJURY,0,0,0,0,0,2,0,21,6,7,41.967804073,-87.7568428908,POINT (-87.756842890796 41.967804073021)
6fb9833ac504cff8362ccb1ba1f5c585789dbb70b956ed13f9173cd7634fa4eb5c98312b8c2f09d921c0a48bab53697375824fb62b6d38cf7170f6c3001ed464,,07/18/2025 09:00:00 PM,30,STOP SIGN/FLASHER,FUNCTIONING PROPERLY,CLEAR,DUSK,TURNING,FOUR WAY,,STRAIGHT AND LEVEL,DRY,UNKNOWN,NOT ON SCENE (DESK REPORT),NO INJURY / DRIVE AWAY,Y,,,"$501 - $1,500",07/18/2025 09:20:00 PM,FAILING TO YIELD RIGHT-OF-WAY,FAILING TO YIELD RIGHT-OF-WAY,1025,W,ARMITAGE AVE,1811,,,,,,,2,NO INDICATION OF INJURY,0,0,0,0,0,2,0,21,6,7,41.9179812932,-87.6543408517,POINT (-87.654340851729 41.917981293152)
8b6503e1aa32b26fa53416868d3416c0f852d3df46acd34fa3ece3746313f0b59b07bc6055d51a21109df7e09a4a23dfb2847fb29ac2e4edc99835e9c4aece67,,07/18/2025 09:00:00 PM,30,STOP SIGN/FLASHER,NO CONTROLS,CLEAR,"DARKNESS, LIGHTED ROAD",ANGLE,DIVIDED - W/MEDIAN (NOT RAISED),,STRAIGHT AND LEVEL,DRY,NO DEFECTS,ON SCENE,NO INJURY / DRIVE AWAY,Y,,,"OVER $1,500",07/18/2025 09:00:00 PM,FAILING TO YIELD RIGHT-OF-WAY,UNABLE TO DETERMINE,1600,E,83RD PL,412,,,,,,,2,NO INDICATION OF INJURY,0,0,0,0,0,3,0,21,6,7,41.7434072895,-87.585241889,POINT (-87.58524188905 41.743407289546)
60673722097a8f7bea1119bc7fcd8e31069982330bb505942aaf59496f1c600b77beabae8142bb651e3d017f8decb6d3efa9815178feb50e3328994e1b0e9c03,,07/18/2025 08:53:00 PM,30,NO CONTROLS,NO CONTROLS,CLEAR,"DARKNESS, LIGHTED ROAD",SIDESWIPE SAME DIRECTION,DIVIDED - W/MEDIAN (NOT RAISED),,STRAIGHT AND LEVEL,DRY,NO DEFECTS,NOT ON SCENE (DESK REPORT),NO INJURY / DRIVE AWAY,,,,"$501 - $1,500",07/18/2025 11:00:00 PM,UNABLE TO DETERMINE,NOT APPLICABLE,5601,S,HARLEM AVE,811,,,,,,,2,NO INDICATION OF INJURY,0,0,0,0,0,4,0,20,6,7,41.7900439686,-87.8013003947,POINT (-87.801300394739 41.790043968552)
892a495773322229c58efce791f6275a55436f583b3ed2f1124bb130748459832d298639ea8fb68b9866fefd0ed457aab17d573302b764d1e481740c885e026e,,07/18/2025 08:50:00 PM,30,TRAFFIC SIGNAL,FUNCTIONING PROPERLY,CLEAR,"DARKNESS, LIGHTED ROAD",TURNING,NOT DIVIDED,,STRAIGHT AND LEVEL,DRY,NO DEFECTS,NOT ON SCENE (DESK REPORT),NO INJURY / DRIVE AWAY,,,,$500 OR LESS,07/18/2025 09:15:00 PM,UNABLE TO DETERMINE,NOT APPLICABLE,650,W,MADISON ST,121,,,,,,,2,NO INDICATION OF INJURY,0,0,0,0,0,3,0,20,6,7,41.8819235792,-87.6446020524,POINT (-87.644602052403 41.881923579232)
c111e0719b82dfd983ab19c683c80af1b5b52a3a230ae47a2e6123dac4e27e187c0991d66c38879a41ac07d315791033a77d9a7c8938b1fd7e8c7a312c09fd40,,07/18/2025 08:50:00 PM,30,TRAFFIC SIGNAL,FUNCTIONING PROPERLY,CLEAR,"DARKNESS, LIGHTED ROAD",ANGLE,FOUR WAY,,STRAIGHT AND LEVEL,DRY,UNKNOWN,NOT ON SCENE (DESK REPORT),NO INJURY / DRIVE AWAY,,,,"OVER $1,500",07/18/2025 09:20:00 PM,UNABLE TO DETERMINE,UNABLE TO DETERMINE,3400,N,KIMBALL AVE,1732,N,,,,,,2,NO INDICATION OF INJURY,0,0,0,0,0,3,0,20,6,7,41.9424649851,-87.7127498539,POINT (-87.712749853929 41.942464985128)
25edd0f8bbd5f9eec4b8fc68aa20e6cc5eca8fd19f846e5690271b701cee4d0002ea34ba981275eba5f7e6fd01e83222b35dc137160f8b2dec5ac6e44d0a8ab5,,07/18/2025 08:45:00 PM,30,UNKNOWN,UNKNOWN,CLEAR,"DARKNESS, LIGHTED ROAD",REAR END,DIVIDED - W/MEDIAN (NOT RAISED),,STRAIGHT AND LEVEL,DRY,UNKNOWN,NOT ON SCENE (DESK REPORT),NO INJURY / DRIVE AWAY,,,Y,"$501 - $1,500",07/18/2025 09:43:00 PM,DRIVING SKILLS/KNOWLEDGE/EXPERIENCE,UNABLE TO DETERMINE,1016,N,CICERO AVE,1531,,,,,,,2,NO INDICATION OF INJURY,0,0,0,0,0,2,0,20,6,7,41.8991977735,-87.7460498724,POINT (-87.746049872407 41.899197773544)
53ce935669c4c1d17b83dc8268a4876e045614ecf8ac00c1aa15efec4f30b18ea767fa44adf8cd8630fd1a1ecea50084e6ed82b0a870a0062171ea53d2b3c1d3,,07/18/2025 08:43:00 PM,30,TRAFFIC SIGNAL,FUNCTIONING PROPERLY,CLEAR,"DARKNESS, LIGHTED ROAD",TURNING,NOT DIVIDED,,STRAIGHT AND LEVEL,DRY,NO DEFECTS,NOT ON SCENE (DESK REPORT),NO INJURY / DRIVE AWAY,,,,"OVER $1,500",07/18/2025 09:00:00 PM,FAILING TO YIELD RIGHT-OF-WAY,IMPROPER OVERTAKING/PASSING,3100,S,WALLACE ST,915,Y,,,,,,2,NO INDICATION OF INJURY,0,0,0,0,0,2,0,20,6,7,41.8380136803,-87.6415594381,POINT (-87.641559438084 41.838013680252)
6782d877eccacb48d584a603b04b8dc63c8a1a77bff57666cc05695f2ae9cfb3b2b6f509ad041d6fb801ea2dbe56dbcd1581815d03fe74f6bf3990ab06819686,,07/18/2025 08:43:00 PM,30,TRAFFIC SIGNAL,FUNCTIONING PROPERLY,CLEAR,DUSK,TURNING,NOT DIVIDED,,STRAIGHT AND LEVEL,DRY,NO DEFECTS,ON SCENE,INJURY AND / OR TOW DUE TO CRASH,Y,,,"OVER $1,500",07/18/2025 08:44:00 PM,FAILING TO YIELD RIGHT-OF-WAY,NOT APPLICABLE,3400,W,WASHINGTON BLVD,1123,,,,,,,2,NONINCAPACITATING INJURY,2,0,0,2,0,1,0,20,6,7,41.8828498883,-87.7111073238,POINT (-87.711107323816 41.882849888274)
38ca8d20f144feb4c153ef6f89ff98de9d1524bfae3edd17109ad1206958ff48b0a21c97db935702b9d0ae15bea5705b91bc6ace62fcacad6d999c6656a0aa16,,07/18/2025 08:40:00 PM,35,NO CONTROLS,NO CONTROLS,CLEAR,DUSK,PARKED MOTOR VEHICLE,NOT DIVIDED,,STRAIGHT AND LEVEL,DRY,NO DEFECTS,ON SCENE,INJURY AND / OR TOW DUE TO CRASH,,,,"OVER $1,500",07/18/2025 08:56:00 PM,UNABLE TO DETERMINE,FAILING TO REDUCE SPEED TO AVOID CRASH,5639,S,WESTERN AVE,824,,,,,,,2,NONINCAPACITATING INJURY,1,0,0,1,0,0,0,20,6,7,41.7911263637,-87.6838182035,POINT (-87.683818203516 41.791126363687)
db01ec937ac67fb59b2ab5626758ccdcdaa26c73b249ed293a102b181d4faee277ff9ebda73addb4b4814fbcf7e1c7c47b13959d99700682fea77c617dc3fd14,,07/18/2025 08:40:00 PM,30,NO CONTROLS,NO CONTROLS,UNKNOWN,"DARKNESS, LIGHTED ROAD",TURNING,DIVIDED - W/MEDIAN (NOT RAISED),,STRAIGHT AND LEVEL,UNKNOWN,UNKNOWN,NOT ON SCENE (DESK REPORT),NO INJURY / DRIVE AWAY,,,,$500 OR LESS,07/18/2025 09:30:00 PM,FAILING TO YIELD RIGHT-OF-WAY,FAILING TO YIELD RIGHT-OF-WAY,3038,W,ADDISON ST,1733,,,,,,,2,NO INDICATION OF INJURY,0,0,0,0,0,2,0,20,6,7,41.9467593111,-87.7045257037,POINT (-87.704525703668 41.946759311149)
b31b75de5b73f854540c4a4440211105c3c5ed1aeea38638ba5401a18d447b1f03128fd8a3392949e651f5bf5ee52e116e48c404b3b1a404f2a438857feb2efa,,07/18/2025 08:30:00 PM,30,UNKNOWN,UNKNOWN,CLEAR,"DARKNESS, LIGHTED ROAD",PARKED MOTOR VEHICLE,DIVIDED - W/MEDIAN (NOT RAISED),,STRAIGHT AND LEVEL,DRY,UNKNOWN,NOT ON SCENE (DESK REPORT),NO INJURY / DRIVE AWAY,,,Y,"$501 - $1,500",07/18/2025 10:40:00 PM,DRIVING SKILLS/KNOWLEDGE/EXPERIENCE,UNABLE TO DETERMINE,4319,W,LAKE ST,1114,,,,,,,2,NO INDICATION OF INJURY,0,0,0,0,0,1,0,20,6,7,41.8858219962,-87.7340073123,POINT (-87.734007312281 41.885821996234)
74578252ada8af5be5118b60b51f377689f2f1e3a26606b704e7ef9a7c9fdab68cae921b1105246602648a316afa0516f7baeada680ca6c775080c250889c218,,07/18/2025 08:23:00 PM,30,TRAFFIC SIGNAL,FUNCTIONING PROPERLY,CLEAR,DUSK,TURNING,FOUR WAY,,STRAIGHT AND LEVEL,DRY,NO DEFECTS,ON SCENE,NO INJURY / DRIVE AWAY,Y,,Y,"OVER $1,500",07/18/2025 08:25:00 PM,DISREGARDING TRAFFIC SIGNALS,UNABLE TO DETERMINE,4799,W,GRAND AVE,2533,N,N,,,,,2,NO INDICATION OF INJURY,0,0,0,0,0,3,0,20,6,7,41.9138026752,-87.7459946594,POINT (-87.745994659425 41.913802675195)
8c86e24a1c2052df3f28d9ff5cbb8e62a4443652693bacc7246ac728c979553af805280ec60459346ed34aabaabc422f2936ff54ad9442ae496b2a9afa87e98d,Y,07/18/2025 08:23:00 PM,30,STOP SIGN/FLASHER,FUNCTIONING PROPERLY,CLEAR,DAYLIGHT,REAR END,NOT DIVIDED,,STRAIGHT AND LEVEL,DRY,NO DEFECTS,NOT ON SCENE (DESK REPORT),NO INJURY / DRIVE AWAY,,,Y,"OVER $1,500",07/18/2025 09:30:00 PM,FOLLOWING TOO CLOSELY,NOT APPLICABLE,5202,N,OAKLEY AVE,2012,,,,,,,2,NO INDICATION OF INJURY,0,0,0,0,0,3,0,20,6,7,41.9760378241,-87.6868826964,POINT (-87.686882696351 41.97603782406)
1cf628280adc476e9dcdab4aca72c15491125db8150f8c68721d6e950c5b6936b28671cfd32bd880f733aba15edaa7339763d73fb26ad2b7b073c79c9eae1698,,07/18/2025 08:21:00 PM,15,NO CONTROLS,NO CONTROLS,CLEAR,DAYLIGHT,PARKED MOTOR VEHICLE,PARKING LOT,,STRAIGHT AND LEVEL,DRY,NO DEFECTS,ON SCENE,NO INJURY / DRIVE AWAY,,Y,Y,"OVER $1,500",07/18/2025 08:22:00 PM,UNABLE TO DETERMINE,UNABLE TO DETERMINE,800,N,KEDZIE AVE,1121,,,,,,,2,NO INDICATION OF INJURY,0,0,0,0,0,1,0,20,6,7,41.8956153135,-87.7067053251,POINT (-87.706705325106 41.895615313545)
7694d44cc00f8340c2115cfb7c95149c4d1d7e29768ccc5856169aa13326c7ad525ba6d9a3b4845e50ea81dc0dc2563557abca8737ffc0a0839810f35a3484b0,,07/18/2025 08:15:00 PM,30,NO CONTROLS,NO CONTROLS,CLEAR,DUSK,TURNING,NOT DIVIDED,,STRAIGHT AND LEVEL,DRY,UNKNOWN,ON SCENE,NO INJURY / DRIVE AWAY,,,,"OVER $1,500",07/18/2025 08:15:00 PM,IMPROPER TURNING/NO SIGNAL,NOT APPLICABLE,2003,W,69TH ST,735,,,,,,,2,NO INDICATION OF INJURY,0,0,0,0,0,2,0,20,6,7,41.7683283348,-87.673819384,POINT (-87.673819384027 41.768328334801)
dbaf172afb5edc041cfc97d5dea55d1cb66871243a6801e563696739283a12e783a3e3c200f22b231cb50d39cb2ffaa496ef709ddc9e0ffdbad17e3e14c48c4e,,07/18/2025 08:03:00 PM,30,TRAFFIC SIGNAL,NO CONTROLS,CLEAR,"DARKNESS, LIGHTED ROAD",PEDESTRIAN,DIVIDED - W/MEDIAN (NOT RAISED),,STRAIGHT AND LEVEL,DRY,NO DEFECTS,ON SCENE,INJURY AND / OR TOW DUE TO CRASH,,,,"OVER $1,500",07/18/2025 08:22:00 PM,UNABLE TO DETERMINE,UNABLE TO DETERMINE,335,S,MICHIGAN AVE,114,,Y,,,,,2,NONINCAPACITATING INJURY,1,0,0,1,0,2,0,20,6,7,41.8774368671,-87.6241521371,POINT (-87.624152137135 41.877436867082)
1be50d9edf0d7d02f0c1073d14b4e6cde26097c2430304f140a6a1c2c5adf507bb4b2368f384f7d32d4cd89a51d051460bdb338fc1eafccb4da2f53b22328b39,,07/18/2025 08:00:00 PM,30,TRAFFIC SIGNAL,FUNCTIONING PROPERLY,CLEAR,DARKNESS,PEDESTRIAN,DIVIDED - W/MEDIAN (NOT RAISED),,STRAIGHT AND LEVEL,DRY,NO DEFECTS,ON SCENE,INJURY AND / OR TOW DUE TO CRASH,Y,,,$500 OR LESS,07/18/2025 08:32:00 PM,DRIVING ON WRONG SIDE/WRONG WAY,DRIVING ON WRONG SIDE/WRONG WAY,1601,N,CICERO AVE,2533,,N,,,,,2,NONINCAPACITATING INJURY,1,0,0,1,0,1,0,20,6,7,41.9096716765,-87.7459674076,POINT (-87.745967407551 41.909671676476)
2ef25cc748e3a10437ef200cff237290b33d58e9b4081986ef4e34a2ad0f78e7d5bd4fa3e3b615c07f6d9881d77172731b91765fc25d6349664bedcd4c49581f,,07/18/2025 08:00:00 PM,30,TRAFFIC SIGNAL,FUNCTIONING PROPERLY,CLEAR,DAWN,TURNING,NOT DIVIDED,,STRAIGHT AND LEVEL,DRY,NO DEFECTS,NOT ON SCENE (DESK REPORT),NO INJURY / DRIVE AWAY,Y,,,"OVER $1,500",07/19/2025 10:00:00 AM,FAILING TO YIELD RIGHT-OF-WAY,DISTRACTION - FROM OUTSIDE VEHICLE,2559,W,DEVON AVE,2413,,,,,,,2,NO INDICATION OF INJURY,0,0,0,0,0,3,0,20,6,7,41.9975378031,-87.6946996139,POINT (-87.694699613886 41.997537803101)