CRASH_RECORD_ID,CRASH_DATE_EST_I,CRASH_DATE,POSTED_SPEED_LIMIT,TRAFFIC_CONTROL_DEVICE,DEVICE_CONDITION,WEATHER_CONDITION,LIGHTING_CONDITION,FIRST_CRASH_TYPE,TRAFFICWAY_TYPE,LANE_CNT,ALIGNMENT,ROADWAY_SURFACE_COND,ROAD_DEFECT,REPORT_TYPE,CRASH_TYPE,INTERSECTION_RELATED_I,NOT_RIGHT_OF_WAY_I,HIT_AND_RUN_I,DAMAGE,DATE_POLICE_NOTIFIED,PRIM_CONTRIBUTORY_CAUSE,SEC_CONTRIBUTORY_CAUSE,STREET_NO,STREET_DIRECTION,STREET_NAME,BEAT_OF_OCCURRENCE,PHOTOS_TAKEN_I,STATEMENTS_TAKEN_I,DOORING_I,WORK_ZONE_I,WORK_ZONE_TYPE,WORKERS_PRESENT_I,NUM_UNITS,MOST_SEVERE_INJURY,INJURIES_TOTAL,INJURIES_FATAL,INJURIES_INCAPACITATING,INJURIES_NON_INCAPACITATING,INJURIES_REPORTED_NOT_EVIDENT,INJURIES_NO_INDICATION,INJURIES_UNKNOWN,CRASH_HOUR,CRASH_DAY_OF_WEEK,CRASH_MONTH,LATITUDE,LONGITUDE,LOCATION
947a563a2c4ef22dac5a3cc07d5377e1a14f0ea2302e6eb343a44fe94139d04aa302fef3ecf4d0c6506a206714bd9f8b5a1a52f0880851b602868e6d6fbce0f0,Y,07/18/2025 08:00:00 PM,30,TRAFFIC SIGNAL,FUNCTIONING PROPERLY,CLEAR,DAYLIGHT,ANGLE,NOT DIVIDED,,STRAIGHT AND LEVEL,DRY,NO DEFECTS,NOT ON SCENE (DESK REPORT),INJURY AND / OR TOW DUE TO CRASH,Y,,,"OVER $1,500",07/18/2025 08:05:00 PM,UNABLE TO DETERMINE,UNABLE TO DETERMINE,5900,S,HALSTED ST,712,,,,,,,2,NONINCAPACITATING INJURY,2,0,0,2,0,1,0,20,6,7,41.7869316518,-87.6451124499,POINT (-87.64511244991 41.786931651847)
9b59f668a26520b9f0bbe9cc3da6337ed9f6b3c7e89587f6237e03e57c71d42d7815da750d09cb0aa501df0c79774f885b53b8c1fc192391034097349fe8376c,,07/18/2025 08:00:00 PM,20,NO CONTROLS,NO CONTROLS,CLEAR,"DARKNESS, LIGHTED ROAD",PARKED MOTOR VEHICLE,PARKING LOT,,STRAIGHT AND LEVEL,DRY,NO DEFECTS,ON SCENE,NO INJURY / DRIVE AWAY,,,,"OVER $1,500",07/19/2025 07:57:00 AM,UNABLE TO DETERMINE,UNABLE TO DETERMINE,3853,W,47TH ST,821,,,,,,,2,NO INDICATION OF INJURY,0,0,0,0,0,1,0,20,6,7,41.8077955231,-87.7208036871,POINT (-87.720803687119 41.807795523095)
a02737243ea36bf5d5518b02bb2a7fec66b333175903d0afe8bd6fe872148fd9b4bc2cde6bb15bf016848ad9f13f22cdfa8c65b6fdb7b41a1253ed2ce7ca673e,,07/18/2025 08:00:00 PM,10,NO CONTROLS,NO CONTROLS,CLEAR,"DARKNESS, LIGHTED ROAD",PARKED MOTOR VEHICLE,OTHER,,STRAIGHT AND LEVEL,DRY,NO DEFECTS,NOT ON SCENE (DESK REPORT),NO INJURY / DRIVE AWAY,,Y,,"OVER $1,500",07/24/2025 03:00:00 PM,UNABLE TO DETERMINE,NOT APPLICABLE,1356,S,SPECIAL OLYMPICS DR,132,,,,,,,2,NO INDICATION OF INJURY,0,0,0,0,0,1,0,20,6,7,,,
436f4840eacde0b8e19e01bffabf131673f7c1e00e58d40ffc4615356e8be0847246db6c541f4e572226cb98535e0a83e504f24c2b9f9730ecea643a0c42d9b4,,07/18/2025 07:55:00 PM,30,NO CONTROLS,NO CONTROLS,CLEAR,DAYLIGHT,REAR END,DIVIDED - W/MEDIAN (NOT RAISED),,STRAIGHT AND LEVEL,DRY,NO DEFECTS,ON SCENE,INJURY AND / OR TOW DUE TO CRASH,N,,,"OVER $1,500",07/18/2025 08:09:00 PM,UNABLE TO DETERMINE,FOLLOWING TOO CLOSELY,5174,S,ARCHER AVE,815,,,,,,,2,NONINCAPACITATING INJURY,2,0,0,2,0,2,0,19,6,7,41.800294252,-87.7332525608,POINT (-87.733252560772 41.800294252019)
a8fff171ffd55a9cfa7928d37932308b526cc989ac3802ac3869755cb597bf6251908e483aaa215945f03865836bb83c119bb618caa4ee1938b464f119141600,,07/18/2025 07:45:00 PM,10,NO CONTROLS,UNKNOWN,CLEAR,DAYLIGHT,PARKED MOTOR VEHICLE,PARKING LOT,,"CURVE, LEVEL",DRY,NO DEFECTS,ON SCENE,NO INJURY / DRIVE AWAY,,Y,,"$501 - $1,500",07/18/2025 07:59:00 PM,DISTRACTION - FROM INSIDE VEHICLE,FAILING TO REDUCE SPEED TO AVOID CRASH,7900,S,DR MARTIN LUTHER KING JR DR,623,Y,Y,,,,,2,NO INDICATION OF INJURY,0,0,0,0,0,1,0,19,6,7,41.7510204707,-87.6151022455,POINT (-87.615102245534 41.751020470682)
150163d6636bb17ec1eb60ff470bf5e1ea7a3d006a93a03385e2a2144903ea8cea1c945fee28d8d6b4c4b4b1652f0206bda62705fb9e8064e072af7d8d975a7e,,07/18/2025 07:40:00 PM,30,NO CONTROLS,NO CONTROLS,CLEAR,DUSK,PARKED MOTOR VEHICLE,NOT DIVIDED,,STRAIGHT AND LEVEL,DRY,NO DEFECTS,NOT ON SCENE (DESK REPORT),NO INJURY / DRIVE AWAY,,,,"$501 - $1,500",07/18/2025 08:20:00 PM,UNABLE TO DETERMINE,UNABLE TO DETERMINE,3101,S,KARLOV AVE,1031,,,,,,,2,NO INDICATION OF INJURY,0,0,0,0,0,1,0,19,6,7,41.8367650734,-87.7266343584,POINT (-87.726634358436 41.836765073445)
ccad32672bcf1bbcdb52300d12e84b402a9291216c53c9f3b4154a5b5d65a3a45060c59cc74a8fc3be3f7a3026ce899075a755f961526c105dbf2d3b7f5d3022,,07/18/2025 07:40:00 PM,30,NO CONTROLS,NO CONTROLS,CLEAR,"DARKNESS, LIGHTED ROAD",REAR END,NOT DIVIDED,,STRAIGHT AND LEVEL,DRY,NO DEFECTS,NOT ON SCENE (DESK REPORT),NO INJURY / DRIVE AWAY,,,,"OVER $1,500",07/19/2025 11:00:00 AM,IMPROPER LANE USAGE,UNABLE TO DETERMINE,3713,W,ROOSEVELT RD,1011,,,,,,,2,NO INDICATION OF INJURY,0,0,0,0,0,3,0,19,6,7,41.8661518934,-87.7184369717,POINT (-87.718436971676 41.86615189342)
5e640efbeff5afdd89b330204671c8bb636f7cb2c2b3dc63ac6be10ae60ddcdad9a39e20c5a92a18dcfb9dec78e432ad7b880afbf530423f6c5828aab4c7f01c,,07/18/2025 07:34:00 PM,30,TRAFFIC SIGNAL,FUNCTIONING PROPERLY,CLEAR,DAYLIGHT,TURNING,NOT DIVIDED,,STRAIGHT AND LEVEL,DRY,UNKNOWN,ON SCENE,INJURY AND / OR TOW DUE TO CRASH,,,,"OVER $1,500",07/18/2025 08:03:00 PM,UNABLE TO DETERMINE,UNABLE TO DETERMINE,5600,N,CENTRAL AVE,1622,,,,,,,2,NO INDICATION OF INJURY,0,0,0,0,0,2,0,19,6,7,41.9830328998,-87.7684901052,POINT (-87.768490105241 41.983032899841)
db4affd682e3a8037759a5a5bd176a3931755cf93658b873ed9511506e0c498c0b679cd6677dcc7cf884f7869054f4a99bef873d4d3539f7dcbb012925802098,,07/18/2025 07:33:00 PM,30,NO CONTROLS,NO CONTROLS,CLEAR,DAYLIGHT,ANGLE,PARKING LOT,,STRAIGHT AND LEVEL,DRY,NO DEFECTS,,INJURY AND / OR TOW DUE TO CRASH,,,,"OVER $1,500",07/18/2025 07:34:00 PM,"OPERATING VEHICLE IN ERRATIC, RECKLESS, CARELESS, NEGLIGENT OR AGGRESSIVE MANNER",NOT APPLICABLE,437,E,PERSHING RD,214,,,,,,,3,NONINCAPACITATING INJURY,4,0,0,4,0,1,0,19,6,7,41.823747833,-87.6152919205,POINT (-87.615291920496 41.823747833037)
f6d06c81f9db6ffc095092178004cae18df3e635c10f41501fe192b1c2902573cf020bb9ab8060edfa73fbff51396c418316424c3933fdf60abdbb90b2434fe2,,07/18/2025 07:33:00 PM,35,NO CONTROLS,NO CONTROLS,CLEAR,DAYLIGHT,REAR END,DIVIDED - W/MEDIAN BARRIER,,"CURVE, LEVEL",DRY,NO DEFECTS,ON SCENE,INJURY AND / OR TOW DUE TO CRASH,,,,"$501 - $1,500",07/18/2025 07:33:00 PM,FOLLOWING TOO CLOSELY,NOT APPLICABLE,999,N,LAKE SHORE DR SB,1833,,,,,,,2,NO INDICATION OF INJURY,0,0,0,0,0,2,0,19,6,7,41.9009476671,-87.6193351759,POINT (-87.619335175935 41.900947667149)
1a60735cb6511d0dde8010fd0f74f123e1d4f8c69c9e853c44c3aa3b6d7782f4837172fd38fef96284c064d8a26485c4fa8e62eaf72d2e0814b5334abc12229d,,07/18/2025 07:30:00 PM,30,TRAFFIC SIGNAL,FUNCTIONING PROPERLY,CLEAR,DAYLIGHT,PARKED MOTOR VEHICLE,FOUR WAY,,STRAIGHT AND LEVEL,DRY,NO DEFECTS,NOT ON SCENE (DESK REPORT),INJURY AND / OR TOW DUE TO CRASH,Y,,,"OVER $1,500",07/18/2025 08:10:00 PM,FAILING TO YIELD RIGHT-OF-WAY,FAILING TO YIELD RIGHT-OF-WAY,1613,W,MONROE ST,1224,,,,,,,2,"REPORTED, NOT EVIDENT",1,0,0,0,1,1,0,19,6,7,41.8800469392,-87.6674564119,POINT (-87.667456411936 41.880046939172)
31acd5cdbd948c421161f04d39aaed0dda2af83ab419b8a36331fa8522dce6b64d55c6f181dad0dc9d8c786df816b82a71554beaf02fd4b66e14d59e33ad5716,,07/18/2025 07:30:00 PM,5,NO CONTROLS,NO CONTROLS,CLEAR,DUSK,PARKED MOTOR VEHICLE,PARKING LOT,,STRAIGHT AND LEVEL,DRY,NO DEFECTS,NOT ON SCENE (DESK REPORT),NO INJURY / DRIVE AWAY,,Y,,"OVER $1,500",07/19/2025 01:45:00 PM,UNABLE TO DETERMINE,NOT APPLICABLE,9132,S,ASHLAND AVE,2221,Y,,,,,,2,NO INDICATION OF INJURY,0,0,0,0,0,1,0,19,6,7,41.7274881765,-87.6629720934,POINT (-87.662972093404 41.727488176486)
adf0c981dd2be0c07434d594b8ca2eb618119983e1e1c3bf874ef7b69ed0dcba534e82a44d8b058e01eaec72f284c02c52401105fa4df5fdcbc285bbab033489,,07/18/2025 07:30:00 PM,10,NO CONTROLS,NO CONTROLS,CLEAR,DAYLIGHT,REAR TO SIDE,ALLEY,,STRAIGHT AND LEVEL,DRY,NO DEFECTS,NOT ON SCENE (DESK REPORT),NO INJURY / DRIVE AWAY,,,Y,"OVER $1,500",07/18/2025 08:00:00 PM,UNABLE TO DETERMINE,NOT APPLICABLE,9813,S,AVENUE H,432,,,,,,,2,NO INDICATION OF INJURY,0,0,0,0,0,2,0,19,6,7,41.7173598424,-87.5327211153,POINT (-87.532721115272 41.717359842418)
d2c1ff3f9eac20434fbb272de90ea7dcc931bb062ee930f2b407266674bd1b7e4a5979cfc9f384614d215d5d32daf3b016a1cec21eb8fa4cf7250c2edbea416d,,07/18/2025 07:30:00 PM,30,NO CONTROLS,NO CONTROLS,CLEAR,"DARKNESS, LIGHTED ROAD",PARKED MOTOR VEHICLE,NOT DIVIDED,,STRAIGHT AND LEVEL,DRY,UNKNOWN,NOT ON SCENE (DESK REPORT),INJURY AND / OR TOW DUE TO CRASH,,,Y,"OVER $1,500",07/20/2025 01:20:00 PM,UNABLE TO DETERMINE,NOT APPLICABLE,5921,W,FULLERTON AVE,2515,,,,,,,2,NO INDICATION OF INJURY,0,0,0,0,0,1,0,19,6,7,41.9237406304,-87.7742547921,POINT (-87.774254792098 41.923740630418)
dff50cf9801a0b2629524317ef1e1cba30f2ff68598a1bd65f617f7cce157a4fc47db718571827a6e07fd1d867ab252e3e588dfad196fa10ec23cc866867ed9a,,07/18/2025 07:30:00 PM,25,UNKNOWN,UNKNOWN,UNKNOWN,UNKNOWN,SIDESWIPE SAME DIRECTION,ONE-WAY,,STRAIGHT AND LEVEL,UNKNOWN,UNKNOWN,NOT ON SCENE (DESK REPORT),NO INJURY / DRIVE AWAY,,,Y,"$501 - $1,500",07/18/2025 07:30:00 PM,UNABLE TO DETERMINE,UNABLE TO DETERMINE,10000,W,OHARE ST,1651,,,,,,,2,NO INDICATION OF INJURY,0,0,0,0,0,2,0,19,6,7,41.976201139,-87.9053091251,POINT (-87.905309125103 41.976201139024)
4455eb3d5d1d49387909598d60501c871b473b92f3d7090667a51097a311eaf68d730d0f879925926abe15c1a138481dd79cf9f64fdbe24c6f0effb59baa1b09,N,07/18/2025 07:23:00 PM,30,TRAFFIC SIGNAL,UNKNOWN,CLEAR,DAYLIGHT,ANGLE,PARKING LOT,,STRAIGHT AND LEVEL,UNKNOWN,UNKNOWN,NOT ON SCENE (DESK REPORT),NO INJURY / DRIVE AWAY,,,Y,"OVER $1,500",07/18/2025 08:15:00 PM,UNABLE TO DETERMINE,UNABLE TO DETERMINE,4042,W,FOSTER AVE,1712,,,,,,,2,NO INDICATION OF INJURY,0,0,0,0,0,3,0,19,6,7,41.9756241124,-87.7298445616,POINT (-87.72984456157 41.975624112446)
e6752c9fff7fc8024a87eca5d723988291de4aa40f652fe60f8e87fdb9dd368a24acc83145838c186acde0ab7ff25c6accd7d628c029f5255966edd3bc2c0d3b,,07/18/2025 07:20:00 PM,30,NO CONTROLS,NO CONTROLS,CLEAR,DAYLIGHT,TURNING,NOT DIVIDED,,STRAIGHT AND LEVEL,DRY,NO DEFECTS,NOT ON SCENE (DESK REPORT),NO INJURY / DRIVE AWAY,,,,"$501 - $1,500",07/18/2025 07:35:00 PM,UNABLE TO DETERMINE,UNABLE TO DETERMINE,2240,S,PULASKI RD,1013,,,,,,,2,NO INDICATION OF INJURY,0,0,0,0,0,5,0,19,6,7,41.8502643557,-87.7248712776,POINT (-87.724871277597 41.850264355678)
7047ecc1b1bdbf93de66f771602a0db3360e091d82921cf5518aeb5c2dd5f86f8c1928babd3d53d9457ca324fdb0e721bb346080e221de43ec55b223a31cfbe0,,07/18/2025 07:15:00 PM,30,TRAFFIC SIGNAL,NO CONTROLS,CLEAR,DAYLIGHT,REAR END,DIVIDED - W/MEDIAN (NOT RAISED),,STRAIGHT AND LEVEL,DRY,NO DEFECTS,,NO INJURY / DRIVE AWAY,,,Y,"OVER $1,500",07/18/2025 07:15:00 PM,NOT APPLICABLE,NOT APPLICABLE,2426,N,DAMEN AVE,1432,,,,,,,2,NO INDICATION OF INJURY,0,0,0,0,0,2,0,19,6,7,41.9257317137,-87.6780888962,POINT (-87.678088896228 41.925731713686)
a5c5bff224e6d988992efd880a6ff1c6fe3fcc3d3ffa442ca9a9a594c5cec67452e75db751f7c859299a1334315610e62a5439554d54f75b29172fa53c97dca9,,07/18/2025 07:15:00 PM,30,TRAFFIC SIGNAL,FUNCTIONING PROPERLY,CLEAR,DUSK,TURNING,DIVIDED - W/MEDIAN (NOT RAISED),,STRAIGHT AND LEVEL,DRY,NO DEFECTS,NOT ON SCENE (DESK REPORT),NO INJURY / DRIVE AWAY,,,,"$501 - $1,500",07/18/2025 08:55:00 PM,FAILING TO YIELD RIGHT-OF-WAY,IMPROPER TURNING/NO SIGNAL,9300,S,COTTAGE GROVE AVE,633,,,,,,,2,NO INDICATION OF INJURY,0,0,0,0,0,3,0,19,6,7,41.7256204851,-87.6047100142,POINT (-87.604710014159 41.725620485092)
33e4e38df9a71862dfe069c083acce311cd405b560a38eca48a6e51388e196e6ba2bc56f2d398d9c764cef19ffcb94c666bec810c9d688321476c4f33e84ac1c,,07/18/2025 07:12:00 PM,30,NO CONTROLS,NO CONTROLS,CLEAR,DAYLIGHT,PEDESTRIAN,DIVIDED - W/MEDIAN (NOT RAISED),,STRAIGHT AND LEVEL,DRY,UNKNOWN,NOT ON SCENE (DESK REPORT),INJURY AND / OR TOW DUE TO CRASH,Y,,,$500 OR LESS,07/18/2025 07:12:00 PM,FAILING TO YIELD RIGHT-OF-WAY,NOT APPLICABLE,2734,W,DEVON AVE,2412,,,,,,,2,NONINCAPACITATING INJURY,1,0,0,1,0,1,0,19,6,7,41.997687368,-87.698578399,POINT (-87.698578398969 41.997687368006)
e34e6d4557643e2ea16c43ea0b0a8475196f68b99566b9a03f5d119ef028528a578b3001592a546ed2568a925b89b4a339e9bf4f7303c52805eab9bdcec585af,,07/18/2025 07:07:00 PM,30,NO CONTROLS,NO CONTROLS,CLEAR,DAYLIGHT,TURNING,NOT DIVIDED,,STRAIGHT AND LEVEL,UNKNOWN,UNKNOWN,ON SCENE,NO INJURY / DRIVE AWAY,,,,"OVER $1,500",07/18/2025 07:30:00 PM,UNABLE TO DETERMINE,NOT APPLICABLE,6800,S,WESTERN AVE,832,,,,,,,2,NO INDICATION OF INJURY,0,0,0,0,0,5,0,19,6,7,41.7700565667,-87.6835364097,POINT (-87.683536409683 41.770056566659)
1aa2417d812f206a169b5bcac7c67d696b4edd92532b54a6cd10b61ff7cb8f37d1a5238aafd1ee61a7f7949b0a26c5d3089730e93e6e538db78909dcaaee793a,,07/18/2025 07:05:00 PM,30,TRAFFIC SIGNAL,FUNCTIONING PROPERLY,CLEAR,DAYLIGHT,TURNING,DIVIDED - W/MEDIAN BARRIER,,STRAIGHT AND LEVEL,DRY,NO DEFECTS,NOT ON SCENE (DESK REPORT),NO INJURY / DRIVE AWAY,,,,"OVER $1,500",07/21/2025 11:29:00 AM,FOLLOWING TOO CLOSELY,NOT APPLICABLE,1200,S,LAKE SHORE DR SB,132,,,,,,,2,NO INDICATION OF INJURY,0,0,0,0,0,2,0,19,6,7,41.8674842272,-87.6191503834,POINT (-87.619150383382 41.867484227164)
5d6d73728f30c61762f8fdf46c4b4595f6e6da0405ac07d5c756135168cb64b4fe80929e7bccf27de4201bd8eda47b9a7e40a1fb1e076af9138c1a7c2a504361,,07/18/2025 07:00:00 PM,20,SCHOOL ZONE,NO CONTROLS,CLEAR,DAYLIGHT,HEAD ON,ONE-WAY,,STRAIGHT AND LEVEL,UNKNOWN,UNKNOWN,ON SCENE,INJURY AND / OR TOW DUE TO CRASH,,,Y,"OVER $1,500",07/18/2025 07:02:00 PM,DRIVING ON WRONG SIDE/WRONG WAY,NOT APPLICABLE,4111,W,CORTLAND ST,2534,,,,,,,2,NONINCAPACITATING INJURY,2,0,0,1,1,0,0,19,6,7,41.9151984432,-87.7293707566,POINT (-87.729370756553 41.915198443208)
6e37654c4e10d16b10e0bb840a348ef7596e2786fa98dd70e8915daa41b3cf0c15dc2ea87938a6a5f99af499d6fb14e16daf54e95752d1f47506ff19f6845e87,,07/18/2025 07:00:00 PM,30,NO CONTROLS,NO CONTROLS,CLEAR,DAYLIGHT,TURNING,NOT DIVIDED,,STRAIGHT AND LEVEL,DRY,NO DEFECTS,NOT ON SCENE (DESK REPORT),NO INJURY / DRIVE AWAY,,,,"OVER $1,500",07/22/2025 06:10:00 PM,IMPROPER TURNING/NO SIGNAL,NOT APPLICABLE,101,W,IDA B WELLS DR,123,,,,,,,2,NO INDICATION OF INJURY,0,0,0,0,0,2,0,19,6,7,41.875499909,-87.6307582499,POINT (-87.63075824989 41.875499909006)
72c2082cb2d1fbf800dc7a5bc71abdda570e17e93de819f0be87a88e6d508f4ae3f9ecb476e3e3e02f74392312520ba205810f14120917dc455ab030bbdba4e7,,07/18/2025 07:00:00 PM,30,NO CONTROLS,NO CONTROLS,CLEAR,DAYLIGHT,TURNING,NOT DIVIDED,,STRAIGHT AND LEVEL,DRY,NO DEFECTS,ON SCENE,NO INJURY / DRIVE AWAY,,,Y,"$501 - $1,500",07/18/2025 07:05:00 PM,IMPROPER OVERTAKING/PASSING,IMPROPER TURNING/NO SIGNAL,4112,W,CHICAGO AVE,1111,,,,,,,2,NO INDICATION OF INJURY,0,0,0,0,0,2,0,19,6,7,41.8954210711,-87.7291687064,POINT (-87.729168706387 41.89542107113)
9fa5749f7b5da11d3d497e6c72a80d39cf54602244fa7893781db32c938dcc3f4cf729df4dd0fc468c09d7eaa323aff7bd134065a2d80634eb72948828f62da7,,07/18/2025 07:00:00 PM,30,TRAFFIC SIGNAL,FUNCTIONING PROPERLY,CLEAR,DUSK,PEDESTRIAN,NOT DIVIDED,,STRAIGHT AND LEVEL,DRY,NO DEFECTS,NOT ON SCENE (DESK REPORT),INJURY AND / OR TOW DUE TO CRASH,,,Y,"OVER $1,500",07/18/2025 07:50:00 PM,UNABLE TO DETERMINE,NOT APPLICABLE,4700,S,WESTERN AVE,922,,,,,,,2,NONINCAPACITATING INJURY,1,0,0,1,0,1,0,19,6,7,41.8083784079,-87.6845707169,POINT (-87.684570716896 41.808378407947)
9fe49e81636415f364c7e98db2a3f0a94d64bdd78a4fffd6664e10c477c6de1127ce26ef10090b0504ef51445fddc7216fc17b5bc803c0d8cf45f23dec580ace,,07/18/2025 07:00:00 PM,30,STOP SIGN/FLASHER,FUNCTIONING PROPERLY,CLEAR,DAWN,PARKED MOTOR VEHICLE,NOT DIVIDED,,STRAIGHT AND LEVEL,DRY,UNKNOWN,NOT ON SCENE (DESK REPORT),NO INJURY / DRIVE AWAY,,,,"OVER $1,500",07/19/2025 04:00:00 PM,DISREGARDING STOP SIGN,NOT APPLICABLE,4101,W,31ST ST,1031,N,,,,,,2,NO INDICATION OF INJURY,0,0,0,0,0,1,0,19,6,7,41.8367423783,-87.7268425633,POINT (-87.726842563275 41.83674237829)
fb504bc4ba34d332688437d48c01a9ad3a6eb1839e025508c61489725064397f427c2295baeea49c1157d675687f80d76674d10244388e022d72de5dfde22725,,07/18/2025 07:00:00 PM,30,NO CONTROLS,NO CONTROLS,CLEAR,DAYLIGHT,PARKED MOTOR VEHICLE,NOT DIVIDED,,STRAIGHT AND LEVEL,DRY,NO DEFECTS,,INJURY AND / OR TOW DUE TO CRASH,,,N,"OVER $1,500",07/18/2025 07:05:00 PM,DRIVING SKILLS/KNOWLEDGE/EXPERIENCE,UNABLE TO DETERMINE,11579,S,LAFAYETTE AVE,522,,,,,,,2,NO INDICATION OF INJURY,0,0,0,0,0,1,0,19,6,7,41.6830507433,-87.6239089338,POINT (-87.623908933775 41.683050743333)
634f4bfa206c7489a92f653c2216ddc15aa9cbe2e359bb2e9e17e6e9acb278797a8877abbfd2d361923d3c887c78d76abc0b3633d5c25df4072b508702636f1b,,07/18/2025 06:56:00 PM,30,NO CONTROLS,NO CONTROLS,CLEAR,DAYLIGHT,REAR TO FRONT,DIVIDED - W/MEDIAN BARRIER,,STRAIGHT AND LEVEL,DRY,OTHER,NOT ON SCENE (DESK REPORT),NO INJURY / DRIVE AWAY,,,Y,"$501 - $1,500",07/22/2025 10:50:00 PM,IMPROPER BACKING,IMPROPER BACKING,904,W,RANDOLPH ST,1224,,,,,,,2,NO INDICATION OF INJURY,0,0,0,0,0,3,0,18,6,7,41.8844734088,-87.6500081506,POINT (-87.650008150591 41.88447340876)
06d5d4ed67ef7758a7c88c398a332c1672bf1a2b5d105dd08f236b98301b72500ba79e7f65354a272b4a98aa47cb7b3380df3afb7f97c5f9caf579b4e4e6ddae,,07/18/2025 06:50:00 PM,30,UNKNOWN,UNKNOWN,UNKNOWN,DAYLIGHT,SIDESWIPE SAME DIRECTION,DIVIDED - W/MEDIAN BARRIER,,STRAIGHT AND LEVEL,UNKNOWN,UNKNOWN,NOT ON SCENE (DESK REPORT),NO INJURY / DRIVE AWAY,,,,"$501 - $1,500",07/19/2025 02:30:00 PM,IMPROPER OVERTAKING/PASSING,UNABLE TO DETERMINE,1832,S,LAKE SHORE DR SB,132,,,,,,,2,NO INDICATION OF INJURY,0,0,0,0,0,2,0,18,6,7,41.8570282556,-87.6164527905,POINT (-87.61645279054 41.857028255565)
899509c80486aaa4601138ab3576f1f6d58e151dd6d7e9dbdcd8943be2aa2fb1d813eaf5c812451c9aa70bf3e9831d92168a2d7e157616f986c18f234a3d91c9,,07/18/2025 06:50:00 PM,15,NO CONTROLS,NO CONTROLS,CLEAR,DAYLIGHT,ANGLE,PARKING LOT,,STRAIGHT AND LEVEL,DRY,NO DEFECTS,NOT ON SCENE (DESK REPORT),NO INJURY / DRIVE AWAY,,,Y,"OVER $1,500",07/22/2025 12:30:00 PM,UNABLE TO DETERMINE,NOT APPLICABLE,424,W,DIVISION ST,1821,,,,,,,2,NO INDICATION OF INJURY,0,0,0,0,0,2,0,18,6,7,41.9038839611,-87.6394372016,POINT (-87.639437201552 41.90388396114)
9135bb30335d5ec33b85e65e719e869cd7c9d3af225b8ee38e9a7767cefe4796db7eeb9c9ec9043dab0b1c30d212afc4ad783ea4191cb022f618ef0fde9a3639,,07/18/2025 06:40:00 PM,25,NO CONTROLS,NO CONTROLS,CLEAR,DAYLIGHT,PEDALCYCLIST,NOT DIVIDED,,STRAIGHT AND LEVEL,DRY,NO DEFECTS,ON SCENE,INJURY AND / OR TOW DUE TO CRASH,,,,"OVER $1,500",07/18/2025 06:42:00 PM,FAILING TO YIELD RIGHT-OF-WAY,FAILING TO YIELD RIGHT-OF-WAY,5437,N,CLARK ST,2013,,,Y,,,,2,NONINCAPACITATING INJURY,1,0,0,1,0,2,0,18,6,7,41.9808780383,-87.6682146053,POINT (-87.668214605269 41.980878038289)
97c6e216a8e85b4a5c89d1298e2ce124091eac633265738e4bf03342e21cfe6216e4a03c12e68253c64b15b1db4fc0ae4c7777f8bd44ce3911a394c4c5fba63c,,07/18/2025 06:40:00 PM,30,UNKNOWN,UNKNOWN,CLEAR,UNKNOWN,REAR END,FOUR WAY,,STRAIGHT AND LEVEL,DRY,UNKNOWN,NOT ON SCENE (DESK REPORT),NO INJURY / DRIVE AWAY,,,,"OVER $1,500",07/18/2025 08:02:00 PM,NOT APPLICABLE,NOT APPLICABLE,47,S,CLARK ST,112,,,,,,,2,NO INDICATION OF INJURY,0,0,0,0,0,2,0,18,6,7,41.8808103024,-87.6307086271,POINT (-87.630708627092 41.880810302354)
a776ca0fbce3b313717800de4954901cd13c59f37b54181b44494f168a21ceb2bfb5a8f683d55e99d1e81dfab94db45ad5a44ccd2b5590d8c50a087b7e364ace,,07/18/2025 06:40:00 PM,30,TRAFFIC SIGNAL,FUNCTIONING PROPERLY,CLEAR,DAYLIGHT,REAR END,NOT DIVIDED,,STRAIGHT AND LEVEL,DRY,NO DEFECTS,NOT ON SCENE (DESK REPORT),NO INJURY / DRIVE AWAY,,,,"OVER $1,500",07/18/2025 07:50:00 PM,UNABLE TO DETERMINE,NOT APPLICABLE,2499,W,31ST ST,1034,,,,,,,2,NO INDICATION OF INJURY,0,0,0,0,0,2,0,18,6,7,,,
2c1593e0e126cedb30c492f571760fd8dee311ceea9b1a771b2c84b90f78cef66569e35fe79454056939cf8aa08e3f9b569f18f2518fbe3e5ef30553b29e8ade,,07/18/2025 06:35:00 PM,40,TRAFFIC SIGNAL,FUNCTIONING PROPERLY,CLEAR,DAYLIGHT,REAR END,DIVIDED - W/MEDIAN BARRIER,,"CURVE, LEVEL",DRY,NO DEFECTS,ON SCENE,INJURY AND / OR TOW DUE TO CRASH,Y,,,"OVER $1,500",07/18/2025 06:40:00 PM,DRIVING SKILLS/KNOWLEDGE/EXPERIENCE,DRIVING SKILLS/KNOWLEDGE/EXPERIENCE,6300,S,COAST GUARD DR,331,,,,,,,3,NO INDICATION OF INJURY,0,0,0,0,0,3,0,18,6,7,41.7796807607,-87.575066734,POINT (-87.575066733953 41.77968076067)