CRASH_RECORD_ID,CRASH_DATE_EST_I,CRASH_DATE,POSTED_SPEED_LIMIT,TRAFFIC_CONTROL_DEVICE,DEVICE_CONDITION,WEATHER_CONDITION,LIGHTING_CONDITION,FIRST_CRASH_TYPE,TRAFFICWAY_TYPE,LANE_CNT,ALIGNMENT,ROADWAY_SURFACE_COND,ROAD_DEFECT,REPORT_TYPE,CRASH_TYPE,INTERSECTION_RELATED_I,NOT_RIGHT_OF_WAY_I,HIT_AND_RUN_I,DAMAGE,DATE_POLICE_NOTIFIED,PRIM_CONTRIBUTORY_CAUSE,SEC_CONTRIBUTORY_CAUSE,STREET_NO,STREET_DIRECTION,STREET_NAME,BEAT_OF_OCCURRENCE,PHOTOS_TAKEN_I,STATEMENTS_TAKEN_I,DOORING_I,WORK_ZONE_I,WORK_ZONE_TYPE,WORKERS_PRESENT_I,NUM_UNITS,MOST_SEVERE_INJURY,INJURIES_TOTAL,INJURIES_FATAL,INJURIES_INCAPACITATING,INJURIES_NON_INCAPACITATING,INJURIES_REPORTED_NOT_EVIDENT,INJURIES_NO_INDICATION,INJURIES_UNKNOWN,CRASH_HOUR,CRASH_DAY_OF_WEEK,CRASH_MONTH,LATITUDE,LONGITUDE,LOCATION
fec131c9c861487941715796f499b0036be6020ee14d994e4bae3956afc983e35e7c6057b8082f3e89964f302721ce0420f57b1b6d531498b257225a6c12f339,,07/18/2025 06:33:00 PM,30,NO CONTROLS,NO CONTROLS,CLEAR,DAYLIGHT,SIDESWIPE SAME DIRECTION,DIVIDED - W/MEDIAN (NOT RAISED),,STRAIGHT AND LEVEL,DRY,NO DEFECTS,,NO INJURY / DRIVE AWAY,,,,"OVER $1,500",07/18/2025 08:15:00 PM,UNABLE TO DETERMINE,NOT APPLICABLE,1343,W,87TH ST,2222,,,,,,,2,NO INDICATION OF INJURY,0,0,0,0,0,2,0,18,6,7,41.7357615327,-87.6575148216,POINT (-87.657514821563 41.735761532652)
20af9d23c696486942c806578830298378080c9e4511051d508957b96c23828e85ab9e90067e5b6d76b9b1f8432ec31a00c31c2bf3524935004ec96e7c4cba64,,07/18/2025 06:30:00 PM,30,NO CONTROLS,NO CONTROLS,CLEAR,DAYLIGHT,REAR END,DIVIDED - W/MEDIAN (NOT RAISED),,STRAIGHT AND LEVEL,DRY,NO DEFECTS,NOT ON SCENE (DESK REPORT),NO INJURY / DRIVE AWAY,,,,"OVER $1,500",07/18/2025 07:30:00 PM,UNABLE TO DETERMINE,NOT APPLICABLE,4000,W,59TH ST,813,,,,,,,2,NO INDICATION OF INJURY,0,0,0,0,0,2,0,18,6,7,41.7860451625,-87.723026426,POINT (-87.72302642597 41.78604516253)
3320e6852a7c5ddbee181c3167cfa6a10c32c620a0e7e64a3276d32bd753b34ad75bb6ef17f585b9f8e7dcb9463145f6649f94416c723e4943f402b02bd3d49f,,07/18/2025 06:30:00 PM,30,UNKNOWN,UNKNOWN,UNKNOWN,UNKNOWN,PARKED MOTOR VEHICLE,UNKNOWN,,STRAIGHT AND LEVEL,UNKNOWN,UNKNOWN,NOT ON SCENE (DESK REPORT),NO INJURY / DRIVE AWAY,,,,"$501 - $1,500",07/22/2025 03:00:00 PM,UNABLE TO DETERMINE,NOT APPLICABLE,6200,S,KILPATRICK AVE,813,,,,,,,2,NO INDICATION OF INJURY,0,0,0,0,0,2,0,18,6,7,41.7801893529,-87.7400505189,POINT (-87.740050518852 41.780189352902)
4b4ab899c3b7e54ea932b3224b20e70ba94b376f319cac7cf59a2b0672738c08b2049bd71bc16d5ef3c0187262fae79dc9e85e581ac2555172285fae9bebdb2c,,07/18/2025 06:30:00 PM,30,TRAFFIC SIGNAL,UNKNOWN,UNKNOWN,DUSK,SIDESWIPE SAME DIRECTION,FOUR WAY,,STRAIGHT AND LEVEL,UNKNOWN,UNKNOWN,NOT ON SCENE (DESK REPORT),NO INJURY / DRIVE AWAY,Y,,,"OVER $1,500",07/21/2025 09:53:00 AM,FAILING TO YIELD RIGHT-OF-WAY,UNABLE TO DETERMINE,735,N,MICHIGAN AVE,1833,,,,,,,2,NO INDICATION OF INJURY,0,0,0,0,0,2,0,18,6,7,41.8959447747,-87.6241290347,POINT (-87.624129034746 41.895944774741)
64d11b8f428c7f0c5e7184739281b0dd570e6b20be000fefb2087ead933c7edf76d51fc81f02982fff72fd79cf45a3b8e6c7a957b36d6ada17d8d6e1c704a696,,07/18/2025 06:29:00 PM,30,NO CONTROLS,NO CONTROLS,CLEAR,DAYLIGHT,PARKED MOTOR VEHICLE,ONE-WAY,,STRAIGHT AND LEVEL,DRY,NO DEFECTS,NOT ON SCENE (DESK REPORT),NO INJURY / DRIVE AWAY,,,Y,"OVER $1,500",07/21/2025 01:30:00 PM,UNABLE TO DETERMINE,UNABLE TO DETERMINE,10329,S,GREEN BAY AVE,432,,,,,,,2,NO INDICATION OF INJURY,0,0,0,0,0,1,0,18,6,7,41.7073232152,-87.541193997,POINT (-87.541193996973 41.707323215204)
ac486239352424c90deedcf6c94633e283e3f298b3edb92cd037d3ed8f39e3e0c7bcc303b2b2e0c11331b9729e196ab0872f58a8a0d010ee890afc543c267b68,,07/18/2025 06:25:00 PM,30,NO CONTROLS,NO CONTROLS,CLEAR,DAYLIGHT,SIDESWIPE SAME DIRECTION,NOT DIVIDED,,STRAIGHT AND LEVEL,DRY,NO DEFECTS,ON SCENE,NO INJURY / DRIVE AWAY,,,,"$501 - $1,500",07/18/2025 06:31:00 PM,IMPROPER OVERTAKING/PASSING,UNABLE TO DETERMINE,940,W,FOSTER AVE,2023,,,,,,,2,NO INDICATION OF INJURY,0,0,0,0,0,2,0,18,6,7,41.9765181241,-87.6541852604,POINT (-87.654185260428 41.976518124072)
49703aafd7202e3bdcbee7a91372bae9fe6ae5c3c86b9876a760d392c52910eb603deae25d97a2e7c8376fbf0b7267570b90671b0a7a17458fcebf23048d0b18,,07/18/2025 06:20:00 PM,25,TRAFFIC SIGNAL,FUNCTIONING PROPERLY,CLEAR,DAYLIGHT,SIDESWIPE SAME DIRECTION,FOUR WAY,,STRAIGHT AND LEVEL,DRY,NO DEFECTS,NOT ON SCENE (DESK REPORT),NO INJURY / DRIVE AWAY,Y,,Y,"OVER $1,500",07/23/2025 07:00:00 PM,UNABLE TO DETERMINE,NOT APPLICABLE,340,W,ONTARIO ST,1831,,,,,,,2,NO INDICATION OF INJURY,0,0,0,0,0,2,0,18,6,7,41.8932553288,-87.6371599156,POINT (-87.637159915596 41.893255328806)
aa606066823d47328e47129221d010374462da0743ed68a00f1224ccf5df00e650a451f73428b70dd03e406c31c40de78a8f3112ae794e4eb894cb3ff216450c,Y,07/18/2025 06:10:00 PM,30,STOP SIGN/FLASHER,FUNCTIONING PROPERLY,CLEAR,DAYLIGHT,ANGLE,NOT DIVIDED,,STRAIGHT AND LEVEL,DRY,NO DEFECTS,ON SCENE,INJURY AND / OR TOW DUE TO CRASH,Y,,Y,"OVER $1,500",07/18/2025 06:11:00 PM,UNABLE TO DETERMINE,UNABLE TO DETERMINE,10832,S,WENTWORTH AVE,513,,,,,,,2,NONINCAPACITATING INJURY,1,0,0,1,0,1,0,18,6,7,41.6970356445,-87.6281611417,POINT (-87.628161141687 41.697035644493)
f359b652a4c733fc7efdc985f6662af7e31fd1b9ca1a5131bfc6ef9288f8423819bbd3206dca0ddd9890cd32fdd1568b6624ab80d5b330019773550971b4a99e,,07/18/2025 06:10:00 PM,30,STOP SIGN/FLASHER,FUNCTIONING PROPERLY,CLEAR,DAYLIGHT,REAR TO FRONT,ONE-WAY,,STRAIGHT AND LEVEL,DRY,NO DEFECTS,NOT ON SCENE (DESK REPORT),NO INJURY / DRIVE AWAY,,,,"OVER $1,500",07/22/2025 12:00:00 PM,UNABLE TO DETERMINE,UNABLE TO DETERMINE,3200,N,RICHMOND ST,1733,,,,,,,2,NO INDICATION OF INJURY,0,0,0,0,0,2,0,18,6,7,41.9394516449,-87.7016512008,POINT (-87.701651200784 41.939451644887)
f39add083cba2e4ec9592a5a8519760cc0466931a399e265e73c1cd9fb104b215cd573dbfb04c17c7546219f61e82f9ca1a06cccf8f3eadff6fb91e9673f0a59,,07/18/2025 06:05:00 PM,30,NO CONTROLS,NO CONTROLS,CLEAR,DAYLIGHT,ANGLE,FOUR WAY,,STRAIGHT AND LEVEL,DRY,NO DEFECTS,ON SCENE,INJURY AND / OR TOW DUE TO CRASH,,,,"OVER $1,500",07/18/2025 06:12:00 PM,FAILING TO YIELD RIGHT-OF-WAY,FAILING TO YIELD RIGHT-OF-WAY,5636,W,DIVISION ST,2531,,,,,,,2,NONINCAPACITATING INJURY,2,0,0,2,0,2,0,18,6,7,41.9022322985,-87.7670987652,POINT (-87.767098765215 41.902232298539)
5cfc95dff8abc5f4a5ce048c5ec319503e8faf26f78de49f2792639d66e95c799ff33f80df6b10e5d9b042950ec807684ab4926ba6710bd79b03fb0b03de5b99,,07/18/2025 06:03:00 PM,15,NO CONTROLS,NO CONTROLS,CLEAR,DAYLIGHT,REAR END,NOT DIVIDED,,STRAIGHT AND LEVEL,DRY,UNKNOWN,ON SCENE,NO INJURY / DRIVE AWAY,,,Y,$500 OR LESS,07/18/2025 07:10:00 PM,UNABLE TO DETERMINE,UNABLE TO DETERMINE,1750,W,HARRISON ST,1231,,,,,,,2,NO INDICATION OF INJURY,0,0,0,0,0,2,0,18,6,7,41.8742368452,-87.6710960791,POINT (-87.671096079111 41.874236845206)
04e9cc6fbd08621a2051f4a49f4195c4194d3f8876e81deda8cf7bde9f13545d5f59029d45d60db2492beecd8dac1ee2a9e8fab3edb29549985b0513e27ef7bf,,07/18/2025 06:00:00 PM,30,NO CONTROLS,NO CONTROLS,CLEAR,DAYLIGHT,SIDESWIPE SAME DIRECTION,NOT DIVIDED,,STRAIGHT AND LEVEL,DRY,WORN SURFACE,NOT ON SCENE (DESK REPORT),NO INJURY / DRIVE AWAY,,,,"OVER $1,500",07/19/2025 02:50:00 PM,UNABLE TO DETERMINE,NOT APPLICABLE,12900,S,INDIANA AVE,532,,,,,,,2,NO INDICATION OF INJURY,0,0,0,0,0,2,0,18,6,7,41.6604313638,-87.6183238852,POINT (-87.618323885191 41.660431363794)
e21938afb90d896f3cd831986b346f2151b6ea5be835eaa58fd71be5f6ae6af61adcc49995050f7cb7d07ca1b45759e6d6e8a38c72fd150338398f70bb9eaeec,,07/18/2025 05:51:00 PM,30,NO CONTROLS,NO CONTROLS,CLEAR,DAYLIGHT,FIXED OBJECT,OTHER,,STRAIGHT AND LEVEL,DRY,NO DEFECTS,ON SCENE,NO INJURY / DRIVE AWAY,,,,"OVER $1,500",07/18/2025 05:52:00 PM,NOT APPLICABLE,NOT APPLICABLE,1414,N,KEELER AVE,2534,,,,,,,1,NO INDICATION OF INJURY,0,0,0,0,0,1,0,17,6,7,41.9066707897,-87.7314655521,POINT (-87.731465552147 41.906670789665)
0a2d714839597055ca3b533593a004f37b56fa4893fe91233d01cd93d497d3207cc1917cb44224bb1f5f346b99d179df00d66fd93a72dc84d4189ffaedacfaff,,07/18/2025 05:50:00 PM,30,TRAFFIC SIGNAL,FUNCTIONING PROPERLY,CLEAR,DAYLIGHT,TURNING,OTHER,,STRAIGHT AND LEVEL,DRY,NO DEFECTS,NOT ON SCENE (DESK REPORT),NO INJURY / DRIVE AWAY,,,,"OVER $1,500",07/18/2025 05:50:00 PM,DRIVING SKILLS/KNOWLEDGE/EXPERIENCE,UNABLE TO DETERMINE,836,N,MICHIGAN AVE,1833,,,,,,,2,NO INDICATION OF INJURY,0,0,0,0,0,2,0,17,6,7,41.8978267015,-87.6242458584,POINT (-87.624245858444 41.897826701471)
9d7aa0bdfe93111d98e15bb2947252024b65c7bb05c9a6a60a025d1506922ab3ba7cbe33febb6c85dfb5798b17a2bbedc1eebb0a67c2b5dbfccfc3fca701da91,,07/18/2025 05:50:00 PM,30,TRAFFIC SIGNAL,FUNCTIONING PROPERLY,CLEAR,DAYLIGHT,PEDALCYCLIST,DIVIDED - W/MEDIAN (NOT RAISED),,STRAIGHT AND LEVEL,DRY,NO DEFECTS,ON SCENE,INJURY AND / OR TOW DUE TO CRASH,,,Y,"$501 - $1,500",07/18/2025 06:28:00 PM,IMPROPER TURNING/NO SIGNAL,NOT APPLICABLE,2392,N,MILWAUKEE AVE,1414,,,,,,,2,NONINCAPACITATING INJURY,1,0,0,1,0,2,0,17,6,7,41.9246468005,-87.7004205955,POINT (-87.700420595529 41.924646800503)
f27e4e33e73f654d56d240b03e67bd42a2af294493a0358a22544836a8dc8f49ad0ccf695821aead51657b746dfcc67db626ef01ee355381b0da3cd940734223,,07/18/2025 05:49:00 PM,30,TRAFFIC SIGNAL,FUNCTIONING PROPERLY,CLEAR,DAYLIGHT,SIDESWIPE OPPOSITE DIRECTION,FOUR WAY,,STRAIGHT AND LEVEL,DRY,NO DEFECTS,ON SCENE,NO INJURY / DRIVE AWAY,,,,"OVER $1,500",07/18/2025 05:55:00 PM,DISTRACTION - FROM OUTSIDE VEHICLE,DISTRACTION - FROM OUTSIDE VEHICLE,38,E,ROOSEVELT RD,123,,,,,,,2,NO INDICATION OF INJURY,0,0,0,0,0,3,0,17,6,7,41.8675412841,-87.6258733155,POINT (-87.62587331546 41.867541284114)
a318cc71ee1725f182c0c9f0cde29fc05de17a4a6b2f2d2098723ab57a9ce5ab83ae19a4674dc3cb3f5f76f1e78e0e6b6e27b10bbeabf7e8f8ac5566b7cd5e12,,07/18/2025 05:45:00 PM,35,NO CONTROLS,NO CONTROLS,CLEAR,DAYLIGHT,REAR END,NOT DIVIDED,,STRAIGHT AND LEVEL,DRY,NO DEFECTS,NOT ON SCENE (DESK REPORT),NO INJURY / DRIVE AWAY,,,,"OVER $1,500",07/18/2025 06:15:00 PM,FOLLOWING TOO CLOSELY,FOLLOWING TOO CLOSELY,2401,N,LAKE SHORE DR SB,1935,,,,,,,2,NO INDICATION OF INJURY,0,0,0,0,0,2,0,17,6,7,41.9262516097,-87.6310449122,POINT (-87.631044912171 41.926251609692)
784aca11c8c6cb78ba656c5ae2f1bfe21a8bca609696630544aa37fee909876ec08debffe55211282dbbb463f78d5e0fc109c92ee80ef1f22ddf9c82c5ae05a1,,07/18/2025 05:42:00 PM,35,NO CONTROLS,NO CONTROLS,CLEAR,DAYLIGHT,PEDESTRIAN,PARKING LOT,,STRAIGHT AND LEVEL,DRY,NO DEFECTS,ON SCENE,INJURY AND / OR TOW DUE TO CRASH,,,,$500 OR LESS,07/18/2025 05:47:00 PM,DRIVING SKILLS/KNOWLEDGE/EXPERIENCE,NOT APPLICABLE,1533,E,67TH ST,332,,,,,,,2,NONINCAPACITATING INJURY,1,0,0,1,0,2,0,17,6,7,41.7732125487,-87.5874137517,POINT (-87.58741375167 41.773212548669)
0f8e5469aaf25f7eebcc585affa2af13a45e04b1783357e71836cde667c03c5e3860d21f5bfdc1e0e618e1fd0904ddddf8166d21de11099229504b447147cb06,,07/18/2025 05:40:00 PM,30,TRAFFIC SIGNAL,FUNCTIONING PROPERLY,CLEAR,DAYLIGHT,TURNING,DIVIDED - W/MEDIAN (NOT RAISED),,STRAIGHT AND LEVEL,DRY,UNKNOWN,NOT ON SCENE (DESK REPORT),NO INJURY / DRIVE AWAY,,,,"OVER $1,500",07/18/2025 06:45:00 PM,IMPROPER OVERTAKING/PASSING,NOT APPLICABLE,2798,N,CENTRAL PARK AVE,2524,,,,,,,2,NO INDICATION OF INJURY,0,0,0,0,0,4,0,17,6,7,41.9318187671,-87.717340758,POINT (-87.717340757995 41.931818767098)
f1f3d46b2b3a8c546d4bfd750261b92668ddc8aa3810230a05dc2b86d4bf8d7489d87342caf21cee946ce8743e72dbcc3ab3c2f39cf3cc4a79dbf917834bb02d,,07/18/2025 05:37:00 PM,30,TRAFFIC SIGNAL,FUNCTIONING PROPERLY,CLEAR,DAYLIGHT,PEDALCYCLIST,NOT DIVIDED,,STRAIGHT AND LEVEL,DRY,NO DEFECTS,ON SCENE,NO INJURY / DRIVE AWAY,Y,,,"OVER $1,500",07/18/2025 05:42:00 PM,FAILING TO YIELD RIGHT-OF-WAY,DRIVING SKILLS/KNOWLEDGE/EXPERIENCE,7600,N,SHERIDAN RD,2422,,,,,,,2,NO INDICATION OF INJURY,0,0,0,0,0,2,0,17,6,7,42.0192762315,-87.6661973884,POINT (-87.666197388437 42.019276231472)
4e1b7ec42ca87473e070d0c3dee40dd0890e7bf75daa0dc2c64cc11a126339bb6f4a1557773f0f058656615ae0888ab63c3874b31f2bb6edb4889025071d4361,,07/18/2025 05:36:00 PM,30,TRAFFIC SIGNAL,FUNCTIONING PROPERLY,CLEAR,DAYLIGHT,SIDESWIPE SAME DIRECTION,NOT DIVIDED,,STRAIGHT AND LEVEL,DRY,NO DEFECTS,NOT ON SCENE (DESK REPORT),NO INJURY / DRIVE AWAY,,,Y,"$501 - $1,500",07/18/2025 07:37:00 PM,FAILING TO YIELD RIGHT-OF-WAY,IMPROPER OVERTAKING/PASSING,4001,W,IRVING PARK RD,1732,,,,,,,2,NO INDICATION OF INJURY,0,0,0,0,0,3,0,17,6,7,41.9535373569,-87.7276951888,POINT (-87.727695188773 41.953537356864)
718217c9a7fc2b882b133862a1d5d5f4bd1f02d0caf3029c8ac26794fe87e4d96f8f52ff9f0064acb2131d125a8c3548601803ceb09ca69f45fab1d90c8f776f,,07/18/2025 05:30:00 PM,30,TRAFFIC SIGNAL,UNKNOWN,CLEAR,"DARKNESS, LIGHTED ROAD",TURNING,FOUR WAY,,STRAIGHT AND LEVEL,DRY,UNKNOWN,NOT ON SCENE (DESK REPORT),NO INJURY / DRIVE AWAY,Y,,,"OVER $1,500",07/18/2025 06:00:00 PM,UNABLE TO DETERMINE,DRIVING SKILLS/KNOWLEDGE/EXPERIENCE,300,E,LOWER RANDOLPH ST,114,,,,,,,2,NO INDICATION OF INJURY,0,0,0,0,0,3,0,17,6,7,41.8845295656,-87.6205273202,POINT (-87.620527320212 41.884529565628)
e4b62607a28d62a92f5c08c4146a16c4eee69b485240d39f1f0a38e80a1129b77f3254b24febba5f42b5bd195d92197cbceec6ae75b4bfcdbdb68ee29b9682fd,,07/18/2025 05:27:00 PM,30,UNKNOWN,UNKNOWN,UNKNOWN,UNKNOWN,PARKED MOTOR VEHICLE,ONE-WAY,,STRAIGHT AND LEVEL,UNKNOWN,UNKNOWN,NOT ON SCENE (DESK REPORT),NO INJURY / DRIVE AWAY,,,Y,$500 OR LESS,07/20/2025 03:45:00 PM,UNABLE TO DETERMINE,NOT APPLICABLE,1531,W,ARDMORE AVE,2013,,,,,,,2,NO INDICATION OF INJURY,0,0,0,0,0,1,0,17,6,7,41.9879455774,-87.6688624348,POINT (-87.668862434795 41.987945577446)
76971acd1cc7fccc307f7932e32c6c034d7bbc83354eebfaa129b026b8d2ebd403c0de51c04484d18e8048e3467b934282804bc2c63caff1503e923474a17352,,07/18/2025 05:20:00 PM,30,TRAFFIC SIGNAL,FUNCTIONING PROPERLY,CLEAR,DAYLIGHT,REAR END,NOT DIVIDED,,STRAIGHT AND LEVEL,DRY,NO DEFECTS,NOT ON SCENE (DESK REPORT),NO INJURY / DRIVE AWAY,,,,"OVER $1,500",07/18/2025 09:10:00 PM,FAILING TO REDUCE SPEED TO AVOID CRASH,DISTRACTION - FROM INSIDE VEHICLE,4720,W,FOSTER AVE,1712,,,,,,,2,NO INDICATION OF INJURY,0,0,0,0,0,2,0,17,6,7,41.9754678616,-87.7465334733,POINT (-87.746533473335 41.975467861572)
db54a9946aa5eca46a81437fe4a45870e504fad2564bc02823bbd2da34371fa1427d0b0c6f14b770e077569140676b451bba464e1c5657bad03e0db56dfe04f7,Y,07/18/2025 05:20:00 PM,30,NO CONTROLS,NO CONTROLS,CLEAR,DAYLIGHT,TURNING,DIVIDED - W/MEDIAN (NOT RAISED),,STRAIGHT AND LEVEL,DRY,NO DEFECTS,ON SCENE,INJURY AND / OR TOW DUE TO CRASH,,,,"OVER $1,500",07/18/2025 05:20:00 PM,DISREGARDING ROAD MARKINGS,NOT APPLICABLE,2100,S,DAMEN AVE,1234,,,,,,,2,"REPORTED, NOT EVIDENT",1,0,0,0,1,1,0,17,6,7,41.8539628189,-87.6760399305,POINT (-87.676039930451 41.853962818869)
688c3106300e835304f6af78d3b166aa66328fa2e66354b889033f11f9738def97c4ff6a97a828dc00b9e3c8112fc7d9eb15856ca6764b383a22de91e889888f,,07/18/2025 05:17:00 PM,30,TRAFFIC SIGNAL,FUNCTIONING PROPERLY,CLEAR,DAYLIGHT,REAR END,NOT DIVIDED,,STRAIGHT AND LEVEL,DRY,UNKNOWN,ON SCENE,NO INJURY / DRIVE AWAY,Y,,,"$501 - $1,500",07/18/2025 05:20:00 PM,UNABLE TO DETERMINE,UNABLE TO DETERMINE,2958,W,VAN BUREN ST,1124,,,,,,,2,NO INDICATION OF INJURY,0,0,0,0,0,2,0,17,6,7,41.8760388969,-87.7010193855,POINT (-87.701019385471 41.876038896894)
0c157c45bc9cf61e5cf24680f328c077b1bc552150814e123619466a59342c8048fdd1746328b1c1f35a9818504d1b6e0e97d0a28ff7cc73ce4f696a5b54bc5a,Y,07/18/2025 05:15:00 PM,30,NO CONTROLS,NO CONTROLS,CLEAR,DAYLIGHT,PARKED MOTOR VEHICLE,NOT DIVIDED,,STRAIGHT AND LEVEL,DRY,NO DEFECTS,NOT ON SCENE (DESK REPORT),NO INJURY / DRIVE AWAY,,,Y,"OVER $1,500",07/18/2025 07:34:00 PM,DRIVING SKILLS/KNOWLEDGE/EXPERIENCE,NOT APPLICABLE,2660,N,MILDRED AVE,1935,,,,,,,2,NO INDICATION OF INJURY,0,0,0,0,0,1,0,17,6,7,41.9307698291,-87.6515157253,POINT (-87.651515725303 41.930769829081)
624dfeed6d4d9175bf7c5efdad87c2e4efbba6bf3aeb41570681add36479696db2b8d87f14b53d0dbce4a75157f876b48ce312edbcf7c02ca65a8157891948fb,,07/18/2025 05:15:00 PM,30,TRAFFIC SIGNAL,FUNCTIONING PROPERLY,UNKNOWN,UNKNOWN,PEDALCYCLIST,T-INTERSECTION,,STRAIGHT AND LEVEL,UNKNOWN,NO DEFECTS,NOT ON SCENE (DESK REPORT),NO INJURY / DRIVE AWAY,Y,,,"OVER $1,500",07/18/2025 08:00:00 PM,DISREGARDING TRAFFIC SIGNALS,NOT APPLICABLE,300,E,SUPERIOR ST,1833,,,,,,,2,NO INDICATION OF INJURY,0,0,0,0,0,2,0,17,6,7,41.8959102665,-87.6202192329,POINT (-87.620219232935 41.89591026645)
c14ed69f7ab887f432b33db97d7505c4b319cae833f1ec033fe0ba22b17a0b939a6f283517356dd0945e78169780e91f0d0d39602e99343acf0c18d47d4483de,,07/18/2025 05:15:00 PM,30,STOP SIGN/FLASHER,FUNCTIONING PROPERLY,CLEAR,DAYLIGHT,REAR END,FOUR WAY,,STRAIGHT AND LEVEL,DRY,NO DEFECTS,NOT ON SCENE (DESK REPORT),INJURY AND / OR TOW DUE TO CRASH,,,Y,"$501 - $1,500",07/18/2025 06:40:00 PM,FOLLOWING TOO CLOSELY,UNABLE TO DETERMINE,998,W,ROSCOE ST,1924,,,,,,,2,"REPORTED, NOT EVIDENT",1,0,0,0,1,1,0,17,6,7,41.9436809241,-87.6541927391,POINT (-87.654192739054 41.943680924111)
acb11eeb17a9b31461ff01e9c9324e20abd040b06cdbb56c358efe333e66787208fba33d187549b7eab53b7a485bdc04d52406b0e130f3649b43fc249d6704fd,,07/18/2025 05:12:00 PM,30,NO CONTROLS,NO CONTROLS,CLEAR,DAYLIGHT,ANGLE,NOT DIVIDED,,STRAIGHT AND LEVEL,DRY,NO DEFECTS,ON SCENE,NO INJURY / DRIVE AWAY,,,Y,"OVER $1,500",07/18/2025 05:15:00 PM,IMPROPER OVERTAKING/PASSING,NOT APPLICABLE,1798,W,79TH ST,611,,,,,,,2,NO INDICATION OF INJURY,0,0,0,0,0,2,0,17,6,7,41.7504028336,-87.6682319064,POINT (-87.668231906431 41.75040283364)
a4d54cca167cc6f2ebe21713fd1795143b5247bc21a6f1674be42a458dc967009807ebf33c94deea3ca2fca7b7fd5bba70bbd69e499883210dd39880803ba689,,07/18/2025 05:10:00 PM,35,STOP SIGN/FLASHER,FUNCTIONING PROPERLY,CLEAR,DAYLIGHT,ANGLE,T-INTERSECTION,,STRAIGHT AND LEVEL,DRY,NO DEFECTS,ON SCENE,INJURY AND / OR TOW DUE TO CRASH,Y,,,"OVER $1,500",07/18/2025 05:28:00 PM,UNABLE TO DETERMINE,NOT APPLICABLE,1600,E,72ND ST,324,,,,,,,2,INCAPACITATING INJURY,3,0,1,2,0,1,0,17,6,7,41.7643484466,-87.5858451682,POINT (-87.585845168175 41.764348446598)
2291f805bed8514aad1782fcd01f08ba89f1e4fb6c6335e09e6b7d18b4460007efa6fad685851620f1f69d0eb9875c1bbe7ecd234860f72499614226a433ed57,,07/18/2025 05:06:00 PM,30,STOP SIGN/FLASHER,NO CONTROLS,CLEAR,DAYLIGHT,ANGLE,NOT DIVIDED,,STRAIGHT AND LEVEL,DRY,UNKNOWN,ON SCENE,INJURY AND / OR TOW DUE TO CRASH,Y,,,"OVER $1,500",07/18/2025 05:17:00 PM,FAILING TO YIELD RIGHT-OF-WAY,FAILING TO YIELD RIGHT-OF-WAY,7800,W,ADDISON ST,1631,,,,,,,2,NO INDICATION OF INJURY,0,0,0,0,0,2,0,17,6,7,41.9452768923,-87.8217523381,POINT (-87.82175233812 41.945276892318)
141706de29b617b6d4acb02a57a5f8f12d3a26e8e90587cfc5036db4f217a109b92f2269bd96188d055510284974238e5145bc42408d32cd95465b8f13d1fca8,,07/18/2025 05:00:00 PM,30,NO CONTROLS,NO CONTROLS,CLEAR,DAYLIGHT,SIDESWIPE SAME DIRECTION,NOT DIVIDED,,STRAIGHT AND LEVEL,DRY,NO DEFECTS,ON SCENE,NO INJURY / DRIVE AWAY,,,Y,"$501 - $1,500",07/18/2025 05:03:00 PM,IMPROPER OVERTAKING/PASSING,DRIVING ON WRONG SIDE/WRONG WAY,8401,S,KEDZIE AVE,835,,,,,,,2,NO INDICATION OF INJURY,0,0,0,0,0,2,0,17,6,7,41.7406259056,-87.7019981346,POINT (-87.701998134631 41.740625905569)
5e61541361bf3cba29b4da88a22479f3ac800dfccb598b32259cfd7ebacdb67d72d320992af8a8fb6f4226026437494b83dd239c58dc641de09672872813d690,,07/18/2025 05:00:00 PM,30,NO CONTROLS,NO CONTROLS,UNKNOWN,UNKNOWN,PARKED MOTOR VEHICLE,PARKING LOT,,STRAIGHT AND LEVEL,UNKNOWN,UNKNOWN,NOT ON SCENE (DESK REPORT),NO INJURY / DRIVE AWAY,,Y,,"$501 - $1,500",07/18/2025 06:10:00 PM,IMPROPER BACKING,IMPROPER BACKING,7067,N,WESTERN AVE,2411,,,,,,,2,NO INDICATION OF INJURY,0,0,0,0,0,1,0,17,6,7,42.0105586055,-87.6900625716,POINT (-87.690062571608 42.010558605495)
79ad87c4a3fffc044bf456b50fc5ae4302df8dc38a9641d77ca14bc44c5c2a51658b48b00d59727299e99d61f2b04264fa2b0c03af5400ab66ffc2f2a8d7457e,,07/18/2025 05:00:00 PM,15,NO CONTROLS,NO CONTROLS,CLEAR,UNKNOWN,PARKED MOTOR VEHICLE,PARKING LOT,,STRAIGHT AND LEVEL,DRY,NO DEFECTS,NOT ON SCENE (DESK REPORT),NO INJURY / DRIVE AWAY,,,Y,"OVER $1,500",07/19/2025 09:30:00 AM,UNABLE TO DETERMINE,UNABLE TO DETERMINE,7059,S,SOUTH SHORE DR,334,,,,,,,2,NO INDICATION OF INJURY,0,0,0,0,0,1,0,17,6,7,41.7666030222,-87.5663237227,POINT (-87.566323722736 41.766603022169)
a603780d0257a5bd367e27ed5da62fa54d24b72722390ba2467cb97d8ee25eaefeb213fb06156e89e8bf02a868fe1eb3263e565d394bec8d2e092f5e626fa467,,07/18/2025 05:00:00 PM,30,NO CONTROLS,NO CONTROLS,CLEAR,DAYLIGHT,PARKED MOTOR VEHICLE,ALLEY,,STRAIGHT AND LEVEL,DRY,NO DEFECTS,NOT ON SCENE (DESK REPORT),NO INJURY / DRIVE AWAY,,,Y,"$501 - $1,500",07/18/2025 05:49:00 PM,UNABLE TO DETERMINE,NOT APPLICABLE,1659,W,OGDEN AVE,1224,,,,,,,2,NO INDICATION OF INJURY,0,0,0,0,0,1,0,17,6,7,41.879430511,-87.6683123823,POINT (-87.668312382326 41.879430511003)