CRASH_RECORD_ID,CRASH_DATE_EST_I,CRASH_DATE,POSTED_SPEED_LIMIT,TRAFFIC_CONTROL_DEVICE,DEVICE_CONDITION,WEATHER_CONDITION,LIGHTING_CONDITION,FIRST_CRASH_TYPE,TRAFFICWAY_TYPE,LANE_CNT,ALIGNMENT,ROADWAY_SURFACE_COND,ROAD_DEFECT,REPORT_TYPE,CRASH_TYPE,INTERSECTION_RELATED_I,NOT_RIGHT_OF_WAY_I,HIT_AND_RUN_I,DAMAGE,DATE_POLICE_NOTIFIED,PRIM_CONTRIBUTORY_CAUSE,SEC_CONTRIBUTORY_CAUSE,STREET_NO,STREET_DIRECTION,STREET_NAME,BEAT_OF_OCCURRENCE,PHOTOS_TAKEN_I,STATEMENTS_TAKEN_I,DOORING_I,WORK_ZONE_I,WORK_ZONE_TYPE,WORKERS_PRESENT_I,NUM_UNITS,MOST_SEVERE_INJURY,INJURIES_TOTAL,INJURIES_FATAL,INJURIES_INCAPACITATING,INJURIES_NON_INCAPACITATING,INJURIES_REPORTED_NOT_EVIDENT,INJURIES_NO_INDICATION,INJURIES_UNKNOWN,CRASH_HOUR,CRASH_DAY_OF_WEEK,CRASH_MONTH,LATITUDE,LONGITUDE,LOCATION
b47255754df0a986e1a19c57edea684a6b65f5b3506cea6ac9fc9d9964c5a96b7ffd6445b17ba537fa0fafb1f3e8279135a3a10c59a2886f6658af9709b05bf7,Y,07/18/2025 05:00:00 PM,25,NO CONTROLS,NO CONTROLS,CLEAR,UNKNOWN,PARKED MOTOR VEHICLE,NOT DIVIDED,,STRAIGHT AND LEVEL,DRY,UNKNOWN,NOT ON SCENE (DESK REPORT),NO INJURY / DRIVE AWAY,,,Y,"$501 - $1,500",07/20/2025 10:45:00 AM,UNABLE TO DETERMINE,UNABLE TO DETERMINE,5555,W,GRAND AVE,2515,,,,,,,2,NO INDICATION OF INJURY,0,0,0,0,0,1,0,17,6,7,41.9186088912,-87.765574479,POINT (-87.765574478976 41.918608891151)
ee39be2fe66d7f0ce6fbf0c81d83211a12c7d464a9e8bcd0d71364fc2e29691fd0224b294d007d9e22227414e709244816e807f0bdd2d342f266aa5fe804a3b6,,07/18/2025 05:00:00 PM,25,NO CONTROLS,NO CONTROLS,CLEAR,DAYLIGHT,PARKED MOTOR VEHICLE,FOUR WAY,,STRAIGHT AND LEVEL,DRY,NO DEFECTS,NOT ON SCENE (DESK REPORT),NO INJURY / DRIVE AWAY,,,,"$501 - $1,500",07/28/2025 06:00:00 PM,UNABLE TO DETERMINE,UNABLE TO DETERMINE,3800,W,62ND ST,823,,,,,,,2,NO INDICATION OF INJURY,0,0,0,0,0,1,0,17,6,7,41.7806628637,-87.7180307284,POINT (-87.71803072843 41.780662863655)
3f30651dab896388e5ffa2ab724c5cac282ac1bd1c7bd85f12c16b41e3b017463244802eef2769af6d50827555c4398550a6441fe996e8067bf71faea1628090,,07/18/2025 04:55:00 PM,30,TRAFFIC SIGNAL,FUNCTIONING PROPERLY,CLEAR,DAYLIGHT,REAR END,DIVIDED - W/MEDIAN (NOT RAISED),,STRAIGHT AND LEVEL,DRY,NO DEFECTS,NOT ON SCENE (DESK REPORT),NO INJURY / DRIVE AWAY,,,,"$501 - $1,500",07/18/2025 05:45:00 PM,UNABLE TO DETERMINE,NOT APPLICABLE,7901,S,ASHLAND AVE,612,,,,,,,2,NO INDICATION OF INJURY,0,0,0,0,0,2,0,16,6,7,41.7502689871,-87.66328709,POINT (-87.663287090011 41.750268987086)
da3af2add3bc29674c5688a57d49e85b28d1b71daa7ab2eb10bbceabca1ca34cca07556749b7324ab83a96ff6a4740ed173ab851e41fcae7b36ba243d0879106,,07/18/2025 04:54:00 PM,30,STOP SIGN/FLASHER,UNKNOWN,UNKNOWN,UNKNOWN,ANGLE,FOUR WAY,,STRAIGHT AND LEVEL,UNKNOWN,UNKNOWN,NOT ON SCENE (DESK REPORT),NO INJURY / DRIVE AWAY,Y,,,"$501 - $1,500",07/20/2025 02:35:00 PM,UNABLE TO DETERMINE,NOT APPLICABLE,2426,N,SHEFFIELD AVE,1932,,,,,,,2,NO INDICATION OF INJURY,0,0,0,0,0,3,0,16,6,7,41.9262290348,-87.6537864662,POINT (-87.653786466185 41.926229034766)
f8adfbac363afb3a5cb68ce71e7c63adc20b02bdc1d62a8fabbf3a174a56d33f7d613669527913532ec6c91cefc13d8a596764c16c232b740805a9e6ed95ad77,,07/18/2025 04:48:00 PM,30,STOP SIGN/FLASHER,FUNCTIONING PROPERLY,CLEAR,DAYLIGHT,ANGLE,FOUR WAY,,STRAIGHT AND LEVEL,DRY,NO DEFECTS,ON SCENE,INJURY AND / OR TOW DUE TO CRASH,Y,,,"OVER $1,500",07/18/2025 04:49:00 PM,FAILING TO YIELD RIGHT-OF-WAY,UNABLE TO DETERMINE,4357,N,DRAKE AVE,1723,,,,,,,2,NO INDICATION OF INJURY,0,0,0,0,0,2,0,16,6,7,41.9609385336,-87.7166579296,POINT (-87.716657929587 41.96093853364)
3f139a1f8849c6b7940a362f05979310b528b4453a2d1c8200f1d93f5a7916195bbea6708bb46be0576fe6a9f7574f56e8a27ebf738adaba107c62424f8484bd,,07/18/2025 04:47:00 PM,40,NO CONTROLS,NO CONTROLS,CLEAR,DAYLIGHT,REAR TO SIDE,DIVIDED - W/MEDIAN BARRIER,,STRAIGHT AND LEVEL,DRY,NO DEFECTS,NOT ON SCENE (DESK REPORT),NO INJURY / DRIVE AWAY,,,Y,"OVER $1,500",07/22/2025 03:15:00 PM,UNABLE TO DETERMINE,NOT APPLICABLE,170,S,LAKE SHORE DR SB,114,,,,,,,2,NO INDICATION OF INJURY,0,0,0,0,0,2,0,16,6,7,41.8797107363,-87.6176098525,POINT (-87.617609852511 41.87971073635)
54a3727dbe11463c31807fe11d9d20f70d66731b5d57c2dcb011b8ab167ff95f81eb2fe3bbe1376040df7607344c15106b38a0032aacd0b1303a8db3621d4d7b,,07/18/2025 04:46:00 PM,30,UNKNOWN,UNKNOWN,CLEAR,DAYLIGHT,PEDALCYCLIST,TRAFFIC ROUTE,,STRAIGHT AND LEVEL,DRY,UNKNOWN,ON SCENE,INJURY AND / OR TOW DUE TO CRASH,Y,,,$500 OR LESS,07/18/2025 05:03:00 PM,FAILING TO YIELD RIGHT-OF-WAY,UNABLE TO DETERMINE,3201,W,BELMONT AVE,1412,,Y,,,,,2,NONINCAPACITATING INJURY,1,0,0,1,0,1,0,16,6,7,41.9392210489,-87.7077146023,POINT (-87.707714602329 41.939221048898)
971a3344a47e195b2236be02d9c013c4f7087590eda01eafc67a3f7aeb7d827fa1259b517a1edf3302af52219d63aafb5291443c60793d33eb0236384ab12c1e,,07/18/2025 04:46:00 PM,20,NO CONTROLS,NO CONTROLS,CLEAR,DAYLIGHT,REAR TO REAR,PARKING LOT,,STRAIGHT AND LEVEL,DRY,UNKNOWN,ON SCENE,NO INJURY / DRIVE AWAY,,,,"OVER $1,500",07/18/2025 05:02:00 PM,IMPROPER BACKING,NOT APPLICABLE,3527,W,ARMITAGE AVE,1422,,,,,,,2,NO INDICATION OF INJURY,0,0,0,0,0,4,0,16,6,7,41.9171980298,-87.7146603722,POINT (-87.714660372195 41.917198029831)
27b87030a620e0f94174913d2d2ce3a6002b127fbab2207af80ddd03c683ccdfbd306ff70ff463255b5ddff7f8857c896390377c5a253f8fb03c63748c60bd5a,,07/18/2025 04:45:00 PM,30,STOP SIGN/FLASHER,FUNCTIONING PROPERLY,CLEAR,DAYLIGHT,REAR END,FOUR WAY,,STRAIGHT AND LEVEL,DRY,UNKNOWN,NOT ON SCENE (DESK REPORT),NO INJURY / DRIVE AWAY,Y,,,"OVER $1,500",07/18/2025 10:15:00 PM,UNABLE TO DETERMINE,UNABLE TO DETERMINE,4702,N,CLARK ST,1912,N,Y,,,,,2,NO INDICATION OF INJURY,0,0,0,0,0,3,0,16,6,7,41.9672081216,-87.6672963705,POINT (-87.667296370475 41.967208121619)
4ff4f54b26415541053b3400796c0eeef45f7a4368e948d8597e4588898ac0d0715621addc888e747d39a0003d547b94f1ad5f07fddf9c9320db1b0ecb92a61f,,07/18/2025 04:43:00 PM,30,TRAFFIC SIGNAL,FUNCTIONING PROPERLY,CLEAR,DAYLIGHT,REAR END,NOT DIVIDED,,STRAIGHT AND LEVEL,DRY,NO DEFECTS,ON SCENE,INJURY AND / OR TOW DUE TO CRASH,,,,"$501 - $1,500",07/18/2025 04:49:00 PM,FAILING TO REDUCE SPEED TO AVOID CRASH,NOT APPLICABLE,2220,W,FULLERTON AVE,1432,,,,,,,2,"REPORTED, NOT EVIDENT",1,0,0,0,1,1,0,16,6,7,41.9250600863,-87.6840289809,POINT (-87.684028980874 41.925060086287)
5bdbe390437e73f2c645510911b4fd50215ce9a48fe9b50cbcf64117a4c1b4f25e476b4df57dede1ba3a2e45b95bf1a7079a2fbecd3c8d4b3f355aa5018c710b,,07/18/2025 04:42:00 PM,30,TRAFFIC SIGNAL,FUNCTIONING PROPERLY,CLEAR,DAYLIGHT,TURNING,FOUR WAY,,STRAIGHT AND LEVEL,DRY,NO DEFECTS,ON SCENE,NO INJURY / DRIVE AWAY,Y,,,"OVER $1,500",07/18/2025 04:42:00 PM,IMPROPER TURNING/NO SIGNAL,FAILING TO REDUCE SPEED TO AVOID CRASH,1499,W,LAWRENCE AVE,1913,,,,,,,2,NO INDICATION OF INJURY,0,0,0,0,0,2,0,16,6,7,41.968792755,-87.6674259265,POINT (-87.667425926458 41.968792755007)
9653146955ff5c51bf70924fde1a2cb1b77bc2286bff45b47f27e8d450896bef80dae6559e7a5f5109825f91a97f98563f288ed38ebcea1131fd002b2dc3a701,,07/18/2025 04:42:00 PM,30,NO CONTROLS,NO CONTROLS,CLEAR,DAYLIGHT,SIDESWIPE SAME DIRECTION,ONE-WAY,,STRAIGHT AND LEVEL,DRY,NO DEFECTS,ON SCENE,NO INJURY / DRIVE AWAY,,,Y,"$501 - $1,500",07/18/2025 04:52:00 PM,FAILING TO YIELD RIGHT-OF-WAY,UNABLE TO DETERMINE,3,W,TERMINAL ST,1653,,,,,,,2,NO INDICATION OF INJURY,0,0,0,0,0,3,0,16,6,7,,,
114df86e5d59b9be7d9ad0b8f966c0855033b9d7ed607a9ca42eb86e70c497fe52f38ea23796c7682fc5a34eb9f5c954473a894dd7528b3de1fe7fc8fbe3a7d1,,07/18/2025 04:40:00 PM,30,NO CONTROLS,NO CONTROLS,CLEAR,DAYLIGHT,REAR END,DIVIDED - W/MEDIAN (NOT RAISED),,STRAIGHT AND LEVEL,DRY,NO DEFECTS,NOT ON SCENE (DESK REPORT),NO INJURY / DRIVE AWAY,,,,"OVER $1,500",07/18/2025 04:45:00 PM,UNABLE TO DETERMINE,UNABLE TO DETERMINE,7000,S,HALSTED ST,733,,,,,,,2,NO INDICATION OF INJURY,0,0,0,0,0,2,0,16,6,7,41.7669224351,-87.6446024474,POINT (-87.644602447367 41.766922435101)
954ecf90aaa3fefe9bae4c28e67bd3dcf103e9573edd603e3bf89c76e11e5a7c24bce10fbd785412040c4f17ac4290b3971cd0326dc726e17df57c0508509d9f,,07/18/2025 04:40:00 PM,30,TRAFFIC SIGNAL,FUNCTIONING PROPERLY,CLEAR,DAYLIGHT,SIDESWIPE SAME DIRECTION,FOUR WAY,,STRAIGHT AND LEVEL,DRY,NO DEFECTS,NOT ON SCENE (DESK REPORT),NO INJURY / DRIVE AWAY,,,Y,"OVER $1,500",07/18/2025 06:55:00 PM,IMPROPER OVERTAKING/PASSING,IMPROPER OVERTAKING/PASSING,2801,S,KEDZIE AVE,1033,,,,,,,2,NO INDICATION OF INJURY,0,0,0,0,0,2,0,16,6,7,41.8408141312,-87.7047814293,POINT (-87.704781429299 41.840814131218)
864b3b65bcc2ce977ba7cd705389dd169f362f97f04cd806fec043f7e85b67ced3ff3b2667d4f1781c817082bb5c011f48fea3a4f30eb828ed2a1411b1aacbb2,,07/18/2025 04:39:00 PM,30,NO CONTROLS,NO CONTROLS,CLEAR,DAYLIGHT,TURNING,NOT DIVIDED,,STRAIGHT AND LEVEL,DRY,UNKNOWN,NOT ON SCENE (DESK REPORT),NO INJURY / DRIVE AWAY,,,Y,"OVER $1,500",07/18/2025 05:00:00 PM,FAILING TO YIELD RIGHT-OF-WAY,FOLLOWING TOO CLOSELY,1751,N,SHEFFIELD AVE,1813,,,,,,,2,NO INDICATION OF INJURY,0,0,0,0,0,2,0,16,6,7,41.9133668646,-87.6530507892,POINT (-87.653050789169 41.913366864616)
598169b9398b8646e753fa743ac1b9ffd4ba8cf693393ccbfdb8c14653de0d5d8fb5f589a77f49be7561624ad6a9341a13a10bafabffcb55cbaf30eacc3bdd92,,07/18/2025 04:38:00 PM,30,TRAFFIC SIGNAL,UNKNOWN,CLEAR,DAYLIGHT,TURNING,FOUR WAY,,STRAIGHT AND LEVEL,DRY,UNKNOWN,ON SCENE,NO INJURY / DRIVE AWAY,Y,,,"OVER $1,500",07/18/2025 05:17:00 PM,FAILING TO YIELD RIGHT-OF-WAY,NOT APPLICABLE,6400,W,DIVERSEY AVE,2511,,,,,,,2,NO INDICATION OF INJURY,0,0,0,0,0,2,0,16,6,7,41.9311105226,-87.7857531685,POINT (-87.785753168537 41.931110522613)
048f224f9217ff9cd779772ac86a8540ffb48223e87d68ad47079b906ebb16e483538b073155502aeb40d940d6b0da160904ec8b7a57e7fdf8245875991fab74,,07/18/2025 04:36:00 PM,30,TRAFFIC SIGNAL,FUNCTIONING PROPERLY,CLEAR,DAYLIGHT,SIDESWIPE SAME DIRECTION,DIVIDED - W/MEDIAN BARRIER,,STRAIGHT AND LEVEL,DRY,NO DEFECTS,ON SCENE,NO INJURY / DRIVE AWAY,,,,"$501 - $1,500",07/18/2025 04:41:00 PM,FAILING TO YIELD RIGHT-OF-WAY,UNABLE TO DETERMINE,7899,S,STONY ISLAND AVE,411,,,,,,,2,NO INDICATION OF INJURY,0,0,0,0,0,3,0,16,6,7,41.75151786,-87.5854651406,POINT (-87.585465140554 41.751517859972)
019efbff577b20f9ada5a20525b811e2eff90e2d5c4ba44b43fcff24c266d92586630ac15cd3a52d360c0ca966c54ae166f991a040d2c52b87ee041170d5d7e3,,07/18/2025 04:30:00 PM,30,TRAFFIC SIGNAL,FUNCTIONING PROPERLY,CLEAR,DAYLIGHT,REAR END,DIVIDED - W/MEDIAN (NOT RAISED),,STRAIGHT AND LEVEL,DRY,NO DEFECTS,NOT ON SCENE (DESK REPORT),NO INJURY / DRIVE AWAY,,,,"OVER $1,500",07/19/2025 12:20:00 PM,UNABLE TO DETERMINE,UNABLE TO DETERMINE,907,N,WESTERN AVE,1212,,,,,,,3,NO INDICATION OF INJURY,0,0,0,0,0,3,0,16,6,7,41.8978139219,-87.6867483868,POINT (-87.68674838678 41.897813921872)
468db9275f165b34fd0f62bdc44e5b1d45372a0331a3fb54482eae8276bdd34e75fa716f48367741a088528d7a1cf58e689978d9a4f7fd47df15e4069011b030,,07/18/2025 04:30:00 PM,35,NO CONTROLS,NO CONTROLS,CLEAR,DAYLIGHT,PARKED MOTOR VEHICLE,NOT DIVIDED,,STRAIGHT AND LEVEL,DRY,NO DEFECTS,ON SCENE,NO INJURY / DRIVE AWAY,,,,"$501 - $1,500",07/19/2025 06:10:00 PM,UNABLE TO DETERMINE,NOT APPLICABLE,1060,W,ADDISON ST,1923,,,,,,,2,NO INDICATION OF INJURY,0,0,0,0,0,1,0,16,6,7,41.947317489,-87.6564179476,POINT (-87.656417947646 41.947317489015)
a8deb5b6d5aad3a4181a605cde9fddbc121e851f2354b40a209e376671c595e081b22e581a7313a9893a033807dd6ca7d618fb44b642e954ba9c18584478627e,,07/18/2025 04:30:00 PM,30,NO CONTROLS,NO CONTROLS,CLEAR,DAYLIGHT,SIDESWIPE SAME DIRECTION,DIVIDED - W/MEDIAN BARRIER,,"CURVE, LEVEL",DRY,NO DEFECTS,ON SCENE,NO INJURY / DRIVE AWAY,,,,"$501 - $1,500",07/18/2025 04:48:00 PM,IMPROPER BACKING,NOT APPLICABLE,12999,S,INDIANA AVE,532,,,,,,,2,NO INDICATION OF INJURY,0,0,0,0,0,2,0,16,6,7,41.6591591577,-87.6182943853,POINT (-87.618294385314 41.659159157679)
5cd4c97e022d63ee7f3a1cf93f477ccf99f4a3d27ed4e0d19ccc2901a62081e4f57f1457744783544288d28e474688c2cd4f8f4635b5c11f8772aef2ec13beb8,,07/18/2025 04:25:00 PM,30,NO CONTROLS,NO CONTROLS,CLEAR,DAYLIGHT,SIDESWIPE SAME DIRECTION,NOT DIVIDED,,STRAIGHT AND LEVEL,DRY,NO DEFECTS,ON SCENE,NO INJURY / DRIVE AWAY,,,Y,"OVER $1,500",07/18/2025 04:25:00 PM,FAILING TO YIELD RIGHT-OF-WAY,NOT APPLICABLE,8148,S,KEDZIE AVE,834,,,,,,,2,NO INDICATION OF INJURY,0,0,0,0,0,5,0,16,6,7,41.744697591,-87.702399742,POINT (-87.702399741986 41.744697591023)
18e693771c86c365b34db7b44c113cde5229efa2e8814afaaae1ba1a8cacf06762b3a3bc8dc82b1dca151f3ead7b82d4bd2b94a0dce286eee800d284cb0d5d0b,,07/18/2025 04:22:00 PM,30,UNKNOWN,NO CONTROLS,CLEAR,DAYLIGHT,TURNING,UNKNOWN INTERSECTION TYPE,,STRAIGHT AND LEVEL,DRY,UNKNOWN,ON SCENE,NO INJURY / DRIVE AWAY,,,,"$501 - $1,500",07/18/2025 04:22:00 PM,UNABLE TO DETERMINE,UNABLE TO DETERMINE,5550,W,DIVERSEY AVE,2514,,,,,,,2,NO INDICATION OF INJURY,0,0,0,0,0,2,0,16,6,7,41.9313933028,-87.7658706564,POINT (-87.76587065645 41.931393302835)
892a266eb6d2c2d2b7c0644afec3babce776020dd8e40bf3cf8a9f7a77d192ed26cdc5ce31a73b481b54d4e0698a22430002293d1018c68774da7b56420f1bd5,,07/18/2025 04:15:00 PM,25,NO CONTROLS,NO CONTROLS,CLEAR,DAYLIGHT,SIDESWIPE SAME DIRECTION,NOT DIVIDED,,STRAIGHT AND LEVEL,DRY,UNKNOWN,NOT ON SCENE (DESK REPORT),NO INJURY / DRIVE AWAY,,,,$500 OR LESS,07/19/2025 09:00:00 AM,UNABLE TO DETERMINE,UNABLE TO DETERMINE,7557,W,BELMONT AVE,2511,,,,,,,2,NO INDICATION OF INJURY,0,0,0,0,0,2,0,16,6,7,41.9378348383,-87.8163654038,POINT (-87.816365403762 41.937834838289)
da1843074b4946a39004961b98d8ad65cb51ebb4f52a8912fae14fd158fe8a3ce8d3f8b3e0d4b4d0a26649c27654a8442626bd8e7e4ea7884cb0ad8957a14b79,,07/18/2025 04:06:00 PM,25,STOP SIGN/FLASHER,FUNCTIONING PROPERLY,CLEAR,DAYLIGHT,PEDESTRIAN,DIVIDED - W/MEDIAN (NOT RAISED),,STRAIGHT AND LEVEL,DRY,UNKNOWN,ON SCENE,INJURY AND / OR TOW DUE TO CRASH,Y,,,"$501 - $1,500",07/18/2025 04:06:00 PM,NOT APPLICABLE,NOT APPLICABLE,2922,N,CLARK ST,1934,,Y,,,,,2,"REPORTED, NOT EVIDENT",1,0,0,0,1,1,0,16,6,7,41.9353917061,-87.6471574578,POINT (-87.647157457848 41.935391706129)
885a046d9195a94df043438edf254786ee0d04d4c370404840b2a88c0d52239331aab9c674d5657d214e0b8ee4a563a77fca9b521ffbaa9f5f9bf3236865fb11,,07/18/2025 04:00:00 PM,30,TRAFFIC SIGNAL,FUNCTIONING PROPERLY,CLEAR,DAYLIGHT,SIDESWIPE SAME DIRECTION,T-INTERSECTION,,STRAIGHT AND LEVEL,DRY,NO DEFECTS,NOT ON SCENE (DESK REPORT),NO INJURY / DRIVE AWAY,Y,,,"OVER $1,500",07/18/2025 05:00:00 PM,IMPROPER OVERTAKING/PASSING,UNABLE TO DETERMINE,2003,N,CALIFORNIA AVE,1431,,,,,,,2,NO INDICATION OF INJURY,0,0,0,0,0,2,0,16,6,7,41.9175900102,-87.6970567534,POINT (-87.697056753432 41.917590010209)
c8bd0d5195d51bb471a18780866633ad6533358c2af8c73f265b7282d97a996205a00204d313e7a9409b8cae8ce99340a0e2b1152ae8fff0e5e5ebe87a67b9d5,,07/18/2025 04:00:00 PM,30,TRAFFIC SIGNAL,FUNCTIONING PROPERLY,CLEAR,DAYLIGHT,SIDESWIPE SAME DIRECTION,DIVIDED - W/MEDIAN (NOT RAISED),,STRAIGHT AND LEVEL,DRY,NO DEFECTS,NOT ON SCENE (DESK REPORT),NO INJURY / DRIVE AWAY,,,Y,"OVER $1,500",07/18/2025 05:30:00 PM,UNABLE TO DETERMINE,UNABLE TO DETERMINE,4700,S,WESTERN AVE,922,,,,,,,2,NO INDICATION OF INJURY,0,0,0,0,0,2,0,16,6,7,41.8083784079,-87.6845707169,POINT (-87.684570716896 41.808378407947)
33a6f49b77d9342adbfced4ca5cc74d3b504fd0cf6e76c2bd6876a620ac9a32bee1cd389e9675fb31c05fd973cc125efc1ff745860560fbc71e6a262e0a90e0b,,07/18/2025 03:52:00 PM,30,TRAFFIC SIGNAL,FUNCTIONING PROPERLY,CLEAR,DAYLIGHT,ANGLE,DIVIDED - W/MEDIAN (NOT RAISED),,STRAIGHT AND LEVEL,DRY,NO DEFECTS,ON SCENE,NO INJURY / DRIVE AWAY,,,,"OVER $1,500",07/18/2025 03:52:00 PM,DISREGARDING TRAFFIC SIGNALS,NOT APPLICABLE,112,W,87TH ST,622,,,,,,,2,NO INDICATION OF INJURY,0,0,0,0,0,2,0,15,6,7,41.7363800456,-87.627509219,POINT (-87.627509219026 41.736380045588)
2d2ce501c59ffa6834c120aac9e67e8339618cb57d48cb59656102ed0c2beb9e5d65bb40395c85ddf4779cdd6cad46efc84caa2b41cae3fca9f28aaf6e90e72d,,07/18/2025 03:50:00 PM,30,TRAFFIC SIGNAL,FUNCTIONING PROPERLY,CLEAR,DAYLIGHT,ANGLE,DIVIDED - W/MEDIAN (NOT RAISED),,STRAIGHT AND LEVEL,DRY,NO DEFECTS,NOT ON SCENE (DESK REPORT),NO INJURY / DRIVE AWAY,,,N,"OVER $1,500",07/18/2025 04:10:00 PM,DISREGARDING OTHER TRAFFIC SIGNS,DISREGARDING OTHER TRAFFIC SIGNS,6900,S,HALSTED ST,733,,,,,,,2,NO INDICATION OF INJURY,0,0,0,0,0,2,0,15,6,7,41.7687443409,-87.6446513782,POINT (-87.644651378169 41.768744340933)
4c487f4f95bdc2b4d6d6e4cfa58f7388bdcf964c298f8e7b3022aaa58a3d46fea28f4fe82b295e7d549938c2b2c83736a321f250ba39a3c0b3267530e85f247c,,07/18/2025 03:50:00 PM,30,NO CONTROLS,NO CONTROLS,CLEAR,DAYLIGHT,REAR END,DIVIDED - W/MEDIAN (NOT RAISED),,STRAIGHT AND LEVEL,UNKNOWN,UNKNOWN,NOT ON SCENE (DESK REPORT),NO INJURY / DRIVE AWAY,,,,"OVER $1,500",07/19/2025 10:45:00 AM,FOLLOWING TOO CLOSELY,UNABLE TO DETERMINE,5400,N,CICERO AVE,1621,,,,,,,2,NO INDICATION OF INJURY,0,0,0,0,0,2,0,15,6,7,41.9800658337,-87.7482915431,POINT (-87.748291543133 41.980065833743)
2056738680159e795beed6d04ca664c6bd7c72bc6dbbc15bf6013eb182ebefa8a83a831a6a26d58e214ba5154f72abbd4598c9d67e62b56219323925e0cda641,,07/18/2025 03:45:00 PM,30,NO CONTROLS,NO CONTROLS,CLEAR,DAYLIGHT,SIDESWIPE SAME DIRECTION,DIVIDED - W/MEDIAN (NOT RAISED),,STRAIGHT AND LEVEL,DRY,NO DEFECTS,NOT ON SCENE (DESK REPORT),NO INJURY / DRIVE AWAY,,,N,"OVER $1,500",07/18/2025 06:15:00 PM,UNABLE TO DETERMINE,NOT APPLICABLE,5901,S,CALIFORNIA AVE,824,,,,,,,2,NO INDICATION OF INJURY,0,0,0,0,0,2,0,15,6,7,41.7863182497,-87.6934459196,POINT (-87.693445919579 41.786318249684)
67f93b80f94335b2359ad0264d51bc49bce97292f818885ec539d63286468cc26c328c0683c9b1b81e48649d3490ba41768bea61f275b1a8e9be14fc8d0f7953,,07/18/2025 03:45:00 PM,30,TRAFFIC SIGNAL,FUNCTIONING PROPERLY,CLEAR,DAYLIGHT,TURNING,FOUR WAY,,STRAIGHT AND LEVEL,DRY,NO DEFECTS,NOT ON SCENE (DESK REPORT),NO INJURY / DRIVE AWAY,,,,"OVER $1,500",07/18/2025 04:30:00 PM,DRIVING SKILLS/KNOWLEDGE/EXPERIENCE,FAILING TO REDUCE SPEED TO AVOID CRASH,2300,S,ARCHER AVE,914,,,,,,,2,NO INDICATION OF INJURY,0,0,0,0,0,3,0,15,6,7,41.8510273907,-87.6388934799,POINT (-87.63889347987 41.851027390659)
55ef86f3a057687da5f4f9d8e2578a5cc90d320406d7d8fd244d55a2750922316d1292c65e60fef8835c1fac6c77ee40b6f381beee4d7f826f7c5c9f1c220ff9,,07/18/2025 03:35:00 PM,30,NO CONTROLS,NO CONTROLS,CLEAR,DAYLIGHT,SIDESWIPE SAME DIRECTION,ONE-WAY,,STRAIGHT AND LEVEL,DRY,NO DEFECTS,ON SCENE,NO INJURY / DRIVE AWAY,,,,"OVER $1,500",07/18/2025 03:49:00 PM,NOT APPLICABLE,NOT APPLICABLE,788,N,DEARBORN ST,1832,,,,,,,2,NO INDICATION OF INJURY,0,0,0,0,0,3,0,15,6,7,41.8966043205,-87.6299207689,POINT (-87.629920768865 41.89660432055)
965a9ebd79064f43e27515f33e0bcbc8eee844f934f5e5e8daefd0232bd0f5003bdd4e06b322c13cb79878a87a0b606e8019e4a9c09d2692e33099bf2f4657db,Y,07/18/2025 03:34:00 PM,30,STOP SIGN/FLASHER,FUNCTIONING PROPERLY,CLEAR,DAYLIGHT,ANGLE,ONE-WAY,,STRAIGHT AND LEVEL,DRY,NO DEFECTS,ON SCENE,INJURY AND / OR TOW DUE TO CRASH,Y,,,"OVER $1,500",07/18/2025 03:35:00 PM,UNABLE TO DETERMINE,NOT APPLICABLE,4900,N,TRIPP AVE,1712,,,,,,,2,"REPORTED, NOT EVIDENT",2,0,0,0,2,1,0,15,6,7,41.9700837628,-87.7343991562,POINT (-87.734399156218 41.970083762751)
8f4fa139cad2cc0a2f651a8b0b49c3bf71825815c042bf4201501bb9aa890f05e0fde05ffbf28aaff09e087ebb6e5e0022b261bb4408a264f9157b41e3677417,,07/18/2025 03:31:00 PM,20,NO CONTROLS,NO CONTROLS,CLEAR,DAYLIGHT,SIDESWIPE SAME DIRECTION,ONE-WAY,,STRAIGHT AND LEVEL,DRY,UNKNOWN,ON SCENE,NO INJURY / DRIVE AWAY,,,,"OVER $1,500",07/18/2025 03:32:00 PM,FAILING TO YIELD RIGHT-OF-WAY,UNABLE TO DETERMINE,5104,W,WARWICK AVE,1634,,,,,,,3,NO INDICATION OF INJURY,0,0,0,0,0,2,0,15,6,7,41.9488761325,-87.7548393984,POINT (-87.754839398395 41.948876132479)
3fcd8c49109ba6647c37892b80d27aec8bb5c789607547ddc596fc3e5c4e715eaf2bd9ec831fa60cefcb931e780e4bc4d98c4ecd14f41ad21054c28da079b18b,,07/18/2025 03:30:00 PM,15,NO CONTROLS,NO CONTROLS,CLEAR,DAYLIGHT,PARKED MOTOR VEHICLE,ONE-WAY,,STRAIGHT AND LEVEL,DRY,UNKNOWN,NOT ON SCENE (DESK REPORT),NO INJURY / DRIVE AWAY,,,,"OVER $1,500",07/18/2025 05:45:00 PM,UNABLE TO DETERMINE,NOT APPLICABLE,6208,N,GREENVIEW AVE,2433,,,,,,,3,NO INDICATION OF INJURY,0,0,0,0,0,1,0,15,6,7,41.9947642596,-87.6678761519,POINT (-87.667876151914 41.994764259561)