CRASH_RECORD_ID,CRASH_DATE_EST_I,CRASH_DATE,POSTED_SPEED_LIMIT,TRAFFIC_CONTROL_DEVICE,DEVICE_CONDITION,WEATHER_CONDITION,LIGHTING_CONDITION,FIRST_CRASH_TYPE,TRAFFICWAY_TYPE,LANE_CNT,ALIGNMENT,ROADWAY_SURFACE_COND,ROAD_DEFECT,REPORT_TYPE,CRASH_TYPE,INTERSECTION_RELATED_I,NOT_RIGHT_OF_WAY_I,HIT_AND_RUN_I,DAMAGE,DATE_POLICE_NOTIFIED,PRIM_CONTRIBUTORY_CAUSE,SEC_CONTRIBUTORY_CAUSE,STREET_NO,STREET_DIRECTION,STREET_NAME,BEAT_OF_OCCURRENCE,PHOTOS_TAKEN_I,STATEMENTS_TAKEN_I,DOORING_I,WORK_ZONE_I,WORK_ZONE_TYPE,WORKERS_PRESENT_I,NUM_UNITS,MOST_SEVERE_INJURY,INJURIES_TOTAL,INJURIES_FATAL,INJURIES_INCAPACITATING,INJURIES_NON_INCAPACITATING,INJURIES_REPORTED_NOT_EVIDENT,INJURIES_NO_INDICATION,INJURIES_UNKNOWN,CRASH_HOUR,CRASH_DAY_OF_WEEK,CRASH_MONTH,LATITUDE,LONGITUDE,LOCATION
5d968d4ef35432e22fdbec864bd99384df24f8a5e524b80f84ffbb973db1d516c1dd58456f38bc8b7bec157ae244de8754ae3ae773a9fbc11ca33cf4d5dd3e67,,07/18/2025 03:30:00 PM,25,NO CONTROLS,NO CONTROLS,CLEAR,DAYLIGHT,OTHER OBJECT,NOT DIVIDED,,STRAIGHT AND LEVEL,DRY,NO DEFECTS,ON SCENE,NO INJURY / DRIVE AWAY,Y,,,"OVER $1,500",07/18/2025 03:35:00 PM,"VISION OBSCURED (SIGNS, TREE LIMBS, BUILDINGS, ETC.)",NOT APPLICABLE,698,W,FULTON MARKET,1214,,Y,,,,,2,NO INDICATION OF INJURY,0,0,0,0,0,2,0,15,6,7,41.8869124812,-87.6456340767,POINT (-87.645634076698 41.886912481236)
739deebd5f22dcd84df8061fe94e39fd96e2e87bed65e5d2ca62fb166951aacc742210b0d616084f735cf268d3d1461347ad2ea6644a4cca6b1bf1b373f2ca49,Y,07/18/2025 03:30:00 PM,30,NO CONTROLS,NO CONTROLS,CLEAR,DAYLIGHT,PARKED MOTOR VEHICLE,NOT DIVIDED,,STRAIGHT AND LEVEL,DRY,NO DEFECTS,NOT ON SCENE (DESK REPORT),NO INJURY / DRIVE AWAY,,,,"OVER $1,500",07/18/2025 05:40:00 PM,UNABLE TO DETERMINE,UNABLE TO DETERMINE,8209,S,BISHOP ST,614,,,,,,,2,NO INDICATION OF INJURY,0,0,0,0,0,1,0,15,6,7,41.7446328321,-87.659504695,POINT (-87.659504695013 41.744632832103)
950c347ff79dbcf227fcad67f6c979fcceb2a8ffd5ec6d0c093d7f3c342d5b8926fa5c6539b70a7ec0dd77d6847c454d29a89b4f48aaa30215a1c3c5e3ea197f,Y,07/18/2025 03:30:00 PM,30,NO CONTROLS,NO CONTROLS,CLEAR,DAYLIGHT,TURNING,NOT DIVIDED,,STRAIGHT AND LEVEL,DRY,NO DEFECTS,NOT ON SCENE (DESK REPORT),NO INJURY / DRIVE AWAY,,,,"OVER $1,500",07/21/2025 04:30:00 PM,FAILING TO YIELD RIGHT-OF-WAY,UNABLE TO DETERMINE,150,N,WABASH AVE,111,,,,,,,2,NO INDICATION OF INJURY,0,0,0,0,0,2,0,15,6,7,41.8845256252,-87.626395831,POINT (-87.626395830991 41.88452562522)
bf00e80787de1a9538991af776b017cf75b8306b6ee349839d4632ec535ee423c1e7008d527f242167e6e03750e09acb0138db3762dd302555fb1d8a84eb48f7,,07/18/2025 03:30:00 PM,30,TRAFFIC SIGNAL,FUNCTIONING PROPERLY,CLEAR,DAYLIGHT,SIDESWIPE SAME DIRECTION,DIVIDED - W/MEDIAN (NOT RAISED),,STRAIGHT AND LEVEL,DRY,NO DEFECTS,ON SCENE,NO INJURY / DRIVE AWAY,,,,"OVER $1,500",07/18/2025 03:42:00 PM,UNABLE TO DETERMINE,UNABLE TO DETERMINE,13000,S,STONY ISLAND AVE,434,,,,,,,2,NO INDICATION OF INJURY,0,0,0,0,0,3,0,15,6,7,,,
037a256e39d543a5d616d6aa5aab19e9708974582f55531e29617d203110a2d0110fff513860fa8e71b2d7ce30a3ae326c425a5d3b9f1f85824082a40e8be74b,,07/18/2025 03:25:00 PM,30,TRAFFIC SIGNAL,FUNCTIONING PROPERLY,CLEAR,DAYLIGHT,ANGLE,FOUR WAY,,STRAIGHT AND LEVEL,DRY,NO DEFECTS,ON SCENE,INJURY AND / OR TOW DUE TO CRASH,Y,,,"OVER $1,500",07/18/2025 03:27:00 PM,DISREGARDING TRAFFIC SIGNALS,NOT APPLICABLE,4601,W,DEVON AVE,1711,,,,,,,2,NONINCAPACITATING INJURY,3,0,0,3,0,1,0,15,6,7,41.9971560158,-87.7436111039,POINT (-87.743611103871 41.997156015783)
9dd0c906a48400c5af5664edede601fca0cf11df79f7ab63710070f1c449c14467d736b6bd1711cea4bb0b1073c172a186dd16676f7a6f14d56151b724db81fc,,07/18/2025 03:25:00 PM,30,NO CONTROLS,NO CONTROLS,CLEAR,DAYLIGHT,PEDALCYCLIST,NOT DIVIDED,,STRAIGHT AND LEVEL,DRY,NO DEFECTS,ON SCENE,INJURY AND / OR TOW DUE TO CRASH,,,,$500 OR LESS,07/18/2025 03:27:00 PM,"DISTRACTION - OTHER ELECTRONIC DEVICE (NAVIGATION DEVICE, DVD PLAYER, ETC.)",UNABLE TO DETERMINE,750,N,ORLEANS ST,1831,,,,,,,2,NONINCAPACITATING INJURY,1,0,0,1,0,1,0,15,6,7,41.8962926548,-87.6373131671,POINT (-87.637313167087 41.896292654788)
c8265b2f6dc8285744e0b900441d9ee32cd8c0c6865091629ce42b37ceae5395c299381684b66547bcc5f546235088600c1097a54472f6f83f83a38d9c20e129,,07/18/2025 03:25:00 PM,30,TRAFFIC SIGNAL,FUNCTIONING PROPERLY,CLEAR,DAYLIGHT,REAR END,NOT DIVIDED,,STRAIGHT AND LEVEL,DRY,NO DEFECTS,NOT ON SCENE (DESK REPORT),NO INJURY / DRIVE AWAY,,,Y,"OVER $1,500",07/18/2025 03:35:00 PM,UNABLE TO DETERMINE,UNABLE TO DETERMINE,7000,S,DR MARTIN LUTHER KING JR DR,322,,,,,,,2,NO INDICATION OF INJURY,0,0,0,0,0,2,0,15,6,7,41.7674771765,-87.6154518101,POINT (-87.615451810109 41.767477176487)
cc565e89f6c0c23933f151c59da955e16f6bc180cf9cec9348d70ecce2285d3b0be870c884cc44a1d0e422a3270f655df16fe0c24f4e00e926b01c310e7d8988,,07/18/2025 03:25:00 PM,30,NO CONTROLS,NO CONTROLS,CLEAR,DAYLIGHT,REAR END,DIVIDED - W/MEDIAN (NOT RAISED),,STRAIGHT AND LEVEL,DRY,NO DEFECTS,ON SCENE,INJURY AND / OR TOW DUE TO CRASH,,,,"OVER $1,500",07/18/2025 03:30:00 PM,DRIVING SKILLS/KNOWLEDGE/EXPERIENCE,NOT APPLICABLE,3445,N,HARLEM AVE,1632,,,,,,,2,NO INDICATION OF INJURY,0,0,0,0,0,3,0,15,6,7,41.9429633334,-87.8067775389,POINT (-87.806777538892 41.942963333405)
2161b0e23c92613cac983289f88e04473cdc4bd8bce4fd8bfde4ccdde4496f70f1dd95995fa11c5177f4feab254666c09e04199a6fccd267bd51455e3748111f,,07/18/2025 03:20:00 PM,30,NO CONTROLS,NO CONTROLS,CLEAR,DAYLIGHT,FIXED OBJECT,NOT DIVIDED,,STRAIGHT AND LEVEL,DRY,UNKNOWN,NOT ON SCENE (DESK REPORT),NO INJURY / DRIVE AWAY,,,,"OVER $1,500",07/18/2025 03:48:00 PM,"EVASIVE ACTION DUE TO ANIMAL, OBJECT, NONMOTORIST",NOT APPLICABLE,6401,S,RICHARDS DR,331,,,,,,,1,NO INDICATION OF INJURY,0,0,0,0,0,1,0,15,6,7,41.7786621133,-87.579399991,POINT (-87.579399990968 41.778662113315)
bd4cbc45459bb24f5dd132887a442b52b602245dc628466846b766f52e16c5d53e032d0f413eb8949c35abaf742f66d764131855616f5310ec6c52416a2e3f85,,07/18/2025 03:20:00 PM,30,NO CONTROLS,NO CONTROLS,CLEAR,DAYLIGHT,TURNING,NOT DIVIDED,,STRAIGHT AND LEVEL,DRY,NO DEFECTS,ON SCENE,NO INJURY / DRIVE AWAY,,,,"OVER $1,500",07/18/2025 03:21:00 PM,UNABLE TO DETERMINE,NOT APPLICABLE,4140,S,ASHLAND AVE,924,,,,,,,2,NO INDICATION OF INJURY,0,0,0,0,0,2,0,15,6,7,41.8184331809,-87.6653513534,POINT (-87.665351353441 41.818433180852)
3034bf03a14073770ce302e48040dd524a0e7cd34faa59eb5c80ce9b742bd2a0ab6b6d984e88ef33c342be93d82a8822ddfda3563737b089210ae81df111ba9c,,07/18/2025 03:18:00 PM,25,NO CONTROLS,NO CONTROLS,CLEAR,DAYLIGHT,PARKED MOTOR VEHICLE,NOT DIVIDED,,STRAIGHT AND LEVEL,DRY,NO DEFECTS,ON SCENE,NO INJURY / DRIVE AWAY,,,,"OVER $1,500",07/18/2025 06:25:00 PM,UNABLE TO DETERMINE,UNABLE TO DETERMINE,7127,N,OVERHILL AVE,1611,,,,,,,2,NO INDICATION OF INJURY,0,0,0,0,0,3,0,15,6,7,42.0102774802,-87.8185826969,POINT (-87.818582696931 42.010277480246)
d33c38cac140a50b10170327115e527f178fb3b4e0f444b3479ec41e2cc6bbf3c24efff5d276ef0b2752d78df6371272781017018c96527daefec8fbf2bb542e,,07/18/2025 03:15:00 PM,30,TRAFFIC SIGNAL,FUNCTIONING PROPERLY,CLEAR,DAYLIGHT,REAR END,NOT DIVIDED,,STRAIGHT AND LEVEL,DRY,NO DEFECTS,NOT ON SCENE (DESK REPORT),NO INJURY / DRIVE AWAY,Y,,,"OVER $1,500",07/18/2025 05:30:00 PM,FAILING TO REDUCE SPEED TO AVOID CRASH,NOT APPLICABLE,2420,S,HALSTED ST,913,,,,,,,3,NO INDICATION OF INJURY,0,0,0,0,0,3,0,15,6,7,41.8486133149,-87.6466433011,POINT (-87.64664330115 41.848613314866)
0d60ecc75d61c8c7811bdced21001c3112c02a79f7896bd79b52d6a406d98422d9b1bade6f991ad51a065faef11b288543bc822ce0caae8cccdac7da81b6d5a4,,07/18/2025 03:10:00 PM,30,UNKNOWN,UNKNOWN,CLEAR,DAYLIGHT,SIDESWIPE SAME DIRECTION,DIVIDED - W/MEDIAN (NOT RAISED),,STRAIGHT AND LEVEL,DRY,UNKNOWN,NOT ON SCENE (DESK REPORT),NO INJURY / DRIVE AWAY,,,,"OVER $1,500",07/18/2025 03:30:00 PM,IMPROPER OVERTAKING/PASSING,NOT APPLICABLE,105,W,DIVISION ST,1824,,,,,,,2,NO INDICATION OF INJURY,0,0,0,0,0,3,0,15,6,7,41.9037865048,-87.6317051188,POINT (-87.6317051188 41.903786504775)
3d7543614283d796f13ea4d1e49062b3319cf7d69cb15204f271e8011b5b93bd810da4ee9c0298a6e1e8679df97aa439dc15436745688193871223aa8e064377,,07/18/2025 03:10:00 PM,10,NO CONTROLS,NO CONTROLS,CLEAR,DAYLIGHT,PARKED MOTOR VEHICLE,PARKING LOT,,STRAIGHT AND LEVEL,DRY,NO DEFECTS,NOT ON SCENE (DESK REPORT),NO INJURY / DRIVE AWAY,,,Y,"OVER $1,500",07/18/2025 04:00:00 PM,DRIVING SKILLS/KNOWLEDGE/EXPERIENCE,UNABLE TO DETERMINE,200,W,87TH ST,622,,,,,,,2,NO INDICATION OF INJURY,0,0,0,0,0,2,0,15,6,7,41.7362616994,-87.6290647164,POINT (-87.629064716425 41.736261699376)
beebc96cec63cc91be5c39c0e500d93fdc19dfb7e160fedb4366e08ed74fd722cc143ad734f84f5451d5a2385c49eca45aef8a51576044b60f5ee77200cb20e0,,07/18/2025 03:10:00 PM,35,NO CONTROLS,NO CONTROLS,CLEAR,DAYLIGHT,FIXED OBJECT,NOT DIVIDED,,STRAIGHT AND LEVEL,DRY,NO DEFECTS,ON SCENE,INJURY AND / OR TOW DUE TO CRASH,,,,"OVER $1,500",07/18/2025 03:30:00 PM,NOT APPLICABLE,NOT APPLICABLE,6732,N,CENTRAL AVE,1621,,,,,,,1,NONINCAPACITATING INJURY,1,0,0,1,0,0,0,15,6,7,42.0036481475,-87.7620026806,POINT (-87.762002680626 42.003648147512)
eebcaeba9156e2d5be119d111e6a0b641b8fa2307c47797479924fd68138e2e69c0068a1aec0ef1f075b77f017329b8d071c20b791e855a4297974a0e09a5e34,,07/18/2025 03:10:00 PM,25,NO CONTROLS,NO CONTROLS,CLEAR,DAYLIGHT,PARKED MOTOR VEHICLE,ONE-WAY,,STRAIGHT AND LEVEL,DRY,NO DEFECTS,NOT ON SCENE (DESK REPORT),NO INJURY / DRIVE AWAY,,,,"$501 - $1,500",07/18/2025 03:38:00 PM,"OPERATING VEHICLE IN ERRATIC, RECKLESS, CARELESS, NEGLIGENT OR AGGRESSIVE MANNER",NOT APPLICABLE,901,E,104TH ST,512,,,,,,,2,NO INDICATION OF INJURY,0,0,0,0,0,1,0,15,6,7,41.7055665942,-87.6010740303,POINT (-87.601074030326 41.705566594182)
f680d97f5f54eb3a33a1b8a077764c8775eea992f6a3c782551da5a2decb09138d9d421cf1031898903c04e2bd207cfa722042873bf32f7f0986420cb40c245b,,07/18/2025 03:08:00 PM,30,NO CONTROLS,NO CONTROLS,CLEAR,DAYLIGHT,SIDESWIPE SAME DIRECTION,DIVIDED - W/MEDIAN BARRIER,,STRAIGHT AND LEVEL,DRY,UNKNOWN,NOT ON SCENE (DESK REPORT),NO INJURY / DRIVE AWAY,,,Y,"OVER $1,500",07/18/2025 03:08:00 PM,IMPROPER OVERTAKING/PASSING,UNABLE TO DETERMINE,6259,S,LAKE SHORE DR,331,,,,,,,2,NO INDICATION OF INJURY,0,0,0,0,0,2,0,15,6,7,,,
786607410ed73687bfeaf0d093f9e60702cfb154fec5d70220f0f9b5fd166af447050712a12e6ff6e225fd4afc21814cd4be2a0bd19ff5595080d13342a1152f,,07/18/2025 03:06:00 PM,30,NO CONTROLS,NO CONTROLS,CLEAR,DAYLIGHT,PEDALCYCLIST,NOT DIVIDED,,STRAIGHT AND LEVEL,DRY,NO DEFECTS,ON SCENE,INJURY AND / OR TOW DUE TO CRASH,,,,"OVER $1,500",07/18/2025 03:06:00 PM,UNABLE TO DETERMINE,NOT APPLICABLE,6224,W,IRVING PARK RD,1624,,Y,,,,,2,NONINCAPACITATING INJURY,1,0,0,1,0,1,0,15,6,7,41.9530757587,-87.7827531078,POINT (-87.782753107759 41.953075758659)
95900d19d8484938d7a596edc4096e7601d7d31b736cfb0d81b1ab88ce4d74912348758d9026d80844836a2b7a31f5c77266be84aa86875cd14d618845e3b908,,07/18/2025 03:03:00 PM,30,TRAFFIC SIGNAL,FUNCTIONING PROPERLY,CLEAR,DAYLIGHT,TURNING,NOT DIVIDED,,STRAIGHT AND LEVEL,DRY,NO DEFECTS,ON SCENE,NO INJURY / DRIVE AWAY,Y,,Y,"$501 - $1,500",07/18/2025 03:05:00 PM,IMPROPER TURNING/NO SIGNAL,"OPERATING VEHICLE IN ERRATIC, RECKLESS, CARELESS, NEGLIGENT OR AGGRESSIVE MANNER",6001,W,IRVING PARK RD,1633,,,,,,,2,NO INDICATION OF INJURY,0,0,0,0,0,3,0,15,6,7,41.9529444554,-87.7768295418,POINT (-87.776829541827 41.9529444554)
0507d4a700d90c106933969c91eaa1979a54b11836d8cee4a0df9e5c4ea1ff54f979f8fb3a6c755b887e4f0cee06d07429950e873c3b8288fd644f740671d956,,07/18/2025 03:00:00 PM,30,NO CONTROLS,NO CONTROLS,CLEAR,DAYLIGHT,PEDALCYCLIST,NOT DIVIDED,,STRAIGHT AND LEVEL,DRY,NO DEFECTS,NOT ON SCENE (DESK REPORT),NO INJURY / DRIVE AWAY,,,,"$501 - $1,500",07/18/2025 07:45:00 PM,UNABLE TO DETERMINE,UNABLE TO DETERMINE,5129,W,BELMONT AVE,2521,,,,,,,2,NO INDICATION OF INJURY,0,0,0,0,0,2,0,15,6,7,41.9386071889,-87.7554253189,POINT (-87.755425318934 41.938607188903)
7a1082b44df3f8d86cd31ba9b58833ca3c7ffd8ad53dbbdbb9952829fb7eb27a128076507a67552fbc7091afa65467ca070ed486aba84cfb2eb5c8b37c80ed3f,,07/18/2025 03:00:00 PM,25,NO CONTROLS,NO CONTROLS,CLEAR,DAYLIGHT,PARKED MOTOR VEHICLE,ONE-WAY,,STRAIGHT AND LEVEL,DRY,NO DEFECTS,NOT ON SCENE (DESK REPORT),NO INJURY / DRIVE AWAY,,,,"OVER $1,500",07/18/2025 04:30:00 PM,UNABLE TO DETERMINE,UNABLE TO DETERMINE,9118,S,HARPER AVE,413,,,,,,,2,NO INDICATION OF INJURY,0,0,0,0,0,1,0,15,6,7,41.7289758598,-87.586890021,POINT (-87.586890021028 41.728975859833)
b121d00aea0e3cd89d5e308232d54b33d6082c3464282f28b457a61d1700908d88149a581d6837b502f88427842301739b8bfbd046cbb38e1fe755382280d782,,07/18/2025 03:00:00 PM,30,STOP SIGN/FLASHER,FUNCTIONING PROPERLY,UNKNOWN,UNKNOWN,SIDESWIPE SAME DIRECTION,DIVIDED - W/MEDIAN (NOT RAISED),,STRAIGHT AND LEVEL,UNKNOWN,UNKNOWN,NOT ON SCENE (DESK REPORT),NO INJURY / DRIVE AWAY,,,,"OVER $1,500",07/18/2025 04:42:00 PM,FAILING TO YIELD RIGHT-OF-WAY,FAILING TO YIELD RIGHT-OF-WAY,155,N,PEORIA ST,1224,,,,,,,2,NO INDICATION OF INJURY,0,0,0,0,0,4,0,15,6,7,41.8846606974,-87.6496330002,POINT (-87.649633000244 41.884660697411)
ffbc70b7462cc1d7953af11fa895046c585f76e4442852f25b5da7c7d1d2d4732ca75927e7638f74c3c02c8c8d07a40b161eecb65c78681fa7586234b1c6f78c,,07/18/2025 03:00:00 PM,30,NO CONTROLS,NO CONTROLS,CLEAR,DAYLIGHT,REAR END,DIVIDED - W/MEDIAN (NOT RAISED),,STRAIGHT AND LEVEL,DRY,NO DEFECTS,NOT ON SCENE (DESK REPORT),NO INJURY / DRIVE AWAY,,,,"$501 - $1,500",07/18/2025 03:45:00 PM,PHYSICAL CONDITION OF DRIVER,PHYSICAL CONDITION OF DRIVER,7546,S,DR MARTIN LUTHER KING JR DR,623,,,,,,,2,NO INDICATION OF INJURY,0,0,0,0,0,2,0,15,6,7,41.7570118933,-87.6152393959,POINT (-87.615239395884 41.757011893258)
68020ef9d91acd5ceae0a975ff06fbd5d612d77f112810ab899bfed673221823cd8c8bd1d01ab3f8f8e828a0a13c628c070d9c3e4ed75ecc0d3b1b3746a270f3,,07/18/2025 02:58:00 PM,30,NO CONTROLS,NO CONTROLS,CLEAR,DAYLIGHT,REAR END,DIVIDED - W/MEDIAN (NOT RAISED),,STRAIGHT AND LEVEL,DRY,NO DEFECTS,NOT ON SCENE (DESK REPORT),NO INJURY / DRIVE AWAY,,,Y,"OVER $1,500",07/21/2025 10:00:00 PM,FOLLOWING TOO CLOSELY,NOT APPLICABLE,2540,W,ARMITAGE AVE,1431,,,,,,,2,NO INDICATION OF INJURY,0,0,0,0,0,2,0,14,6,7,41.9176497307,-87.6914578742,POINT (-87.691457874183 41.917649730681)
02ef86443b4a655f6859678c7a2e085d5684545320ed23dbe98b0ede559fea04e22ea75e76235a144954e4748e3d616e80906a9641c4b9730bcb2229886db165,,07/18/2025 02:55:00 PM,30,TRAFFIC SIGNAL,FUNCTIONING PROPERLY,UNKNOWN,UNKNOWN,SIDESWIPE SAME DIRECTION,DIVIDED - W/MEDIAN (NOT RAISED),,STRAIGHT AND LEVEL,UNKNOWN,UNKNOWN,NOT ON SCENE (DESK REPORT),NO INJURY / DRIVE AWAY,,,,"$501 - $1,500",07/18/2025 03:30:00 PM,FAILING TO YIELD RIGHT-OF-WAY,FAILING TO YIELD RIGHT-OF-WAY,4017,W,IRVING PARK RD,1732,,,,,,,2,NO INDICATION OF INJURY,0,0,0,0,0,2,0,14,6,7,41.9535340173,-87.7280908769,POINT (-87.728090876866 41.95353401729)
6cb1f8c3a740a24b4617ab78ad1f970f42a51f9809c8dfeef2be1ca7effeaf77a72775e5559237ed6427960d7bb6c836c40fa33e56540293610c9c6bdfddfb4e,,07/18/2025 02:53:00 PM,30,TRAFFIC SIGNAL,FUNCTIONING IMPROPERLY,CLEAR,DAYLIGHT,TURNING,DIVIDED - W/MEDIAN BARRIER,,STRAIGHT AND LEVEL,DRY,NO DEFECTS,NOT ON SCENE (DESK REPORT),NO INJURY / DRIVE AWAY,,,Y,"OVER $1,500",07/18/2025 05:00:00 PM,IMPROPER LANE USAGE,NOT APPLICABLE,150,N,MICHIGAN AVE,111,,,,,,,2,NO INDICATION OF INJURY,0,0,0,0,0,2,0,14,6,7,41.8845309638,-87.6246020446,POINT (-87.624602044601 41.884530963783)
f76f09b4c1a99c5fab48193b5555d0a163d43ecfc7a86fee11706b6fbc7fe35b2747d084c0c6e08d41f7b7932f624c834788ad4e1cd1614c4a5c341310602719,,07/18/2025 02:52:00 PM,30,TRAFFIC SIGNAL,UNKNOWN,CLEAR,DAYLIGHT,SIDESWIPE SAME DIRECTION,T-INTERSECTION,,STRAIGHT AND LEVEL,DRY,UNKNOWN,NOT ON SCENE (DESK REPORT),NO INJURY / DRIVE AWAY,N,,,"OVER $1,500",07/18/2025 06:30:00 PM,IMPROPER OVERTAKING/PASSING,NOT APPLICABLE,4801,S,ASHLAND AVE,933,,,,,,,2,NO INDICATION OF INJURY,0,0,0,0,0,4,0,14,6,7,41.8066939242,-87.6647716526,POINT (-87.664771652618 41.806693924231)
246c657d5746bb26fe33099985192ec8ad67834431a91b2a744ac9fdbdc9e8bc800ef0865b046359d666116845624516bb18cd6c1957bc64ac3d439034c612b2,,07/18/2025 02:50:00 PM,30,NO CONTROLS,NO CONTROLS,CLEAR,DAYLIGHT,FIXED OBJECT,DIVIDED - W/MEDIAN BARRIER,,STRAIGHT AND LEVEL,DRY,NO DEFECTS,ON SCENE,INJURY AND / OR TOW DUE TO CRASH,,,Y,"OVER $1,500",07/18/2025 02:51:00 PM,FAILING TO REDUCE SPEED TO AVOID CRASH,NOT APPLICABLE,401,N,AUSTIN BLVD,1512,,,,,,,1,NO INDICATION OF INJURY,0,0,0,0,0,1,0,14,6,7,41.8871178794,-87.7747349672,POINT (-87.774734967223 41.887117879376)
dcf79a290653c5193985cb9cd63ba94654d1988d52af0ee9d29a32f922c0dacfde6ccde9559f42cbf68d065ca0ce5ccf40a98000fac61a92698b2b22260527d1,,07/18/2025 02:50:00 PM,30,NO CONTROLS,NO CONTROLS,CLEAR,DAYLIGHT,PEDALCYCLIST,T-INTERSECTION,,STRAIGHT AND LEVEL,DRY,UNKNOWN,ON SCENE,INJURY AND / OR TOW DUE TO CRASH,N,,,"OVER $1,500",07/18/2025 02:51:00 PM,IMPROPER LANE USAGE,DRIVING SKILLS/KNOWLEDGE/EXPERIENCE,3146,N,CENTRAL AVE,2514,,,,,,,2,NONINCAPACITATING INJURY,1,0,0,1,0,1,0,14,6,7,41.938140804,-87.7666306897,POINT (-87.766630689703 41.93814080396)
f99c110b0cb07fca2406645e917adc44db6f9c39032aac09f00643bbf3223a8bd4b0440de1aedb835900c7e6fa31219559183850a06546fb9a2cae38bfd429a5,,07/18/2025 02:50:00 PM,30,TRAFFIC SIGNAL,FUNCTIONING PROPERLY,CLEAR,DAYLIGHT,SIDESWIPE SAME DIRECTION,DIVIDED - W/MEDIAN BARRIER,,STRAIGHT AND LEVEL,DRY,NO DEFECTS,NOT ON SCENE (DESK REPORT),NO INJURY / DRIVE AWAY,,,Y,$500 OR LESS,07/18/2025 03:30:00 PM,IMPROPER OVERTAKING/PASSING,NOT APPLICABLE,1200,S,RUBLE ST,1232,,,,,,,2,NO INDICATION OF INJURY,0,0,0,0,0,2,0,14,6,7,41.8671342083,-87.6442375198,POINT (-87.644237519792 41.867134208293)
54faf4a389ac38537e279889a356e74c0de26df9f3ec3b26c1b1697603fcd095aae18f10b906d795582ef8c951f4a55b9b15a3c6f6c770062071b2d285947573,,07/18/2025 02:45:00 PM,5,NO CONTROLS,NO CONTROLS,CLEAR,DAYLIGHT,REAR TO REAR,PARKING LOT,,STRAIGHT AND LEVEL,DRY,NO DEFECTS,NOT ON SCENE (DESK REPORT),NO INJURY / DRIVE AWAY,,,,$500 OR LESS,07/18/2025 06:27:00 PM,UNABLE TO DETERMINE,UNABLE TO DETERMINE,4719,S,COTTAGE GROVE AVE,223,,,,,,,2,NO INDICATION OF INJURY,0,0,0,0,0,2,0,14,6,7,41.8089230323,-87.6064039425,POINT (-87.606403942507 41.808923032319)
90874334556268e3fd9cbe6c3909db389387eb3d8bf9cbf2db716f12b4a2d9cbb477bf45aab2b8366da980945f32fe31351c3ad1088e239c51085e0c7097b149,,07/18/2025 02:40:00 PM,30,STOP SIGN/FLASHER,FUNCTIONING PROPERLY,CLEAR,DAYLIGHT,REAR END,FOUR WAY,,STRAIGHT AND LEVEL,DRY,NO DEFECTS,NOT ON SCENE (DESK REPORT),NO INJURY / DRIVE AWAY,,,Y,"OVER $1,500",07/18/2025 06:42:00 PM,UNABLE TO DETERMINE,NOT APPLICABLE,401,N,MENARD AVE,1512,,,,,,,2,NO INDICATION OF INJURY,0,0,0,0,0,3,0,14,6,7,41.8871817292,-87.7698574127,POINT (-87.769857412708 41.887181729166)
96cadcd9fd8dafa3f727137669652dd5be9669e071efa091bf42e5d7cb20ed9ac997bcd8de9d27a8aea9d760bb7642db8aa685d580f87e9c4e257fdd88ac5ae9,,07/18/2025 02:35:00 PM,30,UNKNOWN,UNKNOWN,UNKNOWN,UNKNOWN,PARKED MOTOR VEHICLE,NOT DIVIDED,,STRAIGHT AND LEVEL,UNKNOWN,UNKNOWN,NOT ON SCENE (DESK REPORT),NO INJURY / DRIVE AWAY,,,,"OVER $1,500",07/20/2025 07:25:00 PM,UNABLE TO DETERMINE,UNABLE TO DETERMINE,745,W,WELLINGTON AVE,1934,,,,,,,2,NO INDICATION OF INJURY,0,0,0,0,0,1,0,14,6,7,41.9362932627,-87.6485180321,POINT (-87.64851803209 41.936293262697)
647f4140cdbfe7edd3d87c7b82e37b7ebc5a5966580bd45906b529fa9fa5514e9c96ede9196ad3dcf430551b89f0f0e5c68a2adc8723f4e888653fbd4ef32da1,,07/18/2025 02:28:00 PM,30,TRAFFIC SIGNAL,FUNCTIONING PROPERLY,CLEAR,DAYLIGHT,TURNING,NOT DIVIDED,,STRAIGHT AND LEVEL,DRY,UNKNOWN,ON SCENE,NO INJURY / DRIVE AWAY,Y,,,"OVER $1,500",07/18/2025 02:44:00 PM,FAILING TO YIELD RIGHT-OF-WAY,FAILING TO YIELD RIGHT-OF-WAY,6200,N,SHERIDAN RD,2433,,,,,,,2,NO INDICATION OF INJURY,0,0,0,0,0,2,0,14,6,7,41.9946870986,-87.6556745525,POINT (-87.655674552491 41.994687098576)
304912d130be30066611951b5a87b96d9eec9abf693f94e1b1f36d42760dee581c6b91260718aa42fdda5c9dbb896e6e5ed3e493b478443186bd261058b4ed07,,07/18/2025 02:25:00 PM,30,TRAFFIC SIGNAL,FUNCTIONING PROPERLY,CLEAR,DAYLIGHT,SIDESWIPE SAME DIRECTION,DIVIDED - W/MEDIAN BARRIER,,STRAIGHT AND LEVEL,DRY,UNKNOWN,NOT ON SCENE (DESK REPORT),NO INJURY / DRIVE AWAY,,,,"OVER $1,500",07/18/2025 03:45:00 PM,FAILING TO YIELD RIGHT-OF-WAY,NOT APPLICABLE,337,S,SACRAMENTO BLVD,1124,,,,,,,2,NO INDICATION OF INJURY,0,0,0,0,0,2,0,14,6,7,41.8762371611,-87.7009310195,POINT (-87.700931019522 41.876237161141)