CRASH_RECORD_ID,CRASH_DATE_EST_I,CRASH_DATE,POSTED_SPEED_LIMIT,TRAFFIC_CONTROL_DEVICE,DEVICE_CONDITION,WEATHER_CONDITION,LIGHTING_CONDITION,FIRST_CRASH_TYPE,TRAFFICWAY_TYPE,LANE_CNT,ALIGNMENT,ROADWAY_SURFACE_COND,ROAD_DEFECT,REPORT_TYPE,CRASH_TYPE,INTERSECTION_RELATED_I,NOT_RIGHT_OF_WAY_I,HIT_AND_RUN_I,DAMAGE,DATE_POLICE_NOTIFIED,PRIM_CONTRIBUTORY_CAUSE,SEC_CONTRIBUTORY_CAUSE,STREET_NO,STREET_DIRECTION,STREET_NAME,BEAT_OF_OCCURRENCE,PHOTOS_TAKEN_I,STATEMENTS_TAKEN_I,DOORING_I,WORK_ZONE_I,WORK_ZONE_TYPE,WORKERS_PRESENT_I,NUM_UNITS,MOST_SEVERE_INJURY,INJURIES_TOTAL,INJURIES_FATAL,INJURIES_INCAPACITATING,INJURIES_NON_INCAPACITATING,INJURIES_REPORTED_NOT_EVIDENT,INJURIES_NO_INDICATION,INJURIES_UNKNOWN,CRASH_HOUR,CRASH_DAY_OF_WEEK,CRASH_MONTH,LATITUDE,LONGITUDE,LOCATION
5d89be3c6c7f8b9e22ca7db04c2298330cf2fe0bc137226ead6b711ba50d71c0feec0e70287d84b41b5c80b1f0fc1be29b45ba8a55d9d7c643093c52aa1cdb35,,07/18/2025 02:25:00 PM,30,TRAFFIC SIGNAL,FUNCTIONING PROPERLY,CLEAR,DAYLIGHT,SIDESWIPE SAME DIRECTION,DIVIDED - W/MEDIAN (NOT RAISED),,STRAIGHT AND LEVEL,DRY,NO DEFECTS,NOT ON SCENE (DESK REPORT),NO INJURY / DRIVE AWAY,,,,"$501 - $1,500",07/18/2025 02:40:00 PM,UNABLE TO DETERMINE,NOT APPLICABLE,6301,S,CICERO AVE,813,,,,,,,2,NO INDICATION OF INJURY,0,0,0,0,0,2,0,14,6,7,41.7783404499,-87.7421432762,POINT (-87.742143276204 41.778340449873)
d7224e651d1370485a29923b7cd0a2a7179f745921522391ff472fc25f230eb57b7010e34a6d476a86c42fb9d5f008d6d2b87fb97622cf32d3a34466a5504f67,,07/18/2025 02:20:00 PM,30,TRAFFIC SIGNAL,UNKNOWN,CLEAR,DAYLIGHT,REAR END,T-INTERSECTION,,STRAIGHT AND LEVEL,UNKNOWN,UNKNOWN,NOT ON SCENE (DESK REPORT),INJURY AND / OR TOW DUE TO CRASH,Y,,,"OVER $1,500",07/18/2025 07:00:00 PM,FOLLOWING TOO CLOSELY,UNABLE TO DETERMINE,344,W,CONGRESS PKWY,122,,,,,,,2,NO INDICATION OF INJURY,0,0,0,0,0,2,0,14,6,7,41.8761610783,-87.6360363769,POINT (-87.636036376886 41.876161078329)
9f71df87945a514682b2fd519191bc120b470a8f18774c0cdaf132f1b945056050d33b3d7d90bdf6b00d5d9e2bda038cc1054336ce3063cc85f0641d1284c388,,07/18/2025 02:15:00 PM,30,TRAFFIC SIGNAL,UNKNOWN,CLEAR,DAYLIGHT,REAR END,NOT DIVIDED,,STRAIGHT AND LEVEL,DRY,UNKNOWN,NOT ON SCENE (DESK REPORT),NO INJURY / DRIVE AWAY,,,,"$501 - $1,500",07/18/2025 03:00:00 PM,UNABLE TO DETERMINE,UNABLE TO DETERMINE,1600,S,SACRAMENTO DR,1022,,,,,,,2,NO INDICATION OF INJURY,0,0,0,0,0,2,0,14,6,7,41.859247231,-87.7018602597,POINT (-87.701860259716 41.859247231017)
fa6f18d316470b51b1db595aa7b09f1c9441cd231c7ab55671f4a6b17b650ffe318ed68eae9bbdc210e417a2f63a12df859a06e62115ef0d9239cb5bc6d3ddee,,07/18/2025 02:15:00 PM,30,TRAFFIC SIGNAL,FUNCTIONING PROPERLY,CLEAR,DAYLIGHT,TURNING,DIVIDED - W/MEDIAN (NOT RAISED),,STRAIGHT AND LEVEL,DRY,NO DEFECTS,NOT ON SCENE (DESK REPORT),NO INJURY / DRIVE AWAY,,,,"OVER $1,500",07/18/2025 05:00:00 PM,IMPROPER OVERTAKING/PASSING,UNABLE TO DETERMINE,7600,S,DR MARTIN LUTHER KING JR DR,623,,,,,,,2,NO INDICATION OF INJURY,0,0,0,0,0,2,0,14,6,7,41.7564901494,-87.6152267936,POINT (-87.61522679361 41.756490149368)
4cfe5535aa71c870f82df66b340a01e4877a239ecbc2bf56f7260d4e47cf45b175e1ca758535b24ee5b5feccfc255bc186367d35d661dee59cf7610c93f058ce,,07/18/2025 02:10:00 PM,30,NO CONTROLS,NO CONTROLS,CLEAR,DAYLIGHT,REAR END,NOT DIVIDED,,STRAIGHT AND LEVEL,DRY,NO DEFECTS,NOT ON SCENE (DESK REPORT),NO INJURY / DRIVE AWAY,,,Y,"OVER $1,500",07/18/2025 02:35:00 PM,FOLLOWING TOO CLOSELY,FOLLOWING TOO CLOSELY,4111,W,63RD ST,813,,,,,,,2,NO INDICATION OF INJURY,0,0,0,0,0,3,0,14,6,7,41.7785128928,-87.7257195298,POINT (-87.725719529841 41.77851289282)
8b2ace597c6cc27cf767ab9236f2d90c3f3a8e3a2bc057d4971318ef2def504425b38931ea440511f4ab52464c358d46933cdb0a3851e09316d4ce1bc3aa693c,,07/18/2025 02:06:00 PM,30,NO CONTROLS,NO CONTROLS,CLEAR,DAYLIGHT,PARKED MOTOR VEHICLE,ONE-WAY,,STRAIGHT AND LEVEL,DRY,NO DEFECTS,NOT ON SCENE (DESK REPORT),NO INJURY / DRIVE AWAY,,,Y,"$501 - $1,500",07/26/2025 09:45:00 AM,UNABLE TO DETERMINE,NOT APPLICABLE,4455,N,HAMLIN AVE,1723,,,,,,,2,NO INDICATION OF INJURY,0,0,0,0,0,1,0,14,6,7,41.9625840249,-87.7228274932,POINT (-87.722827493159 41.962584024896)
83689486ce2d42ce30d602ce9fc91f51708cc385e59fb269bf6f0a859669fdca30ad6590b2f6973aa6d8d85d62c1e83edca589bd833f2de9749cd424f9940411,,07/18/2025 02:03:00 PM,30,NO CONTROLS,NO CONTROLS,CLEAR,DAYLIGHT,ANGLE,DIVIDED - W/MEDIAN (NOT RAISED),,STRAIGHT AND LEVEL,DRY,NO DEFECTS,NOT ON SCENE (DESK REPORT),NO INJURY / DRIVE AWAY,Y,,,"OVER $1,500",07/18/2025 03:00:00 PM,FAILING TO YIELD RIGHT-OF-WAY,UNABLE TO DETERMINE,8700,S,LOWE AVE,2223,,,,,,,2,NO INDICATION OF INJURY,0,0,0,0,0,3,0,14,6,7,41.7358087589,-87.6401092036,POINT (-87.640109203572 41.735808758933)
6f4791242e91fb16c437917aff1eaa271a32a423b1eba92b8668f96026639224e14a5a0210a3eabab41796d7484a4c010e14affec5426aaa8b9e4920cf3e4a98,,07/18/2025 02:00:00 PM,30,NO CONTROLS,NO CONTROLS,CLEAR,DAYLIGHT,ANGLE,PARKING LOT,,STRAIGHT AND LEVEL,DRY,NO DEFECTS,NOT ON SCENE (DESK REPORT),NO INJURY / DRIVE AWAY,,,,"OVER $1,500",07/18/2025 03:50:00 PM,UNABLE TO DETERMINE,NOT APPLICABLE,7601,S,CICERO AVE,833,,,,,,,2,NO INDICATION OF INJURY,0,0,0,0,0,2,0,14,6,7,41.7546601244,-87.7413847586,POINT (-87.741384758605 41.754660124394)
b8f319f742a8754be771e005465b5d675851f319d9785ef763d6852faac212a4c6f41865b060e1d08fb54310a7284c60d3ee25595e5df114822f3b99c5e4affb,,07/18/2025 02:00:00 PM,10,NO CONTROLS,NO CONTROLS,CLEAR,DAYLIGHT,PARKED MOTOR VEHICLE,PARKING LOT,,STRAIGHT AND LEVEL,DRY,UNKNOWN,NOT ON SCENE (DESK REPORT),NO INJURY / DRIVE AWAY,,,,"OVER $1,500",07/18/2025 02:00:00 PM,UNABLE TO DETERMINE,NOT APPLICABLE,9500,S,HALSTED ST,2223,,,,,,,2,NO INDICATION OF INJURY,0,0,0,0,0,1,0,14,6,7,41.7213650608,-87.6433580423,POINT (-87.643358042341 41.721365060783)
1196bca28be6b0afc016850f2edbcdacb66cdf61653cf9078dae71b3b8957920aa7c647b762bc5ad0bf624ebc67acef7106ca16cb10c828f337fd54d39d3db22,,07/18/2025 01:45:00 PM,30,TRAFFIC SIGNAL,UNKNOWN,CLEAR,DAYLIGHT,ANGLE,NOT DIVIDED,,STRAIGHT AND LEVEL,UNKNOWN,UNKNOWN,NOT ON SCENE (DESK REPORT),NO INJURY / DRIVE AWAY,,,,"OVER $1,500",07/18/2025 02:04:00 PM,IMPROPER OVERTAKING/PASSING,IMPROPER OVERTAKING/PASSING,4802,N,PULASKI RD,1712,,,,,,,2,NO INDICATION OF INJURY,0,0,0,0,0,3,0,13,6,7,41.9683311389,-87.7281774559,POINT (-87.728177455928 41.968331138879)
1aab272c57ba9ece05c08866d194a7ca37c7d508a59720eefff33728546451099e858cfdba46074bf4da5eb89fbd9c8248259fb9e53a259ca0671271847ed70a,,07/18/2025 01:45:00 PM,30,NO CONTROLS,NO CONTROLS,CLEAR,DAYLIGHT,PARKED MOTOR VEHICLE,NOT DIVIDED,,STRAIGHT AND LEVEL,DRY,NO DEFECTS,NOT ON SCENE (DESK REPORT),NO INJURY / DRIVE AWAY,,,,"OVER $1,500",07/18/2025 02:50:00 PM,FAILING TO YIELD RIGHT-OF-WAY,FAILING TO YIELD RIGHT-OF-WAY,1459,W,TAYLOR ST,1231,,,,,,,2,NO INDICATION OF INJURY,0,0,0,0,0,1,0,13,6,7,41.8691915957,-87.6640133427,POINT (-87.664013342653 41.869191595698)
232abbf0df538e2a7e2d5d1242b4ba89c75036af6bc3bf92a89fae65f264b11c71bb37d28a4838201faa4b303972ad42016cf8d59804a82a0bfd7f03a4a8e971,,07/18/2025 01:40:00 PM,30,NO CONTROLS,NO CONTROLS,CLEAR,DAYLIGHT,REAR END,NOT DIVIDED,,STRAIGHT AND LEVEL,DRY,NO DEFECTS,NOT ON SCENE (DESK REPORT),NO INJURY / DRIVE AWAY,,,,"OVER $1,500",07/18/2025 01:55:00 PM,FOLLOWING TOO CLOSELY,FAILING TO REDUCE SPEED TO AVOID CRASH,4300,N,NARRAGANSETT AVE,1632,,,,,,,2,NO INDICATION OF INJURY,0,0,0,0,0,2,0,13,6,7,41.9585483456,-87.7869189888,POINT (-87.786918988769 41.958548345645)
3eedda8c2f35c9cf78b4786dada459c87f6153588f232709416f87ffd5bc29beea471818b4d9ec98643f7c00620652f9a85e0eef37f994dccbd769cd049ddf7f,,07/18/2025 01:40:00 PM,35,NO CONTROLS,NO CONTROLS,CLEAR,DAYLIGHT,ANGLE,NOT DIVIDED,,STRAIGHT AND LEVEL,DRY,NO DEFECTS,NOT ON SCENE (DESK REPORT),NO INJURY / DRIVE AWAY,,,,"$501 - $1,500",07/18/2025 02:10:00 PM,UNABLE TO DETERMINE,NOT APPLICABLE,3600,W,BELMONT AVE,1732,,,,,,,2,NO INDICATION OF INJURY,0,0,0,0,0,2,0,13,6,7,41.9393251925,-87.7174616251,POINT (-87.717461625053 41.939325192495)
b376b0204d0170a333a04ff98d8d54a635eb7a517a6fc1e3332e74aaa7258a91bf764fe60a868ac1f4fe6418a6b306b083a1292056eb3c44238ae9a5c661bf76,,07/18/2025 01:40:00 PM,25,STOP SIGN/FLASHER,FUNCTIONING PROPERLY,UNKNOWN,DAYLIGHT,ANGLE,FOUR WAY,,STRAIGHT AND LEVEL,UNKNOWN,UNKNOWN,NOT ON SCENE (DESK REPORT),NO INJURY / DRIVE AWAY,Y,,,"OVER $1,500",07/18/2025 03:45:00 PM,UNABLE TO DETERMINE,NOT APPLICABLE,1701,N,HARLEM AVE,2513,,,,,,,2,NO INDICATION OF INJURY,0,0,0,0,0,2,0,13,6,7,41.9108003188,-87.8056827151,POINT (-87.805682715111 41.91080031883)
f8dcf059305085a0d35f43302044a98e16c4fd8200afde97b601a6c627e68a26182acd353909a32e5cc1ead0a536d28670ac56b599d0df3f8c438369eb70dee6,,07/18/2025 01:25:00 PM,20,STOP SIGN/FLASHER,FUNCTIONING PROPERLY,CLEAR,DAYLIGHT,REAR END,NOT DIVIDED,,STRAIGHT AND LEVEL,DRY,NO DEFECTS,NOT ON SCENE (DESK REPORT),NO INJURY / DRIVE AWAY,,,,$500 OR LESS,07/21/2025 11:00:00 AM,FOLLOWING TOO CLOSELY,IMPROPER LANE USAGE,2526,N,WESTERN AVE,1431,,,,,,,2,NO INDICATION OF INJURY,0,0,0,0,0,2,0,13,6,7,41.9272353965,-87.6878694149,POINT (-87.687869414932 41.927235396476)
7aff33b3b649faff474b74c2c5846b958ea3b92711331e6f87e9a4e7c1ab00622cac2a9a85cca3944e47579b0668821df552bc7e3955e17f7ab746e4c31bfb67,,07/18/2025 01:21:00 PM,30,NO CONTROLS,NO CONTROLS,CLEAR,DAYLIGHT,PARKED MOTOR VEHICLE,DIVIDED - W/MEDIAN (NOT RAISED),,STRAIGHT AND LEVEL,DRY,NO DEFECTS,ON SCENE,INJURY AND / OR TOW DUE TO CRASH,,,,"OVER $1,500",07/18/2025 01:34:00 PM,UNABLE TO DETERMINE,UNABLE TO DETERMINE,4459,S,PULASKI RD,821,,,,,,,2,"REPORTED, NOT EVIDENT",1,0,0,0,1,1,0,13,6,7,41.8116347565,-87.723580008,POINT (-87.72358000797 41.811634756489)
07e828ce112848d335fc63f96cde6e59a4c61d942869bd7feb8dfb73a61c115c47d2f680c44590370f5a4e1597c5e1633ea3192d61d8434514d2a3d336ffc741,,07/18/2025 01:20:00 PM,30,STOP SIGN/FLASHER,FUNCTIONING PROPERLY,CLEAR,DAYLIGHT,REAR END,FOUR WAY,,STRAIGHT AND LEVEL,DRY,NO DEFECTS,ON SCENE,NO INJURY / DRIVE AWAY,Y,,,"OVER $1,500",07/18/2025 01:25:00 PM,UNABLE TO DETERMINE,UNABLE TO DETERMINE,3829,N,NARRAGANSETT AVE,1633,,,,,,,2,NO INDICATION OF INJURY,0,0,0,0,0,3,0,13,6,7,41.9501591488,-87.7862911145,POINT (-87.786291114537 41.950159148818)
04d1f1c15f41c8f89817cc287ac96c1dc1367ac4a1c0ee7880e880ccc86de9c8e308bb00b624723af55675a7706ef2d00f36916431e9b2b1ce6410cfb4c2fd0c,,07/18/2025 01:15:00 PM,30,POLICE/FLAGMAN,FUNCTIONING PROPERLY,CLEAR,DAYLIGHT,SIDESWIPE SAME DIRECTION,OTHER,,STRAIGHT AND LEVEL,DRY,NO DEFECTS,NOT ON SCENE (DESK REPORT),NO INJURY / DRIVE AWAY,,Y,,"OVER $1,500",07/23/2025 08:00:00 PM,IMPROPER OVERTAKING/PASSING,NOT APPLICABLE,1725,W,HARRISON ST,1231,,,,,,,2,NO INDICATION OF INJURY,0,0,0,0,0,2,0,13,6,7,41.8740163353,-87.6702608284,POINT (-87.670260828397 41.874016335282)
8fc97b719f4a9a713f66eba68565dd0ef899ac6cb2b8655f8dc307c6394ef8c7d44fb91d72ceb20940f4a1b3460964dba6e81f9ec93d790bc12e4e4ebb5bcd86,,07/18/2025 01:06:00 PM,10,NO CONTROLS,NO CONTROLS,CLEAR,DAYLIGHT,PARKED MOTOR VEHICLE,PARKING LOT,,STRAIGHT AND LEVEL,DRY,NO DEFECTS,NOT ON SCENE (DESK REPORT),NO INJURY / DRIVE AWAY,,,,$500 OR LESS,07/18/2025 03:00:00 PM,IMPROPER LANE USAGE,NOT APPLICABLE,1725,W,HARRISON ST,1231,,,,,,,2,NO INDICATION OF INJURY,0,0,0,0,0,2,0,13,6,7,41.8740163353,-87.6702608284,POINT (-87.670260828397 41.874016335282)
18484a7473a9ff5d37b276ab231da6f86ab26993d457530450dc87e0d41d2546b89b44c5903d32b7995efa56d704ac72f312cf839f343ad2388e06e5e1e2068e,,07/18/2025 01:05:00 PM,30,NO CONTROLS,NO CONTROLS,CLEAR,DAYLIGHT,SIDESWIPE SAME DIRECTION,NOT DIVIDED,,STRAIGHT AND LEVEL,DRY,NO DEFECTS,NOT ON SCENE (DESK REPORT),NO INJURY / DRIVE AWAY,,,Y,"$501 - $1,500",07/18/2025 01:50:00 PM,IMPROPER OVERTAKING/PASSING,IMPROPER OVERTAKING/PASSING,6416,N,CENTRAL AVE,1621,,,,,,,2,NO INDICATION OF INJURY,0,0,0,0,0,2,0,13,6,7,41.9979260381,-87.7637267165,POINT (-87.763726716511 41.997926038054)
cc3490f7cf359d870e1613c9a7037eb136f6e68840671d9fe09d9726d5d1430ee303ead35c076e94fad419d707a0599eece66ba59662cd29b2132378b8599c4b,,07/18/2025 01:04:00 PM,30,NO CONTROLS,NO CONTROLS,CLEAR,DAYLIGHT,PARKED MOTOR VEHICLE,ONE-WAY,,STRAIGHT AND LEVEL,UNKNOWN,UNKNOWN,NOT ON SCENE (DESK REPORT),NO INJURY / DRIVE AWAY,,,,"OVER $1,500",07/18/2025 02:26:00 PM,UNABLE TO DETERMINE,NOT APPLICABLE,947,W,WINONA ST,2024,,,,,,,2,NO INDICATION OF INJURY,0,0,0,0,0,2,0,13,6,7,41.9751822606,-87.6544157547,POINT (-87.654415754651 41.975182260595)
16159672aafcb60aa019195b45d16c54ae98998f3e75b8cac9a341a183ed731386ac471b9fc3cb62af5f2ad46489492a66a0233d38cb0ea65ba4f947a1d8b0b7,,07/18/2025 01:00:00 PM,30,NO CONTROLS,NO CONTROLS,CLEAR,DAYLIGHT,TURNING,DIVIDED - W/MEDIAN (NOT RAISED),,STRAIGHT AND LEVEL,DRY,UNKNOWN,NOT ON SCENE (DESK REPORT),NO INJURY / DRIVE AWAY,,,,"OVER $1,500",07/18/2025 02:10:00 PM,FAILING TO YIELD RIGHT-OF-WAY,NOT APPLICABLE,2803,W,FLETCHER ST,1411,,,,,,,2,NO INDICATION OF INJURY,0,0,0,0,0,2,0,13,6,7,41.9383697708,-87.6979950587,POINT (-87.69799505871 41.938369770797)
451e4f9b02fa21fe06992050c374201ec08efec3f7acc469359eafc8974fd6762e6486dce39b52d59e968b9b762b2f4326d341b0ca49de115dd169e5320b2e09,,07/18/2025 01:00:00 PM,30,TRAFFIC SIGNAL,FUNCTIONING PROPERLY,CLEAR,DAYLIGHT,SIDESWIPE OPPOSITE DIRECTION,NOT DIVIDED,,STRAIGHT AND LEVEL,UNKNOWN,UNKNOWN,NOT ON SCENE (DESK REPORT),NO INJURY / DRIVE AWAY,,,Y,"OVER $1,500",07/18/2025 01:44:00 PM,UNABLE TO DETERMINE,NOT APPLICABLE,3232,W,PETERSON AVE,1711,,,,,,,2,NO INDICATION OF INJURY,0,0,0,0,0,2,0,13,6,7,41.9904776586,-87.7104523928,POINT (-87.710452392833 41.990477658635)
557dd2a88e402ed91c778018ba307f9bf73cd307742bf09bb1fa95c8eb0ced13505fc42697cc64b532fa8b8ea17dcd54c93925a23961ece614c91916cd848896,Y,07/18/2025 01:00:00 PM,30,NO CONTROLS,NO CONTROLS,CLEAR,DAYLIGHT,ANGLE,NOT DIVIDED,,STRAIGHT AND LEVEL,DRY,UNKNOWN,NOT ON SCENE (DESK REPORT),NO INJURY / DRIVE AWAY,,,,"OVER $1,500",07/18/2025 01:15:00 PM,FAILING TO YIELD RIGHT-OF-WAY,NOT APPLICABLE,2656,N,ELSTON AVE,1432,,,,,,,2,NO INDICATION OF INJURY,0,0,0,0,0,2,0,13,6,7,41.9298489966,-87.6846437835,POINT (-87.684643783527 41.929848996597)
93c934b55fc019408e9d6360d830f0a68aadbafbc2ef6150389b8779ada90b0312bff0e73a03ea71882ed1dc6cee2a45b66fe311d458ccb891a29878dbe94e50,,07/18/2025 01:00:00 PM,30,NO CONTROLS,NO CONTROLS,CLEAR,DAWN,SIDESWIPE SAME DIRECTION,NOT DIVIDED,,STRAIGHT AND LEVEL,DRY,NO DEFECTS,,NO INJURY / DRIVE AWAY,,,,"OVER $1,500",07/18/2025 02:00:00 PM,UNABLE TO DETERMINE,NOT APPLICABLE,310,W,26TH ST,914,,,,,,,2,NO INDICATION OF INJURY,0,0,0,0,0,4,0,13,6,7,41.8455911566,-87.6348953037,POINT (-87.634895303733 41.845591156567)
b0b2aae140a27d577540c398f63e71761c01f908d400660f674f67e8d1dafd06542c8f814c1c9bbcab882334d2a56b3a27fe31a7b69d8e03d37d300532b0015c,,07/18/2025 01:00:00 PM,30,NO CONTROLS,NO CONTROLS,CLEAR,DAYLIGHT,REAR END,NOT DIVIDED,,STRAIGHT AND LEVEL,DRY,NO DEFECTS,NOT ON SCENE (DESK REPORT),NO INJURY / DRIVE AWAY,,,,"OVER $1,500",07/18/2025 01:00:00 PM,FOLLOWING TOO CLOSELY,UNABLE TO DETERMINE,2659,N,NARRAGANSETT AVE,2512,,,,,,,2,NO INDICATION OF INJURY,0,0,0,0,0,2,0,13,6,7,41.9290799144,-87.7854941911,POINT (-87.785494191067 41.92907991437)
c6645370450d1948e271787301d231dcfb6c77ae3342e57b86c5bc3d33797b17c85b766292b122723d3dbd25d197d5af0987820881d5f175a0fe89408757f338,,07/18/2025 01:00:00 PM,30,NO CONTROLS,NO CONTROLS,UNKNOWN,DAYLIGHT,PARKED MOTOR VEHICLE,NOT DIVIDED,,STRAIGHT AND LEVEL,UNKNOWN,UNKNOWN,NOT ON SCENE (DESK REPORT),NO INJURY / DRIVE AWAY,,,,"OVER $1,500",07/19/2025 11:30:00 AM,UNABLE TO DETERMINE,UNABLE TO DETERMINE,5824,S,ELLIS AVE,235,,,,,,,2,NO INDICATION OF INJURY,0,0,0,0,0,1,0,13,6,7,41.7888361937,-87.6013928506,POINT (-87.601392850642 41.78883619373)
e0a98f7dd36677ffefc645e7f60e44348d59b406adb89adecc4310dc4475d661e280395c76505f35d5ae00183e2721cf64c1107adabe14ae970e59b70549d5b2,,07/18/2025 01:00:00 PM,30,NO CONTROLS,NO CONTROLS,CLEAR,DAYLIGHT,REAR TO SIDE,OTHER,,STRAIGHT AND LEVEL,DRY,NO DEFECTS,ON SCENE,NO INJURY / DRIVE AWAY,,Y,,"OVER $1,500",07/18/2025 01:02:00 PM,NOT APPLICABLE,NOT APPLICABLE,2833,W,47TH ST,922,,,,,,,2,NO INDICATION OF INJURY,0,0,0,0,0,6,0,13,6,7,41.8081476117,-87.6955541636,POINT (-87.695554163615 41.808147611674)
fcc0cf033a4dce8c724a9e86359050592094b67d1a89d908f0624e8bc75d1724d99b83fb0aacfc9901a88aad439d3325bfe092beea3562c3033322f603d0eb64,,07/18/2025 01:00:00 PM,20,NO CONTROLS,NO CONTROLS,UNKNOWN,UNKNOWN,PARKED MOTOR VEHICLE,NOT DIVIDED,,STRAIGHT AND LEVEL,UNKNOWN,UNKNOWN,NOT ON SCENE (DESK REPORT),NO INJURY / DRIVE AWAY,,,Y,"OVER $1,500",07/18/2025 02:30:00 PM,UNABLE TO DETERMINE,NOT APPLICABLE,3100,N,LECLAIRE AVE,2521,,,,,,,2,NO INDICATION OF INJURY,0,0,0,0,0,1,0,13,6,7,41.9369511234,-87.75432122,POINT (-87.754321219984 41.936951123382)
320e5832d7f7a8ac20c6707159b5adbe969ffd8a3d9578773899210e6d2fbb25d700e478fc89a4bb5f7f4d6f3bb3c21198dd2a7fbda513f5c84a25b067a590fb,,07/18/2025 12:55:00 PM,10,NO CONTROLS,NO CONTROLS,CLEAR,DAYLIGHT,PEDESTRIAN,ALLEY,,STRAIGHT AND LEVEL,DRY,NO DEFECTS,ON SCENE,INJURY AND / OR TOW DUE TO CRASH,,,,"$501 - $1,500",07/18/2025 12:56:00 PM,FAILING TO YIELD RIGHT-OF-WAY,UNABLE TO DETERMINE,6159,N,RAVENSWOOD AVE,2433,,,,,,,2,NONINCAPACITATING INJURY,1,0,0,1,0,1,0,12,6,7,41.9937170225,-87.6747309381,POINT (-87.674730938148 41.993717022505)
c3fd607ea89a165a8728f46dae38088476e102162641f91602b3087986ff4b0f08dd9c14dd48e0a509811cdba63662ca4bac05dfa99346b39361b9f81d2474fe,,07/18/2025 12:55:00 PM,30,NO CONTROLS,NO CONTROLS,CLEAR,DAYLIGHT,ANGLE,T-INTERSECTION,,STRAIGHT AND LEVEL,DRY,NO DEFECTS,,NO INJURY / DRIVE AWAY,,,,"OVER $1,500",07/18/2025 01:20:00 PM,FAILING TO YIELD RIGHT-OF-WAY,FAILING TO YIELD RIGHT-OF-WAY,3330,W,BELMONT AVE,1733,,,,,,,2,NO INDICATION OF INJURY,0,0,0,0,0,3,0,12,6,7,41.9394126,-87.7113312011,POINT (-87.711331201131 41.939412599952)
3ab5e03827c654160b0507dba1e6dfad12c0d91f9f716004bfb0ea6cd026d3473ea7e8b297146ee4acc600809616cc3961faf5f2e8c48f54bc91c28bfb4dd8e2,Y,07/18/2025 12:45:00 PM,30,STOP SIGN/FLASHER,FUNCTIONING PROPERLY,CLEAR,DAYLIGHT,REAR TO FRONT,NOT DIVIDED,,STRAIGHT AND LEVEL,DRY,NO DEFECTS,NOT ON SCENE (DESK REPORT),NO INJURY / DRIVE AWAY,Y,,,"OVER $1,500",07/18/2025 01:10:00 PM,UNABLE TO DETERMINE,UNABLE TO DETERMINE,5257,S,DORCHESTER AVE,234,,,,,,,2,NO INDICATION OF INJURY,0,0,0,0,0,2,0,12,6,7,41.7995865475,-87.591640509,POINT (-87.59164050895 41.799586547548)
963f49ac560cbb0cd885d0f976f431cd44527d88bb9b3258d4e664ef49ce6edf1e6b3dfd2a8b72ad5c02ad1fc41c824b9999298fda4e958d763330702ba202f9,,07/18/2025 12:39:00 PM,40,NO CONTROLS,NO CONTROLS,CLEAR,DAYLIGHT,REAR END,DIVIDED - W/MEDIAN BARRIER,,STRAIGHT AND LEVEL,DRY,NO DEFECTS,ON SCENE,INJURY AND / OR TOW DUE TO CRASH,,,,"OVER $1,500",07/18/2025 12:45:00 PM,UNABLE TO DETERMINE,NOT APPLICABLE,3661,N,LAKE SHORE DR NB,1925,,,,,,,2,NO INDICATION OF INJURY,0,0,0,0,0,4,0,12,6,7,41.9503574051,-87.6438884355,POINT (-87.643888435456 41.950357405096)
0f8eaf9df2f21d4640cbb2503bbf10058c4c199f8856cde1ce0888af638a3163f1c4a8a0e24b16e89e0f4aa6b72ab95b57cadfaa345206d66c67f37a83c27e27,,07/18/2025 12:35:00 PM,30,TRAFFIC SIGNAL,FUNCTIONING PROPERLY,CLEAR,DAYLIGHT,TURNING,NOT DIVIDED,,STRAIGHT AND LEVEL,DRY,NO DEFECTS,NOT ON SCENE (DESK REPORT),NO INJURY / DRIVE AWAY,,,,"OVER $1,500",07/18/2025 12:42:00 PM,FAILING TO YIELD RIGHT-OF-WAY,NOT APPLICABLE,4015,N,MILWAUKEE AVE,1624,,,,,,,2,NO INDICATION OF INJURY,0,0,0,0,0,2,0,12,6,7,41.9538039693,-87.7477338658,POINT (-87.747733865795 41.953803969337)
f9ae5544a0d3db2cc237a5cbfd7a294749bc43ded8395e0b869893f571076e0c7b56af30398b6ee7feffcb8adf5d4b6529f32c8a292e4d638c5574062ae7db89,Y,07/18/2025 12:35:00 PM,20,NO CONTROLS,NO CONTROLS,CLEAR,DAYLIGHT,SIDESWIPE SAME DIRECTION,OTHER,,STRAIGHT AND LEVEL,DRY,NO DEFECTS,NOT ON SCENE (DESK REPORT),NO INJURY / DRIVE AWAY,,,Y,"OVER $1,500",07/18/2025 04:05:00 PM,PHYSICAL CONDITION OF DRIVER,UNABLE TO DETERMINE,2,W,TERMINAL ST,1652,,,,,,,2,NO INDICATION OF INJURY,0,0,0,0,0,2,0,12,6,7,,,