CRASH_RECORD_ID,CRASH_DATE_EST_I,CRASH_DATE,POSTED_SPEED_LIMIT,TRAFFIC_CONTROL_DEVICE,DEVICE_CONDITION,WEATHER_CONDITION,LIGHTING_CONDITION,FIRST_CRASH_TYPE,TRAFFICWAY_TYPE,LANE_CNT,ALIGNMENT,ROADWAY_SURFACE_COND,ROAD_DEFECT,REPORT_TYPE,CRASH_TYPE,INTERSECTION_RELATED_I,NOT_RIGHT_OF_WAY_I,HIT_AND_RUN_I,DAMAGE,DATE_POLICE_NOTIFIED,PRIM_CONTRIBUTORY_CAUSE,SEC_CONTRIBUTORY_CAUSE,STREET_NO,STREET_DIRECTION,STREET_NAME,BEAT_OF_OCCURRENCE,PHOTOS_TAKEN_I,STATEMENTS_TAKEN_I,DOORING_I,WORK_ZONE_I,WORK_ZONE_TYPE,WORKERS_PRESENT_I,NUM_UNITS,MOST_SEVERE_INJURY,INJURIES_TOTAL,INJURIES_FATAL,INJURIES_INCAPACITATING,INJURIES_NON_INCAPACITATING,INJURIES_REPORTED_NOT_EVIDENT,INJURIES_NO_INDICATION,INJURIES_UNKNOWN,CRASH_HOUR,CRASH_DAY_OF_WEEK,CRASH_MONTH,LATITUDE,LONGITUDE,LOCATION
0a8537e4a81f9c46f4d9a5e397f9b7b278564d9f7abe1bcd4012f3a985061f28931673d62153a7fbefdb4a80a70bb519649a79f8665610196e537808640c829e,,07/18/2025 12:30:00 PM,30,TRAFFIC SIGNAL,FUNCTIONING PROPERLY,CLEAR,DAYLIGHT,SIDESWIPE SAME DIRECTION,DIVIDED - W/MEDIAN (NOT RAISED),,STRAIGHT AND LEVEL,DRY,NO DEFECTS,NOT ON SCENE (DESK REPORT),NO INJURY / DRIVE AWAY,,,,"OVER $1,500",07/18/2025 05:00:00 PM,UNABLE TO DETERMINE,NOT APPLICABLE,1547,W,47TH ST,933,,,,,,,2,NO INDICATION OF INJURY,0,0,0,0,0,2,0,12,6,7,41.8085023905,-87.6643616925,POINT (-87.66436169255 41.8085023905)
0db7e994189937df7b23ddf93a302b539d669f621f49cdc6a616280c3ef977297f4a2c2d3dfa9e8c725983fcb833ba401828091caa5874fd757cc718860d1227,,07/18/2025 12:30:00 PM,30,NO CONTROLS,NO CONTROLS,CLEAR,DAYLIGHT,SIDESWIPE SAME DIRECTION,NOT DIVIDED,,STRAIGHT AND LEVEL,DRY,NO DEFECTS,ON SCENE,NO INJURY / DRIVE AWAY,,,Y,"OVER $1,500",07/18/2025 12:44:00 PM,DRIVING SKILLS/KNOWLEDGE/EXPERIENCE,RELATED TO BUS STOP,1401,N,WESTERN AVE,1424,,,,,,,2,NO INDICATION OF INJURY,0,0,0,0,0,2,0,12,6,7,41.9067598337,-87.6869788731,POINT (-87.686978873112 41.906759833692)
2dc20bdd30e1725731270f2e8361a1520cecf874c1b53993255e72d5eff59bd4a443a9c39c2e779bdf36c764696c4d339c71b271bb8a9d3deb62af824c25a946,,07/18/2025 12:30:00 PM,30,TRAFFIC SIGNAL,FUNCTIONING PROPERLY,CLEAR,DAYLIGHT,ANGLE,DIVIDED - W/MEDIAN (NOT RAISED),,STRAIGHT AND LEVEL,DRY,NO DEFECTS,NOT ON SCENE (DESK REPORT),NO INJURY / DRIVE AWAY,,,,"$501 - $1,500",07/18/2025 03:30:00 PM,FAILING TO YIELD RIGHT-OF-WAY,NOT APPLICABLE,3057,N,ASHLAND AVE,1932,,,,,,,2,NO INDICATION OF INJURY,0,0,0,0,0,2,0,12,6,7,41.9377588819,-87.6684452729,POINT (-87.66844527294 41.937758881867)
4833a428bad5d6b2a70866ea81221628e236e7f07c193179f06127f9b3b1e7a34022589e4c1ca999b335f936d6629725f554933637653530b6b66fe9f9ea2057,,07/18/2025 12:30:00 PM,30,NO CONTROLS,NO CONTROLS,CLEAR,DAYLIGHT,REAR END,NOT DIVIDED,,STRAIGHT AND LEVEL,DRY,NO DEFECTS,NOT ON SCENE (DESK REPORT),NO INJURY / DRIVE AWAY,,,,"$501 - $1,500",07/18/2025 03:40:00 PM,UNABLE TO DETERMINE,NOT APPLICABLE,5230,N,MILWAUKEE AVE,1623,,,,,,,2,NO INDICATION OF INJURY,0,0,0,0,0,2,0,12,6,7,41.975305716,-87.7675930235,POINT (-87.767593023506 41.975305715985)
a292c49d81b0f18025c2f25e669afac985ce2a170c3b7ee1620838bba0f5951fa02874b7b709740f678a0de1d57f1c64ced5d76051dde4fec483602d4d6cbdb6,,07/18/2025 12:25:00 PM,30,NO CONTROLS,NO CONTROLS,CLEAR,DAYLIGHT,PARKED MOTOR VEHICLE,NOT DIVIDED,,STRAIGHT AND LEVEL,DRY,NO DEFECTS,NOT ON SCENE (DESK REPORT),NO INJURY / DRIVE AWAY,,,,"OVER $1,500",07/18/2025 01:50:00 PM,DRIVING SKILLS/KNOWLEDGE/EXPERIENCE,UNABLE TO DETERMINE,1669,N,LEAVITT ST,1434,,,,,,,3,NO INDICATION OF INJURY,0,0,0,0,0,1,0,12,6,7,41.912425141,-87.6822423349,POINT (-87.682242334917 41.912425140987)
e68531df37f3b9aa4aab79a65313dc3c0ca1db7e9a5b0a16e882b6dc6b5789a81aeff01a45e04945ead6b588da3ac0a97e4c81daeaa51a4eb8a4612a0605a71f,,07/18/2025 12:25:00 PM,30,TRAFFIC SIGNAL,FUNCTIONING PROPERLY,CLEAR,DAYLIGHT,SIDESWIPE SAME DIRECTION,DIVIDED - W/MEDIAN (NOT RAISED),,STRAIGHT AND LEVEL,DRY,NO DEFECTS,NOT ON SCENE (DESK REPORT),NO INJURY / DRIVE AWAY,Y,,Y,"OVER $1,500",07/18/2025 02:00:00 PM,UNABLE TO DETERMINE,UNABLE TO DETERMINE,3700,N,WESTERN AVE,1921,,,,,,,2,NO INDICATION OF INJURY,0,0,0,0,0,2,0,12,6,7,41.9486368838,-87.6884575065,POINT (-87.688457506457 41.948636883802)
f4c169e27e2b236aebd2e5ea9a1713a408fa25298cbd6e2aaaad0b213821f7540aba6ce17b5568403159f3b03d1ce960a58430ac84c4045cc2bd571e9537ebc5,,07/18/2025 12:22:00 PM,30,TRAFFIC SIGNAL,FUNCTIONING PROPERLY,CLEAR,DAYLIGHT,ANGLE,DIVIDED - W/MEDIAN (NOT RAISED),,STRAIGHT AND LEVEL,DRY,NO DEFECTS,NOT ON SCENE (DESK REPORT),NO INJURY / DRIVE AWAY,Y,,,"$501 - $1,500",07/18/2025 03:49:00 PM,FAILING TO YIELD RIGHT-OF-WAY,NOT APPLICABLE,200,N,COLUMBUS DR,114,,,,,,,2,NO INDICATION OF INJURY,0,0,0,0,0,2,0,12,6,7,41.8860058334,-87.6208289567,POINT (-87.620828956741 41.886005833425)
537f9e2854be04ae0a09a9c6965315e87f5fea7d41eb240a9ec9b4c4c9b8b80bbb3e337caaedeec27f59b818ec23b6869adf6becfbbecca1611ad2d6a24e80ed,,07/18/2025 12:17:00 PM,30,TRAFFIC SIGNAL,FUNCTIONING PROPERLY,CLEAR,DAYLIGHT,REAR TO FRONT,NOT DIVIDED,,STRAIGHT AND LEVEL,DRY,UNKNOWN,ON SCENE,NO INJURY / DRIVE AWAY,,,,$500 OR LESS,07/18/2025 12:17:00 PM,UNABLE TO DETERMINE,NOT APPLICABLE,2329,S,WESTERN AVE,1034,,,,,,,2,NO INDICATION OF INJURY,0,0,0,0,0,2,0,12,6,7,41.8493521486,-87.6854145426,POINT (-87.685414542566 41.849352148593)
91e891861aefd23b5d0d7aa6bebed66a5747477640c7b497bf7bafe629de0015d296a47c8d153569b30555e241024db974a9e87b9a99dacee0722f49106ca839,,07/18/2025 12:17:00 PM,30,TRAFFIC SIGNAL,FUNCTIONING IMPROPERLY,CLEAR,DAYLIGHT,SIDESWIPE SAME DIRECTION,DIVIDED - W/MEDIAN (NOT RAISED),,STRAIGHT AND LEVEL,DRY,NO DEFECTS,NOT ON SCENE (DESK REPORT),NO INJURY / DRIVE AWAY,,,,"$501 - $1,500",07/18/2025 01:10:00 PM,UNABLE TO DETERMINE,NOT APPLICABLE,6386,S,ARCHER AVE,811,,,,,,,2,NO INDICATION OF INJURY,0,0,0,0,0,2,0,12,6,7,41.7925436603,-87.7815021381,POINT (-87.78150213806 41.792543660271)
7c8ff6d2faae7c1fa112ae2a71c658789b169b69933cb992aca1e34676d00aea18fc2fd53ed3f1e9ed4da66a8c5606975e867834429785d5fd63028d995cb12b,,07/18/2025 12:15:00 PM,30,TRAFFIC SIGNAL,FUNCTIONING PROPERLY,CLEAR,DAYLIGHT,REAR END,DIVIDED - W/MEDIAN (NOT RAISED),,STRAIGHT AND LEVEL,DRY,NO DEFECTS,NOT ON SCENE (DESK REPORT),NO INJURY / DRIVE AWAY,,,,"OVER $1,500",07/18/2025 01:45:00 PM,DISTRACTION - FROM INSIDE VEHICLE,UNABLE TO DETERMINE,4716,W,PETERSON AVE,1711,,,,,,,2,NO INDICATION OF INJURY,0,0,0,0,0,2,0,12,6,7,41.990016635,-87.7466893447,POINT (-87.746689344661 41.990016635011)
a46fde2497c0be93af8ed7eb416f18ca7e304ca69901cf03eba8997cc1c9470053e2c2a19ed27b0138ff8898369c3ef4bbf9fee4027ef44cbdb2c6f1090e3f87,,07/18/2025 12:11:00 PM,30,TRAFFIC SIGNAL,FUNCTIONING PROPERLY,CLEAR,DAYLIGHT,TURNING,T-INTERSECTION,,STRAIGHT AND LEVEL,UNKNOWN,UNKNOWN,NOT ON SCENE (DESK REPORT),NO INJURY / DRIVE AWAY,,,,"OVER $1,500",07/18/2025 12:15:00 PM,UNABLE TO DETERMINE,NOT APPLICABLE,4800,N,PULASKI RD,1712,,,,,,,2,NO INDICATION OF INJURY,0,0,0,0,0,4,0,12,6,7,41.9682625951,-87.7281753158,POINT (-87.72817531576 41.968262595101)
cf256f4aeb2638a1cf7f348bc00fbfa9d9d9f905a2bf0e71651c3b2e7716eeb48e79da5b3555c05f668be5fac839b2d1208c8bb29d42bfe3e04c29f7eef4b544,,07/18/2025 12:10:00 PM,30,UNKNOWN,UNKNOWN,CLEAR,DAYLIGHT,TURNING,T-INTERSECTION,,STRAIGHT AND LEVEL,DRY,UNKNOWN,NOT ON SCENE (DESK REPORT),NO INJURY / DRIVE AWAY,,,,"OVER $1,500",07/18/2025 03:00:00 PM,NOT APPLICABLE,NOT APPLICABLE,341,E,WACKER DR,114,,,,,,,2,NO INDICATION OF INJURY,0,0,0,0,0,2,0,12,6,7,41.887517464,-87.6188642449,POINT (-87.618864244913 41.887517464022)
e7c0742af7cc80196c9e22b84dbf035aeb7bf81043152e9a64edf8c68687df5cc8c116ec42b14d19522a460a1ea9b6db9d5364c6d4f4f4efe2e2ca5e5b79bc2f,,07/18/2025 12:10:00 PM,25,TRAFFIC SIGNAL,FUNCTIONING PROPERLY,CLEAR,DAYLIGHT,REAR END,ONE-WAY,,STRAIGHT ON GRADE,DRY,NO DEFECTS,NOT ON SCENE (DESK REPORT),NO INJURY / DRIVE AWAY,,,,"$501 - $1,500",07/26/2025 12:20:00 PM,FOLLOWING TOO CLOSELY,NOT APPLICABLE,934,W,ROSCOE ST,1924,,,,,,,2,NO INDICATION OF INJURY,0,0,0,0,0,2,0,12,6,7,41.9436690856,-87.6532364137,POINT (-87.65323641372 41.943669085612)
43cec07d6c25c91cc579a513b7feacec4badd7fa082e7f05042adcac21e17b0837bd7a68ff5059625d9bce9c5a8deb9c5b06cbb9281b8e541a78bb57ecb9b8aa,,07/18/2025 12:00:00 PM,30,NO CONTROLS,NO CONTROLS,CLEAR,DAYLIGHT,TURNING,DIVIDED - W/MEDIAN (NOT RAISED),,STRAIGHT AND LEVEL,DRY,UNKNOWN,NOT ON SCENE (DESK REPORT),NO INJURY / DRIVE AWAY,,,,"OVER $1,500",07/18/2025 06:47:00 PM,UNABLE TO DETERMINE,UNABLE TO DETERMINE,6432,W,DIVERSEY AVE,2511,,Y,,,,,2,NO INDICATION OF INJURY,0,0,0,0,0,2,0,12,6,7,41.9310784734,-87.7870521871,POINT (-87.787052187091 41.931078473353)
7e3d1188c572846ddea9b10159eb6e22ca5cf1bb1e87f0e6567aec0f495d6ea91e425887d3707b8ab85ab70a1fbd42ff68d100835863625444a6a3d8b576496a,,07/18/2025 11:55:00 AM,30,STOP SIGN/FLASHER,FUNCTIONING PROPERLY,CLEAR,DAYLIGHT,TURNING,NOT DIVIDED,,STRAIGHT AND LEVEL,DRY,UNKNOWN,NOT ON SCENE (DESK REPORT),NO INJURY / DRIVE AWAY,,,Y,"OVER $1,500",07/19/2025 12:15:00 AM,FAILING TO YIELD RIGHT-OF-WAY,FAILING TO YIELD RIGHT-OF-WAY,3108,N,MILWAUKEE AVE,2523,,,,,,,2,NO INDICATION OF INJURY,0,0,0,0,0,2,0,11,6,7,41.9373834345,-87.7212703177,POINT (-87.721270317719 41.937383434466)
86d0c07198d28cf700012c8b47bd4ee89c9dde798b977c582095707f8f15d82740439fc7aa822e8a06c25e420dc49b86e75caa0ec173ddc3d576b4a51990fbcc,,07/18/2025 11:50:00 AM,30,NO CONTROLS,UNKNOWN,CLEAR,DAYLIGHT,SIDESWIPE SAME DIRECTION,NOT DIVIDED,,STRAIGHT AND LEVEL,DRY,NO DEFECTS,NOT ON SCENE (DESK REPORT),NO INJURY / DRIVE AWAY,,,,"$501 - $1,500",07/18/2025 01:25:00 PM,FAILING TO YIELD RIGHT-OF-WAY,NOT APPLICABLE,1837,S,WESTERN AVE,1234,,,,,,,2,NO INDICATION OF INJURY,0,0,0,0,0,2,0,11,6,7,41.8565216705,-87.6856092539,POINT (-87.685609253905 41.856521670514)
60cbba0384566e684bc6268cec17b3568de14ce02cf57456882287cb5ba658981095c1364b0285961dea419fc462cc0a4a29c1936af4b660a66ac72ddc27d246,,07/18/2025 11:45:00 AM,25,NO CONTROLS,NO CONTROLS,CLEAR,DAYLIGHT,SIDESWIPE SAME DIRECTION,NOT DIVIDED,,STRAIGHT AND LEVEL,DRY,NO DEFECTS,NOT ON SCENE (DESK REPORT),NO INJURY / DRIVE AWAY,,,,"OVER $1,500",07/18/2025 01:30:00 PM,IMPROPER OVERTAKING/PASSING,IMPROPER LANE USAGE,622,W,ROOSEVELT RD,124,,,,,,,2,NO INDICATION OF INJURY,0,0,0,0,0,5,0,11,6,7,41.8673165142,-87.6431222267,POINT (-87.643122226661 41.867316514174)
8c57f3eff386a89e7da42beb376f99774ded1443cb90b7ca4d70e9c77cec16cabd76a92ba3ba5792829663709d07713a792f0dbc3f99684fe1fa05057ac2acc8,,07/18/2025 11:45:00 AM,30,STOP SIGN/FLASHER,FUNCTIONING PROPERLY,CLEAR,DAYLIGHT,ANGLE,DIVIDED - W/MEDIAN (NOT RAISED),,STRAIGHT AND LEVEL,DRY,NO DEFECTS,NOT ON SCENE (DESK REPORT),NO INJURY / DRIVE AWAY,,,,"$501 - $1,500",07/19/2025 12:00:00 PM,FAILING TO YIELD RIGHT-OF-WAY,NOT APPLICABLE,3111,N,MILWAUKEE AVE,2523,,,,,,,2,NO INDICATION OF INJURY,0,0,0,0,0,2,0,11,6,7,41.937553574,-87.72108451,POINT (-87.721084510004 41.93755357403)
ba4fd8bdb28625346759d9a6cb00919db9c966d3c907c3fe195dd82df71335d11c4c518cf60337ac7fc5e23d5db998eca6254a9d997c338c757c7beec48ceae7,,07/18/2025 11:45:00 AM,30,NO CONTROLS,NO CONTROLS,CLEAR,DAYLIGHT,REAR TO FRONT,ONE-WAY,,STRAIGHT AND LEVEL,DRY,NO DEFECTS,NOT ON SCENE (DESK REPORT),NO INJURY / DRIVE AWAY,,,,"$501 - $1,500",07/18/2025 12:00:00 PM,IMPROPER BACKING,IMPROPER BACKING,6380,N,HERMITAGE AVE,2433,,,,,,,3,NO INDICATION OF INJURY,0,0,0,0,0,2,0,11,6,7,41.9979133237,-87.6736473793,POINT (-87.673647379291 41.997913323668)
c12ae8a6b0ac2f2c4b0f509d908ee832273e3e84fa12db8b5ec833673ce73707cfa3a70bbf10a97ce866794156c67541165ede55f3112bac6525a05058fe24fd,,07/18/2025 11:40:00 AM,30,NO CONTROLS,NO CONTROLS,CLEAR,DAYLIGHT,OTHER OBJECT,PARKING LOT,,STRAIGHT AND LEVEL,DRY,UNKNOWN,NOT ON SCENE (DESK REPORT),NO INJURY / DRIVE AWAY,,,,"OVER $1,500",07/18/2025 03:25:00 PM,IMPROPER BACKING,IMPROPER OVERTAKING/PASSING,600,E,GRAND AVE,1834,,,,,,,1,NO INDICATION OF INJURY,0,0,0,0,0,1,0,11,6,7,41.8920941369,-87.6115698839,POINT (-87.611569883947 41.892094136862)
1be9c28203917eaaef89a2f010cab16455d08be1509f060d316d91eafb6702b4a3b8e5f0986c75cffd26528da76fb8a776fa99f231d6abc91f58da22a460c908,,07/18/2025 11:30:00 AM,30,TRAFFIC SIGNAL,UNKNOWN,CLEAR,DAYLIGHT,REAR TO FRONT,ONE-WAY,,STRAIGHT AND LEVEL,DRY,UNKNOWN,NOT ON SCENE (DESK REPORT),NO INJURY / DRIVE AWAY,,,,"OVER $1,500",07/18/2025 12:10:00 PM,IMPROPER BACKING,DRIVING SKILLS/KNOWLEDGE/EXPERIENCE,101,W,MONROE ST,122,,,,,,,2,NO INDICATION OF INJURY,0,0,0,0,0,2,0,11,6,7,41.8805857778,-87.6309243433,POINT (-87.630924343271 41.880585777799)
35b13564ed691705372f312267808c5c1e3591721b89d5f4088b2b8dc7d05ecf809979ad99c33f75779b74173bd507bec85f5ddfdc8b55b1ebe04441f043db8b,,07/18/2025 11:30:00 AM,30,NO CONTROLS,NO CONTROLS,CLEAR,DAYLIGHT,REAR END,NOT DIVIDED,,STRAIGHT AND LEVEL,DRY,NO DEFECTS,NOT ON SCENE (DESK REPORT),NO INJURY / DRIVE AWAY,,,,"OVER $1,500",07/18/2025 03:05:00 PM,FOLLOWING TOO CLOSELY,UNABLE TO DETERMINE,6415,W,BELMONT AVE,2511,N,,,,,,2,NO INDICATION OF INJURY,0,0,0,0,0,2,0,11,6,7,41.938198994,-87.7866263185,POINT (-87.786626318474 41.938198994026)
81dbe9376b765703c2ff6918ed348f8f9ade1ab68d03c05286d5994f944919f6d93ef4651f4d4dc182715a15e1da1a26633588d13b740b3b52a57c94b0bb09a0,,07/18/2025 11:30:00 AM,30,NO CONTROLS,NO CONTROLS,CLEAR,DAYLIGHT,REAR END,NOT DIVIDED,,STRAIGHT AND LEVEL,DRY,NO DEFECTS,ON SCENE,NO INJURY / DRIVE AWAY,,,,"OVER $1,500",07/18/2025 11:33:00 AM,FOLLOWING TOO CLOSELY,NOT APPLICABLE,398,N,CENTRAL AVE,1512,,Y,,,,,2,NO INDICATION OF INJURY,0,0,0,0,0,2,0,11,6,7,41.8877170705,-87.7652660117,POINT (-87.765266011737 41.887717070526)
864b0071540bc4eb578143bcb2938380cb3f69d88bcacd2b1915350b3eb1ed16bc4f02b2a935b6cfd57bef2e2b6ae9e982a7b27014869d0f39dec575cd7e1f27,,07/18/2025 11:30:00 AM,30,NO CONTROLS,NO CONTROLS,CLEAR,DAYLIGHT,PARKED MOTOR VEHICLE,NOT DIVIDED,,STRAIGHT AND LEVEL,DRY,NO DEFECTS,NOT ON SCENE (DESK REPORT),NO INJURY / DRIVE AWAY,,,,"OVER $1,500",07/18/2025 12:00:00 PM,NOT APPLICABLE,NOT APPLICABLE,1316,E,53RD ST,234,,,,,,,2,NO INDICATION OF INJURY,0,0,0,0,0,1,0,11,6,7,41.7995914838,-87.5942953791,POINT (-87.5942953791 41.799591483774)
aaa3ba637fbcd93486c56edec841c3b6fbcb8b7adf7c7732e115e4d4099a5674c394f80c1abb8cca1d5c4e23955f50d2c48935429a7187ca15664b14ec6b3b17,,07/18/2025 11:30:00 AM,30,NO CONTROLS,NO CONTROLS,RAIN,DAYLIGHT,PARKED MOTOR VEHICLE,ONE-WAY,,STRAIGHT AND LEVEL,WET,UNKNOWN,NOT ON SCENE (DESK REPORT),INJURY AND / OR TOW DUE TO CRASH,,,,"OVER $1,500",07/21/2025 02:15:00 PM,"DISTRACTION - OTHER ELECTRONIC DEVICE (NAVIGATION DEVICE, DVD PLAYER, ETC.)",NOT APPLICABLE,6619,S,MARYLAND AVE,321,,,,,,,2,NO INDICATION OF INJURY,0,0,0,0,0,1,0,11,6,7,41.7743750615,-87.6044304159,POINT (-87.604430415872 41.774375061473)
c73dfd4ff0623266276c005f0f2f835731f16b4b0d6b0d205bd597355df07b5b72549bb9238a74da72174a708e84df7680872f7f25d8b71eef908b6b70558520,,07/18/2025 11:30:00 AM,30,NO CONTROLS,NO CONTROLS,CLEAR,DARKNESS,PARKED MOTOR VEHICLE,ALLEY,,STRAIGHT AND LEVEL,DRY,NO DEFECTS,NOT ON SCENE (DESK REPORT),NO INJURY / DRIVE AWAY,,,,"$501 - $1,500",07/19/2025 05:35:00 PM,IMPROPER OVERTAKING/PASSING,NOT APPLICABLE,121,S,LEAVITT ST,1223,,,,,,,2,NO INDICATION OF INJURY,0,0,0,0,0,1,0,11,6,7,41.8792678003,-87.6813392363,POINT (-87.681339236331 41.879267800325)
ffd7a655a1479a6bc42e15d2afc7c241bace7c01fc55b42211f5792a1d1b2673d9d0dfcd12451751c36b44c73610ee8581f234a284a836627cb4e061579abf93,,07/18/2025 11:30:00 AM,30,NO CONTROLS,NO CONTROLS,CLEAR,DAYLIGHT,PARKED MOTOR VEHICLE,PARKING LOT,,STRAIGHT AND LEVEL,DRY,NO DEFECTS,ON SCENE,NO INJURY / DRIVE AWAY,,,Y,"OVER $1,500",07/18/2025 01:15:00 PM,UNABLE TO DETERMINE,UNABLE TO DETERMINE,3448,E,118TH ST,433,,,,,,,3,NO INDICATION OF INJURY,0,0,0,0,0,1,0,11,6,7,41.6810595555,-87.5393675414,POINT (-87.539367541376 41.681059555502)
03b47670be902a5895da202a8bfcb5178b3edbfbf0042b7ea62f9c26a19b8378c995946e616fd80ccfa713aa2c9ef2bf1bc13edf9bc4236cfc3514591f1d70a1,,07/18/2025 11:28:00 AM,30,UNKNOWN,UNKNOWN,UNKNOWN,UNKNOWN,PARKED MOTOR VEHICLE,UNKNOWN,,STRAIGHT AND LEVEL,UNKNOWN,UNKNOWN,NOT ON SCENE (DESK REPORT),NO INJURY / DRIVE AWAY,,,,"OVER $1,500",07/19/2025 06:10:00 PM,UNABLE TO DETERMINE,UNABLE TO DETERMINE,4528,W,IRVING PARK RD,1722,,,,,,,2,NO INDICATION OF INJURY,0,0,0,0,0,2,0,11,6,7,41.9535934413,-87.7417123237,POINT (-87.741712323731 41.953593441272)
dc0abfd3d0c4e9d7d535edab5dda2164d0f1701a1daa3728081a429fef4cdccb5c4be56cd5fa8705c2a8b062f5cef94138fa8ffa4adba378254d1797084fbbd7,,07/18/2025 11:15:00 AM,35,NO CONTROLS,NO CONTROLS,CLEAR,DAYLIGHT,SIDESWIPE SAME DIRECTION,DIVIDED - W/MEDIAN BARRIER,,STRAIGHT AND LEVEL,DRY,OTHER,,INJURY AND / OR TOW DUE TO CRASH,,,,"OVER $1,500",07/18/2025 11:22:00 AM,FAILING TO YIELD RIGHT-OF-WAY,NOT APPLICABLE,1640,W,95TH ST,2221,,,,Y,CONSTRUCTION,Y,2,NONINCAPACITATING INJURY,1,0,0,1,0,2,0,11,6,7,41.721301977,-87.6642175838,POINT (-87.664217583803 41.721301976991)
fe424c7fab5b533879b7c7b6cf081698a284b5cfd38aea85ba92becc4a2298c14a0a42a8873b0bbcd97830760324d110d503358ffc66e926dee9bc5df23e1700,,07/18/2025 11:04:00 AM,30,TRAFFIC SIGNAL,FUNCTIONING PROPERLY,CLEAR,DAYLIGHT,TURNING,NOT DIVIDED,,STRAIGHT AND LEVEL,DRY,NO DEFECTS,ON SCENE,NO INJURY / DRIVE AWAY,,,,"$501 - $1,500",07/18/2025 11:10:00 AM,UNABLE TO DETERMINE,UNABLE TO DETERMINE,6399,W,GRAND AVE,2512,,,,,,,2,NO INDICATION OF INJURY,0,0,0,0,0,3,0,11,6,7,41.9225104628,-87.7854068443,POINT (-87.785406844332 41.922510462827)
75b5ee44b9164668137fbbe85ba32799696f9e7dc1352737052d65cee901304334d60ad60999bc221d6ca59c6e71dd4da08e1561eb610717b88900ad225e5005,,07/18/2025 11:00:00 AM,10,NO CONTROLS,NOT FUNCTIONING,CLEAR,DAYLIGHT,ANGLE,PARKING LOT,,STRAIGHT AND LEVEL,UNKNOWN,UNKNOWN,NOT ON SCENE (DESK REPORT),INJURY AND / OR TOW DUE TO CRASH,,,,"OVER $1,500",07/20/2025 11:33:00 AM,FAILING TO YIELD RIGHT-OF-WAY,NOT APPLICABLE,3481,S,DR MARTIN LUTHER KING JR DR,211,,,,,,,2,NONINCAPACITATING INJURY,1,0,0,1,0,1,0,11,6,7,41.8311855103,-87.6168209999,POINT (-87.616820999883 41.831185510288)
d6ee0e65fecf398611d610cfb88a5435479a607ef07baf83f091a5ebfdde3207ff65be9733013dd1211a76de76be2b172c5dea347bc1b24fb8de981a1b608a31,,07/18/2025 11:00:00 AM,30,UNKNOWN,UNKNOWN,UNKNOWN,UNKNOWN,SIDESWIPE SAME DIRECTION,ONE-WAY,,STRAIGHT AND LEVEL,UNKNOWN,UNKNOWN,NOT ON SCENE (DESK REPORT),NO INJURY / DRIVE AWAY,,,,"OVER $1,500",07/18/2025 06:00:00 PM,UNABLE TO DETERMINE,NOT APPLICABLE,1536,W,FARGO AVE,2422,,,,,,,2,NO INDICATION OF INJURY,0,0,0,0,0,2,0,11,6,7,42.0172064229,-87.6696313527,POINT (-87.669631352684 42.017206422851)
6ce82ce7d71afd9030b9cbb10ae185aeb645a041de3f7e8d38629dd0bafa4c49b8aeded9304360cd23501aea9208bbdd9914aba2ec1a6a6e65b0d6299c1ceac5,,07/18/2025 10:55:00 AM,30,STOP SIGN/FLASHER,FUNCTIONING PROPERLY,CLEAR,DAYLIGHT,ANGLE,FOUR WAY,,STRAIGHT AND LEVEL,DRY,NO DEFECTS,ON SCENE,INJURY AND / OR TOW DUE TO CRASH,Y,,,"OVER $1,500",07/18/2025 11:00:00 AM,FAILING TO YIELD RIGHT-OF-WAY,UNABLE TO DETERMINE,1858,W,OGDEN AVE,1225,,,,,,,2,NONINCAPACITATING INJURY,3,0,0,1,2,0,0,10,6,7,41.8756335052,-87.6731834356,POINT (-87.673183435552 41.87563350517)
2bc086fafb778a86fa5099abc0b119b8414ae75f50af7cc4287772cd5f9801437e94c4fe80d5d20c86af28a10e5ccba0873d8eb239f722cc58561ce8ea7ee147,,07/18/2025 10:47:00 AM,30,NO CONTROLS,NO CONTROLS,CLEAR,DAYLIGHT,REAR END,NOT DIVIDED,,STRAIGHT AND LEVEL,DRY,NO DEFECTS,ON SCENE,INJURY AND / OR TOW DUE TO CRASH,,,,"OVER $1,500",07/18/2025 10:47:00 AM,UNABLE TO DETERMINE,NOT APPLICABLE,2744,W,TOUHY AVE,2411,,,,,,,2,"REPORTED, NOT EVIDENT",1,0,0,0,1,1,0,10,6,7,42.0121930711,-87.6991482017,POINT (-87.699148201667 42.012193071141)
e78c357ad0caab14900b03972d5e7d3a95d5aac99c251665acfe3ba9e2876a615e2c59eae7374ac070b3ba13e55668ad17c6ecd36a27bb4f68f031ca694da06e,Y,07/18/2025 10:45:00 AM,30,NO CONTROLS,NO CONTROLS,CLEAR,UNKNOWN,FIXED OBJECT,NOT DIVIDED,,STRAIGHT AND LEVEL,DRY,NO DEFECTS,NOT ON SCENE (DESK REPORT),NO INJURY / DRIVE AWAY,,Y,Y,"OVER $1,500",07/18/2025 11:30:00 AM,UNABLE TO DETERMINE,NOT APPLICABLE,3353,N,CENTRAL AVE,1633,,,,,,,1,NO INDICATION OF INJURY,0,0,0,0,0,1,0,10,6,7,41.9418944435,-87.7664686014,POINT (-87.766468601397 41.941894443536)