CRASH_RECORD_ID,CRASH_DATE_EST_I,CRASH_DATE,POSTED_SPEED_LIMIT,TRAFFIC_CONTROL_DEVICE,DEVICE_CONDITION,WEATHER_CONDITION,LIGHTING_CONDITION,FIRST_CRASH_TYPE,TRAFFICWAY_TYPE,LANE_CNT,ALIGNMENT,ROADWAY_SURFACE_COND,ROAD_DEFECT,REPORT_TYPE,CRASH_TYPE,INTERSECTION_RELATED_I,NOT_RIGHT_OF_WAY_I,HIT_AND_RUN_I,DAMAGE,DATE_POLICE_NOTIFIED,PRIM_CONTRIBUTORY_CAUSE,SEC_CONTRIBUTORY_CAUSE,STREET_NO,STREET_DIRECTION,STREET_NAME,BEAT_OF_OCCURRENCE,PHOTOS_TAKEN_I,STATEMENTS_TAKEN_I,DOORING_I,WORK_ZONE_I,WORK_ZONE_TYPE,WORKERS_PRESENT_I,NUM_UNITS,MOST_SEVERE_INJURY,INJURIES_TOTAL,INJURIES_FATAL,INJURIES_INCAPACITATING,INJURIES_NON_INCAPACITATING,INJURIES_REPORTED_NOT_EVIDENT,INJURIES_NO_INDICATION,INJURIES_UNKNOWN,CRASH_HOUR,CRASH_DAY_OF_WEEK,CRASH_MONTH,LATITUDE,LONGITUDE,LOCATION
f93b14048aa15e4ad196b98d2322ad0610b4a3f2fa1d3a30fd678fc500af81d4819046840549549d98feb8d61ddb5cb4cca67d3b001036261ede18906f9b45fc,,07/18/2025 10:45:00 AM,30,NO CONTROLS,NO CONTROLS,CLEAR,DAYLIGHT,REAR END,NOT DIVIDED,,STRAIGHT AND LEVEL,DRY,NO DEFECTS,NOT ON SCENE (DESK REPORT),NO INJURY / DRIVE AWAY,,,,"$501 - $1,500",07/18/2025 11:00:00 AM,FOLLOWING TOO CLOSELY,UNABLE TO DETERMINE,4485,W,LAWRENCE AVE,1722,,,,,,,2,NO INDICATION OF INJURY,0,0,0,0,0,2,0,10,6,7,41.9679874608,-87.7413090971,POINT (-87.741309097104 41.967987460761)
9afd32887e127544b84d4e7228056d1af20def53eca6a381cf7859a55839559d4060d989100b9203088aef56f642ff2a36867f2e96ca437369aa578839b32d9f,,07/18/2025 10:35:00 AM,30,TRAFFIC SIGNAL,FUNCTIONING PROPERLY,CLEAR,DAYLIGHT,SIDESWIPE SAME DIRECTION,NOT DIVIDED,,STRAIGHT AND LEVEL,DRY,NO DEFECTS,ON SCENE,NO INJURY / DRIVE AWAY,,,Y,"OVER $1,500",07/18/2025 10:39:00 AM,"OPERATING VEHICLE IN ERRATIC, RECKLESS, CARELESS, NEGLIGENT OR AGGRESSIVE MANNER","OPERATING VEHICLE IN ERRATIC, RECKLESS, CARELESS, NEGLIGENT OR AGGRESSIVE MANNER",2199,S,HARDING AVE,1014,,,,,,,2,NO INDICATION OF INJURY,0,0,0,0,0,4,0,10,6,7,41.8516605902,-87.7233522336,POINT (-87.723352233586 41.851660590164)
79cfec1969e4ae6771a659f70f0f394ac1bd384200c693aa4701804513b1fa6f6d09630c06d21450584eb2f17435913a1109e2dd776965fff2ad6cc1edabe85f,,07/18/2025 10:30:00 AM,30,NO CONTROLS,NO CONTROLS,CLEAR,DAYLIGHT,SIDESWIPE SAME DIRECTION,ONE-WAY,,STRAIGHT AND LEVEL,DRY,UNKNOWN,NOT ON SCENE (DESK REPORT),NO INJURY / DRIVE AWAY,,,,"OVER $1,500",07/18/2025 10:52:00 AM,DRIVING SKILLS/KNOWLEDGE/EXPERIENCE,DRIVING SKILLS/KNOWLEDGE/EXPERIENCE,60,W,RANDOLPH ST,111,,,,,,,2,NO INDICATION OF INJURY,0,0,0,0,0,2,0,10,6,7,41.8845901869,-87.6301305179,POINT (-87.630130517862 41.884590186868)
898d495470b9b0d08dda87c1ca069fbd33313518b1566ce2dc891fe58725acd1172dad391176af2a931534ddfc2f695342b1cc9e57882ebbf0d24b55342a3c25,,07/18/2025 10:30:00 AM,30,TRAFFIC SIGNAL,FUNCTIONING PROPERLY,UNKNOWN,DAYLIGHT,TURNING,DIVIDED - W/MEDIAN (NOT RAISED),,STRAIGHT AND LEVEL,UNKNOWN,NO DEFECTS,NOT ON SCENE (DESK REPORT),NO INJURY / DRIVE AWAY,Y,,,"OVER $1,500",07/21/2025 04:52:00 PM,FOLLOWING TOO CLOSELY,NOT APPLICABLE,5600,N,CENTRAL AVE,1622,,,,,,,2,NO INDICATION OF INJURY,0,0,0,0,0,2,0,10,6,7,41.9830328998,-87.7684901052,POINT (-87.768490105241 41.983032899841)
0200479a4f17de4935f69186ed36b6185a1a5598b4b1a22f469e43f21824c273086686a9706c42889e8310752a5b6b38788762ece1e607e099009168ff1f4835,,07/18/2025 10:20:00 AM,30,NO CONTROLS,NO CONTROLS,CLEAR,DAYLIGHT,ANIMAL,NOT DIVIDED,,STRAIGHT AND LEVEL,DRY,NO DEFECTS,NOT ON SCENE (DESK REPORT),NO INJURY / DRIVE AWAY,Y,,,"OVER $1,500",07/19/2025 01:50:00 PM,ANIMAL,NOT APPLICABLE,2844,W,DIVERSEY AVE,1411,,,,,,,1,NO INDICATION OF INJURY,0,0,0,0,0,1,0,10,6,7,41.9321934909,-87.6994612607,POINT (-87.699461260721 41.932193490864)
506514c1d058de46ff23580f5c701c3dae24d201ea6b39d1f5fc4d919e90c397966810b9672d4f931a2126208c25792c7502334b798dfde42832d651e95911d3,,07/18/2025 10:20:00 AM,35,TRAFFIC SIGNAL,FUNCTIONING PROPERLY,CLEAR,DAYLIGHT,TURNING,DIVIDED - W/MEDIAN (NOT RAISED),,STRAIGHT AND LEVEL,DRY,NO DEFECTS,ON SCENE,NO INJURY / DRIVE AWAY,Y,,,"$501 - $1,500",07/18/2025 10:30:00 AM,UNABLE TO DETERMINE,UNABLE TO DETERMINE,300,W,47TH ST,925,,,,,,,2,NO INDICATION OF INJURY,0,0,0,0,0,2,0,10,6,7,41.8091854091,-87.6334274395,POINT (-87.633427439501 41.809185409056)
67b551f1e3c141185eab98a5bbd281e9d6568e1ad10cddb5bffa1fffc5d61bc4371ac0b00235ff6f9de89e92e31e824840ebc602031d39705f9b8366e078e01b,,07/18/2025 10:20:00 AM,20,TRAFFIC SIGNAL,FUNCTIONING PROPERLY,CLEAR,DAYLIGHT,REAR END,T-INTERSECTION,,STRAIGHT AND LEVEL,DRY,NO DEFECTS,ON SCENE,NO INJURY / DRIVE AWAY,Y,,,"OVER $1,500",07/18/2025 10:25:00 AM,FOLLOWING TOO CLOSELY,UNABLE TO DETERMINE,10155,W,KENNEDY EXPY IB,1654,,,,,,,2,NO INDICATION OF INJURY,0,0,0,0,0,3,0,10,6,7,,,
f718fe74af437e0adb9e14acdcb870592c1573937a3238bf4fe1dccd46dadf70ed14db979679d78c587d4e835cead2980b290936d30420a6073315b837773f96,,07/18/2025 10:15:00 AM,30,NO CONTROLS,NO CONTROLS,CLEAR,DAYLIGHT,SIDESWIPE SAME DIRECTION,DIVIDED - W/MEDIAN BARRIER,,STRAIGHT AND LEVEL,DRY,NO DEFECTS,ON SCENE,INJURY AND / OR TOW DUE TO CRASH,,,,"OVER $1,500",07/18/2025 10:38:00 AM,FAILING TO YIELD RIGHT-OF-WAY,FAILING TO YIELD RIGHT-OF-WAY,1650,W,ROOSEVELT RD,1231,,,,,,,2,"REPORTED, NOT EVIDENT",2,0,0,0,2,1,0,10,6,7,41.8669689161,-87.6684644985,POINT (-87.668464498461 41.866968916122)
1ca2c18e174080f9e2b5d53814fcbeb2aaa6896bf2f1131a9f22f90ea91090f552683754ceba205f30ac39a147671f8baab8dab3aebb89f1cd5a17f9d4f7db53,,07/18/2025 10:11:00 AM,30,NO CONTROLS,NO CONTROLS,CLEAR,DAYLIGHT,PEDALCYCLIST,ONE-WAY,,STRAIGHT AND LEVEL,DRY,NO DEFECTS,ON SCENE,INJURY AND / OR TOW DUE TO CRASH,,,,$500 OR LESS,07/18/2025 10:11:00 AM,FAILING TO YIELD RIGHT-OF-WAY,FAILING TO YIELD RIGHT-OF-WAY,1754,E,71ST ST,332,,N,,,,,2,NONINCAPACITATING INJURY,1,0,0,1,0,1,0,10,6,7,41.7662989456,-87.5815264142,POINT (-87.581526414155 41.76629894557)
45267b717897a0c963be8ab3ec744803d039af751c0781ec2af98a8bebe66431107c13df14338fc7bebb574f6fd7bc277b8e6fed4773f702ba1dd736ea5ce0a8,,07/18/2025 10:00:00 AM,30,NO CONTROLS,NO CONTROLS,CLEAR,DAYLIGHT,REAR END,ONE-WAY,,STRAIGHT AND LEVEL,DRY,NO DEFECTS,NOT ON SCENE (DESK REPORT),NO INJURY / DRIVE AWAY,,,,$500 OR LESS,07/18/2025 12:25:00 PM,FAILING TO YIELD RIGHT-OF-WAY,NOT APPLICABLE,4747,W,PATTERSON AVE,1731,,,,,,,2,NO INDICATION OF INJURY,0,0,0,0,0,2,0,10,6,7,41.9469300667,-87.7462389541,POINT (-87.74623895407 41.946930066729)
767af5ca5887abac442938281664f41201998dd043d1ef52a1bc7e3739c660ffded86f25a68b82a4a82c13d6c83dac9cd0ff0926da89ee53c06332d3f2ab6d1e,,07/18/2025 09:45:00 AM,30,TRAFFIC SIGNAL,FUNCTIONING PROPERLY,CLEAR,DAYLIGHT,TURNING,FOUR WAY,,STRAIGHT AND LEVEL,DRY,NO DEFECTS,ON SCENE,INJURY AND / OR TOW DUE TO CRASH,Y,Y,,"OVER $1,500",07/18/2025 09:47:00 AM,UNABLE TO DETERMINE,UNABLE TO DETERMINE,4400,W,LAKE ST,1113,,Y,,,,,2,NONINCAPACITATING INJURY,2,0,0,2,0,3,0,9,6,7,41.8861404114,-87.7357597022,POINT (-87.735759702159 41.886140411405)
be51e5ead035b3db67f88287c886e7c50cead4da6acf997d2594e58fca93cbe109279555c0002b7f8faa5d8fdd53cc3b9da6062791545448f211f26af3bc2e6b,,07/18/2025 09:45:00 AM,30,TRAFFIC SIGNAL,FUNCTIONING PROPERLY,CLEAR,DAYLIGHT,REAR END,NOT DIVIDED,,STRAIGHT AND LEVEL,DRY,NO DEFECTS,NOT ON SCENE (DESK REPORT),NO INJURY / DRIVE AWAY,Y,,Y,"OVER $1,500",07/18/2025 10:00:00 AM,FOLLOWING TOO CLOSELY,NOT APPLICABLE,1401,W,87TH ST,2222,,,,,,,2,NO INDICATION OF INJURY,0,0,0,0,0,2,0,9,6,7,41.7357510703,-87.6582628664,POINT (-87.658262866351 41.735751070273)
4262c84a9f0253304fd98b18230dd2023ec2d6e233b18314c7e605a790fe576dbdd9adeb01b9add6fb5e69bfc95001d816bdc37c471c854bd4c3d2f17ccfff9a,,07/18/2025 09:42:00 AM,30,NO CONTROLS,NO CONTROLS,CLEAR,DAYLIGHT,PARKED MOTOR VEHICLE,DIVIDED - W/MEDIAN BARRIER,,STRAIGHT AND LEVEL,DRY,NO DEFECTS,ON SCENE,NO INJURY / DRIVE AWAY,,,Y,"$501 - $1,500",07/18/2025 09:42:00 AM,UNABLE TO DETERMINE,UNABLE TO DETERMINE,914,S,WESTERN AVE,1135,,,,,,,2,NO INDICATION OF INJURY,0,0,0,0,0,1,0,9,6,7,41.8697597563,-87.6862726898,POINT (-87.686272689755 41.869759756341)
6e8f912d95f3784bf6daffa1a6d889c4e18075424bd0f1b1a43ea73fc95e3327f72501b255eb9814445f5da39281d9413fc2b442c96f6f76636b10c466898c68,,07/18/2025 09:39:00 AM,30,NO CONTROLS,NO CONTROLS,CLEAR,DAYLIGHT,REAR END,NOT DIVIDED,,STRAIGHT AND LEVEL,DRY,NO DEFECTS,ON SCENE,INJURY AND / OR TOW DUE TO CRASH,,,,"OVER $1,500",07/18/2025 09:39:00 AM,UNABLE TO DETERMINE,UNABLE TO DETERMINE,1901,N,ASHLAND AVE,1433,,,,,,,2,NO INDICATION OF INJURY,0,0,0,0,0,2,0,9,6,7,41.9161435209,-87.667653473,POINT (-87.667653472958 41.91614352094)
7318b76a03a36e1656c597998d0b55e8c3680b9f73af8afb36a0b30ce4fcdfc3a649b9276c5d598d51d11934beb1428f89d1b2f3f5f7f18a2f9602918d4a3909,,07/18/2025 09:25:00 AM,30,TRAFFIC SIGNAL,FUNCTIONING PROPERLY,CLEAR,DAYLIGHT,TURNING,NOT DIVIDED,,STRAIGHT AND LEVEL,DRY,NO DEFECTS,NOT ON SCENE (DESK REPORT),NO INJURY / DRIVE AWAY,Y,,Y,$500 OR LESS,07/18/2025 09:55:00 AM,UNABLE TO DETERMINE,IMPROPER TURNING/NO SIGNAL,630,N,FRANKLIN ST,1831,,,,,,,2,NO INDICATION OF INJURY,0,0,0,0,0,3,0,9,6,7,41.8932056108,-87.6357624383,POINT (-87.635762438341 41.893205610823)
a4be1e5d16d70670df45fd9635ac05c4c2e192ed099879028f181b9517bb4f1ae54279b75dd7a9cb5f00c470d2f441d0af26f64512d32b365f426ba58ed7da07,,07/18/2025 09:20:00 AM,30,TRAFFIC SIGNAL,FUNCTIONING PROPERLY,CLEAR,DAYLIGHT,PEDALCYCLIST,NOT DIVIDED,,STRAIGHT AND LEVEL,DRY,NO DEFECTS,NOT ON SCENE (DESK REPORT),INJURY AND / OR TOW DUE TO CRASH,,,,"OVER $1,500",07/24/2025 06:00:00 PM,FAILING TO YIELD RIGHT-OF-WAY,UNABLE TO DETERMINE,3574,W,FULLERTON AVE,1413,,,,,,,2,NONINCAPACITATING INJURY,1,0,0,1,0,1,0,9,6,7,41.9247138751,-87.7169351566,POINT (-87.716935156593 41.92471387507)
584feeaa28e6b82d289a90fb848e1e7d4707c1df1f688a355c486b4acb017645da32206e1d21f7e258e64caf3b998957fd662aea9967ce0d9e88c2648462fb1c,,07/18/2025 09:10:00 AM,30,NO CONTROLS,NO CONTROLS,CLEAR,DAYLIGHT,TURNING,NOT DIVIDED,,STRAIGHT AND LEVEL,DRY,NO DEFECTS,NOT ON SCENE (DESK REPORT),NO INJURY / DRIVE AWAY,,,,"OVER $1,500",07/18/2025 09:20:00 AM,UNABLE TO DETERMINE,UNABLE TO DETERMINE,1140,W,DIVERSEY PKWY,1933,,,,,,,2,NO INDICATION OF INJURY,0,0,0,0,0,2,0,9,6,7,41.9326872782,-87.6575008977,POINT (-87.657500897685 41.932687278241)
bdaf17c58e2c97fb70b049c6499235a19005699aa584a9824a76e7e6eb496146b5df29046973d27a6b34374107d6239e01a173ca87ba6e44596e0fd32bb606f3,,07/18/2025 09:07:00 AM,30,NO CONTROLS,NO CONTROLS,CLEAR,DAYLIGHT,PARKED MOTOR VEHICLE,NOT DIVIDED,,STRAIGHT AND LEVEL,DRY,NO DEFECTS,NOT ON SCENE (DESK REPORT),NO INJURY / DRIVE AWAY,,,,$500 OR LESS,07/18/2025 10:08:00 AM,UNABLE TO DETERMINE,NOT APPLICABLE,1700,N,FRANCISCO AVE,1421,,,,,,,2,NO INDICATION OF INJURY,0,0,0,0,0,1,0,9,6,7,41.9124154027,-87.6992969586,POINT (-87.699296958598 41.912415402739)
498e81c5071d251ec9f2d764c2baedb40adb8a245836779a0ad6e28c8faf68a6b6546207439e1f28cc4863518972d8572ee95cd09b2b05f4b2747f271d736aca,,07/18/2025 09:05:00 AM,30,TRAFFIC SIGNAL,FUNCTIONING PROPERLY,CLEAR,DAYLIGHT,REAR END,NOT DIVIDED,,STRAIGHT AND LEVEL,DRY,NO DEFECTS,NOT ON SCENE (DESK REPORT),NO INJURY / DRIVE AWAY,,,Y,"OVER $1,500",07/18/2025 12:00:00 PM,FAILING TO YIELD RIGHT-OF-WAY,NOT APPLICABLE,437,W,DIVISION ST,1823,,,,,,,2,NO INDICATION OF INJURY,0,0,0,0,0,3,0,9,6,7,41.9036615127,-87.6396656156,POINT (-87.639665615624 41.903661512678)
788eeb143e562b1d1de66ab33e61126f8e1ee8c712996265f5bfb44f35c16a8944fd81014d6ff97ecdfe235166bbc2d03568a8586cb93d15d242e274560c3276,,07/18/2025 09:00:00 AM,30,STOP SIGN/FLASHER,NO CONTROLS,CLEAR,DAYLIGHT,PARKED MOTOR VEHICLE,ALLEY,,STRAIGHT AND LEVEL,DRY,NO DEFECTS,NOT ON SCENE (DESK REPORT),NO INJURY / DRIVE AWAY,,,Y,"$501 - $1,500",07/18/2025 11:30:00 AM,IMPROPER BACKING,IMPROPER BACKING,5949,N,LAKEWOOD AVE,2013,,,,,,,2,NO INDICATION OF INJURY,0,0,0,0,0,1,0,9,6,7,41.9905256179,-87.6625646074,POINT (-87.662564607434 41.990525617927)
cf6bf0d1fbeaf52043aa597057555769cc898dd8191d782e62bd917fb0ed77c956c585edcf378b900ee83651e377a636cf04e485a2f2afd644e1e0161cc32106,,07/18/2025 09:00:00 AM,15,NO CONTROLS,NO CONTROLS,CLEAR,DAYLIGHT,REAR TO SIDE,PARKING LOT,,STRAIGHT AND LEVEL,DRY,NO DEFECTS,NOT ON SCENE (DESK REPORT),NO INJURY / DRIVE AWAY,,,,"OVER $1,500",08/15/2025 07:40:00 PM,UNABLE TO DETERMINE,NOT APPLICABLE,711,W,JACKSON BLVD,121,,,,,,,2,NO INDICATION OF INJURY,0,0,0,0,0,2,0,9,6,7,41.8778717386,-87.6445094596,POINT (-87.644509459649 41.877871738632)
e01c470fc017fc451c49cd65b726b0445abd777a1b51daac356cd441cb4e304c5642e20ad99947ae508e66df9fccfdb21bd7aad7b74dab43c02dcc19e6811aa1,,07/18/2025 09:00:00 AM,30,STOP SIGN/FLASHER,NO CONTROLS,CLEAR,DAYLIGHT,REAR TO SIDE,FOUR WAY,,STRAIGHT AND LEVEL,DRY,NO DEFECTS,ON SCENE,INJURY AND / OR TOW DUE TO CRASH,N,,,"OVER $1,500",07/18/2025 09:00:00 AM,FAILING TO YIELD RIGHT-OF-WAY,UNABLE TO DETERMINE,1633,W,76TH ST,611,,,,,,,2,NONINCAPACITATING INJURY,2,0,0,1,1,2,0,9,6,7,41.7556864457,-87.6648460331,POINT (-87.664846033127 41.755686445703)
eff78077ba9ff54d1d398f27e3593e2337373bfd2bbda5af860e839bfa5b6dbcd6147681ed81e69f4ff609f025d0060c72b525a49784d9af2a463dfa98fc8865,,07/18/2025 09:00:00 AM,30,TRAFFIC SIGNAL,UNKNOWN,UNKNOWN,UNKNOWN,REAR END,DIVIDED - W/MEDIAN BARRIER,,STRAIGHT AND LEVEL,UNKNOWN,UNKNOWN,NOT ON SCENE (DESK REPORT),NO INJURY / DRIVE AWAY,Y,,,"OVER $1,500",07/21/2025 03:15:00 PM,UNABLE TO DETERMINE,UNABLE TO DETERMINE,1934,W,IRVING PARK RD,1912,,,,,,,2,NO INDICATION OF INJURY,0,0,0,0,0,3,0,9,6,7,41.9542799025,-87.6777321666,POINT (-87.677732166631 41.954279902549)
dab9fcc610a6556b13ee7b0dd82a2abc3162ba2a3004e6b3060658eb52936c53c50efce98c99d1d350a65c3f548f064bfee3be10c12b26791f54a24f3e719cfb,,07/18/2025 08:50:00 AM,30,NO CONTROLS,NO CONTROLS,CLEAR,DAYLIGHT,SIDESWIPE SAME DIRECTION,NOT DIVIDED,,STRAIGHT AND LEVEL,DRY,NO DEFECTS,ON SCENE,NO INJURY / DRIVE AWAY,Y,,Y,"OVER $1,500",07/18/2025 08:57:00 AM,FAILING TO YIELD RIGHT-OF-WAY,UNABLE TO DETERMINE,598,E,MORGAN DR,233,,,,,,,2,NO INDICATION OF INJURY,0,0,0,0,0,5,0,8,6,7,41.7933309935,-87.6111819605,POINT (-87.61118196049 41.793330993497)
f4f179f4326fa7b752fd58120455c94ea1c44b985d6e67271d33139c8ce592b7b949fe16f72cfc76ca6433284c4f892840a729dcbdd556df8e7e3160a7e79bf7,,07/18/2025 08:50:00 AM,25,TRAFFIC SIGNAL,FUNCTIONING PROPERLY,CLEAR,DAYLIGHT,REAR END,NOT DIVIDED,,STRAIGHT AND LEVEL,DRY,NO DEFECTS,NOT ON SCENE (DESK REPORT),NO INJURY / DRIVE AWAY,,,,"$501 - $1,500",07/18/2025 11:30:00 AM,FOLLOWING TOO CLOSELY,FAILING TO REDUCE SPEED TO AVOID CRASH,2702,N,CLYBOURN AVE,1931,,,,,,,2,NO INDICATION OF INJURY,0,0,0,0,0,3,0,8,6,7,41.9301038701,-87.6758105832,POINT (-87.675810583213 41.930103870107)
9e0d80a921b5d3039212461f0e0e0ee1c26615987f647f8ef304cd3470bc01c03f833c4a68f717699741f70680d57dc6b25d93e9ea7f67d38bf449c856300e8b,,07/18/2025 08:45:00 AM,30,NO CONTROLS,NO CONTROLS,CLEAR,DAYLIGHT,SIDESWIPE SAME DIRECTION,NOT DIVIDED,,STRAIGHT AND LEVEL,DRY,NO DEFECTS,ON SCENE,NO INJURY / DRIVE AWAY,,,,"OVER $1,500",07/18/2025 08:45:00 AM,IMPROPER OVERTAKING/PASSING,FAILING TO YIELD RIGHT-OF-WAY,300,E,MARQUETTE RD,322,,,,,,,2,NO INDICATION OF INJURY,0,0,0,0,0,2,0,8,6,7,41.7730209526,-87.6186397772,POINT (-87.618639777241 41.773020952557)
5a2d3b62446a5362fa2b5eae0d1fe8a8a7867931bd37bc8057fc5b1bbd4bed8154c4bcf467d4186f429a3546a3a8456cd541663a462ffa21f9b68d3430bde4dc,,07/18/2025 08:35:00 AM,30,YIELD,FUNCTIONING PROPERLY,CLEAR,DAYLIGHT,REAR END,FOUR WAY,,STRAIGHT AND LEVEL,DRY,NO DEFECTS,ON SCENE,NO INJURY / DRIVE AWAY,Y,,,"$501 - $1,500",07/18/2025 08:49:00 AM,FOLLOWING TOO CLOSELY,FOLLOWING TOO CLOSELY,203,N,KEDZIE AVE,1222,,,,,,,3,NO INDICATION OF INJURY,0,0,0,0,0,6,0,8,6,7,41.8844694253,-87.7060757981,POINT (-87.706075798104 41.884469425282)
61e501a6b3c80d772c1331e2522ce1c486f9d73cc28afbfbff50dad862ebf31bf0d673a87606908472e83ae21e5c64dde2eabc254ad073d9f1b4949ef01fda82,Y,07/18/2025 08:30:00 AM,30,NO CONTROLS,UNKNOWN,UNKNOWN,UNKNOWN,PARKED MOTOR VEHICLE,NOT DIVIDED,,STRAIGHT AND LEVEL,UNKNOWN,UNKNOWN,NOT ON SCENE (DESK REPORT),NO INJURY / DRIVE AWAY,,,Y,"$501 - $1,500",07/18/2025 10:15:00 AM,UNABLE TO DETERMINE,NOT APPLICABLE,5598,W,52ND ST,814,,,,,,,2,NO INDICATION OF INJURY,0,0,0,0,0,1,0,8,6,7,41.7983510298,-87.7624110171,POINT (-87.762411017149 41.798351029771)
175f1873563f92ec2defdfee512df9e2ebf02195a480923cf567efdf896ae015c17b0727812e50280d7185e93de19a49269434f40f517975cfdab78887f7df89,,07/18/2025 08:20:00 AM,10,NO CONTROLS,NO CONTROLS,CLEAR,DAYLIGHT,PARKED MOTOR VEHICLE,PARKING LOT,,STRAIGHT AND LEVEL,DRY,NO DEFECTS,ON SCENE,NO INJURY / DRIVE AWAY,,Y,Y,"OVER $1,500",07/18/2025 08:59:00 AM,UNABLE TO DETERMINE,UNABLE TO DETERMINE,11131,S,CORLISS AVE,531,,,,,,,2,NO INDICATION OF INJURY,0,0,0,0,0,1,0,8,6,7,41.6919560066,-87.6005582471,POINT (-87.60055824713 41.691956006633)
4c8cf04d45ba6511ffa3014b449e1e58f9e30faabca3fa4a61428b9e08e0525eefb25dcf43ed10d868eccae4c3a9ef3b585cdb4f07961c7481587010d650e7ae,,07/18/2025 08:20:00 AM,35,TRAFFIC SIGNAL,FUNCTIONING PROPERLY,CLEAR,DAYLIGHT,ANGLE,NOT DIVIDED,,STRAIGHT AND LEVEL,DRY,NO DEFECTS,ON SCENE,INJURY AND / OR TOW DUE TO CRASH,Y,,,"OVER $1,500",07/18/2025 08:35:00 AM,DISREGARDING TRAFFIC SIGNALS,NOT APPLICABLE,11857,S,ASHLAND AVE,524,,,,,,,3,NONINCAPACITATING INJURY,3,0,0,1,2,2,0,8,6,7,41.6776514303,-87.6612054322,POINT (-87.661205432191 41.677651430267)
31196c3ee6ecb3912f9e8d71d907432ee9ab197831bc1a862d4ff53e9328fbc6402b349c38319ff780f8edb4c3cbad5c177d7fa3f5d0e7d9c3b91a8d31e56470,,07/18/2025 08:17:00 AM,10,UNKNOWN,UNKNOWN,CLEAR,DAYLIGHT,PARKED MOTOR VEHICLE,OTHER,,STRAIGHT AND LEVEL,DRY,NO DEFECTS,NOT ON SCENE (DESK REPORT),NO INJURY / DRIVE AWAY,,,Y,$500 OR LESS,07/24/2025 12:17:00 PM,IMPROPER BACKING,UNABLE TO DETERMINE,4752,W,CHICAGO AVE,1111,,,,,,,2,NO INDICATION OF INJURY,0,0,0,0,0,1,0,8,6,7,41.895116516,-87.7456196458,POINT (-87.745619645799 41.895116516031)
2ff4474cbb4d8ed7c8e09857730b9b04d46ad2c5f0d37cea5f5fcfb2c4f3f81e14a52782d9461014e5dad9f0ed6f7354a4e819350a5ee4732bd0a046f9e838e7,,07/18/2025 08:11:00 AM,30,NO CONTROLS,NO CONTROLS,CLEAR,DAYLIGHT,PEDESTRIAN,DIVIDED - W/MEDIAN (NOT RAISED),,STRAIGHT AND LEVEL,DRY,NO DEFECTS,ON SCENE,INJURY AND / OR TOW DUE TO CRASH,,,,$500 OR LESS,07/18/2025 08:14:00 AM,UNABLE TO DETERMINE,NOT APPLICABLE,4556,N,SHERIDAN RD,1914,,,,,,,2,NONINCAPACITATING INJURY,1,0,0,1,0,1,0,8,6,7,41.9653198846,-87.6549314956,POINT (-87.654931495642 41.965319884586)
52ffdbdbb5361b0f8243040b4832537867199ba52dcd7a62fe7692dd08b6ac88f2958c3b4208d6f6ca9c63da37aaa578e281d4ff536e48ad5e50371a43a4c3fe,,07/18/2025 08:10:00 AM,30,UNKNOWN,UNKNOWN,CLEAR,DAYLIGHT,PARKED MOTOR VEHICLE,NOT DIVIDED,,STRAIGHT AND LEVEL,DRY,UNKNOWN,NOT ON SCENE (DESK REPORT),NO INJURY / DRIVE AWAY,,,Y,$500 OR LESS,07/18/2025 09:50:00 AM,UNABLE TO DETERMINE,UNABLE TO DETERMINE,5804,S,WESTERN AVE,824,,,,,,,2,NO INDICATION OF INJURY,0,0,0,0,0,1,0,8,6,7,41.7881505208,-87.6840246853,POINT (-87.684024685291 41.788150520767)
8a6973527fa0b048d44f511862cb2595bf5db819e34d74a5bdf49d2837b099d0cf1cd6d91275a949dca9172dedb81392e470bd776466d5283c45f5c48e0dec24,,07/18/2025 08:10:00 AM,30,STOP SIGN/FLASHER,FUNCTIONING PROPERLY,CLEAR,DAYLIGHT,ANGLE,OTHER,,STRAIGHT AND LEVEL,DRY,NO DEFECTS,ON SCENE,NO INJURY / DRIVE AWAY,Y,,,"OVER $1,500",07/18/2025 08:12:00 AM,DISREGARDING STOP SIGN,NOT APPLICABLE,6400,S,MARYLAND AVE,312,,,,,,,2,NO INDICATION OF INJURY,0,0,0,0,0,2,0,8,6,7,41.7786109444,-87.6047947203,POINT (-87.604794720251 41.77861094436)
089148752fbc0ac4b13fe45a05e683611cdcd3053add664fb007adb8e398ae7f706489a622cb08add7669c703fd2f291c71f1dd64a0b32b0396dfe59e26fbaf8,,07/18/2025 08:09:00 AM,25,STOP SIGN/FLASHER,FUNCTIONING PROPERLY,CLEAR,DAYLIGHT,SIDESWIPE SAME DIRECTION,PARKING LOT,,STRAIGHT AND LEVEL,DRY,NO DEFECTS,ON SCENE,NO INJURY / DRIVE AWAY,,Y,Y,"OVER $1,500",07/18/2025 08:36:00 AM,IMPROPER OVERTAKING/PASSING,UNABLE TO DETERMINE,4608,W,BELMONT AVE,1731,,,,,,,2,NO INDICATION OF INJURY,0,0,0,0,0,3,0,8,6,7,41.9389938243,-87.7426989895,POINT (-87.742698989467 41.938993824336)
b779fc6de12b07856220e454d40ea9244fa62e315b5482310d2c8ba0a73cfb9d9785794a07df28d5547d5f9e399bf1136d9d26a3553f7ccac86d6f99f709372a,Y,07/18/2025 08:07:00 AM,30,NO CONTROLS,NO CONTROLS,CLEAR,DAYLIGHT,SIDESWIPE SAME DIRECTION,DIVIDED - W/MEDIAN (NOT RAISED),,STRAIGHT AND LEVEL,DRY,NO DEFECTS,NOT ON SCENE (DESK REPORT),NO INJURY / DRIVE AWAY,,,,$500 OR LESS,07/18/2025 08:25:00 AM,UNABLE TO DETERMINE,UNABLE TO DETERMINE,4300,N,WESTERN AVE,1911,,,,,,,2,NO INDICATION OF INJURY,0,0,0,0,0,3,0,8,6,7,41.9595352352,-87.6887778777,POINT (-87.688777877678 41.959535235203)