CRASH_RECORD_ID,CRASH_DATE_EST_I,CRASH_DATE,POSTED_SPEED_LIMIT,TRAFFIC_CONTROL_DEVICE,DEVICE_CONDITION,WEATHER_CONDITION,LIGHTING_CONDITION,FIRST_CRASH_TYPE,TRAFFICWAY_TYPE,LANE_CNT,ALIGNMENT,ROADWAY_SURFACE_COND,ROAD_DEFECT,REPORT_TYPE,CRASH_TYPE,INTERSECTION_RELATED_I,NOT_RIGHT_OF_WAY_I,HIT_AND_RUN_I,DAMAGE,DATE_POLICE_NOTIFIED,PRIM_CONTRIBUTORY_CAUSE,SEC_CONTRIBUTORY_CAUSE,STREET_NO,STREET_DIRECTION,STREET_NAME,BEAT_OF_OCCURRENCE,PHOTOS_TAKEN_I,STATEMENTS_TAKEN_I,DOORING_I,WORK_ZONE_I,WORK_ZONE_TYPE,WORKERS_PRESENT_I,NUM_UNITS,MOST_SEVERE_INJURY,INJURIES_TOTAL,INJURIES_FATAL,INJURIES_INCAPACITATING,INJURIES_NON_INCAPACITATING,INJURIES_REPORTED_NOT_EVIDENT,INJURIES_NO_INDICATION,INJURIES_UNKNOWN,CRASH_HOUR,CRASH_DAY_OF_WEEK,CRASH_MONTH,LATITUDE,LONGITUDE,LOCATION
6a2842296a1c7322a908305709aaa1c5b6062e0da0fff0d9bb5fb6c36311ab8441bdadd165559327a7e73069ddee2c06cad984bece097f4c4a8ddaee30d0fb0f,,07/18/2025 08:00:00 AM,30,TRAFFIC SIGNAL,FUNCTIONING PROPERLY,CLEAR,DAYLIGHT,REAR END,NOT DIVIDED,,STRAIGHT AND LEVEL,DRY,UNKNOWN,ON SCENE,INJURY AND / OR TOW DUE TO CRASH,,,Y,"OVER $1,500",07/18/2025 08:15:00 AM,UNABLE TO DETERMINE,UNABLE TO DETERMINE,4798,W,83RD ST,834,,,,,,,2,NO INDICATION OF INJURY,0,0,0,0,0,2,0,8,6,7,41.742009744,-87.741108545,POINT (-87.741108545013 41.742009743955)
e3a58b8ebebd15bc152ef3413612773a7cf49b7b411c9334b1fd570efd0ecfc85ff6042096ca0d6f098ca5fe5e814e24e3eee1017308374a186bd6292814417e,,07/18/2025 07:53:00 AM,30,NO CONTROLS,NO CONTROLS,CLEAR,DAYLIGHT,ANGLE,OTHER,,STRAIGHT AND LEVEL,DRY,NO DEFECTS,,INJURY AND / OR TOW DUE TO CRASH,,,,"OVER $1,500",07/18/2025 07:53:00 AM,NOT APPLICABLE,NOT APPLICABLE,1640,W,77TH ST,611,,,,,,,5,NO INDICATION OF INJURY,0,0,0,0,0,5,0,7,6,7,41.7540823075,-87.6651431176,POINT (-87.665143117561 41.754082307456)
47d7f9b025e5daa31eb246719ef46ef7615248d46083e58e6b57d6058793fa2d9ab1399651a6b855395d00390264340eca619a3f7a028ea622b13a2203bdaadd,,07/18/2025 07:30:00 AM,10,NO CONTROLS,NO CONTROLS,CLEAR,DAYLIGHT,PARKED MOTOR VEHICLE,PARKING LOT,,STRAIGHT AND LEVEL,DRY,NO DEFECTS,ON SCENE,NO INJURY / DRIVE AWAY,,N,,"$501 - $1,500",07/18/2025 07:31:00 AM,UNABLE TO DETERMINE,NOT APPLICABLE,11505,S,WESTERN AVE,2212,,,,,,,2,NO INDICATION OF INJURY,0,0,0,0,0,1,0,7,6,7,41.6843079596,-87.6807747217,POINT (-87.680774721691 41.68430795958)
16f8a3be8f4baa6992d750825ca7baa7ef01645d1c27504e776abb4d9a147fe2080791956d1d27c5a5ea408079391808235ead283982a331905d0bcaf26fc285,,07/18/2025 07:15:00 AM,30,STOP SIGN/FLASHER,FUNCTIONING PROPERLY,CLEAR,DAYLIGHT,PEDALCYCLIST,FOUR WAY,,STRAIGHT AND LEVEL,DRY,NO DEFECTS,NOT ON SCENE (DESK REPORT),INJURY AND / OR TOW DUE TO CRASH,Y,,,"OVER $1,500",07/19/2025 10:24:00 AM,FAILING TO YIELD RIGHT-OF-WAY,NOT APPLICABLE,1200,W,LAKE ST,1215,,,,,,,2,"REPORTED, NOT EVIDENT",1,0,0,0,1,1,0,7,6,7,41.8856113636,-87.6569063887,POINT (-87.65690638872 41.885611363563)
1b10f16633e40b81a7ed96a162c427614abccb7f5849f4d812356ecf98cb6da9b9345401b6cdc4cc01afee4dbbe9f1be1a6f0a36ca999b209d39b29d31b4ad47,,07/18/2025 07:00:00 AM,20,NO CONTROLS,NO CONTROLS,CLEAR,DAYLIGHT,TURNING,NOT DIVIDED,,STRAIGHT AND LEVEL,UNKNOWN,UNKNOWN,,INJURY AND / OR TOW DUE TO CRASH,,,,"$501 - $1,500",07/18/2025 07:10:00 AM,"VISION OBSCURED (SIGNS, TREE LIMBS, BUILDINGS, ETC.)","VISION OBSCURED (SIGNS, TREE LIMBS, BUILDINGS, ETC.)",1222,W,14TH ST,1233,,,,,,,2,NO INDICATION OF INJURY,0,0,0,0,0,2,0,7,6,7,41.8635222733,-87.6571881626,POINT (-87.657188162633 41.863522273322)
6484342b7a473e010fe718b4bdb35e8de07aa186d220f953dc2e89b4b35699170b3be7c3ecb9cddf041db5ee8992294ffccb78f60301f401649a78cb40ab5057,,07/18/2025 07:00:00 AM,30,NO CONTROLS,NO CONTROLS,CLEAR,DAYLIGHT,TURNING,T-INTERSECTION,,STRAIGHT AND LEVEL,DRY,NO DEFECTS,NOT ON SCENE (DESK REPORT),NO INJURY / DRIVE AWAY,,,,"$501 - $1,500",07/18/2025 07:00:00 AM,FAILING TO YIELD RIGHT-OF-WAY,FAILING TO YIELD RIGHT-OF-WAY,2000,W,JARVIS AVE,2424,,,,,,,2,NO INDICATION OF INJURY,0,0,0,0,0,2,0,7,6,7,42.0152320103,-87.6805415998,POINT (-87.680541599757 42.015232010315)
c3ceefbc96da134b420637fe70505b7cb3ba8b7e20e3340d9ce556ad4394851012dd1086687a81dfd143b0ea4934c763d59554fcd81593d4adcad3d5b32a3463,,07/18/2025 07:00:00 AM,25,NO CONTROLS,NO CONTROLS,UNKNOWN,UNKNOWN,PARKED MOTOR VEHICLE,DIVIDED - W/MEDIAN (NOT RAISED),,STRAIGHT AND LEVEL,UNKNOWN,UNKNOWN,NOT ON SCENE (DESK REPORT),NO INJURY / DRIVE AWAY,,,Y,"OVER $1,500",07/23/2025 01:14:00 PM,IMPROPER BACKING,IMPROPER BACKING,7411,N,CAMPBELL AVE,2411,,,,,,,2,NO INDICATION OF INJURY,0,0,0,0,0,1,0,7,6,7,42.0162141171,-87.692419126,POINT (-87.692419126023 42.01621411705)
b8c63f06d999875dd25118eda8833dcd27d8c8e6b166f049e5d33fc66698e1ac62c7e434693c540d73dcc2bea046afed7e2edecb8352b5c049a5acadc0e9ff15,,07/18/2025 06:58:00 AM,10,NO CONTROLS,NO CONTROLS,CLEAR,DAYLIGHT,PARKED MOTOR VEHICLE,PARKING LOT,,STRAIGHT AND LEVEL,DRY,UNKNOWN,ON SCENE,NO INJURY / DRIVE AWAY,,Y,,"$501 - $1,500",07/18/2025 08:25:00 AM,UNABLE TO DETERMINE,UNABLE TO DETERMINE,3246,E,118TH ST,433,,,,,,,2,NO INDICATION OF INJURY,0,0,0,0,0,2,0,6,6,7,41.6810726484,-87.5447499159,POINT (-87.54474991595 41.681072648375)
3e7a36698362062843b8f3b27b9dd31a00a2880d169840e9ee4e936e07051bb2ef2ca06c68e37bc0bf27f8b4406421e88e88b89bea3acd49421614aafdbbc22a,,07/18/2025 06:50:00 AM,30,TRAFFIC SIGNAL,FUNCTIONING PROPERLY,CLEAR,DAYLIGHT,TURNING,FOUR WAY,,STRAIGHT AND LEVEL,DRY,NO DEFECTS,ON SCENE,INJURY AND / OR TOW DUE TO CRASH,Y,,,"OVER $1,500",07/18/2025 07:04:00 AM,FAILING TO YIELD RIGHT-OF-WAY,NOT APPLICABLE,4800,N,CICERO AVE,1623,,,,,,,2,NO INDICATION OF INJURY,0,0,0,0,0,2,0,6,6,7,41.9680480073,-87.7478759847,POINT (-87.747875984681 41.968048007294)
5da8591bb07ab472e1462fb77845cc346c1bb812d6087098f29077214508a9664b90c17895033303392d0a8114a36df1156760ff4f639aff1ca0c6303f610067,,07/18/2025 06:35:00 AM,30,NO CONTROLS,NO CONTROLS,CLEAR,DAYLIGHT,SIDESWIPE SAME DIRECTION,DIVIDED - W/MEDIAN (NOT RAISED),,STRAIGHT AND LEVEL,DRY,NO DEFECTS,ON SCENE,NO INJURY / DRIVE AWAY,,,Y,"OVER $1,500",07/18/2025 06:43:00 AM,"OPERATING VEHICLE IN ERRATIC, RECKLESS, CARELESS, NEGLIGENT OR AGGRESSIVE MANNER",UNABLE TO DETERMINE,6255,S,WESTERN AVE,825,,,,,,,2,NO INDICATION OF INJURY,0,0,0,0,0,2,0,6,6,7,41.7794243354,-87.6834989393,POINT (-87.683498939297 41.779424335378)
bf894ec6cf7ff0a733724362264657c439f4fb3ad5b50097921a8870bda47ec1daff89eb7006e7c412c30085a0c7a7a448171e8cbe1aaa1f75ee35423134d8d3,,07/18/2025 06:03:00 AM,10,NO CONTROLS,NO CONTROLS,CLEAR,DAYLIGHT,SIDESWIPE SAME DIRECTION,ONE-WAY,,STRAIGHT AND LEVEL,DRY,NO DEFECTS,ON SCENE,NO INJURY / DRIVE AWAY,,,,"OVER $1,500",07/18/2025 06:05:00 AM,FAILING TO YIELD RIGHT-OF-WAY,NOT APPLICABLE,5701,S,CICERO AVE,813,,,,,,,2,NO INDICATION OF INJURY,0,0,0,0,0,2,0,6,6,7,41.7893386418,-87.7413525626,POINT (-87.741352562622 41.789338641753)
97db0d679816ba289df097f3607e12f604431737e0ad115926f7ce17bde07f46fa9c778304ded7e97114842e6ce388970e7127a396f7c989d930c5d48be9e8b0,Y,07/18/2025 06:01:00 AM,30,STOP SIGN/FLASHER,FUNCTIONING PROPERLY,CLEAR,DAYLIGHT,TURNING,FOUR WAY,,STRAIGHT AND LEVEL,DRY,UNKNOWN,ON SCENE,NO INJURY / DRIVE AWAY,Y,,,"OVER $1,500",07/18/2025 06:01:00 AM,UNABLE TO DETERMINE,UNABLE TO DETERMINE,11498,S,DOTY AVE E,531,,,,,,,2,NO INDICATION OF INJURY,0,0,0,0,0,2,0,6,6,7,41.6862050128,-87.6005159848,POINT (-87.600515984751 41.686205012765)
530e3ce51f46cabf613dffd3089c8ae1a2daa336585882a690a41511a19df1005d1746000d78fe5e14611bd43ee88b51551998803b3e00d179648f7171c9dfad,,07/18/2025 05:15:00 AM,30,NO CONTROLS,NO CONTROLS,CLEAR,DAWN,PARKED MOTOR VEHICLE,DIVIDED - W/MEDIAN (NOT RAISED),,STRAIGHT AND LEVEL,DRY,UNKNOWN,NOT ON SCENE (DESK REPORT),INJURY AND / OR TOW DUE TO CRASH,,,,"OVER $1,500",07/18/2025 06:05:00 AM,FAILING TO REDUCE SPEED TO AVOID CRASH,UNABLE TO DETERMINE,2216,N,CENTRAL AVE,2515,,,,,,,2,NO INDICATION OF INJURY,0,0,0,0,0,1,0,5,6,7,41.9209313732,-87.7660219722,POINT (-87.766021972239 41.920931373178)
9533ffbf5489b79705f5c778bf5f9b3a03302b0c87f5c149fc9958b62e20f9bb127c2223ccef7bea05051740de0402dcbc927b2f497b2be39d56167ff4355e5b,,07/18/2025 05:05:00 AM,30,NO CONTROLS,NO CONTROLS,CLEAR,DAYLIGHT,FIXED OBJECT,RAMP,,STRAIGHT AND LEVEL,DRY,NO DEFECTS,NOT ON SCENE (DESK REPORT),INJURY AND / OR TOW DUE TO CRASH,,,,"OVER $1,500",07/18/2025 05:05:00 AM,DISTRACTION - FROM INSIDE VEHICLE,UNABLE TO DETERMINE,5017,N,LAKE SHORE DR NB,2024,,Y,,,,,1,NONINCAPACITATING INJURY,2,0,0,2,0,0,0,5,6,7,41.9740771849,-87.6489466857,POINT (-87.648946685746 41.974077184871)
316c76448e5f9df8b206f846d31db25de2906e43f19a27435a0cd3d2b66d0d8e51049e905f515bc7a92d4caaeb2101cbc5ca22328c3fa173b8003de99ebf6bde,,07/18/2025 05:02:00 AM,30,TRAFFIC SIGNAL,FUNCTIONING PROPERLY,CLEAR,DAWN,FIXED OBJECT,FOUR WAY,,STRAIGHT AND LEVEL,DRY,NO DEFECTS,ON SCENE,NO INJURY / DRIVE AWAY,,,,"OVER $1,500",07/18/2025 05:40:00 AM,DRIVING SKILLS/KNOWLEDGE/EXPERIENCE,UNABLE TO DETERMINE,4798,N,CICERO AVE,1623,,,,,,,1,NO INDICATION OF INJURY,0,0,0,0,0,1,0,5,6,7,41.96793883,-87.7478691387,POINT (-87.747869138702 41.967938830031)
a89e3cb9c0dddc39f34b6b2f11da16987de02d73b6412332227dd2a5f5b2bbd12ff19122de8a8ede453a5000fbad62d326c6a476e92247ac2e746a2a627131c0,,07/18/2025 05:00:00 AM,30,NO CONTROLS,NO CONTROLS,UNKNOWN,UNKNOWN,SIDESWIPE SAME DIRECTION,NOT DIVIDED,,STRAIGHT AND LEVEL,UNKNOWN,UNKNOWN,,NO INJURY / DRIVE AWAY,,,,"OVER $1,500",07/18/2025 05:00:00 AM,UNABLE TO DETERMINE,NOT APPLICABLE,4423,N,CENTRAL AVE,1623,,,,,,,2,NO INDICATION OF INJURY,0,0,0,0,0,2,0,5,6,7,41.9611770053,-87.767119382,POINT (-87.767119382011 41.961177005348)
e0eab81a2d388b5abdcdf1117b6b066638203d1a113b1b407fae475358c6e9a5c5854af34487d5c3fabc222f0429f20a6533ce5ff07020f08c974b5b5aa731bd,,07/18/2025 04:57:00 AM,30,NO CONTROLS,NO CONTROLS,CLEAR,DAYLIGHT,TURNING,NOT DIVIDED,,STRAIGHT AND LEVEL,DRY,NO DEFECTS,,INJURY AND / OR TOW DUE TO CRASH,,,,"OVER $1,500",07/18/2025 05:00:00 AM,UNABLE TO DETERMINE,NOT APPLICABLE,1929,W,43RD ST,924,,,,,,,3,NONINCAPACITATING INJURY,1,0,0,1,0,1,0,4,6,7,41.8156885861,-87.6736866449,POINT (-87.673686644915 41.81568858611)
695683123e418ca85de7d17ca47c06878e65f58c96c918ed0704ad51e4efb12b2bf1065e47c4305aaaa288a01803f340aa8cfff926d42f216d45473382c5057b,,07/18/2025 04:50:00 AM,30,NO CONTROLS,NO CONTROLS,CLEAR,DARKNESS,FIXED OBJECT,NOT DIVIDED,,STRAIGHT AND LEVEL,DRY,NO DEFECTS,NOT ON SCENE (DESK REPORT),INJURY AND / OR TOW DUE TO CRASH,,,,"OVER $1,500",07/18/2025 08:00:00 AM,DRIVING SKILLS/KNOWLEDGE/EXPERIENCE,DRIVING SKILLS/KNOWLEDGE/EXPERIENCE,3800,S,ARCHER AVE,911,,,,,,,1,NO INDICATION OF INJURY,0,0,0,0,0,1,0,4,6,7,41.8244562296,-87.6875515067,POINT (-87.687551506694 41.824456229628)
651b1d8cc5f6a8caae4ed51b53191764f6cdbdd1cc7b0629e40624cd8694421b0a9ee3b67e3870d55c8ca2dac63b4315ab8006a5d57131b640f04ee0fd3ce796,Y,07/18/2025 04:30:00 AM,30,NO CONTROLS,NO CONTROLS,CLEAR,DAYLIGHT,SIDESWIPE SAME DIRECTION,ONE-WAY,,STRAIGHT AND LEVEL,DRY,NO DEFECTS,NOT ON SCENE (DESK REPORT),INJURY AND / OR TOW DUE TO CRASH,,,Y,"OVER $1,500",07/18/2025 10:30:00 PM,UNABLE TO DETERMINE,UNABLE TO DETERMINE,8211,S,KENWOOD AVE,411,,,,,,,4,NO INDICATION OF INJURY,0,0,0,0,0,2,0,4,6,7,41.7455786736,-87.5915547601,POINT (-87.591554760101 41.745578673586)
815c6d4d55b63a0ba2feb133493b8d14b7d616022d9830e8bdb94ce5b4f152d8e4f44c009849295bdde1fea8ec284eadb637147aa87e8ac378c95a040a9514f8,,07/18/2025 04:25:00 AM,30,NO CONTROLS,NO CONTROLS,CLEAR,"DARKNESS, LIGHTED ROAD",SIDESWIPE SAME DIRECTION,ONE-WAY,,STRAIGHT AND LEVEL,DRY,NO DEFECTS,ON SCENE,INJURY AND / OR TOW DUE TO CRASH,,,Y,"OVER $1,500",07/18/2025 04:46:00 AM,IMPROPER OVERTAKING/PASSING,IMPROPER OVERTAKING/PASSING,8212,S,KENWOOD AVE,411,,Y,,,,,4,"REPORTED, NOT EVIDENT",1,0,0,0,1,1,0,4,6,7,41.7455182851,-87.5918465331,POINT (-87.591846533112 41.745518285054)
b6cbbef00f1ada211d76fc52e6b06e065e9e99c5ca7f7f3fc02a49e2bdeeca471ff81f64aedba879cc3e6f1b90a9821f8a566d48dfa5bcf2c8168f667ad47473,,07/18/2025 04:12:00 AM,30,TRAFFIC SIGNAL,UNKNOWN,CLEAR,"DARKNESS, LIGHTED ROAD",PEDESTRIAN,NOT DIVIDED,,STRAIGHT AND LEVEL,DRY,NO DEFECTS,NOT ON SCENE (DESK REPORT),NO INJURY / DRIVE AWAY,,,,"OVER $1,500",07/18/2025 11:15:00 AM,UNABLE TO DETERMINE,UNABLE TO DETERMINE,2000,W,DIVERSEY PKWY,1931,,,,,,,2,NO INDICATION OF INJURY,0,0,0,0,0,2,0,4,6,7,41.932394164,-87.6781730309,POINT (-87.678173030878 41.932394164037)
32b5aad64b9a84a57a72e698fda9632bcc8eb581a377fda05f85ba1d5bf4a6ffc441bbc4cb2c589a0723e16bc8b0e4851cebb19813927351a8f17e0ec94f6de3,,07/18/2025 03:19:00 AM,30,TRAFFIC SIGNAL,FUNCTIONING PROPERLY,CLEAR,"DARKNESS, LIGHTED ROAD",FIXED OBJECT,NOT DIVIDED,,STRAIGHT AND LEVEL,DRY,NO DEFECTS,ON SCENE,INJURY AND / OR TOW DUE TO CRASH,Y,,,"OVER $1,500",07/18/2025 03:20:00 AM,UNDER THE INFLUENCE OF ALCOHOL/DRUGS (USE WHEN ARREST IS EFFECTED),UNDER THE INFLUENCE OF ALCOHOL/DRUGS (USE WHEN ARREST IS EFFECTED),4359,W,BELMONT AVE,2523,,,,,,,1,NO INDICATION OF INJURY,0,0,0,0,0,1,0,3,6,7,41.9388524408,-87.736980572,POINT (-87.736980571951 41.938852440777)
66eddd76f964ba6cfb87306ddf4d0ffce8dcc37a3565635ab2af4355ed24c98e8fa37c1985f541fbea1c6353fc4bc5aee7be80dd8dc0eddef4b76a77ab3f7bc2,,07/18/2025 02:59:00 AM,30,NO CONTROLS,NO CONTROLS,CLEAR,"DARKNESS, LIGHTED ROAD",PARKED MOTOR VEHICLE,NOT DIVIDED,,STRAIGHT AND LEVEL,DRY,NO DEFECTS,ON SCENE,NO INJURY / DRIVE AWAY,,,,"OVER $1,500",07/18/2025 03:00:00 AM,UNDER THE INFLUENCE OF ALCOHOL/DRUGS (USE WHEN ARREST IS EFFECTED),UNDER THE INFLUENCE OF ALCOHOL/DRUGS (USE WHEN ARREST IS EFFECTED),4510,W,ADAMS ST,1113,,,,,,,2,NO INDICATION OF INJURY,0,0,0,0,0,1,0,2,6,7,41.8779349541,-87.7383445687,POINT (-87.73834456867 41.877934954137)
7da3ef77aaf7505709bcb7e13a2c22f4787f55c8a028dece258b6e68abf1435bfc4537491787a1627d1c627af0eee67e51532e0f9a9e8aead052c85b2ed6f1c4,,07/18/2025 02:15:00 AM,30,TRAFFIC SIGNAL,UNKNOWN,UNKNOWN,UNKNOWN,ANGLE,NOT DIVIDED,,STRAIGHT AND LEVEL,UNKNOWN,UNKNOWN,NOT ON SCENE (DESK REPORT),NO INJURY / DRIVE AWAY,,,,"OVER $1,500",07/19/2025 01:08:00 PM,UNABLE TO DETERMINE,UNABLE TO DETERMINE,5557,W,HIGGINS AVE,1623,,,,,,,2,NO INDICATION OF INJURY,0,0,0,0,0,2,0,2,6,7,41.9701153101,-87.7672016662,POINT (-87.767201666245 41.970115310057)
1d122706c5583aec45e61f964030a683af240b57d3553dd93928620c82157773d7dfda7d6d7e0b5946f49622e70a48365ec7c38339568c45d6de1f0b1c7e18ba,,07/18/2025 01:52:00 AM,30,NO CONTROLS,NO CONTROLS,CLEAR,"DARKNESS, LIGHTED ROAD",PARKED MOTOR VEHICLE,NOT DIVIDED,,STRAIGHT AND LEVEL,DRY,NO DEFECTS,ON SCENE,INJURY AND / OR TOW DUE TO CRASH,,,,"OVER $1,500",07/18/2025 02:06:00 AM,UNABLE TO DETERMINE,NOT APPLICABLE,1657,W,35TH ST,912,,,,,,,2,NO INDICATION OF INJURY,0,0,0,0,0,1,0,1,6,7,41.8303659008,-87.6678056624,POINT (-87.667805662387 41.830365900761)
4b2ff16e5aecaf1a45388cca84a18e756480d302c2f7787d360a5d6944a9b5eae45f7548483fd46b494db52bd7e00122a01ba908ed1edf38ad2cb61d83d1eeb7,,07/18/2025 01:10:00 AM,30,TRAFFIC SIGNAL,UNKNOWN,UNKNOWN,UNKNOWN,ANGLE,FOUR WAY,,STRAIGHT AND LEVEL,UNKNOWN,UNKNOWN,,INJURY AND / OR TOW DUE TO CRASH,Y,,,"OVER $1,500",07/18/2025 01:15:00 AM,UNABLE TO DETERMINE,NOT APPLICABLE,200,E,71ST ST,322,,,,,,,2,"REPORTED, NOT EVIDENT",1,0,0,0,1,1,0,1,6,7,41.7657235563,-87.6200202371,POINT (-87.62002023706 41.765723556348)
bbe7b7e4aa78e3614412c4ccc667e9be4a83b8679259f4339ba87491af1be9e66277a4441bce3198aa9228e05daeddce3b60785748eaa347c76b98c4f2af844b,,07/18/2025 01:02:00 AM,30,TRAFFIC SIGNAL,FUNCTIONING PROPERLY,CLEAR,"DARKNESS, LIGHTED ROAD",SIDESWIPE SAME DIRECTION,NOT DIVIDED,,STRAIGHT AND LEVEL,DRY,NO DEFECTS,ON SCENE,NO INJURY / DRIVE AWAY,,,Y,"OVER $1,500",07/18/2025 01:10:00 AM,FAILING TO YIELD RIGHT-OF-WAY,NOT APPLICABLE,4799,W,WILSON AVE,1722,,,,,,,2,NO INDICATION OF INJURY,0,0,0,0,0,2,0,1,6,7,41.9642572936,-87.7475999447,POINT (-87.747599944687 41.964257293642)
8c0aac1b601268be9a210444252e10935851b405d6cf6bdfe25fdce9007cb4bb1eab3fa3f26682d3085aa3c84dfb7fa47e71ff563fb9a16fa7630d2a39100c34,,07/18/2025 12:50:00 AM,30,NO CONTROLS,NO CONTROLS,CLEAR,"DARKNESS, LIGHTED ROAD",TURNING,NOT DIVIDED,,STRAIGHT AND LEVEL,DRY,UNKNOWN,NOT ON SCENE (DESK REPORT),NO INJURY / DRIVE AWAY,,,,"$501 - $1,500",07/18/2025 01:25:00 AM,FAILING TO YIELD RIGHT-OF-WAY,IMPROPER TURNING/NO SIGNAL,2257,N,LINCOLN AVE,1812,,,,,,,2,NO INDICATION OF INJURY,0,0,0,0,0,2,0,0,6,7,41.9232364217,-87.6454611606,POINT (-87.645461160595 41.923236421741)
53d570534a9f580fa8ff7b9c32e35fbf5406d1d93a2699b67c35ffec00e1611d0659be1966d03629bfd3086ff15e72111084129c4e67d3f876adf34a65fda32f,,07/18/2025 12:42:00 AM,20,NO CONTROLS,NO CONTROLS,CLEAR,"DARKNESS, LIGHTED ROAD",PARKED MOTOR VEHICLE,NOT DIVIDED,,STRAIGHT AND LEVEL,DRY,NO DEFECTS,ON SCENE,INJURY AND / OR TOW DUE TO CRASH,,,,"OVER $1,500",07/18/2025 12:51:00 AM,UNABLE TO DETERMINE,UNABLE TO DETERMINE,1442,W,HIGHLAND AVE,2433,,,,,,,4,NO INDICATION OF INJURY,0,0,0,0,0,1,0,0,6,7,41.9974076658,-87.6670869639,POINT (-87.667086963927 41.997407665803)
c226df5c2e2feff0a747fc6a8a78c29cf597addf71774c344686cf52f0db48e207628fcd9b8b896f6afb8f74124d5e8c7bf75a54d30f1b9d6e7b56727b3cc13c,,07/18/2025 12:31:00 AM,25,TRAFFIC SIGNAL,FUNCTIONING PROPERLY,CLEAR,"DARKNESS, LIGHTED ROAD",ANGLE,FOUR WAY,,STRAIGHT AND LEVEL,DRY,NO DEFECTS,,INJURY AND / OR TOW DUE TO CRASH,Y,,,"OVER $1,500",07/18/2025 12:32:00 AM,FAILING TO YIELD RIGHT-OF-WAY,DRIVING ON WRONG SIDE/WRONG WAY,6000,S,MICHIGAN AVE,311,Y,Y,,,,,3,NONINCAPACITATING INJURY,4,0,0,4,0,0,0,0,6,7,41.7854904316,-87.6223751217,POINT (-87.622375121725 41.785490431567)
7a57048c2c34377ef92f4deeb53a30e75f7353073562408aba185592cf9459e2491969e4cef06b43e7fbfe0f22a8f6a52b225f8b617114934c36519c85cb4914,,07/18/2025 12:16:00 AM,10,NO CONTROLS,NO CONTROLS,CLEAR,"DARKNESS, LIGHTED ROAD",PARKED MOTOR VEHICLE,PARKING LOT,,STRAIGHT AND LEVEL,DRY,NO DEFECTS,ON SCENE,NO INJURY / DRIVE AWAY,,,Y,"OVER $1,500",07/18/2025 12:16:00 AM,UNABLE TO DETERMINE,UNABLE TO DETERMINE,524,W,OHARE ST,1654,,,,,,,2,NO INDICATION OF INJURY,0,0,0,0,0,1,0,0,6,7,,,
1cd89b4daab81fec9532af5089a377bf2a5d86cbf0da02d927f91eaa792bad8f9e97f7e105068d6b5bc0122394216c27bc19438d62548ad69e5e9157e944b44b,,07/18/2025 12:09:00 AM,30,NO CONTROLS,NO CONTROLS,CLEAR,"DARKNESS, LIGHTED ROAD",PARKED MOTOR VEHICLE,NOT DIVIDED,,STRAIGHT AND LEVEL,DRY,NO DEFECTS,NOT ON SCENE (DESK REPORT),INJURY AND / OR TOW DUE TO CRASH,,,Y,"OVER $1,500",07/18/2025 12:09:00 AM,UNABLE TO DETERMINE,UNABLE TO DETERMINE,2433,W,40TH ST,921,,Y,,,,,5,NO INDICATION OF INJURY,0,0,0,0,0,1,0,0,6,7,41.820966564,-87.6860759354,POINT (-87.686075935387 41.820966564)
a6cfdd6c11cf0c30000288d842d6b889ae885879129880bf9e8e5f8145766e690bb17e0525d854fb1c21642cd60a1933144624d07d3db7366269366dcb746ec0,Y,07/18/2025 12:00:00 AM,30,TRAFFIC SIGNAL,FUNCTIONING PROPERLY,CLEAR,"DARKNESS, LIGHTED ROAD",PARKED MOTOR VEHICLE,NOT DIVIDED,,STRAIGHT AND LEVEL,DRY,NO DEFECTS,ON SCENE,NO INJURY / DRIVE AWAY,,,Y,"OVER $1,500",07/18/2025 08:06:00 AM,UNABLE TO DETERMINE,UNABLE TO DETERMINE,1402,W,GRAND AVE,1215,,,,,,,2,NO INDICATION OF INJURY,0,0,0,0,0,1,0,0,6,7,41.8911361776,-87.6624294283,POINT (-87.662429428303 41.891136177563)
2c9615b06dee5dbbc1ad4bfaf17ff71f5d920b45bb30afe70cf677107ddc924b4fe9211d92acb890551fc5a702979920cb82db151f658920c26f332f858e4249,Y,07/17/2025 11:50:00 PM,30,NO CONTROLS,NO CONTROLS,CLEAR,"DARKNESS, LIGHTED ROAD",SIDESWIPE SAME DIRECTION,NOT DIVIDED,,STRAIGHT AND LEVEL,DRY,NO DEFECTS,NOT ON SCENE (DESK REPORT),NO INJURY / DRIVE AWAY,,,,"OVER $1,500",07/18/2025 12:30:00 AM,IMPROPER OVERTAKING/PASSING,NOT APPLICABLE,6511,N,SHERIDAN RD,2432,,,,,,,2,NO INDICATION OF INJURY,0,0,0,0,0,2,0,23,5,7,42.0005516602,-87.6605694665,POINT (-87.660569466513 42.000551660155)