CRASH_RECORD_ID,CRASH_DATE_EST_I,CRASH_DATE,POSTED_SPEED_LIMIT,TRAFFIC_CONTROL_DEVICE,DEVICE_CONDITION,WEATHER_CONDITION,LIGHTING_CONDITION,FIRST_CRASH_TYPE,TRAFFICWAY_TYPE,LANE_CNT,ALIGNMENT,ROADWAY_SURFACE_COND,ROAD_DEFECT,REPORT_TYPE,CRASH_TYPE,INTERSECTION_RELATED_I,NOT_RIGHT_OF_WAY_I,HIT_AND_RUN_I,DAMAGE,DATE_POLICE_NOTIFIED,PRIM_CONTRIBUTORY_CAUSE,SEC_CONTRIBUTORY_CAUSE,STREET_NO,STREET_DIRECTION,STREET_NAME,BEAT_OF_OCCURRENCE,PHOTOS_TAKEN_I,STATEMENTS_TAKEN_I,DOORING_I,WORK_ZONE_I,WORK_ZONE_TYPE,WORKERS_PRESENT_I,NUM_UNITS,MOST_SEVERE_INJURY,INJURIES_TOTAL,INJURIES_FATAL,INJURIES_INCAPACITATING,INJURIES_NON_INCAPACITATING,INJURIES_REPORTED_NOT_EVIDENT,INJURIES_NO_INDICATION,INJURIES_UNKNOWN,CRASH_HOUR,CRASH_DAY_OF_WEEK,CRASH_MONTH,LATITUDE,LONGITUDE,LOCATION
e4b89fec677675b90104b623f70348c5eff6ed54c1e6609c2b618e21497d52c4488a1e3e1693648634c85867c14237073ab40064137ae4e85aed51891c0d6690,,07/17/2025 11:50:00 PM,30,NO CONTROLS,NO CONTROLS,CLEAR,"DARKNESS, LIGHTED ROAD",REAR END,DIVIDED - W/MEDIAN (NOT RAISED),,STRAIGHT AND LEVEL,DRY,NO DEFECTS,ON SCENE,INJURY AND / OR TOW DUE TO CRASH,,,Y,"OVER $1,500",07/18/2025 12:04:00 AM,FAILING TO REDUCE SPEED TO AVOID CRASH,UNABLE TO DETERMINE,2400,S,INDIANA AVE,132,,,,,,,2,"REPORTED, NOT EVIDENT",2,0,0,0,2,1,0,23,5,7,41.8492616288,-87.6223397056,POINT (-87.622339705556 41.849261628835)
7bbe00b27e67fd8c1ffcb6ce43018d3b990c9835d86c4d66926ea5e9404414be3b79db2ba1f4367c99938051cc107035e39e7bdb6407ee73033cabae5a44d706,,07/17/2025 11:45:00 PM,30,TRAFFIC SIGNAL,FUNCTIONING PROPERLY,CLEAR,"DARKNESS, LIGHTED ROAD",REAR END,NOT DIVIDED,,STRAIGHT AND LEVEL,DRY,NO DEFECTS,NOT ON SCENE (DESK REPORT),NO INJURY / DRIVE AWAY,Y,,,"$501 - $1,500",07/18/2025 12:30:00 AM,FOLLOWING TOO CLOSELY,UNABLE TO DETERMINE,2358,W,PRATT BLVD,2411,,,,,,,2,NO INDICATION OF INJURY,0,0,0,0,0,2,0,23,5,7,42.0051445345,-87.6899687325,POINT (-87.689968732521 42.005144534455)
2527ad97ea1ed2ca419647d41355b732c1565cc4ef3aadb08025aff892ef24b3a477d2d5672d16592c3798ed45c0a69371a329d2f7fc98fc41baa5cc9afe0f64,,07/17/2025 11:32:00 PM,30,TRAFFIC SIGNAL,FUNCTIONING PROPERLY,CLEAR,"DARKNESS, LIGHTED ROAD",SIDESWIPE SAME DIRECTION,NOT DIVIDED,,STRAIGHT AND LEVEL,DRY,UNKNOWN,ON SCENE,INJURY AND / OR TOW DUE TO CRASH,,,,"OVER $1,500",07/17/2025 11:41:00 PM,NOT APPLICABLE,NOT APPLICABLE,3404,N,CENTRAL AVE,1633,,,,,,,2,NO INDICATION OF INJURY,0,0,0,0,0,2,0,23,5,7,41.9423877953,-87.7667812724,POINT (-87.766781272449 41.942387795296)
32a03765bb353395644988793d093ea34a4059e3cd53eaa5655c3beb52caa848d56a98a097f7c6de63a874f39363ca0cbe6609238e2d26e988f4ac6ba9e7f082,,07/17/2025 11:30:00 PM,30,TRAFFIC SIGNAL,FUNCTIONING PROPERLY,CLEAR,"DARKNESS, LIGHTED ROAD",HEAD ON,DIVIDED - W/MEDIAN (NOT RAISED),,STRAIGHT AND LEVEL,DRY,NO DEFECTS,NOT ON SCENE (DESK REPORT),NO INJURY / DRIVE AWAY,,,Y,"OVER $1,500",07/23/2025 06:13:00 PM,UNABLE TO DETERMINE,NOT APPLICABLE,601,N,CENTRAL AVE,1524,,,,,,,2,NO INDICATION OF INJURY,0,0,0,0,0,2,0,23,5,7,41.8911908025,-87.7651047952,POINT (-87.765104795162 41.891190802528)
05f7b243f10e21f5b56d33bc6ed5a896154ca98dd6e316a805bd586ce2e0d2ef3c57a4ee212d613650a5d56dd8510d6b14ac04229eebae510f6ed96b1596e887,,07/17/2025 11:25:00 PM,30,NO CONTROLS,NO CONTROLS,CLEAR,DARKNESS,TURNING,DRIVEWAY,,STRAIGHT AND LEVEL,DRY,UNKNOWN,NOT ON SCENE (DESK REPORT),NO INJURY / DRIVE AWAY,,,Y,"OVER $1,500",07/18/2025 09:30:00 AM,FAILING TO YIELD RIGHT-OF-WAY,IMPROPER TURNING/NO SIGNAL,401,N,LARAMIE AVE,1532,,,,,,,2,NO INDICATION OF INJURY,0,0,0,0,0,2,0,23,5,7,41.8878690642,-87.7551926358,POINT (-87.755192635817 41.887869064154)
a1368158eb8226abe6b453190daaee41caaec64938ee0455ed8cc373851fbc3244381a9f03a11ed85a052bd9584cd796e9a24a179ffe1ae14cba7150993cfd54,,07/17/2025 11:20:00 PM,55,NO CONTROLS,NO CONTROLS,CLEAR,"DARKNESS, LIGHTED ROAD",SIDESWIPE SAME DIRECTION,DIVIDED - W/MEDIAN (NOT RAISED),,STRAIGHT AND LEVEL,DRY,NO DEFECTS,ON SCENE,NO INJURY / DRIVE AWAY,,,,"OVER $1,500",07/17/2025 11:25:00 PM,IMPROPER LANE USAGE,NOT APPLICABLE,5599,N,MANNHEIM RD,1654,,,,,,,2,NO INDICATION OF INJURY,0,0,0,0,0,2,0,23,5,7,41.9808559332,-87.8786426245,POINT (-87.878642624466 41.980855933167)
1bfd75c2923c7fd42c9b14609e1e3f390891cc499a57121e30381e68234f9214abd16b3b5477404b9cff701cf553817decbc843d3be9d66bdffb53d5270480c9,,07/17/2025 11:18:00 PM,30,NO CONTROLS,NO CONTROLS,CLEAR,"DARKNESS, LIGHTED ROAD",REAR TO SIDE,ALLEY,,STRAIGHT AND LEVEL,DRY,NO DEFECTS,,NO INJURY / DRIVE AWAY,,,Y,"OVER $1,500",07/18/2025 01:10:00 AM,UNABLE TO DETERMINE,NOT APPLICABLE,212,W,28TH PL,914,,,,,,,2,NO INDICATION OF INJURY,0,0,0,0,0,3,0,23,5,7,41.8427295291,-87.6323989236,POINT (-87.632398923637 41.842729529118)
8e92e8cde512e8a89a9305c35a88447ecda53fec74159269d509efadacf809051399d1baae68bb34b034050e9c67f82c924f52a651b2013f4301c878300a6533,,07/17/2025 11:08:00 PM,30,NO CONTROLS,NO CONTROLS,CLEAR,"DARKNESS, LIGHTED ROAD",SIDESWIPE SAME DIRECTION,DIVIDED - W/MEDIAN (NOT RAISED),,STRAIGHT AND LEVEL,DRY,NO DEFECTS,ON SCENE,INJURY AND / OR TOW DUE TO CRASH,,,,"OVER $1,500",07/17/2025 11:11:00 PM,FAILING TO YIELD RIGHT-OF-WAY,UNABLE TO DETERMINE,1045,N,ASHLAND AVE,1213,,,,,,,2,NONINCAPACITATING INJURY,1,0,0,1,0,1,0,23,5,7,41.9010226761,-87.6672820176,POINT (-87.667282017614 41.901022676085)
358bd7df581119cc4cb31131e7de588e94f0c0189923cf006ed650c9021f814a82f44aef4fa904b36dbcba3f107565253670d6733ed5c9dffdcf8918ff232206,,07/17/2025 11:00:00 PM,20,NO CONTROLS,NO CONTROLS,CLEAR,"DARKNESS, LIGHTED ROAD",PARKED MOTOR VEHICLE,ONE-WAY,,STRAIGHT AND LEVEL,DRY,NO DEFECTS,ON SCENE,NO INJURY / DRIVE AWAY,,,,$500 OR LESS,07/17/2025 11:30:00 PM,UNABLE TO DETERMINE,UNABLE TO DETERMINE,3,W,TERMINAL ST,1653,,,,,,,2,NO INDICATION OF INJURY,0,0,0,0,0,2,0,23,5,7,,,
9973a06f9ec9fd5fdb3f367c69538762c6f6dffaca5de3ee46942f2a1fe5f18dbe9172e93f748dc283daa4361ef995b7bb02cddcda2d6ce97ca36873296f68df,,07/17/2025 10:43:00 PM,30,TRAFFIC SIGNAL,FUNCTIONING PROPERLY,CLEAR,UNKNOWN,REAR END,ROUNDABOUT,,STRAIGHT AND LEVEL,DRY,OTHER,NOT ON SCENE (DESK REPORT),NO INJURY / DRIVE AWAY,,,,"$501 - $1,500",07/18/2025 05:50:00 PM,EQUIPMENT - VEHICLE CONDITION,UNABLE TO DETERMINE,3149,W,LOGAN BLVD,1414,,,,,,,2,NO INDICATION OF INJURY,0,0,0,0,0,2,0,22,5,7,41.9278625461,-87.7067949293,POINT (-87.706794929288 41.927862546091)
fe22e87050829b349b190d349ddc41a503cb393573c244baa2fd3d41b0b21c938d75e4f8d2fce6cd9725ffd5cd4b3ba4cd65c057796b9adc0f0f1f82a93f6c77,,07/17/2025 10:30:00 PM,30,NO CONTROLS,NO CONTROLS,CLEAR,"DARKNESS, LIGHTED ROAD",PARKED MOTOR VEHICLE,FOUR WAY,,STRAIGHT AND LEVEL,DRY,NO DEFECTS,NOT ON SCENE (DESK REPORT),NO INJURY / DRIVE AWAY,Y,,,"OVER $1,500",07/18/2025 11:50:00 PM,IMPROPER TURNING/NO SIGNAL,DRIVING SKILLS/KNOWLEDGE/EXPERIENCE,4200,N,KEELER AVE,1722,,,,,,,2,NO INDICATION OF INJURY,0,0,0,0,0,1,0,22,5,7,41.9573343072,-87.7327332358,POINT (-87.732733235773 41.957334307207)
aaf6af16fa88dce6c937fe78e2230737e8a28b326db96a9484356c2d7822368c58b2d10157aaf108cf5f4e604b3c7b014270fbfda84ce13431b7776a44c85c93,,07/17/2025 10:25:00 PM,30,TRAFFIC SIGNAL,FUNCTIONING PROPERLY,CLEAR,"DARKNESS, LIGHTED ROAD",ANGLE,FOUR WAY,,STRAIGHT AND LEVEL,DRY,NO DEFECTS,ON SCENE,INJURY AND / OR TOW DUE TO CRASH,Y,,Y,"OVER $1,500",07/17/2025 10:34:00 PM,FAILING TO YIELD RIGHT-OF-WAY,NOT APPLICABLE,5900,S,DAMEN AVE,714,,Y,,,,,2,NONINCAPACITATING INJURY,1,0,0,1,0,2,0,22,5,7,41.7865334538,-87.67424315,POINT (-87.674243150013 41.786533453836)
6a16ec5b268e32cf445a16125487d666849ac9705feb67ea19d928eaa86b9ee2f0283decdd6eab4dc46570cec301289edbaabcafb781b6f38d4e191692c317d4,,07/17/2025 10:06:00 PM,30,STOP SIGN/FLASHER,OTHER,CLEAR,DARKNESS,HEAD ON,DIVIDED - W/MEDIAN (NOT RAISED),,STRAIGHT AND LEVEL,DRY,NO DEFECTS,ON SCENE,INJURY AND / OR TOW DUE TO CRASH,,,Y,"OVER $1,500",07/17/2025 10:08:00 PM,"OPERATING VEHICLE IN ERRATIC, RECKLESS, CARELESS, NEGLIGENT OR AGGRESSIVE MANNER",UNABLE TO DETERMINE,198,S,HOMAN AVE,1123,,,,,,,3,NONINCAPACITATING INJURY,2,0,0,1,1,1,0,22,5,7,41.8783899409,-87.7110746255,POINT (-87.71107462554 41.878389940862)
30cae709c93dc64608565022f42fec13a7e9fc05933ee70b0fb12dbb74765e64f910140c0eb4db0d75eeda107544c8e95e8dede7d6e268cadedfda93f3683ded,Y,07/17/2025 10:00:00 PM,30,NO CONTROLS,NO CONTROLS,CLEAR,"DARKNESS, LIGHTED ROAD",OTHER OBJECT,NOT DIVIDED,,STRAIGHT AND LEVEL,DRY,NO DEFECTS,ON SCENE,INJURY AND / OR TOW DUE TO CRASH,,,,"OVER $1,500",07/17/2025 10:19:00 PM,UNABLE TO DETERMINE,UNABLE TO DETERMINE,215,S,WOODWARD DR,1122,,,,,,,1,INCAPACITATING INJURY,1,0,1,0,0,0,0,22,5,7,41.8779883615,-87.7163215389,POINT (-87.716321538891 41.877988361451)
b82514c001e6e7ceab9e440818bd5d16dbd18c867cc02687771ef282cd71d46a5ac6e902495e7a27edb375bb8a243d1e6ab94c56a5d673fd5bdd926183fc89e7,,07/17/2025 10:00:00 PM,30,TRAFFIC SIGNAL,FUNCTIONING PROPERLY,CLEAR,DARKNESS,ANGLE,FOUR WAY,,STRAIGHT AND LEVEL,DRY,NO DEFECTS,NOT ON SCENE (DESK REPORT),NO INJURY / DRIVE AWAY,Y,,,"OVER $1,500",07/18/2025 11:00:00 AM,FAILING TO YIELD RIGHT-OF-WAY,NOT APPLICABLE,1556,W,87TH ST,614,,,,,,,2,NO INDICATION OF INJURY,0,0,0,0,0,2,0,22,5,7,41.735901718,-87.6629230479,POINT (-87.662923047881 41.735901718001)
bc7df2b4ac322e6d278c286e2f733fa96ad44ce7bcc13fc55e74654c72711cbd7d4416351b74a1fa9af32a1f0e6a86119f1784634e478ad93ef8a56d415dfab7,,07/17/2025 09:58:00 PM,40,TRAFFIC SIGNAL,FUNCTIONING PROPERLY,CLEAR,"DARKNESS, LIGHTED ROAD",REAR END,DIVIDED - W/MEDIAN BARRIER,,STRAIGHT AND LEVEL,DRY,NO DEFECTS,ON SCENE,INJURY AND / OR TOW DUE TO CRASH,Y,,Y,"OVER $1,500",07/17/2025 10:02:00 PM,FAILING TO REDUCE SPEED TO AVOID CRASH,NOT APPLICABLE,101,S,LAKE SHORE DR NB,114,,,,,,,3,"REPORTED, NOT EVIDENT",5,0,0,0,5,1,0,21,5,7,41.8808569263,-87.6171033844,POINT (-87.617103384378 41.880856926277)
bc216e9b8bc7cb96b3c8ccccbb22398c401d80cf0ba1d8c4a935667669c76bebb50d884fd5ba09f8d4eb4d5cde8fdd6145c090871bc014181cda7876a524bb1e,,07/17/2025 09:38:00 PM,35,NO CONTROLS,NO CONTROLS,CLEAR,"DARKNESS, LIGHTED ROAD",SIDESWIPE SAME DIRECTION,NOT DIVIDED,,STRAIGHT AND LEVEL,DRY,NO DEFECTS,ON SCENE,NO INJURY / DRIVE AWAY,,,Y,$500 OR LESS,07/17/2025 09:47:00 PM,UNABLE TO DETERMINE,UNABLE TO DETERMINE,800,W,119TH ST,524,,,,,,,2,NO INDICATION OF INJURY,0,0,0,0,0,2,0,21,5,7,41.6779233891,-87.6419896458,POINT (-87.64198964584 41.677923389134)
4987b8575dcae5be5891c97d50a83b293cd98a8f9e61b2beab670e7f72b9b4eda7d01079160172cf748c51e1e67fc925dffcfe0f15b8ce02015e9603f742779e,,07/17/2025 09:30:00 PM,30,NO CONTROLS,NO CONTROLS,CLEAR,DUSK,PARKED MOTOR VEHICLE,NOT DIVIDED,,STRAIGHT AND LEVEL,DRY,NO DEFECTS,NOT ON SCENE (DESK REPORT),NO INJURY / DRIVE AWAY,,,Y,"OVER $1,500",07/17/2025 11:00:00 PM,UNABLE TO DETERMINE,NOT APPLICABLE,2811,E,93RD ST,423,,,,,,,2,NO INDICATION OF INJURY,0,0,0,0,0,1,0,21,5,7,41.7262483011,-87.5561768568,POINT (-87.556176856826 41.726248301109)
6ebb1e6cf3d8c90af6b56bae6599fa956d7969dfa473df4f4ff095d813902c3878d7dba157a086553a17b578a099e938f1a0fdaaa55d55b08ab7f0a13ecb2034,,07/17/2025 09:30:00 PM,30,TRAFFIC SIGNAL,FUNCTIONING PROPERLY,CLEAR,"DARKNESS, LIGHTED ROAD",PEDESTRIAN,NOT DIVIDED,,STRAIGHT AND LEVEL,DRY,NO DEFECTS,NOT ON SCENE (DESK REPORT),INJURY AND / OR TOW DUE TO CRASH,Y,,,"OVER $1,500",07/17/2025 10:47:00 PM,UNABLE TO DETERMINE,UNABLE TO DETERMINE,1206,W,LAWRENCE AVE,2033,,Y,,,,,2,NONINCAPACITATING INJURY,1,0,0,1,0,1,0,21,5,7,41.9691282821,-87.6600068867,POINT (-87.660006886728 41.969128282075)
b67580052d3e86c76d179eb0961a45dc26a0f8953e037121418dfcfaf66d57dff73a36c79bb1dce6af6f64c89d349991ba2803b3c7b5d22bd389e23576a02ec0,,07/17/2025 09:30:00 PM,30,NO CONTROLS,NO CONTROLS,CLEAR,DAYLIGHT,ANGLE,NOT DIVIDED,,STRAIGHT AND LEVEL,WET,NO DEFECTS,NOT ON SCENE (DESK REPORT),NO INJURY / DRIVE AWAY,,,Y,"OVER $1,500",07/18/2025 09:53:00 AM,UNABLE TO DETERMINE,NOT APPLICABLE,2500,W,LAKE ST,1222,,,,,,,2,NO INDICATION OF INJURY,0,0,0,0,0,2,0,21,5,7,41.8846511912,-87.6890545595,POINT (-87.689054559546 41.884651191228)
97bbb57299a10188edbf5c25ef30ee60a31a6c98c8b9b2879f4a18aa8e3c0d0462b7439bf59b8b45885423e976023cafab8223ff04c2924accb0e34f29ea6711,,07/17/2025 09:28:00 PM,30,NO CONTROLS,NO CONTROLS,CLEAR,"DARKNESS, LIGHTED ROAD",SIDESWIPE SAME DIRECTION,DIVIDED - W/MEDIAN BARRIER,,STRAIGHT AND LEVEL,DRY,NO DEFECTS,ON SCENE,NO INJURY / DRIVE AWAY,,,,"OVER $1,500",07/17/2025 09:30:00 PM,UNABLE TO DETERMINE,NOT APPLICABLE,171,N,BESSIE COLEMAN DR,1654,,,,,,,2,NO INDICATION OF INJURY,0,0,0,0,0,2,0,21,5,7,,,
07ad010b4337a7f094565d1947573a827b0601e637ca2ed5600c25f6fc7098eb94ffbf90b63896abcfef7510261a3b83442d9317880da92beed55be603123c64,,07/17/2025 09:20:00 PM,30,STOP SIGN/FLASHER,FUNCTIONING PROPERLY,CLEAR,DARKNESS,ANGLE,T-INTERSECTION,,STRAIGHT AND LEVEL,DRY,NO DEFECTS,NOT ON SCENE (DESK REPORT),NO INJURY / DRIVE AWAY,Y,,,"OVER $1,500",07/18/2025 04:30:00 PM,FAILING TO YIELD RIGHT-OF-WAY,NOT APPLICABLE,5305,S,RUTHERFORD AVE,811,,,,,,,2,NO INDICATION OF INJURY,0,0,0,0,0,4,0,21,5,7,41.7957223481,-87.7903065901,POINT (-87.790306590103 41.795722348119)
a8a5cf96fa76be4d21994f8ccdce103ec203369d51c48c7c50964f84aa171f7b7f77c14fda507e51b643a3a2f4a89a216b4a0d0fcbc93be3c3dbba71436b95ff,,07/17/2025 09:08:00 PM,10,NO CONTROLS,NO CONTROLS,CLEAR,"DARKNESS, LIGHTED ROAD",PARKED MOTOR VEHICLE,NOT DIVIDED,,STRAIGHT ON GRADE,DRY,NO DEFECTS,NOT ON SCENE (DESK REPORT),NO INJURY / DRIVE AWAY,,,,"OVER $1,500",07/17/2025 10:17:00 PM,IMPROPER BACKING,UNABLE TO DETERMINE,4032,E,102ND ST,432,,,,,,,2,NO INDICATION OF INJURY,0,0,0,0,0,1,0,21,5,7,41.7097357198,-87.5262297952,POINT (-87.526229795156 41.709735719771)
284a87652dfe77a1469a60615e60d2c9648b35c8a1401730cc843c42de289020cf893a3180c1eaa595c8a2adbb5a31561bd8b5da652869511314b2cf45c855ac,,07/17/2025 09:00:00 PM,30,UNKNOWN,UNKNOWN,CLEAR,"DARKNESS, LIGHTED ROAD",PEDALCYCLIST,ONE-WAY,,STRAIGHT AND LEVEL,DRY,UNKNOWN,NOT ON SCENE (DESK REPORT),NO INJURY / DRIVE AWAY,,,,$500 OR LESS,07/17/2025 10:45:00 PM,UNABLE TO DETERMINE,UNABLE TO DETERMINE,158,E,GRAND AVE,1834,,,,,,,2,NO INDICATION OF INJURY,0,0,0,0,0,2,0,21,5,7,41.8918642666,-87.6230434937,POINT (-87.62304349368 41.891864266616)
5b97d6dcffac4a8ab0bd31bb5ad8f080ea1ef9d1009acb07d3ec5b9d5832e75c053059562a7103e71e6efe9d2d246cf3167c02f5b6ba284a6aecc7d863b4df39,,07/17/2025 09:00:00 PM,30,NO CONTROLS,NO CONTROLS,CLEAR,DAYLIGHT,TURNING,"FIVE POINT, OR MORE",,STRAIGHT AND LEVEL,DRY,NO DEFECTS,NOT ON SCENE (DESK REPORT),NO INJURY / DRIVE AWAY,N,,,"OVER $1,500",07/18/2025 09:40:00 AM,IMPROPER TURNING/NO SIGNAL,FAILING TO YIELD RIGHT-OF-WAY,507,N,MILWAUKEE AVE,1214,,,,,,,2,NO INDICATION OF INJURY,0,0,0,0,0,2,0,21,5,7,41.8914406867,-87.6477619514,POINT (-87.647761951374 41.891440686745)
5d20b96e2c9a041345d08b9281aa6a201fbe66f086e13253ad5996a08708df32a461ac948cca3628f55697db3ebbd91c4dc558d23b4b17edc18b054382f12ac2,Y,07/17/2025 09:00:00 PM,30,UNKNOWN,UNKNOWN,UNKNOWN,UNKNOWN,PARKED MOTOR VEHICLE,NOT DIVIDED,,STRAIGHT AND LEVEL,UNKNOWN,UNKNOWN,ON SCENE,NO INJURY / DRIVE AWAY,,,Y,"$501 - $1,500",07/20/2025 02:19:00 PM,UNABLE TO DETERMINE,UNABLE TO DETERMINE,3441,N,LAKE SHORE DR NB,1925,,,,,,,2,NO INDICATION OF INJURY,0,0,0,0,0,1,0,21,5,7,41.9448452119,-87.6406926252,POINT (-87.640692625218 41.944845211863)
d002f4cd5a44fb6118c27e8b0dd0649976676baf771c319400fcc03c79f993440e4c8d72a909198b2393a52d9ca4be0657c411880a4b562bc18d6f32ab5fbfb6,Y,07/17/2025 09:00:00 PM,30,UNKNOWN,UNKNOWN,UNKNOWN,UNKNOWN,PARKED MOTOR VEHICLE,NOT DIVIDED,,STRAIGHT AND LEVEL,UNKNOWN,UNKNOWN,NOT ON SCENE (DESK REPORT),NO INJURY / DRIVE AWAY,,,Y,"OVER $1,500",07/21/2025 01:25:00 PM,UNABLE TO DETERMINE,NOT APPLICABLE,6819,S,ANTHONY AVE,322,,,,,,,2,NO INDICATION OF INJURY,0,0,0,0,0,1,0,21,5,7,41.770374965,-87.6147135108,POINT (-87.614713510842 41.770374965006)
7f60a2f8626d4e69ddce4681f99e5384528bf0a31057fe2112696681909ba30efbe52422527a82046a7070f046970664afd5b0ea9449a665d4bff1e0695a5a36,,07/17/2025 08:50:00 PM,30,NO CONTROLS,NO CONTROLS,CLOUDY/OVERCAST,"DARKNESS, LIGHTED ROAD",SIDESWIPE SAME DIRECTION,DIVIDED - W/MEDIAN (NOT RAISED),,STRAIGHT AND LEVEL,DRY,NO DEFECTS,ON SCENE,NO INJURY / DRIVE AWAY,,,Y,"$501 - $1,500",07/17/2025 09:01:00 PM,UNABLE TO DETERMINE,NOT APPLICABLE,9412,S,ASHLAND AVE,2221,,,,,,,2,NO INDICATION OF INJURY,0,0,0,0,0,2,0,20,5,7,41.7226014514,-87.6628550839,POINT (-87.662855083869 41.722601451404)
b7d9322b6adff9478591f08ce9939a785b9080cafdba928a0f16210a24b189f2b575dc803676bf1b257b676ed03cd45c898c4087b952a22a2a99ea78297c8b54,,07/17/2025 08:39:00 PM,30,NO CONTROLS,NO CONTROLS,CLEAR,"DARKNESS, LIGHTED ROAD",HEAD ON,NOT DIVIDED,,STRAIGHT AND LEVEL,DRY,NO DEFECTS,ON SCENE,INJURY AND / OR TOW DUE TO CRASH,,,,"OVER $1,500",07/17/2025 09:03:00 PM,UNABLE TO DETERMINE,UNABLE TO DETERMINE,4347,N,MILWAUKEE AVE,1624,,,,,,,2,"REPORTED, NOT EVIDENT",1,0,0,0,1,1,0,20,5,7,41.9600740799,-87.7538208928,POINT (-87.753820892792 41.960074079898)
8e2881bce335b5e134eaa04f0912ee3578e74b73253c8ad955c9102681eba9e7c3dd48c82e90adc77225aa809980c5e5676aab08ebb2740a60f7f8ffe21dbf6f,,07/17/2025 08:31:00 PM,30,TRAFFIC SIGNAL,FUNCTIONING PROPERLY,CLEAR,DUSK,PEDALCYCLIST,FOUR WAY,,STRAIGHT AND LEVEL,DRY,NO DEFECTS,ON SCENE,INJURY AND / OR TOW DUE TO CRASH,Y,,Y,"$501 - $1,500",07/17/2025 08:31:00 PM,FAILING TO REDUCE SPEED TO AVOID CRASH,IMPROPER OVERTAKING/PASSING,6798,N,RIDGE BLVD,2412,,,,,,,2,NONINCAPACITATING INJURY,1,0,0,1,0,1,0,20,5,7,42.0051151046,-87.6802842662,POINT (-87.68028426616 42.005115104571)
c0bdae2510fef983e63e1f9f65b5286fc22658733bb5338f2f3c02d0c13ad37b89869d4c627d54a28e616c5f4d51d3a2fd9e33e1bf5bd44ed9e8a9c2ba8f04e3,,07/17/2025 08:30:00 PM,30,UNKNOWN,UNKNOWN,UNKNOWN,UNKNOWN,REAR END,UNKNOWN INTERSECTION TYPE,,STRAIGHT AND LEVEL,UNKNOWN,UNKNOWN,NOT ON SCENE (DESK REPORT),NO INJURY / DRIVE AWAY,Y,,Y,"$501 - $1,500",07/17/2025 10:10:00 PM,UNABLE TO DETERMINE,NOT APPLICABLE,325,S,CICERO AVE,1131,,,,,,,2,NO INDICATION OF INJURY,0,0,0,0,0,2,0,20,5,7,41.8759515134,-87.7449566419,POINT (-87.744956641911 41.875951513388)
b553e90a9415c35c5fdcd173e517ba9b5dbe50ede3009ef5f19e4744d057d6b20f233816b0e84d8f67398714fece08de8cfb5d2422057a08f46b02868b26b0c4,,07/17/2025 08:10:00 PM,30,NO CONTROLS,NO CONTROLS,CLEAR,"DARKNESS, LIGHTED ROAD",REAR END,NOT DIVIDED,,STRAIGHT AND LEVEL,DRY,UNKNOWN,NOT ON SCENE (DESK REPORT),NO INJURY / DRIVE AWAY,,,Y,"$501 - $1,500",07/17/2025 08:30:00 PM,UNABLE TO DETERMINE,NOT APPLICABLE,5444,W,NORTH AVE,2532,,,,,,,2,NO INDICATION OF INJURY,0,0,0,0,0,2,0,20,5,7,41.9095265056,-87.7623840946,POINT (-87.76238409464 41.909526505557)
83d5905e90ead9a918338891edf850aabb8556d05616183cabec1e175797906a52ebf991e514842cda11730da188ac98b9ff319d608bb383fd666237fcacf7f6,,07/17/2025 08:02:00 PM,30,TRAFFIC SIGNAL,FUNCTIONING PROPERLY,CLEAR,"DARKNESS, LIGHTED ROAD",REAR END,DIVIDED - W/MEDIAN BARRIER,,STRAIGHT AND LEVEL,DRY,NO DEFECTS,ON SCENE,INJURY AND / OR TOW DUE TO CRASH,,,,"OVER $1,500",07/17/2025 08:27:00 PM,NOT APPLICABLE,NOT APPLICABLE,1015,S,WESTERN AVE,1225,,,,,,,2,NONINCAPACITATING INJURY,2,0,0,2,0,3,0,20,5,7,41.8689021071,-87.685953785,POINT (-87.685953784986 41.868902107143)
3375f9e5c5f91b6e8f71050c6f9e83c1e6ec1aa59a1ec775e739769097faa23587b9f56ec2a70cf7b3eb577d02d35f53f3bc704c947f4314f2e01c6624b55540,,07/17/2025 07:54:00 PM,30,TRAFFIC SIGNAL,FUNCTIONING PROPERLY,CLEAR,DARKNESS,PEDALCYCLIST,NOT DIVIDED,,STRAIGHT AND LEVEL,DRY,NO DEFECTS,ON SCENE,INJURY AND / OR TOW DUE TO CRASH,,,,"OVER $1,500",07/17/2025 08:04:00 PM,FAILING TO REDUCE SPEED TO AVOID CRASH,FAILING TO REDUCE SPEED TO AVOID CRASH,2945,N,HALSTED ST,1934,,,,,,,2,"REPORTED, NOT EVIDENT",1,0,0,0,1,1,0,19,5,7,41.9358443961,-87.6489739914,POINT (-87.648973991416 41.9358443961)
49041e13c00109eac1124b81a8c81b5ed153bdf1265d0c7c4269e5397f01e077ad0b7cfa7a43bbb3255c5dac23b9f804147118d9f9b2472fe4fd006a21919fba,,07/17/2025 07:50:00 PM,30,NO CONTROLS,NO CONTROLS,CLEAR,DAYLIGHT,SIDESWIPE SAME DIRECTION,NOT DIVIDED,,STRAIGHT AND LEVEL,UNKNOWN,UNKNOWN,NOT ON SCENE (DESK REPORT),NO INJURY / DRIVE AWAY,,,,"OVER $1,500",07/17/2025 08:50:00 PM,FAILING TO YIELD RIGHT-OF-WAY,NOT APPLICABLE,1555,N,CLYBOURN AVE,1822,,,,,,,2,NO INDICATION OF INJURY,0,0,0,0,0,3,0,19,5,7,41.9097410991,-87.6476732526,POINT (-87.647673252611 41.909741099055)