CRASH_RECORD_ID,CRASH_DATE_EST_I,CRASH_DATE,POSTED_SPEED_LIMIT,TRAFFIC_CONTROL_DEVICE,DEVICE_CONDITION,WEATHER_CONDITION,LIGHTING_CONDITION,FIRST_CRASH_TYPE,TRAFFICWAY_TYPE,LANE_CNT,ALIGNMENT,ROADWAY_SURFACE_COND,ROAD_DEFECT,REPORT_TYPE,CRASH_TYPE,INTERSECTION_RELATED_I,NOT_RIGHT_OF_WAY_I,HIT_AND_RUN_I,DAMAGE,DATE_POLICE_NOTIFIED,PRIM_CONTRIBUTORY_CAUSE,SEC_CONTRIBUTORY_CAUSE,STREET_NO,STREET_DIRECTION,STREET_NAME,BEAT_OF_OCCURRENCE,PHOTOS_TAKEN_I,STATEMENTS_TAKEN_I,DOORING_I,WORK_ZONE_I,WORK_ZONE_TYPE,WORKERS_PRESENT_I,NUM_UNITS,MOST_SEVERE_INJURY,INJURIES_TOTAL,INJURIES_FATAL,INJURIES_INCAPACITATING,INJURIES_NON_INCAPACITATING,INJURIES_REPORTED_NOT_EVIDENT,INJURIES_NO_INDICATION,INJURIES_UNKNOWN,CRASH_HOUR,CRASH_DAY_OF_WEEK,CRASH_MONTH,LATITUDE,LONGITUDE,LOCATION
59e6d88a0c14efafb187986d61f6beab31ab364db1241a517b16c9c71292f3c6c06fcf942ed872899c324e7f0da5657191f43becb71e016c0f3b3ec0a50bcbd3,,07/17/2025 07:50:00 PM,10,NO CONTROLS,NO CONTROLS,CLEAR,DUSK,SIDESWIPE OPPOSITE DIRECTION,ALLEY,,STRAIGHT AND LEVEL,UNKNOWN,UNKNOWN,ON SCENE,NO INJURY / DRIVE AWAY,,,,$500 OR LESS,07/17/2025 07:50:00 PM,UNABLE TO DETERMINE,UNABLE TO DETERMINE,1406,W,WARNER AVE,1912,,,,,,,2,NO INDICATION OF INJURY,0,0,0,0,0,3,0,19,5,7,41.9572006201,-87.6646777161,POINT (-87.664677716127 41.957200620111)
fe3bbd10cda9e059878fee9e0dd2e9541fd13f30b0f9d252bbead5da5448212fcbfcb50c784befe875997de13611c6e5af359ed62d445fa4265faa4419d7eb38,,07/17/2025 07:46:00 PM,30,NO CONTROLS,NO CONTROLS,UNKNOWN,UNKNOWN,PARKED MOTOR VEHICLE,NOT DIVIDED,,STRAIGHT AND LEVEL,UNKNOWN,UNKNOWN,ON SCENE,INJURY AND / OR TOW DUE TO CRASH,,,Y,"OVER $1,500",07/17/2025 08:01:00 PM,UNABLE TO DETERMINE,UNABLE TO DETERMINE,7157,S,KEDZIE AVE,831,,,,,,,2,NO INDICATION OF INJURY,0,0,0,0,0,2,0,19,5,7,41.762706496,-87.7026175253,POINT (-87.702617525345 41.762706495964)
9486a9f70dbcea4b0ff003b789faf499671beb76fc60b48d38f7fe89528db79bbeb6eb6880de33fd50e7f1eabd03b3a0631dd0827a5d4e9799794a4f6a687362,,07/17/2025 07:42:00 PM,30,NO CONTROLS,NO CONTROLS,CLEAR,"DARKNESS, LIGHTED ROAD",PEDALCYCLIST,ALLEY,,STRAIGHT AND LEVEL,DRY,UNKNOWN,ON SCENE,INJURY AND / OR TOW DUE TO CRASH,Y,,,$500 OR LESS,07/17/2025 08:29:00 PM,UNABLE TO DETERMINE,NOT APPLICABLE,3144,N,AUSTIN AVE,2511,,,,,,,2,NONINCAPACITATING INJURY,1,0,0,1,0,1,0,19,5,7,41.9379900387,-87.7763482882,POINT (-87.776348288249 41.937990038682)
b36346106c9a2293637f56966fc2ede8aa855f7877c04f449db13ce11c157c310affc03ce6d5cf4b919b973e75adf9865a000451897aa4cdea7b99f076ddd54a,,07/17/2025 07:40:00 PM,30,NO CONTROLS,NO CONTROLS,CLEAR,DAYLIGHT,TURNING,NOT DIVIDED,,STRAIGHT AND LEVEL,UNKNOWN,NO DEFECTS,ON SCENE,NO INJURY / DRIVE AWAY,,,,"$501 - $1,500",07/17/2025 07:45:00 PM,FAILING TO REDUCE SPEED TO AVOID CRASH,NOT APPLICABLE,4014,S,WESTERN AVE,921,,,,,,,2,NO INDICATION OF INJURY,0,0,0,0,0,2,0,19,5,7,41.8206390676,-87.6849009653,POINT (-87.684900965326 41.820639067562)
9b158985163407f6d428d02159264fc8c568ae7a19366bfc7bc860da2609a79e8686cf2dd81fc44c01a26f4de905281fd09dea5ebc9d67e4be49a4a9afd70856,,07/17/2025 07:35:00 PM,5,NO CONTROLS,NO CONTROLS,CLOUDY/OVERCAST,DAYLIGHT,REAR END,PARKING LOT,,STRAIGHT AND LEVEL,DRY,NO DEFECTS,NOT ON SCENE (DESK REPORT),NO INJURY / DRIVE AWAY,,,Y,"OVER $1,500",07/17/2025 07:45:00 PM,IMPROPER BACKING,NOT APPLICABLE,1575,N,CLYBOURN AVE,1822,,,,,,,2,NO INDICATION OF INJURY,0,0,0,0,0,2,0,19,5,7,41.9102425297,-87.648372587,POINT (-87.648372586953 41.910242529696)
4c22f9c11ac4cd99e76f1b7b1163c63b7c7aaa903a77f1e463344fbd93ba4150df085a9e6b1bfff3d26b606044ee371bb5c787bb99d2d3aa7cb322756f09dbfc,,07/17/2025 07:30:00 PM,35,NO CONTROLS,NO CONTROLS,CLEAR,DAYLIGHT,SIDESWIPE SAME DIRECTION,DIVIDED - W/MEDIAN (NOT RAISED),,STRAIGHT AND LEVEL,DRY,NO DEFECTS,ON SCENE,NO INJURY / DRIVE AWAY,,,,"OVER $1,500",07/17/2025 07:34:00 PM,UNABLE TO DETERMINE,NOT APPLICABLE,930,N,WESTERN AVE,1212,,Y,,,,,2,NO INDICATION OF INJURY,0,0,0,0,0,4,0,19,5,7,41.8984223087,-87.687058202,POINT (-87.687058202016 41.898422308668)
8fc0d87c0043e127145de54eccb2f5565af2bde34479ff25628572a2171b88ab3227240be7f7014e0a4fb90fa4bd9abaab98c8330a83a1a353b3db153f9a8909,,07/17/2025 07:30:00 PM,30,NO CONTROLS,NO CONTROLS,CLEAR,"DARKNESS, LIGHTED ROAD",PARKED MOTOR VEHICLE,PARKING LOT,,STRAIGHT AND LEVEL,DRY,NO DEFECTS,NOT ON SCENE (DESK REPORT),NO INJURY / DRIVE AWAY,,,N,"$501 - $1,500",07/17/2025 10:20:00 PM,UNABLE TO DETERMINE,NOT APPLICABLE,400,E,RANDOLPH ST,114,,,,,,,2,NO INDICATION OF INJURY,0,0,0,0,0,2,0,19,5,7,41.8846463654,-87.6172484962,POINT (-87.617248496239 41.884646365435)
0825a5c932e49fc49d3a9a7f63aeaab0016073ae563c86fb6dec72d750fef2033414160dfbec83398f9b165d473e5ddb59b6aa94c3a91be4f35392a5737c66be,,07/17/2025 07:17:00 PM,30,NO CONTROLS,NO CONTROLS,CLEAR,DAYLIGHT,TURNING,DIVIDED - W/MEDIAN (NOT RAISED),,STRAIGHT AND LEVEL,DRY,NO DEFECTS,ON SCENE,NO INJURY / DRIVE AWAY,,,Y,"OVER $1,500",07/17/2025 07:54:00 PM,IMPROPER TURNING/NO SIGNAL,IMPROPER TURNING/NO SIGNAL,3928,W,OGDEN AVE,1014,,,,,,,2,NO INDICATION OF INJURY,0,0,0,0,0,2,0,19,5,7,41.8516863393,-87.7235091864,POINT (-87.72350918638 41.851686339272)
676c41485747bf33ee3aa3d63146a19f4d8170d1de699b5ad066df996d25911b0a0289db41bd5040dc25099b62bc800815d9527ff32b2cb29e048c54f20401fd,,07/17/2025 07:15:00 PM,30,NO CONTROLS,NO CONTROLS,CLEAR,DAYLIGHT,PARKED MOTOR VEHICLE,ONE-WAY,,STRAIGHT AND LEVEL,DRY,NO DEFECTS,NOT ON SCENE (DESK REPORT),INJURY AND / OR TOW DUE TO CRASH,,,,"OVER $1,500",07/23/2025 07:51:00 PM,NOT APPLICABLE,NOT APPLICABLE,2307,N,KILPATRICK AVE,2522,,,,,,,2,NO INDICATION OF INJURY,0,0,0,0,0,1,0,19,5,7,41.9227075839,-87.7436798708,POINT (-87.743679870834 41.922707583893)
700f040e61d87de9b5ca742686b9b3d4118cd8863a3f2e5ae2b8bb2f60200bafcae8fdab809236e2f2c6c95ab89d3fe73d97c8f11a8e9f89cc3c8735ce74591d,,07/17/2025 07:15:00 PM,30,NO CONTROLS,NO CONTROLS,CLEAR,DAYLIGHT,SIDESWIPE SAME DIRECTION,DIVIDED - W/MEDIAN (NOT RAISED),,STRAIGHT AND LEVEL,DRY,NO DEFECTS,NOT ON SCENE (DESK REPORT),NO INJURY / DRIVE AWAY,,,,"OVER $1,500",07/18/2025 10:30:00 AM,IMPROPER OVERTAKING/PASSING,NOT APPLICABLE,7315,N,SHERIDAN RD,2423,,,,,,,2,NO INDICATION OF INJURY,0,0,0,0,0,2,0,19,5,7,42.014494194,-87.6642277169,POINT (-87.66422771689 42.014494194024)
d4548e9848911c26518994b4b2f658d81958529f4481d195b6cc04d86bf9076c02ef3ccce5a588d737d360796dc18b720f64096f3f70c8ce3ebc7c38fd95d368,,07/17/2025 07:10:00 PM,30,TRAFFIC SIGNAL,FUNCTIONING PROPERLY,CLEAR,DAYLIGHT,SIDESWIPE SAME DIRECTION,NOT DIVIDED,,STRAIGHT AND LEVEL,DRY,NO DEFECTS,NOT ON SCENE (DESK REPORT),NO INJURY / DRIVE AWAY,,,,"OVER $1,500",07/17/2025 07:32:00 PM,IMPROPER TURNING/NO SIGNAL,IMPROPER LANE USAGE,6199,N,LINCOLN AVE,1711,,,,,,,2,NO INDICATION OF INJURY,0,0,0,0,0,3,0,19,5,7,41.9945423053,-87.7138967838,POINT (-87.713896783814 41.994542305274)
f2d100f5a41eb571a41dba76ac3defde3ccdc11dfc159ef51942714df4ad48ec81f96365379b6205adeb0a1ad33ae95fb1df46a460db1e4bed051817078a324c,,07/17/2025 07:07:00 PM,25,STOP SIGN/FLASHER,FUNCTIONING PROPERLY,CLEAR,DAYLIGHT,TURNING,T-INTERSECTION,,STRAIGHT AND LEVEL,DRY,WORN SURFACE,ON SCENE,INJURY AND / OR TOW DUE TO CRASH,Y,,,"OVER $1,500",07/17/2025 07:08:00 PM,FAILING TO YIELD RIGHT-OF-WAY,NOT APPLICABLE,1701,N,KINGSBURY ST,1811,,,,,,,2,NONINCAPACITATING INJURY,1,0,0,1,0,1,0,19,5,7,41.9126378334,-87.6554221635,POINT (-87.655422163505 41.912637833358)
46b40ad00e1bc3fc0fcdf08db2dab2746e06521dab34237dc6ea1339eb533f596914720bc5282a472332182b00f68197582f0e0654adbddbbd7c8f1caa89166f,Y,07/17/2025 07:00:00 PM,30,NO CONTROLS,NO CONTROLS,CLEAR,DAWN,PARKED MOTOR VEHICLE,NOT DIVIDED,,STRAIGHT AND LEVEL,UNKNOWN,UNKNOWN,NOT ON SCENE (DESK REPORT),NO INJURY / DRIVE AWAY,,,Y,"OVER $1,500",07/19/2025 03:17:00 PM,UNABLE TO DETERMINE,NOT APPLICABLE,1143,W,COLUMBIA AVE,2432,,,,,,,2,NO INDICATION OF INJURY,0,0,0,0,0,1,0,19,5,7,42.0045166088,-87.6602399476,POINT (-87.660239947603 42.004516608822)
7903971540214095fb1accdc0c8c5248f54c03addce6f4d085273225b0d79f888ea8ca36056495be8604ca68f3b80b343106ea9f8f31f4e82fcb33c31ae9982c,,07/17/2025 07:00:00 PM,30,UNKNOWN,UNKNOWN,UNKNOWN,UNKNOWN,PARKED MOTOR VEHICLE,PARKING LOT,,STRAIGHT AND LEVEL,UNKNOWN,UNKNOWN,NOT ON SCENE (DESK REPORT),NO INJURY / DRIVE AWAY,,Y,Y,"OVER $1,500",07/18/2025 04:30:00 PM,NOT APPLICABLE,DRIVING SKILLS/KNOWLEDGE/EXPERIENCE,1154,S,CLARK ST,123,,,,,,,2,NO INDICATION OF INJURY,0,0,0,0,0,1,0,19,5,7,41.8675710154,-87.6305864739,POINT (-87.630586473861 41.867571015433)
c4da20791ed31dafba97546564206f8695cb07e6dfbb301844c4efa286731ae4c366bb544658db3e06f2cf4d2a8ebc7351253397e06c63cfc2d630f99425b106,,07/17/2025 06:57:00 PM,30,NO CONTROLS,NO CONTROLS,CLEAR,DAYLIGHT,PARKED MOTOR VEHICLE,OTHER,,STRAIGHT AND LEVEL,UNKNOWN,UNKNOWN,ON SCENE,NO INJURY / DRIVE AWAY,,,,"$501 - $1,500",07/17/2025 06:58:00 PM,UNABLE TO DETERMINE,NOT APPLICABLE,4002,W,CHICAGO AVE,1111,,,,,,,2,NO INDICATION OF INJURY,0,0,0,0,0,1,0,18,5,7,41.895475966,-87.7262185013,POINT (-87.726218501324 41.895475965981)
48d9ca9794ec382241f4249f62f57441df2d88a84fe9739731883804cbcd9e129c55f8bc9c7d3c6971b095f92f05950e93df52c5b332b07fafe9797466ac7cf8,,07/17/2025 06:55:00 PM,30,NO CONTROLS,NO CONTROLS,CLEAR,DAYLIGHT,TURNING,T-INTERSECTION,,STRAIGHT AND LEVEL,DRY,WORN SURFACE,ON SCENE,INJURY AND / OR TOW DUE TO CRASH,Y,,,"OVER $1,500",07/17/2025 06:58:00 PM,FAILING TO REDUCE SPEED TO AVOID CRASH,DRIVING SKILLS/KNOWLEDGE/EXPERIENCE,3032,W,51ST ST,923,,,,,,,2,NONINCAPACITATING INJURY,1,0,0,1,0,1,0,18,5,7,41.8009916117,-87.7002329751,POINT (-87.700232975134 41.800991611694)
d65b4f7e309f3fbcb9a424e9476c55572c10d246c29ddbc7fd9afab9a2871d17a53085f6f649f6b2ed63f72303a284eca1911cd18844751d26a9a4d857e243d6,,07/17/2025 06:55:00 PM,30,OTHER,OTHER,CLEAR,DAYLIGHT,FIXED OBJECT,DRIVEWAY,,STRAIGHT AND LEVEL,DRY,NO DEFECTS,ON SCENE,NO INJURY / DRIVE AWAY,,,,"OVER $1,500",07/17/2025 06:56:00 PM,UNABLE TO DETERMINE,UNABLE TO DETERMINE,4900,W,CHICAGO AVE,1531,,,,,,,1,NO INDICATION OF INJURY,0,0,0,0,0,1,0,18,5,7,41.8950936148,-87.748381715,POINT (-87.748381714962 41.895093614751)
d33dd3e0442f935b4acc2f7f429641772e6d3329e37400c8af80421f2b55432fd4d7fd8156f73bd96628b285fec8c7f9f91bfdf60f7264eb40bd6a2c482cf800,,07/17/2025 06:42:00 PM,30,NO CONTROLS,NO CONTROLS,CLOUDY/OVERCAST,DAYLIGHT,SIDESWIPE SAME DIRECTION,DIVIDED - W/MEDIAN (NOT RAISED),,STRAIGHT AND LEVEL,UNKNOWN,UNKNOWN,NOT ON SCENE (DESK REPORT),NO INJURY / DRIVE AWAY,,,,"OVER $1,500",07/17/2025 07:30:00 PM,FAILING TO YIELD RIGHT-OF-WAY,DRIVING SKILLS/KNOWLEDGE/EXPERIENCE,6820,N,WESTERN AVE,2411,,,,,,,2,NO INDICATION OF INJURY,0,0,0,0,0,2,0,18,5,7,42.0057465445,-87.6902331424,POINT (-87.690233142432 42.005746544499)
c8aef43442d5d30f87d9f86dafeb4ef4a2ce8959ce31a282df7d08e19e904e12d4595abe02d2e6563470c8fd83da553956c1dee039f723be3e09f70bec226e83,,07/17/2025 06:40:00 PM,30,UNKNOWN,UNKNOWN,UNKNOWN,UNKNOWN,SIDESWIPE SAME DIRECTION,NOT DIVIDED,,STRAIGHT ON GRADE,UNKNOWN,UNKNOWN,NOT ON SCENE (DESK REPORT),NO INJURY / DRIVE AWAY,,,,"$501 - $1,500",07/17/2025 07:30:00 PM,IMPROPER LANE USAGE,UNABLE TO DETERMINE,1637,E,87TH ST,412,,,,,,,2,NO INDICATION OF INJURY,0,0,0,0,0,2,0,18,5,7,41.7368319208,-87.5837091121,POINT (-87.58370911215 41.736831920825)
ee818fad89dedd1e8bebb26f7b85ebcfbf4d1ba9c87d4658207e67a6bfd3106ccc08800a9a745dc714105193375d6ed128bf1940f9551ae61ac3439fe19dde49,,07/17/2025 06:40:00 PM,30,NO CONTROLS,NO CONTROLS,CLOUDY/OVERCAST,UNKNOWN,SIDESWIPE OPPOSITE DIRECTION,NOT DIVIDED,,STRAIGHT AND LEVEL,UNKNOWN,UNKNOWN,ON SCENE,INJURY AND / OR TOW DUE TO CRASH,,,,"OVER $1,500",07/17/2025 06:42:00 PM,UNABLE TO DETERMINE,NOT APPLICABLE,2125,N,PULASKI RD,2525,,,,,,,4,NONINCAPACITATING INJURY,1,0,0,1,0,2,0,18,5,7,41.9197470726,-87.7264891731,POINT (-87.726489173101 41.919747072639)
bc2ff1e6462933fb4632bcc00836d99534e8a1993f91350e8cd30a113c688f1e01a598a760dcb9fd4a8666f3aea401e9fe56921079c56e72e30617310dd52e9e,,07/17/2025 06:35:00 PM,30,UNKNOWN,FUNCTIONING PROPERLY,CLEAR,DAYLIGHT,REAR END,ONE-WAY,,STRAIGHT AND LEVEL,DRY,NO DEFECTS,ON SCENE,NO INJURY / DRIVE AWAY,,,Y,"$501 - $1,500",07/17/2025 06:37:00 PM,UNABLE TO DETERMINE,UNABLE TO DETERMINE,7900,S,LAFAYETTE AVE,623,,,,,,,2,NO INDICATION OF INJURY,0,0,0,0,0,2,0,18,5,7,41.7508910466,-87.6259685054,POINT (-87.625968505423 41.750891046593)
885ca3af0196f180b516e2a0adc10a0873626c734cd077cb1dc58d0298c6f4b8d1653285df1deb6931f27c577077f74890ae439a73ad29caafb90fa7d61741a2,,07/17/2025 06:34:00 PM,30,TRAFFIC SIGNAL,UNKNOWN,CLEAR,DAWN,PARKED MOTOR VEHICLE,DIVIDED - W/MEDIAN (NOT RAISED),,STRAIGHT AND LEVEL,DRY,NO DEFECTS,ON SCENE,NO INJURY / DRIVE AWAY,Y,,,"OVER $1,500",07/17/2025 06:36:00 PM,FAILING TO REDUCE SPEED TO AVOID CRASH,FAILING TO REDUCE SPEED TO AVOID CRASH,5463,S,INDIANA AVE,231,,,,,,,2,NO INDICATION OF INJURY,0,0,0,0,0,1,0,18,5,7,41.7948163683,-87.6207017254,POINT (-87.620701725378 41.794816368336)
013e425fb7605790fe58547d97f41a4ff7f3e0e0493b2d2d8a989e79545ed7cf7aa3b8feb60eaa81393316278e5ea22cd0b032a06a6ee36f3a128392ce921da4,,07/17/2025 06:30:00 PM,30,TRAFFIC SIGNAL,FUNCTIONING PROPERLY,UNKNOWN,DAYLIGHT,REAR END,ALLEY,,STRAIGHT AND LEVEL,UNKNOWN,UNKNOWN,NOT ON SCENE (DESK REPORT),NO INJURY / DRIVE AWAY,,,,"OVER $1,500",07/17/2025 08:15:00 PM,NOT APPLICABLE,NOT APPLICABLE,1640,W,ROOSEVELT RD,1231,,,,,,,2,NO INDICATION OF INJURY,0,0,0,0,0,2,0,18,5,7,41.8669693588,-87.6680735475,POINT (-87.668073547523 41.866969358832)
3273000ad78bf790b0a29d662f750799fa8c243bf949f5ec66bc562b39faff604977a72f2622252acd4817c035d3026c8ec39210d05e9a33a6dbfe60ae38f3f2,Y,07/17/2025 06:30:00 PM,30,NO CONTROLS,NO CONTROLS,CLEAR,DAYLIGHT,HEAD ON,PARKING LOT,,STRAIGHT AND LEVEL,DRY,NO DEFECTS,NOT ON SCENE (DESK REPORT),NO INJURY / DRIVE AWAY,,Y,,"OVER $1,500",07/18/2025 02:30:00 PM,UNABLE TO DETERMINE,UNABLE TO DETERMINE,9454,S,COTTAGE GROVE AVE,633,,,,,,,2,NO INDICATION OF INJURY,0,0,0,0,0,2,0,18,5,7,41.7225186946,-87.604636809,POINT (-87.604636808993 41.722518694616)
5d5294accc00b4cccd168cd5443671f44100ecdf48e4526f63db5daed9be5d4d37e80fb553738fa33909c80aa5025ff0ff5ade1ad7fd2b61d6437454c2f0959f,,07/17/2025 06:30:00 PM,30,NO CONTROLS,NO CONTROLS,CLEAR,DAYLIGHT,SIDESWIPE SAME DIRECTION,DIVIDED - W/MEDIAN (NOT RAISED),,STRAIGHT AND LEVEL,DRY,NO DEFECTS,NOT ON SCENE (DESK REPORT),NO INJURY / DRIVE AWAY,,,,"OVER $1,500",07/18/2025 01:50:00 PM,UNABLE TO DETERMINE,UNABLE TO DETERMINE,1100,W,34TH PL,913,,,,,,,2,NO INDICATION OF INJURY,0,0,0,0,0,2,0,18,5,7,41.8316835017,-87.6535421828,POINT (-87.65354218284 41.831683501731)
d2e6f1b3133884aaed10e153da593b1ba05a3008d012bcb64bb12a3a5523f79a7f3d8b5650b61ea3f3f02f4e68f2025005c801bb703372e3c9d92ed7181b4ffd,,07/17/2025 06:30:00 PM,30,NO CONTROLS,NO CONTROLS,CLEAR,DAYLIGHT,ANGLE,UNKNOWN,,STRAIGHT AND LEVEL,UNKNOWN,UNKNOWN,NOT ON SCENE (DESK REPORT),NO INJURY / DRIVE AWAY,Y,,Y,"OVER $1,500",07/18/2025 09:00:00 AM,DISREGARDING STOP SIGN,DISREGARDING STOP SIGN,8000,S,ALBANY AVE,835,,,,,,,2,NO INDICATION OF INJURY,0,0,0,0,0,3,0,18,5,7,41.7479236611,-87.7000470146,POINT (-87.700047014609 41.747923661086)
794e31c92a890e25538fbdbe2e575aca0e889047e2326b01a50a514a9932cd35aa0efdd08795e07d02b5a2902edca974524c548f062a15c40fc4f33bac3f143c,,07/17/2025 06:25:00 PM,30,UNKNOWN,UNKNOWN,CLOUDY/OVERCAST,DUSK,SIDESWIPE SAME DIRECTION,ONE-WAY,,STRAIGHT AND LEVEL,DRY,UNKNOWN,NOT ON SCENE (DESK REPORT),NO INJURY / DRIVE AWAY,,,,"OVER $1,500",07/17/2025 07:30:00 PM,UNABLE TO DETERMINE,NOT APPLICABLE,45,W,LAKE ST,111,,,,,,,2,NO INDICATION OF INJURY,0,0,0,0,0,2,0,18,5,7,41.8856339536,-87.6296554335,POINT (-87.62965543352 41.88563395361)
e30253d31987eac1b361d62ad47cec8cb7563697e21d23aaf4385991de61fd6dfde4d16ff8b0c8bc7b136c122d2d9be25187d603f398ba7f679b48c935da3822,,07/17/2025 06:22:00 PM,20,NO CONTROLS,NO CONTROLS,UNKNOWN,UNKNOWN,TURNING,OTHER,,STRAIGHT AND LEVEL,UNKNOWN,UNKNOWN,NOT ON SCENE (DESK REPORT),NO INJURY / DRIVE AWAY,,,Y,"OVER $1,500",07/18/2025 10:15:00 AM,UNABLE TO DETERMINE,NOT APPLICABLE,9454,S,COTTAGE GROVE AVE,633,,,,,,,2,NO INDICATION OF INJURY,0,0,0,0,0,2,0,18,5,7,41.7225186946,-87.604636809,POINT (-87.604636808993 41.722518694616)
51698bdbc64873da30dd112f0c9b8826553cba43d20707e1b7e6b97d090609025b209f82ced3e298991c529dcd25f0da0adc4ae261c90e8dfaa43460092d39a3,,07/17/2025 06:21:00 PM,30,TRAFFIC SIGNAL,FUNCTIONING PROPERLY,CLEAR,DAYLIGHT,TURNING,FOUR WAY,,STRAIGHT AND LEVEL,DRY,NO DEFECTS,ON SCENE,NO INJURY / DRIVE AWAY,Y,,,"OVER $1,500",07/17/2025 06:30:00 PM,FAILING TO YIELD RIGHT-OF-WAY,IMPROPER TURNING/NO SIGNAL,5159,W,ADDISON ST,1634,,,,,,,3,NO INDICATION OF INJURY,0,0,0,0,0,7,0,18,5,7,41.9458928382,-87.756796807,POINT (-87.756796807032 41.945892838212)
29842d5bc710cb3aeeb7ca52c42ccec01ccb826ca62fcd15eb544d540b466e2eb62b8739e91e41c7a3feffe6ad37d5c652de6807ba61188c09dbaf0b70e7918e,,07/17/2025 06:20:00 PM,30,NO CONTROLS,NO CONTROLS,CLEAR,DAYLIGHT,SIDESWIPE SAME DIRECTION,ONE-WAY,,STRAIGHT AND LEVEL,DRY,UNKNOWN,NOT ON SCENE (DESK REPORT),NO INJURY / DRIVE AWAY,,,,"OVER $1,500",07/17/2025 07:20:00 PM,IMPROPER OVERTAKING/PASSING,NOT APPLICABLE,130,E,RANDOLPH ST,114,,,,,,,2,NO INDICATION OF INJURY,0,0,0,0,0,3,0,18,5,7,41.884588372,-87.6232725611,POINT (-87.623272561055 41.884588371969)
ec6ab6fad9f0a0868a61ff32137e2338f1b21736765f93bfbd31f4da38cc7354a54e396495cfd9dcacbabf0db4a1e70633b4627b6ee52edc1130685519597476,,07/17/2025 06:19:00 PM,30,NO CONTROLS,NO CONTROLS,CLEAR,DAYLIGHT,PEDALCYCLIST,NOT DIVIDED,,STRAIGHT AND LEVEL,DRY,UNKNOWN,ON SCENE,INJURY AND / OR TOW DUE TO CRASH,,,,"OVER $1,500",07/17/2025 06:24:00 PM,UNABLE TO DETERMINE,UNABLE TO DETERMINE,7115,S,MOZART ST,831,,,,,,,2,INCAPACITATING INJURY,1,0,1,0,0,1,0,18,5,7,41.7640327385,-87.6940913631,POINT (-87.694091363136 41.764032738499)
a35f39970de201d460edf037d430d247dcdd9b5057b81c77d610082a649731ca2bdaee61d9417753225d275a769f607832a64b0f74ee2989f43492c98b74c725,,07/17/2025 06:17:00 PM,30,NO CONTROLS,NO CONTROLS,CLOUDY/OVERCAST,DAYLIGHT,PARKED MOTOR VEHICLE,PARKING LOT,,STRAIGHT AND LEVEL,WET,UNKNOWN,NOT ON SCENE (DESK REPORT),NO INJURY / DRIVE AWAY,,,,"OVER $1,500",07/17/2025 06:17:00 PM,IMPROPER BACKING,NOT APPLICABLE,6300,S,COAST GUARD DR,331,,,,,,,2,NO INDICATION OF INJURY,0,0,0,0,0,1,0,18,5,7,41.7796807607,-87.575066734,POINT (-87.575066733953 41.77968076067)
c89f8cc824ae74e1c866a7c15416e06386dc14b425c2da0f15d102b3720aced453055799d859095f0e4123f9b05aa2ef03604ac16ae0e6b95779fcde24c446a7,,07/17/2025 06:15:00 PM,10,NO CONTROLS,NO CONTROLS,CLEAR,DAYLIGHT,REAR TO FRONT,ALLEY,,STRAIGHT AND LEVEL,DRY,UNKNOWN,NOT ON SCENE (DESK REPORT),NO INJURY / DRIVE AWAY,,,,"OVER $1,500",07/17/2025 07:15:00 PM,UNABLE TO DETERMINE,UNABLE TO DETERMINE,6640,S,MARSHFIELD AVE,725,,,,,,,2,NO INDICATION OF INJURY,0,0,0,0,0,2,0,18,5,7,41.7727706449,-87.6654478119,POINT (-87.66544781188 41.772770644932)
1c26b2a7e8f7c61048ba60e6488b68a825fa39e36d66170f7d86f0a73319ae1e0d2af5595e69f314aac9ce73a6abeeb6d6125b44bf1b8d0f773ba145026ec25f,,07/17/2025 06:14:00 PM,30,NO CONTROLS,NO CONTROLS,CLEAR,DAYLIGHT,PEDESTRIAN,FOUR WAY,,STRAIGHT AND LEVEL,DRY,NO DEFECTS,ON SCENE,INJURY AND / OR TOW DUE TO CRASH,Y,,,"$501 - $1,500",07/17/2025 06:14:00 PM,FAILING TO YIELD RIGHT-OF-WAY,NOT APPLICABLE,2632,W,LAWRENCE AVE,2031,,,,,,,2,NONINCAPACITATING INJURY,1,0,0,1,0,1,0,18,5,7,41.9686702259,-87.6951627475,POINT (-87.695162747502 41.968670225899)
8103fd97443b0046702131e1a4901add6e796d342fbb0c7b325e68e09b089a31e2f43ed40511b83da970976ce87968c8f10d778e6587e11aaba0303d17b5be3e,,07/17/2025 06:06:00 PM,35,OTHER,FUNCTIONING PROPERLY,CLEAR,DAYLIGHT,TURNING,DIVIDED - W/MEDIAN (NOT RAISED),,STRAIGHT AND LEVEL,DRY,NO DEFECTS,ON SCENE,NO INJURY / DRIVE AWAY,,,,"OVER $1,500",07/17/2025 06:07:00 PM,UNABLE TO DETERMINE,NOT APPLICABLE,6917,S,PULASKI RD,833,,,,,,,2,NO INDICATION OF INJURY,0,0,0,0,0,4,0,18,5,7,41.7671451654,-87.7223235485,POINT (-87.722323548468 41.767145165375)
c5d93ba80451f61cb2fcac9d2295de3c61972803804018d44abed5f256591ae561a226d17c418a1cd30232d07c1fe5a296ac661158310170ebde4f83926e4356,,07/17/2025 06:02:00 PM,10,NO CONTROLS,NO CONTROLS,CLEAR,DAYLIGHT,PARKED MOTOR VEHICLE,PARKING LOT,,STRAIGHT AND LEVEL,DRY,NO DEFECTS,ON SCENE,NO INJURY / DRIVE AWAY,,Y,,"$501 - $1,500",07/17/2025 06:20:00 PM,UNABLE TO DETERMINE,NOT APPLICABLE,5330,S,PULASKI RD,815,,,,,,,2,NO INDICATION OF INJURY,0,0,0,0,0,1,0,18,5,7,41.795919559,-87.7233842557,POINT (-87.723384255681 41.795919558952)