CRASH_RECORD_ID,CRASH_DATE_EST_I,CRASH_DATE,POSTED_SPEED_LIMIT,TRAFFIC_CONTROL_DEVICE,DEVICE_CONDITION,WEATHER_CONDITION,LIGHTING_CONDITION,FIRST_CRASH_TYPE,TRAFFICWAY_TYPE,LANE_CNT,ALIGNMENT,ROADWAY_SURFACE_COND,ROAD_DEFECT,REPORT_TYPE,CRASH_TYPE,INTERSECTION_RELATED_I,NOT_RIGHT_OF_WAY_I,HIT_AND_RUN_I,DAMAGE,DATE_POLICE_NOTIFIED,PRIM_CONTRIBUTORY_CAUSE,SEC_CONTRIBUTORY_CAUSE,STREET_NO,STREET_DIRECTION,STREET_NAME,BEAT_OF_OCCURRENCE,PHOTOS_TAKEN_I,STATEMENTS_TAKEN_I,DOORING_I,WORK_ZONE_I,WORK_ZONE_TYPE,WORKERS_PRESENT_I,NUM_UNITS,MOST_SEVERE_INJURY,INJURIES_TOTAL,INJURIES_FATAL,INJURIES_INCAPACITATING,INJURIES_NON_INCAPACITATING,INJURIES_REPORTED_NOT_EVIDENT,INJURIES_NO_INDICATION,INJURIES_UNKNOWN,CRASH_HOUR,CRASH_DAY_OF_WEEK,CRASH_MONTH,LATITUDE,LONGITUDE,LOCATION
0dde916cff039d8ca483c564ec0ea51213cd23da9fa961e5d14fabd9e3badb278d20dc376857270eb81afe92b92424b739598fa84d4002c9b64433211715fde5,,07/17/2025 06:00:00 PM,30,NO CONTROLS,NO CONTROLS,CLEAR,DAYLIGHT,REAR END,T-INTERSECTION,,STRAIGHT AND LEVEL,DRY,UNKNOWN,,INJURY AND / OR TOW DUE TO CRASH,,,Y,"OVER $1,500",07/17/2025 07:15:00 PM,FOLLOWING TOO CLOSELY,NOT APPLICABLE,4100,W,FULLERTON AVE,2524,,,,,,,2,"REPORTED, NOT EVIDENT",1,0,0,0,1,2,0,18,5,7,41.9245670311,-87.7292846667,POINT (-87.72928466672 41.924567031079)
9c831e2bcf7a8a117bbb3045c2f6574d9ba5651df16a31da3af92c85a72c5f40fe30614a40ffc6d08fb0b4f9fc3e4a6e51e7aa2b1a018449f0ec22369ed84627,,07/17/2025 05:59:00 PM,20,NO CONTROLS,NO CONTROLS,CLEAR,DAYLIGHT,PARKED MOTOR VEHICLE,ONE-WAY,,STRAIGHT AND LEVEL,DRY,NO DEFECTS,ON SCENE,INJURY AND / OR TOW DUE TO CRASH,,,,"$501 - $1,500",07/17/2025 06:02:00 PM,UNDER THE INFLUENCE OF ALCOHOL/DRUGS (USE WHEN ARREST IS EFFECTED),NOT APPLICABLE,4857,W,NEWPORT AVE,1634,,,,,,,2,NO INDICATION OF INJURY,0,0,0,0,0,2,0,17,5,7,41.9432516671,-87.7491567534,POINT (-87.749156753424 41.94325166714)
bb590ec8f1a4d8e96fb94edfa3f1468e617aa65c555a2332774f19100cf7aea2156bcac969d9d33e4bab3fc6415901b249c22c9944a1525ebaa90cf7317ea22c,,07/17/2025 05:59:00 PM,25,TRAFFIC SIGNAL,FUNCTIONING PROPERLY,CLEAR,DAYLIGHT,TURNING,FOUR WAY,,STRAIGHT AND LEVEL,DRY,NO DEFECTS,NOT ON SCENE (DESK REPORT),NO INJURY / DRIVE AWAY,Y,,,"OVER $1,500",07/17/2025 07:00:00 PM,DISREGARDING ROAD MARKINGS,IMPROPER TURNING/NO SIGNAL,299,E,ROOSEVELT RD,132,,,,,,,2,NO INDICATION OF INJURY,0,0,0,0,0,2,0,17,5,7,41.867402434,-87.6204276049,POINT (-87.620427604931 41.867402433986)
1a88984288d39822d21e23e2598e57e57368e61d281bed938f6be6647bc6900fb985daae5e2d857b05d6ea1f46e2b4ea1ab2709d3368e56ad593b72c53371522,,07/17/2025 05:50:00 PM,30,NO CONTROLS,NO CONTROLS,CLEAR,DAYLIGHT,REAR END,NOT DIVIDED,,STRAIGHT AND LEVEL,DRY,NO DEFECTS,NOT ON SCENE (DESK REPORT),NO INJURY / DRIVE AWAY,,,,"$501 - $1,500",07/17/2025 06:25:00 PM,UNABLE TO DETERMINE,NOT APPLICABLE,1800,W,95TH ST,2221,,,,,,,2,NO INDICATION OF INJURY,0,0,0,0,0,2,0,17,5,7,41.7212557309,-87.6675509456,POINT (-87.667550945631 41.721255730866)
aa61742a5d95b263a2b2151d22440b21cc3c0c3dbbc43eb1b570c19250f66754e1b35ee7922beee2d61b490b29c112fc0cc3e40f27952adbc113919fc500df9a,,07/17/2025 05:46:00 PM,30,NO CONTROLS,NO CONTROLS,CLEAR,DAYLIGHT,SIDESWIPE SAME DIRECTION,ONE-WAY,,STRAIGHT AND LEVEL,DRY,NO DEFECTS,ON SCENE,NO INJURY / DRIVE AWAY,,,Y,"OVER $1,500",07/17/2025 06:14:00 PM,UNABLE TO DETERMINE,UNABLE TO DETERMINE,564,W,RANDOLPH ST,121,,Y,,,,,2,NO INDICATION OF INJURY,0,0,0,0,0,2,0,17,5,7,41.8845433977,-87.6423313867,POINT (-87.642331386727 41.884543397738)
a23911283a8fc032a778eee8f662d4aa235c1270a41707d7dcb5dbf19561365937c23250172c83b540ac0cd6cc3367fea75704fda4297fbb04fd105e752713fc,,07/17/2025 05:45:00 PM,30,NO CONTROLS,NO CONTROLS,CLEAR,DAYLIGHT,SIDESWIPE OPPOSITE DIRECTION,DIVIDED - W/MEDIAN (NOT RAISED),,STRAIGHT AND LEVEL,DRY,NO DEFECTS,ON SCENE,NO INJURY / DRIVE AWAY,,,,"OVER $1,500",07/17/2025 05:55:00 PM,IMPROPER LANE USAGE,UNABLE TO DETERMINE,5250,N,WESTERN AVE,2011,,,,,,,2,NO INDICATION OF INJURY,0,0,0,0,0,2,0,17,5,7,41.9774059478,-87.6893567042,POINT (-87.689356704168 41.977405947831)
c725812382781a85a7038be4ba680ad6a95aae00f8dd5e45cb615fe246756fb48fe3b30cb1aebe4d647370f4a9b4a443bc0f5a9154dc0d338b70200fae9cbb06,,07/17/2025 05:45:00 PM,30,TRAFFIC SIGNAL,FUNCTIONING PROPERLY,CLEAR,DAYLIGHT,REAR END,NOT DIVIDED,,STRAIGHT AND LEVEL,DRY,UNKNOWN,ON SCENE,NO INJURY / DRIVE AWAY,,,,"OVER $1,500",07/17/2025 05:47:00 PM,FAILING TO YIELD RIGHT-OF-WAY,RELATED TO BUS STOP,2202,N,HALSTED ST,1812,,,,,,,2,NO INDICATION OF INJURY,0,0,0,0,0,2,0,17,5,7,41.9219617539,-87.6487835194,POINT (-87.648783519398 41.921961753913)
03497950c7fae498d6cfb7ad84f36dc123d88b8ca0d4833c6b6e4b55742ae4ef2b3a5b983cbff759b60b4b7c41d3a59a5e8b6b1c7a70dd3ab2ae4fd98a2dc1f9,,07/17/2025 05:44:00 PM,30,STOP SIGN/FLASHER,FUNCTIONING PROPERLY,CLEAR,DAYLIGHT,ANGLE,FOUR WAY,,STRAIGHT AND LEVEL,DRY,UNKNOWN,ON SCENE,INJURY AND / OR TOW DUE TO CRASH,Y,,,"OVER $1,500",07/17/2025 05:50:00 PM,UNABLE TO DETERMINE,NOT APPLICABLE,6829,W,DIVERSEY AVE,2512,,,,,,,2,NO INDICATION OF INJURY,0,0,0,0,0,3,0,17,5,7,41.9307586919,-87.7966284631,POINT (-87.796628463067 41.930758691901)
cf17c08f340204598fe084be35adb010f5c1cd5dfe1b7a80befc706ec0bd29de33fc6ec4459edae874f7c1d3ebb6d8c76fd943249c60d7167b96b3d7cf3190c0,,07/17/2025 05:40:00 PM,30,TRAFFIC SIGNAL,FUNCTIONING PROPERLY,RAIN,DAYLIGHT,REAR END,FOUR WAY,,STRAIGHT AND LEVEL,WET,UNKNOWN,NOT ON SCENE (DESK REPORT),NO INJURY / DRIVE AWAY,Y,,Y,"OVER $1,500",07/17/2025 07:10:00 PM,UNABLE TO DETERMINE,NOT APPLICABLE,26,W,69TH ST,722,,,,,,,2,NO INDICATION OF INJURY,0,0,0,0,0,2,0,17,5,7,41.7692913263,-87.6260009631,POINT (-87.626000963129 41.769291326274)
0a5a4119f205aa2bdf2d9758fc40b024874cbcf8f5964fe753bfbb6ecb80020d86d1fe84e0be596a0f7b48adfb39776d9c20a6f8a034454182ea6f408cb4df3a,,07/17/2025 05:30:00 PM,30,TRAFFIC SIGNAL,FUNCTIONING PROPERLY,CLEAR,DAYLIGHT,REAR END,ONE-WAY,,STRAIGHT AND LEVEL,DRY,NO DEFECTS,ON SCENE,NO INJURY / DRIVE AWAY,,,,"OVER $1,500",07/18/2025 06:00:00 AM,FOLLOWING TOO CLOSELY,DRIVING SKILLS/KNOWLEDGE/EXPERIENCE,5451,S,WENTWORTH AVE,225,,,,,,,2,NO INDICATION OF INJURY,0,0,0,0,0,2,0,17,5,7,41.7949157408,-87.6303766654,POINT (-87.630376665403 41.794915740831)
1bf490d66b43ea6d30ca2a2165eed47268a1a9a70688fb9ecdba0783e8ffad6009d2b9bee9c6ef22f392d9469a6e60625bdc709c715160be820608314ba792f4,,07/17/2025 05:30:00 PM,30,NO CONTROLS,NO CONTROLS,CLEAR,DAYLIGHT,SIDESWIPE SAME DIRECTION,NOT DIVIDED,,STRAIGHT AND LEVEL,DRY,NO DEFECTS,NOT ON SCENE (DESK REPORT),NO INJURY / DRIVE AWAY,,,Y,"OVER $1,500",07/17/2025 05:50:00 PM,NOT APPLICABLE,NOT APPLICABLE,5200,W,LAKE ST,1523,,,,,,,2,NO INDICATION OF INJURY,0,0,0,0,0,3,0,17,5,7,41.8873141867,-87.7553694428,POINT (-87.7553694428 41.887314186701)
69040bf8e032e9ba911bc0341e0fa60af871c91bc243ece196f293ee373a459c3961fad0c3994cbecbb8168dd172a1462b21f2704dd33be284eb71274618d6c6,,07/17/2025 05:30:00 PM,15,NO CONTROLS,NO CONTROLS,CLEAR,DAYLIGHT,REAR TO REAR,PARKING LOT,,STRAIGHT AND LEVEL,DRY,UNKNOWN,NOT ON SCENE (DESK REPORT),NO INJURY / DRIVE AWAY,,,,"$501 - $1,500",07/19/2025 12:00:00 PM,IMPROPER BACKING,UNABLE TO DETERMINE,1255,W,NORTH AVE,1433,,,,,,,2,NO INDICATION OF INJURY,0,0,0,0,0,3,0,17,5,7,41.9106553277,-87.6590174223,POINT (-87.659017422338 41.91065532766)
be704f9d7141520b80eacbb3876420fefa433c7c8d974751f455af424cc5bb959e1164c91fcd8f847f11a48ab1b08155e6c7df70dcad5f77c427d10afcd27a73,N,07/17/2025 05:30:00 PM,30,TRAFFIC SIGNAL,FUNCTIONING PROPERLY,CLEAR,DAYLIGHT,SIDESWIPE SAME DIRECTION,NOT DIVIDED,,STRAIGHT AND LEVEL,DRY,NO DEFECTS,NOT ON SCENE (DESK REPORT),NO INJURY / DRIVE AWAY,,,,"$501 - $1,500",07/18/2025 01:40:00 PM,FAILING TO YIELD RIGHT-OF-WAY,FAILING TO YIELD RIGHT-OF-WAY,4508,N,MILWAUKEE AVE,1623,,,,,,,2,NO INDICATION OF INJURY,0,0,0,0,0,3,0,17,5,7,41.962624154,-87.7563806478,POINT (-87.756380647774 41.96262415401)
ff8c809e6d33ae2517188a0d821f512251107a60406d91a5a83868f64c16cc9d82ae5304a99cdc6d6bf7307b329cd4211781c00c2e575ad6f3c9e7d7f792012d,,07/17/2025 05:30:00 PM,30,UNKNOWN,UNKNOWN,UNKNOWN,UNKNOWN,REAR END,FOUR WAY,,STRAIGHT AND LEVEL,UNKNOWN,UNKNOWN,NOT ON SCENE (DESK REPORT),NO INJURY / DRIVE AWAY,,,,"OVER $1,500",07/18/2025 11:10:00 AM,UNABLE TO DETERMINE,UNABLE TO DETERMINE,200,W,GARFIELD BLVD,225,,,,,,,2,NO INDICATION OF INJURY,0,0,0,0,0,2,0,17,5,7,41.7946703847,-87.6305474761,POINT (-87.630547476056 41.794670384689)
ac9509a1c0c07a9a62fb1017c1f5afe8e828509f5508727c93cfa89dbb8782787fb2bdca6c9a9d958e47d7021cfc117dc3da878da6c6e8186ac85c0d70e691fe,,07/17/2025 05:22:00 PM,25,NO CONTROLS,NO CONTROLS,CLEAR,DAYLIGHT,PARKED MOTOR VEHICLE,NOT DIVIDED,,STRAIGHT AND LEVEL,DRY,NO DEFECTS,ON SCENE,NO INJURY / DRIVE AWAY,,,,"OVER $1,500",07/17/2025 05:22:00 PM,IMPROPER LANE USAGE,NOT APPLICABLE,2439,W,FARRAGUT AVE,2011,,,,,,,2,NO INDICATION OF INJURY,0,0,0,0,0,1,0,17,5,7,41.9766713915,-87.6905873406,POINT (-87.690587340631 41.976671391479)
57cddd484ff4c062d660cc8d320a15380b9fd7a7111b48309e2c22f2c853ddd5519f19a599fb7c77f3dcf9acf53133dc1cbdccb78061a2d694abbb4de5c13877,,07/17/2025 05:20:00 PM,30,NO CONTROLS,NO CONTROLS,CLEAR,DAYLIGHT,SIDESWIPE SAME DIRECTION,NOT DIVIDED,,STRAIGHT AND LEVEL,DRY,NO DEFECTS,ON SCENE,NO INJURY / DRIVE AWAY,,,,$500 OR LESS,07/17/2025 05:22:00 PM,UNABLE TO DETERMINE,NOT APPLICABLE,4507,W,FOSTER AVE,1712,,,,,,,2,NO INDICATION OF INJURY,0,0,0,0,0,2,0,17,5,7,41.9752875889,-87.740973562,POINT (-87.740973561956 41.975287588938)
d9d9cf823184de32a4a0590a64d41fb00fbf4f779b126aacdbfd6634ccf283ee06cab71af51b1b9ccecab019af23d9247bd593a4094f29eba3cb1f598346cbeb,,07/17/2025 05:20:00 PM,30,TRAFFIC SIGNAL,FUNCTIONING PROPERLY,CLEAR,DUSK,REAR TO FRONT,FOUR WAY,,STRAIGHT AND LEVEL,DRY,UNKNOWN,NOT ON SCENE (DESK REPORT),NO INJURY / DRIVE AWAY,Y,,Y,"$501 - $1,500",07/17/2025 08:55:00 PM,IMPROPER BACKING,IMPROPER BACKING,2200,N,HALSTED ST,1812,,,,,,,2,NO INDICATION OF INJURY,0,0,0,0,0,2,0,17,5,7,41.9219054777,-87.6487819809,POINT (-87.648781980903 41.921905477671)
e657edbf06a856d4ef7a6e6ae5f1f42f2585ad7fb8160c4a3c96db90469f1c1127e39f77cf4b1c4643bf9eb5de8483754625bede36add2abddd6f3d007550be7,,07/17/2025 05:20:00 PM,30,NO CONTROLS,NO CONTROLS,CLEAR,DAYLIGHT,PARKED MOTOR VEHICLE,FOUR WAY,,STRAIGHT AND LEVEL,DRY,UNKNOWN,NOT ON SCENE (DESK REPORT),INJURY AND / OR TOW DUE TO CRASH,,,N,"OVER $1,500",07/17/2025 10:59:00 PM,UNABLE TO DETERMINE,NOT APPLICABLE,7923,S,HALSTED ST,621,,,,,,,2,NONINCAPACITATING INJURY,2,0,0,2,0,1,0,17,5,7,41.7499314582,-87.6438771253,POINT (-87.643877125327 41.749931458226)
3bb6e1b19a175e08312d43d558d65e359cc7ffbd98276a079cfee1c77976f3ade7e3488bd929bc5b758478b1ec97cb2e58bfc15a3585a7e25019156594fd474d,,07/17/2025 05:18:00 PM,30,NO CONTROLS,NO CONTROLS,CLEAR,DAYLIGHT,PEDALCYCLIST,FOUR WAY,,STRAIGHT ON GRADE,DRY,NO DEFECTS,ON SCENE,INJURY AND / OR TOW DUE TO CRASH,,,,"$501 - $1,500",07/17/2025 05:19:00 PM,FAILING TO YIELD RIGHT-OF-WAY,UNABLE TO DETERMINE,2527,S,HALSTED ST,914,,,,,,,2,INCAPACITATING INJURY,1,0,1,0,0,1,0,17,5,7,41.8461556347,-87.6463157054,POINT (-87.646315705434 41.846155634712)
63078ff4fb6eae0d17ba5d6012f140d9e3dc03eab7f3ea85ff05ec280a61f7c631dd57bd92aed948663d0ed666d909959ae095ff8812e60d857de09ed04ffefd,,07/17/2025 05:16:00 PM,30,NO CONTROLS,NO CONTROLS,CLOUDY/OVERCAST,DAYLIGHT,SIDESWIPE SAME DIRECTION,DIVIDED - W/MEDIAN BARRIER,,STRAIGHT AND LEVEL,DRY,NO DEFECTS,NOT ON SCENE (DESK REPORT),NO INJURY / DRIVE AWAY,,,Y,"OVER $1,500",07/17/2025 07:05:00 PM,IMPROPER LANE USAGE,IMPROPER OVERTAKING/PASSING,5700,S,CICERO AVE,813,,,,,,,2,NO INDICATION OF INJURY,0,0,0,0,0,2,0,17,5,7,41.7893293233,-87.7416456442,POINT (-87.741645644196 41.789329323265)
55798424210e54922ddaf4ca64c8b4ec9116cb3c39becdb0045f2f8e50f762aaa0755c2fb23cf0a1406d6bafab906fd519b815b1c3e28a8f736765a48075f390,,07/17/2025 05:15:00 PM,25,NO CONTROLS,NO CONTROLS,UNKNOWN,DUSK,SIDESWIPE SAME DIRECTION,NOT DIVIDED,,STRAIGHT AND LEVEL,UNKNOWN,UNKNOWN,NOT ON SCENE (DESK REPORT),NO INJURY / DRIVE AWAY,,,Y,"OVER $1,500",07/17/2025 06:45:00 PM,IMPROPER OVERTAKING/PASSING,NOT APPLICABLE,7010,W,GRAND AVE,2512,,,,,,,2,NO INDICATION OF INJURY,0,0,0,0,0,2,0,17,5,7,41.9236600329,-87.8012435879,POINT (-87.801243587929 41.923660032932)
80fa312de529c36b743dd40d15588d78dfa73124a38eb21d95dd5671e52e8a78a6321024daaefb87bb333f656c1813601ac8fa119ee130344fa9a4ffc1c443a2,,07/17/2025 05:15:00 PM,30,STOP SIGN/FLASHER,NO CONTROLS,CLEAR,DAYLIGHT,ANGLE,NOT DIVIDED,,STRAIGHT AND LEVEL,DRY,NO DEFECTS,NOT ON SCENE (DESK REPORT),NO INJURY / DRIVE AWAY,Y,,,"$501 - $1,500",07/17/2025 05:55:00 PM,FAILING TO YIELD RIGHT-OF-WAY,UNABLE TO DETERMINE,3300,S,ARCHER AVE,912,,,,,,,2,NO INDICATION OF INJURY,0,0,0,0,0,4,0,17,5,7,41.8341439238,-87.6717552252,POINT (-87.671755225177 41.83414392379)
c48b0ec9f9423c623f849bd82ba395cbcf8bdd6e09e146dd8a2b4be687de64890bcdf05b68e12fd15161d20b1cf2a9a6b2ddadaa9aaecfb33c6a9f2c758b60a1,,07/17/2025 05:06:00 PM,30,STOP SIGN/FLASHER,FUNCTIONING PROPERLY,CLEAR,DAYLIGHT,ANGLE,T-INTERSECTION,,STRAIGHT AND LEVEL,DRY,UNKNOWN,NOT ON SCENE (DESK REPORT),NO INJURY / DRIVE AWAY,Y,,,"OVER $1,500",07/17/2025 06:45:00 PM,DRIVING SKILLS/KNOWLEDGE/EXPERIENCE,NOT APPLICABLE,1434,N,KEDZIE AVE,1422,,,,,,,2,NO INDICATION OF INJURY,0,0,0,0,0,3,0,17,5,7,41.9074237893,-87.7070805524,POINT (-87.707080552446 41.907423789297)
4fd0fca3254f1b3cde4b99f9b645c4b6730c524141fb31147f336656aa84003f6d30bd885d53894c6b358993f8056ebc485efe28b5f1a37915a94b5609818e96,,07/17/2025 05:01:00 PM,30,TRAFFIC SIGNAL,FUNCTIONING PROPERLY,CLEAR,DAYLIGHT,TURNING,FOUR WAY,,STRAIGHT AND LEVEL,DRY,NO DEFECTS,,NO INJURY / DRIVE AWAY,,,,"OVER $1,500",07/17/2025 06:00:00 PM,IMPROPER TURNING/NO SIGNAL,NOT APPLICABLE,399,E,31ST ST,211,,,,,,,2,NO INDICATION OF INJURY,0,0,0,0,0,2,0,17,5,7,41.838311576,-87.6172927725,POINT (-87.617292772523 41.838311575959)
affea141a7f6395ee381eb165706c38fa667440d95cc288e0ae7d13e26fadff6081f0272e1040c785cf0684b5ad0a7af90de63e695f7bc3684f207c262a084aa,,07/17/2025 05:01:00 PM,30,STOP SIGN/FLASHER,FUNCTIONING PROPERLY,UNKNOWN,UNKNOWN,REAR END,FOUR WAY,,STRAIGHT AND LEVEL,UNKNOWN,UNKNOWN,ON SCENE,INJURY AND / OR TOW DUE TO CRASH,,,,"OVER $1,500",07/17/2025 05:29:00 PM,FOLLOWING TOO CLOSELY,UNABLE TO DETERMINE,4298,W,MARQUETTE RD,833,,,,,,,2,"REPORTED, NOT EVIDENT",1,0,0,0,1,1,0,17,5,7,41.7713972918,-87.7298318367,POINT (-87.729831836673 41.771397291796)
152c58cc15f93ecbec2a477c61d03ede7d06a2ae41dca21096cd1435d62e675c1023b788c0c0126ab9685f9900b5a2b61a891b23210ae589567792e44a35abb6,,07/17/2025 05:00:00 PM,30,STOP SIGN/FLASHER,FUNCTIONING PROPERLY,CLEAR,DAYLIGHT,ANGLE,FOUR WAY,,STRAIGHT AND LEVEL,DRY,NO DEFECTS,NOT ON SCENE (DESK REPORT),NO INJURY / DRIVE AWAY,,,,"OVER $1,500",07/17/2025 06:40:00 PM,DISREGARDING STOP SIGN,NOT APPLICABLE,3937,N,RICHMOND ST,1733,,,,,,,2,NO INDICATION OF INJURY,0,0,0,0,0,2,0,17,5,7,41.9532446859,-87.7017376007,POINT (-87.701737600713 41.953244685853)
29c433117329b12aa4036d568e670cd8ca97bcc098f4ad02abb5252ba27891c740d6f5fd3045a43bc9f8c63e2da03169a0e2db3512f1025ca8d332683d3494af,,07/17/2025 05:00:00 PM,30,STOP SIGN/FLASHER,UNKNOWN,CLOUDY/OVERCAST,DAYLIGHT,TURNING,FOUR WAY,,STRAIGHT AND LEVEL,UNKNOWN,UNKNOWN,NOT ON SCENE (DESK REPORT),NO INJURY / DRIVE AWAY,Y,,Y,"OVER $1,500",07/26/2025 07:30:00 PM,IMPROPER TURNING/NO SIGNAL,IMPROPER LANE USAGE,2913,N,CALIFORNIA AVE,1411,,,,,,,2,NO INDICATION OF INJURY,0,0,0,0,0,2,0,17,5,7,41.9343349121,-87.697532405,POINT (-87.697532405023 41.934334912069)
4a8ca9ec4ca97bd19429465daadf83f83eb261be101bebe8a0e811a58a3dc726501e903cb3ae1e0d0ee1cf00cfc331d1c26a532378da05f9474642bfada5f14c,,07/17/2025 05:00:00 PM,30,STOP SIGN/FLASHER,FUNCTIONING PROPERLY,CLOUDY/OVERCAST,DAYLIGHT,REAR END,NOT DIVIDED,,STRAIGHT AND LEVEL,DRY,NO DEFECTS,NOT ON SCENE (DESK REPORT),NO INJURY / DRIVE AWAY,Y,,,"OVER $1,500",07/17/2025 06:11:00 PM,FAILING TO REDUCE SPEED TO AVOID CRASH,NOT APPLICABLE,5601,W,61ST ST,812,,,,,,,2,NO INDICATION OF INJURY,0,0,0,0,0,2,0,17,5,7,41.7816112227,-87.7619306955,POINT (-87.761930695477 41.781611222745)
a0f8c3bcbbf949de20b7980a837e81cd648ccb6152eace31b4745abe6ccf26f849cb4f44a2962d39f76b7ec000ddaea1fd5f0509aea86a4805b74ddd261c3231,,07/17/2025 05:00:00 PM,30,NO CONTROLS,NO CONTROLS,UNKNOWN,DAYLIGHT,PARKED MOTOR VEHICLE,OTHER,,STRAIGHT AND LEVEL,UNKNOWN,UNKNOWN,NOT ON SCENE (DESK REPORT),NO INJURY / DRIVE AWAY,,Y,Y,"$501 - $1,500",07/17/2025 06:20:00 PM,UNABLE TO DETERMINE,NOT APPLICABLE,3313,W,NORTH AVE,1422,,,,,,,2,NO INDICATION OF INJURY,0,0,0,0,0,4,0,17,5,7,41.9099642851,-87.7100373336,POINT (-87.710037333611 41.909964285147)
716570a228f3d640033e940aa5fbb572337b104a126aaffd7b909097da04fae0c4c9c74d85ab73c07f013a062376977c55f4deb742e5110fa446f974a27a6432,,07/17/2025 04:57:00 PM,30,TRAFFIC SIGNAL,FUNCTIONING PROPERLY,CLEAR,DAYLIGHT,ANGLE,OTHER,,STRAIGHT AND LEVEL,DRY,NO DEFECTS,NOT ON SCENE (DESK REPORT),NO INJURY / DRIVE AWAY,Y,,,"OVER $1,500",07/17/2025 06:55:00 PM,UNABLE TO DETERMINE,NOT APPLICABLE,2550,N,WESTERN AVE,1431,,,,,,,2,NO INDICATION OF INJURY,0,0,0,0,0,2,0,16,5,7,41.9283223635,-87.6879094416,POINT (-87.687909441641 41.928322363544)
768f5a59c42371627a69017e91bf5dfeb87c64a68f4c220af5a2915b7ab6663fad27fcd274c00a2867e96e18d2e0a8e8b559d1bca47c99b9e7c34228888cc199,,07/17/2025 04:48:00 PM,35,NO CONTROLS,NO CONTROLS,CLEAR,DAYLIGHT,SIDESWIPE SAME DIRECTION,DIVIDED - W/MEDIAN (NOT RAISED),,STRAIGHT AND LEVEL,DRY,NO DEFECTS,ON SCENE,NO INJURY / DRIVE AWAY,,,,"OVER $1,500",07/17/2025 05:50:00 PM,IMPROPER OVERTAKING/PASSING,NOT APPLICABLE,440,S,ASHLAND AVE,1231,,,,,,,2,NO INDICATION OF INJURY,0,0,0,0,0,5,0,16,5,7,41.875237013,-87.6667752559,POINT (-87.666775255854 41.875237013043)
80c98f30f99aa3304c9dc284da566a03bd7e067a83ea8f3b56cbf55935c9c0aa91047effda5adebd066fdd041640fced7f4023c63b01dba31507d051e7bbd51d,,07/17/2025 04:40:00 PM,30,NO CONTROLS,NO CONTROLS,CLEAR,DAYLIGHT,ANGLE,ONE-WAY,,STRAIGHT AND LEVEL,DRY,UNKNOWN,NOT ON SCENE (DESK REPORT),NO INJURY / DRIVE AWAY,,,,"$501 - $1,500",07/17/2025 05:45:00 PM,UNABLE TO DETERMINE,UNABLE TO DETERMINE,5502,S,WENTWORTH AVE,225,,,,,,,2,NO INDICATION OF INJURY,0,0,0,0,0,3,0,16,5,7,,,
134d3cbec73bcc2ecce2f53e51ab2d57184ee6ee5d7a63edb2acb8d1ca93541e4ad9cf576e55918a108ecdab7e1fdad7258c1b0efcaf58198bb71c1ad8d1a83f,,07/17/2025 04:35:00 PM,30,TRAFFIC SIGNAL,FUNCTIONING PROPERLY,UNKNOWN,UNKNOWN,TURNING,NOT DIVIDED,,STRAIGHT AND LEVEL,UNKNOWN,UNKNOWN,NOT ON SCENE (DESK REPORT),NO INJURY / DRIVE AWAY,,,,"OVER $1,500",07/17/2025 05:23:00 PM,UNABLE TO DETERMINE,UNABLE TO DETERMINE,5968,N,PULASKI RD,1711,,,,,,,2,NO INDICATION OF INJURY,0,0,0,0,0,2,0,16,5,7,41.9900399195,-87.728777175,POINT (-87.728777174984 41.990039919467)
32e22d7f8e74d09440364ba214589543f562d575f0ebdca2d8a3262243fb6d72b3250605e920e9e131ad5ed507f52290b2ad0c10039917fa7a72040424155f31,,07/17/2025 04:30:00 PM,30,NO CONTROLS,NO CONTROLS,UNKNOWN,UNKNOWN,PARKED MOTOR VEHICLE,UNKNOWN,,STRAIGHT AND LEVEL,UNKNOWN,UNKNOWN,NOT ON SCENE (DESK REPORT),NO INJURY / DRIVE AWAY,,,,"$501 - $1,500",07/17/2025 07:10:00 PM,UNABLE TO DETERMINE,NOT APPLICABLE,1459,W,ARGYLE ST,2033,,,,,,,2,NO INDICATION OF INJURY,0,0,0,0,0,2,0,16,5,7,41.972452753,-87.6668706505,POINT (-87.666870650453 41.972452752952)
67eb886f7740acab3133ca1512cc1c2da8e99b3ebc9e4e2f8fee980b0d6ef6e850ae9453fee5b8b60f8257bdcfa2ac0c2ac2ae0b24dc341d676238264a756040,Y,07/17/2025 04:30:00 PM,30,NO CONTROLS,NO CONTROLS,CLEAR,DAYLIGHT,FIXED OBJECT,DIVIDED - W/MEDIAN (NOT RAISED),,STRAIGHT AND LEVEL,DRY,"RUT, HOLES",NOT ON SCENE (DESK REPORT),NO INJURY / DRIVE AWAY,,,,"OVER $1,500",07/18/2025 12:00:00 PM,UNABLE TO DETERMINE,NOT APPLICABLE,6869,W,GRAND AVE,2512,,,,,,,1,NO INDICATION OF INJURY,0,0,0,0,0,1,0,16,5,7,41.9234691189,-87.7978184153,POINT (-87.797818415272 41.923469118945)