CRASH_RECORD_ID,CRASH_DATE_EST_I,CRASH_DATE,POSTED_SPEED_LIMIT,TRAFFIC_CONTROL_DEVICE,DEVICE_CONDITION,WEATHER_CONDITION,LIGHTING_CONDITION,FIRST_CRASH_TYPE,TRAFFICWAY_TYPE,LANE_CNT,ALIGNMENT,ROADWAY_SURFACE_COND,ROAD_DEFECT,REPORT_TYPE,CRASH_TYPE,INTERSECTION_RELATED_I,NOT_RIGHT_OF_WAY_I,HIT_AND_RUN_I,DAMAGE,DATE_POLICE_NOTIFIED,PRIM_CONTRIBUTORY_CAUSE,SEC_CONTRIBUTORY_CAUSE,STREET_NO,STREET_DIRECTION,STREET_NAME,BEAT_OF_OCCURRENCE,PHOTOS_TAKEN_I,STATEMENTS_TAKEN_I,DOORING_I,WORK_ZONE_I,WORK_ZONE_TYPE,WORKERS_PRESENT_I,NUM_UNITS,MOST_SEVERE_INJURY,INJURIES_TOTAL,INJURIES_FATAL,INJURIES_INCAPACITATING,INJURIES_NON_INCAPACITATING,INJURIES_REPORTED_NOT_EVIDENT,INJURIES_NO_INDICATION,INJURIES_UNKNOWN,CRASH_HOUR,CRASH_DAY_OF_WEEK,CRASH_MONTH,LATITUDE,LONGITUDE,LOCATION
800868b1363e1db62984f6e091cac1dd02d62101b79073447e55dfee932c1e5b1ee7a9a978290d2b53aba7a53896cf1e79671b31e8834a17ec7c3368bf518559,,07/17/2025 04:18:00 PM,30,NO CONTROLS,NO CONTROLS,CLEAR,DAYLIGHT,ANGLE,NOT DIVIDED,,STRAIGHT AND LEVEL,DRY,NO DEFECTS,ON SCENE,NO INJURY / DRIVE AWAY,,,Y,"OVER $1,500",07/17/2025 04:18:00 PM,FAILING TO YIELD RIGHT-OF-WAY,NOT APPLICABLE,6647,S,WESTERN AVE,832,,,,,,,2,NO INDICATION OF INJURY,0,0,0,0,0,2,0,16,5,7,41.7724064825,-87.6833095317,POINT (-87.683309531677 41.772406482508)
6366cde11f151906e9ec813d3f8e69bd02c6b8faa3348adf798fdec0e5383a2a9c0129a06c5abda3a88052ef85a121f705e48aec7be644f282baadb37809d0a0,,07/17/2025 04:15:00 PM,30,NO CONTROLS,NO CONTROLS,CLEAR,DAYLIGHT,PARKED MOTOR VEHICLE,NOT DIVIDED,,STRAIGHT AND LEVEL,DRY,NO DEFECTS,NOT ON SCENE (DESK REPORT),NO INJURY / DRIVE AWAY,,,Y,"OVER $1,500",07/17/2025 04:15:00 PM,DRIVING SKILLS/KNOWLEDGE/EXPERIENCE,PHYSICAL CONDITION OF DRIVER,1601,W,ALTGELD ST,1931,,,,,,,5,NO INDICATION OF INJURY,0,0,0,0,0,2,0,16,5,7,41.9268530466,-87.668267229,POINT (-87.668267229046 41.926853046555)
f12d838aaa5e5e255aecc67d75186ea6c112d5d5d385aa99478a136fdc5467ed71adef4d7246263a91238cdbe89b3976981b797198912ff0dc258368294d6399,,07/17/2025 04:12:00 PM,30,NO CONTROLS,NO CONTROLS,CLEAR,DAYLIGHT,SIDESWIPE SAME DIRECTION,DIVIDED - W/MEDIAN BARRIER,,STRAIGHT AND LEVEL,DRY,UNKNOWN,NOT ON SCENE (DESK REPORT),NO INJURY / DRIVE AWAY,,,Y,"OVER $1,500",07/17/2025 06:00:00 PM,IMPROPER OVERTAKING/PASSING,NOT APPLICABLE,899,W,95TH ST,2223,,,,,,,2,NO INDICATION OF INJURY,0,0,0,0,0,3,0,16,5,7,41.7213188994,-87.6455778526,POINT (-87.64557785259 41.721318899448)
9d0ca806e1e45ee9054bab1d4c3f2cda33f5e4e365174293b2ee5bb2be5ef1953d90f9c82846360a68f558bac796e2b74ddae34c5c47e5fd7e07a39780210a9c,,07/17/2025 04:05:00 PM,30,NO CONTROLS,NO CONTROLS,CLEAR,DAYLIGHT,SIDESWIPE SAME DIRECTION,NOT DIVIDED,,STRAIGHT AND LEVEL,DRY,NO DEFECTS,NOT ON SCENE (DESK REPORT),NO INJURY / DRIVE AWAY,,,Y,$500 OR LESS,07/17/2025 06:00:00 PM,IMPROPER OVERTAKING/PASSING,UNABLE TO DETERMINE,4036,W,ROOSEVELT RD,1132,,,,,,,2,NO INDICATION OF INJURY,0,0,0,0,0,2,0,16,5,7,41.8662610497,-87.7266233381,POINT (-87.726623338136 41.866261049668)
26528cffab00f78d7c235f988ac242622e10bc66850b1713c29fa1b2e7d63b603005ecc6107dd305cf7c40f5994bc42d913c74bcb3cbf9f45a2bed10dd5e9419,,07/17/2025 04:04:00 PM,30,NO CONTROLS,NO CONTROLS,CLEAR,DAYLIGHT,REAR END,DIVIDED - W/MEDIAN (NOT RAISED),,STRAIGHT AND LEVEL,DRY,NO DEFECTS,ON SCENE,NO INJURY / DRIVE AWAY,,,,$500 OR LESS,07/17/2025 04:04:00 PM,FOLLOWING TOO CLOSELY,FOLLOWING TOO CLOSELY,1944,W,87TH ST,614,,,,,,,2,NO INDICATION OF INJURY,0,0,0,0,0,3,0,16,5,7,41.7357730862,-87.6721465399,POINT (-87.672146539883 41.735773086201)
39de14503b6f9cb8ed5dd2cd2150796205d003f884372c493c2903024628081b32938c0f305c4f5c7ed144351f0714170c56bc6832be68f58e5c1ecdc03fb3f6,,07/17/2025 04:00:00 PM,30,TRAFFIC SIGNAL,UNKNOWN,CLEAR,DAYLIGHT,REAR END,FOUR WAY,,STRAIGHT AND LEVEL,UNKNOWN,UNKNOWN,NOT ON SCENE (DESK REPORT),NO INJURY / DRIVE AWAY,N,,,"$501 - $1,500",07/21/2025 04:00:00 PM,EQUIPMENT - VEHICLE CONDITION,EQUIPMENT - VEHICLE CONDITION,1226,N,MILWAUKEE AVE,1424,,,,,,,2,NO INDICATION OF INJURY,0,0,0,0,0,2,0,16,5,7,41.9039010423,-87.6675578593,POINT (-87.667557859258 41.903901042327)
954c68d8f7f0a1846900e5da6d8edd46d52e28d70445fcda9109945ed4b28fb4be4bf2680a327c8f686a627b1bc87f2516f28e9914b3eea2b4b8f388c94a0fc5,,07/17/2025 04:00:00 PM,15,NO CONTROLS,NO CONTROLS,CLEAR,DAYLIGHT,PARKED MOTOR VEHICLE,PARKING LOT,,STRAIGHT AND LEVEL,DRY,NO DEFECTS,ON SCENE,NO INJURY / DRIVE AWAY,,,Y,"OVER $1,500",07/17/2025 07:19:00 PM,UNABLE TO DETERMINE,NOT APPLICABLE,7377,N,ROGERS AVE,2424,,,,,,,2,NO INDICATION OF INJURY,0,0,0,0,0,1,0,16,5,7,42.0153494732,-87.6764196843,POINT (-87.676419684285 42.015349473247)
d160179068b7e67b836e1a10f1071c802bb4807cded92ddd8d65370dabefa4ba8060b289ec4e74c528848e99f8c3ce7ccdf47f23c68ae432f15dc0e0899e6189,,07/17/2025 04:00:00 PM,25,NO CONTROLS,NO CONTROLS,CLEAR,DAYLIGHT,TURNING,NOT DIVIDED,,STRAIGHT AND LEVEL,UNKNOWN,UNKNOWN,NOT ON SCENE (DESK REPORT),NO INJURY / DRIVE AWAY,,,Y,"OVER $1,500",07/17/2025 05:30:00 PM,FAILING TO YIELD RIGHT-OF-WAY,NOT APPLICABLE,6948,W,GRAND AVE,2512,,,,,,,2,NO INDICATION OF INJURY,0,0,0,0,0,2,0,16,5,7,41.9236732565,-87.7996266459,POINT (-87.799626645945 41.923673256513)
dad4660230088a156a2273a3d205a7ada10b742835e9701fe1183c1aa05b57ac5299775e94bd79dce0e07e1c4b4d965e5c8ba926378f00028ce9796a92ad501f,,07/17/2025 04:00:00 PM,30,NO CONTROLS,NO CONTROLS,CLEAR,DAYLIGHT,SIDESWIPE SAME DIRECTION,DIVIDED - W/MEDIAN (NOT RAISED),,STRAIGHT AND LEVEL,DRY,NO DEFECTS,ON SCENE,INJURY AND / OR TOW DUE TO CRASH,,,,"OVER $1,500",07/17/2025 04:04:00 PM,FAILING TO YIELD RIGHT-OF-WAY,NOT APPLICABLE,8238,S,COTTAGE GROVE AVE,631,,,,,,,2,NONINCAPACITATING INJURY,1,0,0,1,0,1,0,16,5,7,41.7446264001,-87.6051982794,POINT (-87.605198279416 41.744626400076)
f932ff29b7ff8c452328ba8bc4c06ba5d511166e2bc59dfc0b831475a5f836111c4dacd7ab0a6c20f681d6bea0dfd7cb6112b3bf0ed3251923dfc6770d4ce895,,07/17/2025 04:00:00 PM,30,NO CONTROLS,NO CONTROLS,CLOUDY/OVERCAST,DAYLIGHT,SIDESWIPE SAME DIRECTION,NOT DIVIDED,,STRAIGHT AND LEVEL,WET,UNKNOWN,ON SCENE,INJURY AND / OR TOW DUE TO CRASH,,,Y,"OVER $1,500",07/17/2025 04:06:00 PM,IMPROPER OVERTAKING/PASSING,UNABLE TO DETERMINE,710,N,CENTRAL AVE,1511,,,,,,,3,NONINCAPACITATING INJURY,2,0,0,2,0,1,0,16,5,7,41.8933080744,-87.7654821402,POINT (-87.765482140152 41.893308074447)
5829ad02c6901b1e26ed4788153df0863be714cdfaa9e5160f213eaa8120f6423692db9b855ce473566fa61280a6e44e9fcd76df26aec56953772ab2a47b019e,,07/17/2025 03:58:00 PM,30,NO CONTROLS,NO CONTROLS,CLEAR,DAYLIGHT,SIDESWIPE SAME DIRECTION,NOT DIVIDED,,STRAIGHT AND LEVEL,DRY,NO DEFECTS,NOT ON SCENE (DESK REPORT),NO INJURY / DRIVE AWAY,,,,"$501 - $1,500",07/17/2025 04:45:00 PM,UNABLE TO DETERMINE,UNABLE TO DETERMINE,1300,S,CANAL ST,124,,,,,,,2,NO INDICATION OF INJURY,0,0,0,0,0,2,0,15,5,7,41.8655331694,-87.6393416438,POINT (-87.639341643824 41.865533169393)
a260281a954c9c34e2f68d440925567959c6ba4fecb6c3a638caff59425e3ffe83882e373b7a3a1b60440340de8522da3dcd5235e20a46940f815d5803ab756e,,07/17/2025 03:58:00 PM,30,NO CONTROLS,NO CONTROLS,CLEAR,DAYLIGHT,TURNING,NOT DIVIDED,,STRAIGHT AND LEVEL,DRY,NO DEFECTS,NOT ON SCENE (DESK REPORT),NO INJURY / DRIVE AWAY,,,,"OVER $1,500",07/17/2025 04:39:00 PM,IMPROPER TURNING/NO SIGNAL,IMPROPER TURNING/NO SIGNAL,4343,N,CENTRAL AVE,1624,,,,,,,2,NO INDICATION OF INJURY,0,0,0,0,0,3,0,15,5,7,41.9599719499,-87.7670788604,POINT (-87.767078860371 41.959971949862)
236f387cc80e87ceb63eba65c1db2b3ab1651c05c51e67247e434dfa433605905874e2ec79c9d34682331f5a03acc26bb13177efc1f59bde4fa12b76b3b78e8a,,07/17/2025 03:55:00 PM,30,TRAFFIC SIGNAL,FUNCTIONING PROPERLY,CLOUDY/OVERCAST,DAYLIGHT,PEDALCYCLIST,FOUR WAY,,STRAIGHT AND LEVEL,DRY,NO DEFECTS,ON SCENE,INJURY AND / OR TOW DUE TO CRASH,Y,,,"OVER $1,500",07/17/2025 03:56:00 PM,DISREGARDING TRAFFIC SIGNALS,NOT APPLICABLE,1622,E,HYDE PARK BLVD,222,,,Y,,,,2,NONINCAPACITATING INJURY,1,0,0,1,0,1,0,15,5,7,41.8026184867,-87.585460234,POINT (-87.58546023399 41.802618486662)
79d55af2deeae25e700acdcc1710ffeb882036d212b414b51efcaa2cc6c241ff131f52a4d26983520ec07f1a558fe95577dc22e1020e172f2abdfd916c4dcdb4,,07/17/2025 03:55:00 PM,30,TRAFFIC SIGNAL,FUNCTIONING PROPERLY,CLEAR,DAYLIGHT,REAR END,NOT DIVIDED,,STRAIGHT AND LEVEL,DRY,UNKNOWN,NOT ON SCENE (DESK REPORT),NO INJURY / DRIVE AWAY,,,Y,"$501 - $1,500",07/18/2025 12:15:00 PM,UNABLE TO DETERMINE,UNABLE TO DETERMINE,6104,N,SHERIDAN RD,2433,,,,,,,2,NO INDICATION OF INJURY,0,0,0,0,0,2,0,15,5,7,41.9925744429,-87.6556101267,POINT (-87.655610126652 41.992574442916)
e6ef60a219ccde144c407275fd6eff1763815018f79690f1271b8cd973029a06fc6b4a5005f0473ce200ae7d9c5f6de863cf0e656fc6a43c0648f5146657f92c,,07/17/2025 03:54:00 PM,30,STOP SIGN/FLASHER,FUNCTIONING PROPERLY,CLEAR,DAYLIGHT,ANGLE,FOUR WAY,,STRAIGHT AND LEVEL,DRY,NO DEFECTS,,NO INJURY / DRIVE AWAY,Y,,,"$501 - $1,500",07/17/2025 09:00:00 PM,UNABLE TO DETERMINE,NOT APPLICABLE,400,S,CICERO AVE,1533,,,,,,,2,NO INDICATION OF INJURY,0,0,0,0,0,6,0,15,5,7,41.8749523027,-87.7452122463,POINT (-87.745212246332 41.874952302696)
78a29b2adda5aa38657c68416ef01d642c5b8f582af2b693d7d6da97a512cee333324152294807d1e08ef9c6bd7d245fc42e6123b9869c8a04cdf8e837ecf383,,07/17/2025 03:50:00 PM,30,NO CONTROLS,NO CONTROLS,CLEAR,DAYLIGHT,REAR END,DIVIDED - W/MEDIAN BARRIER,,STRAIGHT AND LEVEL,DRY,UNKNOWN,NOT ON SCENE (DESK REPORT),NO INJURY / DRIVE AWAY,,,,"OVER $1,500",07/17/2025 05:20:00 PM,UNABLE TO DETERMINE,NOT APPLICABLE,1559,S,LAKE SHORE DR NB,132,,,,,,,2,NO INDICATION OF INJURY,0,0,0,0,0,2,0,15,5,7,41.8604499335,-87.6174881929,POINT (-87.617488192921 41.860449933483)
520bcc37be8cb18305a9b01298f52063b9f583b8751a3f2d2515c93abf6c2f9b44d6228470883a745f79ca1f004e03c426c70e4ee5468ef40fc1aba5800e2662,,07/17/2025 03:45:00 PM,30,TRAFFIC SIGNAL,UNKNOWN,UNKNOWN,DAYLIGHT,TURNING,FOUR WAY,,STRAIGHT AND LEVEL,DRY,NO DEFECTS,NOT ON SCENE (DESK REPORT),NO INJURY / DRIVE AWAY,Y,,,"OVER $1,500",07/18/2025 06:00:00 PM,UNABLE TO DETERMINE,NOT APPLICABLE,300,S,COLUMBUS DR,114,,,,,,,2,NO INDICATION OF INJURY,0,0,0,0,0,2,0,15,5,7,41.8782655778,-87.620822303,POINT (-87.620822302974 41.878265577833)
3d00032961aa8367a8757d040efb2f7963a20f5b566b6825c18d6a9ff7f5870301fe6cc8e76641da68d95701b4cf906d8de812a8418ee7ccfada9d5f67a84715,,07/17/2025 03:30:00 PM,30,TRAFFIC SIGNAL,FUNCTIONING PROPERLY,CLEAR,DAYLIGHT,SIDESWIPE SAME DIRECTION,NOT DIVIDED,,STRAIGHT AND LEVEL,DRY,NO DEFECTS,ON SCENE,NO INJURY / DRIVE AWAY,Y,,,"$501 - $1,500",07/17/2025 03:42:00 PM,UNABLE TO DETERMINE,UNABLE TO DETERMINE,6800,N,HARLEM AVE,1611,,,,,,,2,NO INDICATION OF INJURY,0,0,0,0,0,2,0,15,5,7,42.0045201163,-87.8068646841,POINT (-87.80686468413 42.004520116282)
6601335ab48cdb59ae05737a65dd0c7a7e081a248b49dace9d77d107c0ae744a21dd119489fa9d27259a28218c3c3e4cfaa2172f7f7114e4dab723879109bd89,,07/17/2025 03:30:00 PM,35,NO CONTROLS,NO CONTROLS,UNKNOWN,DAYLIGHT,REAR END,NOT DIVIDED,,STRAIGHT AND LEVEL,UNKNOWN,UNKNOWN,NOT ON SCENE (DESK REPORT),NO INJURY / DRIVE AWAY,,,,"OVER $1,500",07/26/2025 08:00:00 PM,UNABLE TO DETERMINE,NOT APPLICABLE,7430,S,ASHLAND AVE,735,,,,,,,2,NO INDICATION OF INJURY,0,0,0,0,0,2,0,15,5,7,41.7585822383,-87.6637700082,POINT (-87.663770008201 41.758582238285)
b8c439af8f6a88d7c0d023687c5f978316fd78def7081b8ff91af0a7d668e8bbb62de8f03b7085908684de0502ecd52f7a4f058eeb51155c485185cf30451c86,,07/17/2025 03:30:00 PM,30,NO CONTROLS,NO CONTROLS,UNKNOWN,UNKNOWN,ANGLE,NOT DIVIDED,,STRAIGHT AND LEVEL,UNKNOWN,UNKNOWN,NOT ON SCENE (DESK REPORT),NO INJURY / DRIVE AWAY,,,,"$501 - $1,500",07/17/2025 04:17:00 PM,UNABLE TO DETERMINE,UNABLE TO DETERMINE,612,W,ROOSEVELT RD,124,,,,,,,2,NO INDICATION OF INJURY,0,0,0,0,0,2,0,15,5,7,41.8673219137,-87.642732232,POINT (-87.642732231955 41.867321913739)
d3aed699b8a65366abbb6e371117d0c82ab0aa1a9723ee4d4fd6d233f7ff2b0361121da1e924f0d3443dff68d3506f7878bbb7669e40a43a525ca676aa23a4ca,,07/17/2025 03:30:00 PM,30,STOP SIGN/FLASHER,FUNCTIONING PROPERLY,CLEAR,DAYLIGHT,REAR END,ONE-WAY,,STRAIGHT AND LEVEL,DRY,NO DEFECTS,NOT ON SCENE (DESK REPORT),NO INJURY / DRIVE AWAY,Y,,Y,"OVER $1,500",07/17/2025 06:27:00 PM,UNABLE TO DETERMINE,UNABLE TO DETERMINE,1550,E,79TH ST,411,,,,,,,2,NO INDICATION OF INJURY,0,0,0,0,0,2,0,15,5,7,41.7516032259,-87.5865654253,POINT (-87.58656542529 41.751603225932)
8f94f33ad8796d9186f9d4cd01f2579dbfdb90f1be5f5fcc2fae579d23075fe08c76e3af102992d3c73e0c0f42376022d313b98b05bda44c8db25dc28023a7e1,,07/17/2025 03:27:00 PM,30,NO CONTROLS,NO CONTROLS,CLEAR,DAYLIGHT,TURNING,NOT DIVIDED,,STRAIGHT AND LEVEL,DRY,NO DEFECTS,ON SCENE,NO INJURY / DRIVE AWAY,,,,"$501 - $1,500",07/17/2025 03:27:00 PM,IMPROPER TURNING/NO SIGNAL,UNABLE TO DETERMINE,3943,N,HARLEM AVE,1632,,,,,,,2,NO INDICATION OF INJURY,0,0,0,0,0,3,0,15,5,7,41.9520424074,-87.8070947425,POINT (-87.807094742545 41.952042407433)
66ea273ed29f1b8495a4bb20ed31e7a7f70b7a29891d385e7ab11dcfc366654f7d4c28e38aa0ab2806227238588b27a6079d17b336661c008c9b67d12ac858a6,,07/17/2025 03:14:00 PM,25,NO CONTROLS,UNKNOWN,FOG/SMOKE/HAZE,DAYLIGHT,PARKED MOTOR VEHICLE,NOT DIVIDED,,STRAIGHT AND LEVEL,DRY,UNKNOWN,ON SCENE,NO INJURY / DRIVE AWAY,,,,"OVER $1,500",07/17/2025 03:47:00 PM,IMPROPER OVERTAKING/PASSING,IMPROPER OVERTAKING/PASSING,301,S,FEDERAL ST,113,,,,,,,2,NO INDICATION OF INJURY,0,0,0,0,0,2,0,15,5,7,41.8780999548,-87.6295823345,POINT (-87.629582334539 41.878099954842)
e529877a9888a04c1f8823fa3f44154f5e1bba8507c47647b32b16b0e13353193c55fac99f58de1469984c06904e412eeb9ebe8be8c4b9ed34a11cab34d8a263,,07/17/2025 03:10:00 PM,30,NO CONTROLS,NO CONTROLS,CLEAR,DAYLIGHT,REAR END,DIVIDED - W/MEDIAN BARRIER,,STRAIGHT AND LEVEL,DRY,NO DEFECTS,NOT ON SCENE (DESK REPORT),NO INJURY / DRIVE AWAY,,,Y,"OVER $1,500",07/18/2025 05:00:00 PM,FOLLOWING TOO CLOSELY,NOT APPLICABLE,8434,S,STONY ISLAND AVE,412,,,,,,,2,NO INDICATION OF INJURY,0,0,0,0,0,2,0,15,5,7,41.7413565053,-87.5858923106,POINT (-87.585892310616 41.741356505256)
2af169796787f16f5d9836f4641d20bf487074d7bf665b47f42e2c9025da7b1f4c4c298a6423307621bca34493c9817755e044bf372de9d8f9ccbc9182715631,,07/17/2025 03:05:00 PM,30,NO CONTROLS,NO CONTROLS,CLEAR,DAYLIGHT,PARKED MOTOR VEHICLE,NOT DIVIDED,,STRAIGHT AND LEVEL,DRY,NO DEFECTS,NOT ON SCENE (DESK REPORT),NO INJURY / DRIVE AWAY,,,,"$501 - $1,500",07/17/2025 03:40:00 PM,UNABLE TO DETERMINE,NOT APPLICABLE,1523,N,CENTRAL PARK AVE,1422,,,,,,,2,NO INDICATION OF INJURY,0,0,0,0,0,2,0,15,5,7,41.9089608105,-87.716622767,POINT (-87.716622766975 41.908960810478)
5ec988bf8f499213af40b76a51602c3b9948a7d2def1c9faebc1f60e771db1d3b832fcee94bd6bd7468eafde5d10118f8cd4a9b9e683e87a70cfb29fbf88315e,,07/17/2025 03:02:00 PM,30,TRAFFIC SIGNAL,UNKNOWN,UNKNOWN,UNKNOWN,TURNING,FOUR WAY,,STRAIGHT AND LEVEL,UNKNOWN,UNKNOWN,ON SCENE,INJURY AND / OR TOW DUE TO CRASH,Y,,,"OVER $1,500",07/17/2025 03:22:00 PM,UNABLE TO DETERMINE,UNABLE TO DETERMINE,2401,W,59TH ST,824,,,,,,,2,"REPORTED, NOT EVIDENT",2,0,0,0,2,0,0,15,5,7,41.7864284982,-87.6839163709,POINT (-87.683916370912 41.786428498189)
05479d32dbb84996f8c5948713bb7fa78194ef23f267e6aa2364fee8827309e80f74979bd29d98b5b3ed87323428b0505b08d4c769a4bb6e398f836305e94ab3,,07/17/2025 03:00:00 PM,30,UNKNOWN,UNKNOWN,UNKNOWN,DAYLIGHT,FIXED OBJECT,DIVIDED - W/MEDIAN BARRIER,,STRAIGHT AND LEVEL,UNKNOWN,UNKNOWN,NOT ON SCENE (DESK REPORT),NO INJURY / DRIVE AWAY,,,,$500 OR LESS,07/19/2025 01:30:00 PM,NOT APPLICABLE,NOT APPLICABLE,1600,N,LAKE SHORE DR,1814,,,,,,,1,NO INDICATION OF INJURY,0,0,0,0,0,1,0,15,5,7,41.9112245556,-87.6264825724,POINT (-87.626482572426 41.911224555611)
07f2483d71a24b221ff2680d8a719ad2a48f1fcba86c4a5abd9c647ef631f1cc17fc3c24b755671c884ed287d056f2a2e0fdc82d03b9a36802a6c6ed623e42ea,,07/17/2025 03:00:00 PM,30,UNKNOWN,UNKNOWN,UNKNOWN,DAYLIGHT,PARKED MOTOR VEHICLE,ONE-WAY,,STRAIGHT AND LEVEL,UNKNOWN,UNKNOWN,NOT ON SCENE (DESK REPORT),NO INJURY / DRIVE AWAY,,,Y,"OVER $1,500",07/17/2025 10:17:00 PM,UNABLE TO DETERMINE,UNABLE TO DETERMINE,7052,S,HARPER AVE,332,,,,,,,2,NO INDICATION OF INJURY,0,0,0,0,0,1,0,15,5,7,41.7663867843,-87.5880501147,POINT (-87.588050114748 41.766386784272)
717e06c69c615600fa0271a277cd1baa0b54ae58bf60398fdee26d8a78f0898de835d0a723bc7f27a7e98f5a8edb50e46c862b41aa5c29e12fce50356099d95e,,07/17/2025 03:00:00 PM,25,UNKNOWN,UNKNOWN,CLOUDY/OVERCAST,DAYLIGHT,REAR END,ONE-WAY,,STRAIGHT AND LEVEL,UNKNOWN,UNKNOWN,NOT ON SCENE (DESK REPORT),NO INJURY / DRIVE AWAY,,,,"OVER $1,500",07/17/2025 04:45:00 PM,DISREGARDING TRAFFIC SIGNALS,FAILING TO REDUCE SPEED TO AVOID CRASH,150,N,RIVERSIDE PLZ,121,,,,,,,2,NO INDICATION OF INJURY,0,0,0,0,0,2,0,15,5,7,41.8850894558,-87.6384055942,POINT (-87.638405594172 41.885089455769)
e37de537e1eab4ff4666e54cc6009daaaddad77574e2de70c72f3542aa22f4744cc31ffe9ca53eb661bcefbf238a4b28ff8523c6fc9653009f1275fda5a9d361,,07/17/2025 03:00:00 PM,30,NO CONTROLS,NO CONTROLS,CLEAR,DAYLIGHT,SIDESWIPE SAME DIRECTION,NOT DIVIDED,,STRAIGHT AND LEVEL,DRY,NO DEFECTS,ON SCENE,NO INJURY / DRIVE AWAY,,,Y,"$501 - $1,500",07/17/2025 03:40:00 PM,UNABLE TO DETERMINE,UNABLE TO DETERMINE,9500,S,HALSTED ST,2223,,,,,,,2,NO INDICATION OF INJURY,0,0,0,0,0,2,0,15,5,7,41.7213650608,-87.6433580423,POINT (-87.643358042341 41.721365060783)
16a2a117d1a1b3d9421dd5afa4ebdf25c5547b95838b71089d34cf36ac8b853426c577fe3ba348cd7488efc5a2ba2f9b8c1bfc8e2b09ccdfb1cd94ff18b8ce2d,,07/17/2025 02:45:00 PM,30,NO CONTROLS,NO CONTROLS,CLEAR,DAYLIGHT,SIDESWIPE SAME DIRECTION,NOT DIVIDED,,STRAIGHT AND LEVEL,DRY,NO DEFECTS,NOT ON SCENE (DESK REPORT),NO INJURY / DRIVE AWAY,,,,"OVER $1,500",07/24/2025 02:57:00 PM,IMPROPER OVERTAKING/PASSING,NOT APPLICABLE,7200,S,KEDZIE AVE,831,,,,,,,2,NO INDICATION OF INJURY,0,0,0,0,0,7,0,14,5,7,41.7624637242,-87.7029045137,POINT (-87.702904513708 41.76246372415)
2019df5c35cb6225b69ec9f1e111ae7e8c1b3359c2243ac1a1e39fed3a0da0cf4ff508e779b5b6bcc62bd8986982c8eb12e0a64739360363d268d0bb56977fb7,,07/17/2025 02:45:00 PM,30,STOP SIGN/FLASHER,FUNCTIONING PROPERLY,UNKNOWN,DAYLIGHT,ANGLE,NOT DIVIDED,,STRAIGHT AND LEVEL,UNKNOWN,UNKNOWN,NOT ON SCENE (DESK REPORT),INJURY AND / OR TOW DUE TO CRASH,Y,,Y,"OVER $1,500",07/17/2025 04:20:00 PM,UNABLE TO DETERMINE,NOT APPLICABLE,3000,N,KOSTNER AVE,2523,,,,,,,2,NO INDICATION OF INJURY,0,0,0,0,0,2,0,14,5,7,41.9354159287,-87.7370670933,POINT (-87.737067093266 41.935415928705)
cccc45527f5a9166b8a595120380c69b62a6e59887f00a98d0b5bcd2eba2a093fe9612d26a615bdb89e6a417d396af34980b5463b4da3432db2e59c07ac4275c,,07/17/2025 02:42:00 PM,30,NO CONTROLS,NO CONTROLS,CLEAR,DAYLIGHT,TURNING,NOT DIVIDED,,STRAIGHT AND LEVEL,WET,NO DEFECTS,ON SCENE,INJURY AND / OR TOW DUE TO CRASH,N,,,"OVER $1,500",07/17/2025 04:21:00 PM,UNABLE TO DETERMINE,UNABLE TO DETERMINE,1206,N,ELSTON AVE,1433,,,,,,,2,NO INDICATION OF INJURY,0,0,0,0,0,3,0,14,5,7,41.9036240899,-87.6587061718,POINT (-87.658706171781 41.903624089879)
750c47d769c91f67e20c728ff92f3aee46bf9e3dee0fde23ee17a09c8eca4da9df89a63673fd178120a81e690dd3e0319858b98c311cfbf53aee83d45a35e2f5,,07/17/2025 02:30:00 PM,30,NO CONTROLS,NO CONTROLS,CLEAR,DAYLIGHT,SIDESWIPE SAME DIRECTION,NOT DIVIDED,,STRAIGHT AND LEVEL,DRY,NO DEFECTS,ON SCENE,NO INJURY / DRIVE AWAY,,,Y,"OVER $1,500",07/17/2025 03:30:00 PM,UNABLE TO DETERMINE,NOT APPLICABLE,1599,W,43RD ST,924,,,,,,,2,NO INDICATION OF INJURY,0,0,0,0,0,2,0,14,5,7,41.815761862,-87.6650772497,POINT (-87.665077249696 41.815761862031)
76f91b052f052c0383557f9ed6f42a50464cf0e4699c6ab86c2ab9c8a66f510db6bd2762b443efc3ef0d61846027beef695e56ed32a7e42dc94a002f6dc73920,,07/17/2025 02:30:00 PM,30,NO CONTROLS,NO CONTROLS,CLEAR,DAYLIGHT,REAR TO FRONT,DIVIDED - W/MEDIAN (NOT RAISED),,STRAIGHT AND LEVEL,DRY,NO DEFECTS,NOT ON SCENE (DESK REPORT),NO INJURY / DRIVE AWAY,,,,"$501 - $1,500",07/18/2025 06:50:00 PM,UNABLE TO DETERMINE,NOT APPLICABLE,5301,S,KEDZIE AVE,923,,,,,,,2,NO INDICATION OF INJURY,0,0,0,0,0,2,0,14,5,7,41.7971233813,-87.7035116064,POINT (-87.703511606401 41.797123381348)
79a67dddb97af0932cde9c4317290fb9bd5476426eb8286556ae0e37eb6468fe2aa786b9277dab5bb5a20b6f34275695d7831cef5d057bcafcaa27d2b0bdaf52,,07/17/2025 02:30:00 PM,30,YIELD,FUNCTIONING PROPERLY,CLEAR,DAYLIGHT,SIDESWIPE SAME DIRECTION,DIVIDED - W/MEDIAN BARRIER,,STRAIGHT AND LEVEL,DRY,NO DEFECTS,ON SCENE,NO INJURY / DRIVE AWAY,,,,"OVER $1,500",07/17/2025 02:55:00 PM,UNABLE TO DETERMINE,NOT APPLICABLE,173,N,BESSIE COLEMAN DR,1654,,,,,,,2,NO INDICATION OF INJURY,0,0,0,0,0,2,0,14,5,7,,,