CRASH_RECORD_ID,CRASH_DATE_EST_I,CRASH_DATE,POSTED_SPEED_LIMIT,TRAFFIC_CONTROL_DEVICE,DEVICE_CONDITION,WEATHER_CONDITION,LIGHTING_CONDITION,FIRST_CRASH_TYPE,TRAFFICWAY_TYPE,LANE_CNT,ALIGNMENT,ROADWAY_SURFACE_COND,ROAD_DEFECT,REPORT_TYPE,CRASH_TYPE,INTERSECTION_RELATED_I,NOT_RIGHT_OF_WAY_I,HIT_AND_RUN_I,DAMAGE,DATE_POLICE_NOTIFIED,PRIM_CONTRIBUTORY_CAUSE,SEC_CONTRIBUTORY_CAUSE,STREET_NO,STREET_DIRECTION,STREET_NAME,BEAT_OF_OCCURRENCE,PHOTOS_TAKEN_I,STATEMENTS_TAKEN_I,DOORING_I,WORK_ZONE_I,WORK_ZONE_TYPE,WORKERS_PRESENT_I,NUM_UNITS,MOST_SEVERE_INJURY,INJURIES_TOTAL,INJURIES_FATAL,INJURIES_INCAPACITATING,INJURIES_NON_INCAPACITATING,INJURIES_REPORTED_NOT_EVIDENT,INJURIES_NO_INDICATION,INJURIES_UNKNOWN,CRASH_HOUR,CRASH_DAY_OF_WEEK,CRASH_MONTH,LATITUDE,LONGITUDE,LOCATION
8c319ff065e1878e1ea05ea5742fafd0e40e811182851abc17b21ad1cf9694256cc84efd64dfa3bd75c97e408076928bc322f9e46cc589f6d7fd1a961a38ee99,,07/17/2025 02:30:00 PM,15,NO CONTROLS,NO CONTROLS,CLEAR,DAYLIGHT,PARKED MOTOR VEHICLE,ALLEY,,STRAIGHT AND LEVEL,DRY,NO DEFECTS,NOT ON SCENE (DESK REPORT),NO INJURY / DRIVE AWAY,,,Y,"$501 - $1,500",07/24/2025 08:40:00 AM,IMPROPER LANE USAGE,NOT APPLICABLE,3807,S,WABASH AVE,213,,,,,,,2,NO INDICATION OF INJURY,0,0,0,0,0,1,0,14,5,7,41.8252996651,-87.6246905046,POINT (-87.62469050464 41.825299665107)
980f5951b1b98d04bbf9044fa1e15f4bbb7edc17ec5b7f3ac367b997214df0cfe8f844ac7cff89599bb279bf433d1ac5b91c4d9fea5149d636b21fde2b52d95e,,07/17/2025 02:28:00 PM,30,NO CONTROLS,NO CONTROLS,CLEAR,DAYLIGHT,REAR END,NOT DIVIDED,,STRAIGHT AND LEVEL,DRY,UNKNOWN,ON SCENE,NO INJURY / DRIVE AWAY,,,,"OVER $1,500",07/17/2025 02:30:00 PM,UNABLE TO DETERMINE,NOT APPLICABLE,1412,W,71ST ST,734,,,,,,,2,NO INDICATION OF INJURY,0,0,0,0,0,3,0,14,5,7,41.7650805977,-87.65953433,POINT (-87.659534329953 41.765080597653)
c13053ca451a53a73c5804d6429fac9bac83f04918b1f0b34707d7f27502d096ceddccf72f3f61a4f00fa7f08a3f3f8edced42a6581847f60779f46f4b6b2ca5,,07/17/2025 02:25:00 PM,30,NO CONTROLS,OTHER,CLEAR,DAYLIGHT,FIXED OBJECT,PARKING LOT,,"CURVE, LEVEL",DRY,"RUT, HOLES",ON SCENE,NO INJURY / DRIVE AWAY,,,,"OVER $1,500",07/17/2025 02:26:00 PM,DRIVING SKILLS/KNOWLEDGE/EXPERIENCE,UNABLE TO DETERMINE,9001,S,GENOA AVE,2223,,,,Y,CONSTRUCTION,Y,1,NO INDICATION OF INJURY,0,0,0,0,0,1,0,14,5,7,41.7309659267,-87.6460742638,POINT (-87.646074263781 41.730965926742)
ec00341e84ef9049ec9fc9a11a228d454272daea72d87d0a9bb7c379e055e1f93c1916c4b1ff3563243abbc7267546dcde9c654d010d5aece184c048ddbde9d9,,07/17/2025 02:21:00 PM,30,TRAFFIC SIGNAL,FUNCTIONING PROPERLY,CLEAR,DAYLIGHT,REAR END,NOT DIVIDED,,STRAIGHT AND LEVEL,DRY,NO DEFECTS,ON SCENE,NO INJURY / DRIVE AWAY,Y,,,"OVER $1,500",07/17/2025 02:21:00 PM,FOLLOWING TOO CLOSELY,FAILING TO YIELD RIGHT-OF-WAY,1842,S,HOMAN AVE,1024,,,,,,,2,NO INDICATION OF INJURY,0,0,0,0,0,2,0,14,5,7,41.8559995073,-87.7103936783,POINT (-87.710393678277 41.855999507255)
625d22b5bf776145c70e77090ce5ebbe73a3b39d3a691db1389f95f1b37bbe802ca838c03ed15a612c9ce7225c0cefec5dbcab31c66652075b930af8b77833f4,,07/17/2025 02:20:00 PM,30,STOP SIGN/FLASHER,FUNCTIONING PROPERLY,CLEAR,DAYLIGHT,TURNING,FOUR WAY,,STRAIGHT AND LEVEL,DRY,NO DEFECTS,,NO INJURY / DRIVE AWAY,Y,,,"OVER $1,500",07/17/2025 03:00:00 PM,UNABLE TO DETERMINE,UNABLE TO DETERMINE,1001,S,SACRAMENTO BLVD,1135,,,,,,,2,NO INDICATION OF INJURY,0,0,0,0,0,3,0,14,5,7,41.8691770433,-87.7007210191,POINT (-87.700721019099 41.869177043263)
e33b6f2e22cd1b656a58b8cabb7e60ba4ea05b3707ecd82d763d5d9d839e7d0aab6abcdd129fb2fbf2eb7d5aa3684009d6dc5fd31a4e6926d85d5a30a4eac4f7,,07/17/2025 02:20:00 PM,30,NO CONTROLS,NO CONTROLS,CLEAR,DAYLIGHT,ANGLE,ONE-WAY,,STRAIGHT AND LEVEL,DRY,UNKNOWN,NOT ON SCENE (DESK REPORT),NO INJURY / DRIVE AWAY,,,,"OVER $1,500",07/17/2025 06:04:00 PM,UNABLE TO DETERMINE,UNABLE TO DETERMINE,175,W,JACKSON BLVD,122,,,,,,,2,NO INDICATION OF INJURY,0,0,0,0,0,2,0,14,5,7,41.8780144872,-87.63318903,POINT (-87.633189030014 41.87801448725)
cded581ddc5c434d4e65808e14020894122805d4bedab84f3af342a1984f030000eb7c61a662c84177e2dd7eadafb985c4b51eee0a808246ba8fb2810650452d,,07/17/2025 02:16:00 PM,30,NO CONTROLS,NO CONTROLS,CLEAR,DAYLIGHT,ANGLE,ALLEY,,STRAIGHT AND LEVEL,DRY,UNKNOWN,ON SCENE,INJURY AND / OR TOW DUE TO CRASH,,,,"OVER $1,500",07/17/2025 02:16:00 PM,UNABLE TO DETERMINE,NOT APPLICABLE,1501,W,GARFIELD BLVD,713,,,,,,,2,NO INDICATION OF INJURY,0,0,0,0,0,2,0,14,5,7,41.7935823013,-87.6621998458,POINT (-87.662199845766 41.793582301311)
1b762d6c90024bcf1451251d1124bd010484418870b9fb628a072124494522eb5e2cca1ff97f3adfece73131957b08d6341d46481e3ff302c14e2178f6f26e75,,07/17/2025 02:13:00 PM,30,NO CONTROLS,NO CONTROLS,RAIN,DAYLIGHT,PEDALCYCLIST,DIVIDED - W/MEDIAN (NOT RAISED),,STRAIGHT AND LEVEL,WET,UNKNOWN,ON SCENE,INJURY AND / OR TOW DUE TO CRASH,,,,"OVER $1,500",07/17/2025 02:26:00 PM,UNABLE TO DETERMINE,NOT APPLICABLE,1300,S,CLINTON ST,124,,,,,,,2,"REPORTED, NOT EVIDENT",1,0,0,0,1,1,0,14,5,7,41.8655346778,-87.6408133123,POINT (-87.64081331229 41.865534677771)
9ff5f4fc07302da0c05d94ce9c029f0cc1b076801b9fa6fcc893c8297946c59a8250b4bc49ee29b4e4fa5cb416bd22314d62b7fae9794a468ca471c6b2556d59,,07/17/2025 02:05:00 PM,30,NO CONTROLS,NO CONTROLS,CLEAR,DAYLIGHT,PARKED MOTOR VEHICLE,PARKING LOT,,STRAIGHT AND LEVEL,DRY,NO DEFECTS,NOT ON SCENE (DESK REPORT),NO INJURY / DRIVE AWAY,,Y,,"OVER $1,500",07/29/2025 02:10:00 PM,IMPROPER BACKING,NOT APPLICABLE,1701,N,MILWAUKEE AVE,1434,,,,,,,2,NO INDICATION OF INJURY,0,0,0,0,0,1,0,14,5,7,41.9123548784,-87.6802996713,POINT (-87.680299671339 41.912354878361)
d25c0b02fb0869b0842ed86e93fad6ad732fc23b49bc972bc36600731ed9b3edb405c355d8ed3027e395ba19166065dd0c985e9aab6ec4343972048dc578d4a2,,07/17/2025 02:01:00 PM,30,NO CONTROLS,NO CONTROLS,CLEAR,DAYLIGHT,SIDESWIPE SAME DIRECTION,DIVIDED - W/MEDIAN (NOT RAISED),,STRAIGHT AND LEVEL,DRY,NO DEFECTS,ON SCENE,NO INJURY / DRIVE AWAY,,,,"OVER $1,500",07/17/2025 02:08:00 PM,IMPROPER LANE USAGE,NOT APPLICABLE,2750,W,51ST ST,923,,,,,,,2,NO INDICATION OF INJURY,0,0,0,0,0,3,0,14,5,7,41.8011056363,-87.6936034814,POINT (-87.693603481361 41.801105636303)
02ff97fed97e118c3ced9d641768f9f0583a51517f73482788a91bd7182d137a6f89424e7898c26c048178ce895dd4ceea7395df49a77c82f8aec340fcdc8b56,,07/17/2025 02:00:00 PM,30,TRAFFIC SIGNAL,FUNCTIONING PROPERLY,UNKNOWN,DAYLIGHT,SIDESWIPE SAME DIRECTION,FOUR WAY,,STRAIGHT AND LEVEL,UNKNOWN,UNKNOWN,NOT ON SCENE (DESK REPORT),NO INJURY / DRIVE AWAY,Y,,,"OVER $1,500",07/17/2025 02:30:00 PM,UNABLE TO DETERMINE,NOT APPLICABLE,15,S,ASHLAND AVE,1224,,,,,,,3,NO INDICATION OF INJURY,0,0,0,0,0,3,0,14,5,7,,,
54335c056a4c819518f5fcef214df3be755bb8d0efc0f40a148ddbbcd0ee0adb9a53a7b42fce56409a627a92dae23618463d6073355a20dcdda791b1f529480f,,07/17/2025 02:00:00 PM,30,NO CONTROLS,NO CONTROLS,CLEAR,DAYLIGHT,REAR END,NOT DIVIDED,,STRAIGHT AND LEVEL,DRY,NO DEFECTS,NOT ON SCENE (DESK REPORT),NO INJURY / DRIVE AWAY,,,,"OVER $1,500",07/18/2025 11:34:00 AM,UNABLE TO DETERMINE,NOT APPLICABLE,821,S,KEDZIE AVE,1134,,,,,,,2,NO INDICATION OF INJURY,0,0,0,0,0,2,0,14,5,7,41.8702375055,-87.7056519227,POINT (-87.70565192273 41.870237505513)
b7be93363cd887dd0e776d6342079e00ef5347a1076511dd83c71f5b013ffa1fe0a62cd524cdaec09096b58c90000e57882f68e1fe57f1498fe40d34016a1645,,07/17/2025 01:59:00 PM,30,NO CONTROLS,NO CONTROLS,CLEAR,DAYLIGHT,SIDESWIPE SAME DIRECTION,ONE-WAY,,STRAIGHT AND LEVEL,DRY,NO DEFECTS,ON SCENE,NO INJURY / DRIVE AWAY,,,,"OVER $1,500",07/17/2025 01:59:00 PM,UNABLE TO DETERMINE,UNABLE TO DETERMINE,2,W,TERMINAL ST,1652,,,,,,,2,NO INDICATION OF INJURY,0,0,0,0,0,2,0,13,5,7,,,
3d953ad04b751faec2747a71ea1ca160eca0069d69ff0915a448f6f612727603bb6a3a4e39d3974c299ed03ef740b62ef566ad2d024a0e7ff8663aa025053539,,07/17/2025 01:55:00 PM,35,NO CONTROLS,NO CONTROLS,RAIN,DAYLIGHT,SIDESWIPE SAME DIRECTION,DIVIDED - W/MEDIAN (NOT RAISED),,STRAIGHT AND LEVEL,WET,NO DEFECTS,ON SCENE,INJURY AND / OR TOW DUE TO CRASH,,,,"OVER $1,500",07/17/2025 01:57:00 PM,IMPROPER OVERTAKING/PASSING,NOT APPLICABLE,1355,S,HALSTED ST,1232,,,,,,,2,NO INDICATION OF INJURY,0,0,0,0,0,2,0,13,5,7,41.8638001509,-87.6466736,POINT (-87.646673599989 41.863800150876)
5fa3120f1d8476c6a4c71f2da5a674938c4b442b3c9fbcc341addc08514aae614a2c42d2458f6334fcadf209b5b3d44f5bb7e906c7f72e52f27f3435f99f5b4a,,07/17/2025 01:53:00 PM,25,UNKNOWN,UNKNOWN,CLEAR,DAYLIGHT,FIXED OBJECT,NOT DIVIDED,,STRAIGHT AND LEVEL,DRY,NO DEFECTS,NOT ON SCENE (DESK REPORT),INJURY AND / OR TOW DUE TO CRASH,Y,,,"OVER $1,500",07/17/2025 04:03:00 PM,UNABLE TO DETERMINE,UNABLE TO DETERMINE,700,W,LAKE ST,1214,,,,,,,1,NONINCAPACITATING INJURY,3,0,0,3,0,0,0,13,5,7,41.8857969415,-87.6457008083,POINT (-87.645700808301 41.885796941486)
23b91b0f3c102ec26ea115c0c2535f5dd86da986f71b29b72e12297402abcf22ea1fa15bfa95bbe3b7ca6255050144364129467d5bbba551ce14a1968da909b7,,07/17/2025 01:50:00 PM,30,TRAFFIC SIGNAL,FUNCTIONING PROPERLY,CLEAR,DAYLIGHT,TURNING,NOT DIVIDED,,STRAIGHT AND LEVEL,DRY,NO DEFECTS,NOT ON SCENE (DESK REPORT),NO INJURY / DRIVE AWAY,,,Y,"OVER $1,500",07/17/2025 03:10:00 PM,UNABLE TO DETERMINE,NOT APPLICABLE,1600,N,ASHLAND AVE,1433,,,,,,,2,NO INDICATION OF INJURY,0,0,0,0,0,2,0,13,5,7,41.9107192433,-87.6678408072,POINT (-87.66784080722 41.910719243344)
f6b301d6c80e206690bccbf7458b730454ccfd359155202ba00a9ebe13c3306e5a82477ba3764b42d78896f129526262f2987d52370db154413bce27d3c1af3c,,07/17/2025 01:50:00 PM,30,STOP SIGN/FLASHER,FUNCTIONING PROPERLY,CLOUDY/OVERCAST,DAYLIGHT,ANGLE,NOT DIVIDED,,STRAIGHT AND LEVEL,DRY,NO DEFECTS,NOT ON SCENE (DESK REPORT),NO INJURY / DRIVE AWAY,Y,,,"OVER $1,500",07/17/2025 04:20:00 PM,FAILING TO YIELD RIGHT-OF-WAY,NOT APPLICABLE,5805,S,CALIFORNIA AVE,824,,,,,,,2,NO INDICATION OF INJURY,0,0,0,0,0,3,0,13,5,7,41.7880276743,-87.6934952907,POINT (-87.693495290684 41.788027674301)
0dba40317f930b9f87f0a57f8cf6c5d08915fb79562d954c202a0fa674a2aa905115614fc7710308ad66b5a09f6824a8b0aa20cb6825d0f17645ca7544c16753,,07/17/2025 01:45:00 PM,35,NO CONTROLS,NO CONTROLS,CLEAR,DAYLIGHT,TURNING,DIVIDED - W/MEDIAN (NOT RAISED),,STRAIGHT AND LEVEL,DRY,NO DEFECTS,ON SCENE,INJURY AND / OR TOW DUE TO CRASH,,,,"OVER $1,500",07/17/2025 01:48:00 PM,FAILING TO YIELD RIGHT-OF-WAY,UNABLE TO DETERMINE,5333,W,IRVING PARK RD,1634,,,,,,,2,NONINCAPACITATING INJURY,2,0,0,2,0,0,0,13,5,7,41.953145592,-87.7609563298,POINT (-87.7609563298 41.953145591995)
7245eae03b4e9392405403bd6daded1a58b6a61a01a5a680f4ef69432a84cd0a8832b734cdfdf828cac38eea620aa56784431c8de754ce50f6089aaeec9eaa77,,07/17/2025 01:45:00 PM,30,TRAFFIC SIGNAL,FUNCTIONING PROPERLY,CLEAR,DAYLIGHT,REAR END,FOUR WAY,,STRAIGHT AND LEVEL,DRY,NO DEFECTS,,NO INJURY / DRIVE AWAY,,,,"$501 - $1,500",07/17/2025 02:20:00 PM,FOLLOWING TOO CLOSELY,FAILING TO REDUCE SPEED TO AVOID CRASH,700,W,GARFIELD BLVD,935,,,,,,,2,NO INDICATION OF INJURY,0,0,0,0,0,2,0,13,5,7,41.794453385,-87.6428542362,POINT (-87.642854236249 41.794453385018)
8cbbd005db0fc98cab687feb2d0396b224d8e7425e5786b2f743cfe2f2ada006f0bf1b54b779e6b23325ddaa5472ce87a0bd805affcc46253ef4275c5d15c558,,07/17/2025 01:45:00 PM,30,NO CONTROLS,NO CONTROLS,CLOUDY/OVERCAST,DAYLIGHT,PEDALCYCLIST,DIVIDED - W/MEDIAN (NOT RAISED),,STRAIGHT AND LEVEL,DRY,UNKNOWN,NOT ON SCENE (DESK REPORT),NO INJURY / DRIVE AWAY,,,,"OVER $1,500",07/17/2025 04:00:00 PM,UNABLE TO DETERMINE,NOT APPLICABLE,1558,N,SHEFFIELD AVE,1822,,,,,,,2,NO INDICATION OF INJURY,0,0,0,0,0,2,0,13,5,7,41.9101416307,-87.6532493199,POINT (-87.653249319867 41.910141630707)
42699f62fbaed69d9fc12f63523a99e18381722b4e7b1387a01f2a9324490c2ef6c96b5047ae058c8be410eab36fef4edbb129673f01599b1ff777abfd9eb2d6,,07/17/2025 01:44:00 PM,30,TRAFFIC SIGNAL,FUNCTIONING PROPERLY,CLOUDY/OVERCAST,DAYLIGHT,REAR END,CENTER TURN LANE,,STRAIGHT AND LEVEL,DRY,UNKNOWN,ON SCENE,NO INJURY / DRIVE AWAY,Y,,,"OVER $1,500",07/17/2025 01:45:00 PM,FAILING TO REDUCE SPEED TO AVOID CRASH,UNABLE TO DETERMINE,3201,N,PULASKI RD,1732,,,,,,,2,NO INDICATION OF INJURY,0,0,0,0,0,2,0,13,5,7,41.9391430858,-87.7270397532,POINT (-87.727039753246 41.939143085841)
555df8e0b1adb297a9ca5e78e7021e0e451e3630079efc92e33b7af0789c6532a4b3f36acd9b902e9d6731762d3cfe68d736ecbe06346e9825e9d0f7fd6c94e9,,07/17/2025 01:40:00 PM,30,NO CONTROLS,NO CONTROLS,CLOUDY/OVERCAST,DAYLIGHT,TURNING,L-INTERSECTION,,STRAIGHT AND LEVEL,DRY,NO DEFECTS,ON SCENE,INJURY AND / OR TOW DUE TO CRASH,Y,,,"OVER $1,500",07/17/2025 01:47:00 PM,FAILING TO YIELD RIGHT-OF-WAY,UNABLE TO DETERMINE,7300,W,FOSTER AVE,1613,,,,,,,2,NO INDICATION OF INJURY,0,0,0,0,0,3,0,13,5,7,41.974588221,-87.8095856897,POINT (-87.809585689661 41.974588221047)
935ee29cb05151690e87ecc906aeea559813a50f76ad2b2e739b6ae3529949555493af17eb7b28e072b3d479a3f3863c26af3269dca4d5fc811b5d25ce48ae36,,07/17/2025 01:40:00 PM,30,TRAFFIC SIGNAL,FUNCTIONING PROPERLY,RAIN,DAYLIGHT,REAR END,NOT DIVIDED,,STRAIGHT AND LEVEL,WET,NO DEFECTS,NOT ON SCENE (DESK REPORT),NO INJURY / DRIVE AWAY,Y,,,"OVER $1,500",07/17/2025 03:09:00 PM,FOLLOWING TOO CLOSELY,UNABLE TO DETERMINE,4801,W,GRAND AVE,2533,,,,,,,2,NO INDICATION OF INJURY,0,0,0,0,0,2,0,13,5,7,41.9138636614,-87.7461587006,POINT (-87.746158700637 41.913863661407)
663ab85228b06b01bc1de49e7d29e1fb837b7ab4f4db9d8113fde922d51946342c158cd3f1a42c86938f2b013dc4c07c0094ad34e2e67e55f5198d92110f96d5,,07/17/2025 01:30:00 PM,30,TRAFFIC SIGNAL,FUNCTIONING PROPERLY,CLEAR,DAYLIGHT,TURNING,NOT DIVIDED,,STRAIGHT AND LEVEL,DRY,NO DEFECTS,NOT ON SCENE (DESK REPORT),INJURY AND / OR TOW DUE TO CRASH,,,,"$501 - $1,500",07/17/2025 02:42:00 PM,IMPROPER OVERTAKING/PASSING,NOT APPLICABLE,1035,N,CLARK ST,1824,,,,,,,2,NO INDICATION OF INJURY,0,0,0,0,0,2,0,13,5,7,41.9016591009,-87.6312358888,POINT (-87.631235888788 41.901659100893)
147fd4b7196c928500b84267c0400aa45e80c4773e4f39026d9817cae3f5b7ef4fe0dfbdab055793e5231e33795f9179ed6f4d3c4cdaba1ae7e58707dde0fc5a,,07/17/2025 01:21:00 PM,30,TRAFFIC SIGNAL,FUNCTIONING PROPERLY,CLEAR,DAYLIGHT,REAR END,DIVIDED - W/MEDIAN BARRIER,,STRAIGHT AND LEVEL,DRY,UNKNOWN,NOT ON SCENE (DESK REPORT),NO INJURY / DRIVE AWAY,,,,"OVER $1,500",07/17/2025 04:08:00 PM,FAILING TO REDUCE SPEED TO AVOID CRASH,NOT APPLICABLE,200,W,CERMAK RD,914,,,,,,,2,NO INDICATION OF INJURY,0,0,0,0,0,2,0,13,5,7,41.8529596787,-87.6321520043,POINT (-87.632152004271 41.852959678693)
207ec072482c0157ff522dab4328913e21abcbdf0af5d6b3c835befd3d8637c8370f87632967cfe0777bf47474a6d0c1a95a52d2dc65dd3148c1dfc5f60d1422,,07/17/2025 01:20:00 PM,30,NO CONTROLS,NO CONTROLS,CLEAR,DAWN,PARKED MOTOR VEHICLE,NOT DIVIDED,,STRAIGHT AND LEVEL,DRY,NO DEFECTS,NOT ON SCENE (DESK REPORT),NO INJURY / DRIVE AWAY,,,,"OVER $1,500",07/17/2025 01:41:00 PM,UNABLE TO DETERMINE,NOT APPLICABLE,810,W,31ST ST,913,,,,,,,2,NO INDICATION OF INJURY,0,0,0,0,0,1,0,13,5,7,41.8381517449,-87.646679205,POINT (-87.646679205005 41.838151744949)
7cdfd7e5acdc528708f897ae06610fd1b40a44eaf1db15e676d34281a5ae12ea8c15f371e226888e272624fdf5cbf2864a3a00081d495603f4309229e8b590e0,,07/17/2025 01:16:00 PM,30,NO CONTROLS,NO CONTROLS,RAIN,DAYLIGHT,TURNING,ONE-WAY,,STRAIGHT AND LEVEL,WET,NO DEFECTS,NOT ON SCENE (DESK REPORT),NO INJURY / DRIVE AWAY,,,,"OVER $1,500",07/17/2025 01:50:00 PM,IMPROPER TURNING/NO SIGNAL,UNABLE TO DETERMINE,1454,N,KARLOV AVE,2534,,,,,,,2,NO INDICATION OF INJURY,0,0,0,0,0,2,0,13,5,7,41.9078065174,-87.72905179,POINT (-87.729051789978 41.90780651743)
33b61b2ad18cc3895acaf8d770f141ad8ede5dd26cfb611865c4febe1340af22d3a8c0b092ea8974177a0e0ea04250ec28d143d840d6b9acaf91663858dda10d,,07/17/2025 01:10:00 PM,30,STOP SIGN/FLASHER,FUNCTIONING PROPERLY,CLEAR,DAYLIGHT,REAR END,FOUR WAY,,STRAIGHT AND LEVEL,DRY,UNKNOWN,ON SCENE,NO INJURY / DRIVE AWAY,,,Y,$500 OR LESS,07/17/2025 01:14:00 PM,UNABLE TO DETERMINE,UNABLE TO DETERMINE,4200,W,THOMAS ST,1111,,,,,,,2,NO INDICATION OF INJURY,0,0,0,0,0,3,0,13,5,7,41.9008739409,-87.7312967466,POINT (-87.73129674657 41.900873940867)
b3e3c555443dc09cf703919b95c248d2446c0f65246a7351dfdd65dda4ca57defc2eb8d9ddbd643207cb323ee50143aa9cb8a93884485171e368f991e66577eb,,07/17/2025 01:04:00 PM,30,TRAFFIC SIGNAL,FUNCTIONING PROPERLY,RAIN,DAYLIGHT,TURNING,FOUR WAY,,STRAIGHT AND LEVEL,WET,NO DEFECTS,ON SCENE,INJURY AND / OR TOW DUE TO CRASH,Y,,,"OVER $1,500",07/17/2025 01:35:00 PM,IMPROPER OVERTAKING/PASSING,NOT APPLICABLE,1200,S,JEFFERSON ST,124,,,,,,,2,NO INDICATION OF INJURY,0,0,0,0,0,2,0,13,5,7,41.8671888494,-87.642333801,POINT (-87.64233380102 41.867188849412)
cb600422e9647c10aea48a12259d02f9eab3b2c45cbddd65dbfbc8073d916511772b997b482b507d883964f65841282074fe5a6fa9f348b18c3a44f4f120c444,,07/17/2025 01:01:00 PM,35,TRAFFIC SIGNAL,NO CONTROLS,CLOUDY/OVERCAST,DAYLIGHT,SIDESWIPE SAME DIRECTION,NOT DIVIDED,,STRAIGHT AND LEVEL,WET,NO DEFECTS,ON SCENE,NO INJURY / DRIVE AWAY,Y,,,"$501 - $1,500",07/17/2025 01:10:00 PM,UNABLE TO DETERMINE,UNABLE TO DETERMINE,5900,S,WESTERN AVE,824,,,,,,,2,NO INDICATION OF INJURY,0,0,0,0,0,4,0,13,5,7,41.7864371748,-87.6839752465,POINT (-87.683975246481 41.786437174774)
1681f0097c98bfcb667703571ce25bf3aa05e45d944bd4af632e773ea4770eb853128494d589f21db5e1cd644a6006464eb898f0b136c36870f3571d5c3de940,,07/17/2025 01:00:00 PM,30,NO CONTROLS,NO CONTROLS,CLEAR,DAYLIGHT,PARKED MOTOR VEHICLE,NOT DIVIDED,,STRAIGHT AND LEVEL,DRY,NO DEFECTS,NOT ON SCENE (DESK REPORT),NO INJURY / DRIVE AWAY,,,,"OVER $1,500",07/18/2025 09:47:00 AM,DRIVING SKILLS/KNOWLEDGE/EXPERIENCE,NOT APPLICABLE,1938,W,AUGUSTA BLVD,1212,,,,,,,2,NO INDICATION OF INJURY,0,0,0,0,0,2,0,13,5,7,41.8996760028,-87.6762503504,POINT (-87.676250350355 41.899676002811)
777982f2e5aa5c3ad509faf6ab1ea81b7f0672761f9c1fc0a2cd39d1ad693da855c411391643c1a1aeb1c1e2c30bca8f4f10db605e67329e07c8b193b4935205,,07/17/2025 01:00:00 PM,30,TRAFFIC SIGNAL,FUNCTIONING PROPERLY,CLOUDY/OVERCAST,DAYLIGHT,REAR END,DIVIDED - W/MEDIAN (NOT RAISED),,STRAIGHT AND LEVEL,DRY,UNKNOWN,NOT ON SCENE (DESK REPORT),NO INJURY / DRIVE AWAY,,,,"OVER $1,500",07/17/2025 01:00:00 PM,FOLLOWING TOO CLOSELY,NOT APPLICABLE,1612,N,CLYBOURN AVE,1813,,,,,,,2,NO INDICATION OF INJURY,0,0,0,0,0,4,0,13,5,7,41.9111050814,-87.6499983351,POINT (-87.649998335097 41.911105081418)
b1b75097a36a74037c4af84fe8ba8b58c4301ea7093327926280c207e01d5aa0b62e4f61b102b986b06867a36abb82c0136aa7da651423b7aa953e6a4faa696c,,07/17/2025 01:00:00 PM,15,NO CONTROLS,NO CONTROLS,CLEAR,DAYLIGHT,PARKED MOTOR VEHICLE,ONE-WAY,,STRAIGHT AND LEVEL,DRY,NO DEFECTS,ON SCENE,NO INJURY / DRIVE AWAY,,Y,,"OVER $1,500",07/17/2025 01:03:00 PM,FAILING TO REDUCE SPEED TO AVOID CRASH,DRIVING SKILLS/KNOWLEDGE/EXPERIENCE,4056,N,LOWELL AVE,1722,,,,,,,2,NO INDICATION OF INJURY,0,0,0,0,0,1,0,13,5,7,41.9552190156,-87.7369986534,POINT (-87.736998653395 41.955219015627)
8faf9a2e5d4e7f2f6a3161781712cfc5c9539d19d79d9ba2407bfced5eac16c0e50d9ba4f7803cf77ba54f9972721296da3fff4d71b44742eae61ace8426f534,,07/17/2025 12:59:00 PM,30,TRAFFIC SIGNAL,FUNCTIONING PROPERLY,CLEAR,DAYLIGHT,REAR END,NOT DIVIDED,,STRAIGHT AND LEVEL,DRY,UNKNOWN,ON SCENE,NO INJURY / DRIVE AWAY,,,,"OVER $1,500",07/17/2025 01:40:00 PM,UNABLE TO DETERMINE,UNABLE TO DETERMINE,6700,S,INDIANA AVE,322,Y,,,,,,2,NO INDICATION OF INJURY,0,0,0,0,0,2,0,12,5,7,41.7727944791,-87.6204434378,POINT (-87.620443437835 41.772794479102)
7b9d6e2672f0fc263f9123b01b225031962385f18934593462a3e2ac16eeeb2ff74f7f139f74fffc18dd28581e2ba7b81f62bd99a17dcfcefa09b6736e52317c,,07/17/2025 12:45:00 PM,30,STOP SIGN/FLASHER,NO CONTROLS,CLEAR,DAYLIGHT,ANGLE,NOT DIVIDED,,STRAIGHT AND LEVEL,DRY,NO DEFECTS,NOT ON SCENE (DESK REPORT),INJURY AND / OR TOW DUE TO CRASH,,,Y,"OVER $1,500",07/17/2025 02:00:00 PM,FAILING TO YIELD RIGHT-OF-WAY,NOT APPLICABLE,5331,W,AUGUSTA BLVD,1524,,,,,,,2,"REPORTED, NOT EVIDENT",1,0,0,0,1,1,0,12,5,7,41.898443449,-87.7594968333,POINT (-87.759496833318 41.898443448958)
978b9170f89d9cdafdc649fbd54f8d3b55fde4af2967bc2d2f0afa30d74ec4fc3f477f4bd6d33282ac1d4cf6f1516de00ce9d54712bc5bf18e50e2ec5eab3b2c,N,07/17/2025 12:45:00 PM,0,NO CONTROLS,NO CONTROLS,RAIN,DAYLIGHT,PEDESTRIAN,PARKING LOT,,STRAIGHT AND LEVEL,WET,NO DEFECTS,ON SCENE,INJURY AND / OR TOW DUE TO CRASH,,Y,,$500 OR LESS,07/17/2025 01:04:00 PM,UNABLE TO DETERMINE,UNABLE TO DETERMINE,3745,N,LINCOLN AVE,1922,,Y,,,,,2,NONINCAPACITATING INJURY,1,0,0,1,0,1,0,12,5,7,41.9499611711,-87.6756711293,POINT (-87.675671129255 41.949961171142)