CRASH_RECORD_ID,CRASH_DATE_EST_I,CRASH_DATE,POSTED_SPEED_LIMIT,TRAFFIC_CONTROL_DEVICE,DEVICE_CONDITION,WEATHER_CONDITION,LIGHTING_CONDITION,FIRST_CRASH_TYPE,TRAFFICWAY_TYPE,LANE_CNT,ALIGNMENT,ROADWAY_SURFACE_COND,ROAD_DEFECT,REPORT_TYPE,CRASH_TYPE,INTERSECTION_RELATED_I,NOT_RIGHT_OF_WAY_I,HIT_AND_RUN_I,DAMAGE,DATE_POLICE_NOTIFIED,PRIM_CONTRIBUTORY_CAUSE,SEC_CONTRIBUTORY_CAUSE,STREET_NO,STREET_DIRECTION,STREET_NAME,BEAT_OF_OCCURRENCE,PHOTOS_TAKEN_I,STATEMENTS_TAKEN_I,DOORING_I,WORK_ZONE_I,WORK_ZONE_TYPE,WORKERS_PRESENT_I,NUM_UNITS,MOST_SEVERE_INJURY,INJURIES_TOTAL,INJURIES_FATAL,INJURIES_INCAPACITATING,INJURIES_NON_INCAPACITATING,INJURIES_REPORTED_NOT_EVIDENT,INJURIES_NO_INDICATION,INJURIES_UNKNOWN,CRASH_HOUR,CRASH_DAY_OF_WEEK,CRASH_MONTH,LATITUDE,LONGITUDE,LOCATION
974258abebbeebbf1a132d3d003df4dbf113a0e5fcd36d7552d5e3ad91f983fee0d9cdccb0cdfd3ef9a26450b6727bd342c6b08404cff227f17e88f8c335eb8c,,07/17/2025 12:30:00 PM,30,NO CONTROLS,NO CONTROLS,CLEAR,DAYLIGHT,PARKED MOTOR VEHICLE,PARKING LOT,,STRAIGHT AND LEVEL,DRY,NO DEFECTS,NOT ON SCENE (DESK REPORT),NO INJURY / DRIVE AWAY,,,Y,"OVER $1,500",07/17/2025 02:30:00 PM,UNABLE TO DETERMINE,NOT APPLICABLE,3860,W,OGDEN AVE,1014,,,,,,,2,NO INDICATION OF INJURY,0,0,0,0,0,1,0,12,5,7,41.852179978,-87.7221945175,POINT (-87.722194517509 41.852179978027)
08094fbb6bab2d40a1fd6545f3ea43fa1fa46b9ef1bf4f3ecdc506c8aa865f735af8ea3a6db1ab0dc875cb1c239deb2c669ee63dc7ca1c22c3767a0cef59cbb3,,07/17/2025 12:10:00 PM,30,NO CONTROLS,NO CONTROLS,CLOUDY/OVERCAST,DAYLIGHT,TURNING,NOT DIVIDED,,STRAIGHT AND LEVEL,DRY,NO DEFECTS,ON SCENE,INJURY AND / OR TOW DUE TO CRASH,Y,,,"OVER $1,500",07/17/2025 12:14:00 PM,IMPROPER OVERTAKING/PASSING,UNABLE TO DETERMINE,2300,W,79TH ST,835,,,,,,,2,NO INDICATION OF INJURY,0,0,0,0,0,2,0,12,5,7,41.750230283,-87.6805288134,POINT (-87.680528813378 41.75023028298)
f3bba758edb44588bf087df50f96dd11a8e1caefeb7a4a273d433d7399a883853e1d7bcc0ed64c81f6c3b69a60b322c22c935e6ee77b7dcc45fe2d200b0c264c,,07/17/2025 12:10:00 PM,30,STOP SIGN/FLASHER,NO CONTROLS,CLEAR,DAYLIGHT,REAR END,DIVIDED - W/MEDIAN (NOT RAISED),,STRAIGHT AND LEVEL,DRY,NO DEFECTS,NOT ON SCENE (DESK REPORT),NO INJURY / DRIVE AWAY,,,Y,"OVER $1,500",07/17/2025 12:24:00 PM,DRIVING SKILLS/KNOWLEDGE/EXPERIENCE,FOLLOWING TOO CLOSELY,11100,S,DOTY AVE E,513,,,,,,,3,NO INDICATION OF INJURY,0,0,0,0,0,3,0,12,5,7,41.6927527107,-87.5969887539,POINT (-87.59698875385 41.692752710685)
9b1379672c17a59ce7e36c03395a1934c928f881d5414a48352a610614f00cce6524b54a8140dbebc01d9599c21835528d10a50d0ad920d3bec517d575455860,,07/17/2025 12:05:00 PM,25,UNKNOWN,UNKNOWN,CLEAR,DAYLIGHT,TURNING,NOT DIVIDED,,STRAIGHT AND LEVEL,DRY,UNKNOWN,ON SCENE,INJURY AND / OR TOW DUE TO CRASH,,,,"OVER $1,500",07/17/2025 12:20:00 PM,FAILING TO YIELD RIGHT-OF-WAY,FAILING TO YIELD RIGHT-OF-WAY,1958,N,SHEFFIELD AVE,1811,,,,,,,4,NO INDICATION OF INJURY,0,0,0,0,0,3,0,12,5,7,41.9177204262,-87.6535019628,POINT (-87.653501962787 41.917720426226)
f75db26cde2d7861dadf0b177926f2a53e35a8a142b8b106d3f7345b6c0617db84d82da6551399a99ee1699e953902dc5b17016f1b2fff4f83324e5448c43a26,,07/17/2025 12:04:00 PM,30,NO CONTROLS,NO CONTROLS,CLEAR,DAYLIGHT,REAR END,NOT DIVIDED,,STRAIGHT AND LEVEL,DRY,NO DEFECTS,NOT ON SCENE (DESK REPORT),NO INJURY / DRIVE AWAY,,,,"OVER $1,500",07/17/2025 02:20:00 PM,UNABLE TO DETERMINE,NOT APPLICABLE,1201,W,CERMAK RD,1235,,,,,,,2,NO INDICATION OF INJURY,0,0,0,0,0,4,0,12,5,7,41.852383139,-87.6563210964,POINT (-87.656321096358 41.852383139049)
220139eb7e0b7bff68583768f6ba5a7178b3b183aada985ca794a62148cf850e5c085a5835e4ba36597244ce123edd9ba4cfab157f4a45ba4c154612c5693b06,,07/17/2025 12:01:00 PM,30,TRAFFIC SIGNAL,FUNCTIONING PROPERLY,CLOUDY/OVERCAST,DAYLIGHT,ANGLE,UNKNOWN INTERSECTION TYPE,,STRAIGHT AND LEVEL,DRY,NO DEFECTS,ON SCENE,INJURY AND / OR TOW DUE TO CRASH,Y,,,"$501 - $1,500",07/17/2025 12:39:00 PM,DRIVING ON WRONG SIDE/WRONG WAY,NOT APPLICABLE,1700,W,JACKSON BLVD,1231,,,,,,,3,NO INDICATION OF INJURY,0,0,0,0,0,3,0,12,5,7,41.8776940163,-87.6692255368,POINT (-87.669225536826 41.87769401626)
3b9533a613c937433d0a07a1c8426ee6498b6fdc21640447e4b6ab93ce3ae17d49a08f1f416327dec360511277d52a852b174223a22af250c5ce5da234144778,,07/17/2025 12:00:00 PM,35,STOP SIGN/FLASHER,FUNCTIONING PROPERLY,CLEAR,DAYLIGHT,TURNING,NOT DIVIDED,,STRAIGHT AND LEVEL,DRY,NO DEFECTS,ON SCENE,NO INJURY / DRIVE AWAY,Y,,Y,"OVER $1,500",07/17/2025 12:04:00 PM,DISREGARDING STOP SIGN,FAILING TO YIELD RIGHT-OF-WAY,9900,S,PROSPECT AVE,2213,,,,,,,2,NO INDICATION OF INJURY,0,0,0,0,0,2,0,12,5,7,41.7138784509,-87.6634539866,POINT (-87.663453986593 41.713878450892)
77efc39fcb22b271c5f8c723f0e7761d036bb6dc1da66832c9810ad522ad883f2eed82deb5ebd5c8c59379a7d99d7a3bbffb32782a335ee5d022d3fdeb6cb7a5,,07/17/2025 12:00:00 PM,30,NO CONTROLS,NO CONTROLS,CLOUDY/OVERCAST,DAYLIGHT,ANGLE,ONE-WAY,,STRAIGHT AND LEVEL,DRY,UNKNOWN,NOT ON SCENE (DESK REPORT),NO INJURY / DRIVE AWAY,,,Y,"OVER $1,500",07/17/2025 01:55:00 PM,IMPROPER BACKING,NOT APPLICABLE,2378,E,70TH PL,331,,,,,,,2,NO INDICATION OF INJURY,0,0,0,0,0,2,0,12,5,7,41.7672666008,-87.5666571709,POINT (-87.566657170932 41.767266600816)
de0b191d21b76fb817a5573679ddc65d870d3797c5bb12e10644b1a1e368bc0b3f3b78cbea420e6f83f8e57f59cc8ce705c661a19f849ca7a2fb4f7756f51a12,,07/17/2025 12:00:00 PM,30,STOP SIGN/FLASHER,FUNCTIONING PROPERLY,CLEAR,DAYLIGHT,ANGLE,FOUR WAY,,STRAIGHT AND LEVEL,DRY,NO DEFECTS,ON SCENE,INJURY AND / OR TOW DUE TO CRASH,Y,,,"OVER $1,500",07/17/2025 12:08:00 PM,FAILING TO YIELD RIGHT-OF-WAY,UNABLE TO DETERMINE,901,N,DAMEN AVE,1212,,,,,,,2,NO INDICATION OF INJURY,0,0,0,0,0,2,0,12,5,7,41.8977792769,-87.6769588663,POINT (-87.676958866347 41.897779276935)
28dbb03800c0671331bccf271441bb45d56111624ad7e6beaf6b0825bfa037cb510f437e0d4cf34ed7eae79dd175cab939a189e12d0d70b97e5049f35f093b38,,07/17/2025 11:53:00 AM,25,TRAFFIC SIGNAL,FUNCTIONING PROPERLY,RAIN,DAYLIGHT,TURNING,DIVIDED - W/MEDIAN (NOT RAISED),,STRAIGHT AND LEVEL,WET,NO DEFECTS,ON SCENE,NO INJURY / DRIVE AWAY,Y,,,"OVER $1,500",07/17/2025 11:55:00 AM,FOLLOWING TOO CLOSELY,UNABLE TO DETERMINE,7036,N,CLARK ST,2424,,,,Y,UNKNOWN,,2,NO INDICATION OF INJURY,0,0,0,0,0,2,0,11,5,7,42.0101243749,-87.674369899,POINT (-87.674369898981 42.01012437485)
8d6bb2202c3648ec9de110d1a1e866135d87599fb13ebca4a5d058e24d2e33648e76ce8dde1988f0023d70cf373f2566bc080bae56134fa4a27859d5f15d470d,,07/17/2025 11:38:00 AM,30,UNKNOWN,UNKNOWN,CLEAR,DAYLIGHT,ANIMAL,NOT DIVIDED,,STRAIGHT AND LEVEL,DRY,UNKNOWN,NOT ON SCENE (DESK REPORT),NO INJURY / DRIVE AWAY,,,Y,$500 OR LESS,07/18/2025 10:25:00 AM,UNABLE TO DETERMINE,UNABLE TO DETERMINE,5100,W,CONGRESS PKWY,1533,,,,,,,1,NO INDICATION OF INJURY,0,0,0,0,0,1,0,11,5,7,41.8740727845,-87.7533961346,POINT (-87.753396134555 41.874072784497)
8d14d8bf0c634e091e62d5cd6198033d04107c39a659feffe0819ab3a0a6f75317b9e4eb1873b7ded80b866bb0649f8496b3d1c856a32f63d8d4d38e9ca732cd,,07/17/2025 11:37:00 AM,30,TRAFFIC SIGNAL,FUNCTIONING PROPERLY,CLEAR,DAYLIGHT,REAR END,NOT DIVIDED,,STRAIGHT AND LEVEL,DRY,NO DEFECTS,NOT ON SCENE (DESK REPORT),INJURY AND / OR TOW DUE TO CRASH,,,,"OVER $1,500",07/17/2025 12:15:00 PM,DISTRACTION - FROM INSIDE VEHICLE,FOLLOWING TOO CLOSELY,3960,N,ELSTON AVE,1732,,,,,,,2,"REPORTED, NOT EVIDENT",1,0,0,0,1,2,0,11,5,7,41.9531510137,-87.7185656804,POINT (-87.71856568043 41.953151013725)
b8289c5efc1792398a344016b8940162e6966412e0ed4aa31a12458137c961ccb8e372b65195887ae9d82f89bcfab9f05540b6b89bda2e7b0109f2c451ff4d61,,07/17/2025 11:30:00 AM,30,NO CONTROLS,NO CONTROLS,CLEAR,DAYLIGHT,REAR END,NOT DIVIDED,,STRAIGHT AND LEVEL,DRY,NO DEFECTS,ON SCENE,INJURY AND / OR TOW DUE TO CRASH,,,,"OVER $1,500",07/17/2025 11:57:00 AM,FAILING TO REDUCE SPEED TO AVOID CRASH,NOT APPLICABLE,1201,N,WESTERN AVE,1424,,,,,,,3,NO INDICATION OF INJURY,0,0,0,0,0,3,0,11,5,7,41.9030874785,-87.6868818222,POINT (-87.68688182215 41.903087478499)
c4c0ac5964e92b7df176148f5b598eaba98b8e8687e7bced83ac8d0f97a52a523a760ab0350a7e00ecefeec46bffa31af78f7c4cf9c913870539b501fd475d54,,07/17/2025 11:25:00 AM,30,TRAFFIC SIGNAL,FUNCTIONING PROPERLY,CLEAR,DAYLIGHT,TURNING,DIVIDED - W/MEDIAN (NOT RAISED),,STRAIGHT AND LEVEL,DRY,NO DEFECTS,ON SCENE,INJURY AND / OR TOW DUE TO CRASH,,,Y,"OVER $1,500",07/17/2025 11:36:00 AM,IMPROPER OVERTAKING/PASSING,NOT APPLICABLE,1132,S,HOMAN AVE,1133,,,,,,,2,"REPORTED, NOT EVIDENT",1,0,0,0,1,1,0,11,5,7,41.8672528308,-87.7107154316,POINT (-87.710715431632 41.867252830753)
a3745432aa1e54f7ba0df050d7fdd0be1d6f22046d0144b2163d4d3ce4275e1e9919588446da3ae1e302725347bbe03477b75b29f85970d5e1a07180e3559262,,07/17/2025 11:20:00 AM,30,STOP SIGN/FLASHER,FUNCTIONING PROPERLY,CLEAR,DAYLIGHT,REAR END,NOT DIVIDED,,STRAIGHT AND LEVEL,DRY,NO DEFECTS,NOT ON SCENE (DESK REPORT),NO INJURY / DRIVE AWAY,,,,"$501 - $1,500",07/17/2025 02:20:00 PM,UNABLE TO DETERMINE,NOT APPLICABLE,2700,S,KEDZIE AVE,1032,,,,,,,2,NO INDICATION OF INJURY,0,0,0,0,0,2,0,11,5,7,41.8426025264,-87.7051278107,POINT (-87.705127810739 41.842602526365)
e9ad31193a622b352a7f0f4823a46ad54f20b12183e62a7ffa8b82e458469b92410db59aec14d53315e2c5afc9ca8d1eec6972c9b735fe5d00f08afc8ac0ccaa,,07/17/2025 11:20:00 AM,30,NO CONTROLS,UNKNOWN,CLEAR,DAYLIGHT,SIDESWIPE SAME DIRECTION,DIVIDED - W/MEDIAN (NOT RAISED),,STRAIGHT AND LEVEL,UNKNOWN,NO DEFECTS,NOT ON SCENE (DESK REPORT),NO INJURY / DRIVE AWAY,,,,"OVER $1,500",07/17/2025 12:10:00 PM,IMPROPER OVERTAKING/PASSING,UNABLE TO DETERMINE,3600,N,PULASKI RD,1732,,,,,,,2,NO INDICATION OF INJURY,0,0,0,0,0,2,0,11,5,7,41.9464159422,-87.727549491,POINT (-87.727549490998 41.94641594219)
524fd4081730d31f89bf0093da0a973ba468745858526b13db16ef7632fd0b3a9cd8122c83a0601923bf8c4e6360fc26100f98ed5e4f0959995da3013c18ff93,,07/17/2025 11:15:00 AM,10,NO CONTROLS,NO CONTROLS,CLEAR,DAYLIGHT,FIXED OBJECT,ALLEY,,STRAIGHT AND LEVEL,DRY,NO DEFECTS,ON SCENE,NO INJURY / DRIVE AWAY,,,,$500 OR LESS,07/17/2025 11:25:00 AM,IMPROPER BACKING,"VISION OBSCURED (SIGNS, TREE LIMBS, BUILDINGS, ETC.)",10501,S,TORRENCE AVE,434,,,,,,,1,NO INDICATION OF INJURY,0,0,0,0,0,1,0,11,5,7,41.7044945063,-87.5594812461,POINT (-87.559481246134 41.704494506278)
22b055186d72559ef8c5eacec612485d9e6a85b3354c6340a29814f9a0ae641b20aed54ceabb213c1a25f85fe424fc3544116744ecf8183d3722ba2b456125d8,,07/17/2025 11:00:00 AM,30,TRAFFIC SIGNAL,FUNCTIONING PROPERLY,CLEAR,DAYLIGHT,SIDESWIPE SAME DIRECTION,FOUR WAY,,STRAIGHT AND LEVEL,DRY,NO DEFECTS,ON SCENE,NO INJURY / DRIVE AWAY,,,,"OVER $1,500",07/17/2025 11:00:00 AM,IMPROPER LANE USAGE,IMPROPER LANE USAGE,152,W,MARQUETTE RD,722,,,,,,,2,NO INDICATION OF INJURY,0,0,0,0,0,3,0,11,5,7,41.7728266397,-87.6295026772,POINT (-87.629502677209 41.772826639673)
3aeddf60066477fc93f9c175e5374697300bae68d71a07de4cc7c903e75f846a9c82c5df9ec8c7875e7e8d34211de4e4371cb2906717b686719d00ef9ffdbbcd,Y,07/17/2025 11:00:00 AM,15,NO CONTROLS,NO CONTROLS,UNKNOWN,UNKNOWN,OTHER OBJECT,ALLEY,,STRAIGHT AND LEVEL,UNKNOWN,UNKNOWN,NOT ON SCENE (DESK REPORT),NO INJURY / DRIVE AWAY,,,,"OVER $1,500",07/18/2025 10:25:00 AM,UNABLE TO DETERMINE,UNABLE TO DETERMINE,4832,N,CLARK ST,2032,,,,,,,1,NO INDICATION OF INJURY,0,0,0,0,0,1,0,11,5,7,41.9699140962,-87.6677668961,POINT (-87.667766896117 41.969914096176)
6278cc52d94c835850e3fb52f8f08ce9712e569e62a1d758ad2bd65eed85e61bca66630ed746cebbc72e57cf1ac6eacc0ba6b29a824f1d7a82debdaa4847ddb9,,07/17/2025 11:00:00 AM,30,NO CONTROLS,NO CONTROLS,UNKNOWN,UNKNOWN,PARKED MOTOR VEHICLE,NOT DIVIDED,,STRAIGHT AND LEVEL,UNKNOWN,UNKNOWN,NOT ON SCENE (DESK REPORT),NO INJURY / DRIVE AWAY,,,Y,"$501 - $1,500",07/17/2025 07:45:00 PM,UNABLE TO DETERMINE,NOT APPLICABLE,1256,W,MONTROSE AVE,1913,,,,,,,2,NO INDICATION OF INJURY,0,0,0,0,0,1,0,11,5,7,41.9617970696,-87.661807244,POINT (-87.661807244045 41.961797069605)
7008d581d9180caa486f90a8b97919f516d31aaae235f5b951d6fa9d791b6cddeb025eca346e18ce0f2e3587928145cc84398b6b015859d60ce952831051db4a,,07/17/2025 11:00:00 AM,30,NO CONTROLS,NO CONTROLS,CLEAR,DAYLIGHT,PARKED MOTOR VEHICLE,NOT DIVIDED,,STRAIGHT AND LEVEL,DRY,NO DEFECTS,ON SCENE,NO INJURY / DRIVE AWAY,,,,"$501 - $1,500",07/17/2025 11:00:00 AM,FAILING TO REDUCE SPEED TO AVOID CRASH,DRIVING SKILLS/KNOWLEDGE/EXPERIENCE,1535,W,47TH ST,933,,,,,,,2,NO INDICATION OF INJURY,0,0,0,0,0,1,0,11,5,7,41.8085090952,-87.6638772582,POINT (-87.663877258152 41.808509095236)
af303f3f01ba3561545d713178fd47c88e2d69cbd803cf1f5df07e8c555aa562c0b755ac3ab67177769370b7103c074af089bdd01b0ac2ea60653b4cc0a9ffdb,,07/17/2025 10:58:00 AM,30,TRAFFIC SIGNAL,UNKNOWN,UNKNOWN,UNKNOWN,REAR END,NOT DIVIDED,,STRAIGHT ON GRADE,UNKNOWN,UNKNOWN,NOT ON SCENE (DESK REPORT),INJURY AND / OR TOW DUE TO CRASH,,,,"$501 - $1,500",07/17/2025 04:00:00 PM,FOLLOWING TOO CLOSELY,UNABLE TO DETERMINE,1032,W,95TH ST,2223,,,,,,,2,"REPORTED, NOT EVIDENT",1,0,0,0,1,1,0,10,5,7,41.7214954393,-87.6493439453,POINT (-87.649343945342 41.72149543934)
f3114ae056bf95df2770a3342b4e23997cf575eae3b6742479db09673099afbbf4a3734b00a76a31444e802d860e1a23a310c169460219eae1223c8a4d1782ef,,07/17/2025 10:55:00 AM,30,STOP SIGN/FLASHER,FUNCTIONING PROPERLY,CLEAR,DAYLIGHT,TURNING,NOT DIVIDED,,STRAIGHT AND LEVEL,DRY,UNKNOWN,ON SCENE,INJURY AND / OR TOW DUE TO CRASH,Y,,,"$501 - $1,500",07/17/2025 10:57:00 AM,"VISION OBSCURED (SIGNS, TREE LIMBS, BUILDINGS, ETC.)","VISION OBSCURED (SIGNS, TREE LIMBS, BUILDINGS, ETC.)",4998,W,LAWRENCE AVE,1623,,,,,,,2,NONINCAPACITATING INJURY,1,0,0,1,0,1,0,10,5,7,41.968077818,-87.7525764349,POINT (-87.752576434944 41.968077818011)
56b61dedd5b6de5b7e0851dbd9bcb993d718f27a13b2ece7ff262d5007e1166b383f4003725f05f5e2151ad8bc4e51380aa4327a99f6f370559c84cd424f8dfb,,07/17/2025 10:54:00 AM,30,TRAFFIC SIGNAL,FUNCTIONING PROPERLY,CLEAR,DAYLIGHT,ANGLE,FOUR WAY,,STRAIGHT AND LEVEL,DRY,UNKNOWN,ON SCENE,INJURY AND / OR TOW DUE TO CRASH,Y,,Y,"OVER $1,500",07/17/2025 10:56:00 AM,DISREGARDING TRAFFIC SIGNALS,NOT APPLICABLE,4500,W,WASHINGTON BLVD,1113,,,,,,,2,NO INDICATION OF INJURY,0,0,0,0,0,3,0,10,5,7,41.8820086436,-87.7380810685,POINT (-87.73808106854 41.882008643613)
09c2b8e8b50bde09b881f3a6c7cf120480fdb13606f4bd0a30caccedeea63882273f82e2bb683e9bdc4ff22fafd7291cf9ae71dbdcd7c715b49c82324947941d,,07/17/2025 10:50:00 AM,20,NO CONTROLS,NO CONTROLS,CLEAR,DAYLIGHT,PARKED MOTOR VEHICLE,PARKING LOT,,STRAIGHT AND LEVEL,DRY,NO DEFECTS,ON SCENE,NO INJURY / DRIVE AWAY,,,,"$501 - $1,500",07/17/2025 11:03:00 AM,UNABLE TO DETERMINE,UNABLE TO DETERMINE,5849,S,PULASKI RD,822,,,,,,,2,NO INDICATION OF INJURY,0,0,0,0,0,3,0,10,5,7,41.7862992528,-87.7228265276,POINT (-87.72282652764 41.786299252842)
84c539894dd258757d4ea69b4a1342681d95e178bcab88215a8d756a89d9a0d39961610694ef9b2fddbeae22536aee86b28a47c2cbd00183a45eda3bb65ba2c8,,07/17/2025 10:50:00 AM,15,NO CONTROLS,NO CONTROLS,CLEAR,DAYLIGHT,OTHER OBJECT,PARKING LOT,,STRAIGHT AND LEVEL,DRY,SHOULDER DEFECT,ON SCENE,INJURY AND / OR TOW DUE TO CRASH,,,,"OVER $1,500",07/17/2025 10:54:00 AM,UNABLE TO DETERMINE,NOT APPLICABLE,4725,W,MADISON ST,1113,,,,,,,1,NO INDICATION OF INJURY,0,0,0,0,0,2,0,10,5,7,41.880403799,-87.7438616471,POINT (-87.7438616471 41.880403799039)
bcb23e5542f82ee4b0dff81e885df6dc075536d14cb78e8bd25ac8dc12c4e0d1849082b3ae05d763433e72be60b32ad793a78d2f3aa737405a65711dd72e033a,,07/17/2025 10:45:00 AM,30,NO CONTROLS,NO CONTROLS,CLEAR,DAYLIGHT,SIDESWIPE SAME DIRECTION,NOT DIVIDED,,STRAIGHT AND LEVEL,UNKNOWN,UNKNOWN,NOT ON SCENE (DESK REPORT),NO INJURY / DRIVE AWAY,,,,"OVER $1,500",07/18/2025 07:45:00 AM,UNABLE TO DETERMINE,UNABLE TO DETERMINE,1745,N,HARLEM AVE,2513,,,,,,,2,NO INDICATION OF INJURY,0,0,0,0,0,3,0,10,5,7,41.9120473552,-87.805727027,POINT (-87.805727027016 41.912047355165)
40c304233ed0403c68ac405b27b2ab47e431c0aed00d4427f3241b10ae12685531d91bd04f444b2c399e41ca2c4e67d1526198a3a191d5f76bb31930afb941d4,,07/17/2025 10:41:00 AM,25,NO CONTROLS,NO CONTROLS,CLOUDY/OVERCAST,DAYLIGHT,PARKED MOTOR VEHICLE,NOT DIVIDED,,STRAIGHT AND LEVEL,DRY,NO DEFECTS,ON SCENE,NO INJURY / DRIVE AWAY,,,,$500 OR LESS,07/17/2025 10:41:00 AM,DRIVING SKILLS/KNOWLEDGE/EXPERIENCE,UNABLE TO DETERMINE,2844,S,CANAL ST,914,,,,,,,2,NO INDICATION OF INJURY,0,0,0,0,0,1,0,10,5,7,41.8422780809,-87.6384032306,POINT (-87.638403230601 41.842278080938)
7f46c8bc0dcfe29be53030e828e02e5fb449fd405fe025e633b8a1c857005ad410328a4fa8a5e4e2af6783b39c6f96faebf0f65758602a384e8be0ac1789aacb,,07/17/2025 10:36:00 AM,25,NO CONTROLS,NO CONTROLS,CLEAR,DAYLIGHT,PARKED MOTOR VEHICLE,ONE-WAY,,STRAIGHT AND LEVEL,DRY,NO DEFECTS,NOT ON SCENE (DESK REPORT),NO INJURY / DRIVE AWAY,,,Y,$500 OR LESS,07/17/2025 12:11:00 PM,UNABLE TO DETERMINE,UNABLE TO DETERMINE,6638,S,LANGLEY AVE,321,,,,,,,2,NO INDICATION OF INJURY,0,0,0,0,0,2,0,10,5,7,41.7737522895,-87.6083847123,POINT (-87.608384712319 41.773752289544)
211a95aacf5ea8fab3083a648700dbc84e47921cc91496667f3c9e59983cc165a8df887722f472beefd9aa467cb1cc94561e69349983729e77275401a05d1f3c,,07/17/2025 10:30:00 AM,30,TRAFFIC SIGNAL,FUNCTIONING PROPERLY,CLEAR,DAYLIGHT,TURNING,NOT DIVIDED,,STRAIGHT AND LEVEL,DRY,NO DEFECTS,NOT ON SCENE (DESK REPORT),NO INJURY / DRIVE AWAY,Y,,,"$501 - $1,500",07/17/2025 11:45:00 AM,IMPROPER TURNING/NO SIGNAL,IMPROPER TURNING/NO SIGNAL,5698,N,SHERIDAN RD,2022,,,,,,,2,NO INDICATION OF INJURY,0,0,0,0,0,2,0,10,5,7,41.9854632564,-87.6553914479,POINT (-87.655391447946 41.985463256416)
4166bbf246dc2ee311c3bfc65e57ae824f0b7650b06bed7bd3af90df620e8415c82724ced00e42ef2adf02025379e3acdd7c606bf3c7df695b5a0f8f83e1dc87,,07/17/2025 10:30:00 AM,30,NO CONTROLS,UNKNOWN,CLEAR,DAYLIGHT,PARKED MOTOR VEHICLE,NOT DIVIDED,,STRAIGHT AND LEVEL,DRY,NO DEFECTS,ON SCENE,INJURY AND / OR TOW DUE TO CRASH,,,Y,"OVER $1,500",07/17/2025 11:51:00 AM,UNABLE TO DETERMINE,UNABLE TO DETERMINE,2050,W,HASTINGS ST,1233,,,,,,,2,NO INDICATION OF INJURY,0,0,0,0,0,1,0,10,5,7,41.8641152024,-87.6781963956,POINT (-87.678196395579 41.864115202399)
90c34ef333763ba96325860243949825ad3dc4689486252f2f9915b8fd29091b0948c324d19901c23ba70693be90944ceaffd0cc5f1566a42d034bebb11edf8a,,07/17/2025 10:30:00 AM,25,NO CONTROLS,NO CONTROLS,CLEAR,DAYLIGHT,PARKED MOTOR VEHICLE,NOT DIVIDED,,STRAIGHT AND LEVEL,DRY,NO DEFECTS,ON SCENE,INJURY AND / OR TOW DUE TO CRASH,,,,"OVER $1,500",07/17/2025 10:35:00 AM,UNABLE TO DETERMINE,NOT APPLICABLE,640,N,WESTERN AVE,1221,,,,,,,2,NO INDICATION OF INJURY,0,0,0,0,0,1,0,10,5,7,41.8932675382,-87.6869168213,POINT (-87.686916821349 41.893267538198)
002742bbefe4e19873a3c4b78e871fab5f28421dd47c21400417927d31f30e83b4875d15c24ca8f7351215a7fe07352f3671fd5a4dfdbdb0d3f552bde4605e17,,07/17/2025 10:20:00 AM,25,TRAFFIC SIGNAL,FUNCTIONING PROPERLY,CLOUDY/OVERCAST,DAYLIGHT,TURNING,NOT DIVIDED,,STRAIGHT ON GRADE,DRY,NO DEFECTS,ON SCENE,NO INJURY / DRIVE AWAY,,,Y,$500 OR LESS,07/17/2025 10:35:00 AM,FOLLOWING TOO CLOSELY,DRIVING SKILLS/KNOWLEDGE/EXPERIENCE,5701,N,SHERIDAN RD,2022,,,,,,,2,NO INDICATION OF INJURY,0,0,0,0,0,4,0,10,5,7,41.985638421,-87.6550943233,POINT (-87.655094323271 41.985638421049)
9af19534f903f09eafa172baba66011dd7e8c3988c7acc3be307628a2104804048b5bf9431bbf6828eda3c8dc82af4a835eb767dccd9aa928630289316e589f0,,07/17/2025 10:11:00 AM,25,STOP SIGN/FLASHER,NO CONTROLS,CLOUDY/OVERCAST,DAYLIGHT,SIDESWIPE SAME DIRECTION,DIVIDED - W/MEDIAN (NOT RAISED),,STRAIGHT AND LEVEL,DRY,NO DEFECTS,ON SCENE,INJURY AND / OR TOW DUE TO CRASH,,,,"$501 - $1,500",07/17/2025 10:50:00 AM,FAILING TO YIELD RIGHT-OF-WAY,FAILING TO REDUCE SPEED TO AVOID CRASH,4940,W,QUINCY ST,1533,,,,,,,2,NO INDICATION OF INJURY,0,0,0,0,0,2,0,10,5,7,41.8777540654,-87.7489353204,POINT (-87.748935320428 41.877754065417)
985c5939caa501cc3681506e5032f3925eccc80eaf73f6e2c90cda9049c59c16f1ac0e4bd10221e2fa308b4c93f21855d94a5e08f13b83c54c64a7e1f68da1c3,,07/17/2025 10:04:00 AM,30,TRAFFIC SIGNAL,FUNCTIONING PROPERLY,CLEAR,DAYLIGHT,PEDESTRIAN,FOUR WAY,,STRAIGHT AND LEVEL,DRY,NO DEFECTS,ON SCENE,INJURY AND / OR TOW DUE TO CRASH,Y,,,$500 OR LESS,07/17/2025 10:04:00 AM,IMPROPER TURNING/NO SIGNAL,FAILING TO YIELD RIGHT-OF-WAY,1200,W,MADISON ST,1224,,,,,,,2,NONINCAPACITATING INJURY,1,0,0,1,0,2,0,10,5,7,41.8817242769,-87.6572260318,POINT (-87.657226031828 41.881724276943)