CRASH_RECORD_ID,CRASH_DATE_EST_I,CRASH_DATE,POSTED_SPEED_LIMIT,TRAFFIC_CONTROL_DEVICE,DEVICE_CONDITION,WEATHER_CONDITION,LIGHTING_CONDITION,FIRST_CRASH_TYPE,TRAFFICWAY_TYPE,LANE_CNT,ALIGNMENT,ROADWAY_SURFACE_COND,ROAD_DEFECT,REPORT_TYPE,CRASH_TYPE,INTERSECTION_RELATED_I,NOT_RIGHT_OF_WAY_I,HIT_AND_RUN_I,DAMAGE,DATE_POLICE_NOTIFIED,PRIM_CONTRIBUTORY_CAUSE,SEC_CONTRIBUTORY_CAUSE,STREET_NO,STREET_DIRECTION,STREET_NAME,BEAT_OF_OCCURRENCE,PHOTOS_TAKEN_I,STATEMENTS_TAKEN_I,DOORING_I,WORK_ZONE_I,WORK_ZONE_TYPE,WORKERS_PRESENT_I,NUM_UNITS,MOST_SEVERE_INJURY,INJURIES_TOTAL,INJURIES_FATAL,INJURIES_INCAPACITATING,INJURIES_NON_INCAPACITATING,INJURIES_REPORTED_NOT_EVIDENT,INJURIES_NO_INDICATION,INJURIES_UNKNOWN,CRASH_HOUR,CRASH_DAY_OF_WEEK,CRASH_MONTH,LATITUDE,LONGITUDE,LOCATION
643417f5e633c1c48e89b8d0f68485de74a8052a076a481d681821baf6022e0a8aa439cc2dbb854676b4d9099861237ba70544059839a60a2d4383230747edc8,,07/17/2025 10:00:00 AM,30,NO CONTROLS,NO CONTROLS,CLEAR,DARKNESS,PARKED MOTOR VEHICLE,NOT DIVIDED,,STRAIGHT AND LEVEL,DRY,NO DEFECTS,NOT ON SCENE (DESK REPORT),NO INJURY / DRIVE AWAY,,,Y,"OVER $1,500",07/17/2025 06:40:00 PM,UNABLE TO DETERMINE,NOT APPLICABLE,857,E,40TH ST,214,,,,,,,2,NO INDICATION OF INJURY,0,0,0,0,0,1,0,10,5,7,41.821714494,-87.604123045,POINT (-87.604123044988 41.821714494029)
661abcf3b3bc4f33fb5f74dc1c85c21ba4ae6cb7358bea446d0e2597cba4eb6c8b9899f56cf25d6086054427fd1139a043746441222af447ee4f318e155d0005,,07/17/2025 10:00:00 AM,30,NO CONTROLS,NO CONTROLS,CLEAR,DAYLIGHT,TURNING,NOT DIVIDED,,STRAIGHT AND LEVEL,DRY,UNKNOWN,NOT ON SCENE (DESK REPORT),NO INJURY / DRIVE AWAY,,,,"OVER $1,500",07/17/2025 11:36:00 AM,UNABLE TO DETERMINE,UNABLE TO DETERMINE,222,N,LA SALLE ST,122,,,,,,,2,NO INDICATION OF INJURY,0,0,0,0,0,2,0,10,5,7,41.8863516045,-87.6326139455,POINT (-87.632613945519 41.886351604489)
a2ed0d8388abdc57f4f806faebcb8e87cdcb36f573d9ba0dc511557545b5f5f007ac06819775a80b10bc3bc6742f41702c29b606eae96545c6a3187f557e0005,,07/17/2025 10:00:00 AM,35,NO CONTROLS,NO CONTROLS,CLEAR,DAYLIGHT,SIDESWIPE SAME DIRECTION,NOT DIVIDED,,STRAIGHT AND LEVEL,DRY,NO DEFECTS,ON SCENE,INJURY AND / OR TOW DUE TO CRASH,,,,"OVER $1,500",07/17/2025 10:06:00 AM,EQUIPMENT - VEHICLE CONDITION,NOT APPLICABLE,5415,N,HARLEM AVE,1613,,,,,,,3,"REPORTED, NOT EVIDENT",2,0,0,0,2,4,0,10,5,7,41.9796230494,-87.8068347222,POINT (-87.806834722153 41.979623049365)
e03b56335e35d560179c5735d1fd6212bdaca3ce36016eb5853bdd303d1876fa0aef7cd8aa4ecd2ab9cda442e337017aab0be7791acd1ac3cfe98e13b438a3c0,,07/17/2025 10:00:00 AM,20,NO CONTROLS,NO CONTROLS,CLEAR,DAYLIGHT,PARKED MOTOR VEHICLE,NOT DIVIDED,,STRAIGHT AND LEVEL,DRY,NO DEFECTS,NOT ON SCENE (DESK REPORT),NO INJURY / DRIVE AWAY,,,,"$501 - $1,500",07/17/2025 10:50:00 AM,DRIVING SKILLS/KNOWLEDGE/EXPERIENCE,NOT APPLICABLE,2527,N,KILPATRICK AVE,2521,,,,,,,2,NO INDICATION OF INJURY,0,0,0,0,0,1,0,10,5,7,41.9272058341,-87.7438292604,POINT (-87.743829260421 41.927205834124)
4a6d63d53da0062095dcee4ead23f01f026603dd8bfa26e8d100c1b394cfee1309c99fa8188b3c62e4597c081c6b425cb208811043cc93f72d4b8660a06a7738,,07/17/2025 09:55:00 AM,30,TRAFFIC SIGNAL,FUNCTIONING PROPERLY,CLEAR,DAYLIGHT,REAR END,FOUR WAY,,STRAIGHT AND LEVEL,DRY,NO DEFECTS,ON SCENE,NO INJURY / DRIVE AWAY,,,,"OVER $1,500",07/17/2025 09:58:00 AM,FOLLOWING TOO CLOSELY,NOT APPLICABLE,1000,N,CICERO AVE,1531,,,,,,,2,NO INDICATION OF INJURY,0,0,0,0,0,2,0,9,5,7,41.8987298306,-87.7460387132,POINT (-87.746038713154 41.898729830606)
44c24c60364f2c625cdf5d353e9411aabf4ec30b98c6912a4a88b19793fc685b7c24f5004ee6a7e3cad91701ab5887e69636aea0f09fd3dca7c29795085f4c15,,07/17/2025 09:48:00 AM,30,NO CONTROLS,NO CONTROLS,CLEAR,DAYLIGHT,SIDESWIPE SAME DIRECTION,ONE-WAY,,STRAIGHT AND LEVEL,DRY,NO DEFECTS,NOT ON SCENE (DESK REPORT),NO INJURY / DRIVE AWAY,,,Y,"OVER $1,500",07/17/2025 12:29:00 PM,UNABLE TO DETERMINE,UNABLE TO DETERMINE,16,W,GRAND AVE,1831,,,,,,,2,NO INDICATION OF INJURY,0,0,0,0,0,2,0,9,5,7,41.8917685946,-87.6287376537,POINT (-87.628737653651 41.891768594591)
9bfa1039d65be38bf47cba49bf98415515346ef1b1426f3285572ff6521d937ee2fdc4adaf358fcb0687e153835f5bf6f68b6cbd6cccc8c563ea01f9919d6e45,,07/17/2025 09:45:00 AM,30,STOP SIGN/FLASHER,FUNCTIONING PROPERLY,CLEAR,DAYLIGHT,TURNING,OTHER,,STRAIGHT AND LEVEL,DRY,NO DEFECTS,ON SCENE,INJURY AND / OR TOW DUE TO CRASH,,,Y,"OVER $1,500",07/17/2025 09:49:00 AM,DISREGARDING STOP SIGN,NOT APPLICABLE,8700,S,BALTIMORE AVE,424,,,,,,,2,NONINCAPACITATING INJURY,1,0,0,1,0,1,0,9,5,7,41.7373227754,-87.5488282187,POINT (-87.548828218725 41.737322775367)
2839e174329e08af35bcb47d26daca25873049f21631c73780c675c158470b9a7bef3e8934bb46cca64123a30d69cfdfc7710e937fda120e2e2320d63d0fffae,,07/17/2025 09:40:00 AM,30,TRAFFIC SIGNAL,FUNCTIONING PROPERLY,CLEAR,DAYLIGHT,PEDESTRIAN,NOT DIVIDED,,STRAIGHT AND LEVEL,DRY,OTHER,ON SCENE,INJURY AND / OR TOW DUE TO CRASH,,,,$500 OR LESS,07/17/2025 10:01:00 AM,ROAD CONSTRUCTION/MAINTENANCE,ROAD CONSTRUCTION/MAINTENANCE,599,S,ASHLAND AVE,1231,,,,,,,2,"REPORTED, NOT EVIDENT",1,0,0,0,1,1,0,9,5,7,41.8742513997,-87.6664533589,POINT (-87.666453358949 41.87425139966)
c60f4b65c52e1b1d2b1e062eecde962d6bbddc7c48278e426d705eaedaca3f829f58d6e7c01a71be783c854761aebb676f366c08f014adaadb4d43d1ebbec379,,07/17/2025 09:40:00 AM,35,NO CONTROLS,NO CONTROLS,CLEAR,DAYLIGHT,PARKED MOTOR VEHICLE,ONE-WAY,,STRAIGHT AND LEVEL,DRY,NO DEFECTS,ON SCENE,INJURY AND / OR TOW DUE TO CRASH,,Y,,"OVER $1,500",07/17/2025 09:47:00 AM,PHYSICAL CONDITION OF DRIVER,UNABLE TO DETERMINE,9119,S,OGLESBY AVE,413,,,,,,,2,INCAPACITATING INJURY,1,0,1,0,0,0,0,9,5,7,41.7292936636,-87.5668733565,POINT (-87.566873356517 41.729293663616)
330322b9fac080c6f924d4ccd77d20aba85689d71a35617b4327775a4aa05bc7733a7757001a0655d2f1eef92a1787ddc0f31b0344708b9dce0d5c3b0cd64427,,07/17/2025 09:35:00 AM,25,UNKNOWN,UNKNOWN,CLEAR,DAYLIGHT,PARKED MOTOR VEHICLE,NOT DIVIDED,,STRAIGHT AND LEVEL,DRY,NO DEFECTS,NOT ON SCENE (DESK REPORT),NO INJURY / DRIVE AWAY,,,Y,"$501 - $1,500",07/28/2025 04:05:00 PM,UNABLE TO DETERMINE,UNABLE TO DETERMINE,325,W,LOCUST ST,1823,,,,,,,2,NO INDICATION OF INJURY,0,0,0,0,0,1,0,9,5,7,41.8988375987,-87.6368971567,POINT (-87.636897156746 41.898837598673)
a149bc4f5b5abf4651d387600e4cb3c4bd13a71c73740dd765d248e6764f01550ea4c99cae6656df5a635378c6ccab58f3ecd151f7eec0c8e5d486da1984d4eb,,07/17/2025 09:35:00 AM,30,TRAFFIC SIGNAL,FUNCTIONING PROPERLY,CLEAR,DAYLIGHT,SIDESWIPE SAME DIRECTION,FOUR WAY,,STRAIGHT AND LEVEL,DRY,NO DEFECTS,NOT ON SCENE (DESK REPORT),NO INJURY / DRIVE AWAY,,,,"OVER $1,500",07/19/2025 09:00:00 AM,UNABLE TO DETERMINE,NOT APPLICABLE,6744,W,NORTH AVE,2513,,,,,,,2,NO INDICATION OF INJURY,0,0,0,0,0,2,0,9,5,7,41.9091449171,-87.7941503254,POINT (-87.794150325375 41.909144917059)
86ccb3fbb3a9ff193d8d89729158e1d1db6b067222b3971c1ac045b542b1fa518953ab9daf4321aa31c3d81e062df8eaff0fff3c9610fdf7b9c9c7d1cbdb4c33,,07/17/2025 09:26:00 AM,25,NO CONTROLS,NO CONTROLS,CLEAR,DAYLIGHT,SIDESWIPE SAME DIRECTION,DIVIDED - W/MEDIAN (NOT RAISED),,STRAIGHT AND LEVEL,DRY,NO DEFECTS,NOT ON SCENE (DESK REPORT),NO INJURY / DRIVE AWAY,,,,"OVER $1,500",07/17/2025 10:15:00 AM,UNABLE TO DETERMINE,NOT APPLICABLE,6358,N,CLARK ST,2433,,,,,,,2,NO INDICATION OF INJURY,0,0,0,0,0,2,0,9,5,7,41.998039492,-87.6707318276,POINT (-87.670731827555 41.998039492012)
44e58b028431750db3b550cf88544eb1c3d7b594dfdce18ed59ca750968a6d55cc9e8d8e26bc5431381287f062c6216031cf4c0a5183d07838f77f5e3512c8cd,,07/17/2025 09:20:00 AM,15,NO CONTROLS,NO CONTROLS,CLEAR,DAYLIGHT,FIXED OBJECT,PARKING LOT,,STRAIGHT AND LEVEL,DRY,NO DEFECTS,NOT ON SCENE (DESK REPORT),NO INJURY / DRIVE AWAY,,Y,,$500 OR LESS,07/18/2025 10:00:00 AM,DRIVING SKILLS/KNOWLEDGE/EXPERIENCE,"VISION OBSCURED (SIGNS, TREE LIMBS, BUILDINGS, ETC.)",2344,W,OAKDALE AVE,1432,,,,,,,1,NO INDICATION OF INJURY,0,0,0,0,0,1,0,9,5,7,41.9345188091,-87.6872245266,POINT (-87.687224526621 41.934518809125)
88d466feec4ef1f37bf16543cc950cab87b22fe623eacbc137ad0f3878d55a249bba47d7f3fb30f2edf169d9424f4e04bcc710a1005a9cccd2a23f2b6ba78a27,,07/17/2025 09:20:00 AM,30,NO CONTROLS,NO CONTROLS,CLEAR,DAYLIGHT,TURNING,FOUR WAY,,STRAIGHT AND LEVEL,DRY,UNKNOWN,,NO INJURY / DRIVE AWAY,,,,"OVER $1,500",07/17/2025 09:51:00 AM,UNABLE TO DETERMINE,UNABLE TO DETERMINE,1299,W,DIVISION ST,1213,,,,,,,2,NO INDICATION OF INJURY,0,0,0,0,0,2,0,9,5,7,41.9033428748,-87.6606517064,POINT (-87.660651706444 41.90334287475)
fe0cc1240b09dfe2ce8649d4f854ec55171e5d2664587540dad3876b104a0fbb979aac58ddb1e85ea624564fd2e1355b150a33b6ea272413b15fa9a1f0913572,,07/17/2025 09:20:00 AM,30,STOP SIGN/FLASHER,FUNCTIONING PROPERLY,CLEAR,DAYLIGHT,ANGLE,NOT DIVIDED,,STRAIGHT AND LEVEL,DRY,UNKNOWN,NOT ON SCENE (DESK REPORT),NO INJURY / DRIVE AWAY,Y,,Y,"OVER $1,500",07/17/2025 10:00:00 AM,FAILING TO YIELD RIGHT-OF-WAY,FAILING TO REDUCE SPEED TO AVOID CRASH,1699,N,NARRAGANSETT AVE,2513,,,,,,,2,NO INDICATION OF INJURY,0,0,0,0,0,3,0,9,5,7,41.9108708974,-87.7849105407,POINT (-87.784910540702 41.910870897416)
b04e116383918c90abf025647d62215e16e56685030c5094cd683c8630e2f48e224ee1c527d4f2e72e573a8091bd7111e765c31133dfef773f96fda910fb719c,,07/17/2025 09:18:00 AM,35,TRAFFIC SIGNAL,FUNCTIONING PROPERLY,UNKNOWN,UNKNOWN,TURNING,DIVIDED - W/MEDIAN (NOT RAISED),,STRAIGHT AND LEVEL,UNKNOWN,UNKNOWN,NOT ON SCENE (DESK REPORT),NO INJURY / DRIVE AWAY,,,Y,"$501 - $1,500",07/17/2025 11:30:00 AM,IMPROPER TURNING/NO SIGNAL,FOLLOWING TOO CLOSELY,1600,E,95TH ST,413,,,,,,,2,NO INDICATION OF INJURY,0,0,0,0,0,3,0,9,5,7,41.722449457,-87.5850035691,POINT (-87.585003569109 41.722449457011)
6103ccf9d1b85bb671413dff0b4057ea6f03b7620552d9d240096c7d3fc650ec48c1fd78007e344b9e795e62b970f976d32cd13d9f2df1cffbc19e7d9d4e6234,,07/17/2025 09:15:00 AM,30,NO CONTROLS,NO CONTROLS,CLEAR,DAYLIGHT,ANGLE,FOUR WAY,,STRAIGHT AND LEVEL,DRY,NO DEFECTS,ON SCENE,INJURY AND / OR TOW DUE TO CRASH,Y,,,"OVER $1,500",07/17/2025 09:20:00 AM,FAILING TO YIELD RIGHT-OF-WAY,IMPROPER TURNING/NO SIGNAL,1300,W,LAKE ST,1215,,,,,,,2,NO INDICATION OF INJURY,0,0,0,0,0,3,0,9,5,7,41.88558042,-87.6589569108,POINT (-87.658956910752 41.885580420009)
b17fcb0eac1a7cca7200a6bd8594b109600755e81b5295f63b377b5b033f7908701b51e60ba97ec5e4bab2500e10feceb95229ac2f91861c9e5144ea1d79136a,,07/17/2025 09:13:00 AM,30,NO CONTROLS,NO CONTROLS,CLEAR,DAYLIGHT,REAR TO FRONT,FOUR WAY,,STRAIGHT AND LEVEL,DRY,NO DEFECTS,,NO INJURY / DRIVE AWAY,Y,,,"$501 - $1,500",07/17/2025 09:17:00 AM,IMPROPER OVERTAKING/PASSING,IMPROPER OVERTAKING/PASSING,7900,S,WINCHESTER AVE,611,,,,,,,2,NO INDICATION OF INJURY,0,0,0,0,0,2,0,9,5,7,41.7501546847,-87.6720665929,POINT (-87.672066592914 41.750154684691)
736b89282be9a6f09bb7883299dd5af1c175237f3e1a082d0dec315be216aa720007311294e7b50c8ab2b542018f38a238a709b93868b0021916cee209c8a6bd,,07/17/2025 09:08:00 AM,30,NO CONTROLS,NO CONTROLS,CLEAR,DAYLIGHT,PARKED MOTOR VEHICLE,DIVIDED - W/MEDIAN (NOT RAISED),,STRAIGHT AND LEVEL,DRY,NO DEFECTS,ON SCENE,NO INJURY / DRIVE AWAY,,,,"OVER $1,500",07/17/2025 09:45:00 AM,IMPROPER OVERTAKING/PASSING,UNABLE TO DETERMINE,3200,N,BROADWAY,1925,,,,,,,2,NO INDICATION OF INJURY,0,0,0,0,0,1,0,9,5,7,41.9400969044,-87.6445483667,POINT (-87.644548366667 41.940096904389)
d2750a6f3217d4b4fa5166430114627cd09e4e40733189af5bba36dce50b7ccf711b049866c784efa75de73e080b5261500881bd3e153d11f0a7c6a5f6dc95a5,,07/17/2025 09:02:00 AM,20,NO CONTROLS,NO CONTROLS,CLOUDY/OVERCAST,DAYLIGHT,REAR TO SIDE,ONE-WAY,,STRAIGHT AND LEVEL,DRY,NO DEFECTS,ON SCENE,NO INJURY / DRIVE AWAY,,,,"$501 - $1,500",07/17/2025 09:10:00 AM,UNABLE TO DETERMINE,UNABLE TO DETERMINE,4000,W,60TH ST,813,,,,,,,2,NO INDICATION OF INJURY,0,0,0,0,0,5,0,9,5,7,41.7842236922,-87.7229775346,POINT (-87.722977534605 41.784223692235)
43642a53587702f83cb697d65ccb14bf5f2b1aeeaa36b92a908a693068359d29671450a14c6d220e9dcf16ff5a36d75a6705747d78aededf53b7484130d9c1fc,,07/17/2025 09:00:00 AM,30,TRAFFIC SIGNAL,FUNCTIONING PROPERLY,CLEAR,DAYLIGHT,REAR END,NOT DIVIDED,,STRAIGHT AND LEVEL,DRY,NO DEFECTS,NOT ON SCENE (DESK REPORT),NO INJURY / DRIVE AWAY,,,,"OVER $1,500",07/17/2025 07:45:00 PM,FOLLOWING TOO CLOSELY,NOT APPLICABLE,3711,W,COLUMBUS AVE,834,,,,,,,2,NO INDICATION OF INJURY,0,0,0,0,0,2,0,9,5,7,41.7410128649,-87.714374184,POINT (-87.714374183955 41.741012864911)
ffa3c37bf3658b4e914daa187e27e4a0d67c67a8c79043eff25b2f4ec6c303036e7610f2fec02416a508caa393a33c7ad7b43dc8df0cfbdedc227ea9397db4f0,,07/17/2025 09:00:00 AM,10,NO CONTROLS,NO CONTROLS,CLEAR,DAYLIGHT,SIDESWIPE SAME DIRECTION,PARKING LOT,,STRAIGHT AND LEVEL,DRY,UNKNOWN,NOT ON SCENE (DESK REPORT),NO INJURY / DRIVE AWAY,,,,"OVER $1,500",07/17/2025 09:45:00 AM,UNABLE TO DETERMINE,UNABLE TO DETERMINE,2935,W,DEVON AVE,2413,,,,,,,2,NO INDICATION OF INJURY,0,0,0,0,0,2,0,9,5,7,41.9973852911,-87.7034356847,POINT (-87.703435684663 41.997385291091)
0d89132f235c40502e429a53c9ab40adddb9e9076d42d462bf92aa877954c068b630e03dab90b61263f98ca12704b52a681e8460e5a8d4f23b0ac6f4bdd6b395,,07/17/2025 08:54:00 AM,30,NO CONTROLS,NO CONTROLS,CLEAR,DAYLIGHT,SIDESWIPE SAME DIRECTION,NOT DIVIDED,,STRAIGHT AND LEVEL,DRY,NO DEFECTS,ON SCENE,INJURY AND / OR TOW DUE TO CRASH,,,Y,"OVER $1,500",07/17/2025 08:58:00 AM,IMPROPER LANE USAGE,IMPROPER LANE USAGE,5263,W,NORTH AVE,2532,,,,,,,2,NO INDICATION OF INJURY,0,0,0,0,0,3,0,8,5,7,41.9093634201,-87.757986484,POINT (-87.757986483975 41.909363420138)
33ffcf0e9de2eafa584fe6f382160fc56ce8d4d1fc3ee1ec30d45c6bd89fcb4b9eae3af8c0ec11cf5a311652d1c0be9600c2ec5dacfaaabea4a99ec9eb760bf5,,07/17/2025 08:45:00 AM,30,STOP SIGN/FLASHER,FUNCTIONING PROPERLY,CLEAR,DAYLIGHT,ANGLE,FOUR WAY,,STRAIGHT AND LEVEL,DRY,NO DEFECTS,ON SCENE,INJURY AND / OR TOW DUE TO CRASH,Y,,Y,"OVER $1,500",07/17/2025 08:50:00 AM,DISREGARDING STOP SIGN,UNABLE TO DETERMINE,2000,W,HUBBARD ST,1221,,,,,,,2,NO INDICATION OF INJURY,0,0,0,0,0,3,0,8,5,7,41.8898339228,-87.6769997238,POINT (-87.676999723815 41.889833922823)
c7b1ddc7ae4252aef1ad6f5f4afa043551657b1784a11245bf78e8618dd003f738862ca9da32259e6a804feeaa2362940d527322a41962942631bf334f90fdf7,,07/17/2025 08:37:00 AM,30,STOP SIGN/FLASHER,FUNCTIONING PROPERLY,CLEAR,DAYLIGHT,ANGLE,NOT DIVIDED,,STRAIGHT AND LEVEL,DRY,NO DEFECTS,NOT ON SCENE (DESK REPORT),NO INJURY / DRIVE AWAY,,,Y,"$501 - $1,500",07/17/2025 09:00:00 AM,UNABLE TO DETERMINE,UNABLE TO DETERMINE,7200,S,YATES BLVD,334,,,,,,,2,NO INDICATION OF INJURY,0,0,0,0,0,2,0,8,5,7,41.7643432551,-87.566632526,POINT (-87.566632525994 41.764343255101)
b5d95157585b27c3e44646a456f7cad845e03b72a5529463fa9f7893c7a73daaa310023f08dbd79a1674b544be27fd31f7aa8da5ffdd3feb74fd8a8aef4110d6,,07/17/2025 08:36:00 AM,30,NO CONTROLS,NO CONTROLS,CLEAR,DAYLIGHT,REAR TO FRONT,PARKING LOT,,STRAIGHT AND LEVEL,DRY,NO DEFECTS,ON SCENE,NO INJURY / DRIVE AWAY,,,,"$501 - $1,500",07/17/2025 09:21:00 AM,DRIVING SKILLS/KNOWLEDGE/EXPERIENCE,IMPROPER BACKING,4510,N,PULASKI RD,1722,,,,,,,2,NO INDICATION OF INJURY,0,0,0,0,0,3,0,8,5,7,41.9629288413,-87.7280288473,POINT (-87.728028847252 41.962928841289)
059bdaf2c7e2d98b39dcb7df68459a5838409063ace47e027dc2f7de2d42669c280913583d3546b4b835c681034a0eccc861f94b034e212635d633501956a5f5,,07/17/2025 08:30:00 AM,30,NO CONTROLS,NO CONTROLS,CLEAR,DAYLIGHT,FIXED OBJECT,NOT DIVIDED,,STRAIGHT AND LEVEL,DRY,NO DEFECTS,ON SCENE,NO INJURY / DRIVE AWAY,,,,"OVER $1,500",07/17/2025 08:30:00 AM,UNABLE TO DETERMINE,UNABLE TO DETERMINE,4915,S,WESTERN BLVD,931,,,,,,,1,NO INDICATION OF INJURY,0,0,0,0,0,1,0,8,5,7,41.8042179543,-87.683594898,POINT (-87.683594898015 41.804217954289)
0a0453ce7f327c50e904a6472e330f37c8662581d71b261e85bdada7efe25c8da7762f8cc03dc3ee652e6de3f7abc494631e714971f25e078fa6d2d016bf8298,,07/17/2025 08:30:00 AM,30,TRAFFIC SIGNAL,FUNCTIONING PROPERLY,UNKNOWN,UNKNOWN,TURNING,FOUR WAY,,STRAIGHT AND LEVEL,UNKNOWN,UNKNOWN,NOT ON SCENE (DESK REPORT),NO INJURY / DRIVE AWAY,Y,,N,"OVER $1,500",07/23/2025 03:30:00 PM,IMPROPER TURNING/NO SIGNAL,NOT APPLICABLE,1602,N,LA SALLE DR,1814,,,,,,,2,NO INDICATION OF INJURY,0,0,0,0,0,2,0,8,5,7,41.9113023122,-87.6333004833,POINT (-87.633300483297 41.911302312171)
43f1d6256d988592eebe0de101de3efb422fd55af7b32936a2ea94841ad7585ef4c0f2539a283498d3e4a31f450dc710203a23694e524b345ef77d095ba02c03,Y,07/17/2025 08:30:00 AM,30,TRAFFIC SIGNAL,UNKNOWN,CLEAR,DAYLIGHT,PEDALCYCLIST,FOUR WAY,,STRAIGHT AND LEVEL,DRY,UNKNOWN,NOT ON SCENE (DESK REPORT),INJURY AND / OR TOW DUE TO CRASH,,,Y,"OVER $1,500",07/17/2025 01:00:00 PM,IMPROPER TURNING/NO SIGNAL,FAILING TO YIELD RIGHT-OF-WAY,506,N,MILWAUKEE AVE,1214,,,,,,,2,INCAPACITATING INJURY,1,0,1,0,0,1,0,8,5,7,41.8913131489,-87.6480086671,POINT (-87.648008667116 41.89131314887)
78a5f3b547ed1e6da422a7aab85dcbf8ec9a0cf09925be1a30936597e6bfaaf60ce951edc586b08f4d98cc35d9f1f8ba3d10e6b9335b117e8659d44fa03c4166,,07/17/2025 08:21:00 AM,30,NO CONTROLS,NO CONTROLS,CLEAR,DAYLIGHT,TURNING,T-INTERSECTION,,STRAIGHT AND LEVEL,DRY,NO DEFECTS,ON SCENE,NO INJURY / DRIVE AWAY,Y,,Y,$500 OR LESS,07/17/2025 08:29:00 AM,FAILING TO YIELD RIGHT-OF-WAY,NOT APPLICABLE,5800,N,BROADWAY,2013,,,,,,,2,NO INDICATION OF INJURY,0,0,0,0,0,2,0,8,5,7,41.9869634776,-87.660318021,POINT (-87.660318021002 41.986963477571)
763294e0e4dabcdda007ce5d5a502a6250138b5c72a162c8bcd7bfe27bb87a71ba80a4eb5172dd857066ad5c3ef4d6e17f44a2a64f512fbe089b735ea49dcfde,,07/17/2025 08:20:00 AM,20,NO CONTROLS,NO CONTROLS,CLEAR,DAYLIGHT,ANGLE,NOT DIVIDED,,STRAIGHT AND LEVEL,DRY,NO DEFECTS,NOT ON SCENE (DESK REPORT),NO INJURY / DRIVE AWAY,Y,,,"OVER $1,500",07/17/2025 08:52:00 AM,FAILING TO YIELD RIGHT-OF-WAY,FAILING TO YIELD RIGHT-OF-WAY,5500,S,CALIFORNIA AVE,824,,,,,,,2,NO INDICATION OF INJURY,0,0,0,0,0,2,0,8,5,7,41.7935975128,-87.6939420481,POINT (-87.6939420481 41.793597512795)
e9357fda02fc758de026250429400a9590837830e8d523ae0bb12f6dc85b619081be1dc18bf449c6b4199d5afec1b3d3f857e2e88e5fd48b6c91f88c3e17bd8d,,07/17/2025 08:15:00 AM,30,STOP SIGN/FLASHER,NO CONTROLS,CLEAR,DAYLIGHT,ANGLE,FOUR WAY,,STRAIGHT AND LEVEL,DRY,NO DEFECTS,NOT ON SCENE (DESK REPORT),NO INJURY / DRIVE AWAY,Y,,,"OVER $1,500",07/17/2025 09:10:00 AM,DRIVING SKILLS/KNOWLEDGE/EXPERIENCE,DRIVING SKILLS/KNOWLEDGE/EXPERIENCE,3135,S,WOOD ST,912,,,,,,,2,NO INDICATION OF INJURY,0,0,0,0,0,2,0,8,5,7,41.8367315712,-87.6704125553,POINT (-87.670412555317 41.836731571174)
5cbc77eb07b14eda2c3edde32695f54d10b8c8f3140f4e8a6265c4adb170504a39b77b6682cac524b03ed0cc403d101823ee7fdaabb8c4964f9155b74c505696,,07/17/2025 08:10:00 AM,30,NO CONTROLS,NO CONTROLS,CLEAR,DAYLIGHT,TURNING,FOUR WAY,,STRAIGHT AND LEVEL,DRY,NO DEFECTS,ON SCENE,NO INJURY / DRIVE AWAY,,,,"OVER $1,500",07/17/2025 08:12:00 AM,IMPROPER TURNING/NO SIGNAL,NOT APPLICABLE,4904,W,FLOURNOY ST,1533,,Y,,,,,2,NO INDICATION OF INJURY,0,0,0,0,0,2,0,8,5,7,41.8721550025,-87.7474258186,POINT (-87.747425818639 41.872155002495)
d703f99789498c227eb07694b32f8c9b81568fb389329684e2045d34560ad09b3350633a6f6418324ee27b6580f748c92b329e472583b3af544e940fc881a2af,,07/17/2025 08:10:00 AM,30,NO CONTROLS,NO CONTROLS,CLEAR,DAYLIGHT,SIDESWIPE SAME DIRECTION,NOT DIVIDED,,STRAIGHT AND LEVEL,DRY,NO DEFECTS,,NO INJURY / DRIVE AWAY,,,N,"OVER $1,500",07/17/2025 08:12:00 AM,NOT APPLICABLE,NOT APPLICABLE,6304,N,BROADWAY,2433,,,,,,,2,NO INDICATION OF INJURY,0,0,0,0,0,2,0,8,5,7,41.9965746553,-87.6606142175,POINT (-87.660614217463 41.99657465528)
10f7203478203bf02ceb1a0b8c202056be8915a08fc24445979f491ac3fae7956839b36118be0ee5102c379075c6189a49a5c2dd0a81b0a842c046658606b352,Y,07/17/2025 08:00:00 AM,25,NO CONTROLS,NO CONTROLS,UNKNOWN,UNKNOWN,PARKED MOTOR VEHICLE,ONE-WAY,,STRAIGHT AND LEVEL,UNKNOWN,UNKNOWN,NOT ON SCENE (DESK REPORT),NO INJURY / DRIVE AWAY,,,,"OVER $1,500",07/17/2025 09:00:00 AM,UNABLE TO DETERMINE,NOT APPLICABLE,9204,S,WOODLAWN AVE,413,,,,,,,2,NO INDICATION OF INJURY,0,0,0,0,0,1,0,8,5,7,41.7274653492,-87.5950573553,POINT (-87.595057355279 41.727465349179)