CRASH_RECORD_ID,CRASH_DATE_EST_I,CRASH_DATE,POSTED_SPEED_LIMIT,TRAFFIC_CONTROL_DEVICE,DEVICE_CONDITION,WEATHER_CONDITION,LIGHTING_CONDITION,FIRST_CRASH_TYPE,TRAFFICWAY_TYPE,LANE_CNT,ALIGNMENT,ROADWAY_SURFACE_COND,ROAD_DEFECT,REPORT_TYPE,CRASH_TYPE,INTERSECTION_RELATED_I,NOT_RIGHT_OF_WAY_I,HIT_AND_RUN_I,DAMAGE,DATE_POLICE_NOTIFIED,PRIM_CONTRIBUTORY_CAUSE,SEC_CONTRIBUTORY_CAUSE,STREET_NO,STREET_DIRECTION,STREET_NAME,BEAT_OF_OCCURRENCE,PHOTOS_TAKEN_I,STATEMENTS_TAKEN_I,DOORING_I,WORK_ZONE_I,WORK_ZONE_TYPE,WORKERS_PRESENT_I,NUM_UNITS,MOST_SEVERE_INJURY,INJURIES_TOTAL,INJURIES_FATAL,INJURIES_INCAPACITATING,INJURIES_NON_INCAPACITATING,INJURIES_REPORTED_NOT_EVIDENT,INJURIES_NO_INDICATION,INJURIES_UNKNOWN,CRASH_HOUR,CRASH_DAY_OF_WEEK,CRASH_MONTH,LATITUDE,LONGITUDE,LOCATION
61ccfc2484013f3e6efe401d50ec32bb78ce9e5619bcea843754676d579d375a7aca4f95af56f8383ce784eee5f0aeeb803e99da9641799c67072e6b9d4cf84d,,07/17/2025 08:00:00 AM,20,NO CONTROLS,NO CONTROLS,CLEAR,DAYLIGHT,PARKED MOTOR VEHICLE,NOT DIVIDED,,STRAIGHT AND LEVEL,DRY,NO DEFECTS,NOT ON SCENE (DESK REPORT),NO INJURY / DRIVE AWAY,,,Y,"OVER $1,500",07/18/2025 08:15:00 AM,UNABLE TO DETERMINE,UNABLE TO DETERMINE,2838,W,53RD ST,923,,,,,,,2,NO INDICATION OF INJURY,0,0,0,0,0,1,0,8,5,7,41.7974211796,-87.6954390231,POINT (-87.695439023108 41.797421179636)
81410a333c18aa18c1bf631ded0962b41a16fefa9095318de7c481cafa067243d19d88cf18fe5d92b586cc5297cc10dba5a9716d77ebd3b2e46dabe0f9e016af,,07/17/2025 08:00:00 AM,30,STOP SIGN/FLASHER,NO CONTROLS,CLEAR,DAYLIGHT,REAR END,NOT DIVIDED,,STRAIGHT AND LEVEL,DRY,NO DEFECTS,NOT ON SCENE (DESK REPORT),NO INJURY / DRIVE AWAY,,,,"OVER $1,500",07/17/2025 09:32:00 AM,UNABLE TO DETERMINE,UNABLE TO DETERMINE,149,W,69TH ST,731,,,,,,,2,NO INDICATION OF INJURY,0,0,0,0,0,3,0,8,5,7,41.768975372,-87.6293256527,POINT (-87.629325652656 41.768975371951)
acd15e0dd8d26cbbf576fca6e03d65ab7f5576b08ca3e101fbb3d2f219dd954a086418c3848d137ad987c32d55dadeae6939ea2a7ab2397e02fe518c64f144b9,,07/17/2025 08:00:00 AM,30,TRAFFIC SIGNAL,FUNCTIONING PROPERLY,CLEAR,DAYLIGHT,REAR END,NOT DIVIDED,,STRAIGHT AND LEVEL,DRY,NO DEFECTS,NOT ON SCENE (DESK REPORT),NO INJURY / DRIVE AWAY,,,,"OVER $1,500",07/17/2025 08:10:00 AM,UNABLE TO DETERMINE,NOT APPLICABLE,4800,W,WASHINGTON BLVD,1532,,,,,,,2,NO INDICATION OF INJURY,0,0,0,0,0,2,0,8,5,7,41.8819259873,-87.7454623611,POINT (-87.745462361128 41.881925987309)
c40573f59e0fec07e370767490c4b04208971373d9822c865d4802e24c40f980f455e28cbe74714be6a902b553a5177954031175e4894a6661fcac29f7b53b98,,07/17/2025 08:00:00 AM,30,TRAFFIC SIGNAL,FUNCTIONING PROPERLY,CLEAR,DAYLIGHT,REAR END,ONE-WAY,,STRAIGHT AND LEVEL,DRY,UNKNOWN,NOT ON SCENE (DESK REPORT),NO INJURY / DRIVE AWAY,,,,"OVER $1,500",07/17/2025 03:41:00 PM,FOLLOWING TOO CLOSELY,FOLLOWING TOO CLOSELY,2007,W,GARFIELD BLVD,715,,,,,,,2,NO INDICATION OF INJURY,0,0,0,0,0,2,0,8,5,7,41.7934471791,-87.6746165427,POINT (-87.67461654266 41.793447179131)
f034708e2ca6c5b06e6f1281b66a22a6580705c90800c9893902c837ee6b334adc27a816c17c0f1005577d08dfbc18ad434622e92e681e23083b710f16569927,,07/17/2025 08:00:00 AM,30,NO CONTROLS,NO CONTROLS,CLEAR,"DARKNESS, LIGHTED ROAD",PARKED MOTOR VEHICLE,ONE-WAY,,STRAIGHT AND LEVEL,DRY,UNKNOWN,NOT ON SCENE (DESK REPORT),NO INJURY / DRIVE AWAY,,,Y,"OVER $1,500",07/17/2025 02:00:00 PM,UNABLE TO DETERMINE,NOT APPLICABLE,2034,W,IOWA ST,1212,,,,,,,2,NO INDICATION OF INJURY,0,0,0,0,0,1,0,8,5,7,41.8978185432,-87.6785215579,POINT (-87.678521557866 41.89781854321)
c1da376a9659e869db33fe69a7fc06f097777e12b50f635719d5aca13c1c9a047e87b1d434ed36224d07d0a0878854e76bfc95a69e5bd2bf7bf5e5ac069579c9,,07/17/2025 07:42:00 AM,30,TRAFFIC SIGNAL,FUNCTIONING PROPERLY,CLEAR,DAYLIGHT,REAR END,DIVIDED - W/MEDIAN BARRIER,,STRAIGHT AND LEVEL,DRY,UNKNOWN,ON SCENE,INJURY AND / OR TOW DUE TO CRASH,,,,"OVER $1,500",07/17/2025 07:44:00 AM,UNABLE TO DETERMINE,NOT APPLICABLE,7444,S,STONY ISLAND AVE,324,,,,,,,3,NO INDICATION OF INJURY,0,0,0,0,0,5,0,7,5,7,41.7592502159,-87.5862977086,POINT (-87.586297708629 41.759250215852)
256549b724661e96b44201bc7911b76b844a86a0b97971b646d442d7481e1ecda1c9c5984953cca648e470f719210f206ea6780dded81f445049d572a67bb6f2,,07/17/2025 07:40:00 AM,30,TRAFFIC SIGNAL,FUNCTIONING PROPERLY,CLEAR,DAYLIGHT,FIXED OBJECT,ONE-WAY,,STRAIGHT AND LEVEL,DRY,NO DEFECTS,ON SCENE,NO INJURY / DRIVE AWAY,,,,$500 OR LESS,07/17/2025 07:42:00 AM,DRIVING SKILLS/KNOWLEDGE/EXPERIENCE,DRIVING SKILLS/KNOWLEDGE/EXPERIENCE,400,N,CLARK ST,1831,,,,,,,1,NO INDICATION OF INJURY,0,0,0,0,0,1,0,7,5,7,41.8892498019,-87.6312078202,POINT (-87.631207820201 41.889249801889)
fdc8bdaa1e8a5797442524ac9eb4085eee4dd8dcc366c19d3caf74ab2c8269ceff4c028a553243e3448c6818de9036bfb11f32b572113e41cc62c1fc2d958ad4,,07/17/2025 07:40:00 AM,30,NO CONTROLS,NO CONTROLS,CLEAR,DAYLIGHT,PEDALCYCLIST,ONE-WAY,,STRAIGHT AND LEVEL,DRY,NO DEFECTS,NOT ON SCENE (DESK REPORT),INJURY AND / OR TOW DUE TO CRASH,,,Y,$500 OR LESS,07/17/2025 06:46:00 PM,FOLLOWING TOO CLOSELY,NOT APPLICABLE,501,N,CLARK ST,1831,,,,,,,2,"REPORTED, NOT EVIDENT",1,0,0,0,1,1,0,7,5,7,41.8908653375,-87.6309595541,POINT (-87.630959554086 41.890865337518)
13b28b3a4ea680a512b32fe4fdc5e54081d2420592111fb0d56748ebb90a9c47c653f845956fe18bf6256b121c7456ecac9d14bcb14024f25be69ab93b5bda42,,07/17/2025 07:30:00 AM,20,STOP SIGN/FLASHER,NO CONTROLS,UNKNOWN,UNKNOWN,PARKED MOTOR VEHICLE,OTHER,,STRAIGHT AND LEVEL,UNKNOWN,UNKNOWN,NOT ON SCENE (DESK REPORT),INJURY AND / OR TOW DUE TO CRASH,,,Y,"OVER $1,500",07/18/2025 08:45:00 AM,UNABLE TO DETERMINE,NOT APPLICABLE,6835,S,DORCHESTER AVE,332,,,,,,,2,NO INDICATION OF INJURY,0,0,0,0,0,1,0,7,5,7,41.7704644827,-87.5909582045,POINT (-87.590958204468 41.770464482653)
55c3b30b5f13e77492f55cf1d2ca1241fd54d53a7069798bd116c2dd5bfabdb6444e30a1e6208ebe7018051a21b1d41bd3c38011c22b6665bf11f5d7c308be90,,07/17/2025 07:30:00 AM,25,UNKNOWN,UNKNOWN,CLEAR,DAYLIGHT,SIDESWIPE OPPOSITE DIRECTION,DIVIDED - W/MEDIAN (NOT RAISED),,STRAIGHT AND LEVEL,DRY,NO DEFECTS,NOT ON SCENE (DESK REPORT),NO INJURY / DRIVE AWAY,,,,"OVER $1,500",07/17/2025 08:25:00 AM,UNABLE TO DETERMINE,UNABLE TO DETERMINE,1428,N,HOMAN AVE,1422,,,,,,,2,NO INDICATION OF INJURY,0,0,0,0,0,2,0,7,5,7,41.9072714938,-87.7119680151,POINT (-87.711968015141 41.907271493752)
bf9e85792a4611d1990401dc5da67b32b611b1f5ef4636a081132ee8a6a6fdb3e7037054ae080b288c2c9b7a7bfd1c35e0980f28166dbc58767a3d7ac78c76dc,Y,07/17/2025 07:30:00 AM,30,NO CONTROLS,NO CONTROLS,CLEAR,UNKNOWN,PARKED MOTOR VEHICLE,NOT DIVIDED,,STRAIGHT AND LEVEL,DRY,NO DEFECTS,NOT ON SCENE (DESK REPORT),NO INJURY / DRIVE AWAY,,,Y,"OVER $1,500",07/19/2025 10:40:00 AM,IMPROPER LANE USAGE,UNABLE TO DETERMINE,1409,W,LUNT AVE,2431,,,,,,,2,NO INDICATION OF INJURY,0,0,0,0,0,1,0,7,5,7,42.0090082302,-87.6662991854,POINT (-87.666299185358 42.009008230155)
ff7549d62666d1064e74950b9d8be1fd6376f1044701da140c60f6268a85e38cec1a01b142cee3b7932473275fe2ba9e1e659530f2eb4b7ed264ae62afc9a13f,,07/17/2025 07:20:00 AM,30,STOP SIGN/FLASHER,FUNCTIONING PROPERLY,CLEAR,DAYLIGHT,ANGLE,NOT DIVIDED,,STRAIGHT AND LEVEL,DRY,NO DEFECTS,NOT ON SCENE (DESK REPORT),NO INJURY / DRIVE AWAY,,,,"$501 - $1,500",07/17/2025 07:03:00 PM,FAILING TO YIELD RIGHT-OF-WAY,NOT APPLICABLE,3900,W,47TH ST,821,,,,,,,2,NO INDICATION OF INJURY,0,0,0,0,0,2,0,7,5,7,41.8080118095,-87.7211873553,POINT (-87.721187355318 41.808011809509)
3e677b4df2338e1d6807414b82b6022d9f8e2e304afe351d7559ba8ed067ebeb7a10014923b9129e82026365ca089ef860a2c8b7458927cc01a1723ab9bc548b,,07/17/2025 07:15:00 AM,30,NO CONTROLS,NO CONTROLS,CLEAR,DAYLIGHT,PARKED MOTOR VEHICLE,ONE-WAY,,STRAIGHT AND LEVEL,DRY,UNKNOWN,ON SCENE,INJURY AND / OR TOW DUE TO CRASH,,,Y,"OVER $1,500",07/17/2025 07:25:00 AM,UNABLE TO DETERMINE,NOT APPLICABLE,2838,E,80TH ST,422,,,,,,,2,NO INDICATION OF INJURY,0,0,0,0,0,1,0,7,5,7,41.7501756517,-87.5549782196,POINT (-87.554978219645 41.750175651683)
0f1640a9308aeb9b472f7d98e9498bd47c8c4f287d68bef2a9b0366d72951146bec5c99439f0ba8f5065cd23ac67dc6155bf992df3b37f5722decefac8b7d0a6,,07/17/2025 07:00:00 AM,25,TRAFFIC SIGNAL,FUNCTIONING PROPERLY,CLEAR,DAYLIGHT,SIDESWIPE SAME DIRECTION,FOUR WAY,,STRAIGHT AND LEVEL,DRY,NO DEFECTS,NOT ON SCENE (DESK REPORT),NO INJURY / DRIVE AWAY,,,,"OVER $1,500",07/17/2025 07:00:00 AM,IMPROPER BACKING,IMPROPER BACKING,900,N,MICHIGAN AVE,1833,Y,,,,,,2,NO INDICATION OF INJURY,0,0,0,0,0,2,0,7,5,7,41.899248597,-87.6242749782,POINT (-87.624274978205 41.899248597036)
e7e3b8df3f0eff3f0e3ccd3ded375394413cc57f7440b71136ddfff13858f8f67c35a2df435710c017e888f73483e2906ff4799545fcedc673f578204337717b,,07/17/2025 07:00:00 AM,30,NO CONTROLS,NO CONTROLS,CLEAR,DAYLIGHT,PARKED MOTOR VEHICLE,OTHER,,STRAIGHT AND LEVEL,DRY,NO DEFECTS,NOT ON SCENE (DESK REPORT),NO INJURY / DRIVE AWAY,,,,"OVER $1,500",07/17/2025 09:20:00 AM,UNABLE TO DETERMINE,UNABLE TO DETERMINE,414,N,RIDGEWAY AVE,1122,,,,,,,2,NO INDICATION OF INJURY,0,0,0,0,0,1,0,7,5,7,41.888619568,-87.7199250175,POINT (-87.719925017472 41.888619567998)
aad2d50c98dd50c10d3a401d4f75ca4b5d5d326f6fe2940c5ce2bce1c9ff74b297c7df0fb8dd885b8594473dc4691ff95afd58e0ebd5a733a2e31160745a6a0e,,07/17/2025 06:45:00 AM,30,NO CONTROLS,NO CONTROLS,CLEAR,DAYLIGHT,ANIMAL,DIVIDED - W/MEDIAN (NOT RAISED),,STRAIGHT AND LEVEL,DRY,NO DEFECTS,NOT ON SCENE (DESK REPORT),NO INJURY / DRIVE AWAY,,,,"OVER $1,500",07/17/2025 07:00:00 AM,ANIMAL,UNABLE TO DETERMINE,1819,S,LOOMIS ST,1233,,,,,,,1,NO INDICATION OF INJURY,0,0,0,0,0,1,0,6,5,7,41.8572217113,-87.6611527429,POINT (-87.661152742903 41.857221711337)
2cf9703f664e7b5504483c4872dcc2c5438a9bfa4cf04e4e9f4fa84e5eb3e61fdaf257b9ff94d94dcb5e90a88d08a7437b37de21a18ea9d59e2c47f7ae396036,,07/17/2025 06:43:00 AM,30,NO CONTROLS,NO CONTROLS,CLEAR,DAYLIGHT,REAR END,NOT DIVIDED,,STRAIGHT AND LEVEL,DRY,NO DEFECTS,ON SCENE,NO INJURY / DRIVE AWAY,N,Y,,"OVER $1,500",07/17/2025 06:45:00 AM,FOLLOWING TOO CLOSELY,NOT APPLICABLE,7828,W,BELMONT AVE,1631,Y,Y,,,,,2,NO INDICATION OF INJURY,0,0,0,0,0,2,0,6,5,7,41.9379276359,-87.8225693219,POINT (-87.822569321943 41.937927635858)
fad394b532fcaedfc3ff5b69470648860f827ece3212c64924fd2d1769c6457e827825f7ae3c7020f9fce7f239f388b040c3e1e0f232a16c8a90a56e5297f10c,,07/17/2025 06:40:00 AM,25,TRAFFIC SIGNAL,FUNCTIONING PROPERLY,CLEAR,DAYLIGHT,REAR END,NOT DIVIDED,,STRAIGHT AND LEVEL,DRY,NO DEFECTS,NOT ON SCENE (DESK REPORT),NO INJURY / DRIVE AWAY,,,,"OVER $1,500",07/17/2025 07:15:00 AM,UNABLE TO DETERMINE,NOT APPLICABLE,8301,S,VINCENNES AVE,622,,,,,,,2,NO INDICATION OF INJURY,0,0,0,0,0,2,0,6,5,7,41.7440936096,-87.6358251985,POINT (-87.635825198498 41.744093609556)
5ec47cbbeea92f4f7b12086194e9a3eca8514856cbf6fa15dd14289242a2b49c60821c5e16844e123bd2d4903cb04772f129ccce3bb79c55fce074aae8956009,,07/17/2025 06:35:00 AM,30,TRAFFIC SIGNAL,FUNCTIONING PROPERLY,CLOUDY/OVERCAST,DAYLIGHT,REAR END,DIVIDED - W/MEDIAN (NOT RAISED),,STRAIGHT AND LEVEL,DRY,NO DEFECTS,ON SCENE,INJURY AND / OR TOW DUE TO CRASH,,,,"OVER $1,500",07/17/2025 06:40:00 AM,FAILING TO REDUCE SPEED TO AVOID CRASH,UNABLE TO DETERMINE,7858,S,WESTERN AVE,835,,,,,,,2,"REPORTED, NOT EVIDENT",1,0,0,0,1,1,0,6,5,7,41.7501917279,-87.6829967216,POINT (-87.682996721559 41.750191727925)
5afcaed0440ab6fdf355f2a9ce737fdd5d55c94d5c56c5a2ff53dd799db715a57c6ddeeac4e20fd8c045d9d0fad726917805aa5744d10f763de6f3fd6e0c29b1,,07/17/2025 06:05:00 AM,20,NO CONTROLS,NO CONTROLS,CLEAR,DAYLIGHT,PARKED MOTOR VEHICLE,PARKING LOT,,STRAIGHT AND LEVEL,DRY,NO DEFECTS,ON SCENE,NO INJURY / DRIVE AWAY,,,Y,"OVER $1,500",07/17/2025 06:45:00 AM,UNABLE TO DETERMINE,UNABLE TO DETERMINE,583,W,OHARE ST,1654,,,,,,,2,NO INDICATION OF INJURY,0,0,0,0,0,1,0,6,5,7,,,
6fd6639e520207792a2b2d5ea19c7337a0ecb73f60d48bab41943c2f0d7649033fb559e91702bffd58c160404d571b0603acb8190be95f95d4abab2e585b0f05,,07/17/2025 05:57:00 AM,30,TRAFFIC SIGNAL,FUNCTIONING PROPERLY,CLEAR,DARKNESS,TURNING,NOT DIVIDED,,STRAIGHT AND LEVEL,DRY,NO DEFECTS,NOT ON SCENE (DESK REPORT),NO INJURY / DRIVE AWAY,,,,"OVER $1,500",07/17/2025 03:00:00 PM,UNABLE TO DETERMINE,NOT APPLICABLE,1201,S,ASHLAND AVE,1233,,,,,,,2,NO INDICATION OF INJURY,0,0,0,0,0,2,0,5,5,7,41.8668199624,-87.6662356186,POINT (-87.666235618567 41.866819962413)
05e0e2a4c44fb847a0a1e1a872935719603f3ef33c9d1a867ab51a677c83a82f990e8762835ce3718495f4160cd9ad0ae22a2229072549a21dfd7a782214662e,,07/17/2025 05:56:00 AM,30,TRAFFIC SIGNAL,FUNCTIONING PROPERLY,CLEAR,DAYLIGHT,TURNING,FOUR WAY,,STRAIGHT AND LEVEL,DRY,NO DEFECTS,NOT ON SCENE (DESK REPORT),NO INJURY / DRIVE AWAY,,,,"OVER $1,500",07/17/2025 04:00:00 PM,IMPROPER TURNING/NO SIGNAL,DRIVING SKILLS/KNOWLEDGE/EXPERIENCE,1200,S,ASHLAND AVE,1233,,,,,,,2,NO INDICATION OF INJURY,0,0,0,0,0,2,0,5,5,7,41.8668157843,-87.6665292629,POINT (-87.666529262922 41.86681578431)
25ce2b5775db068ec58ddc240bb115c71df843442ffca4c1333e6c91290d8bd6cb0a1d438cfebcac6dd5a6b63ff899cf67f18e49a762e156e847ace6025898fc,,07/17/2025 05:30:00 AM,30,NO CONTROLS,NO CONTROLS,CLEAR,DAYLIGHT,PARKED MOTOR VEHICLE,ONE-WAY,,STRAIGHT AND LEVEL,DRY,NO DEFECTS,NOT ON SCENE (DESK REPORT),NO INJURY / DRIVE AWAY,,,Y,"OVER $1,500",07/17/2025 03:20:00 PM,UNABLE TO DETERMINE,UNABLE TO DETERMINE,5724,N,ST LOUIS AVE,1711,,,,,,,2,NO INDICATION OF INJURY,0,0,0,0,0,1,0,5,5,7,41.9855574371,-87.7164250026,POINT (-87.716425002641 41.985557437075)
aa495b68438932f18694368bef56ac58d7d68b3fae833e2afd48d7dc86f5f79c8b1063240b71bbe13517e9462417d8526bf5bfea962eb4724ae81cba29f56844,,07/17/2025 04:30:00 AM,30,UNKNOWN,UNKNOWN,CLEAR,"DARKNESS, LIGHTED ROAD",PEDESTRIAN,NOT DIVIDED,,STRAIGHT AND LEVEL,DRY,UNKNOWN,ON SCENE,INJURY AND / OR TOW DUE TO CRASH,,,Y,"OVER $1,500",07/17/2025 04:50:00 AM,UNABLE TO DETERMINE,UNABLE TO DETERMINE,7300,S,DAMEN AVE,735,,,,,,,2,NONINCAPACITATING INJURY,1,0,0,1,0,1,0,4,5,7,41.761071343,-87.6735804335,POINT (-87.673580433539 41.761071343042)
e5fbe8fd305e09c87607d757d05d2c61fe695952ad2b41ad7ee9df5f05c7328245ff20f8237668b688fb38fa21615fbba5a402286baed02eea8b0bd58d58d696,,07/17/2025 04:15:00 AM,30,UNKNOWN,UNKNOWN,UNKNOWN,"DARKNESS, LIGHTED ROAD",PEDESTRIAN,ONE-WAY,,STRAIGHT AND LEVEL,DRY,UNKNOWN,ON SCENE,INJURY AND / OR TOW DUE TO CRASH,,,Y,"OVER $1,500",07/17/2025 04:43:00 AM,UNABLE TO DETERMINE,NOT APPLICABLE,201,N,STATE ST,111,,,,,,,2,"REPORTED, NOT EVIDENT",1,0,0,0,1,1,0,4,5,7,41.8857781949,-87.6277937366,POINT (-87.627793736556 41.885778194868)
4d5b5408d356390545b8dccecb900e903e8612dffc1e2a2909f3fb0a1b85972ffbd6b27d34ed4ccd22059965597140b55b3d45fbdda4bb5f1be9933045a31159,,07/17/2025 02:36:00 AM,30,TRAFFIC SIGNAL,FUNCTIONING PROPERLY,CLEAR,"DARKNESS, LIGHTED ROAD",FIXED OBJECT,ONE-WAY,,STRAIGHT AND LEVEL,DRY,NO DEFECTS,ON SCENE,INJURY AND / OR TOW DUE TO CRASH,,,Y,"OVER $1,500",07/17/2025 02:36:00 AM,UNABLE TO DETERMINE,FAILING TO REDUCE SPEED TO AVOID CRASH,5507,S,WELLS ST,711,,,,,,,1,NO INDICATION OF INJURY,0,0,0,0,0,1,0,2,5,7,41.7939279052,-87.6316632038,POINT (-87.631663203828 41.793927905181)
a08b29d02470de584d4caa2081edcd538574bab165d6cec5aa0fb9718616ebfa7b68e973018184e17fc051c0651c2ea846941c2270ee4879c9cddbbeff78af7d,,07/17/2025 02:36:00 AM,35,TRAFFIC SIGNAL,FUNCTIONING PROPERLY,CLEAR,"DARKNESS, LIGHTED ROAD",PEDESTRIAN,FOUR WAY,,STRAIGHT AND LEVEL,DRY,NO DEFECTS,ON SCENE,INJURY AND / OR TOW DUE TO CRASH,N,,,$500 OR LESS,07/17/2025 02:36:00 AM,DISREGARDING TRAFFIC SIGNALS,DISREGARDING TRAFFIC SIGNALS,1601,W,DIVISION ST,1213,,,,,,,2,NONINCAPACITATING INJURY,1,0,0,1,0,1,0,2,5,7,41.9032358152,-87.6675540676,POINT (-87.667554067597 41.9032358152)
049c9a5148d41cbaa61980b890a2a28e6e6205337109b2abbb81120a86dc8204d9d79fb345f8a5781e743a23d3989d75c752e79f8364f06c8431614eb90379a8,,07/17/2025 02:34:00 AM,35,NO CONTROLS,NO CONTROLS,CLEAR,"DARKNESS, LIGHTED ROAD",PARKED MOTOR VEHICLE,ONE-WAY,,STRAIGHT AND LEVEL,DRY,NO DEFECTS,,NO INJURY / DRIVE AWAY,,,Y,"$501 - $1,500",07/17/2025 02:59:00 AM,IMPROPER OVERTAKING/PASSING,FAILING TO REDUCE SPEED TO AVOID CRASH,1524,W,GARFIELD BLVD,934,,,,,,,2,NO INDICATION OF INJURY,0,0,0,0,0,4,0,2,5,7,41.7941630231,-87.6633146341,POINT (-87.663314634138 41.794163023126)
5d1e85ae4cd445fddccb79b1eb20dc9517b3adeebf1e9b0918d6b120712c23d51cc210b143a3e426375aa9d471f0dff60d88fcf63b43e4f479e1341cfd5adcc6,,07/17/2025 02:29:00 AM,30,TRAFFIC SIGNAL,FUNCTIONING PROPERLY,CLEAR,"DARKNESS, LIGHTED ROAD",ANGLE,FOUR WAY,,STRAIGHT AND LEVEL,DRY,UNKNOWN,ON SCENE,INJURY AND / OR TOW DUE TO CRASH,Y,,Y,"OVER $1,500",07/17/2025 02:29:00 AM,DISREGARDING TRAFFIC SIGNALS,NOT APPLICABLE,399,N,CENTRAL AVE,1523,,,,,,,2,NONINCAPACITATING INJURY,2,0,0,2,0,1,0,2,5,7,41.8877217279,-87.7649722816,POINT (-87.764972281551 41.887721727886)
d92c85f11ecea827b24a57fbd999f886fe00b49844dee2dc479217cd7b6acad81c5387e6729553a9de971bbdfb2106c38d7124132096808ab57d30e966559fd6,,07/17/2025 01:57:00 AM,30,NO CONTROLS,NO CONTROLS,CLEAR,"DARKNESS, LIGHTED ROAD",PARKED MOTOR VEHICLE,ONE-WAY,,STRAIGHT AND LEVEL,DRY,NO DEFECTS,ON SCENE,INJURY AND / OR TOW DUE TO CRASH,,N,Y,"OVER $1,500",07/17/2025 02:59:00 AM,FAILING TO REDUCE SPEED TO AVOID CRASH,UNABLE TO DETERMINE,7956,S,MARYLAND AVE,624,,Y,,,,,2,NO INDICATION OF INJURY,0,0,0,0,0,1,0,1,5,7,41.7496192459,-87.6040688835,POINT (-87.604068883475 41.74961924589)
4c6ac05c71b87ab35d4358c108a829d8f36124b79fac956893d6c9d963e08ecd21ae272f94e7bddf5483b7fc7cef167d8c4a4f4548d1509bba6a5584910a7125,,07/17/2025 01:45:00 AM,20,NO CONTROLS,NO CONTROLS,CLEAR,"DARKNESS, LIGHTED ROAD",PARKED MOTOR VEHICLE,ONE-WAY,,STRAIGHT AND LEVEL,DRY,UNKNOWN,ON SCENE,NO INJURY / DRIVE AWAY,,,,"$501 - $1,500",07/17/2025 01:48:00 AM,UNABLE TO DETERMINE,NOT APPLICABLE,2354,W,ARTHUR AVE,2412,,,,,,,2,NO INDICATION OF INJURY,0,0,0,0,0,1,0,1,5,7,41.9996569987,-87.6897050914,POINT (-87.689705091406 41.999656998715)
431dd24a6f8c1cb1621ed0e57e4118f6e5faf4f589f1314081b0448757d2c429718b33b44ca4a11c347f634863ee42247f043e81692b137b080214fe26ceb13c,,07/17/2025 01:15:00 AM,30,TRAFFIC SIGNAL,FUNCTIONING PROPERLY,CLEAR,"DARKNESS, LIGHTED ROAD",ANGLE,FOUR WAY,,STRAIGHT AND LEVEL,DRY,NO DEFECTS,ON SCENE,INJURY AND / OR TOW DUE TO CRASH,Y,,,"OVER $1,500",07/17/2025 01:16:00 AM,UNABLE TO DETERMINE,UNABLE TO DETERMINE,3825,N,PULASKI RD,1732,,,,,,,2,NO INDICATION OF INJURY,0,0,0,0,0,2,0,1,5,7,41.9508632527,-87.727384052,POINT (-87.727384052047 41.950863252668)
2c99ff8719b45988d4b2228d547e25dff73be8af83006461b806f5e7142f1ab2781451c528e11e6ee4bb45d1710b5ab5e6d3e465fb949faabe47b30b6a30a36a,,07/17/2025 01:14:00 AM,30,TRAFFIC SIGNAL,FUNCTIONING PROPERLY,CLEAR,"DARKNESS, LIGHTED ROAD",FIXED OBJECT,DIVIDED - W/MEDIAN (NOT RAISED),,STRAIGHT AND LEVEL,DRY,NO DEFECTS,ON SCENE,INJURY AND / OR TOW DUE TO CRASH,,,,"OVER $1,500",07/17/2025 01:15:00 AM,FAILING TO REDUCE SPEED TO AVOID CRASH,UNABLE TO DETERMINE,8701,S,VINCENNES AVE,2223,,,,,,,1,INCAPACITATING INJURY,1,0,1,0,0,0,0,1,5,7,41.7359463845,-87.6450599462,POINT (-87.645059946216 41.735946384518)
eca4f379259d18e2d92d143efd93ec9ab80fb92aeb2670bcd7ff781c11b654a393013131c33373bb303a944deb0f403b0d583d6d559d4cbdc42c8ca1b892f554,,07/17/2025 01:03:00 AM,40,TRAFFIC SIGNAL,FUNCTIONING PROPERLY,CLEAR,"DARKNESS, LIGHTED ROAD",ANGLE,T-INTERSECTION,,STRAIGHT AND LEVEL,DRY,NO DEFECTS,,INJURY AND / OR TOW DUE TO CRASH,Y,,Y,"OVER $1,500",07/17/2025 01:09:00 AM,DISREGARDING TRAFFIC SIGNALS,FAILING TO YIELD RIGHT-OF-WAY,1325,S,LAKE SHORE DR NB,132,,,,,,,2,NO INDICATION OF INJURY,0,0,0,0,0,4,0,1,5,7,41.8651896596,-87.6188846769,POINT (-87.618884676924 41.865189659641)
200947e08b4bce6948b1d39b3488fdf2ca408e459f62162786662dca14460afe666909b93d4dee892132659f9377768ed2595fef6836c793933ede57bbb9c7cb,,07/17/2025 12:46:00 AM,25,TRAFFIC SIGNAL,FUNCTIONING PROPERLY,CLEAR,"DARKNESS, LIGHTED ROAD",TURNING,FOUR WAY,,STRAIGHT AND LEVEL,DRY,NO DEFECTS,ON SCENE,INJURY AND / OR TOW DUE TO CRASH,Y,,,"OVER $1,500",07/17/2025 12:50:00 AM,FAILING TO YIELD RIGHT-OF-WAY,IMPROPER TURNING/NO SIGNAL,3156,W,CHICAGO AVE,1211,,,,,,,2,NO INDICATION OF INJURY,0,0,0,0,0,3,0,0,5,7,41.8956645525,-87.7064114773,POINT (-87.706411477325 41.895664552516)
22e313081abcd5a621e9f939e2a806178302c4e4a820513c41f757a5782d5135ed1ca21a6c4948ea19e42533ffccb75ca3651a4625a67ebf7266173517a6b944,Y,07/17/2025 12:34:00 AM,30,TRAFFIC SIGNAL,FUNCTIONING PROPERLY,CLEAR,"DARKNESS, LIGHTED ROAD",TURNING,NOT DIVIDED,,STRAIGHT AND LEVEL,DRY,NO DEFECTS,ON SCENE,INJURY AND / OR TOW DUE TO CRASH,,,Y,"OVER $1,500",07/17/2025 12:34:00 AM,UNABLE TO DETERMINE,UNABLE TO DETERMINE,1390,W,FULTON ST,1215,,,,,,,2,NO INDICATION OF INJURY,0,0,0,0,0,3,0,0,5,7,41.8866958533,-87.6624659632,POINT (-87.662465963189 41.886695853342)