CRASH_RECORD_ID,CRASH_DATE_EST_I,CRASH_DATE,POSTED_SPEED_LIMIT,TRAFFIC_CONTROL_DEVICE,DEVICE_CONDITION,WEATHER_CONDITION,LIGHTING_CONDITION,FIRST_CRASH_TYPE,TRAFFICWAY_TYPE,LANE_CNT,ALIGNMENT,ROADWAY_SURFACE_COND,ROAD_DEFECT,REPORT_TYPE,CRASH_TYPE,INTERSECTION_RELATED_I,NOT_RIGHT_OF_WAY_I,HIT_AND_RUN_I,DAMAGE,DATE_POLICE_NOTIFIED,PRIM_CONTRIBUTORY_CAUSE,SEC_CONTRIBUTORY_CAUSE,STREET_NO,STREET_DIRECTION,STREET_NAME,BEAT_OF_OCCURRENCE,PHOTOS_TAKEN_I,STATEMENTS_TAKEN_I,DOORING_I,WORK_ZONE_I,WORK_ZONE_TYPE,WORKERS_PRESENT_I,NUM_UNITS,MOST_SEVERE_INJURY,INJURIES_TOTAL,INJURIES_FATAL,INJURIES_INCAPACITATING,INJURIES_NON_INCAPACITATING,INJURIES_REPORTED_NOT_EVIDENT,INJURIES_NO_INDICATION,INJURIES_UNKNOWN,CRASH_HOUR,CRASH_DAY_OF_WEEK,CRASH_MONTH,LATITUDE,LONGITUDE,LOCATION
6b9e50b7716616e778c26c21b9073e55e9d104da248079c83da4d92cb6f10feaa103311310470bc98c2201a05232388fe770e0df92c70b34893da530f89f6ad4,,07/16/2025 11:33:00 PM,30,STOP SIGN/FLASHER,FUNCTIONING PROPERLY,CLEAR,"DARKNESS, LIGHTED ROAD",TURNING,T-INTERSECTION,,STRAIGHT AND LEVEL,DRY,NO DEFECTS,ON SCENE,INJURY AND / OR TOW DUE TO CRASH,Y,,Y,"OVER $1,500",07/16/2025 11:33:00 PM,FAILING TO YIELD RIGHT-OF-WAY,FAILING TO YIELD RIGHT-OF-WAY,243,W,PERSHING RD,925,,,,,,,2,NONINCAPACITATING INJURY,1,0,0,1,0,1,0,23,4,7,41.8235152033,-87.6330750015,POINT (-87.63307500146 41.823515203297)
015ec38051d4c05d28aa83ed3a8387d17a0f387d67fec39d88e910a93247251948e41074006a71932ee464b97209c604bd48628409f59c01b1b203c1d9c90095,,07/16/2025 11:30:00 PM,20,NO CONTROLS,NO CONTROLS,CLEAR,"DARKNESS, LIGHTED ROAD",ANGLE,PARKING LOT,,STRAIGHT AND LEVEL,DRY,UNKNOWN,NOT ON SCENE (DESK REPORT),NO INJURY / DRIVE AWAY,,Y,,"OVER $1,500",07/17/2025 12:02:00 AM,DRIVING SKILLS/KNOWLEDGE/EXPERIENCE,UNABLE TO DETERMINE,1415,W,44TH ST,924,,,,,,,2,NO INDICATION OF INJURY,0,0,0,0,0,3,0,23,4,7,41.814020616,-87.6609140134,POINT (-87.6609140134 41.814020615993)
a55d67e369c9c516ce78b28ca75285f29da41bc3a6e6b0c6d9a02144fb41531d752cb7f8232c06cbb2c4ff3b7b6e945e287bb05132c78fe7f34e976b34149309,Y,07/16/2025 11:00:00 PM,30,TRAFFIC SIGNAL,FUNCTIONING PROPERLY,CLEAR,"DARKNESS, LIGHTED ROAD",PARKED MOTOR VEHICLE,FOUR WAY,,STRAIGHT AND LEVEL,UNKNOWN,UNKNOWN,NOT ON SCENE (DESK REPORT),NO INJURY / DRIVE AWAY,Y,,N,$500 OR LESS,07/16/2025 11:30:00 PM,IMPROPER OVERTAKING/PASSING,UNABLE TO DETERMINE,3400,W,ROOSEVELT RD,1133,,,,,,,2,NO INDICATION OF INJURY,0,0,0,0,0,3,0,23,4,7,41.8664572689,-87.7106673317,POINT (-87.710667331739 41.866457268922)
b4d56525d50fe12c58dc2b6a05072a7108b83981dfd3153e62d6acfba19ffef628fa8e4da7adcd3b3f2dba1888ab32193b09ec71a80a0d752f638ecf4c53fe86,,07/16/2025 10:50:00 PM,30,NO CONTROLS,NO CONTROLS,CLEAR,"DARKNESS, LIGHTED ROAD",PARKED MOTOR VEHICLE,NOT DIVIDED,,STRAIGHT AND LEVEL,DRY,NO DEFECTS,NOT ON SCENE (DESK REPORT),NO INJURY / DRIVE AWAY,,,,"OVER $1,500",07/16/2025 11:45:00 PM,UNABLE TO DETERMINE,UNABLE TO DETERMINE,3535,W,BARRY AVE,1412,,,,,,,2,NO INDICATION OF INJURY,0,0,0,0,0,1,0,22,4,7,41.9373012437,-87.7161671202,POINT (-87.716167120165 41.937301243735)
0c998275b51c888c44398ef2196c970763a850ab0f3ddcd90523c9f3bcb779e6f84a2cbb28539f8677dfce5fae65a98880e79c183553d6ec9c45717a16b8741e,,07/16/2025 10:40:00 PM,25,TRAFFIC SIGNAL,FUNCTIONING PROPERLY,CLEAR,"DARKNESS, LIGHTED ROAD",TURNING,T-INTERSECTION,,STRAIGHT AND LEVEL,WET,NO DEFECTS,ON SCENE,NO INJURY / DRIVE AWAY,,,Y,"OVER $1,500",07/16/2025 11:29:00 PM,UNABLE TO DETERMINE,NOT APPLICABLE,45,N,BESSIE COLEMAN DR,1654,,,,,,,2,NO INDICATION OF INJURY,0,0,0,0,0,2,0,22,4,7,,,
30e058d27fdca895da0fa2fb5311e44fe7da77e50a8ace58ef7c6479efce89e859a5b7964f6edcfea711fd3d0034071f67527f0685dc4a7bae28cbd40e51d4e7,,07/16/2025 10:33:00 PM,30,NO CONTROLS,NO CONTROLS,CLEAR,"DARKNESS, LIGHTED ROAD",PARKED MOTOR VEHICLE,ONE-WAY,,STRAIGHT AND LEVEL,DRY,NO DEFECTS,ON SCENE,INJURY AND / OR TOW DUE TO CRASH,,,,"OVER $1,500",07/16/2025 11:16:00 PM,UNABLE TO DETERMINE,NOT APPLICABLE,7141,S,ADA ST,734,,,,,,,2,NO INDICATION OF INJURY,0,0,0,0,0,2,0,22,4,7,41.7638009824,-87.6571709832,POINT (-87.657170983168 41.763800982447)
e9ed557fe922521538c8ea1ec64039495069bf9ea3c0f3b3d973145e5c021c9b25939f23ad8c007d0fb234c2e8d9a44963221d89f76e6f5ca4038a1916fd8177,,07/16/2025 10:30:00 PM,30,NO CONTROLS,NO CONTROLS,UNKNOWN,UNKNOWN,ANGLE,FOUR WAY,,STRAIGHT AND LEVEL,UNKNOWN,UNKNOWN,NOT ON SCENE (DESK REPORT),INJURY AND / OR TOW DUE TO CRASH,Y,,Y,"OVER $1,500",07/16/2025 10:50:00 PM,UNABLE TO DETERMINE,NOT APPLICABLE,7100,S,RIDGELAND AVE,324,,,,,,,2,"REPORTED, NOT EVIDENT",1,0,0,0,1,1,0,22,4,7,41.7659725236,-87.5825906933,POINT (-87.582590693342 41.765972523614)
0c9b184d7f57277c8e1c1707296f42e52cc2620b9c2e6631b046bb3bcc69c03010c6019a32d3c0e1780144aebdf67d424a11c1ee522a01069229ec21bbb1679b,,07/16/2025 10:10:00 PM,30,NO CONTROLS,NO CONTROLS,CLEAR,"DARKNESS, LIGHTED ROAD",PARKED MOTOR VEHICLE,ONE-WAY,,STRAIGHT AND LEVEL,DRY,NO DEFECTS,ON SCENE,INJURY AND / OR TOW DUE TO CRASH,,,,"OVER $1,500",07/16/2025 10:10:00 PM,IMPROPER OVERTAKING/PASSING,DRIVING SKILLS/KNOWLEDGE/EXPERIENCE,8261,S,LANGLEY AVE,631,,Y,,,,,2,NO INDICATION OF INJURY,0,0,0,0,0,1,0,22,4,7,41.7440273705,-87.6073143744,POINT (-87.607314374354 41.744027370534)
521e6ec02208f0329c058fdb26fe996681bf95ffe96a6769cb6bbb420342c7093c2b5ba8ee2dde8292656cf1ef1b5f1f47c98abf96d989783cb8e21f058086bc,,07/16/2025 10:01:00 PM,30,TRAFFIC SIGNAL,FUNCTIONING PROPERLY,CLEAR,DAYLIGHT,REAR TO FRONT,ONE-WAY,,STRAIGHT AND LEVEL,DRY,NO DEFECTS,NOT ON SCENE (DESK REPORT),NO INJURY / DRIVE AWAY,,,,"OVER $1,500",07/22/2025 12:00:00 PM,UNABLE TO DETERMINE,NOT APPLICABLE,200,W,GRAND AVE,1831,,,,,,,2,NO INDICATION OF INJURY,0,0,0,0,0,6,0,22,4,7,41.8916961121,-87.634145905,POINT (-87.634145905035 41.891696112063)
f8be0a1608dbf613d9c2566728bdb481e77fcd9f9d3336b5242ece1bacbda8a1e180013951784782892baa8df19198dce55f148b251a36df5bbec8f1277b9517,,07/16/2025 10:00:00 PM,30,NO CONTROLS,NO CONTROLS,CLEAR,"DARKNESS, LIGHTED ROAD",SIDESWIPE SAME DIRECTION,NOT DIVIDED,,STRAIGHT AND LEVEL,DRY,NO DEFECTS,ON SCENE,INJURY AND / OR TOW DUE TO CRASH,,,Y,"OVER $1,500",07/16/2025 10:01:00 PM,DRIVING SKILLS/KNOWLEDGE/EXPERIENCE,IMPROPER OVERTAKING/PASSING,8016,W,BELMONT AVE,1631,,,,,,,2,NO INDICATION OF INJURY,0,0,0,0,0,2,0,22,4,7,41.9378487563,-87.8270509176,POINT (-87.82705091763 41.937848756295)
1536954cb0764b4811379af4d12514bd0ce1567bbd6e9f0aed91e2ff23fdfbcd5839a775a9ca7363fcffa1ff4c1d42b328de3d56dc495e470e9d5e644ab2ae92,,07/16/2025 09:51:00 PM,30,OTHER,FUNCTIONING IMPROPERLY,CLEAR,"DARKNESS, LIGHTED ROAD",TURNING,DIVIDED - W/MEDIAN (NOT RAISED),,STRAIGHT AND LEVEL,DRY,NO DEFECTS,ON SCENE,INJURY AND / OR TOW DUE TO CRASH,,,,"OVER $1,500",07/16/2025 09:52:00 PM,IMPROPER TURNING/NO SIGNAL,IMPROPER OVERTAKING/PASSING,3000,W,NORTH AVE,1421,,,,,,,3,NONINCAPACITATING INJURY,3,0,0,2,1,2,0,21,4,7,41.9102822548,-87.7022739579,POINT (-87.70227395792 41.910282254788)
8c7695768ddbc8bf549455f0bf5215b5e4d925c114fee16dda5818f349ae4e43cd7dda1cb52704bead5baff8d87df427c14702e193dbad12afb55bdfcf79450e,,07/16/2025 09:45:00 PM,30,NO CONTROLS,NO CONTROLS,CLEAR,"DARKNESS, LIGHTED ROAD",SIDESWIPE SAME DIRECTION,NOT DIVIDED,,STRAIGHT AND LEVEL,DRY,NO DEFECTS,NOT ON SCENE (DESK REPORT),NO INJURY / DRIVE AWAY,,,Y,"OVER $1,500",07/16/2025 10:43:00 PM,IMPROPER OVERTAKING/PASSING,FAILING TO YIELD RIGHT-OF-WAY,4201,S,PULASKI RD,821,,,,,,,2,NO INDICATION OF INJURY,0,0,0,0,0,2,0,21,4,7,41.8169056947,-87.7237581135,POINT (-87.723758113509 41.8169056947)
ff94fad103d03bd4920ac86c54ce562d0b75a885e05dc3ee1f81d83e0175b2a9722421c66a1854e17c39552bd48e5b8df1a7d4e8a6ce33dec3ca8b06e878438e,,07/16/2025 09:41:00 PM,30,TRAFFIC SIGNAL,FUNCTIONING PROPERLY,CLEAR,DUSK,TURNING,FOUR WAY,,STRAIGHT AND LEVEL,DRY,UNKNOWN,ON SCENE,INJURY AND / OR TOW DUE TO CRASH,Y,,,"OVER $1,500",07/16/2025 09:41:00 PM,UNABLE TO DETERMINE,NOT APPLICABLE,1200,W,BELMONT AVE,1924,,N,,,,,2,"REPORTED, NOT EVIDENT",1,0,0,0,1,1,0,21,4,7,41.9399460298,-87.6590776192,POINT (-87.659077619206 41.939946029756)
04c25a8f929887db72cf31202f6b805989335ee5bce53644d84b0720d659e640887427072c8eb6dbf5dbd5cf38b9067bab000fccad0756dc0d4b0102a9f424f3,,07/16/2025 09:40:00 PM,30,NO CONTROLS,NO CONTROLS,CLEAR,DAYLIGHT,ANGLE,DIVIDED - W/MEDIAN (NOT RAISED),,STRAIGHT AND LEVEL,DRY,NO DEFECTS,NOT ON SCENE (DESK REPORT),NO INJURY / DRIVE AWAY,,,,"OVER $1,500",07/17/2025 11:30:00 AM,UNABLE TO DETERMINE,UNABLE TO DETERMINE,6200,S,HALSTED ST,712,,,,,,,2,NO INDICATION OF INJURY,0,0,0,0,0,2,0,21,4,7,41.781508951,-87.6449834446,POINT (-87.644983444577 41.781508950995)
7bcbdf14ba2d89f41fb3ab7afbfeb5c38149ce54160b4ebbe8bc74d74ab569f3905a472ae2e2a9a7d60df5dded759d5f48c092e6e6193386dd0f41b9adba40d1,,07/16/2025 09:15:00 PM,30,UNKNOWN,UNKNOWN,CLEAR,"DARKNESS, LIGHTED ROAD",PARKED MOTOR VEHICLE,UNKNOWN,,STRAIGHT AND LEVEL,DRY,UNKNOWN,NOT ON SCENE (DESK REPORT),NO INJURY / DRIVE AWAY,,,Y,"OVER $1,500",07/16/2025 09:45:00 PM,UNABLE TO DETERMINE,NOT APPLICABLE,4304,N,SPRINGFIELD AVE,1723,,,,,,,2,NO INDICATION OF INJURY,0,0,0,0,0,1,0,21,4,7,41.9593583902,-87.7254811097,POINT (-87.725481109665 41.959358390165)
d9d1202ba4d1a65e17b66889d28112398dbcfac37fe1089069ff571c8f88062e7eb7382fea8c8e5a8b34897963882354f55aca6dca8e91b75d1560410aeec342,,07/16/2025 09:03:00 PM,30,NO CONTROLS,NO CONTROLS,CLOUDY/OVERCAST,"DARKNESS, LIGHTED ROAD",SIDESWIPE SAME DIRECTION,ONE-WAY,,STRAIGHT AND LEVEL,WET,UNKNOWN,ON SCENE,NO INJURY / DRIVE AWAY,,,,"OVER $1,500",07/16/2025 09:16:00 PM,UNABLE TO DETERMINE,NOT APPLICABLE,10000,W,OHARE ST,1651,,,,,,,2,NO INDICATION OF INJURY,0,0,0,0,0,2,0,21,4,7,41.976201139,-87.9053091251,POINT (-87.905309125103 41.976201139024)
b8a431eeaf64450a1ae480a660a68150ee39392f901b3ef6c9f438576b9b7ce9fa708bc513dc795995e1ffa71e3ca17283194a83c0f3c10769cbdcfb840772dd,,07/16/2025 09:00:00 PM,25,NO CONTROLS,NO CONTROLS,CLEAR,"DARKNESS, LIGHTED ROAD",PARKED MOTOR VEHICLE,ONE-WAY,,STRAIGHT AND LEVEL,DRY,"RUT, HOLES",NOT ON SCENE (DESK REPORT),INJURY AND / OR TOW DUE TO CRASH,,,,"OVER $1,500",07/18/2025 08:10:00 PM,ROAD ENGINEERING/SURFACE/MARKING DEFECTS,NOT APPLICABLE,10232,S,EGGLESTON AVE,2232,,,,,,,3,NO INDICATION OF INJURY,0,0,0,0,0,1,0,21,4,7,41.7079181687,-87.6337473499,POINT (-87.633747349879 41.707918168707)
8b333cd21e073c3719a38cdfc1d9d59ea277b3abcc0a9422444d1a05b50c308b1b804bd8ade87d486db8782729ba08f2c6b061858994b35e51759019fc5e768b,,07/16/2025 08:56:00 PM,30,TRAFFIC SIGNAL,FUNCTIONING PROPERLY,CLEAR,DARKNESS,ANGLE,FOUR WAY,,STRAIGHT AND LEVEL,DRY,OTHER,ON SCENE,INJURY AND / OR TOW DUE TO CRASH,Y,,,"OVER $1,500",07/16/2025 09:06:00 PM,DISREGARDING TRAFFIC SIGNALS,UNABLE TO DETERMINE,200,E,83RD ST,631,,Y,,,,,3,NONINCAPACITATING INJURY,1,0,0,1,0,2,0,20,4,7,41.7438429548,-87.6194923447,POINT (-87.619492344749 41.743842954839)
52ad6ad244805f8c654f45bc0bfe2aeded202940db07dd832f1a69f10e03c7e724f66909070cd4b5346239dadc24d6412f613cd564c78d35b8ce90f7593d550a,,07/16/2025 08:45:00 PM,30,STOP SIGN/FLASHER,UNKNOWN,CLEAR,"DARKNESS, LIGHTED ROAD",ANGLE,FOUR WAY,,STRAIGHT AND LEVEL,DRY,UNKNOWN,NOT ON SCENE (DESK REPORT),INJURY AND / OR TOW DUE TO CRASH,Y,,,"OVER $1,500",07/17/2025 09:00:00 PM,FAILING TO REDUCE SPEED TO AVOID CRASH,DISREGARDING STOP SIGN,1465,E,130TH ST,434,,,,,,,2,NO INDICATION OF INJURY,0,0,0,0,0,2,0,20,4,7,41.6602838936,-87.58866624,POINT (-87.58866623998 41.660283893596)
cc84259aec128f72f43faa22cc6a3cc53c9e047360d9d9c616ceb755e2b5c0714d113165bdd7033e4396ca21f2d551039a501bc1c774304b53b654cdb174e73a,Y,07/16/2025 08:25:00 PM,25,UNKNOWN,UNKNOWN,CLEAR,"DARKNESS, LIGHTED ROAD",ANGLE,T-INTERSECTION,,STRAIGHT AND LEVEL,DRY,UNKNOWN,NOT ON SCENE (DESK REPORT),NO INJURY / DRIVE AWAY,,,Y,"$501 - $1,500",07/28/2025 03:15:00 PM,FAILING TO YIELD RIGHT-OF-WAY,FAILING TO YIELD RIGHT-OF-WAY,5201,S,WOODLAWN AVE,234,,Y,,,,,2,NO INDICATION OF INJURY,0,0,0,0,0,2,0,20,4,7,41.8008516369,-87.5965285172,POINT (-87.596528517182 41.800851636868)
e3aae751ab77be725a38845bb386287ecabac222c18fe7a8d01d8e699828d5bc0de089205766c841289a957c4dd6103fb5f84d98c7e8d1ca993e2d612987bd52,,07/16/2025 08:07:00 PM,30,TRAFFIC SIGNAL,FUNCTIONING PROPERLY,CLEAR,DUSK,PEDESTRIAN,FOUR WAY,,STRAIGHT AND LEVEL,DRY,NO DEFECTS,ON SCENE,INJURY AND / OR TOW DUE TO CRASH,Y,,,"OVER $1,500",07/16/2025 08:08:00 PM,FAILING TO YIELD RIGHT-OF-WAY,FAILING TO YIELD RIGHT-OF-WAY,2500,S,CENTRAL PARK AVE,1013,,,,,,,2,"REPORTED, NOT EVIDENT",1,0,0,0,1,1,0,20,4,7,41.8461263601,-87.714985056,POINT (-87.714985055995 41.846126360079)
93df3ae49d41fab516d2e345a490c8a84511fb222c06d286e16a6e75fda5689e011736211c0583e6df4d41e431765c8ffd5a5f884b731f2f3763e52e414a6fab,,07/16/2025 08:04:00 PM,35,TRAFFIC SIGNAL,FUNCTIONING PROPERLY,CLEAR,DAYLIGHT,ANGLE,NOT DIVIDED,,STRAIGHT AND LEVEL,DRY,NO DEFECTS,ON SCENE,INJURY AND / OR TOW DUE TO CRASH,Y,,,"OVER $1,500",07/16/2025 08:31:00 PM,FAILING TO YIELD RIGHT-OF-WAY,NOT APPLICABLE,2600,S,CALIFORNIA BLVD,1034,,,,,,,2,NONINCAPACITATING INJURY,2,0,0,1,1,0,0,20,4,7,41.844607515,-87.694804642,POINT (-87.694804642033 41.844607514956)
29cdd4f90d35fe7be7643ff9b0019acea37ad5db1ff126fe4a0d2053e94c114642cdb367b7ecbb8ad470213adbdac525f3794ec9620139df0a5c7c93df057933,,07/16/2025 08:00:00 PM,30,NO CONTROLS,FUNCTIONING PROPERLY,CLEAR,DUSK,ANGLE,NOT DIVIDED,,STRAIGHT AND LEVEL,DRY,NO DEFECTS,NOT ON SCENE (DESK REPORT),NO INJURY / DRIVE AWAY,Y,,,"OVER $1,500",07/16/2025 08:45:00 PM,UNABLE TO DETERMINE,UNABLE TO DETERMINE,3300,N,RACINE AVE,1924,,,,,,,2,NO INDICATION OF INJURY,0,0,0,0,0,2,0,20,4,7,41.9417492737,-87.6591722764,POINT (-87.659172276431 41.941749273658)
36d94cf9fa7d74c40d6e521a2f2f221102d299a7759fb223c28fd39f494880e1bfe99b6b297666c9dc9bb764b83928eeaf0cb23ac332df01ef8b99970905c276,,07/16/2025 08:00:00 PM,30,NO CONTROLS,NO CONTROLS,CLEAR,DUSK,PARKED MOTOR VEHICLE,NOT DIVIDED,,STRAIGHT AND LEVEL,UNKNOWN,UNKNOWN,NOT ON SCENE (DESK REPORT),NO INJURY / DRIVE AWAY,,,,"OVER $1,500",07/17/2025 08:40:00 AM,UNABLE TO DETERMINE,UNABLE TO DETERMINE,6033,W,MATSON AVE,1611,,,,,,,2,NO INDICATION OF INJURY,0,0,0,0,0,1,0,20,4,7,41.9923085595,-87.7790860316,POINT (-87.779086031636 41.992308559525)
52ffc9638cd9ca0012863dd4fe970318a01852d50181eeb13bf1a0944bbb455de9a73407d84112ecb0f818bc8685c777009f20e6a6976272103462a5726f4de6,,07/16/2025 08:00:00 PM,30,TRAFFIC SIGNAL,FUNCTIONING PROPERLY,CLEAR,DUSK,FIXED OBJECT,FOUR WAY,,STRAIGHT AND LEVEL,DRY,NO DEFECTS,ON SCENE,INJURY AND / OR TOW DUE TO CRASH,Y,,,"OVER $1,500",07/16/2025 08:11:00 PM,UNABLE TO DETERMINE,NOT APPLICABLE,234,N,LOWER MICHIGAN AVE,111,,,,,,,1,NO INDICATION OF INJURY,0,0,0,0,0,1,0,20,4,7,41.8865892529,-87.6247155678,POINT (-87.624715567762 41.886589252926)
93fe08cb5c2ea3751beda8b03b1b94cf9c66357f2220127b664ff72eea20eaf419509aef744f6a03313d8ebc2c2ac02fc7c7a3bd6fc59a79385b8e45d5684ac8,,07/16/2025 08:00:00 PM,30,NO CONTROLS,NO CONTROLS,CLEAR,"DARKNESS, LIGHTED ROAD",PARKED MOTOR VEHICLE,DIVIDED - W/MEDIAN (NOT RAISED),,STRAIGHT AND LEVEL,DRY,NO DEFECTS,ON SCENE,INJURY AND / OR TOW DUE TO CRASH,,,Y,"OVER $1,500",07/16/2025 10:43:00 PM,UNABLE TO DETERMINE,IMPROPER LANE USAGE,1127,W,WAVELAND AVE,1923,,,,,,,2,NO INDICATION OF INJURY,0,0,0,0,0,1,0,20,4,7,41.9488771822,-87.6579262594,POINT (-87.657926259356 41.948877182223)
a50f6426451ff84deee069d71ae890bfa06be93be96c99c0efdbe32a709ef1063de3084ebb125d06a42faefab63a91b715f31196f919431674538781ea06a9c0,,07/16/2025 08:00:00 PM,10,NO CONTROLS,NO CONTROLS,CLEAR,"DARKNESS, LIGHTED ROAD",PARKED MOTOR VEHICLE,PARKING LOT,,STRAIGHT AND LEVEL,DRY,NO DEFECTS,NOT ON SCENE (DESK REPORT),NO INJURY / DRIVE AWAY,,,Y,"OVER $1,500",07/16/2025 09:00:00 PM,IMPROPER BACKING,DRIVING SKILLS/KNOWLEDGE/EXPERIENCE,2222,S,ARCHER AVE,914,,,,,,,2,NO INDICATION OF INJURY,0,0,0,0,0,1,0,20,4,7,41.8525261868,-87.6357836985,POINT (-87.635783698456 41.852526186828)
09f6710a7eb1a819f5ab731b731a13a365a07667453e514800c78801da8d445e43fece92b29d182d5572807c9f44805abf018cdd878f0ddb32db43f3cff49f00,,07/16/2025 07:49:00 PM,30,NO CONTROLS,NO CONTROLS,CLEAR,DAYLIGHT,OTHER OBJECT,DIVIDED - W/MEDIAN BARRIER,,STRAIGHT AND LEVEL,DRY,NO DEFECTS,ON SCENE,INJURY AND / OR TOW DUE TO CRASH,Y,,,"$501 - $1,500",07/16/2025 07:49:00 PM,IMPROPER TURNING/NO SIGNAL,NOT APPLICABLE,2602,S,DR MARTIN LUTHER KING JR DR,133,,,,,,,2,NONINCAPACITATING INJURY,1,0,0,1,0,1,0,19,4,7,41.8455971602,-87.6178149297,POINT (-87.617814929669 41.845597160222)
7c924bc148afba2a04012b71cafc751da2492ba7d808479ee26224ab700578cf9ce72e26d6e9d51ab6ff73cc30f1592a9137ef9926ab47e46e35f3a92143969c,Y,07/16/2025 07:35:00 PM,30,STOP SIGN/FLASHER,FUNCTIONING PROPERLY,CLEAR,DAYLIGHT,ANGLE,FOUR WAY,,STRAIGHT AND LEVEL,DRY,NO DEFECTS,ON SCENE,INJURY AND / OR TOW DUE TO CRASH,Y,,,"OVER $1,500",07/16/2025 07:35:00 PM,UNABLE TO DETERMINE,UNABLE TO DETERMINE,2900,W,WARREN BLVD,1222,,,,,,,2,NONINCAPACITATING INJURY,3,0,0,1,2,0,0,19,4,7,41.8820774783,-87.6988936285,POINT (-87.698893628517 41.88207747828)
b479d98bab54b11d17a156d0291ff44902bfcc0ee7cef51aec3cb08d45cfc3c4fec2a47be3f92d0b713b90766b2e3e88689a1912286c6b02ceff65a74bbeeb01,,07/16/2025 07:20:00 PM,30,NO CONTROLS,NO CONTROLS,CLEAR,DAYLIGHT,PARKED MOTOR VEHICLE,NOT DIVIDED,,STRAIGHT AND LEVEL,DRY,NO DEFECTS,ON SCENE,NO INJURY / DRIVE AWAY,,,Y,"OVER $1,500",07/16/2025 07:22:00 PM,UNABLE TO DETERMINE,NOT APPLICABLE,4349,W,MONTROSE AVE,1722,,,,,,,2,NO INDICATION OF INJURY,0,0,0,0,0,1,0,19,4,7,41.9607319854,-87.737558068,POINT (-87.737558067999 41.960731985384)
f9420a961c00cea9f9a1fd13476ff7e4ab58974e80fb097ed0ab4f2769721815715c6d49c1b03a2551147b99aa0bf114cd4ae67024d4a56c03e2c69a250445e7,,07/16/2025 07:20:00 PM,15,NO CONTROLS,NO CONTROLS,CLEAR,DAYLIGHT,PARKED MOTOR VEHICLE,PARKING LOT,,STRAIGHT AND LEVEL,WET,NO DEFECTS,NOT ON SCENE (DESK REPORT),NO INJURY / DRIVE AWAY,,,Y,"$501 - $1,500",07/16/2025 08:25:00 PM,IMPROPER BACKING,IMPROPER BACKING,3145,S,ASHLAND AVE,912,,,,,,,2,NO INDICATION OF INJURY,0,0,0,0,0,1,0,19,4,7,41.8364683477,-87.6655669021,POINT (-87.665566902132 41.836468347729)
420969fc820c8df6f5c4fa49e32a7c84c304b68df1fefa09255ce1846f05076593d7eebeed4004a8f34beb5fcf883de6290ea58424997a0f60795adef2605cd7,,07/16/2025 07:05:00 PM,30,NO CONTROLS,NO CONTROLS,CLEAR,DAYLIGHT,REAR END,NOT DIVIDED,,STRAIGHT AND LEVEL,DRY,NO DEFECTS,NOT ON SCENE (DESK REPORT),NO INJURY / DRIVE AWAY,,,,"OVER $1,500",07/16/2025 07:15:00 PM,UNABLE TO DETERMINE,UNABLE TO DETERMINE,6428,N,MILWAUKEE AVE,1611,,,,,,,2,NO INDICATION OF INJURY,0,0,0,0,0,2,0,19,4,7,41.9979598072,-87.7886083869,POINT (-87.78860838695 41.997959807189)
458ea650ddb73eb38bf9e6918fa125d8c2e59bcf0af945ee762b99f3270c4b9cc26909eecbca317317dd753c0dd8670ce79ff9238f4161aa4c831c5fcada1e43,,07/16/2025 07:01:00 PM,30,TRAFFIC SIGNAL,FUNCTIONING PROPERLY,CLEAR,DAYLIGHT,TURNING,Y-INTERSECTION,,STRAIGHT AND LEVEL,DRY,NO DEFECTS,ON SCENE,INJURY AND / OR TOW DUE TO CRASH,,,Y,"OVER $1,500",07/16/2025 07:01:00 PM,IMPROPER TURNING/NO SIGNAL,IMPROPER TURNING/NO SIGNAL,13700,S,LEYDEN AVE,533,,,,,,,2,NONINCAPACITATING INJURY,1,0,0,1,0,1,0,19,4,7,41.6465826864,-87.6172511007,POINT (-87.617251100749 41.646582686437)
4fff323bf201514e5faaa711b509e7a0b8d0c68637cc341cf036e0904a92bbfed92bd3f6d32b9a4e3f71eff32e1028dc63141a0d47dae64c242b40f38f611ea4,,07/16/2025 07:00:00 PM,30,NO CONTROLS,NO CONTROLS,UNKNOWN,UNKNOWN,SIDESWIPE SAME DIRECTION,NOT DIVIDED,,STRAIGHT AND LEVEL,UNKNOWN,UNKNOWN,NOT ON SCENE (DESK REPORT),NO INJURY / DRIVE AWAY,Y,,,"$501 - $1,500",07/16/2025 07:50:00 PM,UNABLE TO DETERMINE,UNABLE TO DETERMINE,4012,W,63RD ST,813,,,,,,,2,NO INDICATION OF INJURY,0,0,0,0,0,5,0,19,4,7,41.7787619331,-87.7233736188,POINT (-87.723373618779 41.778761933053)
e905a3de0289c3c76c959f346284dbf541e077fc5fce89b734395fd6478e440f54fa8b9601454b6b4ff506ce9f994fa76ba3df061d23ad79222f6afee0098dea,,07/16/2025 07:00:00 PM,30,UNKNOWN,UNKNOWN,CLEAR,DUSK,PARKED MOTOR VEHICLE,FOUR WAY,,STRAIGHT AND LEVEL,DRY,NO DEFECTS,NOT ON SCENE (DESK REPORT),INJURY AND / OR TOW DUE TO CRASH,,,Y,"OVER $1,500",07/16/2025 11:36:00 PM,UNABLE TO DETERMINE,NOT APPLICABLE,4358,W,CARROLL AVE,1114,,,,,,,2,NO INDICATION OF INJURY,0,0,0,0,0,1,0,19,4,7,41.8869894049,-87.7355527157,POINT (-87.735552715653 41.886989404863)