CRASH_RECORD_ID,CRASH_DATE_EST_I,CRASH_DATE,POSTED_SPEED_LIMIT,TRAFFIC_CONTROL_DEVICE,DEVICE_CONDITION,WEATHER_CONDITION,LIGHTING_CONDITION,FIRST_CRASH_TYPE,TRAFFICWAY_TYPE,LANE_CNT,ALIGNMENT,ROADWAY_SURFACE_COND,ROAD_DEFECT,REPORT_TYPE,CRASH_TYPE,INTERSECTION_RELATED_I,NOT_RIGHT_OF_WAY_I,HIT_AND_RUN_I,DAMAGE,DATE_POLICE_NOTIFIED,PRIM_CONTRIBUTORY_CAUSE,SEC_CONTRIBUTORY_CAUSE,STREET_NO,STREET_DIRECTION,STREET_NAME,BEAT_OF_OCCURRENCE,PHOTOS_TAKEN_I,STATEMENTS_TAKEN_I,DOORING_I,WORK_ZONE_I,WORK_ZONE_TYPE,WORKERS_PRESENT_I,NUM_UNITS,MOST_SEVERE_INJURY,INJURIES_TOTAL,INJURIES_FATAL,INJURIES_INCAPACITATING,INJURIES_NON_INCAPACITATING,INJURIES_REPORTED_NOT_EVIDENT,INJURIES_NO_INDICATION,INJURIES_UNKNOWN,CRASH_HOUR,CRASH_DAY_OF_WEEK,CRASH_MONTH,LATITUDE,LONGITUDE,LOCATION
fd60c6be36f3edd775ca5b745549e07c4d281045f65a48ddca89192e5ed172cc8eff80de1836b58f2c385fdc8bca042bbb9ef370fb41fd4e677dfa6ff6b78499,,07/16/2025 07:00:00 PM,30,NO CONTROLS,NO CONTROLS,CLEAR,DAYLIGHT,SIDESWIPE SAME DIRECTION,NOT DIVIDED,,STRAIGHT AND LEVEL,DRY,NO DEFECTS,,NO INJURY / DRIVE AWAY,,,,"OVER $1,500",07/16/2025 07:30:00 PM,UNABLE TO DETERMINE,NOT APPLICABLE,1705,W,BELMONT AVE,1931,,,,,,,2,NO INDICATION OF INJURY,0,0,0,0,0,2,0,19,4,7,41.9395506392,-87.6713546892,POINT (-87.671354689172 41.939550639206)
25934b8f8bf52a735adad8d9b1c76fd87b16c4d2e63764415b717133aaa43c11d4407fe40c349eb0a6010acc7804006c84fdc978c642fc61900b467e1a4d4620,,07/16/2025 06:53:00 PM,30,TRAFFIC SIGNAL,FUNCTIONING PROPERLY,CLEAR,DAYLIGHT,ANGLE,FOUR WAY,,STRAIGHT AND LEVEL,DRY,NO DEFECTS,ON SCENE,INJURY AND / OR TOW DUE TO CRASH,Y,,,"OVER $1,500",07/16/2025 06:56:00 PM,DISREGARDING TRAFFIC SIGNALS,FAILING TO REDUCE SPEED TO AVOID CRASH,612,S,PULASKI RD,1132,,,,,,,3,"REPORTED, NOT EVIDENT",2,0,0,0,2,2,0,18,4,7,41.8731179638,-87.7255534217,POINT (-87.725553421661 41.873117963843)
62d6f772fc3696820c653748f219edc7298775cc6ef9ce923fb9b0e4928d7e32d25488a1ad2cdf1fa56c1f1cbba2dc88a9c323d1b370993109f3fa7a397417c5,,07/16/2025 06:26:00 PM,30,TRAFFIC SIGNAL,FUNCTIONING PROPERLY,CLEAR,DUSK,PARKED MOTOR VEHICLE,ONE-WAY,,STRAIGHT AND LEVEL,DRY,NO DEFECTS,NOT ON SCENE (DESK REPORT),NO INJURY / DRIVE AWAY,,,,"OVER $1,500",07/17/2025 09:20:00 AM,DRIVING SKILLS/KNOWLEDGE/EXPERIENCE,NOT APPLICABLE,306,E,ILLINOIS ST,1834,,,,,,,2,NO INDICATION OF INJURY,0,0,0,0,0,3,0,18,4,7,41.8911213146,-87.619799037,POINT (-87.619799037015 41.891121314587)
5a93eef7e862b51c93b5bc91cea464fd40e62d72dcbf0bfc070558092123f03b1f11be1518cb7f4488848c5000da7215dae6e075b3dc17b7667f261ae4d4830e,,07/16/2025 06:20:00 PM,30,STOP SIGN/FLASHER,FUNCTIONING PROPERLY,CLEAR,DAYLIGHT,PEDALCYCLIST,DIVIDED - W/MEDIAN (NOT RAISED),,STRAIGHT AND LEVEL,DRY,NO DEFECTS,ON SCENE,INJURY AND / OR TOW DUE TO CRASH,,,,"$501 - $1,500",07/16/2025 06:20:00 PM,FAILING TO YIELD RIGHT-OF-WAY,NOT APPLICABLE,2000,W,HUBBARD ST,1221,,,,,,,2,"REPORTED, NOT EVIDENT",1,0,0,0,1,1,0,18,4,7,41.8898339228,-87.6769997238,POINT (-87.676999723815 41.889833922823)
3e4b4a10b380294a5e092df38dc9f36f428d5d62a5f0c1b6c696a06d65b559acb7f614278ed9ef4a3911d9f267382c099bc7e103f58ff6ad124263ab2bc2a020,,07/16/2025 06:15:00 PM,20,NO CONTROLS,FUNCTIONING PROPERLY,CLEAR,DAYLIGHT,PARKED MOTOR VEHICLE,NOT DIVIDED,,STRAIGHT AND LEVEL,DRY,NO DEFECTS,ON SCENE,INJURY AND / OR TOW DUE TO CRASH,,,,"OVER $1,500",07/16/2025 06:17:00 PM,DISTRACTION - FROM INSIDE VEHICLE,UNABLE TO DETERMINE,12127,S,EGGLESTON AVE,523,,,,,,,2,NO INDICATION OF INJURY,0,0,0,0,0,1,0,18,4,7,41.673401606,-87.633195466,POINT (-87.633195465966 41.673401605975)
56975d66c72a06a9dc8340e2d583f835b4f274e0bd40d2df92f715f59964c8fbb6b60e05010f47f44a433c828d91a80d9c73d4fcc53355dea3709fd1b8e4ff76,,07/16/2025 06:10:00 PM,30,NO CONTROLS,NO CONTROLS,CLEAR,DAYLIGHT,PARKED MOTOR VEHICLE,NOT DIVIDED,,STRAIGHT AND LEVEL,DRY,UNKNOWN,NOT ON SCENE (DESK REPORT),NO INJURY / DRIVE AWAY,,,,"OVER $1,500",07/16/2025 06:40:00 PM,UNABLE TO DETERMINE,NOT APPLICABLE,1255,S,MICHIGAN AVE,132,,,,,,,2,NO INDICATION OF INJURY,0,0,0,0,0,1,0,18,4,7,41.8659752788,-87.6239706385,POINT (-87.623970638451 41.865975278841)
c12e06bed4900910a39b6fb5b72463d699f2787dbeb5504c686e915602c2a934177238703bd286bd42dc2e56b24608024b10930fb1fa3d8ba7d9a4d8457d3e76,,07/16/2025 06:09:00 PM,30,TRAFFIC SIGNAL,FUNCTIONING PROPERLY,CLEAR,DAYLIGHT,PEDESTRIAN,NOT DIVIDED,,STRAIGHT AND LEVEL,DRY,NO DEFECTS,ON SCENE,INJURY AND / OR TOW DUE TO CRASH,Y,,Y,$500 OR LESS,07/16/2025 06:13:00 PM,UNABLE TO DETERMINE,UNABLE TO DETERMINE,7900,S,DR MARTIN LUTHER KING JR DR,623,,,,,,,2,NONINCAPACITATING INJURY,1,0,0,1,0,1,0,18,4,7,41.7510204707,-87.6151022455,POINT (-87.615102245534 41.751020470682)
de4549aee8c4113a59e7456ef021e7843d19f96075eeb621d273766f02612063988cbd6f80c0993bec225f251232b0d2391355ed47cea3b768a61fbb5bebd6c1,,07/16/2025 06:06:00 PM,30,UNKNOWN,UNKNOWN,UNKNOWN,UNKNOWN,REAR END,ONE-WAY,,STRAIGHT AND LEVEL,UNKNOWN,UNKNOWN,NOT ON SCENE (DESK REPORT),NO INJURY / DRIVE AWAY,,,Y,"OVER $1,500",07/16/2025 07:00:00 PM,UNABLE TO DETERMINE,NOT APPLICABLE,6348,N,ARTESIAN AVE,2413,,,,,,,2,NO INDICATION OF INJURY,0,0,0,0,0,2,0,18,4,7,41.9973348728,-87.691239617,POINT (-87.691239617023 41.997334872776)
4a190c709b7caef5d55e02a5137363f0c2f3dc98b48d4c807048ceb1fed7979701a40768b8f907df07644be4f5531be340737286f4d362b0668e086ebdf5a5dd,,07/16/2025 06:00:00 PM,30,NO CONTROLS,NO CONTROLS,UNKNOWN,DAWN,PARKED MOTOR VEHICLE,NOT DIVIDED,,STRAIGHT AND LEVEL,UNKNOWN,UNKNOWN,NOT ON SCENE (DESK REPORT),NO INJURY / DRIVE AWAY,,,,"OVER $1,500",07/21/2025 03:42:00 PM,UNABLE TO DETERMINE,UNABLE TO DETERMINE,5140,S,HYDE PARK BLVD,234,,,,,,,3,NO INDICATION OF INJURY,0,0,0,0,0,1,0,18,4,7,41.8015022325,-87.5849221398,POINT (-87.584922139772 41.801502232507)
e474224ab60ac4beedeb142f53ceada4bda657783a7bec820b62e9c9fb8329ed96886928aaa5ea7ea22404705a4a0673058e1dc4039af50717dfbcb4ab5edb26,,07/16/2025 06:00:00 PM,30,STOP SIGN/FLASHER,FUNCTIONING PROPERLY,UNKNOWN,UNKNOWN,ANGLE,FOUR WAY,,STRAIGHT AND LEVEL,UNKNOWN,UNKNOWN,NOT ON SCENE (DESK REPORT),NO INJURY / DRIVE AWAY,Y,,,"$501 - $1,500",07/16/2025 06:40:00 PM,UNABLE TO DETERMINE,NOT APPLICABLE,7600,S,EVANS AVE,624,,,,,,,2,NO INDICATION OF INJURY,0,0,0,0,0,2,0,18,4,7,41.756644207,-87.6067299155,POINT (-87.60672991553 41.756644206953)
a38e4e85d7fb6a92022bf25fb5b3576040a782c3188e64c26f47612386fcf8e984db527bbd5ad38dbdccee7e85c52d4a9ab4b257c49d50f72c7483aee6751540,,07/16/2025 05:53:00 PM,15,NO CONTROLS,NO CONTROLS,CLEAR,DAYLIGHT,PARKED MOTOR VEHICLE,ONE-WAY,,STRAIGHT AND LEVEL,DRY,UNKNOWN,NOT ON SCENE (DESK REPORT),NO INJURY / DRIVE AWAY,,,,"$501 - $1,500",07/18/2025 05:20:00 PM,IMPROPER BACKING,IMPROPER BACKING,3018,W,LYNDALE ST,1414,,,,,,,2,NO INDICATION OF INJURY,0,0,0,0,0,1,0,17,4,7,41.9224858803,-87.7030178925,POINT (-87.703017892539 41.922485880306)
3d0f9ca2e7701c6489a58ae64b2921000b2e0a2759641eec1668825f628bb66c4abcbeed1e31ba513a3be5c71dde0043ab40a8e4c075019154949325246dbc66,,07/16/2025 05:50:00 PM,30,NO CONTROLS,NO CONTROLS,CLEAR,DAYLIGHT,SIDESWIPE SAME DIRECTION,NOT DIVIDED,,STRAIGHT AND LEVEL,WET,NO DEFECTS,NOT ON SCENE (DESK REPORT),NO INJURY / DRIVE AWAY,,,Y,$500 OR LESS,07/16/2025 06:10:00 PM,UNABLE TO DETERMINE,WEATHER,11501,S,HALSTED ST,524,,,,,,,2,NO INDICATION OF INJURY,0,0,0,0,0,2,0,17,4,7,41.6850295867,-87.6420045322,POINT (-87.642004532189 41.685029586669)
73b77b802917ae0ce4aa4cc4c8affbdbda256a93b463def6231c3b01fc34c931367b9b7f96a3f93fd4efd59461d43149cd1b9e264840c50642bb65fa9ef005d7,,07/16/2025 05:50:00 PM,30,NO CONTROLS,NO CONTROLS,CLOUDY/OVERCAST,DAYLIGHT,PEDALCYCLIST,DIVIDED - W/MEDIAN (NOT RAISED),,STRAIGHT AND LEVEL,WET,NO DEFECTS,,INJURY AND / OR TOW DUE TO CRASH,,,,"OVER $1,500",07/16/2025 05:50:00 PM,"VISION OBSCURED (SIGNS, TREE LIMBS, BUILDINGS, ETC.)","VISION OBSCURED (SIGNS, TREE LIMBS, BUILDINGS, ETC.)",7430,S,ASHLAND AVE,735,Y,,,,,,2,FATAL,1,1,0,0,0,1,0,17,4,7,41.7585822383,-87.6637700082,POINT (-87.663770008201 41.758582238285)
ee66abbffd62e4c6fb0fab37631a331123fd965f7dac24745b5133648ac42ca7cca00ece0be51ad610921571a866045bad552c19ab41d432ab2d7dff433abcb7,,07/16/2025 05:46:00 PM,20,STOP SIGN/FLASHER,FUNCTIONING PROPERLY,CLEAR,DAYLIGHT,FIXED OBJECT,FOUR WAY,,STRAIGHT AND LEVEL,DRY,NO DEFECTS,ON SCENE,NO INJURY / DRIVE AWAY,,N,,"OVER $1,500",07/16/2025 05:47:00 PM,DRIVING SKILLS/KNOWLEDGE/EXPERIENCE,DRIVING SKILLS/KNOWLEDGE/EXPERIENCE,6058,S,PEORIA ST,712,,,,,,,1,NO INDICATION OF INJURY,0,0,0,0,0,2,0,17,4,7,41.7833844732,-87.6474552834,POINT (-87.647455283418 41.783384473218)
51dc4a9b8d4693c96b98a897a8b9a95b23ffe88bc3921c2ef73a1f67ea09770cb29ee7d6684bedee67b91d97d6172c0168415f66c26e0a5d6ed2802b2fd1ffef,,07/16/2025 05:45:00 PM,30,TRAFFIC SIGNAL,FUNCTIONING PROPERLY,CLEAR,"DARKNESS, LIGHTED ROAD",SIDESWIPE SAME DIRECTION,ONE-WAY,,STRAIGHT AND LEVEL,DRY,NO DEFECTS,,INJURY AND / OR TOW DUE TO CRASH,Y,,,"$501 - $1,500",07/16/2025 08:08:00 PM,IMPROPER OVERTAKING/PASSING,NOT APPLICABLE,63,W,ONTARIO ST,1832,,,,,,,2,NO INDICATION OF INJURY,0,0,0,0,0,2,0,17,4,7,41.8931277545,-87.6305625183,POINT (-87.630562518301 41.893127754537)
14712a877abb575bee43a4ae992e2f2499bf558c4f25d1c5b28818c56c91a55dc19eb0905f55e9d572b9de5bc66f3aa5ebd713227c8e1ed999a587b1ca851109,,07/16/2025 05:40:00 PM,30,STOP SIGN/FLASHER,FUNCTIONING PROPERLY,CLEAR,DAYLIGHT,ANGLE,FOUR WAY,,STRAIGHT AND LEVEL,DRY,NO DEFECTS,,INJURY AND / OR TOW DUE TO CRASH,Y,,,"OVER $1,500",07/16/2025 05:50:00 PM,FAILING TO YIELD RIGHT-OF-WAY,NOT APPLICABLE,1600,W,HUBBARD ST,1215,,,,,,,2,NO INDICATION OF INJURY,0,0,0,0,0,4,0,17,4,7,41.8899960018,-87.6671603665,POINT (-87.667160366454 41.889996001809)
645eea4fb565bcf7a82fe1f178e10b94b26e404994020896fe5ee82fbab1161f6be91360cfef9b4eb59a88dbb62478f3df6a1ca9ddb8350359f0e4eca77fd0f6,,07/16/2025 05:40:00 PM,30,NO CONTROLS,NO CONTROLS,CLOUDY/OVERCAST,DAYLIGHT,ANGLE,NOT DIVIDED,,STRAIGHT AND LEVEL,DRY,NO DEFECTS,NOT ON SCENE (DESK REPORT),NO INJURY / DRIVE AWAY,,,,"OVER $1,500",07/16/2025 05:40:00 PM,FAILING TO YIELD RIGHT-OF-WAY,FAILING TO YIELD RIGHT-OF-WAY,121,E,21ST ST,132,,,,,,,2,NO INDICATION OF INJURY,0,0,0,0,0,2,0,17,4,7,41.8541908426,-87.6228577473,POINT (-87.622857747303 41.854190842616)
35ee798c2b0af79e6c94c7f7e99baf0fea8f34f2b3c2a9ebcd9434843ee59fc485fda2c03efb80a52a6b98558c4ac20fdba6a42bc43e43c31f5ae83e26c4e886,,07/16/2025 05:39:00 PM,30,NO CONTROLS,NO CONTROLS,RAIN,DAYLIGHT,SIDESWIPE SAME DIRECTION,ONE-WAY,,STRAIGHT AND LEVEL,WET,NO DEFECTS,ON SCENE,NO INJURY / DRIVE AWAY,,,,$500 OR LESS,07/16/2025 05:45:00 PM,UNABLE TO DETERMINE,NOT APPLICABLE,519,W,ADAMS ST,121,,,,,,,2,NO INDICATION OF INJURY,0,0,0,0,0,3,0,17,4,7,41.8791920477,-87.6404894011,POINT (-87.640489401125 41.879192047686)
31e4b793d4bcacf0558f9d229f6b2885118fc6a309d45dcf3bf32cc27076a741087cbab425455a6e3fa62726ea78afc2557a9930530a47767031ae4c6cf1bea9,,07/16/2025 05:30:00 PM,30,STOP SIGN/FLASHER,FUNCTIONING PROPERLY,CLEAR,DAYLIGHT,TURNING,T-INTERSECTION,,STRAIGHT AND LEVEL,WET,NO DEFECTS,ON SCENE,INJURY AND / OR TOW DUE TO CRASH,Y,,,"OVER $1,500",07/16/2025 06:01:00 PM,FAILING TO YIELD RIGHT-OF-WAY,UNABLE TO DETERMINE,3840,W,COLUMBUS AVE,834,,,,,,,2,NO INDICATION OF INJURY,0,0,0,0,0,2,0,17,4,7,41.7387055648,-87.7177130287,POINT (-87.71771302872 41.738705564754)
b1aa70fa3319faa220b26639687017097beaed0a270f5adcb386c3a4c5fc949aa8b35a0dff963c489bfb81111613733e0aaba55dc25008f35aa5e9b1facd44d9,,07/16/2025 05:30:00 PM,30,UNKNOWN,UNKNOWN,CLEAR,DAWN,PEDALCYCLIST,FOUR WAY,,STRAIGHT AND LEVEL,DRY,UNKNOWN,NOT ON SCENE (DESK REPORT),INJURY AND / OR TOW DUE TO CRASH,,,Y,"$501 - $1,500",07/17/2025 05:33:00 PM,NOT APPLICABLE,NOT APPLICABLE,1565,N,LA SALLE DR,1821,,,,,,,2,INCAPACITATING INJURY,1,0,1,0,0,1,0,17,4,7,41.911010881,-87.6329985732,POINT (-87.632998573186 41.911010881024)
e711d67f98a066897080d813a476f7504e53e5c310a720d432ef93138b30eed72d2db5fd39f0a131181c958499c19d5374b7048267c38c6cc45532f2a9644ce3,,07/16/2025 05:30:00 PM,35,TRAFFIC SIGNAL,FUNCTIONING PROPERLY,CLEAR,DAYLIGHT,TURNING,FOUR WAY,,STRAIGHT AND LEVEL,UNKNOWN,UNKNOWN,NOT ON SCENE (DESK REPORT),NO INJURY / DRIVE AWAY,Y,,,$500 OR LESS,07/17/2025 09:15:00 AM,UNABLE TO DETERMINE,NOT APPLICABLE,3758,S,KEDZIE AVE,911,,,,,,,2,NO INDICATION OF INJURY,0,0,0,0,0,2,0,17,4,7,41.8244471106,-87.7045962358,POINT (-87.704596235788 41.824447110566)
fbd0c50bce147dab983e803adc04b72a8a034a40e2c7a7381fc77ab89273836a9044ccd9fa8bcf0276d8f80c1b899cbbd39355e81b5d6f5ae42ec00cf21ccbee,,07/16/2025 05:30:00 PM,15,NO CONTROLS,NO CONTROLS,CLEAR,DAYLIGHT,SIDESWIPE SAME DIRECTION,PARKING LOT,,STRAIGHT AND LEVEL,DRY,NO DEFECTS,NOT ON SCENE (DESK REPORT),NO INJURY / DRIVE AWAY,Y,,,"OVER $1,500",07/16/2025 06:40:00 PM,FAILING TO YIELD RIGHT-OF-WAY,FAILING TO YIELD RIGHT-OF-WAY,1430,S,ASHLAND AVE,1233,,,,,,,2,NO INDICATION OF INJURY,0,0,0,0,0,2,0,17,4,7,41.8624024249,-87.6664189682,POINT (-87.666418968157 41.862402424927)
66c8428858a40fad5a824c0ecfddf0d72e1ec7034c54e3b193c8cfbf77b9e174c23f2d96736b18753c17663fa0a6e633fa6ad9a8b487e1cdd4505adca9f9d7d7,,07/16/2025 05:20:00 PM,30,NO CONTROLS,NO CONTROLS,CLEAR,DAYLIGHT,REAR END,NOT DIVIDED,,STRAIGHT AND LEVEL,DRY,NO DEFECTS,NOT ON SCENE (DESK REPORT),NO INJURY / DRIVE AWAY,,,,"OVER $1,500",07/16/2025 06:30:00 PM,FOLLOWING TOO CLOSELY,NOT APPLICABLE,2403,S,DAMEN AVE,1034,,,,,,,2,NO INDICATION OF INJURY,0,0,0,0,0,2,0,17,4,7,41.8484397867,-87.6755979527,POINT (-87.675597952698 41.848439786684)
c6c24b08279f24581bfb82eed4a377effc565ddd924c9caa7350d69cb7e690a1cb0f4a35695bc25a2f10ff828ab893880a4b817d53f351b11aacc8fb2e33fc70,,07/16/2025 05:20:00 PM,30,NO CONTROLS,NO CONTROLS,CLEAR,DAYLIGHT,SIDESWIPE SAME DIRECTION,DIVIDED - W/MEDIAN BARRIER,,STRAIGHT AND LEVEL,WET,NO DEFECTS,NOT ON SCENE (DESK REPORT),NO INJURY / DRIVE AWAY,,,,"$501 - $1,500",07/16/2025 05:30:00 PM,FAILING TO YIELD RIGHT-OF-WAY,FAILING TO YIELD RIGHT-OF-WAY,2299,W,ROOSEVELT RD,1233,,,,,,,2,NO INDICATION OF INJURY,0,0,0,0,0,3,0,17,4,7,41.8665388453,-87.6834645334,POINT (-87.683464533419 41.866538845329)
ccfa1eb15d1c1313cb38e73fe412cf1179c1007bfa85c63e5e49ecca7012f04ebaa460bedebe196f0f2c5541cdc67c30a0c0bba7b696fc9de189ff844b874668,,07/16/2025 05:11:00 PM,30,NO CONTROLS,NO CONTROLS,CLEAR,DAYLIGHT,PARKED MOTOR VEHICLE,NOT DIVIDED,,STRAIGHT AND LEVEL,UNKNOWN,UNKNOWN,NOT ON SCENE (DESK REPORT),NO INJURY / DRIVE AWAY,,,,"OVER $1,500",07/16/2025 06:36:00 PM,UNABLE TO DETERMINE,UNABLE TO DETERMINE,3400,W,ROOSEVELT RD,1133,,,,,,,2,NO INDICATION OF INJURY,0,0,0,0,0,2,0,17,4,7,41.8664572689,-87.7106673317,POINT (-87.710667331739 41.866457268922)
b94d2634746100c34f94b8acc6096fb5fff1257d1c5dd7ae5c6d621a54648cca20f7b94f6998a0f2d40e413beabc2849f4ce15d2850e7186fd7c9cca262d2b06,,07/16/2025 05:07:00 PM,30,STOP SIGN/FLASHER,FUNCTIONING PROPERLY,CLEAR,DAYLIGHT,ANGLE,FOUR WAY,,STRAIGHT AND LEVEL,DRY,NO DEFECTS,ON SCENE,INJURY AND / OR TOW DUE TO CRASH,Y,,,"OVER $1,500",07/16/2025 05:30:00 PM,UNABLE TO DETERMINE,UNABLE TO DETERMINE,7630,W,TOUHY AVE,1611,,,,,,,2,NO INDICATION OF INJURY,0,0,0,0,0,2,0,17,4,7,42.0115415819,-87.8175190145,POINT (-87.817519014456 42.011541581892)
1edf1e68fe3e1f831f3b37e63e544eb1ba6b2c4b386e215e99ad31a8a3c0ae024c0d0f6a11ad53fc50a73ae005796b5f08a4b3fc6bb003655f045eaaab47ed9c,,07/16/2025 05:04:00 PM,30,NO CONTROLS,NO CONTROLS,CLEAR,DAYLIGHT,SIDESWIPE SAME DIRECTION,NOT DIVIDED,,STRAIGHT AND LEVEL,DRY,NO DEFECTS,NOT ON SCENE (DESK REPORT),NO INJURY / DRIVE AWAY,,,,"$501 - $1,500",08/20/2025 05:00:00 PM,FAILING TO YIELD RIGHT-OF-WAY,NOT APPLICABLE,619,N,STATE ST,1834,,,,,,,2,NO INDICATION OF INJURY,0,0,0,0,0,2,0,17,4,7,41.8931616082,-87.6279741817,POINT (-87.627974181653 41.893161608192)
57573a2b25ee937a8157161e9477443f16953218d80ee2924da37389814494a990e3999c043fa438093e84b7c3277873c19b5c6e1ed5eb1b6c7ada857a931168,,07/16/2025 05:04:00 PM,30,TRAFFIC SIGNAL,FUNCTIONING PROPERLY,CLOUDY/OVERCAST,DAYLIGHT,PARKED MOTOR VEHICLE,DIVIDED - W/MEDIAN BARRIER,,STRAIGHT AND LEVEL,WET,NO DEFECTS,ON SCENE,NO INJURY / DRIVE AWAY,,,Y,"OVER $1,500",07/16/2025 06:40:00 PM,FOLLOWING TOO CLOSELY,UNABLE TO DETERMINE,122,S,MICHIGAN AVE,112,,,,,,,2,NO INDICATION OF INJURY,0,0,0,0,0,1,0,17,4,7,41.8802633722,-87.6245049804,POINT (-87.624504980387 41.880263372185)
13f07371eb6f39b7fb27eea2857818543e51f5c7d04dd51714f3d8dbf3d2c428025b1183ea95ee69345f0d08bba7e2f79d2ce18b34b7a83d407e955dd89df37a,,07/16/2025 05:03:00 PM,30,NO CONTROLS,NO CONTROLS,CLEAR,DAYLIGHT,ANGLE,NOT DIVIDED,,STRAIGHT AND LEVEL,WET,NO DEFECTS,NOT ON SCENE (DESK REPORT),NO INJURY / DRIVE AWAY,N,,Y,"OVER $1,500",07/16/2025 05:50:00 PM,FAILING TO YIELD RIGHT-OF-WAY,FAILING TO YIELD RIGHT-OF-WAY,4816,W,DIVISION ST,2533,,,,,,,2,NO INDICATION OF INJURY,0,0,0,0,0,2,0,17,4,7,41.9024538675,-87.7467086133,POINT (-87.746708613307 41.902453867523)
87c53b28fea11a02cbe4042a3892f36771cd99a7aa36b1d4c33c23c9b44cbf6496ab59d648292437071d374f0e4da2253238a9d36352a7974e8e7279f099d30e,,07/16/2025 05:00:00 PM,30,NO CONTROLS,NO CONTROLS,CLEAR,DAYLIGHT,PARKED MOTOR VEHICLE,DIVIDED - W/MEDIAN BARRIER,,STRAIGHT AND LEVEL,UNKNOWN,UNKNOWN,NOT ON SCENE (DESK REPORT),NO INJURY / DRIVE AWAY,,,,"OVER $1,500",07/20/2025 02:46:00 PM,UNABLE TO DETERMINE,NOT APPLICABLE,1255,N,ASHLAND AVE,1433,,,,,,,2,NO INDICATION OF INJURY,0,0,0,0,0,1,0,17,4,7,41.9048553583,-87.6673891271,POINT (-87.667389127134 41.904855358267)
a79bd88fb1b6ffc29e4df87e13c7bee414dc4b19b2189a755cbc5a6c8a4151862790bc2c938356b8b75c1f23bbbdeb583854a340b98d2e017604c8ccc66b70e3,,07/16/2025 05:00:00 PM,25,STOP SIGN/FLASHER,FUNCTIONING PROPERLY,CLEAR,DAYLIGHT,PEDALCYCLIST,NOT DIVIDED,,STRAIGHT AND LEVEL,WET,NO DEFECTS,ON SCENE,NO INJURY / DRIVE AWAY,Y,,,"OVER $1,500",07/16/2025 05:04:00 PM,FAILING TO YIELD RIGHT-OF-WAY,NOT APPLICABLE,2500,N,KILPATRICK AVE,2521,,,,,,,2,NO INDICATION OF INJURY,0,0,0,0,0,2,0,17,4,7,41.9263071425,-87.7440883835,POINT (-87.744088383521 41.926307142492)
b2ea255a163c8f205c8ee964b49e635bb2fcfb9ef81b47a20a531dd24590bcd86f474204d0a1c6714f5427caa51a01e72d3253b602e7d37b41d2e8f9df24922e,,07/16/2025 05:00:00 PM,30,STOP SIGN/FLASHER,FUNCTIONING PROPERLY,CLEAR,DAYLIGHT,ANGLE,ONE-WAY,,STRAIGHT AND LEVEL,DRY,NO DEFECTS,NOT ON SCENE (DESK REPORT),NO INJURY / DRIVE AWAY,,,,"OVER $1,500",07/16/2025 06:05:00 PM,DISREGARDING STOP SIGN,NOT APPLICABLE,3829,W,27TH ST,1031,,,,,,,2,NO INDICATION OF INJURY,0,0,0,0,0,2,0,17,4,7,41.8423530536,-87.7207786808,POINT (-87.720778680768 41.842353053607)
03b281ba5311575f33557bb6e0251c6c193427890320da44187ad8b64cd3bbddb265a344082641055e2eeec93ddb33b9f3b73206010582e805435f1d18487a71,,07/16/2025 04:57:00 PM,20,TRAFFIC SIGNAL,NO CONTROLS,RAIN,DAYLIGHT,REAR END,DIVIDED - W/MEDIAN (NOT RAISED),,STRAIGHT AND LEVEL,WET,NO DEFECTS,ON SCENE,NO INJURY / DRIVE AWAY,N,,,"OVER $1,500",07/16/2025 04:57:00 PM,UNABLE TO DETERMINE,NOT APPLICABLE,1941,N,WESTERN AVE,1434,,,,,,,2,NO INDICATION OF INJURY,0,0,0,0,0,2,0,16,4,7,41.9168008862,-87.6872416211,POINT (-87.687241621131 41.916800886226)
03349c51f63463b84653d2743ccb02af02c13d89e2f62dac5b238f593122358e80de9296ac562e2caaa6dc8f90b3fa9fad722708d9d750760844dd4707b41ef7,,07/16/2025 04:50:00 PM,30,NO CONTROLS,NO CONTROLS,CLOUDY/OVERCAST,DAYLIGHT,SIDESWIPE SAME DIRECTION,DIVIDED - W/MEDIAN (NOT RAISED),,STRAIGHT AND LEVEL,WET,NO DEFECTS,NOT ON SCENE (DESK REPORT),NO INJURY / DRIVE AWAY,,,,"OVER $1,500",07/16/2025 05:15:00 PM,FAILING TO YIELD RIGHT-OF-WAY,FAILING TO REDUCE SPEED TO AVOID CRASH,5135,W,IRVING PARK RD,1634,,,,,,,2,NO INDICATION OF INJURY,0,0,0,0,0,2,0,16,4,7,41.9532026472,-87.7561227151,POINT (-87.756122715101 41.953202647193)
e6900728d12ecaf7cfcd97865d32b465e14c2298eb505e44e3ea86eee697f9b562274e39439afa0dcd97cd296f7ccba6116d2cadee2cae9bfd6a1c9e533c685c,,07/16/2025 04:50:00 PM,30,NO CONTROLS,NO CONTROLS,FREEZING RAIN/DRIZZLE,DAYLIGHT,SIDESWIPE SAME DIRECTION,NOT DIVIDED,,STRAIGHT AND LEVEL,DRY,NO DEFECTS,,NO INJURY / DRIVE AWAY,,,,"$501 - $1,500",07/16/2025 04:51:00 PM,IMPROPER OVERTAKING/PASSING,NOT APPLICABLE,7830,S,KEDZIE AVE,835,,,,,,,2,NO INDICATION OF INJURY,0,0,0,0,0,2,0,16,4,7,41.7507020459,-87.7025860483,POINT (-87.702586048266 41.75070204592)