CRASH_RECORD_ID,CRASH_DATE_EST_I,CRASH_DATE,POSTED_SPEED_LIMIT,TRAFFIC_CONTROL_DEVICE,DEVICE_CONDITION,WEATHER_CONDITION,LIGHTING_CONDITION,FIRST_CRASH_TYPE,TRAFFICWAY_TYPE,LANE_CNT,ALIGNMENT,ROADWAY_SURFACE_COND,ROAD_DEFECT,REPORT_TYPE,CRASH_TYPE,INTERSECTION_RELATED_I,NOT_RIGHT_OF_WAY_I,HIT_AND_RUN_I,DAMAGE,DATE_POLICE_NOTIFIED,PRIM_CONTRIBUTORY_CAUSE,SEC_CONTRIBUTORY_CAUSE,STREET_NO,STREET_DIRECTION,STREET_NAME,BEAT_OF_OCCURRENCE,PHOTOS_TAKEN_I,STATEMENTS_TAKEN_I,DOORING_I,WORK_ZONE_I,WORK_ZONE_TYPE,WORKERS_PRESENT_I,NUM_UNITS,MOST_SEVERE_INJURY,INJURIES_TOTAL,INJURIES_FATAL,INJURIES_INCAPACITATING,INJURIES_NON_INCAPACITATING,INJURIES_REPORTED_NOT_EVIDENT,INJURIES_NO_INDICATION,INJURIES_UNKNOWN,CRASH_HOUR,CRASH_DAY_OF_WEEK,CRASH_MONTH,LATITUDE,LONGITUDE,LOCATION
ec104146fb066f99056a6c8b7ddd9ca9bc70659e55f105ee9d4239d3da9d9518de2458760b6f75ec4e680b67edf771ec8c52ff7f71a21d07eaf654ad4f6daa05,,07/16/2025 04:48:00 PM,30,NO CONTROLS,NO CONTROLS,RAIN,DAYLIGHT,PARKED MOTOR VEHICLE,ONE-WAY,,STRAIGHT AND LEVEL,WET,NO DEFECTS,ON SCENE,NO INJURY / DRIVE AWAY,,,,$500 OR LESS,07/16/2025 04:48:00 PM,NOT APPLICABLE,NOT APPLICABLE,4640,N,WINTHROP AVE,1914,,,,,,,2,NO INDICATION OF INJURY,0,0,0,0,0,2,0,16,4,7,41.9664257647,-87.6573531181,POINT (-87.657353118127 41.966425764719)
682e933564be06f5729d8946bde686fb5e9f2187b4a6846c65f20b4346b2188e0daa254e48f167f4e74cb22092a068ef1647ba7dfd56f1f70ef748d2831bdd5b,,07/16/2025 04:46:00 PM,30,TRAFFIC SIGNAL,FUNCTIONING PROPERLY,CLOUDY/OVERCAST,DAYLIGHT,REAR END,FOUR WAY,,STRAIGHT AND LEVEL,WET,NO DEFECTS,NOT ON SCENE (DESK REPORT),NO INJURY / DRIVE AWAY,,,,"$501 - $1,500",07/16/2025 05:30:00 PM,UNABLE TO DETERMINE,NOT APPLICABLE,3356,W,CHICAGO AVE,1121,,,,,,,2,NO INDICATION OF INJURY,0,0,0,0,0,2,0,16,4,7,41.8956188601,-87.7111571438,POINT (-87.711157143759 41.89561886014)
be748bf14e071a71db3b12eb4d7775b24450fa80cf7f76196a01fb7b6f7fe659733e0bca662c01d3885f55551f4353a39afe2959921909c3a42f5a1b56c531bc,,07/16/2025 04:45:00 PM,30,TRAFFIC SIGNAL,FUNCTIONING PROPERLY,UNKNOWN,DAYLIGHT,REAR END,NOT DIVIDED,,STRAIGHT AND LEVEL,UNKNOWN,UNKNOWN,NOT ON SCENE (DESK REPORT),NO INJURY / DRIVE AWAY,,,,"OVER $1,500",07/16/2025 04:54:00 PM,FOLLOWING TOO CLOSELY,FOLLOWING TOO CLOSELY,2960,W,MONTROSE AVE,1724,,,,,,,2,NO INDICATION OF INJURY,0,0,0,0,0,2,0,16,4,7,41.961328805,-87.7032971861,POINT (-87.703297186118 41.961328804994)
f99a3f21ca4f09204c69c5bfe9f31cb3d94fbdb07b33ff4680b3f8aaa5de0a2fa5333cd9e1aa8440c98ddd731620d1977b4afd5e63179a02c86a1704d6cfb38e,,07/16/2025 04:44:00 PM,30,NO CONTROLS,NO CONTROLS,CLEAR,DAYLIGHT,REAR END,NOT DIVIDED,,STRAIGHT AND LEVEL,WET,NO DEFECTS,,INJURY AND / OR TOW DUE TO CRASH,,,,"OVER $1,500",07/16/2025 04:51:00 PM,UNABLE TO DETERMINE,NOT APPLICABLE,1525,S,MICHIGAN AVE,132,,,,,,,2,NONINCAPACITATING INJURY,2,0,0,2,0,3,0,16,4,7,41.8612484684,-87.6238651668,POINT (-87.623865166797 41.861248468375)
5591febc0b45629f6c69d829c1ea1071b875f5a5f255d44bb3da592c1a77271123652d6e08c45101ee7845a31b8206ed46cfc293b02eda6fa0b340850f6df281,,07/16/2025 04:40:00 PM,35,TRAFFIC SIGNAL,FUNCTIONING PROPERLY,RAIN,DAYLIGHT,REAR END,DIVIDED - W/MEDIAN BARRIER,,STRAIGHT AND LEVEL,WET,NO DEFECTS,NOT ON SCENE (DESK REPORT),NO INJURY / DRIVE AWAY,Y,,Y,"OVER $1,500",07/17/2025 09:05:00 AM,NOT APPLICABLE,NOT APPLICABLE,2600,S,DR MARTIN LUTHER KING JR DR,133,,,,,,,2,NO INDICATION OF INJURY,0,0,0,0,0,4,0,16,4,7,41.8456529118,-87.617816391,POINT (-87.617816391009 41.845652911763)
da666480fb61e6ff16821f64461eb44658fa8a060905bdc54c6d373a41e9d80e3f68c3a6cb1d900f0dc252d0bb002f592bcab000070a574a9a0d5bf4e9550a40,,07/16/2025 04:40:00 PM,30,TRAFFIC SIGNAL,FUNCTIONING PROPERLY,RAIN,DUSK,REAR END,TRAFFIC ROUTE,,STRAIGHT AND LEVEL,WET,NO DEFECTS,ON SCENE,NO INJURY / DRIVE AWAY,,,,"OVER $1,500",07/16/2025 04:44:00 PM,EQUIPMENT - VEHICLE CONDITION,UNABLE TO DETERMINE,3601,W,103RD ST,2211,,,,,,,2,NO INDICATION OF INJURY,0,0,0,0,0,2,0,16,4,7,41.7059610812,-87.7112387363,POINT (-87.711238736311 41.705961081237)
0ae925ace164f49afbc45ac2106f3f9f333ba5c31c7dcea24971a4fbff5669bdaf2da042c0a497a9d39e4170695e9dbc78bf4c02b40dea5a33a2c643ebaa14c8,,07/16/2025 04:39:00 PM,30,TRAFFIC SIGNAL,FUNCTIONING PROPERLY,RAIN,DAYLIGHT,TURNING,FOUR WAY,,STRAIGHT AND LEVEL,WET,NO DEFECTS,ON SCENE,NO INJURY / DRIVE AWAY,,,,"OVER $1,500",07/16/2025 05:08:00 PM,DRIVING SKILLS/KNOWLEDGE/EXPERIENCE,FAILING TO REDUCE SPEED TO AVOID CRASH,600,W,ROOSEVELT RD,124,,,,,,,2,NO INDICATION OF INJURY,0,0,0,0,0,3,0,16,4,7,41.8673283915,-87.6422642382,POINT (-87.642264238244 41.867328391469)
f48bb377f0cdd11c334066d6ca0ca8501362645391373a9fcb25fc948022965b10697f553764d5b0fdc5945d4f08750d731c5fd69170da845a7b4f66c14fd4b0,,07/16/2025 04:37:00 PM,10,NO CONTROLS,NO CONTROLS,CLEAR,DAYLIGHT,PARKED MOTOR VEHICLE,PARKING LOT,,STRAIGHT AND LEVEL,DRY,NO DEFECTS,NOT ON SCENE (DESK REPORT),NO INJURY / DRIVE AWAY,,,,"$501 - $1,500",07/16/2025 07:10:00 PM,DRIVING SKILLS/KNOWLEDGE/EXPERIENCE,NOT APPLICABLE,180,N,FRANKLIN ST,122,,,,,,,2,NO INDICATION OF INJURY,0,0,0,0,0,1,0,16,4,7,41.8853303744,-87.6355478622,POINT (-87.635547862219 41.885330374442)
0edcd57e6a784e6a26016d01aff9e82804a1860c970ef9f40c4ece10f7442d239dd12ad610de9ad69de9ba81c8c52305d5f6f38cabc39c7d1ec36e6b2713534a,N,07/16/2025 04:35:00 PM,30,NO CONTROLS,NO CONTROLS,CLOUDY/OVERCAST,DAYLIGHT,PARKED MOTOR VEHICLE,ONE-WAY,,STRAIGHT AND LEVEL,UNKNOWN,UNKNOWN,ON SCENE,NO INJURY / DRIVE AWAY,,,Y,"$501 - $1,500",07/16/2025 04:54:00 PM,UNABLE TO DETERMINE,UNABLE TO DETERMINE,210,N,KILPATRICK AVE,1113,,,,,,,2,NO INDICATION OF INJURY,0,0,0,0,0,1,0,16,4,7,41.8835736013,-87.7430831866,POINT (-87.743083186596 41.883573601283)
216933c334a1502bb49c5a895c91ec4bc981bc8c30ef240667f31d2ba09d54a82f85563e7cb4071dfd8d438acd5099d7f70e94dfa93793fc8491c161ed7f77cf,,07/16/2025 04:35:00 PM,15,NO CONTROLS,NO CONTROLS,RAIN,DAYLIGHT,PEDESTRIAN,PARKING LOT,,STRAIGHT AND LEVEL,WET,WORN SURFACE,ON SCENE,INJURY AND / OR TOW DUE TO CRASH,,,,"$501 - $1,500",07/16/2025 04:37:00 PM,FAILING TO REDUCE SPEED TO AVOID CRASH,UNABLE TO DETERMINE,6613,S,HALSTED ST,723,,,,,,,2,"REPORTED, NOT EVIDENT",1,0,0,0,1,1,0,16,4,7,41.7738766845,-87.6444873364,POINT (-87.644487336418 41.773876684497)
62e17aa6af8edcfbbaa8e14087eea15cc2a8011f29793dc5cfa7ef80b700418e98753df7a770ecbc3bb22d252e73626bbfca9efb4ea2935ef914819d1cfcbb1a,,07/16/2025 04:35:00 PM,30,NO CONTROLS,FUNCTIONING PROPERLY,RAIN,DAYLIGHT,SIDESWIPE OPPOSITE DIRECTION,NOT DIVIDED,,STRAIGHT AND LEVEL,WET,NO DEFECTS,NOT ON SCENE (DESK REPORT),NO INJURY / DRIVE AWAY,,,Y,"OVER $1,500",07/16/2025 05:00:00 PM,IMPROPER OVERTAKING/PASSING,NOT APPLICABLE,4309,S,STATE ST,215,,,,,,,2,NO INDICATION OF INJURY,0,0,0,0,0,2,0,16,4,7,41.8161769957,-87.6261143461,POINT (-87.626114346119 41.816176995725)
0515ceee81c48842621b91d077c7fb3126a36cbf170d3cd552780d7c71973d2e258802492995334598c0fb3cea125f7eb3b58ec82827e59078f37594fb46df4c,,07/16/2025 04:30:00 PM,30,STOP SIGN/FLASHER,NO CONTROLS,RAIN,DAYLIGHT,TURNING,NOT DIVIDED,,STRAIGHT AND LEVEL,WET,NO DEFECTS,NOT ON SCENE (DESK REPORT),INJURY AND / OR TOW DUE TO CRASH,,,,"$501 - $1,500",07/16/2025 07:23:00 PM,IMPROPER TURNING/NO SIGNAL,NOT APPLICABLE,1878,W,OGDEN AVE,1225,,,,,,,2,NONINCAPACITATING INJURY,1,0,0,1,0,2,0,16,4,7,41.8751547798,-87.6737558815,POINT (-87.673755881513 41.875154779829)
08fbc0b07a8f1b516961055dda412ea833efd11a9714b022f6ae29a20f07bb6bb089ebc26cec5d82c90b16374ab3e6c1fed11723fb22c71eff2a8575a72e34dc,,07/16/2025 04:30:00 PM,30,NO CONTROLS,NO CONTROLS,CLOUDY/OVERCAST,DAYLIGHT,REAR END,DIVIDED - W/MEDIAN BARRIER,,STRAIGHT AND LEVEL,WET,NO DEFECTS,NOT ON SCENE (DESK REPORT),NO INJURY / DRIVE AWAY,,,Y,"OVER $1,500",07/16/2025 05:27:00 PM,FAILING TO REDUCE SPEED TO AVOID CRASH,NOT APPLICABLE,7155,S,PULASKI RD,833,,,,,,,2,NO INDICATION OF INJURY,0,0,0,0,0,3,0,16,4,7,41.7624973587,-87.7221667177,POINT (-87.722166717697 41.762497358665)
1554b2d822808fca5f7a9711e08d85fd80a116131cc34cfd882b3d3b7a8e5221587cfa5bf12d3b7641616a2fb165768b97330cf2a10756860ecc7eddab99c967,,07/16/2025 04:30:00 PM,30,NO CONTROLS,NO CONTROLS,CLEAR,DAYLIGHT,REAR END,NOT DIVIDED,,STRAIGHT AND LEVEL,DRY,NO DEFECTS,NOT ON SCENE (DESK REPORT),NO INJURY / DRIVE AWAY,,,,"$501 - $1,500",07/16/2025 06:00:00 PM,FOLLOWING TOO CLOSELY,FOLLOWING TOO CLOSELY,3543,N,HARLEM AVE,1632,,,,,,,2,NO INDICATION OF INJURY,0,0,0,0,0,2,0,16,4,7,41.9447258101,-87.8068374854,POINT (-87.80683748543 41.944725810054)
266405a2e575197a4cbdf762a7a579c096f4d5453c381dad62b103a88c006d524d728f7d45552dd37f9bc4251e5d1e46ea9496b62268d4af68a8f4ae94bbbdc3,,07/16/2025 04:30:00 PM,25,TRAFFIC SIGNAL,FUNCTIONING PROPERLY,RAIN,DAYLIGHT,TURNING,T-INTERSECTION,,STRAIGHT AND LEVEL,WET,NO DEFECTS,NOT ON SCENE (DESK REPORT),NO INJURY / DRIVE AWAY,,,Y,"OVER $1,500",07/16/2025 04:30:00 PM,UNABLE TO DETERMINE,UNABLE TO DETERMINE,4570,N,PULASKI RD,1722,,,,,,,2,NO INDICATION OF INJURY,0,0,0,0,0,2,0,16,4,7,41.9644756419,-87.7280724467,POINT (-87.728072446707 41.964475641874)
40e5dcdb4969d51d0728db59cd082d2d90babd67561bf083e9d46024c0e80f7e4b434a45c0ef8151cdac33f12ab27dca319463d87b3f727e00389d0cc2b034fd,,07/16/2025 04:30:00 PM,30,UNKNOWN,UNKNOWN,RAIN,DARKNESS,REAR END,UNKNOWN,,STRAIGHT AND LEVEL,WET,UNKNOWN,NOT ON SCENE (DESK REPORT),NO INJURY / DRIVE AWAY,,,,"OVER $1,500",07/16/2025 04:54:00 PM,NOT APPLICABLE,NOT APPLICABLE,548,W,DIVISION ST,1821,,,,,,,2,NO INDICATION OF INJURY,0,0,0,0,0,5,0,16,4,7,41.9038283588,-87.6430899155,POINT (-87.643089915492 41.903828358845)
cf6364b48e00d42d8cdf3335626c497887f749e3b24a009820764203b9dab4d456dfa56e056885c696aa16e80c178c6a0abd65ef190a62f2bf7f08fedab5d9a7,,07/16/2025 04:30:00 PM,30,STOP SIGN/FLASHER,FUNCTIONING PROPERLY,RAIN,DAYLIGHT,REAR END,ONE-WAY,,STRAIGHT AND LEVEL,WET,NO DEFECTS,NOT ON SCENE (DESK REPORT),NO INJURY / DRIVE AWAY,,,,"OVER $1,500",07/16/2025 05:30:00 PM,UNABLE TO DETERMINE,NOT APPLICABLE,2898,E,77TH ST,421,,,,,,,2,NO INDICATION OF INJURY,0,0,0,0,0,3,0,16,4,7,41.7571193179,-87.5536763437,POINT (-87.553676343724 41.757119317925)
ebb7cc30129e5ac3d7203786d25c0c6fcaa220497333f56325e1fd0e3a3741c29619ecd2bd8d55e5c1964f3bd844bc598be740f1b8d9e1f22217f22c145546e0,,07/16/2025 04:30:00 PM,30,TRAFFIC SIGNAL,FUNCTIONING PROPERLY,RAIN,DAYLIGHT,TURNING,DIVIDED - W/MEDIAN (NOT RAISED),,STRAIGHT AND LEVEL,WET,NO DEFECTS,NOT ON SCENE (DESK REPORT),NO INJURY / DRIVE AWAY,,,,"OVER $1,500",07/16/2025 05:45:00 PM,DISREGARDING OTHER TRAFFIC SIGNS,FAILING TO YIELD RIGHT-OF-WAY,3873,W,BELMONT AVE,2523,,,,,,,2,NO INDICATION OF INJURY,0,0,0,0,0,3,0,16,4,7,41.9390300579,-87.7234554161,POINT (-87.72345541606 41.939030057947)
5efbf5d03431a4f95b98762073cdbf748598d4bb98543dd31e9e219e1524cfc41ed8417517e5a5b00a039d733ac9ee345714550be00f8c2ee9e4ec6efff0501c,,07/16/2025 04:25:00 PM,45,NO CONTROLS,UNKNOWN,CLOUDY/OVERCAST,DAYLIGHT,SIDESWIPE SAME DIRECTION,DIVIDED - W/MEDIAN BARRIER,,STRAIGHT AND LEVEL,WET,UNKNOWN,ON SCENE,NO INJURY / DRIVE AWAY,,,,"OVER $1,500",07/16/2025 04:30:00 PM,IMPROPER LANE USAGE,NOT APPLICABLE,11119,W,IRVING PARK RD,1654,,,,,,,2,NO INDICATION OF INJURY,0,0,0,0,0,2,0,16,4,7,41.9507827716,-87.9013064317,POINT (-87.901306431742 41.950782771649)
7bb0805064159906f1262db91c6bfcc824f537aeab9048d716280bd9552c013e7d854daa9746cc81c656657026ec90360bc622b9371ce90f6d7022803712661f,,07/16/2025 04:24:00 PM,20,NO CONTROLS,NO CONTROLS,RAIN,DAWN,OTHER OBJECT,ALLEY,,STRAIGHT AND LEVEL,WET,UNKNOWN,NOT ON SCENE (DESK REPORT),INJURY AND / OR TOW DUE TO CRASH,,,,$500 OR LESS,07/16/2025 04:59:00 PM,UNABLE TO DETERMINE,NOT APPLICABLE,5317,W,CHICAGO AVE,1524,,,,,,,2,NONINCAPACITATING INJURY,1,0,0,1,0,1,0,16,4,7,41.8947971418,-87.7588239375,POINT (-87.758823937468 41.89479714179)
866d8e729fde233512f9c6c8acb4b89f29f35cf8591a8ce117b9145e4321870a272fcd352917c512e8d12a425e89475053183655f69c2454cd51c5222738e983,,07/16/2025 04:21:00 PM,30,TRAFFIC SIGNAL,FUNCTIONING PROPERLY,RAIN,DAYLIGHT,ANGLE,FOUR WAY,,STRAIGHT AND LEVEL,WET,NO DEFECTS,ON SCENE,INJURY AND / OR TOW DUE TO CRASH,Y,,,"OVER $1,500",07/16/2025 04:21:00 PM,WEATHER,EQUIPMENT - VEHICLE CONDITION,3001,W,VAN BUREN ST,1134,,,,,,,2,NO INDICATION OF INJURY,0,0,0,0,0,2,0,16,4,7,41.8758186523,-87.7010996143,POINT (-87.701099614261 41.875818652283)
1a60c22b35f3d6cb7434d28d55db2f5883f3fac1e3412e74886b7082d2948d7c8d4de555e5f9e8736f705edd4aa225e758283eb4e8f5c705f2f2dc4c9cddfd92,,07/16/2025 04:20:00 PM,25,STOP SIGN/FLASHER,FUNCTIONING PROPERLY,RAIN,DAYLIGHT,OTHER OBJECT,NOT DIVIDED,,STRAIGHT AND LEVEL,WET,UNKNOWN,ON SCENE,INJURY AND / OR TOW DUE TO CRASH,,,,"OVER $1,500",07/16/2025 04:25:00 PM,WEATHER,NOT APPLICABLE,905,W,CASTLEWOOD TER,2024,,,,,,,1,NO INDICATION OF INJURY,0,0,0,0,0,1,0,16,4,7,41.9707246877,-87.6527500747,POINT (-87.652750074676 41.970724687672)
462d81ae439fead838aedff529feb1c55c85df15878ce31b72dcba38a96c24d204e6c94d1a685c760138b4d7faeaeaea392ce413d536ecb79d1882bd40232420,,07/16/2025 04:20:00 PM,30,TRAFFIC SIGNAL,FUNCTIONING PROPERLY,RAIN,DAYLIGHT,REAR END,"FIVE POINT, OR MORE",,STRAIGHT AND LEVEL,WET,UNKNOWN,NOT ON SCENE (DESK REPORT),NO INJURY / DRIVE AWAY,Y,,Y,"OVER $1,500",07/17/2025 03:00:00 PM,FAILING TO REDUCE SPEED TO AVOID CRASH,NOT APPLICABLE,7100,S,COTTAGE GROVE AVE,323,,,,,,,3,NO INDICATION OF INJURY,0,0,0,0,0,3,0,16,4,7,41.7658003513,-87.605729127,POINT (-87.60572912699 41.765800351319)
878b9bd50abc7b2c9130b3f3ae77418b1609fb8ee67cb463377780d5db10d95b0791332caead5818a78ed365ed0e914ed43fde7d0e497dfcb68bb5b13ebe845d,,07/16/2025 04:20:00 PM,30,NO CONTROLS,NO CONTROLS,RAIN,DAYLIGHT,REAR END,NOT DIVIDED,,STRAIGHT AND LEVEL,WET,NO DEFECTS,NOT ON SCENE (DESK REPORT),NO INJURY / DRIVE AWAY,,,,"OVER $1,500",07/16/2025 06:07:00 PM,FAILING TO REDUCE SPEED TO AVOID CRASH,NOT APPLICABLE,4634,S,CALIFORNIA AVE,922,,,,,,,2,NO INDICATION OF INJURY,0,0,0,0,0,2,0,16,4,7,41.8090396801,-87.6943778597,POINT (-87.694377859739 41.809039680079)
c026cdf5e526ec266b72cb9711e63274ee5f14587c2c93308de2fa4fa5ff38b4649e795632d1bb84ed801db0d7efce0b7d66588ac53701b1894a2b088a8520f4,,07/16/2025 04:20:00 PM,30,TRAFFIC SIGNAL,FUNCTIONING PROPERLY,CLEAR,DAYLIGHT,SIDESWIPE SAME DIRECTION,FOUR WAY,,STRAIGHT AND LEVEL,DRY,NO DEFECTS,NOT ON SCENE (DESK REPORT),NO INJURY / DRIVE AWAY,Y,,,"OVER $1,500",07/16/2025 09:25:00 PM,IMPROPER OVERTAKING/PASSING,UNABLE TO DETERMINE,151,N,MICHIGAN AVE,114,,,,,,,2,NO INDICATION OF INJURY,0,0,0,0,0,3,0,16,4,7,41.8845401106,-87.6243085225,POINT (-87.62430852246 41.884540110592)
d5c4cb711f5ffb23fa82f7c8f88cc8f1a9870b0fd76efba7d7626daeb3f527fae31cea0f272dbe35a5d6df2c8b92285261152adfae5ab59e32eb471b49770851,,07/16/2025 04:20:00 PM,30,NO CONTROLS,NO CONTROLS,RAIN,DAYLIGHT,TURNING,NOT DIVIDED,,STRAIGHT AND LEVEL,WET,NO DEFECTS,NOT ON SCENE (DESK REPORT),NO INJURY / DRIVE AWAY,,,Y,"OVER $1,500",07/21/2025 12:32:00 PM,UNABLE TO DETERMINE,NOT APPLICABLE,4300,W,MADISON ST,1115,,,,,,,2,NO INDICATION OF INJURY,0,0,0,0,0,4,0,16,4,7,41.8807478831,-87.7331497389,POINT (-87.733149738886 41.880747883076)
898325d6b5e5529f574bbddb987e5c4d4a85ffb9425e5909ff05e61cbd6a0a549cc0beae7b3869d767813dee6ea36e6c79a91228b02735ad282ace3b6cddfcda,,07/16/2025 04:11:00 PM,30,NO CONTROLS,NO CONTROLS,CLEAR,DAYLIGHT,REAR END,NOT DIVIDED,,STRAIGHT AND LEVEL,WET,UNKNOWN,NOT ON SCENE (DESK REPORT),NO INJURY / DRIVE AWAY,,,,"OVER $1,500",07/16/2025 04:50:00 PM,FOLLOWING TOO CLOSELY,FOLLOWING TOO CLOSELY,1232,W,NORTH AVE,1433,,,,,,,2,NO INDICATION OF INJURY,0,0,0,0,0,2,0,16,4,7,41.910875544,-87.6582782399,POINT (-87.658278239858 41.910875543991)
095c5904fb5f695f1240cb43252d244d59212bfc320604d13d0ef09289e06c9c9efec5d72c4b30d5e5fc2fbf802188f26aa293dd2df72164498af32be50a73c8,,07/16/2025 04:10:00 PM,30,NO CONTROLS,NO CONTROLS,RAIN,DAYLIGHT,REAR END,DIVIDED - W/MEDIAN (NOT RAISED),,STRAIGHT AND LEVEL,WET,NO DEFECTS,NOT ON SCENE (DESK REPORT),NO INJURY / DRIVE AWAY,,,,"$501 - $1,500",07/17/2025 09:50:00 AM,WEATHER,FAILING TO YIELD RIGHT-OF-WAY,729,W,87TH ST,2223,,,,,,,2,NO INDICATION OF INJURY,0,0,0,0,0,3,0,16,4,7,41.7359075758,-87.6423360155,POINT (-87.642336015482 41.735907575795)
4259f45a57dc0e8a829c2ca3fbe2bcea799e6d7d8e3d88ba943d78a9012939dff7ec6b8ffed0b3fc5cd3b6094286be3e2f981cb5f90a92d0aa8f7f5df4ffd4f8,,07/16/2025 04:10:00 PM,30,NO CONTROLS,NO CONTROLS,RAIN,"DARKNESS, LIGHTED ROAD",REAR END,NOT DIVIDED,,STRAIGHT AND LEVEL,WET,NO DEFECTS,NOT ON SCENE (DESK REPORT),INJURY AND / OR TOW DUE TO CRASH,,,Y,"$501 - $1,500",07/16/2025 05:10:00 PM,FOLLOWING TOO CLOSELY,NOT APPLICABLE,220,N,COLUMBUS DR,114,,,,,,,2,"REPORTED, NOT EVIDENT",1,0,0,0,1,1,0,16,4,7,41.886309104,-87.6208355197,POINT (-87.62083551967 41.886309104026)
a690f39e07c1d569a0a75f97cc4b398bca4b54c11304187daf2305249e29874e717d35f6e2ad02a8d79ecb293ef59cf8b16770a3950f975d19e48e3b0d6290b9,,07/16/2025 04:08:00 PM,10,NO CONTROLS,NO CONTROLS,UNKNOWN,UNKNOWN,REAR END,PARKING LOT,,STRAIGHT AND LEVEL,UNKNOWN,UNKNOWN,NOT ON SCENE (DESK REPORT),NO INJURY / DRIVE AWAY,,,,"OVER $1,500",07/16/2025 05:48:00 PM,FOLLOWING TOO CLOSELY,FOLLOWING TOO CLOSELY,3500,W,LAWRENCE AVE,1712,,,,,,,2,NO INDICATION OF INJURY,0,0,0,0,0,3,0,16,4,7,41.9684853733,-87.7158713295,POINT (-87.715871329515 41.968485373318)
369f0543fd53c9a4ed2f75221607b1ec661b14846861af20f53900fabeec7e34b922984decd73eed9de8b9b2f1b5b98bcd08681f9564736a1f516724ac2f1540,,07/16/2025 04:06:00 PM,30,TRAFFIC SIGNAL,FUNCTIONING PROPERLY,CLEAR,DAYLIGHT,TURNING,NOT DIVIDED,,STRAIGHT AND LEVEL,DRY,NO DEFECTS,NOT ON SCENE (DESK REPORT),NO INJURY / DRIVE AWAY,Y,,,"OVER $1,500",07/16/2025 05:30:00 PM,IMPROPER TURNING/NO SIGNAL,FAILING TO YIELD RIGHT-OF-WAY,5601,W,CHICAGO AVE,1511,,,,,,,2,NO INDICATION OF INJURY,0,0,0,0,0,5,0,16,4,7,41.8947428283,-87.7654533968,POINT (-87.76545339684 41.894742828323)
62da68d326816f84c5071c00fec904b0556c9583b9bdce0bf6886412d8ccb6cf4a338dd1828eeb54603aa215b5929820c336ba5eb17ba31ec4ae8423c5eab07a,,07/16/2025 04:06:00 PM,30,NO CONTROLS,NO CONTROLS,CLEAR,DAYLIGHT,TURNING,NOT DIVIDED,,STRAIGHT AND LEVEL,DRY,NO DEFECTS,NOT ON SCENE (DESK REPORT),NO INJURY / DRIVE AWAY,,,Y,"OVER $1,500",07/16/2025 05:00:00 PM,FOLLOWING TOO CLOSELY,FAILING TO YIELD RIGHT-OF-WAY,4107,S,ASHLAND AVE,924,,,,,,,2,NO INDICATION OF INJURY,0,0,0,0,0,2,0,16,4,7,41.8193032759,-87.6650788404,POINT (-87.665078840379 41.819303275865)
6e780f7ef9a20980d5aa548e78791b12606add3c7fccda3021bbf86c653ef37ab82279350554c0ccb2afc505ebf228d7d16db5c81cadd81aba90aa5b4a778fd9,,07/16/2025 04:05:00 PM,25,TRAFFIC SIGNAL,FUNCTIONING PROPERLY,CLEAR,DAYLIGHT,ANGLE,NOT DIVIDED,,STRAIGHT AND LEVEL,DRY,NO DEFECTS,,INJURY AND / OR TOW DUE TO CRASH,Y,,,"OVER $1,500",07/16/2025 05:45:00 PM,UNABLE TO DETERMINE,UNABLE TO DETERMINE,2402,W,AUGUSTA BLVD,1212,,,,,,,2,NO INDICATION OF INJURY,0,0,0,0,0,3,0,16,4,7,41.8994858989,-87.6871390056,POINT (-87.687139005574 41.899485898918)
0c8f80704ce1c97b613ec4689708da3c15f113fdef4dc19d71ad031fc17409be5931b2c14d713eead6a2981dd84d3c104c1d5472b9534e2909ddf678b2d05c87,,07/16/2025 04:03:00 PM,30,UNKNOWN,UNKNOWN,UNKNOWN,DAYLIGHT,SIDESWIPE OPPOSITE DIRECTION,NOT DIVIDED,,STRAIGHT AND LEVEL,UNKNOWN,UNKNOWN,NOT ON SCENE (DESK REPORT),INJURY AND / OR TOW DUE TO CRASH,,,Y,"$501 - $1,500",07/16/2025 05:30:00 PM,UNABLE TO DETERMINE,NOT APPLICABLE,1235,W,NORWOOD ST,2433,,,,,,,2,NONINCAPACITATING INJURY,1,0,0,1,0,1,0,16,4,7,41.9916954592,-87.6616804422,POINT (-87.661680442188 41.991695459217)
499e7eaf136007afef7825bbd9b47d0a1cb40de60d402398a677ba78cb9e4e61c52b55d863287e22a296ded11379592eb3e94cd4dea4947f65bae13ed02fbfb0,,07/16/2025 04:00:00 PM,30,NO CONTROLS,NO CONTROLS,CLEAR,DAYLIGHT,PARKED MOTOR VEHICLE,NOT DIVIDED,,STRAIGHT AND LEVEL,WET,NO DEFECTS,NOT ON SCENE (DESK REPORT),NO INJURY / DRIVE AWAY,,,Y,"$501 - $1,500",07/16/2025 04:01:00 PM,UNABLE TO DETERMINE,UNABLE TO DETERMINE,4956,N,DRAKE AVE,1712,,,,,,,2,NO INDICATION OF INJURY,0,0,0,0,0,1,0,16,4,7,41.9718576819,-87.7172769194,POINT (-87.717276919374 41.971857681894)