CRASH_RECORD_ID,CRASH_DATE_EST_I,CRASH_DATE,POSTED_SPEED_LIMIT,TRAFFIC_CONTROL_DEVICE,DEVICE_CONDITION,WEATHER_CONDITION,LIGHTING_CONDITION,FIRST_CRASH_TYPE,TRAFFICWAY_TYPE,LANE_CNT,ALIGNMENT,ROADWAY_SURFACE_COND,ROAD_DEFECT,REPORT_TYPE,CRASH_TYPE,INTERSECTION_RELATED_I,NOT_RIGHT_OF_WAY_I,HIT_AND_RUN_I,DAMAGE,DATE_POLICE_NOTIFIED,PRIM_CONTRIBUTORY_CAUSE,SEC_CONTRIBUTORY_CAUSE,STREET_NO,STREET_DIRECTION,STREET_NAME,BEAT_OF_OCCURRENCE,PHOTOS_TAKEN_I,STATEMENTS_TAKEN_I,DOORING_I,WORK_ZONE_I,WORK_ZONE_TYPE,WORKERS_PRESENT_I,NUM_UNITS,MOST_SEVERE_INJURY,INJURIES_TOTAL,INJURIES_FATAL,INJURIES_INCAPACITATING,INJURIES_NON_INCAPACITATING,INJURIES_REPORTED_NOT_EVIDENT,INJURIES_NO_INDICATION,INJURIES_UNKNOWN,CRASH_HOUR,CRASH_DAY_OF_WEEK,CRASH_MONTH,LATITUDE,LONGITUDE,LOCATION
4e256413755c996db33a228f47834f30c9e305c0662b21c1bba3a4fc1300127d0d2c622da7f63b324e5f3f13c2622250fdb1ab89cb1da913cbf89acd6be74b1f,,07/16/2025 04:00:00 PM,30,NO CONTROLS,NO CONTROLS,CLEAR,DAYLIGHT,PEDALCYCLIST,NOT DIVIDED,,STRAIGHT AND LEVEL,DRY,NO DEFECTS,NOT ON SCENE (DESK REPORT),NO INJURY / DRIVE AWAY,,,,$500 OR LESS,07/16/2025 05:54:00 PM,IMPROPER OVERTAKING/PASSING,NOT APPLICABLE,3300,S,WESTERN BLVD,911,,,,,,,2,NO INDICATION OF INJURY,0,0,0,0,0,2,0,16,4,7,41.8339034582,-87.685047143,POINT (-87.685047142981 41.833903458208)
bbc32d674272b0892792c0fb58b44de146ee20d94c666c1f4d292700986249c181ea44288324d7bbac0a96f4de6dbf5cde99cfd0ba2fe60ffce6b58f09f2c2a1,,07/16/2025 04:00:00 PM,25,NO CONTROLS,NO CONTROLS,CLEAR,DAYLIGHT,SIDESWIPE SAME DIRECTION,TRAFFIC ROUTE,,STRAIGHT AND LEVEL,DRY,NO DEFECTS,NOT ON SCENE (DESK REPORT),NO INJURY / DRIVE AWAY,,,Y,"OVER $1,500",07/17/2025 05:20:00 PM,IMPROPER OVERTAKING/PASSING,IMPROPER OVERTAKING/PASSING,9210,S,CREGIER AVE,413,,,,,,,2,NO INDICATION OF INJURY,0,0,0,0,0,2,0,16,4,7,41.7275138647,-87.5805000656,POINT (-87.580500065638 41.727513864665)
228993ade8868d9f7c3ae0bc1388f0b888e90f9c8aab1b1e295d3be2f96587840b285cf0fa1743c568838da257d0c70e479de9e5990003e94387225b67b6582a,,07/16/2025 03:55:00 PM,30,TRAFFIC SIGNAL,FUNCTIONING PROPERLY,RAIN,DAYLIGHT,PEDALCYCLIST,FOUR WAY,,STRAIGHT AND LEVEL,WET,NO DEFECTS,ON SCENE,INJURY AND / OR TOW DUE TO CRASH,Y,,,$500 OR LESS,07/16/2025 03:55:00 PM,FAILING TO YIELD RIGHT-OF-WAY,WEATHER,1598,W,WILSON AVE,1912,,,,,,,2,NONINCAPACITATING INJURY,1,0,0,1,0,1,0,15,4,7,41.9653449109,-87.6692738048,POINT (-87.66927380476 41.965344910941)
3f193e7f4d9225d0db36914abce866800b19db184fe39e2218bf0132b249a1d22d004d1e05ebc387862f1d521dc7024ad1e7f42fc4b98bb9b8e1af4213c158ae,,07/16/2025 03:50:00 PM,30,UNKNOWN,UNKNOWN,RAIN,DAWN,REAR END,UNKNOWN,,STRAIGHT AND LEVEL,WET,UNKNOWN,NOT ON SCENE (DESK REPORT),NO INJURY / DRIVE AWAY,,,,"OVER $1,500",07/16/2025 03:50:00 PM,NOT APPLICABLE,NOT APPLICABLE,1800,N,LINCOLN AVE,1814,,,,,,,2,NO INDICATION OF INJURY,0,0,0,0,0,2,0,15,4,7,41.9154967875,-87.6343144071,POINT (-87.634314407115 41.915496787522)
7e5709d2eba1f93739f1d25d822404fe87227ba3a158fb890d1e522c916d0bcd762b66eb2faa958123c69f01e7c9f99ab9a9c0e9ef356ac419bdb3ea91d6d973,,07/16/2025 03:45:00 PM,30,UNKNOWN,NO CONTROLS,UNKNOWN,DAYLIGHT,REAR END,NOT DIVIDED,,STRAIGHT AND LEVEL,UNKNOWN,UNKNOWN,NOT ON SCENE (DESK REPORT),NO INJURY / DRIVE AWAY,,,,"OVER $1,500",07/16/2025 04:20:00 PM,UNABLE TO DETERMINE,NOT APPLICABLE,3343,W,ADDISON ST,1733,,,,,,,2,NO INDICATION OF INJURY,0,0,0,0,0,2,0,15,4,7,41.946467796,-87.7120240971,POINT (-87.712024097067 41.946467795996)
bed94618bfebc2b4dadaedaa1193da2f2fd7614b1093acc3ac8b185c58991c4fc58d134ee67eeda61123a68040a6de4e4c324e0cccca47b7b4d76458d4e34f70,,07/16/2025 03:45:00 PM,30,TRAFFIC SIGNAL,FUNCTIONING PROPERLY,RAIN,DAYLIGHT,SIDESWIPE OPPOSITE DIRECTION,NOT DIVIDED,,STRAIGHT AND LEVEL,WET,NO DEFECTS,ON SCENE,INJURY AND / OR TOW DUE TO CRASH,Y,,,"OVER $1,500",07/16/2025 03:50:00 PM,WEATHER,FAILING TO REDUCE SPEED TO AVOID CRASH,6000,N,RAVENSWOOD AVE,2413,,,,,,,2,NO INDICATION OF INJURY,0,0,0,0,0,3,0,15,4,7,41.9908117695,-87.6754095597,POINT (-87.675409559679 41.990811769473)
eeb3877d96d38ff97b1efc1d14c92032667f90ea451063dc73ddc44481e1a7b73955cf05a283aee7877c07f892da59367a2f770d57c90f513b99940737fc864c,,07/16/2025 03:45:00 PM,25,TRAFFIC SIGNAL,UNKNOWN,UNKNOWN,UNKNOWN,REAR END,NOT DIVIDED,,STRAIGHT AND LEVEL,UNKNOWN,UNKNOWN,NOT ON SCENE (DESK REPORT),NO INJURY / DRIVE AWAY,,,Y,"OVER $1,500",07/16/2025 07:00:00 PM,UNABLE TO DETERMINE,NOT APPLICABLE,2258,W,LAKE ST,1223,,,,,,,2,NO INDICATION OF INJURY,0,0,0,0,0,2,0,15,4,7,41.8848237068,-87.6840064852,POINT (-87.68400648523 41.884823706796)
6cc4f069eb0a7dee44c03ed5d1415bf82302b5cf84e7af48b7bd1e29fb7ca7b8e51748039c173a53b6242e5e694d374e8b6fad0e31fb0e47bb4c52cd4a1a52e6,,07/16/2025 03:44:00 PM,30,NO CONTROLS,NO CONTROLS,RAIN,DUSK,SIDESWIPE SAME DIRECTION,NOT DIVIDED,,STRAIGHT AND LEVEL,WET,NO DEFECTS,NOT ON SCENE (DESK REPORT),NO INJURY / DRIVE AWAY,,,Y,"OVER $1,500",07/16/2025 04:39:00 PM,IMPROPER OVERTAKING/PASSING,IMPROPER OVERTAKING/PASSING,3900,S,EMERALD AVE,925,,,,,,,2,NO INDICATION OF INJURY,0,0,0,0,0,2,0,15,4,7,41.8233683443,-87.6448639043,POINT (-87.644863904275 41.823368344334)
c79723bb5cced8f283a345a853c0d068ab8931da22eb34814800db05726e7dbe145d7e4694347bee565c106c5757c968c3af4469ffeebf17b588c44ebddb6a46,,07/16/2025 03:40:00 PM,30,TRAFFIC SIGNAL,UNKNOWN,CLEAR,DAYLIGHT,TURNING,DIVIDED - W/MEDIAN BARRIER,,STRAIGHT AND LEVEL,DRY,UNKNOWN,NOT ON SCENE (DESK REPORT),NO INJURY / DRIVE AWAY,,,,"OVER $1,500",07/16/2025 04:05:00 PM,IMPROPER TURNING/NO SIGNAL,NOT APPLICABLE,31,S,MICHIGAN AVE,114,,,,,,,2,NO INDICATION OF INJURY,0,0,0,0,0,2,0,15,4,7,41.8813260865,-87.6241970976,POINT (-87.624197097593 41.88132608651)
ca7d4000e6db646d415ca2d225c90a1c044dc979075c803651026f85155c13da16d38c73b0af29d1bdf3154165c1ed05c8b760ffe6a56929a1af40b24d4618cf,,07/16/2025 03:39:00 PM,30,STOP SIGN/FLASHER,FUNCTIONING PROPERLY,CLEAR,DAYLIGHT,FIXED OBJECT,FOUR WAY,,STRAIGHT AND LEVEL,DRY,NO DEFECTS,ON SCENE,INJURY AND / OR TOW DUE TO CRASH,Y,,Y,"OVER $1,500",07/16/2025 03:42:00 PM,UNABLE TO DETERMINE,UNABLE TO DETERMINE,5500,W,LAKE ST,1523,,,,,,,1,NO INDICATION OF INJURY,0,0,0,0,0,1,0,15,4,7,41.8878297346,-87.7633533997,POINT (-87.763353399747 41.887829734582)
0c2daca34ed336868ed25189c7c9c1aa178f3b08961941f890ab641bbe496ff2a32195b183c1c173b90666ab56c266451e145d91487a3f670477a8b41a91fff6,,07/16/2025 03:30:00 PM,30,TRAFFIC SIGNAL,FUNCTIONING PROPERLY,CLEAR,DAYLIGHT,TURNING,FOUR WAY,,STRAIGHT AND LEVEL,DRY,NO DEFECTS,NOT ON SCENE (DESK REPORT),INJURY AND / OR TOW DUE TO CRASH,,,,"$501 - $1,500",07/16/2025 07:34:00 PM,TURNING RIGHT ON RED,TURNING RIGHT ON RED,3800,N,HAMLIN AVE,1732,,,,,,,2,NO INDICATION OF INJURY,0,0,0,0,0,2,0,15,4,7,41.9501698984,-87.7227509608,POINT (-87.72275096078 41.95016989839)
43a40a1c6f5e0861098a0ef3e5d6a7adec5e3c4aee91cc48b8ea3a01eda690547796b0cae391984f28080aa08987215006df7ec19aac5674c851ca944be60044,,07/16/2025 03:30:00 PM,30,TRAFFIC SIGNAL,FUNCTIONING PROPERLY,CLEAR,DAYLIGHT,SIDESWIPE SAME DIRECTION,NOT DIVIDED,,STRAIGHT AND LEVEL,UNKNOWN,UNKNOWN,NOT ON SCENE (DESK REPORT),NO INJURY / DRIVE AWAY,,,,"OVER $1,500",07/16/2025 03:54:00 PM,UNABLE TO DETERMINE,NOT APPLICABLE,5943,N,CALIFORNIA AVE,2011,,,,,,,2,NO INDICATION OF INJURY,0,0,0,0,0,2,0,15,4,7,41.9898890236,-87.699237132,POINT (-87.699237131956 41.989889023552)
cba4d37fe1f3b5f4b7912874c52798cd08c740961066057b29c882f60f175c034773b46d04b16ffa79f918ff00faa449ff39c0fc51a2e0bf450c5ac38896cf4a,,07/16/2025 03:30:00 PM,30,TRAFFIC SIGNAL,FUNCTIONING PROPERLY,RAIN,DAYLIGHT,REAR END,NOT DIVIDED,,STRAIGHT AND LEVEL,WET,NO DEFECTS,NOT ON SCENE (DESK REPORT),INJURY AND / OR TOW DUE TO CRASH,,,Y,"OVER $1,500",07/16/2025 04:15:00 PM,FOLLOWING TOO CLOSELY,FOLLOWING TOO CLOSELY,798,S,STATE ST,123,,,,,,,3,NONINCAPACITATING INJURY,1,0,0,1,0,3,0,15,4,7,41.8718290816,-87.6276732922,POINT (-87.627673292175 41.871829081642)
ec07d03c7ec5273fd25c248e976710a0a10175bac0bff599f463a3e4377fa1d746203f2235a1d1b4109f4d10e3ab763deb8d84f1b1ab30391ed044d9d434b96f,Y,07/16/2025 03:30:00 PM,30,UNKNOWN,UNKNOWN,UNKNOWN,DAYLIGHT,SIDESWIPE SAME DIRECTION,NOT DIVIDED,,STRAIGHT AND LEVEL,UNKNOWN,UNKNOWN,NOT ON SCENE (DESK REPORT),NO INJURY / DRIVE AWAY,,,,"OVER $1,500",07/16/2025 04:05:00 PM,UNABLE TO DETERMINE,NOT APPLICABLE,6630,S,COTTAGE GROVE AVE,321,,,,,,,2,NO INDICATION OF INJURY,0,0,0,0,0,2,0,15,4,7,41.7740207916,-87.6059364816,POINT (-87.605936481571 41.774020791615)
7f1cf59f4c7900de2bf5adf9cf6f7e7819b40bc315916d3f875e85da4f709026d4caa42b9f799436ebc61a99a3717311977770e930d372273f0d6785afd3c52d,,07/16/2025 03:26:00 PM,30,STOP SIGN/FLASHER,FUNCTIONING PROPERLY,CLOUDY/OVERCAST,DAYLIGHT,TURNING,NOT DIVIDED,,STRAIGHT AND LEVEL,WET,NO DEFECTS,NOT ON SCENE (DESK REPORT),NO INJURY / DRIVE AWAY,,,,"OVER $1,500",07/16/2025 04:21:00 PM,UNABLE TO DETERMINE,NOT APPLICABLE,5981,S,ARCHER AVE,811,,,,,,,2,NO INDICATION OF INJURY,0,0,0,0,0,4,0,15,4,7,41.7950898457,-87.7657149936,POINT (-87.765714993609 41.795089845652)
24ffd466a6a8fb5975c3545b4859ed7bc23ce9e1bb99e7339835cfccf7f0f966e369dc021393325c442701a309dbbf2daec52315a43e00298341f740fbb7ddaf,,07/16/2025 03:24:00 PM,30,STOP SIGN/FLASHER,FUNCTIONING PROPERLY,RAIN,DAYLIGHT,ANGLE,NOT DIVIDED,,STRAIGHT AND LEVEL,WET,NO DEFECTS,ON SCENE,INJURY AND / OR TOW DUE TO CRASH,Y,,,"OVER $1,500",07/16/2025 03:24:00 PM,FAILING TO YIELD RIGHT-OF-WAY,NOT APPLICABLE,3501,W,BRYN MAWR AVE,1712,,,,,,,3,NO INDICATION OF INJURY,0,0,0,0,0,2,0,15,4,7,41.9828622279,-87.7162359907,POINT (-87.716235990743 41.982862227887)
523e9e3d099278bfce32228f6b235bebb03aeb5cc2af45837cdca2f629767893358f116dbc82303b67f716d670253f607b7ab55a6273ecad94504dfe69fa6f00,,07/16/2025 03:20:00 PM,25,NO CONTROLS,NO CONTROLS,CLEAR,DAYLIGHT,OTHER NONCOLLISION,NOT DIVIDED,,STRAIGHT AND LEVEL,DRY,NO DEFECTS,NOT ON SCENE (DESK REPORT),NO INJURY / DRIVE AWAY,,,,"OVER $1,500",07/16/2025 04:18:00 PM,UNABLE TO DETERMINE,UNABLE TO DETERMINE,2222,W,LAKE ST,1223,,,,,,,1,NO INDICATION OF INJURY,0,0,0,0,0,1,0,15,4,7,41.8848816008,-87.6824458419,POINT (-87.682445841894 41.884881600774)
34909dbd05d1f23e6dd965cc8b613ab064bdf9b1fb4ad91893899d6a27393eb4da8d26f1f07cff27f9c1e2fdaa5c090a150e99a3ffa988e839a5e245f712f9bb,Y,07/16/2025 03:16:00 PM,30,NO CONTROLS,NO CONTROLS,UNKNOWN,DAYLIGHT,SIDESWIPE SAME DIRECTION,NOT DIVIDED,,STRAIGHT AND LEVEL,UNKNOWN,NO DEFECTS,NOT ON SCENE (DESK REPORT),NO INJURY / DRIVE AWAY,,,Y,"$501 - $1,500",07/25/2025 03:50:00 PM,UNABLE TO DETERMINE,NOT APPLICABLE,3099,N,WESTERN AVE,1931,,,,,,,2,NO INDICATION OF INJURY,0,0,0,0,0,2,0,15,4,7,41.9375920069,-87.6877376245,POINT (-87.687737624493 41.937592006949)
158ecf05fda053a07e6186e213cb483bd2e15dc657c767e70ee57077bca45397c093d875f21eef44950e9fa63ece5234186918d4d5d0fd72a2d4c1ca76cced65,,07/16/2025 03:15:00 PM,15,NO CONTROLS,NO CONTROLS,CLEAR,DAYLIGHT,PEDESTRIAN,OTHER,,STRAIGHT AND LEVEL,DRY,NO DEFECTS,,INJURY AND / OR TOW DUE TO CRASH,,Y,,"$501 - $1,500",07/16/2025 04:00:00 PM,UNABLE TO DETERMINE,UNABLE TO DETERMINE,1645,W,JACKSON BLVD,1231,,,,,,,2,"REPORTED, NOT EVIDENT",1,0,0,0,1,2,0,15,4,7,41.8774855347,-87.6685210423,POINT (-87.668521042337 41.877485534694)
00a1d159928c7a2ee4a95a55a904c03dd029012a36fa2ddb02c7967c1113d770b4b6a9d7fad719882bfffec89f917666bab303bb6d1297f3b4023a2a302d1ef7,,07/16/2025 03:13:00 PM,40,NO CONTROLS,NO CONTROLS,CLEAR,DAYLIGHT,SIDESWIPE SAME DIRECTION,ONE-WAY,,STRAIGHT AND LEVEL,DRY,NO DEFECTS,NOT ON SCENE (DESK REPORT),NO INJURY / DRIVE AWAY,,,,"OVER $1,500",07/16/2025 04:00:00 PM,FAILING TO YIELD RIGHT-OF-WAY,FOLLOWING TOO CLOSELY,3100,S,LAKE SHORE DR NB,211,,,,,,,2,NO INDICATION OF INJURY,0,0,0,0,0,2,0,15,4,7,41.8383932992,-87.6087495204,POINT (-87.608749520406 41.838393299151)
5f344c8ae6bcf950e55c2761f305176646b42178b5dc3e4958b6f118232c1abf92794b5e88ef28c9712f8782356d4d1607e098366464e5c23c2284d765a9acec,,07/16/2025 03:12:00 PM,20,NO CONTROLS,NO CONTROLS,CLEAR,DAYLIGHT,PEDALCYCLIST,NOT DIVIDED,,STRAIGHT AND LEVEL,DRY,NO DEFECTS,ON SCENE,NO INJURY / DRIVE AWAY,,,,"OVER $1,500",07/16/2025 03:12:00 PM,FAILING TO YIELD RIGHT-OF-WAY,DISREGARDING TRAFFIC SIGNALS,1521,N,MILWAUKEE AVE,1424,,,,,,,2,NO INDICATION OF INJURY,0,0,0,0,0,2,0,15,4,7,41.9092359592,-87.6754555411,POINT (-87.675455541103 41.909235959216)
323116eb6de87923a89cc1e872d9303e1821690032bba344ab486cc74cb88af230bd62705169864a45a9b0267f0c938b43acc6e1134b7e0536e4c87aa2cd777e,,07/16/2025 02:56:00 PM,30,NO CONTROLS,NO CONTROLS,CLEAR,DAYLIGHT,SIDESWIPE SAME DIRECTION,NOT DIVIDED,,STRAIGHT AND LEVEL,DRY,NO DEFECTS,NOT ON SCENE (DESK REPORT),NO INJURY / DRIVE AWAY,,,Y,$500 OR LESS,07/16/2025 02:57:00 PM,FAILING TO REDUCE SPEED TO AVOID CRASH,NOT APPLICABLE,3000,W,LOGAN BLVD,1411,,,,Y,CONSTRUCTION,,2,NO INDICATION OF INJURY,0,0,0,0,0,2,0,14,4,7,41.9285332551,-87.7024831593,POINT (-87.702483159303 41.92853325507)
4ac1390bc21b7dffa657c1675afd25357b87a88c9177eee85a94fa7c9f61f76bce27307794619675768b755eeef289e75476f46ff259ecfd98bc2944d288c4c2,,07/16/2025 02:56:00 PM,15,NO CONTROLS,NO CONTROLS,CLEAR,DAYLIGHT,PARKED MOTOR VEHICLE,PARKING LOT,,STRAIGHT AND LEVEL,DRY,NO DEFECTS,NOT ON SCENE (DESK REPORT),NO INJURY / DRIVE AWAY,,Y,,"$501 - $1,500",07/16/2025 02:57:00 PM,UNABLE TO DETERMINE,NOT APPLICABLE,3241,W,NORTH AVE,1422,,,,,,,2,NO INDICATION OF INJURY,0,0,0,0,0,1,0,14,4,7,41.9099820224,-87.708656982,POINT (-87.708656981997 41.909982022375)
e338241cd6f405bc0da076540bc549031d133ee972fb5f399668fca3165578b6da62b06d5082900d55be42f01d4927398c4a32ece4214c2722ca2a33cc72c0c0,,07/16/2025 02:55:00 PM,30,TRAFFIC SIGNAL,UNKNOWN,CLEAR,DAYLIGHT,REAR END,NOT DIVIDED,,STRAIGHT AND LEVEL,UNKNOWN,UNKNOWN,NOT ON SCENE (DESK REPORT),NO INJURY / DRIVE AWAY,,,,"$501 - $1,500",07/16/2025 03:15:00 PM,UNABLE TO DETERMINE,UNABLE TO DETERMINE,243,N,PARKSIDE AVE,1512,,,,,,,2,NO INDICATION OF INJURY,0,0,0,0,0,2,0,14,4,7,41.8855060007,-87.7665515681,POINT (-87.766551568063 41.885506000712)
727e3d28f0965b04be681f41432ef90ba6a8d3ec6243e6497aa0e43aac89e1b35d1e2f61310bda579c597984bd901602a49ce63dd62b50d85e061ce6a21eaf44,,07/16/2025 02:53:00 PM,25,NO CONTROLS,NO CONTROLS,RAIN,DAYLIGHT,PEDALCYCLIST,NOT DIVIDED,,STRAIGHT AND LEVEL,WET,UNKNOWN,ON SCENE,INJURY AND / OR TOW DUE TO CRASH,,,,"OVER $1,500",07/16/2025 03:53:00 PM,DRIVING SKILLS/KNOWLEDGE/EXPERIENCE,PHYSICAL CONDITION OF DRIVER,2310,W,LOGAN BLVD,1432,,,,,,,2,INCAPACITATING INJURY,1,0,1,0,0,1,0,14,4,7,41.9302954586,-87.6858187416,POINT (-87.685818741592 41.930295458606)
0ab7cdb2b5100e068646eb9ecafb680d948290750f07f1faa65c4e36e1724666394d3f3df003b7c244b8390d7b2e1dd8b9fefde8062df28635c8aa34bfbc15df,,07/16/2025 02:40:00 PM,10,NO CONTROLS,NO CONTROLS,CLEAR,DAYLIGHT,REAR TO SIDE,PARKING LOT,,STRAIGHT AND LEVEL,DRY,NO DEFECTS,NOT ON SCENE (DESK REPORT),NO INJURY / DRIVE AWAY,,,,$500 OR LESS,07/16/2025 02:55:00 PM,UNABLE TO DETERMINE,UNABLE TO DETERMINE,3014,S,HALSTED ST,913,,,,,,,2,NO INDICATION OF INJURY,0,0,0,0,0,2,0,14,4,7,41.8393761617,-87.6464578933,POINT (-87.646457893303 41.839376161687)
67f5e499870c7d753431285460bb6d88fd9cd840228e13142c5fdc5aa92c22a88c78c751428f8c28f60134af7f3127580ed85abaf8ae5ec1b97aa761f9983f63,,07/16/2025 02:40:00 PM,30,NO CONTROLS,NO CONTROLS,CLEAR,DAYLIGHT,REAR END,NOT DIVIDED,,STRAIGHT AND LEVEL,DRY,NO DEFECTS,NOT ON SCENE (DESK REPORT),INJURY AND / OR TOW DUE TO CRASH,,,Y,"$501 - $1,500",07/16/2025 03:30:00 PM,UNABLE TO DETERMINE,NOT APPLICABLE,383,N,HAMLIN AVE,1122,,,,,,,2,"REPORTED, NOT EVIDENT",1,0,0,0,1,1,0,14,4,7,41.8876083617,-87.7208235599,POINT (-87.720823559947 41.887608361672)
7102fcd3b68a9e7a6f14840811a00f1525b316952a2057c356c3692a0966c85d41c76600a3991b0064bf5abd997d8caaf20fbfd8b8b24ce5b8da93cad80119db,,07/16/2025 02:40:00 PM,30,TRAFFIC SIGNAL,FUNCTIONING PROPERLY,CLEAR,DAYLIGHT,TURNING,FOUR WAY,,STRAIGHT AND LEVEL,DRY,NO DEFECTS,ON SCENE,NO INJURY / DRIVE AWAY,Y,,,"OVER $1,500",07/16/2025 02:44:00 PM,UNABLE TO DETERMINE,NOT APPLICABLE,2401,W,HOWARD ST,2411,,,,,,,2,NO INDICATION OF INJURY,0,0,0,0,0,2,0,14,4,7,42.0194167664,-87.6902931984,POINT (-87.690293198412 42.01941676643)
be34e3065a38b2eabf11df72128c94b01608b79851077aee2bc2510f08ab9e8a8430b30274a2842440321d766205ca6c7c4f923052c891665cd259cf81484f6d,,07/16/2025 02:40:00 PM,30,NO CONTROLS,NO CONTROLS,CLEAR,DAYLIGHT,PARKED MOTOR VEHICLE,NOT DIVIDED,,STRAIGHT AND LEVEL,DRY,NO DEFECTS,ON SCENE,INJURY AND / OR TOW DUE TO CRASH,,,,"OVER $1,500",07/16/2025 02:51:00 PM,EQUIPMENT - VEHICLE CONDITION,IMPROPER BACKING,3746,N,CENTRAL AVE,1633,,,,,,,3,NO INDICATION OF INJURY,0,0,0,0,0,1,0,14,4,7,41.9491285227,-87.7670136039,POINT (-87.767013603945 41.949128522655)
eb552296824400bec0c065d075b27fad43ad5524566167d3a4595c2ad6838d0da4f8b3004d835930a252cc8fea170a49ff343270da432718afd6d2908f8926e6,,07/16/2025 02:40:00 PM,30,UNKNOWN,UNKNOWN,CLEAR,DUSK,PEDALCYCLIST,NOT DIVIDED,,STRAIGHT AND LEVEL,DRY,NO DEFECTS,ON SCENE,INJURY AND / OR TOW DUE TO CRASH,,,,$500 OR LESS,07/16/2025 03:35:00 PM,FAILING TO YIELD RIGHT-OF-WAY,DRIVING SKILLS/KNOWLEDGE/EXPERIENCE,2199,W,DIVISION ST,1212,,,,,,,2,"REPORTED, NOT EVIDENT",1,0,0,0,1,1,0,14,4,7,41.9029986307,-87.6820151367,POINT (-87.682015136733 41.902998630727)
14e8fc6c495ba5de815ee0d38820103762710605cfbdbc5a9dafeb2abe8b21b87918d84ad465f1352c149a083b46188f4713cd498dc1bad11e3c70e6d1536e38,Y,07/16/2025 02:30:00 PM,30,NO CONTROLS,NO CONTROLS,CLEAR,DAYLIGHT,PARKED MOTOR VEHICLE,ONE-WAY,,STRAIGHT AND LEVEL,DRY,NO DEFECTS,ON SCENE,NO INJURY / DRIVE AWAY,,,,"OVER $1,500",07/16/2025 06:47:00 PM,UNABLE TO DETERMINE,UNABLE TO DETERMINE,2806,N,RUTHERFORD AVE,2511,,,,,,,2,NO INDICATION OF INJURY,0,0,0,0,0,1,0,14,4,7,41.9311568579,-87.7944005779,POINT (-87.794400577927 41.931156857867)
3981515c1647296eb80f1b751729749d2352790c42e8dccc14a955d44f0d5c0356ed205e1ffaf8ad3e58858edcaf02a561abc1229804264638f7f8f8955651be,,07/16/2025 02:30:00 PM,30,STOP SIGN/FLASHER,FUNCTIONING PROPERLY,CLEAR,DAYLIGHT,ANGLE,FOUR WAY,,STRAIGHT AND LEVEL,DRY,NO DEFECTS,ON SCENE,INJURY AND / OR TOW DUE TO CRASH,Y,,,"OVER $1,500",07/16/2025 02:45:00 PM,DISREGARDING STOP SIGN,EQUIPMENT - VEHICLE CONDITION,805,W,HUBBARD ST,1214,,,,,,,2,NO INDICATION OF INJURY,0,0,0,0,0,4,0,14,4,7,41.8899735586,-87.6478378671,POINT (-87.64783786711 41.889973558559)
a9d6e062307e26482ed7189c2540f1d856bff39572ff4e32cc577d3f076d35b0926d0f8c6a3bb59af9c7683a10030ebf0c765d252a277b5ac37feddab6b3af8b,,07/16/2025 02:30:00 PM,30,NO CONTROLS,NO CONTROLS,CLEAR,DAYLIGHT,TURNING,DIVIDED - W/MEDIAN (NOT RAISED),,STRAIGHT AND LEVEL,UNKNOWN,UNKNOWN,NOT ON SCENE (DESK REPORT),NO INJURY / DRIVE AWAY,,,Y,"OVER $1,500",07/21/2025 10:30:00 AM,UNABLE TO DETERMINE,UNABLE TO DETERMINE,1600,E,67TH ST,331,,,,,,,2,NO INDICATION OF INJURY,0,0,0,0,0,2,0,14,4,7,41.7734546648,-87.5860869812,POINT (-87.586086981214 41.773454664759)
e12173b995f4f148901bf18970b7815e3d4a0601f1993138a1ef022b182da727181deecbdd9d83c40858fbdc534226e631b1e46e5647c4fa2ab6ec530cb8aab4,,07/16/2025 02:30:00 PM,30,NO CONTROLS,NO CONTROLS,CLEAR,DAYLIGHT,PARKED MOTOR VEHICLE,PARKING LOT,,STRAIGHT AND LEVEL,DRY,UNKNOWN,NOT ON SCENE (DESK REPORT),NO INJURY / DRIVE AWAY,,Y,,"OVER $1,500",07/16/2025 04:10:00 PM,UNABLE TO DETERMINE,NOT APPLICABLE,1650,W,HARRISON ST,1231,,,,,,,2,NO INDICATION OF INJURY,0,0,0,0,0,2,0,14,4,7,41.8742749934,-87.6686741085,POINT (-87.668674108475 41.874274993448)
e5b223ac051d0209b352205d6eb3989fff1e1c55dee6c352e8e12c95fb9089ebe203575fa98d7ac830f937a04d34bde7a66037e7bf024d1f2b1d1683bd1cac1d,,07/16/2025 02:30:00 PM,30,NO CONTROLS,NO CONTROLS,CLEAR,DAYLIGHT,SIDESWIPE SAME DIRECTION,ONE-WAY,,STRAIGHT AND LEVEL,DRY,NO DEFECTS,NOT ON SCENE (DESK REPORT),NO INJURY / DRIVE AWAY,,,Y,"$501 - $1,500",07/16/2025 03:00:00 PM,IMPROPER OVERTAKING/PASSING,UNABLE TO DETERMINE,549,S,CLARK ST,123,,,,,,,2,NO INDICATION OF INJURY,0,0,0,0,0,2,0,14,4,7,41.8747469446,-87.6305338823,POINT (-87.630533882274 41.874746944592)