CRASH_RECORD_ID,CRASH_DATE_EST_I,CRASH_DATE,POSTED_SPEED_LIMIT,TRAFFIC_CONTROL_DEVICE,DEVICE_CONDITION,WEATHER_CONDITION,LIGHTING_CONDITION,FIRST_CRASH_TYPE,TRAFFICWAY_TYPE,LANE_CNT,ALIGNMENT,ROADWAY_SURFACE_COND,ROAD_DEFECT,REPORT_TYPE,CRASH_TYPE,INTERSECTION_RELATED_I,NOT_RIGHT_OF_WAY_I,HIT_AND_RUN_I,DAMAGE,DATE_POLICE_NOTIFIED,PRIM_CONTRIBUTORY_CAUSE,SEC_CONTRIBUTORY_CAUSE,STREET_NO,STREET_DIRECTION,STREET_NAME,BEAT_OF_OCCURRENCE,PHOTOS_TAKEN_I,STATEMENTS_TAKEN_I,DOORING_I,WORK_ZONE_I,WORK_ZONE_TYPE,WORKERS_PRESENT_I,NUM_UNITS,MOST_SEVERE_INJURY,INJURIES_TOTAL,INJURIES_FATAL,INJURIES_INCAPACITATING,INJURIES_NON_INCAPACITATING,INJURIES_REPORTED_NOT_EVIDENT,INJURIES_NO_INDICATION,INJURIES_UNKNOWN,CRASH_HOUR,CRASH_DAY_OF_WEEK,CRASH_MONTH,LATITUDE,LONGITUDE,LOCATION
1a5b4f644d2266accd75a6e73d743ede421324266b545bb6e08f485586050f6d6061f478f4434176732fb2d5b8190e78b46dc74a46a0edff11b277a3b9ad73f6,,07/16/2025 02:20:00 PM,35,NO CONTROLS,NO CONTROLS,CLEAR,DAYLIGHT,REAR END,FOUR WAY,,STRAIGHT AND LEVEL,DRY,NO DEFECTS,NOT ON SCENE (DESK REPORT),NO INJURY / DRIVE AWAY,,,Y,"OVER $1,500",07/16/2025 03:30:00 PM,FOLLOWING TOO CLOSELY,NOT APPLICABLE,31,E,ROOSEVELT RD,131,,,,,,,2,NO INDICATION OF INJURY,0,0,0,0,0,2,0,14,4,7,41.8673210997,-87.6259539918,POINT (-87.625953991796 41.867321099741)
5a556ade800d4bd6cfa6070856deb7dd8f39aa113b57b73e9d233bf88c75da3d674629b81455bd9b18502838d0d463bca398b01c73547b6e06e27d8448868ccb,,07/16/2025 02:15:00 PM,30,NO CONTROLS,NO CONTROLS,CLEAR,DAYLIGHT,ANGLE,NOT DIVIDED,,STRAIGHT AND LEVEL,DRY,NO DEFECTS,NOT ON SCENE (DESK REPORT),INJURY AND / OR TOW DUE TO CRASH,,,,"OVER $1,500",07/16/2025 03:59:00 PM,FAILING TO YIELD RIGHT-OF-WAY,NOT APPLICABLE,3644,S,ARCHER AVE,912,,,,,,,2,NONINCAPACITATING INJURY,1,0,0,1,0,1,0,14,4,7,41.8275838968,-87.6824544425,POINT (-87.682454442461 41.827583896764)
81b1bc6dd4920a765e0dbfe60003355cea02d177e4e320f58160a69040c93104b0a289a42e9d3b3277f7031506f84998389f94c1a5da9261563032b478b090dc,,07/16/2025 02:15:00 PM,30,NO CONTROLS,NO CONTROLS,CLEAR,DAYLIGHT,PARKED MOTOR VEHICLE,ONE-WAY,,STRAIGHT AND LEVEL,DRY,UNKNOWN,NOT ON SCENE (DESK REPORT),NO INJURY / DRIVE AWAY,,,,"OVER $1,500",07/16/2025 03:20:00 PM,"VISION OBSCURED (SIGNS, TREE LIMBS, BUILDINGS, ETC.)",IMPROPER BACKING,7736,S,CHAPPEL AVE,414,,,,,,,2,NO INDICATION OF INJURY,0,0,0,0,0,1,0,14,4,7,41.7541497483,-87.5749643615,POINT (-87.57496436151 41.75414974834)
16b077aae9eeda498b9e46473512cd1c6fa3534b212275f9380f793d3a97fd2320a7349180a5f9a79ff3ae63b5829c4bd125c3f4691584615d49222edcfb1448,,07/16/2025 02:10:00 PM,10,NO CONTROLS,NO CONTROLS,CLEAR,DAYLIGHT,REAR TO REAR,PARKING LOT,,STRAIGHT AND LEVEL,UNKNOWN,UNKNOWN,,NO INJURY / DRIVE AWAY,,,Y,"OVER $1,500",07/16/2025 03:01:00 PM,IMPROPER BACKING,IMPROPER BACKING,4137,N,ELSTON AVE,1723,,,,,,,2,NO INDICATION OF INJURY,0,0,0,0,0,2,0,14,4,7,41.9561262015,-87.7224828263,POINT (-87.722482826292 41.956126201479)
8d6209db5a02e0f57f4dfb48f4429674e6b2fe09ae292e685d883d43b39f0af71822ab1fa8d3b57b4dad4a6e66e99cc04ceb8d24cd02897deb2de147c2c24d9f,,07/16/2025 02:10:00 PM,30,UNKNOWN,UNKNOWN,CLEAR,DAYLIGHT,TURNING,FOUR WAY,,STRAIGHT AND LEVEL,DRY,NO DEFECTS,NOT ON SCENE (DESK REPORT),NO INJURY / DRIVE AWAY,Y,,,"OVER $1,500",07/16/2025 02:45:00 PM,IMPROPER OVERTAKING/PASSING,NOT APPLICABLE,2630,W,LAKE ST,1222,,,,,,,2,NO INDICATION OF INJURY,0,0,0,0,0,3,0,14,4,7,41.8844992428,-87.692667558,POINT (-87.692667557996 41.884499242812)
0eb8f3d60a4f30b82cdd0498031d3c818080872b1a29970d43ff9071905e4bfc86dc73404e7b57ecb1f664b415f6453b9f462f732cccb9aad852c82c5e9c8fa4,,07/16/2025 02:05:00 PM,30,NO CONTROLS,NO CONTROLS,CLEAR,DAYLIGHT,TURNING,NOT DIVIDED,,STRAIGHT AND LEVEL,DRY,NO DEFECTS,,NO INJURY / DRIVE AWAY,,,,"OVER $1,500",07/16/2025 04:15:00 PM,UNABLE TO DETERMINE,NOT APPLICABLE,1953,N,CLYBOURN AVE,1811,,,,,,,2,NO INDICATION OF INJURY,0,0,0,0,0,2,0,14,4,7,41.9165502983,-87.6571654807,POINT (-87.657165480654 41.916550298294)
d18bd7de7105dd21a3cc108ef49bd1c15a0b75a3d2babc478f8cbb57dfb2668a04e48144b52d4f9832fd936f1134427c23600351f8793d90656c7a1eb8568a7f,,07/16/2025 02:03:00 PM,25,TRAFFIC SIGNAL,FUNCTIONING PROPERLY,CLEAR,DAYLIGHT,ANGLE,FOUR WAY,,STRAIGHT AND LEVEL,DRY,NO DEFECTS,ON SCENE,INJURY AND / OR TOW DUE TO CRASH,Y,,,"OVER $1,500",07/16/2025 02:05:00 PM,DISREGARDING TRAFFIC SIGNALS,DISREGARDING TRAFFIC SIGNALS,5039,S,EAST END AVE,222,,,,,,,2,"REPORTED, NOT EVIDENT",1,0,0,0,1,1,0,14,4,7,41.8031890904,-87.5852847423,POINT (-87.58528474229 41.803189090416)
2a39a5110b7c68d1785518cde30c48a927e60b6193660b5f770499f0bbb7a527e91688a7df218aef1d25f72e9b6179061cc3444dc850345aa23f050773600895,,07/16/2025 02:00:00 PM,30,NO CONTROLS,NO CONTROLS,CLEAR,DAYLIGHT,PARKED MOTOR VEHICLE,PARKING LOT,,STRAIGHT AND LEVEL,UNKNOWN,UNKNOWN,NOT ON SCENE (DESK REPORT),NO INJURY / DRIVE AWAY,,,Y,"OVER $1,500",07/16/2025 04:00:00 PM,FOLLOWING TOO CLOSELY,FOLLOWING TOO CLOSELY,1756,N,STOCKTON DR,1814,,,,,,,2,NO INDICATION OF INJURY,0,0,0,0,0,1,0,14,4,7,41.9146699315,-87.6325069197,POINT (-87.632506919745 41.914669931477)
584c6fb5761735eb534b35e442ec9c4b0038e394bdc33122216442a5d8f1176b811c8eb82489b8966daa40850667ea2f3a6b2d663855b3229c7452e180ed7d79,,07/16/2025 02:00:00 PM,25,STOP SIGN/FLASHER,FUNCTIONING PROPERLY,CLEAR,DAYLIGHT,PARKED MOTOR VEHICLE,NOT DIVIDED,,STRAIGHT AND LEVEL,DRY,NO DEFECTS,ON SCENE,INJURY AND / OR TOW DUE TO CRASH,,,Y,"OVER $1,500",07/16/2025 02:43:00 PM,UNABLE TO DETERMINE,NOT APPLICABLE,1529,N,FREMONT ST,1822,,,,,,,2,NO INDICATION OF INJURY,0,0,0,0,0,1,0,14,4,7,41.9094070687,-87.6509178988,POINT (-87.650917898753 41.909407068713)
833dab607cc9f4741d386718e2d26eea0950e9ec7aa88195f3cf1ff8922e7aaa230c7392c58372da7f588af87013ce791011d3ab3c4f29fd2bf138602f9a3a84,,07/16/2025 02:00:00 PM,30,UNKNOWN,UNKNOWN,CLEAR,DAYLIGHT,ANGLE,NOT DIVIDED,,STRAIGHT AND LEVEL,UNKNOWN,UNKNOWN,NOT ON SCENE (DESK REPORT),NO INJURY / DRIVE AWAY,,,,"OVER $1,500",07/16/2025 02:40:00 PM,UNABLE TO DETERMINE,NOT APPLICABLE,3600,N,ELSTON AVE,1733,,,,,,,2,NO INDICATION OF INJURY,0,0,0,0,0,2,0,14,4,7,41.9465491648,-87.708952626,POINT (-87.708952626035 41.946549164806)
b37fe98055dde93df7030d1465a7fb23147e769995d703027850db3c3ced9ffea8417b1ba38db8c8ff6499bacb25aca61f9d3784fc94f4c24664cbdb20b841a2,,07/16/2025 02:00:00 PM,30,TRAFFIC SIGNAL,FUNCTIONING PROPERLY,CLEAR,DAYLIGHT,REAR END,FOUR WAY,,STRAIGHT AND LEVEL,DRY,NO DEFECTS,,NO INJURY / DRIVE AWAY,,,,"$501 - $1,500",07/16/2025 04:00:00 PM,FAILING TO REDUCE SPEED TO AVOID CRASH,FOLLOWING TOO CLOSELY,900,E,HYDE PARK BLVD,222,,,,,,,2,NO INDICATION OF INJURY,0,0,0,0,0,5,0,14,4,7,41.8023970491,-87.6037424928,POINT (-87.603742492845 41.802397049112)
c13f2b657def48fce20ab27cbda45d69d5041cc44b8d525cc70c7af25ee4b77d081a581c3c187051b53d8a0a77565e404a4c4b3833729f7b723b45431a702b89,,07/16/2025 02:00:00 PM,30,UNKNOWN,UNKNOWN,UNKNOWN,UNKNOWN,SIDESWIPE OPPOSITE DIRECTION,OTHER,,STRAIGHT AND LEVEL,UNKNOWN,UNKNOWN,NOT ON SCENE (DESK REPORT),NO INJURY / DRIVE AWAY,,,,"$501 - $1,500",07/16/2025 04:35:00 PM,NOT APPLICABLE,NOT APPLICABLE,1230,W,GREENLEAF AVE,2423,,,,,,,2,NO INDICATION OF INJURY,0,0,0,0,0,3,0,14,4,7,42.0105221754,-87.661308923,POINT (-87.661308923025 42.010522175363)
cc0539aea43d90847d157abbc45955415408ac5df933873ca9a32449613d587ff41cf87ecb258677b3fc3525b78a75afd1ea9b0440a1daf9029e9d611249cfcf,,07/16/2025 02:00:00 PM,30,TRAFFIC SIGNAL,FUNCTIONING PROPERLY,RAIN,DAYLIGHT,REAR END,NOT DIVIDED,,STRAIGHT AND LEVEL,WET,UNKNOWN,NOT ON SCENE (DESK REPORT),NO INJURY / DRIVE AWAY,,,,$500 OR LESS,07/16/2025 05:00:00 PM,UNABLE TO DETERMINE,NOT APPLICABLE,988,W,TAYLOR ST,1232,,,,,,,2,NO INDICATION OF INJURY,0,0,0,0,0,2,0,14,4,7,41.869623758,-87.6510436092,POINT (-87.651043609215 41.869623758005)
f026787fbba9c9c9ac7b9e6a5b837948e6dbb16c07a1feec946185eb8df86ae63d06def5c7c3335016b7e01716f13438691735911a788a81d1ecafaf29b315c9,,07/16/2025 02:00:00 PM,20,NO CONTROLS,NO CONTROLS,CLEAR,DAYLIGHT,PARKED MOTOR VEHICLE,NOT DIVIDED,,STRAIGHT AND LEVEL,WET,OTHER,NOT ON SCENE (DESK REPORT),NO INJURY / DRIVE AWAY,,,,"OVER $1,500",07/17/2025 10:40:00 AM,UNABLE TO DETERMINE,UNABLE TO DETERMINE,4931,S,CENTRAL PARK AVE,821,,,,,,,2,NO INDICATION OF INJURY,0,0,0,0,0,1,0,14,4,7,41.8028424277,-87.7139755874,POINT (-87.713975587369 41.802842427689)
c37d3dea35f660f805d2f4df66870edd2f064f9b10555526c283ce8b56da9856e138e1ffb8efce32a3f968a5df39ccc473f65e7d84113dc22e5082dbe2e6d9a8,,07/16/2025 01:50:00 PM,30,STOP SIGN/FLASHER,NO CONTROLS,CLEAR,DAYLIGHT,REAR END,NOT DIVIDED,,STRAIGHT AND LEVEL,DRY,NO DEFECTS,NOT ON SCENE (DESK REPORT),NO INJURY / DRIVE AWAY,,,,"OVER $1,500",07/17/2025 12:30:00 PM,DRIVING SKILLS/KNOWLEDGE/EXPERIENCE,DRIVING SKILLS/KNOWLEDGE/EXPERIENCE,9865,S,VANDERPOEL AVE,2213,,,,,,,2,NO INDICATION OF INJURY,0,0,0,0,0,6,0,13,4,7,41.7140222012,-87.6652217835,POINT (-87.665221783485 41.714022201243)
ea32cba872e803f65bc6f08c5a3f39105b943a3f96c891ee7b17ee02a71706ccf508beb24a2a3a31ae7fcde79cd0aef5809ebbb8f5fb60d3291f95f7552d6eee,,07/16/2025 01:50:00 PM,35,STOP SIGN/FLASHER,FUNCTIONING PROPERLY,CLEAR,DAYLIGHT,PARKED MOTOR VEHICLE,ONE-WAY,,STRAIGHT AND LEVEL,DRY,NO DEFECTS,ON SCENE,INJURY AND / OR TOW DUE TO CRASH,,,Y,"OVER $1,500",07/16/2025 01:50:00 PM,DRIVING ON WRONG SIDE/WRONG WAY,DRIVING ON WRONG SIDE/WRONG WAY,7898,S,PHILLIPS AVE,421,Y,Y,,,,,2,NO INDICATION OF INJURY,0,0,0,0,0,2,0,13,4,7,41.7518348987,-87.5651676487,POINT (-87.565167648712 41.751834898685)
5818083769e9a081937bbb889a040efa65dc1f24a1db6f3c5aa75cf37666fb078570cb54823b04ab0dc8e961421662c85fc8a6ba56e5e57f46986a33e868cc04,,07/16/2025 01:40:00 PM,5,NO CONTROLS,NO CONTROLS,CLEAR,DAYLIGHT,PEDESTRIAN,PARKING LOT,,STRAIGHT AND LEVEL,DRY,NO DEFECTS,ON SCENE,INJURY AND / OR TOW DUE TO CRASH,,,,"OVER $1,500",07/16/2025 01:41:00 PM,UNABLE TO DETERMINE,UNABLE TO DETERMINE,6702,S,PULASKI RD,833,,,,,,,2,INCAPACITATING INJURY,1,0,1,0,0,1,0,13,4,7,41.7712669977,-87.7227197265,POINT (-87.722719726454 41.771266997713)
a47a5f118797eb0fa51e58fd0ee57524b2628d9ab29b17074aafb3e152d7c84f180ad4842ab5d700138dda95d7066dd675af8b6e513ee78472511cf77273f9ad,,07/16/2025 01:36:00 PM,30,NO CONTROLS,NO CONTROLS,UNKNOWN,DAYLIGHT,PARKED MOTOR VEHICLE,PARKING LOT,,STRAIGHT AND LEVEL,UNKNOWN,UNKNOWN,NOT ON SCENE (DESK REPORT),NO INJURY / DRIVE AWAY,,Y,,"OVER $1,500",07/17/2025 02:00:00 PM,UNABLE TO DETERMINE,NOT APPLICABLE,4748,W,NORTH AVE,2533,,,,,,,2,NO INDICATION OF INJURY,0,0,0,0,0,2,0,13,4,7,41.9097416713,-87.7456374811,POINT (-87.745637481111 41.909741671332)
7cf2965b547dc0a090ff1379d74d36c23cb4459ba883acff8b67ee3f899ccc78d5ef5324079e291cbb3842150c3dfd87ed9708b3eecc797c6a4ef78af0dcc09d,,07/16/2025 01:30:00 PM,30,TRAFFIC SIGNAL,FUNCTIONING PROPERLY,CLEAR,DAYLIGHT,ANGLE,DIVIDED - W/MEDIAN BARRIER,,STRAIGHT AND LEVEL,DRY,NO DEFECTS,ON SCENE,INJURY AND / OR TOW DUE TO CRASH,Y,,,"OVER $1,500",07/16/2025 01:36:00 PM,UNABLE TO DETERMINE,FAILING TO YIELD RIGHT-OF-WAY,7899,S,LAWNDALE AVE,833,,,,,,,2,INCAPACITATING INJURY,1,0,1,0,0,1,0,13,4,7,41.7495614011,-87.7144444477,POINT (-87.714444447687 41.749561401119)
8cc9b55ac70e88c32f8217eb8a766009e1aa9212e027c09da78fdb688530bc02ae320ccd7fff4f4fe19b92089869536f718a97018ef6556fe4ba2aaf8ee6eb83,,07/16/2025 01:30:00 PM,30,NO CONTROLS,NO CONTROLS,CLEAR,DAYLIGHT,PARKED MOTOR VEHICLE,ONE-WAY,,STRAIGHT AND LEVEL,DRY,NO DEFECTS,ON SCENE,NO INJURY / DRIVE AWAY,,,Y,"OVER $1,500",07/16/2025 02:30:00 PM,DRIVING ON WRONG SIDE/WRONG WAY,NOT APPLICABLE,4012,W,CARROLL AVE,1114,,,,,,,2,NO INDICATION OF INJURY,0,0,0,0,0,1,0,13,4,7,41.8869310612,-87.7264255409,POINT (-87.726425540932 41.886931061155)
9697e0921ac1b9337c54b78e17a3bb7a43798745cc55d860f8b6d44859f306f1aa5c7ddc4238ccb2ca6186aca0b2bfbb8bb2d3ac32ad8dedf6686856ec5b0dee,Y,07/16/2025 01:30:00 PM,30,UNKNOWN,UNKNOWN,UNKNOWN,UNKNOWN,REAR END,DIVIDED - W/MEDIAN BARRIER,,STRAIGHT AND LEVEL,UNKNOWN,UNKNOWN,,NO INJURY / DRIVE AWAY,,,N,"OVER $1,500",07/16/2025 02:20:00 PM,UNABLE TO DETERMINE,NOT APPLICABLE,7901,S,STONY ISLAND AVE,411,,,,,,,2,NO INDICATION OF INJURY,0,0,0,0,0,2,0,13,4,7,41.7514429054,-87.5855058933,POINT (-87.585505893341 41.751442905351)
0602c1b72552b215c705866141ea99105a60adbeb9ae95215b129a3464f03b212d77cbd216ef75a035a186088b2ba754a51896f7cb438ad726ccbed3b89b3eec,,07/16/2025 01:20:00 PM,25,NO CONTROLS,NO CONTROLS,CLEAR,DAYLIGHT,PARKED MOTOR VEHICLE,ONE-WAY,,STRAIGHT AND LEVEL,DRY,NO DEFECTS,ON SCENE,INJURY AND / OR TOW DUE TO CRASH,,,,"OVER $1,500",07/16/2025 01:31:00 PM,EQUIPMENT - VEHICLE CONDITION,UNABLE TO DETERMINE,6437,S,KEELER AVE,813,,,,,,,2,"REPORTED, NOT EVIDENT",1,0,0,0,1,0,0,13,4,7,41.7756710195,-87.7274167614,POINT (-87.7274167614 41.775671019491)
942a8a6b6233a2c3e8f1384c0d5c2c435c338da395c779a99739589bf8a0b7c703a9db4a7884894669bc4a25fa5c0c51ae07d178ba3a227632c099b46cc5fa02,,07/16/2025 01:15:00 PM,25,NO CONTROLS,NO CONTROLS,CLEAR,DAYLIGHT,FIXED OBJECT,PARKING LOT,,STRAIGHT AND LEVEL,DRY,NO DEFECTS,NOT ON SCENE (DESK REPORT),NO INJURY / DRIVE AWAY,,Y,,$500 OR LESS,07/18/2025 07:36:00 PM,NOT APPLICABLE,NOT APPLICABLE,2650,N,CLARK ST,1935,,,,,,,1,NO INDICATION OF INJURY,0,0,0,0,0,2,0,13,4,7,41.9308330138,-87.6441354365,POINT (-87.644135436456 41.930833013787)
4226a903fca10fe4d817b8758cbb56c3584b1a1a9fbf455199fb9addf4e12f32deea3114db45d3451268996b5089efa3ee6a8945f550ab4fd07ae5e782af5ba5,,07/16/2025 01:08:00 PM,30,TRAFFIC SIGNAL,FUNCTIONING PROPERLY,CLEAR,DAYLIGHT,TURNING,FOUR WAY,,STRAIGHT AND LEVEL,DRY,UNKNOWN,ON SCENE,INJURY AND / OR TOW DUE TO CRASH,Y,,,"OVER $1,500",07/16/2025 02:01:00 PM,UNABLE TO DETERMINE,NOT APPLICABLE,2,N,MICHIGAN AVE,112,,,,,,,2,NO INDICATION OF INJURY,0,0,0,0,0,2,0,13,4,7,41.8821641673,-87.6245142736,POINT (-87.624514273622 41.88216416733)
58f3ed0f2ae957c8bb879aea15507db24d12d5bc3f4321f85614717e493e65aa320cbee35669b9cc53563fd4bc3e165b66cb7f349d356741cc0ea41e6f75b638,,07/16/2025 01:05:00 PM,10,NO CONTROLS,NO CONTROLS,CLEAR,DAYLIGHT,PARKED MOTOR VEHICLE,PARKING LOT,,STRAIGHT AND LEVEL,DRY,NO DEFECTS,NOT ON SCENE (DESK REPORT),NO INJURY / DRIVE AWAY,,Y,Y,"OVER $1,500",07/16/2025 02:00:00 PM,UNABLE TO DETERMINE,UNABLE TO DETERMINE,7535,S,ASHLAND AVE,612,,,,,,,2,NO INDICATION OF INJURY,0,0,0,0,0,1,0,13,4,7,41.7565454141,-87.6634438529,POINT (-87.663443852852 41.756545414126)
ec444f0e1a05fc54a664a4a8ae0eb821c4ee41cda0d981e688b3d250a2bf127e31cba6c2039627ea17cc21a179f5c095e71571eff62c8e218a4b86c7c81ae1e4,,07/16/2025 01:05:00 PM,30,NO CONTROLS,NO CONTROLS,CLEAR,DAYLIGHT,REAR TO FRONT,ONE-WAY,,STRAIGHT AND LEVEL,DRY,NO DEFECTS,,NO INJURY / DRIVE AWAY,,,,"OVER $1,500",07/16/2025 01:05:00 PM,UNABLE TO DETERMINE,NOT APPLICABLE,7106,S,CONSTANCE AVE,324,,,,,,,2,NO INDICATION OF INJURY,0,0,0,0,0,3,0,13,4,7,41.7658167484,-87.5807389232,POINT (-87.580738923217 41.765816748389)
69e7da3766efbadda6a7b2be2a21a8119710fdb9f88e5d1b52a6d86480a9078ff01dad4a348debb68933efe3181ade4e078e59420ea676e967000e292dca27fb,,07/16/2025 12:59:00 PM,30,STOP SIGN/FLASHER,FUNCTIONING PROPERLY,CLEAR,DAYLIGHT,ANGLE,FOUR WAY,,STRAIGHT AND LEVEL,DRY,NO DEFECTS,ON SCENE,NO INJURY / DRIVE AWAY,Y,,,"OVER $1,500",07/16/2025 01:03:00 PM,FAILING TO YIELD RIGHT-OF-WAY,NOT APPLICABLE,5400,N,KIMBALL AVE,1712,,,,,,,2,NO INDICATION OF INJURY,0,0,0,0,0,5,0,12,4,7,41.9794466792,-87.7137848691,POINT (-87.713784869131 41.97944667925)
c78d605515f9ba5d7810ee5fadf72f9dab24c822fe38ebdc3a01b3e034f3fc95b769c05d932144492801a48953acb54369f2ea5d2020684420854e237a460387,,07/16/2025 12:59:00 PM,30,TRAFFIC SIGNAL,FUNCTIONING PROPERLY,CLEAR,DAYLIGHT,REAR END,NOT DIVIDED,,STRAIGHT AND LEVEL,DRY,NO DEFECTS,ON SCENE,INJURY AND / OR TOW DUE TO CRASH,Y,,,"OVER $1,500",07/16/2025 02:44:00 PM,UNABLE TO DETERMINE,UNABLE TO DETERMINE,4200,W,31ST ST,1031,,,,,,,2,INCAPACITATING INJURY,1,0,1,0,0,1,0,12,4,7,41.8369353486,-87.7292758538,POINT (-87.729275853841 41.836935348635)
6728335c70a948ecefa61cd0979ab24fab791d15c5d4f2318e8b46cb7753e8cb2ca7b81b28fe9bb98fd4b729dfd48083f53934eb6ea9ecd68f60a2adfeed2981,,07/16/2025 12:57:00 PM,30,OTHER,FUNCTIONING IMPROPERLY,CLEAR,DAYLIGHT,OTHER OBJECT,PARKING LOT,,STRAIGHT AND LEVEL,DRY,NO DEFECTS,NOT ON SCENE (DESK REPORT),INJURY AND / OR TOW DUE TO CRASH,,,,"OVER $1,500",07/16/2025 04:30:00 PM,UNABLE TO DETERMINE,UNABLE TO DETERMINE,333,E,BENTON PL,114,,,,,,,1,INCAPACITATING INJURY,2,0,2,0,0,0,0,12,4,7,41.8853900467,-87.6189867116,POINT (-87.61898671164 41.88539004667)
7098f07688fabb9cf877c0b483075e728ed82593666eccbd027931edc549bd4060bf97e6cdf3771903f280ef10441d18df971762bf0b04eb81c088573c32404d,,07/16/2025 12:55:00 PM,30,TRAFFIC SIGNAL,FUNCTIONING PROPERLY,CLEAR,DAYLIGHT,SIDESWIPE SAME DIRECTION,NOT DIVIDED,,STRAIGHT AND LEVEL,DRY,UNKNOWN,NOT ON SCENE (DESK REPORT),NO INJURY / DRIVE AWAY,,,Y,"OVER $1,500",07/16/2025 12:55:00 PM,IMPROPER OVERTAKING/PASSING,UNABLE TO DETERMINE,5450,S,CICERO AVE,815,,,,,,,2,NO INDICATION OF INJURY,0,0,0,0,0,2,0,12,4,7,41.7932249869,-87.7422499617,POINT (-87.742249961709 41.793224986862)
51d2a12b6abe2274520119f71759441437bee5bdf354975457b610857df7940ec0ba6c00675e763fa971a9aed069e433560d5c163bb9f6e17977aeb9c05706d8,Y,07/16/2025 12:45:00 PM,30,NO CONTROLS,FUNCTIONING PROPERLY,CLEAR,DAYLIGHT,SIDESWIPE SAME DIRECTION,NOT DIVIDED,,STRAIGHT AND LEVEL,DRY,UNKNOWN,NOT ON SCENE (DESK REPORT),NO INJURY / DRIVE AWAY,,,Y,"OVER $1,500",07/16/2025 01:30:00 PM,UNABLE TO DETERMINE,NOT APPLICABLE,703,S,PULASKI RD,1132,,,,,,,2,NO INDICATION OF INJURY,0,0,0,0,0,3,0,12,4,7,41.8724361777,-87.7252525475,POINT (-87.725252547538 41.872436177674)
cd80a76affa790c6f43b8cd6a9b6dcac9e33c8f08135b93b0696f2267f8a3c9ef1f3ad4613ee4aff418b914b156a83d420d03ce6f7ea66132cb5ee5b1d94ce68,,07/16/2025 12:45:00 PM,30,PEDESTRIAN CROSSING SIGN,FUNCTIONING PROPERLY,CLEAR,DAYLIGHT,REAR END,NOT DIVIDED,,STRAIGHT AND LEVEL,DRY,NO DEFECTS,NOT ON SCENE (DESK REPORT),NO INJURY / DRIVE AWAY,,,,"OVER $1,500",07/16/2025 01:15:00 PM,FOLLOWING TOO CLOSELY,FAILING TO REDUCE SPEED TO AVOID CRASH,5580,S,ARCHER AVE,814,,,,,,,2,NO INDICATION OF INJURY,0,0,0,0,0,2,0,12,4,7,41.7977933119,-87.7496005851,POINT (-87.749600585055 41.797793311884)
3467d6530afa5367d55480ab7c89a44465e5686e3168730bc74aa0543e6ac453c0f54dc2891a5efae600a8caad79efea655ea9ad099fdca2a159aa9998fb31cc,,07/16/2025 12:43:00 PM,30,NO CONTROLS,NO CONTROLS,CLEAR,DAYLIGHT,REAR END,NOT DIVIDED,,STRAIGHT AND LEVEL,UNKNOWN,UNKNOWN,NOT ON SCENE (DESK REPORT),NO INJURY / DRIVE AWAY,N,,,"OVER $1,500",07/16/2025 01:15:00 PM,UNABLE TO DETERMINE,UNABLE TO DETERMINE,813,S,CENTRAL PARK AVE,1133,,,,,,,2,NO INDICATION OF INJURY,0,0,0,0,0,3,0,12,4,7,41.8703925889,-87.7153995428,POINT (-87.715399542826 41.870392588914)
3e81a52bcd5bd91072ad27082c4e3bf7c05a0c165e1d3df199e41e4c66fd0f51eaebc47d53a065a351280782f956cc4262229663f6ccde418f25c4dfe924f7b6,,07/16/2025 12:33:00 PM,30,STOP SIGN/FLASHER,FUNCTIONING IMPROPERLY,CLEAR,DAYLIGHT,TURNING,FOUR WAY,,STRAIGHT AND LEVEL,DRY,NO DEFECTS,,INJURY AND / OR TOW DUE TO CRASH,Y,,,"OVER $1,500",07/16/2025 12:33:00 PM,IMPROPER TURNING/NO SIGNAL,FAILING TO YIELD RIGHT-OF-WAY,10300,S,CHARLES ST,2212,,,,,,,2,NONINCAPACITATING INJURY,1,0,0,1,0,2,0,12,4,7,41.7066870897,-87.6587691028,POINT (-87.658769102778 41.706687089738)
7d6a39c01cdf613b1bb50ee83a369bb327d8b426a693e8a249f6fd57733018a6b6a9127c30373c087b6cfed575c6b6a15151ee4eb5fa7c38d857ec1c087f163d,,07/16/2025 12:33:00 PM,30,STOP SIGN/FLASHER,FUNCTIONING PROPERLY,CLEAR,DAYLIGHT,PARKED MOTOR VEHICLE,ONE-WAY,,STRAIGHT AND LEVEL,DRY,NO DEFECTS,ON SCENE,NO INJURY / DRIVE AWAY,N,,Y,"$501 - $1,500",07/16/2025 01:08:00 PM,DRIVING ON WRONG SIDE/WRONG WAY,NOT APPLICABLE,558,N,SPRINGFIELD AVE,1122,,,,,,,2,NO INDICATION OF INJURY,0,0,0,0,0,1,0,12,4,7,41.8916254183,-87.7236778134,POINT (-87.723677813393 41.891625418321)
0f0a4132c6804140bb1ecfe0b2c508374c8fea4ff3100d8b8a4b0b94880e2ee79463015a6e4cf940601e6b9e0d2415673e47aac212507eab3d9ada170a41ed32,,07/16/2025 12:30:00 PM,30,STOP SIGN/FLASHER,FUNCTIONING PROPERLY,CLEAR,DAYLIGHT,TURNING,FOUR WAY,,STRAIGHT AND LEVEL,DRY,NO DEFECTS,NOT ON SCENE (DESK REPORT),NO INJURY / DRIVE AWAY,Y,,,"OVER $1,500",07/16/2025 02:30:00 PM,FAILING TO YIELD RIGHT-OF-WAY,IMPROPER TURNING/NO SIGNAL,5300,S,WESTERN BLVD,923,,,,,,,2,NO INDICATION OF INJURY,0,0,0,0,0,2,0,12,4,7,41.7974176227,-87.6837111872,POINT (-87.683711187209 41.79741762265)