CRASH_RECORD_ID,CRASH_DATE_EST_I,CRASH_DATE,POSTED_SPEED_LIMIT,TRAFFIC_CONTROL_DEVICE,DEVICE_CONDITION,WEATHER_CONDITION,LIGHTING_CONDITION,FIRST_CRASH_TYPE,TRAFFICWAY_TYPE,LANE_CNT,ALIGNMENT,ROADWAY_SURFACE_COND,ROAD_DEFECT,REPORT_TYPE,CRASH_TYPE,INTERSECTION_RELATED_I,NOT_RIGHT_OF_WAY_I,HIT_AND_RUN_I,DAMAGE,DATE_POLICE_NOTIFIED,PRIM_CONTRIBUTORY_CAUSE,SEC_CONTRIBUTORY_CAUSE,STREET_NO,STREET_DIRECTION,STREET_NAME,BEAT_OF_OCCURRENCE,PHOTOS_TAKEN_I,STATEMENTS_TAKEN_I,DOORING_I,WORK_ZONE_I,WORK_ZONE_TYPE,WORKERS_PRESENT_I,NUM_UNITS,MOST_SEVERE_INJURY,INJURIES_TOTAL,INJURIES_FATAL,INJURIES_INCAPACITATING,INJURIES_NON_INCAPACITATING,INJURIES_REPORTED_NOT_EVIDENT,INJURIES_NO_INDICATION,INJURIES_UNKNOWN,CRASH_HOUR,CRASH_DAY_OF_WEEK,CRASH_MONTH,LATITUDE,LONGITUDE,LOCATION
2beff1db36f52dbc7ddc2548934e5a8ba8491b5cd5619fc640d96eee05cc1403e7bc2d7122692fb6662e965fcdf70c7e4512b0126da5b0b2151dfadf471f2dae,,07/16/2025 12:30:00 PM,30,STOP SIGN/FLASHER,UNKNOWN,CLEAR,DAYLIGHT,ANGLE,FOUR WAY,,STRAIGHT AND LEVEL,UNKNOWN,UNKNOWN,,NO INJURY / DRIVE AWAY,Y,,,"$501 - $1,500",07/16/2025 05:25:00 PM,UNABLE TO DETERMINE,UNABLE TO DETERMINE,1,S,SANGAMON ST,1232,,,,,,,2,NO INDICATION OF INJURY,0,0,0,0,0,2,0,12,4,7,41.8816565081,-87.6507176319,POINT (-87.650717631931 41.881656508112)
5d324b012d539f9c55c6ca1f681417cb7faad68833a6b1cb66216f66be7e84b0e2d908dbf9bff17a421587428749da2ffa9dfd7037d1eefd33ab1431f4e192de,,07/16/2025 12:30:00 PM,30,NO CONTROLS,NO CONTROLS,CLEAR,DAYLIGHT,PARKED MOTOR VEHICLE,NOT DIVIDED,,STRAIGHT AND LEVEL,DRY,NO DEFECTS,NOT ON SCENE (DESK REPORT),NO INJURY / DRIVE AWAY,,,Y,"$501 - $1,500",07/17/2025 02:05:00 PM,UNABLE TO DETERMINE,NOT APPLICABLE,685,N,MILWAUKEE AVE,1214,,,,,,,2,NO INDICATION OF INJURY,0,0,0,0,0,1,0,12,4,7,41.8941371218,-87.6519389823,POINT (-87.651938982281 41.894137121756)
9eb55a5ac23b5b9bcac54b8b5ebaf1ffb1883cf2ed8ef70cf592c449db5d41967e193fe55e1cbae400e7531d946888274900119e29cbe90f32996a63cff5c54f,,07/16/2025 12:30:00 PM,30,NO CONTROLS,NO CONTROLS,CLEAR,DAYLIGHT,PARKED MOTOR VEHICLE,NOT DIVIDED,,STRAIGHT AND LEVEL,DRY,NO DEFECTS,ON SCENE,INJURY AND / OR TOW DUE TO CRASH,,,,"OVER $1,500",07/16/2025 01:15:00 PM,ANIMAL,UNABLE TO DETERMINE,2350,W,FULTON ST,1223,,,,,,,2,NO INDICATION OF INJURY,0,0,0,0,0,1,0,12,4,7,41.8867374631,-87.6861773815,POINT (-87.686177381491 41.886737463092)
dac3908428f92fd6f5935490c294053379050cc1fd34b42d9fed08f8596cdbab9967a1b65e6cced8b00da9615ed8c7b8565654ea40c279df62d3facbff9d9ffe,,07/16/2025 12:30:00 PM,15,NO CONTROLS,NO CONTROLS,CLEAR,DAYLIGHT,PEDESTRIAN,ALLEY,,STRAIGHT AND LEVEL,DRY,UNKNOWN,ON SCENE,INJURY AND / OR TOW DUE TO CRASH,,,Y,"$501 - $1,500",07/16/2025 12:30:00 PM,UNABLE TO DETERMINE,NOT APPLICABLE,4619,S,EVANS AVE,221,,,,,,,2,NONINCAPACITATING INJURY,1,0,0,1,0,1,0,12,4,7,41.8107387514,-87.6076821498,POINT (-87.60768214979 41.810738751365)
a156eb5ddca7eb49d83f49ca827248b25abcb99da39a7c63545979af0ec80f122582cec96b229acc7048b0e15212d56f93f8203c2231ec6bb855aa9c06246139,,07/16/2025 12:21:00 PM,15,NO CONTROLS,NO CONTROLS,CLEAR,DAYLIGHT,PARKED MOTOR VEHICLE,PARKING LOT,,STRAIGHT AND LEVEL,DRY,NO DEFECTS,ON SCENE,NO INJURY / DRIVE AWAY,,Y,,"OVER $1,500",07/16/2025 01:36:00 PM,FOLLOWING TOO CLOSELY,NOT APPLICABLE,2901,W,19TH ST,1022,,,,,,,2,NO INDICATION OF INJURY,0,0,0,0,0,1,0,12,4,7,41.8553944295,-87.699272811,POINT (-87.699272810973 41.855394429542)
ad3a71b8825721c0464c2e9571af006d8a17d1dd3fa6c1d637b03b42c161815871e3e9a5552620ea87f25cbfcf6222bc14067ea0334c26cc31f8b361a731d519,,07/16/2025 12:21:00 PM,30,TRAFFIC SIGNAL,FUNCTIONING PROPERLY,CLEAR,DAYLIGHT,SIDESWIPE SAME DIRECTION,DIVIDED - W/MEDIAN BARRIER,,STRAIGHT AND LEVEL,DRY,NO DEFECTS,NOT ON SCENE (DESK REPORT),NO INJURY / DRIVE AWAY,,,Y,"OVER $1,500",07/16/2025 05:00:00 PM,IMPROPER OVERTAKING/PASSING,NOT APPLICABLE,9422,S,STONY ISLAND AVE,413,,,,,,,2,NO INDICATION OF INJURY,0,0,0,0,0,2,0,12,4,7,41.723400716,-87.5852914779,POINT (-87.585291477917 41.723400715995)
1abc33a3ddfb0e87d246298fa84c0e8237860cbcd6f4a95b704935b076d388f28cc6aa35fa2d91fc31fb66c2a4850f0ff7492dc8b121606b73dcfcddeb17a505,,07/16/2025 12:15:00 PM,30,UNKNOWN,UNKNOWN,UNKNOWN,DAYLIGHT,SIDESWIPE SAME DIRECTION,NOT DIVIDED,,STRAIGHT AND LEVEL,UNKNOWN,UNKNOWN,NOT ON SCENE (DESK REPORT),NO INJURY / DRIVE AWAY,,,Y,"$501 - $1,500",07/16/2025 01:05:00 PM,UNABLE TO DETERMINE,NOT APPLICABLE,5147,S,KEDZIE AVE,923,,,,,,,2,NO INDICATION OF INJURY,0,0,0,0,0,2,0,12,4,7,41.799427304,-87.703579743,POINT (-87.703579743004 41.799427304046)
701410af5676e5d6fe9bda76f2158bc4ec500cf3e9df1848bc51c4a52863e73b642efd2398ccd04b87e3004171354cf8e0ac7b27438106d29f573bcf7969b393,,07/16/2025 12:15:00 PM,25,NO CONTROLS,NO CONTROLS,CLEAR,DAYLIGHT,ANGLE,NOT DIVIDED,,STRAIGHT AND LEVEL,DRY,NO DEFECTS,NOT ON SCENE (DESK REPORT),NO INJURY / DRIVE AWAY,,,Y,"OVER $1,500",07/16/2025 02:25:00 PM,UNABLE TO DETERMINE,UNABLE TO DETERMINE,300,N,KEDZIE AVE,1123,,,,,,,2,NO INDICATION OF INJURY,0,0,0,0,0,2,0,12,4,7,41.8864718369,-87.7064306991,POINT (-87.706430699075 41.886471836896)
d7d26e8e1d72b14ab3c48d77854bda3cf8954641b5e6d8536160973c4ad58d64547c1f165ecc18de8d5086bc0df017708cce79cc41d129f6ee1daccce1dc8e4c,,07/16/2025 12:15:00 PM,10,NO CONTROLS,NO CONTROLS,CLEAR,DAYLIGHT,PARKED MOTOR VEHICLE,PARKING LOT,,STRAIGHT AND LEVEL,DRY,UNKNOWN,ON SCENE,NO INJURY / DRIVE AWAY,,,,"OVER $1,500",07/16/2025 12:30:00 PM,NOT APPLICABLE,NOT APPLICABLE,3355,S,DR MARTIN LUTHER KING JR DR,211,,,,,,,2,NO INDICATION OF INJURY,0,0,0,0,0,3,0,12,4,7,41.833293769,-87.6168573403,POINT (-87.616857340318 41.833293768957)
fe34383aaf6c9a5e36cd045d0bc163df6496f21b0e3c4afc24d49247c242a562afde16618efbb7212cf7e45d8cb4767d06da001464aae19d18622bab77a285c4,,07/16/2025 12:11:00 PM,30,NO CONTROLS,NO CONTROLS,CLEAR,DAYLIGHT,SIDESWIPE OPPOSITE DIRECTION,NOT DIVIDED,,STRAIGHT AND LEVEL,DRY,NO DEFECTS,ON SCENE,NO INJURY / DRIVE AWAY,,,Y,"OVER $1,500",07/16/2025 12:11:00 PM,"OPERATING VEHICLE IN ERRATIC, RECKLESS, CARELESS, NEGLIGENT OR AGGRESSIVE MANNER","OPERATING VEHICLE IN ERRATIC, RECKLESS, CARELESS, NEGLIGENT OR AGGRESSIVE MANNER",2609,S,KEDZIE AVE,1033,,,,,,,2,NO INDICATION OF INJURY,0,0,0,0,0,2,0,12,4,7,41.844202241,-87.7048869944,POINT (-87.704886994392 41.844202240983)
44544a8642c6754b3a502a6d31c940edfc8640c1cc9fd674fe3c665f3c7da84dd8fda1771a60c7dcb7e3c2dcb1cd3a53f0d5e5baee7aec068db267587279b58c,,07/16/2025 12:02:00 PM,30,UNKNOWN,UNKNOWN,CLEAR,DAYLIGHT,SIDESWIPE SAME DIRECTION,DIVIDED - W/MEDIAN (NOT RAISED),,STRAIGHT AND LEVEL,DRY,UNKNOWN,NOT ON SCENE (DESK REPORT),NO INJURY / DRIVE AWAY,,,Y,$500 OR LESS,07/16/2025 01:00:00 PM,UNABLE TO DETERMINE,UNABLE TO DETERMINE,350,W,KINZIE ST,1831,,,,,,,2,NO INDICATION OF INJURY,0,0,0,0,0,2,0,12,4,7,41.8892315776,-87.6375343572,POINT (-87.637534357241 41.889231577616)
5407906a72d23f5299a6b567b9cdd7512e621399985417a5cbfcdc35636cae234e50050299124403befc18ae95b28ef3dcfaccb145538437fc1774e3d0ce5a3e,,07/16/2025 12:00:00 PM,20,TRAFFIC SIGNAL,FUNCTIONING PROPERLY,CLEAR,DAYLIGHT,ANGLE,NOT DIVIDED,,STRAIGHT AND LEVEL,DRY,NO DEFECTS,ON SCENE,NO INJURY / DRIVE AWAY,Y,,Y,"OVER $1,500",07/16/2025 12:12:00 PM,DISREGARDING TRAFFIC SIGNALS,NOT APPLICABLE,5500,S,PRINCETON AVE,711,,,,,,,2,NO INDICATION OF INJURY,0,0,0,0,0,3,0,12,4,7,41.7940818811,-87.6331347033,POINT (-87.633134703265 41.794081881074)
875480d98791876485826698f55061f76021d902f40227ad590f31f009f3d2279589c64f9f00b28f6e44a112d0dc547e9ad5fae647f47255afa9c70579db3b6b,,07/16/2025 12:00:00 PM,30,STOP SIGN/FLASHER,FUNCTIONING PROPERLY,CLEAR,DAYLIGHT,PEDALCYCLIST,ONE-WAY,,STRAIGHT AND LEVEL,DRY,NO DEFECTS,NOT ON SCENE (DESK REPORT),NO INJURY / DRIVE AWAY,,,,"$501 - $1,500",07/18/2025 10:05:00 AM,FAILING TO YIELD RIGHT-OF-WAY,NOT APPLICABLE,5105,N,MANGO AVE,1622,,,,,,,2,NO INDICATION OF INJURY,0,0,0,0,0,2,0,12,4,7,41.9740505318,-87.7720030672,POINT (-87.772003067196 41.974050531804)
bf5079c7ecdbb09c7cfc00712db071346f715f635a3cc91d0d1d598ece33b636345bca4e2fb03bf654d5d9e94d8d0a50d65b2a0575251bb20d3b37612b95ee12,,07/16/2025 12:00:00 PM,30,NO CONTROLS,NO CONTROLS,CLEAR,DAYLIGHT,TURNING,DIVIDED - W/MEDIAN BARRIER,,STRAIGHT AND LEVEL,DRY,NO DEFECTS,ON SCENE,INJURY AND / OR TOW DUE TO CRASH,,,,"OVER $1,500",07/16/2025 12:20:00 PM,UNABLE TO DETERMINE,NOT APPLICABLE,3357,S,CALIFORNIA AVE,911,,,,,,,2,NO INDICATION OF INJURY,0,0,0,0,0,3,0,12,4,7,41.832182605,-87.6947300427,POINT (-87.694730042726 41.832182605028)
5a93669fcfdaf54a85b59eefc5b14054408a861008405581f92e95fcf7188e8bcdbd13f843534bc99c7f5e14e833f7d4e0312b19057fb683e2c3e5d81341e721,,07/16/2025 11:58:00 AM,30,NO CONTROLS,NO CONTROLS,CLEAR,DAYLIGHT,SIDESWIPE SAME DIRECTION,DIVIDED - W/MEDIAN (NOT RAISED),,STRAIGHT AND LEVEL,DRY,NO DEFECTS,NOT ON SCENE (DESK REPORT),NO INJURY / DRIVE AWAY,,,,"OVER $1,500",07/16/2025 12:15:00 PM,FAILING TO YIELD RIGHT-OF-WAY,NOT APPLICABLE,6102,N,BROADWAY,2433,,,,,,,2,NO INDICATION OF INJURY,0,0,0,0,0,2,0,11,4,7,41.9927711295,-87.6604997526,POINT (-87.660499752552 41.992771129487)
f5f4c12dac074371e8190a65e590c0b6cd0383c17883b95d80554f58caa3b4157d6ab75b39e5874d05f53f975a3b60b243bd120ae4e749ef7a072b55e6337572,,07/16/2025 11:51:00 AM,30,NO CONTROLS,NO CONTROLS,CLEAR,DAYLIGHT,PARKED MOTOR VEHICLE,PARKING LOT,,STRAIGHT AND LEVEL,DRY,UNKNOWN,ON SCENE,NO INJURY / DRIVE AWAY,,,,"$501 - $1,500",07/16/2025 11:57:00 AM,UNABLE TO DETERMINE,UNABLE TO DETERMINE,234,E,MARQUETTE RD,322,,,,,,,2,NO INDICATION OF INJURY,0,0,0,0,0,1,0,11,4,7,41.7730172023,-87.6188381865,POINT (-87.61883818647 41.773017202342)
99dd2a54065676e5fd4857287242edfd6c5c65f66e5b4466dded9314fdd5269743a3cf4303e8e91f3ba840db73bb8cf6bf1117695457d29cd2cc28341f2ac724,,07/16/2025 11:46:00 AM,30,TRAFFIC SIGNAL,FUNCTIONING PROPERLY,CLEAR,DAYLIGHT,SIDESWIPE SAME DIRECTION,NOT DIVIDED,,STRAIGHT AND LEVEL,DRY,NO DEFECTS,ON SCENE,NO INJURY / DRIVE AWAY,Y,,Y,"$501 - $1,500",07/16/2025 11:59:00 AM,UNABLE TO DETERMINE,UNABLE TO DETERMINE,3501,S,PULASKI RD,1031,,,,Y,CONSTRUCTION,,2,NO INDICATION OF INJURY,0,0,0,0,0,2,0,11,4,7,41.8302270425,-87.7240584597,POINT (-87.724058459741 41.83022704248)
3557e6d5eb907cafa109691a42f68f2a09dbe7584942b130ef211337d920ace0b4b0f21adbd035ea1622a3eea458c3c7a122121a4237b85db555f406ba444bb4,,07/16/2025 11:45:00 AM,30,TRAFFIC SIGNAL,FUNCTIONING PROPERLY,CLEAR,DAYLIGHT,REAR END,NOT DIVIDED,,STRAIGHT AND LEVEL,DRY,UNKNOWN,ON SCENE,INJURY AND / OR TOW DUE TO CRASH,,,,"OVER $1,500",07/16/2025 11:50:00 AM,DISTRACTION - FROM INSIDE VEHICLE,DISTRACTION - FROM INSIDE VEHICLE,4198,N,CENTRAL AVE,1624,,,,,,,2,"REPORTED, NOT EVIDENT",1,0,0,0,1,1,0,11,4,7,41.9567375002,-87.7672668255,POINT (-87.767266825518 41.95673750019)
aa0ff63bb4c1e23c8f7d7c459ca0f57d032309b8924bbc6c632e10931000e3d8ead68717e699ae75a17897f51f844b0f25f6f1f1543fd4b75fbdd7e5186f0e45,,07/16/2025 11:42:00 AM,30,TRAFFIC SIGNAL,FUNCTIONING PROPERLY,CLEAR,DAYLIGHT,SIDESWIPE SAME DIRECTION,NOT DIVIDED,,STRAIGHT AND LEVEL,DRY,NO DEFECTS,NOT ON SCENE (DESK REPORT),NO INJURY / DRIVE AWAY,,,N,"OVER $1,500",07/17/2025 06:00:00 PM,UNABLE TO DETERMINE,UNABLE TO DETERMINE,800,S,CENTRAL PARK AVE,1133,,,,,,,2,NO INDICATION OF INJURY,0,0,0,0,0,2,0,11,4,7,41.8707919761,-87.7157043652,POINT (-87.71570436515 41.870791976149)
083258adbf8aa50ebcdcb191f0876d9e85854fb156bccbd62315ffed71c7bee342cada0442aea39253244e659c2d9fef6c5f81bac880cbc6344e6ad295582085,,07/16/2025 11:35:00 AM,30,UNKNOWN,UNKNOWN,CLEAR,DAYLIGHT,TURNING,NOT DIVIDED,,STRAIGHT AND LEVEL,DRY,UNKNOWN,NOT ON SCENE (DESK REPORT),NO INJURY / DRIVE AWAY,Y,,,"OVER $1,500",07/16/2025 11:53:00 AM,NOT APPLICABLE,NOT APPLICABLE,7500,S,DORCHESTER AVE,411,,,,,,,2,NO INDICATION OF INJURY,0,0,0,0,0,2,0,11,4,7,41.758630226,-87.5909434138,POINT (-87.590943413759 41.758630226035)
d610f32db2982d741d6420dcc95e9f4fb7e63f2e1870cf4b2a42a06dfa63985c010f3781713d3d786de94a907aac1c2830aba3f24ab201f1cf9db257142ae9ad,,07/16/2025 11:35:00 AM,30,NO CONTROLS,NO CONTROLS,CLEAR,DAYLIGHT,REAR END,NOT DIVIDED,,STRAIGHT AND LEVEL,DRY,NO DEFECTS,NOT ON SCENE (DESK REPORT),NO INJURY / DRIVE AWAY,,,,"OVER $1,500",07/16/2025 11:45:00 AM,UNABLE TO DETERMINE,NOT APPLICABLE,6200,W,MONTROSE AVE,1622,,,,,,,3,NO INDICATION OF INJURY,0,0,0,0,0,3,0,11,4,7,41.9603936095,-87.7819700746,POINT (-87.781970074638 41.960393609526)
66c9bbdf0c1992fc15ddc401619490cc486922c859e418164003e3a46f4587e1a09780c1953f0188ac898cc12e99f0f14096c61cb9ab60fdf927fb8156e1d0f8,,07/16/2025 11:29:00 AM,30,TRAFFIC SIGNAL,FUNCTIONING PROPERLY,CLEAR,DAYLIGHT,REAR END,NOT DIVIDED,,STRAIGHT AND LEVEL,DRY,NO DEFECTS,NOT ON SCENE (DESK REPORT),NO INJURY / DRIVE AWAY,Y,,,"OVER $1,500",07/17/2025 04:30:00 PM,FOLLOWING TOO CLOSELY,NOT APPLICABLE,3651,W,GRAND AVE,2535,,,,,,,2,NO INDICATION OF INJURY,0,0,0,0,0,2,0,11,4,7,41.9026836755,-87.7179470028,POINT (-87.717947002815 41.902683675516)
dbd0d097d686004e976c8938d53f63cedd2b5512d03d2b74ca9d4a1a24154cb2eadb9980b0832783d756a0d8de4e0463438d17ba7cef4f10285851a5027382e0,,07/16/2025 11:26:00 AM,30,TRAFFIC SIGNAL,FUNCTIONING PROPERLY,CLEAR,DAYLIGHT,TURNING,NOT DIVIDED,,STRAIGHT AND LEVEL,DRY,NO DEFECTS,ON SCENE,NO INJURY / DRIVE AWAY,,,,"OVER $1,500",07/16/2025 11:26:00 AM,FAILING TO YIELD RIGHT-OF-WAY,NOT APPLICABLE,2820,N,CICERO AVE,2521,,,,,,,2,NO INDICATION OF INJURY,0,0,0,0,0,2,0,11,4,7,41.9321621081,-87.7467634173,POINT (-87.746763417264 41.93216210811)
bb049ca941e18a5c267a16d64552b7f79e7496288ffa5efbbb4a053dbd9e8aed2fde12b6c58b0b4e39c89f915215bd6aa32db311332fb681b5f082e3888135ac,,07/16/2025 11:25:00 AM,30,NO CONTROLS,NO CONTROLS,CLEAR,DAYLIGHT,SIDESWIPE SAME DIRECTION,NOT DIVIDED,,STRAIGHT AND LEVEL,DRY,NO DEFECTS,,NO INJURY / DRIVE AWAY,,,,"OVER $1,500",07/16/2025 12:55:00 PM,NOT APPLICABLE,NOT APPLICABLE,1012,N,PULASKI RD,1111,,,,,,,2,NO INDICATION OF INJURY,0,0,0,0,0,2,0,11,4,7,41.8994488235,-87.7263538591,POINT (-87.726353859144 41.8994488235)
5f9d7748bd19b6f3a6afd0e02b53ac1663dbea18a07dda88d5a277179043a51dba6d4e7e182a29b7fb033103056a6af5f6b3e248e608cc161c0499390f6c9a33,,07/16/2025 11:17:00 AM,30,NO CONTROLS,NO CONTROLS,CLEAR,DAYLIGHT,HEAD ON,NOT DIVIDED,,STRAIGHT AND LEVEL,DRY,NO DEFECTS,NOT ON SCENE (DESK REPORT),NO INJURY / DRIVE AWAY,,,Y,"OVER $1,500",07/18/2025 09:34:00 AM,UNABLE TO DETERMINE,NOT APPLICABLE,1739,W,CERMAK RD,1034,,,,,,,2,NO INDICATION OF INJURY,0,0,0,0,0,2,0,11,4,7,41.8521511995,-87.6700746019,POINT (-87.670074601947 41.852151199487)
9bb976d43fbc6bca2012c5d70c3c944d36f8fba4bfed7c31b2b1d220c105a188370659444b0fe0b614cc50db9d4112048154bbb08170224a34ff3e4d664477a1,,07/16/2025 11:15:00 AM,45,NO CONTROLS,NO CONTROLS,CLEAR,DAYLIGHT,TURNING,DIVIDED - W/MEDIAN BARRIER,,STRAIGHT AND LEVEL,DRY,NO DEFECTS,ON SCENE,INJURY AND / OR TOW DUE TO CRASH,,,,"OVER $1,500",07/16/2025 11:17:00 AM,DRIVING ON WRONG SIDE/WRONG WAY,NOT APPLICABLE,2201,S,LAKE SHORE DR NB,132,,,,,,,2,NO INDICATION OF INJURY,0,0,0,0,0,2,0,11,4,7,41.8529549207,-87.6135340683,POINT (-87.613534068329 41.852954920681)
a484bead4abfe9e3283a04018ca170ff9e1df66376a771f399398aa321bc0c726100b0cb71c2d7b4da845fb7a6de19537a3f91e1a5fe5004519b7e2c93422e43,,07/16/2025 11:00:00 AM,30,NO CONTROLS,NO CONTROLS,CLEAR,DAYLIGHT,FIXED OBJECT,NOT DIVIDED,,STRAIGHT AND LEVEL,DRY,NO DEFECTS,ON SCENE,INJURY AND / OR TOW DUE TO CRASH,,,N,"OVER $1,500",07/16/2025 11:05:00 AM,UNABLE TO DETERMINE,UNABLE TO DETERMINE,8600,S,JEFFERY BLVD,412,,,,,,,1,NONINCAPACITATING INJURY,1,0,0,1,0,0,0,11,4,7,41.738783137,-87.5758944597,POINT (-87.575894459701 41.738783137016)
922a1b03e3d7db146f9fdb14f72240c72bb966fcb9ee9794e667acda959147c600aa01738096b51ad48a32670b3a9f9b63454974dbeebb277a636405bc05e4ab,,07/16/2025 10:52:00 AM,30,STOP SIGN/FLASHER,FUNCTIONING PROPERLY,CLEAR,DAYLIGHT,TURNING,NOT DIVIDED,,STRAIGHT AND LEVEL,DRY,NO DEFECTS,ON SCENE,INJURY AND / OR TOW DUE TO CRASH,,,,"OVER $1,500",07/16/2025 10:53:00 AM,UNABLE TO DETERMINE,NOT APPLICABLE,1125,W,MONTROSE AVE,1915,,,,,,,4,"REPORTED, NOT EVIDENT",2,0,0,0,2,0,0,10,4,7,41.96162318,-87.6583518788,POINT (-87.658351878758 41.961623180022)
2f4a0417c94f220963dc83b580514d625ef8a77e69b127967be3607903ab61acb6ae88118c5687f42cf2edb52628ffb2df098996084796b521d834139f3471d7,,07/16/2025 10:45:00 AM,30,NO CONTROLS,NO CONTROLS,UNKNOWN,UNKNOWN,REAR END,DIVIDED - W/MEDIAN (NOT RAISED),,STRAIGHT AND LEVEL,UNKNOWN,UNKNOWN,NOT ON SCENE (DESK REPORT),INJURY AND / OR TOW DUE TO CRASH,,,,"OVER $1,500",07/19/2025 03:45:00 PM,FOLLOWING TOO CLOSELY,DRIVING SKILLS/KNOWLEDGE/EXPERIENCE,3041,W,LAWRENCE AVE,1713,,,,,,,2,NONINCAPACITATING INJURY,1,0,0,1,0,2,0,10,4,7,41.9683706505,-87.7052612502,POINT (-87.705261250237 41.968370650498)
ef36740295e5648981fbeaef237c1e83dabdadedd1a0d83c4e144e0c4628944af5c74bf650437991e4504aa5a3ab00bd7570f3500eb54be4fbb6f62ec24f4d8e,,07/16/2025 10:43:00 AM,25,NO CONTROLS,NO CONTROLS,CLEAR,DAYLIGHT,PARKED MOTOR VEHICLE,NOT DIVIDED,,STRAIGHT AND LEVEL,DRY,NO DEFECTS,NOT ON SCENE (DESK REPORT),NO INJURY / DRIVE AWAY,,,Y,"$501 - $1,500",07/16/2025 01:00:00 PM,UNABLE TO DETERMINE,UNABLE TO DETERMINE,820,S,DAMEN AVE,1225,,,,,,,2,NO INDICATION OF INJURY,0,0,0,0,0,1,0,10,4,7,41.8708894961,-87.6765126502,POINT (-87.676512650226 41.870889496052)
84dd25273f53fbcc11a6c98b9380266946c1197e74a33e4950abd4d04fa27ae7cd0c7ac3f44b826d29cf0cd8b6509f2789b3bec276fb67b08ea5f010ea40047a,,07/16/2025 10:41:00 AM,30,UNKNOWN,UNKNOWN,UNKNOWN,UNKNOWN,OTHER OBJECT,DIVIDED - W/MEDIAN BARRIER,,STRAIGHT AND LEVEL,UNKNOWN,UNKNOWN,NOT ON SCENE (DESK REPORT),INJURY AND / OR TOW DUE TO CRASH,Y,,Y,$500 OR LESS,07/16/2025 04:37:00 PM,UNABLE TO DETERMINE,UNABLE TO DETERMINE,1814,W,95TH ST,2221,Y,,,,,,2,NONINCAPACITATING INJURY,1,0,0,1,0,1,0,10,4,7,41.7212471458,-87.6680773725,POINT (-87.668077372483 41.721247145848)
e0a4a2148cb440889b0036b69fdb3969caacf19a7e8fb1264885cf0a771b687dd296fae131cfdfdf80519c31117f7a005592f24ccf978c9cd620b8663a13cfa1,,07/16/2025 10:38:00 AM,30,NO CONTROLS,NO CONTROLS,CLEAR,DAYLIGHT,REAR TO FRONT,ONE-WAY,,STRAIGHT AND LEVEL,DRY,NO DEFECTS,ON SCENE,NO INJURY / DRIVE AWAY,,,,"$501 - $1,500",07/16/2025 11:47:00 AM,IMPROPER LANE USAGE,IMPROPER BACKING,564,W,RANDOLPH ST,121,,,,,,,2,NO INDICATION OF INJURY,0,0,0,0,0,2,0,10,4,7,41.8845433977,-87.6423313867,POINT (-87.642331386727 41.884543397738)
938dd421719e3b88d2187ed07e540f080fb4ad1a76094bc56610f8f5d1babe88e922d001bfcf709e58205d96560735ce5acf59d3e93266b3d1e83dcc0b0d878b,,07/16/2025 10:30:00 AM,30,TRAFFIC SIGNAL,FUNCTIONING PROPERLY,CLEAR,DAYLIGHT,SIDESWIPE SAME DIRECTION,DIVIDED - W/MEDIAN (NOT RAISED),,STRAIGHT AND LEVEL,DRY,UNKNOWN,ON SCENE,NO INJURY / DRIVE AWAY,,,,"$501 - $1,500",07/16/2025 10:36:00 AM,IMPROPER LANE USAGE,UNABLE TO DETERMINE,7600,S,ASHLAND AVE,611,,,,,,,2,NO INDICATION OF INJURY,0,0,0,0,0,2,0,10,4,7,41.7557194408,-87.6637177842,POINT (-87.663717784195 41.755719440847)
9e05c032357267f4778e47f682d7ba7b9a77d2c66f844a5ff6b4d43252d71566287c991e628742bc5f776a15f0fd7ae31ffd9a2b58d4d5c655c134837e7f65b4,,07/16/2025 10:30:00 AM,35,NO CONTROLS,NO CONTROLS,CLEAR,DAYLIGHT,PEDALCYCLIST,T-INTERSECTION,,STRAIGHT AND LEVEL,DRY,NO DEFECTS,NOT ON SCENE (DESK REPORT),NO INJURY / DRIVE AWAY,Y,,Y,$500 OR LESS,07/16/2025 11:08:00 AM,UNABLE TO DETERMINE,UNABLE TO DETERMINE,1841,W,95TH ST,2213,,,,,,,2,NO INDICATION OF INJURY,0,0,0,0,0,2,0,10,4,7,41.7210134487,-87.6691689008,POINT (-87.669168900802 41.721013448718)
13c84662784105c4d1778a1ea34f65061f787f08f46f4e50cd36ed828d66d6d96258ca55e7da8c7d4afa209cb102aad1db7a0129727cd6fba243b03b4ccf7ed8,,07/16/2025 10:26:00 AM,30,NO CONTROLS,NO CONTROLS,CLEAR,DAYLIGHT,REAR END,NOT DIVIDED,,STRAIGHT AND LEVEL,DRY,NO DEFECTS,ON SCENE,INJURY AND / OR TOW DUE TO CRASH,,,,"OVER $1,500",07/16/2025 10:28:00 AM,FOLLOWING TOO CLOSELY,NOT APPLICABLE,2229,N,HARLEM AVE,2512,,,,,,,3,"REPORTED, NOT EVIDENT",1,0,0,0,1,2,0,10,4,7,41.9207718215,-87.8060055281,POINT (-87.806005528148 41.920771821545)