CRASH_RECORD_ID,CRASH_DATE_EST_I,CRASH_DATE,POSTED_SPEED_LIMIT,TRAFFIC_CONTROL_DEVICE,DEVICE_CONDITION,WEATHER_CONDITION,LIGHTING_CONDITION,FIRST_CRASH_TYPE,TRAFFICWAY_TYPE,LANE_CNT,ALIGNMENT,ROADWAY_SURFACE_COND,ROAD_DEFECT,REPORT_TYPE,CRASH_TYPE,INTERSECTION_RELATED_I,NOT_RIGHT_OF_WAY_I,HIT_AND_RUN_I,DAMAGE,DATE_POLICE_NOTIFIED,PRIM_CONTRIBUTORY_CAUSE,SEC_CONTRIBUTORY_CAUSE,STREET_NO,STREET_DIRECTION,STREET_NAME,BEAT_OF_OCCURRENCE,PHOTOS_TAKEN_I,STATEMENTS_TAKEN_I,DOORING_I,WORK_ZONE_I,WORK_ZONE_TYPE,WORKERS_PRESENT_I,NUM_UNITS,MOST_SEVERE_INJURY,INJURIES_TOTAL,INJURIES_FATAL,INJURIES_INCAPACITATING,INJURIES_NON_INCAPACITATING,INJURIES_REPORTED_NOT_EVIDENT,INJURIES_NO_INDICATION,INJURIES_UNKNOWN,CRASH_HOUR,CRASH_DAY_OF_WEEK,CRASH_MONTH,LATITUDE,LONGITUDE,LOCATION
eb7360fb30dfaa68bfc31ac672b9c174256b4b765f0cb47e93edd0ac88f225f4f4b91d28712dbe27078cc5a969d0b235021d2ff4c3ec769d2e45a849493124af,,07/16/2025 10:20:00 AM,30,TRAFFIC SIGNAL,FUNCTIONING PROPERLY,CLEAR,DAYLIGHT,TURNING,NOT DIVIDED,,STRAIGHT AND LEVEL,DRY,NO DEFECTS,NOT ON SCENE (DESK REPORT),NO INJURY / DRIVE AWAY,,,,"OVER $1,500",07/16/2025 10:40:00 AM,IMPROPER OVERTAKING/PASSING,DRIVING ON WRONG SIDE/WRONG WAY,800,W,87TH ST,613,,,,,,,2,NO INDICATION OF INJURY,0,0,0,0,0,2,0,10,4,7,41.7361825711,-87.6436598151,POINT (-87.643659815136 41.736182571052)
11bec2ba8326f58995a2c25d6b575f900c07e750e62765a1a60e74ea59f3d6892844afba0fecc5ee00b926e0e9de8ea3a2885699b331277f964c5788ec57ae47,,07/16/2025 10:15:00 AM,30,NO CONTROLS,NO CONTROLS,CLEAR,DAYLIGHT,PARKED MOTOR VEHICLE,NOT DIVIDED,,STRAIGHT AND LEVEL,DRY,NO DEFECTS,ON SCENE,INJURY AND / OR TOW DUE TO CRASH,,,,"OVER $1,500",07/16/2025 10:30:00 AM,DRIVING SKILLS/KNOWLEDGE/EXPERIENCE,DRIVING SKILLS/KNOWLEDGE/EXPERIENCE,349,W,ROOT ST,925,,,,,,,2,NO INDICATION OF INJURY,0,0,0,0,0,1,0,10,4,7,41.8189440238,-87.6357228687,POINT (-87.635722868694 41.818944023753)
16de26c3ef5dbd03f97525d605de114eea8b7274b48a62c9d2096dcac967964a49f0442347a81d02cee02f132fa8ad494f0fb06a1e9a20a15c176b097f2b1123,,07/16/2025 10:15:00 AM,30,TRAFFIC SIGNAL,FUNCTIONING PROPERLY,CLEAR,DAYLIGHT,SIDESWIPE SAME DIRECTION,DIVIDED - W/MEDIAN (NOT RAISED),,STRAIGHT AND LEVEL,DRY,NO DEFECTS,NOT ON SCENE (DESK REPORT),NO INJURY / DRIVE AWAY,,,,"OVER $1,500",07/16/2025 11:25:00 AM,UNABLE TO DETERMINE,UNABLE TO DETERMINE,1838,N,CICERO AVE,2533,,,,,,,2,NO INDICATION OF INJURY,0,0,0,0,0,4,0,10,4,7,41.9144624541,-87.7461556876,POINT (-87.746155687612 41.914462454141)
27300404fafa426502d75e566adae7af10ee3ecef54662662e838ff4f0f3c08b25ea08f7fcb4abfeda97fe29835604cb334a7329082276e9000d422bffb2bb5a,,07/16/2025 10:10:00 AM,30,TRAFFIC SIGNAL,FUNCTIONING PROPERLY,UNKNOWN,DAYLIGHT,PARKED MOTOR VEHICLE,DIVIDED - W/MEDIAN (NOT RAISED),,STRAIGHT AND LEVEL,UNKNOWN,UNKNOWN,NOT ON SCENE (DESK REPORT),NO INJURY / DRIVE AWAY,,,,"$501 - $1,500",07/17/2025 11:00:00 AM,FOLLOWING TOO CLOSELY,UNABLE TO DETERMINE,71,E,MONROE ST,112,,,,,,,2,NO INDICATION OF INJURY,0,0,0,0,0,1,0,10,4,7,41.8807013946,-87.6250689389,POINT (-87.625068938881 41.880701394646)
b626a42aecc1ea9a1313d366bcb7d611ae2d0e0d93daed3129e36d7ba8b99234e09f3f10cce35f08b5849eb1b6a0a7176086eec382a347df6f2c7689e24c54eb,,07/16/2025 10:06:00 AM,30,TRAFFIC SIGNAL,UNKNOWN,CLEAR,DAYLIGHT,ANGLE,NOT DIVIDED,,STRAIGHT AND LEVEL,DRY,UNKNOWN,NOT ON SCENE (DESK REPORT),INJURY AND / OR TOW DUE TO CRASH,Y,,,"OVER $1,500",07/16/2025 10:31:00 AM,FAILING TO YIELD RIGHT-OF-WAY,UNABLE TO DETERMINE,832,W,86TH PL,613,,,,,,,2,NONINCAPACITATING INJURY,2,0,0,1,1,1,0,10,4,7,41.7370711284,-87.6449001402,POINT (-87.644900140239 41.737071128432)
2a9ebe7c772221fc89189946cf93bd3444da0d71de6e70ded989b763543c5204a2165d5a11c4ea03b240c43e78ca839d929799848065a1e50873d1fbd58d2aff,,07/16/2025 10:05:00 AM,30,TRAFFIC SIGNAL,FUNCTIONING PROPERLY,CLEAR,DAYLIGHT,TURNING,DIVIDED - W/MEDIAN (NOT RAISED),,STRAIGHT AND LEVEL,DRY,NO DEFECTS,NOT ON SCENE (DESK REPORT),NO INJURY / DRIVE AWAY,,,,$500 OR LESS,07/16/2025 11:30:00 AM,FAILING TO YIELD RIGHT-OF-WAY,FAILING TO YIELD RIGHT-OF-WAY,1960,W,POLK ST,1231,Y,,,,,,2,NO INDICATION OF INJURY,0,0,0,0,0,2,0,10,4,7,41.8715938082,-87.6759792513,POINT (-87.675979251276 41.871593808235)
627a440b8899411d22074c7168a718a9246638d46bb2ea0fa574875a55161a1e882be2a4152af337065f7fb5f376bbc1f90e5de2331ef0bdaa1602dd1980beb5,,07/16/2025 10:00:00 AM,30,NO CONTROLS,NO CONTROLS,CLEAR,DAYLIGHT,PARKED MOTOR VEHICLE,ONE-WAY,,STRAIGHT AND LEVEL,DRY,UNKNOWN,NOT ON SCENE (DESK REPORT),NO INJURY / DRIVE AWAY,,,Y,"OVER $1,500",07/16/2025 02:50:00 PM,UNABLE TO DETERMINE,NOT APPLICABLE,8249,S,COMMERCIAL AVE,424,,,,,,,2,NO INDICATION OF INJURY,0,0,0,0,0,1,0,10,4,7,41.7449959578,-87.5512812453,POINT (-87.551281245322 41.744995957784)
cc3e1966ea13a173417563bb53c291ca013fa892477875c4581672e319359d9b8d8da8d2b2e7d10cfe8b36772e1d4e5d776a48fcaa744970c068cdf0e45c05f3,Y,07/16/2025 10:00:00 AM,30,NO CONTROLS,NO CONTROLS,CLEAR,DAYLIGHT,PARKED MOTOR VEHICLE,NOT DIVIDED,,STRAIGHT AND LEVEL,DRY,UNKNOWN,NOT ON SCENE (DESK REPORT),NO INJURY / DRIVE AWAY,,,Y,"OVER $1,500",07/16/2025 02:20:00 PM,UNABLE TO DETERMINE,NOT APPLICABLE,2301,S,INDIANA AVE,132,,,,,,,2,NO INDICATION OF INJURY,0,0,0,0,0,1,0,10,4,7,41.8510466746,-87.6220930846,POINT (-87.622093084554 41.851046674633)
25e6ecc8cc3d32b62d91b87b28a89b8a2345e9ca6555469c887e19c3721db8fb58e7723ee936c97498872416ee6e985e5aa451659d9dde58d1656c11cbcaa1cf,,07/16/2025 09:58:00 AM,30,TRAFFIC SIGNAL,FUNCTIONING PROPERLY,CLEAR,DAYLIGHT,SIDESWIPE SAME DIRECTION,FOUR WAY,,STRAIGHT AND LEVEL,DRY,UNKNOWN,ON SCENE,INJURY AND / OR TOW DUE TO CRASH,,,,"OVER $1,500",07/16/2025 10:51:00 AM,UNABLE TO DETERMINE,NOT APPLICABLE,720,S,MICHIGAN AVE,123,,,,,,,2,"REPORTED, NOT EVIDENT",1,0,0,0,1,1,0,9,4,7,41.8727988694,-87.6243378103,POINT (-87.62433781031 41.872798869355)
1c4eed13c0fb00e71d1db945eef82b26fd166245414dd96b8f87167914bc871e21616829da3ded6d005a8ee72e0e68a17c4bec4a4025b20249482fa93ba829e2,Y,07/16/2025 09:48:00 AM,30,TRAFFIC SIGNAL,FUNCTIONING PROPERLY,CLEAR,DAYLIGHT,OTHER OBJECT,FOUR WAY,,STRAIGHT AND LEVEL,DRY,NO DEFECTS,ON SCENE,INJURY AND / OR TOW DUE TO CRASH,Y,,,$500 OR LESS,07/16/2025 09:48:00 AM,DISREGARDING TRAFFIC SIGNALS,DISREGARDING TRAFFIC SIGNALS,7101,S,RACINE AVE,733,,,N,,,,2,NONINCAPACITATING INJURY,1,0,0,1,0,2,0,9,4,7,41.7650136465,-87.6539679141,POINT (-87.653967914112 41.765013646543)
38ca69e9afe83904eb730cf7bedb1112e5ea703f30590a85adf1ef6e030932093a155bf6b8ea4b0f882fe60cd4288548f4f5ffcd17b5060cf2fc997f57b4b3c6,,07/16/2025 09:48:00 AM,30,NO CONTROLS,NO CONTROLS,CLEAR,DAYLIGHT,PARKED MOTOR VEHICLE,NOT DIVIDED,,STRAIGHT AND LEVEL,DRY,NO DEFECTS,NOT ON SCENE (DESK REPORT),NO INJURY / DRIVE AWAY,,,,$500 OR LESS,07/16/2025 10:15:00 AM,UNABLE TO DETERMINE,UNABLE TO DETERMINE,1308,S,THROOP ST,1233,,,,,,,2,NO INDICATION OF INJURY,0,0,0,0,0,1,0,9,4,7,41.8649378432,-87.6589640817,POINT (-87.658964081684 41.864937843215)
8cf0cba985f8385499036c2a68c8b7f012088621a380485dade794d31de5ceba94bb88d14a95423e5060b132bb5e2b2e7c2e7b0ad322e7358547ea8388f01c11,,07/16/2025 09:48:00 AM,35,TRAFFIC SIGNAL,FUNCTIONING PROPERLY,CLEAR,DAYLIGHT,TURNING,DIVIDED - W/MEDIAN (NOT RAISED),,STRAIGHT AND LEVEL,DRY,NO DEFECTS,ON SCENE,INJURY AND / OR TOW DUE TO CRASH,Y,,,"OVER $1,500",07/16/2025 09:52:00 AM,FAILING TO YIELD RIGHT-OF-WAY,NOT APPLICABLE,2598,N,WESTERN AVE,1431,,,,,,,2,NONINCAPACITATING INJURY,1,0,0,1,0,1,0,9,4,7,41.928615792,-87.687920247,POINT (-87.687920247039 41.928615792006)
06579452d66ddc3ad56009e201bd2cf27dac14f3a922e23b4c96b10a7a8aa03cfe27b477bc2f0dec1adb8f8b699464662d12b5d4331278a852a488c4a57fc276,,07/16/2025 09:45:00 AM,30,TRAFFIC SIGNAL,FUNCTIONING PROPERLY,CLEAR,DAYLIGHT,PEDESTRIAN,DRIVEWAY,,STRAIGHT AND LEVEL,DRY,UNKNOWN,ON SCENE,INJURY AND / OR TOW DUE TO CRASH,Y,,,"OVER $1,500",07/16/2025 09:50:00 AM,UNABLE TO DETERMINE,NOT APPLICABLE,166,W,HARRISON ST,123,,,,,,,2,"REPORTED, NOT EVIDENT",1,0,0,0,1,1,0,9,4,7,41.8745990432,-87.6329706381,POINT (-87.632970638143 41.874599043187)
19b202b4fb355efd12cedb54232469225f97f5c0d62def6d1c9dade23cb61eda29abfc4782bed40fae4b9cb129975dea28405e8e3f8d6a7da3fb887e83fde475,,07/16/2025 09:30:00 AM,30,NO CONTROLS,NO CONTROLS,CLEAR,DAYLIGHT,TURNING,T-INTERSECTION,,STRAIGHT AND LEVEL,DRY,NO DEFECTS,ON SCENE,INJURY AND / OR TOW DUE TO CRASH,Y,,,"OVER $1,500",07/16/2025 09:40:00 AM,FAILING TO REDUCE SPEED TO AVOID CRASH,UNABLE TO DETERMINE,5500,N,WESTERN AVE,2011,,,,,,,2,NO INDICATION OF INJURY,0,0,0,0,0,2,0,9,4,7,41.9814643333,-87.6895156565,POINT (-87.689515656453 41.981464333255)
cdef9d45c5ffb769d5eb42126ab52e6b2f8a8e6c55214fece41b0636d2f2ba90a16446892b4fee172667a85e0bd8a0bdd8dcfa49ceb468620137e164d0e95ef5,,07/16/2025 09:30:00 AM,30,TRAFFIC SIGNAL,FUNCTIONING PROPERLY,CLEAR,DAYLIGHT,TURNING,FOUR WAY,,STRAIGHT AND LEVEL,DRY,NO DEFECTS,NOT ON SCENE (DESK REPORT),INJURY AND / OR TOW DUE TO CRASH,,,,"OVER $1,500",07/16/2025 09:44:00 AM,FAILING TO YIELD RIGHT-OF-WAY,FAILING TO YIELD RIGHT-OF-WAY,41,E,IDA B WELLS DR,123,,,,,,,2,NO INDICATION OF INJURY,0,0,0,0,0,2,0,9,4,7,41.8755779668,-87.6260633552,POINT (-87.626063355208 41.875577966768)
0d1b51036d430eb2d25d441020b202b147a01efd76902d6426d4f1e43a558b93d1e820f4b93ea53fa854a3497bbeda882ceb17d04cfc694daf0e97e0d5188e8e,,07/16/2025 09:23:00 AM,30,NO CONTROLS,NO CONTROLS,CLEAR,DAYLIGHT,PARKED MOTOR VEHICLE,DIVIDED - W/MEDIAN (NOT RAISED),,STRAIGHT AND LEVEL,DRY,NO DEFECTS,ON SCENE,INJURY AND / OR TOW DUE TO CRASH,,,Y,"OVER $1,500",07/16/2025 09:24:00 AM,UNABLE TO DETERMINE,DRIVING SKILLS/KNOWLEDGE/EXPERIENCE,4006,S,WESTERN AVE,921,,,,,,,2,NO INDICATION OF INJURY,0,0,0,0,0,1,0,9,4,7,41.8208496271,-87.6849063804,POINT (-87.684906380403 41.82084962708)
287da3624484fb5b470dbe7ddede61086569a42e7008f9d6820ada13d9c3b5c8cbe471e30bd1195ebf8ba966116c4e407abe1756e40fe13047b9e6b1f89208ad,,07/16/2025 09:20:00 AM,30,TRAFFIC SIGNAL,FUNCTIONING PROPERLY,CLEAR,DAYLIGHT,SIDESWIPE SAME DIRECTION,DIVIDED - W/MEDIAN (NOT RAISED),,STRAIGHT AND LEVEL,DRY,UNKNOWN,ON SCENE,NO INJURY / DRIVE AWAY,,,,"OVER $1,500",07/16/2025 09:22:00 AM,FAILING TO YIELD RIGHT-OF-WAY,UNABLE TO DETERMINE,7545,S,ASHLAND AVE,612,,,,,,,2,NO INDICATION OF INJURY,0,0,0,0,0,2,0,9,4,7,41.7562682665,-87.6634376748,POINT (-87.663437674833 41.756268266513)
333d129ab18fbada626d190ad24fd1f9077c36370add2c237768be5a74810a79ac914c527e54376afc9eba3d509590b8f83313894da6a3c1c3670f9f2dd4acba,,07/16/2025 09:20:00 AM,30,TRAFFIC SIGNAL,FUNCTIONING PROPERLY,CLEAR,DAYLIGHT,SIDESWIPE SAME DIRECTION,NOT DIVIDED,,STRAIGHT AND LEVEL,DRY,UNKNOWN,NOT ON SCENE (DESK REPORT),NO INJURY / DRIVE AWAY,,,,"OVER $1,500",07/16/2025 12:00:00 PM,UNABLE TO DETERMINE,UNABLE TO DETERMINE,98,W,WACKER DR,111,,,,,,,2,NO INDICATION OF INJURY,0,0,0,0,0,2,0,9,4,7,41.8870418914,-87.6309319562,POINT (-87.630931956164 41.887041891441)
605865a980a31b7f939124d7d285bad63309a29346dbe604a91037fe6397298e04addff2df6aca1e999986bfef657259d04992220a6e46f4d6c9143195791d8e,,07/16/2025 09:15:00 AM,30,TRAFFIC SIGNAL,NO CONTROLS,CLEAR,DAYLIGHT,TURNING,FOUR WAY,,STRAIGHT AND LEVEL,DRY,NO DEFECTS,NOT ON SCENE (DESK REPORT),NO INJURY / DRIVE AWAY,,,,"$501 - $1,500",07/16/2025 09:45:00 AM,DRIVING SKILLS/KNOWLEDGE/EXPERIENCE,UNABLE TO DETERMINE,3100,S,MORGAN ST,913,,,,,,,2,NO INDICATION OF INJURY,0,0,0,0,0,2,0,9,4,7,41.8379398726,-87.6512862583,POINT (-87.651286258282 41.837939872621)
f46db9c1868de4b03e6f34e0a6bf1fd6f2c8c47f8a8c93737f3a59872e4671750e806bbac199fef6ec569ed3f21f93b3869f29086d9d72ee6f4c472ff5dc93fc,,07/16/2025 09:08:00 AM,30,STOP SIGN/FLASHER,FUNCTIONING PROPERLY,CLEAR,DAYLIGHT,ANGLE,NOT DIVIDED,,STRAIGHT AND LEVEL,DRY,NO DEFECTS,ON SCENE,INJURY AND / OR TOW DUE TO CRASH,Y,,,"OVER $1,500",07/16/2025 09:47:00 AM,FAILING TO YIELD RIGHT-OF-WAY,UNABLE TO DETERMINE,7101,W,DEVON AVE,1611,,,,,,,2,NONINCAPACITATING INJURY,1,0,0,1,0,1,0,9,4,7,41.9976837539,-87.8050197891,POINT (-87.805019789121 41.997683753875)
f0ca99244ca630345791c0be21fbd738920215f8ef5b1faf86fccf8d3edb117e4dbe323d15a0fad3337b55f439824e911ce1f147383bc11471bdf96b46df0b37,,07/16/2025 09:06:00 AM,30,NO CONTROLS,NO CONTROLS,CLEAR,DAYLIGHT,SIDESWIPE SAME DIRECTION,NOT DIVIDED,,STRAIGHT AND LEVEL,DRY,NO DEFECTS,ON SCENE,NO INJURY / DRIVE AWAY,,,,"OVER $1,500",07/17/2025 09:15:00 AM,UNABLE TO DETERMINE,UNABLE TO DETERMINE,1806,N,HONORE ST,1434,,,,,,,2,NO INDICATION OF INJURY,0,0,0,0,0,2,0,9,4,7,41.9144820094,-87.6740441114,POINT (-87.674044111412 41.914482009353)
8062697708412c31eefa00df2ad148257d3be6778c5e9475c4209a2d2f7e60de117c5cb61faf0e83f4dab4aa306a33bc8024808e04db25ce46aa890a525f9513,,07/16/2025 09:05:00 AM,30,NO CONTROLS,NO CONTROLS,CLEAR,DAYLIGHT,REAR END,ONE-WAY,,STRAIGHT AND LEVEL,DRY,NO DEFECTS,NOT ON SCENE (DESK REPORT),NO INJURY / DRIVE AWAY,,,,"OVER $1,500",07/16/2025 09:20:00 AM,UNABLE TO DETERMINE,NOT APPLICABLE,900,N,LAKE SHORE DR,1833,,,,,,,2,NO INDICATION OF INJURY,0,0,0,0,0,2,0,9,4,7,41.8992809909,-87.6188945123,POINT (-87.618894512302 41.89928099092)
1d60e4697f604d4b04f25992118c68f506ca7ad8e2dc897e1c8a0fdeb265efa0e253fc32c5c7ad4f73c22a5396383af974b065d1de66b23f2d2a036ef285ffd1,,07/16/2025 09:01:00 AM,30,STOP SIGN/FLASHER,FUNCTIONING PROPERLY,CLEAR,DAYLIGHT,ANGLE,FOUR WAY,,STRAIGHT AND LEVEL,DRY,NO DEFECTS,NOT ON SCENE (DESK REPORT),INJURY AND / OR TOW DUE TO CRASH,Y,,,"OVER $1,500",07/16/2025 09:01:00 AM,FAILING TO YIELD RIGHT-OF-WAY,UNABLE TO DETERMINE,40,E,87TH ST,632,,,,,,,2,NONINCAPACITATING INJURY,2,0,0,2,0,2,0,9,4,7,41.7364830346,-87.6226871984,POINT (-87.622687198384 41.736483034558)
e33b8680cdb1238b9a56fe7e609e226523992afb4630da9ada9a3d4b9b9cc402de8556ab5bc68545b0d27a1a068da7b7be92e329256e48c83e86ca38156db250,,07/16/2025 09:00:00 AM,35,NO CONTROLS,NO CONTROLS,CLEAR,DAYLIGHT,SIDESWIPE SAME DIRECTION,NOT DIVIDED,,STRAIGHT AND LEVEL,DRY,NO DEFECTS,NOT ON SCENE (DESK REPORT),NO INJURY / DRIVE AWAY,,,Y,"$501 - $1,500",07/16/2025 09:50:00 AM,UNABLE TO DETERMINE,UNABLE TO DETERMINE,4553,N,KEDZIE AVE,1724,,,,,,,2,NO INDICATION OF INJURY,0,0,0,0,0,2,0,9,4,7,41.9645609823,-87.7082035318,POINT (-87.708203531794 41.964560982284)
a079aa29061d7bfde33ad9ae80ae576b8f21f7c8bf9d4628b1244c086e5c398528f4d0c36cee800508ba174b964e30e89a479717deddef12fe8db9b502da15e3,,07/16/2025 08:55:00 AM,30,NO CONTROLS,NO CONTROLS,CLEAR,DAYLIGHT,TURNING,NOT DIVIDED,,STRAIGHT AND LEVEL,DRY,NO DEFECTS,ON SCENE,INJURY AND / OR TOW DUE TO CRASH,,,,"OVER $1,500",07/16/2025 09:56:00 AM,IMPROPER TURNING/NO SIGNAL,FOLLOWING TOO CLOSELY,2961,W,FIFTH AVE,1124,,,,Y,CONSTRUCTION,Y,2,"REPORTED, NOT EVIDENT",2,0,0,0,2,1,0,8,4,7,41.8796926995,-87.700844338,POINT (-87.700844337984 41.879692699478)
b7fb2dd621967020c667a27c5572f1160647abb35148c601d078ac29815c378d77e02cd07db99ef4b7c77f6374e77c65980773bda79f97a46055aef7548c591c,,07/16/2025 08:53:00 AM,20,NO CONTROLS,NO CONTROLS,CLEAR,DAYLIGHT,REAR END,NOT DIVIDED,,STRAIGHT ON GRADE,DRY,NO DEFECTS,NOT ON SCENE (DESK REPORT),INJURY AND / OR TOW DUE TO CRASH,,Y,Y,"OVER $1,500",07/16/2025 06:15:00 PM,UNABLE TO DETERMINE,UNABLE TO DETERMINE,8101,W,HIGGINS RD,1614,,,,,,,2,NONINCAPACITATING INJURY,1,0,0,1,0,1,0,8,4,7,41.9853180725,-87.8298183756,POINT (-87.82981837556 41.985318072504)
284d6eedf560fe84c6314fbeca0a0845f6578cb07b55302767526a08322b6dfda1dc39dc1dd6133b1505a81ede4d29f2259a8694d1b42da7052fcf477c62b767,,07/16/2025 08:50:00 AM,45,TRAFFIC SIGNAL,FUNCTIONING PROPERLY,CLEAR,DAYLIGHT,REAR END,DIVIDED - W/MEDIAN BARRIER,,STRAIGHT AND LEVEL,DRY,NO DEFECTS,NOT ON SCENE (DESK REPORT),NO INJURY / DRIVE AWAY,,,,"OVER $1,500",07/16/2025 09:45:00 AM,FOLLOWING TOO CLOSELY,NOT APPLICABLE,600,S,LAKE SHORE DR SB,114,,,,,,,2,NO INDICATION OF INJURY,0,0,0,0,0,2,0,8,4,7,41.8744704338,-87.6174861959,POINT (-87.617486195888 41.874470433803)
526fc2b4cee61c8672e73e3bfa058ed454b6a14cdad5b062269e3c8f7eb9f165f18f2313b7bd6bcc1fb4ccbf828f1ec93ced167ca29cbd024a08145dfa7fd911,,07/16/2025 08:50:00 AM,30,NO CONTROLS,NO CONTROLS,CLEAR,DAYLIGHT,PARKED MOTOR VEHICLE,PARKING LOT,,STRAIGHT AND LEVEL,DRY,NO DEFECTS,NOT ON SCENE (DESK REPORT),NO INJURY / DRIVE AWAY,,Y,,"OVER $1,500",07/16/2025 06:20:00 PM,DRIVING SKILLS/KNOWLEDGE/EXPERIENCE,UNABLE TO DETERMINE,3348,S,PULASKI RD,1031,,,,,,,2,NO INDICATION OF INJURY,0,0,0,0,0,1,0,8,4,7,41.8321440313,-87.7243959235,POINT (-87.724395923478 41.832144031294)
541d65b67833b6ce1eccfb28be29f0d1da08e82bd16ee5dabe17700dac1a5a61359d97953126e914c4e7cb217a56cb97ccbe513d0c4f4b62c9115998c58448b9,,07/16/2025 08:50:00 AM,25,UNKNOWN,UNKNOWN,UNKNOWN,UNKNOWN,SIDESWIPE SAME DIRECTION,ONE-WAY,,STRAIGHT ON GRADE,OTHER,UNKNOWN,NOT ON SCENE (DESK REPORT),NO INJURY / DRIVE AWAY,,,,$500 OR LESS,07/17/2025 08:45:00 PM,UNABLE TO DETERMINE,UNABLE TO DETERMINE,3711,W,DOUGLAS BLVD,1011,,,,,,,2,NO INDICATION OF INJURY,0,0,0,0,0,2,0,8,4,7,41.8622547284,-87.7182592682,POINT (-87.718259268187 41.862254728383)
e4e728e0e4237887681b14daa7f9e6856e62a17851aaa02962dba411eadcd50d07497b3fd84e49047d242f3f9184fc5b3f5a848f53fed58575d29adab36d50ab,,07/16/2025 08:49:00 AM,30,UNKNOWN,UNKNOWN,UNKNOWN,UNKNOWN,SIDESWIPE SAME DIRECTION,NOT DIVIDED,,STRAIGHT AND LEVEL,UNKNOWN,UNKNOWN,NOT ON SCENE (DESK REPORT),NO INJURY / DRIVE AWAY,,,Y,"$501 - $1,500",07/25/2025 04:00:00 PM,DRIVING SKILLS/KNOWLEDGE/EXPERIENCE,UNABLE TO DETERMINE,554,W,ROOSEVELT RD,124,,,,,,,2,NO INDICATION OF INJURY,0,0,0,0,0,2,0,8,4,7,41.8673414957,-87.6414141413,POINT (-87.641414141304 41.86734149568)
98df1bdd97a2ed0b795b65a17ee9f6bd39461b16c2eb10c11750f1ad2245214755691254c5988a0add21dbb6d2340b6530601d54a417a7f059f317a063f21781,,07/16/2025 08:45:00 AM,30,NO CONTROLS,NO CONTROLS,CLEAR,DAYLIGHT,TURNING,NOT DIVIDED,,STRAIGHT AND LEVEL,DRY,UNKNOWN,NOT ON SCENE (DESK REPORT),NO INJURY / DRIVE AWAY,,,,"OVER $1,500",07/16/2025 08:45:00 AM,FAILING TO YIELD RIGHT-OF-WAY,IMPROPER TURNING/NO SIGNAL,1601,N,CLARK ST,1814,,,,,,,2,NO INDICATION OF INJURY,0,0,0,0,0,2,0,8,4,7,41.9113103613,-87.6315665709,POINT (-87.631566570904 41.911310361329)
0b8e35ed9a92099b72c5d43dbaa897da545d0105139aba8e95b7436ed0b73502db468c7d70037ce7b87e975fddf0de972012b32f3cf7271566045f8d0072afb1,,07/16/2025 08:40:00 AM,30,NO CONTROLS,NO CONTROLS,CLEAR,DAYLIGHT,ANGLE,NOT DIVIDED,,STRAIGHT AND LEVEL,DRY,NO DEFECTS,NOT ON SCENE (DESK REPORT),NO INJURY / DRIVE AWAY,,,,"$501 - $1,500",07/16/2025 09:15:00 AM,UNABLE TO DETERMINE,UNABLE TO DETERMINE,310,E,75TH ST,323,,,,,,,2,NO INDICATION OF INJURY,0,0,0,0,0,5,0,8,4,7,41.7584702877,-87.6178042481,POINT (-87.617804248082 41.758470287731)
25fe8fb2048d018606e6baa2fd78aee938070b82045e81b1dbb2e281813ffd6ad7966ca29737983d8e65b3fb922d458547392057fbc13d05ad23466ce5c0c623,,07/16/2025 08:40:00 AM,30,TRAFFIC SIGNAL,FUNCTIONING PROPERLY,CLEAR,DAYLIGHT,REAR END,NOT DIVIDED,,STRAIGHT AND LEVEL,DRY,NO DEFECTS,ON SCENE,NO INJURY / DRIVE AWAY,,,,"OVER $1,500",07/16/2025 08:46:00 AM,FOLLOWING TOO CLOSELY,FAILING TO REDUCE SPEED TO AVOID CRASH,6533,S,STATE ST,312,,,,,,,2,NO INDICATION OF INJURY,0,0,0,0,0,5,0,8,4,7,41.7753781782,-87.6250407374,POINT (-87.625040737382 41.775378178191)
b4ed9af650f246c9030b22bc833aa51df36eec49274408b70f45e4f8f93df356ca7ba3622e1333be25ecf21336a532cdfa8c055fe097b986975548f58141c3ec,,07/16/2025 08:30:00 AM,30,NO CONTROLS,NO CONTROLS,CLEAR,DAYLIGHT,SIDESWIPE SAME DIRECTION,NOT DIVIDED,,STRAIGHT AND LEVEL,DRY,NO DEFECTS,NOT ON SCENE (DESK REPORT),NO INJURY / DRIVE AWAY,,,,"OVER $1,500",07/16/2025 12:15:00 PM,UNABLE TO DETERMINE,NOT APPLICABLE,700,N,LAKE SHORE DR,1834,,,,,,,2,NO INDICATION OF INJURY,0,0,0,0,0,2,0,8,4,7,41.8950740512,-87.6160435368,POINT (-87.616043536802 41.895074051236)
4b8772f3104f1fe4000775b79c9f6bef7f93576a1eb5edee5990c70ca7c00f9af60e0163370570ea69c22e44f672afdd90246e6f63f69b86603e7c94392adbeb,,07/16/2025 08:25:00 AM,30,TRAFFIC SIGNAL,NO CONTROLS,CLEAR,DAYLIGHT,TURNING,FOUR WAY,,STRAIGHT AND LEVEL,DRY,NO DEFECTS,NOT ON SCENE (DESK REPORT),NO INJURY / DRIVE AWAY,Y,,,$500 OR LESS,07/16/2025 08:51:00 AM,FOLLOWING TOO CLOSELY,NOT APPLICABLE,3401,W,LAWRENCE AVE,1723,,,,,,,2,NO INDICATION OF INJURY,0,0,0,0,0,2,0,8,4,7,41.9682906226,-87.7134228285,POINT (-87.713422828481 41.968290622554)