CRASH_RECORD_ID,CRASH_DATE_EST_I,CRASH_DATE,POSTED_SPEED_LIMIT,TRAFFIC_CONTROL_DEVICE,DEVICE_CONDITION,WEATHER_CONDITION,LIGHTING_CONDITION,FIRST_CRASH_TYPE,TRAFFICWAY_TYPE,LANE_CNT,ALIGNMENT,ROADWAY_SURFACE_COND,ROAD_DEFECT,REPORT_TYPE,CRASH_TYPE,INTERSECTION_RELATED_I,NOT_RIGHT_OF_WAY_I,HIT_AND_RUN_I,DAMAGE,DATE_POLICE_NOTIFIED,PRIM_CONTRIBUTORY_CAUSE,SEC_CONTRIBUTORY_CAUSE,STREET_NO,STREET_DIRECTION,STREET_NAME,BEAT_OF_OCCURRENCE,PHOTOS_TAKEN_I,STATEMENTS_TAKEN_I,DOORING_I,WORK_ZONE_I,WORK_ZONE_TYPE,WORKERS_PRESENT_I,NUM_UNITS,MOST_SEVERE_INJURY,INJURIES_TOTAL,INJURIES_FATAL,INJURIES_INCAPACITATING,INJURIES_NON_INCAPACITATING,INJURIES_REPORTED_NOT_EVIDENT,INJURIES_NO_INDICATION,INJURIES_UNKNOWN,CRASH_HOUR,CRASH_DAY_OF_WEEK,CRASH_MONTH,LATITUDE,LONGITUDE,LOCATION
772383afcb388fb2bc300e4dd5e22aafc4bd194c9dbc28031acfee713af5569d4373d09d8680b9c99d77d2f61604f07228a2910637f23a4c593160d22e6efa21,,07/16/2025 08:20:00 AM,30,NO CONTROLS,NO CONTROLS,CLEAR,DAYLIGHT,REAR END,PARKING LOT,,STRAIGHT ON GRADE,DRY,NO DEFECTS,NOT ON SCENE (DESK REPORT),NO INJURY / DRIVE AWAY,,,,"OVER $1,500",07/24/2025 02:20:00 PM,UNABLE TO DETERMINE,UNABLE TO DETERMINE,222,E,HURON ST,1834,,,,,,,2,NO INDICATION OF INJURY,0,0,0,0,0,2,0,8,4,7,41.8951081058,-87.6218079229,POINT (-87.621807922945 41.895108105791)
a5ac24074d693ce7b7ecd93e763dcd811cdb946d7f0005b511f58d0acd9643206e578a8e028e0e8717e02095dc7124e865078f596f20ad955131868368db75a8,,07/16/2025 08:16:00 AM,30,TRAFFIC SIGNAL,FUNCTIONING PROPERLY,CLEAR,DAYLIGHT,ANGLE,FOUR WAY,,STRAIGHT AND LEVEL,DRY,UNKNOWN,,INJURY AND / OR TOW DUE TO CRASH,Y,,,"OVER $1,500",07/16/2025 08:17:00 AM,DISREGARDING TRAFFIC SIGNALS,ROAD CONSTRUCTION/MAINTENANCE,1400,W,74TH ST,734,,,,Y,CONSTRUCTION,Y,2,"REPORTED, NOT EVIDENT",1,0,0,0,1,2,0,8,4,7,41.7596324378,-87.6589090053,POINT (-87.65890900533 41.759632437775)
758c70a93e8de359b82f68124d1caf50fb3062d0d3f953e05a3bfdb498db7b394aa41836cf4550c4bb0b0390b5bf73b28bfc8b829cec57900c7fef2da9708e6f,,07/16/2025 08:15:00 AM,30,UNKNOWN,UNKNOWN,CLEAR,DAYLIGHT,SIDESWIPE SAME DIRECTION,NOT DIVIDED,,STRAIGHT AND LEVEL,UNKNOWN,UNKNOWN,ON SCENE,NO INJURY / DRIVE AWAY,,,,"OVER $1,500",07/16/2025 08:25:00 AM,UNABLE TO DETERMINE,UNABLE TO DETERMINE,4793,N,ELSTON AVE,1722,,,,,,,2,NO INDICATION OF INJURY,0,0,0,0,0,4,0,8,4,7,41.9681858105,-87.7400608688,POINT (-87.740060868767 41.968185810509)
053ace94b3db4c6abecfe4c85afa9eb4467ee7a42c245141940f869fd36ed05a626552bafee8e60baa3567c5ceef8593b5d0b42bfa34190c55fe6c426131ecd0,,07/16/2025 08:00:00 AM,15,NO CONTROLS,NO CONTROLS,CLEAR,DAYLIGHT,FIXED OBJECT,ALLEY,,STRAIGHT AND LEVEL,DRY,UNKNOWN,ON SCENE,NO INJURY / DRIVE AWAY,,,Y,"OVER $1,500",07/16/2025 09:30:00 AM,UNABLE TO DETERMINE,NOT APPLICABLE,4715,S,LAMON AVE,814,,,,,,,1,NO INDICATION OF INJURY,0,0,0,0,0,1,0,8,4,7,41.80710465,-87.7454429951,POINT (-87.745442995123 41.807104649998)
e0eab8550a9663dd334de426d0895beabfc8c5a921124819a49e72d7dbaef8256783b25b3b6b943d83a92bd4af5da6919b0234728597df215bd4268b7ae31781,,07/16/2025 08:00:00 AM,30,NO CONTROLS,NO CONTROLS,CLEAR,DAYLIGHT,REAR END,NOT DIVIDED,,STRAIGHT AND LEVEL,DRY,NO DEFECTS,NOT ON SCENE (DESK REPORT),NO INJURY / DRIVE AWAY,,,,"$501 - $1,500",07/16/2025 09:00:00 AM,UNABLE TO DETERMINE,UNABLE TO DETERMINE,49,E,95TH ST,511,,,,,,,2,NO INDICATION OF INJURY,0,0,0,0,0,2,0,8,4,7,41.721652387,-87.6217521712,POINT (-87.621752171201 41.721652387049)
e2f92a617fe1e7c915d68b5f5546eb03313db57c589fff110d951c49829a8fae901cd0a9cd3935a42dc95a773a572bfb05ef2de59dc3f236adb179a7a2e91233,,07/16/2025 07:59:00 AM,30,NO CONTROLS,NO CONTROLS,CLEAR,DAYLIGHT,SIDESWIPE SAME DIRECTION,ONE-WAY,,STRAIGHT AND LEVEL,DRY,NO DEFECTS,ON SCENE,NO INJURY / DRIVE AWAY,,,Y,"$501 - $1,500",07/16/2025 08:36:00 AM,IMPROPER OVERTAKING/PASSING,UNABLE TO DETERMINE,1958,N,FREMONT ST,1813,,,,,,,2,NO INDICATION OF INJURY,0,0,0,0,0,2,0,7,4,7,41.9176573601,-87.6510703574,POINT (-87.651070357378 41.917657360067)
e6105375297a8b7c027df609f80f7426343eb6078b76d16786e2e2a0cb1debf1f3e8c2b03173f42be489fbbb167831a3e1974f299088b0a796bebfd42534f012,,07/16/2025 07:59:00 AM,30,NO CONTROLS,NO CONTROLS,CLEAR,DAYLIGHT,SIDESWIPE SAME DIRECTION,ONE-WAY,,STRAIGHT AND LEVEL,DRY,NO DEFECTS,NOT ON SCENE (DESK REPORT),NO INJURY / DRIVE AWAY,,,,"$501 - $1,500",07/16/2025 09:20:00 AM,UNABLE TO DETERMINE,NOT APPLICABLE,3445,N,WOLCOTT AVE,1922,,,,,,,2,NO INDICATION OF INJURY,0,0,0,0,0,2,0,7,4,7,41.9445793342,-87.6759216302,POINT (-87.675921630152 41.944579334215)
e42fa3540f663299df86f1cf1772886eac87c5a314cc320d10b019b3be00bde1d6fbb9376e11443f2a8dc645a8b3b43ad6522b69cc340119e781869fb712e180,,07/16/2025 07:50:00 AM,30,NO CONTROLS,NO CONTROLS,CLEAR,DAYLIGHT,SIDESWIPE SAME DIRECTION,Y-INTERSECTION,,"CURVE, LEVEL",DRY,NO DEFECTS,ON SCENE,NO INJURY / DRIVE AWAY,Y,,,"OVER $1,500",07/16/2025 08:05:00 AM,IMPROPER LANE USAGE,FAILING TO YIELD RIGHT-OF-WAY,6401,N,SHERIDAN RD,2432,,,,,,,2,NO INDICATION OF INJURY,0,0,0,0,0,2,0,7,4,7,41.9983088064,-87.6596963833,POINT (-87.659696383256 41.99830880639)
e2377818c6f6ef595375b22ab428b37e8ec5096b65b29d7d2552817423787ff84d9e6a1562e29f4eb0c4b2503c930a6b961cb16cd77848f25d6760b7347b524f,,07/16/2025 07:45:00 AM,30,TRAFFIC SIGNAL,FUNCTIONING PROPERLY,CLEAR,DAYLIGHT,SIDESWIPE SAME DIRECTION,FOUR WAY,,STRAIGHT AND LEVEL,DRY,NO DEFECTS,NOT ON SCENE (DESK REPORT),NO INJURY / DRIVE AWAY,Y,,,"OVER $1,500",07/16/2025 10:35:00 AM,IMPROPER LANE USAGE,FOLLOWING TOO CLOSELY,3405,W,GRAND AVE,1121,,,,,,,2,NO INDICATION OF INJURY,0,0,0,0,0,3,0,7,4,7,41.8998054561,-87.7117734727,POINT (-87.711773472682 41.899805456113)
63161261654b09e9db3f28a19ad78c4ef3eee9d215c843243a224f9352aa98caca29e95001c4108c69f394651644b1d496f972f26d4b2ca2e1edc06641c0b4a3,,07/16/2025 07:30:00 AM,30,TRAFFIC SIGNAL,FUNCTIONING PROPERLY,CLEAR,DAYLIGHT,REAR END,DIVIDED - W/MEDIAN (NOT RAISED),,STRAIGHT AND LEVEL,DRY,NO DEFECTS,NOT ON SCENE (DESK REPORT),INJURY AND / OR TOW DUE TO CRASH,,,,"OVER $1,500",07/16/2025 02:00:00 PM,UNABLE TO DETERMINE,NOT APPLICABLE,1701,E,95TH ST,431,,,,,,,3,"REPORTED, NOT EVIDENT",1,0,0,0,1,2,0,7,4,7,41.7222677958,-87.5825101943,POINT (-87.582510194343 41.722267795816)
3569d8a716def9697f71711ba5cc3ad1a8e1ae6c8a535fc6eb9f43106d704a9139b04dbd1e73344bfd292e548928f7de66f4096d5628d5d69b6f9988e69aff77,,07/16/2025 07:25:00 AM,30,NO CONTROLS,NO CONTROLS,CLEAR,DAYLIGHT,REAR END,NOT DIVIDED,,STRAIGHT AND LEVEL,DRY,NO DEFECTS,NOT ON SCENE (DESK REPORT),NO INJURY / DRIVE AWAY,,,,"OVER $1,500",07/16/2025 07:40:00 AM,FOLLOWING TOO CLOSELY,NOT APPLICABLE,2240,E,103RD ST,431,,,,,,,2,NO INDICATION OF INJURY,0,0,0,0,0,2,0,7,4,7,41.7081442986,-87.5689044763,POINT (-87.568904476268 41.708144298567)
57d9cc318bd899546d8a62d2fc3e20da12dd95bd7f7c6cc378c6c34816a0da6b72c02effd94096640af45bd81d95f008cd1c63438166f3e8f22dfa8df02f773d,,07/16/2025 07:18:00 AM,30,NO CONTROLS,NO CONTROLS,CLEAR,DAYLIGHT,FIXED OBJECT,Y-INTERSECTION,,STRAIGHT AND LEVEL,DRY,NO DEFECTS,ON SCENE,INJURY AND / OR TOW DUE TO CRASH,,,,"OVER $1,500",07/16/2025 08:12:00 AM,UNABLE TO DETERMINE,UNABLE TO DETERMINE,7620,S,GREENWOOD AVE,624,,,,,,,1,NO INDICATION OF INJURY,0,0,0,0,0,1,0,7,4,7,41.7563599709,-87.5980218951,POINT (-87.598021895069 41.756359970933)
2d4308931b38d042c47f944bb25a3323e8f6d69684d1ac7cf6ddf2ab33d81e753f41f21df78822e1cad2709ad9b89cc7f03fa1e6ccbc4e7cb97e63ceb9726417,,07/16/2025 07:17:00 AM,10,NO CONTROLS,NO CONTROLS,CLEAR,DAYLIGHT,PEDESTRIAN,PARKING LOT,,STRAIGHT AND LEVEL,DRY,NO DEFECTS,ON SCENE,NO INJURY / DRIVE AWAY,,,Y,"OVER $1,500",07/16/2025 07:18:00 AM,UNABLE TO DETERMINE,UNABLE TO DETERMINE,520,S,CALIFORNIA AVE,1135,,,,,,,2,NO INDICATION OF INJURY,0,0,0,0,0,2,0,7,4,7,41.8742192232,-87.6962601439,POINT (-87.696260143885 41.874219223243)
65e23a3e0c88371cd93dc99ee21003fc0460beb79d892b5309df6e9820439a18cf26b48f9ceb92a0150c8ecdd69988845d3f9e59370719c92e63206ca680ae23,,07/16/2025 07:09:00 AM,30,STOP SIGN/FLASHER,FUNCTIONING PROPERLY,CLEAR,DAYLIGHT,ANGLE,FOUR WAY,,STRAIGHT AND LEVEL,DRY,NO DEFECTS,,INJURY AND / OR TOW DUE TO CRASH,Y,,,"OVER $1,500",07/16/2025 07:14:00 AM,FAILING TO YIELD RIGHT-OF-WAY,FAILING TO YIELD RIGHT-OF-WAY,3732,W,CERMAK RD,1014,,,,,,,2,"REPORTED, NOT EVIDENT",1,0,0,0,1,1,0,7,4,7,41.85173386,-87.7185943428,POINT (-87.718594342791 41.851733860044)
13348e7063d43d6f655e66cdd73a1ede01e1f938dc62482b108f3accd5fd17f2dff99ed73dc04ec22d952c784a1ea1ff1700bfccb87487ad19f751fcab7867ab,,07/16/2025 07:08:00 AM,30,TRAFFIC SIGNAL,FUNCTIONING PROPERLY,CLEAR,DAYLIGHT,ANGLE,DIVIDED - W/MEDIAN (NOT RAISED),,STRAIGHT AND LEVEL,DRY,NO DEFECTS,ON SCENE,NO INJURY / DRIVE AWAY,Y,,,"OVER $1,500",07/16/2025 07:15:00 AM,DISREGARDING TRAFFIC SIGNALS,NOT APPLICABLE,500,N,RUSH ST,1834,,,,,,,2,NO INDICATION OF INJURY,0,0,0,0,0,2,0,7,4,7,41.8909498489,-87.6254961678,POINT (-87.625496167836 41.89094984886)
0bccc59c64980ef1bd820192490e441fa9dd3f8500f88f48d2aa529c433c307a555cd91d3c9dd6be304ab2c52258e3402543bf6b8b7735b961de7287fefb84a1,,07/16/2025 07:00:00 AM,30,NO CONTROLS,NO CONTROLS,CLEAR,DAYLIGHT,PARKED MOTOR VEHICLE,ONE-WAY,,STRAIGHT AND LEVEL,DRY,NO DEFECTS,NOT ON SCENE (DESK REPORT),NO INJURY / DRIVE AWAY,,,Y,"OVER $1,500",07/16/2025 11:10:00 AM,UNABLE TO DETERMINE,UNABLE TO DETERMINE,2800,W,WELLINGTON AVE,1411,,,,,,,2,NO INDICATION OF INJURY,0,0,0,0,0,1,0,7,4,7,41.9358526249,-87.6977875002,POINT (-87.697787500201 41.935852624879)
10d310c4b29d447a48213006ff488d05b2ee9fb8e608c7730075b4d2a248f55392651d10f6fd7baac6d567d54b1b051d6e20e024f14d8e0d99a579120bc220ab,,07/16/2025 07:00:00 AM,30,TRAFFIC SIGNAL,FUNCTIONING PROPERLY,CLEAR,DAYLIGHT,PEDALCYCLIST,NOT DIVIDED,,STRAIGHT AND LEVEL,DRY,NO DEFECTS,ON SCENE,INJURY AND / OR TOW DUE TO CRASH,Y,,,"OVER $1,500",07/16/2025 07:05:00 AM,FAILING TO YIELD RIGHT-OF-WAY,TURNING RIGHT ON RED,4001,W,CERMAK RD,1013,,,,,,,2,NONINCAPACITATING INJURY,1,0,0,1,0,1,0,7,4,7,41.8514348832,-87.724876709,POINT (-87.724876709027 41.851434883205)
27c12b9157b5ec61d48327668baa6201b1ab5a700a58b9aeada285c485fb0fb25a2e78d4ae19943f51906d0f5e9f40051cd3cd1e9156d3900c7a770f0a21e247,,07/16/2025 07:00:00 AM,30,TRAFFIC SIGNAL,FUNCTIONING PROPERLY,CLEAR,DAYLIGHT,TURNING,FOUR WAY,,STRAIGHT AND LEVEL,DRY,NO DEFECTS,ON SCENE,INJURY AND / OR TOW DUE TO CRASH,Y,,,"OVER $1,500",07/16/2025 07:03:00 AM,DISTRACTION - FROM OUTSIDE VEHICLE,DRIVING SKILLS/KNOWLEDGE/EXPERIENCE,4400,W,IRVING PARK RD,1722,,,,,,,2,NO INDICATION OF INJURY,0,0,0,0,0,2,0,7,4,7,41.9536379431,-87.7381286845,POINT (-87.738128684531 41.953637943136)
34441a0832e3aa28dd25e5d0a6dacdfd6150586399ffbf0e892059ff4a49426dbcef8913756d6d4839e8f7ff6808c311d80d7e97010c2724a1e3e13c0d525730,,07/16/2025 07:00:00 AM,20,NO CONTROLS,NO CONTROLS,CLEAR,DAYLIGHT,PARKED MOTOR VEHICLE,ONE-WAY,,STRAIGHT AND LEVEL,DRY,NO DEFECTS,ON SCENE,INJURY AND / OR TOW DUE TO CRASH,,,Y,"OVER $1,500",07/16/2025 07:23:00 AM,UNABLE TO DETERMINE,UNABLE TO DETERMINE,5254,S,CHRISTIANA AVE,822,,,,,,,2,NO INDICATION OF INJURY,0,0,0,0,0,1,0,7,4,7,41.7973178343,-87.7074878694,POINT (-87.707487869351 41.797317834268)
9309b8fbbc182eee6f41930542e2148df2a504e87cdd92898f7a86c067431295a9cf38a56cdcea1354812c90aa16ae3d68ad517e8819342554b261547b98e39a,,07/16/2025 07:00:00 AM,15,UNKNOWN,UNKNOWN,UNKNOWN,UNKNOWN,PARKED MOTOR VEHICLE,PARKING LOT,,STRAIGHT AND LEVEL,UNKNOWN,UNKNOWN,ON SCENE,NO INJURY / DRIVE AWAY,,,,"$501 - $1,500",07/16/2025 07:08:00 AM,UNABLE TO DETERMINE,NOT APPLICABLE,4719,N,LINCOLN AVE,1911,,,,,,,2,NO INDICATION OF INJURY,0,0,0,0,0,1,0,7,4,7,41.9671522746,-87.687449533,POINT (-87.687449533028 41.967152274574)
e82ab8588db02d147002fd1f5feaa06b0250f3eb073528a4447cbccb416e3e8a318ca0cda9ce2e72b728c882531c78025fd18a517ac3803f58351b0e014f08f8,,07/16/2025 06:55:00 AM,30,TRAFFIC SIGNAL,FUNCTIONING PROPERLY,CLEAR,DAYLIGHT,TURNING,FOUR WAY,,STRAIGHT AND LEVEL,DRY,UNKNOWN,ON SCENE,INJURY AND / OR TOW DUE TO CRASH,Y,,,"OVER $1,500",07/16/2025 06:59:00 AM,FAILING TO YIELD RIGHT-OF-WAY,FAILING TO REDUCE SPEED TO AVOID CRASH,2101,W,POLK ST,1225,,,,,,,2,NONINCAPACITATING INJURY,1,0,0,1,0,1,0,6,4,7,41.871326858,-87.6790244042,POINT (-87.679024404192 41.871326858043)
8e3e880bfd1a7f034c570cd086148c0c7fce068da620e873821db7a70f89f6638816675cb00da1a2bc3cc49a8d573f5b3d4e95f1f56cf23ca56548100462ebcd,,07/16/2025 06:50:00 AM,30,TRAFFIC SIGNAL,FUNCTIONING PROPERLY,CLEAR,DAYLIGHT,REAR END,DIVIDED - W/MEDIAN (NOT RAISED),,STRAIGHT ON GRADE,DRY,NO DEFECTS,ON SCENE,NO INJURY / DRIVE AWAY,,,,"OVER $1,500",07/16/2025 07:13:00 AM,UNABLE TO DETERMINE,UNABLE TO DETERMINE,3598,E,95TH ST,432,,,,,,,2,NO INDICATION OF INJURY,0,0,0,0,0,2,0,6,4,7,41.7230505448,-87.5366034052,POINT (-87.536603405168 41.723050544846)
011d597ef0ed3ca6519a215ca1c7d7d9eb298626fa1f1fdad2aaecab1fdfeb15f695be3935cbeec78feeaf35030c92b6834c5e58109c5c15e7dd74abbf0bb972,,07/16/2025 06:40:00 AM,30,TRAFFIC SIGNAL,FUNCTIONING PROPERLY,CLEAR,DAYLIGHT,REAR END,ONE-WAY,,STRAIGHT AND LEVEL,DRY,NO DEFECTS,,INJURY AND / OR TOW DUE TO CRASH,,,Y,"OVER $1,500",07/16/2025 07:00:00 AM,FAILING TO REDUCE SPEED TO AVOID CRASH,NOT APPLICABLE,9500,S,JEFFERY AVE,431,,,,,,,2,"REPORTED, NOT EVIDENT",1,0,0,0,1,1,0,6,4,7,41.722375907,-87.5754999033,POINT (-87.575499903328 41.722375907041)
7ca6d770a1e0e983642c6cf89b4a7e759ebdf4371264e5fbbf2ee51a473bbb29317fe251eee8592153e1960482212580f7b5414ee5f308d7e3000c8b67d071b7,,07/16/2025 06:33:00 AM,30,TRAFFIC SIGNAL,FUNCTIONING PROPERLY,CLEAR,DAYLIGHT,ANGLE,NOT DIVIDED,,STRAIGHT AND LEVEL,DRY,NO DEFECTS,ON SCENE,NO INJURY / DRIVE AWAY,,,Y,"OVER $1,500",07/16/2025 06:33:00 AM,FAILING TO YIELD RIGHT-OF-WAY,UNABLE TO DETERMINE,5701,S,DAMEN AVE,715,,,,,,,2,NO INDICATION OF INJURY,0,0,0,0,0,3,0,6,4,7,41.7901842134,-87.6740461964,POINT (-87.674046196398 41.790184213376)
1b7c1a8034b0b905d7d4208d956c8839865f65d20ee9f5719404f5886a7ab58fde5103963091f6fdf742bc6100047dcc291b7d7d77c7efedc202263de147fd14,,07/16/2025 06:30:00 AM,30,NO CONTROLS,NO CONTROLS,CLEAR,DAYLIGHT,SIDESWIPE SAME DIRECTION,NOT DIVIDED,,STRAIGHT AND LEVEL,DRY,NO DEFECTS,NOT ON SCENE (DESK REPORT),NO INJURY / DRIVE AWAY,,,,"OVER $1,500",07/16/2025 03:47:00 PM,NOT APPLICABLE,NOT APPLICABLE,5200,W,ROOSEVELT RD,1522,,,,,,,3,NO INDICATION OF INJURY,0,0,0,0,0,2,0,6,4,7,41.8658567344,-87.7548716042,POINT (-87.754871604193 41.865856734392)
1a9e47870556382a5eed3abac6154be8afd3368bb68a3713ed47dc444674bda1a45a88a1840f6b2533d55a76a2d81361debe6d60fec95f082247bbfe73ddf385,,07/16/2025 06:20:00 AM,30,STOP SIGN/FLASHER,FUNCTIONING PROPERLY,CLEAR,DAYLIGHT,ANGLE,NOT DIVIDED,,STRAIGHT AND LEVEL,DRY,NO DEFECTS,NOT ON SCENE (DESK REPORT),NO INJURY / DRIVE AWAY,Y,,N,"OVER $1,500",07/16/2025 07:55:00 AM,FAILING TO YIELD RIGHT-OF-WAY,DRIVING SKILLS/KNOWLEDGE/EXPERIENCE,4547,W,WASHINGTON BLVD,1113,,,,,,,2,NO INDICATION OF INJURY,0,0,0,0,0,2,0,6,4,7,41.8817685262,-87.7398795669,POINT (-87.739879566872 41.881768526214)
723f6090dac252a123a9c7e5599b7088a0b42be27110e5cb8dd045884e7970f7242d572c378487a4ce27d882dccf0c1a5916929ae9f41e878a3c76a028274247,,07/16/2025 06:20:00 AM,20,STOP SIGN/FLASHER,FUNCTIONING PROPERLY,CLEAR,DAYLIGHT,REAR TO FRONT,ONE-WAY,,STRAIGHT AND LEVEL,DRY,NO DEFECTS,NOT ON SCENE (DESK REPORT),NO INJURY / DRIVE AWAY,,,,"$501 - $1,500",07/16/2025 06:45:00 AM,FAILING TO YIELD RIGHT-OF-WAY,NOT APPLICABLE,4799,W,SCHUBERT AVE,2521,,,,,,,2,NO INDICATION OF INJURY,0,0,0,0,0,3,0,6,4,7,41.9294047509,-87.7463859207,POINT (-87.746385920712 41.929404750894)
8586ad2e47cd4b7da6c62fdf51500406e92afa14af2cc237e18cf13c1ef1512d71ae65f921a4cb4e22749e95da3956f79f885cf6daeaefdafae169c5a8f0a4fb,,07/16/2025 06:02:00 AM,35,NO CONTROLS,NO CONTROLS,CLEAR,DAYLIGHT,PARKED MOTOR VEHICLE,DIVIDED - W/MEDIAN BARRIER,,STRAIGHT AND LEVEL,DRY,UNKNOWN,ON SCENE,INJURY AND / OR TOW DUE TO CRASH,,,,"OVER $1,500",07/16/2025 06:03:00 AM,EQUIPMENT - VEHICLE CONDITION,NOT APPLICABLE,7947,S,ASHLAND AVE,612,Y,,,,,,3,NO INDICATION OF INJURY,0,0,0,0,0,1,0,6,4,7,41.7489608104,-87.6632623226,POINT (-87.663262322565 41.748960810418)
4d272ac8c50cd5e28532e63cc2500825ce6c16612d34a61a9ea7a5c62eeb84fd154a662b1f9b90b881b2d9b3e22d7f900d0795bcc2a3c7497442e21c59a4d2ff,,07/16/2025 05:40:00 AM,45,TRAFFIC SIGNAL,FUNCTIONING PROPERLY,CLEAR,DAYLIGHT,REAR END,DIVIDED - W/MEDIAN BARRIER,,STRAIGHT AND LEVEL,DRY,NO DEFECTS,NOT ON SCENE (DESK REPORT),NO INJURY / DRIVE AWAY,,,,$500 OR LESS,07/16/2025 08:10:00 AM,UNABLE TO DETERMINE,NOT APPLICABLE,10000,W,OHARE ST,1651,,,,,,,2,NO INDICATION OF INJURY,0,0,0,0,0,2,0,5,4,7,41.976201139,-87.9053091251,POINT (-87.905309125103 41.976201139024)
a2e15b0feaff014e4512d76cce6375b738ef5c6dbb3dd92df138140df085c7d32db077649cd8b450ad00d2f19de48d5a960c5aebdfeda36a79e380fd6604053f,,07/16/2025 05:40:00 AM,35,TRAFFIC SIGNAL,FUNCTIONING PROPERLY,CLEAR,DAYLIGHT,TURNING,NOT DIVIDED,,STRAIGHT AND LEVEL,WET,NO DEFECTS,NOT ON SCENE (DESK REPORT),INJURY AND / OR TOW DUE TO CRASH,Y,,,"OVER $1,500",07/17/2025 11:00:00 PM,IMPROPER TURNING/NO SIGNAL,IMPROPER TURNING/NO SIGNAL,400,E,WACKER DR,114,,,,,,,2,NONINCAPACITATING INJURY,1,0,0,1,0,1,0,5,4,7,41.8878619269,-87.6174198161,POINT (-87.617419816135 41.887861926877)
b06d114e2f3f92689481d6db4796256ae578470a3773df9b398fb3618b6fad43448bc649721cef9b09d68913e05ffee3aeb781ca6196371afbb16edf256b6eaf,,07/16/2025 03:56:00 AM,30,TRAFFIC SIGNAL,FUNCTIONING PROPERLY,CLEAR,"DARKNESS, LIGHTED ROAD",ANGLE,DIVIDED - W/MEDIAN (NOT RAISED),,STRAIGHT AND LEVEL,DRY,NO DEFECTS,ON SCENE,INJURY AND / OR TOW DUE TO CRASH,Y,,Y,"OVER $1,500",07/16/2025 03:56:00 AM,DISREGARDING TRAFFIC SIGNALS,FAILING TO YIELD RIGHT-OF-WAY,501,S,STATE ST,123,,,,,,,2,INCAPACITATING INJURY,1,0,1,0,0,1,0,3,4,7,41.875583415,-87.6274717696,POINT (-87.627471769599 41.875583414979)
3a014429e7f3b598e24c4e3c2c76b224a478dd4803bf21baa17ad93c8b2fd6561741cf617856ec3735fea04865c76f93789c5c6a86e09756f5ceb11a6b94f81c,,07/16/2025 03:40:00 AM,30,NO CONTROLS,NO CONTROLS,CLEAR,DARKNESS,PARKED MOTOR VEHICLE,ONE-WAY,,STRAIGHT AND LEVEL,DRY,NO DEFECTS,ON SCENE,INJURY AND / OR TOW DUE TO CRASH,,,,"OVER $1,500",07/16/2025 03:46:00 AM,UNDER THE INFLUENCE OF ALCOHOL/DRUGS (USE WHEN ARREST IS EFFECTED),UNABLE TO DETERMINE,3832,W,28TH ST,1031,,,,,,,3,NO INDICATION OF INJURY,0,0,0,0,0,1,0,3,4,7,41.8407326266,-87.720850478,POINT (-87.720850477957 41.840732626646)
6446dc4201f75686dea907b0cf8fdbd3d78a771119e7053c23d2ad3a084def0129947d3129544627589a5abc8eb859befbc6d955e3783d94cfe9cc5822a54af6,,07/16/2025 02:00:00 AM,30,NO CONTROLS,NO CONTROLS,RAIN,DAYLIGHT,FIXED OBJECT,NOT DIVIDED,,STRAIGHT AND LEVEL,WET,UNKNOWN,NOT ON SCENE (DESK REPORT),NO INJURY / DRIVE AWAY,,Y,Y,"OVER $1,500",07/17/2025 04:45:00 PM,UNABLE TO DETERMINE,NOT APPLICABLE,1025,E,79TH ST,624,,,,,,,1,NO INDICATION OF INJURY,0,0,0,0,0,1,0,2,4,7,41.7512399421,-87.5992704426,POINT (-87.599270442648 41.751239942122)
eed91d5b75af0da724a3ded8506ebd1ccc646d4ce51f8e0a8608cbfe987f61a5b20c6fc652a7462adedc4a8162f94424d55b27c27d6c3909eecf2095600f8226,,07/16/2025 01:02:00 AM,30,TRAFFIC SIGNAL,FUNCTIONING PROPERLY,CLEAR,"DARKNESS, LIGHTED ROAD",REAR END,FOUR WAY,,STRAIGHT ON GRADE,DRY,NO DEFECTS,ON SCENE,INJURY AND / OR TOW DUE TO CRASH,Y,,,"OVER $1,500",07/16/2025 01:10:00 AM,UNABLE TO DETERMINE,UNABLE TO DETERMINE,755,N,LARRABEE ST,1831,,,,,,,2,NONINCAPACITATING INJURY,1,0,0,1,0,1,0,1,4,7,41.8963269159,-87.6428578583,POINT (-87.642857858325 41.896326915935)
6ec7764662a0b0dd8d8db649f90ecd536850eb545a051aa38989651ebccdb0c7d9f19898b190dc748ec61b027317a609ff1b0a2c83aa85908dad3547e492f4b5,,07/16/2025 12:30:00 AM,25,STOP SIGN/FLASHER,FUNCTIONING PROPERLY,CLEAR,"DARKNESS, LIGHTED ROAD",ANGLE,OTHER,,STRAIGHT AND LEVEL,DRY,NO DEFECTS,,NO INJURY / DRIVE AWAY,,,,"OVER $1,500",07/16/2025 01:00:00 AM,FAILING TO REDUCE SPEED TO AVOID CRASH,NOT APPLICABLE,1701,N,MONITOR AVE,2531,,,,,,,2,NO INDICATION OF INJURY,0,0,0,0,0,2,0,0,4,7,41.9112040083,-87.7713790129,POINT (-87.771379012852 41.911204008303)
1cef45566e089d292e6105009f26f056972b2aa1bc66aea21c83d1702f3ba30257547cc9eff8fd53732c261c0cc190e0b9b0219e2638867a9fad9113a3ce1ecd,,07/16/2025 12:10:00 AM,30,NO CONTROLS,NO CONTROLS,CLEAR,"DARKNESS, LIGHTED ROAD",PARKED MOTOR VEHICLE,NOT DIVIDED,,STRAIGHT AND LEVEL,DRY,NO DEFECTS,ON SCENE,INJURY AND / OR TOW DUE TO CRASH,,,,"OVER $1,500",07/16/2025 12:12:00 AM,PHYSICAL CONDITION OF DRIVER,PHYSICAL CONDITION OF DRIVER,7511,W,IRVING PARK RD,1631,,,,,,,4,"REPORTED, NOT EVIDENT",1,0,0,0,1,0,0,0,4,7,41.95247328,-87.8151109057,POINT (-87.815110905651 41.952473279956)