CRASH_RECORD_ID,CRASH_DATE_EST_I,CRASH_DATE,POSTED_SPEED_LIMIT,TRAFFIC_CONTROL_DEVICE,DEVICE_CONDITION,WEATHER_CONDITION,LIGHTING_CONDITION,FIRST_CRASH_TYPE,TRAFFICWAY_TYPE,LANE_CNT,ALIGNMENT,ROADWAY_SURFACE_COND,ROAD_DEFECT,REPORT_TYPE,CRASH_TYPE,INTERSECTION_RELATED_I,NOT_RIGHT_OF_WAY_I,HIT_AND_RUN_I,DAMAGE,DATE_POLICE_NOTIFIED,PRIM_CONTRIBUTORY_CAUSE,SEC_CONTRIBUTORY_CAUSE,STREET_NO,STREET_DIRECTION,STREET_NAME,BEAT_OF_OCCURRENCE,PHOTOS_TAKEN_I,STATEMENTS_TAKEN_I,DOORING_I,WORK_ZONE_I,WORK_ZONE_TYPE,WORKERS_PRESENT_I,NUM_UNITS,MOST_SEVERE_INJURY,INJURIES_TOTAL,INJURIES_FATAL,INJURIES_INCAPACITATING,INJURIES_NON_INCAPACITATING,INJURIES_REPORTED_NOT_EVIDENT,INJURIES_NO_INDICATION,INJURIES_UNKNOWN,CRASH_HOUR,CRASH_DAY_OF_WEEK,CRASH_MONTH,LATITUDE,LONGITUDE,LOCATION
ca524b95f5c14b7bb5268622d6c4eaf7aea59fc3fd9513ea2d3c902c8b2d22e5292a13989dc587a674c3b6d2d397ef02ddcee58dc6bad470ec81be5aca102336,,07/16/2025 12:03:00 AM,30,TRAFFIC SIGNAL,FUNCTIONING PROPERLY,CLEAR,"DARKNESS, LIGHTED ROAD",TURNING,DIVIDED - W/MEDIAN (NOT RAISED),,STRAIGHT AND LEVEL,DRY,NO DEFECTS,ON SCENE,INJURY AND / OR TOW DUE TO CRASH,Y,,,"OVER $1,500",07/16/2025 12:18:00 AM,UNDER THE INFLUENCE OF ALCOHOL/DRUGS (USE WHEN ARREST IS EFFECTED),FAILING TO YIELD RIGHT-OF-WAY,1600,E,87TH ST,412,,,,,,,2,NONINCAPACITATING INJURY,4,0,0,4,0,0,0,0,4,7,41.7370309923,-87.5850864535,POINT (-87.585086453532 41.737030992315)
c0a87357c711326040d3ceae57fedf858799953c9dc4a418e6167f9fd918622cc889589e748da4e5b8c4a6591d8ac5dc2d1574f8a06ca28e4c7097bc93fe99d6,,07/15/2025 11:30:00 PM,30,NO CONTROLS,NO CONTROLS,UNKNOWN,DARKNESS,PARKED MOTOR VEHICLE,NOT DIVIDED,,STRAIGHT AND LEVEL,DRY,NO DEFECTS,,INJURY AND / OR TOW DUE TO CRASH,,,Y,"OVER $1,500",07/16/2025 10:12:00 AM,UNABLE TO DETERMINE,NOT APPLICABLE,8150,S,YALE AVE,622,,,,,,,2,NO INDICATION OF INJURY,0,0,0,0,0,1,0,23,3,7,41.7457648779,-87.6306798933,POINT (-87.630679893266 41.745764877941)
22306277fe3d69b1e44847a327113cd96d1504132d5ffb0bbac59a830a519bd936bb0d1e378192781f142850333944c7b5acdec540d2b37a2ed4cc2de65d34b6,,07/15/2025 11:10:00 PM,30,TRAFFIC SIGNAL,FUNCTIONING PROPERLY,RAIN,"DARKNESS, LIGHTED ROAD",SIDESWIPE SAME DIRECTION,DIVIDED - W/MEDIAN (NOT RAISED),,STRAIGHT AND LEVEL,UNKNOWN,UNKNOWN,NOT ON SCENE (DESK REPORT),NO INJURY / DRIVE AWAY,,,Y,"$501 - $1,500",07/15/2025 11:25:00 PM,FOLLOWING TOO CLOSELY,FOLLOWING TOO CLOSELY,1181,W,HOLLYWOOD AVE,2022,,,,,,,2,NO INDICATION OF INJURY,0,0,0,0,0,2,0,23,3,7,41.9853462593,-87.6600364217,POINT (-87.660036421706 41.985346259294)
c0ca3c7feebf9423a783e6944de13fd90410fe227cb63929e944ae061bfe110d411bdccbcfad3669ad163445131c9d6f0fb779d7e0bfc2893c720384d74a3407,,07/15/2025 10:57:00 PM,30,NO CONTROLS,NO CONTROLS,CLEAR,"DARKNESS, LIGHTED ROAD",PARKED MOTOR VEHICLE,ONE-WAY,,STRAIGHT AND LEVEL,DRY,NO DEFECTS,NOT ON SCENE (DESK REPORT),NO INJURY / DRIVE AWAY,,,Y,"$501 - $1,500",07/17/2025 06:00:00 PM,DRIVING SKILLS/KNOWLEDGE/EXPERIENCE,UNABLE TO DETERMINE,1217,W,80TH ST,612,,,,,,,2,NO INDICATION OF INJURY,0,0,0,0,0,1,0,22,3,7,41.7485558598,-87.6544193859,POINT (-87.65441938593 41.748555859793)
319079b5f97eef4a30c7212f91263beecbb5ffcf94c167345639b6e1994c806f5e71e5b484fb042d51a3d5b9b8693f9a398c7478396f42e35fd34eedee3d1d26,,07/15/2025 10:40:00 PM,30,NO CONTROLS,NO CONTROLS,CLEAR,"DARKNESS, LIGHTED ROAD",HEAD ON,NOT DIVIDED,,STRAIGHT AND LEVEL,DRY,NO DEFECTS,ON SCENE,INJURY AND / OR TOW DUE TO CRASH,,,Y,"OVER $1,500",07/15/2025 10:41:00 PM,UNABLE TO DETERMINE,NOT APPLICABLE,3541,W,COLUMBUS AVE,834,,,,,,,2,NONINCAPACITATING INJURY,1,0,0,1,0,1,0,22,3,7,41.7441297596,-87.710527208,POINT (-87.71052720801 41.74412975956)
fe4a06ddbc0fc9138322bba1304fbe26aad51384971be4a2a68ff6a7c03b251218ae53fcc98e45e1adea384ef755f0d18e863a9265173dd100eccfd6a86f132c,,07/15/2025 10:40:00 PM,30,TRAFFIC SIGNAL,FUNCTIONING PROPERLY,CLEAR,"DARKNESS, LIGHTED ROAD",ANGLE,NOT DIVIDED,,STRAIGHT AND LEVEL,DRY,UNKNOWN,ON SCENE,INJURY AND / OR TOW DUE TO CRASH,Y,,,"OVER $1,500",07/15/2025 10:43:00 PM,DISREGARDING TRAFFIC SIGNALS,FAILING TO REDUCE SPEED TO AVOID CRASH,5100,S,ASHLAND AVE,932,,,,,,,2,NO INDICATION OF INJURY,0,0,0,0,0,2,0,22,3,7,41.8012250602,-87.6649209577,POINT (-87.664920957694 41.801225060191)
f985193436f34c1fc8f1b20a771d265da6e1fbdef47c0054065536a8bb57dcf9f9cc3d02be17ed253dbb373b5005dfaba810707cff532344654fbc0acbec73ad,,07/15/2025 10:25:00 PM,30,UNKNOWN,UNKNOWN,UNKNOWN,UNKNOWN,REAR END,UNKNOWN INTERSECTION TYPE,,STRAIGHT AND LEVEL,UNKNOWN,UNKNOWN,NOT ON SCENE (DESK REPORT),NO INJURY / DRIVE AWAY,,,,"OVER $1,500",07/15/2025 11:18:00 PM,FOLLOWING TOO CLOSELY,FOLLOWING TOO CLOSELY,7800,S,EXCHANGE AVE,421,,,,,,,2,NO INDICATION OF INJURY,0,0,0,0,0,2,0,22,3,7,41.7536128174,-87.5545871907,POINT (-87.554587190729 41.753612817436)
d4199dd1e25448bd385583c167d8d70348e15b0321793d62eb0556d94c67e2e6addcabb8a9ee934d489f3f7f17198901cb657a731976ba2c79ebbc91b3fca1f0,,07/15/2025 10:23:00 PM,30,TRAFFIC SIGNAL,FUNCTIONING PROPERLY,CLEAR,"DARKNESS, LIGHTED ROAD",TURNING,FOUR WAY,,STRAIGHT AND LEVEL,DRY,UNKNOWN,ON SCENE,INJURY AND / OR TOW DUE TO CRASH,Y,,,"OVER $1,500",07/15/2025 11:33:00 PM,FAILING TO YIELD RIGHT-OF-WAY,IMPROPER OVERTAKING/PASSING,1557,W,DIVERSEY PKWY,1932,,,,,,,2,NO INDICATION OF INJURY,0,0,0,0,0,2,0,22,3,7,41.9322955136,-87.66824822,POINT (-87.668248220035 41.93229551362)
4c7384aee64f0c2536508d0ce644614fff4f10ce3e0dc619210905879a3b0fae5fe669f7bca09570853f3120dbd7b7a631313143e35eb37896a97207f5e49194,,07/15/2025 10:20:00 PM,30,NO CONTROLS,NO CONTROLS,CLEAR,"DARKNESS, LIGHTED ROAD",PARKED MOTOR VEHICLE,NOT DIVIDED,,STRAIGHT AND LEVEL,DRY,NO DEFECTS,ON SCENE,INJURY AND / OR TOW DUE TO CRASH,,,,"OVER $1,500",07/15/2025 10:25:00 PM,UNABLE TO DETERMINE,UNABLE TO DETERMINE,1425,W,GLENLAKE AVE,2433,,,,,,,2,"REPORTED, NOT EVIDENT",1,0,0,0,1,0,0,22,3,7,41.9925426198,-87.6662508418,POINT (-87.666250841803 41.992542619815)
9004d32f3ba94951ac4abe0bb96b31e7667c68146a534e96a3740eb53e88d46b33935f94cd84bc0db07cff11b0e31df820641239081a90c1ca1eac8a9b62f173,,07/15/2025 10:15:00 PM,30,TRAFFIC SIGNAL,FUNCTIONING PROPERLY,CLEAR,"DARKNESS, LIGHTED ROAD",SIDESWIPE SAME DIRECTION,NOT DIVIDED,,STRAIGHT AND LEVEL,DRY,NO DEFECTS,NOT ON SCENE (DESK REPORT),NO INJURY / DRIVE AWAY,,,,"OVER $1,500",07/15/2025 11:20:00 PM,UNABLE TO DETERMINE,NOT APPLICABLE,4200,S,CICERO AVE,814,,,,,,,2,NO INDICATION OF INJURY,0,0,0,0,0,7,0,22,3,7,41.8167293867,-87.7435367125,POINT (-87.743536712476 41.816729386747)
7ef6012842d8ab28e5dcf099fb423debd3d1cd1752ea9b4ec8230c9317f793acf8482f5f21f94a5dab235c90509cb72bd34c8209dbb4b63e8fd43d2a9af9afc0,,07/15/2025 10:00:00 PM,20,NO CONTROLS,NO CONTROLS,CLEAR,"DARKNESS, LIGHTED ROAD",PARKED MOTOR VEHICLE,NOT DIVIDED,,STRAIGHT AND LEVEL,DRY,NO DEFECTS,ON SCENE,NO INJURY / DRIVE AWAY,,,,"OVER $1,500",07/16/2025 12:58:00 AM,FOLLOWING TOO CLOSELY,UNABLE TO DETERMINE,7934,S,WASHTENAW AVE,835,,,,,,,2,NO INDICATION OF INJURY,0,0,0,0,0,1,0,22,3,7,41.7489107789,-87.6903006533,POINT (-87.690300653333 41.748910778889)
9757f3d084097d72092b05a8edab52b1aa19dbb024daea4be3ca5a0d7bcde18977421167168656f05eb2a8cba0a6ad5d336723b11f230932669d09114c1818fa,,07/15/2025 10:00:00 PM,30,NO CONTROLS,NO CONTROLS,CLEAR,"DARKNESS, LIGHTED ROAD",SIDESWIPE SAME DIRECTION,DIVIDED - W/MEDIAN BARRIER,,STRAIGHT AND LEVEL,DRY,NO DEFECTS,ON SCENE,INJURY AND / OR TOW DUE TO CRASH,,,Y,"OVER $1,500",07/15/2025 10:05:00 PM,UNABLE TO DETERMINE,NOT APPLICABLE,4730,W,79TH ST,834,,,,,,,2,NONINCAPACITATING INJURY,1,0,0,1,0,1,0,22,3,7,41.7492888381,-87.7400953795,POINT (-87.740095379467 41.749288838092)
b348c4ef5caf7e1ba5e94d3d2e9076663b3354765fb5729f72cf6640dd536c6b75a287f083e56174a546bf91de38afa4583e556c227571b62f5ca7e53a91c0e6,,07/15/2025 10:00:00 PM,25,STOP SIGN/FLASHER,FUNCTIONING PROPERLY,CLEAR,"DARKNESS, LIGHTED ROAD",PEDESTRIAN,FOUR WAY,,STRAIGHT AND LEVEL,DRY,NO DEFECTS,ON SCENE,NO INJURY / DRIVE AWAY,,,Y,"OVER $1,500",07/15/2025 10:05:00 PM,FAILING TO REDUCE SPEED TO AVOID CRASH,DRIVING SKILLS/KNOWLEDGE/EXPERIENCE,2100,W,SUMMERDALE AVE,2012,,,,,,,2,NO INDICATION OF INJURY,0,0,0,0,0,3,0,22,3,7,41.9788348131,-87.6820573416,POINT (-87.6820573416 41.978834813076)
e5537da76059d047d6dda2c2c03f9e81fa394ebea02f48ce6457b812ccf801a9d8a6e51817b5360aa88abb73b1a3f1859fd21d78fad98be63e81ae8684b2e493,,07/15/2025 10:00:00 PM,25,TRAFFIC SIGNAL,NO CONTROLS,CLEAR,"DARKNESS, LIGHTED ROAD",REAR END,DIVIDED - W/MEDIAN (NOT RAISED),,STRAIGHT AND LEVEL,DRY,NO DEFECTS,NOT ON SCENE (DESK REPORT),NO INJURY / DRIVE AWAY,N,,Y,"OVER $1,500",07/15/2025 10:30:00 PM,UNABLE TO DETERMINE,NOT APPLICABLE,2409,W,DEVON AVE,2413,,,,,,,2,NO INDICATION OF INJURY,0,0,0,0,0,4,0,22,3,7,41.9976109251,-87.690277578,POINT (-87.690277577971 41.997610925138)
dbd532c7d5a40f89c02d291497f9092323cdfaad8bed7e2c3cc81ca3c6dcff1f8a3d0f71d3cf4b44abe9e2e02683b5ea6f8fd00cd2caf97590dc96f499ac0a83,,07/15/2025 09:52:00 PM,30,TRAFFIC SIGNAL,FUNCTIONING PROPERLY,CLEAR,"DARKNESS, LIGHTED ROAD",TURNING,OTHER,,STRAIGHT AND LEVEL,DRY,UNKNOWN,ON SCENE,NO INJURY / DRIVE AWAY,Y,,,"OVER $1,500",07/15/2025 09:52:00 PM,UNDER THE INFLUENCE OF ALCOHOL/DRUGS (USE WHEN ARREST IS EFFECTED),DRIVING ON WRONG SIDE/WRONG WAY,29,N,DAMEN AVE,1223,,,,,,,2,NO INDICATION OF INJURY,0,0,0,0,0,2,0,21,3,7,41.8821883388,-87.6765149619,POINT (-87.676514961878 41.882188338796)
09de27b38bcc61439fdc95cc2f1b7a50a3132744057a10b9b2ae617debc62d21862798d620da98228814af623bcfdac562dd89d91e9643ecd8577cae4a16d51d,,07/15/2025 09:45:00 PM,30,STOP SIGN/FLASHER,FUNCTIONING PROPERLY,CLEAR,"DARKNESS, LIGHTED ROAD",ANGLE,NOT DIVIDED,,STRAIGHT AND LEVEL,DRY,NO DEFECTS,NOT ON SCENE (DESK REPORT),INJURY AND / OR TOW DUE TO CRASH,,,,"OVER $1,500",07/17/2025 09:54:00 AM,FAILING TO YIELD RIGHT-OF-WAY,NOT APPLICABLE,4135,W,47TH ST,815,,,,,,,2,NONINCAPACITATING INJURY,1,0,0,1,0,1,0,21,3,7,41.807714472,-87.7273989096,POINT (-87.727398909617 41.807714471995)
afb0267e5a8279a68d376050de7b8a4e586b3b69db80c40b4c99c826703ba5aa8425f98420a3eed3d4a2289f96f3f08845c338e7d6991b5d78a1e2e53d980584,,07/15/2025 09:45:00 PM,30,UNKNOWN,UNKNOWN,CLEAR,DAWN,SIDESWIPE SAME DIRECTION,NOT DIVIDED,,STRAIGHT ON GRADE,DRY,UNKNOWN,,NO INJURY / DRIVE AWAY,,,,$500 OR LESS,07/15/2025 10:15:00 PM,IMPROPER OVERTAKING/PASSING,NOT APPLICABLE,2601,W,DIVERSEY AVE,1411,,,,,,,2,NO INDICATION OF INJURY,0,0,0,0,0,2,0,21,3,7,41.9320199791,-87.6928281422,POINT (-87.692828142191 41.932019979056)
7c685f482f2a351b2de7ee1c4b4468c77a39bb88e613b6ae8f25190daa6d2d15413a3bd28b4503b9f0ae104960ed0eee7fa31d7d80e729ceb47f9ab7bf84936b,,07/15/2025 09:40:00 PM,30,STOP SIGN/FLASHER,FUNCTIONING PROPERLY,CLEAR,DARKNESS,TURNING,NOT DIVIDED,,STRAIGHT AND LEVEL,DRY,NO DEFECTS,NOT ON SCENE (DESK REPORT),NO INJURY / DRIVE AWAY,,,Y,"OVER $1,500",07/15/2025 10:00:00 PM,DISREGARDING STOP SIGN,DISREGARDING STOP SIGN,698,W,ELM ST,1822,,,,,,,2,NO INDICATION OF INJURY,0,0,0,0,0,2,0,21,3,7,41.9026689258,-87.6457880512,POINT (-87.645788051161 41.902668925816)
a5634a3fc55411d76307c512bc9d9270441974682fa321da7bd3956f6f10754991aba85426182bd6602c9bf3dbc2a2756513ec73109aac155e534bce8cfd09b1,,07/15/2025 09:39:00 PM,30,STOP SIGN/FLASHER,NO CONTROLS,CLEAR,DARKNESS,FIXED OBJECT,FOUR WAY,,STRAIGHT AND LEVEL,DRY,NO DEFECTS,NOT ON SCENE (DESK REPORT),NO INJURY / DRIVE AWAY,,,,"OVER $1,500",07/16/2025 02:10:00 PM,IMPROPER TURNING/NO SIGNAL,NOT APPLICABLE,1505,W,SHERWIN AVE,2423,,,,,,,1,NO INDICATION OF INJURY,0,0,0,0,0,1,0,21,3,7,42.0148507284,-87.6683593348,POINT (-87.668359334774 42.014850728381)
090666b2428480b80ba7044100be8c866b441a007ef20fb16cda1e9742fb42682448c98d6cb7090793d2a0809914e1fc05d2a0811cd52b9de6f78c9bb6883c76,Y,07/15/2025 09:30:00 PM,30,NO CONTROLS,NO CONTROLS,CLEAR,DARKNESS,PARKED MOTOR VEHICLE,DIVIDED - W/MEDIAN (NOT RAISED),,STRAIGHT AND LEVEL,DRY,NO DEFECTS,ON SCENE,NO INJURY / DRIVE AWAY,,,Y,"$501 - $1,500",07/22/2025 08:45:00 AM,UNABLE TO DETERMINE,UNABLE TO DETERMINE,1815,S,ASHLAND AVE,1233,,N,,,,,2,NO INDICATION OF INJURY,0,0,0,0,0,1,0,21,3,7,41.857309539,-87.6659844274,POINT (-87.665984427404 41.85730953896)
94570c81d6d0e028c34ba1f01ddc51c7804bc62dfd3eaaeffdbe086f522426f6cfb7aed06635078c782c8e2ab73f205d61e3bfabf64f544f757b73eed0d7d7bf,,07/15/2025 09:30:00 PM,20,NO CONTROLS,NO CONTROLS,CLEAR,"DARKNESS, LIGHTED ROAD",PARKED MOTOR VEHICLE,ONE-WAY,,STRAIGHT AND LEVEL,DRY,NO DEFECTS,NOT ON SCENE (DESK REPORT),NO INJURY / DRIVE AWAY,,,Y,"OVER $1,500",07/15/2025 10:50:00 PM,IMPROPER OVERTAKING/PASSING,NOT APPLICABLE,2335,N,MERRIMAC AVE,2512,,,,,,,2,NO INDICATION OF INJURY,0,0,0,0,0,1,0,21,3,7,41.9227399289,-87.7816139902,POINT (-87.781613990199 41.922739928877)
97c4ea8f07b6d5a41bf87771e42b5f2cef8c30d4515e2bc19839a643eef2ae7b3ce74f36aa73c915fc9d6ae349fad760234957f7c87748430b30b9030a13ac3c,Y,07/15/2025 09:30:00 PM,30,TRAFFIC SIGNAL,FUNCTIONING PROPERLY,CLEAR,"DARKNESS, LIGHTED ROAD",SIDESWIPE SAME DIRECTION,ONE-WAY,,STRAIGHT AND LEVEL,DRY,UNKNOWN,NOT ON SCENE (DESK REPORT),NO INJURY / DRIVE AWAY,Y,,Y,"OVER $1,500",07/15/2025 09:45:00 PM,UNABLE TO DETERMINE,UNABLE TO DETERMINE,3500,S,UNION AVE,915,,,,,,,2,NO INDICATION OF INJURY,0,0,0,0,0,3,0,21,3,7,41.8306886884,-87.6438185379,POINT (-87.643818537902 41.830688688438)
1b3e09bc07103bed688391348b93798ff38f40e6e1a2d96950ff3665cc3693aa0cc06ca6f06d3a8b67d7db0ee260e7edba76b63d056d44f17a9536f9052b4faa,,07/15/2025 09:22:00 PM,35,NO CONTROLS,NO CONTROLS,CLEAR,"DARKNESS, LIGHTED ROAD",PARKED MOTOR VEHICLE,ONE-WAY,,STRAIGHT AND LEVEL,DRY,NO DEFECTS,ON SCENE,NO INJURY / DRIVE AWAY,,,Y,"OVER $1,500",07/15/2025 09:35:00 PM,"OPERATING VEHICLE IN ERRATIC, RECKLESS, CARELESS, NEGLIGENT OR AGGRESSIVE MANNER","OPERATING VEHICLE IN ERRATIC, RECKLESS, CARELESS, NEGLIGENT OR AGGRESSIVE MANNER",9527,S,EXCHANGE AVE,431,,,,,,,2,NO INDICATION OF INJURY,0,0,0,0,0,1,0,21,3,7,41.7219225755,-87.552302019,POINT (-87.552302018969 41.721922575501)
6509fc9ad77db929d49ef5929dbbc7a75c12bc22c68d92aee3847a7e471991e77f1bab03ea8fa3cf45c899c93108cf8d121f2abb2687114cb355d56e5d808238,,07/15/2025 09:20:00 PM,30,NO CONTROLS,NO CONTROLS,CLEAR,DAWN,PARKED MOTOR VEHICLE,DIVIDED - W/MEDIAN (NOT RAISED),,STRAIGHT AND LEVEL,DRY,NO DEFECTS,ON SCENE,INJURY AND / OR TOW DUE TO CRASH,Y,,,"OVER $1,500",07/15/2025 09:30:00 PM,UNABLE TO DETERMINE,DRIVING SKILLS/KNOWLEDGE/EXPERIENCE,516,N,CICERO AVE,1532,,,,,,,2,NO INDICATION OF INJURY,0,0,0,0,0,2,0,21,3,7,41.8901587059,-87.7457857741,POINT (-87.745785774111 41.890158705921)
c10c06ab7cc289bfd3aeca5f6376db765aa93c78ce6ee4c7d6d62cafbc483176cf9c546e7a1308849bcb5851e4788dfe561508f0cfaa79ddf44980234ffcbed8,,07/15/2025 09:18:00 PM,30,TRAFFIC SIGNAL,FUNCTIONING PROPERLY,CLEAR,"DARKNESS, LIGHTED ROAD",REAR END,ONE-WAY,,STRAIGHT AND LEVEL,DRY,NO DEFECTS,ON SCENE,INJURY AND / OR TOW DUE TO CRASH,,,Y,"$501 - $1,500",07/15/2025 09:18:00 PM,"OPERATING VEHICLE IN ERRATIC, RECKLESS, CARELESS, NEGLIGENT OR AGGRESSIVE MANNER",NOT APPLICABLE,3100,S,LA SALLE ST,211,,,,,,,2,NO INDICATION OF INJURY,0,0,0,0,0,6,0,21,3,7,41.8382270062,-87.6301726407,POINT (-87.630172640708 41.838227006243)
d747b6f92b6154ed655fa2e1b3fe8a14b74e4a6b5177009c66cad5654363af896c7809f1193154622a9e603b7de78354d91a3d3307359c996d7033db167532bc,,07/15/2025 08:45:00 PM,45,TRAFFIC SIGNAL,UNKNOWN,CLEAR,"DARKNESS, LIGHTED ROAD",REAR END,DIVIDED - W/MEDIAN BARRIER,,STRAIGHT AND LEVEL,DRY,UNKNOWN,NOT ON SCENE (DESK REPORT),NO INJURY / DRIVE AWAY,,,,"$501 - $1,500",07/15/2025 09:45:00 PM,FAILING TO REDUCE SPEED TO AVOID CRASH,FOLLOWING TOO CLOSELY,100,S,LAKE SHORE DR NB,114,,,,,,,2,NO INDICATION OF INJURY,0,0,0,0,0,2,0,20,3,7,41.8808560477,-87.6176358918,POINT (-87.617635891755 41.880856047671)
2e1b05d8df62fc6e432c23edd282f652e913126aa04d4e395d5d55d2d237a1e95c9a935f3f342e865042e5f85fab3303298424b800d423c1e737e390210dc036,,07/15/2025 08:35:00 PM,30,STOP SIGN/FLASHER,FUNCTIONING PROPERLY,CLEAR,DUSK,PARKED MOTOR VEHICLE,NOT DIVIDED,,STRAIGHT AND LEVEL,DRY,NO DEFECTS,ON SCENE,INJURY AND / OR TOW DUE TO CRASH,,,Y,"OVER $1,500",07/15/2025 08:35:00 PM,DRIVING SKILLS/KNOWLEDGE/EXPERIENCE,FAILING TO REDUCE SPEED TO AVOID CRASH,6204,S,KOSTNER AVE,813,,,,,,,2,NO INDICATION OF INJURY,0,0,0,0,0,1,0,20,3,7,41.7801591758,-87.7327179612,POINT (-87.73271796121 41.780159175805)
427bf09562202f015e3ed85ea7c075ec985c9c4ec5a9fec5d5d601acdd8b085f0f81dfc3defb729dbce2dd9a9259848ecb6c395a0b4dd7ee18c50881be1c5d36,,07/15/2025 08:33:00 PM,30,NO CONTROLS,NO CONTROLS,CLEAR,DAYLIGHT,OTHER OBJECT,PARKING LOT,,STRAIGHT AND LEVEL,DRY,NO DEFECTS,ON SCENE,NO INJURY / DRIVE AWAY,,,,"OVER $1,500",07/15/2025 08:35:00 PM,NOT APPLICABLE,NOT APPLICABLE,2800,S,KEDZIE AVE,1032,,,,,,,2,NO INDICATION OF INJURY,0,0,0,0,0,2,0,20,3,7,41.8408096454,-87.7050749478,POINT (-87.705074947842 41.840809645357)
e449edca476a933d8c7d74f29ff81f4bd33012c9cfb62e065beb30d162fa2a58357e8a8ba2a55cd4523dd2420e3356641968c56406fd8947a1801fb6654cf998,,07/15/2025 08:25:00 PM,30,UNKNOWN,UNKNOWN,CLEAR,DUSK,ANGLE,OTHER,,STRAIGHT AND LEVEL,DRY,UNKNOWN,ON SCENE,NO INJURY / DRIVE AWAY,,,Y,"$501 - $1,500",07/15/2025 08:49:00 PM,IMPROPER OVERTAKING/PASSING,UNABLE TO DETERMINE,7099,S,LAFAYETTE AVE,731,,,,,,,2,NO INDICATION OF INJURY,0,0,0,0,0,2,0,20,3,7,41.7654962505,-87.6264035121,POINT (-87.626403512086 41.765496250452)
fcec86668889f48196a3cc0d1187402f2525bb2c7793a5e09baf220e1216aebf982db7e04c8145bde2ec51caa0d8a160c39fa02e386e7367f0970da8b459acca,,07/15/2025 08:25:00 PM,30,NO CONTROLS,NO CONTROLS,CLEAR,DAWN,PARKED MOTOR VEHICLE,NOT DIVIDED,,STRAIGHT AND LEVEL,DRY,NO DEFECTS,ON SCENE,NO INJURY / DRIVE AWAY,,,,"$501 - $1,500",07/15/2025 08:31:00 PM,NOT APPLICABLE,NOT APPLICABLE,7811,W,VICTORIA ST,1612,,,,,,,2,NO INDICATION OF INJURY,0,0,0,0,0,1,0,20,3,7,41.9850352528,-87.8223407375,POINT (-87.82234073755 41.985035252756)
01e8808a9833163508ece1ef3ecd68ce93ea75d2f6900b030a3f70dafb080a5fb806e444740fcca3cf92565f044ac4ece7b24fdc8130b179b0764f1c2f6eeddd,,07/15/2025 08:00:00 PM,30,UNKNOWN,UNKNOWN,UNKNOWN,UNKNOWN,SIDESWIPE SAME DIRECTION,OTHER,,STRAIGHT AND LEVEL,UNKNOWN,UNKNOWN,NOT ON SCENE (DESK REPORT),NO INJURY / DRIVE AWAY,,,Y,"OVER $1,500",07/15/2025 10:20:00 PM,UNABLE TO DETERMINE,UNABLE TO DETERMINE,207,N,GREEN ST,1214,,,,,,,2,NO INDICATION OF INJURY,0,0,0,0,0,6,0,20,3,7,41.8858964487,-87.6485009421,POINT (-87.648500942101 41.885896448687)
2fe7ca43d09c5934f82fba66ab398cd98d70e3699306a1d32de5da159a99ef25bca5aee5811bdcde488905ee31ebda1bac8631766d305e7a54a85cfb1a800d49,,07/15/2025 08:00:00 PM,30,TRAFFIC SIGNAL,FUNCTIONING PROPERLY,CLEAR,"DARKNESS, LIGHTED ROAD",REAR END,NOT DIVIDED,,STRAIGHT AND LEVEL,DRY,NO DEFECTS,NOT ON SCENE (DESK REPORT),NO INJURY / DRIVE AWAY,Y,,,$500 OR LESS,07/15/2025 09:00:00 PM,FAILING TO REDUCE SPEED TO AVOID CRASH,FAILING TO REDUCE SPEED TO AVOID CRASH,1200,S,COLUMBUS DR,132,,,,,,,2,NO INDICATION OF INJURY,0,0,0,0,0,2,0,20,3,7,41.8673879139,-87.6204910341,POINT (-87.620491034097 41.867387913926)
f591bccde5154d318ba92ff1eb55cafeb5941bed2a12641b7c9f45090f780aaa793e5a30e98f43681c35c2e76b716541aedf98363ecf1d75e707c4469d0e8eb0,,07/15/2025 08:00:00 PM,25,NO CONTROLS,NO CONTROLS,UNKNOWN,UNKNOWN,PARKED MOTOR VEHICLE,ONE-WAY,,STRAIGHT AND LEVEL,UNKNOWN,NO DEFECTS,NOT ON SCENE (DESK REPORT),NO INJURY / DRIVE AWAY,,,Y,"OVER $1,500",07/15/2025 08:30:00 PM,UNABLE TO DETERMINE,UNABLE TO DETERMINE,4944,N,WHIPPLE ST,1713,,,,,,,2,NO INDICATION OF INJURY,0,0,0,0,0,1,0,20,3,7,41.971631967,-87.7050492604,POINT (-87.705049260392 41.971631967024)
464b7f589d32fd1dc7abd324fb7c258140517d1231c2d8f1a2fafec3156bb4c8fa471f8b1210846bcb657b827e7e194f68b7fd89b5050891820342292b9b1b32,,07/15/2025 07:50:00 PM,30,TRAFFIC SIGNAL,UNKNOWN,UNKNOWN,"DARKNESS, LIGHTED ROAD",SIDESWIPE SAME DIRECTION,CENTER TURN LANE,,STRAIGHT AND LEVEL,UNKNOWN,UNKNOWN,NOT ON SCENE (DESK REPORT),NO INJURY / DRIVE AWAY,Y,,,"OVER $1,500",07/15/2025 09:12:00 PM,FAILING TO REDUCE SPEED TO AVOID CRASH,IMPROPER TURNING/NO SIGNAL,1950,W,DIVISION ST,1424,,,,,,,2,NO INDICATION OF INJURY,0,0,0,0,0,3,0,19,3,7,41.9033070694,-87.676886675,POINT (-87.676886674969 41.903307069413)