CRASH_RECORD_ID,CRASH_DATE_EST_I,CRASH_DATE,POSTED_SPEED_LIMIT,TRAFFIC_CONTROL_DEVICE,DEVICE_CONDITION,WEATHER_CONDITION,LIGHTING_CONDITION,FIRST_CRASH_TYPE,TRAFFICWAY_TYPE,LANE_CNT,ALIGNMENT,ROADWAY_SURFACE_COND,ROAD_DEFECT,REPORT_TYPE,CRASH_TYPE,INTERSECTION_RELATED_I,NOT_RIGHT_OF_WAY_I,HIT_AND_RUN_I,DAMAGE,DATE_POLICE_NOTIFIED,PRIM_CONTRIBUTORY_CAUSE,SEC_CONTRIBUTORY_CAUSE,STREET_NO,STREET_DIRECTION,STREET_NAME,BEAT_OF_OCCURRENCE,PHOTOS_TAKEN_I,STATEMENTS_TAKEN_I,DOORING_I,WORK_ZONE_I,WORK_ZONE_TYPE,WORKERS_PRESENT_I,NUM_UNITS,MOST_SEVERE_INJURY,INJURIES_TOTAL,INJURIES_FATAL,INJURIES_INCAPACITATING,INJURIES_NON_INCAPACITATING,INJURIES_REPORTED_NOT_EVIDENT,INJURIES_NO_INDICATION,INJURIES_UNKNOWN,CRASH_HOUR,CRASH_DAY_OF_WEEK,CRASH_MONTH,LATITUDE,LONGITUDE,LOCATION
cdafc8cdbb453342b2c845c743b2a88ce89358545c16b81c0466746f57e9907c052d15ed8c1a42f80ad55c55d5436d734ac2bc9038cdef5afa5b81cf294e1e04,,07/15/2025 07:48:00 PM,30,NO CONTROLS,NO CONTROLS,CLEAR,"DARKNESS, LIGHTED ROAD",REAR TO SIDE,PARKING LOT,,STRAIGHT AND LEVEL,DRY,NO DEFECTS,NOT ON SCENE (DESK REPORT),NO INJURY / DRIVE AWAY,,,,"OVER $1,500",07/15/2025 09:05:00 PM,UNABLE TO DETERMINE,NOT APPLICABLE,5500,S,PULASKI RD,813,,,,,,,2,NO INDICATION OF INJURY,0,0,0,0,0,2,0,19,3,7,41.7931550607,-87.7233037646,POINT (-87.723303764642 41.793155060731)
277a9bcc15a264ca6362218d73f3fe4668e61b267a49af811df5ffc007ef55988bd668b040c04988e350ff8f2fddd1ad39ed3556f6afa6d296c76a58e780c83b,,07/15/2025 07:45:00 PM,30,NO CONTROLS,NO CONTROLS,CLEAR,DAWN,SIDESWIPE OPPOSITE DIRECTION,FOUR WAY,,STRAIGHT AND LEVEL,DRY,NO DEFECTS,NOT ON SCENE (DESK REPORT),NO INJURY / DRIVE AWAY,Y,,,$500 OR LESS,07/15/2025 08:34:00 PM,UNABLE TO DETERMINE,UNABLE TO DETERMINE,1199,E,103RD ST,512,,,,,,,2,NO INDICATION OF INJURY,0,0,0,0,0,3,0,19,3,7,41.7075173202,-87.5942799887,POINT (-87.594279988682 41.70751732024)
3127cb68df07528a54065b0a4aa85259b4a59b710855b70d0a584cd0fe5f1cfaa03be5bea48ab4abd10ccbc4255ff19fa4333c000b791477dae274c33df260a1,,07/15/2025 07:45:00 PM,30,TRAFFIC SIGNAL,FUNCTIONING PROPERLY,CLEAR,DAYLIGHT,REAR END,ONE-WAY,,STRAIGHT AND LEVEL,DRY,NO DEFECTS,NOT ON SCENE (DESK REPORT),NO INJURY / DRIVE AWAY,,,,"OVER $1,500",07/18/2025 12:00:00 PM,FOLLOWING TOO CLOSELY,DRIVING SKILLS/KNOWLEDGE/EXPERIENCE,505,E,ILLINOIS ST,1834,,,,,,,2,NO INDICATION OF INJURY,0,0,0,0,0,3,0,19,3,7,41.8909921272,-87.6149106692,POINT (-87.614910669224 41.890992127159)
9a9eb19e4d400dcdf22c62df9c9ea28067a0c6d3ada00d1c2fb6c27a437f9e8858d8f627eee73da495651cedc0beb1b4e1a5ff221af75ef9d9ca7166a713638b,,07/15/2025 07:33:00 PM,25,NO CONTROLS,NO CONTROLS,CLEAR,DAYLIGHT,OTHER OBJECT,OTHER,,STRAIGHT AND LEVEL,UNKNOWN,UNKNOWN,ON SCENE,NO INJURY / DRIVE AWAY,,,,"OVER $1,500",07/15/2025 07:33:00 PM,FAILING TO REDUCE SPEED TO AVOID CRASH,NOT APPLICABLE,351,E,47TH ST,224,,,,,,,2,NO INDICATION OF INJURY,0,0,0,0,0,2,0,19,3,7,41.809257884,-87.6175824902,POINT (-87.617582490186 41.809257883959)
ccada2eb1209f0e661f9711b4250786637a6ec7ade6acd30a5016543de149b9b2572ab7965976389634f44b0e35aea38103143c508e85deac7b102234e1ccb89,Y,07/15/2025 07:30:00 PM,30,NO CONTROLS,NO CONTROLS,CLEAR,DAYLIGHT,PARKED MOTOR VEHICLE,NOT DIVIDED,,STRAIGHT AND LEVEL,DRY,NO DEFECTS,NOT ON SCENE (DESK REPORT),NO INJURY / DRIVE AWAY,,,Y,"OVER $1,500",07/20/2025 03:33:00 PM,UNABLE TO DETERMINE,NOT APPLICABLE,2623,W,24TH ST,1034,,,,,,,2,NO INDICATION OF INJURY,0,0,0,0,0,1,0,19,3,7,41.848208231,-87.6913936901,POINT (-87.691393690105 41.848208230983)
f2aa1c0ae7e68a40f7322881c9e72debfb605a646c131481b27ed8665c83ceca03f9e156a26056f18952ce77f03de377f3d5c75ba19881a710bfb5b0521e0b4f,,07/15/2025 07:30:00 PM,30,NO CONTROLS,NO CONTROLS,CLEAR,DUSK,PARKED MOTOR VEHICLE,DIVIDED - W/MEDIAN (NOT RAISED),,STRAIGHT AND LEVEL,DRY,UNKNOWN,NOT ON SCENE (DESK REPORT),NO INJURY / DRIVE AWAY,,,,"$501 - $1,500",07/15/2025 09:20:00 PM,IMPROPER TURNING/NO SIGNAL,UNABLE TO DETERMINE,1300,S,WABASH AVE,131,,,,,,,2,NO INDICATION OF INJURY,0,0,0,0,0,1,0,19,3,7,41.8656758724,-87.6259435313,POINT (-87.625943531346 41.865675872378)
7fb219b7a66ae827451231863ce8f0352e1cfdb6af88e6aef2cf36c8bac072f2230e10fee70eb83657e0e9ff185f2b7bfee91ec6675856ac13bed2bcd8b78bae,,07/15/2025 07:23:00 PM,30,TRAFFIC SIGNAL,FUNCTIONING PROPERLY,CLEAR,DAYLIGHT,TURNING,DIVIDED - W/MEDIAN (NOT RAISED),,STRAIGHT AND LEVEL,DRY,UNKNOWN,ON SCENE,NO INJURY / DRIVE AWAY,Y,,,"OVER $1,500",07/15/2025 07:29:00 PM,DRIVING SKILLS/KNOWLEDGE/EXPERIENCE,FOLLOWING TOO CLOSELY,7100,S,ASHLAND AVE,735,,,,,,,2,NO INDICATION OF INJURY,0,0,0,0,0,6,0,19,3,7,41.7648593824,-87.6639401763,POINT (-87.663940176305 41.764859382425)
f0b7a50fe119360ce0f2e0bc09309f411fde1644c58d4f46128f697063a7a3a450d5086bbe314c9049cc00bf1ecf22e5659f516692443158527ad0e7d1da5f55,,07/15/2025 07:20:00 PM,30,STOP SIGN/FLASHER,FUNCTIONING PROPERLY,CLEAR,DAYLIGHT,PARKED MOTOR VEHICLE,NOT DIVIDED,,STRAIGHT AND LEVEL,DRY,UNKNOWN,,NO INJURY / DRIVE AWAY,,,,$500 OR LESS,07/15/2025 08:00:00 PM,UNABLE TO DETERMINE,NOT APPLICABLE,3724,W,CORTLAND ST,2535,,,,,,,2,NO INDICATION OF INJURY,0,0,0,0,0,2,0,19,3,7,41.9155263177,-87.720330674,POINT (-87.720330673968 41.915526317716)
1bc70e59804ad6646e5554cf06b83fc5e997558eb5598c1c2ae1c3fe074c4d1204e6a63001bf6855bfbf5ca682f53d300483a1e6198915dc2751434fd25c4537,,07/15/2025 07:14:00 PM,30,TRAFFIC SIGNAL,UNKNOWN,CLEAR,DAYLIGHT,TURNING,NOT DIVIDED,,STRAIGHT AND LEVEL,DRY,NO DEFECTS,ON SCENE,INJURY AND / OR TOW DUE TO CRASH,Y,,,"OVER $1,500",07/15/2025 07:14:00 PM,IMPROPER TURNING/NO SIGNAL,NOT APPLICABLE,1730,W,FULLERTON AVE,1931,,,,,,,2,NONINCAPACITATING INJURY,3,0,0,3,0,0,0,19,3,7,41.9252123276,-87.6719254251,POINT (-87.671925425136 41.925212327594)
24f199c7b8a35d065ba7ccbf1827feb712b13713936236e43d501de1af5901e0c33a0f03c0e1a33d75acd606b244ad4e179a7e96a3a4cf9a1efa3ab60b890344,,07/15/2025 07:07:00 PM,30,TRAFFIC SIGNAL,FUNCTIONING PROPERLY,CLEAR,DAYLIGHT,REAR END,NOT DIVIDED,,STRAIGHT AND LEVEL,DRY,UNKNOWN,ON SCENE,INJURY AND / OR TOW DUE TO CRASH,,,,"OVER $1,500",07/15/2025 07:37:00 PM,FAILING TO REDUCE SPEED TO AVOID CRASH,UNABLE TO DETERMINE,4640,W,BELMONT AVE,1731,,,,,,,3,NO INDICATION OF INJURY,0,0,0,0,0,3,0,19,3,7,41.9389788889,-87.7438666926,POINT (-87.743866692611 41.93897888892)
0b6101ab6eff869df42183c8b80b1a9942512d562a9dc0119ffe03b213eeae6ebc373ea100b65f0470bf4677a96cd51266260a1c51b62f17d14747df9683753d,,07/15/2025 07:00:00 PM,30,NO CONTROLS,NO CONTROLS,CLEAR,DAYLIGHT,SIDESWIPE SAME DIRECTION,DIVIDED - W/MEDIAN (NOT RAISED),,STRAIGHT AND LEVEL,DRY,NO DEFECTS,NOT ON SCENE (DESK REPORT),NO INJURY / DRIVE AWAY,,,Y,"$501 - $1,500",07/15/2025 07:40:00 PM,UNABLE TO DETERMINE,UNABLE TO DETERMINE,3320,W,ADDISON ST,1733,,,,,,,2,NO INDICATION OF INJURY,0,0,0,0,0,2,0,19,3,7,41.9466968794,-87.7112276981,POINT (-87.711227698121 41.946696879373)
d1ae038abce05e8cbc47a60ee75ec7bfa4769961604ce2b39340ebc25afa860b5ef046cd3dfd60a828b03cf0287bba254c7b17da4d21e423f3d4f519814fc2c1,,07/15/2025 07:00:00 PM,30,NO CONTROLS,NO CONTROLS,CLEAR,"DARKNESS, LIGHTED ROAD",PARKED MOTOR VEHICLE,OTHER,,STRAIGHT AND LEVEL,DRY,NO DEFECTS,NOT ON SCENE (DESK REPORT),NO INJURY / DRIVE AWAY,,,Y,"OVER $1,500",07/16/2025 02:06:00 PM,NOT APPLICABLE,NOT APPLICABLE,20,W,OHIO ST,1832,,,,,,,2,NO INDICATION OF INJURY,0,0,0,0,0,1,0,19,3,7,41.8925677398,-87.6289287256,POINT (-87.628928725645 41.892567739795)
1e4e8e9934e7d1cbb098a4f1a60682ba4ef7b4c85906ce5f44467ef8a88138e16ce93a7a90ee5dfac56e56aca029b8031558d58701cac511854ff0097b01a7b4,,07/15/2025 06:55:00 PM,25,NO CONTROLS,NO CONTROLS,CLEAR,DAYLIGHT,REAR TO SIDE,DIVIDED - W/MEDIAN (NOT RAISED),,STRAIGHT AND LEVEL,DRY,OTHER,ON SCENE,INJURY AND / OR TOW DUE TO CRASH,,,,"OVER $1,500",07/15/2025 06:59:00 PM,FAILING TO YIELD RIGHT-OF-WAY,DRIVING SKILLS/KNOWLEDGE/EXPERIENCE,3033,S,HALSTED ST,914,,,,,,,2,"REPORTED, NOT EVIDENT",1,0,0,0,1,1,0,18,3,7,41.8388723304,-87.6461509665,POINT (-87.646150966469 41.838872330415)
df24614deaee4d7650a6e77b763650930d05e4e197102afc612dea98a53236e05ed754b68daeb729a29461df3f04122d33e8b125ef3c90fdbbeb1277b07968d3,,07/15/2025 06:55:00 PM,35,TRAFFIC SIGNAL,FUNCTIONING PROPERLY,CLEAR,DAYLIGHT,TURNING,NOT DIVIDED,,STRAIGHT AND LEVEL,DRY,NO DEFECTS,ON SCENE,INJURY AND / OR TOW DUE TO CRASH,Y,,Y,"OVER $1,500",07/15/2025 06:58:00 PM,UNABLE TO DETERMINE,UNABLE TO DETERMINE,4345,S,PULASKI RD,821,,,,,,,2,NONINCAPACITATING INJURY,1,0,0,1,0,2,0,18,3,7,41.8138575268,-87.7236631542,POINT (-87.723663154169 41.813857526821)
ca02f1e7024d44dd580346840a1f407a8443e18ccb57d782d37ce3dd02249ecc4107a42b4a1d36f86b6cbac40568d91fda58e4653157b6e010b99e9431c996ad,,07/15/2025 06:53:00 PM,30,TRAFFIC SIGNAL,FUNCTIONING PROPERLY,CLEAR,DAYLIGHT,PEDALCYCLIST,FOUR WAY,,STRAIGHT AND LEVEL,DRY,NO DEFECTS,ON SCENE,INJURY AND / OR TOW DUE TO CRASH,,,,$500 OR LESS,07/15/2025 06:53:00 PM,FAILING TO REDUCE SPEED TO AVOID CRASH,FAILING TO REDUCE SPEED TO AVOID CRASH,9500,S,DR MARTIN LUTHER KING JR DR,511,,,,,,,2,"REPORTED, NOT EVIDENT",1,0,0,0,1,3,0,18,3,7,41.7217992199,-87.614287076,POINT (-87.614287075979 41.721799219894)
bbd758acb173a6e7b74200e465f3157d7c098615a8a15fb9e20bf7dae7cb2e2e413606dfaf4f59a8b3516a618a9acbdf05dcfcef9735256f5b49ccc8ba10b7d3,,07/15/2025 06:45:00 PM,30,TRAFFIC SIGNAL,UNKNOWN,CLEAR,DUSK,SIDESWIPE SAME DIRECTION,DIVIDED - W/MEDIAN (NOT RAISED),,STRAIGHT AND LEVEL,DRY,UNKNOWN,NOT ON SCENE (DESK REPORT),NO INJURY / DRIVE AWAY,,,,"$501 - $1,500",07/15/2025 09:05:00 PM,IMPROPER OVERTAKING/PASSING,UNABLE TO DETERMINE,1,S,STATE ST,112,,,,,,,2,NO INDICATION OF INJURY,0,0,0,0,0,2,0,18,3,7,41.8819951976,-87.6276472452,POINT (-87.62764724523 41.881995197635)
5c7408fdd38d2a46f582c8268cca25376c5f169fd0bb368757fd9e1966a6f6318e4f394b4a54f3567073363766d72fbda987e5b04db1d46cd73346819d2f30d3,,07/15/2025 06:36:00 PM,30,STOP SIGN/FLASHER,FUNCTIONING PROPERLY,CLEAR,DAYLIGHT,TURNING,PARKING LOT,,STRAIGHT AND LEVEL,DRY,NO DEFECTS,ON SCENE,NO INJURY / DRIVE AWAY,,,,"OVER $1,500",07/15/2025 06:40:00 PM,FAILING TO YIELD RIGHT-OF-WAY,FAILING TO YIELD RIGHT-OF-WAY,11833,S,WESTERN AVE,2212,,,,,,,2,NO INDICATION OF INJURY,0,0,0,0,0,2,0,18,3,7,41.6779885225,-87.680579839,POINT (-87.680579838983 41.677988522501)
78b8dd34a9d73417b3edf2c6b816dae6afea9ff0131b94253646f227f27efbc4afcae1330a9f19071061accd795b6059f1412c60f5fe99b51bec97b620e253f3,,07/15/2025 06:30:00 PM,30,NO CONTROLS,NO CONTROLS,CLEAR,DAYLIGHT,SIDESWIPE SAME DIRECTION,DIVIDED - W/MEDIAN (NOT RAISED),,STRAIGHT AND LEVEL,DRY,UNKNOWN,NOT ON SCENE (DESK REPORT),NO INJURY / DRIVE AWAY,,,,"OVER $1,500",07/15/2025 07:30:00 PM,FAILING TO YIELD RIGHT-OF-WAY,NOT APPLICABLE,2449,W,ARMITAGE AVE,1434,,,,,,,2,NO INDICATION OF INJURY,0,0,0,0,0,3,0,18,3,7,41.9174488454,-87.6893551589,POINT (-87.689355158902 41.917448845371)
bbfee6f28ca35c41b817677fde21df836644c9d7a404ea874221d728d72a9d2457f59a350759192d0bdb3680ed506965908ea779041aac4a09722c991105f8a1,,07/15/2025 06:30:00 PM,30,NO CONTROLS,NO CONTROLS,CLEAR,DAYLIGHT,SIDESWIPE SAME DIRECTION,NOT DIVIDED,,STRAIGHT AND LEVEL,DRY,NO DEFECTS,NOT ON SCENE (DESK REPORT),NO INJURY / DRIVE AWAY,,,Y,"OVER $1,500",07/15/2025 09:00:00 PM,IMPROPER LANE USAGE,NOT APPLICABLE,333,N,MICHIGAN AVE,114,,,,,,,2,NO INDICATION OF INJURY,0,0,0,0,0,2,0,18,3,7,41.8875429414,-87.6244070025,POINT (-87.624407002456 41.887542941392)
29f130710c3dfbf876cb51d48f259fc26aa5cb301f1828080bc0843b70970d4ea9f0058e30a73054dd881cd722110395bb2eaf0aea74a7810afe4f391e2679d1,,07/15/2025 06:26:00 PM,30,UNKNOWN,UNKNOWN,CLEAR,DAYLIGHT,REAR TO FRONT,UNKNOWN,,STRAIGHT AND LEVEL,UNKNOWN,UNKNOWN,NOT ON SCENE (DESK REPORT),NO INJURY / DRIVE AWAY,,,Y,"$501 - $1,500",07/15/2025 09:24:00 PM,IMPROPER BACKING,NOT APPLICABLE,2,W,ERIE ST,1832,,,,,,,2,NO INDICATION OF INJURY,0,0,0,0,0,3,0,18,3,7,41.8941804548,-87.6282181264,POINT (-87.628218126446 41.89418045476)
39f908483b01bfaae5968f725f15928e59f2f47cdd7c10b1292523bb8b644901a64f22f3428a51784d6e6dfbbd04131a4864da4eb42f797f2c0ba79696c9b804,,07/15/2025 06:25:00 PM,30,NO CONTROLS,NO CONTROLS,CLEAR,DAYLIGHT,PARKED MOTOR VEHICLE,NOT DIVIDED,,STRAIGHT AND LEVEL,DRY,NO DEFECTS,NOT ON SCENE (DESK REPORT),NO INJURY / DRIVE AWAY,N,,,"OVER $1,500",07/15/2025 07:00:00 PM,FAILING TO YIELD RIGHT-OF-WAY,FAILING TO YIELD RIGHT-OF-WAY,1758,W,18TH ST,1234,,,,,,,2,NO INDICATION OF INJURY,0,0,0,0,0,4,0,18,3,7,41.8578360901,-87.6710064727,POINT (-87.671006472722 41.857836090112)
09694d05ebd0919b38a06720c0f1fe237fcbed0374929159f031890bc77bde0c4446c0760d7778b4b01a46b21b01531e50776ddc1aa838d9e5502a2137254200,,07/15/2025 06:24:00 PM,30,TRAFFIC SIGNAL,FUNCTIONING PROPERLY,CLEAR,DAYLIGHT,REAR TO FRONT,FOUR WAY,,STRAIGHT AND LEVEL,DRY,NO DEFECTS,NOT ON SCENE (DESK REPORT),NO INJURY / DRIVE AWAY,Y,,Y,"$501 - $1,500",07/15/2025 06:25:00 PM,"OPERATING VEHICLE IN ERRATIC, RECKLESS, CARELESS, NEGLIGENT OR AGGRESSIVE MANNER",NOT APPLICABLE,6758,S,ASHLAND AVE,725,,N,,,,,2,NO INDICATION OF INJURY,0,0,0,0,0,2,0,18,3,7,41.7704608023,-87.6641174331,POINT (-87.664117433135 41.770460802266)
be4fad728d7eadb9656cd9506ba9d70721a63103c798355d0eead9b8115d7a08328ada38359411fa3fad8ebb046a085c3b5a469855c3006b31fd7af8de473a0e,,07/15/2025 06:17:00 PM,30,NO CONTROLS,NO CONTROLS,CLEAR,DAYLIGHT,PARKED MOTOR VEHICLE,DIVIDED - W/MEDIAN (NOT RAISED),,STRAIGHT AND LEVEL,DRY,NO DEFECTS,NOT ON SCENE (DESK REPORT),NO INJURY / DRIVE AWAY,,,Y,"$501 - $1,500",07/15/2025 08:17:00 PM,UNABLE TO DETERMINE,UNABLE TO DETERMINE,3532,W,MONTROSE AVE,1723,,,,,,,2,NO INDICATION OF INJURY,0,0,0,0,0,3,0,18,3,7,41.9611917449,-87.7169518654,POINT (-87.716951865409 41.961191744858)
2d6b8a5b9d4dbc0dd9c4801a095c12dfea0f7c463558bec6fcfa3d37e9196d6ed3c439575a36fa39f610116d94531b1451ccc5233bb1e471392099ffc1e962e2,,07/15/2025 06:15:00 PM,30,TRAFFIC SIGNAL,FUNCTIONING PROPERLY,CLEAR,DAYLIGHT,TURNING,T-INTERSECTION,,STRAIGHT AND LEVEL,DRY,NO DEFECTS,ON SCENE,NO INJURY / DRIVE AWAY,Y,,,"$501 - $1,500",07/15/2025 06:45:00 PM,IMPROPER TURNING/NO SIGNAL,IMPROPER LANE USAGE,801,S,CENTRAL AVE,1522,,,,,,,2,NO INDICATION OF INJURY,0,0,0,0,0,2,0,18,3,7,41.8701148134,-87.7641317942,POINT (-87.764131794183 41.870114813382)
6f66e153ca4b79d7f168a0cb3f692154c1e950642a98a4d6f20b460bd304081ad18d6e9bf1a66311fd5c8c1378f025d39fcaea8991fb7183370d1893c99e0aac,,07/15/2025 06:15:00 PM,30,TRAFFIC SIGNAL,FUNCTIONING PROPERLY,CLEAR,DAYLIGHT,SIDESWIPE SAME DIRECTION,DIVIDED - W/MEDIAN BARRIER,,STRAIGHT AND LEVEL,DRY,UNKNOWN,NOT ON SCENE (DESK REPORT),NO INJURY / DRIVE AWAY,,,,"OVER $1,500",07/15/2025 06:47:00 PM,IMPROPER LANE USAGE,IMPROPER LANE USAGE,9800,S,HALSTED ST,2223,,,,,,,2,NO INDICATION OF INJURY,0,0,0,0,0,2,0,18,3,7,41.7158702032,-87.6432101395,POINT (-87.643210139548 41.715870203216)
cc31e93be152cde9fbec1c7cec5c7cb19d7e9c1e26b6c8186655bc4b7ece72008e8021d2cdfb153f9773c12b2d792c3cd47b95a4b93dce0ca7e5a8db4aae45d5,Y,07/15/2025 06:12:00 PM,30,TRAFFIC SIGNAL,FUNCTIONING PROPERLY,CLEAR,DAYLIGHT,REAR END,DIVIDED - W/MEDIAN BARRIER,,STRAIGHT AND LEVEL,DRY,UNKNOWN,NOT ON SCENE (DESK REPORT),NO INJURY / DRIVE AWAY,,,,"OVER $1,500",07/15/2025 07:05:00 PM,CELL PHONE USE OTHER THAN TEXTING,CELL PHONE USE OTHER THAN TEXTING,1742,W,IRVING PARK RD,1912,,,,,,,2,NO INDICATION OF INJURY,0,0,0,0,0,2,0,18,3,7,41.9543423977,-87.6731006826,POINT (-87.67310068264 41.954342397738)
65ef3030a94a5cefb25f330ec72c790eecbc5b7083239406c2ce20e3dc478c02784d26ab70e36d6192b213ee4273de3ef1289b04567f90d3d65b9429f7866c48,,07/15/2025 06:11:00 PM,30,NO CONTROLS,NO CONTROLS,CLEAR,DAYLIGHT,PARKED MOTOR VEHICLE,NOT DIVIDED,,STRAIGHT AND LEVEL,DRY,NO DEFECTS,ON SCENE,NO INJURY / DRIVE AWAY,,,,"OVER $1,500",07/15/2025 07:12:00 PM,PHYSICAL CONDITION OF DRIVER,UNABLE TO DETERMINE,1646,N,CAMPBELL AVE,1434,,,,,,,3,NO INDICATION OF INJURY,0,0,0,0,0,1,0,18,3,7,41.9116812137,-87.6898439289,POINT (-87.689843928865 41.911681213677)
b71ba5804e3eb253c960ee07129c7a32109585265b2b028f00ddf8db7a728d383a0cd49da72bcab35483dcf8c67e24f22e63421ee17bf2d07c766434172ecfea,,07/15/2025 06:05:00 PM,30,NO CONTROLS,NO CONTROLS,CLEAR,DAYLIGHT,REAR END,DIVIDED - W/MEDIAN (NOT RAISED),,STRAIGHT AND LEVEL,DRY,NO DEFECTS,ON SCENE,NO INJURY / DRIVE AWAY,,,,$500 OR LESS,07/15/2025 06:05:00 PM,FAILING TO REDUCE SPEED TO AVOID CRASH,FOLLOWING TOO CLOSELY,1320,E,55TH ST,234,,,,,,,2,NO INDICATION OF INJURY,0,0,0,0,0,3,0,18,3,7,41.7952080446,-87.5940131791,POINT (-87.594013179077 41.795208044631)
bceb38df53fea104cb457ba507e9297ceccdca3754d5796332237e46bc22109685c476b5f365df0f829d209c16f1b0ae3d107a36dbb2784158666ca1609386ed,,07/15/2025 06:05:00 PM,30,NO CONTROLS,NO CONTROLS,CLEAR,DAYLIGHT,REAR END,NOT DIVIDED,,CURVE ON HILLCREST,DRY,UNKNOWN,NOT ON SCENE (DESK REPORT),NO INJURY / DRIVE AWAY,,,,"$501 - $1,500",07/15/2025 06:30:00 PM,UNABLE TO DETERMINE,UNABLE TO DETERMINE,2705,N,ELSTON AVE,1432,,,,,,,2,NO INDICATION OF INJURY,0,0,0,0,0,2,0,18,3,7,41.9306854427,-87.6854287463,POINT (-87.6854287463 41.930685442675)
22a336348a24238332035b5e67827168c8aca35ba78812a0d7144e444ec4553113de36cf452380e16e51a76dc5fc0ba52ebae4177407586b452ff177e0ce9bbf,,07/15/2025 06:02:00 PM,30,UNKNOWN,UNKNOWN,CLEAR,DAYLIGHT,TURNING,NOT DIVIDED,,STRAIGHT AND LEVEL,DRY,NO DEFECTS,NOT ON SCENE (DESK REPORT),NO INJURY / DRIVE AWAY,,,Y,"$501 - $1,500",07/15/2025 07:08:00 PM,IMPROPER OVERTAKING/PASSING,FOLLOWING TOO CLOSELY,735,W,DIVISION ST,1822,,,,,,,2,NO INDICATION OF INJURY,0,0,0,0,0,2,0,18,3,7,41.9035379266,-87.6474235837,POINT (-87.647423583714 41.903537926645)
c7165be1ea26827f48c9e7c45f3e2e13113af6a62d4808dcf68e8d6233c988ecc346051c4426d09cacd837d5bc4a472e00c9d8eda160ee2efc1c0b301174dc47,,07/15/2025 06:00:00 PM,30,NO CONTROLS,NO CONTROLS,CLEAR,DAYLIGHT,PARKED MOTOR VEHICLE,NOT DIVIDED,,STRAIGHT AND LEVEL,DRY,NO DEFECTS,NOT ON SCENE (DESK REPORT),NO INJURY / DRIVE AWAY,,,,"OVER $1,500",07/15/2025 06:50:00 PM,IMPROPER LANE USAGE,IMPROPER LANE USAGE,4519,S,ARCHER AVE,821,,,,,,,2,NO INDICATION OF INJURY,0,0,0,0,0,1,0,18,3,7,41.8112081853,-87.7087081503,POINT (-87.708708150317 41.811208185305)
eee5a8552c5d2cf17375aff0d616fa811c81dc76f552c0a2acd1f676ea38ab9bbf525afc5fc3006d198fd22a59da0bd1c86d7824850fcdae196ca138195475e2,,07/15/2025 06:00:00 PM,30,STOP SIGN/FLASHER,FUNCTIONING PROPERLY,CLEAR,DAYLIGHT,ANGLE,NOT DIVIDED,,STRAIGHT AND LEVEL,DRY,NO DEFECTS,ON SCENE,INJURY AND / OR TOW DUE TO CRASH,Y,,,"OVER $1,500",07/15/2025 06:05:00 PM,UNABLE TO DETERMINE,UNABLE TO DETERMINE,5600,S,WOOD ST,715,,,,,,,2,NO INDICATION OF INJURY,0,0,0,0,0,2,0,18,3,7,41.7920606583,-87.6695368471,POINT (-87.669536847061 41.792060658303)
f73cbac5514633ceb896bdf738ab4a619134b108dfc4a82366f98d1849d94e8895f04db03d83db438c08702008e3d1aff12428e2b0d89b4e32e4e24a9d8149d7,,07/15/2025 06:00:00 PM,25,NO CONTROLS,NO CONTROLS,UNKNOWN,UNKNOWN,PARKED MOTOR VEHICLE,DIVIDED - W/MEDIAN (NOT RAISED),,STRAIGHT AND LEVEL,UNKNOWN,UNKNOWN,,NO INJURY / DRIVE AWAY,,,Y,"OVER $1,500",07/20/2025 01:07:00 PM,DRIVING SKILLS/KNOWLEDGE/EXPERIENCE,FAILING TO REDUCE SPEED TO AVOID CRASH,7003,N,HAMILTON AVE,2411,,,,,,,2,NO INDICATION OF INJURY,0,0,0,0,0,1,0,18,3,7,42.0089948203,-87.683820883,POINT (-87.683820882992 42.008994820262)
a068181781dbf8653ce2fae4c7d07372ea558352bce2adba547f38aa0feba4fe738e8c74d589ee9afe45bf5a63d9f1df5cd3d6651bb73939c32295cb79b64dcb,,07/15/2025 05:55:00 PM,30,NO CONTROLS,NO CONTROLS,CLEAR,DAYLIGHT,SIDESWIPE SAME DIRECTION,NOT DIVIDED,,STRAIGHT AND LEVEL,DRY,NO DEFECTS,NOT ON SCENE (DESK REPORT),INJURY AND / OR TOW DUE TO CRASH,,,,"OVER $1,500",07/16/2025 10:30:00 AM,FAILING TO YIELD RIGHT-OF-WAY,UNABLE TO DETERMINE,4348,W,WASHINGTON BLVD,1114,,,,,,,2,"REPORTED, NOT EVIDENT",1,0,0,0,1,1,0,17,3,7,41.8820442637,-87.7350155209,POINT (-87.735015520932 41.882044263658)