CRASH_RECORD_ID,CRASH_DATE_EST_I,CRASH_DATE,POSTED_SPEED_LIMIT,TRAFFIC_CONTROL_DEVICE,DEVICE_CONDITION,WEATHER_CONDITION,LIGHTING_CONDITION,FIRST_CRASH_TYPE,TRAFFICWAY_TYPE,LANE_CNT,ALIGNMENT,ROADWAY_SURFACE_COND,ROAD_DEFECT,REPORT_TYPE,CRASH_TYPE,INTERSECTION_RELATED_I,NOT_RIGHT_OF_WAY_I,HIT_AND_RUN_I,DAMAGE,DATE_POLICE_NOTIFIED,PRIM_CONTRIBUTORY_CAUSE,SEC_CONTRIBUTORY_CAUSE,STREET_NO,STREET_DIRECTION,STREET_NAME,BEAT_OF_OCCURRENCE,PHOTOS_TAKEN_I,STATEMENTS_TAKEN_I,DOORING_I,WORK_ZONE_I,WORK_ZONE_TYPE,WORKERS_PRESENT_I,NUM_UNITS,MOST_SEVERE_INJURY,INJURIES_TOTAL,INJURIES_FATAL,INJURIES_INCAPACITATING,INJURIES_NON_INCAPACITATING,INJURIES_REPORTED_NOT_EVIDENT,INJURIES_NO_INDICATION,INJURIES_UNKNOWN,CRASH_HOUR,CRASH_DAY_OF_WEEK,CRASH_MONTH,LATITUDE,LONGITUDE,LOCATION
16c85c1caf88e3adea966250b361f159e4b7a5aa03cba3c71779d0967431a2ca88c429be07c0cb17c2fa32bf7f774ad098828f23e96de666cf42c4b3ded7c5df,,07/15/2025 05:45:00 PM,40,NO CONTROLS,NO CONTROLS,CLEAR,DAYLIGHT,FIXED OBJECT,NOT DIVIDED,,STRAIGHT AND LEVEL,DRY,NO DEFECTS,ON SCENE,INJURY AND / OR TOW DUE TO CRASH,,,,"OVER $1,500",07/15/2025 05:46:00 PM,IMPROPER OVERTAKING/PASSING,UNABLE TO DETERMINE,10255,W,ZEMKE RD,1654,,,,,,,1,INCAPACITATING INJURY,1,0,1,0,0,0,0,17,3,7,41.9947933861,-87.8827076595,POINT (-87.882707659516 41.994793386112)
a164c2cbf737d2a9bbf670e45b0eecd4c96d1caa89bb69fb7fa3db9216fb948750080a9bce02fd44c2c438cd814901d52a8db6d056b29d3aaf515a93ec1a6e06,,07/15/2025 05:45:00 PM,30,NO CONTROLS,FUNCTIONING PROPERLY,CLEAR,DAYLIGHT,PARKED MOTOR VEHICLE,NOT DIVIDED,,STRAIGHT AND LEVEL,DRY,WORN SURFACE,ON SCENE,NO INJURY / DRIVE AWAY,,Y,,"OVER $1,500",07/15/2025 05:47:00 PM,DRIVING SKILLS/KNOWLEDGE/EXPERIENCE,NOT APPLICABLE,4550,S,PACKERS AVE,924,,,,,,,2,NO INDICATION OF INJURY,0,0,0,0,0,1,0,17,3,7,41.8108615663,-87.6586823493,POINT (-87.658682349303 41.810861566282)
fa146ade5cc35efce338b129e92af044ad113bf8277e20bdec2701a43d0bc27310829afc0ccd94e8aee438d577fc7f8f4b62d6e95116bf85265fc9ce54781529,,07/15/2025 05:34:00 PM,30,TRAFFIC SIGNAL,UNKNOWN,UNKNOWN,DUSK,REAR END,ONE-WAY,,STRAIGHT AND LEVEL,UNKNOWN,UNKNOWN,NOT ON SCENE (DESK REPORT),NO INJURY / DRIVE AWAY,Y,,,"OVER $1,500",07/15/2025 11:30:00 PM,FAILING TO REDUCE SPEED TO AVOID CRASH,IMPROPER OVERTAKING/PASSING,302,W,OHIO ST,1831,,,,,,,2,NO INDICATION OF INJURY,0,0,0,0,0,2,0,17,3,7,41.8924762909,-87.6357590271,POINT (-87.635759027115 41.892476290916)
ce2d90621e59d8e25e696b8fbaf451155a9b1825dffc17e1a1e48af072fd591b10411c20c34db31d976c6ce18510d6af5a1660810349a3752ece1ac883892ef9,,07/15/2025 05:30:00 PM,30,NO CONTROLS,NO CONTROLS,CLEAR,DAYLIGHT,REAR END,NOT DIVIDED,,STRAIGHT AND LEVEL,DRY,NO DEFECTS,ON SCENE,INJURY AND / OR TOW DUE TO CRASH,,,,"OVER $1,500",07/15/2025 06:40:00 PM,FAILING TO REDUCE SPEED TO AVOID CRASH,UNABLE TO DETERMINE,3708,N,CUMBERLAND AVE,1631,,,,,,,3,NO INDICATION OF INJURY,0,0,0,0,0,3,0,17,3,7,41.9468951568,-87.8366478451,POINT (-87.836647845101 41.946895156772)
8da588ee569139bafb44fe175c27ea3cbcb335fee583cee511a924e0fc5dc337c986dd864096d36169e08f39d0be3d393ebab00321db5b32095f5f15ac5f8292,,07/15/2025 05:28:00 PM,30,NO CONTROLS,NO CONTROLS,CLEAR,DAYLIGHT,REAR END,NOT DIVIDED,,STRAIGHT AND LEVEL,DRY,NO DEFECTS,ON SCENE,INJURY AND / OR TOW DUE TO CRASH,N,,,$500 OR LESS,07/15/2025 05:38:00 PM,FOLLOWING TOO CLOSELY,UNABLE TO DETERMINE,6007,W,55TH ST,811,,,,,,,2,"REPORTED, NOT EVIDENT",1,0,0,0,1,2,0,17,3,7,41.7924274814,-87.7723969738,POINT (-87.772396973813 41.792427481391)
1698edc6bdbd9d0a2fa2c3901120d72ae3e69f3e3020251321e1f7a7287f66edafc327c8a689a2a04b08d774f3b818835763318cb63dea111c7f15be7d65e962,,07/15/2025 05:15:00 PM,10,NO CONTROLS,NO CONTROLS,UNKNOWN,UNKNOWN,PARKED MOTOR VEHICLE,PARKING LOT,,STRAIGHT AND LEVEL,UNKNOWN,UNKNOWN,,NO INJURY / DRIVE AWAY,,,Y,$500 OR LESS,07/16/2025 05:15:00 PM,UNABLE TO DETERMINE,NOT APPLICABLE,2209,W,95TH ST,2213,,,,,,,2,NO INDICATION OF INJURY,0,0,0,0,0,1,0,17,3,7,41.720894311,-87.6776378125,POINT (-87.677637812476 41.720894311047)
ef91c52f235fc7cd8848f02ebc015e1c4d32b7eff3a866bc362d049661443724e72d8e081572e86c8d91428b72071ae3e3aa21f4d52671eaf4b6fa077d66ef85,Y,07/15/2025 05:15:00 PM,30,TRAFFIC SIGNAL,FUNCTIONING PROPERLY,CLEAR,DAYLIGHT,SIDESWIPE SAME DIRECTION,FOUR WAY,,STRAIGHT AND LEVEL,DRY,NO DEFECTS,NOT ON SCENE (DESK REPORT),NO INJURY / DRIVE AWAY,,,Y,"OVER $1,500",07/15/2025 09:45:00 PM,UNABLE TO DETERMINE,NOT APPLICABLE,6300,N,BROADWAY,2433,,,,,,,2,NO INDICATION OF INJURY,0,0,0,0,0,2,0,17,3,7,41.996462002,-87.6606096651,POINT (-87.660609665094 41.996462001969)
5669303f9547536eb22373ceb3830cfb40608b22c7d6babc7a9913058149ac70a63649315e63b23df867fb1659850ed9265639e7c8daa16efa8126663a57e992,,07/15/2025 05:11:00 PM,35,NO CONTROLS,NO CONTROLS,CLEAR,DAYLIGHT,TURNING,T-INTERSECTION,,STRAIGHT AND LEVEL,DRY,WORN SURFACE,ON SCENE,INJURY AND / OR TOW DUE TO CRASH,Y,,,"OVER $1,500",07/15/2025 05:32:00 PM,NOT APPLICABLE,NOT APPLICABLE,5100,S,MOZART ST,923,,,,,,,2,NO INDICATION OF INJURY,0,0,0,0,0,4,0,17,3,7,41.8008743616,-87.6953634864,POINT (-87.695363486391 41.800874361588)
ad1f1e672835c5ff6827926cabe14795f5c82ea10b443499f4d08742e055eb18e1b94d6ae3fb6603a062cfe966ab778f30698dab480032520b2bd92d0c1e4bf8,,07/15/2025 05:11:00 PM,20,STOP SIGN/FLASHER,FUNCTIONING PROPERLY,CLEAR,DAYLIGHT,PARKED MOTOR VEHICLE,NOT DIVIDED,,STRAIGHT AND LEVEL,DRY,NO DEFECTS,ON SCENE,NO INJURY / DRIVE AWAY,,,,$500 OR LESS,07/15/2025 05:34:00 PM,IMPROPER OVERTAKING/PASSING,IMPROPER OVERTAKING/PASSING,1040,S,MAYFIELD AVE,1513,,,,,,,2,NO INDICATION OF INJURY,0,0,0,0,0,2,0,17,3,7,41.8679221418,-87.7719075418,POINT (-87.771907541839 41.867922141797)
5070c8b3e0a2d3bded350a10d78815c28bcc2eee36578d5ea5aad37c789dde8ab62e6a2724ba20f22564dfef0ac291b6ad9d5644c3544783e39c7d0633c3b138,,07/15/2025 05:10:00 PM,30,TRAFFIC SIGNAL,FUNCTIONING PROPERLY,CLEAR,DAYLIGHT,REAR END,DIVIDED - W/MEDIAN BARRIER,,STRAIGHT AND LEVEL,DRY,NO DEFECTS,ON SCENE,NO INJURY / DRIVE AWAY,,,,"OVER $1,500",07/15/2025 05:10:00 PM,DISTRACTION - FROM OUTSIDE VEHICLE,NOT APPLICABLE,4400,S,ASHLAND AVE,924,,,,,,,2,NO INDICATION OF INJURY,0,0,0,0,0,4,0,17,3,7,41.8139663271,-87.6652539287,POINT (-87.665253928687 41.813966327139)
85778f4c91a5cc6dfae47275ff1ecb690b70f164d01725072edabe53fec527d82fca35be65966332dcedf65132346396cbed8e14e04ba39912f1900ce8139039,N,07/15/2025 05:10:00 PM,35,NO CONTROLS,NO CONTROLS,CLEAR,DAYLIGHT,SIDESWIPE SAME DIRECTION,ONE-WAY,,STRAIGHT AND LEVEL,DRY,NO DEFECTS,NOT ON SCENE (DESK REPORT),NO INJURY / DRIVE AWAY,,,,"OVER $1,500",07/15/2025 05:13:00 PM,IMPROPER OVERTAKING/PASSING,NOT APPLICABLE,3898,S,WENTWORTH AVE,915,,,,,,,2,NO INDICATION OF INJURY,0,0,0,0,0,3,0,17,3,7,41.8237465234,-87.631456992,POINT (-87.631456992006 41.823746523365)
de4c6676586767c925f48aebff426a32007441dd47cac7e4044c2c874bbabf88ca9197b053340020b0246bda7f14fc3efc6489da9346c176a368aa0c1bd0a88e,,07/15/2025 05:09:00 PM,45,NO CONTROLS,NO CONTROLS,CLEAR,DAYLIGHT,SIDESWIPE SAME DIRECTION,DIVIDED - W/MEDIAN BARRIER,,STRAIGHT AND LEVEL,DRY,NO DEFECTS,ON SCENE,INJURY AND / OR TOW DUE TO CRASH,,,,"OVER $1,500",07/15/2025 05:10:00 PM,IMPROPER LANE USAGE,UNABLE TO DETERMINE,4700,S,LAKE SHORE DR NB,222,,,,,,,2,NO INDICATION OF INJURY,0,0,0,0,0,2,0,17,3,7,41.8105924989,-87.5893711119,POINT (-87.589371111902 41.810592498867)
4958493bd54210e5389c5e4178f818d33a1f2c0a211b86936aa17c91196d00d1814d7e56c8f5d1683c3609a0b86b5483854496a3b223c16dc757a7fecbbb42a5,,07/15/2025 05:07:00 PM,20,TRAFFIC SIGNAL,FUNCTIONING PROPERLY,CLEAR,DAYLIGHT,TURNING,T-INTERSECTION,,STRAIGHT AND LEVEL,UNKNOWN,UNKNOWN,NOT ON SCENE (DESK REPORT),NO INJURY / DRIVE AWAY,Y,,Y,"OVER $1,500",07/15/2025 06:20:00 PM,UNABLE TO DETERMINE,NOT APPLICABLE,1325,S,HALSTED ST,1232,,,,,,,2,NO INDICATION OF INJURY,0,0,0,0,0,3,0,17,3,7,41.8647556634,-87.6466991791,POINT (-87.646699179083 41.864755663394)
7c21123a2fdc6056df9b6370489477e27d9c264f06bcbc264e18c85b5e524f4dec1e91e2480670a905b67294b7fdb94c9ff91e81428022f8c04b969e3fcabcf5,,07/15/2025 05:05:00 PM,30,UNKNOWN,UNKNOWN,UNKNOWN,UNKNOWN,SIDESWIPE SAME DIRECTION,ONE-WAY,,STRAIGHT AND LEVEL,UNKNOWN,UNKNOWN,NOT ON SCENE (DESK REPORT),NO INJURY / DRIVE AWAY,,,,"OVER $1,500",07/15/2025 05:45:00 PM,UNABLE TO DETERMINE,NOT APPLICABLE,1530,W,FARWELL AVE,2431,,,,,,,2,NO INDICATION OF INJURY,0,0,0,0,0,3,0,17,3,7,42.0067415464,-87.6691047202,POINT (-87.669104720204 42.006741546408)
ae6d4089efb60063142e1415d376b3f01c9930508b0b1257453b7e05a796d26a0148059894947ce95a6467d0db2c837077f41981761abfdf38543ab6c29c955a,,07/15/2025 05:01:00 PM,30,NO CONTROLS,NO CONTROLS,CLEAR,DAYLIGHT,PARKED MOTOR VEHICLE,OTHER,,STRAIGHT AND LEVEL,DRY,NO DEFECTS,ON SCENE,NO INJURY / DRIVE AWAY,,Y,,"$501 - $1,500",07/15/2025 05:15:00 PM,UNABLE TO DETERMINE,UNABLE TO DETERMINE,1141,N,AUSTIN BLVD,1511,,,,,,,2,NO INDICATION OF INJURY,0,0,0,0,0,1,0,17,3,7,41.9013982539,-87.7751951678,POINT (-87.775195167804 41.901398253945)
262872eda078ffe5fd2ca77cd880ac5e96eae34907bcd6b898141769fd35dcec04ebad6255b00852741a48fdc40c06a4707ba9ae322ca436a4173215b0b3a2ab,,07/15/2025 05:00:00 PM,30,UNKNOWN,UNKNOWN,CLEAR,DAYLIGHT,PEDALCYCLIST,NOT DIVIDED,,STRAIGHT AND LEVEL,DRY,NO DEFECTS,NOT ON SCENE (DESK REPORT),NO INJURY / DRIVE AWAY,,,Y,$500 OR LESS,07/15/2025 08:00:00 PM,FOLLOWING TOO CLOSELY,UNABLE TO DETERMINE,9480,S,EWING AVE,432,,,,,,,2,NO INDICATION OF INJURY,0,0,0,0,0,2,0,17,3,7,41.7230351237,-87.536792035,POINT (-87.536792034976 41.723035123693)
2f03300aab0ebd63f60ae482267d59847c0810b18e510beeaf0d249f25727878fb03e8179bafb06d60760ed3ab94a6bf2b4c0b94fd5abfd637dafa000e014e81,,07/15/2025 05:00:00 PM,30,UNKNOWN,UNKNOWN,UNKNOWN,UNKNOWN,PARKED MOTOR VEHICLE,PARKING LOT,,STRAIGHT AND LEVEL,UNKNOWN,UNKNOWN,NOT ON SCENE (DESK REPORT),NO INJURY / DRIVE AWAY,,,Y,"OVER $1,500",07/22/2025 04:30:00 PM,UNABLE TO DETERMINE,UNABLE TO DETERMINE,8608,W,CATALPA AVE,1614,,,,,,,2,NO INDICATION OF INJURY,0,0,0,0,0,1,0,17,3,7,41.9793203177,-87.8419498779,POINT (-87.841949877856 41.979320317745)
451305f366bc2f4cf1ca69ab1e5f5b12355343c8bab69f856222147e97c6056f417bbf2d28f44a554a4be19f95cbb38e651dd8a972e4df6624d04348e1bf7a96,,07/15/2025 05:00:00 PM,30,TRAFFIC SIGNAL,FUNCTIONING PROPERLY,CLEAR,DAYLIGHT,TURNING,ONE-WAY,,STRAIGHT AND LEVEL,DRY,NO DEFECTS,NOT ON SCENE (DESK REPORT),NO INJURY / DRIVE AWAY,,,,"OVER $1,500",07/15/2025 06:35:00 PM,IMPROPER LANE USAGE,IMPROPER LANE USAGE,3801,W,HARRISON ST,1133,,,,,,,2,NO INDICATION OF INJURY,0,0,0,0,0,2,0,17,3,7,41.8734046453,-87.7203996283,POINT (-87.720399628297 41.873404645345)
4862a6e17e5d541333578c5483a8a802f7436f4cca47241efc419278c5f826078d7a58e33b07b87f93de083d22b5ff055ec9a7a7b77e03d589802bae022b8f2e,,07/15/2025 05:00:00 PM,30,NO CONTROLS,NO CONTROLS,CLEAR,DAYLIGHT,REAR END,NOT DIVIDED,,STRAIGHT AND LEVEL,DRY,NO DEFECTS,,NO INJURY / DRIVE AWAY,,,,$500 OR LESS,07/15/2025 06:00:00 PM,IMPROPER BACKING,NOT APPLICABLE,318,S,FEDERAL ST,113,,,,,,,2,NO INDICATION OF INJURY,0,0,0,0,0,2,0,17,3,7,41.8776262409,-87.6298619712,POINT (-87.629861971218 41.877626240947)
818c24eda4b529af9219983e784629702454b11d87c78355da13a6f3ada74bb4054f8806d61fea4711c2b120cf9c819171facc7b9d788fe1314ec123d2d3be8e,,07/15/2025 05:00:00 PM,30,STOP SIGN/FLASHER,NOT FUNCTIONING,CLEAR,DAYLIGHT,REAR END,FOUR WAY,,STRAIGHT AND LEVEL,DRY,NO DEFECTS,,NO INJURY / DRIVE AWAY,Y,,,"OVER $1,500",07/18/2025 10:00:00 AM,FAILING TO REDUCE SPEED TO AVOID CRASH,UNABLE TO DETERMINE,301,E,79TH ST,623,,,,,,,2,NO INDICATION OF INJURY,0,0,0,0,0,2,0,17,3,7,41.7509546567,-87.6180691028,POINT (-87.618069102797 41.750954656724)
cefcbf062c6239651dd61ef59633cdf91fc707c329898caf7fd260c66e1d5ab828bed0b4647e4cb282cdf121de50fd628dbd2bf7fc2526cda246670cdfcd7ce9,,07/15/2025 05:00:00 PM,15,NO CONTROLS,NO CONTROLS,CLEAR,DAYLIGHT,TURNING,ALLEY,,STRAIGHT AND LEVEL,DRY,NO DEFECTS,,NO INJURY / DRIVE AWAY,,,,"OVER $1,500",07/15/2025 05:50:00 PM,"VISION OBSCURED (SIGNS, TREE LIMBS, BUILDINGS, ETC.)",FAILING TO YIELD RIGHT-OF-WAY,3400,S,WOLCOTT AVE,912,,,,,,,2,NO INDICATION OF INJURY,0,0,0,0,0,4,0,17,3,7,41.8321972594,-87.6730301015,POINT (-87.673030101539 41.832197259355)
8f43a46b5b870e34a2d7a543d985ed73e2163be4b3876a1c677b9aff43a86ca77bc85e7fd9e09d98e02c2e131996fd0c93ec814c4a02d87f5a8b0ac7a77fdbf2,,07/15/2025 04:53:00 PM,30,TRAFFIC SIGNAL,FUNCTIONING PROPERLY,CLEAR,DAYLIGHT,SIDESWIPE SAME DIRECTION,NOT DIVIDED,,STRAIGHT AND LEVEL,DRY,NO DEFECTS,ON SCENE,NO INJURY / DRIVE AWAY,Y,,Y,"$501 - $1,500",07/15/2025 05:33:00 PM,IMPROPER OVERTAKING/PASSING,FAILING TO YIELD RIGHT-OF-WAY,3998,W,55TH ST,822,,,,,,,2,NO INDICATION OF INJURY,0,0,0,0,0,2,0,16,3,7,41.7933149727,-87.7230990461,POINT (-87.723099046052 41.793314972705)
7b7cef379e2c7c6a65774be3c2295113169337a2185ab7fde018ee4999a709bad86f3e41e2f3cb93ef8ffe4e4ad23b2d54568bc51e33b9459061d966b4f01625,,07/15/2025 04:50:00 PM,5,TRAFFIC SIGNAL,UNKNOWN,CLEAR,DAYLIGHT,HEAD ON,T-INTERSECTION,,"CURVE, LEVEL",UNKNOWN,UNKNOWN,ON SCENE,NO INJURY / DRIVE AWAY,,,Y,"OVER $1,500",07/15/2025 04:55:00 PM,UNABLE TO DETERMINE,UNABLE TO DETERMINE,5700,S,CICERO AVE,813,,,,,,,2,NO INDICATION OF INJURY,0,0,0,0,0,2,0,16,3,7,41.7893293233,-87.7416456442,POINT (-87.741645644196 41.789329323265)
e40999e79a229b8f4fb02357ef873426228755473f1545284207183e776f74c03cd83ba324af3556a30b9317e5e1d78abc0b299efe1cfabe0eb5a8cd30977346,,07/15/2025 04:50:00 PM,30,TRAFFIC SIGNAL,FUNCTIONING PROPERLY,CLEAR,DAYLIGHT,REAR END,NOT DIVIDED,,STRAIGHT AND LEVEL,UNKNOWN,UNKNOWN,NOT ON SCENE (DESK REPORT),INJURY AND / OR TOW DUE TO CRASH,,,,"$501 - $1,500",07/15/2025 06:00:00 PM,FAILING TO REDUCE SPEED TO AVOID CRASH,NOT APPLICABLE,2,N,OGDEN AVE,1224,,,,,,,2,NONINCAPACITATING INJURY,1,0,0,1,0,2,0,16,3,7,41.8815760841,-87.666148545,POINT (-87.666148544978 41.881576084063)
18753e384b7a6d1106d04bb3f7d36e2b253e911cea74dd24f2e92c9c9062fba7bbbae1feaec92bc20863ebe39d55cf04b11d54a6b59801965d860563de18dddf,Y,07/15/2025 04:49:00 PM,30,NO CONTROLS,NO CONTROLS,CLEAR,DAYLIGHT,SIDESWIPE SAME DIRECTION,NOT DIVIDED,,STRAIGHT AND LEVEL,DRY,NO DEFECTS,ON SCENE,INJURY AND / OR TOW DUE TO CRASH,,,,"OVER $1,500",07/15/2025 04:49:00 PM,IMPROPER OVERTAKING/PASSING,IMPROPER OVERTAKING/PASSING,32,E,MARQUETTE RD,322,,,,,,,2,NO INDICATION OF INJURY,0,0,0,0,0,2,0,16,3,7,41.7729141494,-87.6238862771,POINT (-87.623886277099 41.772914149428)
485f3a12dfe35af08aaac133555b4b7658cb43c2657713b9cad4b551732756a5db51f067fdcfeaee1f47266af1edba512368756727fbd2d92b1e49acd9b81e40,,07/15/2025 04:46:00 PM,30,NO CONTROLS,NO CONTROLS,CLEAR,DAYLIGHT,REAR END,NOT DIVIDED,,STRAIGHT AND LEVEL,DRY,UNKNOWN,,INJURY AND / OR TOW DUE TO CRASH,,,,"OVER $1,500",07/15/2025 04:46:00 PM,UNABLE TO DETERMINE,NOT APPLICABLE,4968,W,GRAND AVE,2533,,,,,,,2,"REPORTED, NOT EVIDENT",4,0,0,0,4,3,0,16,3,7,41.9159946901,-87.7509400823,POINT (-87.750940082288 41.915994690137)
94988380a0cebfc3628fc5fc3253458f53d1d085342087be7f632c37e25d93628a6fdaa80df248f015558f3692ac3a1cfbcddd1c7f5b33962e64f3a6cd0eb229,,07/15/2025 04:45:00 PM,25,TRAFFIC SIGNAL,UNKNOWN,UNKNOWN,DAYLIGHT,TURNING,NOT DIVIDED,,STRAIGHT AND LEVEL,UNKNOWN,UNKNOWN,NOT ON SCENE (DESK REPORT),NO INJURY / DRIVE AWAY,,,Y,"OVER $1,500",07/17/2025 03:40:00 PM,UNABLE TO DETERMINE,NOT APPLICABLE,2151,N,CENTRAL PARK AVE,1413,,,,,,,2,NO INDICATION OF INJURY,0,0,0,0,0,2,0,16,3,7,41.9206648297,-87.7167280483,POINT (-87.716728048319 41.920664829661)
ed2d9cda9b6c91cfb560f0994eee16bda0dd1057ade48c2eddc2c00cc696bcf56137b2bc7e31ccbd3faf4569ebc4c914c6ec585b277c1aee98e227a37cf08f4c,,07/15/2025 04:40:00 PM,30,TRAFFIC SIGNAL,FUNCTIONING PROPERLY,CLEAR,DAYLIGHT,REAR END,FOUR WAY,,STRAIGHT AND LEVEL,DRY,NO DEFECTS,NOT ON SCENE (DESK REPORT),NO INJURY / DRIVE AWAY,,,Y,"OVER $1,500",07/15/2025 04:45:00 PM,FOLLOWING TOO CLOSELY,NOT APPLICABLE,5614,W,MADISON ST,1513,,,,,,,2,NO INDICATION OF INJURY,0,0,0,0,0,4,0,16,3,7,41.880346237,-87.7655195583,POINT (-87.765519558311 41.880346236952)
c3badb625c6d3b009f6551b8fce069d20638215e10656efe16851a776b5f204fe5f226600b4d44c2edbf154f0fe079db577729a16ffc03e2484420909fdb3bcf,,07/15/2025 04:37:00 PM,30,TRAFFIC SIGNAL,FUNCTIONING PROPERLY,CLEAR,DAYLIGHT,SIDESWIPE SAME DIRECTION,ONE-WAY,,STRAIGHT AND LEVEL,DRY,NO DEFECTS,ON SCENE,NO INJURY / DRIVE AWAY,,,Y,"OVER $1,500",07/15/2025 04:45:00 PM,UNABLE TO DETERMINE,UNABLE TO DETERMINE,166,W,VAN BUREN ST,122,,Y,,,,,2,NO INDICATION OF INJURY,0,0,0,0,0,2,0,16,3,7,41.8769748952,-87.6330332831,POINT (-87.633033283109 41.876974895186)
c7c8e26b021e6b4639f853be964431a1f12fe38bc698759929379498b48de1951e33afa7338eace927c9de670b0114170cf19a6356c37b7c81093c2c0fd74948,,07/15/2025 04:37:00 PM,30,NO CONTROLS,NO CONTROLS,CLEAR,DAYLIGHT,SIDESWIPE SAME DIRECTION,NOT DIVIDED,,STRAIGHT AND LEVEL,DRY,NO DEFECTS,ON SCENE,INJURY AND / OR TOW DUE TO CRASH,,,Y,"OVER $1,500",07/15/2025 04:39:00 PM,IMPROPER OVERTAKING/PASSING,NOT APPLICABLE,2047,E,75TH ST,414,,,,,,,5,NONINCAPACITATING INJURY,2,0,0,1,1,3,0,16,3,7,41.7587895947,-87.5742462816,POINT (-87.574246281585 41.758789594734)
09e031a0b5906583b0601d853c8231e2a2c3a8eabd0b2b54bf198440cbda4a35868c88dcece982ebf092174d33462fe731886399776f6050cd520252db7895e1,,07/15/2025 04:33:00 PM,30,TRAFFIC SIGNAL,FUNCTIONING PROPERLY,CLEAR,DAYLIGHT,PEDALCYCLIST,DIVIDED - W/MEDIAN (NOT RAISED),,STRAIGHT AND LEVEL,DRY,NO DEFECTS,NOT ON SCENE (DESK REPORT),INJURY AND / OR TOW DUE TO CRASH,Y,,Y,"OVER $1,500",07/22/2025 08:00:00 PM,FAILING TO YIELD RIGHT-OF-WAY,UNABLE TO DETERMINE,199,W,OHIO ST,1831,,,,,,,2,NONINCAPACITATING INJURY,1,0,0,1,0,1,0,16,3,7,41.8922797337,-87.6340120037,POINT (-87.634012003657 41.892279733667)
2439bfb24db3c4ab2d4ecfd6cb4b6c21baed57f3c8e0e10005d3c3d0b03511db89c1b822eaae62a60f96caf54d8441fac1fb14c7d8dfa57763f8437927025338,,07/15/2025 04:30:00 PM,20,NO CONTROLS,NO CONTROLS,CLEAR,DAYLIGHT,PARKED MOTOR VEHICLE,PARKING LOT,,STRAIGHT AND LEVEL,DRY,UNKNOWN,NOT ON SCENE (DESK REPORT),NO INJURY / DRIVE AWAY,,,,$500 OR LESS,07/15/2025 05:00:00 PM,UNABLE TO DETERMINE,UNABLE TO DETERMINE,1655,E,95TH ST,431,,,,,,,2,NO INDICATION OF INJURY,0,0,0,0,0,1,0,16,3,7,41.7222631981,-87.5829176346,POINT (-87.582917634619 41.722263198134)
4a6b5b5c42027be123a9c84aa05f4ac92c9db1e97f0566be82f2c4052f9294274c299a61a678a2e62d34c5c8d726e67d1ba9c69bd8b47b9a3a4296451726236a,,07/15/2025 04:30:00 PM,30,TRAFFIC SIGNAL,FUNCTIONING PROPERLY,UNKNOWN,UNKNOWN,SIDESWIPE SAME DIRECTION,DIVIDED - W/MEDIAN (NOT RAISED),,STRAIGHT AND LEVEL,UNKNOWN,UNKNOWN,NOT ON SCENE (DESK REPORT),NO INJURY / DRIVE AWAY,,,,"OVER $1,500",07/15/2025 05:00:00 PM,IMPROPER LANE USAGE,IMPROPER LANE USAGE,410,S,SACRAMENTO BLVD,1134,,,,,,,2,NO INDICATION OF INJURY,0,0,0,0,0,2,0,16,3,7,41.875623652,-87.7012103716,POINT (-87.7012103716 41.875623651983)
fa7b43e8747a947c3923b6c245017f8e7e527ed70a78b8466ebe5458e8f2e034ec3d9c2f753e140da70f1c46ececa555c67cc904393467332b25b34e1a67cdce,,07/15/2025 04:30:00 PM,30,TRAFFIC SIGNAL,UNKNOWN,CLEAR,DAYLIGHT,SIDESWIPE SAME DIRECTION,NOT DIVIDED,,STRAIGHT AND LEVEL,DRY,UNKNOWN,NOT ON SCENE (DESK REPORT),NO INJURY / DRIVE AWAY,,,,"OVER $1,500",07/15/2025 05:37:00 PM,FAILING TO YIELD RIGHT-OF-WAY,UNABLE TO DETERMINE,6330,S,STONY ISLAND AVE,314,,,,,,,2,NO INDICATION OF INJURY,0,0,0,0,0,2,0,16,3,7,41.77966308,-87.5865913664,POINT (-87.586591366414 41.779663079964)
fc90446730466b4a901efc7fc60410d0632048099c50213f77c3d287f1b434bade8f2f335235b002090c8e73d07c1614ebde90646a78662130b5cc4653318a71,,07/15/2025 04:21:00 PM,30,NO CONTROLS,NO CONTROLS,CLEAR,DAYLIGHT,REAR END,NOT DIVIDED,,STRAIGHT AND LEVEL,DRY,NO DEFECTS,ON SCENE,NO INJURY / DRIVE AWAY,,,,"OVER $1,500",07/15/2025 04:30:00 PM,FOLLOWING TOO CLOSELY,FAILING TO REDUCE SPEED TO AVOID CRASH,3037,W,FOSTER AVE,1713,,,,,,,3,NO INDICATION OF INJURY,0,0,0,0,0,3,0,16,3,7,41.9756639808,-87.704980941,POINT (-87.704980941017 41.975663980754)
fbfb4b5a5d4697a98205c6f715aa2a7ab3cfae880fd79ae2af108b3e8b895a20c1e2ec12075a08e9243c64159a33d5a4b4c1b9239fc6975aba2d99d46e245f25,,07/15/2025 04:20:00 PM,30,UNKNOWN,UNKNOWN,CLEAR,DAYLIGHT,PEDALCYCLIST,UNKNOWN,,STRAIGHT AND LEVEL,DRY,UNKNOWN,NOT ON SCENE (DESK REPORT),NO INJURY / DRIVE AWAY,,,,"OVER $1,500",07/15/2025 06:15:00 PM,UNABLE TO DETERMINE,UNABLE TO DETERMINE,555,W,ROOSEVELT RD,124,,,,,,,2,NO INDICATION OF INJURY,0,0,0,0,0,2,0,16,3,7,41.8671220173,-87.6414076004,POINT (-87.641407600431 41.867122017279)