CRASH_RECORD_ID,CRASH_DATE_EST_I,CRASH_DATE,POSTED_SPEED_LIMIT,TRAFFIC_CONTROL_DEVICE,DEVICE_CONDITION,WEATHER_CONDITION,LIGHTING_CONDITION,FIRST_CRASH_TYPE,TRAFFICWAY_TYPE,LANE_CNT,ALIGNMENT,ROADWAY_SURFACE_COND,ROAD_DEFECT,REPORT_TYPE,CRASH_TYPE,INTERSECTION_RELATED_I,NOT_RIGHT_OF_WAY_I,HIT_AND_RUN_I,DAMAGE,DATE_POLICE_NOTIFIED,PRIM_CONTRIBUTORY_CAUSE,SEC_CONTRIBUTORY_CAUSE,STREET_NO,STREET_DIRECTION,STREET_NAME,BEAT_OF_OCCURRENCE,PHOTOS_TAKEN_I,STATEMENTS_TAKEN_I,DOORING_I,WORK_ZONE_I,WORK_ZONE_TYPE,WORKERS_PRESENT_I,NUM_UNITS,MOST_SEVERE_INJURY,INJURIES_TOTAL,INJURIES_FATAL,INJURIES_INCAPACITATING,INJURIES_NON_INCAPACITATING,INJURIES_REPORTED_NOT_EVIDENT,INJURIES_NO_INDICATION,INJURIES_UNKNOWN,CRASH_HOUR,CRASH_DAY_OF_WEEK,CRASH_MONTH,LATITUDE,LONGITUDE,LOCATION
e75125d9b5d46429947d50edd7cf08b72101e2c070bd6a5b0d04b4b2351f3f3b5427664d719859de81c9b96589d94535451ca2c134b80a4efabe02e1ec150812,,07/15/2025 04:16:00 PM,30,STOP SIGN/FLASHER,FUNCTIONING PROPERLY,CLEAR,DAYLIGHT,ANGLE,FOUR WAY,,STRAIGHT AND LEVEL,DRY,NO DEFECTS,ON SCENE,NO INJURY / DRIVE AWAY,Y,,,"OVER $1,500",07/15/2025 04:17:00 PM,FAILING TO YIELD RIGHT-OF-WAY,NOT APPLICABLE,3528,W,AUGUSTA BLVD,1121,,,,,,,2,NO INDICATION OF INJURY,0,0,0,0,0,3,0,16,3,7,41.8992280252,-87.7151550837,POINT (-87.715155083705 41.899228025152)
7de2e72e62f54f8541dbafaf24896f6937470a2e3f9571d8d0fbd1500af58ffeef6320bc99f8bdc10ee91ce8220fbb890f318c975ebf3a05de6429405b8489b8,,07/15/2025 04:15:00 PM,30,NO CONTROLS,NO CONTROLS,CLEAR,DAYLIGHT,TURNING,NOT DIVIDED,,STRAIGHT AND LEVEL,DRY,NO DEFECTS,NOT ON SCENE (DESK REPORT),NO INJURY / DRIVE AWAY,,,,"OVER $1,500",07/15/2025 05:15:00 PM,UNABLE TO DETERMINE,UNABLE TO DETERMINE,3645,S,ARCHER AVE,912,,,,,,,2,NO INDICATION OF INJURY,0,0,0,0,0,2,0,16,3,7,41.8275565779,-87.682034289,POINT (-87.682034289005 41.827556577872)
c4c669c2acaac4ca790435efc31513c918cc202d43e28e053281b9513a244a07f341b5000b940792e3f29a54822520325adfe2b1d9a9c89da4942bb66ac1e8de,,07/15/2025 04:15:00 PM,30,NO CONTROLS,NO CONTROLS,CLEAR,DAYLIGHT,PARKED MOTOR VEHICLE,ONE-WAY,,STRAIGHT AND LEVEL,DRY,NO DEFECTS,ON SCENE,NO INJURY / DRIVE AWAY,,,Y,"OVER $1,500",07/15/2025 05:12:00 PM,UNABLE TO DETERMINE,NOT APPLICABLE,440,N,LAVERGNE AVE,1532,,,,,,,2,NO INDICATION OF INJURY,0,0,0,0,0,1,0,16,3,7,41.8890836764,-87.7506388345,POINT (-87.750638834511 41.889083676396)
d1cfcd25d073d0a3de42b01113016de48920d8295c841c4f5c0579e15344b1511dcc842d8ffdfe3fed5f9ffe8e5d85a600f1813b2904ff4d45363231dc0ff7e7,,07/15/2025 04:13:00 PM,30,STOP SIGN/FLASHER,FUNCTIONING PROPERLY,CLEAR,DAYLIGHT,ANGLE,FOUR WAY,,STRAIGHT AND LEVEL,DRY,UNKNOWN,ON SCENE,INJURY AND / OR TOW DUE TO CRASH,Y,,,"OVER $1,500",07/15/2025 04:14:00 PM,DISREGARDING STOP SIGN,DISREGARDING STOP SIGN,7899,W,BRYN MAWR AVE,1613,,,,,,,2,NONINCAPACITATING INJURY,3,0,0,3,0,2,0,16,3,7,41.9812578536,-87.8236385353,POINT (-87.823638535252 41.981257853649)
c4778d558c02eef2d9141484e523f080b292981fbe78b394dad167559c1c401bb32d5e2258f5bf4f47d5050c31008660489954689221bf19f478db837375c20b,,07/15/2025 04:11:00 PM,30,STOP SIGN/FLASHER,FUNCTIONING PROPERLY,CLEAR,DAYLIGHT,REAR END,FOUR WAY,,STRAIGHT AND LEVEL,DRY,NO DEFECTS,ON SCENE,INJURY AND / OR TOW DUE TO CRASH,,,Y,"OVER $1,500",07/15/2025 04:15:00 PM,UNABLE TO DETERMINE,UNABLE TO DETERMINE,7203,S,DR MARTIN LUTHER KING JR DR,323,,,,,,,4,NO INDICATION OF INJURY,0,0,0,0,0,5,0,16,3,7,41.7637380275,-87.6150994138,POINT (-87.615099413847 41.763738027487)
e8f879bf680a9a9657e31f04d984d5cf8c5e956abc8c45f973ed1981bd09c037be6502436e1cf81262f2047a4c85c5f3288215f52302d1e97fdc658fa1195b26,,07/15/2025 04:06:00 PM,30,TRAFFIC SIGNAL,UNKNOWN,CLEAR,DAYLIGHT,SIDESWIPE SAME DIRECTION,DIVIDED - W/MEDIAN (NOT RAISED),,STRAIGHT AND LEVEL,DRY,NO DEFECTS,NOT ON SCENE (DESK REPORT),NO INJURY / DRIVE AWAY,,,,"OVER $1,500",07/15/2025 05:05:00 PM,FAILING TO YIELD RIGHT-OF-WAY,NOT APPLICABLE,3958,W,LAKE ST,1122,,,,,,,2,NO INDICATION OF INJURY,0,0,0,0,0,2,0,16,3,7,41.8855737724,-87.7257378548,POINT (-87.725737854766 41.885573772393)
f9ad59688ca780d6338e344754fa81972611c8721d7da9651011aff56f40bebc29f3eaa266bcdac8b2ec52ec05ce1d251ef9115504d10a7fa9c4d7a554c444b0,,07/15/2025 04:06:00 PM,30,NO CONTROLS,NO CONTROLS,CLEAR,DAYLIGHT,SIDESWIPE OPPOSITE DIRECTION,NOT DIVIDED,,STRAIGHT AND LEVEL,DRY,UNKNOWN,NOT ON SCENE (DESK REPORT),INJURY AND / OR TOW DUE TO CRASH,,,,"$501 - $1,500",07/16/2025 10:00:00 AM,DRIVING ON WRONG SIDE/WRONG WAY,UNABLE TO DETERMINE,2631,N,CENTRAL PARK AVE,1412,,,,,,,2,"REPORTED, NOT EVIDENT",2,0,0,0,2,2,0,16,3,7,41.9292396718,-87.7169716542,POINT (-87.716971654207 41.929239671779)
7be8948ce90d8b74512c6e9d19e0758b87779db8b5c26c0d40cbf8351208e247b955efe5d7796b5551fe115c50b1157cb78968086381800b8138ec697449ff4a,,07/15/2025 04:05:00 PM,35,NO CONTROLS,NO CONTROLS,CLEAR,DAYLIGHT,ANGLE,NOT DIVIDED,,STRAIGHT AND LEVEL,DRY,NO DEFECTS,ON SCENE,INJURY AND / OR TOW DUE TO CRASH,,,,"OVER $1,500",07/15/2025 04:08:00 PM,FAILING TO YIELD RIGHT-OF-WAY,NOT APPLICABLE,4815,W,63RD ST,813,,,,,,,2,"REPORTED, NOT EVIDENT",1,0,0,0,1,1,0,16,3,7,41.778307502,-87.7429852718,POINT (-87.742985271824 41.778307501957)
9b6bcf68c278d6c6a4eb49fd5457f5a1935fca07ca16285fc6c44536dd21e40b462a6d092b44de4a297f1dc4a6f4debdfc2e08dbe8a3b7ee3284fbca55d9378d,,07/15/2025 04:03:00 PM,30,TRAFFIC SIGNAL,FUNCTIONING PROPERLY,UNKNOWN,UNKNOWN,SIDESWIPE SAME DIRECTION,NOT DIVIDED,,STRAIGHT AND LEVEL,UNKNOWN,UNKNOWN,NOT ON SCENE (DESK REPORT),NO INJURY / DRIVE AWAY,,,,"$501 - $1,500",07/15/2025 05:00:00 PM,IMPROPER OVERTAKING/PASSING,NOT APPLICABLE,6538,W,FULLERTON AVE,2512,,,,,,,2,NO INDICATION OF INJURY,0,0,0,0,0,2,0,16,3,7,41.9237567907,-87.7892409284,POINT (-87.789240928375 41.923756790734)
3f3b39e160217da97b83fe084c9f947b219c6d10ebbe3a4de444f951d094cf99ba84b2853ccac7433c2cc9c222dba0191e7893c04c5ed06e994a0dbfa579750d,,07/15/2025 04:00:00 PM,25,NO CONTROLS,NO CONTROLS,CLEAR,DAYLIGHT,PARKED MOTOR VEHICLE,NOT DIVIDED,,STRAIGHT AND LEVEL,DRY,NO DEFECTS,NOT ON SCENE (DESK REPORT),NO INJURY / DRIVE AWAY,,,,"OVER $1,500",07/17/2025 01:50:00 PM,IMPROPER LANE USAGE,NOT APPLICABLE,5943,S,PARKSIDE AVE,812,,,,,,,2,NO INDICATION OF INJURY,0,0,0,0,0,1,0,16,3,7,41.7840423275,-87.7630407594,POINT (-87.763040759411 41.784042327549)
3712b510a39c8cfb13bd9a2bdcc98e418d04aa679fbd6ef08a18957dc9954756fcb92a7c4dd96e5f29f3278e5949012604c4f0cfd542641a393ddaa886ca6e96,,07/15/2025 03:58:00 PM,30,NO CONTROLS,NO CONTROLS,CLEAR,DAYLIGHT,TURNING,DIVIDED - W/MEDIAN (NOT RAISED),,STRAIGHT AND LEVEL,DRY,UNKNOWN,ON SCENE,NO INJURY / DRIVE AWAY,,,,"OVER $1,500",07/15/2025 04:42:00 PM,FAILING TO YIELD RIGHT-OF-WAY,NOT APPLICABLE,3959,N,ST LOUIS AVE,1732,,,,,,,3,NO INDICATION OF INJURY,0,0,0,0,0,2,0,15,3,7,41.9537330404,-87.7152124031,POINT (-87.715212403101 41.953733040378)
6445981d4bf89082005dd6204b9e45bbdbae83d0c403e2307ebfbb15212b2cf4e9eb3b269d2f8f7115d80086e0b8310ebd6f774b951945b3e930efeec8f54854,,07/15/2025 03:48:00 PM,25,NO CONTROLS,NO CONTROLS,CLEAR,DAYLIGHT,PARKED MOTOR VEHICLE,NOT DIVIDED,,STRAIGHT AND LEVEL,DRY,NO DEFECTS,,NO INJURY / DRIVE AWAY,,,,"OVER $1,500",07/15/2025 03:49:00 PM,DRIVING SKILLS/KNOWLEDGE/EXPERIENCE,UNABLE TO DETERMINE,180,N,MICHIGAN AVE,111,,,,,,,2,NO INDICATION OF INJURY,0,0,0,0,0,1,0,15,3,7,41.8852537687,-87.6246347311,POINT (-87.624634731093 41.885253768654)
f0f74a14e7541109aad9960cc9921aa297a00c33ba078e859bea0006d00658c501c673d170a0e2afc43c46bd2cc86103e7b4d61f7237f25a0e9a21b7ace3b152,,07/15/2025 03:46:00 PM,15,NO CONTROLS,NO CONTROLS,CLEAR,DAYLIGHT,FIXED OBJECT,NOT DIVIDED,,STRAIGHT AND LEVEL,DRY,NO DEFECTS,NOT ON SCENE (DESK REPORT),NO INJURY / DRIVE AWAY,,,,"OVER $1,500",07/16/2025 06:50:00 PM,UNABLE TO DETERMINE,UNABLE TO DETERMINE,10000,W,OHARE ST,1651,,,,,,,1,NO INDICATION OF INJURY,0,0,0,0,0,1,0,15,3,7,41.976201139,-87.9053091251,POINT (-87.905309125103 41.976201139024)
533b111241e4cf88c28cadab45dc617a1b7457acf213fa7a88ecd37e7cbb4bc4229d94a0ca38a712e75e352983bd2173eff561d9fb30271e5203d514e3942697,N,07/15/2025 03:45:00 PM,30,NO CONTROLS,NO CONTROLS,CLEAR,DAYLIGHT,PARKED MOTOR VEHICLE,NOT DIVIDED,,STRAIGHT AND LEVEL,DRY,NO DEFECTS,ON SCENE,NO INJURY / DRIVE AWAY,,,,"OVER $1,500",07/15/2025 03:48:00 PM,UNABLE TO DETERMINE,NOT APPLICABLE,4548,N,SHERIDAN RD,1914,,,,,,,2,NO INDICATION OF INJURY,0,0,0,0,0,1,0,15,3,7,41.9650856305,-87.6549291398,POINT (-87.654929139767 41.96508563052)
ddeb8cd4aba579985fcaa480775b4cd1515af52f8a280cda99046ad4d4f8fe3bfc8d77c775e5ce7ee46997b9921d6ee73597f6b250e86fe07f334e2750c790c2,Y,07/15/2025 03:45:00 PM,45,UNKNOWN,UNKNOWN,UNKNOWN,UNKNOWN,SIDESWIPE SAME DIRECTION,DIVIDED - W/MEDIAN BARRIER,,STRAIGHT AND LEVEL,UNKNOWN,UNKNOWN,NOT ON SCENE (DESK REPORT),NO INJURY / DRIVE AWAY,,,Y,"OVER $1,500",07/16/2025 05:30:00 PM,UNABLE TO DETERMINE,NOT APPLICABLE,4300,S,LAKE SHORE DR SB,222,,,,,,,2,NO INDICATION OF INJURY,0,0,0,0,0,2,0,15,3,7,41.8168090688,-87.5953279272,POINT (-87.595327927215 41.816809068809)
a74f4aea7ea4f481720149d26e7e19c4a4f92a42e191fd519172c41152bed110cfbb2d5828d75e41aff335f7f049ca495c69476d216a49bca5eea04ea6e92c7d,N,07/15/2025 03:40:00 PM,30,NO CONTROLS,NO CONTROLS,CLEAR,DAYLIGHT,REAR END,DIVIDED - W/MEDIAN (NOT RAISED),,STRAIGHT AND LEVEL,DRY,NO DEFECTS,ON SCENE,NO INJURY / DRIVE AWAY,,,,"OVER $1,500",07/15/2025 03:44:00 PM,IMPROPER OVERTAKING/PASSING,FAILING TO YIELD RIGHT-OF-WAY,2940,W,FOSTER AVE,2011,,,,,,,2,NO INDICATION OF INJURY,0,0,0,0,0,5,0,15,3,7,41.9758971635,-87.7028643979,POINT (-87.702864397916 41.975897163539)
b930448d98da0f8aced8aaa7683749ae2ff0dab258078f7e1864fba0ca85131db2f69fc54bfd7662176e39fc8f9bf3d04921509cb06ed37d7649627c7ccd9c04,,07/15/2025 03:35:00 PM,30,NO CONTROLS,NO CONTROLS,CLEAR,DAYLIGHT,TURNING,NOT DIVIDED,,STRAIGHT AND LEVEL,DRY,NO DEFECTS,NOT ON SCENE (DESK REPORT),NO INJURY / DRIVE AWAY,,,,"OVER $1,500",07/15/2025 04:25:00 PM,FAILING TO YIELD RIGHT-OF-WAY,FAILING TO YIELD RIGHT-OF-WAY,2600,S,KILDARE AVE,1031,,,,,,,2,NO INDICATION OF INJURY,0,0,0,0,0,5,0,15,3,7,41.8440572386,-87.7319947941,POINT (-87.731994794077 41.844057238617)
43cb64c4484e2d9bba748861fac60822ef5bc7e4848ce6813b451f5b4730c8150d01224196fc8aa1385c514149dc9afa7d29276f562c048715b58cb86c4660d6,,07/15/2025 03:34:00 PM,30,TRAFFIC SIGNAL,FUNCTIONING PROPERLY,CLEAR,DAYLIGHT,ANGLE,FOUR WAY,,STRAIGHT AND LEVEL,DRY,UNKNOWN,ON SCENE,NO INJURY / DRIVE AWAY,,,Y,"OVER $1,500",07/15/2025 03:35:00 PM,UNABLE TO DETERMINE,UNABLE TO DETERMINE,11101,S,PULASKI RD,2211,,,,,,,2,NO INDICATION OF INJURY,0,0,0,0,0,3,0,15,3,7,41.6911020144,-87.7201627703,POINT (-87.720162770279 41.691102014358)
dacc7064a05792b4fe551dba27f18c3c58e8f2e5b34adfa9e3b5c42cea62403253d26eecd96dfe521a100cabf433e0b1e08dd79ef6f3c6d852e095c14a7d0529,,07/15/2025 03:32:00 PM,20,NO CONTROLS,NO CONTROLS,CLEAR,DAYLIGHT,SIDESWIPE SAME DIRECTION,ONE-WAY,,STRAIGHT AND LEVEL,DRY,NO DEFECTS,ON SCENE,NO INJURY / DRIVE AWAY,,,Y,"$501 - $1,500",07/15/2025 04:04:00 PM,IMPROPER OVERTAKING/PASSING,IMPROPER OVERTAKING/PASSING,845,N,AVERS AVE,1112,,,,,,,2,NO INDICATION OF INJURY,0,0,0,0,0,3,0,15,3,7,41.8967417687,-87.7223070975,POINT (-87.722307097549 41.896741768715)
2f279b963f6bce897892050f5a123e1fea32b5fd78e8b1367c2917fb69ca433618d32e9e4c3f1e78ec368c7aee0df9c2ce0837231de90c274bcea756f0d77e31,,07/15/2025 03:30:00 PM,15,NO CONTROLS,NO CONTROLS,CLEAR,DAYLIGHT,PEDALCYCLIST,ALLEY,,STRAIGHT AND LEVEL,DRY,UNKNOWN,NOT ON SCENE (DESK REPORT),INJURY AND / OR TOW DUE TO CRASH,,,,"OVER $1,500",07/15/2025 04:30:00 PM,UNABLE TO DETERMINE,NOT APPLICABLE,3011,W,25TH ST,1033,,,,,,,2,NONINCAPACITATING INJURY,1,0,0,1,0,2,0,15,3,7,41.8462801898,-87.7007124844,POINT (-87.7007124844 41.846280189764)
64908ecad18f71cdb8d67609e1557f661c45991bb7c04431bef372eb8f9b8bd04183ed51286b379863f06d1a417adfa721528ba063b871c43cadefa00cd1b1ac,,07/15/2025 03:30:00 PM,30,NO CONTROLS,NO CONTROLS,CLEAR,DAYLIGHT,SIDESWIPE SAME DIRECTION,DIVIDED - W/MEDIAN BARRIER,,STRAIGHT ON GRADE,DRY,NO DEFECTS,NOT ON SCENE (DESK REPORT),NO INJURY / DRIVE AWAY,,,,$500 OR LESS,07/15/2025 04:25:00 PM,IMPROPER OVERTAKING/PASSING,NOT APPLICABLE,800,W,WASHINGTON BLVD,1224,,,,,,,2,NO INDICATION OF INJURY,0,0,0,0,0,2,0,15,3,7,41.8832555248,-87.6474360801,POINT (-87.647436080135 41.883255524791)
853a97bee8356c5ab5c16b7b5b0e3cf3d34c9c3b8990ea7857908a105039ae2f0036a34e589d1c26a131aa2a47c499f1573982f1ac35af1ed226ad45e63215c2,,07/15/2025 03:30:00 PM,30,STOP SIGN/FLASHER,NO CONTROLS,CLEAR,DAYLIGHT,ANGLE,NOT DIVIDED,,STRAIGHT AND LEVEL,DRY,NO DEFECTS,NOT ON SCENE (DESK REPORT),NO INJURY / DRIVE AWAY,Y,,,"OVER $1,500",07/16/2025 11:45:00 AM,FAILING TO YIELD RIGHT-OF-WAY,NOT APPLICABLE,3800,N,HARLEM AVE,1631,,,,,,,2,NO INDICATION OF INJURY,0,0,0,0,0,2,0,15,3,7,41.948987377,-87.8072841836,POINT (-87.807284183553 41.948987377046)
9a99a04e52e9ea1a888b516b8a192670c816f3f68654435b1ff19580ea145b04fcec5d1ac569cd53e4ff6cd3c56282990f33f010a8a6a6278dbed0997f0abb44,,07/15/2025 03:30:00 PM,30,NO CONTROLS,NO CONTROLS,CLEAR,DAYLIGHT,TURNING,NOT DIVIDED,,STRAIGHT AND LEVEL,DRY,NO DEFECTS,NOT ON SCENE (DESK REPORT),NO INJURY / DRIVE AWAY,,,,"OVER $1,500",07/16/2025 11:19:00 AM,UNABLE TO DETERMINE,UNABLE TO DETERMINE,1650,W,FLOURNOY ST,1231,,,,,,,2,NO INDICATION OF INJURY,0,0,0,0,0,3,0,15,3,7,41.872988079,-87.6686930189,POINT (-87.668693018899 41.87298807903)
b87937e32bb67d33cc08fa3b2ab25a182ff3d5ff4f5b3300e9677c1d147e78dd5623241823875f6a72e2adb8e47664081aa3f65219452a2e02603b2ad7a9a4b3,,07/15/2025 03:30:00 PM,30,OTHER,FUNCTIONING PROPERLY,CLEAR,DAYLIGHT,SIDESWIPE SAME DIRECTION,NOT DIVIDED,,STRAIGHT AND LEVEL,DRY,UNKNOWN,NOT ON SCENE (DESK REPORT),NO INJURY / DRIVE AWAY,,,Y,"$501 - $1,500",07/15/2025 04:45:00 PM,IMPROPER LANE USAGE,FAILING TO REDUCE SPEED TO AVOID CRASH,1218,W,CERMAK RD,1235,,,,,,,2,NO INDICATION OF INJURY,0,0,0,0,0,2,0,15,3,7,41.852591646,-87.6570372887,POINT (-87.657037288694 41.852591646011)
b984f9b7295028e16607f372176c13563a5dbc3f2f3891fcc54f86ab110a83e360c03a931222a1b31e550efaf32d240ba096021200667a0b84bd503a2206cccf,,07/15/2025 03:30:00 PM,30,TRAFFIC SIGNAL,FUNCTIONING PROPERLY,CLEAR,DAYLIGHT,REAR TO FRONT,ONE-WAY,,STRAIGHT AND LEVEL,DRY,NO DEFECTS,NOT ON SCENE (DESK REPORT),NO INJURY / DRIVE AWAY,,,Y,"$501 - $1,500",07/15/2025 06:00:00 PM,IMPROPER BACKING,DRIVING SKILLS/KNOWLEDGE/EXPERIENCE,1700,W,JACKSON BLVD,1231,,,,,,,2,NO INDICATION OF INJURY,0,0,0,0,0,2,0,15,3,7,41.8776940163,-87.6692255368,POINT (-87.669225536826 41.87769401626)
ec1dd890df9a5eef75f50c8ad84cd91d2a54d4b1557339e13cd6bba81fb334c9fafda33ec056854333a2339a375df1f2dc0111e017c52c8bee22a02e583f3703,,07/15/2025 03:30:00 PM,15,NO CONTROLS,NO CONTROLS,CLEAR,DAYLIGHT,REAR TO SIDE,PARKING LOT,,STRAIGHT AND LEVEL,DRY,NO DEFECTS,NOT ON SCENE (DESK REPORT),NO INJURY / DRIVE AWAY,,,,"$501 - $1,500",07/15/2025 04:40:00 PM,UNABLE TO DETERMINE,NOT APPLICABLE,2627,N,ELSTON AVE,1432,,,,,,,2,NO INDICATION OF INJURY,0,0,0,0,0,2,0,15,3,7,41.929489274,-87.6836878249,POINT (-87.683687824894 41.929489273995)
fea0b9ea7a31bfbdfb51ce73e30b90bfdf3089a91a80cdd2985c5807d306e9fb8f0116c2dab7971297acf2a4ab3fb112ca35d3524e5dedadf68d46a443cdadfc,,07/15/2025 03:23:00 PM,30,TRAFFIC SIGNAL,FUNCTIONING PROPERLY,CLEAR,DAYLIGHT,SIDESWIPE SAME DIRECTION,DIVIDED - W/MEDIAN (NOT RAISED),,STRAIGHT AND LEVEL,DRY,NO DEFECTS,NOT ON SCENE (DESK REPORT),NO INJURY / DRIVE AWAY,,,,"$501 - $1,500",07/15/2025 03:37:00 PM,IMPROPER OVERTAKING/PASSING,NOT APPLICABLE,6299,N,WESTERN AVE,2413,,,,,,,2,NO INDICATION OF INJURY,0,0,0,0,0,2,0,15,3,7,41.9958231717,-87.6896734857,POINT (-87.689673485741 41.995823171744)
c5d9baf17b814220d506c140904312a4b8deb167cfa3cac965627cc43256760c8785b0f17b7f35f78a38c98d72aff751b7593c0596d4d3b4ee48ff0262d11be7,,07/15/2025 03:20:00 PM,30,UNKNOWN,UNKNOWN,UNKNOWN,UNKNOWN,SIDESWIPE SAME DIRECTION,NOT DIVIDED,,STRAIGHT AND LEVEL,UNKNOWN,UNKNOWN,NOT ON SCENE (DESK REPORT),NO INJURY / DRIVE AWAY,,,,"OVER $1,500",07/16/2025 10:15:00 AM,UNABLE TO DETERMINE,UNABLE TO DETERMINE,9601,S,WALLACE ST,2223,,,,,,,2,NO INDICATION OF INJURY,0,0,0,0,0,2,0,15,3,7,41.7196194324,-87.6381627109,POINT (-87.638162710946 41.719619432425)
6cefeceba6c01fcbebcdf4edc65379a3679cf83752b2f0c94ba58b394083945cef5fa74c3f607629be512dd2d9ad793c5d6207e86fcd10dfdc2854e9de29fb3d,,07/15/2025 03:10:00 PM,30,TRAFFIC SIGNAL,FUNCTIONING PROPERLY,CLEAR,DAYLIGHT,REAR END,NOT DIVIDED,,STRAIGHT AND LEVEL,DRY,NO DEFECTS,NOT ON SCENE (DESK REPORT),NO INJURY / DRIVE AWAY,,,Y,"OVER $1,500",07/15/2025 04:40:00 PM,FOLLOWING TOO CLOSELY,UNABLE TO DETERMINE,2561,N,CLARK ST,1935,,,,,,,2,NO INDICATION OF INJURY,0,0,0,0,0,2,0,15,3,7,41.9294223585,-87.64258859,POINT (-87.642588589952 41.929422358501)
407058d0e88931fb2f41ecabe7c59873dd2b728e1ed49125521c40006e69984ba3467ba296d2cf92795408a128990b7a3203d460a79b8f0a3314a4cca6a892cd,,07/15/2025 03:05:00 PM,5,NO CONTROLS,NO CONTROLS,CLEAR,DAYLIGHT,FIXED OBJECT,ALLEY,,STRAIGHT AND LEVEL,UNKNOWN,UNKNOWN,ON SCENE,NO INJURY / DRIVE AWAY,,,,"OVER $1,500",07/15/2025 03:55:00 PM,UNABLE TO DETERMINE,UNABLE TO DETERMINE,8822,S,EUCLID AVE,412,,,,,,,1,NO INDICATION OF INJURY,0,0,0,0,0,1,0,15,3,7,41.734499953,-87.5770189334,POINT (-87.577018933383 41.73449995303)
4a9044d8531c4766a544e54bb3e7b886f0f884d91916efcfa2b13f0db714cff735bdbfb6d3b25c644b548b6a77ba4721cc69a6bf2a5c2608ef3f745fc34bb1e8,,07/15/2025 03:02:00 PM,30,TRAFFIC SIGNAL,FUNCTIONING PROPERLY,CLEAR,DAYLIGHT,TURNING,FOUR WAY,,STRAIGHT AND LEVEL,DRY,NO DEFECTS,ON SCENE,INJURY AND / OR TOW DUE TO CRASH,Y,,,"OVER $1,500",07/15/2025 03:06:00 PM,UNABLE TO DETERMINE,UNABLE TO DETERMINE,4740,N,EAST RIVER RD,1614,,,,,,,2,NONINCAPACITATING INJURY,1,0,0,1,0,1,0,15,3,7,41.9666834688,-87.8467095982,POINT (-87.846709598185 41.9666834688)
fbc5c0171dd4c9d83e0f1b14719198b462ec31cf7b0c949b96ea76da3c8faa7fd3b2dfc21368e82df11e20d9b052a21b6d167f28294434fb3a324fa34a0d8420,,07/15/2025 03:02:00 PM,30,NO CONTROLS,NO CONTROLS,CLEAR,DAYLIGHT,PARKED MOTOR VEHICLE,NOT DIVIDED,,STRAIGHT AND LEVEL,UNKNOWN,UNKNOWN,NOT ON SCENE (DESK REPORT),NO INJURY / DRIVE AWAY,,,,"OVER $1,500",07/15/2025 03:19:00 PM,UNABLE TO DETERMINE,UNABLE TO DETERMINE,201,N,HOMAN AVE,1123,,,,,,,2,NO INDICATION OF INJURY,0,0,0,0,0,3,0,15,3,7,41.8846718091,-87.7109720785,POINT (-87.710972078509 41.884671809054)
a5c8f1c9ae7db92225f9dabf080829a2201b45c051cb41e167643708dd35dea79235a67667602039acd0c18c7456bc4afeaa225430be649de1318327ff358904,,07/15/2025 03:00:00 PM,20,SCHOOL ZONE,UNKNOWN,CLEAR,DAYLIGHT,REAR TO FRONT,NOT DIVIDED,,"CURVE, LEVEL",DRY,NO DEFECTS,NOT ON SCENE (DESK REPORT),NO INJURY / DRIVE AWAY,,,,$500 OR LESS,07/15/2025 03:00:00 PM,DRIVING SKILLS/KNOWLEDGE/EXPERIENCE,PASSING STOPPED SCHOOL BUS,1212,S,PLYMOUTH CT,131,,,,,,,2,NO INDICATION OF INJURY,0,0,0,0,0,7,0,15,3,7,41.8668563391,-87.628651244,POINT (-87.628651244013 41.866856339113)
acb0708e78dcbc73c6e68211d15a9cf9f5f939aff6754b8acc470b6fba5ea7cfcc319b35178f4981407d9ca040b5e5f01b319e2bc2ac21e50b9a8e3f7977f8ef,Y,07/15/2025 03:00:00 PM,30,NO CONTROLS,NO CONTROLS,CLEAR,DAYLIGHT,FIXED OBJECT,NOT DIVIDED,,STRAIGHT AND LEVEL,OTHER,"RUT, HOLES",NOT ON SCENE (DESK REPORT),INJURY AND / OR TOW DUE TO CRASH,,,,"$501 - $1,500",07/15/2025 09:00:00 PM,ROAD ENGINEERING/SURFACE/MARKING DEFECTS,NOT APPLICABLE,906,S,SACRAMENTO BLVD,1134,Y,Y,,,,,1,NO INDICATION OF INJURY,0,0,0,0,0,1,0,15,3,7,41.8698459629,-87.7010413344,POINT (-87.701041334357 41.869845962869)
b53115c16cebc656f6537dfd4e4d4bae174ab6e04e35b8ae61a61b33f5aaa3eaca409e5b29c8e0ea14131752e239c4983970c11493b7855795389fc6f4a2948f,Y,07/15/2025 03:00:00 PM,20,NO CONTROLS,NO CONTROLS,UNKNOWN,UNKNOWN,PARKED MOTOR VEHICLE,NOT DIVIDED,,STRAIGHT AND LEVEL,UNKNOWN,NO DEFECTS,ON SCENE,INJURY AND / OR TOW DUE TO CRASH,,,Y,"OVER $1,500",07/16/2025 05:30:00 PM,FAILING TO REDUCE SPEED TO AVOID CRASH,NOT APPLICABLE,6017,W,BERTEAU AVE,1624,,,,,,,2,NO INDICATION OF INJURY,0,0,0,0,0,1,0,15,3,7,41.9565838231,-87.7776344544,POINT (-87.777634454376 41.956583823087)