CRASH_RECORD_ID,CRASH_DATE_EST_I,CRASH_DATE,POSTED_SPEED_LIMIT,TRAFFIC_CONTROL_DEVICE,DEVICE_CONDITION,WEATHER_CONDITION,LIGHTING_CONDITION,FIRST_CRASH_TYPE,TRAFFICWAY_TYPE,LANE_CNT,ALIGNMENT,ROADWAY_SURFACE_COND,ROAD_DEFECT,REPORT_TYPE,CRASH_TYPE,INTERSECTION_RELATED_I,NOT_RIGHT_OF_WAY_I,HIT_AND_RUN_I,DAMAGE,DATE_POLICE_NOTIFIED,PRIM_CONTRIBUTORY_CAUSE,SEC_CONTRIBUTORY_CAUSE,STREET_NO,STREET_DIRECTION,STREET_NAME,BEAT_OF_OCCURRENCE,PHOTOS_TAKEN_I,STATEMENTS_TAKEN_I,DOORING_I,WORK_ZONE_I,WORK_ZONE_TYPE,WORKERS_PRESENT_I,NUM_UNITS,MOST_SEVERE_INJURY,INJURIES_TOTAL,INJURIES_FATAL,INJURIES_INCAPACITATING,INJURIES_NON_INCAPACITATING,INJURIES_REPORTED_NOT_EVIDENT,INJURIES_NO_INDICATION,INJURIES_UNKNOWN,CRASH_HOUR,CRASH_DAY_OF_WEEK,CRASH_MONTH,LATITUDE,LONGITUDE,LOCATION
6111abc03bd8d4d16ccb48ddfa599c2e3244caf0336b19817987ae7763e60b3ee5a0208a32294ba0ae3c3ff179f3e21cdd17cccef9131cd1e6736af821b1ef5d,,07/15/2025 02:58:00 PM,30,NO CONTROLS,NO CONTROLS,CLEAR,DAYLIGHT,REAR END,NOT DIVIDED,,STRAIGHT AND LEVEL,DRY,NO DEFECTS,NOT ON SCENE (DESK REPORT),NO INJURY / DRIVE AWAY,,,,"OVER $1,500",07/19/2025 12:30:00 PM,NOT APPLICABLE,NOT APPLICABLE,3067,N,ELSTON AVE,1411,,,,,,,2,NO INDICATION OF INJURY,0,0,0,0,0,3,0,14,3,7,41.9370764307,-87.6947311885,POINT (-87.694731188474 41.937076430718)
61258b7b0931d289ad4b6e4a02b4174f495a95d4f74d91712a0b0e4962fd624c81e715837ed41aa48c3028acf604c6e58cbf929ad787f4e5af2a8e9d953ad1cf,,07/15/2025 02:56:00 PM,30,NO CONTROLS,NO CONTROLS,CLEAR,DAYLIGHT,PEDESTRIAN,NOT DIVIDED,,STRAIGHT AND LEVEL,DRY,NO DEFECTS,ON SCENE,INJURY AND / OR TOW DUE TO CRASH,Y,,,"$501 - $1,500",07/15/2025 02:57:00 PM,UNABLE TO DETERMINE,UNABLE TO DETERMINE,6700,S,PAULINA ST,725,,,,,,,2,NONINCAPACITATING INJURY,1,0,0,1,0,1,0,14,3,7,41.7720504551,-87.6665890914,POINT (-87.666589091443 41.772050455119)
48f6e5c78b1c0082cccc6eddfffaf3f212cfeaa94efd93510d77000b02f9923ce52d37c1b9e63b5b266199220b53991551e1f11afd4dcd06068a26c25ff87ad4,,07/15/2025 02:53:00 PM,15,STOP SIGN/FLASHER,FUNCTIONING PROPERLY,CLEAR,DAYLIGHT,OTHER OBJECT,PARKING LOT,,STRAIGHT AND LEVEL,DRY,NO DEFECTS,ON SCENE,NO INJURY / DRIVE AWAY,,Y,,$500 OR LESS,07/15/2025 02:54:00 PM,DISREGARDING STOP SIGN,NOT APPLICABLE,3355,S,DR MARTIN LUTHER KING JR DR,211,,,,,,,1,NO INDICATION OF INJURY,0,0,0,0,0,1,0,14,3,7,41.833293769,-87.6168573403,POINT (-87.616857340318 41.833293768957)
2e998dbd542675a0ed8bbb323f08f89f21d411ed9fd369bdb90cd7bf9d7b7d3c59b7faa5ed29e69dedd513ff897f8de381c77af02cc9626d23be65f86c75c216,,07/15/2025 02:51:00 PM,30,TRAFFIC SIGNAL,FUNCTIONING PROPERLY,CLEAR,DAYLIGHT,ANGLE,DIVIDED - W/MEDIAN BARRIER,,STRAIGHT AND LEVEL,DRY,NO DEFECTS,ON SCENE,INJURY AND / OR TOW DUE TO CRASH,Y,,,"OVER $1,500",07/15/2025 04:56:00 PM,DRIVING SKILLS/KNOWLEDGE/EXPERIENCE,NOT APPLICABLE,2600,N,WESTERN AVE,1411,,,,,,,2,NONINCAPACITATING INJURY,2,0,0,2,0,0,0,14,3,7,41.9286697899,-87.6879222355,POINT (-87.687922235539 41.92866978991)
5b0258724da99aed9d0d4e848aed767a9a1cad118e9fb285030cb1ff6669bf94b39476015fd5bac29bca975ae676824b3420f1acbe1133112b246711a3b54826,,07/15/2025 02:50:00 PM,30,NO CONTROLS,NO CONTROLS,CLEAR,DAYLIGHT,SIDESWIPE SAME DIRECTION,NOT DIVIDED,,STRAIGHT AND LEVEL,DRY,NO DEFECTS,NOT ON SCENE (DESK REPORT),NO INJURY / DRIVE AWAY,,,,"OVER $1,500",07/15/2025 03:10:00 PM,FAILING TO YIELD RIGHT-OF-WAY,IMPROPER LANE USAGE,2750,W,COLUMBUS AVE,835,,,,,,,2,NO INDICATION OF INJURY,0,0,0,0,0,2,0,14,3,7,41.7552042414,-87.6921510096,POINT (-87.692151009647 41.755204241443)
8dcebce17ad7fda1e7aea380babe7645fe7e9da4b8f6c2e1ed95da152d5ff35e2aaaa236963ecb1da0a980b3355df4379e38e490a4ce7af824a584e388daee4c,,07/15/2025 02:47:00 PM,30,NO CONTROLS,NO CONTROLS,UNKNOWN,UNKNOWN,REAR TO FRONT,PARKING LOT,,STRAIGHT AND LEVEL,UNKNOWN,UNKNOWN,NOT ON SCENE (DESK REPORT),NO INJURY / DRIVE AWAY,,,,"$501 - $1,500",07/15/2025 06:45:00 PM,IMPROPER BACKING,NOT APPLICABLE,1260,N,KOSTNER AVE,2533,,,,,,,2,NO INDICATION OF INJURY,0,0,0,0,0,2,0,14,3,7,41.9042785768,-87.7363371578,POINT (-87.736337157752 41.904278576798)
79946b87db798b168082d0152728e1707a37d961c9610272bcc1b943aa0a47e625cc646e8850787ae31ba1ce4bd5279d66cac741b109b7c749079a12358c6c74,,07/15/2025 02:45:00 PM,30,TRAFFIC SIGNAL,FUNCTIONING PROPERLY,CLEAR,DAYLIGHT,SIDESWIPE SAME DIRECTION,CENTER TURN LANE,,STRAIGHT AND LEVEL,DRY,NO DEFECTS,,NO INJURY / DRIVE AWAY,,,,"OVER $1,500",07/15/2025 03:36:00 PM,UNABLE TO DETERMINE,UNABLE TO DETERMINE,2002,W,HARRISON ST,1225,,,,,,,2,NO INDICATION OF INJURY,0,0,0,0,0,2,0,14,3,7,41.8741499247,-87.6765937877,POINT (-87.676593787718 41.874149924705)
956d2606faa1fb61dcff8372e8d7bc0c4b253a823cd4d683cd477e0773ff2b4886b446e2f18525bdeeb185c66963196e8f8d523fd1ac81180237ef4f6e3743c9,,07/15/2025 02:40:00 PM,30,NO CONTROLS,NO CONTROLS,CLEAR,DAYLIGHT,PARKED MOTOR VEHICLE,NOT DIVIDED,,STRAIGHT AND LEVEL,DRY,NO DEFECTS,ON SCENE,NO INJURY / DRIVE AWAY,,,,"$501 - $1,500",07/15/2025 02:52:00 PM,UNABLE TO DETERMINE,UNABLE TO DETERMINE,7617,W,IRVING PARK RD,1631,,,,,,,2,NO INDICATION OF INJURY,0,0,0,0,0,1,0,14,3,7,41.9524064017,-87.8178074058,POINT (-87.817807405799 41.952406401707)
ae161f9a999b0459afbf50a8770c186aef665263c9b311087ee30008a24031af57b795cc165441a49ba669c0a16e4c71728c1eb64e6f1231c36d499d93d85b49,,07/15/2025 02:40:00 PM,30,NO CONTROLS,NO CONTROLS,CLEAR,DAYLIGHT,REAR END,ONE-WAY,,STRAIGHT AND LEVEL,DRY,NO DEFECTS,NOT ON SCENE (DESK REPORT),NO INJURY / DRIVE AWAY,,,,"OVER $1,500",07/21/2025 02:40:00 PM,UNABLE TO DETERMINE,NOT APPLICABLE,71,N,SACRAMENTO BLVD,1222,,,,,,,2,NO INDICATION OF INJURY,0,0,0,0,0,2,0,14,3,7,41.882803504,-87.7011060661,POINT (-87.701106066103 41.882803503981)
cbbfe6fecb2630f4bcdeb072d3b21a3d9fac90ad396f8f283a8ce00a75c8cac1d08feb999e836e8750ff10aeea393dece59aa9a67d5013a039abc2186f3b0575,,07/15/2025 02:40:00 PM,30,TRAFFIC SIGNAL,FUNCTIONING PROPERLY,CLEAR,DAYLIGHT,SIDESWIPE SAME DIRECTION,DIVIDED - W/MEDIAN (NOT RAISED),,STRAIGHT AND LEVEL,DRY,NO DEFECTS,ON SCENE,INJURY AND / OR TOW DUE TO CRASH,,,,"OVER $1,500",07/15/2025 02:40:00 PM,UNABLE TO DETERMINE,UNABLE TO DETERMINE,3157,W,OGDEN AVE,1022,,,,,,,2,NO INDICATION OF INJURY,0,0,0,0,0,2,0,14,3,7,41.857922498,-87.7048735312,POINT (-87.70487353119 41.857922498021)
f696f185079255557cb4bb65263e745dedce0c82ce48a3314bc861787cb1f86843f39979691064ee7939645f224ee75235f651b76980b32b786e6414a44ba3d2,,07/15/2025 02:40:00 PM,30,NO CONTROLS,NO CONTROLS,UNKNOWN,DAYLIGHT,SIDESWIPE SAME DIRECTION,DIVIDED - W/MEDIAN BARRIER,,STRAIGHT AND LEVEL,UNKNOWN,UNKNOWN,NOT ON SCENE (DESK REPORT),NO INJURY / DRIVE AWAY,,,,"$501 - $1,500",07/15/2025 03:40:00 PM,UNABLE TO DETERMINE,NOT APPLICABLE,1940,N,LAKE SHORE DR NB,1814,,,,,,,2,NO INDICATION OF INJURY,0,0,0,0,0,5,0,14,3,7,41.9177622085,-87.628979447,POINT (-87.628979447015 41.917762208503)
cd75dded0ba19a8bc37d44b9c3f1bd46d622b43066b84656f35451ce9ce404bb3ee4ca0174e6b80964af4b5d8e9c40466fe8c3cd493c99741d3d0b434acc04a7,,07/15/2025 02:38:00 PM,30,TRAFFIC SIGNAL,FUNCTIONING PROPERLY,CLEAR,DAYLIGHT,TURNING,NOT DIVIDED,,STRAIGHT AND LEVEL,DRY,NO DEFECTS,NOT ON SCENE (DESK REPORT),NO INJURY / DRIVE AWAY,Y,,,"$501 - $1,500",07/15/2025 03:51:00 PM,IMPROPER LANE USAGE,UNABLE TO DETERMINE,140,W,35TH ST,915,,,,,,,2,NO INDICATION OF INJURY,0,0,0,0,0,2,0,14,3,7,41.8310630353,-87.6306607574,POINT (-87.63066075743 41.831063035314)
1ecadbed40f0f812706612db6346ba451734b28eb72d1d40d66dc8f7ed2c705836865d8de5ebe6ed9393513c6481d1f71aa3492cd282ec6094c678c83d7b9e06,,07/15/2025 02:37:00 PM,30,NO CONTROLS,NO CONTROLS,CLEAR,DAYLIGHT,PEDALCYCLIST,NOT DIVIDED,,STRAIGHT AND LEVEL,DRY,NO DEFECTS,NOT ON SCENE (DESK REPORT),INJURY AND / OR TOW DUE TO CRASH,,,,"OVER $1,500",07/16/2025 10:45:00 AM,UNABLE TO DETERMINE,NOT APPLICABLE,2400,N,NARRAGANSETT AVE,2512,,,,,,,2,NONINCAPACITATING INJURY,1,0,0,1,0,1,0,14,3,7,41.9237770788,-87.7855930627,POINT (-87.785593062676 41.923777078794)
624609c4bfe4866cddfe64ab11959e40cf5bc56f803cba05fe47925a4b586385a01889124a890e8b5451da42ee55576f6aa507ebb448c690d3e03888ccb231a3,,07/15/2025 02:36:00 PM,30,TRAFFIC SIGNAL,FUNCTIONING PROPERLY,CLEAR,DAYLIGHT,ANGLE,NOT DIVIDED,,STRAIGHT AND LEVEL,DRY,UNKNOWN,NOT ON SCENE (DESK REPORT),NO INJURY / DRIVE AWAY,,,,"$501 - $1,500",07/15/2025 03:30:00 PM,UNABLE TO DETERMINE,NOT APPLICABLE,400,S,DAMEN AVE,1225,,,,,,,2,NO INDICATION OF INJURY,0,0,0,0,0,2,0,14,3,7,41.8761861666,-87.6766739725,POINT (-87.67667397249 41.876186166555)
3d392eae3bf91e1b07dcb4d9544b4128fbcfd5407a7af5d50dfd4559b40848e3895d3c454ff93964d656a25b091668d1f8229f499ef9ac74d6471caa9589f438,,07/15/2025 02:30:00 PM,30,TRAFFIC SIGNAL,NO CONTROLS,CLEAR,DAYLIGHT,REAR END,NOT DIVIDED,,STRAIGHT AND LEVEL,DRY,NO DEFECTS,NOT ON SCENE (DESK REPORT),INJURY AND / OR TOW DUE TO CRASH,,,,$500 OR LESS,07/15/2025 05:45:00 PM,FOLLOWING TOO CLOSELY,NOT APPLICABLE,2500,S,SACRAMENTO AVE,1033,,,,,,,2,"REPORTED, NOT EVIDENT",1,0,0,0,1,2,0,14,3,7,41.8463487536,-87.7003418576,POINT (-87.700341857592 41.846348753581)
82a08d837370d95e7015ec8a0e0585e5498c067958e2c842be49f922c6f3dfe34c3e1048ca42eccb99f4c67eb2e45dcabce80b1cec541858eeefa0117d88589b,,07/15/2025 02:30:00 PM,20,NO CONTROLS,NO CONTROLS,CLEAR,DAYLIGHT,PARKED MOTOR VEHICLE,NOT DIVIDED,,STRAIGHT AND LEVEL,DRY,NO DEFECTS,NOT ON SCENE (DESK REPORT),NO INJURY / DRIVE AWAY,,,,"$501 - $1,500",07/15/2025 05:20:00 PM,IMPROPER OVERTAKING/PASSING,NOT APPLICABLE,1400,W,BRYN MAWR AVE,2013,,,,,,,2,NO INDICATION OF INJURY,0,0,0,0,0,1,0,14,3,7,41.9836559829,-87.6650853428,POINT (-87.66508534277 41.983655982911)
a5b9dde8a3dc7f5c4ca140f5f1f26908c98bb15ecec70b092ee20e3a592ecda7987806f284112bbd9fec48d83a9ea2db492df08cb31838070a7bfc34b5ac80b1,,07/15/2025 02:30:00 PM,15,NO CONTROLS,NO CONTROLS,CLEAR,DAYLIGHT,PARKED MOTOR VEHICLE,PARKING LOT,,STRAIGHT AND LEVEL,UNKNOWN,UNKNOWN,NOT ON SCENE (DESK REPORT),NO INJURY / DRIVE AWAY,,,Y,"$501 - $1,500",07/18/2025 12:23:00 PM,UNABLE TO DETERMINE,UNABLE TO DETERMINE,431,N,AUSTIN BLVD,1512,,,,,,,2,NO INDICATION OF INJURY,0,0,0,0,0,1,0,14,3,7,41.8879931145,-87.7747628316,POINT (-87.774762831621 41.887993114473)
ae02375a12e4fb2293ded42c12f1d7ef2d779e03fcc35f9273e0ccd80ade3b374ef4bbd1f1f751e935379d7e5277ebec8785ed842503140b2d5d1353a4587903,,07/15/2025 02:30:00 PM,30,YIELD,UNKNOWN,CLEAR,DAYLIGHT,REAR END,NOT DIVIDED,,STRAIGHT AND LEVEL,DRY,NO DEFECTS,NOT ON SCENE (DESK REPORT),NO INJURY / DRIVE AWAY,,,Y,"OVER $1,500",07/15/2025 04:15:00 PM,FOLLOWING TOO CLOSELY,NOT APPLICABLE,7600,S,VINCENNES AVE,623,,,,,,,2,NO INDICATION OF INJURY,0,0,0,0,0,2,0,14,3,7,41.7562857008,-87.6324066628,POINT (-87.632406662789 41.756285700818)
da17d2e8b7d902b741734e92fea2af00c7495ee5fc6160c98de415bbb18e9e5bf99407d95edd42f245fce90dfcdd46a135b4b122a074bc0373e565440c8acf26,,07/15/2025 02:30:00 PM,30,TRAFFIC SIGNAL,FUNCTIONING PROPERLY,CLEAR,DAYLIGHT,TURNING,FOUR WAY,,STRAIGHT AND LEVEL,DRY,NO DEFECTS,NOT ON SCENE (DESK REPORT),NO INJURY / DRIVE AWAY,Y,,,$500 OR LESS,07/15/2025 03:10:00 PM,IMPROPER TURNING/NO SIGNAL,NOT APPLICABLE,200,W,VAN BUREN ST,122,,,,,,,2,NO INDICATION OF INJURY,0,0,0,0,0,2,0,14,3,7,41.8769574094,-87.6337728572,POINT (-87.633772857208 41.87695740937)
d8d48c8a5a9b1dc934764d45c856460dca89652efad79b79d7520379fc4313d598e483c704b5d11c959e46ea938f4ec6af495690421828e1debf3f086bd0ac7d,Y,07/15/2025 02:21:00 PM,30,TRAFFIC SIGNAL,FUNCTIONING PROPERLY,CLEAR,DAYLIGHT,REAR END,NOT DIVIDED,,STRAIGHT AND LEVEL,DRY,NO DEFECTS,NOT ON SCENE (DESK REPORT),NO INJURY / DRIVE AWAY,,,,"OVER $1,500",07/15/2025 03:30:00 PM,FOLLOWING TOO CLOSELY,NOT APPLICABLE,2600,N,CLYBOURN AVE,1931,,,,,,,2,NO INDICATION OF INJURY,0,0,0,0,0,2,0,14,3,7,41.9286950012,-87.6741950831,POINT (-87.6741950831 41.92869500119)
a21f577395c0e77c7b82e52b3f5c4027cf4860fc56e86dc164eda22293f4f73d4a69a89b085e083920d3aee1d687d129be8ab4b4e7ac75863d64fa2bf82f8cdc,,07/15/2025 02:20:00 PM,30,UNKNOWN,UNKNOWN,UNKNOWN,UNKNOWN,SIDESWIPE SAME DIRECTION,NOT DIVIDED,,STRAIGHT AND LEVEL,UNKNOWN,UNKNOWN,NOT ON SCENE (DESK REPORT),NO INJURY / DRIVE AWAY,,,,"OVER $1,500",07/15/2025 03:15:00 PM,UNABLE TO DETERMINE,NOT APPLICABLE,3958,W,CHICAGO AVE,1112,,,,,,,2,NO INDICATION OF INJURY,0,0,0,0,0,3,0,14,3,7,41.8954780513,-87.7260216996,POINT (-87.726021699575 41.895478051302)
2fb8c2c6f77409dc1cdd84ce64649b8e35b6e90b2e1270d170e11dbb382d5d6cd1c2c7dae70a5f85ba3388cd6d7b0d5ca986af4d91cb025f0a38871efe2068aa,,07/15/2025 02:15:00 PM,35,NO CONTROLS,NO CONTROLS,CLEAR,DAYLIGHT,SIDESWIPE SAME DIRECTION,T-INTERSECTION,,STRAIGHT AND LEVEL,DRY,NO DEFECTS,NOT ON SCENE (DESK REPORT),NO INJURY / DRIVE AWAY,,,,"OVER $1,500",07/16/2025 11:00:00 AM,UNABLE TO DETERMINE,NOT APPLICABLE,9200,S,STATE ST,634,,,,,,,2,NO INDICATION OF INJURY,0,0,0,0,0,2,0,14,3,7,41.7271204552,-87.6240266985,POINT (-87.624026698522 41.727120455223)
3a58a9adbdd3c1d318b65828c0f5e094265ac0a87553ae1d80c42c3947d8f4955e84bb89e812d499764050223ab67e2c14eb927be59ed48e178e6f8a1f53d926,,07/15/2025 02:10:00 PM,30,TRAFFIC SIGNAL,FUNCTIONING PROPERLY,CLEAR,DAYLIGHT,PARKED MOTOR VEHICLE,NOT DIVIDED,,STRAIGHT AND LEVEL,DRY,NO DEFECTS,ON SCENE,INJURY AND / OR TOW DUE TO CRASH,,,,"OVER $1,500",07/15/2025 02:12:00 PM,UNABLE TO DETERMINE,NOT APPLICABLE,230,W,OAK ST,1823,,,,,,,2,NO INDICATION OF INJURY,0,0,0,0,0,2,0,14,3,7,41.9006353423,-87.6356969216,POINT (-87.63569692164 41.900635342336)
b02854e730caa4e0b15b362401ff1ab0468d6864f087880c825b5920cfb91e322587857f6972bb5eab797efdd5fe574d17e647cd3a14fb40a712d1cf328d5b0e,,07/15/2025 02:08:00 PM,25,NO CONTROLS,NO CONTROLS,CLEAR,DAYLIGHT,PARKED MOTOR VEHICLE,NOT DIVIDED,,STRAIGHT AND LEVEL,DRY,NO DEFECTS,NOT ON SCENE (DESK REPORT),NO INJURY / DRIVE AWAY,,,,"OVER $1,500",07/17/2025 07:50:00 PM,IMPROPER BACKING,NOT APPLICABLE,1213,S,PLYMOUTH CT,131,,,,,,,2,NO INDICATION OF INJURY,0,0,0,0,0,1,0,14,3,7,41.8668606345,-87.6283576038,POINT (-87.628357603794 41.866860634459)
3e3ac30609753b2f36918511c15f6958d31de586c0c7141e5e198939470ac006212a2d115b6e1593b82bac83b3e666ea6dc8acb5fa0f562655959a0da425801e,,07/15/2025 02:00:00 PM,10,STOP SIGN/FLASHER,FUNCTIONING PROPERLY,CLEAR,DAYLIGHT,REAR TO FRONT,PARKING LOT,,STRAIGHT AND LEVEL,DRY,NO DEFECTS,ON SCENE,NO INJURY / DRIVE AWAY,,,,"OVER $1,500",07/15/2025 02:01:00 PM,IMPROPER BACKING,IMPROPER BACKING,3145,S,ASHLAND AVE,912,,Y,,,,,2,NO INDICATION OF INJURY,0,0,0,0,0,2,0,14,3,7,41.8364683477,-87.6655669021,POINT (-87.665566902132 41.836468347729)
4b2eb99cc0e666ac91fdc51f8642e81f682291179da6924ee8f95b2650bf8bfb37f788f1d6f4f85215b98ce747362570639814b97efaf6ab18b02ce4c4ddc58f,,07/15/2025 02:00:00 PM,30,TRAFFIC SIGNAL,FUNCTIONING PROPERLY,CLEAR,DAYLIGHT,TURNING,NOT DIVIDED,,STRAIGHT AND LEVEL,DRY,NO DEFECTS,NOT ON SCENE (DESK REPORT),NO INJURY / DRIVE AWAY,Y,,,"OVER $1,500",07/15/2025 02:35:00 PM,FAILING TO YIELD RIGHT-OF-WAY,NOT APPLICABLE,2200,E,95TH ST,413,,,,,,,2,NO INDICATION OF INJURY,0,0,0,0,0,2,0,14,3,7,41.7226389707,-87.5704691141,POINT (-87.570469114121 41.72263897072)
f5b21bb1b213c022e1441ceb82b4d395601781db67c4f3a93edc452325fb8c89c366508b1b664c52d850872584d21ca1421d9bb220444dcc51555f34c9bc68de,,07/15/2025 02:00:00 PM,30,NO CONTROLS,NO CONTROLS,CLEAR,DAYLIGHT,REAR END,NOT DIVIDED,,STRAIGHT AND LEVEL,DRY,NO DEFECTS,NOT ON SCENE (DESK REPORT),NO INJURY / DRIVE AWAY,,,,"$501 - $1,500",07/15/2025 02:00:00 PM,FOLLOWING TOO CLOSELY,NOT APPLICABLE,1028,N,RUSH ST,1824,,,,,,,2,NO INDICATION OF INJURY,0,0,0,0,0,2,0,14,3,7,41.9014885343,-87.6280124222,POINT (-87.628012422153 41.901488534319)
ff411d406205ba2530c9860c2dac23eff77268d5b0e97f61618e95cf9c0cb617bc595643fe52f5b1999ed2edefc297b990804b57577355dbcbeec089f62abe7b,,07/15/2025 02:00:00 PM,15,NO CONTROLS,NO CONTROLS,CLEAR,DAYLIGHT,REAR TO SIDE,PARKING LOT,,STRAIGHT AND LEVEL,DRY,UNKNOWN,NOT ON SCENE (DESK REPORT),NO INJURY / DRIVE AWAY,,Y,,"OVER $1,500",07/15/2025 02:25:00 PM,UNABLE TO DETERMINE,UNABLE TO DETERMINE,4946,N,MILWAUKEE AVE,1623,,,,,,,2,NO INDICATION OF INJURY,0,0,0,0,0,6,0,14,3,7,41.9706775856,-87.7634289442,POINT (-87.76342894418 41.97067758561)
7b3870bfc3a5cc71e8bc29e2deabb30054fad575676cee2344c33ec56daa5cdeae65e0bf79bf4ba1d5ba30cde3511f1e7bcb34e3def8ce3978436fa5cb8a81ea,,07/15/2025 01:52:00 PM,30,NO CONTROLS,NO CONTROLS,CLEAR,DAYLIGHT,PARKED MOTOR VEHICLE,DIVIDED - W/MEDIAN (NOT RAISED),,STRAIGHT AND LEVEL,DRY,NO DEFECTS,ON SCENE,NO INJURY / DRIVE AWAY,,,,"$501 - $1,500",07/15/2025 01:52:00 PM,NOT APPLICABLE,NOT APPLICABLE,5600,S,COTTAGE GROVE AVE,233,,,,,,,2,NO INDICATION OF INJURY,0,0,0,0,0,2,0,13,3,7,41.7930617545,-87.6063347805,POINT (-87.606334780539 41.793061754501)
61c9a7de6c4fd36f02803b2ba6d862ab3651cd9de9f6ac5d25f696fac6903040d076b4c24e6d9b0ec0a7dd67aecfb2783e0eb75afb0ac8b73224e6ff1dbd12a2,,07/15/2025 01:49:00 PM,30,NO CONTROLS,NO CONTROLS,CLEAR,DAYLIGHT,PARKED MOTOR VEHICLE,NOT DIVIDED,,STRAIGHT AND LEVEL,DRY,UNKNOWN,NOT ON SCENE (DESK REPORT),NO INJURY / DRIVE AWAY,,,Y,"OVER $1,500",07/15/2025 03:00:00 PM,IMPROPER BACKING,IMPROPER BACKING,210,W,27TH ST,914,,,,,,,2,NO INDICATION OF INJURY,0,0,0,0,0,1,0,13,3,7,41.8441847787,-87.6322445347,POINT (-87.632244534687 41.844184778709)
bfcce3460fb60eb06bc88eaa74996a1dcf349031133f3b33278867c80e1e745e582a6ffb3ac9479306b01c8b13f46b516abab025eb7f7f03e611f31ed751fa43,,07/15/2025 01:46:00 PM,30,NO CONTROLS,NO CONTROLS,CLEAR,DAYLIGHT,SIDESWIPE SAME DIRECTION,ONE-WAY,,STRAIGHT AND LEVEL,DRY,UNKNOWN,ON SCENE,NO INJURY / DRIVE AWAY,,,Y,"OVER $1,500",07/15/2025 02:40:00 PM,UNABLE TO DETERMINE,UNABLE TO DETERMINE,730,W,98TH PL,2223,,,,,,,2,NO INDICATION OF INJURY,0,0,0,0,0,2,0,13,3,7,41.7152556683,-87.6417743156,POINT (-87.641774315622 41.715255668275)
024fb8fffb4a9ab4cd57416b6d847a9a4ea8848cb9790c8c9100472df982ac05b3a96b3856db23c8b45023e0c1f9168614b2c4e242effd7b5433c5231626dac3,,07/15/2025 01:40:00 PM,35,NO CONTROLS,NO CONTROLS,CLEAR,DAYLIGHT,SIDESWIPE SAME DIRECTION,NOT DIVIDED,,STRAIGHT AND LEVEL,DRY,NO DEFECTS,ON SCENE,NO INJURY / DRIVE AWAY,,,,"$501 - $1,500",07/15/2025 01:42:00 PM,FAILING TO YIELD RIGHT-OF-WAY,NOT APPLICABLE,5300,S,CICERO AVE,814,,,,,,,2,NO INDICATION OF INJURY,0,0,0,0,0,2,0,13,3,7,41.7966060745,-87.7430040257,POINT (-87.743004025677 41.796606074549)
149da0a63037a8cce86c4e2e70a8c370f2282e3ea1730c064c84956443d6504c6d845fd90ecfed657b0a30da6bd8869c1b06344beee911e1097e2005a2c54c2a,Y,07/15/2025 01:40:00 PM,30,UNKNOWN,UNKNOWN,UNKNOWN,UNKNOWN,REAR END,CENTER TURN LANE,,STRAIGHT ON GRADE,UNKNOWN,UNKNOWN,NOT ON SCENE (DESK REPORT),NO INJURY / DRIVE AWAY,,,Y,"$501 - $1,500",07/15/2025 02:00:00 PM,UNABLE TO DETERMINE,UNABLE TO DETERMINE,9900,S,HALSTED ST,2232,,,,,,,2,NO INDICATION OF INJURY,0,0,0,0,0,2,0,13,3,7,41.7141188681,-87.6431454082,POINT (-87.643145408182 41.71411886809)
09188ab020c7d4156d613dac7d8e26282b310064d41ae37e1b45e0993cf2a4a7cebfff017a7db1b4f1ac9f2dac5cc12057efdd39af306f07b8ccfecf7c8ba5fc,,07/15/2025 01:35:00 PM,35,NO CONTROLS,NO CONTROLS,CLEAR,DAYLIGHT,REAR END,OTHER,,STRAIGHT AND LEVEL,DRY,NO DEFECTS,ON SCENE,NO INJURY / DRIVE AWAY,,,,"OVER $1,500",07/15/2025 01:35:00 PM,FOLLOWING TOO CLOSELY,NOT APPLICABLE,10000,W,OHARE ST,1651,,,,,,,2,NO INDICATION OF INJURY,0,0,0,0,0,2,0,13,3,7,41.976201139,-87.9053091251,POINT (-87.905309125103 41.976201139024)
a33f6aebd8ecc126d56130691773f96f160a12de4488a529a35df2dfd96ec84c1c53bb9b6458c72860bb2587919637eed793d4cae1ed93bc5d05de910460474a,,07/15/2025 01:32:00 PM,30,UNKNOWN,UNKNOWN,CLEAR,DAYLIGHT,PARKED MOTOR VEHICLE,ONE-WAY,,STRAIGHT AND LEVEL,DRY,UNKNOWN,ON SCENE,NO INJURY / DRIVE AWAY,,,,"OVER $1,500",07/15/2025 01:32:00 PM,IMPROPER LANE USAGE,IMPROPER LANE USAGE,3600,N,LAVERGNE AVE,1634,,,,,,,2,NO INDICATION OF INJURY,0,0,0,0,0,4,0,13,3,7,41.9460989376,-87.7521642296,POINT (-87.752164229602 41.946098937621)
8e38db4309ed7c7b99f086784efa5d97791e1a79207e842cc4ffa2de6ae205c07b328496f79d4ff45763f9c2c479c0943898c2af9505301d56c880d6c6a565bd,,07/15/2025 01:28:00 PM,35,NO CONTROLS,NO CONTROLS,CLEAR,DAYLIGHT,TURNING,NOT DIVIDED,,STRAIGHT AND LEVEL,DRY,NO DEFECTS,ON SCENE,INJURY AND / OR TOW DUE TO CRASH,,,,"OVER $1,500",07/15/2025 03:55:00 PM,FAILING TO YIELD RIGHT-OF-WAY,NOT APPLICABLE,2462,S,BLUE ISLAND AVE,1034,,Y,,,,,2,INCAPACITATING INJURY,1,0,1,0,0,1,0,13,3,7,41.8476772004,-87.6783166822,POINT (-87.678316682197 41.847677200391)