CRASH_RECORD_ID,CRASH_DATE_EST_I,CRASH_DATE,POSTED_SPEED_LIMIT,TRAFFIC_CONTROL_DEVICE,DEVICE_CONDITION,WEATHER_CONDITION,LIGHTING_CONDITION,FIRST_CRASH_TYPE,TRAFFICWAY_TYPE,LANE_CNT,ALIGNMENT,ROADWAY_SURFACE_COND,ROAD_DEFECT,REPORT_TYPE,CRASH_TYPE,INTERSECTION_RELATED_I,NOT_RIGHT_OF_WAY_I,HIT_AND_RUN_I,DAMAGE,DATE_POLICE_NOTIFIED,PRIM_CONTRIBUTORY_CAUSE,SEC_CONTRIBUTORY_CAUSE,STREET_NO,STREET_DIRECTION,STREET_NAME,BEAT_OF_OCCURRENCE,PHOTOS_TAKEN_I,STATEMENTS_TAKEN_I,DOORING_I,WORK_ZONE_I,WORK_ZONE_TYPE,WORKERS_PRESENT_I,NUM_UNITS,MOST_SEVERE_INJURY,INJURIES_TOTAL,INJURIES_FATAL,INJURIES_INCAPACITATING,INJURIES_NON_INCAPACITATING,INJURIES_REPORTED_NOT_EVIDENT,INJURIES_NO_INDICATION,INJURIES_UNKNOWN,CRASH_HOUR,CRASH_DAY_OF_WEEK,CRASH_MONTH,LATITUDE,LONGITUDE,LOCATION
bab3c95604647c16b0b1501500b7ccbe8984079f68338dd0c4c45fc7576dd92a4826bd9b8051459ae21addbace55ff6d97b88ea44002b4bc4def567fea740c24,,07/15/2025 01:15:00 PM,30,NO CONTROLS,NO CONTROLS,CLEAR,DAYLIGHT,REAR END,NOT DIVIDED,,STRAIGHT AND LEVEL,DRY,UNKNOWN,NOT ON SCENE (DESK REPORT),NO INJURY / DRIVE AWAY,,,,$500 OR LESS,07/16/2025 06:10:00 AM,UNABLE TO DETERMINE,UNABLE TO DETERMINE,2146,S,PULASKI RD,1012,,,,,,,2,NO INDICATION OF INJURY,0,0,0,0,0,3,0,13,3,7,41.8520632622,-87.7249200045,POINT (-87.72492000451 41.852063262172)
098ebd429f3cb1c347977f9352c92c29b9c11cb09b5049736f9dddb4cada15a88eeb82cd6e5f7a34a4b2b3e7772346c724c63523ad0a43ae5899d9425e4dde7e,,07/15/2025 01:10:00 PM,30,TRAFFIC SIGNAL,FUNCTIONING PROPERLY,CLEAR,DAYLIGHT,OTHER OBJECT,DIVIDED - W/MEDIAN (NOT RAISED),,STRAIGHT AND LEVEL,DRY,NO DEFECTS,ON SCENE,INJURY AND / OR TOW DUE TO CRASH,,,,"OVER $1,500",07/15/2025 01:11:00 PM,UNABLE TO DETERMINE,NOT APPLICABLE,3601,W,GRAND AVE,1112,,,,,,,2,"REPORTED, NOT EVIDENT",1,0,0,0,1,1,0,13,3,7,41.902168575,-87.7166762958,POINT (-87.716676295771 41.902168574993)
6fb1f7a4f2f8455b5e22b1804cd39bcfbd76517b07363557fb0a748507d2fd0b67c56d516fff4582c74757ff81700ec1d7232aaf774625dabf07648dd34547a5,,07/15/2025 01:10:00 PM,30,TRAFFIC SIGNAL,FUNCTIONING PROPERLY,CLEAR,DAYLIGHT,REAR END,NOT DIVIDED,,STRAIGHT AND LEVEL,DRY,NO DEFECTS,ON SCENE,INJURY AND / OR TOW DUE TO CRASH,,,,"OVER $1,500",07/15/2025 01:16:00 PM,FOLLOWING TOO CLOSELY,UNABLE TO DETERMINE,2138,N,CICERO AVE,2522,,,,,,,2,NO INDICATION OF INJURY,0,0,0,0,0,3,0,13,3,7,41.9199495071,-87.746343173,POINT (-87.746343173021 41.919949507079)
9ef880cb54dd4596970e06b622635fb092c60154b18cf0cfd6c649c214e68878d9d41df3463020994a874eea1abb5aaa77cba5726c3aabcaf0a5b0a7a038ea18,,07/15/2025 01:10:00 PM,30,NO CONTROLS,NO CONTROLS,CLEAR,DAYLIGHT,PEDALCYCLIST,DIVIDED - W/MEDIAN (NOT RAISED),,STRAIGHT AND LEVEL,DRY,OTHER,NOT ON SCENE (DESK REPORT),INJURY AND / OR TOW DUE TO CRASH,,,,$500 OR LESS,07/15/2025 05:15:00 PM,ROAD CONSTRUCTION/MAINTENANCE,NOT APPLICABLE,500,W,ROOSEVELT RD,124,,,,,,,2,"REPORTED, NOT EVIDENT",1,0,0,0,1,1,0,13,3,7,41.8673626926,-87.6392931946,POINT (-87.639293194642 41.867362692617)
a2fd82f0e4b06a73e3d3abdb36304b72c89cef91d1690d8faaa1355aa05afbef25c24c70ce2a5977249b1452f8c5444b9466c85f0cf906fb3bba6d52f132c975,,07/15/2025 01:10:00 PM,30,NO CONTROLS,UNKNOWN,UNKNOWN,UNKNOWN,PARKED MOTOR VEHICLE,PARKING LOT,,STRAIGHT AND LEVEL,UNKNOWN,UNKNOWN,NOT ON SCENE (DESK REPORT),NO INJURY / DRIVE AWAY,,,Y,"OVER $1,500",07/15/2025 03:40:00 PM,IMPROPER OVERTAKING/PASSING,IMPROPER OVERTAKING/PASSING,6623,N,DAMEN AVE,2412,,,,,,,2,NO INDICATION OF INJURY,0,0,0,0,0,1,0,13,3,7,42.0022233751,-87.680128828,POINT (-87.680128827981 42.002223375062)
c7a62a4a0540e42254ce0e7a3d0e06908e6cb278382c79840081100c25ea857e8bcdcd6dcd6a9b8a4f5a710815b7812f6b1093872740a6f4460eccfff84a183f,,07/15/2025 01:09:00 PM,30,UNKNOWN,UNKNOWN,CLEAR,DAYLIGHT,REAR TO FRONT,NOT DIVIDED,,STRAIGHT AND LEVEL,UNKNOWN,UNKNOWN,NOT ON SCENE (DESK REPORT),NO INJURY / DRIVE AWAY,,,,"$501 - $1,500",07/15/2025 02:00:00 PM,UNABLE TO DETERMINE,UNABLE TO DETERMINE,4501,W,MARQUETTE RD,833,,,,,,,2,NO INDICATION OF INJURY,0,0,0,0,0,2,0,13,3,7,41.7711210209,-87.7348212685,POINT (-87.734821268529 41.771121020915)
f5d052b0fca40507d67cdaf2b9f706c85ae7319bc60db04c04fa9628c527bb624d2a5b08dae7cf6889643d17267782010662479eb7cf21d258b6da2418f6842d,,07/15/2025 01:09:00 PM,30,TRAFFIC SIGNAL,FUNCTIONING PROPERLY,CLEAR,DAYLIGHT,ANGLE,FOUR WAY,,STRAIGHT AND LEVEL,DRY,NO DEFECTS,ON SCENE,INJURY AND / OR TOW DUE TO CRASH,Y,,Y,"OVER $1,500",07/15/2025 01:09:00 PM,DISREGARDING TRAFFIC SIGNALS,NOT APPLICABLE,100,N,CICERO AVE,1532,,N,,,,,2,NONINCAPACITATING INJURY,1,0,0,1,0,2,0,13,3,7,41.8818797099,-87.7454892473,POINT (-87.745489247301 41.881879709916)
1cb20e4ad5182e378ab0b837544d83afe221e0f00be92e2d38d1735184d174af34059efde559a4dfe2468085abe03db9ca64ab3736575e98abc20518a0158fed,,07/15/2025 01:06:00 PM,30,TRAFFIC SIGNAL,FUNCTIONING PROPERLY,CLEAR,DAYLIGHT,TURNING,FOUR WAY,,STRAIGHT AND LEVEL,DRY,NO DEFECTS,ON SCENE,INJURY AND / OR TOW DUE TO CRASH,Y,,,"OVER $1,500",07/15/2025 01:15:00 PM,FAILING TO YIELD RIGHT-OF-WAY,NOT APPLICABLE,5600,W,NORTH AVE,2531,,,,,,,2,NO INDICATION OF INJURY,0,0,0,0,0,3,0,13,3,7,41.9094879555,-87.7657769873,POINT (-87.76577698728 41.909487955523)
a82a85fd3617819579d84ff389fdecb42bf6046a6bda276e0146edab19ccf38d6afd0aa6a5decc8d7b25a0d25e8c4bbade1cf9d36f3fcd2c33f2ad4fa580812d,,07/15/2025 01:05:00 PM,30,TRAFFIC SIGNAL,FUNCTIONING PROPERLY,CLEAR,DAYLIGHT,TURNING,FOUR WAY,,STRAIGHT AND LEVEL,DRY,NO DEFECTS,,NO INJURY / DRIVE AWAY,,,Y,$500 OR LESS,07/15/2025 01:10:00 PM,IMPROPER OVERTAKING/PASSING,DRIVING SKILLS/KNOWLEDGE/EXPERIENCE,9900,S,HALSTED ST,2232,,,,,,,2,NO INDICATION OF INJURY,0,0,0,0,0,2,0,13,3,7,41.7141188681,-87.6431454082,POINT (-87.643145408182 41.71411886809)
253b46b7578062e11fbc7b48364448dabd340a5c20ec29cc3cde734a5ecae267374791257aef2c52aad87fd7d78cd65b1472e5e0ccd58c2d6e5ff2c2cc015aec,Y,07/15/2025 01:00:00 PM,30,NO CONTROLS,NO CONTROLS,CLEAR,DAYLIGHT,PARKED MOTOR VEHICLE,ONE-WAY,,STRAIGHT AND LEVEL,DRY,NO DEFECTS,ON SCENE,NO INJURY / DRIVE AWAY,,,,"OVER $1,500",07/19/2025 01:00:00 PM,IMPROPER LANE USAGE,IMPROPER BACKING,5413,S,SACRAMENTO AVE,923,,,,,,,2,NO INDICATION OF INJURY,0,0,0,0,0,1,0,13,3,7,41.7950323533,-87.6985715919,POINT (-87.698571591932 41.79503235327)
5542f26bce34678992dc9b602c108969c3453b7f4009af5dd72ac7ea552524b0fb4a74d6ffba995a7d7e8782aea8f4ef6240e0e7df42f8697fe27f8285289735,,07/15/2025 01:00:00 PM,30,NO CONTROLS,NO CONTROLS,CLEAR,DAYLIGHT,FIXED OBJECT,NOT DIVIDED,,STRAIGHT AND LEVEL,DRY,UNKNOWN,NOT ON SCENE (DESK REPORT),NO INJURY / DRIVE AWAY,,,,"OVER $1,500",07/15/2025 04:30:00 PM,UNABLE TO DETERMINE,DISTRACTION - FROM INSIDE VEHICLE,5843,S,WESTERN AVE,824,,,,,,,1,NO INDICATION OF INJURY,0,0,0,0,0,1,0,13,3,7,41.7870767249,-87.6836999116,POINT (-87.683699911594 41.78707672494)
9a39886985a83863533cc4ec97591d743ea2e4c7b6537023d3b103d8e789046842219f09cbdc93df20c29199cb5b40799f9a51c69ba44c62030790e72f069844,,07/15/2025 01:00:00 PM,30,NO CONTROLS,NO CONTROLS,UNKNOWN,UNKNOWN,PARKED MOTOR VEHICLE,DIVIDED - W/MEDIAN (NOT RAISED),,STRAIGHT AND LEVEL,UNKNOWN,UNKNOWN,NOT ON SCENE (DESK REPORT),NO INJURY / DRIVE AWAY,,,,"$501 - $1,500",07/17/2025 09:40:00 AM,FOLLOWING TOO CLOSELY,UNABLE TO DETERMINE,121,N,LA SALLE ST,122,,,,,,,2,NO INDICATION OF INJURY,0,0,0,0,0,1,0,13,3,7,41.8837645981,-87.6322753535,POINT (-87.632275353537 41.883764598103)
a14f6af623ece185bd5b92a2329ce4d869380e7009462b9560e5aace9559cd91a88ecfd13afc4d08c97a83c1e843f880ab492ad7dd6de1fbb96b774769533b42,,07/15/2025 01:00:00 PM,30,NO CONTROLS,NO CONTROLS,CLEAR,DAYLIGHT,PARKED MOTOR VEHICLE,NOT DIVIDED,,STRAIGHT AND LEVEL,DRY,NO DEFECTS,NOT ON SCENE (DESK REPORT),NO INJURY / DRIVE AWAY,,,,"OVER $1,500",07/17/2025 08:35:00 AM,UNABLE TO DETERMINE,NOT APPLICABLE,2322,W,LYNDALE ST,1432,,,,,,,2,NO INDICATION OF INJURY,0,0,0,0,0,1,0,13,3,7,41.922745332,-87.6861523017,POINT (-87.686152301686 41.922745331977)
c10fae64e037fe44313d8a8d9b234c99a854ed32a0f996042bef7296f30a00961c0cf377c353da960d1e8810dcd0b59a3600be37640923c3289a3340b6fb95d7,,07/15/2025 01:00:00 PM,30,NO CONTROLS,NO CONTROLS,UNKNOWN,UNKNOWN,PARKED MOTOR VEHICLE,NOT DIVIDED,,STRAIGHT AND LEVEL,UNKNOWN,UNKNOWN,NOT ON SCENE (DESK REPORT),NO INJURY / DRIVE AWAY,,,Y,$500 OR LESS,07/26/2025 01:00:00 PM,UNABLE TO DETERMINE,UNABLE TO DETERMINE,5309,S,CORNELL AVE,234,,,,,,,2,NO INDICATION OF INJURY,0,0,0,0,0,1,0,13,3,7,41.7992807722,-87.5853663974,POINT (-87.585366397378 41.799280772241)
a685e271d4267cd92a57e20922477c4e0d9d35646313a61811b2128b4a8fec62ebd74ec70a0d244152b75ebc126c3a2b70f750eeccb5ad727104221d82e74bf8,,07/15/2025 12:54:00 PM,30,UNKNOWN,UNKNOWN,CLEAR,DAYLIGHT,REAR END,UNKNOWN,,STRAIGHT AND LEVEL,DRY,UNKNOWN,NOT ON SCENE (DESK REPORT),NO INJURY / DRIVE AWAY,Y,,,"OVER $1,500",07/15/2025 04:00:00 PM,UNABLE TO DETERMINE,UNABLE TO DETERMINE,5100,S,WOODLAWN AVE,233,,,,,,,2,NO INDICATION OF INJURY,0,0,0,0,0,2,0,12,3,7,41.8022927731,-87.5968526885,POINT (-87.596852688538 41.802292773117)
1b9ae549bc897ae27a94f3d152c08ebedd52ad16e7925de9334b174ebcd76cd8f171f1be320edbd4776c4ef5726b0d02b8163a65acd70b53be98776dd30bee6b,,07/15/2025 12:53:00 PM,30,NO CONTROLS,NO CONTROLS,CLEAR,DAYLIGHT,SIDESWIPE SAME DIRECTION,DIVIDED - W/MEDIAN BARRIER,,STRAIGHT AND LEVEL,DRY,NO DEFECTS,NOT ON SCENE (DESK REPORT),NO INJURY / DRIVE AWAY,,,,$500 OR LESS,07/15/2025 03:15:00 PM,IMPROPER LANE USAGE,NOT APPLICABLE,710,S,ASHLAND AVE,1231,,,,,,,2,NO INDICATION OF INJURY,0,0,0,0,0,2,0,12,3,7,41.8725471257,-87.6667093353,POINT (-87.666709335284 41.872547125677)
ee027d734d8dc778de523b37010a084e0470b5dc41de861ee9a1248a621c74217fb05fa8324764f7f566b02d9a048e29361a7fa38f219c76b7333707e1434e7b,,07/15/2025 12:49:00 PM,30,NO CONTROLS,NO CONTROLS,CLEAR,DAYLIGHT,REAR END,NOT DIVIDED,,STRAIGHT AND LEVEL,DRY,NO DEFECTS,,NO INJURY / DRIVE AWAY,,,Y,"OVER $1,500",07/15/2025 12:49:00 PM,UNABLE TO DETERMINE,UNABLE TO DETERMINE,5629,W,DIVERSEY AVE,2514,,,,,,,2,NO INDICATION OF INJURY,0,0,0,0,0,4,0,12,3,7,41.9311507871,-87.767399297,POINT (-87.767399296986 41.93115078709)
dc04b72a50d2fb1fd608306874972aca89a950305f03467ee9cc2a4063bb260d7948a4698412353a1c69f3022b4cd5bf7de30e20aeed67f6ae4b6ee0c6b29370,,07/15/2025 12:48:00 PM,30,TRAFFIC SIGNAL,FUNCTIONING PROPERLY,CLEAR,DAYLIGHT,REAR END,FOUR WAY,,STRAIGHT AND LEVEL,DRY,NO DEFECTS,NOT ON SCENE (DESK REPORT),NO INJURY / DRIVE AWAY,,,,"$501 - $1,500",07/15/2025 01:28:00 PM,FOLLOWING TOO CLOSELY,NOT APPLICABLE,4805,W,CHICAGO AVE,1531,,,,,,,2,NO INDICATION OF INJURY,0,0,0,0,0,2,0,12,3,7,41.8948909241,-87.7460804223,POINT (-87.746080422256 41.894890924091)
4e9ea6c88d21f83d20bb835eee581cbaca759575befedf42a16511abce77e3bcd3662e183f23ac5f38b0485ae7b7ec8e57061107c57b018e10a215a5d8cc4d11,,07/15/2025 12:45:00 PM,40,NO CONTROLS,NO CONTROLS,CLEAR,DAYLIGHT,SIDESWIPE SAME DIRECTION,OTHER,,STRAIGHT AND LEVEL,DRY,UNKNOWN,ON SCENE,INJURY AND / OR TOW DUE TO CRASH,,,Y,"OVER $1,500",07/15/2025 12:45:00 PM,UNABLE TO DETERMINE,NOT APPLICABLE,1600,S,LAKE SHORE DR SB,132,,Y,,,,,3,"REPORTED, NOT EVIDENT",1,0,0,0,1,3,0,12,3,7,41.8602208955,-87.6179433356,POINT (-87.617943335642 41.860220895539)
5459487da216295388c35957c3b88106389557fe7a2ba07411bbe430a3b0bfa34b6297593cfdf4c75d4216be62d408679cd742fedb178e97941c88d045094c59,,07/15/2025 12:43:00 PM,15,NO CONTROLS,NO CONTROLS,CLEAR,DAYLIGHT,REAR TO SIDE,PARKING LOT,,STRAIGHT AND LEVEL,DRY,NO DEFECTS,ON SCENE,NO INJURY / DRIVE AWAY,,,,$500 OR LESS,07/15/2025 12:45:00 PM,IMPROPER BACKING,NOT APPLICABLE,810,W,OHARE ST,1654,,Y,,,,,2,NO INDICATION OF INJURY,0,0,0,0,0,2,0,12,3,7,,,
0582fff6de6406e4ecc7c26369529c643e4b21479ad15ec4f9f62bfbe9e2e974dda6cf17e317f1dd122f6560cc28027584591ad60d7b2c32727fb08d64774be0,,07/15/2025 12:36:00 PM,30,NO CONTROLS,NO CONTROLS,CLEAR,DAYLIGHT,ANGLE,ONE-WAY,,STRAIGHT AND LEVEL,DRY,NO DEFECTS,ON SCENE,INJURY AND / OR TOW DUE TO CRASH,,,,"OVER $1,500",07/15/2025 12:37:00 PM,FAILING TO YIELD RIGHT-OF-WAY,NOT APPLICABLE,2749,W,MORSE AVE,2411,,,,,,,2,NO INDICATION OF INJURY,0,0,0,0,0,3,0,12,3,7,42.0065569411,-87.6993005391,POINT (-87.699300539137 42.006556941122)
a5429f9b159c413183d75877c354a980d6088a367ddb07f7e7461910a88f8ace2c7fca356ac5c477278ee036314419e185befb6d2ecd237af5c715872c92edeb,,07/15/2025 12:33:00 PM,30,NO CONTROLS,NO CONTROLS,CLEAR,DAYLIGHT,PARKED MOTOR VEHICLE,UNKNOWN,,STRAIGHT AND LEVEL,UNKNOWN,UNKNOWN,NOT ON SCENE (DESK REPORT),NO INJURY / DRIVE AWAY,,,Y,"OVER $1,500",07/15/2025 01:32:00 PM,UNABLE TO DETERMINE,NOT APPLICABLE,5319,N,BELL AVE,2012,,,,,,,2,NO INDICATION OF INJURY,0,0,0,0,0,2,0,12,3,7,41.9783691975,-87.6854426117,POINT (-87.685442611665 41.978369197529)
3861602615caab310eb1e3868c7b8369c812322611880e22fdeac4bad8f26110a5a04f6e5625066e8fb413ad479e351b5cf0acd71cf9068ed6ff677d6ffc5493,,07/15/2025 12:30:00 PM,30,UNKNOWN,UNKNOWN,UNKNOWN,DAYLIGHT,SIDESWIPE SAME DIRECTION,NOT DIVIDED,,STRAIGHT AND LEVEL,UNKNOWN,UNKNOWN,,NO INJURY / DRIVE AWAY,,,,"$501 - $1,500",07/15/2025 06:20:00 PM,UNABLE TO DETERMINE,NOT APPLICABLE,3500,S,KEDZIE AVE,911,,,,,,,2,NO INDICATION OF INJURY,0,0,0,0,0,4,0,12,3,7,41.8297749598,-87.7047535147,POINT (-87.704753514706 41.829774959784)
786979a13805716a12442a55ebae573522ab06bdde26214f9c2dafad8cf8e5506bedcab04e0229c5056d3a1b8d73c83038d7b08646f2cc60a57893cf44122d88,,07/15/2025 12:30:00 PM,30,NO CONTROLS,NO CONTROLS,CLEAR,DAYLIGHT,OTHER OBJECT,DIVIDED - W/MEDIAN (NOT RAISED),,STRAIGHT AND LEVEL,DRY,NO DEFECTS,ON SCENE,NO INJURY / DRIVE AWAY,,,,"OVER $1,500",07/15/2025 12:45:00 PM,UNABLE TO DETERMINE,UNABLE TO DETERMINE,1300,N,CENTRAL PARK AVE,2535,,,,,,,1,NO INDICATION OF INJURY,0,0,0,0,0,1,0,12,3,7,41.9046136321,-87.7162270527,POINT (-87.716227052693 41.904613632057)
3e3b5c3cb233e26f964f31146176d02e61a36f4ad2550222c9d39ba8f6cd53302f8c59939e7c9624442df496dbe3873717d19fe88ce9d3aaeb5b8457d4be09d0,,07/15/2025 12:26:00 PM,30,NO CONTROLS,NO CONTROLS,CLEAR,DAYLIGHT,SIDESWIPE SAME DIRECTION,ONE-WAY,,STRAIGHT AND LEVEL,DRY,NO DEFECTS,NOT ON SCENE (DESK REPORT),NO INJURY / DRIVE AWAY,,,,"OVER $1,500",07/15/2025 01:45:00 PM,IMPROPER LANE USAGE,FAILING TO YIELD RIGHT-OF-WAY,3600,S,MICHIGAN AVE,213,,,,,,,2,NO INDICATION OF INJURY,0,0,0,0,0,2,0,12,3,7,41.8295672131,-87.6233665847,POINT (-87.623366584711 41.829567213085)
169a8c2d198582965c7d15492b731905593daabea3adad98f5c66e950affee20dd2047aae29f8f58f20e2e914e389777539f79fa0b7b43df1b041ff12eefadc1,,07/15/2025 12:20:00 PM,30,NO CONTROLS,NO CONTROLS,CLEAR,DAYLIGHT,SIDESWIPE SAME DIRECTION,NOT DIVIDED,,STRAIGHT AND LEVEL,UNKNOWN,UNKNOWN,NOT ON SCENE (DESK REPORT),NO INJURY / DRIVE AWAY,,,,"OVER $1,500",07/15/2025 01:15:00 PM,UNABLE TO DETERMINE,UNABLE TO DETERMINE,7113,S,BENNETT AVE,333,,,,,,,2,NO INDICATION OF INJURY,0,0,0,0,0,2,0,12,3,7,41.765635889,-87.5792139618,POINT (-87.579213961769 41.765635888985)
3526ed8befce8fa42599997cc5a09e654631efb0813d1b21cdf149c98bb2fbb8a30163709b36cef38d61f4fa9afa765df0041c34fb30858648b8aa926abd8819,,07/15/2025 12:11:00 PM,30,NO CONTROLS,NO CONTROLS,CLEAR,DAYLIGHT,TURNING,FOUR WAY,,STRAIGHT AND LEVEL,DRY,OTHER,ON SCENE,NO INJURY / DRIVE AWAY,Y,,,$500 OR LESS,07/15/2025 12:11:00 PM,IMPROPER OVERTAKING/PASSING,UNABLE TO DETERMINE,11900,S,STATE ST,522,,,,,,,2,NO INDICATION OF INJURY,0,0,0,0,0,2,0,12,3,7,41.6779769595,-87.6228027668,POINT (-87.622802766789 41.677976959484)
fffa08e2f44eb967eb24cd5a2c063ac0351ac8f5cf62e909c40a9d8a4994e74a6e6db9fe40ddd0b8e003f04a1962ef429200294279f25b84138e1c1ecc8534b2,,07/15/2025 12:10:00 PM,25,TRAFFIC SIGNAL,FUNCTIONING PROPERLY,CLEAR,DAYLIGHT,PEDESTRIAN,DIVIDED - W/MEDIAN (NOT RAISED),,STRAIGHT AND LEVEL,DRY,NO DEFECTS,ON SCENE,INJURY AND / OR TOW DUE TO CRASH,Y,,,$500 OR LESS,07/15/2025 04:56:00 PM,UNABLE TO DETERMINE,UNABLE TO DETERMINE,2,E,RANDOLPH ST,111,,,,,,,2,NONINCAPACITATING INJURY,1,0,0,1,0,1,0,12,3,7,41.884600962,-87.627828521,POINT (-87.627828520965 41.884600961961)
99df668695b7edc4f40dea8c76c40bccfec5492a7c3e03dc562d9c0fe1438e24a72cfe9f84bad5df583c705b407f73eba9a25c225d2cc79287247b634c8a6268,,07/15/2025 12:08:00 PM,30,TRAFFIC SIGNAL,UNKNOWN,UNKNOWN,UNKNOWN,REAR END,NOT DIVIDED,,STRAIGHT AND LEVEL,UNKNOWN,UNKNOWN,NOT ON SCENE (DESK REPORT),NO INJURY / DRIVE AWAY,,,Y,"OVER $1,500",07/15/2025 01:00:00 PM,UNABLE TO DETERMINE,NOT APPLICABLE,2058,N,NARRAGANSETT AVE,2512,,,,,,,2,NO INDICATION OF INJURY,0,0,0,0,0,2,0,12,3,7,41.9181467778,-87.7854230805,POINT (-87.785423080503 41.918146777838)
3a1269e744ff11bdafddd1544c7b8a4e52d7ffed8ef1f820b2ed7dba4a73d590708ce613c4d6a7c9680c43d0bdfa276bf3d70280b04cff79184270bed47281fe,,07/15/2025 12:07:00 PM,30,STOP SIGN/FLASHER,NO CONTROLS,CLEAR,DAYLIGHT,REAR END,FOUR WAY,,STRAIGHT AND LEVEL,DRY,NO DEFECTS,ON SCENE,INJURY AND / OR TOW DUE TO CRASH,,,,"$501 - $1,500",07/15/2025 12:39:00 PM,DISTRACTION - FROM INSIDE VEHICLE,NOT APPLICABLE,5301,W,HARRISON ST,1522,,,,,,,2,NONINCAPACITATING INJURY,1,0,0,1,0,2,0,12,3,7,41.8728041458,-87.7575169236,POINT (-87.75751692359 41.872804145779)
950e6b84f8214ca3c473cc6dc85a6343c18ffed869a123db4cf68f32d9bbc271379369d82ffc5233f41ea6a8c503a585d4579a21b0d25a51bcebf7984886b29f,,07/15/2025 12:05:00 PM,25,STOP SIGN/FLASHER,UNKNOWN,CLEAR,DAYLIGHT,PEDESTRIAN,NOT DIVIDED,,STRAIGHT AND LEVEL,DRY,UNKNOWN,NOT ON SCENE (DESK REPORT),INJURY AND / OR TOW DUE TO CRASH,Y,,Y,$500 OR LESS,07/15/2025 02:01:00 PM,FAILING TO YIELD RIGHT-OF-WAY,DRIVING SKILLS/KNOWLEDGE/EXPERIENCE,1704,N,MILWAUKEE AVE,1434,,,,,,,2,"REPORTED, NOT EVIDENT",1,0,0,0,1,1,0,12,3,7,41.9122732164,-87.6806240106,POINT (-87.680624010582 41.912273216356)
0ba9a4decf289e45231ab5a846b8dba05f121ea2aa2ac7a96e4db34d7bc493923973e1e6498b75c38b34ffd3bb0911221d96a13d773312333cdf22155ff540d9,,07/15/2025 12:00:00 PM,30,NO CONTROLS,NO CONTROLS,CLEAR,DAYLIGHT,SIDESWIPE SAME DIRECTION,NOT DIVIDED,,STRAIGHT AND LEVEL,DRY,NO DEFECTS,NOT ON SCENE (DESK REPORT),NO INJURY / DRIVE AWAY,,,,"$501 - $1,500",07/15/2025 02:00:00 PM,IMPROPER OVERTAKING/PASSING,IMPROPER OVERTAKING/PASSING,10000,W,OHARE ST,1651,,,,,,,2,NO INDICATION OF INJURY,0,0,0,0,0,2,0,12,3,7,41.976201139,-87.9053091251,POINT (-87.905309125103 41.976201139024)
829ac79119f554302bbd247a57744f476fbf708a2c5315e1394d8f196a8fe0d39c535b2529553aaf93bca290b7b93eecdbe65c7dd8840663f03b6b8b393d4488,,07/15/2025 12:00:00 PM,30,TRAFFIC SIGNAL,FUNCTIONING PROPERLY,UNKNOWN,UNKNOWN,REAR END,NOT DIVIDED,,STRAIGHT AND LEVEL,UNKNOWN,UNKNOWN,NOT ON SCENE (DESK REPORT),NO INJURY / DRIVE AWAY,,,,"$501 - $1,500",07/15/2025 02:00:00 PM,FOLLOWING TOO CLOSELY,NOT APPLICABLE,758,N,SACRAMENTO BLVD,1221,,,,,,,2,NO INDICATION OF INJURY,0,0,0,0,0,2,0,12,3,7,41.8955487391,-87.7023496568,POINT (-87.702349656814 41.895548739102)
5dff5b49189e910b2d78b9ba987ddaccd20b9c75ed41b41978b8db5e793595e51424f3a6938dcbd8cf2d719ff303e9964ce26b9c4e670c661013297058d5750a,,07/15/2025 11:55:00 AM,15,NO CONTROLS,NO CONTROLS,CLEAR,DAYLIGHT,FIXED OBJECT,PARKING LOT,,"CURVE, LEVEL",DRY,NO DEFECTS,ON SCENE,NO INJURY / DRIVE AWAY,,Y,,"OVER $1,500",07/15/2025 12:10:00 PM,FOLLOWING TOO CLOSELY,NOT APPLICABLE,4334,W,26TH ST,1013,,,,,,,1,NO INDICATION OF INJURY,0,0,0,0,0,1,0,11,3,7,41.8442494336,-87.732620605,POINT (-87.732620605015 41.844249433592)
14fa54d929ac0cebd32e93f7d964dd37c47e68da8d1b9922968ff00485b029eeddd0314d8f4b6eab70b15a1e91968b9c63438558e048def601c1c8d1370c5709,,07/15/2025 11:50:00 AM,30,TRAFFIC SIGNAL,FUNCTIONING PROPERLY,CLEAR,DAYLIGHT,TURNING,NOT DIVIDED,,STRAIGHT AND LEVEL,DRY,NO DEFECTS,NOT ON SCENE (DESK REPORT),NO INJURY / DRIVE AWAY,,,Y,"OVER $1,500",07/15/2025 12:10:00 PM,DISREGARDING TRAFFIC SIGNALS,"OPERATING VEHICLE IN ERRATIC, RECKLESS, CARELESS, NEGLIGENT OR AGGRESSIVE MANNER",200,E,111TH ST,513,,,,,,,2,NO INDICATION OF INJURY,0,0,0,0,0,2,0,11,3,7,41.6927627012,-87.618138939,POINT (-87.618138939048 41.692762701196)
359a4bc38f48e0f8e76f6ba3e4b8b7705cea3e2ba99ee5b7587267066ac5785e3a35c550efdf6aa1845ee038690aa2e5395a22fcdad37b0fb7b568f024aa030e,,07/15/2025 11:50:00 AM,30,TRAFFIC SIGNAL,FUNCTIONING PROPERLY,CLEAR,DAYLIGHT,TURNING,NOT DIVIDED,,STRAIGHT AND LEVEL,DRY,NO DEFECTS,ON SCENE,INJURY AND / OR TOW DUE TO CRASH,,,,"$501 - $1,500",07/15/2025 11:53:00 AM,IMPROPER LANE USAGE,NOT APPLICABLE,4311,S,COTTAGE GROVE AVE,221,,,,,,,2,NONINCAPACITATING INJURY,1,0,0,1,0,3,0,11,3,7,41.8164419907,-87.6065554482,POINT (-87.606555448154 41.816441990703)