CRASH_RECORD_ID,CRASH_DATE_EST_I,CRASH_DATE,POSTED_SPEED_LIMIT,TRAFFIC_CONTROL_DEVICE,DEVICE_CONDITION,WEATHER_CONDITION,LIGHTING_CONDITION,FIRST_CRASH_TYPE,TRAFFICWAY_TYPE,LANE_CNT,ALIGNMENT,ROADWAY_SURFACE_COND,ROAD_DEFECT,REPORT_TYPE,CRASH_TYPE,INTERSECTION_RELATED_I,NOT_RIGHT_OF_WAY_I,HIT_AND_RUN_I,DAMAGE,DATE_POLICE_NOTIFIED,PRIM_CONTRIBUTORY_CAUSE,SEC_CONTRIBUTORY_CAUSE,STREET_NO,STREET_DIRECTION,STREET_NAME,BEAT_OF_OCCURRENCE,PHOTOS_TAKEN_I,STATEMENTS_TAKEN_I,DOORING_I,WORK_ZONE_I,WORK_ZONE_TYPE,WORKERS_PRESENT_I,NUM_UNITS,MOST_SEVERE_INJURY,INJURIES_TOTAL,INJURIES_FATAL,INJURIES_INCAPACITATING,INJURIES_NON_INCAPACITATING,INJURIES_REPORTED_NOT_EVIDENT,INJURIES_NO_INDICATION,INJURIES_UNKNOWN,CRASH_HOUR,CRASH_DAY_OF_WEEK,CRASH_MONTH,LATITUDE,LONGITUDE,LOCATION
7e5182c14674d3519633c1e66a4e7644f09c5831c52cedaa6345289c023e9d00d1b89f421909cce801bfe19e3232cc6d32f54bbdd4931570eb5fbb619a8608db,,07/15/2025 11:50:00 AM,30,OTHER,NO CONTROLS,CLEAR,DAYLIGHT,SIDESWIPE SAME DIRECTION,OTHER,,STRAIGHT AND LEVEL,DRY,WORN SURFACE,NOT ON SCENE (DESK REPORT),NO INJURY / DRIVE AWAY,,,,"$501 - $1,500",07/15/2025 01:00:00 PM,IMPROPER OVERTAKING/PASSING,NOT APPLICABLE,3400,S,DAMEN AVE,912,,,,,,,2,NO INDICATION OF INJURY,0,0,0,0,0,2,0,11,3,7,41.8321843334,-87.6754741622,POINT (-87.675474162226 41.832184333408)
36df3a44a8ab200440f6349fc9c60849ab9138b6b17514007f6ea9b0170930b30b2df5a8e885424edab1775034200eb68f3d2e903dbf3f1272a43df7863d4a6c,,07/15/2025 11:45:00 AM,30,TRAFFIC SIGNAL,FUNCTIONING PROPERLY,CLEAR,DAYLIGHT,TURNING,NOT DIVIDED,,STRAIGHT AND LEVEL,DRY,NO DEFECTS,NOT ON SCENE (DESK REPORT),NO INJURY / DRIVE AWAY,,,,"$501 - $1,500",07/15/2025 02:04:00 PM,IMPROPER OVERTAKING/PASSING,NOT APPLICABLE,1576,W,LAKE ST,1215,,,,,,,2,NO INDICATION OF INJURY,0,0,0,0,0,2,0,11,3,7,41.8854402415,-87.6668889219,POINT (-87.666888921921 41.885440241474)
9602b1fbe260860c1e976641c7f259755ed085fb81d9da8c09b06c81103b6575e0ae16a0afa2b197f9b658c6a6bdee0d90c4645463e9cd0ef771ed76d4703974,,07/15/2025 11:45:00 AM,30,TRAFFIC SIGNAL,FUNCTIONING PROPERLY,CLEAR,DAYLIGHT,ANGLE,FOUR WAY,,STRAIGHT AND LEVEL,DRY,OTHER,ON SCENE,NO INJURY / DRIVE AWAY,,,,$500 OR LESS,07/15/2025 11:48:00 AM,FAILING TO YIELD RIGHT-OF-WAY,UNABLE TO DETERMINE,6800,W,GRAND AVE,2512,,,,,,,2,NO INDICATION OF INJURY,0,0,0,0,0,2,0,11,3,7,41.9237081929,-87.7953007812,POINT (-87.795300781231 41.92370819286)
992b9926cdbc0106952f933659026580e9cea8e5f0b3fdf10aca22ef2582945bffa935c92520cad09ff259171abe532ef6b92a2c3a768a926470791ed393c189,,07/15/2025 11:35:00 AM,20,NO CONTROLS,NO CONTROLS,CLEAR,DAYLIGHT,PARKED MOTOR VEHICLE,ONE-WAY,,STRAIGHT AND LEVEL,DRY,NO DEFECTS,ON SCENE,INJURY AND / OR TOW DUE TO CRASH,,,,"OVER $1,500",07/15/2025 11:39:00 AM,UNABLE TO DETERMINE,NOT APPLICABLE,3212,W,65TH PL,831,,,,,,,2,"REPORTED, NOT EVIDENT",1,0,0,0,1,0,0,11,3,7,41.7745180828,-87.7036057891,POINT (-87.703605789135 41.774518082757)
a8fb6240fe93d45fedee159f720be50c793fb6e7bbf3c0b358eded3d070a177653dced1d435732c619d76ebe64a737269497d37a092190be24733cdbab715ffd,,07/15/2025 11:35:00 AM,35,UNKNOWN,UNKNOWN,UNKNOWN,UNKNOWN,SIDESWIPE SAME DIRECTION,UNKNOWN,,STRAIGHT AND LEVEL,UNKNOWN,UNKNOWN,NOT ON SCENE (DESK REPORT),NO INJURY / DRIVE AWAY,,,Y,"$501 - $1,500",07/15/2025 11:45:00 AM,UNABLE TO DETERMINE,NOT APPLICABLE,2501,E,103RD ST,434,,,,,,,2,NO INDICATION OF INJURY,0,0,0,0,0,3,0,11,3,7,41.7080117476,-87.5632399914,POINT (-87.563239991388 41.708011747627)
948b56328b2275374871a8637de094bd20e985ffe43acc29bebcd5ed3be869dde7ad886afcdd0b9796e44f87deb97e5355d1474ee94be9e826a1bc80406c65c9,,07/15/2025 11:27:00 AM,30,TRAFFIC SIGNAL,FUNCTIONING PROPERLY,CLEAR,DAYLIGHT,SIDESWIPE SAME DIRECTION,ONE-WAY,,STRAIGHT AND LEVEL,DRY,NO DEFECTS,NOT ON SCENE (DESK REPORT),NO INJURY / DRIVE AWAY,,,Y,"$501 - $1,500",07/15/2025 12:45:00 PM,UNABLE TO DETERMINE,UNABLE TO DETERMINE,3900,S,WENTWORTH AVE,925,,,,,,,2,NO INDICATION OF INJURY,0,0,0,0,0,2,0,11,3,7,41.8236543304,-87.6314876745,POINT (-87.631487674469 41.823654330426)
093153489c4e180944122a95176e7ce2618f9131ed27dc2565107e33ec979bcb3f048a226f4b5a5c5fb4f6c1deafdd8a507fdd2510776368a49ddcbe1a71bc2b,,07/15/2025 11:20:00 AM,30,TRAFFIC SIGNAL,FUNCTIONING PROPERLY,CLEAR,DAYLIGHT,REAR END,NOT DIVIDED,,STRAIGHT AND LEVEL,DRY,NO DEFECTS,NOT ON SCENE (DESK REPORT),NO INJURY / DRIVE AWAY,,,Y,$500 OR LESS,07/15/2025 12:05:00 PM,UNABLE TO DETERMINE,UNABLE TO DETERMINE,6258,S,CALIFORNIA AVE,823,,,,,,,2,NO INDICATION OF INJURY,0,0,0,0,0,2,0,11,3,7,41.7792038779,-87.69354234,POINT (-87.69354233998 41.779203877943)
f2b920e6516ea32180ac35b7aa5c6e347c46c563b47ada4fae2b39d9febd8142d9f6b2af6c27644a05f52e296c9a90c88da55ea4b6ff143559237f9645574391,,07/15/2025 11:20:00 AM,30,NO CONTROLS,NO CONTROLS,CLEAR,DAYLIGHT,SIDESWIPE SAME DIRECTION,NOT DIVIDED,,STRAIGHT AND LEVEL,DRY,NO DEFECTS,ON SCENE,NO INJURY / DRIVE AWAY,,,,"$501 - $1,500",07/15/2025 11:34:00 AM,FAILING TO YIELD RIGHT-OF-WAY,NOT APPLICABLE,611,S,PAULINA ST,1231,,,,,,,2,NO INDICATION OF INJURY,0,0,0,0,0,6,0,11,3,7,41.8738083366,-87.6689535168,POINT (-87.668953516774 41.873808336582)
07909262e3c0fadd22c0ca5eaa24d13f5d4da04f9ad57df6f54f777cf152ac3af92b7e318fc06368307cb82aaf94d6df436d5c3036f4f0e33b6831bc911aca28,,07/15/2025 11:16:00 AM,30,UNKNOWN,UNKNOWN,CLEAR,DAYLIGHT,TURNING,NOT DIVIDED,,STRAIGHT AND LEVEL,UNKNOWN,UNKNOWN,NOT ON SCENE (DESK REPORT),NO INJURY / DRIVE AWAY,,,,"$501 - $1,500",07/15/2025 11:49:00 AM,IMPROPER TURNING/NO SIGNAL,UNABLE TO DETERMINE,3723,W,DEVON AVE,1711,,,,,,,2,NO INDICATION OF INJURY,0,0,0,0,0,5,0,11,3,7,41.9971533586,-87.7225498873,POINT (-87.722549887346 41.997153358613)
7d49722c57c1b9bd31165f2afdce1342f68d29751809887c3bd1a395f7d1ec9a33b5e5bb555c3bebaf4d5b025df7c1f8cbf3302e3da86346dc5cd4d1bf54d62c,,07/15/2025 11:15:00 AM,35,NO CONTROLS,NO CONTROLS,CLEAR,DAYLIGHT,ANIMAL,DIVIDED - W/MEDIAN (NOT RAISED),,STRAIGHT AND LEVEL,DRY,NO DEFECTS,,NO INJURY / DRIVE AWAY,Y,,Y,"OVER $1,500",07/15/2025 11:30:00 AM,UNABLE TO DETERMINE,ANIMAL,11319,S,COTTAGE GROVE AVE,531,,,,,,,2,NO INDICATION OF INJURY,0,0,0,0,0,2,0,11,3,7,41.6885289788,-87.6106675619,POINT (-87.610667561863 41.688528978758)
841686f14828f096db6d6e6b0568dbed45a36308112384bfbd439530ce01ed952fe599acd99abe5211b467aa5bc9234c076d3f2e03caedd6079319424432d75d,,07/15/2025 11:15:00 AM,30,NO CONTROLS,NO CONTROLS,CLEAR,DAYLIGHT,REAR END,NOT DIVIDED,,STRAIGHT AND LEVEL,DRY,NO DEFECTS,NOT ON SCENE (DESK REPORT),INJURY AND / OR TOW DUE TO CRASH,,,,"$501 - $1,500",07/17/2025 10:17:00 AM,UNABLE TO DETERMINE,NOT APPLICABLE,4852,W,LAWRENCE AVE,1623,,,,,,,2,"REPORTED, NOT EVIDENT",1,0,0,0,1,1,0,11,3,7,41.9681120518,-87.7498380922,POINT (-87.749838092209 41.968112051803)
5bc4a4167e15655cbdea299f1ec1239a3cb380c9ca690e00b9e7b50c21cae4c87a4068d28578e83b46b3c12db0ea206676c0f68cfe9ea31feaaf56c2d72613d5,,07/15/2025 11:10:00 AM,30,NO CONTROLS,NO CONTROLS,CLEAR,DAYLIGHT,TURNING,DIVIDED - W/MEDIAN (NOT RAISED),,STRAIGHT AND LEVEL,DRY,NO DEFECTS,ON SCENE,INJURY AND / OR TOW DUE TO CRASH,,,,"OVER $1,500",07/15/2025 11:14:00 AM,FAILING TO REDUCE SPEED TO AVOID CRASH,FAILING TO REDUCE SPEED TO AVOID CRASH,6614,S,HALSTED ST,723,,,,,,,2,NO INDICATION OF INJURY,0,0,0,0,0,2,0,11,3,7,41.7738409755,-87.6447797404,POINT (-87.644779740374 41.773840975522)
0b04a6ebd32bed34881f47109cf152f7fe1aa82c213cb2a6736f72ab6693af9c0c2c4af2bd05bc0ce10a20a22fd82f7fc1cb361b5aafa4ef08020460d3ee90f6,,07/15/2025 11:06:00 AM,30,NO CONTROLS,NO CONTROLS,CLEAR,DAYLIGHT,REAR END,NOT DIVIDED,,STRAIGHT AND LEVEL,DRY,NO DEFECTS,ON SCENE,NO INJURY / DRIVE AWAY,,,,"OVER $1,500",07/15/2025 11:07:00 AM,DISTRACTION - FROM INSIDE VEHICLE,NOT APPLICABLE,4450,N,WESTERN AVE,1911,,,,,,,2,NO INDICATION OF INJURY,0,0,0,0,0,2,0,11,3,7,41.9628195814,-87.6888723061,POINT (-87.688872306072 41.962819581434)
9046dea2985dc3d4323a2db4300ea7e1b9f0eefd21976c7e87e61326c9146686854b5657a84891c72ade56f1ac6bea15d8db586c2001726e5b61f77cb75b80c7,,07/15/2025 11:05:00 AM,30,NO CONTROLS,NO CONTROLS,CLEAR,DAYLIGHT,SIDESWIPE SAME DIRECTION,DIVIDED - W/MEDIAN BARRIER,,STRAIGHT AND LEVEL,DRY,NO DEFECTS,ON SCENE,NO INJURY / DRIVE AWAY,,,Y,"OVER $1,500",07/15/2025 11:05:00 AM,IMPROPER OVERTAKING/PASSING,NOT APPLICABLE,2651,S,CALIFORNIA BLVD,1034,,,,,,,2,NO INDICATION OF INJURY,0,0,0,0,0,3,0,11,3,7,41.8432432802,-87.6944710277,POINT (-87.69447102769 41.843243280169)
464bfeac97ae291d054f69ef6640646a2cbad20cf1b4f3075b2cc38eb4dfe6497f856512425c9c91fbdfc4cd2a7784d624ad533c011f02f3099b0e1e5e5a3e37,,07/15/2025 11:00:00 AM,15,NO CONTROLS,NO CONTROLS,CLEAR,DAYLIGHT,SIDESWIPE SAME DIRECTION,PARKING LOT,,STRAIGHT AND LEVEL,DRY,NO DEFECTS,NOT ON SCENE (DESK REPORT),NO INJURY / DRIVE AWAY,,,,"OVER $1,500",07/15/2025 11:45:00 AM,IMPROPER OVERTAKING/PASSING,UNABLE TO DETERMINE,2404,S,WOLCOTT AVE,1034,,,,,,,2,NO INDICATION OF INJURY,0,0,0,0,0,2,0,11,3,7,41.8483246554,-87.6734341567,POINT (-87.673434156694 41.848324655385)
969b586c04d0784c3649ea82ec46504aea837b2945b3347f1ca24f3137cb47d2fea1164958692f0cec0182ed43329c3a0fd3984313336a5ec71bf3e2eeed6a1c,,07/15/2025 11:00:00 AM,30,TRAFFIC SIGNAL,FUNCTIONING PROPERLY,UNKNOWN,DAYLIGHT,REAR END,NOT DIVIDED,,STRAIGHT AND LEVEL,UNKNOWN,UNKNOWN,NOT ON SCENE (DESK REPORT),NO INJURY / DRIVE AWAY,,,,"$501 - $1,500",07/15/2025 11:40:00 AM,UNABLE TO DETERMINE,NOT APPLICABLE,4758,W,47TH ST,815,,,,,,,2,NO INDICATION OF INJURY,0,0,0,0,0,2,0,11,3,7,41.807737271,-87.7431076076,POINT (-87.743107607634 41.807737271022)
979ef4b6b7343a68189bc55cd76cabfd5c83e864178b5dc7c930ecc6e9cd498930106a0b076ba0b60a02645273dde71d0789cf0eec980aeed8f2f177143d0dfc,,07/15/2025 11:00:00 AM,30,STOP SIGN/FLASHER,FUNCTIONING PROPERLY,CLEAR,DAYLIGHT,TURNING,Y-INTERSECTION,,STRAIGHT AND LEVEL,DRY,NO DEFECTS,NOT ON SCENE (DESK REPORT),NO INJURY / DRIVE AWAY,Y,,,"OVER $1,500",07/15/2025 11:30:00 AM,UNABLE TO DETERMINE,NOT APPLICABLE,3450,N,WHIPPLE ST,1733,,,,,,,2,NO INDICATION OF INJURY,0,0,0,0,0,2,0,11,3,7,41.9442803917,-87.7042252992,POINT (-87.704225299193 41.944280391657)
a50fdb7902128e266ebaabfffcb5298cc51957dadb66d1cdf524c29c37d9177d7772d0c745270088a74392cec93b1dcde6e729897af9f1d691780eb33e39be42,,07/15/2025 11:00:00 AM,30,NO CONTROLS,NO CONTROLS,CLEAR,DAYLIGHT,PARKED MOTOR VEHICLE,NOT DIVIDED,,STRAIGHT AND LEVEL,DRY,NO DEFECTS,NOT ON SCENE (DESK REPORT),NO INJURY / DRIVE AWAY,,,,$500 OR LESS,07/15/2025 01:32:00 PM,DRIVING SKILLS/KNOWLEDGE/EXPERIENCE,NOT APPLICABLE,728,N,MORGAN ST,1214,,,,,,,2,NO INDICATION OF INJURY,0,0,0,0,0,1,0,11,3,7,41.8955128867,-87.6527592263,POINT (-87.652759226251 41.895512886743)
bb945761cd02a3347a187137bebc4fd4a69bc756499529123af04073c7767bb7cb88f1125384336563c2eb79a0b563b4650599b21d190f3b2535a416d5cb0835,,07/15/2025 11:00:00 AM,30,NO CONTROLS,NO CONTROLS,CLEAR,DAYLIGHT,PARKED MOTOR VEHICLE,PARKING LOT,,STRAIGHT AND LEVEL,DRY,UNKNOWN,NOT ON SCENE (DESK REPORT),NO INJURY / DRIVE AWAY,,,,"OVER $1,500",07/15/2025 01:00:00 PM,UNABLE TO DETERMINE,UNABLE TO DETERMINE,4300,N,NARRAGANSETT AVE,1632,,,,,,,2,NO INDICATION OF INJURY,0,0,0,0,0,1,0,11,3,7,41.9585483456,-87.7869189888,POINT (-87.786918988769 41.958548345645)
d6273b813e761652135b425637cbf3843a64b2ea3375e194bd880f096d9b7a2113182862847e74da7aa2965a2cc8d0b691c6111ccf5d30a1744b5ee4d45c262e,,07/15/2025 11:00:00 AM,30,NO CONTROLS,NO CONTROLS,CLEAR,DAYLIGHT,PARKED MOTOR VEHICLE,NOT DIVIDED,,STRAIGHT AND LEVEL,DRY,NO DEFECTS,NOT ON SCENE (DESK REPORT),NO INJURY / DRIVE AWAY,,,Y,$500 OR LESS,07/15/2025 12:25:00 PM,UNABLE TO DETERMINE,UNABLE TO DETERMINE,3202,W,77TH ST,835,,,,,,,2,NO INDICATION OF INJURY,0,0,0,0,0,1,0,11,3,7,41.7535351779,-87.7026328962,POINT (-87.702632896163 41.753535177862)
2e4f79d8398cf9c503fd3801a6f483af4758773d0a6465455a194691dd1e81c24349433eaa95a38a20760e900096b3ecace8b54bc7e522bfd23cdd182dd044bd,,07/15/2025 10:55:00 AM,0,TRAFFIC SIGNAL,FUNCTIONING PROPERLY,CLEAR,DARKNESS,REAR END,T-INTERSECTION,,STRAIGHT AND LEVEL,DRY,NO DEFECTS,NOT ON SCENE (DESK REPORT),NO INJURY / DRIVE AWAY,,,,"$501 - $1,500",07/15/2025 11:50:00 PM,FAILING TO YIELD RIGHT-OF-WAY,FOLLOWING TOO CLOSELY,3360,W,PETERSON AVE,1711,,,,,,,2,NO INDICATION OF INJURY,0,0,0,0,0,3,0,10,3,7,41.9904330857,-87.7139256633,POINT (-87.713925663338 41.990433085711)
22de7002d3c560d526448dc7965b78df5d973890a9063e08f5366f4c1af7a9accc254faef48a53ee187bd12f57e1278858c09ea5da8ec6eb9b6a66942e768972,,07/15/2025 10:48:00 AM,30,NO CONTROLS,NO CONTROLS,CLEAR,DAYLIGHT,FIXED OBJECT,PARKING LOT,,"CURVE, LEVEL",DRY,UNKNOWN,ON SCENE,NO INJURY / DRIVE AWAY,,,,"OVER $1,500",07/15/2025 10:50:00 AM,UNABLE TO DETERMINE,UNABLE TO DETERMINE,400,E,41ST ST,214,,,,,,,1,NO INDICATION OF INJURY,0,0,0,0,0,1,0,10,3,7,41.8203495003,-87.6165141095,POINT (-87.616514109472 41.820349500309)
4b952718bca1747549c0632e243f10c79a57113d7af3ec13c8561f5c8f832ee69481c818f9da83d09d5a217bb872f9084e49878b71b4b4e5b6f4efc0272188a8,,07/15/2025 10:47:00 AM,25,TRAFFIC SIGNAL,UNKNOWN,CLEAR,DAYLIGHT,TURNING,CENTER TURN LANE,,STRAIGHT AND LEVEL,DRY,UNKNOWN,ON SCENE,NO INJURY / DRIVE AWAY,,,,"$501 - $1,500",07/15/2025 10:50:00 AM,UNABLE TO DETERMINE,UNABLE TO DETERMINE,450,W,BELMONT AVE,1925,,,,,,,2,NO INDICATION OF INJURY,0,0,0,0,0,2,0,10,3,7,41.9401983227,-87.6415450199,POINT (-87.641545019915 41.940198322732)
65c4ad77b40aea2b51ccb280f5a294a6e786805e9d011dfbe280983ffb515c614947ee9c3d6a552483ef35425714e33b7d2a2650f0257ee6094ef48cb8ca843b,,07/15/2025 10:45:00 AM,30,NO CONTROLS,NO CONTROLS,CLEAR,DAYLIGHT,TURNING,DIVIDED - W/MEDIAN (NOT RAISED),,STRAIGHT AND LEVEL,DRY,NO DEFECTS,NOT ON SCENE (DESK REPORT),INJURY AND / OR TOW DUE TO CRASH,,,,"OVER $1,500",07/15/2025 10:52:00 AM,DRIVING SKILLS/KNOWLEDGE/EXPERIENCE,IMPROPER TURNING/NO SIGNAL,1233,N,ELSTON AVE,1433,,,,,,,2,NO INDICATION OF INJURY,0,0,0,0,0,3,0,10,3,7,41.904413016,-87.6591357856,POINT (-87.659135785603 41.904413015984)
a25472643d636fa53870538ce08f9e47ceb52a687a3dd6330683909f8e349c2b8c58cc749e094031e38254063d0f34b0418b63dcfa05d9e1e87225a93d958c3e,,07/15/2025 10:45:00 AM,30,NO CONTROLS,NO CONTROLS,CLEAR,DAYLIGHT,PARKED MOTOR VEHICLE,DIVIDED - W/MEDIAN BARRIER,,STRAIGHT AND LEVEL,DRY,NO DEFECTS,ON SCENE,NO INJURY / DRIVE AWAY,,,,"OVER $1,500",07/15/2025 10:54:00 AM,UNABLE TO DETERMINE,UNABLE TO DETERMINE,8637,S,ASHLAND AVE,614,,,,,,,2,NO INDICATION OF INJURY,0,0,0,0,0,3,0,10,3,7,41.7365052884,-87.6629352327,POINT (-87.662935232675 41.7365052884)
b89393db67109d86a43c727cc62eb79016d6e4e5dbc2f742556934602a3989d7e85a9ca43320bd05ddd1b591dad3aa8b1ed19d9187bb6c5764c5a603360045b6,,07/15/2025 10:45:00 AM,35,NO CONTROLS,NO CONTROLS,CLEAR,DAYLIGHT,REAR END,DIVIDED - W/MEDIAN BARRIER,,STRAIGHT AND LEVEL,DRY,NO DEFECTS,ON SCENE,INJURY AND / OR TOW DUE TO CRASH,,,,"OVER $1,500",07/15/2025 10:48:00 AM,UNABLE TO DETERMINE,NOT APPLICABLE,6401,N,MANNHEIM RD,1654,,,,,,,2,NO INDICATION OF INJURY,0,0,0,0,0,6,0,10,3,7,41.9950812393,-87.8843952457,POINT (-87.884395245688 41.995081239342)
e9eef759f7baa6305a4377a97a08a1320bc09fa72a73fb82590dec7eb2a15afc07dc00bb4c197a0c8fb20301d77a863b919291cb0cac3fd5be6381a30fb8578a,,07/15/2025 10:37:00 AM,30,NO CONTROLS,NO CONTROLS,CLEAR,DAYLIGHT,PARKED MOTOR VEHICLE,NOT DIVIDED,,STRAIGHT AND LEVEL,DRY,UNKNOWN,ON SCENE,NO INJURY / DRIVE AWAY,,,Y,"$501 - $1,500",07/15/2025 10:42:00 AM,IMPROPER BACKING,UNABLE TO DETERMINE,4317,W,FULLERTON AVE,2522,,,,,,,2,NO INDICATION OF INJURY,0,0,0,0,0,1,0,10,3,7,41.9242780507,-87.7348048246,POINT (-87.734804824631 41.924278050737)
3ed449bdff2e8f7b162ef4578c264c93153bbe8066725fd808caa8118abdf3d2341e4ff6dc3d6f36050750b543be2a081c19cc6a69d08b451ee8c2590654231c,,07/15/2025 10:35:00 AM,30,NO CONTROLS,NO CONTROLS,CLEAR,DAYLIGHT,PARKED MOTOR VEHICLE,UNKNOWN,,STRAIGHT AND LEVEL,DRY,UNKNOWN,NOT ON SCENE (DESK REPORT),NO INJURY / DRIVE AWAY,,N,Y,$500 OR LESS,07/15/2025 08:30:00 PM,NOT APPLICABLE,NOT APPLICABLE,200,W,RANDOLPH ST,122,,,,,,,2,NO INDICATION OF INJURY,0,0,0,0,0,1,0,10,3,7,41.8845790459,-87.633969721,POINT (-87.633969720953 41.884579045949)
89660226d5acd3161d5195086c0a9dbb9217bf35c4f9aac5eebca80426a9538441b7b3d846919285b1f61633d29474bd8737abbf23d4e159a5d199dde83fbc1c,,07/15/2025 10:35:00 AM,30,STOP SIGN/FLASHER,FUNCTIONING PROPERLY,CLEAR,DAYLIGHT,ANGLE,FOUR WAY,,STRAIGHT AND LEVEL,DRY,NO DEFECTS,ON SCENE,NO INJURY / DRIVE AWAY,Y,,,"OVER $1,500",07/15/2025 10:38:00 AM,FAILING TO YIELD RIGHT-OF-WAY,NOT APPLICABLE,1327,W,87TH ST,2222,,,,,,,2,NO INDICATION OF INJURY,0,0,0,0,0,3,0,10,3,7,41.7357706837,-87.6569234023,POINT (-87.656923402294 41.735770683675)
23ea20e13ed1c9bc0585426168e6d20a4620ec3d6331af72eab94d9ca2689d9b0cf00fd8a95f119ebb0c65b08c24e0288e46d4269b86792635d486acb12e8fb9,,07/15/2025 10:26:00 AM,10,NO CONTROLS,NO CONTROLS,CLEAR,DAYLIGHT,ANGLE,PARKING LOT,,STRAIGHT AND LEVEL,DRY,NO DEFECTS,ON SCENE,NO INJURY / DRIVE AWAY,,,Y,"OVER $1,500",07/15/2025 10:40:00 AM,UNABLE TO DETERMINE,NOT APPLICABLE,10900,S,DOTY AVE W,513,,,,,,,2,NO INDICATION OF INJURY,0,0,0,0,0,2,0,10,3,7,41.696313684,-87.5966322439,POINT (-87.596632243933 41.696313683973)
2f210b7f4cf945e35cda6f4cada07feee3bb66aa65676da28ecb9f0cf0ef7de0e58e2041f3951c156c9812362cafd3572cecdbfb0bdf3b754a8b99f634c0b7ca,,07/15/2025 10:25:00 AM,35,NO CONTROLS,NO CONTROLS,CLEAR,DAYLIGHT,TURNING,NOT DIVIDED,,STRAIGHT AND LEVEL,DRY,NO DEFECTS,NOT ON SCENE (DESK REPORT),NO INJURY / DRIVE AWAY,Y,,,"$501 - $1,500",07/15/2025 11:00:00 AM,UNABLE TO DETERMINE,UNABLE TO DETERMINE,4612,W,IRVING PARK RD,1722,,,,,,,2,NO INDICATION OF INJURY,0,0,0,0,0,3,0,10,3,7,41.9535835052,-87.7431252322,POINT (-87.74312523223 41.953583505202)
1a9153ec0b7c31ad5ca1d441b73985823336f13223c2d98a0e89bcdce9eb8694c448808d6269830498d495b863aa92900f617bcf3dd81f1339e15d0403623298,,07/15/2025 10:23:00 AM,30,TRAFFIC SIGNAL,FUNCTIONING PROPERLY,CLEAR,DAYLIGHT,ANGLE,DIVIDED - W/MEDIAN (NOT RAISED),,STRAIGHT AND LEVEL,DRY,UNKNOWN,ON SCENE,NO INJURY / DRIVE AWAY,Y,,,"OVER $1,500",07/15/2025 10:23:00 AM,FAILING TO YIELD RIGHT-OF-WAY,NOT APPLICABLE,6353,S,ARCHER AVE,811,,,,,,,2,NO INDICATION OF INJURY,0,0,0,0,0,2,0,10,3,7,41.7926252139,-87.7803410394,POINT (-87.780341039379 41.792625213928)
efc1c0d430aaf297974aa5a02486885ef28af06d8f96ed1e66eb1b4980f9b86cb93c8ae4ccce06834b62c7db3d3cc0853c06545920459430c42119677d6deec0,,07/15/2025 10:23:00 AM,30,NO CONTROLS,NO CONTROLS,CLEAR,DAYLIGHT,PARKED MOTOR VEHICLE,DIVIDED - W/MEDIAN (NOT RAISED),,STRAIGHT AND LEVEL,DRY,NO DEFECTS,ON SCENE,NO INJURY / DRIVE AWAY,,,Y,$500 OR LESS,07/15/2025 11:00:00 AM,DRIVING SKILLS/KNOWLEDGE/EXPERIENCE,UNABLE TO DETERMINE,7055,W,ARCHER AVE,811,,,,,,,2,NO INDICATION OF INJURY,0,0,0,0,0,1,0,10,3,7,41.7918868522,-87.7987491909,POINT (-87.798749190863 41.79188685218)
28aa7704e3407c7abc9506532cde2b0444343d49d24ec5a89b6403ca4517ed3cd6473199f7984265860bc15fdb688ce46bbb9897c08c6246f1811a1ddea5e879,,07/15/2025 10:20:00 AM,10,NO CONTROLS,NO CONTROLS,CLOUDY/OVERCAST,DAYLIGHT,ANGLE,PARKING LOT,,STRAIGHT AND LEVEL,DRY,NO DEFECTS,NOT ON SCENE (DESK REPORT),NO INJURY / DRIVE AWAY,,,Y,"$501 - $1,500",07/15/2025 11:35:00 AM,IMPROPER BACKING,IMPROPER BACKING,4700,S,CALIFORNIA AVE,922,,,,,,,2,NO INDICATION OF INJURY,0,0,0,0,0,3,0,10,3,7,41.8082170512,-87.6943500349,POINT (-87.694350034906 41.808217051245)
7d5e18c6febc585939ede330c5ec718261096b3dfc5b03cc66fca3e3c7669c671ad15da1722fc0ce1a58289404ad818fc5deaf54cd2eba54ff6f2587a9dc666d,,07/15/2025 10:20:00 AM,30,UNKNOWN,UNKNOWN,UNKNOWN,DAYLIGHT,SIDESWIPE SAME DIRECTION,NOT DIVIDED,,STRAIGHT AND LEVEL,UNKNOWN,UNKNOWN,NOT ON SCENE (DESK REPORT),NO INJURY / DRIVE AWAY,,,Y,$500 OR LESS,07/15/2025 11:10:00 AM,UNABLE TO DETERMINE,UNABLE TO DETERMINE,6430,S,PULASKI RD,813,,,,,,,2,NO INDICATION OF INJURY,0,0,0,0,0,4,0,10,3,7,41.7758649673,-87.7228350524,POINT (-87.722835052387 41.77586496731)