CRASH_RECORD_ID,CRASH_DATE_EST_I,CRASH_DATE,POSTED_SPEED_LIMIT,TRAFFIC_CONTROL_DEVICE,DEVICE_CONDITION,WEATHER_CONDITION,LIGHTING_CONDITION,FIRST_CRASH_TYPE,TRAFFICWAY_TYPE,LANE_CNT,ALIGNMENT,ROADWAY_SURFACE_COND,ROAD_DEFECT,REPORT_TYPE,CRASH_TYPE,INTERSECTION_RELATED_I,NOT_RIGHT_OF_WAY_I,HIT_AND_RUN_I,DAMAGE,DATE_POLICE_NOTIFIED,PRIM_CONTRIBUTORY_CAUSE,SEC_CONTRIBUTORY_CAUSE,STREET_NO,STREET_DIRECTION,STREET_NAME,BEAT_OF_OCCURRENCE,PHOTOS_TAKEN_I,STATEMENTS_TAKEN_I,DOORING_I,WORK_ZONE_I,WORK_ZONE_TYPE,WORKERS_PRESENT_I,NUM_UNITS,MOST_SEVERE_INJURY,INJURIES_TOTAL,INJURIES_FATAL,INJURIES_INCAPACITATING,INJURIES_NON_INCAPACITATING,INJURIES_REPORTED_NOT_EVIDENT,INJURIES_NO_INDICATION,INJURIES_UNKNOWN,CRASH_HOUR,CRASH_DAY_OF_WEEK,CRASH_MONTH,LATITUDE,LONGITUDE,LOCATION
c955773bb30fc5d39263c76e56cfaf4a7f1f3035e1ab9511f8d57db6a80272fdcdd50dcb2551174ac29a4c813fe720983d97d0e6ac11d522c9457780972285c4,,07/15/2025 10:20:00 AM,30,NO CONTROLS,NO CONTROLS,CLEAR,DAYLIGHT,SIDESWIPE SAME DIRECTION,NOT DIVIDED,,STRAIGHT AND LEVEL,DRY,NO DEFECTS,ON SCENE,NO INJURY / DRIVE AWAY,,,Y,"$501 - $1,500",07/15/2025 10:30:00 AM,UNABLE TO DETERMINE,NOT APPLICABLE,1,E,IDA B WELLS DR,123,,,,,,,2,NO INDICATION OF INJURY,0,0,0,0,0,2,0,10,3,7,41.8755304167,-87.6275688835,POINT (-87.627568883512 41.875530416692)
a636b2beff173addf256348ce1dccad1377eace6ebe4ff49ff5b6ab55b77429d4b4cf00da0e4038dd2aa992735f20051c4d88c92df48ef1e0a84cd48306778c5,,07/15/2025 10:15:00 AM,30,STOP SIGN/FLASHER,FUNCTIONING PROPERLY,CLEAR,DAYLIGHT,REAR TO FRONT,NOT DIVIDED,,STRAIGHT AND LEVEL,DRY,NO DEFECTS,ON SCENE,NO INJURY / DRIVE AWAY,,,,"$501 - $1,500",07/15/2025 10:17:00 AM,UNABLE TO DETERMINE,UNABLE TO DETERMINE,713,N,WOOD ST,1215,,,,,,,2,NO INDICATION OF INJURY,0,0,0,0,0,2,0,10,3,7,41.8946278408,-87.6719812897,POINT (-87.671981289723 41.894627840779)
c8b800dd04c17e8d31791b564f3b0a9a08b30cb9f7e874e6227449f993d56c066f881c6882834c77dbf127abf5e1ea5c90bfc4d33d76988e1fa435a15fc9ab19,,07/15/2025 10:15:00 AM,30,TRAFFIC SIGNAL,FUNCTIONING PROPERLY,CLEAR,DAYLIGHT,REAR END,DIVIDED - W/MEDIAN (NOT RAISED),,STRAIGHT AND LEVEL,DRY,NO DEFECTS,ON SCENE,NO INJURY / DRIVE AWAY,,,,"OVER $1,500",07/15/2025 10:17:00 AM,EQUIPMENT - VEHICLE CONDITION,NOT APPLICABLE,5599,W,NORTH AVE,2532,,,,,,,2,NO INDICATION OF INJURY,0,0,0,0,0,5,0,10,3,7,41.9092695337,-87.7656686752,POINT (-87.765668675175 41.909269533701)
b4dec5cd896c7d266b8aacfca9cabeed442fa2e98060848a57cfc4f7d96274d9e486ee1f133c8bd9a37ab1656715392eb0e55fcad31bdfc3523b12de53f4af46,,07/15/2025 10:14:00 AM,30,TRAFFIC SIGNAL,FUNCTIONING PROPERLY,CLEAR,DAYLIGHT,TURNING,FOUR WAY,,STRAIGHT AND LEVEL,DRY,NO DEFECTS,ON SCENE,INJURY AND / OR TOW DUE TO CRASH,Y,,,"OVER $1,500",07/15/2025 10:15:00 AM,IMPROPER OVERTAKING/PASSING,FAILING TO YIELD RIGHT-OF-WAY,4340,N,ELSTON AVE,1722,,,,,,,2,NONINCAPACITATING INJURY,1,0,0,1,0,1,0,10,3,7,41.959589087,-87.7279701438,POINT (-87.727970143775 41.959589087021)
47cf7bc853504cca3f07d8e62fd25c824c99cef9abc5471f66227f0e9a9993162fbab768cc6ab358b1509eead0b150a2377938547eb4bded2232f1e58bb6e844,,07/15/2025 10:13:00 AM,30,NO CONTROLS,NO CONTROLS,CLEAR,DAYLIGHT,TURNING,NOT DIVIDED,,STRAIGHT AND LEVEL,DRY,NO DEFECTS,NOT ON SCENE (DESK REPORT),NO INJURY / DRIVE AWAY,Y,,,"OVER $1,500",07/15/2025 11:50:00 AM,UNABLE TO DETERMINE,NOT APPLICABLE,3357,N,HARLEM AVE,1632,,,,,,,2,NO INDICATION OF INJURY,0,0,0,0,0,2,0,10,3,7,41.9414093061,-87.806721031,POINT (-87.806721030969 41.94140930609)
50202271eb7a60ab334685e1e875e499c55c8887e3e2b95108aa4f4d28c84a13ec969188bd8de68ee80a498ed23670539cbc5f90df5d6d2dd8e3d8a65658ff02,,07/15/2025 10:06:00 AM,30,TRAFFIC SIGNAL,FUNCTIONING PROPERLY,CLEAR,DAYLIGHT,SIDESWIPE SAME DIRECTION,DIVIDED - W/MEDIAN (NOT RAISED),,STRAIGHT AND LEVEL,DRY,NO DEFECTS,NOT ON SCENE (DESK REPORT),NO INJURY / DRIVE AWAY,,,,$500 OR LESS,07/15/2025 10:15:00 AM,UNABLE TO DETERMINE,NOT APPLICABLE,2401,W,IRVING PARK RD,1921,,,,,,,2,NO INDICATION OF INJURY,0,0,0,0,0,2,0,10,3,7,41.9539012093,-87.6885837306,POINT (-87.688583730611 41.953901209347)
123645c07f7bc1dfbf8e4745cd3e7e28b1f3423ae3a8216bdcc9b99683028a7337fcca5766b2c080f22f190beafbd1dc3f56ea4fd63dd5d0aff07d04611fe435,,07/15/2025 10:05:00 AM,35,NO CONTROLS,NO CONTROLS,CLEAR,DAYLIGHT,SIDESWIPE SAME DIRECTION,DIVIDED - W/MEDIAN (NOT RAISED),,STRAIGHT AND LEVEL,DRY,NO DEFECTS,ON SCENE,NO INJURY / DRIVE AWAY,,,,"$501 - $1,500",07/15/2025 10:08:00 AM,UNABLE TO DETERMINE,NOT APPLICABLE,4731,W,MADISON ST,1113,,,,,,,2,NO INDICATION OF INJURY,0,0,0,0,0,4,0,10,3,7,41.8804011805,-87.7440895175,POINT (-87.74408951751 41.880401180545)
0077bd0837b7a6875da8c39712a38107a4e904a6097adb21cb690ff15da4ec8e5fa1c166591667e975196f81c62d2b479f4586c9ff7cfe021effaea0a54826e1,,07/15/2025 10:00:00 AM,30,NO CONTROLS,NO CONTROLS,UNKNOWN,UNKNOWN,PARKED MOTOR VEHICLE,ONE-WAY,,STRAIGHT AND LEVEL,UNKNOWN,NO DEFECTS,NOT ON SCENE (DESK REPORT),NO INJURY / DRIVE AWAY,,,Y,"OVER $1,500",07/16/2025 04:00:00 PM,UNABLE TO DETERMINE,NOT APPLICABLE,522,N,PAULINA ST,1215,,,,,,,2,NO INDICATION OF INJURY,0,0,0,0,0,1,0,10,3,7,41.8916640532,-87.6697450307,POINT (-87.669745030718 41.891664053202)
30cddf448deefe9a174021dcbe6fe48ba182eccce2f4f426f337351270af71b8f4ddfdd05d033ed4202faa765f522cd1fc485bef36bdb459562f37a351fba9f0,Y,07/15/2025 10:00:00 AM,30,NO CONTROLS,NO CONTROLS,UNKNOWN,UNKNOWN,SIDESWIPE SAME DIRECTION,DIVIDED - W/MEDIAN (NOT RAISED),,STRAIGHT AND LEVEL,UNKNOWN,UNKNOWN,ON SCENE,NO INJURY / DRIVE AWAY,,,,"OVER $1,500",07/15/2025 10:10:00 AM,UNABLE TO DETERMINE,NOT APPLICABLE,4013,W,MADISON ST,1115,,,,,,,2,NO INDICATION OF INJURY,0,0,0,0,0,2,0,10,3,7,41.8806087058,-87.7262467827,POINT (-87.726246782662 41.880608705794)
42e1e5d3e3b3b1025a09da56630162b58757ebc5c190a7b6cc1da0c5e998d96bf8d5c5fa88ca7f4d252b1202742527e49cb71d81f3a90b4f5b7989763136a508,,07/15/2025 10:00:00 AM,30,TRAFFIC SIGNAL,FUNCTIONING PROPERLY,CLEAR,DAYLIGHT,TURNING,FOUR WAY,,STRAIGHT AND LEVEL,DRY,NO DEFECTS,ON SCENE,NO INJURY / DRIVE AWAY,,,,"OVER $1,500",07/15/2025 10:02:00 AM,IMPROPER OVERTAKING/PASSING,NOT APPLICABLE,2398,N,OAK PARK AVE,2512,,,,,,,2,NO INDICATION OF INJURY,0,0,0,0,0,2,0,10,3,7,41.92353512,-87.7953823546,POINT (-87.795382354554 41.923535119987)
4e2ce9b04cbec1d4e27c0687711d712219bcd7695828b626ac443504308507947aeaeb775209e520cacf4388e1e532feba5fb2e1d1f5b1f5aebbb08a405ea275,,07/15/2025 10:00:00 AM,30,NO CONTROLS,NO CONTROLS,CLEAR,DAYLIGHT,PARKED MOTOR VEHICLE,DIVIDED - W/MEDIAN (NOT RAISED),,STRAIGHT AND LEVEL,DRY,UNKNOWN,NOT ON SCENE (DESK REPORT),NO INJURY / DRIVE AWAY,,,,"$501 - $1,500",07/15/2025 04:50:00 PM,UNABLE TO DETERMINE,NOT APPLICABLE,2219,W,WABANSIA AVE,1434,Y,,,,,,2,NO INDICATION OF INJURY,0,0,0,0,0,1,0,10,3,7,41.9125283812,-87.6832973875,POINT (-87.683297387539 41.912528381202)
ec8cdf61a2fde9e382611120fc41d72d7c104f96cbc067e845236988db47972063e49a9867cd897b05380674b7622f93514ce546e2b0024c15ac543429d7198f,,07/15/2025 10:00:00 AM,30,NO CONTROLS,NO CONTROLS,CLEAR,DAYLIGHT,PARKED MOTOR VEHICLE,NOT DIVIDED,,STRAIGHT AND LEVEL,DRY,NO DEFECTS,NOT ON SCENE (DESK REPORT),NO INJURY / DRIVE AWAY,,,Y,"OVER $1,500",07/15/2025 06:31:00 PM,NOT APPLICABLE,NOT APPLICABLE,3512,W,84TH ST,834,,,,,,,2,NO INDICATION OF INJURY,0,0,0,0,0,1,0,10,3,7,41.7406491842,-87.7099914857,POINT (-87.709991485747 41.740649184205)
671af13f360805de46aee23877a92acf512c9faff8421c64221e7913a9dab1e23baec9c1f6f2c4f1913de0519a9c684750e02c73bfaaa6bab3f5aa4d126d5952,,07/15/2025 09:49:00 AM,10,NO CONTROLS,NO CONTROLS,CLEAR,DAYLIGHT,FIXED OBJECT,ALLEY,,STRAIGHT AND LEVEL,DRY,NO DEFECTS,ON SCENE,NO INJURY / DRIVE AWAY,,Y,Y,"OVER $1,500",07/15/2025 09:51:00 AM,UNABLE TO DETERMINE,UNABLE TO DETERMINE,5211,S,FRANCISCO AVE,923,,,,,,,1,NO INDICATION OF INJURY,0,0,0,0,0,2,0,9,3,7,41.7987475765,-87.696234543,POINT (-87.696234542998 41.798747576504)
a9e0163ba6c2ebca76fd799e3d294b688ec182d29608f734d8ad623d71a6cc77e25ac17103f5963adc1519623cebe6436e0b906340596994d2f59872f357a2af,,07/15/2025 09:45:00 AM,15,NO CONTROLS,NO CONTROLS,CLEAR,DAYLIGHT,PARKED MOTOR VEHICLE,PARKING LOT,,STRAIGHT AND LEVEL,DRY,NO DEFECTS,NOT ON SCENE (DESK REPORT),NO INJURY / DRIVE AWAY,,,Y,"$501 - $1,500",07/15/2025 06:09:00 PM,IMPROPER LANE USAGE,UNABLE TO DETERMINE,4343,N,CLARENDON AVE,1915,,,,,,,2,NO INDICATION OF INJURY,0,0,0,0,0,1,0,9,3,7,41.9616671369,-87.6497605695,POINT (-87.649760569506 41.961667136856)
aabde83e2d12e904e6e1eddebe94ec0018d04733b8e743463342a300a5e6f313c141150780a963a14eac1522628ee9ae34de31470433386454ca923e2d5d9fdb,,07/15/2025 09:45:00 AM,15,NO CONTROLS,NO CONTROLS,CLEAR,DAYLIGHT,REAR END,NOT DIVIDED,,STRAIGHT AND LEVEL,DRY,NO DEFECTS,NOT ON SCENE (DESK REPORT),NO INJURY / DRIVE AWAY,,,,"$501 - $1,500",07/15/2025 10:00:00 AM,FOLLOWING TOO CLOSELY,IMPROPER LANE USAGE,2452,W,BELMONT AVE,1921,,,,,,,2,NO INDICATION OF INJURY,0,0,0,0,0,2,0,9,3,7,41.9395520781,-87.6899565856,POINT (-87.68995658557 41.939552078133)
7d61180de4c9fbcdc72df9b68bef680ee715642a9512e3203e3ac313381b4275186b1360e5e59344e2782df3ae188e11019fede6e30b3b2d063824929d547fc4,,07/15/2025 09:40:00 AM,10,NO CONTROLS,NO CONTROLS,CLEAR,DAYLIGHT,FIXED OBJECT,NOT DIVIDED,,STRAIGHT AND LEVEL,DRY,NO DEFECTS,NOT ON SCENE (DESK REPORT),NO INJURY / DRIVE AWAY,,Y,,"OVER $1,500",07/15/2025 11:10:00 AM,NOT APPLICABLE,NOT APPLICABLE,2650,S,CALIFORNIA AVE,1033,,,,,,,2,NO INDICATION OF INJURY,0,0,0,0,0,3,0,9,3,7,41.8429959896,-87.6953093057,POINT (-87.695309305721 41.842995989593)
eb4331e4db65e52b9f0f90d5ada4d7ce05ffbb9bc3aa1edd8bac174780468c7b87a284000b7bb50d32a2ba15ae4bfdb98a97474f92a4908f256c4bdadc55f1bc,,07/15/2025 09:33:00 AM,30,TRAFFIC SIGNAL,FUNCTIONING PROPERLY,CLEAR,DAYLIGHT,SIDESWIPE SAME DIRECTION,DIVIDED - W/MEDIAN BARRIER,,STRAIGHT AND LEVEL,DRY,NO DEFECTS,ON SCENE,NO INJURY / DRIVE AWAY,,,,$500 OR LESS,07/15/2025 09:33:00 AM,IMPROPER OVERTAKING/PASSING,"OPERATING VEHICLE IN ERRATIC, RECKLESS, CARELESS, NEGLIGENT OR AGGRESSIVE MANNER",10241,S,HALSTED ST,2232,,,,,,,3,NO INDICATION OF INJURY,0,0,0,0,0,3,0,9,3,7,41.7075184695,-87.642704444,POINT (-87.642704443993 41.70751846952)
4b30aa0adf9249af3e754009e5ef446dda3b6c6cc13c668b387ceffe799447092f949aef8619d8b4c1f89390b958a826c1f9f5dcf2c327493d8132fb6cc388a0,,07/15/2025 09:32:00 AM,30,NO CONTROLS,NO CONTROLS,CLEAR,DAYLIGHT,PARKED MOTOR VEHICLE,ONE-WAY,,STRAIGHT AND LEVEL,DRY,NO DEFECTS,ON SCENE,INJURY AND / OR TOW DUE TO CRASH,,,,"OVER $1,500",07/15/2025 09:37:00 AM,FAILING TO REDUCE SPEED TO AVOID CRASH,UNABLE TO DETERMINE,5642,S,MOODY AVE,811,,,,,,,3,NO INDICATION OF INJURY,0,0,0,0,0,2,0,9,3,7,41.7893450501,-87.7757478489,POINT (-87.775747848885 41.789345050057)
28caece7a70d51db5fe37bf47318da91a5bba3dc457aa2b6f79e9f462bd587cf6c2ecc733f42f59d261d66464fbccdd7fd461a34533b91e98ce5295c3bf7646a,,07/15/2025 09:30:00 AM,25,NO CONTROLS,NO CONTROLS,CLEAR,DAYLIGHT,PARKED MOTOR VEHICLE,ONE-WAY,,STRAIGHT AND LEVEL,DRY,NO DEFECTS,ON SCENE,NO INJURY / DRIVE AWAY,,,,"OVER $1,500",07/15/2025 09:33:00 AM,UNABLE TO DETERMINE,NOT APPLICABLE,5041,W,WINDSOR AVE,1623,,,,,,,2,NO INDICATION OF INJURY,0,0,0,0,0,1,0,9,3,7,41.96326905,-87.7539874323,POINT (-87.75398743229 41.963269050023)
5c890fd0dd4ed1f1cdb670978b5aae89385e018727682077354ed7b0c20485e76e058f13223a727f80d1d6c94b893901701e493fc2d9396af0ba00a5ad2ec7d5,,07/15/2025 09:30:00 AM,30,NO CONTROLS,NO CONTROLS,CLEAR,DAYLIGHT,PARKED MOTOR VEHICLE,ONE-WAY,,STRAIGHT AND LEVEL,DRY,NO DEFECTS,NOT ON SCENE (DESK REPORT),NO INJURY / DRIVE AWAY,,,Y,"$501 - $1,500",07/15/2025 08:40:00 PM,UNABLE TO DETERMINE,UNABLE TO DETERMINE,3648,N,LAKEWOOD AVE,1923,,,,,,,2,NO INDICATION OF INJURY,0,0,0,0,0,1,0,9,3,7,41.9485530422,-87.6617794594,POINT (-87.661779459369 41.948553042151)
a90852ad5a9a3c7352fa13f06f21f923c0b2f23da77e3f190094caee4e31405634cc8af712cb8f3523cd098ce7c96ea24622e939b164bd53dcf496cb2ff77e4e,,07/15/2025 09:20:00 AM,30,TRAFFIC SIGNAL,FUNCTIONING PROPERLY,CLEAR,DAYLIGHT,TURNING,FOUR WAY,,STRAIGHT AND LEVEL,DRY,NO DEFECTS,NOT ON SCENE (DESK REPORT),NO INJURY / DRIVE AWAY,,,Y,$500 OR LESS,07/15/2025 09:50:00 AM,UNABLE TO DETERMINE,UNABLE TO DETERMINE,6700,S,DR MARTIN LUTHER KING JR DR,322,,,,,,,2,NO INDICATION OF INJURY,0,0,0,0,0,2,0,9,3,7,41.7729100339,-87.6155947054,POINT (-87.615594705433 41.772910033936)
fa7b16c462b350a83822cef62dada32208f2e38410153f21fcf93f1d900f81b598025958fff052a2cef01b621dd1d030f2cf478bc400db3bb1560cd3ae929742,,07/15/2025 09:20:00 AM,35,STOP SIGN/FLASHER,FUNCTIONING PROPERLY,CLEAR,DAYLIGHT,PEDESTRIAN,FOUR WAY,,STRAIGHT AND LEVEL,DRY,UNKNOWN,ON SCENE,INJURY AND / OR TOW DUE TO CRASH,Y,,,"OVER $1,500",07/15/2025 09:31:00 AM,FAILING TO YIELD RIGHT-OF-WAY,NOT APPLICABLE,7300,S,SOUTH SHORE DR,334,,,,,,,2,NONINCAPACITATING INJURY,1,0,0,1,0,1,0,9,3,7,41.7639095582,-87.5606414962,POINT (-87.560641496161 41.763909558203)
671a99bb81e2b75a149f7af488705cd7fbfc1f4db58f9fb026f37d9823aa5f3f11a9c8b6ee8bb08abb5469d69f02d817bf611459e06f175961e1f1bd0521d01b,,07/15/2025 09:17:00 AM,15,NO CONTROLS,NO CONTROLS,CLEAR,DAYLIGHT,PARKED MOTOR VEHICLE,OTHER,,STRAIGHT AND LEVEL,DRY,NO DEFECTS,ON SCENE,NO INJURY / DRIVE AWAY,,,,"$501 - $1,500",07/15/2025 09:17:00 AM,NOT APPLICABLE,NOT APPLICABLE,642,N,PULASKI RD,1111,,,,,,,2,NO INDICATION OF INJURY,0,0,0,0,0,1,0,9,3,7,41.8929311028,-87.7261568279,POINT (-87.726156827911 41.892931102846)
3ae2bd7e3ee36d2ba234ffe9f430161e849a2c88156d439c24516c6632387f65aeb63145e5fcca1622f6a6c319e96d78b522409810bbd9bf6a01783e0d805eeb,,07/15/2025 09:16:00 AM,40,TRAFFIC SIGNAL,NO CONTROLS,CLEAR,DAYLIGHT,ANGLE,NOT DIVIDED,,STRAIGHT AND LEVEL,DRY,NO DEFECTS,ON SCENE,INJURY AND / OR TOW DUE TO CRASH,,,,"OVER $1,500",07/15/2025 09:30:00 AM,DISREGARDING TRAFFIC SIGNALS,NOT APPLICABLE,4400,N,MANNHEIM RD,1654,,,,,,,2,NO INDICATION OF INJURY,0,0,0,0,0,2,0,9,3,7,41.9577428306,-87.8843979427,POINT (-87.884397942746 41.957742830616)
1fadb13e5c617aa85281a3a097a0437f336f3bfce0672c0617706e9f36121fb5cc29ca6d26ee2b84bf467ff8e875b1e70fec1d76ef35370cbfb177d837c8eb9b,,07/15/2025 09:15:00 AM,30,NO CONTROLS,NO CONTROLS,CLEAR,DAYLIGHT,PARKED MOTOR VEHICLE,NOT DIVIDED,,STRAIGHT AND LEVEL,DRY,NO DEFECTS,ON SCENE,INJURY AND / OR TOW DUE TO CRASH,,,,"OVER $1,500",07/15/2025 09:22:00 AM,DRIVING SKILLS/KNOWLEDGE/EXPERIENCE,UNABLE TO DETERMINE,5459,S,WOODLAWN AVE,234,,,,,,,3,NO INDICATION OF INJURY,0,0,0,0,0,1,0,9,3,7,41.7962443529,-87.5964226269,POINT (-87.596422626854 41.79624435291)
2899fa22e0a68475ef6e8a36491721d4a57092dd2596a612f7393db542ff0b33a11443a3d87a6f00e2380d4f3d872fe2bb20d4d705c99a900da2a09dad906572,Y,07/15/2025 09:00:00 AM,35,NO CONTROLS,NO CONTROLS,CLEAR,DAYLIGHT,PARKED MOTOR VEHICLE,NOT DIVIDED,,STRAIGHT AND LEVEL,DRY,NO DEFECTS,NOT ON SCENE (DESK REPORT),NO INJURY / DRIVE AWAY,,,,"OVER $1,500",07/15/2025 12:05:00 PM,NOT APPLICABLE,NOT APPLICABLE,3357,W,ARTHINGTON ST,1134,,,,,,,2,NO INDICATION OF INJURY,0,0,0,0,0,1,0,9,3,7,41.8698966255,-87.7104593471,POINT (-87.710459347066 41.86989662554)
44264861f314b557961bae38943679bb9c6cb288d99fdf9f44d576f277c33c321d644d102e651de310a59a20d79ed204bdd1ed81fffae55457a9f0f44484297a,,07/15/2025 09:00:00 AM,30,TRAFFIC SIGNAL,FUNCTIONING PROPERLY,CLEAR,DAYLIGHT,TURNING,"FIVE POINT, OR MORE",,STRAIGHT AND LEVEL,DRY,NO DEFECTS,ON SCENE,INJURY AND / OR TOW DUE TO CRASH,Y,,,"OVER $1,500",07/15/2025 09:10:00 AM,FAILING TO YIELD RIGHT-OF-WAY,IMPROPER TURNING/NO SIGNAL,7900,S,SOUTH CHICAGO AVE,411,,,,,,,2,"REPORTED, NOT EVIDENT",1,0,0,0,1,2,0,9,3,7,41.7513397046,-87.5856322657,POINT (-87.585632265652 41.751339704589)
617a800f2647d66049590d7883994c318361feaeb2616375cb3dea38790a60e2bbb3df33279f04ae3a30f0ddf460bcf33c1836f4438e16942e72be78a31bb8a6,,07/15/2025 09:00:00 AM,25,NO CONTROLS,NO CONTROLS,CLEAR,DAYLIGHT,SIDESWIPE SAME DIRECTION,NOT DIVIDED,,STRAIGHT AND LEVEL,DRY,NO DEFECTS,NOT ON SCENE (DESK REPORT),INJURY AND / OR TOW DUE TO CRASH,,,,"OVER $1,500",07/15/2025 09:00:00 AM,UNABLE TO DETERMINE,NOT APPLICABLE,7141,N,KEDZIE AVE,2411,,,,,,,2,NO INDICATION OF INJURY,0,0,0,0,0,2,0,9,3,7,42.0112767679,-87.7089566768,POINT (-87.708956676772 42.011276767884)
cf51210a30de1f1e8cb12838163411ec5866b4226b369ea7625593e2fa360b1ac810ff5e6393862f4d26979adbb6cc67eedb4f45cb5223afbf341df0207b9629,,07/15/2025 09:00:00 AM,30,NO CONTROLS,NO CONTROLS,CLEAR,DAYLIGHT,REAR END,DIVIDED - W/MEDIAN BARRIER,,STRAIGHT AND LEVEL,DRY,NO DEFECTS,NOT ON SCENE (DESK REPORT),NO INJURY / DRIVE AWAY,,,,"OVER $1,500",07/15/2025 09:40:00 AM,FOLLOWING TOO CLOSELY,NOT APPLICABLE,4850,S,LAKE PARK AVE,222,,,,,,,2,NO INDICATION OF INJURY,0,0,0,0,0,2,0,9,3,7,41.8061955495,-87.5895782827,POINT (-87.589578282732 41.806195549526)
2841ac24d75a4503b969cab1eb7c280d4887607a60dd827877e2d78395ede9beccf8f2c44ba072b94fa41a32c9d7e4c35b35ffac158211f5c5b17283e388294a,,07/15/2025 08:59:00 AM,30,TRAFFIC SIGNAL,UNKNOWN,CLEAR,DAYLIGHT,TURNING,DIVIDED - W/MEDIAN BARRIER,,STRAIGHT AND LEVEL,DRY,UNKNOWN,NOT ON SCENE (DESK REPORT),NO INJURY / DRIVE AWAY,Y,,,"OVER $1,500",07/15/2025 10:00:00 AM,DRIVING SKILLS/KNOWLEDGE/EXPERIENCE,NOT APPLICABLE,131,W,CERMAK RD,914,,,,,,,2,NO INDICATION OF INJURY,0,0,0,0,0,2,0,8,3,7,41.8527591861,-87.6307484567,POINT (-87.630748456734 41.852759186087)
f26ccc668cd88354549cec92fcfa9356f911e83b63b234cb2ef6d6aea1b545eb5e5501d1dd6009822b3c94969c88a3511cdd0725c1a599d3469fbd27478c5f4f,Y,07/15/2025 08:54:00 AM,30,NO CONTROLS,NO CONTROLS,CLEAR,DAYLIGHT,PARKED MOTOR VEHICLE,DIVIDED - W/MEDIAN (NOT RAISED),,STRAIGHT AND LEVEL,DRY,UNKNOWN,ON SCENE,INJURY AND / OR TOW DUE TO CRASH,,,,"$501 - $1,500",07/15/2025 08:54:00 AM,NOT APPLICABLE,NOT APPLICABLE,3066,E,92ND ST,424,,,,,,,2,NO INDICATION OF INJURY,0,0,0,0,0,1,0,8,3,7,41.7283849576,-87.5486002177,POINT (-87.548600217662 41.728384957627)
56bf8800daf14a1a45a18b3b90e70f0ce67f0415cb20659aeb5a08be027708ac218d8920264e353711b969ed2a484c2a9430514e8ff1f64a7d55417aa5295d6b,,07/15/2025 08:48:00 AM,30,TRAFFIC SIGNAL,FUNCTIONING PROPERLY,CLEAR,DAYLIGHT,PEDALCYCLIST,FOUR WAY,,STRAIGHT AND LEVEL,DRY,NO DEFECTS,ON SCENE,INJURY AND / OR TOW DUE TO CRASH,Y,,,"OVER $1,500",07/15/2025 08:54:00 AM,FAILING TO YIELD RIGHT-OF-WAY,DRIVING SKILLS/KNOWLEDGE/EXPERIENCE,2400,W,35TH ST,911,,,,,,,2,NONINCAPACITATING INJURY,1,0,0,1,0,2,0,8,3,7,41.8303903161,-87.6850999234,POINT (-87.685099923426 41.830390316125)
39d9428ae036a9c94a5f6f499ac9bfe1bdfe514189365e71404edd99e67adf50b0d7ef5a405b17fa4486ab58fde0b50109b43067d371fcc455fd8f5680574fb5,,07/15/2025 08:45:00 AM,25,UNKNOWN,UNKNOWN,CLEAR,DAYLIGHT,ANGLE,CENTER TURN LANE,,STRAIGHT AND LEVEL,DRY,UNKNOWN,NOT ON SCENE (DESK REPORT),NO INJURY / DRIVE AWAY,,,,"OVER $1,500",07/15/2025 10:00:00 AM,DRIVING SKILLS/KNOWLEDGE/EXPERIENCE,IMPROPER LANE USAGE,3316,N,ASHLAND AVE,1922,,,,,,,2,NO INDICATION OF INJURY,0,0,0,0,0,2,0,8,3,7,41.9420283127,-87.6688740213,POINT (-87.668874021327 41.942028312738)
6d45216279109279fd24389aca0e1245258a4d6bbadad7770fc06df780620a9df22ebe319f4035629277db04daeb0ff732ebe631ff07023d56bdeee2959dada3,,07/15/2025 08:45:00 AM,30,NO CONTROLS,NO CONTROLS,CLEAR,DAYLIGHT,SIDESWIPE SAME DIRECTION,DIVIDED - W/MEDIAN (NOT RAISED),,STRAIGHT AND LEVEL,DRY,NO DEFECTS,NOT ON SCENE (DESK REPORT),NO INJURY / DRIVE AWAY,,,Y,"OVER $1,500",07/15/2025 09:40:00 AM,UNABLE TO DETERMINE,UNABLE TO DETERMINE,8529,S,HALSTED ST,622,,,,,,,2,NO INDICATION OF INJURY,0,0,0,0,0,2,0,8,3,7,41.7388776332,-87.6435552999,POINT (-87.643555299906 41.738877633238)
6f7ae651b9caa8aae7ba446aea3e0aaff276b779b2c682811d5e2d6eb7a9baee858c19e9445576a4aa8ef8272bd89c006d62a4a88dcd398d42870b0f0000700b,,07/15/2025 08:45:00 AM,30,NO CONTROLS,NO CONTROLS,CLEAR,DAYLIGHT,FIXED OBJECT,NOT DIVIDED,,STRAIGHT AND LEVEL,DRY,NO DEFECTS,ON SCENE,NO INJURY / DRIVE AWAY,,,,"OVER $1,500",07/15/2025 08:45:00 AM,NOT APPLICABLE,ROAD ENGINEERING/SURFACE/MARKING DEFECTS,8350,S,JEFFERY BLVD,412,,,,,,,1,NO INDICATION OF INJURY,0,0,0,0,0,2,0,8,3,7,41.7428286005,-87.5759672493,POINT (-87.575967249255 41.742828600454)
bd14be14ef811a86e7361b82ade326a3a20b35c3bf758c46751069e6d63332085b19198b2363ea36df4c1dc13afd3718b8c1016adf27bf1f2903b278adf340de,,07/15/2025 08:41:00 AM,30,UNKNOWN,UNKNOWN,CLEAR,DAYLIGHT,ANGLE,NOT DIVIDED,,STRAIGHT AND LEVEL,DRY,UNKNOWN,ON SCENE,INJURY AND / OR TOW DUE TO CRASH,Y,,,"OVER $1,500",07/15/2025 08:41:00 AM,DISREGARDING YIELD SIGN,NOT APPLICABLE,7100,S,STATE ST,323,,,,,,,3,NONINCAPACITATING INJURY,3,0,0,3,0,4,0,8,3,7,41.7653936078,-87.625050475,POINT (-87.625050475006 41.765393607783)