CRASH_RECORD_ID,CRASH_DATE_EST_I,CRASH_DATE,POSTED_SPEED_LIMIT,TRAFFIC_CONTROL_DEVICE,DEVICE_CONDITION,WEATHER_CONDITION,LIGHTING_CONDITION,FIRST_CRASH_TYPE,TRAFFICWAY_TYPE,LANE_CNT,ALIGNMENT,ROADWAY_SURFACE_COND,ROAD_DEFECT,REPORT_TYPE,CRASH_TYPE,INTERSECTION_RELATED_I,NOT_RIGHT_OF_WAY_I,HIT_AND_RUN_I,DAMAGE,DATE_POLICE_NOTIFIED,PRIM_CONTRIBUTORY_CAUSE,SEC_CONTRIBUTORY_CAUSE,STREET_NO,STREET_DIRECTION,STREET_NAME,BEAT_OF_OCCURRENCE,PHOTOS_TAKEN_I,STATEMENTS_TAKEN_I,DOORING_I,WORK_ZONE_I,WORK_ZONE_TYPE,WORKERS_PRESENT_I,NUM_UNITS,MOST_SEVERE_INJURY,INJURIES_TOTAL,INJURIES_FATAL,INJURIES_INCAPACITATING,INJURIES_NON_INCAPACITATING,INJURIES_REPORTED_NOT_EVIDENT,INJURIES_NO_INDICATION,INJURIES_UNKNOWN,CRASH_HOUR,CRASH_DAY_OF_WEEK,CRASH_MONTH,LATITUDE,LONGITUDE,LOCATION
c4d594c54ac69f24c2ae9924fe562f5bc436e4538685e36161e4235c0813738c5c840adc09dc3a11bd6de58f62e02ae8d5ea7b70b94ebaf582697b3dc5fe6ed7,,07/15/2025 08:40:00 AM,30,TRAFFIC SIGNAL,FUNCTIONING PROPERLY,CLEAR,DAYLIGHT,SIDESWIPE SAME DIRECTION,NOT DIVIDED,,STRAIGHT AND LEVEL,DRY,NO DEFECTS,ON SCENE,NO INJURY / DRIVE AWAY,,,,"OVER $1,500",07/15/2025 08:48:00 AM,UNABLE TO DETERMINE,UNABLE TO DETERMINE,543,W,BELMONT AVE,1934,,Y,,,,,2,NO INDICATION OF INJURY,0,0,0,0,0,2,0,8,3,7,41.939949414,-87.6436377932,POINT (-87.643637793224 41.939949414017)
66f80cc35f38591809cd240c34a14204ed34d871663904e61a9b2ed49a7052f78fe24966fd3ffeee8a3a15f38d68f9f5328b61e06d83b12eff8b413940ceec3b,,07/15/2025 08:33:00 AM,30,NO CONTROLS,NO CONTROLS,CLEAR,DAYLIGHT,REAR END,ONE-WAY,,STRAIGHT AND LEVEL,DRY,NO DEFECTS,ON SCENE,NO INJURY / DRIVE AWAY,,,,"OVER $1,500",07/15/2025 09:34:00 AM,FOLLOWING TOO CLOSELY,DRIVING SKILLS/KNOWLEDGE/EXPERIENCE,350,W,JACKSON BLVD,122,,,,,,,2,NO INDICATION OF INJURY,0,0,0,0,0,2,0,8,3,7,41.8781950764,-87.6366005783,POINT (-87.636600578326 41.878195076425)
e5555a46db98d28a99ccc5df9dd24f14d985d0d85915bc44d2d6e825b28bd42413989abd3ea3b503b140459721bded34ebbd85d2735e4465a5d78a6ae5aaedf2,,07/15/2025 08:32:00 AM,30,TRAFFIC SIGNAL,FUNCTIONING PROPERLY,CLEAR,DAYLIGHT,OTHER NONCOLLISION,DIVIDED - W/MEDIAN BARRIER,,STRAIGHT AND LEVEL,DRY,NO DEFECTS,NOT ON SCENE (DESK REPORT),NO INJURY / DRIVE AWAY,,,,"OVER $1,500",07/15/2025 09:00:00 AM,UNABLE TO DETERMINE,UNABLE TO DETERMINE,258,W,87TH ST,622,,,,,,,1,NO INDICATION OF INJURY,0,0,0,0,0,1,0,8,3,7,41.7361351869,-87.6305070258,POINT (-87.630507025821 41.7361351869)
32a7266eff0422412b9b33fabb5be422b9e8a50ae35d029756a5edbbc12af582a890881e6341bf56705109467b4d1ad4415c501290ceb22ddf367ed48bc8e84f,,07/15/2025 08:30:00 AM,30,STOP SIGN/FLASHER,UNKNOWN,CLEAR,DAYLIGHT,ANGLE,DIVIDED - W/MEDIAN (NOT RAISED),,STRAIGHT AND LEVEL,DRY,NO DEFECTS,NOT ON SCENE (DESK REPORT),NO INJURY / DRIVE AWAY,Y,,Y,"OVER $1,500",07/15/2025 10:41:00 AM,FAILING TO YIELD RIGHT-OF-WAY,NOT APPLICABLE,100,W,MARQUETTE RD,722,,,,,,,2,NO INDICATION OF INJURY,0,0,0,0,0,2,0,8,3,7,41.7728178324,-87.6275913999,POINT (-87.627591399853 41.772817832432)
9ef1a63a0150c11a4d2441f0078d70e025eddf350378aa0cb4e8fc486b67e326b1c7880c9a43f179faa1506dc34d200b1e7f3b9b0499bac7ea22b6b729643032,,07/15/2025 08:30:00 AM,30,TRAFFIC SIGNAL,FUNCTIONING PROPERLY,CLEAR,DAYLIGHT,SIDESWIPE SAME DIRECTION,FOUR WAY,,STRAIGHT AND LEVEL,DRY,NO DEFECTS,NOT ON SCENE (DESK REPORT),NO INJURY / DRIVE AWAY,Y,,,"OVER $1,500",07/15/2025 08:50:00 AM,IMPROPER OVERTAKING/PASSING,NOT APPLICABLE,1004,W,63RD ST,712,,,,,,,2,NO INDICATION OF INJURY,0,0,0,0,0,2,0,8,3,7,41.779784941,-87.649885369,POINT (-87.649885368975 41.779784940987)
e5a23eaf11a71f6ab78ec204b66a61831154c60c78b9d78ff1367a29d1a8558f0c8db1b2dc64b9354ca8c7b633029d4e911e8d11b1252269280be81e51c6035a,,07/15/2025 08:30:00 AM,30,NO CONTROLS,NO CONTROLS,CLEAR,DAYLIGHT,SIDESWIPE SAME DIRECTION,NOT DIVIDED,,STRAIGHT AND LEVEL,DRY,NO DEFECTS,NOT ON SCENE (DESK REPORT),NO INJURY / DRIVE AWAY,,,,$500 OR LESS,07/15/2025 09:00:00 AM,FAILING TO YIELD RIGHT-OF-WAY,NOT APPLICABLE,5047,N,KENNISON AVE,1712,,,,,,,2,NO INDICATION OF INJURY,0,0,0,0,0,2,0,8,3,7,41.9729357741,-87.7419570364,POINT (-87.741957036446 41.972935774053)
492d11f8612a32498abf2dc9f488db3c8c44ac674a131767aa6b6006d86cf6a1634ebb62603d55eec41502753b56aa98d7e64f40ba67839b1034af3bda989a0d,,07/15/2025 08:25:00 AM,30,TRAFFIC SIGNAL,FUNCTIONING PROPERLY,CLEAR,DAYLIGHT,ANGLE,NOT REPORTED,,STRAIGHT AND LEVEL,DRY,UNKNOWN,ON SCENE,INJURY AND / OR TOW DUE TO CRASH,Y,,,"OVER $1,500",07/15/2025 08:26:00 AM,DISREGARDING TRAFFIC SIGNALS,UNABLE TO DETERMINE,6131,N,ELSTON AVE,1611,,,,,,,2,NO INDICATION OF INJURY,0,0,0,0,0,3,0,8,3,7,41.9922270967,-87.7820111199,POINT (-87.7820111199 41.992227096707)
3fbfeaf67cbbbccf8c34917d5c6db3b560db43e1372cc812ddbb812e2014f0e1d36e09dae400ce902750bbf32d1361d551e83cb52b630ecebd6f4d977c64e2b6,,07/15/2025 08:23:00 AM,30,NO CONTROLS,NO CONTROLS,UNKNOWN,UNKNOWN,PARKED MOTOR VEHICLE,NOT DIVIDED,,STRAIGHT AND LEVEL,DRY,NO DEFECTS,NOT ON SCENE (DESK REPORT),NO INJURY / DRIVE AWAY,,,,"OVER $1,500",07/19/2025 02:30:00 PM,UNABLE TO DETERMINE,NOT APPLICABLE,833,W,15TH PL,1232,,,,,,,2,NO INDICATION OF INJURY,0,0,0,0,0,1,0,8,3,7,41.8608946269,-87.6478827418,POINT (-87.647882741773 41.860894626886)
bdb5405f6c01af0f594b755889f92a91a68bdd91a2df0f63ab5c122fbb4d5d5c38db22f3b719ee4bafe2fee3f5773ac78cb9e4aec8cdbba76368c824cd26879e,,07/15/2025 08:20:00 AM,30,TRAFFIC SIGNAL,FUNCTIONING PROPERLY,CLEAR,DAYLIGHT,TURNING,FOUR WAY,,STRAIGHT AND LEVEL,DRY,UNKNOWN,NOT ON SCENE (DESK REPORT),NO INJURY / DRIVE AWAY,Y,,,"OVER $1,500",07/15/2025 11:10:00 AM,IMPROPER LANE USAGE,UNABLE TO DETERMINE,2600,S,WESTERN AVE,1034,,,,,,,2,NO INDICATION OF INJURY,0,0,0,0,0,2,0,8,3,7,41.8448203764,-87.6855931141,POINT (-87.685593114094 41.84482037639)
a11966b4cca0d9a2a84e93929bdaa94da125996dc93593fecb7bc049b2f7072bde29dcdc534f17cd8e046d3ab76c96f1f94e6b92c838b486874b785f15f429b0,,07/15/2025 08:15:00 AM,30,TRAFFIC SIGNAL,FUNCTIONING PROPERLY,CLEAR,DAYLIGHT,TURNING,NOT DIVIDED,,STRAIGHT AND LEVEL,DRY,NO DEFECTS,ON SCENE,NO INJURY / DRIVE AWAY,Y,,,$500 OR LESS,07/15/2025 08:42:00 AM,FOLLOWING TOO CLOSELY,UNABLE TO DETERMINE,1711,W,PETERSON AVE,2012,,,,,,,2,NO INDICATION OF INJURY,0,0,0,0,0,3,0,8,3,7,41.990670826,-87.6721359604,POINT (-87.672135960369 41.990670826023)
0baf9df19ef5e408b3f62b0db99d5d191e0516c4749237cc599c4130c6fb3098bb47ba6cb2a3f6fc1047fb8f37e2923e81e534b0ea4564c7001c412f574215e2,Y,07/15/2025 08:00:00 AM,35,NO CONTROLS,NO CONTROLS,CLEAR,DAWN,PARKED MOTOR VEHICLE,NOT DIVIDED,,STRAIGHT AND LEVEL,DRY,NO DEFECTS,NOT ON SCENE (DESK REPORT),NO INJURY / DRIVE AWAY,,,Y,"OVER $1,500",07/15/2025 10:50:00 AM,UNABLE TO DETERMINE,NOT APPLICABLE,825,E,52ND ST,233,,,,,,,2,NO INDICATION OF INJURY,0,0,0,0,0,1,0,8,3,7,41.8003395905,-87.6052994801,POINT (-87.60529948006 41.800339590523)
b940a83a52ac66bbbc8027ddbbaadd76b3028632a4b30310cdb22cbfe4716355e3a727695640d068e27b1406753d5dfc40201938d3ecc0ee9c7011fc0df394ab,,07/15/2025 08:00:00 AM,30,NO CONTROLS,NO CONTROLS,CLEAR,DAYLIGHT,SIDESWIPE SAME DIRECTION,PARKING LOT,,STRAIGHT AND LEVEL,DRY,UNKNOWN,NOT ON SCENE (DESK REPORT),NO INJURY / DRIVE AWAY,,,Y,"OVER $1,500",07/15/2025 09:00:00 AM,UNABLE TO DETERMINE,UNABLE TO DETERMINE,5203,W,CHICAGO AVE,1524,,,,,,,2,NO INDICATION OF INJURY,0,0,0,0,0,2,0,8,3,7,41.8948223097,-87.7557468633,POINT (-87.755746863342 41.894822309693)
e077c6179e2c75c3c6190959d690080241d138614e50a24f126e68bc90d1af3682ce52625a875b34e858576ff372af2f0610769a8fd41ea7854ef9651f39c0b2,,07/15/2025 07:57:00 AM,30,NO CONTROLS,NO CONTROLS,CLEAR,DAYLIGHT,PARKED MOTOR VEHICLE,ONE-WAY,,STRAIGHT AND LEVEL,DRY,NO DEFECTS,NOT ON SCENE (DESK REPORT),NO INJURY / DRIVE AWAY,,,Y,"$501 - $1,500",07/15/2025 08:40:00 AM,UNABLE TO DETERMINE,NOT APPLICABLE,2524,W,45TH ST,922,,,,,,,2,NO INDICATION OF INJURY,0,0,0,0,0,1,0,7,3,7,41.8121257099,-87.6880084926,POINT (-87.688008492646 41.812125709895)
e6ad66cf7fa7dd7014349575df70a82d81bffdceb04bce83f3f3469f00acb72ce13d899e77ea4b2ddd606aee38475612639bf32e528f2bfe0ad0fb6c62f5f772,,07/15/2025 07:55:00 AM,30,TRAFFIC SIGNAL,FUNCTIONING PROPERLY,CLEAR,DAYLIGHT,REAR END,FOUR WAY,,STRAIGHT AND LEVEL,DRY,NO DEFECTS,,NO INJURY / DRIVE AWAY,,,,"OVER $1,500",07/15/2025 08:30:00 AM,UNABLE TO DETERMINE,NOT APPLICABLE,5556,W,GRAND AVE,2515,,,,,,,2,NO INDICATION OF INJURY,0,0,0,0,0,2,0,7,3,7,41.9188429689,-87.7656216833,POINT (-87.765621683278 41.918842968856)
c0a20007c7dfa0fd267492b3efed328dd0b00c43dc13521c4414a5c3614f78454e1543f5bd550b26329623bdf58863955848297aed0ee80021246d72828e7161,,07/15/2025 07:45:00 AM,30,NO CONTROLS,NO CONTROLS,CLEAR,DAYLIGHT,PARKED MOTOR VEHICLE,ALLEY,,STRAIGHT AND LEVEL,DRY,UNKNOWN,ON SCENE,NO INJURY / DRIVE AWAY,,,,"OVER $1,500",07/15/2025 08:05:00 AM,UNABLE TO DETERMINE,UNABLE TO DETERMINE,5847,S,CALIFORNIA AVE,824,,,,,,,2,NO INDICATION OF INJURY,0,0,0,0,0,2,0,7,3,7,41.7868394473,-87.6934590604,POINT (-87.693459060354 41.786839447344)
37c255e07433df39f0675c9868e4d33c0df2705a2ba3d330c217f791365ffbbe7086162582cdb9652a4f3e9e17005d3c18317db21bb20241dd89a6d990d4fcb1,,07/15/2025 07:40:00 AM,15,NO CONTROLS,NO CONTROLS,CLEAR,DAWN,ANGLE,NOT DIVIDED,,STRAIGHT AND LEVEL,DRY,NO DEFECTS,NOT ON SCENE (DESK REPORT),NO INJURY / DRIVE AWAY,,,,"OVER $1,500",07/15/2025 07:00:00 PM,FAILING TO YIELD RIGHT-OF-WAY,NOT APPLICABLE,3617,W,50TH PL,821,,,,,,,2,NO INDICATION OF INJURY,0,0,0,0,0,2,0,7,3,7,41.8011044768,-87.714664188,POINT (-87.714664187979 41.801104476821)
f93050e498d617bc5180acafff00a65015bddab31e50e01ce2322e35ff415d426e5c73c00b4a4f42ce3551d27d95cdc30ba100863da693ab7d144ff6c7ffce4d,,07/15/2025 07:30:00 AM,30,NO CONTROLS,NO CONTROLS,CLEAR,DAYLIGHT,SIDESWIPE SAME DIRECTION,NOT DIVIDED,,STRAIGHT AND LEVEL,DRY,NO DEFECTS,NOT ON SCENE (DESK REPORT),NO INJURY / DRIVE AWAY,,,,"OVER $1,500",07/15/2025 07:20:00 PM,UNABLE TO DETERMINE,UNABLE TO DETERMINE,3947,S,DR MARTIN LUTHER KING JR DR,214,,,,,,,2,NO INDICATION OF INJURY,0,0,0,0,0,2,0,7,3,7,41.8225478573,-87.6168156184,POINT (-87.616815618375 41.8225478573)
2a6c1cdad0a8907677e0df426c9ed65f3603439a1d275c3c5e4f269ed68ed060083fdb32210fe11df2e0afc0356314466a5f3d7c7a8740724b57bfe91cebe094,,07/15/2025 07:28:00 AM,30,UNKNOWN,UNKNOWN,UNKNOWN,UNKNOWN,SIDESWIPE SAME DIRECTION,NOT DIVIDED,,STRAIGHT AND LEVEL,UNKNOWN,UNKNOWN,NOT ON SCENE (DESK REPORT),NO INJURY / DRIVE AWAY,,,Y,"OVER $1,500",07/15/2025 04:30:00 PM,FAILING TO YIELD RIGHT-OF-WAY,NOT APPLICABLE,6632,N,SHERIDAN RD,2432,,,,,,,2,NO INDICATION OF INJURY,0,0,0,0,0,2,0,7,3,7,42.0034919514,-87.660961379,POINT (-87.660961378956 42.003491951427)
b597addac3f1e4130ec3bd99f7acfa5477e68b6fff2d275e3de48c2abb8711a2d05a089723c9c4f3b2b8018e0d1da6f3cfe457c203065ffb962033181dee86d3,,07/15/2025 07:25:00 AM,25,NO CONTROLS,NO CONTROLS,CLEAR,DAYLIGHT,SIDESWIPE OPPOSITE DIRECTION,NOT DIVIDED,,STRAIGHT AND LEVEL,DRY,NO DEFECTS,NOT ON SCENE (DESK REPORT),NO INJURY / DRIVE AWAY,,,,"OVER $1,500",07/15/2025 08:30:00 AM,DRIVING SKILLS/KNOWLEDGE/EXPERIENCE,DRIVING SKILLS/KNOWLEDGE/EXPERIENCE,8402,S,EAST END AVE,412,Y,Y,,,,,2,NO INDICATION OF INJURY,0,0,0,0,0,2,0,7,3,7,41.7423084987,-87.5830142596,POINT (-87.583014259622 41.742308498672)
4f90f1edef71fd1485c01ab845a0d514447191b0e54e1912d76ffc20d64864e9d1e26604614ada4c9013193d2b8d44e6dcf8ac834c48abe7d7e89b1e09bd6643,,07/15/2025 07:10:00 AM,30,TRAFFIC SIGNAL,FUNCTIONING PROPERLY,CLEAR,DAYLIGHT,TURNING,DIVIDED - W/MEDIAN (NOT RAISED),,STRAIGHT AND LEVEL,DRY,NO DEFECTS,ON SCENE,INJURY AND / OR TOW DUE TO CRASH,Y,,,"OVER $1,500",07/15/2025 07:16:00 AM,DISREGARDING YIELD SIGN,NOT APPLICABLE,1800,W,ROOSEVELT RD,1231,,,,,,,2,"REPORTED, NOT EVIDENT",3,0,0,0,3,0,0,7,3,7,41.8669317531,-87.6714711072,POINT (-87.671471107231 41.86693175309)
603bb42cabf3bd0c5b0a54cec3d2bc4642fcd3226344712772a6d3d63976da6e727548c0f568599015833530661b5973d0531f1b9a22df526dfc836345d4175a,Y,07/15/2025 07:00:00 AM,30,NO CONTROLS,NO CONTROLS,UNKNOWN,UNKNOWN,PARKED MOTOR VEHICLE,DIVIDED - W/MEDIAN (NOT RAISED),,STRAIGHT AND LEVEL,UNKNOWN,UNKNOWN,ON SCENE,NO INJURY / DRIVE AWAY,,,Y,"$501 - $1,500",07/15/2025 09:16:00 AM,UNABLE TO DETERMINE,UNABLE TO DETERMINE,3044,W,47TH ST,922,,,,,,,2,NO INDICATION OF INJURY,0,0,0,0,0,1,0,7,3,7,41.8082823418,-87.70084957,POINT (-87.700849570024 41.808282341831)
ba164a47b433638727a0a39f3955669597cfd173139266057f7fe9c470f100b742715e6f0bbd53f59102963d8e66b29525f07e1db6f72739a7de5ba21a3aba5b,,07/15/2025 07:00:00 AM,25,UNKNOWN,UNKNOWN,CLEAR,DAYLIGHT,SIDESWIPE SAME DIRECTION,NOT DIVIDED,,STRAIGHT AND LEVEL,DRY,UNKNOWN,NOT ON SCENE (DESK REPORT),NO INJURY / DRIVE AWAY,,,,"OVER $1,500",07/15/2025 07:45:00 AM,DRIVING SKILLS/KNOWLEDGE/EXPERIENCE,DISTRACTION - FROM OUTSIDE VEHICLE,2053,W,BALMORAL AVE,2012,,,,,,,2,NO INDICATION OF INJURY,0,0,0,0,0,2,0,7,3,7,41.9795273899,-87.6816094108,POINT (-87.681609410838 41.979527389935)
8d974981dd87d5cf19c4ac4e4f65d43b2c4c140ad16f8e2efd15a7eca14ca56e79e395daeee0015a4ee160747276892011e5ea017ee5697963edeee589f6c3d0,,07/15/2025 06:57:00 AM,30,NO CONTROLS,NO CONTROLS,CLEAR,DAYLIGHT,TURNING,NOT DIVIDED,,STRAIGHT AND LEVEL,DRY,NO DEFECTS,ON SCENE,NO INJURY / DRIVE AWAY,,,,"$501 - $1,500",07/15/2025 06:57:00 AM,UNABLE TO DETERMINE,NOT APPLICABLE,4343,W,OHIO ST,1111,,,,,,,2,NO INDICATION OF INJURY,0,0,0,0,0,5,0,6,3,7,41.8913234975,-87.7349846654,POINT (-87.734984665379 41.891323497513)
7c40d66c37f1a8d5665de20e15987df3eb24b01f7d43f6ab4dcc2c2c2b0ef728d9b948d8586cbb626a6d6fff7ad0d2a1313fa5f614373cbfafa86c5b93a089aa,,07/15/2025 06:45:00 AM,30,NO CONTROLS,NO CONTROLS,CLEAR,DAYLIGHT,ANGLE,NOT DIVIDED,,STRAIGHT AND LEVEL,DRY,NO DEFECTS,NOT ON SCENE (DESK REPORT),NO INJURY / DRIVE AWAY,,,Y,$500 OR LESS,07/15/2025 07:15:00 AM,NOT APPLICABLE,NOT APPLICABLE,2460,W,ARMITAGE AVE,1431,,,,,,,2,NO INDICATION OF INJURY,0,0,0,0,0,3,0,6,3,7,41.9176663805,-87.6895524171,POINT (-87.689552417069 41.917666380471)
99a2bc3d81df9db5dddd8b99fa6124393d89382376afeeca1cb14c3de5831066dc573478ed4bab7f395e1d0fa0feb7b935e42fb8d1597e1e616ad1433981344b,,07/15/2025 06:31:00 AM,30,TRAFFIC SIGNAL,FUNCTIONING PROPERLY,CLEAR,DAYLIGHT,REAR END,NOT DIVIDED,,STRAIGHT AND LEVEL,DRY,NO DEFECTS,NOT ON SCENE (DESK REPORT),NO INJURY / DRIVE AWAY,Y,,,"OVER $1,500",07/15/2025 08:15:00 AM,FOLLOWING TOO CLOSELY,FOLLOWING TOO CLOSELY,6700,S,ASHLAND AVE,725,,,,,,,2,NO INDICATION OF INJURY,0,0,0,0,0,4,0,6,3,7,41.7720982328,-87.6641646176,POINT (-87.664164617596 41.77209823278)
c2b3af06bce2d7fb06648f00ce447f452e216d1c67cccaa30655336aa6873229551bc36b9721d9c4811db89ad0cc8b37fbddd62e2e15242d1828a8556e5d028f,,07/15/2025 06:15:00 AM,30,NO CONTROLS,NO CONTROLS,CLEAR,UNKNOWN,PARKED MOTOR VEHICLE,ONE-WAY,,STRAIGHT AND LEVEL,DRY,NO DEFECTS,NOT ON SCENE (DESK REPORT),NO INJURY / DRIVE AWAY,,,Y,"OVER $1,500",07/15/2025 02:10:00 PM,NOT APPLICABLE,NOT APPLICABLE,2731,W,12TH PL,1023,,,,,,,2,NO INDICATION OF INJURY,0,0,0,0,0,1,0,6,3,7,41.8655075002,-87.6945530669,POINT (-87.69455306686 41.865507500158)
3da0ea7d19c6f8f6bc75e57adc4e8bf5436d5f0e234ffd51f272c6fa90bbaf6fd868682c344fde1fa542e87f22c8c39012abfa9bc8d6e071876b901eb53355d1,,07/15/2025 06:12:00 AM,30,NO CONTROLS,NO CONTROLS,CLEAR,UNKNOWN,PARKED MOTOR VEHICLE,ONE-WAY,,STRAIGHT AND LEVEL,DRY,NO DEFECTS,,NO INJURY / DRIVE AWAY,,,,$500 OR LESS,07/15/2025 06:46:00 AM,DRIVING SKILLS/KNOWLEDGE/EXPERIENCE,NOT APPLICABLE,2002,W,SUPERIOR ST,1221,,,,,,,2,NO INDICATION OF INJURY,0,0,0,0,0,1,0,6,3,7,41.8949066416,-87.6772195693,POINT (-87.677219569284 41.894906641622)
58fe051edce01fbe8307f5de909a510128c59aa467684dfd6da2fa6e773540a9a1e69769876164db8129b10e1c163faa7b85cb763fcddc1371dc46fd21b42077,,07/15/2025 05:25:00 AM,30,NO CONTROLS,NO CONTROLS,CLEAR,DAYLIGHT,SIDESWIPE SAME DIRECTION,NOT DIVIDED,,STRAIGHT AND LEVEL,DRY,NO DEFECTS,NOT ON SCENE (DESK REPORT),NO INJURY / DRIVE AWAY,,,,"OVER $1,500",07/15/2025 05:30:00 AM,FAILING TO YIELD RIGHT-OF-WAY,NOT APPLICABLE,3,W,TERMINAL ST,1653,,,,,,,2,NO INDICATION OF INJURY,0,0,0,0,0,2,0,5,3,7,,,
9b3fa24c01e6f7b20c99414ccd7d57ce4bd4005b34e23b0fd245aa6c599d0978bb8de8614caf603078feee4cf53ed4929970af0fa42a211f59eaebe2f7f25c50,,07/15/2025 05:00:00 AM,30,NO CONTROLS,NO CONTROLS,CLEAR,DARKNESS,PARKED MOTOR VEHICLE,DIVIDED - W/MEDIAN (NOT RAISED),,STRAIGHT AND LEVEL,DRY,NO DEFECTS,ON SCENE,INJURY AND / OR TOW DUE TO CRASH,,N,Y,"OVER $1,500",07/15/2025 05:14:00 AM,IMPROPER LANE USAGE,IMPROPER LANE USAGE,5040,W,DIVERSEY AVE,2521,,,,,,,2,NO INDICATION OF INJURY,0,0,0,0,0,1,0,5,3,7,41.9315541578,-87.7531543681,POINT (-87.753154368133 41.931554157766)
2bbb42821e762abc914302bdbd42641564900a81406bc80d4c863d2ed8cdc7df16de2f5083b31424d0a5a4fb85ce09f67ef0647855fbb1c3723bf3e3861e0659,,07/15/2025 04:34:00 AM,30,UNKNOWN,UNKNOWN,CLEAR,DUSK,FIXED OBJECT,DIVIDED - W/MEDIAN BARRIER,,STRAIGHT AND LEVEL,DRY,NO DEFECTS,ON SCENE,INJURY AND / OR TOW DUE TO CRASH,,Y,,"OVER $1,500",07/15/2025 04:38:00 AM,UNABLE TO DETERMINE,UNABLE TO DETERMINE,364,N,LARAMIE AVE,1523,,,,,,,1,NO INDICATION OF INJURY,0,0,0,0,0,1,0,4,3,7,41.8875373422,-87.7554724348,POINT (-87.755472434767 41.887537342228)
3797eb43b71a9dbc6c3c4b909aeb2514c2d84e240644bcf0a1c9770c50c7e9740b4d9a4e0a6f60bf220ee483cbac10b4a4f8306e0d3a28de1499508e8e6ead7b,,07/15/2025 04:15:00 AM,25,UNKNOWN,UNKNOWN,CLEAR,DARKNESS,SIDESWIPE SAME DIRECTION,NOT DIVIDED,,STRAIGHT AND LEVEL,DRY,UNKNOWN,NOT ON SCENE (DESK REPORT),NO INJURY / DRIVE AWAY,,,,"$501 - $1,500",07/15/2025 05:07:00 AM,FOLLOWING TOO CLOSELY,FOLLOWING TOO CLOSELY,214,W,OHIO ST,1831,,,,,,,2,NO INDICATION OF INJURY,0,0,0,0,0,2,0,4,3,7,41.8924902353,-87.6347597788,POINT (-87.634759778753 41.892490235318)
fe0f4e1ab2cf4fbc7d53787cdc7fae49253044e08fc5315594a6d8302d36066c705b866aa7e28e955d4bd0dd50afea538ad3f946679e090a91125c3927e89fe9,,07/15/2025 04:06:00 AM,30,NO CONTROLS,NO CONTROLS,CLEAR,"DARKNESS, LIGHTED ROAD",PARKED MOTOR VEHICLE,DIVIDED - W/MEDIAN (NOT RAISED),,STRAIGHT AND LEVEL,DRY,NO DEFECTS,ON SCENE,INJURY AND / OR TOW DUE TO CRASH,,,Y,"OVER $1,500",07/15/2025 04:06:00 AM,UNABLE TO DETERMINE,UNABLE TO DETERMINE,2819,S,CENTRAL PARK AVE,1032,,,,,,,4,NO INDICATION OF INJURY,0,0,0,0,0,1,0,4,3,7,41.8401199734,-87.7145288118,POINT (-87.714528811824 41.84011997335)
3ee48a86f9585faffebce9de99429bae9a34d0167d0e18a6ae68079687999ffa6483778f1fe63f1c22a4cef42e3d6547f7db9ac44717888a179c9acd3ebb6533,,07/15/2025 03:30:00 AM,30,NO CONTROLS,NO CONTROLS,CLEAR,"DARKNESS, LIGHTED ROAD",FIXED OBJECT,DIVIDED - W/MEDIAN (NOT RAISED),,STRAIGHT AND LEVEL,DRY,NO DEFECTS,ON SCENE,INJURY AND / OR TOW DUE TO CRASH,,,,"OVER $1,500",07/15/2025 03:34:00 AM,UNABLE TO DETERMINE,UNABLE TO DETERMINE,1318,W,CERMAK RD,1235,,,,,,,1,NO INDICATION OF INJURY,0,0,0,0,0,1,0,3,3,7,41.8525541031,-87.6594887961,POINT (-87.659488796094 41.852554103074)
08998a98ac370554bf0eeb4f8beca1461a277aa8ae64c6fa54d06b02a35e090a24ac3fa7f2cd85c310969e5a2ea360daeae25f2a02c8865918a7c079f742f2f6,,07/15/2025 02:30:00 AM,30,NO CONTROLS,NO CONTROLS,CLEAR,UNKNOWN,PARKED MOTOR VEHICLE,NOT DIVIDED,,STRAIGHT AND LEVEL,DRY,NO DEFECTS,NOT ON SCENE (DESK REPORT),NO INJURY / DRIVE AWAY,,,Y,"OVER $1,500",07/15/2025 05:30:00 PM,NOT APPLICABLE,NOT APPLICABLE,4900,W,JACKSON BLVD,1533,,,,,,,2,NO INDICATION OF INJURY,0,0,0,0,0,1,0,2,3,7,41.8768652598,-87.7474587009,POINT (-87.747458700853 41.876865259833)
bd5e3d4c8b1852490831a59b74eb92810795350da0e2d4dcb0333e99a8a60c0265daf39787e92373824998f74feeb7d1c5953edc59f49ccc6de2921e0f50e899,,07/15/2025 02:30:00 AM,30,NO CONTROLS,NO CONTROLS,CLEAR,DAYLIGHT,PARKED MOTOR VEHICLE,OTHER,,STRAIGHT AND LEVEL,DRY,NO DEFECTS,NOT ON SCENE (DESK REPORT),NO INJURY / DRIVE AWAY,,,,"$501 - $1,500",07/15/2025 12:30:00 PM,NOT APPLICABLE,NOT APPLICABLE,3431,W,HIRSCH ST,1422,,,,,,,2,NO INDICATION OF INJURY,0,0,0,0,0,1,0,2,3,7,41.9062957424,-87.7130517462,POINT (-87.713051746156 41.906295742403)