CRASH_RECORD_ID,CRASH_DATE_EST_I,CRASH_DATE,POSTED_SPEED_LIMIT,TRAFFIC_CONTROL_DEVICE,DEVICE_CONDITION,WEATHER_CONDITION,LIGHTING_CONDITION,FIRST_CRASH_TYPE,TRAFFICWAY_TYPE,LANE_CNT,ALIGNMENT,ROADWAY_SURFACE_COND,ROAD_DEFECT,REPORT_TYPE,CRASH_TYPE,INTERSECTION_RELATED_I,NOT_RIGHT_OF_WAY_I,HIT_AND_RUN_I,DAMAGE,DATE_POLICE_NOTIFIED,PRIM_CONTRIBUTORY_CAUSE,SEC_CONTRIBUTORY_CAUSE,STREET_NO,STREET_DIRECTION,STREET_NAME,BEAT_OF_OCCURRENCE,PHOTOS_TAKEN_I,STATEMENTS_TAKEN_I,DOORING_I,WORK_ZONE_I,WORK_ZONE_TYPE,WORKERS_PRESENT_I,NUM_UNITS,MOST_SEVERE_INJURY,INJURIES_TOTAL,INJURIES_FATAL,INJURIES_INCAPACITATING,INJURIES_NON_INCAPACITATING,INJURIES_REPORTED_NOT_EVIDENT,INJURIES_NO_INDICATION,INJURIES_UNKNOWN,CRASH_HOUR,CRASH_DAY_OF_WEEK,CRASH_MONTH,LATITUDE,LONGITUDE,LOCATION
276a2da42c099f7643d7b706017005849bc6b581a7cb054e5180cc974e51caba03452a33bb238832d9968104e811a16ad13681ded2f8e353b7a402959710580e,,07/15/2025 02:06:00 AM,30,OTHER,UNKNOWN,CLEAR,DARKNESS,PARKED MOTOR VEHICLE,ONE-WAY,,STRAIGHT AND LEVEL,DRY,UNKNOWN,ON SCENE,INJURY AND / OR TOW DUE TO CRASH,,,,"OVER $1,500",07/15/2025 02:24:00 AM,UNABLE TO DETERMINE,UNABLE TO DETERMINE,8324,S,LAFAYETTE AVE,622,,,,,,,2,NO INDICATION OF INJURY,0,0,0,0,0,1,0,2,3,7,41.7428651113,-87.6257537988,POINT (-87.625753798831 41.74286511129)
31ff3043018e4ebee6a436b242bc7d979982698306d0539b207f2368d43d041b2a55c0df87df6a670a1c2cde5e43e575cfe528b56b20841fd651087d118ebabf,,07/15/2025 01:50:00 AM,35,NO CONTROLS,NO CONTROLS,CLEAR,"DARKNESS, LIGHTED ROAD",FIXED OBJECT,NOT DIVIDED,,STRAIGHT AND LEVEL,DRY,NO DEFECTS,ON SCENE,NO INJURY / DRIVE AWAY,,,,"OVER $1,500",07/15/2025 01:58:00 AM,DISTRACTION - FROM OUTSIDE VEHICLE,NOT APPLICABLE,1032,E,103RD ST,511,,,,,,,1,NO INDICATION OF INJURY,0,0,0,0,0,1,0,1,3,7,41.7076874416,-87.5982410535,POINT (-87.598241053463 41.707687441634)
c64398589ba0da170cb97ab5364a7f3277a589b111c5c4eaad293ab5b143115912066821784d4b40ba9bfec27a884695350cbe0da0ac73961180824ef41ce9d3,,07/15/2025 01:47:00 AM,30,TRAFFIC SIGNAL,FUNCTIONING PROPERLY,CLEAR,"DARKNESS, LIGHTED ROAD",TURNING,FOUR WAY,,STRAIGHT AND LEVEL,DRY,UNKNOWN,ON SCENE,INJURY AND / OR TOW DUE TO CRASH,,,,"OVER $1,500",07/15/2025 01:55:00 AM,UNABLE TO DETERMINE,UNABLE TO DETERMINE,3622,W,ADDISON ST,1732,,,,,,,2,"REPORTED, NOT EVIDENT",1,0,0,0,1,1,0,1,3,7,41.9465992287,-87.7186812342,POINT (-87.718681234159 41.946599228721)
f8dbd1bc012382f14791f9340fa2e9827690b01289684d7851d51fe594c008256bf91c18762a2a80e2f6577005cc6d1d8249af0d246190278101ace3a1cbe97e,,07/15/2025 01:20:00 AM,30,TRAFFIC SIGNAL,FUNCTIONING PROPERLY,CLEAR,DARKNESS,PEDALCYCLIST,FOUR WAY,,STRAIGHT AND LEVEL,DRY,NO DEFECTS,ON SCENE,INJURY AND / OR TOW DUE TO CRASH,N,,,"OVER $1,500",07/15/2025 01:21:00 AM,DISREGARDING TRAFFIC SIGNALS,FAILING TO YIELD RIGHT-OF-WAY,6300,S,CICERO AVE,813,,,,,,,2,NONINCAPACITATING INJURY,1,0,0,1,0,3,0,1,3,7,41.7783353905,-87.7424364942,POINT (-87.74243649416 41.778335390453)
cba867afeff6f81795ddd19510e9435e34843cf5dbb2f82abb944ac82fa99bcb386d99b1b070cf6ac14ead4f43ff7de2a64787719892595bee85a71f20a459d8,,07/15/2025 01:15:00 AM,30,STOP SIGN/FLASHER,FUNCTIONING PROPERLY,CLEAR,"DARKNESS, LIGHTED ROAD",PARKED MOTOR VEHICLE,T-INTERSECTION,,STRAIGHT AND LEVEL,DRY,NO DEFECTS,NOT ON SCENE (DESK REPORT),NO INJURY / DRIVE AWAY,,,,"OVER $1,500",07/15/2025 03:00:00 AM,IMPROPER TURNING/NO SIGNAL,FOLLOWING TOO CLOSELY,3452,W,31ST ST,1032,,,,,,,2,NO INDICATION OF INJURY,0,0,0,0,0,1,0,1,3,7,41.8372188209,-87.7117976547,POINT (-87.711797654683 41.837218820893)
406dd72110b7acae30c000ca44d5761de2652985095f357320cc8d008af79c2eb7adb21ff721216b104b7b53c04ac197e5c8ad65cbcdc96f58c210caa3fab799,,07/15/2025 12:10:00 AM,30,TRAFFIC SIGNAL,FUNCTIONING PROPERLY,CLEAR,"DARKNESS, LIGHTED ROAD",REAR END,NOT DIVIDED,,STRAIGHT AND LEVEL,DRY,NO DEFECTS,NOT ON SCENE (DESK REPORT),NO INJURY / DRIVE AWAY,,,,"OVER $1,500",07/15/2025 12:23:00 AM,UNABLE TO DETERMINE,NOT APPLICABLE,5500,S,KEDZIE AVE,822,,,,,,,2,NO INDICATION OF INJURY,0,0,0,0,0,3,0,0,3,7,41.7934202368,-87.7036975085,POINT (-87.703697508454 41.793420236756)
43f860afdf2c392beda28237a826c3b828f4f33a7e55409bc9e38b76138d0b1c7f5e31fade1a4c3c3cf01c4124f2116bd3c83e6e89ac35168ab60899837e6f70,,07/15/2025 12:09:00 AM,30,STOP SIGN/FLASHER,UNKNOWN,CLEAR,"DARKNESS, LIGHTED ROAD",REAR END,FOUR WAY,,STRAIGHT AND LEVEL,DRY,UNKNOWN,ON SCENE,INJURY AND / OR TOW DUE TO CRASH,,,,"OVER $1,500",07/15/2025 12:09:00 AM,FOLLOWING TOO CLOSELY,UNABLE TO DETERMINE,9500,S,STONY ISLAND AVE,511,,,,,,,2,NONINCAPACITATING INJURY,1,0,0,1,0,4,0,0,3,7,41.722257273,-87.5852755651,POINT (-87.585275565077 41.722257273006)
a0067ec151a2ddf15fdedd0a57e6a34d7291a7a159a2338c5579f91123d214bb7135eb71b25b9f3bbaee48bd20032d247d176c99e017fc71ae2c6f12aa7c7764,,07/14/2025 11:59:00 PM,15,NO CONTROLS,NO CONTROLS,CLEAR,UNKNOWN,OTHER OBJECT,OTHER,,STRAIGHT AND LEVEL,DRY,NO DEFECTS,ON SCENE,INJURY AND / OR TOW DUE TO CRASH,,,,"$501 - $1,500",07/15/2025 12:26:00 AM,UNABLE TO DETERMINE,UNABLE TO DETERMINE,1702,E,103RD ST,431,,,,,,,1,"REPORTED, NOT EVIDENT",1,0,0,0,1,0,0,23,2,7,41.7079431592,-87.5830023483,POINT (-87.583002348311 41.707943159244)
b58198efab56b500e13a0154c5af62710930ac53595a9383b68ba2add4b090a1f64c71241e123f9acc4f8921bfe73a77b446c97f50174761ed24c4de13290bef,,07/14/2025 11:50:00 PM,30,TRAFFIC SIGNAL,FUNCTIONING PROPERLY,CLEAR,"DARKNESS, LIGHTED ROAD",TURNING,DIVIDED - W/MEDIAN (NOT RAISED),,STRAIGHT AND LEVEL,DRY,UNKNOWN,ON SCENE,INJURY AND / OR TOW DUE TO CRASH,,,,"OVER $1,500",07/14/2025 11:56:00 PM,UNABLE TO DETERMINE,UNABLE TO DETERMINE,2741,W,55TH ST,824,,,,,,,2,NO INDICATION OF INJURY,0,0,0,0,0,3,0,23,2,7,41.7935952689,-87.6929752756,POINT (-87.692975275557 41.793595268904)
1532a3de03ae2ee072618e112afb8749637eb5c3dcb1be01bd50fcdaaedfb57a210fbfd8936dff8c45cc14bcd942c8b1827f217080ed5126f717da940aebd25c,,07/14/2025 11:36:00 PM,30,NO CONTROLS,NO CONTROLS,CLEAR,"DARKNESS, LIGHTED ROAD",FIXED OBJECT,DIVIDED - W/MEDIAN (NOT RAISED),,STRAIGHT AND LEVEL,DRY,NO DEFECTS,ON SCENE,INJURY AND / OR TOW DUE TO CRASH,,,Y,"OVER $1,500",07/15/2025 12:40:00 AM,UNABLE TO DETERMINE,NOT APPLICABLE,8423,S,RACINE AVE,613,,,,,,,1,NO INDICATION OF INJURY,0,0,0,0,0,1,0,23,2,7,41.7406854389,-87.6533256932,POINT (-87.653325693248 41.740685438876)
d8ae1b46676ed8cc33f9fea445b5c151625db62bb796e8cd3366d8a4aa41f28cca792b459018671ce24d38ee11e2bb173539cb8d276d2f4fc220e48535099fda,,07/14/2025 11:16:00 PM,30,TRAFFIC SIGNAL,FUNCTIONING PROPERLY,CLEAR,DUSK,SIDESWIPE SAME DIRECTION,FOUR WAY,,STRAIGHT AND LEVEL,DRY,UNKNOWN,NOT ON SCENE (DESK REPORT),NO INJURY / DRIVE AWAY,Y,,Y,"OVER $1,500",07/14/2025 11:26:00 PM,UNABLE TO DETERMINE,UNABLE TO DETERMINE,7900,S,HALSTED ST,621,,,,,,,2,NO INDICATION OF INJURY,0,0,0,0,0,2,0,23,2,7,41.7505495594,-87.6441883678,POINT (-87.644188367841 41.750549559439)
9d42b18409e6646c2fa10d757aa560cd7f5ad8114a6ab4e31ef1f335d8e2d5a3c9c1ed80ce07070924e2688892ac13f26bc6b589eb9a54e5254b04f921a64d10,,07/14/2025 11:06:00 PM,30,NO CONTROLS,NO CONTROLS,CLEAR,"DARKNESS, LIGHTED ROAD",HEAD ON,ONE-WAY,,STRAIGHT AND LEVEL,DRY,NO DEFECTS,ON SCENE,INJURY AND / OR TOW DUE TO CRASH,,,,"OVER $1,500",07/14/2025 11:06:00 PM,DRIVING ON WRONG SIDE/WRONG WAY,FAILING TO REDUCE SPEED TO AVOID CRASH,3110,W,FILLMORE ST,1134,,,,,,,3,NONINCAPACITATING INJURY,4,0,0,4,0,3,0,23,2,7,41.868356231,-87.7037405185,POINT (-87.703740518537 41.868356231047)
4059d560df45948e1dacfb5e6a992f9bd407e6f06259a72d6acfd05449c6f86ac610e30be84687b164ce43506336bcd68c7b6981a8b87901d8191bbd102fe987,,07/14/2025 11:00:00 PM,30,NO CONTROLS,NO CONTROLS,UNKNOWN,UNKNOWN,PARKED MOTOR VEHICLE,NOT DIVIDED,,STRAIGHT AND LEVEL,UNKNOWN,NO DEFECTS,NOT ON SCENE (DESK REPORT),NO INJURY / DRIVE AWAY,,,Y,"$501 - $1,500",07/15/2025 10:00:00 AM,NOT APPLICABLE,NOT APPLICABLE,2840,W,LOGAN BLVD,1411,,,,,,,2,NO INDICATION OF INJURY,0,0,0,0,0,1,0,23,2,7,41.9285612368,-87.6992029637,POINT (-87.699202963665 41.928561236779)
3f93e10a6b248e5b891dc71fe729d3d0af7c6261f1066482efeba6e7d59526e8a2c362066014ccc1de3f778f6082b30532ba2e7f5d1c55c5e359109f93487224,,07/14/2025 10:31:00 PM,30,NO CONTROLS,NO CONTROLS,CLEAR,DUSK,ANGLE,NOT DIVIDED,,STRAIGHT AND LEVEL,DRY,NO DEFECTS,NOT ON SCENE (DESK REPORT),NO INJURY / DRIVE AWAY,,,,"$501 - $1,500",07/14/2025 10:56:00 PM,IMPROPER LANE USAGE,UNABLE TO DETERMINE,8810,S,STONY ISLAND AVE,412,,,,,,,2,NO INDICATION OF INJURY,0,0,0,0,0,2,0,22,2,7,41.7347194927,-87.5857450346,POINT (-87.585745034611 41.734719492693)
3eae4a9e626314f46159d166c654814ee4aab9dec74204a8cd3a17c29d0f14b79864f496fb43b3194b4a405ebd07031d245fc2897642ccd2d78309114c53d4c5,,07/14/2025 10:30:00 PM,15,NO CONTROLS,NO CONTROLS,CLEAR,"DARKNESS, LIGHTED ROAD",OTHER OBJECT,ALLEY,,STRAIGHT AND LEVEL,DRY,NO DEFECTS,NOT ON SCENE (DESK REPORT),NO INJURY / DRIVE AWAY,,Y,Y,"OVER $1,500",07/15/2025 05:35:00 PM,UNABLE TO DETERMINE,UNABLE TO DETERMINE,1622,S,DRAKE AVE,1021,,,,,,,1,NO INDICATION OF INJURY,0,0,0,0,0,1,0,22,2,7,41.8583292756,-87.7141174597,POINT (-87.714117459652 41.858329275573)
1339929b57f6a1c282ee60154a9c427f65c363f85bee640a9d39ae053cf58784a3d5b95153c3855ef5a4f1ba9b511d80201d2da9c601187eddd47333ac5e5ae0,,07/14/2025 10:24:00 PM,30,NO CONTROLS,NO CONTROLS,CLEAR,"DARKNESS, LIGHTED ROAD",PARKED MOTOR VEHICLE,ONE-WAY,,STRAIGHT AND LEVEL,DRY,UNKNOWN,ON SCENE,NO INJURY / DRIVE AWAY,,,Y,"$501 - $1,500",07/14/2025 11:51:00 PM,UNABLE TO DETERMINE,UNABLE TO DETERMINE,2317,S,TRUMBULL AVE,1024,,,,,,,2,NO INDICATION OF INJURY,0,0,0,0,0,2,0,22,2,7,41.8493359481,-87.7111236936,POINT (-87.711123693564 41.849335948087)
776f657d7d041212e1919925a76b9715ad1e5b6a23dadb012b377a85c355acfe6e8a77b5086e6b5493499ef977558763450360fcfd96146d8069bffff1d6c9bc,,07/14/2025 10:15:00 PM,10,NO CONTROLS,NO CONTROLS,CLEAR,"DARKNESS, LIGHTED ROAD",FIXED OBJECT,PARKING LOT,,STRAIGHT AND LEVEL,DRY,NO DEFECTS,NOT ON SCENE (DESK REPORT),NO INJURY / DRIVE AWAY,,Y,,"OVER $1,500",07/21/2025 06:15:00 PM,UNABLE TO DETERMINE,UNABLE TO DETERMINE,1440,S,INDIANA AVE,132,,,,,,,1,NO INDICATION OF INJURY,0,0,0,0,0,1,0,22,2,7,41.8629791047,-87.6225950315,POINT (-87.622595031474 41.862979104724)
cf0e888ed62253f6093f45d2529f07587155eecc0dc61e0e0d7b94f9e10b8a9dc83c5b894bab450a2348b29780dce1b744925c1fa60457d2b2a60f149758d41b,,07/14/2025 10:02:00 PM,30,TRAFFIC SIGNAL,FUNCTIONING PROPERLY,CLEAR,"DARKNESS, LIGHTED ROAD",SIDESWIPE SAME DIRECTION,T-INTERSECTION,,STRAIGHT AND LEVEL,DRY,UNKNOWN,NOT ON SCENE (DESK REPORT),NO INJURY / DRIVE AWAY,,,Y,"OVER $1,500",07/14/2025 11:23:00 PM,IMPROPER OVERTAKING/PASSING,UNABLE TO DETERMINE,7058,S,ST LAWRENCE AVE,322,,,,,,,2,NO INDICATION OF INJURY,0,0,0,0,0,2,0,22,2,7,41.7658360761,-87.6105761804,POINT (-87.610576180385 41.76583607614)
21038192168dea2c1919e21644f62b1f8be78b69a3d8e4b16db0542949edaba1b2d9f5a354a00275ca00ca588a16fb3a81d0a79212d1f7f21d3d7ffebb570b70,,07/14/2025 10:00:00 PM,30,NO CONTROLS,NO CONTROLS,CLEAR,"DARKNESS, LIGHTED ROAD",PARKED MOTOR VEHICLE,ONE-WAY,,STRAIGHT AND LEVEL,DRY,NO DEFECTS,ON SCENE,INJURY AND / OR TOW DUE TO CRASH,,,Y,"OVER $1,500",07/15/2025 11:30:00 AM,IMPROPER OVERTAKING/PASSING,UNABLE TO DETERMINE,4104,N,CAMPBELL AVE,1911,,,,,,,2,NO INDICATION OF INJURY,0,0,0,0,0,1,0,22,2,7,41.9559919746,-87.6911172939,POINT (-87.691117293909 41.955991974563)
490e969d222c8498506e0c1204e66a78377d9b2687c5d81eccb9f518a69b16e83379b39769d04ef49fa501a2d2ea646813a47ab7c21d2edbf46a698c7cbf2268,,07/14/2025 10:00:00 PM,40,NO CONTROLS,NO CONTROLS,CLEAR,"DARKNESS, LIGHTED ROAD",SIDESWIPE SAME DIRECTION,ONE-WAY,,STRAIGHT AND LEVEL,DRY,NO DEFECTS,NOT ON SCENE (DESK REPORT),NO INJURY / DRIVE AWAY,,,,$500 OR LESS,07/15/2025 07:40:00 PM,UNABLE TO DETERMINE,NOT APPLICABLE,4700,N,LAKE SHORE DR NB,1914,,,,,,,2,NO INDICATION OF INJURY,0,0,0,0,0,2,0,22,2,7,41.9671964649,-87.6478360294,POINT (-87.647836029428 41.967196464914)
b851e868d9af413110601b56894d3f7f58a3ba326c7770212c36ec91a7b2f69e4082501e6352b836a0a964887f6741b402dc9388637c7b751fd8bc2dad3acaa2,,07/14/2025 09:53:00 PM,25,NO CONTROLS,NO CONTROLS,CLEAR,DARKNESS,PARKED MOTOR VEHICLE,ONE-WAY,,STRAIGHT AND LEVEL,DRY,NO DEFECTS,ON SCENE,NO INJURY / DRIVE AWAY,,,N,$500 OR LESS,07/14/2025 09:55:00 PM,"OPERATING VEHICLE IN ERRATIC, RECKLESS, CARELESS, NEGLIGENT OR AGGRESSIVE MANNER",FAILING TO REDUCE SPEED TO AVOID CRASH,4298,W,13TH ST,1011,,,,,,,2,NO INDICATION OF INJURY,0,0,0,0,0,3,0,21,2,7,41.8643518166,-87.7323960549,POINT (-87.732396054907 41.864351816592)
f75cba6e58d857ccee92b1dbf7dea858cf20a494ae2bf02f30c6c7fa1768aeb69136cb02611320f2fb4d5b9fc9c64bc87131a67982dfbafd7d465c3e97b89a09,,07/14/2025 09:40:00 PM,30,NO CONTROLS,NO CONTROLS,CLEAR,DAYLIGHT,TURNING,DIVIDED - W/MEDIAN BARRIER,,STRAIGHT AND LEVEL,DRY,UNKNOWN,NOT ON SCENE (DESK REPORT),NO INJURY / DRIVE AWAY,,,,"$501 - $1,500",07/15/2025 02:00:00 PM,IMPROPER BACKING,UNABLE TO DETERMINE,8942,S,STONY ISLAND AVE,413,,,,,,,2,NO INDICATION OF INJURY,0,0,0,0,0,2,0,21,2,7,41.7319922539,-87.5856879961,POINT (-87.585687996108 41.731992253881)
4fdaac44c52618829a30baf099c084777f01813fcedfe965cdba7854956b2d904c3a4f0cb1dbf41779d57dbe78304d20b49bef020a84e3846979fe90f617a827,,07/14/2025 09:37:00 PM,30,TRAFFIC SIGNAL,FUNCTIONING PROPERLY,CLEAR,"DARKNESS, LIGHTED ROAD",TURNING,NOT DIVIDED,,STRAIGHT AND LEVEL,DRY,NO DEFECTS,ON SCENE,INJURY AND / OR TOW DUE TO CRASH,Y,,Y,"OVER $1,500",07/14/2025 10:00:00 PM,FAILING TO YIELD RIGHT-OF-WAY,NOT APPLICABLE,351,N,CICERO AVE,1113,,,,,,,2,NO INDICATION OF INJURY,0,0,0,0,0,2,0,21,2,7,41.886769177,-87.745355616,POINT (-87.745355615988 41.886769176982)
692684680b00a2fefc8256b3727de5b1bc94acb522a1841ea714b27c2305640b98356f1f8b10eac4bcd3804bbf98590d226b809100c56cf8f4a70343390e6d8f,,07/14/2025 09:30:00 PM,30,TRAFFIC SIGNAL,FUNCTIONING PROPERLY,CLEAR,"DARKNESS, LIGHTED ROAD",REAR END,FOUR WAY,,STRAIGHT AND LEVEL,DRY,NO DEFECTS,NOT ON SCENE (DESK REPORT),NO INJURY / DRIVE AWAY,Y,,,"OVER $1,500",07/14/2025 09:50:00 PM,FOLLOWING TOO CLOSELY,UNABLE TO DETERMINE,7100,S,DAMEN AVE,735,,,,,,,2,NO INDICATION OF INJURY,0,0,0,0,0,2,0,21,2,7,41.7647131874,-87.6736784893,POINT (-87.673678489303 41.764713187398)
c67ab64c5fcf038532ba3c1eba116c8bc2755e4dbf90168bde64ff08a86d1d72dee307ade4ceb98fc11784bbc5786b6000ea20ca99c682559ada4ffd29a82929,,07/14/2025 09:30:00 PM,30,NO CONTROLS,NO CONTROLS,CLEAR,"DARKNESS, LIGHTED ROAD",ANGLE,NOT DIVIDED,,STRAIGHT AND LEVEL,DRY,NO DEFECTS,,INJURY AND / OR TOW DUE TO CRASH,Y,,,"OVER $1,500",07/14/2025 09:32:00 PM,FAILING TO YIELD RIGHT-OF-WAY,UNABLE TO DETERMINE,2528,W,DEVON AVE,2412,,,,,,,2,NONINCAPACITATING INJURY,3,0,0,2,1,2,0,21,2,7,41.9977784651,-87.6934855011,POINT (-87.693485501093 41.997778465054)
d77517044e5f7859887e76485137a1a265008f1b0e042d7821cb0e2e28f99669712f047203072d000b5a1debc2679b5a469b50f5eacd99da82a2dd692f1be1a3,,07/14/2025 09:25:00 PM,30,NO CONTROLS,NO CONTROLS,CLEAR,"DARKNESS, LIGHTED ROAD",TURNING,DIVIDED - W/MEDIAN (NOT RAISED),,STRAIGHT AND LEVEL,DRY,NO DEFECTS,ON SCENE,NO INJURY / DRIVE AWAY,,,,"OVER $1,500",07/14/2025 09:29:00 PM,IMPROPER OVERTAKING/PASSING,NOT APPLICABLE,1828,W,79TH ST,611,,,,,,,2,NO INDICATION OF INJURY,0,0,0,0,0,5,0,21,2,7,41.750388107,-87.669438517,POINT (-87.669438516967 41.750388106952)
5f108d39f388995ef592bb2868641bc5623678302aef02f5742ceed785d2bbc4b7765260a3e5728724a61f5797799b0d3eea192c35d6b1f7d4d3c16e9a9522a1,,07/14/2025 09:16:00 PM,30,NO CONTROLS,NO CONTROLS,CLEAR,"DARKNESS, LIGHTED ROAD",PARKED MOTOR VEHICLE,NOT DIVIDED,,STRAIGHT AND LEVEL,DRY,NO DEFECTS,ON SCENE,INJURY AND / OR TOW DUE TO CRASH,,,Y,"$501 - $1,500",07/14/2025 09:16:00 PM,IMPROPER LANE USAGE,UNABLE TO DETERMINE,5052,N,LAWNDALE AVE,1712,,,,,,,2,NO INDICATION OF INJURY,0,0,0,0,0,1,0,21,2,7,41.9735252363,-87.7209868939,POINT (-87.720986893889 41.973525236327)
032eb681f8336054f07cae4306629320caa97ee6bd3badfa5aa8320e2aae2c4c05a7f301286d59c667578e0489d2f809f075333cd7126bfe54728f678fa54a4b,,07/14/2025 09:15:00 PM,25,NO CONTROLS,NO CONTROLS,CLEAR,"DARKNESS, LIGHTED ROAD",TURNING,OTHER,,STRAIGHT AND LEVEL,DRY,UNKNOWN,NOT ON SCENE (DESK REPORT),NO INJURY / DRIVE AWAY,,,,"OVER $1,500",07/14/2025 09:30:00 PM,UNABLE TO DETERMINE,NOT APPLICABLE,7130,N,WESTERN AVE,2411,,,,,,,2,NO INDICATION OF INJURY,0,0,0,0,0,2,0,21,2,7,42.0118834449,-87.6903881345,POINT (-87.690388134457 42.011883444922)
5680771181a5badb224530a4b8e52d93dcd113028d0daa9ed448558f5f0304856c4b48c2276fa90016fa448c52e38905fd420e501622a8244e3e42d102129c9b,,07/14/2025 09:10:00 PM,30,TRAFFIC SIGNAL,FUNCTIONING PROPERLY,CLEAR,"DARKNESS, LIGHTED ROAD",SIDESWIPE SAME DIRECTION,FOUR WAY,,STRAIGHT AND LEVEL,DRY,NO DEFECTS,NOT ON SCENE (DESK REPORT),NO INJURY / DRIVE AWAY,,,Y,"$501 - $1,500",07/14/2025 09:25:00 PM,FAILING TO REDUCE SPEED TO AVOID CRASH,FAILING TO REDUCE SPEED TO AVOID CRASH,2101,S,WENTWORTH AVE,914,,,,,,,2,NO INDICATION OF INJURY,0,0,0,0,0,2,0,21,2,7,41.854126619,-87.6316643894,POINT (-87.631664389425 41.854126619043)
0720e1134c6092271c17a57a7aea202ff007478ed577e6f27cce6d9130bf44205b183c024c719d32e44bd28823ecf79ead7191dde58fdf729b28e427ff51dbe3,,07/14/2025 09:00:00 PM,30,NO CONTROLS,NO CONTROLS,CLEAR,DUSK,SIDESWIPE SAME DIRECTION,NOT DIVIDED,,STRAIGHT AND LEVEL,DRY,NO DEFECTS,NOT ON SCENE (DESK REPORT),NO INJURY / DRIVE AWAY,,,,"$501 - $1,500",07/18/2025 10:00:00 PM,IMPROPER LANE USAGE,UNABLE TO DETERMINE,5236,S,HARPER AVE,234,,,,,,,2,NO INDICATION OF INJURY,0,0,0,0,0,2,0,21,2,7,41.7998543664,-87.5892475846,POINT (-87.589247584607 41.799854366366)
300545267eecfa36d75195c556a7bda8cba8ce774993ea4339a82f9d08446b41c6f62fe815c84d35815aca28e55cd80e5c23f77d157a020b221947ab2175be9a,,07/14/2025 09:00:00 PM,30,UNKNOWN,UNKNOWN,CLEAR,"DARKNESS, LIGHTED ROAD",REAR END,NOT DIVIDED,,STRAIGHT AND LEVEL,UNKNOWN,UNKNOWN,NOT ON SCENE (DESK REPORT),NO INJURY / DRIVE AWAY,,,,"OVER $1,500",07/16/2025 10:06:00 PM,UNABLE TO DETERMINE,UNABLE TO DETERMINE,6501,S,COTTAGE GROVE AVE,321,,,,,,,2,NO INDICATION OF INJURY,0,0,0,0,0,2,0,21,2,7,41.7766888361,-87.6057003493,POINT (-87.605700349293 41.776688836116)
b265be0000b392302797ed6fef7102711eaa24f53d219aca2f4f2a0658ee505f3231c152f2770b5ea7852386e77d779dabe7ab8c8a50032270d78c7975ef5920,,07/14/2025 08:58:00 PM,30,PEDESTRIAN CROSSING SIGN,NO CONTROLS,CLEAR,"DARKNESS, LIGHTED ROAD",PEDALCYCLIST,DIVIDED - W/MEDIAN (NOT RAISED),,STRAIGHT AND LEVEL,DRY,NO DEFECTS,ON SCENE,NO INJURY / DRIVE AWAY,,,,$500 OR LESS,07/14/2025 09:04:00 PM,DISTRACTION - FROM OUTSIDE VEHICLE,DRIVING SKILLS/KNOWLEDGE/EXPERIENCE,2933,W,FOSTER AVE,2031,,Y,,,,,2,NO INDICATION OF INJURY,0,0,0,0,0,2,0,20,2,7,41.9756794761,-87.7025330531,POINT (-87.702533053133 41.975679476138)
64e4f6936e2e84ea7e38ca7711b782d267f8c27bde3d2c2b7e6ce139a3146d5f6f8e82869d6a6df37d8f5a33f62211275fff65ad262f04f98a12f84c846e1b40,,07/14/2025 08:53:00 PM,30,NO CONTROLS,NO CONTROLS,CLEAR,"DARKNESS, LIGHTED ROAD",PARKED MOTOR VEHICLE,NOT DIVIDED,,STRAIGHT AND LEVEL,DRY,NO DEFECTS,ON SCENE,NO INJURY / DRIVE AWAY,,,Y,"OVER $1,500",07/14/2025 08:54:00 PM,UNABLE TO DETERMINE,UNABLE TO DETERMINE,7024,S,RACINE AVE,734,,Y,,,,,3,NO INDICATION OF INJURY,0,0,0,0,0,1,0,20,2,7,41.7661032524,-87.6542897636,POINT (-87.654289763599 41.766103252372)
187578aab90f4e40f30b37868c36261738856a546662befa9722cbc4e56b15aa8d5c04fb763ac39a8d9326a6a68faee38cc4469c76cc6329d4aef6cb90e5e362,,07/14/2025 08:45:00 PM,25,NO CONTROLS,NO CONTROLS,CLEAR,"DARKNESS, LIGHTED ROAD",PARKED MOTOR VEHICLE,NOT DIVIDED,,STRAIGHT AND LEVEL,DRY,NO DEFECTS,ON SCENE,NO INJURY / DRIVE AWAY,,,,"$501 - $1,500",07/14/2025 08:45:00 PM,NOT APPLICABLE,NOT APPLICABLE,2611,W,WILCOX ST,1125,,,,,,,2,NO INDICATION OF INJURY,0,0,0,0,0,1,0,20,2,7,41.8791881258,-87.6919367978,POINT (-87.691936797827 41.87918812576)
02d9feaa82da71d62b8577b60307f5c2d5f45b799cfa27a6eb6c01d7ad3e38fc36aac90ddf834ced8785163d01630f8a5971acd6fc4b2a162992d6369758092c,,07/14/2025 08:30:00 PM,30,TRAFFIC SIGNAL,FUNCTIONING PROPERLY,CLEAR,"DARKNESS, LIGHTED ROAD",FIXED OBJECT,NOT DIVIDED,,STRAIGHT AND LEVEL,DRY,NO DEFECTS,ON SCENE,INJURY AND / OR TOW DUE TO CRASH,,,,"OVER $1,500",07/14/2025 08:32:00 PM,UNABLE TO DETERMINE,UNABLE TO DETERMINE,3900,W,PETERSON AVE,1711,,,,,,,1,NO INDICATION OF INJURY,0,0,0,0,0,1,0,20,2,7,41.9902720886,-87.7265346775,POINT (-87.726534677513 41.990272088618)