CRASH_RECORD_ID,CRASH_DATE_EST_I,CRASH_DATE,POSTED_SPEED_LIMIT,TRAFFIC_CONTROL_DEVICE,DEVICE_CONDITION,WEATHER_CONDITION,LIGHTING_CONDITION,FIRST_CRASH_TYPE,TRAFFICWAY_TYPE,LANE_CNT,ALIGNMENT,ROADWAY_SURFACE_COND,ROAD_DEFECT,REPORT_TYPE,CRASH_TYPE,INTERSECTION_RELATED_I,NOT_RIGHT_OF_WAY_I,HIT_AND_RUN_I,DAMAGE,DATE_POLICE_NOTIFIED,PRIM_CONTRIBUTORY_CAUSE,SEC_CONTRIBUTORY_CAUSE,STREET_NO,STREET_DIRECTION,STREET_NAME,BEAT_OF_OCCURRENCE,PHOTOS_TAKEN_I,STATEMENTS_TAKEN_I,DOORING_I,WORK_ZONE_I,WORK_ZONE_TYPE,WORKERS_PRESENT_I,NUM_UNITS,MOST_SEVERE_INJURY,INJURIES_TOTAL,INJURIES_FATAL,INJURIES_INCAPACITATING,INJURIES_NON_INCAPACITATING,INJURIES_REPORTED_NOT_EVIDENT,INJURIES_NO_INDICATION,INJURIES_UNKNOWN,CRASH_HOUR,CRASH_DAY_OF_WEEK,CRASH_MONTH,LATITUDE,LONGITUDE,LOCATION
6cf7b1cc594569ecb56bffb94d32c09eb91aaca56d5f3c0746dc204ede93899c2293e2e59ff7f59f8f2dbbd4c2e6bec1f9a4bd45d5078946de75807fe305ad3d,,07/14/2025 08:30:00 PM,30,TRAFFIC SIGNAL,FUNCTIONING PROPERLY,CLEAR,"DARKNESS, LIGHTED ROAD",SIDESWIPE SAME DIRECTION,FOUR WAY,,STRAIGHT AND LEVEL,DRY,NO DEFECTS,ON SCENE,NO INJURY / DRIVE AWAY,Y,,,"OVER $1,500",07/14/2025 08:32:00 PM,UNABLE TO DETERMINE,NOT APPLICABLE,340,N,MICHIGAN AVE,111,,,,,,,2,NO INDICATION OF INJURY,0,0,0,0,0,2,0,20,2,7,41.8877057691,-87.624703858,POINT (-87.624703858025 41.88770576912)
2966d6eb86b2893c62bb2c69a1f970f013f852924165c8633240a1b3a016304850b395d9675b3d8c3e3e37e6b8867bbd09adc840c1b6fdb77287b96968816759,,07/14/2025 08:20:00 PM,25,NO CONTROLS,NO CONTROLS,CLEAR,DUSK,SIDESWIPE SAME DIRECTION,NOT DIVIDED,,STRAIGHT AND LEVEL,DRY,UNKNOWN,NOT ON SCENE (DESK REPORT),NO INJURY / DRIVE AWAY,,,,"OVER $1,500",07/14/2025 09:00:00 PM,UNABLE TO DETERMINE,NOT APPLICABLE,6449,N,HOYNE AVE,2412,,,,,,,2,NO INDICATION OF INJURY,0,0,0,0,0,2,0,20,2,7,41.9992967896,-87.6824707911,POINT (-87.682470791054 41.999296789576)
524d63c744e74ce61fdd5d6346c8f5acef50a07384fa33d3f2c966a87f4c004c59ae69f1ea277927aea946a66fb817cbcb6565337b42bee7b9d0bff96a8472df,,07/14/2025 08:10:00 PM,30,TRAFFIC SIGNAL,FUNCTIONING PROPERLY,CLEAR,"DARKNESS, LIGHTED ROAD",REAR END,DIVIDED - W/MEDIAN (NOT RAISED),,STRAIGHT AND LEVEL,DRY,NO DEFECTS,ON SCENE,INJURY AND / OR TOW DUE TO CRASH,,,,"OVER $1,500",07/14/2025 08:13:00 PM,FAILING TO REDUCE SPEED TO AVOID CRASH,NOT APPLICABLE,860,W,FOSTER AVE,2023,,,,,,,2,NONINCAPACITATING INJURY,1,0,0,1,0,2,0,20,2,7,41.9765440963,-87.6525155936,POINT (-87.652515593625 41.976544096316)
120f182ec384068328df79a8b81f2c7c33592702747158ab42f8be2f39503ebbd2e36d130b1aad4cdd7a34e81e8b7cfaf66c772c59d5cb9a27e547ab461c5fe7,,07/14/2025 08:03:00 PM,15,NO CONTROLS,NO CONTROLS,CLEAR,DAYLIGHT,PARKED MOTOR VEHICLE,PARKING LOT,,STRAIGHT AND LEVEL,DRY,NO DEFECTS,ON SCENE,NO INJURY / DRIVE AWAY,,,Y,"$501 - $1,500",07/14/2025 08:09:00 PM,PHYSICAL CONDITION OF DRIVER,UNABLE TO DETERMINE,6310,N,NAGLE AVE,1611,,,,,,,3,NO INDICATION OF INJURY,0,0,0,0,0,1,0,20,2,7,41.9959239228,-87.7876379918,POINT (-87.787637991755 41.995923922764)
459c9ea3ba6901e8221083b37be03e92dcbaeec378b2b62efcbc52317e6ef032d0ffb40e2f987bf31485814d3558749ace4533ba4b4e3a40420fd27e2d7dd2c3,,07/14/2025 08:02:00 PM,30,NO CONTROLS,NO CONTROLS,CLEAR,DUSK,PARKED MOTOR VEHICLE,NOT DIVIDED,,STRAIGHT AND LEVEL,DRY,NO DEFECTS,ON SCENE,INJURY AND / OR TOW DUE TO CRASH,,,,"OVER $1,500",07/14/2025 08:17:00 PM,UNABLE TO DETERMINE,UNABLE TO DETERMINE,4210,W,MAYPOLE AVE,1114,,,,,,,2,NONINCAPACITATING INJURY,1,0,0,1,0,0,0,20,2,7,41.8847252944,-87.7311982278,POINT (-87.731198227844 41.884725294364)
5c809780ee59270f8e68ca05734032dc9fca1456a1ad8a387b05bca5fe134abffcdc8107fdd75ae5f2d0d3450c2d81f574997d17b813a061d875818c5a24b540,,07/14/2025 08:00:00 PM,30,STOP SIGN/FLASHER,FUNCTIONING PROPERLY,CLEAR,DAYLIGHT,ANGLE,FOUR WAY,,STRAIGHT AND LEVEL,DRY,WORN SURFACE,ON SCENE,INJURY AND / OR TOW DUE TO CRASH,Y,,,"OVER $1,500",07/14/2025 08:02:00 PM,FAILING TO YIELD RIGHT-OF-WAY,UNABLE TO DETERMINE,5900,S,EMERALD AVE,711,,,,,,,2,NONINCAPACITATING INJURY,2,0,0,2,0,2,0,20,2,7,41.7869730943,-87.6439104765,POINT (-87.643910476492 41.786973094317)
78af9d4289679d191b604ddd8c4e2dc6929abc3e501761e9ac679e46e99de4a11c21794f845e68254bb5319ea8161c6c84a45b87dbbfb52dcbbf52c3e2c2fdbb,,07/14/2025 08:00:00 PM,30,UNKNOWN,UNKNOWN,UNKNOWN,"DARKNESS, LIGHTED ROAD",PARKED MOTOR VEHICLE,NOT DIVIDED,,STRAIGHT AND LEVEL,UNKNOWN,UNKNOWN,NOT ON SCENE (DESK REPORT),NO INJURY / DRIVE AWAY,,,Y,"OVER $1,500",07/25/2025 09:03:00 PM,UNABLE TO DETERMINE,UNABLE TO DETERMINE,2732,N,HAMPDEN CT,1935,,,,,,,2,NO INDICATION OF INJURY,0,0,0,0,0,1,0,20,2,7,41.9316336951,-87.6421971763,POINT (-87.642197176296 41.931633695117)
8f12525581ac1db32ea2843161e420c607ac439ed70c21323b6a4a3c7860e9e876cb4bb4197bd5ec03f9968dec8ee8e1a7e2eccfce5add30b77e5d0de5f9aa75,,07/14/2025 08:00:00 PM,30,NO CONTROLS,NO CONTROLS,CLEAR,DAYLIGHT,PEDALCYCLIST,NOT DIVIDED,,STRAIGHT AND LEVEL,DRY,NO DEFECTS,ON SCENE,INJURY AND / OR TOW DUE TO CRASH,,,Y,"OVER $1,500",07/14/2025 09:00:00 PM,DRIVING SKILLS/KNOWLEDGE/EXPERIENCE,DRIVING SKILLS/KNOWLEDGE/EXPERIENCE,2056,W,DIVISION ST,1424,,,,,,,2,"REPORTED, NOT EVIDENT",1,0,0,0,1,1,0,20,2,7,41.903259684,-87.6795051309,POINT (-87.679505130879 41.903259683991)
b66ca4da992283bb66af76d337f42375d7920735ba91d50ce727df98f9e2e92778de46dcb059d1e830546eb80da5ca1a2e2db8255d139ac4fa03a2464b56f74f,,07/14/2025 07:53:00 PM,30,NO CONTROLS,NO CONTROLS,CLEAR,DAYLIGHT,ANGLE,NOT DIVIDED,,STRAIGHT AND LEVEL,DRY,NO DEFECTS,NOT ON SCENE (DESK REPORT),NO INJURY / DRIVE AWAY,,,,"OVER $1,500",07/14/2025 08:44:00 PM,NOT APPLICABLE,NOT APPLICABLE,6350,S,CICERO AVE,813,,,,,,,2,NO INDICATION OF INJURY,0,0,0,0,0,4,0,19,2,7,41.7769205421,-87.7423840062,POINT (-87.742384006174 41.77692054208)
bdce4c9e382db77ffd4123e6b4a9ab4715ebd0a3c0fb35a6de643a5db77b539509b7c1e901e401bfec98b4ab7f5c51a39c0e1127d2ed69aedaae3164613b612a,,07/14/2025 07:36:00 PM,30,TRAFFIC SIGNAL,FUNCTIONING PROPERLY,CLEAR,DAYLIGHT,SIDESWIPE SAME DIRECTION,DIVIDED - W/MEDIAN BARRIER,,STRAIGHT AND LEVEL,DRY,NO DEFECTS,ON SCENE,NO INJURY / DRIVE AWAY,,,Y,"OVER $1,500",07/14/2025 07:43:00 PM,IMPROPER OVERTAKING/PASSING,NOT APPLICABLE,5700,S,LAKE SHORE DR,331,,,,,,,2,NO INDICATION OF INJURY,0,0,0,0,0,2,0,19,2,7,41.7914202821,-87.5801477687,POINT (-87.580147768689 41.791420282098)
2c91a6b79c02a64243a4e1ef7d119325d1037f5302ba6916f192ff7271744badb58c6bef46334e046f532985c3bf5f2c0a8838b71a81288b405de0a154264b74,Y,07/14/2025 07:30:00 PM,30,NO CONTROLS,NO CONTROLS,CLEAR,DAYLIGHT,PARKED MOTOR VEHICLE,ONE-WAY,,STRAIGHT AND LEVEL,UNKNOWN,UNKNOWN,NOT ON SCENE (DESK REPORT),NO INJURY / DRIVE AWAY,,,Y,"OVER $1,500",07/16/2025 02:47:00 PM,UNABLE TO DETERMINE,NOT APPLICABLE,5611,N,KENMORE AVE,2022,,,,,,,2,NO INDICATION OF INJURY,0,0,0,0,0,1,0,19,2,7,41.9840582795,-87.6564802018,POINT (-87.656480201805 41.98405827946)
8d7342c06c50acd1f16248f5626d776e8b57fe7b3ee56e598faeab31f364d4731f6687486a3b903370168510fa0b293839e84811e40ec4aa12b7c03647b3abf6,,07/14/2025 07:30:00 PM,30,NO CONTROLS,NO CONTROLS,CLEAR,DAYLIGHT,SIDESWIPE SAME DIRECTION,NOT DIVIDED,,STRAIGHT AND LEVEL,DRY,NO DEFECTS,ON SCENE,NO INJURY / DRIVE AWAY,,,,$500 OR LESS,07/14/2025 07:30:00 PM,"VISION OBSCURED (SIGNS, TREE LIMBS, BUILDINGS, ETC.)",NOT APPLICABLE,750,W,127TH ST,523,,,,,,,2,NO INDICATION OF INJURY,0,0,0,0,0,2,0,19,2,7,41.6633592433,-87.6410930088,POINT (-87.641093008755 41.663359243327)
4e3a6ae529527ff944e98cecdcc61de4e881083ed8b1624ebcefeb14d639e100f7d5bbe025b6ea7c70171ce1c578c08527757aa2edc16feb9c15a00f373ce884,,07/14/2025 07:25:00 PM,30,NO CONTROLS,NO CONTROLS,CLEAR,DAYLIGHT,TURNING,PARKING LOT,,STRAIGHT AND LEVEL,DRY,NO DEFECTS,ON SCENE,NO INJURY / DRIVE AWAY,,,,"OVER $1,500",07/14/2025 07:28:00 PM,FAILING TO YIELD RIGHT-OF-WAY,FAILING TO REDUCE SPEED TO AVOID CRASH,6950,W,ARCHER AVE,811,,,,,,,2,NO INDICATION OF INJURY,0,0,0,0,0,2,0,19,2,7,41.7921806053,-87.796062228,POINT (-87.796062227973 41.792180605274)
d170675591ff9584f99c8927a6b8cd7d513fb486c839107efda2ba33a8ecaaa9d5a96a4e1db00b6e29da0afce9b25a3be0b827932e6a60d735e20c89d0424a5e,,07/14/2025 07:15:00 PM,35,NO CONTROLS,NO CONTROLS,CLEAR,DAYLIGHT,PARKED MOTOR VEHICLE,NOT DIVIDED,,STRAIGHT AND LEVEL,DRY,NO DEFECTS,ON SCENE,INJURY AND / OR TOW DUE TO CRASH,,,,"OVER $1,500",07/14/2025 07:28:00 PM,DISTRACTION - FROM INSIDE VEHICLE,DISTRACTION - FROM INSIDE VEHICLE,6561,N,HARLEM AVE,1611,,,,,,,4,NO INDICATION OF INJURY,0,0,0,0,0,2,0,19,2,7,42.0003803806,-87.8066187777,POINT (-87.80661877773 42.000380380587)
81e67ecaf65dd1bbcae20f7398b8b90377841d1ac86ff4bdda7a93ae7a9c07aec38c50940b2ba3af91151ce62adf5f2777f1c99a6d6619d336a1c2530071243d,,07/14/2025 07:10:00 PM,30,STOP SIGN/FLASHER,OTHER,CLEAR,DAYLIGHT,TURNING,FOUR WAY,,STRAIGHT AND LEVEL,DRY,UNKNOWN,ON SCENE,NO INJURY / DRIVE AWAY,Y,,,"$501 - $1,500",07/14/2025 07:20:00 PM,FAILING TO YIELD RIGHT-OF-WAY,NOT APPLICABLE,9801,S,AVENUE L,432,,,,,,,2,NO INDICATION OF INJURY,0,0,0,0,0,3,0,19,2,7,41.7176277642,-87.5363452175,POINT (-87.536345217472 41.717627764241)
36ee30021c93e8833df7df58d8719c36ea179acd3a36ab82397c2b34e6d43f39d4a6b41d2653f5ca8c14d87ec66421185be6db91b00c4859730f928125ac6e5a,,07/14/2025 07:00:00 PM,30,TRAFFIC SIGNAL,FUNCTIONING PROPERLY,CLEAR,DAYLIGHT,REAR END,DIVIDED - W/MEDIAN (NOT RAISED),,STRAIGHT AND LEVEL,DRY,UNKNOWN,,INJURY AND / OR TOW DUE TO CRASH,,,Y,"OVER $1,500",07/21/2025 02:00:00 PM,FOLLOWING TOO CLOSELY,DRIVING SKILLS/KNOWLEDGE/EXPERIENCE,2403,W,CHICAGO AVE,1221,,,,,,,2,NONINCAPACITATING INJURY,1,0,0,1,0,1,0,19,2,7,41.8956303485,-87.6870392085,POINT (-87.68703920845 41.895630348541)
fb0bbb9dfeb5c99374b80d5c650fca722b29fb3ac88f9141a24b8f722ae082c7c759c1bbe2d41610069c8d39806bda8fa81d4c83289df86b63fd6a169e536dc7,,07/14/2025 07:00:00 PM,35,TRAFFIC SIGNAL,FUNCTIONING PROPERLY,CLEAR,DAYLIGHT,OTHER NONCOLLISION,NOT DIVIDED,,STRAIGHT AND LEVEL,DRY,NO DEFECTS,ON SCENE,INJURY AND / OR TOW DUE TO CRASH,Y,,,"OVER $1,500",07/14/2025 07:00:00 PM,DRIVING SKILLS/KNOWLEDGE/EXPERIENCE,NOT APPLICABLE,1600,S,CENTRAL PARK AVE,1014,,,,,,,1,NONINCAPACITATING INJURY,1,0,0,1,0,0,0,19,2,7,41.8588809029,-87.7153513345,POINT (-87.715351334549 41.858880902852)
53a957eb110f94f88f6c551b83487452efd0356b376039b3e48c941b36509847b1613f6e35b9455fa0f92b13dc514bf3e8b207abe0eaa20c944d8eb5c5cde508,,07/14/2025 06:50:00 PM,30,NO CONTROLS,NO CONTROLS,CLEAR,DAYLIGHT,SIDESWIPE SAME DIRECTION,ONE-WAY,,STRAIGHT AND LEVEL,DRY,NO DEFECTS,ON SCENE,NO INJURY / DRIVE AWAY,,,,"OVER $1,500",07/14/2025 06:54:00 PM,DRIVING SKILLS/KNOWLEDGE/EXPERIENCE,DRIVING SKILLS/KNOWLEDGE/EXPERIENCE,768,W,JACKSON BLVD,1232,,,,,,,2,NO INDICATION OF INJURY,0,0,0,0,0,2,0,18,2,7,41.8780635428,-87.6467166778,POINT (-87.646716677831 41.878063542781)
a6c96679d38bdefc9bbfa604e808f7717e08482e92305ab335d2e46cfbc9e3bfbe7012a9fb2a8f9c9ce5e4d42708091415613291033f42b37ee8f598e1d3f575,,07/14/2025 06:49:00 PM,30,PEDESTRIAN CROSSING SIGN,FUNCTIONING PROPERLY,CLEAR,DAYLIGHT,PEDESTRIAN,FOUR WAY,,STRAIGHT AND LEVEL,UNKNOWN,UNKNOWN,,INJURY AND / OR TOW DUE TO CRASH,Y,,N,"OVER $1,500",07/14/2025 06:49:00 PM,FAILING TO YIELD RIGHT-OF-WAY,FAILING TO YIELD RIGHT-OF-WAY,1233,W,DEVON AVE,2433,,,,,,,2,NONINCAPACITATING INJURY,1,0,0,1,0,1,0,18,2,7,41.9980641186,-87.6618933967,POINT (-87.661893396703 41.998064118597)
786eb003190c2ff0f555983337c87e7339ef0621627cc8913bb88a69408016b3cba50dd5dfcd925b177523b8b038b64911843862a757c4c3e29f1eede77b1755,,07/14/2025 06:46:00 PM,30,TRAFFIC SIGNAL,FUNCTIONING PROPERLY,CLEAR,DAYLIGHT,PARKED MOTOR VEHICLE,DIVIDED - W/MEDIAN (NOT RAISED),,STRAIGHT AND LEVEL,DRY,NO DEFECTS,ON SCENE,NO INJURY / DRIVE AWAY,,,,"OVER $1,500",07/14/2025 06:48:00 PM,UNABLE TO DETERMINE,UNABLE TO DETERMINE,1545,N,PULASKI RD,2535,,,,,,,2,NO INDICATION OF INJURY,0,0,0,0,0,1,0,18,2,7,41.9094500796,-87.7263301777,POINT (-87.726330177734 41.909450079555)
87e8cf97458b0a7d479ce2f2bf1016d74ca36ef0d19d6a911d5ae3a7d3dde0e44c0fc97deb538ccc29d684872fd1b59395808f94530aa092cc8d89e886af9385,Y,07/14/2025 06:46:00 PM,30,UNKNOWN,UNKNOWN,CLEAR,DAYLIGHT,PARKED MOTOR VEHICLE,PARKING LOT,,STRAIGHT AND LEVEL,DRY,UNKNOWN,ON SCENE,INJURY AND / OR TOW DUE TO CRASH,,,,"OVER $1,500",07/14/2025 06:56:00 PM,UNABLE TO DETERMINE,NOT APPLICABLE,7059,S,ASHLAND AVE,734,,,,,,,2,NO INDICATION OF INJURY,0,0,0,0,0,1,0,18,2,7,41.7650042594,-87.6636541132,POINT (-87.663654113217 41.765004259432)
bb0d1444e3c92d7c830a03597c10f946be82ca8cda95be116a44355d3e181033653f2fc8c8c52d2d274067817baa7cbbb747ba9734352cb92365a4f58a96bcd1,,07/14/2025 06:45:00 PM,30,NO CONTROLS,NO CONTROLS,UNKNOWN,UNKNOWN,SIDESWIPE SAME DIRECTION,NOT DIVIDED,,STRAIGHT AND LEVEL,UNKNOWN,UNKNOWN,NOT ON SCENE (DESK REPORT),NO INJURY / DRIVE AWAY,,,Y,"$501 - $1,500",07/16/2025 06:50:00 PM,UNABLE TO DETERMINE,UNABLE TO DETERMINE,5500,S,CICERO AVE,813,,,,,,,2,NO INDICATION OF INJURY,0,0,0,0,0,2,0,18,2,7,41.7929108835,-87.742077343,POINT (-87.742077342959 41.792910883497)
3889a7f83e1139fd39872097285c7867dc8fa5c3aeb6bc40510c4ae8b622b169010cb0e8db11f7c1ebc38acbbfe7efb12fbe3a47415087ec1571a12b54319f43,,07/14/2025 06:35:00 PM,30,NO CONTROLS,NO CONTROLS,CLEAR,DAYLIGHT,REAR END,NOT DIVIDED,,STRAIGHT AND LEVEL,DRY,NO DEFECTS,NOT ON SCENE (DESK REPORT),NO INJURY / DRIVE AWAY,,,,$500 OR LESS,07/14/2025 07:53:00 PM,UNABLE TO DETERMINE,NOT APPLICABLE,2334,W,35TH ST,912,,,,,,,2,NO INDICATION OF INJURY,0,0,0,0,0,2,0,18,2,7,41.830403825,-87.6840275886,POINT (-87.684027588559 41.830403825019)
ba0b2eb3044d6efd773394fb5523574fd557556f2a9991ca4c5e077e9948f3d3a129a2e7e3a9159b54fe5c069a4042109021653ed1bcf454b8a432a02d9d44de,,07/14/2025 06:30:00 PM,30,NO CONTROLS,NO CONTROLS,CLEAR,DAYLIGHT,REAR END,NOT DIVIDED,,STRAIGHT AND LEVEL,DRY,NO DEFECTS,ON SCENE,NO INJURY / DRIVE AWAY,,,,"OVER $1,500",07/14/2025 06:30:00 PM,UNABLE TO DETERMINE,FOLLOWING TOO CLOSELY,3610,N,CICERO AVE,1634,,,,,,,2,NO INDICATION OF INJURY,0,0,0,0,0,3,0,18,2,7,41.9464806997,-87.7472351015,POINT (-87.74723510153 41.946480699665)
1d3ffaf017f9cb5dc3db0adfce27dcb8f910115c35d03df3163b8480bb89a034d264a7058bccafe28a1700797ccea33a5ed86072537dc14e74ea694220e6d407,,07/14/2025 06:20:00 PM,30,NO CONTROLS,NO CONTROLS,UNKNOWN,UNKNOWN,SIDESWIPE SAME DIRECTION,DIVIDED - W/MEDIAN (NOT RAISED),,STRAIGHT AND LEVEL,UNKNOWN,UNKNOWN,NOT ON SCENE (DESK REPORT),NO INJURY / DRIVE AWAY,,,,"OVER $1,500",07/17/2025 06:58:00 PM,DRIVING SKILLS/KNOWLEDGE/EXPERIENCE,DRIVING SKILLS/KNOWLEDGE/EXPERIENCE,6230,N,BROADWAY,2433,,,,,,,2,NO INDICATION OF INJURY,0,0,0,0,0,2,0,18,2,7,41.9954609812,-87.6605797135,POINT (-87.660579713495 41.995460981222)
24aaa446039ef89fd620101c18b3d74f622dc00b217c651fd39b1a8887e5e15f09cf76ca3db4577109289a630693f89e27e9cf6aa805f8665231a859255c8270,,07/14/2025 06:20:00 PM,15,NO CONTROLS,NO CONTROLS,CLEAR,DAYLIGHT,PARKED MOTOR VEHICLE,PARKING LOT,,STRAIGHT AND LEVEL,DRY,NO DEFECTS,NOT ON SCENE (DESK REPORT),NO INJURY / DRIVE AWAY,,,Y,"OVER $1,500",07/14/2025 07:20:00 PM,UNABLE TO DETERMINE,UNABLE TO DETERMINE,2701,W,NORTH AVE,1423,,,,,,,2,NO INDICATION OF INJURY,0,0,0,0,0,1,0,18,2,7,41.9101322404,-87.6946003939,POINT (-87.694600393866 41.910132240414)
60f8fcad89e74db70a3014809ef87134568250e3970f164a0872853615888631d482c6194d766cecf22116a1d7d58e4f115175771210fb8d5974a9ba9da2ab7f,,07/14/2025 06:20:00 PM,30,NO CONTROLS,NO CONTROLS,CLEAR,DAYLIGHT,REAR END,T-INTERSECTION,,STRAIGHT AND LEVEL,DRY,UNKNOWN,NOT ON SCENE (DESK REPORT),NO INJURY / DRIVE AWAY,,,,"OVER $1,500",07/14/2025 06:38:00 PM,IMPROPER BACKING,NOT APPLICABLE,2477,S,ARCHER AVE,914,,,,,,,2,NO INDICATION OF INJURY,0,0,0,0,0,2,0,18,2,7,41.8475580502,-87.6454959917,POINT (-87.645495991682 41.847558050164)
8f86a8115f5e2263600e36e2be3927fa9d37465dd0a6b753579d27af9bfdb05dd18962384c6b83e41f3913bc4df6fe2b3cc8dcddbe15a82a1d166da394bdf74d,,07/14/2025 06:12:00 PM,30,NO CONTROLS,NO CONTROLS,CLEAR,DAYLIGHT,REAR END,NOT DIVIDED,,STRAIGHT AND LEVEL,DRY,NO DEFECTS,ON SCENE,NO INJURY / DRIVE AWAY,,,,"OVER $1,500",07/14/2025 06:13:00 PM,FOLLOWING TOO CLOSELY,NOT APPLICABLE,5206,N,HARLEM AVE,1613,,,,,,,2,NO INDICATION OF INJURY,0,0,0,0,0,2,0,18,2,7,41.9747686365,-87.8072184997,POINT (-87.807218499705 41.97476863647)
47616804fc7dab70b16b585b44b7c249d5001c86b0c5cd41a524199fe7076e3cd8ef43d93bf4ef441a47deb10df4f838b0bec86496af5d7b85c7ba43327842fe,,07/14/2025 06:05:00 PM,30,STOP SIGN/FLASHER,FUNCTIONING PROPERLY,CLEAR,DAYLIGHT,TURNING,FOUR WAY,,STRAIGHT AND LEVEL,DRY,NO DEFECTS,ON SCENE,NO INJURY / DRIVE AWAY,Y,,Y,"OVER $1,500",07/14/2025 06:07:00 PM,DISREGARDING STOP SIGN,FAILING TO YIELD RIGHT-OF-WAY,3200,W,AINSLIE ST,1713,,,,,,,2,NO INDICATION OF INJURY,0,0,0,0,0,2,0,18,2,7,41.9703812476,-87.7085910104,POINT (-87.708591010411 41.97038124761)
3feee480fabee4f8c365feabc7474e96778d9c421bdb3f4c206a38018e39818031469b59e15f181061c143418d31293eaaf86fc647e7eb4e30b2914b3f55ee54,,07/14/2025 06:00:00 PM,30,TRAFFIC SIGNAL,FUNCTIONING PROPERLY,CLEAR,"DARKNESS, LIGHTED ROAD",SIDESWIPE SAME DIRECTION,T-INTERSECTION,,STRAIGHT AND LEVEL,DRY,NO DEFECTS,NOT ON SCENE (DESK REPORT),NO INJURY / DRIVE AWAY,,,N,"$501 - $1,500",07/14/2025 10:40:00 PM,FAILING TO REDUCE SPEED TO AVOID CRASH,FAILING TO REDUCE SPEED TO AVOID CRASH,1803,W,PERSHING RD,924,Y,,,,,,2,NO INDICATION OF INJURY,0,0,0,0,0,3,0,18,2,7,41.8230589921,-87.6703428947,POINT (-87.670342894687 41.823058992147)
ac6673ae6651fd2b516151ea3341f7ebbfaf9c12d5a15fa6fd0d26e645fd15861af9690322d90932c095d64520b9b9dce479e05bec832b72d3983db1415653ed,,07/14/2025 06:00:00 PM,30,NO CONTROLS,NO CONTROLS,CLEAR,DAYLIGHT,TURNING,NOT DIVIDED,,STRAIGHT AND LEVEL,DRY,NO DEFECTS,NOT ON SCENE (DESK REPORT),NO INJURY / DRIVE AWAY,,,,"$501 - $1,500",07/14/2025 07:00:00 PM,UNABLE TO DETERMINE,UNABLE TO DETERMINE,758,W,117TH ST,524,,,,,,,2,NO INDICATION OF INJURY,0,0,0,0,0,5,0,18,2,7,41.6819403602,-87.6419593629,POINT (-87.641959362902 41.681940360159)
39090d940531d13ca51181424dc9cd3bd307604c26b9cae7ab98e87432f725da52ba20bd80fb030bb311fe35cef5a0c4888a120331cf194190f2e15b5698d07d,,07/14/2025 05:50:00 PM,30,UNKNOWN,UNKNOWN,UNKNOWN,DAYLIGHT,REAR END,ONE-WAY,,STRAIGHT AND LEVEL,UNKNOWN,UNKNOWN,NOT ON SCENE (DESK REPORT),NO INJURY / DRIVE AWAY,,,,"$501 - $1,500",07/14/2025 06:35:00 PM,UNABLE TO DETERMINE,NOT APPLICABLE,6501,N,GREENVIEW AVE,2432,,,,,,,2,NO INDICATION OF INJURY,0,0,0,0,0,3,0,17,2,7,42.0000311963,-87.6678645066,POINT (-87.667864506568 42.000031196334)
86e5f482444bf577f876de957b05fafd9aeb48a5ec5ad3e93b9a6c608334d61d42548fa52b2b452a92d4a32671b24c9fd6f5d6ca2c2509cba14e7801699c9288,,07/14/2025 05:50:00 PM,30,NO CONTROLS,NO CONTROLS,CLEAR,DAYLIGHT,OTHER OBJECT,DIVIDED - W/MEDIAN (NOT RAISED),,STRAIGHT AND LEVEL,DRY,NO DEFECTS,ON SCENE,NO INJURY / DRIVE AWAY,N,,Y,$500 OR LESS,07/14/2025 06:02:00 PM,DISTRACTION - FROM INSIDE VEHICLE,UNABLE TO DETERMINE,3134,W,IRVING PARK RD,1724,,,,,,,2,NO INDICATION OF INJURY,0,0,0,0,0,2,0,17,2,7,41.954036502,-87.7070137557,POINT (-87.707013755739 41.954036501987)
73117f3b80d440adfc64562f628d30425770105272055de4215c871dd0f25ec81f631d2ccf07e325a3eb8d2493127302ea3f33672a6b29eec36286fa13388ba4,,07/14/2025 05:46:00 PM,30,TRAFFIC SIGNAL,FUNCTIONING PROPERLY,CLEAR,DAYLIGHT,ANGLE,DIVIDED - W/MEDIAN (NOT RAISED),,STRAIGHT AND LEVEL,DRY,NO DEFECTS,ON SCENE,INJURY AND / OR TOW DUE TO CRASH,Y,,,"OVER $1,500",07/14/2025 05:52:00 PM,DISREGARDING TRAFFIC SIGNALS,UNABLE TO DETERMINE,1600,E,93RD ST,413,Y,,,,,,2,NO INDICATION OF INJURY,0,0,0,0,0,3,0,17,2,7,41.7261003822,-87.5849155191,POINT (-87.584915519134 41.726100382181)
0b76de34b4974d81a3364b302502fba80c9eb4086fc3e9cae5f6f4b3854214a4eb2f25450f4be70440f66a1db5a7804dde14d44d01c9b7db5f489b3b01f6054a,,07/14/2025 05:44:00 PM,25,TRAFFIC SIGNAL,FUNCTIONING PROPERLY,CLEAR,DAYLIGHT,SIDESWIPE SAME DIRECTION,FOUR WAY,,STRAIGHT AND LEVEL,DRY,NO DEFECTS,ON SCENE,NO INJURY / DRIVE AWAY,Y,,,"OVER $1,500",07/14/2025 05:44:00 PM,IMPROPER OVERTAKING/PASSING,NOT APPLICABLE,3398,W,CONGRESS PKWY,1134,,,,,,,2,NO INDICATION OF INJURY,0,0,0,0,0,2,0,17,2,7,41.8746542716,-87.7107707518,POINT (-87.710770751817 41.874654271607)