CRASH_RECORD_ID,CRASH_DATE_EST_I,CRASH_DATE,POSTED_SPEED_LIMIT,TRAFFIC_CONTROL_DEVICE,DEVICE_CONDITION,WEATHER_CONDITION,LIGHTING_CONDITION,FIRST_CRASH_TYPE,TRAFFICWAY_TYPE,LANE_CNT,ALIGNMENT,ROADWAY_SURFACE_COND,ROAD_DEFECT,REPORT_TYPE,CRASH_TYPE,INTERSECTION_RELATED_I,NOT_RIGHT_OF_WAY_I,HIT_AND_RUN_I,DAMAGE,DATE_POLICE_NOTIFIED,PRIM_CONTRIBUTORY_CAUSE,SEC_CONTRIBUTORY_CAUSE,STREET_NO,STREET_DIRECTION,STREET_NAME,BEAT_OF_OCCURRENCE,PHOTOS_TAKEN_I,STATEMENTS_TAKEN_I,DOORING_I,WORK_ZONE_I,WORK_ZONE_TYPE,WORKERS_PRESENT_I,NUM_UNITS,MOST_SEVERE_INJURY,INJURIES_TOTAL,INJURIES_FATAL,INJURIES_INCAPACITATING,INJURIES_NON_INCAPACITATING,INJURIES_REPORTED_NOT_EVIDENT,INJURIES_NO_INDICATION,INJURIES_UNKNOWN,CRASH_HOUR,CRASH_DAY_OF_WEEK,CRASH_MONTH,LATITUDE,LONGITUDE,LOCATION
171f10a26e652d2fab8bd2dd5afba5766279839de7416c3593b595730992d1b46b3acb3c7d317ce3dc7df5a6c34b4fc06596ac065f5c96cb50d068ffa754e75d,,07/14/2025 05:42:00 PM,30,STOP SIGN/FLASHER,FUNCTIONING PROPERLY,CLEAR,DAYLIGHT,REAR END,FOUR WAY,,STRAIGHT AND LEVEL,DRY,NO DEFECTS,NOT ON SCENE (DESK REPORT),NO INJURY / DRIVE AWAY,,,Y,"OVER $1,500",07/14/2025 09:29:00 PM,"OPERATING VEHICLE IN ERRATIC, RECKLESS, CARELESS, NEGLIGENT OR AGGRESSIVE MANNER",FOLLOWING TOO CLOSELY,3931,W,30TH ST,1031,,,,,,,2,NO INDICATION OF INJURY,0,0,0,0,0,3,0,17,2,7,41.8386351334,-87.7231141803,POINT (-87.723114180313 41.838635133408)
95b08d5c01637d07bd4f638c24f79892e71923743a5da26aa681ab3cae9473b68b48214ef236c43cd6471e1fe06c2bd04f5096e68f4599b5a22ab456aad0bd55,,07/14/2025 05:38:00 PM,30,TRAFFIC SIGNAL,FUNCTIONING PROPERLY,CLEAR,DAYLIGHT,ANGLE,NOT DIVIDED,,STRAIGHT AND LEVEL,DRY,UNKNOWN,ON SCENE,INJURY AND / OR TOW DUE TO CRASH,Y,,Y,"OVER $1,500",07/14/2025 05:52:00 PM,DISREGARDING TRAFFIC SIGNALS,FAILING TO YIELD RIGHT-OF-WAY,3753,N,AUSTIN AVE,1633,,,,,,,2,NONINCAPACITATING INJURY,1,0,0,1,0,1,0,17,2,7,41.9491951764,-87.7764869227,POINT (-87.776486922679 41.949195176376)
61968a5fcf1afd1d6688174b082e6bf34f4c4eaed7840eff6b86455c45698c4db7049007c5ec6b38fbc61ddc24165566f136076cfb6a6c7132afa19dde1fb2e5,,07/14/2025 05:35:00 PM,30,STOP SIGN/FLASHER,FUNCTIONING PROPERLY,CLEAR,DAYLIGHT,ANGLE,DIVIDED - W/MEDIAN (NOT RAISED),,STRAIGHT AND LEVEL,DRY,NO DEFECTS,ON SCENE,INJURY AND / OR TOW DUE TO CRASH,Y,,,"OVER $1,500",07/14/2025 05:40:00 PM,FAILING TO YIELD RIGHT-OF-WAY,NOT APPLICABLE,2100,W,BELMONT AVE,1921,,,,,,,2,"REPORTED, NOT EVIDENT",2,0,0,0,2,1,0,17,2,7,41.9396519315,-87.6809032053,POINT (-87.680903205327 41.939651931538)
29128ea103c727f17c3e20bf37ccc2f52a6611d1b6dda78da61e1bf4d8fc611817777cc56f446765c2cf767358dd3ef268064572532bffc2541d0ad512ddd913,,07/14/2025 05:30:00 PM,30,STOP SIGN/FLASHER,FUNCTIONING PROPERLY,CLEAR,DAYLIGHT,SIDESWIPE SAME DIRECTION,NOT DIVIDED,,STRAIGHT AND LEVEL,DRY,NO DEFECTS,ON SCENE,INJURY AND / OR TOW DUE TO CRASH,Y,,Y,"OVER $1,500",07/14/2025 05:35:00 PM,FAILING TO YIELD RIGHT-OF-WAY,IMPROPER OVERTAKING/PASSING,1800,W,JACKSON BLVD,1225,,,,,,,2,NONINCAPACITATING INJURY,1,0,0,1,0,1,0,17,2,7,41.8776515241,-87.6717745928,POINT (-87.671774592755 41.877651524062)
4ae4448321d0f6c0105ed672e7fca3148a9851918349b2c8f36b81be60b9bf8bbcddb3371674b5a2d353ca8fbb2496b97283afe0dfd79e5ab5adecda771d6aab,,07/14/2025 05:25:00 PM,30,NO CONTROLS,NO CONTROLS,CLEAR,DAYLIGHT,FIXED OBJECT,OTHER,,STRAIGHT AND LEVEL,DRY,NO DEFECTS,ON SCENE,INJURY AND / OR TOW DUE TO CRASH,,Y,,"OVER $1,500",07/14/2025 05:28:00 PM,UNABLE TO DETERMINE,NOT APPLICABLE,5629,N,ROGERS AVE,1711,,,,,,,1,NONINCAPACITATING INJURY,1,0,0,1,0,1,0,17,2,7,41.9834422456,-87.7453441536,POINT (-87.745344153588 41.983442245642)
e004ef988ddff0d541401b3acd1aa96bb3d610ff0e6aad171dceb6fbd61b481090b7827b3d1714155006f07d13305f6ddaf0c9c696d0cd01c4e53dbced943653,,07/14/2025 05:25:00 PM,30,TRAFFIC SIGNAL,FUNCTIONING PROPERLY,CLEAR,DAYLIGHT,REAR END,FOUR WAY,,STRAIGHT AND LEVEL,DRY,UNKNOWN,ON SCENE,INJURY AND / OR TOW DUE TO CRASH,,,,"OVER $1,500",07/14/2025 05:29:00 PM,UNABLE TO DETERMINE,UNABLE TO DETERMINE,826,E,95TH ST,413,,,,,,,2,NONINCAPACITATING INJURY,1,0,0,1,0,1,0,17,2,7,41.7221558033,-87.6033004031,POINT (-87.603300403123 41.722155803252)
af917e61f3c94180081f089fb59e1e10f3c1a8a5aad6f4e3168841fabd42adb27f5ee702500b9a04b7154f0a9e9b276e3bf84a3020a4124f7b0b2574f6153d6a,,07/14/2025 05:13:00 PM,30,NO CONTROLS,NO CONTROLS,CLEAR,DAYLIGHT,REAR TO FRONT,PARKING LOT,,STRAIGHT AND LEVEL,DRY,UNKNOWN,NOT ON SCENE (DESK REPORT),NO INJURY / DRIVE AWAY,,,,"OVER $1,500",07/14/2025 05:27:00 PM,UNABLE TO DETERMINE,UNABLE TO DETERMINE,7652,W,TOUHY AVE,1611,,,,,,,2,NO INDICATION OF INJURY,0,0,0,0,0,2,0,17,2,7,42.0115231421,-87.818422236,POINT (-87.818422235956 42.011523142128)
ec42f9115c2b51ba8ead2a905f78845f87600074282a12384ce9a731487ef20145955b9fdc9d0d9d9cea1e26b3f427e88e230dbc5c3c2f4404b1f61a762b0ce7,,07/14/2025 05:11:00 PM,30,NO CONTROLS,NO CONTROLS,CLEAR,DAYLIGHT,SIDESWIPE SAME DIRECTION,NOT DIVIDED,,STRAIGHT AND LEVEL,DRY,UNKNOWN,ON SCENE,INJURY AND / OR TOW DUE TO CRASH,,,,"OVER $1,500",07/14/2025 05:12:00 PM,UNABLE TO DETERMINE,NOT APPLICABLE,3999,W,ERIE ST,1122,,,,,,,2,NONINCAPACITATING INJURY,1,0,0,1,0,2,0,17,2,7,41.8927937616,-87.725945097,POINT (-87.725945097007 41.892793761558)
9a408eb9f4dac3af1b00b250611ad2cf209464f791b7a6adb54c9576c3c5720326c15ec6d5ea5b8b09c2b6a5d957881a31d590e26d352e4db83f36da197ec38d,,07/14/2025 05:10:00 PM,20,TRAFFIC SIGNAL,FUNCTIONING PROPERLY,CLEAR,DAYLIGHT,PARKED MOTOR VEHICLE,NOT DIVIDED,,STRAIGHT AND LEVEL,DRY,NO DEFECTS,ON SCENE,INJURY AND / OR TOW DUE TO CRASH,,,,"OVER $1,500",07/14/2025 05:13:00 PM,UNABLE TO DETERMINE,UNABLE TO DETERMINE,8229,W,WAVELAND AVE,1631,,,,,,,2,NO INDICATION OF INJURY,0,0,0,0,0,1,0,17,2,7,41.94656726,-87.832755017,POINT (-87.832755017008 41.946567260048)
75a82c211383db600a0431891fe1664ba78abd0afcb660df9fe6851a44f17619cec14a488e2e916c0fa45d70823af2a9c68cbc43789860e2bf64cb30a3624f31,,07/14/2025 05:08:00 PM,30,NO CONTROLS,NO CONTROLS,CLEAR,DAYLIGHT,PARKED MOTOR VEHICLE,PARKING LOT,,STRAIGHT AND LEVEL,DRY,NO DEFECTS,NOT ON SCENE (DESK REPORT),NO INJURY / DRIVE AWAY,,,,"OVER $1,500",07/14/2025 05:45:00 PM,IMPROPER BACKING,UNABLE TO DETERMINE,5483,W,BERTEAU AVE,1624,,,,,,,2,NO INDICATION OF INJURY,0,0,0,0,0,2,0,17,2,7,41.9567539162,-87.7645334522,POINT (-87.76453345223 41.956753916214)
af00962213f049cd995de3656d136602457effb5f39ac31cb1df4d71907336eefbba7b7d99f0019cd87d50ca7a55138ca032289366c13ac37b9e3391e3e589b1,,07/14/2025 05:06:00 PM,30,TRAFFIC SIGNAL,FUNCTIONING PROPERLY,CLEAR,DAYLIGHT,SIDESWIPE SAME DIRECTION,DIVIDED - W/MEDIAN BARRIER,,STRAIGHT AND LEVEL,DRY,NO DEFECTS,NOT ON SCENE (DESK REPORT),NO INJURY / DRIVE AWAY,,,,$500 OR LESS,07/14/2025 05:30:00 PM,IMPROPER LANE USAGE,NOT APPLICABLE,1200,S,HALSTED ST,1232,,,,,,,2,NO INDICATION OF INJURY,0,0,0,0,0,2,0,17,2,7,41.8671252507,-87.6470648083,POINT (-87.647064808299 41.867125250673)
147b6f251b1c77611a4152b69152f30e349969517cf0f32f9b1830aa2f31adb91a9923ecf21d3e903acdde1fa2e32dfc2e167a341d7a509160955b45dabecc6b,Y,07/14/2025 05:05:00 PM,30,UNKNOWN,UNKNOWN,UNKNOWN,UNKNOWN,SIDESWIPE SAME DIRECTION,NOT DIVIDED,,STRAIGHT AND LEVEL,UNKNOWN,UNKNOWN,NOT ON SCENE (DESK REPORT),INJURY AND / OR TOW DUE TO CRASH,,,,"OVER $1,500",07/14/2025 06:20:00 PM,UNABLE TO DETERMINE,NOT APPLICABLE,7746,S,YATES BLVD,414,,,,,,,2,NO INDICATION OF INJURY,0,0,0,0,0,2,0,17,2,7,41.7539731591,-87.5664244183,POINT (-87.566424418305 41.753973159138)
09829a010d14c701ca8b9a761bdfc213aff044a2c073484ac83a5c5cbb043fc424cfe02b62f5d53f6f07ee35744938d2c961c4b5c1bc6ee1dfbc091dddc07097,,07/14/2025 05:00:00 PM,30,UNKNOWN,UNKNOWN,CLEAR,DAYLIGHT,REAR END,NOT DIVIDED,,STRAIGHT AND LEVEL,UNKNOWN,UNKNOWN,NOT ON SCENE (DESK REPORT),NO INJURY / DRIVE AWAY,,,,"OVER $1,500",07/21/2025 04:00:00 PM,UNABLE TO DETERMINE,UNABLE TO DETERMINE,1860,N,ELSTON AVE,1433,,,,,,,2,NO INDICATION OF INJURY,0,0,0,0,0,2,0,17,2,7,41.9162772627,-87.6664484714,POINT (-87.66644847142 41.916277262687)
1bca589d81f93b52c1a1ea34e092aa4baae7773c4dca00058dde11fb35c9c05a770cc4eedd652f42da23bd270d98b24c6d06606e9e5cc601fb6c50a4eb9110c3,,07/14/2025 05:00:00 PM,30,NO CONTROLS,NO CONTROLS,CLEAR,DAYLIGHT,REAR END,DIVIDED - W/MEDIAN (NOT RAISED),,STRAIGHT AND LEVEL,DRY,NO DEFECTS,NOT ON SCENE (DESK REPORT),NO INJURY / DRIVE AWAY,,,,"OVER $1,500",07/14/2025 06:41:00 PM,FOLLOWING TOO CLOSELY,NOT APPLICABLE,6100,S,WESTERN AVE,825,,,,,,,2,NO INDICATION OF INJURY,0,0,0,0,0,2,0,17,2,7,41.7828162034,-87.6838859946,POINT (-87.683885994582 41.782816203429)
5e4570a356cd1617eff3eb81c3d4cbfd47fbf90b67555e52acf420966c4213ca4654a88bed6d2e2b707bedeecdbbf338d74a668d43b2e1eba510d3ba509f806b,,07/14/2025 05:00:00 PM,30,UNKNOWN,UNKNOWN,CLEAR,DAYLIGHT,PARKED MOTOR VEHICLE,PARKING LOT,,STRAIGHT AND LEVEL,DRY,UNKNOWN,NOT ON SCENE (DESK REPORT),NO INJURY / DRIVE AWAY,,,,"OVER $1,500",07/17/2025 07:00:00 PM,NOT APPLICABLE,NOT APPLICABLE,953,N,ELSTON AVE,1213,,,,,,,2,NO INDICATION OF INJURY,0,0,0,0,0,1,0,17,2,7,41.8998486714,-87.6564988072,POINT (-87.656498807226 41.899848671428)
aea9000695026bf35d7082d9fdd5f294afb7dd3a7cac2e1d82be96b22c590335a926066bd7eb2f8b6f846d7e63813b08ce5bfe14840714bf476bd2dfea12e2ea,,07/14/2025 05:00:00 PM,30,STOP SIGN/FLASHER,FUNCTIONING PROPERLY,CLEAR,DAYLIGHT,TURNING,NOT DIVIDED,,STRAIGHT AND LEVEL,DRY,NO DEFECTS,NOT ON SCENE (DESK REPORT),NO INJURY / DRIVE AWAY,Y,,,"OVER $1,500",07/14/2025 05:30:00 PM,UNABLE TO DETERMINE,NOT APPLICABLE,215,W,PERSHING RD,925,,,,,,,2,NO INDICATION OF INJURY,0,0,0,0,0,3,0,17,2,7,41.8235215009,-87.6320284286,POINT (-87.632028428637 41.823521500944)
bd637ec221e23d6b4b4109bfdca49331e5ccd3887965624f9b2e070f0a4245a763b7ea6ff1fd67cbbab9ef5b7560ab41fa35215ccf6021363360e06903c0db76,,07/14/2025 04:55:00 PM,30,NO CONTROLS,NO CONTROLS,CLEAR,DAYLIGHT,SIDESWIPE SAME DIRECTION,DIVIDED - W/MEDIAN BARRIER,,STRAIGHT AND LEVEL,DRY,UNKNOWN,ON SCENE,INJURY AND / OR TOW DUE TO CRASH,,,Y,"OVER $1,500",07/14/2025 05:07:00 PM,IMPROPER LANE USAGE,UNABLE TO DETERMINE,3410,S,WESTERN BLVD,911,,,,,,,2,NO INDICATION OF INJURY,0,0,0,0,0,2,0,16,2,7,41.8317548465,-87.6847525798,POINT (-87.684752579771 41.831754846481)
d258e4af75242509e342bc6c8eb3086c9a055815fdb0133b33cdbd9efbc6dfa2cfcfa233a38849656acfc423d6a6396fdba1be66a4abf1adac5dc1e5b43471bc,,07/14/2025 04:55:00 PM,30,UNKNOWN,UNKNOWN,CLEAR,"DARKNESS, LIGHTED ROAD",REAR END,NOT DIVIDED,,STRAIGHT AND LEVEL,DRY,NO DEFECTS,ON SCENE,NO INJURY / DRIVE AWAY,,,Y,"OVER $1,500",07/15/2025 08:10:00 PM,FOLLOWING TOO CLOSELY,NOT APPLICABLE,4016,N,LARAMIE AVE,1624,,,,,,,2,NO INDICATION OF INJURY,0,0,0,0,0,2,0,16,2,7,41.9538111732,-87.7573105109,POINT (-87.7573105109 41.953811173241)
abc8d26c7446e814b20b7b39d3a9d6e72091f0556367ad919bfc4ba2c92cc4eef90d7cf3d0f0893e04816cedf048ec886dfd558fbb77d43417dfeb62858a0d70,,07/14/2025 04:50:00 PM,30,TRAFFIC SIGNAL,FUNCTIONING PROPERLY,CLEAR,DAYLIGHT,TURNING,DIVIDED - W/MEDIAN (NOT RAISED),,STRAIGHT AND LEVEL,DRY,NO DEFECTS,NOT ON SCENE (DESK REPORT),NO INJURY / DRIVE AWAY,Y,,,"$501 - $1,500",07/17/2025 07:30:00 PM,DRIVING SKILLS/KNOWLEDGE/EXPERIENCE,UNABLE TO DETERMINE,5500,S,HALSTED ST,712,,,,,,,2,NO INDICATION OF INJURY,0,0,0,0,0,2,0,16,2,7,41.7938690123,-87.6452949015,POINT (-87.645294901547 41.793869012306)
c57f20d8ad5f2d9f1cafa85b597bda53d92022cfb88ecb14d9ef8c799ccf2fd9080d4d18582063bd31cb47707dce51eeb87c5494bdae88d3292649a9b6bbd001,,07/14/2025 04:50:00 PM,30,STOP SIGN/FLASHER,FUNCTIONING PROPERLY,CLEAR,DAYLIGHT,ANGLE,FOUR WAY,,STRAIGHT AND LEVEL,DRY,UNKNOWN,NOT ON SCENE (DESK REPORT),NO INJURY / DRIVE AWAY,,,,"$501 - $1,500",07/15/2025 06:10:00 PM,FAILING TO YIELD RIGHT-OF-WAY,NOT APPLICABLE,1900,N,KEDZIE AVE,1421,,,,,,,2,NO INDICATION OF INJURY,0,0,0,0,0,2,0,16,2,7,41.9156224122,-87.7070639352,POINT (-87.707063935234 41.915622412231)
ce06095a6fd69077c775c754ca1a29f66a621144e3adf67e352a2e29c2d241fc0e1246b66b7730015121dfb791f822bd7a204598fcbd90ba6833aae9e0818b9f,,07/14/2025 04:50:00 PM,30,NO CONTROLS,NO CONTROLS,CLEAR,DAYLIGHT,SIDESWIPE SAME DIRECTION,DIVIDED - W/MEDIAN (NOT RAISED),,STRAIGHT AND LEVEL,UNKNOWN,UNKNOWN,NOT ON SCENE (DESK REPORT),NO INJURY / DRIVE AWAY,,,,"OVER $1,500",07/14/2025 05:10:00 PM,FAILING TO YIELD RIGHT-OF-WAY,FAILING TO REDUCE SPEED TO AVOID CRASH,2650,N,SHEFFIELD AVE,1935,,,,,,,2,NO INDICATION OF INJURY,0,0,0,0,0,2,0,16,2,7,41.9303923149,-87.6539296843,POINT (-87.653929684286 41.930392314899)
6553d2dac68d72af3fd48b8b87f6bef542d716b406935efda8e8000206773bd8596a11684dc19cf4eb9cec7d9af2b4655c809d4b6166f925252db58ea94c7a32,,07/14/2025 04:45:00 PM,30,TRAFFIC SIGNAL,FUNCTIONING PROPERLY,CLEAR,DAYLIGHT,REAR END,FOUR WAY,,STRAIGHT AND LEVEL,DRY,NO DEFECTS,,NO INJURY / DRIVE AWAY,,,,"OVER $1,500",07/14/2025 05:15:00 PM,NOT APPLICABLE,NOT APPLICABLE,701,S,KOSTNER AVE,1131,,,,,,,2,NO INDICATION OF INJURY,0,0,0,0,0,2,0,16,2,7,41.8723981891,-87.7350380821,POINT (-87.735038082055 41.872398189082)
692c18f49d628c9378db50998cfe5d7a169d5b23949e620c1ce9ad8a8923bc0b74ffe38a3479fbff7862e558dc0226d8b5d35c608c44512dd563bcc33c214ddf,,07/14/2025 04:45:00 PM,35,STOP SIGN/FLASHER,FUNCTIONING PROPERLY,CLEAR,DAYLIGHT,REAR END,NOT DIVIDED,,STRAIGHT AND LEVEL,DRY,NO DEFECTS,NOT ON SCENE (DESK REPORT),NO INJURY / DRIVE AWAY,,,,"$501 - $1,500",07/14/2025 04:55:00 PM,UNABLE TO DETERMINE,NOT APPLICABLE,5960,W,PETERSON AVE,1611,,,,,,,2,NO INDICATION OF INJURY,0,0,0,0,0,2,0,16,2,7,41.9903122339,-87.7778301363,POINT (-87.77783013633 41.990312233854)
b966d4b08e9dad6c6bf8d2f834e8cdd5fd64588babfb26f23b8728b0487bf61a5a78d90b965e4ef457dd9c4a13d5ca1efc9d59ab95cd88c95389175e31ef194b,,07/14/2025 04:45:00 PM,35,STOP SIGN/FLASHER,FUNCTIONING PROPERLY,CLEAR,DAYLIGHT,ANGLE,NOT DIVIDED,,STRAIGHT AND LEVEL,DRY,NO DEFECTS,,INJURY AND / OR TOW DUE TO CRASH,Y,,,"OVER $1,500",07/14/2025 04:47:00 PM,FAILING TO YIELD RIGHT-OF-WAY,FAILING TO YIELD RIGHT-OF-WAY,5824,N,ELSTON AVE,1622,,,,,,,2,"REPORTED, NOT EVIDENT",1,0,0,0,1,1,0,16,2,7,41.9872083636,-87.7728223177,POINT (-87.772822317674 41.987208363624)
7c80c107949528c4c203d96db444d019119a563b32ed46f86f17cde0cf6f58e9ad1be52b2fc1ccd5f0b97fb9bc22f457e5a10619e5638c3580e83703ec4c35fe,,07/14/2025 04:40:00 PM,30,TRAFFIC SIGNAL,FUNCTIONING PROPERLY,CLEAR,DAYLIGHT,TURNING,FOUR WAY,,STRAIGHT AND LEVEL,DRY,NO DEFECTS,,NO INJURY / DRIVE AWAY,Y,,,"$501 - $1,500",07/15/2025 06:20:00 PM,DRIVING ON WRONG SIDE/WRONG WAY,IMPROPER LANE USAGE,4700,S,CORNELL AVE,222,,,,,,,2,NO INDICATION OF INJURY,0,0,0,0,0,3,0,16,2,7,41.8102195856,-87.5903019893,POINT (-87.590301989324 41.810219585589)
9ce9db2c9ccce8ed1ddf36699a46ca34d3b885cc81d780d0ae1b34e2802ff3dcb016b0113d00319c0ae12da3c6fba47d3d022ca0c830fdc2dccb49e8869b18bc,,07/14/2025 04:40:00 PM,25,NO CONTROLS,NO CONTROLS,CLEAR,DAYLIGHT,REAR END,NOT DIVIDED,,STRAIGHT AND LEVEL,DRY,NO DEFECTS,NOT ON SCENE (DESK REPORT),NO INJURY / DRIVE AWAY,,,,"OVER $1,500",07/14/2025 07:40:00 PM,NOT APPLICABLE,NOT APPLICABLE,658,S,LAKE SHORE DR NB,114,,,,,,,2,NO INDICATION OF INJURY,0,0,0,0,0,2,0,16,2,7,41.8733187497,-87.6174606542,POINT (-87.617460654154 41.873318749659)
f7a1d1698e0396856ff67a4df3da1d8eb4341b7858fa9f5e37c84910b17aaa9b797b47ac2c5c14dda5c9298fd9080124f98b9100f48e680061f1c0a3991c27ed,,07/14/2025 04:40:00 PM,30,NO CONTROLS,NO CONTROLS,CLEAR,DAYLIGHT,PARKED MOTOR VEHICLE,DIVIDED - W/MEDIAN (NOT RAISED),,STRAIGHT AND LEVEL,DRY,NO DEFECTS,NOT ON SCENE (DESK REPORT),NO INJURY / DRIVE AWAY,,,Y,"OVER $1,500",07/14/2025 05:58:00 PM,NOT APPLICABLE,NOT APPLICABLE,1549,N,KOSTNER AVE,2534,,,,,,,2,NO INDICATION OF INJURY,0,0,0,0,0,1,0,16,2,7,41.9090918951,-87.7361783518,POINT (-87.736178351843 41.909091895106)
eb705a9f250dca01f7280e7873fc9c8a34b8e558e16b9abf6eacbb74533508eb152451124605418c31d4cfeeac9bdd5e2a0351b286ec25f77e52b61928f9e61f,,07/14/2025 04:35:00 PM,30,TRAFFIC SIGNAL,FUNCTIONING PROPERLY,CLEAR,DAYLIGHT,REAR END,TRAFFIC ROUTE,,STRAIGHT AND LEVEL,DRY,NO DEFECTS,ON SCENE,INJURY AND / OR TOW DUE TO CRASH,Y,,,"OVER $1,500",07/14/2025 04:41:00 PM,FOLLOWING TOO CLOSELY,FAILING TO REDUCE SPEED TO AVOID CRASH,9240,S,STONY ISLAND AVE,413,,,,,,,2,NONINCAPACITATING INJURY,1,0,0,1,0,2,0,16,2,7,41.7266143045,-87.5855627607,POINT (-87.585562760654 41.726614304453)
1f8ed74a9890bf38d418d2d41a84d7f69729ef8dbdc66a0af9a965b3e15e73ec515e823c8a53045321634d0f9ae3ec4bfd880539c6bb8e3ce134fd3407af58cf,,07/14/2025 04:30:00 PM,30,UNKNOWN,UNKNOWN,UNKNOWN,DAYLIGHT,PARKED MOTOR VEHICLE,NOT DIVIDED,,STRAIGHT AND LEVEL,UNKNOWN,UNKNOWN,NOT ON SCENE (DESK REPORT),NO INJURY / DRIVE AWAY,,,Y,"OVER $1,500",07/18/2025 09:30:00 AM,UNABLE TO DETERMINE,UNABLE TO DETERMINE,6337,S,WOODLAWN AVE,314,,,,,,,2,NO INDICATION OF INJURY,0,0,0,0,0,1,0,16,2,7,41.7794520279,-87.5960302253,POINT (-87.596030225348 41.779452027876)
29ace73da6e9667de1e52a3e7c039f8a41144e60da7f083cb0c8d0426debba63875750263e0410931972dcefd7fcbc51d14f3c9f9cbe7e8b7f342b7909230736,,07/14/2025 04:30:00 PM,30,NO CONTROLS,UNKNOWN,CLEAR,DAYLIGHT,ANGLE,NOT DIVIDED,,STRAIGHT AND LEVEL,DRY,NO DEFECTS,,INJURY AND / OR TOW DUE TO CRASH,,,Y,"$501 - $1,500",07/14/2025 05:40:00 PM,IMPROPER LANE USAGE,NOT APPLICABLE,9500,S,STONY ISLAND AVE,511,,,,,,,2,INCAPACITATING INJURY,1,0,1,0,0,3,0,16,2,7,41.722257273,-87.5852755651,POINT (-87.585275565077 41.722257273006)
455c4a96761a0d2f70f199ee8e9e4c0d8b999123eb89bc5c6e9a5fc425308934ff3fe5f684ec17861e0962bb0c1d6f9e59defbd2c4e11fb7675d65e8cebc6b03,Y,07/14/2025 04:30:00 PM,20,NO CONTROLS,NO CONTROLS,CLEAR,DAYLIGHT,REAR TO FRONT,ONE-WAY,,STRAIGHT AND LEVEL,DRY,NO DEFECTS,ON SCENE,NO INJURY / DRIVE AWAY,,,,$500 OR LESS,07/14/2025 05:25:00 PM,IMPROPER BACKING,IMPROPER BACKING,930,W,36TH ST,915,,,,,,,2,NO INDICATION OF INJURY,0,0,0,0,0,2,0,16,2,7,41.8287467707,-87.6489743932,POINT (-87.648974393187 41.82874677074)
fce05d89c2531e14bfd9bb02fe0bbb6dde2d89dc5b7f31cb29ae10d9f5f145cfd1ec5364336fd95f94757c9be5211eb4792cabaf6773579e1068d21b191822f7,,07/14/2025 04:20:00 PM,30,TRAFFIC SIGNAL,FUNCTIONING PROPERLY,CLEAR,DAYLIGHT,REAR END,NOT DIVIDED,,STRAIGHT AND LEVEL,DRY,UNKNOWN,NOT ON SCENE (DESK REPORT),NO INJURY / DRIVE AWAY,Y,,Y,"OVER $1,500",07/14/2025 05:26:00 PM,FAILING TO YIELD RIGHT-OF-WAY,FOLLOWING TOO CLOSELY,760,N,OGDEN AVE,1215,,,,,,,2,NO INDICATION OF INJURY,0,0,0,0,0,2,0,16,2,7,41.8958866205,-87.6551305246,POINT (-87.655130524638 41.895886620509)
dc802094095edac745f08d57f05cd0a480087fd591ff8b07d815c1e8619a1b42c96ec3bb3e3c54b0a710c2e2302794408ac5e65fe14088b0c7419fb7b483d8f5,,07/14/2025 04:18:00 PM,30,STOP SIGN/FLASHER,FUNCTIONING PROPERLY,CLEAR,DAYLIGHT,TURNING,T-INTERSECTION,,STRAIGHT AND LEVEL,DRY,NO DEFECTS,ON SCENE,INJURY AND / OR TOW DUE TO CRASH,Y,,,"OVER $1,500",07/14/2025 04:22:00 PM,DRIVING ON WRONG SIDE/WRONG WAY,FAILING TO YIELD RIGHT-OF-WAY,8599,S,MORGAN ST,613,,,,,,,2,INCAPACITATING INJURY,3,0,1,0,2,0,0,16,2,7,41.7379165618,-87.6483870829,POINT (-87.648387082924 41.737916561799)
fe0f4db92997bfca7491083009ce51aae2736e3da0cc4cb7dab615d430622dac4bc10548eb2ecebcd38f136e5a8a2bba5ab0e018ce03d7f9390273011c405668,,07/14/2025 04:15:00 PM,30,TRAFFIC SIGNAL,FUNCTIONING PROPERLY,CLEAR,DAYLIGHT,SIDESWIPE SAME DIRECTION,NOT DIVIDED,,STRAIGHT AND LEVEL,DRY,NO DEFECTS,NOT ON SCENE (DESK REPORT),NO INJURY / DRIVE AWAY,,,,"OVER $1,500",07/14/2025 04:35:00 PM,IMPROPER LANE USAGE,NOT APPLICABLE,9950,S,TORRENCE AVE,431,,,,,,,2,NO INDICATION OF INJURY,0,0,0,0,0,2,0,16,2,7,41.7137968956,-87.5598999433,POINT (-87.559899943268 41.713796895552)
a6fcf42403ced4fd1e4bab36a32dff690e8b15232d71899e6cfd978f68366cbae58292fa25a695cae1e10964d68dd2c7a6aebffde32f8579bc688dd042c04343,,07/14/2025 04:12:00 PM,30,NO CONTROLS,NO CONTROLS,CLEAR,DAYLIGHT,REAR END,NOT DIVIDED,,STRAIGHT AND LEVEL,DRY,UNKNOWN,ON SCENE,NO INJURY / DRIVE AWAY,,,,"OVER $1,500",07/14/2025 04:14:00 PM,FAILING TO REDUCE SPEED TO AVOID CRASH,NOT APPLICABLE,3999,E,105TH ST,432,,,,,,,2,NO INDICATION OF INJURY,0,0,0,0,0,2,0,16,2,7,41.7044289584,-87.5266039511,POINT (-87.526603951086 41.704428958421)