CRASH_RECORD_ID,CRASH_DATE_EST_I,CRASH_DATE,POSTED_SPEED_LIMIT,TRAFFIC_CONTROL_DEVICE,DEVICE_CONDITION,WEATHER_CONDITION,LIGHTING_CONDITION,FIRST_CRASH_TYPE,TRAFFICWAY_TYPE,LANE_CNT,ALIGNMENT,ROADWAY_SURFACE_COND,ROAD_DEFECT,REPORT_TYPE,CRASH_TYPE,INTERSECTION_RELATED_I,NOT_RIGHT_OF_WAY_I,HIT_AND_RUN_I,DAMAGE,DATE_POLICE_NOTIFIED,PRIM_CONTRIBUTORY_CAUSE,SEC_CONTRIBUTORY_CAUSE,STREET_NO,STREET_DIRECTION,STREET_NAME,BEAT_OF_OCCURRENCE,PHOTOS_TAKEN_I,STATEMENTS_TAKEN_I,DOORING_I,WORK_ZONE_I,WORK_ZONE_TYPE,WORKERS_PRESENT_I,NUM_UNITS,MOST_SEVERE_INJURY,INJURIES_TOTAL,INJURIES_FATAL,INJURIES_INCAPACITATING,INJURIES_NON_INCAPACITATING,INJURIES_REPORTED_NOT_EVIDENT,INJURIES_NO_INDICATION,INJURIES_UNKNOWN,CRASH_HOUR,CRASH_DAY_OF_WEEK,CRASH_MONTH,LATITUDE,LONGITUDE,LOCATION
0489f19615b5a1fd05dff5bb6a13bcfea59c092eb303c7629a104e584b007df7e1294708a49d313c7f7321b9a1b65e37e496e89efff5e8ad2b62c26ff2d124d3,,07/14/2025 04:08:00 PM,30,TRAFFIC SIGNAL,FUNCTIONING PROPERLY,CLEAR,DAYLIGHT,TURNING,FOUR WAY,,STRAIGHT AND LEVEL,DRY,NO DEFECTS,ON SCENE,INJURY AND / OR TOW DUE TO CRASH,Y,,,"OVER $1,500",07/14/2025 04:09:00 PM,NOT APPLICABLE,UNABLE TO DETERMINE,1558,W,AUGUSTA BLVD,1213,,,,,,,2,NO INDICATION OF INJURY,0,0,0,0,0,2,0,16,2,7,41.8998182115,-87.6673689143,POINT (-87.66736891433 41.899818211488)
413145b398c6be9b7a7cc314d5b826eb698e8a2275bf309ac084a846a449eccc3f6fb469d2c988a6a9d93e0048dbf6b66cff07aa3ee067ee72b21469c5142b51,,07/14/2025 04:00:00 PM,30,NO CONTROLS,NO CONTROLS,CLEAR,DAYLIGHT,PARKED MOTOR VEHICLE,NOT DIVIDED,,STRAIGHT AND LEVEL,DRY,UNKNOWN,NOT ON SCENE (DESK REPORT),NO INJURY / DRIVE AWAY,,,,"OVER $1,500",07/15/2025 12:00:00 PM,UNABLE TO DETERMINE,UNABLE TO DETERMINE,7322,N,OCONTO AVE,1611,,,,,,,2,NO INDICATION OF INJURY,0,0,0,0,0,1,0,16,2,7,42.0142079272,-87.8079754698,POINT (-87.807975469774 42.014207927237)
4bff2e7e77f0bbc23aeb314a71355180a711252070151538878b8fcc2a2b39f4a6b8326a1b9babac2de011d192fbde5dc1e1c706ab98a57db4fd9c3d153438af,,07/14/2025 04:00:00 PM,30,TRAFFIC SIGNAL,UNKNOWN,CLEAR,DAYLIGHT,REAR END,UNKNOWN INTERSECTION TYPE,,STRAIGHT AND LEVEL,UNKNOWN,UNKNOWN,NOT ON SCENE (DESK REPORT),NO INJURY / DRIVE AWAY,Y,,,"OVER $1,500",07/14/2025 05:25:00 PM,UNABLE TO DETERMINE,UNABLE TO DETERMINE,1649,N,LA SALLE DR,1814,,,,,,,2,NO INDICATION OF INJURY,0,0,0,0,0,2,0,16,2,7,41.9125577113,-87.6330121756,POINT (-87.633012175606 41.912557711285)
664229fad5c83eb93a695b2631f111ee62df09eb3a79b6a8989ed940b4c86b799aec6ef34d2929664e76c8a886719cf7b9ed7488e5801acda3a79454d756fce9,,07/14/2025 04:00:00 PM,35,NO CONTROLS,NO CONTROLS,CLEAR,DAYLIGHT,PARKED MOTOR VEHICLE,OTHER,,STRAIGHT AND LEVEL,DRY,NO DEFECTS,NOT ON SCENE (DESK REPORT),NO INJURY / DRIVE AWAY,,,Y,"OVER $1,500",07/20/2025 02:51:00 PM,UNABLE TO DETERMINE,NOT APPLICABLE,550,E,92ND PL,633,,,,,,,2,NO INDICATION OF INJURY,0,0,0,0,0,1,0,16,2,7,41.7266437848,-87.6097828521,POINT (-87.609782852124 41.726643784843)
7dfa19b03a647c7e88f0b8ce9304043baa9573d704a548f79c43965ee59da1d9315117708ebb5249ed88413892739ab5771507d47adbabd3e079e7c79993a858,,07/14/2025 04:00:00 PM,30,TRAFFIC SIGNAL,FUNCTIONING PROPERLY,CLEAR,DAYLIGHT,REAR END,DIVIDED - W/MEDIAN (NOT RAISED),,STRAIGHT AND LEVEL,DRY,NO DEFECTS,NOT ON SCENE (DESK REPORT),NO INJURY / DRIVE AWAY,,,,$500 OR LESS,07/14/2025 04:54:00 PM,FOLLOWING TOO CLOSELY,NOT APPLICABLE,1822,W,OGDEN AVE,1225,,,,,,,2,NO INDICATION OF INJURY,0,0,0,0,0,2,0,16,2,7,41.876364932,-87.6723165428,POINT (-87.672316542797 41.876364931979)
9696831148ee29b499e29ac64e71370d2e055d3e87c64b7371054d3f1b25513290a12e7c4891eb41fd7b1ad8c9256d2c08b69d69bc88d3814647d7cd72a2f649,,07/14/2025 04:00:00 PM,30,TRAFFIC SIGNAL,FUNCTIONING PROPERLY,CLEAR,DAYLIGHT,SIDESWIPE SAME DIRECTION,FOUR WAY,,STRAIGHT AND LEVEL,DRY,NO DEFECTS,NOT ON SCENE (DESK REPORT),NO INJURY / DRIVE AWAY,Y,,,"OVER $1,500",07/14/2025 04:50:00 PM,IMPROPER OVERTAKING/PASSING,"OPERATING VEHICLE IN ERRATIC, RECKLESS, CARELESS, NEGLIGENT OR AGGRESSIVE MANNER",4400,W,MARQUETTE RD,833,,,,,,,2,NO INDICATION OF INJURY,0,0,0,0,0,2,0,16,2,7,41.7713688675,-87.7323904932,POINT (-87.732390493234 41.771368867506)
a1ef68eb468bbfca0145c9d5f951cbf4ad95a90100da73b01804a5f803353b69649d9aa5071c0914942fa919f0586cc995e9e5e42903c642c0c0a6180e3c066f,,07/14/2025 04:00:00 PM,30,TRAFFIC SIGNAL,FUNCTIONING PROPERLY,CLEAR,DAYLIGHT,ANGLE,FOUR WAY,,STRAIGHT AND LEVEL,DRY,UNKNOWN,ON SCENE,INJURY AND / OR TOW DUE TO CRASH,Y,,,"OVER $1,500",07/14/2025 04:25:00 PM,UNABLE TO DETERMINE,UNABLE TO DETERMINE,500,E,ILLINOIS ST,1834,,,,,,,2,"REPORTED, NOT EVIDENT",1,0,0,0,1,1,0,16,2,7,41.891207841,-87.6151303029,POINT (-87.615130302871 41.891207840971)
a60cc5245a1358dde0765c7fa513be0ad5a53f7e1fde08d93c35a175302e728d77e15a38da256eb37fd913a9e6937f24f93b67d5d9c87880c31ebbf64add0e38,N,07/14/2025 04:00:00 PM,15,NO CONTROLS,NO CONTROLS,CLEAR,DAYLIGHT,FIXED OBJECT,ALLEY,,STRAIGHT AND LEVEL,DRY,NO DEFECTS,ON SCENE,NO INJURY / DRIVE AWAY,,,Y,"OVER $1,500",07/14/2025 06:25:00 PM,UNABLE TO DETERMINE,NOT APPLICABLE,6040,S,ALBANY AVE,823,,,,,,,1,NO INDICATION OF INJURY,0,0,0,0,0,1,0,16,2,7,41.783244111,-87.7009696508,POINT (-87.700969650847 41.783244110993)
ec8573450e72ac096dfd83621ec5346fd0664407b974071ba57506dd1eb98b391d5dd24d7f8244c6c3d1b6f4b902ed79db263ddccdc33ef5ce8bcbbdaafcb38e,,07/14/2025 04:00:00 PM,30,TRAFFIC SIGNAL,FUNCTIONING PROPERLY,CLEAR,DAYLIGHT,REAR END,NOT DIVIDED,,STRAIGHT AND LEVEL,DRY,UNKNOWN,NOT ON SCENE (DESK REPORT),NO INJURY / DRIVE AWAY,,,,"$501 - $1,500",07/15/2025 05:00:00 PM,FAILING TO REDUCE SPEED TO AVOID CRASH,NOT APPLICABLE,2759,W,NORTH AVE,1423,,,,,,,2,NO INDICATION OF INJURY,0,0,0,0,0,2,0,16,2,7,41.9101081458,-87.6969693697,POINT (-87.696969369708 41.910108145779)
cfad9678269aaf3230240bc559f1b39f540d8a4a8fa856a88accec6718841dae34e3ddbcf849e3053aad5ebbb3d902ac239686a479a66a832ed2ae8005e3c03d,,07/14/2025 03:57:00 PM,15,NO CONTROLS,NO CONTROLS,CLEAR,DAYLIGHT,SIDESWIPE OPPOSITE DIRECTION,PARKING LOT,,STRAIGHT AND LEVEL,UNKNOWN,UNKNOWN,ON SCENE,NO INJURY / DRIVE AWAY,,,,"OVER $1,500",07/14/2025 03:57:00 PM,IMPROPER BACKING,IMPROPER BACKING,6021,N,LINCOLN AVE,2413,,,,,,,2,NO INDICATION OF INJURY,0,0,0,0,0,3,0,15,2,7,41.990846536,-87.7078956967,POINT (-87.707895696731 41.990846536036)
8d1e2dfd247193aa95f68c4b54df25daf71adae387c0a3860fe8e7948ee9b4afcbcdeced26d21640661ae53f71c0496125de9e811d3d787835789cd5665e02fd,,07/14/2025 03:55:00 PM,30,TRAFFIC SIGNAL,FUNCTIONING PROPERLY,CLEAR,DAYLIGHT,TURNING,NOT DIVIDED,,STRAIGHT AND LEVEL,DRY,NO DEFECTS,NOT ON SCENE (DESK REPORT),NO INJURY / DRIVE AWAY,,,,$500 OR LESS,07/16/2025 02:57:00 PM,IMPROPER TURNING/NO SIGNAL,IMPROPER TURNING/NO SIGNAL,2400,W,FULLERTON AVE,1431,,,,,,,2,NO INDICATION OF INJURY,0,0,0,0,0,2,0,15,2,7,41.9250099348,-87.6877047522,POINT (-87.687704752222 41.925009934765)
fda1029def05b2ba32fffaf954acf513e73f28ab1979b6f66b5e93a19b090dfa54af5d8f98a570afc89e19138cc5e228b3a6007303aaa4b3e1785aec3ba5f74e,,07/14/2025 03:55:00 PM,30,TRAFFIC SIGNAL,FUNCTIONING PROPERLY,CLEAR,DAYLIGHT,TURNING,NOT DIVIDED,,STRAIGHT AND LEVEL,DRY,NO DEFECTS,ON SCENE,NO INJURY / DRIVE AWAY,Y,,Y,"OVER $1,500",07/14/2025 03:57:00 PM,NOT APPLICABLE,NOT APPLICABLE,4300,S,ASHLAND AVE,924,,,,,,,2,NO INDICATION OF INJURY,0,0,0,0,0,2,0,15,2,7,41.8157784269,-87.6652928904,POINT (-87.665292890367 41.815778426908)
4275143a0397aeef11741ebea7e1c2b8fac86f86552fe46f068e11336683621f1f10401c0bb9e854bc323dcdb94d56a5c4ca42092c6ce37ce1a5a515cdbd4f4d,,07/14/2025 03:54:00 PM,25,NO CONTROLS,NO CONTROLS,CLEAR,DAYLIGHT,REAR END,NOT DIVIDED,,STRAIGHT AND LEVEL,DRY,NO DEFECTS,NOT ON SCENE (DESK REPORT),NO INJURY / DRIVE AWAY,,,,"OVER $1,500",07/14/2025 05:02:00 PM,NOT APPLICABLE,NOT APPLICABLE,150,N,MICHIGAN AVE,111,,,,,,,2,NO INDICATION OF INJURY,0,0,0,0,0,2,0,15,2,7,41.8845309638,-87.6246020446,POINT (-87.624602044601 41.884530963783)
b37f78bfb2115f8acc69159e0f09261a3d3becb1de54ecf7ff13f8d78adc6d9e6b1794846b9351021c3fbc90978e60c7386f2ad753d7279261ca787a2188721c,,07/14/2025 03:52:00 PM,30,NO CONTROLS,NO CONTROLS,CLEAR,DAYLIGHT,REAR END,NOT DIVIDED,,STRAIGHT AND LEVEL,DRY,NO DEFECTS,NOT ON SCENE (DESK REPORT),NO INJURY / DRIVE AWAY,,,,"OVER $1,500",07/14/2025 04:50:00 PM,FOLLOWING TOO CLOSELY,UNABLE TO DETERMINE,3850,W,NORTH AVE,2535,,,,,,,2,NO INDICATION OF INJURY,0,0,0,0,0,4,0,15,2,7,41.9100281927,-87.7235137036,POINT (-87.723513703642 41.910028192695)
3a86bedd58da753b5ebe050a1aa424369557e0aac9a8c181e28358797cee005ad57f27e4dc47c016ae8dd4e98277fd55e99de98101eedf0f47d9b066d02a61cd,,07/14/2025 03:47:00 PM,30,TRAFFIC SIGNAL,FUNCTIONING PROPERLY,CLEAR,DAYLIGHT,REAR END,DIVIDED - W/MEDIAN (NOT RAISED),,STRAIGHT AND LEVEL,DRY,UNKNOWN,ON SCENE,INJURY AND / OR TOW DUE TO CRASH,,,,"OVER $1,500",07/14/2025 03:48:00 PM,FAILING TO REDUCE SPEED TO AVOID CRASH,NOT APPLICABLE,5200,W,LAKE ST,1523,,,,,,,2,INCAPACITATING INJURY,1,0,1,0,0,1,0,15,2,7,41.8873141867,-87.7553694428,POINT (-87.7553694428 41.887314186701)
8ce00dacd971fe6309979385a0fcdca5f03c9274c70624b170f9c638b7c47945e83b488163cebda8a4b4795037f10f1e17dbccb91b8c53b1e0dc2324ef538cfa,,07/14/2025 03:45:00 PM,30,NO CONTROLS,NO CONTROLS,CLEAR,DAYLIGHT,PARKED MOTOR VEHICLE,PARKING LOT,,STRAIGHT AND LEVEL,DRY,UNKNOWN,ON SCENE,NO INJURY / DRIVE AWAY,,,,$500 OR LESS,07/14/2025 03:46:00 PM,UNABLE TO DETERMINE,UNABLE TO DETERMINE,7025,S,COTTAGE GROVE AVE,321,,,,,,,2,NO INDICATION OF INJURY,0,0,0,0,0,1,0,15,2,7,41.7668598256,-87.6054776531,POINT (-87.605477653145 41.766859825634)
d7ac94b12977f01f0ba1dac54e17d8fe1d2b2ce052880e382a39041cdafea289b77dd22a113f89db9c95080bf848655c8b7ca15ddb429b9195f7096f76558b99,,07/14/2025 03:45:00 PM,30,NO CONTROLS,NO CONTROLS,CLEAR,DAYLIGHT,TURNING,DIVIDED - W/MEDIAN (NOT RAISED),,STRAIGHT AND LEVEL,DRY,NO DEFECTS,NOT ON SCENE (DESK REPORT),NO INJURY / DRIVE AWAY,,,,"OVER $1,500",07/14/2025 05:15:00 PM,UNABLE TO DETERMINE,UNABLE TO DETERMINE,1543,W,79TH ST,612,,,,,,,2,NO INDICATION OF INJURY,0,0,0,0,0,2,0,15,2,7,41.750259559,-87.6627048725,POINT (-87.662704872481 41.75025955899)
03823c09682f35bbae4c79897713bef619d650205df65491763c883a5ad83797f50e4f60fee2e3ba11eb78d589daeedaa8c93be523ae1ee5567f5501e4aade62,,07/14/2025 03:43:00 PM,30,TRAFFIC SIGNAL,FUNCTIONING PROPERLY,CLEAR,DAYLIGHT,ANGLE,FOUR WAY,,STRAIGHT AND LEVEL,DRY,NO DEFECTS,ON SCENE,INJURY AND / OR TOW DUE TO CRASH,Y,,Y,"OVER $1,500",07/14/2025 03:43:00 PM,DISREGARDING TRAFFIC SIGNALS,DISREGARDING TRAFFIC SIGNALS,11101,S,STATE ST,531,,,,,,,2,"REPORTED, NOT EVIDENT",1,0,0,0,1,1,0,15,2,7,41.6925417016,-87.6229564294,POINT (-87.622956429401 41.692541701557)
87f41d79d1de98c03d4067b1b6f8996afd082ab20d1b5c49b9c8cbe29cad31539547d34b41eb843f2bafa6513b6e44a1d2681399a1ab6d69044db91f8e631e7c,,07/14/2025 03:35:00 PM,30,NO CONTROLS,NO CONTROLS,CLEAR,DAYLIGHT,REAR END,DIVIDED - W/MEDIAN (NOT RAISED),,STRAIGHT AND LEVEL,DRY,NO DEFECTS,NOT ON SCENE (DESK REPORT),NO INJURY / DRIVE AWAY,,,Y,"$501 - $1,500",07/14/2025 05:20:00 PM,UNABLE TO DETERMINE,UNABLE TO DETERMINE,4214,N,CICERO AVE,1624,,,,,,,2,NO INDICATION OF INJURY,0,0,0,0,0,2,0,15,2,7,41.9575555298,-87.7475787589,POINT (-87.747578758911 41.957555529759)
3bc519e083a8fa89e34af6fb7a02cd4e103a7f96bce110278111ee93f3cf47242f4a043062ec2ccf083873ee52191a00b55348191e7ebef83e4602c7b2deccca,,07/14/2025 03:31:00 PM,35,NO CONTROLS,NO CONTROLS,CLEAR,DAYLIGHT,PARKED MOTOR VEHICLE,OTHER,,STRAIGHT AND LEVEL,DRY,NO DEFECTS,ON SCENE,NO INJURY / DRIVE AWAY,,,Y,"$501 - $1,500",07/14/2025 03:48:00 PM,IMPROPER BACKING,NOT APPLICABLE,2,W,TERMINAL ST,1652,,,,,,,2,NO INDICATION OF INJURY,0,0,0,0,0,1,0,15,2,7,,,
023793ef8a345ca13d1baf48531a1600f862fbca6d4fddd49930529cdc6989ad41c0ded64b0fd16624534c6bab9f4cb712a5e45de1f47c54d20e79b92bf829ab,,07/14/2025 03:30:00 PM,30,TRAFFIC SIGNAL,FUNCTIONING PROPERLY,CLEAR,DAYLIGHT,REAR END,NOT DIVIDED,,STRAIGHT AND LEVEL,DRY,NO DEFECTS,NOT ON SCENE (DESK REPORT),NO INJURY / DRIVE AWAY,,,,"OVER $1,500",07/17/2025 09:55:00 PM,FOLLOWING TOO CLOSELY,NOT APPLICABLE,5220,N,HARLEM AVE,1613,,,,,,,2,NO INDICATION OF INJURY,0,0,0,0,0,2,0,15,2,7,41.9752021082,-87.8072112874,POINT (-87.8072112874 41.975202108224)
830f2c8c4421d35a861a77cab8043f9cd2cf074ad8de7914c3f1665042a30481698ef30c4b33b8abc8ec98a34aefc960a5e6c485256ddf618045d4d88b8eff6a,,07/14/2025 03:30:00 PM,15,UNKNOWN,UNKNOWN,CLEAR,DUSK,PARKED MOTOR VEHICLE,UNKNOWN,,STRAIGHT AND LEVEL,DRY,UNKNOWN,NOT ON SCENE (DESK REPORT),NO INJURY / DRIVE AWAY,,,,"OVER $1,500",07/24/2025 05:00:00 PM,UNABLE TO DETERMINE,UNABLE TO DETERMINE,2001,S,MICHIGAN AVE,132,,,,,,,2,NO INDICATION OF INJURY,0,0,0,0,0,1,0,15,2,7,41.855431999,-87.6237282156,POINT (-87.623728215571 41.855431999021)
bdd4942b68f4ddddce6b295478221046488ce43f40add7247c3ece1e34d6096c164fa70314798e5ab220d705048509d5a2893238d562a7f5cce0b5d5c035764a,,07/14/2025 03:30:00 PM,30,TRAFFIC SIGNAL,FUNCTIONING PROPERLY,CLEAR,DAYLIGHT,PEDALCYCLIST,NOT DIVIDED,,STRAIGHT AND LEVEL,DRY,NO DEFECTS,ON SCENE,INJURY AND / OR TOW DUE TO CRASH,Y,,,"OVER $1,500",07/14/2025 03:35:00 PM,FAILING TO YIELD RIGHT-OF-WAY,FAILING TO YIELD RIGHT-OF-WAY,1,N,SACRAMENTO BLVD,1222,,,,,,,2,NONINCAPACITATING INJURY,1,0,0,1,0,1,0,15,2,7,41.8810748951,-87.7010629286,POINT (-87.701062928634 41.881074895075)
d1a11d27e365eda9f3393df7e2a42c2d96d4a62652e441ba2eaa5701159265f164841ef83e6433261e5938c7646b4756314ec63fa7821c1c1df97e6f28f950ae,,07/14/2025 03:30:00 PM,30,NO CONTROLS,NO CONTROLS,CLEAR,DAYLIGHT,REAR END,DIVIDED - W/MEDIAN (NOT RAISED),,STRAIGHT AND LEVEL,DRY,NO DEFECTS,NOT ON SCENE (DESK REPORT),NO INJURY / DRIVE AWAY,,,,"$501 - $1,500",07/14/2025 03:50:00 PM,FOLLOWING TOO CLOSELY,FOLLOWING TOO CLOSELY,6333,S,CICERO AVE,813,,,,,,,2,NO INDICATION OF INJURY,0,0,0,0,0,2,0,15,2,7,41.777436085,-87.7421135824,POINT (-87.742113582426 41.77743608499)
0ee81a8564857a2cc466692cb0a23ecde6864991613c57334a5ff2a5f39bf167de6af53d79e295be967a67629f3e0944446009cd95aaf36e8b9faea5598f85cb,,07/14/2025 03:20:00 PM,30,NO CONTROLS,NO CONTROLS,CLEAR,DAYLIGHT,SIDESWIPE SAME DIRECTION,DIVIDED - W/MEDIAN (NOT RAISED),,STRAIGHT AND LEVEL,UNKNOWN,UNKNOWN,NOT ON SCENE (DESK REPORT),NO INJURY / DRIVE AWAY,,,Y,"OVER $1,500",07/14/2025 04:00:00 PM,IMPROPER LANE USAGE,FAILING TO REDUCE SPEED TO AVOID CRASH,339,E,CHICAGO AVE,1833,,,,,,,2,NO INDICATION OF INJURY,0,0,0,0,0,2,0,15,2,7,41.8967023925,-87.6188485145,POINT (-87.618848514481 41.896702392518)
9ec0681dfc57a99fc426f30904e978e1f4d9c297c85153c99fbeb8a430ae76945c05f7b4a3d8c26178125dc701c64a3eba2145f9c4e9db4ddff75feabe07ec48,,07/14/2025 03:20:00 PM,30,RAILROAD CROSSING GATE,UNKNOWN,CLEAR,DAYLIGHT,REAR END,NOT DIVIDED,,STRAIGHT AND LEVEL,DRY,UNKNOWN,NOT ON SCENE (DESK REPORT),NO INJURY / DRIVE AWAY,,,Y,"OVER $1,500",07/14/2025 04:37:00 PM,FOLLOWING TOO CLOSELY,FOLLOWING TOO CLOSELY,3100,W,87TH ST,835,,,,,,,2,NO INDICATION OF INJURY,0,0,0,0,0,2,0,15,2,7,41.7353525392,-87.6992205749,POINT (-87.699220574943 41.735352539197)
aff204e7a683a531ebfcfce8bf488d4a436844b947bdcacdebd494a406ce89405d3af57f01bb47d4b2ae026b6582f4eb8cc4fb19b4be53f30fd3666eb864677d,,07/14/2025 03:20:00 PM,35,TRAFFIC SIGNAL,FUNCTIONING PROPERLY,CLEAR,DAYLIGHT,TURNING,"FIVE POINT, OR MORE",,STRAIGHT AND LEVEL,DRY,NO DEFECTS,NOT ON SCENE (DESK REPORT),NO INJURY / DRIVE AWAY,Y,,Y,$500 OR LESS,07/15/2025 02:19:00 AM,UNABLE TO DETERMINE,NOT APPLICABLE,999,N,MICHIGAN AVE,1833,,,,,,,2,NO INDICATION OF INJURY,0,0,0,0,0,3,0,15,2,7,41.9007588511,-87.6239842545,POINT (-87.623984254519 41.900758851116)
1e3fa2cf724b066479015c2cf5fd3021dfd0ebeb0837424dc41f264cbb27c25256da653e27a542a2be822f8c1628626baf80020ed8e06b8d09fe1063c1dbc989,Y,07/14/2025 03:19:00 PM,20,NO CONTROLS,NO CONTROLS,CLEAR,DAYLIGHT,SIDESWIPE SAME DIRECTION,NOT DIVIDED,,STRAIGHT AND LEVEL,DRY,NO DEFECTS,ON SCENE,NO INJURY / DRIVE AWAY,,,N,"$501 - $1,500",07/14/2025 03:20:00 PM,IMPROPER OVERTAKING/PASSING,FOLLOWING TOO CLOSELY,200,W,87TH ST,622,,,,,,,2,NO INDICATION OF INJURY,0,0,0,0,0,2,0,15,2,7,41.7362616994,-87.6290647164,POINT (-87.629064716425 41.736261699376)
8d578d2fc1b7b9eeb5c6c9d4f790bfaf8aec5a9305ccd2c936662ca5fe81ee52d3a6d3f35169eb7bd179515215b7d60e85f2b4c82a44048f80356576528b9461,,07/14/2025 03:18:00 PM,30,NO CONTROLS,NO CONTROLS,CLEAR,DAYLIGHT,REAR END,ONE-WAY,,STRAIGHT AND LEVEL,DRY,NO DEFECTS,ON SCENE,INJURY AND / OR TOW DUE TO CRASH,,,Y,$500 OR LESS,07/14/2025 03:35:00 PM,UNABLE TO DETERMINE,UNABLE TO DETERMINE,2405,W,LEXINGTON ST,1135,,,,,,,2,"REPORTED, NOT EVIDENT",2,0,0,0,2,3,0,15,2,7,41.8719578184,-87.6864575471,POINT (-87.686457547109 41.871957818412)
5fa08e9c1c9dc9439b4546016df08abaa3f3fccd98d858f8d02f5bcf3baf8b440abcf6cc1ba8a91d20a24d58bf9e989d12375c94fd55664a17d51abf671a194f,,07/14/2025 03:15:00 PM,30,NO CONTROLS,NO CONTROLS,CLEAR,DAYLIGHT,ANGLE,ONE-WAY,,STRAIGHT AND LEVEL,DRY,NO DEFECTS,ON SCENE,NO INJURY / DRIVE AWAY,,,Y,"OVER $1,500",07/14/2025 03:21:00 PM,FAILING TO YIELD RIGHT-OF-WAY,FAILING TO YIELD RIGHT-OF-WAY,5700,N,CHRISTIANA AVE,1711,,,,,,,2,NO INDICATION OF INJURY,0,0,0,0,0,5,0,15,2,7,41.9849286864,-87.71273952,POINT (-87.712739520012 41.98492868638)
831506507c0921ef8e7c80a88b54806201ed0d18365fd529840361dc88ef3376f414f2ccf3f140587563b18dc3010cfe124b740a6edc163f9446f5bb725122d1,,07/14/2025 03:15:00 PM,30,NO CONTROLS,NO CONTROLS,CLEAR,DAYLIGHT,PARKED MOTOR VEHICLE,ONE-WAY,,STRAIGHT AND LEVEL,DRY,UNKNOWN,NOT ON SCENE (DESK REPORT),NO INJURY / DRIVE AWAY,,,,"OVER $1,500",07/14/2025 04:15:00 PM,UNABLE TO DETERMINE,NOT APPLICABLE,7920,S,MICHIGAN AVE,623,,,,,,,2,NO INDICATION OF INJURY,0,0,0,0,0,1,0,15,2,7,41.7503461044,-87.6215096026,POINT (-87.621509602643 41.750346104447)
08b6334c727225ce04634d1708866a77cae92adf5e94c985acd3326f2099c1a6fe6c6e7f33fff91f0a1ce1bf87848ec3162d7544264c747fa37bd68df09e0ca9,,07/14/2025 03:10:00 PM,25,STOP SIGN/FLASHER,FUNCTIONING PROPERLY,CLEAR,DAYLIGHT,ANGLE,UNKNOWN INTERSECTION TYPE,,STRAIGHT AND LEVEL,DRY,NO DEFECTS,ON SCENE,NO INJURY / DRIVE AWAY,Y,,,$500 OR LESS,07/14/2025 03:26:00 PM,DISREGARDING STOP SIGN,FAILING TO YIELD RIGHT-OF-WAY,4600,N,DRAKE AVE,1723,,,,,,,2,NO INDICATION OF INJURY,0,0,0,0,0,3,0,15,2,7,41.9648131826,-87.7170697051,POINT (-87.717069705051 41.964813182555)
1d374adf1b5f3114c613663cdf38e58e52dd03d2ed5b7ae15ab233f8fedc3d25e7d53bc598157dda9eb637b0e4aaaa96d34b64969f89f2505651da753c260446,,07/14/2025 02:57:00 PM,30,NO CONTROLS,NO CONTROLS,CLEAR,DAYLIGHT,SIDESWIPE SAME DIRECTION,FOUR WAY,,STRAIGHT AND LEVEL,DRY,NO DEFECTS,ON SCENE,NO INJURY / DRIVE AWAY,,,,"OVER $1,500",07/14/2025 03:51:00 PM,IMPROPER OVERTAKING/PASSING,NOT APPLICABLE,3527,W,COLUMBUS AVE,834,,,,,,,2,NO INDICATION OF INJURY,0,0,0,0,0,4,0,14,2,7,41.7444071979,-87.7101832034,POINT (-87.710183203409 41.744407197905)
2fb3b03a2024cbb75e8b331870dcea3b647d1fa1a93b4b977968f0686b4e571a34e1e8d736de8434d4862ea568a36a469de0cdceafcdab36523e44cce8c4c38c,,07/14/2025 02:50:00 PM,30,TRAFFIC SIGNAL,FUNCTIONING PROPERLY,CLEAR,DAYLIGHT,SIDESWIPE SAME DIRECTION,FOUR WAY,,STRAIGHT AND LEVEL,DRY,NO DEFECTS,NOT ON SCENE (DESK REPORT),NO INJURY / DRIVE AWAY,Y,,,"OVER $1,500",07/14/2025 02:50:00 PM,IMPROPER LANE USAGE,"OPERATING VEHICLE IN ERRATIC, RECKLESS, CARELESS, NEGLIGENT OR AGGRESSIVE MANNER",798,W,79TH ST,621,,,,,,,2,NO INDICATION OF INJURY,0,0,0,0,0,2,0,14,2,7,41.7507532944,-87.6439861005,POINT (-87.643986100541 41.750753294448)
545998b02e27931ff15b7f8fe16cbec613138eba76401a1abda7bdc95fa4e720ac78c93936940bd15063268376bf690a177ef7e3935ab0a0a96b21a7380a2092,,07/14/2025 02:50:00 PM,30,NO CONTROLS,NO CONTROLS,CLEAR,DAYLIGHT,REAR END,NOT DIVIDED,,STRAIGHT AND LEVEL,UNKNOWN,UNKNOWN,NOT ON SCENE (DESK REPORT),NO INJURY / DRIVE AWAY,,,,"OVER $1,500",07/17/2025 04:40:00 PM,UNABLE TO DETERMINE,NOT APPLICABLE,3120,W,26TH ST,1033,,,,,,,2,NO INDICATION OF INJURY,0,0,0,0,0,2,0,14,2,7,41.8446448118,-87.7034968555,POINT (-87.70349685551 41.844644811846)
246a8c58f7e84cbf7e5ebf709df98f4558c0d93eed2433bdf8c6e011ae4e2aa50b9c8e5676a5fdd9625ae7606c306802cefd09ae02a2ce205a3f124f76b62a4e,,07/14/2025 02:45:00 PM,30,TRAFFIC SIGNAL,FUNCTIONING PROPERLY,CLEAR,DAYLIGHT,SIDESWIPE SAME DIRECTION,FOUR WAY,,STRAIGHT AND LEVEL,DRY,NO DEFECTS,ON SCENE,NO INJURY / DRIVE AWAY,,,Y,"OVER $1,500",07/14/2025 03:57:00 PM,UNABLE TO DETERMINE,UNABLE TO DETERMINE,169,W,87TH ST,634,,,,,,,2,NO INDICATION OF INJURY,0,0,0,0,0,2,0,14,2,7,41.7361070264,-87.6286907974,POINT (-87.628690797421 41.736107026389)