CRASH_RECORD_ID,CRASH_DATE_EST_I,CRASH_DATE,POSTED_SPEED_LIMIT,TRAFFIC_CONTROL_DEVICE,DEVICE_CONDITION,WEATHER_CONDITION,LIGHTING_CONDITION,FIRST_CRASH_TYPE,TRAFFICWAY_TYPE,LANE_CNT,ALIGNMENT,ROADWAY_SURFACE_COND,ROAD_DEFECT,REPORT_TYPE,CRASH_TYPE,INTERSECTION_RELATED_I,NOT_RIGHT_OF_WAY_I,HIT_AND_RUN_I,DAMAGE,DATE_POLICE_NOTIFIED,PRIM_CONTRIBUTORY_CAUSE,SEC_CONTRIBUTORY_CAUSE,STREET_NO,STREET_DIRECTION,STREET_NAME,BEAT_OF_OCCURRENCE,PHOTOS_TAKEN_I,STATEMENTS_TAKEN_I,DOORING_I,WORK_ZONE_I,WORK_ZONE_TYPE,WORKERS_PRESENT_I,NUM_UNITS,MOST_SEVERE_INJURY,INJURIES_TOTAL,INJURIES_FATAL,INJURIES_INCAPACITATING,INJURIES_NON_INCAPACITATING,INJURIES_REPORTED_NOT_EVIDENT,INJURIES_NO_INDICATION,INJURIES_UNKNOWN,CRASH_HOUR,CRASH_DAY_OF_WEEK,CRASH_MONTH,LATITUDE,LONGITUDE,LOCATION
30457f139ae00f3e62896bd80621f5376bac7c50bae60da5890a0f7b9f5e71caca1d05b4ca67065b25ed105b8ea451652e77fe3a389ad93a1f3bb8324de60fd5,,07/14/2025 02:45:00 PM,30,NO CONTROLS,NO CONTROLS,CLEAR,DAYLIGHT,REAR END,NOT DIVIDED,,STRAIGHT AND LEVEL,DRY,NO DEFECTS,NOT ON SCENE (DESK REPORT),NO INJURY / DRIVE AWAY,,,,"OVER $1,500",07/14/2025 05:00:00 PM,FOLLOWING TOO CLOSELY,NOT APPLICABLE,1144,S,PULASKI RD,1132,,,,,,,2,NO INDICATION OF INJURY,0,0,0,0,0,3,0,14,2,7,41.8666552969,-87.725344452,POINT (-87.725344451962 41.866655296917)
a0376ffb15b8d1db70595aec87bb0262d03bc22057c8f1c6b6121e9f9a6a0ce85619cdd9adf442198c2b34d530750efc47bc59e52ee286dba84efbcb58092cc1,,07/14/2025 02:40:00 PM,20,TRAFFIC SIGNAL,FUNCTIONING PROPERLY,CLEAR,DAYLIGHT,PARKED MOTOR VEHICLE,NOT DIVIDED,,STRAIGHT AND LEVEL,DRY,NO DEFECTS,NOT ON SCENE (DESK REPORT),NO INJURY / DRIVE AWAY,,,,"OVER $1,500",07/15/2025 01:50:00 PM,UNABLE TO DETERMINE,UNABLE TO DETERMINE,6307,S,MELVINA AVE,812,,,,,,,2,NO INDICATION OF INJURY,0,0,0,0,0,1,0,14,2,7,41.7775062684,-87.776222692,POINT (-87.77622269199 41.777506268446)
0552f30106085467ab184cfb53c6be1d2aa5ea4a29e9301334745573ae9d192be410571f7c2bcd246c4557c88baf04d9109d75cefc2eeca92807d3c61c96e256,Y,07/14/2025 02:31:00 PM,30,NO CONTROLS,NO CONTROLS,CLEAR,DAYLIGHT,SIDESWIPE SAME DIRECTION,PARKING LOT,,STRAIGHT AND LEVEL,DRY,NO DEFECTS,NOT ON SCENE (DESK REPORT),NO INJURY / DRIVE AWAY,,,Y,"OVER $1,500",07/14/2025 02:40:00 PM,FAILING TO REDUCE SPEED TO AVOID CRASH,NOT APPLICABLE,92,E,103RD ST,511,,,,,,,2,NO INDICATION OF INJURY,0,0,0,0,0,2,0,14,2,7,41.7073228814,-87.6203185677,POINT (-87.620318567741 41.7073228814)
2a657e4f54d89acaebad0e4ee2dbffefa486db415fb96367ef64b6ef7e4b55d6cf44d708792297fa896b1143bb50a161a3cf386724f6f74f93a51afb1117e3df,,07/14/2025 02:30:00 PM,30,NO CONTROLS,NO CONTROLS,CLEAR,DAYLIGHT,TURNING,NOT DIVIDED,,STRAIGHT AND LEVEL,DRY,NO DEFECTS,ON SCENE,NO INJURY / DRIVE AWAY,,,,"OVER $1,500",07/14/2025 02:44:00 PM,UNABLE TO DETERMINE,NOT APPLICABLE,7203,W,BELMONT AVE,2511,,,,,,,2,NO INDICATION OF INJURY,0,0,0,0,0,2,0,14,2,7,41.9378851938,-87.8068898758,POINT (-87.806889875795 41.937885193791)
63d1e80ba12c26ff25f83090db664bdab723e751f5771e4bce25a9cf7ff6321756d37b7effcdd5ca4af921781e33359c766c6fe0102b8dfcb4c901a5cbe6fc3b,,07/14/2025 02:30:00 PM,25,NO CONTROLS,NO CONTROLS,CLEAR,DAYLIGHT,PARKED MOTOR VEHICLE,ONE-WAY,,STRAIGHT AND LEVEL,DRY,NO DEFECTS,NOT ON SCENE (DESK REPORT),INJURY AND / OR TOW DUE TO CRASH,,,,"OVER $1,500",07/14/2025 05:05:00 PM,FAILING TO REDUCE SPEED TO AVOID CRASH,NOT APPLICABLE,5103,W,DAKIN ST,1634,,,,,,,2,NO INDICATION OF INJURY,0,0,0,0,0,1,0,14,2,7,41.9522690753,-87.7548615673,POINT (-87.754861567346 41.952269075325)
ba799a95e35bcb5e3dafd67eaf55f5eef3a9da7463e851f5bc036c45a5ea8af205555869262bb31d49b0bf36ea4140554e9088f999ebd5f607f9344436ffe50e,,07/14/2025 02:30:00 PM,30,TRAFFIC SIGNAL,FUNCTIONING PROPERLY,CLEAR,DAYLIGHT,REAR END,DIVIDED - W/MEDIAN (NOT RAISED),,STRAIGHT AND LEVEL,DRY,UNKNOWN,NOT ON SCENE (DESK REPORT),NO INJURY / DRIVE AWAY,,,,"OVER $1,500",07/14/2025 03:15:00 PM,DRIVING SKILLS/KNOWLEDGE/EXPERIENCE,DRIVING SKILLS/KNOWLEDGE/EXPERIENCE,3957,W,LAKE ST,1122,,,,,,,2,NO INDICATION OF INJURY,0,0,0,0,0,2,0,14,2,7,41.8853467746,-87.7255811273,POINT (-87.725581127344 41.885346774616)
414badded7a89c9e61a3c49e3002bcc1d0a54b414090e4baf3261985d2a45bf756516c5ebc61b189b0583a7959f402b8a00db7c4655a50a3b38aed6ebbdd59f7,,07/14/2025 02:28:00 PM,25,STOP SIGN/FLASHER,FUNCTIONING PROPERLY,CLEAR,DAYLIGHT,PEDALCYCLIST,NOT DIVIDED,,STRAIGHT AND LEVEL,DRY,NO DEFECTS,NOT ON SCENE (DESK REPORT),INJURY AND / OR TOW DUE TO CRASH,Y,,,"OVER $1,500",07/14/2025 02:38:00 PM,NOT APPLICABLE,NOT APPLICABLE,6752,N,SAUGANASH AVE,1621,,,,,,,2,NONINCAPACITATING INJURY,1,0,0,1,0,1,0,14,2,7,42.0041229304,-87.7630401608,POINT (-87.763040160786 42.004122930415)
0da13f1fcbaf98eab1a7b09ac7304e7fb6f662dbb8e5fc283e0dacb5c536d016ea1cd60f14632f520663deb4fbd61fbe18ffb9762cfc73d7d93c17d03cfd0664,,07/14/2025 02:15:00 PM,5,NO CONTROLS,NO CONTROLS,CLEAR,DAYLIGHT,PARKED MOTOR VEHICLE,PARKING LOT,,STRAIGHT AND LEVEL,DRY,NO DEFECTS,NOT ON SCENE (DESK REPORT),NO INJURY / DRIVE AWAY,,,,"$501 - $1,500",07/14/2025 06:50:00 PM,IMPROPER BACKING,DRIVING SKILLS/KNOWLEDGE/EXPERIENCE,4955,W,MADISON ST,1533,,,,,,,2,NO INDICATION OF INJURY,0,0,0,0,0,1,0,14,2,7,41.8803304533,-87.7497895171,POINT (-87.749789517126 41.880330453313)
ad57ae8aa7c245c44dbeb83d47c2d1a63e26e65ba9497d31e6ccaf6d20e17d0a0ae2476732bc804cf210f00c8c2fe08e94d77a783e9c20c45326726142cb92cc,,07/14/2025 02:15:00 PM,30,NO CONTROLS,NO CONTROLS,CLEAR,DAYLIGHT,ANGLE,NOT DIVIDED,,STRAIGHT AND LEVEL,DRY,NO DEFECTS,NOT ON SCENE (DESK REPORT),NO INJURY / DRIVE AWAY,,,,"OVER $1,500",07/14/2025 02:30:00 PM,UNABLE TO DETERMINE,UNABLE TO DETERMINE,5500,N,CENTRAL AVE,1622,,,,,,,2,NO INDICATION OF INJURY,0,0,0,0,0,2,0,14,2,7,41.9812114992,-87.7685229313,POINT (-87.768522931323 41.98121149923)
f9058cbd1728f59a3a84e699061ebb3d3289731b3eb0042c2d1ad526b0193bc482da21700c0f43ff7ec2978199cf20c199ce9c21ec7ea7ceaaf627e963664e92,,07/14/2025 02:05:00 PM,35,STOP SIGN/FLASHER,FUNCTIONING PROPERLY,CLEAR,DAYLIGHT,ANGLE,FOUR WAY,,STRAIGHT AND LEVEL,DRY,NO DEFECTS,ON SCENE,NO INJURY / DRIVE AWAY,Y,,,"OVER $1,500",07/14/2025 02:10:00 PM,FAILING TO YIELD RIGHT-OF-WAY,DISREGARDING STOP SIGN,10500,S,DR MARTIN LUTHER KING JR DR,512,,,,,,,2,NO INDICATION OF INJURY,0,0,0,0,0,2,0,14,2,7,41.7035698828,-87.6138136909,POINT (-87.61381369091 41.703569882774)
7dd626ad27ed4746e07a70bde0ca19c05ceacccc8c2b4efa8362999cae96de87d369459df9642553ce48ef8445b51c4a0f0b2d8ec96820ee2cda7ae86c50eb62,,07/14/2025 02:00:00 PM,30,UNKNOWN,UNKNOWN,CLEAR,DAYLIGHT,REAR END,NOT DIVIDED,,STRAIGHT AND LEVEL,DRY,UNKNOWN,NOT ON SCENE (DESK REPORT),NO INJURY / DRIVE AWAY,,,,"OVER $1,500",07/14/2025 10:21:00 PM,UNABLE TO DETERMINE,UNABLE TO DETERMINE,6138,S,DR MARTIN LUTHER KING JR DR,311,,,,,,,2,NO INDICATION OF INJURY,0,0,0,0,0,2,0,14,2,7,41.782824296,-87.6158359955,POINT (-87.615835995525 41.78282429602)
818b8b7e185fb7dabcff08151819b2f53d742c0f3e47195b5afa8931b8bde082b278dbaf76e1939c059a48885483ec28f752853eb822b29542de3ddaacaa28ab,,07/14/2025 02:00:00 PM,30,NO CONTROLS,NO CONTROLS,CLEAR,DAYLIGHT,PARKED MOTOR VEHICLE,PARKING LOT,,STRAIGHT AND LEVEL,DRY,NO DEFECTS,NOT ON SCENE (DESK REPORT),NO INJURY / DRIVE AWAY,,,Y,"$501 - $1,500",07/14/2025 04:45:00 PM,UNABLE TO DETERMINE,UNABLE TO DETERMINE,7601,S,CICERO AVE,833,,,,,,,2,NO INDICATION OF INJURY,0,0,0,0,0,1,0,14,2,7,41.7546601244,-87.7413847586,POINT (-87.741384758605 41.754660124394)
e33229ddb9f8252ea01ccead0d5405e950e8e136878ce8a71fa6c602b228e8037a1e164d0aebeb0906f1d0c8f5750a2209e69407fc057a488656ac1aa075ceb0,,07/14/2025 02:00:00 PM,30,TRAFFIC SIGNAL,FUNCTIONING PROPERLY,CLEAR,DAYLIGHT,SIDESWIPE SAME DIRECTION,NOT DIVIDED,,STRAIGHT AND LEVEL,DRY,NO DEFECTS,ON SCENE,NO INJURY / DRIVE AWAY,Y,,,"OVER $1,500",07/14/2025 02:08:00 PM,IMPROPER LANE USAGE,UNABLE TO DETERMINE,4202,N,BROADWAY,1915,,,,,,,2,NO INDICATION OF INJURY,0,0,0,0,0,2,0,14,2,7,41.9585290193,-87.6532433667,POINT (-87.65324336673 41.958529019268)
f485e87df1f653743b734055b3cbb66994c1b8fb8b5ffddfafe47fa61e58f7a6d62dad9134a8586a0920faf48954a469c3e2808e450b69055cf5575fda8ccfd0,,07/14/2025 02:00:00 PM,30,NO CONTROLS,NO CONTROLS,CLEAR,DAYLIGHT,TURNING,DIVIDED - W/MEDIAN (NOT RAISED),,STRAIGHT AND LEVEL,DRY,NO DEFECTS,ON SCENE,INJURY AND / OR TOW DUE TO CRASH,,,,"OVER $1,500",07/14/2025 02:05:00 PM,FAILING TO YIELD RIGHT-OF-WAY,DRIVING SKILLS/KNOWLEDGE/EXPERIENCE,6221,S,ARCHER AVE,811,,,,,,,2,NO INDICATION OF INJURY,0,0,0,0,0,2,0,14,2,7,41.7936145062,-87.7753025099,POINT (-87.775302509915 41.793614506242)
d689f8645917dff84e757a2536f265b229fa3f712bf74a9772c749eb62e3169a20bd8790bdc570278accfe0b3fff2c6ff96a4c0831b4a90b49355ba563d8e2d7,,07/14/2025 01:57:00 PM,30,NO CONTROLS,NO CONTROLS,CLEAR,DAYLIGHT,REAR END,FOUR WAY,,STRAIGHT AND LEVEL,DRY,NO DEFECTS,NOT ON SCENE (DESK REPORT),NO INJURY / DRIVE AWAY,,,,"OVER $1,500",07/14/2025 02:30:00 PM,FOLLOWING TOO CLOSELY,NOT APPLICABLE,6137,S,COTTAGE GROVE AVE,313,,,,,,,2,NO INDICATION OF INJURY,0,0,0,0,0,2,0,13,2,7,41.7829493407,-87.60583706,POINT (-87.605837059982 41.782949340717)
446b6875bfee56e024e152924fa5d699ad9906dd4cd64796798e563ee619703406b6960b795c0147fe38ab7d586f876303d71411931c6ac94de538c1759fcc4d,,07/14/2025 01:55:00 PM,30,STOP SIGN/FLASHER,FUNCTIONING PROPERLY,CLEAR,DAYLIGHT,FIXED OBJECT,FOUR WAY,,STRAIGHT AND LEVEL,DRY,NO DEFECTS,ON SCENE,NO INJURY / DRIVE AWAY,Y,,Y,"$501 - $1,500",07/14/2025 02:02:00 PM,UNABLE TO DETERMINE,NOT APPLICABLE,2200,W,ARTHUR AVE,2412,,,,,,,1,NO INDICATION OF INJURY,0,0,0,0,0,1,0,13,2,7,41.9997341442,-87.6851260449,POINT (-87.685126044907 41.999734144158)
9816c81ed2cda48fc309ef3c5f8e19d09d240716b533d0d58227867931afe6f06a5b52d4652f36b38ec1833919382d60628672d81dc3a828d4a2287f39123775,,07/14/2025 01:52:00 PM,30,TRAFFIC SIGNAL,FUNCTIONING PROPERLY,CLEAR,DAYLIGHT,REAR END,NOT DIVIDED,,STRAIGHT AND LEVEL,DRY,NO DEFECTS,NOT ON SCENE (DESK REPORT),NO INJURY / DRIVE AWAY,,,,"$501 - $1,500",07/14/2025 02:50:00 PM,FOLLOWING TOO CLOSELY,NOT APPLICABLE,1540,W,NORTH AVE,1433,,,,,,,2,NO INDICATION OF INJURY,0,0,0,0,0,2,0,13,2,7,41.9107518656,-87.666890904,POINT (-87.666890903969 41.910751865597)
09385c7efc60cb46a0f094b55e2ef0442878966e43f3931fdb9152d1a318be012064e1ce0c4695073abd171f4fffd6fda2632c4f246324edab1add9e95b578d5,,07/14/2025 01:50:00 PM,30,TRAFFIC SIGNAL,UNKNOWN,CLEAR,DAYLIGHT,REAR END,NOT DIVIDED,,STRAIGHT AND LEVEL,UNKNOWN,UNKNOWN,NOT ON SCENE (DESK REPORT),INJURY AND / OR TOW DUE TO CRASH,,,,"$501 - $1,500",07/14/2025 02:20:00 PM,UNABLE TO DETERMINE,NOT APPLICABLE,6401,W,ARCHER AVE,811,,,,,,,2,"REPORTED, NOT EVIDENT",1,0,0,0,1,1,0,13,2,7,41.7922362628,-87.781856168,POINT (-87.781856167959 41.792236262806)
e7fef0f6bb92c984d972ac30e55f8cbcac7c1baf4f5f3ce4e1deceb63626dcea713726707478fc196380c72992d8d9448e8ed473236e71a92e656565a46b37ef,,07/14/2025 01:50:00 PM,30,NO CONTROLS,NO CONTROLS,CLEAR,DAYLIGHT,REAR END,DIVIDED - W/MEDIAN (NOT RAISED),,STRAIGHT AND LEVEL,DRY,NO DEFECTS,ON SCENE,NO INJURY / DRIVE AWAY,,,,"OVER $1,500",07/14/2025 03:00:00 PM,FOLLOWING TOO CLOSELY,NOT APPLICABLE,5636,S,PULASKI RD,813,,,,,,,2,NO INDICATION OF INJURY,0,0,0,0,0,2,0,13,2,7,41.790302213,-87.7232275443,POINT (-87.723227544318 41.790302212977)
fe1e8d068739f7683919c7ecc51f6f590bc23c1bdabe49576ee93c9137318f28584008736dd42d1ac4a49b02a912397c93e5b0919819b93d9c0e7f9f419874be,,07/14/2025 01:50:00 PM,15,NO CONTROLS,NO CONTROLS,CLEAR,DAYLIGHT,PARKED MOTOR VEHICLE,PARKING LOT,,STRAIGHT AND LEVEL,DRY,NO DEFECTS,NOT ON SCENE (DESK REPORT),NO INJURY / DRIVE AWAY,,Y,,"OVER $1,500",07/14/2025 03:00:00 PM,IMPROPER BACKING,NOT APPLICABLE,4846,N,ELSTON AVE,1712,,,,,,,2,NO INDICATION OF INJURY,0,0,0,0,0,2,0,13,2,7,41.9688406029,-87.7415789151,POINT (-87.741578915139 41.968840602937)
6690f725e2f0e72c6024182f2f0d29ed0f5f73da6adb644c3dd6cedbd95f40819547ea33d263d544b2aea8b1646b6235aee670ea3a4bef88051e04b8fd2cf024,,07/14/2025 01:45:00 PM,30,NO CONTROLS,NO CONTROLS,UNKNOWN,UNKNOWN,REAR END,DIVIDED - W/MEDIAN (NOT RAISED),,STRAIGHT AND LEVEL,UNKNOWN,UNKNOWN,NOT ON SCENE (DESK REPORT),NO INJURY / DRIVE AWAY,,,,"$501 - $1,500",07/15/2025 01:55:00 PM,FOLLOWING TOO CLOSELY,FOLLOWING TOO CLOSELY,2411,W,CONGRESS PKWY,1135,,,,,,,2,NO INDICATION OF INJURY,0,0,0,0,0,2,0,13,2,7,41.874888691,-87.6867249426,POINT (-87.686724942573 41.874888691013)
290b039ab5937ccda12b95199b71c427f9062e90b90969403d4970b0d3998eba6fbda25c6497bc7f80a69fcdbe96ffd0e5b3b039349aec46d54c24e9e9569d35,,07/14/2025 01:36:00 PM,30,NO CONTROLS,NO CONTROLS,CLEAR,DAYLIGHT,TURNING,NOT DIVIDED,,STRAIGHT AND LEVEL,DRY,NO DEFECTS,ON SCENE,INJURY AND / OR TOW DUE TO CRASH,,,,"OVER $1,500",07/14/2025 02:37:00 PM,FAILING TO YIELD RIGHT-OF-WAY,DRIVING SKILLS/KNOWLEDGE/EXPERIENCE,5329,W,IRVING PARK RD,1634,,,,,,,2,NONINCAPACITATING INJURY,1,0,0,1,0,1,0,13,2,7,41.9531470093,-87.7608029776,POINT (-87.760802977568 41.953147009264)
0ad730f8b4612d6ed1875893eda333cdb60e4af7a166bbd579bfb3c18ca5e4d0539641884987a9b87682b097a3ecf6452a22337b3f6ef7b09c971a805162e3e2,,07/14/2025 01:30:00 PM,30,UNKNOWN,UNKNOWN,UNKNOWN,UNKNOWN,TURNING,NOT DIVIDED,,STRAIGHT AND LEVEL,UNKNOWN,UNKNOWN,NOT ON SCENE (DESK REPORT),INJURY AND / OR TOW DUE TO CRASH,,,Y,"OVER $1,500",07/14/2025 02:03:00 PM,UNABLE TO DETERMINE,NOT APPLICABLE,4244,S,WENTWORTH AVE,925,,,,,,,2,"REPORTED, NOT EVIDENT",1,0,0,0,1,2,0,13,2,7,41.8169342782,-87.6313584632,POINT (-87.631358463152 41.816934278225)
1da2790f3957740b0a397a44ca48a6edc1d8a147399cb5cd7e8fb9270a1dbeed03940483244443689b573d998a3b8863cbee9a7e47fb8618f3b01d85a5de6dcd,,07/14/2025 01:30:00 PM,15,NO CONTROLS,NO CONTROLS,CLEAR,DAYLIGHT,PARKED MOTOR VEHICLE,PARKING LOT,,STRAIGHT AND LEVEL,DRY,NO DEFECTS,NOT ON SCENE (DESK REPORT),NO INJURY / DRIVE AWAY,,Y,,"OVER $1,500",07/15/2025 08:00:00 AM,NOT APPLICABLE,NOT APPLICABLE,1306,E,47TH ST,222,,,,,,,2,NO INDICATION OF INJURY,0,0,0,0,0,1,0,13,2,7,41.8097752938,-87.5947365238,POINT (-87.594736523765 41.809775293809)
4a6741ce887e6d0925cb19193d21c025b8b05c695135c71853779679f3d0a0ac2403040ede66a5c0d54eb0fc4262e7b027675fed86035bdb5da3f35a708d4447,,07/14/2025 01:30:00 PM,10,NO CONTROLS,NO CONTROLS,CLEAR,DAYLIGHT,ANGLE,NOT DIVIDED,,STRAIGHT AND LEVEL,WET,NO DEFECTS,ON SCENE,NO INJURY / DRIVE AWAY,,,,"$501 - $1,500",07/14/2025 01:37:00 PM,UNABLE TO DETERMINE,NOT APPLICABLE,10000,W,OHARE ST,1651,,,,,,,2,NO INDICATION OF INJURY,0,0,0,0,0,2,0,13,2,7,41.976201139,-87.9053091251,POINT (-87.905309125103 41.976201139024)
7689cc668f7afa1421416531b30cfe2bf7c1a3e7f50d9e19a19525d0f399216de3fc7d442de8178f4bc2e75eb695ae77b5f4734b6074862ee42b90ff57c91377,,07/14/2025 01:30:00 PM,30,TRAFFIC SIGNAL,FUNCTIONING PROPERLY,CLEAR,DAYLIGHT,SIDESWIPE OPPOSITE DIRECTION,DIVIDED - W/MEDIAN (NOT RAISED),,STRAIGHT AND LEVEL,DRY,NO DEFECTS,NOT ON SCENE (DESK REPORT),INJURY AND / OR TOW DUE TO CRASH,,,,"OVER $1,500",07/14/2025 04:54:00 PM,IMPROPER BACKING,NOT APPLICABLE,4732,W,ROOSEVELT RD,1131,,,,,,,2,"REPORTED, NOT EVIDENT",1,0,0,0,1,2,0,13,2,7,41.866018405,-87.7436459931,POINT (-87.743645993077 41.866018404988)
e6aa600045ba5fd2f3306df49f2c68745238ab2f16fe392546cfd79bd56f7f2e0c1b9f15ce7c1dbceaf19432984d973f89fc59fd742e8a22f18e1f528f71799c,,07/14/2025 01:30:00 PM,35,NO CONTROLS,NO CONTROLS,CLEAR,DAYLIGHT,SIDESWIPE SAME DIRECTION,NOT DIVIDED,,STRAIGHT AND LEVEL,DRY,NO DEFECTS,ON SCENE,NO INJURY / DRIVE AWAY,,,,$500 OR LESS,07/14/2025 01:40:00 PM,IMPROPER OVERTAKING/PASSING,UNABLE TO DETERMINE,6202,S,WESTERN AVE,825,,,,,,,2,NO INDICATION OF INJURY,0,0,0,0,0,2,0,13,2,7,41.7809042454,-87.6838316065,POINT (-87.683831606473 41.780904245429)
9c3e2d3b59c7ea9689b93fd16714e48f7a599e020a394affb0c1f3819c999272d38586d7b85047260319fc2ad49eb9ff9ab7ad10ad2dc67a09d56dde3d293952,,07/14/2025 01:28:00 PM,30,NO CONTROLS,NO CONTROLS,CLEAR,DAYLIGHT,SIDESWIPE SAME DIRECTION,DIVIDED - W/MEDIAN (NOT RAISED),,STRAIGHT AND LEVEL,DRY,NO DEFECTS,NOT ON SCENE (DESK REPORT),NO INJURY / DRIVE AWAY,,,,"OVER $1,500",07/14/2025 02:35:00 PM,UNABLE TO DETERMINE,UNABLE TO DETERMINE,3738,N,KIMBALL AVE,1732,,,,,,,2,NO INDICATION OF INJURY,0,0,0,0,0,2,0,13,2,7,41.9495570109,-87.7129426292,POINT (-87.712942629235 41.949557010912)
7b8aabc7b65693291152f03865d915d3ab7745fdfacab7b4e111ab01ce5a601a283bb989e69ca2aa7277b37271682ed55bf8bc5869224d3aafd53ddc206e044f,,07/14/2025 01:25:00 PM,30,UNKNOWN,UNKNOWN,UNKNOWN,DAYLIGHT,REAR TO SIDE,NOT DIVIDED,,STRAIGHT AND LEVEL,DRY,NO DEFECTS,NOT ON SCENE (DESK REPORT),NO INJURY / DRIVE AWAY,,,,"OVER $1,500",07/17/2025 12:15:00 PM,UNABLE TO DETERMINE,UNABLE TO DETERMINE,1200,W,ARGYLE ST,2033,,,,,,,2,NO INDICATION OF INJURY,0,0,0,0,0,2,0,13,2,7,41.9727847664,-87.659840031,POINT (-87.659840030971 41.972784766428)
7bf9164c56062691cdde40d5e48b28572c4a689630ba7ef3992a2caf38b2c8fdcdbe918926d1622301195e60cf516e690b55a4c09b4b44c73ef529a5b04b262e,,07/14/2025 01:25:00 PM,30,TRAFFIC SIGNAL,FUNCTIONING PROPERLY,CLEAR,DAYLIGHT,FIXED OBJECT,DIVIDED - W/MEDIAN (NOT RAISED),,STRAIGHT AND LEVEL,DRY,NO DEFECTS,ON SCENE,INJURY AND / OR TOW DUE TO CRASH,Y,,,"OVER $1,500",07/14/2025 01:30:00 PM,UNABLE TO DETERMINE,NOT APPLICABLE,2759,W,LAKE ST,1222,,,,,,,1,"REPORTED, NOT EVIDENT",1,0,0,0,1,0,0,13,2,7,41.884141956,-87.6962188258,POINT (-87.696218825812 41.884141955961)
95511cf8145d154305671987ea1f318af99d9ffccc80a2ef6f36207a6f29ae67cbadf63538c136551fcfdbb3b3bae1af32d54d8ed3b90ecae25752fdd2d8b237,,07/14/2025 01:20:00 PM,25,TRAFFIC SIGNAL,FUNCTIONING PROPERLY,CLEAR,DAYLIGHT,REAR END,NOT DIVIDED,,STRAIGHT AND LEVEL,DRY,NO DEFECTS,NOT ON SCENE (DESK REPORT),NO INJURY / DRIVE AWAY,,,Y,"OVER $1,500",07/14/2025 02:30:00 PM,NOT APPLICABLE,NOT APPLICABLE,2398,W,MONTROSE AVE,1911,,,,,,,2,NO INDICATION OF INJURY,0,0,0,0,0,5,0,13,2,7,41.9614234529,-87.6886251189,POINT (-87.688625118874 41.961423452895)
fde94ab316e2f71623adc7e61df8d56ddc4edb393813ae9a4cfdb0c16aca63eb3d48553bfe36cabdec24bb23e9237ad4817a1ac8b666fc6a2583351bd6be03d5,,07/14/2025 01:16:00 PM,30,TRAFFIC SIGNAL,FUNCTIONING PROPERLY,CLEAR,DAYLIGHT,TURNING,NOT DIVIDED,,STRAIGHT AND LEVEL,DRY,NO DEFECTS,ON SCENE,INJURY AND / OR TOW DUE TO CRASH,,,,"OVER $1,500",07/14/2025 02:44:00 PM,IMPROPER OVERTAKING/PASSING,IMPROPER TURNING/NO SIGNAL,7199,W,ADDISON ST,1632,,,,,,,2,NO INDICATION OF INJURY,0,0,0,0,0,2,0,13,2,7,41.945156764,-87.8069392979,POINT (-87.806939297877 41.945156764018)
762676014447f904edef36d2b1529a045650d47272e9ea497f8a94d14c641ae7e65f0a573a401fe53270087faa4cf79dccd3f88a269a95963d0ec7a03c9d125a,,07/14/2025 01:14:00 PM,15,NO CONTROLS,NO CONTROLS,CLEAR,DAYLIGHT,PARKED MOTOR VEHICLE,NOT DIVIDED,,STRAIGHT AND LEVEL,DRY,NO DEFECTS,ON SCENE,NO INJURY / DRIVE AWAY,,,Y,"OVER $1,500",07/14/2025 02:50:00 PM,UNABLE TO DETERMINE,IMPROPER BACKING,1415,E,62ND ST,314,,,,,,,4,NO INDICATION OF INJURY,0,0,0,0,0,2,0,13,2,7,41.7822862266,-87.5908073499,POINT (-87.590807349927 41.782286226576)
a91a6b2b6d8e64c5ccd1a819ddbb56ec828e897c0c77d67e7c7b6357f81a04e614ef2d79b51fab45706cfaee85554c5749b1ef95bc3f4e823446ad708bb624a4,Y,07/14/2025 01:10:00 PM,30,TRAFFIC SIGNAL,FUNCTIONING PROPERLY,CLEAR,DAYLIGHT,ANGLE,FOUR WAY,,STRAIGHT AND LEVEL,DRY,NO DEFECTS,ON SCENE,INJURY AND / OR TOW DUE TO CRASH,Y,,,"OVER $1,500",07/14/2025 01:15:00 PM,FAILING TO REDUCE SPEED TO AVOID CRASH,FAILING TO YIELD RIGHT-OF-WAY,1759,W,GARFIELD BLVD,715,,,,,,,3,INCAPACITATING INJURY,2,0,1,1,0,0,0,13,2,7,41.7934945783,-87.6693705577,POINT (-87.669370557683 41.7934945783)
c8fdca3c4fa063a42fdebee0b762fa0b1bf47160e058864633c6a899d553bae4d0bd5b3f728211167b2c78c67da5b8556c0ce869500dd4bccf9fd21f9beab5cf,,07/14/2025 01:05:00 PM,30,TRAFFIC SIGNAL,FUNCTIONING PROPERLY,CLEAR,DAYLIGHT,REAR END,NOT DIVIDED,,STRAIGHT AND LEVEL,DRY,NO DEFECTS,NOT ON SCENE (DESK REPORT),NO INJURY / DRIVE AWAY,,,Y,"OVER $1,500",07/14/2025 02:10:00 PM,FOLLOWING TOO CLOSELY,NOT APPLICABLE,2959,W,FULTON ST,1222,,,,,,,2,NO INDICATION OF INJURY,0,0,0,0,0,2,0,13,2,7,41.8863732309,-87.701234307,POINT (-87.701234306969 41.886373230918)