CRASH_RECORD_ID,CRASH_DATE_EST_I,CRASH_DATE,POSTED_SPEED_LIMIT,TRAFFIC_CONTROL_DEVICE,DEVICE_CONDITION,WEATHER_CONDITION,LIGHTING_CONDITION,FIRST_CRASH_TYPE,TRAFFICWAY_TYPE,LANE_CNT,ALIGNMENT,ROADWAY_SURFACE_COND,ROAD_DEFECT,REPORT_TYPE,CRASH_TYPE,INTERSECTION_RELATED_I,NOT_RIGHT_OF_WAY_I,HIT_AND_RUN_I,DAMAGE,DATE_POLICE_NOTIFIED,PRIM_CONTRIBUTORY_CAUSE,SEC_CONTRIBUTORY_CAUSE,STREET_NO,STREET_DIRECTION,STREET_NAME,BEAT_OF_OCCURRENCE,PHOTOS_TAKEN_I,STATEMENTS_TAKEN_I,DOORING_I,WORK_ZONE_I,WORK_ZONE_TYPE,WORKERS_PRESENT_I,NUM_UNITS,MOST_SEVERE_INJURY,INJURIES_TOTAL,INJURIES_FATAL,INJURIES_INCAPACITATING,INJURIES_NON_INCAPACITATING,INJURIES_REPORTED_NOT_EVIDENT,INJURIES_NO_INDICATION,INJURIES_UNKNOWN,CRASH_HOUR,CRASH_DAY_OF_WEEK,CRASH_MONTH,LATITUDE,LONGITUDE,LOCATION
acf37fef2d4b33729950e9a8cb78d67987669806942c09b5f5d08ca4019a64785f7e62501b60f08003afc5a5546107a993a653d993f121ca2516f1704494ce85,,07/14/2025 01:00:00 PM,20,NO CONTROLS,NO CONTROLS,UNKNOWN,UNKNOWN,PARKED MOTOR VEHICLE,ONE-WAY,,STRAIGHT AND LEVEL,OTHER,OTHER,,NO INJURY / DRIVE AWAY,,,Y,"OVER $1,500",07/25/2025 11:45:00 AM,UNABLE TO DETERMINE,UNABLE TO DETERMINE,2234,N,SEMINARY AVE,1811,,,,Y,CONSTRUCTION,,2,NO INDICATION OF INJURY,0,0,0,0,0,1,0,13,2,7,41.9227463748,-87.6560960572,POINT (-87.656096057242 41.922746374766)
fa4f0d9723d513d4390610492af2efa477bdc00f02f08808c3903b5deb23e80e3dd147877542a7cd20bcb8b34d35b8be55092dcdd1ec6c8e9ccdfe95280be066,,07/14/2025 01:00:00 PM,30,NO CONTROLS,NO CONTROLS,UNKNOWN,UNKNOWN,PARKED MOTOR VEHICLE,NOT DIVIDED,,STRAIGHT AND LEVEL,UNKNOWN,UNKNOWN,ON SCENE,NO INJURY / DRIVE AWAY,,,Y,"OVER $1,500",07/23/2025 02:45:00 PM,UNABLE TO DETERMINE,NOT APPLICABLE,5945,W,DIVISION ST,1511,,,,,,,2,NO INDICATION OF INJURY,0,0,0,0,0,1,0,13,2,7,41.9018976293,-87.7747106136,POINT (-87.774710613639 41.90189762934)
318254ca223fc3609e83fb4b03a28cf9a53de9ba9449aac8ca4a3471e6e26cf4176bff4a114acb55b73b2b8b2c2771fd51bac818087114d44544492fb2100727,,07/14/2025 12:50:00 PM,30,NO CONTROLS,NO CONTROLS,CLEAR,DAYLIGHT,TURNING,NOT DIVIDED,,STRAIGHT AND LEVEL,DRY,NO DEFECTS,NOT ON SCENE (DESK REPORT),NO INJURY / DRIVE AWAY,,,,"OVER $1,500",07/21/2025 02:50:00 PM,UNABLE TO DETERMINE,UNABLE TO DETERMINE,375,E,CHICAGO AVE,1833,,,,,,,2,NO INDICATION OF INJURY,0,0,0,0,0,2,0,12,2,7,41.8967201137,-87.6175675066,POINT (-87.617567506554 41.896720113748)
83df46b9569fb7976d531b0d92139b78855a413fa445420d14c72d088b72f7c8b893e8a6e18fb980c94082922d9c1dd91a0698e486529af634cb56e9719b4b0b,,07/14/2025 12:45:00 PM,25,NO CONTROLS,NO CONTROLS,CLEAR,DAYLIGHT,ANGLE,PARKING LOT,,STRAIGHT AND LEVEL,DRY,NO DEFECTS,NOT ON SCENE (DESK REPORT),NO INJURY / DRIVE AWAY,,,,"OVER $1,500",07/14/2025 06:50:00 PM,FAILING TO YIELD RIGHT-OF-WAY,FAILING TO YIELD RIGHT-OF-WAY,2403,S,BLUE ISLAND AVE,1034,,,,,,,2,NO INDICATION OF INJURY,0,0,0,0,0,2,0,12,2,7,41.8485391874,-87.6754169836,POINT (-87.675416983619 41.848539187353)
86b4d45ac52e24f9498ee239c376c8666dec35ece2a467bf1700122697d5154c91ce54e08e535db23f0325c4949f0875abe82644dd40d9dd81ad353256444a1e,,07/14/2025 12:45:00 PM,25,NO CONTROLS,NO CONTROLS,CLEAR,DAYLIGHT,TURNING,DIVIDED - W/MEDIAN (NOT RAISED),,STRAIGHT AND LEVEL,DRY,NO DEFECTS,,INJURY AND / OR TOW DUE TO CRASH,,,,"$501 - $1,500",07/14/2025 12:46:00 PM,FAILING TO YIELD RIGHT-OF-WAY,DRIVING SKILLS/KNOWLEDGE/EXPERIENCE,3631,N,CLARK ST,1923,,,,,,,2,"REPORTED, NOT EVIDENT",1,0,0,0,1,2,0,12,2,7,41.9480100288,-87.6569908512,POINT (-87.656990851174 41.948010028798)
c106d87aa3ae635ec75d32fe154e06896b63b0d890cecc963d3ec10591e58cd40a8523d6ba516873d3a7f3fc12bd032798eb90b91f66f40f5fcfd540a83f1c5e,,07/14/2025 12:45:00 PM,35,UNKNOWN,NO CONTROLS,CLEAR,DAYLIGHT,REAR END,NOT DIVIDED,,STRAIGHT AND LEVEL,DRY,NO DEFECTS,,NO INJURY / DRIVE AWAY,,,Y,"$501 - $1,500",07/14/2025 01:25:00 PM,UNABLE TO DETERMINE,NOT APPLICABLE,6364,W,BRYN MAWR AVE,1622,,,,,,,2,NO INDICATION OF INJURY,0,0,0,0,0,2,0,12,2,7,41.9830079922,-87.7876725093,POINT (-87.787672509308 41.983007992184)
d7c40f1f5b74e1fab2f346d6203aa4f29274118f52879a642a492050dcc8d29539f044101c2e85dd58dc4661c280ac42a8b0cf7b046a0de06164bbe46507de93,,07/14/2025 12:45:00 PM,15,NO CONTROLS,NO CONTROLS,CLEAR,DAYLIGHT,PARKED MOTOR VEHICLE,ONE-WAY,,STRAIGHT AND LEVEL,DRY,UNKNOWN,NOT ON SCENE (DESK REPORT),NO INJURY / DRIVE AWAY,,,,"OVER $1,500",07/14/2025 01:15:00 PM,DRIVING SKILLS/KNOWLEDGE/EXPERIENCE,DRIVING SKILLS/KNOWLEDGE/EXPERIENCE,1308,S,TRIPP AVE,1011,,,,,,,2,NO INDICATION OF INJURY,0,0,0,0,0,1,0,12,2,7,41.8639370476,-87.731367103,POINT (-87.731367102994 41.863937047566)
fd6e24ad9212eac62ee42eb9310acf3fa462687d10588c97a11c3d86cc5f8483fa52b32df11fa7306f8c21da2b24a912534ffcbc30fc27a0f7d96169c5228c0a,,07/14/2025 12:40:00 PM,30,NO CONTROLS,NO CONTROLS,CLEAR,DAYLIGHT,REAR END,DIVIDED - W/MEDIAN BARRIER,,STRAIGHT AND LEVEL,DRY,WORN SURFACE,NOT ON SCENE (DESK REPORT),NO INJURY / DRIVE AWAY,,,,"OVER $1,500",07/14/2025 12:40:00 PM,DISTRACTION - FROM OUTSIDE VEHICLE,FAILING TO REDUCE SPEED TO AVOID CRASH,5962,N,LINCOLN AVE,2011,,,,,,,2,NO INDICATION OF INJURY,0,0,0,0,0,4,0,12,2,7,41.9894899931,-87.7061018875,POINT (-87.706101887493 41.989489993142)
442aea998463c4c4faeb4c4507cf04a77840e035a0e58d4bd4c0bde89455c7bc4e6a573054d00aa64b1e32aeeeaf211f16f62b4fa3d5e84d442c8b097bf9ed26,,07/14/2025 12:30:00 PM,40,NO CONTROLS,NO CONTROLS,CLEAR,DAYLIGHT,SIDESWIPE SAME DIRECTION,ONE-WAY,,STRAIGHT AND LEVEL,DRY,NO DEFECTS,NOT ON SCENE (DESK REPORT),NO INJURY / DRIVE AWAY,,,,"$501 - $1,500",07/14/2025 01:35:00 PM,DISTRACTION - FROM INSIDE VEHICLE,NOT APPLICABLE,600,N,LAKE SHORE DR,1834,,,,,,,2,NO INDICATION OF INJURY,0,0,0,0,0,3,0,12,2,7,41.8927482092,-87.614686796,POINT (-87.614686796014 41.892748209238)
8122845394a1b17dae421a0abff9f3a56a14083799d290d151508be6e43e06260b8e09458ac451a61d783bc8b5fc264eea02d574a8c554ad0c0ede429acc1b56,,07/14/2025 12:30:00 PM,30,NO CONTROLS,NO CONTROLS,CLEAR,DAYLIGHT,REAR TO FRONT,NOT DIVIDED,,STRAIGHT AND LEVEL,DRY,NO DEFECTS,NOT ON SCENE (DESK REPORT),NO INJURY / DRIVE AWAY,,,,$500 OR LESS,07/14/2025 01:15:00 PM,IMPROPER LANE USAGE,NOT APPLICABLE,5556,W,GRAND AVE,2515,,,,,,,2,NO INDICATION OF INJURY,0,0,0,0,0,2,0,12,2,7,41.9188429689,-87.7656216833,POINT (-87.765621683278 41.918842968856)
964277c049a0522b316897bd45c80d10d32f4baa7ebf23471611f9af18e6f99f4866c4d0d23bc829e0e7645563665b894e52be27f64b3e9016f0d08480ae4425,,07/14/2025 12:30:00 PM,35,NO CONTROLS,NO CONTROLS,CLEAR,DAYLIGHT,SIDESWIPE SAME DIRECTION,NOT DIVIDED,,STRAIGHT AND LEVEL,DRY,NO DEFECTS,ON SCENE,INJURY AND / OR TOW DUE TO CRASH,Y,,,"OVER $1,500",07/14/2025 12:45:00 PM,UNABLE TO DETERMINE,UNABLE TO DETERMINE,2525,W,63RD ST,825,,,,,,,2,NO INDICATION OF INJURY,0,0,0,0,0,2,0,12,2,7,41.7790963503,-87.6872399771,POINT (-87.687239977121 41.779096350315)
c81f7e8fc6922e2521ae9a46483180f462d854e8c177992717565d84bdf0a7293d7596273b29f8b9313871d50c8a23e4a43efa1f96db9f729f551891b180ef7c,,07/14/2025 12:30:00 PM,30,TRAFFIC SIGNAL,FUNCTIONING PROPERLY,CLEAR,DAYLIGHT,ANGLE,OTHER,,STRAIGHT AND LEVEL,DRY,NO DEFECTS,NOT ON SCENE (DESK REPORT),NO INJURY / DRIVE AWAY,Y,,,"OVER $1,500",07/14/2025 05:00:00 PM,DISREGARDING OTHER TRAFFIC SIGNS,UNABLE TO DETERMINE,7100,S,WENTWORTH AVE,731,,,,,,,2,NO INDICATION OF INJURY,0,0,0,0,0,2,0,12,2,7,41.7653413584,-87.6299145749,POINT (-87.629914574932 41.7653413584)
d783639c93b524c3921bdbfac8dae82261beb299b3a710e57a396cdbe800a2cb3c15b6071a30577f23e18ddcf8472f9d85766d1c23989f01103eae93ca185ae7,,07/14/2025 12:30:00 PM,45,NO CONTROLS,NO CONTROLS,CLEAR,DAYLIGHT,SIDESWIPE SAME DIRECTION,OTHER,,STRAIGHT AND LEVEL,DRY,UNKNOWN,NOT ON SCENE (DESK REPORT),NO INJURY / DRIVE AWAY,,,Y,"OVER $1,500",07/14/2025 07:45:00 PM,FAILING TO REDUCE SPEED TO AVOID CRASH,NOT APPLICABLE,8801,S,ANTHONY AVE,412,,,,,,,2,NO INDICATION OF INJURY,0,0,0,0,0,2,0,12,2,7,41.7354301661,-87.5669599212,POINT (-87.566959921223 41.735430166081)
f05bad1f79ea938a4ec06044ccdbdc412593e3f84e4d8b41580b451fad441f5f6c71e18186107d8fe5b14eb1a8a6b34cdefb00e36142e5d190b1d196e2236449,,07/14/2025 12:30:00 PM,30,NO CONTROLS,NO CONTROLS,UNKNOWN,UNKNOWN,TURNING,DIVIDED - W/MEDIAN (NOT RAISED),,STRAIGHT AND LEVEL,UNKNOWN,UNKNOWN,NOT ON SCENE (DESK REPORT),INJURY AND / OR TOW DUE TO CRASH,,,,"OVER $1,500",07/14/2025 01:30:00 PM,FAILING TO YIELD RIGHT-OF-WAY,FAILING TO YIELD RIGHT-OF-WAY,2403,S,DAMEN AVE,1034,,,,,,,2,NONINCAPACITATING INJURY,1,0,0,1,0,2,0,12,2,7,41.8484397867,-87.6755979527,POINT (-87.675597952698 41.848439786684)
1afb10042146266aad40943889bbbc456a33864880fae1883cc4d8981cf5e8cd4c22731519cc32611984e4a6553e4b27c79b8971c6b45fea0157b005c5c61d02,,07/14/2025 12:25:00 PM,30,NO CONTROLS,NO CONTROLS,CLEAR,DAYLIGHT,PEDALCYCLIST,NOT DIVIDED,,STRAIGHT AND LEVEL,DRY,UNKNOWN,ON SCENE,INJURY AND / OR TOW DUE TO CRASH,,,,"OVER $1,500",07/14/2025 12:28:00 PM,FAILING TO YIELD RIGHT-OF-WAY,NOT APPLICABLE,2225,W,MONTROSE AVE,1911,,,Y,,,,2,NONINCAPACITATING INJURY,1,0,0,1,0,0,0,12,2,7,41.9612573538,-87.6848947381,POINT (-87.684894738058 41.961257353801)
4994a2c6b0f4e23cef4275b80bcb966842d233f53d4acad4ec1613390bfb0bc6fcc083cc71b0e86576eb6890c6d55172414a34f169fd08f25dda627e5f4ce529,,07/14/2025 12:22:00 PM,30,NO CONTROLS,NO CONTROLS,CLEAR,DAYLIGHT,PEDALCYCLIST,DIVIDED - W/MEDIAN (NOT RAISED),,STRAIGHT AND LEVEL,DRY,NO DEFECTS,ON SCENE,INJURY AND / OR TOW DUE TO CRASH,,,,"$501 - $1,500",07/14/2025 12:22:00 PM,"VISION OBSCURED (SIGNS, TREE LIMBS, BUILDINGS, ETC.)",NOT APPLICABLE,205,S,HALSTED ST,1232,,,,,,,2,NONINCAPACITATING INJURY,1,0,0,1,0,1,0,12,2,7,41.879060162,-87.6471292014,POINT (-87.647129201379 41.879060161972)
1de60f30ee8ce7ac91126e3f6e5ce06ad53f22291462b0a67edb0bf178abf195f626c07eda40d02e313c85679d79da3afee720c423123a4e106cf5863c8e8df1,,07/14/2025 12:20:00 PM,30,NO CONTROLS,NO CONTROLS,CLEAR,DAYLIGHT,FIXED OBJECT,DIVIDED - W/MEDIAN BARRIER,,STRAIGHT AND LEVEL,DRY,NO DEFECTS,ON SCENE,NO INJURY / DRIVE AWAY,,,,"$501 - $1,500",07/14/2025 12:21:00 PM,DRIVING SKILLS/KNOWLEDGE/EXPERIENCE,DRIVING SKILLS/KNOWLEDGE/EXPERIENCE,700,W,51ST ST,935,,Y,,,,,1,NO INDICATION OF INJURY,0,0,0,0,0,1,0,12,2,7,41.801735563,-87.6429667447,POINT (-87.642966744662 41.801735562989)
277457ff26201e2c62ba73689f6d0e088cc3d52dfabbe8f9415c04d356e3100387dbfbb7aee0101b41de8731cffe2a3e9c632121e5ff1e5a42654f7ce6467f57,,07/14/2025 12:20:00 PM,30,NO CONTROLS,NO CONTROLS,CLEAR,DAYLIGHT,REAR END,NOT DIVIDED,,STRAIGHT AND LEVEL,DRY,NO DEFECTS,ON SCENE,NO INJURY / DRIVE AWAY,,,,"OVER $1,500",07/14/2025 12:20:00 PM,DISTRACTION - FROM OUTSIDE VEHICLE,FAILING TO REDUCE SPEED TO AVOID CRASH,10226,S,TORRENCE AVE,431,,,,,,,3,NO INDICATION OF INJURY,0,0,0,0,0,2,0,12,2,7,41.7091730285,-87.5598370811,POINT (-87.559837081053 41.709173028457)
0f20167134908a2a6abdd4cc7f8857c7069d86ec1ca5fc6ecb39d0fd4d5eaba32b681cc70a00c27f294b73b99ea087458c004f50d5a3501c6da22dccfdbdd504,,07/14/2025 12:12:00 PM,30,TRAFFIC SIGNAL,FUNCTIONING PROPERLY,CLEAR,DAYLIGHT,REAR END,DIVIDED - W/MEDIAN BARRIER,,STRAIGHT AND LEVEL,DRY,UNKNOWN,ON SCENE,INJURY AND / OR TOW DUE TO CRASH,,,,"$501 - $1,500",07/14/2025 12:21:00 PM,UNABLE TO DETERMINE,NOT APPLICABLE,2358,W,GARFIELD BLVD,932,,,,,,,2,"REPORTED, NOT EVIDENT",2,0,0,0,2,0,0,12,2,7,41.7939548276,-87.6833969551,POINT (-87.683396955129 41.793954827568)
25d808e3a6b420fb0e8aa5b65fa739062207bd8521ee746861b61558294d075097bf586409bfee310de10fe7a3c197188b075ae6ace8220b98e39fc25e51dd1e,,07/14/2025 12:07:00 PM,30,TRAFFIC SIGNAL,FUNCTIONING PROPERLY,CLEAR,DAYLIGHT,TURNING,FOUR WAY,,STRAIGHT AND LEVEL,DRY,NO DEFECTS,ON SCENE,NO INJURY / DRIVE AWAY,,,Y,"$501 - $1,500",07/14/2025 12:10:00 PM,IMPROPER TURNING/NO SIGNAL,UNABLE TO DETERMINE,7058,S,LAFAYETTE AVE,731,,,,,,,2,NO INDICATION OF INJURY,0,0,0,0,0,2,0,12,2,7,41.7655898988,-87.6266979662,POINT (-87.626697966176 41.765589898813)
8aa1988184ac8cd4768d22debfd12ec5f6fa0066c6a4eb498f8b5b59d21884f97cbbe570e0d1ca287c9609c33496c338f4304252a8ec8f6ee8bca7117b02786a,,07/14/2025 12:02:00 PM,30,NO CONTROLS,NO CONTROLS,CLEAR,DAYLIGHT,REAR TO FRONT,ONE-WAY,,STRAIGHT AND LEVEL,DRY,NO DEFECTS,ON SCENE,NO INJURY / DRIVE AWAY,,,,"OVER $1,500",07/14/2025 12:30:00 PM,IMPROPER BACKING,DRIVING SKILLS/KNOWLEDGE/EXPERIENCE,180,N,JEFFERSON ST,121,,,,,,,2,NO INDICATION OF INJURY,0,0,0,0,0,2,0,12,2,7,41.8855755213,-87.6429167886,POINT (-87.642916788646 41.885575521343)
9fa1aab333698a12dbc741b5a8f0d75418416c54d35aa4356dafaa45dae47034d8c2076efe8f6227f45ef0b1eb683b5a97fabe83887e12d655a64b4b615922aa,,07/14/2025 12:00:00 PM,15,NO CONTROLS,NO CONTROLS,CLEAR,DAYLIGHT,ANGLE,ALLEY,,STRAIGHT AND LEVEL,DRY,NO DEFECTS,NOT ON SCENE (DESK REPORT),NO INJURY / DRIVE AWAY,,,,"$501 - $1,500",07/14/2025 01:00:00 PM,UNABLE TO DETERMINE,NOT APPLICABLE,5005,W,DRUMMOND PL,2521,,,,,,,2,NO INDICATION OF INJURY,0,0,0,0,0,2,0,12,2,7,41.9286366326,-87.7516706908,POINT (-87.751670690817 41.928636632587)
c3080e350a18962c6c83e9f60bb1b361cb34445dd54348ff9c7823fa337b93f19d8eef1fab9590466758c815c2c1e34e9f5e48d3657767f4223418025748b697,,07/14/2025 11:56:00 AM,10,NO CONTROLS,NO CONTROLS,CLEAR,DAYLIGHT,PARKED MOTOR VEHICLE,PARKING LOT,,STRAIGHT AND LEVEL,DRY,NO DEFECTS,NOT ON SCENE (DESK REPORT),NO INJURY / DRIVE AWAY,,,,"OVER $1,500",07/17/2025 11:49:00 AM,UNABLE TO DETERMINE,NOT APPLICABLE,1300,E,53RD ST,234,,,,,,,2,NO INDICATION OF INJURY,0,0,0,0,0,4,0,11,2,7,41.7995846959,-87.594905332,POINT (-87.594905332042 41.799584695925)
2fb7d085c1626d147671b551d021d320ca74765bc0e383bcb92a4245e523cf3c9c869a6dfd348a59342e1c33ffcfe714d6497d15c815141a6839cbf3f526956c,,07/14/2025 11:35:00 AM,30,NO CONTROLS,NO CONTROLS,CLEAR,DAYLIGHT,PARKED MOTOR VEHICLE,NOT DIVIDED,,STRAIGHT AND LEVEL,DRY,NO DEFECTS,ON SCENE,NO INJURY / DRIVE AWAY,,,Y,$500 OR LESS,07/14/2025 11:40:00 AM,UNABLE TO DETERMINE,NOT APPLICABLE,1550,W,84TH ST,614,,,,,,,2,NO INDICATION OF INJURY,0,0,0,0,0,1,0,11,2,7,41.7413672426,-87.6627845592,POINT (-87.66278455918 41.741367242617)
238759f453275bf3dd5adb29c08f521b6998001b2fbcdf344d53e24ef87bc30ffa47d1c57a084ada7e1dc4e482ea94afad6b457da8986e970b176afa801d14ec,,07/14/2025 11:20:00 AM,30,TRAFFIC SIGNAL,FUNCTIONING PROPERLY,CLEAR,DAYLIGHT,REAR END,NOT DIVIDED,,STRAIGHT AND LEVEL,DRY,NO DEFECTS,NOT ON SCENE (DESK REPORT),NO INJURY / DRIVE AWAY,,,,"OVER $1,500",07/14/2025 11:50:00 AM,UNABLE TO DETERMINE,NOT APPLICABLE,2001,W,IRVING PARK RD,1921,,,,,,,2,NO INDICATION OF INJURY,0,0,0,0,0,2,0,11,2,7,41.954046293,-87.678812012,POINT (-87.678812011999 41.954046293036)
1e30d1d82642fb86ca95ba5e754d51fd391518d0437b7a030b3e6d19cdcb049cc10aae233ee761def6cd6fcb212f9f94a9e9f5a16eecf740f28843a57c97e6f7,,07/14/2025 11:15:00 AM,30,STOP SIGN/FLASHER,UNKNOWN,CLEAR,DAYLIGHT,ANGLE,UNKNOWN INTERSECTION TYPE,,STRAIGHT AND LEVEL,DRY,NO DEFECTS,ON SCENE,INJURY AND / OR TOW DUE TO CRASH,,,,"OVER $1,500",07/14/2025 11:20:00 AM,UNABLE TO DETERMINE,NOT APPLICABLE,1200,N,SPRINGFIELD AVE,2535,,,,,,,2,"REPORTED, NOT EVIDENT",1,0,0,0,1,2,0,11,2,7,41.9027134803,-87.7240124663,POINT (-87.724012466325 41.902713480263)
54568e1f9cf4a97fa2e7797fc7ee2946df34d5efc49417c82fdda74c5ef19f3aa7dd0458a27d479aa81f218c99450c46071c943a8d41ccc305a10f95dbc336cb,,07/14/2025 11:15:00 AM,30,TRAFFIC SIGNAL,FUNCTIONING PROPERLY,CLEAR,DAYLIGHT,TURNING,NOT DIVIDED,,STRAIGHT AND LEVEL,DRY,NO DEFECTS,ON SCENE,INJURY AND / OR TOW DUE TO CRASH,,,,"OVER $1,500",07/14/2025 11:33:00 AM,FAILING TO YIELD RIGHT-OF-WAY,NOT APPLICABLE,6300,S,NARRAGANSETT AVE,812,,,,,,,2,NO INDICATION OF INJURY,0,0,0,0,0,2,0,11,2,7,41.7776281648,-87.7814106204,POINT (-87.781410620358 41.777628164752)
298894a2f9b3cb276093dec86e7a7c1424e41120cb0b9a932373732317dc67eab89c8a99e3065fdf185633c7d679314468476bbb3746d0753912b434a213028c,,07/14/2025 11:12:00 AM,30,UNKNOWN,UNKNOWN,CLEAR,DAYLIGHT,REAR END,NOT DIVIDED,,STRAIGHT AND LEVEL,UNKNOWN,UNKNOWN,NOT ON SCENE (DESK REPORT),NO INJURY / DRIVE AWAY,,,N,"$501 - $1,500",07/14/2025 11:25:00 AM,UNABLE TO DETERMINE,UNABLE TO DETERMINE,3010,W,ADDISON ST,1733,,,,,,,3,NO INDICATION OF INJURY,0,0,0,0,0,3,0,11,2,7,41.9467644844,-87.7034104579,POINT (-87.7034104579 41.946764484408)
79ae6512ac038dca263b7642d5850a73ca59fed9a30d23fb7a5810d905309552df26a549b484e95afab1a78b54601a94c8131db5899e7e36ee58f52368537131,,07/14/2025 11:04:00 AM,30,TRAFFIC SIGNAL,FUNCTIONING PROPERLY,CLEAR,DAYLIGHT,ANGLE,FOUR WAY,,STRAIGHT AND LEVEL,DRY,NO DEFECTS,ON SCENE,INJURY AND / OR TOW DUE TO CRASH,Y,,,"OVER $1,500",07/14/2025 11:06:00 AM,DISREGARDING TRAFFIC SIGNALS,NOT APPLICABLE,99,S,ASHLAND AVE,1224,,,,,,,2,NO INDICATION OF INJURY,0,0,0,0,0,3,0,11,2,7,41.8802065582,-87.6666133135,POINT (-87.666613313459 41.880206558235)
7480848bf12920ebdcd5a3c14b7c2fe15b5b4db623d2bfae0f1b755a1503a6ef9a43173d0d2a0b54894a5ab3f9d6f00e8f8e0091eb9958e94191c60bda282aff,,07/14/2025 11:00:00 AM,30,NO CONTROLS,NO CONTROLS,CLEAR,DAYLIGHT,PARKED MOTOR VEHICLE,PARKING LOT,,STRAIGHT AND LEVEL,DRY,UNKNOWN,NOT ON SCENE (DESK REPORT),NO INJURY / DRIVE AWAY,,,Y,"$501 - $1,500",07/15/2025 01:08:00 PM,FOLLOWING TOO CLOSELY,FOLLOWING TOO CLOSELY,3800,N,MILWAUKEE AVE,1731,,,,,,,2,NO INDICATION OF INJURY,0,0,0,0,0,1,0,11,2,7,41.9499895787,-87.7419475268,POINT (-87.741947526752 41.949989578729)
84fa34da3be364f61087246f8e5536dbfc054bbc141857f3ecc31e9184ceb49ce68fcb982175322e413087bc0e213cd3ea6ea99e38a4fe8345781ce0a6d5f02c,,07/14/2025 11:00:00 AM,30,TRAFFIC SIGNAL,FUNCTIONING PROPERLY,CLEAR,DAYLIGHT,TURNING,FOUR WAY,,STRAIGHT AND LEVEL,DRY,NO DEFECTS,NOT ON SCENE (DESK REPORT),NO INJURY / DRIVE AWAY,Y,,,"OVER $1,500",07/14/2025 11:40:00 AM,FAILING TO YIELD RIGHT-OF-WAY,NOT APPLICABLE,160,E,HURON ST,1834,,,,,,,2,NO INDICATION OF INJURY,0,0,0,0,0,2,0,11,2,7,41.8950670224,-87.6230272144,POINT (-87.623027214411 41.89506702242)
c85c2f724e8736465162d338787f14ec5bfe738876c3e5dde965083283cf91a0c5691fdb7fe8f832366704b83a78fd422180b13a5d76c144f60ad81b95d07376,,07/14/2025 11:00:00 AM,30,NO CONTROLS,NO CONTROLS,CLEAR,DAYLIGHT,REAR TO SIDE,PARKING LOT,,STRAIGHT AND LEVEL,DRY,NO DEFECTS,NOT ON SCENE (DESK REPORT),NO INJURY / DRIVE AWAY,,,,"OVER $1,500",07/14/2025 11:30:00 AM,UNABLE TO DETERMINE,NOT APPLICABLE,6520,W,FULLERTON AVE,2512,,,,,,,2,NO INDICATION OF INJURY,0,0,0,0,0,2,0,11,2,7,41.9237604017,-87.7887477626,POINT (-87.788747762559 41.923760401743)
e76284d4b149550eb6b84553a8c8ee5e558a727a0c7b688d30e62af46f356859d71a4f8b05f17bf67d94ba68db1273d7f0ba8f4125bd2dbc5927ef88cb1afed4,,07/14/2025 11:00:00 AM,30,STOP SIGN/FLASHER,FUNCTIONING PROPERLY,CLEAR,DAYLIGHT,ANGLE,NOT DIVIDED,,STRAIGHT ON GRADE,DRY,UNKNOWN,ON SCENE,NO INJURY / DRIVE AWAY,,,Y,"OVER $1,500",07/14/2025 11:08:00 AM,FAILING TO YIELD RIGHT-OF-WAY,IMPROPER TURNING/NO SIGNAL,4632,W,IRVING PARK RD,1722,,,,,,,2,NO INDICATION OF INJURY,0,0,0,0,0,2,0,11,2,7,41.9535736058,-87.7439135684,POINT (-87.743913568441 41.953573605834)
1f1233aee31a8dfe82fc2f8647598167bd00afda3c679bff805d268d99cb389416bb3dfb8242920d45e7ea35ab2dd7b3ecae5db334a7e6da8ac05d48939394a5,,07/14/2025 10:49:00 AM,15,STOP SIGN/FLASHER,FUNCTIONING PROPERLY,CLEAR,DAYLIGHT,ANGLE,PARKING LOT,,STRAIGHT AND LEVEL,DRY,NO DEFECTS,ON SCENE,INJURY AND / OR TOW DUE TO CRASH,Y,Y,,"OVER $1,500",07/14/2025 10:49:00 AM,FAILING TO YIELD RIGHT-OF-WAY,FAILING TO YIELD RIGHT-OF-WAY,1763,W,HOWARD ST,2422,,,,,,,2,"REPORTED, NOT EVIDENT",1,0,0,0,1,1,0,10,2,7,42.0192885501,-87.6750585094,POINT (-87.675058509388 42.019288550088)
db3691f874a3bfbfed4e55769bf9bcf1c7e8d2474d0db27f11aa86843d6e1d3424d2fbf1ec6762edc0a43397048ceca71c4291bc5d94f6bebe8dd6d2fcf02e4c,,07/14/2025 10:49:00 AM,30,TRAFFIC SIGNAL,FUNCTIONING PROPERLY,CLEAR,DAYLIGHT,REAR END,NOT DIVIDED,,STRAIGHT AND LEVEL,DRY,NO DEFECTS,NOT ON SCENE (DESK REPORT),NO INJURY / DRIVE AWAY,Y,,,"OVER $1,500",07/14/2025 11:50:00 AM,FAILING TO YIELD RIGHT-OF-WAY,IMPROPER LANE USAGE,600,W,ROOSEVELT RD,124,,,,,,,2,NO INDICATION OF INJURY,0,0,0,0,0,2,0,10,2,7,41.8673283915,-87.6422642382,POINT (-87.642264238244 41.867328391469)