CRASH_RECORD_ID,CRASH_DATE_EST_I,CRASH_DATE,POSTED_SPEED_LIMIT,TRAFFIC_CONTROL_DEVICE,DEVICE_CONDITION,WEATHER_CONDITION,LIGHTING_CONDITION,FIRST_CRASH_TYPE,TRAFFICWAY_TYPE,LANE_CNT,ALIGNMENT,ROADWAY_SURFACE_COND,ROAD_DEFECT,REPORT_TYPE,CRASH_TYPE,INTERSECTION_RELATED_I,NOT_RIGHT_OF_WAY_I,HIT_AND_RUN_I,DAMAGE,DATE_POLICE_NOTIFIED,PRIM_CONTRIBUTORY_CAUSE,SEC_CONTRIBUTORY_CAUSE,STREET_NO,STREET_DIRECTION,STREET_NAME,BEAT_OF_OCCURRENCE,PHOTOS_TAKEN_I,STATEMENTS_TAKEN_I,DOORING_I,WORK_ZONE_I,WORK_ZONE_TYPE,WORKERS_PRESENT_I,NUM_UNITS,MOST_SEVERE_INJURY,INJURIES_TOTAL,INJURIES_FATAL,INJURIES_INCAPACITATING,INJURIES_NON_INCAPACITATING,INJURIES_REPORTED_NOT_EVIDENT,INJURIES_NO_INDICATION,INJURIES_UNKNOWN,CRASH_HOUR,CRASH_DAY_OF_WEEK,CRASH_MONTH,LATITUDE,LONGITUDE,LOCATION
3ab76c7e0dee9c5bf655ee3077da988879af7f0a82234cb3054dddf19de108a8caabb3f376ff1e33c7704d7883f031469f466cd2dfc796aa3e9e63643cbb1fe4,,07/14/2025 10:45:00 AM,30,TRAFFIC SIGNAL,FUNCTIONING PROPERLY,CLEAR,DAYLIGHT,TURNING,FOUR WAY,,STRAIGHT AND LEVEL,DRY,NO DEFECTS,NOT ON SCENE (DESK REPORT),NO INJURY / DRIVE AWAY,Y,,Y,$500 OR LESS,07/14/2025 02:00:00 PM,FOLLOWING TOO CLOSELY,FOLLOWING TOO CLOSELY,7100,S,WESTERN AVE,832,,,,,,,2,NO INDICATION OF INJURY,0,0,0,0,0,2,0,10,2,7,41.7646089122,-87.6833870533,POINT (-87.683387053281 41.764608912236)
ee778a9eccf09da2014b002acc62840441c3fbaa4c4ea0dfbbd755be40866cefa4d1cf6a1bfbdf9cd0fffff3548d94faaa1e15dda128ffe0349bf6e2223fc0a2,Y,07/14/2025 10:42:00 AM,30,NO CONTROLS,NO CONTROLS,CLEAR,DAYLIGHT,SIDESWIPE SAME DIRECTION,NOT DIVIDED,,STRAIGHT AND LEVEL,DRY,NO DEFECTS,ON SCENE,INJURY AND / OR TOW DUE TO CRASH,,,,"OVER $1,500",07/14/2025 10:42:00 AM,NOT APPLICABLE,NOT APPLICABLE,4746,W,ROOSEVELT RD,1131,,,,,,,2,"REPORTED, NOT EVIDENT",1,0,0,0,1,4,0,10,2,7,41.8660127917,-87.7441778729,POINT (-87.744177872909 41.866012791679)
ffeb3ad4d9e0cf69453ef7d662456ce53550cebde8c10f2ecfd2456fb193b58b56b79689497384d24f5e806859b69bda3d7f168d68acbade3871e291bea2f6af,,07/14/2025 10:40:00 AM,30,TRAFFIC SIGNAL,FUNCTIONING PROPERLY,CLEAR,DAYLIGHT,ANGLE,FOUR WAY,,STRAIGHT AND LEVEL,DRY,UNKNOWN,ON SCENE,INJURY AND / OR TOW DUE TO CRASH,,,,"$501 - $1,500",07/14/2025 10:45:00 AM,DISREGARDING TRAFFIC SIGNALS,NOT APPLICABLE,475,E,ILLINOIS ST,1834,,,,,,,2,NO INDICATION OF INJURY,0,0,0,0,0,5,0,10,2,7,41.8909852288,-87.6152952001,POINT (-87.615295200074 41.890985228757)
fd706edd5b97c83f5cb9f507bffa70864ffc6379667d3268e0d5ad61b4bb2e7266d248d3bd0426074f186a891314090dc43df1cf219344bdc06fe4186ac574d8,,07/14/2025 10:35:00 AM,30,TRAFFIC SIGNAL,FUNCTIONING PROPERLY,CLEAR,DAYLIGHT,ANGLE,FOUR WAY,,STRAIGHT AND LEVEL,DRY,NO DEFECTS,ON SCENE,INJURY AND / OR TOW DUE TO CRASH,Y,,,"OVER $1,500",07/14/2025 10:36:00 AM,"OPERATING VEHICLE IN ERRATIC, RECKLESS, CARELESS, NEGLIGENT OR AGGRESSIVE MANNER",FAILING TO REDUCE SPEED TO AVOID CRASH,6600,W,FULLERTON AVE,2512,,,,,,,3,NONINCAPACITATING INJURY,1,0,0,1,0,2,0,10,2,7,41.923745714,-87.7904484576,POINT (-87.790448457564 41.92374571401)
d8b4138d0265592850b2b71d95c10fd707dcb8491383bfd4225647d688ceba56f7394867876a6fd1203554203592883815f2c89bf832c0537f9eb200eaa213ca,,07/14/2025 10:34:00 AM,30,TRAFFIC SIGNAL,FUNCTIONING PROPERLY,CLEAR,DAYLIGHT,SIDESWIPE SAME DIRECTION,T-INTERSECTION,,STRAIGHT AND LEVEL,DRY,NO DEFECTS,ON SCENE,NO INJURY / DRIVE AWAY,,,Y,"OVER $1,500",07/14/2025 10:38:00 AM,UNABLE TO DETERMINE,UNABLE TO DETERMINE,1500,W,NORTH AVE,1433,,,,,,,2,NO INDICATION OF INJURY,0,0,0,0,0,2,0,10,2,7,41.9107741396,-87.6652177693,POINT (-87.665217769273 41.910774139618)
9eb61bd5fbcd72fadf11d576942739c6ad4443fc54e938c90a87d1c04a991936ebaf1903fca7449cce41edb4fb097ef4faf3dde0260b0ffb66c71f6a7ee710e4,,07/14/2025 10:30:00 AM,35,TRAFFIC SIGNAL,FUNCTIONING PROPERLY,CLEAR,DAYLIGHT,SIDESWIPE SAME DIRECTION,NOT DIVIDED,,STRAIGHT AND LEVEL,DRY,NO DEFECTS,ON SCENE,NO INJURY / DRIVE AWAY,,,,$500 OR LESS,07/14/2025 10:40:00 AM,UNABLE TO DETERMINE,UNABLE TO DETERMINE,3231,W,COLUMBUS AVE,835,,,,,,,2,NO INDICATION OF INJURY,0,0,0,0,0,2,0,10,2,7,41.7497892079,-87.7033006029,POINT (-87.703300602852 41.749789207895)
0f4be2b439adb802416ae4c83555b11fe690ce85f02a7f8aeb2adf3e08e7ca841961ac4da7a592d1ea1a107ee3be5402bcbb9169eca6c89424a1e89f633fd1c0,,07/14/2025 10:15:00 AM,30,NO CONTROLS,NO CONTROLS,CLEAR,DAYLIGHT,REAR END,DIVIDED - W/MEDIAN (NOT RAISED),,STRAIGHT AND LEVEL,DRY,NO DEFECTS,NOT ON SCENE (DESK REPORT),NO INJURY / DRIVE AWAY,,,,"OVER $1,500",07/14/2025 10:40:00 AM,UNABLE TO DETERMINE,UNABLE TO DETERMINE,7554,S,YALE AVE,623,,,,,,,2,NO INDICATION OF INJURY,0,0,0,0,0,2,0,10,2,7,41.7565112879,-87.6313595419,POINT (-87.63135954192 41.756511287943)
faddf7a1d516d38e970850f4d50affa19ecc0ccb1a4883da98b66f5eb4a4fb03470a40f7ea3600fd1ffa9c52d47f5677202491b2add0be6afc2a1a3727b41d77,,07/14/2025 10:14:00 AM,35,TRAFFIC SIGNAL,FUNCTIONING PROPERLY,CLEAR,DAYLIGHT,TURNING,DIVIDED - W/MEDIAN (NOT RAISED),,STRAIGHT AND LEVEL,DRY,NO DEFECTS,ON SCENE,NO INJURY / DRIVE AWAY,Y,,Y,"$501 - $1,500",07/14/2025 10:14:00 AM,IMPROPER LANE USAGE,DRIVING SKILLS/KNOWLEDGE/EXPERIENCE,3201,W,FULLERTON AVE,1413,,,,,,,2,NO INDICATION OF INJURY,0,0,0,0,0,2,0,10,2,7,41.9246037962,-87.7076491651,POINT (-87.707649165067 41.924603796177)
ebd977d4a0bf30f6e60e334fd9ee073e7a0cad82ee5f2818c0f3a36ac7f9316eded2728ceba21f771f82402bcc7db73e4164ae204a23338a2ccf1f5af04e81cb,,07/14/2025 10:12:00 AM,30,TRAFFIC SIGNAL,FUNCTIONING PROPERLY,CLEAR,DAYLIGHT,TURNING,FOUR WAY,,STRAIGHT AND LEVEL,DRY,NO DEFECTS,ON SCENE,NO INJURY / DRIVE AWAY,Y,,,"OVER $1,500",07/14/2025 10:18:00 AM,UNABLE TO DETERMINE,UNABLE TO DETERMINE,6301,S,PULASKI RD,823,,,,,,,2,NO INDICATION OF INJURY,0,0,0,0,0,2,0,10,2,7,41.7786395043,-87.7226130871,POINT (-87.722613087091 41.778639504347)
9f1e27aa0e9b7b0d4b67153138004eb5312d2cce4cc3320c45d2be4ba7e380989872adf924873aed725ed25badd7f56a7fd4edc9f3587e0e1a444cc5fb67f75d,,07/14/2025 10:10:00 AM,20,SCHOOL ZONE,NO CONTROLS,CLEAR,DAYLIGHT,TURNING,OTHER,,STRAIGHT AND LEVEL,DRY,NO DEFECTS,ON SCENE,NO INJURY / DRIVE AWAY,,,Y,"$501 - $1,500",07/14/2025 10:25:00 AM,UNABLE TO DETERMINE,NOT APPLICABLE,2807,N,SPRINGFIELD AVE,2523,,,,,,,2,NO INDICATION OF INJURY,0,0,0,0,0,3,0,10,2,7,41.932084561,-87.72439768,POINT (-87.72439768 41.932084561037)
4a6ffcf4fb27d7255f16fbf1c35a324fa4a2b6112286ad36cb704aee63b35f75356dcdaf6993d9cb2caae019ed23414990ef6a00c88aeccc60083d302273e070,,07/14/2025 10:03:00 AM,30,NO CONTROLS,NO CONTROLS,CLEAR,DAYLIGHT,SIDESWIPE SAME DIRECTION,NOT DIVIDED,,STRAIGHT AND LEVEL,DRY,NO DEFECTS,NOT ON SCENE (DESK REPORT),NO INJURY / DRIVE AWAY,Y,,,"OVER $1,500",07/14/2025 10:55:00 AM,FAILING TO YIELD RIGHT-OF-WAY,FAILING TO YIELD RIGHT-OF-WAY,832,W,63RD ST,712,,,,,,,2,NO INDICATION OF INJURY,0,0,0,0,0,2,0,10,2,7,41.7798400025,-87.64613076,POINT (-87.646130760001 41.779840002499)
20245fdc0b075d9feb438536f5d60f25290c3951e2680261b9873175973805f665d251c22b229d3977ecc87c58aed2a759e3ea0d22ac805964e289642a6645f5,,07/14/2025 10:02:00 AM,30,NO CONTROLS,NO CONTROLS,CLEAR,DAYLIGHT,PARKED MOTOR VEHICLE,PARKING LOT,,STRAIGHT AND LEVEL,DRY,UNKNOWN,ON SCENE,INJURY AND / OR TOW DUE TO CRASH,,Y,,"OVER $1,500",07/14/2025 10:15:00 AM,DRIVING SKILLS/KNOWLEDGE/EXPERIENCE,PHYSICAL CONDITION OF DRIVER,6201,W,63RD ST,812,,,,,,,3,NO INDICATION OF INJURY,0,0,0,0,0,1,0,10,2,7,41.7776566613,-87.7764374574,POINT (-87.77643745741 41.777656661266)
325694c32dc1572c09eeed8d2d258a5d880d105cfb57474d3ab7370908f08f366d5b41b733d246905cf3a98d26ce504e6f762db6f04db990da01ed604f124598,,07/14/2025 10:00:00 AM,30,UNKNOWN,UNKNOWN,UNKNOWN,UNKNOWN,PARKED MOTOR VEHICLE,NOT DIVIDED,,STRAIGHT AND LEVEL,UNKNOWN,UNKNOWN,NOT ON SCENE (DESK REPORT),NO INJURY / DRIVE AWAY,,,Y,"$501 - $1,500",07/14/2025 03:05:00 PM,UNABLE TO DETERMINE,NOT APPLICABLE,7356,N,GREENVIEW AVE,2423,,,,,,,2,NO INDICATION OF INJURY,0,0,0,0,0,1,0,10,2,7,42.0155326387,-87.6682681105,POINT (-87.668268110489 42.015532638708)
7b6add6a3aa5d08a81fe0394cf0253bc14e973d9659d48e149eaa6e24e3cf97b93a1a671749b649a9d2f8386c851f9c31becd448be2dfb229e52678eecf98290,,07/14/2025 09:51:00 AM,30,NO CONTROLS,NO CONTROLS,CLEAR,DAYLIGHT,REAR END,FOUR WAY,,STRAIGHT AND LEVEL,DRY,NO DEFECTS,ON SCENE,NO INJURY / DRIVE AWAY,,,,"OVER $1,500",07/14/2025 10:00:00 AM,FOLLOWING TOO CLOSELY,NOT APPLICABLE,498,E,79TH ST,624,,,,,,,2,NO INDICATION OF INJURY,0,0,0,0,0,2,0,9,2,7,41.7512675956,-87.6125654078,POINT (-87.612565407751 41.751267595596)
53778ded6dfc5d53cf1118dabe266f47190ed46a717c861c25b7de88048d3e80abd170a5307bda8e74d2f14b4628ba2c9beeda7ae75019155c163c3f31010c99,,07/14/2025 09:50:00 AM,30,TRAFFIC SIGNAL,FUNCTIONING PROPERLY,CLEAR,DAYLIGHT,SIDESWIPE SAME DIRECTION,DIVIDED - W/MEDIAN BARRIER,,STRAIGHT AND LEVEL,DRY,NO DEFECTS,ON SCENE,NO INJURY / DRIVE AWAY,Y,,,$500 OR LESS,07/14/2025 09:51:00 AM,UNABLE TO DETERMINE,UNABLE TO DETERMINE,802,W,95TH ST,2223,,,,Y,MAINTENANCE,Y,2,NO INDICATION OF INJURY,0,0,0,0,0,2,0,9,2,7,41.7215664517,-87.6433592675,POINT (-87.643359267451 41.721566451652)
c3f9c416cdeba227da0fda3aaf581ee7ffada3a5a4b62ad8c594aed224d837fd9c5da080ec14563bf410cd0f65dd73723385da002b7abb7992d56105f73aea09,,07/14/2025 09:43:00 AM,30,NO CONTROLS,NO CONTROLS,CLEAR,DAYLIGHT,REAR TO FRONT,PARKING LOT,,STRAIGHT AND LEVEL,DRY,NO DEFECTS,ON SCENE,NO INJURY / DRIVE AWAY,,,,"OVER $1,500",07/14/2025 09:45:00 AM,UNABLE TO DETERMINE,NOT APPLICABLE,8500,W,BRYN MAWR AVE,1614,,,,,,,2,NO INDICATION OF INJURY,0,0,0,0,0,3,0,9,2,7,41.9811807249,-87.8391675577,POINT (-87.839167557705 41.981180724878)
6d059cab2734dcd1289b6ea6c4ce7f8aa161a77d635449c341a30fe8c9300a1a269d1060561144a67f7bc535fe2516623b7af02630ef0397a82105e6c797e8a3,,07/14/2025 09:30:00 AM,10,NO CONTROLS,NO CONTROLS,CLEAR,DAYLIGHT,PARKED MOTOR VEHICLE,PARKING LOT,,STRAIGHT AND LEVEL,DRY,NO DEFECTS,NOT ON SCENE (DESK REPORT),NO INJURY / DRIVE AWAY,,,,"$501 - $1,500",07/14/2025 10:15:00 AM,UNABLE TO DETERMINE,NOT APPLICABLE,34,E,114TH ST,531,,,,,,,2,NO INDICATION OF INJURY,0,0,0,0,0,1,0,9,2,7,41.6871709624,-87.6216377709,POINT (-87.621637770908 41.687170962418)
8383071f32723addf481b4416a798a9f8c99b3afe7fab8de535779ebf2162a9e7fb18b4393ebb25e2ced900901cdb39624076b6ab35377ac40179232543b3569,Y,07/14/2025 09:30:00 AM,30,NO CONTROLS,NO CONTROLS,CLEAR,DAYLIGHT,PARKED MOTOR VEHICLE,ONE-WAY,,STRAIGHT AND LEVEL,DRY,NO DEFECTS,ON SCENE,NO INJURY / DRIVE AWAY,,,Y,"OVER $1,500",07/14/2025 10:45:00 AM,UNABLE TO DETERMINE,NOT APPLICABLE,2725,S,QUINN ST,913,,,,,,,2,NO INDICATION OF INJURY,0,0,0,0,0,1,0,9,2,7,41.8433871229,-87.6525102719,POINT (-87.652510271857 41.843387122854)
57c3dab21f3bba05e7a7cfe33d93d4787c0cd43cc22e64913efe8331ce1004d3704f6a002fec0a750f0a4dd03a6ba4dc5d0c2dfe691941f6add1991e430f56e9,,07/14/2025 09:25:00 AM,30,NO CONTROLS,NO CONTROLS,CLEAR,DAYLIGHT,PARKED MOTOR VEHICLE,ONE-WAY,,STRAIGHT AND LEVEL,DRY,NO DEFECTS,NOT ON SCENE (DESK REPORT),NO INJURY / DRIVE AWAY,,,,"OVER $1,500",07/14/2025 09:35:00 AM,DISTRACTION - FROM INSIDE VEHICLE,UNABLE TO DETERMINE,752,W,78TH ST,621,,,,,,,2,NO INDICATION OF INJURY,0,0,0,0,0,1,0,9,2,7,41.7525655629,-87.6437775804,POINT (-87.643777580396 41.75256556288)
ebc1c5b6226794e1353896cec9283558b209f26369d0eb9ecc6bf7b4ecb5ca2cc540c8fc78ded52b9fc88ebe6a478a8871af15c80508758573978a92e5979159,,07/14/2025 09:25:00 AM,45,NO CONTROLS,NO CONTROLS,CLEAR,DAYLIGHT,ANGLE,ONE-WAY,,STRAIGHT AND LEVEL,DRY,NO DEFECTS,ON SCENE,INJURY AND / OR TOW DUE TO CRASH,,,,"OVER $1,500",07/14/2025 09:30:00 AM,IMPROPER LANE USAGE,IMPROPER LANE USAGE,6559,N,MANNHEIM RD,1654,,,,,,,2,NONINCAPACITATING INJURY,2,0,0,2,0,2,0,9,2,7,41.9974344184,-87.8843886548,POINT (-87.884388654775 41.997434418371)
fdd69e4cbb328cc26f2c950279db9b1cfd90d34d69d52ddedfd1be6a39c082692a6a59b8881dae8b685da75827a25415f85486a8f68aadbff858d61d966a30a5,,07/14/2025 09:25:00 AM,25,NO CONTROLS,NO CONTROLS,CLEAR,DAYLIGHT,REAR END,NOT DIVIDED,,STRAIGHT AND LEVEL,DRY,NO DEFECTS,ON SCENE,NO INJURY / DRIVE AWAY,,,Y,"$501 - $1,500",07/14/2025 09:39:00 AM,UNABLE TO DETERMINE,UNABLE TO DETERMINE,4365,N,ELSTON AVE,1722,,,,,,,3,NO INDICATION OF INJURY,0,0,0,0,0,3,0,9,2,7,41.960086476,-87.7282591363,POINT (-87.728259136296 41.960086476019)
cbd85c06d5ba0d571f102ec0863582fcd3c7b83e258a8d4eca64e30ce2fb39146f2caaecd7f08e0afc6d9e0d67ca5840dc4f0e899fd66b6f007cfcf849f51714,,07/14/2025 09:22:00 AM,30,NO CONTROLS,NO CONTROLS,CLEAR,DAYLIGHT,PEDALCYCLIST,NOT DIVIDED,,STRAIGHT AND LEVEL,DRY,UNKNOWN,ON SCENE,INJURY AND / OR TOW DUE TO CRASH,,,Y,"OVER $1,500",07/14/2025 09:24:00 AM,UNABLE TO DETERMINE,UNABLE TO DETERMINE,5000,S,WABASH AVE,224,,,,,,,2,NONINCAPACITATING INJURY,1,0,0,1,0,2,0,9,2,7,41.8037029087,-87.6244623032,POINT (-87.6244623032 41.803702908658)
9ee043c9bfed931051c5034e32b2194512b57685ff52b1addf954193fff6fdf1812759f8200f48fbae7b80141435f1cdc5c2ca04efeedce43ab027d4188374fc,,07/14/2025 09:15:00 AM,30,NO CONTROLS,NO CONTROLS,CLEAR,DAYLIGHT,PARKED MOTOR VEHICLE,NOT DIVIDED,,STRAIGHT AND LEVEL,DRY,NO DEFECTS,ON SCENE,NO INJURY / DRIVE AWAY,,,,"OVER $1,500",07/14/2025 09:26:00 AM,UNABLE TO DETERMINE,UNABLE TO DETERMINE,1221,W,BLACKHAWK ST,1433,,,,,,,2,NO INDICATION OF INJURY,0,0,0,0,0,1,0,9,2,7,41.9069828182,-87.6590532492,POINT (-87.659053249155 41.906982818239)
142bf76a43547fec362f9a887ed73fb62d6bd04a9e3e0b3a203938ff55e38447eec576aacc50eddabc3db9e3663f81cf8189ee5821872d2f39f3715cf93fdd8e,,07/14/2025 09:05:00 AM,30,NO CONTROLS,NO CONTROLS,CLEAR,DAYLIGHT,TURNING,NOT DIVIDED,,STRAIGHT AND LEVEL,DRY,NO DEFECTS,,INJURY AND / OR TOW DUE TO CRASH,,N,Y,"OVER $1,500",07/14/2025 09:05:00 AM,FAILING TO YIELD RIGHT-OF-WAY,UNABLE TO DETERMINE,1835,E,95TH ST,431,,,,,,,3,NO INDICATION OF INJURY,0,0,0,0,0,4,0,9,2,7,41.7223152189,-87.5788543234,POINT (-87.578854323402 41.72231521886)
8ffff87afd9d7b38becddb6482fcbc6d57f6fde433783ad015f72c0aeb6c3c201f8dd27807da972d486000a1c213d11d00854299f7f29db5271f35e8bffd27fe,,07/14/2025 09:05:00 AM,20,NO CONTROLS,NO CONTROLS,CLEAR,DAYLIGHT,SIDESWIPE OPPOSITE DIRECTION,NOT DIVIDED,,STRAIGHT AND LEVEL,DRY,NO DEFECTS,NOT ON SCENE (DESK REPORT),NO INJURY / DRIVE AWAY,,,,$500 OR LESS,07/14/2025 09:30:00 AM,UNABLE TO DETERMINE,UNABLE TO DETERMINE,3611,W,CORTLAND ST,2535,,,,,,,2,NO INDICATION OF INJURY,0,0,0,0,0,5,0,9,2,7,41.9153459528,-87.7171977115,POINT (-87.71719771154 41.91534595276)
058ac170109b1053a572e5c50c2349a71e92c82312e91e14ae0c4a1509c0e2dbac962a1c8538591034cffb475513a4f782ba409a1391b8fb3ec589d7209e4a64,,07/14/2025 09:00:00 AM,30,TRAFFIC SIGNAL,FUNCTIONING PROPERLY,CLEAR,DAYLIGHT,PEDALCYCLIST,FOUR WAY,,STRAIGHT AND LEVEL,DRY,NO DEFECTS,ON SCENE,INJURY AND / OR TOW DUE TO CRASH,Y,,,$500 OR LESS,07/14/2025 09:01:00 AM,FAILING TO YIELD RIGHT-OF-WAY,NOT APPLICABLE,1758,W,ROOSEVELT RD,1231,,,,,,,2,INCAPACITATING INJURY,1,0,1,0,0,1,0,9,2,7,41.8669336234,-87.671290974,POINT (-87.671290974012 41.866933623391)
399d37a5d84f7bd1922c783b3bfc2c819fe54653b24b2e42a979fa91b94bd985b3ae9f56c9a570b1a13d7bda8b29c8a81bcc05f8e2b8dfc8a81a60c5f55a4529,,07/14/2025 09:00:00 AM,30,NO CONTROLS,NO CONTROLS,CLEAR,DAYLIGHT,SIDESWIPE SAME DIRECTION,NOT DIVIDED,,STRAIGHT AND LEVEL,DRY,NO DEFECTS,NOT ON SCENE (DESK REPORT),NO INJURY / DRIVE AWAY,,,Y,"OVER $1,500",07/14/2025 09:19:00 AM,UNABLE TO DETERMINE,UNABLE TO DETERMINE,863,E,64TH ST,312,,,,,,,2,NO INDICATION OF INJURY,0,0,0,0,0,2,0,9,2,7,41.7785133366,-87.6033378605,POINT (-87.60333786049 41.778513336562)
72c8ad025c73e8d62353ddc4ad3fc4c4ca409cfa1b3127cc43bda54a8727cfdae556cf76f5063eaf879536ef6ee0fcd67494382dec14f799a2e20d4d99764a8d,,07/14/2025 09:00:00 AM,30,TRAFFIC SIGNAL,FUNCTIONING PROPERLY,CLEAR,DAYLIGHT,SIDESWIPE SAME DIRECTION,CENTER TURN LANE,,STRAIGHT AND LEVEL,DRY,NO DEFECTS,,NO INJURY / DRIVE AWAY,,,,"OVER $1,500",07/14/2025 11:00:00 AM,FAILING TO YIELD RIGHT-OF-WAY,UNABLE TO DETERMINE,196,S,WABASH AVE,112,,,,,,,2,NO INDICATION OF INJURY,0,0,0,0,0,2,0,9,2,7,41.8795820467,-87.6262756143,POINT (-87.626275614281 41.879582046673)
9aa0386cb7b78162605213501f256d125fdd30e02cf41f27bb2540871e7e535ce53938540ec026bd277cd43b65f46408d54d33b3002e37f4c66c6a44ca173e39,,07/14/2025 09:00:00 AM,25,NO CONTROLS,NO CONTROLS,CLEAR,DAYLIGHT,PARKED MOTOR VEHICLE,NOT DIVIDED,,STRAIGHT AND LEVEL,DRY,NO DEFECTS,ON SCENE,NO INJURY / DRIVE AWAY,,,,"OVER $1,500",07/14/2025 10:10:00 AM,UNABLE TO DETERMINE,NOT APPLICABLE,7101,N,GREENVIEW AVE,2423,,,,,,,2,NO INDICATION OF INJURY,0,0,0,0,0,1,0,9,2,7,42.0115911875,-87.6678422907,POINT (-87.667842290728 42.01159118753)
c33f5f443876b18661fda78196ca358a0ff75b0549f9caaa36fcdd6b84349960cb00a690cceb73e8f1466cf7e677b4d30c31fd26beea037e2cb9377801a44007,,07/14/2025 09:00:00 AM,0,UNKNOWN,UNKNOWN,UNKNOWN,UNKNOWN,PARKED MOTOR VEHICLE,ONE-WAY,,STRAIGHT AND LEVEL,UNKNOWN,UNKNOWN,NOT ON SCENE (DESK REPORT),NO INJURY / DRIVE AWAY,,,,"OVER $1,500",07/15/2025 09:50:00 AM,UNABLE TO DETERMINE,NOT APPLICABLE,4770,S,DORCHESTER AVE,222,,,,,,,2,NO INDICATION OF INJURY,0,0,0,0,0,1,0,9,2,7,41.8079191049,-87.5920964971,POINT (-87.592096497104 41.807919104899)
b501c00a871d4cd993d62a6878d8315540bdc34046c14b44fa79a7a5af18f9e5c9105ed97343b7c2288110698bc340905704e6f94d06e0452ae71eae15950fd0,,07/14/2025 08:55:00 AM,30,NO CONTROLS,NO CONTROLS,CLEAR,DAYLIGHT,REAR END,DIVIDED - W/MEDIAN (NOT RAISED),,STRAIGHT AND LEVEL,DRY,NO DEFECTS,NOT ON SCENE (DESK REPORT),NO INJURY / DRIVE AWAY,,,,"OVER $1,500",07/14/2025 05:18:00 PM,FOLLOWING TOO CLOSELY,NOT APPLICABLE,32,N,HAMLIN BLVD,1122,,,,,,,2,NO INDICATION OF INJURY,0,0,0,0,0,3,0,8,2,7,41.8817765244,-87.720963382,POINT (-87.720963381961 41.881776524372)
af0fb8e5ff1842b742d217c6f5d01bd0d33006df1eb3337971256553d17f9ab388bddce06ddb8eba8725fe93a481b257744bc6e39a6560f2d0de38e03fd95365,,07/14/2025 08:54:00 AM,30,TRAFFIC SIGNAL,FUNCTIONING PROPERLY,UNKNOWN,DAYLIGHT,SIDESWIPE SAME DIRECTION,NOT DIVIDED,,STRAIGHT AND LEVEL,UNKNOWN,UNKNOWN,NOT ON SCENE (DESK REPORT),NO INJURY / DRIVE AWAY,,,,"$501 - $1,500",07/14/2025 10:44:00 AM,UNABLE TO DETERMINE,NOT APPLICABLE,6754,W,63RD ST,812,,,,,,,2,NO INDICATION OF INJURY,0,0,0,0,0,3,0,8,2,7,41.7776449941,-87.7907941925,POINT (-87.790794192483 41.777644994078)
a49374dc47d7771334fc4249b5e070d4ba74020eb6fb1d880ba484ef34a58820a911ca28030a5c0eeb9608e111290600831e0332bc38a101be152136816082b7,,07/14/2025 08:52:00 AM,30,TRAFFIC SIGNAL,FUNCTIONING PROPERLY,CLEAR,DAYLIGHT,TURNING,FOUR WAY,,STRAIGHT AND LEVEL,DRY,NO DEFECTS,ON SCENE,NO INJURY / DRIVE AWAY,Y,,Y,"OVER $1,500",07/14/2025 08:54:00 AM,IMPROPER TURNING/NO SIGNAL,NOT APPLICABLE,5201,N,CICERO AVE,1712,,,,,,,2,NO INDICATION OF INJURY,0,0,0,0,0,2,0,8,2,7,41.9754468186,-87.7478511845,POINT (-87.74785118449 41.975446818572)
daed406c8035e416aca08ebf5393017c1e7633b4889e9c08b2327bea8053eb2a9820929abb09822d78dc129efaffb86189d2d9475fb7e757e5c789d5e530f755,,07/14/2025 08:52:00 AM,30,TRAFFIC SIGNAL,NOT FUNCTIONING,CLEAR,DAYLIGHT,SIDESWIPE SAME DIRECTION,DIVIDED - W/MEDIAN (NOT RAISED),,STRAIGHT AND LEVEL,DRY,NO DEFECTS,ON SCENE,NO INJURY / DRIVE AWAY,,,Y,$500 OR LESS,07/14/2025 09:05:00 AM,IMPROPER OVERTAKING/PASSING,NOT APPLICABLE,4347,N,CENTRAL AVE,1624,,,,,,,2,NO INDICATION OF INJURY,0,0,0,0,0,2,0,8,2,7,41.9600893925,-87.7670832195,POINT (-87.767083219547 41.960089392547)
e3108a130978f6c5992d578bc762c81527381469acf21686410f01dd2be99da9978dfd4377ad878627f5c81d7abf24941b09652b274f718e8515c2a79ceb17c9,,07/14/2025 08:50:00 AM,30,NO CONTROLS,NO CONTROLS,CLEAR,DAYLIGHT,SIDESWIPE SAME DIRECTION,NOT DIVIDED,,STRAIGHT AND LEVEL,DRY,NO DEFECTS,ON SCENE,NO INJURY / DRIVE AWAY,,,,"OVER $1,500",07/14/2025 10:18:00 AM,UNABLE TO DETERMINE,NOT APPLICABLE,849,W,GRAND AVE,1214,,,,,,,2,NO INDICATION OF INJURY,0,0,0,0,0,3,0,8,2,7,41.8910514366,-87.649614389,POINT (-87.649614389023 41.891051436649)
ac3f58b20d6ca95846e085b053618467d967c51f68d2c162a1ec2694c1d5e04a02679f4b7b8c58913149c94c5b3456fba8a28dff320d170bee70a58652fccedb,,07/14/2025 08:45:00 AM,30,NO CONTROLS,NO CONTROLS,CLEAR,DAYLIGHT,SIDESWIPE SAME DIRECTION,NOT DIVIDED,,STRAIGHT AND LEVEL,DRY,NO DEFECTS,NOT ON SCENE (DESK REPORT),NO INJURY / DRIVE AWAY,Y,,,"OVER $1,500",07/14/2025 09:00:00 AM,FAILING TO YIELD RIGHT-OF-WAY,UNABLE TO DETERMINE,2310,S,WENTWORTH AVE,914,,,,,,,2,NO INDICATION OF INJURY,0,0,0,0,0,2,0,8,2,7,41.8506203173,-87.6321126837,POINT (-87.632112683668 41.850620317342)