CRASH_RECORD_ID,CRASH_DATE_EST_I,CRASH_DATE,POSTED_SPEED_LIMIT,TRAFFIC_CONTROL_DEVICE,DEVICE_CONDITION,WEATHER_CONDITION,LIGHTING_CONDITION,FIRST_CRASH_TYPE,TRAFFICWAY_TYPE,LANE_CNT,ALIGNMENT,ROADWAY_SURFACE_COND,ROAD_DEFECT,REPORT_TYPE,CRASH_TYPE,INTERSECTION_RELATED_I,NOT_RIGHT_OF_WAY_I,HIT_AND_RUN_I,DAMAGE,DATE_POLICE_NOTIFIED,PRIM_CONTRIBUTORY_CAUSE,SEC_CONTRIBUTORY_CAUSE,STREET_NO,STREET_DIRECTION,STREET_NAME,BEAT_OF_OCCURRENCE,PHOTOS_TAKEN_I,STATEMENTS_TAKEN_I,DOORING_I,WORK_ZONE_I,WORK_ZONE_TYPE,WORKERS_PRESENT_I,NUM_UNITS,MOST_SEVERE_INJURY,INJURIES_TOTAL,INJURIES_FATAL,INJURIES_INCAPACITATING,INJURIES_NON_INCAPACITATING,INJURIES_REPORTED_NOT_EVIDENT,INJURIES_NO_INDICATION,INJURIES_UNKNOWN,CRASH_HOUR,CRASH_DAY_OF_WEEK,CRASH_MONTH,LATITUDE,LONGITUDE,LOCATION
eea71c65ebebc0a78047cda83d4e27fedd502e8ce5a792cb75614a1540d937587e8e2d1467c63b74c0262aaf58e053289569d64778a526f3fcaa7cb503d31b80,,07/14/2025 08:45:00 AM,30,TRAFFIC SIGNAL,FUNCTIONING PROPERLY,CLEAR,DAYLIGHT,TURNING,DIVIDED - W/MEDIAN BARRIER,,STRAIGHT AND LEVEL,DRY,NO DEFECTS,ON SCENE,NO INJURY / DRIVE AWAY,Y,,,"OVER $1,500",07/14/2025 08:45:00 AM,IMPROPER LANE USAGE,NOT APPLICABLE,1606,N,LA SALLE DR,1814,,,,,,,2,NO INDICATION OF INJURY,0,0,0,0,0,2,0,8,2,7,41.9114076244,-87.6333009531,POINT (-87.633300953068 41.911407624406)
59f1e97dbc68ab98a6db8ea7331e9bdf3e03c8092d644a8086b27f3fb21518c7a6f60c2e2ff8c6aa13fcdc03325672daa1e50487f6a496265909243cbfd7b2e4,,07/14/2025 08:41:00 AM,30,TRAFFIC SIGNAL,FUNCTIONING PROPERLY,CLEAR,DAYLIGHT,ANGLE,NOT DIVIDED,,STRAIGHT AND LEVEL,DRY,NO DEFECTS,ON SCENE,INJURY AND / OR TOW DUE TO CRASH,N,,,"OVER $1,500",07/14/2025 08:52:00 AM,DRIVING SKILLS/KNOWLEDGE/EXPERIENCE,DRIVING SKILLS/KNOWLEDGE/EXPERIENCE,5408,N,CLARK ST,2012,,,,,,,2,NO INDICATION OF INJURY,0,0,0,0,0,2,0,8,2,7,41.9801181662,-87.6684464965,POINT (-87.668446496482 41.980118166228)
a3dd0dd091111386e8a53d174766bbb20f714c56d0aa2bc80e0e4fb94afbb09dc672e308887757be1eeabad9f5e97f28ca33bf9e779d60a96607f0ef30a7b84c,,07/14/2025 08:39:00 AM,30,TRAFFIC SIGNAL,FUNCTIONING PROPERLY,CLEAR,DAYLIGHT,REAR END,DIVIDED - W/MEDIAN BARRIER,,STRAIGHT AND LEVEL,DRY,NO DEFECTS,NOT ON SCENE (DESK REPORT),NO INJURY / DRIVE AWAY,,,Y,"OVER $1,500",07/14/2025 02:50:00 PM,DRIVING SKILLS/KNOWLEDGE/EXPERIENCE,NOT APPLICABLE,3523,S,ASHLAND AVE,912,,,,,,,2,NO INDICATION OF INJURY,0,0,0,0,0,2,0,8,2,7,41.8297908263,-87.6654027866,POINT (-87.665402786607 41.829790826308)
5cfdfd42935e13847533d32b29a83ae4b7c6706976e8614415ca4e5835954dedcaf121579e3a45f7066a8b94c17f25f826dc8e7f4f3086afb24a6c39aa32e20e,,07/14/2025 08:35:00 AM,30,TRAFFIC SIGNAL,FUNCTIONING PROPERLY,CLEAR,DAYLIGHT,TURNING,FOUR WAY,,STRAIGHT AND LEVEL,DRY,UNKNOWN,ON SCENE,NO INJURY / DRIVE AWAY,,,,$500 OR LESS,07/14/2025 08:38:00 AM,UNABLE TO DETERMINE,NOT APPLICABLE,2259,W,47TH ST,931,,,,,,,2,NO INDICATION OF INJURY,0,0,0,0,0,2,0,8,2,7,41.8083250522,-87.6818767775,POINT (-87.681876777495 41.808325052185)
5b4ff0d760a839fbd077eebc7d0dda5f5df219fd92a164cde0b1abe96d4d70fc9311c77ad62a4b53049213490c8a01db67295b39b8359ae97f1dbfdecaf7d0e8,,07/14/2025 08:30:00 AM,25,NO CONTROLS,NO CONTROLS,CLEAR,DAYLIGHT,REAR END,NOT DIVIDED,,STRAIGHT AND LEVEL,DRY,NO DEFECTS,NOT ON SCENE (DESK REPORT),NO INJURY / DRIVE AWAY,,,,"OVER $1,500",07/14/2025 01:14:00 PM,NOT APPLICABLE,NOT APPLICABLE,3955,W,LAWRENCE AVE,1723,,,,,,,2,NO INDICATION OF INJURY,0,0,0,0,0,4,0,8,2,7,41.9681352564,-87.727808411,POINT (-87.727808410996 41.968135256413)
1442c7285397c86b29f9a138f0d6c38fb6573c5e5e3704196bf19c091134d53e4421abfd1a0672fbd707c549a2a0075ce45340f45b0dd9442e8ea0d7fd140b53,,07/14/2025 08:25:00 AM,30,TRAFFIC SIGNAL,NO CONTROLS,CLEAR,DAYLIGHT,TURNING,NOT DIVIDED,,STRAIGHT AND LEVEL,DRY,NO DEFECTS,NOT ON SCENE (DESK REPORT),NO INJURY / DRIVE AWAY,Y,,,"OVER $1,500",07/14/2025 09:00:00 AM,UNABLE TO DETERMINE,NOT APPLICABLE,3858,W,107TH ST,2211,,,,,,,2,NO INDICATION OF INJURY,0,0,0,0,0,2,0,8,2,7,41.6987199715,-87.7181121607,POINT (-87.718112160658 41.698719971457)
c1af7bfaa06dcf503ab9f86b391a92f6b3ce098994d8b85895ffad149f1c6a4be99e085b01562fe436bf5f755ca5b1d00c0100671a27d3c9b9a64af787821943,,07/14/2025 08:25:00 AM,30,TRAFFIC SIGNAL,FUNCTIONING PROPERLY,CLEAR,DAYLIGHT,SIDESWIPE SAME DIRECTION,DIVIDED - W/MEDIAN (NOT RAISED),,STRAIGHT AND LEVEL,DRY,NO DEFECTS,,NO INJURY / DRIVE AWAY,,,,$500 OR LESS,07/14/2025 08:50:00 AM,IMPROPER OVERTAKING/PASSING,UNABLE TO DETERMINE,4300,S,WESTERN AVE,922,,,,,,,2,NO INDICATION OF INJURY,0,0,0,0,0,2,0,8,2,7,41.8156032045,-87.6847727236,POINT (-87.684772723609 41.815603204509)
3ffc096ec342ed28848e5c767318aefeee0cff43aa7fa32584a627f6e247ef2400e6b5bc2d58cc0a4b71d1789224fc74d55b685b3ba4ad703d3ab2d70b042888,,07/14/2025 08:20:00 AM,30,TRAFFIC SIGNAL,FUNCTIONING PROPERLY,CLEAR,DAYLIGHT,SIDESWIPE SAME DIRECTION,DIVIDED - W/MEDIAN (NOT RAISED),,STRAIGHT AND LEVEL,DRY,NO DEFECTS,ON SCENE,NO INJURY / DRIVE AWAY,,,Y,"$501 - $1,500",07/14/2025 08:25:00 AM,UNABLE TO DETERMINE,UNABLE TO DETERMINE,2437,W,ADDISON ST,1921,,,,,,,2,NO INDICATION OF INJURY,0,0,0,0,0,2,0,8,2,7,41.9466213629,-87.6897479299,POINT (-87.689747929894 41.94662136291)
6f9b52939497c13bedb98daf56eb10345e582f7fb330745e9f32ed7d9b845fa8e80b052f64ade23304ccd6db50904f52a91d427dc2fb76e0d2b3c9c45c13cb1d,,07/14/2025 08:15:00 AM,25,NO CONTROLS,NO CONTROLS,CLEAR,DAYLIGHT,PARKED MOTOR VEHICLE,DIVIDED - W/MEDIAN (NOT RAISED),,STRAIGHT AND LEVEL,DRY,NO DEFECTS,,INJURY AND / OR TOW DUE TO CRASH,,,,"OVER $1,500",07/14/2025 08:20:00 AM,PHYSICAL CONDITION OF DRIVER,UNABLE TO DETERMINE,2640,N,CENTRAL PARK AVE,2524,,,,,,,3,"REPORTED, NOT EVIDENT",1,0,0,0,1,0,0,8,2,7,41.9295149168,-87.7172747019,POINT (-87.717274701906 41.929514916823)
a0546d9b7b15ac67e0c7066a751b16edd2f843b38feea6d1141bda1c85e96dd704175d738c3bdba7119d661bcc93bf00ad8ac73523472a02a16ee81241b1584f,,07/14/2025 08:13:00 AM,30,STOP SIGN/FLASHER,FUNCTIONING PROPERLY,CLEAR,DAYLIGHT,TURNING,NOT DIVIDED,,STRAIGHT AND LEVEL,DRY,NO DEFECTS,ON SCENE,INJURY AND / OR TOW DUE TO CRASH,Y,Y,,"OVER $1,500",07/14/2025 08:14:00 AM,FAILING TO YIELD RIGHT-OF-WAY,UNABLE TO DETERMINE,7500,N,CALIFORNIA AVE,2411,,,,,,,2,INCAPACITATING INJURY,2,0,1,1,0,0,0,8,2,7,42.0175577507,-87.6997641239,POINT (-87.699764123882 42.017557750731)
70323c3c22e93e11205158e0a8259ab49cc7b3f0221755d73185a548fc2ca9b9a4af01687ec61189a58e1bfeccfac548df0c1e304628765a17fdf637a28709e8,,07/14/2025 08:10:00 AM,30,TRAFFIC SIGNAL,FUNCTIONING PROPERLY,CLEAR,DAYLIGHT,TURNING,FOUR WAY,,STRAIGHT AND LEVEL,DRY,NO DEFECTS,ON SCENE,INJURY AND / OR TOW DUE TO CRASH,Y,,,"$501 - $1,500",07/14/2025 08:17:00 AM,DISREGARDING TRAFFIC SIGNALS,DISREGARDING TRAFFIC SIGNALS,3500,S,WESTERN BLVD,911,,,,,,,2,NONINCAPACITATING INJURY,2,0,0,2,0,0,0,8,2,7,41.8302367756,-87.6846047573,POINT (-87.684604757265 41.830236775648)
0639dbd5db6692684c29ebdb0119f31c25d94f2d34525ea198347360f3710d138ea26c5430c31bdec11964582265f2facd84c47cc77a1d21ca63b6a7bd8aaf50,,07/14/2025 08:05:00 AM,20,TRAFFIC SIGNAL,FUNCTIONING PROPERLY,CLEAR,DAYLIGHT,PEDALCYCLIST,FOUR WAY,,STRAIGHT AND LEVEL,DRY,NO DEFECTS,NOT ON SCENE (DESK REPORT),INJURY AND / OR TOW DUE TO CRASH,Y,,,$500 OR LESS,07/14/2025 12:00:00 PM,FAILING TO YIELD RIGHT-OF-WAY,IMPROPER LANE USAGE,3600,N,CLARK ST,1923,,,,,,,2,NONINCAPACITATING INJURY,1,0,0,1,0,1,0,8,2,7,41.9472022255,-87.6566877556,POINT (-87.656687755593 41.947202225469)
c1da7cd24cc9466cab0f006ecb63fffd6d61c490f2c20c3af76dd170e38a86c07e0fba9c32e1b16cba81f9b32c10167f5a5b93137bd66ace99b297ea49199b44,,07/14/2025 08:05:00 AM,30,NO CONTROLS,NO CONTROLS,CLEAR,DAYLIGHT,PARKED MOTOR VEHICLE,ONE-WAY,,STRAIGHT AND LEVEL,DRY,NO DEFECTS,ON SCENE,NO INJURY / DRIVE AWAY,,,,"OVER $1,500",07/14/2025 08:05:00 AM,IMPROPER OVERTAKING/PASSING,UNABLE TO DETERMINE,505,W,MELROSE ST,1925,,,,,,,2,NO INDICATION OF INJURY,0,0,0,0,0,2,0,8,2,7,41.9410597259,-87.6421905086,POINT (-87.642190508621 41.941059725941)
b0643f889b7a22ac480e0106d797678a963120fcd4170fcd1e9c5de8eca13256b57572fb23c09459b127579e973cfbb846387c4fa1699fbdbc12103d6155ee23,,07/14/2025 08:00:00 AM,20,NO CONTROLS,NO CONTROLS,CLEAR,DAYLIGHT,PARKED MOTOR VEHICLE,ONE-WAY,,STRAIGHT AND LEVEL,DRY,NO DEFECTS,ON SCENE,NO INJURY / DRIVE AWAY,,,Y,"$501 - $1,500",07/14/2025 08:52:00 AM,UNABLE TO DETERMINE,NOT APPLICABLE,5718,N,WAYNE AVE,2013,,,,,,,2,NO INDICATION OF INJURY,0,0,0,0,0,1,0,8,2,7,41.9860904205,-87.663369423,POINT (-87.663369423043 41.986090420511)
5e67f38c3ddc4a65ae10126826525481ecc4f222adcc995df9e2b9bca053efb486278dc100de87689ff43f863ad34e6d21434230cde1d25dd52dbde1ff2d7e75,,07/14/2025 07:45:00 AM,25,NO CONTROLS,NO CONTROLS,UNKNOWN,UNKNOWN,PARKED MOTOR VEHICLE,NOT DIVIDED,,STRAIGHT AND LEVEL,UNKNOWN,UNKNOWN,NOT ON SCENE (DESK REPORT),NO INJURY / DRIVE AWAY,,,Y,$500 OR LESS,07/15/2025 06:25:00 PM,UNABLE TO DETERMINE,NOT APPLICABLE,9433,S,PARNELL AVE,2223,,,,,,,2,NO INDICATION OF INJURY,0,0,0,0,0,1,0,7,2,7,41.7223385407,-87.6370361934,POINT (-87.637036193368 41.722338540656)
5f3147c59801fa865644dca886b1f7d40fa63eca018e1cfa12b0d7af05a641ed1f595aecc946b6da383218d10c88a32d9ab437b5092dec701711f0cf735f1e43,,07/14/2025 07:40:00 AM,30,TRAFFIC SIGNAL,FUNCTIONING PROPERLY,CLEAR,DAYLIGHT,REAR END,NOT DIVIDED,,STRAIGHT AND LEVEL,DRY,NO DEFECTS,ON SCENE,NO INJURY / DRIVE AWAY,,,Y,"$501 - $1,500",07/14/2025 07:41:00 AM,FOLLOWING TOO CLOSELY,UNABLE TO DETERMINE,2200,N,LARAMIE AVE,2515,,,,,,,2,NO INDICATION OF INJURY,0,0,0,0,0,3,0,7,2,7,41.9205461419,-87.7561918632,POINT (-87.756191863247 41.920546141917)
72224dbde02d129a882e2d5bdea86fafa6ebf0ac91853be4e1276b6714ab51dbf29733b57529ee5eea1516fddf1562fc0daa9864cde1cb8b2b19365dd8625763,,07/14/2025 07:12:00 AM,30,NO CONTROLS,NO CONTROLS,CLEAR,DAYLIGHT,SIDESWIPE SAME DIRECTION,NOT DIVIDED,,STRAIGHT AND LEVEL,DRY,NO DEFECTS,ON SCENE,NO INJURY / DRIVE AWAY,,,,"$501 - $1,500",07/14/2025 07:15:00 AM,IMPROPER LANE USAGE,NOT APPLICABLE,4750,N,WESTERN AVE,1911,,,,,,,2,NO INDICATION OF INJURY,0,0,0,0,0,2,0,7,2,7,41.9682402012,-87.6890432951,POINT (-87.689043295124 41.968240201163)
2280d02d94923ac37bbdd86a79a7dc4ffb29daa9eb7798ec556ff613667c7f1f5a3966b66225e64dacb55d1e1247f8697f586287bce7182b3caffec1558c89c8,,07/14/2025 07:00:00 AM,25,NO CONTROLS,NO CONTROLS,CLEAR,DAYLIGHT,PARKED MOTOR VEHICLE,NOT DIVIDED,,STRAIGHT AND LEVEL,DRY,NO DEFECTS,NOT ON SCENE (DESK REPORT),NO INJURY / DRIVE AWAY,,,Y,"OVER $1,500",07/18/2025 05:50:00 PM,UNABLE TO DETERMINE,NOT APPLICABLE,924,W,BUENA AVE,1915,,,,,,,2,NO INDICATION OF INJURY,0,0,0,0,0,1,0,7,2,7,41.9585441833,-87.6540887229,POINT (-87.654088722872 41.958544183321)
3499e8e033060447f4b69d26a9b169a69611003fc01a132d126181ff6a53bc16141dc3de72e35a413d0c7732d34c68a2d46ccf0c1cd2b3d71457110d7ef8fccc,,07/14/2025 07:00:00 AM,30,NO CONTROLS,NO CONTROLS,CLEAR,DAYLIGHT,PARKED MOTOR VEHICLE,ALLEY,,STRAIGHT AND LEVEL,DRY,NO DEFECTS,NOT ON SCENE (DESK REPORT),NO INJURY / DRIVE AWAY,,,Y,$500 OR LESS,07/14/2025 05:50:00 PM,UNABLE TO DETERMINE,NOT APPLICABLE,765,W,ADAMS ST,1232,,,,,,,2,NO INDICATION OF INJURY,0,0,0,0,0,1,0,7,2,7,41.879117244,-87.6466071922,POINT (-87.646607192167 41.879117244017)
9ba5994d6a2059422a59dee3c7d78be07c06e940d1777e4319ea26329e00a3b31d396c163c299f6f84320063bc01367596abee3f2eef9249a7c49283e8515e5b,Y,07/14/2025 07:00:00 AM,30,NO CONTROLS,NO CONTROLS,CLEAR,DAYLIGHT,TURNING,NOT DIVIDED,,STRAIGHT AND LEVEL,DRY,NO DEFECTS,ON SCENE,INJURY AND / OR TOW DUE TO CRASH,,,,"OVER $1,500",07/14/2025 07:49:00 AM,FAILING TO YIELD RIGHT-OF-WAY,DRIVING SKILLS/KNOWLEDGE/EXPERIENCE,1015,S,WOOD ST,1231,,,,,,,2,NO INDICATION OF INJURY,0,0,0,0,0,4,0,7,2,7,41.8687732304,-87.6712548971,POINT (-87.671254897092 41.868773230432)
adbb8c22ca8d05a6e373e3375dbb498191eec0b70e2074ae2b15581f19a111dadd36494522cefcf9f3042bc5641cd39deaca4a53048405727f636b38ba166248,,07/14/2025 07:00:00 AM,20,NO CONTROLS,NO CONTROLS,CLEAR,DAYLIGHT,PARKED MOTOR VEHICLE,DRIVEWAY,,STRAIGHT AND LEVEL,DRY,NO DEFECTS,NOT ON SCENE (DESK REPORT),NO INJURY / DRIVE AWAY,,,,"OVER $1,500",07/14/2025 09:40:00 AM,UNABLE TO DETERMINE,UNABLE TO DETERMINE,6100,S,KEELER AVE,813,,,,,,,2,NO INDICATION OF INJURY,0,0,0,0,0,1,0,7,2,7,41.782147723,-87.7278915597,POINT (-87.727891559706 41.782147723033)
b48c2fffd44f686e6dd9c60021740b645909ae1a5abab2d8067f71734007e2f2911fb8d831635ae0258b893b9f084a502140a4befd80c7e69bd95f8b8db2e302,,07/14/2025 07:00:00 AM,30,NO CONTROLS,NO CONTROLS,CLEAR,DAYLIGHT,PARKED MOTOR VEHICLE,ONE-WAY,,STRAIGHT AND LEVEL,DRY,NO DEFECTS,ON SCENE,NO INJURY / DRIVE AWAY,,,Y,"OVER $1,500",07/14/2025 09:35:00 AM,UNABLE TO DETERMINE,UNABLE TO DETERMINE,4960,W,BERTEAU AVE,1624,,,,,,,3,NO INDICATION OF INJURY,0,0,0,0,0,1,0,7,2,7,41.9571182304,-87.7524148422,POINT (-87.752414842229 41.957118230368)
7def58b1b0bf1704febc1a98e03c1b0b97b3dd29330fbcf6e48bca59f3b694840ea9c6d7884688cb7801411c61b6382037c0ddb8f0987937707ef4efabcfc408,,07/14/2025 06:50:00 AM,30,NO CONTROLS,NO CONTROLS,CLEAR,DAYLIGHT,PARKED MOTOR VEHICLE,DIVIDED - W/MEDIAN BARRIER,,STRAIGHT AND LEVEL,DRY,NO DEFECTS,ON SCENE,NO INJURY / DRIVE AWAY,,,Y,$500 OR LESS,07/14/2025 06:54:00 AM,UNABLE TO DETERMINE,NOT APPLICABLE,5707,N,ASHLAND AVE,2012,,,,,,,2,NO INDICATION OF INJURY,0,0,0,0,0,2,0,6,2,7,41.9853611176,-87.6697204465,POINT (-87.669720446545 41.985361117588)
e95dab9bf53e6e22e2251f23331cd404078c880efd8f5c0e6cf2423461aa3787005740c1232133ed550dcc39b26bd530e96bbc3e9c16026ce8bc55d10bcaf986,,07/14/2025 06:47:00 AM,30,NO CONTROLS,NO CONTROLS,CLEAR,DAYLIGHT,PEDALCYCLIST,NOT DIVIDED,,STRAIGHT AND LEVEL,DRY,NO DEFECTS,ON SCENE,INJURY AND / OR TOW DUE TO CRASH,,,,$500 OR LESS,07/14/2025 06:47:00 AM,IMPROPER BACKING,IMPROPER BACKING,2945,W,LAKE ST,1222,,,,,,,2,"REPORTED, NOT EVIDENT",1,0,0,0,1,1,0,6,2,7,41.8839821963,-87.7006266039,POINT (-87.700626603924 41.883982196331)
f11fdc96a1b8c9f1ec570ddcd7930e04c57ecce08d41f70df294bf882e2324327320b8800a469c2992225fb9d285c5ceb8621c0d3bcaa8577501959fb9a3d26e,,07/14/2025 06:44:00 AM,30,TRAFFIC SIGNAL,FUNCTIONING PROPERLY,CLEAR,DAYLIGHT,REAR TO FRONT,DIVIDED - W/MEDIAN (NOT RAISED),,STRAIGHT AND LEVEL,DRY,NO DEFECTS,ON SCENE,NO INJURY / DRIVE AWAY,,,,"OVER $1,500",07/14/2025 07:28:00 AM,IMPROPER LANE USAGE,DRIVING SKILLS/KNOWLEDGE/EXPERIENCE,150,N,RIVERSIDE PLZ,121,,,,,,,2,NO INDICATION OF INJURY,0,0,0,0,0,2,0,6,2,7,41.8850894558,-87.6384055942,POINT (-87.638405594172 41.885089455769)
98b0a86868d454314c2f0e15cfed366770ba69776eb9b0299772010373878c69fb86b345799dfeaf69fab631cb289d6272f1c3f7cf03d577d0af5bb2479cfb3e,,07/14/2025 06:16:00 AM,45,NO CONTROLS,NO CONTROLS,CLEAR,DAYLIGHT,REAR END,DIVIDED - W/MEDIAN (NOT RAISED),,STRAIGHT AND LEVEL,DRY,NO DEFECTS,ON SCENE,NO INJURY / DRIVE AWAY,,,,"$501 - $1,500",07/14/2025 06:40:00 AM,FOLLOWING TOO CLOSELY,UNABLE TO DETERMINE,11600,W,IRVING PARK RD,1654,,,,,,,2,NO INDICATION OF INJURY,0,0,0,0,0,3,0,6,2,7,41.9537660771,-87.9141970727,POINT (-87.914197072743 41.953766077129)
0195d3eee9350158420aa23ac6eb4436ef6e696cc6ad544137992221114a09ca6330c8394de862d1b1265950e87f9379f3f70d369b77022a836791477a20d323,,07/14/2025 06:15:00 AM,30,TRAFFIC SIGNAL,FUNCTIONING PROPERLY,CLEAR,DAYLIGHT,SIDESWIPE SAME DIRECTION,DIVIDED - W/MEDIAN (NOT RAISED),,STRAIGHT AND LEVEL,DRY,NO DEFECTS,ON SCENE,NO INJURY / DRIVE AWAY,Y,,,"$501 - $1,500",07/14/2025 06:29:00 AM,IMPROPER LANE USAGE,UNABLE TO DETERMINE,3232,W,COLUMBUS AVE,835,,,,,,,2,NO INDICATION OF INJURY,0,0,0,0,0,2,0,6,2,7,41.7499537023,-87.7034947549,POINT (-87.703494754851 41.749953702331)
0fb5cce72fd3faf6677649b7e4dbc276de4616c28e9f3bea1616fd012afbaf1654aefe74ee1b64bbe7471a2abbc9c4a9d283fcd4d8d1e15a2797b8a891a96e71,,07/14/2025 06:00:00 AM,30,NO CONTROLS,NO CONTROLS,CLEAR,DAYLIGHT,PARKED MOTOR VEHICLE,NOT DIVIDED,,STRAIGHT AND LEVEL,DRY,NO DEFECTS,NOT ON SCENE (DESK REPORT),NO INJURY / DRIVE AWAY,,,,"$501 - $1,500",07/14/2025 04:39:00 PM,NOT APPLICABLE,NOT APPLICABLE,5525,S,MAY ST,712,,,,,,,2,NO INDICATION OF INJURY,0,0,0,0,0,1,0,6,2,7,41.793031898,-87.6534855147,POINT (-87.653485514663 41.793031898014)
4d28aa5197981334b4fa9a24add7b785c0576d53b21cc5fdaa18451ac4c3c384ab4447c278bbf3b19d2febb42ed3e2c6beef64cbc33ca77e5b75103311c0b375,,07/14/2025 06:00:00 AM,20,NO CONTROLS,NO CONTROLS,CLEAR,DAYLIGHT,ANGLE,DIVIDED - W/MEDIAN (NOT RAISED),,STRAIGHT AND LEVEL,DRY,NO DEFECTS,NOT ON SCENE (DESK REPORT),NO INJURY / DRIVE AWAY,,,Y,"OVER $1,500",07/14/2025 06:00:00 AM,UNABLE TO DETERMINE,NOT APPLICABLE,1609,W,46TH ST,924,,,,,,,2,NO INDICATION OF INJURY,0,0,0,0,0,2,0,6,2,7,41.8103061633,-87.6654447079,POINT (-87.665444707924 41.810306163335)
861d2068beeda14ececec409d34f85f1b2ae1702a8c65a2b1f29191d6f678a9e0bf15ccd3f491fa3e8fa2a7c8186206d7841a3794a30816314dae05e4f6dff85,,07/14/2025 06:00:00 AM,30,NO CONTROLS,NO CONTROLS,CLEAR,DAYLIGHT,PARKED MOTOR VEHICLE,ONE-WAY,,STRAIGHT AND LEVEL,DRY,NO DEFECTS,NOT ON SCENE (DESK REPORT),NO INJURY / DRIVE AWAY,,,Y,"OVER $1,500",07/21/2025 03:44:00 PM,NOT APPLICABLE,NOT APPLICABLE,5419,S,RICHMOND ST,923,,,,,,,2,NO INDICATION OF INJURY,0,0,0,0,0,1,0,6,2,7,41.7948519699,-87.6973473904,POINT (-87.697347390396 41.79485196993)
dfe6e2cec3355c0fe305c4fe2e982439ac5914572faaa4b7cf8ad90adada586ab79720b30426aed22360b4bf3f304bda46dc0060e3225e06baf10853ed40b9ef,Y,07/14/2025 06:00:00 AM,25,NO CONTROLS,UNKNOWN,UNKNOWN,UNKNOWN,PARKED MOTOR VEHICLE,NOT DIVIDED,,STRAIGHT AND LEVEL,UNKNOWN,UNKNOWN,NOT ON SCENE (DESK REPORT),NO INJURY / DRIVE AWAY,,,Y,"OVER $1,500",07/14/2025 11:06:00 AM,UNABLE TO DETERMINE,UNABLE TO DETERMINE,4930,W,FLETCHER ST,2521,,,,,,,2,NO INDICATION OF INJURY,0,0,0,0,0,1,0,6,2,7,41.9379774187,-87.7505710469,POINT (-87.750571046943 41.937977418701)
9eb39f806b5d5712d2b8a5b52e5574cf87e7e301e530b0ec3a9a4f4b98d5bdf78d056aac557aa6d8196c8c5ae14324ed9b47e826b8f6c40abb050a306d8926a3,Y,07/14/2025 05:35:00 AM,30,UNKNOWN,UNKNOWN,UNKNOWN,UNKNOWN,TURNING,FOUR WAY,,STRAIGHT AND LEVEL,UNKNOWN,UNKNOWN,NOT ON SCENE (DESK REPORT),NO INJURY / DRIVE AWAY,,,,"OVER $1,500",07/14/2025 03:30:00 PM,UNABLE TO DETERMINE,NOT APPLICABLE,1059,E,OAKWOOD BLVD,212,,,,,,,2,NO INDICATION OF INJURY,0,0,0,0,0,2,0,5,2,7,41.825364421,-87.5996921094,POINT (-87.599692109352 41.825364421044)
519f8b1d6a997834f7eb48b144f819577c0ae0ca9ef4970b955cfabf63b55059124663d5850d05dc4ac4fb816efc313c9a25fb31c106fbdd9f738157e177f099,,07/14/2025 05:00:00 AM,30,NO CONTROLS,NO CONTROLS,CLEAR,DAYLIGHT,PARKED MOTOR VEHICLE,DIVIDED - W/MEDIAN (NOT RAISED),,STRAIGHT AND LEVEL,DRY,NO DEFECTS,NOT ON SCENE (DESK REPORT),NO INJURY / DRIVE AWAY,,,Y,"OVER $1,500",07/14/2025 06:47:00 PM,FOLLOWING TOO CLOSELY,NOT APPLICABLE,2200,N,LECLAIRE AVE,2522,,,,,,,2,NO INDICATION OF INJURY,0,0,0,0,0,1,0,5,2,7,41.9205779669,-87.7537320179,POINT (-87.753732017874 41.920577966886)
cd3c83129b10767932707d097d239ec57e6cd88a3677c162f78a3bc41c2525a62dcd9eb73684254c614f3df5cd8003527d27a532799fbab54709b3a0118185b1,,07/14/2025 05:00:00 AM,30,UNKNOWN,UNKNOWN,UNKNOWN,UNKNOWN,PARKED MOTOR VEHICLE,NOT DIVIDED,,STRAIGHT AND LEVEL,UNKNOWN,UNKNOWN,NOT ON SCENE (DESK REPORT),NO INJURY / DRIVE AWAY,,,Y,"OVER $1,500",07/18/2025 10:30:00 AM,UNABLE TO DETERMINE,UNABLE TO DETERMINE,958,W,69TH ST,723,,,,,,,2,NO INDICATION OF INJURY,0,0,0,0,0,1,0,5,2,7,41.7688760199,-87.6492993458,POINT (-87.649299345841 41.768876019917)
e1a5af3afb748b2389b5ddc4d0a4122beb02900c590d1482e9612f7182233541172f4b1d9bb84ce14d5b5ab5a803d1854e6f9a6066b76740682471339c21459b,,07/14/2025 02:55:00 AM,15,OTHER,OTHER,CLEAR,"DARKNESS, LIGHTED ROAD",PARKED MOTOR VEHICLE,PARKING LOT,,STRAIGHT AND LEVEL,DRY,NO DEFECTS,ON SCENE,NO INJURY / DRIVE AWAY,,,,"$501 - $1,500",07/14/2025 03:01:00 AM,DRIVING SKILLS/KNOWLEDGE/EXPERIENCE,NOT APPLICABLE,5701,S,CICERO AVE,813,,,,,,,2,NO INDICATION OF INJURY,0,0,0,0,0,1,0,2,2,7,41.7893386418,-87.7413525626,POINT (-87.741352562622 41.789338641753)
b8b897ec0c83c757d4a75d5f0107d35d6821583e164dc12131b47ae1fe613e8263c2a2c21e97f8fd833a5af76af14b624d4de3e6aeaeb617eb5a73a9b997cc3c,,07/14/2025 02:45:00 AM,30,STOP SIGN/FLASHER,UNKNOWN,CLEAR,"DARKNESS, LIGHTED ROAD",TURNING,NOT DIVIDED,,STRAIGHT ON GRADE,DRY,UNKNOWN,NOT ON SCENE (DESK REPORT),NO INJURY / DRIVE AWAY,Y,,,$500 OR LESS,07/14/2025 03:00:00 AM,IMPROPER OVERTAKING/PASSING,NOT APPLICABLE,2903,N,SHEFFIELD AVE,1933,,,,,,,2,NO INDICATION OF INJURY,0,0,0,0,0,2,0,2,2,7,41.9345632438,-87.6537775496,POINT (-87.653777549551 41.934563243803)