CRASH_RECORD_ID,CRASH_DATE_EST_I,CRASH_DATE,POSTED_SPEED_LIMIT,TRAFFIC_CONTROL_DEVICE,DEVICE_CONDITION,WEATHER_CONDITION,LIGHTING_CONDITION,FIRST_CRASH_TYPE,TRAFFICWAY_TYPE,LANE_CNT,ALIGNMENT,ROADWAY_SURFACE_COND,ROAD_DEFECT,REPORT_TYPE,CRASH_TYPE,INTERSECTION_RELATED_I,NOT_RIGHT_OF_WAY_I,HIT_AND_RUN_I,DAMAGE,DATE_POLICE_NOTIFIED,PRIM_CONTRIBUTORY_CAUSE,SEC_CONTRIBUTORY_CAUSE,STREET_NO,STREET_DIRECTION,STREET_NAME,BEAT_OF_OCCURRENCE,PHOTOS_TAKEN_I,STATEMENTS_TAKEN_I,DOORING_I,WORK_ZONE_I,WORK_ZONE_TYPE,WORKERS_PRESENT_I,NUM_UNITS,MOST_SEVERE_INJURY,INJURIES_TOTAL,INJURIES_FATAL,INJURIES_INCAPACITATING,INJURIES_NON_INCAPACITATING,INJURIES_REPORTED_NOT_EVIDENT,INJURIES_NO_INDICATION,INJURIES_UNKNOWN,CRASH_HOUR,CRASH_DAY_OF_WEEK,CRASH_MONTH,LATITUDE,LONGITUDE,LOCATION
9a06f6194d07f37ef5f60d0b4f4f038ed4b87c7a5ac569d38bcfe92fdb27445df3f72e11e8648c444381de18cb0eb08a838e26dc7bfe817c56091a6fc071b663,,07/14/2025 02:35:00 AM,30,TRAFFIC SIGNAL,FUNCTIONING PROPERLY,CLEAR,"DARKNESS, LIGHTED ROAD",ANGLE,FOUR WAY,,STRAIGHT AND LEVEL,DRY,NO DEFECTS,ON SCENE,INJURY AND / OR TOW DUE TO CRASH,Y,,,"OVER $1,500",07/14/2025 02:36:00 AM,DISREGARDING TRAFFIC SIGNALS,HAD BEEN DRINKING (USE WHEN ARREST IS NOT MADE),5201,W,LAKE ST,1523,,,,,,,2,"REPORTED, NOT EVIDENT",1,0,0,0,1,3,0,2,2,7,41.8870951513,-87.7553892485,POINT (-87.75538924851 41.887095151337)
7d6dc4340ef18a18ef95e475ab82a35a9b4ed7f296fb1c97883a8da348dd9e2d5c99d38fef1cd552f7464ae940b2c08e07f517e3f99d77d805811f6238bf04bc,,07/14/2025 02:15:00 AM,30,NO CONTROLS,NO CONTROLS,CLEAR,"DARKNESS, LIGHTED ROAD",ANGLE,ALLEY,,STRAIGHT AND LEVEL,DRY,NO DEFECTS,ON SCENE,INJURY AND / OR TOW DUE TO CRASH,,,Y,"OVER $1,500",07/14/2025 02:46:00 AM,UNABLE TO DETERMINE,NOT APPLICABLE,98,E,94TH ST,634,,,,,,,2,NONINCAPACITATING INJURY,2,0,0,2,0,1,0,2,2,7,41.7237178432,-87.6207240778,POINT (-87.620724077783 41.723717843158)
263ccda889fc1a36abf7a2e7cd9e74745591f700f0b31517438d5019da43185231129a9b0b427ee71ee753224e69b82693ac47c63ce5f119bd2ca0f1236aa64c,Y,07/14/2025 02:00:00 AM,30,NO CONTROLS,NO CONTROLS,CLEAR,"DARKNESS, LIGHTED ROAD",PARKED MOTOR VEHICLE,ONE-WAY,,STRAIGHT AND LEVEL,DRY,NO DEFECTS,ON SCENE,INJURY AND / OR TOW DUE TO CRASH,,,,"OVER $1,500",07/14/2025 08:52:00 AM,UNABLE TO DETERMINE,UNABLE TO DETERMINE,2132,W,CONCORD PL,1434,,,,,,,3,NO INDICATION OF INJURY,0,0,0,0,0,1,0,2,2,7,41.9113325991,-87.6813019433,POINT (-87.681301943253 41.91133259905)
f497d74d66de4d4ad612bd8668776118284f1a052d6274f7955ace0fdece170c597b032ffb14cfba16c0da8e54409be22a9cdc91d99aee98822924446a14eb10,Y,07/14/2025 02:00:00 AM,30,NO CONTROLS,NO CONTROLS,CLEAR,UNKNOWN,PARKED MOTOR VEHICLE,NOT DIVIDED,,STRAIGHT AND LEVEL,DRY,NO DEFECTS,,INJURY AND / OR TOW DUE TO CRASH,,,Y,"OVER $1,500",07/14/2025 07:50:00 AM,UNABLE TO DETERMINE,NOT APPLICABLE,1433,W,TOUHY AVE,2423,,,,,,,4,NO INDICATION OF INJURY,0,0,0,0,0,1,0,2,2,7,42.0126547564,-87.6672877616,POINT (-87.667287761583 42.012654756368)
a8d998f552c9b95e2ac31f056c301e9017347200651db03d62bc43500ac93f189a82eee50445c8f6066e4b5daa7de7650680d192aac9f631886f38e61d8f022e,,07/14/2025 01:36:00 AM,30,NO CONTROLS,NO CONTROLS,CLEAR,"DARKNESS, LIGHTED ROAD",PARKED MOTOR VEHICLE,NOT DIVIDED,,STRAIGHT AND LEVEL,DRY,NO DEFECTS,ON SCENE,INJURY AND / OR TOW DUE TO CRASH,,,Y,"OVER $1,500",07/14/2025 01:38:00 AM,UNABLE TO DETERMINE,UNABLE TO DETERMINE,3305,N,AUSTIN AVE,1633,,,,,,,2,NO INDICATION OF INJURY,0,0,0,0,0,1,0,1,2,7,41.9404442248,-87.7761451204,POINT (-87.776145120358 41.940444224754)
b7e9f05d1c753dcf25cbb3931ac6ec4f0ee05779ce959f79a937ebb71cf57bcdb222cf25e844fc92a70621fd1c277280bf03cd19be46f84be1eb99fcc174c818,Y,07/14/2025 01:12:00 AM,20,TRAFFIC SIGNAL,FUNCTIONING PROPERLY,CLEAR,"DARKNESS, LIGHTED ROAD",ANGLE,CENTER TURN LANE,,STRAIGHT AND LEVEL,DRY,NO DEFECTS,ON SCENE,INJURY AND / OR TOW DUE TO CRASH,Y,,,"OVER $1,500",07/14/2025 01:15:00 AM,FAILING TO YIELD RIGHT-OF-WAY,UNABLE TO DETERMINE,5952,W,ROOSEVELT RD,1513,,,,,,,2,NONINCAPACITATING INJURY,3,0,0,3,0,0,0,1,2,7,41.8655722953,-87.7738222672,POINT (-87.773822267153 41.865572295254)
a775bf7fc1bac3f2612c8af1618c5b3701d2512e8c7e6b3448fd492ae4a28498d1fa329532b0097315c0c770078e17cff4aed8cd6477bdce24c3c921566d2474,,07/14/2025 01:10:00 AM,35,NO CONTROLS,NO CONTROLS,CLEAR,"DARKNESS, LIGHTED ROAD",REAR TO FRONT,NOT DIVIDED,,STRAIGHT AND LEVEL,DRY,NO DEFECTS,ON SCENE,INJURY AND / OR TOW DUE TO CRASH,,,,"OVER $1,500",07/14/2025 01:10:00 AM,"DISTRACTION - OTHER ELECTRONIC DEVICE (NAVIGATION DEVICE, DVD PLAYER, ETC.)","DISTRACTION - OTHER ELECTRONIC DEVICE (NAVIGATION DEVICE, DVD PLAYER, ETC.)",111,S,PEORIA ST,1232,,,,,,,2,"REPORTED, NOT EVIDENT",2,0,0,0,2,1,0,1,2,7,41.8800879626,-87.6494993106,POINT (-87.649499310593 41.880087962598)
9181d8a49703783ea4bf8d84ee0a70df34bc9404a1fe7edc75734fa77a42fa0af75e89fe5b7b00b4bfca911c2d0f84b40098d1afaf6e0149e5ca91798bab5133,,07/14/2025 01:03:00 AM,15,NO CONTROLS,NO CONTROLS,CLEAR,"DARKNESS, LIGHTED ROAD",HEAD ON,ONE-WAY,,STRAIGHT AND LEVEL,DRY,NO DEFECTS,ON SCENE,INJURY AND / OR TOW DUE TO CRASH,,,,"OVER $1,500",07/14/2025 01:06:00 AM,FAILING TO REDUCE SPEED TO AVOID CRASH,NOT APPLICABLE,4005,W,MELROSE ST,1731,,,,,,,2,NO INDICATION OF INJURY,0,0,0,0,0,5,0,1,2,7,41.9398914185,-87.7274814283,POINT (-87.727481428258 41.9398914185)
410b8b14abfa69439f6b8164072801c066f3335ead50cdf72c17ebdfbcaa4655f4e57a355aa0a033c64ce63c57fd0bf346f2d8f9e0c9e28e5ce881a8407c064a,,07/14/2025 01:00:00 AM,30,NO CONTROLS,NO CONTROLS,CLEAR,"DARKNESS, LIGHTED ROAD",PARKED MOTOR VEHICLE,NOT DIVIDED,,STRAIGHT AND LEVEL,DRY,NO DEFECTS,ON SCENE,NO INJURY / DRIVE AWAY,,,Y,"$501 - $1,500",07/14/2025 07:25:00 AM,UNABLE TO DETERMINE,NOT APPLICABLE,3315,N,LAMON AVE,1634,,,,,,,2,NO INDICATION OF INJURY,0,0,0,0,0,1,0,1,2,7,41.9410775788,-87.7492585868,POINT (-87.749258586811 41.941077578849)
9913e8a016f568d21e94a5f3c85c0009e42b2e939fa2f9c70f2d2c74ca5b02b3a0c34fc6dd24e974b350deb1432dcbd3a7b7ab92b6984ea1d9fb3f9e68c6855c,Y,07/14/2025 01:00:00 AM,25,UNKNOWN,UNKNOWN,UNKNOWN,UNKNOWN,PARKED MOTOR VEHICLE,NOT DIVIDED,,STRAIGHT AND LEVEL,UNKNOWN,UNKNOWN,NOT ON SCENE (DESK REPORT),NO INJURY / DRIVE AWAY,,,Y,$500 OR LESS,07/16/2025 09:15:00 PM,UNABLE TO DETERMINE,NOT APPLICABLE,5954,W,ROSCOE ST,1633,,,,,,,2,NO INDICATION OF INJURY,0,0,0,0,0,1,0,1,2,7,41.9422255184,-87.7760871186,POINT (-87.776087118591 41.942225518355)
bb6a4e1ad767bb29ff35e1c84dcc979cf7b82dec04b2dcac63c1f3091f465f5d86b3f91f896325b8dddda1e48d3c3d07c5d38637427a61c0164369a007f8462d,Y,07/14/2025 01:00:00 AM,30,NO CONTROLS,NO CONTROLS,CLEAR,"DARKNESS, LIGHTED ROAD",PARKED MOTOR VEHICLE,ONE-WAY,,STRAIGHT AND LEVEL,DRY,NO DEFECTS,NOT ON SCENE (DESK REPORT),NO INJURY / DRIVE AWAY,,,Y,"$501 - $1,500",07/14/2025 09:15:00 AM,UNABLE TO DETERMINE,NOT APPLICABLE,1725,W,NORTH SHORE AVE,2432,,,,,,,2,NO INDICATION OF INJURY,0,0,0,0,0,1,0,1,2,7,42.0033881045,-87.6734474708,POINT (-87.673447470831 42.003388104502)
d586c3580593b0cd41cd489f1e4a497147d62ac1ed89f4cf86c62a292bcbe2e9c63436e988449e62690a48781f50e9f2b265db111cb4b1a16681a6fc500a91f9,,07/14/2025 01:00:00 AM,30,UNKNOWN,UNKNOWN,UNKNOWN,UNKNOWN,PARKED MOTOR VEHICLE,OTHER,,STRAIGHT AND LEVEL,UNKNOWN,UNKNOWN,ON SCENE,NO INJURY / DRIVE AWAY,,,Y,"OVER $1,500",07/14/2025 01:59:00 PM,UNABLE TO DETERMINE,NOT APPLICABLE,5504,W,FULTON ST,1523,,,,,,,2,NO INDICATION OF INJURY,0,0,0,0,0,1,0,1,2,7,41.8858470309,-87.7636304573,POINT (-87.763630457308 41.885847030908)
56acd1473c7bdd5ec079c71c729b6e2f3d3f8adfea4fde5378cd7c7d26cdec0b41d11aa8e2ba5bed8d93bf2b1339d9eb2763229cfc1036aee6ca9996e8853249,,07/14/2025 12:50:00 AM,30,TRAFFIC SIGNAL,FUNCTIONING PROPERLY,CLEAR,"DARKNESS, LIGHTED ROAD",TURNING,NOT DIVIDED,,STRAIGHT AND LEVEL,DRY,NO DEFECTS,ON SCENE,NO INJURY / DRIVE AWAY,Y,,Y,"OVER $1,500",07/14/2025 01:26:00 AM,IMPROPER LANE USAGE,DRIVING SKILLS/KNOWLEDGE/EXPERIENCE,6652,S,WENTWORTH AVE,722,,Y,,,,,2,NO INDICATION OF INJURY,0,0,0,0,0,2,0,0,2,7,41.7729667669,-87.6301234821,POINT (-87.630123482138 41.772966766884)
db59c28b15c9782dead844e76fba8245a5db9db990c0ceffaa19f6d1c37199c212611f5d7d177d9025e089e9e4210801e4c20c6cd440ab61084edf1d5697e68c,,07/14/2025 12:29:00 AM,30,NO CONTROLS,NO CONTROLS,CLEAR,"DARKNESS, LIGHTED ROAD",PARKED MOTOR VEHICLE,NOT DIVIDED,,STRAIGHT AND LEVEL,DRY,NO DEFECTS,ON SCENE,INJURY AND / OR TOW DUE TO CRASH,,,,"OVER $1,500",07/14/2025 01:07:00 AM,UNDER THE INFLUENCE OF ALCOHOL/DRUGS (USE WHEN ARREST IS EFFECTED),HAD BEEN DRINKING (USE WHEN ARREST IS NOT MADE),2007,S,DAMEN AVE,1234,,,,,,,2,NO INDICATION OF INJURY,0,0,0,0,0,1,0,0,2,7,41.8546947017,-87.6757651352,POINT (-87.675765135168 41.854694701707)
e18f20234bd1e2227895b26ef033c5b79cc47ad3ae9bfd88265b879ed22b55cb85d23cff5db5a89892efb43c199697032eee12ea249d06f9a1409e4619858a54,,07/14/2025 12:28:00 AM,30,NO CONTROLS,NO CONTROLS,CLEAR,"DARKNESS, LIGHTED ROAD",PEDESTRIAN,DIVIDED - W/MEDIAN BARRIER,,STRAIGHT AND LEVEL,UNKNOWN,UNKNOWN,ON SCENE,INJURY AND / OR TOW DUE TO CRASH,,,Y,$500 OR LESS,07/14/2025 12:28:00 AM,"OPERATING VEHICLE IN ERRATIC, RECKLESS, CARELESS, NEGLIGENT OR AGGRESSIVE MANNER","OPERATING VEHICLE IN ERRATIC, RECKLESS, CARELESS, NEGLIGENT OR AGGRESSIVE MANNER",1011,S,FRANCISCO AVE,1135,,,,,,,2,NONINCAPACITATING INJURY,1,0,0,1,0,1,0,0,2,7,41.868874876,-87.6982695962,POINT (-87.698269596157 41.868874876008)
0365f22baa6a297c5d447b5411a4ef9d229b66c72188f6f0f4ef7b8bc1f2470b7c01a11a126260d49f420cbf3a537fe09b40bc7d9c65f2f585919ad8dc250d60,,07/14/2025 12:23:00 AM,30,TRAFFIC SIGNAL,FUNCTIONING PROPERLY,CLEAR,"DARKNESS, LIGHTED ROAD",TURNING,DIVIDED - W/MEDIAN (NOT RAISED),,STRAIGHT AND LEVEL,DRY,NO DEFECTS,ON SCENE,NO INJURY / DRIVE AWAY,,,,"$501 - $1,500",07/14/2025 12:24:00 AM,FOLLOWING TOO CLOSELY,NOT APPLICABLE,652,W,ROOSEVELT RD,1232,,,,,,,2,NO INDICATION OF INJURY,0,0,0,0,0,2,0,0,2,7,41.8672997743,-87.6443306921,POINT (-87.644330692089 41.867299774301)
ad05c531bf3354ddecdcbe2233e1a840ce10b62a37b284f42250072a61e9418b1ba62f128ac6ba158299cc55fe1754839441713086a3b7aa7056ca5154f86f0a,,07/14/2025 12:23:00 AM,20,NO CONTROLS,NO CONTROLS,CLEAR,DARKNESS,PARKED MOTOR VEHICLE,NOT DIVIDED,,STRAIGHT AND LEVEL,DRY,NO DEFECTS,ON SCENE,INJURY AND / OR TOW DUE TO CRASH,,,Y,"OVER $1,500",07/14/2025 12:25:00 AM,FAILING TO REDUCE SPEED TO AVOID CRASH,NOT APPLICABLE,12141,S,INDIANA AVE,532,Y,,,,,,3,NONINCAPACITATING INJURY,1,0,0,1,0,1,0,0,2,7,41.6731388198,-87.6175253255,POINT (-87.617525325502 41.673138819831)
abea3260e9f69783dceae52b2b7cfaac4c6654f441416e5e8f3eb20c7e92834781d1cd5983f9b57cd851c42f8cb575bc5323168b3299cd0e57048f86d157bc04,,07/14/2025 12:20:00 AM,30,NO CONTROLS,NO CONTROLS,CLEAR,"DARKNESS, LIGHTED ROAD",PARKED MOTOR VEHICLE,ONE-WAY,,STRAIGHT AND LEVEL,DRY,NO DEFECTS,ON SCENE,NO INJURY / DRIVE AWAY,,,Y,"OVER $1,500",07/14/2025 12:24:00 AM,UNABLE TO DETERMINE,NOT APPLICABLE,4648,N,AVERS AVE,1723,,,,,,,3,NO INDICATION OF INJURY,0,0,0,0,0,1,0,0,2,7,41.9660361206,-87.724447844,POINT (-87.724447844019 41.966036120557)
c859f44350730e61372e0be72727f2a66358f704489d4cd52f7f30e9bb5192f7877aec7d849d2df29d82f403c96382c8d8d62a62f6e7692881962d432514ad4c,,07/14/2025 12:06:00 AM,25,UNKNOWN,UNKNOWN,CLEAR,"DARKNESS, LIGHTED ROAD",PARKED MOTOR VEHICLE,NOT DIVIDED,,STRAIGHT AND LEVEL,DRY,UNKNOWN,NOT ON SCENE (DESK REPORT),NO INJURY / DRIVE AWAY,,,Y,"OVER $1,500",07/14/2025 06:30:00 AM,DRIVING SKILLS/KNOWLEDGE/EXPERIENCE,UNABLE TO DETERMINE,2938,W,BRYN MAWR AVE,2011,,,,,,,2,NO INDICATION OF INJURY,0,0,0,0,0,1,0,0,2,7,41.9832117859,-87.703096614,POINT (-87.703096613954 41.983211785852)
d017302a31b9d54c11c504913dbcd51f6c8b4592454723a078669a369e3f7a1659a733c1f672b4ab80ae4d0ca1878a7072d481f94b1016df0f4590d129e45e5e,,07/14/2025 12:05:00 AM,30,NO CONTROLS,NO CONTROLS,CLEAR,DARKNESS,PARKED MOTOR VEHICLE,NOT DIVIDED,,STRAIGHT AND LEVEL,DRY,NO DEFECTS,ON SCENE,INJURY AND / OR TOW DUE TO CRASH,,,,"OVER $1,500",07/14/2025 12:37:00 AM,DRIVING SKILLS/KNOWLEDGE/EXPERIENCE,NOT APPLICABLE,1643,S,BLUE ISLAND AVE,1233,,,,,,,2,NO INDICATION OF INJURY,0,0,0,0,0,2,0,0,2,7,41.8585978753,-87.6603504785,POINT (-87.660350478547 41.858597875318)
8aafc178aeac30f05dfe958b979316bae782741e2457b253e7f29fbe27e7e221eb2ce037e24c2290887074892e31baff490f56199b023d3bb4508e032156fdc1,Y,07/14/2025 12:00:00 AM,20,STOP SIGN/FLASHER,UNKNOWN,UNKNOWN,UNKNOWN,PARKED MOTOR VEHICLE,NOT DIVIDED,,STRAIGHT AND LEVEL,UNKNOWN,UNKNOWN,NOT ON SCENE (DESK REPORT),NO INJURY / DRIVE AWAY,,,Y,"OVER $1,500",07/20/2025 03:30:00 PM,UNABLE TO DETERMINE,NOT APPLICABLE,3824,W,WILSON AVE,1723,,,,,,,2,NO INDICATION OF INJURY,0,0,0,0,0,1,0,0,2,7,41.9647462053,-87.7241377101,POINT (-87.724137710109 41.964746205287)
944fd30c11927b9aa9a5c96ef9873f0c8f77a0190530dcd67781ad2dc36d9fba25789da62dc8a437eeaad329a02435d52c8c344f78a48d5e7db43fdf0178e114,,07/13/2025 11:59:00 PM,30,NO CONTROLS,NO CONTROLS,CLEAR,"DARKNESS, LIGHTED ROAD",PARKED MOTOR VEHICLE,DIVIDED - W/MEDIAN (NOT RAISED),,STRAIGHT AND LEVEL,DRY,NO DEFECTS,ON SCENE,NO INJURY / DRIVE AWAY,N,,,"OVER $1,500",07/13/2025 11:59:00 PM,UNDER THE INFLUENCE OF ALCOHOL/DRUGS (USE WHEN ARREST IS EFFECTED),UNDER THE INFLUENCE OF ALCOHOL/DRUGS (USE WHEN ARREST IS EFFECTED),8605,S,HALSTED ST,622,,Y,,,,,2,NO INDICATION OF INJURY,0,0,0,0,0,2,0,23,1,7,41.7378491997,-87.6435208565,POINT (-87.643520856539 41.73784919965)
ffee2f08134235daa401a1772027cf22fb2b8610809914f65263829a8982cec9ffe7dfebaca171856c05664aad3242da3a54b0e3e4d3347c38a57767bdf72686,,07/13/2025 11:58:00 PM,35,NO CONTROLS,NO CONTROLS,CLEAR,"DARKNESS, LIGHTED ROAD",PARKED MOTOR VEHICLE,NOT DIVIDED,,STRAIGHT AND LEVEL,DRY,NO DEFECTS,ON SCENE,NO INJURY / DRIVE AWAY,,,Y,$500 OR LESS,07/13/2025 11:58:00 PM,FAILING TO REDUCE SPEED TO AVOID CRASH,FAILING TO REDUCE SPEED TO AVOID CRASH,1250,S,HALSTED ST,1232,,,,,,,2,NO INDICATION OF INJURY,0,0,0,0,0,3,0,23,1,7,41.8656602853,-87.6470196016,POINT (-87.647019601594 41.865660285305)
278bd49bd853588e6b6f68c4212fb18064c903fc81f9204718874aca6f5821b2ed74ab7befe5101e1908a399cf00bc1e80b15ba41d1ca529844651d4172a8086,Y,07/13/2025 11:30:00 PM,30,TRAFFIC SIGNAL,UNKNOWN,CLEAR,DAYLIGHT,PEDESTRIAN,OTHER,,STRAIGHT AND LEVEL,DRY,NO DEFECTS,ON SCENE,INJURY AND / OR TOW DUE TO CRASH,Y,,,$500 OR LESS,07/13/2025 11:31:00 PM,UNABLE TO DETERMINE,NOT APPLICABLE,200,N,DEARBORN ST,111,,,,,,,2,NONINCAPACITATING INJURY,1,0,0,1,0,1,0,23,1,7,41.8857963123,-87.6296461541,POINT (-87.629646154129 41.885796312349)
6a7669c5e873d6bf9a66aa9681d9b8404238d8821fe822f051e87d2f30fba833b987c9e010eeb01e09a955443556e3328261c0da475100b03e5f09c081b2e27a,,07/13/2025 11:30:00 PM,25,UNKNOWN,UNKNOWN,CLEAR,"DARKNESS, LIGHTED ROAD",PARKED MOTOR VEHICLE,ONE-WAY,,STRAIGHT AND LEVEL,DRY,UNKNOWN,NOT ON SCENE (DESK REPORT),NO INJURY / DRIVE AWAY,,,Y,"OVER $1,500",07/14/2025 11:10:00 AM,DRIVING SKILLS/KNOWLEDGE/EXPERIENCE,DRIVING SKILLS/KNOWLEDGE/EXPERIENCE,5732,N,RICHMOND ST,2011,,,,,,,2,NO INDICATION OF INJURY,0,0,0,0,0,1,0,23,1,7,41.9858800764,-87.7030359107,POINT (-87.703035910653 41.985880076394)
fa729e87c5dfe4f33a2bde3ebf017262c0e99fa0b3c47fb3bd266babcf1d7ca15824d6876b4cd87395df6d8ac1f0f0ac2eaedcaa5b6ebd91c1131a29ff59b703,,07/13/2025 11:15:00 PM,30,TRAFFIC SIGNAL,FUNCTIONING PROPERLY,UNKNOWN,"DARKNESS, LIGHTED ROAD",TURNING,FOUR WAY,,STRAIGHT AND LEVEL,UNKNOWN,NO DEFECTS,NOT ON SCENE (DESK REPORT),NO INJURY / DRIVE AWAY,,,Y,"OVER $1,500",07/14/2025 02:50:00 PM,DISREGARDING TRAFFIC SIGNALS,DRIVING SKILLS/KNOWLEDGE/EXPERIENCE,260,S,CICERO AVE,1533,,,,,,,2,NO INDICATION OF INJURY,0,0,0,0,0,2,0,23,1,7,41.8768502259,-87.7452938914,POINT (-87.745293891422 41.876850225901)
06afd5d71fe27dcffcfdcb53ad05fc1afd922ababe1c2b509eae1e1befa77e0cc396d16eac4e369a1ddeaf0c0df1f91b45e72f51e8eb13c33871d484586683a1,,07/13/2025 11:05:00 PM,25,UNKNOWN,UNKNOWN,CLEAR,"DARKNESS, LIGHTED ROAD",PARKED MOTOR VEHICLE,PARKING LOT,,STRAIGHT AND LEVEL,DRY,NO DEFECTS,NOT ON SCENE (DESK REPORT),NO INJURY / DRIVE AWAY,,,,"OVER $1,500",07/13/2025 11:49:00 PM,FOLLOWING TOO CLOSELY,IMPROPER OVERTAKING/PASSING,10000,W,OHARE ST,1651,,,,,,,2,NO INDICATION OF INJURY,0,0,0,0,0,1,0,23,1,7,41.976201139,-87.9053091251,POINT (-87.905309125103 41.976201139024)
b63a576b723af9e8e6d86c2cbaf3ff2430df1c3fc4658bfcc703701135cc1f0aee76ae574b7b9c619aec44177617bf43ded6752ad622022d97c0826727e534b7,,07/13/2025 11:00:00 PM,30,TRAFFIC SIGNAL,UNKNOWN,CLEAR,"DARKNESS, LIGHTED ROAD",ANGLE,FOUR WAY,,STRAIGHT AND LEVEL,DRY,NO DEFECTS,NOT ON SCENE (DESK REPORT),NO INJURY / DRIVE AWAY,Y,,Y,"OVER $1,500",07/13/2025 11:15:00 PM,DISREGARDING TRAFFIC SIGNALS,DISREGARDING TRAFFIC SIGNALS,3601,W,55TH ST,822,,,,,,,2,NO INDICATION OF INJURY,0,0,0,0,0,2,0,23,1,7,41.793246431,-87.7136291648,POINT (-87.713629164848 41.793246431036)
ebe19aea703a6b4a851041d69e83f61dede96dd2da197ce3d67eea6f752a65baf3d5a66b67bbb7c6537bd026ce89d889c647c66c5fe8a7dd4f6fc053b02d3404,,07/13/2025 11:00:00 PM,30,NO CONTROLS,NO CONTROLS,CLEAR,"DARKNESS, LIGHTED ROAD",PARKED MOTOR VEHICLE,DIVIDED - W/MEDIAN (NOT RAISED),,STRAIGHT AND LEVEL,DRY,NO DEFECTS,ON SCENE,NO INJURY / DRIVE AWAY,,,,"$501 - $1,500",07/13/2025 11:15:00 PM,IMPROPER LANE USAGE,DRIVING SKILLS/KNOWLEDGE/EXPERIENCE,3257,S,WALLACE ST,915,,,,,,,2,NO INDICATION OF INJURY,0,0,0,0,0,1,0,23,1,7,41.8346124189,-87.6411799447,POINT (-87.641179944691 41.834612418911)
dd58bf7a428ad6f307a7492d0eb6028b80880d7210db616251519075c827012ade70ee3a3f3d950efee3021e6a67b21f1bdc5c2912025d1ad30cf120be0ba43b,,07/13/2025 10:50:00 PM,30,NO CONTROLS,NO CONTROLS,CLEAR,"DARKNESS, LIGHTED ROAD",REAR END,NOT DIVIDED,,STRAIGHT AND LEVEL,DRY,NO DEFECTS,NOT ON SCENE (DESK REPORT),INJURY AND / OR TOW DUE TO CRASH,,,Y,"$501 - $1,500",07/13/2025 11:18:00 PM,UNABLE TO DETERMINE,NOT APPLICABLE,331,N,LARAMIE AVE,1532,,,,,,,2,NONINCAPACITATING INJURY,2,0,0,2,0,2,0,22,1,7,41.8866374889,-87.7551451613,POINT (-87.755145161276 41.886637488891)
396d7ac035788153a1b3e4b3c015046ff59ff5362ba323ba98f7d4223e561a628199121ac9f6515a119dee5b340c1260536b040448d448e2e4ca3cdbee2d57ff,,07/13/2025 10:40:00 PM,30,TRAFFIC SIGNAL,FUNCTIONING PROPERLY,CLEAR,"DARKNESS, LIGHTED ROAD",REAR END,DIVIDED - W/MEDIAN (NOT RAISED),,STRAIGHT AND LEVEL,DRY,NO DEFECTS,ON SCENE,INJURY AND / OR TOW DUE TO CRASH,Y,,,"OVER $1,500",07/13/2025 10:40:00 PM,FOLLOWING TOO CLOSELY,FOLLOWING TOO CLOSELY,800,E,76TH ST,624,,,,,,,3,"REPORTED, NOT EVIDENT",7,0,0,0,7,0,0,22,1,7,41.7568688964,-87.6052856576,POINT (-87.605285657641 41.75686889637)
0c846a719097913badb43b0e695eb279d9aa84d017e3232b38db691c61e90b1e7809afd218e92479247eb2eef97b2998ed3c45b92d4ba0b6e9c28d0826cf9579,,07/13/2025 10:37:00 PM,30,NO CONTROLS,NO CONTROLS,CLEAR,"DARKNESS, LIGHTED ROAD",SIDESWIPE OPPOSITE DIRECTION,NOT DIVIDED,,STRAIGHT AND LEVEL,DRY,NO DEFECTS,ON SCENE,INJURY AND / OR TOW DUE TO CRASH,,,,"OVER $1,500",07/13/2025 10:39:00 PM,DRIVING SKILLS/KNOWLEDGE/EXPERIENCE,UNABLE TO DETERMINE,1444,W,AUGUSTA BLVD,1213,,,,,,,3,"REPORTED, NOT EVIDENT",2,0,0,0,2,2,0,22,1,7,41.8998691222,-87.6641901374,POINT (-87.664190137443 41.899869122209)
c2d3e79478f24bed1dc53571461fccb40607ea913e113f59b2eee7753a1fe2660d8151cf93e23f3cb47006c203142cc98916545643c9f31782888b1d2e839b2a,,07/13/2025 10:37:00 PM,30,TRAFFIC SIGNAL,UNKNOWN,UNKNOWN,"DARKNESS, LIGHTED ROAD",PEDESTRIAN,ONE-WAY,,STRAIGHT AND LEVEL,UNKNOWN,UNKNOWN,NOT ON SCENE (DESK REPORT),INJURY AND / OR TOW DUE TO CRASH,Y,,Y,"OVER $1,500",08/23/2025 02:50:00 PM,UNABLE TO DETERMINE,UNABLE TO DETERMINE,200,N,DEARBORN ST,111,,,,,,,2,INCAPACITATING INJURY,1,0,1,0,0,1,0,22,1,7,41.8857963123,-87.6296461541,POINT (-87.629646154129 41.885796312349)
4c9f4a9f5367cbc07fe36ae5e6407171a0495ed528c358d5cd7ba15ed90eef593c5859631aa715b2ac2032f93de13ebc7a19aa0ad47b807ae63b55b54157172e,Y,07/13/2025 10:30:00 PM,25,NO CONTROLS,NO CONTROLS,CLEAR,DARKNESS,OTHER OBJECT,NOT DIVIDED,,STRAIGHT AND LEVEL,DRY,NO DEFECTS,ON SCENE,NO INJURY / DRIVE AWAY,,,Y,$500 OR LESS,07/13/2025 10:36:00 PM,UNABLE TO DETERMINE,UNABLE TO DETERMINE,1434,N,LAVERGNE AVE,2533,,,,,,,2,NO INDICATION OF INJURY,0,0,0,0,0,1,0,22,1,7,41.9069764256,-87.7511251359,POINT (-87.751125135932 41.90697642563)