CRASH_RECORD_ID,CRASH_DATE_EST_I,CRASH_DATE,POSTED_SPEED_LIMIT,TRAFFIC_CONTROL_DEVICE,DEVICE_CONDITION,WEATHER_CONDITION,LIGHTING_CONDITION,FIRST_CRASH_TYPE,TRAFFICWAY_TYPE,LANE_CNT,ALIGNMENT,ROADWAY_SURFACE_COND,ROAD_DEFECT,REPORT_TYPE,CRASH_TYPE,INTERSECTION_RELATED_I,NOT_RIGHT_OF_WAY_I,HIT_AND_RUN_I,DAMAGE,DATE_POLICE_NOTIFIED,PRIM_CONTRIBUTORY_CAUSE,SEC_CONTRIBUTORY_CAUSE,STREET_NO,STREET_DIRECTION,STREET_NAME,BEAT_OF_OCCURRENCE,PHOTOS_TAKEN_I,STATEMENTS_TAKEN_I,DOORING_I,WORK_ZONE_I,WORK_ZONE_TYPE,WORKERS_PRESENT_I,NUM_UNITS,MOST_SEVERE_INJURY,INJURIES_TOTAL,INJURIES_FATAL,INJURIES_INCAPACITATING,INJURIES_NON_INCAPACITATING,INJURIES_REPORTED_NOT_EVIDENT,INJURIES_NO_INDICATION,INJURIES_UNKNOWN,CRASH_HOUR,CRASH_DAY_OF_WEEK,CRASH_MONTH,LATITUDE,LONGITUDE,LOCATION
6f1f39b9c67316c30833bf03f28bef8d71653d97ce4fac32483b8139a3d46f58600fb9ee0e43295fe18afe7dd608cc774a572f63e3a224d633ccf75c23325243,Y,07/13/2025 10:30:00 PM,30,UNKNOWN,UNKNOWN,UNKNOWN,UNKNOWN,PARKED MOTOR VEHICLE,DIVIDED - W/MEDIAN (NOT RAISED),,STRAIGHT AND LEVEL,UNKNOWN,UNKNOWN,NOT ON SCENE (DESK REPORT),NO INJURY / DRIVE AWAY,,,Y,"$501 - $1,500",07/14/2025 07:20:00 AM,UNABLE TO DETERMINE,NOT APPLICABLE,3401,N,NARRAGANSETT AVE,1633,,,,,,,2,NO INDICATION OF INJURY,0,0,0,0,0,1,0,22,1,7,41.9420431002,-87.7860651817,POINT (-87.78606518166 41.942043100219)
13b92f986d4221b42b7269fd0ea4ac1356ef236778f10e6aeeee1272d5d7cb018dd0d9aed29ec337a337ea01252642ec6317794e283ba04f87055832d20744ec,,07/13/2025 10:24:00 PM,35,UNKNOWN,UNKNOWN,CLEAR,"DARKNESS, LIGHTED ROAD",SIDESWIPE SAME DIRECTION,NOT DIVIDED,,STRAIGHT AND LEVEL,DRY,NO DEFECTS,NOT ON SCENE (DESK REPORT),NO INJURY / DRIVE AWAY,,,,"OVER $1,500",07/13/2025 11:14:00 PM,FOLLOWING TOO CLOSELY,FOLLOWING TOO CLOSELY,5322,N,HARLEM AVE,1613,,,,,,,2,NO INDICATION OF INJURY,0,0,0,0,0,2,0,22,1,7,41.9770591361,-87.8071568847,POINT (-87.807156884728 41.977059136137)
a9bb6b81dab1790cc9f19b45c2e13b1a76005e7ca220c9bc5392b0aed482d99145eefb2dc7f523277e5687187aff498c3f879c36b51e3f4466e449e56c4a5364,,07/13/2025 10:23:00 PM,30,TRAFFIC SIGNAL,FUNCTIONING PROPERLY,CLEAR,"DARKNESS, LIGHTED ROAD",PEDESTRIAN,FOUR WAY,,STRAIGHT AND LEVEL,DRY,UNKNOWN,ON SCENE,INJURY AND / OR TOW DUE TO CRASH,Y,,Y,"OVER $1,500",07/13/2025 10:23:00 PM,DISREGARDING OTHER TRAFFIC SIGNS,NOT APPLICABLE,137,W,KINZIE ST,1831,,,,,,,2,NONINCAPACITATING INJURY,1,0,0,1,0,1,0,22,1,7,41.889079284,-87.6324500844,POINT (-87.632450084432 41.889079283982)
e72f41017299a0870d72b6c3d95ba9d46dfab2c325a113ffecaab7bb885869d6eecc31d7cb0d2aada34d5d46ad4689b3a5dadb5def87923563c672ca72221cc1,,07/13/2025 10:22:00 PM,30,NO CONTROLS,NO CONTROLS,CLEAR,"DARKNESS, LIGHTED ROAD",SIDESWIPE OPPOSITE DIRECTION,NOT DIVIDED,,STRAIGHT AND LEVEL,DRY,NO DEFECTS,ON SCENE,INJURY AND / OR TOW DUE TO CRASH,,,,"OVER $1,500",07/13/2025 10:25:00 PM,UNABLE TO DETERMINE,NOT APPLICABLE,8036,S,SPAULDING AVE,834,,,,,,,3,NO INDICATION OF INJURY,0,0,0,0,0,2,0,22,1,7,41.7469445381,-87.704900052,POINT (-87.704900052021 41.746944538107)
f2e80c8943d46b6e1febc242adfc9c30cf3b987fc4eba7aa4a83764bcb6407b63f41d5d0ef5d6b574cdb76fa4853e434c11b5106f12d588475cbc9b5bc899e37,,07/13/2025 10:10:00 PM,40,NO CONTROLS,NO CONTROLS,CLEAR,"DARKNESS, LIGHTED ROAD",FIXED OBJECT,DIVIDED - W/MEDIAN BARRIER,,STRAIGHT AND LEVEL,DRY,NO DEFECTS,ON SCENE,INJURY AND / OR TOW DUE TO CRASH,,,,"OVER $1,500",07/13/2025 10:17:00 PM,DRIVING SKILLS/KNOWLEDGE/EXPERIENCE,UNABLE TO DETERMINE,5699,N,LAKE SHORE DR NB,2022,,,,,,,1,NO INDICATION OF INJURY,0,0,0,0,0,1,0,22,1,7,41.9855567666,-87.6533614803,POINT (-87.653361480328 41.985556766551)
057ad12c54ff9211d353aeefaf878f258931e546903b465fada87e616bd75e60dea77d184d5f53ff6e72f3b65c52193cecd94287da624e442d425dcc7621f577,,07/13/2025 10:00:00 PM,20,NO CONTROLS,NO CONTROLS,CLEAR,"DARKNESS, LIGHTED ROAD",ANGLE,ONE-WAY,,STRAIGHT AND LEVEL,DRY,UNKNOWN,NOT ON SCENE (DESK REPORT),NO INJURY / DRIVE AWAY,,,,"OVER $1,500",07/13/2025 10:30:00 PM,FAILING TO YIELD RIGHT-OF-WAY,UNABLE TO DETERMINE,4008,N,CENTRAL PARK AVE,1723,,,,,,,2,NO INDICATION OF INJURY,0,0,0,0,0,2,0,22,1,7,41.954101263,-87.7179695851,POINT (-87.717969585145 41.954101262956)
fe471edea72f1d124768306db76b8213524cd68f74486204bafcee7b19afe017c01c52d9c7a3290b2dbb2b43ad744fee6042b231ceee05711de0bd388f5ef372,,07/13/2025 09:55:00 PM,30,STOP SIGN/FLASHER,FUNCTIONING PROPERLY,CLEAR,"DARKNESS, LIGHTED ROAD",OTHER OBJECT,FOUR WAY,,STRAIGHT AND LEVEL,DRY,NO DEFECTS,,INJURY AND / OR TOW DUE TO CRASH,,,Y,"$501 - $1,500",07/13/2025 10:45:00 PM,UNABLE TO DETERMINE,NOT APPLICABLE,10500,S,KEDZIE AVE,2211,,,,,,,2,NONINCAPACITATING INJURY,1,0,0,1,0,1,0,21,1,7,41.7024770388,-87.7013618723,POINT (-87.70136187234 41.70247703877)
58132e469fee716042bce5fea931dbaf8b5cadc9996cc832f53d66b68a197904199f4f50fee2ea6cfcbfa29fc97d24b7365253a03925d43c8845ae8198e84fe0,,07/13/2025 09:50:00 PM,30,NO CONTROLS,NO CONTROLS,CLEAR,"DARKNESS, LIGHTED ROAD",PARKED MOTOR VEHICLE,NOT DIVIDED,,STRAIGHT AND LEVEL,DRY,NO DEFECTS,ON SCENE,INJURY AND / OR TOW DUE TO CRASH,,,Y,"OVER $1,500",07/13/2025 09:55:00 PM,UNABLE TO DETERMINE,NOT APPLICABLE,2440,W,71ST ST,832,,,,,,,2,NO INDICATION OF INJURY,0,0,0,0,0,1,0,21,1,7,41.764781735,-87.6848691658,POINT (-87.684869165792 41.764781735031)
632e75b1e67bad3ad904b0ccd86f3db54404f4793109bf40273858c3ab8b1570a27390d7e3c766c2466c4d98d497b7d3a26c7d6ec57486e651fbabfa71c74f66,,07/13/2025 09:45:00 PM,30,NO CONTROLS,NO CONTROLS,CLEAR,"DARKNESS, LIGHTED ROAD",PARKED MOTOR VEHICLE,NOT DIVIDED,,STRAIGHT AND LEVEL,DRY,NO DEFECTS,ON SCENE,NO INJURY / DRIVE AWAY,,,Y,"OVER $1,500",07/13/2025 10:06:00 PM,UNABLE TO DETERMINE,UNABLE TO DETERMINE,906,E,76TH ST,624,,,,,,,3,NO INDICATION OF INJURY,0,0,0,0,0,1,0,21,1,7,41.7569001114,-87.6025810294,POINT (-87.60258102941 41.756900111404)
36750c8e89765e30fd8b78689661c7afe25c2ccbafa952c2cbef28cc58eb425e29185dd060c6266ce67072f02448b58b7effd20f6435e2532d90466af28ac510,,07/13/2025 09:35:00 PM,30,NO CONTROLS,NO CONTROLS,CLEAR,DARKNESS,REAR TO FRONT,NOT DIVIDED,,STRAIGHT AND LEVEL,DRY,NO DEFECTS,NOT ON SCENE (DESK REPORT),NO INJURY / DRIVE AWAY,,,,"OVER $1,500",07/14/2025 12:30:00 PM,DRIVING ON WRONG SIDE/WRONG WAY,NOT APPLICABLE,6,S,COLUMBUS DR,114,,,,,,,2,NO INDICATION OF INJURY,0,0,0,0,0,2,0,21,1,7,41.881968298,-87.6208873776,POINT (-87.620887377565 41.881968297984)
bea2c4f2a9f58abf69b8ff3a0ff08234374b05cad48fee8e2210516cfddfe4cdc0c8a46789b42c1935b692ef41a03c94eda5a95642474a87068c1b869f6498fc,,07/13/2025 09:35:00 PM,30,NO CONTROLS,NO CONTROLS,CLEAR,DAWN,PARKED MOTOR VEHICLE,NOT DIVIDED,,"CURVE, LEVEL",DRY,NO DEFECTS,ON SCENE,INJURY AND / OR TOW DUE TO CRASH,,,,"OVER $1,500",07/13/2025 10:34:00 PM,UNDER THE INFLUENCE OF ALCOHOL/DRUGS (USE WHEN ARREST IS EFFECTED),NOT APPLICABLE,6900,S,KANST DR,831,,,,,,,2,INCAPACITATING INJURY,1,0,1,0,0,0,0,21,1,7,41.7683262238,-87.6962871721,POINT (-87.696287172119 41.76832622376)
d57bf70d832fcd23190fadb2f8a46d262f53a50a946c857dc80a7e2d351176df62c5906dc73ccf7676dae73d0da01270ee578ddf40cb53949578f418bd16056e,,07/13/2025 09:33:00 PM,30,UNKNOWN,UNKNOWN,CLEAR,"DARKNESS, LIGHTED ROAD",FIXED OBJECT,NOT DIVIDED,,STRAIGHT AND LEVEL,DRY,UNKNOWN,ON SCENE,INJURY AND / OR TOW DUE TO CRASH,,N,,"OVER $1,500",07/13/2025 09:33:00 PM,DRIVING SKILLS/KNOWLEDGE/EXPERIENCE,FAILING TO REDUCE SPEED TO AVOID CRASH,1106,W,95TH ST,2222,,N,,,,,1,NO INDICATION OF INJURY,0,0,0,0,0,1,0,21,1,7,41.7214738203,-87.6509624263,POINT (-87.650962426344 41.721473820263)
57759f864000d730bbf7afe9a2827f1d858886c4aed76dbaf62720a12fd3cbf3b359fa676279fe568d02e1de065e061c4ca62c6ee2f63ab91d70b94a86719b28,Y,07/13/2025 09:30:00 PM,30,NO CONTROLS,FUNCTIONING PROPERLY,CLEAR,DARKNESS,SIDESWIPE SAME DIRECTION,NOT DIVIDED,,STRAIGHT AND LEVEL,DRY,NO DEFECTS,,INJURY AND / OR TOW DUE TO CRASH,,,,"$501 - $1,500",07/13/2025 09:40:00 PM,NOT APPLICABLE,NOT APPLICABLE,5900,S,STONY ISLAND AVE,235,,,,,,,3,NO INDICATION OF INJURY,0,0,0,0,0,4,0,21,1,7,41.7875915807,-87.5867727538,POINT (-87.586772753815 41.787591580672)
92f5788b915317e2aee5c60c206607959b0474aae6317538fa25aaa671599b4b6b99473784136e4056178415b1a10945fcc6f2636399c8c26fd16a63de437e12,,07/13/2025 09:23:00 PM,30,UNKNOWN,UNKNOWN,UNKNOWN,UNKNOWN,SIDESWIPE SAME DIRECTION,NOT DIVIDED,,STRAIGHT AND LEVEL,UNKNOWN,UNKNOWN,NOT ON SCENE (DESK REPORT),INJURY AND / OR TOW DUE TO CRASH,,,,"OVER $1,500",07/13/2025 10:00:00 PM,NOT APPLICABLE,NOT APPLICABLE,630,W,IRVING PARK RD,1915,,,,,,,2,NONINCAPACITATING INJURY,1,0,0,1,0,1,0,21,1,7,41.9547307245,-87.6462691745,POINT (-87.646269174464 41.954730724453)
7238d86f64592ffe4855f58a45e1335754735447a71071ee27c190a0703dd8b48813f8513ab429439c9faa5062e02ffefebf5561d552e0de39ce057a79c99bdd,,07/13/2025 09:18:00 PM,30,TRAFFIC SIGNAL,UNKNOWN,UNKNOWN,"DARKNESS, LIGHTED ROAD",TURNING,DIVIDED - W/MEDIAN (NOT RAISED),,STRAIGHT AND LEVEL,UNKNOWN,UNKNOWN,NOT ON SCENE (DESK REPORT),NO INJURY / DRIVE AWAY,Y,,,"OVER $1,500",07/14/2025 07:20:00 PM,IMPROPER OVERTAKING/PASSING,IMPROPER TURNING/NO SIGNAL,8700,S,STONY ISLAND AVE,412,,,,,,,2,NO INDICATION OF INJURY,0,0,0,0,0,2,0,21,1,7,41.7368226302,-87.5857834203,POINT (-87.585783420329 41.736822630157)
77cc98c1fb5ac123f6c70b353e4e948c23c5847e6c0cf6bb9ec34f35b67eaecdf7ca71cb236bcc95e2b970e108c1381428327f8ecf8b2fcd9f826881b6e1349e,,07/13/2025 09:16:00 PM,30,TRAFFIC SIGNAL,FUNCTIONING PROPERLY,CLEAR,DUSK,TURNING,FOUR WAY,,STRAIGHT AND LEVEL,DRY,NO DEFECTS,ON SCENE,INJURY AND / OR TOW DUE TO CRASH,Y,,,"OVER $1,500",07/13/2025 09:16:00 PM,UNABLE TO DETERMINE,UNABLE TO DETERMINE,101,N,WACKER DR,122,,,,,,,2,NONINCAPACITATING INJURY,3,0,0,2,1,0,0,21,1,7,41.8832343478,-87.6366490619,POINT (-87.636649061859 41.883234347768)
594c825ed1d5b6092a9609446478d7c3b30956ea9fea339332b5fb49855120b22bfe773d281de2cb7f55bc3e03de95ad44b8d3273ac246e62a6b9c27bad30197,,07/13/2025 09:15:00 PM,30,NO CONTROLS,NO CONTROLS,CLEAR,"DARKNESS, LIGHTED ROAD",HEAD ON,DIVIDED - W/MEDIAN BARRIER,,STRAIGHT AND LEVEL,UNKNOWN,UNKNOWN,ON SCENE,INJURY AND / OR TOW DUE TO CRASH,,,,"OVER $1,500",07/13/2025 09:20:00 PM,UNABLE TO DETERMINE,NOT APPLICABLE,4654,W,NORTH AVE,2533,,,,,,,3,NONINCAPACITATING INJURY,3,0,0,3,0,2,0,21,1,7,41.9097624167,-87.7435226089,POINT (-87.743522608852 41.90976241666)
0bc3e4b90c5d5cb5f4d86b606505432d4c23e93253d1590a1ebdf2b4261f0e875abdfeebbd40decf3734418636d7b4782c366f6feb95ae517425794c24ac7795,,07/13/2025 09:06:00 PM,30,TRAFFIC SIGNAL,FUNCTIONING PROPERLY,CLEAR,DARKNESS,ANGLE,DIVIDED - W/MEDIAN BARRIER,,STRAIGHT AND LEVEL,DRY,NO DEFECTS,ON SCENE,INJURY AND / OR TOW DUE TO CRASH,,Y,,"OVER $1,500",07/13/2025 09:06:00 PM,FAILING TO YIELD RIGHT-OF-WAY,UNABLE TO DETERMINE,1931,W,86TH ST,614,,Y,,,,,2,NO INDICATION OF INJURY,0,0,0,0,0,2,0,21,1,7,41.737388206,-87.671563193,POINT (-87.671563192978 41.737388206044)
d71975ec6a6e0af03dcca1e8bdd932fa8e1e5700293cedffb8de9455d5f4e842444dea2375d60c1952dc8f09f37e3f6e73669989e24c76351b631d486f6c365a,,07/13/2025 08:57:00 PM,35,STOP SIGN/FLASHER,FUNCTIONING PROPERLY,CLEAR,"DARKNESS, LIGHTED ROAD",PEDESTRIAN,NOT DIVIDED,,STRAIGHT AND LEVEL,DRY,NO DEFECTS,ON SCENE,INJURY AND / OR TOW DUE TO CRASH,,,Y,$500 OR LESS,07/13/2025 08:57:00 PM,DISREGARDING STOP SIGN,FAILING TO REDUCE SPEED TO AVOID CRASH,11500,S,STEWART AVE,522,,,,,,,2,NONINCAPACITATING INJURY,1,0,0,1,0,1,0,20,1,7,41.6851103531,-87.6326247893,POINT (-87.632624789256 41.685110353116)
83a82ec0036f34c204e094be24d84ee1b4ec6edeb91de05c8b908bf22289613d25e578401739b21b8abde0572c33ef4caf8df8f63f4645618189332f1d767528,,07/13/2025 08:50:00 PM,30,NO CONTROLS,NO CONTROLS,CLEAR,DUSK,PEDALCYCLIST,DIVIDED - W/MEDIAN (NOT RAISED),,STRAIGHT AND LEVEL,DRY,NO DEFECTS,NOT ON SCENE (DESK REPORT),NO INJURY / DRIVE AWAY,,,Y,"OVER $1,500",07/13/2025 10:30:00 PM,UNABLE TO DETERMINE,NOT APPLICABLE,1804,W,LAWRENCE AVE,2032,,,,,,,2,NO INDICATION OF INJURY,0,0,0,0,0,2,0,20,1,7,41.968923564,-87.6748223594,POINT (-87.674822359376 41.968923564032)
99bfb30ccaf2f1ca1951c228e7270203d8f21b238386a7bb595be814dbb273b6accc360765d88373fe9d288559b842e7284662dfc27268c5633a6eb61738af3a,N,07/13/2025 08:45:00 PM,30,NO CONTROLS,NO CONTROLS,CLEAR,UNKNOWN,PARKED MOTOR VEHICLE,NOT DIVIDED,,STRAIGHT AND LEVEL,DRY,NO DEFECTS,ON SCENE,INJURY AND / OR TOW DUE TO CRASH,,,Y,"OVER $1,500",07/13/2025 08:45:00 PM,UNABLE TO DETERMINE,NOT APPLICABLE,4795,S,RIDGEWAY AVE,821,,,,,,,2,NO INDICATION OF INJURY,0,0,0,0,0,1,0,20,1,7,41.8063739338,-87.7170236498,POINT (-87.717023649766 41.806373933822)
e5dd86cd50c8eb2878cc6aadfa9448425ad2f88cb6c14480315ea580b1f6b5f86f8c3b024bdcede68e9dabd079d9d7138eec24b241f802aa2ef258bc83460c95,,07/13/2025 08:30:00 PM,30,NO CONTROLS,NO CONTROLS,CLEAR,"DARKNESS, LIGHTED ROAD",REAR END,NOT DIVIDED,,STRAIGHT AND LEVEL,DRY,UNKNOWN,NOT ON SCENE (DESK REPORT),NO INJURY / DRIVE AWAY,,,Y,"OVER $1,500",07/13/2025 09:40:00 PM,UNABLE TO DETERMINE,NOT APPLICABLE,1755,E,55TH ST,235,,,,,,,2,NO INDICATION OF INJURY,0,0,0,0,0,3,0,20,1,7,41.7951399522,-87.5818233328,POINT (-87.581823332808 41.795139952205)
9253249b22d7a682c83992b142298d8fd375b2ae49e83f5e83ce43e2ee8d86ebcba1ae93f6e5ea109493db93c07b1330030697ceff948c9830d166121688900a,,07/13/2025 08:27:00 PM,30,NO CONTROLS,UNKNOWN,UNKNOWN,UNKNOWN,TURNING,NOT DIVIDED,,STRAIGHT AND LEVEL,UNKNOWN,UNKNOWN,NOT ON SCENE (DESK REPORT),NO INJURY / DRIVE AWAY,,,,"OVER $1,500",07/13/2025 08:49:00 PM,FAILING TO YIELD RIGHT-OF-WAY,FAILING TO YIELD RIGHT-OF-WAY,5815,N,SHERIDAN RD,2022,,,,,,,2,NO INDICATION OF INJURY,0,0,0,0,0,2,0,20,1,7,41.9878283071,-87.6551707815,POINT (-87.655170781532 41.987828307086)
543c5e63b08877b032edfc45e6723ec4df3fb71b03ba862b28667e82b714914d7354837874d72e9e16ec9d5d2c657423af6fc59cb9908399edef4ed893bf317b,,07/13/2025 08:20:00 PM,30,NO CONTROLS,NO CONTROLS,CLEAR,DAWN,PARKED MOTOR VEHICLE,NOT DIVIDED,,STRAIGHT AND LEVEL,DRY,NO DEFECTS,ON SCENE,NO INJURY / DRIVE AWAY,,,Y,"OVER $1,500",07/13/2025 09:40:00 PM,NOT APPLICABLE,NOT APPLICABLE,3252,W,31ST ST,1032,,,,,,,2,NO INDICATION OF INJURY,0,0,0,0,0,1,0,20,1,7,41.8372991408,-87.7069288393,POINT (-87.706928839342 41.837299140755)
091f2c46d6fd3af67a9c67029b8ea80fb7bb81b09c4fb9c32ba12d8930784fe72bdcd6ad342ad86011081090f854d916c8a96f59b7839315aa95e292023c1170,,07/13/2025 08:15:00 PM,10,NO CONTROLS,NO CONTROLS,CLEAR,DARKNESS,REAR TO SIDE,PARKING LOT,,STRAIGHT AND LEVEL,DRY,NO DEFECTS,NOT ON SCENE (DESK REPORT),NO INJURY / DRIVE AWAY,,,,"OVER $1,500",07/15/2025 08:45:00 AM,"VISION OBSCURED (SIGNS, TREE LIMBS, BUILDINGS, ETC.)","VISION OBSCURED (SIGNS, TREE LIMBS, BUILDINGS, ETC.)",7140,S,HAMLIN AVE,833,,,,,,,2,NO INDICATION OF INJURY,0,0,0,0,0,2,0,20,1,7,41.7629412276,-87.7176024983,POINT (-87.717602498285 41.762941227551)
e3241c3ffc5e2d5b92a47281162fa721422311523a79e2192e2e9adf7735c0e798bbd6c971c96b2016bbfae2691b646fb57947ecb0d4e2db99a5ac5a9ab8b53a,,07/13/2025 08:15:00 PM,30,NO CONTROLS,NO CONTROLS,CLEAR,DUSK,REAR TO FRONT,ONE-WAY,,STRAIGHT AND LEVEL,DRY,UNKNOWN,NOT ON SCENE (DESK REPORT),NO INJURY / DRIVE AWAY,,,,$500 OR LESS,07/13/2025 09:00:00 PM,IMPROPER BACKING,IMPROPER BACKING,169,W,HURON ST,1832,,,,,,,2,NO INDICATION OF INJURY,0,0,0,0,0,2,0,20,1,7,41.8946844129,-87.6339882325,POINT (-87.63398823253 41.894684412862)
b9ca3476ca8df4eea65f704d0729ff19178f70d8779237eb0c925f338895642d726238a6dd6ac3040a1d08de3eb4623a3833961ebccab4a721ceaa37d9a4122a,,07/13/2025 08:00:00 PM,25,NO CONTROLS,NO CONTROLS,CLEAR,"DARKNESS, LIGHTED ROAD",PARKED MOTOR VEHICLE,ONE-WAY,,STRAIGHT AND LEVEL,DRY,NO DEFECTS,NOT ON SCENE (DESK REPORT),NO INJURY / DRIVE AWAY,,,Y,"OVER $1,500",07/14/2025 11:09:00 AM,UNABLE TO DETERMINE,NOT APPLICABLE,4500,S,LAKE PARK AVE,222,,,,,,,2,NO INDICATION OF INJURY,0,0,0,0,0,1,0,20,1,7,41.8131401539,-87.5962643349,POINT (-87.596264334908 41.813140153867)
f30271aca59b7b25bb03e3e53c6a6bf9ee23412848ef8fd95c7dcce4e58a23e0f009078a9ad9b38522fe42f4d2ad26cf6c80f2b5004f79c48c63e272eaa0cdb0,,07/13/2025 07:49:00 PM,30,TRAFFIC SIGNAL,FUNCTIONING PROPERLY,CLEAR,DAYLIGHT,ANGLE,FOUR WAY,,STRAIGHT AND LEVEL,DRY,UNKNOWN,ON SCENE,INJURY AND / OR TOW DUE TO CRASH,Y,,,"OVER $1,500",07/13/2025 07:52:00 PM,DISREGARDING TRAFFIC SIGNALS,NOT APPLICABLE,2800,W,47TH ST,922,,,,,,,2,NO INDICATION OF INJURY,0,0,0,0,0,3,0,19,1,7,41.8083895872,-87.6942693207,POINT (-87.694269320714 41.808389587198)
675da1271dce7256a1935c4df973deaf6d7135301fda44a22877cf0bb5abe07720545e1b47e60b46b483fe34e2ff3d46dfefb089f9eb2e811d55ae87d3981db9,,07/13/2025 07:48:00 PM,30,NO CONTROLS,UNKNOWN,CLEAR,DAYLIGHT,REAR TO FRONT,ALLEY,,STRAIGHT AND LEVEL,UNKNOWN,UNKNOWN,NOT ON SCENE (DESK REPORT),NO INJURY / DRIVE AWAY,,,,"OVER $1,500",07/13/2025 07:55:00 PM,UNABLE TO DETERMINE,UNABLE TO DETERMINE,5501,W,WASHINGTON BLVD,1522,,,,,,,2,NO INDICATION OF INJURY,0,0,0,0,0,2,0,19,1,7,41.8821556853,-87.7633390025,POINT (-87.763339002478 41.882155685348)
4b79b707459e6efa770ab5ba7816f9197948236df04597317f5b01fbc407c44dcecc2d36525c5bc848fd40d7b02171b9936d4a6d912746b420236957460c43ef,,07/13/2025 07:45:00 PM,30,NO CONTROLS,NO CONTROLS,CLEAR,DUSK,PARKED MOTOR VEHICLE,OTHER,,STRAIGHT AND LEVEL,DRY,NO DEFECTS,NOT ON SCENE (DESK REPORT),NO INJURY / DRIVE AWAY,,,Y,"OVER $1,500",07/13/2025 10:00:00 PM,NOT APPLICABLE,NOT APPLICABLE,8942,S,STONY ISLAND AVE,413,,,,,,,2,NO INDICATION OF INJURY,0,0,0,0,0,1,0,19,1,7,41.7319922539,-87.5856879961,POINT (-87.585687996108 41.731992253881)
b124d85f3cb9acb0f0a154fc3b1e8eb0ac3e290c92b36526c6cd43b48d9819a61a350ded328c332d3ca25d34084a94bfb0cb8d554cc38cc52592ea122d8f7872,,07/13/2025 07:42:00 PM,30,TRAFFIC SIGNAL,FUNCTIONING PROPERLY,CLEAR,DAYLIGHT,REAR TO FRONT,NOT DIVIDED,,STRAIGHT AND LEVEL,UNKNOWN,UNKNOWN,NOT ON SCENE (DESK REPORT),NO INJURY / DRIVE AWAY,,,,"OVER $1,500",07/14/2025 11:10:00 AM,IMPROPER BACKING,DRIVING SKILLS/KNOWLEDGE/EXPERIENCE,145,W,CHICAGO AVE,1832,,,,,,,2,NO INDICATION OF INJURY,0,0,0,0,0,4,0,19,1,7,41.8965006048,-87.6329611656,POINT (-87.63296116557 41.896500604824)
5ffd38cb40e9051e611ebdf33bafac471e936aa1146142a9a2e68ca0aa85640520555798c739596f5256a56b5d2f99f036cc05e40ff5a5617864210d96056c46,,07/13/2025 07:30:00 PM,45,NO CONTROLS,NO CONTROLS,CLEAR,DAYLIGHT,SIDESWIPE SAME DIRECTION,NOT DIVIDED,,STRAIGHT AND LEVEL,DRY,NO DEFECTS,NOT ON SCENE (DESK REPORT),NO INJURY / DRIVE AWAY,,,Y,"OVER $1,500",07/13/2025 08:00:00 PM,IMPROPER OVERTAKING/PASSING,NOT APPLICABLE,3401,N,LAKE SHORE DR NB,1925,,,,,,,2,NO INDICATION OF INJURY,0,0,0,0,0,2,0,19,1,7,41.9435112776,-87.63996434,POINT (-87.639964339956 41.943511277608)
845e5b5e2868d0638ee19fefa81fd5221760ea9e75c215fad589c0e4a478e0c55838c3d2b9312726c9498e95d3809df42b99453fa4f16ade4a561900b103493f,N,07/13/2025 07:30:00 PM,30,NO CONTROLS,NO CONTROLS,CLEAR,DAYLIGHT,PARKED MOTOR VEHICLE,ONE-WAY,,STRAIGHT AND LEVEL,DRY,NO DEFECTS,ON SCENE,NO INJURY / DRIVE AWAY,,,Y,"OVER $1,500",07/13/2025 07:31:00 PM,UNABLE TO DETERMINE,NOT APPLICABLE,3804,N,MOZART ST,1733,,,,,,,2,NO INDICATION OF INJURY,0,0,0,0,0,1,0,19,1,7,41.9505237956,-87.6995110889,POINT (-87.69951108891 41.950523795551)
d4450179059b60e8cbc0cc4914e230fe975053360d910f6b6ed674c5a155102a711f8987f2b686e4069d544424ff23aa83807cdefeae32912fe588524420a60e,,07/13/2025 07:30:00 PM,20,NO CONTROLS,NO CONTROLS,CLEAR,DAYLIGHT,PARKED MOTOR VEHICLE,PARKING LOT,,STRAIGHT AND LEVEL,DRY,NO DEFECTS,NOT ON SCENE (DESK REPORT),NO INJURY / DRIVE AWAY,,,Y,"OVER $1,500",07/13/2025 09:25:00 PM,IMPROPER OVERTAKING/PASSING,NOT APPLICABLE,4437,W,ARMITAGE AVE,2533,,,,,,,2,NO INDICATION OF INJURY,0,0,0,0,0,1,0,19,1,7,41.9169186985,-87.7378508038,POINT (-87.737850803845 41.916918698499)
f174e9d16390d6760486d5ea3356e9bd2d2af6a5c3cd14158614e4c1457f6c6891e86b082f20f28e80c1b8f62f13e79141ef60d39f0def66d20da9d835e4f5cc,,07/13/2025 07:30:00 PM,20,NO CONTROLS,NO CONTROLS,CLEAR,DAYLIGHT,PARKED MOTOR VEHICLE,ONE-WAY,,STRAIGHT AND LEVEL,DRY,NO DEFECTS,NOT ON SCENE (DESK REPORT),NO INJURY / DRIVE AWAY,,,,"OVER $1,500",07/14/2025 10:45:00 AM,NOT APPLICABLE,NOT APPLICABLE,1465,W,RASCHER AVE,2013,,,,,,,2,NO INDICATION OF INJURY,0,0,0,0,0,1,0,19,1,7,41.9806633959,-87.6673751872,POINT (-87.667375187211 41.980663395915)