CRASH_RECORD_ID,CRASH_DATE_EST_I,CRASH_DATE,POSTED_SPEED_LIMIT,TRAFFIC_CONTROL_DEVICE,DEVICE_CONDITION,WEATHER_CONDITION,LIGHTING_CONDITION,FIRST_CRASH_TYPE,TRAFFICWAY_TYPE,LANE_CNT,ALIGNMENT,ROADWAY_SURFACE_COND,ROAD_DEFECT,REPORT_TYPE,CRASH_TYPE,INTERSECTION_RELATED_I,NOT_RIGHT_OF_WAY_I,HIT_AND_RUN_I,DAMAGE,DATE_POLICE_NOTIFIED,PRIM_CONTRIBUTORY_CAUSE,SEC_CONTRIBUTORY_CAUSE,STREET_NO,STREET_DIRECTION,STREET_NAME,BEAT_OF_OCCURRENCE,PHOTOS_TAKEN_I,STATEMENTS_TAKEN_I,DOORING_I,WORK_ZONE_I,WORK_ZONE_TYPE,WORKERS_PRESENT_I,NUM_UNITS,MOST_SEVERE_INJURY,INJURIES_TOTAL,INJURIES_FATAL,INJURIES_INCAPACITATING,INJURIES_NON_INCAPACITATING,INJURIES_REPORTED_NOT_EVIDENT,INJURIES_NO_INDICATION,INJURIES_UNKNOWN,CRASH_HOUR,CRASH_DAY_OF_WEEK,CRASH_MONTH,LATITUDE,LONGITUDE,LOCATION
937c1b49332b5d34459a72998006691bb9697fd5c6154c5ebe5a37cf595541b28a18ca1eb664bcfa6ea182abe04924c558fb0f98ea55ed4536f2aae394178606,,07/13/2025 07:24:00 PM,30,TRAFFIC SIGNAL,FUNCTIONING PROPERLY,CLEAR,DAYLIGHT,TURNING,FOUR WAY,,STRAIGHT AND LEVEL,DRY,NO DEFECTS,ON SCENE,INJURY AND / OR TOW DUE TO CRASH,Y,,,"OVER $1,500",07/13/2025 07:27:00 PM,IMPROPER TURNING/NO SIGNAL,FAILING TO YIELD RIGHT-OF-WAY,300,E,JACKSON DR,114,,,,,,,2,"REPORTED, NOT EVIDENT",1,0,0,0,1,3,0,19,1,7,41.8784440505,-87.6205179576,POINT (-87.620517957578 41.878444050454)
3ed364c071a4b4fc5d9c6d592f2102816db2eae744ef02fd21e4e86740ce868341e1180f9238b82c41276989a2da2695cec6203f476022a700ba113c9bba1a11,,07/13/2025 07:00:00 PM,30,NO CONTROLS,NO CONTROLS,CLEAR,DUSK,REAR TO FRONT,NOT DIVIDED,,STRAIGHT AND LEVEL,DRY,NO DEFECTS,NOT ON SCENE (DESK REPORT),NO INJURY / DRIVE AWAY,,,,"$501 - $1,500",07/13/2025 09:30:00 PM,IMPROPER LANE USAGE,UNABLE TO DETERMINE,8942,S,STONY ISLAND AVE,413,,,,,,,2,NO INDICATION OF INJURY,0,0,0,0,0,2,0,19,1,7,41.7319922539,-87.5856879961,POINT (-87.585687996108 41.731992253881)
4082fc66339fac0c7ebb7b7329c5c84cba3fa56c7ae269d17b482222e1b4e4ebba338e0fd6c94925160345f913c7257af6d4ca46be49d1f9bf960362a81e9880,,07/13/2025 07:00:00 PM,30,TRAFFIC SIGNAL,FUNCTIONING PROPERLY,CLEAR,DAYLIGHT,REAR END,NOT DIVIDED,,STRAIGHT AND LEVEL,DRY,NO DEFECTS,NOT ON SCENE (DESK REPORT),NO INJURY / DRIVE AWAY,Y,,,"OVER $1,500",07/14/2025 06:27:00 PM,FOLLOWING TOO CLOSELY,NOT APPLICABLE,1414,W,MONTROSE AVE,1913,,,,,,,2,NO INDICATION OF INJURY,0,0,0,0,0,2,0,19,1,7,41.9617476253,-87.6656291759,POINT (-87.665629175879 41.961747625283)
beb78c7363fac0a3ea5e93db62615a60b599e474dd7cca0beb472fc5323653349f412b221c77e2ce8113d6d41515905fb1dc43be403ecdee0a4ff7c728226317,,07/13/2025 07:00:00 PM,30,NO CONTROLS,NO CONTROLS,CLEAR,"DARKNESS, LIGHTED ROAD",PARKED MOTOR VEHICLE,ONE-WAY,,STRAIGHT AND LEVEL,DRY,NO DEFECTS,NOT ON SCENE (DESK REPORT),NO INJURY / DRIVE AWAY,,,N,$500 OR LESS,07/18/2025 07:40:00 PM,UNABLE TO DETERMINE,UNABLE TO DETERMINE,7809,S,MARSHFIELD AVE,611,,,,,,,2,NO INDICATION OF INJURY,0,0,0,0,0,1,0,19,1,7,41.7518453185,-87.6645399086,POINT (-87.664539908552 41.75184531852)
c9125ac55b7d88c980c3e1736fe1f04b16e8c6d7ae1c4c37630ed5a15b1d3507af58e1f4ec4a068ddf5528169911c6a7762f03ca50e47333508c789af423aa7b,,07/13/2025 07:00:00 PM,30,TRAFFIC SIGNAL,FUNCTIONING PROPERLY,CLEAR,DAYLIGHT,REAR END,NOT DIVIDED,,STRAIGHT AND LEVEL,DRY,UNKNOWN,NOT ON SCENE (DESK REPORT),NO INJURY / DRIVE AWAY,,,,"OVER $1,500",07/14/2025 09:00:00 PM,UNABLE TO DETERMINE,UNABLE TO DETERMINE,2000,W,LAKE ST,1223,,,,,,,2,NO INDICATION OF INJURY,0,0,0,0,0,2,0,19,1,7,41.8850878852,-87.676868039,POINT (-87.676868038988 41.88508788525)
ffa763d8080c60d037fabfa6bee673998b6e8215d8419ab05dcf7500baa5eab318590894992009fb596a776d718af2f0943b403e39aa2e88a5cb0625787c2e42,,07/13/2025 07:00:00 PM,30,NO CONTROLS,NO CONTROLS,CLEAR,UNKNOWN,PARKED MOTOR VEHICLE,NOT DIVIDED,,STRAIGHT AND LEVEL,DRY,UNKNOWN,NOT ON SCENE (DESK REPORT),NO INJURY / DRIVE AWAY,,,Y,$500 OR LESS,07/14/2025 10:55:00 AM,UNABLE TO DETERMINE,NOT APPLICABLE,1510,W,86TH ST,614,,,,,,,2,NO INDICATION OF INJURY,0,0,0,0,0,1,0,19,1,7,41.7377497594,-87.6611657223,POINT (-87.661165722269 41.737749759402)
6063d56b20093e5d71324acba2fac02fbbaf4af421798148a1ea98cfed488db3f9424034dc3a91260132f67a76aa125844a0868cf03c51d9e379231584498bd6,,07/13/2025 06:58:00 PM,30,NO CONTROLS,NO CONTROLS,CLEAR,DAYLIGHT,PARKED MOTOR VEHICLE,NOT DIVIDED,,STRAIGHT AND LEVEL,DRY,UNKNOWN,NOT ON SCENE (DESK REPORT),INJURY AND / OR TOW DUE TO CRASH,,,,"OVER $1,500",07/13/2025 07:05:00 PM,UNABLE TO DETERMINE,NOT APPLICABLE,86,E,CEDAR ST,1824,,,,,,,2,NO INDICATION OF INJURY,0,0,0,0,0,1,0,18,1,7,41.9025367867,-87.6250665879,POINT (-87.625066587949 41.902536786676)
3fc6fe61bf4a626834b828ac562ccbc7bc9ed419ba9fabf7da930143b2a2810c1666ee1fb6c3a64b4e948b61dae98f96cdb4b18acfde00e45d1e6087b71b7558,,07/13/2025 06:50:00 PM,25,STOP SIGN/FLASHER,FUNCTIONING PROPERLY,CLEAR,DAYLIGHT,TURNING,TRAFFIC ROUTE,,STRAIGHT AND LEVEL,DRY,NO DEFECTS,NOT ON SCENE (DESK REPORT),NO INJURY / DRIVE AWAY,,,,"OVER $1,500",07/13/2025 07:45:00 PM,UNABLE TO DETERMINE,UNABLE TO DETERMINE,10800,S,AVENUE C,432,,,,,,,2,NO INDICATION OF INJURY,0,0,0,0,0,2,0,18,1,7,41.6989606416,-87.5271373944,POINT (-87.527137394448 41.698960641552)
06b3f8bfb1499c2ffe4b418d614883e5ace9edc2076b6610553bf42f9f647f4d20a80008465c0a5ef9bc89fa669ce4abb4ef382b5dc018e9fb0761de530aa5ad,,07/13/2025 06:40:00 PM,30,NO CONTROLS,NO CONTROLS,CLEAR,DAYLIGHT,REAR TO SIDE,OTHER,,STRAIGHT AND LEVEL,DRY,NO DEFECTS,ON SCENE,NO INJURY / DRIVE AWAY,,,,"$501 - $1,500",07/13/2025 08:16:00 PM,IMPROPER BACKING,IMPROPER BACKING,838,W,LAWRENCE AVE,2024,N,Y,,,,,2,NO INDICATION OF INJURY,0,0,0,0,0,2,0,18,1,7,41.9692397771,-87.6517122448,POINT (-87.651712244769 41.969239777109)
8b496159c6aa3294ac03208043f3ff6c9acf777dca2384b67e1d91180642e3c784b34e1fa2ef21bf4ddb6702ed8101ff30212eef683bc9741f7c941af5f5731d,,07/13/2025 06:34:00 PM,30,STOP SIGN/FLASHER,FUNCTIONING PROPERLY,CLEAR,DAYLIGHT,ANGLE,NOT DIVIDED,,STRAIGHT AND LEVEL,DRY,NO DEFECTS,ON SCENE,INJURY AND / OR TOW DUE TO CRASH,Y,,,"OVER $1,500",07/13/2025 06:34:00 PM,FAILING TO YIELD RIGHT-OF-WAY,DISTRACTION - FROM OUTSIDE VEHICLE,2427,W,GRANVILLE AVE,2413,,,,,,,2,"REPORTED, NOT EVIDENT",1,0,0,0,1,4,0,18,1,7,41.9939692986,-87.6909304425,POINT (-87.690930442543 41.993969298584)
30f6416ca5ccb9df5af4600f24d8dbe108137c3ef8eb3a4021041ffb0706c78175697c03207f17b9791e0d8c9c5150dbf7162dfb5c017df36b9b00aa78f88af6,,07/13/2025 06:33:00 PM,30,STOP SIGN/FLASHER,FUNCTIONING PROPERLY,CLEAR,DAWN,ANGLE,NOT DIVIDED,,STRAIGHT AND LEVEL,DRY,UNKNOWN,,INJURY AND / OR TOW DUE TO CRASH,Y,,Y,"OVER $1,500",07/13/2025 06:33:00 PM,UNABLE TO DETERMINE,UNABLE TO DETERMINE,7100,S,MICHIGAN AVE,323,,,,,,,2,INCAPACITATING INJURY,2,0,2,0,0,1,0,18,1,7,41.7654854118,-87.6218343511,POINT (-87.621834351116 41.765485411808)
81663201ae99c770476200fccea3479e794118d0115dc660f5ef06c92e67e91a2d191c9f36ef03ffd45a3c996717b7e16c81f8c5b39e58d6a87503a354d7a0cc,,07/13/2025 06:32:00 PM,20,NO CONTROLS,NO CONTROLS,CLEAR,DAYLIGHT,OTHER OBJECT,ONE-WAY,,STRAIGHT AND LEVEL,DRY,NO DEFECTS,ON SCENE,INJURY AND / OR TOW DUE TO CRASH,N,,,"$501 - $1,500",07/13/2025 06:36:00 PM,UNABLE TO DETERMINE,NOT APPLICABLE,3553,W,76TH PL,835,,,,,,,1,NO INDICATION OF INJURY,0,0,0,0,0,1,0,18,1,7,41.754108792,-87.7119180476,POINT (-87.711918047614 41.754108792045)
65326f30952f194ed27774b94791985568467ec3cbdc292e43471c6534704c7deb1196ca9039c6fdbda0ab91ceef9f3936ddd136604c338a9bb5208e7e556b53,,07/13/2025 06:30:00 PM,30,NO CONTROLS,NO CONTROLS,CLOUDY/OVERCAST,DAYLIGHT,PEDALCYCLIST,NOT DIVIDED,,STRAIGHT AND LEVEL,DRY,NO DEFECTS,ON SCENE,INJURY AND / OR TOW DUE TO CRASH,,,Y,$500 OR LESS,07/14/2025 12:47:00 PM,UNABLE TO DETERMINE,UNABLE TO DETERMINE,0,N,UNKNOWN AVE,6100,,,,,,,2,INCAPACITATING INJURY,1,0,1,0,0,1,0,18,1,7,,,
c112eb6bcabf9904845ccb2c4172c21ff6199bc648bb5c50f227921ac94bff2b7fd79b4ea73d5aebcbaf9c284e76dd8dc96132335357a88c8381c4b9fb74a39f,,07/13/2025 06:27:00 PM,30,STOP SIGN/FLASHER,FUNCTIONING PROPERLY,CLEAR,DAYLIGHT,ANGLE,FOUR WAY,,STRAIGHT AND LEVEL,DRY,NO DEFECTS,NOT ON SCENE (DESK REPORT),INJURY AND / OR TOW DUE TO CRASH,Y,,Y,"OVER $1,500",07/13/2025 06:33:00 PM,DISREGARDING STOP SIGN,IMPROPER OVERTAKING/PASSING,7800,S,DR MARTIN LUTHER KING JR DR,623,,,,,,,5,INCAPACITATING INJURY,1,0,1,0,0,1,0,18,1,7,41.7528464469,-87.6151418072,POINT (-87.615141807179 41.752846446926)
7c07099e30f0a19f4e3c3c5dba581a32f0ef3f9d77fd9cdd484fc3d2dfecf557bc5f735b1961608a1fb8ea632877551e6c84a1e3c0906fc0f28e86634adbc6af,,07/13/2025 06:23:00 PM,25,NO CONTROLS,NO CONTROLS,CLEAR,DAYLIGHT,PARKED MOTOR VEHICLE,NOT DIVIDED,,STRAIGHT AND LEVEL,DRY,UNKNOWN,ON SCENE,INJURY AND / OR TOW DUE TO CRASH,,,,"OVER $1,500",07/13/2025 06:23:00 PM,UNABLE TO DETERMINE,NOT APPLICABLE,4266,S,BERKELEY AVE,214,Y,,,,,,4,NO INDICATION OF INJURY,0,0,0,0,0,1,0,18,1,7,41.8169404335,-87.6007769653,POINT (-87.600776965261 41.816940433458)
ca6b22436046876eda2c3060cd48c8a7c63958eb182bf27814bfd6c362fe25477eea59cc8412d455f42ae6d45ba6b099a91c172555f3adef9b47de1539f2ac99,,07/13/2025 06:20:00 PM,30,NO CONTROLS,NO CONTROLS,CLEAR,DAYLIGHT,TURNING,NOT DIVIDED,,STRAIGHT AND LEVEL,DRY,NO DEFECTS,ON SCENE,NO INJURY / DRIVE AWAY,,,,"OVER $1,500",07/13/2025 06:21:00 PM,FOLLOWING TOO CLOSELY,FAILING TO REDUCE SPEED TO AVOID CRASH,1110,W,103RD ST,2232,,,,,,,2,NO INDICATION OF INJURY,0,0,0,0,0,3,0,18,1,7,41.7069576278,-87.6506451788,POINT (-87.650645178805 41.706957627756)
f79e8e3b5ee3ab9685586dbe744b5be1e66dc49749d3dcb32f2f710313c25747949c238358503c3ce979d41aea1332a22054ae6621e96c2acb6dd368cdab0c86,,07/13/2025 06:20:00 PM,30,TRAFFIC SIGNAL,FUNCTIONING PROPERLY,CLEAR,DAYLIGHT,REAR END,NOT DIVIDED,,STRAIGHT AND LEVEL,DRY,NO DEFECTS,ON SCENE,NO INJURY / DRIVE AWAY,,,Y,$500 OR LESS,07/13/2025 06:22:00 PM,FAILING TO REDUCE SPEED TO AVOID CRASH,DISTRACTION - FROM INSIDE VEHICLE,3555,N,OAK PARK AVE,1632,Y,,,,,,2,NO INDICATION OF INJURY,0,0,0,0,0,2,0,18,1,7,41.9452768767,-87.7958309382,POINT (-87.795830938238 41.945276876679)
12dc622065a948e1b826642cb38af209bb5209c8515ea222ba999899fb04ee6c7a94513e99ad286e4f423e7dc22ac75d4847ed1b41332cd98c916cb8da0295a5,,07/13/2025 06:18:00 PM,30,TRAFFIC SIGNAL,FUNCTIONING PROPERLY,CLEAR,DAYLIGHT,REAR END,NOT DIVIDED,,STRAIGHT AND LEVEL,DRY,NO DEFECTS,NOT ON SCENE (DESK REPORT),NO INJURY / DRIVE AWAY,Y,,Y,"$501 - $1,500",07/13/2025 07:00:00 PM,UNABLE TO DETERMINE,UNABLE TO DETERMINE,300,S,DAMEN AVE,1225,,,,,,,2,NO INDICATION OF INJURY,0,0,0,0,0,3,0,18,1,7,41.8774128376,-87.6766908959,POINT (-87.676690895903 41.877412837573)
90c160242993a17a403d36333b3f657741bb5d8ef99a071677d46ed066cc233055421aeadf815448667b24fd19a32c781c74f9892810313b24d4fe7d7df7a297,,07/13/2025 06:15:00 PM,20,NO CONTROLS,NO CONTROLS,CLEAR,DAYLIGHT,PARKED MOTOR VEHICLE,PARKING LOT,,STRAIGHT AND LEVEL,DRY,NO DEFECTS,NOT ON SCENE (DESK REPORT),NO INJURY / DRIVE AWAY,,,,"OVER $1,500",07/13/2025 10:00:00 PM,UNABLE TO DETERMINE,NOT APPLICABLE,111,N,FRANKLIN ST,122,,,,,,,2,NO INDICATION OF INJURY,0,0,0,0,0,1,0,18,1,7,41.8835099709,-87.6352044148,POINT (-87.635204414786 41.883509970876)
a427c7f134289f1fe64a2735d768286dc8e0adc5e9e4dcc9aa8ea52d53b85b3e9fc3afa8177b4a08bbe9cb011034f6c94c271c8ae902f00ca4ef3738dd323f08,,07/13/2025 06:10:00 PM,30,NO CONTROLS,NO CONTROLS,CLEAR,DAYLIGHT,TURNING,NOT DIVIDED,,STRAIGHT AND LEVEL,DRY,NO DEFECTS,NOT ON SCENE (DESK REPORT),NO INJURY / DRIVE AWAY,,,,"$501 - $1,500",07/13/2025 07:57:00 PM,IMPROPER BACKING,NOT APPLICABLE,350,N,CANAL ST,1214,,,,,,,2,NO INDICATION OF INJURY,0,0,0,0,0,2,0,18,1,7,41.8882580946,-87.6401122491,POINT (-87.640112249084 41.888258094627)
5f4e58515a41e39fd13b7a7379701cad656d1fcf84da79a390f5b27a342cf2792397da006094d1390891f3e3c6286f91f2958b6c6589a9ca22dc5c9882288033,,07/13/2025 06:01:00 PM,30,TRAFFIC SIGNAL,FUNCTIONING PROPERLY,CLEAR,DAYLIGHT,ANGLE,FOUR WAY,,STRAIGHT AND LEVEL,DRY,NO DEFECTS,ON SCENE,INJURY AND / OR TOW DUE TO CRASH,Y,,,"OVER $1,500",07/13/2025 06:01:00 PM,FAILING TO YIELD RIGHT-OF-WAY,NOT APPLICABLE,6600,S,CORNELL DR,331,,,,,,,2,NO INDICATION OF INJURY,0,0,0,0,0,4,0,18,1,7,41.7751579091,-87.5850447094,POINT (-87.58504470943 41.77515790913)
3807551aab5ef0f7fe5d46b843cf2e5cca8c1e8dd4cb51bda2980ddfd21372e51fba0472d7e498f42ebaa61ab0a5e94b5a8a9a91d3498b8ee9c1cab9ad902fe8,,07/13/2025 06:00:00 PM,30,TRAFFIC SIGNAL,FUNCTIONING PROPERLY,UNKNOWN,UNKNOWN,REAR END,NOT DIVIDED,,STRAIGHT AND LEVEL,UNKNOWN,UNKNOWN,NOT ON SCENE (DESK REPORT),NO INJURY / DRIVE AWAY,,,,"OVER $1,500",07/16/2025 03:00:00 PM,UNABLE TO DETERMINE,NOT APPLICABLE,7400,N,WESTERN AVE,2411,,,,,,,2,NO INDICATION OF INJURY,0,0,0,0,0,2,0,18,1,7,42.0158594918,-87.6900674812,POINT (-87.690067481222 42.015859491773)
5e54823d911f7579e2ce765d361b84c03a694788083d653961c031087c2e48840af90c6fdf1d8477bfd069dd349e76090624d5f41fcf2e931e41ce58db138b3c,Y,07/13/2025 05:55:00 PM,30,TRAFFIC SIGNAL,FUNCTIONING PROPERLY,CLEAR,DUSK,SIDESWIPE SAME DIRECTION,NOT DIVIDED,,STRAIGHT AND LEVEL,DRY,UNKNOWN,NOT ON SCENE (DESK REPORT),NO INJURY / DRIVE AWAY,,,Y,"OVER $1,500",07/13/2025 07:30:00 PM,UNABLE TO DETERMINE,NOT APPLICABLE,3152,W,LOGAN BLVD,1411,,,,,,,2,NO INDICATION OF INJURY,0,0,0,0,0,2,0,17,1,7,41.9288609932,-87.7068610205,POINT (-87.70686102048 41.928860993205)
c61155679fc58f3adce5ec6bd489a23a8648d9925b011f7e6ec5a175ce6830c5ff1b23c0394b6907f95b8810c4be58fe35cbfc3f5a944a5fb321af2ffa4d0a1b,,07/13/2025 05:55:00 PM,30,NO CONTROLS,NO CONTROLS,CLEAR,DAYLIGHT,SIDESWIPE SAME DIRECTION,ONE-WAY,,STRAIGHT AND LEVEL,DRY,UNKNOWN,NOT ON SCENE (DESK REPORT),NO INJURY / DRIVE AWAY,,,,"OVER $1,500",07/13/2025 08:05:00 PM,IMPROPER OVERTAKING/PASSING,FAILING TO YIELD RIGHT-OF-WAY,317,N,CLARK ST,1831,,,,,,,2,NO INDICATION OF INJURY,0,0,0,0,0,2,0,17,1,7,41.8879693353,-87.6308863378,POINT (-87.630886337829 41.887969335307)
8f77b71a96fcd0234562052d6baea637054c91db9aa3d7d629bf363c382e83060f1500187ec384d8bdaac56768d1e8899916dc88334b43aea58815d1e645f22f,,07/13/2025 05:54:00 PM,30,NO CONTROLS,NO CONTROLS,CLEAR,DAYLIGHT,TURNING,DIVIDED - W/MEDIAN (NOT RAISED),,STRAIGHT AND LEVEL,DRY,NO DEFECTS,NOT ON SCENE (DESK REPORT),NO INJURY / DRIVE AWAY,,,,"OVER $1,500",07/14/2025 04:45:00 PM,EQUIPMENT - VEHICLE CONDITION,NOT APPLICABLE,2501,S,DAMEN AVE,1034,,,,,,,2,NO INDICATION OF INJURY,0,0,0,0,0,6,0,17,1,7,41.8466113731,-87.6755464443,POINT (-87.675546444301 41.84661137311)
64325731ba713455b45f7877e07ae689fd7f2917527b8606e872d1c07434d8bfa3edc5550df79fe24155ba99bde6065ba0559e988aa02a502fbebc11fde871d9,,07/13/2025 05:50:00 PM,25,UNKNOWN,UNKNOWN,CLEAR,DAYLIGHT,PEDALCYCLIST,NOT DIVIDED,,STRAIGHT AND LEVEL,DRY,NO DEFECTS,ON SCENE,INJURY AND / OR TOW DUE TO CRASH,,,Y,"OVER $1,500",07/13/2025 05:52:00 PM,UNABLE TO DETERMINE,NOT APPLICABLE,3421,W,NORTH AVE,1422,,,,,,,3,NONINCAPACITATING INJURY,1,0,0,1,0,1,0,17,1,7,41.9099328578,-87.7127504911,POINT (-87.712750491108 41.909932857773)
c4eafe2097927c1555bac80389613cdda7604dd1edca3d7d84a1d0462ef150f2a303979f1f3574db03e0e4abe731050dd36b083c18fb9eab5494f9c86652f5f2,Y,07/13/2025 05:41:00 PM,30,TRAFFIC SIGNAL,FUNCTIONING PROPERLY,CLEAR,DAYLIGHT,TURNING,FOUR WAY,,STRAIGHT AND LEVEL,DRY,NO DEFECTS,ON SCENE,NO INJURY / DRIVE AWAY,Y,,,"$501 - $1,500",07/13/2025 05:43:00 PM,IMPROPER TURNING/NO SIGNAL,FAILING TO YIELD RIGHT-OF-WAY,646,N,CLARK ST,1832,,,,,,,2,NO INDICATION OF INJURY,0,0,0,0,0,3,0,17,1,7,41.8938447706,-87.6313293125,POINT (-87.63132931248 41.893844770586)
11fcbafebf65d09ded123b425d0377750584bd957fb89ff09c5b8125327d73bdd7bdfa5d28e34c5cea9fd51eee263a441ae43d094b3e19334e9271e426bf3f0b,,07/13/2025 05:40:00 PM,25,NO CONTROLS,NO CONTROLS,CLEAR,DAYLIGHT,REAR TO SIDE,PARKING LOT,,STRAIGHT AND LEVEL,DRY,NO DEFECTS,NOT ON SCENE (DESK REPORT),NO INJURY / DRIVE AWAY,,,,$500 OR LESS,07/13/2025 06:15:00 PM,IMPROPER BACKING,NOT APPLICABLE,2157,S,JEFFERSON ST,1235,,,,,,,2,NO INDICATION OF INJURY,0,0,0,0,0,2,0,17,1,7,41.8528414763,-87.6415616091,POINT (-87.6415616091 41.852841476308)
5b56d4241006fa818eed26d0efeb4180ec92c76ca5285b7c66be41470ef924f2e01ce8322e338a9875d89c81e857f5fcaf000052a5774c2f6f44d70630298905,,07/13/2025 05:37:00 PM,30,TRAFFIC SIGNAL,FUNCTIONING PROPERLY,CLEAR,DAYLIGHT,REAR END,DIVIDED - W/MEDIAN BARRIER,,STRAIGHT AND LEVEL,UNKNOWN,UNKNOWN,NOT ON SCENE (DESK REPORT),NO INJURY / DRIVE AWAY,,,,"OVER $1,500",07/13/2025 06:18:00 PM,UNABLE TO DETERMINE,UNABLE TO DETERMINE,6071,N,LINCOLN AVE,1711,,,,,,,2,NO INDICATION OF INJURY,0,0,0,0,0,3,0,17,1,7,41.9922347921,-87.7101534149,POINT (-87.71015341487 41.992234792076)
0ff00e1d778008db375533b2c071fb2198340c357a7e85644c160508aae1f13e3e67ce997f9297e82c55f70714b27067df65446bc71d8aa10440b188c096ce5d,,07/13/2025 05:30:00 PM,30,NO CONTROLS,NO CONTROLS,CLEAR,DAYLIGHT,TURNING,DIVIDED - W/MEDIAN (NOT RAISED),,STRAIGHT AND LEVEL,DRY,UNKNOWN,ON SCENE,NO INJURY / DRIVE AWAY,,,Y,"OVER $1,500",07/13/2025 06:04:00 PM,IMPROPER OVERTAKING/PASSING,NOT APPLICABLE,2348,W,MARQUETTE RD,832,,,,,,,2,NO INDICATION OF INJURY,0,0,0,0,0,9,0,17,1,7,41.7720940071,-87.6829121536,POINT (-87.68291215363 41.772094007087)
8900a1df4ad158ac57ab21d244b5715da3b8bfd8725f576f5346345de2706c003a9f58872c19cccc8d0ffe687caf450d7fb0c51febf5e86e2d7a8fadf784c694,,07/13/2025 05:25:00 PM,30,TRAFFIC SIGNAL,FUNCTIONING PROPERLY,CLEAR,DAYLIGHT,ANGLE,FOUR WAY,,STRAIGHT AND LEVEL,DRY,NO DEFECTS,ON SCENE,NO INJURY / DRIVE AWAY,,,,"$501 - $1,500",07/13/2025 05:26:00 PM,NOT APPLICABLE,NOT APPLICABLE,5100,S,STATE ST,225,,,,,,,2,NO INDICATION OF INJURY,0,0,0,0,0,2,0,17,1,7,41.8018902979,-87.6260352641,POINT (-87.626035264137 41.801890297885)
c2fc004c9d7a5c3b4badbf2691200b42c0ae2e9e6003b7fed29247acb732e1d68af4cb6e11614080013f919134eb0cd031f2b504cb2ff5db616bbce19d811cf0,,07/13/2025 05:20:00 PM,30,TRAFFIC SIGNAL,FUNCTIONING PROPERLY,CLOUDY/OVERCAST,DAYLIGHT,TURNING,FOUR WAY,,STRAIGHT AND LEVEL,DRY,NO DEFECTS,ON SCENE,INJURY AND / OR TOW DUE TO CRASH,Y,,,"OVER $1,500",07/13/2025 05:25:00 PM,IMPROPER TURNING/NO SIGNAL,NOT APPLICABLE,7080,S,DAMEN AVE,735,,,,,,,2,NONINCAPACITATING INJURY,2,0,0,2,0,2,0,17,1,7,41.7648500525,-87.6736817445,POINT (-87.673681744455 41.76485005255)
cd598ea8a81cb9f2e8712a14e5aa26fcfc977d5b062d8c5ca1bae4a3ba37e92e3765914f055ebbda0c244ecc422a109bc2feeff4110c0ca18d730fa5204d13f8,,07/13/2025 05:20:00 PM,15,NO CONTROLS,NO CONTROLS,CLEAR,DAYLIGHT,PARKED MOTOR VEHICLE,PARKING LOT,,STRAIGHT AND LEVEL,DRY,NO DEFECTS,NOT ON SCENE (DESK REPORT),NO INJURY / DRIVE AWAY,,Y,,"OVER $1,500",07/13/2025 08:15:00 PM,FAILING TO YIELD RIGHT-OF-WAY,FOLLOWING TOO CLOSELY,117,N,DAMEN AVE,1223,,,,,,,2,NO INDICATION OF INJURY,0,0,0,0,0,1,0,17,1,7,41.8836687488,-87.6765579873,POINT (-87.676557987312 41.883668748832)
ec4aaa92dd2d0f8a9d0bbfed41b0f257a8952732ba6a957a882a57d21a45de94077fc8e37cf71fe084d9edc395fec53242e468329564df5b4e24d98b3c8242a6,,07/13/2025 05:15:00 PM,30,STOP SIGN/FLASHER,FUNCTIONING PROPERLY,CLEAR,DAYLIGHT,TURNING,T-INTERSECTION,,STRAIGHT AND LEVEL,DRY,UNKNOWN,NOT ON SCENE (DESK REPORT),INJURY AND / OR TOW DUE TO CRASH,Y,,N,"OVER $1,500",07/13/2025 05:18:00 PM,DISTRACTION - FROM OUTSIDE VEHICLE,FAILING TO REDUCE SPEED TO AVOID CRASH,3493,N,ELSTON AVE,1733,Y,Y,,,,,2,"REPORTED, NOT EVIDENT",1,0,0,0,1,1,0,17,1,7,41.9448036326,-87.7059661769,POINT (-87.705966176939 41.944803632621)
2713b9f258b326bdfef4d53c241d43d27936e49d22e42556e99d8984d9bd1b8513b9a08ad7db2998ada0b06985a1601652fe931309fb16ae0a4ee950dadd3425,,07/13/2025 05:12:00 PM,40,NO CONTROLS,NO CONTROLS,CLEAR,DAYLIGHT,PEDESTRIAN,DIVIDED - W/MEDIAN BARRIER,,STRAIGHT AND LEVEL,DRY,NO DEFECTS,ON SCENE,INJURY AND / OR TOW DUE TO CRASH,,,,"OVER $1,500",07/13/2025 05:14:00 PM,UNDER THE INFLUENCE OF ALCOHOL/DRUGS (USE WHEN ARREST IS EFFECTED),FAILING TO REDUCE SPEED TO AVOID CRASH,100,S,LAKE SHORE DR SB,114,,,,,,,3,NONINCAPACITATING INJURY,1,0,0,1,0,2,0,17,1,7,41.8808560477,-87.6176358918,POINT (-87.617635891755 41.880856047671)