CRASH_RECORD_ID,CRASH_DATE_EST_I,CRASH_DATE,POSTED_SPEED_LIMIT,TRAFFIC_CONTROL_DEVICE,DEVICE_CONDITION,WEATHER_CONDITION,LIGHTING_CONDITION,FIRST_CRASH_TYPE,TRAFFICWAY_TYPE,LANE_CNT,ALIGNMENT,ROADWAY_SURFACE_COND,ROAD_DEFECT,REPORT_TYPE,CRASH_TYPE,INTERSECTION_RELATED_I,NOT_RIGHT_OF_WAY_I,HIT_AND_RUN_I,DAMAGE,DATE_POLICE_NOTIFIED,PRIM_CONTRIBUTORY_CAUSE,SEC_CONTRIBUTORY_CAUSE,STREET_NO,STREET_DIRECTION,STREET_NAME,BEAT_OF_OCCURRENCE,PHOTOS_TAKEN_I,STATEMENTS_TAKEN_I,DOORING_I,WORK_ZONE_I,WORK_ZONE_TYPE,WORKERS_PRESENT_I,NUM_UNITS,MOST_SEVERE_INJURY,INJURIES_TOTAL,INJURIES_FATAL,INJURIES_INCAPACITATING,INJURIES_NON_INCAPACITATING,INJURIES_REPORTED_NOT_EVIDENT,INJURIES_NO_INDICATION,INJURIES_UNKNOWN,CRASH_HOUR,CRASH_DAY_OF_WEEK,CRASH_MONTH,LATITUDE,LONGITUDE,LOCATION
1b6a358a662f705445c60d9f8a7660b93f5ea23fd5bd161d7acea3a8f3b68d7661d134321b0e8133528f97d83dcc1fd9639f92843581398e318b952b6183dc22,,07/13/2025 05:11:00 PM,30,NO CONTROLS,NO CONTROLS,CLEAR,DAYLIGHT,REAR END,NOT DIVIDED,,STRAIGHT AND LEVEL,DRY,NO DEFECTS,,NO INJURY / DRIVE AWAY,,,,"OVER $1,500",07/13/2025 05:13:00 PM,FOLLOWING TOO CLOSELY,NOT APPLICABLE,4134,W,31ST ST,1031,,,,,,,2,NO INDICATION OF INJURY,0,0,0,0,0,3,0,17,1,7,41.8369472381,-87.7281423632,POINT (-87.728142363238 41.836947238068)
0b6dd398ffcc318b015e4aaffd87e1a4bb6475b8aeed7d08e3a4d41e1eeb809171ed89b41e1c8d526b007ce8e437ec1ad7e63c177bc42638a3be0c22d59470d3,,07/13/2025 05:10:00 PM,10,NO CONTROLS,NO CONTROLS,CLEAR,DAYLIGHT,REAR TO SIDE,PARKING LOT,,STRAIGHT AND LEVEL,DRY,NO DEFECTS,NOT ON SCENE (DESK REPORT),NO INJURY / DRIVE AWAY,,Y,,"OVER $1,500",07/13/2025 05:45:00 PM,UNABLE TO DETERMINE,UNABLE TO DETERMINE,1711,W,CERMAK RD,1034,,,,,,,2,NO INDICATION OF INJURY,0,0,0,0,0,2,0,17,1,7,41.8521678636,-87.6689750407,POINT (-87.668975040664 41.852167863628)
f9d1d3fd5d741b1431171b036b3f669018f46c878d3a2e2b35472f01e428233c62a78c3d4cc8b06c89445e635786944a9c9d1823635258454b900f15677e190d,,07/13/2025 05:10:00 PM,30,UNKNOWN,UNKNOWN,UNKNOWN,UNKNOWN,PARKED MOTOR VEHICLE,T-INTERSECTION,,STRAIGHT AND LEVEL,UNKNOWN,UNKNOWN,NOT ON SCENE (DESK REPORT),NO INJURY / DRIVE AWAY,Y,,,"OVER $1,500",07/13/2025 06:00:00 PM,UNABLE TO DETERMINE,UNABLE TO DETERMINE,944,W,BARRY AVE,1933,,,,,,,2,NO INDICATION OF INJURY,0,0,0,0,0,4,0,17,1,7,41.9382096533,-87.6534449534,POINT (-87.653444953443 41.938209653337)
16281c27cae9b38ef920d4ccf7465d0626c888e78fc0514fc494d67d580a5b76d598bbbdf311e754e7b389f4ab78ea577acf1535260ff7110ec5d0bffb84c2e4,,07/13/2025 05:09:00 PM,30,TRAFFIC SIGNAL,FUNCTIONING PROPERLY,CLEAR,DAYLIGHT,ANGLE,NOT DIVIDED,,STRAIGHT AND LEVEL,DRY,NO DEFECTS,ON SCENE,INJURY AND / OR TOW DUE TO CRASH,,,Y,"OVER $1,500",07/13/2025 05:09:00 PM,DISREGARDING TRAFFIC SIGNALS,NOT APPLICABLE,1400,W,69TH ST,725,,,,,,,2,NO INDICATION OF INJURY,0,0,0,0,0,3,0,17,1,7,41.768731045,-87.6591294887,POINT (-87.659129488724 41.768731045045)
88fc1b5957637eb27337058ce1e8f37695acce03597d2a4cf291435854ecab12b39b448b3fd88eaaadcd2f387c0019bcb559bd8a017f815885e60db31005e066,,07/13/2025 05:08:00 PM,25,TRAFFIC SIGNAL,FUNCTIONING PROPERLY,CLEAR,DAYLIGHT,TURNING,TRAFFIC ROUTE,,STRAIGHT AND LEVEL,DRY,NO DEFECTS,NOT ON SCENE (DESK REPORT),NO INJURY / DRIVE AWAY,,,Y,"OVER $1,500",07/13/2025 05:30:00 PM,IMPROPER TURNING/NO SIGNAL,IMPROPER TURNING/NO SIGNAL,10000,S,AVENUE L,432,,,,,,,2,NO INDICATION OF INJURY,0,0,0,0,0,3,0,17,1,7,41.713787169,-87.5366332099,POINT (-87.536633209883 41.713787169)
24812f5149891401f961cda31a1660918de307517c35ac139e2b6b0282b6392773d1e712aaee6cbedd23ca81263cfaa74ea9e008bf19addf92c3cf6228533fd8,,07/13/2025 05:00:00 PM,30,NO CONTROLS,NO CONTROLS,CLEAR,DAYLIGHT,PARKED MOTOR VEHICLE,PARKING LOT,,STRAIGHT AND LEVEL,DRY,NO DEFECTS,NOT ON SCENE (DESK REPORT),NO INJURY / DRIVE AWAY,N,,Y,"OVER $1,500",07/14/2025 08:40:00 AM,UNABLE TO DETERMINE,NOT APPLICABLE,2400,N,CANNON DR,1935,,,,,,,2,NO INDICATION OF INJURY,0,0,0,0,0,1,0,17,1,7,41.9258069317,-87.6338196492,POINT (-87.633819649202 41.925806931737)
8d29c72851dc0811357844730df3b1eb181387d97ada85fd117d95cc4c4edd07b4c074065e098a7f0201021b2afe78be996de6289b43744bd55b292970ecacfc,,07/13/2025 05:00:00 PM,10,NO CONTROLS,NO CONTROLS,CLEAR,DAYLIGHT,PARKED MOTOR VEHICLE,PARKING LOT,,STRAIGHT AND LEVEL,DRY,NO DEFECTS,NOT ON SCENE (DESK REPORT),NO INJURY / DRIVE AWAY,,,Y,"$501 - $1,500",07/15/2025 06:00:00 PM,UNABLE TO DETERMINE,UNABLE TO DETERMINE,5370,S,CICERO AVE,814,,,,,,,2,NO INDICATION OF INJURY,0,0,0,0,0,1,0,17,1,7,41.794681544,-87.7429210854,POINT (-87.74292108541 41.794681544025)
acb438f67381221f9a7be0360389fdb2043c86a558b88f542a34330e4d5691a687c90709d785a52de9f2007fd8298502e74934a0870bea85cbc4b338bc8ec683,Y,07/13/2025 05:00:00 PM,30,NO CONTROLS,NO CONTROLS,CLEAR,"DARKNESS, LIGHTED ROAD",PARKED MOTOR VEHICLE,ONE-WAY,,STRAIGHT AND LEVEL,DRY,NO DEFECTS,NOT ON SCENE (DESK REPORT),NO INJURY / DRIVE AWAY,,,Y,"OVER $1,500",07/14/2025 08:45:00 AM,UNABLE TO DETERMINE,NOT APPLICABLE,4615,N,AVERS AVE,1723,,,,,,,2,NO INDICATION OF INJURY,0,0,0,0,0,1,0,17,1,7,41.9651115722,-87.724125506,POINT (-87.724125505976 41.965111572218)
d4a01f3e50d269ef7700578d97f15e17878d993354ff1a4860d96369e941d32dacd84b889d5e1afefc5a6f87fc5cf32577832265054a7a2c27880612960b9177,,07/13/2025 05:00:00 PM,25,TRAFFIC SIGNAL,FUNCTIONING PROPERLY,CLEAR,DAYLIGHT,SIDESWIPE SAME DIRECTION,"FIVE POINT, OR MORE",,STRAIGHT AND LEVEL,DRY,UNKNOWN,NOT ON SCENE (DESK REPORT),NO INJURY / DRIVE AWAY,Y,,Y,"OVER $1,500",07/13/2025 05:50:00 PM,UNABLE TO DETERMINE,UNABLE TO DETERMINE,3600,E,100TH ST,432,,,,,,,2,NO INDICATION OF INJURY,0,0,0,0,0,2,0,17,1,7,41.7139932177,-87.5364780209,POINT (-87.53647802094 41.713993217686)
17b533c520740ca54396b2f7bb982499f6c6564ebece3b21749d38ad5cb3eb9335bfaa72b9a0bab06a14fa64a53f8af8a9ee27222dd55b741ff62b44b7df629d,,07/13/2025 04:58:00 PM,30,TRAFFIC SIGNAL,FUNCTIONING PROPERLY,CLEAR,DAYLIGHT,ANGLE,NOT DIVIDED,,STRAIGHT AND LEVEL,DRY,NO DEFECTS,ON SCENE,NO INJURY / DRIVE AWAY,Y,,Y,"OVER $1,500",07/13/2025 05:35:00 PM,FAILING TO REDUCE SPEED TO AVOID CRASH,NOT APPLICABLE,6321,N,CALDWELL AVE,1621,,,,,,,2,NO INDICATION OF INJURY,0,0,0,0,0,2,0,16,1,7,41.996214506,-87.7640993024,POINT (-87.764099302403 41.996214505963)
2088425f69ee25ec2d0e228342848838791d77118b4aed14efa5c119df964d6c15f525349a6b3fe2b086126e7e144ec6e90172dcbc6d88354b9fa26483f57041,,07/13/2025 04:50:00 PM,30,UNKNOWN,UNKNOWN,UNKNOWN,UNKNOWN,ANGLE,NOT DIVIDED,,STRAIGHT AND LEVEL,UNKNOWN,UNKNOWN,NOT ON SCENE (DESK REPORT),NO INJURY / DRIVE AWAY,,,,"OVER $1,500",07/14/2025 04:50:00 PM,UNABLE TO DETERMINE,UNABLE TO DETERMINE,1452,W,FULLERTON AVE,1932,,,,,,,2,NO INDICATION OF INJURY,0,0,0,0,0,2,0,16,1,7,41.9252973497,-87.6654424594,POINT (-87.665442459413 41.925297349746)
b3466408febf196cec799396f3b289c9579882b07269b74dfb20d3d24623572e6b21dfb48dc946b15dc99c711c2a7e363277c16b4aab1f43f8e2d3185bf4eec0,,07/13/2025 04:50:00 PM,30,TRAFFIC SIGNAL,FUNCTIONING PROPERLY,CLEAR,DAYLIGHT,REAR END,NOT DIVIDED,,STRAIGHT AND LEVEL,DRY,NO DEFECTS,NOT ON SCENE (DESK REPORT),NO INJURY / DRIVE AWAY,,,,$500 OR LESS,07/13/2025 05:30:00 PM,FOLLOWING TOO CLOSELY,NOT APPLICABLE,70,N,DESPLAINES ST,121,,,,,,,2,NO INDICATION OF INJURY,0,0,0,0,0,3,0,16,1,7,41.8831294806,-87.6443121295,POINT (-87.644312129538 41.88312948059)
54ac0f4289c198c3fe7801bfd6149a6e86a8f3f19dd320e7f2d9a86625dc1ee05bcd50e4360c2e5ee8f92aec05eb39ad61e2a852ef76e2189d33aa030185ed87,,07/13/2025 04:48:00 PM,30,TRAFFIC SIGNAL,UNKNOWN,CLEAR,DAYLIGHT,SIDESWIPE SAME DIRECTION,CENTER TURN LANE,,STRAIGHT AND LEVEL,DRY,UNKNOWN,NOT ON SCENE (DESK REPORT),NO INJURY / DRIVE AWAY,,,,"OVER $1,500",07/13/2025 05:30:00 PM,FAILING TO YIELD RIGHT-OF-WAY,NOT APPLICABLE,55,E,MONROE ST,112,Y,,,,,,2,NO INDICATION OF INJURY,0,0,0,0,0,2,0,16,1,7,41.8806878785,-87.6256435041,POINT (-87.625643504087 41.880687878502)
50e28e412d043f3c55ff99ecc3d7ccf395f830af7cc18e669f4a945b12023345e1dce02348b480215ef81018ba15d1078c4787fcad13cc8cb55bd5ae33e2fe3c,,07/13/2025 04:45:00 PM,30,NO CONTROLS,NO CONTROLS,CLEAR,DAYLIGHT,SIDESWIPE SAME DIRECTION,NOT DIVIDED,,STRAIGHT AND LEVEL,DRY,NO DEFECTS,NOT ON SCENE (DESK REPORT),NO INJURY / DRIVE AWAY,,,Y,"OVER $1,500",07/13/2025 07:35:00 PM,FAILING TO YIELD RIGHT-OF-WAY,NOT APPLICABLE,1446,W,FULLERTON AVE,1932,,,,,,,2,NO INDICATION OF INJURY,0,0,0,0,0,2,0,16,1,7,41.9253014563,-87.6651743809,POINT (-87.665174380934 41.925301456257)
741f6b81e63d84e0980036a4f555847df678b1838d569076754dd7b2131f472c2d6959192f1d5a14be7d8cb8dd6a67247079fd238a99eec2a0bd69a6bbb7fdf5,,07/13/2025 04:40:00 PM,15,NO CONTROLS,NO CONTROLS,CLEAR,DAYLIGHT,PARKED MOTOR VEHICLE,PARKING LOT,,STRAIGHT AND LEVEL,DRY,NO DEFECTS,NOT ON SCENE (DESK REPORT),NO INJURY / DRIVE AWAY,,,Y,"OVER $1,500",07/13/2025 06:30:00 PM,DRIVING SKILLS/KNOWLEDGE/EXPERIENCE,NOT APPLICABLE,4728,W,IRVING PARK RD,1722,,,,,,,2,NO INDICATION OF INJURY,0,0,0,0,0,2,0,16,1,7,41.9535433952,-87.7466135438,POINT (-87.746613543792 41.953543395187)
e75f9e12f1923543bab0b0f8cd3c888bdbd268a722b5de1648c9b6e85d360c3f60a531a122b4e0ea052c7d8db4bd5137552fcef773d092d49618c36467221ab7,,07/13/2025 04:38:00 PM,30,NO CONTROLS,NO CONTROLS,CLEAR,DAYLIGHT,TURNING,DIVIDED - W/MEDIAN BARRIER,,STRAIGHT AND LEVEL,DRY,UNKNOWN,ON SCENE,INJURY AND / OR TOW DUE TO CRASH,,,Y,"OVER $1,500",07/13/2025 04:39:00 PM,IMPROPER TURNING/NO SIGNAL,IMPROPER TURNING/NO SIGNAL,3746,S,ASHLAND AVE,912,,,,,,,2,NONINCAPACITATING INJURY,2,0,0,2,0,1,0,16,1,7,41.8254445954,-87.6657304952,POINT (-87.665730495158 41.8254445954)
3acd1bff654a27efdb8a31ab9cc600124265e7e723b81b72fe9721e774e2f51156ff8542a10f2b511da6b877edb7f50281bdf66f94818e919b96e332ad4344a1,,07/13/2025 04:30:00 PM,10,NO CONTROLS,NO CONTROLS,CLEAR,DAYLIGHT,PEDESTRIAN,PARKING LOT,,STRAIGHT AND LEVEL,DRY,NO DEFECTS,ON SCENE,INJURY AND / OR TOW DUE TO CRASH,,Y,,"OVER $1,500",07/13/2025 04:31:00 PM,IMPROPER BACKING,FAILING TO YIELD RIGHT-OF-WAY,1829,W,FULLERTON AVE,1811,,,,,,,2,NONINCAPACITATING INJURY,2,0,0,2,0,1,0,16,1,7,41.9249632986,-87.6741174935,POINT (-87.674117493548 41.924963298594)
4ac1c02903573bc19f6faaee45a0d0c38b98695845e288bd996c5765ccf3e12315c5373652f9a0a70e583abd2e39d04fa6d6b1d30f74ef68249f02b1a3733c38,,07/13/2025 04:30:00 PM,30,NO CONTROLS,NO CONTROLS,CLEAR,DAYLIGHT,SIDESWIPE SAME DIRECTION,DIVIDED - W/MEDIAN (NOT RAISED),,STRAIGHT AND LEVEL,DRY,NO DEFECTS,NOT ON SCENE (DESK REPORT),NO INJURY / DRIVE AWAY,,,,$500 OR LESS,07/13/2025 04:30:00 PM,IMPROPER LANE USAGE,NOT APPLICABLE,2200,S,BLUE ISLAND AVE,1034,,,,,,,2,NO INDICATION OF INJURY,0,0,0,0,0,4,0,16,1,7,41.8523353106,-87.666194032,POINT (-87.666194031973 41.852335310621)
7c0cdea8f6b546ffad756c9fe65056b4b4f955a639bf29d798a4d2f2c7666345737b7a6bf8c689fc1bcdcf7dfd1f2be0a1e312c9a55d22d8ef4d698dece2f360,,07/13/2025 04:20:00 PM,10,NO CONTROLS,NO CONTROLS,CLEAR,DAYLIGHT,PEDESTRIAN,DRIVEWAY,,STRAIGHT AND LEVEL,DRY,NO DEFECTS,ON SCENE,INJURY AND / OR TOW DUE TO CRASH,,,Y,$500 OR LESS,07/13/2025 04:24:00 PM,DISTRACTION - FROM INSIDE VEHICLE,NOT APPLICABLE,5415,N,SHERIDAN RD,2023,,,,,,,2,NONINCAPACITATING INJURY,1,0,0,1,0,2,0,16,1,7,41.9804733298,-87.6549526405,POINT (-87.65495264053 41.980473329827)
bf205d08baa609a8bba52845d8390a96a2e66f6be7f1ff9e51f1039ac0422767e4fc4d2a3f88ed48ddaf70c02920d48b3998b3f641c74cf5abb4044e53827b08,,07/13/2025 04:20:00 PM,30,NO CONTROLS,NO CONTROLS,CLEAR,DAYLIGHT,PARKED MOTOR VEHICLE,NOT DIVIDED,,STRAIGHT AND LEVEL,DRY,NO DEFECTS,NOT ON SCENE (DESK REPORT),NO INJURY / DRIVE AWAY,,,Y,"$501 - $1,500",07/14/2025 06:45:00 PM,UNABLE TO DETERMINE,NOT APPLICABLE,333,W,35TH ST,915,,,,,,,2,NO INDICATION OF INJURY,0,0,0,0,0,1,0,16,1,7,41.8307836623,-87.635295783,POINT (-87.635295783045 41.830783662283)
f72f05764c561b88ef30d0b2ff1e4526836baa8dbc597bc41c0c07040fa8b50a65e5fc3c0e7dabce846a0646e4904b26746d94bcb20c0d5ce7bb402ebbabfb59,,07/13/2025 04:09:00 PM,30,NO CONTROLS,NO CONTROLS,CLEAR,DAYLIGHT,TURNING,NOT DIVIDED,,STRAIGHT AND LEVEL,DRY,NO DEFECTS,ON SCENE,INJURY AND / OR TOW DUE TO CRASH,,,,"OVER $1,500",07/13/2025 04:10:00 PM,FAILING TO YIELD RIGHT-OF-WAY,NOT APPLICABLE,420,S,PULASKI RD,1132,,,,,,,2,"REPORTED, NOT EVIDENT",3,0,0,0,3,0,0,16,1,7,41.8745373122,-87.7255969017,POINT (-87.725596901652 41.874537312209)
51d6716c400f829c68591acd3f0e2f4e9125ee722bb89121f9b3bd3c3cb42c43392abd68ed8c9c13c25e536f13924ed4a32968ae018d6e6d59495a41033e5459,Y,07/13/2025 04:00:00 PM,20,NO CONTROLS,NO CONTROLS,CLEAR,UNKNOWN,PARKED MOTOR VEHICLE,NOT DIVIDED,,STRAIGHT AND LEVEL,DRY,NO DEFECTS,ON SCENE,NO INJURY / DRIVE AWAY,,,Y,"$501 - $1,500",07/14/2025 09:00:00 AM,UNABLE TO DETERMINE,NOT APPLICABLE,5503,S,EVERETT AVE,235,,,,,,,2,NO INDICATION OF INJURY,0,0,0,0,0,1,0,16,1,7,41.7950991407,-87.5823883508,POINT (-87.582388350836 41.795099140682)
65f761447eec189f9c83e91811841658ca8c45745eb3122f2777d430ac01054d279c2636d60af4e9b8217097ccc1b7ae1e388b212dbe0a0f600b87ecd0f8b14d,,07/13/2025 04:00:00 PM,30,NO CONTROLS,NO CONTROLS,CLEAR,DAYLIGHT,PARKED MOTOR VEHICLE,ONE-WAY,,STRAIGHT AND LEVEL,DRY,NO DEFECTS,NOT ON SCENE (DESK REPORT),NO INJURY / DRIVE AWAY,,,,"$501 - $1,500",07/14/2025 10:35:00 AM,UNABLE TO DETERMINE,NOT APPLICABLE,233,E,SOUTH WATER ST,114,,,,,,,2,NO INDICATION OF INJURY,0,0,0,0,0,1,0,16,1,7,41.886813757,-87.6212678226,POINT (-87.621267822634 41.886813757029)
bbd4ae1680528847aac8afbba4c72ea0c7ff1f0c9f75f9a6593efe0f5aa555b54d3de5b31d78359da847c5e531921e16bece015063c001ae5dc5e1b37a5a8228,,07/13/2025 04:00:00 PM,15,NO CONTROLS,NO CONTROLS,CLEAR,"DARKNESS, LIGHTED ROAD",REAR TO SIDE,ALLEY,,STRAIGHT AND LEVEL,UNKNOWN,UNKNOWN,NOT ON SCENE (DESK REPORT),NO INJURY / DRIVE AWAY,,,,"OVER $1,500",07/13/2025 08:48:00 PM,DRIVING SKILLS/KNOWLEDGE/EXPERIENCE,NOT APPLICABLE,6008,N,MOZART ST,2413,,,,,,,2,NO INDICATION OF INJURY,0,0,0,0,0,2,0,16,1,7,41.9907299032,-87.7007719288,POINT (-87.700771928829 41.990729903195)
a062b92e7f07f7b4368afb9b8dd87eb2c2ae4634ae27f5dc26f348bf67d0f389eae957d8635bfa04116b13d7c4e6a41a3141937ad5f077c03aabb875688448c3,,07/13/2025 03:58:00 PM,30,OTHER,UNKNOWN,CLEAR,DAYLIGHT,TURNING,NOT DIVIDED,,STRAIGHT AND LEVEL,DRY,UNKNOWN,NOT ON SCENE (DESK REPORT),NO INJURY / DRIVE AWAY,,,,"OVER $1,500",07/13/2025 04:25:00 PM,NOT APPLICABLE,NOT APPLICABLE,212,W,33RD ST,915,,,,,,,2,NO INDICATION OF INJURY,0,0,0,0,0,2,0,15,1,7,41.834698858,-87.6321601522,POINT (-87.632160152217 41.834698857952)
e56d3eeec98f0be19714fb8eae51a86d7ebb172b8f7582834de8824f907f086b0507b0437fbfc853beae06a464b54a96cb38ab3e37867cb4a03f8810c1ca983b,N,07/13/2025 03:55:00 PM,30,UNKNOWN,UNKNOWN,CLEAR,DAYLIGHT,SIDESWIPE SAME DIRECTION,NOT DIVIDED,,STRAIGHT AND LEVEL,DRY,UNKNOWN,NOT ON SCENE (DESK REPORT),NO INJURY / DRIVE AWAY,,,Y,"OVER $1,500",07/13/2025 04:00:00 PM,FAILING TO YIELD RIGHT-OF-WAY,UNABLE TO DETERMINE,31,E,ROOSEVELT RD,131,,,,,,,2,NO INDICATION OF INJURY,0,0,0,0,0,2,0,15,1,7,41.8673210997,-87.6259539918,POINT (-87.625953991796 41.867321099741)
5588867ca9550f15e0a3d6227cfe74a7f346469ec5569791179eee9d24ba50206191d22a95595b948f89d8a4780b52b77cced1b468ef51538210e606d4132eb5,,07/13/2025 03:40:00 PM,20,NO CONTROLS,NO CONTROLS,CLEAR,DAYLIGHT,PARKED MOTOR VEHICLE,ONE-WAY,,STRAIGHT AND LEVEL,DRY,NO DEFECTS,ON SCENE,INJURY AND / OR TOW DUE TO CRASH,,,Y,"OVER $1,500",07/13/2025 08:43:00 PM,DRIVING SKILLS/KNOWLEDGE/EXPERIENCE,NOT APPLICABLE,5515,S,KILBOURN AVE,813,,,,,,,2,NO INDICATION OF INJURY,0,0,0,0,0,1,0,15,1,7,41.7926139584,-87.7352531212,POINT (-87.735253121203 41.792613958408)
ce18e0fc8fae659b993a0c65e5a4942a1c25c7895b293e7c1bf409600801223b0ca107902846b01d4ea6029f2f37c637fe14e6bea5616237af0a12d82897ddad,,07/13/2025 03:35:00 PM,30,NO CONTROLS,NO CONTROLS,CLEAR,DAYLIGHT,SIDESWIPE SAME DIRECTION,NOT DIVIDED,,STRAIGHT AND LEVEL,DRY,NO DEFECTS,ON SCENE,NO INJURY / DRIVE AWAY,,,,"OVER $1,500",07/13/2025 03:37:00 PM,FAILING TO YIELD RIGHT-OF-WAY,UNABLE TO DETERMINE,3736,N,HALSTED ST,1923,,,,,,,2,NO INDICATION OF INJURY,0,0,0,0,0,3,0,15,1,7,41.9501687754,-87.6497268321,POINT (-87.649726832081 41.950168775393)
06f31d2c401ffc282aa12e2a218858950cda95ec64c8b83d6568c91b1cc24399e182eecae2344b883e3e0d24d825841e25e6edaabe5909ba71e2657c1895d282,,07/13/2025 03:32:00 PM,30,NO CONTROLS,NO CONTROLS,CLEAR,DAYLIGHT,SIDESWIPE SAME DIRECTION,NOT DIVIDED,,STRAIGHT AND LEVEL,DRY,NO DEFECTS,ON SCENE,NO INJURY / DRIVE AWAY,,,Y,"OVER $1,500",07/13/2025 03:32:00 PM,IMPROPER OVERTAKING/PASSING,IMPROPER OVERTAKING/PASSING,1249,W,FOSTER AVE,2033,,,,,,,2,NO INDICATION OF INJURY,0,0,0,0,0,2,0,15,1,7,41.976182833,-87.6618499852,POINT (-87.661849985239 41.976182833005)
3522e6ccc9031faafc03eb8ed060718199f8fac66f4883a2824f8812138ab3716158a9ae6c950c06c3843d7022267f647f7ed15d1afda703a79491f394639b6a,,07/13/2025 03:30:00 PM,30,NO CONTROLS,NO CONTROLS,CLEAR,DAYLIGHT,PARKED MOTOR VEHICLE,ALLEY,,STRAIGHT AND LEVEL,UNKNOWN,NO DEFECTS,NOT ON SCENE (DESK REPORT),NO INJURY / DRIVE AWAY,,,Y,"OVER $1,500",07/13/2025 06:13:00 PM,UNABLE TO DETERMINE,NOT APPLICABLE,1734,N,KEATING AVE,2533,,,,,,,2,NO INDICATION OF INJURY,0,0,0,0,0,1,0,15,1,7,41.9125068284,-87.7448966037,POINT (-87.744896603728 41.912506828406)
5bb0e52219ed51bf7c6280486cf752991991276ae8b2d71167445eac90cf0d39885138cf94ff5473317185acee40f22be0e7f0f15f6fca17f8cacf2343f00d18,,07/13/2025 03:30:00 PM,30,TRAFFIC SIGNAL,UNKNOWN,CLEAR,DAYLIGHT,REAR END,T-INTERSECTION,,STRAIGHT AND LEVEL,DRY,UNKNOWN,NOT ON SCENE (DESK REPORT),NO INJURY / DRIVE AWAY,N,,,"OVER $1,500",07/18/2025 07:45:00 PM,FOLLOWING TOO CLOSELY,NOT APPLICABLE,6659,S,CICERO AVE,833,,,,,,,2,NO INDICATION OF INJURY,0,0,0,0,0,4,0,15,1,7,41.7712226966,-87.7419103875,POINT (-87.741910387507 41.771222696555)
d00d896b7d72ce14885cafbba4e6032e3c5f1496ccadd0fe225caa267c27fbfdcea5d64248953c44747d9455208c9de6c4fe95d2e36d758cce638ee571584396,,07/13/2025 03:20:00 PM,30,NO CONTROLS,NO CONTROLS,CLEAR,DAYLIGHT,PARKED MOTOR VEHICLE,NOT DIVIDED,,STRAIGHT AND LEVEL,DRY,NO DEFECTS,ON SCENE,NO INJURY / DRIVE AWAY,,,Y,"OVER $1,500",07/13/2025 03:55:00 PM,NOT APPLICABLE,NOT APPLICABLE,5812,S,ST LOUIS AVE,822,,,,,,,2,NO INDICATION OF INJURY,0,0,0,0,0,1,0,15,1,7,41.7874928189,-87.7108858093,POINT (-87.710885809295 41.787492818864)
b9310de32ddbb3b8cb9b27bb1348f3193d327dcb86493a2042fa1dbe6057fd84ba532989eae47ddb78740154f35770911245ea6e671959ca808f9e60474c7536,Y,07/13/2025 03:18:00 PM,10,NO CONTROLS,NO CONTROLS,UNKNOWN,DUSK,PARKED MOTOR VEHICLE,NOT DIVIDED,,STRAIGHT AND LEVEL,DRY,NO DEFECTS,ON SCENE,NO INJURY / DRIVE AWAY,,,,"$501 - $1,500",07/13/2025 05:50:00 PM,UNABLE TO DETERMINE,UNABLE TO DETERMINE,7611,S,COLFAX AVE,421,,,,,,,2,NO INDICATION OF INJURY,0,0,0,0,0,1,0,15,1,7,41.7568641767,-87.5613351154,POINT (-87.561335115398 41.756864176738)
b8ac3fb842203c9c3898240ede1dd30a8c68cc9685b927bdd377086fb77a1e71ebf380cb4748dd60951ea43464ce45ffdc8c478d6abc03eabab915a2ab1f75e5,,07/13/2025 03:15:00 PM,30,NO CONTROLS,NO CONTROLS,CLEAR,DAYLIGHT,FIXED OBJECT,NOT DIVIDED,,STRAIGHT AND LEVEL,DRY,NO DEFECTS,,INJURY AND / OR TOW DUE TO CRASH,,,,"OVER $1,500",07/13/2025 03:30:00 PM,DISTRACTION - FROM OUTSIDE VEHICLE,NOT APPLICABLE,747,N,WABASH AVE,1833,,,,,,,1,INCAPACITATING INJURY,1,0,1,0,0,0,0,15,1,7,41.8963028804,-87.6266949626,POINT (-87.626694962629 41.896302880432)
a2e180f669d736c734e292400262309cf3b94f98da66f40f2c63f9aa67f2eb277e7e9e94a5225b54103d56df29e4900839f2ab5a64f33ff33e12d1d28b0d13a8,,07/13/2025 03:13:00 PM,35,NO CONTROLS,NO CONTROLS,CLEAR,DAYLIGHT,ANGLE,OTHER,,STRAIGHT AND LEVEL,DRY,NO DEFECTS,ON SCENE,INJURY AND / OR TOW DUE TO CRASH,Y,,,"OVER $1,500",07/13/2025 03:13:00 PM,UNABLE TO DETERMINE,NOT APPLICABLE,1401,W,80TH ST,612,,,,,,,2,NO INDICATION OF INJURY,0,0,0,0,0,4,0,15,1,7,41.7484959392,-87.6585971406,POINT (-87.658597140554 41.748495939198)
72f894e5c302295cfdc721006feb8711fdd831595d78e3a744a301fdba9f33b811dd5678a5098ddd9aae68be22b1c200888f92c0c374653c2cc61ae13b513e97,,07/13/2025 03:09:00 PM,30,NO CONTROLS,NO CONTROLS,CLEAR,DAYLIGHT,REAR END,NOT DIVIDED,,STRAIGHT AND LEVEL,DRY,UNKNOWN,NOT ON SCENE (DESK REPORT),NO INJURY / DRIVE AWAY,,,,"OVER $1,500",07/13/2025 04:20:00 PM,FOLLOWING TOO CLOSELY,FOLLOWING TOO CLOSELY,111,E,LOWER WACKER DR,114,,,,,,,2,NO INDICATION OF INJURY,0,0,0,0,0,2,0,15,1,7,41.8880535357,-87.6240826452,POINT (-87.624082645153 41.888053535745)