CRASH_RECORD_ID,CRASH_DATE_EST_I,CRASH_DATE,POSTED_SPEED_LIMIT,TRAFFIC_CONTROL_DEVICE,DEVICE_CONDITION,WEATHER_CONDITION,LIGHTING_CONDITION,FIRST_CRASH_TYPE,TRAFFICWAY_TYPE,LANE_CNT,ALIGNMENT,ROADWAY_SURFACE_COND,ROAD_DEFECT,REPORT_TYPE,CRASH_TYPE,INTERSECTION_RELATED_I,NOT_RIGHT_OF_WAY_I,HIT_AND_RUN_I,DAMAGE,DATE_POLICE_NOTIFIED,PRIM_CONTRIBUTORY_CAUSE,SEC_CONTRIBUTORY_CAUSE,STREET_NO,STREET_DIRECTION,STREET_NAME,BEAT_OF_OCCURRENCE,PHOTOS_TAKEN_I,STATEMENTS_TAKEN_I,DOORING_I,WORK_ZONE_I,WORK_ZONE_TYPE,WORKERS_PRESENT_I,NUM_UNITS,MOST_SEVERE_INJURY,INJURIES_TOTAL,INJURIES_FATAL,INJURIES_INCAPACITATING,INJURIES_NON_INCAPACITATING,INJURIES_REPORTED_NOT_EVIDENT,INJURIES_NO_INDICATION,INJURIES_UNKNOWN,CRASH_HOUR,CRASH_DAY_OF_WEEK,CRASH_MONTH,LATITUDE,LONGITUDE,LOCATION
33b510bb0d57666f7b127c1c99f95d6c28349de829736a9d482e270d728866884e74c33caf6d72ac789c93f95667b14c23fe9e1ff7a184b64fe9ccaa2e7de2dc,,07/13/2025 03:03:00 PM,35,NO CONTROLS,NO CONTROLS,CLEAR,DAYLIGHT,SIDESWIPE SAME DIRECTION,NOT DIVIDED,,STRAIGHT AND LEVEL,DRY,NO DEFECTS,NOT ON SCENE (DESK REPORT),NO INJURY / DRIVE AWAY,,,,"$501 - $1,500",07/13/2025 04:00:00 PM,FOLLOWING TOO CLOSELY,FOLLOWING TOO CLOSELY,155,N,MICHIGAN AVE,114,,,,,,,2,NO INDICATION OF INJURY,0,0,0,0,0,2,0,15,1,7,41.8846362492,-87.6243138872,POINT (-87.624313887229 41.884636249203)
5d6f49e941c75ab603863ffbea4cfb8e95b53cda1fa91606fce78cd45c4d64a52373ff04c9ae2a078e51f95d609e6dd7749aa4fbd7d662f734b34763da58d8fb,,07/13/2025 03:03:00 PM,30,TRAFFIC SIGNAL,FUNCTIONING PROPERLY,CLEAR,DAYLIGHT,FIXED OBJECT,NOT DIVIDED,,STRAIGHT AND LEVEL,DRY,NO DEFECTS,,INJURY AND / OR TOW DUE TO CRASH,Y,,,"OVER $1,500",07/13/2025 03:03:00 PM,UNABLE TO DETERMINE,UNABLE TO DETERMINE,4504,W,WASHINGTON BLVD,1113,,,,,,,1,NO INDICATION OF INJURY,0,0,0,0,0,2,0,15,1,7,41.8820067824,-87.7382380403,POINT (-87.738238040343 41.882006782406)
29c0f7bbbda47a3503e00968e70dd314357659ab08bb01868d1f6c7fcf98e4cc625ae0748e939f35dea74d091eae92f15bc086f581b79b0e4a9398b776667b6d,,07/13/2025 03:00:00 PM,30,STOP SIGN/FLASHER,FUNCTIONING PROPERLY,CLEAR,DAYLIGHT,ANGLE,FOUR WAY,,STRAIGHT AND LEVEL,DRY,NO DEFECTS,ON SCENE,INJURY AND / OR TOW DUE TO CRASH,Y,,,"OVER $1,500",07/13/2025 03:05:00 PM,FAILING TO REDUCE SPEED TO AVOID CRASH,NOT APPLICABLE,8000,S,BISHOP ST,612,,,,,,,4,NO INDICATION OF INJURY,0,0,0,0,0,3,0,15,1,7,41.7484935835,-87.6598956597,POINT (-87.659895659747 41.748493583452)
2ba3767cb91df79b42d5e92abf14c97046329fbcc29b67d117b5c8c2fd86f5e4d727cea5be6b82c81d4ea6d042769df6f82645bf2291b9396a43d67a7a386c02,,07/13/2025 03:00:00 PM,30,TRAFFIC SIGNAL,FUNCTIONING PROPERLY,CLEAR,DAYLIGHT,SIDESWIPE SAME DIRECTION,FOUR WAY,,STRAIGHT AND LEVEL,DRY,NO DEFECTS,NOT ON SCENE (DESK REPORT),NO INJURY / DRIVE AWAY,Y,,,"$501 - $1,500",07/13/2025 05:45:00 PM,UNABLE TO DETERMINE,UNABLE TO DETERMINE,151,N,MICHIGAN AVE,114,,,,,,,2,NO INDICATION OF INJURY,0,0,0,0,0,2,0,15,1,7,41.8845401106,-87.6243085225,POINT (-87.62430852246 41.884540110592)
84ce432fb073079101f50dde528cf2f8b06c0db87099f66653b4c19d53eacb7f1ef029df7b6e27b06cbe83ed0e6f15b97906f781c8cc68abec05e344aba61e79,,07/13/2025 03:00:00 PM,30,UNKNOWN,UNKNOWN,UNKNOWN,UNKNOWN,SIDESWIPE SAME DIRECTION,ONE-WAY,,STRAIGHT AND LEVEL,UNKNOWN,UNKNOWN,NOT ON SCENE (DESK REPORT),NO INJURY / DRIVE AWAY,,,,"OVER $1,500",07/14/2025 04:19:00 PM,DRIVING SKILLS/KNOWLEDGE/EXPERIENCE,NOT APPLICABLE,315,N,CLARK ST,1831,,,,,,,2,NO INDICATION OF INJURY,0,0,0,0,0,2,0,15,1,7,41.8879102808,-87.6308854087,POINT (-87.630885408715 41.887910280837)
be4ac680457e6fb8b37ed9fc20e8c5d1a46c1f5f9d760fdb65df8597af7deb6b8e7c6b0bef5ac23b9bf308632b233ca0db24a09f76ac332c6669bfe5a16ada80,,07/13/2025 03:00:00 PM,30,TRAFFIC SIGNAL,FUNCTIONING PROPERLY,CLEAR,DAYLIGHT,TURNING,NOT DIVIDED,,STRAIGHT AND LEVEL,DRY,NO DEFECTS,ON SCENE,NO INJURY / DRIVE AWAY,Y,,,"$501 - $1,500",07/13/2025 03:36:00 PM,FAILING TO YIELD RIGHT-OF-WAY,FAILING TO YIELD RIGHT-OF-WAY,2515,W,FOSTER AVE,2031,,,,,,,2,NO INDICATION OF INJURY,0,0,0,0,0,3,0,15,1,7,41.9757544428,-87.6929278435,POINT (-87.692927843485 41.975754442803)
c720a33428c37e44f3e69616e9aae8038762ef8af33313b7d075a3a438c8de539234960944a615ee86636088bb879e7bdd016da47de0bfefeb615f94b47b49b3,,07/13/2025 03:00:00 PM,30,TRAFFIC SIGNAL,FUNCTIONING PROPERLY,CLEAR,DAYLIGHT,REAR END,NOT DIVIDED,,STRAIGHT AND LEVEL,DRY,NO DEFECTS,NOT ON SCENE (DESK REPORT),NO INJURY / DRIVE AWAY,,,,$500 OR LESS,07/13/2025 05:30:00 PM,UNABLE TO DETERMINE,NOT APPLICABLE,2359,N,WESTERN AVE,1432,,,,,,,2,NO INDICATION OF INJURY,0,0,0,0,0,2,0,15,1,7,41.9248653896,-87.6874935694,POINT (-87.687493569402 41.924865389602)
617a01633c7200b355a01fd553aecb455470d3d3eb3f3d034c15e14165be147d8ce886cbd9968604bfc59993f72192cd4030aa481ee61770caacf4a5b18b2bcb,,07/13/2025 02:56:00 PM,30,NO CONTROLS,NO CONTROLS,CLEAR,DAYLIGHT,SIDESWIPE SAME DIRECTION,NOT DIVIDED,,STRAIGHT AND LEVEL,OTHER,UNKNOWN,NOT ON SCENE (DESK REPORT),NO INJURY / DRIVE AWAY,,,N,$500 OR LESS,07/13/2025 03:19:00 PM,UNABLE TO DETERMINE,NOT APPLICABLE,150,W,103RD ST,511,,,,,,,2,NO INDICATION OF INJURY,0,0,0,0,0,3,0,14,1,7,41.7072153064,-87.6279145856,POINT (-87.627914585559 41.707215306351)
3437138fd4d7e86cc9701ca3443dfdee742d9239edbdd68f1f1d830464ab34f64bc44760f585a8855cb2dbfa6dc1c1137583c7ba15a47a9d82760a5b3a2548e4,,07/13/2025 02:50:00 PM,30,TRAFFIC SIGNAL,FUNCTIONING PROPERLY,CLEAR,DAYLIGHT,SIDESWIPE SAME DIRECTION,DIVIDED - W/MEDIAN BARRIER,,STRAIGHT AND LEVEL,DRY,NO DEFECTS,ON SCENE,INJURY AND / OR TOW DUE TO CRASH,,,,"OVER $1,500",07/13/2025 02:56:00 PM,FAILING TO YIELD RIGHT-OF-WAY,FOLLOWING TOO CLOSELY,181,N,MICHIGAN AVE,114,,,,,,,2,NONINCAPACITATING INJURY,2,0,0,2,0,1,0,14,1,7,41.8852597777,-87.6243410606,POINT (-87.624341060618 41.885259777744)
7dcf469501e9982f49bd13314c4233a97b0d74aaa2eef996ee46df9f685867e09ae73248e5082dcac83ba0ffa5b528d57bf4306b158b5519635eb13bf0f71973,,07/13/2025 02:50:00 PM,30,TRAFFIC SIGNAL,FUNCTIONING PROPERLY,CLEAR,DAYLIGHT,ANGLE,NOT DIVIDED,,STRAIGHT AND LEVEL,DRY,NO DEFECTS,ON SCENE,INJURY AND / OR TOW DUE TO CRASH,Y,,,"OVER $1,500",07/13/2025 03:11:00 PM,DISREGARDING TRAFFIC SIGNALS,NOT APPLICABLE,5400,W,DIVERSEY AVE,2514,,Y,,,,,2,NONINCAPACITATING INJURY,1,0,0,1,0,2,0,14,1,7,41.9314456581,-87.7613987487,POINT (-87.761398748717 41.931445658056)
ad24676dc7f6eba84938c8cf667bc9d412e1059eb550b2a96300c79aef426e56b03837783bddbb1b7f070e93365348b420a641afe846695028a6eeaacc5e050b,,07/13/2025 02:44:00 PM,30,STOP SIGN/FLASHER,FUNCTIONING PROPERLY,CLEAR,DAYLIGHT,ANGLE,FOUR WAY,,STRAIGHT AND LEVEL,DRY,NO DEFECTS,NOT ON SCENE (DESK REPORT),NO INJURY / DRIVE AWAY,,,,"OVER $1,500",07/13/2025 03:57:00 PM,NOT APPLICABLE,NOT APPLICABLE,2200,W,51ST PL,932,,,,,,,2,NO INDICATION OF INJURY,0,0,0,0,0,3,0,14,1,7,41.8003698891,-87.6799667569,POINT (-87.679966756917 41.800369889118)
9a7dfe406e8e9380903b1052cefc7efd8e4707220d0acdefea5304ba0c0bfda3182fa0274afc6e72bfb533df8bc238c3a27764ae120f4705e13a082b1eaf8a10,,07/13/2025 02:36:00 PM,30,NO CONTROLS,NO CONTROLS,CLEAR,DAYLIGHT,PEDESTRIAN,FOUR WAY,,STRAIGHT AND LEVEL,DRY,NO DEFECTS,,INJURY AND / OR TOW DUE TO CRASH,N,,Y,"$501 - $1,500",07/13/2025 02:38:00 PM,FAILING TO YIELD RIGHT-OF-WAY,UNABLE TO DETERMINE,3616,W,CERMAK RD,1014,,,,,,,2,"REPORTED, NOT EVIDENT",1,0,0,0,1,1,0,14,1,7,41.8517648278,-87.7157942432,POINT (-87.715794243239 41.851764827799)
397b18cfe9cb181dea2f3f07ce9674faaa4e64803082c5c229d6316239215b89a6fb58b00f68fc8d1ec1d5d5ef6b02d9e5f7211c027d64e6907cc60899d63dc9,,07/13/2025 02:34:00 PM,30,STOP SIGN/FLASHER,FUNCTIONING PROPERLY,CLEAR,DAYLIGHT,REAR END,DIVIDED - W/MEDIAN (NOT RAISED),,STRAIGHT AND LEVEL,DRY,NO DEFECTS,ON SCENE,NO INJURY / DRIVE AWAY,Y,,,"$501 - $1,500",07/13/2025 02:41:00 PM,DISTRACTION - FROM INSIDE VEHICLE,UNABLE TO DETERMINE,2701,S,WESTERN AVE,1034,,,,,,,2,NO INDICATION OF INJURY,0,0,0,0,0,3,0,14,1,7,41.8433172396,-87.6852088506,POINT (-87.685208850593 41.843317239638)
1cd91ef746d1154b4ca7bd8f97798866e556d1b6df313d9a3ed6f0ea421150d1d61018348553e9a1ad49f7fb83895a09cdc45d2b4bd7f2c69ed90900fc304e13,,07/13/2025 02:30:00 PM,25,NO CONTROLS,NO CONTROLS,CLEAR,DAYLIGHT,PARKED MOTOR VEHICLE,ONE-WAY,,STRAIGHT AND LEVEL,DRY,NO DEFECTS,ON SCENE,NO INJURY / DRIVE AWAY,,,,"OVER $1,500",07/13/2025 02:40:00 PM,UNABLE TO DETERMINE,NOT APPLICABLE,9533,S,WOODLAWN AVE,511,,,,,,,2,NO INDICATION OF INJURY,0,0,0,0,0,1,0,14,1,7,41.721190794,-87.5946153248,POINT (-87.594615324805 41.721190794019)
a81e07d80cf7b177c48cb504f9d5108652823559535aa167d3f85590e4a51c19e5eed7d8391bef400f271565c6bec163e77fc1af43dcf9f8412f621463f93664,,07/13/2025 02:30:00 PM,25,NO CONTROLS,NO CONTROLS,CLEAR,DAYLIGHT,PARKED MOTOR VEHICLE,NOT DIVIDED,,STRAIGHT AND LEVEL,UNKNOWN,UNKNOWN,NOT ON SCENE (DESK REPORT),NO INJURY / DRIVE AWAY,,,,"OVER $1,500",07/13/2025 03:32:00 PM,IMPROPER BACKING,IMPROPER BACKING,4265,W,ADDISON ST,1731,,,,,,,2,NO INDICATION OF INJURY,0,0,0,0,0,1,0,14,1,7,41.9461657165,-87.7348351654,POINT (-87.734835165444 41.946165716483)
fde2df94b06add83918a5c8d634c00247df3654fa0d0348b75ad4091210033446cb85560cedc12965f8827d632eda401a1dab2b5de86faf1ac112cfe6fba080b,Y,07/13/2025 02:30:00 PM,30,TRAFFIC SIGNAL,FUNCTIONING PROPERLY,CLEAR,DAYLIGHT,ANGLE,FOUR WAY,,STRAIGHT AND LEVEL,DRY,NO DEFECTS,NOT ON SCENE (DESK REPORT),NO INJURY / DRIVE AWAY,,,,"OVER $1,500",07/13/2025 03:45:00 PM,UNABLE TO DETERMINE,UNABLE TO DETERMINE,5200,N,HARLEM AVE,1613,,,,,,,2,NO INDICATION OF INJURY,0,0,0,0,0,3,0,14,1,7,41.9745843274,-87.8072147406,POINT (-87.807214740588 41.97458432745)
bae86e7b3f14056036ebec4598ae13a23f2bbd8b6fe6278ee4ad242510f3c1e110f5da745de9e4e37a81d0b815da0a29edd3e5fb19f17f78e36410c5c4e98faf,,07/13/2025 02:10:00 PM,30,TRAFFIC SIGNAL,UNKNOWN,CLEAR,DAYLIGHT,REAR TO SIDE,DIVIDED - W/MEDIAN (NOT RAISED),,STRAIGHT AND LEVEL,UNKNOWN,UNKNOWN,NOT ON SCENE (DESK REPORT),NO INJURY / DRIVE AWAY,,,,"OVER $1,500",07/13/2025 02:56:00 PM,DRIVING SKILLS/KNOWLEDGE/EXPERIENCE,NOT APPLICABLE,4908,N,SHERIDAN RD,2024,,,,,,,2,NO INDICATION OF INJURY,0,0,0,0,0,6,0,14,1,7,41.9718875791,-87.6550392606,POINT (-87.65503926055 41.971887579068)
ed32f5ca599506ffc2ab5b0e84c3dde57e75f4043f1529f132040a6f82fc0b0c91616a72d1dede4874b43da2157e6b1971fee0f2514cf33329d7a1382633bea1,,07/13/2025 02:05:00 PM,30,NO CONTROLS,NO CONTROLS,CLEAR,DAYLIGHT,REAR TO FRONT,NOT DIVIDED,,STRAIGHT AND LEVEL,DRY,UNKNOWN,NOT ON SCENE (DESK REPORT),NO INJURY / DRIVE AWAY,,,,$500 OR LESS,07/14/2025 08:55:00 AM,UNABLE TO DETERMINE,NOT APPLICABLE,8725,S,ADA ST,2222,,,,,,,2,NO INDICATION OF INJURY,0,0,0,0,0,3,0,14,1,7,41.7351119591,-87.6568186732,POINT (-87.656818673243 41.735111959075)
5f0ff746f21a027b1103e8987a56d5d51dce3669dcc4f1882a725195fe85498692047fafee2f1601503c7b5a36b43515304b4a264cc1f50ee7a8856d9f0f3d61,,07/13/2025 02:00:00 PM,15,UNKNOWN,UNKNOWN,UNKNOWN,UNKNOWN,FIXED OBJECT,PARKING LOT,,STRAIGHT AND LEVEL,UNKNOWN,UNKNOWN,ON SCENE,NO INJURY / DRIVE AWAY,,,,$500 OR LESS,07/13/2025 02:00:00 PM,NOT APPLICABLE,NOT APPLICABLE,2255,E,103RD ST,434,,,,,,,1,,,,,,,,,14,1,7,41.7079332906,-87.5683491228,POINT (-87.568349122821 41.707933290572)
64c022d9814cf1236f73bbc48b90d9b228cfe512f1cd2a1e38315d67965c37e10e226cb80ee78e2c9ca6acba660c0b72c59ea06d9061a65bcb14f27eb4463182,,07/13/2025 02:00:00 PM,30,NO CONTROLS,NO CONTROLS,CLEAR,DAYLIGHT,PARKED MOTOR VEHICLE,NOT DIVIDED,,STRAIGHT AND LEVEL,DRY,NO DEFECTS,NOT ON SCENE (DESK REPORT),NO INJURY / DRIVE AWAY,,,Y,"OVER $1,500",07/13/2025 06:34:00 PM,UNABLE TO DETERMINE,UNABLE TO DETERMINE,2913,N,KOSTNER AVE,2523,,,,,,,2,NO INDICATION OF INJURY,0,0,0,0,0,1,0,14,1,7,41.9339319893,-87.7367258535,POINT (-87.736725853477 41.933931989344)
a9098292cabf0851e2440c3a93cc3c000ec4e8018d7b2402b9ec6e7c93a134a2759aa5769c917b9e4cbdabb5839673a653fa9c952ecd29892cab46628e364502,,07/13/2025 02:00:00 PM,30,NO CONTROLS,NO CONTROLS,CLEAR,DAYLIGHT,PARKED MOTOR VEHICLE,PARKING LOT,,STRAIGHT AND LEVEL,DRY,UNKNOWN,NOT ON SCENE (DESK REPORT),NO INJURY / DRIVE AWAY,,,Y,"$501 - $1,500",07/15/2025 03:30:00 PM,FOLLOWING TOO CLOSELY,FOLLOWING TOO CLOSELY,3046,N,HALSTED ST,1933,,,,,,,2,NO INDICATION OF INJURY,0,0,0,0,0,1,0,14,1,7,41.9376938846,-87.649341417,POINT (-87.649341416993 41.937693884636)
aeb2df24ca0f673dceec2bbe1295f77ede07869cda1c50d5c071564c13dfbbef4e5e57a2b2eb9adc5cc1347f3fb9720f52f71d3018d68229813218af4a9f9b76,N,07/13/2025 02:00:00 PM,30,NO CONTROLS,NO CONTROLS,CLEAR,DAYLIGHT,PARKED MOTOR VEHICLE,NOT DIVIDED,,STRAIGHT AND LEVEL,DRY,UNKNOWN,NOT ON SCENE (DESK REPORT),NO INJURY / DRIVE AWAY,,,Y,"OVER $1,500",07/13/2025 07:30:00 PM,NOT APPLICABLE,NOT APPLICABLE,3200,S,LITUANICA AVE,913,,,,,,,2,NO INDICATION OF INJURY,0,0,0,0,0,1,0,14,1,7,41.8363838704,-87.6488135387,POINT (-87.648813538685 41.836383870357)
b7fafb65b0ffe1054c690ecbc1b029baab512f925bbf0f2d615c66ebd395ae0ca609ff73d01cd89a7c62c7b8883257bf8c8cb841f3e1edd0af79ae58e7038c18,,07/13/2025 02:00:00 PM,30,NO CONTROLS,NO CONTROLS,CLEAR,DAYLIGHT,SIDESWIPE SAME DIRECTION,DIVIDED - W/MEDIAN BARRIER,,STRAIGHT AND LEVEL,DRY,NO DEFECTS,NOT ON SCENE (DESK REPORT),NO INJURY / DRIVE AWAY,,,,"OVER $1,500",07/13/2025 02:50:00 PM,FAILING TO YIELD RIGHT-OF-WAY,NOT APPLICABLE,200,S,MICHIGAN AVE,113,Y,,,,,,2,NO INDICATION OF INJURY,0,0,0,0,0,3,0,14,1,7,41.8794893287,-87.6244981249,POINT (-87.624498124934 41.879489328698)
8eea6aa1aa35017181b7ab95196c463ea7a893989739194dbf2da0d0e873b8fda1fcb3e2d30764789b924d7c1fa2ea1f4f2641667ed590108f4000c47632ce9a,,07/13/2025 01:56:00 PM,30,NO CONTROLS,UNKNOWN,UNKNOWN,UNKNOWN,REAR END,NOT DIVIDED,,STRAIGHT AND LEVEL,UNKNOWN,UNKNOWN,NOT ON SCENE (DESK REPORT),NO INJURY / DRIVE AWAY,,,Y,"OVER $1,500",07/13/2025 03:28:00 PM,IMPROPER OVERTAKING/PASSING,IMPROPER OVERTAKING/PASSING,5630,N,SHERIDAN RD,2022,,,,,,,2,NO INDICATION OF INJURY,0,0,0,0,0,2,0,13,1,7,41.9846998017,-87.6553704032,POINT (-87.655370403153 41.984699801681)
2bca15ed8171329bdb3a8252442cc5a2a4f6a21cd8ced91d19cc5662829863360f8958bc44afd6269040bc165071770f01f7164e0bcdcf25b944a53808f6d379,,07/13/2025 01:52:00 PM,30,NO CONTROLS,NO CONTROLS,CLEAR,DAYLIGHT,ANGLE,NOT DIVIDED,,STRAIGHT AND LEVEL,DRY,NO DEFECTS,NOT ON SCENE (DESK REPORT),NO INJURY / DRIVE AWAY,,,Y,"OVER $1,500",07/13/2025 02:32:00 PM,FAILING TO YIELD RIGHT-OF-WAY,DRIVING SKILLS/KNOWLEDGE/EXPERIENCE,3900,W,OGDEN AVE,1014,,,,,,,2,NO INDICATION OF INJURY,0,0,0,0,0,2,0,13,1,7,41.8521067288,-87.7223987246,POINT (-87.722398724589 41.8521067288)
1e697de43eca8a72fe55868ca45d3635c9cfb18ff9e3151aa67c1bed876683b57a11d3fa7ea59e536e63365bc1636fec7003019f4ca47c4a6b53dc1db3e3b456,,07/13/2025 01:40:00 PM,35,NO CONTROLS,NO CONTROLS,CLEAR,DAYLIGHT,TURNING,DIVIDED - W/MEDIAN (NOT RAISED),,STRAIGHT AND LEVEL,DRY,NO DEFECTS,ON SCENE,INJURY AND / OR TOW DUE TO CRASH,Y,,,"OVER $1,500",07/13/2025 01:45:00 PM,FAILING TO YIELD RIGHT-OF-WAY,FAILING TO REDUCE SPEED TO AVOID CRASH,1830,S,ASHLAND AVE,1234,,,,,,,2,NONINCAPACITATING INJURY,3,0,0,3,0,2,0,13,1,7,41.8569289759,-87.6662707292,POINT (-87.666270729165 41.856928975866)
3c0087fa09eeaf4c094594479ff45676c6ed190ef74026562763120015c9cecf2ef28b00b56e2984ef5c518d7c47741de0b0716c65d96e0258d9f6bb89bc902f,,07/13/2025 01:30:00 PM,30,NO CONTROLS,NO CONTROLS,CLEAR,DAYLIGHT,PARKED MOTOR VEHICLE,NOT DIVIDED,,STRAIGHT AND LEVEL,DRY,NO DEFECTS,,NO INJURY / DRIVE AWAY,,,,"OVER $1,500",07/13/2025 02:40:00 PM,UNABLE TO DETERMINE,NOT APPLICABLE,1834,W,AUGUSTA BLVD,1212,,,,,,,2,NO INDICATION OF INJURY,0,0,0,0,0,3,0,13,1,7,41.8997215869,-87.6736381704,POINT (-87.673638170364 41.899721586946)
3df5dd49a438467ec65108ed41bc5e2dda7f77ce005cdbc10cd329b867a9f8a84eb26a2ae5b65b9dd9dd0a8828431e6123c99f01ce6e374e4510d87c774e3e5e,,07/13/2025 01:30:00 PM,30,STOP SIGN/FLASHER,FUNCTIONING PROPERLY,CLEAR,DAYLIGHT,REAR END,DIVIDED - W/MEDIAN (NOT RAISED),,STRAIGHT AND LEVEL,DRY,NO DEFECTS,NOT ON SCENE (DESK REPORT),INJURY AND / OR TOW DUE TO CRASH,,,,"OVER $1,500",07/13/2025 02:00:00 PM,FOLLOWING TOO CLOSELY,NOT APPLICABLE,10298,S,EWING AVE,432,,,,,,,2,"REPORTED, NOT EVIDENT",2,0,0,0,2,1,0,13,1,7,41.7083071294,-87.535436041,POINT (-87.535436041028 41.708307129415)
a0fc2e77948f95fed534229679157157a680f049e76530514c6442a1a3ad637bbd7e89d20d4e6c82f711bdeb922382a1f65b383273b4ab4f67cba1c2afcd656b,,07/13/2025 01:30:00 PM,15,NO CONTROLS,NO CONTROLS,CLEAR,DAYLIGHT,ANGLE,PARKING LOT,,STRAIGHT AND LEVEL,UNKNOWN,UNKNOWN,ON SCENE,INJURY AND / OR TOW DUE TO CRASH,,Y,,"OVER $1,500",07/13/2025 01:35:00 PM,UNABLE TO DETERMINE,UNABLE TO DETERMINE,3250,W,87TH ST,834,,,,,,,2,NO INDICATION OF INJURY,0,0,0,0,0,3,0,13,1,7,41.7352740895,-87.7035112835,POINT (-87.703511283506 41.735274089541)
380f626e95613dbe2b6acac056ac29705d04540912b225f2415870ab41159ae65383941e83c8b2ab74ee37f6d804af427d775e81fd937572b13d259dcd014f46,,07/13/2025 01:20:00 PM,30,TRAFFIC SIGNAL,FUNCTIONING PROPERLY,UNKNOWN,DAYLIGHT,REAR END,OTHER,,STRAIGHT AND LEVEL,UNKNOWN,UNKNOWN,NOT ON SCENE (DESK REPORT),NO INJURY / DRIVE AWAY,,,,"OVER $1,500",07/21/2025 11:00:00 AM,UNABLE TO DETERMINE,NOT APPLICABLE,9500,S,STONY ISLAND AVE,511,,,,,,,2,NO INDICATION OF INJURY,0,0,0,0,0,2,0,13,1,7,41.722257273,-87.5852755651,POINT (-87.585275565077 41.722257273006)
43d6159103cc42efde2b48bb835f086fc85015c1a1bcdc85c6c46e2287e227ef106c6c746dad0394e17ece265c2ab6ba9f922e42d2c6d9ca5023094d286c1e4c,,07/13/2025 01:08:00 PM,30,STOP SIGN/FLASHER,FUNCTIONING PROPERLY,CLEAR,DAYLIGHT,ANGLE,UNKNOWN INTERSECTION TYPE,,STRAIGHT AND LEVEL,DRY,NO DEFECTS,ON SCENE,INJURY AND / OR TOW DUE TO CRASH,Y,,,"$501 - $1,500",07/13/2025 01:09:00 PM,UNABLE TO DETERMINE,UNABLE TO DETERMINE,4798,S,MICHIGAN AVE,224,,,,,,,2,"REPORTED, NOT EVIDENT",2,0,0,0,2,0,0,13,1,7,41.8075550983,-87.6229359272,POINT (-87.622935927222 41.807555098327)
cde4409bcad8a3e4c1b27fb7ef8af9ed3f4cdeaecc0881817ea67d5c460c209974e04902a49e6a2b957f792b005ea34b736c65e2501ee15f6ab7713a498fc5bb,,07/13/2025 01:00:00 PM,20,NO CONTROLS,NO CONTROLS,CLEAR,DAYLIGHT,REAR TO FRONT,PARKING LOT,,STRAIGHT AND LEVEL,DRY,NO DEFECTS,NOT ON SCENE (DESK REPORT),NO INJURY / DRIVE AWAY,,Y,,"$501 - $1,500",07/21/2025 09:20:00 PM,IMPROPER BACKING,NOT APPLICABLE,4701,W,FOSTER AVE,1712,,,,,,,2,NO INDICATION OF INJURY,0,0,0,0,0,3,0,13,1,7,41.9752605117,-87.7456803998,POINT (-87.745680399798 41.975260511682)
e479e13a4ad8089378261116e4d7fa73be52c5dbf1b7ef6fa2ea62d409885ea5b677b7bc0a3753d1c5bc43ef879c083df1530326a520ad85d00fbf35fb168c61,,07/13/2025 01:00:00 PM,30,NO CONTROLS,NO CONTROLS,UNKNOWN,DAYLIGHT,OTHER NONCOLLISION,DIVIDED - W/MEDIAN (NOT RAISED),,STRAIGHT AND LEVEL,UNKNOWN,"RUT, HOLES",NOT ON SCENE (DESK REPORT),NO INJURY / DRIVE AWAY,,,,"OVER $1,500",07/14/2025 02:50:00 PM,ROAD ENGINEERING/SURFACE/MARKING DEFECTS,NOT APPLICABLE,904,N,HALSTED ST,1822,,,,,,,1,NO INDICATION OF INJURY,0,0,0,0,0,1,0,13,1,7,41.8991173139,-87.648027093,POINT (-87.648027093017 41.899117313896)
6fc6895f72eed83c879ceadd7a0b61a4ad7b9fe5a89b28b08d2a2d56d68922f2dbc807d92a567727601d458ecc40bd188302ca23bd5363136e89d055d911e602,,07/13/2025 12:57:00 PM,30,UNKNOWN,UNKNOWN,CLEAR,UNKNOWN,PARKED MOTOR VEHICLE,NOT DIVIDED,,STRAIGHT AND LEVEL,UNKNOWN,UNKNOWN,NOT ON SCENE (DESK REPORT),NO INJURY / DRIVE AWAY,,,,"OVER $1,500",07/16/2025 01:21:00 PM,NOT APPLICABLE,NOT APPLICABLE,1451,N,MOHAWK ST,1821,,,,,,,2,NO INDICATION OF INJURY,0,0,0,0,0,1,0,12,1,7,41.9090636226,-87.642015552,POINT (-87.642015551973 41.909063622571)
a68e6941f6da5bd5be8e43944cc0bb8babe6a98a2a4b28738476d14bf24be6678690566c97387c6fd672ab8f44ed42636d4936146d4ffdff6cba17241e95fc77,Y,07/13/2025 12:53:00 PM,25,NO CONTROLS,NO CONTROLS,CLEAR,DAYLIGHT,PARKED MOTOR VEHICLE,ONE-WAY,,STRAIGHT AND LEVEL,DRY,NO DEFECTS,ON SCENE,INJURY AND / OR TOW DUE TO CRASH,,,,"OVER $1,500",07/13/2025 02:00:00 PM,DRIVING SKILLS/KNOWLEDGE/EXPERIENCE,UNABLE TO DETERMINE,2638,S,HARDING AVE,1031,,,,,,,3,NO INDICATION OF INJURY,0,0,0,0,0,1,0,12,1,7,41.8430878753,-87.7234468972,POINT (-87.723446897151 41.84308787527)