CRASH_RECORD_ID,CRASH_DATE_EST_I,CRASH_DATE,POSTED_SPEED_LIMIT,TRAFFIC_CONTROL_DEVICE,DEVICE_CONDITION,WEATHER_CONDITION,LIGHTING_CONDITION,FIRST_CRASH_TYPE,TRAFFICWAY_TYPE,LANE_CNT,ALIGNMENT,ROADWAY_SURFACE_COND,ROAD_DEFECT,REPORT_TYPE,CRASH_TYPE,INTERSECTION_RELATED_I,NOT_RIGHT_OF_WAY_I,HIT_AND_RUN_I,DAMAGE,DATE_POLICE_NOTIFIED,PRIM_CONTRIBUTORY_CAUSE,SEC_CONTRIBUTORY_CAUSE,STREET_NO,STREET_DIRECTION,STREET_NAME,BEAT_OF_OCCURRENCE,PHOTOS_TAKEN_I,STATEMENTS_TAKEN_I,DOORING_I,WORK_ZONE_I,WORK_ZONE_TYPE,WORKERS_PRESENT_I,NUM_UNITS,MOST_SEVERE_INJURY,INJURIES_TOTAL,INJURIES_FATAL,INJURIES_INCAPACITATING,INJURIES_NON_INCAPACITATING,INJURIES_REPORTED_NOT_EVIDENT,INJURIES_NO_INDICATION,INJURIES_UNKNOWN,CRASH_HOUR,CRASH_DAY_OF_WEEK,CRASH_MONTH,LATITUDE,LONGITUDE,LOCATION
05b57a604d76f9976b0a24d443a2236ba6caf5143c89202ef9a95de67bae4f37d9a0fc0cfb381520825e1dd10308892bb999532e7b0713d2701f5dd082b035b8,,07/13/2025 12:50:00 PM,25,STOP SIGN/FLASHER,FUNCTIONING PROPERLY,CLEAR,DAYLIGHT,PARKED MOTOR VEHICLE,NOT DIVIDED,,STRAIGHT AND LEVEL,DRY,NO DEFECTS,NOT ON SCENE (DESK REPORT),NO INJURY / DRIVE AWAY,,,,"$501 - $1,500",07/13/2025 03:30:00 PM,UNABLE TO DETERMINE,UNABLE TO DETERMINE,1755,W,36TH ST,912,,,,,,,3,NO INDICATION OF INJURY,0,0,0,0,0,1,0,12,1,7,41.8285108666,-87.6701211469,POINT (-87.670121146948 41.828510866552)
9002254af4a051b14f9239e409bf48271c52c143fc393895a61cc3542b3a12ea96a8357e9924594392ce3749e9cd0f73c525b1ff10d362494953229438b1735a,,07/13/2025 12:50:00 PM,30,STOP SIGN/FLASHER,NO CONTROLS,CLEAR,DAYLIGHT,ANIMAL,NOT DIVIDED,,STRAIGHT AND LEVEL,DRY,NO DEFECTS,NOT ON SCENE (DESK REPORT),NO INJURY / DRIVE AWAY,,,Y,$500 OR LESS,07/13/2025 12:58:00 PM,FAILING TO YIELD RIGHT-OF-WAY,NOT APPLICABLE,1800,S,BLUE ISLAND AVE,1233,,,,,,,2,NO INDICATION OF INJURY,0,0,0,0,0,2,0,12,1,7,41.8576650964,-87.6615076578,POINT (-87.661507657816 41.857665096354)
74f0272e9eb5eccdb039db331e761a5aeb90430f65e30d2aabfad443e5795e6c4340022057b25faca1a80c71c1f2d298c85b9ac89ddc0ab769c04871a9d9f067,,07/13/2025 12:47:00 PM,30,UNKNOWN,UNKNOWN,CLEAR,DAYLIGHT,SIDESWIPE OPPOSITE DIRECTION,NOT DIVIDED,,STRAIGHT AND LEVEL,DRY,UNKNOWN,ON SCENE,INJURY AND / OR TOW DUE TO CRASH,N,,N,"OVER $1,500",07/13/2025 12:55:00 PM,UNABLE TO DETERMINE,UNABLE TO DETERMINE,3301,W,AUGUSTA BLVD,1121,,Y,,,,,2,NONINCAPACITATING INJURY,3,0,0,3,0,0,0,12,1,7,41.8990606613,-87.708882578,POINT (-87.708882577975 41.899060661262)
bb3d48ecac5c14878923151cecb32c04af720ba5396e94c2f81233cbcf76b49f5aa5b6ae9bb853d164100ca9b1079389ced9ca3c20f4ac3376232f4b571e9326,,07/13/2025 12:45:00 PM,15,NO CONTROLS,NO CONTROLS,CLEAR,DAYLIGHT,REAR END,OTHER,,STRAIGHT AND LEVEL,DRY,NO DEFECTS,NOT ON SCENE (DESK REPORT),NO INJURY / DRIVE AWAY,,,,"$501 - $1,500",07/13/2025 01:25:00 PM,UNABLE TO DETERMINE,UNABLE TO DETERMINE,4158,S,ASHLAND AVE,924,,,,,,,2,NO INDICATION OF INJURY,0,0,0,0,0,2,0,12,1,7,41.817742737,-87.6653350123,POINT (-87.665335012334 41.817742737026)
0ffa6b4134f2674ae6af1777ba12b523b22bddb3e5e15aa35380c0d8d628daf1d169d8fc75e199d17b09481ab6e8b80310dc3ea0ea3eb72832789843d099c69c,,07/13/2025 12:30:00 PM,30,TRAFFIC SIGNAL,FUNCTIONING PROPERLY,CLOUDY/OVERCAST,DAYLIGHT,REAR END,NOT DIVIDED,,STRAIGHT AND LEVEL,DRY,NO DEFECTS,NOT ON SCENE (DESK REPORT),NO INJURY / DRIVE AWAY,,,Y,"OVER $1,500",07/13/2025 01:15:00 PM,FAILING TO REDUCE SPEED TO AVOID CRASH,NOT APPLICABLE,3200,W,59TH ST,822,,,,,,,2,NO INDICATION OF INJURY,0,0,0,0,0,3,0,12,1,7,41.7863573187,-87.7034123861,POINT (-87.70341238607 41.786357318651)
36572d5ab56f7b383e6b557c9c8fefe557cd3f24197452328dd6da86d51a8777cd3d4556545d4da1b5fcbffd54d3c8e45af2b3ff9ba9d42c1a147b9ca9907f01,,07/13/2025 12:30:00 PM,35,TRAFFIC SIGNAL,FUNCTIONING PROPERLY,CLEAR,DAYLIGHT,REAR END,NOT DIVIDED,,STRAIGHT AND LEVEL,DRY,NO DEFECTS,NOT ON SCENE (DESK REPORT),NO INJURY / DRIVE AWAY,,,,"OVER $1,500",07/23/2025 09:30:00 PM,UNABLE TO DETERMINE,UNABLE TO DETERMINE,4800,W,NORTH AVE,2533,,,,,,,2,NO INDICATION OF INJURY,0,0,0,0,0,2,0,12,1,7,41.9097338901,-87.746244973,POINT (-87.746244972959 41.909733890131)
495d1553fcc3cd2f52e0daba45e51c69de8ead98687cfcad3e03c66af367a9d6eed18d80f061340afbc18dce13d0d3b99e546a9c88d110e82d6caa8211713f5b,,07/13/2025 12:19:00 PM,30,NO CONTROLS,NO CONTROLS,CLEAR,DARKNESS,REAR END,NOT DIVIDED,,STRAIGHT AND LEVEL,DRY,NO DEFECTS,NOT ON SCENE (DESK REPORT),NO INJURY / DRIVE AWAY,,,,"OVER $1,500",07/14/2025 06:20:00 PM,UNABLE TO DETERMINE,UNABLE TO DETERMINE,222,N,GREEN ST,1214,,,,,,,2,NO INDICATION OF INJURY,0,0,0,0,0,3,0,12,1,7,41.8864053501,-87.6488127004,POINT (-87.648812700404 41.886405350077)
be2a980fa8658cde44118c70dc14362f6106de53d38022e1be2c0d339d70dbf231d55bf1f11f68a103d41dbaf9687ae49c846d9dcccfa221ef2a2ee1ebfbf3e7,,07/13/2025 12:14:00 PM,20,NO CONTROLS,NO CONTROLS,CLEAR,DAYLIGHT,PARKED MOTOR VEHICLE,NOT DIVIDED,,STRAIGHT AND LEVEL,DRY,NO DEFECTS,ON SCENE,INJURY AND / OR TOW DUE TO CRASH,,,,"OVER $1,500",07/13/2025 12:21:00 PM,UNABLE TO DETERMINE,UNABLE TO DETERMINE,5361,S,KILBOURN AVE,815,,,,,,,2,NONINCAPACITATING INJURY,1,0,0,1,0,0,0,12,1,7,41.7949826742,-87.7353163335,POINT (-87.735316333527 41.794982674247)
aaf0822474953e8efe5cbd7ff57c0e6ea2ada969cddcd6379489295041907710cc71e3fa1b107ca1c44fe9fc47e56f425a5af46c98b788eb1ccb7a86e8d7b16b,,07/13/2025 12:13:00 PM,30,NO CONTROLS,NO CONTROLS,CLEAR,DAYLIGHT,REAR END,DIVIDED - W/MEDIAN (NOT RAISED),,STRAIGHT AND LEVEL,DRY,NO DEFECTS,NOT ON SCENE (DESK REPORT),NO INJURY / DRIVE AWAY,,,,"OVER $1,500",07/14/2025 09:27:00 AM,FOLLOWING TOO CLOSELY,NOT APPLICABLE,1318,W,95TH ST,2222,,,,,,,2,NO INDICATION OF INJURY,0,0,0,0,0,2,0,12,1,7,41.7214094578,-87.6562001149,POINT (-87.65620011486 41.72140945775)
5e49200b392f3f3990b22d54859c50dbeb398311047dec3d45315af9174e3e59d08bc8dd781ea740861d97c0754546a3e9d31733edbbf2dfe506b0ea2d15b953,,07/13/2025 12:00:00 PM,30,TRAFFIC SIGNAL,UNKNOWN,CLEAR,DAYLIGHT,TURNING,FOUR WAY,,STRAIGHT AND LEVEL,DRY,NO DEFECTS,ON SCENE,NO INJURY / DRIVE AWAY,Y,,,"OVER $1,500",07/13/2025 12:00:00 PM,FAILING TO YIELD RIGHT-OF-WAY,FAILING TO YIELD RIGHT-OF-WAY,1823,N,CICERO AVE,2533,,,,,,,2,NO INDICATION OF INJURY,0,0,0,0,0,2,0,12,1,7,41.9140090218,-87.7458463601,POINT (-87.745846360128 41.914009021752)
e7f46be2ee4d0e6030dce9f58269d34dc892da49c28ad191231ed5c85e3a8a128abb41617cd4f4ef78fbba292fad59df34371d79cb53578be573f0c6d3c1bad6,,07/13/2025 12:00:00 PM,30,OTHER REG. SIGN,FUNCTIONING PROPERLY,CLEAR,DAYLIGHT,PARKED MOTOR VEHICLE,NOT DIVIDED,,STRAIGHT AND LEVEL,DRY,NO DEFECTS,NOT ON SCENE (DESK REPORT),NO INJURY / DRIVE AWAY,,,,"OVER $1,500",07/13/2025 12:10:00 PM,DRIVING SKILLS/KNOWLEDGE/EXPERIENCE,UNABLE TO DETERMINE,81,E,11TH ST,123,,,,,,,2,NO INDICATION OF INJURY,0,0,0,0,0,1,0,12,1,7,41.8691924587,-87.6244866253,POINT (-87.624486625308 41.869192458732)
f088cd0de7978830a237b9826019783eec98638d2ef068905e0bdb7c4bdc5c1faf7dc0c652c644bebae55169b5f30e2060c17bc90b796786c28bff55fb448b4f,,07/13/2025 12:00:00 PM,20,NO CONTROLS,NO CONTROLS,CLEAR,DAYLIGHT,PARKED MOTOR VEHICLE,NOT DIVIDED,,STRAIGHT AND LEVEL,DRY,UNKNOWN,NOT ON SCENE (DESK REPORT),NO INJURY / DRIVE AWAY,,,Y,"OVER $1,500",07/13/2025 02:42:00 PM,UNABLE TO DETERMINE,UNABLE TO DETERMINE,1308,W,112TH PL,2234,,,,,,,2,NO INDICATION OF INJURY,0,0,0,0,0,1,0,12,1,7,41.6894723574,-87.654829201,POINT (-87.654829201043 41.689472357422)
93a633661568ad76a54465cdecf80337345c41cbe6814c716e2620d9e2e3f6cf24d7265e45bee3a8cad79dbf89537c756341ff190011718a516c524ea6990699,,07/13/2025 11:59:00 AM,30,NO CONTROLS,NO CONTROLS,CLEAR,"DARKNESS, LIGHTED ROAD",PARKED MOTOR VEHICLE,DIVIDED - W/MEDIAN (NOT RAISED),,STRAIGHT AND LEVEL,DRY,NO DEFECTS,ON SCENE,INJURY AND / OR TOW DUE TO CRASH,,,Y,"OVER $1,500",07/14/2025 12:16:00 AM,UNABLE TO DETERMINE,UNABLE TO DETERMINE,6245,N,KEDZIE AVE,2413,,,,,,,4,NO INDICATION OF INJURY,0,0,0,0,0,1,0,11,1,7,41.9951526582,-87.7091362685,POINT (-87.709136268491 41.995152658168)
ba137885452861b4c247f803568ce5fcca3c7a554909ff846a8139dccc33de671df850b552e39b2d2bf15e7450b3e7569753421f76551503f6c46fe05aa5bbff,,07/13/2025 11:45:00 AM,30,NO CONTROLS,NO CONTROLS,CLEAR,DAYLIGHT,PARKED MOTOR VEHICLE,PARKING LOT,,STRAIGHT AND LEVEL,DRY,NO DEFECTS,ON SCENE,INJURY AND / OR TOW DUE TO CRASH,,,Y,"OVER $1,500",07/13/2025 11:45:00 AM,FOLLOWING TOO CLOSELY,NOT APPLICABLE,3801,W,HARRISON ST,1133,,,,,,,2,NO INDICATION OF INJURY,0,0,0,0,0,1,0,11,1,7,41.8734046453,-87.7203996283,POINT (-87.720399628297 41.873404645345)
f56e84e8aa45ec9b6fbbf71eaebd383862ec2b0b2aefd10726bc3964a98d511e7a3d354c52938fb112304178c969f956d18b774eddeda9ac85b27e980d13b614,,07/13/2025 11:45:00 AM,25,NO CONTROLS,NO CONTROLS,CLEAR,DAYLIGHT,PARKED MOTOR VEHICLE,ONE-WAY,,STRAIGHT AND LEVEL,DRY,NO DEFECTS,NOT ON SCENE (DESK REPORT),NO INJURY / DRIVE AWAY,,,,"OVER $1,500",07/13/2025 11:59:00 AM,FAILING TO YIELD RIGHT-OF-WAY,FAILING TO YIELD RIGHT-OF-WAY,3429,W,64TH ST,823,,,,,,,2,NO INDICATION OF INJURY,0,0,0,0,0,1,0,11,1,7,41.776933356,-87.7091122,POINT (-87.709112199951 41.776933356048)
fc6e5d7e2853f483f426fc287e9594f5016f35673fed21817961945f1c5488634481f3860958a2b6646a05c69ae9237c34237fd2ee9603908ebbf6b9efe0d6e9,,07/13/2025 11:45:00 AM,30,TRAFFIC SIGNAL,FUNCTIONING PROPERLY,CLEAR,DAYLIGHT,SIDESWIPE SAME DIRECTION,NOT DIVIDED,,STRAIGHT AND LEVEL,DRY,NO DEFECTS,ON SCENE,NO INJURY / DRIVE AWAY,,,,"OVER $1,500",07/13/2025 11:46:00 AM,DRIVING SKILLS/KNOWLEDGE/EXPERIENCE,NOT APPLICABLE,2317,W,ARMITAGE AVE,1434,,,,,,,2,NO INDICATION OF INJURY,0,0,0,0,0,3,0,11,1,7,41.9174897916,-87.6857249203,POINT (-87.685724920267 41.917489791606)
41b429d7b64bdb846254c85fb79d8b3e39e1f550fae846eafee971e8d9b172c1af4ff416e4ceedf34ad9fb9b0d2bd8abb5b11370159b368165d248c603e9f5f4,,07/13/2025 11:30:00 AM,30,NO CONTROLS,NO CONTROLS,CLEAR,DAYLIGHT,PARKED MOTOR VEHICLE,PARKING LOT,,STRAIGHT AND LEVEL,DRY,UNKNOWN,NOT ON SCENE (DESK REPORT),NO INJURY / DRIVE AWAY,,,Y,"OVER $1,500",07/13/2025 02:57:00 PM,UNABLE TO DETERMINE,NOT APPLICABLE,6040,W,DIVERSEY AVE,2511,,,,,,,2,NO INDICATION OF INJURY,0,0,0,0,0,1,0,11,1,7,41.9312255486,-87.7776346863,POINT (-87.777634686326 41.931225548628)
6e57cf5354ebc21e73bdcf42d55a4d52314bea77556a96013120bb2df636b032ff9f495779b3ca011fc8aa951a8a7fdd1d157a60ec8099cf3125f6e2e5e5a6e9,,07/13/2025 11:30:00 AM,25,NO CONTROLS,NO CONTROLS,CLEAR,DAYLIGHT,SIDESWIPE OPPOSITE DIRECTION,PARKING LOT,,STRAIGHT AND LEVEL,DRY,NO DEFECTS,NOT ON SCENE (DESK REPORT),NO INJURY / DRIVE AWAY,,,Y,$500 OR LESS,07/13/2025 07:00:00 PM,FOLLOWING TOO CLOSELY,NOT APPLICABLE,641,W,31ST ST,915,,,,,,,2,NO INDICATION OF INJURY,0,0,0,0,0,2,0,11,1,7,41.8379759609,-87.643032712,POINT (-87.643032712003 41.837975960883)
c35945a3e24f60375ce0764795c457914d74605536d99e678a8aa71969d521f0b6a82f5c6b108a10b21f2ffd3aec05be57a2fd5b6f8555875c3b5b75d80a8813,,07/13/2025 11:30:00 AM,30,NO CONTROLS,NO CONTROLS,CLEAR,DAYLIGHT,SIDESWIPE SAME DIRECTION,NOT DIVIDED,,STRAIGHT AND LEVEL,DRY,NO DEFECTS,NOT ON SCENE (DESK REPORT),NO INJURY / DRIVE AWAY,,,,$500 OR LESS,07/13/2025 11:40:00 AM,FAILING TO YIELD RIGHT-OF-WAY,FAILING TO YIELD RIGHT-OF-WAY,833,N,CLARK ST,1832,,,,,,,2,NO INDICATION OF INJURY,0,0,0,0,0,2,0,11,1,7,41.8976656439,-87.631124328,POINT (-87.631124327955 41.897665643885)
ebe4f15b2cdfefeff297ea8c0b4e41c5031f462c983b2968f2379a377e3147d4cf6e6b5770ce77b8df2932ee915dfb9d08957d916b57835eee2763e1abe12de6,,07/13/2025 11:21:00 AM,30,TRAFFIC SIGNAL,FUNCTIONING PROPERLY,CLEAR,DAYLIGHT,TURNING,FOUR WAY,,STRAIGHT AND LEVEL,DRY,UNKNOWN,ON SCENE,INJURY AND / OR TOW DUE TO CRASH,,,,"OVER $1,500",07/13/2025 11:24:00 AM,IMPROPER TURNING/NO SIGNAL,IMPROPER TURNING/NO SIGNAL,3900,S,DR MARTIN LUTHER KING JR DR,213,,,,,,,2,NONINCAPACITATING INJURY,1,0,0,1,0,1,0,11,1,7,41.8237727478,-87.6171420204,POINT (-87.617142020372 41.823772747763)
03fef4e016d2e9afed7f2d58196c0887a9fc11dabd2d92a05dafdca99d6c87db75544aa64f161a78e2e6560eb84d7e864dae299887ad9761d41f458d341664c4,,07/13/2025 11:15:00 AM,30,UNKNOWN,UNKNOWN,CLEAR,DAYLIGHT,PARKED MOTOR VEHICLE,ONE-WAY,,STRAIGHT AND LEVEL,DRY,UNKNOWN,ON SCENE,INJURY AND / OR TOW DUE TO CRASH,,,,"OVER $1,500",07/13/2025 11:20:00 AM,UNABLE TO DETERMINE,UNABLE TO DETERMINE,3941,W,BELLE PLAINE AVE,1723,,,,,,,2,NO INDICATION OF INJURY,0,0,0,0,0,1,0,11,1,7,41.9553772187,-87.7268962845,POINT (-87.726896284476 41.955377218681)
f7df2583826a1a80c6b66112ba658d0605f3cd67b1e995d62408b053b012cd5c97054c1800d7a1fd10c1c6c2354e41d590cd374a3ea66ad236ca16e5432469fc,,07/13/2025 11:12:00 AM,40,TRAFFIC SIGNAL,FUNCTIONING PROPERLY,CLEAR,DAYLIGHT,TURNING,FOUR WAY,,STRAIGHT AND LEVEL,DRY,NO DEFECTS,ON SCENE,INJURY AND / OR TOW DUE TO CRASH,Y,,,"OVER $1,500",07/13/2025 11:33:00 AM,UNABLE TO DETERMINE,UNABLE TO DETERMINE,1600,N,LA SALLE DR,1814,,,,,,,2,NO INDICATION OF INJURY,0,0,0,0,0,4,0,11,1,7,41.9112496561,-87.6333002484,POINT (-87.633300248411 41.911249656053)
aeb20731506469f5dad98f13e5e0d50e56915f13e9d48def6b7de915cb06c2f0d4be25e99d7c86bd9b012d825e9fc49d9d3b8ae8e36d6c87131e0a7548e770f5,,07/13/2025 11:05:00 AM,25,NO CONTROLS,NO CONTROLS,CLEAR,DAYLIGHT,PARKED MOTOR VEHICLE,DIVIDED - W/MEDIAN (NOT RAISED),,STRAIGHT AND LEVEL,DRY,UNKNOWN,NOT ON SCENE (DESK REPORT),NO INJURY / DRIVE AWAY,,,Y,"OVER $1,500",07/14/2025 05:15:00 PM,DRIVING SKILLS/KNOWLEDGE/EXPERIENCE,DRIVING SKILLS/KNOWLEDGE/EXPERIENCE,709,N,HAMLIN AVE,1112,,,,,,,2,NO INDICATION OF INJURY,0,0,0,0,0,1,0,11,1,7,41.8939097399,-87.7209971125,POINT (-87.72099711251 41.893909739905)
c9d1d53e2ded9764608a9ebd59367b745661d858e5f001f4ff4e8ee234266338dba8993e372012c102016212680fb784aa4cc1e50ebd95a32ee81a19431c5ceb,,07/13/2025 11:05:00 AM,30,NO CONTROLS,NO CONTROLS,CLEAR,DAYLIGHT,TURNING,NOT DIVIDED,,STRAIGHT AND LEVEL,DRY,NO DEFECTS,ON SCENE,NO INJURY / DRIVE AWAY,,,Y,"OVER $1,500",07/13/2025 11:22:00 AM,UNABLE TO DETERMINE,UNABLE TO DETERMINE,7100,N,RIDGE BLVD,2411,,,,,,,2,NO INDICATION OF INJURY,0,0,0,0,0,3,0,11,1,7,42.0112780003,-87.6828713889,POINT (-87.682871388901 42.011278000313)
8f44db1437e56d17932f292caa10dae95c789dfd1e83c3ee998a3230bc26686d745df302549006f998ffed2a9e539520a921c0d62f235a6a3e2737cb1b75d81f,,07/13/2025 10:45:00 AM,30,TRAFFIC SIGNAL,UNKNOWN,CLEAR,DAYLIGHT,ANGLE,FOUR WAY,,STRAIGHT AND LEVEL,DRY,WORN SURFACE,NOT ON SCENE (DESK REPORT),NO INJURY / DRIVE AWAY,Y,,,"OVER $1,500",07/14/2025 01:48:00 PM,FAILING TO YIELD RIGHT-OF-WAY,UNABLE TO DETERMINE,801,E,83RD ST,632,,,,,,,2,NO INDICATION OF INJURY,0,0,0,0,0,2,0,10,1,7,41.743860854,-87.6049683995,POINT (-87.604968399527 41.743860854042)
d2013d5d805d9f95d6a98295b0449f7a396aecc2a1df9032b6f0b7f5b044a222784da31e443b8c9ca44b330d59f8229a757e3fa4e931e540981b0d77985ce08c,,07/13/2025 10:14:00 AM,30,NO CONTROLS,NO CONTROLS,CLEAR,DAYLIGHT,TURNING,DIVIDED - W/MEDIAN (NOT RAISED),,STRAIGHT AND LEVEL,DRY,NO DEFECTS,ON SCENE,INJURY AND / OR TOW DUE TO CRASH,,,,"OVER $1,500",07/13/2025 10:14:00 AM,IMPROPER TURNING/NO SIGNAL,NOT APPLICABLE,1158,W,HOLLYWOOD AVE,2022,,,,,,,2,NONINCAPACITATING INJURY,2,0,0,2,0,4,0,10,1,7,41.9855649099,-87.6600101288,POINT (-87.660010128843 41.985564909904)
f9698729fcf46179ef51e13514dbdb14a08c66f0a6ee5d4dc68d3ee839b788468f3f4c21327f77ec1a8d11b3f445637f7a40b7739089ad61a6279976d1748c58,,07/13/2025 10:08:00 AM,30,OTHER,OTHER,CLEAR,DAYLIGHT,REAR END,NOT DIVIDED,,STRAIGHT AND LEVEL,DRY,NO DEFECTS,ON SCENE,INJURY AND / OR TOW DUE TO CRASH,,N,Y,"OVER $1,500",07/13/2025 10:09:00 AM,UNABLE TO DETERMINE,UNABLE TO DETERMINE,25,W,43RD ST,215,,,,,,,4,"REPORTED, NOT EVIDENT",4,0,0,0,4,3,0,10,1,7,41.8163674467,-87.6271781528,POINT (-87.627178152845 41.81636744667)
cdd0fc1d3f29f642c7901738c1047684eea0c9d96309df7c6180541e7bf3c29cc63a95c1fb0d4e96c2d8c2bd50f9bd76f9929219a951e43d996985c5e89a3489,,07/13/2025 10:05:00 AM,30,NO CONTROLS,NO CONTROLS,CLEAR,DAYLIGHT,SIDESWIPE SAME DIRECTION,DIVIDED - W/MEDIAN (NOT RAISED),,STRAIGHT AND LEVEL,DRY,SHOULDER DEFECT,ON SCENE,INJURY AND / OR TOW DUE TO CRASH,,,,"OVER $1,500",07/13/2025 10:07:00 AM,DRIVING SKILLS/KNOWLEDGE/EXPERIENCE,UNABLE TO DETERMINE,1610,W,NORTH AVE,1433,,,,,,,2,"REPORTED, NOT EVIDENT",2,0,0,0,2,3,0,10,1,7,41.9107328417,-87.6681776911,POINT (-87.668177691114 41.910732841659)
6457d5096f764ad0ae3f83302a611ba9d3144a03fe60a38c367a5502e3e7e0b0260ba310e18d0755978b641d036e5b2609c99f3d53de6c8591660df83fa685f8,,07/13/2025 10:00:00 AM,10,NO CONTROLS,NO CONTROLS,UNKNOWN,UNKNOWN,PARKED MOTOR VEHICLE,PARKING LOT,,STRAIGHT AND LEVEL,UNKNOWN,UNKNOWN,NOT ON SCENE (DESK REPORT),NO INJURY / DRIVE AWAY,,,Y,"$501 - $1,500",07/13/2025 12:40:00 PM,UNABLE TO DETERMINE,NOT APPLICABLE,4944,S,ARCHER AVE,821,,,,,,,2,NO INDICATION OF INJURY,0,0,0,0,0,1,0,10,1,7,41.8034669806,-87.7217864296,POINT (-87.721786429648 41.8034669806)
a7782d21c33f0a595b52d2d86e2fdd9534da7b2328fc8a16fc42f623c74447c14f855d205378d32a263b6abf000482cf49914d542c395df9d1d8279363e2d891,,07/13/2025 10:00:00 AM,30,NO CONTROLS,NO CONTROLS,CLEAR,DAYLIGHT,SIDESWIPE SAME DIRECTION,ONE-WAY,,STRAIGHT AND LEVEL,UNKNOWN,UNKNOWN,NOT ON SCENE (DESK REPORT),NO INJURY / DRIVE AWAY,,,,"$501 - $1,500",07/14/2025 11:00:00 AM,UNABLE TO DETERMINE,UNABLE TO DETERMINE,120,E,RANDOLPH ST,114,,,,,,,2,NO INDICATION OF INJURY,0,0,0,0,0,2,0,10,1,7,41.8845479458,-87.6235883436,POINT (-87.623588343598 41.884547945768)
f00fd063c8e53906e28fb0364d35ab7fe437f777bd83a500f9b0a1cc68fda78a5ef9bfdaf722351167bfda1237dda866616b9052b54931889a59100e1147a4c6,,07/13/2025 10:00:00 AM,30,NO CONTROLS,NO CONTROLS,CLEAR,DAYLIGHT,PARKED MOTOR VEHICLE,NOT DIVIDED,,STRAIGHT AND LEVEL,DRY,NO DEFECTS,ON SCENE,INJURY AND / OR TOW DUE TO CRASH,,,,"OVER $1,500",07/13/2025 10:00:00 AM,DRIVING SKILLS/KNOWLEDGE/EXPERIENCE,DRIVING SKILLS/KNOWLEDGE/EXPERIENCE,6233,N,SPRINGFIELD AVE,1711,,,,,,,2,NO INDICATION OF INJURY,0,0,0,0,0,1,0,10,1,7,41.9946738751,-87.7262721193,POINT (-87.726272119322 41.994673875132)
c1be289c640bbfb6c99a43eac615563ff5505b282e2b43a89c3223379421702af5058a542b10b9a797ae0db3e751c5c090d023432efc925a13121190eb8f74ba,,07/13/2025 09:45:00 AM,10,NO CONTROLS,NO CONTROLS,CLEAR,DAYLIGHT,PARKED MOTOR VEHICLE,PARKING LOT,,STRAIGHT AND LEVEL,DRY,NO DEFECTS,ON SCENE,NO INJURY / DRIVE AWAY,,Y,,"$501 - $1,500",07/13/2025 09:46:00 AM,UNABLE TO DETERMINE,UNABLE TO DETERMINE,5000,S,CORNELL AVE,222,,,,,,,2,NO INDICATION OF INJURY,0,0,0,0,0,1,0,9,1,7,41.8043050725,-87.5866286633,POINT (-87.586628663341 41.804305072451)
5f1e17679413f368adcd64a79e04cbf7eac24b4ffde09b3bbfd5bc868cd94b51b21544a721dd5336d336dcf9aa0da88126a54bce37ba4b6cda01823680e38c9e,,07/13/2025 09:35:00 AM,30,NO CONTROLS,NO CONTROLS,CLEAR,DAYLIGHT,REAR END,ONE-WAY,,STRAIGHT AND LEVEL,DRY,NO DEFECTS,NOT ON SCENE (DESK REPORT),NO INJURY / DRIVE AWAY,,,,"OVER $1,500",07/13/2025 10:15:00 AM,FOLLOWING TOO CLOSELY,NOT APPLICABLE,319,W,OHIO ST,1831,,,,,,,2,NO INDICATION OF INJURY,0,0,0,0,0,3,0,9,1,7,41.892247494,-87.6364553109,POINT (-87.636455310942 41.892247494028)
78b7e140b2f9ca1355bcfe2cc59987298c1c003ba345b78d9af943c9e9caa14524b8ff37c14a48a4ad0619a51da65809e612e617f75e1cf77653eb6f8ab7b8b4,,07/13/2025 09:32:00 AM,30,TRAFFIC SIGNAL,FUNCTIONING PROPERLY,CLEAR,DAYLIGHT,REAR END,FOUR WAY,,STRAIGHT AND LEVEL,DRY,NO DEFECTS,ON SCENE,INJURY AND / OR TOW DUE TO CRASH,Y,,,"OVER $1,500",07/13/2025 09:34:00 AM,FOLLOWING TOO CLOSELY,FAILING TO REDUCE SPEED TO AVOID CRASH,2635,W,111TH ST,2212,,,,,,,2,"REPORTED, NOT EVIDENT",1,0,0,0,1,1,0,9,1,7,41.6916157846,-87.6874453134,POINT (-87.687445313418 41.691615784592)
13aabb34a774955236bd6ab45e27bd2958802694f4eee50f840ee35676de59c904f67af39bd0fafe29f0cdadb73875555e7904381741484423afb7cb57be2f45,,07/13/2025 09:30:00 AM,20,STOP SIGN/FLASHER,NO CONTROLS,CLEAR,DAYLIGHT,ANGLE,FOUR WAY,,STRAIGHT AND LEVEL,DRY,NO DEFECTS,NOT ON SCENE (DESK REPORT),NO INJURY / DRIVE AWAY,Y,,Y,"OVER $1,500",07/13/2025 01:38:00 PM,DISREGARDING STOP SIGN,"OPERATING VEHICLE IN ERRATIC, RECKLESS, CARELESS, NEGLIGENT OR AGGRESSIVE MANNER",7999,S,UNION AVE,621,N,,,,,,2,NO INDICATION OF INJURY,0,0,0,0,0,2,0,9,1,7,41.7489507159,-87.6414057109,POINT (-87.6414057109 41.748950715938)