CRASH_RECORD_ID,CRASH_DATE_EST_I,CRASH_DATE,POSTED_SPEED_LIMIT,TRAFFIC_CONTROL_DEVICE,DEVICE_CONDITION,WEATHER_CONDITION,LIGHTING_CONDITION,FIRST_CRASH_TYPE,TRAFFICWAY_TYPE,LANE_CNT,ALIGNMENT,ROADWAY_SURFACE_COND,ROAD_DEFECT,REPORT_TYPE,CRASH_TYPE,INTERSECTION_RELATED_I,NOT_RIGHT_OF_WAY_I,HIT_AND_RUN_I,DAMAGE,DATE_POLICE_NOTIFIED,PRIM_CONTRIBUTORY_CAUSE,SEC_CONTRIBUTORY_CAUSE,STREET_NO,STREET_DIRECTION,STREET_NAME,BEAT_OF_OCCURRENCE,PHOTOS_TAKEN_I,STATEMENTS_TAKEN_I,DOORING_I,WORK_ZONE_I,WORK_ZONE_TYPE,WORKERS_PRESENT_I,NUM_UNITS,MOST_SEVERE_INJURY,INJURIES_TOTAL,INJURIES_FATAL,INJURIES_INCAPACITATING,INJURIES_NON_INCAPACITATING,INJURIES_REPORTED_NOT_EVIDENT,INJURIES_NO_INDICATION,INJURIES_UNKNOWN,CRASH_HOUR,CRASH_DAY_OF_WEEK,CRASH_MONTH,LATITUDE,LONGITUDE,LOCATION
f306f8217454c01949579fe2aa7d5c26105943e989e0ba3bb061c470bb572f16c8ba4a80ca02337b669347d66cfbab3e62e6f44f562de1897bb8e12fe5820207,,07/13/2025 09:30:00 AM,30,NO CONTROLS,NO CONTROLS,UNKNOWN,DAYLIGHT,PARKED MOTOR VEHICLE,ONE-WAY,,STRAIGHT AND LEVEL,UNKNOWN,NO DEFECTS,NOT ON SCENE (DESK REPORT),NO INJURY / DRIVE AWAY,,,Y,"OVER $1,500",07/15/2025 05:00:00 PM,IMPROPER OVERTAKING/PASSING,NOT APPLICABLE,410,E,BOWEN AVE,214,,,,,,,2,NO INDICATION OF INJURY,0,0,0,0,0,1,0,9,1,7,41.8194541977,-87.6160916487,POINT (-87.616091648709 41.819454197743)
45bea36a42f48be50f4986c3e6399e327406dbd06250d59c7ef4a3214f9745c90c94d10902a66e66a331af026eddcf5d4631d5afff5771725aa58a95274d659e,,07/13/2025 09:20:00 AM,30,NO CONTROLS,NO CONTROLS,CLEAR,DAYLIGHT,PARKED MOTOR VEHICLE,NOT DIVIDED,,STRAIGHT AND LEVEL,DRY,NO DEFECTS,NOT ON SCENE (DESK REPORT),NO INJURY / DRIVE AWAY,,,,"$501 - $1,500",07/13/2025 09:50:00 AM,DISTRACTION - FROM INSIDE VEHICLE,NOT APPLICABLE,4339,W,18TH PL,1012,,,,,,,2,NO INDICATION OF INJURY,0,0,0,0,0,1,0,9,1,7,41.8557715313,-87.7338879,POINT (-87.733887899952 41.855771531303)
e75451f157ec9fcf15fc53d29b8a0e02b19bed7e4f4da692e264248a115aaca73cd40dc3aa3a8be238b24d8a6138f308001a30bef8fd5852f161f7850ddbe37e,,07/13/2025 09:17:00 AM,30,NO CONTROLS,NO CONTROLS,CLEAR,DAYLIGHT,PEDALCYCLIST,NOT DIVIDED,,STRAIGHT AND LEVEL,DRY,NO DEFECTS,ON SCENE,INJURY AND / OR TOW DUE TO CRASH,,,,"$501 - $1,500",07/13/2025 09:18:00 AM,IMPROPER TURNING/NO SIGNAL,FAILING TO YIELD RIGHT-OF-WAY,3337,W,NORTH AVE,1422,,,,,,,2,INCAPACITATING INJURY,1,0,1,0,0,1,0,9,1,7,41.9099541919,-87.710904879,POINT (-87.710904878988 41.90995419194)
62e2b1d4900e83af94c022e4194a9bbfbf78e62ca38d349d5c967ea4ae8e0b0ea8fdb556e8ada23f9bb7221809d6ff8025f248411e77dc563dbfce4ad3de069a,,07/13/2025 09:15:00 AM,30,STOP SIGN/FLASHER,NO CONTROLS,CLEAR,DAYLIGHT,ANGLE,FOUR WAY,,STRAIGHT AND LEVEL,DRY,NO DEFECTS,NOT ON SCENE (DESK REPORT),NO INJURY / DRIVE AWAY,,,,"OVER $1,500",07/13/2025 09:35:00 AM,UNABLE TO DETERMINE,NOT APPLICABLE,2000,N,KARLOV AVE,2525,,,,,,,2,NO INDICATION OF INJURY,0,0,0,0,0,5,0,9,1,7,41.9172222118,-87.7291518646,POINT (-87.72915186464 41.917222211845)
c6da56b2d4ef447f48d5255d31139c79c3d288a549ada67aac7a21cc49734d873f7f84512874e3022ce81252543a5b89ebc3afad49b8f98de3296fdc29fa4d11,,07/13/2025 09:05:00 AM,30,NO CONTROLS,NO CONTROLS,CLEAR,DAYLIGHT,PEDALCYCLIST,NOT DIVIDED,,STRAIGHT AND LEVEL,DRY,NO DEFECTS,ON SCENE,INJURY AND / OR TOW DUE TO CRASH,,,Y,$500 OR LESS,07/13/2025 09:09:00 AM,"OPERATING VEHICLE IN ERRATIC, RECKLESS, CARELESS, NEGLIGENT OR AGGRESSIVE MANNER",NOT APPLICABLE,3431,N,ELSTON AVE,1733,,,,,,,2,NONINCAPACITATING INJURY,1,0,0,1,0,1,0,9,1,7,41.9434585839,-87.7040175353,POINT (-87.704017535275 41.943458583873)
131f6bf731d0f09eb8b8c0124a6d8cb9021eb2fbb16e057e86ef5d1876a8ca0b7ce200bac78bfed34550546a7840c0d5db6c8c7445f6963c56bc44642832657f,,07/13/2025 08:40:00 AM,30,NO CONTROLS,NO CONTROLS,CLEAR,DAYLIGHT,PEDESTRIAN,PARKING LOT,,STRAIGHT AND LEVEL,DRY,NO DEFECTS,ON SCENE,INJURY AND / OR TOW DUE TO CRASH,,,Y,"OVER $1,500",07/13/2025 08:51:00 AM,"OPERATING VEHICLE IN ERRATIC, RECKLESS, CARELESS, NEGLIGENT OR AGGRESSIVE MANNER",UNABLE TO DETERMINE,4812,W,NORTH AVE,2533,,,,,,,2,NONINCAPACITATING INJURY,1,0,0,1,0,1,0,8,1,7,41.9097288213,-87.7466399518,POINT (-87.746639951829 41.90972882131)
2aabf642f1ab963920453771b0c431157f4865f5cc3250cf0bf45aa899907f918569605816902df624d38231e485b35993ea3c717732a1fb5ecde6c818648022,,07/13/2025 08:30:00 AM,30,NO CONTROLS,NO CONTROLS,CLEAR,DAYLIGHT,TURNING,NOT DIVIDED,,STRAIGHT AND LEVEL,DRY,NO DEFECTS,ON SCENE,NO INJURY / DRIVE AWAY,,,,"OVER $1,500",07/13/2025 08:32:00 AM,IMPROPER OVERTAKING/PASSING,NOT APPLICABLE,2526,S,DR MARTIN LUTHER KING JR DR,133,,,,,,,2,NO INDICATION OF INJURY,0,0,0,0,0,2,0,8,1,7,41.8467745841,-87.6178448025,POINT (-87.617844802479 41.846774584095)
deafa9847646ef7b3b7d7dec78277a303957adb388a01efb0a53484416894db04719aeb7c6105b59ffa446603fcc61f68487a899a557b4427b11f2edec23e6a4,,07/13/2025 08:30:00 AM,30,NO CONTROLS,NO CONTROLS,CLEAR,DAYLIGHT,PARKED MOTOR VEHICLE,OTHER,,STRAIGHT AND LEVEL,DRY,NO DEFECTS,ON SCENE,NO INJURY / DRIVE AWAY,,,,"OVER $1,500",07/13/2025 08:42:00 AM,UNABLE TO DETERMINE,NOT APPLICABLE,2259,N,PARKSIDE AVE,2515,,Y,,,,,5,NO INDICATION OF INJURY,0,0,0,0,0,2,0,8,1,7,41.9220490248,-87.7669880968,POINT (-87.76698809684 41.922049024844)
df61ae313d2235bfefa3f18d63b00f716647b65d45b856ca51a72b743fa3f347047310a2449fb42616927f97ecabfecba1f429b418a4d3942ab344c3983f30d5,,07/13/2025 08:30:00 AM,25,NO CONTROLS,NO CONTROLS,CLEAR,DAYLIGHT,PEDESTRIAN,NOT DIVIDED,,STRAIGHT AND LEVEL,DRY,NO DEFECTS,ON SCENE,INJURY AND / OR TOW DUE TO CRASH,,,,"OVER $1,500",07/13/2025 08:32:00 AM,UNABLE TO DETERMINE,NOT APPLICABLE,4515,W,MONROE ST,1113,,,,,,,2,NONINCAPACITATING INJURY,1,0,0,1,0,1,0,8,1,7,41.8794982475,-87.7385628561,POINT (-87.738562856071 41.879498247474)
2034ff8546f2a2f33ba00071c4129ef36ec6753a4758fa0db76d82600a3b0ef1682206baf7d42f9980303a373394ae4a6d3b590e65e8621d0bd31facce4b4476,,07/13/2025 08:00:00 AM,30,UNKNOWN,UNKNOWN,CLEAR,DAYLIGHT,PARKED MOTOR VEHICLE,PARKING LOT,,STRAIGHT AND LEVEL,UNKNOWN,UNKNOWN,NOT ON SCENE (DESK REPORT),NO INJURY / DRIVE AWAY,,Y,Y,"OVER $1,500",07/21/2025 05:50:00 PM,UNABLE TO DETERMINE,UNABLE TO DETERMINE,441,E,ERIE ST,1834,,,,,,,2,NO INDICATION OF INJURY,0,0,0,0,0,1,0,8,1,7,41.8941611551,-87.6162020127,POINT (-87.616202012684 41.89416115508)
17b17acddf50d6f547df2b045b1047ddc5c94c4278c4b91e81dc5a66c870096bd261182d297374d0db8bb75d02d5b5a29d4e481a490359365bb24e234ddd68cf,,07/13/2025 07:25:00 AM,25,STOP SIGN/FLASHER,OTHER,CLEAR,DAYLIGHT,ANGLE,NOT DIVIDED,,STRAIGHT AND LEVEL,DRY,NO DEFECTS,ON SCENE,INJURY AND / OR TOW DUE TO CRASH,Y,,,"OVER $1,500",07/13/2025 07:39:00 AM,FAILING TO YIELD RIGHT-OF-WAY,"VISION OBSCURED (SIGNS, TREE LIMBS, BUILDINGS, ETC.)",1101,N,AUSTIN BLVD,1511,,,,,,,2,NO INDICATION OF INJURY,0,0,0,0,0,6,0,7,1,7,41.9002632342,-87.7751585859,POINT (-87.775158585942 41.900263234229)
87a4222610590bd89dcf380d06d41192a104ece410f3cc056e3dee79d3281e52e607a6cfdb3559fe39abf32133a0ad5d9a7504218eed5e62b7ee9717061cc757,Y,07/13/2025 07:03:00 AM,15,NO CONTROLS,NO CONTROLS,CLEAR,DAYLIGHT,PARKED MOTOR VEHICLE,PARKING LOT,,STRAIGHT AND LEVEL,DRY,NO DEFECTS,ON SCENE,NO INJURY / DRIVE AWAY,,Y,,"OVER $1,500",07/13/2025 07:04:00 AM,IMPROPER BACKING,NOT APPLICABLE,3750,N,KEDZIE AVE,1733,Y,,,,,,2,NO INDICATION OF INJURY,0,0,0,0,0,1,0,7,1,7,41.9499602678,-87.7080561754,POINT (-87.708056175378 41.949960267764)
7c477934477ec9770cd9003c761dff7dd4115fe645d05796ae2c0d5280eaa01f89ce0e36da9a7c914a12082f790298ae9620d54619255d25930e5fc9ce94a533,,07/13/2025 06:43:00 AM,30,NO CONTROLS,NO CONTROLS,CLEAR,DAYLIGHT,ANGLE,FOUR WAY,,STRAIGHT AND LEVEL,DRY,NO DEFECTS,NOT ON SCENE (DESK REPORT),NO INJURY / DRIVE AWAY,Y,,Y,"OVER $1,500",07/13/2025 07:42:00 AM,FAILING TO YIELD RIGHT-OF-WAY,FAILING TO YIELD RIGHT-OF-WAY,4900,S,CICERO AVE,814,,,,,,,2,NO INDICATION OF INJURY,0,0,0,0,0,2,0,6,1,7,41.8038771466,-87.7432043372,POINT (-87.743204337182 41.803877146599)
e5f694ce67480e3a5cde984e3d3583294a58af7038a4f8f727dd4b9f9a7ef49343cfaa4ad967e05f8d6055b583d3617a7ec3ce554c9134cae334f804f85de969,,07/13/2025 06:42:00 AM,30,NO CONTROLS,NO CONTROLS,CLEAR,DAYLIGHT,FIXED OBJECT,OTHER,,STRAIGHT AND LEVEL,DRY,NO DEFECTS,ON SCENE,INJURY AND / OR TOW DUE TO CRASH,,,Y,"OVER $1,500",07/13/2025 06:45:00 AM,UNABLE TO DETERMINE,UNABLE TO DETERMINE,5105,N,CICERO AVE,1712,,,,,,,1,NO INDICATION OF INJURY,0,0,0,0,0,1,0,6,1,7,41.973785641,-87.7478058095,POINT (-87.747805809499 41.973785640968)
3e8350f65ef58759663f6d412d4eff3875df3ebfb2cf8f64925529abd6f2537755726ed0a9709b2949a786ef986f02105ad4de5eacb985883a18a9d59b7ec6eb,Y,07/13/2025 06:40:00 AM,30,NO CONTROLS,NO CONTROLS,UNKNOWN,UNKNOWN,PARKED MOTOR VEHICLE,ONE-WAY,,STRAIGHT AND LEVEL,UNKNOWN,NO DEFECTS,ON SCENE,INJURY AND / OR TOW DUE TO CRASH,,,Y,"OVER $1,500",07/13/2025 06:51:00 AM,UNABLE TO DETERMINE,UNABLE TO DETERMINE,4210,S,MICHIGAN AVE,213,,,,,,,6,NO INDICATION OF INJURY,0,0,0,0,0,1,0,6,1,7,41.817971987,-87.6232125035,POINT (-87.623212503543 41.817971987006)
4c3097ab8bcfca52eec98681e96b4afdea761c4c21954eba68734e1a45e40cbd7c23f485b7bdf1bf1439de7ac130f81a87fbf50250344f5d11b0e8fe2bb12360,,07/13/2025 06:40:00 AM,30,NO CONTROLS,NO CONTROLS,RAIN,DAWN,FIXED OBJECT,NOT DIVIDED,,STRAIGHT AND LEVEL,DRY,NO DEFECTS,ON SCENE,INJURY AND / OR TOW DUE TO CRASH,,,Y,"OVER $1,500",07/13/2025 06:50:00 AM,UNABLE TO DETERMINE,UNABLE TO DETERMINE,701,N,CENTRAL AVE,1524,,,,,,,5,NO INDICATION OF INJURY,0,0,0,0,0,1,0,6,1,7,41.8930250014,-87.7651758916,POINT (-87.765175891591 41.893025001387)
4ce07e814ccb514a6193366bfbdec92ff57cefc8483eac89747c250cc83556868ba0f4c4f3cfc6d356025ff4d0fe7e92c6540166bf3cdc4e97e3e3b2b648d35f,,07/13/2025 06:40:00 AM,30,NO CONTROLS,NO CONTROLS,CLEAR,DAYLIGHT,PEDESTRIAN,DIVIDED - W/MEDIAN BARRIER,,STRAIGHT AND LEVEL,DRY,NO DEFECTS,ON SCENE,INJURY AND / OR TOW DUE TO CRASH,,,,"OVER $1,500",07/13/2025 06:43:00 AM,FAILING TO YIELD RIGHT-OF-WAY,NOT APPLICABLE,813,W,ROOSEVELT RD,1232,,,,,,,2,FATAL,2,1,0,0,1,2,0,6,1,7,41.8670351432,-87.6475220819,POINT (-87.647522081902 41.867035143244)
da33d2eb99b3a37dc86e05de4782d9478ef3113de6f2cfe88797881b420985cc7cd41a5b07167f054ecec5a8d28b5ddd36bc30d7f04418617d847021e0d5bcf2,,07/13/2025 06:34:00 AM,30,UNKNOWN,UNKNOWN,CLEAR,DAYLIGHT,SIDESWIPE SAME DIRECTION,DIVIDED - W/MEDIAN (NOT RAISED),,STRAIGHT AND LEVEL,DRY,UNKNOWN,NOT ON SCENE (DESK REPORT),NO INJURY / DRIVE AWAY,,,,"OVER $1,500",07/13/2025 07:42:00 PM,IMPROPER LANE USAGE,IMPROPER TURNING/NO SIGNAL,261,W,CERMAK RD,914,Y,,,,,,2,NO INDICATION OF INJURY,0,0,0,0,0,2,0,6,1,7,41.8527185382,-87.6343807507,POINT (-87.634380750674 41.852718538227)
28eb8b211af756be9671401fa7e454e3595f7b44738b9d86e907b19c4bc5a75d899f1cd4cd027944eefb6fb55abaea559157813fda93ccfc069ad537525165a4,,07/13/2025 06:30:00 AM,30,NO CONTROLS,NO CONTROLS,CLEAR,"DARKNESS, LIGHTED ROAD",PARKED MOTOR VEHICLE,ONE-WAY,,STRAIGHT AND LEVEL,DRY,UNKNOWN,ON SCENE,NO INJURY / DRIVE AWAY,,Y,,$500 OR LESS,07/13/2025 06:31:00 AM,FAILING TO REDUCE SPEED TO AVOID CRASH,NOT APPLICABLE,11540,S,BISHOP ST,524,,,,,,,2,NO INDICATION OF INJURY,0,0,0,0,0,2,0,6,1,7,41.6836491069,-87.6580671502,POINT (-87.65806715016 41.683649106875)
6e1646098f566cc7f343c266e634972fbbb8ef7b9fb18bc708da11f1bd3ab8c2a7f8f56e332c8d59d889d6b4b52c7dcc80ebf0ac189ecb0ac6e8ca25ef3b547c,,07/13/2025 06:30:00 AM,25,NO CONTROLS,NO CONTROLS,CLEAR,DAYLIGHT,PARKED MOTOR VEHICLE,ONE-WAY,,STRAIGHT AND LEVEL,DRY,NO DEFECTS,NOT ON SCENE (DESK REPORT),NO INJURY / DRIVE AWAY,,,Y,"OVER $1,500",07/13/2025 10:54:00 AM,UNABLE TO DETERMINE,NOT APPLICABLE,833,N,HAMLIN AVE,1112,,,,,,,2,NO INDICATION OF INJURY,0,0,0,0,0,1,0,6,1,7,41.8964123136,-87.7210785652,POINT (-87.721078565155 41.896412313613)
ab49b5399d8b5c2d351ce93027fbd9c590d73a820ce339bb5db680795f8635f913587799f6190d248ded7c8fadf9fd0b615909117e21e11ec1be8d5dc4d1d746,,07/13/2025 06:20:00 AM,30,NO CONTROLS,NO CONTROLS,CLEAR,DAYLIGHT,PARKED MOTOR VEHICLE,NOT DIVIDED,,STRAIGHT AND LEVEL,DRY,NO DEFECTS,ON SCENE,INJURY AND / OR TOW DUE TO CRASH,,,,"OVER $1,500",07/13/2025 06:23:00 AM,EQUIPMENT - VEHICLE CONDITION,EQUIPMENT - VEHICLE CONDITION,3816,W,MARQUETTE RD,833,,,,,,,2,NO INDICATION OF INJURY,0,0,0,0,0,1,0,6,1,7,41.7715480057,-87.7184071891,POINT (-87.718407189126 41.771548005731)
56e5df0634b8e0463bbbca655b05a086d64ff4dff0542e0013c7a9f0012ca3b2a00c92c25f0df57efe74b65894e22fb11415996c3d1127fc5b72c26404c7a2d8,,07/13/2025 06:07:00 AM,30,TRAFFIC SIGNAL,FUNCTIONING PROPERLY,CLEAR,DAYLIGHT,TURNING,ONE-WAY,,STRAIGHT AND LEVEL,DRY,NO DEFECTS,NOT ON SCENE (DESK REPORT),NO INJURY / DRIVE AWAY,Y,,,$500 OR LESS,07/13/2025 06:45:00 AM,IMPROPER LANE USAGE,IMPROPER LANE USAGE,100,E,OHIO ST,1834,,,,,,,2,NO INDICATION OF INJURY,0,0,0,0,0,2,0,6,1,7,41.8926378958,-87.6253414059,POINT (-87.625341405856 41.89263789576)
84f88a7ed4dec123ce1a6ef4ed12eb55b7c20a74f3b6695532f1b6666ee27496667351503944450bde36445e2b9db84abf09f6487e4652255837c72573250c6c,,07/13/2025 06:03:00 AM,25,NO CONTROLS,NO CONTROLS,CLEAR,DAYLIGHT,PARKED MOTOR VEHICLE,NOT DIVIDED,,STRAIGHT AND LEVEL,DRY,UNKNOWN,ON SCENE,NO INJURY / DRIVE AWAY,,,,"OVER $1,500",07/13/2025 06:12:00 AM,UNABLE TO DETERMINE,NOT APPLICABLE,6342,S,NORMAL BLVD,722,,,,,,,2,NO INDICATION OF INJURY,0,0,0,0,0,1,0,6,1,7,41.7785435335,-87.6376414828,POINT (-87.637641482768 41.778543533498)
8b629c077274407126eff2cf10e087329ea0e3f3e1e4536a6b1031244c85f39885cf4ed6982d59c084694ecd02f0e5d14d0ffce87a99910e4d6ba7dc0e01d178,,07/13/2025 06:02:00 AM,30,NO CONTROLS,NO CONTROLS,CLEAR,DAWN,SIDESWIPE OPPOSITE DIRECTION,NOT DIVIDED,,STRAIGHT AND LEVEL,DRY,NO DEFECTS,,INJURY AND / OR TOW DUE TO CRASH,N,,N,"OVER $1,500",07/13/2025 06:55:00 AM,IMPROPER LANE USAGE,DRIVING SKILLS/KNOWLEDGE/EXPERIENCE,3332,S,PULASKI RD,1031,,,,,,,2,NO INDICATION OF INJURY,0,0,0,0,0,2,0,6,1,7,41.8325091709,-87.7244064222,POINT (-87.7244064222 41.83250917091)
d860217f239c66897a6bfca8db73857be7dbf65e02126c97a2d0fc24d1b4c2a2010889978efe0cc456f77ccd1f3fee79e6a3084d5327f8584e32f7db96ba0979,,07/13/2025 05:36:00 AM,30,NO CONTROLS,NO CONTROLS,CLEAR,DAYLIGHT,FIXED OBJECT,DIVIDED - W/MEDIAN (NOT RAISED),,STRAIGHT AND LEVEL,DRY,NO DEFECTS,ON SCENE,INJURY AND / OR TOW DUE TO CRASH,,,,"OVER $1,500",07/13/2025 05:40:00 AM,DRIVING SKILLS/KNOWLEDGE/EXPERIENCE,NOT APPLICABLE,8315,S,JEFFERY BLVD,414,,,,,,,1,NO INDICATION OF INJURY,0,0,0,0,0,1,0,5,1,7,41.7443642575,-87.5757074393,POINT (-87.575707439272 41.74436425749)
2f13825bca0372b0000603c46d0bd36366ebca18046a9cf7648147020e2c946e79c53c62b0db9f20606c2600c7047bf05d0970a92bad504e0666a50da8d5066a,,07/13/2025 05:30:00 AM,30,NO CONTROLS,NO CONTROLS,OTHER,"DARKNESS, LIGHTED ROAD",FIXED OBJECT,PARKING LOT,,STRAIGHT AND LEVEL,WET,OTHER,ON SCENE,INJURY AND / OR TOW DUE TO CRASH,,,,"OVER $1,500",07/13/2025 05:35:00 AM,"OPERATING VEHICLE IN ERRATIC, RECKLESS, CARELESS, NEGLIGENT OR AGGRESSIVE MANNER",NOT APPLICABLE,5918,S,LA SALLE ST,232,,,,,,,1,,,,,,,,,5,1,7,41.7866990276,-87.6292140675,POINT (-87.629214067544 41.78669902756)
e054f80f7a03c404993454d1c4247f960b271b31f41b938d1d8c595a3590622442ab3dc5b138fafbd6869731a0dcdc6d3cfdeb2509f427d9096886b5797a994c,,07/13/2025 05:30:00 AM,30,NO CONTROLS,NO CONTROLS,CLEAR,DAWN,FIXED OBJECT,NOT DIVIDED,,STRAIGHT AND LEVEL,UNKNOWN,NO DEFECTS,NOT ON SCENE (DESK REPORT),INJURY AND / OR TOW DUE TO CRASH,,,,"OVER $1,500",07/13/2025 04:49:00 PM,UNABLE TO DETERMINE,NOT APPLICABLE,1627,N,CICERO AVE,2533,,,,,,,1,NO INDICATION OF INJURY,0,0,0,0,0,1,0,5,1,7,41.9104026723,-87.7458749444,POINT (-87.745874944374 41.910402672335)
542be8eefc1a041d3d3c905b3d22193f1d0d47c9a50d4194cc1cf608d8d105adfc60b02e85f578985ddfa63162cb12bd7529b1958c12cf3a0178c2cb79a4de10,,07/13/2025 05:20:00 AM,30,NO CONTROLS,NO CONTROLS,CLEAR,DAYLIGHT,HEAD ON,DIVIDED - W/MEDIAN BARRIER,,"CURVE, LEVEL",DRY,NO DEFECTS,ON SCENE,INJURY AND / OR TOW DUE TO CRASH,,,Y,"OVER $1,500",07/13/2025 05:21:00 AM,PHYSICAL CONDITION OF DRIVER,DRIVING ON WRONG SIDE/WRONG WAY,3304,S,WESTERN BLVD,911,,,,,,,2,NONINCAPACITATING INJURY,2,0,0,2,0,1,0,5,1,7,41.8337605789,-87.6850008111,POINT (-87.685000811065 41.833760578851)
82c5e6c493791f81330dba3165dbd5486f04997692d964d76c9914c5f89f56ccdf29aae6e6d61c2d35fb5d6455e866c18d9f94f831faf391a6ad03dc9e0c47b0,,07/13/2025 05:10:00 AM,35,TRAFFIC SIGNAL,FUNCTIONING PROPERLY,CLEAR,DAYLIGHT,TURNING,DIVIDED - W/MEDIAN (NOT RAISED),,STRAIGHT AND LEVEL,DRY,NO DEFECTS,ON SCENE,NO INJURY / DRIVE AWAY,,,,"OVER $1,500",07/13/2025 05:14:00 AM,UNABLE TO DETERMINE,UNABLE TO DETERMINE,6300,S,CICERO AVE,813,,,,,,,2,NO INDICATION OF INJURY,0,0,0,0,0,4,0,5,1,7,41.7783353905,-87.7424364942,POINT (-87.74243649416 41.778335390453)
6de5467ae20ac79c22f538a2644956fe957ce473f971be5cdf298c3e1e88cb1415b8491c15318964e0d984cd70e7ba9b116b29ac3db8ac843478cf08169e6858,,07/13/2025 05:06:00 AM,30,TRAFFIC SIGNAL,FUNCTIONING PROPERLY,CLEAR,DAWN,ANGLE,FOUR WAY,,STRAIGHT AND LEVEL,DRY,NO DEFECTS,ON SCENE,INJURY AND / OR TOW DUE TO CRASH,Y,,,"OVER $1,500",07/13/2025 05:12:00 AM,DISREGARDING TRAFFIC SIGNALS,NOT APPLICABLE,8649,S,ASHLAND AVE,614,,,,,,,2,NONINCAPACITATING INJURY,3,0,0,3,0,0,0,5,1,7,41.7361657839,-87.6629273226,POINT (-87.662927322638 41.736165783916)
37fe7584202fc20947bac25b3585001678501c074cb7b936194ea72c86500d20ecffd16bc3d220c48aa140b6b55fb1690ea34643ccdf13272cd25a329331f04f,,07/13/2025 05:04:00 AM,30,TRAFFIC SIGNAL,FUNCTIONING PROPERLY,CLEAR,DAWN,ANGLE,DIVIDED - W/MEDIAN BARRIER,,STRAIGHT AND LEVEL,DRY,NO DEFECTS,ON SCENE,INJURY AND / OR TOW DUE TO CRASH,Y,,Y,"OVER $1,500",07/13/2025 05:05:00 AM,DISREGARDING OTHER TRAFFIC SIGNS,FAILING TO REDUCE SPEED TO AVOID CRASH,2001,E,71ST ST,333,,,,,,,2,NO INDICATION OF INJURY,0,0,0,0,0,3,0,5,1,7,41.7659593516,-87.576235484,POINT (-87.576235483964 41.765959351623)
9e99ca8f3767b60514fd37b280dd430c12991f2d22d5b24e4a232e62b43fd87df2767da15f4abcc2fdaaffdcdcd33521e716f9b6930dce566a428d1389964c4e,,07/13/2025 05:03:00 AM,20,NO CONTROLS,NO CONTROLS,CLEAR,DAYLIGHT,PARKED MOTOR VEHICLE,ONE-WAY,,STRAIGHT AND LEVEL,DRY,NO DEFECTS,ON SCENE,INJURY AND / OR TOW DUE TO CRASH,,,,"OVER $1,500",07/13/2025 05:30:00 AM,UNABLE TO DETERMINE,UNABLE TO DETERMINE,7525,S,MICHIGAN AVE,623,,,,,,,3,NO INDICATION OF INJURY,0,0,0,0,0,2,0,5,1,7,41.757524255,-87.6213737224,POINT (-87.621373722384 41.757524255039)
432a96a0d9980a4b737f3d0da21c0cbe066896455fd0e98df81af05faab55b6b95f9620e63d2678c83661757f8b84636048ce927e4b98723f3ed34f19263ae74,,07/13/2025 05:00:00 AM,35,NO CONTROLS,NO CONTROLS,CLEAR,DAYLIGHT,PARKED MOTOR VEHICLE,NOT DIVIDED,,STRAIGHT AND LEVEL,DRY,UNKNOWN,ON SCENE,INJURY AND / OR TOW DUE TO CRASH,,,Y,"OVER $1,500",07/13/2025 07:15:00 AM,UNABLE TO DETERMINE,NOT APPLICABLE,1755,S,LAFLIN ST,1233,,,,,,,2,NO INDICATION OF INJURY,0,0,0,0,0,1,0,5,1,7,41.8578834078,-87.66361832,POINT (-87.663618319979 41.857883407788)
7e5fd685e0bf345cc9e1db5ebefb8bae5588f185c927281ba01a9755be3be90a03d3117e83830f2cdcd2855735a317d4617b27cefb71f88494df789bc8035e4c,,07/13/2025 04:47:00 AM,30,TRAFFIC SIGNAL,FUNCTIONING PROPERLY,CLEAR,DAYLIGHT,REAR END,FOUR WAY,,STRAIGHT AND LEVEL,DRY,NO DEFECTS,NOT ON SCENE (DESK REPORT),NO INJURY / DRIVE AWAY,,,,"OVER $1,500",07/13/2025 06:00:00 AM,UNABLE TO DETERMINE,NOT APPLICABLE,3800,S,KEDZIE AVE,911,,,,,,,2,NO INDICATION OF INJURY,0,0,0,0,0,2,0,4,1,7,41.8243563076,-87.7045936543,POINT (-87.704593654313 41.824356307608)
234a87034fcb87cdb25d2534f4a9b604546a7afb75198d90ce7f7c7aa6462638c09b42c7b5b441175017045f4098397f23b38e4edb649d0e2bb40d64edd4a17c,,07/13/2025 04:45:00 AM,25,NO CONTROLS,NO CONTROLS,CLEAR,DARKNESS,FIXED OBJECT,NOT DIVIDED,,STRAIGHT AND LEVEL,DRY,NO DEFECTS,ON SCENE,NO INJURY / DRIVE AWAY,,,,"$501 - $1,500",07/13/2025 06:50:00 AM,DRIVING SKILLS/KNOWLEDGE/EXPERIENCE,DRIVING SKILLS/KNOWLEDGE/EXPERIENCE,985,N,CAMBRIDGE AVE,1823,,,,,,,1,NO INDICATION OF INJURY,0,0,0,0,0,1,0,4,1,7,41.8997935194,-87.6417317241,POINT (-87.641731724124 41.899793519428)
313ae849cb2c3062431eb8323cc0d16f238efa95bc524e65ca9712df997a47b41c8cea8a749b3401fa76c54a211ef1270202c85265d497d0ef11475750fe7b96,,07/13/2025 04:44:00 AM,30,OTHER,NO CONTROLS,CLEAR,DAWN,HEAD ON,DIVIDED - W/MEDIAN BARRIER,,STRAIGHT AND LEVEL,DRY,NO DEFECTS,ON SCENE,INJURY AND / OR TOW DUE TO CRASH,N,,Y,"OVER $1,500",07/13/2025 04:55:00 AM,DRIVING ON WRONG SIDE/WRONG WAY,UNABLE TO DETERMINE,2930,S,FORT DEARBORN,133,,,,,,,2,INCAPACITATING INJURY,2,0,1,1,0,1,0,4,1,7,41.8411873611,-87.6092516585,POINT (-87.609251658488 41.841187361143)