CRASH_RECORD_ID,CRASH_DATE_EST_I,CRASH_DATE,POSTED_SPEED_LIMIT,TRAFFIC_CONTROL_DEVICE,DEVICE_CONDITION,WEATHER_CONDITION,LIGHTING_CONDITION,FIRST_CRASH_TYPE,TRAFFICWAY_TYPE,LANE_CNT,ALIGNMENT,ROADWAY_SURFACE_COND,ROAD_DEFECT,REPORT_TYPE,CRASH_TYPE,INTERSECTION_RELATED_I,NOT_RIGHT_OF_WAY_I,HIT_AND_RUN_I,DAMAGE,DATE_POLICE_NOTIFIED,PRIM_CONTRIBUTORY_CAUSE,SEC_CONTRIBUTORY_CAUSE,STREET_NO,STREET_DIRECTION,STREET_NAME,BEAT_OF_OCCURRENCE,PHOTOS_TAKEN_I,STATEMENTS_TAKEN_I,DOORING_I,WORK_ZONE_I,WORK_ZONE_TYPE,WORKERS_PRESENT_I,NUM_UNITS,MOST_SEVERE_INJURY,INJURIES_TOTAL,INJURIES_FATAL,INJURIES_INCAPACITATING,INJURIES_NON_INCAPACITATING,INJURIES_REPORTED_NOT_EVIDENT,INJURIES_NO_INDICATION,INJURIES_UNKNOWN,CRASH_HOUR,CRASH_DAY_OF_WEEK,CRASH_MONTH,LATITUDE,LONGITUDE,LOCATION
645cc5618043ad2f4c284812252c71287da25d92bc0d37fd4cd5abe7c88ecf18f32909d91be7bbc17f64b6846ffb8c5c0837162ef9bc09d11c4a1dac000ff20f,,07/13/2025 04:33:00 AM,30,NO CONTROLS,NO CONTROLS,CLEAR,DAYLIGHT,FIXED OBJECT,DIVIDED - W/MEDIAN (NOT RAISED),,STRAIGHT AND LEVEL,DRY,NO DEFECTS,ON SCENE,INJURY AND / OR TOW DUE TO CRASH,,N,,"OVER $1,500",07/13/2025 04:38:00 AM,CELL PHONE USE OTHER THAN TEXTING,NOT APPLICABLE,5637,W,FULLERTON AVE,2515,,,,,,,1,NO INDICATION OF INJURY,0,0,0,0,0,1,0,4,1,7,41.9238472867,-87.7674979443,POINT (-87.767497944257 41.923847286717)
d23fdd3d32fd8229e7bff057c97c9ceb9f7a38fb9266aa9c13982d8ecff66e6d22557e821188a77e978e60601b3bb85fbb91b29b934b12007c46cbcff8038a5f,,07/13/2025 04:19:00 AM,20,NO CONTROLS,NO CONTROLS,CLEAR,"DARKNESS, LIGHTED ROAD",REAR TO SIDE,PARKING LOT,,STRAIGHT AND LEVEL,DRY,UNKNOWN,ON SCENE,NO INJURY / DRIVE AWAY,,,,"OVER $1,500",07/13/2025 04:46:00 AM,UNABLE TO DETERMINE,NOT APPLICABLE,1260,N,KOSTNER AVE,2533,,,,,,,2,NO INDICATION OF INJURY,0,0,0,0,0,2,0,4,1,7,41.9042785768,-87.7363371578,POINT (-87.736337157752 41.904278576798)
62fab105ce1772df4d0af1646dff9466ebd5b4ff819f3ac3744af1e5a1e1a0800fd3fbd6e11fbacb81985132eca02d9f1f5f945eefe54bee33413577a156ac0b,,07/13/2025 04:00:00 AM,30,TRAFFIC SIGNAL,FUNCTIONING PROPERLY,CLEAR,"DARKNESS, LIGHTED ROAD",REAR END,DIVIDED - W/MEDIAN (NOT RAISED),,STRAIGHT AND LEVEL,DRY,NO DEFECTS,NOT ON SCENE (DESK REPORT),INJURY AND / OR TOW DUE TO CRASH,,,Y,"$501 - $1,500",07/13/2025 04:30:00 AM,UNABLE TO DETERMINE,NOT APPLICABLE,4632,W,63RD ST,813,,,,,,,3,"REPORTED, NOT EVIDENT",1,0,0,0,1,2,0,4,1,7,41.7785799607,-87.7386794371,POINT (-87.738679437114 41.77857996073)
755e263f2342a78b50904b2a16d7d4b6863a74712494eac9e734c9f61b97f817dd9764e5a37989f57433e301f350f721753a6c56a159230e9d4608716eaa30aa,,07/13/2025 04:00:00 AM,30,NO CONTROLS,NO CONTROLS,CLEAR,DAYLIGHT,PARKED MOTOR VEHICLE,DIVIDED - W/MEDIAN (NOT RAISED),,STRAIGHT AND LEVEL,DRY,NO DEFECTS,NOT ON SCENE (DESK REPORT),NO INJURY / DRIVE AWAY,,,Y,"OVER $1,500",07/14/2025 06:29:00 PM,FOLLOWING TOO CLOSELY,NOT APPLICABLE,1842,N,KARLOV AVE,2534,,,,,,,2,NO INDICATION OF INJURY,0,0,0,0,0,1,0,4,1,7,41.9147868498,-87.7290759967,POINT (-87.729075996738 41.91478684977)
1d7a88fc3423d0544b7ea6dd7b177b724dd6af3434380fd2533534101d7f7fdb16ab55c1d58a1c33b6989ce35849b074b557de60637827b584532069549c35fc,,07/13/2025 03:43:00 AM,15,NO CONTROLS,NOT FUNCTIONING,RAIN,DAYLIGHT,PARKED MOTOR VEHICLE,PARKING LOT,,STRAIGHT AND LEVEL,DRY,NO DEFECTS,,NO INJURY / DRIVE AWAY,,N,N,"$501 - $1,500",07/13/2025 03:00:00 PM,FAILING TO YIELD RIGHT-OF-WAY,FOLLOWING TOO CLOSELY,1623,W,DIVISION ST,1213,,,,,,,2,NO INDICATION OF INJURY,0,0,0,0,0,3,0,3,1,7,41.9032215627,-87.6684859572,POINT (-87.668485957233 41.903221562685)
69ac11578b6bc3dd5e5acd2e11185c581e8b0c14136022cdad43cda552974423ad3762b0ad98495c5b9281bd22c856b33bd4143b91c9f34108bff02575700c01,,07/13/2025 03:40:00 AM,30,NO CONTROLS,NO CONTROLS,CLEAR,"DARKNESS, LIGHTED ROAD",PARKED MOTOR VEHICLE,NOT DIVIDED,,STRAIGHT AND LEVEL,DRY,NO DEFECTS,NOT ON SCENE (DESK REPORT),NO INJURY / DRIVE AWAY,,,Y,"OVER $1,500",07/13/2025 04:05:00 AM,UNABLE TO DETERMINE,NOT APPLICABLE,5320,W,WASHINGTON BLVD,1523,,,,,,,2,NO INDICATION OF INJURY,0,0,0,0,0,3,0,3,1,7,41.8824381419,-87.7585634014,POINT (-87.758563401444 41.882438141921)
de10a95c5a1c5db8b89a4e66c6cb1687a8512c8d0e2ce0be187e18a90e1ff80455ce807abd28a735a9a9500c76f26acdf4ddf359e3985d33065da8332e4e0ce2,,07/13/2025 03:19:00 AM,30,TRAFFIC SIGNAL,FUNCTIONING PROPERLY,CLEAR,"DARKNESS, LIGHTED ROAD",REAR END,DIVIDED - W/MEDIAN (NOT RAISED),,STRAIGHT AND LEVEL,DRY,NO DEFECTS,NOT ON SCENE (DESK REPORT),NO INJURY / DRIVE AWAY,,,Y,"$501 - $1,500",07/13/2025 03:34:00 AM,UNABLE TO DETERMINE,NOT APPLICABLE,5500,S,CICERO AVE,813,,,,,,,2,NO INDICATION OF INJURY,0,0,0,0,0,2,0,3,1,7,41.7929108835,-87.742077343,POINT (-87.742077342959 41.792910883497)
204a3ca2fdd4b52e432f683baeb5873bdfb8e7aebdbaa9daeaf15d37b0a25f846a666a36e5f8aa50c153c497cc1b22870093a5d66515bd672e7945f375d7833e,,07/13/2025 03:00:00 AM,30,NO CONTROLS,NO CONTROLS,CLEAR,UNKNOWN,PARKED MOTOR VEHICLE,ONE-WAY,,STRAIGHT AND LEVEL,DRY,UNKNOWN,ON SCENE,NO INJURY / DRIVE AWAY,,,Y,$500 OR LESS,07/13/2025 12:27:00 PM,UNABLE TO DETERMINE,NOT APPLICABLE,3044,W,41ST ST,921,,,,,,,2,NO INDICATION OF INJURY,0,0,0,0,0,1,0,3,1,7,41.8191560372,-87.7012788482,POINT (-87.701278848235 41.819156037202)
75ca61bc1aeee30a574088e3cac68c682737f3de2d5e709b45a01db6e3984e6f750c4e7b57c03ce22d3d62524b9ce49b2bf0f684bb6e931678f3071713dec348,,07/13/2025 03:00:00 AM,30,NO CONTROLS,NO CONTROLS,CLEAR,DARKNESS,PARKED MOTOR VEHICLE,NOT DIVIDED,,STRAIGHT AND LEVEL,DRY,NO DEFECTS,NOT ON SCENE (DESK REPORT),NO INJURY / DRIVE AWAY,,,Y,"OVER $1,500",07/13/2025 05:40:00 PM,UNABLE TO DETERMINE,UNABLE TO DETERMINE,4932,W,FLETCHER ST,2521,,,,,,,2,NO INDICATION OF INJURY,0,0,0,0,0,1,0,3,1,7,41.9379764833,-87.7506471256,POINT (-87.750647125576 41.937976483328)
79989cf10508d853858d7884e59128b27e4c0642e9bded3e5c4a37dbd16b837d9f03d25045a3f275521dbd0a27d7af18c3cb53b8223735dad79f5c07bbf711e5,,07/13/2025 03:00:00 AM,25,NO CONTROLS,NO CONTROLS,CLEAR,"DARKNESS, LIGHTED ROAD",PEDESTRIAN,FOUR WAY,,STRAIGHT AND LEVEL,DRY,NO DEFECTS,NOT ON SCENE (DESK REPORT),NO INJURY / DRIVE AWAY,,,N,"OVER $1,500",07/13/2025 03:25:00 AM,UNABLE TO DETERMINE,UNABLE TO DETERMINE,625,N,FRANKLIN ST,1831,,,,,,,2,NO INDICATION OF INJURY,0,0,0,0,0,2,0,3,1,7,41.8931296635,-87.6354666596,POINT (-87.635466659617 41.893129663548)
77fd6641c6e784ac76e5b5a39aec1df51f7b10e1571353a7344eb4210ed9d051494435c6fc4149bc7ff3587010b04fde10244ee9acb1211426e7dd0cc05867ff,,07/13/2025 02:59:00 AM,30,NO CONTROLS,NO CONTROLS,CLEAR,DARKNESS,HEAD ON,ONE-WAY,,STRAIGHT AND LEVEL,DRY,NO DEFECTS,ON SCENE,INJURY AND / OR TOW DUE TO CRASH,,,,"OVER $1,500",07/13/2025 02:59:00 AM,DRIVING ON WRONG SIDE/WRONG WAY,NOT APPLICABLE,2401,W,31ST BLVD,1034,,,,,,,2,NONINCAPACITATING INJURY,2,0,0,1,1,0,0,2,1,7,41.8379078205,-87.6854017525,POINT (-87.685401752457 41.837907820483)
f76d287ddc2616b67ef4c37a48d60ad57d16f3d3ac130dac3a249d368f988896ecf39527f47ce4537c795aee41c819b9c2a4b88128d2a1702f16ecbdeafaa10c,,07/13/2025 02:40:00 AM,30,NO CONTROLS,NO CONTROLS,CLEAR,"DARKNESS, LIGHTED ROAD",FIXED OBJECT,OTHER,,STRAIGHT AND LEVEL,DRY,NO DEFECTS,ON SCENE,NO INJURY / DRIVE AWAY,,Y,Y,"OVER $1,500",07/13/2025 04:38:00 AM,IMPROPER BACKING,NOT APPLICABLE,3803,W,ROOSEVELT RD,1011,,,,,,,1,NO INDICATION OF INJURY,0,0,0,0,0,1,0,2,1,7,41.8661281298,-87.7202640083,POINT (-87.720264008274 41.866128129787)
25155c7d324f715195365cb97e8822076ef9d17ab5184ac14d549e53b0277bfec736fb9a529de616f9bb81fc8f61c7da8b7ccba1d8ca6c6ee4496d451a487944,,07/13/2025 02:30:00 AM,10,NO CONTROLS,NO CONTROLS,CLEAR,"DARKNESS, LIGHTED ROAD",PARKED MOTOR VEHICLE,PARKING LOT,,STRAIGHT AND LEVEL,DRY,NO DEFECTS,NOT ON SCENE (DESK REPORT),NO INJURY / DRIVE AWAY,,Y,,$500 OR LESS,07/13/2025 10:15:00 AM,UNABLE TO DETERMINE,UNABLE TO DETERMINE,50,E,OHIO ST,1834,,,,,,,2,NO INDICATION OF INJURY,0,0,0,0,0,1,0,2,1,7,41.89261824,-87.6261603485,POINT (-87.626160348476 41.892618240004)
90416669479973f2f56c7b593a6fec0d45ec0585ad968a21e1010b06200c851614b2128a57610fb25aee658ca12e7f2773086b2ea80b1e1ed092ac2165c497a1,,07/13/2025 02:25:00 AM,30,NO CONTROLS,NO CONTROLS,CLEAR,"DARKNESS, LIGHTED ROAD",PARKED MOTOR VEHICLE,NOT DIVIDED,,STRAIGHT AND LEVEL,DRY,NO DEFECTS,ON SCENE,INJURY AND / OR TOW DUE TO CRASH,,,,"OVER $1,500",07/13/2025 02:36:00 AM,FAILING TO REDUCE SPEED TO AVOID CRASH,NOT APPLICABLE,4520,N,CENTRAL PARK AVE,1723,,,,,,,3,NO INDICATION OF INJURY,0,0,0,0,0,1,0,2,1,7,41.9635428384,-87.7182572674,POINT (-87.718257267358 41.963542838352)
86c8ccf41723c02947571454e20aa7f102f106aca38133471e7e5389c9ccfc109b7368e93644dddd692ed31eea98672ebbdf73cf1de8d038708f22e054de5b74,,07/13/2025 02:07:00 AM,30,TRAFFIC SIGNAL,FUNCTIONING PROPERLY,CLEAR,"DARKNESS, LIGHTED ROAD",SIDESWIPE SAME DIRECTION,NOT DIVIDED,,STRAIGHT AND LEVEL,DRY,NO DEFECTS,NOT ON SCENE (DESK REPORT),NO INJURY / DRIVE AWAY,,,Y,"OVER $1,500",07/13/2025 02:31:00 AM,FOLLOWING TOO CLOSELY,FOLLOWING TOO CLOSELY,635,S,CLARK ST,123,,,,,,,2,NO INDICATION OF INJURY,0,0,0,0,0,2,0,2,1,7,41.8738585861,-87.6305076416,POINT (-87.630507641644 41.873858586147)
4078ff1343041fb9dcac922f9d865b1891e1c5c66dfe4fac0e1dead37bf3a7ecaaf92520aabe10f121dbc39ccc8349a8344fb17622d7d0a2c7a7f11669d06b1e,,07/13/2025 02:01:00 AM,25,TRAFFIC SIGNAL,FUNCTIONING PROPERLY,UNKNOWN,UNKNOWN,PARKED MOTOR VEHICLE,DIVIDED - W/MEDIAN (NOT RAISED),,STRAIGHT AND LEVEL,UNKNOWN,NO DEFECTS,NOT ON SCENE (DESK REPORT),NO INJURY / DRIVE AWAY,,,Y,"OVER $1,500",07/22/2025 04:10:00 PM,UNABLE TO DETERMINE,NOT APPLICABLE,5071,N,NORTHWEST HWY,1623,,,,,,,2,NO INDICATION OF INJURY,0,0,0,0,0,1,0,2,1,7,41.9729693827,-87.7648384815,POINT (-87.764838481462 41.97296938271)
1aa4ed30669e6fad237cd10b722b851e55ee3bad8b0c3a6feb490c31720f761ecc57f8154f80fb652eee3cd9a41b8e3b8da8ec0e781416c7d826c89cdd4587da,,07/13/2025 02:00:00 AM,30,UNKNOWN,UNKNOWN,CLEAR,DAYLIGHT,REAR END,UNKNOWN,,STRAIGHT AND LEVEL,DRY,UNKNOWN,NOT ON SCENE (DESK REPORT),NO INJURY / DRIVE AWAY,,,,"OVER $1,500",07/15/2025 05:30:00 PM,UNABLE TO DETERMINE,UNABLE TO DETERMINE,1250,S,UNION AVE,1232,,,,,,,2,NO INDICATION OF INJURY,0,0,0,0,0,2,0,2,1,7,41.8657845412,-87.6452147735,POINT (-87.645214773503 41.865784541222)
31bae2d039d0ecd4819c1576cd1932c11e749f12d58d22214637942878d8cb28bfdac919b99d60dcd56e07ae0996a3b443b1f10bb9edb265d05fd8e82f23fbfd,Y,07/13/2025 02:00:00 AM,20,NO CONTROLS,NO CONTROLS,CLEAR,"DARKNESS, LIGHTED ROAD",PARKED MOTOR VEHICLE,ONE-WAY,,STRAIGHT AND LEVEL,DRY,NO DEFECTS,ON SCENE,NO INJURY / DRIVE AWAY,,,,"$501 - $1,500",07/13/2025 08:00:00 AM,UNABLE TO DETERMINE,UNABLE TO DETERMINE,2254,N,AVERS AVE,2525,,,,,,,2,NO INDICATION OF INJURY,0,0,0,0,0,1,0,2,1,7,41.9224913189,-87.7231930254,POINT (-87.723193025418 41.922491318937)
8fd2cb162c95876e4d615a843d256f0c7c3e93b8795d6d0dc9338fa622402ccee821739103597f09f568a91c49aa2047d892d886624ed5899758e10b4baf554d,,07/13/2025 02:00:00 AM,30,UNKNOWN,UNKNOWN,UNKNOWN,UNKNOWN,PARKED MOTOR VEHICLE,UNKNOWN,,STRAIGHT AND LEVEL,UNKNOWN,UNKNOWN,NOT ON SCENE (DESK REPORT),NO INJURY / DRIVE AWAY,,,Y,"OVER $1,500",07/13/2025 12:07:00 PM,UNABLE TO DETERMINE,UNABLE TO DETERMINE,5229,S,WABASH AVE,225,,,,,,,2,NO INDICATION OF INJURY,0,0,0,0,0,1,0,2,1,7,41.7990876013,-87.6240549302,POINT (-87.624054930239 41.799087601295)
b76b76a25c525caef556882a0ba39ebbee20dbecf503acef39c3b97e03f849c5e4cfb6744493496d0d8c875f2fbdbb44dc4acb6f33fca5fb07e6c9a427dd15bc,Y,07/13/2025 02:00:00 AM,35,NO CONTROLS,NO CONTROLS,CLEAR,"DARKNESS, LIGHTED ROAD",PARKED MOTOR VEHICLE,NOT DIVIDED,,STRAIGHT AND LEVEL,DRY,NO DEFECTS,ON SCENE,NO INJURY / DRIVE AWAY,,,Y,"$501 - $1,500",07/13/2025 08:40:00 AM,UNABLE TO DETERMINE,NOT APPLICABLE,1900,S,LAFLIN ST,1235,,,,,,,3,NO INDICATION OF INJURY,0,0,0,0,0,1,0,2,1,7,41.8559739285,-87.6638601176,POINT (-87.663860117648 41.855973928536)
e617b69fc972529ba4fe6b450b2b5b9d3844a1dcaa5a975c274de63241e02989d67084e6ad9e8512168dfb14257b8594e4411bbcec0f92d3990e95b7c0e849b0,,07/13/2025 02:00:00 AM,30,TRAFFIC SIGNAL,FUNCTIONING PROPERLY,CLEAR,"DARKNESS, LIGHTED ROAD",PEDESTRIAN,FOUR WAY,,STRAIGHT AND LEVEL,DRY,NO DEFECTS,NOT ON SCENE (DESK REPORT),INJURY AND / OR TOW DUE TO CRASH,Y,,Y,"$501 - $1,500",07/15/2025 05:50:00 PM,FAILING TO YIELD RIGHT-OF-WAY,UNABLE TO DETERMINE,231,W,ONTARIO ST,1831,,,,,,,2,NONINCAPACITATING INJURY,1,0,0,1,0,1,0,2,1,7,41.8930591386,-87.6354530809,POINT (-87.63545308092 41.893059138575)
e2310f11ebae4787bc8876fb66bfe7e6af5dbdf5cae61a7d693280cb47387548dd8879e8384216f7372ded44dda5f9ea52ed7f4a5dd48a4258a512fa87e2a28e,,07/13/2025 01:49:00 AM,30,TRAFFIC SIGNAL,FUNCTIONING PROPERLY,CLEAR,DARKNESS,TURNING,NOT DIVIDED,,STRAIGHT AND LEVEL,DRY,NO DEFECTS,ON SCENE,INJURY AND / OR TOW DUE TO CRASH,Y,,Y,"OVER $1,500",07/13/2025 01:49:00 AM,FAILING TO YIELD RIGHT-OF-WAY,UNABLE TO DETERMINE,1200,S,HOMAN AVE,1021,,,,,,,2,"REPORTED, NOT EVIDENT",1,0,0,0,1,1,0,1,1,7,41.8662889946,-87.7106878458,POINT (-87.710687845775 41.866288994581)
c4c7f126cc87f9c2a8ccc076a6ab0b6180224c6d1d816615aaedc439a9b0eca1d4be6f9793a1a7b3c551b76e791bdef41005725df51897ea9c954729df5d6c6f,,07/13/2025 01:42:00 AM,30,STOP SIGN/FLASHER,NO CONTROLS,CLEAR,"DARKNESS, LIGHTED ROAD",HEAD ON,NOT DIVIDED,,STRAIGHT AND LEVEL,DRY,NO DEFECTS,ON SCENE,INJURY AND / OR TOW DUE TO CRASH,,,Y,"OVER $1,500",07/13/2025 02:53:00 AM,DRIVING ON WRONG SIDE/WRONG WAY,UNABLE TO DETERMINE,7,E,21ST ST,131,,,,,,,2,NO INDICATION OF INJURY,0,0,0,0,0,2,0,1,1,7,41.8541422562,-87.6267751455,POINT (-87.626775145541 41.854142256171)
242dce82d64e13882c83599b826c75514082f8e585eb4c7d6c9c15842830e34f47bbc5845cce8815c6ddb540747ec9a85197f2e278dd7dcc5436140a772c8984,,07/13/2025 01:37:00 AM,20,NO CONTROLS,NO CONTROLS,CLEAR,"DARKNESS, LIGHTED ROAD",PARKED MOTOR VEHICLE,ONE-WAY,,STRAIGHT AND LEVEL,DRY,NO DEFECTS,ON SCENE,NO INJURY / DRIVE AWAY,,,Y,"OVER $1,500",07/13/2025 01:38:00 AM,UNABLE TO DETERMINE,UNABLE TO DETERMINE,7800,S,KINGSTON AVE,421,,,,,,,2,NO INDICATION OF INJURY,0,0,0,0,0,1,0,1,1,7,41.7535014759,-87.5627767612,POINT (-87.562776761178 41.753501475936)
27d83c56330c124240bc938e9bcfcd1ca3640ff75e2b8e25de91dd05fd3701652ed9ab6667152b5047684ccc46e55e9301d90726fddb955fbf747bf4098ecc53,,07/13/2025 01:37:00 AM,30,TRAFFIC SIGNAL,FUNCTIONING PROPERLY,CLEAR,"DARKNESS, LIGHTED ROAD",REAR END,DIVIDED - W/MEDIAN (NOT RAISED),,STRAIGHT AND LEVEL,DRY,NO DEFECTS,NOT ON SCENE (DESK REPORT),NO INJURY / DRIVE AWAY,,,,"$501 - $1,500",07/13/2025 02:33:00 AM,UNABLE TO DETERMINE,NOT APPLICABLE,803,W,ROOSEVELT RD,1232,,,,,,,2,NO INDICATION OF INJURY,0,0,0,0,0,2,0,1,1,7,41.8670422592,-87.6470596364,POINT (-87.647059636417 41.867042259227)
7a6b769c4228583c441c2d8d51dc85ad9d6e2f0e055497b9de6dc736f0266deb15e45b467aa736de2f29e0151022f8d1dad771d29044914a2c9354d39c76501e,Y,07/13/2025 01:30:00 AM,30,UNKNOWN,UNKNOWN,UNKNOWN,UNKNOWN,ANGLE,FOUR WAY,,STRAIGHT AND LEVEL,UNKNOWN,UNKNOWN,NOT ON SCENE (DESK REPORT),NO INJURY / DRIVE AWAY,,,,"OVER $1,500",07/13/2025 01:10:00 PM,UNABLE TO DETERMINE,NOT APPLICABLE,6829,S,DR MARTIN LUTHER KING JR DR,322,,,,,,,2,NO INDICATION OF INJURY,0,0,0,0,0,3,0,1,1,7,41.7704204983,-87.6152377255,POINT (-87.615237725485 41.770420498295)
a981b7dccf82d105c2be218eaca5fecfce5075575d72cf2086f2afef3aafcb047480571e1c08d922695a7afd5f2bf5fab05361f3cb66ca52e60cca7e91392760,,07/13/2025 01:16:00 AM,30,NO CONTROLS,NO CONTROLS,CLEAR,"DARKNESS, LIGHTED ROAD",PEDESTRIAN,NOT DIVIDED,,STRAIGHT AND LEVEL,DRY,NO DEFECTS,ON SCENE,INJURY AND / OR TOW DUE TO CRASH,,,,"OVER $1,500",07/13/2025 01:16:00 AM,FAILING TO REDUCE SPEED TO AVOID CRASH,UNABLE TO DETERMINE,109,W,47TH ST,224,,,,,,,2,INCAPACITATING INJURY,1,0,1,0,0,1,0,1,1,7,41.8090807698,-87.6285922206,POINT (-87.628592220636 41.809080769757)
49da527ee669ea3a822c44478108fb4f5ecfdd61cff7578e17fab10904c9e12be91e9f8f283c92a81d68de69d9c301660cbe4e7b96ec72b0851692dbbb83bb32,,07/13/2025 01:15:00 AM,30,NO CONTROLS,NO CONTROLS,CLEAR,"DARKNESS, LIGHTED ROAD",TURNING,NOT DIVIDED,,STRAIGHT AND LEVEL,DRY,NO DEFECTS,,NO INJURY / DRIVE AWAY,,,,"OVER $1,500",07/13/2025 01:35:00 AM,IMPROPER TURNING/NO SIGNAL,FAILING TO YIELD RIGHT-OF-WAY,660,W,LAKE ST,1214,,,,,,,2,NO INDICATION OF INJURY,0,0,0,0,0,2,0,1,1,7,41.8858060689,-87.6450875438,POINT (-87.645087543795 41.885806068868)
ca0e975e21c985daefce56f935ca0dfc16e361e674318f26f66a1efd9696cd8428e1690c2995386d5cb63d33eb91da7cd552f9fd4690dda20516e684d59fdbcf,,07/13/2025 01:15:00 AM,30,TRAFFIC SIGNAL,FUNCTIONING PROPERLY,CLEAR,"DARKNESS, LIGHTED ROAD",REAR END,ONE-WAY,,STRAIGHT AND LEVEL,DRY,UNKNOWN,NOT ON SCENE (DESK REPORT),NO INJURY / DRIVE AWAY,,,Y,"OVER $1,500",07/13/2025 01:50:00 AM,UNABLE TO DETERMINE,NOT APPLICABLE,11230,S,HAMLET AVE,2234,,,,,,,2,NO INDICATION OF INJURY,0,0,0,0,0,2,0,1,1,7,41.6893744534,-87.6609091252,POINT (-87.660909125179 41.689374453403)
187d182bfa776f0812a3a144bb2845f71a2beeedeb3d5c7a97f2f3345e4938a8251443a6551a9f7c2570d85323e442c742a30d550cb5ba293555528cc86d99b4,,07/13/2025 01:14:00 AM,30,TRAFFIC SIGNAL,FUNCTIONING PROPERLY,CLEAR,"DARKNESS, LIGHTED ROAD",FIXED OBJECT,NOT DIVIDED,,STRAIGHT AND LEVEL,DRY,NO DEFECTS,ON SCENE,INJURY AND / OR TOW DUE TO CRASH,,,,"OVER $1,500",07/13/2025 01:14:00 AM,IMPROPER TURNING/NO SIGNAL,NOT APPLICABLE,1308,W,103RD ST,2232,,,,,,,1,NONINCAPACITATING INJURY,1,0,0,1,0,0,0,1,1,7,41.7069059005,-87.655376749,POINT (-87.65537674899 41.706905900536)
6cdc69c08e782cbf18aa5f3ab7efd54eb53781605a944119d3da83b4a1cc7da3a5b3a7ff1cf2b4267248927cdfd08cba34c80cc536be0184ab2751cfe7382a7b,,07/13/2025 01:06:00 AM,10,NO CONTROLS,NO CONTROLS,UNKNOWN,"DARKNESS, LIGHTED ROAD",REAR TO SIDE,PARKING LOT,,STRAIGHT AND LEVEL,UNKNOWN,UNKNOWN,NOT ON SCENE (DESK REPORT),NO INJURY / DRIVE AWAY,,,,"OVER $1,500",07/13/2025 12:25:00 PM,UNABLE TO DETERMINE,NOT APPLICABLE,2575,N,CLYBOURN AVE,1931,,,,,,,2,NO INDICATION OF INJURY,0,0,0,0,0,2,0,1,1,7,41.9286690206,-87.6737792046,POINT (-87.673779204621 41.928669020586)
7f1c6c80b61a3b31b0c3eb0814c045a39b08efd03973d573bb782756c98de42801a26e0c1bbd134a0ed56fa2c35202249369d8a5452783610cb5895da737e6d1,,07/13/2025 01:01:00 AM,30,NO CONTROLS,NO CONTROLS,CLEAR,"DARKNESS, LIGHTED ROAD",PEDALCYCLIST,NOT DIVIDED,,STRAIGHT AND LEVEL,DRY,NO DEFECTS,NOT ON SCENE (DESK REPORT),INJURY AND / OR TOW DUE TO CRASH,,,Y,"$501 - $1,500",07/14/2025 04:10:00 PM,UNABLE TO DETERMINE,NOT APPLICABLE,1615,N,WELLS ST,1814,,,,,,,2,NONINCAPACITATING INJURY,1,0,0,1,0,1,0,1,1,7,41.9116189985,-87.6345779564,POINT (-87.634577956378 41.911618998459)
0f9d87569519f704fd2dc2da305e7e0d145daaece44d4c8068e350bca2924342acf617733a1787d1b6fd618118aed47e9dac432e8244db50bfa0c5dbc9d227fd,,07/13/2025 01:00:00 AM,20,NO CONTROLS,NO CONTROLS,CLEAR,"DARKNESS, LIGHTED ROAD",PARKED MOTOR VEHICLE,ONE-WAY,,STRAIGHT AND LEVEL,DRY,NO DEFECTS,NOT ON SCENE (DESK REPORT),NO INJURY / DRIVE AWAY,,,Y,"OVER $1,500",07/13/2025 10:50:00 AM,NOT APPLICABLE,NOT APPLICABLE,2329,N,NEWLAND AVE,2512,,,,,,,2,NO INDICATION OF INJURY,0,0,0,0,0,1,0,1,1,7,41.9220541982,-87.7987121886,POINT (-87.79871218856 41.92205419822)
21443fb864b803ef4e4086827e1693ddf2f32e60d5cbc99cb11a719113648dbe33f26c9a1dc0db57b6b27070fa953c229801cad0791f3daaac576baa934557dc,,07/13/2025 01:00:00 AM,30,TRAFFIC SIGNAL,FUNCTIONING PROPERLY,CLEAR,"DARKNESS, LIGHTED ROAD",REAR TO FRONT,FOUR WAY,,STRAIGHT AND LEVEL,DRY,UNKNOWN,NOT ON SCENE (DESK REPORT),NO INJURY / DRIVE AWAY,Y,,,"$501 - $1,500",07/13/2025 02:05:00 AM,IMPROPER BACKING,IMPROPER BACKING,98,W,KINZIE ST,1831,,,,,,,2,NO INDICATION OF INJURY,0,0,0,0,0,2,0,1,1,7,41.8893216705,-87.630986023,POINT (-87.630986022954 41.889321670463)
772045e45fe1ef2fb24a4110e14c10e55382983f580d5456347161f6896723109dae262847bd3e85eaa225d878a742b94e546f9d102d025e51a6eb16b336c545,,07/13/2025 12:55:00 AM,30,TRAFFIC SIGNAL,FUNCTIONING PROPERLY,CLEAR,"DARKNESS, LIGHTED ROAD",ANGLE,FOUR WAY,,STRAIGHT AND LEVEL,DRY,UNKNOWN,ON SCENE,INJURY AND / OR TOW DUE TO CRASH,Y,,N,"OVER $1,500",07/13/2025 12:55:00 AM,DISREGARDING TRAFFIC SIGNALS,FAILING TO REDUCE SPEED TO AVOID CRASH,5900,S,DAMEN AVE,714,,,,,,,2,NO INDICATION OF INJURY,0,0,0,0,0,3,0,0,1,7,41.7865334538,-87.67424315,POINT (-87.674243150013 41.786533453836)