CRASH_RECORD_ID,CRASH_DATE_EST_I,CRASH_DATE,POSTED_SPEED_LIMIT,TRAFFIC_CONTROL_DEVICE,DEVICE_CONDITION,WEATHER_CONDITION,LIGHTING_CONDITION,FIRST_CRASH_TYPE,TRAFFICWAY_TYPE,LANE_CNT,ALIGNMENT,ROADWAY_SURFACE_COND,ROAD_DEFECT,REPORT_TYPE,CRASH_TYPE,INTERSECTION_RELATED_I,NOT_RIGHT_OF_WAY_I,HIT_AND_RUN_I,DAMAGE,DATE_POLICE_NOTIFIED,PRIM_CONTRIBUTORY_CAUSE,SEC_CONTRIBUTORY_CAUSE,STREET_NO,STREET_DIRECTION,STREET_NAME,BEAT_OF_OCCURRENCE,PHOTOS_TAKEN_I,STATEMENTS_TAKEN_I,DOORING_I,WORK_ZONE_I,WORK_ZONE_TYPE,WORKERS_PRESENT_I,NUM_UNITS,MOST_SEVERE_INJURY,INJURIES_TOTAL,INJURIES_FATAL,INJURIES_INCAPACITATING,INJURIES_NON_INCAPACITATING,INJURIES_REPORTED_NOT_EVIDENT,INJURIES_NO_INDICATION,INJURIES_UNKNOWN,CRASH_HOUR,CRASH_DAY_OF_WEEK,CRASH_MONTH,LATITUDE,LONGITUDE,LOCATION
729992df9dddcdf5affdceca0fd02329de4a624fbd58dddd84d3ff0dbce162fc21379fc6e137141bb5e4b521bd23cf62cad1d570c47a3c59f0bb2307ba43741b,,07/13/2025 12:37:00 AM,40,NO CONTROLS,NO CONTROLS,CLEAR,"DARKNESS, LIGHTED ROAD",REAR END,OTHER,,STRAIGHT AND LEVEL,DRY,NO DEFECTS,ON SCENE,INJURY AND / OR TOW DUE TO CRASH,,,,"OVER $1,500",07/13/2025 12:59:00 AM,UNDER THE INFLUENCE OF ALCOHOL/DRUGS (USE WHEN ARREST IS EFFECTED),"OPERATING VEHICLE IN ERRATIC, RECKLESS, CARELESS, NEGLIGENT OR AGGRESSIVE MANNER",5216,N,LAKE SHORE DR NB,2023,,Y,,,,,2,NO INDICATION OF INJURY,0,0,0,0,0,3,0,0,1,7,41.9770225984,-87.6509776071,POINT (-87.650977607085 41.977022598368)
220ac8b5d2e4c6626dadbb3f0a35bdb21a78497c103ddd67e34c42ffeb5c6f0b7f775da3c5804bf0a5809fa526cab259206565c6739bf9af15947e8c1c6af381,Y,07/13/2025 12:30:00 AM,25,UNKNOWN,UNKNOWN,UNKNOWN,UNKNOWN,PARKED MOTOR VEHICLE,NOT DIVIDED,,STRAIGHT AND LEVEL,UNKNOWN,UNKNOWN,NOT ON SCENE (DESK REPORT),NO INJURY / DRIVE AWAY,,,Y,"OVER $1,500",07/17/2025 01:00:00 PM,NOT APPLICABLE,NOT APPLICABLE,6833,N,OLCOTT AVE,1611,,,,,,,2,NO INDICATION OF INJURY,0,0,0,0,0,1,0,0,1,7,42.0052503265,-87.8135506576,POINT (-87.813550657617 42.005250326476)
523eb0d68a1afca2bc2638dd3d3dc663333d1749f482e45a3729ce6465b92633bba8f6cbdc944f5a6956930a9f078424c90cc778f1a35ed114e7a0424352dc49,Y,07/13/2025 12:30:00 AM,30,NO CONTROLS,NO CONTROLS,CLEAR,"DARKNESS, LIGHTED ROAD",PARKED MOTOR VEHICLE,NOT DIVIDED,,STRAIGHT AND LEVEL,DRY,NO DEFECTS,ON SCENE,INJURY AND / OR TOW DUE TO CRASH,,,Y,"OVER $1,500",07/13/2025 12:30:00 AM,UNABLE TO DETERMINE,UNABLE TO DETERMINE,1310,W,HUBBARD ST,1215,,,,,,,3,NO INDICATION OF INJURY,0,0,0,0,0,1,0,0,1,7,41.8900736156,-87.6596397712,POINT (-87.659639771223 41.890073615572)
11f3a6476491f2323e1738d1ccf42d9e46f012794ff2d7c3136a84b040a213a887232d44a34986993d477c709abf7500574db3455697146250b0dc412b232891,,07/13/2025 12:25:00 AM,30,UNKNOWN,UNKNOWN,CLEAR,DARKNESS,PARKED MOTOR VEHICLE,DIVIDED - W/MEDIAN (NOT RAISED),,STRAIGHT AND LEVEL,UNKNOWN,UNKNOWN,,NO INJURY / DRIVE AWAY,,,Y,"OVER $1,500",07/13/2025 01:30:00 AM,UNABLE TO DETERMINE,NOT APPLICABLE,400,W,59TH ST,711,,,,,,,2,NO INDICATION OF INJURY,0,0,0,0,0,1,0,0,1,7,41.7872933721,-87.6358068512,POINT (-87.635806851238 41.787293372092)
a517916a5e2455fa312586846e3525b5fa48925c60b114308fdd123495d0817e32a6a93cec5fa4b13e99f7a60db5ae6f7c7185ff19173a3c608d693a5d36647a,,07/13/2025 12:15:00 AM,30,NO CONTROLS,NO CONTROLS,CLEAR,"DARKNESS, LIGHTED ROAD",REAR END,T-INTERSECTION,,STRAIGHT AND LEVEL,DRY,UNKNOWN,ON SCENE,INJURY AND / OR TOW DUE TO CRASH,Y,,,"OVER $1,500",07/13/2025 12:22:00 AM,UNABLE TO DETERMINE,UNABLE TO DETERMINE,2753,W,111TH ST,2212,,,,,,,2,NO INDICATION OF INJURY,0,0,0,0,0,3,0,0,1,7,41.6915812815,-87.6905781409,POINT (-87.690578140908 41.691581281528)
45e4f29137207f86fd622ac43ec41c2eea3542d041c1c48a68ea6d88675d491415eaab94f959ce8dfa88b5b6eb56b0a44c1416e09ee0466a06df1af5175b240e,,07/13/2025 12:12:00 AM,30,STOP SIGN/FLASHER,FUNCTIONING PROPERLY,CLEAR,"DARKNESS, LIGHTED ROAD",TURNING,NOT DIVIDED,,STRAIGHT AND LEVEL,DRY,NO DEFECTS,ON SCENE,INJURY AND / OR TOW DUE TO CRASH,,,,"OVER $1,500",07/13/2025 12:12:00 AM,FAILING TO YIELD RIGHT-OF-WAY,NOT APPLICABLE,7358,N,RIDGE BLVD,2411,,,,,,,2,NO INDICATION OF INJURY,0,0,0,0,0,3,0,0,1,7,42.0157173367,-87.6843501472,POINT (-87.684350147153 42.015717336728)
276a95d758a01b591f2744ab596878ffd1eadeeb0cf1c7b4ad763d7aa04c42247a9d8cbf01391f057b5198c111a1ccf5878d49c849a161d1c151e4d8795788d0,,07/13/2025 12:00:00 AM,30,STOP SIGN/FLASHER,FUNCTIONING PROPERLY,CLEAR,DARKNESS,PARKED MOTOR VEHICLE,DIVIDED - W/MEDIAN (NOT RAISED),,STRAIGHT AND LEVEL,DRY,NO DEFECTS,ON SCENE,INJURY AND / OR TOW DUE TO CRASH,,,Y,"OVER $1,500",07/13/2025 08:00:00 AM,UNABLE TO DETERMINE,UNABLE TO DETERMINE,6401,W,51ST ST,811,,,,,,,3,NO INDICATION OF INJURY,0,0,0,0,0,1,0,0,1,7,41.7995583629,-87.7820749249,POINT (-87.782074924854 41.799558362896)
c7490a868bf84182a0e494c2cc38e17e283917456472a84f1e6b04c01ff1126cddd9709bde7f68509903ed63c0bf0556b111af22d344b1cdb6cdd637196b5c4c,N,07/13/2025 12:00:00 AM,30,NO CONTROLS,NO CONTROLS,CLEAR,DARKNESS,ANGLE,FOUR WAY,,STRAIGHT AND LEVEL,DRY,NO DEFECTS,NOT ON SCENE (DESK REPORT),NO INJURY / DRIVE AWAY,,,,"OVER $1,500",07/13/2025 12:30:00 AM,UNABLE TO DETERMINE,NOT APPLICABLE,520,S,CALIFORNIA AVE,1135,,,,,,,2,NO INDICATION OF INJURY,0,0,0,0,0,3,0,0,1,7,41.8742192232,-87.6962601439,POINT (-87.696260143885 41.874219223243)
de4e6a5dc2360492353e7b97285264bca2f44c80f06681b54b72f17b1c94eff6239a91f38efddef902ed961c325fa3dbe0a99bfaf2de93f7f79ae08065cf0b72,,07/12/2025 11:42:00 PM,30,STOP SIGN/FLASHER,FUNCTIONING PROPERLY,CLEAR,DARKNESS,ANGLE,T-INTERSECTION,,STRAIGHT AND LEVEL,DRY,NO DEFECTS,NOT ON SCENE (DESK REPORT),NO INJURY / DRIVE AWAY,Y,,,"OVER $1,500",07/14/2025 07:15:00 AM,DISREGARDING STOP SIGN,UNABLE TO DETERMINE,7700,S,RACINE AVE,612,,,,,,,2,NO INDICATION OF INJURY,0,0,0,0,0,2,0,23,7,7,41.754043519,-87.6539783417,POINT (-87.653978341661 41.75404351895)
9a6f3129807856b5c9257c5f77e37bdadf3f9709007858092472c9fe9df5dd0a114b25b9e70900f9fab4d4a8c9fc15e9a00cc844fab2a7e7675f15271ef3b040,,07/12/2025 11:41:00 PM,30,TRAFFIC SIGNAL,FUNCTIONING PROPERLY,CLEAR,"DARKNESS, LIGHTED ROAD",SIDESWIPE SAME DIRECTION,ONE-WAY,,STRAIGHT AND LEVEL,DRY,NO DEFECTS,NOT ON SCENE (DESK REPORT),NO INJURY / DRIVE AWAY,,,,"OVER $1,500",07/19/2025 01:45:00 PM,UNABLE TO DETERMINE,UNABLE TO DETERMINE,400,E,ONTARIO ST,1834,,,,,,,2,NO INDICATION OF INJURY,0,0,0,0,0,2,0,23,7,7,41.8935606729,-87.6176001788,POINT (-87.617600178786 41.893560672864)
a5ed82c616440cd02995653a04f22212ed239457a57e4f44b3bccd3ff52c0e4a06fbf23266cc05d1cdd68fe1da9a18dec4c99d5463c5a8e84f27719b8fe5bc6b,,07/12/2025 11:30:00 PM,40,NO CONTROLS,NO CONTROLS,CLEAR,"DARKNESS, LIGHTED ROAD",SIDESWIPE SAME DIRECTION,OTHER,,STRAIGHT AND LEVEL,DRY,NO DEFECTS,NOT ON SCENE (DESK REPORT),NO INJURY / DRIVE AWAY,,,,"$501 - $1,500",07/18/2025 06:23:00 PM,IMPROPER OVERTAKING/PASSING,FAILING TO YIELD RIGHT-OF-WAY,1300,N,LAKE SHORE DR,1824,,,,,,,3,NO INDICATION OF INJURY,0,0,0,0,0,3,0,23,7,7,41.9058860028,-87.6254505529,POINT (-87.625450552949 41.905886002753)
bd8e90bbd10b3933fd34cd03a3187b9d22a9c3e849e7174e891d75c95bd27f4e99aa69198e1cc5f532bff8f69e4b64e9c89e76a8830f02ea712ccb0785428af3,,07/12/2025 11:30:00 PM,30,TRAFFIC SIGNAL,FUNCTIONING PROPERLY,CLEAR,"DARKNESS, LIGHTED ROAD",PEDESTRIAN,DIVIDED - W/MEDIAN BARRIER,,STRAIGHT AND LEVEL,DRY,NO DEFECTS,ON SCENE,INJURY AND / OR TOW DUE TO CRASH,Y,,,"OVER $1,500",07/12/2025 11:30:00 PM,NOT APPLICABLE,NOT APPLICABLE,1900,N,ASHLAND AVE,1433,,,,,,,2,NONINCAPACITATING INJURY,1,0,0,1,0,1,0,23,7,7,41.916147281,-87.6679473535,POINT (-87.667947353504 41.916147280953)
bf8870487165201c475cf32c6f066a6c2709911f6b0d4ce0c5222c3a7777b5b0da0c5cb6103b22a2ff0f7e62830ce3e707197d2d28818431d3f701313de39fa4,,07/12/2025 11:30:00 PM,40,NO CONTROLS,NO CONTROLS,UNKNOWN,"DARKNESS, LIGHTED ROAD",SIDESWIPE SAME DIRECTION,DIVIDED - W/MEDIAN BARRIER,,STRAIGHT AND LEVEL,UNKNOWN,UNKNOWN,NOT ON SCENE (DESK REPORT),NO INJURY / DRIVE AWAY,,,Y,"OVER $1,500",07/13/2025 01:42:00 PM,DRIVING SKILLS/KNOWLEDGE/EXPERIENCE,FAILING TO REDUCE SPEED TO AVOID CRASH,3100,S,LAKE SHORE DR NB,211,,,,,,,2,NO INDICATION OF INJURY,0,0,0,0,0,2,0,23,7,7,41.8383932992,-87.6087495204,POINT (-87.608749520406 41.838393299151)
cc85e93b96815998769c22871c9d568ce25274d1666859ab3533b2ad60104fbc0830b96ca1cf56caaa1a9c2358f52e958baca962c0baf30ca780a76e70e2e6dc,,07/12/2025 11:27:00 PM,30,NO CONTROLS,NO CONTROLS,CLEAR,"DARKNESS, LIGHTED ROAD",PARKED MOTOR VEHICLE,DIVIDED - W/MEDIAN BARRIER,,STRAIGHT AND LEVEL,DRY,NO DEFECTS,ON SCENE,INJURY AND / OR TOW DUE TO CRASH,,,,"OVER $1,500",07/12/2025 11:27:00 PM,FAILING TO REDUCE SPEED TO AVOID CRASH,UNABLE TO DETERMINE,1111,S,WESTERN AVE,1225,,,,,,,4,NO INDICATION OF INJURY,0,0,0,0,0,2,0,23,7,7,41.8680479343,-87.6859280608,POINT (-87.685928060817 41.868047934318)
72122083712780afb0d383aa982002fea9a132ecc2982ae29188a09ee8b1b2748f6c16216c35ae19b50289827a8e922a49f2708b7b17afbc4640da845734f56b,,07/12/2025 11:24:00 PM,30,NO CONTROLS,NO CONTROLS,CLEAR,"DARKNESS, LIGHTED ROAD",PARKED MOTOR VEHICLE,NOT DIVIDED,,STRAIGHT ON GRADE,DRY,"RUT, HOLES",ON SCENE,INJURY AND / OR TOW DUE TO CRASH,,,,"OVER $1,500",07/12/2025 11:24:00 PM,UNABLE TO DETERMINE,UNABLE TO DETERMINE,6498,S,KEDZIE AVE,823,,,,,,,3,NO INDICATION OF INJURY,0,0,0,0,0,1,0,23,7,7,41.7753650892,-87.7032004444,POINT (-87.703200444368 41.775365089204)
3891481e4a12ed1a6203b9b7d2be031a2c0ae906a8cd8b42984839effdf612ac260ec6dc4b6d3508cffcd09e3b43ce1b6648549df9a04d29e0cff0302a5b1cfa,,07/12/2025 11:18:00 PM,30,TRAFFIC SIGNAL,FUNCTIONING PROPERLY,CLEAR,"DARKNESS, LIGHTED ROAD",TURNING,FOUR WAY,,STRAIGHT AND LEVEL,DRY,UNKNOWN,ON SCENE,INJURY AND / OR TOW DUE TO CRASH,,,,"$501 - $1,500",07/12/2025 11:19:00 PM,IMPROPER TURNING/NO SIGNAL,NOT APPLICABLE,350,W,CHICAGO AVE,1823,,,,,,,2,"REPORTED, NOT EVIDENT",1,0,0,0,1,3,0,23,7,7,41.8966533808,-87.6376816581,POINT (-87.637681658139 41.896653380769)
92c5fccbab6bf453a015f40caf6d923efde3967a392f791c425db859ddde8095adf24131cbdacd978fa1bb2de988c104701e5a7b3dd64ded1b8d6b2609e3f070,,07/12/2025 11:15:00 PM,30,TRAFFIC SIGNAL,FUNCTIONING PROPERLY,CLEAR,"DARKNESS, LIGHTED ROAD",TURNING,Y-INTERSECTION,,STRAIGHT AND LEVEL,DRY,NO DEFECTS,,INJURY AND / OR TOW DUE TO CRASH,Y,,,$500 OR LESS,07/13/2025 05:25:00 AM,DISREGARDING TRAFFIC SIGNALS,UNABLE TO DETERMINE,400,N,DESPLAINES ST,1214,,,,,,,2,NO INDICATION OF INJURY,0,0,0,0,0,2,0,23,7,7,41.8890745091,-87.644481871,POINT (-87.644481871029 41.889074509059)
c87951d03e60b5636972e60d9dcff2c52ccb03a28efe01c9caff531e195d3d38aeef4c98dcbe2773c8d90ce17465389f267057ffbe5d54796a3ed079cf987184,,07/12/2025 11:06:00 PM,25,NO CONTROLS,NO CONTROLS,CLEAR,DARKNESS,PARKED MOTOR VEHICLE,NOT DIVIDED,,STRAIGHT AND LEVEL,DRY,NO DEFECTS,ON SCENE,NO INJURY / DRIVE AWAY,,,,"OVER $1,500",07/12/2025 11:07:00 PM,UNABLE TO DETERMINE,UNABLE TO DETERMINE,4635,W,ALTGELD ST,2521,,,,,,,2,NO INDICATION OF INJURY,0,0,0,0,0,1,0,23,7,7,41.9261603963,-87.7432031226,POINT (-87.743203122599 41.926160396346)
0df0ef60c88e1528f7535768ee499f0fbbda10f8c630d19c283d4da697c2caa7122f770d4f888bfe50636e245544fe502298dd38b1df89201eb40adbc8d565fd,,07/12/2025 11:01:00 PM,35,TRAFFIC SIGNAL,FUNCTIONING PROPERLY,CLEAR,"DARKNESS, LIGHTED ROAD",TURNING,FOUR WAY,,STRAIGHT AND LEVEL,DRY,UNKNOWN,ON SCENE,INJURY AND / OR TOW DUE TO CRASH,Y,,,"OVER $1,500",07/12/2025 11:30:00 PM,UNABLE TO DETERMINE,UNABLE TO DETERMINE,59,N,KEDZIE AVE,1222,,,,,,,2,"REPORTED, NOT EVIDENT",3,0,0,0,3,1,0,23,7,7,41.8827505021,-87.7060225881,POINT (-87.706022588052 41.882750502072)
d2a3bd3bf67b1e354a69260781d287a59f21bb67452c3f59872c363287ddbf6148090dad54003a9a0ceb32138f170a90b054c1fa11d857955a9ce3f445dae8cc,,07/12/2025 10:55:00 PM,30,TRAFFIC SIGNAL,FUNCTIONING PROPERLY,CLEAR,"DARKNESS, LIGHTED ROAD",REAR END,DIVIDED - W/MEDIAN (NOT RAISED),,STRAIGHT AND LEVEL,DRY,NO DEFECTS,NOT ON SCENE (DESK REPORT),NO INJURY / DRIVE AWAY,,,,"$501 - $1,500",07/13/2025 12:50:00 AM,UNABLE TO DETERMINE,NOT APPLICABLE,8300,S,WESTERN AVE,835,,,,,,,2,NO INDICATION OF INJURY,0,0,0,0,0,2,0,22,7,7,41.7427279656,-87.6828247929,POINT (-87.68282479295 41.742727965581)
a26db4e0816adf0278856ab00f3b1c1f1b82f8046654e56ac899fd65b9ca6bc8107bfd97f849b5b78328a24255297fb63906a8dc68fd62b709bd4aabd037feeb,,07/12/2025 10:53:00 PM,30,NO CONTROLS,NO CONTROLS,CLEAR,"DARKNESS, LIGHTED ROAD",PARKED MOTOR VEHICLE,ONE-WAY,,STRAIGHT AND LEVEL,DRY,NO DEFECTS,ON SCENE,NO INJURY / DRIVE AWAY,,,,"OVER $1,500",07/12/2025 11:00:00 PM,UNABLE TO DETERMINE,NOT APPLICABLE,2920,W,64TH ST,823,,,,,,,2,NO INDICATION OF INJURY,0,0,0,0,0,1,0,22,7,7,41.7773514863,-87.6967627329,POINT (-87.696762732905 41.77735148631)
e33ec98114fefe08c8e6fa8e95ebf4cc8c0e173416f4d72f0cf3bf3e2cb5ed0a3589036fdb8d487c09f6c3e60a749eac9c24e0652afef862d14b13c23e734918,,07/12/2025 10:52:00 PM,30,NO CONTROLS,NO CONTROLS,CLEAR,"DARKNESS, LIGHTED ROAD",PARKED MOTOR VEHICLE,ONE-WAY,,STRAIGHT AND LEVEL,DRY,NO DEFECTS,ON SCENE,NO INJURY / DRIVE AWAY,,,,"OVER $1,500",07/12/2025 11:48:00 PM,NOT APPLICABLE,NOT APPLICABLE,5255,W,FLETCHER ST,2514,,,,,,,2,,,,,,,,,22,7,7,41.9376505368,-87.7588191719,POINT (-87.758819171912 41.937650536809)
c95397f58588dc59d4444a4a6023b459c788915594430ef2b9a30aa6c0689a6d626e99e70c93ac86312711ac626a3583868275e6c0aaaf919050066741dbbb6a,,07/12/2025 10:50:00 PM,30,NO CONTROLS,NO CONTROLS,CLEAR,"DARKNESS, LIGHTED ROAD",PARKED MOTOR VEHICLE,ONE-WAY,,STRAIGHT AND LEVEL,DRY,UNKNOWN,ON SCENE,NO INJURY / DRIVE AWAY,,,,"OVER $1,500",07/12/2025 10:55:00 PM,UNABLE TO DETERMINE,UNABLE TO DETERMINE,5746,S,MAPLEWOOD AVE,824,,,,,,,2,NO INDICATION OF INJURY,0,0,0,0,0,1,0,22,7,7,41.7887594626,-87.6877045344,POINT (-87.687704534406 41.788759462577)
732a2eb1f887da2e0cf1fcbe59ac0f71bdc99f439e0d089640f0d2df9d659a8f38b9a85797b8523d44edcd28f7f6311db2d5338b2ac876331007bff5c5535cbc,,07/12/2025 10:45:00 PM,25,TRAFFIC SIGNAL,UNKNOWN,CLEAR,"DARKNESS, LIGHTED ROAD",PARKED MOTOR VEHICLE,FOUR WAY,,STRAIGHT AND LEVEL,DRY,NO DEFECTS,NOT ON SCENE (DESK REPORT),NO INJURY / DRIVE AWAY,,,,"OVER $1,500",07/12/2025 11:00:00 PM,UNABLE TO DETERMINE,NOT APPLICABLE,1799,W,GREENLEAF AVE,2424,,,,,,,2,NO INDICATION OF INJURY,0,0,0,0,0,1,0,22,7,7,42.0100606814,-87.6759706082,POINT (-87.675970608217 42.010060681394)
93e5a209c7c67acbfbbd5e99e80ef5eb258e09f7912c2ed3046c375c8706faaf226ddfc23afc1c44b808f31cdf296a07d6660508192780a345922ddb04eb5add,,07/12/2025 10:40:00 PM,30,TRAFFIC SIGNAL,FUNCTIONING PROPERLY,CLEAR,"DARKNESS, LIGHTED ROAD",TURNING,FOUR WAY,,STRAIGHT AND LEVEL,DRY,NO DEFECTS,,INJURY AND / OR TOW DUE TO CRASH,Y,,Y,"OVER $1,500",07/12/2025 10:40:00 PM,IMPROPER TURNING/NO SIGNAL,FAILING TO YIELD RIGHT-OF-WAY,7001,N,CLARK ST,2423,,,,,,,2,NO INDICATION OF INJURY,0,0,0,0,0,2,0,22,7,7,42.0090728171,-87.6738322306,POINT (-87.673832230615 42.009072817142)
3c210342a60f217b7ad54c43e6ae60385d465ceeea1c55140a034363dfc44e64eb262e8cdc7179040fbc7e5c130559317119939e792b41247b8dd23c07c78259,,07/12/2025 10:33:00 PM,35,NO CONTROLS,NO CONTROLS,CLEAR,"DARKNESS, LIGHTED ROAD",PARKED MOTOR VEHICLE,NOT DIVIDED,,STRAIGHT AND LEVEL,DRY,UNKNOWN,ON SCENE,NO INJURY / DRIVE AWAY,,,Y,"OVER $1,500",07/12/2025 10:34:00 PM,UNDER THE INFLUENCE OF ALCOHOL/DRUGS (USE WHEN ARREST IS EFFECTED),PHYSICAL CONDITION OF DRIVER,10915,S,AVENUE O,432,,,,,,,6,NO INDICATION OF INJURY,0,0,0,0,0,1,0,22,7,7,41.6968271717,-87.539934369,POINT (-87.539934369034 41.696827171742)
3ebc36b9f6455529d56a7d3a67cb3aa9166429fa3ac6e092b2a2733c24b0c47335bf1b645e315f6ebea6dfbe619d164e44260cbfd2d00675c3cf6ad7b8523728,,07/12/2025 10:30:00 PM,25,STOP SIGN/FLASHER,FUNCTIONING PROPERLY,CLEAR,"DARKNESS, LIGHTED ROAD",REAR TO FRONT,FOUR WAY,,STRAIGHT AND LEVEL,DRY,UNKNOWN,NOT ON SCENE (DESK REPORT),NO INJURY / DRIVE AWAY,Y,,Y,"OVER $1,500",07/14/2025 03:30:00 PM,UNABLE TO DETERMINE,UNABLE TO DETERMINE,5044,S,PRAIRIE AVE,224,,,,,,,2,NO INDICATION OF INJURY,0,0,0,0,0,2,0,22,7,7,41.802537965,-87.6195672388,POINT (-87.619567238806 41.802537964983)
b6eb6be3c391e6f62137d987ac898e52e41cf38990f84ff505721288e8a6a1476699e5861231892842ecf2e6e34e1f51e41d45ec4be16bf8f98dce7daa11bbf0,,07/12/2025 10:30:00 PM,30,NO CONTROLS,NO CONTROLS,CLEAR,DARKNESS,PARKED MOTOR VEHICLE,PARKING LOT,,STRAIGHT AND LEVEL,DRY,NO DEFECTS,NOT ON SCENE (DESK REPORT),NO INJURY / DRIVE AWAY,,,Y,"OVER $1,500",07/14/2025 03:36:00 PM,UNABLE TO DETERMINE,UNABLE TO DETERMINE,3057,N,ROCKWELL ST,1411,,,,,,,2,NO INDICATION OF INJURY,0,0,0,0,0,1,0,22,7,7,41.937394949,-87.6927376897,POINT (-87.692737689661 41.937394949019)
cfa95b0370a336a0bc9448304f7a43ac89cc61871a8c879c33452edc14e1e0a19972d893f1e1cd841801b771f1325b73eed2d30ec7182b533218057521bec4d9,,07/12/2025 10:30:00 PM,30,TRAFFIC SIGNAL,FUNCTIONING PROPERLY,CLEAR,"DARKNESS, LIGHTED ROAD",SIDESWIPE SAME DIRECTION,OTHER,,STRAIGHT AND LEVEL,DRY,NO DEFECTS,NOT ON SCENE (DESK REPORT),NO INJURY / DRIVE AWAY,Y,,,"$501 - $1,500",07/12/2025 11:20:00 PM,IMPROPER LANE USAGE,IMPROPER LANE USAGE,530,W,GRAND AVE,1214,,,,,,,2,NO INDICATION OF INJURY,0,0,0,0,0,2,0,22,7,7,41.8914766178,-87.6417737785,POINT (-87.641773778537 41.891476617764)
f5d0859acc1f2dc68d8d03e200703338534c6c6be081b9411e6a19e57af6373e01ba95e3f95d859086765b0a67ba1051db8830a023c81141da5b7a75e61f16dc,,07/12/2025 10:30:00 PM,30,TRAFFIC SIGNAL,FUNCTIONING PROPERLY,CLEAR,"DARKNESS, LIGHTED ROAD",TURNING,T-INTERSECTION,,STRAIGHT AND LEVEL,DRY,NO DEFECTS,ON SCENE,NO INJURY / DRIVE AWAY,Y,,Y,"$501 - $1,500",07/12/2025 10:50:00 PM,IMPROPER TURNING/NO SIGNAL,DRIVING SKILLS/KNOWLEDGE/EXPERIENCE,5946,S,COTTAGE GROVE AVE,233,,Y,,,,,2,NO INDICATION OF INJURY,0,0,0,0,0,2,0,22,7,7,41.7863868914,-87.6061904978,POINT (-87.606190497819 41.786386891416)
60943069991523d0a9ad1747de7ec4108bac9d5e3e5f8d87b7db50fd14d7d4c81fef8cd8394b48a02fdcb4f1ec854614f2973e02679c47a550e5042aa071a5fe,,07/12/2025 10:15:00 PM,30,TRAFFIC SIGNAL,FUNCTIONING PROPERLY,CLEAR,"DARKNESS, LIGHTED ROAD",PEDESTRIAN,DIVIDED - W/MEDIAN (NOT RAISED),,STRAIGHT AND LEVEL,DRY,NO DEFECTS,ON SCENE,INJURY AND / OR TOW DUE TO CRASH,,,Y,"OVER $1,500",07/12/2025 11:51:00 PM,FAILING TO YIELD RIGHT-OF-WAY,NOT APPLICABLE,5890,S,ARCHER AVE,811,,,,,,,2,NONINCAPACITATING INJURY,1,0,0,1,0,1,0,22,7,7,41.7958059149,-87.7624643898,POINT (-87.762464389829 41.7958059149)
c14bf5e68096d442e8fa9c21980e776e722b7f43ebee172f194853a83f529ce6ce42d4536c3c8c29854dedd826aceb7fe24e46ec627e0e2d90ee87d8b8acb482,,07/12/2025 10:15:00 PM,20,NO CONTROLS,NO CONTROLS,CLEAR,"DARKNESS, LIGHTED ROAD",SIDESWIPE SAME DIRECTION,ONE-WAY,,STRAIGHT AND LEVEL,UNKNOWN,UNKNOWN,NOT ON SCENE (DESK REPORT),NO INJURY / DRIVE AWAY,,,,"OVER $1,500",07/13/2025 05:32:00 PM,FAILING TO YIELD RIGHT-OF-WAY,NOT APPLICABLE,4333,N,BELL AVE,1911,,,,,,,2,NO INDICATION OF INJURY,0,0,0,0,0,3,0,22,7,7,41.9605401488,-87.6848701961,POINT (-87.684870196129 41.960540148831)
e7eab42611061572dfab6d04b8f56a7b60ca5e056b16c1454f85f46c25a1b29af994d6b1fbf777f63f6920890008fafe2cab98dbd44531c1e0f5bf88a415a9a6,,07/12/2025 10:09:00 PM,30,TRAFFIC SIGNAL,FUNCTIONING PROPERLY,CLEAR,DARKNESS,TURNING,FOUR WAY,,STRAIGHT AND LEVEL,DRY,UNKNOWN,ON SCENE,NO INJURY / DRIVE AWAY,,,,"OVER $1,500",07/12/2025 10:09:00 PM,FAILING TO YIELD RIGHT-OF-WAY,FAILING TO YIELD RIGHT-OF-WAY,3198,W,63RD ST,823,,,,,,,2,NO INDICATION OF INJURY,0,0,0,0,0,6,0,22,7,7,41.7790838026,-87.7030783019,POINT (-87.703078301863 41.779083802552)
614e529353c550866f7404aa5bd00022650ca0af0b0bc5b2f20858eec17f10d7243bd4d16cd6ecd9e1c060292189fcf31904e01920b55b609433918231cfd7a3,,07/12/2025 10:05:00 PM,30,TRAFFIC SIGNAL,FUNCTIONING PROPERLY,CLEAR,DARKNESS,REAR END,FOUR WAY,,STRAIGHT AND LEVEL,DRY,NO DEFECTS,NOT ON SCENE (DESK REPORT),INJURY AND / OR TOW DUE TO CRASH,Y,,,"OVER $1,500",07/12/2025 11:15:00 PM,UNABLE TO DETERMINE,UNABLE TO DETERMINE,1547,W,87TH ST,2221,,,,,,,2,NONINCAPACITATING INJURY,2,0,0,2,0,1,0,22,7,7,41.7356885602,-87.6624961049,POINT (-87.662496104873 41.735688560168)