CRASH_RECORD_ID,CRASH_DATE_EST_I,CRASH_DATE,POSTED_SPEED_LIMIT,TRAFFIC_CONTROL_DEVICE,DEVICE_CONDITION,WEATHER_CONDITION,LIGHTING_CONDITION,FIRST_CRASH_TYPE,TRAFFICWAY_TYPE,LANE_CNT,ALIGNMENT,ROADWAY_SURFACE_COND,ROAD_DEFECT,REPORT_TYPE,CRASH_TYPE,INTERSECTION_RELATED_I,NOT_RIGHT_OF_WAY_I,HIT_AND_RUN_I,DAMAGE,DATE_POLICE_NOTIFIED,PRIM_CONTRIBUTORY_CAUSE,SEC_CONTRIBUTORY_CAUSE,STREET_NO,STREET_DIRECTION,STREET_NAME,BEAT_OF_OCCURRENCE,PHOTOS_TAKEN_I,STATEMENTS_TAKEN_I,DOORING_I,WORK_ZONE_I,WORK_ZONE_TYPE,WORKERS_PRESENT_I,NUM_UNITS,MOST_SEVERE_INJURY,INJURIES_TOTAL,INJURIES_FATAL,INJURIES_INCAPACITATING,INJURIES_NON_INCAPACITATING,INJURIES_REPORTED_NOT_EVIDENT,INJURIES_NO_INDICATION,INJURIES_UNKNOWN,CRASH_HOUR,CRASH_DAY_OF_WEEK,CRASH_MONTH,LATITUDE,LONGITUDE,LOCATION
71b10d9b36daad099dfb3745116dde9375b28ec8b1b8d61cefe5d4a76a20a039ed9b7e3c72aa7c2c80caae1af9bb65705ff24caf40ffbe3001f0e361d49c8bb3,,07/12/2025 10:02:00 PM,30,TRAFFIC SIGNAL,FUNCTIONING PROPERLY,CLEAR,DUSK,PARKED MOTOR VEHICLE,DIVIDED - W/MEDIAN (NOT RAISED),,STRAIGHT AND LEVEL,DRY,NO DEFECTS,,INJURY AND / OR TOW DUE TO CRASH,,,Y,"OVER $1,500",07/12/2025 10:02:00 PM,FAILING TO REDUCE SPEED TO AVOID CRASH,"OPERATING VEHICLE IN ERRATIC, RECKLESS, CARELESS, NEGLIGENT OR AGGRESSIVE MANNER",2810,N,PULASKI RD,2523,,,,,,,3,NONINCAPACITATING INJURY,1,0,0,1,0,5,0,22,7,7,41.9321072117,-87.7271345914,POINT (-87.727134591438 41.932107211669)
113f16d9fa656d8893daa70c57d2667da2a4ba6d88b64644023bde04d11271c983738e9f442e80d36f355ee3960d04cd67f89ad367f45aa9c57374ec8a3a97c1,,07/12/2025 10:00:00 PM,30,NO CONTROLS,NO CONTROLS,CLEAR,DAYLIGHT,PARKED MOTOR VEHICLE,ONE-WAY,,STRAIGHT AND LEVEL,DRY,NO DEFECTS,NOT ON SCENE (DESK REPORT),NO INJURY / DRIVE AWAY,,,,"OVER $1,500",07/13/2025 11:20:00 AM,UNABLE TO DETERMINE,NOT APPLICABLE,1625,N,MC VICKER AVE,2513,,,,,,,2,NO INDICATION OF INJURY,0,0,0,0,0,1,0,22,7,7,41.9100163098,-87.7763157437,POINT (-87.776315743666 41.910016309826)
5669b8ff83910925f24d35bcbc906cf2b038fdc1ce37a4c42cbc16fce4081af650679143505577c361f229b6313efc800eccb18da9bcdf38b781250b1710a284,,07/12/2025 10:00:00 PM,20,NO CONTROLS,NO CONTROLS,CLEAR,"DARKNESS, LIGHTED ROAD",PARKED MOTOR VEHICLE,PARKING LOT,,STRAIGHT AND LEVEL,DRY,NO DEFECTS,NOT ON SCENE (DESK REPORT),NO INJURY / DRIVE AWAY,,,,"OVER $1,500",07/12/2025 11:00:00 PM,UNABLE TO DETERMINE,NOT APPLICABLE,4100,N,LONG AVE,1624,,,,,,,2,NO INDICATION OF INJURY,0,0,0,0,0,1,0,22,7,7,41.9551078677,-87.7622845814,POINT (-87.762284581398 41.955107867673)
a4d1534bb1384db8a29ed7066caac9b76a0524c6f305a4364586173554b39793f02692fa360d9aa2a33f729c8ffe73e93cc05ce603f4090d635a61b1e01f70e6,,07/12/2025 10:00:00 PM,30,NO CONTROLS,NO CONTROLS,CLEAR,DARKNESS,SIDESWIPE SAME DIRECTION,NOT DIVIDED,,STRAIGHT AND LEVEL,DRY,UNKNOWN,NOT ON SCENE (DESK REPORT),INJURY AND / OR TOW DUE TO CRASH,,,Y,"OVER $1,500",07/13/2025 09:20:00 AM,UNABLE TO DETERMINE,UNABLE TO DETERMINE,1238,E,79TH ST,411,,,,,,,2,NO INDICATION OF INJURY,0,0,0,0,0,2,0,22,7,7,41.7515142488,-87.5939600773,POINT (-87.593960077266 41.751514248824)
c64fd2b8a84ae8c3b4472c62699019315129893743c82b158ca432e395291e7e385bf5bc8b3089a80a21327d8802857f01d708ad8f0d4ae57ff7b78cc63d6eb7,,07/12/2025 10:00:00 PM,30,TRAFFIC SIGNAL,FUNCTIONING PROPERLY,CLEAR,"DARKNESS, LIGHTED ROAD",REAR END,DIVIDED - W/MEDIAN BARRIER,,STRAIGHT AND LEVEL,DRY,NO DEFECTS,NOT ON SCENE (DESK REPORT),NO INJURY / DRIVE AWAY,,,,"OVER $1,500",07/12/2025 10:00:00 PM,UNABLE TO DETERMINE,UNABLE TO DETERMINE,2000,W,87TH ST,614,,,,,,,2,NO INDICATION OF INJURY,0,0,0,0,0,2,0,22,7,7,41.7357642612,-87.6727981991,POINT (-87.672798199058 41.735764261243)
45885c6e72d70a1cf5daf68d68ac3f015072832a54501a9bc33cc049f750c9cc0d66e670f0b56de8b8604bbb804834bd2b618684cbf5ff4ac3416feb3f09e6f1,,07/12/2025 09:52:00 PM,30,TRAFFIC SIGNAL,FUNCTIONING PROPERLY,CLEAR,DARKNESS,REAR END,NOT DIVIDED,,STRAIGHT AND LEVEL,DRY,NO DEFECTS,ON SCENE,NO INJURY / DRIVE AWAY,,,,"OVER $1,500",07/12/2025 09:52:00 PM,FOLLOWING TOO CLOSELY,NOT APPLICABLE,6498,S,COTTAGE GROVE AVE,312,,,,,,,2,NO INDICATION OF INJURY,0,0,0,0,0,3,0,21,7,7,41.7768663218,-87.6059982481,POINT (-87.605998248145 41.776866321838)
a6f48d819d852098928ccd5bca3ecf3013cd8ceb748fa7fe69398bf3e40643c3b9a606bcc8df979c730c27c4d333939c1eb8b14fb76e926ac3359f28ff88201d,,07/12/2025 09:40:00 PM,30,UNKNOWN,UNKNOWN,CLEAR,DARKNESS,SIDESWIPE SAME DIRECTION,NOT DIVIDED,,STRAIGHT AND LEVEL,DRY,UNKNOWN,NOT ON SCENE (DESK REPORT),NO INJURY / DRIVE AWAY,N,,,"$501 - $1,500",07/13/2025 08:38:00 AM,IMPROPER OVERTAKING/PASSING,IMPROPER OVERTAKING/PASSING,5100,S,CORNELL AVE,234,,,,,,,2,NO INDICATION OF INJURY,0,0,0,0,0,2,0,21,7,7,41.8023870019,-87.5867582771,POINT (-87.586758277123 41.802387001878)
ad8d25c3959411f163126874fc07760d95888952546b5923462d9d0481dbe04e4386220d1dc024cb87e52799d0d4f0366e0e5a4375debde3c9ff540b250f7a56,,07/12/2025 09:38:00 PM,15,NO CONTROLS,NO CONTROLS,CLEAR,"DARKNESS, LIGHTED ROAD",PARKED MOTOR VEHICLE,ONE-WAY,,STRAIGHT AND LEVEL,DRY,NO DEFECTS,ON SCENE,NO INJURY / DRIVE AWAY,,,,"$501 - $1,500",07/12/2025 09:50:00 PM,UNABLE TO DETERMINE,UNABLE TO DETERMINE,720,E,104TH PL,512,,,,,,,2,NO INDICATION OF INJURY,0,0,0,0,0,1,0,21,7,7,41.7047957275,-87.6062376184,POINT (-87.606237618438 41.704795727468)
5ec2c06906faf1e4c1f7bbc723671abe8bd90b39fc2274eeb2adb8eb2beb146ee3e654ffb2b2f7a604e58bd35f9bf8884fdc3a8b398bc19ec70bc10cd6f44e0a,,07/12/2025 09:35:00 PM,30,NO CONTROLS,NO CONTROLS,CLEAR,"DARKNESS, LIGHTED ROAD",REAR END,NOT DIVIDED,,STRAIGHT AND LEVEL,DRY,NO DEFECTS,NOT ON SCENE (DESK REPORT),NO INJURY / DRIVE AWAY,,,,"OVER $1,500",07/12/2025 09:50:00 PM,FOLLOWING TOO CLOSELY,DRIVING SKILLS/KNOWLEDGE/EXPERIENCE,4820,W,LAWRENCE AVE,1623,,,,,,,3,NO INDICATION OF INJURY,0,0,0,0,0,4,0,21,7,7,41.9681252697,-87.7487396826,POINT (-87.748739682611 41.968125269652)
0d8abc209d70e062c09f96a1fd7153067ff27c304715d71329f1204d6c3165e8f7bc2c981dceb761e4f7b564a939c0364f9a3e73773ad4a28583b40f7b30f101,,07/12/2025 09:30:00 PM,25,NO CONTROLS,OTHER,CLEAR,"DARKNESS, LIGHTED ROAD",SIDESWIPE SAME DIRECTION,NOT DIVIDED,,STRAIGHT AND LEVEL,DRY,NO DEFECTS,NOT ON SCENE (DESK REPORT),NO INJURY / DRIVE AWAY,,,,"$501 - $1,500",07/13/2025 11:00:00 AM,IMPROPER TURNING/NO SIGNAL,DRIVING SKILLS/KNOWLEDGE/EXPERIENCE,3343,W,ADDISON ST,1733,,,,,,,2,NO INDICATION OF INJURY,0,0,0,0,0,2,0,21,7,7,41.946467796,-87.7120240971,POINT (-87.712024097067 41.946467795996)
41d37c0912f36c52d3ad413914360fac27240118fd76d1bf9aa34abb9724ae814420b03dbc552d606bb0e85eda12fab271bb5a1e9f9a92d1de438ec203a49199,,07/12/2025 09:30:00 PM,30,NO CONTROLS,NO CONTROLS,CLEAR,"DARKNESS, LIGHTED ROAD",PARKED MOTOR VEHICLE,NOT DIVIDED,,STRAIGHT AND LEVEL,DRY,UNKNOWN,ON SCENE,INJURY AND / OR TOW DUE TO CRASH,,,Y,"OVER $1,500",07/12/2025 09:35:00 PM,UNABLE TO DETERMINE,NOT APPLICABLE,6025,W,MONTROSE AVE,1624,,,,,,,2,NO INDICATION OF INJURY,0,0,0,0,0,2,0,21,7,7,41.9602287989,-87.7780194646,POINT (-87.778019464644 41.960228798882)
4226e12c4ce4ccb77372dcabe48dda22962836657b5e0910f75a2211645c2e6e268c3f35b2f4e8b10c0e56fda3912b310ffcfdb6eec3fe493b2724752851df57,,07/12/2025 09:30:00 PM,20,STOP SIGN/FLASHER,FUNCTIONING PROPERLY,CLEAR,"DARKNESS, LIGHTED ROAD",PARKED MOTOR VEHICLE,ONE-WAY,,STRAIGHT AND LEVEL,DRY,NO DEFECTS,NOT ON SCENE (DESK REPORT),INJURY AND / OR TOW DUE TO CRASH,,,Y,"OVER $1,500",07/12/2025 10:30:00 PM,UNABLE TO DETERMINE,UNABLE TO DETERMINE,7601,S,EMERALD AVE,621,,,,,,,2,NO INDICATION OF INJURY,0,0,0,0,0,1,0,21,7,7,41.7560078327,-87.6428098116,POINT (-87.64280981156 41.756007832655)
7fe0174e44a21c74b278a662bde051d1c1dfe52c04dba524dea2ec1808244f2e8c50162137b90cf5fea95d87f3ad7254a116903966b70a59d0e8e312c7648d90,,07/12/2025 09:10:00 PM,20,NO CONTROLS,NO CONTROLS,CLEAR,"DARKNESS, LIGHTED ROAD",SIDESWIPE SAME DIRECTION,ONE-WAY,,STRAIGHT AND LEVEL,DRY,NO DEFECTS,ON SCENE,NO INJURY / DRIVE AWAY,,,,"OVER $1,500",07/12/2025 09:30:00 PM,DRIVING SKILLS/KNOWLEDGE/EXPERIENCE,NOT APPLICABLE,504,W,OHARE ST,1654,,,,,,,2,NO INDICATION OF INJURY,0,0,0,0,0,2,0,21,7,7,,,
26a2fa6eee612ffce16bd429a982ef3c8718b6662a26a282cb71f65a4f928fd4a0e80dd81483ce82030915a412a40444e1166eff297447872e9b1dedbf713a49,,07/12/2025 09:00:00 PM,45,TRAFFIC SIGNAL,FUNCTIONING PROPERLY,CLEAR,"DARKNESS, LIGHTED ROAD",SIDESWIPE SAME DIRECTION,DIVIDED - W/MEDIAN BARRIER,,STRAIGHT AND LEVEL,DRY,NO DEFECTS,ON SCENE,NO INJURY / DRIVE AWAY,,,Y,$500 OR LESS,07/12/2025 09:01:00 PM,IMPROPER OVERTAKING/PASSING,NOT APPLICABLE,6300,S,COAST GUARD DR,331,,,,,,,2,NO INDICATION OF INJURY,0,0,0,0,0,2,0,21,7,7,41.7796807607,-87.575066734,POINT (-87.575066733953 41.77968076067)
4bcf68ec16f02a8f15d6ea745efb09ab00642e7619d0afbf21885f7a7e4a0938ad4933d57b74ef706e7a7e2e2ff6635468baab5fc2ea200a37d0d61895894975,,07/12/2025 09:00:00 PM,35,NO CONTROLS,NO CONTROLS,CLEAR,"DARKNESS, LIGHTED ROAD",SIDESWIPE SAME DIRECTION,NOT DIVIDED,,STRAIGHT AND LEVEL,DRY,NO DEFECTS,,INJURY AND / OR TOW DUE TO CRASH,,,Y,"OVER $1,500",07/12/2025 09:10:00 PM,IMPROPER OVERTAKING/PASSING,UNABLE TO DETERMINE,9315,S,ASHLAND AVE,2221,,,,,,,2,NONINCAPACITATING INJURY,1,0,0,1,0,1,0,21,7,7,41.7243894684,-87.6626088913,POINT (-87.662608891282 41.724389468432)
cb78191f27a46d802a641f2670791489177c8497b9f90e8de8bb4752deab301ce5c674859309461b3c4196e653a877bd962e5a30bf4b448f053f7b5058eaebb1,,07/12/2025 09:00:00 PM,30,TRAFFIC SIGNAL,FUNCTIONING PROPERLY,CLEAR,"DARKNESS, LIGHTED ROAD",REAR END,DIVIDED - W/MEDIAN (NOT RAISED),,STRAIGHT AND LEVEL,DRY,NO DEFECTS,NOT ON SCENE (DESK REPORT),NO INJURY / DRIVE AWAY,,,N,"$501 - $1,500",07/12/2025 09:20:00 PM,UNABLE TO DETERMINE,NOT APPLICABLE,2400,W,63RD ST,825,,,,,,,2,NO INDICATION OF INJURY,0,0,0,0,0,2,0,21,7,7,41.7793318443,-87.6836757608,POINT (-87.683675760848 41.779331844298)
48f3b75b43153e0fcfc693acb4df9d6f6b2de6944c589f53ae24aba481f4c69166e2123be1afcd99e8f2dd84d2024bc40acf64238e270ccfadeb3402d8703823,,07/12/2025 08:55:00 PM,30,STOP SIGN/FLASHER,FUNCTIONING PROPERLY,CLEAR,"DARKNESS, LIGHTED ROAD",REAR END,NOT DIVIDED,,STRAIGHT AND LEVEL,DRY,WORN SURFACE,ON SCENE,INJURY AND / OR TOW DUE TO CRASH,,,,"OVER $1,500",07/12/2025 08:55:00 PM,UNDER THE INFLUENCE OF ALCOHOL/DRUGS (USE WHEN ARREST IS EFFECTED),FAILING TO REDUCE SPEED TO AVOID CRASH,1654,W,35TH ST,912,,,,,,,2,NONINCAPACITATING INJURY,1,0,0,1,0,1,0,20,7,7,41.8305863437,-87.667725746,POINT (-87.667725746017 41.830586343742)
93cb24a426e947000abfa755bbeec335266bd05597dd3ae2607641e3a4e50bc5a616b166a212086864b3144549df8fc4d4832410ce4f431ed197b36def3d7235,,07/12/2025 08:55:00 PM,30,NO CONTROLS,NO CONTROLS,CLEAR,DUSK,SIDESWIPE SAME DIRECTION,NOT DIVIDED,,STRAIGHT AND LEVEL,DRY,NO DEFECTS,NOT ON SCENE (DESK REPORT),NO INJURY / DRIVE AWAY,,,Y,"$501 - $1,500",07/12/2025 10:00:00 PM,IMPROPER LANE USAGE,UNABLE TO DETERMINE,7401,S,YATES BLVD,334,,,,,,,2,NO INDICATION OF INJURY,0,0,0,0,0,2,0,20,7,7,41.7607137902,-87.5662632609,POINT (-87.566263260861 41.76071379022)
183df80a2ab82e9dd2bc4fa2b6575a9114e7d9dd7a5fd9785a742d7555fc7f345aa25ae04a23716458eae282436b5c7ff2ca950d44051c98dfcab7e0844a643e,,07/12/2025 08:45:00 PM,30,TRAFFIC SIGNAL,FUNCTIONING PROPERLY,CLEAR,"DARKNESS, LIGHTED ROAD",TURNING,FOUR WAY,,STRAIGHT AND LEVEL,DRY,UNKNOWN,NOT ON SCENE (DESK REPORT),NO INJURY / DRIVE AWAY,Y,,,"$501 - $1,500",07/12/2025 09:40:00 PM,IMPROPER TURNING/NO SIGNAL,IMPROPER TURNING/NO SIGNAL,145,E,DELAWARE PL,1833,,,,,,,2,NO INDICATION OF INJURY,0,0,0,0,0,2,0,20,7,7,41.8990997562,-87.624170779,POINT (-87.624170779048 41.899099756194)
ff1690a961d67699892e7ff51cc240aefec79ae7b4201b30a6d9218b6b9a6dfdea468fb938b0097bfa3ae042253e6a7b249c96886b1e11c61896e87158f27aa6,,07/12/2025 08:45:00 PM,25,NO CONTROLS,NO CONTROLS,CLEAR,DAWN,REAR END,RAMP,,STRAIGHT AND LEVEL,DRY,NO DEFECTS,NOT ON SCENE (DESK REPORT),NO INJURY / DRIVE AWAY,,,Y,"OVER $1,500",07/12/2025 09:20:00 PM,FOLLOWING TOO CLOSELY,FOLLOWING TOO CLOSELY,1334,W,DIVISION ST,1433,,,,,,,2,NO INDICATION OF INJURY,0,0,0,0,0,2,0,20,7,7,41.9035352442,-87.6619319996,POINT (-87.661931999634 41.903535244224)
54e67ab1eceac11e52b33641a3b5cec34038c46a4608b9e1495ed10d306b5b3c4ff7d40eb59b1cfb7a806f1275a25dcf94cdf0c34a13d7a6dfa2e127c97f2050,,07/12/2025 08:43:00 PM,15,NO CONTROLS,NO CONTROLS,CLEAR,DARKNESS,FIXED OBJECT,OTHER,,STRAIGHT AND LEVEL,DRY,UNKNOWN,ON SCENE,INJURY AND / OR TOW DUE TO CRASH,,Y,,$500 OR LESS,07/12/2025 08:50:00 PM,FAILING TO REDUCE SPEED TO AVOID CRASH,NOT APPLICABLE,801,W,GARFIELD BLVD,712,,,,,,,1,NONINCAPACITATING INJURY,1,0,0,1,0,0,0,20,7,7,41.7938334743,-87.6452072749,POINT (-87.645207274947 41.793833474309)
221b18397e0e80ae6d89480f276db7b98c582267b8c238359fffbead34f8b6ad2103e901a3e1880c13ec13e6c63b68086aafe5df96fdb93e5616804a954cfa54,,07/12/2025 08:40:00 PM,30,NO CONTROLS,NO CONTROLS,CLEAR,DAYLIGHT,REAR END,DIVIDED - W/MEDIAN (NOT RAISED),,STRAIGHT AND LEVEL,DRY,NO DEFECTS,NOT ON SCENE (DESK REPORT),NO INJURY / DRIVE AWAY,,,,$500 OR LESS,07/12/2025 09:40:00 PM,IMPROPER BACKING,UNABLE TO DETERMINE,3456,W,DIVERSEY AVE,1412,,,,,,,2,NO INDICATION OF INJURY,0,0,0,0,0,2,0,20,7,7,41.9320556662,-87.7143514787,POINT (-87.714351478734 41.932055666203)
2daa365c7bce19a992cd8b97ca5bda81168ebd9d8867eba1be0cee766817b236be4ad5291a095f0e43eff89234056839d9e9dfa7570113b412903991387a884b,Y,07/12/2025 08:40:00 PM,15,NO CONTROLS,NO CONTROLS,CLEAR,DUSK,SIDESWIPE SAME DIRECTION,ONE-WAY,,STRAIGHT AND LEVEL,DRY,NO DEFECTS,ON SCENE,NO INJURY / DRIVE AWAY,,,Y,$500 OR LESS,07/12/2025 08:43:00 PM,UNABLE TO DETERMINE,UNABLE TO DETERMINE,2335,S,RIDGEWAY AVE,1013,,,,,,,2,NO INDICATION OF INJURY,0,0,0,0,0,2,0,20,7,7,41.848750783,-87.7184271793,POINT (-87.71842717932 41.848750783046)
2f1e6adcab92344b04508df5dcb6258aba145d83d0138520e1be4b00a151d0d36a133d6b3ff903a78aab748d021fe74f8809648cdda1588826812c589db8fc0c,,07/12/2025 08:30:00 PM,30,NO CONTROLS,NO CONTROLS,CLEAR,DUSK,SIDESWIPE SAME DIRECTION,NOT DIVIDED,,STRAIGHT AND LEVEL,DRY,NO DEFECTS,NOT ON SCENE (DESK REPORT),NO INJURY / DRIVE AWAY,,,Y,"$501 - $1,500",07/12/2025 09:00:00 PM,IMPROPER LANE USAGE,UNABLE TO DETERMINE,7728,S,SOUTH SHORE DR,421,,,,,,,2,NO INDICATION OF INJURY,0,0,0,0,0,2,0,20,7,7,41.7563183342,-87.552890795,POINT (-87.552890795 41.756318334226)
b6b343c18fd0b939b4d19e7b5bbcea110b6b4048c352b2ea82231945d62ff9d8ad05f8ca8ab66e726ddd7851915a58f61ccc7178a7c311c170878b259a49f5bd,,07/12/2025 08:30:00 PM,30,NO CONTROLS,NO CONTROLS,CLEAR,"DARKNESS, LIGHTED ROAD",ANGLE,FOUR WAY,,STRAIGHT AND LEVEL,DRY,NO DEFECTS,NOT ON SCENE (DESK REPORT),INJURY AND / OR TOW DUE TO CRASH,,,Y,"OVER $1,500",07/13/2025 12:15:00 PM,FAILING TO YIELD RIGHT-OF-WAY,UNABLE TO DETERMINE,4440,W,ROOSEVELT RD,1131,,,,,,,2,NO INDICATION OF INJURY,0,0,0,0,0,2,0,20,7,7,41.8661185982,-87.7366035218,POINT (-87.736603521822 41.866118598229)
5433ede46e4e5e9952641c8e033d101e4fead983094290fa523353bc65d23644fabc00e641892a719c7d51ccf74cf16b117d96e85190797f88940c7b994945b4,,07/12/2025 08:28:00 PM,30,NO CONTROLS,NO CONTROLS,CLEAR,"DARKNESS, LIGHTED ROAD",REAR TO SIDE,NOT DIVIDED,,STRAIGHT AND LEVEL,DRY,NO DEFECTS,,INJURY AND / OR TOW DUE TO CRASH,,,,"OVER $1,500",07/12/2025 08:31:00 PM,IMPROPER BACKING,UNABLE TO DETERMINE,2730,W,BELMONT AVE,1733,Y,Y,,,,,2,"REPORTED, NOT EVIDENT",3,0,0,0,3,4,0,20,7,7,41.9395097995,-87.6964769211,POINT (-87.69647692108 41.9395097995)
cdf403237d87f13d79d85a74e9b0202dccc75ce3eb4baaaa133ea7dd9b24b24ff9b461ed27db07094ac2aaea5075fbfcdd8ae95ffac5f78d81ef5fa1c1959c70,,07/12/2025 08:20:00 PM,30,NO CONTROLS,NO CONTROLS,CLEAR,DAWN,TURNING,OTHER,,STRAIGHT AND LEVEL,DRY,NO DEFECTS,ON SCENE,NO INJURY / DRIVE AWAY,Y,,,"OVER $1,500",07/12/2025 08:52:00 PM,FAILING TO YIELD RIGHT-OF-WAY,FAILING TO YIELD RIGHT-OF-WAY,6932,N,WESTERN AVE,2411,,,,,,,2,NO INDICATION OF INJURY,0,0,0,0,0,3,0,20,7,7,42.0077862954,-87.6902861621,POINT (-87.690286162081 42.007786295404)
9a419b85da3d7c7da87d5c0210c52ebc21ad676a7fd8c329393ea5925b10615ce8eb19e191b35114c51caf1a2fc5fa6b7dff44652bb4b17fc1bab6c87b36328a,,07/12/2025 08:13:00 PM,30,TRAFFIC SIGNAL,FUNCTIONING PROPERLY,CLEAR,DAWN,TURNING,NOT DIVIDED,,STRAIGHT AND LEVEL,DRY,NO DEFECTS,ON SCENE,NO INJURY / DRIVE AWAY,Y,,,"OVER $1,500",07/12/2025 08:14:00 PM,DISREGARDING OTHER TRAFFIC SIGNS,FAILING TO REDUCE SPEED TO AVOID CRASH,2,S,STATE ST,112,,,,,,,2,NO INDICATION OF INJURY,0,0,0,0,0,3,0,20,7,7,41.881960316,-87.6279372789,POINT (-87.627937278925 41.881960316027)
66b2d82094e10790fa6866eb7ecee2cda7bf6f5df09b81910ba36c175cdbd14a112811e65b4c00d60d14f618d8ccb9fb65d54e593ed1ab479d29dee8827a2af6,,07/12/2025 08:00:00 PM,15,NO CONTROLS,NO CONTROLS,UNKNOWN,UNKNOWN,ANGLE,ALLEY,,STRAIGHT AND LEVEL,UNKNOWN,UNKNOWN,NOT ON SCENE (DESK REPORT),NO INJURY / DRIVE AWAY,,,,"OVER $1,500",07/12/2025 11:00:00 PM,FAILING TO YIELD RIGHT-OF-WAY,UNABLE TO DETERMINE,3145,N,CICERO AVE,2521,,,,,,,2,NO INDICATION OF INJURY,0,0,0,0,0,3,0,20,7,7,41.93837078,-87.7467225446,POINT (-87.746722544604 41.938370779982)
f21169ca208707d52d7bacddf1a40466fee94f8e41fc95aebb248a8b6dcee8fb98cb47b024d1ee6a14666205657596b749556dc56fb467f78c57bd5893ae17cf,Y,07/12/2025 08:00:00 PM,30,NO CONTROLS,NO CONTROLS,CLEAR,DAYLIGHT,PARKED MOTOR VEHICLE,ONE-WAY,,STRAIGHT AND LEVEL,DRY,UNKNOWN,NOT ON SCENE (DESK REPORT),NO INJURY / DRIVE AWAY,,,Y,"$501 - $1,500",07/12/2025 10:20:00 PM,UNABLE TO DETERMINE,NOT APPLICABLE,3253,W,GRACE ST,1733,,,,,,,2,NO INDICATION OF INJURY,0,0,0,0,0,1,0,20,7,7,41.9501427947,-87.710064139,POINT (-87.710064138972 41.95014279468)
de671a43f47e328935d7267a899f5ffb2fb2c90f9ab11031631ee9b28aa37c728f7c71fcfa2ef6b74637bfba0c0a041eef317be1b26915c90f817b1a9af5af00,,07/12/2025 07:56:00 PM,15,NO CONTROLS,NO CONTROLS,CLEAR,DAYLIGHT,ANGLE,ALLEY,,STRAIGHT AND LEVEL,DRY,UNKNOWN,NOT ON SCENE (DESK REPORT),NO INJURY / DRIVE AWAY,,,,$500 OR LESS,07/13/2025 10:00:00 AM,UNABLE TO DETERMINE,UNABLE TO DETERMINE,3145,N,CICERO AVE,2521,,,,,,,2,NO INDICATION OF INJURY,0,0,0,0,0,2,0,19,7,7,41.93837078,-87.7467225446,POINT (-87.746722544604 41.938370779982)
cdf56d7121d819476c9553b5007df48bf7c0185f24ecb3747441f3eaf19a9950d322d1672301df2f5ee810899a10fbf01726f28983c0d7b4f5552c538a0da5d4,N,07/12/2025 07:50:00 PM,15,NO CONTROLS,NO CONTROLS,CLEAR,UNKNOWN,PARKED MOTOR VEHICLE,PARKING LOT,,STRAIGHT AND LEVEL,UNKNOWN,UNKNOWN,NOT ON SCENE (DESK REPORT),NO INJURY / DRIVE AWAY,,Y,Y,"$501 - $1,500",07/12/2025 10:00:00 PM,UNABLE TO DETERMINE,UNABLE TO DETERMINE,321,E,ONTARIO ST,1834,,,,,,,2,NO INDICATION OF INJURY,0,0,0,0,0,1,0,19,7,7,41.893314647,-87.6194079893,POINT (-87.619407989327 41.893314647025)
126c9f73f278ed68f0e4b284dd9a4221dae0d9d87402fa9d22f81ea7589012c2300f73dcb7fa60e9dffb1b2e65565f1a9ec1779b433df5f2e9fdd8fc7832416e,,07/12/2025 07:45:00 PM,30,STOP SIGN/FLASHER,FUNCTIONING PROPERLY,CLEAR,DAYLIGHT,ANGLE,FOUR WAY,,STRAIGHT AND LEVEL,DRY,NO DEFECTS,NOT ON SCENE (DESK REPORT),NO INJURY / DRIVE AWAY,,,Y,"OVER $1,500",07/12/2025 07:51:00 PM,DISREGARDING STOP SIGN,NOT APPLICABLE,2501,S,HOMAN AVE,1024,,,,,,,2,NO INDICATION OF INJURY,0,0,0,0,0,2,0,19,7,7,41.8461740852,-87.70980906,POINT (-87.709809059955 41.846174085214)
8477363138977fdfaf3875f93e6a0370e401cc7f21857b450a4e74dfcab0c7b44d9fb598e388aac6e519365302d1d3205d29b678169e5ef0ba4d02630e01475a,,07/12/2025 07:45:00 PM,30,UNKNOWN,UNKNOWN,UNKNOWN,UNKNOWN,PARKED MOTOR VEHICLE,OTHER,,STRAIGHT AND LEVEL,UNKNOWN,UNKNOWN,NOT ON SCENE (DESK REPORT),NO INJURY / DRIVE AWAY,,,,"OVER $1,500",07/14/2025 02:03:00 PM,DRIVING SKILLS/KNOWLEDGE/EXPERIENCE,NOT APPLICABLE,1000,S,CLARK ST,123,,,,,,,2,NO INDICATION OF INJURY,0,0,0,0,0,1,0,19,7,7,41.8698487981,-87.6306555263,POINT (-87.630655526344 41.869848798097)
5c46bc0461aa1422b2d6c8f003ce0360965edd2bd30931fd81db6a6b33596cd635e8dfe7205de682d002d2178d885e1e2e704b07eceb2f9995ec1727b69ce291,Y,07/12/2025 07:35:00 PM,30,NO CONTROLS,NO CONTROLS,CLEAR,DAYLIGHT,PARKED MOTOR VEHICLE,OTHER,,STRAIGHT AND LEVEL,DRY,NO DEFECTS,ON SCENE,NO INJURY / DRIVE AWAY,,,Y,"OVER $1,500",07/12/2025 07:43:00 PM,UNABLE TO DETERMINE,NOT APPLICABLE,4101,S,MICHIGAN AVE,213,,,,,,,2,NO INDICATION OF INJURY,0,0,0,0,0,1,0,19,7,7,41.8200597853,-87.622975412,POINT (-87.622975412031 41.820059785287)