CRASH_RECORD_ID,CRASH_DATE_EST_I,CRASH_DATE,POSTED_SPEED_LIMIT,TRAFFIC_CONTROL_DEVICE,DEVICE_CONDITION,WEATHER_CONDITION,LIGHTING_CONDITION,FIRST_CRASH_TYPE,TRAFFICWAY_TYPE,LANE_CNT,ALIGNMENT,ROADWAY_SURFACE_COND,ROAD_DEFECT,REPORT_TYPE,CRASH_TYPE,INTERSECTION_RELATED_I,NOT_RIGHT_OF_WAY_I,HIT_AND_RUN_I,DAMAGE,DATE_POLICE_NOTIFIED,PRIM_CONTRIBUTORY_CAUSE,SEC_CONTRIBUTORY_CAUSE,STREET_NO,STREET_DIRECTION,STREET_NAME,BEAT_OF_OCCURRENCE,PHOTOS_TAKEN_I,STATEMENTS_TAKEN_I,DOORING_I,WORK_ZONE_I,WORK_ZONE_TYPE,WORKERS_PRESENT_I,NUM_UNITS,MOST_SEVERE_INJURY,INJURIES_TOTAL,INJURIES_FATAL,INJURIES_INCAPACITATING,INJURIES_NON_INCAPACITATING,INJURIES_REPORTED_NOT_EVIDENT,INJURIES_NO_INDICATION,INJURIES_UNKNOWN,CRASH_HOUR,CRASH_DAY_OF_WEEK,CRASH_MONTH,LATITUDE,LONGITUDE,LOCATION
7d64f5fd7719d3582ed58b4fc98cd9f59c4feca6992bb9f673ca94dfac9bd773ac48279592ec97378b0af8eeac39404653b9034632dfd1924d96e192a7d607e1,,07/12/2025 07:35:00 PM,30,STOP SIGN/FLASHER,FUNCTIONING PROPERLY,CLEAR,DAYLIGHT,ANGLE,NOT DIVIDED,,STRAIGHT AND LEVEL,DRY,NO DEFECTS,NOT ON SCENE (DESK REPORT),INJURY AND / OR TOW DUE TO CRASH,Y,,,"OVER $1,500",07/12/2025 08:10:00 PM,FAILING TO YIELD RIGHT-OF-WAY,FAILING TO REDUCE SPEED TO AVOID CRASH,4300,N,LARAMIE AVE,1624,,,,,,,2,NO INDICATION OF INJURY,0,0,0,0,0,2,0,19,7,7,41.958819269,-87.7574743731,POINT (-87.757474373098 41.958819269036)
6bcb240da0db73b422724a0feae61493b8cc781978b3bc580aa3d9c3ce76243761bfb120328f9d295c18597089ee17cb7c0be28566daba6be6581112fd2c6340,,07/12/2025 07:34:00 PM,25,STOP SIGN/FLASHER,FUNCTIONING IMPROPERLY,CLEAR,DUSK,ANGLE,FOUR WAY,,STRAIGHT AND LEVEL,DRY,NO DEFECTS,ON SCENE,INJURY AND / OR TOW DUE TO CRASH,Y,,,"OVER $1,500",07/12/2025 07:40:00 PM,UNABLE TO DETERMINE,UNABLE TO DETERMINE,2500,N,SHEFFIELD AVE,1932,,,,,,,2,"REPORTED, NOT EVIDENT",1,0,0,0,1,1,0,19,7,7,41.9272355439,-87.6538185697,POINT (-87.65381856975 41.927235543878)
2d178729d3bb3d1c081d0fa35ee1232761db64b2d6353b3449276bc29db12059067e9c30ff623f38930c40eea7ea8273caa23cf12484c56a2a7d725361984186,,07/12/2025 07:30:00 PM,30,OTHER,UNKNOWN,UNKNOWN,DAYLIGHT,SIDESWIPE SAME DIRECTION,DIVIDED - W/MEDIAN (NOT RAISED),,STRAIGHT AND LEVEL,UNKNOWN,UNKNOWN,,NO INJURY / DRIVE AWAY,,,,"OVER $1,500",07/13/2025 09:30:00 PM,DRIVING SKILLS/KNOWLEDGE/EXPERIENCE,IMPROPER LANE USAGE,6258,W,NORTH AVE,2513,,,,,,,2,NO INDICATION OF INJURY,0,0,0,0,0,2,0,19,7,7,41.9092878791,-87.7824807641,POINT (-87.782480764088 41.909287879128)
e43f1de22587d98f7ca5ba9ae7e3f90e3a6f3e0b226982333527d9c3acb0a8b83731d0ed4b66229dd078114559492daff8f44c8fd1555ad4e41e532a94747118,,07/12/2025 07:30:00 PM,30,TRAFFIC SIGNAL,FUNCTIONING PROPERLY,CLEAR,DAYLIGHT,TURNING,NOT DIVIDED,,STRAIGHT AND LEVEL,DRY,NO DEFECTS,NOT ON SCENE (DESK REPORT),NO INJURY / DRIVE AWAY,Y,,,"OVER $1,500",07/12/2025 08:15:00 PM,IMPROPER TURNING/NO SIGNAL,IMPROPER TURNING/NO SIGNAL,2200,S,CANAL ST,914,,,,,,,2,NO INDICATION OF INJURY,0,0,0,0,0,2,0,19,7,7,41.8527691728,-87.6386784988,POINT (-87.638678498821 41.852769172801)
7d0033dc095f8cb75e09d51fade90c47a35ab84018e0b4a29b69c8f6d853ac500ff8a12967954509188bd9689653eb3e3d70e004255b430c8549a53f9eb622ad,,07/12/2025 07:29:00 PM,30,STOP SIGN/FLASHER,FUNCTIONING PROPERLY,CLEAR,DAYLIGHT,REAR END,ONE-WAY,,STRAIGHT AND LEVEL,DRY,NO DEFECTS,NOT ON SCENE (DESK REPORT),INJURY AND / OR TOW DUE TO CRASH,,,,"OVER $1,500",07/12/2025 08:05:00 PM,FOLLOWING TOO CLOSELY,NOT APPLICABLE,3655,W,AINSLIE ST,1712,,,,,,,2,"REPORTED, NOT EVIDENT",1,0,0,0,1,4,0,19,7,7,41.9700359977,-87.7205271592,POINT (-87.720527159168 41.970035997669)
f72d47031b19eebb8f2fa490691d729e647733d2683188b617700b555a61807e8c28961d7ab2af64ff495c649dacdc4e1297d374848b39775c80f37084c16440,,07/12/2025 07:28:00 PM,30,NO CONTROLS,NO CONTROLS,UNKNOWN,DUSK,PARKED MOTOR VEHICLE,DIVIDED - W/MEDIAN (NOT RAISED),,STRAIGHT AND LEVEL,UNKNOWN,UNKNOWN,NOT ON SCENE (DESK REPORT),NO INJURY / DRIVE AWAY,,,,"$501 - $1,500",07/12/2025 08:08:00 PM,UNABLE TO DETERMINE,UNABLE TO DETERMINE,2126,W,JACKSON BLVD,1225,,,,,,,2,NO INDICATION OF INJURY,0,0,0,0,0,1,0,19,7,7,41.8777350119,-87.6801710447,POINT (-87.680171044732 41.877735011931)
1858ff8a85f5f84bcb73fca0792ba4ebe7c6723c174eb0fbadbeecce67aca82db519b7d8d736571300ac224ae42a904cd500856bc064c68498f516bbe3e9a49d,,07/12/2025 07:20:00 PM,30,NO CONTROLS,NO CONTROLS,CLEAR,DAYLIGHT,REAR END,DIVIDED - W/MEDIAN (NOT RAISED),,STRAIGHT AND LEVEL,DRY,NO DEFECTS,NOT ON SCENE (DESK REPORT),NO INJURY / DRIVE AWAY,,,Y,"$501 - $1,500",07/12/2025 10:10:00 PM,UNABLE TO DETERMINE,NOT APPLICABLE,4600,S,CALIFORNIA AVE,922,,,,,,,5,NO INDICATION OF INJURY,0,0,0,0,0,2,0,19,7,7,41.8099903136,-87.6944029702,POINT (-87.694402970221 41.80999031358)
363822aae6438c25de2f521dd30dc6928d53d7cfe321b62f53629914f33ddd88c1ed30108af109c68580a35ea67e447c40849faedead5dbb325d2701052d9941,,07/12/2025 07:20:00 PM,30,UNKNOWN,UNKNOWN,UNKNOWN,DARKNESS,PARKED MOTOR VEHICLE,ONE-WAY,,STRAIGHT AND LEVEL,DRY,UNKNOWN,NOT ON SCENE (DESK REPORT),NO INJURY / DRIVE AWAY,,,Y,"OVER $1,500",07/13/2025 07:20:00 PM,NOT APPLICABLE,NOT APPLICABLE,1439,E,67TH ST,332,,,,,,,2,NO INDICATION OF INJURY,0,0,0,0,0,1,0,19,7,7,41.7731880246,-87.5899326529,POINT (-87.589932652892 41.77318802458)
2e7eb507b92e07805304942ea2438d21662ceec05aab2b81f3fe437b6e211bbaaddee4060981cfe47b7b3c753a3f808aa555c2e0257c75437ba6345aa84b66b7,,07/12/2025 07:15:00 PM,25,NO CONTROLS,NO CONTROLS,CLEAR,DAYLIGHT,ANGLE,NOT DIVIDED,,STRAIGHT AND LEVEL,DRY,NO DEFECTS,NOT ON SCENE (DESK REPORT),NO INJURY / DRIVE AWAY,,,,"OVER $1,500",07/12/2025 07:30:00 PM,NOT APPLICABLE,NOT APPLICABLE,3600,N,CLAREMONT AVE,1921,,,,,,,2,NO INDICATION OF INJURY,0,0,0,0,0,2,0,19,7,7,41.9468385562,-87.6871928056,POINT (-87.687192805642 41.946838556188)
390e6bee22fdcef95e5a795269f97b9a4e1e2042c5d698fbd94a812a5a22c08f19007a2d574cd8cd145bb3a005a457c7c5a8afa47922910a2b90bb66cd173f42,,07/12/2025 07:15:00 PM,30,TRAFFIC SIGNAL,FUNCTIONING PROPERLY,CLEAR,DAYLIGHT,TURNING,DIVIDED - W/MEDIAN (NOT RAISED),,STRAIGHT AND LEVEL,DRY,NO DEFECTS,ON SCENE,NO INJURY / DRIVE AWAY,Y,,,"OVER $1,500",07/12/2025 07:30:00 PM,IMPROPER TURNING/NO SIGNAL,NOT APPLICABLE,11102,S,BELL AVE,2212,,,,,,,2,NO INDICATION OF INJURY,0,0,0,0,0,2,0,19,7,7,41.6917097338,-87.6776527047,POINT (-87.677652704716 41.69170973384)
c4d8cd793c78aad741e3d562cc80f89003347e19ad17e8b8f56a118db508881ea0713594880528e209d9b720bd943f52d776b80575ef14e2da7937c9654dc009,,07/12/2025 07:15:00 PM,30,TRAFFIC SIGNAL,FUNCTIONING PROPERLY,CLEAR,DUSK,PEDALCYCLIST,FOUR WAY,,STRAIGHT AND LEVEL,DRY,NO DEFECTS,ON SCENE,INJURY AND / OR TOW DUE TO CRASH,Y,,,"OVER $1,500",07/12/2025 07:16:00 PM,DISREGARDING TRAFFIC SIGNALS,NOT APPLICABLE,801,E,47TH ST,223,,,Y,,,,2,NONINCAPACITATING INJURY,1,0,0,1,0,1,0,19,7,7,41.8094247291,-87.6064525731,POINT (-87.606452573125 41.809424729137)
65529864e76756f0e687dc1fa4e177789b9c3e552b1d42bfe8a99f7f697e20253206ee50c056c5a4f9a643ee5783d95f898e54a18272a0edcc5abf46907c45ca,,07/12/2025 07:05:00 PM,30,TRAFFIC SIGNAL,FUNCTIONING PROPERLY,CLEAR,DAYLIGHT,ANGLE,T-INTERSECTION,,STRAIGHT AND LEVEL,DRY,NO DEFECTS,ON SCENE,INJURY AND / OR TOW DUE TO CRASH,Y,,Y,"OVER $1,500",07/12/2025 07:05:00 PM,DISREGARDING OTHER TRAFFIC SIGNS,NOT APPLICABLE,4200,W,LAWRENCE AVE,1712,,,,,,,2,NO INDICATION OF INJURY,0,0,0,0,0,2,0,19,7,7,41.9682947598,-87.733031783,POINT (-87.733031783014 41.968294759839)
59cd69c4551a7408699670019f05f0cd7b28ef67958796e7c00b5403dd82afb1692801f4cffa4631b46609a8da8d919d3a2889a64bb473fe5edc58c58165c147,,07/12/2025 07:00:00 PM,10,NO CONTROLS,NO CONTROLS,CLEAR,DAYLIGHT,PARKED MOTOR VEHICLE,PARKING LOT,,STRAIGHT AND LEVEL,DRY,NO DEFECTS,ON SCENE,NO INJURY / DRIVE AWAY,,,Y,"$501 - $1,500",07/12/2025 07:16:00 PM,IMPROPER BACKING,IMPROPER BACKING,6659,S,HALSTED ST,723,,,,,,,2,NO INDICATION OF INJURY,0,0,0,0,0,1,0,19,7,7,41.7725203706,-87.6444516562,POINT (-87.644451656216 41.772520370551)
7f64ad2893b70a1f7438028efa5a70c930678404d08df58a9ac2115128af6a9fd9d065fdc5b6a635356d369e72fa606dec9e379a9071c9c0a3f69bdeaf7e2128,,07/12/2025 07:00:00 PM,20,NO CONTROLS,NO CONTROLS,CLEAR,DAYLIGHT,SIDESWIPE SAME DIRECTION,ONE-WAY,,STRAIGHT AND LEVEL,DRY,UNKNOWN,NOT ON SCENE (DESK REPORT),NO INJURY / DRIVE AWAY,,,,"OVER $1,500",07/13/2025 10:20:00 AM,FAILING TO YIELD RIGHT-OF-WAY,UNABLE TO DETERMINE,4811,N,ROCKWELL ST,2031,,,,,,,2,NO INDICATION OF INJURY,0,0,0,0,0,2,0,19,7,7,41.9689195796,-87.6936614221,POINT (-87.693661422127 41.968919579587)
b2a910d9776f1d81c342c8a868f7d70965e640f36af8f8f0ff0668b18a4089b844945940c554ed455577f0216ee4dd287339a7e62f1792248624b311595ce051,,07/12/2025 07:00:00 PM,30,TRAFFIC SIGNAL,FUNCTIONING PROPERLY,CLEAR,DAYLIGHT,TURNING,DIVIDED - W/MEDIAN (NOT RAISED),,STRAIGHT AND LEVEL,DRY,UNKNOWN,NOT ON SCENE (DESK REPORT),NO INJURY / DRIVE AWAY,Y,,,"OVER $1,500",07/12/2025 07:40:00 PM,FAILING TO YIELD RIGHT-OF-WAY,UNABLE TO DETERMINE,3596,W,OGDEN AVE,1021,,,,,,,2,NO INDICATION OF INJURY,0,0,0,0,0,4,0,19,7,7,41.8546894383,-87.7150816937,POINT (-87.715081693707 41.854689438346)
cbdc87b86f90fb9e9b1175ae7d3fbd27db32f612fe7d31771b087a0fa7ee554a92862a3ff64e2888c86cb7a117022510e2d35d40b32ded8e52e9778dcca84f7f,Y,07/12/2025 07:00:00 PM,30,STOP SIGN/FLASHER,FUNCTIONING PROPERLY,CLEAR,DAYLIGHT,REAR END,NOT DIVIDED,,STRAIGHT AND LEVEL,DRY,NO DEFECTS,ON SCENE,NO INJURY / DRIVE AWAY,,,,$500 OR LESS,07/12/2025 07:29:00 PM,FOLLOWING TOO CLOSELY,FOLLOWING TOO CLOSELY,4626,S,CALIFORNIA AVE,922,,,,,,,3,NO INDICATION OF INJURY,0,0,0,0,0,2,0,19,7,7,41.8092633539,-87.6943837726,POINT (-87.694383772616 41.809263353883)
01ad0d692de43b1e613d6d2eeeb5722cc87d5a97180f9c191bb1495dac357a05e6d12d6b35496e970719a42a047d0b83dc1369133c2c85f65f454c384b594c26,,07/12/2025 06:58:00 PM,30,NO CONTROLS,NO CONTROLS,CLEAR,DAYLIGHT,SIDESWIPE SAME DIRECTION,FOUR WAY,,STRAIGHT AND LEVEL,DRY,UNKNOWN,NOT ON SCENE (DESK REPORT),NO INJURY / DRIVE AWAY,,,Y,"OVER $1,500",07/14/2025 03:57:00 PM,IMPROPER LANE USAGE,IMPROPER LANE USAGE,1601,E,76TH ST,411,,,,,,,2,NO INDICATION OF INJURY,0,0,0,0,0,2,0,18,7,7,41.7568398799,-87.5856307568,POINT (-87.585630756762 41.756839879859)
47fd78ae2c8d3e04cd3967b68e206d039dd4b318e71787cc17735ad6e075f09be7fc06371a8398e31f36612731ba2ebfbe28aad9a5302ff16e3dea7d9911e121,,07/12/2025 06:55:00 PM,30,TRAFFIC SIGNAL,FUNCTIONING PROPERLY,CLEAR,DAYLIGHT,TURNING,FOUR WAY,,STRAIGHT ON GRADE,DRY,NO DEFECTS,ON SCENE,NO INJURY / DRIVE AWAY,Y,,,"OVER $1,500",07/12/2025 06:57:00 PM,FOLLOWING TOO CLOSELY,UNABLE TO DETERMINE,150,W,CERMAK RD,914,,,,,,,2,NO INDICATION OF INJURY,0,0,0,0,0,3,0,18,7,7,41.8529713843,-87.6313964619,POINT (-87.63139646193 41.852971384276)
473c207fe3348b455a4acdae72f63dcc500460d771a7d1dc5e98848690d9ad75a82dc19d7d2a3d39a2ea9927e54848277df2167056188f96a17e06ef515ed2c1,,07/12/2025 06:50:00 PM,30,NO CONTROLS,NO CONTROLS,CLEAR,DAYLIGHT,OTHER OBJECT,NOT DIVIDED,,STRAIGHT AND LEVEL,DRY,NO DEFECTS,NOT ON SCENE (DESK REPORT),NO INJURY / DRIVE AWAY,,,,"OVER $1,500",07/13/2025 05:00:00 PM,NOT APPLICABLE,NOT APPLICABLE,7000,W,NORTH AVE,2513,,,,,,,1,NO INDICATION OF INJURY,0,0,0,0,0,1,0,18,7,7,41.909061558,-87.8003236785,POINT (-87.800323678517 41.909061557985)
85c86faa7139980312b282514a6c0542f90e91f3b7d3b1776dfed8b3268b065106e42f941132bfc9e89b65bc2c65d71be58b938ba000c2040323785036b03054,,07/12/2025 06:50:00 PM,30,TRAFFIC SIGNAL,FUNCTIONING PROPERLY,CLEAR,DAYLIGHT,ANGLE,NOT DIVIDED,,STRAIGHT AND LEVEL,DRY,NO DEFECTS,,NO INJURY / DRIVE AWAY,,,,"$501 - $1,500",07/12/2025 07:20:00 PM,FAILING TO REDUCE SPEED TO AVOID CRASH,UNABLE TO DETERMINE,2320,W,ADDISON ST,1921,,,,,,,2,NO INDICATION OF INJURY,0,0,0,0,0,2,0,18,7,7,41.9468660684,-87.6867329903,POINT (-87.686732990278 41.946866068377)
5ab5025c3502ae8fd49e842c0a6df8f101229d5e00e2ec4c51e941eca1ec1f5f742a78f562d854929fd46bbf52b88517d9d487cc499c3b35b5c3fdbc6f529d9a,,07/12/2025 06:45:00 PM,30,NO CONTROLS,NO CONTROLS,CLEAR,DAYLIGHT,SIDESWIPE SAME DIRECTION,DIVIDED - W/MEDIAN (NOT RAISED),,STRAIGHT AND LEVEL,DRY,NO DEFECTS,NOT ON SCENE (DESK REPORT),NO INJURY / DRIVE AWAY,,,Y,"OVER $1,500",07/14/2025 09:35:00 AM,UNABLE TO DETERMINE,UNABLE TO DETERMINE,1801,W,87TH ST,2221,,,,,,,2,NO INDICATION OF INJURY,0,0,0,0,0,2,0,18,7,7,41.7356143894,-87.6679828505,POINT (-87.66798285046 41.735614389393)
1ac983c946b6cb9cceeb94d601e530b031d6d8a25625433e23a8c0af8144d8f0577087914292975455603626b58390d56044c2c6fea350acee2e955ee50803b1,Y,07/12/2025 06:43:00 PM,10,NO CONTROLS,NO CONTROLS,CLEAR,"DARKNESS, LIGHTED ROAD",PARKED MOTOR VEHICLE,PARKING LOT,,STRAIGHT AND LEVEL,DRY,NO DEFECTS,ON SCENE,NO INJURY / DRIVE AWAY,,Y,Y,$500 OR LESS,07/20/2025 04:31:00 PM,IMPROPER BACKING,DRIVING SKILLS/KNOWLEDGE/EXPERIENCE,1140,S,WABASH AVE,123,,,,,,,2,NO INDICATION OF INJURY,0,0,0,0,0,1,0,18,7,7,41.8680369128,-87.6259820441,POINT (-87.625982044099 41.868036912782)
6515c0b989cd620ff0f20996dbdd00b3290ad97952b1e255a712bdbac6a9949d1b01d2309824e5f3d876f0f4e2d8066188ab23fbe36530b236e57014387a5552,,07/12/2025 06:40:00 PM,30,NO CONTROLS,NO CONTROLS,CLEAR,DAYLIGHT,TURNING,NOT DIVIDED,,STRAIGHT AND LEVEL,DRY,NO DEFECTS,NOT ON SCENE (DESK REPORT),NO INJURY / DRIVE AWAY,,,,"OVER $1,500",07/12/2025 07:00:00 PM,UNABLE TO DETERMINE,UNABLE TO DETERMINE,808,W,MONROE ST,1232,,,,,,,2,NO INDICATION OF INJURY,0,0,0,0,0,2,0,18,7,7,41.8805954605,-87.6477748224,POINT (-87.64777482242 41.880595460507)
f88b8c4d03b9313561c4b153af5b7ed42f08c7b76ec7b043efe3dfd618c46282bd2dd8986080a39ca352a3bdfb6d4b7b2a19d52565450690be596759ec524c50,,07/12/2025 06:31:00 PM,30,TRAFFIC SIGNAL,FUNCTIONING PROPERLY,CLEAR,DAYLIGHT,REAR END,FOUR WAY,,STRAIGHT AND LEVEL,DRY,NO DEFECTS,ON SCENE,NO INJURY / DRIVE AWAY,Y,,Y,"OVER $1,500",07/12/2025 06:33:00 PM,FOLLOWING TOO CLOSELY,UNABLE TO DETERMINE,6549,W,FULLERTON AVE,2512,,,,,,,3,NO INDICATION OF INJURY,0,0,0,0,0,4,0,18,7,7,41.9235348238,-87.7895113781,POINT (-87.78951137805 41.923534823785)
0019c1d3d9cbcd50c98e92e0f2d500ac3701fad92de60f60ae572c7ece89eed762e449a70c696af627e19c153cf628f24c1b50400cb18f71689243dd91b9037f,,07/12/2025 06:30:00 PM,30,UNKNOWN,UNKNOWN,CLEAR,DAYLIGHT,ANGLE,ALLEY,,STRAIGHT AND LEVEL,DRY,UNKNOWN,NOT ON SCENE (DESK REPORT),NO INJURY / DRIVE AWAY,,,,"$501 - $1,500",07/12/2025 07:30:00 PM,NOT APPLICABLE,NOT APPLICABLE,742,N,LA SALLE DR,1832,,,,,,,2,NO INDICATION OF INJURY,0,0,0,0,0,2,0,18,7,7,41.8959619804,-87.6328443307,POINT (-87.632844330689 41.895961980443)
311086baa4c6af7f864bee73bb99b75e5d3f95805e5ee309c8c938998a7e28d0ca4aa30d711cb22ad8adda9e129c66ed00a40fb5944e8c8eb81ec4e085f5d5a5,,07/12/2025 06:30:00 PM,30,NO CONTROLS,NO CONTROLS,CLEAR,DAYLIGHT,PARKED MOTOR VEHICLE,DIVIDED - W/MEDIAN (NOT RAISED),,STRAIGHT AND LEVEL,DRY,NO DEFECTS,ON SCENE,INJURY AND / OR TOW DUE TO CRASH,,,Y,"OVER $1,500",07/12/2025 06:35:00 PM,FAILING TO REDUCE SPEED TO AVOID CRASH,NOT APPLICABLE,3971,N,CENTRAL AVE,1633,,,,,,,2,NO INDICATION OF INJURY,0,0,0,0,0,3,0,18,7,7,41.9531402807,-87.7668509328,POINT (-87.766850932829 41.95314028072)
7d2697d9a4bf4d4e4ff6d8585479b3f7f539b10b1adcc12f2e7ad6beb69ab744d957f6ee02a8d0c7a3cb7fd1f99b755fa54f5d229d7e757a39dffe46d1037d84,,07/12/2025 06:30:00 PM,20,STOP SIGN/FLASHER,FUNCTIONING PROPERLY,CLEAR,DAYLIGHT,SIDESWIPE SAME DIRECTION,ONE-WAY,,STRAIGHT AND LEVEL,DRY,NO DEFECTS,,NO INJURY / DRIVE AWAY,,,,"OVER $1,500",07/12/2025 09:30:00 PM,IMPROPER LANE USAGE,NOT APPLICABLE,3957,N,PACIFIC AVE,1631,,,,,,,2,NO INDICATION OF INJURY,0,0,0,0,0,4,0,18,7,7,41.9521424159,-87.8268349813,POINT (-87.826834981323 41.952142415944)
c2ae3a743cb4ae20b7463cfcdd5b28299860159a65d3e71a9d26cd2c617e2f064ea4354556d368958d00aae7165066e4bf3079fe5ff3eeca2fbd608197f854a1,,07/12/2025 06:29:00 PM,30,NO CONTROLS,NO CONTROLS,CLEAR,DAYLIGHT,ANGLE,PARKING LOT,,STRAIGHT AND LEVEL,DRY,NO DEFECTS,ON SCENE,NO INJURY / DRIVE AWAY,,,Y,"OVER $1,500",07/12/2025 06:29:00 PM,FAILING TO YIELD RIGHT-OF-WAY,UNABLE TO DETERMINE,2555,N,NORMANDY AVE,2512,,,,,,,2,NO INDICATION OF INJURY,0,0,0,0,0,2,0,18,7,7,41.9269248056,-87.7927510481,POINT (-87.792751048065 41.926924805601)
01dd460b9c921fce36903c655f29773b177fcadb785a8c9116026f819dd0f22f0520167a58822403e995e7d8f66024080dd24ccd44722a12c5a6d1e9dbceb8d4,,07/12/2025 06:27:00 PM,35,TRAFFIC SIGNAL,FUNCTIONING PROPERLY,CLEAR,DAYLIGHT,SIDESWIPE SAME DIRECTION,FOUR WAY,,STRAIGHT AND LEVEL,DRY,NO DEFECTS,ON SCENE,NO INJURY / DRIVE AWAY,,,,"$501 - $1,500",07/12/2025 06:31:00 PM,FOLLOWING TOO CLOSELY,FOLLOWING TOO CLOSELY,400,S,COLUMBUS DR,114,,,,,,,2,NO INDICATION OF INJURY,0,0,0,0,0,2,0,18,7,7,41.8769861574,-87.62078897,POINT (-87.620788969992 41.876986157351)
32e7525b09e856af8557b8e434ef4bb3edb8dffe56ac477225ea145fd186b43e2c674ca5d6829c883a3db0e12f176a6972088c73a26fe944eab916469cfeb9e1,,07/12/2025 06:25:00 PM,30,STOP SIGN/FLASHER,OTHER,CLEAR,DAYLIGHT,SIDESWIPE SAME DIRECTION,NOT DIVIDED,,STRAIGHT AND LEVEL,DRY,UNKNOWN,,NO INJURY / DRIVE AWAY,,,,"$501 - $1,500",07/12/2025 07:35:00 PM,UNABLE TO DETERMINE,UNABLE TO DETERMINE,7501,S,INDIANA AVE,623,,,,,,,2,NO INDICATION OF INJURY,0,0,0,0,0,2,0,18,7,7,41.7582308987,-87.6197782828,POINT (-87.619778282763 41.758230898651)
1b08cb0215370098fa2e5337d03c662fca12908d8524506b6b87447a72e1cb74dc3a58070c05c55b555d48c85274aab36daacd90704d8c337093309b7aa2a2a7,,07/12/2025 06:22:00 PM,30,NO CONTROLS,NO CONTROLS,CLEAR,DAYLIGHT,REAR END,DIVIDED - W/MEDIAN (NOT RAISED),,STRAIGHT AND LEVEL,DRY,NO DEFECTS,ON SCENE,NO INJURY / DRIVE AWAY,,,,"$501 - $1,500",07/12/2025 06:23:00 PM,FOLLOWING TOO CLOSELY,NOT APPLICABLE,4701,S,ARCHER AVE,821,,,,,,,2,NO INDICATION OF INJURY,0,0,0,0,0,6,0,18,7,7,41.807843146,-87.7141937259,POINT (-87.714193725911 41.807843146029)
14da5c4af72c696e3f5a7df599f7c5ea25e7b1095b9aeb432eff5fd318d81e808f1d678523d502ed7669de7d0bf7fc0f947f3eacf98395e30657d5466d38fe76,,07/12/2025 06:15:00 PM,30,UNKNOWN,UNKNOWN,UNKNOWN,UNKNOWN,TURNING,DIVIDED - W/MEDIAN (NOT RAISED),,STRAIGHT AND LEVEL,UNKNOWN,UNKNOWN,NOT ON SCENE (DESK REPORT),NO INJURY / DRIVE AWAY,,,,"OVER $1,500",07/12/2025 06:45:00 PM,DRIVING SKILLS/KNOWLEDGE/EXPERIENCE,UNABLE TO DETERMINE,1935,S,WABASH AVE,131,,,,,,,2,NO INDICATION OF INJURY,0,0,0,0,0,2,0,18,7,7,41.855630065,-87.625415361,POINT (-87.625415361031 41.855630065016)
1ae12c8e62beb8c7968bbc798b39882915033adb129a72aa7c36e47769f5d8c1c7f9303262ddf544f6650bb80d3d5ebc2f60f1e07aa920db774bd1b7320b8468,,07/12/2025 06:00:00 PM,30,TRAFFIC SIGNAL,FUNCTIONING PROPERLY,CLEAR,DAYLIGHT,TURNING,NOT DIVIDED,,STRAIGHT ON GRADE,DRY,NO DEFECTS,ON SCENE,INJURY AND / OR TOW DUE TO CRASH,Y,,,"OVER $1,500",07/12/2025 06:03:00 PM,UNABLE TO DETERMINE,UNABLE TO DETERMINE,10300,S,WESTERN AVE,2211,,,,,,,2,"REPORTED, NOT EVIDENT",2,0,0,0,2,1,0,18,7,7,41.7062823319,-87.6817635946,POINT (-87.68176359458 41.706282331898)
965c86292a77400e4c95219f95a9b7fd621734946834c86abaa5125a96c55240d191dfdd7df3b4aceae910e69ea5db441c192cb3ad3643b0e9b64c271094e2bc,,07/12/2025 06:00:00 PM,30,NO CONTROLS,NO CONTROLS,CLEAR,DAYLIGHT,PARKED MOTOR VEHICLE,ONE-WAY,,STRAIGHT AND LEVEL,DRY,NO DEFECTS,NOT ON SCENE (DESK REPORT),NO INJURY / DRIVE AWAY,,,,"OVER $1,500",07/15/2025 05:20:00 PM,UNABLE TO DETERMINE,UNABLE TO DETERMINE,4407,W,ROSCOE ST,1731,,,,,,,2,NO INDICATION OF INJURY,0,0,0,0,0,2,0,18,7,7,41.9424905462,-87.7375166951,POINT (-87.737516695135 41.942490546197)
ae7d9462bb0d822da8ad4e0768b520d6d621cd7fa019531d3b766990b180717e7d406085fd96f733db0174eabf807677f038e602c875ac4486efee8220567335,,07/12/2025 05:53:00 PM,30,NO CONTROLS,NO CONTROLS,CLEAR,DAYLIGHT,SIDESWIPE SAME DIRECTION,NOT DIVIDED,,STRAIGHT AND LEVEL,DRY,UNKNOWN,NOT ON SCENE (DESK REPORT),NO INJURY / DRIVE AWAY,,,,"$501 - $1,500",07/12/2025 06:45:00 PM,UNABLE TO DETERMINE,NOT APPLICABLE,10701,S,PULASKI RD,2211,,,,,,,2,NO INDICATION OF INJURY,0,0,0,0,0,2,0,17,7,7,41.6984396508,-87.7204864951,POINT (-87.720486495063 41.698439650791)