CRASH_RECORD_ID,CRASH_DATE_EST_I,CRASH_DATE,POSTED_SPEED_LIMIT,TRAFFIC_CONTROL_DEVICE,DEVICE_CONDITION,WEATHER_CONDITION,LIGHTING_CONDITION,FIRST_CRASH_TYPE,TRAFFICWAY_TYPE,LANE_CNT,ALIGNMENT,ROADWAY_SURFACE_COND,ROAD_DEFECT,REPORT_TYPE,CRASH_TYPE,INTERSECTION_RELATED_I,NOT_RIGHT_OF_WAY_I,HIT_AND_RUN_I,DAMAGE,DATE_POLICE_NOTIFIED,PRIM_CONTRIBUTORY_CAUSE,SEC_CONTRIBUTORY_CAUSE,STREET_NO,STREET_DIRECTION,STREET_NAME,BEAT_OF_OCCURRENCE,PHOTOS_TAKEN_I,STATEMENTS_TAKEN_I,DOORING_I,WORK_ZONE_I,WORK_ZONE_TYPE,WORKERS_PRESENT_I,NUM_UNITS,MOST_SEVERE_INJURY,INJURIES_TOTAL,INJURIES_FATAL,INJURIES_INCAPACITATING,INJURIES_NON_INCAPACITATING,INJURIES_REPORTED_NOT_EVIDENT,INJURIES_NO_INDICATION,INJURIES_UNKNOWN,CRASH_HOUR,CRASH_DAY_OF_WEEK,CRASH_MONTH,LATITUDE,LONGITUDE,LOCATION
0a3c2a4d0b013fba0c2c7a83ead74dcc2574261e32edc22358da3178b29470c3757ea68fdcd11045726eeebdc3b2bdec4c7b628f8decea71415b87a9888ea92a,Y,07/12/2025 05:50:00 PM,15,NO CONTROLS,NO CONTROLS,CLEAR,DAYLIGHT,ANGLE,T-INTERSECTION,,STRAIGHT AND LEVEL,DRY,NO DEFECTS,ON SCENE,INJURY AND / OR TOW DUE TO CRASH,Y,,,"OVER $1,500",07/12/2025 05:54:00 PM,FAILING TO YIELD RIGHT-OF-WAY,FAILING TO REDUCE SPEED TO AVOID CRASH,6646,W,DIVERSEY AVE,2511,,,,,,,2,"REPORTED, NOT EVIDENT",1,0,0,0,1,2,0,17,7,7,41.9310300034,-87.7924954708,POINT (-87.792495470811 41.931030003417)
86fda09746e1181ceeaecc2361eae620c38169cac93a4e3a271d3d260e49681a56b4a92d3f5b8f201e5608732e493f4bfd50ad33e4a313cf3d646cd7efcfdbad,,07/12/2025 05:50:00 PM,30,STOP SIGN/FLASHER,FUNCTIONING PROPERLY,CLEAR,DAYLIGHT,TURNING,DIVIDED - W/MEDIAN (NOT RAISED),,STRAIGHT AND LEVEL,DRY,NO DEFECTS,ON SCENE,NO INJURY / DRIVE AWAY,,,,"$501 - $1,500",07/12/2025 05:56:00 PM,IMPROPER OVERTAKING/PASSING,NOT APPLICABLE,2800,S,KEDZIE AVE,1032,,,,,,,2,NO INDICATION OF INJURY,0,0,0,0,0,2,0,17,7,7,41.8408096454,-87.7050749478,POINT (-87.705074947842 41.840809645357)
cd64b78842f72558acbc9c763abbe639fa4f39230947695d0cfe6327c4312babc67b966ebc884dd0cdc08b98a8e9568771c6d36a302e7eb1b57cbc8cee71391d,,07/12/2025 05:48:00 PM,30,UNKNOWN,UNKNOWN,CLEAR,DAYLIGHT,SIDESWIPE SAME DIRECTION,UNKNOWN,,STRAIGHT AND LEVEL,DRY,UNKNOWN,,NO INJURY / DRIVE AWAY,Y,,,"OVER $1,500",07/12/2025 06:10:00 PM,UNABLE TO DETERMINE,UNABLE TO DETERMINE,5500,S,LAKE PARK AVE,235,,,,,,,2,NO INDICATION OF INJURY,0,0,0,0,0,2,0,17,7,7,41.7951059372,-87.5877094121,POINT (-87.587709412142 41.795105937194)
923b4d80218b40b44d978d6e3e9d6f3e0346807d355f65df27a0296a91eba4d9887a1adce04ff950d78d99adce053c9485bdc34d3d95b215f576ac1695aedb19,,07/12/2025 05:45:00 PM,15,NO CONTROLS,NO CONTROLS,CLEAR,DAYLIGHT,PARKED MOTOR VEHICLE,ONE-WAY,,STRAIGHT AND LEVEL,DRY,NO DEFECTS,ON SCENE,INJURY AND / OR TOW DUE TO CRASH,,,Y,"OVER $1,500",07/12/2025 05:47:00 PM,UNABLE TO DETERMINE,UNABLE TO DETERMINE,10344,S,PRAIRIE AVE,512,,,,,,,2,NO INDICATION OF INJURY,0,0,0,0,0,1,0,17,7,7,41.7059197986,-87.6175363241,POINT (-87.617536324119 41.705919798629)
077caa9596ad652a4d7a0ee8ebe6f2f25bfb50e1627cd8b8116b49c4bcd6eba4b23c29902f9e222ca858f102b633a6627fdc24c6ef5977778bb95d3a73d8bc2d,,07/12/2025 05:44:00 PM,30,TRAFFIC SIGNAL,FUNCTIONING PROPERLY,CLEAR,DAYLIGHT,ANGLE,FOUR WAY,,STRAIGHT AND LEVEL,DRY,NO DEFECTS,ON SCENE,INJURY AND / OR TOW DUE TO CRASH,Y,,,"OVER $1,500",07/12/2025 05:54:00 PM,FAILING TO YIELD RIGHT-OF-WAY,DISREGARDING TRAFFIC SIGNALS,5199,S,CICERO AVE,815,,,,,,,2,NO INDICATION OF INJURY,0,0,0,0,0,6,0,17,7,7,41.798747281,-87.7427856868,POINT (-87.742785686821 41.798747281016)
0d9b3472939715484c4c20a76395b4b3ddf8e1d7f1b3a572d56713d360b1f16114d857182d591adafa7c0d2fef0de6b4459ad07cbbd7555169723a33792cb29d,,07/12/2025 05:42:00 PM,30,TRAFFIC SIGNAL,FUNCTIONING PROPERLY,CLEAR,DAYLIGHT,ANGLE,FOUR WAY,,STRAIGHT AND LEVEL,DRY,NO DEFECTS,ON SCENE,INJURY AND / OR TOW DUE TO CRASH,Y,,Y,"OVER $1,500",07/12/2025 05:42:00 PM,"OPERATING VEHICLE IN ERRATIC, RECKLESS, CARELESS, NEGLIGENT OR AGGRESSIVE MANNER",DISREGARDING TRAFFIC SIGNALS,2200,N,KOSTNER AVE,2522,,Y,,N,,,5,NONINCAPACITATING INJURY,2,0,0,1,1,7,0,17,7,7,41.9207948178,-87.7365847275,POINT (-87.736584727475 41.92079481781)
267339dce5067290aa68bb52246bb67d3f121ca3226f80e6ef2b581e3bbd60eba225ed847f78359ab5201e2424d1bf0913c080272e38be2d10aaa6f7a74fca8e,,07/12/2025 05:42:00 PM,30,UNKNOWN,UNKNOWN,UNKNOWN,DAYLIGHT,REAR END,DIVIDED - W/MEDIAN (NOT RAISED),,STRAIGHT AND LEVEL,UNKNOWN,UNKNOWN,NOT ON SCENE (DESK REPORT),NO INJURY / DRIVE AWAY,,,,"OVER $1,500",07/14/2025 07:00:00 AM,FOLLOWING TOO CLOSELY,UNABLE TO DETERMINE,3472,N,ELSTON AVE,1733,,,,,,,2,NO INDICATION OF INJURY,0,0,0,0,0,2,0,17,7,7,41.9442741099,-87.7056336537,POINT (-87.705633653652 41.944274109854)
e79773c10b6b52e75b903a241c4e033a534c16001c8abfb2b0ecf7c31cf8d730b81be368b249219d6abbc7e9fb2754dd8c00d51701a9b232d70a3c85279d9b8b,,07/12/2025 05:41:00 PM,35,TRAFFIC SIGNAL,FUNCTIONING PROPERLY,CLEAR,DAYLIGHT,TURNING,NOT DIVIDED,,STRAIGHT AND LEVEL,DRY,NO DEFECTS,ON SCENE,NO INJURY / DRIVE AWAY,Y,,,"OVER $1,500",07/12/2025 05:57:00 PM,FAILING TO YIELD RIGHT-OF-WAY,UNABLE TO DETERMINE,10700,S,KEDZIE AVE,2211,,,,,,,2,NO INDICATION OF INJURY,0,0,0,0,0,2,0,17,7,7,41.6987770221,-87.7012256089,POINT (-87.701225608923 41.698777022064)
cf4da80d459c38326f378ef7a69ee1496af279069c0a59f303e70523c3535d807e244e42b90c8810cb44afdba0cbaa98f29215b38f627d0c99eebcff9f36f938,Y,07/12/2025 05:40:00 PM,30,UNKNOWN,UNKNOWN,UNKNOWN,UNKNOWN,PARKED MOTOR VEHICLE,PARKING LOT,,STRAIGHT AND LEVEL,UNKNOWN,UNKNOWN,NOT ON SCENE (DESK REPORT),NO INJURY / DRIVE AWAY,,,,$500 OR LESS,07/13/2025 04:30:00 PM,IMPROPER BACKING,IMPROPER BACKING,9700,S,HALSTED ST,2223,,,,,,,2,NO INDICATION OF INJURY,0,0,0,0,0,1,0,17,7,7,41.7175374349,-87.64325162,POINT (-87.643251620045 41.717537434869)
ac08016f94c724279e94e4275647941d0727daca80fe7c9853de2577c0114847c78eb388f2204610418f7d6d41093a0d7de563385db2fdf9a75710a9e4102946,,07/12/2025 05:37:00 PM,30,NO CONTROLS,NO CONTROLS,UNKNOWN,DAYLIGHT,REAR END,DIVIDED - W/MEDIAN (NOT RAISED),,STRAIGHT AND LEVEL,UNKNOWN,UNKNOWN,NOT ON SCENE (DESK REPORT),NO INJURY / DRIVE AWAY,,,Y,"OVER $1,500",07/15/2025 02:20:00 PM,UNABLE TO DETERMINE,NOT APPLICABLE,2238,W,FULLERTON AVE,1432,,,,,,,2,NO INDICATION OF INJURY,0,0,0,0,0,5,0,17,7,7,41.9250565072,-87.6843415809,POINT (-87.684341580856 41.925056507249)
3d8fba5199000358504ef89f21a71f9b89ff4a18a0d78be7cbc76220cb1d17c848cee87b4fb1bc3d360b5eca97fd03a0bac84bb56fe3b4422195bb01e86de011,Y,07/12/2025 05:30:00 PM,20,NO CONTROLS,NO CONTROLS,CLEAR,UNKNOWN,PARKED MOTOR VEHICLE,ONE-WAY,,STRAIGHT AND LEVEL,DRY,NO DEFECTS,NOT ON SCENE (DESK REPORT),NO INJURY / DRIVE AWAY,,,Y,"OVER $1,500",07/12/2025 10:00:00 PM,UNABLE TO DETERMINE,NOT APPLICABLE,5945,W,WARWICK AVE,1633,,,,,,,2,NO INDICATION OF INJURY,0,0,0,0,0,1,0,17,7,7,41.9484000791,-87.7759541663,POINT (-87.775954166326 41.94840007914)
f256a3aa83043935ca1ded7bfe1d1e6039ac79d912061fdbd32aea3c6ddb608cbbc0eca78cc2f13f9c5ce567783fca06b649ceb8ed870447191446d0b8991b30,,07/12/2025 05:30:00 PM,30,NO CONTROLS,NO CONTROLS,CLEAR,DAYLIGHT,ANGLE,ONE-WAY,,STRAIGHT AND LEVEL,DRY,NO DEFECTS,,NO INJURY / DRIVE AWAY,,,,"OVER $1,500",07/14/2025 11:11:00 AM,FAILING TO YIELD RIGHT-OF-WAY,NOT APPLICABLE,6314,S,LOREL AVE,813,,,,,,,2,NO INDICATION OF INJURY,0,0,0,0,0,2,0,17,7,7,41.777682597,-87.7557776305,POINT (-87.755777630465 41.777682597005)
52a03cddb291a8d9a1afa5e578e74f328a0785149c730d81e0cf3acabae7fd9005350592de5a126dc470b7f8a85662000bbb273d79e38376122e021042bce8bb,,07/12/2025 05:25:00 PM,30,TRAFFIC SIGNAL,FUNCTIONING PROPERLY,CLEAR,DAYLIGHT,SIDESWIPE SAME DIRECTION,NOT DIVIDED,,STRAIGHT AND LEVEL,DRY,NO DEFECTS,NOT ON SCENE (DESK REPORT),NO INJURY / DRIVE AWAY,,,Y,"$501 - $1,500",07/12/2025 07:00:00 PM,UNABLE TO DETERMINE,NOT APPLICABLE,806,N,WESTERN AVE,1212,,,,,,,2,NO INDICATION OF INJURY,0,0,0,0,0,2,0,17,7,7,41.8959921533,-87.6869955167,POINT (-87.686995516705 41.895992153284)
0d4cc4181ff15cc1bf71729f2a4fa87ad4922d85f77490d263061d248dff3cda405cf6681af26cbbb974d4ff30c464fb8edbd1752dcc79c111f9e6fe683d78d6,,07/12/2025 05:20:00 PM,30,TRAFFIC SIGNAL,FUNCTIONING PROPERLY,CLEAR,DAYLIGHT,ANGLE,FOUR WAY,,STRAIGHT AND LEVEL,DRY,SHOULDER DEFECT,ON SCENE,INJURY AND / OR TOW DUE TO CRASH,Y,,,"OVER $1,500",07/12/2025 06:08:00 PM,DISREGARDING TRAFFIC SIGNALS,NOT APPLICABLE,5123,W,HARRISON ST,1533,,,,,,,2,"REPORTED, NOT EVIDENT",3,0,0,0,3,0,0,17,7,7,41.87284387,-87.7542975441,POINT (-87.754297544125 41.872843869965)
0ba07d230f2f930b5c8ceba928dfcabe7802628f454cdd88bf180bf91d62551af1f2222df3d551417e905f848e826b29eff86ea2196d2c3d3e3ed6e6d4a70311,,07/12/2025 05:15:00 PM,30,TRAFFIC SIGNAL,FUNCTIONING PROPERLY,CLEAR,DAYLIGHT,TURNING,T-INTERSECTION,,STRAIGHT AND LEVEL,DRY,NO DEFECTS,NOT ON SCENE (DESK REPORT),NO INJURY / DRIVE AWAY,,,,"OVER $1,500",07/12/2025 06:22:00 PM,DRIVING ON WRONG SIDE/WRONG WAY,NOT APPLICABLE,6600,N,WESTERN AVE,2412,,,,,,,2,NO INDICATION OF INJURY,0,0,0,0,0,2,0,17,7,7,42.0014569725,-87.6901261794,POINT (-87.690126179374 42.001456972462)
8776991cc2a684dd87a0b2e56e1df951ba032d021b68963ea5e1ba7227900caabe3d7f806bce48ba91f67910f2adf9a4c41940960875d6d53d9cc6a04bc30307,,07/12/2025 05:15:00 PM,10,NO CONTROLS,NO CONTROLS,CLEAR,DAYLIGHT,PARKED MOTOR VEHICLE,PARKING LOT,,STRAIGHT AND LEVEL,DRY,UNKNOWN,NOT ON SCENE (DESK REPORT),NO INJURY / DRIVE AWAY,,Y,,"$501 - $1,500",07/12/2025 09:31:00 PM,UNABLE TO DETERMINE,UNABLE TO DETERMINE,322,E,ILLINOIS ST,1834,,,,,,,2,NO INDICATION OF INJURY,0,0,0,0,0,1,0,17,7,7,41.8911331709,-87.619160207,POINT (-87.619160207046 41.891133170855)
ee12ed3316448b769d230807bf5354863849c6e0d390bc107943c33ae467302ad93f8d722b467191ff736a333ae3730b871e909c86d51f43b8931db3aa5b07e8,,07/12/2025 05:15:00 PM,30,NO CONTROLS,NO CONTROLS,CLEAR,DAYLIGHT,TURNING,NOT DIVIDED,,STRAIGHT AND LEVEL,DRY,NO DEFECTS,ON SCENE,NO INJURY / DRIVE AWAY,,,Y,"OVER $1,500",07/12/2025 05:17:00 PM,UNABLE TO DETERMINE,NOT APPLICABLE,5245,S,WOODLAWN AVE,234,,,,,,,2,NO INDICATION OF INJURY,0,0,0,0,0,2,0,17,7,7,41.7995326733,-87.5964969026,POINT (-87.596496902627 41.799532673349)
5d3099f0c2e47d318d802ba4d902bbc07a3bc9b8491034980d47a36fbc51a73731fe3ef4663bc6251622e8a620e183aec722d47a53595343fb5ddcccb02acbe4,,07/12/2025 05:10:00 PM,30,NO CONTROLS,NO CONTROLS,CLEAR,DAYLIGHT,TURNING,NOT DIVIDED,,STRAIGHT AND LEVEL,DRY,UNKNOWN,ON SCENE,INJURY AND / OR TOW DUE TO CRASH,,,,"OVER $1,500",07/12/2025 05:15:00 PM,UNABLE TO DETERMINE,UNABLE TO DETERMINE,7151,S,WESTERN AVE,832,,,,,,,2,NO INDICATION OF INJURY,0,0,0,0,0,2,0,17,7,7,41.7631970947,-87.6830525998,POINT (-87.683052599752 41.763197094674)
deafa6dce13f701690cb57a9a4c1c7aa6fa2f2bf5aa2a8c8a056216cff1c1b45b652c4da0b2c269911a763915812cc460fd0fc967e36181d33edb7cfad4fcc6e,,07/12/2025 05:09:00 PM,30,TRAFFIC SIGNAL,FUNCTIONING PROPERLY,CLEAR,DAYLIGHT,REAR END,NOT DIVIDED,,STRAIGHT AND LEVEL,DRY,NO DEFECTS,NOT ON SCENE (DESK REPORT),NO INJURY / DRIVE AWAY,,,,"OVER $1,500",07/13/2025 09:30:00 AM,FAILING TO REDUCE SPEED TO AVOID CRASH,NOT APPLICABLE,2200,N,DAMEN AVE,1432,,,,,,,2,NO INDICATION OF INJURY,0,0,0,0,0,3,0,17,7,7,41.9214221431,-87.6779001087,POINT (-87.677900108728 41.921422143149)
298f3c686878b0094d6eefa886c005aaa72b11bce889898e9730143d22b6299452002d11ec53c1792a3c4f09547470c3adea92a1624a873ca265d0beb11f8f1e,Y,07/12/2025 05:00:00 PM,30,TRAFFIC SIGNAL,UNKNOWN,CLEAR,DAYLIGHT,PEDESTRIAN,FOUR WAY,,STRAIGHT AND LEVEL,DRY,NO DEFECTS,ON SCENE,INJURY AND / OR TOW DUE TO CRASH,Y,,,"OVER $1,500",07/12/2025 05:06:00 PM,UNABLE TO DETERMINE,UNABLE TO DETERMINE,301,N,WESTERN AVE,1223,Y,Y,,,,,2,NONINCAPACITATING INJURY,1,0,0,1,0,1,0,17,7,7,41.8867249645,-87.6864336062,POINT (-87.686433606151 41.886724964549)
43f80409bef28e7095b605dbe40c02703d08b4734b3e934149f60eeb345ff835ef344e69fd3f838c8247fbb3e56606aca3c73053206cca9117ca76f31e359a9a,,07/12/2025 05:00:00 PM,10,NO CONTROLS,NO CONTROLS,CLEAR,DAYLIGHT,REAR TO REAR,PARKING LOT,,STRAIGHT AND LEVEL,DRY,UNKNOWN,NOT ON SCENE (DESK REPORT),NO INJURY / DRIVE AWAY,,Y,,"OVER $1,500",07/12/2025 05:40:00 PM,UNABLE TO DETERMINE,UNABLE TO DETERMINE,2902,W,CERMAK RD,1022,,,,,,,2,NO INDICATION OF INJURY,0,0,0,0,0,2,0,17,7,7,41.8519624148,-87.6992800655,POINT (-87.699280065528 41.851962414829)
8481d2070d0f3f6704c664df78c148ec1103f041f2beb9259a5a6b874e67aa8b62d22f5073c641c4f7fdf9610ce1125d558f5304b246ea6272101fbb522795df,,07/12/2025 05:00:00 PM,15,NO CONTROLS,NO CONTROLS,CLEAR,DAYLIGHT,REAR END,PARKING LOT,,STRAIGHT AND LEVEL,DRY,NO DEFECTS,,NO INJURY / DRIVE AWAY,,,,"OVER $1,500",07/12/2025 06:04:00 PM,IMPROPER BACKING,NOT APPLICABLE,4245,W,31ST ST,1031,,,,,,,2,NO INDICATION OF INJURY,0,0,0,0,0,4,0,17,7,7,41.8366975669,-87.7309888722,POINT (-87.730988872195 41.836697566903)
ae578dd722e0f64b74780271c70809f38f3e10317fb5f6b34fcecf454e93cff696456d53b32b82638b58d5c197c9e6fb6c5a372ed97bb68a25971f959bbcdc57,,07/12/2025 05:00:00 PM,30,TRAFFIC SIGNAL,NOT FUNCTIONING,CLEAR,DAYLIGHT,TURNING,FOUR WAY,,STRAIGHT AND LEVEL,DRY,NO DEFECTS,ON SCENE,INJURY AND / OR TOW DUE TO CRASH,Y,,Y,"OVER $1,500",07/12/2025 05:00:00 PM,"OPERATING VEHICLE IN ERRATIC, RECKLESS, CARELESS, NEGLIGENT OR AGGRESSIVE MANNER",FAILING TO REDUCE SPEED TO AVOID CRASH,100,N,KOSTNER AVE,1113,,,,,,,2,NO INDICATION OF INJURY,0,0,0,0,0,4,0,17,7,7,41.8819928235,-87.7356638923,POINT (-87.735663892302 41.88199282352)
fac24ac536090b5d0e23d31157b4ebdb1fd052e17548eac94d2d382d032f5e13d27b42f8d444048629c47629f88087402fcc212271617aec235368b42c2724b5,,07/12/2025 05:00:00 PM,20,NO CONTROLS,NO CONTROLS,CLEAR,DAYLIGHT,PARKED MOTOR VEHICLE,ONE-WAY,,STRAIGHT AND LEVEL,DRY,UNKNOWN,ON SCENE,NO INJURY / DRIVE AWAY,Y,,,$500 OR LESS,07/12/2025 05:31:00 PM,UNABLE TO DETERMINE,UNABLE TO DETERMINE,7215,N,DAMEN AVE,2424,,,,,,,2,NO INDICATION OF INJURY,0,0,0,0,0,1,0,17,7,7,42.012993722,-87.6801376927,POINT (-87.680137692713 42.012993722013)
690ea088c36b5042b81dab140550a8ed66faab718793cb3b09619eb54cd1e47deec8cc694762ee1fa5c9c9701212bace2c5a7aa32559af87316d47bf00cb9f3c,,07/12/2025 04:56:00 PM,30,NO CONTROLS,NO CONTROLS,CLEAR,DAYLIGHT,REAR END,DIVIDED - W/MEDIAN (NOT RAISED),,STRAIGHT AND LEVEL,DRY,NO DEFECTS,ON SCENE,INJURY AND / OR TOW DUE TO CRASH,,,,"OVER $1,500",07/12/2025 04:57:00 PM,DISTRACTION - FROM INSIDE VEHICLE,NOT APPLICABLE,4100,W,PETERSON AVE,1711,,,,,,,2,"REPORTED, NOT EVIDENT",1,0,0,0,1,3,0,16,7,7,41.9902097836,-87.7314207858,POINT (-87.73142078575 41.990209783573)
1660ce1d50817f8c2c31c578781f58fc0f011afcad9b215c2223e5472ec4545dc6a7d4f3d80df8e0851a0848af02a44acf8c07f1a295a34343c68415b36d668e,,07/12/2025 04:48:00 PM,30,TRAFFIC SIGNAL,FUNCTIONING PROPERLY,CLEAR,DAYLIGHT,TURNING,NOT DIVIDED,,STRAIGHT AND LEVEL,DRY,NO DEFECTS,ON SCENE,NO INJURY / DRIVE AWAY,Y,,,"OVER $1,500",07/12/2025 05:05:00 PM,DISREGARDING TRAFFIC SIGNALS,DISREGARDING TRAFFIC SIGNALS,3459,S,DAMEN AVE,912,,,,,,,2,NO INDICATION OF INJURY,0,0,0,0,0,2,0,16,7,7,41.8304371332,-87.675134582,POINT (-87.675134581973 41.830437133237)
3f2d75a70a8e56633bb672d5b44c54a90a41cc44514102ff6c37147bdabb5695db4c2dce01806ce2c7eb84a37d088e56b5cb1184c9ce6f11b3b77e7ec6ab4934,,07/12/2025 04:45:00 PM,30,NO CONTROLS,NO CONTROLS,CLEAR,DAYLIGHT,SIDESWIPE SAME DIRECTION,NOT DIVIDED,,STRAIGHT AND LEVEL,DRY,NO DEFECTS,NOT ON SCENE (DESK REPORT),NO INJURY / DRIVE AWAY,,,,"$501 - $1,500",07/12/2025 05:25:00 PM,IMPROPER OVERTAKING/PASSING,NOT APPLICABLE,424,W,DIVISION ST,1821,,,,,,,2,NO INDICATION OF INJURY,0,0,0,0,0,3,0,16,7,7,41.9038839611,-87.6394372016,POINT (-87.639437201552 41.90388396114)
cef7616716f1e3a4836a661b48f12c2be7248d779f3ef5895cd8d30fb3b9b6d3129fddf5e5f72ffe0d29bc50cc66c64eab26fc3acd2f497b0dcceedead907b60,Y,07/12/2025 04:30:00 PM,30,UNKNOWN,UNKNOWN,UNKNOWN,DAYLIGHT,REAR END,NOT DIVIDED,,STRAIGHT AND LEVEL,UNKNOWN,UNKNOWN,NOT ON SCENE (DESK REPORT),NO INJURY / DRIVE AWAY,,,,"OVER $1,500",07/12/2025 06:40:00 PM,FOLLOWING TOO CLOSELY,NOT APPLICABLE,3305,N,CALIFORNIA AVE,1733,,,,,,,2,NO INDICATION OF INJURY,0,0,0,0,0,2,0,16,7,7,41.9420526003,-87.6977576664,POINT (-87.697757666446 41.942052600342)
db040724f1b478de38b98968d47b351a73e14fa6767f074f1a0ee3308b14114851070ba056bb20b1ad211d8d77f0d78ee656ded175b83125cab821fee16d0ada,,07/12/2025 04:30:00 PM,30,STOP SIGN/FLASHER,FUNCTIONING PROPERLY,CLEAR,DAYLIGHT,SIDESWIPE OPPOSITE DIRECTION,DIVIDED - W/MEDIAN (NOT RAISED),,STRAIGHT AND LEVEL,DRY,NO DEFECTS,ON SCENE,INJURY AND / OR TOW DUE TO CRASH,,,,"OVER $1,500",07/12/2025 04:48:00 PM,UNABLE TO DETERMINE,UNABLE TO DETERMINE,1700,E,83RD ST,414,,,,,,,2,NONINCAPACITATING INJURY,3,0,0,3,0,1,0,16,7,7,41.7443503872,-87.5828538725,POINT (-87.582853872544 41.744350387231)
26fe49ac51f5efad7ae64f75236724bd388407be86e236d2d14c902fe43ddc714668c9513e3df17ccbf6e242bbdb221aedea5b8671d272cfaa8ecb17c6ca679d,,07/12/2025 04:28:00 PM,30,NO CONTROLS,NO CONTROLS,CLEAR,DAYLIGHT,ANGLE,OTHER,,STRAIGHT AND LEVEL,UNKNOWN,UNKNOWN,ON SCENE,INJURY AND / OR TOW DUE TO CRASH,Y,,,"OVER $1,500",07/12/2025 04:29:00 PM,DRIVING ON WRONG SIDE/WRONG WAY,DRIVING ON WRONG SIDE/WRONG WAY,3441,W,GRAND AVE,1121,,,,,,,2,NO INDICATION OF INJURY,0,0,0,0,0,2,0,16,7,7,41.90052616,-87.712682588,POINT (-87.712682587959 41.900526159988)
ef1de42dfdaaabeb72516897e0107eccdf98364689677707bf5be7bd09d9a41d8dc8e6883cec242dffa188b0a07b56555c5e3b166e47fe4e326326f7d3a09ea8,,07/12/2025 04:25:00 PM,30,TRAFFIC SIGNAL,FUNCTIONING PROPERLY,CLEAR,DAYLIGHT,REAR END,NOT DIVIDED,,STRAIGHT AND LEVEL,DRY,NO DEFECTS,NOT ON SCENE (DESK REPORT),NO INJURY / DRIVE AWAY,,,,"$501 - $1,500",07/12/2025 05:25:00 PM,FOLLOWING TOO CLOSELY,FOLLOWING TOO CLOSELY,1458,S,PULASKI RD,1011,,,,,,,2,NO INDICATION OF INJURY,0,0,0,0,0,2,0,16,7,7,41.8607828087,-87.725160139,POINT (-87.725160139013 41.860782808695)
45ed2cb1d4e049fe26bb25aeb99287124d766e293da747f65960c4e1d6b164d1bc571217e626367e6df5065a83cffaf20100b0a72d2a9ff782f9db92a4b4fadb,,07/12/2025 04:17:00 PM,30,UNKNOWN,UNKNOWN,CLEAR,DAYLIGHT,SIDESWIPE SAME DIRECTION,UNKNOWN,,STRAIGHT AND LEVEL,UNKNOWN,NO DEFECTS,NOT ON SCENE (DESK REPORT),NO INJURY / DRIVE AWAY,,,,"$501 - $1,500",07/12/2025 06:32:00 PM,NOT APPLICABLE,NOT APPLICABLE,345,W,ONTARIO ST,1831,,,,,,,2,NO INDICATION OF INJURY,0,0,0,0,0,2,0,16,7,7,41.8930343792,-87.6373140838,POINT (-87.637314083763 41.893034379203)
d02ced73df29317acd34d446a6d2a1f93731747c17753904e1b854ac86a328a03ab7267cd0d8e634edd1eae69d4e49c7d646d55612628adbf249e4ae49fec3b5,,07/12/2025 04:10:00 PM,30,NO CONTROLS,NO CONTROLS,CLEAR,DAYLIGHT,SIDESWIPE SAME DIRECTION,FOUR WAY,,STRAIGHT AND LEVEL,DRY,NO DEFECTS,ON SCENE,NO INJURY / DRIVE AWAY,,,,$500 OR LESS,07/12/2025 04:17:00 PM,IMPROPER OVERTAKING/PASSING,IMPROPER LANE USAGE,5698,N,SHERIDAN RD,2022,,,,,,,2,NO INDICATION OF INJURY,0,0,0,0,0,2,0,16,7,7,41.9854632564,-87.6553914479,POINT (-87.655391447946 41.985463256416)
b48b300aea9884e2ca3e6554755611f8e8c359adb99118a0a7b7efa2dc54a759f366fa8f1442dbd0143f2621e9356abaf683339b62e4565e85b0ef74d6a0e8c5,,07/12/2025 04:05:00 PM,30,NO CONTROLS,NO CONTROLS,CLEAR,DAYLIGHT,PARKED MOTOR VEHICLE,NOT DIVIDED,,STRAIGHT AND LEVEL,DRY,NO DEFECTS,ON SCENE,INJURY AND / OR TOW DUE TO CRASH,,,,"OVER $1,500",07/12/2025 04:05:00 PM,EQUIPMENT - VEHICLE CONDITION,UNABLE TO DETERMINE,5714,S,DR MARTIN LUTHER KING JR DR,232,,,,,,,4,NO INDICATION OF INJURY,0,0,0,0,0,1,0,16,7,7,41.7906842266,-87.6160261359,POINT (-87.616026135863 41.790684226628)
bc00922c0e6a801da14be0a28ef864f6dd8fba9a53697c015c769ed14aa86af58b26392cdf0f722f0e183cd5350594b334d0fc651c5936382443b53eabeb8a8b,,07/12/2025 04:05:00 PM,10,NO CONTROLS,NO CONTROLS,CLEAR,DAYLIGHT,FIXED OBJECT,DRIVEWAY,,STRAIGHT AND LEVEL,DRY,UNKNOWN,ON SCENE,INJURY AND / OR TOW DUE TO CRASH,,,,"OVER $1,500",07/12/2025 04:10:00 PM,UNABLE TO DETERMINE,UNABLE TO DETERMINE,2244,S,WESTERN AVE,1034,,,,,,,1,"REPORTED, NOT EVIDENT",1,0,0,0,1,0,0,16,7,7,41.8506957998,-87.6857515744,POINT (-87.68575157436 41.850695799762)
10798d05b1a0ff139289121e0ffe1ffac3f0efcf469e202b8b4417cad14d1234cb8042320ab8a128f9074e977e234c69488eac704938fe2d7427ba8faa0c3aed,Y,07/12/2025 04:00:00 PM,30,NO CONTROLS,NO CONTROLS,CLEAR,DAYLIGHT,REAR END,ONE-WAY,,STRAIGHT AND LEVEL,DRY,UNKNOWN,NOT ON SCENE (DESK REPORT),NO INJURY / DRIVE AWAY,,,,"OVER $1,500",07/14/2025 08:10:00 PM,UNABLE TO DETERMINE,UNABLE TO DETERMINE,3500,N,OSCEOLA AVE,1631,,,,,,,2,NO INDICATION OF INJURY,0,0,0,0,0,4,0,16,7,7,41.9434126349,-87.8132002951,POINT (-87.813200295102 41.94341263491)