CRASH_RECORD_ID,CRASH_DATE_EST_I,CRASH_DATE,POSTED_SPEED_LIMIT,TRAFFIC_CONTROL_DEVICE,DEVICE_CONDITION,WEATHER_CONDITION,LIGHTING_CONDITION,FIRST_CRASH_TYPE,TRAFFICWAY_TYPE,LANE_CNT,ALIGNMENT,ROADWAY_SURFACE_COND,ROAD_DEFECT,REPORT_TYPE,CRASH_TYPE,INTERSECTION_RELATED_I,NOT_RIGHT_OF_WAY_I,HIT_AND_RUN_I,DAMAGE,DATE_POLICE_NOTIFIED,PRIM_CONTRIBUTORY_CAUSE,SEC_CONTRIBUTORY_CAUSE,STREET_NO,STREET_DIRECTION,STREET_NAME,BEAT_OF_OCCURRENCE,PHOTOS_TAKEN_I,STATEMENTS_TAKEN_I,DOORING_I,WORK_ZONE_I,WORK_ZONE_TYPE,WORKERS_PRESENT_I,NUM_UNITS,MOST_SEVERE_INJURY,INJURIES_TOTAL,INJURIES_FATAL,INJURIES_INCAPACITATING,INJURIES_NON_INCAPACITATING,INJURIES_REPORTED_NOT_EVIDENT,INJURIES_NO_INDICATION,INJURIES_UNKNOWN,CRASH_HOUR,CRASH_DAY_OF_WEEK,CRASH_MONTH,LATITUDE,LONGITUDE,LOCATION
6f19bcbabab77e77e44406918f365ba907ff79d474323b3f3bdbfd7324bc0147a511d75446722b3ae01f79844430ee8861f0969a620f964be17de03eeda6c2e7,,07/12/2025 04:00:00 PM,30,NO CONTROLS,NO CONTROLS,CLEAR,DAYLIGHT,SIDESWIPE SAME DIRECTION,NOT DIVIDED,,STRAIGHT AND LEVEL,DRY,NO DEFECTS,ON SCENE,NO INJURY / DRIVE AWAY,,,Y,$500 OR LESS,07/12/2025 04:14:00 PM,UNABLE TO DETERMINE,UNABLE TO DETERMINE,2401,S,ARCHER AVE,914,,,,,,,2,NO INDICATION OF INJURY,0,0,0,0,0,2,0,16,7,7,41.8488106333,-87.6422152421,POINT (-87.642215242082 41.848810633338)
75bdcc84b6dd22d2345584e1c514566c99a2e3cf1474e9841e518aeb275ef672d1b1f9d76612c8a4ed28df2917c50685727150bfaaec9c8592e962f64f4ee9fb,Y,07/12/2025 04:00:00 PM,30,NO CONTROLS,NO CONTROLS,CLEAR,DAYLIGHT,PARKED MOTOR VEHICLE,NOT DIVIDED,,STRAIGHT AND LEVEL,DRY,NO DEFECTS,ON SCENE,NO INJURY / DRIVE AWAY,,,Y,"OVER $1,500",07/12/2025 06:10:00 PM,DRIVING SKILLS/KNOWLEDGE/EXPERIENCE,IMPROPER TURNING/NO SIGNAL,948,W,BARRY AVE,1933,,,,,,,2,NO INDICATION OF INJURY,0,0,0,0,0,1,0,16,7,7,41.9382071054,-87.6535998204,POINT (-87.653599820366 41.938207105384)
1ea5779c99475ba731ae7dc5d8b76ace5724f86bd97a379df4b09a9fd84d36fe5b4ff5b5d537b4926b76119adf011c389d567d63354d3ef1bb27f43ff78c8d8e,,07/12/2025 03:57:00 PM,35,TRAFFIC SIGNAL,FUNCTIONING PROPERLY,CLEAR,DAYLIGHT,REAR END,NOT DIVIDED,,STRAIGHT AND LEVEL,DRY,NO DEFECTS,ON SCENE,INJURY AND / OR TOW DUE TO CRASH,,,,"$501 - $1,500",07/12/2025 03:57:00 PM,IMPROPER LANE USAGE,IMPROPER LANE USAGE,347,E,95TH ST,511,,,,,,,2,NO INDICATION OF INJURY,0,0,0,0,0,2,0,15,7,7,41.7217723914,-87.6147031603,POINT (-87.614703160337 41.72177239142)
562da7b72af0a68c23033aa2d476147b8f3a3fe8e6992ac3337f5a81db7e9539621ecea2201f46663153329eac3f7b56e60e2e6ef0f47cdff09712e11acf08e1,,07/12/2025 03:57:00 PM,30,NO CONTROLS,NO CONTROLS,CLEAR,DAYLIGHT,REAR END,NOT DIVIDED,,STRAIGHT AND LEVEL,DRY,NO DEFECTS,ON SCENE,NO INJURY / DRIVE AWAY,,,,"OVER $1,500",07/12/2025 03:58:00 PM,UNABLE TO DETERMINE,NOT APPLICABLE,2828,N,NARRAGANSETT AVE,2511,,,,,,,2,NO INDICATION OF INJURY,0,0,0,0,0,2,0,15,7,7,41.9318856662,-87.7858668096,POINT (-87.785866809586 41.931885666238)
4ed7dbc6e968f0e588b77f2628676c3518a8a0a088ca0d7187c79f6bbd1e5ab4fe33894beea570a410c17389bb212cbe56871ad2dce20cbb8f731fb982365f62,,07/12/2025 03:53:00 PM,50,NO CONTROLS,NO CONTROLS,CLEAR,DAYLIGHT,REAR END,DIVIDED - W/MEDIAN BARRIER,,STRAIGHT AND LEVEL,DRY,NO DEFECTS,ON SCENE,NO INJURY / DRIVE AWAY,,,,$500 OR LESS,07/12/2025 03:53:00 PM,UNABLE TO DETERMINE,UNABLE TO DETERMINE,5459,N,MANNHEIM RD,1654,,,,,,,2,NO INDICATION OF INJURY,0,0,0,0,0,2,0,15,7,7,41.9790632919,-87.8787288288,POINT (-87.878728828809 41.979063291944)
3c17dde994897a78517f9dd46ef795686fcf0cf3a9ba2dddec57010da9bce900346029aa435bb5c474a472d35ea14f1a3b7a7351dadc2a858583156406b562b8,,07/12/2025 03:50:00 PM,30,STOP SIGN/FLASHER,FUNCTIONING PROPERLY,CLEAR,DAYLIGHT,TURNING,T-INTERSECTION,,STRAIGHT AND LEVEL,DRY,NO DEFECTS,NOT ON SCENE (DESK REPORT),NO INJURY / DRIVE AWAY,Y,,,"$501 - $1,500",07/12/2025 04:50:00 PM,FAILING TO YIELD RIGHT-OF-WAY,DRIVING SKILLS/KNOWLEDGE/EXPERIENCE,5508,W,HARRISON ST,1522,,,,,,,2,NO INDICATION OF INJURY,0,0,0,0,0,2,0,15,7,7,41.8729705695,-87.7619989088,POINT (-87.761998908809 41.87297056955)
6a6726a141d980847808aeb16dd6ef9d8c23294839792a01c759604a6f335b5812485dce3bcd60df668e732486e6571109653456f9305ca46c6109d49b2f7636,,07/12/2025 03:50:00 PM,30,STOP SIGN/FLASHER,FUNCTIONING PROPERLY,CLEAR,DAYLIGHT,TURNING,DIVIDED - W/MEDIAN BARRIER,,STRAIGHT AND LEVEL,DRY,NO DEFECTS,,NO INJURY / DRIVE AWAY,Y,,,"OVER $1,500",07/12/2025 03:50:00 PM,FAILING TO YIELD RIGHT-OF-WAY,NOT APPLICABLE,3199,N,KOLMAR AVE,2521,,,,,,,2,NO INDICATION OF INJURY,0,0,0,0,0,2,0,15,7,7,41.9388236399,-87.7405565169,POINT (-87.740556516915 41.938823639916)
eb4b4f130619a6a170ddc6b13ff315aa800891608e2e2eee05e3a020e551585293e8738d0bab0c6229a54604885ace3e64d4075296a9d40c3cfa191f4be33476,,07/12/2025 03:50:00 PM,30,TRAFFIC SIGNAL,FUNCTIONING PROPERLY,UNKNOWN,DAYLIGHT,REAR END,NOT DIVIDED,,STRAIGHT AND LEVEL,UNKNOWN,NO DEFECTS,NOT ON SCENE (DESK REPORT),NO INJURY / DRIVE AWAY,Y,,,"OVER $1,500",07/18/2025 03:25:00 PM,FOLLOWING TOO CLOSELY,FAILING TO REDUCE SPEED TO AVOID CRASH,4700,W,FOSTER AVE,1712,,,,,,,2,NO INDICATION OF INJURY,0,0,0,0,0,2,0,15,7,7,41.9754800311,-87.7456834442,POINT (-87.745683444237 41.975480031133)
11d86b4d6a2b6825a94a0008327395896a1248f87d691bf51844355e1299c1498ad09868a58d261606f07e219eec82c98c3fcba99a87e3a6054fb5ed6d0b2ee2,,07/12/2025 03:49:00 PM,30,NO CONTROLS,NO CONTROLS,CLEAR,DAYLIGHT,REAR END,NOT DIVIDED,,STRAIGHT AND LEVEL,DRY,NO DEFECTS,NOT ON SCENE (DESK REPORT),NO INJURY / DRIVE AWAY,,,,$500 OR LESS,07/13/2025 12:00:00 PM,FOLLOWING TOO CLOSELY,FOLLOWING TOO CLOSELY,7015,N,WESTERN AVE,2411,,,,,,,2,NO INDICATION OF INJURY,0,0,0,0,0,2,0,15,7,7,42.0091038154,-87.6900253078,POINT (-87.6900253078 42.009103815447)
649627c3ea71dfbe890f52fcec711cd47235ee100edb22a7f0a25a69099c34056626924186cc1c6b083c38bb976e9024c6326e6d390ddd07fcfa27a975c28f0b,,07/12/2025 03:45:00 PM,30,STOP SIGN/FLASHER,FUNCTIONING PROPERLY,CLEAR,DAYLIGHT,ANGLE,NOT DIVIDED,,STRAIGHT AND LEVEL,DRY,NO DEFECTS,NOT ON SCENE (DESK REPORT),NO INJURY / DRIVE AWAY,,,Y,"OVER $1,500",07/13/2025 07:00:00 PM,NOT APPLICABLE,NOT APPLICABLE,3230,W,45TH ST,821,,,,,,,2,NO INDICATION OF INJURY,0,0,0,0,0,2,0,15,7,7,41.8117917734,-87.7053978321,POINT (-87.705397832145 41.811791773412)
871d2f313de82a4cdfa241d19c346b26770df4da8a88185876cca15cbf39faf0ca5950bc5f8af6b49cf1998614d41a6a5cea34596f8396208dab31ebb81b84e6,,07/12/2025 03:45:00 PM,30,STOP SIGN/FLASHER,FUNCTIONING PROPERLY,CLEAR,DAYLIGHT,TURNING,T-INTERSECTION,,STRAIGHT AND LEVEL,DRY,UNKNOWN,NOT ON SCENE (DESK REPORT),NO INJURY / DRIVE AWAY,Y,,,"OVER $1,500",07/12/2025 04:29:00 PM,UNABLE TO DETERMINE,NOT APPLICABLE,6549,W,DIVERSEY AVE,2512,,,,,,,2,NO INDICATION OF INJURY,0,0,0,0,0,2,0,15,7,7,41.9308400749,-87.7900269614,POINT (-87.790026961443 41.930840074851)
f0bb88643642c35925d977a62d0042fc7d2f2686c4330799a95816c829c98afccd24e7347a7eac65dd4ac31e7e33ccd6c19edeff7c5cb08420b1e912d21ec357,,07/12/2025 03:45:00 PM,30,TRAFFIC SIGNAL,FUNCTIONING PROPERLY,CLEAR,DAYLIGHT,REAR END,DIVIDED - W/MEDIAN BARRIER,,CURVE ON HILLCREST,DRY,NO DEFECTS,ON SCENE,INJURY AND / OR TOW DUE TO CRASH,,,,"OVER $1,500",07/12/2025 04:09:00 PM,UNABLE TO DETERMINE,UNABLE TO DETERMINE,60,E,LA SALLE DR,1814,,,,,,,3,"REPORTED, NOT EVIDENT",1,0,0,0,1,2,0,15,7,7,41.9125485386,-87.6271626672,POINT (-87.627162667228 41.912548538618)
ca1cacd508239526c08762b0c370ec85682ee2528e4d7db1450a76e424dbbd4e425f735ac58f2f2f67576aff47328eff73f4ab277d1d7184ad27ccc2f4515496,,07/12/2025 03:40:00 PM,30,TRAFFIC SIGNAL,FUNCTIONING PROPERLY,CLEAR,DAYLIGHT,SIDESWIPE SAME DIRECTION,NOT DIVIDED,,STRAIGHT AND LEVEL,DRY,NO DEFECTS,NOT ON SCENE (DESK REPORT),NO INJURY / DRIVE AWAY,,,Y,"OVER $1,500",07/12/2025 04:25:00 PM,IMPROPER OVERTAKING/PASSING,DRIVING SKILLS/KNOWLEDGE/EXPERIENCE,366,N,CICERO AVE,1532,,,,,,,2,NO INDICATION OF INJURY,0,0,0,0,0,3,0,15,7,7,41.8871560073,-87.7456689591,POINT (-87.745668959077 41.887156007282)
6ef2e81a66989aaa73cd9efa12e2a133963c01fd59750189b75ba08a549ba0d10489f69d07869629b9f007ce869b1cc30a40d8f68d6e9fa178f09f1136e5a663,,07/12/2025 03:38:00 PM,30,NO CONTROLS,NO CONTROLS,CLEAR,DAYLIGHT,PEDALCYCLIST,NOT DIVIDED,,STRAIGHT AND LEVEL,DRY,NO DEFECTS,ON SCENE,INJURY AND / OR TOW DUE TO CRASH,,,,"OVER $1,500",07/12/2025 03:41:00 PM,DISREGARDING ROAD MARKINGS,NOT APPLICABLE,10,E,GRAND AVE,1834,,,Y,,,,3,NONINCAPACITATING INJURY,1,0,0,1,0,2,0,15,7,7,41.8917914631,-87.6276577412,POINT (-87.6276577412 41.891791463112)
ad4a1ff6c0166522e02db30f43c5e028ccfa87d54ecc00120de7f7266c59649d163411c3739f543c8ea5e9d067b55f1f2f2a39f6a6d1bbc2c8833001a36c2436,,07/12/2025 03:38:00 PM,30,NO CONTROLS,NO CONTROLS,CLEAR,DAYLIGHT,FIXED OBJECT,DRIVEWAY,,STRAIGHT AND LEVEL,DRY,NO DEFECTS,ON SCENE,NO INJURY / DRIVE AWAY,,Y,Y,"$501 - $1,500",07/14/2025 09:21:00 AM,EQUIPMENT - VEHICLE CONDITION,UNABLE TO DETERMINE,5679,S,ARCHER AVE,814,,,,,,,1,NO INDICATION OF INJURY,0,0,0,0,0,1,0,15,7,7,41.7970202479,-87.7531834953,POINT (-87.753183495265 41.797020247873)
1161e027d64ae1d30563ead715b674465d87c1d6156620ea34b16cba29be91d4b162104d298aad701cd157223fbc5a5479f8fcb86945fef4a7a40162cb83df50,,07/12/2025 03:37:00 PM,30,STOP SIGN/FLASHER,FUNCTIONING PROPERLY,CLEAR,DAYLIGHT,REAR END,NOT DIVIDED,,STRAIGHT AND LEVEL,DRY,NO DEFECTS,NOT ON SCENE (DESK REPORT),NO INJURY / DRIVE AWAY,,,,"OVER $1,500",07/12/2025 04:10:00 PM,FOLLOWING TOO CLOSELY,NOT APPLICABLE,1501,W,MORSE AVE,2431,,,,,,,2,NO INDICATION OF INJURY,0,0,0,0,0,3,0,15,7,7,42.0077625386,-87.6679673622,POINT (-87.66796736223 42.007762538598)
1bf4b05abff0ecc092b533a5956dbe28142a161cc2f4eef1d47969c609716269b2278ad078b7f636f909f1ac557308b1f69db6b7df086653d4f7eccfc33154a4,,07/12/2025 03:24:00 PM,30,NO CONTROLS,NO CONTROLS,CLEAR,DAYLIGHT,TURNING,NOT DIVIDED,,STRAIGHT AND LEVEL,DRY,UNKNOWN,NOT ON SCENE (DESK REPORT),NO INJURY / DRIVE AWAY,,,Y,"$501 - $1,500",07/12/2025 03:27:00 PM,IMPROPER TURNING/NO SIGNAL,IMPROPER TURNING/NO SIGNAL,2400,S,DAMEN AVE,1034,,,,,,,2,NO INDICATION OF INJURY,0,0,0,0,0,2,0,15,7,7,41.8484857241,-87.6758929506,POINT (-87.675892950649 41.848485724113)
2b6c7152cfe1ffd32ac8f2562da249f3fc74beee7466448a9711fc56c8565a02d331e4f337bafdef8421003962cdf3aaadaa7f111d8871b5d467e3b1445605b8,,07/12/2025 03:20:00 PM,30,NO CONTROLS,NO CONTROLS,CLEAR,DAYLIGHT,REAR END,DIVIDED - W/MEDIAN (NOT RAISED),,STRAIGHT AND LEVEL,DRY,NO DEFECTS,NOT ON SCENE (DESK REPORT),NO INJURY / DRIVE AWAY,Y,,,"$501 - $1,500",07/12/2025 03:55:00 PM,FAILING TO REDUCE SPEED TO AVOID CRASH,UNABLE TO DETERMINE,8700,S,MICHIGAN AVE,632,,,,,,,2,NO INDICATION OF INJURY,0,0,0,0,0,2,0,15,7,7,41.7363126574,-87.6211365181,POINT (-87.621136518122 41.736312657424)
f9d44f2c27733e83fdd6e44052acb5d87dd4932a7925694b7f1d26a9f23d78551ae0e413f6699d821560fc14e6c3b86fced3586d705fce28fde2a99b12de3095,,07/12/2025 03:20:00 PM,30,UNKNOWN,UNKNOWN,CLEAR,DAYLIGHT,ANGLE,FOUR WAY,,STRAIGHT AND LEVEL,DRY,NO DEFECTS,NOT ON SCENE (DESK REPORT),NO INJURY / DRIVE AWAY,,,,"OVER $1,500",07/12/2025 06:25:00 PM,NOT APPLICABLE,NOT APPLICABLE,4701,S,KOMENSKY AVE,815,,,,,,,2,NO INDICATION OF INJURY,0,0,0,0,0,3,0,15,7,7,41.8077642909,-87.7246581159,POINT (-87.724658115924 41.807764290875)
3fc459003fe566d2a6c18423fc374795e939739ba60c8f85fc4fde1860abf893d97af97c1eded827ba074eba52f550309113bea05b0fc3f96898738a3ca59a59,,07/12/2025 03:14:00 PM,30,TRAFFIC SIGNAL,FUNCTIONING PROPERLY,CLEAR,DAYLIGHT,TURNING,FOUR WAY,,STRAIGHT AND LEVEL,DRY,NO DEFECTS,ON SCENE,NO INJURY / DRIVE AWAY,Y,,,"OVER $1,500",07/12/2025 03:14:00 PM,UNABLE TO DETERMINE,UNABLE TO DETERMINE,2400,N,CENTRAL PARK AVE,2524,,,,,,,2,NO INDICATION OF INJURY,0,0,0,0,0,4,0,15,7,7,41.924692154,-87.7171429106,POINT (-87.717142910619 41.924692154013)
921d34c1533e13848e84d07766b30434dd75a765a9b4af55642b3e1e6653679438705a65a8d8811e2c47c5806bc050b6adfa9cb83149ec604630f563aeb94ca9,,07/12/2025 03:10:00 PM,20,NO CONTROLS,NO CONTROLS,CLEAR,DAYLIGHT,SIDESWIPE SAME DIRECTION,DIVIDED - W/MEDIAN (NOT RAISED),,STRAIGHT AND LEVEL,DRY,NO DEFECTS,ON SCENE,INJURY AND / OR TOW DUE TO CRASH,,,Y,$500 OR LESS,07/12/2025 03:16:00 PM,"OPERATING VEHICLE IN ERRATIC, RECKLESS, CARELESS, NEGLIGENT OR AGGRESSIVE MANNER",NOT APPLICABLE,5316,N,BOWMANVILLE AVE,2012,,,,,,,2,NONINCAPACITATING INJURY,1,0,0,1,0,1,0,15,7,7,41.9781125152,-87.687857379,POINT (-87.687857379035 41.978112515189)
987e31600c513aa1a1461d1f9c8e55ad038e2039336d8767556f59023d9e6591be01c7dd52b2d54be4a54bf6e4e175aa9c3c81003e3797e8b1145a2daa8f09ee,,07/12/2025 03:03:00 PM,20,NO CONTROLS,NO CONTROLS,CLEAR,DAYLIGHT,PARKED MOTOR VEHICLE,PARKING LOT,,STRAIGHT AND LEVEL,DRY,NO DEFECTS,NOT ON SCENE (DESK REPORT),NO INJURY / DRIVE AWAY,,,,"OVER $1,500",07/12/2025 06:45:00 PM,UNABLE TO DETERMINE,UNABLE TO DETERMINE,1633,W,MADISON ST,1224,,,,,,,2,NO INDICATION OF INJURY,0,0,0,0,0,1,0,15,7,7,41.8813290607,-87.6680499009,POINT (-87.668049900896 41.881329060652)
05cfb45bf3f24f6829767d16e81d1b94d07a887f96c5df56283e55ef6c28dfcca3adf4cebf941c0cb5c92631f41faa8217f31c460c8ff4682ac602bf6aec7cbf,,07/12/2025 03:00:00 PM,30,NO CONTROLS,NO CONTROLS,CLEAR,DAYLIGHT,PARKED MOTOR VEHICLE,NOT DIVIDED,,STRAIGHT AND LEVEL,DRY,UNKNOWN,NOT ON SCENE (DESK REPORT),NO INJURY / DRIVE AWAY,,,,"OVER $1,500",07/13/2025 01:50:00 PM,FOLLOWING TOO CLOSELY,FOLLOWING TOO CLOSELY,420,W,WEBSTER AVE,1812,,,,,,,2,NO INDICATION OF INJURY,0,0,0,0,0,1,0,15,7,7,41.9220589488,-87.6397819261,POINT (-87.639781926115 41.922058948848)
9f15b40279df741c0b8a95911c8d53520457dffc51379c00fc43b25ecf714d16b263be05929679888e2fbf171d88325a3116e6aa5181ae07e1b6a21c570441bc,,07/12/2025 03:00:00 PM,30,TRAFFIC SIGNAL,UNKNOWN,UNKNOWN,UNKNOWN,PEDALCYCLIST,FOUR WAY,,STRAIGHT AND LEVEL,UNKNOWN,UNKNOWN,NOT ON SCENE (DESK REPORT),INJURY AND / OR TOW DUE TO CRASH,Y,,Y,$500 OR LESS,07/12/2025 03:20:00 PM,IMPROPER LANE USAGE,NOT APPLICABLE,300,W,BELMONT AVE,1925,,,,,,,2,NONINCAPACITATING INJURY,1,0,0,1,0,1,0,15,7,7,41.9406874587,-87.6380921286,POINT (-87.638092128602 41.940687458655)
d009df433e6662ddef985a757e7be920f9ea481c3254943fa123533a680c466b7fd4d018fee3c5fd5a085efcaa62212ad825872461a6a6a29a3a68085fd0a605,,07/12/2025 03:00:00 PM,30,NO CONTROLS,NO CONTROLS,CLEAR,DUSK,SIDESWIPE SAME DIRECTION,NOT DIVIDED,,STRAIGHT AND LEVEL,DRY,NO DEFECTS,NOT ON SCENE (DESK REPORT),NO INJURY / DRIVE AWAY,,,,"$501 - $1,500",07/13/2025 04:11:00 AM,IMPROPER LANE USAGE,UNABLE TO DETERMINE,6205,S,MICHIGAN AVE,311,,,,,,,2,NO INDICATION OF INJURY,0,0,0,0,0,2,0,15,7,7,41.7817125464,-87.6218714107,POINT (-87.621871410693 41.781712546436)
3fdb11a68fd9d0257d0edf47113e0fe1dafddfa14ffcc555391cd1b7f74360e0c34a18f868e5e2d53355b3f6ed9030070e6fa63bd754e974d339b9a243a238aa,,07/12/2025 02:53:00 PM,30,NO CONTROLS,NO CONTROLS,CLEAR,DAYLIGHT,REAR END,NOT DIVIDED,,STRAIGHT AND LEVEL,DRY,NO DEFECTS,NOT ON SCENE (DESK REPORT),NO INJURY / DRIVE AWAY,,,Y,"OVER $1,500",07/12/2025 04:30:00 PM,NOT APPLICABLE,NOT APPLICABLE,200,E,ROOSEVELT RD,114,,,,,,,2,NO INDICATION OF INJURY,0,0,0,0,0,2,0,14,7,7,41.867594625,-87.6224974739,POINT (-87.622497473924 41.867594625045)
8804fae00d59084dc4fcb04d39fb3d47b0488e76b6b68286244b5acf834792ea29ddeb2cdbdb654493139bdc961a864aa4857f63da07e62a1dfcab50b227b182,,07/12/2025 02:50:00 PM,15,STOP SIGN/FLASHER,FUNCTIONING PROPERLY,CLEAR,DAYLIGHT,ANGLE,NOT DIVIDED,,STRAIGHT AND LEVEL,DRY,NO DEFECTS,NOT ON SCENE (DESK REPORT),NO INJURY / DRIVE AWAY,,,,"OVER $1,500",07/14/2025 03:00:00 PM,FAILING TO YIELD RIGHT-OF-WAY,NOT APPLICABLE,10000,W,OHARE ST,1651,,,,,,,2,NO INDICATION OF INJURY,0,0,0,0,0,2,0,14,7,7,41.976201139,-87.9053091251,POINT (-87.905309125103 41.976201139024)
42980e955510f3e1b8cb20a164a7b7fd3e662e4ca450c700fade8e6aa1d82dc991dad7987aaacb45f38fd2e44973de38d33641fd433a3af6035e47962075bd46,,07/12/2025 02:45:00 PM,30,NO CONTROLS,NO CONTROLS,CLEAR,DAYLIGHT,PARKED MOTOR VEHICLE,DIVIDED - W/MEDIAN (NOT RAISED),,STRAIGHT AND LEVEL,DRY,NO DEFECTS,ON SCENE,NO INJURY / DRIVE AWAY,,,Y,"OVER $1,500",07/12/2025 02:49:00 PM,IMPROPER LANE USAGE,FAILING TO REDUCE SPEED TO AVOID CRASH,3232,N,HARLEM AVE,1631,,,,,,,3,NO INDICATION OF INJURY,0,0,0,0,0,4,0,14,7,7,41.9389859689,-87.8069290648,POINT (-87.806929064795 41.93898596894)
af87b26628a14e95b886b17a599aae0cb4e741bf49632cdfc2744774e68b4b7686093daff3e9a96a311a5abd753cfe7115eddd55a5562e4d2988045707164113,,07/12/2025 02:40:00 PM,30,OTHER,NO CONTROLS,CLEAR,DAYLIGHT,PARKED MOTOR VEHICLE,OTHER,,STRAIGHT AND LEVEL,DRY,UNKNOWN,ON SCENE,INJURY AND / OR TOW DUE TO CRASH,,N,,"OVER $1,500",07/12/2025 02:45:00 PM,UNABLE TO DETERMINE,NOT APPLICABLE,6700,S,HALSTED ST,723,,,,,,,2,NO INDICATION OF INJURY,0,0,0,0,0,1,0,14,7,7,41.7723796165,-87.6447416419,POINT (-87.644741641913 41.772379616506)
6f63d48835ab5d528e8a982f710214db5389e144ecba8b2aa4e2ada5eea2d7320bf237f32cc8e22b0f3aa473015736c79d61f821990ac63883eae5e2933b56cc,,07/12/2025 02:30:00 PM,30,NO CONTROLS,NO CONTROLS,CLEAR,DAYLIGHT,REAR TO FRONT,DIVIDED - W/MEDIAN (NOT RAISED),,STRAIGHT AND LEVEL,DRY,NO DEFECTS,,NO INJURY / DRIVE AWAY,,,,"OVER $1,500",07/12/2025 07:11:00 PM,UNABLE TO DETERMINE,NOT APPLICABLE,3380,S,WELLS ST,915,,,,,,,2,NO INDICATION OF INJURY,0,0,0,0,0,4,0,14,7,7,41.8328301637,-87.6329044649,POINT (-87.632904464852 41.832830163704)
861e7ca410dc9e4f400549aaee8c037079d80718b8c64b950cbf732ca201614b3c902b003eb7b75e6b130c3ebf55092adb239f517494e19a81ae008000ca26c7,Y,07/12/2025 02:30:00 PM,30,NO CONTROLS,NO CONTROLS,CLEAR,DAYLIGHT,SIDESWIPE SAME DIRECTION,NOT DIVIDED,,STRAIGHT AND LEVEL,DRY,UNKNOWN,NOT ON SCENE (DESK REPORT),NO INJURY / DRIVE AWAY,,,,"OVER $1,500",07/12/2025 03:00:00 PM,FAILING TO YIELD RIGHT-OF-WAY,NOT APPLICABLE,800,W,DIVERSEY PKWY,1933,,,,,,,2,NO INDICATION OF INJURY,0,0,0,0,0,2,0,14,7,7,41.9328283084,-87.6490767533,POINT (-87.649076753345 41.932828308369)
28778165161b4615c332b8233d79e01bb5de0ceb9f5fe6898599222e074aeb20731cbbbc2629ff10be19bca0ae5da8b7fe26fa4682e1de30d349202296e16fa4,,07/12/2025 02:28:00 PM,30,UNKNOWN,UNKNOWN,CLEAR,DAYLIGHT,PARKED MOTOR VEHICLE,NOT DIVIDED,,STRAIGHT AND LEVEL,UNKNOWN,UNKNOWN,NOT ON SCENE (DESK REPORT),NO INJURY / DRIVE AWAY,,,,"OVER $1,500",07/12/2025 03:15:00 PM,UNABLE TO DETERMINE,UNABLE TO DETERMINE,5638,W,ROOSEVELT RD,1513,,,,,,,2,NO INDICATION OF INJURY,0,0,0,0,0,1,0,14,7,7,41.8656825497,-87.7659634565,POINT (-87.765963456546 41.865682549712)
26810f679ca9cf285b10788bd89764e0e4c4259706159b26494c587e34e4300e4e0d0154f98c12b09964c7e08a4e0be90050a903015a9b8112bbabe6bfb22db1,,07/12/2025 02:27:00 PM,30,NO CONTROLS,NO CONTROLS,CLEAR,DAYLIGHT,PARKED MOTOR VEHICLE,NOT DIVIDED,,STRAIGHT AND LEVEL,DRY,NO DEFECTS,NOT ON SCENE (DESK REPORT),NO INJURY / DRIVE AWAY,,,Y,"OVER $1,500",07/12/2025 07:15:00 PM,UNABLE TO DETERMINE,UNABLE TO DETERMINE,7037,W,SCHOOL ST,1632,,,,,,,3,NO INDICATION OF INJURY,0,0,0,0,0,1,0,14,7,7,41.939765637,-87.8027752407,POINT (-87.802775240725 41.939765637013)
2f234558cb46e6a79635d2d2d338b1f990e21069dc0153e8532414d21fa097acc6b652e8b71abf1e15def99b4c58d9587523ade9d4a355887e40aa961005bf79,,07/12/2025 02:26:00 PM,30,NO CONTROLS,NO CONTROLS,CLEAR,DAYLIGHT,PARKED MOTOR VEHICLE,NOT DIVIDED,,STRAIGHT AND LEVEL,DRY,NO DEFECTS,ON SCENE,NO INJURY / DRIVE AWAY,,,Y,"OVER $1,500",07/12/2025 02:56:00 PM,UNABLE TO DETERMINE,NOT APPLICABLE,8554,S,COMMERCIAL AVE,423,,,,,,,2,NO INDICATION OF INJURY,0,0,0,0,0,1,0,14,7,7,41.7394020169,-87.5516158277,POINT (-87.551615827744 41.739402016907)
f1135dfed3cd1ac1c207c49228ca7ad29f59dbd62e2e106e8dea64358ce76fbfa0036550c4bd1104cf5a550e6dc7a17f09759f8d20a1dad45fa8fc6458ff0da7,,07/12/2025 02:24:00 PM,30,UNKNOWN,NO CONTROLS,CLEAR,UNKNOWN,PARKED MOTOR VEHICLE,OTHER,,STRAIGHT AND LEVEL,UNKNOWN,UNKNOWN,NOT ON SCENE (DESK REPORT),NO INJURY / DRIVE AWAY,,,,"OVER $1,500",07/12/2025 04:45:00 PM,NOT APPLICABLE,NOT APPLICABLE,180,N,ADA ST,1224,,,,,,,2,NO INDICATION OF INJURY,0,0,0,0,0,1,0,14,7,7,41.8852708264,-87.660909998,POINT (-87.66090999804 41.885270826398)