CRASH_RECORD_ID,CRASH_DATE_EST_I,CRASH_DATE,POSTED_SPEED_LIMIT,TRAFFIC_CONTROL_DEVICE,DEVICE_CONDITION,WEATHER_CONDITION,LIGHTING_CONDITION,FIRST_CRASH_TYPE,TRAFFICWAY_TYPE,LANE_CNT,ALIGNMENT,ROADWAY_SURFACE_COND,ROAD_DEFECT,REPORT_TYPE,CRASH_TYPE,INTERSECTION_RELATED_I,NOT_RIGHT_OF_WAY_I,HIT_AND_RUN_I,DAMAGE,DATE_POLICE_NOTIFIED,PRIM_CONTRIBUTORY_CAUSE,SEC_CONTRIBUTORY_CAUSE,STREET_NO,STREET_DIRECTION,STREET_NAME,BEAT_OF_OCCURRENCE,PHOTOS_TAKEN_I,STATEMENTS_TAKEN_I,DOORING_I,WORK_ZONE_I,WORK_ZONE_TYPE,WORKERS_PRESENT_I,NUM_UNITS,MOST_SEVERE_INJURY,INJURIES_TOTAL,INJURIES_FATAL,INJURIES_INCAPACITATING,INJURIES_NON_INCAPACITATING,INJURIES_REPORTED_NOT_EVIDENT,INJURIES_NO_INDICATION,INJURIES_UNKNOWN,CRASH_HOUR,CRASH_DAY_OF_WEEK,CRASH_MONTH,LATITUDE,LONGITUDE,LOCATION
a677b5f6f17edbe31d755f0036ad53ee2d751ffc80c6ec1a1acbd6a6b746ffe3c80af2fb2f322cfc7a3bba9f44a3a5a664fa66c5bc179c54170ab1a5ed9aa313,,07/12/2025 02:20:00 PM,30,NO CONTROLS,NO CONTROLS,CLEAR,DAYLIGHT,PARKED MOTOR VEHICLE,DIVIDED - W/MEDIAN (NOT RAISED),,STRAIGHT AND LEVEL,DRY,UNKNOWN,ON SCENE,INJURY AND / OR TOW DUE TO CRASH,,,Y,"OVER $1,500",07/12/2025 02:50:00 PM,UNABLE TO DETERMINE,UNABLE TO DETERMINE,2915,W,51ST ST,923,,,,,,,2,NO INDICATION OF INJURY,0,0,0,0,0,1,0,14,7,7,41.8008253549,-87.6971405915,POINT (-87.697140591457 41.800825354895)
00e4a2a01bdfcdeed8c9791f19b7683105a66ce5a9dadc48fca7faea80f9eeadcf8acdbc2818a05318d5b3ec60219b4115bd8f4dc50a615b7e256c21a6d42b51,,07/12/2025 02:15:00 PM,30,NO CONTROLS,NO CONTROLS,CLEAR,DAYLIGHT,REAR END,NOT DIVIDED,,STRAIGHT AND LEVEL,DRY,NO DEFECTS,ON SCENE,INJURY AND / OR TOW DUE TO CRASH,,,,"OVER $1,500",07/12/2025 04:00:00 PM,UNABLE TO DETERMINE,NOT APPLICABLE,2126,W,NORTH AVE,1434,,,,,,,3,"REPORTED, NOT EVIDENT",2,0,0,0,2,2,0,14,7,7,41.9105278063,-87.6810603905,POINT (-87.681060390455 41.910527806262)
c478d0cec54df3866e1450c6c5c8b03b98884cf4972bb9d9493cb820e54c8107a8f1b524a4a9775db48562989850d169700815a1ea792ba753848a60ccb61e1e,,07/12/2025 02:15:00 PM,30,TRAFFIC SIGNAL,FUNCTIONING PROPERLY,CLEAR,DAYLIGHT,REAR END,DIVIDED - W/MEDIAN BARRIER,,STRAIGHT AND LEVEL,DRY,NO DEFECTS,NOT ON SCENE (DESK REPORT),NO INJURY / DRIVE AWAY,,,,"OVER $1,500",07/12/2025 03:04:00 PM,FOLLOWING TOO CLOSELY,NOT APPLICABLE,3601,W,OGDEN AVE,1014,,,,,,,2,NO INDICATION OF INJURY,0,0,0,0,0,2,0,14,7,7,41.8543052053,-87.7150739497,POINT (-87.715073949662 41.854305205332)
c123e3654ec66eed60d0096cac847a2d97fc04263f75bf1f18491a6dab547155e5ab5046c1ede650b09dfbbd7a6c2920dfb27b71f1fcbe805c7a4d677586977f,,07/12/2025 02:10:00 PM,30,UNKNOWN,UNKNOWN,UNKNOWN,DAYLIGHT,SIDESWIPE SAME DIRECTION,NOT DIVIDED,,STRAIGHT AND LEVEL,UNKNOWN,UNKNOWN,NOT ON SCENE (DESK REPORT),NO INJURY / DRIVE AWAY,,,,"OVER $1,500",07/12/2025 02:45:00 PM,UNABLE TO DETERMINE,NOT APPLICABLE,732,W,SHERIDAN RD,1925,,,,,,,2,NO INDICATION OF INJURY,0,0,0,0,0,2,0,14,7,7,41.9528745945,-87.6492612659,POINT (-87.649261265932 41.952874594533)
296d5c36816861420ddd8303fbbcef82f01a09354acc8595a91722ef9b560bc77a0d04365e8071518c8c59512b5323a0e1086c6cf07a4a42dcbbe85b9576187e,,07/12/2025 02:08:00 PM,30,STOP SIGN/FLASHER,UNKNOWN,CLEAR,DAYLIGHT,ANGLE,FOUR WAY,,STRAIGHT AND LEVEL,DRY,UNKNOWN,ON SCENE,INJURY AND / OR TOW DUE TO CRASH,Y,,,"OVER $1,500",07/12/2025 02:41:00 PM,UNABLE TO DETERMINE,NOT APPLICABLE,3624,W,MONTROSE AVE,1723,,,,,,,2,"REPORTED, NOT EVIDENT",1,0,0,0,1,2,0,14,7,7,41.9611668036,-87.7190424743,POINT (-87.71904247434 41.961166803622)
2c7839690d181e2960a1dff7710f5b2fedd9679bda5fdfeb81a5826adf5f422c5182b35f937063af109eaf7ff65b667515902cc87f8f187f0662292a5ce75206,,07/12/2025 02:00:00 PM,30,NO CONTROLS,NO CONTROLS,CLEAR,DAYLIGHT,PARKED MOTOR VEHICLE,NOT DIVIDED,,STRAIGHT AND LEVEL,DRY,UNKNOWN,ON SCENE,NO INJURY / DRIVE AWAY,,,Y,$500 OR LESS,07/13/2025 10:55:00 AM,UNABLE TO DETERMINE,NOT APPLICABLE,2647,W,PERSHING RD,921,,,,,,,2,NO INDICATION OF INJURY,0,0,0,0,0,1,0,14,7,7,41.8227404557,-87.6913252955,POINT (-87.691325295512 41.822740455721)
45780c804e00213d0ee2f9dd57cc9e1dfca96dbb182398e7a967b0cb38600fc77d2f56dd7e5229b0fc939f8ec67fd49c4b23f04ba9533b5187a34a29d3432e19,,07/12/2025 02:00:00 PM,30,NO CONTROLS,NO CONTROLS,CLEAR,DAYLIGHT,TURNING,T-INTERSECTION,,STRAIGHT AND LEVEL,DRY,NO DEFECTS,NOT ON SCENE (DESK REPORT),INJURY AND / OR TOW DUE TO CRASH,,,,"OVER $1,500",07/12/2025 03:28:00 PM,UNABLE TO DETERMINE,NOT APPLICABLE,2800,W,22ND PL,1033,,,,,,,2,"REPORTED, NOT EVIDENT",1,0,0,0,1,4,0,14,7,7,41.8510920713,-87.6955857607,POINT (-87.695585760718 41.851092071336)
635e6ca35bd4bddfb8616e6d28359778aecb16a1f611dd85ac47b68ba17185b84e85fd37a87bdb1665df17bb61b5d6ecb9648b4d080af361d909ed79ea93e2c8,,07/12/2025 02:00:00 PM,30,STOP SIGN/FLASHER,FUNCTIONING PROPERLY,CLEAR,DAYLIGHT,PEDESTRIAN,NOT DIVIDED,,STRAIGHT AND LEVEL,DRY,NO DEFECTS,ON SCENE,INJURY AND / OR TOW DUE TO CRASH,,,,$500 OR LESS,07/12/2025 02:19:00 PM,UNABLE TO DETERMINE,UNABLE TO DETERMINE,2625,W,39TH PL,921,,,,,,,2,NONINCAPACITATING INJURY,1,0,0,1,0,1,0,14,7,7,41.8218470596,-87.6907797579,POINT (-87.6907797579 41.821847059568)
804c4ed55dab9c48fd308d7b912db93eb7a2377c61923b5299196e9ed4fbf8f26d56e33bf0b0e4c7896c86908f4011fe82f22b0efa5b8a92a1c3b7b52b47ed2b,,07/12/2025 02:00:00 PM,30,UNKNOWN,UNKNOWN,UNKNOWN,UNKNOWN,TURNING,DIVIDED - W/MEDIAN BARRIER,,STRAIGHT AND LEVEL,UNKNOWN,UNKNOWN,NOT ON SCENE (DESK REPORT),NO INJURY / DRIVE AWAY,,,,$500 OR LESS,07/12/2025 05:30:00 PM,DRIVING SKILLS/KNOWLEDGE/EXPERIENCE,UNABLE TO DETERMINE,1,N,WABASH AVE,112,,,,,,,2,NO INDICATION OF INJURY,0,0,0,0,0,3,0,14,7,7,41.8821394309,-87.6260696095,POINT (-87.626069609545 41.882139430911)
43bb8427ffa90e8012db40b975376557345fc75c8c65cafb044bb79b6d4560076bdf16819c9b67140174081b77af01a41fb9da823e58179d40992891fca083e5,,07/12/2025 01:56:00 PM,30,NO CONTROLS,NO CONTROLS,CLEAR,DAYLIGHT,TURNING,FOUR WAY,,STRAIGHT AND LEVEL,DRY,NO DEFECTS,ON SCENE,NO INJURY / DRIVE AWAY,,,Y,"OVER $1,500",07/12/2025 02:40:00 PM,UNABLE TO DETERMINE,UNABLE TO DETERMINE,4300,W,LAKE ST,1114,,,,,,,2,NO INDICATION OF INJURY,0,0,0,0,0,3,0,13,7,7,41.8860005243,-87.7332970779,POINT (-87.733297077936 41.886000524343)
de67043bb3d4e88c65dbe120ce9a528c1f1e0cf5a59406fabb2d141c1d3915a831e6c1ce82e64b35e64427d7f222423fba6535438a398bcf57a3be4bd0703739,,07/12/2025 01:56:00 PM,30,NO CONTROLS,NO CONTROLS,CLEAR,DAYLIGHT,PARKED MOTOR VEHICLE,PARKING LOT,,STRAIGHT AND LEVEL,DRY,UNKNOWN,NOT ON SCENE (DESK REPORT),NO INJURY / DRIVE AWAY,,,,"OVER $1,500",07/13/2025 07:00:00 PM,UNABLE TO DETERMINE,NOT APPLICABLE,4740,N,CUMBERLAND AVE,1614,,,,,,,2,NO INDICATION OF INJURY,0,0,0,0,0,1,0,13,7,7,41.9662043645,-87.8368305047,POINT (-87.836830504737 41.966204364538)
e34236c99429e7bba58d9e31e48dc4b6852c5b8e3fbaecb06846cc7c7fe746f3020e1c6f836967977889a6e24e41e768d03c613242778124cce3f048a555ff4f,,07/12/2025 01:50:00 PM,30,NO CONTROLS,NO CONTROLS,CLEAR,DAYLIGHT,TURNING,DIVIDED - W/MEDIAN (NOT RAISED),,STRAIGHT AND LEVEL,DRY,NO DEFECTS,NOT ON SCENE (DESK REPORT),NO INJURY / DRIVE AWAY,,,,"OVER $1,500",07/12/2025 03:00:00 PM,FAILING TO YIELD RIGHT-OF-WAY,NOT APPLICABLE,5448,S,PULASKI RD,815,,,,,,,2,NO INDICATION OF INJURY,0,0,0,0,0,8,0,13,7,7,41.7935814777,-87.7233164495,POINT (-87.723316449473 41.793581477747)
fab0c752ed44f4c23c9bd9cc0457d38cf68978406f2b62923cd936b961d1791e1e8a54385c8245267a5ac2ea442c91fa823423c938484a4b6697d5a188085f92,,07/12/2025 01:49:00 PM,30,TRAFFIC SIGNAL,FUNCTIONING PROPERLY,CLEAR,DAYLIGHT,REAR END,DIVIDED - W/MEDIAN (NOT RAISED),,STRAIGHT AND LEVEL,DRY,NO DEFECTS,NOT ON SCENE (DESK REPORT),NO INJURY / DRIVE AWAY,,,Y,"$501 - $1,500",07/12/2025 02:17:00 PM,UNABLE TO DETERMINE,NOT APPLICABLE,4959,S,ARCHER AVE,821,,,,,,,2,NO INDICATION OF INJURY,0,0,0,0,0,3,0,13,7,7,41.8030461464,-87.7220067336,POINT (-87.722006733579 41.803046146366)
1a97780538099de0d4ee65a596d208b2c245e847c7859ae12ba3e015b21d17d83c6feade64489b6ef6d3f578cd9faeee52636e44df2b387c4dca155f45eb15fd,,07/12/2025 01:45:00 PM,30,NO CONTROLS,NO CONTROLS,CLEAR,DAYLIGHT,PARKED MOTOR VEHICLE,ONE-WAY,,STRAIGHT AND LEVEL,DRY,NO DEFECTS,NOT ON SCENE (DESK REPORT),NO INJURY / DRIVE AWAY,,,,"$501 - $1,500",07/12/2025 03:00:00 PM,UNABLE TO DETERMINE,UNABLE TO DETERMINE,7612,S,HERMITAGE AVE,611,,,,,,,2,NO INDICATION OF INJURY,0,0,0,0,0,1,0,13,7,7,41.7553374998,-87.6673531566,POINT (-87.667353156622 41.755337499806)
2275ff158c400d265568f47b4fae95f33c6203e4a442842cd257abecd7518ee965f335c29846b4930fd4d8f518349eb5666e2b027528144889d7c18b109c6c8c,,07/12/2025 01:40:00 PM,30,NO CONTROLS,NO CONTROLS,CLEAR,DAYLIGHT,ANGLE,NOT DIVIDED,,STRAIGHT AND LEVEL,DRY,NO DEFECTS,NOT ON SCENE (DESK REPORT),NO INJURY / DRIVE AWAY,,,,"OVER $1,500",07/12/2025 02:22:00 PM,FAILING TO YIELD RIGHT-OF-WAY,FAILING TO YIELD RIGHT-OF-WAY,4758,S,PULASKI RD,815,,,,,,,2,NO INDICATION OF INJURY,0,0,0,0,0,2,0,13,7,7,41.8061282246,-87.7236790923,POINT (-87.723679092308 41.806128224588)
afed2d7a9d23748bf1b2bad1e3c3665fb1dfec6d2af18f808853f6dd522fb36008b822e96d6c3bc8be4b57b0f56acf8546a1273b56252bb89d5e9aeba9888353,Y,07/12/2025 01:40:00 PM,30,NO CONTROLS,NO CONTROLS,CLEAR,DAYLIGHT,TURNING,NOT DIVIDED,,STRAIGHT AND LEVEL,DRY,NO DEFECTS,ON SCENE,NO INJURY / DRIVE AWAY,,,Y,"OVER $1,500",07/12/2025 02:36:00 PM,IMPROPER OVERTAKING/PASSING,IMPROPER TURNING/NO SIGNAL,813,W,MARQUETTE RD,723,,,,,,,2,NO INDICATION OF INJURY,0,0,0,0,0,4,0,13,7,7,41.7723530543,-87.6451606605,POINT (-87.64516066054 41.772353054345)
2e63b44a0512073f8babe20b0710d6d2b76a3cafb92a7e892b12e61b49121160c9c4626d57e8f42694d6721522b1b5aa14ac5a308bbf09db3ed1db22bc444ee4,,07/12/2025 01:34:00 PM,30,NO CONTROLS,NO CONTROLS,CLEAR,DAYLIGHT,SIDESWIPE SAME DIRECTION,NOT DIVIDED,,STRAIGHT AND LEVEL,DRY,UNKNOWN,NOT ON SCENE (DESK REPORT),NO INJURY / DRIVE AWAY,,,Y,"OVER $1,500",07/12/2025 02:20:00 PM,IMPROPER OVERTAKING/PASSING,NOT APPLICABLE,6921,N,SHERIDAN RD,2431,,,,,,,2,NO INDICATION OF INJURY,0,0,0,0,0,3,0,13,7,7,42.0074595842,-87.6613704027,POINT (-87.661370402724 42.007459584172)
afd0b03cf01c3ccc293d31d1acdb42ee86b7559ad1a8971d5b61afcc25a6b9e0dce1dd31949c5be3c4213e4fc2e923f7e31106cb79c74162185cc02387228832,,07/12/2025 01:30:00 PM,30,TRAFFIC SIGNAL,FUNCTIONING PROPERLY,CLEAR,DAYLIGHT,SIDESWIPE SAME DIRECTION,DIVIDED - W/MEDIAN BARRIER,,STRAIGHT AND LEVEL,DRY,NO DEFECTS,ON SCENE,NO INJURY / DRIVE AWAY,,,,$500 OR LESS,07/12/2025 01:30:00 PM,IMPROPER OVERTAKING/PASSING,UNABLE TO DETERMINE,3700,S,ASHLAND AVE,912,,,,,,,2,NO INDICATION OF INJURY,0,0,0,0,0,2,0,13,7,7,41.8268211493,-87.6656278816,POINT (-87.665627881585 41.826821149303)
4840a54b66869c9ba556d31fceea1a078cfc33cde133660695a1ef340619174168e2ef112ff16492d5d96d4291470c739b41ce7e4958e600aa517a0a805b1eed,,07/12/2025 01:26:00 PM,30,STOP SIGN/FLASHER,FUNCTIONING PROPERLY,CLEAR,DAYLIGHT,PEDALCYCLIST,NOT DIVIDED,,STRAIGHT AND LEVEL,DRY,NO DEFECTS,ON SCENE,INJURY AND / OR TOW DUE TO CRASH,Y,,,$500 OR LESS,07/12/2025 01:26:00 PM,UNABLE TO DETERMINE,NOT APPLICABLE,2713,N,OAK PARK AVE,2512,,,,,,,2,NONINCAPACITATING INJURY,2,0,0,1,1,2,0,13,7,7,41.9294946588,-87.79527684,POINT (-87.795276839987 41.929494658829)
fea0df619ba8c64493eeab0d55b12833ca1d851750f6bf2ec31fe4df8b51999c4c3c2316a5d3d6dfee4c8fd4cee4cbf3f24fbc7cdc199ee37714cf422b880ee1,,07/12/2025 01:25:00 PM,30,TRAFFIC SIGNAL,FUNCTIONING PROPERLY,CLEAR,DAYLIGHT,OTHER OBJECT,FOUR WAY,,STRAIGHT AND LEVEL,DRY,NO DEFECTS,ON SCENE,NO INJURY / DRIVE AWAY,,,Y,"OVER $1,500",07/12/2025 01:30:00 PM,UNABLE TO DETERMINE,NOT APPLICABLE,2300,W,LAWRENCE AVE,2031,,,,,,,2,NO INDICATION OF INJURY,0,0,0,0,0,2,0,13,7,7,41.9687559959,-87.6865373744,POINT (-87.686537374419 41.96875599592)
75caa3b70400fa0d937da4ed404c4835b30bfdcdd47774da5b29c1ad54bc25bdfbf0cc4668f0debe3d1ff61362f185e55782387a7ce942e4422db6508c760cc4,,07/12/2025 01:18:00 PM,25,NO CONTROLS,NO CONTROLS,CLEAR,DAYLIGHT,TURNING,TRAFFIC ROUTE,,STRAIGHT AND LEVEL,DRY,NO DEFECTS,NOT ON SCENE (DESK REPORT),NO INJURY / DRIVE AWAY,,,,"OVER $1,500",07/12/2025 01:30:00 PM,IMPROPER TURNING/NO SIGNAL,DRIVING SKILLS/KNOWLEDGE/EXPERIENCE,9000,S,STONY ISLAND AVE,413,,,,,,,2,NO INDICATION OF INJURY,0,0,0,0,0,3,0,13,7,7,41.7313542099,-87.5856751268,POINT (-87.585675126771 41.731354209915)
0b336984b910c72c817b0a4112252ddd549f17e45986fe11feac97cde17130906d9ee87fa5a9fc8df37cfcb8e2dfe79dcad11cad3460cbb591ac288033c58641,,07/12/2025 01:05:00 PM,30,STOP SIGN/FLASHER,FUNCTIONING PROPERLY,CLEAR,DAYLIGHT,SIDESWIPE OPPOSITE DIRECTION,NOT REPORTED,,STRAIGHT AND LEVEL,DRY,NO DEFECTS,ON SCENE,INJURY AND / OR TOW DUE TO CRASH,Y,,,"OVER $1,500",07/12/2025 01:08:00 PM,FAILING TO YIELD RIGHT-OF-WAY,FAILING TO REDUCE SPEED TO AVOID CRASH,4077,N,ELSTON AVE,1723,,,,,,,3,NONINCAPACITATING INJURY,3,0,0,3,0,9,0,13,7,7,41.9552878859,-87.7212583035,POINT (-87.721258303474 41.955287885889)
58d63b55cb9bbdf62c886615ebae086cfe346c9f2e583ac280eca348ae5ae0b483894ab0807c9d341a494e733ddade2816f123866c3638e6b11f54fbb5c92c37,,07/12/2025 01:05:00 PM,30,NO CONTROLS,NO CONTROLS,CLEAR,DAYLIGHT,SIDESWIPE SAME DIRECTION,ONE-WAY,,STRAIGHT AND LEVEL,DRY,NO DEFECTS,ON SCENE,NO INJURY / DRIVE AWAY,,,,"OVER $1,500",07/12/2025 02:02:00 PM,UNABLE TO DETERMINE,UNABLE TO DETERMINE,3535,S,HOYNE AVE,912,,,,,,,2,NO INDICATION OF INJURY,0,0,0,0,0,2,0,13,7,7,41.8293104849,-87.6775459936,POINT (-87.677545993595 41.829310484916)
76f5c4b0a5bb2d4e898a09aea4f108f239cfc14e9ce0df25dd54baf90f0ec945ddcebedf56fcd6caeac95fc4028dfb72711a0de9e7217301ea2cb596735eb824,,07/12/2025 01:00:00 PM,30,NO CONTROLS,NO CONTROLS,CLEAR,DAYLIGHT,REAR END,NOT DIVIDED,,STRAIGHT AND LEVEL,DRY,NO DEFECTS,ON SCENE,NO INJURY / DRIVE AWAY,,,,"OVER $1,500",07/19/2025 01:10:00 PM,FOLLOWING TOO CLOSELY,UNABLE TO DETERMINE,3234,W,DIVERSEY AVE,1412,,,,,,,2,NO INDICATION OF INJURY,0,0,0,0,0,3,0,13,7,7,41.9321265564,-87.7088649331,POINT (-87.708864933126 41.932126556366)
aa5208382112ab40a7223fee04da0612e8b2cc76f1da57af71a4f0fe7570c4a08fb4666c527713988743bc24a430400b8a452709aacbb7d36300acc553687612,,07/12/2025 01:00:00 PM,30,TRAFFIC SIGNAL,FUNCTIONING PROPERLY,CLEAR,DAYLIGHT,SIDESWIPE SAME DIRECTION,NOT DIVIDED,,STRAIGHT AND LEVEL,DRY,NO DEFECTS,ON SCENE,INJURY AND / OR TOW DUE TO CRASH,,,Y,"OVER $1,500",07/13/2025 12:05:00 PM,UNABLE TO DETERMINE,NOT APPLICABLE,4000,W,63RD ST,813,,,,,,,2,"REPORTED, NOT EVIDENT",1,0,0,0,1,1,0,13,7,7,41.7787673901,-87.7228231953,POINT (-87.722823195304 41.778767390084)
b2080a9105e55b67deddd1cfd0fc290c2e53c99ce4176a5733b1bbc9c7d9661ae0c3a4b46dfb10fb7403eb4ba25a83c95bd040bec699969a374bfe8d7fd7dd88,,07/12/2025 01:00:00 PM,30,NO CONTROLS,NO CONTROLS,CLEAR,DAYLIGHT,REAR END,DIVIDED - W/MEDIAN (NOT RAISED),,STRAIGHT AND LEVEL,DRY,NO DEFECTS,NOT ON SCENE (DESK REPORT),NO INJURY / DRIVE AWAY,,,,"OVER $1,500",07/12/2025 01:08:00 PM,DISTRACTION - FROM OUTSIDE VEHICLE,FOLLOWING TOO CLOSELY,951,N,PULASKI RD,1112,,,,,,,2,NO INDICATION OF INJURY,0,0,0,0,0,2,0,13,7,7,41.8987058718,-87.7260379417,POINT (-87.726037941745 41.898705871793)
bf48f4bd55cd02cf4bb3ac554bb83de7ea756cedc36367dfe44c728c9e1447ac4780b9c021fcbfffb3a9acf52cc15be3539f8f378a25b06fc9e02ad47b698bb3,,07/12/2025 01:00:00 PM,30,NO CONTROLS,NO CONTROLS,CLEAR,DAYLIGHT,TURNING,PARKING LOT,,STRAIGHT AND LEVEL,DRY,NO DEFECTS,NOT ON SCENE (DESK REPORT),NO INJURY / DRIVE AWAY,,,Y,"OVER $1,500",07/12/2025 02:15:00 PM,UNABLE TO DETERMINE,NOT APPLICABLE,3109,W,26TH ST,1033,,,,,,,2,NO INDICATION OF INJURY,0,0,0,0,0,3,0,13,7,7,41.8444313241,-87.7029827538,POINT (-87.702982753769 41.844431324084)
8411344a4ec1597d262b1f4f42929a06118736a24dcb5ae1616040a05b7d7e73cec5e4e3f5a6eef7d1a9b0e9b116c209545be41365ffa4f69ac1c4b241e472df,,07/12/2025 12:54:00 PM,25,NO CONTROLS,NO CONTROLS,CLEAR,DAYLIGHT,TURNING,FOUR WAY,,STRAIGHT AND LEVEL,DRY,NO DEFECTS,ON SCENE,INJURY AND / OR TOW DUE TO CRASH,Y,,,"OVER $1,500",07/12/2025 01:03:00 PM,IMPROPER TURNING/NO SIGNAL,NOT APPLICABLE,10700,S,SPRINGFIELD AVE,2211,,,,,,,2,NO INDICATION OF INJURY,0,0,0,0,0,3,0,12,7,7,41.6985596814,-87.7183159393,POINT (-87.718315939302 41.698559681386)
989f8a8d2bf7f3213528f0929d43b45157929bf1d91201c1cfd6b1448a909fd81a06680f9c2a84b6f3762b618e070c99624f4f8e9cb92f7cec35694a2b3e0c1a,,07/12/2025 12:50:00 PM,30,NO CONTROLS,NO CONTROLS,CLEAR,DAYLIGHT,PARKED MOTOR VEHICLE,PARKING LOT,,STRAIGHT AND LEVEL,DRY,NO DEFECTS,NOT ON SCENE (DESK REPORT),NO INJURY / DRIVE AWAY,,,,"OVER $1,500",07/12/2025 04:00:00 PM,IMPROPER BACKING,NOT APPLICABLE,1449,E,57TH ST,235,,,,,,,2,NO INDICATION OF INJURY,0,0,0,0,0,1,0,12,7,7,41.7914047351,-87.5897778351,POINT (-87.589777835106 41.791404735053)
63b2091009a91b368c35b5647a5ca6185d4a833182e37f1434aa4e5c7399b78ace9732a83d5988dc0c7544d124f1f10fefc6077f6c90c169051b03222a1db0d2,,07/12/2025 12:45:00 PM,30,NO CONTROLS,NO CONTROLS,CLEAR,DAYLIGHT,TURNING,NOT DIVIDED,,STRAIGHT AND LEVEL,DRY,NO DEFECTS,ON SCENE,INJURY AND / OR TOW DUE TO CRASH,,,,"OVER $1,500",07/12/2025 03:21:00 PM,IMPROPER TURNING/NO SIGNAL,NOT APPLICABLE,4012,W,ADDISON ST,1732,,,,,,,2,NO INDICATION OF INJURY,0,0,0,0,0,3,0,12,7,7,41.9464761736,-87.7279432909,POINT (-87.727943290937 41.946476173567)
5d9877c9b72b52f20693abe2c41cbd07cd8aff70e95aca46a810c7b64bbe4401355e2fb188bdd3c7fa1cbef200ec64d1e245aabbd9a02b987c4a33353ae0484e,,07/12/2025 12:42:00 PM,30,NO CONTROLS,NO CONTROLS,CLEAR,DAYLIGHT,PARKED MOTOR VEHICLE,ONE-WAY,,STRAIGHT AND LEVEL,DRY,NO DEFECTS,ON SCENE,INJURY AND / OR TOW DUE TO CRASH,,,Y,"OVER $1,500",07/12/2025 12:43:00 PM,"OPERATING VEHICLE IN ERRATIC, RECKLESS, CARELESS, NEGLIGENT OR AGGRESSIVE MANNER",UNABLE TO DETERMINE,602,N,SPAULDING AVE,1121,,,,,,,2,NO INDICATION OF INJURY,0,0,0,0,0,2,0,12,7,7,41.8920166598,-87.7090365412,POINT (-87.709036541184 41.892016659772)
89ff0e81527e7fe12aba60114249d7ced6b3d58ff93816e426e332af29454afb46249bd3d7dfe24d0f3857b664565a1f4d2cbbe9a78943757401bcd556abd8c3,,07/12/2025 12:40:00 PM,30,TRAFFIC SIGNAL,FUNCTIONING PROPERLY,CLEAR,DAYLIGHT,REAR END,DIVIDED - W/MEDIAN (NOT RAISED),,STRAIGHT AND LEVEL,DRY,NO DEFECTS,NOT ON SCENE (DESK REPORT),NO INJURY / DRIVE AWAY,,,,"$501 - $1,500",07/12/2025 01:40:00 PM,UNABLE TO DETERMINE,NOT APPLICABLE,5501,S,HARLEM AVE,811,,,,,,,2,NO INDICATION OF INJURY,0,0,0,0,0,2,0,12,7,7,41.7918520654,-87.8013777989,POINT (-87.801377798929 41.79185206544)
c199847ea6bd0c2c2c2a860a5558215387c8f20f91a46343fdce139365e9734d71084a2be54892e9b582c7f29ee730761d0269d6f066e9cf9c8820e1e023b7bb,,07/12/2025 12:40:00 PM,20,NO CONTROLS,NO CONTROLS,CLEAR,DAYLIGHT,REAR END,NOT DIVIDED,,STRAIGHT AND LEVEL,DRY,NO DEFECTS,ON SCENE,NO INJURY / DRIVE AWAY,,,Y,"OVER $1,500",07/12/2025 12:41:00 PM,UNABLE TO DETERMINE,NOT APPLICABLE,2500,W,59TH ST,824,,,,,,,2,NO INDICATION OF INJURY,0,0,0,0,0,4,0,12,7,7,41.7866335924,-87.6863441563,POINT (-87.686344156313 41.786633592423)
34da2656fc49cfce48e98ca5f42f836bbe39056071acc3b3aa18ad17548737751035ee41f63d830971ba1f7dceb8a5309380354769f5f3fb591d200b34065c7a,,07/12/2025 12:39:00 PM,30,NO CONTROLS,NO CONTROLS,CLEAR,DAYLIGHT,FIXED OBJECT,PARKING LOT,,STRAIGHT AND LEVEL,DRY,NO DEFECTS,NOT ON SCENE (DESK REPORT),NO INJURY / DRIVE AWAY,,,,"OVER $1,500",07/12/2025 07:38:00 PM,UNABLE TO DETERMINE,UNABLE TO DETERMINE,3034,W,FOSTER AVE,1712,,,,,,,1,NO INDICATION OF INJURY,0,0,0,0,0,1,0,12,7,7,41.9758840401,-87.7048011234,POINT (-87.704801123389 41.975884040129)
2006e33050dad9eb6ef4549d398b33d0bfddc53cc90af58ce849d917854f4ee92d9e14a638f11eebd8fc2431eb57b836f3f49633babd6f7378d0f70a89714b4b,,07/12/2025 12:30:00 PM,30,NO CONTROLS,NO CONTROLS,CLEAR,DAYLIGHT,REAR END,DIVIDED - W/MEDIAN (NOT RAISED),,STRAIGHT AND LEVEL,DRY,NO DEFECTS,ON SCENE,INJURY AND / OR TOW DUE TO CRASH,,,,"OVER $1,500",07/12/2025 12:38:00 PM,UNABLE TO DETERMINE,UNABLE TO DETERMINE,5331,S,KEDZIE AVE,923,,,,,,,2,NO INDICATION OF INJURY,0,0,0,0,0,2,0,12,7,7,41.7963010907,-87.7034891212,POINT (-87.703489121223 41.796301090718)
74b5322f5924eddf9a038a4d3f257d930e623eb8d0ce0478b412c3e0ba81f0ca53840fb8beffbd24e871d4f5ab22f7455f3e909eac9831c63392e1c5b191f488,,07/12/2025 12:30:00 PM,20,NO CONTROLS,NO CONTROLS,CLEAR,DAYLIGHT,PARKED MOTOR VEHICLE,ONE-WAY,,STRAIGHT AND LEVEL,DRY,NO DEFECTS,ON SCENE,NO INJURY / DRIVE AWAY,,,,"OVER $1,500",07/12/2025 12:32:00 PM,UNABLE TO DETERMINE,NOT APPLICABLE,458,W,ST JAMES PL,1935,,,,,,,2,NO INDICATION OF INJURY,0,0,0,0,0,1,0,12,7,7,41.9280668072,-87.6413939162,POINT (-87.641393916159 41.928066807184)