CRASH_RECORD_ID,CRASH_DATE_EST_I,CRASH_DATE,POSTED_SPEED_LIMIT,TRAFFIC_CONTROL_DEVICE,DEVICE_CONDITION,WEATHER_CONDITION,LIGHTING_CONDITION,FIRST_CRASH_TYPE,TRAFFICWAY_TYPE,LANE_CNT,ALIGNMENT,ROADWAY_SURFACE_COND,ROAD_DEFECT,REPORT_TYPE,CRASH_TYPE,INTERSECTION_RELATED_I,NOT_RIGHT_OF_WAY_I,HIT_AND_RUN_I,DAMAGE,DATE_POLICE_NOTIFIED,PRIM_CONTRIBUTORY_CAUSE,SEC_CONTRIBUTORY_CAUSE,STREET_NO,STREET_DIRECTION,STREET_NAME,BEAT_OF_OCCURRENCE,PHOTOS_TAKEN_I,STATEMENTS_TAKEN_I,DOORING_I,WORK_ZONE_I,WORK_ZONE_TYPE,WORKERS_PRESENT_I,NUM_UNITS,MOST_SEVERE_INJURY,INJURIES_TOTAL,INJURIES_FATAL,INJURIES_INCAPACITATING,INJURIES_NON_INCAPACITATING,INJURIES_REPORTED_NOT_EVIDENT,INJURIES_NO_INDICATION,INJURIES_UNKNOWN,CRASH_HOUR,CRASH_DAY_OF_WEEK,CRASH_MONTH,LATITUDE,LONGITUDE,LOCATION
843408be7f18ca04d45ee5cf0b95408f96f6f022ea5ca5cc8754fcceef41c361311f5427c0cade887ea2e4b7f2577df034841cad5122c654c45e87ab74914659,,07/12/2025 12:30:00 PM,30,TRAFFIC SIGNAL,FUNCTIONING PROPERLY,UNKNOWN,UNKNOWN,REAR END,DIVIDED - W/MEDIAN (NOT RAISED),,STRAIGHT AND LEVEL,UNKNOWN,UNKNOWN,NOT ON SCENE (DESK REPORT),NO INJURY / DRIVE AWAY,Y,,,"OVER $1,500",07/12/2025 01:15:00 PM,FOLLOWING TOO CLOSELY,FOLLOWING TOO CLOSELY,501,N,HAMLIN AVE,1122,,,,,,,2,NO INDICATION OF INJURY,0,0,0,0,0,3,0,12,7,7,41.8899984008,-87.7208920773,POINT (-87.720892077278 41.889998400791)
ac998c244308f0754bb3f2ebf913eed2b185e95193e434cf197f4d33bec5860d2f7e44a5fe2b3b29b656dbf0982db7f2f90fcffd978fa303f5ed1ca3447f8063,,07/12/2025 12:30:00 PM,30,TRAFFIC SIGNAL,FUNCTIONING PROPERLY,CLEAR,DAYLIGHT,REAR END,FOUR WAY,,STRAIGHT AND LEVEL,DRY,NO DEFECTS,ON SCENE,INJURY AND / OR TOW DUE TO CRASH,,,,"OVER $1,500",07/12/2025 12:32:00 PM,FOLLOWING TOO CLOSELY,UNABLE TO DETERMINE,801,W,99TH ST,2232,,,,,,,2,NO INDICATION OF INJURY,0,0,0,0,0,2,0,12,7,7,41.7141038258,-87.6430620798,POINT (-87.643062079768 41.714103825758)
890489ad6f0f7decb543ca46d8aa457c0d3e48b9e0258bc69f3572678e669f5f3f523631284b7888adafb1866cdac8d538e02d18be2b812df6a7659f6c206a4a,Y,07/12/2025 12:29:00 PM,30,TRAFFIC SIGNAL,FUNCTIONING PROPERLY,CLEAR,DAYLIGHT,TURNING,DIVIDED - W/MEDIAN BARRIER,,STRAIGHT AND LEVEL,DRY,NO DEFECTS,,INJURY AND / OR TOW DUE TO CRASH,Y,,,"OVER $1,500",07/12/2025 12:50:00 PM,UNABLE TO DETERMINE,NOT APPLICABLE,9100,S,STONY ISLAND AVE,413,,,,,,,2,NONINCAPACITATING INJURY,1,0,0,1,0,3,0,12,7,7,41.7295181284,-87.5856364085,POINT (-87.585636408538 41.729518128388)
64861dcfd30d40b48f3981246e11563200c696398396368c5578a9d52ec57b3830a6f617606f3ea84c72b7542d5f4430706061790a50b4364002008da88e2902,Y,07/12/2025 12:20:00 PM,10,NO CONTROLS,NO CONTROLS,CLOUDY/OVERCAST,DAYLIGHT,PARKED MOTOR VEHICLE,PARKING LOT,,STRAIGHT AND LEVEL,DRY,NO DEFECTS,ON SCENE,NO INJURY / DRIVE AWAY,,,,$500 OR LESS,07/12/2025 12:22:00 PM,FOLLOWING TOO CLOSELY,UNABLE TO DETERMINE,800,N,KEDZIE AVE,1121,,N,,,,,2,NO INDICATION OF INJURY,0,0,0,0,0,4,0,12,7,7,41.8956153135,-87.7067053251,POINT (-87.706705325106 41.895615313545)
91348a8d791844b8abb3473d86d1e33b90f323fdc22fd3fd46a7666ba6347161182f0fb29e5673c1169d44723c320e5b766d580cfe41a6a5aa23ea89fd976436,Y,07/12/2025 12:20:00 PM,30,UNKNOWN,OTHER,UNKNOWN,UNKNOWN,PARKED MOTOR VEHICLE,OTHER,,STRAIGHT AND LEVEL,OTHER,UNKNOWN,NOT ON SCENE (DESK REPORT),NO INJURY / DRIVE AWAY,,,,"OVER $1,500",07/13/2025 09:14:00 PM,UNABLE TO DETERMINE,UNABLE TO DETERMINE,4616,S,VINCENNES AVE,221,,,,,,,2,NO INDICATION OF INJURY,0,0,0,0,0,1,0,12,7,7,41.8106552862,-87.6139709221,POINT (-87.613970922051 41.810655286239)
e0c563a20489df6b8a4437ece44e15e5062176f4ee23684a263073baa23313cfea64f11e30cd41796ccbe20af36e4707c6331c7cd0d4388ad4332a65ba2acaca,,07/12/2025 12:15:00 PM,30,TRAFFIC SIGNAL,UNKNOWN,UNKNOWN,DAYLIGHT,REAR END,NOT DIVIDED,,STRAIGHT AND LEVEL,UNKNOWN,UNKNOWN,NOT ON SCENE (DESK REPORT),NO INJURY / DRIVE AWAY,,,,"OVER $1,500",07/12/2025 01:20:00 PM,UNABLE TO DETERMINE,NOT APPLICABLE,2600,N,NARRAGANSETT AVE,2512,,,,,,,2,NO INDICATION OF INJURY,0,0,0,0,0,2,0,12,7,7,41.9274270922,-87.7857336277,POINT (-87.785733627742 41.927427092188)
984fe3fbab08ff4f008b5c2e40e8619d3e2220f49de5683ad38c0a893535333fade11144ecd0ee8b663956cc36d50ce1fb14862311683fa7c857811461327ce1,,07/12/2025 12:12:00 PM,30,NO CONTROLS,NO CONTROLS,CLEAR,DAYLIGHT,SIDESWIPE SAME DIRECTION,DIVIDED - W/MEDIAN (NOT RAISED),,STRAIGHT AND LEVEL,DRY,UNKNOWN,NOT ON SCENE (DESK REPORT),NO INJURY / DRIVE AWAY,,,,"OVER $1,500",07/12/2025 01:02:00 PM,FAILING TO YIELD RIGHT-OF-WAY,NOT APPLICABLE,2645,W,LAWRENCE AVE,1911,,,,,,,2,NO INDICATION OF INJURY,0,0,0,0,0,3,0,12,7,7,41.9684471621,-87.6956311604,POINT (-87.695631160375 41.96844716207)
14a2b69240811e8df6bbe4039f7aba20ee786c6cce59b4afd84f63bc4bd228b4b9d13418b076a38d60ff3348b88f6c461d93c88c06866bae10a9783391e1833c,,07/12/2025 12:00:00 PM,30,UNKNOWN,UNKNOWN,CLEAR,DAYLIGHT,PARKED MOTOR VEHICLE,DIVIDED - W/MEDIAN (NOT RAISED),,STRAIGHT AND LEVEL,DRY,NO DEFECTS,NOT ON SCENE (DESK REPORT),NO INJURY / DRIVE AWAY,,,,"OVER $1,500",07/12/2025 12:15:00 PM,UNABLE TO DETERMINE,UNABLE TO DETERMINE,4100,W,IRVING PARK RD,1722,,,,,,,2,NO INDICATION OF INJURY,0,0,0,0,0,1,0,12,7,7,41.9537433213,-87.7292540671,POINT (-87.729254067147 41.953743321298)
dd59d3054bdc4f2d9960e824fa9a4fd6eef30dba391cb0bb3ddef89d017f843752d88f475a12bb96fd9bae08dbf6028cabf89103c05fd0236b0e8ef1b7171ff8,,07/12/2025 12:00:00 PM,25,NO CONTROLS,NO CONTROLS,CLEAR,DAYLIGHT,REAR TO FRONT,ONE-WAY,,STRAIGHT AND LEVEL,DRY,UNKNOWN,NOT ON SCENE (DESK REPORT),NO INJURY / DRIVE AWAY,,,,"OVER $1,500",07/12/2025 01:35:00 PM,UNABLE TO DETERMINE,UNABLE TO DETERMINE,2752,S,KILDARE AVE,1031,,,,,,,2,NO INDICATION OF INJURY,0,0,0,0,0,2,0,12,7,7,41.8407356639,-87.7319013548,POINT (-87.731901354772 41.840735663949)
06137e619ae0f267cb5978625852a2f66917a4642186d037300b03bac055b88678bc5165ee6e7a264148af9899109f1877186d36e2f89a68740ad32ead59d228,,07/12/2025 11:53:00 AM,30,NO CONTROLS,NO CONTROLS,CLEAR,DAYLIGHT,TURNING,FOUR WAY,,STRAIGHT AND LEVEL,DRY,NO DEFECTS,ON SCENE,NO INJURY / DRIVE AWAY,,,Y,"OVER $1,500",07/12/2025 12:21:00 PM,IMPROPER TURNING/NO SIGNAL,NOT APPLICABLE,7900,S,DREXEL AVE,624,,,,,,,2,NO INDICATION OF INJURY,0,0,0,0,0,2,0,11,7,7,41.7512211405,-87.602901218,POINT (-87.602901217958 41.751221140537)
46def415b33e2cc5adfe8f82ee45ffb1846f4347aa7f4ef1cccee20b708b2f5bfa962d00d9c9e149c8aed65ab39867071aaab8da0fcc80945a3358f7ae1430c8,,07/12/2025 11:43:00 AM,30,NO CONTROLS,NO CONTROLS,CLOUDY/OVERCAST,DAYLIGHT,SIDESWIPE SAME DIRECTION,NOT DIVIDED,,STRAIGHT AND LEVEL,DRY,NO DEFECTS,NOT ON SCENE (DESK REPORT),NO INJURY / DRIVE AWAY,,,,"OVER $1,500",07/12/2025 01:00:00 PM,UNABLE TO DETERMINE,UNABLE TO DETERMINE,1843,S,WOOD ST,1234,,,,,,,2,NO INDICATION OF INJURY,0,0,0,0,0,2,0,11,7,7,41.8564560713,-87.6709174216,POINT (-87.670917421636 41.856456071343)
dff24abc1eefc6748857e6dee095ff1a08b98ae8160bcc732dbf2bc934375480997d95ba2ee051f08f42412e6ffe7f56cd2d1527676eee685bd7cfa80edc9218,,07/12/2025 11:34:00 AM,30,TRAFFIC SIGNAL,FUNCTIONING PROPERLY,CLEAR,DAYLIGHT,FIXED OBJECT,FOUR WAY,,STRAIGHT AND LEVEL,DRY,UNKNOWN,ON SCENE,NO INJURY / DRIVE AWAY,,,,"OVER $1,500",07/12/2025 12:03:00 PM,UNABLE TO DETERMINE,UNABLE TO DETERMINE,469,W,WASHINGTON ST,121,,,,,,,1,NO INDICATION OF INJURY,0,0,0,0,0,1,0,11,7,7,41.8830712478,-87.6396866514,POINT (-87.639686651357 41.883071247795)
438d76d8031547c5b0eb0c8ab50f17833bd643c751debd6ea215c71e41470c418bc090ca1ec46793c63f9ad6c45c3ea53cdfb7f1346f6ceb61b91452b69df89c,,07/12/2025 11:30:00 AM,30,NO CONTROLS,NO CONTROLS,CLEAR,DAYLIGHT,REAR END,ONE-WAY,,STRAIGHT AND LEVEL,DRY,NO DEFECTS,ON SCENE,NO INJURY / DRIVE AWAY,,,Y,$500 OR LESS,07/12/2025 12:00:00 PM,FOLLOWING TOO CLOSELY,FOLLOWING TOO CLOSELY,201,E,WALTON PL,1833,,,,,,,2,NO INDICATION OF INJURY,0,0,0,0,0,2,0,11,7,7,41.899936476,-87.6218024453,POINT (-87.621802445335 41.899936475961)
b5871ef0400e54763e5ffad8273653e9193a7104dfe9e01f7cbd934f8bc7a2bef6fc5e9c8a3893e22d495fa62e201ee09b36929373c527b1abd12fa6f6c5b84e,,07/12/2025 11:30:00 AM,35,NO CONTROLS,NO CONTROLS,CLEAR,DAYLIGHT,SIDESWIPE SAME DIRECTION,DIVIDED - W/MEDIAN BARRIER,,STRAIGHT AND LEVEL,DRY,NO DEFECTS,,NO INJURY / DRIVE AWAY,,,,"OVER $1,500",07/12/2025 12:30:00 PM,IMPROPER OVERTAKING/PASSING,FAILING TO YIELD RIGHT-OF-WAY,151,E,WACKER DR,114,,,,,,,2,NO INDICATION OF INJURY,0,0,0,0,0,3,0,11,7,7,41.8879998873,-87.6225651326,POINT (-87.62256513256 41.887999887349)
6d7c4e2bb2af679f0880fff077b96f35518e48b6d368d12057df69ad4bc056dbd05ee0ff5bad33f252db929f85ab6611bffb05e3921a4942e010ba91da7fc888,,07/12/2025 11:15:00 AM,30,NO CONTROLS,NO CONTROLS,CLEAR,DAYLIGHT,PEDALCYCLIST,NOT DIVIDED,,STRAIGHT AND LEVEL,DRY,NO DEFECTS,ON SCENE,INJURY AND / OR TOW DUE TO CRASH,,,,$500 OR LESS,07/12/2025 11:15:00 AM,UNABLE TO DETERMINE,UNABLE TO DETERMINE,1933,N,HALSTED ST,1813,,,,,,,2,NONINCAPACITATING INJURY,1,0,0,1,0,1,0,11,7,7,41.9169666346,-87.6483064098,POINT (-87.648306409818 41.916966634556)
ab724ef8150ec5aa5c32224ebe4e07badeec16cbe8003521451733c83c923a0f7d40d26a3b036af6f355d4a1d24c66c532405f746587004352206061d41f4c54,,07/12/2025 11:15:00 AM,30,NO CONTROLS,NO CONTROLS,UNKNOWN,DAYLIGHT,PARKED MOTOR VEHICLE,ONE-WAY,,STRAIGHT AND LEVEL,UNKNOWN,NO DEFECTS,NOT ON SCENE (DESK REPORT),NO INJURY / DRIVE AWAY,,,Y,"$501 - $1,500",07/14/2025 05:30:00 PM,IMPROPER BACKING,UNABLE TO DETERMINE,5120,S,BLACKSTONE AVE,234,,,,,,,2,NO INDICATION OF INJURY,0,0,0,0,0,1,0,11,7,7,41.8017436027,-87.5906391784,POINT (-87.590639178448 41.801743602735)
be6eeca103f8a2e640543fa6b33e2ae8307e0aaa5a7885685efb721d2e345051bf442653a0b80a1936a361e7449841dccbf89969e2b6210ac904e178923c1bf1,,07/12/2025 11:15:00 AM,30,TRAFFIC SIGNAL,FUNCTIONING PROPERLY,CLEAR,DAYLIGHT,TURNING,FOUR WAY,,STRAIGHT AND LEVEL,DRY,NO DEFECTS,ON SCENE,NO INJURY / DRIVE AWAY,,,,"OVER $1,500",07/12/2025 11:30:00 AM,UNABLE TO DETERMINE,NOT APPLICABLE,5613,W,DIVERSEY AVE,2514,,,,,,,2,NO INDICATION OF INJURY,0,0,0,0,0,2,0,11,7,7,41.9311570487,-87.7668513397,POINT (-87.766851339669 41.931157048694)
01f35e16fc59ebbf9ea5d3df8a9faf40379db59429705f148d10204190e4bd29cd18ed2e13f86a1aafe918d2f0cf792ad72d9c710f96ad7bee821330c2c44469,,07/12/2025 11:10:00 AM,15,NO CONTROLS,NO CONTROLS,CLEAR,DAYLIGHT,PARKED MOTOR VEHICLE,PARKING LOT,,STRAIGHT AND LEVEL,DRY,NO DEFECTS,ON SCENE,NO INJURY / DRIVE AWAY,,Y,,"OVER $1,500",07/12/2025 11:14:00 AM,DRIVING SKILLS/KNOWLEDGE/EXPERIENCE,FAILING TO REDUCE SPEED TO AVOID CRASH,1930,W,103RD ST,2213,,,,,,,2,NO INDICATION OF INJURY,0,0,0,0,0,2,0,11,7,7,41.7066750445,-87.6703817439,POINT (-87.67038174389 41.706675044524)
539adf9f393cf610512d888d1ef7649a3ab7ac4cc0c7725bc0dc91e924a4bc72da60b1b950ccb9e15e7af4762e0c8fd158333a1634f3d8fbb6dd696cff59c372,,07/12/2025 11:10:00 AM,30,TRAFFIC SIGNAL,FUNCTIONING PROPERLY,CLEAR,DAYLIGHT,ANGLE,T-INTERSECTION,,STRAIGHT AND LEVEL,DRY,NO DEFECTS,ON SCENE,NO INJURY / DRIVE AWAY,Y,,,"OVER $1,500",07/12/2025 11:16:00 AM,UNABLE TO DETERMINE,NOT APPLICABLE,999,S,DESPLAINES ST,124,,,,,,,2,NO INDICATION OF INJURY,0,0,0,0,0,2,0,11,7,7,41.8697396132,-87.6435950647,POINT (-87.643595064704 41.869739613223)
a3f03ca97b1aec1e5d671312ebd81217c9e689c14918b605c2c73fc41babfad9ad7d0488639d9c8cbe1dba2f8ee9923849c36ec29e3d2cd43423d8ca5fafd88c,,07/12/2025 11:10:00 AM,35,NO CONTROLS,NO CONTROLS,CLEAR,DAYLIGHT,SIDESWIPE SAME DIRECTION,DIVIDED - W/MEDIAN BARRIER,,STRAIGHT AND LEVEL,DRY,NO DEFECTS,ON SCENE,NO INJURY / DRIVE AWAY,,,,"$501 - $1,500",07/12/2025 11:18:00 AM,UNABLE TO DETERMINE,IMPROPER OVERTAKING/PASSING,5804,S,CICERO AVE,813,,,,,,,2,NO INDICATION OF INJURY,0,0,0,0,0,3,0,11,7,7,41.7875537173,-87.7415528044,POINT (-87.7415528044 41.787553717324)
6d12aa3985537042ce6da3840e5a0a2f52bcd38f19ceffcd0942454cd31a60827a1c41f19ce39039c8677de60a5379c77833323aefe6bcf7f6569f0c43c0d974,,07/12/2025 11:00:00 AM,30,NO CONTROLS,NO CONTROLS,UNKNOWN,UNKNOWN,PARKED MOTOR VEHICLE,NOT DIVIDED,,STRAIGHT AND LEVEL,UNKNOWN,UNKNOWN,NOT ON SCENE (DESK REPORT),NO INJURY / DRIVE AWAY,,,Y,"$501 - $1,500",07/12/2025 04:50:00 PM,UNABLE TO DETERMINE,NOT APPLICABLE,855,W,72ND ST,733,,,,,,,2,NO INDICATION OF INJURY,0,0,0,0,0,1,0,11,7,7,41.7632395076,-87.6465603833,POINT (-87.646560383265 41.763239507551)
f35d0ef8d013205674a2c0dbafc6afaac9af766e63ca789eb47b301f61177d77ed2321caee9551183c1f1c7fd3cd65d4ab6ca6b9031c170e5abf1c5c4e27e708,,07/12/2025 11:00:00 AM,30,NO CONTROLS,NO CONTROLS,CLEAR,DAYLIGHT,PARKED MOTOR VEHICLE,ONE-WAY,,STRAIGHT AND LEVEL,DRY,NO DEFECTS,NOT ON SCENE (DESK REPORT),NO INJURY / DRIVE AWAY,,,Y,"$501 - $1,500",07/12/2025 11:50:00 AM,UNABLE TO DETERMINE,UNABLE TO DETERMINE,3516,S,MARSHFIELD AVE,912,,,,,,,2,NO INDICATION OF INJURY,0,0,0,0,0,2,0,11,7,7,41.8299404457,-87.6668694273,POINT (-87.666869427325 41.829940445698)
15fbf9d2b0350c9be48e806eac4dee5a4b17e70491e4dd6530e458ddfb06af558273b4d98766378503a2f030d79c56d23ebe067db02816075211b10f9c2882fa,,07/12/2025 10:55:00 AM,30,NO CONTROLS,NO CONTROLS,CLEAR,DAYLIGHT,PARKED MOTOR VEHICLE,ALLEY,,STRAIGHT AND LEVEL,DRY,NO DEFECTS,NOT ON SCENE (DESK REPORT),NO INJURY / DRIVE AWAY,,,Y,$500 OR LESS,07/19/2025 05:00:00 PM,IMPROPER BACKING,UNABLE TO DETERMINE,30,E,HURON ST,1834,,,,,,,2,NO INDICATION OF INJURY,0,0,0,0,0,1,0,10,7,7,41.8950049167,-87.6268768693,POINT (-87.626876869297 41.895004916666)
4b1a4b257b4377f613429535451d8328f0dd565ad54aaa5f501f6955629ce69109b28b9612dcdf945d6a29aed47850bed35be93e21c6e7c3f80652a36dece1da,,07/12/2025 10:53:00 AM,30,TRAFFIC SIGNAL,UNKNOWN,CLEAR,DAYLIGHT,REAR END,NOT DIVIDED,,STRAIGHT AND LEVEL,DRY,NO DEFECTS,,NO INJURY / DRIVE AWAY,N,,Y,$500 OR LESS,07/12/2025 10:53:00 AM,UNABLE TO DETERMINE,UNABLE TO DETERMINE,1600,W,71ST ST,735,,,,,,,2,NO INDICATION OF INJURY,0,0,0,0,0,2,0,10,7,7,41.7650183056,-87.6638592301,POINT (-87.663859230126 41.765018305558)
b13eb623a071418ac4b8684109eee7941a9c23c72eaacb054f36517d8fd4ce710d5a4c295ffc5c43d8da059fbf979232ff72d710b952ca5e95df6cfbf57ee0cd,,07/12/2025 10:49:00 AM,20,OTHER,FUNCTIONING PROPERLY,CLEAR,DAYLIGHT,PARKED MOTOR VEHICLE,ONE-WAY,,STRAIGHT AND LEVEL,DRY,NO DEFECTS,ON SCENE,NO INJURY / DRIVE AWAY,,,,"OVER $1,500",07/12/2025 11:10:00 AM,IMPROPER BACKING,UNABLE TO DETERMINE,853,N,MIES VAN DER ROHE WAY,1833,,,,,,,2,NO INDICATION OF INJURY,0,0,0,0,0,2,0,10,7,7,41.8983794249,-87.6217092613,POINT (-87.621709261294 41.898379424948)
736e7d6ed5808eeba7c62b9c89c98b86285c39f54aa27dc52db2e076a21c0d7742b20faf366d3e688abd0ce9d9b1bd3a19c5a590dd834ceb4e3da7613739c3ee,,07/12/2025 10:45:00 AM,30,UNKNOWN,UNKNOWN,CLEAR,DAYLIGHT,TURNING,NOT DIVIDED,,STRAIGHT AND LEVEL,DRY,UNKNOWN,ON SCENE,NO INJURY / DRIVE AWAY,,,Y,"OVER $1,500",07/12/2025 10:50:00 AM,UNABLE TO DETERMINE,UNABLE TO DETERMINE,3527,N,KEDZIE AVE,1733,,,,,,,2,NO INDICATION OF INJURY,0,0,0,0,0,2,0,10,7,7,41.9458062173,-87.7076533662,POINT (-87.707653366171 41.945806217307)
af2247ab0a6122d21ed454cef4d7e7a0fe9eeb4b876a5a0649c18d602a01a75087574f269e48b9190660dfb8abd567df3d7cbe9b6ebbbd7af953682fb3d850ca,,07/12/2025 10:45:00 AM,35,UNKNOWN,UNKNOWN,CLEAR,DAYLIGHT,PARKED MOTOR VEHICLE,NOT DIVIDED,,STRAIGHT AND LEVEL,UNKNOWN,UNKNOWN,ON SCENE,INJURY AND / OR TOW DUE TO CRASH,,,,"OVER $1,500",07/12/2025 10:48:00 AM,UNABLE TO DETERMINE,UNABLE TO DETERMINE,11900,S,YALE AVE,522,,,,,,,3,INCAPACITATING INJURY,5,0,2,3,0,0,0,10,7,7,41.6778657491,-87.6288050927,POINT (-87.628805092716 41.677865749149)
36aeed465808c7e3483c7e0aba461d661d4bd378cc7f548f450ac1c3375b265cf703a5272933e741319d0bb1ef616a2de55e7ba0256f260752b60082ce4291a0,Y,07/12/2025 10:40:00 AM,25,STOP SIGN/FLASHER,FUNCTIONING PROPERLY,CLEAR,DAYLIGHT,ANGLE,NOT DIVIDED,,STRAIGHT AND LEVEL,DRY,NO DEFECTS,NOT ON SCENE (DESK REPORT),NO INJURY / DRIVE AWAY,,,,"OVER $1,500",07/13/2025 11:20:00 AM,UNABLE TO DETERMINE,UNABLE TO DETERMINE,5255,N,KIMBALL AVE,1712,,,,,,,2,NO INDICATION OF INJURY,0,0,0,0,0,2,0,10,7,7,41.9773226953,-87.7134364111,POINT (-87.713436411067 41.977322695311)
989b8d0bddbbde759642763fe466423f58423635766210a33b3d215da4060fe3435a76a84491b13a085ae355981d8475f3c302fe95ebf5fb0bc5a6036a01c0e1,,07/12/2025 10:36:00 AM,30,NO CONTROLS,NO CONTROLS,CLEAR,DAYLIGHT,PARKED MOTOR VEHICLE,ONE-WAY,,STRAIGHT AND LEVEL,DRY,NO DEFECTS,ON SCENE,INJURY AND / OR TOW DUE TO CRASH,,,Y,"OVER $1,500",07/12/2025 10:55:00 AM,UNABLE TO DETERMINE,NOT APPLICABLE,4355,W,BELDEN AVE,2522,,,,,,,3,NO INDICATION OF INJURY,0,0,0,0,0,1,0,10,7,7,41.9224272318,-87.7362754122,POINT (-87.736275412246 41.922427231813)
8d25b56d45ebb664e12f94ab17cb9a7044b6ae99d13e83c59337d3ad27b305d1fd5bc955e336f6b179d9e5a6fa7d675c587d705370522b7d6bd50f7b7510069a,,07/12/2025 10:35:00 AM,30,NO CONTROLS,NO CONTROLS,UNKNOWN,UNKNOWN,ANGLE,PARKING LOT,,STRAIGHT AND LEVEL,UNKNOWN,UNKNOWN,NOT ON SCENE (DESK REPORT),NO INJURY / DRIVE AWAY,,,,"$501 - $1,500",07/15/2025 05:15:00 PM,UNABLE TO DETERMINE,NOT APPLICABLE,538,W,PERSHING RD,915,,,,,,,2,NO INDICATION OF INJURY,0,0,0,0,0,2,0,10,7,7,41.8236445119,-87.6400884889,POINT (-87.640088488911 41.823644511941)
7acd97d38d655bb2380bbaa8c5c0e6298e2d568de09f62508b790d5126ceab1d9302af65639f65285da297a3d8f32bb388e1b5aa0d9ec0bc99264c6a2ad3a792,,07/12/2025 10:33:00 AM,40,TRAFFIC SIGNAL,FUNCTIONING PROPERLY,CLEAR,"DARKNESS, LIGHTED ROAD",SIDESWIPE SAME DIRECTION,DIVIDED - W/MEDIAN BARRIER,,STRAIGHT AND LEVEL,DRY,NO DEFECTS,NOT ON SCENE (DESK REPORT),NO INJURY / DRIVE AWAY,,,,"$501 - $1,500",07/12/2025 11:00:00 PM,FAILING TO REDUCE SPEED TO AVOID CRASH,FAILING TO REDUCE SPEED TO AVOID CRASH,1401,S,LAKE SHORE DR NB,132,,,,,,,2,NO INDICATION OF INJURY,0,0,0,0,0,3,0,10,7,7,41.8641530913,-87.6186602973,POINT (-87.618660297344 41.864153091273)
06f993e151e818666ee392a3d894acec8546295f1c39c7329596e66d5fccad909828b848e2d39b116e3a3afc70581b0782bc2f3f0b1cbc3a2ba278d5dd38579e,,07/12/2025 10:30:00 AM,10,NO CONTROLS,FUNCTIONING PROPERLY,CLEAR,DAYLIGHT,REAR TO FRONT,NOT DIVIDED,,STRAIGHT AND LEVEL,UNKNOWN,UNKNOWN,NOT ON SCENE (DESK REPORT),NO INJURY / DRIVE AWAY,,,Y,$500 OR LESS,07/12/2025 12:00:00 PM,UNABLE TO DETERMINE,UNABLE TO DETERMINE,6623,N,DAMEN AVE,2412,,,,,,,2,NO INDICATION OF INJURY,0,0,0,0,0,3,0,10,7,7,42.0022233751,-87.680128828,POINT (-87.680128827981 42.002223375062)
9e050bda53fa0ff194920a4cf933e83f18366554ccd24538e6bb7ed0d8343dfcabc6e50fefa564377c58c0c4b75c371f8c526e6e1cde79235244f05dfad9af8b,,07/12/2025 10:30:00 AM,15,NO CONTROLS,NO CONTROLS,CLEAR,DAYLIGHT,REAR END,PARKING LOT,,STRAIGHT AND LEVEL,DRY,NO DEFECTS,NOT ON SCENE (DESK REPORT),NO INJURY / DRIVE AWAY,,,,"$501 - $1,500",07/13/2025 09:56:00 AM,UNABLE TO DETERMINE,DRIVING SKILLS/KNOWLEDGE/EXPERIENCE,9717,S,WESTERN AVE,2213,,,,,,,2,NO INDICATION OF INJURY,0,0,0,0,0,2,0,10,7,7,41.7167956314,-87.6817940529,POINT (-87.681794052861 41.716795631418)
c470a4d11ee3cf998995679c7ef05b52d3e79cbe5dcf7c21964c2517831340b86a834d26862820ef88b3fe90376098eaed6ceca50d852516dd51d82372a2ee6e,,07/12/2025 10:30:00 AM,30,STOP SIGN/FLASHER,FUNCTIONING PROPERLY,CLEAR,DAYLIGHT,PEDESTRIAN,NOT DIVIDED,,STRAIGHT AND LEVEL,DRY,NO DEFECTS,ON SCENE,INJURY AND / OR TOW DUE TO CRASH,Y,,,"$501 - $1,500",07/12/2025 10:30:00 AM,UNABLE TO DETERMINE,NOT APPLICABLE,2437,W,JACKSON BLVD,1125,,,,,,,2,NONINCAPACITATING INJURY,1,0,0,1,0,2,0,10,7,7,41.8774240719,-87.6877648211,POINT (-87.687764821119 41.877424071878)
ede6386a40de4365c9d4450d1eed454fb51453746db79a8593bbb5e56d98fe926f0c74ad2a68c9bcda99629d5f0c833b993c3dfb8634b84ed502249ee775dbe6,,07/12/2025 10:30:00 AM,30,NO CONTROLS,NO CONTROLS,CLEAR,DAYLIGHT,PEDALCYCLIST,NOT DIVIDED,,STRAIGHT AND LEVEL,DRY,NO DEFECTS,ON SCENE,NO INJURY / DRIVE AWAY,Y,,,$500 OR LESS,07/12/2025 10:41:00 AM,IMPROPER LANE USAGE,NOT APPLICABLE,1248,W,BELMONT AVE,1924,,,,,,,2,NO INDICATION OF INJURY,0,0,0,0,0,2,0,10,7,7,41.9399114345,-87.6608327039,POINT (-87.660832703917 41.939911434485)
6ad2a063b8796ffdbf3c234583513999c9793b83e2f8c3f91ecc8a1670d6c084b502cd87a740cf13a82341f5c07e9e0d42bc582bd0310dad88041e8b556542fe,,07/12/2025 10:29:00 AM,30,TRAFFIC SIGNAL,FUNCTIONING PROPERLY,CLEAR,DAYLIGHT,TURNING,DIVIDED - W/MEDIAN BARRIER,,STRAIGHT AND LEVEL,DRY,NO DEFECTS,ON SCENE,INJURY AND / OR TOW DUE TO CRASH,Y,,,"OVER $1,500",07/12/2025 10:48:00 AM,FAILING TO YIELD RIGHT-OF-WAY,DRIVING SKILLS/KNOWLEDGE/EXPERIENCE,151,S,WACKER DR,122,,,,,,,2,NONINCAPACITATING INJURY,1,0,0,1,0,2,0,10,7,7,41.8794175161,-87.6365578636,POINT (-87.636557863568 41.879417516097)