CRASH_RECORD_ID,CRASH_DATE_EST_I,CRASH_DATE,POSTED_SPEED_LIMIT,TRAFFIC_CONTROL_DEVICE,DEVICE_CONDITION,WEATHER_CONDITION,LIGHTING_CONDITION,FIRST_CRASH_TYPE,TRAFFICWAY_TYPE,LANE_CNT,ALIGNMENT,ROADWAY_SURFACE_COND,ROAD_DEFECT,REPORT_TYPE,CRASH_TYPE,INTERSECTION_RELATED_I,NOT_RIGHT_OF_WAY_I,HIT_AND_RUN_I,DAMAGE,DATE_POLICE_NOTIFIED,PRIM_CONTRIBUTORY_CAUSE,SEC_CONTRIBUTORY_CAUSE,STREET_NO,STREET_DIRECTION,STREET_NAME,BEAT_OF_OCCURRENCE,PHOTOS_TAKEN_I,STATEMENTS_TAKEN_I,DOORING_I,WORK_ZONE_I,WORK_ZONE_TYPE,WORKERS_PRESENT_I,NUM_UNITS,MOST_SEVERE_INJURY,INJURIES_TOTAL,INJURIES_FATAL,INJURIES_INCAPACITATING,INJURIES_NON_INCAPACITATING,INJURIES_REPORTED_NOT_EVIDENT,INJURIES_NO_INDICATION,INJURIES_UNKNOWN,CRASH_HOUR,CRASH_DAY_OF_WEEK,CRASH_MONTH,LATITUDE,LONGITUDE,LOCATION
0f1fda80dea0cc0fc9a3803709b40e6fc6c4dc88961e8391ccfe98f3d4f8a194a2ca415139e0111915e4bc525e29417c57112a8ccf59ee548d14363da27362f2,,07/12/2025 10:22:00 AM,30,NO CONTROLS,NO CONTROLS,CLEAR,DAYLIGHT,PEDESTRIAN,ONE-WAY,,STRAIGHT AND LEVEL,DRY,NO DEFECTS,ON SCENE,INJURY AND / OR TOW DUE TO CRASH,,,,$500 OR LESS,07/12/2025 10:24:00 AM,IMPROPER BACKING,NOT APPLICABLE,130,W,OHIO ST,1832,,,,,,,2,"REPORTED, NOT EVIDENT",1,0,0,0,1,1,0,10,7,7,41.892519445,-87.6325371047,POINT (-87.632537104698 41.892519445034)
b5d6126146ceb1863875edeb5530d6f83f0b184d06a8b909ac47f22e9388bf371db06794615a5d1016e0c02d0d44a9b2fb5ca5528391afc8601ba308a8a315d4,,07/12/2025 10:20:00 AM,30,NO CONTROLS,NO CONTROLS,CLEAR,DAYLIGHT,REAR END,NOT DIVIDED,,STRAIGHT AND LEVEL,DRY,NO DEFECTS,NOT ON SCENE (DESK REPORT),NO INJURY / DRIVE AWAY,,,Y,"$501 - $1,500",07/12/2025 10:40:00 AM,FOLLOWING TOO CLOSELY,NOT APPLICABLE,4930,N,CENTRAL AVE,1622,,,,,,,2,NO INDICATION OF INJURY,0,0,0,0,0,3,0,10,7,7,41.9704999957,-87.7677144973,POINT (-87.767714497263 41.970499995661)
a6c1d7d6e71354fcf05a9d2418ff6504737604009ef420574a02da59369f15a1523af8d319881b68bca6efd42b6ff23d6a775889f644c51806fa3c374fbee58d,,07/12/2025 10:18:00 AM,30,TRAFFIC SIGNAL,FUNCTIONING PROPERLY,CLEAR,DAYLIGHT,TURNING,NOT DIVIDED,,STRAIGHT AND LEVEL,DRY,NO DEFECTS,ON SCENE,INJURY AND / OR TOW DUE TO CRASH,,,,"OVER $1,500",07/12/2025 10:18:00 AM,FAILING TO REDUCE SPEED TO AVOID CRASH,UNABLE TO DETERMINE,3957,W,FULLERTON AVE,2525,,,,,,,2,"REPORTED, NOT EVIDENT",1,0,0,0,1,1,0,10,7,7,41.9243762702,-87.726620665,POINT (-87.72662066503 41.924376270151)
412816d0974835a919a518e7e473d164f40541624d341679f97ecd93f39af23b2acd1a3389d4d537ad08cd54bb1824fb6afa331c3168b36b96e477a627672762,,07/12/2025 10:00:00 AM,30,NO CONTROLS,NO CONTROLS,CLEAR,DAYLIGHT,SIDESWIPE SAME DIRECTION,DIVIDED - W/MEDIAN (NOT RAISED),,STRAIGHT AND LEVEL,DRY,UNKNOWN,NOT ON SCENE (DESK REPORT),NO INJURY / DRIVE AWAY,,,,"OVER $1,500",07/19/2025 03:30:00 PM,FAILING TO YIELD RIGHT-OF-WAY,NOT APPLICABLE,2529,N,SACRAMENTO AVE,1414,,,,,,,2,NO INDICATION OF INJURY,0,0,0,0,0,2,0,10,7,7,41.9274731534,-87.7022460403,POINT (-87.702246040266 41.927473153446)
a2075d2525cf9df5539c1b6ed031a0374acae26dd24ec89caf110c38a884244b84fcf0b1a055d1f8a622facb3b852739b1ca133c000a2d297c282195726d0629,,07/12/2025 10:00:00 AM,30,TRAFFIC SIGNAL,FUNCTIONING PROPERLY,CLEAR,DAYLIGHT,TURNING,DIVIDED - W/MEDIAN BARRIER,,STRAIGHT AND LEVEL,DRY,NO DEFECTS,NOT ON SCENE (DESK REPORT),NO INJURY / DRIVE AWAY,,,,"OVER $1,500",07/12/2025 10:20:00 AM,IMPROPER OVERTAKING/PASSING,NOT APPLICABLE,6700,S,STONY ISLAND AVE,332,,,,,,,2,NO INDICATION OF INJURY,0,0,0,0,0,2,0,10,7,7,41.7732928959,-87.5864423683,POINT (-87.586442368314 41.773292895851)
c573d451db5a039c57c416d14edea0a660a48b2a4668762b20addc97faf7d66a6df2df9dce1789940402ee054622d9663f7c7c7b0eba334dc5c72b9d5e9ebaf4,,07/12/2025 10:00:00 AM,30,TRAFFIC SIGNAL,UNKNOWN,CLEAR,DAYLIGHT,SIDESWIPE SAME DIRECTION,DIVIDED - W/MEDIAN (NOT RAISED),,STRAIGHT AND LEVEL,DRY,UNKNOWN,NOT ON SCENE (DESK REPORT),NO INJURY / DRIVE AWAY,,,Y,"OVER $1,500",07/12/2025 10:45:00 AM,UNABLE TO DETERMINE,UNABLE TO DETERMINE,6403,N,NORTHWEST HWY,1611,,,,,,,2,NO INDICATION OF INJURY,0,0,0,0,0,2,0,10,7,7,41.9971388232,-87.8068350917,POINT (-87.806835091676 41.997138823247)
18fa3bd064084081737a5444cb40bcd68a7e98b990937be91633ec28b8022aff3947bfb414bfdca5ff40bc4fa629adf3a516980317c1ab8958063d4a400a2f7f,,07/12/2025 09:40:00 AM,30,NO CONTROLS,NO CONTROLS,CLEAR,DAYLIGHT,SIDESWIPE SAME DIRECTION,DIVIDED - W/MEDIAN BARRIER,,STRAIGHT AND LEVEL,DRY,NO DEFECTS,NOT ON SCENE (DESK REPORT),NO INJURY / DRIVE AWAY,,,,"OVER $1,500",07/13/2025 06:20:00 PM,UNABLE TO DETERMINE,NOT APPLICABLE,952,W,ROOSEVELT RD,1232,,,,,,,2,NO INDICATION OF INJURY,0,0,0,0,0,3,0,9,7,7,41.8671986865,-87.6509504247,POINT (-87.650950424675 41.867198686465)
4010632b4b71ca2c2622828a72800860f4bac003f22b05389ba94774d884b4773ff4614d75cbc6740e44b26cd006d5135df6d14bca4daf2e3dd83f6102f3773a,,07/12/2025 09:30:00 AM,30,STOP SIGN/FLASHER,FUNCTIONING PROPERLY,CLEAR,DAYLIGHT,REAR END,FOUR WAY,,STRAIGHT AND LEVEL,DRY,NO DEFECTS,ON SCENE,NO INJURY / DRIVE AWAY,,,Y,"$501 - $1,500",07/12/2025 09:52:00 AM,UNABLE TO DETERMINE,NOT APPLICABLE,1702,N,PULASKI RD,2534,,,,,,,2,NO INDICATION OF INJURY,0,0,0,0,0,3,0,9,7,7,41.9118252282,-87.7265412163,POINT (-87.726541216258 41.911825228202)
4a9d70d69733e5c63e36279c0732c5bad56a4ec05bce682aaf4faeac4305fb344311163fe2010fa6ebb1af72de03b0066ff47052a565b498d936eb3e7a7a84f7,Y,07/12/2025 09:15:00 AM,30,TRAFFIC SIGNAL,FUNCTIONING PROPERLY,CLEAR,DAYLIGHT,REAR END,NOT DIVIDED,,STRAIGHT AND LEVEL,DRY,NO DEFECTS,ON SCENE,NO INJURY / DRIVE AWAY,,,,"$501 - $1,500",07/12/2025 09:30:00 AM,FAILING TO REDUCE SPEED TO AVOID CRASH,FOLLOWING TOO CLOSELY,1205,S,CENTRAL PARK AVE,1021,,,,,,,2,NO INDICATION OF INJURY,0,0,0,0,0,3,0,9,7,7,41.866105336,-87.7152681176,POINT (-87.715268117602 41.866105336028)
de6d93a40c2fc78cd5eaece3940efc8f85a36a60da8f3cd37be8686132d3af9ea883b452ae65abd525a5a1be21fc6a7432cd81f3c1b4938dbcd6b6cc5cda45a2,,07/12/2025 09:15:00 AM,25,NO CONTROLS,NO CONTROLS,CLEAR,DAYLIGHT,PARKED MOTOR VEHICLE,ONE-WAY,,STRAIGHT AND LEVEL,DRY,NO DEFECTS,NOT ON SCENE (DESK REPORT),NO INJURY / DRIVE AWAY,,,,"OVER $1,500",07/12/2025 10:15:00 AM,IMPROPER BACKING,NOT APPLICABLE,6423,N,CAMPBELL AVE,2412,,,,,,,2,NO INDICATION OF INJURY,0,0,0,0,0,2,0,9,7,7,41.9983997622,-87.6921966683,POINT (-87.692196668253 41.998399762186)
f3bf554662cc26cc0d2785f7974a86e8e4801e2702c7dc4dfa011fc37b717bfa75371f8e367c7a9daa4b320ea1c6378a3fc3b95103a4268e71bd0d8d215773e4,,07/12/2025 09:15:00 AM,30,UNKNOWN,UNKNOWN,CLEAR,"DARKNESS, LIGHTED ROAD",PARKED MOTOR VEHICLE,NOT DIVIDED,,STRAIGHT AND LEVEL,UNKNOWN,UNKNOWN,,INJURY AND / OR TOW DUE TO CRASH,,,,"OVER $1,500",07/12/2025 10:45:00 PM,UNABLE TO DETERMINE,UNABLE TO DETERMINE,1234,E,79TH ST,411,,,,,,,3,NONINCAPACITATING INJURY,2,0,0,1,1,1,0,9,7,7,41.7515118672,-87.5941297429,POINT (-87.594129742906 41.751511867154)
57e2e9ae7f580318b6153aa284aeebc710885dab8deeb5f49ca788fc532b339cfb864c229e689c06214f19dbdcef93b69f7a7ea856353735934bfc02a86ac950,,07/12/2025 09:13:00 AM,25,NO CONTROLS,NO CONTROLS,CLEAR,DAYLIGHT,REAR END,DIVIDED - W/MEDIAN (NOT RAISED),,STRAIGHT AND LEVEL,DRY,NO DEFECTS,,INJURY AND / OR TOW DUE TO CRASH,,,Y,"OVER $1,500",07/12/2025 09:31:00 AM,UNABLE TO DETERMINE,NOT APPLICABLE,139,S,AUSTIN BLVD,1513,,,,,,,3,NONINCAPACITATING INJURY,1,0,0,1,0,2,0,9,7,7,41.8778454781,-87.7744260616,POINT (-87.774426061617 41.877845478106)
acd9fb8913560079f08f5f310da07bc4e07c175fb4a73240040799223acf9a2e1e741f5e37ee45a370d531d30fc21a89667d7387dd6f723906136c8be45b9f13,,07/12/2025 08:58:00 AM,30,NO CONTROLS,NO CONTROLS,CLEAR,DAYLIGHT,FIXED OBJECT,ALLEY,,STRAIGHT AND LEVEL,DRY,NO DEFECTS,ON SCENE,NO INJURY / DRIVE AWAY,,,,"OVER $1,500",07/12/2025 09:05:00 AM,UNABLE TO DETERMINE,UNABLE TO DETERMINE,7043,S,PEORIA ST,733,,,,,,,1,NO INDICATION OF INJURY,0,0,0,0,0,1,0,8,7,7,41.7657099051,-87.646712093,POINT (-87.646712093039 41.765709905134)
fd85838f4acfc7e06ebb795acb6d3403d91a707ab491b49436ca7e219720a63cb99fe4e17d6c05b5b1f69e50f13581d4c976baac98e0cd39885f3acb4f80a3b8,,07/12/2025 08:43:00 AM,30,NO CONTROLS,NO CONTROLS,CLEAR,DAYLIGHT,SIDESWIPE SAME DIRECTION,NOT DIVIDED,,STRAIGHT AND LEVEL,DRY,NO DEFECTS,ON SCENE,NO INJURY / DRIVE AWAY,,,,$500 OR LESS,07/12/2025 08:43:00 AM,FAILING TO YIELD RIGHT-OF-WAY,NOT APPLICABLE,1000,N,LAKE SHORE DR,1824,,,,,,,2,NO INDICATION OF INJURY,0,0,0,0,0,3,0,8,7,7,41.900752974,-87.6242349998,POINT (-87.62423499978 41.900752974042)
678c6a82eb31890c1a2dbb2da1d1fcb19bdecb3139ab944ee0103eb1061907e0812b34d42aeef46fb3015411a7995908e5ca0516dcf7b62c0dc69dd1a4588e12,,07/12/2025 08:30:00 AM,30,TRAFFIC SIGNAL,FUNCTIONING PROPERLY,CLEAR,DAYLIGHT,TURNING,NOT DIVIDED,,STRAIGHT AND LEVEL,DRY,NO DEFECTS,ON SCENE,NO INJURY / DRIVE AWAY,,,,"OVER $1,500",07/12/2025 08:35:00 AM,UNABLE TO DETERMINE,UNABLE TO DETERMINE,2000,W,69TH ST,726,,,,,,,2,NO INDICATION OF INJURY,0,0,0,0,0,3,0,8,7,7,41.7685489321,-87.6737495176,POINT (-87.673749517646 41.768548932083)
9aca8929fff717a74a06c8efd9ec9175b67a0263b80bced226c868bffe09d5a60bb17040eec49d49f4115be09331a69227da37940d85ef8b43b6e880a7de0dd5,,07/12/2025 08:30:00 AM,20,NO CONTROLS,NO CONTROLS,CLEAR,"DARKNESS, LIGHTED ROAD",PARKED MOTOR VEHICLE,ONE-WAY,,STRAIGHT AND LEVEL,DRY,NO DEFECTS,NOT ON SCENE (DESK REPORT),NO INJURY / DRIVE AWAY,,,Y,"OVER $1,500",07/12/2025 10:07:00 AM,UNABLE TO DETERMINE,UNABLE TO DETERMINE,5524,S,RICHMOND ST,824,,,,,,,2,NO INDICATION OF INJURY,0,0,0,0,0,1,0,8,7,7,41.7928548619,-87.6975834806,POINT (-87.697583480632 41.792854861883)
a394efb777fbd2882e7725e9c52faaf2850cb0b9b15e6463ffe4a26ee2cddafe7c558d696c5b8009778e10bdced27574e98451efa3ab010820a982545e85b9f3,Y,07/12/2025 08:30:00 AM,30,NO CONTROLS,NO CONTROLS,CLEAR,DAYLIGHT,PARKED MOTOR VEHICLE,ONE-WAY,,STRAIGHT AND LEVEL,UNKNOWN,NO DEFECTS,ON SCENE,INJURY AND / OR TOW DUE TO CRASH,,,Y,"OVER $1,500",07/12/2025 11:09:00 AM,UNABLE TO DETERMINE,UNABLE TO DETERMINE,6749,S,PERRY AVE,722,,,,,,,3,NO INDICATION OF INJURY,0,0,0,0,0,1,0,8,7,7,41.7712744413,-87.6281780273,POINT (-87.628178027341 41.771274441294)
dbbe309a24523ae016beeb80b02d7ff65ddd2ddcf37cf85d3c06761e3dbe03e2385b57a83bbf05b7a37d790cdd8453a7b24cef04b009f9ec34a56e707955b2bd,,07/12/2025 08:30:00 AM,25,NO CONTROLS,NO CONTROLS,CLEAR,DAYLIGHT,PARKED MOTOR VEHICLE,NOT DIVIDED,,STRAIGHT AND LEVEL,DRY,NO DEFECTS,NOT ON SCENE (DESK REPORT),NO INJURY / DRIVE AWAY,,,Y,"OVER $1,500",07/13/2025 06:00:00 AM,UNABLE TO DETERMINE,NOT APPLICABLE,612,S,KEELER AVE,1132,,,,,,,2,NO INDICATION OF INJURY,0,0,0,0,0,1,0,8,7,7,41.8729784684,-87.7304474027,POINT (-87.730447402659 41.872978468394)
e469ea9a948b052b474d4f74c8c23a5cebab0f5f2a6ef89538be3ee329962175924cb08a0634155fb9255b96fe5087b4d7e8d690812d73583685a2bc294697f9,,07/12/2025 08:25:00 AM,30,NO CONTROLS,NO CONTROLS,CLEAR,DAYLIGHT,OTHER OBJECT,DIVIDED - W/MEDIAN (NOT RAISED),,STRAIGHT AND LEVEL,DRY,NO DEFECTS,ON SCENE,INJURY AND / OR TOW DUE TO CRASH,,,,"OVER $1,500",07/12/2025 08:29:00 AM,DRIVING SKILLS/KNOWLEDGE/EXPERIENCE,UNABLE TO DETERMINE,6211,S,CICERO AVE,813,,,,,,,1,NO INDICATION OF INJURY,0,0,0,0,0,1,0,8,7,7,41.7798837896,-87.7421931549,POINT (-87.742193154896 41.779883789563)
f3f7fe7497ad4dc418ba3b052621ba9f79ada99294589bc54b5fb6cd34058ceb2eba4a028b1542132ca007d47a1171de5ffe7fd52f9e10b66989848174247cee,,07/12/2025 08:00:00 AM,30,NO CONTROLS,NO CONTROLS,CLEAR,DAYLIGHT,ANGLE,UNKNOWN,,STRAIGHT AND LEVEL,DRY,UNKNOWN,ON SCENE,NO INJURY / DRIVE AWAY,,,,"OVER $1,500",07/12/2025 10:09:00 AM,UNABLE TO DETERMINE,UNABLE TO DETERMINE,121,W,CHESTNUT ST,1832,,,,,,,2,NO INDICATION OF INJURY,0,0,0,0,0,2,0,8,7,7,41.8978506982,-87.6322255359,POINT (-87.632225535944 41.897850698189)
e98beb0728381291d2d94fe3bde9d4b58d3691087bedb7ed3ae81ca57f37123b911e105ba2c884d4d3cd9b17f46db3daa8a1feecc62676b9efd29f761f77471a,Y,07/12/2025 07:47:00 AM,20,TRAFFIC SIGNAL,FUNCTIONING PROPERLY,CLEAR,DAYLIGHT,TURNING,DIVIDED - W/MEDIAN (NOT RAISED),,STRAIGHT AND LEVEL,DRY,NO DEFECTS,NOT ON SCENE (DESK REPORT),NO INJURY / DRIVE AWAY,,,,"OVER $1,500",07/12/2025 08:47:00 AM,UNABLE TO DETERMINE,UNABLE TO DETERMINE,4948,W,MADISON ST,1533,,,,,,,2,NO INDICATION OF INJURY,0,0,0,0,0,2,0,7,7,7,41.8805520193,-87.7496479998,POINT (-87.749647999781 41.880552019343)
d36baf5117c892710231d2f4df11f0a8a9ad9b49980eb81a7dea63a00a23afe510fd7220c9b121dcde5ea4c1786c1ee89b9d6cd5959914522b94932bb72ac067,,07/12/2025 07:35:00 AM,30,NO CONTROLS,NO CONTROLS,CLEAR,DAYLIGHT,ANGLE,FOUR WAY,,STRAIGHT AND LEVEL,DRY,UNKNOWN,ON SCENE,NO INJURY / DRIVE AWAY,Y,,,"OVER $1,500",07/12/2025 07:40:00 AM,UNABLE TO DETERMINE,UNABLE TO DETERMINE,2999,N,CALIFORNIA AVE,1411,,,,,,,2,NO INDICATION OF INJURY,0,0,0,0,0,2,0,7,7,7,41.9356806821,-87.6975764373,POINT (-87.697576437256 41.935680682117)
6a0e2f0772733d3e9edc56ef5f8c754315a1709a44c3686d70946a3460dce8edc256bbf49209c8fc4cc99f6a31f4c59397c717da38aa193c9acd9fc748d4bbdc,,07/12/2025 07:29:00 AM,30,NO CONTROLS,NO CONTROLS,CLEAR,DAYLIGHT,PARKED MOTOR VEHICLE,ONE-WAY,,STRAIGHT AND LEVEL,DRY,UNKNOWN,ON SCENE,INJURY AND / OR TOW DUE TO CRASH,,,Y,"OVER $1,500",07/12/2025 07:29:00 AM,NOT APPLICABLE,NOT APPLICABLE,7330,S,PEORIA ST,733,,,,,,,2,"REPORTED, NOT EVIDENT",1,0,0,0,1,0,0,7,7,7,41.7605845633,-87.6468666615,POINT (-87.646866661522 41.760584563291)
11077c35f473e18b20ab06d86d91214754a5555f3f71a7516381c0d09ae53378669254b599cbc248bb63595f9665044114d0a7d845ebd3f6ee3ab669d3744f96,,07/12/2025 07:28:00 AM,20,NO CONTROLS,NO CONTROLS,CLEAR,DAYLIGHT,SIDESWIPE SAME DIRECTION,ONE-WAY,,STRAIGHT AND LEVEL,DRY,NO DEFECTS,ON SCENE,NO INJURY / DRIVE AWAY,,,,"OVER $1,500",07/12/2025 07:42:00 AM,DRIVING SKILLS/KNOWLEDGE/EXPERIENCE,NOT APPLICABLE,3,W,TERMINAL ST,1653,,,,,,,2,NO INDICATION OF INJURY,0,0,0,0,0,1,0,7,7,7,,,
27aee0672d6204d8e07ef2ddb2bcd3eda92f05e2f3ae919124dfddbcfdeef22fc4065d2a1a97324922abe16a677d43731080af8c7544d2ccb1416e38a48dafc0,,07/12/2025 07:05:00 AM,30,TRAFFIC SIGNAL,FUNCTIONING PROPERLY,UNKNOWN,DAYLIGHT,SIDESWIPE SAME DIRECTION,NOT DIVIDED,,STRAIGHT AND LEVEL,UNKNOWN,OTHER,,NO INJURY / DRIVE AWAY,,,Y,"$501 - $1,500",07/12/2025 11:50:00 AM,UNABLE TO DETERMINE,NOT APPLICABLE,5599,W,63RD ST,813,,,,,,,2,NO INDICATION OF INJURY,0,0,0,0,0,2,0,7,7,7,41.7779458862,-87.7615894014,POINT (-87.761589401385 41.777945886222)
429a1b6763485210f7f68a17b4022079b1eff48c538f4ccbf49b682c85c1f75127ebf97d0beb042740c915da9bfa082c68f297290d34187603f513017668a9c1,,07/12/2025 06:45:00 AM,25,NO CONTROLS,NO CONTROLS,CLEAR,DAYLIGHT,TURNING,ONE-WAY,,STRAIGHT AND LEVEL,DRY,NO DEFECTS,NOT ON SCENE (DESK REPORT),NO INJURY / DRIVE AWAY,,,Y,"$501 - $1,500",07/12/2025 06:45:00 AM,FAILING TO YIELD RIGHT-OF-WAY,UNABLE TO DETERMINE,5101,N,SPRINGFIELD AVE,1712,,,,,,,2,NO INDICATION OF INJURY,0,0,0,0,0,2,0,6,7,7,41.9738288245,-87.7256048077,POINT (-87.725604807712 41.973828824504)
ccd4109837625415e6dcb7bd33719b5d469316a44206f34fdb84d72984b82f3bff11efc86354b65979af69ea1a4ae1c98f9c8c555aafc28d01eb1793b3375439,,07/12/2025 05:45:00 AM,20,NO CONTROLS,NO CONTROLS,CLEAR,DUSK,PARKED MOTOR VEHICLE,NOT DIVIDED,,STRAIGHT AND LEVEL,DRY,NO DEFECTS,NOT ON SCENE (DESK REPORT),NO INJURY / DRIVE AWAY,,,Y,"OVER $1,500",07/12/2025 08:15:00 AM,FAILING TO YIELD RIGHT-OF-WAY,NOT APPLICABLE,4353,W,BELDEN AVE,2522,,,,,,,2,NO INDICATION OF INJURY,0,0,0,0,0,1,0,5,7,7,41.9224283049,-87.7361975195,POINT (-87.736197519536 41.922428304943)
767b9d7d371b3bc6ab55a7411a83ea03080c2db8f5aae3f2bfd95553e86d5c7c5174251a6912457bd21707f872a5b2ec6fc40a2d5fb0c76831f4d18c38795033,,07/12/2025 05:31:00 AM,30,NO CONTROLS,NO CONTROLS,CLEAR,DAYLIGHT,FIXED OBJECT,NOT DIVIDED,,STRAIGHT AND LEVEL,DRY,NO DEFECTS,ON SCENE,NO INJURY / DRIVE AWAY,,Y,,"OVER $1,500",07/12/2025 05:32:00 AM,ROAD ENGINEERING/SURFACE/MARKING DEFECTS,UNABLE TO DETERMINE,1499,W,NORTH AVE,1433,,,,,,,1,NO INDICATION OF INJURY,0,0,0,0,0,2,0,5,7,7,41.9105551163,-87.6651783591,POINT (-87.665178359138 41.910555116254)
345e61881ca8805eeb70dcd3930b76d3255af639d210c498348908e8ffb50e604bf908879ac53d79861d10280a9835d01f0c466cd05d5717350ccfd599381a6b,,07/12/2025 05:30:00 AM,30,TRAFFIC SIGNAL,FUNCTIONING PROPERLY,CLEAR,DAYLIGHT,TURNING,ONE-WAY,,STRAIGHT AND LEVEL,DRY,NO DEFECTS,NOT ON SCENE (DESK REPORT),NO INJURY / DRIVE AWAY,,,Y,"OVER $1,500",07/12/2025 09:10:00 AM,IMPROPER OVERTAKING/PASSING,NOT APPLICABLE,6600,S,CORNELL DR,331,,,,,,,2,NO INDICATION OF INJURY,0,0,0,0,0,2,0,5,7,7,41.7751579091,-87.5850447094,POINT (-87.58504470943 41.77515790913)
f21ecc4988d13e7ab9d01d3d522d24e8a2886f54d1de6280c65a0dcf8828d07863ff30a46c2588237778c67c5c4c840aa7a285df5f8949c4928da2b0b412c8ee,,07/12/2025 04:59:00 AM,30,NO CONTROLS,NO CONTROLS,CLEAR,DAWN,PEDALCYCLIST,NOT DIVIDED,,STRAIGHT AND LEVEL,DRY,NO DEFECTS,ON SCENE,INJURY AND / OR TOW DUE TO CRASH,,,Y,"$501 - $1,500",07/12/2025 05:01:00 AM,IMPROPER OVERTAKING/PASSING,IMPROPER LANE USAGE,2423,W,JACKSON BLVD,1125,,,,,,,2,NONINCAPACITATING INJURY,1,0,0,1,0,1,0,4,7,7,41.8774303726,-87.6872419235,POINT (-87.687241923499 41.877430372624)
2c45c6e411504b30bccc4228d96f3ecb7378ddea5834f55795c2b9f47c9fcb45f74a4ab8c0be85d952abf3e3507e864b0c8e3bbb49c9ed3af46b82b68a26519d,,07/12/2025 04:30:00 AM,30,UNKNOWN,UNKNOWN,UNKNOWN,"DARKNESS, LIGHTED ROAD",PARKED MOTOR VEHICLE,ONE-WAY,,STRAIGHT AND LEVEL,UNKNOWN,UNKNOWN,NOT ON SCENE (DESK REPORT),NO INJURY / DRIVE AWAY,,,,"OVER $1,500",07/14/2025 04:58:00 PM,IMPROPER BACKING,UNABLE TO DETERMINE,8452,S,MUSKEGON AVE,423,,,,,,,2,NO INDICATION OF INJURY,0,0,0,0,0,1,0,4,7,7,41.7412284755,-87.555285752,POINT (-87.555285751977 41.741228475526)
6c9ba87d32ffc9f8cbebfe7c692693dd95cc9e4cb1495ad945bbd1c4bda96b515e59559908103825a601666b3ef793a7b50cee52476892ccedbad06452bc9816,,07/12/2025 04:30:00 AM,30,NO CONTROLS,NO CONTROLS,CLEAR,"DARKNESS, LIGHTED ROAD",SIDESWIPE SAME DIRECTION,ONE-WAY,,STRAIGHT AND LEVEL,DRY,NO DEFECTS,,NO INJURY / DRIVE AWAY,,,Y,"OVER $1,500",07/12/2025 05:00:00 AM,FAILING TO YIELD RIGHT-OF-WAY,NOT APPLICABLE,9,E,ONTARIO ST,1834,,,,,,,2,NO INDICATION OF INJURY,0,0,0,0,0,2,0,4,7,7,41.893169366,-87.6276974974,POINT (-87.6276974974 41.893169366045)
898154a2635b2a167a3f66bca7a4b3d845cac1855a43f428cf256eb5579a7e07610e65eccb86d02788bf4d1302857412dcce927bb72b4164eb322d983a5ffb06,,07/12/2025 04:30:00 AM,30,TRAFFIC SIGNAL,FUNCTIONING PROPERLY,CLEAR,"DARKNESS, LIGHTED ROAD",TURNING,FOUR WAY,,STRAIGHT AND LEVEL,UNKNOWN,NO DEFECTS,NOT ON SCENE (DESK REPORT),NO INJURY / DRIVE AWAY,Y,,,"OVER $1,500",07/12/2025 04:45:00 AM,DRIVING ON WRONG SIDE/WRONG WAY,IMPROPER OVERTAKING/PASSING,4401,W,FIFTH AVE,1131,,,,,,,2,NO INDICATION OF INJURY,0,0,0,0,0,2,0,4,7,7,41.8701803322,-87.7351270251,POINT (-87.735127025078 41.870180332227)
8d58cf1d20f7fd95258ae2335d20918bc7036fce3f50e9c1a6b7c3677f6e9e89f1c229b35719215e6f3f85f3a4c19c31330bb70755f8d0670981b2116762aace,,07/12/2025 04:30:00 AM,30,NO CONTROLS,NO CONTROLS,CLEAR,DAYLIGHT,SIDESWIPE SAME DIRECTION,NOT DIVIDED,,STRAIGHT AND LEVEL,DRY,NO DEFECTS,NOT ON SCENE (DESK REPORT),NO INJURY / DRIVE AWAY,,,Y,"OVER $1,500",07/12/2025 05:57:00 AM,UNABLE TO DETERMINE,NOT APPLICABLE,4400,W,FIFTH AVE,1131,,,,,,,2,NO INDICATION OF INJURY,0,0,0,0,0,2,0,4,7,7,41.8703863281,-87.7352285759,POINT (-87.73522857587 41.870386328135)
7536cf879105dac267fcf190a820790527857fd4f13f6ab951bfdee178f22288d62bb2d6a968f8b62652127183c55e51ef0a5170f87c962215659b482fc50136,Y,07/12/2025 04:10:00 AM,30,NO CONTROLS,NO CONTROLS,CLEAR,"DARKNESS, LIGHTED ROAD",PARKED MOTOR VEHICLE,DIVIDED - W/MEDIAN (NOT RAISED),,STRAIGHT AND LEVEL,WET,UNKNOWN,ON SCENE,NO INJURY / DRIVE AWAY,,,Y,"$501 - $1,500",07/12/2025 04:25:00 AM,IMPROPER BACKING,NOT APPLICABLE,130,N,LARAMIE AVE,1523,,,,,,,2,NO INDICATION OF INJURY,0,0,0,0,0,1,0,4,7,7,41.8833021029,-87.7553182991,POINT (-87.755318299129 41.88330210285)