CRASH_RECORD_ID,CRASH_DATE_EST_I,CRASH_DATE,POSTED_SPEED_LIMIT,TRAFFIC_CONTROL_DEVICE,DEVICE_CONDITION,WEATHER_CONDITION,LIGHTING_CONDITION,FIRST_CRASH_TYPE,TRAFFICWAY_TYPE,LANE_CNT,ALIGNMENT,ROADWAY_SURFACE_COND,ROAD_DEFECT,REPORT_TYPE,CRASH_TYPE,INTERSECTION_RELATED_I,NOT_RIGHT_OF_WAY_I,HIT_AND_RUN_I,DAMAGE,DATE_POLICE_NOTIFIED,PRIM_CONTRIBUTORY_CAUSE,SEC_CONTRIBUTORY_CAUSE,STREET_NO,STREET_DIRECTION,STREET_NAME,BEAT_OF_OCCURRENCE,PHOTOS_TAKEN_I,STATEMENTS_TAKEN_I,DOORING_I,WORK_ZONE_I,WORK_ZONE_TYPE,WORKERS_PRESENT_I,NUM_UNITS,MOST_SEVERE_INJURY,INJURIES_TOTAL,INJURIES_FATAL,INJURIES_INCAPACITATING,INJURIES_NON_INCAPACITATING,INJURIES_REPORTED_NOT_EVIDENT,INJURIES_NO_INDICATION,INJURIES_UNKNOWN,CRASH_HOUR,CRASH_DAY_OF_WEEK,CRASH_MONTH,LATITUDE,LONGITUDE,LOCATION
002dc2457eb0b70c6e25d10ce43cc010f3333228d0f584830e0877b86859b35d37f2b70c342a5f3d35b095e6f06638ec5df4a3e5d2395420135c04f815446fcd,,07/12/2025 04:04:00 AM,30,TRAFFIC SIGNAL,FUNCTIONING PROPERLY,CLEAR,"DARKNESS, LIGHTED ROAD",ANGLE,T-INTERSECTION,,STRAIGHT AND LEVEL,DRY,WORN SURFACE,ON SCENE,INJURY AND / OR TOW DUE TO CRASH,,,,"OVER $1,500",07/12/2025 04:23:00 AM,DISREGARDING TRAFFIC SIGNALS,NOT APPLICABLE,2200,W,FULLERTON AVE,1432,,,,,,,2,NO INDICATION OF INJURY,0,0,0,0,0,5,0,4,7,7,41.925064062,-87.6836816475,POINT (-87.683681647531 41.925064061997)
60764c4ab380ed5b8b034798bd357fb07a1b68a60eb8804b640776c6453e0434a6ceb75573e4d556969ed76917a7c30fbc43f2d97c3baed2f7daf2465be7baef,,07/12/2025 04:00:00 AM,30,NO CONTROLS,NO CONTROLS,CLEAR,"DARKNESS, LIGHTED ROAD",PARKED MOTOR VEHICLE,UNKNOWN,,STRAIGHT AND LEVEL,UNKNOWN,UNKNOWN,NOT ON SCENE (DESK REPORT),INJURY AND / OR TOW DUE TO CRASH,,,Y,"OVER $1,500",07/12/2025 11:10:00 AM,UNABLE TO DETERMINE,UNABLE TO DETERMINE,5409,S,SAWYER AVE,822,,,,,,,2,NO INDICATION OF INJURY,0,0,0,0,0,1,0,4,7,7,41.7950057361,-87.7046762716,POINT (-87.704676271584 41.795005736057)
86e041429fc9e69283cdca2a29b48fb3eb5e38ea8ad575ee96f470f817258403ceabf22fce6859c3943a78f56ef6d21585ee90a9091c96e4b9224ff5d2627a9b,,07/12/2025 04:00:00 AM,30,TRAFFIC SIGNAL,FUNCTIONING PROPERLY,CLEAR,"DARKNESS, LIGHTED ROAD",REAR END,DIVIDED - W/MEDIAN BARRIER,,STRAIGHT AND LEVEL,DRY,NO DEFECTS,ON SCENE,NO INJURY / DRIVE AWAY,,,,"OVER $1,500",07/12/2025 04:05:00 AM,FAILING TO REDUCE SPEED TO AVOID CRASH,FAILING TO REDUCE SPEED TO AVOID CRASH,399,E,26TH ST,133,,,,,,,2,NO INDICATION OF INJURY,0,0,0,0,0,3,0,4,7,7,41.8455632436,-87.6173455888,POINT (-87.617345588793 41.845563243601)
c393887532fc11f1f55c8b8f3fb8fb79bc83902a6c9482adf581c76b66494cb6e2387dd3dbe5ff845626f7d04481e48c6d565780a31157fa17fcaf45a2ccb4e0,,07/12/2025 03:53:00 AM,30,TRAFFIC SIGNAL,FUNCTIONING PROPERLY,CLEAR,"DARKNESS, LIGHTED ROAD",REAR END,FOUR WAY,,STRAIGHT AND LEVEL,DRY,UNKNOWN,NOT ON SCENE (DESK REPORT),INJURY AND / OR TOW DUE TO CRASH,Y,,,"$501 - $1,500",07/12/2025 04:30:00 AM,UNABLE TO DETERMINE,UNABLE TO DETERMINE,198,W,NORTH AVE,1814,,,,,,,2,"REPORTED, NOT EVIDENT",1,0,0,0,1,1,0,3,7,7,41.9112712167,-87.6346329603,POINT (-87.634632960302 41.911271216682)
e131570c81fdf27e1262fc9349b8c463f47d6e3db8df4828ede56b936c2ae3df3f3373acc44f77ecad8e18a306323413320afb04f994cd44cad38732cf0bcaf7,Y,07/12/2025 03:30:00 AM,30,UNKNOWN,UNKNOWN,UNKNOWN,UNKNOWN,PARKED MOTOR VEHICLE,NOT DIVIDED,,STRAIGHT AND LEVEL,UNKNOWN,UNKNOWN,NOT ON SCENE (DESK REPORT),NO INJURY / DRIVE AWAY,,,Y,"OVER $1,500",07/13/2025 02:20:00 PM,UNABLE TO DETERMINE,NOT APPLICABLE,431,E,64TH ST,312,,,,,,,2,NO INDICATION OF INJURY,0,0,0,0,0,1,0,3,7,7,41.7783342011,-87.6144249866,POINT (-87.61442498663 41.778334201073)
5f7f7dd444c61a0c27fad77311cdabd731365f0db11677fd075b2581480d10c823b363dbf3fe38d66168b2df0490dd55964421967b9d79bce7b885a530436392,,07/12/2025 03:14:00 AM,40,NO CONTROLS,NO CONTROLS,CLEAR,"DARKNESS, LIGHTED ROAD",ANGLE,DIVIDED - W/MEDIAN BARRIER,,STRAIGHT AND LEVEL,DRY,UNKNOWN,ON SCENE,NO INJURY / DRIVE AWAY,,,,"OVER $1,500",07/12/2025 03:14:00 AM,UNABLE TO DETERMINE,UNABLE TO DETERMINE,1360,N,LAKE SHORE DR,1824,,,,,,,2,NO INDICATION OF INJURY,0,0,0,0,0,4,0,3,7,7,41.9076188601,-87.6258742933,POINT (-87.625874293337 41.907618860109)
cccd629930aea3bcc1ca373fa9ae2e84541ed374e1fa020722d6c1fe81c9efe41974999907241ce161afa0564161add6ad61688b288a5af47ed2002c69b41d6a,,07/12/2025 03:14:00 AM,40,NO CONTROLS,NO CONTROLS,CLEAR,"DARKNESS, LIGHTED ROAD",SIDESWIPE SAME DIRECTION,DIVIDED - W/MEDIAN BARRIER,,STRAIGHT AND LEVEL,DRY,UNKNOWN,ON SCENE,INJURY AND / OR TOW DUE TO CRASH,,,,"OVER $1,500",07/12/2025 03:14:00 AM,UNABLE TO DETERMINE,UNABLE TO DETERMINE,1360,N,LAKE SHORE DR,1824,,,,,,,3,"REPORTED, NOT EVIDENT",1,0,0,0,1,4,0,3,7,7,41.9076188601,-87.6258742933,POINT (-87.625874293337 41.907618860109)
aa5c9ade22060997e45ad3144b13ead97d5bed32f8eb1c20791e5cace9c7920275984b9d8438c4e0f013af7f310fa1369528880d8afc2c86726d47961f825233,,07/12/2025 03:08:00 AM,30,TRAFFIC SIGNAL,FUNCTIONING PROPERLY,CLEAR,"DARKNESS, LIGHTED ROAD",REAR END,NOT DIVIDED,,STRAIGHT AND LEVEL,DRY,NO DEFECTS,ON SCENE,INJURY AND / OR TOW DUE TO CRASH,,,,"OVER $1,500",07/12/2025 03:12:00 AM,UNABLE TO DETERMINE,UNABLE TO DETERMINE,1,E,MARQUETTE RD,322,,,,,,,2,NO INDICATION OF INJURY,0,0,0,0,0,3,0,3,7,7,41.7726154949,-87.6250640694,POINT (-87.625064069441 41.772615494911)
b7c82816ccca37d4214c6ff43a9f4c74b22caffdafa78ee5f14917381d5a06379755cc4d7dba916b569722cda5b8a54f4a5eaac9648c3bf05d951902d41d889d,,07/12/2025 03:00:00 AM,30,NO CONTROLS,NO CONTROLS,CLEAR,DARKNESS,PARKED MOTOR VEHICLE,NOT DIVIDED,,STRAIGHT AND LEVEL,DRY,NO DEFECTS,NOT ON SCENE (DESK REPORT),NO INJURY / DRIVE AWAY,,,Y,"OVER $1,500",07/14/2025 01:20:00 PM,UNABLE TO DETERMINE,UNABLE TO DETERMINE,2517,N,LINDER AVE,2515,,,,,,,2,NO INDICATION OF INJURY,0,0,0,0,0,1,0,3,7,7,41.9263826827,-87.7634669459,POINT (-87.763466945911 41.926382682681)
d1715beab9faf5248fae1aaff7d6b99aa32b449d1dff762f70cf2af2d546863d2393e3fa1e03d4f5e3afb67a0eadbe03df9917620320d61aa0ceb88a48545cab,,07/12/2025 03:00:00 AM,30,NO CONTROLS,NO CONTROLS,CLEAR,DARKNESS,PARKED MOTOR VEHICLE,ONE-WAY,,STRAIGHT AND LEVEL,DRY,NO DEFECTS,NOT ON SCENE (DESK REPORT),NO INJURY / DRIVE AWAY,,,Y,"OVER $1,500",07/12/2025 09:50:00 AM,NOT APPLICABLE,NOT APPLICABLE,8029,S,ELIZABETH ST,612,,,,,,,3,NO INDICATION OF INJURY,0,0,0,0,0,1,0,3,7,7,41.747779381,-87.6547317363,POINT (-87.654731736279 41.747779380982)
d26cbe705a7775a2a4abda2578aa85007327dafcf29b84c73a1a95d1958541f5e34609f71142d1c5173dc9b84e86beaf2c7a906e8f6a6271337605cc4856cd98,,07/12/2025 03:00:00 AM,30,TRAFFIC SIGNAL,FUNCTIONING PROPERLY,CLEAR,DARKNESS,REAR END,NOT DIVIDED,,STRAIGHT AND LEVEL,DRY,NO DEFECTS,NOT ON SCENE (DESK REPORT),NO INJURY / DRIVE AWAY,,,Y,"OVER $1,500",07/12/2025 03:30:00 AM,UNABLE TO DETERMINE,UNABLE TO DETERMINE,500,W,103RD ST,2232,,,,,,,2,NO INDICATION OF INJURY,0,0,0,0,0,3,0,3,7,7,41.7071200064,-87.6356193252,POINT (-87.635619325225 41.707120006352)
c77958da3a11320a8878d5e795e72c9d38e6f4a4bcea431b3eff562339abfa56cf5aca53a53c395902a91708e92ca847b0668e5224ad73135a0e0a10a6e3ca82,,07/12/2025 02:50:00 AM,30,TRAFFIC SIGNAL,FUNCTIONING PROPERLY,CLEAR,"DARKNESS, LIGHTED ROAD",TURNING,FOUR WAY,,STRAIGHT AND LEVEL,DRY,UNKNOWN,NOT ON SCENE (DESK REPORT),NO INJURY / DRIVE AWAY,Y,,,"$501 - $1,500",07/12/2025 03:15:00 AM,IMPROPER TURNING/NO SIGNAL,IMPROPER TURNING/NO SIGNAL,599,N,FRANKLIN ST,1831,,,,,,,2,NO INDICATION OF INJURY,0,0,0,0,0,2,0,2,7,7,41.8923301615,-87.6354480705,POINT (-87.635448070466 41.892330161479)
24e11a6d3dcffca9495600012bdaf4237c21f16f0167fc0801703149e89de8a70395c32afab9351579988d7fc6eebcc9a5b214569d7ff362273a4aa20be30f6f,,07/12/2025 02:19:00 AM,30,UNKNOWN,UNKNOWN,UNKNOWN,UNKNOWN,TURNING,UNKNOWN INTERSECTION TYPE,,STRAIGHT AND LEVEL,UNKNOWN,UNKNOWN,ON SCENE,NO INJURY / DRIVE AWAY,,,,"OVER $1,500",07/12/2025 02:19:00 AM,UNABLE TO DETERMINE,UNABLE TO DETERMINE,349,W,LAKE ST,122,,,,,,,2,NO INDICATION OF INJURY,0,0,0,0,0,3,0,2,7,7,41.8856168978,-87.6367192483,POINT (-87.636719248301 41.885616897838)
8b719617707d885e95099d584c4a43ff2bfa66076814c5fe0ff528e1b85cb433ec7c5905fae0db445b34f77b6e560adc20137ce0ee62f948c6f5ffb5b7d1dcef,N,07/12/2025 02:19:00 AM,30,NO CONTROLS,NO CONTROLS,CLEAR,"DARKNESS, LIGHTED ROAD",PARKED MOTOR VEHICLE,DIVIDED - W/MEDIAN (NOT RAISED),,STRAIGHT AND LEVEL,WET,UNKNOWN,ON SCENE,INJURY AND / OR TOW DUE TO CRASH,,,Y,"OVER $1,500",07/12/2025 02:28:00 AM,UNABLE TO DETERMINE,NOT APPLICABLE,1144,N,PULASKI RD,1111,,,,,,,4,NO INDICATION OF INJURY,0,0,0,0,0,4,0,2,7,7,41.9021398923,-87.7264338452,POINT (-87.726433845154 41.90213989233)
b66347e1aa2724135efee2e407e5c678576b5aacac14f65a9036ff7cb59a35ff2a2d897789ace9a416699966eb15f15a8d99089e3ca6119613d955761b2d5a76,,07/12/2025 02:00:00 AM,10,NO CONTROLS,NO CONTROLS,UNKNOWN,DARKNESS,PARKED MOTOR VEHICLE,OTHER,,STRAIGHT ON GRADE,UNKNOWN,UNKNOWN,NOT ON SCENE (DESK REPORT),NO INJURY / DRIVE AWAY,,,Y,"OVER $1,500",07/19/2025 08:15:00 AM,UNABLE TO DETERMINE,NOT APPLICABLE,9202,S,PRINCETON AVE,634,,,,,,,2,NO INDICATION OF INJURY,0,0,0,0,0,1,0,2,7,7,41.7269723733,-87.6299989761,POINT (-87.629998976112 41.726972373346)
badb136c732c237be3b2c695c16f1512711600076fb1fcca1b060cd344a1144dafcc437d1975dc4f5f8f83c2941f5c86b3c35d52db26e36b291dfd54b55ec75d,,07/12/2025 02:00:00 AM,30,STOP SIGN/FLASHER,FUNCTIONING PROPERLY,CLEAR,"DARKNESS, LIGHTED ROAD",TURNING,NOT DIVIDED,,STRAIGHT AND LEVEL,WET,NO DEFECTS,ON SCENE,NO INJURY / DRIVE AWAY,Y,,,"OVER $1,500",07/12/2025 02:04:00 AM,IMPROPER TURNING/NO SIGNAL,NOT APPLICABLE,5658,W,AUGUSTA BLVD,1511,,,,,,,2,NO INDICATION OF INJURY,0,0,0,0,0,7,0,2,7,7,41.8985735088,-87.7678913353,POINT (-87.767891335283 41.898573508834)
cd844f066bbd9747410473469e4d3db1bc17f8b930b49ac25cd844de6244e87b1d3bc5bd670585179fed2277f52beb367a1942223199d3f3edb9f244aeedc774,,07/12/2025 02:00:00 AM,30,STOP SIGN/FLASHER,UNKNOWN,UNKNOWN,UNKNOWN,ANGLE,FOUR WAY,,STRAIGHT AND LEVEL,UNKNOWN,UNKNOWN,NOT ON SCENE (DESK REPORT),NO INJURY / DRIVE AWAY,Y,,Y,"OVER $1,500",07/12/2025 02:50:00 PM,UNABLE TO DETERMINE,NOT APPLICABLE,1200,W,ROSCOE ST,1924,,,,,,,2,NO INDICATION OF INJURY,0,0,0,0,0,2,0,2,7,7,41.9436013198,-87.6591967877,POINT (-87.659196787745 41.94360131985)
90995faec04cc36b633330ed86983a7a5979446067a3922d252d1b18f1d80bd6554ea450dc82065f5133e45977daa7e2e1d6edc90f0a300406e4b0a09e49b7d1,,07/12/2025 01:55:00 AM,30,TRAFFIC SIGNAL,FUNCTIONING PROPERLY,RAIN,"DARKNESS, LIGHTED ROAD",ANGLE,FOUR WAY,,STRAIGHT AND LEVEL,WET,UNKNOWN,ON SCENE,INJURY AND / OR TOW DUE TO CRASH,Y,,,"OVER $1,500",07/12/2025 02:00:00 AM,DISREGARDING OTHER TRAFFIC SIGNS,NOT APPLICABLE,800,W,71ST ST,733,,,,,,,2,"REPORTED, NOT EVIDENT",1,0,0,0,1,1,0,1,7,7,41.7653113606,-87.6444774775,POINT (-87.644477477454 41.765311360618)
caa7a7479b382061613ee9a01049eab92a34dc1777765ba6c52c1fd0f56aaa440c1fe080b652b1ef1efa505f5e35a313739c9971264fca16033b7570001a0dc6,,07/12/2025 01:30:00 AM,25,STOP SIGN/FLASHER,FUNCTIONING PROPERLY,CLEAR,DAYLIGHT,PARKED MOTOR VEHICLE,ONE-WAY,,STRAIGHT AND LEVEL,DRY,NO DEFECTS,ON SCENE,NO INJURY / DRIVE AWAY,,,,"OVER $1,500",07/12/2025 02:00:00 PM,FAILING TO REDUCE SPEED TO AVOID CRASH,NOT APPLICABLE,453,E,74TH ST,323,,,,,,,2,NO INDICATION OF INJURY,0,0,0,0,0,1,0,1,7,7,41.760161678,-87.6130237483,POINT (-87.613023748312 41.760161677954)
314fb309975534c248322deca94be062c8af96abf73cb54330867f04e867de7e042007cdf5e7e26e59e58d6f8ab7a949be2c197c2395a1bd69696f8f90bc2a6a,,07/12/2025 01:16:00 AM,30,TRAFFIC SIGNAL,FUNCTIONING PROPERLY,RAIN,"DARKNESS, LIGHTED ROAD",SIDESWIPE OPPOSITE DIRECTION,NOT DIVIDED,,STRAIGHT AND LEVEL,WET,NO DEFECTS,NOT ON SCENE (DESK REPORT),NO INJURY / DRIVE AWAY,,,,"$501 - $1,500",07/12/2025 02:12:00 AM,FAILING TO YIELD RIGHT-OF-WAY,NOT APPLICABLE,35,N,STATE ST,112,,,,,,,2,NO INDICATION OF INJURY,0,0,0,0,0,2,0,1,7,7,41.8828524783,-87.627713658,POINT (-87.627713657955 41.882852478279)
769d5922d51be1ad193f08a52d6b892bb87d0e22c5c32ebf7e3fb7999462806441ca6d9677cd1f06f5a02deebf2960c7103cd3da624c7a6e1064b2a6c16613a6,,07/12/2025 01:15:00 AM,30,STOP SIGN/FLASHER,FUNCTIONING IMPROPERLY,CLEAR,"DARKNESS, LIGHTED ROAD",PARKED MOTOR VEHICLE,NOT DIVIDED,,STRAIGHT AND LEVEL,DRY,NO DEFECTS,ON SCENE,INJURY AND / OR TOW DUE TO CRASH,,,Y,"OVER $1,500",07/12/2025 01:25:00 AM,UNABLE TO DETERMINE,UNABLE TO DETERMINE,850,N,HARDING AVE,1112,,,,,,,2,NONINCAPACITATING INJURY,1,0,0,1,0,0,0,1,7,7,41.896885105,-87.7250558402,POINT (-87.725055840169 41.896885104982)
4505e5c19b8a6200004ca5211c0a11dd338b8c57b6ab70f2056511fcbf2afa2c4f8180524f3c395f8acfd0597a3fa25adab28231c26b7dcdf1942ff8db1fb12e,,07/12/2025 01:02:00 AM,15,NO CONTROLS,NO CONTROLS,RAIN,"DARKNESS, LIGHTED ROAD",PARKED MOTOR VEHICLE,ALLEY,,STRAIGHT AND LEVEL,WET,NO DEFECTS,ON SCENE,NO INJURY / DRIVE AWAY,,,,"OVER $1,500",07/12/2025 01:02:00 AM,WEATHER,WEATHER,4839,S,WOLCOTT AVE,931,Y,,,,,,2,NO INDICATION OF INJURY,0,0,0,0,0,3,0,1,7,7,41.8055518661,-87.672033606,POINT (-87.672033606039 41.805551866105)
05f2b0d5daad086b0fcb41e5d89d1388aa0c4071ed477fc2856d7c834488527c6dea39b0e4960530fffa8ef8c0149dacea63963851c063d6436af4f977e03a8b,Y,07/12/2025 01:00:00 AM,30,UNKNOWN,UNKNOWN,UNKNOWN,UNKNOWN,PARKED MOTOR VEHICLE,ONE-WAY,,STRAIGHT AND LEVEL,UNKNOWN,UNKNOWN,NOT ON SCENE (DESK REPORT),NO INJURY / DRIVE AWAY,,,N,"OVER $1,500",07/21/2025 04:00:00 PM,UNABLE TO DETERMINE,UNABLE TO DETERMINE,3608,N,FREMONT ST,1923,,,,,,,2,NO INDICATION OF INJURY,0,0,0,0,0,1,0,1,7,7,41.9475946622,-87.6520649394,POINT (-87.652064939424 41.947594662151)
395c79cfef14f72c8512e11c68dd4400adfacc3c02c989dc5af336f393e2665046882f36b244ccc819dacd62755eb18989ada8030a10681085c56c9e816e365e,,07/12/2025 01:00:00 AM,30,UNKNOWN,UNKNOWN,UNKNOWN,"DARKNESS, LIGHTED ROAD",PARKED MOTOR VEHICLE,DIVIDED - W/MEDIAN (NOT RAISED),,STRAIGHT AND LEVEL,UNKNOWN,UNKNOWN,NOT ON SCENE (DESK REPORT),NO INJURY / DRIVE AWAY,,,Y,"OVER $1,500",07/18/2025 06:20:00 PM,FAILING TO REDUCE SPEED TO AVOID CRASH,UNABLE TO DETERMINE,229,S,WESTERN AVE,1225,,,,,,,2,NO INDICATION OF INJURY,0,0,0,0,0,1,0,1,7,7,41.8776646457,-87.6861964827,POINT (-87.686196482682 41.877664645689)
996135c9424347edd55645c28c6d1a1ca3b8769b2db3125a560ac0dda4da9126ef1a868e89c579fe1e85353f3a3e23a5d560f1c731b026147addbe86b4829879,,07/12/2025 01:00:00 AM,20,STOP SIGN/FLASHER,FUNCTIONING PROPERLY,CLEAR,"DARKNESS, LIGHTED ROAD",SIDESWIPE SAME DIRECTION,DIVIDED - W/MEDIAN (NOT RAISED),,STRAIGHT AND LEVEL,WET,NO DEFECTS,ON SCENE,INJURY AND / OR TOW DUE TO CRASH,Y,,,"OVER $1,500",07/12/2025 01:01:00 AM,UNABLE TO DETERMINE,UNABLE TO DETERMINE,1300,N,KEDZIE AVE,1422,,Y,,,,,2,NO INDICATION OF INJURY,0,0,0,0,0,2,0,1,7,7,41.9047082045,-87.7069966674,POINT (-87.706996667352 41.904708204545)
e2d82d832c95eac15a464823c2556a0aeeb00613ef3e5b7ae53ada78c282951a52894fdceb5a7482bbfddf605c871cad3017ee6df4ec3685a47cfd3fee49555c,,07/12/2025 12:39:00 AM,30,STOP SIGN/FLASHER,FUNCTIONING PROPERLY,RAIN,"DARKNESS, LIGHTED ROAD",ANGLE,NOT DIVIDED,,STRAIGHT AND LEVEL,WET,NO DEFECTS,ON SCENE,INJURY AND / OR TOW DUE TO CRASH,Y,,Y,"OVER $1,500",07/12/2025 12:39:00 AM,DISREGARDING STOP SIGN,DISREGARDING STOP SIGN,5602,S,RACINE AVE,713,,,,,,,2,"REPORTED, NOT EVIDENT",4,0,0,0,4,1,0,0,7,7,41.792196116,-87.6549714511,POINT (-87.654971451065 41.792196116046)
a63f0d77069626a10cf7a33b800c0815a6cc3f2eb810172af09994ec5a4e386fd59e2409299fb59fa44cbf041dc9d087f26e0e8fb7c24ebe115019965e6611b8,,07/12/2025 12:34:00 AM,30,NO CONTROLS,NO CONTROLS,RAIN,"DARKNESS, LIGHTED ROAD",PARKED MOTOR VEHICLE,NOT DIVIDED,,STRAIGHT AND LEVEL,WET,NO DEFECTS,ON SCENE,NO INJURY / DRIVE AWAY,,,,"OVER $1,500",07/12/2025 12:34:00 AM,"VISION OBSCURED (SIGNS, TREE LIMBS, BUILDINGS, ETC.)",NOT APPLICABLE,2347,W,AUGUSTA BLVD,1212,,Y,,,,,3,NO INDICATION OF INJURY,0,0,0,0,0,1,0,0,7,7,41.8992782475,-87.6863550665,POINT (-87.686355066519 41.899278247501)
178bf3a6f09e793e665ad247ac4f8f7956a0c58e8665af36462ff960f1a45e5ddf95062c0b8571cdb5f4579df8efd37023c1de65ebb9d17f43c9a25023431a81,,07/12/2025 12:26:00 AM,30,TRAFFIC SIGNAL,FUNCTIONING PROPERLY,RAIN,"DARKNESS, LIGHTED ROAD",HEAD ON,FOUR WAY,,STRAIGHT AND LEVEL,WET,NO DEFECTS,ON SCENE,INJURY AND / OR TOW DUE TO CRASH,,,Y,"OVER $1,500",07/12/2025 12:28:00 AM,UNABLE TO DETERMINE,UNABLE TO DETERMINE,3600,W,FRANKLIN BLVD,1122,,,,,,,2,INCAPACITATING INJURY,1,0,1,0,0,1,0,0,7,7,41.8900658713,-87.7163881774,POINT (-87.716388177396 41.890065871313)
ffcb88891c9118aea8e3d8d8e38e7027c95e7d1235306decc3a4b50f9c49a394e3ac604a218226c1ee1cc3c03dd9cfbf96162d370e1cb80f5dee859f27b78e4e,,07/12/2025 12:24:00 AM,30,UNKNOWN,UNKNOWN,RAIN,"DARKNESS, LIGHTED ROAD",PARKED MOTOR VEHICLE,NOT DIVIDED,,STRAIGHT AND LEVEL,WET,NO DEFECTS,ON SCENE,NO INJURY / DRIVE AWAY,,,Y,"OVER $1,500",07/12/2025 12:25:00 AM,NOT APPLICABLE,NOT APPLICABLE,6205,W,FULLERTON AVE,2512,,,,,,,2,NO INDICATION OF INJURY,0,0,0,0,0,1,0,0,7,7,41.9236391642,-87.7807920562,POINT (-87.780792056231 41.92363916422)
369cddbd7324b64dcd19f0680559f7888727ce597b0896f54e51434ea0560b09f27cce00590999d39b55e18fccb69e534b86cba8ba960b85481e0318dc62d333,,07/12/2025 12:18:00 AM,35,NO CONTROLS,NO CONTROLS,CLOUDY/OVERCAST,"DARKNESS, LIGHTED ROAD",SIDESWIPE SAME DIRECTION,DIVIDED - W/MEDIAN BARRIER,,STRAIGHT AND LEVEL,WET,NO DEFECTS,ON SCENE,INJURY AND / OR TOW DUE TO CRASH,,,,"OVER $1,500",07/12/2025 12:18:00 AM,WEATHER,NOT APPLICABLE,5900,S,LAKE SHORE DR,331,,,,,,,2,NONINCAPACITATING INJURY,1,0,0,1,0,4,0,0,7,7,41.7877235356,-87.5779401845,POINT (-87.577940184491 41.787723535558)
2b3b979e3ab2a91ff85f8ce86eb7204cbc87098347a30827c1cd5258dc136c518f4992cc5b7c07964f8cf73bdc426f9448e2ba0b88fd074fe471188b9ddd6c61,,07/12/2025 12:00:00 AM,30,TRAFFIC SIGNAL,FUNCTIONING PROPERLY,CLEAR,"DARKNESS, LIGHTED ROAD",TURNING,NOT DIVIDED,,STRAIGHT AND LEVEL,WET,NO DEFECTS,ON SCENE,INJURY AND / OR TOW DUE TO CRASH,Y,,,"OVER $1,500",07/12/2025 12:09:00 AM,FAILING TO YIELD RIGHT-OF-WAY,FAILING TO REDUCE SPEED TO AVOID CRASH,6501,S,CICERO AVE,833,,,,,,,2,"REPORTED, NOT EVIDENT",2,0,0,0,2,1,0,0,7,7,41.7746945416,-87.7420133008,POINT (-87.742013300808 41.774694541589)
db437a64d719002f0d034ef5db5c12a74f1f95b742d5510d8eeca2a9c344275960d5aa88a455d32b4c6554145cc5310a2c5ab867c2f28f49bfb1ce39feae8550,Y,07/11/2025 11:58:00 PM,30,UNKNOWN,UNKNOWN,UNKNOWN,UNKNOWN,PARKED MOTOR VEHICLE,NOT DIVIDED,,STRAIGHT AND LEVEL,UNKNOWN,UNKNOWN,NOT ON SCENE (DESK REPORT),NO INJURY / DRIVE AWAY,,,Y,"OVER $1,500",07/15/2025 06:30:00 PM,UNABLE TO DETERMINE,NOT APPLICABLE,1502,N,CENTRAL PARK AVE,2535,,,,,,,2,NO INDICATION OF INJURY,0,0,0,0,0,1,0,23,6,7,41.9082780899,-87.7168931514,POINT (-87.716893151406 41.908278089866)
18e4122859f71784a979e60cd01bfcea6e25c36579b7355e4d2dbb5f145dab35c84b423563935c3cac3f71e9b1af64313727bc3883edd4a623b0cf0bafada865,,07/11/2025 11:52:00 PM,30,NO CONTROLS,NO CONTROLS,RAIN,"DARKNESS, LIGHTED ROAD",TURNING,T-INTERSECTION,,STRAIGHT AND LEVEL,WET,NO DEFECTS,ON SCENE,INJURY AND / OR TOW DUE TO CRASH,,,Y,"$501 - $1,500",07/12/2025 12:37:00 AM,UNABLE TO DETERMINE,UNABLE TO DETERMINE,5900,S,FRANCISCO AVE,824,,,,,,,2,NO INDICATION OF INJURY,0,0,0,0,0,2,0,23,6,7,41.7862725437,-87.69617708,POINT (-87.696177079956 41.786272543656)
5054ce39d93383264ebf285b90276f936d53396288a0c63cf9fb6ef69f729513921d1e0b0653022e97e3b7eedd3e0c48a50fd73517d0fa6639f3f4bc1b36632a,Y,07/11/2025 11:50:00 PM,30,NO CONTROLS,NO CONTROLS,CLEAR,"DARKNESS, LIGHTED ROAD",FIXED OBJECT,NOT DIVIDED,,"CURVE, LEVEL",WET,UNKNOWN,ON SCENE,INJURY AND / OR TOW DUE TO CRASH,,,,"OVER $1,500",07/11/2025 11:59:00 PM,WEATHER,EQUIPMENT - VEHICLE CONDITION,534,N,SACRAMENTO BLVD,1221,,,,,,,1,INCAPACITATING INJURY,2,0,2,0,0,0,0,23,6,7,41.8915471464,-87.7021355631,POINT (-87.70213556308 41.89154714643)
63ef529200875ffeb09396ff266008ce1476074769a9d84a057ead3249936cbdef0982670a81ab5c42e269c35c99efd3641a4fe4e02c030ceb337260beb0b1d6,,07/11/2025 11:47:00 PM,30,NO CONTROLS,NO CONTROLS,CLEAR,"DARKNESS, LIGHTED ROAD",SIDESWIPE SAME DIRECTION,DIVIDED - W/MEDIAN BARRIER,,STRAIGHT AND LEVEL,DRY,NO DEFECTS,NOT ON SCENE (DESK REPORT),NO INJURY / DRIVE AWAY,,,Y,"OVER $1,500",07/12/2025 08:17:00 AM,UNABLE TO DETERMINE,NOT APPLICABLE,1438,W,95TH ST,2222,,,,,,,2,NO INDICATION OF INJURY,0,0,0,0,0,3,0,23,6,7,41.7213641443,-87.659415086,POINT (-87.659415085995 41.72136414426)