CRASH_RECORD_ID,CRASH_DATE_EST_I,CRASH_DATE,POSTED_SPEED_LIMIT,TRAFFIC_CONTROL_DEVICE,DEVICE_CONDITION,WEATHER_CONDITION,LIGHTING_CONDITION,FIRST_CRASH_TYPE,TRAFFICWAY_TYPE,LANE_CNT,ALIGNMENT,ROADWAY_SURFACE_COND,ROAD_DEFECT,REPORT_TYPE,CRASH_TYPE,INTERSECTION_RELATED_I,NOT_RIGHT_OF_WAY_I,HIT_AND_RUN_I,DAMAGE,DATE_POLICE_NOTIFIED,PRIM_CONTRIBUTORY_CAUSE,SEC_CONTRIBUTORY_CAUSE,STREET_NO,STREET_DIRECTION,STREET_NAME,BEAT_OF_OCCURRENCE,PHOTOS_TAKEN_I,STATEMENTS_TAKEN_I,DOORING_I,WORK_ZONE_I,WORK_ZONE_TYPE,WORKERS_PRESENT_I,NUM_UNITS,MOST_SEVERE_INJURY,INJURIES_TOTAL,INJURIES_FATAL,INJURIES_INCAPACITATING,INJURIES_NON_INCAPACITATING,INJURIES_REPORTED_NOT_EVIDENT,INJURIES_NO_INDICATION,INJURIES_UNKNOWN,CRASH_HOUR,CRASH_DAY_OF_WEEK,CRASH_MONTH,LATITUDE,LONGITUDE,LOCATION
254a6cd0d970decb55b527cfa3fb77b9384d7a0927f4e705a1f5f5b87678318d435baa172c512986e46df713bc6f07df751a478160f0290624d840de233e8981,,07/11/2025 11:45:00 PM,30,NO CONTROLS,NO CONTROLS,SEVERE CROSS WIND GATE,UNKNOWN,HEAD ON,ALLEY,,STRAIGHT AND LEVEL,DRY,NO DEFECTS,NOT ON SCENE (DESK REPORT),INJURY AND / OR TOW DUE TO CRASH,,,Y,"OVER $1,500",07/12/2025 12:15:00 AM,UNABLE TO DETERMINE,NOT APPLICABLE,5959,S,KARLOV AVE,813,,,,,,,2,NO INDICATION OF INJURY,0,0,0,0,0,1,0,23,6,7,41.7841799059,-87.7252133125,POINT (-87.725213312478 41.784179905889)
77a17fb835750a1004556a48bc1494d06275da9b6fd030a10c78d771acc740dbd74c73286e7ff1c4e004b5606933742678005be0133f931a78e7042241415d0b,,07/11/2025 11:30:00 PM,30,TRAFFIC SIGNAL,FUNCTIONING PROPERLY,CLEAR,"DARKNESS, LIGHTED ROAD",OTHER NONCOLLISION,FOUR WAY,,STRAIGHT AND LEVEL,DRY,UNKNOWN,NOT ON SCENE (DESK REPORT),INJURY AND / OR TOW DUE TO CRASH,,,,$500 OR LESS,07/12/2025 12:34:00 AM,NOT APPLICABLE,NOT APPLICABLE,599,N,ORLEANS ST,1831,,,,,,,2,"REPORTED, NOT EVIDENT",1,0,0,0,1,1,0,23,6,7,41.8923351748,-87.6369067156,POINT (-87.636906715632 41.89233517483)
c6e5940d7cf46dfd4f6d30443d690f43801f19d9445e1cb0a380710a31f6bcdaebf9c03f71ac66b8fef3cb0a2f660e16a46820d744a89baa08f3ac721f097349,,07/11/2025 11:30:00 PM,30,TRAFFIC SIGNAL,FUNCTIONING PROPERLY,CLEAR,"DARKNESS, LIGHTED ROAD",TURNING,FOUR WAY,,STRAIGHT AND LEVEL,DRY,NO DEFECTS,ON SCENE,NO INJURY / DRIVE AWAY,,,Y,$500 OR LESS,07/11/2025 11:33:00 PM,IMPROPER OVERTAKING/PASSING,IMPROPER TURNING/NO SIGNAL,2358,W,LAWRENCE AVE,2031,,,,,,,2,NO INDICATION OF INJURY,0,0,0,0,0,2,0,23,6,7,41.96872478,-87.6888910972,POINT (-87.688891097244 41.968724779964)
489a6c56c548f688a52227c407a202e80ea667d9ace2e2587ff8589703224d6ccee2263b0ef04f3e1c3e21312814d368e8670aca2d2e918c712d491a6f66119a,N,07/11/2025 11:07:00 PM,30,NO CONTROLS,NO CONTROLS,CLEAR,"DARKNESS, LIGHTED ROAD",PARKED MOTOR VEHICLE,NOT DIVIDED,,STRAIGHT AND LEVEL,DRY,NO DEFECTS,ON SCENE,INJURY AND / OR TOW DUE TO CRASH,,,Y,"OVER $1,500",07/11/2025 11:48:00 PM,UNABLE TO DETERMINE,UNABLE TO DETERMINE,3604,W,59TH ST,822,,,,,,,2,NO INDICATION OF INJURY,0,0,0,0,0,1,0,23,6,7,41.7861943254,-87.7136278258,POINT (-87.713627825762 41.786194325405)
08c789a8f66477527dea7f7fc47c399823cb323d9c876852ea1189e80c02840102ad9aa044da388c585538bc526b58b20b8e2edf5d642e503470febefd27db52,,07/11/2025 11:00:00 PM,30,NO CONTROLS,NO CONTROLS,CLEAR,DAYLIGHT,ANGLE,FOUR WAY,,STRAIGHT AND LEVEL,DRY,NO DEFECTS,NOT ON SCENE (DESK REPORT),NO INJURY / DRIVE AWAY,Y,,Y,"OVER $1,500",07/14/2025 07:26:00 PM,FAILING TO YIELD RIGHT-OF-WAY,NOT APPLICABLE,5050,W,GRAND AVE,2533,,,,,,,2,NO INDICATION OF INJURY,0,0,0,0,0,2,0,23,6,7,41.9166439428,-87.7525786089,POINT (-87.752578608862 41.916643942795)
bd56a4c83e4bbcfed631271439ad444f5278679037dbc8174ebfa7c345a1960c589f397a4105bf230fb1e72e49fa03a473e743dd4a3f0cbfb9dbf8c3e39de541,,07/11/2025 11:00:00 PM,25,TRAFFIC SIGNAL,FUNCTIONING PROPERLY,CLEAR,"DARKNESS, LIGHTED ROAD",SIDESWIPE SAME DIRECTION,FOUR WAY,,STRAIGHT AND LEVEL,DRY,NO DEFECTS,NOT ON SCENE (DESK REPORT),NO INJURY / DRIVE AWAY,,,,"OVER $1,500",07/11/2025 11:50:00 PM,IMPROPER OVERTAKING/PASSING,IMPROPER OVERTAKING/PASSING,498,N,WELLS ST,1831,Y,,,,,,2,NO INDICATION OF INJURY,0,0,0,0,0,2,0,23,6,7,41.8907430967,-87.6341950417,POINT (-87.634195041702 41.890743096706)
4ed53e97450d107e17cdc271192878e615e4bd78732bfc6598f2bdebf067647a62e31efb43e38036718e9ba2ac1340a49a0bc88fdf23acd5ca69e9547e0738f2,,07/11/2025 10:52:00 PM,30,NO CONTROLS,UNKNOWN,UNKNOWN,"DARKNESS, LIGHTED ROAD",PARKED MOTOR VEHICLE,ONE-WAY,,STRAIGHT AND LEVEL,UNKNOWN,UNKNOWN,NOT ON SCENE (DESK REPORT),NO INJURY / DRIVE AWAY,,,Y,"OVER $1,500",07/12/2025 02:15:00 PM,UNABLE TO DETERMINE,UNABLE TO DETERMINE,840,N,SPRINGFIELD AVE,1112,,,,,,,3,NO INDICATION OF INJURY,0,0,0,0,0,1,0,22,6,7,41.8966123261,-87.7238181412,POINT (-87.723818141161 41.896612326139)
ecaf0b6f769c7c040cf626e988c5f872922761cc0d8538bff7cb132a9c92892c44199f6e322b4dfbd8ef63493ecaaeb2fe5ebaeddb4e00d938c7d2467f72b04a,,07/11/2025 10:45:00 PM,30,STOP SIGN/FLASHER,FUNCTIONING PROPERLY,CLEAR,"DARKNESS, LIGHTED ROAD",REAR END,FOUR WAY,,STRAIGHT AND LEVEL,UNKNOWN,UNKNOWN,NOT ON SCENE (DESK REPORT),NO INJURY / DRIVE AWAY,Y,,,"OVER $1,500",07/12/2025 05:19:00 PM,UNABLE TO DETERMINE,NOT APPLICABLE,3909,W,BELMONT AVE,2523,,,,,,,2,NO INDICATION OF INJURY,0,0,0,0,0,2,0,22,6,7,41.9390206079,-87.7242515797,POINT (-87.724251579729 41.939020607869)
0ac71196eca6c8575ebf74a568546d7e8f2c1b60e2554c0cf4fe54f4deea5ae13097405e675a25de838277b972d61d9e20276107f7083e1ade3cd9c55e79af00,,07/11/2025 10:40:00 PM,30,TRAFFIC SIGNAL,FUNCTIONING PROPERLY,CLEAR,DARKNESS,REAR END,FOUR WAY,,STRAIGHT AND LEVEL,DRY,UNKNOWN,NOT ON SCENE (DESK REPORT),NO INJURY / DRIVE AWAY,,,N,"$501 - $1,500",07/12/2025 01:40:00 AM,UNABLE TO DETERMINE,NOT APPLICABLE,3136,S,DAMEN AVE,912,,,,,,,2,NO INDICATION OF INJURY,0,0,0,0,0,3,0,22,6,7,41.8365738387,-87.6755847416,POINT (-87.675584741641 41.836573838695)
8121297b70217bad39623978a929621ddbdb94226cc1b3ea6087f70dd3b6474328b27f17e25c6329a5858c3da2a48f295197ba3d143945511c138b32bdce3317,,07/11/2025 10:40:00 PM,30,TRAFFIC SIGNAL,FUNCTIONING PROPERLY,RAIN,"DARKNESS, LIGHTED ROAD",REAR END,FOUR WAY,,STRAIGHT AND LEVEL,WET,NO DEFECTS,NOT ON SCENE (DESK REPORT),NO INJURY / DRIVE AWAY,Y,,Y,"OVER $1,500",07/12/2025 09:00:00 AM,FOLLOWING TOO CLOSELY,WEATHER,1201,S,HALSTED ST,1232,,,,,,,2,NO INDICATION OF INJURY,0,0,0,0,0,2,0,22,6,7,41.8671275148,-87.6467711256,POINT (-87.646771125612 41.86712751475)
c76131bbf2a9a6ab91b578978d393d9b68c74baf84b2ffd755fc6761129b37d3d6af57afa0955697c2646b5170ee3790a045e8e91a0cfc3f73a5e13b96535283,,07/11/2025 10:35:00 PM,30,STOP SIGN/FLASHER,FUNCTIONING PROPERLY,CLEAR,"DARKNESS, LIGHTED ROAD",REAR END,FOUR WAY,,STRAIGHT AND LEVEL,DRY,NO DEFECTS,ON SCENE,INJURY AND / OR TOW DUE TO CRASH,,,,"OVER $1,500",07/11/2025 10:35:00 PM,FAILING TO REDUCE SPEED TO AVOID CRASH,NOT APPLICABLE,11058,S,EWING AVE,433,,,,,,,2,NONINCAPACITATING INJURY,1,0,0,1,0,2,0,22,6,7,41.6937518357,-87.5354290091,POINT (-87.53542900906 41.693751835715)
fc3cb3a1dcaeee298c0f24ab2f1c764317e64e285408d0addbc1b095c8d1ddc436fd32bc656607fe32160422a1eba3a9ba8643b89be24976a4bed0e7cc314562,,07/11/2025 10:35:00 PM,30,NO CONTROLS,NO CONTROLS,RAIN,DARKNESS,PARKED MOTOR VEHICLE,DIVIDED - W/MEDIAN (NOT RAISED),,STRAIGHT AND LEVEL,WET,NO DEFECTS,ON SCENE,INJURY AND / OR TOW DUE TO CRASH,,,,"OVER $1,500",07/11/2025 10:39:00 PM,IMPROPER LANE USAGE,NOT APPLICABLE,205,N,LARAMIE AVE,1532,,,,,,,2,NONINCAPACITATING INJURY,1,0,0,1,0,0,0,22,6,7,41.8845205272,-87.7550705652,POINT (-87.755070565188 41.884520527206)
20d21bc696e007d45cf6286daa864c911455f19f47026a3fb3f2b314725f8e979c6dfbef7b728c1f9628b1c861ce4c43c9b9f79f514675d145ca96db64af1bd8,,07/11/2025 10:30:00 PM,30,NO CONTROLS,NO CONTROLS,RAIN,DUSK,SIDESWIPE SAME DIRECTION,NOT DIVIDED,,STRAIGHT AND LEVEL,WET,NO DEFECTS,NOT ON SCENE (DESK REPORT),NO INJURY / DRIVE AWAY,,,Y,"OVER $1,500",07/12/2025 08:03:00 PM,FAILING TO YIELD RIGHT-OF-WAY,NOT APPLICABLE,2552,W,59TH ST,824,,,,,,,2,NO INDICATION OF INJURY,0,0,0,0,0,2,0,22,6,7,41.7866009693,-87.6884063773,POINT (-87.688406377342 41.786600969326)
39c7381c14e43635933c42b3a88b19e2f29c9617069bf6f2d0c17c9f48280381be94d32a752ebdea66b7fa5714e45f7284b5e45b0b4ee536d6baa7ea0e6d94e6,,07/11/2025 10:30:00 PM,30,TRAFFIC SIGNAL,FUNCTIONING PROPERLY,CLEAR,"DARKNESS, LIGHTED ROAD",TURNING,DIVIDED - W/MEDIAN BARRIER,,STRAIGHT AND LEVEL,DRY,NO DEFECTS,ON SCENE,INJURY AND / OR TOW DUE TO CRASH,,,Y,"OVER $1,500",07/11/2025 11:19:00 PM,FAILING TO YIELD RIGHT-OF-WAY,NOT APPLICABLE,1705,N,LA SALLE DR,1814,,,,,,,2,"REPORTED, NOT EVIDENT",1,0,0,0,1,1,0,22,6,7,41.9130026841,-87.6327668847,POINT (-87.632766884715 41.913002684131)
782cf5af4afb920b7f11d7dd01d54e924a57f257b8d231eef573f7a34aa4e73e028fed4b583b7d16439dd8af642dfaadc2b0a60395a55f05ae968466d6284e3a,,07/11/2025 10:30:00 PM,30,NO CONTROLS,NO CONTROLS,CLEAR,DAYLIGHT,TURNING,DIVIDED - W/MEDIAN (NOT RAISED),,STRAIGHT AND LEVEL,DRY,NO DEFECTS,NOT ON SCENE (DESK REPORT),NO INJURY / DRIVE AWAY,,,Y,"OVER $1,500",07/12/2025 12:40:00 PM,UNABLE TO DETERMINE,UNABLE TO DETERMINE,12201,S,HALSTED ST,523,,,,,,,2,NO INDICATION OF INJURY,0,0,0,0,0,3,0,22,6,7,41.6722695974,-87.6415764808,POINT (-87.641576480841 41.672269597431)
3ea8bdb9428304d214aaf390572f376d21fc2b08b321bd3d66bf506e427d0b1e47a2a209e23724d8c0edfc4dab55c0fd50962ecd302a779dc5e4ae23b137c19a,,07/11/2025 10:25:00 PM,30,NO CONTROLS,NO CONTROLS,UNKNOWN,UNKNOWN,SIDESWIPE SAME DIRECTION,NOT DIVIDED,,STRAIGHT AND LEVEL,UNKNOWN,UNKNOWN,NOT ON SCENE (DESK REPORT),NO INJURY / DRIVE AWAY,,,,"OVER $1,500",07/12/2025 12:24:00 AM,FAILING TO YIELD RIGHT-OF-WAY,FAILING TO YIELD RIGHT-OF-WAY,2425,N,CLARK ST,1935,,,,,,,2,NO INDICATION OF INJURY,0,0,0,0,0,4,0,22,6,7,41.9263189383,-87.6407688956,POINT (-87.64076889557 41.926318938297)
c7f89f6e1402981ec20f6475ac056504b1ad34e448178e544336b0ce666d73853ea2797805a00861e8403e9db768b942afc75bf2ffa8ea24513326e04b9a7b7f,,07/11/2025 10:25:00 PM,35,NO CONTROLS,NO CONTROLS,CLEAR,DUSK,PARKED MOTOR VEHICLE,ONE-WAY,,STRAIGHT AND LEVEL,WET,UNKNOWN,ON SCENE,NO INJURY / DRIVE AWAY,,,,$500 OR LESS,07/11/2025 10:25:00 PM,NOT APPLICABLE,NOT APPLICABLE,3825,W,ADAMS ST,1122,,,,,,,3,NO INDICATION OF INJURY,0,0,0,0,0,3,0,22,6,7,41.877918399,-87.7217297123,POINT (-87.721729712328 41.877918398981)
f6a1ed2d68008ed49af5173d1a1cce1e1b0b7f4fed9bf15b90ea5c1e3983b2e92995ddb3c8c190883433a887fae46319a5f6f771a4123ac35d1d11b846e3db7c,,07/11/2025 10:25:00 PM,30,NO CONTROLS,NO CONTROLS,CLEAR,DARKNESS,OTHER OBJECT,DIVIDED - W/MEDIAN (NOT RAISED),,STRAIGHT AND LEVEL,UNKNOWN,NO DEFECTS,ON SCENE,NO INJURY / DRIVE AWAY,,,Y,"OVER $1,500",07/12/2025 10:54:00 AM,FAILING TO REDUCE SPEED TO AVOID CRASH,UNABLE TO DETERMINE,2336,N,PULASKI RD,2525,,,,,,,1,NO INDICATION OF INJURY,0,0,0,0,0,1,0,22,6,7,41.9237506896,-87.7268959631,POINT (-87.72689596313 41.92375068963)
a3d5896a318d4c08d918e3069979494e0237ca8707645605e2919aaf8471fd5ec194fc762bf8737ddf4d961cdda4d55bc4e4f4a514bd8dea6466e2e2d2ea8530,,07/11/2025 10:24:00 PM,30,NO CONTROLS,NO CONTROLS,RAIN,"DARKNESS, LIGHTED ROAD",SIDESWIPE SAME DIRECTION,NOT DIVIDED,,STRAIGHT AND LEVEL,WET,NO DEFECTS,ON SCENE,NO INJURY / DRIVE AWAY,,,,$500 OR LESS,07/11/2025 10:24:00 PM,DRIVING SKILLS/KNOWLEDGE/EXPERIENCE,NOT APPLICABLE,4444,W,LAWRENCE AVE,1712,,,,,,,2,NO INDICATION OF INJURY,0,0,0,0,0,2,0,22,6,7,41.9682242321,-87.7397474866,POINT (-87.739747486554 41.968224232061)
5f43f7e5dd7ccd5a97ca214eba57904ab4c4e5db9caba48ff50c31a1ade44fb890d85c1be7185e1b2709b24e10a9247c82d40b4b14bd8a8525131ec4c1aa14c0,,07/11/2025 10:15:00 PM,30,NO CONTROLS,NO CONTROLS,CLEAR,"DARKNESS, LIGHTED ROAD",SIDESWIPE SAME DIRECTION,DIVIDED - W/MEDIAN (NOT RAISED),,STRAIGHT AND LEVEL,DRY,NO DEFECTS,NOT ON SCENE (DESK REPORT),NO INJURY / DRIVE AWAY,,,Y,"$501 - $1,500",07/11/2025 11:20:00 PM,UNABLE TO DETERMINE,NOT APPLICABLE,346,W,127TH ST,523,,,,,,,2,NO INDICATION OF INJURY,0,0,0,0,0,2,0,22,6,7,41.6634306072,-87.631217593,POINT (-87.631217592971 41.663430607184)
912e76e43505d4a2bfeeed015cadcb791934282049f5101e7deefa0df6ac7cd1c6c9cb3770a3277404bfb11cacb431aa325a776c60423bc9ef4818eb2a169312,,07/11/2025 10:10:00 PM,30,TRAFFIC SIGNAL,FUNCTIONING PROPERLY,CLEAR,"DARKNESS, LIGHTED ROAD",SIDESWIPE SAME DIRECTION,DIVIDED - W/MEDIAN (NOT RAISED),,STRAIGHT AND LEVEL,DRY,NO DEFECTS,NOT ON SCENE (DESK REPORT),NO INJURY / DRIVE AWAY,,,,"OVER $1,500",07/11/2025 10:35:00 PM,IMPROPER OVERTAKING/PASSING,IMPROPER OVERTAKING/PASSING,6001,N,CLARK ST,2433,,,,,,,2,NO INDICATION OF INJURY,0,0,0,0,0,3,0,22,6,7,41.9908457233,-87.6698787824,POINT (-87.669878782439 41.990845723305)
01ca3cf81a582773609f03db0b7d662c7f684a4594ae53d5db9921b3c63871a752fd028a8d1f5d7d596a4b4174ff77a82490e57cb231f54239c19a5ab8ad3c1c,,07/11/2025 10:05:00 PM,20,NO CONTROLS,NO CONTROLS,CLEAR,"DARKNESS, LIGHTED ROAD",PARKED MOTOR VEHICLE,ALLEY,,STRAIGHT AND LEVEL,DRY,NO DEFECTS,NOT ON SCENE (DESK REPORT),NO INJURY / DRIVE AWAY,,,,"$501 - $1,500",07/11/2025 11:23:00 PM,UNABLE TO DETERMINE,NOT APPLICABLE,2720,S,MICHIGAN AVE,133,,,,,,,2,NO INDICATION OF INJURY,0,0,0,0,0,1,0,22,6,7,41.8436942945,-87.6237346815,POINT (-87.623734681531 41.843694294509)
7e6a834163fe0130e5f00cd667f54155e72aacbdcf96f5bde0fa42e23c5a8b514cd5828dc2a789a4119f587c51ee35bcd765b4d47e67cc745690b0330c713977,,07/11/2025 10:05:00 PM,30,STOP SIGN/FLASHER,FUNCTIONING PROPERLY,RAIN,"DARKNESS, LIGHTED ROAD",ANGLE,DIVIDED - W/MEDIAN (NOT RAISED),,STRAIGHT AND LEVEL,WET,UNKNOWN,ON SCENE,INJURY AND / OR TOW DUE TO CRASH,Y,,,"OVER $1,500",07/11/2025 10:45:00 PM,UNABLE TO DETERMINE,UNABLE TO DETERMINE,5658,N,KIMBALL AVE,1711,,,,,,,2,NO INDICATION OF INJURY,0,0,0,0,0,4,0,22,6,7,41.9847303708,-87.713954902,POINT (-87.713954902044 41.984730370759)
450f94f43a0a1a292b18395d7ae7d32ab59f9c55c52d6df7427e705d61dd9f29bdd0a0b033be62bbea50e8d2e29d5273fcfb1ff7fa261cc919daa241a8560843,,07/11/2025 10:03:00 PM,30,NO CONTROLS,NO CONTROLS,RAIN,"DARKNESS, LIGHTED ROAD",PEDALCYCLIST,NOT DIVIDED,,STRAIGHT AND LEVEL,WET,NO DEFECTS,ON SCENE,INJURY AND / OR TOW DUE TO CRASH,,,Y,"OVER $1,500",07/11/2025 11:17:00 PM,UNABLE TO DETERMINE,NOT APPLICABLE,831,N,AUSTIN BLVD,1511,,,,,,,2,NONINCAPACITATING INJURY,1,0,0,1,0,1,0,22,6,7,41.8955758706,-87.7750112266,POINT (-87.775011226631 41.895575870633)
de8f848acd5670c63716100d8ec5800fcb61e552b0211fe385822ba588a13acef086fdfd08ff2dea358a4caaa28a4764eb382d473ca1d158a053455e9d80f0d5,,07/11/2025 10:03:00 PM,30,TRAFFIC SIGNAL,FUNCTIONING PROPERLY,RAIN,"DARKNESS, LIGHTED ROAD",SIDESWIPE SAME DIRECTION,ONE-WAY,,STRAIGHT AND LEVEL,WET,NO DEFECTS,NOT ON SCENE (DESK REPORT),NO INJURY / DRIVE AWAY,,,,"OVER $1,500",07/11/2025 10:30:00 PM,IMPROPER OVERTAKING/PASSING,NOT APPLICABLE,5198,W,FLOURNOY ST,1533,,,,,,,2,NO INDICATION OF INJURY,0,0,0,0,0,2,0,22,6,7,41.872068325,-87.7546986359,POINT (-87.754698635907 41.872068325045)
3bbe7a2d17823ecae96cef1b94f12319f0cfa738cfbe9c386c32aad1d324334f0e4b0b5655a8d7cb24be18e370383e8618e3e3de2c762fd20f39c14409ccf9f4,,07/11/2025 10:00:00 PM,25,TRAFFIC SIGNAL,UNKNOWN,CLEAR,DUSK,REAR END,DIVIDED - W/MEDIAN (NOT RAISED),,STRAIGHT AND LEVEL,DRY,UNKNOWN,NOT ON SCENE (DESK REPORT),INJURY AND / OR TOW DUE TO CRASH,,,,"OVER $1,500",07/15/2025 07:10:00 PM,FAILING TO REDUCE SPEED TO AVOID CRASH,UNABLE TO DETERMINE,3603,W,26TH ST,1032,,,,,,,2,NO INDICATION OF INJURY,0,0,0,0,0,5,0,22,6,7,41.8442729609,-87.714936371,POINT (-87.714936371017 41.84427296085)
a6bb4968e3d296cb260fd879063a57823156660e0a6f6ed7565a841ea08d42247a1492f9135b51bd36f7426c0f60263c182461edf273fd34c05d687bbdb88e55,,07/11/2025 10:00:00 PM,30,STOP SIGN/FLASHER,FUNCTIONING PROPERLY,CLEAR,"DARKNESS, LIGHTED ROAD",REAR END,FOUR WAY,,STRAIGHT AND LEVEL,DRY,NO DEFECTS,ON SCENE,INJURY AND / OR TOW DUE TO CRASH,Y,,,"OVER $1,500",07/11/2025 10:03:00 PM,UNDER THE INFLUENCE OF ALCOHOL/DRUGS (USE WHEN ARREST IS EFFECTED),FOLLOWING TOO CLOSELY,2204,N,CENTRAL PARK AVE,2525,,,,,,,2,NONINCAPACITATING INJURY,1,0,0,1,0,4,0,22,6,7,41.9211043698,-87.7170379987,POINT (-87.717037998748 41.921104369773)
10336b15bbec183beeb9ee6b45da51480417dbd67a17447ee479309e1389e6acb27878fde9bd078643797fdd2eb647681d31d3d2f26d17d1eeade2d010c6fd84,,07/11/2025 09:45:00 PM,30,STOP SIGN/FLASHER,FUNCTIONING PROPERLY,CLEAR,"DARKNESS, LIGHTED ROAD",REAR END,FOUR WAY,,STRAIGHT AND LEVEL,DRY,UNKNOWN,ON SCENE,NO INJURY / DRIVE AWAY,,,,$500 OR LESS,07/11/2025 09:48:00 PM,UNABLE TO DETERMINE,UNABLE TO DETERMINE,73,E,75TH ST,623,,,,,,,2,NO INDICATION OF INJURY,0,0,0,0,0,3,0,21,6,7,41.7581769443,-87.6218416642,POINT (-87.621841664209 41.758176944313)
244403e40a2a19d6bb9944c944415a6c90b17965e466c6ef542942c26322ffa083cb8e771be9a6f3c4d14786999a977b0a921a2012f2a85dba60c0a5f4112173,,07/11/2025 09:40:00 PM,30,TRAFFIC SIGNAL,FUNCTIONING PROPERLY,CLEAR,"DARKNESS, LIGHTED ROAD",REAR END,T-INTERSECTION,,STRAIGHT AND LEVEL,DRY,NO DEFECTS,NOT ON SCENE (DESK REPORT),INJURY AND / OR TOW DUE TO CRASH,Y,,,"OVER $1,500",07/11/2025 10:30:00 PM,FOLLOWING TOO CLOSELY,UNABLE TO DETERMINE,8000,S,STATE ST,623,,,,,,,2,NO INDICATION OF INJURY,0,0,0,0,0,2,0,21,6,7,41.7490285683,-87.6246230458,POINT (-87.624623045796 41.749028568338)
c9078525c70ec2e44fe20e4e2d8f74e38a16cd9877f682badc8da301b7b5c98a6be5fd63fd94cbbbe2a80f92ab3be977b6a3b0a2c3fcf346090d0d507b9c983f,,07/11/2025 09:33:00 PM,30,TRAFFIC SIGNAL,FUNCTIONING PROPERLY,CLEAR,"DARKNESS, LIGHTED ROAD",REAR END,NOT DIVIDED,,STRAIGHT AND LEVEL,DRY,NO DEFECTS,ON SCENE,INJURY AND / OR TOW DUE TO CRASH,,,,"OVER $1,500",07/11/2025 09:38:00 PM,FAILING TO REDUCE SPEED TO AVOID CRASH,NOT APPLICABLE,1300,W,DIVISION ST,1433,,,,,,,2,"REPORTED, NOT EVIDENT",2,0,0,0,2,4,0,21,6,7,41.9035617365,-87.6606889921,POINT (-87.660688992137 41.903561736471)
4fe5b00b32f080259f197c00e841fac4d0ee55c7753aa39fdbace3e33318c28fd84084f74edfee6705f341b3b734dcc46b88296545eedd867a77740c31e47435,,07/11/2025 09:30:00 PM,30,NO CONTROLS,NO CONTROLS,RAIN,"DARKNESS, LIGHTED ROAD",PARKED MOTOR VEHICLE,NOT DIVIDED,,STRAIGHT AND LEVEL,WET,NO DEFECTS,ON SCENE,INJURY AND / OR TOW DUE TO CRASH,,,Y,"OVER $1,500",07/11/2025 10:51:00 PM,UNABLE TO DETERMINE,UNABLE TO DETERMINE,848,N,ASHLAND AVE,1213,,,,,,,2,NO INDICATION OF INJURY,0,0,0,0,0,1,0,21,6,7,41.8975177673,-87.6674785752,POINT (-87.667478575236 41.897517767345)
71c888626070ef5609aa8028f888788500d1ec7cab9b4b9a09ce6c9c99df23fbe9243d4c20f6cf0d476acd4bdc763ed2aec6c833b6aa3cef516b9736f3cd7187,,07/11/2025 09:30:00 PM,30,TRAFFIC SIGNAL,NO CONTROLS,CLEAR,"DARKNESS, LIGHTED ROAD",REAR END,DIVIDED - W/MEDIAN (NOT RAISED),,STRAIGHT AND LEVEL,DRY,UNKNOWN,NOT ON SCENE (DESK REPORT),NO INJURY / DRIVE AWAY,,,,"$501 - $1,500",07/11/2025 10:10:00 PM,UNABLE TO DETERMINE,NOT APPLICABLE,840,W,TAYLOR ST,1232,,,,,,,2,NO INDICATION OF INJURY,0,0,0,0,0,3,0,21,6,7,41.8696887918,-87.6485899089,POINT (-87.648589908916 41.869688791843)
891ef10c420cb3ee386e87b76f98f18752cf99cc9e8532ae1ee4f5869d04f0d6a176213f6aaaaa53ae83ede2b9cfc2d2ff558e23097b51cb9f4f8f8aec2595e3,Y,07/11/2025 09:30:00 PM,30,TRAFFIC SIGNAL,UNKNOWN,CLEAR,"DARKNESS, LIGHTED ROAD",PEDESTRIAN,FOUR WAY,,STRAIGHT AND LEVEL,DRY,NO DEFECTS,ON SCENE,INJURY AND / OR TOW DUE TO CRASH,,,Y,"OVER $1,500",07/11/2025 11:51:00 PM,FAILING TO YIELD RIGHT-OF-WAY,NOT APPLICABLE,7400,S,DAMEN AVE,735,,,,,,,3,NONINCAPACITATING INJURY,1,0,0,1,0,2,0,21,6,7,41.759239025,-87.6735368322,POINT (-87.673536832185 41.759239025043)
b537d68537bdde954da69cd1c79c12322e7d9678bd02845e36fe3ecdcec93247272e52af85a1216694e3985dd753698023b7c57ebe1ca76b90570fc8cb2907e5,,07/11/2025 09:30:00 PM,30,NO CONTROLS,NO CONTROLS,CLEAR,"DARKNESS, LIGHTED ROAD",PARKED MOTOR VEHICLE,DIVIDED - W/MEDIAN (NOT RAISED),,STRAIGHT AND LEVEL,UNKNOWN,UNKNOWN,NOT ON SCENE (DESK REPORT),NO INJURY / DRIVE AWAY,,,Y,$500 OR LESS,07/11/2025 11:20:00 PM,UNABLE TO DETERMINE,UNABLE TO DETERMINE,848,N,ASHLAND AVE,1213,,,,,,,2,NO INDICATION OF INJURY,0,0,0,0,0,1,0,21,6,7,41.8975177673,-87.6674785752,POINT (-87.667478575236 41.897517767345)