CRASH_RECORD_ID,CRASH_DATE_EST_I,CRASH_DATE,POSTED_SPEED_LIMIT,TRAFFIC_CONTROL_DEVICE,DEVICE_CONDITION,WEATHER_CONDITION,LIGHTING_CONDITION,FIRST_CRASH_TYPE,TRAFFICWAY_TYPE,LANE_CNT,ALIGNMENT,ROADWAY_SURFACE_COND,ROAD_DEFECT,REPORT_TYPE,CRASH_TYPE,INTERSECTION_RELATED_I,NOT_RIGHT_OF_WAY_I,HIT_AND_RUN_I,DAMAGE,DATE_POLICE_NOTIFIED,PRIM_CONTRIBUTORY_CAUSE,SEC_CONTRIBUTORY_CAUSE,STREET_NO,STREET_DIRECTION,STREET_NAME,BEAT_OF_OCCURRENCE,PHOTOS_TAKEN_I,STATEMENTS_TAKEN_I,DOORING_I,WORK_ZONE_I,WORK_ZONE_TYPE,WORKERS_PRESENT_I,NUM_UNITS,MOST_SEVERE_INJURY,INJURIES_TOTAL,INJURIES_FATAL,INJURIES_INCAPACITATING,INJURIES_NON_INCAPACITATING,INJURIES_REPORTED_NOT_EVIDENT,INJURIES_NO_INDICATION,INJURIES_UNKNOWN,CRASH_HOUR,CRASH_DAY_OF_WEEK,CRASH_MONTH,LATITUDE,LONGITUDE,LOCATION
ec48609a0fe0654faff3cfb22304213d74e8fcfd585c555d7d35eb6ce3c507de2b527c48b4ad2a8ca9f93c725bb96395fc3b19454f391d08830ba56c90b160db,,07/11/2025 09:30:00 PM,30,TRAFFIC SIGNAL,FUNCTIONING PROPERLY,CLEAR,"DARKNESS, LIGHTED ROAD",REAR END,ONE-WAY,,STRAIGHT AND LEVEL,DRY,UNKNOWN,NOT ON SCENE (DESK REPORT),NO INJURY / DRIVE AWAY,Y,,Y,"$501 - $1,500",07/16/2025 10:35:00 PM,UNABLE TO DETERMINE,UNABLE TO DETERMINE,401,E,ONTARIO ST,1834,,,,,,,2,NO INDICATION OF INJURY,0,0,0,0,0,2,0,21,6,7,41.8933412963,-87.6175891512,POINT (-87.617589151206 41.893341296312)
fdc37defab85ea5ef2736d2ca2faefef75fac2519cf8a1b02782bed5b868a511c86a14ca796e0c4ad4806a4c36151cc92d9b84102a410e8dba599c325b158c07,Y,07/11/2025 09:21:00 PM,30,NO CONTROLS,NO CONTROLS,RAIN,"DARKNESS, LIGHTED ROAD",PARKED MOTOR VEHICLE,NOT DIVIDED,,STRAIGHT AND LEVEL,WET,UNKNOWN,ON SCENE,INJURY AND / OR TOW DUE TO CRASH,,,Y,"OVER $1,500",07/11/2025 09:22:00 PM,UNABLE TO DETERMINE,NOT APPLICABLE,5970,N,NORTHWEST HWY,1612,,,,,,,4,NO INDICATION OF INJURY,0,0,0,0,0,2,0,21,6,7,41.9895802923,-87.7944332172,POINT (-87.794433217239 41.989580292273)
ff0b8203fd78ca97d71d89fd3969cf647e9d07db6b7d2ee758c18ae5989f2a5f9ee032763688ace59503d11bf5655f89edc7fb6179cb32708214313f93802285,,07/11/2025 09:20:00 PM,30,NO CONTROLS,NO CONTROLS,RAIN,"DARKNESS, LIGHTED ROAD",PARKED MOTOR VEHICLE,ONE-WAY,,STRAIGHT AND LEVEL,WET,UNKNOWN,ON SCENE,NO INJURY / DRIVE AWAY,,,Y,"OVER $1,500",07/11/2025 09:26:00 PM,"OPERATING VEHICLE IN ERRATIC, RECKLESS, CARELESS, NEGLIGENT OR AGGRESSIVE MANNER",NOT APPLICABLE,6048,S,KEELER AVE,813,,,,,,,2,NO INDICATION OF INJURY,0,0,0,0,0,1,0,21,6,7,41.7826136735,-87.7279042905,POINT (-87.727904290464 41.78261367351)
bf6008eb8bbfea2eeccfd6619728115ad1a8991342e1887d5c04e7e9e40e2fc7174fe144987268b6bcceedfffb709c82528ed1d44c79c4f720e2a28f9626acbe,,07/11/2025 09:15:00 PM,30,NO CONTROLS,NO CONTROLS,CLEAR,"DARKNESS, LIGHTED ROAD",PARKED MOTOR VEHICLE,ONE-WAY,,STRAIGHT AND LEVEL,DRY,NO DEFECTS,NOT ON SCENE (DESK REPORT),NO INJURY / DRIVE AWAY,,,Y,"OVER $1,500",07/11/2025 09:40:00 PM,UNABLE TO DETERMINE,UNABLE TO DETERMINE,6121,N,CAMPBELL AVE,2413,,,,,,,2,NO INDICATION OF INJURY,0,0,0,0,0,1,0,21,6,7,41.9929066982,-87.6920276968,POINT (-87.692027696825 41.992906698188)
89d305a0cd2b096bc7909661472c7e269bce362ef64f7e282e2ac436798cc5f7d8a5dece1c45f09e07edcdafa4c47bcd5a5927ed3c657d777a5d60a72c8aa9a8,,07/11/2025 09:11:00 PM,30,NO CONTROLS,NO CONTROLS,CLEAR,DARKNESS,SIDESWIPE SAME DIRECTION,NOT DIVIDED,,STRAIGHT AND LEVEL,DRY,UNKNOWN,NOT ON SCENE (DESK REPORT),NO INJURY / DRIVE AWAY,,,Y,"OVER $1,500",07/11/2025 11:00:00 PM,UNABLE TO DETERMINE,NOT APPLICABLE,5100,S,ALBANY AVE,923,,,,,,,2,NO INDICATION OF INJURY,0,0,0,0,0,2,0,21,6,7,41.8007698812,-87.7014697897,POINT (-87.701469789715 41.800769881167)
fc5ac107110057a4291aa5033e43eebdd3297aeabc1467722701b9825416cf8c24af8ff1ed5073962d90297259fd500e85477e8d145ed8b2ea80f3eb54f16d3f,,07/11/2025 09:05:00 PM,30,TRAFFIC SIGNAL,FUNCTIONING PROPERLY,CLEAR,"DARKNESS, LIGHTED ROAD",ANGLE,NOT DIVIDED,,STRAIGHT AND LEVEL,DRY,NO DEFECTS,ON SCENE,INJURY AND / OR TOW DUE TO CRASH,Y,,Y,"OVER $1,500",07/11/2025 09:09:00 PM,DISREGARDING TRAFFIC SIGNALS,FAILING TO REDUCE SPEED TO AVOID CRASH,3458,S,WESTERN AVE,911,,,,,,,2,NONINCAPACITATING INJURY,2,0,0,2,0,1,0,21,6,7,41.8303242161,-87.6851823336,POINT (-87.685182333559 41.830324216125)
1f848be74122d5659c9715f03b3e660d2d059c7cb684a480cf43ef11811d0727ea730ee40e341af0a9069e47f9d92978b378a9feddec6854291e2a61b3c9ddc4,,07/11/2025 09:00:00 PM,25,NO CONTROLS,NO CONTROLS,CLEAR,"DARKNESS, LIGHTED ROAD",PARKED MOTOR VEHICLE,PARKING LOT,,STRAIGHT AND LEVEL,DRY,NO DEFECTS,NOT ON SCENE (DESK REPORT),NO INJURY / DRIVE AWAY,,,,"OVER $1,500",07/15/2025 11:20:00 AM,UNABLE TO DETERMINE,NOT APPLICABLE,6346,N,CLARK ST,2433,,,,,,,2,NO INDICATION OF INJURY,0,0,0,0,0,1,0,21,6,7,41.9975852619,-87.6706121554,POINT (-87.670612155364 41.997585261926)
60250c94097e5d66262212f37c9bb38c8e21d9fb65f8c9f9cab8a6f6f279cb92fc15fd952b62f1050143d3a69e66e09f14f34e964f1b8fd2a81b87d13154aff9,,07/11/2025 08:58:00 PM,30,TRAFFIC SIGNAL,FUNCTIONING PROPERLY,CLEAR,"DARKNESS, LIGHTED ROAD",REAR END,FOUR WAY,,STRAIGHT AND LEVEL,DRY,NO DEFECTS,NOT ON SCENE (DESK REPORT),NO INJURY / DRIVE AWAY,,,,"OVER $1,500",07/11/2025 09:40:00 PM,FOLLOWING TOO CLOSELY,FOLLOWING TOO CLOSELY,8641,S,YATES BLVD,423,,,,,,,2,NO INDICATION OF INJURY,0,0,0,0,0,2,0,20,6,7,41.7378406042,-87.5658849402,POINT (-87.565884940242 41.73784060419)
61c498a9ae531b41c1e1f19ebbdb10f3b29d6579370b88c335fa0e0eb1dda8f8ba5ff4076b2752f24656cf55a788b95af2cdab42c16d0ef8acff932260f0bd3b,,07/11/2025 08:55:00 PM,30,TRAFFIC SIGNAL,FUNCTIONING PROPERLY,CLEAR,"DARKNESS, LIGHTED ROAD",TURNING,FOUR WAY,,STRAIGHT AND LEVEL,DRY,NO DEFECTS,ON SCENE,INJURY AND / OR TOW DUE TO CRASH,Y,,,"OVER $1,500",07/11/2025 09:00:00 PM,IMPROPER TURNING/NO SIGNAL,UNABLE TO DETERMINE,9300,S,JEFFERY AVE,413,,,,,,,2,NO INDICATION OF INJURY,0,0,0,0,0,2,0,20,6,7,41.7260228502,-87.5755902772,POINT (-87.575590277239 41.726022850207)
2681da081a7e21d3f5aaecae0bd29247bfea4b86eafbdbc5134825584ed5c4c49a7a897fea52a7335f1abf32efcbdfb2db80a83dde8766711b233b8fc7484cd5,,07/11/2025 08:48:00 PM,30,NO CONTROLS,NO CONTROLS,CLEAR,DUSK,PEDALCYCLIST,DIVIDED - W/MEDIAN (NOT RAISED),,STRAIGHT AND LEVEL,DRY,UNKNOWN,ON SCENE,INJURY AND / OR TOW DUE TO CRASH,Y,,N,$500 OR LESS,07/11/2025 08:49:00 PM,FAILING TO YIELD RIGHT-OF-WAY,NOT APPLICABLE,4230,W,63RD ST,813,,,,,,,2,NONINCAPACITATING INJURY,1,0,0,1,0,1,0,20,6,7,41.7786949862,-87.7288053715,POINT (-87.728805371482 41.778694986158)
68293a375b1153ac030b76eeb9bb88a6dda2f2280a8df2ec852ad83022d6036c5a2cbcf73dd98962fd085002a14620ac46981181fdeb7b3832bda6ea10fec205,,07/11/2025 08:45:00 PM,25,STOP SIGN/FLASHER,FUNCTIONING PROPERLY,CLEAR,DAYLIGHT,SIDESWIPE SAME DIRECTION,DIVIDED - W/MEDIAN BARRIER,,STRAIGHT AND LEVEL,DRY,NO DEFECTS,NOT ON SCENE (DESK REPORT),NO INJURY / DRIVE AWAY,,,,"OVER $1,500",07/11/2025 08:45:00 PM,IMPROPER OVERTAKING/PASSING,FOLLOWING TOO CLOSELY,900,N,MICHIGAN AVE,1833,Y,,,,,,2,NO INDICATION OF INJURY,0,0,0,0,0,2,0,20,6,7,41.899248597,-87.6242749782,POINT (-87.624274978205 41.899248597036)
d9866169f0155c83a8df101fb22400da9b5dbf7db8fb56834cae8fb5f22637fa0a634536ce10215bb0908219be932bf276cdbc5012aa22c9f557c6990ccc8fb1,,07/11/2025 08:38:00 PM,30,TRAFFIC SIGNAL,FUNCTIONING PROPERLY,CLEAR,DUSK,TURNING,T-INTERSECTION,,STRAIGHT AND LEVEL,DRY,NO DEFECTS,ON SCENE,NO INJURY / DRIVE AWAY,Y,,,"OVER $1,500",07/11/2025 08:40:00 PM,IMPROPER TURNING/NO SIGNAL,NOT APPLICABLE,3800,S,KEDZIE AVE,911,,,,,,,2,NO INDICATION OF INJURY,0,0,0,0,0,2,0,20,6,7,41.8243563076,-87.7045936543,POINT (-87.704593654313 41.824356307608)
4e5ef98c5d841f73ba5edfeb4551d70e6834e222382b7b26c01467d7f902c49ebfbb1d5e1dcb7536cea674fef769e1c0112a5e2fde86fac147f94adf08a93a77,,07/11/2025 08:33:00 PM,20,STOP SIGN/FLASHER,FUNCTIONING PROPERLY,UNKNOWN,"DARKNESS, LIGHTED ROAD",TURNING,FOUR WAY,,STRAIGHT AND LEVEL,UNKNOWN,NO DEFECTS,NOT ON SCENE (DESK REPORT),NO INJURY / DRIVE AWAY,,,Y,"OVER $1,500",07/11/2025 09:30:00 PM,IMPROPER TURNING/NO SIGNAL,NOT APPLICABLE,5002,W,WEST END AVE,1532,,,,,,,4,NO INDICATION OF INJURY,0,0,0,0,0,2,0,20,6,7,41.8831753308,-87.7504690526,POINT (-87.750469052572 41.883175330751)
304efd61c17569083dce23178c09427fb7b1f9cfdbedefb36e659ac121071861b5efd1693b98d089660d6c849f11627db3dae922d457ad26c6b2754e46e8db0a,,07/11/2025 08:30:00 PM,30,NO CONTROLS,NO CONTROLS,CLEAR,"DARKNESS, LIGHTED ROAD",SIDESWIPE SAME DIRECTION,NOT DIVIDED,,STRAIGHT AND LEVEL,DRY,NO DEFECTS,ON SCENE,INJURY AND / OR TOW DUE TO CRASH,,,Y,"$501 - $1,500",07/11/2025 08:30:00 PM,IMPROPER OVERTAKING/PASSING,NOT APPLICABLE,10898,S,TORRENCE AVE,434,,,,,,,2,NO INDICATION OF INJURY,0,0,0,0,0,2,0,20,6,7,41.6978219344,-87.5596802804,POINT (-87.559680280358 41.697821934421)
5a487d2e397c5bc19d4bc49c4de7381b52f5632dc30093deabb7895d74b07d0c4f3e4de5631c6645e2b0cfd40b79651f99d4e5ba5afec828348f17c9d62f5b76,,07/11/2025 08:30:00 PM,30,NO CONTROLS,NO CONTROLS,CLEAR,DUSK,SIDESWIPE SAME DIRECTION,NOT DIVIDED,,STRAIGHT AND LEVEL,DRY,NO DEFECTS,NOT ON SCENE (DESK REPORT),NO INJURY / DRIVE AWAY,,N,Y,"$501 - $1,500",07/11/2025 09:30:00 PM,IMPROPER LANE USAGE,UNABLE TO DETERMINE,7059,S,SOUTH SHORE DR,334,,,,,,,2,NO INDICATION OF INJURY,0,0,0,0,0,2,0,20,6,7,41.7666030222,-87.5663237227,POINT (-87.566323722736 41.766603022169)
9223d895ec4e30426c314c066526b9f3eef15150b09e61f37cdf1eb0765d86bb42e67f1a8955e24dceb793e63493631b2dfb9bed4080780cda5bd4079eb15b1e,,07/11/2025 08:30:00 PM,30,STOP SIGN/FLASHER,FUNCTIONING PROPERLY,CLEAR,DUSK,TURNING,NOT DIVIDED,,STRAIGHT AND LEVEL,DRY,NO DEFECTS,NOT ON SCENE (DESK REPORT),NO INJURY / DRIVE AWAY,,,Y,"$501 - $1,500",07/11/2025 09:49:00 PM,DISREGARDING STOP SIGN,UNABLE TO DETERMINE,5001,N,LAVERGNE AVE,1623,,,,,,,2,NO INDICATION OF INJURY,0,0,0,0,0,5,0,20,6,7,41.9716784826,-87.7526307717,POINT (-87.752630771721 41.971678482556)
aca517f2ae678a8b725af836a6a12a3e8fb7637134ecaff9f40b37e773d31e6b1addd2e15b89d49702fcc3f72cb4469a9b954d104f7b901d0e0961a2a11c7f7a,,07/11/2025 08:30:00 PM,30,UNKNOWN,UNKNOWN,CLEAR,DARKNESS,PEDESTRIAN,UNKNOWN,,STRAIGHT AND LEVEL,DRY,NO DEFECTS,,INJURY AND / OR TOW DUE TO CRASH,N,,Y,"OVER $1,500",07/13/2025 04:30:00 PM,NOT APPLICABLE,NOT APPLICABLE,901,N,LA SALLE DR,1832,,,,,,,2,"REPORTED, NOT EVIDENT",1,0,0,0,1,1,0,20,6,7,41.8993120595,-87.6326441124,POINT (-87.632644112408 41.899312059475)
e7cd02503af160a0298b03cbff2d2ff3cede98f15436157a0f8163ff0216a7f4e31be7ccdc144717f1e602a4fd187a47d7e8575e5ce77c7a3a63ea653b59c711,,07/11/2025 08:23:00 PM,30,OTHER,OTHER,CLEAR,"DARKNESS, LIGHTED ROAD",PARKED MOTOR VEHICLE,NOT DIVIDED,,STRAIGHT AND LEVEL,DRY,UNKNOWN,ON SCENE,NO INJURY / DRIVE AWAY,,,,"OVER $1,500",07/11/2025 08:24:00 PM,EQUIPMENT - VEHICLE CONDITION,NOT APPLICABLE,708,W,GRAND AVE,1214,,,,,,,2,NO INDICATION OF INJURY,0,0,0,0,0,2,0,20,6,7,41.8913114567,-87.6462441107,POINT (-87.646244110744 41.891311456709)
5aeb3644d40018987b55873bc24066c6f8887600d64249d1dcbd5f0fff277e968bfd8dfab9eaa981fac7edd463d7a51f7cd3d6e5acfd5145a056e6952ec7af96,,07/11/2025 08:21:00 PM,30,STOP SIGN/FLASHER,FUNCTIONING PROPERLY,CLEAR,"DARKNESS, LIGHTED ROAD",ANGLE,DIVIDED - W/MEDIAN (NOT RAISED),,STRAIGHT AND LEVEL,DRY,NO DEFECTS,ON SCENE,INJURY AND / OR TOW DUE TO CRASH,N,,Y,"OVER $1,500",07/11/2025 08:21:00 PM,DISREGARDING STOP SIGN,NOT APPLICABLE,321,W,MARQUETTE RD,722,,,,,,,3,NONINCAPACITATING INJURY,1,0,0,1,0,2,0,20,6,7,41.7725514339,-87.6331233017,POINT (-87.633123301709 41.772551433929)
59b39765e2a9f08abecdf8dbf0ea3bf820166da3d8aca9efaa684c0aa797fe8fe18962881f71a1fca38a3c30d125821ed46bc4cc951da8993f3f95069ffe3d11,,07/11/2025 08:15:00 PM,30,NO CONTROLS,NO CONTROLS,CLEAR,DUSK,PEDALCYCLIST,ONE-WAY,,STRAIGHT AND LEVEL,DRY,NO DEFECTS,ON SCENE,INJURY AND / OR TOW DUE TO CRASH,,,,"OVER $1,500",07/11/2025 08:15:00 PM,FAILING TO YIELD RIGHT-OF-WAY,FAILING TO YIELD RIGHT-OF-WAY,2539,N,LOCKWOOD AVE,2515,,,,,,,2,NONINCAPACITATING INJURY,1,0,0,1,0,2,0,20,6,7,41.9271217679,-87.75857075,POINT (-87.758570750013 41.927121767868)
5a1c2302192613480f705c16d638702a6c78ea656e69800405aba9c7174d01b0c906bf6f9146e212315659f385eee3a07f3a9b519bf687d790f7c3623864f7af,,07/11/2025 08:12:00 PM,30,TRAFFIC SIGNAL,FUNCTIONING PROPERLY,UNKNOWN,UNKNOWN,REAR END,FOUR WAY,,STRAIGHT AND LEVEL,UNKNOWN,UNKNOWN,NOT ON SCENE (DESK REPORT),NO INJURY / DRIVE AWAY,Y,,Y,"OVER $1,500",07/11/2025 09:20:00 PM,UNABLE TO DETERMINE,NOT APPLICABLE,4458,W,MADISON ST,1113,,,,,,,2,NO INDICATION OF INJURY,0,0,0,0,0,2,0,20,6,7,41.8806940515,-87.7378075805,POINT (-87.737807580479 41.880694051456)
c5904d13f331dd72998ac619e0540e802e466a6aa5a21666e8e2c5963a2f213a6cfdbd82927ba63966fb7c76070e5c36ed4db78a8d34febf69401166aa17a599,Y,07/11/2025 08:04:00 PM,30,NO CONTROLS,NO CONTROLS,CLEAR,DUSK,PEDESTRIAN,DIVIDED - W/MEDIAN BARRIER,,STRAIGHT AND LEVEL,DRY,NO DEFECTS,ON SCENE,INJURY AND / OR TOW DUE TO CRASH,,,,"OVER $1,500",07/11/2025 08:12:00 PM,HAD BEEN DRINKING (USE WHEN ARREST IS NOT MADE),RELATED TO BUS STOP,1004,S,ASHLAND AVE,1231,Y,,,,,,2,NONINCAPACITATING INJURY,1,0,0,1,0,2,0,20,6,7,41.8691110819,-87.6666028994,POINT (-87.666602899352 41.869111081874)
ca99bf57cf3ae77f984cd84bca304af922849ee82afde4d930a8ecc86eb7dc251f26153114846d0b7f77326b5417a83bfc9472f1241272094452c829ee710b75,,07/11/2025 07:45:00 PM,25,NO CONTROLS,NO CONTROLS,UNKNOWN,UNKNOWN,SIDESWIPE SAME DIRECTION,DIVIDED - W/MEDIAN (NOT RAISED),,STRAIGHT AND LEVEL,UNKNOWN,UNKNOWN,NOT ON SCENE (DESK REPORT),NO INJURY / DRIVE AWAY,,,,"OVER $1,500",07/14/2025 04:57:00 PM,FAILING TO YIELD RIGHT-OF-WAY,DRIVING SKILLS/KNOWLEDGE/EXPERIENCE,1218,W,NORWOOD ST,2433,,,,,,,2,NO INDICATION OF INJURY,0,0,0,0,0,2,0,19,6,7,41.9919220506,-87.6611063093,POINT (-87.661106309272 41.991922050626)
eae769746e003da5615358dcd66145330955bfc874b9444afe2c962525ab7aea0882b59db508c9564c9c1895b695e6b77a76efe58c8fcc140d35455c0d300aaa,,07/11/2025 07:45:00 PM,30,NO CONTROLS,NO CONTROLS,CLEAR,"DARKNESS, LIGHTED ROAD",PARKED MOTOR VEHICLE,ONE-WAY,,STRAIGHT AND LEVEL,DRY,NO DEFECTS,NOT ON SCENE (DESK REPORT),NO INJURY / DRIVE AWAY,,,Y,"OVER $1,500",07/11/2025 11:00:00 PM,IMPROPER OVERTAKING/PASSING,IMPROPER OVERTAKING/PASSING,2634,W,GLENLAKE AVE,2413,,,,,,,2,NO INDICATION OF INJURY,0,0,0,0,0,1,0,19,6,7,41.9923276783,-87.6960233622,POINT (-87.696023362231 41.992327678337)
7ac51bffc9fb3921dbbbd115db7c018eb5d7c391290d3908769a77bb8c4a83dfedbf45801fa8ba84dca1fd16845b7d67ed9b87a0b27f7be7cca7f7bcc39e3324,,07/11/2025 07:32:00 PM,30,NO CONTROLS,NO CONTROLS,CLEAR,DAYLIGHT,TURNING,NOT DIVIDED,,STRAIGHT AND LEVEL,DRY,NO DEFECTS,ON SCENE,INJURY AND / OR TOW DUE TO CRASH,,,,"OVER $1,500",07/11/2025 08:08:00 PM,IMPROPER TURNING/NO SIGNAL,IMPROPER LANE USAGE,5037,W,FULLERTON AVE,2522,,,,,,,2,NO INDICATION OF INJURY,0,0,0,0,0,3,0,19,6,7,41.9240443666,-87.7527188965,POINT (-87.752718896529 41.924044366562)
c0ddea6051bd3bed2ee9e23b20837155d20d07a913e22120102da3c5844253115c58155ab793b472117ebcd372b049308a62030fe7926946e82f7b1f543558a3,,07/11/2025 07:30:00 PM,30,TRAFFIC SIGNAL,FUNCTIONING PROPERLY,CLEAR,DAYLIGHT,SIDESWIPE SAME DIRECTION,NOT DIVIDED,,STRAIGHT AND LEVEL,DRY,NO DEFECTS,NOT ON SCENE (DESK REPORT),NO INJURY / DRIVE AWAY,Y,,,$500 OR LESS,07/11/2025 09:25:00 PM,IMPROPER OVERTAKING/PASSING,IMPROPER OVERTAKING/PASSING,9,W,KINZIE ST,1831,,,,,,,2,NO INDICATION OF INJURY,0,0,0,0,0,2,0,19,6,7,41.8891372706,-87.6284300598,POINT (-87.628430059843 41.889137270566)
49e6649eb7532b5c1a5d6a9ebd5d70f49f1c3dd882c3ddd837aa1e1a3e92e0a17815470ad874c0a59dea17cbdb979558f20bf80346e8b6bff2bac58d931c44d8,,07/11/2025 07:25:00 PM,10,NO CONTROLS,NO CONTROLS,CLEAR,DAYLIGHT,FIXED OBJECT,ALLEY,,STRAIGHT AND LEVEL,DRY,NO DEFECTS,ON SCENE,INJURY AND / OR TOW DUE TO CRASH,,,,"OVER $1,500",07/11/2025 07:32:00 PM,FAILING TO REDUCE SPEED TO AVOID CRASH,IMPROPER BACKING,4448,N,MULLIGAN AVE,1622,,,,,,,1,NO INDICATION OF INJURY,0,0,0,0,0,1,0,19,6,7,41.9617189455,-87.7857801721,POINT (-87.785780172057 41.961718945494)
51bd6c4af1091f758bb6faf848c8022a6afc438b12d49dc5263c095007e5c0baeccb702c220691abe76b01cfd9b83c491107b9ddd70a15404ff6dd53e220c2ea,,07/11/2025 07:25:00 PM,30,NO CONTROLS,NO CONTROLS,CLEAR,DAYLIGHT,PARKED MOTOR VEHICLE,NOT DIVIDED,,STRAIGHT AND LEVEL,DRY,NO DEFECTS,ON SCENE,NO INJURY / DRIVE AWAY,,,Y,"OVER $1,500",07/11/2025 07:28:00 PM,IMPROPER BACKING,NOT APPLICABLE,9138,S,COMMERCIAL AVE,423,,,,,,,2,NO INDICATION OF INJURY,0,0,0,0,0,2,0,19,6,7,41.7289051693,-87.5513739171,POINT (-87.551373917099 41.728905169337)
ed9cfe23ea16237e6f6ea180dade9fc3471932c16268272020806130104932777ab6aa25b47f7f74d4855c32abdf055ebf1da2325e3eda585a074573dd2e6ab1,,07/11/2025 07:25:00 PM,35,NO CONTROLS,NO CONTROLS,CLEAR,DAWN,REAR END,NOT DIVIDED,,STRAIGHT AND LEVEL,UNKNOWN,UNKNOWN,NOT ON SCENE (DESK REPORT),NO INJURY / DRIVE AWAY,,,,"OVER $1,500",07/11/2025 08:01:00 PM,FOLLOWING TOO CLOSELY,FOLLOWING TOO CLOSELY,1001,N,LAKE SHORE DR,1824,,,,,,,2,NO INDICATION OF INJURY,0,0,0,0,0,4,0,19,6,7,41.9009076709,-87.6240265013,POINT (-87.624026501262 41.900907670855)
fba20949c922d8aaf0cb60953f2cc71bd7e6c62890693937348cbe9e07fea7247aac084ca0b32bad3b3be0af2d90bd2d1e91bf5538ea4d8dae783f0508be40e7,,07/11/2025 07:20:00 PM,30,NO CONTROLS,NO CONTROLS,CLEAR,DAYLIGHT,PARKED MOTOR VEHICLE,NOT DIVIDED,,STRAIGHT AND LEVEL,DRY,NO DEFECTS,ON SCENE,INJURY AND / OR TOW DUE TO CRASH,,,,"OVER $1,500",07/11/2025 07:35:00 PM,UNABLE TO DETERMINE,NOT APPLICABLE,1634,W,37TH ST,912,,,,,,,2,NO INDICATION OF INJURY,0,0,0,0,0,1,0,19,6,7,41.8269451124,-87.6667887532,POINT (-87.666788753177 41.826945112361)
23d28f4c257a7c4109d53083b1da2a22e30b1a52c63608b06c3f7dec6db48cfaed3cfcffcc96e2e6a15b425853d4e0303a24c12022a0a687e523cff36fd5ec7c,,07/11/2025 07:15:00 PM,30,NO CONTROLS,NO CONTROLS,CLEAR,DAYLIGHT,ANGLE,OTHER,,STRAIGHT AND LEVEL,DRY,OTHER,ON SCENE,NO INJURY / DRIVE AWAY,,,,"$501 - $1,500",07/11/2025 07:16:00 PM,FAILING TO YIELD RIGHT-OF-WAY,NOT APPLICABLE,9560,S,HALSTED ST,2223,,,,,,,2,NO INDICATION OF INJURY,0,0,0,0,0,2,0,19,6,7,41.719735537,-87.6433142052,POINT (-87.643314205202 41.719735537008)
d840708073d1be6c389524cded886049af2520c05d3fae2d1077eb126b9e15482dd5cb5accc2c933fbf63bc170b80191fd402a377a2c6d75af0c354f7a6da054,,07/11/2025 07:15:00 PM,30,NO CONTROLS,NO CONTROLS,CLEAR,DAYLIGHT,PEDESTRIAN,OTHER,,STRAIGHT AND LEVEL,DRY,UNKNOWN,,INJURY AND / OR TOW DUE TO CRASH,,,Y,"OVER $1,500",07/11/2025 07:16:00 PM,UNABLE TO DETERMINE,UNABLE TO DETERMINE,7800,S,EXCHANGE AVE,421,,,,,,,2,NONINCAPACITATING INJURY,2,0,0,2,0,0,0,19,6,7,41.7536128174,-87.5545871907,POINT (-87.554587190729 41.753612817436)
072993b84c4f79f3ae9d5f08fb92268b039e2a67461e544e31c3f4f17e06f4df644ac11d5719893c018d8bd27a381605869bd6ef1d4a0ab5c8097b7c631553c9,,07/11/2025 07:10:00 PM,30,NO CONTROLS,NO CONTROLS,CLEAR,DAYLIGHT,PEDALCYCLIST,NOT DIVIDED,,STRAIGHT AND LEVEL,UNKNOWN,UNKNOWN,NOT ON SCENE (DESK REPORT),INJURY AND / OR TOW DUE TO CRASH,,,Y,"$501 - $1,500",07/14/2025 04:45:00 PM,NOT APPLICABLE,NOT APPLICABLE,1457,S,CANAL ST,124,,,Y,,,,2,NONINCAPACITATING INJURY,1,0,0,1,0,1,0,19,6,7,41.8620243948,-87.6389304138,POINT (-87.638930413758 41.862024394769)
5bb8d39085ad729a87ad4e08901e872ee4a1f8d4398ff506ebbc3dfa9d9a7511bcff587456eebecf8eb8952ac871a6a264b53497959db0b57959539106249584,,07/11/2025 07:00:00 PM,25,NO CONTROLS,NO CONTROLS,CLEAR,DAWN,SIDESWIPE SAME DIRECTION,DIVIDED - W/MEDIAN (NOT RAISED),,STRAIGHT AND LEVEL,DRY,NO DEFECTS,NOT ON SCENE (DESK REPORT),NO INJURY / DRIVE AWAY,,,,"OVER $1,500",07/19/2025 10:30:00 AM,IMPROPER LANE USAGE,IMPROPER LANE USAGE,2933,N,SHERIDAN RD,1934,,,,,,,2,NO INDICATION OF INJURY,0,0,0,0,0,2,0,19,6,7,41.9353577054,-87.639243327,POINT (-87.639243327041 41.935357705383)
b7e6d385ab0cb3e23fd7af8d36931d00e190521d73eb701c031742feeb91fc304e048354996cca58c6e21b74f87a7a5293c67a69402963157280a77b1f263459,,07/11/2025 07:00:00 PM,30,NO CONTROLS,NO CONTROLS,CLEAR,DAYLIGHT,PARKED MOTOR VEHICLE,PARKING LOT,,STRAIGHT AND LEVEL,DRY,NO DEFECTS,ON SCENE,NO INJURY / DRIVE AWAY,,,,"OVER $1,500",07/11/2025 07:05:00 PM,IMPROPER BACKING,NOT APPLICABLE,7118,S,WESTERN AVE,832,,,,,,,2,NO INDICATION OF INJURY,0,0,0,0,0,1,0,19,6,7,41.7640985409,-87.6833731942,POINT (-87.683373194186 41.764098540927)