CRASH_RECORD_ID,CRASH_DATE_EST_I,CRASH_DATE,POSTED_SPEED_LIMIT,TRAFFIC_CONTROL_DEVICE,DEVICE_CONDITION,WEATHER_CONDITION,LIGHTING_CONDITION,FIRST_CRASH_TYPE,TRAFFICWAY_TYPE,LANE_CNT,ALIGNMENT,ROADWAY_SURFACE_COND,ROAD_DEFECT,REPORT_TYPE,CRASH_TYPE,INTERSECTION_RELATED_I,NOT_RIGHT_OF_WAY_I,HIT_AND_RUN_I,DAMAGE,DATE_POLICE_NOTIFIED,PRIM_CONTRIBUTORY_CAUSE,SEC_CONTRIBUTORY_CAUSE,STREET_NO,STREET_DIRECTION,STREET_NAME,BEAT_OF_OCCURRENCE,PHOTOS_TAKEN_I,STATEMENTS_TAKEN_I,DOORING_I,WORK_ZONE_I,WORK_ZONE_TYPE,WORKERS_PRESENT_I,NUM_UNITS,MOST_SEVERE_INJURY,INJURIES_TOTAL,INJURIES_FATAL,INJURIES_INCAPACITATING,INJURIES_NON_INCAPACITATING,INJURIES_REPORTED_NOT_EVIDENT,INJURIES_NO_INDICATION,INJURIES_UNKNOWN,CRASH_HOUR,CRASH_DAY_OF_WEEK,CRASH_MONTH,LATITUDE,LONGITUDE,LOCATION
21aa8402edfb51e1dc05ab85952a564f764fe8413b470e2f616918013ce26fb763e0c674ea0fa39d33d5cfae1260abf4c73da72b39825dd6dd895de7100d0111,,07/11/2025 06:50:00 PM,35,TRAFFIC SIGNAL,FUNCTIONING PROPERLY,CLEAR,DAYLIGHT,SIDESWIPE SAME DIRECTION,ONE-WAY,,STRAIGHT AND LEVEL,DRY,UNKNOWN,NOT ON SCENE (DESK REPORT),NO INJURY / DRIVE AWAY,,,Y,"$501 - $1,500",07/11/2025 09:00:00 PM,IMPROPER LANE USAGE,IMPROPER LANE USAGE,153,N,LAKE SHORE DR NB,114,,,,,,,2,NO INDICATION OF INJURY,0,0,0,0,0,3,0,18,6,7,41.8844742743,-87.6135613672,POINT (-87.613561367179 41.88447427434)
990339787ca256f1ead16d3262e8c604b35aa5c84ae7a2599f31ba6ce2314fef4b3e6083cb629e05d598cf3714cca720629c12f503b173532a80a5a2098b22e4,,07/11/2025 06:45:00 PM,30,TRAFFIC SIGNAL,FUNCTIONING PROPERLY,CLEAR,DAYLIGHT,TURNING,NOT DIVIDED,,STRAIGHT AND LEVEL,DRY,UNKNOWN,ON SCENE,NO INJURY / DRIVE AWAY,Y,,,"OVER $1,500",07/11/2025 06:48:00 PM,FAILING TO YIELD RIGHT-OF-WAY,IMPROPER TURNING/NO SIGNAL,2400,N,STOCKTON DR,1935,,,,,,,2,NO INDICATION OF INJURY,0,0,0,0,0,3,0,18,6,7,41.9257946768,-87.6362702695,POINT (-87.636270269466 41.925794676811)
44c5a4dd55430b2d47fadd31e4b8be3366dbb0b5808bd03d6993586536c766ff911bc18ffb12de17f90021351a00298c73a140c0b4eee049ac58d1f78af170ad,,07/11/2025 06:40:00 PM,30,TRAFFIC SIGNAL,FUNCTIONING PROPERLY,CLEAR,"DARKNESS, LIGHTED ROAD",TURNING,"FIVE POINT, OR MORE",,STRAIGHT AND LEVEL,WET,NO DEFECTS,ON SCENE,INJURY AND / OR TOW DUE TO CRASH,Y,,,"OVER $1,500",07/11/2025 06:44:00 PM,DISREGARDING TRAFFIC SIGNALS,NOT APPLICABLE,8700,S,VINCENNES AVE,2222,,,,,,,2,NONINCAPACITATING INJURY,2,0,0,2,0,1,0,18,6,7,41.7360065646,-87.645341819,POINT (-87.64534181898 41.736006564585)
13ff61e8abddc2b876dfcc8aeeb53f9f8bce9adf76cc4649d080fccf006a190b111daf89b39abadbdea985e4f6cffa788f46bf6d85de55221648ad4bcf7c7d79,,07/11/2025 06:35:00 PM,30,TRAFFIC SIGNAL,FUNCTIONING PROPERLY,CLEAR,DAYLIGHT,REAR END,NOT DIVIDED,,STRAIGHT AND LEVEL,DRY,NO DEFECTS,NOT ON SCENE (DESK REPORT),NO INJURY / DRIVE AWAY,Y,,,"OVER $1,500",07/11/2025 07:10:00 PM,FOLLOWING TOO CLOSELY,FAILING TO REDUCE SPEED TO AVOID CRASH,3500,S,CALIFORNIA AVE,911,,,,,,,2,NO INDICATION OF INJURY,0,0,0,0,0,3,0,18,6,7,41.8300272836,-87.6949378391,POINT (-87.69493783907 41.830027283593)
e8f139198d9d2a8fbfe97609709bd3c64818050982e435ea3c5a050e977b7a6902cb75e758c2d52fba615df1aad08b7e52bd6c30b21755e4f7c2067baf3a2aeb,,07/11/2025 06:35:00 PM,25,NO CONTROLS,NO CONTROLS,CLEAR,DAYLIGHT,PARKED MOTOR VEHICLE,ONE-WAY,,STRAIGHT ON GRADE,UNKNOWN,UNKNOWN,ON SCENE,NO INJURY / DRIVE AWAY,,,,"$501 - $1,500",07/11/2025 06:39:00 PM,DISTRACTION - FROM INSIDE VEHICLE,DISTRACTION - FROM OUTSIDE VEHICLE,8323,S,HOUSTON AVE,424,,,,,,,2,NO INDICATION OF INJURY,0,0,0,0,0,1,0,18,6,7,41.7438992905,-87.5501560009,POINT (-87.550156000916 41.743899290538)
645d909b6d9363acc0c20b5acf074bfac79db54efffb4fce52e7e2f8f66d7bf7e91e1b663bf816404bff6a3e82fe06022d530d630afea7bd88a30f2731e67290,,07/11/2025 06:33:00 PM,30,STOP SIGN/FLASHER,FUNCTIONING PROPERLY,CLEAR,DAYLIGHT,PARKED MOTOR VEHICLE,NOT DIVIDED,,STRAIGHT AND LEVEL,DRY,NO DEFECTS,ON SCENE,NO INJURY / DRIVE AWAY,,,Y,"OVER $1,500",07/11/2025 06:33:00 PM,FOLLOWING TOO CLOSELY,NOT APPLICABLE,1322,W,52ND ST,934,,,,,,,2,NO INDICATION OF INJURY,0,0,0,0,0,1,0,18,6,7,41.7996910961,-87.6585071391,POINT (-87.6585071391 41.799691096053)
06c8c2f208871649cb0dbe39fc066d9532e57cd22cfa00e487836065f5bae39c4814cd97994635111fcda48bb3d134521685a6c602df53fcc6eaa20252ee5ab6,,07/11/2025 06:30:00 PM,30,NO CONTROLS,NO CONTROLS,CLEAR,DAYLIGHT,PARKED MOTOR VEHICLE,PARKING LOT,,STRAIGHT AND LEVEL,DRY,NO DEFECTS,NOT ON SCENE (DESK REPORT),NO INJURY / DRIVE AWAY,,,,"OVER $1,500",07/14/2025 03:50:00 PM,IMPROPER TURNING/NO SIGNAL,UNABLE TO DETERMINE,4925,W,NORTH AVE,2533,,,,,,,2,NO INDICATION OF INJURY,0,0,0,0,0,2,0,18,6,7,41.9094699736,-87.7496658511,POINT (-87.749665851063 41.909469973582)
181148f18db4250346ff967b4b23c3a0bb4bfb7a826e264ee7a5a0752e4188816402179a0a34e5e3e2c0363ac9cd5d1287ae548e70e2bd51d686a59290ecd5f0,,07/11/2025 06:30:00 PM,35,STOP SIGN/FLASHER,FUNCTIONING PROPERLY,CLEAR,DAYLIGHT,ANGLE,FOUR WAY,,STRAIGHT AND LEVEL,DRY,NO DEFECTS,,NO INJURY / DRIVE AWAY,Y,,Y,"OVER $1,500",07/11/2025 06:50:00 PM,FAILING TO YIELD RIGHT-OF-WAY,UNABLE TO DETERMINE,8600,S,RACINE AVE,613,,,,,,,2,NO INDICATION OF INJURY,0,0,0,0,0,2,0,18,6,7,41.7376626039,-87.6535373115,POINT (-87.653537311537 41.737662603938)
90151be40c7ee81c9c946b924728cf6a5b301d0804690f6f3c612d575768c42ef7685d5cad72677b395ea68800081e27d7c0fcddd45d62d882abaf425773959a,,07/11/2025 06:30:00 PM,30,NO CONTROLS,NO CONTROLS,CLEAR,DAYLIGHT,PARKED MOTOR VEHICLE,ONE-WAY,,STRAIGHT AND LEVEL,DRY,NO DEFECTS,NOT ON SCENE (DESK REPORT),NO INJURY / DRIVE AWAY,,,,"$501 - $1,500",08/06/2025 09:00:00 AM,UNABLE TO DETERMINE,UNABLE TO DETERMINE,6535,N,ARTESIAN AVE,2412,,,,,,,2,NO INDICATION OF INJURY,0,0,0,0,0,1,0,18,6,7,42.000577863,-87.6910313328,POINT (-87.691031332844 42.000577862962)
d40460af98cc29a34a0e28e1e6940edfda04c242ec096e7ad5c3546eca5b172ad821fdd43dabeb7ae4dbe287208d8e4076ee45361a5ada1d1cd1169b859bf114,,07/11/2025 06:30:00 PM,30,TRAFFIC SIGNAL,FUNCTIONING PROPERLY,CLEAR,DAYLIGHT,REAR END,NOT DIVIDED,,STRAIGHT AND LEVEL,DRY,NO DEFECTS,NOT ON SCENE (DESK REPORT),NO INJURY / DRIVE AWAY,,,,"OVER $1,500",07/19/2025 09:30:00 AM,NOT APPLICABLE,NOT APPLICABLE,7132,N,ASHLAND BLVD,2423,,,,,,,2,NO INDICATION OF INJURY,0,0,0,0,0,2,0,18,6,7,42.0125280017,-87.6703376779,POINT (-87.670337677891 42.012528001748)
913cf86a0e3912a1f75871318d94af25c848247444668adf01b94f98f00a6ef59aad53b5e9fe77d928008d4486b86aed9a3b3209e5c999f6ed65f6258788bfb9,,07/11/2025 06:29:00 PM,30,NO CONTROLS,NO CONTROLS,CLEAR,DUSK,PEDALCYCLIST,DIVIDED - W/MEDIAN (NOT RAISED),,STRAIGHT ON GRADE,DRY,NO DEFECTS,ON SCENE,INJURY AND / OR TOW DUE TO CRASH,Y,,,"OVER $1,500",07/11/2025 06:31:00 PM,FAILING TO REDUCE SPEED TO AVOID CRASH,FAILING TO YIELD RIGHT-OF-WAY,1750,N,MILWAUKEE AVE,1434,,,,,,,2,NONINCAPACITATING INJURY,1,0,0,1,0,1,0,18,6,7,41.9131393668,-87.6819574418,POINT (-87.6819574418 41.913139366809)
ff13d803239c4feef1f8fe71057e2710882a39729415607eca15ef2bc230b9cc7d84fe9d68f28efb6c2e4307aff9e0b66411c8940b44b14e40bd880042ade022,,07/11/2025 06:27:00 PM,35,NO CONTROLS,NO CONTROLS,CLEAR,DAYLIGHT,SIDESWIPE SAME DIRECTION,DIVIDED - W/MEDIAN (NOT RAISED),,STRAIGHT AND LEVEL,DRY,UNKNOWN,ON SCENE,NO INJURY / DRIVE AWAY,,,,$500 OR LESS,07/11/2025 06:30:00 PM,IMPROPER OVERTAKING/PASSING,IMPROPER OVERTAKING/PASSING,4217,W,47TH ST,815,,,,,,,2,NO INDICATION OF INJURY,0,0,0,0,0,3,0,18,6,7,41.8076885934,-87.7292741232,POINT (-87.729274123247 41.807688593416)
cb3f09f30a360b8d2a24845a52b1fdbfc110075bd589d2881cd8a6dd2e214f03b0d904f43ef382bb1dbe415decef8f87646590486b3f26a7760afa1d6bc1dafb,,07/11/2025 06:22:00 PM,30,NO CONTROLS,NO CONTROLS,CLEAR,DAYLIGHT,SIDESWIPE SAME DIRECTION,NOT DIVIDED,,STRAIGHT AND LEVEL,DRY,NO DEFECTS,NOT ON SCENE (DESK REPORT),NO INJURY / DRIVE AWAY,,,,"OVER $1,500",07/11/2025 07:20:00 PM,UNABLE TO DETERMINE,NOT APPLICABLE,823,W,GRAND AVE,1214,,,,,,,2,NO INDICATION OF INJURY,0,0,0,0,0,2,0,18,6,7,41.8910603108,-87.6486430884,POINT (-87.648643088373 41.891060310768)
efaab91c6bc661099660b2d3e0963d338222702a9d18bd41eaf64375645d89dc0bae09d74e2f9e0466500348e7c8e6d984bb1ca3b487a0b8f407ffeed0dc6eb6,,07/11/2025 06:18:00 PM,30,TRAFFIC SIGNAL,FUNCTIONING PROPERLY,CLEAR,DAYLIGHT,REAR END,FOUR WAY,,STRAIGHT AND LEVEL,DRY,NO DEFECTS,ON SCENE,NO INJURY / DRIVE AWAY,,,,$500 OR LESS,07/11/2025 06:21:00 PM,FOLLOWING TOO CLOSELY,NOT APPLICABLE,4050,S,ARCHER AVE,921,,,,,,,2,NO INDICATION OF INJURY,0,0,0,0,0,2,0,18,6,7,41.8200587622,-87.6947386527,POINT (-87.694738652658 41.82005876222)
e52d3c2c5ca396dd435fefa89d21af5671d31181e4d9bb31b7e119674e63e7117c0c55425f1aa5e02f257507e6f999a25608d4001129b1b0c7b62cceca56c106,,07/11/2025 06:16:00 PM,30,TRAFFIC SIGNAL,FUNCTIONING PROPERLY,CLEAR,DAYLIGHT,SIDESWIPE SAME DIRECTION,DIVIDED - W/MEDIAN (NOT RAISED),,STRAIGHT AND LEVEL,DRY,NO DEFECTS,ON SCENE,NO INJURY / DRIVE AWAY,Y,,,"OVER $1,500",07/11/2025 06:24:00 PM,IMPROPER OVERTAKING/PASSING,IMPROPER OVERTAKING/PASSING,4401,N,WESTERN AVE,1911,,,,,,,3,NO INDICATION OF INJURY,0,0,0,0,0,4,0,18,6,7,41.9614065031,-87.6885385567,POINT (-87.688538556705 41.961406503078)
7e60c48f05edcbf63db28961758294687c0804c3441c222720d4cbc8e82d77701d63dc1e2e90114fbd4e8b4f328f2a2d6adb2aff662b2ff51a39948bc2239a24,,07/11/2025 06:12:00 PM,30,NO CONTROLS,NO CONTROLS,CLEAR,DAYLIGHT,SIDESWIPE SAME DIRECTION,UNKNOWN,,STRAIGHT AND LEVEL,UNKNOWN,UNKNOWN,ON SCENE,NO INJURY / DRIVE AWAY,,,Y,$500 OR LESS,07/11/2025 06:12:00 PM,UNABLE TO DETERMINE,RELATED TO BUS STOP,6250,S,COTTAGE GROVE AVE,313,,,,,,,2,NO INDICATION OF INJURY,0,0,0,0,0,27,0,18,6,7,41.7807255451,-87.6060838471,POINT (-87.606083847124 41.780725545139)
64abea557183ffb871be2f58c8be68f5e68677ae8e4bb9fe4be0e48106925047c1507e4df9b4060cdd99d8b8bc9b2b9477fbb154c02d1b88db32395650eba9c6,,07/11/2025 06:10:00 PM,30,TRAFFIC SIGNAL,FUNCTIONING PROPERLY,CLEAR,DAYLIGHT,TURNING,DIVIDED - W/MEDIAN (NOT RAISED),,STRAIGHT AND LEVEL,DRY,UNKNOWN,ON SCENE,INJURY AND / OR TOW DUE TO CRASH,,,,"$501 - $1,500",07/11/2025 06:13:00 PM,FAILING TO YIELD RIGHT-OF-WAY,NOT APPLICABLE,1598,W,SCHOOL ST,1922,,,,,,,2,NO INDICATION OF INJURY,0,0,0,0,0,2,0,18,6,7,41.9416350509,-87.6685943742,POINT (-87.668594374163 41.941635050933)
b27901aeb250c7d6b3adec6ceaa7e4b363f2178d93b9946aa3dbeb201c0745f0aaa11268748b41bd48af2dd916fd5aeafe5cddf84c62c8f6e98f8b161db69b13,,07/11/2025 06:10:00 PM,30,NO CONTROLS,NO CONTROLS,CLEAR,DAYLIGHT,TURNING,DIVIDED - W/MEDIAN BARRIER,,STRAIGHT AND LEVEL,DRY,NO DEFECTS,ON SCENE,INJURY AND / OR TOW DUE TO CRASH,,,,"OVER $1,500",07/11/2025 06:10:00 PM,DISREGARDING ROAD MARKINGS,FAILING TO REDUCE SPEED TO AVOID CRASH,3254,N,WESTERN AVE,1921,,,,,,,2,NO INDICATION OF INJURY,0,0,0,0,0,2,0,18,6,7,41.9409866993,-87.6883628067,POINT (-87.688362806652 41.940986699313)
755879a7ec1192d9c1c4aa97c85c20c9c90b33572ff251003d9d7a6110a7bcd4bb803cd7f71c0bcbedbcf0e921daede7e987829db95fda8390abc9b7bd9909b0,,07/11/2025 06:01:00 PM,15,STOP SIGN/FLASHER,NO CONTROLS,CLEAR,DAYLIGHT,REAR END,TRAFFIC ROUTE,,STRAIGHT AND LEVEL,DRY,NO DEFECTS,NOT ON SCENE (DESK REPORT),INJURY AND / OR TOW DUE TO CRASH,,,,"OVER $1,500",07/11/2025 06:01:00 PM,DRIVING SKILLS/KNOWLEDGE/EXPERIENCE,NOT APPLICABLE,6398,S,MARYLAND AVE,312,,,,,,,2,"REPORTED, NOT EVIDENT",1,0,0,0,1,2,0,18,6,7,41.7786945978,-87.6047457466,POINT (-87.604745746575 41.778694597779)
13656c794664de1d32c35d79e0461706c8467413fcf8f57be685d1f261d7ba9255e5ea97ae75a004a8c44a18a0012bb8fad4b5ac7c217988aa66bd462dd60671,,07/11/2025 06:00:00 PM,30,TRAFFIC SIGNAL,FUNCTIONING PROPERLY,CLEAR,DUSK,REAR END,FOUR WAY,,STRAIGHT AND LEVEL,DRY,UNKNOWN,NOT ON SCENE (DESK REPORT),NO INJURY / DRIVE AWAY,Y,,,"OVER $1,500",07/11/2025 07:00:00 PM,FOLLOWING TOO CLOSELY,NOT APPLICABLE,796,N,LARAMIE AVE,1524,,,,,,,2,NO INDICATION OF INJURY,0,0,0,0,0,2,0,18,6,7,41.8948355468,-87.7557412538,POINT (-87.755741253802 41.894835546784)
1e24763c19586bf4040d8bf91ad8c16ffc204b9b0a498cb3c4d998b5f2ba25064a03ee4317b102341cc03619f6241e48464a498a0782d69e3a9b1f1eafd8ea8c,,07/11/2025 06:00:00 PM,30,NO CONTROLS,NO CONTROLS,CLEAR,DAYLIGHT,SIDESWIPE SAME DIRECTION,DIVIDED - W/MEDIAN (NOT RAISED),,STRAIGHT AND LEVEL,DRY,NO DEFECTS,ON SCENE,NO INJURY / DRIVE AWAY,,,,"OVER $1,500",07/11/2025 06:00:00 PM,IMPROPER OVERTAKING/PASSING,NOT APPLICABLE,200,S,LAKE SHORE DR NB,114,,,,,,,2,NO INDICATION OF INJURY,0,0,0,0,0,2,0,18,6,7,41.8795834575,-87.6176071169,POINT (-87.617607116909 41.879583457474)
b28a3160e1998d73ad4eb997559d33211e6b156c0cda0ce975078a44001b81dc63e0319a3cf7a13e76c8e4af2392dbc297ab7be58c44ff05b89b9b1e7591e0a0,,07/11/2025 06:00:00 PM,30,OTHER,OTHER,CLEAR,DAYLIGHT,TURNING,NOT DIVIDED,,STRAIGHT AND LEVEL,DRY,NO DEFECTS,ON SCENE,NO INJURY / DRIVE AWAY,,,,"OVER $1,500",07/11/2025 07:40:00 PM,UNABLE TO DETERMINE,UNABLE TO DETERMINE,3411,W,ADDISON ST,1732,,,,,,,2,NO INDICATION OF INJURY,0,0,0,0,0,2,0,18,6,7,41.9464515635,-87.7131683047,POINT (-87.713168304716 41.946451563513)
3d5b618831b611bc2c668cd0267b19ff06f82f63035ced9b59474c994b3222b01b9b9aeb26ba87fb4eef1a099e2a17aa1734081467ed2cbc178d120c03f9530c,,07/11/2025 05:55:00 PM,30,UNKNOWN,UNKNOWN,UNKNOWN,UNKNOWN,SIDESWIPE SAME DIRECTION,ONE-WAY,,STRAIGHT AND LEVEL,DRY,UNKNOWN,NOT ON SCENE (DESK REPORT),NO INJURY / DRIVE AWAY,,,,"OVER $1,500",07/15/2025 03:47:00 PM,IMPROPER LANE USAGE,UNABLE TO DETERMINE,100,E,GRAND AVE,1834,,,,,,,2,NO INDICATION OF INJURY,0,0,0,0,0,2,0,17,6,7,41.8918234902,-87.6253177097,POINT (-87.625317709668 41.891823490173)
ee116614f7eb19e851280bbaf0a49ffcf222483ee3120fa3a1660e32fea6db8ed34b79d3da30fab392cdebbc3c526ccac76c4653070a0985e0fccbcf4255cd35,,07/11/2025 05:55:00 PM,30,STOP SIGN/FLASHER,FUNCTIONING PROPERLY,CLEAR,DAYLIGHT,TURNING,NOT DIVIDED,,STRAIGHT AND LEVEL,DRY,NO DEFECTS,NOT ON SCENE (DESK REPORT),NO INJURY / DRIVE AWAY,,,,"OVER $1,500",07/11/2025 07:15:00 PM,FAILING TO YIELD RIGHT-OF-WAY,NOT APPLICABLE,4732,W,87TH ST,834,,,,,,,2,NO INDICATION OF INJURY,0,0,0,0,0,4,0,17,6,7,41.7346687498,-87.7395808818,POINT (-87.739580881795 41.734668749845)
1029949863cdb5f614cdbfc2828357d1a8782af95fd6f2a25f6ff11d079ffde3305d057d0f62b5125032ad616c8287e5f21c4e178a4aa30e3cb82d07afdd5b73,,07/11/2025 05:45:00 PM,30,NO CONTROLS,NO CONTROLS,CLEAR,DAYLIGHT,REAR END,RAMP,,STRAIGHT AND LEVEL,DRY,NO DEFECTS,ON SCENE,INJURY AND / OR TOW DUE TO CRASH,,,,"OVER $1,500",07/11/2025 05:51:00 PM,FOLLOWING TOO CLOSELY,FOLLOWING TOO CLOSELY,2398,N,LAKE SHORE DR NB,1814,,,,,,,3,NO INDICATION OF INJURY,0,0,0,0,0,4,0,17,6,7,41.9259981814,-87.6314627955,POINT (-87.631462795453 41.925998181424)
72eca18b8923062c7386762a5a06b3623bb9ff33e22def28064196dd7796ffed4d64678d3d56f1dd7c58064e4a9defaad5373d92a211025280e2621e6b92d6a5,,07/11/2025 05:45:00 PM,30,TRAFFIC SIGNAL,FUNCTIONING PROPERLY,CLEAR,DAYLIGHT,REAR END,ONE-WAY,,STRAIGHT AND LEVEL,DRY,NO DEFECTS,NOT ON SCENE (DESK REPORT),NO INJURY / DRIVE AWAY,,,,"$501 - $1,500",07/11/2025 08:01:00 PM,FOLLOWING TOO CLOSELY,NOT APPLICABLE,400,N,LOWER MICHIGAN AVE,1834,,,,,,,3,NO INDICATION OF INJURY,0,0,0,0,0,3,0,17,6,7,41.8894037757,-87.6244262679,POINT (-87.624426267883 41.889403775694)
98ffa9e0b1404975b58e6c03228d5e9a025a8af9744c48860d8bba8656a26f492d29366d80422adbc541d028002c1e0e011b5e69dfef4317249ddcf2111decd1,,07/11/2025 05:45:00 PM,30,STOP SIGN/FLASHER,FUNCTIONING PROPERLY,CLEAR,DAYLIGHT,TURNING,FOUR WAY,,STRAIGHT AND LEVEL,DRY,NO DEFECTS,ON SCENE,INJURY AND / OR TOW DUE TO CRASH,Y,,,"OVER $1,500",07/11/2025 05:48:00 PM,DISREGARDING STOP SIGN,FAILING TO REDUCE SPEED TO AVOID CRASH,4600,S,DAMEN AVE,924,,,,,,,2,NO INDICATION OF INJURY,0,0,0,0,0,3,0,17,6,7,41.8102339724,-87.6751339777,POINT (-87.675133977716 41.810233972354)
d18162524d3be81fef92361218c43abd1cb3fd215301499609ff9094eee1eac8ee538954e2a945c1a72482a188c0c51ca48a999be405be42df4fe315c81b9543,,07/11/2025 05:40:00 PM,30,NO CONTROLS,NO CONTROLS,CLEAR,DAYLIGHT,REAR END,DIVIDED - W/MEDIAN (NOT RAISED),,STRAIGHT AND LEVEL,DRY,NO DEFECTS,NOT ON SCENE (DESK REPORT),NO INJURY / DRIVE AWAY,,,,"OVER $1,500",07/14/2025 03:29:00 PM,FOLLOWING TOO CLOSELY,NOT APPLICABLE,6446,N,SHERIDAN RD,2432,,,,,,,2,NO INDICATION OF INJURY,0,0,0,0,0,2,0,17,6,7,41.9995381761,-87.6608241032,POINT (-87.660824103225 41.999538176118)
850ff32d0f1eefe902c5466cb1d4e790646baa2109b361dd01a43ea89a584f407ec664fccf646b72c2a64b42e8d8692aacbbfc2c21b352b120207a382560f0f6,,07/11/2025 05:39:00 PM,30,NO CONTROLS,NO CONTROLS,CLEAR,DAYLIGHT,SIDESWIPE SAME DIRECTION,DIVIDED - W/MEDIAN BARRIER,,STRAIGHT AND LEVEL,DRY,UNKNOWN,ON SCENE,NO INJURY / DRIVE AWAY,Y,,,$500 OR LESS,07/11/2025 05:39:00 PM,FOLLOWING TOO CLOSELY,FOLLOWING TOO CLOSELY,2300,W,87TH ST,614,,,,,,,2,NO INDICATION OF INJURY,0,0,0,0,0,2,0,17,6,7,41.7356685435,-87.680411707,POINT (-87.680411706994 41.735668543508)
075dc7e2d270b536b285a5b275268a529014d74544fadcbe890b6f62200e9b665f08fb16b03650bd1cf8b2216926c069d169dff2968a63895b2a3e39e1b44ba2,,07/11/2025 05:38:00 PM,30,NO CONTROLS,NO CONTROLS,CLEAR,DAYLIGHT,TURNING,NOT DIVIDED,,STRAIGHT AND LEVEL,DRY,NO DEFECTS,ON SCENE,NO INJURY / DRIVE AWAY,,,,"$501 - $1,500",07/11/2025 05:41:00 PM,FAILING TO YIELD RIGHT-OF-WAY,NOT APPLICABLE,3542,W,NORTH AVE,1422,,,,,,,2,NO INDICATION OF INJURY,0,0,0,0,0,2,0,17,6,7,41.9101140186,-87.7158605361,POINT (-87.715860536053 41.910114018581)
fdd33a277caa308da7c6b7e0dc30c970a25ea5ba4774f82dc74ed088b86fa127b5d6559bed16ab33016e0af4f063b846411d7ef6ba99f4e0fcd7042b9a07d17a,,07/11/2025 05:34:00 PM,20,STOP SIGN/FLASHER,FUNCTIONING PROPERLY,CLEAR,DAYLIGHT,PARKED MOTOR VEHICLE,ONE-WAY,,STRAIGHT AND LEVEL,DRY,NO DEFECTS,ON SCENE,INJURY AND / OR TOW DUE TO CRASH,,,,"OVER $1,500",07/11/2025 05:34:00 PM,UNDER THE INFLUENCE OF ALCOHOL/DRUGS (USE WHEN ARREST IS EFFECTED),NOT APPLICABLE,5053,N,WOLCOTT AVE,2032,,,,,,,2,NO INDICATION OF INJURY,0,0,0,0,0,1,0,17,6,7,41.9740335087,-87.6761990028,POINT (-87.676199002817 41.974033508685)
3ebc2d73f7cd53b32e28236c1541b5dd6cc165feaed5a85d73187fb8836d3bd3670675ce108dc6ac83fa3fb1df47d1afcbd470c19d590b1798a3e3124e11a002,,07/11/2025 05:32:00 PM,30,NO CONTROLS,NO CONTROLS,CLEAR,DAYLIGHT,SIDESWIPE SAME DIRECTION,NOT DIVIDED,,STRAIGHT AND LEVEL,DRY,NO DEFECTS,ON SCENE,NO INJURY / DRIVE AWAY,,,,"OVER $1,500",07/11/2025 05:32:00 PM,DRIVING SKILLS/KNOWLEDGE/EXPERIENCE,DRIVING SKILLS/KNOWLEDGE/EXPERIENCE,11498,S,COTTAGE GROVE AVE,531,,,,,,,2,NO INDICATION OF INJURY,0,0,0,0,0,3,0,17,6,7,,,
215852f573d8ecaa3597cd36dc71e9acc2951d80d1b6d9432d6ad3bb00a5a59bdd1f6d6566ed04b1c0581fde14d2193239754d24b87b6375d7ab1a5f5099e587,,07/11/2025 05:30:00 PM,30,NO CONTROLS,NO CONTROLS,CLEAR,DAYLIGHT,PARKED MOTOR VEHICLE,PARKING LOT,,STRAIGHT AND LEVEL,UNKNOWN,UNKNOWN,ON SCENE,NO INJURY / DRIVE AWAY,,Y,Y,"$501 - $1,500",07/11/2025 06:29:00 PM,FOLLOWING TOO CLOSELY,UNABLE TO DETERMINE,801,N,PULASKI RD,1112,,,,,,,2,NO INDICATION OF INJURY,0,0,0,0,0,1,0,17,6,7,41.8954621504,-87.7259368087,POINT (-87.725936808712 41.895462150386)
23031795cf2ac224426fedb67f79ab1bbea39a6148e513f0010e3d1274cabec48e5c07e35cf0216dd64171194d0d092b3bd547c4d262a3843a6440fb61fc87f6,,07/11/2025 05:30:00 PM,30,NO CONTROLS,NO CONTROLS,CLEAR,DAYLIGHT,SIDESWIPE SAME DIRECTION,NOT DIVIDED,,STRAIGHT AND LEVEL,DRY,NO DEFECTS,NOT ON SCENE (DESK REPORT),NO INJURY / DRIVE AWAY,,,,"OVER $1,500",07/11/2025 06:15:00 PM,IMPROPER OVERTAKING/PASSING,UNABLE TO DETERMINE,2800,W,DIVERSEY AVE,1411,,,,,,,2,NO INDICATION OF INJURY,0,0,0,0,0,3,0,17,6,7,41.9322053951,-87.6976792439,POINT (-87.697679243869 41.932205395065)
67cc0cdbcb99a85c0746723105975289acf882d501559ca30d96a35f74aa4096d2d7e48cdeae0f23894e9d953196f9f71be68b4592478d79d535280ff497b841,Y,07/11/2025 05:30:00 PM,30,TRAFFIC SIGNAL,FUNCTIONING PROPERLY,CLEAR,DAYLIGHT,REAR END,NOT DIVIDED,,STRAIGHT AND LEVEL,DRY,NO DEFECTS,ON SCENE,NO INJURY / DRIVE AWAY,Y,,Y,"OVER $1,500",07/11/2025 05:52:00 PM,DRIVING SKILLS/KNOWLEDGE/EXPERIENCE,FOLLOWING TOO CLOSELY,3133,N,SHERIDAN RD,1934,,,,,,,2,NO INDICATION OF INJURY,0,0,0,0,0,2,0,17,6,7,41.9387136885,-87.6393522511,POINT (-87.639352251141 41.938713688453)
afcf7a577d1ebd801854bd95173b9aee797781a2226af040f941c0097fe5916dbaa280c68c83e7063d715b5de877e6213d86be7896796824fc49fb806a4481aa,,07/11/2025 05:30:00 PM,30,NO CONTROLS,NO CONTROLS,CLEAR,DAYLIGHT,PEDALCYCLIST,NOT DIVIDED,,STRAIGHT AND LEVEL,DRY,NO DEFECTS,NOT ON SCENE (DESK REPORT),NO INJURY / DRIVE AWAY,,,,"$501 - $1,500",07/11/2025 07:17:00 PM,DRIVING ON WRONG SIDE/WRONG WAY,NOT APPLICABLE,1520,W,NORTH AVE,1433,,,,,,,2,NO INDICATION OF INJURY,0,0,0,0,0,2,0,17,6,7,41.9107619487,-87.6661209959,POINT (-87.666120995872 41.910761948707)