CRASH_RECORD_ID,CRASH_DATE_EST_I,CRASH_DATE,POSTED_SPEED_LIMIT,TRAFFIC_CONTROL_DEVICE,DEVICE_CONDITION,WEATHER_CONDITION,LIGHTING_CONDITION,FIRST_CRASH_TYPE,TRAFFICWAY_TYPE,LANE_CNT,ALIGNMENT,ROADWAY_SURFACE_COND,ROAD_DEFECT,REPORT_TYPE,CRASH_TYPE,INTERSECTION_RELATED_I,NOT_RIGHT_OF_WAY_I,HIT_AND_RUN_I,DAMAGE,DATE_POLICE_NOTIFIED,PRIM_CONTRIBUTORY_CAUSE,SEC_CONTRIBUTORY_CAUSE,STREET_NO,STREET_DIRECTION,STREET_NAME,BEAT_OF_OCCURRENCE,PHOTOS_TAKEN_I,STATEMENTS_TAKEN_I,DOORING_I,WORK_ZONE_I,WORK_ZONE_TYPE,WORKERS_PRESENT_I,NUM_UNITS,MOST_SEVERE_INJURY,INJURIES_TOTAL,INJURIES_FATAL,INJURIES_INCAPACITATING,INJURIES_NON_INCAPACITATING,INJURIES_REPORTED_NOT_EVIDENT,INJURIES_NO_INDICATION,INJURIES_UNKNOWN,CRASH_HOUR,CRASH_DAY_OF_WEEK,CRASH_MONTH,LATITUDE,LONGITUDE,LOCATION
b108d7bbb037b5d8ca91658b0d4bbd574b9458adeb2106d1be85247fd94aad53fc7a610e23dfe77f0543ce1ad406d42c7e1ca78a547d489a556b6996fbf58e90,,07/11/2025 05:30:00 PM,30,TRAFFIC SIGNAL,FUNCTIONING PROPERLY,CLEAR,DAYLIGHT,REAR END,FOUR WAY,,STRAIGHT AND LEVEL,DRY,NO DEFECTS,NOT ON SCENE (DESK REPORT),INJURY AND / OR TOW DUE TO CRASH,Y,,,$500 OR LESS,07/11/2025 06:10:00 PM,UNABLE TO DETERMINE,NOT APPLICABLE,4323,W,ADDISON ST,1731,,,,,,,2,"REPORTED, NOT EVIDENT",1,0,0,0,1,1,0,17,6,7,41.9461533472,-87.7361555421,POINT (-87.736155542106 41.946153347247)
ea1b54d8965ba06d5e910a7aafc6a71a1cdc92aa6f8b6538bb2a586d0d8aa0557863981516cb7338ba9cbfc2f879bdf8ffe5c942cb95beac27761bd9f0b1b786,,07/11/2025 05:27:00 PM,30,TRAFFIC SIGNAL,FUNCTIONING PROPERLY,CLEAR,DAYLIGHT,PEDESTRIAN,DIVIDED - W/MEDIAN (NOT RAISED),,STRAIGHT AND LEVEL,DRY,NO DEFECTS,,INJURY AND / OR TOW DUE TO CRASH,Y,,,"OVER $1,500",07/11/2025 06:05:00 PM,FAILING TO YIELD RIGHT-OF-WAY,NOT APPLICABLE,2214,S,PRINCETON AVE,914,,,,,,,2,"REPORTED, NOT EVIDENT",1,0,0,0,1,1,0,17,6,7,41.8524079792,-87.6349375622,POINT (-87.63493756221 41.852407979229)
c666b275db685a41aeaf04d50fe386c7b25511f74bf8d2543ad29c0fd35f510970d5ef0d15b1ccd857fc72f1fddd7cd803b109a4b2995019258907b8f099e60a,,07/11/2025 05:25:00 PM,20,STOP SIGN/FLASHER,FUNCTIONING PROPERLY,CLEAR,DAYLIGHT,ANGLE,FOUR WAY,,STRAIGHT AND LEVEL,DRY,NO DEFECTS,ON SCENE,INJURY AND / OR TOW DUE TO CRASH,Y,,,"OVER $1,500",07/11/2025 05:28:00 PM,FAILING TO YIELD RIGHT-OF-WAY,NOT APPLICABLE,6200,S,KOSTNER AVE,813,,,,,,,2,NO INDICATION OF INJURY,0,0,0,0,0,2,0,17,6,7,41.7802717754,-87.7327214405,POINT (-87.732721440535 41.78027177542)
d439c1e9406b6d929a2dfbda61368e9384ca581799612432bb5b5c101976d8b024e8f2af9551a5fe5dd5de0256ce98500d1a95f34f7160aa97ebcb7972c0636d,,07/11/2025 05:25:00 PM,30,TRAFFIC SIGNAL,FUNCTIONING PROPERLY,CLEAR,DAYLIGHT,REAR END,DIVIDED - W/MEDIAN (NOT RAISED),,STRAIGHT AND LEVEL,UNKNOWN,UNKNOWN,NOT ON SCENE (DESK REPORT),NO INJURY / DRIVE AWAY,,,Y,"$501 - $1,500",07/11/2025 06:05:00 PM,FAILING TO REDUCE SPEED TO AVOID CRASH,NOT APPLICABLE,100,S,LAKE SHORE DR NB,114,,,,,,,2,NO INDICATION OF INJURY,0,0,0,0,0,2,0,17,6,7,41.8808560477,-87.6176358918,POINT (-87.617635891755 41.880856047671)
57db4c242c69d4c73f3eee6c4d247eccde1f6daec8de96fc4579df26edce01b278abed858ce4fccf34e8fd24a8431a0b64d971fc1c777c5d6e4133041e981bee,Y,07/11/2025 05:24:00 PM,20,NO CONTROLS,NO CONTROLS,CLEAR,DAYLIGHT,TURNING,PARKING LOT,,STRAIGHT AND LEVEL,DRY,UNKNOWN,NOT ON SCENE (DESK REPORT),NO INJURY / DRIVE AWAY,,,,"OVER $1,500",07/11/2025 06:25:00 PM,"VISION OBSCURED (SIGNS, TREE LIMBS, BUILDINGS, ETC.)",UNABLE TO DETERMINE,4900,S,KEDZIE AVE,821,,,,,,,2,NO INDICATION OF INJURY,0,0,0,0,0,2,0,17,6,7,41.8043259216,-87.7040126363,POINT (-87.704012636283 41.804325921559)
fb6cefc5b76aa54cea4f86e2073de012b7c9c3f6848589cce960e6b94d8424a4e0c1c9946ff4bb105b43c4ce0a12ab69d557f4f08e04325c8dae38c9aa7b2496,,07/11/2025 05:24:00 PM,30,STOP SIGN/FLASHER,FUNCTIONING PROPERLY,CLEAR,DAYLIGHT,REAR END,ONE-WAY,,STRAIGHT AND LEVEL,DRY,NO DEFECTS,NOT ON SCENE (DESK REPORT),NO INJURY / DRIVE AWAY,,,,"OVER $1,500",07/11/2025 06:27:00 PM,FOLLOWING TOO CLOSELY,NOT APPLICABLE,5458,S,RICHMOND ST,923,,,,,,,2,NO INDICATION OF INJURY,0,0,0,0,0,3,0,17,6,7,41.793715794,-87.6976093579,POINT (-87.697609357851 41.793715793973)
9b9c6839ccc2e3bf0a0969a6f1491a1626ef207756357b1ff061cdb82a97971856b10d347eb614a7d277b21fd93eac07f2f61a16a56ac93d681255a2372b9d3a,,07/11/2025 05:21:00 PM,30,NO CONTROLS,NO CONTROLS,UNKNOWN,DAYLIGHT,SIDESWIPE SAME DIRECTION,NOT DIVIDED,,STRAIGHT AND LEVEL,UNKNOWN,NO DEFECTS,NOT ON SCENE (DESK REPORT),NO INJURY / DRIVE AWAY,,,Y,"$501 - $1,500",07/11/2025 06:14:00 PM,NOT APPLICABLE,NOT APPLICABLE,5830,S,WESTERN AVE,824,,,,,,,2,NO INDICATION OF INJURY,0,0,0,0,0,3,0,17,6,7,41.7874125352,-87.6840031258,POINT (-87.684003125789 41.787412535248)
0b82ca6e7a7ce9ce36c2f665990dd5cb176103433e34c42a7eb009cb086b2dd24186a8c86ec86facec0a3644664733b04c3d9e04a2d64385e859ec9e20d4761e,,07/11/2025 05:20:00 PM,30,NO CONTROLS,NO CONTROLS,CLEAR,DAYLIGHT,PARKED MOTOR VEHICLE,NOT DIVIDED,,STRAIGHT AND LEVEL,DRY,NO DEFECTS,NOT ON SCENE (DESK REPORT),NO INJURY / DRIVE AWAY,,,,$500 OR LESS,07/11/2025 05:50:00 PM,UNABLE TO DETERMINE,UNABLE TO DETERMINE,2136,W,GRAND AVE,1221,,,,,,,2,NO INDICATION OF INJURY,0,0,0,0,0,5,0,17,6,7,41.8908691664,-87.6808473805,POINT (-87.680847380477 41.890869166358)
240236daa584811d7632b184ae06fe4448a8860c4f8c71690a54098fa6bbe3e7a1e2ebc92c5ae819ce1ab37d409511440a1ece7250ff2302c53285167c6b34f4,,07/11/2025 05:20:00 PM,10,NO CONTROLS,NO CONTROLS,CLEAR,DAYLIGHT,PARKED MOTOR VEHICLE,NOT DIVIDED,,STRAIGHT AND LEVEL,DRY,NO DEFECTS,NOT ON SCENE (DESK REPORT),NO INJURY / DRIVE AWAY,,Y,,"OVER $1,500",07/12/2025 11:30:00 AM,IMPROPER BACKING,DRIVING SKILLS/KNOWLEDGE/EXPERIENCE,33,W,ONTARIO ST,1832,,,,,,,2,NO INDICATION OF INJURY,0,0,0,0,0,2,0,17,6,7,41.8931417575,-87.6295306022,POINT (-87.629530602186 41.893141757499)
647c002c4a1ab7c29aadc1be8177cb9b2e344888b0d4641005d98e2b7a17bfbaf47fa9f97d32c5fd2e2cf050f96cd111494a875c9a4d16ab88d630e2851614e6,,07/11/2025 05:20:00 PM,30,NO CONTROLS,NO CONTROLS,CLEAR,DAYLIGHT,SIDESWIPE SAME DIRECTION,NOT DIVIDED,,STRAIGHT AND LEVEL,DRY,NO DEFECTS,NOT ON SCENE (DESK REPORT),NO INJURY / DRIVE AWAY,,,Y,"OVER $1,500",07/11/2025 08:00:00 PM,IMPROPER LANE USAGE,NOT APPLICABLE,3100,N,SHERIDAN RD,1934,,,,,,,2,NO INDICATION OF INJURY,0,0,0,0,0,2,0,17,6,7,41.9377792062,-87.6396166104,POINT (-87.63961661042 41.937779206193)
78eb7f0742d8a3461c91505532333e826b1c18acd66533c4c0b29ebcd5c1067a94aff26de1c38e0cd7e8be1bb46059b4a6a0e589b5b36e1e203ec37daf868bc1,,07/11/2025 05:20:00 PM,30,TRAFFIC SIGNAL,FUNCTIONING PROPERLY,CLEAR,DAYLIGHT,REAR END,NOT DIVIDED,,STRAIGHT AND LEVEL,DRY,NO DEFECTS,NOT ON SCENE (DESK REPORT),NO INJURY / DRIVE AWAY,,,Y,"$501 - $1,500",07/11/2025 05:45:00 PM,FOLLOWING TOO CLOSELY,NOT APPLICABLE,11312,S,WESTERN AVE,2212,,,,,,,2,NO INDICATION OF INJURY,0,0,0,0,0,2,0,17,6,7,41.6877897266,-87.681175847,POINT (-87.681175847049 41.687789726623)
79fa34ea6470a8bdedc1a736100d01f0a107ff6c454e4d7d63474b4f744f080d5d7113a8799139e5c29c4d5e85be8c090e87bd63f8a02222c9d627e66ba0b464,,07/11/2025 05:20:00 PM,30,NO CONTROLS,NO CONTROLS,CLEAR,DAYLIGHT,SIDESWIPE SAME DIRECTION,ONE-WAY,,STRAIGHT AND LEVEL,DRY,NO DEFECTS,ON SCENE,NO INJURY / DRIVE AWAY,,,Y,"OVER $1,500",07/11/2025 05:25:00 PM,UNABLE TO DETERMINE,NOT APPLICABLE,3801,N,SAWYER AVE,1733,,,,,,,2,NO INDICATION OF INJURY,0,0,0,0,0,3,0,17,6,7,41.9503584015,-87.7089980958,POINT (-87.70899809582 41.950358401481)
a89cfe3fb5e1898616f16afad06b9f2a459cf0460da189f4918e8257a6f2bd58e44b7363e398c79320e0624149bc038c01ccdd12b49ae78a3d133964812fd7c4,,07/11/2025 05:20:00 PM,30,STOP SIGN/FLASHER,FUNCTIONING PROPERLY,CLEAR,DAYLIGHT,REAR END,NOT DIVIDED,,STRAIGHT AND LEVEL,DRY,NO DEFECTS,NOT ON SCENE (DESK REPORT),NO INJURY / DRIVE AWAY,,,,"OVER $1,500",07/12/2025 10:40:00 AM,FOLLOWING TOO CLOSELY,NOT APPLICABLE,1612,W,99TH ST,2213,,,,,,,2,NO INDICATION OF INJURY,0,0,0,0,0,2,0,17,6,7,41.7140547715,-87.6639072158,POINT (-87.663907215778 41.714054771519)
ea3d5b32e0d5041d6232165bf28f5ece9472745f2152df69f8982a3bdc9e0350d081838107118c076630c48b405562df2d588162948bfa92be1217da37cc61b0,,07/11/2025 05:20:00 PM,30,STOP SIGN/FLASHER,FUNCTIONING PROPERLY,CLEAR,DAYLIGHT,TURNING,NOT DIVIDED,,STRAIGHT AND LEVEL,DRY,NO DEFECTS,NOT ON SCENE (DESK REPORT),NO INJURY / DRIVE AWAY,Y,,,"OVER $1,500",07/11/2025 05:55:00 PM,FAILING TO YIELD RIGHT-OF-WAY,UNABLE TO DETERMINE,5500,W,BELMONT AVE,1633,,,,,,,2,NO INDICATION OF INJURY,0,0,0,0,0,2,0,17,6,7,41.9387154187,-87.7641127392,POINT (-87.764112739241 41.938715418699)
7d39bfed9d5ec52b529d0c83262a9897fc094194da9d5fa12420cc0c377799c0d5ebb96389d0278b2fc7150c27c15307dd2e54bbe023afc10fcc2ac43f7b20ea,Y,07/11/2025 05:18:00 PM,30,STOP SIGN/FLASHER,NO CONTROLS,CLEAR,DAYLIGHT,SIDESWIPE OPPOSITE DIRECTION,FOUR WAY,,STRAIGHT AND LEVEL,DRY,NO DEFECTS,ON SCENE,INJURY AND / OR TOW DUE TO CRASH,Y,,Y,"OVER $1,500",07/11/2025 05:19:00 PM,UNABLE TO DETERMINE,UNABLE TO DETERMINE,8800,S,WABASH AVE,632,,,,,,,2,NO INDICATION OF INJURY,0,0,0,0,0,3,0,17,6,7,41.7344604066,-87.6227018823,POINT (-87.622701882292 41.73446040658)
caab4fa5b950b83c9690842660c15c983b5ac507b1154e9d9e162cafc4c7857c88b886ba898c7ea34d87fbdc5b7485f4d8672125ec189187e856bd3b874b2e26,,07/11/2025 05:16:00 PM,30,TRAFFIC SIGNAL,FUNCTIONING PROPERLY,CLEAR,DAYLIGHT,REAR END,NOT DIVIDED,,STRAIGHT AND LEVEL,DRY,NO DEFECTS,ON SCENE,NO INJURY / DRIVE AWAY,,,,"OVER $1,500",07/11/2025 05:22:00 PM,UNABLE TO DETERMINE,UNABLE TO DETERMINE,2951,N,HALSTED ST,1934,,,,,,,2,NO INDICATION OF INJURY,0,0,0,0,0,2,0,17,6,7,41.9360110918,-87.6489791824,POINT (-87.648979182436 41.936011091762)
7e713f450ef857ddc909ae52cf854ce7aba962e493d8ad5a48f0726707a7595ae7d9e1d93b4be49193f3ec9347a939d05c002cbc3ce02c18d27219700dd1ad88,,07/11/2025 05:09:00 PM,30,YIELD,FUNCTIONING PROPERLY,CLEAR,DAYLIGHT,PEDALCYCLIST,Y-INTERSECTION,,STRAIGHT AND LEVEL,DRY,NO DEFECTS,ON SCENE,INJURY AND / OR TOW DUE TO CRASH,Y,,,"OVER $1,500",07/11/2025 05:09:00 PM,DISREGARDING ROAD MARKINGS,FAILING TO YIELD RIGHT-OF-WAY,3911,N,BROADWAY,1925,,,,,,,2,NONINCAPACITATING INJURY,1,0,0,1,0,3,0,17,6,7,41.9531720543,-87.6495216441,POINT (-87.649521644121 41.953172054334)
056c2ce0f213f7514a9cccfc57d2661e39c64e43795a68444297b014429fcf71cf649a35487bb224bb5152fc82648d68f6576586135d1c51e915f97a3c485069,,07/11/2025 05:02:00 PM,30,NO CONTROLS,NO CONTROLS,CLEAR,DAYLIGHT,OTHER OBJECT,ONE-WAY,,STRAIGHT AND LEVEL,DRY,NO DEFECTS,ON SCENE,NO INJURY / DRIVE AWAY,,,,"$501 - $1,500",07/11/2025 05:19:00 PM,UNABLE TO DETERMINE,NOT APPLICABLE,4532,N,FRANCISCO AVE,1724,,,,,,,1,NO INDICATION OF INJURY,0,0,0,0,0,2,0,17,6,7,41.9640473503,-87.7011450196,POINT (-87.701145019567 41.964047350268)
0ba8abbf956a26a600ab7c3d597bc00ca302ccecd10ffd3594e0c39849329354f0756f7b05c9d4c6b8a3db30bf3004399d6b54ff0fd92b590a5eddf438bf9b14,,07/11/2025 05:02:00 PM,30,TRAFFIC SIGNAL,FUNCTIONING PROPERLY,CLEAR,DAYLIGHT,PARKED MOTOR VEHICLE,CENTER TURN LANE,,STRAIGHT AND LEVEL,DRY,NO DEFECTS,NOT ON SCENE (DESK REPORT),NO INJURY / DRIVE AWAY,,,Y,"$501 - $1,500",07/11/2025 06:02:00 PM,NOT APPLICABLE,NOT APPLICABLE,118,E,51ST ST,224,,,,,,,2,NO INDICATION OF INJURY,0,0,0,0,0,1,0,17,6,7,41.8021244123,-87.6217500867,POINT (-87.621750086749 41.802124412289)
4047959b58e68b68b9b34280b743c483b33fab5d4fb0e47fe23e05fd51957e1e041fbe4cd8bbc6425714e77cc40a28862681316f64694bd18fedc6c93cd2ea27,,07/11/2025 05:00:00 PM,30,UNKNOWN,UNKNOWN,UNKNOWN,UNKNOWN,PARKED MOTOR VEHICLE,PARKING LOT,,STRAIGHT AND LEVEL,UNKNOWN,UNKNOWN,NOT ON SCENE (DESK REPORT),NO INJURY / DRIVE AWAY,,Y,Y,"OVER $1,500",07/11/2025 05:30:00 PM,UNABLE TO DETERMINE,NOT APPLICABLE,3340,N,WESTERN AVE,1921,,,,,,,2,NO INDICATION OF INJURY,0,0,0,0,0,1,0,17,6,7,41.9424751156,-87.6883953853,POINT (-87.688395385295 41.942475115595)
65b961bd6f344d730b5f1043cd26a4d838f094b21c1200c02726dd1887f1430a4b187f03b38ec65d2c36747a44473b511b808212f9739fae05b080b8981326d8,,07/11/2025 05:00:00 PM,30,NO CONTROLS,NO CONTROLS,CLEAR,DAYLIGHT,PARKED MOTOR VEHICLE,NOT DIVIDED,,STRAIGHT AND LEVEL,DRY,NO DEFECTS,NOT ON SCENE (DESK REPORT),NO INJURY / DRIVE AWAY,,Y,Y,"OVER $1,500",07/11/2025 07:40:00 PM,UNABLE TO DETERMINE,UNABLE TO DETERMINE,1501,S,LAFLIN ST,1233,,,,,,,2,NO INDICATION OF INJURY,0,0,0,0,0,1,0,17,6,7,41.8614632581,-87.6637179491,POINT (-87.663717949059 41.861463258105)
8dcd60cba99fad77838d53dca569f370b68f635dcf7087ba6a321e5341d4afb2f928619054054c780de7d67c8ecece41d1ac8e2749a8e4e3fc218ca4d7a907a2,,07/11/2025 05:00:00 PM,30,NO CONTROLS,NO CONTROLS,CLEAR,DAYLIGHT,PARKED MOTOR VEHICLE,ALLEY,,STRAIGHT AND LEVEL,DRY,NO DEFECTS,NOT ON SCENE (DESK REPORT),NO INJURY / DRIVE AWAY,,,,"OVER $1,500",07/11/2025 06:30:00 PM,UNABLE TO DETERMINE,NOT APPLICABLE,5121,N,RAVENSWOOD AVE,2032,,,,,,,2,NO INDICATION OF INJURY,0,0,0,0,0,1,0,17,6,7,41.9749542033,-87.67423144,POINT (-87.674231440017 41.974954203264)
dab7817293ad8f2780bc84dd1f594d01797ce59b8b6eb2717f713aa4b5c9baad86c037d644d747d5ebd8f3d437549fb49960609790ce0438e118004fc5fda4d5,,07/11/2025 05:00:00 PM,30,NO CONTROLS,NO CONTROLS,CLEAR,DAYLIGHT,TURNING,NOT DIVIDED,,STRAIGHT AND LEVEL,DRY,NO DEFECTS,NOT ON SCENE (DESK REPORT),NO INJURY / DRIVE AWAY,Y,,,"OVER $1,500",07/11/2025 06:20:00 PM,FAILING TO REDUCE SPEED TO AVOID CRASH,NOT APPLICABLE,4700,W,MARQUETTE RD,833,,,,,,,2,NO INDICATION OF INJURY,0,0,0,0,0,5,0,17,6,7,41.7712748211,-87.739676508,POINT (-87.739676508031 41.771274821137)
dca3634f2685c941a9ce0504bbf506381cbc4e33fcd14452d4fa22f5d099a20ee96fcb38b7a437ee86ac83a4aaf0a9057b1f61d8920cb857977c92d8d182deed,Y,07/11/2025 05:00:00 PM,30,TRAFFIC SIGNAL,FUNCTIONING PROPERLY,CLEAR,DAYLIGHT,SIDESWIPE SAME DIRECTION,TRAFFIC ROUTE,,STRAIGHT AND LEVEL,DRY,NO DEFECTS,ON SCENE,INJURY AND / OR TOW DUE TO CRASH,Y,,,"OVER $1,500",07/11/2025 05:07:00 PM,"EVASIVE ACTION DUE TO ANIMAL, OBJECT, NONMOTORIST",NOT APPLICABLE,3900,W,MADISON ST,1122,Y,Y,,,,,2,NO INDICATION OF INJURY,0,0,0,0,0,3,0,17,6,7,41.8808651559,-87.7233759678,POINT (-87.723375967751 41.880865155904)
982c4a6d656c985bec55e165be4f08d27ee317fb1b23818032c27d599aa15b3173f528bb1ab67cd01fee3b49040bdb4c88f835d3028d179da385976a25df952c,,07/11/2025 04:58:00 PM,30,NO CONTROLS,NO CONTROLS,CLEAR,DAYLIGHT,SIDESWIPE SAME DIRECTION,NOT DIVIDED,,STRAIGHT AND LEVEL,DRY,NO DEFECTS,,INJURY AND / OR TOW DUE TO CRASH,N,,Y,$500 OR LESS,07/11/2025 05:00:00 PM,"OPERATING VEHICLE IN ERRATIC, RECKLESS, CARELESS, NEGLIGENT OR AGGRESSIVE MANNER",IMPROPER OVERTAKING/PASSING,3500,W,LAKE ST,1123,,,,,,,2,NO INDICATION OF INJURY,0,0,0,0,0,4,0,16,6,7,41.8848939197,-87.7136722908,POINT (-87.713672290837 41.88489391965)
29fe0d23dfc5ff906eff28944e82d022872f8d19a90c53cf3c51844c558021227704bbfea2a5a5e10014b29672ba5fbaf0345431783f75fffd33dc1f1eda1c8d,,07/11/2025 04:57:00 PM,35,STOP SIGN/FLASHER,FUNCTIONING PROPERLY,CLEAR,DAYLIGHT,ANGLE,FOUR WAY,,STRAIGHT AND LEVEL,DRY,NO DEFECTS,ON SCENE,INJURY AND / OR TOW DUE TO CRASH,Y,,,"$501 - $1,500",07/11/2025 04:59:00 PM,DISREGARDING STOP SIGN,"VISION OBSCURED (SIGNS, TREE LIMBS, BUILDINGS, ETC.)",5000,S,MICHIGAN AVE,224,,N,,,,,2,"REPORTED, NOT EVIDENT",1,0,0,0,1,3,0,16,6,7,41.8037268016,-87.6228384284,POINT (-87.622838428379 41.803726801644)
b53a0a61612b66ac51d7774d118e5b082dc768333c838d8bc9d8d92d60d2dd37107e3b5f91f2cdc9424e2bbe64feab79981597a7bf438881d758b13e5c5b61e2,,07/11/2025 04:53:00 PM,30,TRAFFIC SIGNAL,FUNCTIONING PROPERLY,CLEAR,DAYLIGHT,TURNING,FOUR WAY,,STRAIGHT AND LEVEL,DRY,NO DEFECTS,,INJURY AND / OR TOW DUE TO CRASH,Y,,Y,"OVER $1,500",07/11/2025 05:13:00 PM,FAILING TO YIELD RIGHT-OF-WAY,TURNING RIGHT ON RED,11501,S,ASHLAND AVE,524,,,,,,,2,NO INDICATION OF INJURY,0,0,0,0,0,2,0,16,6,7,41.6847346192,-87.6614468672,POINT (-87.66144686722 41.684734619243)
89dc95b61c5928bccf497cda8041668cdfbacd8ca8d02240c0286ad60416be0ddeee2766ccd9ca64d3208c9781c53f145080b35422bd0613da5b6b2da700a23b,,07/11/2025 04:50:00 PM,30,NO CONTROLS,NO CONTROLS,CLEAR,DAYLIGHT,PARKED MOTOR VEHICLE,NOT DIVIDED,,STRAIGHT AND LEVEL,DRY,NO DEFECTS,NOT ON SCENE (DESK REPORT),NO INJURY / DRIVE AWAY,,,,"OVER $1,500",07/17/2025 08:45:00 PM,IMPROPER OVERTAKING/PASSING,NOT APPLICABLE,946,W,WRIGHTWOOD AVE,1935,,,,,,,2,NO INDICATION OF INJURY,0,0,0,0,0,1,0,16,6,7,41.929127093,-87.6531686204,POINT (-87.653168620436 41.929127092974)
d00f6a16a000cf23750778f893ff017136d632544bd8a69dcce828f595a943a63b1db4fc98e6c98982c967e9dad029f111a8b27a6af101dad4c36dcc5f89e23b,,07/11/2025 04:50:00 PM,30,NO CONTROLS,NO CONTROLS,CLEAR,DAYLIGHT,REAR END,NOT DIVIDED,,STRAIGHT AND LEVEL,DRY,NO DEFECTS,NOT ON SCENE (DESK REPORT),NO INJURY / DRIVE AWAY,,,,"OVER $1,500",07/11/2025 05:30:00 PM,FOLLOWING TOO CLOSELY,FAILING TO REDUCE SPEED TO AVOID CRASH,3925,N,MILWAUKEE AVE,1731,,,,,,,2,NO INDICATION OF INJURY,0,0,0,0,0,2,0,16,6,7,41.9522278305,-87.7451576465,POINT (-87.745157646491 41.952227830491)
d3e5df5061f2a2c0a3c5f4963189b181ec7a854beec6986fda962729b4c515768535693834b34995043539f485ac687af25292c4083d3c405a4ff7aa75bde9f7,,07/11/2025 04:50:00 PM,30,UNKNOWN,UNKNOWN,UNKNOWN,UNKNOWN,PARKED MOTOR VEHICLE,ONE-WAY,,STRAIGHT AND LEVEL,UNKNOWN,UNKNOWN,NOT ON SCENE (DESK REPORT),NO INJURY / DRIVE AWAY,,,,"OVER $1,500",07/11/2025 05:20:00 PM,UNABLE TO DETERMINE,NOT APPLICABLE,831,W,WINDSOR AVE,1914,,,,,,,2,NO INDICATION OF INJURY,0,0,0,0,0,2,0,16,6,7,41.9643927095,-87.6512189552,POINT (-87.65121895523 41.964392709533)
cf94ed0a7d4f1fc81b211f50f36c8700ed7fdf55b887aa59c7c951f0f8b1589bbe2984c55753d3abdf1461b8fc92ba56631273a9f37a4aab3c4de95766e0160e,,07/11/2025 04:47:00 PM,30,TRAFFIC SIGNAL,FUNCTIONING PROPERLY,CLEAR,DAYLIGHT,PEDALCYCLIST,FOUR WAY,,STRAIGHT AND LEVEL,DRY,NO DEFECTS,ON SCENE,INJURY AND / OR TOW DUE TO CRASH,Y,,,"OVER $1,500",07/11/2025 04:48:00 PM,UNABLE TO DETERMINE,UNABLE TO DETERMINE,1159,N,MILWAUKEE AVE,1213,,,,,,,2,NONINCAPACITATING INJURY,1,0,0,1,0,2,0,16,6,7,41.9028283108,-87.6654268147,POINT (-87.66542681468 41.902828310792)
7cbe21f33ac6924b7999e305c2bd2e2055c6f84e53371d373f13958ab8096e5dbfcb6ef1e20ce9459ca26ea197fa5acf5dd88a8fd6ad18105062fd25fab91005,,07/11/2025 04:43:00 PM,10,NO CONTROLS,NO CONTROLS,CLEAR,DAYLIGHT,PARKED MOTOR VEHICLE,PARKING LOT,,STRAIGHT AND LEVEL,DRY,UNKNOWN,NOT ON SCENE (DESK REPORT),NO INJURY / DRIVE AWAY,,,,"OVER $1,500",07/11/2025 09:00:00 PM,UNABLE TO DETERMINE,UNABLE TO DETERMINE,2200,S,WESTERN AVE,1034,,,,,,,2,NO INDICATION OF INJURY,0,0,0,0,0,1,0,16,6,7,41.8519838396,-87.6857857042,POINT (-87.685785704205 41.851983839573)
c8a83f7fffabf0ce58182320b6854d271175e4194640e6c86c853067130bc5bf152982000fbb4211622209ee695d7a5034afe4810710fd8ea0f37923cba0a5cf,,07/11/2025 04:43:00 PM,20,TRAFFIC SIGNAL,NO CONTROLS,CLEAR,DAYLIGHT,SIDESWIPE SAME DIRECTION,DIVIDED - W/MEDIAN (NOT RAISED),,STRAIGHT AND LEVEL,DRY,NO DEFECTS,ON SCENE,NO INJURY / DRIVE AWAY,,,,$500 OR LESS,07/11/2025 04:43:00 PM,IMPROPER OVERTAKING/PASSING,NOT APPLICABLE,1834,N,ASHLAND AVE,1433,,,,,,,2,NO INDICATION OF INJURY,0,0,0,0,0,2,0,16,6,7,41.9151895851,-87.6679488688,POINT (-87.667948868755 41.915189585072)
96c303a86e63b48ec967c18a2f351e71b84e5c66c6bb22f09ef38add8d1327e7521311b5fe503670e3b355ade2f4fe23b523d58ff81d42d69c5929aeaad0af92,,07/11/2025 04:40:00 PM,30,NO CONTROLS,NO CONTROLS,CLEAR,DAYLIGHT,REAR END,NOT DIVIDED,,STRAIGHT AND LEVEL,DRY,UNKNOWN,NOT ON SCENE (DESK REPORT),NO INJURY / DRIVE AWAY,,,,"$501 - $1,500",07/11/2025 05:50:00 PM,UNABLE TO DETERMINE,NOT APPLICABLE,11455,S,PULASKI RD,2211,,,,,,,2,NO INDICATION OF INJURY,0,0,0,0,0,2,0,16,6,7,41.6842258314,-87.7199268357,POINT (-87.719926835661 41.684225831364)
fc0aab3b6b03852b7f7694b8709f03dd9f1cc34305a0850289aa4b11acc44bf689ce1c0a46ee9e043300b43dbfe7084e3355e597af11e48f06363561305c3889,,07/11/2025 04:35:00 PM,30,NO CONTROLS,NO CONTROLS,CLEAR,DAYLIGHT,SIDESWIPE SAME DIRECTION,NOT DIVIDED,,STRAIGHT AND LEVEL,DRY,UNKNOWN,ON SCENE,NO INJURY / DRIVE AWAY,,,,"$501 - $1,500",07/11/2025 04:50:00 PM,IMPROPER LANE USAGE,NOT APPLICABLE,16,W,CHICAGO AVE,1832,,,,,,,2,NO INDICATION OF INJURY,0,0,0,0,0,4,0,16,6,7,41.8967779734,-87.6288646443,POINT (-87.628864644264 41.896777973356)