CRASH_RECORD_ID,CRASH_DATE_EST_I,CRASH_DATE,POSTED_SPEED_LIMIT,TRAFFIC_CONTROL_DEVICE,DEVICE_CONDITION,WEATHER_CONDITION,LIGHTING_CONDITION,FIRST_CRASH_TYPE,TRAFFICWAY_TYPE,LANE_CNT,ALIGNMENT,ROADWAY_SURFACE_COND,ROAD_DEFECT,REPORT_TYPE,CRASH_TYPE,INTERSECTION_RELATED_I,NOT_RIGHT_OF_WAY_I,HIT_AND_RUN_I,DAMAGE,DATE_POLICE_NOTIFIED,PRIM_CONTRIBUTORY_CAUSE,SEC_CONTRIBUTORY_CAUSE,STREET_NO,STREET_DIRECTION,STREET_NAME,BEAT_OF_OCCURRENCE,PHOTOS_TAKEN_I,STATEMENTS_TAKEN_I,DOORING_I,WORK_ZONE_I,WORK_ZONE_TYPE,WORKERS_PRESENT_I,NUM_UNITS,MOST_SEVERE_INJURY,INJURIES_TOTAL,INJURIES_FATAL,INJURIES_INCAPACITATING,INJURIES_NON_INCAPACITATING,INJURIES_REPORTED_NOT_EVIDENT,INJURIES_NO_INDICATION,INJURIES_UNKNOWN,CRASH_HOUR,CRASH_DAY_OF_WEEK,CRASH_MONTH,LATITUDE,LONGITUDE,LOCATION
e008b69b62d9bf0face088225aceab2ab4585bd24f3d64a6d9d1dfc9063d04a4912aaf79f6a48c387565f7ba5217db63496385c75ed1659537bc6aba1bb9491c,Y,07/11/2025 04:30:00 PM,30,UNKNOWN,UNKNOWN,UNKNOWN,UNKNOWN,FIXED OBJECT,OTHER,,STRAIGHT AND LEVEL,UNKNOWN,UNKNOWN,NOT ON SCENE (DESK REPORT),NO INJURY / DRIVE AWAY,,,,"OVER $1,500",07/13/2025 03:30:00 PM,UNABLE TO DETERMINE,NOT APPLICABLE,5035,S,EAST END AVE,222,,,,,,,1,NO INDICATION OF INJURY,0,0,0,0,0,1,0,16,6,7,41.8033155906,-87.5852874181,POINT (-87.585287418104 41.803315590602)
3fa52ed1303a4db391fa68093a80df9f0f87a115ac543aed6e70154c11b50f83bac27aa616c114a04dfb126bd725307789ae0874e830a543c6fbaa44373cf7a4,,07/11/2025 04:26:00 PM,30,STOP SIGN/FLASHER,FUNCTIONING PROPERLY,CLEAR,DAYLIGHT,SIDESWIPE SAME DIRECTION,NOT DIVIDED,,STRAIGHT AND LEVEL,DRY,NO DEFECTS,ON SCENE,INJURY AND / OR TOW DUE TO CRASH,Y,,Y,"OVER $1,500",07/11/2025 04:26:00 PM,UNDER THE INFLUENCE OF ALCOHOL/DRUGS (USE WHEN ARREST IS EFFECTED),IMPROPER OVERTAKING/PASSING,2053,N,LARAMIE AVE,2522,,,,,,,2,NO INDICATION OF INJURY,0,0,0,0,0,2,0,16,6,7,41.9184086745,-87.7558367814,POINT (-87.755836781399 41.918408674516)
0d53964c7abfb7940808ce3d9bc57a04e742b50f4461b191dc2a4067ef998575237344fe9e1f7326341f38d0718fefa53df9d0f6732ac24ed02840ef32a91c3b,,07/11/2025 04:20:00 PM,30,NO CONTROLS,NO CONTROLS,CLEAR,DAYLIGHT,SIDESWIPE SAME DIRECTION,ONE-WAY,,STRAIGHT AND LEVEL,DRY,NO DEFECTS,NOT ON SCENE (DESK REPORT),NO INJURY / DRIVE AWAY,,,,"OVER $1,500",07/11/2025 06:20:00 PM,FAILING TO YIELD RIGHT-OF-WAY,NOT APPLICABLE,5110,W,NEWPORT AVE,1634,,,,,,,2,NO INDICATION OF INJURY,0,0,0,0,0,2,0,16,6,7,41.9433961287,-87.7550060506,POINT (-87.755006050608 41.943396128676)
b3878b19437f67a5e1bd0dace9bb207a62a5765777e0516d1d8c45653e4544642aa64c319369a590fb83a69221c55253dfbfe43c33f97284f9065d80bd6d0f25,,07/11/2025 04:15:00 PM,15,NO CONTROLS,NO CONTROLS,CLEAR,DAYLIGHT,PARKED MOTOR VEHICLE,PARKING LOT,,STRAIGHT AND LEVEL,DRY,NO DEFECTS,NOT ON SCENE (DESK REPORT),NO INJURY / DRIVE AWAY,,,,"OVER $1,500",07/11/2025 05:33:00 PM,NOT APPLICABLE,NOT APPLICABLE,3610,W,63RD ST,823,,,,,,,2,NO INDICATION OF INJURY,0,0,0,0,0,1,0,16,6,7,41.7789165918,-87.7136396731,POINT (-87.713639673103 41.778916591841)
2a6ee9e722c70166dd4b5283e83d1269d790ff51c6afa5e25e5097aab8ba61030c5a7073d68a5d3b21a0d07117173b3ba9abc94e4cfbee853cbb5ae25b2a26e8,,07/11/2025 04:10:00 PM,30,NO CONTROLS,NO CONTROLS,CLEAR,DAYLIGHT,REAR END,DIVIDED - W/MEDIAN (NOT RAISED),,STRAIGHT AND LEVEL,DRY,NO DEFECTS,ON SCENE,NO INJURY / DRIVE AWAY,,,,"OVER $1,500",07/11/2025 04:15:00 PM,"OPERATING VEHICLE IN ERRATIC, RECKLESS, CARELESS, NEGLIGENT OR AGGRESSIVE MANNER",NOT APPLICABLE,99,S,ASHLAND AVE,1224,,,,,,,2,NO INDICATION OF INJURY,0,0,0,0,0,2,0,16,6,7,41.8802065582,-87.6666133135,POINT (-87.666613313459 41.880206558235)
122706d223c5fc086ff797a500bec580502dcdc3cfea2cdf31ecb03791282f8e4e83cf6545ea62bc5f508d3ec05e21e8914aaf1686fcb07e766ff3545d6487ae,,07/11/2025 04:05:00 PM,30,TRAFFIC SIGNAL,UNKNOWN,CLEAR,DAYLIGHT,PEDALCYCLIST,FOUR WAY,,STRAIGHT AND LEVEL,DRY,UNKNOWN,ON SCENE,NO INJURY / DRIVE AWAY,,,,"OVER $1,500",07/11/2025 04:08:00 PM,UNABLE TO DETERMINE,NOT APPLICABLE,3300,S,EMERALD AVE,915,,,,,,,2,NO INDICATION OF INJURY,0,0,0,0,0,2,0,16,6,7,41.8343236181,-87.6451218429,POINT (-87.645121842884 41.834323618147)
ad158f6a666b744f4f3428bfbb9a1c9a8ebf3b9f5fa36b9798a9cb0907fbcf959ccf23a216c42405391c4e87c88ed7bb997da55c812c9825a5c1b17ae49b375c,,07/11/2025 04:02:00 PM,30,NO CONTROLS,NO CONTROLS,CLEAR,DAYLIGHT,REAR END,NOT DIVIDED,,STRAIGHT AND LEVEL,DRY,UNKNOWN,ON SCENE,INJURY AND / OR TOW DUE TO CRASH,,,,"OVER $1,500",07/11/2025 04:15:00 PM,UNABLE TO DETERMINE,UNABLE TO DETERMINE,10201,S,COTTAGE GROVE AVE,511,,,,,,,3,NONINCAPACITATING INJURY,1,0,0,1,0,3,0,16,6,7,41.709130017,-87.6059920284,POINT (-87.605992028412 41.709130016981)
274d99486c4cc22e8129dd871e49bafc79173886b669ad34ab73d484ce92e3d2d964703f409b46b243d39f310933cbe2c01e17bdc2f65772cfb0aa4e497872e5,Y,07/11/2025 04:00:00 PM,25,NO CONTROLS,NO CONTROLS,CLEAR,DAYLIGHT,PARKED MOTOR VEHICLE,ONE-WAY,,STRAIGHT AND LEVEL,DRY,NO DEFECTS,NOT ON SCENE (DESK REPORT),NO INJURY / DRIVE AWAY,,,Y,"OVER $1,500",07/12/2025 05:45:00 PM,UNABLE TO DETERMINE,UNABLE TO DETERMINE,8322,S,ELIZABETH ST,613,,,,,,,2,NO INDICATION OF INJURY,0,0,0,0,0,1,0,16,6,7,41.7424813803,-87.6548822095,POINT (-87.654882209544 41.74248138026)
746f622168be5b39c977c4317be5fc149905e32412e2a0e9bfee6f6e822d9155b02a689a40cfa1c5ef8eb0c768e7899aaeadf45d15a506bdf0baadec4ab37a5f,,07/11/2025 04:00:00 PM,30,TRAFFIC SIGNAL,FUNCTIONING PROPERLY,CLEAR,DAYLIGHT,ANGLE,"FIVE POINT, OR MORE",,STRAIGHT AND LEVEL,DRY,NO DEFECTS,NOT ON SCENE (DESK REPORT),NO INJURY / DRIVE AWAY,Y,,Y,$500 OR LESS,07/11/2025 05:45:00 PM,UNABLE TO DETERMINE,DISREGARDING TRAFFIC SIGNALS,3500,S,ARCHER AVE,912,,,,,,,2,NO INDICATION OF INJURY,0,0,0,0,0,3,0,16,6,7,41.8304091267,-87.6778761696,POINT (-87.6778761696 41.830409126743)
92747630b25e3cfac24b59275a6d0e887bf0c70039e2aa74a5522c16b53955b01acc9d59797058080d642c9630366bbacf2aeb37b87bf980d4b2b0b37df41c40,,07/11/2025 04:00:00 PM,30,TRAFFIC SIGNAL,UNKNOWN,CLEAR,DAYLIGHT,REAR END,Y-INTERSECTION,,STRAIGHT AND LEVEL,UNKNOWN,UNKNOWN,ON SCENE,NO INJURY / DRIVE AWAY,,,,"OVER $1,500",07/11/2025 04:30:00 PM,FOLLOWING TOO CLOSELY,NOT APPLICABLE,6399,N,LEHIGH AVE,1621,,,,,,,2,NO INDICATION OF INJURY,0,0,0,0,0,3,0,16,6,7,41.9973552647,-87.7656139104,POINT (-87.765613910366 41.997355264704)
e39408533cd24d17e5bf6ea420b5f3b0cea5b27980ef94bd20c814529335fe623f3049c4610ce319a6bab3a33b390a052ef492db73751bfcdf9e654242ed3671,,07/11/2025 04:00:00 PM,35,NO CONTROLS,NO CONTROLS,CLEAR,DAYLIGHT,TURNING,DIVIDED - W/MEDIAN (NOT RAISED),,STRAIGHT AND LEVEL,DRY,NO DEFECTS,NOT ON SCENE (DESK REPORT),NO INJURY / DRIVE AWAY,Y,,,"OVER $1,500",07/11/2025 05:30:00 PM,FAILING TO YIELD RIGHT-OF-WAY,UNABLE TO DETERMINE,8300,S,WENTWORTH AVE,622,,,,,,,2,NO INDICATION OF INJURY,0,0,0,0,0,2,0,16,6,7,41.7434884106,-87.6292556318,POINT (-87.629255631804 41.743488410609)
bea85dc11f24e54680b1967e1716da6bcc546e309eb2a28e26ed02ae4ffafa22b47a09c1751910f4b8217055c314bc6c8b2e833e0ddc4d7e9483cbd3b35db824,,07/11/2025 03:50:00 PM,30,STOP SIGN/FLASHER,FUNCTIONING PROPERLY,UNKNOWN,UNKNOWN,REAR TO FRONT,DIVIDED - W/MEDIAN (NOT RAISED),,STRAIGHT AND LEVEL,UNKNOWN,UNKNOWN,NOT ON SCENE (DESK REPORT),NO INJURY / DRIVE AWAY,,,,"$501 - $1,500",07/11/2025 04:06:00 PM,IMPROPER BACKING,IMPROPER BACKING,4498,W,KINZIE ST,1111,,,,,,,2,NO INDICATION OF INJURY,0,0,0,0,0,6,0,15,6,7,41.8877416696,-87.7381443986,POINT (-87.738144398618 41.887741669635)
bf677f338d414b3cceee1463449b4e984db36af5639d67ddaab432ef24ebad8de8e6e33d698cbb1272e47f043d1dbe2afeea90fd9dbb366b03f52f2f3362858b,,07/11/2025 03:50:00 PM,30,TRAFFIC SIGNAL,FUNCTIONING PROPERLY,CLEAR,DAYLIGHT,REAR END,DIVIDED - W/MEDIAN (NOT RAISED),,STRAIGHT AND LEVEL,DRY,NO DEFECTS,NOT ON SCENE (DESK REPORT),NO INJURY / DRIVE AWAY,,,Y,"OVER $1,500",07/11/2025 06:00:00 PM,FOLLOWING TOO CLOSELY,NOT APPLICABLE,5537,W,MADISON ST,1522,,,,,,,2,NO INDICATION OF INJURY,0,0,0,0,0,2,0,15,6,7,41.880137457,-87.7647770291,POINT (-87.764777029149 41.880137456958)
415d5bd7aea648497e0b962d5d0ee39fd5dabebf2cb333f17aed1a5184560a153b94bdd69bf7460642781c659adacd293735658dbe9f0472b84bea5cf48170dc,,07/11/2025 03:46:00 PM,20,TRAFFIC SIGNAL,FUNCTIONING PROPERLY,CLEAR,DAYLIGHT,SIDESWIPE SAME DIRECTION,ONE-WAY,,STRAIGHT AND LEVEL,UNKNOWN,UNKNOWN,,NO INJURY / DRIVE AWAY,,,,"OVER $1,500",07/11/2025 04:20:00 PM,UNABLE TO DETERMINE,NOT APPLICABLE,2000,S,CANALPORT AVE,1235,,,,,,,2,NO INDICATION OF INJURY,0,0,0,0,0,3,0,15,6,7,41.8558089912,-87.6444659077,POINT (-87.644465907697 41.85580899125)
1546cbc090b6567a4ca1fd701434bc9d8178c46cd6a2d7869e35264792193180d23dede574d8cc3e00ed6d8c3dfb4cb4a388e6ea5cd0cea438a7fe40734ad178,,07/11/2025 03:45:00 PM,30,NO CONTROLS,NO CONTROLS,CLEAR,DAYLIGHT,PARKED MOTOR VEHICLE,NOT DIVIDED,,STRAIGHT AND LEVEL,DRY,NO DEFECTS,NOT ON SCENE (DESK REPORT),NO INJURY / DRIVE AWAY,,,Y,"$501 - $1,500",07/11/2025 05:59:00 PM,FOLLOWING TOO CLOSELY,NOT APPLICABLE,1450,N,SEDGWICK ST,1821,,,,,,,2,NO INDICATION OF INJURY,0,0,0,0,0,1,0,15,6,7,41.9090478343,-87.6386750563,POINT (-87.63867505634 41.909047834269)
c83ac7cbf6958dbea26007bd18fbd7e8cb43e5909b3e6e33f3021f924a1f9fce4e4e17a265dd3016d4a0f638908870ae27816bb766e9d355010f8974c63bab20,,07/11/2025 03:45:00 PM,30,STOP SIGN/FLASHER,FUNCTIONING PROPERLY,CLEAR,DAYLIGHT,REAR END,FOUR WAY,,STRAIGHT AND LEVEL,DRY,UNKNOWN,NOT ON SCENE (DESK REPORT),NO INJURY / DRIVE AWAY,Y,,,"OVER $1,500",07/11/2025 05:00:00 PM,FOLLOWING TOO CLOSELY,NOT APPLICABLE,1701,W,FULTON ST,1215,,,,,,,2,NO INDICATION OF INJURY,0,0,0,0,0,2,0,15,6,7,41.886776808,-87.6695857232,POINT (-87.669585723192 41.88677680797)
f6d2e30f16b1110fb3044efc9ccdb8e4d757df029417d3c28f18b94c1ff284563c5425c1812b193978e94b447874e6eb70abd1444612b4685d7a4cbec024e403,,07/11/2025 03:45:00 PM,30,NO CONTROLS,NO CONTROLS,CLEAR,DAYLIGHT,REAR END,DIVIDED - W/MEDIAN (NOT RAISED),,STRAIGHT AND LEVEL,DRY,NO DEFECTS,NOT ON SCENE (DESK REPORT),NO INJURY / DRIVE AWAY,,,,"$501 - $1,500",07/13/2025 10:00:00 AM,UNABLE TO DETERMINE,FOLLOWING TOO CLOSELY,6521,W,IRVING PARK RD,1632,,,,,,,2,NO INDICATION OF INJURY,0,0,0,0,0,2,0,15,6,7,41.9527514197,-87.7898574691,POINT (-87.789857469072 41.952751419684)
bb58cfa14ebd7448f528f0c8bbc62fed543edefa923bea4e6cb3da5709537ac1262fab5bb14ee4b83706c53198acd24d151113bbcd33be822cc1dd596f339de8,,07/11/2025 03:40:00 PM,40,TRAFFIC SIGNAL,FUNCTIONING PROPERLY,CLEAR,DAYLIGHT,TURNING,FOUR WAY,,STRAIGHT AND LEVEL,DRY,UNKNOWN,ON SCENE,NO INJURY / DRIVE AWAY,Y,,,"OVER $1,500",07/11/2025 03:43:00 PM,IMPROPER OVERTAKING/PASSING,FOLLOWING TOO CLOSELY,1000,N,LAKE SHORE DR SB,1824,,,,,,,2,NO INDICATION OF INJURY,0,0,0,0,0,2,0,15,6,7,41.9009589191,-87.6199281737,POINT (-87.619928173678 41.900958919109)
1d2dfdd1ce15221324f060be26b9b5571d9d0c938cdc9f7d47f705796a395a9b6eefe0045686377dbfc1b9513121c8addcc92b0a86c85ab2b62ad28153bf25e5,,07/11/2025 03:35:00 PM,30,NO CONTROLS,NO CONTROLS,CLEAR,DAYLIGHT,ANGLE,ALLEY,,STRAIGHT AND LEVEL,DRY,NO DEFECTS,NOT ON SCENE (DESK REPORT),NO INJURY / DRIVE AWAY,,,,"OVER $1,500",07/18/2025 02:00:00 PM,IMPROPER BACKING,UNABLE TO DETERMINE,5214,W,DIVERSEY AVE,2514,,,,,,,2,NO INDICATION OF INJURY,0,0,0,0,0,2,0,15,6,7,41.9315013228,-87.7570776379,POINT (-87.757077637896 41.931501322763)
bb8a087517c4882d986794ea70512c78ea3e1459e9afeef9535b919094e70d8c47910dbc13deda3088a988b1582aab6efeabd7abee9117bdfefb543694f4299c,,07/11/2025 03:35:00 PM,30,TRAFFIC SIGNAL,FUNCTIONING PROPERLY,CLEAR,DAYLIGHT,TURNING,NOT DIVIDED,,STRAIGHT AND LEVEL,DRY,NO DEFECTS,NOT ON SCENE (DESK REPORT),NO INJURY / DRIVE AWAY,,,Y,"$501 - $1,500",07/15/2025 06:11:00 PM,FOLLOWING TOO CLOSELY,NOT APPLICABLE,631,N,LA SALLE DR,1832,,,,,,,2,NO INDICATION OF INJURY,0,0,0,0,0,2,0,15,6,7,41.8932511985,-87.6324930122,POINT (-87.632493012229 41.893251198465)
27e024bf868f2a8fc921c0fe04ab26f951af75a9fadbde0aefd302d18b6159d16bc8112f7f7607d9da7dc03b33e00cb99e7ce9957766b1626efec6a1e743967d,,07/11/2025 03:30:00 PM,15,UNKNOWN,UNKNOWN,CLEAR,DAYLIGHT,PARKED MOTOR VEHICLE,PARKING LOT,,STRAIGHT AND LEVEL,DRY,NO DEFECTS,ON SCENE,NO INJURY / DRIVE AWAY,,Y,Y,"OVER $1,500",07/11/2025 03:45:00 PM,UNABLE TO DETERMINE,UNABLE TO DETERMINE,7000,S,ASHLAND AVE,735,,,,,,,2,NO INDICATION OF INJURY,0,0,0,0,0,1,0,15,6,7,41.7666374582,-87.663982209,POINT (-87.663982209003 41.766637458225)
2e391633eea2a213f5562ba8ee345aa4f78a40af3a978bb54bb2e631579aac5f022978ddaafdf017a8bde892bdd0ce861a0997417b37fd96e2cec1648e215546,,07/11/2025 03:30:00 PM,30,NO CONTROLS,NO CONTROLS,CLEAR,DAYLIGHT,PARKED MOTOR VEHICLE,ONE-WAY,,STRAIGHT AND LEVEL,DRY,NO DEFECTS,NOT ON SCENE (DESK REPORT),NO INJURY / DRIVE AWAY,,,,"OVER $1,500",07/11/2025 05:20:00 PM,UNABLE TO DETERMINE,UNABLE TO DETERMINE,5801,W,GEORGE ST,2514,,,,,,,2,NO INDICATION OF INJURY,0,0,0,0,0,1,0,15,6,7,41.9329200604,-87.7712222184,POINT (-87.771222218404 41.932920060417)
5062328197e8173620996dc27785cc3209732dd8b44ad1ea26a17e98fb036820aa65c24852f1270a00e9c6d77b29b04fdc135721de90d00fedc4348a4cc7263b,,07/11/2025 03:30:00 PM,10,NO CONTROLS,NO CONTROLS,CLEAR,DAYLIGHT,PARKED MOTOR VEHICLE,PARKING LOT,,STRAIGHT AND LEVEL,DRY,NO DEFECTS,NOT ON SCENE (DESK REPORT),NO INJURY / DRIVE AWAY,,Y,Y,"OVER $1,500",07/15/2025 03:25:00 PM,UNABLE TO DETERMINE,UNABLE TO DETERMINE,5441,N,EAST RIVER RD,1614,,,,,,,2,NO INDICATION OF INJURY,0,0,0,0,0,1,0,15,6,7,41.9783071461,-87.846315578,POINT (-87.846315578024 41.978307146086)
6be21a0dde30f3a821f74be994dbe9e1da9d14c90e91b5303cd0655d74dead2baf38c9eff1cba416a266ef3496b20f1c5fe4576bf45d46767256edca0fd1b31c,,07/11/2025 03:30:00 PM,30,NO CONTROLS,NO CONTROLS,CLEAR,DAYLIGHT,ANGLE,PARKING LOT,,STRAIGHT AND LEVEL,UNKNOWN,UNKNOWN,NOT ON SCENE (DESK REPORT),NO INJURY / DRIVE AWAY,,,Y,"OVER $1,500",07/11/2025 05:51:00 PM,UNABLE TO DETERMINE,NOT APPLICABLE,3411,W,ADDISON ST,1732,,,,,,,2,NO INDICATION OF INJURY,0,0,0,0,0,2,0,15,6,7,41.9464515635,-87.7131683047,POINT (-87.713168304716 41.946451563513)
74f8d8b038f6bd261ae5513cb3a69d705addcf771c2c0ec1a3cd9f042ca741e050450d41298be4e87db17074d2d8e0603d0eeb1c8de0835067406a1e5ea94ba7,,07/11/2025 03:30:00 PM,30,STOP SIGN/FLASHER,FUNCTIONING PROPERLY,CLEAR,DAYLIGHT,REAR END,T-INTERSECTION,,STRAIGHT AND LEVEL,UNKNOWN,NO DEFECTS,NOT ON SCENE (DESK REPORT),NO INJURY / DRIVE AWAY,,,,"OVER $1,500",07/11/2025 10:30:00 PM,UNABLE TO DETERMINE,UNABLE TO DETERMINE,3301,S,WESTERN BLVD,912,,,,,,,2,NO INDICATION OF INJURY,0,0,0,0,0,3,0,15,6,7,41.833849723,-87.6843631837,POINT (-87.684363183676 41.833849723048)
833037a265e2b15f428f9a98777268dfc30eb68b3e21b87334ba710a2ceaa5dd69b9cba8c153cb7815ea6f1cf77b1d99712f2667385c946c0c242c1b4cb9f4de,,07/11/2025 03:30:00 PM,30,TRAFFIC SIGNAL,UNKNOWN,CLEAR,DAYLIGHT,SIDESWIPE SAME DIRECTION,FOUR WAY,,STRAIGHT AND LEVEL,DRY,UNKNOWN,ON SCENE,INJURY AND / OR TOW DUE TO CRASH,Y,,,"OVER $1,500",07/11/2025 03:31:00 PM,UNABLE TO DETERMINE,NOT APPLICABLE,7600,S,ASHLAND AVE,611,,Y,,,,,2,"REPORTED, NOT EVIDENT",2,0,0,0,2,1,0,15,6,7,41.7557194408,-87.6637177842,POINT (-87.663717784195 41.755719440847)
875362c185ef225739ac66ed9468f0e9df714fd24e386369c9e878a044122f31db1ae87642387f0e06cead4c7f94524402ec6503c4919e8cdba1d8914df47a16,,07/11/2025 03:30:00 PM,25,TRAFFIC SIGNAL,FUNCTIONING PROPERLY,CLEAR,DAYLIGHT,TURNING,FOUR WAY,,STRAIGHT AND LEVEL,DRY,NO DEFECTS,ON SCENE,NO INJURY / DRIVE AWAY,,,,$500 OR LESS,07/11/2025 03:46:00 PM,IMPROPER LANE USAGE,NOT APPLICABLE,3198,W,47TH ST,922,,,,,,,2,NO INDICATION OF INJURY,0,0,0,0,0,2,0,15,6,7,41.8082239436,-87.7039108748,POINT (-87.703910874796 41.808223943591)
882f906cb39bda77d3e5ff1a3d247c46e44e3a2fe82b3760dc0a44f7da8acaf4107e82541fe05031fd749fac6bd52b56cc96a5d89f83956fd729aaf4cc6f38d4,,07/11/2025 03:30:00 PM,30,NO CONTROLS,NO CONTROLS,CLEAR,DAYLIGHT,PARKED MOTOR VEHICLE,NOT DIVIDED,,STRAIGHT AND LEVEL,UNKNOWN,UNKNOWN,NOT ON SCENE (DESK REPORT),NO INJURY / DRIVE AWAY,,,,"OVER $1,500",07/11/2025 06:20:00 PM,UNABLE TO DETERMINE,NOT APPLICABLE,7030,S,ASHLAND AVE,735,,,,,,,2,NO INDICATION OF INJURY,0,0,0,0,0,2,0,15,6,7,41.7657907704,-87.6639668865,POINT (-87.663966886455 41.765790770432)
cc466ce484d4d359a87dafa974e96cbf03e103b0f8d388d56d76c99d8d2ed4c86910e0d855cfe2417dea788e4043285bac1f870cc5ff5e5ca4298c2ffd0a18c9,,07/11/2025 03:30:00 PM,30,UNKNOWN,UNKNOWN,UNKNOWN,UNKNOWN,SIDESWIPE SAME DIRECTION,ONE-WAY,,STRAIGHT AND LEVEL,UNKNOWN,UNKNOWN,NOT ON SCENE (DESK REPORT),NO INJURY / DRIVE AWAY,,,Y,"OVER $1,500",07/11/2025 04:10:00 PM,UNABLE TO DETERMINE,UNABLE TO DETERMINE,6406,N,WAYNE AVE,2432,,,,,,,2,NO INDICATION OF INJURY,0,0,0,0,0,3,0,15,6,7,41.9984127425,-87.6644468173,POINT (-87.664446817311 41.998412742522)
e8d8b54b1b1d204b672f4c5a7f689c78a8c8c4219f6fccd738e20f3c73f4b8a3fcaab84bc4288fa345b54729d4cd3735e857444da2cc86a3e03deb67bde50aca,,07/11/2025 03:30:00 PM,30,TRAFFIC SIGNAL,FUNCTIONING PROPERLY,CLEAR,DAYLIGHT,REAR END,DIVIDED - W/MEDIAN (NOT RAISED),,STRAIGHT AND LEVEL,DRY,NO DEFECTS,NOT ON SCENE (DESK REPORT),NO INJURY / DRIVE AWAY,,,,"OVER $1,500",07/11/2025 04:15:00 PM,FOLLOWING TOO CLOSELY,NOT APPLICABLE,2400,W,NORTH AVE,1434,,,,,,,2,NO INDICATION OF INJURY,0,0,0,0,0,3,0,15,6,7,41.9104298624,-87.6872842205,POINT (-87.687284220508 41.910429862359)
f26afc0af3013bf4d561d342d626ac0c6db606a2822f9950871aa3e66c72628fd89bac60b6cc4b2e80379481420ee895f92154223f7469b5272be2ca61168977,,07/11/2025 03:26:00 PM,15,NO CONTROLS,NO CONTROLS,CLEAR,DAYLIGHT,FIXED OBJECT,PARKING LOT,,STRAIGHT AND LEVEL,DRY,NO DEFECTS,ON SCENE,NO INJURY / DRIVE AWAY,,N,,"$501 - $1,500",07/11/2025 04:30:00 PM,UNABLE TO DETERMINE,UNABLE TO DETERMINE,831,W,119TH ST,524,,,,,,,1,NO INDICATION OF INJURY,0,0,0,0,0,1,0,15,6,7,41.6776878889,-87.6431005486,POINT (-87.643100548589 41.677687888899)
e00f3dd51f931f3dbff9c0188bfce374ae423e61d3831ababe1b83b40b7f7fefa71b7b424c417e5fd0582e788e07e60b0693e439c905895f357e708a6c285d1c,,07/11/2025 03:18:00 PM,25,UNKNOWN,UNKNOWN,UNKNOWN,UNKNOWN,REAR TO FRONT,NOT DIVIDED,,STRAIGHT AND LEVEL,UNKNOWN,UNKNOWN,NOT ON SCENE (DESK REPORT),NO INJURY / DRIVE AWAY,,,,"OVER $1,500",07/21/2025 02:50:00 PM,NOT APPLICABLE,NOT APPLICABLE,2453,N,SHEFFIELD AVE,1932,,,,,,,2,NO INDICATION OF INJURY,0,0,0,0,0,2,0,15,6,7,41.9269616762,-87.6535152768,POINT (-87.653515276849 41.926961676172)
bac8835b3891c3c4a0c1a8c6d29182f9a79b7c9ef92b331f80428c5aceb60b584bd0038bfc17e1b8a5b78a18681ac3161d41b993910a9878473649231ad6d7e6,,07/11/2025 03:15:00 PM,30,STOP SIGN/FLASHER,OTHER,CLEAR,DAYLIGHT,HEAD ON,NOT DIVIDED,,STRAIGHT AND LEVEL,DRY,UNKNOWN,ON SCENE,INJURY AND / OR TOW DUE TO CRASH,,,,"OVER $1,500",07/11/2025 03:15:00 PM,FAILING TO YIELD RIGHT-OF-WAY,NOT APPLICABLE,7200,S,HALSTED ST,733,,,,,,,2,NONINCAPACITATING INJURY,2,0,0,2,0,3,0,15,6,7,41.763290088,-87.6445109252,POINT (-87.644510925186 41.763290088045)
793a2054fc1a1c50a864c7613a42149ff2a2120d932538e14688ba6c2d6e2cce6744a9a421c5c5c22e728ea3987b61d71f8f9e4c98a7bd99e41a7feb22098701,,07/11/2025 03:14:00 PM,30,TRAFFIC SIGNAL,UNKNOWN,UNKNOWN,DAYLIGHT,SIDESWIPE SAME DIRECTION,NOT DIVIDED,,STRAIGHT AND LEVEL,UNKNOWN,UNKNOWN,NOT ON SCENE (DESK REPORT),NO INJURY / DRIVE AWAY,,,,"OVER $1,500",07/11/2025 04:28:00 PM,UNABLE TO DETERMINE,UNABLE TO DETERMINE,5300,S,LAKE PARK AVE,234,,,,,,,2,NO INDICATION OF INJURY,0,0,0,0,0,2,0,15,6,7,41.7994838255,-87.5874420363,POINT (-87.587442036314 41.799483825503)
8f187ac99d6ee2ad36604cff70e62dd4302464377f27823525b95c4653f759a7e318fca31122fcb265ce506a20c11e62773a2a45e984b64664c0c8ee96269a53,,07/11/2025 03:11:00 PM,20,NO CONTROLS,NO CONTROLS,CLEAR,DAYLIGHT,REAR TO FRONT,UNKNOWN,,STRAIGHT AND LEVEL,DRY,NO DEFECTS,NOT ON SCENE (DESK REPORT),NO INJURY / DRIVE AWAY,,,,"OVER $1,500",07/11/2025 04:00:00 PM,IMPROPER BACKING,UNABLE TO DETERMINE,566,E,64TH ST,312,,,,,,,2,NO INDICATION OF INJURY,0,0,0,0,0,2,0,15,6,7,41.7786171679,-87.6108237961,POINT (-87.610823796062 41.778617167853)