CRASH_RECORD_ID,CRASH_DATE_EST_I,CRASH_DATE,POSTED_SPEED_LIMIT,TRAFFIC_CONTROL_DEVICE,DEVICE_CONDITION,WEATHER_CONDITION,LIGHTING_CONDITION,FIRST_CRASH_TYPE,TRAFFICWAY_TYPE,LANE_CNT,ALIGNMENT,ROADWAY_SURFACE_COND,ROAD_DEFECT,REPORT_TYPE,CRASH_TYPE,INTERSECTION_RELATED_I,NOT_RIGHT_OF_WAY_I,HIT_AND_RUN_I,DAMAGE,DATE_POLICE_NOTIFIED,PRIM_CONTRIBUTORY_CAUSE,SEC_CONTRIBUTORY_CAUSE,STREET_NO,STREET_DIRECTION,STREET_NAME,BEAT_OF_OCCURRENCE,PHOTOS_TAKEN_I,STATEMENTS_TAKEN_I,DOORING_I,WORK_ZONE_I,WORK_ZONE_TYPE,WORKERS_PRESENT_I,NUM_UNITS,MOST_SEVERE_INJURY,INJURIES_TOTAL,INJURIES_FATAL,INJURIES_INCAPACITATING,INJURIES_NON_INCAPACITATING,INJURIES_REPORTED_NOT_EVIDENT,INJURIES_NO_INDICATION,INJURIES_UNKNOWN,CRASH_HOUR,CRASH_DAY_OF_WEEK,CRASH_MONTH,LATITUDE,LONGITUDE,LOCATION
1bc4698217070f8b42a1d589c7127a06eea17d0de564e58292cb9ed8db7f6fcaf96467a498789b3b4c9423fc2214c7266051b7ee33bd973a51a5e148992f7265,,07/11/2025 03:10:00 PM,40,TRAFFIC SIGNAL,FUNCTIONING PROPERLY,CLEAR,DAYLIGHT,REAR END,DIVIDED - W/MEDIAN BARRIER,,STRAIGHT AND LEVEL,DRY,NO DEFECTS,ON SCENE,NO INJURY / DRIVE AWAY,,,,"$501 - $1,500",07/11/2025 03:11:00 PM,FAILING TO REDUCE SPEED TO AVOID CRASH,NOT APPLICABLE,100,S,LAKE SHORE DR SB,114,,,,,,,2,NO INDICATION OF INJURY,0,0,0,0,0,2,0,15,6,7,41.8808560477,-87.6176358918,POINT (-87.617635891755 41.880856047671)
2859f6c5396fc574c85afb0199f20ceebf6a6d59e9914c5897b2974aab3503f27a4846fe1cf81784ab224bd65ef2adc20ed880d8cf54305b3b93ec0801372475,Y,07/11/2025 03:09:00 PM,15,NO CONTROLS,NO CONTROLS,CLEAR,DAYLIGHT,FIXED OBJECT,ALLEY,,STRAIGHT AND LEVEL,DRY,NO DEFECTS,ON SCENE,NO INJURY / DRIVE AWAY,,,,"OVER $1,500",07/11/2025 03:10:00 PM,IMPROPER BACKING,IMPROPER BACKING,1022,E,80TH ST,624,,,,,,,1,NO INDICATION OF INJURY,0,0,0,0,0,2,0,15,6,7,41.7496290844,-87.5993055096,POINT (-87.599305509576 41.749629084434)
5ebd9e90ae491c8cf5e664cf4d2d496c9639530df6d7ffc8783e28acb1bbe96932f7e36e89f146888c7a03f32799cfd4f29cc766b94b5c8c930b6446d14367c9,,07/11/2025 03:05:00 PM,30,TRAFFIC SIGNAL,FUNCTIONING PROPERLY,CLEAR,DAYLIGHT,REAR END,DIVIDED - W/MEDIAN (NOT RAISED),,STRAIGHT AND LEVEL,DRY,NO DEFECTS,NOT ON SCENE (DESK REPORT),NO INJURY / DRIVE AWAY,,,,"$501 - $1,500",07/11/2025 03:56:00 PM,FOLLOWING TOO CLOSELY,NOT APPLICABLE,520,N,RUSH ST,1834,,,,,,,2,NO INDICATION OF INJURY,0,0,0,0,0,2,0,15,6,7,41.8916732355,-87.6255185264,POINT (-87.625518526412 41.891673235519)
362c9cf7a862348d82ed4adcd8cde3282432ec6bb96b4011350156810440af15ae6a80ed40809b9509782ecf4a4c2dfac15081cb17816a3b5054b17f8e9c8e62,,07/11/2025 03:00:00 PM,30,NO CONTROLS,NO CONTROLS,CLEAR,DAYLIGHT,SIDESWIPE SAME DIRECTION,NOT DIVIDED,,STRAIGHT AND LEVEL,DRY,UNKNOWN,NOT ON SCENE (DESK REPORT),NO INJURY / DRIVE AWAY,,,,"OVER $1,500",07/11/2025 03:17:00 PM,FAILING TO YIELD RIGHT-OF-WAY,FAILING TO YIELD RIGHT-OF-WAY,5200,S,LAKE PARK AVE,234,,,,,,,2,NO INDICATION OF INJURY,0,0,0,0,0,2,0,15,6,7,41.800941976,-87.5876367922,POINT (-87.587636792157 41.800941975966)
ac948efccdd1560a58c220bcb75c97fe5c0b2ea7b5c8c8c84c61866b9bd80d5ff64ae762b23bc7c81785f7b1608c56380acb22896ddca47e05ccccda7055bb90,,07/11/2025 03:00:00 PM,30,NO CONTROLS,NO CONTROLS,CLEAR,DAYLIGHT,PARKED MOTOR VEHICLE,ONE-WAY,,STRAIGHT AND LEVEL,UNKNOWN,UNKNOWN,NOT ON SCENE (DESK REPORT),NO INJURY / DRIVE AWAY,,,Y,"OVER $1,500",07/11/2025 06:00:00 PM,DRIVING SKILLS/KNOWLEDGE/EXPERIENCE,NOT APPLICABLE,6315,S,SPAULDING AVE,823,,,,,,,2,NO INDICATION OF INJURY,0,0,0,0,0,1,0,15,6,7,41.7784736745,-87.705398471,POINT (-87.705398470951 41.778473674545)
e87ca09da5ea5dc29e22ffd96b64af62ab0b27adc0660869c04a324a85173fee11a4021ea0fc722f81f3b606980def2f3221fe93fd33256557b41c1ce2a99771,,07/11/2025 03:00:00 PM,30,NO CONTROLS,NO CONTROLS,CLEAR,DAYLIGHT,PARKED MOTOR VEHICLE,NOT DIVIDED,,STRAIGHT AND LEVEL,UNKNOWN,UNKNOWN,NOT ON SCENE (DESK REPORT),NO INJURY / DRIVE AWAY,,,Y,"OVER $1,500",07/11/2025 04:50:00 PM,IMPROPER BACKING,NOT APPLICABLE,2541,W,77TH ST,835,,,,,,,2,NO INDICATION OF INJURY,0,0,0,0,0,2,0,15,6,7,41.7535780045,-87.6869869333,POINT (-87.686986933313 41.753578004469)
df42bb7dcf79b8336c1e0c8108eb549554e2e5a6e072b3aafca56f8e32725dfca557f7006300f62d57e0de1795eaf39656f21ba6b753d9a810f92ca645cf3ab6,,07/11/2025 02:51:00 PM,30,STOP SIGN/FLASHER,FUNCTIONING PROPERLY,CLEAR,DAYLIGHT,SIDESWIPE SAME DIRECTION,OTHER,,STRAIGHT AND LEVEL,DRY,UNKNOWN,ON SCENE,INJURY AND / OR TOW DUE TO CRASH,Y,,Y,"OVER $1,500",07/11/2025 02:55:00 PM,UNABLE TO DETERMINE,UNABLE TO DETERMINE,2709,S,ARCHER AVE,913,,,,,,,2,"REPORTED, NOT EVIDENT",1,0,0,0,1,1,0,14,6,7,41.8442824745,-87.6522543337,POINT (-87.652254333705 41.844282474532)
2997e5dccee633b22bcde37ccdc901714fd5ab368b8d0835dc92cd95d6a08987b16e1b4443710dd4bb1c7eecd282a04d106b849c13e43a2fadbf02c4788ba517,,07/11/2025 02:45:00 PM,30,NO CONTROLS,NO CONTROLS,CLEAR,DAYLIGHT,REAR END,FOUR WAY,,STRAIGHT AND LEVEL,DRY,NO DEFECTS,NOT ON SCENE (DESK REPORT),NO INJURY / DRIVE AWAY,Y,,,"OVER $1,500",07/11/2025 02:50:00 PM,FOLLOWING TOO CLOSELY,DRIVING SKILLS/KNOWLEDGE/EXPERIENCE,2099,W,ADDISON ST,1921,,,,,,,2,NO INDICATION OF INJURY,0,0,0,0,0,2,0,14,6,7,41.9467225442,-87.6809179032,POINT (-87.680917903165 41.946722544222)
351a942863e9d8848561194a4f6cc78ebb633d962ae5c0adf59adc41d3f5bbba8bb2fbc586e1bdadbbc18966c581d4066d7b4c9d5dae5daba4382b0df6c2cd17,,07/11/2025 02:30:00 PM,35,TRAFFIC SIGNAL,FUNCTIONING PROPERLY,CLEAR,DAYLIGHT,ANGLE,DIVIDED - W/MEDIAN BARRIER,,STRAIGHT AND LEVEL,DRY,NO DEFECTS,NOT ON SCENE (DESK REPORT),NO INJURY / DRIVE AWAY,Y,,,"OVER $1,500",07/11/2025 02:50:00 PM,DISREGARDING TRAFFIC SIGNALS,NOT APPLICABLE,9300,S,STONY ISLAND AVE,413,,,,,,,2,NO INDICATION OF INJURY,0,0,0,0,0,2,0,14,6,7,41.7258881,-87.5855587858,POINT (-87.585558785787 41.725888099989)
86c9fdf22dffe0a00d1dfe001960171127f36b24693518b0736fa6e2642025605a015dc3ef2446b0225afd950ceb99692ee5b55503798b8e7fbfc16987bd0503,,07/11/2025 02:22:00 PM,30,NO CONTROLS,NO CONTROLS,CLEAR,DAYLIGHT,ANGLE,NOT DIVIDED,,STRAIGHT AND LEVEL,UNKNOWN,UNKNOWN,ON SCENE,NO INJURY / DRIVE AWAY,,,Y,"OVER $1,500",07/11/2025 02:22:00 PM,FAILING TO YIELD RIGHT-OF-WAY,FAILING TO YIELD RIGHT-OF-WAY,2356,W,PRATT BLVD,2411,,,,,,,3,NO INDICATION OF INJURY,0,0,0,0,0,4,0,14,6,7,42.0051445345,-87.6899687325,POINT (-87.689968732521 42.005144534455)
11162795f1217251c9268bdcc6b9ffa74bb7e29d568d71205f5dad5d3dd4ea6fafb9f1fab3133bde0acc64db1dd8a33d84dfabb0560ef0aba487505eb157bd93,,07/11/2025 02:21:00 PM,30,TRAFFIC SIGNAL,UNKNOWN,CLEAR,DAYLIGHT,FIXED OBJECT,FOUR WAY,,STRAIGHT AND LEVEL,DRY,NO DEFECTS,ON SCENE,NO INJURY / DRIVE AWAY,Y,Y,Y,"OVER $1,500",07/11/2025 02:39:00 PM,UNABLE TO DETERMINE,UNABLE TO DETERMINE,7526,N,HARLEM AVE,1611,,,,,,,1,NO INDICATION OF INJURY,0,0,0,0,0,1,0,14,6,7,42.0178796421,-87.8067101847,POINT (-87.806710184698 42.017879642076)
f4a3554bd88bb4fa71dcde61870249efd3ed027ba3ebc991e8e081895ec6e56bcc986d66998f30678d0a9e3728b0779307b50543e33b91075f97b947abed51bf,,07/11/2025 02:20:00 PM,30,TRAFFIC SIGNAL,FUNCTIONING PROPERLY,CLEAR,DAYLIGHT,TURNING,DIVIDED - W/MEDIAN BARRIER,,STRAIGHT AND LEVEL,DRY,NO DEFECTS,NOT ON SCENE (DESK REPORT),NO INJURY / DRIVE AWAY,,,,"OVER $1,500",07/11/2025 03:00:00 PM,UNABLE TO DETERMINE,NOT APPLICABLE,201,S,DAMEN AVE,1225,,,,,,,2,NO INDICATION OF INJURY,0,0,0,0,0,2,0,14,6,7,41.8786840492,-87.6764318062,POINT (-87.676431806157 41.878684049235)
012a48ef690a8a96071d78ff92e4c09cc5452161475bebc8e219ef59494fb8fae3ce1fbf40315af3d527cc8a83c9820d000fb2f3306d3d42c8c4874f83564555,,07/11/2025 02:15:00 PM,30,STOP SIGN/FLASHER,FUNCTIONING PROPERLY,CLEAR,DAYLIGHT,PEDALCYCLIST,NOT DIVIDED,,STRAIGHT AND LEVEL,DRY,NO DEFECTS,NOT ON SCENE (DESK REPORT),NO INJURY / DRIVE AWAY,Y,,Y,$500 OR LESS,07/11/2025 05:20:00 PM,DISREGARDING STOP SIGN,DISREGARDING TRAFFIC SIGNALS,2659,W,25TH ST,1034,,,,,,,2,NO INDICATION OF INJURY,0,0,0,0,0,2,0,14,6,7,41.8463746845,-87.6927175915,POINT (-87.692717591471 41.846374684463)
04479852399e7a5d6e7aa74c76289b216c1e7207bff106d2f703d2f158905260d44d83781a560059bfdf5324b3f4968746c900d6132a21f968a0263a4bb26ab0,,07/11/2025 02:15:00 PM,30,STOP SIGN/FLASHER,NOT FUNCTIONING,UNKNOWN,DAYLIGHT,REAR END,DIVIDED - W/MEDIAN (NOT RAISED),,STRAIGHT AND LEVEL,UNKNOWN,NO DEFECTS,NOT ON SCENE (DESK REPORT),NO INJURY / DRIVE AWAY,,,,$500 OR LESS,07/11/2025 04:08:00 PM,FOLLOWING TOO CLOSELY,FOLLOWING TOO CLOSELY,4600,S,CALIFORNIA AVE,922,,,,,,,2,NO INDICATION OF INJURY,0,0,0,0,0,2,0,14,6,7,41.8099903136,-87.6944029702,POINT (-87.694402970221 41.80999031358)
4da7d7418cafc18e886948f52964703f3bfb2ed046135732b47f7371cc478bbf965860a1fae7fdea9fe9e4fdfaf395c5d85a18735e0203ff71b0f6b4f5eb5fc1,,07/11/2025 02:15:00 PM,30,NO CONTROLS,NO CONTROLS,CLEAR,DAYLIGHT,TURNING,NOT DIVIDED,,STRAIGHT AND LEVEL,DRY,NO DEFECTS,NOT ON SCENE (DESK REPORT),NO INJURY / DRIVE AWAY,,,Y,"OVER $1,500",07/11/2025 04:50:00 PM,IMPROPER TURNING/NO SIGNAL,IMPROPER TURNING/NO SIGNAL,2,E,127TH ST,532,,,,,,,2,NO INDICATION OF INJURY,0,0,0,0,0,2,0,14,6,7,41.6635637986,-87.6219851126,POINT (-87.621985112605 41.663563798608)
1818a24aa79752887d39b539ba956a737c8a31a841ee89817dcfa3c540e0aea3d3e490ff64edb09fae3b0881ed439368c67f2c823b49cf9dbad2a0cfcfe99921,,07/11/2025 02:14:00 PM,5,NO CONTROLS,NO CONTROLS,UNKNOWN,DAYLIGHT,PARKED MOTOR VEHICLE,PARKING LOT,,STRAIGHT AND LEVEL,UNKNOWN,UNKNOWN,NOT ON SCENE (DESK REPORT),NO INJURY / DRIVE AWAY,,,,"OVER $1,500",07/11/2025 02:50:00 PM,UNABLE TO DETERMINE,UNABLE TO DETERMINE,4157,W,PETERSON AVE,1711,,,,,,,2,NO INDICATION OF INJURY,0,0,0,0,0,1,0,14,6,7,41.9899653139,-87.7334329426,POINT (-87.733432942554 41.989965313933)
2a99869e0f413f6c5115529bca376fca09218deb866707ba18523833484b9608bfacdb898f224d9bb979cc4c91420352b178a084dc72d93dc3a04dcbbd648140,,07/11/2025 02:14:00 PM,30,STOP SIGN/FLASHER,NO CONTROLS,CLEAR,DAYLIGHT,TURNING,NOT DIVIDED,,STRAIGHT AND LEVEL,DRY,NO DEFECTS,NOT ON SCENE (DESK REPORT),NO INJURY / DRIVE AWAY,,,,"OVER $1,500",07/11/2025 02:45:00 PM,FAILING TO YIELD RIGHT-OF-WAY,NOT APPLICABLE,4777,W,47TH ST,815,,,,,,,2,NO INDICATION OF INJURY,0,0,0,0,0,3,0,14,6,7,41.8075191113,-87.743074785,POINT (-87.74307478502 41.807519111261)
df4b9500f1c4f4d80b8aa0d6384a1ec3c40473669cf8e3debe4a48817da8e653f8d6a275ea4bb8bf722812d9d5c53e1e71eeec7dba23b62ba1fc3b4e09cba0c4,,07/11/2025 02:14:00 PM,30,NO CONTROLS,NO CONTROLS,CLEAR,DAYLIGHT,PARKED MOTOR VEHICLE,ONE-WAY,,STRAIGHT AND LEVEL,DRY,NO DEFECTS,ON SCENE,NO INJURY / DRIVE AWAY,,,,"OVER $1,500",07/11/2025 02:55:00 PM,DISTRACTION - FROM OUTSIDE VEHICLE,NOT APPLICABLE,4851,N,MONTICELLO AVE,1712,,,,,,,2,NO INDICATION OF INJURY,0,0,0,0,0,3,0,14,6,7,41.9698405026,-87.7193720703,POINT (-87.719372070301 41.969840502597)
f9797a55e47dbe7551f14ec532750a40abe32c62d1aee62097bb4c896729ee9dd1b349d727aa4a247ebc898b269a53899e95c0bf7c53c099da8864066b35a7c7,,07/11/2025 02:05:00 PM,30,TRAFFIC SIGNAL,FUNCTIONING PROPERLY,CLEAR,DAYLIGHT,TURNING,Y-INTERSECTION,,STRAIGHT AND LEVEL,DRY,UNKNOWN,NOT ON SCENE (DESK REPORT),INJURY AND / OR TOW DUE TO CRASH,Y,,,"OVER $1,500",07/11/2025 03:30:00 PM,"VISION OBSCURED (SIGNS, TREE LIMBS, BUILDINGS, ETC.)",NOT APPLICABLE,3300,W,GRAND AVE,1121,,,,,,,2,NO INDICATION OF INJURY,0,0,0,0,0,2,0,14,6,7,41.8995005832,-87.709327105,POINT (-87.709327105003 41.899500583242)
0d42d916fc093554e5c4324e0a575830b0226f1580f5107093069f30a578d90000127f5cd40395ce475fe27430ae78df29f3b2df01a67f56e0bdb506f0ed94db,,07/11/2025 02:00:00 PM,30,NO CONTROLS,NO CONTROLS,CLEAR,DAYLIGHT,HEAD ON,NOT DIVIDED,,STRAIGHT AND LEVEL,DRY,UNKNOWN,NOT ON SCENE (DESK REPORT),INJURY AND / OR TOW DUE TO CRASH,,,,"OVER $1,500",07/12/2025 08:15:00 AM,IMPROPER OVERTAKING/PASSING,FAILING TO REDUCE SPEED TO AVOID CRASH,1630,N,KILPATRICK AVE,2533,,,,,,,2,NO INDICATION OF INJURY,0,0,0,0,0,2,0,14,6,7,41.9105602177,-87.7436069947,POINT (-87.743606994749 41.910560217708)
4c122812ab6a77d24873cfb7bcf6607c0f8329e0424bf283c483a598e2ab717c60cc08058d4c0c6d7c4d3f2814d212fe179b45103cdf6cac3ba826371c92c828,,07/11/2025 02:00:00 PM,15,NO CONTROLS,NO CONTROLS,CLEAR,DAYLIGHT,PARKED MOTOR VEHICLE,PARKING LOT,,STRAIGHT AND LEVEL,DRY,NO DEFECTS,ON SCENE,NO INJURY / DRIVE AWAY,,,,"OVER $1,500",07/11/2025 02:10:00 PM,UNABLE TO DETERMINE,NOT APPLICABLE,10000,W,OHARE ST,1651,,,,,,,2,NO INDICATION OF INJURY,0,0,0,0,0,1,0,14,6,7,41.976201139,-87.9053091251,POINT (-87.905309125103 41.976201139024)
69477f118fbe3a8485732212f858d4152c18aef7614d7ddd70fd6cbe94ac94f184f7966ecfb536781c07f05fca2f9cc3f9a1966a9d81cf712b1d0c83694057c9,,07/11/2025 02:00:00 PM,30,TRAFFIC SIGNAL,FUNCTIONING PROPERLY,CLEAR,DAYLIGHT,PEDALCYCLIST,NOT DIVIDED,,STRAIGHT AND LEVEL,DRY,NO DEFECTS,NOT ON SCENE (DESK REPORT),NO INJURY / DRIVE AWAY,Y,,Y,"OVER $1,500",07/11/2025 03:10:00 PM,DISREGARDING TRAFFIC SIGNALS,UNABLE TO DETERMINE,5159,W,DIVERSEY AVE,2521,,,,,,,2,NO INDICATION OF INJURY,0,0,0,0,0,2,0,14,6,7,41.9312914658,-87.7562944977,POINT (-87.756294497745 41.93129146576)
6e22bb426639f5992fda0f375c73233b7c9272cb94a9cd1d41143cad86702b67b3cc1f84f49a163699055c415fb1877cdf763a7b5287bdc61d5b258cc35f4ee9,,07/11/2025 02:00:00 PM,25,NO CONTROLS,NO CONTROLS,CLEAR,DAYLIGHT,PARKED MOTOR VEHICLE,ONE-WAY,,STRAIGHT AND LEVEL,DRY,NO DEFECTS,NOT ON SCENE (DESK REPORT),NO INJURY / DRIVE AWAY,,,Y,"OVER $1,500",07/12/2025 03:57:00 PM,NOT APPLICABLE,NOT APPLICABLE,748,W,BRIAR PL,1934,,,,,,,2,NO INDICATION OF INJURY,0,0,0,0,0,1,0,14,6,7,41.9392005427,-87.6487413769,POINT (-87.648741376892 41.939200542658)
7f33186dbe27b899a6e69d7af38fd817cbfe78df1f1c69459f566abcb48ce9371dee515da161c1283c5c6c95bc5efd2e11b40d5a34be2c701464d0dff6776221,,07/11/2025 02:00:00 PM,30,TRAFFIC SIGNAL,FUNCTIONING PROPERLY,CLEAR,DAYLIGHT,REAR END,NOT DIVIDED,,STRAIGHT AND LEVEL,DRY,NO DEFECTS,NOT ON SCENE (DESK REPORT),NO INJURY / DRIVE AWAY,,,N,"OVER $1,500",07/14/2025 05:00:00 PM,DISTRACTION - FROM INSIDE VEHICLE,NOT APPLICABLE,4901,W,NORTH AVE,2533,,,,,,,2,NO INDICATION OF INJURY,0,0,0,0,0,3,0,14,6,7,41.9094821915,-87.7486983106,POINT (-87.748698310623 41.909482191491)
f14ccc7e6fb935be5314305e073bbd939a7b725a001da9a699a5172b87a228a9fde2fbc4e8b314aafd5bbf320e2c84a30918d11b1d5c9e52edf7affefc986b41,,07/11/2025 02:00:00 PM,30,TRAFFIC SIGNAL,FUNCTIONING PROPERLY,CLEAR,DAYLIGHT,TURNING,NOT DIVIDED,,STRAIGHT AND LEVEL,DRY,NO DEFECTS,NOT ON SCENE (DESK REPORT),NO INJURY / DRIVE AWAY,,,Y,$500 OR LESS,07/12/2025 11:15:00 AM,UNABLE TO DETERMINE,UNABLE TO DETERMINE,2401,N,WESTERN AVE,1432,,,,,,,2,NO INDICATION OF INJURY,0,0,0,0,0,2,0,14,6,7,41.9249420035,-87.687496402,POINT (-87.687496402044 41.924942003503)
13fb2b4f5797627a07ecabcea06bd1c8c1d3c3c28347ef7cee7507296ebed6651bbf45b20f71e8eaf5c12a78d4524de89aa664731601e063c98994a4258fcf0a,,07/11/2025 01:50:00 PM,30,NO CONTROLS,NO CONTROLS,CLEAR,DAYLIGHT,PARKED MOTOR VEHICLE,NOT DIVIDED,,STRAIGHT AND LEVEL,DRY,NO DEFECTS,ON SCENE,NO INJURY / DRIVE AWAY,,,,"OVER $1,500",07/11/2025 02:00:00 PM,DRIVING SKILLS/KNOWLEDGE/EXPERIENCE,DRIVING SKILLS/KNOWLEDGE/EXPERIENCE,1555,W,47TH ST,933,,,,,,,2,NO INDICATION OF INJURY,0,0,0,0,0,1,0,13,6,7,41.808499087,-87.6646637144,POINT (-87.664663714375 41.808499087041)
3198168c8cce3445ddad00d4a0848ac47b1842916329ba4f75887f74186930c1180d21ad2344d8c2a2cb1852b3df1928e3530b34fc328bbe616e68e0c887319c,,07/11/2025 01:50:00 PM,30,UNKNOWN,UNKNOWN,CLEAR,DAYLIGHT,REAR END,NOT DIVIDED,,STRAIGHT AND LEVEL,DRY,UNKNOWN,NOT ON SCENE (DESK REPORT),NO INJURY / DRIVE AWAY,,,Y,"OVER $1,500",07/12/2025 10:00:00 AM,FOLLOWING TOO CLOSELY,FOLLOWING TOO CLOSELY,6410,S,ASHLAND AVE,725,,,,,,,2,NO INDICATION OF INJURY,0,0,0,0,0,2,0,13,6,7,41.7772790491,-87.6643064216,POINT (-87.664306421611 41.777279049079)
7cb76d9ffcd63a80697e2523393853b481e0d6e04828d6f47863a54d94f04c04bb20f08e02d5594e049507c387c413ff092418ecd4fccd3124fe4caa403c53a2,,07/11/2025 01:35:00 PM,30,UNKNOWN,UNKNOWN,UNKNOWN,UNKNOWN,PARKED MOTOR VEHICLE,UNKNOWN INTERSECTION TYPE,,STRAIGHT AND LEVEL,UNKNOWN,UNKNOWN,NOT ON SCENE (DESK REPORT),NO INJURY / DRIVE AWAY,,,Y,"OVER $1,500",07/14/2025 01:30:00 PM,IMPROPER OVERTAKING/PASSING,NOT APPLICABLE,1300,E,47TH ST,222,,,,,,,2,NO INDICATION OF INJURY,0,0,0,0,0,1,0,13,6,7,41.8097727266,-87.5949608909,POINT (-87.594960890937 41.809772726608)
1e6b7a6637324c9c4bd0c7bd0782c1e8cbe8e9f986e0e0895ecc2b71593b90aab4b8b28e1e7579602b8c063e22276b97ad7e8a03646ec067ca7cdd332a29f592,,07/11/2025 01:30:00 PM,30,NO CONTROLS,NO CONTROLS,CLEAR,DAYLIGHT,PARKED MOTOR VEHICLE,NOT DIVIDED,,STRAIGHT AND LEVEL,DRY,NO DEFECTS,NOT ON SCENE (DESK REPORT),NO INJURY / DRIVE AWAY,,,,"$501 - $1,500",07/11/2025 02:00:00 PM,IMPROPER TURNING/NO SIGNAL,NOT APPLICABLE,5241,S,HARPER AVE,234,,,,,,,2,NO INDICATION OF INJURY,0,0,0,0,0,2,0,13,6,7,41.7997151776,-87.5889534796,POINT (-87.588953479571 41.7997151776)
471d691c8584ad1a443ce0c2b9e1020adad18b1f68f9825ae581cce25b480609eb47006da5f2dd5a894790593d251a850246b229663a30393b70772be98e895c,,07/11/2025 01:30:00 PM,20,STOP SIGN/FLASHER,FUNCTIONING PROPERLY,CLEAR,DAYLIGHT,REAR TO FRONT,UNKNOWN INTERSECTION TYPE,,STRAIGHT AND LEVEL,DRY,NO DEFECTS,ON SCENE,NO INJURY / DRIVE AWAY,Y,,,"$501 - $1,500",07/11/2025 01:35:00 PM,IMPROPER BACKING,UNABLE TO DETERMINE,2398,W,72ND ST,832,,,,,,,2,NO INDICATION OF INJURY,0,0,0,0,0,3,0,13,6,7,41.7629881301,-87.6831312538,POINT (-87.683131253802 41.762988130115)
9d2c6ab1fcd0372e7660b6a03c8a2df35364cd6a27dbfd370951e088d2cef7831b21154c90d9b6517e3b4f5860287620688d3f58c9365dcfb57b9b51d8b318d8,,07/11/2025 01:30:00 PM,10,NO CONTROLS,NO CONTROLS,OTHER,"DARKNESS, LIGHTED ROAD",PARKED MOTOR VEHICLE,OTHER,,STRAIGHT AND LEVEL,DRY,UNKNOWN,NOT ON SCENE (DESK REPORT),NO INJURY / DRIVE AWAY,,Y,,"$501 - $1,500",07/18/2025 10:45:00 PM,UNABLE TO DETERMINE,UNABLE TO DETERMINE,33,W,ONTARIO ST,1832,,,,,,,2,NO INDICATION OF INJURY,0,0,0,0,0,1,0,13,6,7,41.8931417575,-87.6295306022,POINT (-87.629530602186 41.893141757499)
0054e26f43c5de1560a7c09af02927636d1a23af7aa6bd477da7c87d98dadbee76e8d9a4bc791396a3c7d24ee4ef438f482b052a61585d125197bdb7d85f12da,,07/11/2025 01:27:00 PM,30,TRAFFIC SIGNAL,FUNCTIONING PROPERLY,CLEAR,DAYLIGHT,TURNING,DIVIDED - W/MEDIAN (NOT RAISED),,STRAIGHT AND LEVEL,DRY,NO DEFECTS,ON SCENE,INJURY AND / OR TOW DUE TO CRASH,,,,"OVER $1,500",07/11/2025 03:55:00 PM,DRIVING SKILLS/KNOWLEDGE/EXPERIENCE,FAILING TO YIELD RIGHT-OF-WAY,620,W,TAYLOR ST,124,,,,,,,2,NO INDICATION OF INJURY,0,0,0,0,0,2,0,13,6,7,41.8698158831,-87.6431258024,POINT (-87.643125802425 41.869815883065)
090731bb513e9259f522363c4fe3aad7d88fc6d22a0ae52ac7ef4f19a4e7c6c4bb6557d8af4a0e863e36bb02609b3ae27b591f9ff52b9875fdfe20ef505827fa,,07/11/2025 01:25:00 PM,30,STOP SIGN/FLASHER,FUNCTIONING PROPERLY,CLEAR,DAYLIGHT,TURNING,T-INTERSECTION,,STRAIGHT AND LEVEL,DRY,NO DEFECTS,NOT ON SCENE (DESK REPORT),INJURY AND / OR TOW DUE TO CRASH,Y,,,"OVER $1,500",07/11/2025 03:40:00 PM,FAILING TO YIELD RIGHT-OF-WAY,DRIVING SKILLS/KNOWLEDGE/EXPERIENCE,929,S,CICERO AVE,1131,,,,,,,2,NO INDICATION OF INJURY,0,0,0,0,0,2,0,13,6,7,41.8686149271,-87.7446914627,POINT (-87.744691462674 41.868614927065)
1469b1b0a78f6daa818e624fbe505b2fd63a985a7a889ae59fd4e7f9499fe638032c2a83a74e8746d6126089ccea01ed7a83d020f904abb1c2d1b290ef650a5f,,07/11/2025 01:25:00 PM,30,STOP SIGN/FLASHER,FUNCTIONING PROPERLY,CLEAR,DAYLIGHT,TURNING,T-INTERSECTION,,STRAIGHT AND LEVEL,UNKNOWN,UNKNOWN,NOT ON SCENE (DESK REPORT),NO INJURY / DRIVE AWAY,,,,"OVER $1,500",07/11/2025 03:30:00 PM,UNABLE TO DETERMINE,NOT APPLICABLE,1000,S,CICERO AVE,1533,,,,,,,2,NO INDICATION OF INJURY,0,0,0,0,0,2,0,13,6,7,41.8685014917,-87.7449821867,POINT (-87.744982186651 41.868501491727)
faf023bcb2c957677eac27a7f17dcbf981b4830104b07f62dac82442ff5dab3bb7ab4fdd19bf0cba83b88cb711cedd26b05e5cc18d9edc720aca1f3936627983,,07/11/2025 01:20:00 PM,30,STOP SIGN/FLASHER,FUNCTIONING PROPERLY,CLEAR,DAYLIGHT,ANGLE,NOT DIVIDED,,STRAIGHT AND LEVEL,DRY,NO DEFECTS,ON SCENE,INJURY AND / OR TOW DUE TO CRASH,Y,,,"OVER $1,500",07/11/2025 01:21:00 PM,FAILING TO YIELD RIGHT-OF-WAY,NOT APPLICABLE,5900,S,WOLCOTT AVE,714,,,,,,,2,NONINCAPACITATING INJURY,1,0,0,1,0,1,0,13,6,7,41.7865646277,-87.671816306,POINT (-87.671816306038 41.786564627706)