CRASH_RECORD_ID,CRASH_DATE_EST_I,CRASH_DATE,POSTED_SPEED_LIMIT,TRAFFIC_CONTROL_DEVICE,DEVICE_CONDITION,WEATHER_CONDITION,LIGHTING_CONDITION,FIRST_CRASH_TYPE,TRAFFICWAY_TYPE,LANE_CNT,ALIGNMENT,ROADWAY_SURFACE_COND,ROAD_DEFECT,REPORT_TYPE,CRASH_TYPE,INTERSECTION_RELATED_I,NOT_RIGHT_OF_WAY_I,HIT_AND_RUN_I,DAMAGE,DATE_POLICE_NOTIFIED,PRIM_CONTRIBUTORY_CAUSE,SEC_CONTRIBUTORY_CAUSE,STREET_NO,STREET_DIRECTION,STREET_NAME,BEAT_OF_OCCURRENCE,PHOTOS_TAKEN_I,STATEMENTS_TAKEN_I,DOORING_I,WORK_ZONE_I,WORK_ZONE_TYPE,WORKERS_PRESENT_I,NUM_UNITS,MOST_SEVERE_INJURY,INJURIES_TOTAL,INJURIES_FATAL,INJURIES_INCAPACITATING,INJURIES_NON_INCAPACITATING,INJURIES_REPORTED_NOT_EVIDENT,INJURIES_NO_INDICATION,INJURIES_UNKNOWN,CRASH_HOUR,CRASH_DAY_OF_WEEK,CRASH_MONTH,LATITUDE,LONGITUDE,LOCATION
4c76100702038bd0dd8df4e2e8c1cbb0b236b73d514bb21e6855e7508805bc1390c29215b3833dd44033614b27e5f4e8429f093b2d9b6b122b142a31ce8a2f47,,07/11/2025 01:15:00 PM,30,TRAFFIC SIGNAL,UNKNOWN,UNKNOWN,DAYLIGHT,SIDESWIPE SAME DIRECTION,DIVIDED - W/MEDIAN (NOT RAISED),,STRAIGHT AND LEVEL,UNKNOWN,UNKNOWN,NOT ON SCENE (DESK REPORT),NO INJURY / DRIVE AWAY,Y,,,"$501 - $1,500",07/11/2025 03:40:00 PM,UNABLE TO DETERMINE,NOT APPLICABLE,4759,N,WESTERN AVE,1911,,,,,,,2,NO INDICATION OF INJURY,0,0,0,0,0,2,0,13,6,7,41.9684681351,-87.6887563136,POINT (-87.688756313644 41.968468135052)
e8ccf49e2c4ab4752abe0927340881ed08c3864cea3ed5dc77372e6275133be2621d583f1ba3a69b3e16b2a2f17ebf8a22dc88aff9c02fab6eeaf5115631a067,,07/11/2025 01:15:00 PM,20,NO CONTROLS,NO CONTROLS,CLEAR,DAYLIGHT,PEDESTRIAN,PARKING LOT,,STRAIGHT AND LEVEL,DRY,NO DEFECTS,NOT ON SCENE (DESK REPORT),INJURY AND / OR TOW DUE TO CRASH,,,Y,$500 OR LESS,07/11/2025 04:00:00 PM,UNABLE TO DETERMINE,UNABLE TO DETERMINE,524,W,OHARE ST,1654,,,,,,,2,NONINCAPACITATING INJURY,1,0,0,1,0,1,0,13,6,7,,,
316e62843fe908c25e0109f6366d6dcb9ae557147e123bb77770dde7d571a8af414a3ccb3ac9f3c6c9891d9c23bf8d95417169b365fb8fcce73daece8c9fe123,,07/11/2025 01:10:00 PM,30,TRAFFIC SIGNAL,FUNCTIONING PROPERLY,CLEAR,DAYLIGHT,SIDESWIPE SAME DIRECTION,FOUR WAY,,STRAIGHT AND LEVEL,DRY,NO DEFECTS,ON SCENE,INJURY AND / OR TOW DUE TO CRASH,Y,,,"OVER $1,500",07/11/2025 01:15:00 PM,UNABLE TO DETERMINE,NOT APPLICABLE,5700,S,PULASKI RD,813,,,,,,,2,"REPORTED, NOT EVIDENT",1,0,0,0,1,1,0,13,6,7,41.7895306331,-87.723207174,POINT (-87.723207174023 41.789530633118)
fe6b10804e599c53823c53f065382479de8b1aa3b4327a61b4af0fc8680eb7541638c399e2f93554010d4144fd6a52d392820c1af5a4300800ea84f882165e57,,07/11/2025 01:10:00 PM,35,NO CONTROLS,NO CONTROLS,CLEAR,DAYLIGHT,SIDESWIPE SAME DIRECTION,NOT DIVIDED,,STRAIGHT AND LEVEL,DRY,UNKNOWN,ON SCENE,INJURY AND / OR TOW DUE TO CRASH,,,N,"OVER $1,500",07/11/2025 01:10:00 PM,UNABLE TO DETERMINE,NOT APPLICABLE,7316,S,COLES AVE,334,,,,,,,2,NO INDICATION OF INJURY,0,0,0,0,0,3,0,13,6,7,41.7628736681,-87.5616393841,POINT (-87.561639384143 41.762873668064)
0dedb4ec5b1db5ed4a872538b68ac70016cbbaa9f5cf5da4707fbc3a7d63559af86e3c7a5b79decc623473b592456468f24d032896a1f70774df4c95ad8f1192,,07/11/2025 01:09:00 PM,30,TRAFFIC SIGNAL,FUNCTIONING PROPERLY,UNKNOWN,DAYLIGHT,TURNING,DIVIDED - W/MEDIAN (NOT RAISED),,STRAIGHT AND LEVEL,UNKNOWN,UNKNOWN,NOT ON SCENE (DESK REPORT),NO INJURY / DRIVE AWAY,Y,,Y,"OVER $1,500",07/14/2025 12:58:00 PM,IMPROPER TURNING/NO SIGNAL,FAILING TO REDUCE SPEED TO AVOID CRASH,1658,W,LAKE ST,1215,,,,,,,2,NO INDICATION OF INJURY,0,0,0,0,0,2,0,13,6,7,41.8853842504,-87.6685839377,POINT (-87.668583937736 41.885384250441)
938cfa2ce812e9e252be17e873f3bb813a7388e2790e4e2e6bad446b24a22205224c60a9cdaa81c7b9bd56a532a2531d6710affa77c8fab1a577b137077f8671,,07/11/2025 01:08:00 PM,30,NO CONTROLS,NO CONTROLS,CLEAR,DAYLIGHT,PARKED MOTOR VEHICLE,OTHER,,STRAIGHT AND LEVEL,DRY,NO DEFECTS,NOT ON SCENE (DESK REPORT),NO INJURY / DRIVE AWAY,,,,"OVER $1,500",07/11/2025 09:08:00 PM,UNABLE TO DETERMINE,UNABLE TO DETERMINE,2561,N,CICERO AVE,2521,,,,,,,2,NO INDICATION OF INJURY,0,0,0,0,0,7,0,13,6,7,41.9278781519,-87.7462969573,POINT (-87.746296957293 41.927878151912)
14e3498551bc0597f0ad055530476111e69277035a7e484b5308581587364aa7622dc2f8fa9cca787b0f42ef65081bf33474db1f838bdc1f7990ac03b70fa052,,07/11/2025 01:00:00 PM,15,NO CONTROLS,NO CONTROLS,CLEAR,DAYLIGHT,SIDESWIPE SAME DIRECTION,ONE-WAY,,STRAIGHT AND LEVEL,DRY,NO DEFECTS,ON SCENE,NO INJURY / DRIVE AWAY,,,,"OVER $1,500",07/11/2025 01:05:00 PM,FAILING TO YIELD RIGHT-OF-WAY,NOT APPLICABLE,2,W,TERMINAL ST,1652,,,,,,,2,NO INDICATION OF INJURY,0,0,0,0,0,2,0,13,6,7,,,
430acced2db03ced72326c5a686b4677e0f31673e8ce05e9b99c813a1726ee6692857e836164f57aece61a2298056db5aad1b6402b6206d61b7e5b292cc7575e,,07/11/2025 01:00:00 PM,30,TRAFFIC SIGNAL,FUNCTIONING PROPERLY,CLEAR,DAYLIGHT,REAR END,FOUR WAY,,STRAIGHT AND LEVEL,UNKNOWN,UNKNOWN,NOT ON SCENE (DESK REPORT),INJURY AND / OR TOW DUE TO CRASH,,,,"OVER $1,500",07/11/2025 07:15:00 PM,FOLLOWING TOO CLOSELY,FAILING TO REDUCE SPEED TO AVOID CRASH,730,S,CLARK ST,123,,,,,,,2,NONINCAPACITATING INJURY,2,0,0,1,1,4,0,13,6,7,41.8727806141,-87.6307715124,POINT (-87.63077151243 41.872780614066)
cc7604e2a7c87144c5d44847394c2dca3ea256e1886baba1e9c75b4240f470fad77ddd2a63997b94f2a7905ae7635f5054baa7fd3c08a623de9e39cd9071698f,Y,07/11/2025 01:00:00 PM,20,NO CONTROLS,NO CONTROLS,CLEAR,DAYLIGHT,PEDALCYCLIST,ONE-WAY,,STRAIGHT AND LEVEL,DRY,NO DEFECTS,ON SCENE,NO INJURY / DRIVE AWAY,,,Y,"OVER $1,500",07/11/2025 01:58:00 PM,UNABLE TO DETERMINE,NOT APPLICABLE,942,W,RANDOLPH ST,1224,,,,,,,2,NO INDICATION OF INJURY,0,0,0,0,0,2,0,13,6,7,41.8844481206,-87.6514380986,POINT (-87.651438098625 41.884448120639)
cdb2abdd4c2568cd753ab6edbf41fde55224f1e116b84c9668bd2437b4338e02ee0af8626ca269accd951029465803fb4c65510da3c2bebcfd381c0fa2f91280,,07/11/2025 01:00:00 PM,30,NO CONTROLS,NO CONTROLS,CLEAR,DAYLIGHT,PARKED MOTOR VEHICLE,NOT DIVIDED,,STRAIGHT AND LEVEL,DRY,NO DEFECTS,NOT ON SCENE (DESK REPORT),NO INJURY / DRIVE AWAY,,,Y,"$501 - $1,500",07/11/2025 09:52:00 PM,UNABLE TO DETERMINE,NOT APPLICABLE,739,S,CLARK ST,123,,,,,,,2,NO INDICATION OF INJURY,0,0,0,0,0,1,0,13,6,7,41.8726436475,-87.6304742233,POINT (-87.630474223347 41.872643647531)
d890eae8ff6a365d0c0c8adab3fd33e6d7205c5e373382ac4f6b9366c16dbba1c8a5d7e20c0f12104d89417f30411a319204528ef52c09d074aad44edc0b6460,,07/11/2025 01:00:00 PM,30,NO CONTROLS,NO CONTROLS,CLEAR,UNKNOWN,SIDESWIPE SAME DIRECTION,NOT DIVIDED,,STRAIGHT AND LEVEL,UNKNOWN,UNKNOWN,NOT ON SCENE (DESK REPORT),NO INJURY / DRIVE AWAY,,,,"$501 - $1,500",07/11/2025 01:25:00 PM,FAILING TO YIELD RIGHT-OF-WAY,NOT APPLICABLE,4334,N,HAZEL ST,1915,,,,,,,2,NO INDICATION OF INJURY,0,0,0,0,0,2,0,13,6,7,41.9612176267,-87.6524585474,POINT (-87.652458547361 41.961217626675)
ec15a9c61eadb36014eb32a3221005ae48f3ed20d9509f5e52e192588d82b4285f1d7e713d2767fbee0c3e09ec3cf384eabedd0d40932d89982afb586e0f4f41,,07/11/2025 01:00:00 PM,25,NO CONTROLS,NO CONTROLS,CLEAR,DAYLIGHT,PARKED MOTOR VEHICLE,NOT DIVIDED,,STRAIGHT AND LEVEL,DRY,NO DEFECTS,NOT ON SCENE (DESK REPORT),NO INJURY / DRIVE AWAY,,,Y,"OVER $1,500",07/21/2025 05:32:00 PM,FAILING TO REDUCE SPEED TO AVOID CRASH,NOT APPLICABLE,5054,N,LOCKWOOD AVE,1623,,,,,,,2,NO INDICATION OF INJURY,0,0,0,0,0,1,0,13,6,7,41.973209922,-87.7603351486,POINT (-87.760335148589 41.973209922035)
fd3c1b8be6f6783ba5f54b0cfc902412d3b5fdd471bb291289b3075342fe3691bcbef6a6c4fdb01bc7de96f208a902ffba5f2c42564cdd06f7912c2a2669a647,,07/11/2025 01:00:00 PM,30,UNKNOWN,UNKNOWN,UNKNOWN,UNKNOWN,SIDESWIPE SAME DIRECTION,NOT DIVIDED,,CURVE ON HILLCREST,UNKNOWN,UNKNOWN,NOT ON SCENE (DESK REPORT),NO INJURY / DRIVE AWAY,,,,"OVER $1,500",07/11/2025 02:15:00 PM,UNABLE TO DETERMINE,NOT APPLICABLE,3656,N,SOUTHPORT AVE,1922,,,,,,,2,NO INDICATION OF INJURY,0,0,0,0,0,2,0,13,6,7,41.9487385162,-87.6642088311,POINT (-87.664208831121 41.94873851624)
00e8ee99d6b72f49efb9b2ebfce98b150282d2b79ccc03a95bcc25100050fc028abbc9a0ad501191a34bd8b5eeaa5db43bc8e12d7a367e987e1c193b7317e145,,07/11/2025 12:50:00 PM,25,NO CONTROLS,NO CONTROLS,CLEAR,DAYLIGHT,SIDESWIPE SAME DIRECTION,NOT DIVIDED,,STRAIGHT AND LEVEL,DRY,NO DEFECTS,ON SCENE,NO INJURY / DRIVE AWAY,,,,"OVER $1,500",07/11/2025 01:00:00 PM,IMPROPER OVERTAKING/PASSING,"VISION OBSCURED (SIGNS, TREE LIMBS, BUILDINGS, ETC.)",3753,W,26TH ST,1031,,,,,,,3,NO INDICATION OF INJURY,0,0,0,0,0,2,0,12,6,7,41.844209517,-87.7193576199,POINT (-87.719357619919 41.844209516973)
1dbbadfae5252559a6d9e5d18d92f469d2bfd4b6f53666d7f09f78720cc743da80d53b4e811dc820295c7739c0135ca80a650f26b0d33af7131014d09a7f02c5,,07/11/2025 12:45:00 PM,30,TRAFFIC SIGNAL,FUNCTIONING PROPERLY,CLEAR,DAYLIGHT,REAR END,DIVIDED - W/MEDIAN (NOT RAISED),,STRAIGHT AND LEVEL,DRY,NO DEFECTS,NOT ON SCENE (DESK REPORT),NO INJURY / DRIVE AWAY,,,,$500 OR LESS,07/11/2025 01:05:00 PM,FOLLOWING TOO CLOSELY,UNABLE TO DETERMINE,2928,W,ARMITAGE AVE,1414,,,,,,,2,NO INDICATION OF INJURY,0,0,0,0,0,2,0,12,6,7,41.9175668243,-87.7005236852,POINT (-87.700523685217 41.917566824309)
5709f2ddceac1c84c6fee967b2fbdc3475da6697c512511770ccc64eca9de18cd7090ebd6cc81973dbb918a0c53e60316736f800747e11efd313c4dd7900c8f6,,07/11/2025 12:44:00 PM,45,NO CONTROLS,NO CONTROLS,CLEAR,DAYLIGHT,FIXED OBJECT,DIVIDED - W/MEDIAN BARRIER,,STRAIGHT AND LEVEL,DRY,NO DEFECTS,ON SCENE,INJURY AND / OR TOW DUE TO CRASH,N,,,"OVER $1,500",07/11/2025 12:44:00 PM,EQUIPMENT - VEHICLE CONDITION,UNABLE TO DETERMINE,5023,S,LAKE SHORE DR NB,222,,,,,,,2,NO INDICATION OF INJURY,0,0,0,0,0,1,0,12,6,7,41.8037510032,-87.5816490774,POINT (-87.58164907739 41.803751003209)
21678cd6b9198569e555327a084b99901f5a3c337d3ba31ce76bd560aae7b48dfe1514cda55d4ea25068b4318deae787d5d8712af3b8d79ac47ac3a7d2fb0fe1,,07/11/2025 12:40:00 PM,30,NO CONTROLS,NO CONTROLS,CLEAR,DAYLIGHT,ANGLE,NOT DIVIDED,,STRAIGHT AND LEVEL,DRY,UNKNOWN,ON SCENE,NO INJURY / DRIVE AWAY,,,,"OVER $1,500",07/11/2025 01:00:00 PM,UNABLE TO DETERMINE,NOT APPLICABLE,1522,W,109TH ST,2234,,,,,,,2,NO INDICATION OF INJURY,0,0,0,0,0,2,0,12,6,7,41.6958756996,-87.660674986,POINT (-87.660674985953 41.695875699574)
dc9f883fdac07d57410e14cd0df010bbc8b17a2424ecf69549448d95b4392b7e2ce80d90b45f0ac5946681cc2fcfa9875511b903171c0dc6bafd823411b6df44,,07/11/2025 12:40:00 PM,30,NO CONTROLS,NO CONTROLS,UNKNOWN,DAYLIGHT,PARKED MOTOR VEHICLE,NOT DIVIDED,,STRAIGHT AND LEVEL,UNKNOWN,NO DEFECTS,NOT ON SCENE (DESK REPORT),NO INJURY / DRIVE AWAY,,,Y,"OVER $1,500",07/11/2025 03:30:00 PM,FAILING TO REDUCE SPEED TO AVOID CRASH,UNABLE TO DETERMINE,3758,N,OAK PARK AVE,1632,,,,,,,2,NO INDICATION OF INJURY,0,0,0,0,0,1,0,12,6,7,41.9489608483,-87.7962750683,POINT (-87.796275068317 41.948960848294)
f8c8c15ebffc266605c8c557be831e32a025f4349f20cca8dadab9afd3ad8f0450908592f5a4200939efe0961bd86552f385282394da418830b2f4179bcbaf43,,07/11/2025 12:40:00 PM,30,STOP SIGN/FLASHER,FUNCTIONING PROPERLY,CLEAR,DAYLIGHT,TURNING,NOT DIVIDED,,STRAIGHT AND LEVEL,DRY,NO DEFECTS,ON SCENE,INJURY AND / OR TOW DUE TO CRASH,,,Y,"OVER $1,500",07/11/2025 02:50:00 PM,UNABLE TO DETERMINE,UNABLE TO DETERMINE,2430,N,KILPATRICK AVE,2521,,,,,,,2,NO INDICATION OF INJURY,0,0,0,0,0,2,0,12,6,7,41.9253184962,-87.7440496322,POINT (-87.744049632177 41.925318496182)
d2307eda90a6f039aa7e71273efb0e2115dd55a67e7e1a838be6f5e615098b0b29150b2f2b2834e7ffedce56aa08d2d2118d2a5f4d46cc75c4baeda7cd16b66d,,07/11/2025 12:35:00 PM,25,NO CONTROLS,NO CONTROLS,CLEAR,DAYLIGHT,REAR END,ONE-WAY,,STRAIGHT AND LEVEL,DRY,NO DEFECTS,ON SCENE,NO INJURY / DRIVE AWAY,,,,"$501 - $1,500",07/11/2025 12:35:00 PM,UNABLE TO DETERMINE,NOT APPLICABLE,4627,W,WELLINGTON AVE,2521,,,,,,,2,NO INDICATION OF INJURY,0,0,0,0,0,2,0,12,6,7,41.9351167982,-87.7432926469,POINT (-87.743292646927 41.935116798192)
fcc5380a2fa628f9f2f7cc70d49aca50b6809280581711df433ecc73042d5c8405622ab4a111d7867fdba6d4c279ec8a6dbd4868d5060a8590958a6412e2e9a2,,07/11/2025 12:30:00 PM,30,TRAFFIC SIGNAL,FUNCTIONING PROPERLY,CLEAR,DAYLIGHT,REAR END,NOT DIVIDED,,STRAIGHT AND LEVEL,DRY,NO DEFECTS,NOT ON SCENE (DESK REPORT),NO INJURY / DRIVE AWAY,Y,,,"OVER $1,500",07/11/2025 12:40:00 PM,FOLLOWING TOO CLOSELY,NOT APPLICABLE,4800,N,PULASKI RD,1712,,,,,,,2,NO INDICATION OF INJURY,0,0,0,0,0,4,0,12,6,7,41.9682625951,-87.7281753158,POINT (-87.72817531576 41.968262595101)
d5d00fbf5d355917f0126d226c6fcbdfa21b0ce6f079ecd04b10652120a5a7610d59a59d8e3e5e293330d08a5a20cf7655415519567a369b0ce19288b819cd2c,,07/11/2025 12:28:00 PM,20,STOP SIGN/FLASHER,FUNCTIONING PROPERLY,CLEAR,DAYLIGHT,PARKED MOTOR VEHICLE,NOT DIVIDED,,STRAIGHT ON GRADE,DRY,NO DEFECTS,ON SCENE,NO INJURY / DRIVE AWAY,,,,"$501 - $1,500",07/11/2025 12:48:00 PM,DRIVING SKILLS/KNOWLEDGE/EXPERIENCE,NOT APPLICABLE,1656,W,SUMMERDALE AVE,2012,,,,,,,2,NO INDICATION OF INJURY,0,0,0,0,0,1,0,12,6,7,41.9789864966,-87.6719498646,POINT (-87.6719498646 41.978986496641)
651871fcf385436f23efd3fe692d1809a7a1de8d23cf3f96819d50b835a55c946570621c7c9ede719735598144b6b66f4bbc5f746f4fcd0f8f6592d85bf58745,,07/11/2025 12:24:00 PM,25,STOP SIGN/FLASHER,NO CONTROLS,CLEAR,DAYLIGHT,ANGLE,ONE-WAY,,STRAIGHT AND LEVEL,DRY,NO DEFECTS,ON SCENE,INJURY AND / OR TOW DUE TO CRASH,Y,,,"OVER $1,500",07/11/2025 12:26:00 PM,UNABLE TO DETERMINE,UNABLE TO DETERMINE,4800,S,MICHIGAN AVE,224,,,,,,,2,"REPORTED, NOT EVIDENT",1,0,0,0,1,4,0,12,6,7,41.8073730019,-87.6229305547,POINT (-87.622930554709 41.807373001937)
4b414180cc070aedfa35a52f04ea9e7338ca734a3eeb776f94d3cb0d07a23341b4b82cad238d9ee94469fad6d8bd3f6b1560418d80522a26631bf2aa9ecb3023,,07/11/2025 12:22:00 PM,30,NO CONTROLS,NO CONTROLS,CLEAR,DAYLIGHT,ANGLE,NOT DIVIDED,,STRAIGHT AND LEVEL,DRY,NO DEFECTS,NOT ON SCENE (DESK REPORT),NO INJURY / DRIVE AWAY,,,,"OVER $1,500",07/11/2025 01:20:00 PM,FAILING TO YIELD RIGHT-OF-WAY,UNABLE TO DETERMINE,5130,W,NORTH AVE,2533,,,,,,,2,NO INDICATION OF INJURY,0,0,0,0,0,2,0,12,6,7,41.9096357503,-87.7538981293,POINT (-87.753898129309 41.909635750314)
ed1bdc7fe1360576d3cc4c9fc5a798b4fe62a818668a39880841a17a64f90ee9fffc2c262f7015c5cbaf6bb339c441c39e330e06100a3377a05abc16f740b60c,,07/11/2025 12:20:00 PM,40,OTHER,FUNCTIONING PROPERLY,CLEAR,DAYLIGHT,REAR END,DIVIDED - W/MEDIAN BARRIER,,STRAIGHT AND LEVEL,DRY,NO DEFECTS,ON SCENE,NO INJURY / DRIVE AWAY,,,Y,"OVER $1,500",07/11/2025 12:24:00 PM,FOLLOWING TOO CLOSELY,UNABLE TO DETERMINE,658,N,LAKE SHORE DR SB,1834,,,,,,,2,NO INDICATION OF INJURY,0,0,0,0,0,2,0,12,6,7,41.8942665454,-87.6152991116,POINT (-87.615299111574 41.894266545443)
82174ef7d50b8e3571f850bb8d854e3f01055a624b19bdece3822c26dab111966b574d8d6560b3fdeedc3c94eced14360ead9ef6738881bdfcf18ab59051bf08,,07/11/2025 12:09:00 PM,30,TRAFFIC SIGNAL,FUNCTIONING PROPERLY,CLEAR,DAYLIGHT,SIDESWIPE SAME DIRECTION,FOUR WAY,,STRAIGHT AND LEVEL,DRY,NO DEFECTS,ON SCENE,NO INJURY / DRIVE AWAY,,,,"$501 - $1,500",07/11/2025 12:11:00 PM,UNABLE TO DETERMINE,NOT APPLICABLE,1906,N,PULASKI RD,2534,,,,,,,2,NO INDICATION OF INJURY,0,0,0,0,0,2,0,12,6,7,41.9156033855,-87.7266670376,POINT (-87.726667037577 41.915603385543)
a27cbc8b97b81dbfb49acb3b14a688ee419c33fccf8f373c613f343bb2a6f4aa7a266f6c0c636b874ee9401c1e6d841aee988dbd2d67b39b4b3f3491188b405f,,07/11/2025 12:00:00 PM,30,STOP SIGN/FLASHER,FUNCTIONING PROPERLY,CLEAR,DAYLIGHT,SIDESWIPE SAME DIRECTION,CENTER TURN LANE,,STRAIGHT AND LEVEL,DRY,NO DEFECTS,ON SCENE,NO INJURY / DRIVE AWAY,,,Y,$500 OR LESS,07/11/2025 12:25:00 PM,UNABLE TO DETERMINE,UNABLE TO DETERMINE,216,W,PERSHING RD,915,,,,,,,2,NO INDICATION OF INJURY,0,0,0,0,0,2,0,12,6,7,41.823740044,-87.6320730272,POINT (-87.632073027235 41.823740044003)
a46087dd3987cb1b74c61b43af5641fb208c6c6807837301b2baff3019b1c96237543612dc1f24ef729a5cfdfb3a74586eb86bc7741665ec3d48465b76b73e3a,,07/11/2025 11:50:00 AM,30,TRAFFIC SIGNAL,FUNCTIONING PROPERLY,CLEAR,DAYLIGHT,REAR END,NOT DIVIDED,,STRAIGHT AND LEVEL,DRY,NO DEFECTS,NOT ON SCENE (DESK REPORT),NO INJURY / DRIVE AWAY,,,,"OVER $1,500",07/11/2025 12:15:00 PM,FAILING TO REDUCE SPEED TO AVOID CRASH,NOT APPLICABLE,10000,S,INDIANAPOLIS AVE,432,,,,,,,2,NO INDICATION OF INJURY,0,0,0,0,0,2,0,11,6,7,41.713757693,-87.5365338072,POINT (-87.536533807186 41.713757692961)
d42186d226f11c15d7472da509d9ea16f3fecce989e292e72748388d5f6bf954f03d24d74a63dd4f09a7e7ee82122f2ea313f204db5379fe0b1ef8e2f543abda,,07/11/2025 11:50:00 AM,30,NO CONTROLS,NO CONTROLS,CLEAR,DAYLIGHT,SIDESWIPE SAME DIRECTION,NOT DIVIDED,,STRAIGHT AND LEVEL,DRY,UNKNOWN,NOT ON SCENE (DESK REPORT),NO INJURY / DRIVE AWAY,,,Y,"$501 - $1,500",07/11/2025 06:35:00 PM,UNABLE TO DETERMINE,NOT APPLICABLE,12001,S,HALSTED ST,523,,,,,,,2,NO INDICATION OF INJURY,0,0,0,0,0,2,0,11,6,7,41.675902066,-87.6416980463,POINT (-87.641698046282 41.675902066048)
85e2f0bf89a08998cc2f37976fce9a2b2a8807cfb5f8bd930101984d3e68c93ea51d5c3376ee56533c9c904d6c0add79197702e49704c9fbea76105807578914,,07/11/2025 11:45:00 AM,30,TRAFFIC SIGNAL,FUNCTIONING PROPERLY,CLEAR,DAYLIGHT,REAR END,DIVIDED - W/MEDIAN (NOT RAISED),,STRAIGHT AND LEVEL,DRY,NO DEFECTS,ON SCENE,NO INJURY / DRIVE AWAY,Y,,,"OVER $1,500",07/11/2025 11:55:00 AM,DISTRACTION - FROM INSIDE VEHICLE,DISTRACTION - FROM INSIDE VEHICLE,9500,S,STONY ISLAND AVE,511,,,,,,,2,NO INDICATION OF INJURY,0,0,0,0,0,2,0,11,6,7,41.722257273,-87.5852755651,POINT (-87.585275565077 41.722257273006)
883fc4594d753aff330cf16ce8b49041c1f3051501a15c330e24987162de049330db23ee5c568b4cb29f8fd03ab1354eaa7de0db641f69083cb70663a303800e,,07/11/2025 11:45:00 AM,30,NO CONTROLS,NO CONTROLS,UNKNOWN,DAYLIGHT,SIDESWIPE SAME DIRECTION,NOT DIVIDED,,STRAIGHT AND LEVEL,WET,NO DEFECTS,NOT ON SCENE (DESK REPORT),NO INJURY / DRIVE AWAY,,,,"OVER $1,500",07/11/2025 01:30:00 PM,FAILING TO YIELD RIGHT-OF-WAY,NOT APPLICABLE,2650,N,NORMANDY AVE,2512,,,,,,,2,NO INDICATION OF INJURY,0,0,0,0,0,2,0,11,6,7,41.928801194,-87.7931120409,POINT (-87.793112040895 41.928801194034)
0be61fd8755fb01b5efc865850cac9b2ced1e3a70590145d5053f6a54e35a3b2f19cd8151247927183918c68f2c29100cca9252d7e60b6693f1f93d5e5c09e6b,,07/11/2025 11:30:00 AM,30,NO CONTROLS,NO CONTROLS,CLEAR,DAYLIGHT,REAR END,DIVIDED - W/MEDIAN BARRIER,,STRAIGHT AND LEVEL,DRY,"RUT, HOLES",NOT ON SCENE (DESK REPORT),NO INJURY / DRIVE AWAY,,,N,"OVER $1,500",07/11/2025 01:50:00 PM,UNABLE TO DETERMINE,NOT APPLICABLE,9572,S,STONY ISLAND AVE,511,,,,,,,2,NO INDICATION OF INJURY,0,0,0,0,0,2,0,11,6,7,41.7207427533,-87.5853085243,POINT (-87.585308524336 41.720742753326)
655d3e1a88601c55383fb2bd86dac8a6465c3bb27b58764d63ba115f12fd42645d24dc5bba870aed91326c32b65a7262255817c516642c1c931eae3157365fd7,,07/11/2025 11:30:00 AM,40,NO CONTROLS,NO CONTROLS,CLEAR,DAYLIGHT,TURNING,NOT DIVIDED,,STRAIGHT AND LEVEL,DRY,UNKNOWN,ON SCENE,NO INJURY / DRIVE AWAY,,,Y,"$501 - $1,500",07/11/2025 12:10:00 PM,IMPROPER LANE USAGE,NOT APPLICABLE,7101,S,EXCHANGE AVE,334,,,,,,,2,NO INDICATION OF INJURY,0,0,0,0,0,2,0,11,6,7,41.7662218699,-87.5662892068,POINT (-87.566289206784 41.766221869852)
a0fade45c9bee91193a6a785b9005b4af6d2982724a50e560defac3f2c6f699e5656ad8dab24ed943a049cede3776b429336527d165d0d7c9f717c5ae145b818,,07/11/2025 11:30:00 AM,30,TRAFFIC SIGNAL,FUNCTIONING PROPERLY,CLEAR,DAYLIGHT,TURNING,ONE-WAY,,STRAIGHT AND LEVEL,DRY,NO DEFECTS,ON SCENE,NO INJURY / DRIVE AWAY,Y,,,"OVER $1,500",07/11/2025 11:36:00 AM,IMPROPER TURNING/NO SIGNAL,IMPROPER OVERTAKING/PASSING,2959,W,CONGRESS PKWY,1135,,,,,,,2,NO INDICATION OF INJURY,0,0,0,0,0,2,0,11,6,7,41.8742426233,-87.7008885781,POINT (-87.700888578114 41.874242623273)
af4363a258d0863fa324111d2e4fc5fe344c421fe58fef51d7063b31937fa5cb98d75892c8e268708c44c326b9082dc600d646718e72346e7e3e319d37995e64,,07/11/2025 11:30:00 AM,30,TRAFFIC SIGNAL,FUNCTIONING PROPERLY,CLEAR,DAYLIGHT,SIDESWIPE SAME DIRECTION,NOT DIVIDED,,STRAIGHT AND LEVEL,WET,NO DEFECTS,NOT ON SCENE (DESK REPORT),NO INJURY / DRIVE AWAY,,,Y,$500 OR LESS,07/11/2025 12:00:00 PM,UNABLE TO DETERMINE,UNABLE TO DETERMINE,198,W,51ST ST,224,,,,,,,2,NO INDICATION OF INJURY,0,0,0,0,0,2,0,11,6,7,41.8019390473,-87.6306634977,POINT (-87.63066349771 41.801939047344)
16e82abeb22fb1a8ca7a4b4ff37195d2c8835f4f83a04294f15b67b1864869ef44867a008396c84c8c9277839ada5713ec293a4182d53bd9dc3cba8bcb716baa,,07/11/2025 11:22:00 AM,30,TRAFFIC SIGNAL,UNKNOWN,CLEAR,UNKNOWN,REAR END,T-INTERSECTION,,STRAIGHT AND LEVEL,UNKNOWN,UNKNOWN,NOT ON SCENE (DESK REPORT),NO INJURY / DRIVE AWAY,Y,,,"OVER $1,500",07/11/2025 01:40:00 PM,UNABLE TO DETERMINE,NOT APPLICABLE,650,W,BELMONT AVE,1925,,,,,,,2,NO INDICATION OF INJURY,0,0,0,0,0,2,0,11,6,7,41.940131803,-87.6462367537,POINT (-87.646236753681 41.940131802958)