CRASH_RECORD_ID,CRASH_DATE_EST_I,CRASH_DATE,POSTED_SPEED_LIMIT,TRAFFIC_CONTROL_DEVICE,DEVICE_CONDITION,WEATHER_CONDITION,LIGHTING_CONDITION,FIRST_CRASH_TYPE,TRAFFICWAY_TYPE,LANE_CNT,ALIGNMENT,ROADWAY_SURFACE_COND,ROAD_DEFECT,REPORT_TYPE,CRASH_TYPE,INTERSECTION_RELATED_I,NOT_RIGHT_OF_WAY_I,HIT_AND_RUN_I,DAMAGE,DATE_POLICE_NOTIFIED,PRIM_CONTRIBUTORY_CAUSE,SEC_CONTRIBUTORY_CAUSE,STREET_NO,STREET_DIRECTION,STREET_NAME,BEAT_OF_OCCURRENCE,PHOTOS_TAKEN_I,STATEMENTS_TAKEN_I,DOORING_I,WORK_ZONE_I,WORK_ZONE_TYPE,WORKERS_PRESENT_I,NUM_UNITS,MOST_SEVERE_INJURY,INJURIES_TOTAL,INJURIES_FATAL,INJURIES_INCAPACITATING,INJURIES_NON_INCAPACITATING,INJURIES_REPORTED_NOT_EVIDENT,INJURIES_NO_INDICATION,INJURIES_UNKNOWN,CRASH_HOUR,CRASH_DAY_OF_WEEK,CRASH_MONTH,LATITUDE,LONGITUDE,LOCATION
8d9a644575b76d8f735484e4152002d0139a1d14350594ecb354584107c7bc7b68cc287bcf2b75ad920de27dbeb6bf5e43556a0059bb5ba2843d6cfa38e6e94d,,07/11/2025 11:20:00 AM,30,TRAFFIC SIGNAL,FUNCTIONING PROPERLY,CLEAR,DAYLIGHT,PEDALCYCLIST,T-INTERSECTION,,STRAIGHT AND LEVEL,DRY,NO DEFECTS,ON SCENE,INJURY AND / OR TOW DUE TO CRASH,Y,,Y,$500 OR LESS,07/11/2025 11:36:00 AM,FAILING TO YIELD RIGHT-OF-WAY,FAILING TO REDUCE SPEED TO AVOID CRASH,2600,S,HALSTED ST,913,,,,,,,2,NONINCAPACITATING INJURY,1,0,0,1,0,2,0,11,6,7,41.8452853968,-87.6465950786,POINT (-87.646595078608 41.845285396803)
9cb1ceae280b0bd8f285c0651c2f2613b1c201ca149d4f3123dfcd063f2a7d5c4bdfdd5271c647ac181d0714973f4d65abe810054d32128813d3a991c3fab7f7,,07/11/2025 11:20:00 AM,15,NO CONTROLS,NO CONTROLS,CLEAR,DAYLIGHT,PARKED MOTOR VEHICLE,PARKING LOT,,STRAIGHT AND LEVEL,DRY,NO DEFECTS,ON SCENE,NO INJURY / DRIVE AWAY,,,,"$501 - $1,500",07/11/2025 11:20:00 AM,DRIVING SKILLS/KNOWLEDGE/EXPERIENCE,DRIVING SKILLS/KNOWLEDGE/EXPERIENCE,1642,W,59TH ST,715,,,,,,,2,NO INDICATION OF INJURY,0,0,0,0,0,2,0,11,6,7,41.7868368329,-87.6661381065,POINT (-87.666138106515 41.786836832914)
635e01ed9968dc16bd66a7855839a37e58047541cfbac58e53a7ab7c305e804accd6c0f86d42b4a511bac6362c4c7d9e856c459f829eee27734cfa5e2a055d68,,07/11/2025 11:11:00 AM,30,TRAFFIC SIGNAL,FUNCTIONING PROPERLY,UNKNOWN,DAYLIGHT,SIDESWIPE SAME DIRECTION,NOT DIVIDED,,STRAIGHT AND LEVEL,UNKNOWN,UNKNOWN,NOT ON SCENE (DESK REPORT),NO INJURY / DRIVE AWAY,,,Y,"$501 - $1,500",07/11/2025 01:00:00 PM,UNABLE TO DETERMINE,NOT APPLICABLE,1301,S,WESTERN AVE,1233,,,,,,,2,NO INDICATION OF INJURY,0,0,0,0,0,2,0,11,6,7,41.8647450693,-87.6858404547,POINT (-87.685840454681 41.864745069282)
728af8c948911f7a3eb98dd7959ab95851b04f62114272ca57ea3320553f19b7ed8cee72eb732540b043bef383daf73e236d62ca7cb8e2c20f535d7766b65245,,07/11/2025 11:00:00 AM,30,UNKNOWN,UNKNOWN,CLEAR,DAYLIGHT,PARKED MOTOR VEHICLE,DRIVEWAY,,STRAIGHT AND LEVEL,UNKNOWN,UNKNOWN,NOT ON SCENE (DESK REPORT),NO INJURY / DRIVE AWAY,,,,"$501 - $1,500",07/11/2025 02:40:00 PM,UNABLE TO DETERMINE,UNABLE TO DETERMINE,1013,S,LAFLIN ST,1231,,,,,,,2,NO INDICATION OF INJURY,0,0,0,0,0,1,0,11,6,7,41.8688358628,-87.6639157262,POINT (-87.663915726238 41.868835862835)
7dccee7630357d1ba16a341389debaf6b5726b53e03928793e3a8abe4e7b4fc10a5b2f7bbff4f2565a808947ba722628782846b31ca80a238107ce9ea746d020,,07/11/2025 11:00:00 AM,10,NO CONTROLS,NO CONTROLS,CLEAR,DAYLIGHT,PARKED MOTOR VEHICLE,PARKING LOT,,STRAIGHT AND LEVEL,DRY,NO DEFECTS,NOT ON SCENE (DESK REPORT),NO INJURY / DRIVE AWAY,,Y,Y,"OVER $1,500",07/11/2025 12:49:00 PM,DRIVING SKILLS/KNOWLEDGE/EXPERIENCE,UNABLE TO DETERMINE,87,W,87TH ST,634,,,,,,,2,NO INDICATION OF INJURY,0,0,0,0,0,1,0,11,6,7,41.7361451282,-87.626917844,POINT (-87.626917843973 41.736145128237)
9b1a3fde41a0a99ac144ba5895907b02fe5dde525fef9299f8bc255f7f4b73b33eb1c67e86a97f6f07246827113ac81df97ea3b8dd31fe8e244093cdbdd7bfc3,,07/11/2025 11:00:00 AM,30,STOP SIGN/FLASHER,FUNCTIONING PROPERLY,CLEAR,DAYLIGHT,TURNING,T-INTERSECTION,,STRAIGHT AND LEVEL,DRY,NO DEFECTS,NOT ON SCENE (DESK REPORT),NO INJURY / DRIVE AWAY,,,,$500 OR LESS,07/11/2025 04:24:00 PM,UNABLE TO DETERMINE,UNABLE TO DETERMINE,1,E,46TH ST,215,,,,,,,2,NO INDICATION OF INJURY,0,0,0,0,0,2,0,11,6,7,41.8109452966,-87.6260471529,POINT (-87.626047152913 41.810945296575)
9c7daab2b323d2c2fa1cd09700c60517f6b7ba4dac2db11ed07061ac4b60f95e7760fd892d4b583d668bea18438c994375790e7d1cd5b85e40a9543155a34ca0,,07/11/2025 11:00:00 AM,30,NO CONTROLS,NO CONTROLS,CLEAR,DAYLIGHT,PARKED MOTOR VEHICLE,PARKING LOT,,STRAIGHT AND LEVEL,DRY,NO DEFECTS,NOT ON SCENE (DESK REPORT),NO INJURY / DRIVE AWAY,,,Y,"OVER $1,500",07/11/2025 11:35:00 AM,UNABLE TO DETERMINE,NOT APPLICABLE,2242,N,KEDZIE BLVD,1413,,,,,,,2,NO INDICATION OF INJURY,0,0,0,0,0,1,0,11,6,7,41.9224189712,-87.7072924061,POINT (-87.707292406112 41.922418971236)
ab5542c65e15bf08e2b8be76faf4450b3f92bdc8a45002aaf5e2a6ae62f80794ccece0c215099d565bbc4d970c43f88acc7b81322c406c471ccd700ed9d17e15,,07/11/2025 11:00:00 AM,30,NO CONTROLS,NO CONTROLS,CLEAR,DAYLIGHT,PARKED MOTOR VEHICLE,NOT DIVIDED,,STRAIGHT AND LEVEL,DRY,UNKNOWN,NOT ON SCENE (DESK REPORT),NO INJURY / DRIVE AWAY,,,,"$501 - $1,500",07/11/2025 11:15:00 AM,FAILING TO REDUCE SPEED TO AVOID CRASH,UNABLE TO DETERMINE,1501,N,AUSTIN BLVD,2531,,,,,,,2,NO INDICATION OF INJURY,0,0,0,0,0,1,0,11,6,7,41.9075329866,-87.7753987046,POINT (-87.775398704604 41.907532986626)
5b70c0e5644695e3c7955aca88464f9a6a02bded8feb5d5e39a789b2e945f1152af27d5caebe9909af019f0d9b52d9711bba8ce31ac01f9f54a9c22fb486938c,,07/11/2025 10:45:00 AM,25,TRAFFIC SIGNAL,FUNCTIONING PROPERLY,CLEAR,DAYLIGHT,TURNING,"FIVE POINT, OR MORE",,STRAIGHT AND LEVEL,DRY,NO DEFECTS,ON SCENE,INJURY AND / OR TOW DUE TO CRASH,Y,,,"OVER $1,500",07/11/2025 10:48:00 AM,FAILING TO YIELD RIGHT-OF-WAY,DRIVING SKILLS/KNOWLEDGE/EXPERIENCE,3186,N,WESTERN AVE,1931,,,,,,,2,NO INDICATION OF INJURY,0,0,0,0,0,2,0,10,6,7,41.9394106783,-87.6883100592,POINT (-87.688310059226 41.939410678283)
5e6047d4d8df9cab97300cd11bd54bbbaa476f051b8657af652252fece2f2483e652d47bc2d27ce528a9d04b2ea950d8fa9d4105a3e923a411072c24328d5441,,07/11/2025 10:40:00 AM,30,NO CONTROLS,NO CONTROLS,CLEAR,DAYLIGHT,REAR END,NOT DIVIDED,,STRAIGHT AND LEVEL,DRY,NO DEFECTS,NOT ON SCENE (DESK REPORT),NO INJURY / DRIVE AWAY,,,,"OVER $1,500",07/11/2025 11:00:00 AM,FOLLOWING TOO CLOSELY,UNABLE TO DETERMINE,3900,S,WESTERN AVE,921,,,,,,,2,NO INDICATION OF INJURY,0,0,0,0,0,3,0,10,6,7,41.8229542941,-87.685012986,POINT (-87.685012986006 41.822954294114)
2c0762663704f7ceb24f5cc9ffa27f697f36d33b8a096f4c7473088e2a5ed17f2aa6f8c84917b4baf4c63eadd8c16be7256afe65b2349ca571c98149cc8d66a2,,07/11/2025 10:39:00 AM,30,NO CONTROLS,FUNCTIONING PROPERLY,CLEAR,DAYLIGHT,REAR END,NOT DIVIDED,,STRAIGHT AND LEVEL,WET,NO DEFECTS,ON SCENE,NO INJURY / DRIVE AWAY,,,,$500 OR LESS,07/11/2025 10:39:00 AM,FOLLOWING TOO CLOSELY,DRIVING SKILLS/KNOWLEDGE/EXPERIENCE,2,S,PULASKI RD,1115,,,,,,,2,NO INDICATION OF INJURY,0,0,0,0,0,3,0,10,6,7,41.8806769909,-87.7258161269,POINT (-87.725816126919 41.880676990874)
66ca18478e4345163ba719fc086a3b6fa4c280216de0a6c103431495a1942db15fe273439024305e31a8f6ffabe1353d64cebae9b1063239cb77f10f7db6d070,,07/11/2025 10:38:00 AM,25,NO CONTROLS,NO CONTROLS,CLEAR,DAYLIGHT,REAR END,NOT REPORTED,,STRAIGHT AND LEVEL,DRY,NO DEFECTS,NOT ON SCENE (DESK REPORT),NO INJURY / DRIVE AWAY,,,,"OVER $1,500",07/11/2025 10:50:00 AM,NOT APPLICABLE,NOT APPLICABLE,2354,W,DEVON AVE,2412,,,,,,,2,NO INDICATION OF INJURY,0,0,0,0,0,2,0,10,6,7,41.9978447948,-87.6896575688,POINT (-87.689657568778 41.997844794769)
1275444144a28efd8efa838374f9be8aefc909dd3a469c2207b2eea7966261fc8bb71ce79a69e7b6a808d10abc741333ac1c85e4d6dbdf9b6cfba8ab71336e4c,,07/11/2025 10:30:00 AM,30,TRAFFIC SIGNAL,FUNCTIONING PROPERLY,CLEAR,DAYLIGHT,REAR END,NOT DIVIDED,,STRAIGHT AND LEVEL,DRY,NO DEFECTS,ON SCENE,NO INJURY / DRIVE AWAY,,,Y,"OVER $1,500",07/11/2025 10:37:00 AM,FOLLOWING TOO CLOSELY,UNABLE TO DETERMINE,3001,W,FULLERTON AVE,1414,,,,,,,2,NO INDICATION OF INJURY,0,0,0,0,0,2,0,10,6,7,41.924651733,-87.7024324988,POINT (-87.702432498812 41.924651733008)
2bc3b8cc30509febf78b62758ab3bb69e0312d230eb22f15ffde921c2ab22895bf05102973b4dd94a53cdb4048448a3617860bbbabddb40cee79855a84509b71,,07/11/2025 10:30:00 AM,30,UNKNOWN,UNKNOWN,UNKNOWN,UNKNOWN,PEDALCYCLIST,NOT DIVIDED,,STRAIGHT AND LEVEL,UNKNOWN,UNKNOWN,NOT ON SCENE (DESK REPORT),INJURY AND / OR TOW DUE TO CRASH,,,,"OVER $1,500",07/14/2025 04:05:00 PM,UNABLE TO DETERMINE,UNABLE TO DETERMINE,1120,W,BELMONT AVE,1924,,,,,,,2,NONINCAPACITATING INJURY,1,0,0,1,0,1,0,10,6,7,41.9399707724,-87.6574416091,POINT (-87.657441609066 41.939970772388)
39d37af745a94766210a907fbfb627f210effca4851dd408b0ae426197f64262ca03bb4213f58da0cc67d31ebadc6abb8926ac11ddc90e75b11750373fd2b5a0,,07/11/2025 10:25:00 AM,30,NO CONTROLS,NO CONTROLS,CLEAR,DAYLIGHT,REAR END,NOT DIVIDED,,STRAIGHT AND LEVEL,WET,NO DEFECTS,ON SCENE,NO INJURY / DRIVE AWAY,Y,,,"OVER $1,500",07/11/2025 10:32:00 AM,FOLLOWING TOO CLOSELY,UNABLE TO DETERMINE,754,E,115TH ST,531,,,,,,,2,NO INDICATION OF INJURY,0,0,0,0,0,2,0,10,6,7,41.6858316915,-87.6037415057,POINT (-87.603741505707 41.685831691482)
3897afeb290b3f38a15a0c958704ae61af808b6b164ac7079eea532d393c72c92c171003c3697e4c602e55b1648547a7b8daf6379a430b4b9ecd739228f8ec27,,07/11/2025 10:12:00 AM,30,NO CONTROLS,NO CONTROLS,CLEAR,DAYLIGHT,SIDESWIPE OPPOSITE DIRECTION,NOT DIVIDED,,STRAIGHT AND LEVEL,WET,NO DEFECTS,ON SCENE,NO INJURY / DRIVE AWAY,,,Y,$500 OR LESS,07/11/2025 10:21:00 AM,FAILING TO YIELD RIGHT-OF-WAY,UNABLE TO DETERMINE,2441,N,KILPATRICK AVE,2521,,,,,,,2,NO INDICATION OF INJURY,0,0,0,0,0,3,0,10,6,7,41.9256028306,-87.7437664441,POINT (-87.743766444124 41.925602830623)
abab36bb77454cd7829a0fc7217c70ec7dc25b07007d97a872ac2fab591c62c5a6a43847b7b5e7caa8a76eee779acb63765616f1c43a201040cf03a8f8253de6,,07/11/2025 10:09:00 AM,30,NO CONTROLS,NO CONTROLS,CLEAR,DAYLIGHT,PEDALCYCLIST,ALLEY,,STRAIGHT AND LEVEL,DRY,NO DEFECTS,NOT ON SCENE (DESK REPORT),NO INJURY / DRIVE AWAY,,,Y,$500 OR LESS,07/11/2025 10:50:00 AM,FAILING TO YIELD RIGHT-OF-WAY,FAILING TO YIELD RIGHT-OF-WAY,6245,N,BROADWAY,2433,,,,,,,2,NO INDICATION OF INJURY,0,0,0,0,0,2,0,10,6,7,41.9958896005,-87.6602980789,POINT (-87.660298078942 41.995889600499)
3bf5b637e0506d705f34348bb85bb6f4da29c81a78862ecec9e387c4cbc71332d3668ba82b3433033b14aa7b9964c940b4d254227658c42ec3cfcd231386305b,Y,07/11/2025 10:00:00 AM,30,NO CONTROLS,UNKNOWN,CLEAR,DAYLIGHT,TURNING,NOT DIVIDED,,STRAIGHT AND LEVEL,DRY,UNKNOWN,NOT ON SCENE (DESK REPORT),NO INJURY / DRIVE AWAY,Y,,,"$501 - $1,500",07/11/2025 11:00:00 AM,IMPROPER TURNING/NO SIGNAL,UNABLE TO DETERMINE,820,S,DAMEN AVE,1225,,,,,,,2,NO INDICATION OF INJURY,0,0,0,0,0,2,0,10,6,7,41.8708894961,-87.6765126502,POINT (-87.676512650226 41.870889496052)
4e2ec42fab309f30b76a56a8f4373b734dbea499ecb504cfbac850348e13223a31348deb122095f4e2ece4872916e2c5fe5a7d467581121ec84c5af9fc831a44,,07/11/2025 10:00:00 AM,30,NO CONTROLS,NO CONTROLS,CLEAR,DAYLIGHT,PEDALCYCLIST,NOT DIVIDED,,STRAIGHT AND LEVEL,DRY,NO DEFECTS,NOT ON SCENE (DESK REPORT),INJURY AND / OR TOW DUE TO CRASH,,,,"OVER $1,500",07/11/2025 12:00:00 PM,UNABLE TO DETERMINE,NOT APPLICABLE,1056,W,BELMONT AVE,1924,,,Y,,,,2,NONINCAPACITATING INJURY,1,0,0,1,0,1,0,10,6,7,41.9399854068,-87.6563946938,POINT (-87.656394693842 41.939985406835)
661048468ab69d5a5fbaf8f5cfe8e6bd4e74a7e274db58ec640061d82c834dfe8b1d5455c0131cb690e67532013d8f51dcb1e28592a6d15aac6f48b6be07c825,,07/11/2025 09:54:00 AM,30,OTHER,UNKNOWN,CLEAR,DAYLIGHT,SIDESWIPE SAME DIRECTION,NOT DIVIDED,,STRAIGHT AND LEVEL,UNKNOWN,UNKNOWN,NOT ON SCENE (DESK REPORT),INJURY AND / OR TOW DUE TO CRASH,Y,,,"OVER $1,500",07/11/2025 10:31:00 AM,UNABLE TO DETERMINE,UNABLE TO DETERMINE,7900,S,DAMEN AVE,611,,N,,,,,2,"REPORTED, NOT EVIDENT",2,0,0,0,2,1,0,9,6,7,41.7501823555,-87.6732788568,POINT (-87.673278856776 41.750182355465)
7ee9df895ec72a52e575cfcb2de9879f340da2558df97bb96f061dd0c12e410f608d5397cd8cba70a8ba29aa7ab39ccfd9210d32900602646cee430899d9ac8d,,07/11/2025 09:52:00 AM,30,NO CONTROLS,NO CONTROLS,CLEAR,DAYLIGHT,PEDALCYCLIST,DIVIDED - W/MEDIAN (NOT RAISED),,STRAIGHT AND LEVEL,DRY,UNKNOWN,ON SCENE,INJURY AND / OR TOW DUE TO CRASH,,,Y,"OVER $1,500",07/11/2025 09:55:00 AM,UNABLE TO DETERMINE,UNABLE TO DETERMINE,1410,N,MILWAUKEE AVE,1424,,,,,,,2,NONINCAPACITATING INJURY,1,0,0,1,0,1,0,9,6,7,41.907466285,-87.6731386858,POINT (-87.673138685839 41.907466285007)
65bede052d89594988af32fe99908cb1fa86c6da37843f4f0c7723490fe7831eee2251fd41e634b0a24f37236a24a616f06f22fec4071f4ccac3493855227c8a,,07/11/2025 09:42:00 AM,35,TRAFFIC SIGNAL,FUNCTIONING PROPERLY,CLEAR,DAYLIGHT,FIXED OBJECT,DIVIDED - W/MEDIAN (NOT RAISED),,STRAIGHT AND LEVEL,WET,UNKNOWN,ON SCENE,INJURY AND / OR TOW DUE TO CRASH,,,,"OVER $1,500",07/11/2025 11:10:00 AM,UNABLE TO DETERMINE,UNABLE TO DETERMINE,7400,S,WESTERN AVE,835,,,,,,,1,NO INDICATION OF INJURY,0,0,0,0,0,1,0,9,6,7,41.7591586022,-87.6832464073,POINT (-87.683246407317 41.759158602213)
94842dc0a28cafbe6fc49e0e5300054a90dc9a7e6031a9944feb248e4ccb0c5bbff056799f959d84e3eba02d891a3c8662ac032df73c2dcee7351778a8ea69a0,,07/11/2025 09:40:00 AM,30,NO CONTROLS,NO CONTROLS,RAIN,DAYLIGHT,PARKED MOTOR VEHICLE,ONE-WAY,,STRAIGHT AND LEVEL,WET,NO DEFECTS,NOT ON SCENE (DESK REPORT),INJURY AND / OR TOW DUE TO CRASH,,,Y,"OVER $1,500",07/11/2025 10:10:00 AM,UNABLE TO DETERMINE,UNABLE TO DETERMINE,5039,S,DAMEN AVE,931,,,,,,,2,NO INDICATION OF INJURY,0,0,0,0,0,1,0,9,6,7,41.8018919619,-87.6743796675,POINT (-87.674379667463 41.80189196188)
777b4d5e873f369b3b7fa9d4441dc5981e962a3e559ba655f7f246866aec9d39707c639d9592b202c9268ebea91dd9ab77d61e6defb200e94eb1733c59aedee6,,07/11/2025 09:30:00 AM,30,STOP SIGN/FLASHER,NO CONTROLS,UNKNOWN,DAYLIGHT,TURNING,T-INTERSECTION,,STRAIGHT AND LEVEL,UNKNOWN,UNKNOWN,NOT ON SCENE (DESK REPORT),NO INJURY / DRIVE AWAY,Y,,,"OVER $1,500",07/11/2025 10:00:00 AM,FAILING TO YIELD RIGHT-OF-WAY,FAILING TO REDUCE SPEED TO AVOID CRASH,4035,S,WALLACE ST,925,,,,,,,2,NO INDICATION OF INJURY,0,0,0,0,0,2,0,9,6,7,41.8206962075,-87.6408387752,POINT (-87.640838775209 41.820696207547)
b3384f6516051e439b4adfdae8059ed22f24649f482d314c60856da75cb0c504ed0dc651b38c94181fbd27d5f49fe94cc074113fd885b37a3bc4915107bdf487,,07/11/2025 09:25:00 AM,30,TRAFFIC SIGNAL,FUNCTIONING PROPERLY,CLOUDY/OVERCAST,DAYLIGHT,REAR END,CENTER TURN LANE,,STRAIGHT AND LEVEL,WET,NO DEFECTS,ON SCENE,INJURY AND / OR TOW DUE TO CRASH,,,,$500 OR LESS,07/11/2025 09:27:00 AM,WEATHER,NOT APPLICABLE,3927,S,HALSTED ST,925,,,,,,,2,"REPORTED, NOT EVIDENT",1,0,0,0,1,1,0,9,6,7,41.8226498801,-87.6457528338,POINT (-87.645752833779 41.822649880129)
bc46f6c65a8f1a62c9fb0774786547827aea9f980c56493274fb617aeda219aab25b1b5b2fe1d011abd22780064d07b57ce19692890567b0fc2897f01e741dbe,,07/11/2025 09:23:00 AM,30,TRAFFIC SIGNAL,FUNCTIONING PROPERLY,CLOUDY/OVERCAST,DAYLIGHT,TURNING,RAMP,,STRAIGHT AND LEVEL,WET,NO DEFECTS,ON SCENE,NO INJURY / DRIVE AWAY,Y,,,"OVER $1,500",07/11/2025 09:30:00 AM,IMPROPER OVERTAKING/PASSING,UNABLE TO DETERMINE,3199,N,LAKE SHORE DR SB,1934,,,,,,,2,NO INDICATION OF INJURY,0,0,0,0,0,2,0,9,6,7,41.9404661667,-87.6380672871,POINT (-87.638067287063 41.940466166652)
8fb645f40716f622d1d8916f4eee8a584661ec6cd7c4999819ef42c6e05c76f8fb3e672d635243cc4b8e74c8bb7242e56ee1ff1ded4984074e40ad2740859714,Y,07/11/2025 09:00:00 AM,30,UNKNOWN,UNKNOWN,UNKNOWN,UNKNOWN,PARKED MOTOR VEHICLE,NOT DIVIDED,,STRAIGHT AND LEVEL,UNKNOWN,UNKNOWN,NOT ON SCENE (DESK REPORT),NO INJURY / DRIVE AWAY,,,,"OVER $1,500",07/14/2025 08:15:00 PM,UNABLE TO DETERMINE,UNABLE TO DETERMINE,640,W,GRACE ST,1925,,,,,,,2,NO INDICATION OF INJURY,0,0,0,0,0,1,0,9,6,7,41.9520657068,-87.6466286679,POINT (-87.646628667945 41.952065706791)
a6109af24b5d7495213fa877c1c04dedc393cbd5454cfcc3f4d17232ae18fb69fde3e6502ec950d0797e912cf8b23217a50ee63ead2db7a7a559aeb4518acc52,,07/11/2025 09:00:00 AM,30,TRAFFIC SIGNAL,FUNCTIONING PROPERLY,CLEAR,DAYLIGHT,REAR END,NOT DIVIDED,,STRAIGHT AND LEVEL,DRY,NO DEFECTS,NOT ON SCENE (DESK REPORT),NO INJURY / DRIVE AWAY,Y,,Y,"$501 - $1,500",07/12/2025 11:08:00 AM,UNABLE TO DETERMINE,UNABLE TO DETERMINE,6900,S,INDIANA AVE,322,,,,,,,2,NO INDICATION OF INJURY,0,0,0,0,0,2,0,9,6,7,41.7692004107,-87.6203568776,POINT (-87.620356877576 41.769200410735)
d14282640030636ae3c6651510b7808b978bc58f3bba09825190556a51e74ab56ac892cba98223821d06c02bb62365cc13c294e1faf3a7be1ef3a13cc60bfdff,,07/11/2025 09:00:00 AM,30,NO CONTROLS,NO CONTROLS,CLEAR,DAYLIGHT,REAR END,DIVIDED - W/MEDIAN BARRIER,,STRAIGHT AND LEVEL,DRY,UNKNOWN,NOT ON SCENE (DESK REPORT),NO INJURY / DRIVE AWAY,,,Y,$500 OR LESS,07/11/2025 09:50:00 PM,UNABLE TO DETERMINE,UNABLE TO DETERMINE,335,N,MICHIGAN AVE,114,,,,,,,2,NO INDICATION OF INJURY,0,0,0,0,0,2,0,9,6,7,41.8875844128,-87.6244077755,POINT (-87.624407775527 41.887584412825)
a2e8f0c12cb215a7937c080a19cd7cab579d5330d7d351ed2ef1b6a3f0d303826473638fc0f07f97d3ea121da84c4eacaa36265163f1c769d6d29d1501a40a3b,,07/11/2025 08:50:00 AM,20,NO CONTROLS,NO CONTROLS,RAIN,DAYLIGHT,ANGLE,DRIVEWAY,,STRAIGHT AND LEVEL,WET,UNKNOWN,NOT ON SCENE (DESK REPORT),NO INJURY / DRIVE AWAY,,,,"$501 - $1,500",07/11/2025 10:15:00 AM,UNABLE TO DETERMINE,UNABLE TO DETERMINE,1235,N,NOBLE ST,1433,,,,,,,2,NO INDICATION OF INJURY,0,0,0,0,0,2,0,8,6,7,41.9043843692,-87.6624945114,POINT (-87.662494511397 41.904384369181)
ae34146f66da2b52ca067df0541e879cf565e8ff3b35ebb4c81d952aa6d802c326c376cd179b88f16799611eeefed4b2b46d1608097770f31a15e25c2ff005cf,,07/11/2025 08:50:00 AM,30,NO CONTROLS,NO CONTROLS,CLEAR,DAYLIGHT,SIDESWIPE SAME DIRECTION,DIVIDED - W/MEDIAN (NOT RAISED),,STRAIGHT AND LEVEL,DRY,NO DEFECTS,NOT ON SCENE (DESK REPORT),NO INJURY / DRIVE AWAY,,,,"OVER $1,500",07/11/2025 09:15:00 AM,UNABLE TO DETERMINE,UNABLE TO DETERMINE,5707,N,ORIOLE AVE,1612,,,,,,,2,NO INDICATION OF INJURY,0,0,0,0,0,2,0,8,6,7,41.9837685359,-87.8166887073,POINT (-87.816688707253 41.983768535897)
27af77daab1ef4283680711a50d701a64481fc86650d6db9caf948bb5f92aa89350b13cd185dcd27a9c77baffafc0a96fbaf1785699e9f2fdc5e0a20153a7879,,07/11/2025 08:20:00 AM,30,NO CONTROLS,NO CONTROLS,CLOUDY/OVERCAST,DAYLIGHT,REAR END,NOT DIVIDED,,STRAIGHT AND LEVEL,UNKNOWN,NO DEFECTS,ON SCENE,INJURY AND / OR TOW DUE TO CRASH,,,,"OVER $1,500",07/11/2025 08:37:00 AM,UNABLE TO DETERMINE,NOT APPLICABLE,2129,N,KOSTNER AVE,2522,,,,,,,2,"REPORTED, NOT EVIDENT",1,0,0,0,1,1,0,8,6,7,41.9197433242,-87.7362572831,POINT (-87.736257283072 41.919743324181)
1eeec531fb0ea1103026fd5c727ee85bfa990143cedd484674469c4a4dfc1f7437732cd6a190f5d09dcc02fe590237da87c39b6b9ed6beb9829873f8ad845bf2,,07/11/2025 08:11:00 AM,25,NO CONTROLS,NO CONTROLS,CLEAR,DAYLIGHT,PARKED MOTOR VEHICLE,NOT DIVIDED,,STRAIGHT AND LEVEL,WET,NO DEFECTS,ON SCENE,NO INJURY / DRIVE AWAY,,,Y,"OVER $1,500",07/11/2025 08:31:00 AM,UNABLE TO DETERMINE,DRIVING SKILLS/KNOWLEDGE/EXPERIENCE,5554,W,SCHOOL ST,1633,,,,,,,2,NO INDICATION OF INJURY,0,0,0,0,0,2,0,8,6,7,41.9405154263,-87.7662922534,POINT (-87.766292253368 41.940515426305)
f2c88020f133d541ab90e05d2f12cb4baa0c53edb9c69805b9f1e0616708b01b2d585b3794a34bb44192177892f87e71c9fc9e37cc24b5be3061dbfd5ebdd105,,07/11/2025 08:10:00 AM,40,NO CONTROLS,NO CONTROLS,CLEAR,DAYLIGHT,REAR END,DIVIDED - W/MEDIAN BARRIER,,STRAIGHT ON HILLCREST,WET,WORN SURFACE,ON SCENE,INJURY AND / OR TOW DUE TO CRASH,,,,"OVER $1,500",07/11/2025 08:40:00 AM,UNABLE TO DETERMINE,UNABLE TO DETERMINE,4800,N,LAKE SHORE DR NB,2024,,,,,,,2,NO INDICATION OF INJURY,0,0,0,0,0,1,0,8,6,7,41.9694086179,-87.6483172637,POINT (-87.648317263699 41.969408617919)
73a7fdd6bd61d79a40c67a253c96784e2266320044d2993b56923b3da6d49fc853d8e5456eaf6ebad5fbd7221aa6690855c38b14b347b4ad9e43e506f63437aa,,07/11/2025 08:06:00 AM,30,STOP SIGN/FLASHER,FUNCTIONING PROPERLY,RAIN,DAYLIGHT,ANGLE,FOUR WAY,,STRAIGHT AND LEVEL,WET,NO DEFECTS,ON SCENE,INJURY AND / OR TOW DUE TO CRASH,Y,,,"OVER $1,500",07/11/2025 08:06:00 AM,DISREGARDING STOP SIGN,UNABLE TO DETERMINE,10060,S,LUELLA AVE,431,,,,,,,2,"REPORTED, NOT EVIDENT",1,0,0,0,1,1,0,8,6,7,41.7117503266,-87.5683351583,POINT (-87.568335158339 41.711750326619)