CRASH_RECORD_ID,CRASH_DATE_EST_I,CRASH_DATE,POSTED_SPEED_LIMIT,TRAFFIC_CONTROL_DEVICE,DEVICE_CONDITION,WEATHER_CONDITION,LIGHTING_CONDITION,FIRST_CRASH_TYPE,TRAFFICWAY_TYPE,LANE_CNT,ALIGNMENT,ROADWAY_SURFACE_COND,ROAD_DEFECT,REPORT_TYPE,CRASH_TYPE,INTERSECTION_RELATED_I,NOT_RIGHT_OF_WAY_I,HIT_AND_RUN_I,DAMAGE,DATE_POLICE_NOTIFIED,PRIM_CONTRIBUTORY_CAUSE,SEC_CONTRIBUTORY_CAUSE,STREET_NO,STREET_DIRECTION,STREET_NAME,BEAT_OF_OCCURRENCE,PHOTOS_TAKEN_I,STATEMENTS_TAKEN_I,DOORING_I,WORK_ZONE_I,WORK_ZONE_TYPE,WORKERS_PRESENT_I,NUM_UNITS,MOST_SEVERE_INJURY,INJURIES_TOTAL,INJURIES_FATAL,INJURIES_INCAPACITATING,INJURIES_NON_INCAPACITATING,INJURIES_REPORTED_NOT_EVIDENT,INJURIES_NO_INDICATION,INJURIES_UNKNOWN,CRASH_HOUR,CRASH_DAY_OF_WEEK,CRASH_MONTH,LATITUDE,LONGITUDE,LOCATION
6a86f512d6c89ace4c1c266bf63e8a0557cb2b22d5ce5d4e2fc6a0ac4371e70be9607a271b47a21774701e947fed8031e3276f5ecd69b62f13080343954987f6,,07/11/2025 08:03:00 AM,30,NO CONTROLS,NO CONTROLS,CLEAR,DAYLIGHT,REAR END,DIVIDED - W/MEDIAN (NOT RAISED),,STRAIGHT AND LEVEL,WET,NO DEFECTS,NOT ON SCENE (DESK REPORT),NO INJURY / DRIVE AWAY,,,,"OVER $1,500",07/11/2025 10:00:00 AM,FOLLOWING TOO CLOSELY,UNABLE TO DETERMINE,1468,W,ADAMS ST,1224,,,,,,,2,NO INDICATION OF INJURY,0,0,0,0,0,2,0,8,6,7,41.8790500212,-87.6642335517,POINT (-87.664233551701 41.87905002121)
22ac5af50bfe1b927a329c410479c8b9973c9c7b70c427dfa2b93b58f7f04f91c453ddf6bf4485a46f96a4602158296d7be3f5c51e79b851d9d5f5611b814c7a,,07/11/2025 08:00:00 AM,30,NO CONTROLS,NO CONTROLS,CLEAR,DAYLIGHT,REAR END,NOT DIVIDED,,STRAIGHT AND LEVEL,WET,NO DEFECTS,ON SCENE,INJURY AND / OR TOW DUE TO CRASH,,,,"OVER $1,500",07/11/2025 08:01:00 AM,ROAD ENGINEERING/SURFACE/MARKING DEFECTS,ROAD ENGINEERING/SURFACE/MARKING DEFECTS,3023,W,MONTROSE AVE,1724,,,,,,,2,NONINCAPACITATING INJURY,1,0,0,1,0,2,0,8,6,7,41.9611035628,-87.7044304974,POINT (-87.704430497354 41.961103562797)
284bd6e9d5db816a0bb60d435e6eb3f64ac3c164ff4287d11482e2758a29279f6e9b237a58229bf4415f8b68cd9993171086237d9b78d5159bd99bed80614248,,07/11/2025 08:00:00 AM,30,NO CONTROLS,NO CONTROLS,CLOUDY/OVERCAST,DAYLIGHT,SIDESWIPE SAME DIRECTION,NOT DIVIDED,,STRAIGHT AND LEVEL,DRY,NO DEFECTS,,NO INJURY / DRIVE AWAY,,,,"OVER $1,500",07/11/2025 08:20:00 AM,UNABLE TO DETERMINE,NOT APPLICABLE,500,W,MADISON ST,121,,,,,,,2,NO INDICATION OF INJURY,0,0,0,0,0,2,0,8,6,7,41.8819943382,-87.6397586849,POINT (-87.639758684881 41.881994338205)
3d13471ed7e9976502bd85b2432396ad2eb20d09ed32885ba2711a655701e0d81654d6ed1a884466c71cf239b610193b49d53e8b64c8ab67d095414a7cefbe2e,,07/11/2025 08:00:00 AM,30,TRAFFIC SIGNAL,FUNCTIONING PROPERLY,CLOUDY/OVERCAST,DAYLIGHT,SIDESWIPE SAME DIRECTION,NOT DIVIDED,,STRAIGHT AND LEVEL,WET,NO DEFECTS,NOT ON SCENE (DESK REPORT),NO INJURY / DRIVE AWAY,,,,"OVER $1,500",07/11/2025 08:00:00 AM,UNABLE TO DETERMINE,NOT APPLICABLE,1530,E,59TH ST,235,,,,,,,2,NO INDICATION OF INJURY,0,0,0,0,0,2,0,8,6,7,41.7879991157,-87.58768993,POINT (-87.58768993003 41.787999115735)
69ae800ec045beb0f3304f986a4c8d87d36867e8fdfb6a137cde45f76167d418ebda0ba445947d71dac23c2ff862fe0554e6cf147a3a3afdb60656a30492c491,,07/11/2025 08:00:00 AM,30,NO CONTROLS,NO CONTROLS,CLEAR,DAYLIGHT,PARKED MOTOR VEHICLE,CENTER TURN LANE,,STRAIGHT AND LEVEL,DRY,NO DEFECTS,NOT ON SCENE (DESK REPORT),NO INJURY / DRIVE AWAY,,,Y,"$501 - $1,500",07/11/2025 10:50:00 PM,UNABLE TO DETERMINE,UNABLE TO DETERMINE,3010,W,55TH ST,923,,,,,,,2,NO INDICATION OF INJURY,0,0,0,0,0,1,0,8,6,7,41.7937049222,-87.6991650469,POINT (-87.699165046933 41.793704922174)
a7b4c010c7d8d4480f377cd6ab878b9e4eb8688fed40696a8fc2f2e88dec64ae228a7615d6cc37ecb24058b9dc9135b64b318cbfdbe87c51217099a2a3d8ec8c,,07/11/2025 08:00:00 AM,40,NO CONTROLS,NO CONTROLS,CLOUDY/OVERCAST,DAYLIGHT,REAR END,DIVIDED - W/MEDIAN BARRIER,,STRAIGHT ON HILLCREST,DRY,NO DEFECTS,ON SCENE,INJURY AND / OR TOW DUE TO CRASH,,,,"OVER $1,500",07/11/2025 08:00:00 AM,"EVASIVE ACTION DUE TO ANIMAL, OBJECT, NONMOTORIST",FAILING TO REDUCE SPEED TO AVOID CRASH,4801,N,LAKE SHORE DR NB,2024,,,,,,,2,NONINCAPACITATING INJURY,1,0,0,1,0,1,0,8,6,7,41.9694777643,-87.6477817456,POINT (-87.647781745609 41.969477764349)
6a92502ae9fda20e654c20ea567cae7f93aefc45b3827a884f498ff46c8d2d0d7d167022d8a7c06bdfb91eec3224f4ded308e3e27024589859fca54c3ee4bd4c,,07/11/2025 07:48:00 AM,30,STOP SIGN/FLASHER,FUNCTIONING PROPERLY,CLOUDY/OVERCAST,DAYLIGHT,ANGLE,FOUR WAY,,STRAIGHT AND LEVEL,WET,NO DEFECTS,NOT ON SCENE (DESK REPORT),NO INJURY / DRIVE AWAY,Y,,,"OVER $1,500",07/11/2025 08:50:00 AM,UNABLE TO DETERMINE,HAD BEEN DRINKING (USE WHEN ARREST IS NOT MADE),1851,W,OGDEN AVE,1231,,,,,,,2,NO INDICATION OF INJURY,0,0,0,0,0,3,0,7,6,7,41.8756287478,-87.6727951744,POINT (-87.672795174359 41.875628747846)
b3f16128b07cd9df33218d046ba9092d32a06e46cd2573fa21d10448d4c8b19acf3e25ac4eece48c33a21789e4e10817f54109ba959eac4a0a97d57c8dcf5bd3,,07/11/2025 07:45:00 AM,35,NO CONTROLS,NO CONTROLS,RAIN,DAYLIGHT,PARKED MOTOR VEHICLE,DIVIDED - W/MEDIAN BARRIER,,STRAIGHT AND LEVEL,WET,NO DEFECTS,ON SCENE,INJURY AND / OR TOW DUE TO CRASH,,,,"OVER $1,500",07/11/2025 08:04:00 AM,FAILING TO REDUCE SPEED TO AVOID CRASH,DRIVING SKILLS/KNOWLEDGE/EXPERIENCE,3101,W,79TH ST,835,,Y,,,,,2,NONINCAPACITATING INJURY,2,0,0,2,0,2,0,7,6,7,41.7496245044,-87.7000126591,POINT (-87.700012659057 41.749624504358)
16b0a146a8ece48ca775aa170077bcd86507167b2f21e4e3f7dd7e07aaa605724729c1ddc518f31880424274c202db5120ac0f011a5712afc03c59deef7fa672,,07/11/2025 07:44:00 AM,40,NO CONTROLS,NO CONTROLS,RAIN,DAYLIGHT,SIDESWIPE SAME DIRECTION,OTHER,,STRAIGHT AND LEVEL,WET,NO DEFECTS,ON SCENE,INJURY AND / OR TOW DUE TO CRASH,,,,"OVER $1,500",07/11/2025 07:44:00 AM,WEATHER,UNABLE TO DETERMINE,1000,N,LAKE SHORE DR NB,1824,,,,,,,2,NO INDICATION OF INJURY,0,0,0,0,0,2,0,7,6,7,41.9009589191,-87.6199281737,POINT (-87.619928173678 41.900958919109)
a08aa53790555a15d37d9adcca6f9f8a19b21581023f33dc123c6f35c385066bd81c28cc954ccee01796b38b8cf7db2c3b86fbc7e5b73f8be219d4257afb096e,,07/11/2025 07:31:00 AM,40,NO CONTROLS,NO CONTROLS,OTHER,DAYLIGHT,SIDESWIPE SAME DIRECTION,DIVIDED - W/MEDIAN BARRIER,,CURVE ON GRADE,WET,NO DEFECTS,ON SCENE,INJURY AND / OR TOW DUE TO CRASH,,,,"$501 - $1,500",07/11/2025 07:55:00 AM,WEATHER,WEATHER,1001,N,LAKE SHORE DR NB,1824,,,,,,,2,"REPORTED, NOT EVIDENT",1,0,0,0,1,1,0,7,6,7,41.9011654159,-87.6195823059,POINT (-87.619582305888 41.901165415908)
6563410eb59fdd38622f9489eb70e3b70768d2ca0c669ee369de63fb8534e8dec82aa446e2bfbac3000d44fb44f72db62cacb0a1495093f4ca9f178c1c732ef2,,07/11/2025 07:30:00 AM,30,TRAFFIC SIGNAL,FUNCTIONING PROPERLY,RAIN,DAYLIGHT,REAR END,NOT DIVIDED,,STRAIGHT AND LEVEL,WET,NO DEFECTS,NOT ON SCENE (DESK REPORT),NO INJURY / DRIVE AWAY,,,,"OVER $1,500",07/11/2025 08:16:00 AM,UNABLE TO DETERMINE,NOT APPLICABLE,501,S,CENTRAL AVE,1522,,,,,,,2,NO INDICATION OF INJURY,0,0,0,0,0,2,0,7,6,7,41.8737803817,-87.7644761269,POINT (-87.764476126893 41.873780381656)
1493310a710080fc68c1e11885d809a26539f5a289fa0c04870e1d1e6d57e77d28d99c9874ac82dc7f2e090e1774ab6abc37ce293ad636e4cc624232d27d693f,,07/11/2025 07:21:00 AM,40,NO CONTROLS,NO CONTROLS,CLEAR,DAYLIGHT,ANGLE,DIVIDED - W/MEDIAN BARRIER,,STRAIGHT AND LEVEL,DRY,NO DEFECTS,,NO INJURY / DRIVE AWAY,,,Y,$500 OR LESS,07/11/2025 07:31:00 AM,"OPERATING VEHICLE IN ERRATIC, RECKLESS, CARELESS, NEGLIGENT OR AGGRESSIVE MANNER",UNABLE TO DETERMINE,1580,N,LAKE SHORE DR,1824,,,,,,,2,NO INDICATION OF INJURY,0,0,0,0,0,2,0,7,6,7,41.9111289945,-87.6264338769,POINT (-87.626433876854 41.911128994489)
c227f572552b9009a7fd0e425e0dbd7697c078859d2e187ea06c682003b52d5eebc178ce95a52c633e208f2fc84300fb5d3784f1727b5dd35e94ce6b3caf4802,,07/11/2025 07:20:00 AM,30,NO CONTROLS,NO CONTROLS,CLEAR,DAYLIGHT,TURNING,ONE-WAY,,STRAIGHT AND LEVEL,DRY,NO DEFECTS,ON SCENE,INJURY AND / OR TOW DUE TO CRASH,,,,"OVER $1,500",07/11/2025 07:40:00 AM,NOT APPLICABLE,NOT APPLICABLE,5615,W,SCHOOL ST,1633,,,,,,,2,"REPORTED, NOT EVIDENT",1,0,0,0,1,2,0,7,6,7,41.9402825391,-87.7672109325,POINT (-87.767210932528 41.940282539146)
adc8e5b9eb66c1f40dcb9c6e88ea05283c5bb514634d684c87278bb7caedc1e55b14464efc59017366f47ac6d5d476bd511fc2d162ae8dce00c2785379be7a32,,07/11/2025 07:15:00 AM,15,NO CONTROLS,NO CONTROLS,CLEAR,DAYLIGHT,PARKED MOTOR VEHICLE,PARKING LOT,,STRAIGHT AND LEVEL,DRY,NO DEFECTS,NOT ON SCENE (DESK REPORT),NO INJURY / DRIVE AWAY,,,,"OVER $1,500",07/12/2025 07:40:00 AM,UNABLE TO DETERMINE,NOT APPLICABLE,7101,S,STONY ISLAND AVE,324,,,,,,,2,NO INDICATION OF INJURY,0,0,0,0,0,2,0,7,6,7,41.7659368587,-87.5857724234,POINT (-87.585772423353 41.765936858728)
794e804603f3559e6a0a47e65b43593777ecc39cc68ff2779c1f6591e7ee4564799386277196388db10ac6898d04cc85639710485df3145294c26978a6af9f66,,07/11/2025 07:13:00 AM,20,STOP SIGN/FLASHER,FUNCTIONING PROPERLY,RAIN,DAYLIGHT,REAR END,FOUR WAY,,STRAIGHT AND LEVEL,WET,NO DEFECTS,,NO INJURY / DRIVE AWAY,,,Y,"OVER $1,500",07/11/2025 07:35:00 AM,FAILING TO REDUCE SPEED TO AVOID CRASH,UNABLE TO DETERMINE,9400,S,COLFAX AVE,423,,,,,,,2,NO INDICATION OF INJURY,0,0,0,0,0,2,0,7,6,7,41.7244393936,-87.5609126022,POINT (-87.560912602206 41.724439393625)
2cc1215f2fd1c68dae0ba425c50e792e6d9dffa1d68ae6cd0ac4db98d1de9ea7460b5c4ad02e68e38ba1d2eeb0f1b36455b0c04ce460e72814d756dfe619c39d,,07/11/2025 07:10:00 AM,30,TRAFFIC SIGNAL,FUNCTIONING PROPERLY,CLEAR,DAYLIGHT,REAR END,FOUR WAY,,STRAIGHT AND LEVEL,DRY,NO DEFECTS,NOT ON SCENE (DESK REPORT),NO INJURY / DRIVE AWAY,,,,"OVER $1,500",07/11/2025 04:00:00 PM,UNABLE TO DETERMINE,UNABLE TO DETERMINE,1001,S,ASHLAND AVE,1231,,,,,,,2,NO INDICATION OF INJURY,0,0,0,0,0,4,0,7,6,7,41.8692258431,-87.666313066,POINT (-87.666313065961 41.869225843105)
a4b7c261c4f61c556079f00cb11e87cc459a240609f41d4f30353303ce4e412320c9ead683e622c42c53aaf99c0598b1023e8b26d62d8121c491318108183873,,07/11/2025 07:10:00 AM,40,NO CONTROLS,NO CONTROLS,UNKNOWN,UNKNOWN,SIDESWIPE SAME DIRECTION,DIVIDED - W/MEDIAN BARRIER,,STRAIGHT AND LEVEL,UNKNOWN,UNKNOWN,,NO INJURY / DRIVE AWAY,,,,"OVER $1,500",07/11/2025 08:35:00 AM,UNABLE TO DETERMINE,NOT APPLICABLE,901,N,LAKE SHORE DR NB,1833,,,,,,,4,NO INDICATION OF INJURY,0,0,0,0,0,4,0,7,6,7,41.899442359,-87.6182915273,POINT (-87.618291527321 41.899442359019)
1b6ff7b4f20e4ab380345fa4227400651f8eeca33ceddbdaa70a46ec926feeaa76ee80a3e89c4dd2bf690addf2badf3cb1ce74b13d0b8fe6610ebdfad849b591,,07/11/2025 07:05:00 AM,30,TRAFFIC SIGNAL,FUNCTIONING PROPERLY,CLEAR,DAYLIGHT,TURNING,FOUR WAY,,STRAIGHT AND LEVEL,DRY,NO DEFECTS,,INJURY AND / OR TOW DUE TO CRASH,Y,,,"OVER $1,500",07/11/2025 10:45:00 AM,IMPROPER TURNING/NO SIGNAL,IMPROPER OVERTAKING/PASSING,5625,N,BROADWAY,2022,,,,,,,2,"REPORTED, NOT EVIDENT",1,0,0,0,1,1,0,7,6,7,41.9844021603,-87.6599455597,POINT (-87.659945559696 41.984402160261)
d46271e45a313fd4c9beea81179d6d1d0e9a3fd6041461a91cfe11599aeb6a03652350a1b5aa090209d9997763d2d1991ffac5d25dd0928e3fded7f87bbfe830,,07/11/2025 07:02:00 AM,25,NO CONTROLS,NO CONTROLS,CLOUDY/OVERCAST,DAYLIGHT,SIDESWIPE SAME DIRECTION,DIVIDED - W/MEDIAN (NOT RAISED),,STRAIGHT AND LEVEL,DRY,NO DEFECTS,ON SCENE,NO INJURY / DRIVE AWAY,,,Y,$500 OR LESS,07/11/2025 07:04:00 AM,DRIVING SKILLS/KNOWLEDGE/EXPERIENCE,UNABLE TO DETERMINE,3952,N,ASHLAND AVE,1922,,,,,,,2,NO INDICATION OF INJURY,0,0,0,0,0,2,0,7,6,7,41.9539779959,-87.6691863077,POINT (-87.669186307727 41.953977995883)
3f176364615d09f4c109cb32b06b1f9a06277c8a5329da54fc9bc04fdec6c3b4b2551d2b1578162e6c1b7df33fa22c508cd7b8164269e36724473a4a02dfb356,,07/11/2025 07:00:00 AM,30,TRAFFIC SIGNAL,FUNCTIONING PROPERLY,RAIN,DAYLIGHT,REAR END,NOT DIVIDED,,STRAIGHT AND LEVEL,WET,NO DEFECTS,NOT ON SCENE (DESK REPORT),NO INJURY / DRIVE AWAY,,,,"OVER $1,500",07/11/2025 07:40:00 AM,FOLLOWING TOO CLOSELY,UNABLE TO DETERMINE,3601,S,WESTERN AVE,911,,,,,,,3,NO INDICATION OF INJURY,0,0,0,0,0,3,0,7,6,7,41.8283866573,-87.6848285987,POINT (-87.68482859871 41.828386657286)
9564ea23871d59f68e1dcbb5d263a3e50041ac297b912064f1c72a16fe674a41e3168e256eb9815b78ab478ab532f4d436406f23b4c157e772f6f9b6cccfc9a6,,07/11/2025 07:00:00 AM,30,TRAFFIC SIGNAL,FUNCTIONING PROPERLY,CLOUDY/OVERCAST,DAYLIGHT,REAR END,DIVIDED - W/MEDIAN (NOT RAISED),,STRAIGHT AND LEVEL,WET,UNKNOWN,NOT ON SCENE (DESK REPORT),NO INJURY / DRIVE AWAY,Y,,Y,"OVER $1,500",07/11/2025 07:50:00 AM,FAILING TO REDUCE SPEED TO AVOID CRASH,UNABLE TO DETERMINE,4758,W,DIVERSEY AVE,2521,,,,,,,2,NO INDICATION OF INJURY,0,0,0,0,0,2,0,7,6,7,41.9316436736,-87.7465341789,POINT (-87.746534178949 41.931643673553)
f847c75cf063ff1b5b8e00d5da1f1041670b55829bc4eb29d0dbf1f0974ab615dbdabe1a594065a144122ae7eae0a0390e0197b657f1dfbdb3102c661717ee71,,07/11/2025 07:00:00 AM,30,TRAFFIC SIGNAL,FUNCTIONING PROPERLY,CLEAR,DAYLIGHT,REAR END,DIVIDED - W/MEDIAN (NOT RAISED),,STRAIGHT AND LEVEL,DRY,UNKNOWN,NOT ON SCENE (DESK REPORT),NO INJURY / DRIVE AWAY,N,,Y,"OVER $1,500",07/11/2025 04:00:00 PM,FOLLOWING TOO CLOSELY,NOT APPLICABLE,9954,S,TORRENCE AVE,431,,,,,,,2,NO INDICATION OF INJURY,0,0,0,0,0,2,0,7,6,7,41.7136761921,-87.5598984423,POINT (-87.559898442263 41.713676192092)
0e647bce730eefc89abf6e90401e526737ac01e5b1e5320b69c50fbba1c931ef8af15da68b3ecf22e959ae9c3ad2aca199ed315f9db62440c19f980a4f114b29,,07/11/2025 06:58:00 AM,30,OTHER,FUNCTIONING PROPERLY,RAIN,DAYLIGHT,TURNING,OTHER,,STRAIGHT AND LEVEL,WET,NO DEFECTS,NOT ON SCENE (DESK REPORT),NO INJURY / DRIVE AWAY,,,,"$501 - $1,500",07/11/2025 07:50:00 AM,IMPROPER LANE USAGE,UNABLE TO DETERMINE,2601,W,LOGAN BLVD,1431,,,,Y,CONSTRUCTION,Y,2,NO INDICATION OF INJURY,0,0,0,0,0,2,0,6,6,7,41.9283984001,-87.6927183433,POINT (-87.692718343338 41.928398400075)
e3346000d09839fb93106350b10cf60c6d728501dfd04fcfda82a2d7850a0e0c5e6c5802bd7bd705826125fad01448ddaae540cb2937b5ef57a92e57e7535e80,,07/11/2025 06:51:00 AM,30,NO CONTROLS,NO CONTROLS,CLOUDY/OVERCAST,DAYLIGHT,TURNING,NOT DIVIDED,,STRAIGHT AND LEVEL,WET,NO DEFECTS,ON SCENE,NO INJURY / DRIVE AWAY,,N,,"OVER $1,500",07/11/2025 06:58:00 AM,IMPROPER TURNING/NO SIGNAL,NOT APPLICABLE,2406,W,24TH ST,1034,,,,,,,2,NO INDICATION OF INJURY,0,0,0,0,0,3,0,6,6,7,41.8485046412,-87.6858692816,POINT (-87.685869281599 41.848504641164)
e433b777822f63cb7922e1ccd2dd9eaf062ec28238d0012458e973f859e04eee3d92e7096b90b0845ce83a1015f817ebc614a7d6e0300bf4e3a166c4abca190c,,07/11/2025 06:37:00 AM,35,TRAFFIC SIGNAL,FUNCTIONING PROPERLY,RAIN,DAYLIGHT,TURNING,DIVIDED - W/MEDIAN (NOT RAISED),,STRAIGHT AND LEVEL,WET,NO DEFECTS,ON SCENE,INJURY AND / OR TOW DUE TO CRASH,,,Y,"OVER $1,500",07/11/2025 06:37:00 AM,UNABLE TO DETERMINE,NOT APPLICABLE,7100,S,DR MARTIN LUTHER KING JR DR,323,,,,,,,2,NO INDICATION OF INJURY,0,0,0,0,0,2,0,6,6,7,41.7656188178,-87.615407248,POINT (-87.615407248037 41.765618817754)
5742b0080b2728a9c58dafb4473c4f7738a523ac7f4ba2570bc8b24ebf814089236c1adb54fcc241d4b56e60ab04eedb7713bbd2d632525c72ed546a73578add,,07/11/2025 06:32:00 AM,30,STOP SIGN/FLASHER,FUNCTIONING PROPERLY,RAIN,DAYLIGHT,ANGLE,T-INTERSECTION,,STRAIGHT AND LEVEL,WET,NO DEFECTS,NOT ON SCENE (DESK REPORT),NO INJURY / DRIVE AWAY,Y,,,"OVER $1,500",07/11/2025 10:20:00 AM,FAILING TO YIELD RIGHT-OF-WAY,NOT APPLICABLE,5412,S,CALIFORNIA AVE,923,,,,,,,2,NO INDICATION OF INJURY,0,0,0,0,0,2,0,6,6,7,41.795082447,-87.6939833071,POINT (-87.693983307144 41.795082447034)
04e62e4018670d39fa0821b03742cffb02bb07ca15907a99e092338a138b25fd7fa15622f98d8ba491f6e22e94c5cc64c6d09ea6d05eed8f6bdcddc13bd52218,,07/11/2025 06:30:00 AM,30,TRAFFIC SIGNAL,FUNCTIONING PROPERLY,RAIN,DAYLIGHT,SIDESWIPE SAME DIRECTION,NOT DIVIDED,,STRAIGHT AND LEVEL,WET,NO DEFECTS,ON SCENE,NO INJURY / DRIVE AWAY,,,,"OVER $1,500",07/11/2025 06:54:00 AM,UNABLE TO DETERMINE,UNABLE TO DETERMINE,2955,N,CENTRAL AVE,2514,,,,,,,2,NO INDICATION OF INJURY,0,0,0,0,0,3,0,6,6,7,41.9347261486,-87.766217635,POINT (-87.766217635013 41.934726148581)
1be0041ceb0b3e3d6282e8d64bd9acb58cd1860de0bd7a707ee1fbb89b1f17037ae798cf27670d8a9802a4cc85a95309505f212613f357dce3b7650705cc2254,,07/11/2025 06:30:00 AM,30,STOP SIGN/FLASHER,FUNCTIONING PROPERLY,UNKNOWN,UNKNOWN,ANGLE,NOT DIVIDED,,STRAIGHT AND LEVEL,UNKNOWN,UNKNOWN,NOT ON SCENE (DESK REPORT),NO INJURY / DRIVE AWAY,Y,,Y,"$501 - $1,500",07/11/2025 11:00:00 AM,UNABLE TO DETERMINE,UNABLE TO DETERMINE,5401,S,CALIFORNIA AVE,923,,,,,,,2,NO INDICATION OF INJURY,0,0,0,0,0,2,0,6,6,7,41.7954263235,-87.6936990229,POINT (-87.69369902286 41.795426323507)
9f4c68e761edf62cd42fff5e5d9a1a9b5256360766370b7db485a547c692e1633260be8edccd3ae9bcfee97cf638c32bf9bbfd91cf45951d19efa6761c028298,Y,07/11/2025 06:30:00 AM,30,NO CONTROLS,NO CONTROLS,CLOUDY/OVERCAST,DAWN,PARKED MOTOR VEHICLE,ONE-WAY,,STRAIGHT AND LEVEL,WET,UNKNOWN,ON SCENE,NO INJURY / DRIVE AWAY,,,Y,"$501 - $1,500",07/11/2025 08:38:00 AM,UNABLE TO DETERMINE,UNABLE TO DETERMINE,4504,N,SPAULDING AVE,1724,,,,,,,2,NO INDICATION OF INJURY,0,0,0,0,0,1,0,6,6,7,41.9631802067,-87.7109038117,POINT (-87.71090381165 41.963180206684)
496d30319de31a3430833843726263a99523e36f32742d099a51101ee3f1d52ca64db6428e2fab8c6bc7e0866c7dd311ab6f2b513a8f92cd570c0fbde17f9ff2,,07/11/2025 06:05:00 AM,30,TRAFFIC SIGNAL,FUNCTIONING PROPERLY,CLOUDY/OVERCAST,DUSK,FIXED OBJECT,DIVIDED - W/MEDIAN (NOT RAISED),,STRAIGHT AND LEVEL,WET,NO DEFECTS,ON SCENE,INJURY AND / OR TOW DUE TO CRASH,Y,,,"OVER $1,500",07/11/2025 06:45:00 AM,DRIVING SKILLS/KNOWLEDGE/EXPERIENCE,NOT APPLICABLE,44,E,WACKER DR,111,,,,,,,1,NO INDICATION OF INJURY,0,0,0,0,0,1,0,6,6,7,41.8875150435,-87.6265053395,POINT (-87.626505339463 41.887515043518)
cc8f9472a280c3cbac4e5e42d20dedde81eba9b5d2ab404c93dc7556657b37be35f8061610a644dca9c794dedd71125107736a7e99e70f85d25802bec2bb23c5,,07/11/2025 06:00:00 AM,25,UNKNOWN,UNKNOWN,CLEAR,DAYLIGHT,REAR END,DIVIDED - W/MEDIAN (NOT RAISED),,STRAIGHT AND LEVEL,WET,NO DEFECTS,,NO INJURY / DRIVE AWAY,,,,"OVER $1,500",07/11/2025 08:35:00 AM,UNABLE TO DETERMINE,UNABLE TO DETERMINE,2100,W,NORTH AVE,1434,,,,,,,2,NO INDICATION OF INJURY,0,0,0,0,0,2,0,6,6,7,41.9105469808,-87.6801080616,POINT (-87.6801080616 41.910546980784)
51c4abddc749751dd12cbab138a3e29604fb56a2dd186018f46a9589daa8d03ed6c7c593205fb3b6a175202e356d30682e43bf5ea6866371fdfbb0ad23deaea6,,07/11/2025 05:50:00 AM,30,NO CONTROLS,NO CONTROLS,RAIN,DAWN,REAR END,NOT DIVIDED,,STRAIGHT AND LEVEL,WET,NO DEFECTS,NOT ON SCENE (DESK REPORT),NO INJURY / DRIVE AWAY,N,,,"OVER $1,500",07/11/2025 07:30:00 PM,FOLLOWING TOO CLOSELY,FAILING TO REDUCE SPEED TO AVOID CRASH,5419,N,NAGLE AVE,1622,,,,,,,2,NO INDICATION OF INJURY,0,0,0,0,0,2,0,5,6,7,41.9798646666,-87.7876476835,POINT (-87.787647683461 41.979864666636)
27a2222302f5630f9accb2869f8bcc7c8283f0e7e9164c228097ffe0a1de784ca7ac0402b40965e2cf358a0bac1902f220300cb5e9dd35c9c4a734aefd050e0a,,07/11/2025 05:45:00 AM,30,TRAFFIC SIGNAL,UNKNOWN,UNKNOWN,UNKNOWN,OTHER OBJECT,FOUR WAY,,STRAIGHT AND LEVEL,UNKNOWN,UNKNOWN,NOT ON SCENE (DESK REPORT),NO INJURY / DRIVE AWAY,Y,,,"$501 - $1,500",07/11/2025 02:45:00 PM,UNABLE TO DETERMINE,NOT APPLICABLE,7035,N,ASHLAND BLVD,2423,,,,,,,1,NO INDICATION OF INJURY,0,0,0,0,0,1,0,5,6,7,42.0101546911,-87.6699664388,POINT (-87.669966438831 42.010154691147)
ac01fd63bd087454a3eaf58ed634a835520ff07799c8f35bd497383dd25ff160c982f39acbdf338e08ac6b58b4b1df69a49ff0a96caed9c8c918a47e76c4b2fd,,07/11/2025 05:30:00 AM,30,TRAFFIC SIGNAL,FUNCTIONING PROPERLY,CLEAR,DAYLIGHT,REAR END,NOT DIVIDED,,STRAIGHT AND LEVEL,DRY,NO DEFECTS,NOT ON SCENE (DESK REPORT),NO INJURY / DRIVE AWAY,,,,"OVER $1,500",07/13/2025 12:20:00 PM,FOLLOWING TOO CLOSELY,UNABLE TO DETERMINE,4105,S,PULASKI RD,821,,,,,,,2,NO INDICATION OF INJURY,0,0,0,0,0,2,0,5,6,7,41.8182427783,-87.7237993164,POINT (-87.723799316365 41.818242778275)
ed9f1d614fb78c70ca93f5311c86a2ab3679a7142e533f32eb18edfb3bee0abb3e3ce083fdb0b42f32c79590ba0a63068046d93d66d36dc8a3ee4a960542112f,,07/11/2025 05:30:00 AM,30,TRAFFIC SIGNAL,FUNCTIONING PROPERLY,CLOUDY/OVERCAST,DAYLIGHT,TURNING,DIVIDED - W/MEDIAN (NOT RAISED),,STRAIGHT AND LEVEL,WET,NO DEFECTS,NOT ON SCENE (DESK REPORT),NO INJURY / DRIVE AWAY,,,Y,"OVER $1,500",07/11/2025 05:45:00 AM,UNABLE TO DETERMINE,UNABLE TO DETERMINE,200,W,FULLERTON DR,1935,,,,,,,2,NO INDICATION OF INJURY,0,0,0,0,0,2,0,5,6,7,41.9258473743,-87.6337729038,POINT (-87.633772903822 41.925847374264)