CRASH_RECORD_ID,CRASH_DATE_EST_I,CRASH_DATE,POSTED_SPEED_LIMIT,TRAFFIC_CONTROL_DEVICE,DEVICE_CONDITION,WEATHER_CONDITION,LIGHTING_CONDITION,FIRST_CRASH_TYPE,TRAFFICWAY_TYPE,LANE_CNT,ALIGNMENT,ROADWAY_SURFACE_COND,ROAD_DEFECT,REPORT_TYPE,CRASH_TYPE,INTERSECTION_RELATED_I,NOT_RIGHT_OF_WAY_I,HIT_AND_RUN_I,DAMAGE,DATE_POLICE_NOTIFIED,PRIM_CONTRIBUTORY_CAUSE,SEC_CONTRIBUTORY_CAUSE,STREET_NO,STREET_DIRECTION,STREET_NAME,BEAT_OF_OCCURRENCE,PHOTOS_TAKEN_I,STATEMENTS_TAKEN_I,DOORING_I,WORK_ZONE_I,WORK_ZONE_TYPE,WORKERS_PRESENT_I,NUM_UNITS,MOST_SEVERE_INJURY,INJURIES_TOTAL,INJURIES_FATAL,INJURIES_INCAPACITATING,INJURIES_NON_INCAPACITATING,INJURIES_REPORTED_NOT_EVIDENT,INJURIES_NO_INDICATION,INJURIES_UNKNOWN,CRASH_HOUR,CRASH_DAY_OF_WEEK,CRASH_MONTH,LATITUDE,LONGITUDE,LOCATION
16127d5b4d5d3f33f7ebd56e05bf0d9f8135057047fbe7131e8571066fb23e77d4d45e3dc2dcbddd837f64b6dcbe283447323a3a20fb7de8ed16087c9bbb6f0c,Y,07/11/2025 05:29:00 AM,25,NO CONTROLS,NO CONTROLS,CLEAR,DAYLIGHT,PARKED MOTOR VEHICLE,NOT DIVIDED,,STRAIGHT AND LEVEL,DRY,NO DEFECTS,ON SCENE,INJURY AND / OR TOW DUE TO CRASH,,,Y,"OVER $1,500",07/11/2025 10:15:00 AM,DRIVING SKILLS/KNOWLEDGE/EXPERIENCE,FAILING TO REDUCE SPEED TO AVOID CRASH,3322,W,107TH ST,2211,,,,,,,2,NO INDICATION OF INJURY,0,0,0,0,0,1,0,5,6,7,41.6989288701,-87.7045588498,POINT (-87.704558849813 41.698928870091)
340b8d48aeacbc23fd99d86cab757e36f8089567df2312eea60b3ecbb74ee0e6f0d899405b9e403c039ae2d4a2c669f91ff8371e4e1b43eef2597231ca265a87,,07/11/2025 05:25:00 AM,30,NO CONTROLS,NO CONTROLS,UNKNOWN,UNKNOWN,SIDESWIPE SAME DIRECTION,ONE-WAY,,STRAIGHT AND LEVEL,WET,UNKNOWN,NOT ON SCENE (DESK REPORT),NO INJURY / DRIVE AWAY,,,Y,"OVER $1,500",07/11/2025 08:15:00 AM,IMPROPER OVERTAKING/PASSING,DRIVING SKILLS/KNOWLEDGE/EXPERIENCE,3028,W,40TH ST,921,,,,,,,2,NO INDICATION OF INJURY,0,0,0,0,0,2,0,5,6,7,41.8209673876,-87.7007324693,POINT (-87.700732469337 41.820967387591)
3cd8b29d215dd85c77c6e6135c2a822b7c89d4fa4641ff39cf9c7c6acdbbeb9f32124215c28f1b91bcd9aa4d9f44d1c8eabbb3c30193591a4618fd67ccf8a007,,07/11/2025 05:00:00 AM,30,NO CONTROLS,NO CONTROLS,CLEAR,DAYLIGHT,PARKED MOTOR VEHICLE,NOT DIVIDED,,STRAIGHT AND LEVEL,UNKNOWN,UNKNOWN,NOT ON SCENE (DESK REPORT),INJURY AND / OR TOW DUE TO CRASH,,,Y,"OVER $1,500",07/11/2025 06:45:00 PM,DRIVING SKILLS/KNOWLEDGE/EXPERIENCE,NOT APPLICABLE,5868,W,62ND ST,812,,,,,,,2,NO INDICATION OF INJURY,0,0,0,0,0,1,0,5,6,7,41.7798582457,-87.76906527,POINT (-87.769065270014 41.779858245747)
d3d524c0dc660389efda9ab726cc50ee3e28608fc4c822ebc454b8bcee6810ac4ab45ec6a89e85133d09ee0d672655adea2d1bb7c4c250595132addea56ab5d5,,07/11/2025 04:53:00 AM,30,NO CONTROLS,NO CONTROLS,RAIN,DARKNESS,REAR END,NOT DIVIDED,,STRAIGHT AND LEVEL,UNKNOWN,WORN SURFACE,NOT ON SCENE (DESK REPORT),NO INJURY / DRIVE AWAY,,,Y,$500 OR LESS,07/12/2025 11:30:00 AM,WEATHER,UNABLE TO DETERMINE,1951,E,95TH ST,431,,,,,,,2,NO INDICATION OF INJURY,0,0,0,0,0,2,0,4,6,7,41.7223544483,-87.5757780641,POINT (-87.575778064147 41.722354448293)
2c468543bb5cced380624ef5f3fbbbb73671945ea59375c6528e49525110fd08a31e6d11042bf100d89379e8710227714630c892cc7b6dc7dada1ebf5b1383c6,,07/11/2025 04:45:00 AM,30,NO CONTROLS,NO CONTROLS,RAIN,DAYLIGHT,PARKED MOTOR VEHICLE,DIVIDED - W/MEDIAN (NOT RAISED),,STRAIGHT AND LEVEL,WET,UNKNOWN,ON SCENE,INJURY AND / OR TOW DUE TO CRASH,,,,"OVER $1,500",07/11/2025 04:46:00 AM,WEATHER,UNABLE TO DETERMINE,5344,W,GRAND AVE,2515,,,,,,,2,NO INDICATION OF INJURY,0,0,0,0,0,1,0,4,6,7,41.9178333943,-87.7601793906,POINT (-87.760179390619 41.917833394307)
aa4e487a4d4ea5ff95871e1dc7d38f42d6139d3427002733333e5b74e73b0bacca45930c3381d9c782b16c9e1bf77109a03edbd91abd7fd0bedaf537c169603c,,07/11/2025 04:02:00 AM,30,TRAFFIC SIGNAL,FUNCTIONING PROPERLY,RAIN,"DARKNESS, LIGHTED ROAD",ANGLE,FOUR WAY,,STRAIGHT AND LEVEL,WET,NO DEFECTS,,INJURY AND / OR TOW DUE TO CRASH,Y,,,"OVER $1,500",07/11/2025 04:03:00 AM,FAILING TO REDUCE SPEED TO AVOID CRASH,DISREGARDING TRAFFIC SIGNALS,3600,N,LARAMIE AVE,1634,,,,,,,2,NO INDICATION OF INJURY,0,0,0,0,0,2,0,4,6,7,41.9460441027,-87.7570697037,POINT (-87.757069703693 41.946044102655)
6495fc3e4cfb6a9da666c9aad8f934bb675750d92565ecf520d9d122e6a7379af96ca7e2e425e4a5f9d6349e1d46645931b7f655ac89eda40231cf1a88c452d4,,07/11/2025 03:45:00 AM,25,NO CONTROLS,NO CONTROLS,RAIN,"DARKNESS, LIGHTED ROAD",PARKED MOTOR VEHICLE,ONE-WAY,,STRAIGHT AND LEVEL,WET,NO DEFECTS,ON SCENE,INJURY AND / OR TOW DUE TO CRASH,,,Y,"OVER $1,500",07/11/2025 11:09:00 AM,UNABLE TO DETERMINE,UNABLE TO DETERMINE,4119,W,15TH ST,1012,,,,,,,2,NO INDICATION OF INJURY,0,0,0,0,0,1,0,3,6,7,41.8605369225,-87.7283354694,POINT (-87.728335469448 41.860536922471)
e207c4849f66d89fad13ab76c271e5e7c7803c2b99bdef3c72deee1f7869388665173c1b8d95c26740c5be542ebdbd02346b73ef18861820719bc3c691064293,,07/11/2025 03:02:00 AM,10,NO CONTROLS,NO CONTROLS,CLEAR,"DARKNESS, LIGHTED ROAD",FIXED OBJECT,ALLEY,,STRAIGHT AND LEVEL,WET,NO DEFECTS,ON SCENE,NO INJURY / DRIVE AWAY,,,Y,"OVER $1,500",07/11/2025 03:02:00 AM,IMPROPER BACKING,NOT APPLICABLE,4309,S,PAULINA ST,924,,,,,,,1,NO INDICATION OF INJURY,0,0,0,0,0,1,0,3,6,7,41.8155350129,-87.6674387665,POINT (-87.667438766473 41.815535012941)
414615ef9aff655c0b59528f18edfa2f4fbf1b45981deb3d9874c4d7abaf6fd2e2b1484c40242eea7fd588311022b87b8559e995be755e00e9d735f67adbb304,,07/11/2025 03:00:00 AM,30,NO CONTROLS,NO CONTROLS,CLEAR,DARKNESS,PARKED MOTOR VEHICLE,ONE-WAY,,STRAIGHT AND LEVEL,DRY,NO DEFECTS,ON SCENE,NO INJURY / DRIVE AWAY,,,Y,"OVER $1,500",07/15/2025 07:24:00 AM,"OPERATING VEHICLE IN ERRATIC, RECKLESS, CARELESS, NEGLIGENT OR AGGRESSIVE MANNER","OPERATING VEHICLE IN ERRATIC, RECKLESS, CARELESS, NEGLIGENT OR AGGRESSIVE MANNER",8621,S,PHILLIPS AVE,423,,,,,,,2,NO INDICATION OF INJURY,0,0,0,0,0,1,0,3,6,7,41.7383741534,-87.5646752631,POINT (-87.564675263085 41.738374153419)
d4eaeb5622b6db230624ad74c1adf8a8eaed75c7ca0199c50ba11e72351427920f5f06101950d6917e004ed439cb3e98b89211762ab172d666f52da10a98d771,,07/11/2025 02:12:00 AM,30,UNKNOWN,NO CONTROLS,RAIN,"DARKNESS, LIGHTED ROAD",PARKED MOTOR VEHICLE,DRIVEWAY,,STRAIGHT AND LEVEL,WET,NO DEFECTS,ON SCENE,INJURY AND / OR TOW DUE TO CRASH,,Y,,"OVER $1,500",07/11/2025 02:12:00 AM,IMPROPER LANE USAGE,UNABLE TO DETERMINE,2704,S,KOLIN AVE,1031,,,,,,,2,NO INDICATION OF INJURY,0,0,0,0,0,1,0,2,6,7,41.8420881523,-87.7331547199,POINT (-87.733154719882 41.842088152311)
0a9fbd9b25d672ae1e2b5b518da5411bbc0d309a5ff6fbb011eb5f00c055c618cc4d33ed4d287e4ce035c8002694d920a305d2b6f3bbb6ed1c541149e2387777,,07/11/2025 02:00:00 AM,30,TRAFFIC SIGNAL,FUNCTIONING PROPERLY,CLEAR,DARKNESS,ANGLE,NOT DIVIDED,,STRAIGHT AND LEVEL,WET,NO DEFECTS,NOT ON SCENE (DESK REPORT),NO INJURY / DRIVE AWAY,,,,"OVER $1,500",07/12/2025 02:50:00 PM,DISREGARDING TRAFFIC SIGNALS,UNABLE TO DETERMINE,6300,S,KEDZIE AVE,823,,,,,,,2,NO INDICATION OF INJURY,0,0,0,0,0,2,0,2,6,7,41.7789457502,-87.703283119,POINT (-87.703283119003 41.77894575018)
4f250e891878501ec485a574eca70690d9fd34d9d174c8de5a5398d019734d1c34931cba12f6d517b724b00bc022da401e9b4ef647fbc7c22afe8a49a69fbf99,N,07/11/2025 02:00:00 AM,30,NO CONTROLS,NO CONTROLS,CLEAR,"DARKNESS, LIGHTED ROAD",FIXED OBJECT,ONE-WAY,,STRAIGHT AND LEVEL,WET,NO DEFECTS,ON SCENE,INJURY AND / OR TOW DUE TO CRASH,,,Y,"OVER $1,500",07/11/2025 02:18:00 AM,UNDER THE INFLUENCE OF ALCOHOL/DRUGS (USE WHEN ARREST IS EFFECTED),UNDER THE INFLUENCE OF ALCOHOL/DRUGS (USE WHEN ARREST IS EFFECTED),1101,W,CONGRESS PKWY,1232,,,,,,,1,NO INDICATION OF INJURY,0,0,0,0,0,1,0,2,6,7,41.8752291058,-87.6545972947,POINT (-87.654597294742 41.875229105841)
4c0074ea546a8c1b17c86b3c7fb5bcb51b4a8d82746fda08349c474032c8a8c62d746e22f1a4b7598c77f99958b0bad3f6a74b6a1a6ccdc38f4ac77d75850c3f,,07/11/2025 01:57:00 AM,30,NO CONTROLS,NO CONTROLS,RAIN,DARKNESS,PARKED MOTOR VEHICLE,NOT DIVIDED,,STRAIGHT AND LEVEL,WET,NO DEFECTS,ON SCENE,INJURY AND / OR TOW DUE TO CRASH,,,Y,"$501 - $1,500",07/11/2025 10:40:00 AM,UNABLE TO DETERMINE,NOT APPLICABLE,237,N,ABERDEEN ST,1214,,,,,,,2,NO INDICATION OF INJURY,0,0,0,0,0,1,0,1,6,7,41.8866423352,-87.6543564047,POINT (-87.654356404747 41.886642335239)
51e4f8d7b03bf015643e97734b66df674df04f72d19be48154976214b236a235dceb68068c6eb56145bc8e0a7447888ce73cd3c558f92313b3ccd218385df36b,,07/11/2025 01:40:00 AM,30,NO CONTROLS,NO CONTROLS,CLEAR,"DARKNESS, LIGHTED ROAD",TURNING,NOT DIVIDED,,STRAIGHT AND LEVEL,WET,NO DEFECTS,NOT ON SCENE (DESK REPORT),NO INJURY / DRIVE AWAY,,,,"OVER $1,500",07/11/2025 02:10:00 AM,"VISION OBSCURED (SIGNS, TREE LIMBS, BUILDINGS, ETC.)",UNABLE TO DETERMINE,3325,W,DEVON AVE,1711,,,,,,,2,NO INDICATION OF INJURY,0,0,0,0,0,4,0,1,6,7,41.9972224965,-87.7127509942,POINT (-87.71275099423 41.997222496527)
67367d994e054f1c74cf7e6daed3e8c7fe620d6c81d9c2a88e9910b7ac578f78975caa0c02a28c5196132a03e9b890c241898c34b7a5b871a7e221165ca8bd6c,,07/11/2025 01:40:00 AM,35,NO CONTROLS,NO CONTROLS,CLEAR,"DARKNESS, LIGHTED ROAD",PARKED MOTOR VEHICLE,ONE-WAY,,STRAIGHT AND LEVEL,WET,UNKNOWN,ON SCENE,NO INJURY / DRIVE AWAY,,,,$500 OR LESS,07/11/2025 01:45:00 AM,IMPROPER BACKING,NOT APPLICABLE,850,W,SUPERIOR ST,1214,,,,,,,2,NO INDICATION OF INJURY,0,0,0,0,0,1,0,1,6,7,41.8956320834,-87.6497895692,POINT (-87.649789569227 41.895632083432)
f92666d01672e0fb1123e12f61998b486f36fa5e7c6c3cb8d3080202297281986a074ea9baeffb807df266a19d4aa8c6e732495ec6c22311c7e36e9b9c41a927,,07/11/2025 01:30:00 AM,35,TRAFFIC SIGNAL,FUNCTIONING PROPERLY,RAIN,"DARKNESS, LIGHTED ROAD",REAR END,FOUR WAY,,STRAIGHT AND LEVEL,WET,NO DEFECTS,,INJURY AND / OR TOW DUE TO CRASH,,,,"OVER $1,500",07/11/2025 01:30:00 AM,FOLLOWING TOO CLOSELY,FOLLOWING TOO CLOSELY,4259,S,COTTAGE GROVE AVE,214,,,,,,,2,NONINCAPACITATING INJURY,1,0,0,1,0,2,0,1,6,7,41.8168714512,-87.606562199,POINT (-87.606562198969 41.816871451168)
2705fef127689f053b6e1367682efab73dddae17063d60ffbe9bacba2ea388fa777d657e2a85277f2fa7ba272edf90e9b3f4e43bbb6226c7ca9eaf0da7184b0e,,07/11/2025 01:11:00 AM,45,NO CONTROLS,NO CONTROLS,RAIN,DAYLIGHT,FIXED OBJECT,NOT DIVIDED,,STRAIGHT AND LEVEL,WET,NO DEFECTS,ON SCENE,INJURY AND / OR TOW DUE TO CRASH,,,,"OVER $1,500",07/11/2025 01:13:00 AM,DRIVING SKILLS/KNOWLEDGE/EXPERIENCE,DRIVING SKILLS/KNOWLEDGE/EXPERIENCE,1699,N,LAKE SHORE DR,1814,,,,,,,1,NO INDICATION OF INJURY,0,0,0,0,0,1,0,1,6,7,41.9125071313,-87.6269095002,POINT (-87.626909500163 41.912507131297)
285b050e86683e8ce7a2021275f7ed1d9fb76d70a0020e85502cc0b2a32e25897b6e8debbd191a9501f5df5e813a024039e92a5e5d8da7051bbe7c1ffdfcd20f,,07/11/2025 01:10:00 AM,45,UNKNOWN,UNKNOWN,UNKNOWN,UNKNOWN,SIDESWIPE SAME DIRECTION,DIVIDED - W/MEDIAN BARRIER,,STRAIGHT AND LEVEL,UNKNOWN,OTHER,ON SCENE,INJURY AND / OR TOW DUE TO CRASH,,,Y,"OVER $1,500",07/11/2025 03:00:00 AM,UNABLE TO DETERMINE,NOT APPLICABLE,5700,S,STONY ISLAND AVE,235,,,,,,,2,NONINCAPACITATING INJURY,1,0,0,1,0,2,0,1,6,7,41.7914518348,-87.5868598793,POINT (-87.586859879304 41.791451834817)
5420e8e6aaec1750399a69f46dba6fd4f518fc07bcf82b48674a0290480486b70abe859c2bfd54d4ed7ed9bb8994c0b952621eb7fee20c4d0cd26e6329044a48,Y,07/11/2025 01:00:00 AM,30,NO CONTROLS,NO CONTROLS,RAIN,"DARKNESS, LIGHTED ROAD",PARKED MOTOR VEHICLE,ALLEY,,STRAIGHT AND LEVEL,WET,UNKNOWN,ON SCENE,NO INJURY / DRIVE AWAY,,,Y,"OVER $1,500",07/11/2025 01:50:00 AM,UNABLE TO DETERMINE,UNABLE TO DETERMINE,2400,N,MARMORA AVE,2515,,,,,,,2,NO INDICATION OF INJURY,0,0,0,0,0,1,0,1,6,7,41.9239543117,-87.7734359984,POINT (-87.773435998398 41.92395431169)
9cd0ff475351fce0548b7a14c2f959f4abcc951c75191cb9dca7ced5b996578f7e44f078df150608d467bbdd1f32a50cd1c0c75b6d37b55b7e6ecf9a33837ef1,,07/11/2025 01:00:00 AM,30,TRAFFIC SIGNAL,FUNCTIONING PROPERLY,CLEAR,DARKNESS,TURNING,NOT DIVIDED,,STRAIGHT AND LEVEL,DRY,NO DEFECTS,NOT ON SCENE (DESK REPORT),NO INJURY / DRIVE AWAY,Y,,Y,"OVER $1,500",07/12/2025 03:00:00 PM,DISREGARDING TRAFFIC SIGNALS,UNABLE TO DETERMINE,4001,W,WRIGHTWOOD AVE,2524,,,,,,,2,NO INDICATION OF INJURY,0,0,0,0,0,2,0,1,6,7,41.9280146613,-87.7269871746,POINT (-87.726987174647 41.92801466126)
ece63eda56a59d602e1f60fccdd261d0312084e52dcc7279638623b0b1d6c5cd434ca58ee884036cd668db81f73dcc7b82224bca72d02e03096103ea179db44d,,07/11/2025 12:30:00 AM,25,UNKNOWN,UNKNOWN,CLEAR,"DARKNESS, LIGHTED ROAD",REAR END,DIVIDED - W/MEDIAN (NOT RAISED),,STRAIGHT AND LEVEL,WET,NO DEFECTS,NOT ON SCENE (DESK REPORT),NO INJURY / DRIVE AWAY,,,,"OVER $1,500",07/11/2025 09:20:00 AM,UNABLE TO DETERMINE,UNABLE TO DETERMINE,1553,N,DAMEN AVE,1424,,,,,,,2,NO INDICATION OF INJURY,0,0,0,0,0,2,0,0,6,7,41.9098474599,-87.6773009755,POINT (-87.677300975465 41.909847459867)
2aece1fbfe77be2d77202aae5a021c7c5afa57cafc97b67e4a7fca17008b09dd413da090ab9e6af1be5e1b74bf88d4ade93ae943bf31c6d2f94b3a8a5bb429c2,,07/11/2025 12:11:00 AM,30,NO CONTROLS,NO CONTROLS,RAIN,"DARKNESS, LIGHTED ROAD",PARKED MOTOR VEHICLE,NOT DIVIDED,,STRAIGHT AND LEVEL,WET,NO DEFECTS,ON SCENE,NO INJURY / DRIVE AWAY,,,,"OVER $1,500",07/11/2025 12:14:00 AM,DISTRACTION - FROM INSIDE VEHICLE,NOT APPLICABLE,3514,S,DAMEN AVE,912,,,,,,,4,NO INDICATION OF INJURY,0,0,0,0,0,1,0,0,6,7,41.8299016293,-87.6754181009,POINT (-87.67541810087 41.829901629322)
56a61dbad53502a575c09a2373a6355ceda6b22ac3c9c7e2e69ee772f6e5de00e3b63061c1d4cb775a7d5661551235455ff9a1a9fcccdaae27e338dd66d3cbc7,N,07/11/2025 12:11:00 AM,30,TRAFFIC SIGNAL,FUNCTIONING PROPERLY,RAIN,"DARKNESS, LIGHTED ROAD",FIXED OBJECT,NOT DIVIDED,,STRAIGHT AND LEVEL,WET,NO DEFECTS,ON SCENE,INJURY AND / OR TOW DUE TO CRASH,Y,,,"OVER $1,500",07/11/2025 12:11:00 AM,FAILING TO REDUCE SPEED TO AVOID CRASH,UNABLE TO DETERMINE,1610,W,ARMITAGE AVE,1432,,Y,,,,,2,NONINCAPACITATING INJURY,1,0,0,1,0,1,0,0,6,7,41.9180418139,-87.6682189818,POINT (-87.668218981796 41.9180418139)
393582d58404b6401575bccd2f46197b5155a9bb5a0d04ed88121e8da20aa09541be6cdfd6cc2678e7f0f6be64803b39be540f263eb787153139f387ffc27bc5,Y,07/11/2025 12:01:00 AM,10,NO CONTROLS,NO CONTROLS,UNKNOWN,UNKNOWN,FIXED OBJECT,ALLEY,,STRAIGHT AND LEVEL,UNKNOWN,NO DEFECTS,ON SCENE,NO INJURY / DRIVE AWAY,,Y,Y,"OVER $1,500",07/11/2025 08:19:00 AM,UNABLE TO DETERMINE,UNABLE TO DETERMINE,7628,S,WABASH AVE,623,,,,,,,1,NO INDICATION OF INJURY,0,0,0,0,0,1,0,0,6,7,41.7555586954,-87.6232393836,POINT (-87.623239383624 41.755558695373)
9d1c122e4226c2268d1590567da81ab3eb45082abb75f060d6e4315fb314991872907690cf6844b9cc58f326d4068e8859e60b1faad615a85d900d104569bed4,,07/11/2025 12:01:00 AM,25,NO CONTROLS,NO CONTROLS,CLEAR,"DARKNESS, LIGHTED ROAD",PARKED MOTOR VEHICLE,NOT DIVIDED,,STRAIGHT AND LEVEL,DRY,NO DEFECTS,NOT ON SCENE (DESK REPORT),NO INJURY / DRIVE AWAY,,,Y,"OVER $1,500",07/11/2025 08:25:00 AM,UNABLE TO DETERMINE,UNABLE TO DETERMINE,3354,N,OCONTO AVE,1631,,,,,,,2,NO INDICATION OF INJURY,0,0,0,0,0,1,0,0,6,7,41.9413255302,-87.8082192678,POINT (-87.80821926781 41.941325530153)
4623be02eb1a1457af0e44ba68b821b52b9f62107b0cc5ea677c3d6746056e1fde6303a0edcd12107e45d5388ee55060e9e7abbe830e125a8001695496804717,,07/11/2025 12:00:00 AM,40,NO CONTROLS,NO CONTROLS,RAIN,DAYLIGHT,PARKED MOTOR VEHICLE,ONE-WAY,,STRAIGHT AND LEVEL,WET,NO DEFECTS,ON SCENE,INJURY AND / OR TOW DUE TO CRASH,,,Y,"OVER $1,500",07/11/2025 08:20:00 AM,UNABLE TO DETERMINE,UNABLE TO DETERMINE,4016,S,MICHIGAN AVE,213,,,,,,,3,NO INDICATION OF INJURY,0,0,0,0,0,1,0,0,6,7,41.8214446753,-87.6233058146,POINT (-87.623305814631 41.821444675306)
7d57a175097f3b23ec87876ba1cbf7a198e788ddf98c3f35269fdd9ff09b8d2995b40678ca59342fa3645f311bd46cce9b979d7d489d4d07d8c3603a0763b21a,,07/10/2025 11:59:00 PM,30,TRAFFIC SIGNAL,FUNCTIONING PROPERLY,RAIN,"DARKNESS, LIGHTED ROAD",FIXED OBJECT,FOUR WAY,,STRAIGHT AND LEVEL,WET,NO DEFECTS,ON SCENE,INJURY AND / OR TOW DUE TO CRASH,Y,,,"OVER $1,500",07/10/2025 11:59:00 PM,DISREGARDING TRAFFIC SIGNALS,FAILING TO REDUCE SPEED TO AVOID CRASH,3959,W,DIVISION ST,1112,,,,,,,1,NO INDICATION OF INJURY,0,0,0,0,0,2,0,23,5,7,41.9025632285,-87.7262371296,POINT (-87.72623712964 41.902563228517)
6e0379b80d4ca1a1a13a4ca8127423222ba347b1b698d28aecc6119c675a6421652ea3c0e98b6653aad53ff4d0c0258d04f56f8538cd9b989518b732240bdef0,Y,07/10/2025 11:50:00 PM,30,NO CONTROLS,NO CONTROLS,RAIN,"DARKNESS, LIGHTED ROAD",PARKED MOTOR VEHICLE,NOT DIVIDED,,STRAIGHT AND LEVEL,WET,WORN SURFACE,ON SCENE,NO INJURY / DRIVE AWAY,,,Y,"OVER $1,500",07/12/2025 06:40:00 AM,UNABLE TO DETERMINE,NOT APPLICABLE,2460,W,GRACE ST,1921,,,,,,,2,NO INDICATION OF INJURY,0,0,0,0,0,1,0,23,5,7,41.9504712904,-87.6906114963,POINT (-87.690611496302 41.950471290371)
3e166d2220edf48f0caa208c9b07f33cf8dd8f80185a4d5601d4ead379dc19d624f817201c6378c86e375d6b7485170222d4b837aaf0e9092defbb0933e939ca,,07/10/2025 11:45:00 PM,30,TRAFFIC SIGNAL,UNKNOWN,RAIN,"DARKNESS, LIGHTED ROAD",SIDESWIPE SAME DIRECTION,CENTER TURN LANE,,STRAIGHT AND LEVEL,WET,UNKNOWN,NOT ON SCENE (DESK REPORT),NO INJURY / DRIVE AWAY,,,Y,$500 OR LESS,07/11/2025 12:50:00 AM,FAILING TO REDUCE SPEED TO AVOID CRASH,UNABLE TO DETERMINE,1200,N,CICERO AVE,2533,,,,,,,2,NO INDICATION OF INJURY,0,0,0,0,0,2,0,23,5,7,41.9023962606,-87.7461261196,POINT (-87.746126119551 41.902396260608)
6ab07e304212814aabf041cfe119432ec24b0f6df665f35475e62435a7084bdab0db09a2bece5a23dab94fbb7e6967de6e103c472e7eb47a621a9234481003fa,,07/10/2025 11:42:00 PM,30,NO CONTROLS,NO CONTROLS,RAIN,"DARKNESS, LIGHTED ROAD",PARKED MOTOR VEHICLE,ONE-WAY,,STRAIGHT AND LEVEL,WET,NO DEFECTS,ON SCENE,INJURY AND / OR TOW DUE TO CRASH,,,Y,$500 OR LESS,07/10/2025 11:42:00 PM,UNABLE TO DETERMINE,NOT APPLICABLE,4401,N,MOZART ST,1724,,,,,,,2,NO INDICATION OF INJURY,0,0,0,0,0,1,0,23,5,7,41.9613352676,-87.6995428545,POINT (-87.699542854457 41.961335267592)
56fb1eba26406140b10f030e3ed23498859076d37dd914c3fb366464dc6068570bd43a406fd916a7a3a2d1b1a8149367f24525a8c99bdcf662d650409e2c0f70,,07/10/2025 11:37:00 PM,30,NO CONTROLS,NO CONTROLS,CLEAR,"DARKNESS, LIGHTED ROAD",FIXED OBJECT,FOUR WAY,,STRAIGHT AND LEVEL,WET,UNKNOWN,ON SCENE,INJURY AND / OR TOW DUE TO CRASH,Y,,,"OVER $1,500",07/10/2025 11:37:00 PM,DISTRACTION - FROM INSIDE VEHICLE,NOT APPLICABLE,242,N,PULASKI RD,1114,,,,,,,1,NO INDICATION OF INJURY,0,0,0,0,0,1,0,23,5,7,41.8846431406,-87.7259286637,POINT (-87.725928663679 41.884643140586)
97216800a1c1ceb9159147649fb44d3ef0396cdd130ef824df9a54e6323a776943f2d543e6f2fa8b11ba1841970697416252f4f5dd0613fc414a29dec9e76de2,,07/10/2025 11:30:00 PM,30,NO CONTROLS,NO CONTROLS,CLEAR,DARKNESS,REAR END,NOT DIVIDED,,STRAIGHT AND LEVEL,DRY,NO DEFECTS,NOT ON SCENE (DESK REPORT),NO INJURY / DRIVE AWAY,,,,"OVER $1,500",07/11/2025 10:25:00 PM,NOT APPLICABLE,NOT APPLICABLE,4131,W,DIVISION ST,1111,,,,,,,2,NO INDICATION OF INJURY,0,0,0,0,0,3,0,23,5,7,41.9025025712,-87.729926543,POINT (-87.729926543041 41.902502571191)
e015e988f378f48961c9b47364bf7241583f9d7e9b96a854ab9511bd1dfb1feed6a8c37339a26290e6a3de42ba874b5d5e11c60798677d6915cb781364da259f,,07/10/2025 11:30:00 PM,25,UNKNOWN,UNKNOWN,RAIN,"DARKNESS, LIGHTED ROAD",PARKED MOTOR VEHICLE,ONE-WAY,,STRAIGHT AND LEVEL,WET,UNKNOWN,ON SCENE,NO INJURY / DRIVE AWAY,,,,"OVER $1,500",07/11/2025 12:03:00 AM,FOLLOWING TOO CLOSELY,FOLLOWING TOO CLOSELY,5324,N,OKETO AVE,1613,,,,,,,5,NO INDICATION OF INJURY,0,0,0,0,0,1,0,23,5,7,41.9769776826,-87.8121330591,POINT (-87.812133059118 41.976977682557)
b742b0859e168c76d6d52ef076d54afe8cd83b1d1f0ac6c7f898c42638d9f3da80f06eb93b00d0bb10304a2c4515305c58df4074632c6a87246b857f586db072,Y,07/10/2025 11:22:00 PM,30,OTHER WARNING SIGN,NO CONTROLS,RAIN,"DARKNESS, LIGHTED ROAD",FIXED OBJECT,DIVIDED - W/MEDIAN (NOT RAISED),,STRAIGHT AND LEVEL,WET,NO DEFECTS,ON SCENE,INJURY AND / OR TOW DUE TO CRASH,,,,"OVER $1,500",07/10/2025 11:22:00 PM,EQUIPMENT - VEHICLE CONDITION,NOT APPLICABLE,2039,N,HUMBOLDT BLVD,1414,,,,,,,1,NO INDICATION OF INJURY,0,0,0,0,0,1,0,23,5,7,41.9187150942,-87.7019825557,POINT (-87.70198255573 41.918715094187)
e6bd868b50160ecc025e1cd7314d1ab9901135b1e4e923d559c8929222491665b0767a7c2abb79c454eed1f45821ff25fb67964d48da3d250f4b9d97dccbeb5d,,07/10/2025 11:20:00 PM,35,NO CONTROLS,NO CONTROLS,RAIN,"DARKNESS, LIGHTED ROAD",PARKED MOTOR VEHICLE,NOT DIVIDED,,STRAIGHT AND LEVEL,WET,NO DEFECTS,ON SCENE,NO INJURY / DRIVE AWAY,,,,"OVER $1,500",07/10/2025 11:20:00 PM,WEATHER,NOT APPLICABLE,2232,S,ROCKWELL ST,1034,,,,,,,2,NO INDICATION OF INJURY,0,0,0,0,0,2,0,23,5,7,41.8510038048,-87.6906620895,POINT (-87.690662089471 41.85100380481)