CRASH_RECORD_ID,CRASH_DATE_EST_I,CRASH_DATE,POSTED_SPEED_LIMIT,TRAFFIC_CONTROL_DEVICE,DEVICE_CONDITION,WEATHER_CONDITION,LIGHTING_CONDITION,FIRST_CRASH_TYPE,TRAFFICWAY_TYPE,LANE_CNT,ALIGNMENT,ROADWAY_SURFACE_COND,ROAD_DEFECT,REPORT_TYPE,CRASH_TYPE,INTERSECTION_RELATED_I,NOT_RIGHT_OF_WAY_I,HIT_AND_RUN_I,DAMAGE,DATE_POLICE_NOTIFIED,PRIM_CONTRIBUTORY_CAUSE,SEC_CONTRIBUTORY_CAUSE,STREET_NO,STREET_DIRECTION,STREET_NAME,BEAT_OF_OCCURRENCE,PHOTOS_TAKEN_I,STATEMENTS_TAKEN_I,DOORING_I,WORK_ZONE_I,WORK_ZONE_TYPE,WORKERS_PRESENT_I,NUM_UNITS,MOST_SEVERE_INJURY,INJURIES_TOTAL,INJURIES_FATAL,INJURIES_INCAPACITATING,INJURIES_NON_INCAPACITATING,INJURIES_REPORTED_NOT_EVIDENT,INJURIES_NO_INDICATION,INJURIES_UNKNOWN,CRASH_HOUR,CRASH_DAY_OF_WEEK,CRASH_MONTH,LATITUDE,LONGITUDE,LOCATION
8100cb1e89e123d65600b393920316841a9bcf61b5bdbc5ee298f13a479f02dcbd9e7472b8019eb3b21e83c61e16e1d6346320d7ac0dc455eddea8e6859cb46b,,07/10/2025 11:15:00 PM,30,TRAFFIC SIGNAL,FUNCTIONING PROPERLY,RAIN,"DARKNESS, LIGHTED ROAD",TURNING,FOUR WAY,,STRAIGHT AND LEVEL,WET,NO DEFECTS,ON SCENE,INJURY AND / OR TOW DUE TO CRASH,Y,,Y,"OVER $1,500",07/10/2025 11:17:00 PM,DISREGARDING TRAFFIC SIGNALS,FAILING TO REDUCE SPEED TO AVOID CRASH,3202,W,NORTH AVE,1421,,,,,,,2,NONINCAPACITATING INJURY,2,0,0,2,0,1,0,23,5,7,41.910223554,-87.7071065625,POINT (-87.707106562501 41.910223553999)
4e4189dcf88c8294016813a6df5d88a4390e1edbe585167b1f4f91a00b47ee752c08814cac928f4e7ab4eeff134ca64123f350eadba94e7487a1a43aebb85494,,07/10/2025 11:14:00 PM,30,TRAFFIC SIGNAL,FUNCTIONING PROPERLY,RAIN,"DARKNESS, LIGHTED ROAD",TURNING,FOUR WAY,,STRAIGHT AND LEVEL,WET,NO DEFECTS,ON SCENE,NO INJURY / DRIVE AWAY,Y,,,"OVER $1,500",07/10/2025 11:19:00 PM,IMPROPER TURNING/NO SIGNAL,IMPROPER TURNING/NO SIGNAL,10300,S,WESTERN AVE,2211,,,,,,,2,NO INDICATION OF INJURY,0,0,0,0,0,2,0,23,5,7,41.7062823319,-87.6817635946,POINT (-87.68176359458 41.706282331898)
a2321f9e73fa2dafe56da29477ac65d6d4e8b654c2f0b2443157c3511d30aebcf1d0e179424839fd57f4e90d29265c4e41e2981925f6b931f4eeebfc8eb79061,,07/10/2025 11:13:00 PM,30,NO CONTROLS,NO CONTROLS,RAIN,"DARKNESS, LIGHTED ROAD",REAR END,ONE-WAY,,STRAIGHT AND LEVEL,WET,NO DEFECTS,ON SCENE,NO INJURY / DRIVE AWAY,,,,"OVER $1,500",07/10/2025 11:40:00 PM,FOLLOWING TOO CLOSELY,WEATHER,33,W,ILLINOIS ST,1831,,,,,,,2,NO INDICATION OF INJURY,0,0,0,0,0,2,0,23,5,7,41.8907289081,-87.6293856562,POINT (-87.629385656182 41.89072890813)
7e783868dc247ad33fa234efcd8911abbb7ed552179bdf29c07c4cdecd0fd25893353eea11cf7cc225f77c6278cf4725c55db65089c70b6f259bc3bf16c6e51b,,07/10/2025 11:10:00 PM,30,NO CONTROLS,NO CONTROLS,RAIN,"DARKNESS, LIGHTED ROAD",SIDESWIPE SAME DIRECTION,NOT DIVIDED,,STRAIGHT AND LEVEL,WET,UNKNOWN,ON SCENE,INJURY AND / OR TOW DUE TO CRASH,,,,"OVER $1,500",07/10/2025 11:24:00 PM,IMPROPER TURNING/NO SIGNAL,FAILING TO YIELD RIGHT-OF-WAY,7121,S,ABERDEEN ST,733,,,,,,,2,NONINCAPACITATING INJURY,2,0,0,1,1,5,0,23,5,7,41.7644387272,-87.6515259413,POINT (-87.651525941334 41.764438727179)
f8160acc518aca3821d0b334dd7332a7707334716ba525563385504c0ee484e696381b056e3fc60025a7c3f7c7f9a9438e25dbbf04015303c33d2ce5d34fb508,,07/10/2025 11:05:00 PM,30,TRAFFIC SIGNAL,FUNCTIONING PROPERLY,RAIN,"DARKNESS, LIGHTED ROAD",REAR END,FOUR WAY,,STRAIGHT AND LEVEL,WET,NO DEFECTS,,NO INJURY / DRIVE AWAY,,,Y,"OVER $1,500",07/10/2025 11:07:00 PM,UNABLE TO DETERMINE,UNABLE TO DETERMINE,1852,W,LAWRENCE AVE,2032,,N,,,,,2,NO INDICATION OF INJURY,0,0,0,0,0,4,0,23,5,7,41.9689058017,-87.6761351984,POINT (-87.676135198402 41.968905801678)
2416838b2710414c4b1832df32f9ce30745bb6fda5ebc0edafeadf3250f48e9f77f78ff4c7cbe73e1e1f6978dc8a8937d8bf18672ad8f42357a5b13cd6f17c79,N,07/10/2025 11:01:00 PM,30,OTHER,UNKNOWN,RAIN,"DARKNESS, LIGHTED ROAD",REAR END,TRAFFIC ROUTE,,STRAIGHT AND LEVEL,WET,UNKNOWN,ON SCENE,NO INJURY / DRIVE AWAY,,,,"OVER $1,500",07/10/2025 11:01:00 PM,IMPROPER LANE USAGE,NOT APPLICABLE,3957,W,LAKE ST,1122,,,,,,,2,NO INDICATION OF INJURY,0,0,0,0,0,4,0,23,5,7,41.8853467746,-87.7255811273,POINT (-87.725581127344 41.885346774616)
2e79aacabf8e3ddc76fb3dea4f608ce129b01bb32bb047c1022df729bfbb01ffee28cff14e82961f779d6244b17091ee88a8f1aeec717bb078c294ca7cad5753,,07/10/2025 11:00:00 PM,30,NO CONTROLS,NO CONTROLS,RAIN,"DARKNESS, LIGHTED ROAD",PARKED MOTOR VEHICLE,ONE-WAY,,STRAIGHT AND LEVEL,WET,NO DEFECTS,NOT ON SCENE (DESK REPORT),NO INJURY / DRIVE AWAY,,,Y,"OVER $1,500",07/11/2025 02:17:00 PM,UNABLE TO DETERMINE,NOT APPLICABLE,3340,W,DOUGLAS BLVD,1021,,,,,,,2,NO INDICATION OF INJURY,0,0,0,0,0,1,0,23,5,7,41.8630267055,-87.7096247957,POINT (-87.709624795697 41.863026705534)
318328949152a2844cd4655e6310f0856b0b59a909cf785fbdf2e665fa25cb4f85a184d43bb1809326dbf837015481add86e7dd4639759a96dd54cdde4184f74,,07/10/2025 11:00:00 PM,30,NO CONTROLS,NO CONTROLS,RAIN,DARKNESS,PARKED MOTOR VEHICLE,NOT DIVIDED,,STRAIGHT AND LEVEL,WET,NO DEFECTS,NOT ON SCENE (DESK REPORT),INJURY AND / OR TOW DUE TO CRASH,,,Y,"OVER $1,500",07/10/2025 11:45:00 PM,UNABLE TO DETERMINE,NOT APPLICABLE,2711,S,PRINCETON AVE,914,,,,,,,2,NO INDICATION OF INJURY,0,0,0,0,0,1,0,23,5,7,41.8436732402,-87.6340934481,POINT (-87.634093448069 41.843673240197)
3a5d1e4fb6783644bef3c3e164578d630451f6b53ca638ae41e50dd114d39f16547d4b5ee227a87089646f4e8549ad3aa3469f8bbf689d6c5c304e6a1176cc8a,,07/10/2025 11:00:00 PM,35,STOP SIGN/FLASHER,FUNCTIONING PROPERLY,RAIN,"DARKNESS, LIGHTED ROAD",ANGLE,FOUR WAY,,STRAIGHT AND LEVEL,WET,UNKNOWN,ON SCENE,INJURY AND / OR TOW DUE TO CRASH,Y,,,"OVER $1,500",07/10/2025 11:15:00 PM,DISREGARDING STOP SIGN,NOT APPLICABLE,800,W,HUBBARD ST,1214,,,,,,,2,NONINCAPACITATING INJURY,1,0,0,1,0,1,0,23,5,7,41.8901948827,-87.6476686991,POINT (-87.647668699131 41.890194882661)
cfb9d49558e95d1caccbedad540a86009e26e85f6eca5290b8fd9bd0a22a5f2207f081b597f9ee98dbfa63f00fe7d853d950a871c2da101f77de8ccdfb89c145,,07/10/2025 11:00:00 PM,30,NO CONTROLS,NO CONTROLS,RAIN,"DARKNESS, LIGHTED ROAD",PARKED MOTOR VEHICLE,NOT DIVIDED,,STRAIGHT AND LEVEL,WET,NO DEFECTS,ON SCENE,INJURY AND / OR TOW DUE TO CRASH,,,,"OVER $1,500",07/10/2025 11:09:00 PM,WEATHER,UNABLE TO DETERMINE,1944,N,CICERO AVE,2533,,,,,,,2,NO INDICATION OF INJURY,0,0,0,0,0,1,0,23,5,7,41.9164396451,-87.7462283315,POINT (-87.746228331523 41.916439645093)
adc4be7bcf9f3d98b6150a7eace3c56ed628acf4cb642f49bec854cc4220fa22e69c6b515a5531b33c2aac6bdb3a518b7aeb6d83bbcbd0b1ca4265df47b07c8f,,07/10/2025 10:57:00 PM,30,TRAFFIC SIGNAL,FUNCTIONING PROPERLY,RAIN,DARKNESS,ANGLE,NOT DIVIDED,,STRAIGHT AND LEVEL,WET,NO DEFECTS,ON SCENE,INJURY AND / OR TOW DUE TO CRASH,Y,,,"OVER $1,500",07/10/2025 10:57:00 PM,DISREGARDING TRAFFIC SIGNALS,NOT APPLICABLE,5100,S,LAWNDALE AVE,822,,,,,,,5,INCAPACITATING INJURY,2,0,1,1,0,2,0,22,5,7,41.8005635028,-87.7161544228,POINT (-87.716154422752 41.800563502801)
1f615e1829b98633d66c7a93842af0710f2d62cd38f976fae92f62ece37f8cc693231afd245c2945f7460c35a37563a644db650ae092d2079ba1467ffce0c2e2,,07/10/2025 10:50:00 PM,30,NO CONTROLS,NO CONTROLS,RAIN,"DARKNESS, LIGHTED ROAD",SIDESWIPE SAME DIRECTION,ONE-WAY,,STRAIGHT AND LEVEL,WET,UNKNOWN,NOT ON SCENE (DESK REPORT),NO INJURY / DRIVE AWAY,,,Y,"$501 - $1,500",07/11/2025 10:40:00 AM,UNABLE TO DETERMINE,NOT APPLICABLE,9400,S,LAFAYETTE AVE,634,,,,,,,2,NO INDICATION OF INJURY,0,0,0,0,0,2,0,22,5,7,41.7234961816,-87.6252229911,POINT (-87.625222991138 41.723496181638)
c38e7dc22a54245df472f157c9a5f2261b55570869cdd14ed8829e5b058334ee3280a2f1e96e54c5da2e07b8cd08247f829222cd9993a979c56cb113ffccd3ac,,07/10/2025 10:49:00 PM,30,NO CONTROLS,NO CONTROLS,RAIN,"DARKNESS, LIGHTED ROAD",ANGLE,NOT DIVIDED,,STRAIGHT AND LEVEL,UNKNOWN,UNKNOWN,NOT ON SCENE (DESK REPORT),NO INJURY / DRIVE AWAY,,,,"OVER $1,500",07/11/2025 07:50:00 PM,UNABLE TO DETERMINE,NOT APPLICABLE,811,N,LA SALLE DR,1832,,,,,,,2,NO INDICATION OF INJURY,0,0,0,0,0,5,0,22,5,7,41.8969840742,-87.6325694723,POINT (-87.632569472325 41.896984074199)
cdb0c02893f97c739f49b22bae30dcc9e4aa114ea5870ac7fc778266a619ec05b435ba6c3530e699e859363fef717a3e69ca2520cd244c950cd39fcb4258ff5e,,07/10/2025 10:40:00 PM,30,TRAFFIC SIGNAL,FUNCTIONING PROPERLY,RAIN,"DARKNESS, LIGHTED ROAD",REAR END,DIVIDED - W/MEDIAN (NOT RAISED),,STRAIGHT AND LEVEL,WET,NO DEFECTS,NOT ON SCENE (DESK REPORT),NO INJURY / DRIVE AWAY,,,,"OVER $1,500",07/10/2025 11:15:00 PM,WEATHER,NOT APPLICABLE,5500,S,CICERO AVE,813,,,,,,,2,NO INDICATION OF INJURY,0,0,0,0,0,2,0,22,5,7,41.7929108835,-87.742077343,POINT (-87.742077342959 41.792910883497)
d22d456633688940f26775af2bd5eaf7260517a034244de35102e900235a09caed76ab251830106062da46a4ac1a917d2c4430e3af9e9abf86f39e91e90af130,,07/10/2025 10:40:00 PM,30,UNKNOWN,UNKNOWN,UNKNOWN,UNKNOWN,ANGLE,OTHER,,STRAIGHT AND LEVEL,UNKNOWN,UNKNOWN,,NO INJURY / DRIVE AWAY,,,,"OVER $1,500",07/11/2025 12:00:00 AM,UNABLE TO DETERMINE,UNABLE TO DETERMINE,7900,S,MICHIGAN AVE,623,,,,,,,2,NO INDICATION OF INJURY,0,0,0,0,0,2,0,22,5,7,41.7509139656,-87.6215299633,POINT (-87.621529963295 41.750913965595)
38ad8c3bbb87b02eab298bbe5994b270d4f90c90116891990cfa3acae84f64d5a4653e21c523f8bf48d36072b5c260d6f7440c4ecca42f78ebd9da712a574522,,07/10/2025 10:30:00 PM,30,UNKNOWN,UNKNOWN,RAIN,DARKNESS,SIDESWIPE SAME DIRECTION,T-INTERSECTION,,STRAIGHT AND LEVEL,WET,NO DEFECTS,NOT ON SCENE (DESK REPORT),INJURY AND / OR TOW DUE TO CRASH,,,Y,"OVER $1,500",07/10/2025 11:11:00 PM,IMPROPER LANE USAGE,NOT APPLICABLE,378,N,KENTON AVE,1113,,,,,,,2,NO INDICATION OF INJURY,0,0,0,0,0,4,0,22,5,7,41.887562407,-87.7404588906,POINT (-87.740458890567 41.887562407031)
0b64c1a4d43024168ed76707bc199d9955255a26f567f8bf0e0912126af33a56b505fba6ae08ea8f74d2b972f4c404f3e29d4f70bccd955501e0d218db06cc06,,07/10/2025 10:27:00 PM,30,NO CONTROLS,NO CONTROLS,RAIN,"DARKNESS, LIGHTED ROAD",REAR END,NOT DIVIDED,,STRAIGHT AND LEVEL,WET,NO DEFECTS,NOT ON SCENE (DESK REPORT),NO INJURY / DRIVE AWAY,,,Y,"$501 - $1,500",07/10/2025 11:15:00 PM,IMPROPER OVERTAKING/PASSING,FAILING TO YIELD RIGHT-OF-WAY,2525,N,HARLEM AVE,2512,,,,,,,2,NO INDICATION OF INJURY,0,0,0,0,0,2,0,22,5,7,41.9260732072,-87.8061808331,POINT (-87.806180833129 41.926073207164)
f4c94903ac8eecf48061e7eec1bf66306969b900dcaccc4f1b0a69f9420ae516e7bea9bb756f961f6b661c00732fb81c4f499df97e6c7b63483a9b8066594a9b,,07/10/2025 10:27:00 PM,30,NO CONTROLS,NO CONTROLS,CLEAR,"DARKNESS, LIGHTED ROAD",SIDESWIPE SAME DIRECTION,DIVIDED - W/MEDIAN (NOT RAISED),,STRAIGHT AND LEVEL,WET,UNKNOWN,NOT ON SCENE (DESK REPORT),NO INJURY / DRIVE AWAY,,,,"OVER $1,500",07/11/2025 02:00:00 PM,UNABLE TO DETERMINE,NOT APPLICABLE,656,E,115TH ST,531,,,,,,,2,NO INDICATION OF INJURY,0,0,0,0,0,3,0,22,5,7,41.6856003918,-87.6060615241,POINT (-87.606061524076 41.685600391814)
8e20539a520b5dab608f901ee89d6672900a4b7d99f26d5952a673a2b441439426d7621a4926e15f9cb3899f52e231cabd59ffae0fde4df7086b514629696fed,,07/10/2025 10:17:00 PM,30,TRAFFIC SIGNAL,FUNCTIONING PROPERLY,RAIN,DUSK,SIDESWIPE OPPOSITE DIRECTION,DIVIDED - W/MEDIAN (NOT RAISED),,STRAIGHT AND LEVEL,WET,NO DEFECTS,ON SCENE,INJURY AND / OR TOW DUE TO CRASH,,,,"OVER $1,500",07/10/2025 10:17:00 PM,WEATHER,WEATHER,7900,S,HALSTED ST,621,,,,,,,2,"REPORTED, NOT EVIDENT",1,0,0,0,1,1,0,22,5,7,41.7505495594,-87.6441883678,POINT (-87.644188367841 41.750549559439)
6212154d82b0424f224bb1b8c73be86644371cd070474404e9e142abb88c5462d11efa43b6b13e30095085ad6723684e03dc80982805109f494d414a7b750dbf,,07/10/2025 10:13:00 PM,30,TRAFFIC SIGNAL,FUNCTIONING PROPERLY,RAIN,"DARKNESS, LIGHTED ROAD",PEDESTRIAN,DIVIDED - W/MEDIAN (NOT RAISED),,STRAIGHT AND LEVEL,WET,NO DEFECTS,ON SCENE,INJURY AND / OR TOW DUE TO CRASH,,,,$500 OR LESS,07/10/2025 10:16:00 PM,FAILING TO YIELD RIGHT-OF-WAY,NOT APPLICABLE,137,W,OHIO ST,1831,,,,,,,2,NONINCAPACITATING INJURY,1,0,0,1,0,1,0,22,5,7,41.8922999643,-87.6325307791,POINT (-87.632530779107 41.892299964256)
7d682414481aee26e77b9938a5f12634999a075160e956413b2e50e0d368e9b6814a8462de8bc0fbff29dbe591140cc2142134009efc82847c096ee56aa39427,,07/10/2025 10:10:00 PM,30,TRAFFIC SIGNAL,UNKNOWN,UNKNOWN,UNKNOWN,REAR END,FOUR WAY,,STRAIGHT AND LEVEL,UNKNOWN,UNKNOWN,NOT ON SCENE (DESK REPORT),NO INJURY / DRIVE AWAY,Y,,Y,"OVER $1,500",07/10/2025 10:40:00 PM,UNABLE TO DETERMINE,UNABLE TO DETERMINE,502,N,ASHLAND AVE,1215,,,,,,,2,NO INDICATION OF INJURY,0,0,0,0,0,2,0,22,5,7,41.8910719586,-87.6672917504,POINT (-87.667291750438 41.891071958612)
b64ea4538af9d8bb803187f9658f8081831b6b893e8fadee6654f3e04289e0644c236627be5d325124b8a6fc1c193bacadeb8e6249a7f7a6490aac88fef51484,,07/10/2025 10:03:00 PM,30,TRAFFIC SIGNAL,FUNCTIONING PROPERLY,RAIN,"DARKNESS, LIGHTED ROAD",ANGLE,NOT DIVIDED,,STRAIGHT AND LEVEL,WET,NO DEFECTS,ON SCENE,INJURY AND / OR TOW DUE TO CRASH,Y,,,"OVER $1,500",07/10/2025 10:05:00 PM,UNABLE TO DETERMINE,UNABLE TO DETERMINE,4400,N,KIMBALL AVE,1723,,,,,,,2,NO INDICATION OF INJURY,0,0,0,0,0,3,0,22,5,7,41.9612187512,-87.7132851776,POINT (-87.713285177594 41.961218751227)
bd4d807d46774b01ca2668c759352bbcd2459a6553f38981c1bc32e14bbb03c9736aae68ddc69327edba80315f537cb27b34ee44739676de001106c119974846,,07/10/2025 10:00:00 PM,35,NO CONTROLS,NO CONTROLS,RAIN,"DARKNESS, LIGHTED ROAD",PEDESTRIAN,NOT DIVIDED,,STRAIGHT AND LEVEL,WET,NO DEFECTS,,INJURY AND / OR TOW DUE TO CRASH,,,Y,$500 OR LESS,07/10/2025 10:42:00 PM,UNABLE TO DETERMINE,UNABLE TO DETERMINE,437,E,PERSHING RD,214,,Y,,,,,2,NONINCAPACITATING INJURY,1,0,0,1,0,1,0,22,5,7,41.823747833,-87.6152919205,POINT (-87.615291920496 41.823747833037)
308223d0dcdf4da56b1595a44056cf615c2f217e7b0fce5e91e0bd1a6a2843e7a5aef47f62c679d156bca7ca7b82c303deadb068864690a7760086b2a9c1d424,,07/10/2025 09:31:00 PM,30,UNKNOWN,NO CONTROLS,RAIN,DARKNESS,FIXED OBJECT,ONE-WAY,,STRAIGHT AND LEVEL,WET,UNKNOWN,ON SCENE,INJURY AND / OR TOW DUE TO CRASH,Y,N,,"OVER $1,500",07/10/2025 09:51:00 PM,WEATHER,NOT APPLICABLE,3332,W,HURON ST,1121,,,,,,,1,"REPORTED, NOT EVIDENT",2,0,0,0,2,0,0,21,5,7,41.8937989855,-87.7101036029,POINT (-87.710103602921 41.893798985526)
78412f0e3520ebe34047ed4250c17322383f354a87523defff2f4d8e49117e3cd42adc7922515ce128dd57db0289db61508fd448b5613a1a0cebb0cbec0947cc,,07/10/2025 09:25:00 PM,40,NO CONTROLS,NO CONTROLS,RAIN,"DARKNESS, LIGHTED ROAD",ANGLE,DIVIDED - W/MEDIAN BARRIER,,STRAIGHT AND LEVEL,WET,UNKNOWN,NOT ON SCENE (DESK REPORT),NO INJURY / DRIVE AWAY,,,,"OVER $1,500",07/10/2025 11:00:00 PM,IMPROPER LANE USAGE,FAILING TO YIELD RIGHT-OF-WAY,2833,N,LAKE SHORE DR NB,1934,,,,,,,2,NO INDICATION OF INJURY,0,0,0,0,0,2,0,21,5,7,41.9335933173,-87.6318098409,POINT (-87.631809840882 41.933593317347)
693467bb125706679fa882609a013fa46ea086a55addb9315f528928645117e240e524472a8b2360babc85905d8fb4568907eb88fb77f7ada8f34bf0f9f9c59b,,07/10/2025 09:22:00 PM,30,STOP SIGN/FLASHER,NO CONTROLS,RAIN,"DARKNESS, LIGHTED ROAD",ANGLE,UNKNOWN INTERSECTION TYPE,,STRAIGHT AND LEVEL,WET,NO DEFECTS,ON SCENE,INJURY AND / OR TOW DUE TO CRASH,,,,"OVER $1,500",07/10/2025 09:22:00 PM,UNABLE TO DETERMINE,NOT APPLICABLE,8801,S,STONY ISLAND AVE,412,,,,,,,2,NO INDICATION OF INJURY,0,0,0,0,0,2,0,21,5,7,41.7350045761,-87.5850286597,POINT (-87.58502865972 41.735004576136)
9350aa21fd9b9432a22911635dece72895874698e8cefd0dd84e9b5e1d50bb56f3a196e8a4265cc6fb3c70dbebf13e8e93af3fe23186e3bf50914d2ab5411b00,,07/10/2025 09:21:00 PM,30,NO CONTROLS,UNKNOWN,RAIN,DARKNESS,SIDESWIPE OPPOSITE DIRECTION,DIVIDED - W/MEDIAN BARRIER,,STRAIGHT AND LEVEL,WET,UNKNOWN,ON SCENE,NO INJURY / DRIVE AWAY,,,,"OVER $1,500",07/10/2025 09:22:00 PM,DRIVING ON WRONG SIDE/WRONG WAY,FAILING TO REDUCE SPEED TO AVOID CRASH,1141,E,79TH ST,411,,,,,,,2,NO INDICATION OF INJURY,0,0,0,0,0,2,0,21,5,7,41.7512671018,-87.596259029,POINT (-87.596259029006 41.751267101812)
80ffbb29d347e63885335e2a636a12c27d8078cf5eb0eb6a0c3ecc0d4697b25f8b354ff7865f9dbe903edeef62990aed813d1b0ec64d769a0b1d77b3889a3295,,07/10/2025 09:20:00 PM,20,TRAFFIC SIGNAL,FUNCTIONING PROPERLY,RAIN,"DARKNESS, LIGHTED ROAD",SIDESWIPE SAME DIRECTION,FOUR WAY,,STRAIGHT AND LEVEL,WET,NO DEFECTS,NOT ON SCENE (DESK REPORT),NO INJURY / DRIVE AWAY,Y,,,"OVER $1,500",07/11/2025 09:30:00 AM,IMPROPER OVERTAKING/PASSING,"VISION OBSCURED (SIGNS, TREE LIMBS, BUILDINGS, ETC.)",799,S,ACCESS RD,1654,,,,,,,2,NO INDICATION OF INJURY,0,0,0,0,0,2,0,21,5,7,,,
4d23dfec576361c58acb962cd884cf5d0d4b5e69382ecd069252e13bb87f6c8c11f5806d4c9c9dbd386d65a5afee8b296e279a7f1b66ad0a43eb0b26dd4978db,,07/10/2025 09:18:00 PM,30,TRAFFIC SIGNAL,FUNCTIONING PROPERLY,RAIN,"DARKNESS, LIGHTED ROAD",TURNING,FOUR WAY,,STRAIGHT AND LEVEL,WET,NO DEFECTS,ON SCENE,INJURY AND / OR TOW DUE TO CRASH,Y,,,"OVER $1,500",07/10/2025 09:41:00 PM,FAILING TO YIELD RIGHT-OF-WAY,UNABLE TO DETERMINE,6831,W,FOREST PRESERVE AVE,1632,,,,,,,2,NONINCAPACITATING INJURY,1,0,0,1,0,2,0,21,5,7,41.9583173523,-87.7976884667,POINT (-87.797688466696 41.958317352276)
5ffa5e7d35730fe300ca1db918db1d3ebd4b61ae8ce0bfe1e4fa549cc6bcea63c22a1f580992f5ddb2ce778267932498ecade04a466f6511374673134f9a1aad,,07/10/2025 09:15:00 PM,30,TRAFFIC SIGNAL,FUNCTIONING PROPERLY,RAIN,"DARKNESS, LIGHTED ROAD",TURNING,FOUR WAY,,STRAIGHT AND LEVEL,WET,NO DEFECTS,ON SCENE,INJURY AND / OR TOW DUE TO CRASH,Y,,Y,"OVER $1,500",07/10/2025 09:50:00 PM,FAILING TO YIELD RIGHT-OF-WAY,UNABLE TO DETERMINE,1848,W,DEVON AVE,2432,,,,,,,2,"REPORTED, NOT EVIDENT",1,0,0,0,1,1,0,21,5,7,41.9980700483,-87.6767754344,POINT (-87.676775434372 41.998070048285)
a03721e711bfacc33442d0c8724b28f3dbcb2624b2ced0174914a748b4f6af96c52fae8b7839274842f8cc8615a63c163282d7a1c39cdacc41c76ff41a503d6a,,07/10/2025 09:06:00 PM,30,NO CONTROLS,NO CONTROLS,RAIN,"DARKNESS, LIGHTED ROAD",ANGLE,NOT DIVIDED,,STRAIGHT AND LEVEL,WET,NO DEFECTS,ON SCENE,INJURY AND / OR TOW DUE TO CRASH,,,Y,"OVER $1,500",07/10/2025 09:34:00 PM,"OPERATING VEHICLE IN ERRATIC, RECKLESS, CARELESS, NEGLIGENT OR AGGRESSIVE MANNER",NOT APPLICABLE,2410,W,24TH ST,1034,,,,,,,2,INCAPACITATING INJURY,2,0,2,0,0,1,0,21,5,7,41.8485025838,-87.6860142363,POINT (-87.68601423632 41.84850258385)
459bedc185deb883a42134be1aacb897aed4e85f22036093f4421f5b676c3b65f0d700c583b86f4c1e61966d191c4745ee878cbe0e1dc0b2e98cdfc5daf6da8b,,07/10/2025 09:00:00 PM,30,NO CONTROLS,NO CONTROLS,RAIN,DARKNESS,TURNING,DIVIDED - W/MEDIAN (NOT RAISED),,STRAIGHT AND LEVEL,WET,NO DEFECTS,ON SCENE,INJURY AND / OR TOW DUE TO CRASH,Y,,,"OVER $1,500",07/10/2025 09:15:00 PM,FAILING TO REDUCE SPEED TO AVOID CRASH,FAILING TO REDUCE SPEED TO AVOID CRASH,158,W,MARQUETTE RD,722,,,,,,,2,NO INDICATION OF INJURY,0,0,0,0,0,2,0,21,5,7,41.7728224338,-87.6297282069,POINT (-87.629728206947 41.772822433806)
eb80382b362923316fe8352fb77364a849fdc42ec6a47f9771e8ee7451bacaa30a24f7fe12216b1f8ddad8cafe96767410b214ca254dd65d2cf71b7cb2cb1cb5,,07/10/2025 09:00:00 PM,30,NO CONTROLS,NO CONTROLS,RAIN,"DARKNESS, LIGHTED ROAD",PARKED MOTOR VEHICLE,NOT DIVIDED,,STRAIGHT AND LEVEL,WET,NO DEFECTS,NOT ON SCENE (DESK REPORT),INJURY AND / OR TOW DUE TO CRASH,,,Y,"OVER $1,500",07/14/2025 07:50:00 PM,FAILING TO REDUCE SPEED TO AVOID CRASH,NOT APPLICABLE,2939,N,CENTRAL AVE,2514,,,,,,,2,NO INDICATION OF INJURY,0,0,0,0,0,1,0,21,5,7,41.934272158,-87.7662011429,POINT (-87.766201142948 41.934272157994)
345ab43be260f79c8c94c7e3c06ee2a8203a483e68b6f523e6ef2ce233465f22d18756f8e95bd2f89b7a58b51b224fd1dfd93a7f406172ea55667e4f09303492,,07/10/2025 08:55:00 PM,30,TRAFFIC SIGNAL,FUNCTIONING PROPERLY,CLEAR,"DARKNESS, LIGHTED ROAD",REAR END,NOT DIVIDED,,STRAIGHT AND LEVEL,WET,NO DEFECTS,NOT ON SCENE (DESK REPORT),NO INJURY / DRIVE AWAY,,,Y,"OVER $1,500",07/10/2025 09:20:00 PM,UNABLE TO DETERMINE,UNABLE TO DETERMINE,134,N,CICERO AVE,1532,,,,,,,2,NO INDICATION OF INJURY,0,0,0,0,0,4,0,20,5,7,41.8829957546,-87.7455177869,POINT (-87.745517786886 41.882995754616)