CRASH_RECORD_ID,CRASH_DATE_EST_I,CRASH_DATE,POSTED_SPEED_LIMIT,TRAFFIC_CONTROL_DEVICE,DEVICE_CONDITION,WEATHER_CONDITION,LIGHTING_CONDITION,FIRST_CRASH_TYPE,TRAFFICWAY_TYPE,LANE_CNT,ALIGNMENT,ROADWAY_SURFACE_COND,ROAD_DEFECT,REPORT_TYPE,CRASH_TYPE,INTERSECTION_RELATED_I,NOT_RIGHT_OF_WAY_I,HIT_AND_RUN_I,DAMAGE,DATE_POLICE_NOTIFIED,PRIM_CONTRIBUTORY_CAUSE,SEC_CONTRIBUTORY_CAUSE,STREET_NO,STREET_DIRECTION,STREET_NAME,BEAT_OF_OCCURRENCE,PHOTOS_TAKEN_I,STATEMENTS_TAKEN_I,DOORING_I,WORK_ZONE_I,WORK_ZONE_TYPE,WORKERS_PRESENT_I,NUM_UNITS,MOST_SEVERE_INJURY,INJURIES_TOTAL,INJURIES_FATAL,INJURIES_INCAPACITATING,INJURIES_NON_INCAPACITATING,INJURIES_REPORTED_NOT_EVIDENT,INJURIES_NO_INDICATION,INJURIES_UNKNOWN,CRASH_HOUR,CRASH_DAY_OF_WEEK,CRASH_MONTH,LATITUDE,LONGITUDE,LOCATION
7376955239029b06f6ef611933a23651c0ae5ab2702a8a506b733f4452952d94d0e07e0a666c20e3836f99ef7bffe6a0b04f3f9d6c5a73aed78729da9b9e582d,,07/10/2025 08:45:00 PM,35,NO CONTROLS,NO CONTROLS,RAIN,"DARKNESS, LIGHTED ROAD",TURNING,NOT DIVIDED,,STRAIGHT AND LEVEL,WET,NO DEFECTS,ON SCENE,INJURY AND / OR TOW DUE TO CRASH,,,,"OVER $1,500",07/10/2025 08:50:00 PM,IMPROPER OVERTAKING/PASSING,UNABLE TO DETERMINE,2346,W,119TH ST,2212,,,,,,,2,"REPORTED, NOT EVIDENT",1,0,0,0,1,5,0,20,5,7,41.6773626371,-87.680599498,POINT (-87.680599497959 41.677362637062)
58220bffa25d751f2e0e24586ac411f23fdb8146eaee98cadb36a1c8cc721787001c56288638e1f4fdb119f435163ebc2e958a14c08283ce8c47988c4852b429,,07/10/2025 08:39:00 PM,30,YIELD,OTHER,RAIN,"DARKNESS, LIGHTED ROAD",PEDESTRIAN,NOT DIVIDED,,"CURVE, LEVEL",WET,NO DEFECTS,ON SCENE,NO INJURY / DRIVE AWAY,,,Y,"OVER $1,500",07/10/2025 08:40:00 PM,UNABLE TO DETERMINE,NOT APPLICABLE,1002,W,IRVING PARK RD,1915,,,,,,,2,NO INDICATION OF INJURY,0,0,0,0,0,2,0,20,5,7,41.9545956543,-87.6547114713,POINT (-87.654711471329 41.954595654319)
88c7927c1dcbbff4bb6550292e2700089e7f80929ac87ab8d7181d27bac3fa1f174cc949dff0df2f31dfd2128a1991b196182f1ed0c0275ca710ca9b2a19ac92,,07/10/2025 08:34:00 PM,30,UNKNOWN,UNKNOWN,RAIN,"DARKNESS, LIGHTED ROAD",PARKED MOTOR VEHICLE,NOT DIVIDED,,STRAIGHT AND LEVEL,WET,UNKNOWN,ON SCENE,INJURY AND / OR TOW DUE TO CRASH,,,Y,"OVER $1,500",07/10/2025 08:54:00 PM,PHYSICAL CONDITION OF DRIVER,NOT APPLICABLE,2726,N,MOBILE AVE,2512,,,,,,,2,INCAPACITATING INJURY,1,0,1,0,0,0,0,20,5,7,41.9300327671,-87.7833714392,POINT (-87.783371439198 41.930032767083)
0e77f127ea23d4b770458b768bc01053a8c4c6d5ff0837e258d5dd992d4559454ede5e2a029ba1f4bb9cb3fe89d5d2f4b258b167a6dec278bca419de26ec3634,,07/10/2025 08:30:00 PM,30,STOP SIGN/FLASHER,UNKNOWN,RAIN,"DARKNESS, LIGHTED ROAD",SIDESWIPE SAME DIRECTION,FOUR WAY,,STRAIGHT AND LEVEL,WET,UNKNOWN,NOT ON SCENE (DESK REPORT),NO INJURY / DRIVE AWAY,,,,"OVER $1,500",07/10/2025 10:45:00 PM,UNABLE TO DETERMINE,NOT APPLICABLE,3600,W,IRVING PARK RD,1723,,,,,,,2,NO INDICATION OF INJURY,0,0,0,0,0,2,0,20,5,7,41.9538932012,-87.7178856706,POINT (-87.717885670552 41.953893201193)
bb151f7fb43c91bfbdb00aa132a5280637181c5d86da4f43528eca3bcd5d17357af95025dcbdf42841225a1625071f366fa7d470b51755740493dd22970f1f63,,07/10/2025 08:30:00 PM,30,NO CONTROLS,NO CONTROLS,RAIN,DUSK,REAR END,NOT DIVIDED,,STRAIGHT AND LEVEL,WET,UNKNOWN,NOT ON SCENE (DESK REPORT),NO INJURY / DRIVE AWAY,,,Y,"OVER $1,500",07/10/2025 09:10:00 PM,FOLLOWING TOO CLOSELY,NOT APPLICABLE,1348,W,LAWRENCE AVE,2033,,,,,,,3,NO INDICATION OF INJURY,0,0,0,0,0,4,0,20,5,7,41.9690635889,-87.6643601258,POINT (-87.664360125808 41.969063588878)
ef2af534efd5ecf15369655bb89437cd7e746f2c7fd7b72a3a9a013dc7278de81ac47efcc5ce01187f1dc29e1a17f54be7779aa8ed38e87943857ec9999c42ff,,07/10/2025 08:30:00 PM,25,NO CONTROLS,NO CONTROLS,CLEAR,DUSK,REAR END,NOT DIVIDED,,STRAIGHT AND LEVEL,DRY,UNKNOWN,NOT ON SCENE (DESK REPORT),NO INJURY / DRIVE AWAY,,,,"$501 - $1,500",07/13/2025 10:45:00 AM,UNABLE TO DETERMINE,UNABLE TO DETERMINE,1838,N,ELSTON AVE,1433,,,,,,,2,NO INDICATION OF INJURY,0,0,0,0,0,2,0,20,5,7,41.9157782372,-87.6660782909,POINT (-87.666078290938 41.915778237233)
f2cd868af889c20949c4c60c1df74dcfa938a5e30ce90ea955ad0f2ff3f24ca02de1ccc4fc1bcd946ee021007c0b033d912477e8f4f3b187289ff3cdbb1cd46d,,07/10/2025 08:30:00 PM,30,NO CONTROLS,NO CONTROLS,RAIN,DARKNESS,TURNING,FOUR WAY,,STRAIGHT AND LEVEL,WET,NO DEFECTS,NOT ON SCENE (DESK REPORT),NO INJURY / DRIVE AWAY,Y,,,"OVER $1,500",07/10/2025 09:40:00 PM,UNABLE TO DETERMINE,WEATHER,3407,W,MADISON ST,1123,,,,,,,2,NO INDICATION OF INJURY,0,0,0,0,0,3,0,20,5,7,41.8808046152,-87.7113754959,POINT (-87.711375495917 41.8808046152)
3629c912e4f3a7ad144a227d58c72fa11f613d8e42f3807b76221c5525e531ec4a72a13572773b9019f5ff1632f0dd0cbbed035e7dcd1f08f3d9ed20d7e1827f,,07/10/2025 08:24:00 PM,30,NO CONTROLS,NO CONTROLS,RAIN,"DARKNESS, LIGHTED ROAD",PARKED MOTOR VEHICLE,DIVIDED - W/MEDIAN (NOT RAISED),,STRAIGHT AND LEVEL,WET,NO DEFECTS,NOT ON SCENE (DESK REPORT),INJURY AND / OR TOW DUE TO CRASH,,,,"$501 - $1,500",07/10/2025 09:40:00 PM,EQUIPMENT - VEHICLE CONDITION,NOT APPLICABLE,3032,W,55TH ST,923,,,,,,,2,NO INDICATION OF INJURY,0,0,0,0,0,1,0,20,5,7,41.7936874462,-87.7001085695,POINT (-87.700108569514 41.793687446189)
705129d542b13d2538e6f2a6fd9d043da3d371f79c0edfcc74562942f31e1c619570efcdce2fe049b85f64042f2d59377e6f4cdc5f1b6621c42437877f577271,,07/10/2025 08:18:00 PM,30,TRAFFIC SIGNAL,FUNCTIONING PROPERLY,RAIN,DAYLIGHT,REAR END,NOT DIVIDED,,STRAIGHT AND LEVEL,WET,NO DEFECTS,ON SCENE,NO INJURY / DRIVE AWAY,Y,,,"$501 - $1,500",07/10/2025 08:19:00 PM,FOLLOWING TOO CLOSELY,DRIVING SKILLS/KNOWLEDGE/EXPERIENCE,5801,W,AUGUSTA BLVD,1511,,,,,,,2,NO INDICATION OF INJURY,0,0,0,0,0,2,0,20,5,7,41.8983166225,-87.7704419858,POINT (-87.770441985791 41.898316622549)
f0f15e4d2e1c862570c955596e4c3908de0160d6409118eb245ce1cc774abb3b1eded4258fdb009354f8c692daa8422b82d836c5c88fa515f7eb42a5b87d5023,,07/10/2025 08:10:00 PM,30,TRAFFIC SIGNAL,FUNCTIONING PROPERLY,RAIN,"DARKNESS, LIGHTED ROAD",ANGLE,FOUR WAY,,STRAIGHT AND LEVEL,DRY,UNKNOWN,NOT ON SCENE (DESK REPORT),INJURY AND / OR TOW DUE TO CRASH,Y,,,"$501 - $1,500",07/10/2025 09:20:00 PM,FAILING TO YIELD RIGHT-OF-WAY,FAILING TO YIELD RIGHT-OF-WAY,750,N,ABERDEEN ST,1215,,,,,,,2,"REPORTED, NOT EVIDENT",1,0,0,0,1,1,0,20,5,7,41.8953733077,-87.6553039374,POINT (-87.655303937434 41.8953733077)
087d37029fa1bf25dd5d9cfd78a2523f9cffbe8005a00fbb1d6234fa0b12457bcfc89dc0415e70a74aa2152be6b426d73913c369fe2288375b461cb370d589e4,,07/10/2025 08:09:00 PM,10,NO CONTROLS,NO CONTROLS,CLEAR,"DARKNESS, LIGHTED ROAD",PARKED MOTOR VEHICLE,UNKNOWN INTERSECTION TYPE,,STRAIGHT AND LEVEL,DRY,NO DEFECTS,ON SCENE,INJURY AND / OR TOW DUE TO CRASH,,,,"OVER $1,500",07/10/2025 08:18:00 PM,UNABLE TO DETERMINE,NOT APPLICABLE,100,E,LOWER WACKER DR,114,,,,N,,,2,NO INDICATION OF INJURY,0,0,0,0,0,1,0,20,5,7,41.888432092,-87.6244246869,POINT (-87.624424686932 41.88843209205)
2864f372a8457e6137e0e86fa1a2886ea14fd2a2cd5345119035fd4c7e761c10698357c04df19e71291dd4a0c1870ee9fc054ea66fe5dbd8c63c75c78f1ecbd1,,07/10/2025 08:00:00 PM,35,TRAFFIC SIGNAL,FUNCTIONING PROPERLY,RAIN,"DARKNESS, LIGHTED ROAD",ANGLE,DIVIDED - W/MEDIAN (NOT RAISED),,STRAIGHT AND LEVEL,WET,NO DEFECTS,NOT ON SCENE (DESK REPORT),INJURY AND / OR TOW DUE TO CRASH,,,Y,"OVER $1,500",07/10/2025 08:30:00 PM,FAILING TO YIELD RIGHT-OF-WAY,UNABLE TO DETERMINE,7900,S,HALSTED ST,621,,,,,,,2,NONINCAPACITATING INJURY,1,0,0,1,0,1,0,20,5,7,41.7505495594,-87.6441883678,POINT (-87.644188367841 41.750549559439)
6a79c77ac0a73ea9b345c0412b11c6a42a2b86fceb4a36753d11abef6c79a3d05c8c5173c36116153051795eedbc68d8f668749f979d2525b38239b29b121e4e,,07/10/2025 08:00:00 PM,30,NO CONTROLS,NO CONTROLS,RAIN,"DARKNESS, LIGHTED ROAD",SIDESWIPE SAME DIRECTION,NOT DIVIDED,,STRAIGHT AND LEVEL,WET,NO DEFECTS,NOT ON SCENE (DESK REPORT),NO INJURY / DRIVE AWAY,,,Y,"OVER $1,500",07/10/2025 09:10:00 PM,IMPROPER LANE USAGE,DRIVING SKILLS/KNOWLEDGE/EXPERIENCE,3600,W,NORTH AVE,2535,,,,,,,2,NO INDICATION OF INJURY,0,0,0,0,0,2,0,20,5,7,41.9101032513,-87.7167561833,POINT (-87.71675618326 41.910103251294)
a1c1d97ac339920eca437f01afb3bc850bd9ab44064f686d143eff82c78988a1607905662b0ee437bfab08b80a43f60efbb972f30b529100e5f053b84585401e,,07/10/2025 07:40:00 PM,30,TRAFFIC SIGNAL,UNKNOWN,UNKNOWN,UNKNOWN,TURNING,FOUR WAY,,STRAIGHT AND LEVEL,UNKNOWN,UNKNOWN,NOT ON SCENE (DESK REPORT),NO INJURY / DRIVE AWAY,,,,"OVER $1,500",07/11/2025 03:00:00 PM,IMPROPER TURNING/NO SIGNAL,NOT APPLICABLE,144,E,DELAWARE PL,1833,,,,,,,2,NO INDICATION OF INJURY,0,0,0,0,0,3,0,19,5,7,41.8993192504,-87.6241761687,POINT (-87.624176168657 41.899319250447)
b91ce42a27880d8d75c7a69fbab2e88bcb18c2a51c983baf9e4895eec85cf8c444fe523791748f6b18336247d622425b7f6d8861412d40f461a0733c484eec15,,07/10/2025 07:40:00 PM,30,TRAFFIC SIGNAL,FUNCTIONING PROPERLY,RAIN,"DARKNESS, LIGHTED ROAD",PEDALCYCLIST,NOT DIVIDED,,STRAIGHT AND LEVEL,WET,NO DEFECTS,ON SCENE,NO INJURY / DRIVE AWAY,N,,Y,$500 OR LESS,07/10/2025 07:48:00 PM,UNABLE TO DETERMINE,UNABLE TO DETERMINE,1307,N,MILWAUKEE AVE,1433,,,,,,,2,NO INDICATION OF INJURY,0,0,0,0,0,2,0,19,5,7,41.9054973981,-87.6695954567,POINT (-87.669595456724 41.905497398084)
3f7ad544845c1aba49ffd20292a15514ef77df72e7945212b7d46aa226b43f33ab3b0d8a3bb34298766efafb34e0c28c90e31b17fb1537c0c7ec3e6c6ea46300,,07/10/2025 07:30:00 PM,30,NO CONTROLS,NO CONTROLS,RAIN,DUSK,REAR END,ONE-WAY,,STRAIGHT AND LEVEL,WET,NO DEFECTS,ON SCENE,NO INJURY / DRIVE AWAY,,,N,"OVER $1,500",07/10/2025 07:32:00 PM,"OPERATING VEHICLE IN ERRATIC, RECKLESS, CARELESS, NEGLIGENT OR AGGRESSIVE MANNER",UNABLE TO DETERMINE,4040,W,ARTHINGTON ST,1132,,,,,,,2,NO INDICATION OF INJURY,0,0,0,0,0,2,0,19,5,7,41.8701147605,-87.7269562586,POINT (-87.726956258626 41.870114760538)
b6f59609b05b7b703f178a040ffea0a99340d65fbfb119a755f81e0f9c75d2b25f32ce576431c39e5bf0c7feae1c467067b75c423298fc633f63fd01de0a0d0f,,07/10/2025 07:30:00 PM,35,STOP SIGN/FLASHER,FUNCTIONING PROPERLY,RAIN,"DARKNESS, LIGHTED ROAD",ANGLE,DIVIDED - W/MEDIAN (NOT RAISED),,STRAIGHT AND LEVEL,WET,NO DEFECTS,NOT ON SCENE (DESK REPORT),NO INJURY / DRIVE AWAY,,,,"OVER $1,500",07/10/2025 08:40:00 PM,FAILING TO YIELD RIGHT-OF-WAY,UNABLE TO DETERMINE,7900,S,WABASH AVE,623,,,,,,,2,NO INDICATION OF INJURY,0,0,0,0,0,2,0,19,5,7,41.7508848447,-87.6231392595,POINT (-87.623139259499 41.750884844676)
c4425bbc9100fa41dede24cff2ca07da8d14f4f7f23d25d607981e46033d58f607e291cc652b107fea7602c14c487f45e22184ef4475b6ba9efa4eed12397496,,07/10/2025 07:30:00 PM,30,STOP SIGN/FLASHER,FUNCTIONING PROPERLY,RAIN,"DARKNESS, LIGHTED ROAD",REAR END,NOT DIVIDED,,STRAIGHT AND LEVEL,WET,NO DEFECTS,NOT ON SCENE (DESK REPORT),INJURY AND / OR TOW DUE TO CRASH,,,,"OVER $1,500",07/10/2025 09:05:00 PM,WEATHER,FAILING TO REDUCE SPEED TO AVOID CRASH,5524,W,HARRISON ST,1522,,,,,,,2,"REPORTED, NOT EVIDENT",3,0,0,0,3,2,0,19,5,7,41.8729624879,-87.7625909791,POINT (-87.762590979142 41.872962487949)
f03bc10ba3cd1ab3b86805b63a34b0113f72dfe92c8190bfa29c31bca8ba6d87b2832579c9ac51a878b17a6f670fd0ee5cc76aa6064b6c02bf1a8891fbc46296,,07/10/2025 07:30:00 PM,30,TRAFFIC SIGNAL,FUNCTIONING PROPERLY,RAIN,DAYLIGHT,SIDESWIPE SAME DIRECTION,DIVIDED - W/MEDIAN (NOT RAISED),,STRAIGHT AND LEVEL,WET,UNKNOWN,NOT ON SCENE (DESK REPORT),NO INJURY / DRIVE AWAY,Y,,,"OVER $1,500",07/11/2025 09:10:00 AM,FAILING TO YIELD RIGHT-OF-WAY,FAILING TO REDUCE SPEED TO AVOID CRASH,1749,N,HARLEM AVE,2513,,,,,,,2,NO INDICATION OF INJURY,0,0,0,0,0,2,0,19,5,7,41.9121607329,-87.805731108,POINT (-87.805731107966 41.912160732884)
2b21edf4b5c1acc2a439b3c184bf538ce030f060bf369b0e731ee5237858f05aabf74c7cfb929c34af2dd782cd61290366a1486be757298aea9fc46c5c1890be,,07/10/2025 07:22:00 PM,30,NO CONTROLS,NO CONTROLS,RAIN,"DARKNESS, LIGHTED ROAD",PARKED MOTOR VEHICLE,ONE-WAY,,STRAIGHT AND LEVEL,WET,NO DEFECTS,ON SCENE,INJURY AND / OR TOW DUE TO CRASH,,,,"$501 - $1,500",07/10/2025 07:56:00 PM,DRIVING ON WRONG SIDE/WRONG WAY,NOT APPLICABLE,3708,W,68TH ST,833,,,,,,,2,NO INDICATION OF INJURY,0,0,0,0,0,1,0,19,5,7,41.769771022,-87.7156070395,POINT (-87.715607039474 41.769771022045)
b060780dfdb8580d5f2e21f36fb3eb2a3fb17727f69914a181324c08b5a3ff3f51264fed2d57b3aeb0663a7ef8afb93a1ec6e8812a09dc41fdf721589a4de9a4,,07/10/2025 07:20:00 PM,25,NO CONTROLS,NO CONTROLS,RAIN,"DARKNESS, LIGHTED ROAD",PARKED MOTOR VEHICLE,ONE-WAY,,"CURVE, LEVEL",WET,NO DEFECTS,NOT ON SCENE (DESK REPORT),NO INJURY / DRIVE AWAY,,,Y,"OVER $1,500",07/11/2025 09:45:00 AM,UNABLE TO DETERMINE,NOT APPLICABLE,778,E,SOLIDARITY DR,132,,,,,,,2,NO INDICATION OF INJURY,0,0,0,0,0,2,0,19,5,7,41.8665713748,-87.610331988,POINT (-87.61033198795 41.866571374775)
b2371eb984950fc954ffa67c5c3e03f2a467cbf99211d10aa6014343129e2a313f019b48bc95e9a14d0d27d24aa76cc66bf837434cfd8efddaf99319d47fda5f,,07/10/2025 07:20:00 PM,30,NO CONTROLS,NO CONTROLS,RAIN,DUSK,TURNING,NOT DIVIDED,,STRAIGHT AND LEVEL,WET,NO DEFECTS,ON SCENE,NO INJURY / DRIVE AWAY,,,,"OVER $1,500",07/10/2025 07:23:00 PM,FAILING TO YIELD RIGHT-OF-WAY,NOT APPLICABLE,3952,W,24TH ST,1013,,,,,,,2,NO INDICATION OF INJURY,0,0,0,0,0,3,0,19,5,7,41.8480278,-87.7243926748,POINT (-87.724392674846 41.848027799992)
3bf853ab9ef51f8630c12c3e2c08a0bfcddd62d00d09a32be1b6009e587ec83db62873b5e803b851b4bf6e0d685e20935aedbb5bd8b21312abe320997003c97c,,07/10/2025 07:15:00 PM,20,NO CONTROLS,NO CONTROLS,CLOUDY/OVERCAST,DUSK,REAR TO SIDE,PARKING LOT,,STRAIGHT AND LEVEL,DRY,NO DEFECTS,NOT ON SCENE (DESK REPORT),NO INJURY / DRIVE AWAY,,,,"OVER $1,500",07/10/2025 07:40:00 PM,DRIVING SKILLS/KNOWLEDGE/EXPERIENCE,UNABLE TO DETERMINE,2300,W,87TH ST,614,,,,,,,2,NO INDICATION OF INJURY,0,0,0,0,0,2,0,19,5,7,41.7356685435,-87.680411707,POINT (-87.680411706994 41.735668543508)
0b4f73b76f161f5a560fbcdf69f2ad709d316df15cbe255fc15390a536eb07cd913f4e776d903acfdfc0260c6319e07eb24e6a23e7a343bf55cc231cc98604c5,,07/10/2025 07:14:00 PM,35,TRAFFIC SIGNAL,FUNCTIONING PROPERLY,RAIN,UNKNOWN,SIDESWIPE SAME DIRECTION,TRAFFIC ROUTE,,STRAIGHT AND LEVEL,WET,NO DEFECTS,NOT ON SCENE (DESK REPORT),NO INJURY / DRIVE AWAY,,,,"OVER $1,500",07/12/2025 04:00:00 PM,UNABLE TO DETERMINE,UNABLE TO DETERMINE,99,E,MADISON ST,112,,,,,,,2,NO INDICATION OF INJURY,0,0,0,0,0,2,0,19,5,7,41.8819998934,-87.6244116348,POINT (-87.624411634823 41.881999893424)
254d94958f578b19af5f558ef4073725d7bd5b5dc731954e8cb8a3eee63c2e4c51035ebf81d5e8073ea24ad63f555fd838434283a3a0e696ff1401c621c2d663,,07/10/2025 07:05:00 PM,30,STOP SIGN/FLASHER,FUNCTIONING PROPERLY,CLEAR,DAYLIGHT,ANGLE,NOT DIVIDED,,STRAIGHT AND LEVEL,UNKNOWN,UNKNOWN,NOT ON SCENE (DESK REPORT),NO INJURY / DRIVE AWAY,,,,"OVER $1,500",07/10/2025 07:45:00 PM,FAILING TO YIELD RIGHT-OF-WAY,NOT APPLICABLE,3800,W,59TH ST,822,,,,,,,2,NO INDICATION OF INJURY,0,0,0,0,0,4,0,19,5,7,41.7861215157,-87.7181825949,POINT (-87.718182594902 41.78612151568)
0fcaa978247eabd7e06a966b4061d30ee66051efce9b0dbb92bd98949cee767e8009cd4d974a76e3e9cd84c18c538b51b6b70f88efcdf0eab0fdc6dd1c3c60a1,,07/10/2025 07:04:00 PM,15,NO CONTROLS,NO CONTROLS,CLOUDY/OVERCAST,DAYLIGHT,PARKED MOTOR VEHICLE,ALLEY,,STRAIGHT AND LEVEL,DRY,NO DEFECTS,,NO INJURY / DRIVE AWAY,,,Y,"OVER $1,500",07/10/2025 07:41:00 PM,"OPERATING VEHICLE IN ERRATIC, RECKLESS, CARELESS, NEGLIGENT OR AGGRESSIVE MANNER",NOT APPLICABLE,5113,S,MELVINA AVE,811,,,,,,,2,NO INDICATION OF INJURY,0,0,0,0,0,2,0,19,5,7,41.7993367393,-87.7769927344,POINT (-87.776992734399 41.79933673925)
8c8ce574bba4237e8ccc740feeff1285146d3da8b353cabb38bbeb895e6529148f24d36b41aeb30352656c667a94b8502588e91f097f52a1263612bb695c48da,,07/10/2025 07:00:00 PM,25,UNKNOWN,UNKNOWN,UNKNOWN,"DARKNESS, LIGHTED ROAD",PARKED MOTOR VEHICLE,DIVIDED - W/MEDIAN (NOT RAISED),,STRAIGHT AND LEVEL,UNKNOWN,NO DEFECTS,NOT ON SCENE (DESK REPORT),NO INJURY / DRIVE AWAY,,,,"OVER $1,500",07/12/2025 10:10:00 AM,UNABLE TO DETERMINE,UNABLE TO DETERMINE,1051,N,HAMLIN AVE,1112,,,,,,,2,NO INDICATION OF INJURY,0,0,0,0,0,1,0,19,5,7,41.9005739414,-87.7212162485,POINT (-87.721216248539 41.900573941442)
b6e6fc6fc712c9c05929c7b77a4e24d0ebef85bbad18d59a7bf93ee0f43177be5ccb3e788085d05209d29c16a788f290875b7975e0d674acb91121c62c404880,,07/10/2025 07:00:00 PM,30,NO CONTROLS,NO CONTROLS,CLEAR,DAYLIGHT,REAR END,NOT DIVIDED,,STRAIGHT AND LEVEL,DRY,UNKNOWN,NOT ON SCENE (DESK REPORT),NO INJURY / DRIVE AWAY,,,,"$501 - $1,500",07/10/2025 09:40:00 PM,UNABLE TO DETERMINE,UNABLE TO DETERMINE,337,W,GRAND AVE,1831,,,,,,,2,NO INDICATION OF INJURY,0,0,0,0,0,2,0,19,5,7,41.8914373126,-87.6369544776,POINT (-87.636954477642 41.89143731256)
ec826fe5f1afbc8952c57aae46bbbd4b751044860dd829e98dc492225317c0ded3a950d8f1ae0ba17989fff7763be52a1fce5de9848ffa8050ba522603f86d41,,07/10/2025 06:48:00 PM,20,TRAFFIC SIGNAL,FUNCTIONING PROPERLY,CLEAR,DAYLIGHT,TURNING,FOUR WAY,,STRAIGHT AND LEVEL,DRY,NO DEFECTS,ON SCENE,NO INJURY / DRIVE AWAY,Y,,,"OVER $1,500",07/10/2025 06:57:00 PM,DRIVING SKILLS/KNOWLEDGE/EXPERIENCE,DRIVING SKILLS/KNOWLEDGE/EXPERIENCE,434,N,COLUMBUS DR,1834,,Y,,,,,2,NO INDICATION OF INJURY,0,0,0,0,0,3,0,18,5,7,41.8896540152,-87.6205363135,POINT (-87.620536313549 41.889654015198)
6919dae4847687dbfd1a87b3bcc8d8c71613664623565db939c239737e60e64493b3d6fcf2700ef9f6530bd105db4ecbcf93d29d0ad944469589e35c7bbc9e88,,07/10/2025 06:46:00 PM,35,TRAFFIC SIGNAL,FUNCTIONING PROPERLY,CLEAR,DAYLIGHT,REAR END,DIVIDED - W/MEDIAN BARRIER,,STRAIGHT AND LEVEL,WET,UNKNOWN,ON SCENE,NO INJURY / DRIVE AWAY,Y,,,"OVER $1,500",07/10/2025 06:46:00 PM,FAILING TO REDUCE SPEED TO AVOID CRASH,FOLLOWING TOO CLOSELY,7900,S,SOUTH SHORE DR,422,,Y,,,,,2,NO INDICATION OF INJURY,0,0,0,0,0,2,0,18,5,7,41.7518556025,-87.5482503373,POINT (-87.548250337339 41.751855602467)
ef018e766ca756ea5a5933fbdaa3688e5c60ece91562ecdfeff6a78ae83d7dce684cbf33003ca1f829cb6b8fad47570a8022a5387d6cbaad09ac04691310d9e8,,07/10/2025 06:39:00 PM,30,TRAFFIC SIGNAL,FUNCTIONING PROPERLY,RAIN,DUSK,REAR END,NOT DIVIDED,,STRAIGHT AND LEVEL,WET,UNKNOWN,ON SCENE,INJURY AND / OR TOW DUE TO CRASH,,,Y,$500 OR LESS,07/10/2025 06:48:00 PM,UNABLE TO DETERMINE,NOT APPLICABLE,3601,W,ROOSEVELT RD,1011,,,,,,,2,NONINCAPACITATING INJURY,3,0,0,3,0,2,0,18,5,7,41.8661793812,-87.7154793243,POINT (-87.715479324302 41.866179381243)
1bf1070b71910eafe59b751883bd0a518441a8f08fcefbed2aeb51affc96c9dddb66c12be999901123598238af08ee192c6332588e4887d9a68c1fb685eb10d1,,07/10/2025 06:30:00 PM,30,STOP SIGN/FLASHER,FUNCTIONING PROPERLY,CLEAR,DAYLIGHT,REAR END,NOT DIVIDED,,STRAIGHT AND LEVEL,DRY,UNKNOWN,NOT ON SCENE (DESK REPORT),NO INJURY / DRIVE AWAY,,,Y,"OVER $1,500",07/12/2025 11:45:00 AM,FAILING TO REDUCE SPEED TO AVOID CRASH,UNABLE TO DETERMINE,1201,W,FOSTER AVE,2033,,,,,,,3,NO INDICATION OF INJURY,0,0,0,0,0,3,0,18,5,7,41.9762124084,-87.6599281051,POINT (-87.659928105138 41.976212408391)
2cde6c27b376369ae52fb78e1eecfe28279330c1511f5446094802589e1a8f109dacfcb04765e8f63cc269f29e3509f47754c945ccf39187f17d427ce86da858,,07/10/2025 06:29:00 PM,35,TRAFFIC SIGNAL,FUNCTIONING PROPERLY,CLEAR,DAYLIGHT,REAR END,FOUR WAY,,STRAIGHT AND LEVEL,DRY,UNKNOWN,ON SCENE,NO INJURY / DRIVE AWAY,,,,"OVER $1,500",07/10/2025 06:29:00 PM,FAILING TO REDUCE SPEED TO AVOID CRASH,FAILING TO REDUCE SPEED TO AVOID CRASH,3201,W,79TH ST,834,,,,,,,2,NO INDICATION OF INJURY,0,0,0,0,0,3,0,18,5,7,41.7496300006,-87.7024545004,POINT (-87.702454500391 41.749630000643)
6a088444998a2c0b4d405e475a540b5343225e754ed6e8945f189b5e85382f8dc8934c91ece7e72dbcee3d54e7127bab453ebe8884ff48209a40f581513d4ee2,,07/10/2025 06:27:00 PM,30,NO CONTROLS,NO CONTROLS,CLEAR,DAYLIGHT,SIDESWIPE SAME DIRECTION,NOT DIVIDED,,STRAIGHT AND LEVEL,DRY,UNKNOWN,ON SCENE,NO INJURY / DRIVE AWAY,,,,"OVER $1,500",07/10/2025 06:29:00 PM,UNABLE TO DETERMINE,NOT APPLICABLE,3443,N,BROADWAY,1925,,,,,,,2,NO INDICATION OF INJURY,0,0,0,0,0,2,0,18,5,7,41.9445055612,-87.645371498,POINT (-87.645371497977 41.944505561215)
21c03c76d7595b86d9dfc1ba556c3557e056131ddd64760a03f18d7c4624925452c59115756d61a8aef16ab05dd7f9edbcbf72e1b9120d9de500b216ec59d3ee,,07/10/2025 06:25:00 PM,30,TRAFFIC SIGNAL,FUNCTIONING PROPERLY,CLEAR,DUSK,REAR END,DIVIDED - W/MEDIAN (NOT RAISED),,STRAIGHT AND LEVEL,DRY,NO DEFECTS,NOT ON SCENE (DESK REPORT),NO INJURY / DRIVE AWAY,,,,$500 OR LESS,07/10/2025 07:31:00 PM,FOLLOWING TOO CLOSELY,NOT APPLICABLE,5342,N,CICERO AVE,1621,,,,,,,2,NO INDICATION OF INJURY,0,0,0,0,0,2,0,18,5,7,41.9792537624,-87.7482693438,POINT (-87.748269343787 41.979253762439)