CRASH_RECORD_ID,CRASH_DATE_EST_I,CRASH_DATE,POSTED_SPEED_LIMIT,TRAFFIC_CONTROL_DEVICE,DEVICE_CONDITION,WEATHER_CONDITION,LIGHTING_CONDITION,FIRST_CRASH_TYPE,TRAFFICWAY_TYPE,LANE_CNT,ALIGNMENT,ROADWAY_SURFACE_COND,ROAD_DEFECT,REPORT_TYPE,CRASH_TYPE,INTERSECTION_RELATED_I,NOT_RIGHT_OF_WAY_I,HIT_AND_RUN_I,DAMAGE,DATE_POLICE_NOTIFIED,PRIM_CONTRIBUTORY_CAUSE,SEC_CONTRIBUTORY_CAUSE,STREET_NO,STREET_DIRECTION,STREET_NAME,BEAT_OF_OCCURRENCE,PHOTOS_TAKEN_I,STATEMENTS_TAKEN_I,DOORING_I,WORK_ZONE_I,WORK_ZONE_TYPE,WORKERS_PRESENT_I,NUM_UNITS,MOST_SEVERE_INJURY,INJURIES_TOTAL,INJURIES_FATAL,INJURIES_INCAPACITATING,INJURIES_NON_INCAPACITATING,INJURIES_REPORTED_NOT_EVIDENT,INJURIES_NO_INDICATION,INJURIES_UNKNOWN,CRASH_HOUR,CRASH_DAY_OF_WEEK,CRASH_MONTH,LATITUDE,LONGITUDE,LOCATION
fecc22a42595c2081d2d313ef6dfb79eab8178860d2906beb0d2d3049358379ccfc4e247b3d545dccc530dff093350836043ac8e35127456a2ba32686ddaa95b,,07/10/2025 06:20:00 PM,30,NO CONTROLS,NO CONTROLS,CLEAR,DAWN,PARKED MOTOR VEHICLE,DIVIDED - W/MEDIAN (NOT RAISED),,STRAIGHT AND LEVEL,DRY,NO DEFECTS,ON SCENE,INJURY AND / OR TOW DUE TO CRASH,,,,"OVER $1,500",07/11/2025 06:24:00 PM,UNABLE TO DETERMINE,UNABLE TO DETERMINE,437,E,87TH ST,632,,,,,,,3,NO INDICATION OF INJURY,0,0,0,0,0,1,0,18,5,7,41.7364144039,-87.6130608809,POINT (-87.613060880932 41.736414403899)
1591982879086c3e8d284b4ff50d0988939e1e89cdaa44dcd26abb9d378946ae39cb4d7b6cf47266f93022a08b2445f594a1f6f7dc5513bd4694438d37447d7e,,07/10/2025 06:15:00 PM,30,NO CONTROLS,NO CONTROLS,CLEAR,DAYLIGHT,SIDESWIPE SAME DIRECTION,NOT DIVIDED,,STRAIGHT AND LEVEL,DRY,NO DEFECTS,NOT ON SCENE (DESK REPORT),NO INJURY / DRIVE AWAY,,,,"$501 - $1,500",07/10/2025 09:00:00 PM,FAILING TO YIELD RIGHT-OF-WAY,FAILING TO YIELD RIGHT-OF-WAY,149,N,LA SALLE ST,122,,,,,,,2,NO INDICATION OF INJURY,0,0,0,0,0,2,0,18,5,7,41.8844428119,-87.6322878428,POINT (-87.632287842797 41.884442811903)
824dbaea3de01897b26ee91ba3a9ee9b73efb661e41497e7ab43850819656d76a3263b42b64266112747e79a36b5ec08b60bb7989efa21800ec29164d2757389,,07/10/2025 06:11:00 PM,30,STOP SIGN/FLASHER,NO CONTROLS,CLEAR,DAYLIGHT,SIDESWIPE SAME DIRECTION,FOUR WAY,,STRAIGHT ON GRADE,DRY,UNKNOWN,ON SCENE,NO INJURY / DRIVE AWAY,Y,,,"OVER $1,500",07/10/2025 06:11:00 PM,UNABLE TO DETERMINE,NOT APPLICABLE,928,E,65TH ST,314,,,,,,,2,NO INDICATION OF INJURY,0,0,0,0,0,2,0,18,5,7,41.7769270478,-87.6022331097,POINT (-87.602233109651 41.776927047826)
206044cc2bce83b97b7bd5d5575f25763a5555f206d9b9dbde2d809d6d0d3c4b5ccca8a0b0168c3734894b70ff493e0bb75b3b477211cbf7fa404eb0de7fe5fa,,07/10/2025 06:00:00 PM,30,NO CONTROLS,NO CONTROLS,CLEAR,DAYLIGHT,TURNING,ONE-WAY,,STRAIGHT AND LEVEL,DRY,NO DEFECTS,NOT ON SCENE (DESK REPORT),NO INJURY / DRIVE AWAY,,,,"OVER $1,500",07/11/2025 10:22:00 AM,FAILING TO YIELD RIGHT-OF-WAY,FAILING TO YIELD RIGHT-OF-WAY,3620,N,BROADWAY,1925,,Y,,,,,2,NO INDICATION OF INJURY,0,0,0,0,0,2,0,18,5,7,41.9478908739,-87.6477619608,POINT (-87.647761960761 41.947890873906)
4439244268467b6e3f7acda34556e76bc4b6c01f74d47e1c29c268a83ba56769f2fafff2433bd3b505e66d408dc1582a81fb63c54367595b3cd95a9d5f571bc8,,07/10/2025 06:00:00 PM,35,NO CONTROLS,NO CONTROLS,CLEAR,DAYLIGHT,PEDALCYCLIST,DIVIDED - W/MEDIAN BARRIER,,STRAIGHT AND LEVEL,DRY,NO DEFECTS,ON SCENE,INJURY AND / OR TOW DUE TO CRASH,,,,"$501 - $1,500",07/10/2025 06:01:00 PM,FAILING TO REDUCE SPEED TO AVOID CRASH,FAILING TO YIELD RIGHT-OF-WAY,401,N,WABASH AVE,1834,,,,,,,2,"REPORTED, NOT EVIDENT",1,0,0,0,1,1,0,18,5,7,41.8892840135,-87.6265485479,POINT (-87.626548547941 41.889284013529)
d06a2ad28297fe9872bf0b649c042ef1a31ec7e11a5e5aa312e30eb4048467b21a5f6e2eff0937f0e04f24506dd9d51de66ebf504a49a6383e18827c83092acb,,07/10/2025 06:00:00 PM,35,NO CONTROLS,NO CONTROLS,CLEAR,DAYLIGHT,FIXED OBJECT,PARKING LOT,,STRAIGHT AND LEVEL,DRY,NO DEFECTS,ON SCENE,INJURY AND / OR TOW DUE TO CRASH,,Y,,"OVER $1,500",07/10/2025 06:20:00 PM,DRIVING SKILLS/KNOWLEDGE/EXPERIENCE,DRIVING SKILLS/KNOWLEDGE/EXPERIENCE,3638,S,LAFLIN PL,912,,,,,,,1,"REPORTED, NOT EVIDENT",1,0,0,0,1,0,0,18,5,7,41.8274070053,-87.6634344331,POINT (-87.663434433101 41.82740700528)
65bfc8385da4df662ac614f3d08c0663ba34f213daa693dc7fa9abeb8097fed5663334eadcd34adf8dbceefbfcdf796b04cc8b9a7c8faa7d7f52a5ffb95f9eb3,,07/10/2025 05:56:00 PM,25,STOP SIGN/FLASHER,FUNCTIONING PROPERLY,CLEAR,DUSK,ANGLE,NOT DIVIDED,,STRAIGHT AND LEVEL,DRY,NO DEFECTS,ON SCENE,INJURY AND / OR TOW DUE TO CRASH,Y,,,"OVER $1,500",07/10/2025 06:58:00 PM,FAILING TO YIELD RIGHT-OF-WAY,DRIVING SKILLS/KNOWLEDGE/EXPERIENCE,5100,N,LINCOLN AVE,2031,,,,,,,2,NO INDICATION OF INJURY,0,0,0,0,0,2,0,17,5,7,41.9740452249,-87.6921877278,POINT (-87.692187727784 41.974045224859)
a26d5cd03a63aeda7f0ffc37dd39434189246a4f6994f081f45bd16cbd536214f1e39b90934741166e9314d7db8be9ac7a37cbd3999401e253022da8b913ee3c,,07/10/2025 05:56:00 PM,40,UNKNOWN,UNKNOWN,UNKNOWN,DAYLIGHT,SIDESWIPE SAME DIRECTION,DIVIDED - W/MEDIAN BARRIER,,STRAIGHT AND LEVEL,UNKNOWN,UNKNOWN,NOT ON SCENE (DESK REPORT),NO INJURY / DRIVE AWAY,,,,"$501 - $1,500",07/20/2025 07:30:00 PM,IMPROPER LANE USAGE,UNABLE TO DETERMINE,808,N,LAKE SHORE DR NB,1833,,,,,,,2,NO INDICATION OF INJURY,0,0,0,0,0,2,0,17,5,7,41.8970266403,-87.6171811091,POINT (-87.617181109073 41.897026640323)
5bfa110c2474224db40fcb092bfbd0fc4aef4b69e51c592d9bd4d9613d741f62786146d97193e199ccacac35f4dab69752bf3dfcda76ff875eb6351b69ff0612,,07/10/2025 05:50:00 PM,30,TRAFFIC SIGNAL,FUNCTIONING PROPERLY,CLEAR,DAYLIGHT,TURNING,NOT DIVIDED,,STRAIGHT AND LEVEL,DRY,NO DEFECTS,ON SCENE,NO INJURY / DRIVE AWAY,Y,,,"OVER $1,500",07/10/2025 05:50:00 PM,FOLLOWING TOO CLOSELY,NOT APPLICABLE,50,W,POLK ST,123,,,,,,,2,NO INDICATION OF INJURY,0,0,0,0,0,2,0,17,5,7,41.8723864341,-87.629583433,POINT (-87.629583432987 41.872386434121)
87c8d407b5e42afa5ea62e9dfa3b347a67f45c752bd5cc9c7561f8e39dc7a64715310242ec187716ad6d536461028563e3a53370a54770c8f0775bd607712bbd,,07/10/2025 05:45:00 PM,30,TRAFFIC SIGNAL,FUNCTIONING PROPERLY,CLEAR,DAYLIGHT,REAR END,FOUR WAY,,STRAIGHT AND LEVEL,UNKNOWN,UNKNOWN,NOT ON SCENE (DESK REPORT),INJURY AND / OR TOW DUE TO CRASH,,,Y,"$501 - $1,500",07/11/2025 11:50:00 AM,UNABLE TO DETERMINE,NOT APPLICABLE,7456,S,VINCENNES AVE,731,,,,,,,2,NONINCAPACITATING INJURY,1,0,0,1,0,1,0,17,5,7,41.7584615685,-87.6313756678,POINT (-87.631375667755 41.758461568461)
b67d6f966830103cfd4a1a25579cfa0fb090b5dc2cdf66d6e3d7d1d6075808125bd730239dfef99c4e1a25eb57e88200ad2923ff3d275829840d578934ca463e,,07/10/2025 05:45:00 PM,30,TRAFFIC SIGNAL,FUNCTIONING PROPERLY,UNKNOWN,UNKNOWN,TURNING,FOUR WAY,,STRAIGHT AND LEVEL,UNKNOWN,UNKNOWN,NOT ON SCENE (DESK REPORT),NO INJURY / DRIVE AWAY,Y,,,"OVER $1,500",07/11/2025 12:00:00 PM,FOLLOWING TOO CLOSELY,FAILING TO REDUCE SPEED TO AVOID CRASH,739,W,MADISON ST,1232,,,,,,,2,NO INDICATION OF INJURY,0,0,0,0,0,2,0,17,5,7,41.8816703897,-87.6472290831,POINT (-87.64722908309 41.881670389734)
d6b7399872dc2a1b8f24f11ddd335646019dc88d82e87cbc305e9e7f9ce0d04b52a0c834ac8acd2436a2f99a8115d1d4f02c5b70d8564dadd950e252ee5e2262,,07/10/2025 05:36:00 PM,15,NO CONTROLS,NO CONTROLS,CLEAR,DAYLIGHT,REAR TO REAR,PARKING LOT,,STRAIGHT AND LEVEL,DRY,NO DEFECTS,ON SCENE,NO INJURY / DRIVE AWAY,,,,"$501 - $1,500",07/10/2025 05:56:00 PM,IMPROPER BACKING,IMPROPER BACKING,5500,W,MONTROSE AVE,1623,,,,,,,2,NO INDICATION OF INJURY,0,0,0,0,0,2,0,17,5,7,41.9606195527,-87.7649039347,POINT (-87.764903934707 41.960619552722)
b8e66d0177f7e6de39f97a9ec605350c93c80d45b54c5650eae5c7934d9b6624840421ad35f96222f0df2c08e9a008af4596855e3fdd31478f0009c3bbc7e581,,07/10/2025 05:32:00 PM,30,STOP SIGN/FLASHER,FUNCTIONING PROPERLY,CLEAR,DAYLIGHT,SIDESWIPE SAME DIRECTION,T-INTERSECTION,,STRAIGHT AND LEVEL,DRY,NO DEFECTS,ON SCENE,NO INJURY / DRIVE AWAY,Y,,,"OVER $1,500",07/10/2025 06:09:00 PM,FOLLOWING TOO CLOSELY,IMPROPER LANE USAGE,5855,S,DR MARTIN LUTHER KING JR DR,233,,,,,,,2,NO INDICATION OF INJURY,0,0,0,0,0,17,0,17,5,7,41.7877299762,-87.615660859,POINT (-87.615660859014 41.787729976217)
c64ebe8bb2b9650500ab8e93dad08a8fa9ff2b815e35ebce598d5aab8e5779a113749a294b86a750464d2da850b12daced31633a58b0de2961c7b1b30f28e08a,,07/10/2025 05:30:00 PM,30,STOP SIGN/FLASHER,FUNCTIONING PROPERLY,CLEAR,DAYLIGHT,TURNING,FOUR WAY,,STRAIGHT AND LEVEL,DRY,WORN SURFACE,NOT ON SCENE (DESK REPORT),NO INJURY / DRIVE AWAY,,,Y,"$501 - $1,500",07/10/2025 07:00:00 PM,UNABLE TO DETERMINE,UNABLE TO DETERMINE,4856,S,LOOMIS BLVD,933,,,,,,,2,NO INDICATION OF INJURY,0,0,0,0,0,3,0,17,5,7,41.8051742407,-87.6601613268,POINT (-87.660161326757 41.805174240693)
f03c60055d303113d0a46e497053564d77449b57c47c35490bffd5d58f224ee27adf8c5d27ef9fa29e0b96059c3f58bb2e90ae925790fad99df3380ce3ae1c13,,07/10/2025 05:30:00 PM,30,NO CONTROLS,NO CONTROLS,CLEAR,DAYLIGHT,REAR END,NOT DIVIDED,,STRAIGHT AND LEVEL,DRY,UNKNOWN,NOT ON SCENE (DESK REPORT),NO INJURY / DRIVE AWAY,,,,$500 OR LESS,07/10/2025 06:45:00 PM,UNABLE TO DETERMINE,NOT APPLICABLE,5900,S,DAMEN AVE,714,,,,,,,2,NO INDICATION OF INJURY,0,0,0,0,0,2,0,17,5,7,41.7865334538,-87.67424315,POINT (-87.674243150013 41.786533453836)
7c52d29f61eee054910c947b75a17466d173baa6e6458a0c137367508af8d31b6adf59342acdf7b9778798c2354819fe32c443f63038e7b6fbdf16a30e09cbcd,,07/10/2025 05:26:00 PM,30,STOP SIGN/FLASHER,FUNCTIONING PROPERLY,CLEAR,DAYLIGHT,ANGLE,FOUR WAY,,STRAIGHT AND LEVEL,DRY,UNKNOWN,ON SCENE,INJURY AND / OR TOW DUE TO CRASH,Y,,,"OVER $1,500",07/10/2025 05:41:00 PM,FAILING TO YIELD RIGHT-OF-WAY,FAILING TO YIELD RIGHT-OF-WAY,1858,W,CONGRESS PKWY,1225,,,,,,,2,"REPORTED, NOT EVIDENT",7,0,0,0,7,0,0,17,5,7,41.875167798,-87.6740502205,POINT (-87.674050220465 41.875167797959)
453c97a3d3ee02afd71a8fa5399cd1f067db7cfbd5003fbcac9b4286825e1947d5437fd7ffc07d5ad416133d2b589aeb60170395cd3935525b882f7360b5de56,,07/10/2025 05:20:00 PM,30,NO CONTROLS,NO CONTROLS,CLEAR,DAYLIGHT,SIDESWIPE SAME DIRECTION,ONE-WAY,,STRAIGHT AND LEVEL,DRY,UNKNOWN,ON SCENE,NO INJURY / DRIVE AWAY,,,,$500 OR LESS,07/10/2025 05:25:00 PM,DRIVING SKILLS/KNOWLEDGE/EXPERIENCE,UNABLE TO DETERMINE,3025,W,47TH ST,922,,,,,,,2,NO INDICATION OF INJURY,0,0,0,0,0,2,0,17,5,7,41.8080724657,-87.7002494629,POINT (-87.700249462917 41.808072465672)
6c377de93a832f27d1365b5d58605ae1dafe0d657546468a7b22e0d9db3b9e760be63bdd28a14434f2bf504da8b5578e89612c6e21770612ec60b6bc32664508,,07/10/2025 05:20:00 PM,30,UNKNOWN,UNKNOWN,CLEAR,DAYLIGHT,SIDESWIPE SAME DIRECTION,FOUR WAY,,STRAIGHT AND LEVEL,DRY,UNKNOWN,,NO INJURY / DRIVE AWAY,Y,N,,"OVER $1,500",07/10/2025 06:34:00 PM,IMPROPER OVERTAKING/PASSING,DRIVING SKILLS/KNOWLEDGE/EXPERIENCE,111,S,MICHIGAN AVE,114,,,,,,,2,NO INDICATION OF INJURY,0,0,0,0,0,2,0,17,5,7,41.8805278219,-87.6242094659,POINT (-87.624209465859 41.880527821931)
4cb45b14b438dc26c231404bbf1e5908097ce33d5c4ea42e843acb3b64e4f68dcc39b1b488bb52102661ca9e5343dfbbdc5fbf8ebab17c57051e3ebb5334d7f4,,07/10/2025 05:17:00 PM,30,NO CONTROLS,NO CONTROLS,CLEAR,DAYLIGHT,PARKED MOTOR VEHICLE,PARKING LOT,,STRAIGHT AND LEVEL,UNKNOWN,UNKNOWN,NOT ON SCENE (DESK REPORT),INJURY AND / OR TOW DUE TO CRASH,,,,"OVER $1,500",07/11/2025 03:00:00 PM,IMPROPER BACKING,UNABLE TO DETERMINE,5308,W,GRAND AVE,2515,,,,,,,2,NO INDICATION OF INJURY,0,0,0,0,0,1,0,17,5,7,41.9175937525,-87.7588774553,POINT (-87.758877455337 41.917593752451)
09fee47516a0870fb8632bf5ba143e4ea661de2b9ec86cf48b2668372da8a997396b2d90ab48d9b89c207c24947bc89b9c1e8fefaf3bd45fba30c6399df62e08,Y,07/10/2025 05:10:00 PM,30,NO CONTROLS,NO CONTROLS,CLEAR,DUSK,PARKED MOTOR VEHICLE,NOT DIVIDED,,STRAIGHT AND LEVEL,UNKNOWN,UNKNOWN,NOT ON SCENE (DESK REPORT),NO INJURY / DRIVE AWAY,,,Y,"OVER $1,500",07/10/2025 08:10:00 PM,UNABLE TO DETERMINE,UNABLE TO DETERMINE,2579,W,MADISON ST,1125,,,,,,,2,NO INDICATION OF INJURY,0,0,0,0,0,1,0,17,5,7,41.8810084856,-87.6909647638,POINT (-87.690964763816 41.881008485571)
32aa433124c2efc7525852e723a3d3e8d08893f9d50e7d4d133d0330d988864891a9c5c62cee7bd517fa079e3ce2ddc1cd7858d0331c2f90add2d69889d2a154,,07/10/2025 05:05:00 PM,30,STOP SIGN/FLASHER,FUNCTIONING PROPERLY,CLEAR,DAYLIGHT,ANGLE,NOT DIVIDED,,STRAIGHT AND LEVEL,DRY,UNKNOWN,ON SCENE,INJURY AND / OR TOW DUE TO CRASH,Y,,,"OVER $1,500",07/10/2025 05:13:00 PM,UNABLE TO DETERMINE,UNABLE TO DETERMINE,7300,W,BELMONT AVE,1631,,,,,,,2,"REPORTED, NOT EVIDENT",1,0,0,0,1,2,0,17,5,7,41.9381021,-87.8092337309,POINT (-87.809233730859 41.93810209999)
cd119c76b380878f704043f420c2d521090d0c0b4aa0954b0669d0186480e76767b2aff1de4de98240c4f88a5cf6250a2f137c2a4fd6568c6198583f0cbdea56,,07/10/2025 05:00:00 PM,30,NO CONTROLS,NO CONTROLS,CLEAR,DAYLIGHT,PARKED MOTOR VEHICLE,PARKING LOT,,STRAIGHT AND LEVEL,DRY,NO DEFECTS,ON SCENE,NO INJURY / DRIVE AWAY,,,,"OVER $1,500",07/11/2025 05:00:00 PM,UNABLE TO DETERMINE,NOT APPLICABLE,1110,W,50TH ST,933,,,,,,,2,NO INDICATION OF INJURY,0,0,0,0,0,1,0,17,5,7,41.8034081923,-87.6531295428,POINT (-87.653129542786 41.803408192257)
f77ec1b480c833190120d2721f5c8e899fd9a01ddc14c447716f928220f4106cdfff85b7a99b3a91bfff8ca36bce147253efc0c3963dbae9e16ef1810ec86031,,07/10/2025 04:57:00 PM,30,STOP SIGN/FLASHER,FUNCTIONING PROPERLY,CLEAR,DAYLIGHT,ANGLE,FOUR WAY,,STRAIGHT AND LEVEL,DRY,NO DEFECTS,ON SCENE,INJURY AND / OR TOW DUE TO CRASH,Y,,,"OVER $1,500",07/10/2025 05:13:00 PM,FAILING TO YIELD RIGHT-OF-WAY,DISREGARDING STOP SIGN,5701,W,GRAND AVE,2515,,,,,,,2,NONINCAPACITATING INJURY,1,0,0,1,0,2,0,16,5,7,41.9191102088,-87.768341176,POINT (-87.76834117601 41.919110208805)
baf6aa50ef9ae193446327f258e5a8a84a66be52ac4b4a27749be4537908a6d8c1849f6d5e1826cd3660fc61999187b46796bf2fab4a7ce0fb972b0c87920942,,07/10/2025 04:55:00 PM,30,TRAFFIC SIGNAL,FUNCTIONING PROPERLY,CLEAR,DAYLIGHT,TURNING,FOUR WAY,,STRAIGHT AND LEVEL,DRY,NO DEFECTS,NOT ON SCENE (DESK REPORT),NO INJURY / DRIVE AWAY,Y,,,"$501 - $1,500",07/10/2025 06:40:00 PM,IMPROPER OVERTAKING/PASSING,UNABLE TO DETERMINE,5500,W,DEVON AVE,1621,,,,,,,2,NO INDICATION OF INJURY,0,0,0,0,0,3,0,16,5,7,41.9974571264,-87.7658207187,POINT (-87.765820718749 41.997457126378)
0718333dcda69ae7b2052572b3da85b7c6e3d30c20830533b1d47d5e0fa1a25b87609a1112033a772b8a46d31901febf19270595426ddf4ba6a7fe15cc580ce0,,07/10/2025 04:50:00 PM,30,NO CONTROLS,NO CONTROLS,CLEAR,DAYLIGHT,SIDESWIPE SAME DIRECTION,NOT DIVIDED,,STRAIGHT AND LEVEL,DRY,NO DEFECTS,NOT ON SCENE (DESK REPORT),NO INJURY / DRIVE AWAY,,,,"OVER $1,500",07/10/2025 08:20:00 PM,IMPROPER OVERTAKING/PASSING,UNABLE TO DETERMINE,3000,W,FULLERTON AVE,1414,,,,,,,2,NO INDICATION OF INJURY,0,0,0,0,0,2,0,16,5,7,41.9248712432,-87.7024366591,POINT (-87.702436659073 41.924871243181)
3107cf27dca159014599ca66ee0e31556cae5ae85ed0a3135e5658396bd920ef5ed1b59c2b4ceac234a74574c0f5db31d3236dc2d404d46d073304ddcf4a6111,,07/10/2025 04:47:00 PM,30,TRAFFIC SIGNAL,FUNCTIONING PROPERLY,CLEAR,DAYLIGHT,TURNING,FOUR WAY,,STRAIGHT AND LEVEL,DRY,NO DEFECTS,ON SCENE,INJURY AND / OR TOW DUE TO CRASH,Y,,,"OVER $1,500",07/10/2025 05:20:00 PM,FAILING TO YIELD RIGHT-OF-WAY,NOT APPLICABLE,2399,W,WASHINGTON BLVD,1223,,,,,,,2,"REPORTED, NOT EVIDENT",2,0,0,0,2,2,0,16,5,7,41.8828853586,-87.6863626771,POINT (-87.686362677095 41.88288535856)
0161a0efd0014a510ace3d19c9f2a761d056468ca17f48185b5c74ffc286bca7cb7dbb2f0f87313e80c53a86d4da9dd2ba22742de29a4ba00f85ed0ace0a8ccd,,07/10/2025 04:45:00 PM,30,NO CONTROLS,NO CONTROLS,CLEAR,DAYLIGHT,SIDESWIPE SAME DIRECTION,DIVIDED - W/MEDIAN BARRIER,,STRAIGHT AND LEVEL,UNKNOWN,UNKNOWN,NOT ON SCENE (DESK REPORT),NO INJURY / DRIVE AWAY,,,,"OVER $1,500",07/10/2025 07:37:00 PM,UNABLE TO DETERMINE,NOT APPLICABLE,2121,S,PRAIRIE AVE,132,,,,,,,2,NO INDICATION OF INJURY,0,0,0,0,0,2,0,16,5,7,41.853650885,-87.6205335811,POINT (-87.620533581142 41.853650885041)
ca469ad63af80b583dae813dee3e9583a4e2fffb7ce916f71ed8bc9a7ab5428e47fedf96d5057654e1446e3c816a8e9808681c2799a3d9c3e627200706f913e3,,07/10/2025 04:40:00 PM,20,NO CONTROLS,NO CONTROLS,CLEAR,DAYLIGHT,SIDESWIPE OPPOSITE DIRECTION,ALLEY,,STRAIGHT AND LEVEL,"SAND, MUD, DIRT",NO DEFECTS,NOT ON SCENE (DESK REPORT),NO INJURY / DRIVE AWAY,,,,"OVER $1,500",07/14/2025 10:00:00 AM,UNABLE TO DETERMINE,UNABLE TO DETERMINE,8026,S,HERMITAGE AVE,611,,,,,,,2,NO INDICATION OF INJURY,0,0,0,0,0,2,0,16,5,7,41.74766087,-87.6671584655,POINT (-87.667158465483 41.74766087004)
a74a6c6fff2c71b56c9fad154b84a76bc232a1930db674ac59fb45a796ea64f06cb1dc5b75ef2e444011cb5313205d3ab443653ce0e205289915529edf68d78b,,07/10/2025 04:38:00 PM,30,TRAFFIC SIGNAL,FUNCTIONING PROPERLY,CLEAR,DAYLIGHT,TURNING,FOUR WAY,,STRAIGHT AND LEVEL,DRY,NO DEFECTS,ON SCENE,NO INJURY / DRIVE AWAY,,,,"OVER $1,500",07/10/2025 05:37:00 PM,UNABLE TO DETERMINE,UNABLE TO DETERMINE,3182,N,CLARK ST,1933,,,,,,,2,NO INDICATION OF INJURY,0,0,0,0,0,2,0,16,5,7,41.9398061901,-87.6507323054,POINT (-87.650732305447 41.939806190053)
34d5bebbfd7dda1879ccb8450c07c1afa22195615f987134bcf9bffb637f7d06ac0f3154b423390513355e05855aea2884489347bf08af41003caa7a902dcc7b,,07/10/2025 04:32:00 PM,35,TRAFFIC SIGNAL,FUNCTIONING PROPERLY,CLEAR,DAYLIGHT,SIDESWIPE SAME DIRECTION,NOT DIVIDED,,STRAIGHT AND LEVEL,DRY,NO DEFECTS,NOT ON SCENE (DESK REPORT),NO INJURY / DRIVE AWAY,,,,"OVER $1,500",07/10/2025 05:45:00 PM,IMPROPER OVERTAKING/PASSING,NOT APPLICABLE,4658,S,KEDZIE AVE,821,,,,,,,2,NO INDICATION OF INJURY,0,0,0,0,0,2,0,16,5,7,41.8082030539,-87.7041254613,POINT (-87.704125461348 41.808203053915)
17a3d3a9d78c2aee38a8180f16eb5adf0eb9bdacd7797594114ceeccd3d50472b56c3e0f5398e30b5ab7d28300c5d2ddb0091393f32784f27a4366fc2e71eecd,,07/10/2025 04:30:00 PM,35,TRAFFIC SIGNAL,FUNCTIONING PROPERLY,CLEAR,DAYLIGHT,REAR END,DIVIDED - W/MEDIAN (NOT RAISED),,STRAIGHT AND LEVEL,DRY,NO DEFECTS,,NO INJURY / DRIVE AWAY,,,Y,"OVER $1,500",07/10/2025 04:50:00 PM,FOLLOWING TOO CLOSELY,UNABLE TO DETERMINE,7200,S,RACINE AVE,734,,,,,,,3,NO INDICATION OF INJURY,0,0,0,0,0,5,0,16,5,7,41.7631892282,-87.6542136755,POINT (-87.654213675518 41.763189228173)
71b3d86a126f4e1a7719ca64cc4470ccbcdc8c4c2435b39c107f21eca9c63a6cd538ae02cbd70f1a95a2b50c774e21119fa781376626a8e91ac064bd8897b5c5,,07/10/2025 04:25:00 PM,30,TRAFFIC SIGNAL,FUNCTIONING PROPERLY,CLEAR,DAYLIGHT,SIDESWIPE SAME DIRECTION,DIVIDED - W/MEDIAN (NOT RAISED),,STRAIGHT AND LEVEL,DRY,NO DEFECTS,NOT ON SCENE (DESK REPORT),NO INJURY / DRIVE AWAY,,,Y,"OVER $1,500",07/10/2025 08:20:00 PM,IMPROPER OVERTAKING/PASSING,UNABLE TO DETERMINE,3100,S,DR MARTIN LUTHER KING JR DR,211,,,,,,,2,NO INDICATION OF INJURY,0,0,0,0,0,4,0,16,5,7,41.8383269412,-87.6176126615,POINT (-87.617612661462 41.838326941218)
6b962ad217ce1d8c9726f11495d5a8c6b0cee0afaaf3b390b1a14fe111179e5926a17f9a7763913c8862ba93d8b32e019715d58c80e966ee5bf0fe75cae910a0,,07/10/2025 04:24:00 PM,35,TRAFFIC SIGNAL,FUNCTIONING PROPERLY,CLEAR,DAYLIGHT,TURNING,NOT DIVIDED,,STRAIGHT AND LEVEL,DRY,NO DEFECTS,ON SCENE,NO INJURY / DRIVE AWAY,,,,"OVER $1,500",07/10/2025 04:27:00 PM,FOLLOWING TOO CLOSELY,IMPROPER LANE USAGE,800,N,MICHIGAN AVE,1833,,Y,,,,,2,NO INDICATION OF INJURY,0,0,0,0,0,2,0,16,5,7,41.896790572,-87.6243806554,POINT (-87.624380655444 41.896790572039)
77bf1755c7db82804ffac4fa2ec2c476848db9b076416bf95bd30df0980193c3b4aaae50d07a1735973293c44c8b17b61cd2ccf2c83435a9a7aa843894e2e77b,,07/10/2025 04:18:00 PM,30,NO CONTROLS,NO CONTROLS,CLEAR,DAYLIGHT,PARKED MOTOR VEHICLE,NOT DIVIDED,,STRAIGHT AND LEVEL,DRY,NO DEFECTS,ON SCENE,NO INJURY / DRIVE AWAY,,,,$500 OR LESS,07/10/2025 04:21:00 PM,UNABLE TO DETERMINE,NOT APPLICABLE,11233,S,MICHIGAN AVE,531,,,,,,,2,NO INDICATION OF INJURY,0,0,0,0,0,2,0,16,5,7,41.6897362264,-87.6208672061,POINT (-87.620867206072 41.689736226388)
67b098721e5bcb061741fb0242bbca8742ba3241351b87d565dc90ff45fe313d9133da9f378f1e4744f5318273eb8c8ada0899dc90ec296af56cd092b8aa0af0,,07/10/2025 04:15:00 PM,30,TRAFFIC SIGNAL,FUNCTIONING PROPERLY,CLEAR,DAYLIGHT,TURNING,DIVIDED - W/MEDIAN BARRIER,,STRAIGHT AND LEVEL,DRY,NO DEFECTS,NOT ON SCENE (DESK REPORT),NO INJURY / DRIVE AWAY,Y,,Y,"OVER $1,500",07/14/2025 02:55:00 PM,IMPROPER LANE USAGE,IMPROPER LANE USAGE,1,E,WACKER DR,111,,,,,,,2,NO INDICATION OF INJURY,0,0,0,0,0,2,0,16,5,7,41.8867075551,-87.6278834784,POINT (-87.627883478402 41.88670755507)