CRASH_RECORD_ID,CRASH_DATE_EST_I,CRASH_DATE,POSTED_SPEED_LIMIT,TRAFFIC_CONTROL_DEVICE,DEVICE_CONDITION,WEATHER_CONDITION,LIGHTING_CONDITION,FIRST_CRASH_TYPE,TRAFFICWAY_TYPE,LANE_CNT,ALIGNMENT,ROADWAY_SURFACE_COND,ROAD_DEFECT,REPORT_TYPE,CRASH_TYPE,INTERSECTION_RELATED_I,NOT_RIGHT_OF_WAY_I,HIT_AND_RUN_I,DAMAGE,DATE_POLICE_NOTIFIED,PRIM_CONTRIBUTORY_CAUSE,SEC_CONTRIBUTORY_CAUSE,STREET_NO,STREET_DIRECTION,STREET_NAME,BEAT_OF_OCCURRENCE,PHOTOS_TAKEN_I,STATEMENTS_TAKEN_I,DOORING_I,WORK_ZONE_I,WORK_ZONE_TYPE,WORKERS_PRESENT_I,NUM_UNITS,MOST_SEVERE_INJURY,INJURIES_TOTAL,INJURIES_FATAL,INJURIES_INCAPACITATING,INJURIES_NON_INCAPACITATING,INJURIES_REPORTED_NOT_EVIDENT,INJURIES_NO_INDICATION,INJURIES_UNKNOWN,CRASH_HOUR,CRASH_DAY_OF_WEEK,CRASH_MONTH,LATITUDE,LONGITUDE,LOCATION
f6902b0d7ec7f10756a65c58cc2b5e4a062b860d2bc4bfe670b507c4159c5b80759e20e5c80ce73b68749274d24375fc53797a95eb269c8fb9cb53b8b03296f7,,07/10/2025 04:11:00 PM,15,NO CONTROLS,NO CONTROLS,CLEAR,DAYLIGHT,FIXED OBJECT,ALLEY,,STRAIGHT AND LEVEL,DRY,WORN SURFACE,ON SCENE,INJURY AND / OR TOW DUE TO CRASH,,Y,Y,"OVER $1,500",07/10/2025 04:11:00 PM,FAILING TO REDUCE SPEED TO AVOID CRASH,FAILING TO REDUCE SPEED TO AVOID CRASH,3650,W,DOUGLAS BLVD,1011,,,,,,,1,NO INDICATION OF INJURY,0,0,0,0,0,1,0,16,5,7,41.8629380986,-87.7173338746,POINT (-87.71733387456 41.86293809859)
13c00da909773e4053a8e2d675e5fa8fb0e9a204eee95dafe849beb700787318a57b2fc4aa56915c0d29b48cc1d0fa290da4a0baa20300e1c1456fff448b6e17,,07/10/2025 04:10:00 PM,30,TRAFFIC SIGNAL,FUNCTIONING PROPERLY,CLEAR,DAYLIGHT,TURNING,FOUR WAY,,STRAIGHT AND LEVEL,DRY,NO DEFECTS,,INJURY AND / OR TOW DUE TO CRASH,Y,,,"OVER $1,500",07/10/2025 04:30:00 PM,FAILING TO YIELD RIGHT-OF-WAY,NOT APPLICABLE,2003,W,ROOSEVELT RD,1233,,,,,,,2,NO INDICATION OF INJURY,0,0,0,0,0,2,0,16,5,7,41.8666434477,-87.6763390465,POINT (-87.676339046481 41.86664344767)
6a0b4af77f7a85b7fa97bb7b9eb66f8d02925b5e9ce3d17451851d643562d2d03ca4f0af84826bcc6607964940038a5c4371253d26538533c4db20dc9598ec6d,,07/10/2025 04:10:00 PM,30,STOP SIGN/FLASHER,FUNCTIONING PROPERLY,UNKNOWN,UNKNOWN,TURNING,NOT DIVIDED,,STRAIGHT AND LEVEL,UNKNOWN,UNKNOWN,NOT ON SCENE (DESK REPORT),NO INJURY / DRIVE AWAY,,,,"$501 - $1,500",07/10/2025 04:45:00 PM,FAILING TO YIELD RIGHT-OF-WAY,NOT APPLICABLE,5454,W,BELMONT AVE,1633,,,,,,,2,NO INDICATION OF INJURY,0,0,0,0,0,2,0,16,5,7,41.9387199197,-87.7638326559,POINT (-87.763832655888 41.938719919678)
5b5e7a215bcc529fb54601f50548c09aac86d08aca93ddb3d3a2b0a3cdf67ce8881ec8d7bd534299e746dc00c316bcce566fb66dcd3b79692662e69bdba0142d,,07/10/2025 04:04:00 PM,30,NO CONTROLS,NO CONTROLS,CLEAR,DAYLIGHT,SIDESWIPE SAME DIRECTION,NOT DIVIDED,,STRAIGHT AND LEVEL,DRY,NO DEFECTS,NOT ON SCENE (DESK REPORT),NO INJURY / DRIVE AWAY,,,,"OVER $1,500",07/10/2025 05:10:00 PM,IMPROPER OVERTAKING/PASSING,NOT APPLICABLE,4300,W,47TH ST,815,,,,,,,2,NO INDICATION OF INJURY,0,0,0,0,0,2,0,16,5,7,41.8078857629,-87.7311409523,POINT (-87.731140952253 41.807885762869)
da76f1605bfe843586fe4c833ccbe21fcb0d3044eba66eacddd401553cd302ba4a714d0a6e0c108aae890e467e3a1a4c84d70c94009c2410b28af18408ad7d62,,07/10/2025 04:02:00 PM,30,NO CONTROLS,NO CONTROLS,CLEAR,DAYLIGHT,PEDALCYCLIST,NOT DIVIDED,,STRAIGHT AND LEVEL,DRY,NO DEFECTS,NOT ON SCENE (DESK REPORT),NO INJURY / DRIVE AWAY,,,,"$501 - $1,500",07/12/2025 12:00:00 PM,UNABLE TO DETERMINE,UNABLE TO DETERMINE,4740,N,CLARK ST,1912,Y,,,,,,3,NO INDICATION OF INJURY,0,0,0,0,0,3,0,16,5,7,41.9682824474,-87.6675241032,POINT (-87.667524103245 41.968282447391)
1f591d7657e1b8364b5e662de02c7d1dace36268ac10014f4a3ac4aa06feae96d5aef49ae723d8fd6603c7562e13559fef9e8caf536d79abdf675eb2b40e5938,,07/10/2025 04:00:00 PM,30,NO CONTROLS,NO CONTROLS,CLEAR,DAYLIGHT,SIDESWIPE SAME DIRECTION,DIVIDED - W/MEDIAN BARRIER,,STRAIGHT AND LEVEL,DRY,NO DEFECTS,ON SCENE,NO INJURY / DRIVE AWAY,,,Y,"OVER $1,500",07/10/2025 04:20:00 PM,UNABLE TO DETERMINE,UNABLE TO DETERMINE,201,W,95TH ST,511,,,,,,,2,NO INDICATION OF INJURY,0,0,0,0,0,2,0,16,5,7,41.7215495347,-87.6287231582,POINT (-87.628723158155 41.721549534715)
3c7d312159e31270fbe11da5d0f3bf1bde327cb2db7f2b0418dca5b15308635ac4a7eee78a845661389f3c28b83b3c3b29487385a95b231098918df09c7455c0,,07/10/2025 03:57:00 PM,30,TRAFFIC SIGNAL,UNKNOWN,UNKNOWN,UNKNOWN,REAR END,DIVIDED - W/MEDIAN BARRIER,,STRAIGHT AND LEVEL,UNKNOWN,NO DEFECTS,NOT ON SCENE (DESK REPORT),NO INJURY / DRIVE AWAY,,,Y,"OVER $1,500",07/10/2025 06:30:00 PM,UNABLE TO DETERMINE,UNABLE TO DETERMINE,1170,S,STATE ST,123,,,,,,,2,NO INDICATION OF INJURY,0,0,0,0,0,2,0,15,5,7,41.8675023497,-87.6275680816,POINT (-87.627568081623 41.867502349701)
2fd4285f788100c588210b9f3c77fb728fa9994a98e851b6f31cd47ec9dee88a88e79e40878d10f01710052522d48b28a1c7ef804cc8e99bae51aeba84a6e2c3,,07/10/2025 03:45:00 PM,30,NO CONTROLS,NO CONTROLS,CLEAR,DAYLIGHT,SIDESWIPE SAME DIRECTION,NOT DIVIDED,,STRAIGHT AND LEVEL,UNKNOWN,UNKNOWN,NOT ON SCENE (DESK REPORT),NO INJURY / DRIVE AWAY,,,Y,"OVER $1,500",07/10/2025 05:50:00 PM,IMPROPER LANE USAGE,NOT APPLICABLE,3300,S,PULASKI RD,1031,,,,,,,2,NO INDICATION OF INJURY,0,0,0,0,0,4,0,15,5,7,41.8332701944,-87.7244186454,POINT (-87.724418645371 41.833270194369)
563c6f40fe1949f014590efc67daadf3a39be9c726eccbfb418a8880714636a2725facef94e612c081bae48117094fb8c0e567a7aba1914357f9abd7d177e20b,,07/10/2025 03:40:00 PM,30,NO CONTROLS,NO CONTROLS,CLEAR,DAYLIGHT,PARKED MOTOR VEHICLE,DIVIDED - W/MEDIAN (NOT RAISED),,STRAIGHT AND LEVEL,DRY,NO DEFECTS,NOT ON SCENE (DESK REPORT),NO INJURY / DRIVE AWAY,,,Y,"OVER $1,500",07/10/2025 05:15:00 PM,FAILING TO YIELD RIGHT-OF-WAY,NOT APPLICABLE,6259,N,SHERIDAN RD,2433,,,,,,,2,NO INDICATION OF INJURY,0,0,0,0,0,1,0,15,5,7,41.9963351013,-87.6554310432,POINT (-87.65543104323 41.996335101284)
77476a6457c84a4c150cadcfc99be03b4ea630f565b87ccfb68b0570ef499aa8a9b1e88aff3ed448ca834b270672b5f200d25dcaaadcfa22a43db3b15fd31387,,07/10/2025 03:38:00 PM,30,NO CONTROLS,NO CONTROLS,CLEAR,DAYLIGHT,TURNING,NOT DIVIDED,,STRAIGHT AND LEVEL,DRY,UNKNOWN,ON SCENE,INJURY AND / OR TOW DUE TO CRASH,N,,,"OVER $1,500",07/10/2025 03:38:00 PM,FAILING TO YIELD RIGHT-OF-WAY,NOT APPLICABLE,4132,W,PETERSON AVE,1711,,,,,,,2,"REPORTED, NOT EVIDENT",1,0,0,0,1,1,0,15,5,7,41.9901945934,-87.7325741903,POINT (-87.732574190316 41.990194593434)
0336fa3208a1a48edfb193905ffa33fdcabde19150acd197eaf932aa48c60bd02e7c84b51f0b30ae374866b6c2dc5c83da6ab56b3b665d8ef864ca79a01e4e62,,07/10/2025 03:37:00 PM,30,TRAFFIC SIGNAL,FUNCTIONING PROPERLY,CLEAR,DAYLIGHT,TURNING,FOUR WAY,,STRAIGHT AND LEVEL,DRY,NO DEFECTS,NOT ON SCENE (DESK REPORT),NO INJURY / DRIVE AWAY,Y,,,"OVER $1,500",07/10/2025 05:15:00 PM,FAILING TO REDUCE SPEED TO AVOID CRASH,FAILING TO YIELD RIGHT-OF-WAY,4300,W,DIVISION ST,2534,,,,,,,2,NO INDICATION OF INJURY,0,0,0,0,0,2,0,15,5,7,41.9026628129,-87.7338083697,POINT (-87.733808369749 41.902662812914)
50c659d7f7425880939341e08b5d67732c0d6871f1b06a90ad48eb77ff9455582a8cd63ea8fe5da22177b85b4ab638d3c75f7af3521aae202fed0465a614a564,,07/10/2025 03:30:00 PM,30,NO CONTROLS,NO CONTROLS,CLEAR,DAYLIGHT,SIDESWIPE SAME DIRECTION,NOT DIVIDED,,STRAIGHT AND LEVEL,DRY,NO DEFECTS,NOT ON SCENE (DESK REPORT),NO INJURY / DRIVE AWAY,,,,"OVER $1,500",07/10/2025 05:15:00 PM,NOT APPLICABLE,NOT APPLICABLE,4730,S,PULASKI RD,815,,,,,,,2,NO INDICATION OF INJURY,0,0,0,0,0,4,0,15,5,7,41.8069299003,-87.7237032586,POINT (-87.723703258632 41.806929900299)
7078d4738bef8b77126530d73e5b1bfb53052f5e8cc25866a983b586806e2b65bcaa593d8a7d7498a8e36b09eebbe55978777f372302ab720522bd9444d1844b,,07/10/2025 03:30:00 PM,30,NO CONTROLS,NO CONTROLS,CLEAR,DAYLIGHT,SIDESWIPE SAME DIRECTION,NOT DIVIDED,,STRAIGHT AND LEVEL,DRY,NO DEFECTS,NOT ON SCENE (DESK REPORT),NO INJURY / DRIVE AWAY,,,Y,"OVER $1,500",07/11/2025 04:54:00 PM,IMPROPER OVERTAKING/PASSING,NOT APPLICABLE,5137,S,ARCHER AVE,815,,,,,,,2,NO INDICATION OF INJURY,0,0,0,0,0,4,0,15,5,7,41.8003875588,-87.7311941101,POINT (-87.731194110098 41.800387558754)
afd474fd57634be20ffff7658e3b2bd0816c1cc6997a5e4d9c2af87950631b720b65259218ecad0add73f453796991e1f157f1144f05526f1e79214fde3aa152,,07/10/2025 03:30:00 PM,30,TRAFFIC SIGNAL,FUNCTIONING PROPERLY,CLEAR,DAYLIGHT,SIDESWIPE SAME DIRECTION,NOT DIVIDED,,STRAIGHT AND LEVEL,DRY,NO DEFECTS,ON SCENE,INJURY AND / OR TOW DUE TO CRASH,,,Y,"OVER $1,500",07/10/2025 03:30:00 PM,IMPROPER OVERTAKING/PASSING,NOT APPLICABLE,6100,S,MICHIGAN AVE,311,,,,,,,2,NONINCAPACITATING INJURY,1,0,0,1,0,8,0,15,5,7,41.7836983817,-87.6223271368,POINT (-87.622327136782 41.78369838168)
b0b540eba50b8be39ef3fd0b2d06517501f3598349861b5f21deb5849893b31e71360b8c412d64505f773cf73b3a130bb92f0bdea1b776ace2385e08358bfc21,,07/10/2025 03:30:00 PM,30,TRAFFIC SIGNAL,FUNCTIONING PROPERLY,CLEAR,DAYLIGHT,TURNING,DIVIDED - W/MEDIAN (NOT RAISED),,STRAIGHT AND LEVEL,DRY,NO DEFECTS,ON SCENE,INJURY AND / OR TOW DUE TO CRASH,,,,"OVER $1,500",07/10/2025 03:37:00 PM,IMPROPER LANE USAGE,NOT APPLICABLE,2657,N,ELSTON AVE,1432,,,,,,,2,NONINCAPACITATING INJURY,2,0,0,2,0,2,0,15,5,7,41.9300105829,-87.6844447756,POINT (-87.684444775632 41.930010582935)
e2963190cf9f4e55d4fb9e517753ac27dd100c632191d68a92760e81a72a52a19b9fb26ce7e2c1d9e4600f4d1f2f88cd6180f37aca2c423954a887be18a7f4ca,,07/10/2025 03:30:00 PM,30,NO CONTROLS,NO CONTROLS,CLEAR,DAYLIGHT,PARKED MOTOR VEHICLE,DIVIDED - W/MEDIAN (NOT RAISED),,STRAIGHT AND LEVEL,DRY,NO DEFECTS,ON SCENE,NO INJURY / DRIVE AWAY,,,,"OVER $1,500",07/10/2025 03:38:00 PM,DRIVING SKILLS/KNOWLEDGE/EXPERIENCE,NOT APPLICABLE,4721,S,ELLIS AVE,222,,,,,,,2,NO INDICATION OF INJURY,0,0,0,0,0,1,0,15,5,7,41.808934974,-87.6015409186,POINT (-87.601540918553 41.808934974042)
e8ef435c67ba68f2dec42379169d0cfeb29fae2c4b517b38a37a2b4827be18d8fc7ff1fdde46956fc4a325e7699db7809f0f076f5038bffda1e7e79c4e44ff34,Y,07/10/2025 03:30:00 PM,30,TRAFFIC SIGNAL,FUNCTIONING PROPERLY,CLEAR,DAYLIGHT,REAR END,NOT DIVIDED,,STRAIGHT AND LEVEL,DRY,NO DEFECTS,NOT ON SCENE (DESK REPORT),NO INJURY / DRIVE AWAY,,,,"$501 - $1,500",07/19/2025 09:00:00 AM,FAILING TO REDUCE SPEED TO AVOID CRASH,NOT APPLICABLE,923,N,MICHIGAN AVE,1833,,,,,,,2,NO INDICATION OF INJURY,0,0,0,0,0,2,0,15,5,7,41.8999716685,-87.6240119406,POINT (-87.624011940584 41.899971668535)
abefdfc3deda79a76f4ed1176887c8df60a261c6625bfc0abcd6d38646c8b2377598bd838459f57343a4f2183329af37745ad0d50568ecaa1f47719376fc05c4,,07/10/2025 03:18:00 PM,35,NO CONTROLS,NO CONTROLS,CLEAR,DAYLIGHT,SIDESWIPE SAME DIRECTION,ONE-WAY,,CURVE ON GRADE,DRY,UNKNOWN,ON SCENE,NO INJURY / DRIVE AWAY,,,,"OVER $1,500",07/10/2025 03:30:00 PM,IMPROPER LANE USAGE,NOT APPLICABLE,1,W,TERMINAL ST,1651,,,,,,,2,NO INDICATION OF INJURY,0,0,0,0,0,2,0,15,5,7,,,
9e068688c3fc1d9d1b8e960028ee1c24ce1eb76b6cd10a7d5541df88e07e3581df2a0199460b288db4d241729b704a838051495ce5719b29e5e25c75d3192ae9,,07/10/2025 03:15:00 PM,30,FLASHING CONTROL SIGNAL,FUNCTIONING PROPERLY,CLEAR,DAYLIGHT,SIDESWIPE SAME DIRECTION,OTHER,,STRAIGHT AND LEVEL,DRY,NO DEFECTS,NOT ON SCENE (DESK REPORT),NO INJURY / DRIVE AWAY,,,,"OVER $1,500",07/10/2025 06:35:00 PM,IMPROPER OVERTAKING/PASSING,NOT APPLICABLE,34,N,DEARBORN ST,112,,,,,,,2,NO INDICATION OF INJURY,0,0,0,0,0,4,0,15,5,7,41.8828008942,-87.6295751785,POINT (-87.629575178495 41.88280089417)
f2ec9dd7302b94dcf2e6c7ed4804d849f48776113c1a35262c1dd914f0abcb79e67f5976661c94b3c9fbbb49fb0430e4f6104093b87be28153992507ff0c7a99,,07/10/2025 03:15:00 PM,30,TRAFFIC SIGNAL,UNKNOWN,CLEAR,DAYLIGHT,REAR END,FOUR WAY,,STRAIGHT AND LEVEL,DRY,UNKNOWN,NOT ON SCENE (DESK REPORT),NO INJURY / DRIVE AWAY,,,Y,"OVER $1,500",07/10/2025 03:45:00 PM,UNABLE TO DETERMINE,UNABLE TO DETERMINE,7,S,CICERO AVE,1113,,,,,,,2,NO INDICATION OF INJURY,0,0,0,0,0,2,0,15,5,7,41.8802433856,-87.7451216785,POINT (-87.74512167854 41.880243385574)
44932691915dc153613410b45d178a46d9b2044eafeef1e2e371d5ebb31bff907adaff08f6a55c623377b253866a559d3f52ee88ade1e786b673ded33aed7c30,,07/10/2025 03:10:00 PM,30,TRAFFIC SIGNAL,FUNCTIONING PROPERLY,CLEAR,DAYLIGHT,TURNING,NOT DIVIDED,,STRAIGHT AND LEVEL,DRY,NO DEFECTS,ON SCENE,NO INJURY / DRIVE AWAY,,,,"$501 - $1,500",07/10/2025 03:11:00 PM,UNABLE TO DETERMINE,UNABLE TO DETERMINE,5189,W,DIVERSEY AVE,2521,,,,,,,3,NO INDICATION OF INJURY,0,0,0,0,0,3,0,15,5,7,41.9312914658,-87.7562944977,POINT (-87.756294497745 41.93129146576)
baae54aefdd5c27032b51c9e0a34ed25c0795e37daa9c731a3b7d712c9edd26dfe59958c4d01374a2e3a7a3a18dc0b2e0e9f521154c2d782f1b46c60ff5a7063,,07/10/2025 03:10:00 PM,30,NO CONTROLS,NO CONTROLS,CLEAR,DAYLIGHT,REAR END,NOT DIVIDED,,STRAIGHT AND LEVEL,DRY,NO DEFECTS,ON SCENE,INJURY AND / OR TOW DUE TO CRASH,,,,"$501 - $1,500",07/10/2025 03:15:00 PM,FAILING TO REDUCE SPEED TO AVOID CRASH,FAILING TO REDUCE SPEED TO AVOID CRASH,3523,S,WESTERN BLVD,912,,,,,,,2,"REPORTED, NOT EVIDENT",2,0,0,0,2,1,0,15,5,7,41.8295357219,-87.6842907069,POINT (-87.68429070693 41.829535721863)
4a03aaf88e7b572cd96efd2f2a68a745bd024643e50f9b679a5a6b5e03ce7e7905bbed2a8ee82dc54ee72956a48c3f1d76c6bd0d45f69b96d97a0f7dc41c42f4,,07/10/2025 03:00:00 PM,30,TRAFFIC SIGNAL,FUNCTIONING PROPERLY,CLEAR,DAYLIGHT,REAR END,FOUR WAY,,STRAIGHT AND LEVEL,DRY,UNKNOWN,ON SCENE,INJURY AND / OR TOW DUE TO CRASH,Y,,,"OVER $1,500",07/10/2025 06:30:00 PM,UNABLE TO DETERMINE,UNABLE TO DETERMINE,713,S,CICERO AVE,1131,,,,,,,2,"REPORTED, NOT EVIDENT",2,0,0,0,2,1,0,15,5,7,41.8718141944,-87.7447836688,POINT (-87.744783668806 41.871814194365)
5c1a74ac98dea444c5d774036583d0eefcf0e395037d25153d318f11dd84f45d45696f7a6860f31cfbada963c6c3d0e7294f84f007d41dac260b532a1648ad94,,07/10/2025 03:00:00 PM,30,TRAFFIC SIGNAL,FUNCTIONING PROPERLY,CLEAR,DAYLIGHT,REAR END,NOT DIVIDED,,STRAIGHT AND LEVEL,DRY,NO DEFECTS,NOT ON SCENE (DESK REPORT),NO INJURY / DRIVE AWAY,,,,"OVER $1,500",07/10/2025 03:28:00 PM,FOLLOWING TOO CLOSELY,FAILING TO YIELD RIGHT-OF-WAY,4347,S,KEDZIE AVE,922,,,,,,,2,NO INDICATION OF INJURY,0,0,0,0,0,2,0,15,5,7,41.8140204691,-87.7040611471,POINT (-87.704061147097 41.814020469097)
66c8e6dfd7e08c0a14fc11c5994d391be34301e5bf0093a3b4d4c005e3a7eecce8022a1a86683439f36d5fe848f31a7ae4a430ab79694f7968cdb3cea78c7cdc,,07/10/2025 03:00:00 PM,30,NO CONTROLS,NO CONTROLS,CLEAR,DAYLIGHT,PARKED MOTOR VEHICLE,DIVIDED - W/MEDIAN (NOT RAISED),,STRAIGHT AND LEVEL,DRY,NO DEFECTS,ON SCENE,NO INJURY / DRIVE AWAY,,,,$500 OR LESS,07/10/2025 03:03:00 PM,IMPROPER BACKING,IMPROPER BACKING,725,W,SHERIDAN RD,1925,N,,,,,,2,NO INDICATION OF INJURY,0,0,0,0,0,1,0,15,5,7,41.9526757765,-87.6489203386,POINT (-87.648920338648 41.952675776524)
c27eb912caa0fd0990b845a6e8880ba443097d9fe383c84ff070f8de006ce8e40dfa93d9f6f61dae24d26bbdbe8542a25577d036ba9feb702b743f5337b7843b,,07/10/2025 03:00:00 PM,30,NO CONTROLS,NO CONTROLS,CLEAR,DAYLIGHT,SIDESWIPE SAME DIRECTION,NOT DIVIDED,,STRAIGHT AND LEVEL,DRY,NO DEFECTS,NOT ON SCENE (DESK REPORT),NO INJURY / DRIVE AWAY,,,,"OVER $1,500",07/10/2025 03:45:00 PM,IMPROPER OVERTAKING/PASSING,UNABLE TO DETERMINE,8406,W,BELMONT AVE,1631,,,,,,,2,NO INDICATION OF INJURY,0,0,0,0,0,2,0,15,5,7,41.9376577957,-87.8366024869,POINT (-87.836602486928 41.937657795749)
c4c98e38ba0d0b0d65ab37d6cd5405feff4949a291723d244df7815ae3c56285dbcbf7a5f859f1b26e0ccf372695523a30d64f1b350b93ce01422e5808c59acf,,07/10/2025 02:55:00 PM,10,NO CONTROLS,NO CONTROLS,CLEAR,DAYLIGHT,REAR TO FRONT,OTHER,,STRAIGHT AND LEVEL,DRY,NO DEFECTS,,NO INJURY / DRIVE AWAY,,Y,,"$501 - $1,500",07/10/2025 03:20:00 PM,IMPROPER BACKING,NOT APPLICABLE,3218,W,IRVING PARK RD,1724,,,,,,,2,NO INDICATION OF INJURY,0,0,0,0,0,2,0,14,5,7,41.9540240752,-87.7087861222,POINT (-87.708786122247 41.954024075237)
cca339454ba5b654fc5d6ad961f1b8f8943cdb47a92dbdef81fb84c90b131c4e3405830f2e34016b44be610ca0cfc210f0c0e428baf4f2fa4961451cea9833eb,,07/10/2025 02:50:00 PM,30,STOP SIGN/FLASHER,FUNCTIONING PROPERLY,CLEAR,DAYLIGHT,ANGLE,FOUR WAY,,STRAIGHT AND LEVEL,DRY,NO DEFECTS,NOT ON SCENE (DESK REPORT),NO INJURY / DRIVE AWAY,Y,,,"OVER $1,500",07/10/2025 04:40:00 PM,UNABLE TO DETERMINE,UNABLE TO DETERMINE,3400,W,AINSLIE ST,1712,,,,,,,2,NO INDICATION OF INJURY,0,0,0,0,0,2,0,14,5,7,41.9703323797,-87.7134459673,POINT (-87.713445967264 41.970332379744)
687493a6586e9f2d72164d045a13a75dc779dc3e5f5d8761d63baa2217cfb55aba77e470770ba7bee4fb761a258af4a91643c90e1923606a091db5e0fa020ed8,,07/10/2025 02:45:00 PM,30,NO CONTROLS,NO CONTROLS,CLEAR,DAYLIGHT,PARKED MOTOR VEHICLE,DIVIDED - W/MEDIAN BARRIER,,STRAIGHT AND LEVEL,DRY,NO DEFECTS,NOT ON SCENE (DESK REPORT),NO INJURY / DRIVE AWAY,,,,$500 OR LESS,07/10/2025 05:05:00 PM,IMPROPER BACKING,NOT APPLICABLE,2100,S,CALUMET AVE,132,,,,,,,2,NO INDICATION OF INJURY,0,0,0,0,0,2,0,14,5,7,41.8542807036,-87.6192214962,POINT (-87.619221496193 41.854280703587)
eff169e1d95603f53d49dd7632cd1effb3625de7c6fbdf629ae70e67d8303454313771e01da54b24b7f76cf8e369b96f72b18448ded71d052c79e7024240331a,,07/10/2025 02:45:00 PM,30,NO CONTROLS,NO CONTROLS,CLEAR,DAYLIGHT,PARKED MOTOR VEHICLE,NOT DIVIDED,,STRAIGHT AND LEVEL,DRY,NO DEFECTS,NOT ON SCENE (DESK REPORT),NO INJURY / DRIVE AWAY,,,,"$501 - $1,500",07/10/2025 05:19:00 PM,FOLLOWING TOO CLOSELY,NOT APPLICABLE,2020,S,CALUMET AVE,132,,,,,,,2,NO INDICATION OF INJURY,0,0,0,0,0,2,0,14,5,7,41.8549236257,-87.6192359154,POINT (-87.619235915382 41.854923625683)
fab880f6b49e774571bbd92c2ad3d258652a39a32b61f07da3218a4a794a2536cd35a2eb54ae787067d339f9808fb9690d06674b993ee047cea695b5f3cf3588,,07/10/2025 02:45:00 PM,30,NO CONTROLS,NO CONTROLS,CLEAR,DAYLIGHT,REAR TO FRONT,NOT DIVIDED,,STRAIGHT AND LEVEL,DRY,NO DEFECTS,ON SCENE,NO INJURY / DRIVE AWAY,,,Y,"OVER $1,500",07/10/2025 02:51:00 PM,IMPROPER BACKING,NOT APPLICABLE,2555,W,LAWRENCE AVE,1911,,,,,,,2,NO INDICATION OF INJURY,0,0,0,0,0,2,0,14,5,7,41.9684649916,-87.6935143298,POINT (-87.693514329807 41.96846499163)
6558ba1c1e9fee57fad4f487e8c95bb09889934c86617025a158822b7891c1e21ec72d4d0d2e92fddb30a89889cbf134370a76fedbdf44d4810f1a22cb15ef93,,07/10/2025 02:43:00 PM,30,OTHER,NO CONTROLS,CLEAR,DAYLIGHT,PEDESTRIAN,DIVIDED - W/MEDIAN (NOT RAISED),,STRAIGHT AND LEVEL,DRY,"RUT, HOLES",ON SCENE,INJURY AND / OR TOW DUE TO CRASH,,,Y,$500 OR LESS,07/10/2025 02:44:00 PM,UNABLE TO DETERMINE,UNABLE TO DETERMINE,224,N,WESTERN AVE,1222,,,,,,,2,"REPORTED, NOT EVIDENT",1,0,0,0,1,1,0,14,5,7,41.8853673191,-87.6866934638,POINT (-87.686693463837 41.885367319094)
04a1cec3d4dd1c25c4193619073bb893e270c2717fbac88ab06d52fe47224ca0179d332eecd8dee0867b199b3ef22477504094d49a023f71f3d6d8e839e93eb9,Y,07/10/2025 02:40:00 PM,30,NO CONTROLS,NO CONTROLS,CLEAR,DAYLIGHT,PARKED MOTOR VEHICLE,NOT DIVIDED,,STRAIGHT AND LEVEL,DRY,UNKNOWN,NOT ON SCENE (DESK REPORT),NO INJURY / DRIVE AWAY,,,Y,"OVER $1,500",07/10/2025 03:30:00 PM,UNABLE TO DETERMINE,NOT APPLICABLE,1538,N,CLYBOURN AVE,1822,,,,,,,2,NO INDICATION OF INJURY,0,0,0,0,0,1,0,14,5,7,41.9093137738,-87.6475016789,POINT (-87.64750167889 41.909313773834)
63cbd356200611a249e06a1eef2a705ead7839fff00229a385f9161783872bee70d6af0798d4257bf9378340fd1a44924a190b2e049106547a0396015a13be8c,,07/10/2025 02:33:00 PM,30,TRAFFIC SIGNAL,UNKNOWN,CLEAR,DAYLIGHT,REAR END,NOT DIVIDED,,STRAIGHT AND LEVEL,DRY,NO DEFECTS,ON SCENE,NO INJURY / DRIVE AWAY,Y,,,"OVER $1,500",07/10/2025 07:39:00 PM,NOT APPLICABLE,NOT APPLICABLE,700,S,CICERO AVE,1533,,,,,,,2,NO INDICATION OF INJURY,0,0,0,0,0,2,0,14,5,7,41.8720580505,-87.7450793431,POINT (-87.745079343101 41.872058050459)
0b8fcee4af0bbf5a2398cfdd4bb17ec97ea69577329baea78d61662d10574545017f6a132bb82d725be5cabc47671df2f046216adf203167e01b7a5c09cfd9d2,,07/10/2025 02:30:00 PM,30,NO CONTROLS,NO CONTROLS,CLEAR,DAYLIGHT,REAR END,NOT DIVIDED,,STRAIGHT AND LEVEL,DRY,NO DEFECTS,NOT ON SCENE (DESK REPORT),NO INJURY / DRIVE AWAY,,,Y,"OVER $1,500",07/10/2025 05:00:00 PM,UNABLE TO DETERMINE,NOT APPLICABLE,518,N,MILWAUKEE AVE,1214,,,,,,,2,NO INDICATION OF INJURY,0,0,0,0,0,2,0,14,5,7,41.8916272701,-87.6484912647,POINT (-87.648491264682 41.891627270066)
927a9ceed2a332e4bc85d157a6fd63abb9339e5effa821bc92ebbdd73252dd8053b04154fda0c0438b8bb22c53a9665d0bf5f22c7b5b3366142b098db8a0c2ae,Y,07/10/2025 02:30:00 PM,30,PEDESTRIAN CROSSING SIGN,FUNCTIONING PROPERLY,CLEAR,DAYLIGHT,REAR END,NOT DIVIDED,,STRAIGHT AND LEVEL,DRY,NO DEFECTS,ON SCENE,NO INJURY / DRIVE AWAY,Y,,,"OVER $1,500",07/10/2025 02:38:00 PM,UNABLE TO DETERMINE,UNABLE TO DETERMINE,1482,W,GRAND AVE,1215,,,,,,,2,NO INDICATION OF INJURY,0,0,0,0,0,2,0,14,5,7,41.8911097959,-87.665436193,POINT (-87.665436193016 41.891109795919)