CRASH_RECORD_ID,CRASH_DATE_EST_I,CRASH_DATE,POSTED_SPEED_LIMIT,TRAFFIC_CONTROL_DEVICE,DEVICE_CONDITION,WEATHER_CONDITION,LIGHTING_CONDITION,FIRST_CRASH_TYPE,TRAFFICWAY_TYPE,LANE_CNT,ALIGNMENT,ROADWAY_SURFACE_COND,ROAD_DEFECT,REPORT_TYPE,CRASH_TYPE,INTERSECTION_RELATED_I,NOT_RIGHT_OF_WAY_I,HIT_AND_RUN_I,DAMAGE,DATE_POLICE_NOTIFIED,PRIM_CONTRIBUTORY_CAUSE,SEC_CONTRIBUTORY_CAUSE,STREET_NO,STREET_DIRECTION,STREET_NAME,BEAT_OF_OCCURRENCE,PHOTOS_TAKEN_I,STATEMENTS_TAKEN_I,DOORING_I,WORK_ZONE_I,WORK_ZONE_TYPE,WORKERS_PRESENT_I,NUM_UNITS,MOST_SEVERE_INJURY,INJURIES_TOTAL,INJURIES_FATAL,INJURIES_INCAPACITATING,INJURIES_NON_INCAPACITATING,INJURIES_REPORTED_NOT_EVIDENT,INJURIES_NO_INDICATION,INJURIES_UNKNOWN,CRASH_HOUR,CRASH_DAY_OF_WEEK,CRASH_MONTH,LATITUDE,LONGITUDE,LOCATION
330bbc803c1c2cac0c8aa234211d52b9751e33b038e6add88f749a20bf4944dd51453e0aa01d3c2683f5f98790809ff6dd425e10d4c6f7f0ecd4db4dcf4843fa,,07/10/2025 02:20:00 PM,35,TRAFFIC SIGNAL,FUNCTIONING PROPERLY,CLEAR,DAYLIGHT,SIDESWIPE SAME DIRECTION,DIVIDED - W/MEDIAN (NOT RAISED),,STRAIGHT AND LEVEL,DRY,NO DEFECTS,NOT ON SCENE (DESK REPORT),NO INJURY / DRIVE AWAY,,,,"$501 - $1,500",07/10/2025 04:00:00 PM,IMPROPER OVERTAKING/PASSING,UNABLE TO DETERMINE,9500,S,STONY ISLAND AVE,511,,,,,,,2,NO INDICATION OF INJURY,0,0,0,0,0,2,0,14,5,7,41.722257273,-87.5852755651,POINT (-87.585275565077 41.722257273006)
a25132769c5b01a465ea4b5cadcddc8da5cbf60b0a91981f8db13518113435a21ef45705ecdf8a367997bdbc86317ca3fe917598284b9d4cfd41eb293cd11931,,07/10/2025 02:20:00 PM,30,TRAFFIC SIGNAL,NO CONTROLS,CLEAR,DAYLIGHT,SIDESWIPE SAME DIRECTION,DIVIDED - W/MEDIAN (NOT RAISED),,STRAIGHT AND LEVEL,DRY,NO DEFECTS,NOT ON SCENE (DESK REPORT),NO INJURY / DRIVE AWAY,Y,,,"OVER $1,500",07/10/2025 03:20:00 PM,UNABLE TO DETERMINE,UNABLE TO DETERMINE,3158,W,MONTROSE AVE,1724,,,,,,,2,NO INDICATION OF INJURY,0,0,0,0,0,2,0,14,5,7,41.9612969209,-87.7081882332,POINT (-87.708188233219 41.961296920865)
9069d7e2f67418b6f41f2b6261e0afce70ecf23139d72bf5e9b983a6247f05d782d708c644a7a792c6b93d908eb3fbf336450c09981d814fa18ecd14d85498b1,,07/10/2025 02:15:00 PM,30,TRAFFIC SIGNAL,FUNCTIONING PROPERLY,CLEAR,DAYLIGHT,PEDALCYCLIST,FOUR WAY,,STRAIGHT AND LEVEL,DRY,NO DEFECTS,,INJURY AND / OR TOW DUE TO CRASH,Y,,Y,"OVER $1,500",07/12/2025 06:23:00 PM,FAILING TO YIELD RIGHT-OF-WAY,FAILING TO YIELD RIGHT-OF-WAY,5640,S,HYDE PARK DR,331,,,,,,,2,INCAPACITATING INJURY,1,0,1,0,0,1,0,14,5,7,41.7925187764,-87.5840328632,POINT (-87.584032863238 41.79251877638)
c88e83bc9c2c5be64141196a657e6f41d0ce5d5acbddd983ecf51d0e8a2040cc0780392f3ede005674445fc950c72bea06762618a51ed489d7a5614c818f5c31,,07/10/2025 02:15:00 PM,45,NO CONTROLS,NO CONTROLS,CLEAR,DAYLIGHT,SIDESWIPE SAME DIRECTION,DIVIDED - W/MEDIAN BARRIER,,STRAIGHT AND LEVEL,DRY,UNKNOWN,ON SCENE,INJURY AND / OR TOW DUE TO CRASH,,,,"OVER $1,500",07/10/2025 03:00:00 PM,IMPROPER LANE USAGE,UNABLE TO DETERMINE,4100,S,LAKE SHORE DR NB,214,,,,,,,2,NO INDICATION OF INJURY,0,0,0,0,0,2,0,14,5,7,41.819970526,-87.5977486589,POINT (-87.597748658918 41.819970526006)
872b5c619c110c6513be23c334a3a2d1837ef96f4218b3fbf2bd77b4a0c1512430215cbd365aec59531771bb1fb019decfd2665f43ed31e148b61ea37888406d,,07/10/2025 02:12:00 PM,35,TRAFFIC SIGNAL,FUNCTIONING PROPERLY,CLEAR,DAYLIGHT,SIDESWIPE SAME DIRECTION,FOUR WAY,,STRAIGHT AND LEVEL,DRY,WORN SURFACE,NOT ON SCENE (DESK REPORT),NO INJURY / DRIVE AWAY,,,,"$501 - $1,500",07/10/2025 02:35:00 PM,UNABLE TO DETERMINE,UNABLE TO DETERMINE,998,W,59TH ST,712,,,,,,,2,NO INDICATION OF INJURY,0,0,0,0,0,2,0,14,5,7,41.7870667287,-87.6497696009,POINT (-87.649769600897 41.787066728691)
cd32ef9eb1488e9451de869a6943492c023a1c2cd25a3fc90d4588d511949657d7831d2f36c66e178437ede5594ab903b630aca35d0afa652dc5ae0082ae797d,,07/10/2025 02:12:00 PM,30,NO CONTROLS,NO CONTROLS,CLEAR,DAYLIGHT,PARKED MOTOR VEHICLE,ONE-WAY,,STRAIGHT AND LEVEL,DRY,UNKNOWN,NOT ON SCENE (DESK REPORT),NO INJURY / DRIVE AWAY,,,Y,"OVER $1,500",07/17/2025 03:05:00 PM,UNABLE TO DETERMINE,NOT APPLICABLE,50,W,WASHINGTON ST,111,,,,,,,2,NO INDICATION OF INJURY,0,0,0,0,0,1,0,14,5,7,41.8833221991,-87.6297750966,POINT (-87.629775096643 41.88332219915)
a12b0782fb5a6feed1faee6768fa31225f23e32504218b992e19fb415155bf20892deb69aafc7318f02d8dee96bf17d861f38201119a578d9ed7b40317813e78,,07/10/2025 02:10:00 PM,35,TRAFFIC SIGNAL,FUNCTIONING PROPERLY,CLEAR,DAYLIGHT,TURNING,FOUR WAY,,STRAIGHT AND LEVEL,DRY,NO DEFECTS,ON SCENE,NO INJURY / DRIVE AWAY,Y,,,$500 OR LESS,07/10/2025 02:30:00 PM,FOLLOWING TOO CLOSELY,UNABLE TO DETERMINE,7045,S,PULASKI RD,833,,,,,,,2,NO INDICATION OF INJURY,0,0,0,0,0,5,0,14,5,7,41.7645896091,-87.7222396043,POINT (-87.722239604294 41.764589609122)
f7dbf1c4e2f4a938fdd1676c98a1cf757c937dac84c9ef1b4f1141f36534a313763df48491ee9d4177ab0fef5edf1056cd67a25b1e6bb81ad1b268aa1c7b0fe5,,07/10/2025 02:04:00 PM,15,NO CONTROLS,NO CONTROLS,CLEAR,DAYLIGHT,PARKED MOTOR VEHICLE,PARKING LOT,,STRAIGHT AND LEVEL,DRY,NO DEFECTS,ON SCENE,NO INJURY / DRIVE AWAY,,Y,Y,"$501 - $1,500",07/10/2025 03:41:00 PM,UNABLE TO DETERMINE,NOT APPLICABLE,5753,N,CANFIELD AVE,1612,,,,,,,2,NO INDICATION OF INJURY,0,0,0,0,0,1,0,14,5,7,41.9846661438,-87.8231586472,POINT (-87.823158647156 41.984666143815)
2027f7f40d844dc88d21face04f1e821caccaed6a4ac35bb9fc6382022587479c7fba2171138734554adb88311de38cdc41a559f13c1d1be15a934f603b6f960,,07/10/2025 02:00:00 PM,10,NO CONTROLS,NO CONTROLS,CLEAR,DAYLIGHT,FIXED OBJECT,PARKING LOT,,STRAIGHT AND LEVEL,DRY,NO DEFECTS,ON SCENE,NO INJURY / DRIVE AWAY,,Y,,"$501 - $1,500",07/10/2025 02:07:00 PM,UNABLE TO DETERMINE,UNABLE TO DETERMINE,6363,N,MILWAUKEE AVE,1611,,,,,,,1,NO INDICATION OF INJURY,0,0,0,0,0,1,0,14,5,7,41.9966088598,-87.7869994488,POINT (-87.786999448812 41.996608859821)
2864b19980f23ea36ada2a6d4983807a06248c759fccecedf51164ca171b966d00fb60cb2d7f2eb759d206114da7d997e7a252cdb9fe2e11713d99a7fb8cb92f,,07/10/2025 02:00:00 PM,30,TRAFFIC SIGNAL,NO CONTROLS,RAIN,DAYLIGHT,SIDESWIPE SAME DIRECTION,NOT DIVIDED,,STRAIGHT AND LEVEL,DRY,NO DEFECTS,NOT ON SCENE (DESK REPORT),NO INJURY / DRIVE AWAY,,,,"$501 - $1,500",07/10/2025 03:39:00 PM,IMPROPER LANE USAGE,NOT APPLICABLE,5640,S,KEDZIE AVE,822,,,,,,,2,NO INDICATION OF INJURY,0,0,0,0,0,4,0,14,5,7,41.7904788846,-87.7036165601,POINT (-87.703616560058 41.790478884595)
81a6ba2a920865f2a8e6f5c0bebaba752162ec3dd5619839203884e64d27fe9aee4bb9aad32e56aec77af16a156743e5d3f536ef8b5b4b2085bdbbbeccc32f89,Y,07/10/2025 02:00:00 PM,25,NO CONTROLS,NO CONTROLS,CLEAR,DAYLIGHT,PARKED MOTOR VEHICLE,NOT DIVIDED,,STRAIGHT AND LEVEL,DRY,UNKNOWN,NOT ON SCENE (DESK REPORT),NO INJURY / DRIVE AWAY,,,Y,$500 OR LESS,07/10/2025 03:00:00 PM,UNABLE TO DETERMINE,NOT APPLICABLE,1500,W,FOSTER AVE,2012,,,,,,,2,NO INDICATION OF INJURY,0,0,0,0,0,1,0,14,5,7,41.9762991844,-87.6684805556,POINT (-87.668480555647 41.976299184445)
94dfef49ce83be99b2007bca0967b4d34901ac3c45541aaa0382ffaaeb4cc851e9d1f9fe04a23f9229765e5ab26765408652da5bb0fef6eba697f88410c9b89e,,07/10/2025 01:59:00 PM,30,TRAFFIC SIGNAL,FUNCTIONING PROPERLY,CLEAR,DAYLIGHT,REAR TO FRONT,CENTER TURN LANE,,STRAIGHT AND LEVEL,DRY,NO DEFECTS,NOT ON SCENE (DESK REPORT),NO INJURY / DRIVE AWAY,Y,,,"OVER $1,500",07/10/2025 03:10:00 PM,IMPROPER BACKING,UNABLE TO DETERMINE,3750,W,BELMONT AVE,1732,Y,Y,,,,,2,NO INDICATION OF INJURY,0,0,0,0,0,2,0,13,5,7,41.9392703414,-87.7218946906,POINT (-87.721894690637 41.939270341374)
ea3eec6c5445aa29098a33f756bb841a2df09d62479a4f39d67841d292dc4abd018f32c5a1b23b8fd08b7256c7e60ea4bd7721e397038a67c1ec68702d5eaeb4,,07/10/2025 01:55:00 PM,30,STOP SIGN/FLASHER,FUNCTIONING PROPERLY,CLEAR,DAYLIGHT,ANGLE,NOT DIVIDED,,STRAIGHT AND LEVEL,DRY,NO DEFECTS,ON SCENE,INJURY AND / OR TOW DUE TO CRASH,Y,,,"OVER $1,500",07/10/2025 01:57:00 PM,DISREGARDING STOP SIGN,FAILING TO REDUCE SPEED TO AVOID CRASH,3900,W,MARQUETTE RD,833,,,,,,,2,"REPORTED, NOT EVIDENT",3,0,0,0,3,0,0,13,5,7,41.7715194535,-87.7202502195,POINT (-87.720250219473 41.771519453472)
3dd9442a3c8cc08b07ad58e19080cc83f49efabbac8a74bf0170bef92bc88bb3e5e439e267713d3d44ccfabf9bed09a2095a12b2ae81db01bd904b412072fbb2,,07/10/2025 01:54:00 PM,30,TRAFFIC SIGNAL,UNKNOWN,CLEAR,DAYLIGHT,REAR END,DIVIDED - W/MEDIAN (NOT RAISED),,STRAIGHT AND LEVEL,DRY,UNKNOWN,NOT ON SCENE (DESK REPORT),NO INJURY / DRIVE AWAY,,,,"OVER $1,500",07/10/2025 02:38:00 PM,FOLLOWING TOO CLOSELY,NOT APPLICABLE,5424,W,DEVON AVE,1621,,,,,,,2,NO INDICATION OF INJURY,0,0,0,0,0,2,0,13,5,7,41.9974394235,-87.7647850179,POINT (-87.764785017943 41.997439423493)
a978ac22ef225a55154cbf994b4a12f984045b08e0d4aba15ca11ce2fc783805e4697929f450db81301b96b9dc87f14eeba0abcd6989257d034d24423d5f5d90,,07/10/2025 01:53:00 PM,30,TRAFFIC SIGNAL,FUNCTIONING PROPERLY,CLEAR,DAYLIGHT,REAR END,NOT DIVIDED,,STRAIGHT AND LEVEL,DRY,NO DEFECTS,NOT ON SCENE (DESK REPORT),NO INJURY / DRIVE AWAY,,,,"OVER $1,500",07/10/2025 02:31:00 PM,FAILING TO REDUCE SPEED TO AVOID CRASH,NOT APPLICABLE,3716,W,COLUMBUS AVE,834,,,,,,,2,NO INDICATION OF INJURY,0,0,0,0,0,2,0,13,5,7,41.7409246499,-87.7148917312,POINT (-87.714891731201 41.740924649914)
30cd3af9596f962172f081f20d1e87140a79db4a64925aaccba4957d96885cee37a7c9a4e33e07d91dda6fc6d0c2cf9979352c383c0a320a4e1425e9663feb74,,07/10/2025 01:50:00 PM,10,NO CONTROLS,NO CONTROLS,CLEAR,DAYLIGHT,PARKED MOTOR VEHICLE,PARKING LOT,,STRAIGHT AND LEVEL,DRY,NO DEFECTS,NOT ON SCENE (DESK REPORT),NO INJURY / DRIVE AWAY,,,,"OVER $1,500",07/10/2025 03:00:00 PM,UNABLE TO DETERMINE,NOT APPLICABLE,4612,W,59TH ST,813,,,,,,,2,NO INDICATION OF INJURY,0,0,0,0,0,2,0,13,5,7,41.7857328077,-87.7384383227,POINT (-87.738438322686 41.785732807652)
bf557f3aa98b21212f8a9344afe06bfd0464c6e7566b93760db51540a6bc1bd46f83f931b4c0244a5ea0b913761b93c5eae98dc9e98407255eb39bce518ca923,,07/10/2025 01:50:00 PM,30,TRAFFIC SIGNAL,FUNCTIONING PROPERLY,CLEAR,DAYLIGHT,REAR END,DIVIDED - W/MEDIAN (NOT RAISED),,STRAIGHT AND LEVEL,DRY,NO DEFECTS,NOT ON SCENE (DESK REPORT),NO INJURY / DRIVE AWAY,,,,"OVER $1,500",07/10/2025 02:30:00 PM,FOLLOWING TOO CLOSELY,FOLLOWING TOO CLOSELY,3310,N,ELSTON AVE,1733,,,,,,,2,NO INDICATION OF INJURY,0,0,0,0,0,3,0,13,5,7,41.9415050084,-87.7016125606,POINT (-87.701612560621 41.941505008372)
76d9f9d3213f4878ef64cdc7181701da104dde75b3b98bfe60bd6df79787e1b4d12b16d9a7b24308410bf8ab428f5882b2fccd3ca365f6f85b1ea3e749040134,,07/10/2025 01:45:00 PM,30,NO CONTROLS,NO CONTROLS,CLEAR,DAYLIGHT,TURNING,NOT DIVIDED,,STRAIGHT AND LEVEL,UNKNOWN,UNKNOWN,NOT ON SCENE (DESK REPORT),NO INJURY / DRIVE AWAY,,,Y,"OVER $1,500",07/10/2025 02:10:00 PM,IMPROPER TURNING/NO SIGNAL,NOT APPLICABLE,5101,S,PULASKI RD,822,,,,,,,2,NO INDICATION OF INJURY,0,0,0,0,0,3,0,13,5,7,41.800531295,-87.7232259176,POINT (-87.723225917632 41.800531294982)
64bdb7fa47d266b06f05a609733359db8786be71e1b198e8c7ae19e43ca09f2a74f9d123073bd3a587aaa6e68282123ca3557cd989012350505894ee5f959c70,,07/10/2025 01:41:00 PM,10,NO CONTROLS,NO CONTROLS,CLEAR,DAYLIGHT,REAR END,PARKING LOT,,STRAIGHT AND LEVEL,DRY,NO DEFECTS,NOT ON SCENE (DESK REPORT),NO INJURY / DRIVE AWAY,,,,"$501 - $1,500",07/10/2025 02:35:00 PM,UNABLE TO DETERMINE,NOT APPLICABLE,1732,E,95TH ST,413,,,,,,,2,NO INDICATION OF INJURY,0,0,0,0,0,2,0,13,5,7,41.7225026814,-87.5812361675,POINT (-87.581236167482 41.722502681367)
cadb2dec98faf24104adffdec3308ea57fcf52b66a28784a1b16bae2ef7776710e3e300bafb425e783f26a395e1bd2e9aa74abf05b3edcf36a39178c0ba02127,,07/10/2025 01:41:00 PM,30,NO CONTROLS,NO CONTROLS,CLEAR,DAYLIGHT,TURNING,DIVIDED - W/MEDIAN (NOT RAISED),,STRAIGHT AND LEVEL,DRY,NO DEFECTS,ON SCENE,INJURY AND / OR TOW DUE TO CRASH,,,,"OVER $1,500",07/10/2025 02:47:00 PM,IMPROPER TURNING/NO SIGNAL,NOT APPLICABLE,2398,W,71ST ST,832,,,,,,,2,NO INDICATION OF INJURY,0,0,0,0,0,4,0,13,5,7,41.7648135768,-87.6831815716,POINT (-87.683181571574 41.764813576755)
2fc259c40e387f6a1777acad4898167b43b89ad1c7bc4b6dffdef9edb4837c60a092ddf208d03412a70cb23ec1bc1563c1b8ce38ae81306f9c0eeedb5bf06049,,07/10/2025 01:40:00 PM,30,TRAFFIC SIGNAL,FUNCTIONING PROPERLY,CLEAR,DAYLIGHT,REAR END,NOT DIVIDED,,STRAIGHT AND LEVEL,DRY,NO DEFECTS,ON SCENE,INJURY AND / OR TOW DUE TO CRASH,,,,"OVER $1,500",07/10/2025 01:43:00 PM,FAILING TO REDUCE SPEED TO AVOID CRASH,NOT APPLICABLE,3601,W,DEVON AVE,1711,,,,,,,3,NONINCAPACITATING INJURY,1,0,0,1,0,2,0,13,5,7,41.9971660175,-87.7191254649,POINT (-87.719125464901 41.997166017521)
6b18136a4b06e68b32fa14163c7825ef2fa2c801b68a1620db45fabea37a64a3bee8392c204c3ccc9c351951817a1768a0b57a17e52d910a67271b677722e8c6,,07/10/2025 01:40:00 PM,10,NO CONTROLS,NO CONTROLS,CLEAR,DAYLIGHT,PEDESTRIAN,PARKING LOT,,STRAIGHT AND LEVEL,DRY,NO DEFECTS,ON SCENE,INJURY AND / OR TOW DUE TO CRASH,,,,$500 OR LESS,07/10/2025 01:41:00 PM,"VISION OBSCURED (SIGNS, TREE LIMBS, BUILDINGS, ETC.)",NOT APPLICABLE,1,W,PARKING LOT A ST,1654,,,,,,,2,INCAPACITATING INJURY,1,0,1,0,0,1,0,13,5,7,,,
d02f4c90facc7a6409e4accb56a435e7a301caf52d304e7d4d753a13f4a0228cc8eacf28652e5b2528412e389476bad42c549f0b65db9bcb6da3f697e6969aee,,07/10/2025 01:40:00 PM,15,NO CONTROLS,NO CONTROLS,CLEAR,DAYLIGHT,ANGLE,PARKING LOT,,STRAIGHT AND LEVEL,DRY,NO DEFECTS,NOT ON SCENE (DESK REPORT),NO INJURY / DRIVE AWAY,,,,"OVER $1,500",07/10/2025 02:30:00 PM,UNABLE TO DETERMINE,UNABLE TO DETERMINE,2527,W,CERMAK RD,1034,,,,,,,2,NO INDICATION OF INJURY,0,0,0,0,0,2,0,13,5,7,41.8518806699,-87.6890816896,POINT (-87.689081689616 41.851880669888)
3249c4d30a4331ac1f26a3269730b25aa86613ade4af1d0f6b556858d30ccc2e0f0dc89a0cda09c00c0c858c4ffedecdc2e7ff8849734d7e96ea164f90de0bdd,,07/10/2025 01:30:00 PM,35,NO CONTROLS,NO CONTROLS,CLEAR,DAYLIGHT,SIDESWIPE SAME DIRECTION,NOT DIVIDED,,STRAIGHT AND LEVEL,DRY,NO DEFECTS,NOT ON SCENE (DESK REPORT),NO INJURY / DRIVE AWAY,,,,"OVER $1,500",07/10/2025 02:35:00 PM,IMPROPER OVERTAKING/PASSING,NOT APPLICABLE,4001,S,CICERO AVE,1031,,,,,,,2,NO INDICATION OF INJURY,0,0,0,0,0,2,0,13,5,7,41.8205700021,-87.7433597642,POINT (-87.743359764154 41.820570002052)
7e242bf01981483c51a616296d9e736d927997979631d688feb8d30470dc67b69794c1632c5c7b869e51ed7d3044a305bfb697c3aa2429c72396a4568eb1f7da,,07/10/2025 01:30:00 PM,30,STOP SIGN/FLASHER,FUNCTIONING PROPERLY,UNKNOWN,DAYLIGHT,PARKED MOTOR VEHICLE,NOT DIVIDED,,STRAIGHT AND LEVEL,UNKNOWN,UNKNOWN,NOT ON SCENE (DESK REPORT),NO INJURY / DRIVE AWAY,,,Y,"$501 - $1,500",07/10/2025 02:50:00 PM,UNABLE TO DETERMINE,NOT APPLICABLE,1359,W,HENDERSON ST,1924,,,,,,,2,NO INDICATION OF INJURY,0,0,0,0,0,1,0,13,5,7,41.9423960294,-87.6637686839,POINT (-87.663768683891 41.942396029373)
ddd6212269acbef062e66e92bd93740c98875e4c31e13a6f4a4350d4c1dc6530ac7b21cd12dcd6e5c79c5e7ba3cdbf6a3ef2aab48974c7d1328faf4478312ab8,,07/10/2025 01:30:00 PM,30,STOP SIGN/FLASHER,FUNCTIONING PROPERLY,CLEAR,DAYLIGHT,TURNING,NOT DIVIDED,,STRAIGHT AND LEVEL,UNKNOWN,UNKNOWN,NOT ON SCENE (DESK REPORT),NO INJURY / DRIVE AWAY,,,,"OVER $1,500",07/10/2025 03:15:00 PM,IMPROPER TURNING/NO SIGNAL,NOT APPLICABLE,3300,W,CERMAK RD,1024,,,,,,,2,NO INDICATION OF INJURY,0,0,0,0,0,6,0,13,5,7,41.8518456491,-87.707751006,POINT (-87.707751005965 41.851845649066)
2fadbac72516b4b43aa44b1786cd9f04c7e0a229715b77bbf21dd1bfa49fd5cc79866f889165cf8d7c3453d83550c2ca5944b8a5effd65a8affdb16f4c4c3d80,,07/10/2025 01:28:00 PM,20,NO CONTROLS,UNKNOWN,CLEAR,DAYLIGHT,TURNING,PARKING LOT,,CURVE ON GRADE,DRY,NO DEFECTS,ON SCENE,NO INJURY / DRIVE AWAY,,N,,"OVER $1,500",07/10/2025 01:30:00 PM,FAILING TO YIELD RIGHT-OF-WAY,FAILING TO YIELD RIGHT-OF-WAY,5733,N,SHERIDAN RD,2022,,,,,,,2,NO INDICATION OF INJURY,0,0,0,0,0,3,0,13,5,7,41.9865369189,-87.6551381759,POINT (-87.655138175859 41.986536918913)
f872421fa6d95ab7aa6e0c8600587220533d808897e4f0d1fb34bd1cad4b369190c4719d4e5c1c0fd4ca0c0c2e8d738b0cc017276c9da492ab43c1fd51a3d52b,,07/10/2025 01:25:00 PM,30,TRAFFIC SIGNAL,FUNCTIONING PROPERLY,CLEAR,DAYLIGHT,REAR END,Y-INTERSECTION,,STRAIGHT AND LEVEL,DRY,NO DEFECTS,NOT ON SCENE (DESK REPORT),NO INJURY / DRIVE AWAY,Y,,,"OVER $1,500",07/10/2025 02:00:00 PM,FOLLOWING TOO CLOSELY,NOT APPLICABLE,803,N,MILWAUKEE AVE,1213,,,,,,,2,NO INDICATION OF INJURY,0,0,0,0,0,2,0,13,5,7,41.8964217297,-87.6554684687,POINT (-87.655468468742 41.896421729696)
f0af94c967ae720fb3b5b43b7f45334a89d451138991f3ee17658acb9aabdbe538f54a062cb559d073c73349ae58a3224eb6996ffce8e2651df6bd01e64d4eb1,,07/10/2025 01:15:00 PM,30,TRAFFIC SIGNAL,FUNCTIONING PROPERLY,CLEAR,DAYLIGHT,REAR END,FOUR WAY,,STRAIGHT AND LEVEL,DRY,NO DEFECTS,NOT ON SCENE (DESK REPORT),NO INJURY / DRIVE AWAY,,,,"OVER $1,500",07/10/2025 03:00:00 PM,FAILING TO REDUCE SPEED TO AVOID CRASH,FOLLOWING TOO CLOSELY,1901,S,PULASKI RD,1014,,,,,,,2,NO INDICATION OF INJURY,0,0,0,0,0,2,0,13,5,7,41.8549842759,-87.7247028419,POINT (-87.724702841886 41.854984275893)
5e86590d38821ea3f7c8e7a12d06b1c66a805825b2b38be13f2a072ee19cd36ee0d832416752510996e046c6b55b0cb6bc9cc342622dbcd4aebc91df1a715d23,,07/10/2025 01:10:00 PM,20,NO CONTROLS,NO CONTROLS,CLEAR,DAYLIGHT,SIDESWIPE SAME DIRECTION,OTHER,,STRAIGHT AND LEVEL,DRY,NO DEFECTS,NOT ON SCENE (DESK REPORT),NO INJURY / DRIVE AWAY,,,,"OVER $1,500",07/10/2025 01:50:00 PM,FAILING TO YIELD RIGHT-OF-WAY,DRIVING SKILLS/KNOWLEDGE/EXPERIENCE,2,W,TERMINAL ST,1652,,,,,,,2,NO INDICATION OF INJURY,0,0,0,0,0,2,0,13,5,7,,,
11b3e1e20d1da27efeef1d8bb1f4f473daac33f0a10b7062ec6eb8e57d65b7455d6bacab3072906ddf9c1d5040dba0ceb54860b5948fe7671fdab53fbdd8d17e,,07/10/2025 01:00:00 PM,30,NO CONTROLS,NO CONTROLS,CLEAR,DAYLIGHT,PARKED MOTOR VEHICLE,NOT DIVIDED,,STRAIGHT AND LEVEL,DRY,UNKNOWN,NOT ON SCENE (DESK REPORT),INJURY AND / OR TOW DUE TO CRASH,,,Y,"OVER $1,500",07/10/2025 04:00:00 PM,IMPROPER LANE USAGE,IMPROPER LANE USAGE,7546,S,DAMEN AVE,611,,,,,,,2,NO INDICATION OF INJURY,0,0,0,0,0,1,0,13,5,7,41.7561546735,-87.6734477511,POINT (-87.673447751079 41.756154673511)
5eb8a820680a2e8785b20aa3bdd0e59b708cb820b1b53504ef20e03f3900b95e9fd9f2804611d929ed97ec53e46678b9284400a8fc20298c7a3fc53ae518216b,,07/10/2025 01:00:00 PM,45,NO CONTROLS,NO CONTROLS,CLEAR,DAYLIGHT,SIDESWIPE SAME DIRECTION,ONE-WAY,,STRAIGHT AND LEVEL,DRY,NO DEFECTS,NOT ON SCENE (DESK REPORT),NO INJURY / DRIVE AWAY,,,Y,"OVER $1,500",07/12/2025 12:20:00 PM,IMPROPER OVERTAKING/PASSING,NOT APPLICABLE,4900,S,LAKE SHORE DR NB,222,,,,,,,2,NO INDICATION OF INJURY,0,0,0,0,0,2,0,13,5,7,41.8059150738,-87.5848390166,POINT (-87.584839016583 41.805915073785)
84db9527664eb18c4a0e89ac8ed6cf9d909427f6a75d6a9e8abd6172e7f0022d4e0f012b25eba1147bf2ce5528e9f047add14f4d075f5d2229242d657f2cd34e,,07/10/2025 01:00:00 PM,30,TRAFFIC SIGNAL,FUNCTIONING PROPERLY,CLEAR,DAYLIGHT,REAR END,NOT DIVIDED,,STRAIGHT AND LEVEL,DRY,NO DEFECTS,NOT ON SCENE (DESK REPORT),NO INJURY / DRIVE AWAY,,,,"OVER $1,500",07/10/2025 03:20:00 PM,FOLLOWING TOO CLOSELY,UNABLE TO DETERMINE,6401,N,HARLEM AVE,1611,,,,,,,2,NO INDICATION OF INJURY,0,0,0,0,0,2,0,13,5,7,41.9970171835,-87.806653425,POINT (-87.806653425047 41.997017183521)
8d148e04bfaa2ea84bdba75a67ab2d2a9f196578f3e6be2ead137bea8bc18d452ed33f1aa6e26128fcc87bd41bec43931aaad8345a31e59c04dc0467dad66ea9,,07/10/2025 01:00:00 PM,30,TRAFFIC SIGNAL,FUNCTIONING PROPERLY,CLEAR,DAYLIGHT,SIDESWIPE SAME DIRECTION,FOUR WAY,,STRAIGHT AND LEVEL,DRY,NO DEFECTS,NOT ON SCENE (DESK REPORT),NO INJURY / DRIVE AWAY,,,,"OVER $1,500",07/21/2025 09:45:00 AM,UNABLE TO DETERMINE,NOT APPLICABLE,4600,N,CICERO AVE,1623,,,,,,,2,NO INDICATION OF INJURY,0,0,0,0,0,2,0,13,5,7,41.9644511676,-87.7477764313,POINT (-87.747776431281 41.964451167552)
110f0fc0db7bd38eee4267f4442777221e2e884c34c5c7cec648b26d97809b66e9b4cb43166b05444e1653c8ee79e401a68e9db17d6c0eb3f5bd13219f0f52ea,,07/10/2025 12:55:00 PM,30,TRAFFIC SIGNAL,FUNCTIONING PROPERLY,CLEAR,DAYLIGHT,SIDESWIPE SAME DIRECTION,T-INTERSECTION,,STRAIGHT AND LEVEL,DRY,NO DEFECTS,ON SCENE,NO INJURY / DRIVE AWAY,Y,,,"OVER $1,500",07/10/2025 12:55:00 PM,NOT APPLICABLE,NOT APPLICABLE,3350,W,16TH ST,1021,,,,,,,2,NO INDICATION OF INJURY,0,0,0,0,0,3,0,12,5,7,41.8591434547,-87.7099359485,POINT (-87.709935948543 41.859143454692)