CRASH_RECORD_ID,CRASH_DATE_EST_I,CRASH_DATE,POSTED_SPEED_LIMIT,TRAFFIC_CONTROL_DEVICE,DEVICE_CONDITION,WEATHER_CONDITION,LIGHTING_CONDITION,FIRST_CRASH_TYPE,TRAFFICWAY_TYPE,LANE_CNT,ALIGNMENT,ROADWAY_SURFACE_COND,ROAD_DEFECT,REPORT_TYPE,CRASH_TYPE,INTERSECTION_RELATED_I,NOT_RIGHT_OF_WAY_I,HIT_AND_RUN_I,DAMAGE,DATE_POLICE_NOTIFIED,PRIM_CONTRIBUTORY_CAUSE,SEC_CONTRIBUTORY_CAUSE,STREET_NO,STREET_DIRECTION,STREET_NAME,BEAT_OF_OCCURRENCE,PHOTOS_TAKEN_I,STATEMENTS_TAKEN_I,DOORING_I,WORK_ZONE_I,WORK_ZONE_TYPE,WORKERS_PRESENT_I,NUM_UNITS,MOST_SEVERE_INJURY,INJURIES_TOTAL,INJURIES_FATAL,INJURIES_INCAPACITATING,INJURIES_NON_INCAPACITATING,INJURIES_REPORTED_NOT_EVIDENT,INJURIES_NO_INDICATION,INJURIES_UNKNOWN,CRASH_HOUR,CRASH_DAY_OF_WEEK,CRASH_MONTH,LATITUDE,LONGITUDE,LOCATION
dcc23416c832a7ccf59bbc534cd145f3b18a086fb054e79424564b557289bdbfd385d3f6ef2956cb1ed634ccf68c19de288004ba41934477eddb353f15cecd72,,07/10/2025 12:55:00 PM,35,TRAFFIC SIGNAL,FUNCTIONING PROPERLY,CLEAR,DAYLIGHT,PEDESTRIAN,DIVIDED - W/MEDIAN BARRIER,,STRAIGHT AND LEVEL,DRY,NO DEFECTS,ON SCENE,INJURY AND / OR TOW DUE TO CRASH,,,,$500 OR LESS,07/10/2025 12:55:00 PM,FAILING TO YIELD RIGHT-OF-WAY,NOT APPLICABLE,9819,S,HALSTED ST,2223,,,,,,,2,NONINCAPACITATING INJURY,1,0,0,1,0,1,0,12,5,7,41.7153776492,-87.6429041834,POINT (-87.642904183438 41.715377649202)
60186055ecf4e02529c86ff657b7c3e8d848cb94efcc7830fd4b6260de8550c1d8eba518f3c535c656eb014f078158143a20061a5a525dbcfca15ee94b6c309a,,07/10/2025 12:50:00 PM,30,TRAFFIC SIGNAL,FUNCTIONING PROPERLY,CLEAR,DAYLIGHT,SIDESWIPE SAME DIRECTION,T-INTERSECTION,,STRAIGHT AND LEVEL,DRY,NO DEFECTS,ON SCENE,NO INJURY / DRIVE AWAY,Y,,,"OVER $1,500",07/10/2025 12:56:00 PM,DRIVING SKILLS/KNOWLEDGE/EXPERIENCE,UNABLE TO DETERMINE,2600,S,HALSTED ST,913,,,,,,,2,NO INDICATION OF INJURY,0,0,0,0,0,3,0,12,5,7,41.8452853968,-87.6465950786,POINT (-87.646595078608 41.845285396803)
b41438bdc61d4144b093f8d587f6f077d68c240d3c6ff693ddfa2871797c2e8d60fad6a91aa4b9b83a1fadda6ee2bda8c0e95aef8e6768451e3b62afe9121995,,07/10/2025 12:50:00 PM,30,NO CONTROLS,NO CONTROLS,CLEAR,DAYLIGHT,REAR END,NOT DIVIDED,,STRAIGHT AND LEVEL,DRY,NO DEFECTS,NOT ON SCENE (DESK REPORT),NO INJURY / DRIVE AWAY,,,,"OVER $1,500",07/10/2025 01:15:00 PM,UNABLE TO DETERMINE,NOT APPLICABLE,3608,N,HALSTED ST,1923,,,,,,,2,NO INDICATION OF INJURY,0,0,0,0,0,2,0,12,5,7,41.9476259016,-87.6496439926,POINT (-87.649643992632 41.947625901643)
ea04d37ea1c71a0039b4a41dcdac02db266d752f3922353a0370ab2b6b5d7f1e9a542193f139211b04fce4a6b206b215497a017c4e7748f3a36c69c86e8e64f3,,07/10/2025 12:50:00 PM,30,TRAFFIC SIGNAL,FUNCTIONING PROPERLY,CLEAR,DAYLIGHT,SIDESWIPE SAME DIRECTION,FOUR WAY,,STRAIGHT AND LEVEL,DRY,NO DEFECTS,NOT ON SCENE (DESK REPORT),NO INJURY / DRIVE AWAY,Y,,,"OVER $1,500",07/10/2025 03:42:00 PM,UNABLE TO DETERMINE,UNABLE TO DETERMINE,5699,S,LAKE SHORE DR NB,331,Y,,,,,,2,NO INDICATION OF INJURY,0,0,0,0,0,2,0,12,5,7,41.7916165742,-87.5799369721,POINT (-87.579936972138 41.79161657424)
4623bf0fb5b44b3c666f4d632de956e0b1c96528e7a8b2204edf3eb8f7d5cca96856e33939227d7ffbc6c727ba187a17ddbd5c29357f357b0e719030ac985e85,,07/10/2025 12:43:00 PM,30,UNKNOWN,UNKNOWN,CLEAR,DAYLIGHT,PARKED MOTOR VEHICLE,OTHER,,STRAIGHT AND LEVEL,UNKNOWN,UNKNOWN,NOT ON SCENE (DESK REPORT),NO INJURY / DRIVE AWAY,,,,"OVER $1,500",07/10/2025 01:35:00 PM,UNABLE TO DETERMINE,UNABLE TO DETERMINE,3950,N,LAKE SHORE DR,1925,,,,,,,2,NO INDICATION OF INJURY,0,0,0,0,0,1,0,12,5,7,41.9543447187,-87.6453496206,POINT (-87.645349620599 41.954344718652)
f1f4f0f2806b746893b15e0992c1a9d828d42d8ac0683eb8c35a189968003827eb8feced092b9714c80c7ca16ceda28cc9113054ec407cee6af1577c9c9e6d54,,07/10/2025 12:43:00 PM,30,NO CONTROLS,NO CONTROLS,CLEAR,DAYLIGHT,PARKED MOTOR VEHICLE,DIVIDED - W/MEDIAN (NOT RAISED),,STRAIGHT AND LEVEL,DRY,UNKNOWN,NOT ON SCENE (DESK REPORT),NO INJURY / DRIVE AWAY,,,,"$501 - $1,500",07/10/2025 01:40:00 PM,UNABLE TO DETERMINE,NOT APPLICABLE,1250,S,MICHIGAN AVE,131,,,,,,,2,NO INDICATION OF INJURY,0,0,0,0,0,2,0,12,5,7,41.8660735868,-87.6242676732,POINT (-87.624267673225 41.866073586832)
cb2d1f3de0a39a246a7422c9d238e17c0a99002170899ec60bf65239234fa6b09ad35cfe9c1abb0b059b83fc589d545063242be6cc6cc2d12ac1dedfbe3bfa06,,07/10/2025 12:31:00 PM,25,STOP SIGN/FLASHER,FUNCTIONING PROPERLY,CLEAR,DAYLIGHT,REAR END,NOT DIVIDED,,STRAIGHT AND LEVEL,DRY,NO DEFECTS,ON SCENE,INJURY AND / OR TOW DUE TO CRASH,,,Y,"$501 - $1,500",07/10/2025 12:32:00 PM,UNABLE TO DETERMINE,UNABLE TO DETERMINE,12300,S,WENTWORTH AVE,523,,,,,,,2,NONINCAPACITATING INJURY,1,0,0,1,0,1,0,12,5,7,41.6705912786,-87.6273897154,POINT (-87.627389715434 41.670591278635)
1315ba199c790f358764d77dc73f97d36b28d9c30e8ace729f73c17c258b51a9e1d9cafd05a27795bf59590fa3b32854d50842d9a4103a1796d55127e537ad95,,07/10/2025 12:26:00 PM,35,TRAFFIC SIGNAL,FUNCTIONING PROPERLY,CLEAR,DAYLIGHT,REAR END,DIVIDED - W/MEDIAN (NOT RAISED),,STRAIGHT AND LEVEL,DRY,NO DEFECTS,ON SCENE,INJURY AND / OR TOW DUE TO CRASH,Y,,,"OVER $1,500",07/10/2025 12:28:00 PM,FAILING TO REDUCE SPEED TO AVOID CRASH,FAILING TO REDUCE SPEED TO AVOID CRASH,7401,S,CICERO AVE,833,,,,,,,3,NONINCAPACITATING INJURY,2,0,0,2,0,7,0,12,5,7,41.7587279977,-87.7415356623,POINT (-87.741535662317 41.75872799769)
15c225be5747d7688f46fbe300eb47dbf26f805ba6973415d88470a1aac1d3eeb033849356a0ebb3dca42f56989c5bc1ac95ab4f28ae2dd7dbad42a1d64d45ca,,07/10/2025 12:25:00 PM,20,NO CONTROLS,NO CONTROLS,CLEAR,DAYLIGHT,TURNING,ALLEY,,STRAIGHT AND LEVEL,DRY,UNKNOWN,ON SCENE,NO INJURY / DRIVE AWAY,Y,,,"OVER $1,500",07/10/2025 12:31:00 PM,FAILING TO YIELD RIGHT-OF-WAY,"VISION OBSCURED (SIGNS, TREE LIMBS, BUILDINGS, ETC.)",2417,W,24TH PL,1034,,,,,,,2,NO INDICATION OF INJURY,0,0,0,0,0,2,0,12,5,7,41.8473715864,-87.6862088555,POINT (-87.686208855538 41.847371586408)
66d9a48c564d93981223cf618a35e765d388ed7faad2efd591a811640b6ef9e69ea1df8d3da79ee223347b3eb8d03279000c2e49fb7819f7d6f895827086fac0,,07/10/2025 12:23:00 PM,30,TRAFFIC SIGNAL,FUNCTIONING PROPERLY,CLEAR,DAYLIGHT,ANGLE,T-INTERSECTION,,STRAIGHT AND LEVEL,WET,NO DEFECTS,NOT ON SCENE (DESK REPORT),INJURY AND / OR TOW DUE TO CRASH,,,,"$501 - $1,500",07/10/2025 01:16:00 PM,IMPROPER OVERTAKING/PASSING,NOT APPLICABLE,1654,N,MARCEY ST,1811,,,,,,,2,"REPORTED, NOT EVIDENT",1,0,0,0,1,2,0,12,5,7,41.9123281268,-87.6537890639,POINT (-87.653789063929 41.912328126783)
55f1dae30f42ceac1f18d67115100c9d8918eb6d5bd79a83f8237d82761bb3ddd8c4ce9e9e4ef79340178843dbb6a8943d2d86a3070de03dfaba9efce4f08545,,07/10/2025 12:20:00 PM,30,TRAFFIC SIGNAL,FUNCTIONING PROPERLY,CLEAR,DAYLIGHT,REAR END,NOT DIVIDED,,STRAIGHT AND LEVEL,DRY,NO DEFECTS,NOT ON SCENE (DESK REPORT),NO INJURY / DRIVE AWAY,,,,"OVER $1,500",07/10/2025 01:00:00 PM,FOLLOWING TOO CLOSELY,NOT APPLICABLE,4804,W,MONTROSE AVE,1623,,,,,,,2,NO INDICATION OF INJURY,0,0,0,0,0,2,0,12,5,7,41.9608292481,-87.7477555331,POINT (-87.747755533122 41.960829248105)
b042dcb381619138c70d1938e1c393a22b967f6c3554b346c451b14c28d2477c6dda41aed326d080a85bf1c64c55e745be172cfeffabaa96aa7fd2301043ba6b,,07/10/2025 12:20:00 PM,30,STOP SIGN/FLASHER,FUNCTIONING PROPERLY,CLEAR,DAYLIGHT,TURNING,T-INTERSECTION,,STRAIGHT AND LEVEL,DRY,NO DEFECTS,NOT ON SCENE (DESK REPORT),NO INJURY / DRIVE AWAY,Y,,,"$501 - $1,500",07/10/2025 12:30:00 PM,UNABLE TO DETERMINE,UNABLE TO DETERMINE,5228,N,ASHLAND AVE,2012,,,,,,,2,NO INDICATION OF INJURY,0,0,0,0,0,2,0,12,5,7,41.9769821311,-87.6697825533,POINT (-87.6697825533 41.976982131074)
97f089a4c7f7c9608253672800dcb1c8890e0798b9795cafe4bf9853982b9f00329160e8e516eeed2149edbb2df8e3b59bda1f0d412bff176fe94dea66d72b38,,07/10/2025 12:15:00 PM,30,NO CONTROLS,NO CONTROLS,CLEAR,DAYLIGHT,TURNING,DIVIDED - W/MEDIAN (NOT RAISED),,STRAIGHT AND LEVEL,DRY,NO DEFECTS,ON SCENE,NO INJURY / DRIVE AWAY,,,,"OVER $1,500",07/10/2025 01:00:00 PM,UNABLE TO DETERMINE,UNABLE TO DETERMINE,3636,W,83RD ST,834,,,,,,,2,NO INDICATION OF INJURY,0,0,0,0,0,4,0,12,5,7,41.742422442,-87.7134626197,POINT (-87.713462619684 41.742422442014)
d29d5e573ea57927f35dd474ce7814f056362fc170d1241e33858b93cd8eb98f818961f8cb678d70f075223998f3befb45efaa5e8be5ddbbb5b3137bd79ac527,,07/10/2025 12:15:00 PM,30,TRAFFIC SIGNAL,NO CONTROLS,CLEAR,DAYLIGHT,TURNING,FOUR WAY,,STRAIGHT AND LEVEL,DRY,NO DEFECTS,NOT ON SCENE (DESK REPORT),NO INJURY / DRIVE AWAY,,,,"OVER $1,500",07/11/2025 10:00:00 AM,IMPROPER TURNING/NO SIGNAL,NOT APPLICABLE,530,N,COLUMBUS DR,1834,,,,,,,2,NO INDICATION OF INJURY,0,0,0,0,0,3,0,12,5,7,,,
f3c769cf7f0621b781eeba3bf0339af43faba2e25a2347e0b1c16f2e6008818a4e86267065621b1a14fedc221410990d7ae325149b12f1d51e66cc145f6e7b2c,,07/10/2025 12:15:00 PM,30,NO CONTROLS,NO CONTROLS,CLEAR,DAYLIGHT,SIDESWIPE SAME DIRECTION,OTHER,,STRAIGHT AND LEVEL,DRY,NO DEFECTS,NOT ON SCENE (DESK REPORT),NO INJURY / DRIVE AWAY,,,,"OVER $1,500",07/10/2025 01:25:00 PM,NOT APPLICABLE,NOT APPLICABLE,1718,W,TAYLOR ST,1231,,,,,,,2,NO INDICATION OF INJURY,0,0,0,0,0,2,0,12,5,7,41.8693211847,-87.6698513791,POINT (-87.669851379086 41.869321184698)
ae9a249af051c164214b448da7e176b5184cdc6e07666254c273ae15c483c07d5658964f9399de47b02b7a9a483c8405ab16e0b5c80b5c6bc9604f28e47a4776,,07/10/2025 12:14:00 PM,35,TRAFFIC SIGNAL,FUNCTIONING PROPERLY,CLEAR,DAYLIGHT,SIDESWIPE SAME DIRECTION,NOT DIVIDED,,STRAIGHT AND LEVEL,DRY,NO DEFECTS,ON SCENE,NO INJURY / DRIVE AWAY,,,,"$501 - $1,500",07/10/2025 12:16:00 PM,IMPROPER OVERTAKING/PASSING,NOT APPLICABLE,2600,N,CLARK ST,1935,,,,,,,2,NO INDICATION OF INJURY,0,0,0,0,0,3,0,12,5,7,41.9296005837,-87.6430512122,POINT (-87.643051212209 41.92960058367)
4cbaedfe1f5c8932ab7d96a440060773a23f54d06f1d3d78a937669061f9984ca7ce20c5df977ced9cbec5794599ccae8a7fb32563d75976f12dcdd4f4278c4e,Y,07/10/2025 12:10:00 PM,30,NO CONTROLS,NO CONTROLS,CLEAR,DAYLIGHT,PARKED MOTOR VEHICLE,NOT DIVIDED,,STRAIGHT AND LEVEL,DRY,UNKNOWN,NOT ON SCENE (DESK REPORT),NO INJURY / DRIVE AWAY,,,,"OVER $1,500",07/10/2025 03:50:00 PM,IMPROPER OVERTAKING/PASSING,NOT APPLICABLE,5550,N,ASHLAND AVE,2012,,,,,,,2,NO INDICATION OF INJURY,0,0,0,0,0,1,0,12,5,7,41.983175298,-87.6699536698,POINT (-87.669953669845 41.983175298024)
ebad4891f576ba4d270138bfc145f34c586b3a6b90a777f386022117f199db5ec6929485b97330bccbdba9352d0bd70bb0099933f4c0e984730d408206e5b779,,07/10/2025 12:10:00 PM,30,TRAFFIC SIGNAL,FUNCTIONING PROPERLY,CLEAR,DAYLIGHT,TURNING,NOT DIVIDED,,STRAIGHT AND LEVEL,DRY,NO DEFECTS,NOT ON SCENE (DESK REPORT),NO INJURY / DRIVE AWAY,,,Y,"OVER $1,500",07/11/2025 08:45:00 AM,UNABLE TO DETERMINE,UNABLE TO DETERMINE,1030,W,NORTH AVE,1811,,,,,,,2,NO INDICATION OF INJURY,0,0,0,0,0,5,0,12,5,7,41.9109316611,-87.6542326487,POINT (-87.654232648726 41.910931661102)
50cbd2ebac8fa0911a3578089fed7ba2220915bbd997e872aacc38629c025f27f372406d4abc5fcb4684798c0da6f5126ea627ac7c5855004972801e46ce9a0d,,07/10/2025 12:06:00 PM,30,UNKNOWN,UNKNOWN,CLEAR,DAYLIGHT,PEDESTRIAN,ONE-WAY,,STRAIGHT AND LEVEL,DRY,UNKNOWN,ON SCENE,INJURY AND / OR TOW DUE TO CRASH,,,Y,$500 OR LESS,07/10/2025 12:06:00 PM,UNABLE TO DETERMINE,NOT APPLICABLE,11953,S,ASHLAND AVE,524,,,,,,,2,NONINCAPACITATING INJURY,1,0,0,1,0,1,0,12,5,7,41.6759758482,-87.6611934079,POINT (-87.661193407871 41.675975848188)
07c224e3b6e623f849d87f2e1e271a84ee9594c68f86bafce8cde070e0a91f0e299dd7931ee3731d33755142a1960886957fd376c2c4e5c2a86bc4e180cb866f,,07/10/2025 12:00:00 PM,30,NO CONTROLS,NO CONTROLS,CLEAR,DAYLIGHT,FIXED OBJECT,PARKING LOT,,STRAIGHT AND LEVEL,DRY,NO DEFECTS,ON SCENE,NO INJURY / DRIVE AWAY,,,,"OVER $1,500",07/10/2025 12:18:00 PM,UNABLE TO DETERMINE,NOT APPLICABLE,200,N,OGDEN AVE,1215,,,,,,,1,NO INDICATION OF INJURY,0,0,0,0,0,1,0,12,5,7,41.8854749005,-87.6628051847,POINT (-87.662805184738 41.885474900515)
3f3a8513e9b061cd90dfd7e3cdeee493de421a09e22bafaa3ac75aafc8f0ade6b2a145e9cfe125d71169bdecb29cb97b3c339f9431c6d6b5f510f255e3d54ca9,N,07/10/2025 12:00:00 PM,30,NO CONTROLS,NO CONTROLS,CLEAR,DAYLIGHT,PARKED MOTOR VEHICLE,ONE-WAY,,STRAIGHT AND LEVEL,UNKNOWN,NO DEFECTS,NOT ON SCENE (DESK REPORT),NO INJURY / DRIVE AWAY,,,Y,"OVER $1,500",07/11/2025 01:20:00 PM,UNABLE TO DETERMINE,NOT APPLICABLE,3945,W,ROSCOE ST,1732,,,,,,,2,NO INDICATION OF INJURY,0,0,0,0,0,1,0,12,5,7,41.9426334175,-87.726678502,POINT (-87.726678502003 41.942633417476)
90f32ea8cc2492ea1da2b1f0b849d388550bd874a90df49cf5d268a492cd169470cfc2e7f555d370bb6500e326855c6b654cf5752d3ceb39484e082271d95aa9,,07/10/2025 12:00:00 PM,30,TRAFFIC SIGNAL,FUNCTIONING PROPERLY,CLEAR,DAYLIGHT,TURNING,NOT DIVIDED,,STRAIGHT AND LEVEL,DRY,NO DEFECTS,NOT ON SCENE (DESK REPORT),NO INJURY / DRIVE AWAY,,,,"$501 - $1,500",07/10/2025 03:19:00 PM,FOLLOWING TOO CLOSELY,NOT APPLICABLE,511,N,COLUMBUS DR,1834,,,,,,,2,NO INDICATION OF INJURY,0,0,0,0,0,2,0,12,5,7,41.8914048807,-87.6200812297,POINT (-87.620081229738 41.891404880694)
ca269ad38566d5a4acab74a0bbb9334d60d50dbc68ee4a4ba0e6cba1e608a2d3713800af6aca738c60678d98869fc786bae0bbee109a8d77a7ec23e715764a22,,07/10/2025 12:00:00 PM,25,TRAFFIC SIGNAL,FUNCTIONING PROPERLY,CLEAR,DAYLIGHT,FIXED OBJECT,NOT DIVIDED,,STRAIGHT ON GRADE,DRY,NO DEFECTS,ON SCENE,INJURY AND / OR TOW DUE TO CRASH,,,,"OVER $1,500",07/10/2025 12:05:00 PM,PHYSICAL CONDITION OF DRIVER,NOT APPLICABLE,1404,W,FOSTER AVE,2013,,,,,,,1,NONINCAPACITATING INJURY,1,0,0,1,0,0,0,12,5,7,41.9763526776,-87.6650848229,POINT (-87.665084822862 41.976352677602)
a4a163004d788a5df3463b5c5bdb7943a84fe059cc1f8d5577d91dcccd2d47d5f3119e5e0da7537db620521730e831dc06f6cfdd95b84233cbee7dc7556e82ed,,07/10/2025 11:50:00 AM,25,TRAFFIC SIGNAL,FUNCTIONING PROPERLY,CLEAR,DAYLIGHT,REAR END,FOUR WAY,,STRAIGHT AND LEVEL,DRY,OTHER,ON SCENE,NO INJURY / DRIVE AWAY,,,,"OVER $1,500",07/10/2025 11:54:00 AM,UNABLE TO DETERMINE,UNABLE TO DETERMINE,4852,N,WESTERN AVE,2031,,,,Y,CONSTRUCTION,,3,NO INDICATION OF INJURY,0,0,0,0,0,3,0,11,5,7,41.9702035619,-87.6891056115,POINT (-87.689105611466 41.970203561941)
071d2ac0ae478f112df90f02e6e181557d239d849c1e287ca146818dda410b876fbbc5fda7d7783685b6e48a65f13dd61c36195e6b84f39f7820efd2b22648f4,,07/10/2025 11:46:00 AM,15,NO CONTROLS,NO CONTROLS,CLEAR,DAYLIGHT,REAR TO FRONT,PARKING LOT,,STRAIGHT AND LEVEL,UNKNOWN,UNKNOWN,ON SCENE,NO INJURY / DRIVE AWAY,,,,"OVER $1,500",07/10/2025 11:50:00 AM,NOT APPLICABLE,NOT APPLICABLE,6616,N,WESTERN AVE,2412,,,,,,,2,NO INDICATION OF INJURY,0,0,0,0,0,2,0,11,5,7,42.0018539931,-87.6901361314,POINT (-87.690136131427 42.001853993117)
c13bebf0f59bc2dbf8de578471bbac243c02d815d70c745ebc29144c99399a63415b2bb297078d380e03fa9c0500883d22b3684121cf7c11b477c8a475356b1c,,07/10/2025 11:39:00 AM,25,NO CONTROLS,NO CONTROLS,CLEAR,DAYLIGHT,SIDESWIPE SAME DIRECTION,NOT DIVIDED,,STRAIGHT AND LEVEL,DRY,NO DEFECTS,NOT ON SCENE (DESK REPORT),NO INJURY / DRIVE AWAY,,,,"$501 - $1,500",07/10/2025 12:25:00 PM,IMPROPER OVERTAKING/PASSING,NOT APPLICABLE,1550,E,94TH ST,413,,,,,,,2,NO INDICATION OF INJURY,0,0,0,0,0,2,0,11,5,7,41.7242695192,-87.5856221961,POINT (-87.585622196086 41.72426951919)
3f74e9ab2ab82919641584265ef37c79c0917ac95a5423fd79f22a9a0b5c70ae24f7c3120da5dc154188d7d6f5faddabb8ffe51d2fbe5ffaf2c34418a80d91f9,,07/10/2025 11:35:00 AM,30,NO CONTROLS,NO CONTROLS,CLEAR,DAYLIGHT,TURNING,NOT DIVIDED,,STRAIGHT AND LEVEL,DRY,NO DEFECTS,ON SCENE,NO INJURY / DRIVE AWAY,,,Y,"$501 - $1,500",07/10/2025 11:45:00 AM,IMPROPER OVERTAKING/PASSING,NOT APPLICABLE,4235,S,WESTERN BLVD,924,,,,,,,2,NO INDICATION OF INJURY,0,0,0,0,0,2,0,11,5,7,41.8165063185,-87.6839453561,POINT (-87.683945356125 41.816506318546)
96c9f819a21f620cfe49cda28fa8c7c922aefa5ec6ee51aad3b85f5a42bb6bad589d653cf570334bdf6ac61c1e4012788407dc1190f340fe436fb4c486ce58d4,,07/10/2025 11:30:00 AM,30,TRAFFIC SIGNAL,FUNCTIONING PROPERLY,UNKNOWN,"DARKNESS, LIGHTED ROAD",SIDESWIPE SAME DIRECTION,FOUR WAY,,STRAIGHT AND LEVEL,UNKNOWN,UNKNOWN,NOT ON SCENE (DESK REPORT),NO INJURY / DRIVE AWAY,Y,,,"OVER $1,500",07/11/2025 07:26:00 PM,UNABLE TO DETERMINE,UNABLE TO DETERMINE,3710,W,HARRISON ST,1133,,,,,,,2,NO INDICATION OF INJURY,0,0,0,0,0,3,0,11,5,7,41.8736304135,-87.7185051632,POINT (-87.718505163189 41.873630413482)
01e275dc347a6cdc773c66a038519d510cf52884dde03160171cc589484ab8421ddab1f5e693157aca0672a9d615731901cc9666f9c851aee3c8e295712437d4,,07/10/2025 11:24:00 AM,30,TRAFFIC SIGNAL,FUNCTIONING PROPERLY,CLEAR,DAYLIGHT,REAR END,DIVIDED - W/MEDIAN BARRIER,,STRAIGHT AND LEVEL,DRY,NO DEFECTS,ON SCENE,NO INJURY / DRIVE AWAY,,,,$500 OR LESS,07/10/2025 11:25:00 AM,FOLLOWING TOO CLOSELY,DRIVING SKILLS/KNOWLEDGE/EXPERIENCE,555,S,ASHLAND AVE,1231,,,,Y,CONSTRUCTION,,2,NO INDICATION OF INJURY,0,0,0,0,0,4,0,11,5,7,41.8742513997,-87.6664533589,POINT (-87.666453358949 41.87425139966)
1cdfd93727d19f0c2e99c784661facd7162fc1ff9149f55deaa90068791f1db04482e529786f61b34a07176593f1c4fc2d657a2b1bf4e2dac0068ce1d69124cf,,07/10/2025 11:20:00 AM,30,NO CONTROLS,NO CONTROLS,CLEAR,DAYLIGHT,REAR END,DIVIDED - W/MEDIAN (NOT RAISED),,STRAIGHT AND LEVEL,DRY,NO DEFECTS,NOT ON SCENE (DESK REPORT),NO INJURY / DRIVE AWAY,,,Y,"OVER $1,500",07/10/2025 12:50:00 PM,UNABLE TO DETERMINE,UNABLE TO DETERMINE,5253,S,PULASKI RD,822,,,,,,,2,NO INDICATION OF INJURY,0,0,0,0,0,3,0,11,5,7,41.7971097354,-87.7231243505,POINT (-87.723124350529 41.797109735429)
e8ee130f339f5658bc0b9861b595ec22d68ab5ec4347a4816a6ac9fafa4c63fe1b3a61bfda147691ce7c3230f7d74663f391720c8cf9c882b274bb658a553473,,07/10/2025 11:20:00 AM,30,NO CONTROLS,NO CONTROLS,CLEAR,"DARKNESS, LIGHTED ROAD",PEDALCYCLIST,NOT DIVIDED,,STRAIGHT AND LEVEL,DRY,NO DEFECTS,ON SCENE,INJURY AND / OR TOW DUE TO CRASH,,,,"OVER $1,500",07/10/2025 11:20:00 AM,DRIVING SKILLS/KNOWLEDGE/EXPERIENCE,NOT APPLICABLE,2707,W,DIVERSEY AVE,1411,,,Y,,,,2,NONINCAPACITATING INJURY,1,0,0,1,0,0,0,11,5,7,41.9319974085,-87.6955459535,POINT (-87.69554595345 41.931997408534)
d5a3a0fffca7f60392c3e066acae9f345141f1a5a51a15ba05eaebcc0dc6d1cffbd546a048449a88129951053b28b3fd42fca8932669e1d2f8e377392436dca3,,07/10/2025 11:12:00 AM,30,NO CONTROLS,NO CONTROLS,CLEAR,DAYLIGHT,PARKED MOTOR VEHICLE,NOT DIVIDED,,STRAIGHT AND LEVEL,DRY,NO DEFECTS,ON SCENE,NO INJURY / DRIVE AWAY,,,,$500 OR LESS,07/10/2025 11:14:00 AM,FOLLOWING TOO CLOSELY,NOT APPLICABLE,5144,W,CHICAGO AVE,1531,,,,,,,2,NO INDICATION OF INJURY,0,0,0,0,0,1,0,11,5,7,41.8950554629,-87.7549903938,POINT (-87.754990393786 41.895055462924)
32a2057ddc62178459171d33c4e1d980b8ee69748ec46111ba7538b066b797eb20c031c22f165575e6c4962584466e463a646f1cdc9aff55c6407e5ca09b52a5,,07/10/2025 11:10:00 AM,30,NO CONTROLS,NO CONTROLS,CLEAR,DAYLIGHT,TURNING,T-INTERSECTION,,STRAIGHT AND LEVEL,DRY,NO DEFECTS,ON SCENE,INJURY AND / OR TOW DUE TO CRASH,Y,,,"OVER $1,500",07/10/2025 11:30:00 AM,FAILING TO YIELD RIGHT-OF-WAY,FAILING TO YIELD RIGHT-OF-WAY,657,N,MILWAUKEE AVE,1214,,,,,,,2,NONINCAPACITATING INJURY,1,0,0,1,0,1,0,11,5,7,41.8936520906,-87.6511755841,POINT (-87.65117558406 41.89365209059)
2efc3340bb72025ae8c61dd9c63fa0ef61a6ea8588feb83c412e2d7aa5d64986f19fc989b5c89ab8b45aef53eb859880e3c9d3c1fe74879109d7b82f7f41aaa6,,07/10/2025 11:00:00 AM,30,TRAFFIC SIGNAL,FUNCTIONING PROPERLY,CLEAR,DAYLIGHT,REAR END,NOT DIVIDED,,STRAIGHT AND LEVEL,DRY,NO DEFECTS,NOT ON SCENE (DESK REPORT),NO INJURY / DRIVE AWAY,,,,"OVER $1,500",07/10/2025 12:20:00 PM,FAILING TO YIELD RIGHT-OF-WAY,NOT APPLICABLE,5740,W,FULLERTON AVE,2515,,,,,,,2,NO INDICATION OF INJURY,0,0,0,0,0,4,0,11,5,7,41.9240277222,-87.7700925248,POINT (-87.770092524788 41.924027722238)
9a8bdd8da0275c8503c8569e73a0ed9a7b2838dee3714ac6f0924d52a297af394c95bb1f2bfe83611d3b7bedf2e6de3b04b4de2a7a485372ec2d9787770209e6,,07/10/2025 11:00:00 AM,30,STOP SIGN/FLASHER,UNKNOWN,UNKNOWN,DAYLIGHT,PEDESTRIAN,T-INTERSECTION,,STRAIGHT AND LEVEL,UNKNOWN,UNKNOWN,ON SCENE,INJURY AND / OR TOW DUE TO CRASH,Y,,,$500 OR LESS,07/11/2025 11:29:00 AM,UNABLE TO DETERMINE,UNABLE TO DETERMINE,4660,W,IRVING PARK RD,1722,,,,,,,2,NONINCAPACITATING INJURY,1,0,0,1,0,1,0,11,5,7,41.9535544384,-87.7450553112,POINT (-87.745055311195 41.953554438404)
a4c7bde77d3940eb3d21648da111c1a51335d2edbc64ac1bf72ec9eaaa938fbf198b83468e1a751a6d3da6b2bf614dd43202ce647ee3ad63505eabfd18938c42,,07/10/2025 11:00:00 AM,30,STOP SIGN/FLASHER,FUNCTIONING PROPERLY,RAIN,DAYLIGHT,TURNING,FOUR WAY,,STRAIGHT AND LEVEL,WET,UNKNOWN,NOT ON SCENE (DESK REPORT),NO INJURY / DRIVE AWAY,Y,,Y,"OVER $1,500",07/12/2025 04:30:00 PM,UNABLE TO DETERMINE,UNABLE TO DETERMINE,400,W,115TH ST,2233,,,,,,,2,NO INDICATION OF INJURY,0,0,0,0,0,2,0,11,5,7,41.6853128354,-87.6325443584,POINT (-87.632544358362 41.685312835441)