CRASH_RECORD_ID,CRASH_DATE_EST_I,CRASH_DATE,POSTED_SPEED_LIMIT,TRAFFIC_CONTROL_DEVICE,DEVICE_CONDITION,WEATHER_CONDITION,LIGHTING_CONDITION,FIRST_CRASH_TYPE,TRAFFICWAY_TYPE,LANE_CNT,ALIGNMENT,ROADWAY_SURFACE_COND,ROAD_DEFECT,REPORT_TYPE,CRASH_TYPE,INTERSECTION_RELATED_I,NOT_RIGHT_OF_WAY_I,HIT_AND_RUN_I,DAMAGE,DATE_POLICE_NOTIFIED,PRIM_CONTRIBUTORY_CAUSE,SEC_CONTRIBUTORY_CAUSE,STREET_NO,STREET_DIRECTION,STREET_NAME,BEAT_OF_OCCURRENCE,PHOTOS_TAKEN_I,STATEMENTS_TAKEN_I,DOORING_I,WORK_ZONE_I,WORK_ZONE_TYPE,WORKERS_PRESENT_I,NUM_UNITS,MOST_SEVERE_INJURY,INJURIES_TOTAL,INJURIES_FATAL,INJURIES_INCAPACITATING,INJURIES_NON_INCAPACITATING,INJURIES_REPORTED_NOT_EVIDENT,INJURIES_NO_INDICATION,INJURIES_UNKNOWN,CRASH_HOUR,CRASH_DAY_OF_WEEK,CRASH_MONTH,LATITUDE,LONGITUDE,LOCATION
ec377c9dd7eba18fcb588f68c8e497c28da26012ea10bfcc8f474fa8a135f47047f87a5d25fd86a009c6fa217b47896e110671e61aeeee9f6f00ead7567fc096,,07/10/2025 11:00:00 AM,30,TRAFFIC SIGNAL,FUNCTIONING PROPERLY,UNKNOWN,UNKNOWN,SIDESWIPE SAME DIRECTION,NOT DIVIDED,,STRAIGHT AND LEVEL,UNKNOWN,UNKNOWN,NOT ON SCENE (DESK REPORT),NO INJURY / DRIVE AWAY,,,,"$501 - $1,500",07/10/2025 01:25:00 PM,UNABLE TO DETERMINE,NOT APPLICABLE,1530,E,53RD ST,234,,,,,,,2,NO INDICATION OF INJURY,0,0,0,0,0,2,0,11,5,7,41.7996671229,-87.5878145238,POINT (-87.587814523782 41.79966712287)
d2e333645f11bd5522b743b0c200b2ac3a8aad07ce16724c4c9f17a34f5b3f1c09033974608c3703153634cdf373b461e15902c99519b230da9e00c84b16083b,,07/10/2025 10:50:00 AM,30,NO CONTROLS,NO CONTROLS,CLEAR,DAYLIGHT,ANGLE,NOT DIVIDED,,STRAIGHT AND LEVEL,DRY,NO DEFECTS,ON SCENE,INJURY AND / OR TOW DUE TO CRASH,,,Y,"OVER $1,500",07/10/2025 11:00:00 AM,DRIVING SKILLS/KNOWLEDGE/EXPERIENCE,DRIVING SKILLS/KNOWLEDGE/EXPERIENCE,1822,W,33RD ST,912,,,,,,,2,NONINCAPACITATING INJURY,1,0,0,1,0,1,0,10,5,7,41.8341944611,-87.6715676595,POINT (-87.671567659489 41.834194461139)
0b0cadd0e149fb8c05ed903f58cf1fb10feeb9b552f95c8745f9d7ea5f613bc91d063ce7e79f8470e8dd0ef2a81bd24b0492552402ab728c39b92a0d68bda028,,07/10/2025 10:48:00 AM,30,NO CONTROLS,NO CONTROLS,CLEAR,DAYLIGHT,REAR TO SIDE,NOT DIVIDED,,STRAIGHT AND LEVEL,DRY,NO DEFECTS,ON SCENE,NO INJURY / DRIVE AWAY,,,,"OVER $1,500",07/10/2025 10:53:00 AM,FAILING TO YIELD RIGHT-OF-WAY,NOT APPLICABLE,1815,W,SUNNYSIDE AVE,1912,,,,,,,2,NO INDICATION OF INJURY,0,0,0,0,0,2,0,10,5,7,41.9632189288,-87.6752270812,POINT (-87.675227081151 41.963218928842)
f59fca76e35b2e50a35145fd9eccc3a140e68663ffff06e0806e777965e9ad8e8cad8e036dacc319f129af948198b7f79e2fcaff2b79485765321ea8ce185061,,07/10/2025 10:45:00 AM,30,NO CONTROLS,NO CONTROLS,CLEAR,DAYLIGHT,PARKED MOTOR VEHICLE,DIVIDED - W/MEDIAN BARRIER,,STRAIGHT AND LEVEL,DRY,NO DEFECTS,ON SCENE,NO INJURY / DRIVE AWAY,,,,"OVER $1,500",07/10/2025 10:50:00 AM,UNABLE TO DETERMINE,UNABLE TO DETERMINE,2335,W,95TH ST,2213,,,,,,,3,NO INDICATION OF INJURY,0,0,0,0,0,1,0,10,5,7,41.720843437,-87.6810619666,POINT (-87.681061966557 41.720843437024)
97d402e4629b91334bbb47902bb9ed8249038f3b97c08ea726f0ab6df3161227b7e7b541f25f29e944e92e4cc1f5226d2806c4c001c33112b1709cf0466c0873,,07/10/2025 10:40:00 AM,30,NO CONTROLS,NO CONTROLS,RAIN,"DARKNESS, LIGHTED ROAD",SIDESWIPE OPPOSITE DIRECTION,NOT DIVIDED,,STRAIGHT AND LEVEL,WET,NO DEFECTS,NOT ON SCENE (DESK REPORT),NO INJURY / DRIVE AWAY,,,Y,"OVER $1,500",07/26/2025 11:00:00 AM,IMPROPER OVERTAKING/PASSING,IMPROPER OVERTAKING/PASSING,2330,W,FULLERTON AVE,1432,,,,,,,2,NO INDICATION OF INJURY,0,0,0,0,0,2,0,10,5,7,41.9250242057,-87.6864333077,POINT (-87.686433307709 41.925024205741)
b96261d354a4de502b0124947f1c9ac414881c0753246b6a5de73c90b450cdc3b8ae6acc69f3fb93126bb45fe023e8c1f1a68414983421edfae674329b81e4d5,,07/10/2025 10:30:00 AM,10,NO CONTROLS,NO CONTROLS,CLEAR,DAYLIGHT,PARKED MOTOR VEHICLE,PARKING LOT,,STRAIGHT AND LEVEL,DRY,NO DEFECTS,NOT ON SCENE (DESK REPORT),NO INJURY / DRIVE AWAY,,Y,Y,"OVER $1,500",07/10/2025 01:00:00 PM,UNABLE TO DETERMINE,NOT APPLICABLE,2231,E,95TH ST,431,,,,,,,2,NO INDICATION OF INJURY,0,0,0,0,0,1,0,10,5,7,41.7224345751,-87.5692622526,POINT (-87.569262252589 41.722434575137)
3d182fc77841537a1bcd25cdef26eb468aacd8a18fedb33c2fc4282b09ce56815297e086b25b428f700f078d588291fa22fa1848044d7c5153c6d952d5917ef9,,07/10/2025 10:20:00 AM,30,TRAFFIC SIGNAL,FUNCTIONING PROPERLY,CLEAR,DAYLIGHT,REAR END,NOT DIVIDED,,STRAIGHT AND LEVEL,DRY,NO DEFECTS,ON SCENE,NO INJURY / DRIVE AWAY,,,Y,"OVER $1,500",07/10/2025 10:34:00 AM,UNABLE TO DETERMINE,NOT APPLICABLE,460,N,HAMLIN AVE,1122,,,,,,,3,NO INDICATION OF INJURY,0,0,0,0,0,4,0,10,5,7,41.8896599635,-87.7211740017,POINT (-87.721174001689 41.889659963529)
7c585861a1c618d21c628bb5542bae09dd149db9a2b086ba55bd009855c3ab1c2998e1f7f4369dd542c04354c22d9fdbe474363df0e231d21f8a8e345e87f86f,Y,07/10/2025 10:15:00 AM,30,NO CONTROLS,NO CONTROLS,CLEAR,"DARKNESS, LIGHTED ROAD",PARKED MOTOR VEHICLE,ONE-WAY,,STRAIGHT AND LEVEL,UNKNOWN,UNKNOWN,NOT ON SCENE (DESK REPORT),NO INJURY / DRIVE AWAY,,,Y,"OVER $1,500",07/10/2025 11:00:00 AM,UNABLE TO DETERMINE,UNABLE TO DETERMINE,6346,W,HENDERSON ST,1633,,,,,,,2,NO INDICATION OF INJURY,0,0,0,0,0,1,0,10,5,7,41.9411896439,-87.7854529641,POINT (-87.785452964094 41.941189643889)
a5315fa0a0a663d2876f1aa3258d252ba593c853c55588f8700a873e654a691134223dd03bfe82348bb8ced1bac2163e2cc5a1f6f52d4479138bdc49dc0a12ef,,07/10/2025 10:15:00 AM,30,NO CONTROLS,NO CONTROLS,CLEAR,DAYLIGHT,SIDESWIPE SAME DIRECTION,NOT DIVIDED,,STRAIGHT AND LEVEL,DRY,NO DEFECTS,,NO INJURY / DRIVE AWAY,,,Y,"$501 - $1,500",07/10/2025 01:37:00 PM,UNABLE TO DETERMINE,UNABLE TO DETERMINE,30,N,WABASH AVE,112,,,,,,,2,NO INDICATION OF INJURY,0,0,0,0,0,3,0,10,5,7,41.8827347973,-87.626376301,POINT (-87.62637630098 41.882734797287)
a852f64aba621cf2480d00b85e750793fab4351e60fc94506e6be60c0438d95b1b214bdada8bb196a492c43f15c4f70f488d0c05bb7355c83626ad5070bd8964,,07/10/2025 10:15:00 AM,35,NO CONTROLS,NO CONTROLS,CLEAR,DAYLIGHT,SIDESWIPE SAME DIRECTION,DIVIDED - W/MEDIAN (NOT RAISED),,STRAIGHT AND LEVEL,DRY,NO DEFECTS,NOT ON SCENE (DESK REPORT),NO INJURY / DRIVE AWAY,,,,"OVER $1,500",07/10/2025 11:40:00 AM,UNABLE TO DETERMINE,UNABLE TO DETERMINE,4130,S,WESTERN BLVD,921,,,,,,,2,NO INDICATION OF INJURY,0,0,0,0,0,2,0,10,5,7,41.8184005018,-87.6842826442,POINT (-87.684282644199 41.818400501849)
f7641bf9fb644828bfb777c577e55f29d7aeac839e6b4ff60fef500e7722c4d6dbd726b855a548c820ade19125f6482ee0e3972ffc9ea06ef94fc7db39bc8182,,07/10/2025 10:15:00 AM,10,NO CONTROLS,NO CONTROLS,CLEAR,DAYLIGHT,PARKED MOTOR VEHICLE,PARKING LOT,,STRAIGHT AND LEVEL,DRY,NO DEFECTS,NOT ON SCENE (DESK REPORT),NO INJURY / DRIVE AWAY,,Y,,"OVER $1,500",07/10/2025 11:30:00 AM,DRIVING SKILLS/KNOWLEDGE/EXPERIENCE,NOT APPLICABLE,6036,N,NORTHWEST HWY,1612,,,,,,,2,NO INDICATION OF INJURY,0,0,0,0,0,1,0,10,5,7,41.990857965,-87.7967184212,POINT (-87.796718421205 41.990857965039)
d2affb805f5a64ddfb5d2ebf37e341cba3f887df456eddb391f493bd9a047faa1c0eeccbd686364119b0d56d0ebb5f951099f67653fc004094a19e2c1012448a,,07/10/2025 10:12:00 AM,30,TRAFFIC SIGNAL,FUNCTIONING PROPERLY,CLEAR,DAYLIGHT,TURNING,FOUR WAY,,STRAIGHT AND LEVEL,DRY,NO DEFECTS,ON SCENE,INJURY AND / OR TOW DUE TO CRASH,Y,,,"OVER $1,500",07/10/2025 10:13:00 AM,UNABLE TO DETERMINE,NOT APPLICABLE,1,N,KARLOV AVE,1115,,,,,,,2,NONINCAPACITATING INJURY,3,0,0,2,1,1,0,10,5,7,41.8807643286,-87.7279747383,POINT (-87.727974738294 41.880764328588)
9c437945588edeb351909e64f5bde8195c044a9ac8a5c7364d83f98df4d8eb5733a653e18e36e953f5a4b7ebab12b0ecc92c148439bcec2a53b65be0a4d79d49,,07/10/2025 10:10:00 AM,10,NO CONTROLS,NO CONTROLS,CLEAR,DAYLIGHT,PARKED MOTOR VEHICLE,PARKING LOT,,STRAIGHT AND LEVEL,DRY,NO DEFECTS,NOT ON SCENE (DESK REPORT),NO INJURY / DRIVE AWAY,,,Y,"OVER $1,500",07/10/2025 11:00:00 AM,FAILING TO REDUCE SPEED TO AVOID CRASH,UNABLE TO DETERMINE,2333,E,95TH ST,431,,,,,,,2,NO INDICATION OF INJURY,0,0,0,0,0,1,0,10,5,7,41.722466242,-87.5666730521,POINT (-87.566673052077 41.722466241998)
c1bdd64f2cae5317ec6e968fc9c186e69ed35c9f6f9f71d5a1520c2a1d9a87d396b9903c7a28c0ba42501196e441580dbc349976c192e278267f83d0bc96cfc9,,07/10/2025 10:10:00 AM,30,UNKNOWN,UNKNOWN,UNKNOWN,UNKNOWN,SIDESWIPE SAME DIRECTION,NOT DIVIDED,,STRAIGHT AND LEVEL,UNKNOWN,UNKNOWN,NOT ON SCENE (DESK REPORT),NO INJURY / DRIVE AWAY,,,Y,"OVER $1,500",07/10/2025 01:00:00 PM,UNABLE TO DETERMINE,NOT APPLICABLE,6341,N,MC CORMICK RD,1711,,,,,,,2,NO INDICATION OF INJURY,0,0,0,0,0,2,0,10,5,7,41.9966862532,-87.7116972564,POINT (-87.711697256359 41.996686253208)
110eb528aec6b22b5b8c7821f3715d8ae1e3eb29b6fb242c57e422ef90b34cfb8a743835918e37bc2a2c6a2b21555417b8b66de7fef534efa5017742cbdb8797,,07/10/2025 10:00:00 AM,30,NO CONTROLS,NO CONTROLS,CLEAR,DAYLIGHT,PARKED MOTOR VEHICLE,NOT DIVIDED,,STRAIGHT AND LEVEL,DRY,NO DEFECTS,NOT ON SCENE (DESK REPORT),NO INJURY / DRIVE AWAY,,,,"OVER $1,500",07/10/2025 11:00:00 AM,FAILING TO YIELD RIGHT-OF-WAY,NOT APPLICABLE,720,S,MICHIGAN AVE,123,,,,,,,2,NO INDICATION OF INJURY,0,0,0,0,0,2,0,10,5,7,41.8727988694,-87.6243378103,POINT (-87.62433781031 41.872798869355)
756747680dc1d1041132ab6e66c7f342b9af01cd60ae2dc3eb403c20f61ec8a71c910fc499a7344a46b3ed1165c6d226ae79b53b9dc87a9d92ae05263c30c108,,07/10/2025 09:55:00 AM,30,TRAFFIC SIGNAL,FUNCTIONING PROPERLY,CLEAR,DAYLIGHT,SIDESWIPE SAME DIRECTION,FOUR WAY,,STRAIGHT AND LEVEL,DRY,UNKNOWN,NOT ON SCENE (DESK REPORT),NO INJURY / DRIVE AWAY,,,,"$501 - $1,500",07/10/2025 10:01:00 AM,IMPROPER LANE USAGE,UNABLE TO DETERMINE,3400,W,OGDEN AVE,1021,,,,,,,2,NO INDICATION OF INJURY,0,0,0,0,0,3,0,9,5,7,41.8563505381,-87.7103752492,POINT (-87.710375249191 41.856350538058)
ade23c7105ed6e03d2d77739c05eb177f29f1acffbc6ba2ec5d94847f3440626a64c0787ac415c1f90ea0104504db26e6d394d6c3e76f9ee07c0ad6db48d3872,,07/10/2025 09:55:00 AM,30,NO CONTROLS,NO CONTROLS,CLEAR,DAYLIGHT,SIDESWIPE SAME DIRECTION,NOT DIVIDED,,STRAIGHT AND LEVEL,DRY,NO DEFECTS,,NO INJURY / DRIVE AWAY,,,Y,"OVER $1,500",07/10/2025 10:15:00 AM,FOLLOWING TOO CLOSELY,NOT APPLICABLE,6261,N,MC CORMICK RD,1711,,,,,,,2,NO INDICATION OF INJURY,0,0,0,0,0,2,0,9,5,7,41.9956700096,-87.7126645981,POINT (-87.712664598144 41.995670009568)
79008a7765f01e937707be9af26724d0f3309271cc3dc1ed97a9f89f76943c40445ab7dee987313f62e28c2a9e8178599aa26aa32fe82acad19c0ad392d11835,,07/10/2025 09:48:00 AM,30,TRAFFIC SIGNAL,FUNCTIONING PROPERLY,CLEAR,DAYLIGHT,TURNING,FOUR WAY,,STRAIGHT AND LEVEL,DRY,NO DEFECTS,ON SCENE,INJURY AND / OR TOW DUE TO CRASH,Y,,,"OVER $1,500",07/10/2025 09:48:00 AM,DISREGARDING TRAFFIC SIGNALS,FOLLOWING TOO CLOSELY,3900,S,WESTERN BLVD,921,,,,,,,2,INCAPACITATING INJURY,1,0,1,0,0,1,0,9,5,7,41.8229636279,-87.6843847854,POINT (-87.684384785413 41.82296362788)
eeee65faecb327fa3ad16a1449b73d69575f85a871a8460b8e670ba2ff810b2813359ffc38e4878c7e2e56e4a7352892da7ee4ebfa8a30c77afc4b46b0a44be8,,07/10/2025 09:48:00 AM,30,NO CONTROLS,NO CONTROLS,CLEAR,DAYLIGHT,PARKED MOTOR VEHICLE,NOT DIVIDED,,STRAIGHT AND LEVEL,DRY,NO DEFECTS,NOT ON SCENE (DESK REPORT),NO INJURY / DRIVE AWAY,,,,"OVER $1,500",07/10/2025 01:27:00 PM,NOT APPLICABLE,NOT APPLICABLE,2631,S,MICHIGAN AVE,133,,,,,,,2,NO INDICATION OF INJURY,0,0,0,0,0,1,0,9,5,7,41.8447394084,-87.6232180329,POINT (-87.623218032855 41.844739408386)
e5cf929364a0702547d7d63baa07ddd7e98b6b40d76741b8fc5542e672fd468d2f850b07c507532d618c36f9fffdda7ca8e60c51f5caa1b52aef4e95082abcf9,,07/10/2025 09:44:00 AM,30,NO CONTROLS,NO CONTROLS,CLEAR,DAYLIGHT,SIDESWIPE OPPOSITE DIRECTION,PARKING LOT,,STRAIGHT AND LEVEL,DRY,UNKNOWN,NOT ON SCENE (DESK REPORT),NO INJURY / DRIVE AWAY,,,Y,"OVER $1,500",07/10/2025 10:25:00 AM,FAILING TO YIELD RIGHT-OF-WAY,UNABLE TO DETERMINE,740,E,47TH ST,221,,,,,,,2,NO INDICATION OF INJURY,0,0,0,0,0,4,0,9,5,7,41.8096286979,-87.6073697379,POINT (-87.607369737858 41.809628697878)
8d65c397f00035d515bee255e39c1bfc5ea571f22d5ac2dfe5bfc7117d759d512c6b649e00795d1351dccf636e7cb59ee74e998b61869700c2ef93cdb5ee9361,,07/10/2025 09:40:00 AM,30,NO CONTROLS,NO CONTROLS,CLEAR,DAYLIGHT,OTHER NONCOLLISION,DIVIDED - W/MEDIAN (NOT RAISED),,STRAIGHT AND LEVEL,DRY,UNKNOWN,NOT ON SCENE (DESK REPORT),NO INJURY / DRIVE AWAY,,,,"OVER $1,500",07/23/2025 05:40:00 PM,UNABLE TO DETERMINE,NOT APPLICABLE,2567,E,95TH ST,431,,,,,,,1,NO INDICATION OF INJURY,0,0,0,0,0,1,0,9,5,7,41.7225371142,-87.5609250196,POINT (-87.560925019553 41.72253711422)
cfc0ea54fcde2cbb48b94a338fb4b15d5e75edfb2247ac182cc4e086b5cd1dcc0f5410d928c8a099592b74beef616fddafb0ced916a9bff846e79b7e7d9f1f1d,,07/10/2025 09:40:00 AM,30,TRAFFIC SIGNAL,NO CONTROLS,CLEAR,DAYLIGHT,SIDESWIPE SAME DIRECTION,NOT DIVIDED,,STRAIGHT AND LEVEL,DRY,NO DEFECTS,NOT ON SCENE (DESK REPORT),NO INJURY / DRIVE AWAY,,,Y,"OVER $1,500",07/10/2025 10:00:00 AM,FAILING TO YIELD RIGHT-OF-WAY,NOT APPLICABLE,3952,W,MONTROSE AVE,1723,,,,,,,2,NO INDICATION OF INJURY,0,0,0,0,0,2,0,9,5,7,41.96106043,-87.7275335372,POINT (-87.727533537193 41.961060429962)
408bbac212abfa60852a0258c7b04e234a3fd4450b8795b90dad53d068f03df7c7282a20872e6e9f1f63de21fa6483d686564afe3d5b3150d99274ccef49f298,,07/10/2025 09:30:00 AM,30,NO CONTROLS,NO CONTROLS,CLEAR,DAYLIGHT,SIDESWIPE SAME DIRECTION,ONE-WAY,,STRAIGHT AND LEVEL,DRY,NO DEFECTS,ON SCENE,NO INJURY / DRIVE AWAY,,,Y,$500 OR LESS,07/10/2025 09:31:00 AM,FAILING TO YIELD RIGHT-OF-WAY,UNABLE TO DETERMINE,5610,W,GEORGE ST,2514,,,,,,,2,NO INDICATION OF INJURY,0,0,0,0,0,2,0,9,5,7,41.9332053355,-87.7667926607,POINT (-87.766792660742 41.9332053355)
d4b52c4c87d4335017a9dd7441ed3773051a2d19c3eac1ca1347be1f1b235fab00d2dc6e9b2407c802e13e4878d911bb444c75f46c3399090180689be1886478,,07/10/2025 09:30:00 AM,30,TRAFFIC SIGNAL,FUNCTIONING PROPERLY,CLEAR,DAYLIGHT,TURNING,DIVIDED - W/MEDIAN (NOT RAISED),,STRAIGHT AND LEVEL,DRY,NO DEFECTS,NOT ON SCENE (DESK REPORT),NO INJURY / DRIVE AWAY,Y,,,"OVER $1,500",07/10/2025 12:00:00 PM,FAILING TO YIELD RIGHT-OF-WAY,NOT APPLICABLE,4300,S,ARCHER AVE,922,,,,,,,2,NO INDICATION OF INJURY,0,0,0,0,0,2,0,9,5,7,41.8154706592,-87.7022273451,POINT (-87.702227345139 41.815470659169)
6fe68bc45967835742e29c7aaad65df74ef6868acce5fa19b849f85bbe8d23255e4120a02b47f201d9f24e14e414aac70707f9993d4b45db6957cebefdeb2cb4,,07/10/2025 09:29:00 AM,30,NO CONTROLS,NO CONTROLS,CLEAR,DAYLIGHT,REAR END,ONE-WAY,,STRAIGHT AND LEVEL,DRY,NO DEFECTS,ON SCENE,NO INJURY / DRIVE AWAY,,,,"OVER $1,500",07/10/2025 10:29:00 AM,FOLLOWING TOO CLOSELY,FAILING TO REDUCE SPEED TO AVOID CRASH,1730,W,CONGRESS PKWY,1231,,,,,,,2,NO INDICATION OF INJURY,0,0,0,0,0,8,0,9,5,7,41.8752418561,-87.6704557249,POINT (-87.670455724909 41.875241856126)
656940b24230db413150392b3bc64f9c9d0949661d61baed193fe3c46d05cbb8f5ea49a880a2ca7c5a039bf78b4b311d1f7dd453bb0ffd7a45b1079f168bfc83,,07/10/2025 09:10:00 AM,30,TRAFFIC SIGNAL,FUNCTIONING PROPERLY,CLEAR,DAYLIGHT,SIDESWIPE SAME DIRECTION,NOT DIVIDED,,STRAIGHT AND LEVEL,DRY,NO DEFECTS,ON SCENE,NO INJURY / DRIVE AWAY,,,Y,"OVER $1,500",07/10/2025 09:20:00 AM,IMPROPER OVERTAKING/PASSING,FAILING TO YIELD RIGHT-OF-WAY,2800,W,DIVERSEY AVE,1411,,,,,,,2,NO INDICATION OF INJURY,0,0,0,0,0,2,0,9,5,7,41.9322053951,-87.6976792439,POINT (-87.697679243869 41.932205395065)
af5a20d8b2566cb784c991e5bc6fa7af9ceee1b7fa87d38ae21d5073e7fafdf70117a6ff8f1a8dc67894303bd862990e6621bdf19df98c46cfc49d97aa4e1789,,07/10/2025 09:06:00 AM,30,TRAFFIC SIGNAL,FUNCTIONING PROPERLY,CLEAR,DAYLIGHT,TURNING,FOUR WAY,,STRAIGHT AND LEVEL,DRY,NO DEFECTS,ON SCENE,NO INJURY / DRIVE AWAY,Y,,,"OVER $1,500",07/10/2025 09:11:00 AM,IMPROPER TURNING/NO SIGNAL,IMPROPER TURNING/NO SIGNAL,230,W,GARFIELD BLVD,935,,,,,,,2,NO INDICATION OF INJURY,0,0,0,0,0,2,0,9,5,7,41.7946426686,-87.6317718697,POINT (-87.631771869692 41.794642668627)
25f95c5bdbfeb8cec47d2b015ae318d38f6c0e103a80e1db23a7bd96f076554f3b3c4ab063b162071187e25161882a173123739bb3de92f9273f3ab08d96940e,,07/10/2025 09:00:00 AM,30,TRAFFIC SIGNAL,FUNCTIONING PROPERLY,CLEAR,DAYLIGHT,SIDESWIPE SAME DIRECTION,NOT DIVIDED,,STRAIGHT AND LEVEL,DRY,NO DEFECTS,NOT ON SCENE (DESK REPORT),NO INJURY / DRIVE AWAY,,,,"OVER $1,500",07/17/2025 10:30:00 AM,IMPROPER LANE USAGE,NOT APPLICABLE,1299,W,DIVISION ST,1213,,,,,,,2,NO INDICATION OF INJURY,0,0,0,0,0,2,0,9,5,7,41.9033428748,-87.6606517064,POINT (-87.660651706444 41.90334287475)
a8ab46ed4584a70165ad343905c37b926cbe338bbedaf6d9f77c15183cd4fde770151956ea2e9414187001f795e02a9619d2533ec2a4b79940f3a58e3f61640c,,07/10/2025 09:00:00 AM,30,TRAFFIC SIGNAL,FUNCTIONING PROPERLY,CLEAR,DAYLIGHT,REAR END,NOT DIVIDED,,STRAIGHT AND LEVEL,DRY,NO DEFECTS,NOT ON SCENE (DESK REPORT),NO INJURY / DRIVE AWAY,Y,,,"$501 - $1,500",07/10/2025 10:00:00 AM,FAILING TO YIELD RIGHT-OF-WAY,FAILING TO YIELD RIGHT-OF-WAY,1301,S,MICHIGAN AVE,132,,,,,,,2,NO INDICATION OF INJURY,0,0,0,0,0,2,0,9,5,7,41.8657026086,-87.6239659053,POINT (-87.623965905344 41.865702608551)
bed4c289de198b6dc25c9579d8a4ab766c7b076528dbe5da2046c3638e035e14b2a628da7b9d241c2a0524242d67114bc1d4b7bd3f83261230a9dbb869398db1,,07/10/2025 09:00:00 AM,15,NO CONTROLS,NO CONTROLS,CLEAR,DAYLIGHT,PARKED MOTOR VEHICLE,PARKING LOT,,STRAIGHT AND LEVEL,DRY,NO DEFECTS,NOT ON SCENE (DESK REPORT),NO INJURY / DRIVE AWAY,,Y,,"OVER $1,500",07/10/2025 10:50:00 AM,UNABLE TO DETERMINE,UNABLE TO DETERMINE,6538,N,NORTHWEST HWY,1612,,,,,,,2,NO INDICATION OF INJURY,0,0,0,0,0,1,0,9,5,7,41.9995925817,-87.8113361937,POINT (-87.811336193723 41.999592581654)
59d2c3d855b192c65860d97f300b894f75ae664e917eda413d5d3699d6dece8ec9c926d03c0750ef0a999974f336d1835981fd4baf26c03ad336dd156be31932,,07/10/2025 08:57:00 AM,25,NO CONTROLS,NO CONTROLS,CLEAR,DAYLIGHT,TURNING,NOT DIVIDED,,STRAIGHT AND LEVEL,DRY,NO DEFECTS,ON SCENE,NO INJURY / DRIVE AWAY,,,,"$501 - $1,500",07/10/2025 08:58:00 AM,IMPROPER TURNING/NO SIGNAL,NOT APPLICABLE,34,E,MARQUETTE RD,322,,,,,,,2,NO INDICATION OF INJURY,0,0,0,0,0,2,0,8,5,7,41.7729057856,-87.6237903795,POINT (-87.623790379484 41.772905785558)
2e22ced4c98e7de8a0ee7203fd91ebd6b28573c162067a806d2990d0790b63d5e3f498230daef9bd02eb518d0dfa851fecfcacae7cf043567e4b02c267a55007,,07/10/2025 08:52:00 AM,20,UNKNOWN,UNKNOWN,UNKNOWN,UNKNOWN,PARKED MOTOR VEHICLE,UNKNOWN,,STRAIGHT AND LEVEL,UNKNOWN,UNKNOWN,NOT ON SCENE (DESK REPORT),NO INJURY / DRIVE AWAY,,,Y,"$501 - $1,500",07/21/2025 10:20:00 AM,UNABLE TO DETERMINE,NOT APPLICABLE,1752,E,73RD PL,324,,,,,,,2,NO INDICATION OF INJURY,0,0,0,0,0,1,0,8,5,7,41.7616592418,-87.5815320105,POINT (-87.581532010479 41.761659241806)
02d11f82596e09bc107f1ca52fb7d7b9aeef2bbfe6f02f21de81f4858a79385815c674a22a592c08cae12e0aca8f5741f010fdd4af1b84a85885c6ea8012cef4,,07/10/2025 08:50:00 AM,25,NO CONTROLS,NO CONTROLS,RAIN,"DARKNESS, LIGHTED ROAD",ANGLE,NOT DIVIDED,,STRAIGHT AND LEVEL,WET,NO DEFECTS,,NO INJURY / DRIVE AWAY,Y,,Y,"OVER $1,500",07/10/2025 10:25:00 PM,FAILING TO YIELD RIGHT-OF-WAY,FAILING TO YIELD RIGHT-OF-WAY,8800,S,THROOP ST,2222,,,,,,,2,NO INDICATION OF INJURY,0,0,0,0,0,4,0,8,5,7,41.7339865469,-87.6558605203,POINT (-87.655860520267 41.733986546905)
928506619672f4c0b8f284acf34be4507bddbd4730007a91b579ac53f35053682bc87e8c3e37f74f001f41d66555ecf525c318f8195b77ae5d7cd0224b814276,,07/10/2025 08:50:00 AM,30,STOP SIGN/FLASHER,NO CONTROLS,CLEAR,DAYLIGHT,PEDESTRIAN,NOT DIVIDED,,STRAIGHT AND LEVEL,DRY,UNKNOWN,ON SCENE,INJURY AND / OR TOW DUE TO CRASH,,,,$500 OR LESS,07/10/2025 08:51:00 AM,"VISION OBSCURED (SIGNS, TREE LIMBS, BUILDINGS, ETC.)",UNABLE TO DETERMINE,4600,S,COTTAGE GROVE AVE,221,,,,,,,2,"REPORTED, NOT EVIDENT",1,0,0,0,1,1,0,8,5,7,41.8112614364,-87.606749972,POINT (-87.606749972034 41.811261436387)
893b02ec572d4513a52eb03d69062799210db860ed960134983030e63a54b68b60eda6a154eb051d664a52b04e5d5831354c7ca3fbffd4b78e504d5705ac5e68,,07/10/2025 08:46:00 AM,30,NO CONTROLS,NO CONTROLS,CLEAR,DAYLIGHT,REAR END,DIVIDED - W/MEDIAN (NOT RAISED),,STRAIGHT AND LEVEL,DRY,NO DEFECTS,ON SCENE,INJURY AND / OR TOW DUE TO CRASH,,,,"$501 - $1,500",07/10/2025 08:46:00 AM,FAILING TO REDUCE SPEED TO AVOID CRASH,UNABLE TO DETERMINE,3247,W,LAWRENCE AVE,1713,,,,,,,2,"REPORTED, NOT EVIDENT",1,0,0,0,1,4,0,8,5,7,41.9683247838,-87.7103844699,POINT (-87.71038446995 41.968324783828)