CRASH_RECORD_ID,CRASH_DATE_EST_I,CRASH_DATE,POSTED_SPEED_LIMIT,TRAFFIC_CONTROL_DEVICE,DEVICE_CONDITION,WEATHER_CONDITION,LIGHTING_CONDITION,FIRST_CRASH_TYPE,TRAFFICWAY_TYPE,LANE_CNT,ALIGNMENT,ROADWAY_SURFACE_COND,ROAD_DEFECT,REPORT_TYPE,CRASH_TYPE,INTERSECTION_RELATED_I,NOT_RIGHT_OF_WAY_I,HIT_AND_RUN_I,DAMAGE,DATE_POLICE_NOTIFIED,PRIM_CONTRIBUTORY_CAUSE,SEC_CONTRIBUTORY_CAUSE,STREET_NO,STREET_DIRECTION,STREET_NAME,BEAT_OF_OCCURRENCE,PHOTOS_TAKEN_I,STATEMENTS_TAKEN_I,DOORING_I,WORK_ZONE_I,WORK_ZONE_TYPE,WORKERS_PRESENT_I,NUM_UNITS,MOST_SEVERE_INJURY,INJURIES_TOTAL,INJURIES_FATAL,INJURIES_INCAPACITATING,INJURIES_NON_INCAPACITATING,INJURIES_REPORTED_NOT_EVIDENT,INJURIES_NO_INDICATION,INJURIES_UNKNOWN,CRASH_HOUR,CRASH_DAY_OF_WEEK,CRASH_MONTH,LATITUDE,LONGITUDE,LOCATION
c29e02c39dc0ed2d0b1f6b1d79b3545aad7d2de1cc22872fa07c9b0ddc6a6fb04ef1b5ec489c72cc87d849a1f947ec655d882cb5fae64e57f3726bc978b8def8,,07/10/2025 08:45:00 AM,15,NO CONTROLS,NO CONTROLS,CLEAR,DAYLIGHT,PARKED MOTOR VEHICLE,ONE-WAY,,STRAIGHT AND LEVEL,DRY,NO DEFECTS,ON SCENE,NO INJURY / DRIVE AWAY,,,,$500 OR LESS,07/10/2025 08:47:00 AM,UNABLE TO DETERMINE,UNABLE TO DETERMINE,4011,N,FRANCISCO AVE,1724,,,,,,,2,NO INDICATION OF INJURY,0,0,0,0,0,1,0,8,5,7,41.954336342,-87.7005481563,POINT (-87.700548156266 41.954336342007)
a154b6efc3d309515436afc24f6f0f81b40514611ab818da9d4577d55168c121cf7c61cab992e8e7d71e7e9feafba5d19703989524a220f3ae72fcb60bf0ad2f,,07/10/2025 08:44:00 AM,30,TRAFFIC SIGNAL,FUNCTIONING PROPERLY,CLEAR,DAYLIGHT,REAR END,DIVIDED - W/MEDIAN (NOT RAISED),,STRAIGHT AND LEVEL,DRY,NO DEFECTS,ON SCENE,NO INJURY / DRIVE AWAY,Y,,,"OVER $1,500",07/10/2025 09:00:00 AM,UNABLE TO DETERMINE,UNABLE TO DETERMINE,2373,E,130TH ST,434,,,,,,,2,NO INDICATION OF INJURY,0,0,0,0,0,2,0,8,5,7,41.6590670184,-87.5657493386,POINT (-87.565749338591 41.659067018433)
4bac45e6071bf4bee1ee92c54b832da74f4b408617678776746d356aa9722290873d182580740f36ed27afc0841dca079b0de09c7791c198557e4b5cbf7557b9,,07/10/2025 08:43:00 AM,30,TRAFFIC SIGNAL,FUNCTIONING PROPERLY,CLEAR,DAYLIGHT,SIDESWIPE SAME DIRECTION,DIVIDED - W/MEDIAN BARRIER,,STRAIGHT AND LEVEL,DRY,NO DEFECTS,NOT ON SCENE (DESK REPORT),NO INJURY / DRIVE AWAY,,,Y,"OVER $1,500",07/10/2025 09:05:00 AM,UNABLE TO DETERMINE,UNABLE TO DETERMINE,7900,S,STONY ISLAND AVE,411,,,,,,,2,NO INDICATION OF INJURY,0,0,0,0,0,2,0,8,5,7,41.7514606032,-87.585971993,POINT (-87.585971992965 41.751460603167)
39af25546abb4ee2f84af2bd0045b30222af50a63b7c200a30ae67da44ec8bcf4588d0cad247d49f82f4f5b1e44b3a734bb238a8cc088d453cf856aba9ce1b6c,,07/10/2025 08:42:00 AM,30,TRAFFIC SIGNAL,FUNCTIONING PROPERLY,CLEAR,DAYLIGHT,ANGLE,NOT DIVIDED,,STRAIGHT AND LEVEL,DRY,NO DEFECTS,ON SCENE,INJURY AND / OR TOW DUE TO CRASH,,,,"OVER $1,500",07/10/2025 08:47:00 AM,DISREGARDING TRAFFIC SIGNALS,NOT APPLICABLE,6899,S,HALSTED ST,723,,,,,,,2,NO INDICATION OF INJURY,0,0,0,0,0,2,0,8,5,7,41.7689304676,-87.6443628001,POINT (-87.64436280009 41.768930467579)
b006023987c5ec6c194d615fcfff8841ea07c6e5ff4e8e1344ecc249a1bd789341fcaf0e2a13f68d8eec1e2cc7861ae615304b12339041abde681fc6a4a95180,Y,07/10/2025 08:36:00 AM,30,NO CONTROLS,NO CONTROLS,CLEAR,DAYLIGHT,REAR END,NOT DIVIDED,,STRAIGHT AND LEVEL,DRY,NO DEFECTS,ON SCENE,INJURY AND / OR TOW DUE TO CRASH,,,,"OVER $1,500",07/10/2025 08:36:00 AM,DISTRACTION - FROM INSIDE VEHICLE,FAILING TO REDUCE SPEED TO AVOID CRASH,2429,W,DIVISION ST,1212,,,,,,,2,INCAPACITATING INJURY,1,0,1,0,0,1,0,8,5,7,41.9028944368,-87.6882338686,POINT (-87.688233868587 41.902894436809)
8d7c52cd1afe35cb9362ae13a45c70ad189ba420535a1ecea339d3a3c47d2fdf9f65f9290ec6b3e1e75fed54e2ada6c26ced14c4345006102c26897b5f567b5f,,07/10/2025 08:35:00 AM,30,TRAFFIC SIGNAL,FUNCTIONING PROPERLY,CLEAR,DAYLIGHT,REAR END,FOUR WAY,,STRAIGHT AND LEVEL,DRY,NO DEFECTS,ON SCENE,NO INJURY / DRIVE AWAY,,,,"OVER $1,500",07/10/2025 08:38:00 AM,DRIVING SKILLS/KNOWLEDGE/EXPERIENCE,NOT APPLICABLE,2794,W,DIVERSEY AVE,1411,,,,,,,2,NO INDICATION OF INJURY,0,0,0,0,0,4,0,8,5,7,41.9322054869,-87.6975570256,POINT (-87.697557025611 41.932205486859)
013d11a47c9c3b8dae08706e130fd4504aaf6960a163b293403835da50f5c9e8cafb1dab6de6cd8610871b1b23b22517c460c6dbffa7c0fc2de01714b0c664f2,,07/10/2025 08:30:00 AM,30,TRAFFIC SIGNAL,FUNCTIONING PROPERLY,CLEAR,DAYLIGHT,SIDESWIPE SAME DIRECTION,FOUR WAY,,STRAIGHT AND LEVEL,DRY,UNKNOWN,ON SCENE,INJURY AND / OR TOW DUE TO CRASH,,,,"OVER $1,500",07/10/2025 08:36:00 AM,"VISION OBSCURED (SIGNS, TREE LIMBS, BUILDINGS, ETC.)","VISION OBSCURED (SIGNS, TREE LIMBS, BUILDINGS, ETC.)",1005,S,ASHLAND AVE,1231,,,,,,,2,NO INDICATION OF INJURY,0,0,0,0,0,2,0,8,5,7,41.869096928,-87.666308603,POINT (-87.666308602974 41.869096928023)
f5bec9244370390249036954859bfb5b476ec75f6db15fe7372a245b94c661a4d9376de7025c731f3a8b28227dae04aee0672e7c5e2828d4a7e59992ae66066a,,07/10/2025 08:30:00 AM,30,TRAFFIC SIGNAL,FUNCTIONING PROPERLY,CLEAR,DAYLIGHT,SIDESWIPE SAME DIRECTION,DIVIDED - W/MEDIAN (NOT RAISED),,STRAIGHT AND LEVEL,DRY,NO DEFECTS,NOT ON SCENE (DESK REPORT),NO INJURY / DRIVE AWAY,Y,,Y,"$501 - $1,500",07/14/2025 11:30:00 AM,UNABLE TO DETERMINE,UNABLE TO DETERMINE,500,N,COLUMBUS DR,1834,,,,,,,2,NO INDICATION OF INJURY,0,0,0,0,0,2,0,8,5,7,41.8910445691,-87.6203718391,POINT (-87.620371839074 41.891044569124)
c4b325dfbd59ad48c70df81799800008f37a26378e7b263b4ba09496e46c3d2febf392b77f92730ca3d4894fe7add9db5489a2703e727926f5a3946755529d30,,07/10/2025 08:25:00 AM,30,NO CONTROLS,NO CONTROLS,CLEAR,DAYLIGHT,REAR END,NOT DIVIDED,,STRAIGHT AND LEVEL,UNKNOWN,UNKNOWN,NOT ON SCENE (DESK REPORT),NO INJURY / DRIVE AWAY,,,,"OVER $1,500",07/10/2025 10:00:00 AM,FOLLOWING TOO CLOSELY,UNABLE TO DETERMINE,1101,S,CANAL ST,124,,,,,,,2,NO INDICATION OF INJURY,0,0,0,0,0,2,0,8,5,7,41.8688897111,-87.6390989281,POINT (-87.639098928088 41.868889711112)
a038bf463778047704774510f1bda14a0d3eeb98f3e699904c91d3a512fbfb5459c01f3ef5e1e676ea1e024804e195ac95c3973bc125efeec50715cbb436a13e,,07/10/2025 08:20:00 AM,30,NO CONTROLS,NO CONTROLS,CLEAR,DAYLIGHT,SIDESWIPE SAME DIRECTION,RAMP,,STRAIGHT AND LEVEL,DRY,NO DEFECTS,NOT ON SCENE (DESK REPORT),NO INJURY / DRIVE AWAY,,,,"OVER $1,500",07/10/2025 08:50:00 AM,UNABLE TO DETERMINE,NOT APPLICABLE,5445,N,LAKE SHORE DR NB,2023,,,,,,,2,NO INDICATION OF INJURY,0,0,0,0,0,2,0,8,5,7,41.9813324256,-87.6521930586,POINT (-87.652193058552 41.981332425617)
0dadfd8c1c1f96e2e1b50c3ffab2139faa521ef23f0faef6893cbf39cd5307c7bb5e10fed0e667fc44607567a8afa58ad2cd0040c44a7ddaa91c9e9429448a82,,07/10/2025 08:17:00 AM,30,UNKNOWN,UNKNOWN,CLEAR,DAYLIGHT,SIDESWIPE SAME DIRECTION,NOT DIVIDED,,STRAIGHT AND LEVEL,UNKNOWN,UNKNOWN,NOT ON SCENE (DESK REPORT),NO INJURY / DRIVE AWAY,,,,"$501 - $1,500",07/10/2025 08:50:00 AM,UNABLE TO DETERMINE,NOT APPLICABLE,7300,S,KEDZIE AVE,835,,,,,,,2,NO INDICATION OF INJURY,0,0,0,0,0,3,0,8,5,7,41.7606685831,-87.7028547972,POINT (-87.702854797154 41.760668583144)
f82bc2a6802fca1950c0c2823615fe6f66e755aece2fb1fd968d242d706c333177cc16b38106a09a65ef76f4d9ccd9da0c808f98c91449ce013b92ca42d47712,,07/10/2025 08:10:00 AM,30,NO CONTROLS,NO CONTROLS,CLEAR,DAYLIGHT,SIDESWIPE OPPOSITE DIRECTION,NOT DIVIDED,,STRAIGHT AND LEVEL,DRY,NO DEFECTS,NOT ON SCENE (DESK REPORT),NO INJURY / DRIVE AWAY,,,Y,"$501 - $1,500",07/10/2025 08:30:00 AM,UNABLE TO DETERMINE,NOT APPLICABLE,2551,W,26TH ST,1034,,,,,,,2,NO INDICATION OF INJURY,0,0,0,0,0,3,0,8,5,7,41.8446528904,-87.6898510913,POINT (-87.689851091273 41.844652890443)
cf5bdf678c4303327d851253d4e01e453615a2ec0bcafa4a9001194bab8be8c88a7ee90084a103a07a07a178fe7c2acf74a677d1e4fb5abf2f070b1506211193,,07/10/2025 08:07:00 AM,30,TRAFFIC SIGNAL,FUNCTIONING PROPERLY,CLEAR,DAYLIGHT,REAR END,FOUR WAY,,STRAIGHT AND LEVEL,DRY,NO DEFECTS,ON SCENE,INJURY AND / OR TOW DUE TO CRASH,Y,,,"OVER $1,500",07/10/2025 08:08:00 AM,FOLLOWING TOO CLOSELY,FAILING TO REDUCE SPEED TO AVOID CRASH,5370,W,DEVON AVE,1621,,,,,,,4,NO INDICATION OF INJURY,0,0,0,0,0,4,0,8,5,7,41.9974371545,-87.7634813197,POINT (-87.763481319694 41.997437154482)
ba9502c3f36774179724536294f865e75fb8fa78d7bf5ca2724dfc16debf12bc9395825867ae97558d0db07ea8f61d7d032b808f002149e6873c7baab86258fe,,07/10/2025 08:05:00 AM,30,NO CONTROLS,NO CONTROLS,CLEAR,DAYLIGHT,ANGLE,NOT DIVIDED,,STRAIGHT AND LEVEL,DRY,NO DEFECTS,NOT ON SCENE (DESK REPORT),NO INJURY / DRIVE AWAY,,,,"$501 - $1,500",07/10/2025 08:05:00 AM,UNABLE TO DETERMINE,NOT APPLICABLE,1044,N,RICHMOND ST,1211,,,,,,,2,NO INDICATION OF INJURY,0,0,0,0,0,2,0,8,5,7,41.9004934838,-87.7006494209,POINT (-87.700649420946 41.900493483838)
408dbecdefa41145c215be15aadc2b26a03033929ccc02f42f1e50cd7369353ca550736bf2085eb523d08439e6c0ad858b6a205aebf5f370d8d5521b81cd83f0,,07/10/2025 07:48:00 AM,30,STOP SIGN/FLASHER,UNKNOWN,CLEAR,DAYLIGHT,TURNING,NOT DIVIDED,,STRAIGHT AND LEVEL,UNKNOWN,UNKNOWN,NOT ON SCENE (DESK REPORT),NO INJURY / DRIVE AWAY,Y,,,"OVER $1,500",07/10/2025 08:14:00 AM,UNABLE TO DETERMINE,UNABLE TO DETERMINE,11899,S,MAPLEWOOD AVE,2212,,,,,,,2,NO INDICATION OF INJURY,0,0,0,0,0,2,0,7,5,7,41.6772839008,-87.6842317532,POINT (-87.684231753165 41.677283900777)
e0eb254fc6d985ae1ef998c01ab0de23e9a47f7484b96dc213e040944d5198e24497636429db8617b4da87849f2226d7937e209aeed6c8a167630f87e68a70cd,,07/10/2025 07:40:00 AM,25,TRAFFIC SIGNAL,FUNCTIONING PROPERLY,CLEAR,DAYLIGHT,TURNING,FOUR WAY,,STRAIGHT AND LEVEL,DRY,NO DEFECTS,ON SCENE,INJURY AND / OR TOW DUE TO CRASH,Y,,Y,"OVER $1,500",07/10/2025 07:40:00 AM,IMPROPER TURNING/NO SIGNAL,DRIVING SKILLS/KNOWLEDGE/EXPERIENCE,8400,S,JEFFERY BLVD,412,,,,,,,2,NO INDICATION OF INJURY,0,0,0,0,0,2,0,7,5,7,41.7425504742,-87.5759607971,POINT (-87.575960797105 41.742550474171)
63e9da4b06a43184c648444c1f97627b4e292235da590f0a06d236c28e96e2f0a470d6a53806d6d72cf41335054ca09ac73b049774ef6c30c4d54f0d5bd45e7d,,07/10/2025 07:34:00 AM,30,TRAFFIC SIGNAL,FUNCTIONING PROPERLY,CLEAR,DAYLIGHT,ANGLE,FOUR WAY,,STRAIGHT AND LEVEL,DRY,UNKNOWN,ON SCENE,INJURY AND / OR TOW DUE TO CRASH,Y,,,"OVER $1,500",07/10/2025 07:35:00 AM,DISREGARDING TRAFFIC SIGNALS,NOT APPLICABLE,800,W,69TH ST,723,,,,,,,2,NONINCAPACITATING INJURY,2,0,0,2,0,0,0,7,5,7,41.7689464893,-87.644570662,POINT (-87.644570662029 41.768946489336)
98e9004b552771396071e40529f47a42901b2e1fe13c69e8f228195de353557a9b2eb74805dcfc5e78dc458892b7a330379c84404f99d25281dd42b0e4a2f5a0,,07/10/2025 07:30:00 AM,30,NO CONTROLS,NO CONTROLS,CLEAR,DAYLIGHT,SIDESWIPE SAME DIRECTION,NOT DIVIDED,,STRAIGHT AND LEVEL,DRY,NO DEFECTS,ON SCENE,INJURY AND / OR TOW DUE TO CRASH,,,,"OVER $1,500",07/10/2025 08:00:00 AM,FAILING TO YIELD RIGHT-OF-WAY,UNABLE TO DETERMINE,633,W,BELMONT AVE,1934,,,,,,,2,NO INDICATION OF INJURY,0,0,0,0,0,2,0,7,5,7,41.939911641,-87.6456910109,POINT (-87.645691010944 41.939911641031)
449a966fd086e0fe3f8e1a80e9f00b663b502a72f3232f355c005754c63586c1e4553d6a914c4ab60f90084de59b2ddc6b6e8b22e1db228e75c41800e96a1acc,,07/10/2025 07:25:00 AM,30,NO CONTROLS,NO CONTROLS,CLEAR,DAYLIGHT,PEDALCYCLIST,NOT DIVIDED,,STRAIGHT AND LEVEL,DRY,UNKNOWN,NOT ON SCENE (DESK REPORT),INJURY AND / OR TOW DUE TO CRASH,,,Y,"OVER $1,500",07/18/2025 02:00:00 PM,FAILING TO YIELD RIGHT-OF-WAY,NOT APPLICABLE,43,E,NORTH AVE,1824,,,,,,,2,"REPORTED, NOT EVIDENT",1,0,0,0,1,1,0,7,5,7,41.9111394622,-87.6272461793,POINT (-87.627246179303 41.911139462176)
4d747ba5c6a4f1e8b4f41563070f0b59303d9c3d46086470950fdd5e2892a0695b6a2da05d95574e89e34ab5c21fc033de9fabe63341fbd89fbea73cc98e6531,,07/10/2025 07:25:00 AM,25,NO CONTROLS,NO CONTROLS,CLEAR,DAYLIGHT,SIDESWIPE SAME DIRECTION,ONE-WAY,,STRAIGHT AND LEVEL,DRY,NO DEFECTS,ON SCENE,NO INJURY / DRIVE AWAY,,,Y,"$501 - $1,500",07/10/2025 07:28:00 AM,UNABLE TO DETERMINE,DRIVING SKILLS/KNOWLEDGE/EXPERIENCE,4100,N,LAWNDALE AVE,1723,,,,,,,2,NO INDICATION OF INJURY,0,0,0,0,0,2,0,7,5,7,41.9556637219,-87.7204655485,POINT (-87.720465548522 41.955663721897)
9e47b32de56b2de30ca4eb15d8c11830bad5720f0870c68597bccf0e6f50edd7bb65c6e090009df4588b12dab6ee60b041d5ea5f5a89030716ecb1ff8a2f8a6d,,07/10/2025 07:22:00 AM,30,TRAFFIC SIGNAL,FUNCTIONING PROPERLY,CLEAR,DAYLIGHT,ANGLE,DIVIDED - W/MEDIAN (NOT RAISED),,STRAIGHT AND LEVEL,DRY,NO DEFECTS,ON SCENE,INJURY AND / OR TOW DUE TO CRASH,Y,,,"OVER $1,500",07/10/2025 07:39:00 AM,UNABLE TO DETERMINE,UNABLE TO DETERMINE,5600,N,HARLEM AVE,1612,,,,,,,2,"REPORTED, NOT EVIDENT",1,0,0,0,1,1,0,7,5,7,41.9828152029,-87.8070891663,POINT (-87.807089166308 41.982815202873)
a5b85da9e020e7b832f63e7648d958ebc07986e20ecf7ef89fc8dcb0dda40ef8542846c56dc853a54cb11012ea2b2743a7e33cd67e0d8c64452aede07f4e28ce,,07/10/2025 06:50:00 AM,25,NO CONTROLS,NO CONTROLS,CLEAR,DAYLIGHT,PARKED MOTOR VEHICLE,ONE-WAY,,STRAIGHT AND LEVEL,DRY,UNKNOWN,ON SCENE,INJURY AND / OR TOW DUE TO CRASH,,Y,,"OVER $1,500",07/10/2025 07:10:00 AM,EQUIPMENT - VEHICLE CONDITION,UNABLE TO DETERMINE,2258,W,HURON ST,1221,,,,,,,2,NO INDICATION OF INJURY,0,0,0,0,0,1,0,6,5,7,41.8940828044,-87.6842261545,POINT (-87.684226154472 41.894082804418)
1dc257ade9ad105bb834992e4499c0ef4a788c90cfbb736590375f9bd34d47b9d49960f2725f6cf572eb583de66538f411fe5474cd1b9d98a38ce0ed049513a6,,07/10/2025 06:45:00 AM,30,UNKNOWN,UNKNOWN,CLEAR,DAYLIGHT,PARKED MOTOR VEHICLE,NOT DIVIDED,,STRAIGHT AND LEVEL,DRY,NO DEFECTS,ON SCENE,NO INJURY / DRIVE AWAY,,,,$500 OR LESS,07/10/2025 08:15:00 AM,NOT APPLICABLE,NOT APPLICABLE,5742,S,LOOMIS BLVD,713,,,,,,,2,NO INDICATION OF INJURY,0,0,0,0,0,1,0,6,5,7,41.7891778338,-87.659751541,POINT (-87.65975154102 41.78917783384)
d6bca3da883ba05d5d33f6564dcdd66420c9b40b3c03dff28993dbf8215394b03ce325c4625c6461b43c3f0c09f7381ae2e2a9a04fb70de2101bd1d81d6a4352,Y,07/10/2025 06:45:00 AM,30,STOP SIGN/FLASHER,FUNCTIONING PROPERLY,CLEAR,DAYLIGHT,REAR END,FOUR WAY,,STRAIGHT AND LEVEL,DRY,NO DEFECTS,NOT ON SCENE (DESK REPORT),NO INJURY / DRIVE AWAY,,,,"OVER $1,500",07/10/2025 07:00:00 AM,FOLLOWING TOO CLOSELY,UNABLE TO DETERMINE,335,S,LARAMIE AVE,1533,,,,,,,2,NO INDICATION OF INJURY,0,0,0,0,0,2,0,6,5,7,41.8757123455,-87.7547449836,POINT (-87.754744983555 41.875712345463)
f664735f53ba559a9342274614a7ef1ec566cbfc9abd1fade8a808e61ce7a4666fef4dda63cdf0f5af89d945b4a4e2e961e7cb7518fe3812dd29156d747627b9,Y,07/10/2025 06:45:00 AM,30,NO CONTROLS,NO CONTROLS,CLEAR,DAYLIGHT,PARKED MOTOR VEHICLE,ONE-WAY,,STRAIGHT AND LEVEL,DRY,NO DEFECTS,ON SCENE,NO INJURY / DRIVE AWAY,,,Y,"OVER $1,500",07/10/2025 06:53:00 AM,UNABLE TO DETERMINE,UNABLE TO DETERMINE,4453,N,KOSTNER AVE,1722,,,,,,,2,NO INDICATION OF INJURY,0,0,0,0,0,1,0,6,5,7,41.962392397,-87.7383309392,POINT (-87.738330939199 41.962392397029)
785a470d305a03fad1ba552740eb378461b1baf40049ff91bf6b3c80a4a995c4ce4262e8a3eb36cbccfb05fa7d622a575f781636010626cfcbf03cd3aec8be3a,,07/10/2025 06:25:00 AM,30,TRAFFIC SIGNAL,FUNCTIONING PROPERLY,CLEAR,DAWN,REAR END,NOT DIVIDED,,STRAIGHT AND LEVEL,DRY,NO DEFECTS,NOT ON SCENE (DESK REPORT),NO INJURY / DRIVE AWAY,,,,"OVER $1,500",07/10/2025 07:55:00 PM,FOLLOWING TOO CLOSELY,NOT APPLICABLE,4101,S,PULASKI RD,821,,,,,,,2,NO INDICATION OF INJURY,0,0,0,0,0,2,0,6,5,7,41.8183541449,-87.7238030077,POINT (-87.723803007726 41.818354144933)
bf72358f1dd7e483138e14f05bbabc1d4fc6e2ba3edc3479334d3a72a871b9466a86610aa87d6ed9f0514d9698320a13ca0555ab304e24bcc09e20b8f660e81e,,07/10/2025 06:13:00 AM,30,NO CONTROLS,NO CONTROLS,CLEAR,DAYLIGHT,HEAD ON,FOUR WAY,,STRAIGHT AND LEVEL,DRY,NO DEFECTS,ON SCENE,NO INJURY / DRIVE AWAY,Y,,,"$501 - $1,500",07/10/2025 06:14:00 AM,UNABLE TO DETERMINE,NOT APPLICABLE,1898,W,CERMAK RD,1234,,,,,,,2,NO INDICATION OF INJURY,0,0,0,0,0,2,0,6,5,7,41.8523226768,-87.6732708569,POINT (-87.673270856912 41.852322676799)
3b3519e0f93f5cdf41985ece543695fef6a4c50b614313a5a24fa78aa23dc6d86a1fef27257906453caca10a807a87a6ac3f5629a5f33474b3f863f4c70f82cf,,07/10/2025 06:00:00 AM,20,NO CONTROLS,NO CONTROLS,CLEAR,UNKNOWN,PARKED MOTOR VEHICLE,ONE-WAY,,STRAIGHT AND LEVEL,DRY,NO DEFECTS,ON SCENE,INJURY AND / OR TOW DUE TO CRASH,,,Y,"OVER $1,500",07/10/2025 08:00:00 AM,UNABLE TO DETERMINE,NOT APPLICABLE,1809,E,71ST PL,324,,,,,,,2,NO INDICATION OF INJURY,0,0,0,0,0,1,0,6,5,7,41.7650912945,-87.5807804818,POINT (-87.580780481817 41.765091294452)
a5e474365de4cd34ab5b7bfe45f2c698876268be0d3ed065673094e5992c9edf4c2bfbcc9a444547c581797ab5784444f70e4d305bfb09fc45eeef445aed0f98,,07/10/2025 06:00:00 AM,35,TRAFFIC SIGNAL,FUNCTIONING PROPERLY,CLEAR,DAYLIGHT,ANGLE,DIVIDED - W/MEDIAN (NOT RAISED),,STRAIGHT AND LEVEL,UNKNOWN,UNKNOWN,NOT ON SCENE (DESK REPORT),INJURY AND / OR TOW DUE TO CRASH,Y,,,"OVER $1,500",07/10/2025 01:30:00 PM,UNABLE TO DETERMINE,NOT APPLICABLE,2461,N,ELSTON AVE,1432,,,,,,,2,NO INDICATION OF INJURY,0,0,0,0,0,2,0,6,5,7,41.9262331141,-87.6789639516,POINT (-87.67896395164 41.926233114119)
302e2dfba67fa62ae56e13eec87ffd34b0dd551cb37650a9c6c023d7114a7ea14400d73ab70004794193a1e592c2f11050a4275c41b06b4df6df54389fdebeff,,07/10/2025 05:51:00 AM,30,TRAFFIC SIGNAL,FUNCTIONING PROPERLY,CLEAR,DAYLIGHT,TURNING,ONE-WAY,,STRAIGHT AND LEVEL,DRY,UNKNOWN,ON SCENE,NO INJURY / DRIVE AWAY,,,,"$501 - $1,500",07/10/2025 06:05:00 AM,UNABLE TO DETERMINE,NOT APPLICABLE,310,E,GRAND AVE,1834,,,,,,,2,NO INDICATION OF INJURY,0,0,0,0,0,2,0,5,5,7,41.8919209391,-87.6197775322,POINT (-87.619777532217 41.891920939051)
51e29846b9fc39a832bfb9187700b8644fd391f204c2174bf8e48ca0d69d37236ebcbf347a3210b08c936f2d8753f6f2f24ceedc01b0cd9e64faec1da389fe62,,07/10/2025 05:50:00 AM,30,NO CONTROLS,NO CONTROLS,CLEAR,DAWN,REAR END,NOT DIVIDED,,STRAIGHT AND LEVEL,UNKNOWN,UNKNOWN,NOT ON SCENE (DESK REPORT),NO INJURY / DRIVE AWAY,,,,"OVER $1,500",07/10/2025 06:40:00 AM,FOLLOWING TOO CLOSELY,UNABLE TO DETERMINE,2816,W,31ST ST,1033,,,,,,,2,NO INDICATION OF INJURY,0,0,0,0,0,2,0,5,5,7,41.8375144157,-87.6957364969,POINT (-87.695736496896 41.837514415694)
9a7115fddcfa525e0a8b5dd1f00167b07d72994d5705fef3bd00e68b2ab5099499d52766a113752bd8c3094a29d612101286a341ff528b8d86870fab0ec66c94,,07/10/2025 05:40:00 AM,30,NO CONTROLS,NO CONTROLS,CLEAR,DAYLIGHT,ANGLE,NOT DIVIDED,,STRAIGHT AND LEVEL,DRY,NO DEFECTS,NOT ON SCENE (DESK REPORT),NO INJURY / DRIVE AWAY,,,,"OVER $1,500",07/10/2025 06:55:00 AM,UNABLE TO DETERMINE,UNABLE TO DETERMINE,5515,S,KOSTNER AVE,813,,,,,,,2,NO INDICATION OF INJURY,0,0,0,0,0,2,0,5,5,7,41.7926196459,-87.7328023749,POINT (-87.732802374884 41.792619645908)
58768da2c616db94912ead1995a5d859c355d119a468af29b3310ce830db4602a2dda520a12042b2b8d17d086f620c173b1718befd39d29ed79a9e6f5e6896bf,,07/10/2025 05:36:00 AM,30,NO CONTROLS,NO CONTROLS,CLEAR,DAYLIGHT,PARKED MOTOR VEHICLE,ONE-WAY,,STRAIGHT AND LEVEL,DRY,NO DEFECTS,NOT ON SCENE (DESK REPORT),NO INJURY / DRIVE AWAY,,,,"OVER $1,500",07/10/2025 06:20:00 AM,UNABLE TO DETERMINE,UNABLE TO DETERMINE,10000,W,OHARE ST,1651,,,,,,,2,NO INDICATION OF INJURY,0,0,0,0,0,2,0,5,5,7,41.976201139,-87.9053091251,POINT (-87.905309125103 41.976201139024)
6de161179012ed2dd74c3da69c1d9b062860a5870378d3e19710d30872f1ef9b535657ebb85d7589c08113a34ff4faaf94f541b36611a61e77f13fd8e086bb36,,07/10/2025 05:30:00 AM,5,NO CONTROLS,NO CONTROLS,CLEAR,DAYLIGHT,PARKED MOTOR VEHICLE,OTHER,,STRAIGHT AND LEVEL,DRY,NO DEFECTS,ON SCENE,NO INJURY / DRIVE AWAY,,,Y,"OVER $1,500",07/10/2025 06:53:00 AM,IMPROPER TURNING/NO SIGNAL,NOT APPLICABLE,1815,W,74TH ST,735,,,,,,,2,NO INDICATION OF INJURY,0,0,0,0,0,1,0,5,5,7,41.7592765754,-87.6691347024,POINT (-87.669134702422 41.759276575403)
13b532e37325d99a0a89b35d105a2a11e88404fe8badc02aeb1cf60beb56f7db1e0f369d6d1980673d8221ed06e90a8cbf6b7e8871cb152e4a989352f3709d08,,07/10/2025 05:17:00 AM,30,TRAFFIC SIGNAL,FUNCTIONING PROPERLY,CLEAR,DAYLIGHT,ANGLE,FOUR WAY,,STRAIGHT AND LEVEL,DRY,NO DEFECTS,ON SCENE,INJURY AND / OR TOW DUE TO CRASH,Y,,,"OVER $1,500",07/10/2025 05:18:00 AM,FAILING TO YIELD RIGHT-OF-WAY,NOT APPLICABLE,2,N,DEARBORN ST,112,,,,,,,2,"REPORTED, NOT EVIDENT",1,0,0,0,1,1,0,5,5,7,41.882024585,-87.6295501273,POINT (-87.629550127291 41.882024585049)