CRASH_RECORD_ID,CRASH_DATE_EST_I,CRASH_DATE,POSTED_SPEED_LIMIT,TRAFFIC_CONTROL_DEVICE,DEVICE_CONDITION,WEATHER_CONDITION,LIGHTING_CONDITION,FIRST_CRASH_TYPE,TRAFFICWAY_TYPE,LANE_CNT,ALIGNMENT,ROADWAY_SURFACE_COND,ROAD_DEFECT,REPORT_TYPE,CRASH_TYPE,INTERSECTION_RELATED_I,NOT_RIGHT_OF_WAY_I,HIT_AND_RUN_I,DAMAGE,DATE_POLICE_NOTIFIED,PRIM_CONTRIBUTORY_CAUSE,SEC_CONTRIBUTORY_CAUSE,STREET_NO,STREET_DIRECTION,STREET_NAME,BEAT_OF_OCCURRENCE,PHOTOS_TAKEN_I,STATEMENTS_TAKEN_I,DOORING_I,WORK_ZONE_I,WORK_ZONE_TYPE,WORKERS_PRESENT_I,NUM_UNITS,MOST_SEVERE_INJURY,INJURIES_TOTAL,INJURIES_FATAL,INJURIES_INCAPACITATING,INJURIES_NON_INCAPACITATING,INJURIES_REPORTED_NOT_EVIDENT,INJURIES_NO_INDICATION,INJURIES_UNKNOWN,CRASH_HOUR,CRASH_DAY_OF_WEEK,CRASH_MONTH,LATITUDE,LONGITUDE,LOCATION
962bbb9c401b0af35747f4d1d00c637696525c522612f704ce123fa5d793fe9f25fbf64aad2112107143c53b780e131f343302d5bb2c5bdf33f707a9ed55953a,,07/10/2025 05:15:00 AM,30,TRAFFIC SIGNAL,FUNCTIONING PROPERLY,CLEAR,DAWN,TURNING,FOUR WAY,,STRAIGHT AND LEVEL,DRY,NO DEFECTS,NOT ON SCENE (DESK REPORT),NO INJURY / DRIVE AWAY,Y,,Y,$500 OR LESS,07/10/2025 05:25:00 AM,FAILING TO YIELD RIGHT-OF-WAY,UNABLE TO DETERMINE,1600,W,CERMAK RD,1234,,,,,,,2,NO INDICATION OF INJURY,0,0,0,0,0,2,0,5,5,7,41.8524380492,-87.6661522304,POINT (-87.666152230449 41.852438049213)
07b160b24858a74c3bfe61d91da610f30125d762be751bfbffb9d5c141200419f46de1520f69fd8ba024be518693df5ec81daf52bdef415f1b62e578ca86b4ff,,07/10/2025 04:20:00 AM,35,UNKNOWN,UNKNOWN,CLEAR,"DARKNESS, LIGHTED ROAD",OTHER OBJECT,DIVIDED - W/MEDIAN BARRIER,,STRAIGHT AND LEVEL,DRY,NO DEFECTS,ON SCENE,INJURY AND / OR TOW DUE TO CRASH,,,Y,"OVER $1,500",07/10/2025 04:22:00 AM,UNABLE TO DETERMINE,UNABLE TO DETERMINE,4826,W,PETERSON AVE,1621,,,,,,,1,,,,,,,,,4,5,7,41.9900168806,-87.749138079,POINT (-87.749138079026 41.990016880591)
49bba008480a8e429b4bf85fd946ac9776a8ce3a63447da1b36c5f02664a31deb72a4ad92607d1d0268c4f01a686a2c8d95ef48376fe50da5f7ae378956a220b,,07/10/2025 04:20:00 AM,30,NO CONTROLS,NO CONTROLS,CLEAR,DARKNESS,PARKED MOTOR VEHICLE,UNKNOWN,,STRAIGHT AND LEVEL,DRY,NO DEFECTS,ON SCENE,NO INJURY / DRIVE AWAY,,,,"OVER $1,500",07/10/2025 04:25:00 AM,FAILING TO YIELD RIGHT-OF-WAY,IMPROPER BACKING,7745,S,COTTAGE GROVE AVE,624,,,,,,,2,NO INDICATION OF INJURY,0,0,0,0,0,2,0,4,5,7,41.7535967542,-87.6051180594,POINT (-87.605118059373 41.753596754157)
c3d6b926ebab2d5aa44f695950c06aa1991dd01dcb8d1e6c4e7349f71b7bce9751b610cd6ec4fc9af75a018cb09ade673f7d177bea49db3249cd20d3af921ace,,07/10/2025 04:17:00 AM,30,STOP SIGN/FLASHER,FUNCTIONING PROPERLY,CLEAR,"DARKNESS, LIGHTED ROAD",TURNING,NOT DIVIDED,,STRAIGHT AND LEVEL,DRY,NO DEFECTS,NOT ON SCENE (DESK REPORT),NO INJURY / DRIVE AWAY,,,Y,"OVER $1,500",07/10/2025 01:30:00 PM,IMPROPER LANE USAGE,NOT APPLICABLE,4000,W,71ST ST,833,,,,,,,2,NO INDICATION OF INJURY,0,0,0,0,0,2,0,4,5,7,41.7642305373,-87.7224385151,POINT (-87.722438515104 41.764230537342)
a4c4661a1e380c1c1c28263dc9053e3bdba6b7f76e7ecf83b83c675dfe97e22d214035f4afacb5a0cd47bfed09cfdbdc8fde82e51b495898758c357cb89436bc,,07/10/2025 03:39:00 AM,25,NO CONTROLS,NO CONTROLS,CLEAR,DARKNESS,PARKED MOTOR VEHICLE,ONE-WAY,,STRAIGHT AND LEVEL,DRY,UNKNOWN,ON SCENE,INJURY AND / OR TOW DUE TO CRASH,,,,"OVER $1,500",07/10/2025 03:43:00 AM,NOT APPLICABLE,EQUIPMENT - VEHICLE CONDITION,2102,N,KEELER AVE,2522,,,,,,,3,NO INDICATION OF INJURY,0,0,0,0,0,1,0,3,5,7,41.9190761495,-87.7316632778,POINT (-87.731663277759 41.919076149509)
44ec374d70e219eff65a1841344e5c48da0cd452b151a58a427ca5acc11e39e239c41ea5616f23f6ab172cd26b1fa1df79d095ec1eb67cc2f436e7ca723481fc,Y,07/10/2025 01:37:00 AM,25,NO CONTROLS,NO CONTROLS,CLEAR,"DARKNESS, LIGHTED ROAD",PARKED MOTOR VEHICLE,NOT DIVIDED,,STRAIGHT AND LEVEL,UNKNOWN,UNKNOWN,ON SCENE,INJURY AND / OR TOW DUE TO CRASH,,,Y,"OVER $1,500",07/10/2025 01:42:00 AM,UNABLE TO DETERMINE,NOT APPLICABLE,645,W,74TH ST,732,,,,,,,2,"REPORTED, NOT EVIDENT",1,0,0,0,1,2,0,1,5,7,41.7596829875,-87.6411826745,POINT (-87.641182674504 41.759682987546)
a374f2f40fe4540f6ac1118cef925246322d2c377a9cdda88d4f4ede49401d3a67ed2fcafec17f489b24b2cbe71f9dd3ca54bd1cc00916d835cfd43bb7441c1f,,07/10/2025 01:20:00 AM,35,STOP SIGN/FLASHER,FUNCTIONING PROPERLY,CLEAR,"DARKNESS, LIGHTED ROAD",PARKED MOTOR VEHICLE,ONE-WAY,,STRAIGHT AND LEVEL,DRY,UNKNOWN,ON SCENE,NO INJURY / DRIVE AWAY,,,Y,"OVER $1,500",07/10/2025 01:21:00 AM,UNABLE TO DETERMINE,UNABLE TO DETERMINE,13400,S,AVENUE K,433,,Y,,,,,3,NO INDICATION OF INJURY,0,0,0,0,0,1,0,1,5,7,41.6517468496,-87.5351753689,POINT (-87.535175368897 41.65174684957)
b7a8d18ca6acfe800d373a9a93432d05181a266556de41f4b5f64d87104efaa726b8b0bc700e01f956400571aa0bf4d483bc275666e6ad9e2555aa3864019dbc,,07/10/2025 01:07:00 AM,35,TRAFFIC SIGNAL,FUNCTIONING PROPERLY,CLEAR,"DARKNESS, LIGHTED ROAD",ANGLE,CENTER TURN LANE,,STRAIGHT AND LEVEL,DRY,UNKNOWN,ON SCENE,INJURY AND / OR TOW DUE TO CRASH,Y,,,"OVER $1,500",07/10/2025 01:07:00 AM,DISREGARDING TRAFFIC SIGNALS,DISREGARDING TRAFFIC SIGNALS,9900,S,WESTERN AVE,2211,,,,,,,2,"REPORTED, NOT EVIDENT",1,0,0,0,1,1,0,1,5,7,41.7135698994,-87.681985722,POINT (-87.681985722044 41.713569899352)
c06789d325e41cfd0215b261c319a8554ba8754940cfa09a2055479337d68f8b591cdfbc5b4a56480e83215a0a561e3529325dfa3a2e553ee0e7e5604ae4cc01,,07/10/2025 01:06:00 AM,30,NO CONTROLS,NO CONTROLS,CLEAR,"DARKNESS, LIGHTED ROAD",PARKED MOTOR VEHICLE,NOT DIVIDED,,STRAIGHT AND LEVEL,DRY,NO DEFECTS,ON SCENE,INJURY AND / OR TOW DUE TO CRASH,,,,"OVER $1,500",07/10/2025 01:14:00 AM,IMPROPER LANE USAGE,UNABLE TO DETERMINE,3245,W,47TH ST,821,,,,,,,2,INCAPACITATING INJURY,1,0,1,0,0,0,0,1,5,7,41.8079866106,-87.7058211053,POINT (-87.705821105298 41.807986610635)
2077d8095952920add59e25b66248d696f6d1d3917957093bc2b9076e645329df1165728a8af4e6427648e18e8149e437ba865a99d3f55725aac2e2adac36b0d,,07/10/2025 01:05:00 AM,30,NO CONTROLS,NO CONTROLS,CLEAR,"DARKNESS, LIGHTED ROAD",ANGLE,FOUR WAY,,STRAIGHT AND LEVEL,DRY,UNKNOWN,NOT ON SCENE (DESK REPORT),NO INJURY / DRIVE AWAY,Y,,,"OVER $1,500",07/10/2025 01:25:00 AM,UNABLE TO DETERMINE,NOT APPLICABLE,7334,N,PAULINA ST,2423,,,,,,,2,NO INDICATION OF INJURY,0,0,0,0,0,2,0,1,5,7,42.014827995,-87.6725896964,POINT (-87.672589696436 42.014827995)
8a54196278b559d227cd30536cbd14e6e1a042bd7da08d7e4ef04e80cacc53ccc4a9d88ac2b37895903fdb7ccd53bbbc3ea8b35a191a66449b6a571f85f0b6b6,,07/10/2025 12:48:00 AM,30,NO CONTROLS,NO CONTROLS,CLEAR,"DARKNESS, LIGHTED ROAD",SIDESWIPE OPPOSITE DIRECTION,NOT DIVIDED,,STRAIGHT AND LEVEL,DRY,NO DEFECTS,ON SCENE,NO INJURY / DRIVE AWAY,,,,"OVER $1,500",07/10/2025 12:49:00 AM,UNABLE TO DETERMINE,UNABLE TO DETERMINE,3343,W,ADDISON ST,1733,,,,,,,2,NO INDICATION OF INJURY,0,0,0,0,0,3,0,0,5,7,41.946467796,-87.7120240971,POINT (-87.712024097067 41.946467795996)
36e6eea3dc94e7271d1abd038bc8d37b03efda77a9837e4ab5a03aae38f6b10d363084a92df2d7136f598ba9a7f6d9a4307b8ecf2d9d0ffae25fda7bd237a39a,,07/10/2025 12:41:00 AM,30,OTHER,UNKNOWN,CLEAR,"DARKNESS, LIGHTED ROAD",PARKED MOTOR VEHICLE,TRAFFIC ROUTE,,STRAIGHT AND LEVEL,DRY,UNKNOWN,ON SCENE,INJURY AND / OR TOW DUE TO CRASH,,,Y,"OVER $1,500",07/10/2025 12:41:00 AM,DRIVING ON WRONG SIDE/WRONG WAY,NOT APPLICABLE,109,N,KOSTNER AVE,1114,,,,,,,3,NO INDICATION OF INJURY,0,0,0,0,0,2,0,0,5,7,41.8822762868,-87.7353794796,POINT (-87.735379479573 41.882276286768)
59fc48d7dd7921d1c2d0197b2f1daf84ae4dde0c30e1e47551e5b7ec147355a51e6ebaa0fef89037d09bf65a27693f9d2af41cd30f986518dc5fecd3b6c3bbf2,,07/10/2025 12:34:00 AM,45,TRAFFIC SIGNAL,FUNCTIONING PROPERLY,CLEAR,"DARKNESS, LIGHTED ROAD",TURNING,DIVIDED - W/MEDIAN BARRIER,,STRAIGHT AND LEVEL,UNKNOWN,UNKNOWN,ON SCENE,INJURY AND / OR TOW DUE TO CRASH,Y,,,"OVER $1,500",07/10/2025 12:38:00 AM,DISREGARDING TRAFFIC SIGNALS,FAILING TO REDUCE SPEED TO AVOID CRASH,5700,S,LAKE SHORE DR,331,,,,,,,2,NONINCAPACITATING INJURY,1,0,0,1,0,1,0,0,5,7,41.7914202821,-87.5801477687,POINT (-87.580147768689 41.791420282098)
63b27e5b2d5ea91e2a8b2c190f7e986b83d7a5f967a0a9af98bdec98d631ed2a08f8ce6fdbcc9d3876dd8332b1bbd8e17f242f2deb3fe541cb4ff04c509b580e,,07/10/2025 12:30:00 AM,10,NO CONTROLS,NO CONTROLS,CLEAR,"DARKNESS, LIGHTED ROAD",REAR END,ONE-WAY,,STRAIGHT AND LEVEL,DRY,NO DEFECTS,NOT ON SCENE (DESK REPORT),NO INJURY / DRIVE AWAY,,Y,Y,"OVER $1,500",07/10/2025 12:47:00 AM,FAILING TO REDUCE SPEED TO AVOID CRASH,FOLLOWING TOO CLOSELY,1951,N,WESTERN AVE,1434,,,,,,,2,NO INDICATION OF INJURY,0,0,0,0,0,2,0,0,5,7,41.917103631,-87.687248767,POINT (-87.687248767006 41.917103631009)
e14a048abbe14894f5db583b3e7f407bd0c5b0fa497cad9077aeb7aa6228d8a766fece08e273c1d20622ec0f96ce7dbfa5e54f017ae1a2729430396967cd0a77,,07/10/2025 12:29:00 AM,30,TRAFFIC SIGNAL,FUNCTIONING PROPERLY,CLEAR,"DARKNESS, LIGHTED ROAD",TURNING,NOT DIVIDED,,STRAIGHT AND LEVEL,DRY,NO DEFECTS,ON SCENE,INJURY AND / OR TOW DUE TO CRASH,Y,,,"OVER $1,500",07/10/2025 12:34:00 AM,FAILING TO YIELD RIGHT-OF-WAY,NOT APPLICABLE,4700,S,ASHLAND AVE,931,,,,,,,3,"REPORTED, NOT EVIDENT",1,0,0,0,1,2,0,0,5,7,41.8085115972,-87.6651172917,POINT (-87.665117291733 41.808511597247)
46f1f19d269176273aad9db23127feec681dafab3b2b2f5ff7bc15970dd0bffebde76935d9f3e4c916832ecdde11f9c9aa5715170a5ad786b8123d1930a96c6a,,07/10/2025 12:09:00 AM,30,TRAFFIC SIGNAL,FUNCTIONING PROPERLY,CLEAR,"DARKNESS, LIGHTED ROAD",ANGLE,ONE-WAY,,STRAIGHT AND LEVEL,DRY,NO DEFECTS,ON SCENE,INJURY AND / OR TOW DUE TO CRASH,Y,,,"OVER $1,500",07/10/2025 12:13:00 AM,DISREGARDING TRAFFIC SIGNALS,UNABLE TO DETERMINE,400,S,CLARK ST,122,,,,,,,2,NONINCAPACITATING INJURY,1,0,0,1,0,1,0,0,5,7,41.8768182531,-87.6308945,POINT (-87.630894500009 41.876818253091)
9ef2f96b9d5db945b4a5a89939b94a9337e704dca417a5a6fbe8db1ceaa0a9c543d7fffaa9dac7f20f810cd7d7214a5c1a2e22a07e908347114a204607faf7c5,,07/10/2025 12:01:00 AM,25,NO CONTROLS,NO CONTROLS,UNKNOWN,"DARKNESS, LIGHTED ROAD",PARKED MOTOR VEHICLE,NOT DIVIDED,,STRAIGHT AND LEVEL,UNKNOWN,NO DEFECTS,ON SCENE,NO INJURY / DRIVE AWAY,,,Y,$500 OR LESS,07/10/2025 07:38:00 PM,UNABLE TO DETERMINE,UNABLE TO DETERMINE,631,W,BELMONT AVE,1934,,,,,,,2,NO INDICATION OF INJURY,0,0,0,0,0,1,0,0,5,7,41.93991154,-87.6456179058,POINT (-87.645617905803 41.939911540001)
fdf8b8bb7f9b0b742e8ac836b5db71c0c39ae079f1cd0bd788784b42ae9402cacf585b057b470fa2c337b2d466c8a2a3d25bcfd85b6254b08dbff20d8cb6a6d8,,07/10/2025 12:00:00 AM,10,NO CONTROLS,NO CONTROLS,UNKNOWN,UNKNOWN,PARKED MOTOR VEHICLE,OTHER,,STRAIGHT AND LEVEL,UNKNOWN,UNKNOWN,ON SCENE,NO INJURY / DRIVE AWAY,,,,"OVER $1,500",08/23/2025 12:30:00 PM,UNABLE TO DETERMINE,NOT APPLICABLE,229,W,HILL ST,1823,,,,,,,2,NO INDICATION OF INJURY,0,0,0,0,0,1,0,0,5,7,41.9019794091,-87.6356458868,POINT (-87.635645886846 41.901979409139)
65c9d62422fa6f1690b590a5fcfb88cd1cc757d5cf4bb371c5c021dde6e059ebd3ec0da47f90c5a151b6137f69261a68964f4ecd96a6d552181e9fe1de54a05a,,07/09/2025 11:50:00 PM,30,TRAFFIC SIGNAL,FUNCTIONING PROPERLY,CLEAR,"DARKNESS, LIGHTED ROAD",REAR END,NOT DIVIDED,,STRAIGHT AND LEVEL,DRY,NO DEFECTS,NOT ON SCENE (DESK REPORT),NO INJURY / DRIVE AWAY,,,Y,"OVER $1,500",07/10/2025 12:10:00 AM,FAILING TO REDUCE SPEED TO AVOID CRASH,NOT APPLICABLE,5543,N,MILWAUKEE AVE,1622,,,,,,,2,NO INDICATION OF INJURY,0,0,0,0,0,2,0,23,4,7,41.9826982565,-87.7739762414,POINT (-87.773976241353 41.982698256542)
b91e86aa19996db8edcaaffb066e6037e52377248f9e50e553bb01382dd788c83af1c8aacd55b1402629d6e954ed533185b1b853a8096cc8ebbcf0cb2aadc99c,,07/09/2025 11:48:00 PM,30,TRAFFIC SIGNAL,FUNCTIONING PROPERLY,CLEAR,"DARKNESS, LIGHTED ROAD",SIDESWIPE SAME DIRECTION,FOUR WAY,,STRAIGHT AND LEVEL,DRY,NO DEFECTS,ON SCENE,NO INJURY / DRIVE AWAY,,,Y,"OVER $1,500",07/09/2025 11:57:00 PM,IMPROPER OVERTAKING/PASSING,IMPROPER OVERTAKING/PASSING,5042,N,LINCOLN AVE,2031,,N,,,,,2,NO INDICATION OF INJURY,0,0,0,0,0,2,0,23,4,7,41.9728868191,-87.6914798695,POINT (-87.691479869522 41.972886819112)
27a90e2d920102df6c8546e67f8a2cba3bdf6c0ce414902d877e887c7131326ea2a5bfc83180263e6f872f5bb8e855f3d1774ccef0ac97ac095f2bf54e608b7c,,07/09/2025 11:45:00 PM,30,UNKNOWN,UNKNOWN,UNKNOWN,"DARKNESS, LIGHTED ROAD",PARKED MOTOR VEHICLE,NOT DIVIDED,,STRAIGHT AND LEVEL,UNKNOWN,UNKNOWN,ON SCENE,NO INJURY / DRIVE AWAY,,,,"OVER $1,500",07/09/2025 11:50:00 PM,UNABLE TO DETERMINE,NOT APPLICABLE,10631,S,WALLACE ST,2233,,,,,,,2,NO INDICATION OF INJURY,0,0,0,0,0,1,0,23,4,7,41.7005809158,-87.637639065,POINT (-87.637639064953 41.700580915769)
f280043c2105965e086f856a0db37242d7fe7ba2df8d0fd6b0323bf29f781f1d6ed2ba7025f6adef8b6ca247fed66d144e243e41f379c5f940b417911e4538d3,,07/09/2025 11:45:00 PM,30,OTHER,NO CONTROLS,CLEAR,DAWN,ANGLE,NOT DIVIDED,,STRAIGHT AND LEVEL,DRY,NO DEFECTS,ON SCENE,INJURY AND / OR TOW DUE TO CRASH,,,Y,"OVER $1,500",07/10/2025 12:23:00 AM,DRIVING ON WRONG SIDE/WRONG WAY,IMPROPER TURNING/NO SIGNAL,7656,S,HALSTED ST,621,,,,,,,2,"REPORTED, NOT EVIDENT",1,0,0,0,1,1,0,23,4,7,41.7544173609,-87.6442876023,POINT (-87.644287602344 41.754417360907)
6e672263af82159e6cf53baae4a4b37db7b5253564441628741c7a692e546cea65d09ede1f42e5e17c86c64b491bd9f24293cb848c03535e30a3034f8cce6254,,07/09/2025 11:25:00 PM,30,UNKNOWN,UNKNOWN,UNKNOWN,UNKNOWN,PARKED MOTOR VEHICLE,UNKNOWN,,STRAIGHT AND LEVEL,UNKNOWN,UNKNOWN,NOT ON SCENE (DESK REPORT),NO INJURY / DRIVE AWAY,,,Y,"$501 - $1,500",07/12/2025 12:36:00 PM,UNABLE TO DETERMINE,NOT APPLICABLE,5930,S,NATCHEZ AVE,811,,,,,,,2,NO INDICATION OF INJURY,0,0,0,0,0,1,0,23,4,7,41.7841068497,-87.7840948812,POINT (-87.784094881246 41.78410684966)
ffebbac0565344bad515c79bb1a5942abb661d191d596242249c8aa7af8ab3837fcc9f5486bfe42799fa86571aea27ced633c447f04e0ed5bcd3d6eb17653a44,,07/09/2025 10:40:00 PM,30,NO CONTROLS,NO CONTROLS,CLEAR,"DARKNESS, LIGHTED ROAD",PARKED MOTOR VEHICLE,ONE-WAY,,STRAIGHT AND LEVEL,DRY,NO DEFECTS,NOT ON SCENE (DESK REPORT),NO INJURY / DRIVE AWAY,,,Y,"OVER $1,500",07/11/2025 07:50:00 AM,UNABLE TO DETERMINE,UNABLE TO DETERMINE,10000,W,OHARE ST,1651,,,,,,,2,NO INDICATION OF INJURY,0,0,0,0,0,2,0,22,4,7,41.976201139,-87.9053091251,POINT (-87.905309125103 41.976201139024)
c28289a2369f774fc23f6c7fa38bcdcab747dbe45a4b15db4d3b0de0cedea6b244d4a871f3d187691b605938e43d38a2da2f2a1a1f865da3cf33bf586a13cd21,,07/09/2025 10:35:00 PM,10,NO CONTROLS,NO CONTROLS,UNKNOWN,UNKNOWN,PARKED MOTOR VEHICLE,PARKING LOT,,STRAIGHT AND LEVEL,UNKNOWN,UNKNOWN,NOT ON SCENE (DESK REPORT),NO INJURY / DRIVE AWAY,,,Y,"$501 - $1,500",07/15/2025 03:27:00 PM,UNABLE TO DETERMINE,UNABLE TO DETERMINE,131,S,DEARBORN ST,112,,,,,,,2,NO INDICATION OF INJURY,0,0,0,0,0,1,0,22,4,7,41.8798854403,-87.6292115948,POINT (-87.629211594803 41.879885440301)
13f74260384d8773d6c891cb1155acc2e48c9316abf971070d9a7dfdc0ff10c7ed03a205dbd1da67c6c30e57a775aae8ad7bd73f93e7e8545bab4aad40a58695,,07/09/2025 10:30:00 PM,30,NO CONTROLS,NO CONTROLS,CLEAR,"DARKNESS, LIGHTED ROAD",PARKED MOTOR VEHICLE,NOT DIVIDED,,STRAIGHT ON GRADE,DRY,"RUT, HOLES",ON SCENE,NO INJURY / DRIVE AWAY,,,,"OVER $1,500",07/09/2025 10:30:00 PM,UNABLE TO DETERMINE,UNABLE TO DETERMINE,2528,W,73RD ST,832,,,,,,,2,NO INDICATION OF INJURY,0,0,0,0,0,1,0,22,4,7,41.7611030782,-87.686753917,POINT (-87.686753916961 41.761103078192)
ee570d34c125b9a9e76849d2193cf00ff5c3f7b69f587996a83e73ade669849296f0de411553adc0bb985ada14959165e0ed912295510264a50f82637ee6afd2,,07/09/2025 10:28:00 PM,30,STOP SIGN/FLASHER,FUNCTIONING PROPERLY,CLEAR,"DARKNESS, LIGHTED ROAD",ANGLE,FOUR WAY,,STRAIGHT AND LEVEL,DRY,NO DEFECTS,NOT ON SCENE (DESK REPORT),INJURY AND / OR TOW DUE TO CRASH,Y,,Y,"OVER $1,500",07/10/2025 12:01:00 AM,FAILING TO YIELD RIGHT-OF-WAY,FAILING TO REDUCE SPEED TO AVOID CRASH,1907,W,GRAND AVE,1221,,,,,,,2,"REPORTED, NOT EVIDENT",1,0,0,0,1,1,0,22,4,7,41.8907493031,-87.6748117275,POINT (-87.674811727486 41.890749303142)
c3ffbbbcffe3edd9b7b6e408c31069628c63658bc3f0693219513af99b7308783621f22e05ca72e1459aa82b5b72d0ed145fd6ceae46563f88bafce1de4c9598,,07/09/2025 10:26:00 PM,25,NO CONTROLS,NO CONTROLS,CLEAR,"DARKNESS, LIGHTED ROAD",PARKED MOTOR VEHICLE,ONE-WAY,,STRAIGHT AND LEVEL,DRY,NO DEFECTS,ON SCENE,INJURY AND / OR TOW DUE TO CRASH,,,Y,"OVER $1,500",07/10/2025 12:00:00 AM,UNABLE TO DETERMINE,NOT APPLICABLE,6623,S,OAKLEY AVE,832,,,,,,,2,NO INDICATION OF INJURY,0,0,0,0,0,1,0,22,4,7,41.7730939975,-87.6807632268,POINT (-87.680763226794 41.773093997528)
b50a4dcaafd6157d47105699b1665130fa95d779125aa51d744a7792ca55ff3259357d3a7cf55d63518cdf70153950eb4fca32f2f21d13fe59483a39fadb332c,,07/09/2025 10:20:00 PM,30,STOP SIGN/FLASHER,OTHER,CLEAR,"DARKNESS, LIGHTED ROAD",REAR END,NOT DIVIDED,,STRAIGHT AND LEVEL,DRY,NO DEFECTS,NOT ON SCENE (DESK REPORT),INJURY AND / OR TOW DUE TO CRASH,,,Y,"OVER $1,500",07/09/2025 10:20:00 PM,FAILING TO REDUCE SPEED TO AVOID CRASH,FOLLOWING TOO CLOSELY,10500,S,HALSTED ST,2233,,,,,,,2,NO INDICATION OF INJURY,0,0,0,0,0,2,0,22,4,7,41.7031858187,-87.6428645922,POINT (-87.642864592211 41.703185818716)
08c4360cee5b5cdecddba5697acfdc20409a6df77761c9eaedf5a738506670e263c767de5e6716313a608e84dce88d267c990ab6c7d6fe59b875ee09c7efc771,,07/09/2025 10:10:00 PM,10,NO CONTROLS,NO CONTROLS,CLEAR,DARKNESS,SIDESWIPE OPPOSITE DIRECTION,ALLEY,,STRAIGHT AND LEVEL,DRY,NO DEFECTS,ON SCENE,NO INJURY / DRIVE AWAY,,,,$500 OR LESS,07/09/2025 10:30:00 PM,IMPROPER OVERTAKING/PASSING,UNABLE TO DETERMINE,2813,S,CHRISTIANA AVE,1032,,,,,,,2,NO INDICATION OF INJURY,0,0,0,0,0,4,0,22,4,7,41.8403886823,-87.7084308481,POINT (-87.7084308481 41.840388682305)
d903116595202caa6abaacb6c9cee71c381ed2f663849805651f4f7fb3be006dfeaa221ab1b818367c3abc11785aecd720b836b6d3e4f87751c720da4c7fd607,,07/09/2025 10:09:00 PM,30,TRAFFIC SIGNAL,UNKNOWN,CLEAR,"DARKNESS, LIGHTED ROAD",TURNING,DIVIDED - W/MEDIAN (NOT RAISED),,STRAIGHT AND LEVEL,UNKNOWN,UNKNOWN,NOT ON SCENE (DESK REPORT),NO INJURY / DRIVE AWAY,Y,,,"OVER $1,500",07/09/2025 11:40:00 PM,UNABLE TO DETERMINE,NOT APPLICABLE,4700,S,WENTWORTH AVE,224,,,,,,,2,NO INDICATION OF INJURY,0,0,0,0,0,2,0,22,4,7,41.8090824366,-87.6310308737,POINT (-87.63103087365 41.809082436649)
7ad70db024b404d14b0702ecef558c7665a3596a049aeb2fd1e063454e9c89dc0a0ae814800f608a6e6b53cf21646872f568ade48d70b26c64ded1a5240b286e,,07/09/2025 10:00:00 PM,25,TRAFFIC SIGNAL,FUNCTIONING PROPERLY,CLEAR,"DARKNESS, LIGHTED ROAD",REAR END,FOUR WAY,,STRAIGHT AND LEVEL,DRY,NO DEFECTS,NOT ON SCENE (DESK REPORT),NO INJURY / DRIVE AWAY,Y,,,"OVER $1,500",07/10/2025 12:15:00 PM,UNABLE TO DETERMINE,NOT APPLICABLE,2203,W,TOUHY AVE,2411,,,,,,,2,NO INDICATION OF INJURY,0,0,0,0,0,2,0,22,4,7,42.012130363,-87.6863546081,POINT (-87.686354608093 42.012130363017)
a2a49ad5d58adb5518894aa2edfcc297bee9e339a5a2f1fa464d7e0ec8e132c253d0ec752310c00ff1c4fe2827a6747293eafbbad9041a44e4de8e43d0305eb7,Y,07/09/2025 09:30:00 PM,15,NO CONTROLS,NO CONTROLS,CLEAR,"DARKNESS, LIGHTED ROAD",PARKED MOTOR VEHICLE,ONE-WAY,,STRAIGHT AND LEVEL,DRY,UNKNOWN,NOT ON SCENE (DESK REPORT),NO INJURY / DRIVE AWAY,,,,"OVER $1,500",07/10/2025 01:00:00 PM,UNABLE TO DETERMINE,NOT APPLICABLE,3341,N,HARDING AVE,1732,,,,,,,2,NO INDICATION OF INJURY,0,0,0,0,0,1,0,21,4,7,41.9421534982,-87.725905627,POINT (-87.725905627018 41.942153498162)
6ae049f06fb6db43ffd2d3f982a2b89efaaef2764b76a755bed3bd0aace394a3dc84ad2671cf22f4a313da0350c2cd5c6422205d217116f1b5868daa7e4b6ef2,,07/09/2025 09:05:00 PM,30,NO CONTROLS,NO CONTROLS,CLEAR,"DARKNESS, LIGHTED ROAD",TURNING,DIVIDED - W/MEDIAN (NOT RAISED),,STRAIGHT AND LEVEL,DRY,NO DEFECTS,ON SCENE,INJURY AND / OR TOW DUE TO CRASH,,,,"OVER $1,500",07/09/2025 11:32:00 PM,FAILING TO YIELD RIGHT-OF-WAY,IMPROPER OVERTAKING/PASSING,2601,N,HARLEM AVE,2512,,,,,,,2,NONINCAPACITATING INJURY,2,0,0,1,1,1,0,21,4,7,41.9271648255,-87.8062190443,POINT (-87.806219044328 41.927164825513)
b758118c89d4be52d0651d0bb41cacfe2208ae3cc79ed78878b311c4f3001e45fb74a1531c71ae2a632c1354466082a8eafeace7635337292c44c48ef4a828c8,,07/09/2025 08:55:00 PM,30,NO CONTROLS,NO CONTROLS,CLEAR,DARKNESS,SIDESWIPE OPPOSITE DIRECTION,NOT DIVIDED,,STRAIGHT AND LEVEL,DRY,NO DEFECTS,ON SCENE,INJURY AND / OR TOW DUE TO CRASH,,,Y,"OVER $1,500",07/09/2025 09:01:00 PM,IMPROPER OVERTAKING/PASSING,NOT APPLICABLE,3000,W,MADISON ST,1222,,,,,,,2,NO INDICATION OF INJURY,0,0,0,0,0,3,0,20,4,7,41.8811351342,-87.7012509135,POINT (-87.701250913492 41.881135134187)