CRASH_RECORD_ID,CRASH_DATE_EST_I,CRASH_DATE,POSTED_SPEED_LIMIT,TRAFFIC_CONTROL_DEVICE,DEVICE_CONDITION,WEATHER_CONDITION,LIGHTING_CONDITION,FIRST_CRASH_TYPE,TRAFFICWAY_TYPE,LANE_CNT,ALIGNMENT,ROADWAY_SURFACE_COND,ROAD_DEFECT,REPORT_TYPE,CRASH_TYPE,INTERSECTION_RELATED_I,NOT_RIGHT_OF_WAY_I,HIT_AND_RUN_I,DAMAGE,DATE_POLICE_NOTIFIED,PRIM_CONTRIBUTORY_CAUSE,SEC_CONTRIBUTORY_CAUSE,STREET_NO,STREET_DIRECTION,STREET_NAME,BEAT_OF_OCCURRENCE,PHOTOS_TAKEN_I,STATEMENTS_TAKEN_I,DOORING_I,WORK_ZONE_I,WORK_ZONE_TYPE,WORKERS_PRESENT_I,NUM_UNITS,MOST_SEVERE_INJURY,INJURIES_TOTAL,INJURIES_FATAL,INJURIES_INCAPACITATING,INJURIES_NON_INCAPACITATING,INJURIES_REPORTED_NOT_EVIDENT,INJURIES_NO_INDICATION,INJURIES_UNKNOWN,CRASH_HOUR,CRASH_DAY_OF_WEEK,CRASH_MONTH,LATITUDE,LONGITUDE,LOCATION
1f0542bd4b9bbbd057b3ccde54ad3130ead479d792c639ca3df1e65669373a0f3bd264fa61a30e30991cf9058da1fc7d5ddb3d31df3678576cde29525ea44539,,07/09/2025 08:40:00 PM,30,NO CONTROLS,NO CONTROLS,CLEAR,"DARKNESS, LIGHTED ROAD",REAR END,NOT DIVIDED,,STRAIGHT AND LEVEL,DRY,NO DEFECTS,NOT ON SCENE (DESK REPORT),NO INJURY / DRIVE AWAY,,,Y,"OVER $1,500",07/09/2025 11:45:00 PM,FAILING TO YIELD RIGHT-OF-WAY,NOT APPLICABLE,1146,N,MONTICELLO AVE,1112,,,,,,,2,NO INDICATION OF INJURY,0,0,0,0,0,2,0,20,4,7,41.9023106419,-87.717912959,POINT (-87.717912959017 41.902310641924)
08564b49e88d0407a91e35e29fa700edb0e134d2d31f6f89386643485824a98d38b585c17f7c5b14acdd89e612c320f6b0f2a4ebe37ef529555f437d362d6c8e,,07/09/2025 08:37:00 PM,30,TRAFFIC SIGNAL,FUNCTIONING PROPERLY,CLEAR,"DARKNESS, LIGHTED ROAD",TURNING,DIVIDED - W/MEDIAN (NOT RAISED),,STRAIGHT AND LEVEL,DRY,NO DEFECTS,ON SCENE,INJURY AND / OR TOW DUE TO CRASH,Y,,,"OVER $1,500",07/09/2025 08:39:00 PM,FAILING TO YIELD RIGHT-OF-WAY,FAILING TO YIELD RIGHT-OF-WAY,4401,W,ROOSEVELT RD,1011,Y,Y,,,,,3,NO INDICATION OF INJURY,0,0,0,0,0,7,0,20,4,7,41.8659213741,-87.7350838422,POINT (-87.735083842195 41.865921374106)
ec71c533f0a375c6c27837fc81c4ba82eb2f1e990375a427adafc35dcf7e5f146312d06487359b312af4a41b8ad6e30573c9f05b12c879c2cd2e013e64fb6e19,,07/09/2025 08:30:00 PM,15,STOP SIGN/FLASHER,UNKNOWN,CLEAR,UNKNOWN,TURNING,UNKNOWN,,STRAIGHT AND LEVEL,DRY,UNKNOWN,,NO INJURY / DRIVE AWAY,,,,"OVER $1,500",07/09/2025 09:00:00 PM,UNABLE TO DETERMINE,NOT APPLICABLE,11500,S,DOTY AVE E,532,,,,,,,2,NO INDICATION OF INJURY,0,0,0,0,0,3,0,20,4,7,41.6860715901,-87.6005838245,POINT (-87.600583824506 41.686071590121)
68009eae203bccb0b3fb5920e956bab0e8a7570935db52dc8b65cca4cbe3614249ec3f3a71aa8c4baf7a2857683fe34e3aecb5dd90c9bc10eebe4aec5f245581,,07/09/2025 08:15:00 PM,25,TRAFFIC SIGNAL,NO CONTROLS,CLEAR,"DARKNESS, LIGHTED ROAD",SIDESWIPE SAME DIRECTION,FOUR WAY,,STRAIGHT AND LEVEL,DRY,NO DEFECTS,NOT ON SCENE (DESK REPORT),NO INJURY / DRIVE AWAY,Y,,,"OVER $1,500",07/09/2025 09:00:00 PM,FAILING TO YIELD RIGHT-OF-WAY,NOT APPLICABLE,1133,W,SHERIDAN RD,2433,,,,,,,2,NO INDICATION OF INJURY,0,0,0,0,0,3,0,20,4,7,41.9980877612,-87.6597952412,POINT (-87.659795241164 41.998087761239)
980ced39b361e18bf411f694dee7a92b0185ea2ac7cac82e39e63df91f79bedc0f02a2d07f3cb0a0a10fdc7bac42766c8def62a11c9dbda212516c7806fde5fd,,07/09/2025 08:15:00 PM,25,NO CONTROLS,NO CONTROLS,CLEAR,DAYLIGHT,SIDESWIPE SAME DIRECTION,NOT DIVIDED,,STRAIGHT AND LEVEL,DRY,NO DEFECTS,ON SCENE,NO INJURY / DRIVE AWAY,,,,"OVER $1,500",07/09/2025 08:30:00 PM,IMPROPER OVERTAKING/PASSING,DRIVING SKILLS/KNOWLEDGE/EXPERIENCE,295,E,JACKSON DR,114,,,,,,,2,NO INDICATION OF INJURY,0,0,0,0,0,4,0,20,4,7,41.8782205898,-87.620762233,POINT (-87.620762232986 41.878220589803)
587c785cad28c1ef89a327af999f2bb2f3a6ad7fd86df7273c64a5a78919de2ac60e27a81c52b0917b50f873b610283d594012841c5cb87a6bf52bdb8887e0ba,,07/09/2025 08:13:00 PM,30,NO CONTROLS,NO CONTROLS,CLEAR,DUSK,TURNING,NOT DIVIDED,,STRAIGHT AND LEVEL,DRY,NO DEFECTS,ON SCENE,NO INJURY / DRIVE AWAY,,,Y,"OVER $1,500",07/09/2025 08:16:00 PM,UNABLE TO DETERMINE,UNABLE TO DETERMINE,3700,N,RECREATION DR,1925,,,,,,,2,NO INDICATION OF INJURY,0,0,0,0,0,2,0,20,4,7,41.950676839,-87.643784743,POINT (-87.64378474303 41.950676838996)
18464b27ede4041808586504daca04bdb6459ea623446db39257498727909f03fc78aaaf2faa50a77e5e3753960c452bc650d528c5a219a865889f0064b1da6b,,07/09/2025 08:00:00 PM,40,NO CONTROLS,NO CONTROLS,CLEAR,"DARKNESS, LIGHTED ROAD",SIDESWIPE SAME DIRECTION,DIVIDED - W/MEDIAN BARRIER,,"CURVE, LEVEL",DRY,NO DEFECTS,ON SCENE,NO INJURY / DRIVE AWAY,,,,"OVER $1,500",07/10/2025 08:10:00 PM,FAILING TO YIELD RIGHT-OF-WAY,UNABLE TO DETERMINE,928,N,LAKE SHORE DR SB,1833,,,,,,,2,NO INDICATION OF INJURY,0,0,0,0,0,2,0,20,4,7,41.9000810191,-87.6192137151,POINT (-87.619213715076 41.900081019061)
a09b3acba1862aab8fbdfef75615b312a26793a4cbd2de2a7d04ea8fd2294552b92c5d63774493d45fcd23b7f1dd52f86c4e773a39cc63ddfa91a5f499f15a74,,07/09/2025 08:00:00 PM,30,NO CONTROLS,NO CONTROLS,CLEAR,"DARKNESS, LIGHTED ROAD",SIDESWIPE OPPOSITE DIRECTION,ONE-WAY,,STRAIGHT AND LEVEL,UNKNOWN,UNKNOWN,NOT ON SCENE (DESK REPORT),NO INJURY / DRIVE AWAY,,,Y,"OVER $1,500",07/10/2025 04:20:00 PM,"OPERATING VEHICLE IN ERRATIC, RECKLESS, CARELESS, NEGLIGENT OR AGGRESSIVE MANNER",NOT APPLICABLE,6600,S,OAKLEY AVE,832,,,,,,,3,NO INDICATION OF INJURY,0,0,0,0,0,3,0,20,4,7,41.7737081475,-87.6810736855,POINT (-87.681073685492 41.773708147466)
ca06f4d74bb652d9aaf909fc41a4b68f151c95b37064cd8288a249ecac2718aa58c9e17b44c89d59670061acce5ebbdb2e1cf74f0750314ebc47b9400ecb1d0d,,07/09/2025 07:46:00 PM,30,NO CONTROLS,NO CONTROLS,CLEAR,DUSK,PARKED MOTOR VEHICLE,ONE-WAY,,STRAIGHT AND LEVEL,DRY,NO DEFECTS,ON SCENE,INJURY AND / OR TOW DUE TO CRASH,,,,"OVER $1,500",07/09/2025 08:11:00 PM,NOT APPLICABLE,NOT APPLICABLE,6809,S,BISHOP ST,725,,,,,,,2,NO INDICATION OF INJURY,0,0,0,0,0,1,0,19,4,7,41.770109812,-87.6601722104,POINT (-87.660172210426 41.770109812042)
85f7b92f222f2a8d1a746b8a94f4252258a4dfeb6ebd4300ce82ea44bbdbd580a56835a28e3ad3e0cb00f3d0ce20d28884e402705e1acea5974d51d6210101da,,07/09/2025 07:45:00 PM,30,NO CONTROLS,NO CONTROLS,CLEAR,DUSK,SIDESWIPE SAME DIRECTION,NOT DIVIDED,,STRAIGHT AND LEVEL,DRY,NO DEFECTS,NOT ON SCENE (DESK REPORT),NO INJURY / DRIVE AWAY,,,,"OVER $1,500",07/09/2025 08:38:00 PM,UNABLE TO DETERMINE,NOT APPLICABLE,4135,S,ARCHER AVE,921,,,,,,,2,NO INDICATION OF INJURY,0,0,0,0,0,2,0,19,4,7,41.8182462116,-87.6972357843,POINT (-87.697235784279 41.818246211625)
801b8bf1a085f1b0d72cb49800598eb46d43fcf9d16d2b513aaf193b81950cd6eafa965b068ea16fe1fdb486a4f69fc7ceb1e474852bfc1ce6afd5ca1f794534,,07/09/2025 07:38:00 PM,15,NO CONTROLS,NO CONTROLS,CLEAR,DAYLIGHT,OTHER OBJECT,PARKING LOT,,STRAIGHT AND LEVEL,DRY,NO DEFECTS,NOT ON SCENE (DESK REPORT),NO INJURY / DRIVE AWAY,,,Y,"OVER $1,500",07/09/2025 08:00:00 PM,UNABLE TO DETERMINE,NOT APPLICABLE,5001,N,PULASKI RD,1712,,,,,,,1,NO INDICATION OF INJURY,0,0,0,0,0,1,0,19,4,7,41.9719812207,-87.7279868979,POINT (-87.727986897856 41.97198122069)
04795427123de031c37a39cdf3bb4d07324cb9f78dae50fe48b6cb8b9247d8e693d271b36dde3495af3c6ca56c2b24f6a7ca4ada9703cc8e7f5a2e4150dbfeaf,,07/09/2025 07:36:00 PM,30,TRAFFIC SIGNAL,FUNCTIONING PROPERLY,CLEAR,DAYLIGHT,REAR END,FOUR WAY,,STRAIGHT AND LEVEL,DRY,NO DEFECTS,ON SCENE,INJURY AND / OR TOW DUE TO CRASH,,,,"OVER $1,500",07/09/2025 07:38:00 PM,FOLLOWING TOO CLOSELY,NOT APPLICABLE,1034,N,CICERO AVE,1531,,,,,,,2,NO INDICATION OF INJURY,0,0,0,0,0,4,0,19,4,7,41.89975774,-87.7460629612,POINT (-87.7460629612 41.89975774001)
a86c577629f52db06152f1b6fca1ae28894eec412d3c6123072f69cc502ff888ef88c9a65ef96b0555a2d68723174d6a761a7f426947565b02191d2fd43432e2,,07/09/2025 07:24:00 PM,35,NO CONTROLS,NO CONTROLS,CLEAR,DAYLIGHT,TURNING,NOT DIVIDED,,STRAIGHT AND LEVEL,DRY,NO DEFECTS,ON SCENE,INJURY AND / OR TOW DUE TO CRASH,,,Y,"OVER $1,500",07/09/2025 07:24:00 PM,IMPROPER TURNING/NO SIGNAL,NOT APPLICABLE,8300,S,RACINE AVE,613,,,,,,,2,"REPORTED, NOT EVIDENT",1,0,0,0,1,1,0,19,4,7,41.7431240501,-87.6536844125,POINT (-87.653684412547 41.743124050063)
f96d0423d045efee81fce3b2816d5b1ff484960c5f5281ea1cfa3860e9c9e20d3d77645ed1e99e3aea737e2b6a9ab8f9cc64e7135d52ff33fae5ffc0c299b9f3,,07/09/2025 07:22:00 PM,30,UNKNOWN,UNKNOWN,CLEAR,DAYLIGHT,OTHER OBJECT,NOT DIVIDED,,STRAIGHT AND LEVEL,DRY,UNKNOWN,NOT ON SCENE (DESK REPORT),NO INJURY / DRIVE AWAY,,Y,,"OVER $1,500",08/25/2025 05:00:00 PM,EQUIPMENT - VEHICLE CONDITION,EQUIPMENT - VEHICLE CONDITION,1522,E,87TH ST,412,,,,,,,1,NO INDICATION OF INJURY,0,0,0,0,0,1,0,19,4,7,41.737006543,-87.5868528319,POINT (-87.586852831869 41.737006543044)
9a298f70127d846cd7fe3d791bff230347e4ac5e360ef627f9bc48c45cbbcaca332b8dd3d3fa61f35a1002e19029f73a38cca685c71e420910aa74e4a85d3ac4,,07/09/2025 07:20:00 PM,30,NO CONTROLS,NO CONTROLS,CLEAR,DAYLIGHT,PARKED MOTOR VEHICLE,ONE-WAY,,STRAIGHT AND LEVEL,DRY,NO DEFECTS,ON SCENE,NO INJURY / DRIVE AWAY,,,,"$501 - $1,500",07/09/2025 07:21:00 PM,DRIVING SKILLS/KNOWLEDGE/EXPERIENCE,IMPROPER LANE USAGE,114,W,GRAND AVE,1831,,,Y,,,,3,NO INDICATION OF INJURY,0,0,0,0,0,3,0,19,4,7,41.8917269925,-87.6318131137,POINT (-87.631813113663 41.891726992513)
fcb53dcf880997b32b7b96b857f033e2be726eecdd25e0396e873387db0d832605436c5a2da1b138113c93adcc2646f4336198c564356560c4021276e702c556,,07/09/2025 07:19:00 PM,30,TRAFFIC SIGNAL,FUNCTIONING PROPERLY,CLEAR,DAYLIGHT,ANGLE,FOUR WAY,,STRAIGHT AND LEVEL,DRY,NO DEFECTS,ON SCENE,INJURY AND / OR TOW DUE TO CRASH,Y,,,"OVER $1,500",07/09/2025 07:24:00 PM,DISREGARDING TRAFFIC SIGNALS,DISREGARDING TRAFFIC SIGNALS,12737,S,HALSTED ST,523,,,,,,,4,INCAPACITATING INJURY,16,0,4,1,11,2,0,19,4,7,41.6621031337,-87.6412363052,POINT (-87.641236305181 41.662103133673)
e13e8dfbefe16059840e6981ddc7cdfe38e31c080061386b381b5dc39cdb0b2a734d74638f4bc39c2a096770fa9b6bf3adfa3e4813ce9a36bf17611baead313d,,07/09/2025 07:04:00 PM,30,TRAFFIC SIGNAL,FUNCTIONING PROPERLY,CLEAR,DAYLIGHT,REAR END,NOT DIVIDED,,STRAIGHT AND LEVEL,DRY,NO DEFECTS,NOT ON SCENE (DESK REPORT),NO INJURY / DRIVE AWAY,,,Y,"OVER $1,500",07/10/2025 11:30:00 AM,FOLLOWING TOO CLOSELY,NOT APPLICABLE,50,W,71ST ST,731,,,,,,,2,NO INDICATION OF INJURY,0,0,0,0,0,2,0,19,4,7,41.7655526165,-87.6268248335,POINT (-87.626824833481 41.76555261653)
bb5ff84fb5cb3f06897a9d2fce1a1875edfd1f60b5689e04881be465cc788757eeddd9037dd4b378d083bcf8619a1a42426ca2ff1f246c618177405dbb199b95,,07/09/2025 07:01:00 PM,30,NO CONTROLS,NO CONTROLS,CLEAR,DAYLIGHT,PEDALCYCLIST,DIVIDED - W/MEDIAN (NOT RAISED),,STRAIGHT AND LEVEL,DRY,NO DEFECTS,ON SCENE,NO INJURY / DRIVE AWAY,,,,$500 OR LESS,07/09/2025 07:01:00 PM,FAILING TO YIELD RIGHT-OF-WAY,FAILING TO YIELD RIGHT-OF-WAY,1033,W,BELMONT AVE,1933,,,,,,,2,NO INDICATION OF INJURY,0,0,0,0,0,2,0,19,4,7,41.9397813941,-87.655379725,POINT (-87.655379725004 41.939781394065)
65892c52e0f7b001f4c83778a20cd2157ac0b5cb4f440862095da91ead3e059b2502279db8e9104e2ee688091cb264168403b733e96a969dfca49095394a5f19,,07/09/2025 06:45:00 PM,30,TRAFFIC SIGNAL,FUNCTIONING PROPERLY,CLEAR,DAYLIGHT,TURNING,NOT DIVIDED,,STRAIGHT AND LEVEL,DRY,NO DEFECTS,NOT ON SCENE (DESK REPORT),NO INJURY / DRIVE AWAY,Y,,Y,$500 OR LESS,07/10/2025 10:20:00 AM,UNABLE TO DETERMINE,IMPROPER TURNING/NO SIGNAL,800,W,CHICAGO AVE,1213,,,,,,,2,NO INDICATION OF INJURY,0,0,0,0,0,2,0,18,4,7,41.8965092929,-87.6477558272,POINT (-87.647755827185 41.896509292938)
cf030d375535bbdef90543e17905906e8e6db4e13798f8963929d8add0f73f68a2f2b3e5bbb1cb8b1e6593c7114ee2ba7324acea730c256997ae3dbbe4205530,,07/09/2025 06:38:00 PM,30,NO CONTROLS,NO CONTROLS,CLEAR,DAYLIGHT,SIDESWIPE SAME DIRECTION,DIVIDED - W/MEDIAN BARRIER,,STRAIGHT AND LEVEL,DRY,NO DEFECTS,ON SCENE,NO INJURY / DRIVE AWAY,,,,"OVER $1,500",07/09/2025 06:39:00 PM,UNABLE TO DETERMINE,UNABLE TO DETERMINE,1131,S,MICHIGAN AVE,114,,,,,,,2,NO INDICATION OF INJURY,0,0,0,0,0,2,0,18,4,7,41.868309142,-87.6239593991,POINT (-87.623959399091 41.86830914197)
68bca64f26a7772e6b096a85a20738ceb55ccb4117454314fa512c6a099a438dc8168019a80df1abb5804a9aa33bbbd0769350258ff9542e2eaa3cfa0df5e257,,07/09/2025 06:33:00 PM,25,NO CONTROLS,NO CONTROLS,CLEAR,DAYLIGHT,PARKED MOTOR VEHICLE,NOT DIVIDED,,STRAIGHT AND LEVEL,DRY,NO DEFECTS,ON SCENE,NO INJURY / DRIVE AWAY,,,Y,$500 OR LESS,07/09/2025 06:39:00 PM,UNABLE TO DETERMINE,UNABLE TO DETERMINE,2341,N,SHEFFIELD AVE,1812,,,,,,,2,NO INDICATION OF INJURY,0,0,0,0,0,1,0,18,4,7,41.9247818423,-87.6534403512,POINT (-87.65344035118 41.924781842349)
7dab17e452a01c78b8a610153120506cf1af6cf8adc95b5a5c16abade90ee8ee2adf7b32e81bdb7a8a85e336af26af7cadd7caaa9781b4ac3979b0705f14a4c7,,07/09/2025 06:30:00 PM,25,NO CONTROLS,NO CONTROLS,CLEAR,DAYLIGHT,PARKED MOTOR VEHICLE,ONE-WAY,,STRAIGHT AND LEVEL,DRY,UNKNOWN,NOT ON SCENE (DESK REPORT),NO INJURY / DRIVE AWAY,,,,"OVER $1,500",07/09/2025 07:25:00 PM,UNABLE TO DETERMINE,UNABLE TO DETERMINE,2803,S,TRUMBULL AVE,1032,,,,,,,2,NO INDICATION OF INJURY,0,0,0,0,0,1,0,18,4,7,41.8406327329,-87.7108793723,POINT (-87.710879372278 41.840632732878)
03c2b050042bf72325775dd840b5c72f9a5b1917a59f307161b81bdd40e95134727204a4b32b6d1ef06da0f5251fe4e76cad411657e4088d28884bd883c897d4,,07/09/2025 06:26:00 PM,30,TRAFFIC SIGNAL,FUNCTIONING PROPERLY,CLOUDY/OVERCAST,DAYLIGHT,FIXED OBJECT,DIVIDED - W/MEDIAN BARRIER,,STRAIGHT AND LEVEL,WET,NO DEFECTS,ON SCENE,INJURY AND / OR TOW DUE TO CRASH,,,,"OVER $1,500",07/09/2025 06:33:00 PM,UNABLE TO DETERMINE,UNABLE TO DETERMINE,8600,S,SOUTH CHICAGO AVE,412,,,,,,,1,NO INDICATION OF INJURY,0,0,0,0,0,1,0,18,4,7,41.7386880108,-87.5679824691,POINT (-87.567982469052 41.738688010845)
75875e098d9e4d4d2bb990ad84ad50af6d142b313418b8fb71f374b5497726666ce8c688ac423442f38ba3baf8f8e79731529b52511e983b4497db9a49b129d9,,07/09/2025 06:25:00 PM,30,NO CONTROLS,NO CONTROLS,CLEAR,DAYLIGHT,SIDESWIPE SAME DIRECTION,NOT DIVIDED,,STRAIGHT AND LEVEL,DRY,NO DEFECTS,ON SCENE,NO INJURY / DRIVE AWAY,,,,"OVER $1,500",07/09/2025 06:27:00 PM,IMPROPER OVERTAKING/PASSING,UNABLE TO DETERMINE,4533,N,SHERIDAN RD,1914,Y,,,,,,2,NO INDICATION OF INJURY,0,0,0,0,0,2,0,18,4,7,41.9646620401,-87.6546333588,POINT (-87.654633358842 41.964662040054)
179ecde1e8c5582843b07120e7bcd170272570034ed4da8c3bf61db1a9243ba06dd92c8c701fc83c79d80bbe49bac05a6e1ffa6fb3c802a78bac423ef5c54420,,07/09/2025 06:24:00 PM,35,NO CONTROLS,NO CONTROLS,CLEAR,DAYLIGHT,TURNING,DIVIDED - W/MEDIAN (NOT RAISED),,STRAIGHT AND LEVEL,DRY,UNKNOWN,ON SCENE,NO INJURY / DRIVE AWAY,,,,"OVER $1,500",07/09/2025 06:57:00 PM,FAILING TO YIELD RIGHT-OF-WAY,IMPROPER TURNING/NO SIGNAL,8639,S,KEDZIE AVE,835,,,,,,,2,NO INDICATION OF INJURY,0,0,0,0,0,2,0,18,4,7,41.7358177073,-87.7018844044,POINT (-87.701884404356 41.73581770726)
7ffa077a01ee927e88f464cf08ce48d5b43eea06c0dccf87094551acf497f118f1262e931098f69fa7a8dbb15527b6528b43abff361c47b716dc4ce7c369faa9,,07/09/2025 06:22:00 PM,35,NO CONTROLS,FUNCTIONING PROPERLY,CLEAR,DAYLIGHT,PARKED MOTOR VEHICLE,ONE-WAY,,STRAIGHT AND LEVEL,DRY,NO DEFECTS,NOT ON SCENE (DESK REPORT),NO INJURY / DRIVE AWAY,,,,"$501 - $1,500",07/09/2025 07:15:00 PM,FOLLOWING TOO CLOSELY,FOLLOWING TOO CLOSELY,499,W,JACKSON BLVD,121,,,,,,,2,NO INDICATION OF INJURY,0,0,0,0,0,1,0,18,4,7,41.8779358798,-87.6394947011,POINT (-87.639494701062 41.877935879794)
770c64ad9bd2abe76b11541970fb4445ef56603f8a180cfe717bd2f2dbfdf5904e98f87063b5f94d32e322cda9a5cad786946263714d88307fee3324330b0f53,,07/09/2025 06:20:00 PM,25,NO CONTROLS,NO CONTROLS,CLEAR,DAYLIGHT,PARKED MOTOR VEHICLE,NOT DIVIDED,,STRAIGHT AND LEVEL,DRY,NO DEFECTS,NOT ON SCENE (DESK REPORT),NO INJURY / DRIVE AWAY,,,Y,"OVER $1,500",07/09/2025 06:20:00 PM,UNABLE TO DETERMINE,UNABLE TO DETERMINE,2812,W,WILSON AVE,1713,,,,,,,2,NO INDICATION OF INJURY,0,0,0,0,0,1,0,18,4,7,41.9648813862,-87.6992024668,POINT (-87.699202466758 41.964881386192)
a0d9b9d0e3269aee406aa1d0b02253548c6bbdff942a5cc20a9668c89e1a8e94c0932bd70cdd93d1dddbe6277993726ffb3fd373ae29b2ab367e7b2f796c25d4,,07/09/2025 06:16:00 PM,30,NO CONTROLS,NO CONTROLS,CLEAR,DAYLIGHT,SIDESWIPE SAME DIRECTION,NOT DIVIDED,,STRAIGHT AND LEVEL,DRY,NO DEFECTS,NOT ON SCENE (DESK REPORT),NO INJURY / DRIVE AWAY,,,Y,"OVER $1,500",07/10/2025 08:30:00 AM,UNABLE TO DETERMINE,FOLLOWING TOO CLOSELY,4545,N,SHERIDAN RD,1914,,,,,,,2,NO INDICATION OF INJURY,0,0,0,0,0,2,0,18,4,7,41.9649938751,-87.6546347093,POINT (-87.654634709348 41.964993875148)
8a57f0022abbdf8db0fee5487e225b7331b7c92c2081ab3ba744683ac57df2039bea62faf8b209496797c49b1b73c807be14e20093e11e353b84bc708e371e25,,07/09/2025 06:15:00 PM,35,TRAFFIC SIGNAL,FUNCTIONING PROPERLY,UNKNOWN,DUSK,SIDESWIPE SAME DIRECTION,ONE-WAY,,STRAIGHT AND LEVEL,UNKNOWN,UNKNOWN,NOT ON SCENE (DESK REPORT),NO INJURY / DRIVE AWAY,,,,"OVER $1,500",07/09/2025 08:01:00 PM,FAILING TO YIELD RIGHT-OF-WAY,NOT APPLICABLE,1200,S,MICHIGAN AVE,131,,,,,,,2,NO INDICATION OF INJURY,0,0,0,0,0,2,0,18,4,7,41.867377773,-87.6242830157,POINT (-87.624283015693 41.867377772988)
bd1147ec65ba1fec41d8a97fb61097915bd0c818fd6ea5fb7299fcdaebf203865218270b59dc8c491b0df9af615b52ac9226fe3fe4fbcdcf99b5c73d45408fc0,,07/09/2025 06:15:00 PM,30,TRAFFIC SIGNAL,UNKNOWN,CLEAR,DAYLIGHT,TURNING,FOUR WAY,,STRAIGHT AND LEVEL,DRY,UNKNOWN,ON SCENE,NO INJURY / DRIVE AWAY,Y,,Y,"OVER $1,500",07/09/2025 06:16:00 PM,FAILING TO YIELD RIGHT-OF-WAY,IMPROPER OVERTAKING/PASSING,1001,N,LARAMIE AVE,1531,,,,,,,2,NO INDICATION OF INJURY,0,0,0,0,0,2,0,18,4,7,41.898675904,-87.755544326,POINT (-87.755544326025 41.898675903994)
830dd7cd0ece3a964c0efa29ae52fb7fdf023bb4b87711cddb319335d0b8647b8091bcb8d7a1af165dbb767ee3b33034ebc12c9c56f26cd5d094b5a1898a41e0,,07/09/2025 06:13:00 PM,30,NO CONTROLS,UNKNOWN,CLEAR,DAYLIGHT,PARKED MOTOR VEHICLE,NOT DIVIDED,,STRAIGHT AND LEVEL,DRY,UNKNOWN,ON SCENE,INJURY AND / OR TOW DUE TO CRASH,,,Y,"OVER $1,500",07/09/2025 06:16:00 PM,UNABLE TO DETERMINE,UNABLE TO DETERMINE,448,E,83RD ST,631,,,,,,,2,NO INDICATION OF INJURY,0,0,0,0,0,1,0,18,4,7,41.7439536575,-87.6126678861,POINT (-87.612667886074 41.743953657548)
dab44097c38b4aa3ac8a23d7192dc9d17bd62e21973ffde4d9ee2269e8b1886a05ae0d236d8760052408f88cb52e8081fcd34d299d7d22f5ecc1c01a3bd49db9,,07/09/2025 06:07:00 PM,30,NO CONTROLS,NO CONTROLS,CLEAR,DAYLIGHT,REAR END,NOT DIVIDED,,STRAIGHT AND LEVEL,DRY,NO DEFECTS,NOT ON SCENE (DESK REPORT),NO INJURY / DRIVE AWAY,,,Y,"OVER $1,500",07/09/2025 06:41:00 PM,FOLLOWING TOO CLOSELY,NOT APPLICABLE,5500,S,CICERO AVE,813,,,,,,,2,NO INDICATION OF INJURY,0,0,0,0,0,2,0,18,4,7,41.7929108835,-87.742077343,POINT (-87.742077342959 41.792910883497)
1cbef3286a5c70fc47a9102dd5da430b5573614b2373070f7df9e8a45ff8b028d49ce947ba04500afab5b3d3fcf256f2fb7a24c0c97d1884059aee66321b5912,,07/09/2025 06:00:00 PM,30,TRAFFIC SIGNAL,FUNCTIONING PROPERLY,CLEAR,DAYLIGHT,ANGLE,FOUR WAY,,STRAIGHT AND LEVEL,DRY,NO DEFECTS,NOT ON SCENE (DESK REPORT),NO INJURY / DRIVE AWAY,,,Y,"OVER $1,500",07/09/2025 07:00:00 PM,UNABLE TO DETERMINE,UNABLE TO DETERMINE,6300,S,MAY ST,724,,,,,,,2,NO INDICATION OF INJURY,0,0,0,0,0,2,0,18,4,7,41.779535269,-87.6534324126,POINT (-87.653432412628 41.779535269017)
b8722be67ad4871bb90e6d9065e879c343559dc054ac20ed1367e5db40f62fa026d111f9a44bcb0c9173510dca0696b64dc40685dc16fb10e70bcce6c95e33eb,,07/09/2025 05:54:00 PM,25,STOP SIGN/FLASHER,FUNCTIONING PROPERLY,CLEAR,DAYLIGHT,ANGLE,FOUR WAY,,STRAIGHT AND LEVEL,DRY,NO DEFECTS,ON SCENE,INJURY AND / OR TOW DUE TO CRASH,Y,,,"$501 - $1,500",07/09/2025 05:54:00 PM,FAILING TO YIELD RIGHT-OF-WAY,UNABLE TO DETERMINE,3100,W,DOUGLAS BLVD,1022,,,,,,,2,NONINCAPACITATING INJURY,2,0,0,1,1,0,0,17,4,7,41.8631076198,-87.7031169352,POINT (-87.703116935151 41.863107619824)
32aa52642721c46045cb28fa604ebbde7328b45ff42924ef53f53fbfeb5bb65b15d5c5ba5c75389f3dc94ed6f99140cd9e50d77a0286b8aa53cae4ab575f2bc5,,07/09/2025 05:50:00 PM,30,NO CONTROLS,NO CONTROLS,CLEAR,DAYLIGHT,SIDESWIPE SAME DIRECTION,NOT DIVIDED,,STRAIGHT AND LEVEL,DRY,NO DEFECTS,NOT ON SCENE (DESK REPORT),NO INJURY / DRIVE AWAY,,,,"$501 - $1,500",07/09/2025 06:42:00 PM,UNABLE TO DETERMINE,UNABLE TO DETERMINE,1150,S,MICHIGAN AVE,123,,,,,,,2,NO INDICATION OF INJURY,0,0,0,0,0,2,0,17,4,7,41.8677586436,-87.6242567036,POINT (-87.624256703554 41.867758643603)