CRASH_RECORD_ID,CRASH_DATE_EST_I,CRASH_DATE,POSTED_SPEED_LIMIT,TRAFFIC_CONTROL_DEVICE,DEVICE_CONDITION,WEATHER_CONDITION,LIGHTING_CONDITION,FIRST_CRASH_TYPE,TRAFFICWAY_TYPE,LANE_CNT,ALIGNMENT,ROADWAY_SURFACE_COND,ROAD_DEFECT,REPORT_TYPE,CRASH_TYPE,INTERSECTION_RELATED_I,NOT_RIGHT_OF_WAY_I,HIT_AND_RUN_I,DAMAGE,DATE_POLICE_NOTIFIED,PRIM_CONTRIBUTORY_CAUSE,SEC_CONTRIBUTORY_CAUSE,STREET_NO,STREET_DIRECTION,STREET_NAME,BEAT_OF_OCCURRENCE,PHOTOS_TAKEN_I,STATEMENTS_TAKEN_I,DOORING_I,WORK_ZONE_I,WORK_ZONE_TYPE,WORKERS_PRESENT_I,NUM_UNITS,MOST_SEVERE_INJURY,INJURIES_TOTAL,INJURIES_FATAL,INJURIES_INCAPACITATING,INJURIES_NON_INCAPACITATING,INJURIES_REPORTED_NOT_EVIDENT,INJURIES_NO_INDICATION,INJURIES_UNKNOWN,CRASH_HOUR,CRASH_DAY_OF_WEEK,CRASH_MONTH,LATITUDE,LONGITUDE,LOCATION
e3fd3dd1ded1463e079081ed863ec8a5a2777a41094a7b0bfd385519b80441b60ff1c866294fb364261d65c9e7e0dd11ec60e0f40f219dc82a73e1665cd2b694,,07/09/2025 05:50:00 PM,30,TRAFFIC SIGNAL,FUNCTIONING PROPERLY,CLEAR,DAYLIGHT,SIDESWIPE SAME DIRECTION,DIVIDED - W/MEDIAN (NOT RAISED),,STRAIGHT AND LEVEL,UNKNOWN,UNKNOWN,NOT ON SCENE (DESK REPORT),NO INJURY / DRIVE AWAY,,,,$500 OR LESS,07/10/2025 07:30:00 AM,FAILING TO YIELD RIGHT-OF-WAY,UNABLE TO DETERMINE,808,S,MICHIGAN AVE,123,,,,,,,3,NO INDICATION OF INJURY,0,0,0,0,0,2,0,17,4,7,41.8717175481,-87.6243127769,POINT (-87.624312776897 41.87171754808)
97d13d861a00eebf9f7bf81bcecda96117a0ca1886c25f55384995e7e63f93ae6f60254c66b28f52a7cbbba228e9a1dc960db268ef86110a252f8f7661aa4c27,,07/09/2025 05:45:00 PM,30,NO CONTROLS,NO CONTROLS,CLEAR,DAYLIGHT,TURNING,NOT DIVIDED,,STRAIGHT AND LEVEL,DRY,NO DEFECTS,NOT ON SCENE (DESK REPORT),NO INJURY / DRIVE AWAY,,,,"OVER $1,500",07/09/2025 06:40:00 PM,FAILING TO YIELD RIGHT-OF-WAY,UNABLE TO DETERMINE,1944,N,NARRAGANSETT AVE,2513,,,,,,,2,NO INDICATION OF INJURY,0,0,0,0,0,3,0,17,4,7,41.9159250004,-87.7853660031,POINT (-87.785366003142 41.915925000361)
f99f3b10028355adbe4f0e7825e3925223e89d92eb08686ed84e1ad0858562d6c1e9bf1a3986efb39b031d4f501fd6286032fb47910390b87e72f923fff264af,,07/09/2025 05:40:00 PM,30,NO CONTROLS,NO CONTROLS,CLEAR,DAYLIGHT,PEDALCYCLIST,NOT DIVIDED,,STRAIGHT AND LEVEL,DRY,NO DEFECTS,ON SCENE,INJURY AND / OR TOW DUE TO CRASH,,,,"OVER $1,500",07/09/2025 05:44:00 PM,IMPROPER OVERTAKING/PASSING,FAILING TO YIELD RIGHT-OF-WAY,1545,N,WELLS ST,1821,,,Y,,,,2,NONINCAPACITATING INJURY,1,0,0,1,0,1,0,17,4,7,41.9104628307,-87.6345418583,POINT (-87.634541858328 41.910462830722)
b4fe8d442122fc65bf1c5d81392460720e2c38ef526b4ca4ad6ba26505a808a25756125c9c566e28aae8612921c76081926b70f24918c1840cb78de2d9481688,Y,07/09/2025 05:38:00 PM,5,NO CONTROLS,NO CONTROLS,CLEAR,DAYLIGHT,FIXED OBJECT,PARKING LOT,,STRAIGHT AND LEVEL,DRY,UNKNOWN,ON SCENE,NO INJURY / DRIVE AWAY,,Y,,"OVER $1,500",07/09/2025 05:41:00 PM,DRIVING SKILLS/KNOWLEDGE/EXPERIENCE,UNABLE TO DETERMINE,3301,W,48TH PL,821,,,,,,,1,NO INDICATION OF INJURY,0,0,0,0,0,1,0,17,4,7,41.8055445704,-87.706450983,POINT (-87.706450983015 41.80554457043)
686b988523f641e36572710686f7d495ea9e2d886bd761b267183f2edebb5c93560423bb2194b6d0a48eac46ddce4bc81ef4958c17b6edb45be6160ed7a4d4d2,,07/09/2025 05:35:00 PM,35,NO CONTROLS,NO CONTROLS,CLEAR,DAYLIGHT,SIDESWIPE OPPOSITE DIRECTION,DIVIDED - W/MEDIAN (NOT RAISED),,STRAIGHT AND LEVEL,DRY,NO DEFECTS,ON SCENE,INJURY AND / OR TOW DUE TO CRASH,,,,"$501 - $1,500",07/09/2025 05:35:00 PM,IMPROPER OVERTAKING/PASSING,IMPROPER OVERTAKING/PASSING,416,S,KEDZIE AVE,1134,,,,,,,3,NONINCAPACITATING INJURY,1,0,0,1,0,2,0,17,4,7,41.8754114718,-87.7061138158,POINT (-87.706113815795 41.87541147179)
d8ff22997b30dfabaa592cbcb4694908eaea606ee932fb5c2d377e294fa573aad3ab893ae2dcd3bbf540ed4a7109e2313b5b525eb049ed93f04b896b74b7992c,,07/09/2025 05:35:00 PM,30,TRAFFIC SIGNAL,FUNCTIONING PROPERLY,CLEAR,DAYLIGHT,REAR END,DIVIDED - W/MEDIAN (NOT RAISED),,STRAIGHT AND LEVEL,DRY,NO DEFECTS,NOT ON SCENE (DESK REPORT),NO INJURY / DRIVE AWAY,,,,"$501 - $1,500",07/09/2025 07:00:00 PM,FAILING TO REDUCE SPEED TO AVOID CRASH,UNABLE TO DETERMINE,3145,N,HARLEM AVE,2511,,,,,,,2,NO INDICATION OF INJURY,0,0,0,0,0,2,0,17,4,7,41.9377411931,-87.806591369,POINT (-87.806591369005 41.937741193086)
2e266bc547dff21f3bf1f74a29006f01d5c5036e38545a495b197da3f5c910045afc54c3e7e681aad75f015cd633f1e2d01e91fc7dd6114b9fe6ded4288f5f5f,,07/09/2025 05:30:00 PM,30,NO CONTROLS,NO CONTROLS,CLEAR,DAYLIGHT,SIDESWIPE SAME DIRECTION,NOT DIVIDED,,STRAIGHT AND LEVEL,DRY,NO DEFECTS,NOT ON SCENE (DESK REPORT),NO INJURY / DRIVE AWAY,,,,"$501 - $1,500",07/09/2025 06:10:00 PM,IMPROPER LANE USAGE,UNABLE TO DETERMINE,3349,N,CICERO AVE,1731,,,,,,,2,NO INDICATION OF INJURY,0,0,0,0,0,2,0,17,4,7,41.9421398154,-87.7468090614,POINT (-87.746809061406 41.942139815363)
318de679651084f95dec5c24410b418b890b16ce2e707c9821da23bab1a3e827d66f10029f226ba9c11b8189711fb131a7554816e54a3e77b1045d40318c51b4,,07/09/2025 05:30:00 PM,30,STOP SIGN/FLASHER,FUNCTIONING PROPERLY,CLEAR,DAYLIGHT,REAR END,NOT DIVIDED,,STRAIGHT AND LEVEL,DRY,NO DEFECTS,NOT ON SCENE (DESK REPORT),NO INJURY / DRIVE AWAY,,,,"OVER $1,500",07/09/2025 06:22:00 PM,IMPROPER BACKING,NOT APPLICABLE,6059,S,WHIPPLE ST,823,,,,,,,2,NO INDICATION OF INJURY,0,0,0,0,0,2,0,17,4,7,41.7827577211,-87.699443562,POINT (-87.699443561956 41.782757721053)
44c968820ee1e19b68bf505478f54ef2db803f17c4f079907a120bf823dbee310f531a299eada26f5fc29c974fe335be43234d22d6a001a24e501ac791041807,,07/09/2025 05:30:00 PM,35,TRAFFIC SIGNAL,FUNCTIONING PROPERLY,CLEAR,DAYLIGHT,REAR END,DIVIDED - W/MEDIAN (NOT RAISED),,STRAIGHT AND LEVEL,DRY,NO DEFECTS,NOT ON SCENE (DESK REPORT),NO INJURY / DRIVE AWAY,,,Y,"OVER $1,500",07/09/2025 05:50:00 PM,FOLLOWING TOO CLOSELY,UNABLE TO DETERMINE,7128,S,LAFAYETTE AVE,731,,,,,,,2,NO INDICATION OF INJURY,0,0,0,0,0,2,0,17,4,7,41.7644978704,-87.62666738,POINT (-87.626667379955 41.764497870377)
d0035591e89a6fae2d03f2b6eb7b30467f5b9adc31101e990658d84a10b00951258e6043fb2caff71e6dd36ac594de9f600c38b741d66cdcd9b7ac8e5003022f,,07/09/2025 05:30:00 PM,30,TRAFFIC SIGNAL,FUNCTIONING PROPERLY,CLEAR,DAYLIGHT,TURNING,T-INTERSECTION,,STRAIGHT AND LEVEL,DRY,NO DEFECTS,ON SCENE,INJURY AND / OR TOW DUE TO CRASH,Y,,,"OVER $1,500",07/09/2025 05:30:00 PM,UNABLE TO DETERMINE,NOT APPLICABLE,101,E,63RD ST,312,,,,,,,2,NONINCAPACITATING INJURY,1,0,0,1,0,4,0,17,4,7,41.7799272835,-87.6218933645,POINT (-87.621893364526 41.779927283545)
05f923f56e2c0be6cd7bfceab6a0821945fa92c0f8928e7746af7b6086f6734eea505eaed015db24693503e53e9cc4ec3d9d1441450149e1023eb2126155944a,,07/09/2025 05:29:00 PM,30,NO CONTROLS,NO CONTROLS,CLEAR,DAYLIGHT,TURNING,DIVIDED - W/MEDIAN BARRIER,,STRAIGHT AND LEVEL,DRY,NO DEFECTS,ON SCENE,NO INJURY / DRIVE AWAY,,,,"OVER $1,500",07/09/2025 05:33:00 PM,NOT APPLICABLE,NOT APPLICABLE,9205,S,WESTERN AVE,2221,,,,,,,2,NO INDICATION OF INJURY,0,0,0,0,0,2,0,17,4,7,41.726167541,-87.6820815598,POINT (-87.682081559827 41.726167540952)
0bd91c0a59753b10fc1f0e0111e10e85c5b0b3115787740ef398fff3d07922dc8ef3b5d22f83994cc33a58fdf32df66dd4e81634434849e95daebc0d340d90f9,,07/09/2025 05:29:00 PM,30,TRAFFIC SIGNAL,FUNCTIONING PROPERLY,CLEAR,DAYLIGHT,OTHER OBJECT,DIVIDED - W/MEDIAN (NOT RAISED),,STRAIGHT AND LEVEL,DRY,NO DEFECTS,ON SCENE,NO INJURY / DRIVE AWAY,,,,$500 OR LESS,07/09/2025 05:29:00 PM,FAILING TO YIELD RIGHT-OF-WAY,NOT APPLICABLE,600,S,RACINE AVE,1231,,,,,,,2,NO INDICATION OF INJURY,0,0,0,0,0,6,0,17,4,7,41.8742301556,-87.6569662447,POINT (-87.656966244668 41.874230155606)
fba305de0d38d06cd76a0c1e3a264550d0e5b5d9210c01d4f4e91ad2b50623306a80722ed8f2db4679441217bfe5825486269c00ab69271394d278558fea1984,,07/09/2025 05:21:00 PM,30,STOP SIGN/FLASHER,FUNCTIONING PROPERLY,CLEAR,DAYLIGHT,PEDESTRIAN,FOUR WAY,,STRAIGHT AND LEVEL,DRY,NO DEFECTS,NOT ON SCENE (DESK REPORT),NO INJURY / DRIVE AWAY,,,,$500 OR LESS,07/10/2025 08:40:00 PM,UNABLE TO DETERMINE,NOT APPLICABLE,225,N,WABASH AVE,111,,,,,,,2,NO INDICATION OF INJURY,0,0,0,0,0,2,0,17,4,7,41.8864243326,-87.6261682817,POINT (-87.626168281709 41.886424332564)
a2d57a976253eec89e067f27dcfc791118886f1bad5ce175497c35a5e7abe42c81c4330518d243a17fd88a1436bba051571cf4908741ef2c7abf16eb747e6abd,,07/09/2025 05:16:00 PM,30,UNKNOWN,NO CONTROLS,CLEAR,DAYLIGHT,SIDESWIPE SAME DIRECTION,NOT DIVIDED,,STRAIGHT AND LEVEL,DRY,NO DEFECTS,NOT ON SCENE (DESK REPORT),NO INJURY / DRIVE AWAY,,,Y,"OVER $1,500",07/09/2025 05:19:00 PM,NOT APPLICABLE,NOT APPLICABLE,4303,S,STATE ST,215,,,,,,,2,NO INDICATION OF INJURY,0,0,0,0,0,2,0,17,4,7,41.8163476502,-87.6261169703,POINT (-87.626116970294 41.816347650215)
d461fe9fa8fb3b7907fb625818a5b46438994c2f759210e74f9922732c3228bd29fe04b2c69faf32f249f4c7cfdb011e6a1c222b1c9328ce6b621bc3adecc675,,07/09/2025 05:16:00 PM,25,NO CONTROLS,NO CONTROLS,CLEAR,DAYLIGHT,TURNING,DIVIDED - W/MEDIAN (NOT RAISED),,STRAIGHT AND LEVEL,DRY,NO DEFECTS,ON SCENE,NO INJURY / DRIVE AWAY,Y,,,"OVER $1,500",07/09/2025 05:16:00 PM,IMPROPER OVERTAKING/PASSING,IMPROPER OVERTAKING/PASSING,6700,S,KENNETH AVE,833,,,,,,,2,NO INDICATION OF INJURY,0,0,0,0,0,2,0,17,4,7,41.7711530871,-87.7336894426,POINT (-87.7336894426 41.77115308707)
99a97d6cf100626770ef1f0851c22504fc15c4e86b61e0777835c0ebf62c87abe69f85237508f6ff514cf96958c43e8bfbdad83e1e014e01dd7ba00775fa0995,,07/09/2025 05:15:00 PM,30,STOP SIGN/FLASHER,NO CONTROLS,CLEAR,DAYLIGHT,ANGLE,FOUR WAY,,STRAIGHT AND LEVEL,DRY,NO DEFECTS,NOT ON SCENE (DESK REPORT),NO INJURY / DRIVE AWAY,,,,$500 OR LESS,07/09/2025 05:30:00 PM,FAILING TO YIELD RIGHT-OF-WAY,NOT APPLICABLE,2100,S,LOOMIS ST,1235,,,,,,,2,NO INDICATION OF INJURY,0,0,0,0,0,3,0,17,4,7,41.8542186439,-87.6613641868,POINT (-87.661364186835 41.854218643923)
d29d7584abb293483178ca76223edeceaffe263adb3404b7912ce8d3105862983b601c905933b1a67f73c50a354c639d4dfe75c0155887009eb0c749c17ba984,,07/09/2025 05:15:00 PM,30,TRAFFIC SIGNAL,UNKNOWN,CLEAR,DAYLIGHT,PEDESTRIAN,DIVIDED - W/MEDIAN BARRIER,,STRAIGHT AND LEVEL,DRY,UNKNOWN,NOT ON SCENE (DESK REPORT),NO INJURY / DRIVE AWAY,,,Y,"OVER $1,500",07/09/2025 05:45:00 PM,UNABLE TO DETERMINE,NOT APPLICABLE,1,W,WACKER DR,111,,,,,,,2,NO INDICATION OF INJURY,0,0,0,0,0,2,0,17,4,7,41.8867042286,-87.6280535598,POINT (-87.62805355978 41.886704228647)
df4deb88e02671fc6f340d51f0853be057f6b00dbe817d8b581ddd70bbbdca7381e2fc438f0911b0eccf0db980e8530f28a0eb436819dd528c535a8111d2c5ab,,07/09/2025 05:11:00 PM,30,STOP SIGN/FLASHER,FUNCTIONING PROPERLY,CLEAR,DAYLIGHT,OTHER OBJECT,FOUR WAY,,STRAIGHT AND LEVEL,DRY,NO DEFECTS,ON SCENE,INJURY AND / OR TOW DUE TO CRASH,Y,,,"$501 - $1,500",07/09/2025 05:16:00 PM,FAILING TO YIELD RIGHT-OF-WAY,NOT APPLICABLE,11001,S,CENTRAL PARK AVE,2211,,,,,,,2,NONINCAPACITATING INJURY,1,0,0,1,0,1,0,17,4,7,41.6931522578,-87.7104944518,POINT (-87.710494451823 41.693152257784)
7866bdf239abfddf742e684455bf41f840ca50af461e7178558a0c5efd845fdf52f4ce9fd4f1d5a6a076c6f926b08ed6c78c66d3ca7325cd36f5fdcb6e938128,,07/09/2025 05:10:00 PM,30,NO CONTROLS,NO CONTROLS,CLEAR,DAYLIGHT,REAR END,NOT DIVIDED,,STRAIGHT AND LEVEL,DRY,NO DEFECTS,NOT ON SCENE (DESK REPORT),NO INJURY / DRIVE AWAY,,,Y,"OVER $1,500",07/09/2025 06:32:00 PM,FOLLOWING TOO CLOSELY,FAILING TO REDUCE SPEED TO AVOID CRASH,4324,W,63RD ST,813,,,,,,,2,NO INDICATION OF INJURY,0,0,0,0,0,2,0,17,4,7,41.7786686511,-87.7311596466,POINT (-87.731159646576 41.778668651076)
ea4f511eb48d345542539f8100233f1e416ff914c5486a10302d48303833296cb59e5746d8ece216451f66daafa50df4a1a94dcaafd8a19275bc43180179e0da,,07/09/2025 05:10:00 PM,30,NO CONTROLS,FUNCTIONING PROPERLY,CLEAR,DAYLIGHT,PARKED MOTOR VEHICLE,ONE-WAY,,STRAIGHT AND LEVEL,DRY,NO DEFECTS,NOT ON SCENE (DESK REPORT),NO INJURY / DRIVE AWAY,,,,"OVER $1,500",07/19/2025 03:40:00 PM,UNABLE TO DETERMINE,NOT APPLICABLE,399,S,DEARBORN ST,113,,,,,,,2,NO INDICATION OF INJURY,0,0,0,0,0,2,0,17,4,7,41.8769641442,-87.6291169053,POINT (-87.629116905256 41.876964144249)
f8deda262a169441a20265fd4b50a9476d7681c63fdb8b620a6bafc989495a4a23ebb60d7c43580f16de0d5f9301708b050355650afcd2074e0f17945307e1ba,,07/09/2025 05:03:00 PM,30,NO CONTROLS,NO CONTROLS,UNKNOWN,UNKNOWN,SIDESWIPE SAME DIRECTION,ONE-WAY,,STRAIGHT AND LEVEL,UNKNOWN,UNKNOWN,NOT ON SCENE (DESK REPORT),NO INJURY / DRIVE AWAY,,,,"$501 - $1,500",07/09/2025 07:00:00 PM,UNABLE TO DETERMINE,UNABLE TO DETERMINE,666,W,RANDOLPH ST,1224,,,,,,,2,NO INDICATION OF INJURY,0,0,0,0,0,2,0,17,4,7,41.8845276458,-87.6454035649,POINT (-87.645403564858 41.884527645838)
610071e7c84d3d6bf49a79eaf65e74c5db0a9b9b107f198d0db0e918535d975d79618c5d3ac2533f5a13cd2166d0bd52bafa3e61bcfb56e03f7af4a52e281976,,07/09/2025 05:00:00 PM,25,NO CONTROLS,NO CONTROLS,CLEAR,DAYLIGHT,PEDALCYCLIST,NOT DIVIDED,,STRAIGHT AND LEVEL,DRY,NO DEFECTS,ON SCENE,INJURY AND / OR TOW DUE TO CRASH,,,,$500 OR LESS,07/09/2025 05:05:00 PM,"VISION OBSCURED (SIGNS, TREE LIMBS, BUILDINGS, ETC.)",NOT APPLICABLE,1255,N,NOBLE ST,1433,,,N,,,,2,"REPORTED, NOT EVIDENT",1,0,0,0,1,1,0,17,4,7,41.9049982782,-87.6625149061,POINT (-87.662514906123 41.904998278203)
7c11a685516506d6bc9e3689a7edb0fb66bc43d41802f389ba07dd3e37f5e0dee5713c6f6d93c7f24974301f2fa5cb5bb01cdc08d8ae52da9280ba99ab0acf0a,,07/09/2025 05:00:00 PM,30,NO CONTROLS,NO CONTROLS,CLEAR,DAYLIGHT,PARKED MOTOR VEHICLE,NOT DIVIDED,,STRAIGHT AND LEVEL,DRY,UNKNOWN,NOT ON SCENE (DESK REPORT),NO INJURY / DRIVE AWAY,,,Y,"$501 - $1,500",07/09/2025 05:30:00 PM,UNABLE TO DETERMINE,NOT APPLICABLE,1616,N,KIMBALL AVE,1422,,,,,,,2,NO INDICATION OF INJURY,0,0,0,0,0,1,0,17,4,7,41.910612804,-87.7118586522,POINT (-87.711858652221 41.910612804004)
847ea48840e512769367a2644e7a1a324187de60457d7c96034265f2daa88de99b3d72a7a96d519a79959ae081570ae69f1b23e622777c4a730c79694e824f79,,07/09/2025 05:00:00 PM,30,TRAFFIC SIGNAL,FUNCTIONING PROPERLY,UNKNOWN,UNKNOWN,REAR END,NOT DIVIDED,,STRAIGHT AND LEVEL,UNKNOWN,UNKNOWN,NOT ON SCENE (DESK REPORT),NO INJURY / DRIVE AWAY,,,,"$501 - $1,500",07/09/2025 06:15:00 PM,FAILING TO REDUCE SPEED TO AVOID CRASH,NOT APPLICABLE,2805,N,LONG AVE,2514,,,,,,,2,NO INDICATION OF INJURY,0,0,0,0,0,2,0,17,4,7,41.931503025,-87.7611938709,POINT (-87.76119387087 41.931503025044)
b6017c0aa4ad0bcd8f733bf6f8d4d1a08c8361b5fb4b740acd1ddd7b01fb008af5dfec34af28a949e423113a97845f9699fbb953c35b75210a02e84f4dfd613c,,07/09/2025 05:00:00 PM,30,STOP SIGN/FLASHER,FUNCTIONING PROPERLY,CLEAR,DAYLIGHT,TURNING,FOUR WAY,,STRAIGHT AND LEVEL,DRY,NO DEFECTS,NOT ON SCENE (DESK REPORT),NO INJURY / DRIVE AWAY,Y,,,"OVER $1,500",07/09/2025 07:40:00 PM,IMPROPER OVERTAKING/PASSING,FOLLOWING TOO CLOSELY,2900,N,NARRAGANSETT AVE,2511,,,,,,,2,NO INDICATION OF INJURY,0,0,0,0,0,2,0,17,4,7,41.9329204246,-87.7859006894,POINT (-87.785900689402 41.932920424589)
6ba095741ff825d3580cc2a949f0468d2b54637fac548f25f4a48a95053fc32d00be4dd6baa79c724c6a995c669ad59f3ba0caae90bcd2bc5915fc362d1ebea7,,07/09/2025 04:55:00 PM,30,NO CONTROLS,NO CONTROLS,CLEAR,DAYLIGHT,TURNING,NOT DIVIDED,,STRAIGHT AND LEVEL,DRY,UNKNOWN,ON SCENE,NO INJURY / DRIVE AWAY,,,Y,"OVER $1,500",07/09/2025 05:04:00 PM,FAILING TO YIELD RIGHT-OF-WAY,NOT APPLICABLE,1122,W,HOLLYWOOD AVE,2022,,,,,,,2,NO INDICATION OF INJURY,0,0,0,0,0,3,0,16,4,7,41.9855757117,-87.6590629293,POINT (-87.659062929257 41.98557571165)
14eff795f191a2b603ade711a5a7a05e7f52cb8c8bef55030ba57f399cc79adcafb04cd6c23aec693f987a4f45c11085dfa4920774998b86bf43d0bb348faf4d,,07/09/2025 04:53:00 PM,25,UNKNOWN,UNKNOWN,CLEAR,DAYLIGHT,TURNING,ONE-WAY,,STRAIGHT AND LEVEL,DRY,UNKNOWN,,NO INJURY / DRIVE AWAY,,,,"OVER $1,500",07/09/2025 07:30:00 PM,UNABLE TO DETERMINE,UNABLE TO DETERMINE,3150,N,HAMLIN AVE,2523,,,,,,,2,NO INDICATION OF INJURY,0,0,0,0,0,2,0,16,4,7,41.9388625341,-87.7220072258,POINT (-87.72200722579 41.938862534114)
bd4534815cc561f03734616a080d7d2ac2327117ecc6d7d1efbf25ec0c93865cd885e8602c1c945d2a7f6d91ef8b9c1921b88317ca829ec8a4ece1b36fcb920e,,07/09/2025 04:50:00 PM,30,TRAFFIC SIGNAL,FUNCTIONING PROPERLY,CLEAR,DAYLIGHT,ANGLE,DIVIDED - W/MEDIAN (NOT RAISED),,STRAIGHT AND LEVEL,DRY,NO DEFECTS,ON SCENE,INJURY AND / OR TOW DUE TO CRASH,Y,,,"OVER $1,500",07/09/2025 04:51:00 PM,DRIVING SKILLS/KNOWLEDGE/EXPERIENCE,UNABLE TO DETERMINE,5667,S,ARCHER AVE,814,,,,,,,3,"REPORTED, NOT EVIDENT",1,0,0,0,1,5,0,16,4,7,41.797097715,-87.7526712428,POINT (-87.752671242769 41.797097715037)
73f92c1ec858da88adf88c23d43eeb241c70923085479d46ed56d26867ca71671a9a154376ed8eed3b050a5b497cf65b8c089aa97d0f6e63c853c6f80cc99205,,07/09/2025 04:47:00 PM,30,NO CONTROLS,NO CONTROLS,UNKNOWN,UNKNOWN,SIDESWIPE SAME DIRECTION,ONE-WAY,,STRAIGHT AND LEVEL,UNKNOWN,UNKNOWN,NOT ON SCENE (DESK REPORT),NO INJURY / DRIVE AWAY,,,,"$501 - $1,500",07/09/2025 05:25:00 PM,FAILING TO YIELD RIGHT-OF-WAY,NOT APPLICABLE,1651,N,MELVINA AVE,2513,,,,,,,2,NO INDICATION OF INJURY,0,0,0,0,0,2,0,16,4,7,41.910706947,-87.7800102295,POINT (-87.780010229539 41.910706947029)
a0f48147145130c3545ffa8fddd8986f9ec60de995f071e5de8654585c8467fed259b569a52351606c1055547c02a119a2a8cb89d7efca2636290b8eeb7bcca4,,07/09/2025 04:46:00 PM,30,NO CONTROLS,NO CONTROLS,UNKNOWN,DAYLIGHT,PARKED MOTOR VEHICLE,DIVIDED - W/MEDIAN (NOT RAISED),,STRAIGHT AND LEVEL,UNKNOWN,UNKNOWN,NOT ON SCENE (DESK REPORT),NO INJURY / DRIVE AWAY,,,,"$501 - $1,500",07/09/2025 06:00:00 PM,UNABLE TO DETERMINE,NOT APPLICABLE,2629,W,DEVON AVE,2413,,,,,,,2,NO INDICATION OF INJURY,0,0,0,0,0,4,0,16,4,7,41.997516438,-87.6959221101,POINT (-87.695922110082 41.997516437974)
658534af2981cb9b47a86d232c948b30ee9c7d122f5c837dedc093f0ea2fba47161a714988c0621ea074c00de44bf094e7cdbbc1edf004cfdb37cb094089b2d4,,07/09/2025 04:45:00 PM,30,NO CONTROLS,NO CONTROLS,CLEAR,DAYLIGHT,SIDESWIPE SAME DIRECTION,DIVIDED - W/MEDIAN (NOT RAISED),,STRAIGHT AND LEVEL,DRY,NO DEFECTS,NOT ON SCENE (DESK REPORT),NO INJURY / DRIVE AWAY,,,Y,"OVER $1,500",07/10/2025 12:20:00 PM,FAILING TO YIELD RIGHT-OF-WAY,FAILING TO YIELD RIGHT-OF-WAY,1640,W,18TH ST,1234,,,,,,,2,NO INDICATION OF INJURY,0,0,0,0,0,3,0,16,4,7,41.8578765402,-87.6678994187,POINT (-87.667899418719 41.857876540178)
88b7ce207b3de09f72215af7fd02b0781d078d1a36b9b5add7a4ed428220d4b126a6d9ea67fe5035e282f3bb668a512140478d526ffb5585df00b84706aea9d9,,07/09/2025 04:45:00 PM,35,TRAFFIC SIGNAL,FUNCTIONING PROPERLY,CLEAR,DAYLIGHT,TURNING,FOUR WAY,,STRAIGHT AND LEVEL,DRY,WORN SURFACE,NOT ON SCENE (DESK REPORT),NO INJURY / DRIVE AWAY,,,Y,$500 OR LESS,07/09/2025 06:15:00 PM,UNABLE TO DETERMINE,UNABLE TO DETERMINE,2399,W,71ST ST,832,,,,,,,2,NO INDICATION OF INJURY,0,0,0,0,0,2,0,16,4,7,41.7645941619,-87.6831717593,POINT (-87.683171759335 41.764594161901)
c2b4543014121ef5bb731ccd840ade902d1b23bc9c2ac303c85838fd55537add89bbde2c881e218888c5e19e8b7c08d2f6776d6679607a488d057318d8f8e987,,07/09/2025 04:45:00 PM,30,NO CONTROLS,FUNCTIONING PROPERLY,CLEAR,DAYLIGHT,SIDESWIPE SAME DIRECTION,DIVIDED - W/MEDIAN (NOT RAISED),,STRAIGHT AND LEVEL,DRY,NO DEFECTS,NOT ON SCENE (DESK REPORT),NO INJURY / DRIVE AWAY,,,,"OVER $1,500",07/09/2025 06:06:00 PM,UNABLE TO DETERMINE,NOT APPLICABLE,3501,S,WESTERN AVE,911,,,,,,,2,NO INDICATION OF INJURY,0,0,0,0,0,4,0,16,4,7,41.8301925382,-87.6848844794,POINT (-87.684884479439 41.83019253816)
8086003a668c987a236328db13e5d529fac533f63dc5da210e4921d60b0c979a3ebdcdbb2f6e58471a56fc63ad490d44ffbe766607223d607c6783d6b521b14a,,07/09/2025 04:40:00 PM,30,NO CONTROLS,NO CONTROLS,CLEAR,DAYLIGHT,PARKED MOTOR VEHICLE,NOT DIVIDED,,STRAIGHT AND LEVEL,DRY,NO DEFECTS,ON SCENE,INJURY AND / OR TOW DUE TO CRASH,,,,"OVER $1,500",07/09/2025 04:47:00 PM,"EVASIVE ACTION DUE TO ANIMAL, OBJECT, NONMOTORIST",DISTRACTION - FROM OUTSIDE VEHICLE,1725,E,87TH ST,412,,,,,,,2,NO INDICATION OF INJURY,0,0,0,0,0,1,0,16,4,7,41.7368607694,-87.5817341498,POINT (-87.58173414977 41.736860769353)
2a26ffc767ccd62d3f1d83860c83af1a332b9965d34f1f03b4686a8114394574f9ca0b7294971331ad56bca977c6c4f2fc67700c1c1444b062ef4607ba143eca,,07/09/2025 04:38:00 PM,30,NO CONTROLS,NO CONTROLS,CLEAR,DAYLIGHT,OTHER OBJECT,NOT DIVIDED,,STRAIGHT AND LEVEL,DRY,UNKNOWN,ON SCENE,INJURY AND / OR TOW DUE TO CRASH,,,,$500 OR LESS,07/09/2025 06:29:00 PM,UNABLE TO DETERMINE,UNABLE TO DETERMINE,6638,S,COTTAGE GROVE AVE,321,,Y,Y,,,,2,NONINCAPACITATING INJURY,1,0,0,1,0,1,0,16,4,7,41.7737954407,-87.6059334335,POINT (-87.605933433517 41.773795440712)