CRASH_RECORD_ID,CRASH_DATE_EST_I,CRASH_DATE,POSTED_SPEED_LIMIT,TRAFFIC_CONTROL_DEVICE,DEVICE_CONDITION,WEATHER_CONDITION,LIGHTING_CONDITION,FIRST_CRASH_TYPE,TRAFFICWAY_TYPE,LANE_CNT,ALIGNMENT,ROADWAY_SURFACE_COND,ROAD_DEFECT,REPORT_TYPE,CRASH_TYPE,INTERSECTION_RELATED_I,NOT_RIGHT_OF_WAY_I,HIT_AND_RUN_I,DAMAGE,DATE_POLICE_NOTIFIED,PRIM_CONTRIBUTORY_CAUSE,SEC_CONTRIBUTORY_CAUSE,STREET_NO,STREET_DIRECTION,STREET_NAME,BEAT_OF_OCCURRENCE,PHOTOS_TAKEN_I,STATEMENTS_TAKEN_I,DOORING_I,WORK_ZONE_I,WORK_ZONE_TYPE,WORKERS_PRESENT_I,NUM_UNITS,MOST_SEVERE_INJURY,INJURIES_TOTAL,INJURIES_FATAL,INJURIES_INCAPACITATING,INJURIES_NON_INCAPACITATING,INJURIES_REPORTED_NOT_EVIDENT,INJURIES_NO_INDICATION,INJURIES_UNKNOWN,CRASH_HOUR,CRASH_DAY_OF_WEEK,CRASH_MONTH,LATITUDE,LONGITUDE,LOCATION
f01dd8f641dfe38f6750487abecd2a368ab69bcdbc7b7759365c7d90e52709f5a290eeedca67f9efe1dda8a1383f5bdc3543c26828efcd3de2e695214e77d430,,07/09/2025 04:34:00 PM,35,NO CONTROLS,NO CONTROLS,CLEAR,DAYLIGHT,REAR END,DIVIDED - W/MEDIAN (NOT RAISED),,STRAIGHT AND LEVEL,DRY,NO DEFECTS,ON SCENE,NO INJURY / DRIVE AWAY,,,Y,$500 OR LESS,07/09/2025 04:34:00 PM,FAILING TO REDUCE SPEED TO AVOID CRASH,FAILING TO REDUCE SPEED TO AVOID CRASH,4425,S,LA SALLE ST,215,,,,,,,2,NO INDICATION OF INJURY,0,0,0,0,0,2,0,16,4,7,41.8138780949,-87.6292014425,POINT (-87.629201442486 41.813878094941)
0c91684c3084ef8a0285123ef0d77094091ca48869144cbb7dce6b34b7d8349445cd4d5b2a494edaf51670b27be430f860895d10e822ee6822c076d22bafa8fd,,07/09/2025 04:30:00 PM,30,STOP SIGN/FLASHER,NO CONTROLS,CLEAR,DAYLIGHT,ANGLE,FOUR WAY,,STRAIGHT AND LEVEL,DRY,NO DEFECTS,NOT ON SCENE (DESK REPORT),NO INJURY / DRIVE AWAY,,,,"OVER $1,500",07/09/2025 04:30:00 PM,FAILING TO YIELD RIGHT-OF-WAY,NOT APPLICABLE,1400,S,RACINE AVE,1233,,,,,,,2,NO INDICATION OF INJURY,0,0,0,0,0,2,0,16,4,7,41.8634089577,-87.6567262766,POINT (-87.65672627658 41.863408957737)
70c84abf53c230a7b9514d950d69c409a7ee36731695e4c99fdf75891cf540c2d8c56a3ff7538a8fcdd8d97c22809737b129b2bdc46c644bb45c8b7593309da2,,07/09/2025 04:30:00 PM,10,NO CONTROLS,NO CONTROLS,UNKNOWN,UNKNOWN,ANGLE,ALLEY,,STRAIGHT AND LEVEL,UNKNOWN,UNKNOWN,NOT ON SCENE (DESK REPORT),INJURY AND / OR TOW DUE TO CRASH,,,,"OVER $1,500",07/10/2025 07:30:00 AM,UNABLE TO DETERMINE,UNABLE TO DETERMINE,2531,W,71ST ST,832,,,,,,,2,NO INDICATION OF INJURY,0,0,0,0,0,2,0,16,4,7,41.7645291317,-87.6868491848,POINT (-87.686849184792 41.764529131744)
89b4577e2fac6e7bd809832732737cb35f38fcc0f2c1c982f897a0c203828d9a85bc798be300392b19e4b2cedd1247dc7bf8b468a63e1fbf87483ab953dd7d70,,07/09/2025 04:30:00 PM,30,NO CONTROLS,NO CONTROLS,CLOUDY/OVERCAST,DAYLIGHT,FIXED OBJECT,NOT DIVIDED,,STRAIGHT AND LEVEL,DRY,NO DEFECTS,ON SCENE,INJURY AND / OR TOW DUE TO CRASH,,,,"OVER $1,500",07/09/2025 04:37:00 PM,"EVASIVE ACTION DUE TO ANIMAL, OBJECT, NONMOTORIST",NOT APPLICABLE,2033,W,PRATT BLVD,2412,,,,,,,1,INCAPACITATING INJURY,1,0,1,0,0,0,0,16,4,7,42.0050748785,-87.6816234829,POINT (-87.681623482941 42.005074878475)
e3304cde1e1feb76d8c2dffc6ad07bfd671e406dc074f6618a52e6ae84e091e25b3d48322de9e9ca660557b8511d8389708ea36e3c1bfd6e3383a662e7f3fe47,,07/09/2025 04:30:00 PM,15,NO CONTROLS,NO CONTROLS,CLEAR,DAYLIGHT,PARKED MOTOR VEHICLE,PARKING LOT,,STRAIGHT AND LEVEL,DRY,NO DEFECTS,NOT ON SCENE (DESK REPORT),NO INJURY / DRIVE AWAY,,Y,,"OVER $1,500",07/09/2025 05:21:00 PM,FAILING TO YIELD RIGHT-OF-WAY,FOLLOWING TOO CLOSELY,1430,S,ASHLAND AVE,1233,,,,,,,2,NO INDICATION OF INJURY,0,0,0,0,0,1,0,16,4,7,41.8624024249,-87.6664189682,POINT (-87.666418968157 41.862402424927)
05458dc4341ceec58a3e2b87ae8ec76447527bb25ac80628b90a25f75c86897d43357c67397d1baacb688880ef0879f0939fe010612fd51b960e27cc7599a033,,07/09/2025 04:28:00 PM,30,TRAFFIC SIGNAL,FUNCTIONING PROPERLY,CLEAR,DAYLIGHT,TURNING,NOT DIVIDED,,STRAIGHT AND LEVEL,DRY,NO DEFECTS,ON SCENE,INJURY AND / OR TOW DUE TO CRASH,,,Y,"OVER $1,500",07/09/2025 04:58:00 PM,DISREGARDING TRAFFIC SIGNALS,DISREGARDING TRAFFIC SIGNALS,8300,S,DAMEN AVE,614,,,,,,,2,NONINCAPACITATING INJURY,1,0,0,1,0,2,0,16,4,7,41.7428499806,-87.673107363,POINT (-87.673107362988 41.742849980643)
a3ce3a72177aa4051d5d86690cb3014e13df933bed94deb49d05c38a1cb357091f3d47d70930047dd231e2430bfd6ea1018ace19ab1181d0ef01df5f91a957d2,,07/09/2025 04:20:00 PM,30,NO CONTROLS,NO CONTROLS,CLEAR,DAYLIGHT,PEDALCYCLIST,NOT DIVIDED,,STRAIGHT AND LEVEL,DRY,NO DEFECTS,NOT ON SCENE (DESK REPORT),INJURY AND / OR TOW DUE TO CRASH,,,,"OVER $1,500",07/09/2025 04:20:00 PM,FAILING TO YIELD RIGHT-OF-WAY,UNABLE TO DETERMINE,5601,W,DIVERSEY AVE,2514,,,,,,,2,"REPORTED, NOT EVIDENT",1,0,0,0,1,1,0,16,4,7,41.9311665019,-87.7663037491,POINT (-87.766303749057 41.93116650193)
8891e9c5668b5acf08adafd6125aab0ee39bcd01fc7bc99704cbda3f4741e0edcbcb30a5b943d34c86125be4b3ec71cd1cdd73ed136e6826b74e3202b1a34b60,,07/09/2025 04:18:00 PM,30,UNKNOWN,UNKNOWN,UNKNOWN,DAYLIGHT,PARKED MOTOR VEHICLE,ONE-WAY,,STRAIGHT AND LEVEL,UNKNOWN,UNKNOWN,NOT ON SCENE (DESK REPORT),NO INJURY / DRIVE AWAY,,,,"OVER $1,500",07/09/2025 06:05:00 PM,UNABLE TO DETERMINE,UNABLE TO DETERMINE,1609,S,DRAKE AVE,1021,,,,,,,2,NO INDICATION OF INJURY,0,0,0,0,0,1,0,16,4,7,41.8586716419,-87.7138312906,POINT (-87.713831290616 41.858671641859)
d376957eb9ab8caa239762d999a762bf46aec7249c63abc4e7e8efa0ba6ad2f889115c80526c61a69c07a1ff56c56e8ca54d8dfd0447b9e7f6bd5f6fe359b1c0,,07/09/2025 04:15:00 PM,30,UNKNOWN,UNKNOWN,CLEAR,DAYLIGHT,SIDESWIPE SAME DIRECTION,T-INTERSECTION,,STRAIGHT AND LEVEL,UNKNOWN,UNKNOWN,NOT ON SCENE (DESK REPORT),NO INJURY / DRIVE AWAY,Y,,,"$501 - $1,500",07/10/2025 06:10:00 PM,UNABLE TO DETERMINE,NOT APPLICABLE,6000,S,STONY ISLAND AVE,314,,,,,,,2,NO INDICATION OF INJURY,0,0,0,0,0,2,0,16,4,7,41.7860247351,-87.5867384664,POINT (-87.586738466448 41.786024735096)
f93abc286046998585a7a2d6eda0430c95b21e0d5260f1158d4c76a061120f4fcae8c6b0c3d9ff33166c00026c843e297f87f006c42bfbf56ea34165eb460e84,,07/09/2025 04:15:00 PM,15,NO CONTROLS,NO CONTROLS,CLEAR,DAYLIGHT,PEDESTRIAN,ONE-WAY,,STRAIGHT AND LEVEL,DRY,NO DEFECTS,NOT ON SCENE (DESK REPORT),NO INJURY / DRIVE AWAY,,,,$500 OR LESS,07/09/2025 04:17:00 PM,FOLLOWING TOO CLOSELY,NOT APPLICABLE,3,W,TERMINAL ST,1653,,,,,,,2,NO INDICATION OF INJURY,0,0,0,0,0,3,0,16,4,7,,,
d89f09cbd8916096cb6a117960d343e2d62cb4968a04d7cf393e26ba5c80a5547dac5b20feca7034adc84f8a6c7871a8ac562e6407ac7a5f8aa71da06d9cd6b7,,07/09/2025 04:14:00 PM,30,TRAFFIC SIGNAL,FUNCTIONING PROPERLY,CLEAR,DAYLIGHT,SIDESWIPE SAME DIRECTION,FOUR WAY,,STRAIGHT AND LEVEL,DRY,NO DEFECTS,NOT ON SCENE (DESK REPORT),NO INJURY / DRIVE AWAY,Y,,,"OVER $1,500",07/09/2025 06:45:00 PM,UNABLE TO DETERMINE,UNABLE TO DETERMINE,1158,S,MICHIGAN AVE,123,,,,,,,2,NO INDICATION OF INJURY,0,0,0,0,0,4,0,16,4,7,41.8675536341,-87.6242715489,POINT (-87.624271548879 41.867553634062)
2b1944016940cd17afee3229aac9aadf336b5a61f47f5fc5105220c7092288ababa69a7e0735d806dafbd3dffd6d6e410456b506989a55945cbc15647c1f1309,,07/09/2025 04:13:00 PM,25,UNKNOWN,FUNCTIONING PROPERLY,CLEAR,DAYLIGHT,REAR END,DIVIDED - W/MEDIAN BARRIER,,STRAIGHT AND LEVEL,DRY,NO DEFECTS,ON SCENE,NO INJURY / DRIVE AWAY,,,Y,"OVER $1,500",07/09/2025 04:15:00 PM,UNABLE TO DETERMINE,UNABLE TO DETERMINE,1332,W,DIVISION ST,1433,,,,,,,2,NO INDICATION OF INJURY,0,0,0,0,0,2,0,16,4,7,41.903536788,-87.661859583,POINT (-87.661859582959 41.903536788031)
958c5dd6667a7df7330fef9136c380b7ec5ea8a6f72ad87d0a3bb97099cbcb3a32d91a15f108a8d242c5e943dbb164987551fbaf606c68910beaa9bc27f9dc83,Y,07/09/2025 04:10:00 PM,30,UNKNOWN,UNKNOWN,UNKNOWN,DAYLIGHT,PARKED MOTOR VEHICLE,NOT DIVIDED,,STRAIGHT AND LEVEL,UNKNOWN,UNKNOWN,NOT ON SCENE (DESK REPORT),NO INJURY / DRIVE AWAY,,,Y,"OVER $1,500",07/09/2025 04:50:00 PM,UNABLE TO DETERMINE,NOT APPLICABLE,1914,E,79TH ST,414,,,,,,,2,NO INDICATION OF INJURY,0,0,0,0,0,1,0,16,4,7,41.7516939549,-87.5777756961,POINT (-87.577775696105 41.751693954926)
284f7c7b6e0cb4745a5558df7040b72c8c1d690effbfcb324a470bfe2c02e320d5a0aa5164ad50b2ab332de6707ef26cf06b39277b4204010db430b4da3cafdc,,07/09/2025 04:00:00 PM,30,NO CONTROLS,NO CONTROLS,RAIN,DAYLIGHT,SIDESWIPE SAME DIRECTION,RAMP,,"CURVE, LEVEL",WET,UNKNOWN,,INJURY AND / OR TOW DUE TO CRASH,,,,"OVER $1,500",07/09/2025 04:30:00 PM,UNABLE TO DETERMINE,NOT APPLICABLE,5300,S,LAKE SHORE DR SB,234,,,,,,,2,NO INDICATION OF INJURY,0,0,0,0,0,2,0,16,4,7,41.7995693995,-87.5815490603,POINT (-87.581549060329 41.7995693995)
4897720075530727c80470aedcc1d5554abff3702d0440e6f2cc67155046575bf5530c27de8d5adc6dcc774627b687ec203cd883dbb87177065781c19428b878,,07/09/2025 04:00:00 PM,30,STOP SIGN/FLASHER,NO CONTROLS,CLEAR,DAYLIGHT,TURNING,FOUR WAY,,STRAIGHT AND LEVEL,DRY,NO DEFECTS,NOT ON SCENE (DESK REPORT),NO INJURY / DRIVE AWAY,Y,,,"OVER $1,500",07/09/2025 05:00:00 PM,UNABLE TO DETERMINE,UNABLE TO DETERMINE,2301,W,TAYLOR ST,1225,,,,,,,2,NO INDICATION OF INJURY,0,0,0,0,0,2,0,16,4,7,41.8689011143,-87.6837123837,POINT (-87.683712383714 41.868901114341)
ded677adfb229cd0b3d62f408fdbe76d9dee655718b7d2078e47a79406da2e2a7262d3bf8f5eba09dde568fd8953b22a37a69c450cbd84208dbd46c563496618,,07/09/2025 04:00:00 PM,25,NO CONTROLS,NO CONTROLS,CLEAR,DAYLIGHT,SIDESWIPE OPPOSITE DIRECTION,ONE-WAY,,STRAIGHT AND LEVEL,DRY,NO DEFECTS,NOT ON SCENE (DESK REPORT),NO INJURY / DRIVE AWAY,,,,"OVER $1,500",07/09/2025 04:30:00 PM,UNABLE TO DETERMINE,UNABLE TO DETERMINE,880,N,FRANKLIN ST,1823,,,,,,,2,NO INDICATION OF INJURY,0,0,0,0,0,2,0,16,4,7,41.8989200091,-87.6359170266,POINT (-87.635917026599 41.898920009076)
e3a46ac6c58e3d500699e8bad257268fd875a8f824df324ed4b45d24a7f25796c0637243d682b19a3fe2e2fac8416f5d24ce20ef644cd7cf523513caa4c7e53d,,07/09/2025 04:00:00 PM,30,NO CONTROLS,UNKNOWN,CLEAR,DAYLIGHT,REAR TO SIDE,PARKING LOT,,STRAIGHT AND LEVEL,DRY,NO DEFECTS,NOT ON SCENE (DESK REPORT),NO INJURY / DRIVE AWAY,,,,$500 OR LESS,07/09/2025 06:00:00 PM,UNABLE TO DETERMINE,NOT APPLICABLE,298,S,CICERO AVE,1533,,,,,,,2,NO INDICATION OF INJURY,0,0,0,0,0,2,0,16,4,7,41.8768502259,-87.7452938914,POINT (-87.745293891422 41.876850225901)
f1692ab1f4aa442cd77fa4afdeceefd73e7253457a65fbd7f09c5137757cbf8d0c5f9d1d46efd2f0498d807eb0ecdf1be91d4a8c664496eea50bee1714b4aa7a,,07/09/2025 04:00:00 PM,25,TRAFFIC SIGNAL,FUNCTIONING PROPERLY,CLEAR,DAYLIGHT,TURNING,NOT DIVIDED,,STRAIGHT AND LEVEL,DRY,NO DEFECTS,NOT ON SCENE (DESK REPORT),NO INJURY / DRIVE AWAY,,,,"OVER $1,500",07/10/2025 03:30:00 PM,FAILING TO YIELD RIGHT-OF-WAY,UNABLE TO DETERMINE,6101,S,STONY ISLAND AVE,331,,,,,,,2,NO INDICATION OF INJURY,0,0,0,0,0,2,0,16,4,7,41.7837927835,-87.5863912299,POINT (-87.586391229931 41.783792783496)
f3041394b1f8394b0c8037026210cf956fbdaa7163e5a990312b7e69499063559dd1033df412e82076aaa2265d0ed21fade4e5acbfbf961ca378f20927ae12a3,,07/09/2025 04:00:00 PM,30,NO CONTROLS,NO CONTROLS,CLEAR,DAYLIGHT,SIDESWIPE SAME DIRECTION,NOT DIVIDED,,STRAIGHT AND LEVEL,DRY,NO DEFECTS,NOT ON SCENE (DESK REPORT),NO INJURY / DRIVE AWAY,,,,"OVER $1,500",07/09/2025 06:11:00 PM,IMPROPER LANE USAGE,NOT APPLICABLE,4800,S,CICERO AVE,814,,,,,,,2,NO INDICATION OF INJURY,0,0,0,0,0,4,0,16,4,7,41.8057070122,-87.7432520283,POINT (-87.743252028253 41.805707012223)
27984fd48e7287662feeede1dc874094870d6831e96a2789eb45cf3400e714272b92b85e4578477d22a6cdaecbfbc7bfda9d66c09f69c3e7c05b871aa5d33615,,07/09/2025 03:57:00 PM,30,STOP SIGN/FLASHER,UNKNOWN,CLEAR,DAYLIGHT,ANGLE,FOUR WAY,,STRAIGHT AND LEVEL,UNKNOWN,UNKNOWN,ON SCENE,NO INJURY / DRIVE AWAY,,,,"OVER $1,500",07/09/2025 03:57:00 PM,FAILING TO YIELD RIGHT-OF-WAY,NOT APPLICABLE,8100,S,HALSTED ST,613,,,,,,,2,NO INDICATION OF INJURY,0,0,0,0,0,2,0,15,4,7,41.7469046074,-87.6440771516,POINT (-87.644077151581 41.746904607442)
9db3e32f944e50e51895c93e157a06aea4cacc276444ea36d70198ce5b9e7164944da1169155cc2fc67938e8bc21e2511d55bbc0713e06a4eedde854a580d703,Y,07/09/2025 03:57:00 PM,30,NO CONTROLS,NO CONTROLS,CLEAR,DAYLIGHT,PEDALCYCLIST,NOT DIVIDED,,STRAIGHT AND LEVEL,DRY,NO DEFECTS,NOT ON SCENE (DESK REPORT),NO INJURY / DRIVE AWAY,,,,"$501 - $1,500",07/09/2025 05:50:00 PM,NOT APPLICABLE,NOT APPLICABLE,2301,W,ADDISON ST,1921,,,,,,,2,NO INDICATION OF INJURY,0,0,0,0,0,2,0,15,4,7,41.9466568559,-87.6858895062,POINT (-87.685889506178 41.946656855879)
f50b236c81d6d71816b795e55356cbcd57bd672f5cfca0689cae3fc184be67f0696f151bd5b5bc05a9c7513c218a9897026d67ab405304272f23204d6ecf5e90,,07/09/2025 03:55:00 PM,30,NO CONTROLS,NO CONTROLS,CLEAR,DAYLIGHT,REAR END,NOT DIVIDED,,STRAIGHT AND LEVEL,DRY,NO DEFECTS,,INJURY AND / OR TOW DUE TO CRASH,,,,"OVER $1,500",07/09/2025 04:03:00 PM,UNABLE TO DETERMINE,UNABLE TO DETERMINE,4520,N,BEACON ST,1913,,,,,,,2,"REPORTED, NOT EVIDENT",1,0,0,0,1,2,0,15,4,7,41.9641416249,-87.6639086407,POINT (-87.663908640704 41.964141624887)
25346b4539ae2bb9c68fdc6f2fdc4ad8b5c3e73719a9950e0e7c3760e7fdfb3ae7eb65b9d18ab7d824150b8e0ab02ab4b6607d391d124e6628372aea521f759f,,07/09/2025 03:52:00 PM,30,TRAFFIC SIGNAL,NO CONTROLS,CLEAR,DAYLIGHT,REAR END,"FIVE POINT, OR MORE",,STRAIGHT AND LEVEL,DRY,NO DEFECTS,NOT ON SCENE (DESK REPORT),NO INJURY / DRIVE AWAY,Y,,,"OVER $1,500",07/09/2025 04:30:00 PM,UNABLE TO DETERMINE,NOT APPLICABLE,1800,W,ADDISON ST,1922,,,,,,,3,NO INDICATION OF INJURY,0,0,0,0,0,3,0,15,4,7,41.9470321525,-87.6741194538,POINT (-87.674119453804 41.947032152533)
baf7a07f00a675f9c31e64a8f6b1c3852497d65bf9c36100e76e471b45e660aba545f0494406ff3878aabcb3515207bda1716942c6e5a947b607643eb9422d45,,07/09/2025 03:51:00 PM,30,TRAFFIC SIGNAL,FUNCTIONING PROPERLY,CLEAR,DAYLIGHT,TURNING,FOUR WAY,,STRAIGHT AND LEVEL,DRY,UNKNOWN,ON SCENE,NO INJURY / DRIVE AWAY,Y,,,"OVER $1,500",07/09/2025 03:51:00 PM,FAILING TO YIELD RIGHT-OF-WAY,UNABLE TO DETERMINE,3601,N,BROADWAY,1925,,,,,,,2,NO INDICATION OF INJURY,0,0,0,0,0,2,0,15,4,7,41.947445791,-87.647170375,POINT (-87.64717037502 41.947445790953)
4822106a0de3d36db292443dacaa503b07ac25a2a80aa869e3827f29215d41b775bbb257e5956f3f5469b91b702951bb6c506690eaee899b95c9233ff7887c3c,,07/09/2025 03:50:00 PM,30,NO CONTROLS,NO CONTROLS,CLEAR,DAYLIGHT,PARKED MOTOR VEHICLE,NOT DIVIDED,,STRAIGHT AND LEVEL,DRY,NO DEFECTS,NOT ON SCENE (DESK REPORT),NO INJURY / DRIVE AWAY,,,Y,"OVER $1,500",07/09/2025 04:30:00 PM,UNABLE TO DETERMINE,UNABLE TO DETERMINE,2503,W,FULTON ST,1222,,,,,,,2,NO INDICATION OF INJURY,0,0,0,0,0,2,0,15,4,7,41.8865005016,-87.6891895685,POINT (-87.689189568465 41.886500501577)
f5d612cac95438e69e68b4c732d916142977b213051fc5094a351bfb4b60b80bce77d6dfc197c49c12b393dadb047207eb4b82fed9c71a13acfd416c9a3dda17,Y,07/09/2025 03:50:00 PM,30,STOP SIGN/FLASHER,FUNCTIONING PROPERLY,CLEAR,DAYLIGHT,ANGLE,FOUR WAY,,STRAIGHT AND LEVEL,DRY,NO DEFECTS,ON SCENE,INJURY AND / OR TOW DUE TO CRASH,Y,,,"OVER $1,500",07/09/2025 03:59:00 PM,FAILING TO YIELD RIGHT-OF-WAY,FAILING TO YIELD RIGHT-OF-WAY,50,E,83RD ST,631,,,,,,,2,NO INDICATION OF INJURY,0,0,0,0,0,2,0,15,4,7,41.7437954402,-87.6224814044,POINT (-87.622481404357 41.74379544016)
761cd425178515ebea22c5f24c5a4beed0ec489805c4925e80029156a805f1c0c9e2e8be8f2e3bd5fefaf5deec08abb201c405b58c3f92dddf80d6f198b4259c,,07/09/2025 03:36:00 PM,30,TRAFFIC SIGNAL,FUNCTIONING PROPERLY,CLEAR,DAYLIGHT,SIDESWIPE SAME DIRECTION,DIVIDED - W/MEDIAN BARRIER,,STRAIGHT AND LEVEL,DRY,NO DEFECTS,NOT ON SCENE (DESK REPORT),NO INJURY / DRIVE AWAY,,,Y,"OVER $1,500",07/09/2025 04:20:00 PM,FAILING TO YIELD RIGHT-OF-WAY,NOT APPLICABLE,4286,S,CICERO AVE,814,Y,,,,,,2,NO INDICATION OF INJURY,0,0,0,0,0,2,0,15,4,7,41.8150065992,-87.743506801,POINT (-87.743506800978 41.815006599191)
54601c461e660195826e8030675fe9b1ca999e4bec8e242111a22e031687704b3965ffa3630172999f2bc80f0baffd26a4ae64119db6c066dd5e7609aae5544b,,07/09/2025 03:30:00 PM,25,STOP SIGN/FLASHER,FUNCTIONING PROPERLY,CLEAR,DAYLIGHT,ANGLE,ONE-WAY,,STRAIGHT AND LEVEL,DRY,NO DEFECTS,NOT ON SCENE (DESK REPORT),NO INJURY / DRIVE AWAY,Y,,Y,"OVER $1,500",07/11/2025 05:00:00 PM,UNABLE TO DETERMINE,UNABLE TO DETERMINE,1860,W,CONGRESS PKWY,1225,,,,,,,2,NO INDICATION OF INJURY,0,0,0,0,0,2,0,15,4,7,41.875167798,-87.6740502205,POINT (-87.674050220465 41.875167797959)
54f004116cc068651efa1ce125c8aafa71bd3feadf907d99d07e162d8c7d62c24a5e94403b97a1ad7cfe9e4b62061279ffa28ac1b5be665a2ad7e770b9e7b119,,07/09/2025 03:30:00 PM,30,NO CONTROLS,NO CONTROLS,CLEAR,DAYLIGHT,REAR END,DIVIDED - W/MEDIAN (NOT RAISED),,STRAIGHT AND LEVEL,DRY,NO DEFECTS,NOT ON SCENE (DESK REPORT),NO INJURY / DRIVE AWAY,,,,"$501 - $1,500",07/09/2025 04:40:00 PM,FAILING TO REDUCE SPEED TO AVOID CRASH,FOLLOWING TOO CLOSELY,1628,N,PULASKI RD,2534,,,,,,,2,NO INDICATION OF INJURY,0,0,0,0,0,2,0,15,4,7,41.9107657123,-87.7265060448,POINT (-87.726506044847 41.910765712263)
d04299b35fb274820e8af00aabaabc0c9ffa7247d6608f852a784cc4b8cd2cd0d8ec2c4c11e0dc2510d7ee1fda5addcaad534b41c991a1632c7682b13cc16658,,07/09/2025 03:30:00 PM,30,NO CONTROLS,NO CONTROLS,CLEAR,DAYLIGHT,SIDESWIPE SAME DIRECTION,NOT DIVIDED,,STRAIGHT AND LEVEL,DRY,NO DEFECTS,NOT ON SCENE (DESK REPORT),NO INJURY / DRIVE AWAY,,,,"$501 - $1,500",07/09/2025 04:33:00 PM,UNABLE TO DETERMINE,UNABLE TO DETERMINE,4951,S,CICERO AVE,815,,,,,,,2,NO INDICATION OF INJURY,0,0,0,0,0,2,0,15,4,7,41.8024688565,-87.7428654385,POINT (-87.742865438544 41.802468856491)
faf151e727d40bf410c862b804043487e44e60c8a9e6823619de61f3c28db7a75f6ed00a5443c4ebf4b6d8790d9cce122380e14fcf8a8dd46c949cad3a4cc730,,07/09/2025 03:30:00 PM,35,TRAFFIC SIGNAL,FUNCTIONING PROPERLY,CLEAR,DAYLIGHT,TURNING,FOUR WAY,,STRAIGHT AND LEVEL,DRY,NO DEFECTS,ON SCENE,NO INJURY / DRIVE AWAY,Y,,,"OVER $1,500",07/09/2025 03:49:00 PM,IMPROPER TURNING/NO SIGNAL,IMPROPER TURNING/NO SIGNAL,299,E,ROOSEVELT RD,132,,,,,,,2,NO INDICATION OF INJURY,0,0,0,0,0,3,0,15,4,7,41.867402434,-87.6204276049,POINT (-87.620427604931 41.867402433986)
8f39a7436c15cd5c144526dced16d4c0b6ff4dbb16b6d9b638b62320eb94afd865c689293d408c16a10bcd699bfcff88dc84509e4d62952c624cc5321a505860,,07/09/2025 03:25:00 PM,30,NO CONTROLS,NO CONTROLS,CLEAR,DAYLIGHT,PEDALCYCLIST,DIVIDED - W/MEDIAN (NOT RAISED),,STRAIGHT AND LEVEL,DRY,NO DEFECTS,NOT ON SCENE (DESK REPORT),INJURY AND / OR TOW DUE TO CRASH,,,,$500 OR LESS,07/09/2025 05:10:00 PM,UNABLE TO DETERMINE,UNABLE TO DETERMINE,5427,W,DIVERSEY AVE,2514,,,Y,,,,2,NONINCAPACITATING INJURY,1,0,0,1,0,0,0,15,4,7,41.9312159653,-87.7624190847,POINT (-87.762419084662 41.931215965258)
187ce1b73c8e157048fe6c3683f59529ae37f5e6aad203d59e8157020a947e4c25f0f9bd7c0cfd3f5d725f524096353ab7f27dd5702b0a08fe55352c0ec086b4,,07/09/2025 03:14:00 PM,30,TRAFFIC SIGNAL,FUNCTIONING PROPERLY,CLEAR,DAYLIGHT,PARKED MOTOR VEHICLE,ONE-WAY,,STRAIGHT AND LEVEL,DRY,NO DEFECTS,ON SCENE,NO INJURY / DRIVE AWAY,,,,"OVER $1,500",07/09/2025 03:17:00 PM,FAILING TO YIELD RIGHT-OF-WAY,NOT APPLICABLE,126,S,WELLS ST,122,,,,,,,2,NO INDICATION OF INJURY,0,0,0,0,0,3,0,15,4,7,41.8799083977,-87.633921711,POINT (-87.633921710982 41.879908397736)
e826977ab396c97b044ed2a18afc224d7ce148feed6b689c8ef4a89176649e95cbe5640f9f8f90658c3b941b691328b1c3c3d276e6ec705d8d5aad71be0e6303,,07/09/2025 03:11:00 PM,30,NO CONTROLS,NO CONTROLS,CLEAR,DAYLIGHT,TURNING,NOT DIVIDED,,STRAIGHT AND LEVEL,DRY,NO DEFECTS,,NO INJURY / DRIVE AWAY,,,,"OVER $1,500",07/09/2025 03:55:00 PM,FAILING TO YIELD RIGHT-OF-WAY,UNABLE TO DETERMINE,5131,S,KILBOURN AVE,815,,,,,,,2,NO INDICATION OF INJURY,0,0,0,0,0,2,0,15,4,7,41.7995152909,-87.7354449645,POINT (-87.735444964478 41.799515290946)
eb7b9e72e28f420d579e1e806b140f292bdca6bfb5df6dbab0f6d331b2c40bb8731fc289848aaf675711ecc55ab412d2a684daa50ad5ea53db069936c6276fe1,,07/09/2025 03:10:00 PM,30,STOP SIGN/FLASHER,FUNCTIONING PROPERLY,CLEAR,DAYLIGHT,ANGLE,NOT DIVIDED,,STRAIGHT AND LEVEL,DRY,NO DEFECTS,,INJURY AND / OR TOW DUE TO CRASH,Y,,,"OVER $1,500",07/09/2025 03:12:00 PM,FAILING TO YIELD RIGHT-OF-WAY,FAILING TO YIELD RIGHT-OF-WAY,4224,N,CLARENDON AVE,1915,,,,,,,2,NO INDICATION OF INJURY,0,0,0,0,0,3,0,15,4,7,41.9592567159,-87.6499859329,POINT (-87.649985932872 41.959256715873)
f51264f94a6584efeffbebced266d8646384a2117e0dcd7e62bdcc485d06734f3347b468640ea1c08444b308a7e54266c25a234d14e621a16bf1ed685e67b883,,07/09/2025 03:10:00 PM,30,NO CONTROLS,NO CONTROLS,CLEAR,DAYLIGHT,SIDESWIPE SAME DIRECTION,NOT DIVIDED,,STRAIGHT AND LEVEL,DRY,UNKNOWN,NOT ON SCENE (DESK REPORT),NO INJURY / DRIVE AWAY,,,Y,"OVER $1,500",07/09/2025 10:30:00 PM,UNABLE TO DETERMINE,UNABLE TO DETERMINE,112,N,DEARBORN ST,111,,,,,,,2,NO INDICATION OF INJURY,0,0,0,0,0,3,0,15,4,7,41.8835103539,-87.6295756474,POINT (-87.629575647439 41.88351035388)