CRASH_RECORD_ID,CRASH_DATE_EST_I,CRASH_DATE,POSTED_SPEED_LIMIT,TRAFFIC_CONTROL_DEVICE,DEVICE_CONDITION,WEATHER_CONDITION,LIGHTING_CONDITION,FIRST_CRASH_TYPE,TRAFFICWAY_TYPE,LANE_CNT,ALIGNMENT,ROADWAY_SURFACE_COND,ROAD_DEFECT,REPORT_TYPE,CRASH_TYPE,INTERSECTION_RELATED_I,NOT_RIGHT_OF_WAY_I,HIT_AND_RUN_I,DAMAGE,DATE_POLICE_NOTIFIED,PRIM_CONTRIBUTORY_CAUSE,SEC_CONTRIBUTORY_CAUSE,STREET_NO,STREET_DIRECTION,STREET_NAME,BEAT_OF_OCCURRENCE,PHOTOS_TAKEN_I,STATEMENTS_TAKEN_I,DOORING_I,WORK_ZONE_I,WORK_ZONE_TYPE,WORKERS_PRESENT_I,NUM_UNITS,MOST_SEVERE_INJURY,INJURIES_TOTAL,INJURIES_FATAL,INJURIES_INCAPACITATING,INJURIES_NON_INCAPACITATING,INJURIES_REPORTED_NOT_EVIDENT,INJURIES_NO_INDICATION,INJURIES_UNKNOWN,CRASH_HOUR,CRASH_DAY_OF_WEEK,CRASH_MONTH,LATITUDE,LONGITUDE,LOCATION
bcd1950f6db621bc6adc1e0a4ab7b70b75c60f08c80d1d984ba88582f385f619310eeef7bcf0a16655c2999d056ed58ac6f1e94e4c66628771d917caa77ecec4,,07/09/2025 03:03:00 PM,35,TRAFFIC SIGNAL,FUNCTIONING PROPERLY,CLEAR,DAYLIGHT,TURNING,FOUR WAY,,STRAIGHT AND LEVEL,DRY,NO DEFECTS,,INJURY AND / OR TOW DUE TO CRASH,Y,,,"OVER $1,500",07/09/2025 03:03:00 PM,FAILING TO YIELD RIGHT-OF-WAY,FAILING TO YIELD RIGHT-OF-WAY,3638,W,OGDEN AVE,1014,,Y,,,,,2,INCAPACITATING INJURY,3,0,3,0,0,0,0,15,4,7,41.8541619206,-87.7164758576,POINT (-87.71647585761 41.854161920615)
bdf4cee8fbb2f93836e678acf95952034cd710e5cedd588460db720bb22fa6e03801b4d8f1f04b4209837500b0f3532f60646bbbbf819e55388334964e1493be,,07/09/2025 03:01:00 PM,30,NO CONTROLS,NO CONTROLS,CLEAR,DAYLIGHT,SIDESWIPE SAME DIRECTION,NOT DIVIDED,,STRAIGHT AND LEVEL,DRY,NO DEFECTS,ON SCENE,NO INJURY / DRIVE AWAY,,,,"OVER $1,500",07/09/2025 03:01:00 PM,DRIVING SKILLS/KNOWLEDGE/EXPERIENCE,NOT APPLICABLE,7018,S,HALSTED ST,733,,,,,,,2,NO INDICATION OF INJURY,0,0,0,0,0,2,0,15,4,7,41.7664162939,-87.6445908947,POINT (-87.644590894658 41.766416293909)
403341dc65b33aa4788fb841d5400209145300807cd8011e65a74684ef5533d0798db63c899648c2a489d5d16b9cf79c66bf45e67e121d0218acb635e3860926,,07/09/2025 03:00:00 PM,30,STOP SIGN/FLASHER,FUNCTIONING PROPERLY,CLEAR,DAYLIGHT,ANGLE,NOT DIVIDED,,STRAIGHT AND LEVEL,DRY,UNKNOWN,NOT ON SCENE (DESK REPORT),INJURY AND / OR TOW DUE TO CRASH,Y,,,"OVER $1,500",07/10/2025 11:30:00 AM,FAILING TO YIELD RIGHT-OF-WAY,FAILING TO REDUCE SPEED TO AVOID CRASH,3400,N,AVERS AVE,1732,,,,,,,2,"REPORTED, NOT EVIDENT",1,0,0,0,1,2,0,15,4,7,41.9428722935,-87.7237759764,POINT (-87.723775976439 41.942872293547)
454cda1019ecaa1b779a8f9828e8cd5f2b21b6b6c6c0b3205198dc1e65dd667976aae06ac87a80bf811f085ba4ec98532a050344b944fb54b49b99b9c64d0f40,,07/09/2025 03:00:00 PM,15,NO CONTROLS,NO CONTROLS,CLEAR,DAYLIGHT,REAR TO SIDE,PARKING LOT,,STRAIGHT AND LEVEL,DRY,NO DEFECTS,NOT ON SCENE (DESK REPORT),NO INJURY / DRIVE AWAY,,Y,,"OVER $1,500",07/09/2025 05:10:00 PM,IMPROPER BACKING,UNABLE TO DETERMINE,11,E,75TH ST,623,,,,,,,2,NO INDICATION OF INJURY,0,0,0,0,0,2,0,15,4,7,41.7580961025,-87.6242081331,POINT (-87.62420813307 41.758096102509)
ceb5a718d2c830fe93b1dbea5f60be33ca86049a83e535abd03ae6f0b4c1a2b3f9d933b513e37e027fe29d44769c4b036ac20f7974e709cf5b35b1413579c113,,07/09/2025 03:00:00 PM,30,STOP SIGN/FLASHER,FUNCTIONING PROPERLY,CLEAR,DAYLIGHT,ANGLE,NOT DIVIDED,,STRAIGHT AND LEVEL,DRY,NO DEFECTS,NOT ON SCENE (DESK REPORT),NO INJURY / DRIVE AWAY,,,,"OVER $1,500",07/09/2025 03:30:00 PM,FAILING TO YIELD RIGHT-OF-WAY,UNABLE TO DETERMINE,6498,W,DIVERSEY AVE,2511,,,,,,,2,NO INDICATION OF INJURY,0,0,0,0,0,2,0,15,4,7,41.9310668362,-87.7880754185,POINT (-87.788075418543 41.931066836172)
d5a4f7949d091e2239b331322515b8856e8b002da7e6d4c29d64e89de584396ace7c193e0c844fdfddb3b0df86176c37a3a2956ad65fdf785f8b7ac13ecb7d51,,07/09/2025 03:00:00 PM,25,NO CONTROLS,NO CONTROLS,CLEAR,DAYLIGHT,SIDESWIPE SAME DIRECTION,NOT DIVIDED,,STRAIGHT AND LEVEL,DRY,NO DEFECTS,,NO INJURY / DRIVE AWAY,,,,"OVER $1,500",07/09/2025 04:00:00 PM,UNABLE TO DETERMINE,UNABLE TO DETERMINE,230,W,DIVISION ST,1821,Y,,,,,,2,NO INDICATION OF INJURY,0,0,0,0,0,3,0,15,4,7,41.9039437046,-87.6358287532,POINT (-87.635828753194 41.903943704629)
9dbc476f909157a89af6483ca00c87435dc6902de1538099753623dc8b5371bc531d9e07624d581d592da81a6d3bd3474eaf15b4d7329062286567c07d896450,,07/09/2025 02:57:00 PM,25,TRAFFIC SIGNAL,FUNCTIONING PROPERLY,RAIN,DAYLIGHT,TURNING,NOT DIVIDED,,STRAIGHT AND LEVEL,WET,NO DEFECTS,ON SCENE,NO INJURY / DRIVE AWAY,Y,,N,"OVER $1,500",07/09/2025 03:19:00 PM,UNABLE TO DETERMINE,UNABLE TO DETERMINE,4698,W,LAKE ST,1113,,,,,,,2,NO INDICATION OF INJURY,0,0,0,0,0,2,0,14,4,7,41.8865568647,-87.7428956298,POINT (-87.742895629753 41.886556864714)
29e02bcb97dbcc7a3e200ab8fc5d96967e59929844ac426b35f578395dc27acf3cf4a9dae67d9f34f33bce435a65fef52f5bc08d814c1db8b8dc49292e58ea46,Y,07/09/2025 02:34:00 PM,10,NO CONTROLS,NO CONTROLS,CLEAR,DAYLIGHT,TURNING,PARKING LOT,,STRAIGHT AND LEVEL,DRY,UNKNOWN,ON SCENE,NO INJURY / DRIVE AWAY,,,,"$501 - $1,500",07/09/2025 02:54:00 PM,UNABLE TO DETERMINE,UNABLE TO DETERMINE,7600,S,KEDZIE AVE,835,,,,,,,2,NO INDICATION OF INJURY,0,0,0,0,0,2,0,14,4,7,41.755178528,-87.7026957105,POINT (-87.702695710502 41.755178528007)
2772b81a715b1bc65eb5cb6041a3fd704afe697e6010a54f7a5523e0ddc31c39e7dbe3cbca4a17f1a176cc1b3afca021184bf1036a567fd020c4eee981eb6cbb,,07/09/2025 02:30:00 PM,30,NO CONTROLS,NO CONTROLS,CLEAR,DAYLIGHT,TURNING,DIVIDED - W/MEDIAN (NOT RAISED),,STRAIGHT AND LEVEL,DRY,NO DEFECTS,ON SCENE,INJURY AND / OR TOW DUE TO CRASH,N,,N,"OVER $1,500",07/09/2025 03:08:00 PM,IMPROPER TURNING/NO SIGNAL,FAILING TO YIELD RIGHT-OF-WAY,2027,W,CHICAGO AVE,1221,,,,,,,3,NONINCAPACITATING INJURY,1,0,0,1,0,3,0,14,4,7,41.895781169,-87.6781587945,POINT (-87.678158794477 41.895781168955)
2c1fd5e7787cdf5004bc26b0992fbfde8eb222aea9a6a8efce32545e853396693ae85964aa7965f36045c6d8a9fdb451639a056dfe9ba4bac03ab90ae5146917,,07/09/2025 02:30:00 PM,30,STOP SIGN/FLASHER,FUNCTIONING PROPERLY,CLEAR,DAWN,REAR END,NOT DIVIDED,,STRAIGHT AND LEVEL,DRY,NO DEFECTS,NOT ON SCENE (DESK REPORT),NO INJURY / DRIVE AWAY,,,Y,"OVER $1,500",07/09/2025 02:30:00 PM,UNABLE TO DETERMINE,NOT APPLICABLE,3501,S,ARTESIAN AVE,911,,,,,,,2,NO INDICATION OF INJURY,0,0,0,0,0,2,0,14,4,7,41.8301708412,-87.6861495244,POINT (-87.686149524427 41.830170841151)
95a32314ca8172f0124a5651e47c9b5383925e7e298a7485468380207d9cc662274fc877ce069fb54b6d20c8c53117bafa4d231c1a35b4fee25eeb0b66dbf02b,,07/09/2025 02:30:00 PM,30,TRAFFIC SIGNAL,FUNCTIONING PROPERLY,CLEAR,DAYLIGHT,TURNING,DIVIDED - W/MEDIAN (NOT RAISED),,STRAIGHT AND LEVEL,DRY,NO DEFECTS,NOT ON SCENE (DESK REPORT),NO INJURY / DRIVE AWAY,,,,"OVER $1,500",07/09/2025 04:00:00 PM,FAILING TO REDUCE SPEED TO AVOID CRASH,IMPROPER TURNING/NO SIGNAL,3958,W,DIVERSEY AVE,2523,,,,,,,2,NO INDICATION OF INJURY,0,0,0,0,0,2,0,14,4,7,41.9319012678,-87.7269216413,POINT (-87.726921641342 41.931901267775)
1b88603b8e1037ec3021bb2c875874a627589ae858e887ca184bed1bba1b5c1a7ab10c9d109b7fee25b443c65e6154246d49640c513a7f561c8999b7c49c2280,,07/09/2025 02:24:00 PM,30,TRAFFIC SIGNAL,NO CONTROLS,CLEAR,DAYLIGHT,SIDESWIPE SAME DIRECTION,NOT DIVIDED,,STRAIGHT AND LEVEL,DRY,NO DEFECTS,NOT ON SCENE (DESK REPORT),NO INJURY / DRIVE AWAY,,,,"$501 - $1,500",07/09/2025 03:05:00 PM,IMPROPER LANE USAGE,IMPROPER OVERTAKING/PASSING,6001,W,IRVING PARK RD,1633,,,,,,,2,NO INDICATION OF INJURY,0,0,0,0,0,2,0,14,4,7,41.9529444554,-87.7768295418,POINT (-87.776829541827 41.9529444554)
6f8a365c48692752aeb1d8a85d6d82a39d396a4e6b44ee9b396ced5b189a6d7278f22deb58b9cef531c5976037c9245a6c44335c30cbab7685c825a5be0ae1fd,,07/09/2025 02:18:00 PM,30,NO CONTROLS,NO CONTROLS,CLEAR,DAYLIGHT,TURNING,NOT DIVIDED,,STRAIGHT AND LEVEL,DRY,NO DEFECTS,NOT ON SCENE (DESK REPORT),NO INJURY / DRIVE AWAY,,,,"OVER $1,500",07/09/2025 02:45:00 PM,FAILING TO YIELD RIGHT-OF-WAY,UNABLE TO DETERMINE,4700,W,BELMONT AVE,1731,,,,,,,2,NO INDICATION OF INJURY,0,0,0,0,0,2,0,14,4,7,41.9389779582,-87.7439264445,POINT (-87.743926444547 41.938977958246)
6d10ccbbebaf2d8749e33ca251392e9bdada0c6399776aa68b5fb8236c716620d314f4be814437db0070721fd379aff45077b39bd224034d48d30f69c97ccc03,,07/09/2025 02:15:00 PM,30,NO CONTROLS,NO CONTROLS,UNKNOWN,UNKNOWN,PARKED MOTOR VEHICLE,PARKING LOT,,STRAIGHT AND LEVEL,UNKNOWN,UNKNOWN,NOT ON SCENE (DESK REPORT),NO INJURY / DRIVE AWAY,,,,"$501 - $1,500",07/09/2025 03:45:00 PM,IMPROPER BACKING,NOT APPLICABLE,4501,W,DIVERSEY AVE,2521,,,,,,,2,NO INDICATION OF INJURY,0,0,0,0,0,1,0,14,4,7,41.9315192236,-87.7393068992,POINT (-87.739306899233 41.931519223598)
7b3149a00f1ca4e8c3b0dda837cb6fae66ee30e21bf2a203eb9e47f458888d7bb77001afc2e15dabc97a7aa5c07dcc7e49aebd34f2f79937f84ad8afa0e4b070,,07/09/2025 02:15:00 PM,30,TRAFFIC SIGNAL,FUNCTIONING PROPERLY,CLEAR,DAYLIGHT,SIDESWIPE SAME DIRECTION,NOT DIVIDED,,STRAIGHT AND LEVEL,DRY,NO DEFECTS,NOT ON SCENE (DESK REPORT),NO INJURY / DRIVE AWAY,Y,,,"$501 - $1,500",07/09/2025 03:21:00 PM,UNABLE TO DETERMINE,UNABLE TO DETERMINE,316,W,CERMAK RD,914,,,,,,,2,NO INDICATION OF INJURY,0,0,0,0,0,3,0,14,4,7,41.8529915031,-87.6355438546,POINT (-87.635543854644 41.852991503101)
8950dff0cec86a2b3d671864dff5ca43953c00cc86cd34182d1279250915c357c2a5851352e7ab1f4c63a85ca7ddfe5ec7c201f11b71851b290483fc6ce8b201,,07/09/2025 02:15:00 PM,30,TRAFFIC SIGNAL,UNKNOWN,RAIN,DAYLIGHT,REAR END,FOUR WAY,,STRAIGHT AND LEVEL,WET,UNKNOWN,NOT ON SCENE (DESK REPORT),NO INJURY / DRIVE AWAY,Y,,,"OVER $1,500",07/09/2025 02:45:00 PM,UNABLE TO DETERMINE,UNABLE TO DETERMINE,6900,S,DR MARTIN LUTHER KING JR DR,322,,,,,,,2,NO INDICATION OF INJURY,0,0,0,0,0,2,0,14,4,7,41.769246677,-87.6154989599,POINT (-87.61549895992 41.769246676973)
2cf589b6fc6be91d98a94be0475eaede203cefedc4d60e1270bcc53619aa1f359fc17ff08a3a6414c88f619fa8d465141f4352525597c777205b56442598b211,,07/09/2025 02:13:00 PM,30,NO CONTROLS,NO CONTROLS,CLEAR,DAYLIGHT,ANGLE,NOT DIVIDED,,STRAIGHT AND LEVEL,DRY,NO DEFECTS,ON SCENE,INJURY AND / OR TOW DUE TO CRASH,Y,,,"OVER $1,500",07/09/2025 02:15:00 PM,UNABLE TO DETERMINE,NOT APPLICABLE,900,N,PULASKI RD,1111,,,,,,,2,NO INDICATION OF INJURY,0,0,0,0,0,3,0,14,4,7,41.8972888597,-87.7262904776,POINT (-87.726290477551 41.897288859731)
93f183c4d6d2960a3512f38c8983da3f0d894b057dcb71d481305dc0e0400f2cc3204769987b9b5e376092037bf704113c3d15d7d09d54bec98baf15e6436343,Y,07/09/2025 02:03:00 PM,30,UNKNOWN,UNKNOWN,UNKNOWN,DAYLIGHT,TURNING,DIVIDED - W/MEDIAN BARRIER,,STRAIGHT AND LEVEL,UNKNOWN,UNKNOWN,NOT ON SCENE (DESK REPORT),INJURY AND / OR TOW DUE TO CRASH,,,,"OVER $1,500",07/09/2025 02:30:00 PM,UNABLE TO DETERMINE,NOT APPLICABLE,6906,S,LAFAYETTE AVE,731,,,,,,,2,"REPORTED, NOT EVIDENT",1,0,0,0,1,1,0,14,4,7,41.7687878099,-87.6268136872,POINT (-87.626813687169 41.768787809931)
bc9d1aec66d036ffc5ca037d9a57bcc40021ce7464d49b960e428dac5a50ed6172f08a522a34803affeb3078c19e8893a4416af39ed3ad2ec8374ed18b6cda65,,07/09/2025 02:02:00 PM,30,TRAFFIC SIGNAL,FUNCTIONING PROPERLY,CLEAR,DAYLIGHT,TURNING,UNKNOWN INTERSECTION TYPE,,STRAIGHT AND LEVEL,DRY,NO DEFECTS,,NO INJURY / DRIVE AWAY,Y,,Y,$500 OR LESS,07/09/2025 02:12:00 PM,UNABLE TO DETERMINE,UNABLE TO DETERMINE,3200,N,LAKE SHORE DR,1925,,Y,,,,,2,NO INDICATION OF INJURY,0,0,0,0,0,2,0,14,4,7,41.9409091633,-87.63936916,POINT (-87.639369159955 41.940909163268)
d17d8fec693d693ae745bb7ad35abe4d1e1526324e56fc96a6500bf573e0d331e8c1556aefb181df13a2ab9393dc5570b12579020ecf9c1e4ece78152f8fe561,,07/09/2025 02:00:00 PM,30,STOP SIGN/FLASHER,FUNCTIONING PROPERLY,CLEAR,DAYLIGHT,REAR END,NOT DIVIDED,,STRAIGHT AND LEVEL,DRY,NO DEFECTS,NOT ON SCENE (DESK REPORT),NO INJURY / DRIVE AWAY,,,,"OVER $1,500",07/09/2025 03:15:00 PM,UNABLE TO DETERMINE,UNABLE TO DETERMINE,7900,S,LUELLA AVE,414,,,,,,,2,NO INDICATION OF INJURY,0,0,0,0,0,2,0,14,4,7,41.751591573,-87.5700316604,POINT (-87.570031660403 41.751591573029)
c6a49557c554de2a2ca6e2e48ac4d805a7abce8fe083b28e3d7a6346bf5eb73813360286f1a374f4a5c95b34dc0857458f848e5a61f9632322074e4bd97df5ca,,07/09/2025 01:45:00 PM,30,TRAFFIC SIGNAL,FUNCTIONING PROPERLY,CLEAR,DAYLIGHT,SIDESWIPE SAME DIRECTION,NOT DIVIDED,,STRAIGHT AND LEVEL,WET,NO DEFECTS,ON SCENE,NO INJURY / DRIVE AWAY,,,Y,"$501 - $1,500",07/09/2025 02:01:00 PM,IMPROPER OVERTAKING/PASSING,UNABLE TO DETERMINE,1202,N,LARAMIE AVE,2532,,,,,,,2,NO INDICATION OF INJURY,0,0,0,0,0,2,0,13,4,7,41.9023606468,-87.7559235595,POINT (-87.755923559535 41.902360646803)
638da9354e63e13acfb588bcf078c1ff31e6f1477f33b930c105b9f00aaaae3debc8fa5e0b6b28fd00db43fb94610d9ed9cabfd4beaa42cc70007fb4676f4de0,,07/09/2025 01:40:00 PM,30,TRAFFIC SIGNAL,FUNCTIONING PROPERLY,CLEAR,DAYLIGHT,SIDESWIPE SAME DIRECTION,NOT DIVIDED,,STRAIGHT AND LEVEL,DRY,NO DEFECTS,,NO INJURY / DRIVE AWAY,,,Y,"OVER $1,500",07/09/2025 03:30:00 PM,IMPROPER OVERTAKING/PASSING,IMPROPER LANE USAGE,6306,S,KEDZIE AVE,823,,,,,,,2,NO INDICATION OF INJURY,0,0,0,0,0,2,0,13,4,7,41.7787035018,-87.7032773261,POINT (-87.703277326074 41.778703501807)
445bd9fa1d47cf8e20d9862415411926924f85c8880ee36b923b2ed7d428383cf5d2265d36aaae8588fbe6db04e7a18421de0c22a30edcc44f13220c8ae9d394,,07/09/2025 01:35:00 PM,30,TRAFFIC SIGNAL,FUNCTIONING PROPERLY,CLEAR,DAYLIGHT,TURNING,FOUR WAY,,STRAIGHT AND LEVEL,DRY,NO DEFECTS,ON SCENE,NO INJURY / DRIVE AWAY,Y,,,"OVER $1,500",07/09/2025 01:36:00 PM,FAILING TO YIELD RIGHT-OF-WAY,FAILING TO YIELD RIGHT-OF-WAY,3956,W,MONTROSE AVE,1723,,,,,,,2,NO INDICATION OF INJURY,0,0,0,0,0,2,0,13,4,7,41.9610583951,-87.7276908686,POINT (-87.72769086863 41.961058395089)
27c15c31a212c0c38b7bdb495a6ee7142a7b674d9b0ab99793d451302e713509fa9e0895f53883fd2c4794730fdbfd86eb76f3d67d15af1c0b9e773d4f1ebb2d,,07/09/2025 01:30:00 PM,30,NO CONTROLS,NO CONTROLS,CLEAR,DAYLIGHT,TURNING,NOT DIVIDED,,STRAIGHT AND LEVEL,DRY,NO DEFECTS,NOT ON SCENE (DESK REPORT),NO INJURY / DRIVE AWAY,,,,"OVER $1,500",07/09/2025 03:11:00 PM,FAILING TO YIELD RIGHT-OF-WAY,UNABLE TO DETERMINE,3173,W,55TH ST,824,,,,,,,2,NO INDICATION OF INJURY,0,0,0,0,0,5,0,13,4,7,41.7934050053,-87.7034904938,POINT (-87.703490493767 41.793405005299)
530a03946ce507981686ede1104735118b1e870094ea49a71310e10ae8becb8477b4e0e5a2102416ae6e1dc4c20e10825e18d2946f3a05ee496237e3a872f064,,07/09/2025 01:30:00 PM,30,TRAFFIC SIGNAL,FUNCTIONING PROPERLY,CLEAR,DAYLIGHT,FIXED OBJECT,DIVIDED - W/MEDIAN (NOT RAISED),,STRAIGHT AND LEVEL,DRY,NO DEFECTS,NOT ON SCENE (DESK REPORT),INJURY AND / OR TOW DUE TO CRASH,,,,"OVER $1,500",07/09/2025 04:10:00 PM,IMPROPER OVERTAKING/PASSING,NOT APPLICABLE,5200,N,LINCOLN AVE,2011,,,,,,,1,NO INDICATION OF INJURY,0,0,0,0,0,1,0,13,4,7,41.975912899,-87.6924941747,POINT (-87.692494174663 41.975912898994)
0f45ad12e25faaa73ccd397c8246162aa9206c2a92dc116ef9714f29c058ffc0474bfcd0745ea40845e019148995746ca473d498c115ef48d70bca32ec6a30a8,,07/09/2025 01:15:00 PM,35,NO CONTROLS,NO CONTROLS,RAIN,DAYLIGHT,ANGLE,NOT DIVIDED,,STRAIGHT AND LEVEL,WET,NO DEFECTS,ON SCENE,INJURY AND / OR TOW DUE TO CRASH,Y,,,"OVER $1,500",07/09/2025 01:20:00 PM,UNABLE TO DETERMINE,NOT APPLICABLE,9800,S,HAMILTON AVE,2213,,,,,,,2,"REPORTED, NOT EVIDENT",1,0,0,0,1,3,0,13,4,7,41.7154735697,-87.6759901893,POINT (-87.675990189279 41.715473569748)
1f0bb776935c12d994b9ea3ac057335b761b8bf61a40b7102982d97302d7375e0cf83186566cc77c9950be3c691887c220392e43fc48b78b6805ad2c453583f4,Y,07/09/2025 01:15:00 PM,30,NO CONTROLS,NO CONTROLS,CLEAR,DAYLIGHT,PARKED MOTOR VEHICLE,NOT DIVIDED,,STRAIGHT AND LEVEL,UNKNOWN,UNKNOWN,,NO INJURY / DRIVE AWAY,,,Y,"OVER $1,500",07/09/2025 01:51:00 PM,UNABLE TO DETERMINE,NOT APPLICABLE,1815,W,BALMORAL AVE,2012,,,,,,,2,NO INDICATION OF INJURY,0,0,0,0,0,1,0,13,4,7,41.9796248361,-87.6754501821,POINT (-87.675450182142 41.979624836127)
9298262016ca7ced4c52556c26d118a616abad4c9690dca0ca8df77669369612f6598d2a4f4750161a9eeeb5e395922d3b978076be8b51be44820b62cb7f9bb0,,07/09/2025 01:15:00 PM,30,NO CONTROLS,NO CONTROLS,CLEAR,DAYLIGHT,REAR END,NOT DIVIDED,,STRAIGHT AND LEVEL,DRY,NO DEFECTS,ON SCENE,NO INJURY / DRIVE AWAY,,,,"$501 - $1,500",07/09/2025 01:45:00 PM,UNABLE TO DETERMINE,UNABLE TO DETERMINE,1728,W,DIVISION ST,1424,,,,,,,2,NO INDICATION OF INJURY,0,0,0,0,0,2,0,13,4,7,41.9033945399,-87.6712310612,POINT (-87.671231061179 41.903394539879)
522168dd77ed3aef6b74a301e18f42b6e3883b36a448cf2074244f2a3a726a38028a603356d1cab199e8bcbbea6e1632ebf2dd54a723cace5499681b5b0ac959,,07/09/2025 01:14:00 PM,30,NO CONTROLS,NO CONTROLS,CLEAR,DAYLIGHT,TURNING,NOT DIVIDED,,STRAIGHT AND LEVEL,DRY,NO DEFECTS,ON SCENE,INJURY AND / OR TOW DUE TO CRASH,,,,"OVER $1,500",07/09/2025 02:15:00 PM,UNABLE TO DETERMINE,UNABLE TO DETERMINE,7337,N,RIDGE BLVD,2424,,,,,,,2,NO INDICATION OF INJURY,0,0,0,0,0,2,0,13,4,7,42.0151216702,-87.6839211019,POINT (-87.683921101923 42.015121670158)
a634eccb637c015acfd21cc0ef609eafa0e8a2fd7db70a05f68d420c9a139084946ff27a3095fb4d713f970dd3a1e2347ce51d72405735349be70b1bc0954987,,07/09/2025 01:12:00 PM,30,TRAFFIC SIGNAL,NO CONTROLS,RAIN,DAYLIGHT,SIDESWIPE SAME DIRECTION,DIVIDED - W/MEDIAN BARRIER,,STRAIGHT AND LEVEL,WET,NO DEFECTS,NOT ON SCENE (DESK REPORT),NO INJURY / DRIVE AWAY,,,Y,"OVER $1,500",07/09/2025 02:10:00 PM,UNABLE TO DETERMINE,UNABLE TO DETERMINE,9453,S,HALSTED ST,2223,,,,,,,2,NO INDICATION OF INJURY,0,0,0,0,0,2,0,13,4,7,41.7216433238,-87.6430713306,POINT (-87.6430713306 41.721643323817)
d034cc88dd9e918f18b3af1a540743f01189a6cb5d301419a4880490e122c3e902cb4c2a5b993e82c4b85a105b524a9a2b830c9155e9d9c418dd3d85ae06b21f,,07/09/2025 01:06:00 PM,30,NO CONTROLS,NO CONTROLS,RAIN,DAYLIGHT,SIDESWIPE SAME DIRECTION,NOT DIVIDED,,STRAIGHT AND LEVEL,WET,NO DEFECTS,NOT ON SCENE (DESK REPORT),NO INJURY / DRIVE AWAY,,,,"OVER $1,500",07/09/2025 02:00:00 PM,IMPROPER OVERTAKING/PASSING,UNABLE TO DETERMINE,6232,S,PULASKI RD,813,,,,,,,2,NO INDICATION OF INJURY,0,0,0,0,0,2,0,13,4,7,41.779499774,-87.7229307834,POINT (-87.722930783415 41.779499773981)
246a7fb234cb4c8c79d9e4bd6208ab1b960dd9b8eba9869a1edb2da9b7d4c187c39c919b5937f200caa58371d3d35c42707b23ade58b328a884f3e2abc635096,,07/09/2025 01:05:00 PM,30,TRAFFIC SIGNAL,FUNCTIONING PROPERLY,CLEAR,DAYLIGHT,TURNING,NOT DIVIDED,,STRAIGHT AND LEVEL,DRY,NO DEFECTS,ON SCENE,NO INJURY / DRIVE AWAY,Y,,Y,"OVER $1,500",07/09/2025 01:06:00 PM,FAILING TO YIELD RIGHT-OF-WAY,UNABLE TO DETERMINE,4900,W,NORTH AVE,2533,,,,,,,2,NO INDICATION OF INJURY,0,0,0,0,0,4,0,13,4,7,41.9096941747,-87.7492956528,POINT (-87.749295652768 41.909694174654)
f5afaa62bb0f9ce902e119b990210247ebcb90bdf76510ae6c52c1947b54f634db2d91bb365eac6f06132553ed3491ea36d4fa9ac381bfd16445aa8fb7b27dbb,,07/09/2025 01:02:00 PM,30,NO CONTROLS,NO CONTROLS,CLEAR,DAYLIGHT,TURNING,PARKING LOT,,STRAIGHT AND LEVEL,DRY,NO DEFECTS,NOT ON SCENE (DESK REPORT),NO INJURY / DRIVE AWAY,,,,"OVER $1,500",07/09/2025 02:35:00 PM,IMPROPER TURNING/NO SIGNAL,IMPROPER TURNING/NO SIGNAL,4621,S,HALSTED ST,925,,,,,,,2,NO INDICATION OF INJURY,0,0,0,0,0,2,0,13,4,7,41.810116891,-87.6454258155,POINT (-87.6454258155 41.810116891019)
27047b7923b92531bbc7697fb129addd651bf9767f293ea5f5cdd77cffdea200077218325a91391168f2a5d8641c01f84c77a13940e2237c3266c791fb322965,,07/09/2025 01:00:00 PM,25,NO CONTROLS,NO CONTROLS,CLEAR,DAYLIGHT,PARKED MOTOR VEHICLE,ONE-WAY,,STRAIGHT AND LEVEL,DRY,NO DEFECTS,NOT ON SCENE (DESK REPORT),NO INJURY / DRIVE AWAY,,,Y,"OVER $1,500",07/09/2025 01:40:00 PM,UNABLE TO DETERMINE,UNABLE TO DETERMINE,2501,S,HAMLIN AVE,1013,,,,,,,2,NO INDICATION OF INJURY,0,0,0,0,0,1,0,13,4,7,41.8460760151,-87.7195774655,POINT (-87.719577465461 41.846076015068)
4fa8e4602b15f0f7c73b4ace480204c23e6c72b8ba9f7c50910f48b91818eb278cd063df44dcf24462dcb6f0da5e0e9265b94d8fbf8e629a4f3d763c869875af,,07/09/2025 01:00:00 PM,30,TRAFFIC SIGNAL,FUNCTIONING PROPERLY,CLEAR,DAYLIGHT,SIDESWIPE SAME DIRECTION,DIVIDED - W/MEDIAN (NOT RAISED),,STRAIGHT AND LEVEL,DRY,UNKNOWN,NOT ON SCENE (DESK REPORT),NO INJURY / DRIVE AWAY,,,Y,"OVER $1,500",07/09/2025 01:15:00 PM,DRIVING SKILLS/KNOWLEDGE/EXPERIENCE,DRIVING SKILLS/KNOWLEDGE/EXPERIENCE,311,S,HAMLIN BLVD,1133,,,,,,,2,NO INDICATION OF INJURY,0,0,0,0,0,2,0,13,4,7,41.8767988858,-87.7203944403,POINT (-87.720394440312 41.876798885756)