CRASH_RECORD_ID,CRASH_DATE_EST_I,CRASH_DATE,POSTED_SPEED_LIMIT,TRAFFIC_CONTROL_DEVICE,DEVICE_CONDITION,WEATHER_CONDITION,LIGHTING_CONDITION,FIRST_CRASH_TYPE,TRAFFICWAY_TYPE,LANE_CNT,ALIGNMENT,ROADWAY_SURFACE_COND,ROAD_DEFECT,REPORT_TYPE,CRASH_TYPE,INTERSECTION_RELATED_I,NOT_RIGHT_OF_WAY_I,HIT_AND_RUN_I,DAMAGE,DATE_POLICE_NOTIFIED,PRIM_CONTRIBUTORY_CAUSE,SEC_CONTRIBUTORY_CAUSE,STREET_NO,STREET_DIRECTION,STREET_NAME,BEAT_OF_OCCURRENCE,PHOTOS_TAKEN_I,STATEMENTS_TAKEN_I,DOORING_I,WORK_ZONE_I,WORK_ZONE_TYPE,WORKERS_PRESENT_I,NUM_UNITS,MOST_SEVERE_INJURY,INJURIES_TOTAL,INJURIES_FATAL,INJURIES_INCAPACITATING,INJURIES_NON_INCAPACITATING,INJURIES_REPORTED_NOT_EVIDENT,INJURIES_NO_INDICATION,INJURIES_UNKNOWN,CRASH_HOUR,CRASH_DAY_OF_WEEK,CRASH_MONTH,LATITUDE,LONGITUDE,LOCATION
744472725d257b19ab5b5d1b57241762ee8a96249f8a1545d508ff21ab58b6a20df12deae9180619affa9980ba77ebd03e17370f0fe05e0d1e526a2bc896cbe9,,07/09/2025 01:00:00 PM,30,NO CONTROLS,NO CONTROLS,RAIN,DAYLIGHT,PARKED MOTOR VEHICLE,NOT DIVIDED,,STRAIGHT AND LEVEL,WET,NO DEFECTS,ON SCENE,INJURY AND / OR TOW DUE TO CRASH,,,,"OVER $1,500",07/09/2025 01:05:00 PM,EQUIPMENT - VEHICLE CONDITION,EQUIPMENT - VEHICLE CONDITION,3638,W,MARQUETTE RD,833,,,,,,,2,NONINCAPACITATING INJURY,1,0,0,1,0,0,0,13,4,7,41.7716089594,-87.7144669565,POINT (-87.714466956533 41.7716089594)
b758f666a2ce0a81e06781db8a15015164ce290f00ac98538c1625c31c7f973adf003a9b7b5edd71dd8cbc21917d1ed91e07251811b5efdbab8468f526618a61,,07/09/2025 01:00:00 PM,30,NO CONTROLS,NO CONTROLS,CLEAR,DAYLIGHT,ANGLE,NOT DIVIDED,,STRAIGHT AND LEVEL,DRY,NO DEFECTS,ON SCENE,NO INJURY / DRIVE AWAY,,,,"OVER $1,500",07/09/2025 01:04:00 PM,FAILING TO YIELD RIGHT-OF-WAY,"VISION OBSCURED (SIGNS, TREE LIMBS, BUILDINGS, ETC.)",211,W,26TH ST,914,,,,,,,2,NO INDICATION OF INJURY,0,0,0,0,0,2,0,13,4,7,41.845413838,-87.6323135164,POINT (-87.632313516386 41.845413837965)
c4763304ae5e8eed0a50ba7557643fa65b848ae40b3a6f860b2f1418e4d9d9929d351b4aaa7424fd5149e82577be71aa09340e50ffa1ba6be882b3a5d4141a75,Y,07/09/2025 01:00:00 PM,30,UNKNOWN,UNKNOWN,UNKNOWN,UNKNOWN,REAR END,NOT DIVIDED,,STRAIGHT AND LEVEL,UNKNOWN,UNKNOWN,NOT ON SCENE (DESK REPORT),NO INJURY / DRIVE AWAY,,,Y,"OVER $1,500",07/15/2025 01:40:00 PM,UNABLE TO DETERMINE,NOT APPLICABLE,7300,S,HALSTED ST,733,,,,,,,2,NO INDICATION OF INJURY,0,0,0,0,0,2,0,13,4,7,41.7614710404,-87.6444661705,POINT (-87.644466170529 41.761471040424)
ead06c23b502240104faed6c2593400760902c70b36a279bf392a251f5c8ed9eac74a382172ced3b275e65bfe8febc363139b85076f1ee79c3e47d2faec53cc2,,07/09/2025 01:00:00 PM,30,NO CONTROLS,NO CONTROLS,CLEAR,DAYLIGHT,PEDALCYCLIST,DIVIDED - W/MEDIAN (NOT RAISED),,STRAIGHT AND LEVEL,DRY,NO DEFECTS,NOT ON SCENE (DESK REPORT),INJURY AND / OR TOW DUE TO CRASH,,,,"$501 - $1,500",07/09/2025 01:45:00 PM,FAILING TO REDUCE SPEED TO AVOID CRASH,"VISION OBSCURED (SIGNS, TREE LIMBS, BUILDINGS, ETC.)",1310,N,PULASKI RD,2534,,,,,,,2,NONINCAPACITATING INJURY,1,0,0,1,0,1,0,13,4,7,41.9048451668,-87.7265166605,POINT (-87.726516660528 41.904845166781)
d41d64c0be5adfad8c0b20d4c882f797b074b2c3b7b24131818a660cc214e9be4e8b8c0f35f1b6acbaffa3a0cbe54158729b1cf00e52a3803d09c2413dd01f7b,,07/09/2025 12:59:00 PM,30,UNKNOWN,UNKNOWN,RAIN,DAYLIGHT,FIXED OBJECT,DIVIDED - W/MEDIAN (NOT RAISED),,STRAIGHT AND LEVEL,WET,UNKNOWN,ON SCENE,INJURY AND / OR TOW DUE TO CRASH,,,,"OVER $1,500",07/09/2025 12:59:00 PM,UNABLE TO DETERMINE,UNABLE TO DETERMINE,8200,S,DR MARTIN LUTHER KING JR DR,631,,,,,,,1,NO INDICATION OF INJURY,0,0,0,0,0,1,0,12,4,7,41.7455438723,-87.6149629651,POINT (-87.614962965114 41.745543872257)
20b93c1b3ecf6b64086a3cddba82cce6ec4180e99a18244dd87bb19ea462e0fdf41892515d3962e690fd15ebe1c1b104480b2825aa48f1b769f8859c9d254060,,07/09/2025 12:51:00 PM,30,NO CONTROLS,NO CONTROLS,RAIN,DAYLIGHT,PARKED MOTOR VEHICLE,OTHER,,STRAIGHT AND LEVEL,WET,UNKNOWN,ON SCENE,NO INJURY / DRIVE AWAY,,,,$500 OR LESS,07/09/2025 12:53:00 PM,UNABLE TO DETERMINE,UNABLE TO DETERMINE,5248,S,PARKSIDE AVE,811,,,,,,,2,NO INDICATION OF INJURY,0,0,0,0,0,2,0,12,4,7,41.7967765809,-87.7637946986,POINT (-87.763794698633 41.796776580922)
1a9b0b38b8f40c34d20582940eef1d0e0673cadc23dc3b68f8750811552aae88b610f3d41547f04286143a8b90d055e850cd887d2bfa5c330e7f4cf0b57f09f3,,07/09/2025 12:45:00 PM,30,TRAFFIC SIGNAL,NO CONTROLS,CLEAR,DAYLIGHT,REAR END,NOT DIVIDED,,STRAIGHT AND LEVEL,DRY,NO DEFECTS,NOT ON SCENE (DESK REPORT),NO INJURY / DRIVE AWAY,,,,"OVER $1,500",07/09/2025 02:00:00 PM,FOLLOWING TOO CLOSELY,FAILING TO REDUCE SPEED TO AVOID CRASH,6309,N,PULASKI RD,1711,,,,,,,2,NO INDICATION OF INJURY,0,0,0,0,0,2,0,12,4,7,41.9957654099,-87.728755951,POINT (-87.728755951049 41.99576540987)
7275c419f58421ff20e77e1a44cea1b5ae077aa11cbbd9252b2246a283218bec8d5806d76a14b6ebc885a12f15835220276e24368bc3eaae582c1b216ef837bf,,07/09/2025 12:40:00 PM,30,TRAFFIC SIGNAL,FUNCTIONING PROPERLY,CLEAR,DAYLIGHT,ANGLE,FOUR WAY,,STRAIGHT AND LEVEL,WET,NO DEFECTS,ON SCENE,INJURY AND / OR TOW DUE TO CRASH,Y,,,"OVER $1,500",07/09/2025 12:48:00 PM,UNABLE TO DETERMINE,UNABLE TO DETERMINE,300,N,WESTERN AVE,1222,,,,,,,2,NO INDICATION OF INJURY,0,0,0,0,0,2,0,12,4,7,41.8867217641,-87.6867273643,POINT (-87.686727364298 41.88672176412)
a34ddcf63302afaf6c8b2434a76cb417ea282110758d8537b05ef5afef9be84b0cc4284b85904c54b63690b85d48836c0866a7aa2af067d0e852094aebe98e59,,07/09/2025 12:40:00 PM,30,TRAFFIC SIGNAL,FUNCTIONING PROPERLY,CLEAR,DAYLIGHT,SIDESWIPE SAME DIRECTION,DIVIDED - W/MEDIAN (NOT RAISED),,STRAIGHT AND LEVEL,DRY,UNKNOWN,NOT ON SCENE (DESK REPORT),INJURY AND / OR TOW DUE TO CRASH,,,,"OVER $1,500",07/09/2025 02:00:00 PM,FAILING TO YIELD RIGHT-OF-WAY,NOT APPLICABLE,2592,W,GRAND AVE,1221,,,,,,,2,NONINCAPACITATING INJURY,1,0,0,1,0,2,0,12,4,7,41.8924138869,-87.6915599606,POINT (-87.691559960647 41.89241388691)
40393414d4db01c5098a450c4eeaa359b56d51ab7962886ee926f8c54565bcba71e021c700e403155e2c14daa1053b956139b83b724dd5b482ddff01063c0021,,07/09/2025 12:35:00 PM,30,NO CONTROLS,NO CONTROLS,CLEAR,DAYLIGHT,SIDESWIPE SAME DIRECTION,DIVIDED - W/MEDIAN (NOT RAISED),,STRAIGHT AND LEVEL,DRY,NO DEFECTS,ON SCENE,NO INJURY / DRIVE AWAY,,,,"$501 - $1,500",07/09/2025 01:05:00 PM,UNABLE TO DETERMINE,NOT APPLICABLE,9400,S,STONY ISLAND AVE,413,,,,,,,2,NO INDICATION OF INJURY,0,0,0,0,0,2,0,12,4,7,41.7240747838,-87.5853032325,POINT (-87.585303232497 41.724074783765)
4e86c7809c54bf9ddf31c688af523aa3bed11f3d703630b896f405fb26e67a0d1705ae521cf50484251ef9b84cff2adec61ea4d1d3d8d23e6aa2df38e71c48fb,,07/09/2025 12:35:00 PM,10,NO CONTROLS,NO CONTROLS,CLEAR,DAYLIGHT,REAR TO REAR,PARKING LOT,,STRAIGHT AND LEVEL,DRY,NO DEFECTS,ON SCENE,NO INJURY / DRIVE AWAY,,Y,Y,"OVER $1,500",07/09/2025 02:45:00 PM,IMPROPER BACKING,UNABLE TO DETERMINE,6255,S,ST LOUIS AVE,823,,,,,,,2,NO INDICATION OF INJURY,0,0,0,0,0,2,0,12,4,7,41.7790416495,-87.7102697703,POINT (-87.710269770317 41.779041649518)
507845e1a07d7a554e0fd3de19b0b337e178c31f80d13ff06aa0af7e3398a37f2b0458d53a843f20acc742ce03045fa04df68e5355bab399c545db01645ceece,,07/09/2025 12:30:00 PM,35,NO CONTROLS,NO CONTROLS,CLEAR,DAYLIGHT,SIDESWIPE SAME DIRECTION,DIVIDED - W/MEDIAN (NOT RAISED),,STRAIGHT AND LEVEL,DRY,NO DEFECTS,NOT ON SCENE (DESK REPORT),NO INJURY / DRIVE AWAY,,,,"OVER $1,500",07/09/2025 02:20:00 PM,IMPROPER OVERTAKING/PASSING,UNABLE TO DETERMINE,8300,S,STATE ST,632,,,,,,,2,NO INDICATION OF INJURY,0,0,0,0,0,2,0,12,4,7,41.7435618073,-87.6244758005,POINT (-87.624475800517 41.743561807288)
6b928e76711214514eba8429149963b14348700e43a3482458f0fa722acbab27ead0c925e120408fe06a48366168806b819d35dff0d2cc0a5478ff552dd91498,,07/09/2025 12:30:00 PM,10,NO CONTROLS,NO CONTROLS,UNKNOWN,DAYLIGHT,REAR TO FRONT,PARKING LOT,,STRAIGHT AND LEVEL,UNKNOWN,UNKNOWN,NOT ON SCENE (DESK REPORT),NO INJURY / DRIVE AWAY,,,,"OVER $1,500",07/11/2025 05:59:00 PM,IMPROPER BACKING,IMPROPER BACKING,111,E,WACKER DR,114,,,,,,,2,NO INDICATION OF INJURY,0,0,0,0,0,2,0,12,4,7,41.8880794261,-87.6240473698,POINT (-87.624047369764 41.888079426105)
bebf3fe88cbee8a9dda7ca1b4d6a13f187f93073382987f1e9d61d24d70b30132c07e77c9d8bae0c163c75f52b9998e0055f1ddae58cdbc02f89d3a01fe2b4b0,,07/09/2025 12:30:00 PM,30,TRAFFIC SIGNAL,FUNCTIONING PROPERLY,RAIN,DAYLIGHT,REAR END,NOT DIVIDED,,STRAIGHT AND LEVEL,DRY,NO DEFECTS,NOT ON SCENE (DESK REPORT),NO INJURY / DRIVE AWAY,,,,"OVER $1,500",07/09/2025 01:15:00 PM,FOLLOWING TOO CLOSELY,FAILING TO REDUCE SPEED TO AVOID CRASH,2756,W,59TH ST,824,,,,,,,2,NO INDICATION OF INJURY,0,0,0,0,0,2,0,12,4,7,41.786519985,-87.6934540937,POINT (-87.693454093678 41.786519985019)
f74e3709b18bd53bbd54193f04b13ba4a0ea8c58ab656bca196c5e71dff8d36fb127b8eea4f971120dd690f496cac3b7ca40759d0c532df497345ffc8054fd8d,,07/09/2025 12:26:00 PM,30,NO CONTROLS,NO CONTROLS,RAIN,DAYLIGHT,PEDESTRIAN,NOT DIVIDED,,STRAIGHT AND LEVEL,WET,NO DEFECTS,ON SCENE,INJURY AND / OR TOW DUE TO CRASH,,,,$500 OR LESS,07/09/2025 12:45:00 PM,UNABLE TO DETERMINE,NOT APPLICABLE,8700,S,COMMERCIAL AVE,423,,,,,,,2,"REPORTED, NOT EVIDENT",1,0,0,0,1,1,0,12,4,7,41.7372855719,-87.5515751443,POINT (-87.551575144327 41.73728557189)
1337cf4c7af113db2b6583268137702aa6ab4765ab363431122dbedc65ccec952ab34440bd870a1901d29d1b2b3c657df8e99397a9122b720a189ce3b7a802f0,,07/09/2025 12:24:00 PM,30,NO CONTROLS,NO CONTROLS,CLEAR,DAYLIGHT,TURNING,NOT DIVIDED,,STRAIGHT AND LEVEL,DRY,UNKNOWN,ON SCENE,INJURY AND / OR TOW DUE TO CRASH,,,Y,"OVER $1,500",07/09/2025 12:26:00 PM,UNABLE TO DETERMINE,UNABLE TO DETERMINE,8131,S,PULASKI RD,834,,,,,,,2,NO INDICATION OF INJURY,0,0,0,0,0,2,0,12,4,7,41.7448815963,-87.7216150518,POINT (-87.721615051768 41.744881596267)
a7ecfd6984f0c687f52e7630179a4e59bf259834e479fd6e426b0bc1553cb02eac02f1cb630b1ed7ac4893d910816878bc89f1628fd2078408a7b23bd1901e53,,07/09/2025 12:22:00 PM,30,NO CONTROLS,NO CONTROLS,CLEAR,DAYLIGHT,REAR END,DIVIDED - W/MEDIAN (NOT RAISED),,STRAIGHT AND LEVEL,DRY,NO DEFECTS,ON SCENE,NO INJURY / DRIVE AWAY,,,,"OVER $1,500",07/09/2025 12:30:00 PM,UNABLE TO DETERMINE,UNABLE TO DETERMINE,1710,W,NORTH AVE,1433,,,,,,,2,NO INDICATION OF INJURY,0,0,0,0,0,3,0,12,4,7,41.9106999824,-87.6706215373,POINT (-87.670621537278 41.910699982405)
13c53ace8dfd2375e3a5e3e5f436bb992216884c7e7a96065dc78ae9291cb84e05bff04aac0078635f4d83691c509da68456fb0290040d5d7ab6a7f352802be5,,07/09/2025 12:20:00 PM,30,NO CONTROLS,NO CONTROLS,CLEAR,DAYLIGHT,PARKED MOTOR VEHICLE,DIVIDED - W/MEDIAN (NOT RAISED),,STRAIGHT AND LEVEL,DRY,UNKNOWN,NOT ON SCENE (DESK REPORT),NO INJURY / DRIVE AWAY,,,,"OVER $1,500",07/09/2025 01:00:00 PM,UNABLE TO DETERMINE,UNABLE TO DETERMINE,1340,S,DAMEN AVE,1233,,,,,,,2,NO INDICATION OF INJURY,0,0,0,0,0,2,0,12,4,7,41.8637343909,-87.67631269,POINT (-87.676312689993 41.863734390899)
c95f08036c7495e9d2c86c099792bb126f6249490e34b83d9eede3cf3805396d1c8689f68d63280b8667e5ba680b7da83b0d0fdbd667411350aeb86c7feae222,,07/09/2025 12:20:00 PM,30,NO CONTROLS,NO CONTROLS,RAIN,DAYLIGHT,SIDESWIPE SAME DIRECTION,NOT DIVIDED,,STRAIGHT AND LEVEL,WET,UNKNOWN,ON SCENE,NO INJURY / DRIVE AWAY,,,Y,"OVER $1,500",07/09/2025 12:30:00 PM,UNABLE TO DETERMINE,UNABLE TO DETERMINE,5432,W,55TH ST,814,,,,,,,2,NO INDICATION OF INJURY,0,0,0,0,0,2,0,12,4,7,41.7929021383,-87.7587032141,POINT (-87.75870321411 41.792902138261)
d897b40eb0c2fd44ba27a11b0003dee2aac294b2d51dbfb711a539ecf14e69083cd6d7441e85465d16862ae35d5668b84e0558c892d004d0b02ba22dd6fdd85d,,07/09/2025 12:18:00 PM,30,TRAFFIC SIGNAL,FUNCTIONING PROPERLY,CLEAR,DAYLIGHT,REAR END,CENTER TURN LANE,,STRAIGHT AND LEVEL,DRY,NO DEFECTS,NOT ON SCENE (DESK REPORT),NO INJURY / DRIVE AWAY,,,Y,$500 OR LESS,07/09/2025 01:45:00 PM,FAILING TO REDUCE SPEED TO AVOID CRASH,NOT APPLICABLE,122,E,47TH ST,215,,,,,,,2,NO INDICATION OF INJURY,0,0,0,0,0,6,0,12,4,7,41.809412351,-87.6218449676,POINT (-87.621844967616 41.809412350975)
a8a0566e4766e3f8eee6fbc199d26ea9f5c8fd098c0712794a1276f18bedc95184bd1dd44f7d1baaf975066e8a37f1b4f3aaeabf35fcfddb6536953fe1fa17e3,,07/09/2025 12:15:00 PM,30,UNKNOWN,UNKNOWN,UNKNOWN,DAYLIGHT,ANGLE,DIVIDED - W/MEDIAN (NOT RAISED),,STRAIGHT AND LEVEL,UNKNOWN,UNKNOWN,NOT ON SCENE (DESK REPORT),NO INJURY / DRIVE AWAY,,,,"OVER $1,500",07/09/2025 01:30:00 PM,UNABLE TO DETERMINE,UNABLE TO DETERMINE,2020,W,HARRISON ST,1225,,,,,,,2,NO INDICATION OF INJURY,0,0,0,0,0,2,0,12,4,7,41.8741381903,-87.6772718287,POINT (-87.677271828719 41.874138190275)
d577d9b151fac5ea23605d82b0f34ae8b49dc01b7b891d94853cb5268d37aa64accce5271da99e847d0c53825afa8f48b9f4391eae0cad74b3fd39bfb4d7e92e,,07/09/2025 12:15:00 PM,30,NO CONTROLS,NO CONTROLS,CLEAR,DAYLIGHT,PARKED MOTOR VEHICLE,NOT DIVIDED,,STRAIGHT AND LEVEL,DRY,NO DEFECTS,NOT ON SCENE (DESK REPORT),NO INJURY / DRIVE AWAY,,,,$500 OR LESS,07/09/2025 12:15:00 PM,UNABLE TO DETERMINE,NOT APPLICABLE,3445,S,HALSTED ST,915,,,,,,,2,NO INDICATION OF INJURY,0,0,0,0,0,1,0,12,4,7,41.8311836631,-87.6459730796,POINT (-87.645973079569 41.831183663072)
50f11bd18de84e334ba4d658a5f702b176c830ea57e36521f8778640242cc8df887d5ecbbea676b8da3384dafc0344e9dd181f640cc4fb5374c76e0633617eb0,,07/09/2025 12:14:00 PM,30,TRAFFIC SIGNAL,FUNCTIONING PROPERLY,CLOUDY/OVERCAST,DAYLIGHT,ANGLE,FOUR WAY,,STRAIGHT AND LEVEL,DRY,UNKNOWN,ON SCENE,INJURY AND / OR TOW DUE TO CRASH,Y,,,"OVER $1,500",07/09/2025 12:14:00 PM,DISREGARDING TRAFFIC SIGNALS,NOT APPLICABLE,4801,W,WASHINGTON BLVD,1533,,,,,,,2,NONINCAPACITATING INJURY,1,0,0,1,0,1,0,12,4,7,41.8817064526,-87.7454621149,POINT (-87.745462114941 41.881706452614)
67dcb0ed1721bd6b45ae46e025b7fd10624387a9c672cfef86f2e80b49ab9186933649722bd42d6ab03be81c63d58e3b3f2fe45cdf9c80e2604fe4699defd0ed,,07/09/2025 12:12:00 PM,30,NO CONTROLS,NO CONTROLS,CLEAR,DAYLIGHT,PEDESTRIAN,ALLEY,,STRAIGHT AND LEVEL,DRY,NO DEFECTS,,INJURY AND / OR TOW DUE TO CRASH,,,Y,$500 OR LESS,07/09/2025 12:25:00 PM,FAILING TO YIELD RIGHT-OF-WAY,UNABLE TO DETERMINE,2643,N,CLARK ST,1935,,,,,,,2,"REPORTED, NOT EVIDENT",1,0,0,0,1,1,0,12,4,7,41.9307787217,-87.6437819717,POINT (-87.64378197171 41.930778721657)
bccd8f34b62060aa5db04dd6088924e4a4965232fb7b60167358a26abad4c6b32dca7cf9ad2906ade34527fab8b6e5cd6f751b398e558a38c220ac744ef71314,,07/09/2025 12:10:00 PM,25,NO CONTROLS,NO CONTROLS,CLEAR,DAYLIGHT,TURNING,NOT DIVIDED,,STRAIGHT AND LEVEL,DRY,UNKNOWN,NOT ON SCENE (DESK REPORT),NO INJURY / DRIVE AWAY,,,,"$501 - $1,500",07/09/2025 01:20:00 PM,UNABLE TO DETERMINE,NOT APPLICABLE,9427,S,DAMEN AVE,2221,,,,,,,2,NO INDICATION OF INJURY,0,0,0,0,0,2,0,12,4,7,41.722076584,-87.6726662103,POINT (-87.672666210262 41.72207658395)
8cb0c3708e980af52f60e0f1c765859259b3d4bb0f8839b1fa3a5ad088aa3cef0d06f8e83f977dd458c5c3febc9c451823f4851e7c8a64f207a1d6b3a9055ec6,,07/09/2025 12:06:00 PM,30,NO CONTROLS,NO CONTROLS,RAIN,"DARKNESS, LIGHTED ROAD",SIDESWIPE SAME DIRECTION,NOT DIVIDED,,STRAIGHT AND LEVEL,WET,NO DEFECTS,NOT ON SCENE (DESK REPORT),NO INJURY / DRIVE AWAY,,,Y,"OVER $1,500",07/09/2025 08:05:00 PM,FOLLOWING TOO CLOSELY,UNABLE TO DETERMINE,3000,N,CICERO AVE,2521,,,,,,,2,NO INDICATION OF INJURY,0,0,0,0,0,2,0,12,4,7,41.9352232525,-87.7468895938,POINT (-87.746889593821 41.935223252451)
141510b0ade130a2ccc4fdfef4a8bfaf05156c8c9ca03c02cf8513cd7fb7460058985562172b7fb78048a2bdac926b65dd1ef64e17c9015aac2fdf6e17cc5a42,Y,07/09/2025 12:00:00 PM,30,NO CONTROLS,NO CONTROLS,CLEAR,DAYLIGHT,SIDESWIPE SAME DIRECTION,DIVIDED - W/MEDIAN (NOT RAISED),,STRAIGHT AND LEVEL,DRY,NO DEFECTS,ON SCENE,INJURY AND / OR TOW DUE TO CRASH,,,,"OVER $1,500",07/09/2025 12:00:00 PM,IMPROPER OVERTAKING/PASSING,NOT APPLICABLE,5722,S,ASHLAND AVE,715,,,,,,,2,"REPORTED, NOT EVIDENT",2,0,0,0,2,0,0,12,4,7,41.7896728889,-87.6646182965,POINT (-87.664618296537 41.789672888877)
e573b9db3debf6344ef1c0170e503ae0fdaa98c949e022de22cd650a72e2245859a34f796221afe49c6a7b87aac51890ed43b614aa4b3d170ea2d787172717ce,,07/09/2025 12:00:00 PM,30,TRAFFIC SIGNAL,FUNCTIONING PROPERLY,CLEAR,DAYLIGHT,SIDESWIPE SAME DIRECTION,DIVIDED - W/MEDIAN BARRIER,,STRAIGHT AND LEVEL,DRY,UNKNOWN,ON SCENE,INJURY AND / OR TOW DUE TO CRASH,,,Y,"OVER $1,500",07/10/2025 09:40:00 AM,UNABLE TO DETERMINE,NOT APPLICABLE,1600,E,75TH ST,324,,,,,,,2,NO INDICATION OF INJURY,0,0,0,0,0,2,0,12,4,7,41.7588777413,-87.5856824409,POINT (-87.585682440932 41.758877741252)
497ab07ab2559b898f48eef9157104a0abcce8ec5d5b0419f7ec0fe4406389562845f359591bf7809d42d687fab039eda7474b14e4704562f32c970dd572d5c7,,07/09/2025 11:55:00 AM,25,NO CONTROLS,NO CONTROLS,CLEAR,DAYLIGHT,PARKED MOTOR VEHICLE,NOT DIVIDED,,STRAIGHT AND LEVEL,DRY,NO DEFECTS,NOT ON SCENE (DESK REPORT),NO INJURY / DRIVE AWAY,,,,"OVER $1,500",07/09/2025 05:02:00 PM,NOT APPLICABLE,NOT APPLICABLE,2207,N,CLYBOURN AVE,1811,,,,,,,2,NO INDICATION OF INJURY,0,0,0,0,0,3,0,11,4,7,41.9218508383,-87.6645163074,POINT (-87.66451630737 41.921850838292)
8af4b7e8cfc6b0b9737e9d1d2ade26b5e74b4d4a38cdb13c0589d43c6420e7aedc5e80e8d86025419f13a0950acf90879c005894d7d79aa7c3fc22a3bbda842f,,07/09/2025 11:50:00 AM,30,NO CONTROLS,NO CONTROLS,CLEAR,DAYLIGHT,TURNING,NOT DIVIDED,,STRAIGHT AND LEVEL,DRY,NO DEFECTS,NOT ON SCENE (DESK REPORT),NO INJURY / DRIVE AWAY,,,,"OVER $1,500",07/10/2025 02:25:00 PM,IMPROPER OVERTAKING/PASSING,FAILING TO YIELD RIGHT-OF-WAY,2160,S,ARCHER AVE,914,,,,,,,2,NO INDICATION OF INJURY,0,0,0,0,0,2,0,11,4,7,41.8533045121,-87.6341768834,POINT (-87.634176883447 41.853304512107)
1611165b6cfdedd8349527430753cc80aa41f3bf3df6e3d8ce6c29038ab65c7eb07036fef6c1d01ebd2e17a35281e18d36414e0872e6aaa703a0ce3752ab7cd9,,07/09/2025 11:40:00 AM,30,NO CONTROLS,NO CONTROLS,CLEAR,DAYLIGHT,FIXED OBJECT,DIVIDED - W/MEDIAN (NOT RAISED),,STRAIGHT AND LEVEL,DRY,NO DEFECTS,ON SCENE,INJURY AND / OR TOW DUE TO CRASH,,,,"OVER $1,500",07/09/2025 11:43:00 AM,UNABLE TO DETERMINE,UNABLE TO DETERMINE,556,W,71ST ST,732,,,,,,,1,NO INDICATION OF INJURY,0,0,0,0,0,1,0,11,4,7,41.76539093,-87.6393332223,POINT (-87.639333222339 41.765390929997)
efad4fd197cb64289ec9c76c7ea99be9352388aeb676512c963a2d9dae85a9ffaebe4bf3755feafb2618161f9c224704a08014a24de81785a4d8df65f0d36db6,,07/09/2025 11:34:00 AM,30,TRAFFIC SIGNAL,FUNCTIONING PROPERLY,CLOUDY/OVERCAST,DAYLIGHT,PEDESTRIAN,NOT DIVIDED,,STRAIGHT AND LEVEL,DRY,NO DEFECTS,ON SCENE,INJURY AND / OR TOW DUE TO CRASH,Y,,,"OVER $1,500",07/09/2025 11:53:00 AM,DISREGARDING TRAFFIC SIGNALS,DRIVING ON WRONG SIDE/WRONG WAY,2501,S,CALIFORNIA AVE,1034,,,,,,,2,NONINCAPACITATING INJURY,1,0,0,1,0,3,0,11,4,7,,,
f9de0c1659cb5ca060357a15d401c0e68bb3e36c74496cffebd40ae307e203ac1d0698de1f7b16343c419829df4b10bdfd1df179181f8642c3b4aeb9c0164f9b,,07/09/2025 11:26:00 AM,15,NO CONTROLS,NO CONTROLS,CLEAR,DAYLIGHT,ANGLE,PARKING LOT,,STRAIGHT AND LEVEL,DRY,NO DEFECTS,ON SCENE,NO INJURY / DRIVE AWAY,,,,"OVER $1,500",07/09/2025 11:30:00 AM,UNABLE TO DETERMINE,UNABLE TO DETERMINE,10000,W,OHARE ST,1651,,,,,,,2,NO INDICATION OF INJURY,0,0,0,0,0,2,0,11,4,7,41.976201139,-87.9053091251,POINT (-87.905309125103 41.976201139024)
b4f45e18f12439d6513eb0857f932f5d6575a740ae34dcaf670dc8d4e6679c52cd0209e858153fae686b9daf28b59231316bc655823553737a9268c5d0f5b431,,07/09/2025 11:20:00 AM,30,STOP SIGN/FLASHER,FUNCTIONING IMPROPERLY,CLEAR,DAYLIGHT,PARKED MOTOR VEHICLE,NOT DIVIDED,,STRAIGHT AND LEVEL,DRY,NO DEFECTS,ON SCENE,NO INJURY / DRIVE AWAY,Y,,,"OVER $1,500",07/09/2025 11:21:00 AM,UNABLE TO DETERMINE,UNABLE TO DETERMINE,1900,W,AINSLIE ST,2032,,,,,,,2,NO INDICATION OF INJURY,0,0,0,0,0,1,0,11,4,7,41.9707255029,-87.6763364464,POINT (-87.676336446439 41.970725502888)
5655e955382dcda4c572dea73533bd269e6e1c850da84d2f58d772bb1d6f430d7d3760b0adfd16e9c26dfb62e4ed6b9fc0da5468ce8edb9e614df07a9b9da6ba,,07/09/2025 11:10:00 AM,30,TRAFFIC SIGNAL,FUNCTIONING PROPERLY,CLEAR,DAYLIGHT,TURNING,FOUR WAY,,STRAIGHT AND LEVEL,DRY,NO DEFECTS,ON SCENE,INJURY AND / OR TOW DUE TO CRASH,Y,,,"OVER $1,500",07/09/2025 11:10:00 AM,FAILING TO YIELD RIGHT-OF-WAY,NOT APPLICABLE,9900,S,MICHIGAN AVE,511,,,,,,,2,"REPORTED, NOT EVIDENT",3,0,0,0,3,2,0,11,4,7,41.7146496793,-87.6205480055,POINT (-87.620548005498 41.714649679334)
af09adf9ffc7c7c32ee7a870d2d65cfa21f4f28119080d9732b3085e61c1ea8ea963b28370d64b8f1d3b837c55b9edc2a0026a4f9be34cf4c49d652379f8533c,,07/09/2025 11:04:00 AM,15,NO CONTROLS,NO CONTROLS,CLEAR,DAYLIGHT,REAR TO SIDE,PARKING LOT,,STRAIGHT AND LEVEL,DRY,NO DEFECTS,NOT ON SCENE (DESK REPORT),NO INJURY / DRIVE AWAY,,,,"OVER $1,500",07/09/2025 11:24:00 AM,UNABLE TO DETERMINE,NOT APPLICABLE,2601,N,CLYBOURN AVE,1931,,,,,,,2,NO INDICATION OF INJURY,0,0,0,0,0,2,0,11,4,7,41.9288373849,-87.67397132,POINT (-87.673971319994 41.928837384913)