CRASH_RECORD_ID,CRASH_DATE_EST_I,CRASH_DATE,POSTED_SPEED_LIMIT,TRAFFIC_CONTROL_DEVICE,DEVICE_CONDITION,WEATHER_CONDITION,LIGHTING_CONDITION,FIRST_CRASH_TYPE,TRAFFICWAY_TYPE,LANE_CNT,ALIGNMENT,ROADWAY_SURFACE_COND,ROAD_DEFECT,REPORT_TYPE,CRASH_TYPE,INTERSECTION_RELATED_I,NOT_RIGHT_OF_WAY_I,HIT_AND_RUN_I,DAMAGE,DATE_POLICE_NOTIFIED,PRIM_CONTRIBUTORY_CAUSE,SEC_CONTRIBUTORY_CAUSE,STREET_NO,STREET_DIRECTION,STREET_NAME,BEAT_OF_OCCURRENCE,PHOTOS_TAKEN_I,STATEMENTS_TAKEN_I,DOORING_I,WORK_ZONE_I,WORK_ZONE_TYPE,WORKERS_PRESENT_I,NUM_UNITS,MOST_SEVERE_INJURY,INJURIES_TOTAL,INJURIES_FATAL,INJURIES_INCAPACITATING,INJURIES_NON_INCAPACITATING,INJURIES_REPORTED_NOT_EVIDENT,INJURIES_NO_INDICATION,INJURIES_UNKNOWN,CRASH_HOUR,CRASH_DAY_OF_WEEK,CRASH_MONTH,LATITUDE,LONGITUDE,LOCATION
77acfeac685483dc3a49129087259129b2ba4699dcb65f0eb594c4df65d0fc141c9fd135f021390202b2aded9d8e159aad70eb1bd9d6188cbaf60b38d61cbeb5,,07/09/2025 10:58:00 AM,25,NO CONTROLS,NO CONTROLS,CLEAR,DAYLIGHT,REAR END,NOT DIVIDED,,STRAIGHT AND LEVEL,DRY,NO DEFECTS,,NO INJURY / DRIVE AWAY,,,,"OVER $1,500",07/09/2025 06:08:00 PM,NOT APPLICABLE,NOT APPLICABLE,3480,N,LAKE SHORE DR,1925,,,,,,,2,NO INDICATION OF INJURY,0,0,0,0,0,2,0,10,4,7,41.9460983955,-87.6421545871,POINT (-87.642154587067 41.946098395531)
7b6960875e8e99e3259affb7d0ce4dc52d3238975ae927ce680a81dc3d20d47ae4da95a5aca9867fbbc9e998d3cfb7066553c1f06e42f25c224aaf28a27c75ea,,07/09/2025 10:51:00 AM,30,NO CONTROLS,NO CONTROLS,CLEAR,DAYLIGHT,SIDESWIPE SAME DIRECTION,NOT DIVIDED,,STRAIGHT AND LEVEL,DRY,NO DEFECTS,ON SCENE,NO INJURY / DRIVE AWAY,,,,"OVER $1,500",07/09/2025 10:51:00 AM,DRIVING SKILLS/KNOWLEDGE/EXPERIENCE,NOT APPLICABLE,1510,N,KEDZIE AVE,1422,,,,,,,2,NO INDICATION OF INJURY,0,0,0,0,0,3,0,10,4,7,41.9086687116,-87.7071185449,POINT (-87.707118544894 41.908668711588)
92b6720d0ca66aa5115ad86b293a88a068c54333d686c04c7381319d3e65a2f13045057badd96c58c9560393611e1043fcd93c1ce30cad123012c25c7161bbc8,,07/09/2025 10:45:00 AM,30,NO CONTROLS,NO CONTROLS,CLEAR,DAYLIGHT,SIDESWIPE SAME DIRECTION,UNKNOWN,,STRAIGHT AND LEVEL,DRY,UNKNOWN,NOT ON SCENE (DESK REPORT),NO INJURY / DRIVE AWAY,,,,"OVER $1,500",07/09/2025 11:38:00 AM,UNABLE TO DETERMINE,UNABLE TO DETERMINE,4630,S,CICERO AVE,814,,,,,,,2,NO INDICATION OF INJURY,0,0,0,0,0,2,0,10,4,7,41.8085039079,-87.7433175254,POINT (-87.743317525404 41.808503907886)
7733023627dab1c5fab7c31fb5bbd720dc68259c6c448b890babfdcb25f77dddfc748f0a8a2042db5d29f97fd38b9ed60114dd75903f98bab9e00d77745d886f,,07/09/2025 10:43:00 AM,20,STOP SIGN/FLASHER,FUNCTIONING PROPERLY,CLEAR,DAYLIGHT,PARKED MOTOR VEHICLE,ONE-WAY,,STRAIGHT AND LEVEL,DRY,UNKNOWN,ON SCENE,NO INJURY / DRIVE AWAY,,,Y,"OVER $1,500",07/09/2025 11:15:00 AM,UNABLE TO DETERMINE,NOT APPLICABLE,7100,S,CONSTANCE AVE,324,,,,,,,2,NO INDICATION OF INJURY,0,0,0,0,0,1,0,10,4,7,41.7659888833,-87.5807433824,POINT (-87.580743382393 41.765988883262)
049b22b35137216e4b4703ff00c49ff70fe44bce15258442a6ae1444749d3199fc5bb7a1f21d48e51e198a96582fa4ec782208e2e514e1cafe410dd3c09dc4b5,,07/09/2025 10:30:00 AM,30,TRAFFIC SIGNAL,FUNCTIONING PROPERLY,CLEAR,DAYLIGHT,SIDESWIPE SAME DIRECTION,ONE-WAY,,STRAIGHT AND LEVEL,DRY,NO DEFECTS,NOT ON SCENE (DESK REPORT),NO INJURY / DRIVE AWAY,,,,"OVER $1,500",07/09/2025 11:00:00 AM,IMPROPER LANE USAGE,NOT APPLICABLE,613,N,ORLEANS ST,1831,,,,,,,2,NO INDICATION OF INJURY,0,0,0,0,0,2,0,10,4,7,41.8928334261,-87.6369220323,POINT (-87.636922032302 41.892833426142)
4c329460b3650288087088483d9d93de19b0ffc738429fd94b7fc3c6d71727e8830d79a3b52c052f54892270123c23aafe054d2363cbb2acdb57b8d9d52da6d0,,07/09/2025 10:30:00 AM,15,NO CONTROLS,NO CONTROLS,CLEAR,DAYLIGHT,PARKED MOTOR VEHICLE,PARKING LOT,,STRAIGHT AND LEVEL,DRY,NO DEFECTS,NOT ON SCENE (DESK REPORT),NO INJURY / DRIVE AWAY,,,,"OVER $1,500",07/15/2025 05:48:00 PM,NOT APPLICABLE,NOT APPLICABLE,4433,S,PULASKI RD,821,,,,,,,2,NO INDICATION OF INJURY,0,0,0,0,0,2,0,10,4,7,41.8123747103,-87.7236084038,POINT (-87.723608403774 41.812374710327)
02609492e7582a1467773d6759d6db758c90233f9f2e1ab4e2593f5a066ecaf6bd32b7089ce5aea2af04ab55b91310d05c8f6703ca5babb4929ef7a1b3c46057,,07/09/2025 10:18:00 AM,30,TRAFFIC SIGNAL,FUNCTIONING PROPERLY,CLEAR,DAYLIGHT,REAR END,NOT DIVIDED,,STRAIGHT AND LEVEL,DRY,NO DEFECTS,NOT ON SCENE (DESK REPORT),NO INJURY / DRIVE AWAY,,,,"OVER $1,500",07/09/2025 11:00:00 AM,FOLLOWING TOO CLOSELY,NOT APPLICABLE,4412,N,PULASKI RD,1722,,,,,,,2,NO INDICATION OF INJURY,0,0,0,0,0,2,0,10,4,7,41.961366489,-87.7279866781,POINT (-87.727986678074 41.961366489024)
d7e5b9e1aa8117018143c74f4bf978883a5288cbc38c954b54646d30ad33b6b38ac68df7abd2e523aba5f684750e8634cecf4250d26893f352aaafd8c753937b,,07/09/2025 10:16:00 AM,30,NO CONTROLS,NO CONTROLS,CLEAR,DAYLIGHT,PARKED MOTOR VEHICLE,OTHER,,STRAIGHT AND LEVEL,DRY,NO DEFECTS,NOT ON SCENE (DESK REPORT),NO INJURY / DRIVE AWAY,,,Y,"$501 - $1,500",07/09/2025 11:30:00 AM,UNABLE TO DETERMINE,UNABLE TO DETERMINE,1542,W,47TH ST,924,,,,,,,2,NO INDICATION OF INJURY,0,0,0,0,0,1,0,10,4,7,41.808723177,-87.6642410607,POINT (-87.664241060671 41.808723177005)
33363718636be40a0fbbe031ca9be5cfd29f242809ddf55e09f9ece56ac96c4464e0c5706b06eb3b306edb22891ff4bba1d883156f0d387def7262a5462fecae,,07/09/2025 10:15:00 AM,30,UNKNOWN,UNKNOWN,CLEAR,DAYLIGHT,SIDESWIPE SAME DIRECTION,OTHER,,STRAIGHT AND LEVEL,DRY,UNKNOWN,NOT ON SCENE (DESK REPORT),NO INJURY / DRIVE AWAY,,,,"$501 - $1,500",07/09/2025 11:02:00 AM,FOLLOWING TOO CLOSELY,FAILING TO YIELD RIGHT-OF-WAY,2300,N,LAKE SHORE DR SB,1814,,,,,,,2,NO INDICATION OF INJURY,0,0,0,0,0,2,0,10,4,7,41.9237977916,-87.6307772666,POINT (-87.630777266631 41.923797791573)
d9374a1b0780e8c7a3186726d4f7b9c0346cfbad8c8bee1887f38ea6f0cd870ad9cdbeadce9dd2e7c07b77e4f86acb3feafee47ab8ec61645938160948ff4a91,,07/09/2025 10:15:00 AM,30,NO CONTROLS,NO CONTROLS,CLEAR,DAYLIGHT,REAR END,DIVIDED - W/MEDIAN (NOT RAISED),,STRAIGHT AND LEVEL,DRY,NO DEFECTS,NOT ON SCENE (DESK REPORT),NO INJURY / DRIVE AWAY,,,,"$501 - $1,500",07/09/2025 10:45:00 AM,FOLLOWING TOO CLOSELY,NOT APPLICABLE,7132,N,WESTERN AVE,2411,,,,,,,2,NO INDICATION OF INJURY,0,0,0,0,0,2,0,10,4,7,42.0119416452,-87.690389602,POINT (-87.690389602027 42.011941645245)
a13a6078f2865dc80156a7a252cfb8386e63c9aa35ab4569e147b0e8e7d319d7f9850de95e090ddaf1679c9d608d0fd411fc0f91ff355cadc85801e598e8ad7a,,07/09/2025 10:11:00 AM,30,NO CONTROLS,NO CONTROLS,CLEAR,DAYLIGHT,REAR END,NOT DIVIDED,,STRAIGHT AND LEVEL,DRY,NO DEFECTS,ON SCENE,NO INJURY / DRIVE AWAY,,,,"OVER $1,500",07/09/2025 10:28:00 AM,DRIVING SKILLS/KNOWLEDGE/EXPERIENCE,FAILING TO REDUCE SPEED TO AVOID CRASH,5718,W,FULLERTON AVE,2515,,,,,,,2,NO INDICATION OF INJURY,0,0,0,0,0,2,0,10,4,7,41.924039253,-87.7693059046,POINT (-87.76930590462 41.924039253048)
a46bf6a063c4716515246797f72cf87c63f6202ff8d259b7356cb749b61f73a76c787c9fda06f995afa4a2fd1dbb668e935c268a1d086bb37d2eb3a0fa073105,,07/09/2025 10:07:00 AM,30,NO CONTROLS,NO CONTROLS,CLEAR,DAYLIGHT,SIDESWIPE SAME DIRECTION,NOT DIVIDED,,STRAIGHT AND LEVEL,DRY,NO DEFECTS,ON SCENE,NO INJURY / DRIVE AWAY,,,,"OVER $1,500",07/09/2025 11:05:00 AM,IMPROPER TURNING/NO SIGNAL,NOT APPLICABLE,3,W,TERMINAL ST,1653,,,,,,,2,NO INDICATION OF INJURY,0,0,0,0,0,2,0,10,4,7,,,
1e7b06d95a756dcdb62443b5284d2235c5867cf8bee23993790f2c48ca634a38369e2d999f898fd989063d9a8593bedf0eeb3664c4279f50c3bbb6e2bfef83d6,,07/09/2025 10:02:00 AM,30,NO CONTROLS,NO CONTROLS,CLEAR,DAYLIGHT,ANGLE,NOT DIVIDED,,STRAIGHT AND LEVEL,DRY,NO DEFECTS,ON SCENE,NO INJURY / DRIVE AWAY,,,,"OVER $1,500",07/09/2025 10:03:00 AM,FAILING TO YIELD RIGHT-OF-WAY,UNABLE TO DETERMINE,2411,W,TOUHY AVE,2411,,,,,,,2,NO INDICATION OF INJURY,0,0,0,0,0,2,0,10,4,7,42.0121603524,-87.6907385476,POINT (-87.690738547562 42.012160352442)
2cdae281b290e7ca99914351a08d214e960781a83354710f02252052790e42a3b2ada8b36038d6bdb67444d7c5d8e6f6f14ae3b370d0daa7b6393dc55d146e2a,Y,07/09/2025 10:00:00 AM,25,NO CONTROLS,NO CONTROLS,CLEAR,UNKNOWN,PARKED MOTOR VEHICLE,NOT DIVIDED,,STRAIGHT AND LEVEL,UNKNOWN,NO DEFECTS,ON SCENE,NO INJURY / DRIVE AWAY,,,Y,$500 OR LESS,07/09/2025 11:53:00 AM,UNABLE TO DETERMINE,UNABLE TO DETERMINE,3453,W,73RD ST,835,,,,,,,2,NO INDICATION OF INJURY,0,0,0,0,0,1,0,10,4,7,41.7605238651,-87.7096858187,POINT (-87.709685818725 41.760523865126)
3c215e476ecce8d24a3f189e3f452269ceead18ed749c0e7d2899d51a4a0a6059c594c17c8e362d2b524f71b1ff9e4ea14c1d8b43d45516345f6786a4444b087,,07/09/2025 10:00:00 AM,30,TRAFFIC SIGNAL,FUNCTIONING PROPERLY,CLEAR,DAYLIGHT,REAR END,NOT DIVIDED,,STRAIGHT AND LEVEL,DRY,NO DEFECTS,NOT ON SCENE (DESK REPORT),NO INJURY / DRIVE AWAY,Y,,,"$501 - $1,500",07/10/2025 09:50:00 AM,UNABLE TO DETERMINE,UNABLE TO DETERMINE,1200,N,ASHLAND AVE,1424,,,,,,,2,NO INDICATION OF INJURY,0,0,0,0,0,2,0,10,4,7,41.9033774676,-87.6676431423,POINT (-87.667643142275 41.903377467567)
5c50f40561683a1e57239523ae752f082061601b43b57856d8a5390d63550c1764e6c81575c762e61c0466f32c63270ab04d386ed09d8f04271ea868c698e41c,,07/09/2025 10:00:00 AM,30,NO CONTROLS,NO CONTROLS,CLEAR,DAYLIGHT,REAR END,NOT DIVIDED,,STRAIGHT AND LEVEL,DRY,NO DEFECTS,ON SCENE,NO INJURY / DRIVE AWAY,,,Y,$500 OR LESS,07/09/2025 10:15:00 AM,UNABLE TO DETERMINE,NOT APPLICABLE,4601,S,HALSTED ST,925,,,,,,,2,NO INDICATION OF INJURY,0,0,0,0,0,2,0,10,4,7,41.810599803,-87.6454367136,POINT (-87.6454367136 41.810599803015)
6b11c0f8df19a914b60a49c04af36842b08ffea9f8d871497860f2067edac8e9360725f174bd47c9d0f1dfcf2d1bbebbba514607f40af352d4950d2c36dcb639,,07/09/2025 10:00:00 AM,30,TRAFFIC SIGNAL,FUNCTIONING PROPERLY,CLEAR,DAYLIGHT,SIDESWIPE SAME DIRECTION,T-INTERSECTION,,STRAIGHT AND LEVEL,DRY,NO DEFECTS,NOT ON SCENE (DESK REPORT),NO INJURY / DRIVE AWAY,,,,"$501 - $1,500",07/09/2025 06:35:00 PM,IMPROPER LANE USAGE,UNABLE TO DETERMINE,5604,N,NAGLE AVE,1612,,,,,,,2,NO INDICATION OF INJURY,0,0,0,0,0,2,0,10,4,7,41.9831290241,-87.7878775793,POINT (-87.787877579317 41.983129024099)
b67f9118995cc50bf6be44d3d12e3510e19a5ba7514e68be874253015bc85e5709909048518c1557a2478174ed807c64663230c42a83fe1850ff55b04afcdd1a,,07/09/2025 10:00:00 AM,30,NO CONTROLS,NO CONTROLS,CLEAR,DAYLIGHT,PARKED MOTOR VEHICLE,NOT DIVIDED,,STRAIGHT AND LEVEL,DRY,NO DEFECTS,NOT ON SCENE (DESK REPORT),NO INJURY / DRIVE AWAY,,,,"OVER $1,500",07/21/2025 11:30:00 AM,UNABLE TO DETERMINE,NOT APPLICABLE,1500,N,PULASKI RD,2534,,,,,,,2,NO INDICATION OF INJURY,0,0,0,0,0,1,0,10,4,7,41.9081670898,-87.7266137964,POINT (-87.726613796357 41.908167089822)
ea223e9b437ebd6d834380679cb76f8986f874935f0a11bd2641c5a42db9ebf8c5f8308a0c78203680676c79e7a14f780fa7bce95451c60e2bba9ae01282f7a6,,07/09/2025 10:00:00 AM,35,NO CONTROLS,NO CONTROLS,CLEAR,DAYLIGHT,SIDESWIPE SAME DIRECTION,DIVIDED - W/MEDIAN BARRIER,,STRAIGHT AND LEVEL,DRY,NO DEFECTS,ON SCENE,NO INJURY / DRIVE AWAY,,,,"$501 - $1,500",07/09/2025 10:05:00 AM,UNABLE TO DETERMINE,NOT APPLICABLE,2342,W,95TH ST,2221,,,,,,,2,NO INDICATION OF INJURY,0,0,0,0,0,2,0,10,4,7,41.7210563672,-87.681410326,POINT (-87.681410326031 41.721056367218)
ee9166a0fddda264cf02202868b730d8b697d9d8c02a70329cd54b314228273529e18dd379c468c8d0be6c28a52fda3d136157f0d1ac04d6a17b0e8f24db950d,,07/09/2025 09:59:00 AM,30,TRAFFIC SIGNAL,NO CONTROLS,CLEAR,DAYLIGHT,ANGLE,FOUR WAY,,STRAIGHT AND LEVEL,DRY,NO DEFECTS,ON SCENE,INJURY AND / OR TOW DUE TO CRASH,Y,,,"OVER $1,500",07/09/2025 09:59:00 AM,DISREGARDING TRAFFIC SIGNALS,NOT APPLICABLE,2407,S,CALIFORNIA AVE,1034,,,,,,,2,"REPORTED, NOT EVIDENT",1,0,0,0,1,1,0,9,4,7,41.8480416619,-87.6951916822,POINT (-87.69519168224 41.848041661906)
266a63a6967aacd3d9e7ebef5e313112a719dcd7369160e7c5075c0e594f6d412bbcad3267960f40501db44150b410f8b352c129a0e867f25ce167a01e74a1d3,,07/09/2025 09:55:00 AM,35,STOP SIGN/FLASHER,FUNCTIONING PROPERLY,CLEAR,DAYLIGHT,ANGLE,NOT DIVIDED,,STRAIGHT AND LEVEL,DRY,NO DEFECTS,ON SCENE,NO INJURY / DRIVE AWAY,,,Y,"OVER $1,500",07/09/2025 10:02:00 AM,UNABLE TO DETERMINE,UNABLE TO DETERMINE,727,W,VERMONT ST,523,,,,,,,2,NO INDICATION OF INJURY,0,0,0,0,0,3,0,9,4,7,41.6622643449,-87.6400841795,POINT (-87.640084179524 41.662264344868)
05f7f729d27e7f7ad64b83fd1b85465bc5caf2f1dc4ddcdd879395631b828461c2b99e5784b0942074b18fc32b30ff4a4dc1218c068bfd909b68c39428548b50,,07/09/2025 09:40:00 AM,10,NO CONTROLS,NO CONTROLS,CLEAR,DAYLIGHT,REAR TO REAR,PARKING LOT,,STRAIGHT AND LEVEL,DRY,NO DEFECTS,NOT ON SCENE (DESK REPORT),NO INJURY / DRIVE AWAY,,,Y,"OVER $1,500",07/09/2025 05:40:00 PM,IMPROPER BACKING,UNABLE TO DETERMINE,4137,N,ELSTON AVE,1723,,,,,,,2,NO INDICATION OF INJURY,0,0,0,0,0,3,0,9,4,7,41.9561262015,-87.7224828263,POINT (-87.722482826292 41.956126201479)
f0f27e170811c931d749dfe85a17999eb9910963d8af2bb544b60afbeb65456820b7ab74205dc9c261aa0ca98fcb7c0311d9f7eecabe63de28fd63c07c8d5bbf,,07/09/2025 09:33:00 AM,30,NO CONTROLS,NO CONTROLS,CLEAR,DAYLIGHT,SIDESWIPE SAME DIRECTION,DIVIDED - W/MEDIAN (NOT RAISED),,STRAIGHT AND LEVEL,DRY,NO DEFECTS,NOT ON SCENE (DESK REPORT),NO INJURY / DRIVE AWAY,,,,"$501 - $1,500",07/09/2025 09:50:00 AM,UNABLE TO DETERMINE,NOT APPLICABLE,2445,N,DAMEN AVE,1432,,,,,,,2,NO INDICATION OF INJURY,0,0,0,0,0,2,0,9,4,7,41.9263467389,-87.6778553567,POINT (-87.67785535672 41.926346738944)
7c0598d50d88dff376b78e21c7a078d8704f2a4680eb532dc0e2ff4e6241363a23cf1eb99fe418a0472e7548547a168ae268dae05ffa967c06af2d8c6c754eb6,,07/09/2025 09:30:00 AM,25,UNKNOWN,UNKNOWN,CLEAR,DAYLIGHT,SIDESWIPE SAME DIRECTION,DIVIDED - W/MEDIAN (NOT RAISED),,STRAIGHT AND LEVEL,DRY,NO DEFECTS,NOT ON SCENE (DESK REPORT),NO INJURY / DRIVE AWAY,,,,"OVER $1,500",07/09/2025 10:30:00 AM,UNABLE TO DETERMINE,UNABLE TO DETERMINE,2409,N,DAMEN AVE,1432,,,,,,,2,NO INDICATION OF INJURY,0,0,0,0,0,2,0,9,4,7,41.9253508089,-87.677771734,POINT (-87.677771733966 41.925350808875)
88adb07453bc704ad5646200b2b6f4c82278a13ecf7adad2bb0c7dd8e2337d04a5768d13ce156bac3c21a4f0a1f8f80897e873b9262b27003fd8bd0b492ce8e8,,07/09/2025 09:30:00 AM,30,NO CONTROLS,NO CONTROLS,CLEAR,DAYLIGHT,SIDESWIPE SAME DIRECTION,NOT DIVIDED,,STRAIGHT AND LEVEL,DRY,NO DEFECTS,,NO INJURY / DRIVE AWAY,,,,"OVER $1,500",07/09/2025 10:04:00 AM,UNABLE TO DETERMINE,NOT APPLICABLE,1100,S,SACRAMENTO BLVD,1134,,,,,,,2,NO INDICATION OF INJURY,0,0,0,0,0,2,0,9,4,7,41.868184239,-87.7009841415,POINT (-87.700984141539 41.868184239007)
995ffc22e8757816409f742b8bd04b18131c73b778eb88fc1f2ec19b7e2e415f1cb2b47ea49bc6bc9a21f7daac189b203bf49b48eed2a1bc6f93b3f82285bd87,,07/09/2025 09:30:00 AM,25,NO CONTROLS,NO CONTROLS,CLEAR,DAYLIGHT,PARKED MOTOR VEHICLE,NOT DIVIDED,,STRAIGHT AND LEVEL,DRY,NO DEFECTS,NOT ON SCENE (DESK REPORT),NO INJURY / DRIVE AWAY,,,,"OVER $1,500",07/09/2025 10:30:00 AM,UNABLE TO DETERMINE,NOT APPLICABLE,8301,S,VINCENNES AVE,622,,,,,,,2,NO INDICATION OF INJURY,0,0,0,0,0,1,0,9,4,7,41.7440936096,-87.6358251985,POINT (-87.635825198498 41.744093609556)
d9f3afe9845c344fa3f4c0d001ff9c5feeb3d29f4f7c7333c79c5a31f8ca22dc391ce516121229ac5e2b84f2f7bf7d49c2727e33ef14e865fbdd634d2880adb7,,07/09/2025 09:30:00 AM,30,NO CONTROLS,NO CONTROLS,CLEAR,DAYLIGHT,ANGLE,NOT DIVIDED,,STRAIGHT AND LEVEL,DRY,NO DEFECTS,NOT ON SCENE (DESK REPORT),NO INJURY / DRIVE AWAY,,,Y,"OVER $1,500",07/09/2025 11:30:00 AM,FAILING TO YIELD RIGHT-OF-WAY,FAILING TO YIELD RIGHT-OF-WAY,1637,W,18TH ST,1234,,,,,,,2,NO INDICATION OF INJURY,0,0,0,0,0,2,0,9,4,7,41.8576590975,-87.6677455396,POINT (-87.667745539648 41.857659097485)
a64e65b34edcd64d9e1929741aafe0a13d81adb9668df6c786cb0a30851d0bcec3e9c2eec40c782e910bdd1fd1f71c0d421171aaf69dfe266aee066665427d3d,,07/09/2025 09:26:00 AM,25,UNKNOWN,UNKNOWN,CLEAR,DAYLIGHT,SIDESWIPE SAME DIRECTION,ONE-WAY,,STRAIGHT AND LEVEL,DRY,UNKNOWN,ON SCENE,NO INJURY / DRIVE AWAY,,,,"$501 - $1,500",07/09/2025 09:27:00 AM,UNABLE TO DETERMINE,UNABLE TO DETERMINE,4312,W,25TH ST,1013,,,,,,,2,NO INDICATION OF INJURY,0,0,0,0,0,2,0,9,4,7,41.8460898842,-87.7316930932,POINT (-87.731693093237 41.846089884208)
1e1c9673630f9b8ec020debfe3447790ce34bf4c3ac71dc7399d327708e2a6a29012d6b2fdde9254690efec68e9d4b24129c2941c65fec43b28497aceded74fa,,07/09/2025 09:15:00 AM,30,NO CONTROLS,NO CONTROLS,CLEAR,DAYLIGHT,TURNING,OTHER,,STRAIGHT AND LEVEL,DRY,UNKNOWN,NOT ON SCENE (DESK REPORT),NO INJURY / DRIVE AWAY,,,,"OVER $1,500",07/09/2025 12:48:00 PM,UNABLE TO DETERMINE,UNABLE TO DETERMINE,6700,S,CALIFORNIA AVE,831,,,,,,,2,NO INDICATION OF INJURY,0,0,0,0,0,3,0,9,4,7,41.7717291746,-87.6933499222,POINT (-87.693349922161 41.771729174636)
c391f1e1e7113a92d39a115fa8faeb27ac60d45b57be57b1ce7f96eb5c2b05b1a67ed31fb7274a9ef68318a893fef6018b54ea6b75528b7c390d65e2ae8a03f1,,07/09/2025 09:06:00 AM,30,NO CONTROLS,NO CONTROLS,CLEAR,DAYLIGHT,PARKED MOTOR VEHICLE,DIVIDED - W/MEDIAN (NOT RAISED),,STRAIGHT AND LEVEL,DRY,NO DEFECTS,NOT ON SCENE (DESK REPORT),NO INJURY / DRIVE AWAY,,,,"OVER $1,500",07/09/2025 11:00:00 AM,DRIVING SKILLS/KNOWLEDGE/EXPERIENCE,UNABLE TO DETERMINE,675,N,ST CLAIR ST,1834,,,,,,,2,NO INDICATION OF INJURY,0,0,0,0,0,1,0,9,4,7,41.8947847791,-87.6226058409,POINT (-87.622605840856 41.894784779144)
b3e0b547274666b4419faacd9938b348d22d0a9e31a71b5fb8a78d73a16f4134387c3a2718ff9a7c6d966fb5e03667b29b5da025a0ec5111777f21727baa2ead,,07/09/2025 09:03:00 AM,30,TRAFFIC SIGNAL,FUNCTIONING PROPERLY,CLEAR,DAYLIGHT,FIXED OBJECT,FOUR WAY,,STRAIGHT AND LEVEL,DRY,NO DEFECTS,ON SCENE,NO INJURY / DRIVE AWAY,Y,,,"OVER $1,500",07/09/2025 09:45:00 AM,UNABLE TO DETERMINE,NOT APPLICABLE,1501,E,103RD ST,512,,,,,,,1,NO INDICATION OF INJURY,0,0,0,0,0,1,0,9,4,7,41.7076382885,-87.587232617,POINT (-87.587232616965 41.707638288511)
39246994092d7937a23c34dc07c43993f48248ebbbd9aa745987d001e70536b812106774f480444d645ea654aec5d92904101c5253db76474b571b54feed548a,,07/09/2025 09:00:00 AM,30,NO CONTROLS,NO CONTROLS,CLEAR,DAYLIGHT,TURNING,NOT DIVIDED,,STRAIGHT AND LEVEL,DRY,NO DEFECTS,NOT ON SCENE (DESK REPORT),NO INJURY / DRIVE AWAY,,,,"OVER $1,500",07/09/2025 10:28:00 AM,FAILING TO YIELD RIGHT-OF-WAY,FAILING TO YIELD RIGHT-OF-WAY,6727,S,CALIFORNIA AVE,831,,,,,,,2,NO INDICATION OF INJURY,0,0,0,0,0,2,0,9,4,7,41.7709881653,-87.693038611,POINT (-87.693038611043 41.770988165331)
3d5d3643f227ab82161e52f96f70020c4ede8647d2f5be51e6074fa414c0cde4c1b5164b7cc9e71bd21b4d92a1363458ac738afb4a6d5f8a42a0a483d6cb6627,,07/09/2025 09:00:00 AM,25,NO CONTROLS,NO CONTROLS,UNKNOWN,DAYLIGHT,PARKED MOTOR VEHICLE,ONE-WAY,,STRAIGHT AND LEVEL,UNKNOWN,NO DEFECTS,,NO INJURY / DRIVE AWAY,,,Y,"OVER $1,500",07/20/2025 12:30:00 PM,UNABLE TO DETERMINE,NOT APPLICABLE,8018,S,VERNON AVE,631,,,,,,,2,NO INDICATION OF INJURY,0,0,0,0,0,1,0,9,4,7,41.748707487,-87.613795535,POINT (-87.613795534957 41.748707487025)
609fd3a7bcd6efa61431b2262fe3daffba53e1d5248a545b248c935d46c0a30f80b2f2bfee0045850c440cf18cf23172ba0abe0e3aee25a3b98fadcc764bbebe,,07/09/2025 09:00:00 AM,30,NO CONTROLS,NO CONTROLS,CLEAR,DAYLIGHT,REAR TO FRONT,NOT DIVIDED,,STRAIGHT AND LEVEL,DRY,NO DEFECTS,,NO INJURY / DRIVE AWAY,,,,"OVER $1,500",07/09/2025 10:00:00 AM,IMPROPER BACKING,NOT APPLICABLE,328,N,RACINE AVE,1215,,,,,,,2,NO INDICATION OF INJURY,0,0,0,0,0,2,0,9,4,7,41.8876421178,-87.6570023997,POINT (-87.657002399706 41.887642117772)
88ead70f7959527268b3f9384240930935681b313b3265cec78aa925d86a5b869b04f04ca349d8b95a906844a9fb1c0fb4e8618fcbba91a444f29dee7bfd6b2a,,07/09/2025 08:55:00 AM,30,TRAFFIC SIGNAL,FUNCTIONING PROPERLY,CLEAR,DAYLIGHT,ANGLE,FOUR WAY,,STRAIGHT AND LEVEL,DRY,NO DEFECTS,,INJURY AND / OR TOW DUE TO CRASH,,,,"OVER $1,500",07/09/2025 08:56:00 AM,FAILING TO YIELD RIGHT-OF-WAY,UNABLE TO DETERMINE,800,N,PULASKI RD,1111,,,,,,,2,NO INDICATION OF INJURY,0,0,0,0,0,4,0,8,4,7,41.8954564568,-87.7262305405,POINT (-87.726230540513 41.895456456825)
48f937707717ff2d203e20215cd9a7a760cdf0f0c41ff94a9fead2eb5fb4f99ecdecf02cbac296fe4e23ca72da5b3258fedc7b9b558d7f5454df263a00405e6f,,07/09/2025 08:54:00 AM,40,NO CONTROLS,NO CONTROLS,CLEAR,DAYLIGHT,SIDESWIPE SAME DIRECTION,DIVIDED - W/MEDIAN BARRIER,,STRAIGHT AND LEVEL,DRY,UNKNOWN,ON SCENE,INJURY AND / OR TOW DUE TO CRASH,,,,"OVER $1,500",07/09/2025 08:56:00 AM,UNABLE TO DETERMINE,UNABLE TO DETERMINE,3471,N,LAKE SHORE DR NB,1925,,,,,,,2,NONINCAPACITATING INJURY,1,0,0,1,0,4,0,8,4,7,41.9459330693,-87.6412827351,POINT (-87.641282735137 41.945933069251)