CRASH_RECORD_ID,CRASH_DATE_EST_I,CRASH_DATE,POSTED_SPEED_LIMIT,TRAFFIC_CONTROL_DEVICE,DEVICE_CONDITION,WEATHER_CONDITION,LIGHTING_CONDITION,FIRST_CRASH_TYPE,TRAFFICWAY_TYPE,LANE_CNT,ALIGNMENT,ROADWAY_SURFACE_COND,ROAD_DEFECT,REPORT_TYPE,CRASH_TYPE,INTERSECTION_RELATED_I,NOT_RIGHT_OF_WAY_I,HIT_AND_RUN_I,DAMAGE,DATE_POLICE_NOTIFIED,PRIM_CONTRIBUTORY_CAUSE,SEC_CONTRIBUTORY_CAUSE,STREET_NO,STREET_DIRECTION,STREET_NAME,BEAT_OF_OCCURRENCE,PHOTOS_TAKEN_I,STATEMENTS_TAKEN_I,DOORING_I,WORK_ZONE_I,WORK_ZONE_TYPE,WORKERS_PRESENT_I,NUM_UNITS,MOST_SEVERE_INJURY,INJURIES_TOTAL,INJURIES_FATAL,INJURIES_INCAPACITATING,INJURIES_NON_INCAPACITATING,INJURIES_REPORTED_NOT_EVIDENT,INJURIES_NO_INDICATION,INJURIES_UNKNOWN,CRASH_HOUR,CRASH_DAY_OF_WEEK,CRASH_MONTH,LATITUDE,LONGITUDE,LOCATION
762f9a4086bd843c968f6ead9ba8a05b556ff5a7e4d62ab975727808f369c7248e45d4cb4c25d61f941fab05a4bd8d97e0a716979eeeee1ed8744a853f9699cd,,07/09/2025 08:46:00 AM,30,TRAFFIC SIGNAL,FUNCTIONING PROPERLY,CLEAR,DAYLIGHT,SIDESWIPE SAME DIRECTION,ONE-WAY,,STRAIGHT AND LEVEL,DRY,NO DEFECTS,NOT ON SCENE (DESK REPORT),NO INJURY / DRIVE AWAY,,,Y,"OVER $1,500",07/09/2025 09:00:00 PM,UNABLE TO DETERMINE,UNABLE TO DETERMINE,6400,W,GREGORY ST,1613,,,,,,,2,NO INDICATION OF INJURY,0,0,0,0,0,2,0,8,4,7,41.9821708043,-87.787775176,POINT (-87.787775175977 41.982170804265)
60f6b631dbdf1fb51cd04fb2b328c1338cb0e7d5bfa3010db7604dbe15ffe510d8e4cfb4b79aa47e1569282d9ee7772918192bbe3e104edf22a920c032548fae,,07/09/2025 08:45:00 AM,30,TRAFFIC SIGNAL,FUNCTIONING PROPERLY,CLEAR,DAYLIGHT,REAR END,FOUR WAY,,STRAIGHT AND LEVEL,DRY,UNKNOWN,NOT ON SCENE (DESK REPORT),NO INJURY / DRIVE AWAY,Y,,,"OVER $1,500",07/09/2025 10:00:00 AM,DRIVING SKILLS/KNOWLEDGE/EXPERIENCE,NOT APPLICABLE,540,W,MADISON ST,121,,,,,,,2,NO INDICATION OF INJURY,0,0,0,0,0,3,0,8,4,7,41.8819664488,-87.6412758255,POINT (-87.641275825477 41.881966448756)
efa542cabfc9514f550d4e53cc33ba5e4477417b2178b35c3f1f1a3cce131276e7ac236246a750e42db07f402380355be3c00b7432009e3a1f4300c826b1c7dd,,07/09/2025 08:39:00 AM,15,STOP SIGN/FLASHER,NO CONTROLS,CLEAR,DAYLIGHT,PEDALCYCLIST,ALLEY,,STRAIGHT AND LEVEL,DRY,NO DEFECTS,NOT ON SCENE (DESK REPORT),NO INJURY / DRIVE AWAY,,,,$500 OR LESS,07/09/2025 08:45:00 AM,UNABLE TO DETERMINE,NOT APPLICABLE,4777,N,KEYSTONE AVE,1722,,,,,,,2,NO INDICATION OF INJURY,0,0,0,0,0,2,0,8,4,7,41.9678314563,-87.7290914721,POINT (-87.729091472097 41.967831456277)
fd54dec5c97a2a4546d93b205445ef1705bde706aed310e6fe5e88918dd6604f9ebabbd2a7d8f5a982880489fb830beab4ecfa9f0b7c6519b197a281e9a092f6,,07/09/2025 08:35:00 AM,20,TRAFFIC SIGNAL,FUNCTIONING PROPERLY,CLEAR,DAYLIGHT,TURNING,ONE-WAY,,STRAIGHT AND LEVEL,DRY,NO DEFECTS,ON SCENE,NO INJURY / DRIVE AWAY,,,,"OVER $1,500",07/09/2025 08:40:00 AM,UNABLE TO DETERMINE,UNABLE TO DETERMINE,137,N,BESSIE COLEMAN DR,1654,,,,,,,2,NO INDICATION OF INJURY,0,0,0,0,0,2,0,8,4,7,,,
2e215bc02ee9ec37983d9bcab42fc2b422adc54808c3f6a147d21fcd120b389e1d405a15f6cbbedc89ac5246c036ce285f4ef7ccc7c9191743d0b41f5c47f850,,07/09/2025 08:32:00 AM,25,TRAFFIC SIGNAL,FUNCTIONING PROPERLY,CLEAR,DAYLIGHT,TURNING,FOUR WAY,,STRAIGHT AND LEVEL,DRY,NO DEFECTS,ON SCENE,NO INJURY / DRIVE AWAY,,,,"$501 - $1,500",07/09/2025 08:35:00 AM,IMPROPER TURNING/NO SIGNAL,IMPROPER TURNING/NO SIGNAL,3359,N,WESTERN AVE,1921,,,,,,,2,NO INDICATION OF INJURY,0,0,0,0,0,2,0,8,4,7,41.9430242783,-87.6879891512,POINT (-87.687989151158 41.943024278254)
6c0eb87d4a3dd622889e5ca168fa4068cd52be2290eb9570264d28b90812e71699f242417ba8a69eb5c6f5c47d48c1bbcca30bada8d9904152ea8b7b7851a781,,07/09/2025 08:30:00 AM,35,TRAFFIC SIGNAL,FUNCTIONING PROPERLY,CLEAR,DAYLIGHT,TURNING,FOUR WAY,,STRAIGHT AND LEVEL,DRY,NO DEFECTS,ON SCENE,NO INJURY / DRIVE AWAY,Y,,,"OVER $1,500",07/09/2025 08:33:00 AM,FOLLOWING TOO CLOSELY,NOT APPLICABLE,8801,W,HIGGINS RD,1614,,,,,,,2,NO INDICATION OF INJURY,0,0,0,0,0,2,0,8,4,7,41.9878156053,-87.847021814,POINT (-87.84702181399 41.987815605286)
2daff7e68237f9d95c23324f7fcde1e7e7322558c65fb047c1af7e73d3cc7055d215733cf0e2cfb64d252beb8bf1d631255cd409af3892c3e656c2441cffaa66,,07/09/2025 08:24:00 AM,30,NO CONTROLS,NO CONTROLS,CLEAR,DAYLIGHT,SIDESWIPE SAME DIRECTION,ONE-WAY,,STRAIGHT AND LEVEL,UNKNOWN,UNKNOWN,NOT ON SCENE (DESK REPORT),NO INJURY / DRIVE AWAY,,,,"OVER $1,500",07/09/2025 09:30:00 AM,UNABLE TO DETERMINE,UNABLE TO DETERMINE,7930,S,WOOD ST,611,,,,,,,2,NO INDICATION OF INJURY,0,0,0,0,0,3,0,8,4,7,41.7493526778,-87.668414797,POINT (-87.668414797044 41.749352677824)
e3370b881ba22a7a0b8eb8603a3f8da171c76a3d0bbc5c63b3a377843b4f63ac2125be76020594af82250025b5f85872156d7ec4bc20f3d7a10ff139215a863f,,07/09/2025 08:13:00 AM,25,NO CONTROLS,NO CONTROLS,CLEAR,DAYLIGHT,ANGLE,NOT DIVIDED,,STRAIGHT AND LEVEL,DRY,NO DEFECTS,ON SCENE,NO INJURY / DRIVE AWAY,N,,,"OVER $1,500",07/09/2025 08:18:00 AM,"VISION OBSCURED (SIGNS, TREE LIMBS, BUILDINGS, ETC.)",FAILING TO YIELD RIGHT-OF-WAY,1079,W,MONTROSE AVE,1915,,,,,,,2,NO INDICATION OF INJURY,0,0,0,0,0,2,0,8,4,7,41.9616395528,-87.6572054671,POINT (-87.657205467073 41.96163955277)
074c35b00c4161787d402749c0ec2e6051e247a7f15cf49d7f2dc0efb1c2167c4c108344e96c01da57195a36eb684ce0cca9c5877fd75a47f82f21fa9125b735,,07/09/2025 08:00:00 AM,15,NO CONTROLS,NO CONTROLS,CLEAR,DAYLIGHT,PARKED MOTOR VEHICLE,PARKING LOT,,STRAIGHT AND LEVEL,DRY,NO DEFECTS,NOT ON SCENE (DESK REPORT),NO INJURY / DRIVE AWAY,,,Y,"OVER $1,500",07/10/2025 06:00:00 PM,UNABLE TO DETERMINE,UNABLE TO DETERMINE,624,S,FINANCIAL PL,123,,,,,,,2,NO INDICATION OF INJURY,0,0,0,0,0,1,0,8,4,7,41.8740020701,-87.6327543871,POINT (-87.632754387108 41.87400207013)
11c52d2c28ac04c9d407ec34a7958fac3f0863ed745e6be435b881d4a98844325730985f3f1b4f72cac7ea79cf2a0c847d1b2ca4ddfd64545549bc004dca892b,,07/09/2025 08:00:00 AM,30,NO CONTROLS,NO CONTROLS,CLEAR,DAYLIGHT,PARKED MOTOR VEHICLE,NOT DIVIDED,,STRAIGHT AND LEVEL,DRY,UNKNOWN,NOT ON SCENE (DESK REPORT),NO INJURY / DRIVE AWAY,,,Y,"OVER $1,500",07/09/2025 09:20:00 AM,NOT APPLICABLE,NOT APPLICABLE,1219,S,INDEPENDENCE BLVD,1011,,,,,,,2,NO INDICATION OF INJURY,0,0,0,0,0,1,0,8,4,7,41.8656287063,-87.7193603414,POINT (-87.719360341408 41.865628706295)
161a5a83fb67e6429a52e5ae98d3d918d0e9a8c18b02292c97ac1d0c415509ddac15db1cd62d936c3dcb9115c70ca70f29e2c80b35e12ab8e67b386c0c0c177a,Y,07/09/2025 08:00:00 AM,30,NO CONTROLS,NO CONTROLS,UNKNOWN,UNKNOWN,PARKED MOTOR VEHICLE,PARKING LOT,,STRAIGHT AND LEVEL,DRY,NO DEFECTS,NOT ON SCENE (DESK REPORT),NO INJURY / DRIVE AWAY,,,,"OVER $1,500",07/10/2025 02:00:00 PM,UNABLE TO DETERMINE,NOT APPLICABLE,913,W,WELLINGTON AVE,1933,,,,,,,2,NO INDICATION OF INJURY,0,0,0,0,0,1,0,8,4,7,41.9361977106,-87.6521338137,POINT (-87.65213381372 41.936197710639)
456d76dc51ef2f4f4c3ab32ba346695ab10a3bc0392d3ea178a1393b000721016fd3fbe2ed71d2ae9d00b30cb4e757c5d252641aa589030659f8974620cf2dda,,07/09/2025 07:55:00 AM,30,UNKNOWN,UNKNOWN,UNKNOWN,UNKNOWN,PARKED MOTOR VEHICLE,NOT DIVIDED,,STRAIGHT AND LEVEL,UNKNOWN,UNKNOWN,NOT ON SCENE (DESK REPORT),NO INJURY / DRIVE AWAY,,,,"$501 - $1,500",07/09/2025 04:40:00 PM,UNABLE TO DETERMINE,NOT APPLICABLE,1600,W,BRYN MAWR AVE,2012,,,,,,,2,NO INDICATION OF INJURY,0,0,0,0,0,1,0,7,4,7,41.9835830412,-87.6699427018,POINT (-87.66994270177 41.983583041231)
d4837b8f3ffec7e10588e5db7068415647147583709e99129ef583351e61630342cfe7ba1a12bb357e52a84b8225e1d4939041a4ad646b5508a0290aa52a972b,,07/09/2025 07:45:00 AM,30,TRAFFIC SIGNAL,FUNCTIONING PROPERLY,CLEAR,DAYLIGHT,REAR END,DIVIDED - W/MEDIAN (NOT RAISED),,STRAIGHT AND LEVEL,DRY,UNKNOWN,NOT ON SCENE (DESK REPORT),NO INJURY / DRIVE AWAY,,,Y,"OVER $1,500",07/09/2025 08:26:00 AM,UNABLE TO DETERMINE,UNABLE TO DETERMINE,2956,W,63RD ST,823,,,,,,,2,NO INDICATION OF INJURY,0,0,0,0,0,2,0,7,4,7,41.7791559114,-87.6981244083,POINT (-87.698124408258 41.779155911402)
96844031cadb4fcd6e8739df986d1388e453d039ba0e24ce6450ed1e221168071f6a59bb5614a0f456ed8ece722a133001a2b16be91eef99952378812ea91e20,,07/09/2025 07:30:00 AM,30,NO CONTROLS,NO CONTROLS,CLEAR,DAYLIGHT,SIDESWIPE SAME DIRECTION,ALLEY,,STRAIGHT AND LEVEL,DRY,NO DEFECTS,NOT ON SCENE (DESK REPORT),NO INJURY / DRIVE AWAY,,,Y,"$501 - $1,500",07/09/2025 09:30:00 AM,UNABLE TO DETERMINE,UNABLE TO DETERMINE,676,N,ST CLAIR ST,1834,,,,,,,2,NO INDICATION OF INJURY,0,0,0,0,0,2,0,7,4,7,41.8948529614,-87.6229018004,POINT (-87.622901800428 41.89485296136)
f787483e132ad34279bf1a0597446d7cb0fc0b0de0452faf759c7e1d52c3a3ddde0d1499d4c6dbba97c659924acc0f0a603984ffb86109e3909e0818a398b3ef,,07/09/2025 07:30:00 AM,30,NO CONTROLS,NO CONTROLS,CLEAR,DAYLIGHT,PARKED MOTOR VEHICLE,NOT DIVIDED,,STRAIGHT AND LEVEL,DRY,UNKNOWN,ON SCENE,NO INJURY / DRIVE AWAY,Y,,,"OVER $1,500",07/09/2025 07:41:00 AM,IMPROPER OVERTAKING/PASSING,NOT APPLICABLE,5424,S,KEELER AVE,815,,,,,,,2,NO INDICATION OF INJURY,0,0,0,0,0,5,0,7,4,7,41.7942222967,-87.7282391555,POINT (-87.728239155476 41.794222296675)
c29f0e614549fdb44de43317a5bb08527a28e49e4addf5fed67d38ca4e3d0acd764424fe9684e45abca837240a2d731336ea35240d0605bf07db0307796c5fda,,07/09/2025 07:12:00 AM,30,TRAFFIC SIGNAL,FUNCTIONING PROPERLY,CLEAR,DAYLIGHT,REAR END,NOT DIVIDED,,STRAIGHT AND LEVEL,DRY,NO DEFECTS,NOT ON SCENE (DESK REPORT),NO INJURY / DRIVE AWAY,,,,"OVER $1,500",07/15/2025 07:20:00 PM,FOLLOWING TOO CLOSELY,FOLLOWING TOO CLOSELY,3176,W,51ST ST,923,,,,,,,2,NO INDICATION OF INJURY,0,0,0,0,0,2,0,7,4,7,41.8009313275,-87.7037074209,POINT (-87.703707420901 41.800931327505)
9b9f5cf632d2395e6e5cd7148ff7fc0edfc9c74051c728b74f07ce0e87d2fa33460cbda4bd64ff59edb9904d1b5776f407ba34ac4564646e29890ee14a8ea1d4,,07/09/2025 07:10:00 AM,25,TRAFFIC SIGNAL,FUNCTIONING PROPERLY,CLEAR,DAYLIGHT,TURNING,ONE-WAY,,STRAIGHT AND LEVEL,DRY,NO DEFECTS,NOT ON SCENE (DESK REPORT),NO INJURY / DRIVE AWAY,Y,,,"OVER $1,500",07/09/2025 01:00:00 PM,UNABLE TO DETERMINE,UNABLE TO DETERMINE,3100,S,WENTWORTH AVE,915,,,,,,,2,NO INDICATION OF INJURY,0,0,0,0,0,3,0,7,4,7,41.8382005938,-87.6318233759,POINT (-87.631823375905 41.83820059378)
2046802a01c2052aff8c77116eefa790f1957b7d072d60bb17cea5c08eab883cfa297bb1d553bed62c40c6866a7ff822bdcf57b0891e44ae22da03734a5073e8,,07/09/2025 07:05:00 AM,25,NO CONTROLS,NO CONTROLS,UNKNOWN,UNKNOWN,REAR END,ONE-WAY,,STRAIGHT AND LEVEL,UNKNOWN,UNKNOWN,NOT ON SCENE (DESK REPORT),NO INJURY / DRIVE AWAY,,,,"OVER $1,500",07/11/2025 02:28:00 PM,FOLLOWING TOO CLOSELY,NOT APPLICABLE,1559,W,ELMDALE AVE,2013,,,,,,,2,NO INDICATION OF INJURY,0,0,0,0,0,2,0,7,4,7,41.9906895251,-87.6699005236,POINT (-87.669900523621 41.990689525106)
ad35897ccdc8ef506e44265d322a2f23054e46a5bf294e053d09f714754a762f95c1fa366e4331efef71852d60060cc2f244a00dbe63b6a10ed8c5094a1bc3d8,,07/09/2025 07:00:00 AM,30,TRAFFIC SIGNAL,FUNCTIONING PROPERLY,CLEAR,DAYLIGHT,REAR END,ONE-WAY,,STRAIGHT AND LEVEL,DRY,NO DEFECTS,NOT ON SCENE (DESK REPORT),NO INJURY / DRIVE AWAY,Y,,,"$501 - $1,500",07/09/2025 05:45:00 PM,FAILING TO REDUCE SPEED TO AVOID CRASH,FOLLOWING TOO CLOSELY,2401,N,LAVERGNE AVE,2521,,,,,,,2,NO INDICATION OF INJURY,0,0,0,0,0,2,0,7,4,7,41.9242238423,-87.7510811355,POINT (-87.751081135459 41.924223842284)
4664f1867c1881782f50a9e293b901239d203ee1282916a95e37578e76d05bb276d14b2ad1a1297534a50628c9244f4300213be5989c4c54f9a8f0c16ab0c689,,07/09/2025 06:56:00 AM,30,NO CONTROLS,NO CONTROLS,UNKNOWN,DAYLIGHT,SIDESWIPE SAME DIRECTION,NOT DIVIDED,,STRAIGHT AND LEVEL,UNKNOWN,UNKNOWN,NOT ON SCENE (DESK REPORT),NO INJURY / DRIVE AWAY,,,,"OVER $1,500",07/09/2025 07:50:00 AM,UNABLE TO DETERMINE,UNABLE TO DETERMINE,5731,S,COTTAGE GROVE AVE,235,,,,,,,2,NO INDICATION OF INJURY,0,0,0,0,0,2,0,6,4,7,41.7903928403,-87.6059890351,POINT (-87.605989035071 41.790392840279)
9118e716050afa6f71a74b3fec35a7100d7811971c83671289eb030cb7f9b3a8b3bca177d562f528f95b50ad36e6a1aa93f985e7ddef06c6715c1a44194d1675,,07/09/2025 06:45:00 AM,30,NO CONTROLS,NO CONTROLS,CLOUDY/OVERCAST,DAYLIGHT,REAR TO SIDE,ALLEY,,STRAIGHT AND LEVEL,UNKNOWN,UNKNOWN,NOT ON SCENE (DESK REPORT),NO INJURY / DRIVE AWAY,,,,"OVER $1,500",07/09/2025 07:20:00 AM,UNABLE TO DETERMINE,UNABLE TO DETERMINE,458,N,NOBLE ST,1215,,,,,,,2,NO INDICATION OF INJURY,0,0,0,0,0,2,0,6,4,7,41.8905767932,-87.6623986795,POINT (-87.66239867946 41.890576793152)
6d6b9dc8a86604464521b33604ff6a4e7ce1f12fe4c763da662da89dc2b2ffdc32e66d9665fdae617b609a64e1d029d2de37716f76fddef8d02ceb7307f12119,,07/09/2025 06:37:00 AM,30,TRAFFIC SIGNAL,FUNCTIONING PROPERLY,CLEAR,DAYLIGHT,REAR END,DIVIDED - W/MEDIAN BARRIER,,STRAIGHT AND LEVEL,DRY,UNKNOWN,ON SCENE,INJURY AND / OR TOW DUE TO CRASH,,,,"OVER $1,500",07/09/2025 06:39:00 AM,FOLLOWING TOO CLOSELY,NOT APPLICABLE,6057,N,LINCOLN AVE,1711,,,,,,,2,NONINCAPACITATING INJURY,1,0,0,1,0,1,0,6,4,7,41.9918656495,-87.7095450826,POINT (-87.709545082613 41.991865649518)
2a85dc08219e15efa98355e93f8a554e11df62209fead2664056ea4a2e7e4fbd975c8879accd1ad66a8123e06926f35d2d1a109d09d4219c977ed0895a0e4ac2,,07/09/2025 06:20:00 AM,30,TRAFFIC SIGNAL,FUNCTIONING PROPERLY,CLEAR,DAYLIGHT,SIDESWIPE SAME DIRECTION,DIVIDED - W/MEDIAN (NOT RAISED),,STRAIGHT AND LEVEL,DRY,NO DEFECTS,ON SCENE,NO INJURY / DRIVE AWAY,,,,"OVER $1,500",07/09/2025 06:25:00 AM,UNABLE TO DETERMINE,UNABLE TO DETERMINE,13500,S,TORRENCE AVE,434,,,,,,,2,NO INDICATION OF INJURY,0,0,0,0,0,2,0,6,4,7,41.6500198528,-87.559454784,POINT (-87.559454784034 41.650019852761)
e639abd0faaa274f0b117794f3fea4f7915b24e7b3ddb445cd195d830b7978f0829a9b9316ab19471f24612f81b906b23697132d6815a1a8aeff0210a24d0f26,,07/09/2025 06:20:00 AM,20,NO CONTROLS,NO CONTROLS,CLEAR,DAYLIGHT,PEDALCYCLIST,ALLEY,,STRAIGHT AND LEVEL,DRY,NO DEFECTS,ON SCENE,INJURY AND / OR TOW DUE TO CRASH,,,,"$501 - $1,500",07/09/2025 06:35:00 AM,UNABLE TO DETERMINE,FAILING TO YIELD RIGHT-OF-WAY,2811,N,LOCKWOOD AVE,2514,,,,,,,2,NONINCAPACITATING INJURY,1,0,0,1,0,1,0,6,4,7,41.9317104855,-87.7587278655,POINT (-87.758727865489 41.931710485514)
117797feaa7a2d4124a4543c41af5481c12296ec8f9608c5ab4f2f49303965d6d0ae982d4d8e847880c71442f78f9b019acfd605ea430e1788e25735d9b4f2a8,,07/09/2025 05:15:00 AM,30,NO CONTROLS,NO CONTROLS,CLEAR,DAWN,REAR END,ONE-WAY,,STRAIGHT AND LEVEL,DRY,NO DEFECTS,NOT ON SCENE (DESK REPORT),NO INJURY / DRIVE AWAY,,,,"OVER $1,500",07/09/2025 06:37:00 AM,FOLLOWING TOO CLOSELY,NOT APPLICABLE,180,N,FRANKLIN ST,122,,,,,,,2,NO INDICATION OF INJURY,0,0,0,0,0,2,0,5,4,7,41.8853303744,-87.6355478622,POINT (-87.635547862219 41.885330374442)
c1a2bec4798b83c5bff17cbeeb784fdba79d119af37037a8e1890afddff9de97766a56c201e829252d4c51674e48e0b11fdb534090549015f03dc798f80fdbda,,07/09/2025 05:00:00 AM,30,NO CONTROLS,NO CONTROLS,CLEAR,DAWN,REAR END,DIVIDED - W/MEDIAN (NOT RAISED),,STRAIGHT AND LEVEL,DRY,NO DEFECTS,NOT ON SCENE (DESK REPORT),NO INJURY / DRIVE AWAY,,,,$500 OR LESS,07/09/2025 06:00:00 AM,UNABLE TO DETERMINE,UNABLE TO DETERMINE,180,N,FRANKLIN ST,122,,,,,,,2,NO INDICATION OF INJURY,0,0,0,0,0,2,0,5,4,7,41.8853303744,-87.6355478622,POINT (-87.635547862219 41.885330374442)
8f65c63a9889a1f171c544d532e9f873eae151cb285e38f1ab25c83f7dec5defee5497d7d49951a5f3f3499bd4619f805c7fba0d2213d7a175fa685d4a74e45c,,07/09/2025 04:58:00 AM,30,STOP SIGN/FLASHER,NO CONTROLS,CLEAR,DAYLIGHT,REAR TO SIDE,FOUR WAY,,STRAIGHT AND LEVEL,WET,NO DEFECTS,NOT ON SCENE (DESK REPORT),NO INJURY / DRIVE AWAY,,,,"OVER $1,500",07/09/2025 05:02:00 AM,FAILING TO REDUCE SPEED TO AVOID CRASH,NOT APPLICABLE,4900,S,KOSTNER AVE,815,,,,,,,2,NO INDICATION OF INJURY,0,0,0,0,0,2,0,4,4,7,41.8040001223,-87.7334154885,POINT (-87.733415488543 41.804000122322)
968c2ab99c66820aae732e034b7b60971274e6e69bae985c57dde4c03e90d2d85d8db0444c8c3bdba917ff67a14133740830ccbb1fec752ea8441cb8ceec8e60,,07/09/2025 03:30:00 AM,30,NO CONTROLS,NO CONTROLS,CLEAR,"DARKNESS, LIGHTED ROAD",PARKED MOTOR VEHICLE,NOT DIVIDED,,STRAIGHT AND LEVEL,DRY,NO DEFECTS,NOT ON SCENE (DESK REPORT),INJURY AND / OR TOW DUE TO CRASH,,,Y,"OVER $1,500",07/09/2025 12:00:00 PM,UNABLE TO DETERMINE,UNABLE TO DETERMINE,7425,S,SOUTH CHICAGO AVE,324,,,,,,,2,NO INDICATION OF INJURY,0,0,0,0,0,1,0,3,4,7,41.7600287449,-87.5972284942,POINT (-87.597228494239 41.760028744889)
3e5e8c142aa9df3d41ee5b6da9c3df92f9614624b9e037c5ae4ada357fa689761d61475a266d99c915380d6b87a241680065635a7e4dd7ee7c8cb0a7a77bd074,,07/09/2025 03:00:00 AM,30,NO CONTROLS,NO CONTROLS,CLEAR,"DARKNESS, LIGHTED ROAD",PARKED MOTOR VEHICLE,NOT DIVIDED,,STRAIGHT AND LEVEL,UNKNOWN,UNKNOWN,NOT ON SCENE (DESK REPORT),NO INJURY / DRIVE AWAY,,,Y,"OVER $1,500",07/09/2025 09:58:00 AM,UNABLE TO DETERMINE,UNABLE TO DETERMINE,7233,S,RICHMOND ST,831,,,,,,,2,NO INDICATION OF INJURY,0,0,0,0,0,1,0,3,4,7,41.7616608944,-87.6964726633,POINT (-87.696472663268 41.761660894394)
a26f3c98a2f4aaa13bb68535245e0d30b1096bf92ebf7228a9a0570f4a2c920080eae25061015610933a3ffcd2e7a655cb74d62840e30f46c766e8d0910b8bc6,,07/09/2025 02:50:00 AM,20,NO CONTROLS,NO CONTROLS,CLEAR,"DARKNESS, LIGHTED ROAD",PARKED MOTOR VEHICLE,ONE-WAY,,STRAIGHT AND LEVEL,WET,NO DEFECTS,ON SCENE,NO INJURY / DRIVE AWAY,,,Y,"OVER $1,500",07/09/2025 02:50:00 AM,DRIVING ON WRONG SIDE/WRONG WAY,DRIVING ON WRONG SIDE/WRONG WAY,5837,W,ARTHINGTON ST,1513,,,,,,,2,NO INDICATION OF INJURY,0,0,0,0,0,1,0,2,4,7,41.8690576713,-87.7707280097,POINT (-87.770728009705 41.869057671323)
06c32411b9ffcd7c423f8dd52b8f17f43ec761385b57ea614ca038484172bbbe28774dcb248fdc531e0bd08d70b947cf02f406bdd054ce933a82a2da5de26266,,07/09/2025 02:13:00 AM,35,NO CONTROLS,NO CONTROLS,CLEAR,"DARKNESS, LIGHTED ROAD",SIDESWIPE SAME DIRECTION,NOT DIVIDED,,STRAIGHT AND LEVEL,DRY,NO DEFECTS,ON SCENE,INJURY AND / OR TOW DUE TO CRASH,,,Y,"OVER $1,500",07/09/2025 02:15:00 AM,UNABLE TO DETERMINE,UNABLE TO DETERMINE,6800,S,ASHLAND AVE,725,,,,,,,2,NO INDICATION OF INJURY,0,0,0,0,0,2,0,2,4,7,41.7702787561,-87.6641124326,POINT (-87.664112432605 41.770278756122)
1c6a4012ae7a6d1c48b4627eb29f03f61de6a47990bfb6f024ef7615409d6f79efc611e29342c0b0e2e7b6e3d00094cf39b68f875eb6fcd52713d1c5028d2071,,07/09/2025 02:06:00 AM,30,STOP SIGN/FLASHER,FUNCTIONING PROPERLY,CLEAR,DARKNESS,ANGLE,T-INTERSECTION,,STRAIGHT AND LEVEL,WET,NO DEFECTS,ON SCENE,INJURY AND / OR TOW DUE TO CRASH,Y,,,"OVER $1,500",07/09/2025 02:09:00 AM,DISREGARDING STOP SIGN,FAILING TO YIELD RIGHT-OF-WAY,2498,N,AUSTIN AVE,2512,,,,,,,2,NO INDICATION OF INJURY,0,0,0,0,0,5,0,2,4,7,41.9255833603,-87.7759225615,POINT (-87.775922561492 41.925583360346)
068ab0e51bca02588df301e67478982b709c0739f3be3c5099be96105827335930b9d14eb69c431e0aed4fc862b11477cbd0713f4e7684d6ebdb38c859c2e422,,07/09/2025 02:00:00 AM,25,UNKNOWN,UNKNOWN,CLEAR,"DARKNESS, LIGHTED ROAD",PARKED MOTOR VEHICLE,DIVIDED - W/MEDIAN (NOT RAISED),,STRAIGHT AND LEVEL,DRY,NO DEFECTS,NOT ON SCENE (DESK REPORT),NO INJURY / DRIVE AWAY,,,Y,"OVER $1,500",07/09/2025 08:20:00 AM,UNABLE TO DETERMINE,UNABLE TO DETERMINE,2010,N,CENTRAL PARK AVE,2525,,,,,,,2,NO INDICATION OF INJURY,0,0,0,0,0,1,0,2,4,7,41.9176212738,-87.7169285202,POINT (-87.716928520238 41.917621273828)
9809716cb21523ac160d37fb7387f727e7732ec3ac3a2753e33dff5d32769cb597ef2124d695426d8f37d408fbcc0ed54ca3d51fd188114cdea788578d2f15a7,,07/09/2025 02:00:00 AM,30,TRAFFIC SIGNAL,FUNCTIONING PROPERLY,CLEAR,"DARKNESS, LIGHTED ROAD",REAR END,NOT DIVIDED,,STRAIGHT AND LEVEL,DRY,NO DEFECTS,NOT ON SCENE (DESK REPORT),NO INJURY / DRIVE AWAY,,,,"OVER $1,500",07/09/2025 02:36:00 AM,UNABLE TO DETERMINE,NOT APPLICABLE,3001,W,55TH ST,824,,,,,,,2,NO INDICATION OF INJURY,0,0,0,0,0,3,0,2,4,7,41.793494295,-87.6987365413,POINT (-87.698736541258 41.793494294984)
281ecc99d2bfc769d827169bd7185ccbecf94a999ca13b4654e17c5ee5f33525ce620e7f42db73c5dbbb4dbd828efec0a471d7765b3f165e2e832f7ed508b19f,,07/09/2025 01:36:00 AM,30,TRAFFIC SIGNAL,FUNCTIONING PROPERLY,CLEAR,"DARKNESS, LIGHTED ROAD",ANGLE,FOUR WAY,,STRAIGHT AND LEVEL,WET,NO DEFECTS,ON SCENE,INJURY AND / OR TOW DUE TO CRASH,Y,,,"OVER $1,500",07/09/2025 01:37:00 AM,FAILING TO YIELD RIGHT-OF-WAY,UNABLE TO DETERMINE,4000,W,BELMONT AVE,1731,,,,,,,2,NONINCAPACITATING INJURY,1,0,0,1,0,3,0,1,4,7,41.9392037499,-87.7273101341,POINT (-87.727310134144 41.939203749866)