CRASH_RECORD_ID,CRASH_DATE_EST_I,CRASH_DATE,POSTED_SPEED_LIMIT,TRAFFIC_CONTROL_DEVICE,DEVICE_CONDITION,WEATHER_CONDITION,LIGHTING_CONDITION,FIRST_CRASH_TYPE,TRAFFICWAY_TYPE,LANE_CNT,ALIGNMENT,ROADWAY_SURFACE_COND,ROAD_DEFECT,REPORT_TYPE,CRASH_TYPE,INTERSECTION_RELATED_I,NOT_RIGHT_OF_WAY_I,HIT_AND_RUN_I,DAMAGE,DATE_POLICE_NOTIFIED,PRIM_CONTRIBUTORY_CAUSE,SEC_CONTRIBUTORY_CAUSE,STREET_NO,STREET_DIRECTION,STREET_NAME,BEAT_OF_OCCURRENCE,PHOTOS_TAKEN_I,STATEMENTS_TAKEN_I,DOORING_I,WORK_ZONE_I,WORK_ZONE_TYPE,WORKERS_PRESENT_I,NUM_UNITS,MOST_SEVERE_INJURY,INJURIES_TOTAL,INJURIES_FATAL,INJURIES_INCAPACITATING,INJURIES_NON_INCAPACITATING,INJURIES_REPORTED_NOT_EVIDENT,INJURIES_NO_INDICATION,INJURIES_UNKNOWN,CRASH_HOUR,CRASH_DAY_OF_WEEK,CRASH_MONTH,LATITUDE,LONGITUDE,LOCATION
99572b22ec16d75d1262955ee134a7fc97cc9a70a0c7ae66a8fc17d7f95e5f3831699dbdd36d58b2900a220c7d22e26fcc7cb0691c89b34e929b560644594c7b,,07/09/2025 01:07:00 AM,30,NO CONTROLS,NO CONTROLS,RAIN,"DARKNESS, LIGHTED ROAD",PARKED MOTOR VEHICLE,NOT DIVIDED,,STRAIGHT AND LEVEL,WET,NO DEFECTS,ON SCENE,INJURY AND / OR TOW DUE TO CRASH,,,,"OVER $1,500",07/09/2025 01:10:00 AM,DRIVING SKILLS/KNOWLEDGE/EXPERIENCE,FAILING TO REDUCE SPEED TO AVOID CRASH,2910,S,ARCHER AVE,913,,Y,,,,,3,NO INDICATION OF INJURY,0,0,0,0,0,4,0,1,4,7,41.8416836835,-87.658149792,POINT (-87.658149792043 41.841683683546)
3a13e5c5c3267d2de43aa8de0c42accea54a6b86eb08b6d7f7443d9cdc4167854966c1d1592baaf7a67248c072fc2ff685c198703e2ba6b29631e861ad888fc6,,07/09/2025 12:58:00 AM,55,NO CONTROLS,NO CONTROLS,RAIN,"DARKNESS, LIGHTED ROAD",FIXED OBJECT,DIVIDED - W/MEDIAN BARRIER,,STRAIGHT AND LEVEL,WET,WORN SURFACE,ON SCENE,INJURY AND / OR TOW DUE TO CRASH,,,,"OVER $1,500",07/09/2025 01:05:00 AM,WEATHER,NOT APPLICABLE,7100,S,CHICAGO SKYWAY OB,323,,,,,,,1,NO INDICATION OF INJURY,0,0,0,0,0,1,0,0,4,7,,,
71cc564b610f28bf28297e46889f89497738fdad2a9192f43b41c82c58fc34786b54b1514c43b06b08d038951c064a5c9ab19c639032b7a2e9cbe437159fba92,,07/09/2025 12:30:00 AM,30,NO CONTROLS,NO CONTROLS,CLEAR,"DARKNESS, LIGHTED ROAD",PARKED MOTOR VEHICLE,UNKNOWN INTERSECTION TYPE,,STRAIGHT AND LEVEL,WET,NO DEFECTS,ON SCENE,NO INJURY / DRIVE AWAY,,,,"OVER $1,500",07/09/2025 12:54:00 AM,IMPROPER OVERTAKING/PASSING,NOT APPLICABLE,177,N,LOREL AVE,1523,,,,,,,2,NO INDICATION OF INJURY,0,0,0,0,0,1,0,0,4,7,41.8843991624,-87.7587376136,POINT (-87.758737613648 41.884399162403)
19ccc3659ed79dcc3370050ff515b3e0dc0590a3c953cedb99f710c2301dd3fc49c61f96edaba39998af1f6a522ffbddf21f24ab60032f5d7ac5177a0c47796a,,07/09/2025 12:25:00 AM,30,TRAFFIC SIGNAL,FUNCTIONING PROPERLY,CLEAR,"DARKNESS, LIGHTED ROAD",TURNING,FOUR WAY,,STRAIGHT AND LEVEL,DRY,NO DEFECTS,NOT ON SCENE (DESK REPORT),NO INJURY / DRIVE AWAY,,,Y,"$501 - $1,500",07/09/2025 01:20:00 AM,DISREGARDING TRAFFIC SIGNALS,NOT APPLICABLE,3802,W,CONGRESS PKWY,1133,,,,,,,2,NO INDICATION OF INJURY,0,0,0,0,0,2,0,0,4,7,41.8745539746,-87.72056523,POINT (-87.720565229995 41.874553974609)
56523fd81c8ab5535ba0d6d6ad3d38b0fdef55eb62cd705b63e4439775dd623ffb5103ed0bcde465a33115faa90e685edfa228be4c1381fca31cd144a62cabd2,,07/09/2025 12:05:00 AM,20,NO CONTROLS,NO CONTROLS,RAIN,"DARKNESS, LIGHTED ROAD",SIDESWIPE OPPOSITE DIRECTION,NOT DIVIDED,,STRAIGHT AND LEVEL,WET,NO DEFECTS,ON SCENE,NO INJURY / DRIVE AWAY,,,Y,"OVER $1,500",07/09/2025 12:08:00 AM,IMPROPER LANE USAGE,UNABLE TO DETERMINE,1400,W,BRYN MAWR AVE,2013,,Y,,,,,2,NO INDICATION OF INJURY,0,0,0,0,0,2,0,0,4,7,41.9836559829,-87.6650853428,POINT (-87.66508534277 41.983655982911)
a191aa3988494b15ea2b863138bf7f7948b1b35d4f800627173526a6c5721b3968d27e8fb30d7df55f256350d22463ba0faf6d7e5ea8198decd3e1b5925240f8,,07/09/2025 12:00:00 AM,30,NO CONTROLS,NO CONTROLS,RAIN,"DARKNESS, LIGHTED ROAD",PARKED MOTOR VEHICLE,NOT DIVIDED,,STRAIGHT AND LEVEL,WET,NO DEFECTS,NOT ON SCENE (DESK REPORT),NO INJURY / DRIVE AWAY,,,Y,"$501 - $1,500",07/10/2025 07:06:00 PM,FOLLOWING TOO CLOSELY,NOT APPLICABLE,2115,W,AUGUSTA BLVD,1212,,,,,,,2,NO INDICATION OF INJURY,0,0,0,0,0,1,0,0,4,7,41.8993883046,-87.6802503665,POINT (-87.680250366502 41.899388304586)
a89b5360593a9515d4ae979f413c5324ae88196834c4937b0d7a5d8b5f54a45d17256d120d551eb100054b6aee3c4231df3d748378fd15c6fb142f39339addcc,,07/08/2025 11:50:00 PM,25,NO CONTROLS,NO CONTROLS,RAIN,"DARKNESS, LIGHTED ROAD",PARKED MOTOR VEHICLE,PARKING LOT,,STRAIGHT AND LEVEL,WET,NO DEFECTS,ON SCENE,NO INJURY / DRIVE AWAY,,,Y,$500 OR LESS,07/09/2025 12:09:00 AM,IMPROPER BACKING,NOT APPLICABLE,1716,W,35TH ST,912,,,,,,,2,NO INDICATION OF INJURY,0,0,0,0,0,1,0,23,3,7,41.8305759112,-87.6686938075,POINT (-87.668693807536 41.830575911221)
2b85a1a0de401d8bb78fd004ef888a0a1fc774f8bad30009f796bab1e54f11195cf96a4615a34a9022638a1d066c851d8bd6e3ef5f83e28b271726dba2eac77e,,07/08/2025 11:40:00 PM,30,TRAFFIC SIGNAL,FUNCTIONING PROPERLY,RAIN,"DARKNESS, LIGHTED ROAD",REAR END,ONE-WAY,,STRAIGHT AND LEVEL,WET,NO DEFECTS,ON SCENE,NO INJURY / DRIVE AWAY,,,Y,"OVER $1,500",07/08/2025 11:43:00 PM,UNABLE TO DETERMINE,NOT APPLICABLE,3398,W,CONGRESS PKWY,1134,,,,,,,2,NO INDICATION OF INJURY,0,0,0,0,0,3,0,23,3,7,41.8746542716,-87.7107707518,POINT (-87.710770751817 41.874654271607)
e10b7d875aeaff3d760874d3756fd1f1ef8dd698231295e83f35a97f4f4107d275a6ec2dc9eb07d66e1579f64ce9cbf3892cf562bb2d94ae0d138f4ebbbfc527,,07/08/2025 11:30:00 PM,35,NO CONTROLS,NO CONTROLS,CLEAR,"DARKNESS, LIGHTED ROAD",REAR TO FRONT,PARKING LOT,,STRAIGHT AND LEVEL,DRY,NO DEFECTS,NOT ON SCENE (DESK REPORT),NO INJURY / DRIVE AWAY,,,,"OVER $1,500",07/09/2025 04:00:00 PM,IMPROPER BACKING,UNABLE TO DETERMINE,7531,S,STONY ISLAND AVE,411,,,,,,,2,NO INDICATION OF INJURY,0,0,0,0,0,2,0,23,3,7,41.7578154221,-87.5855692215,POINT (-87.585569221511 41.757815422072)
abb0ced4bbbd7a9915e859afdc3b41cade8435b5bbecbeb484617c9a3b69520951963923312f1df02ff8ce33b1261289fc432b80bf99dd634d9d8dde5429905c,,07/08/2025 11:21:00 PM,25,NO CONTROLS,NO CONTROLS,RAIN,DARKNESS,PEDESTRIAN,PARKING LOT,,STRAIGHT AND LEVEL,WET,NO DEFECTS,ON SCENE,INJURY AND / OR TOW DUE TO CRASH,,,,$500 OR LESS,07/08/2025 11:21:00 PM,UNABLE TO DETERMINE,UNABLE TO DETERMINE,6700,S,COTTAGE GROVE AVE,321,,Y,,,,,2,NONINCAPACITATING INJURY,1,0,0,1,0,1,0,23,3,7,41.7730478219,-87.6059130529,POINT (-87.605913052872 41.773047821886)
94af8f23f6981a27f43bdc3cd804e20deb5927e4acc352ec93d21cc9701321f19066eb9752e12f77ed5fee7986eff43452c7467870ba4d8bd4bab105a5ffe51c,,07/08/2025 11:05:00 PM,35,OTHER,FUNCTIONING PROPERLY,CLEAR,"DARKNESS, LIGHTED ROAD",REAR TO FRONT,NOT DIVIDED,,STRAIGHT ON GRADE,DRY,NO DEFECTS,ON SCENE,NO INJURY / DRIVE AWAY,,,Y,"OVER $1,500",07/08/2025 11:26:00 PM,IMPROPER BACKING,UNABLE TO DETERMINE,3298,E,100TH ST,431,,,,,,,2,NO INDICATION OF INJURY,0,0,0,0,0,2,0,23,3,7,41.7139180671,-87.5433925796,POINT (-87.543392579602 41.713918067054)
3d69bc98311ea48c32107f671f8e8e69c9bb5675f9b1db1d91d4fa5543a57eb13810c37f0234c79c071a5d6259c688ebd3955f787f9439220c8aff2b195f99cf,,07/08/2025 11:00:00 PM,30,NO CONTROLS,NO CONTROLS,CLEAR,DAYLIGHT,REAR END,ONE-WAY,,STRAIGHT AND LEVEL,DRY,NO DEFECTS,ON SCENE,INJURY AND / OR TOW DUE TO CRASH,,,,"OVER $1,500",07/09/2025 11:15:00 AM,FAILING TO REDUCE SPEED TO AVOID CRASH,PHYSICAL CONDITION OF DRIVER,3142,W,65TH ST,823,,Y,,,,,2,NO INDICATION OF INJURY,0,0,0,0,0,2,0,23,3,7,41.7754432396,-87.702312842,POINT (-87.702312842022 41.775443239582)
6e6a36d6e6508fd4c85252469854c37bfe84a81f06906312e9e7fb7a1015fc37abb6b0f454b0a5c0b3f8166f05614a3b0441574706b9940fa180a4f4d7aa9c6d,Y,07/08/2025 11:00:00 PM,30,NO CONTROLS,NO CONTROLS,UNKNOWN,"DARKNESS, LIGHTED ROAD",PARKED MOTOR VEHICLE,NOT DIVIDED,,STRAIGHT AND LEVEL,UNKNOWN,NO DEFECTS,ON SCENE,INJURY AND / OR TOW DUE TO CRASH,,,Y,"OVER $1,500",07/09/2025 07:13:00 AM,UNABLE TO DETERMINE,UNABLE TO DETERMINE,5642,N,BROADWAY,2013,,,,,,,4,NO INDICATION OF INJURY,0,0,0,0,0,1,0,23,3,7,41.9849109543,-87.660255991,POINT (-87.660255991046 41.984910954251)
7a6b062155e58f55adabf7e0c394c7c2760a88aa8efc4ec6084187be4c82ed70db3b780902d9f74c621cfdd09f1656b95a44bcff99a43f83ddfeae549ca287df,,07/08/2025 10:57:00 PM,30,OTHER,OTHER,RAIN,"DARKNESS, LIGHTED ROAD",REAR END,DIVIDED - W/MEDIAN (NOT RAISED),,STRAIGHT AND LEVEL,WET,OTHER,ON SCENE,NO INJURY / DRIVE AWAY,,,,$500 OR LESS,07/08/2025 10:57:00 PM,UNABLE TO DETERMINE,UNABLE TO DETERMINE,2624,N,MILWAUKEE AVE,1412,,Y,,,,,2,NO INDICATION OF INJURY,0,0,0,0,0,3,0,22,3,7,41.9293986476,-87.7081559712,POINT (-87.708155971184 41.929398647597)
abb95086df74b04d7a2e7a41fda173739cd48937c1c1cfd4c8b22db249a84498ba11cea945a1bf68351966571f65096a3d2f5794bdae5b63fee091751124edd4,,07/08/2025 10:55:00 PM,30,TRAFFIC SIGNAL,UNKNOWN,RAIN,DARKNESS,REAR END,FOUR WAY,,STRAIGHT AND LEVEL,WET,NO DEFECTS,NOT ON SCENE (DESK REPORT),NO INJURY / DRIVE AWAY,Y,,Y,"OVER $1,500",07/08/2025 11:28:00 PM,FAILING TO REDUCE SPEED TO AVOID CRASH,NOT APPLICABLE,3801,W,HARRISON ST,1133,,,,,,,2,NO INDICATION OF INJURY,0,0,0,0,0,2,0,22,3,7,41.8734046453,-87.7203996283,POINT (-87.720399628297 41.873404645345)
f0d10a1a35c7bff723423d2ad328d6817d9e6c3a177407b8bf0600f99f547c67bac7212f9f8b7995950596022382cad8175ef1ccbc87462dc735adc0ea054b72,,07/08/2025 10:45:00 PM,30,TRAFFIC SIGNAL,UNKNOWN,RAIN,"DARKNESS, LIGHTED ROAD",SIDESWIPE SAME DIRECTION,NOT DIVIDED,,STRAIGHT AND LEVEL,WET,UNKNOWN,NOT ON SCENE (DESK REPORT),NO INJURY / DRIVE AWAY,,,Y,"OVER $1,500",07/08/2025 10:45:00 PM,IMPROPER OVERTAKING/PASSING,NOT APPLICABLE,1000,W,HOLLYWOOD AVE,2022,,,,,,,2,NO INDICATION OF INJURY,0,0,0,0,0,2,0,22,3,7,41.9856497986,-87.6553358066,POINT (-87.655335806551 41.985649798593)
82b09738c119f64c4418298160b88aa979b15794adaa389b91f721546f3e5a40517b2c0bd271e6af5cb6006bb6181defba9a2f094ed1cce43d9956d4f750c51d,,07/08/2025 10:40:00 PM,30,TRAFFIC SIGNAL,FUNCTIONING PROPERLY,RAIN,"DARKNESS, LIGHTED ROAD",TURNING,FOUR WAY,,STRAIGHT AND LEVEL,WET,NO DEFECTS,ON SCENE,NO INJURY / DRIVE AWAY,,,,"$501 - $1,500",07/08/2025 10:50:00 PM,IMPROPER OVERTAKING/PASSING,IMPROPER LANE USAGE,10,E,GRAND AVE,1834,,,,,,,2,NO INDICATION OF INJURY,0,0,0,0,0,2,0,22,3,7,41.8917914631,-87.6276577412,POINT (-87.6276577412 41.891791463112)
8c1e7c3b9a5711ca3e5162fe23c986e1e87665ad27af3c1b2e30dbcc55b0ac8edb76d4397ee613ca907f466e3bf3e2096eefc509b26509aca53a7e92847d1974,,07/08/2025 10:35:00 PM,30,UNKNOWN,UNKNOWN,UNKNOWN,UNKNOWN,SIDESWIPE SAME DIRECTION,DIVIDED - W/MEDIAN (NOT RAISED),,STRAIGHT AND LEVEL,UNKNOWN,UNKNOWN,NOT ON SCENE (DESK REPORT),NO INJURY / DRIVE AWAY,,,,"$501 - $1,500",07/14/2025 07:30:00 PM,UNABLE TO DETERMINE,NOT APPLICABLE,1326,S,COLUMBUS DR,132,,,,,,,2,NO INDICATION OF INJURY,0,0,0,0,0,2,0,22,3,7,41.8650693052,-87.6196522111,POINT (-87.619652211054 41.865069305153)
6519ceedae68f3c761e337ba9fae31f6f4e7f8d0e5211bdf4c0f0bd27c84730c628ffbd93bc6d759d97b461a9b02b876bad2bef9b86aea61771841b4620e6763,,07/08/2025 10:32:00 PM,30,NO CONTROLS,NO CONTROLS,RAIN,"DARKNESS, LIGHTED ROAD",OTHER OBJECT,DIVIDED - W/MEDIAN BARRIER,,STRAIGHT AND LEVEL,WET,DEBRIS ON ROADWAY,ON SCENE,INJURY AND / OR TOW DUE TO CRASH,,,,"OVER $1,500",07/08/2025 10:35:00 PM,WEATHER,NOT APPLICABLE,22,S,WESTERN AVE,1125,,,,,,,1,NO INDICATION OF INJURY,0,0,0,0,0,1,0,22,3,7,41.8804896592,-87.6865643632,POINT (-87.686564363195 41.880489659244)
f68cd76fb2c21f3262e4cf29d482648225e619c0e0ec6c88d54e0ce78bda330507fccfb5ba82939e663a160ee312fbedbd3bc4f16098b104c2b890dd6188e828,,07/08/2025 10:30:00 PM,40,NO CONTROLS,NO CONTROLS,CLEAR,"DARKNESS, LIGHTED ROAD",REAR END,ONE-WAY,,STRAIGHT AND LEVEL,WET,NO DEFECTS,ON SCENE,INJURY AND / OR TOW DUE TO CRASH,,,Y,"OVER $1,500",07/08/2025 10:38:00 PM,UNABLE TO DETERMINE,NOT APPLICABLE,1530,N,LAKE SHORE DR NB,1824,,,,,,,2,NO INDICATION OF INJURY,0,0,0,0,0,2,0,22,3,7,41.9104445231,-87.6261333512,POINT (-87.6261333512 41.91044452313)
af6be275f66ecf5a2e1c96662ac72081a0eb047e39538742c1588f421f3c3d80c4495ef6d936ca4ecb907cda4bfc07ded4141e2b4ff421f9bb6a1130b5a188dd,,07/08/2025 10:10:00 PM,30,PEDESTRIAN CROSSING SIGN,FUNCTIONING PROPERLY,RAIN,"DARKNESS, LIGHTED ROAD",PEDESTRIAN,DIVIDED - W/MEDIAN (NOT RAISED),,STRAIGHT ON GRADE,WET,UNKNOWN,ON SCENE,INJURY AND / OR TOW DUE TO CRASH,,,,"OVER $1,500",07/08/2025 10:12:00 PM,FAILING TO YIELD RIGHT-OF-WAY,DISREGARDING YIELD SIGN,515,E,MC FETRIDGE DR,132,,,,,,,3,NONINCAPACITATING INJURY,2,0,0,2,0,1,0,22,3,7,41.8649221353,-87.6149865126,POINT (-87.614986512625 41.864922135252)
671797ac0510b56fb01228be9fb771bef3fb6a090dea0b257b74a093352d2c37447eb479fbd164462c532b5ac782015bab40be728d6547bd4b6fe8035bb3eb42,,07/08/2025 10:08:00 PM,30,NO CONTROLS,NO CONTROLS,RAIN,"DARKNESS, LIGHTED ROAD",FIXED OBJECT,DIVIDED - W/MEDIAN BARRIER,,STRAIGHT AND LEVEL,WET,UNKNOWN,ON SCENE,INJURY AND / OR TOW DUE TO CRASH,,,,"OVER $1,500",07/08/2025 10:40:00 PM,UNABLE TO DETERMINE,UNABLE TO DETERMINE,959,S,PULASKI RD,1132,,,,,,,1,NO INDICATION OF INJURY,0,0,0,0,0,1,0,22,3,7,41.8691271919,-87.7251414516,POINT (-87.725141451581 41.869127191873)
ea671cb8c38eb654ae445f0194dab6354b864d3ab7086764c3ff90806ae695156ec0fcce4e8504e142b1ef79e2092edc2306f75b5ba2b7351317b303c280779c,,07/08/2025 10:07:00 PM,20,NO CONTROLS,NO CONTROLS,RAIN,"DARKNESS, LIGHTED ROAD",TURNING,FOUR WAY,,STRAIGHT AND LEVEL,WET,NO DEFECTS,ON SCENE,INJURY AND / OR TOW DUE TO CRASH,,,Y,"OVER $1,500",07/08/2025 10:08:00 PM,IMPROPER TURNING/NO SIGNAL,FAILING TO YIELD RIGHT-OF-WAY,2424,S,WESTERN AVE,1034,,,,,,,2,NONINCAPACITATING INJURY,1,0,0,1,0,1,0,22,3,7,41.8475972168,-87.6856625474,POINT (-87.685662547394 41.847597216769)
fb1851101a15003b3ab9b6dc724e4060c2c7555bc211ebdf6638101ad6ae3e3f0169e2d1cf4be9dee490b6af897964ec3b6e0937f67cd962fcb06ebb30a72fc3,,07/08/2025 10:07:00 PM,25,TRAFFIC SIGNAL,FUNCTIONING PROPERLY,RAIN,DUSK,REAR END,NOT DIVIDED,,STRAIGHT AND LEVEL,WET,UNKNOWN,ON SCENE,NO INJURY / DRIVE AWAY,,,,"OVER $1,500",07/08/2025 10:52:00 PM,IMPROPER BACKING,NOT APPLICABLE,5201,W,MADISON ST,1522,,,,,,,2,NO INDICATION OF INJURY,0,0,0,0,0,2,0,22,3,7,41.8802612545,-87.7551249799,POINT (-87.755124979873 41.880261254492)
5c0c38ebd2e29f9fce79e111c95463f62927001ad7d110973371167dd07e05ba4514463464c3ebf665d2874dcc938a832bef5c822963db0fb352f5843856f2cc,,07/08/2025 10:00:00 PM,30,TRAFFIC SIGNAL,FUNCTIONING PROPERLY,RAIN,"DARKNESS, LIGHTED ROAD",PEDESTRIAN,NOT DIVIDED,,STRAIGHT AND LEVEL,WET,UNKNOWN,NOT ON SCENE (DESK REPORT),INJURY AND / OR TOW DUE TO CRASH,Y,,,$500 OR LESS,07/08/2025 11:00:00 PM,WEATHER,"VISION OBSCURED (SIGNS, TREE LIMBS, BUILDINGS, ETC.)",2300,S,WASHTENAW AVE,1034,,,,,,,2,"REPORTED, NOT EVIDENT",1,0,0,0,1,1,0,22,3,7,41.8500654276,-87.6930900516,POINT (-87.693090051599 41.850065427601)
ecb2be9f767f4d318a1637506856f8c0630d64e36cf14d7216b6f1a98bcacbead534ad7ece230e570d9321d68b54040fc8530a197bce210603792594fb9e0609,,07/08/2025 09:54:00 PM,30,TRAFFIC SIGNAL,FUNCTIONING PROPERLY,CLEAR,"DARKNESS, LIGHTED ROAD",TURNING,FOUR WAY,,STRAIGHT AND LEVEL,DRY,NO DEFECTS,ON SCENE,INJURY AND / OR TOW DUE TO CRASH,Y,,,"OVER $1,500",07/08/2025 09:57:00 PM,FAILING TO YIELD RIGHT-OF-WAY,NOT APPLICABLE,4700,S,KEDZIE AVE,821,,,,,,,2,NONINCAPACITATING INJURY,1,0,0,1,0,4,0,21,3,7,41.8080472717,-87.7041188223,POINT (-87.704118822299 41.80804727165)
1372abbfc22f1229eb4c52423743b4af5fed34b1662d5e16f74a55c6e4ee5e109a0b3e6c55e8db7d035aebcdbcce615e324bddc68bce7e64e7109e3188036eaa,,07/08/2025 09:50:00 PM,25,TRAFFIC SIGNAL,UNKNOWN,RAIN,"DARKNESS, LIGHTED ROAD",PEDESTRIAN,FOUR WAY,,STRAIGHT AND LEVEL,WET,UNKNOWN,ON SCENE,INJURY AND / OR TOW DUE TO CRASH,Y,,Y,$500 OR LESS,07/08/2025 11:51:00 PM,FAILING TO YIELD RIGHT-OF-WAY,FAILING TO REDUCE SPEED TO AVOID CRASH,456,N,CLARK ST,1831,,,,,,,2,NONINCAPACITATING INJURY,1,0,0,1,0,1,0,21,3,7,41.8907819712,-87.6312518142,POINT (-87.631251814186 41.890781971197)
ac5e53f8f48a6223c5e566690972332b9a52acb2f84ce4f5f5aac9451c2b73b1ec68cc861dde39ef0e394d10ff7fc56698d9a6015f431a1611c15f8867621285,,07/08/2025 09:50:00 PM,25,TRAFFIC SIGNAL,FUNCTIONING PROPERLY,RAIN,"DARKNESS, LIGHTED ROAD",TURNING,FOUR WAY,,STRAIGHT AND LEVEL,WET,UNKNOWN,ON SCENE,INJURY AND / OR TOW DUE TO CRASH,Y,,,"OVER $1,500",07/08/2025 09:51:00 PM,DISREGARDING TRAFFIC SIGNALS,UNABLE TO DETERMINE,5500,S,WESTERN AVE,824,,,,,,,2,NONINCAPACITATING INJURY,1,0,0,1,0,2,0,21,3,7,41.7933705543,-87.6841753768,POINT (-87.684175376759 41.79337055433)
35c0ac7c33ff38ce207a49be7851b6c90d464305b93f17308c84179f7688f642651caa4586ae1ef264ed72a969a43ebd3cde47ad85038b6371cac3ac62ef5309,,07/08/2025 09:45:00 PM,30,NO CONTROLS,NO CONTROLS,RAIN,"DARKNESS, LIGHTED ROAD",PEDESTRIAN,DIVIDED - W/MEDIAN (NOT RAISED),,STRAIGHT AND LEVEL,WET,UNKNOWN,ON SCENE,INJURY AND / OR TOW DUE TO CRASH,,,,"OVER $1,500",07/08/2025 09:46:00 PM,UNDER THE INFLUENCE OF ALCOHOL/DRUGS (USE WHEN ARREST IS EFFECTED),NOT APPLICABLE,7059,S,SOUTH SHORE DR,334,,,,,,,2,INCAPACITATING INJURY,1,0,1,0,0,1,0,21,3,7,41.7666030222,-87.5663237227,POINT (-87.566323722736 41.766603022169)
a5b580b2f5f78640ea5890a63803be3b18f4f1da998172b63607c0ad8189762ceac32f917e10a87acd2c9a1d0df85250a9e57a4280cfde3c9c4663eaf496c260,,07/08/2025 09:40:00 PM,25,TRAFFIC SIGNAL,FUNCTIONING PROPERLY,CLOUDY/OVERCAST,"DARKNESS, LIGHTED ROAD",SIDESWIPE SAME DIRECTION,UNKNOWN INTERSECTION TYPE,,STRAIGHT AND LEVEL,WET,NO DEFECTS,ON SCENE,NO INJURY / DRIVE AWAY,Y,,,"OVER $1,500",07/08/2025 09:55:00 PM,IMPROPER LANE USAGE,NOT APPLICABLE,11901,S,ASHLAND AVE,524,,,,,,,2,NO INDICATION OF INJURY,0,0,0,0,0,2,0,21,3,7,41.6774388699,-87.6612360274,POINT (-87.661236027425 41.677438869926)
d02478d27e6a65e7c24fa64ee1270eb6dadac5c18a63dc00d5eb644f06644aa589ffc4afef0be4017c9e5f0c16b418eea31cfc7fd6343f9ddfdfbea0e6ab08d2,,07/08/2025 09:40:00 PM,30,NO CONTROLS,NO CONTROLS,RAIN,"DARKNESS, LIGHTED ROAD",TURNING,FOUR WAY,,STRAIGHT AND LEVEL,WET,"RUT, HOLES",NOT ON SCENE (DESK REPORT),INJURY AND / OR TOW DUE TO CRASH,,,,"OVER $1,500",07/08/2025 11:15:00 PM,DRIVING ON WRONG SIDE/WRONG WAY,NOT APPLICABLE,4561,W,LAKE ST,1113,,,,,,,2,NONINCAPACITATING INJURY,2,0,0,2,0,1,0,21,3,7,41.8861795599,-87.7401822697,POINT (-87.740182269711 41.886179559945)
c17d5846d0a5d4de8eac854c9e2edc3e3572b20327fcf5d515f9bf7448fd6fcd969f42916e3b94e02c7d7a6b37fc82ad8cdc43466e11078d2ab38ac04815867e,,07/08/2025 09:35:00 PM,10,NO CONTROLS,NO CONTROLS,CLEAR,"DARKNESS, LIGHTED ROAD",PARKED MOTOR VEHICLE,PARKING LOT,,STRAIGHT AND LEVEL,DRY,NO DEFECTS,NOT ON SCENE (DESK REPORT),NO INJURY / DRIVE AWAY,,,Y,"$501 - $1,500",07/09/2025 08:20:00 PM,IMPROPER BACKING,UNABLE TO DETERMINE,7138,N,SHERIDAN RD,2423,,,,,,,2,NO INDICATION OF INJURY,0,0,0,0,0,5,0,21,3,7,42.012356581,-87.6633812953,POINT (-87.663381295283 42.012356581038)
6db55d225d1f4b3beccfe50d6b8fb5018a0af3e9273f3a473e28446792ac2fb24386d45b48a0403bc0c038c48c5e6fbd4e6efc85c3935a71f41ef86a9389da8e,,07/08/2025 09:30:00 PM,30,NO CONTROLS,NO CONTROLS,CLEAR,"DARKNESS, LIGHTED ROAD",PARKED MOTOR VEHICLE,NOT DIVIDED,,STRAIGHT AND LEVEL,DRY,NO DEFECTS,NOT ON SCENE (DESK REPORT),NO INJURY / DRIVE AWAY,,,Y,"OVER $1,500",07/16/2025 09:50:00 AM,UNABLE TO DETERMINE,NOT APPLICABLE,414,E,113TH ST,531,,,,,,,2,NO INDICATION OF INJURY,0,0,0,0,0,1,0,21,3,7,41.6892241325,-87.6126214691,POINT (-87.612621469055 41.689224132468)
915253bf6fe6d15106c76a4b5087a3c85858d6137a7bd2a4d2ab695a003ddedca125050952d8bdf5e9e20da263265037ab450a6485448c6ec19fd29fb1e9e0f6,,07/08/2025 09:30:00 PM,25,STOP SIGN/FLASHER,FUNCTIONING PROPERLY,CLEAR,"DARKNESS, LIGHTED ROAD",PEDESTRIAN,NOT DIVIDED,,STRAIGHT AND LEVEL,DRY,NO DEFECTS,NOT ON SCENE (DESK REPORT),INJURY AND / OR TOW DUE TO CRASH,,,Y,"OVER $1,500",07/09/2025 02:50:00 PM,DISTRACTION - FROM INSIDE VEHICLE,UNABLE TO DETERMINE,1900,N,HAMLIN AVE,2535,,,,,,,2,"REPORTED, NOT EVIDENT",1,0,0,0,1,2,0,21,3,7,41.9154911005,-87.7217626754,POINT (-87.721762675413 41.915491100512)
219b929f1991ef829a80397b2e5649a762566bdafb1d11d6c1a3d0ae05d2a596ba7dfb169461d098cd7746ab347987ccfb2d0e79b87d17dc2f0a1e8427458ef7,,07/08/2025 09:25:00 PM,30,UNKNOWN,UNKNOWN,RAIN,"DARKNESS, LIGHTED ROAD",PEDESTRIAN,DIVIDED - W/MEDIAN (NOT RAISED),,STRAIGHT AND LEVEL,WET,NO DEFECTS,NOT ON SCENE (DESK REPORT),INJURY AND / OR TOW DUE TO CRASH,,,Y,"OVER $1,500",07/08/2025 11:02:00 PM,UNABLE TO DETERMINE,UNABLE TO DETERMINE,4700,S,KEATING AVE,815,,,,,,,2,INCAPACITATING INJURY,1,0,1,0,0,1,0,21,3,7,41.8075467094,-87.7420797497,POINT (-87.742079749724 41.807546709394)