CRASH_RECORD_ID,CRASH_DATE_EST_I,CRASH_DATE,POSTED_SPEED_LIMIT,TRAFFIC_CONTROL_DEVICE,DEVICE_CONDITION,WEATHER_CONDITION,LIGHTING_CONDITION,FIRST_CRASH_TYPE,TRAFFICWAY_TYPE,LANE_CNT,ALIGNMENT,ROADWAY_SURFACE_COND,ROAD_DEFECT,REPORT_TYPE,CRASH_TYPE,INTERSECTION_RELATED_I,NOT_RIGHT_OF_WAY_I,HIT_AND_RUN_I,DAMAGE,DATE_POLICE_NOTIFIED,PRIM_CONTRIBUTORY_CAUSE,SEC_CONTRIBUTORY_CAUSE,STREET_NO,STREET_DIRECTION,STREET_NAME,BEAT_OF_OCCURRENCE,PHOTOS_TAKEN_I,STATEMENTS_TAKEN_I,DOORING_I,WORK_ZONE_I,WORK_ZONE_TYPE,WORKERS_PRESENT_I,NUM_UNITS,MOST_SEVERE_INJURY,INJURIES_TOTAL,INJURIES_FATAL,INJURIES_INCAPACITATING,INJURIES_NON_INCAPACITATING,INJURIES_REPORTED_NOT_EVIDENT,INJURIES_NO_INDICATION,INJURIES_UNKNOWN,CRASH_HOUR,CRASH_DAY_OF_WEEK,CRASH_MONTH,LATITUDE,LONGITUDE,LOCATION
96cce227bff6e6ab6bb369f05ecc7de2fbd29371e2131d2be0f93b7be5a212189681391c298b676c9a0a51ed6598d7d784c6ea52f133b5b0bad34262047f184a,,07/08/2025 09:10:00 PM,30,TRAFFIC SIGNAL,FUNCTIONING PROPERLY,CLEAR,"DARKNESS, LIGHTED ROAD",REAR END,FOUR WAY,,STRAIGHT AND LEVEL,WET,NO DEFECTS,NOT ON SCENE (DESK REPORT),NO INJURY / DRIVE AWAY,,,Y,"$501 - $1,500",07/08/2025 09:50:00 PM,UNABLE TO DETERMINE,UNABLE TO DETERMINE,1180,W,99TH ST,2223,,,,,,,2,NO INDICATION OF INJURY,0,0,0,0,0,5,0,21,3,7,41.7142039947,-87.6527151893,POINT (-87.652715189317 41.714203994667)
31c3fe6083c2747b53da40b997eb8fefd9ef9f3f4178b73fc1a2a8d6bf8790f9d941c1cfb51869863eb40a931eaa472f805791b621594013d3f916fc7fc8377a,,07/08/2025 09:05:00 PM,30,TRAFFIC SIGNAL,UNKNOWN,CLEAR,"DARKNESS, LIGHTED ROAD",TURNING,"FIVE POINT, OR MORE",,STRAIGHT AND LEVEL,UNKNOWN,UNKNOWN,NOT ON SCENE (DESK REPORT),NO INJURY / DRIVE AWAY,,,Y,"OVER $1,500",07/08/2025 09:30:00 PM,DRIVING ON WRONG SIDE/WRONG WAY,NOT APPLICABLE,4356,N,LEAVITT ST,1911,,,,,,,2,NO INDICATION OF INJURY,0,0,0,0,0,2,0,21,3,7,41.9612347703,-87.6839722303,POINT (-87.68397223027 41.961234770312)
0da5e1797b5177f432f2600e1d04bdacd45ab16c11c31085613e6cd20bb30ebcb530a61c340d6aaccf3dcda3eddf01e955e8f7fe4d1ecb1b091476bca4657ece,,07/08/2025 09:00:00 PM,30,TRAFFIC SIGNAL,NO CONTROLS,UNKNOWN,DAYLIGHT,PARKED MOTOR VEHICLE,FOUR WAY,,STRAIGHT AND LEVEL,UNKNOWN,UNKNOWN,,NO INJURY / DRIVE AWAY,,,Y,"OVER $1,500",07/09/2025 09:39:00 AM,UNABLE TO DETERMINE,UNABLE TO DETERMINE,1809,W,OGDEN AVE,1231,,,,,,,2,NO INDICATION OF INJURY,0,0,0,0,0,1,0,21,3,7,41.8764932402,-87.6717708658,POINT (-87.67177086583 41.876493240162)
78bfedcf09f6ffb9e56bd6c3adc400bcd7c5c34611d772a85069de49b2d62d1416054a699662279c6ebb90aa1388ce3b77e823b3a65c665e6ad8c23c85c78703,,07/08/2025 09:00:00 PM,35,NO CONTROLS,NO CONTROLS,UNKNOWN,"DARKNESS, LIGHTED ROAD",PARKED MOTOR VEHICLE,DIVIDED - W/MEDIAN (NOT RAISED),,STRAIGHT AND LEVEL,UNKNOWN,UNKNOWN,ON SCENE,NO INJURY / DRIVE AWAY,,,,"$501 - $1,500",07/10/2025 05:16:00 PM,DRIVING SKILLS/KNOWLEDGE/EXPERIENCE,NOT APPLICABLE,2523,N,KIMBALL AVE,1413,,,,,,,2,NO INDICATION OF INJURY,0,0,0,0,0,1,0,21,3,7,41.9272015193,-87.7120318682,POINT (-87.71203186824 41.927201519322)
fa54da9c16b0d44d851e88d8c48d5fd1ada0aa91c71492b651ed6d158d52367fd15ed79a624909f5125640b40e1e24413b26f5fbe68f6b6177e37a90327e795b,,07/08/2025 09:00:00 PM,30,NO CONTROLS,NO CONTROLS,CLEAR,"DARKNESS, LIGHTED ROAD",SIDESWIPE SAME DIRECTION,ONE-WAY,,STRAIGHT AND LEVEL,DRY,NO DEFECTS,NOT ON SCENE (DESK REPORT),NO INJURY / DRIVE AWAY,,,,"OVER $1,500",07/08/2025 09:30:00 PM,IMPROPER LANE USAGE,IMPROPER OVERTAKING/PASSING,320,N,DEARBORN ST,1831,,,,,,,2,NO INDICATION OF INJURY,0,0,0,0,0,3,0,21,3,7,41.8880703776,-87.6296922567,POINT (-87.629692256722 41.888070377638)
8b20e8f409e6f8033f00d4c2047b4824ccbee3726130ecc2768aadeb0d9e44a3d4e5d957219e3dc7c618ffa27f1f6d8680b7b71ba94268a84acca5bf511986de,,07/08/2025 08:57:00 PM,30,NO CONTROLS,NO CONTROLS,RAIN,"DARKNESS, LIGHTED ROAD",TURNING,DIVIDED - W/MEDIAN (NOT RAISED),,STRAIGHT AND LEVEL,WET,NO DEFECTS,NOT ON SCENE (DESK REPORT),NO INJURY / DRIVE AWAY,Y,,,"OVER $1,500",07/08/2025 11:30:00 PM,IMPROPER TURNING/NO SIGNAL,IMPROPER TURNING/NO SIGNAL,2400,W,ARTHUR AVE,2412,,,,,,,2,NO INDICATION OF INJURY,0,0,0,0,0,3,0,20,3,7,41.9996523182,-87.6899953987,POINT (-87.689995398698 41.999652318203)
6c7e269f24857652a733a148d818f02c8696742ae06fe2dd02d2f305c71299b03c0ca19a45e329dddfd4457113bd4c517d8953d959383ceb24b2d4e535ea77ee,,07/08/2025 08:55:00 PM,30,TRAFFIC SIGNAL,FUNCTIONING PROPERLY,RAIN,"DARKNESS, LIGHTED ROAD",REAR END,FOUR WAY,,STRAIGHT AND LEVEL,WET,UNKNOWN,NOT ON SCENE (DESK REPORT),INJURY AND / OR TOW DUE TO CRASH,,,Y,"OVER $1,500",07/08/2025 11:00:00 PM,UNABLE TO DETERMINE,UNABLE TO DETERMINE,598,E,MARQUETTE RD,321,,,,,,,2,NO INDICATION OF INJURY,0,0,0,0,0,2,0,20,3,7,41.774983449,-87.6107404479,POINT (-87.610740447883 41.774983448989)
5b63301ffdd76d1bb9c0644cf5cada214cc650d636144d1db6420dd8cee9a57db951f71f7fd57804a2438926135866c1e8d29a4f5fa6b7a742fdd3f10c4ecc05,,07/08/2025 08:47:00 PM,25,STOP SIGN/FLASHER,FUNCTIONING PROPERLY,RAIN,"DARKNESS, LIGHTED ROAD",PEDALCYCLIST,FOUR WAY,,STRAIGHT AND LEVEL,WET,UNKNOWN,ON SCENE,NO INJURY / DRIVE AWAY,,,Y,"OVER $1,500",07/08/2025 08:58:00 PM,FAILING TO YIELD RIGHT-OF-WAY,NOT APPLICABLE,599,W,37TH ST,915,,,,,,,2,NO INDICATION OF INJURY,0,0,0,0,0,2,0,20,3,7,41.8270571803,-87.6410778298,POINT (-87.641077829845 41.827057180323)
10edaf87d22ffb29b84c8547ee610557ff399837a723ab2d8ab7597cb2c127130607f7e303266f37b2171fe7bce1434d1cfcb8e668dbb9cdaed7715921544e1d,Y,07/08/2025 08:46:00 PM,30,TRAFFIC SIGNAL,FUNCTIONING PROPERLY,CLEAR,"DARKNESS, LIGHTED ROAD",SIDESWIPE SAME DIRECTION,NOT DIVIDED,,STRAIGHT AND LEVEL,DRY,NO DEFECTS,NOT ON SCENE (DESK REPORT),NO INJURY / DRIVE AWAY,,,,"OVER $1,500",07/08/2025 10:10:00 PM,UNABLE TO DETERMINE,UNABLE TO DETERMINE,33,W,KINZIE ST,1831,,,,,,,2,NO INDICATION OF INJURY,0,0,0,0,0,2,0,20,3,7,41.889125488,-87.6294224888,POINT (-87.629422488805 41.889125488003)
9dcc35d094971626314e68e070db153ec832a3c66562f57796785cb3ee67a2ae2574a37f1729bf66cb05d77fe73f7030a004f8229018ec45c578d4af0b93e07b,,07/08/2025 08:40:00 PM,30,UNKNOWN,UNKNOWN,RAIN,DARKNESS,PEDESTRIAN,NOT REPORTED,,STRAIGHT AND LEVEL,UNKNOWN,UNKNOWN,NOT ON SCENE (DESK REPORT),NO INJURY / DRIVE AWAY,,,Y,$500 OR LESS,07/08/2025 10:45:00 PM,UNABLE TO DETERMINE,WEATHER,142,W,35TH ST,915,,,,,,,2,NO INDICATION OF INJURY,0,0,0,0,0,2,0,20,3,7,41.8310620093,-87.6307393465,POINT (-87.630739346453 41.831062009276)
b0e114f06c54665fc8a951a1e4ccd2534434325dd93fcb04118c30e7dcee565d7708b9cd77f6fe377fa68130eb062c820dbae79c7fb1afba722c1bfe1f39537f,,07/08/2025 08:30:00 PM,30,NO CONTROLS,NO CONTROLS,RAIN,DUSK,PEDALCYCLIST,NOT DIVIDED,,STRAIGHT AND LEVEL,WET,NO DEFECTS,NOT ON SCENE (DESK REPORT),INJURY AND / OR TOW DUE TO CRASH,,,,"OVER $1,500",07/08/2025 10:36:00 PM,IMPROPER TURNING/NO SIGNAL,UNABLE TO DETERMINE,2800,W,86TH PL,835,N,,,,,,2,NONINCAPACITATING INJURY,1,0,0,1,0,1,0,20,3,7,41.7363296119,-87.6923448241,POINT (-87.692344824108 41.73632961195)
fbe84098222d6a93b2f08222cb8e6c6412a4e47ea171190dd18c4c07af7ed1af5796c05bda33b25287faa9237267ce9c2ac7fb76f0762327187856759aa9f582,,07/08/2025 08:25:00 PM,30,UNKNOWN,UNKNOWN,CLEAR,"DARKNESS, LIGHTED ROAD",REAR END,NOT DIVIDED,,STRAIGHT AND LEVEL,DRY,NO DEFECTS,NOT ON SCENE (DESK REPORT),NO INJURY / DRIVE AWAY,Y,,,"OVER $1,500",07/10/2025 09:00:00 PM,DISTRACTION - FROM INSIDE VEHICLE,FAILING TO YIELD RIGHT-OF-WAY,3650,W,MONTROSE AVE,1723,,,,,,,2,NO INDICATION OF INJURY,0,0,0,0,0,2,0,20,3,7,41.9611529274,-87.7201134127,POINT (-87.720113412722 41.961152927361)
21be3ce2e29ee984753047e401293c52ceba49a76841fbb635bd943030862b0d3d0a0b6d661871f950833745f7843a6bc92ea97dd5a818367e557a1c09cd363d,Y,07/08/2025 08:22:00 PM,30,NO CONTROLS,NO CONTROLS,RAIN,"DARKNESS, LIGHTED ROAD",FIXED OBJECT,NOT DIVIDED,,STRAIGHT AND LEVEL,WET,UNKNOWN,ON SCENE,INJURY AND / OR TOW DUE TO CRASH,,,,"OVER $1,500",07/08/2025 08:56:00 PM,UNABLE TO DETERMINE,UNABLE TO DETERMINE,5227,W,63RD ST,813,,,,,,,1,NO INDICATION OF INJURY,0,0,0,0,0,1,0,20,3,7,41.7781094852,-87.7531549141,POINT (-87.753154914071 41.778109485206)
d701b11ab167de18e705330e250eceff5f2291d1e9a2a0e0ad41a50a4cc20f52522e7ed3a1f8ac29df3d21b70bf0622e2746a02fc0a19d301299f9564a283a3e,,07/08/2025 08:21:00 PM,30,TRAFFIC SIGNAL,FUNCTIONING PROPERLY,RAIN,DARKNESS,TURNING,FOUR WAY,,STRAIGHT AND LEVEL,WET,NO DEFECTS,ON SCENE,INJURY AND / OR TOW DUE TO CRASH,Y,,,"OVER $1,500",07/08/2025 08:58:00 PM,FAILING TO YIELD RIGHT-OF-WAY,FAILING TO YIELD RIGHT-OF-WAY,6901,S,STATE ST,322,Y,Y,,,,,2,NONINCAPACITATING INJURY,1,0,0,1,0,2,0,20,3,7,41.7690980427,-87.6247991399,POINT (-87.624799139878 41.769098042657)
da80afe5fd3e37ebb96f6c48f76e95504f256b27102686b1d51015ad8a5c0a8f7b4eb26f6d3653d5df6cb41cb9b95ac5ebfd383186a710e3b5387b19ea320749,,07/08/2025 08:20:00 PM,25,TRAFFIC SIGNAL,FUNCTIONING PROPERLY,CLEAR,"DARKNESS, LIGHTED ROAD",SIDESWIPE SAME DIRECTION,FOUR WAY,,STRAIGHT AND LEVEL,DRY,UNKNOWN,ON SCENE,NO INJURY / DRIVE AWAY,Y,,,$500 OR LESS,07/08/2025 08:27:00 PM,NOT APPLICABLE,NOT APPLICABLE,377,W,BELMONT AVE,1934,,,,,,,2,NO INDICATION OF INJURY,0,0,0,0,0,2,0,20,3,7,41.9400322387,-87.6394985253,POINT (-87.639498525284 41.94003223873)
adfee085b78ca05d3d19247d64b3b119287c4e72f903d0b7733e61df4aff573eed49f8832e8b71dbb844109a0ea7bba690cfc48ae531fecae10cf53fb20b679f,,07/08/2025 08:18:00 PM,30,STOP SIGN/FLASHER,UNKNOWN,RAIN,"DARKNESS, LIGHTED ROAD",ANGLE,UNKNOWN INTERSECTION TYPE,,STRAIGHT AND LEVEL,WET,UNKNOWN,ON SCENE,INJURY AND / OR TOW DUE TO CRASH,Y,,,"OVER $1,500",07/08/2025 08:18:00 PM,UNABLE TO DETERMINE,WEATHER,2442,E,75TH ST,334,N,,,,,,2,NO INDICATION OF INJURY,0,0,0,0,0,3,0,20,3,7,41.7591179918,-87.564725178,POINT (-87.564725178013 41.759117991812)
4df018c7a2eb6cb961595f0779c937bdd53f450a80988b850ceeb80fdfeee06029124d6cf5123b8ca432e0a90400d343e2ea6165a609b23da63c4051d12c177a,,07/08/2025 08:12:00 PM,30,NO CONTROLS,NO CONTROLS,RAIN,DARKNESS,SIDESWIPE SAME DIRECTION,NOT DIVIDED,,STRAIGHT AND LEVEL,WET,NO DEFECTS,ON SCENE,INJURY AND / OR TOW DUE TO CRASH,,,,"OVER $1,500",07/08/2025 08:22:00 PM,FAILING TO YIELD RIGHT-OF-WAY,FAILING TO YIELD RIGHT-OF-WAY,80,E,WACKER PL,111,,,,,,,2,NONINCAPACITATING INJURY,2,0,0,2,0,0,0,20,3,7,41.8869192334,-87.624625556,POINT (-87.624625555986 41.886919233411)
9feb5592bd177dda5d88619da3d04f6220984615e7ae51c2e0d1fe288659f4423956247aaa1922728786b6c9d79bbd3fe42bc4294d09e67c3636b37e1cd7a355,,07/08/2025 08:05:00 PM,30,NO CONTROLS,NO CONTROLS,CLEAR,DUSK,REAR TO REAR,PARKING LOT,,STRAIGHT AND LEVEL,DRY,NO DEFECTS,NOT ON SCENE (DESK REPORT),NO INJURY / DRIVE AWAY,,,,"$501 - $1,500",07/08/2025 08:15:00 PM,FAILING TO REDUCE SPEED TO AVOID CRASH,UNABLE TO DETERMINE,6420,W,FULLERTON AVE,2512,,,,,,,2,NO INDICATION OF INJURY,0,0,0,0,0,3,0,20,3,7,41.9237817967,-87.7862536744,POINT (-87.786253674433 41.92378179667)
9aa161b3def0eebb3bbbecab86877838fd26bb50540db42ff1a73435eb653f9b7b78eb1522190a341676601d3663c0e34abddc76d744af8bbbdf3ae6a52e492c,,07/08/2025 08:00:00 PM,10,NO CONTROLS,NO CONTROLS,CLEAR,UNKNOWN,PEDALCYCLIST,T-INTERSECTION,,STRAIGHT AND LEVEL,DRY,UNKNOWN,NOT ON SCENE (DESK REPORT),NO INJURY / DRIVE AWAY,Y,,,$500 OR LESS,07/08/2025 08:30:00 PM,UNABLE TO DETERMINE,UNABLE TO DETERMINE,1935,N,DAMEN AVE,1434,,,,,,,2,NO INDICATION OF INJURY,0,0,0,0,0,2,0,20,3,7,41.9169095033,-87.6774494267,POINT (-87.677449426689 41.916909503347)
e9d45a0f6877690eb568b7866f78d98f0e6e1ecb8566105b19926ac37709e136b004e05d0492c868c4df28525383fd67e48a0eed12726af3c0340a8a10408d4f,,07/08/2025 08:00:00 PM,10,NO CONTROLS,NO CONTROLS,CLEAR,DAYLIGHT,PARKED MOTOR VEHICLE,PARKING LOT,,STRAIGHT AND LEVEL,DRY,NO DEFECTS,NOT ON SCENE (DESK REPORT),NO INJURY / DRIVE AWAY,,Y,,$500 OR LESS,07/12/2025 07:30:00 AM,UNABLE TO DETERMINE,UNABLE TO DETERMINE,345,E,WACKER DR,114,,,,,,,2,NO INDICATION OF INJURY,0,0,0,0,0,1,0,20,3,7,41.8874949312,-87.6186727095,POINT (-87.618672709476 41.887494931177)
ee2e4707412c8e613f4168ac2a2820f6482e0de6ec3f9268b54f84f4bd2c91093ec00fa4214d255c970dbc9857a02ebec00b63c8fd7178cfd2a132a1ee919d7b,,07/08/2025 08:00:00 PM,30,UNKNOWN,UNKNOWN,CLOUDY/OVERCAST,UNKNOWN,REAR END,NOT REPORTED,,STRAIGHT AND LEVEL,UNKNOWN,UNKNOWN,NOT ON SCENE (DESK REPORT),NO INJURY / DRIVE AWAY,Y,,,"OVER $1,500",07/08/2025 08:15:00 PM,UNABLE TO DETERMINE,UNABLE TO DETERMINE,1125,W,BELMONT AVE,1933,,,,,,,2,NO INDICATION OF INJURY,0,0,0,0,0,2,0,20,3,7,41.9397491142,-87.6576048927,POINT (-87.657604892706 41.93974911418)
73bc4941414df10949d02924589ef9d91e59764d4b475cbdb1bdb61dff685c58586e39afad8faf95ced6cbbc5efb25367cac58f1f939e7e11745e49cf8cf4ae9,,07/08/2025 07:45:00 PM,30,STOP SIGN/FLASHER,NO CONTROLS,CLEAR,DUSK,REAR END,NOT DIVIDED,,STRAIGHT AND LEVEL,DRY,NO DEFECTS,NOT ON SCENE (DESK REPORT),NO INJURY / DRIVE AWAY,Y,,,"OVER $1,500",07/10/2025 01:10:00 PM,FOLLOWING TOO CLOSELY,NOT APPLICABLE,1500,W,DEVON AVE,2432,,,,,,,2,NO INDICATION OF INJURY,0,0,0,0,0,2,0,19,3,7,41.9982178761,-87.6680250536,POINT (-87.668025053649 41.998217876132)
1be0d868ddd0af7b7052ab6e6c43fb438ffc140f68148217906aec6d4807a68a441d40cdb625424641e66d4487bef7cced3b7640d2389a552c041dcc86eab4aa,,07/08/2025 07:30:00 PM,30,NO CONTROLS,NO CONTROLS,RAIN,DAYLIGHT,FIXED OBJECT,ALLEY,,STRAIGHT AND LEVEL,WET,NO DEFECTS,NOT ON SCENE (DESK REPORT),NO INJURY / DRIVE AWAY,,,,"OVER $1,500",07/08/2025 09:20:00 PM,IMPROPER TURNING/NO SIGNAL,UNABLE TO DETERMINE,8700,S,STONY ISLAND AVE,412,,,,,,,1,NO INDICATION OF INJURY,0,0,0,0,0,1,0,19,3,7,41.7368226302,-87.5857834203,POINT (-87.585783420329 41.736822630157)
4b676bf7719dc1a0701f1c21459ea3295ca07c71297b9703644ab0ecbd6f68b38bde63ef051a26e65d5552de0a458ef0dcc1448902aa9ea23380416499a9a421,,07/08/2025 07:26:00 PM,30,NO CONTROLS,NO CONTROLS,CLEAR,DAYLIGHT,SIDESWIPE SAME DIRECTION,ONE-WAY,,STRAIGHT AND LEVEL,DRY,NO DEFECTS,ON SCENE,NO INJURY / DRIVE AWAY,,,Y,"$501 - $1,500",07/08/2025 07:47:00 PM,IMPROPER LANE USAGE,IMPROPER LANE USAGE,498,S,CLARK ST,122,,,,,,,2,NO INDICATION OF INJURY,0,0,0,0,0,2,0,19,3,7,41.8756706525,-87.6308589554,POINT (-87.630858955362 41.875670652487)
73f1a9c6ef026b655aada5e0967bb88359c5fe271f93336ad0d340cfdff860f79c21bfc8f1c853e02c8a35d9aa1fcad8ae063607e0e021d4df2462e64c1beb65,,07/08/2025 07:17:00 PM,25,OTHER,FUNCTIONING PROPERLY,CLEAR,DUSK,PARKED MOTOR VEHICLE,ONE-WAY,,STRAIGHT AND LEVEL,DRY,NO DEFECTS,ON SCENE,NO INJURY / DRIVE AWAY,,,,"OVER $1,500",07/08/2025 07:20:00 PM,IMPROPER OVERTAKING/PASSING,UNABLE TO DETERMINE,233,E,ERIE ST,1834,,,,,,,2,NO INDICATION OF INJURY,0,0,0,0,0,2,0,19,3,7,41.8940631626,-87.6213958402,POINT (-87.621395840247 41.894063162572)
bdd76b23161e8dcf8fa26a03185381c992efc1bb5896c0231caac6eb6f5741be5ec1be9cf6219fa5f16edbbe2728583d984894027621e844766e78b757a2cb09,,07/08/2025 07:17:00 PM,35,NO CONTROLS,NO CONTROLS,CLEAR,DAYLIGHT,FIXED OBJECT,DIVIDED - W/MEDIAN BARRIER,,STRAIGHT AND LEVEL,DRY,NO DEFECTS,ON SCENE,INJURY AND / OR TOW DUE TO CRASH,,,,"$501 - $1,500",07/08/2025 07:18:00 PM,UNABLE TO DETERMINE,NOT APPLICABLE,1144,E,103RD ST,511,,,,,,,1,NO INDICATION OF INJURY,0,0,0,0,0,1,0,19,3,7,41.7077386499,-87.5948508958,POINT (-87.594850895827 41.70773864988)
7a9308362b12a2db3098104a91825a349b14f580153c9dc4ee3438df9420171a562f39f40d660b7a1d6a62ea1c996e687049017664361e8016ab2c5a48c9a926,,07/08/2025 07:15:00 PM,30,NO CONTROLS,NO CONTROLS,CLEAR,DAYLIGHT,TURNING,DIVIDED - W/MEDIAN (NOT RAISED),,STRAIGHT AND LEVEL,DRY,NO DEFECTS,NOT ON SCENE (DESK REPORT),NO INJURY / DRIVE AWAY,,,,"OVER $1,500",07/14/2025 05:29:00 PM,FOLLOWING TOO CLOSELY,NOT APPLICABLE,6299,S,MOODY AVE,812,,,,,,,2,NO INDICATION OF INJURY,0,0,0,0,0,2,0,19,3,7,41.7778863825,-87.7750189996,POINT (-87.775018999555 41.777886382496)
05dc59108548e430f4851a83da5aa9f08af431cd858bb9f6495721b2c0a73cae82b4add178dadcf4a47df88c97eb6f3b55d79a3ea6992c640c0f36b913a65d95,,07/08/2025 07:00:00 PM,30,NO CONTROLS,UNKNOWN,CLOUDY/OVERCAST,DUSK,PARKED MOTOR VEHICLE,DIVIDED - W/MEDIAN (NOT RAISED),,STRAIGHT AND LEVEL,WET,UNKNOWN,ON SCENE,NO INJURY / DRIVE AWAY,,,,"OVER $1,500",07/08/2025 07:12:00 PM,UNABLE TO DETERMINE,UNABLE TO DETERMINE,6001,S,ASHLAND AVE,713,,,,,,,2,NO INDICATION OF INJURY,0,0,0,0,0,2,0,19,3,7,41.7848403163,-87.6642041936,POINT (-87.664204193636 41.784840316339)
5c4c37c083c3c2ce85e2b3198404d43e7b515b22a3d396e560298afa79a684e6c861d79539b35d3b630305d4731f4789114a28f1338e9126301e3ef1a1048c4e,,07/08/2025 07:00:00 PM,15,NO CONTROLS,NO CONTROLS,CLEAR,DAYLIGHT,FIXED OBJECT,ALLEY,,STRAIGHT AND LEVEL,DRY,UNKNOWN,NOT ON SCENE (DESK REPORT),NO INJURY / DRIVE AWAY,,Y,,"OVER $1,500",07/10/2025 09:35:00 AM,IMPROPER BACKING,UNABLE TO DETERMINE,4942,N,TROY ST,1713,,,,,,,1,NO INDICATION OF INJURY,0,0,0,0,0,1,0,19,3,7,41.9715550293,-87.7074892389,POINT (-87.707489238872 41.971555029345)
a8f20590eef636e6b22402e82ff808392229921559c44b7df8d79e570513303a06b2d4a780c81d03c471b7fc4c28b7dc535f6d3fb82c804420f594119f9e663e,,07/08/2025 07:00:00 PM,30,UNKNOWN,UNKNOWN,UNKNOWN,UNKNOWN,REAR END,DIVIDED - W/MEDIAN (NOT RAISED),,STRAIGHT AND LEVEL,UNKNOWN,UNKNOWN,NOT ON SCENE (DESK REPORT),NO INJURY / DRIVE AWAY,,,,"$501 - $1,500",07/09/2025 08:00:00 PM,UNABLE TO DETERMINE,NOT APPLICABLE,660,W,MADISON ST,121,,,,,,,2,NO INDICATION OF INJURY,0,0,0,0,0,2,0,19,3,7,41.8819181452,-87.6450231008,POINT (-87.645023100766 41.881918145218)
629ea37b43ecd8973b5897131ca75e9b2039fea175c661b0f3299f0f8bbe04012e984ba6420707029f310f113b0ed4d2d5b4ad9c5caba7bdf51505dfb7a00b9b,Y,07/08/2025 06:55:00 PM,15,NO CONTROLS,NO CONTROLS,CLEAR,DAYLIGHT,REAR END,PARKING LOT,,STRAIGHT AND LEVEL,DRY,UNKNOWN,NOT ON SCENE (DESK REPORT),NO INJURY / DRIVE AWAY,,Y,,"OVER $1,500",07/08/2025 07:40:00 PM,IMPROPER BACKING,UNABLE TO DETERMINE,500,W,35TH ST,915,,,,,,,2,NO INDICATION OF INJURY,0,0,0,0,0,2,0,18,3,7,41.8309544339,-87.6388668987,POINT (-87.638866898665 41.83095443385)
328c52f6b9d7d3965416763adc6d5e1f009a6314e23e2839c423263088d9ce1a729a2a7aa575301b3cb8f48f8db5dbfe243e881714430153bb70eb60f273007b,,07/08/2025 06:51:00 PM,40,NO CONTROLS,NO CONTROLS,CLEAR,DAYLIGHT,REAR END,DIVIDED - W/MEDIAN BARRIER,,STRAIGHT AND LEVEL,DRY,UNKNOWN,ON SCENE,INJURY AND / OR TOW DUE TO CRASH,,,,"OVER $1,500",07/08/2025 06:52:00 PM,FOLLOWING TOO CLOSELY,DISTRACTION - FROM INSIDE VEHICLE,700,N,LAKE SHORE DR SB,1834,,,,,,,4,NO INDICATION OF INJURY,0,0,0,0,0,4,0,18,3,7,41.895078838,-87.6158466585,POINT (-87.615846658479 41.895078838031)
40d3f340ada4c233d1d32a2725feea32599e482299a3557a6cd61b206e3c237d14663fb59ed8d6fbb45827207f1609924da48ec17d8c3c50794b15e5e1da72dc,,07/08/2025 06:50:00 PM,30,NO CONTROLS,NO CONTROLS,CLEAR,DAYLIGHT,TURNING,NOT DIVIDED,,STRAIGHT AND LEVEL,DRY,NO DEFECTS,NOT ON SCENE (DESK REPORT),NO INJURY / DRIVE AWAY,,,Y,"OVER $1,500",07/10/2025 06:03:00 PM,FAILING TO YIELD RIGHT-OF-WAY,NOT APPLICABLE,4540,S,PULASKI RD,815,,,,,,,2,NO INDICATION OF INJURY,0,0,0,0,0,2,0,18,3,7,41.8103044437,-87.7238220069,POINT (-87.723822006889 41.810304443688)
e2e3c564a678ac07181bb486def5df3de023fe59acff92b72497cdf836be4cda27d4c04cc0e7a299b3a3b3739459c7ba93f93113994be11317a84d708c52f16f,,07/08/2025 06:50:00 PM,35,TRAFFIC SIGNAL,FUNCTIONING PROPERLY,CLEAR,DAYLIGHT,TURNING,FOUR WAY,,STRAIGHT AND LEVEL,UNKNOWN,UNKNOWN,ON SCENE,NO INJURY / DRIVE AWAY,Y,,,"OVER $1,500",07/08/2025 06:50:00 PM,FOLLOWING TOO CLOSELY,FOLLOWING TOO CLOSELY,7900,S,STATE ST,623,,,,,,,2,NO INDICATION OF INJURY,0,0,0,0,0,2,0,18,3,7,41.7509181383,-87.6246901225,POINT (-87.624690122516 41.750918138315)
7e93a6ce9bebf07450be853fb0f095073363cccdda84fa92a40743a28e337fa9f8f608f278241e795e2c54e268879bfcc9d203840ee6c5f4caeef8e27bf7869f,,07/08/2025 06:45:00 PM,25,TRAFFIC SIGNAL,FUNCTIONING PROPERLY,CLEAR,DAWN,TURNING,NOT DIVIDED,,STRAIGHT AND LEVEL,DRY,UNKNOWN,ON SCENE,INJURY AND / OR TOW DUE TO CRASH,,,,"OVER $1,500",07/08/2025 06:52:00 PM,UNABLE TO DETERMINE,UNABLE TO DETERMINE,6921,N,ASHLAND BLVD,2431,,,,,,,2,NO INDICATION OF INJURY,0,0,0,0,0,2,0,18,3,7,42.0072606281,-87.669864175,POINT (-87.669864174982 42.007260628092)