CRASH_RECORD_ID,CRASH_DATE_EST_I,CRASH_DATE,POSTED_SPEED_LIMIT,TRAFFIC_CONTROL_DEVICE,DEVICE_CONDITION,WEATHER_CONDITION,LIGHTING_CONDITION,FIRST_CRASH_TYPE,TRAFFICWAY_TYPE,LANE_CNT,ALIGNMENT,ROADWAY_SURFACE_COND,ROAD_DEFECT,REPORT_TYPE,CRASH_TYPE,INTERSECTION_RELATED_I,NOT_RIGHT_OF_WAY_I,HIT_AND_RUN_I,DAMAGE,DATE_POLICE_NOTIFIED,PRIM_CONTRIBUTORY_CAUSE,SEC_CONTRIBUTORY_CAUSE,STREET_NO,STREET_DIRECTION,STREET_NAME,BEAT_OF_OCCURRENCE,PHOTOS_TAKEN_I,STATEMENTS_TAKEN_I,DOORING_I,WORK_ZONE_I,WORK_ZONE_TYPE,WORKERS_PRESENT_I,NUM_UNITS,MOST_SEVERE_INJURY,INJURIES_TOTAL,INJURIES_FATAL,INJURIES_INCAPACITATING,INJURIES_NON_INCAPACITATING,INJURIES_REPORTED_NOT_EVIDENT,INJURIES_NO_INDICATION,INJURIES_UNKNOWN,CRASH_HOUR,CRASH_DAY_OF_WEEK,CRASH_MONTH,LATITUDE,LONGITUDE,LOCATION
9a4be6e4eb15b708c9e53d8bb79bd21534ca676edfd247dabfad3d8893666068bc2ba40e9ddd42627e86d08a7e74fa0f6d3ae5a0b915834a89d676fdbfc77fd1,,07/08/2025 06:40:00 PM,30,NO CONTROLS,NO CONTROLS,CLEAR,DAYLIGHT,TURNING,DIVIDED - W/MEDIAN (NOT RAISED),,STRAIGHT AND LEVEL,DRY,NO DEFECTS,ON SCENE,INJURY AND / OR TOW DUE TO CRASH,,,,"OVER $1,500",07/08/2025 06:42:00 PM,FAILING TO YIELD RIGHT-OF-WAY,IMPROPER TURNING/NO SIGNAL,3539,W,LAWRENCE AVE,1723,,,,,,,3,NONINCAPACITATING INJURY,1,0,0,1,0,1,0,18,3,7,41.9682501294,-87.7174059001,POINT (-87.717405900085 41.968250129429)
57629311ba58cfbf2295ecde43c0aa8d14343b1e57ae493703b43ef819f8bd383ec5ee62e3e9929b4fd92c28e5cc187dff92a52849ad8e940c3f31db1231f243,,07/08/2025 06:30:00 PM,30,NO CONTROLS,NO CONTROLS,CLEAR,DAYLIGHT,PARKED MOTOR VEHICLE,DIVIDED - W/MEDIAN (NOT RAISED),,STRAIGHT AND LEVEL,DRY,NO DEFECTS,ON SCENE,NO INJURY / DRIVE AWAY,,,Y,"OVER $1,500",07/08/2025 06:34:00 PM,UNABLE TO DETERMINE,UNABLE TO DETERMINE,8501,W,HIGGINS RD,1614,,,,,,,2,NO INDICATION OF INJURY,0,0,0,0,0,1,0,18,3,7,41.9866778919,-87.8393586093,POINT (-87.839358609257 41.986677891905)
f03ebac6c5f5d38a51c1f863ac2ed99e3cf526728fab1da6a7bd642968c9ab8fd4fc017c59bde2c43c3672b0c43ce06e33534b153178426a74c282bd613eab13,,07/08/2025 06:30:00 PM,30,NO CONTROLS,NO CONTROLS,UNKNOWN,DAYLIGHT,SIDESWIPE SAME DIRECTION,PARKING LOT,,STRAIGHT AND LEVEL,DRY,UNKNOWN,NOT ON SCENE (DESK REPORT),NO INJURY / DRIVE AWAY,,Y,,$500 OR LESS,07/10/2025 09:30:00 AM,IMPROPER BACKING,UNABLE TO DETERMINE,1835,S,CANAL ST,1235,,,,,,,2,NO INDICATION OF INJURY,0,0,0,0,0,2,0,18,3,7,41.8566571782,-87.6387533453,POINT (-87.638753345317 41.85665717816)
1a81f7d16cd1466d379fbc75fa430c9499f94789e1ed9433e0d7aee44fc432af099a98da8ef35f769b464bbf9e505f9e2ecdcc0a42f22bd5001be9b5ea3aeb2c,,07/08/2025 06:29:00 PM,30,STOP SIGN/FLASHER,FUNCTIONING PROPERLY,CLOUDY/OVERCAST,DAYLIGHT,OTHER OBJECT,T-INTERSECTION,,STRAIGHT AND LEVEL,DRY,NO DEFECTS,ON SCENE,INJURY AND / OR TOW DUE TO CRASH,Y,,,"OVER $1,500",07/08/2025 06:29:00 PM,DRIVING ON WRONG SIDE/WRONG WAY,IMPROPER OVERTAKING/PASSING,5500,N,SHERIDAN RD,2023,,Y,,,,,2,NONINCAPACITATING INJURY,1,0,0,1,0,1,0,18,3,7,41.9819633825,-87.6552899382,POINT (-87.655289938243 41.981963382501)
a332831d0ba37f820c88d506433d70fefbba64cb90ea0b9f2e3403a5a7cf82e27d1386909285ff18bf7393273f4e0f9e94aca10a59bdf1226b4e5d9280900e6d,,07/08/2025 06:25:00 PM,30,TRAFFIC SIGNAL,FUNCTIONING PROPERLY,CLEAR,DAYLIGHT,REAR END,NOT DIVIDED,,STRAIGHT AND LEVEL,DRY,NO DEFECTS,NOT ON SCENE (DESK REPORT),NO INJURY / DRIVE AWAY,,,,"OVER $1,500",07/08/2025 06:50:00 PM,EQUIPMENT - VEHICLE CONDITION,UNABLE TO DETERMINE,6949,W,ADDISON ST,1632,,,,,,,2,NO INDICATION OF INJURY,0,0,0,0,0,2,0,18,3,7,41.9452853798,-87.8002650467,POINT (-87.800265046735 41.945285379827)
c3433dc95f161431a5efc3e73e5271ef60f2ac4ec9f9b1cb2ae0602222b1095abd5545420102c47d196b0d64bffb3105de78b3ab22bea748c716c57b15a9a069,,07/08/2025 06:22:00 PM,30,NO CONTROLS,NO CONTROLS,CLEAR,DAYLIGHT,TURNING,FOUR WAY,,STRAIGHT AND LEVEL,WET,NO DEFECTS,ON SCENE,INJURY AND / OR TOW DUE TO CRASH,Y,,,"OVER $1,500",07/08/2025 06:25:00 PM,IMPROPER LANE USAGE,IMPROPER OVERTAKING/PASSING,2531,W,111TH ST,2212,,,,,,,2,NO INDICATION OF INJURY,0,0,0,0,0,2,0,18,3,7,41.69164583,-87.6848014871,POINT (-87.684801487076 41.691645830024)
1dfe77eadddf8bf12483aacc1209fe32134327ff931191575e17ad1c29074fb7f170f30768520f1d96365be98a5b8b31b2750928185e8f4d7ef49993c8f73358,,07/08/2025 06:20:00 PM,30,NO CONTROLS,NO CONTROLS,CLEAR,DAYLIGHT,PARKED MOTOR VEHICLE,DIVIDED - W/MEDIAN (NOT RAISED),,STRAIGHT AND LEVEL,DRY,NO DEFECTS,NOT ON SCENE (DESK REPORT),NO INJURY / DRIVE AWAY,,,Y,"$501 - $1,500",07/08/2025 07:15:00 PM,FAILING TO REDUCE SPEED TO AVOID CRASH,UNABLE TO DETERMINE,1342,N,LARAMIE AVE,2532,,,,,,,2,NO INDICATION OF INJURY,0,0,0,0,0,1,0,18,3,7,41.9053321442,-87.7559927001,POINT (-87.755992700058 41.905332144241)
8e79c2ffc532363300b6fa164c4e936e2d1bc07191dc236517b9dac4efaa7aa9a655d0b16c8a8a15fe5324774cb508e3e88d08ba15628662df41eb98a692248d,,07/08/2025 06:20:00 PM,30,NO CONTROLS,NO CONTROLS,CLEAR,DAYLIGHT,FIXED OBJECT,DIVIDED - W/MEDIAN (NOT RAISED),,STRAIGHT AND LEVEL,DRY,UNKNOWN,ON SCENE,INJURY AND / OR TOW DUE TO CRASH,,,,"OVER $1,500",07/08/2025 06:21:00 PM,NOT APPLICABLE,NOT APPLICABLE,3151,W,BRYN MAWR AVE,1712,,,,,,,1,"REPORTED, NOT EVIDENT",1,0,0,0,1,0,0,18,3,7,41.9829629363,-87.7085308952,POINT (-87.708530895152 41.982962936326)
2b2a3379d653b54d4ec0683c13e5eef509e9cf142aed443c4cc467953dbe504e4e9d68ae2698237a59d2080e94ddff780209e669e4bf3d385b412d621ba557bb,,07/08/2025 06:17:00 PM,20,NO CONTROLS,NO CONTROLS,CLEAR,DAYLIGHT,PARKED MOTOR VEHICLE,NOT DIVIDED,,STRAIGHT AND LEVEL,DRY,NO DEFECTS,NOT ON SCENE (DESK REPORT),NO INJURY / DRIVE AWAY,,,,"OVER $1,500",07/11/2025 11:45:00 AM,UNABLE TO DETERMINE,UNABLE TO DETERMINE,111,W,WACKER DR,122,,,,,,,2,NO INDICATION OF INJURY,0,0,0,0,0,3,0,18,3,7,41.886706842,-87.6314079587,POINT (-87.631407958651 41.886706842037)
78b006405de388af0d9e2ca2c36d4fd7d14e4cce0b85dfc1b91a3ded9188ecaf0fbeac1c4c13680eba1e035d8db4798fa6a2f3843b60f1daeac4b9076bd58c47,,07/08/2025 06:15:00 PM,30,TRAFFIC SIGNAL,UNKNOWN,UNKNOWN,UNKNOWN,SIDESWIPE SAME DIRECTION,DIVIDED - W/MEDIAN (NOT RAISED),,STRAIGHT AND LEVEL,UNKNOWN,UNKNOWN,NOT ON SCENE (DESK REPORT),NO INJURY / DRIVE AWAY,,,,"$501 - $1,500",07/08/2025 06:40:00 PM,UNABLE TO DETERMINE,NOT APPLICABLE,2400,W,GRANVILLE AVE,2413,,,,,,,2,NO INDICATION OF INJURY,0,0,0,0,0,3,0,18,3,7,41.9942018907,-87.6898281633,POINT (-87.689828163319 41.994201890688)
957ccabcfef36d3656bcb79e3c87a75a1785ad87557b37368e0d13555df15b1af99aadf4cc3071ba415f6cfb120f398b55c010be06921de1f5c178184b361e84,,07/08/2025 06:13:00 PM,30,NO CONTROLS,NO CONTROLS,CLEAR,DAYLIGHT,SIDESWIPE SAME DIRECTION,NOT DIVIDED,,STRAIGHT AND LEVEL,DRY,NO DEFECTS,NOT ON SCENE (DESK REPORT),NO INJURY / DRIVE AWAY,,,,"$501 - $1,500",07/08/2025 06:35:00 PM,IMPROPER OVERTAKING/PASSING,NOT APPLICABLE,6511,S,CICERO AVE,833,,,,,,,2,NO INDICATION OF INJURY,0,0,0,0,0,4,0,18,3,7,41.7744105554,-87.7419971735,POINT (-87.741997173482 41.774410555426)
49187348d66ddcf311dfe48b93a455226070c15254959987b3a5bf35476e06c96d6a3e40e870c30fa619f021fb694c5602cc160dab26d8b9e885df92dd1cef26,,07/08/2025 06:12:00 PM,35,UNKNOWN,UNKNOWN,CLEAR,DAYLIGHT,REAR END,DIVIDED - W/MEDIAN BARRIER,,STRAIGHT AND LEVEL,DRY,UNKNOWN,ON SCENE,NO INJURY / DRIVE AWAY,,,,"OVER $1,500",07/08/2025 06:13:00 PM,FOLLOWING TOO CLOSELY,UNABLE TO DETERMINE,9531,S,STONY ISLAND AVE,431,,,,,,,2,NO INDICATION OF INJURY,0,0,0,0,0,4,0,18,3,7,41.721267719,-87.584839485,POINT (-87.584839485043 41.721267718978)
13f41b8e45d84713d03abf34c9cb40faaa6076a834ec22d15381267a145e4d31f5bc53e19fa5ddc7bcbf23c99bfd9e7ef4448a463ac5568a4fccca71ce0a645f,,07/08/2025 06:00:00 PM,30,STOP SIGN/FLASHER,FUNCTIONING PROPERLY,CLOUDY/OVERCAST,DAYLIGHT,PEDESTRIAN,DIVIDED - W/MEDIAN (NOT RAISED),,STRAIGHT AND LEVEL,DRY,NO DEFECTS,ON SCENE,INJURY AND / OR TOW DUE TO CRASH,Y,,,$500 OR LESS,07/08/2025 06:00:00 PM,FAILING TO YIELD RIGHT-OF-WAY,DISTRACTION - FROM INSIDE VEHICLE,1501,W,MONTROSE AVE,1912,,,,,,,2,NONINCAPACITATING INJURY,1,0,0,1,0,1,0,18,3,7,41.9615008112,-87.6677995082,POINT (-87.667799508175 41.961500811156)
42752bb6539fd13b163dbffdd2b3471e6aada2e3223acea07271d6004c75bc97dbc4e7ecae8e6b7fdffa520eb0d38e77ca32eb653f957b822d81078b7b7de0ce,,07/08/2025 06:00:00 PM,30,TRAFFIC SIGNAL,FUNCTIONING PROPERLY,CLEAR,DAYLIGHT,TURNING,DIVIDED - W/MEDIAN BARRIER,,STRAIGHT AND LEVEL,DRY,NO DEFECTS,NOT ON SCENE (DESK REPORT),NO INJURY / DRIVE AWAY,,,,"OVER $1,500",07/08/2025 08:20:00 PM,IMPROPER TURNING/NO SIGNAL,NOT APPLICABLE,7600,S,STONY ISLAND AVE,411,,,,,,,2,NO INDICATION OF INJURY,0,0,0,0,0,3,0,18,3,7,41.7568971726,-87.5862342851,POINT (-87.58623428507 41.756897172602)
4acb1fd355a55506c92adf3c6515b91f71daecb4d870b7352f26e25156a567af8cf9a70f7d714f8ff6f99e0be954e4ef221a89333e2205bccccc5e21365f1432,,07/08/2025 06:00:00 PM,25,NO CONTROLS,NO CONTROLS,CLEAR,DAYLIGHT,SIDESWIPE SAME DIRECTION,NOT DIVIDED,,STRAIGHT AND LEVEL,DRY,NO DEFECTS,NOT ON SCENE (DESK REPORT),NO INJURY / DRIVE AWAY,,,,"OVER $1,500",07/08/2025 06:30:00 PM,UNABLE TO DETERMINE,UNABLE TO DETERMINE,2300,S,KEDZIE AVE,1024,,,,,,,2,NO INDICATION OF INJURY,0,0,0,0,0,2,0,18,3,7,41.8498575327,-87.7053434771,POINT (-87.705343477103 41.849857532654)
9aad88a6d7fbca72a4584eff3ba9367bfbaf2f8d984592533b7bedb76072758cbb141d467b7854178fd16c860c682ff2963bfd1f8c72c80815cdfbf4cc52b74d,,07/08/2025 06:00:00 PM,30,NO CONTROLS,NO CONTROLS,CLEAR,DAYLIGHT,REAR END,FOUR WAY,,STRAIGHT AND LEVEL,DRY,NO DEFECTS,NOT ON SCENE (DESK REPORT),INJURY AND / OR TOW DUE TO CRASH,,,,"OVER $1,500",07/08/2025 10:30:00 PM,UNABLE TO DETERMINE,UNABLE TO DETERMINE,1600,E,77TH ST,411,,,,,,,2,NO INDICATION OF INJURY,0,0,0,0,0,3,0,18,3,7,41.7552378493,-87.5854834725,POINT (-87.585483472509 41.755237849292)
f03b58ae611e9514b1eb1124431605e270f7651faf10813f43b7178c899ee86292671b0b55e015ecb361a6fc6893345a2520202888bf62f23c38226c5c11171b,,07/08/2025 06:00:00 PM,30,NO CONTROLS,NO CONTROLS,CLEAR,DAYLIGHT,PARKED MOTOR VEHICLE,NOT DIVIDED,,STRAIGHT AND LEVEL,DRY,NO DEFECTS,NOT ON SCENE (DESK REPORT),NO INJURY / DRIVE AWAY,,,,"OVER $1,500",07/09/2025 04:15:00 PM,FOLLOWING TOO CLOSELY,DRIVING SKILLS/KNOWLEDGE/EXPERIENCE,3157,W,56TH ST,824,,,,,,,2,NO INDICATION OF INJURY,0,0,0,0,0,1,0,18,3,7,41.7915915608,-87.7033560592,POINT (-87.703356059246 41.791591560829)
fcfdf81b9797c4659d0124456a3d47b8e13fcae13661956080455e9403aa5773dd6958c0b709bea2feac75440cb3353e619a119545b9645ac1c75ba03177465e,,07/08/2025 05:54:00 PM,30,STOP SIGN/FLASHER,FUNCTIONING PROPERLY,CLEAR,DAYLIGHT,REAR END,NOT DIVIDED,,STRAIGHT AND LEVEL,DRY,NO DEFECTS,NOT ON SCENE (DESK REPORT),NO INJURY / DRIVE AWAY,,,Y,"OVER $1,500",07/08/2025 06:54:00 PM,FOLLOWING TOO CLOSELY,NOT APPLICABLE,1198,S,KILDARE AVE,1131,,,,,,,2,NO INDICATION OF INJURY,0,0,0,0,0,4,0,17,3,7,41.8661154434,-87.7326409524,POINT (-87.732640952432 41.866115443396)
ee95786e27ba961efe96de36ab86008d041fe7f5a992e9cdaae0346d1572ec96b4ced51d20267bde95111fae47f3bfedc74e85ce26655b486063aaae7a522922,,07/08/2025 05:50:00 PM,20,STOP SIGN/FLASHER,NO CONTROLS,CLEAR,DAYLIGHT,ANGLE,FOUR WAY,,STRAIGHT AND LEVEL,DRY,NO DEFECTS,ON SCENE,INJURY AND / OR TOW DUE TO CRASH,Y,,,"OVER $1,500",07/08/2025 05:55:00 PM,FAILING TO YIELD RIGHT-OF-WAY,NOT APPLICABLE,627,W,127TH ST,523,,,,,,,2,"REPORTED, NOT EVIDENT",1,0,0,0,1,1,0,17,3,7,41.6631803595,-87.6377560995,POINT (-87.637756099549 41.663180359538)
50b7ff5a0e104bfd001bc06f4299947c32d6ef8ab832bb626bf4694fd10b217509f93a2ee4d7163c67feb6f09ecf316c08067a53d30e65f7a6f17e13411dc2b3,,07/08/2025 05:47:00 PM,30,TRAFFIC SIGNAL,FUNCTIONING PROPERLY,CLEAR,DUSK,TURNING,NOT DIVIDED,,STRAIGHT AND LEVEL,DRY,NO DEFECTS,ON SCENE,NO INJURY / DRIVE AWAY,,,,"OVER $1,500",07/08/2025 06:08:00 PM,UNABLE TO DETERMINE,UNABLE TO DETERMINE,2400,S,DR MARTIN LUTHER KING JR DR,132,,,,,,,2,NO INDICATION OF INJURY,0,0,0,0,0,2,0,17,3,7,41.8492375821,-87.6185348032,POINT (-87.618534803247 41.849237582099)
f521ce941be3d8fd797afe1233a1d249b2363ae0addac55389c2b8ebb877faf4d05f7a3c9b03aa32d6be9781a0dcb144623499c9ad2d06c4459daf7a9bcd9f86,Y,07/08/2025 05:47:00 PM,30,UNKNOWN,UNKNOWN,UNKNOWN,DAYLIGHT,PARKED MOTOR VEHICLE,NOT DIVIDED,,STRAIGHT AND LEVEL,UNKNOWN,UNKNOWN,NOT ON SCENE (DESK REPORT),NO INJURY / DRIVE AWAY,,,Y,"OVER $1,500",07/08/2025 07:10:00 PM,UNABLE TO DETERMINE,NOT APPLICABLE,6740,S,EBERHART AVE,321,,,,,,,2,NO INDICATION OF INJURY,0,0,0,0,0,1,0,17,3,7,41.7717818619,-87.613147276,POINT (-87.613147275981 41.771781861862)
5070a5c1d9e67d6383628a1f8e4eef0ebf83b13e13c940d481a2031586466f44d4a49038c30f430550238851f2cd5b2a63383a5fdbd5baa0b24af2f2eeee8c61,,07/08/2025 05:45:00 PM,35,TRAFFIC SIGNAL,FUNCTIONING PROPERLY,RAIN,DAYLIGHT,ANGLE,FOUR WAY,,STRAIGHT AND LEVEL,WET,UNKNOWN,ON SCENE,NO INJURY / DRIVE AWAY,Y,,,$500 OR LESS,07/08/2025 05:45:00 PM,UNABLE TO DETERMINE,UNABLE TO DETERMINE,7300,S,YATES BLVD,334,,,,,,,2,NO INDICATION OF INJURY,0,0,0,0,0,2,0,17,3,7,41.7625267347,-87.566594977,POINT (-87.566594977019 41.762526734679)
f02236d5747f6f76271eb87077dee1233f418e06ab2877a8ac65989e15e655bc34cbbd2a4bb99adcfd87a3710813d5cc90ecb948cdce72b7afa1ac76e53ac2c5,,07/08/2025 05:45:00 PM,30,TRAFFIC SIGNAL,FUNCTIONING PROPERLY,RAIN,DAYLIGHT,REAR END,NOT DIVIDED,,STRAIGHT AND LEVEL,WET,NO DEFECTS,NOT ON SCENE (DESK REPORT),INJURY AND / OR TOW DUE TO CRASH,Y,,,"$501 - $1,500",07/08/2025 07:35:00 PM,WEATHER,WEATHER,7146,S,JEFFERY BLVD,333,,,,,,,2,"REPORTED, NOT EVIDENT",1,0,0,0,1,1,0,17,3,7,41.7647236084,-87.5764163835,POINT (-87.576416383491 41.76472360841)
6cbbffa8ae70fad843f217fc4f5142cd4a7a3d8f696ff133fc0b5b0f9b59f4acbe84d3e3707d451368682a6f5bcc69a4b4af017447a26bde4b52f41afbf1d83e,,07/08/2025 05:43:00 PM,25,TRAFFIC SIGNAL,FUNCTIONING PROPERLY,CLEAR,DAYLIGHT,SIDESWIPE SAME DIRECTION,DIVIDED - W/MEDIAN (NOT RAISED),,STRAIGHT AND LEVEL,WET,NO DEFECTS,ON SCENE,NO INJURY / DRIVE AWAY,,,,$500 OR LESS,07/08/2025 05:52:00 PM,IMPROPER OVERTAKING/PASSING,UNABLE TO DETERMINE,4001,N,WESTERN AVE,1911,,,,,,,2,NO INDICATION OF INJURY,0,0,0,0,0,2,0,17,3,7,41.9540610259,-87.6883204303,POINT (-87.688320430258 41.954061025874)
4dccdd87e511631899c23bd7dcd78f5d6cd9940ccbc2e71ad7511cc825ea54674e4b63778309f29a4f4c19b31d0aa8ee7fbea26c33de1aee6f8fe9b5df6787ff,,07/08/2025 05:35:00 PM,30,FLASHING CONTROL SIGNAL,FUNCTIONING PROPERLY,UNKNOWN,UNKNOWN,REAR END,NOT DIVIDED,,STRAIGHT ON GRADE,UNKNOWN,UNKNOWN,NOT ON SCENE (DESK REPORT),NO INJURY / DRIVE AWAY,,,Y,"$501 - $1,500",07/08/2025 06:00:00 PM,UNABLE TO DETERMINE,UNABLE TO DETERMINE,3211,E,100TH ST,431,,,,,,,2,NO INDICATION OF INJURY,0,0,0,0,0,2,0,17,3,7,41.7134360708,-87.5451925432,POINT (-87.545192543194 41.713436070802)
f0f82fae57503d7aeb260d63c0bc80e27942f6e02e44bdfbc2e81342553f94e12ce3b2e1011d3cff6f8cec471d4290e6aaa9b6f4c6abb7240e7a90c6a19187be,,07/08/2025 05:35:00 PM,30,TRAFFIC SIGNAL,UNKNOWN,RAIN,DAYLIGHT,SIDESWIPE SAME DIRECTION,NOT DIVIDED,,STRAIGHT AND LEVEL,WET,UNKNOWN,NOT ON SCENE (DESK REPORT),NO INJURY / DRIVE AWAY,,,Y,"OVER $1,500",07/08/2025 05:55:00 PM,IMPROPER OVERTAKING/PASSING,UNABLE TO DETERMINE,1749,E,95TH ST,431,,,,,,,2,NO INDICATION OF INJURY,0,0,0,0,0,2,0,17,3,7,41.722291225,-87.5805922679,POINT (-87.580592267851 41.722291224989)
2b3d98789e8b5e9c5f5b25a0d223aadf5fa79c0577c7b57a768c5a190498eaa6c83ff1501ff77f918831440926f2fd91b14cf3f87ce12b8f482fd9a8f68656aa,,07/08/2025 05:33:00 PM,30,TRAFFIC SIGNAL,FUNCTIONING PROPERLY,CLEAR,DAYLIGHT,TURNING,FOUR WAY,,STRAIGHT AND LEVEL,DRY,NO DEFECTS,ON SCENE,INJURY AND / OR TOW DUE TO CRASH,Y,,,"OVER $1,500",07/08/2025 05:33:00 PM,UNABLE TO DETERMINE,UNABLE TO DETERMINE,2200,W,OGDEN AVE,1225,,,,,,,2,"REPORTED, NOT EVIDENT",6,0,0,0,6,0,0,17,3,7,41.868751317,-87.6814158734,POINT (-87.681415873402 41.868751316997)
925af347c9c87f3141b201a6937b665fe0db244875e1b083d24864aa28e4bc46dd85e4a540ac26874c9dc7c16f8ec3a19e192f6583cb54f466b1211f85d3869b,,07/08/2025 05:30:00 PM,30,NO CONTROLS,NO CONTROLS,CLEAR,DAYLIGHT,REAR TO FRONT,ALLEY,,STRAIGHT AND LEVEL,DRY,NO DEFECTS,NOT ON SCENE (DESK REPORT),NO INJURY / DRIVE AWAY,,,,"OVER $1,500",07/13/2025 03:42:00 PM,IMPROPER BACKING,NOT APPLICABLE,6034,S,PULASKI RD,813,,,,,,,2,NO INDICATION OF INJURY,0,0,0,0,0,5,0,17,3,7,41.7830927339,-87.723031375,POINT (-87.723031375 41.783092733935)
e21292dcea8c6381d92abde49b50fcb0dd012228ea2eb5db61303a86d15d03f46e4de748984275f3ebb97ffcac46c01dfeb28e09f33422b290875eecbc3c389a,,07/08/2025 05:30:00 PM,30,TRAFFIC SIGNAL,FUNCTIONING PROPERLY,CLEAR,DAYLIGHT,TURNING,T-INTERSECTION,,STRAIGHT AND LEVEL,DRY,UNKNOWN,NOT ON SCENE (DESK REPORT),NO INJURY / DRIVE AWAY,Y,,,"OVER $1,500",07/08/2025 06:00:00 PM,FAILING TO YIELD RIGHT-OF-WAY,NOT APPLICABLE,1577,N,HOMAN AVE,1422,Y,Y,,,,,2,NO INDICATION OF INJURY,0,0,0,0,0,2,0,17,3,7,41.9100047229,-87.7117354041,POINT (-87.711735404094 41.910004722901)
c94cb1ccf2584a2c954f1ba8e8bc0959d2f700b6550e04aacb89ead1cb3c5c901de085c95aafecd594bb386df3e29ff7df073c30aa4b4134020e1b4d2576d9ed,,07/08/2025 05:23:00 PM,30,NO CONTROLS,NO CONTROLS,CLEAR,DAYLIGHT,REAR END,DIVIDED - W/MEDIAN (NOT RAISED),,STRAIGHT AND LEVEL,DRY,NO DEFECTS,ON SCENE,NO INJURY / DRIVE AWAY,,,,"$501 - $1,500",07/08/2025 05:25:00 PM,FOLLOWING TOO CLOSELY,NOT APPLICABLE,4901,W,NORTH AVE,2533,,,,,,,2,NO INDICATION OF INJURY,0,0,0,0,0,2,0,17,3,7,41.9094821915,-87.7486983106,POINT (-87.748698310623 41.909482191491)
70c5829fd408b481a82477c46b88295c194655930a1e06a3ec611a93e6a88e928408d811e6a93a55428f07b31146d5028fb9a5649eff8e34a8be2ef07b24ffcb,,07/08/2025 05:20:00 PM,30,TRAFFIC SIGNAL,FUNCTIONING PROPERLY,CLEAR,DAYLIGHT,SIDESWIPE SAME DIRECTION,ONE-WAY,,STRAIGHT AND LEVEL,DRY,NO DEFECTS,ON SCENE,NO INJURY / DRIVE AWAY,,,,"$501 - $1,500",07/08/2025 05:25:00 PM,IMPROPER OVERTAKING/PASSING,IMPROPER OVERTAKING/PASSING,159,N,DEARBORN ST,111,,,,,,,2,NO INDICATION OF INJURY,0,0,0,0,0,2,0,17,3,7,41.8847678879,-87.6293213982,POINT (-87.629321398242 41.884767887865)
ee4c4ebec183f166c10161e64481d7087f12914f129c04c4e3f2e2cb75d1977147e82fa9fa9a207e43019f0f7755c46c8e9b60f6a63f988f72fd9b72bee681d8,,07/08/2025 05:20:00 PM,30,NO CONTROLS,NO CONTROLS,CLEAR,DAYLIGHT,TURNING,NOT DIVIDED,,STRAIGHT AND LEVEL,DRY,NO DEFECTS,NOT ON SCENE (DESK REPORT),NO INJURY / DRIVE AWAY,,,,"OVER $1,500",07/08/2025 08:40:00 PM,FAILING TO YIELD RIGHT-OF-WAY,UNABLE TO DETERMINE,3430,S,WENTWORTH AVE,915,,,,,,,2,NO INDICATION OF INJURY,0,0,0,0,0,3,0,17,3,7,41.8317778064,-87.6316660683,POINT (-87.631666068289 41.831777806422)
dd6e435cc61b6c981ab242f225fd02acb0ae4a6fd5bcd1b114251bbc46a02edc84f793318115ff5e035a78490334554af4c296f0cc21cede6374a01485853c0c,,07/08/2025 05:16:00 PM,30,STOP SIGN/FLASHER,FUNCTIONING PROPERLY,RAIN,DAYLIGHT,ANGLE,ONE-WAY,,STRAIGHT AND LEVEL,WET,UNKNOWN,ON SCENE,NO INJURY / DRIVE AWAY,,,,"OVER $1,500",07/08/2025 05:21:00 PM,UNABLE TO DETERMINE,NOT APPLICABLE,7998,S,HARVARD AVE,623,,,,,,,2,NO INDICATION OF INJURY,0,0,0,0,0,2,0,17,3,7,41.749068984,-87.6331926591,POINT (-87.633192659089 41.74906898396)
244f0db39339236348fc11814078fcfe50b2cc4d8c77453689d608cc7f9ef37c59fde0f07b04ab79d76e1f0b603ac0751699a82373fcc037b087710914b3a96f,,07/08/2025 05:15:00 PM,35,TRAFFIC SIGNAL,FUNCTIONING PROPERLY,RAIN,DAYLIGHT,TURNING,UNKNOWN INTERSECTION TYPE,,STRAIGHT AND LEVEL,WET,WORN SURFACE,NOT ON SCENE (DESK REPORT),NO INJURY / DRIVE AWAY,,,Y,$500 OR LESS,07/08/2025 05:30:00 PM,UNABLE TO DETERMINE,UNABLE TO DETERMINE,5498,S,WELLS ST,935,,,,,,,2,NO INDICATION OF INJURY,0,0,0,0,0,3,0,17,3,7,41.794195272,-87.6319263978,POINT (-87.63192639781 41.794195272036)
61936fc2d4ea54a540808c9cefe37008c2f530ef2e39fce3450e547c6d17c24eeb4998abb44f00fa22c7c3b6336a67d2b8af1ed577937947e24c976d3dad2c9d,,07/08/2025 05:15:00 PM,30,TRAFFIC SIGNAL,UNKNOWN,CLEAR,DAYLIGHT,TURNING,NOT DIVIDED,,STRAIGHT AND LEVEL,DRY,NO DEFECTS,NOT ON SCENE (DESK REPORT),NO INJURY / DRIVE AWAY,,,,"OVER $1,500",07/09/2025 10:00:00 AM,IMPROPER OVERTAKING/PASSING,NOT APPLICABLE,3958,N,MONTICELLO AVE,1732,,,,,,,2,NO INDICATION OF INJURY,0,0,0,0,0,3,0,17,3,7,41.9536284752,-87.719217734,POINT (-87.719217733974 41.953628475157)