CRASH_RECORD_ID,CRASH_DATE_EST_I,CRASH_DATE,POSTED_SPEED_LIMIT,TRAFFIC_CONTROL_DEVICE,DEVICE_CONDITION,WEATHER_CONDITION,LIGHTING_CONDITION,FIRST_CRASH_TYPE,TRAFFICWAY_TYPE,LANE_CNT,ALIGNMENT,ROADWAY_SURFACE_COND,ROAD_DEFECT,REPORT_TYPE,CRASH_TYPE,INTERSECTION_RELATED_I,NOT_RIGHT_OF_WAY_I,HIT_AND_RUN_I,DAMAGE,DATE_POLICE_NOTIFIED,PRIM_CONTRIBUTORY_CAUSE,SEC_CONTRIBUTORY_CAUSE,STREET_NO,STREET_DIRECTION,STREET_NAME,BEAT_OF_OCCURRENCE,PHOTOS_TAKEN_I,STATEMENTS_TAKEN_I,DOORING_I,WORK_ZONE_I,WORK_ZONE_TYPE,WORKERS_PRESENT_I,NUM_UNITS,MOST_SEVERE_INJURY,INJURIES_TOTAL,INJURIES_FATAL,INJURIES_INCAPACITATING,INJURIES_NON_INCAPACITATING,INJURIES_REPORTED_NOT_EVIDENT,INJURIES_NO_INDICATION,INJURIES_UNKNOWN,CRASH_HOUR,CRASH_DAY_OF_WEEK,CRASH_MONTH,LATITUDE,LONGITUDE,LOCATION
bf4f6bc82ab6da3cc1fc62f1670dbda7cd0c78fb882425591aa2db821b664c4b0ce5858fbbd0cfce8389a02675a28f1df830fef63d6dced64cbc0386699e10c7,,07/08/2025 05:15:00 PM,35,NO CONTROLS,UNKNOWN,CLEAR,DAYLIGHT,SIDESWIPE SAME DIRECTION,DIVIDED - W/MEDIAN (NOT RAISED),,STRAIGHT AND LEVEL,DRY,UNKNOWN,NOT ON SCENE (DESK REPORT),NO INJURY / DRIVE AWAY,,,,"OVER $1,500",07/08/2025 06:00:00 PM,DRIVING SKILLS/KNOWLEDGE/EXPERIENCE,DRIVING SKILLS/KNOWLEDGE/EXPERIENCE,555,S,LOWER WACKER DR,123,,,,,,,2,NO INDICATION OF INJURY,0,0,0,0,0,4,0,17,3,7,41.8746579007,-87.635003954,POINT (-87.635003953961 41.874657900651)
9b65d3ec1dd19a621c916df377799a24b3ebf51c4f19392bf7177c4bbffe48df72e29d6b79d17b2f73722b8a24322a5609ba9fdd379cf303b6d70754f968a87f,,07/08/2025 05:12:00 PM,30,UNKNOWN,UNKNOWN,RAIN,DAYLIGHT,REAR END,NOT DIVIDED,,STRAIGHT AND LEVEL,WET,UNKNOWN,NOT ON SCENE (DESK REPORT),NO INJURY / DRIVE AWAY,,,Y,"$501 - $1,500",07/08/2025 05:50:00 PM,UNABLE TO DETERMINE,UNABLE TO DETERMINE,1101,E,75TH ST,624,,,,,,,2,NO INDICATION OF INJURY,0,0,0,0,0,2,0,17,3,7,41.7585431503,-87.5979650676,POINT (-87.59796506762 41.758543150325)
dce052e6ef6aa0d5d5e4007809ccbc2371cca45e37507e63fdafdca4cea6101e29f69b0f5fda07148666b3e542df78f67d1a0c4139256b1a91298aa4057be5e0,,07/08/2025 05:12:00 PM,30,STOP SIGN/FLASHER,FUNCTIONING PROPERLY,CLEAR,DAYLIGHT,SIDESWIPE SAME DIRECTION,OTHER,,STRAIGHT AND LEVEL,WET,NO DEFECTS,,NO INJURY / DRIVE AWAY,,,N,"OVER $1,500",07/08/2025 05:52:00 PM,IMPROPER OVERTAKING/PASSING,IMPROPER TURNING/NO SIGNAL,7300,S,SACRAMENTO AVE,835,,,,,,,2,NO INDICATION OF INJURY,0,0,0,0,0,2,0,17,3,7,41.7607215273,-87.6979631674,POINT (-87.697963167393 41.760721527338)
60a3d5a940e96f873e838ef78d36bbb2282ddf972f13ae2d3168e7da688c6ac98030e3bb552107a56ca28880d6077e9943b3028c8d5f84dea737dd548014cc7f,,07/08/2025 05:10:00 PM,30,TRAFFIC SIGNAL,FUNCTIONING PROPERLY,CLEAR,DAYLIGHT,REAR END,ONE-WAY,,STRAIGHT AND LEVEL,WET,NO DEFECTS,NOT ON SCENE (DESK REPORT),NO INJURY / DRIVE AWAY,,,Y,"OVER $1,500",07/08/2025 05:40:00 PM,UNABLE TO DETERMINE,NOT APPLICABLE,8259,S,LAFAYETTE AVE,622,Y,,,,,,2,NO INDICATION OF INJURY,0,0,0,0,0,2,0,17,3,7,41.7437034271,-87.6254848394,POINT (-87.625484839415 41.743703427125)
fa94a264b8f996ef17fb099cd3c8bb6945da08596fb283f5a4473e266cea61585c1ed86e970b1d298698eb4ce5119e5eff37985b0d45bd3bdbd6dd312e105b32,,07/08/2025 05:10:00 PM,30,NO CONTROLS,NO CONTROLS,CLEAR,DAYLIGHT,TURNING,NOT DIVIDED,,STRAIGHT AND LEVEL,DRY,NO DEFECTS,NOT ON SCENE (DESK REPORT),NO INJURY / DRIVE AWAY,,,,"OVER $1,500",07/08/2025 06:00:00 PM,UNABLE TO DETERMINE,NOT APPLICABLE,3950,W,ARGYLE ST,1712,,,,,,,2,NO INDICATION OF INJURY,0,0,0,0,0,2,0,17,3,7,41.9719981033,-87.7277618132,POINT (-87.727761813241 41.971998103283)
5ffc5c6f1c5ddf3003793c5026d4b24f7fadd7a0c4f99feb6c6cd83d83d60106a09b22a100886ddcf9e9bc60899e2f1227dce8b88acbab5fa3e423473b369ea0,,07/08/2025 05:05:00 PM,30,TRAFFIC SIGNAL,FUNCTIONING PROPERLY,CLEAR,DAYLIGHT,SIDESWIPE SAME DIRECTION,TRAFFIC ROUTE,,STRAIGHT AND LEVEL,DRY,NO DEFECTS,ON SCENE,NO INJURY / DRIVE AWAY,Y,,,"$501 - $1,500",07/08/2025 05:31:00 PM,IMPROPER OVERTAKING/PASSING,IMPROPER OVERTAKING/PASSING,699,S,MICHIGAN AVE,114,,,,,,,2,NO INDICATION OF INJURY,0,0,0,0,0,2,0,17,3,7,41.8732276825,-87.6240550691,POINT (-87.624055069074 41.873227682492)
97a896e13c5629e444423a369094c0df110384a767da4769bed046555a8d8c22ba9d42c2c688f1a20bcc4d66282ad64b322068e19b513e8137e0e01e229afed6,,07/08/2025 05:05:00 PM,30,NO CONTROLS,NO CONTROLS,CLOUDY/OVERCAST,DAYLIGHT,REAR END,NOT DIVIDED,,STRAIGHT AND LEVEL,DRY,NO DEFECTS,NOT ON SCENE (DESK REPORT),NO INJURY / DRIVE AWAY,,,Y,"OVER $1,500",07/09/2025 04:30:00 PM,UNABLE TO DETERMINE,UNABLE TO DETERMINE,2638,N,PULASKI RD,2524,,,,,,,3,NO INDICATION OF INJURY,0,0,0,0,0,3,0,17,3,7,41.9292745785,-87.7270538431,POINT (-87.727053843113 41.929274578513)
70dcffd66fd7ecc43f314ac222378d4a5c8238f06fe523a3bb639e0c967ef1a8114c3a30339694480313bc9aa708aafe8ad6b31a1f55cc52a6283b086a659655,,07/08/2025 05:00:00 PM,10,NO CONTROLS,NO CONTROLS,RAIN,DAYLIGHT,PARKED MOTOR VEHICLE,PARKING LOT,,STRAIGHT AND LEVEL,WET,NO DEFECTS,ON SCENE,NO INJURY / DRIVE AWAY,,,Y,"$501 - $1,500",07/08/2025 05:09:00 PM,FAILING TO YIELD RIGHT-OF-WAY,DRIVING SKILLS/KNOWLEDGE/EXPERIENCE,538,W,OHARE ST,1654,,,,,,,2,NO INDICATION OF INJURY,0,0,0,0,0,1,0,17,3,7,,,
9390b537021002aa0ca887a1035325997c697d3c526f510a1e374e3918402978da39290f6f7432ff310b5411e8e41537af6dbbf1522224d90cd6f9bc5ddbe641,,07/08/2025 05:00:00 PM,30,NO CONTROLS,NO CONTROLS,RAIN,DAYLIGHT,REAR END,DIVIDED - W/MEDIAN (NOT RAISED),,STRAIGHT AND LEVEL,WET,NO DEFECTS,NOT ON SCENE (DESK REPORT),NO INJURY / DRIVE AWAY,,,Y,"OVER $1,500",07/12/2025 01:23:00 PM,FOLLOWING TOO CLOSELY,NOT APPLICABLE,2901,W,CERMAK RD,1033,,,,,,,2,NO INDICATION OF INJURY,0,0,0,0,0,2,0,17,3,7,41.8517429742,-87.699152241,POINT (-87.699152241026 41.851742974231)
115c7c9f24a64d3868f5b479cebe0d291da183f4daf7862b8794c09c374d4aeb1e9867b03c0b6b517e1268f50b8c3097e3cc5dcba8a800f703689f80b9dc7495,Y,07/08/2025 04:59:00 PM,30,TRAFFIC SIGNAL,FUNCTIONING PROPERLY,CLEAR,DAYLIGHT,REAR END,DIVIDED - W/MEDIAN BARRIER,,STRAIGHT AND LEVEL,DRY,NO DEFECTS,NOT ON SCENE (DESK REPORT),NO INJURY / DRIVE AWAY,,,Y,"OVER $1,500",07/08/2025 05:40:00 PM,FOLLOWING TOO CLOSELY,NOT APPLICABLE,1900,W,IRVING PARK RD,1912,,,,,,,2,NO INDICATION OF INJURY,0,0,0,0,0,3,0,16,3,7,41.954296396,-87.6764523533,POINT (-87.67645235327 41.954296396014)
61775c534b8fccbad7dbeae50e63781af0347ac940c8cee15fb7b25fc0692ae641559d5ffd103062d2d89ef9cf283fd8b55139e288a4ec510f37ea8391063fb4,,07/08/2025 04:54:00 PM,30,NO CONTROLS,NO CONTROLS,CLEAR,DAYLIGHT,SIDESWIPE SAME DIRECTION,NOT DIVIDED,,STRAIGHT AND LEVEL,WET,NO DEFECTS,ON SCENE,NO INJURY / DRIVE AWAY,,,Y,"OVER $1,500",07/08/2025 04:56:00 PM,IMPROPER OVERTAKING/PASSING,IMPROPER OVERTAKING/PASSING,5798,N,BROADWAY,2013,,,,,,,2,NO INDICATION OF INJURY,0,0,0,0,0,2,0,16,3,7,41.9868877056,-87.6603151811,POINT (-87.660315181073 41.986887705606)
820020017c8c2edb63bb0456f057cd651e2cae01e0a845a085a25b765361de812aaa5d25b6465fc32f56e76031ec4a68c1da688ac90641579bff40f8a1ef6dcb,,07/08/2025 04:54:00 PM,30,NO CONTROLS,NO CONTROLS,CLEAR,DAYLIGHT,REAR END,NOT DIVIDED,,STRAIGHT AND LEVEL,UNKNOWN,UNKNOWN,NOT ON SCENE (DESK REPORT),NO INJURY / DRIVE AWAY,,,,"OVER $1,500",07/16/2025 08:23:00 PM,UNABLE TO DETERMINE,NOT APPLICABLE,4840,N,BROADWAY,2033,,,,,,,2,NO INDICATION OF INJURY,0,0,0,0,0,2,0,16,3,7,41.9701779969,-87.6598490073,POINT (-87.659849007291 41.970177996889)
e286fd24076a00b9aa6fa38c1401f1d888b09899fd9634a19977555585553a510d78e31a2f34eaf1630cb46851680d8eeeaa31a48b11b9c492827d308fdd5f29,,07/08/2025 04:50:00 PM,30,NO CONTROLS,NO CONTROLS,CLEAR,DAYLIGHT,SIDESWIPE SAME DIRECTION,NOT DIVIDED,,STRAIGHT AND LEVEL,UNKNOWN,UNKNOWN,ON SCENE,NO INJURY / DRIVE AWAY,,,Y,$500 OR LESS,07/08/2025 04:51:00 PM,UNABLE TO DETERMINE,NOT APPLICABLE,3553,W,BELMONT AVE,1412,,,,,,,2,NO INDICATION OF INJURY,0,0,0,0,0,12,0,16,3,7,41.939110288,-87.7170996805,POINT (-87.717099680508 41.939110288008)
3155d3409b1ab9526cc1bacf15038eac5dbf245a7fe190377e1817432a4847977a4b60373e50cc35ba4d552da02aec0e6b03396d4b2fa9f202c624077890e3f4,,07/08/2025 04:47:00 PM,30,NO CONTROLS,NO CONTROLS,CLEAR,DAYLIGHT,TURNING,NOT DIVIDED,,STRAIGHT AND LEVEL,WET,NO DEFECTS,ON SCENE,NO INJURY / DRIVE AWAY,,,,"OVER $1,500",07/08/2025 04:51:00 PM,FAILING TO YIELD RIGHT-OF-WAY,NOT APPLICABLE,5630,N,BROADWAY,2013,,,,,,,2,NO INDICATION OF INJURY,0,0,0,0,0,2,0,16,3,7,41.9845682732,-87.6602451702,POINT (-87.660245170202 41.984568273233)
134764032fac4f6bb8991ee71a0ae6fa6ae0b36f7c1d4eb56a3963b36c04b9abc93ce5e5d23ad6d6603753c1415e436bec26bff94a04ae4361b2f3ac045c7038,,07/08/2025 04:46:00 PM,30,TRAFFIC SIGNAL,FUNCTIONING PROPERLY,CLEAR,DAYLIGHT,ANGLE,FOUR WAY,,STRAIGHT AND LEVEL,DRY,NO DEFECTS,ON SCENE,INJURY AND / OR TOW DUE TO CRASH,Y,,,"OVER $1,500",07/08/2025 06:02:00 PM,DISREGARDING TRAFFIC SIGNALS,DISTRACTION - FROM INSIDE VEHICLE,600,S,DESPLAINES ST,124,,,,,,,2,NO INDICATION OF INJURY,0,0,0,0,0,5,0,16,3,7,41.874309529,-87.6440325647,POINT (-87.644032564715 41.874309528986)
74b2c16ee840834deae9b3c39aee050b6f04cb2196dbea3a052b7f70268eef0ee25f44d6b4a2b0970cfb321070e208c218a78585bf9e8c4d9ae5aac588f34ebe,,07/08/2025 04:45:00 PM,30,NO CONTROLS,NO CONTROLS,CLEAR,DAYLIGHT,SIDESWIPE OPPOSITE DIRECTION,NOT DIVIDED,,STRAIGHT AND LEVEL,DRY,NO DEFECTS,NOT ON SCENE (DESK REPORT),NO INJURY / DRIVE AWAY,,,,"OVER $1,500",07/08/2025 05:40:00 PM,UNABLE TO DETERMINE,NOT APPLICABLE,1604,W,38TH ST,912,,,,,,,2,NO INDICATION OF INJURY,0,0,0,0,0,3,0,16,3,7,41.8251267501,-87.6658310946,POINT (-87.665831094645 41.825126750056)
5e24220f4f45fe35d68a47cd13054a07ebe1e64424b16c0be1da2654526bcc6d20e0ba7a2adbd4fea735a4bfe988e85a262b4a5d98356c8ce2333f59a6e8fb73,,07/08/2025 04:41:00 PM,30,TRAFFIC SIGNAL,FUNCTIONING PROPERLY,CLEAR,DAYLIGHT,ANGLE,FOUR WAY,,STRAIGHT AND LEVEL,DRY,NO DEFECTS,NOT ON SCENE (DESK REPORT),NO INJURY / DRIVE AWAY,Y,,Y,"OVER $1,500",07/08/2025 05:30:00 PM,DISREGARDING TRAFFIC SIGNALS,NOT APPLICABLE,8,E,9TH ST,123,Y,,,,,,2,NO INDICATION OF INJURY,0,0,0,0,0,2,0,16,3,7,41.8706349908,-87.6272775301,POINT (-87.627277530121 41.870634990802)
683238401ce0c3259ad68d7de8847741b2aeddab3f2c60b908300ebd30027f9e3436776df6eb1e4c1ad0e7bd2bad55a8adc37e75041d80da638f406060a3d1b5,,07/08/2025 04:30:00 PM,30,TRAFFIC SIGNAL,UNKNOWN,UNKNOWN,DAYLIGHT,TURNING,RAMP,,STRAIGHT AND LEVEL,UNKNOWN,UNKNOWN,,NO INJURY / DRIVE AWAY,Y,,,"OVER $1,500",07/08/2025 05:25:00 PM,IMPROPER LANE USAGE,FAILING TO REDUCE SPEED TO AVOID CRASH,500,S,DAMEN AVE,1225,,,,,,,2,NO INDICATION OF INJURY,0,0,0,0,0,2,0,16,3,7,41.8749696849,-87.6766322963,POINT (-87.67663229632 41.874969684894)
83956d3159d6f20b80d8d47940751a813c61177d13988884a0101e16df2b96e6c4abf19f12bcf70b3e46f72c02192dee58a82d463e13021e22014f0e0f718861,,07/08/2025 04:30:00 PM,30,NO CONTROLS,NO CONTROLS,CLOUDY/OVERCAST,DAYLIGHT,REAR END,ONE-WAY,,STRAIGHT AND LEVEL,UNKNOWN,NO DEFECTS,NOT ON SCENE (DESK REPORT),NO INJURY / DRIVE AWAY,,,,"OVER $1,500",07/08/2025 06:10:00 PM,FOLLOWING TOO CLOSELY,FAILING TO REDUCE SPEED TO AVOID CRASH,59,W,ONTARIO ST,1832,,,,,,,2,NO INDICATION OF INJURY,0,0,0,0,0,2,0,16,3,7,41.8931297715,-87.6303858255,POINT (-87.630385825535 41.893129771468)
ea33cd1c16a7077534e772465b8120fc785d025e32ff56e34c5bc733ad6cd344ff7a93f2b1e7431e46c9febc3e60afc472ffb5ff26470a99e06e395b9635f55d,,07/08/2025 04:30:00 PM,30,NO CONTROLS,NO CONTROLS,CLEAR,DAYLIGHT,TURNING,DIVIDED - W/MEDIAN (NOT RAISED),,STRAIGHT AND LEVEL,DRY,NO DEFECTS,NOT ON SCENE (DESK REPORT),NO INJURY / DRIVE AWAY,,,,"OVER $1,500",07/08/2025 06:30:00 PM,IMPROPER TURNING/NO SIGNAL,FAILING TO REDUCE SPEED TO AVOID CRASH,4410,W,DIVISION ST,2533,,,,,,,2,NO INDICATION OF INJURY,0,0,0,0,0,2,0,16,3,7,41.9026122817,-87.7366398496,POINT (-87.736639849558 41.902612281747)
96078582f2c542e7383ead18219330b5c48f9b6d5c6f1a88d26176e2c50d504dd62c5a8f6496a77e340c44c71112b956de78d911309b19c1ac8b0dacd42ce8c9,,07/08/2025 04:20:00 PM,10,NO CONTROLS,NO CONTROLS,CLEAR,DAYLIGHT,REAR END,PARKING LOT,,STRAIGHT AND LEVEL,DRY,NO DEFECTS,NOT ON SCENE (DESK REPORT),NO INJURY / DRIVE AWAY,,,,"$501 - $1,500",07/08/2025 06:15:00 PM,UNABLE TO DETERMINE,NOT APPLICABLE,328,E,ONTARIO ST,1834,,,,,,,2,NO INDICATION OF INJURY,0,0,0,0,0,2,0,16,3,7,41.8935386237,-87.6191200295,POINT (-87.61912002946 41.893538623651)
5c0c0bf70b3f600aa6d920e62066171e87ed8f47e896ac8f4b488735703e59a4d958a22af2a5d02c13f3605cdfbd81ee9b7f46e51db46d5c6661b3ad4de31528,,07/08/2025 04:15:00 PM,25,NO CONTROLS,NO CONTROLS,RAIN,DAYLIGHT,PARKED MOTOR VEHICLE,DIVIDED - W/MEDIAN (NOT RAISED),,STRAIGHT AND LEVEL,WET,UNKNOWN,ON SCENE,NO INJURY / DRIVE AWAY,,,Y,"OVER $1,500",07/08/2025 04:22:00 PM,UNABLE TO DETERMINE,NOT APPLICABLE,3100,N,LAKE SHORE DR,1934,,,,,,,5,NO INDICATION OF INJURY,0,0,0,0,0,1,0,16,3,7,41.9377712633,-87.6374559758,POINT (-87.637455975797 41.937771263338)
63e070fdec42bafe9165b87a308626d1f4ca10f33ace88c036be0d5d1911e99f5dfbc60fcfadbba8e23d5a171f51a2c7efb9c4152f6c6f103f182666116230c1,,07/08/2025 04:15:00 PM,30,TRAFFIC SIGNAL,FUNCTIONING PROPERLY,CLEAR,DAYLIGHT,SIDESWIPE SAME DIRECTION,ONE-WAY,,STRAIGHT AND LEVEL,DRY,NO DEFECTS,NOT ON SCENE (DESK REPORT),NO INJURY / DRIVE AWAY,Y,,,$500 OR LESS,07/10/2025 09:32:00 AM,IMPROPER OVERTAKING/PASSING,UNABLE TO DETERMINE,500,S,CLARK ST,123,,,,,,,2,NO INDICATION OF INJURY,0,0,0,0,0,2,0,16,3,7,41.8755525443,-87.630854222,POINT (-87.630854221965 41.875552544291)
6fd2d95bdfdd4990771e5a966845bb0f4fc2b7a77f94c5b5b591eca0cef7e380e72ee1b5759a826158b65b055e65e120e59988b2a5cdf7bcdba8915cb5f4ca32,,07/08/2025 04:15:00 PM,30,TRAFFIC SIGNAL,FUNCTIONING PROPERLY,RAIN,DAYLIGHT,SIDESWIPE SAME DIRECTION,DIVIDED - W/MEDIAN BARRIER,,STRAIGHT AND LEVEL,WET,NO DEFECTS,ON SCENE,INJURY AND / OR TOW DUE TO CRASH,Y,,,"OVER $1,500",07/08/2025 04:39:00 PM,UNABLE TO DETERMINE,NOT APPLICABLE,7600,S,STONY ISLAND AVE,411,,,,,,,2,NO INDICATION OF INJURY,0,0,0,0,0,2,0,16,3,7,41.7568971726,-87.5862342851,POINT (-87.58623428507 41.756897172602)
a35bd5669396c08b22c2dd18d78d9445ad512463bcecfefd92d15144f4a45e0cad580e2fb228bef3b222f6bc08c7601203355e14206aff37983147698a58b986,,07/08/2025 04:10:00 PM,30,STOP SIGN/FLASHER,FUNCTIONING PROPERLY,CLEAR,DAYLIGHT,ANGLE,OTHER,,STRAIGHT AND LEVEL,DRY,NO DEFECTS,NOT ON SCENE (DESK REPORT),INJURY AND / OR TOW DUE TO CRASH,Y,,Y,"OVER $1,500",07/08/2025 07:35:00 PM,UNABLE TO DETERMINE,NOT APPLICABLE,320,W,OHIO ST,1831,,,,,,,2,"REPORTED, NOT EVIDENT",1,0,0,0,1,1,0,16,3,7,41.8924658311,-87.6365481813,POINT (-87.636548181326 41.892465831107)
5e69f4266bb1b9b008fe25fa541c65f86049dbd74653fbe6222457a6b68229bead1f46b6b5ec92b66e31b96031c70583e009be2f3623ab5f3e787b11444cf92b,,07/08/2025 04:04:00 PM,30,NO CONTROLS,NO CONTROLS,RAIN,DAYLIGHT,PARKED MOTOR VEHICLE,ONE-WAY,,STRAIGHT AND LEVEL,WET,NO DEFECTS,ON SCENE,INJURY AND / OR TOW DUE TO CRASH,,,,"OVER $1,500",07/08/2025 04:05:00 PM,UNABLE TO DETERMINE,NOT APPLICABLE,5836,N,WASHTENAW AVE,2011,,,,,,,2,NO INDICATION OF INJURY,0,0,0,0,0,2,0,16,3,7,41.9878756199,-87.6970283134,POINT (-87.697028313432 41.987875619888)
fd6755469144e93e4fd1130c02fe831213e9575522ad4f3ffe990deddebc3c695dd414de7fc5d844cb9c0e3db0c2b797e281d0bd506d435255bba608f39aff32,,07/08/2025 04:01:00 PM,30,TRAFFIC SIGNAL,UNKNOWN,RAIN,DUSK,SIDESWIPE SAME DIRECTION,FOUR WAY,,STRAIGHT AND LEVEL,WET,UNKNOWN,ON SCENE,INJURY AND / OR TOW DUE TO CRASH,Y,,Y,"OVER $1,500",07/08/2025 04:05:00 PM,IMPROPER TURNING/NO SIGNAL,IMPROPER TURNING/NO SIGNAL,6,N,HAMLIN BLVD,1122,,,,,,,2,"REPORTED, NOT EVIDENT",1,0,0,0,1,2,0,16,3,7,41.8809676236,-87.7209069325,POINT (-87.720906932532 41.880967623606)
ac50e2e425c9b214d37213aae08ee7a6d0342f6eed45f7a40676926db4e6e46b2506567333caf5634c128bff4a50410d59381219b78702495b953bbf05bbca4b,,07/08/2025 04:00:00 PM,30,TRAFFIC SIGNAL,FUNCTIONING PROPERLY,RAIN,DAYLIGHT,REAR END,T-INTERSECTION,,STRAIGHT AND LEVEL,DRY,UNKNOWN,NOT ON SCENE (DESK REPORT),NO INJURY / DRIVE AWAY,Y,,,"OVER $1,500",07/08/2025 05:35:00 PM,FAILING TO REDUCE SPEED TO AVOID CRASH,"EVASIVE ACTION DUE TO ANIMAL, OBJECT, NONMOTORIST",7500,S,STONY ISLAND AVE,411,,,,,,,2,NO INDICATION OF INJURY,0,0,0,0,0,2,0,16,3,7,41.7587154667,-87.5862809648,POINT (-87.586280964844 41.758715466706)
b2333ff410afd2c47a71c6e8d1db8e25e81d22a24e77a43dd5fd84b108c6c6038baa33c1fd97edb015d7c0c70afe98983dcc1e269668827188a8fcc4620b6354,,07/08/2025 04:00:00 PM,40,NO CONTROLS,NO CONTROLS,UNKNOWN,DAYLIGHT,REAR END,DIVIDED - W/MEDIAN BARRIER,,STRAIGHT AND LEVEL,UNKNOWN,UNKNOWN,NOT ON SCENE (DESK REPORT),NO INJURY / DRIVE AWAY,,,,"OVER $1,500",07/08/2025 04:43:00 PM,FOLLOWING TOO CLOSELY,FOLLOWING TOO CLOSELY,500,N,LAKE SHORE DR NB,1834,,,,,,,2,NO INDICATION OF INJURY,0,0,0,0,0,3,0,16,3,7,41.8911470717,-87.6143750572,POINT (-87.61437505723 41.89114707171)
ea6e7a43f9917ecab28f5cfe428c266193e087a4e4f3c33b1570974e30e3b198c3e58b1ba8c4c071f487aa2c9c213741ed5a42d4ce4ddd516c7dff051b28eece,Y,07/08/2025 04:00:00 PM,20,NO CONTROLS,NO CONTROLS,CLEAR,DAYLIGHT,PARKED MOTOR VEHICLE,ONE-WAY,,STRAIGHT AND LEVEL,DRY,NO DEFECTS,NOT ON SCENE (DESK REPORT),NO INJURY / DRIVE AWAY,,,Y,"OVER $1,500",07/13/2025 08:15:00 AM,UNABLE TO DETERMINE,NOT APPLICABLE,9508,S,EXCHANGE AVE,431,,,,,,,2,NO INDICATION OF INJURY,0,0,0,0,0,1,0,16,3,7,41.7224306432,-87.5526012158,POINT (-87.552601215775 41.722430643235)
01ea9d48390e03a768e6184d6db0d84ebe7f8d689510e27b55c7f2681e1b4246bb31bac870757ea0623e67dba58443cc205a6121b34e702b81623ce3a048370f,,07/08/2025 03:54:00 PM,30,NO CONTROLS,NO CONTROLS,CLEAR,DAYLIGHT,PARKED MOTOR VEHICLE,DIVIDED - W/MEDIAN BARRIER,,STRAIGHT AND LEVEL,DRY,NO DEFECTS,ON SCENE,INJURY AND / OR TOW DUE TO CRASH,,,,"OVER $1,500",07/08/2025 03:57:00 PM,DRIVING SKILLS/KNOWLEDGE/EXPERIENCE,NOT APPLICABLE,812,S,WESTERN AVE,1135,,,,,,,3,NO INDICATION OF INJURY,0,0,0,0,0,1,0,15,3,7,41.8707339484,-87.6862992702,POINT (-87.686299270241 41.870733948431)
13df56b4d32ea4747f09df9d8a7b467bb7e8ed453f4f8ea17e3fbdd00a01d0a75f6d3b36e73b7239c6a98050a108601aef66dcb230b585a8ba65b645c463626a,,07/08/2025 03:51:00 PM,30,YIELD,FUNCTIONING PROPERLY,CLEAR,DAYLIGHT,SIDESWIPE SAME DIRECTION,ONE-WAY,,STRAIGHT AND LEVEL,DRY,NO DEFECTS,NOT ON SCENE (DESK REPORT),NO INJURY / DRIVE AWAY,,,,"OVER $1,500",07/08/2025 04:30:00 PM,UNABLE TO DETERMINE,NOT APPLICABLE,2250,W,VAN BUREN ST,1225,,,,,,,2,NO INDICATION OF INJURY,0,0,0,0,0,5,0,15,3,7,41.8762463467,-87.6825266468,POINT (-87.682526646761 41.876246346744)
7c7450a0c404610a26ba9bf1594be84f37f5d312a47d4bb796bb3e93e9d70a5bb688c9af605ca56f8aacd5ec59729df462e03a7eda5ba60cb3b9199c3fa1ee4e,,07/08/2025 03:51:00 PM,30,STOP SIGN/FLASHER,UNKNOWN,UNKNOWN,DAYLIGHT,PEDALCYCLIST,FOUR WAY,,STRAIGHT AND LEVEL,UNKNOWN,UNKNOWN,ON SCENE,INJURY AND / OR TOW DUE TO CRASH,Y,,,$500 OR LESS,07/08/2025 06:04:00 PM,UNABLE TO DETERMINE,NOT APPLICABLE,3301,W,BELMONT AVE,1412,,,,,,,2,NONINCAPACITATING INJURY,1,0,0,1,0,1,0,15,3,7,41.9391952294,-87.7101093078,POINT (-87.710109307823 41.939195229422)
4db32301efc28dc18d99c5e826b80f73505c8160881962b5bb521e18de27a3889979058d9de7f857509303dd64e86264cdf78470d90c3e5e39f3dbff9b64aadb,,07/08/2025 03:50:00 PM,30,UNKNOWN,UNKNOWN,RAIN,DAYLIGHT,ANGLE,NOT DIVIDED,,STRAIGHT AND LEVEL,WET,NO DEFECTS,ON SCENE,NO INJURY / DRIVE AWAY,Y,,,"$501 - $1,500",07/08/2025 04:06:00 PM,IMPROPER OVERTAKING/PASSING,WEATHER,9400,S,STONY ISLAND AVE,413,,,,,,,2,NO INDICATION OF INJURY,0,0,0,0,0,2,0,15,3,7,41.7240747838,-87.5853032325,POINT (-87.585303232497 41.724074783765)
15b09aeb98952d910fe7ab6c5aa66a8b067f78f83d9f8d2dc4822776f1794e9bda03fdcf542d4b2122421b17af350c3c48a2085d97d565b3a6024ae979cef83e,,07/08/2025 03:45:00 PM,30,TRAFFIC SIGNAL,FUNCTIONING PROPERLY,CLEAR,DAYLIGHT,TURNING,FOUR WAY,,STRAIGHT AND LEVEL,DRY,NO DEFECTS,NOT ON SCENE (DESK REPORT),NO INJURY / DRIVE AWAY,,,,$500 OR LESS,07/09/2025 03:50:00 PM,IMPROPER LANE USAGE,UNABLE TO DETERMINE,639,W,ROOSEVELT RD,124,,,,,,,2,NO INDICATION OF INJURY,0,0,0,0,0,2,0,15,3,7,41.8670892212,-87.6436798231,POINT (-87.64367982313 41.867089221237)
4b3e431692f492b4ea00ccbe404a0d92eca3dd02f440dec43f6d689c0e7a42235705967db556aaeb114f6507869d27fbb99cbfe71575cccf1183fb48ee121a26,,07/08/2025 03:45:00 PM,30,NO CONTROLS,NO CONTROLS,UNKNOWN,UNKNOWN,REAR END,DIVIDED - W/MEDIAN (NOT RAISED),,STRAIGHT AND LEVEL,UNKNOWN,UNKNOWN,NOT ON SCENE (DESK REPORT),NO INJURY / DRIVE AWAY,,,,$500 OR LESS,07/08/2025 05:00:00 PM,UNABLE TO DETERMINE,UNABLE TO DETERMINE,112,S,STATE ST,112,,,,,,,2,NO INDICATION OF INJURY,0,0,0,0,0,2,0,15,3,7,41.8803582962,-87.6278768313,POINT (-87.627876831346 41.880358296181)