CRASH_RECORD_ID,CRASH_DATE_EST_I,CRASH_DATE,POSTED_SPEED_LIMIT,TRAFFIC_CONTROL_DEVICE,DEVICE_CONDITION,WEATHER_CONDITION,LIGHTING_CONDITION,FIRST_CRASH_TYPE,TRAFFICWAY_TYPE,LANE_CNT,ALIGNMENT,ROADWAY_SURFACE_COND,ROAD_DEFECT,REPORT_TYPE,CRASH_TYPE,INTERSECTION_RELATED_I,NOT_RIGHT_OF_WAY_I,HIT_AND_RUN_I,DAMAGE,DATE_POLICE_NOTIFIED,PRIM_CONTRIBUTORY_CAUSE,SEC_CONTRIBUTORY_CAUSE,STREET_NO,STREET_DIRECTION,STREET_NAME,BEAT_OF_OCCURRENCE,PHOTOS_TAKEN_I,STATEMENTS_TAKEN_I,DOORING_I,WORK_ZONE_I,WORK_ZONE_TYPE,WORKERS_PRESENT_I,NUM_UNITS,MOST_SEVERE_INJURY,INJURIES_TOTAL,INJURIES_FATAL,INJURIES_INCAPACITATING,INJURIES_NON_INCAPACITATING,INJURIES_REPORTED_NOT_EVIDENT,INJURIES_NO_INDICATION,INJURIES_UNKNOWN,CRASH_HOUR,CRASH_DAY_OF_WEEK,CRASH_MONTH,LATITUDE,LONGITUDE,LOCATION
0691269cc3821f3ba10a26b682225e0a7108dcf69ca14a75aa856cefe9eaf821fb5164d6699127d9f630a15ca13137369fb0b4eef6a635b8549569724dbf5d75,,07/08/2025 03:40:00 PM,25,UNKNOWN,UNKNOWN,CLEAR,DAYLIGHT,REAR END,DIVIDED - W/MEDIAN (NOT RAISED),,STRAIGHT AND LEVEL,DRY,NO DEFECTS,NOT ON SCENE (DESK REPORT),NO INJURY / DRIVE AWAY,,,,"OVER $1,500",07/09/2025 11:25:00 AM,UNABLE TO DETERMINE,UNABLE TO DETERMINE,3026,W,IRVING PARK RD,1724,,,,,,,3,NO INDICATION OF INJURY,0,0,0,0,0,3,0,15,3,7,41.9540526333,-87.7042927642,POINT (-87.704292764235 41.954052633337)
b58b8acb95f667d2a95e265dbd1881d333de4abe0500cde8b20d775815fc427a5c4dc5ce377e529ddf261c7a1cf25965a2f675c3d873c794cb778294db8d3f0b,,07/08/2025 03:40:00 PM,30,NO CONTROLS,NO CONTROLS,RAIN,DAYLIGHT,PARKED MOTOR VEHICLE,ONE-WAY,,STRAIGHT AND LEVEL,WET,NO DEFECTS,ON SCENE,NO INJURY / DRIVE AWAY,,,,$500 OR LESS,07/08/2025 03:41:00 PM,UNABLE TO DETERMINE,UNABLE TO DETERMINE,4841,N,BERNARD ST,1712,,,,,,,2,NO INDICATION OF INJURY,0,0,0,0,0,1,0,15,3,7,41.9696124835,-87.7144755797,POINT (-87.714475579723 41.969612483462)
ce5f3e9754322da57f9be8e97db142d5090483c3cddeedc1c2fb23099741d387090951f57caae306d13a888adb1b693626cc832deb0c97f5315e7a1658d76ba1,,07/08/2025 03:35:00 PM,30,NO CONTROLS,NO CONTROLS,CLEAR,DAYLIGHT,SIDESWIPE OPPOSITE DIRECTION,NOT DIVIDED,,STRAIGHT AND LEVEL,UNKNOWN,UNKNOWN,NOT ON SCENE (DESK REPORT),NO INJURY / DRIVE AWAY,,,Y,"OVER $1,500",07/08/2025 05:55:00 PM,DRIVING SKILLS/KNOWLEDGE/EXPERIENCE,NOT APPLICABLE,1601,E,56TH ST,331,,,,,,,2,NO INDICATION OF INJURY,0,0,0,0,0,2,0,15,3,7,41.7932842161,-87.586531638,POINT (-87.586531638045 41.793284216128)
d1f9a4753a633e66d2de8bfbe671523c9a68412449f10b8eedda74bc7da60381654134bf4eb78ba0d77a2a9c3ae6bdea9c17aff32fb022d1dc7b85ba4642365b,,07/08/2025 03:34:00 PM,30,STOP SIGN/FLASHER,NO CONTROLS,CLEAR,DAYLIGHT,HEAD ON,NOT DIVIDED,,STRAIGHT AND LEVEL,DRY,NO DEFECTS,ON SCENE,INJURY AND / OR TOW DUE TO CRASH,,,Y,"$501 - $1,500",07/08/2025 03:37:00 PM,IMPROPER LANE USAGE,IMPROPER LANE USAGE,3542,W,FIFTH AVE,1133,,,,,,,2,NONINCAPACITATING INJURY,1,0,0,1,0,1,0,15,3,7,41.8760889905,-87.7146719057,POINT (-87.714671905725 41.876088990491)
1001df73451b854ab686a4b265ed13b9d7a77d21b51aa6f0a88ffdf9a7786f6a6e6ca18fb6325c1c1f2249004d1370b22e99bb06f868cdda3c8396ebb5a0cba6,,07/08/2025 03:30:00 PM,30,NO CONTROLS,NO CONTROLS,UNKNOWN,UNKNOWN,TURNING,NOT DIVIDED,,STRAIGHT ON GRADE,UNKNOWN,UNKNOWN,NOT ON SCENE (DESK REPORT),NO INJURY / DRIVE AWAY,,,,"$501 - $1,500",07/08/2025 04:05:00 PM,IMPROPER TURNING/NO SIGNAL,IMPROPER LANE USAGE,10321,S,COMMERCIAL AVE,431,,,,,,,2,NO INDICATION OF INJURY,0,0,0,0,0,3,0,15,3,7,41.7075560389,-87.5533758954,POINT (-87.553375895432 41.70755603894)
29b27e5c2065e8feda52fce1e9f810a707c0f8bc71710f3bfd6b3ede4aeeccaf07f2432981c64737f3a46e8d093e2bcc07d7e78ec7793d85ee774916694c8a27,,07/08/2025 03:30:00 PM,30,TRAFFIC SIGNAL,FUNCTIONING PROPERLY,CLEAR,DAYLIGHT,TURNING,NOT DIVIDED,,STRAIGHT AND LEVEL,DRY,NO DEFECTS,NOT ON SCENE (DESK REPORT),NO INJURY / DRIVE AWAY,,,,"OVER $1,500",07/08/2025 06:00:00 PM,IMPROPER TURNING/NO SIGNAL,NOT APPLICABLE,5200,S,CICERO AVE,814,,,,,,,2,NO INDICATION OF INJURY,0,0,0,0,0,2,0,15,3,7,41.7985582782,-87.7430718662,POINT (-87.743071866164 41.798558278193)
91ca793a3fbf43e424851ae8cadf379fb4a99b0a80bd9aeba5068f477bf1e1728bcb2db663bfdceffe534c1d6e919631fce10d45b8a97f5e1a2b5b7913466109,,07/08/2025 03:30:00 PM,30,NO CONTROLS,NO CONTROLS,RAIN,DAYLIGHT,SIDESWIPE SAME DIRECTION,NOT DIVIDED,,STRAIGHT AND LEVEL,WET,NO DEFECTS,NOT ON SCENE (DESK REPORT),NO INJURY / DRIVE AWAY,,,Y,"$501 - $1,500",07/09/2025 09:45:00 AM,UNABLE TO DETERMINE,UNABLE TO DETERMINE,121,S,LA SALLE ST,122,,,,,,,2,NO INDICATION OF INJURY,0,0,0,0,0,2,0,15,3,7,41.880079905,-87.6321641885,POINT (-87.632164188537 41.880079904978)
f9dd997b3a304bf2a2b012fc327c75730f6b4a3692370e4b6a92f121ffeb833644e3265ed7b8a0a98328d4b254a2a6adfb79a2cf1d7f11097a8b1885fca6789b,,07/08/2025 03:30:00 PM,30,NO CONTROLS,NO CONTROLS,CLEAR,DAYLIGHT,REAR END,DIVIDED - W/MEDIAN (NOT RAISED),,STRAIGHT AND LEVEL,DRY,NO DEFECTS,NOT ON SCENE (DESK REPORT),NO INJURY / DRIVE AWAY,,,,"OVER $1,500",07/10/2025 11:50:00 AM,FOLLOWING TOO CLOSELY,FOLLOWING TOO CLOSELY,4900,S,PULASKI RD,815,,,,,,,2,NO INDICATION OF INJURY,0,0,0,0,0,2,0,15,3,7,41.8041103589,-87.7236234138,POINT (-87.723623413779 41.804110358929)
25ce94110cb4f89ffd9510ddb730afcb9f6a21fdc10e469f25ac3d02839c2b20303870c17850a264b1353f42e64bf635cd3c3c71aea3cc075f492dec0f57c9f1,,07/08/2025 03:27:00 PM,30,TRAFFIC SIGNAL,FUNCTIONING PROPERLY,RAIN,DAYLIGHT,REAR END,TRAFFIC ROUTE,,STRAIGHT AND LEVEL,WET,NO DEFECTS,ON SCENE,NO INJURY / DRIVE AWAY,,,,"OVER $1,500",07/08/2025 03:27:00 PM,FOLLOWING TOO CLOSELY,NOT APPLICABLE,130,N,LARAMIE AVE,1523,,,,,,,2,NO INDICATION OF INJURY,0,0,0,0,0,3,0,15,3,7,41.8833021029,-87.7553182991,POINT (-87.755318299129 41.88330210285)
2cd7c34520a840bf33616436a7aa4891770eecb5986332404d1e91d0613e6cc4213dd04758bf46554e23178ff63197c9041c8f71288bcadeffa76b6475d2c2e9,,07/08/2025 03:26:00 PM,30,NO CONTROLS,NO CONTROLS,CLOUDY/OVERCAST,DAYLIGHT,ANGLE,FOUR WAY,,STRAIGHT AND LEVEL,UNKNOWN,UNKNOWN,ON SCENE,NO INJURY / DRIVE AWAY,Y,,,"OVER $1,500",07/08/2025 03:26:00 PM,FAILING TO YIELD RIGHT-OF-WAY,NOT APPLICABLE,5100,W,CHICAGO AVE,1531,,,,,,,2,NO INDICATION OF INJURY,0,0,0,0,0,2,0,15,3,7,41.8950677198,-87.7532091034,POINT (-87.753209103366 41.895067719769)
cd8d1ea8835f79fd6015516b44be46a24eb06dbf5c138c6a8a2a768ebffc146d1962ab693daa495d33762f7fde24b7efbcc88261f374fd1e773b4370311cff17,,07/08/2025 03:24:00 PM,30,TRAFFIC SIGNAL,FUNCTIONING PROPERLY,CLEAR,DAYLIGHT,TURNING,FOUR WAY,,STRAIGHT AND LEVEL,DRY,UNKNOWN,NOT ON SCENE (DESK REPORT),NO INJURY / DRIVE AWAY,Y,,,"OVER $1,500",07/08/2025 04:06:00 PM,UNABLE TO DETERMINE,NOT APPLICABLE,7199,W,DIVERSEY AVE,2512,,,,,,,2,NO INDICATION OF INJURY,0,0,0,0,0,2,0,15,3,7,41.9306998914,-87.8064561309,POINT (-87.806456130888 41.930699891448)
764aeca587f901c383d4a9bad347a5f7da9079c3f696ae8fd6c402cf5ddb518246c4b91f9a62538a53edf8fac99e9b0d72c088bcfd43a510fce87c1d71be5260,,07/08/2025 03:15:00 PM,30,STOP SIGN/FLASHER,FUNCTIONING PROPERLY,CLEAR,DAYLIGHT,ANGLE,NOT DIVIDED,,STRAIGHT AND LEVEL,DRY,NO DEFECTS,ON SCENE,INJURY AND / OR TOW DUE TO CRASH,Y,,,"OVER $1,500",07/08/2025 03:16:00 PM,FAILING TO YIELD RIGHT-OF-WAY,UNABLE TO DETERMINE,5044,S,KARLOV AVE,815,,,,,,,2,NONINCAPACITATING INJURY,1,0,0,1,0,1,0,15,3,7,41.8011163216,-87.7259838416,POINT (-87.72598384164 41.801116321639)
ec38f67435dd7a225476dcc3f5730e778a86b6f0bae2aa355948dd7b990919a1fa769a327e172e7595ec3aed5afcb6de702660370f31f4ad2652c18c34c1feec,,07/08/2025 03:15:00 PM,35,TRAFFIC SIGNAL,UNKNOWN,UNKNOWN,UNKNOWN,REAR END,DIVIDED - W/MEDIAN (NOT RAISED),,STRAIGHT AND LEVEL,UNKNOWN,UNKNOWN,NOT ON SCENE (DESK REPORT),NO INJURY / DRIVE AWAY,,,,"OVER $1,500",07/09/2025 10:00:00 AM,FOLLOWING TOO CLOSELY,UNABLE TO DETERMINE,10000,W,OHARE ST,1651,,,,,,,2,NO INDICATION OF INJURY,0,0,0,0,0,2,0,15,3,7,41.976201139,-87.9053091251,POINT (-87.905309125103 41.976201139024)
cf8512deb8b01fffaf291f636ef5933732fc2d779b55dc1caa8b55f4af309ec54b9029afa14b8f2d61985bee552802d1815db410836544a595ef28cf5fedb821,,07/08/2025 03:14:00 PM,30,NO CONTROLS,NO CONTROLS,CLEAR,DAYLIGHT,TURNING,NOT DIVIDED,,STRAIGHT AND LEVEL,UNKNOWN,UNKNOWN,NOT ON SCENE (DESK REPORT),NO INJURY / DRIVE AWAY,,,,"OVER $1,500",07/08/2025 04:08:00 PM,IMPROPER OVERTAKING/PASSING,UNABLE TO DETERMINE,10323,S,COMMERCIAL AVE,431,,,,,,,2,NO INDICATION OF INJURY,0,0,0,0,0,2,0,15,3,7,41.7075069068,-87.5534150524,POINT (-87.553415052403 41.707506906805)
ef3c31f39c9688294b9a75e22d21f4951d2c168bb30dfa25bc6c765a82fe7d8f741f6c0191506010026def2d11823d17a3dfcaf71507a4eff60dcd8a88f5ed59,,07/08/2025 03:10:00 PM,30,TRAFFIC SIGNAL,FUNCTIONING PROPERLY,CLEAR,DUSK,REAR END,FOUR WAY,,STRAIGHT AND LEVEL,UNKNOWN,UNKNOWN,NOT ON SCENE (DESK REPORT),INJURY AND / OR TOW DUE TO CRASH,Y,,,"OVER $1,500",07/09/2025 08:15:00 PM,FAILING TO REDUCE SPEED TO AVOID CRASH,NOT APPLICABLE,6300,S,DR MARTIN LUTHER KING JR DR,312,,,,,,,2,"REPORTED, NOT EVIDENT",1,0,0,0,1,2,0,15,3,7,41.7802113218,-87.6157682918,POINT (-87.615768291828 41.780211321839)
98667548b97944f30615170d507d61c28592e32aef9c1a60764164d1e263984481e532537fcfe2657265897a8a0ac1b54ccc5ef456ae3695e4455fb6ae28183b,,07/08/2025 03:04:00 PM,30,TRAFFIC SIGNAL,FUNCTIONING PROPERLY,CLEAR,DAYLIGHT,PEDESTRIAN,NOT DIVIDED,,STRAIGHT AND LEVEL,DRY,NO DEFECTS,ON SCENE,INJURY AND / OR TOW DUE TO CRASH,,,,$500 OR LESS,07/08/2025 03:10:00 PM,UNABLE TO DETERMINE,NOT APPLICABLE,1915,S,CENTRAL PARK AVE,1024,,,,,,,2,"REPORTED, NOT EVIDENT",1,0,0,0,1,1,0,15,3,7,41.8539207636,-87.7149183816,POINT (-87.714918381634 41.853920763627)
11ab0d2bf5baba47fad5daceb43a84115b31700d6b40672010e18a7e65bee1676b3dda790c608738b079c931aae8fb1c7e3d6ad95d6b8b6fc0faff2e15ce488b,,07/08/2025 03:03:00 PM,30,NO CONTROLS,NO CONTROLS,CLEAR,DAYLIGHT,PEDALCYCLIST,NOT DIVIDED,,STRAIGHT AND LEVEL,DRY,NO DEFECTS,ON SCENE,INJURY AND / OR TOW DUE TO CRASH,,,,"$501 - $1,500",07/08/2025 03:46:00 PM,FOLLOWING TOO CLOSELY,NOT APPLICABLE,5702,S,DR MARTIN LUTHER KING JR DR,232,,,,,,,2,NONINCAPACITATING INJURY,1,0,0,1,0,1,0,15,3,7,41.7910229199,-87.6160333245,POINT (-87.616033324467 41.791022919879)
1eabb18dc2ebf26cad96c8a53ab5b7e0dc6941ccf4aa3cee5ce6eb8aa17392150d5f9a6455e081e36b516d77fbff85fa78b60887f611c21a6622f368633390b0,,07/08/2025 03:00:00 PM,30,TRAFFIC SIGNAL,FUNCTIONING PROPERLY,CLEAR,DAYLIGHT,REAR END,FOUR WAY,,STRAIGHT AND LEVEL,DRY,UNKNOWN,NOT ON SCENE (DESK REPORT),INJURY AND / OR TOW DUE TO CRASH,Y,,Y,"OVER $1,500",07/08/2025 07:38:00 PM,UNABLE TO DETERMINE,NOT APPLICABLE,804,N,OGDEN AVE,1213,,,,,,,2,NONINCAPACITATING INJURY,1,0,0,1,0,1,0,15,3,7,41.896508162,-87.65458548,POINT (-87.654585479969 41.896508162005)
a990db6df733c15f64a40ca3d6edca18af82aea67b915315e7869a556514470b0997aaa147a47cd5487d83e8bc04ffcf75b75809a4788b260f03d77ed0ed7dbc,,07/08/2025 03:00:00 PM,30,TRAFFIC SIGNAL,FUNCTIONING PROPERLY,CLEAR,DAYLIGHT,PEDALCYCLIST,DIVIDED - W/MEDIAN (NOT RAISED),,STRAIGHT AND LEVEL,DRY,NO DEFECTS,ON SCENE,INJURY AND / OR TOW DUE TO CRASH,Y,,,"OVER $1,500",07/08/2025 03:08:00 PM,FAILING TO REDUCE SPEED TO AVOID CRASH,FAILING TO YIELD RIGHT-OF-WAY,2600,N,ELSTON AVE,1432,,,,,,,2,NONINCAPACITATING INJURY,1,0,0,1,0,3,0,15,3,7,41.9288768898,-87.683230136,POINT (-87.683230135986 41.928876889797)
fb6b50205fa397aac75bd09389e3d77887017588f7de5dbb4303980fdc91e217c24f2326435905a9ff42f8c3094a26967ae1b7599713e888263c42175e62542c,,07/08/2025 03:00:00 PM,20,STOP SIGN/FLASHER,FUNCTIONING PROPERLY,CLEAR,DAYLIGHT,TURNING,FOUR WAY,,STRAIGHT AND LEVEL,DRY,NO DEFECTS,NOT ON SCENE (DESK REPORT),NO INJURY / DRIVE AWAY,Y,,,"OVER $1,500",07/08/2025 03:25:00 PM,FAILING TO YIELD RIGHT-OF-WAY,FAILING TO REDUCE SPEED TO AVOID CRASH,3659,N,NEVA AVE,1632,,,,,,,2,NO INDICATION OF INJURY,0,0,0,0,0,2,0,15,3,7,41.9470154562,-87.8056961653,POINT (-87.805696165323 41.947015456244)
4967d57795853644abdc2faa6c942d03f0e5318ef0bc1b9b739a0fae539a324fff97be5d06026a1a60c7daad7c4aa5ae3e62225e852e7edd691a0aadf5327416,,07/08/2025 02:50:00 PM,25,TRAFFIC SIGNAL,UNKNOWN,CLEAR,DAYLIGHT,REAR END,FOUR WAY,,STRAIGHT AND LEVEL,DRY,NO DEFECTS,,NO INJURY / DRIVE AWAY,Y,,,$500 OR LESS,07/08/2025 03:30:00 PM,FAILING TO YIELD RIGHT-OF-WAY,FOLLOWING TOO CLOSELY,4809,W,LAKE ST,1532,,,,,,,2,NO INDICATION OF INJURY,0,0,0,0,0,2,0,14,3,7,41.8865479316,-87.7459369929,POINT (-87.745936992871 41.886547931607)
a0fd7f6edc494db0e526d2a32826ff8fb4765d3a015bd97e40c57eee31241cc3f6d610941ead41d41dbc97747a6c0342240846ed841d4871fe98cd2286ff97cd,,07/08/2025 02:50:00 PM,25,NO CONTROLS,NO CONTROLS,RAIN,DUSK,REAR END,DIVIDED - W/MEDIAN (NOT RAISED),,STRAIGHT AND LEVEL,WET,UNKNOWN,ON SCENE,INJURY AND / OR TOW DUE TO CRASH,,,,"$501 - $1,500",07/08/2025 02:59:00 PM,WEATHER,FOLLOWING TOO CLOSELY,3805,N,ASHLAND AVE,1922,,,,,,,2,NONINCAPACITATING INJURY,1,0,0,1,0,2,0,14,3,7,41.9508464412,-87.6688178456,POINT (-87.668817845551 41.950846441194)
139a47d4e3c4bdd718a384cbf4fd268a0fcccc4c65613f36664ca60f5021cffda74c201b42ce1a8839ccea72f15b37cc5616918de3d4b78d9dce273f5720df69,,07/08/2025 02:45:00 PM,30,NO CONTROLS,NO CONTROLS,CLEAR,DAYLIGHT,SIDESWIPE SAME DIRECTION,DIVIDED - W/MEDIAN (NOT RAISED),,STRAIGHT AND LEVEL,UNKNOWN,UNKNOWN,NOT ON SCENE (DESK REPORT),NO INJURY / DRIVE AWAY,,,,"OVER $1,500",07/08/2025 04:20:00 PM,FAILING TO YIELD RIGHT-OF-WAY,FAILING TO REDUCE SPEED TO AVOID CRASH,41,E,OAK ST,1833,,,,,,,2,NO INDICATION OF INJURY,0,0,0,0,0,2,0,14,3,7,41.9006610826,-87.6268260908,POINT (-87.62682609078 41.900661082571)
26430d6b2a85e52ecae1e60d17a9c60fd7ec13cec728fbd7740bfa6f8ead68a8ac4ea4c9bf42dd11bb3d5001f03f3e75494fd5a109c342d02e13d193c533fecc,,07/08/2025 02:45:00 PM,30,TRAFFIC SIGNAL,FUNCTIONING PROPERLY,CLEAR,DAYLIGHT,REAR END,DIVIDED - W/MEDIAN (NOT RAISED),,STRAIGHT AND LEVEL,DRY,NO DEFECTS,NOT ON SCENE (DESK REPORT),NO INJURY / DRIVE AWAY,Y,,,$500 OR LESS,07/08/2025 04:15:00 PM,FAILING TO REDUCE SPEED TO AVOID CRASH,FAILING TO REDUCE SPEED TO AVOID CRASH,3220,W,COLUMBUS AVE,835,,,,,,,2,NO INDICATION OF INJURY,0,0,0,0,0,2,0,14,3,7,41.7501532252,-87.703191517,POINT (-87.703191517038 41.750153225207)
e55881aea86f35d7aa84b8143d335bf029bfd81d7f059caa2231cfbda780cf3a04c94449ac186f2b9d361716b3d3af77eb775b0b853a89af79ea253da310bd6a,,07/08/2025 02:45:00 PM,30,TRAFFIC SIGNAL,FUNCTIONING PROPERLY,CLEAR,DAYLIGHT,SIDESWIPE OPPOSITE DIRECTION,"FIVE POINT, OR MORE",,STRAIGHT AND LEVEL,DRY,NO DEFECTS,ON SCENE,NO INJURY / DRIVE AWAY,Y,,,"OVER $1,500",07/08/2025 02:55:00 PM,FAILING TO YIELD RIGHT-OF-WAY,FAILING TO YIELD RIGHT-OF-WAY,600,W,127TH ST,523,,,,,,,2,NO INDICATION OF INJURY,0,0,0,0,0,2,0,14,3,7,41.6633688143,-87.6366675255,POINT (-87.636667525519 41.663368814348)
85c97553c86761cbb5f7ee6634f7c1f229c9a15330e5f82433f8381e99f1df774956f7c8c43680efc4a6b78e7aebf6bfff90ab32e34faa7fc1384da0d8b80e05,,07/08/2025 02:40:00 PM,30,UNKNOWN,UNKNOWN,UNKNOWN,DAYLIGHT,SIDESWIPE SAME DIRECTION,DIVIDED - W/MEDIAN (NOT RAISED),,STRAIGHT AND LEVEL,UNKNOWN,UNKNOWN,NOT ON SCENE (DESK REPORT),NO INJURY / DRIVE AWAY,,,,"$501 - $1,500",07/08/2025 03:30:00 PM,UNABLE TO DETERMINE,NOT APPLICABLE,3030,N,BROADWAY,1934,,,,,,,2,NO INDICATION OF INJURY,0,0,0,0,0,2,0,14,3,7,41.9373384373,-87.6444564715,POINT (-87.644456471505 41.937338437309)
651e0f0552dd1eabe36217bee997b1fb4c78e736d79f4235e25f988cd079828cc9e133da43516ea9efcb7864284cca4fab989abd25d0773f63a9b311ac6e4f89,,07/08/2025 02:35:00 PM,30,NO CONTROLS,NO CONTROLS,UNKNOWN,DAYLIGHT,SIDESWIPE SAME DIRECTION,DIVIDED - W/MEDIAN (NOT RAISED),,STRAIGHT AND LEVEL,UNKNOWN,UNKNOWN,NOT ON SCENE (DESK REPORT),NO INJURY / DRIVE AWAY,,,,"OVER $1,500",07/08/2025 03:50:00 PM,IMPROPER OVERTAKING/PASSING,FAILING TO REDUCE SPEED TO AVOID CRASH,418,N,MILWAUKEE AVE,1214,,,,,,,2,NO INDICATION OF INJURY,0,0,0,0,0,2,0,14,3,7,41.8893958161,-87.6450345797,POINT (-87.645034579735 41.889395816078)
12fe4ce8625011d7633ec6a065aa5cfd33263dee865893d985cf3de84a313d64665d63cbd21dce79e03dcfb92abcdcf5481c2df132c9bd87768de7e43100b631,,07/08/2025 02:32:00 PM,25,NO CONTROLS,NO CONTROLS,CLEAR,DAYLIGHT,SIDESWIPE SAME DIRECTION,NOT DIVIDED,,STRAIGHT AND LEVEL,DRY,NO DEFECTS,ON SCENE,NO INJURY / DRIVE AWAY,,,,"OVER $1,500",07/08/2025 02:32:00 PM,UNABLE TO DETERMINE,UNABLE TO DETERMINE,2751,N,CICERO AVE,2521,,,,,,,2,NO INDICATION OF INJURY,0,0,0,0,0,2,0,14,3,7,41.9312407752,-87.7464361704,POINT (-87.746436170401 41.931240775216)
1d0ba3f9b38447407b872799dd6019c99d9bc9898cb12c1b51cd622783a9ea663af09350fddf4336c6b1a3d722441a6217481bec852ec5b19008a9422b010d6a,,07/08/2025 02:30:00 PM,30,NO CONTROLS,NO CONTROLS,CLEAR,DAYLIGHT,REAR END,DIVIDED - W/MEDIAN (NOT RAISED),,STRAIGHT AND LEVEL,DRY,UNKNOWN,NOT ON SCENE (DESK REPORT),INJURY AND / OR TOW DUE TO CRASH,,,,"OVER $1,500",07/08/2025 05:50:00 PM,FOLLOWING TOO CLOSELY,NOT APPLICABLE,3053,W,GRAND AVE,1211,,,,,,,2,"REPORTED, NOT EVIDENT",1,0,0,0,1,1,0,14,3,7,41.8968584868,-87.7033057526,POINT (-87.703305752632 41.896858486802)
44a04721308822ed512ca306d94cfdcf24e81563c0a3e916ff2f9a30c22855423705ca43f720fbe30ec604af8a6881ab79ecacb49eed0e181d22d58c50bfa48e,,07/08/2025 02:30:00 PM,30,NO CONTROLS,NO CONTROLS,CLEAR,DAYLIGHT,ANGLE,NOT DIVIDED,,STRAIGHT AND LEVEL,DRY,UNKNOWN,NOT ON SCENE (DESK REPORT),NO INJURY / DRIVE AWAY,,,,"$501 - $1,500",07/08/2025 04:20:00 PM,"VISION OBSCURED (SIGNS, TREE LIMBS, BUILDINGS, ETC.)",UNABLE TO DETERMINE,1615,W,53RD ST,932,,,,,,,2,NO INDICATION OF INJURY,0,0,0,0,0,3,0,14,3,7,41.7975566207,-87.6653768781,POINT (-87.665376878059 41.797556620656)
85be4d63adec10726ceeb7963d3c0f984bcfc6306fe315df34d5e1a30abac9d963cd53a06d39ea0d3154b3e38a9e0023fa109104c702fa2d3691b9b147d657ed,,07/08/2025 02:30:00 PM,10,NO CONTROLS,NO CONTROLS,CLEAR,DAYLIGHT,REAR TO REAR,PARKING LOT,,STRAIGHT AND LEVEL,DRY,NO DEFECTS,ON SCENE,NO INJURY / DRIVE AWAY,,Y,,"OVER $1,500",07/08/2025 02:30:00 PM,IMPROPER BACKING,NOT APPLICABLE,3033,S,HALSTED ST,914,,,,,,,2,NO INDICATION OF INJURY,0,0,0,0,0,2,0,14,3,7,41.8388723304,-87.6461509665,POINT (-87.646150966469 41.838872330415)
e708c2dafb1f2a484547eb9702866bc47803cc86242a98cfad182e880008eab121ed1dacf480df8b824003cffdf8d8046c0b88566113acce27328e3686b59ef7,Y,07/08/2025 02:30:00 PM,10,NO CONTROLS,NO CONTROLS,CLEAR,DAYLIGHT,PARKED MOTOR VEHICLE,PARKING LOT,,STRAIGHT AND LEVEL,DRY,NO DEFECTS,NOT ON SCENE (DESK REPORT),NO INJURY / DRIVE AWAY,,,Y,"OVER $1,500",07/15/2025 02:50:00 PM,IMPROPER BACKING,NOT APPLICABLE,1900,N,AUSTIN AVE,2513,,,,,,,2,NO INDICATION OF INJURY,0,0,0,0,0,1,0,14,3,7,41.9148204267,-87.7755596697,POINT (-87.775559669684 41.914820426706)
f95466c5b42c5021cdad2227b521903ab084ead01dda1746ebae3371d4edfb000027c42cc67d661c95b9fb65f628aea5b23dbc8bc3545a35419cbae4f25d0937,,07/08/2025 02:30:00 PM,30,NO CONTROLS,NO CONTROLS,CLEAR,DAYLIGHT,REAR TO FRONT,PARKING LOT,,STRAIGHT AND LEVEL,DRY,NO DEFECTS,NOT ON SCENE (DESK REPORT),NO INJURY / DRIVE AWAY,,N,,$500 OR LESS,07/08/2025 11:10:00 PM,FAILING TO REDUCE SPEED TO AVOID CRASH,FAILING TO REDUCE SPEED TO AVOID CRASH,3033,S,HALSTED ST,914,,,,,,,2,NO INDICATION OF INJURY,0,0,0,0,0,2,0,14,3,7,41.8388723304,-87.6461509665,POINT (-87.646150966469 41.838872330415)
51164a3e5dd36da803d45c297f013527cb725eb6f84964f447a0f1f55d1cb6b34d5aadf28a6c196843403812d9c943cff58721ce6f4f13d14dfe034876c89b6b,,07/08/2025 02:25:00 PM,30,NO CONTROLS,NO CONTROLS,CLEAR,DAYLIGHT,PARKED MOTOR VEHICLE,NOT DIVIDED,,STRAIGHT AND LEVEL,DRY,NO DEFECTS,NOT ON SCENE (DESK REPORT),NO INJURY / DRIVE AWAY,,,Y,"OVER $1,500",07/08/2025 09:10:00 PM,FOLLOWING TOO CLOSELY,FAILING TO REDUCE SPEED TO AVOID CRASH,7012,N,WESTERN AVE,2411,,,,,,,2,NO INDICATION OF INJURY,0,0,0,0,0,1,0,14,3,7,42.0090393941,-87.6903183972,POINT (-87.690318397171 42.009039394054)