CRASH_RECORD_ID,CRASH_DATE_EST_I,CRASH_DATE,POSTED_SPEED_LIMIT,TRAFFIC_CONTROL_DEVICE,DEVICE_CONDITION,WEATHER_CONDITION,LIGHTING_CONDITION,FIRST_CRASH_TYPE,TRAFFICWAY_TYPE,LANE_CNT,ALIGNMENT,ROADWAY_SURFACE_COND,ROAD_DEFECT,REPORT_TYPE,CRASH_TYPE,INTERSECTION_RELATED_I,NOT_RIGHT_OF_WAY_I,HIT_AND_RUN_I,DAMAGE,DATE_POLICE_NOTIFIED,PRIM_CONTRIBUTORY_CAUSE,SEC_CONTRIBUTORY_CAUSE,STREET_NO,STREET_DIRECTION,STREET_NAME,BEAT_OF_OCCURRENCE,PHOTOS_TAKEN_I,STATEMENTS_TAKEN_I,DOORING_I,WORK_ZONE_I,WORK_ZONE_TYPE,WORKERS_PRESENT_I,NUM_UNITS,MOST_SEVERE_INJURY,INJURIES_TOTAL,INJURIES_FATAL,INJURIES_INCAPACITATING,INJURIES_NON_INCAPACITATING,INJURIES_REPORTED_NOT_EVIDENT,INJURIES_NO_INDICATION,INJURIES_UNKNOWN,CRASH_HOUR,CRASH_DAY_OF_WEEK,CRASH_MONTH,LATITUDE,LONGITUDE,LOCATION
b73a9935d7dceaef4fb5c5d4169a470e01fb7cb9738663efcaab2fcc221cc22aa54f70d1875f0b5c1a008e7c4d89096bd205415b9a7a346f6e55be1f441a4d4e,,07/08/2025 02:23:00 PM,30,UNKNOWN,NO CONTROLS,CLEAR,DAYLIGHT,PARKED MOTOR VEHICLE,ONE-WAY,,STRAIGHT AND LEVEL,DRY,UNKNOWN,ON SCENE,NO INJURY / DRIVE AWAY,,,,$500 OR LESS,07/08/2025 02:46:00 PM,IMPROPER BACKING,UNABLE TO DETERMINE,4308,W,CORTEZ ST,1111,,,,,,,2,NO INDICATION OF INJURY,0,0,0,0,0,1,0,14,3,7,41.8999105346,-87.7341804469,POINT (-87.734180446902 41.899910534618)
c1c03890ae0f8dc1e9b36c765459e394db6f073ea13cbb9ae243ebaa138f52e28b8b9ee22765a818cd46318736c072644205943c8da74a286816a53175c65d8e,,07/08/2025 02:15:00 PM,30,NO CONTROLS,NO CONTROLS,CLEAR,DAYLIGHT,ANGLE,OTHER,,STRAIGHT AND LEVEL,DRY,NO DEFECTS,NOT ON SCENE (DESK REPORT),NO INJURY / DRIVE AWAY,,,Y,"$501 - $1,500",07/08/2025 02:50:00 PM,NOT APPLICABLE,NOT APPLICABLE,2932,W,62ND ST,823,,,,,,,2,NO INDICATION OF INJURY,0,0,0,0,0,2,0,14,3,7,41.7809920312,-87.6971615031,POINT (-87.697161503138 41.780992031168)
040b6f4928f145c3eb1a1dac38303d41b361cf8d71289d8dc9ec7986bab05e02bc39f1fecc29dc41bd5d781d6a9fd76e845c1ed0041628182efcc37675399d19,,07/08/2025 02:08:00 PM,30,TRAFFIC SIGNAL,FUNCTIONING PROPERLY,CLEAR,DAYLIGHT,REAR END,NOT DIVIDED,,STRAIGHT AND LEVEL,DRY,NO DEFECTS,NOT ON SCENE (DESK REPORT),NO INJURY / DRIVE AWAY,,,Y,"$501 - $1,500",07/08/2025 02:49:00 PM,FOLLOWING TOO CLOSELY,NOT APPLICABLE,2349,W,68TH ST,832,,,,,,,2,NO INDICATION OF INJURY,0,0,0,0,0,3,0,14,3,7,41.770041913,-87.68286868,POINT (-87.682868679951 41.770041913004)
dc3901e7ad69c838119c59fdc409acb28f281d2b150cfcd31b811c975ce244bb8c78009c05c2b02b470191ef181d3ec3034d6ae26c93ca6ed3803cd8ed055a0b,,07/08/2025 02:06:00 PM,30,NO CONTROLS,NO CONTROLS,CLEAR,DAYLIGHT,PARKED MOTOR VEHICLE,NOT DIVIDED,,STRAIGHT AND LEVEL,DRY,NO DEFECTS,NOT ON SCENE (DESK REPORT),NO INJURY / DRIVE AWAY,,,,"$501 - $1,500",07/08/2025 06:10:00 PM,UNABLE TO DETERMINE,UNABLE TO DETERMINE,3356,S,WESTERN AVE,911,,,,,,,2,NO INDICATION OF INJURY,0,0,0,0,0,1,0,14,3,7,41.8321388364,-87.6852231359,POINT (-87.68522313594 41.832138836415)
31abdaa061e98a8e2c6af59841a649413cf83ed4504a3944f783ee1b5609beec5b23da2cddfc75cc4a48dd4c613ba0cb78b4a5c23778657f2066e76cc73fd7af,,07/08/2025 02:00:00 PM,20,NO CONTROLS,NO CONTROLS,CLEAR,DAYLIGHT,PARKED MOTOR VEHICLE,PARKING LOT,,STRAIGHT AND LEVEL,DRY,NO DEFECTS,ON SCENE,NO INJURY / DRIVE AWAY,,,Y,"$501 - $1,500",07/13/2025 03:00:00 PM,UNABLE TO DETERMINE,NOT APPLICABLE,515,W,OHARE ST,1654,,,,,,,2,NO INDICATION OF INJURY,0,0,0,0,0,1,0,14,3,7,,,
407afd6c90e8695bfcaeee45ed36f1da81f3447e9ce783bbae0443eef66e15c1eaa33bd7021477e6f614d50823b910289f2050ca15be3b409e2d2a1c5e6dbc15,,07/08/2025 02:00:00 PM,20,STOP SIGN/FLASHER,FUNCTIONING PROPERLY,CLEAR,DAYLIGHT,PARKED MOTOR VEHICLE,NOT DIVIDED,,STRAIGHT AND LEVEL,DRY,NO DEFECTS,NOT ON SCENE (DESK REPORT),NO INJURY / DRIVE AWAY,Y,,,"OVER $1,500",07/09/2025 12:25:00 PM,UNABLE TO DETERMINE,UNABLE TO DETERMINE,4200,W,53RD ST,815,,,,,,,2,NO INDICATION OF INJURY,0,0,0,0,0,1,0,14,3,7,41.7969399672,-87.7282314533,POINT (-87.728231453302 41.796939967163)
50d1b474606c913c348f36b5b9371a0147e5d63ab30a0ce5fb7f6a5029cae828ecc07cd262203a2f0cdc3d991805c7bca9eefd61ac5ea0f4a3d15db6a4114a97,,07/08/2025 02:00:00 PM,30,NO CONTROLS,NO CONTROLS,CLEAR,DAYLIGHT,REAR END,DIVIDED - W/MEDIAN (NOT RAISED),,STRAIGHT AND LEVEL,UNKNOWN,UNKNOWN,NOT ON SCENE (DESK REPORT),NO INJURY / DRIVE AWAY,,,,"OVER $1,500",07/08/2025 02:55:00 PM,FOLLOWING TOO CLOSELY,NOT APPLICABLE,5855,N,SHERIDAN RD,2022,,,,,,,2,NO INDICATION OF INJURY,0,0,0,0,0,2,0,14,3,7,41.9889026315,-87.655202871,POINT (-87.65520287102 41.988902631487)
62b56f0e28ea67d7f4a0e9c6a4900cdfc63c00144e268bc3c994ffb3f7a73792d8984397c60b1158c9c3fa2343ceee8bc4bc60561d6111493143cae2303019bd,,07/08/2025 02:00:00 PM,30,NO CONTROLS,NO CONTROLS,CLEAR,DAYLIGHT,PARKED MOTOR VEHICLE,NOT DIVIDED,,STRAIGHT AND LEVEL,DRY,NO DEFECTS,NOT ON SCENE (DESK REPORT),NO INJURY / DRIVE AWAY,,,,"OVER $1,500",07/09/2025 01:15:00 PM,UNABLE TO DETERMINE,UNABLE TO DETERMINE,1010,W,CARROLL AVE,1214,,,,,,,2,NO INDICATION OF INJURY,0,0,0,0,0,2,0,14,3,7,41.8878665951,-87.6526989635,POINT (-87.652698963464 41.88786659507)
95ca2815cea3f20ce002d41ba474a2bffd6f81070ccc60ce1b8d4cc4858b5fcdf8f0b007b2fde0ae05e476c5831fecca284152676c2f2d07b4a67263a6a7fb28,N,07/08/2025 02:00:00 PM,0,NO CONTROLS,NO CONTROLS,CLEAR,DAYLIGHT,PARKED MOTOR VEHICLE,OTHER,,STRAIGHT AND LEVEL,DRY,UNKNOWN,NOT ON SCENE (DESK REPORT),NO INJURY / DRIVE AWAY,,,Y,"OVER $1,500",07/08/2025 03:20:00 PM,DRIVING SKILLS/KNOWLEDGE/EXPERIENCE,UNABLE TO DETERMINE,1940,W,33RD ST,912,,,,,,,2,NO INDICATION OF INJURY,0,0,0,0,0,1,0,14,3,7,41.8341473875,-87.6745978564,POINT (-87.674597856436 41.834147387528)
a2e16ea7ee011bd04653dcedb2f4caf21686e77a0bff2cff048d12a5958d364f023ec372f4189a50b48c9536072dea1f49e751c7669586537382f96786a4170e,,07/08/2025 02:00:00 PM,30,NO CONTROLS,UNKNOWN,UNKNOWN,UNKNOWN,PEDALCYCLIST,NOT DIVIDED,,STRAIGHT AND LEVEL,UNKNOWN,UNKNOWN,NOT ON SCENE (DESK REPORT),INJURY AND / OR TOW DUE TO CRASH,,,Y,"OVER $1,500",07/08/2025 04:00:00 PM,IMPROPER TURNING/NO SIGNAL,IMPROPER OVERTAKING/PASSING,4661,N,BROADWAY,1914,,,,,,,2,"REPORTED, NOT EVIDENT",1,0,0,0,1,1,0,14,3,7,41.966988776,-87.658325149,POINT (-87.658325149045 41.966988775977)
ed0c5fd931f26ff756ae1cb2716994d4e8a93004333dc8b488dee8637ead0618f7fd09e72f405c41b5718f10f1e17485e9e27ebb4f3af4fb9fcc43fe49a37de5,Y,07/08/2025 02:00:00 PM,30,UNKNOWN,UNKNOWN,CLEAR,DAYLIGHT,SIDESWIPE SAME DIRECTION,DIVIDED - W/MEDIAN (NOT RAISED),,STRAIGHT AND LEVEL,DRY,NO DEFECTS,NOT ON SCENE (DESK REPORT),NO INJURY / DRIVE AWAY,,,,"$501 - $1,500",07/09/2025 02:45:00 PM,FAILING TO YIELD RIGHT-OF-WAY,NOT APPLICABLE,7528,S,STONY ISLAND AVE,411,,Y,,,,,2,NO INDICATION OF INJURY,0,0,0,0,0,2,0,14,3,7,41.7579000536,-87.5862687476,POINT (-87.586268747646 41.757900053552)
8b07124c71908c4b9224c81d5b8a6f1b74e1159267ac4a8206955a314ce3a359725ff7074d08b9720ced910f0ff1b51794c6493dfe3224b55464eef63fbc4b14,,07/08/2025 01:55:00 PM,30,NO CONTROLS,NO CONTROLS,CLEAR,DAYLIGHT,SIDESWIPE SAME DIRECTION,NOT DIVIDED,,STRAIGHT AND LEVEL,DRY,NO DEFECTS,ON SCENE,NO INJURY / DRIVE AWAY,,,,"OVER $1,500",07/08/2025 01:55:00 PM,IMPROPER OVERTAKING/PASSING,FAILING TO YIELD RIGHT-OF-WAY,4531,W,MONTROSE AVE,1722,,,,,,,2,NO INDICATION OF INJURY,0,0,0,0,0,2,0,13,3,7,41.9606755229,-87.7422410004,POINT (-87.742241000381 41.960675522856)
f08cfd8c97f97e84bb3e893b28baee8be0f9da27b4fb9413b9a94b7d717bc6e4a3b2ed4142617958104188437b73b77379e2960779d4264e72c33511d966e974,,07/08/2025 01:45:00 PM,30,NO CONTROLS,UNKNOWN,UNKNOWN,DAYLIGHT,PARKED MOTOR VEHICLE,ONE-WAY,,STRAIGHT AND LEVEL,UNKNOWN,UNKNOWN,NOT ON SCENE (DESK REPORT),NO INJURY / DRIVE AWAY,,,Y,"OVER $1,500",07/08/2025 03:30:00 PM,UNABLE TO DETERMINE,NOT APPLICABLE,705,N,DEARBORN ST,1832,,,,,,,2,NO INDICATION OF INJURY,0,0,0,0,0,1,0,13,3,7,41.8950425157,-87.6295849024,POINT (-87.6295849024 41.895042515696)
3fde5438e8db107dfee024c6938f975f4560b7a7a2f5113c69fa0239734c9ec490e4aed479aeaab572fb1fd95e5ed1dc9525c5e4ba49bed32222bbb8717018ed,,07/08/2025 01:30:00 PM,30,NO CONTROLS,UNKNOWN,CLEAR,DAYLIGHT,PARKED MOTOR VEHICLE,DIVIDED - W/MEDIAN (NOT RAISED),,STRAIGHT AND LEVEL,DRY,UNKNOWN,NOT ON SCENE (DESK REPORT),NO INJURY / DRIVE AWAY,,,,$500 OR LESS,07/09/2025 07:30:00 AM,FAILING TO YIELD RIGHT-OF-WAY,UNABLE TO DETERMINE,830,N,ASHLAND AVE,1213,,,,,,,2,NO INDICATION OF INJURY,0,0,0,0,0,1,0,13,3,7,41.8970161649,-87.6674646428,POINT (-87.667464642801 41.897016164897)
6b43bf5113bdb117de0d9dc27a81b3fdbc906662e083e614b696ce6964959850742325a7a86d1c3960a7ffbc4b11c845de07684e646744495d0fb8ba1b5eef54,,07/08/2025 01:26:00 PM,30,TRAFFIC SIGNAL,FUNCTIONING PROPERLY,CLEAR,DAYLIGHT,PEDESTRIAN,NOT DIVIDED,,STRAIGHT AND LEVEL,DRY,NO DEFECTS,ON SCENE,INJURY AND / OR TOW DUE TO CRASH,Y,,Y,$500 OR LESS,07/08/2025 01:32:00 PM,UNABLE TO DETERMINE,UNABLE TO DETERMINE,3963,W,GRAND AVE,2535,,,,,,,2,INCAPACITATING INJURY,1,0,1,0,0,1,0,13,3,7,41.9059711915,-87.726257589,POINT (-87.726257589002 41.905971191506)
d377ddb191517833dc2ff75ebefa447d04bab3d96d4fb7333eff3ebf0e6e0ff18eef9856af614feaa88d6ba222f15ea5ad95301729c2da53c7d9af7975b2f030,,07/08/2025 01:25:00 PM,15,NO CONTROLS,NO CONTROLS,CLEAR,DAYLIGHT,PARKED MOTOR VEHICLE,PARKING LOT,,STRAIGHT AND LEVEL,DRY,NO DEFECTS,NOT ON SCENE (DESK REPORT),NO INJURY / DRIVE AWAY,,,,"$501 - $1,500",07/08/2025 03:30:00 PM,UNABLE TO DETERMINE,UNABLE TO DETERMINE,4770,S,KEDZIE AVE,821,,,,,,,2,NO INDICATION OF INJURY,0,0,0,0,0,1,0,13,3,7,41.8062406588,-87.70406794,POINT (-87.70406794002 41.806240658754)
8ab8bd0933062ad0433d3812ee25b50f90a816e303a0fe751056f12a5d15af7e0f91196bbdaccd4b879e4a36eca835379d07bdad99e6214d768e9bd42938dee0,,07/08/2025 01:18:00 PM,30,STOP SIGN/FLASHER,FUNCTIONING PROPERLY,CLEAR,DAYLIGHT,ANGLE,DIVIDED - W/MEDIAN (NOT RAISED),,STRAIGHT AND LEVEL,DRY,NO DEFECTS,ON SCENE,INJURY AND / OR TOW DUE TO CRASH,Y,,,"OVER $1,500",07/08/2025 01:22:00 PM,FAILING TO YIELD RIGHT-OF-WAY,DRIVING SKILLS/KNOWLEDGE/EXPERIENCE,5062,S,ARCHER AVE,815,,,,,,,2,"REPORTED, NOT EVIDENT",2,0,0,0,2,1,0,13,3,7,41.8012497861,-87.7270304179,POINT (-87.727030417936 41.801249786122)
0347914611e6356259361b789eef9fe3f3f51a7235286e6ae5fa9935209ee30df5ef27d4d4a7cab59801bb7a281d194015b74934c0917076fa5a478496fac081,,07/08/2025 01:15:00 PM,30,STOP SIGN/FLASHER,FUNCTIONING PROPERLY,CLEAR,DAYLIGHT,REAR TO FRONT,ONE-WAY,,STRAIGHT AND LEVEL,DRY,UNKNOWN,NOT ON SCENE (DESK REPORT),NO INJURY / DRIVE AWAY,,,,"OVER $1,500",07/08/2025 04:00:00 PM,IMPROPER BACKING,UNABLE TO DETERMINE,823,W,WASHINGTON BLVD,1224,,,,,,,2,NO INDICATION OF INJURY,0,0,0,0,0,2,0,13,3,7,41.8830174295,-87.648447336,POINT (-87.648447335972 41.883017429505)
5823f0da83859ad572c3baf4175849018fca4cc5c6213dc0a6b123112631573d4a744cf32b43f8e5f889871b117cc2942182a6b09f39599da22e7e8b0c288285,,07/08/2025 01:15:00 PM,25,NO CONTROLS,NO CONTROLS,CLEAR,DAYLIGHT,REAR END,NOT DIVIDED,,STRAIGHT AND LEVEL,DRY,NO DEFECTS,ON SCENE,NO INJURY / DRIVE AWAY,,,Y,"OVER $1,500",07/08/2025 01:30:00 PM,UNABLE TO DETERMINE,UNABLE TO DETERMINE,4500,N,SIMONDS DR,1914,,,,,,,2,NO INDICATION OF INJURY,0,0,0,0,0,3,0,13,3,7,41.9656492042,-87.6409086919,POINT (-87.640908691934 41.96564920418)
bfb8e6ba240c9e10664c935cd46a1664bb2e19b257bad29b0719b03f5f98ef75ca4d3117debfcd9c5832c1be5c78a1eaa354aa90472b81f8adce804cbf4250ef,,07/08/2025 01:15:00 PM,30,NO CONTROLS,NO CONTROLS,CLEAR,DAYLIGHT,HEAD ON,NOT DIVIDED,,STRAIGHT AND LEVEL,DRY,NO DEFECTS,ON SCENE,INJURY AND / OR TOW DUE TO CRASH,,,,"OVER $1,500",07/08/2025 01:15:00 PM,DRIVING ON WRONG SIDE/WRONG WAY,FAILING TO REDUCE SPEED TO AVOID CRASH,9800,S,DR MARTIN LUTHER KING JR DR,511,,,,,,,3,FATAL,6,1,0,5,0,0,0,13,3,7,41.7163779134,-87.6141477563,POINT (-87.614147756269 41.716377913379)
205a7b4055166692bd3c751d4a44e3cee6843fbdba27130279f7b84d5ddaa6e60d283f3e53ff6c8020e840de4f7acfdf446bae4ff764a1f2a6b159f458683231,,07/08/2025 01:10:00 PM,20,NO CONTROLS,NO CONTROLS,CLEAR,DAYLIGHT,PARKED MOTOR VEHICLE,PARKING LOT,,STRAIGHT AND LEVEL,DRY,UNKNOWN,NOT ON SCENE (DESK REPORT),NO INJURY / DRIVE AWAY,,,,"OVER $1,500",07/08/2025 01:25:00 PM,IMPROPER TURNING/NO SIGNAL,NOT APPLICABLE,11730,S,MARSHFIELD AVE,2234,,,,,,,2,NO INDICATION OF INJURY,0,0,0,0,0,2,0,13,3,7,41.6803322053,-87.6625846787,POINT (-87.662584678739 41.680332205335)
428c093963e57e81a6a6e166bc47f90b08babd350fae602921bba83716e6a1af20e7d60832794961f603e96a55374e085d53eb1218fce3fdadd8ee9ffe0f4037,,07/08/2025 01:10:00 PM,35,OTHER,FUNCTIONING PROPERLY,CLEAR,DAYLIGHT,PEDALCYCLIST,DIVIDED - W/MEDIAN BARRIER,,STRAIGHT AND LEVEL,DRY,NO DEFECTS,ON SCENE,INJURY AND / OR TOW DUE TO CRASH,,,,$500 OR LESS,07/08/2025 01:10:00 PM,FAILING TO YIELD RIGHT-OF-WAY,UNABLE TO DETERMINE,401,N,MICHIGAN AVE,1834,,,,,,,2,"REPORTED, NOT EVIDENT",1,0,0,0,1,1,0,13,3,7,41.8893542519,-87.6241024562,POINT (-87.624102456243 41.889354251928)
0f06a6de73dd25bc2d129407b13605002306127e502af02f70eafea5a366f5c2b08fe08c1b4a886862e6aac2ce1c13a05b2e60bec87ee5612fb1f08cffe6bb40,,07/08/2025 01:00:00 PM,30,NO CONTROLS,NO CONTROLS,CLEAR,DAYLIGHT,REAR END,NOT DIVIDED,,STRAIGHT AND LEVEL,DRY,NO DEFECTS,NOT ON SCENE (DESK REPORT),NO INJURY / DRIVE AWAY,,,,"OVER $1,500",07/08/2025 01:15:00 PM,FOLLOWING TOO CLOSELY,NOT APPLICABLE,3532,W,26TH ST,1024,,,,,,,2,NO INDICATION OF INJURY,0,0,0,0,0,4,0,13,3,7,41.8445094141,-87.7136310358,POINT (-87.713631035795 41.844509414108)
f34e174a3682fcc2a98645ec53333ded1f2e1788a441c37eac8945cfe834ca7740b0b9b2cf57cf8e9ad8d2c2caa1fbfaf4a8e2628bc97d25e04a6a41cbd1e88b,,07/08/2025 01:00:00 PM,20,NO CONTROLS,NO CONTROLS,CLEAR,DAYLIGHT,PARKED MOTOR VEHICLE,PARKING LOT,,STRAIGHT AND LEVEL,UNKNOWN,UNKNOWN,NOT ON SCENE (DESK REPORT),NO INJURY / DRIVE AWAY,,,Y,"OVER $1,500",07/08/2025 04:32:00 PM,UNABLE TO DETERMINE,NOT APPLICABLE,600,N,CLARK ST,1832,,,,,,,2,NO INDICATION OF INJURY,0,0,0,0,0,1,0,13,3,7,41.892464033,-87.6312948859,POINT (-87.631294885907 41.892464032993)
97caf2249e2827cf575ae427e3d15576ae8cbebd6bee9acdaabb57af258a9281d74acc2a3810f9390c8ce211f40cc603d484bb260ac2ecd9796937fee621c36e,,07/08/2025 12:55:00 PM,30,NO CONTROLS,NO CONTROLS,CLEAR,DAYLIGHT,SIDESWIPE SAME DIRECTION,DIVIDED - W/MEDIAN (NOT RAISED),,STRAIGHT AND LEVEL,UNKNOWN,UNKNOWN,NOT ON SCENE (DESK REPORT),NO INJURY / DRIVE AWAY,,,,"OVER $1,500",07/08/2025 01:25:00 PM,DRIVING SKILLS/KNOWLEDGE/EXPERIENCE,NOT APPLICABLE,6303,N,SHERIDAN RD,2433,,,,,,,2,NO INDICATION OF INJURY,0,0,0,0,0,2,0,12,3,7,41.9965648173,-87.6554380039,POINT (-87.655438003906 41.996564817345)
49c5f67fc86c0d451a998c4fad78c4d51ae14510956265cea6a128a2bc87fe2225a83c2e43b17125f6a5ff8c3e6ccfdd5a1d6d0e318cfb34ca66d0beea7e983b,,07/08/2025 12:50:00 PM,30,TRAFFIC SIGNAL,FUNCTIONING PROPERLY,CLOUDY/OVERCAST,DAYLIGHT,SIDESWIPE SAME DIRECTION,FOUR WAY,,STRAIGHT AND LEVEL,DRY,NO DEFECTS,ON SCENE,NO INJURY / DRIVE AWAY,Y,,,$500 OR LESS,07/08/2025 01:09:00 PM,IMPROPER OVERTAKING/PASSING,UNABLE TO DETERMINE,810,W,NORTH AVE,1813,,,,,,,2,NO INDICATION OF INJURY,0,0,0,0,0,2,0,12,3,7,41.9110225779,-87.6487615189,POINT (-87.648761518914 41.911022577924)
6aea4941f93a2bbcd2db553ce2544e1788cbba42b637aadaad639f5c0e9f5057f66b27c972d1e05ec3853ac4e3a71b7a02316864d18da9ad09338628caa2b5b4,,07/08/2025 12:44:00 PM,30,TRAFFIC SIGNAL,FUNCTIONING PROPERLY,CLEAR,DAYLIGHT,TURNING,FOUR WAY,,STRAIGHT AND LEVEL,DRY,NO DEFECTS,ON SCENE,INJURY AND / OR TOW DUE TO CRASH,Y,,,"OVER $1,500",07/08/2025 12:44:00 PM,IMPROPER TURNING/NO SIGNAL,DISREGARDING OTHER TRAFFIC SIGNS,1900,N,ASHLAND AVE,1433,,,,,,,2,NONINCAPACITATING INJURY,2,0,0,2,0,1,0,12,3,7,41.916147281,-87.6679473535,POINT (-87.667947353504 41.916147280953)
3fe33da66221ecafba754ef408d8f2fcd5f71d33e92be19054b39fc67caaf67d059e044772c60451866af88865b82d21ad588c4fec8ff1cb17a29f7fe320c19e,,07/08/2025 12:40:00 PM,30,STOP SIGN/FLASHER,FUNCTIONING PROPERLY,CLEAR,DAYLIGHT,TURNING,NOT DIVIDED,,STRAIGHT AND LEVEL,DRY,NO DEFECTS,NOT ON SCENE (DESK REPORT),NO INJURY / DRIVE AWAY,,,,"OVER $1,500",07/08/2025 01:20:00 PM,FAILING TO YIELD RIGHT-OF-WAY,UNABLE TO DETERMINE,2300,W,FULLERTON AVE,1432,,,,,,,2,NO INDICATION OF INJURY,0,0,0,0,0,5,0,12,3,7,41.9250402176,-87.6853080284,POINT (-87.685308028409 41.925040217608)
8ea0618cdd3e10a067e2c8fd4403920f952e958c8691b634db854e828a412de334561964e836d17ed42853d020b3b456f7442842cc40c1113372a24481124fcd,,07/08/2025 12:39:00 PM,20,TRAFFIC SIGNAL,FUNCTIONING PROPERLY,CLEAR,DAYLIGHT,SIDESWIPE SAME DIRECTION,FOUR WAY,,STRAIGHT AND LEVEL,DRY,NO DEFECTS,ON SCENE,NO INJURY / DRIVE AWAY,,,Y,"$501 - $1,500",07/08/2025 12:39:00 PM,UNABLE TO DETERMINE,NOT APPLICABLE,1600,W,74TH ST,735,,,,,,,2,NO INDICATION OF INJURY,0,0,0,0,0,2,0,12,3,7,41.759563631,-87.6637024167,POINT (-87.663702416708 41.759563631047)
42564d9e537ce8fa07d65a52183a1d5eb54aec5e2d3e145857c47305c9b778555c20ef52d00063a229f114993964b9db58d7692ab8b29e57e641bc98beecd1ef,,07/08/2025 12:35:00 PM,30,TRAFFIC SIGNAL,FUNCTIONING PROPERLY,CLOUDY/OVERCAST,DAYLIGHT,TURNING,FOUR WAY,,STRAIGHT AND LEVEL,DRY,NO DEFECTS,ON SCENE,INJURY AND / OR TOW DUE TO CRASH,Y,,,"OVER $1,500",07/08/2025 12:37:00 PM,UNABLE TO DETERMINE,UNABLE TO DETERMINE,5558,W,NORTH AVE,2532,,,,,,,3,NONINCAPACITATING INJURY,1,0,0,1,0,2,0,12,3,7,41.9094900531,-87.765576615,POINT (-87.76557661503 41.909490053066)
7a0df73cfb1e05fc2634c2a711984b9de45a86b4e5011c225241504ab3da62f42db543206c44bcd941bd1e24642aa9a39929f20a177806a28c15715c2c346a3a,,07/08/2025 12:35:00 PM,30,STOP SIGN/FLASHER,NO CONTROLS,CLEAR,DAYLIGHT,TURNING,NOT DIVIDED,,STRAIGHT AND LEVEL,DRY,NO DEFECTS,NOT ON SCENE (DESK REPORT),NO INJURY / DRIVE AWAY,,,,"OVER $1,500",07/08/2025 01:15:00 PM,IMPROPER TURNING/NO SIGNAL,IMPROPER TURNING/NO SIGNAL,5800,S,MICHIGAN AVE,232,,,,,,,2,NO INDICATION OF INJURY,0,0,0,0,0,2,0,12,3,7,41.7891477191,-87.6224723614,POINT (-87.622472361425 41.789147719083)
a9cecd0dcab9f901580dc6c330f0ed4ffd32696dcba2f8141464ef44b5ac9c7cb29971fd43cb5835a4b082afd7f2459453bbf3c918232ef2d7601119933e5d93,,07/08/2025 12:30:00 PM,30,TRAFFIC SIGNAL,FUNCTIONING PROPERLY,CLEAR,DAYLIGHT,SIDESWIPE SAME DIRECTION,DIVIDED - W/MEDIAN (NOT RAISED),,STRAIGHT AND LEVEL,DRY,NO DEFECTS,NOT ON SCENE (DESK REPORT),NO INJURY / DRIVE AWAY,,,Y,"OVER $1,500",07/14/2025 07:00:00 PM,UNABLE TO DETERMINE,UNABLE TO DETERMINE,7578,N,WESTERN AVE,2411,,,,,,,2,NO INDICATION OF INJURY,0,0,0,0,0,4,0,12,3,7,42.0194389987,-87.6903220221,POINT (-87.690322022083 42.019438998687)
bedf292f8708cacf2ba0243077b54f644025e288f1f73cacd12b6285a1f847c59f59814ae0530dbe3647875a4d07721aa73ae99e36ee6b47790a76960d7faf29,,07/08/2025 12:30:00 PM,30,NO CONTROLS,NO CONTROLS,CLEAR,DAYLIGHT,TURNING,NOT DIVIDED,,STRAIGHT AND LEVEL,DRY,NO DEFECTS,,NO INJURY / DRIVE AWAY,,,Y,"OVER $1,500",07/08/2025 01:20:00 PM,IMPROPER LANE USAGE,UNABLE TO DETERMINE,6622,W,FULLERTON AVE,2512,,,,,,,2,NO INDICATION OF INJURY,0,0,0,0,0,2,0,12,3,7,41.9237392995,-87.7913489792,POINT (-87.791348979169 41.9237392995)
d7600716f56c3fbdbb8e96e97db8c116b97a46e894eb7eab0278830cd0aed85287da39388c53d82a0a5f6a28016e7dc815f5c30dd74427c5615f80fa101c55b0,,07/08/2025 12:30:00 PM,30,TRAFFIC SIGNAL,UNKNOWN,UNKNOWN,UNKNOWN,SIDESWIPE SAME DIRECTION,NOT REPORTED,,STRAIGHT AND LEVEL,UNKNOWN,UNKNOWN,NOT ON SCENE (DESK REPORT),NO INJURY / DRIVE AWAY,,,,"$501 - $1,500",07/12/2025 01:30:00 PM,UNABLE TO DETERMINE,NOT APPLICABLE,3216,N,KIMBALL AVE,1732,,,,,,,2,NO INDICATION OF INJURY,0,0,0,0,0,2,0,12,3,7,41.9397901861,-87.7126666631,POINT (-87.712666663105 41.939790186078)
41fddcf7aa2c7ea1681f118a524516a2c69a696fd2c8794435b2eb32bf75062d094ee12d560638e9543ecbb6b7dd2d44785649e3c784ac9b2d4df0300a6f53ef,,07/08/2025 12:25:00 PM,30,TRAFFIC SIGNAL,FUNCTIONING PROPERLY,CLEAR,DAYLIGHT,REAR END,FOUR WAY,,STRAIGHT AND LEVEL,DRY,NO DEFECTS,NOT ON SCENE (DESK REPORT),NO INJURY / DRIVE AWAY,Y,,,"OVER $1,500",07/08/2025 01:05:00 PM,UNABLE TO DETERMINE,UNABLE TO DETERMINE,9100,S,HALSTED ST,2223,,,,,,,2,NO INDICATION OF INJURY,0,0,0,0,0,2,0,12,3,7,41.7286742838,-87.6435580466,POINT (-87.643558046563 41.728674283825)
0f4fa97483cf2530db3a6cb45d19e4954a2ea2bd662fa510e8c7bb996e2cb8f2c8db5210d1748fc0c4a842e04364e19b1e88b14d20588bb693d30e0a8c4a11ba,,07/08/2025 12:20:00 PM,30,NO CONTROLS,NO CONTROLS,CLEAR,DAYLIGHT,PARKED MOTOR VEHICLE,NOT DIVIDED,,STRAIGHT AND LEVEL,DRY,NO DEFECTS,NOT ON SCENE (DESK REPORT),NO INJURY / DRIVE AWAY,,,,"OVER $1,500",07/08/2025 01:45:00 PM,UNABLE TO DETERMINE,UNABLE TO DETERMINE,1901,S,CANALPORT AVE,1235,,,,,,,2,NO INDICATION OF INJURY,0,0,0,0,0,1,0,12,3,7,41.8566631057,-87.64178573,POINT (-87.641785730044 41.856663105723)