CRASH_RECORD_ID,CRASH_DATE_EST_I,CRASH_DATE,POSTED_SPEED_LIMIT,TRAFFIC_CONTROL_DEVICE,DEVICE_CONDITION,WEATHER_CONDITION,LIGHTING_CONDITION,FIRST_CRASH_TYPE,TRAFFICWAY_TYPE,LANE_CNT,ALIGNMENT,ROADWAY_SURFACE_COND,ROAD_DEFECT,REPORT_TYPE,CRASH_TYPE,INTERSECTION_RELATED_I,NOT_RIGHT_OF_WAY_I,HIT_AND_RUN_I,DAMAGE,DATE_POLICE_NOTIFIED,PRIM_CONTRIBUTORY_CAUSE,SEC_CONTRIBUTORY_CAUSE,STREET_NO,STREET_DIRECTION,STREET_NAME,BEAT_OF_OCCURRENCE,PHOTOS_TAKEN_I,STATEMENTS_TAKEN_I,DOORING_I,WORK_ZONE_I,WORK_ZONE_TYPE,WORKERS_PRESENT_I,NUM_UNITS,MOST_SEVERE_INJURY,INJURIES_TOTAL,INJURIES_FATAL,INJURIES_INCAPACITATING,INJURIES_NON_INCAPACITATING,INJURIES_REPORTED_NOT_EVIDENT,INJURIES_NO_INDICATION,INJURIES_UNKNOWN,CRASH_HOUR,CRASH_DAY_OF_WEEK,CRASH_MONTH,LATITUDE,LONGITUDE,LOCATION
8707f545334708ea2911189201831d08480b3231942c3ff89cb8e35c156f0e2e77f1b63299227740d44a550b0b3105844137184e56bcca07f608c03887303068,,07/08/2025 12:20:00 PM,15,NO CONTROLS,NO CONTROLS,CLEAR,DAYLIGHT,PARKED MOTOR VEHICLE,ALLEY,,STRAIGHT AND LEVEL,DRY,NO DEFECTS,ON SCENE,NO INJURY / DRIVE AWAY,,,Y,"OVER $1,500",07/08/2025 12:20:00 PM,NOT APPLICABLE,NOT APPLICABLE,7317,S,MARSHFIELD AVE,735,,,,,,,2,NO INDICATION OF INJURY,0,0,0,0,0,1,0,12,3,7,41.7607186473,-87.6647756137,POINT (-87.664775613746 41.760718647296)
cb777b65b00f592f69cea693da975e7b45ab2eb1d14a15a7d7f931b855367ec81d293bca7830a369022394fe7a825e7af920b8f7b908ef7a07ccbf9319fb309b,,07/08/2025 12:15:00 PM,20,TRAFFIC SIGNAL,FUNCTIONING PROPERLY,CLEAR,DAYLIGHT,PEDALCYCLIST,NOT DIVIDED,,STRAIGHT AND LEVEL,DRY,UNKNOWN,ON SCENE,INJURY AND / OR TOW DUE TO CRASH,,,Y,$500 OR LESS,07/08/2025 12:51:00 PM,UNABLE TO DETERMINE,NOT APPLICABLE,730,N,DAMEN AVE,1221,,,Y,,,,2,NONINCAPACITATING INJURY,1,0,0,1,0,1,0,12,3,7,41.8950013682,-87.6771711017,POINT (-87.677171101702 41.895001368181)
bbaa315591eeeed2be9a01c0f602f7ae95656af1acb8f160f4d72c40a069f5f601f60bc373c562b30eeba13d9b88711c3697b651afd01e0eb9d772a475b251c8,Y,07/08/2025 12:10:00 PM,30,NO CONTROLS,UNKNOWN,CLEAR,DAYLIGHT,PEDESTRIAN,OTHER,,STRAIGHT AND LEVEL,DRY,NO DEFECTS,ON SCENE,INJURY AND / OR TOW DUE TO CRASH,,,,"$501 - $1,500",07/08/2025 12:37:00 PM,FOLLOWING TOO CLOSELY,UNABLE TO DETERMINE,5730,W,ROOSEVELT RD,1513,,,,,,,2,"REPORTED, NOT EVIDENT",1,0,0,0,1,1,0,12,3,7,41.8656548861,-87.768050779,POINT (-87.768050778972 41.865654886095)
3a3ef827cd0a071721790cf6b3603fb473cb22f60eb8a76e6a36a6716aabf5331d840d6ae869b60d134372ed84e3ef0ee00a6b1332e60ab722505e8c43d3b4bb,,07/08/2025 12:05:00 PM,25,NO CONTROLS,NO CONTROLS,CLEAR,DAYLIGHT,PARKED MOTOR VEHICLE,PARKING LOT,,STRAIGHT AND LEVEL,DRY,NO DEFECTS,ON SCENE,NO INJURY / DRIVE AWAY,,,,"OVER $1,500",07/08/2025 12:49:00 PM,NOT APPLICABLE,NOT APPLICABLE,825,W,WELLINGTON AVE,1933,,,,,,,2,NO INDICATION OF INJURY,0,0,0,0,0,1,0,12,3,7,41.9362396113,-87.6501302747,POINT (-87.650130274721 41.936239611254)
a19260bbf8210924ce35c286156530c44a1a22a2a910ce0f9586351242bb6fa9a5fc3d8b527722883a13930fd064fa4af0079d77b50bec4402445c79bee7c745,,07/08/2025 12:00:00 PM,30,TRAFFIC SIGNAL,FUNCTIONING PROPERLY,CLEAR,DAYLIGHT,TURNING,FOUR WAY,,STRAIGHT AND LEVEL,DRY,NO DEFECTS,NOT ON SCENE (DESK REPORT),NO INJURY / DRIVE AWAY,Y,,Y,"OVER $1,500",07/08/2025 12:30:00 PM,IMPROPER LANE USAGE,UNABLE TO DETERMINE,4700,S,PULASKI RD,815,,,,,,,2,NO INDICATION OF INJURY,0,0,0,0,0,2,0,12,3,7,41.8077887691,-87.7237303316,POINT (-87.72373033158 41.807788769095)
a433ecb16b9786ebd98a994d69e72854438298d45e1975c7bf763498677f0e7c42287d774fec2632fd408093b5fe0a6212b14226eeb0cb767b86816f18ca6407,,07/08/2025 12:00:00 PM,30,NO CONTROLS,NO CONTROLS,CLEAR,DAYLIGHT,REAR END,DIVIDED - W/MEDIAN (NOT RAISED),,STRAIGHT AND LEVEL,DRY,NO DEFECTS,NOT ON SCENE (DESK REPORT),NO INJURY / DRIVE AWAY,,,Y,"$501 - $1,500",07/08/2025 01:00:00 PM,FAILING TO REDUCE SPEED TO AVOID CRASH,UNABLE TO DETERMINE,5648,W,DIVERSEY AVE,2514,,,,,,,2,NO INDICATION OF INJURY,0,0,0,0,0,2,0,12,3,7,41.9313609227,-87.7682280601,POINT (-87.768228060099 41.931360922686)
bdd071ebdce455401b5d40ed8f92982a2f228745345ab85eba3dd3f04f43019f0e6ed6ac67de1dc4fde6a1712edf5eed1c329bded4e7c17eef508f8ce554a01b,,07/08/2025 12:00:00 PM,35,STOP SIGN/FLASHER,FUNCTIONING PROPERLY,UNKNOWN,DAYLIGHT,ANGLE,ROUNDABOUT,,STRAIGHT AND LEVEL,UNKNOWN,UNKNOWN,NOT ON SCENE (DESK REPORT),NO INJURY / DRIVE AWAY,,,,"OVER $1,500",07/08/2025 03:02:00 PM,FAILING TO YIELD RIGHT-OF-WAY,NOT APPLICABLE,5000,S,THROOP ST,933,,,,,,,2,NO INDICATION OF INJURY,0,0,0,0,0,2,0,12,3,7,41.8031456912,-87.6576802512,POINT (-87.657680251215 41.803145691163)
d67dea6bce6432626396620c2e7e19e2a63d73452ffb1852e553d66b1455d881434d3351f54d697c027fa28b357ae0c5f3fefb75a96fd187199c08c6721a93e2,,07/08/2025 11:50:00 AM,30,UNKNOWN,UNKNOWN,UNKNOWN,UNKNOWN,ANGLE,NOT DIVIDED,,STRAIGHT AND LEVEL,UNKNOWN,UNKNOWN,NOT ON SCENE (DESK REPORT),NO INJURY / DRIVE AWAY,Y,,,"OVER $1,500",07/08/2025 12:20:00 PM,UNABLE TO DETERMINE,UNABLE TO DETERMINE,5000,S,MARSHFIELD AVE,931,,,,,,,2,NO INDICATION OF INJURY,0,0,0,0,0,3,0,11,3,7,41.8030344988,-87.6661947276,POINT (-87.666194727561 41.803034498834)
93ca0ccaa408d84a37d4429cfd6fed96ae905117c5c8f5ff183936ee257df06a7b354884d24ea026bd892a4e73c9c898f29f94dee58c36064dab9747c2978f99,Y,07/08/2025 11:45:00 AM,30,NO CONTROLS,NO CONTROLS,CLOUDY/OVERCAST,DAYLIGHT,SIDESWIPE SAME DIRECTION,DIVIDED - W/MEDIAN BARRIER,,STRAIGHT AND LEVEL,DRY,NO DEFECTS,ON SCENE,NO INJURY / DRIVE AWAY,,,,"$501 - $1,500",07/08/2025 11:45:00 AM,IMPROPER TURNING/NO SIGNAL,DRIVING SKILLS/KNOWLEDGE/EXPERIENCE,1974,S,CANALPORT AVE,1235,,,,,,,2,NO INDICATION OF INJURY,0,0,0,0,0,3,0,11,3,7,41.8558442481,-87.6443877048,POINT (-87.644387704824 41.855844248148)
500aae61ee0fde5b919fa8c5e24dedafa488376b2022dc74d46c79403b06001bc0af64d2ac54dffd775c4156b68d53dcd7e26d6d739851cdc1920c9828084305,,07/08/2025 11:40:00 AM,5,NO CONTROLS,NO CONTROLS,CLEAR,DAYLIGHT,REAR TO SIDE,PARKING LOT,,STRAIGHT AND LEVEL,DRY,NO DEFECTS,NOT ON SCENE (DESK REPORT),NO INJURY / DRIVE AWAY,,,,"OVER $1,500",07/08/2025 12:15:00 PM,UNABLE TO DETERMINE,NOT APPLICABLE,120,W,87TH ST,622,,,,,,,2,NO INDICATION OF INJURY,0,0,0,0,0,2,0,11,3,7,41.7363802018,-87.6276992347,POINT (-87.627699234706 41.736380201841)
5aaaefba955ff4ae2e9b7603574b8f009ec94b988d8237d4634d8b2a95ee690c1ac8c6f28f3929251e653716a5eba226541e528011177056d2762fdf1640e2ab,,07/08/2025 11:36:00 AM,30,STOP SIGN/FLASHER,FUNCTIONING PROPERLY,CLEAR,DAYLIGHT,PARKED MOTOR VEHICLE,DIVIDED - W/MEDIAN (NOT RAISED),,STRAIGHT AND LEVEL,DRY,NO DEFECTS,ON SCENE,INJURY AND / OR TOW DUE TO CRASH,,,,"OVER $1,500",07/08/2025 12:05:00 PM,UNABLE TO DETERMINE,NOT APPLICABLE,4404,W,BYRON ST,1731,,,,,,,2,NO INDICATION OF INJURY,0,0,0,0,0,1,0,11,3,7,41.9518226871,-87.738310995,POINT (-87.738310995047 41.951822687132)
1f89c6eaa2783419a36b5d63c25d085e70ff1f7f3635986e4f231dc7804aaa5d1506da05da0757cd0cda7d9a33572955a0a3c688efa2bb2df8e0a01053a38975,,07/08/2025 11:30:00 AM,3,NO CONTROLS,NO CONTROLS,CLEAR,DAYLIGHT,PARKED MOTOR VEHICLE,ONE-WAY,,STRAIGHT AND LEVEL,DRY,NO DEFECTS,NOT ON SCENE (DESK REPORT),NO INJURY / DRIVE AWAY,,,Y,"OVER $1,500",07/08/2025 01:10:00 PM,NOT APPLICABLE,NOT APPLICABLE,662,E,50TH PL,223,,,,,,,2,NO INDICATION OF INJURY,0,0,0,0,0,1,0,11,3,7,41.8032391851,-87.6089590602,POINT (-87.608959060189 41.803239185143)
248727fc31be433e15c38bfc32fdbdd101c68356db06e30de2da0d3680dab98207219daeb58a56f0136c376221a833ab4c87649a012225071fd85166fec642ce,,07/08/2025 11:30:00 AM,25,NO CONTROLS,NO CONTROLS,CLEAR,DAYLIGHT,PARKED MOTOR VEHICLE,ONE-WAY,,STRAIGHT AND LEVEL,DRY,NO DEFECTS,ON SCENE,NO INJURY / DRIVE AWAY,,,,"$501 - $1,500",07/08/2025 11:30:00 AM,UNABLE TO DETERMINE,UNABLE TO DETERMINE,811,W,ALDINE AVE,1924,,,,,,,2,NO INDICATION OF INJURY,0,0,0,0,0,1,0,11,3,7,41.9416825541,-87.6498435254,POINT (-87.649843525421 41.941682554113)
6aa6e17741032644540c7ec3b0cbbe9e5ac5bdb93aa8a20a13a2d907e4a1cb0faea91776dc4ae7f7800e9e5dfa96f23015fddc8c1ab58595da26eeef1286783c,,07/08/2025 11:30:00 AM,10,NO CONTROLS,NO CONTROLS,CLEAR,DAYLIGHT,PARKED MOTOR VEHICLE,PARKING LOT,,STRAIGHT AND LEVEL,DRY,NO DEFECTS,NOT ON SCENE (DESK REPORT),NO INJURY / DRIVE AWAY,,Y,Y,"OVER $1,500",07/10/2025 11:40:00 AM,UNABLE TO DETERMINE,UNABLE TO DETERMINE,7030,S,ASHLAND AVE,735,,,,,,,2,NO INDICATION OF INJURY,0,0,0,0,0,1,0,11,3,7,41.7657907704,-87.6639668865,POINT (-87.663966886455 41.765790770432)
71caf567e5c869f904f81aa322b2e172b65ee3ef0b8488249aee1003ad81688878e9c7bc556dac64e501b7409b3672d1c9057838ab8a1ccee5a4ecfd43f13b89,,07/08/2025 11:30:00 AM,30,TRAFFIC SIGNAL,UNKNOWN,CLEAR,DAYLIGHT,REAR END,NOT DIVIDED,,STRAIGHT AND LEVEL,UNKNOWN,UNKNOWN,NOT ON SCENE (DESK REPORT),INJURY AND / OR TOW DUE TO CRASH,,,,"OVER $1,500",07/08/2025 01:05:00 PM,FAILING TO REDUCE SPEED TO AVOID CRASH,UNABLE TO DETERMINE,2350,E,79TH ST,414,,,,,,,2,"REPORTED, NOT EVIDENT",1,0,0,0,1,1,0,11,3,7,41.7518323053,-87.566633461,POINT (-87.566633461049 41.751832305269)
db4dfc69ec78e69888e32a90e1cce110808ac411dc4e2c3f43ef9236809262986479bbe4bb02f712442361d4eb9cba785d4430634c0d601ee89ae119469535c6,,07/08/2025 11:30:00 AM,30,TRAFFIC SIGNAL,UNKNOWN,UNKNOWN,DAYLIGHT,TURNING,FOUR WAY,,STRAIGHT AND LEVEL,UNKNOWN,UNKNOWN,NOT ON SCENE (DESK REPORT),NO INJURY / DRIVE AWAY,Y,,Y,"OVER $1,500",07/08/2025 01:35:00 PM,FOLLOWING TOO CLOSELY,FAILING TO REDUCE SPEED TO AVOID CRASH,100,E,OHIO ST,1834,,,,,,,2,NO INDICATION OF INJURY,0,0,0,0,0,3,0,11,3,7,41.8926378958,-87.6253414059,POINT (-87.625341405856 41.89263789576)
ead104bbc3d28fc8c9b95e091af90e71e0a06657c7212b23128f842e338a4d779c76a3630636d19b5dbde3984e17d3a151c1b8ce485c15e5308418e4e8a66ab7,,07/08/2025 11:20:00 AM,5,NO CONTROLS,NO CONTROLS,CLEAR,DAYLIGHT,PARKED MOTOR VEHICLE,PARKING LOT,,STRAIGHT AND LEVEL,DRY,UNKNOWN,ON SCENE,NO INJURY / DRIVE AWAY,,Y,,"OVER $1,500",07/08/2025 11:28:00 AM,IMPROPER BACKING,NOT APPLICABLE,6901,S,STATE ST,322,,,,,,,2,NO INDICATION OF INJURY,0,0,0,0,0,4,0,11,3,7,41.7690980427,-87.6247991399,POINT (-87.624799139878 41.769098042657)
0bae4144ae51c3296d430e894908079eb8a092fbbe1e471ec2ad460a0041ac611407556e3eff9e92557dea3e7aac1fd9005d78e6e978cd6f23b32c837697654c,,07/08/2025 11:18:00 AM,15,NO CONTROLS,NO CONTROLS,CLEAR,DAYLIGHT,PARKED MOTOR VEHICLE,PARKING LOT,,STRAIGHT AND LEVEL,DRY,NO DEFECTS,ON SCENE,NO INJURY / DRIVE AWAY,,,Y,$500 OR LESS,07/08/2025 11:21:00 AM,IMPROPER BACKING,IMPROPER BACKING,259,E,ERIE ST,1834,,,,,,,2,NO INDICATION OF INJURY,0,0,0,0,0,1,0,11,3,7,41.8940853807,-87.62040431,POINT (-87.620404310022 41.894085380663)
0f924151677a657dec46e4e0c4dcce01f478a4a56f9c64fabba98b7ec0c8c22a39c4706ec9a6e9e5245ac392d6d51d664c286b14d2e24afa172b89a0f197ad25,,07/08/2025 11:00:00 AM,30,NO CONTROLS,NO CONTROLS,CLEAR,DAYLIGHT,TURNING,NOT DIVIDED,,STRAIGHT AND LEVEL,DRY,NO DEFECTS,ON SCENE,NO INJURY / DRIVE AWAY,,,,"OVER $1,500",07/08/2025 11:05:00 AM,UNABLE TO DETERMINE,NOT APPLICABLE,5503,S,KEDZIE AVE,824,,,,,,,2,NO INDICATION OF INJURY,0,0,0,0,0,2,0,11,3,7,41.7933696864,-87.7034022601,POINT (-87.703402260066 41.793369686415)
31cc33a7909214dbc451d03dc17e970c9ec4a2ff5e90f9a7e830723972b35777da78e3ae9d00b5f587958ffb8fc78955327f6ccda068432c63e223baf06049d5,,07/08/2025 11:00:00 AM,30,NO CONTROLS,NO CONTROLS,CLEAR,DAYLIGHT,OTHER OBJECT,NOT DIVIDED,,STRAIGHT AND LEVEL,DRY,NO DEFECTS,NOT ON SCENE (DESK REPORT),NO INJURY / DRIVE AWAY,,,,"$501 - $1,500",08/15/2025 12:05:00 PM,NOT APPLICABLE,NOT APPLICABLE,5151,N,MILWAUKEE AVE,1623,,,,,,,1,NO INDICATION OF INJURY,0,0,0,0,0,1,0,11,3,7,41.9740944511,-87.7661488432,POINT (-87.766148843184 41.974094451086)
7e48b6bd1fe69db6cc88b5144225d51ab0e1d39f40da6bada31c6581d6836f9e0957e88a91ad61c63595ef9566a42a6a1143fdcc487149b56a3c8c9c230484b0,,07/08/2025 11:00:00 AM,30,TRAFFIC SIGNAL,FUNCTIONING PROPERLY,CLEAR,DAYLIGHT,SIDESWIPE SAME DIRECTION,DIVIDED - W/MEDIAN BARRIER,,STRAIGHT AND LEVEL,DRY,NO DEFECTS,ON SCENE,INJURY AND / OR TOW DUE TO CRASH,,,Y,"OVER $1,500",07/08/2025 11:15:00 AM,UNABLE TO DETERMINE,NOT APPLICABLE,3900,S,WESTERN AVE,921,,,,,,,2,NONINCAPACITATING INJURY,1,0,0,1,0,1,0,11,3,7,41.8229542941,-87.685012986,POINT (-87.685012986006 41.822954294114)
8cc9d0f35828240f61d5d1086ec7e8b64bc7b62ee48ccaaed2514e30df77670fdf6e7fc77d5aa335e32f70767a1e6eef6c264b2d5a7628611e669c01a79eb3a3,,07/08/2025 11:00:00 AM,30,TRAFFIC SIGNAL,FUNCTIONING PROPERLY,CLEAR,DAYLIGHT,REAR END,DIVIDED - W/MEDIAN (NOT RAISED),,STRAIGHT AND LEVEL,DRY,NO DEFECTS,ON SCENE,INJURY AND / OR TOW DUE TO CRASH,,,,"OVER $1,500",07/08/2025 11:40:00 AM,FOLLOWING TOO CLOSELY,FOLLOWING TOO CLOSELY,3155,W,59TH ST,824,,,,,,,2,"REPORTED, NOT EVIDENT",1,0,0,0,1,1,0,11,3,7,41.7861417876,-87.7031159514,POINT (-87.703115951402 41.786141787577)
a0e62faa697b34055d76e292035064356c2af12c88668a86a135acb9cb97c1a911988b0ed378c78e1ff389135f84b2787141784f6b05e4a4423117922d73bd4e,,07/08/2025 11:00:00 AM,30,NO CONTROLS,NO CONTROLS,CLEAR,DAYLIGHT,SIDESWIPE OPPOSITE DIRECTION,DIVIDED - W/MEDIAN (NOT RAISED),,STRAIGHT AND LEVEL,DRY,NO DEFECTS,ON SCENE,NO INJURY / DRIVE AWAY,,,,"OVER $1,500",07/08/2025 11:16:00 AM,UNABLE TO DETERMINE,UNABLE TO DETERMINE,2649,N,WASHTENAW AVE,1411,,,,,,,2,NO INDICATION OF INJURY,0,0,0,0,0,2,0,11,3,7,41.9301627165,-87.6950095109,POINT (-87.695009510941 41.930162716526)
c498fdf639075b59cd732068c3bc135ead310d42d2bc83c08901bfa80fc42a445fe834317fffc8c6b6320a73a20a57974a5c97c540fc78e5a7b5f7861fa55ba7,,07/08/2025 11:00:00 AM,30,NO CONTROLS,NO CONTROLS,CLEAR,DAYLIGHT,REAR END,NOT DIVIDED,,STRAIGHT AND LEVEL,DRY,NO DEFECTS,NOT ON SCENE (DESK REPORT),NO INJURY / DRIVE AWAY,,,,"$501 - $1,500",07/08/2025 11:00:00 AM,UNABLE TO DETERMINE,NOT APPLICABLE,1700,N,WESTERN AVE,1434,,,,,,,2,NO INDICATION OF INJURY,0,0,0,0,0,2,0,11,3,7,41.9121521055,-87.6874158169,POINT (-87.687415816868 41.912152105537)
214862fcd3041719ead7b16e359a3cd410346979401517ceebe5d79d13a7cb9584234b8d89b1b89cce3dfe59fec1c318b5f19589800c58ea694751867534a144,,07/08/2025 10:51:00 AM,30,NO CONTROLS,NO CONTROLS,CLEAR,DAYLIGHT,PEDALCYCLIST,NOT DIVIDED,,STRAIGHT AND LEVEL,DRY,NO DEFECTS,ON SCENE,NO INJURY / DRIVE AWAY,,,,$500 OR LESS,07/08/2025 10:51:00 AM,"VISION OBSCURED (SIGNS, TREE LIMBS, BUILDINGS, ETC.)",NOT APPLICABLE,4736,N,DAMEN AVE,1911,,,,,,,2,NO INDICATION OF INJURY,0,0,0,0,0,2,0,10,3,7,41.9680064622,-87.6793118467,POINT (-87.679311846689 41.968006462176)
22aca4ce776fb729210d09bde9230e54a5fcc600aa42c20fca799ea2b3fa4f9e5a978c1328be062e2e555a13d6dc3643158629b4de027215e1d219f9e87fb4ab,,07/08/2025 10:50:00 AM,25,TRAFFIC SIGNAL,FUNCTIONING PROPERLY,CLEAR,DAYLIGHT,REAR END,NOT DIVIDED,,STRAIGHT AND LEVEL,DRY,NO DEFECTS,NOT ON SCENE (DESK REPORT),NO INJURY / DRIVE AWAY,N,,,"OVER $1,500",07/08/2025 11:30:00 AM,UNABLE TO DETERMINE,NOT APPLICABLE,359,E,CHICAGO AVE,1833,,,,,,,2,NO INDICATION OF INJURY,0,0,0,0,0,2,0,10,3,7,41.8967123679,-87.618136725,POINT (-87.618136724978 41.896712367855)
b1324b42e0575c0603853f154fe77b794fd057af1a5d81b08ab47f67340bad6a2105b0069b2439e9ca1c22cc14ae5f35aef0fe4d995dc93309fd88536ec20f59,,07/08/2025 10:49:00 AM,0,NO CONTROLS,NO CONTROLS,CLEAR,DAYLIGHT,PARKED MOTOR VEHICLE,PARKING LOT,,STRAIGHT AND LEVEL,DRY,NO DEFECTS,ON SCENE,NO INJURY / DRIVE AWAY,,Y,,$500 OR LESS,07/08/2025 10:49:00 AM,UNABLE TO DETERMINE,UNABLE TO DETERMINE,5101,S,WENTWORTH AVE,225,,,,,,,2,NO INDICATION OF INJURY,0,0,0,0,0,2,0,10,3,7,41.8018110912,-87.6305601801,POINT (-87.630560180083 41.801811091232)
100c877353c7bc2e97df99b438e6dd9ddfe172efaeae37ccd365bb591c363e26399940ed71cea3007e9302c1fa49873cd4748c51573b0497171157b7c93b3a91,,07/08/2025 10:45:00 AM,30,TRAFFIC SIGNAL,FUNCTIONING PROPERLY,CLEAR,DAYLIGHT,REAR END,NOT DIVIDED,,STRAIGHT AND LEVEL,DRY,NO DEFECTS,NOT ON SCENE (DESK REPORT),NO INJURY / DRIVE AWAY,,,,"OVER $1,500",07/08/2025 11:55:00 AM,FOLLOWING TOO CLOSELY,NOT APPLICABLE,300,E,CHICAGO AVE,1833,,,,,,,2,NO INDICATION OF INJURY,0,0,0,0,0,2,0,10,3,7,41.8968983785,-87.6202075465,POINT (-87.620207546498 41.896898378497)
2e479432f737d4b984edbc61e1f0f9d96824ea2b05f30e63d83445c94b58960b56d41247d8178fec034a468c220ae7d5d3a1bf5d7d9927cf98bea3d08b8a8afb,,07/08/2025 10:40:00 AM,30,NO CONTROLS,OTHER,CLEAR,DAYLIGHT,FIXED OBJECT,PARKING LOT,,STRAIGHT AND LEVEL,DRY,NO DEFECTS,NOT ON SCENE (DESK REPORT),NO INJURY / DRIVE AWAY,,,,"$501 - $1,500",07/08/2025 11:00:00 AM,NOT APPLICABLE,NOT APPLICABLE,3100,S,LAKE SHORE DR SB,211,,,,,,,1,NO INDICATION OF INJURY,0,0,0,0,0,1,0,10,3,7,41.8383932992,-87.6087495204,POINT (-87.608749520406 41.838393299151)
91d1ad99791455d8d016d68918292ca8b14b02390c446d71be07901b8c4caa39b7a35c285dda6fc227c7b1d30a3a2748612ec4eeabd0adee14cf316c5e32ca21,,07/08/2025 10:40:00 AM,30,NO CONTROLS,NO CONTROLS,CLEAR,DAYLIGHT,REAR TO REAR,T-INTERSECTION,,STRAIGHT AND LEVEL,DRY,NO DEFECTS,ON SCENE,NO INJURY / DRIVE AWAY,Y,,,"OVER $1,500",07/08/2025 11:35:00 AM,UNABLE TO DETERMINE,UNABLE TO DETERMINE,5401,N,ELSTON AVE,1621,,,,,,,2,NO INDICATION OF INJURY,0,0,0,0,0,3,0,10,3,7,41.9795935502,-87.7585892718,POINT (-87.758589271767 41.979593550153)
f9a0b1ef2181f15a3ee21554789a6b36096021d74c74142ef2610b921ebfd5d58e836bd9288c5b5051ce3e6c8bd96ae67fd5b20b8612fb1618ac55aa3ab070e3,,07/08/2025 10:35:00 AM,30,NO CONTROLS,NO CONTROLS,CLEAR,DAYLIGHT,PARKED MOTOR VEHICLE,NOT DIVIDED,,STRAIGHT AND LEVEL,DRY,NO DEFECTS,ON SCENE,NO INJURY / DRIVE AWAY,,,,"OVER $1,500",07/08/2025 11:00:00 AM,DRIVING SKILLS/KNOWLEDGE/EXPERIENCE,NOT APPLICABLE,3520,N,LAKE SHORE DR,1925,,,,,,,2,NO INDICATION OF INJURY,0,0,0,0,0,2,0,10,3,7,41.947338131,-87.6428646707,POINT (-87.642864670704 41.947338131045)
19a2e52fb3de7564093827c40d0c62816d0871d0968b91fb474755edadd0097a3b1ba66d2f13e49afae2c86faf533b4b5f661bf2b83fa76649908e6cedb5eb19,,07/08/2025 10:15:00 AM,30,NO CONTROLS,NO CONTROLS,CLEAR,DAYLIGHT,SIDESWIPE SAME DIRECTION,DIVIDED - W/MEDIAN BARRIER,,STRAIGHT AND LEVEL,DRY,UNKNOWN,ON SCENE,NO INJURY / DRIVE AWAY,,,,"OVER $1,500",07/08/2025 10:25:00 AM,UNABLE TO DETERMINE,UNABLE TO DETERMINE,2350,W,GARFIELD BLVD,932,,,,,,,2,NO INDICATION OF INJURY,0,0,0,0,0,4,0,10,3,7,41.7939330022,-87.6831437546,POINT (-87.683143754624 41.793933002156)
6420154253d7b3d95a4efccd37e72fb3579899d3a2039cd0a146d45d0bd5d489b4494b096c624552151494a8f638c502a30a07897bbde17cb518c1b9b2c69104,,07/08/2025 10:15:00 AM,30,NO CONTROLS,NO CONTROLS,CLEAR,DAYLIGHT,SIDESWIPE SAME DIRECTION,NOT DIVIDED,,STRAIGHT AND LEVEL,UNKNOWN,UNKNOWN,NOT ON SCENE (DESK REPORT),NO INJURY / DRIVE AWAY,,,,"OVER $1,500",07/08/2025 11:18:00 AM,UNABLE TO DETERMINE,UNABLE TO DETERMINE,9857,S,WESTERN AVE,2213,,,,,,,2,NO INDICATION OF INJURY,0,0,0,0,0,4,0,10,3,7,41.713812797,-87.6816992361,POINT (-87.681699236125 41.713812797014)
c537d5403211762dc70492dbafd80cc13043fb53b943fda76943f7b789e4e86bcd31e4e701a4297a564d66894e28f7b241dd364be7bf76c7f764747be828cbd6,,07/08/2025 10:15:00 AM,30,NO CONTROLS,NO CONTROLS,CLEAR,DAYLIGHT,PARKED MOTOR VEHICLE,NOT DIVIDED,,STRAIGHT AND LEVEL,DRY,NO DEFECTS,NOT ON SCENE (DESK REPORT),NO INJURY / DRIVE AWAY,,,,"$501 - $1,500",07/15/2025 09:00:00 AM,IMPROPER BACKING,NOT APPLICABLE,2620,W,21ST PL,1023,,,,,,,2,NO INDICATION OF INJURY,0,0,0,0,0,2,0,10,3,7,41.8529812892,-87.6914577131,POINT (-87.691457713074 41.852981289162)
21a7b09e351bc833f946b2c1b6d5b94f1cf4980723f27d172d03f687f89369dec3f8ae22abecd4f73bbe4f951e2db8c82ece1a817fe1dcd46c9ae3bbc15cec45,,07/08/2025 10:03:00 AM,30,TRAFFIC SIGNAL,FUNCTIONING PROPERLY,CLEAR,DAYLIGHT,TURNING,FOUR WAY,,STRAIGHT AND LEVEL,DRY,NO DEFECTS,ON SCENE,INJURY AND / OR TOW DUE TO CRASH,,,Y,"OVER $1,500",07/08/2025 10:23:00 AM,UNABLE TO DETERMINE,NOT APPLICABLE,10700,S,WENTWORTH AVE,513,,,,,,,3,"REPORTED, NOT EVIDENT",1,0,0,0,1,3,0,10,3,7,41.6997660458,-87.6282330272,POINT (-87.628233027248 41.69976604579)