CRASH_RECORD_ID,CRASH_DATE_EST_I,CRASH_DATE,POSTED_SPEED_LIMIT,TRAFFIC_CONTROL_DEVICE,DEVICE_CONDITION,WEATHER_CONDITION,LIGHTING_CONDITION,FIRST_CRASH_TYPE,TRAFFICWAY_TYPE,LANE_CNT,ALIGNMENT,ROADWAY_SURFACE_COND,ROAD_DEFECT,REPORT_TYPE,CRASH_TYPE,INTERSECTION_RELATED_I,NOT_RIGHT_OF_WAY_I,HIT_AND_RUN_I,DAMAGE,DATE_POLICE_NOTIFIED,PRIM_CONTRIBUTORY_CAUSE,SEC_CONTRIBUTORY_CAUSE,STREET_NO,STREET_DIRECTION,STREET_NAME,BEAT_OF_OCCURRENCE,PHOTOS_TAKEN_I,STATEMENTS_TAKEN_I,DOORING_I,WORK_ZONE_I,WORK_ZONE_TYPE,WORKERS_PRESENT_I,NUM_UNITS,MOST_SEVERE_INJURY,INJURIES_TOTAL,INJURIES_FATAL,INJURIES_INCAPACITATING,INJURIES_NON_INCAPACITATING,INJURIES_REPORTED_NOT_EVIDENT,INJURIES_NO_INDICATION,INJURIES_UNKNOWN,CRASH_HOUR,CRASH_DAY_OF_WEEK,CRASH_MONTH,LATITUDE,LONGITUDE,LOCATION
871efd2d57e926d0eb004f4d7d4df0d202424dad6dafb38e16693c79d60325bb3e4ac0f4c3fecae69db411181f79f7b6ff946049b4742237951bf05ba5eece36,Y,07/08/2025 10:00:00 AM,30,NO CONTROLS,NO CONTROLS,UNKNOWN,UNKNOWN,PARKED MOTOR VEHICLE,ONE-WAY,,STRAIGHT AND LEVEL,UNKNOWN,NO DEFECTS,NOT ON SCENE (DESK REPORT),NO INJURY / DRIVE AWAY,,,Y,"OVER $1,500",07/08/2025 03:00:00 PM,UNABLE TO DETERMINE,NOT APPLICABLE,4907,W,RACE AVE,1532,,,,,,,2,NO INDICATION OF INJURY,0,0,0,0,0,1,0,10,3,7,41.8903414023,-87.7484477201,POINT (-87.748447720118 41.890341402347)
f81d8ee783809dfc2dc515e9d65051575cc69ad8ca4cff2a885d02e1e2a510f120362a5294cb5a69ec61c5cd282c986d32afbd69772137cd68152c8edfacbcec,,07/08/2025 10:00:00 AM,30,TRAFFIC SIGNAL,FUNCTIONING PROPERLY,CLOUDY/OVERCAST,DAYLIGHT,REAR END,DIVIDED - W/MEDIAN (NOT RAISED),,STRAIGHT AND LEVEL,DRY,NO DEFECTS,,NO INJURY / DRIVE AWAY,Y,,,"OVER $1,500",07/08/2025 12:00:00 PM,UNABLE TO DETERMINE,NOT APPLICABLE,5301,S,COTTAGE GROVE AVE,233,,,,,,,2,NO INDICATION OF INJURY,0,0,0,0,0,3,0,10,3,7,41.7985239751,-87.6061689538,POINT (-87.606168953838 41.798523975136)
0de23bf465ab50ffe10d37e9c59c1d103f0218d9bea853ef4d90ff94c927aca73f1212484a87676cd88ab1da14fb46401d65caaeb06e1860aae92c9bbe43141b,,07/08/2025 09:57:00 AM,30,NO CONTROLS,NO CONTROLS,RAIN,DAYLIGHT,ANGLE,NOT DIVIDED,,STRAIGHT AND LEVEL,DRY,NO DEFECTS,NOT ON SCENE (DESK REPORT),NO INJURY / DRIVE AWAY,,,,"OVER $1,500",07/08/2025 12:00:00 PM,FAILING TO YIELD RIGHT-OF-WAY,NOT APPLICABLE,2815,W,25TH ST,1033,,,,,,,2,NO INDICATION OF INJURY,0,0,0,0,0,2,0,9,3,7,41.8463329856,-87.6959315157,POINT (-87.695931515659 41.846332985588)
97bb9502ba8858e3f145ca3d28e0f82897bf395dabacb12249d31b6ec4174d2e51e24789792db03be2173a8c3b78a4f1c3cca33b50ead64788d595495520a2da,,07/08/2025 09:56:00 AM,30,OTHER REG. SIGN,FUNCTIONING PROPERLY,CLEAR,DAYLIGHT,SIDESWIPE SAME DIRECTION,OTHER,,STRAIGHT AND LEVEL,DRY,NO DEFECTS,ON SCENE,INJURY AND / OR TOW DUE TO CRASH,Y,,,"OVER $1,500",07/08/2025 09:56:00 AM,DRIVING SKILLS/KNOWLEDGE/EXPERIENCE,UNABLE TO DETERMINE,2,N,MICHIGAN AVE,112,,,,,,,3,NO INDICATION OF INJURY,0,0,0,0,0,5,0,9,3,7,41.8821641673,-87.6245142736,POINT (-87.624514273622 41.88216416733)
16bcf274e24f4c861628e84e7c519d23e42380fce26b8410abc8060aedf9c274184d076c49db4f56c1552c572d808c23919552724fef0044dc8cad6b6452955f,,07/08/2025 09:50:00 AM,30,NO CONTROLS,NO CONTROLS,CLEAR,DAYLIGHT,REAR TO SIDE,PARKING LOT,,STRAIGHT AND LEVEL,DRY,NO DEFECTS,NOT ON SCENE (DESK REPORT),NO INJURY / DRIVE AWAY,,,,"OVER $1,500",07/08/2025 10:10:00 AM,DRIVING SKILLS/KNOWLEDGE/EXPERIENCE,UNABLE TO DETERMINE,10301,S,DOTY AVE E,434,,,,,,,2,NO INDICATION OF INJURY,0,0,0,0,0,2,0,9,3,7,41.7078476367,-87.5805613126,POINT (-87.580561312625 41.707847636658)
da051a112fdea48289bd34b7d88cbc5822fa51cb3f8195b87bd36aa5c50698fb0e9b7a902b11971722b848539a88bc3028ffef2bba61f70e09395a9e2f985691,,07/08/2025 09:50:00 AM,25,NO CONTROLS,NO CONTROLS,CLEAR,DAYLIGHT,PARKED MOTOR VEHICLE,NOT DIVIDED,,STRAIGHT AND LEVEL,DRY,NO DEFECTS,ON SCENE,INJURY AND / OR TOW DUE TO CRASH,,,,"OVER $1,500",07/08/2025 09:55:00 AM,PHYSICAL CONDITION OF DRIVER,NOT APPLICABLE,10556,S,MILLARD AVE,2211,,,,,,,2,NO INDICATION OF INJURY,0,0,0,0,0,1,0,9,3,7,41.7007744854,-87.7122946399,POINT (-87.712294639857 41.700774485407)
41805a86dbd9ce0f48fd77a276bda12017fa4a7d36c3121427e8149bbae1f7876c9b6a2cd833d26907e7e2d9ed6028842ce104eae48f9a9e4a4ed74fb991793c,,07/08/2025 09:45:00 AM,30,NO CONTROLS,NO CONTROLS,CLEAR,DAYLIGHT,SIDESWIPE SAME DIRECTION,DIVIDED - W/MEDIAN (NOT RAISED),,STRAIGHT AND LEVEL,DRY,UNKNOWN,ON SCENE,INJURY AND / OR TOW DUE TO CRASH,,,,"OVER $1,500",07/08/2025 09:49:00 AM,FAILING TO YIELD RIGHT-OF-WAY,IMPROPER TURNING/NO SIGNAL,2447,W,PETERSON AVE,2011,,,,,,,2,NO INDICATION OF INJURY,0,0,0,0,0,2,0,9,3,7,41.9903789549,-87.6915673569,POINT (-87.691567356921 41.990378954926)
aa62ea63d48011e0b4a5f736b30c573fdfa154749f7020bd60eb647c9c0c192d1ac5c3a344bf2d5c6da584a765cf72b7eaa512856c84eb421ddc27ea57130bef,,07/08/2025 09:45:00 AM,30,TRAFFIC SIGNAL,UNKNOWN,UNKNOWN,DAYLIGHT,TURNING,FOUR WAY,,STRAIGHT AND LEVEL,UNKNOWN,UNKNOWN,NOT ON SCENE (DESK REPORT),NO INJURY / DRIVE AWAY,Y,,,"OVER $1,500",07/08/2025 01:00:00 PM,FAILING TO YIELD RIGHT-OF-WAY,FAILING TO REDUCE SPEED TO AVOID CRASH,1400,W,BELMONT AVE,1922,,,,,,,2,NO INDICATION OF INJURY,0,0,0,0,0,2,0,9,3,7,41.9398726156,-87.6639452444,POINT (-87.663945244369 41.939872615605)
cf4f7b92df5a44f8edef030de192b55936665e29c37ee899ba7b7bd80eef4574b25af0019147194eeaa0128b0cb203a0dfe804be0d8852baa1c104c89823fe0b,,07/08/2025 09:45:00 AM,30,TRAFFIC SIGNAL,FUNCTIONING PROPERLY,CLEAR,DAYLIGHT,TURNING,FOUR WAY,,STRAIGHT AND LEVEL,DRY,NO DEFECTS,ON SCENE,INJURY AND / OR TOW DUE TO CRASH,Y,,,"$501 - $1,500",07/08/2025 09:54:00 AM,UNABLE TO DETERMINE,NOT APPLICABLE,1600,N,HALSTED ST,1813,,,,,,,2,NO INDICATION OF INJURY,0,0,0,0,0,2,0,9,3,7,41.9109406439,-87.6484190427,POINT (-87.64841904273 41.910940643916)
116e3475bf53fd11541fa4cc0804439f89510f674cc3f5f062160844793bdc2f9bce2e54a3e89d182421e20ab3b67d000b8bf8e8d6275eaf224b75add3c001f2,,07/08/2025 09:40:00 AM,30,TRAFFIC SIGNAL,FUNCTIONING PROPERLY,CLEAR,DAYLIGHT,REAR END,DIVIDED - W/MEDIAN (NOT RAISED),,STRAIGHT AND LEVEL,DRY,NO DEFECTS,ON SCENE,INJURY AND / OR TOW DUE TO CRASH,Y,,,"OVER $1,500",07/08/2025 09:45:00 AM,UNABLE TO DETERMINE,UNABLE TO DETERMINE,2758,W,87TH ST,835,,,,,,,2,"REPORTED, NOT EVIDENT",1,0,0,0,1,1,0,9,3,7,41.7354754247,-87.6919716665,POINT (-87.691971666457 41.735475424709)
15314e9a7599d24dd1fc33b10e73a0af03adc10bb8b5edaa906aae467b7213472b39f4f1326a9b0a816b6354bdd19482b18a1a50a7a925304afb01d145650a22,,07/08/2025 09:39:00 AM,30,NO CONTROLS,NO CONTROLS,CLEAR,DAYLIGHT,SIDESWIPE SAME DIRECTION,NOT DIVIDED,,STRAIGHT AND LEVEL,DRY,NO DEFECTS,ON SCENE,INJURY AND / OR TOW DUE TO CRASH,,,Y,"OVER $1,500",07/08/2025 09:45:00 AM,IMPROPER OVERTAKING/PASSING,NOT APPLICABLE,2783,W,31ST BLVD,1034,,,,,,,2,"REPORTED, NOT EVIDENT",1,0,0,0,1,1,0,9,3,7,41.83803535,-87.6942224343,POINT (-87.694222434254 41.838035350032)
024c90f0df169e57906644d012028d21e348acb42b817756167eab416234082ec4c975b97033476df3edaac366675f8c827bed834999f6990e9910c43bda5e8b,,07/08/2025 09:36:00 AM,20,STOP SIGN/FLASHER,FUNCTIONING IMPROPERLY,CLEAR,DAYLIGHT,ANGLE,T-INTERSECTION,,STRAIGHT AND LEVEL,DRY,UNKNOWN,ON SCENE,INJURY AND / OR TOW DUE TO CRASH,Y,,,"OVER $1,500",07/08/2025 09:39:00 AM,FAILING TO YIELD RIGHT-OF-WAY,UNABLE TO DETERMINE,5000,S,MICHIGAN AVE,224,,,,,,,2,NONINCAPACITATING INJURY,4,0,0,3,1,0,0,9,3,7,41.8037268016,-87.6228384284,POINT (-87.622838428379 41.803726801644)
64af332ecd6fa512c6f2796ec6efdc51459549bb5cc1d42c7f6d54133fd75dc57a6d207205ab1396dce75a654167111803a5aed57e49fd3d874cce05176dfda7,,07/08/2025 09:30:00 AM,30,NO CONTROLS,NO CONTROLS,CLEAR,DAYLIGHT,SIDESWIPE SAME DIRECTION,NOT DIVIDED,,STRAIGHT AND LEVEL,DRY,NO DEFECTS,NOT ON SCENE (DESK REPORT),NO INJURY / DRIVE AWAY,,,Y,"$501 - $1,500",07/08/2025 10:00:00 AM,IMPROPER LANE USAGE,NOT APPLICABLE,1336,W,NORTH AVE,1433,,,,,,,2,NO INDICATION OF INJURY,0,0,0,0,0,2,0,9,3,7,41.9108192067,-87.6619344709,POINT (-87.661934470858 41.910819206652)
8c22e355856b6e2ebf7b8d9cb55f0aaaeccbd391498c52826d7ec18e9ee9a55c0ccfa7e04f2c5d69925c565121d384ccfeaf7391ee6cf2a63fd93495daa5cb8d,,07/08/2025 09:30:00 AM,30,TRAFFIC SIGNAL,FUNCTIONING PROPERLY,CLEAR,DAYLIGHT,REAR END,DIVIDED - W/MEDIAN BARRIER,,STRAIGHT AND LEVEL,DRY,NO DEFECTS,NOT ON SCENE (DESK REPORT),NO INJURY / DRIVE AWAY,Y,,,"$501 - $1,500",07/08/2025 04:00:00 PM,UNABLE TO DETERMINE,UNABLE TO DETERMINE,6001,S,STONY ISLAND AVE,331,,,,,,,2,NO INDICATION OF INJURY,0,0,0,0,0,2,0,9,3,7,41.7860297803,-87.5864452182,POINT (-87.586445218215 41.786029780315)
f34673ef27ea769f567d9a6b48fee050a0cb5041c54e95b29abe3d1066f9462e65fd725dfb127830e9c19d303e4ab96c03350d6b2e7d406b8e5ba9ca4d5b418d,,07/08/2025 09:30:00 AM,30,STOP SIGN/FLASHER,FUNCTIONING PROPERLY,CLEAR,DAYLIGHT,ANGLE,FOUR WAY,,STRAIGHT AND LEVEL,UNKNOWN,UNKNOWN,ON SCENE,INJURY AND / OR TOW DUE TO CRASH,Y,,,"$501 - $1,500",07/08/2025 09:37:00 AM,FAILING TO YIELD RIGHT-OF-WAY,NOT APPLICABLE,1858,W,OGDEN AVE,1225,,,,,,,2,NONINCAPACITATING INJURY,1,0,0,1,0,1,0,9,3,7,41.8756335052,-87.6731834356,POINT (-87.673183435552 41.87563350517)
acbeb991a368132edc67d7efb0c7a630b90ed4f842dbc4569a63c93676b1fa25d02defb222970f5400933b5101fd67b4994732ef295b063d400d38f83c3c16ca,,07/08/2025 09:25:00 AM,30,TRAFFIC SIGNAL,FUNCTIONING PROPERLY,RAIN,DAYLIGHT,ANGLE,NOT DIVIDED,,STRAIGHT AND LEVEL,WET,NO DEFECTS,NOT ON SCENE (DESK REPORT),NO INJURY / DRIVE AWAY,Y,,,"OVER $1,500",07/16/2025 09:30:00 AM,FAILING TO YIELD RIGHT-OF-WAY,NOT APPLICABLE,7100,S,VINCENNES AVE,731,,,,,,,2,NO INDICATION OF INJURY,0,0,0,0,0,2,0,9,3,7,41.7654659279,-87.6280736816,POINT (-87.6280736816 41.765465927861)
5aa24884b75e36d00ae22f86da6bae1e3d74093a22a9850a6a17a7c86b4bd1b785b27bc410544797e3a2a91ba3a4350ee65c20fcb3d9cdadc28af238a5ce52dc,,07/08/2025 09:20:00 AM,30,NO CONTROLS,NO CONTROLS,CLEAR,DAYLIGHT,REAR END,NOT DIVIDED,,STRAIGHT AND LEVEL,DRY,NO DEFECTS,NOT ON SCENE (DESK REPORT),NO INJURY / DRIVE AWAY,,,,"OVER $1,500",07/08/2025 12:38:00 PM,UNABLE TO DETERMINE,UNABLE TO DETERMINE,4732,W,55TH ST,815,,,,,,,2,NO INDICATION OF INJURY,0,0,0,0,0,2,0,9,3,7,41.7931503935,-87.7415447475,POINT (-87.741544747478 41.793150393488)
28df6b58ca1503a7d0af7b871fd15a2605bafa1db9b640b80147ccb61bc7de09a92d30a4a87272ae9cdda5259913d79dbdbd59ceeb958771e7f6d8adbf566b73,,07/08/2025 09:10:00 AM,30,NO CONTROLS,NO CONTROLS,CLEAR,DAYLIGHT,PARKED MOTOR VEHICLE,NOT DIVIDED,,STRAIGHT AND LEVEL,DRY,NO DEFECTS,ON SCENE,NO INJURY / DRIVE AWAY,,,,"$501 - $1,500",07/08/2025 09:39:00 AM,DISREGARDING OTHER TRAFFIC SIGNS,NOT APPLICABLE,4809,W,HADDON AVE,1531,,,,,,,2,NO INDICATION OF INJURY,0,0,0,0,0,1,0,9,3,7,41.9013215979,-87.7463120753,POINT (-87.746312075336 41.901321597899)
4da21e23391c2ba64c3cb46dc8941b98692b4c803685e13b62f3705516ba6e7314f044a39fe901ead3b79d6ebb629be858630cd5d2e8148f097463c705cd2d7f,,07/08/2025 09:10:00 AM,30,NO CONTROLS,NO CONTROLS,CLEAR,DAYLIGHT,SIDESWIPE SAME DIRECTION,DIVIDED - W/MEDIAN (NOT RAISED),,STRAIGHT AND LEVEL,DRY,NO DEFECTS,ON SCENE,NO INJURY / DRIVE AWAY,,,Y,"OVER $1,500",07/08/2025 09:36:00 AM,UNABLE TO DETERMINE,NOT APPLICABLE,6535,S,CICERO AVE,833,,,,,,,2,NO INDICATION OF INJURY,0,0,0,0,0,2,0,9,3,7,41.7737333984,-87.7419783659,POINT (-87.741978365944 41.773733398441)
2a586606ed22e9c35b7235c49089e294b4318ba66bd0702add2b76e631020d2cdddfb7f16fa4f2b733770923692c92769f293fc9b2739a2246e3c3742e548416,,07/08/2025 09:09:00 AM,30,NO CONTROLS,NO CONTROLS,CLEAR,DAYLIGHT,REAR END,DIVIDED - W/MEDIAN (NOT RAISED),,STRAIGHT AND LEVEL,DRY,NO DEFECTS,ON SCENE,NO INJURY / DRIVE AWAY,,,,$500 OR LESS,07/08/2025 09:11:00 AM,DRIVING SKILLS/KNOWLEDGE/EXPERIENCE,UNABLE TO DETERMINE,5873,N,MILWAUKEE AVE,1622,,,,,,,2,NO INDICATION OF INJURY,0,0,0,0,0,7,0,9,3,7,41.9885447839,-87.7793427286,POINT (-87.779342728568 41.98854478387)
5e28bd6dca207ceb3734ae5b904dab9ff23e7d19caf324a1d8dfd90b93d880e2d65c5fa795c26fec5411829fb8fb51da969cc0e18c83d120c20398915684fd83,,07/08/2025 09:00:00 AM,30,NO CONTROLS,NO CONTROLS,CLEAR,DAYLIGHT,REAR END,NOT DIVIDED,,STRAIGHT AND LEVEL,DRY,NO DEFECTS,NOT ON SCENE (DESK REPORT),NO INJURY / DRIVE AWAY,,,,"OVER $1,500",07/08/2025 09:30:00 AM,NOT APPLICABLE,NOT APPLICABLE,4600,W,LAWRENCE AVE,1712,,,,,,,2,NO INDICATION OF INJURY,0,0,0,0,0,2,0,9,3,7,41.9681924407,-87.742895784,POINT (-87.742895784017 41.968192440728)
abfa091127acb4fb1543fa09c6439c50427b686a94e6c42126756894edca4943372b499deedd9f7de8718988b64f0696b381bee78b5a29bbb3abd4e0f9506f5d,,07/08/2025 09:00:00 AM,25,NO CONTROLS,NO CONTROLS,CLEAR,DAYLIGHT,REAR END,NOT DIVIDED,,STRAIGHT AND LEVEL,DRY,NO DEFECTS,NOT ON SCENE (DESK REPORT),NO INJURY / DRIVE AWAY,,,,"$501 - $1,500",07/08/2025 04:50:00 PM,FOLLOWING TOO CLOSELY,UNABLE TO DETERMINE,418,W,WASHINGTON ST,121,,,,,,,2,NO INDICATION OF INJURY,0,0,0,0,0,2,0,9,3,7,41.8832961229,-87.6387548465,POINT (-87.638754846471 41.883296122897)
cdad9d757585aff634cd4f3fc1d80a5cdd9218b0f0d4d7a31a8d71e0b630ee17cd4408876c832b6f2c743d1d16c5c25bb9e146ef965067900322d948005c1073,Y,07/08/2025 09:00:00 AM,25,NO CONTROLS,NO CONTROLS,CLEAR,"DARKNESS, LIGHTED ROAD",PARKED MOTOR VEHICLE,ONE-WAY,,STRAIGHT AND LEVEL,DRY,NO DEFECTS,NOT ON SCENE (DESK REPORT),NO INJURY / DRIVE AWAY,,,Y,"OVER $1,500",07/09/2025 11:30:00 AM,UNABLE TO DETERMINE,NOT APPLICABLE,5502,N,MAGNOLIA AVE,2013,,,,,,,2,NO INDICATION OF INJURY,0,0,0,0,0,1,0,9,3,7,41.9819240993,-87.6614431704,POINT (-87.661443170447 41.981924099345)
96ec5770c5a33e591d3e39fc3d9fcafae9e6755d6ffaaf4ea218eb216cd19166b419d610e1dec6ba26eb299ce0f1e8ea4cc41986fbe8786a59256b36338f2212,,07/08/2025 08:59:00 AM,30,TRAFFIC SIGNAL,FUNCTIONING PROPERLY,CLEAR,DAYLIGHT,SIDESWIPE SAME DIRECTION,ONE-WAY,,STRAIGHT AND LEVEL,DRY,NO DEFECTS,NOT ON SCENE (DESK REPORT),NO INJURY / DRIVE AWAY,,,,$500 OR LESS,07/08/2025 04:56:00 PM,FOLLOWING TOO CLOSELY,NOT APPLICABLE,620,S,KOSTNER AVE,1131,,,,,,,2,NO INDICATION OF INJURY,0,0,0,0,0,2,0,8,3,7,41.8728988319,-87.7353570389,POINT (-87.735357038864 41.872898831921)
1a4389c00a103e3d7b7892a63059ac773c59384e4697229b8b5b10a08f706733255c77135171458c6f4c880d2587fbae759f03f86faea4aa4db5638329059b11,,07/08/2025 08:50:00 AM,30,TRAFFIC SIGNAL,FUNCTIONING PROPERLY,CLEAR,DAYLIGHT,TURNING,NOT DIVIDED,,STRAIGHT AND LEVEL,DRY,NO DEFECTS,ON SCENE,NO INJURY / DRIVE AWAY,Y,,,"$501 - $1,500",07/08/2025 08:52:00 AM,FAILING TO REDUCE SPEED TO AVOID CRASH,UNABLE TO DETERMINE,342,E,PERSHING RD,212,,,,,,,2,NO INDICATION OF INJURY,0,0,0,0,0,4,0,8,3,7,41.8239378221,-87.6173953449,POINT (-87.617395344906 41.823937822097)
45ead4857800e79e78e3dfeff7762fda59f71be827b589381aaff70fa760d59697e7133ab43b2040b7d72d1da3df5b2f0f227cbfe3b5c731a175622bd310841e,,07/08/2025 08:50:00 AM,30,NO CONTROLS,NO CONTROLS,CLEAR,DAYLIGHT,ANGLE,ONE-WAY,,STRAIGHT AND LEVEL,DRY,NO DEFECTS,NOT ON SCENE (DESK REPORT),NO INJURY / DRIVE AWAY,,,,"$501 - $1,500",07/08/2025 09:27:00 AM,DRIVING SKILLS/KNOWLEDGE/EXPERIENCE,NOT APPLICABLE,433,W,VAN BUREN ST,121,,,,,,,2,NO INDICATION OF INJURY,0,0,0,0,0,2,0,8,3,7,41.8766674324,-87.6391776641,POINT (-87.639177664114 41.876667432354)
51dbe614a683febab8dbaddb5ac7f89fb3db70c4e61f2a3db39322f1934f9b7c8e14cd5cf1f902b031ec43494408c5b1663c111b5a08df488e5c1dcbd989f2e1,,07/08/2025 08:50:00 AM,30,NO CONTROLS,NO CONTROLS,UNKNOWN,DAYLIGHT,SIDESWIPE SAME DIRECTION,DIVIDED - W/MEDIAN (NOT RAISED),,STRAIGHT ON GRADE,UNKNOWN,UNKNOWN,NOT ON SCENE (DESK REPORT),NO INJURY / DRIVE AWAY,,,Y,"OVER $1,500",07/08/2025 03:15:00 PM,IMPROPER LANE USAGE,FAILING TO REDUCE SPEED TO AVOID CRASH,1260,W,DIVISION ST,1433,,,,,,,2,NO INDICATION OF INJURY,0,0,0,0,0,2,0,8,3,7,41.9035822156,-87.659631846,POINT (-87.659631846033 41.903582215649)
54c59a5720b50a0f7ee3b406a62e99fe880bc96b536352f647d5ced461ef4e1cdb80576c9d9806f465a7869426153268d246d0e876cfa11f1bcb9e6eba63739d,,07/08/2025 08:50:00 AM,30,TRAFFIC SIGNAL,FUNCTIONING PROPERLY,CLEAR,DAYLIGHT,SIDESWIPE SAME DIRECTION,FOUR WAY,,STRAIGHT AND LEVEL,DRY,NO DEFECTS,ON SCENE,NO INJURY / DRIVE AWAY,,,,"OVER $1,500",07/08/2025 09:05:00 AM,IMPROPER TURNING/NO SIGNAL,UNABLE TO DETERMINE,802,N,WESTERN AVE,1212,,,,,,,2,NO INDICATION OF INJURY,0,0,0,0,0,2,0,8,3,7,41.8958554694,-87.6869922307,POINT (-87.6869922307 41.895855469449)
bf3883ca048e6a09cc9b99ed861b52e30a40c01da7dbb303bd5379a9fae60ca946ece836a3b78ecd6cd30934e15600ff3a4143246e026634cbfa7f2ab83fd312,Y,07/08/2025 08:50:00 AM,30,UNKNOWN,UNKNOWN,UNKNOWN,DAYLIGHT,REAR END,NOT DIVIDED,,STRAIGHT AND LEVEL,UNKNOWN,UNKNOWN,NOT ON SCENE (DESK REPORT),INJURY AND / OR TOW DUE TO CRASH,,,Y,"OVER $1,500",07/08/2025 01:15:00 PM,UNABLE TO DETERMINE,NOT APPLICABLE,200,E,75TH ST,323,,,,,,,2,"REPORTED, NOT EVIDENT",1,0,0,0,1,1,0,8,3,7,41.7584317793,-87.6198482157,POINT (-87.619848215717 41.75843177925)
18ec8d2d21b4e20903ef01cdbd2b11ab3c58e49644229c18af64cf25f8d26d1329ea9d513ee8f6cdda827e1011b982e5ef810685eb44a8798c6fcf5277209c70,,07/08/2025 08:45:00 AM,20,STOP SIGN/FLASHER,NO CONTROLS,CLEAR,DAYLIGHT,REAR END,FOUR WAY,,STRAIGHT AND LEVEL,DRY,NO DEFECTS,NOT ON SCENE (DESK REPORT),NO INJURY / DRIVE AWAY,Y,,,"$501 - $1,500",07/08/2025 09:05:00 AM,FOLLOWING TOO CLOSELY,IMPROPER LANE USAGE,1700,W,SCHOOL ST,1922,,,,,,,2,NO INDICATION OF INJURY,0,0,0,0,0,2,0,8,3,7,41.9415940315,-87.6712637525,POINT (-87.67126375252 41.941594031451)
c2ab6f4bd7c02c39de4974a225a7298ec0c4836366ecf5e9c334fd639be4b3b7637dd2101085ca418c311ac2a4c07e03a34139c66b3fb182608ed1df1d849a33,,07/08/2025 08:45:00 AM,30,NO CONTROLS,NO CONTROLS,CLEAR,DAYLIGHT,REAR END,NOT DIVIDED,,STRAIGHT AND LEVEL,DRY,NO DEFECTS,NOT ON SCENE (DESK REPORT),NO INJURY / DRIVE AWAY,,,,"$501 - $1,500",07/08/2025 09:50:00 AM,UNABLE TO DETERMINE,NOT APPLICABLE,3352,N,WESTERN AVE,1921,,,,,,,2,NO INDICATION OF INJURY,0,0,0,0,0,2,0,8,3,7,41.9428016111,-87.6883461087,POINT (-87.688346108693 41.942801611074)
a36753a77b1d0ca3acba8f6f2959fc5012e1aa6137dd7c4aab1e2e565b4098e8f56c64ce88b92c8c59b2eac5b70939740a05d8d45b2a7742a9256f288690eacd,,07/08/2025 08:40:00 AM,30,STOP SIGN/FLASHER,FUNCTIONING PROPERLY,CLEAR,DAYLIGHT,ANGLE,NOT DIVIDED,,STRAIGHT AND LEVEL,DRY,NO DEFECTS,ON SCENE,INJURY AND / OR TOW DUE TO CRASH,Y,,,"OVER $1,500",07/08/2025 08:47:00 AM,UNABLE TO DETERMINE,NOT APPLICABLE,6100,S,CALIFORNIA AVE,823,,,,,,,2,NONINCAPACITATING INJURY,1,0,0,1,0,3,0,8,3,7,41.7826656832,-87.6936399219,POINT (-87.693639921854 41.782665683171)
8f7c016a7232db9e7fbc85d2172fa666286fdea9a2f0bded622cb50c340636c9750833109e8e291e1409241a579e5d428e58dce034afac66ddaec6cfe22bbc4a,,07/08/2025 08:39:00 AM,45,NO CONTROLS,NO CONTROLS,CLEAR,DAYLIGHT,REAR END,NOT DIVIDED,,STRAIGHT AND LEVEL,DRY,NO DEFECTS,ON SCENE,INJURY AND / OR TOW DUE TO CRASH,,,,"OVER $1,500",07/08/2025 08:48:00 AM,FOLLOWING TOO CLOSELY,UNABLE TO DETERMINE,11600,W,IRVING PARK RD,1654,,,,,,,3,NO INDICATION OF INJURY,0,0,0,0,0,3,0,8,3,7,41.9537660771,-87.9141970727,POINT (-87.914197072743 41.953766077129)
172df99584fb31b86f9969cd5f94b0a5e8911f66e65262ce966f539c5217d21e54210afc65762d3ff1260f78ee563916600e9d69161684c910ffbf673328702e,,07/08/2025 08:35:00 AM,35,TRAFFIC SIGNAL,FUNCTIONING PROPERLY,CLEAR,DAYLIGHT,REAR END,DIVIDED - W/MEDIAN (NOT RAISED),,STRAIGHT AND LEVEL,DRY,UNKNOWN,NOT ON SCENE (DESK REPORT),NO INJURY / DRIVE AWAY,,,,"OVER $1,500",07/08/2025 09:10:00 AM,UNABLE TO DETERMINE,NOT APPLICABLE,2001,W,FOSTER AVE,2032,Y,,,,,,2,NO INDICATION OF INJURY,0,0,0,0,0,2,0,8,3,7,41.975921424,-87.6795226726,POINT (-87.679522672579 41.975921424015)
d6e242a35f697a8d80e7929552799428e44dc383b48d9f0b0aa44ef11b8b93decf59cbe4fe33b0b72a4863c0af63d08bcd0b6eb7504e9f92f4430fe7d1e52170,,07/08/2025 08:33:00 AM,30,NO CONTROLS,NO CONTROLS,CLEAR,DAYLIGHT,PEDALCYCLIST,NOT DIVIDED,,STRAIGHT AND LEVEL,DRY,NO DEFECTS,ON SCENE,NO INJURY / DRIVE AWAY,,,Y,$500 OR LESS,07/08/2025 08:40:00 AM,FAILING TO YIELD RIGHT-OF-WAY,FOLLOWING TOO CLOSELY,2600,W,MONTROSE AVE,1911,,,,,,,2,NO INDICATION OF INJURY,0,0,0,0,0,2,0,8,3,7,41.9613905076,-87.693629923,POINT (-87.69362992295 41.961390507631)
331f0d051000a90e404e22c1d07fa5c801573411884466d4c369a9986b363bfc82c7436df344c451f8f1eb8e368aa721f4d9197e2bcd31e3d0cb7fda130a98e9,,07/08/2025 08:30:00 AM,35,TRAFFIC SIGNAL,FUNCTIONING PROPERLY,CLEAR,DAYLIGHT,SIDESWIPE SAME DIRECTION,FOUR WAY,,STRAIGHT AND LEVEL,DRY,NO DEFECTS,NOT ON SCENE (DESK REPORT),NO INJURY / DRIVE AWAY,Y,,,"OVER $1,500",07/08/2025 10:00:00 AM,IMPROPER OVERTAKING/PASSING,NOT APPLICABLE,150,N,CLARK ST,122,,,,,,,2,NO INDICATION OF INJURY,0,0,0,0,0,2,0,8,3,7,41.8845357375,-87.6310849515,POINT (-87.631084951485 41.884535737475)