CRASH_RECORD_ID,CRASH_DATE_EST_I,CRASH_DATE,POSTED_SPEED_LIMIT,TRAFFIC_CONTROL_DEVICE,DEVICE_CONDITION,WEATHER_CONDITION,LIGHTING_CONDITION,FIRST_CRASH_TYPE,TRAFFICWAY_TYPE,LANE_CNT,ALIGNMENT,ROADWAY_SURFACE_COND,ROAD_DEFECT,REPORT_TYPE,CRASH_TYPE,INTERSECTION_RELATED_I,NOT_RIGHT_OF_WAY_I,HIT_AND_RUN_I,DAMAGE,DATE_POLICE_NOTIFIED,PRIM_CONTRIBUTORY_CAUSE,SEC_CONTRIBUTORY_CAUSE,STREET_NO,STREET_DIRECTION,STREET_NAME,BEAT_OF_OCCURRENCE,PHOTOS_TAKEN_I,STATEMENTS_TAKEN_I,DOORING_I,WORK_ZONE_I,WORK_ZONE_TYPE,WORKERS_PRESENT_I,NUM_UNITS,MOST_SEVERE_INJURY,INJURIES_TOTAL,INJURIES_FATAL,INJURIES_INCAPACITATING,INJURIES_NON_INCAPACITATING,INJURIES_REPORTED_NOT_EVIDENT,INJURIES_NO_INDICATION,INJURIES_UNKNOWN,CRASH_HOUR,CRASH_DAY_OF_WEEK,CRASH_MONTH,LATITUDE,LONGITUDE,LOCATION
c5941499d63941d74a0b68c91110f881d3bedf42990944fa3927292a11c6303f0c1068d0e097db527bd0be530ecafb19335bce5b75042be22558412331baec8e,,07/08/2025 08:30:00 AM,30,NO CONTROLS,NO CONTROLS,CLEAR,DAYLIGHT,PARKED MOTOR VEHICLE,OTHER,,STRAIGHT AND LEVEL,DRY,NO DEFECTS,NOT ON SCENE (DESK REPORT),NO INJURY / DRIVE AWAY,,Y,Y,"OVER $1,500",07/09/2025 07:50:00 AM,UNABLE TO DETERMINE,NOT APPLICABLE,325,W,WOLF POINT PLZ,1831,,,,,,,2,NO INDICATION OF INJURY,0,0,0,0,0,1,0,8,3,7,41.8878072187,-87.63725137,POINT (-87.637251370014 41.887807218743)
c75a6bcbd79d8c5cd5fcfc32eee9ea2feebb94457278e39ed3d293840652de77e446496c66125d92c305fedf09a50ab15c235d2af5f31e48e1a4fe2af13dedbb,,07/08/2025 08:29:00 AM,30,PEDESTRIAN CROSSING SIGN,NO CONTROLS,CLEAR,DAYLIGHT,REAR END,DIVIDED - W/MEDIAN BARRIER,,STRAIGHT AND LEVEL,DRY,NO DEFECTS,NOT ON SCENE (DESK REPORT),NO INJURY / DRIVE AWAY,,,,"OVER $1,500",07/08/2025 09:15:00 AM,FOLLOWING TOO CLOSELY,NOT APPLICABLE,4427,W,DEVON AVE,1711,,,,,,,2,NO INDICATION OF INJURY,0,0,0,0,0,2,0,8,3,7,41.9971408454,-87.7396995017,POINT (-87.739699501715 41.997140845408)
744e5d982213119a9f922b0460d948eaf28908b52d3061d904a73a78643d4769ea6b22c5ba338ec06cfef3ff6abe4893ec77ffbd0df3e5df16b6c9e754676e72,,07/08/2025 08:25:00 AM,30,TRAFFIC SIGNAL,FUNCTIONING PROPERLY,CLEAR,DAYLIGHT,SIDESWIPE SAME DIRECTION,DIVIDED - W/MEDIAN (NOT RAISED),,STRAIGHT AND LEVEL,DRY,NO DEFECTS,ON SCENE,NO INJURY / DRIVE AWAY,,,,$500 OR LESS,07/08/2025 08:32:00 AM,IMPROPER OVERTAKING/PASSING,NOT APPLICABLE,6224,W,IRVING PARK RD,1624,,,,,,,2,NO INDICATION OF INJURY,0,0,0,0,0,2,0,8,3,7,41.9530757587,-87.7827531078,POINT (-87.782753107759 41.953075758659)
706ca6d077ff1e5554d03a0f3d095a0f3250ad6a153aa5045ae7867ccb1e0b95273ea8eeb4b95e9e2711aca549151095ec96b70b95d65e2cd4487d12c87e6053,,07/08/2025 08:15:00 AM,30,TRAFFIC SIGNAL,FUNCTIONING PROPERLY,CLEAR,DAYLIGHT,REAR END,NOT DIVIDED,,STRAIGHT AND LEVEL,UNKNOWN,UNKNOWN,NOT ON SCENE (DESK REPORT),NO INJURY / DRIVE AWAY,,,,"OVER $1,500",07/09/2025 04:35:00 PM,UNABLE TO DETERMINE,NOT APPLICABLE,2348,W,PETERSON AVE,2413,,,,,,,2,NO INDICATION OF INJURY,0,0,0,0,0,2,0,8,3,7,41.990615769,-87.6891850985,POINT (-87.689185098478 41.990615769005)
b39c77676790b2a0bda93be10c6987dc3f909d520eca80e4227b432f6e2041aa8019fec1aed392cbc8a4111ef5480617043657549f08c9b0c63f12304db8dd91,,07/08/2025 08:15:00 AM,5,NO CONTROLS,NO CONTROLS,CLEAR,DAYLIGHT,PARKED MOTOR VEHICLE,PARKING LOT,,STRAIGHT AND LEVEL,DRY,NO DEFECTS,ON SCENE,INJURY AND / OR TOW DUE TO CRASH,,Y,,"OVER $1,500",07/08/2025 10:54:00 AM,UNABLE TO DETERMINE,UNABLE TO DETERMINE,509,W,BRIAR PL,1934,,,,,,,2,NO INDICATION OF INJURY,0,0,0,0,0,1,0,8,3,7,41.9386081318,-87.6423738514,POINT (-87.642373851433 41.938608131779)
b6aca3117d6e8b55f9de238040869cb021f0832440c203012cabed6b7aee2ddeb7b6ef903bdcf49859b7a3c8642f92e6c784d66a32231763dbd05be308f8b807,,07/08/2025 08:10:00 AM,30,NO CONTROLS,NO CONTROLS,CLEAR,DAYLIGHT,TURNING,ONE-WAY,,STRAIGHT AND LEVEL,DRY,NO DEFECTS,NOT ON SCENE (DESK REPORT),NO INJURY / DRIVE AWAY,Y,,Y,"OVER $1,500",07/08/2025 09:30:00 AM,FAILING TO YIELD RIGHT-OF-WAY,FAILING TO YIELD RIGHT-OF-WAY,2410,W,45TH ST,922,,,,,,,2,NO INDICATION OF INJURY,0,0,0,0,0,3,0,8,3,7,41.8121735806,-87.6850770734,POINT (-87.685077073385 41.812173580611)
e5ef11da5d3910a3e18a09951c4091417750cb05b03b8d4ef48f6a809f48365f207b3fc14ca00b2e30821c116459e2b5426b2c8cca001bb3250d5ca67d41f542,,07/08/2025 08:10:00 AM,30,NO CONTROLS,NO CONTROLS,CLEAR,DAYLIGHT,SIDESWIPE SAME DIRECTION,NOT DIVIDED,,STRAIGHT AND LEVEL,DRY,NO DEFECTS,NOT ON SCENE (DESK REPORT),NO INJURY / DRIVE AWAY,,,Y,"$501 - $1,500",07/08/2025 09:00:00 AM,FAILING TO YIELD RIGHT-OF-WAY,FAILING TO YIELD RIGHT-OF-WAY,7137,N,CLARK ST,2423,,,,,,,2,NO INDICATION OF INJURY,0,0,0,0,0,2,0,8,3,7,42.0125870615,-87.6744820537,POINT (-87.674482053744 42.012587061504)
327cf574d60a3939a27e093b41146b69e3f03dc90cf25bfe335d420ac7b6cff16f2e260e4e407f487dc7c9d8f434d8dc39e92db1f4d63d06bd48eeedad50abf0,Y,07/08/2025 08:00:00 AM,30,STOP SIGN/FLASHER,FUNCTIONING PROPERLY,CLEAR,DAYLIGHT,REAR END,FOUR WAY,,STRAIGHT AND LEVEL,DRY,NO DEFECTS,,INJURY AND / OR TOW DUE TO CRASH,,,,"OVER $1,500",07/08/2025 08:06:00 AM,FOLLOWING TOO CLOSELY,UNABLE TO DETERMINE,5501,W,LAKE ST,1523,,,,,,,2,"REPORTED, NOT EVIDENT",3,0,0,0,3,2,0,8,3,7,41.8876144017,-87.7634106074,POINT (-87.763410607393 41.887614401742)
37d1d14834003bd57bc4f90af700b29c0109727fa9951c2468c95e5dbb3351e0b67592cbd3bb452560d5b6e14e8f678d75c3772d5ec1b0a8c1d49724be094095,,07/08/2025 08:00:00 AM,30,STOP SIGN/FLASHER,FUNCTIONING PROPERLY,CLEAR,DAYLIGHT,REAR END,NOT DIVIDED,,STRAIGHT AND LEVEL,DRY,NO DEFECTS,NOT ON SCENE (DESK REPORT),NO INJURY / DRIVE AWAY,,,,$500 OR LESS,07/08/2025 08:30:00 AM,UNABLE TO DETERMINE,NOT APPLICABLE,1237,W,50TH ST,933,,,,,,,2,NO INDICATION OF INJURY,0,0,0,0,0,2,0,8,3,7,41.8031422847,-87.6565480401,POINT (-87.656548040122 41.803142284726)
51a00f101feca45c4f5bda4972d4a5a175e21f161a2fbdd69af2f0bd91be1a3aa55500ce54629b449240239176fd38488c149ca26a66fec2f56b2765babf95c3,,07/08/2025 08:00:00 AM,30,NO CONTROLS,NO CONTROLS,CLEAR,DAYLIGHT,ANGLE,NOT DIVIDED,,STRAIGHT AND LEVEL,DRY,NO DEFECTS,,NO INJURY / DRIVE AWAY,,,Y,"$501 - $1,500",07/08/2025 08:35:00 AM,FAILING TO YIELD RIGHT-OF-WAY,NOT APPLICABLE,1555,W,MONTROSE AVE,1912,,,,,,,2,NO INDICATION OF INJURY,0,0,0,0,0,2,0,8,3,7,41.9614829659,-87.6691785978,POINT (-87.669178597752 41.961482965937)
6dd3bd90411b92efbf937d81c9aa04185e6a87fd8032d9a4b677e922f9b84f52f1551aed26f492c7d706fa6d8d8ca70b112776f03b913ca2839dabb0a08ac383,,07/08/2025 08:00:00 AM,20,TRAFFIC SIGNAL,NO CONTROLS,CLEAR,DAYLIGHT,REAR END,RAMP,,STRAIGHT AND LEVEL,DRY,NO DEFECTS,ON SCENE,NO INJURY / DRIVE AWAY,,,,"OVER $1,500",07/08/2025 08:03:00 AM,FAILING TO YIELD RIGHT-OF-WAY,FOLLOWING TOO CLOSELY,645,S,CENTRAL AVE,1522,,,,,,,2,NO INDICATION OF INJURY,0,0,0,0,0,2,0,8,3,7,41.8720857699,-87.7644303474,POINT (-87.764430347356 41.872085769899)
7f5b5cf97a8ec3a239ddcbc4b4a8d749005b976e76514edb572faf7bb2323742a78ede8fe527aef197f9f4b6e491643d3a35e2f196402c4d3383e139d6acf605,,07/08/2025 07:50:00 AM,30,TRAFFIC SIGNAL,FUNCTIONING PROPERLY,CLEAR,DAYLIGHT,PEDALCYCLIST,DIVIDED - W/MEDIAN (NOT RAISED),,STRAIGHT AND LEVEL,DRY,NO DEFECTS,ON SCENE,INJURY AND / OR TOW DUE TO CRASH,Y,,,$500 OR LESS,07/08/2025 07:58:00 AM,FAILING TO REDUCE SPEED TO AVOID CRASH,UNABLE TO DETERMINE,5158,W,PALMER ST,2522,,,,,,,2,"REPORTED, NOT EVIDENT",1,0,0,0,1,1,0,7,3,7,41.9205680891,-87.7559832976,POINT (-87.755983297558 41.920568089131)
30069abfba0862a6da421afd09549bb7484bbe37465f97c68f6c84742c96440f36544214cd739469c47f8ebe7aa28a175f2f41eccdde2de783ad6a5209097162,,07/08/2025 07:45:00 AM,30,TRAFFIC SIGNAL,FUNCTIONING PROPERLY,CLEAR,DAYLIGHT,TURNING,NOT DIVIDED,,STRAIGHT AND LEVEL,DRY,UNKNOWN,ON SCENE,INJURY AND / OR TOW DUE TO CRASH,N,,,"OVER $1,500",07/08/2025 08:00:00 AM,UNABLE TO DETERMINE,UNABLE TO DETERMINE,6998,W,ARCHER AVE,811,,,,,,,2,NO INDICATION OF INJURY,0,0,0,0,0,2,0,7,3,7,41.7921738952,-87.7964006283,POINT (-87.79640062832 41.792173895184)
114b283a5d458215f25c535b7db8a7d710eb9c68b9cf75d4086e0324cedb2d91ee783eeb38d798391b03ec3f06744a1943ddb5126ad8c3d5f250ce7f3138217e,,07/08/2025 07:10:00 AM,30,NO CONTROLS,NO CONTROLS,CLEAR,DAYLIGHT,PARKED MOTOR VEHICLE,NOT DIVIDED,,STRAIGHT AND LEVEL,DRY,NO DEFECTS,ON SCENE,NO INJURY / DRIVE AWAY,,,,"$501 - $1,500",07/08/2025 07:15:00 AM,IMPROPER OVERTAKING/PASSING,NOT APPLICABLE,13088,S,EVANS AVE,533,,,,,,,2,NO INDICATION OF INJURY,0,0,0,0,0,2,0,7,3,7,41.6574592803,-87.6035525851,POINT (-87.603552585064 41.657459280266)
40ebb6ebec164606e183e44b34371ac0b2e8368aa634af329f1231b70608ac3f10eaf92104749b35d8f371e73feea290ea6acbb5e7f0169f3e22b4e57d6a2d00,,07/08/2025 07:00:00 AM,30,NO CONTROLS,NO CONTROLS,CLEAR,DAYLIGHT,SIDESWIPE SAME DIRECTION,NOT DIVIDED,,STRAIGHT AND LEVEL,DRY,NO DEFECTS,NOT ON SCENE (DESK REPORT),NO INJURY / DRIVE AWAY,,,,"$501 - $1,500",07/08/2025 08:30:00 AM,UNABLE TO DETERMINE,UNABLE TO DETERMINE,1448,E,52ND ST,234,,,,,,,2,NO INDICATION OF INJURY,0,0,0,0,0,3,0,7,3,7,41.8011100928,-87.5898888239,POINT (-87.589888823921 41.801110092824)
c6ea14039ac31001aeb1b96eb09881cb82b65c8a1d0470ffc0269e9935a898ffa1553f458165dc73afdc16481a1524056dfdb5ac9da2eb5d3c4aa5211884e260,Y,07/08/2025 07:00:00 AM,30,TRAFFIC SIGNAL,FUNCTIONING PROPERLY,CLEAR,"DARKNESS, LIGHTED ROAD",PARKED MOTOR VEHICLE,NOT DIVIDED,,STRAIGHT AND LEVEL,DRY,NO DEFECTS,NOT ON SCENE (DESK REPORT),INJURY AND / OR TOW DUE TO CRASH,,,Y,"OVER $1,500",07/09/2025 05:10:00 PM,IMPROPER LANE USAGE,FOLLOWING TOO CLOSELY,3326,N,SACRAMENTO AVE,1733,Y,,,,,,2,NO INDICATION OF INJURY,0,0,0,0,0,1,0,7,3,7,41.9418659461,-87.7029412359,POINT (-87.702941235907 41.941865946141)
0ab5afbda5c90a3f6aae1997cb54fbd34749f76307e4acd80b33f546f6a547560cb2729e2e87e29de2647efc626fdefac18de7f9d8044f6c4857db3fdff20050,,07/08/2025 06:55:00 AM,30,NO CONTROLS,NO CONTROLS,CLEAR,DAYLIGHT,SIDESWIPE SAME DIRECTION,NOT DIVIDED,,STRAIGHT AND LEVEL,DRY,NO DEFECTS,ON SCENE,NO INJURY / DRIVE AWAY,,,,"OVER $1,500",07/08/2025 06:56:00 AM,UNABLE TO DETERMINE,NOT APPLICABLE,5309,N,NAGLE AVE,1622,,,,,,,2,NO INDICATION OF INJURY,0,0,0,0,0,2,0,6,3,7,41.9777818378,-87.787687978,POINT (-87.787687977951 41.977781837831)
a2a5471557fe6e7a8d7d7f40eca782f4075149b49202f598b9199d3d1cc79f79cb2738ba5ccbd0a958fccaae4f244b6541e1764132c02b104edcccc0469edaa9,Y,07/08/2025 06:55:00 AM,30,TRAFFIC SIGNAL,FUNCTIONING PROPERLY,CLEAR,DAYLIGHT,TURNING,ONE-WAY,,STRAIGHT AND LEVEL,DRY,NO DEFECTS,NOT ON SCENE (DESK REPORT),NO INJURY / DRIVE AWAY,,,,"OVER $1,500",07/08/2025 09:29:00 PM,UNABLE TO DETERMINE,UNABLE TO DETERMINE,259,E,ERIE ST,1834,,,,,,,2,NO INDICATION OF INJURY,0,0,0,0,0,3,0,6,3,7,41.8940853807,-87.62040431,POINT (-87.620404310022 41.894085380663)
0515a586c736d5c1a7d3eb0a2c18a5dc24a2b66803e319b2cd0c5e93d4110c3bf439155e9dcccaa86a3a79f8960dfae664c32ed2b8ab95cbefdb3f7d8d33b90f,,07/08/2025 06:50:00 AM,30,TRAFFIC SIGNAL,NO CONTROLS,CLEAR,DAYLIGHT,SIDESWIPE SAME DIRECTION,NOT DIVIDED,,STRAIGHT AND LEVEL,DRY,NO DEFECTS,NOT ON SCENE (DESK REPORT),NO INJURY / DRIVE AWAY,,,,"OVER $1,500",07/08/2025 09:00:00 AM,UNABLE TO DETERMINE,NOT APPLICABLE,4332,N,SHERIDAN RD,1915,,,,,,,2,NO INDICATION OF INJURY,0,0,0,0,0,2,0,6,3,7,41.9607462314,-87.6548660864,POINT (-87.654866086379 41.960746231417)
4da0ea46ed73464fbb85db182057429ba493226799f8d95737c8619909abeecd6c7f50cd779c23c9a4e32f1adb42f12ecb0ccaae92326ddc7068c422d5fb6a38,,07/08/2025 06:50:00 AM,30,UNKNOWN,UNKNOWN,UNKNOWN,UNKNOWN,SIDESWIPE SAME DIRECTION,NOT DIVIDED,,STRAIGHT AND LEVEL,UNKNOWN,UNKNOWN,NOT ON SCENE (DESK REPORT),NO INJURY / DRIVE AWAY,,,,"OVER $1,500",07/08/2025 09:00:00 AM,UNABLE TO DETERMINE,UNABLE TO DETERMINE,1436,E,52ND ST,234,,,,,,,2,NO INDICATION OF INJURY,0,0,0,0,0,2,0,6,3,7,41.8011026179,-87.5904094186,POINT (-87.590409418622 41.80110261792)
803b1d83197f1be6bbf3bda1200b60b3659cd51bfd0ef3aea4e3d86faba9201fce78f233000ed190cc2f76fa067e6bdd6515a6188590c6a314a93d3fde9ef5b1,,07/08/2025 06:50:00 AM,30,TRAFFIC SIGNAL,FUNCTIONING PROPERLY,CLEAR,DAYLIGHT,REAR END,ONE-WAY,,STRAIGHT AND LEVEL,DRY,NO DEFECTS,NOT ON SCENE (DESK REPORT),NO INJURY / DRIVE AWAY,,,,"OVER $1,500",07/08/2025 07:00:00 AM,FOLLOWING TOO CLOSELY,NOT APPLICABLE,15,E,OHIO ST,1834,,,,,,,2,NO INDICATION OF INJURY,0,0,0,0,0,2,0,6,3,7,41.8923709242,-87.627415892,POINT (-87.627415892018 41.892370924192)
d5f59f746ac504bc2bd8d0bc226028bb050b3292da020c588c77f5352b605022b17c3bc96720dc65efddde79948ddc7b7bbcae7bd92fb3d64d145c887ff0341a,,07/08/2025 06:26:00 AM,25,TRAFFIC SIGNAL,FUNCTIONING PROPERLY,CLEAR,DAYLIGHT,TURNING,FOUR WAY,,STRAIGHT AND LEVEL,DRY,NO DEFECTS,ON SCENE,NO INJURY / DRIVE AWAY,,,,"$501 - $1,500",07/08/2025 06:28:00 AM,DRIVING SKILLS/KNOWLEDGE/EXPERIENCE,DRIVING SKILLS/KNOWLEDGE/EXPERIENCE,4346,N,BROADWAY,1915,,,,,,,2,NO INDICATION OF INJURY,0,0,0,0,0,3,0,6,3,7,41.9612917555,-87.6549916956,POINT (-87.654991695551 41.961291755509)
587c05cc3e9895ab9ded8353f45e9139e937c8597deb4bf6a19c1c53c8c56f0915e8ed7f7e06c29de6dc14cc8949b591d21985e12e95d1b312525a21fe066fda,N,07/08/2025 06:25:00 AM,35,NO CONTROLS,NO CONTROLS,CLEAR,DAYLIGHT,REAR END,DIVIDED - W/MEDIAN (NOT RAISED),,STRAIGHT AND LEVEL,DRY,NO DEFECTS,ON SCENE,INJURY AND / OR TOW DUE TO CRASH,,,,"OVER $1,500",07/08/2025 06:27:00 AM,FAILING TO REDUCE SPEED TO AVOID CRASH,NOT APPLICABLE,3701,W,COLUMBUS AVE,834,,,,,,,2,NONINCAPACITATING INJURY,1,0,0,1,0,3,0,6,3,7,41.7410870717,-87.7142799095,POINT (-87.714279909482 41.741087071735)
9c014901fcc6823d5df3b58a2179ee23ba3930e26eab391e801a396c7ca7e9f6ef1cb2a68918ca2bec1090cd85ad589b7dab7f496459382d1f6b8c0e1812305b,,07/08/2025 06:15:00 AM,15,NO CONTROLS,NO CONTROLS,CLEAR,DAYLIGHT,PARKED MOTOR VEHICLE,PARKING LOT,,STRAIGHT AND LEVEL,DRY,NO DEFECTS,ON SCENE,NO INJURY / DRIVE AWAY,,,,"OVER $1,500",07/08/2025 04:10:00 PM,UNABLE TO DETERMINE,NOT APPLICABLE,10000,W,OHARE ST,1651,,,,,,,2,NO INDICATION OF INJURY,0,0,0,0,0,1,0,6,3,7,41.976201139,-87.9053091251,POINT (-87.905309125103 41.976201139024)
b9a57677518a68c0c33f12be7e6443a590093189f5f82feb7393555214156a76425efe003407f1bc356902b93f9412d6c6b75ca5070c615123eb7ee8d4eb13bb,,07/08/2025 06:00:00 AM,30,NO CONTROLS,NO CONTROLS,CLEAR,"DARKNESS, LIGHTED ROAD",PARKED MOTOR VEHICLE,DIVIDED - W/MEDIAN (NOT RAISED),,STRAIGHT AND LEVEL,DRY,NO DEFECTS,NOT ON SCENE (DESK REPORT),NO INJURY / DRIVE AWAY,,,Y,"OVER $1,500",07/08/2025 07:50:00 AM,UNABLE TO DETERMINE,NOT APPLICABLE,2820,W,35TH ST,911,,,,,,,2,NO INDICATION OF INJURY,0,0,0,0,0,1,0,6,3,7,41.8301572717,-87.6956096149,POINT (-87.695609614938 41.830157271723)
0a3bb210fe815dc4d0d81b459762b9147275f2f9d886f02e4494727c200e351e24791c5b2e0320498567ce5f1129fa3535d13ac11e615f65cfcbce9c3fd68362,,07/08/2025 05:40:00 AM,30,NO CONTROLS,NO CONTROLS,CLEAR,DAWN,PEDALCYCLIST,DIVIDED - W/MEDIAN (NOT RAISED),,STRAIGHT AND LEVEL,DRY,NO DEFECTS,NOT ON SCENE (DESK REPORT),INJURY AND / OR TOW DUE TO CRASH,,,,$500 OR LESS,07/09/2025 03:00:00 PM,UNABLE TO DETERMINE,UNABLE TO DETERMINE,3535,W,GRAND AVE,1121,,,,,,,2,NONINCAPACITATING INJURY,1,0,0,1,0,3,0,5,3,7,41.9014985429,-87.7149919977,POINT (-87.714991997694 41.901498542896)
8f5ef349d963d9004dd2468d095928258ed5e5b77a9de9ebfe9ec6cffdee2b37af47207ff4f8ebf97dcf54b2c7499dfec21f26a2b79237982c0a709cfb3018a6,,07/08/2025 04:15:00 AM,30,NO CONTROLS,NO CONTROLS,CLEAR,DARKNESS,PARKED MOTOR VEHICLE,NOT DIVIDED,,STRAIGHT AND LEVEL,DRY,UNKNOWN,NOT ON SCENE (DESK REPORT),NO INJURY / DRIVE AWAY,,,,"OVER $1,500",07/08/2025 05:05:00 AM,DISTRACTION - FROM OUTSIDE VEHICLE,UNABLE TO DETERMINE,3800,N,SHEFFIELD AVE,1923,,,,,,,2,NO INDICATION OF INJURY,0,0,0,0,0,1,0,4,3,7,41.9511994781,-87.6545938068,POINT (-87.654593806796 41.951199478068)
4163831305b0f9bf1501e2dbb10c22219c14cc0c6f3462bc7233f4a439a78aa6f6e4cc5d9b928dc8f07151a1c4a7487b86ee52eed37beab6beebfc10940a14b4,Y,07/08/2025 03:00:00 AM,25,NO CONTROLS,NO CONTROLS,CLEAR,"DARKNESS, LIGHTED ROAD",PARKED MOTOR VEHICLE,NOT DIVIDED,,STRAIGHT AND LEVEL,DRY,NO DEFECTS,NOT ON SCENE (DESK REPORT),NO INJURY / DRIVE AWAY,,,Y,"OVER $1,500",07/09/2025 01:02:00 PM,UNABLE TO DETERMINE,NOT APPLICABLE,9241,S,BURNSIDE AVE,633,,,,,,,2,NO INDICATION OF INJURY,0,0,0,0,0,1,0,3,3,7,41.7266068331,-87.6133464683,POINT (-87.613346468272 41.726606833122)
56f2b73782c0e8516cf13b0e01c824291605bf54240d19cafc59b511f18bc1fde23a395e92fac61c7586395ad6851df10b00c5ff9d0ca89a638fa4c9e02bc1f5,,07/08/2025 02:52:00 AM,30,NO CONTROLS,NO CONTROLS,CLEAR,"DARKNESS, LIGHTED ROAD",PARKED MOTOR VEHICLE,ONE-WAY,,STRAIGHT AND LEVEL,DRY,NO DEFECTS,ON SCENE,NO INJURY / DRIVE AWAY,,,,"OVER $1,500",07/08/2025 02:52:00 AM,UNABLE TO DETERMINE,NOT APPLICABLE,55,N,WALLER AVE,1513,,,,,,,2,NO INDICATION OF INJURY,0,0,0,0,0,2,0,2,3,7,41.8818635392,-87.7680370342,POINT (-87.76803703416 41.881863539199)
2c82601f4678bd1532a3389c7943b943b59d253f5628208cf046790d74a3e17f62c2f6c602dd14f30dc3ff6364432e610f0bc4bc0e82f872886ef127b5f5e463,,07/08/2025 01:58:00 AM,30,TRAFFIC SIGNAL,FUNCTIONING PROPERLY,CLEAR,"DARKNESS, LIGHTED ROAD",ANGLE,FOUR WAY,,STRAIGHT AND LEVEL,DRY,NO DEFECTS,,INJURY AND / OR TOW DUE TO CRASH,Y,,,"OVER $1,500",07/08/2025 01:59:00 AM,UNABLE TO DETERMINE,UNABLE TO DETERMINE,7600,S,ASHLAND AVE,611,,,,,,,2,NONINCAPACITATING INJURY,1,0,0,1,0,2,0,1,3,7,41.7557194408,-87.6637177842,POINT (-87.663717784195 41.755719440847)
34f96b2ab3ebafd2aa51531684fc6d160c2d2e54502e752cba7ba4191658187d6065564255e60b4814ea90fa347e1ffccc247ec5e8df8a628e9ad60178028681,,07/08/2025 01:40:00 AM,35,UNKNOWN,UNKNOWN,CLEAR,"DARKNESS, LIGHTED ROAD",REAR END,NOT DIVIDED,,STRAIGHT AND LEVEL,DRY,NO DEFECTS,ON SCENE,INJURY AND / OR TOW DUE TO CRASH,,,,"OVER $1,500",07/08/2025 01:41:00 AM,FOLLOWING TOO CLOSELY,NOT APPLICABLE,599,N,CICERO AVE,1111,,,,,,,2,NONINCAPACITATING INJURY,1,0,0,1,0,2,0,1,3,7,41.8913392689,-87.7455309066,POINT (-87.745530906567 41.891339268915)
fc97879798037b604ee61768b02a02119c25bb5a7886fa34312c9e4843e26278a7cb901f0c860b98bcd4d293918cac94afc6a32d830b5082de89282d728acede,,07/08/2025 12:47:00 AM,30,TRAFFIC SIGNAL,FUNCTIONING PROPERLY,CLEAR,"DARKNESS, LIGHTED ROAD",PARKED MOTOR VEHICLE,DIVIDED - W/MEDIAN BARRIER,,STRAIGHT AND LEVEL,DRY,NO DEFECTS,ON SCENE,INJURY AND / OR TOW DUE TO CRASH,,,Y,"OVER $1,500",07/08/2025 12:48:00 AM,DRIVING SKILLS/KNOWLEDGE/EXPERIENCE,NOT APPLICABLE,200,S,MICHIGAN AVE,113,,,,,,,2,NO INDICATION OF INJURY,0,0,0,0,0,1,0,0,3,7,41.8794893287,-87.6244981249,POINT (-87.624498124934 41.879489328698)
75a563e1cd4c29ffdebe2dc242ae34a98da7241236e80767e6e947463cd2a423530239ec93eea3f523d26ff0b4263b669d29404d431553309b8e8aab132fdbe0,,07/08/2025 12:45:00 AM,30,TRAFFIC SIGNAL,FUNCTIONING PROPERLY,CLEAR,"DARKNESS, LIGHTED ROAD",SIDESWIPE SAME DIRECTION,NOT DIVIDED,,STRAIGHT AND LEVEL,DRY,NO DEFECTS,ON SCENE,NO INJURY / DRIVE AWAY,,,Y,"OVER $1,500",07/08/2025 12:47:00 AM,NOT APPLICABLE,DRIVING SKILLS/KNOWLEDGE/EXPERIENCE,500,N,LA SALLE DR,1831,,,,,,,2,NO INDICATION OF INJURY,0,0,0,0,0,2,0,0,3,7,41.8908414572,-87.6327062777,POINT (-87.632706277654 41.890841457198)
09a677385cf2539d88bda8b72d65432371566b6cf108c181ffa538b27d00703820e8d3a949f6368b8c3753747d1c2032191b136c921ece15f01a205e378cac9e,,07/08/2025 12:17:00 AM,30,TRAFFIC SIGNAL,FUNCTIONING PROPERLY,CLEAR,"DARKNESS, LIGHTED ROAD",REAR END,NOT DIVIDED,,STRAIGHT AND LEVEL,DRY,NO DEFECTS,ON SCENE,NO INJURY / DRIVE AWAY,,,N,"OVER $1,500",07/08/2025 12:42:00 AM,FOLLOWING TOO CLOSELY,NOT APPLICABLE,4699,N,ELSTON AVE,1722,,,,,,,2,NO INDICATION OF INJURY,0,0,0,0,0,2,0,0,3,7,41.9663699993,-87.7373894347,POINT (-87.737389434746 41.966369999316)
b8b2c6433299f446b6d6daad75dfd2703e502e60a60d38ce7c7ba9ca56af9ed041b8d1a7d72299761983f99273e562cc8af18f2de732760feda733fabd20d2b0,,07/08/2025 12:15:00 AM,30,NO CONTROLS,NO CONTROLS,CLEAR,"DARKNESS, LIGHTED ROAD",REAR END,ONE-WAY,,STRAIGHT AND LEVEL,DRY,NO DEFECTS,NOT ON SCENE (DESK REPORT),NO INJURY / DRIVE AWAY,,,Y,"$501 - $1,500",07/08/2025 01:15:00 AM,FOLLOWING TOO CLOSELY,NOT APPLICABLE,3818,W,ADAMS ST,1122,,,,,,,2,NO INDICATION OF INJURY,0,0,0,0,0,2,0,0,3,7,41.8781412855,-87.7214954872,POINT (-87.721495487159 41.878141285454)