CRASH_RECORD_ID,CRASH_DATE_EST_I,CRASH_DATE,POSTED_SPEED_LIMIT,TRAFFIC_CONTROL_DEVICE,DEVICE_CONDITION,WEATHER_CONDITION,LIGHTING_CONDITION,FIRST_CRASH_TYPE,TRAFFICWAY_TYPE,LANE_CNT,ALIGNMENT,ROADWAY_SURFACE_COND,ROAD_DEFECT,REPORT_TYPE,CRASH_TYPE,INTERSECTION_RELATED_I,NOT_RIGHT_OF_WAY_I,HIT_AND_RUN_I,DAMAGE,DATE_POLICE_NOTIFIED,PRIM_CONTRIBUTORY_CAUSE,SEC_CONTRIBUTORY_CAUSE,STREET_NO,STREET_DIRECTION,STREET_NAME,BEAT_OF_OCCURRENCE,PHOTOS_TAKEN_I,STATEMENTS_TAKEN_I,DOORING_I,WORK_ZONE_I,WORK_ZONE_TYPE,WORKERS_PRESENT_I,NUM_UNITS,MOST_SEVERE_INJURY,INJURIES_TOTAL,INJURIES_FATAL,INJURIES_INCAPACITATING,INJURIES_NON_INCAPACITATING,INJURIES_REPORTED_NOT_EVIDENT,INJURIES_NO_INDICATION,INJURIES_UNKNOWN,CRASH_HOUR,CRASH_DAY_OF_WEEK,CRASH_MONTH,LATITUDE,LONGITUDE,LOCATION
d91aa7812dad8f5c0993be0ba897e16c33b021a7a82205811337caaf7898f80caaf95391f500e43bbb4ee107218caf9f7429bd24262c465790c4c4ba22029f45,,07/08/2025 12:09:00 AM,20,NO CONTROLS,NO CONTROLS,CLEAR,DARKNESS,REAR END,ONE-WAY,,STRAIGHT AND LEVEL,DRY,NO DEFECTS,NOT ON SCENE (DESK REPORT),NO INJURY / DRIVE AWAY,,,,"$501 - $1,500",07/08/2025 12:35:00 AM,UNABLE TO DETERMINE,NOT APPLICABLE,1666,W,FARWELL AVE,2431,,,,,,,2,NO INDICATION OF INJURY,0,0,0,0,0,2,0,0,3,7,42.0066840358,-87.6725164729,POINT (-87.672516472919 42.006684035768)
f4c5ea7c6e11c5333a255d4ad2f5da4d2da427494c498ce6698dcf1bcc1c66748d0bf2dcf5726a141340c8c1ea2a71ae5b2dfad8ca31a381d0e0c7d85332c10b,,07/07/2025 11:39:00 PM,25,NO CONTROLS,NO CONTROLS,CLEAR,"DARKNESS, LIGHTED ROAD",PARKED MOTOR VEHICLE,NOT DIVIDED,,STRAIGHT AND LEVEL,DRY,NO DEFECTS,ON SCENE,INJURY AND / OR TOW DUE TO CRASH,,,,"OVER $1,500",07/07/2025 11:39:00 PM,IMPROPER TURNING/NO SIGNAL,EQUIPMENT - VEHICLE CONDITION,750,S,ST LOUIS AVE,1133,,Y,,,,,4,NO INDICATION OF INJURY,0,0,0,0,0,2,0,23,2,7,41.8711719698,-87.7132832443,POINT (-87.713283244323 41.871171969783)
94c528f3627d057c522b8426886f345cf663ac8e3af805862aa6caafaf56319c1c3bb1329923c3a9eaaf66589d08348486e18e029259df89b2cf62c0847bc5d2,,07/07/2025 11:20:00 PM,30,NO CONTROLS,NO CONTROLS,CLEAR,"DARKNESS, LIGHTED ROAD",TURNING,NOT DIVIDED,,STRAIGHT AND LEVEL,DRY,UNKNOWN,ON SCENE,INJURY AND / OR TOW DUE TO CRASH,Y,,,"OVER $1,500",07/07/2025 11:26:00 PM,FAILING TO YIELD RIGHT-OF-WAY,NOT APPLICABLE,1259,S,PULASKI RD,1011,,,,,,,2,NONINCAPACITATING INJURY,2,0,0,2,0,2,0,23,2,7,41.86443443,-87.7249699335,POINT (-87.724969933503 41.864434430012)
208b9a120ce7d3026d0a6d2a0afda4128ae4abbfeb42a13ba94d9055ffd097031045a81f7275139fae6b3cbee126e9b50a7f2d4bcc710ae4fcf7797de8ef7db7,,07/07/2025 11:19:00 PM,30,NO CONTROLS,NO CONTROLS,CLEAR,"DARKNESS, LIGHTED ROAD",SIDESWIPE SAME DIRECTION,NOT DIVIDED,,STRAIGHT AND LEVEL,DRY,NO DEFECTS,,NO INJURY / DRIVE AWAY,Y,,Y,"OVER $1,500",07/08/2025 01:50:00 AM,UNABLE TO DETERMINE,UNABLE TO DETERMINE,3100,S,WESTERN AVE,911,,,,,,,2,NO INDICATION OF INJURY,0,0,0,0,0,3,0,23,2,7,41.8377948997,-87.685148751,POINT (-87.685148751027 41.837794899723)
341f8ab58ffc30d305a2eedea2561dc4661998cb57db480ff750f919fdc872ffeb775daf8b7fe913d675e343c861b1670b626a58b0b16d7a0458102d68544216,N,07/07/2025 11:00:00 PM,30,NO CONTROLS,NO CONTROLS,CLEAR,"DARKNESS, LIGHTED ROAD",OTHER OBJECT,DIVIDED - W/MEDIAN (NOT RAISED),,STRAIGHT AND LEVEL,DRY,NO DEFECTS,ON SCENE,INJURY AND / OR TOW DUE TO CRASH,,,,"$501 - $1,500",07/07/2025 11:02:00 PM,UNABLE TO DETERMINE,NOT APPLICABLE,2507,N,HALSTED ST,1935,,,,,,,2,NONINCAPACITATING INJURY,1,0,0,1,0,0,0,23,2,7,41.9278351227,-87.6487002337,POINT (-87.648700233726 41.927835122658)
6bdafa99d5fa9d22715f8eedccd6dcba7d30e18e7760c3b2ea2ce814cf9c6c79f0e61909e69cf59a4347c34f89c156fc6a7ca55a7a9359a893b4e3d95e434daf,,07/07/2025 11:00:00 PM,30,NO CONTROLS,NO CONTROLS,CLEAR,"DARKNESS, LIGHTED ROAD",PARKED MOTOR VEHICLE,ONE-WAY,,STRAIGHT AND LEVEL,DRY,UNKNOWN,,NO INJURY / DRIVE AWAY,,,,"OVER $1,500",07/07/2025 11:05:00 PM,NOT APPLICABLE,NOT APPLICABLE,4707,S,MARSHFIELD AVE,931,,,,,,,2,NO INDICATION OF INJURY,0,0,0,0,0,1,0,23,2,7,41.8083640191,-87.666033435,POINT (-87.666033434994 41.808364019131)
72d8ff27756bec9e9c9bc615299c00351c72e2b43f19db8cdce71e303f0c7279974af75ff1376cb2a348aefa1f89e2cf2989929bd0eff00e4a8e5e6d6b281b9f,Y,07/07/2025 11:00:00 PM,30,NO CONTROLS,NO CONTROLS,UNKNOWN,UNKNOWN,PARKED MOTOR VEHICLE,NOT DIVIDED,,STRAIGHT AND LEVEL,UNKNOWN,UNKNOWN,NOT ON SCENE (DESK REPORT),NO INJURY / DRIVE AWAY,,,Y,"OVER $1,500",07/10/2025 02:05:00 PM,UNABLE TO DETERMINE,NOT APPLICABLE,842,N,HAMLIN AVE,1112,Y,,,,,,2,NO INDICATION OF INJURY,0,0,0,0,0,1,0,23,2,7,41.8966903844,-87.7213808335,POINT (-87.721380833541 41.896690384382)
de4bf6ce8630cf036a49b9aaa52eb7402a760a722a2ab8b87ef42daa545ebb0689a0560d1437451f9d18ba932e84c89dc67520c3ef98b8ebd3202e2b75bd5d91,,07/07/2025 11:00:00 PM,30,NO CONTROLS,NO CONTROLS,CLEAR,"DARKNESS, LIGHTED ROAD",TURNING,NOT DIVIDED,,STRAIGHT AND LEVEL,DRY,NO DEFECTS,NOT ON SCENE (DESK REPORT),NO INJURY / DRIVE AWAY,,,Y,"OVER $1,500",07/08/2025 05:50:00 PM,FAILING TO YIELD RIGHT-OF-WAY,UNABLE TO DETERMINE,4601,N,BROADWAY,1914,,,,,,,2,NO INDICATION OF INJURY,0,0,0,0,0,2,0,23,2,7,41.9655235084,-87.657390798,POINT (-87.657390797953 41.965523508419)
2ecef9322bf5d70836b0053e58e6a60cc22454a474f9375fd4cf5f5494c01dc09c6ece9c6c759893a2e2e13006c53a7e9d1810773537d34c247a52bb631bb203,,07/07/2025 10:54:00 PM,35,OTHER,FUNCTIONING PROPERLY,CLEAR,"DARKNESS, LIGHTED ROAD",TURNING,NOT DIVIDED,,STRAIGHT AND LEVEL,DRY,NO DEFECTS,ON SCENE,INJURY AND / OR TOW DUE TO CRASH,Y,,,"OVER $1,500",07/07/2025 10:55:00 PM,IMPROPER TURNING/NO SIGNAL,IMPROPER TURNING/NO SIGNAL,798,W,59TH ST,711,,,,,,,2,"REPORTED, NOT EVIDENT",1,0,0,0,1,1,0,22,2,7,41.787135717,-87.6449109115,POINT (-87.64491091154 41.78713571699)
2301e6f7b53712eb33dab7fbde21f8ad4d272295c2f6730a5a56d2524bd59bfe4db9990817a5fc2320faec3f5b26c7893e7b0f6bcd3f473060e057cf28a531a1,N,07/07/2025 10:30:00 PM,30,NO CONTROLS,NO CONTROLS,CLEAR,"DARKNESS, LIGHTED ROAD",PARKED MOTOR VEHICLE,DIVIDED - W/MEDIAN (NOT RAISED),,STRAIGHT AND LEVEL,DRY,NO DEFECTS,ON SCENE,INJURY AND / OR TOW DUE TO CRASH,,,,"OVER $1,500",07/08/2025 12:15:00 AM,NOT APPLICABLE,NOT APPLICABLE,1151,E,47TH ST,222,,,,,,,2,NO INDICATION OF INJURY,0,0,0,0,0,1,0,22,2,7,41.8095276453,-87.5972539931,POINT (-87.597253993088 41.809527645318)
950011b5c9c1ed4c9c7cbc4647e37ee0a997959e4cdd1702018bdf07ec0eb6cc241fda357b1f7b127b9228f253ab863d7e3ccd660e789610f8cad34dc7800160,,07/07/2025 10:15:00 PM,30,NO CONTROLS,NO CONTROLS,CLEAR,DARKNESS,PARKED MOTOR VEHICLE,NOT DIVIDED,,STRAIGHT AND LEVEL,UNKNOWN,UNKNOWN,ON SCENE,INJURY AND / OR TOW DUE TO CRASH,,,,"OVER $1,500",07/07/2025 10:18:00 PM,UNABLE TO DETERMINE,NOT APPLICABLE,1545,N,PULASKI RD,2535,,,,,,,2,NO INDICATION OF INJURY,0,0,0,0,0,1,0,22,2,7,41.9094500796,-87.7263301777,POINT (-87.726330177734 41.909450079555)
e2116fde5db4cf5ffa7a18648fb4a37f48c145e8dd383a7d56ed14dee2980426c7995d9ece68eeea7e241201ef1b112ac2474210796064faa8c3158cb6e8e383,,07/07/2025 10:10:00 PM,10,NO CONTROLS,NO CONTROLS,CLEAR,"DARKNESS, LIGHTED ROAD",PARKED MOTOR VEHICLE,PARKING LOT,,STRAIGHT AND LEVEL,UNKNOWN,UNKNOWN,NOT ON SCENE (DESK REPORT),NO INJURY / DRIVE AWAY,,Y,Y,"OVER $1,500",07/07/2025 10:35:00 PM,IMPROPER BACKING,NOT APPLICABLE,443,E,34TH ST,211,,,,,,,2,NO INDICATION OF INJURY,0,0,0,0,0,1,0,22,2,7,41.8330447382,-87.6146113644,POINT (-87.614611364432 41.833044738179)
fffcead9b83f3fddd3b19592816e4102053a5f889db13a9f3ca3e596e7cfbe106b17bc74a8c03d0b256c3d25e3211feeca799d267a50698372731b428001ca4f,,07/07/2025 10:05:00 PM,30,STOP SIGN/FLASHER,FUNCTIONING PROPERLY,CLEAR,"DARKNESS, LIGHTED ROAD",REAR END,NOT DIVIDED,,STRAIGHT AND LEVEL,DRY,UNKNOWN,NOT ON SCENE (DESK REPORT),NO INJURY / DRIVE AWAY,,,,"OVER $1,500",07/07/2025 10:46:00 PM,UNABLE TO DETERMINE,UNABLE TO DETERMINE,3300,S,RHODES AVE,211,,,,,,,2,NO INDICATION OF INJURY,0,0,0,0,0,7,0,22,2,7,41.8346593353,-87.6146311333,POINT (-87.614631133262 41.834659335329)
fc8db03022e6ee2f2e3594098020d66dbea6dc1a2dce0738ce24c7ec6d4959030f07a4b4232e1cb9f742160687c509fea31b57c038f90fd39a5f474fd44f5acf,,07/07/2025 10:00:00 PM,30,TRAFFIC SIGNAL,FUNCTIONING PROPERLY,CLEAR,"DARKNESS, LIGHTED ROAD",REAR END,NOT DIVIDED,,STRAIGHT AND LEVEL,DRY,NO DEFECTS,NOT ON SCENE (DESK REPORT),INJURY AND / OR TOW DUE TO CRASH,,,Y,"OVER $1,500",07/07/2025 11:10:00 PM,FAILING TO YIELD RIGHT-OF-WAY,IMPROPER OVERTAKING/PASSING,12800,S,INDIANA AVE,532,,,,,,,2,NO INDICATION OF INJURY,0,0,0,0,0,2,0,22,2,7,41.6618532075,-87.6180349188,POINT (-87.618034918833 41.661853207514)
fd688b71496130eec6e6a221aa6ef94c7d49c11434ced1af6f5bc6d6d2527fe760c7d0fc5afa5d718197fb7106e32b6c3377d3ae74f1bac1701494c6d30a2e46,,07/07/2025 10:00:00 PM,25,NO CONTROLS,NO CONTROLS,CLEAR,"DARKNESS, LIGHTED ROAD",PARKED MOTOR VEHICLE,ONE-WAY,,STRAIGHT AND LEVEL,DRY,NO DEFECTS,ON SCENE,INJURY AND / OR TOW DUE TO CRASH,,,Y,"OVER $1,500",07/08/2025 12:18:00 AM,UNABLE TO DETERMINE,NOT APPLICABLE,5937,W,BYRON ST,1633,,,,,,,3,NO INDICATION OF INJURY,0,0,0,0,0,1,0,22,2,7,41.9511122556,-87.7757493094,POINT (-87.775749309426 41.951112255646)
a73fba8face9048e373319ed4e6ad83da8e758ae7651311e1d52288115c0450e1b47059c4f1a3b723cf737eef7f6da6372d8a4a724d96f384adb44abfaa40dc6,,07/07/2025 09:54:00 PM,30,STOP SIGN/FLASHER,FUNCTIONING PROPERLY,CLEAR,"DARKNESS, LIGHTED ROAD",SIDESWIPE SAME DIRECTION,DIVIDED - W/MEDIAN (NOT RAISED),,STRAIGHT AND LEVEL,DRY,NO DEFECTS,ON SCENE,NO INJURY / DRIVE AWAY,,,,"OVER $1,500",07/08/2025 02:45:00 PM,FAILING TO YIELD RIGHT-OF-WAY,NOT APPLICABLE,6705,S,HALSTED ST,723,,,,,,,2,NO INDICATION OF INJURY,0,0,0,0,0,2,0,21,2,7,41.7722713101,-87.6444455978,POINT (-87.644445597803 41.772271310132)
f6169507a65b05633c423ce5f4c5dfc6aaca91cfbd941b0da399ea1cbbe341ec837af4dec2f2304b6ebe0a2198799f0b66f4fa7e9860af5a0b53f2d5e1876ab1,,07/07/2025 09:50:00 PM,30,STOP SIGN/FLASHER,NO CONTROLS,CLEAR,"DARKNESS, LIGHTED ROAD",REAR END,NOT DIVIDED,,STRAIGHT AND LEVEL,DRY,NO DEFECTS,NOT ON SCENE (DESK REPORT),NO INJURY / DRIVE AWAY,,,,"OVER $1,500",07/07/2025 10:50:00 PM,FOLLOWING TOO CLOSELY,NOT APPLICABLE,4940,W,LAWRENCE AVE,1623,,,,,,,2,NO INDICATION OF INJURY,0,0,0,0,0,2,0,21,2,7,41.9680854605,-87.7518758893,POINT (-87.751875889288 41.96808546052)
b6e46e4c328f11a616eb29ae8019cff31b57863c3a03d55346e7d9b8eff83beced4740fdcb137ea1b58f943ccf66e56bdf29a9c487f7e19f089910c6ca45fe4b,,07/07/2025 09:43:00 PM,30,NO CONTROLS,NO CONTROLS,CLEAR,"DARKNESS, LIGHTED ROAD",REAR END,NOT DIVIDED,,STRAIGHT AND LEVEL,DRY,NO DEFECTS,NOT ON SCENE (DESK REPORT),NO INJURY / DRIVE AWAY,,,Y,"OVER $1,500",07/07/2025 10:22:00 PM,UNABLE TO DETERMINE,NOT APPLICABLE,4400,S,LAWLER AVE,814,,,,,,,2,NO INDICATION OF INJURY,0,0,0,0,0,4,0,21,2,7,41.8129170635,-87.7495641604,POINT (-87.749564160354 41.812917063548)
19c8b55ff03f018233de12359907287c6cef06f6c1d5e118cc0d42bb9169b367d3cc4a7db9f4c67ca0b8a5d0885e3376f2e458a829cc50fd2d490305f841a59b,,07/07/2025 09:40:00 PM,30,STOP SIGN/FLASHER,NO CONTROLS,CLEAR,DARKNESS,ANGLE,UNKNOWN,,STRAIGHT AND LEVEL,DRY,UNKNOWN,NOT ON SCENE (DESK REPORT),NO INJURY / DRIVE AWAY,Y,,,"OVER $1,500",07/07/2025 10:20:00 PM,UNABLE TO DETERMINE,UNABLE TO DETERMINE,8100,S,LOOMIS BLVD,614,,,,,,,2,NO INDICATION OF INJURY,0,0,0,0,0,2,0,21,2,7,41.7466929011,-87.6586374116,POINT (-87.658637411569 41.746692901132)
035b30904c653fce408a5e62e7617b17efbc6712e2c4f3a45177c16f3a0b928c558bcde5e34e35b43e489e91272e20562f88d31371352b2b82f864ad68d2b35f,,07/07/2025 09:31:00 PM,30,TRAFFIC SIGNAL,FUNCTIONING PROPERLY,CLEAR,"DARKNESS, LIGHTED ROAD",REAR END,CENTER TURN LANE,,STRAIGHT AND LEVEL,DRY,NO DEFECTS,NOT ON SCENE (DESK REPORT),INJURY AND / OR TOW DUE TO CRASH,Y,,,"$501 - $1,500",07/07/2025 09:31:00 PM,FAILING TO YIELD RIGHT-OF-WAY,FOLLOWING TOO CLOSELY,3059,S,LA SALLE ST,914,,,,,,,2,"REPORTED, NOT EVIDENT",1,0,0,0,1,2,0,21,2,7,41.8383355085,-87.6298796996,POINT (-87.629879699583 41.83833550846)
39927bfc959e6c41b3e2395cb3d28ae229bb35f91095458d4dd8a7cd475ad9832bc7dba0a8c058acfee37447f876130dd001d2b621d3195e5c24adbe0f0ba289,,07/07/2025 09:22:00 PM,30,UNKNOWN,UNKNOWN,CLEAR,"DARKNESS, LIGHTED ROAD",REAR END,FOUR WAY,,STRAIGHT AND LEVEL,DRY,UNKNOWN,NOT ON SCENE (DESK REPORT),NO INJURY / DRIVE AWAY,,,Y,"OVER $1,500",07/07/2025 09:48:00 PM,UNABLE TO DETERMINE,UNABLE TO DETERMINE,2,E,63RD ST,311,,,,,,,2,NO INDICATION OF INJURY,0,0,0,0,0,3,0,21,2,7,41.7801686309,-87.6252922674,POINT (-87.625292267357 41.780168630918)
42344408e999c71c45435ff703da7a697b3f54c5a50fc401f64907e42722b2772acd88b7f816a908298b1411e71938988570e8b2f183b66b21b36af3489861c4,,07/07/2025 09:21:00 PM,30,STOP SIGN/FLASHER,FUNCTIONING PROPERLY,CLEAR,"DARKNESS, LIGHTED ROAD",TURNING,FOUR WAY,,STRAIGHT AND LEVEL,DRY,NO DEFECTS,ON SCENE,INJURY AND / OR TOW DUE TO CRASH,Y,,Y,"OVER $1,500",07/07/2025 09:21:00 PM,FAILING TO YIELD RIGHT-OF-WAY,IMPROPER TURNING/NO SIGNAL,7900,S,VERNON AVE,624,,Y,,,,,3,NONINCAPACITATING INJURY,1,0,0,1,0,2,0,21,2,7,41.7510457019,-87.6138577197,POINT (-87.613857719748 41.751045701871)
cf6e498de722d638840035598503ae3424f23ace7ac000f35891f916d5c90b03121d9df95a82a3b1d4cee26c7fcb8720807b3fa4ec4be9da3a1c584c25a58209,,07/07/2025 09:15:00 PM,30,NO CONTROLS,NO CONTROLS,CLEAR,"DARKNESS, LIGHTED ROAD",SIDESWIPE SAME DIRECTION,NOT DIVIDED,,STRAIGHT AND LEVEL,DRY,NO DEFECTS,NOT ON SCENE (DESK REPORT),NO INJURY / DRIVE AWAY,,,Y,"OVER $1,500",07/07/2025 10:19:00 PM,IMPROPER OVERTAKING/PASSING,IMPROPER OVERTAKING/PASSING,3455,S,CALIFORNIA AVE,911,Y,,,,,,2,NO INDICATION OF INJURY,0,0,0,0,0,2,0,21,2,7,41.830257027,-87.6946530999,POINT (-87.694653099908 41.83025702698)
d2f15d6ee67c9ee34a956c0e3c8cd85dd3e91e54f0c132b5751545ddab8d4ae209cfec90d7a058175e26a8a6b52c3619e5d3342c7ab6d2024e00d5fdc0b260db,,07/07/2025 09:10:00 PM,30,OTHER,OTHER,CLEAR,"DARKNESS, LIGHTED ROAD",PARKED MOTOR VEHICLE,NOT DIVIDED,,STRAIGHT AND LEVEL,DRY,NO DEFECTS,NOT ON SCENE (DESK REPORT),NO INJURY / DRIVE AWAY,,,Y,"OVER $1,500",07/07/2025 10:00:00 PM,UNABLE TO DETERMINE,NOT APPLICABLE,2431,N,SACRAMENTO AVE,1414,,,,,,,2,NO INDICATION OF INJURY,0,0,0,0,0,1,0,21,2,7,41.9257855433,-87.7021946178,POINT (-87.702194617843 41.925785543309)
cfb44999b6c4494394a1c65233badc3f2327f3eaa4500f2c5ddafbedecf991255eeb75645bfac1505cc34bc8141bedc28d1d454fc17f3e6c4e921ce2957bfda0,Y,07/07/2025 09:00:00 PM,30,UNKNOWN,UNKNOWN,UNKNOWN,UNKNOWN,PARKED MOTOR VEHICLE,ONE-WAY,,STRAIGHT AND LEVEL,UNKNOWN,UNKNOWN,NOT ON SCENE (DESK REPORT),NO INJURY / DRIVE AWAY,,,Y,"OVER $1,500",07/08/2025 06:45:00 PM,UNABLE TO DETERMINE,NOT APPLICABLE,6604,S,MINERVA AVE,321,,,,,,,2,NO INDICATION OF INJURY,0,0,0,0,0,1,0,21,2,7,41.7748418006,-87.5974357731,POINT (-87.597435773096 41.774841800555)
e918d5ec88b26b8645c22ddc6d39e706ac736b6b5b8cb814f13a4d76cb7d73e23515786a33a4f412bae67902fe2551d85611dab0bc0e8808654ac6defafb1483,,07/07/2025 09:00:00 PM,30,TRAFFIC SIGNAL,FUNCTIONING PROPERLY,CLEAR,"DARKNESS, LIGHTED ROAD",PEDESTRIAN,DIVIDED - W/MEDIAN BARRIER,,STRAIGHT AND LEVEL,DRY,UNKNOWN,ON SCENE,INJURY AND / OR TOW DUE TO CRASH,,,,"OVER $1,500",07/07/2025 09:00:00 PM,FAILING TO YIELD RIGHT-OF-WAY,NOT APPLICABLE,6300,S,CICERO AVE,813,,,,,,,2,NONINCAPACITATING INJURY,2,0,0,2,0,0,0,21,2,7,41.7783353905,-87.7424364942,POINT (-87.74243649416 41.778335390453)
022e9a2af86122de7b8ca16c8a887662234ba1c65c5cf8d3e6b7a6aa44411f19950409cb75eef587cc9a790f34957c4a77b4170e691315ba9040d5729be0bfad,,07/07/2025 08:55:00 PM,30,TRAFFIC SIGNAL,FUNCTIONING PROPERLY,CLEAR,DUSK,REAR END,FOUR WAY,,STRAIGHT AND LEVEL,DRY,NO DEFECTS,NOT ON SCENE (DESK REPORT),NO INJURY / DRIVE AWAY,,,Y,"OVER $1,500",07/07/2025 09:10:00 PM,UNABLE TO DETERMINE,NOT APPLICABLE,8700,S,JEFFERY BLVD,412,,,,,,,2,NO INDICATION OF INJURY,0,0,0,0,0,2,0,20,2,7,41.7369631273,-87.5758627085,POINT (-87.575862708451 41.736963127272)
583bdb9184982bb1e599486896487e8646d118ff8522da8d9c39439b1cfb440d47af8d0f76671939f93812e9fa7ace6d6617f661ec38ec79e34510da321b64ed,,07/07/2025 08:15:00 PM,30,NO CONTROLS,NO CONTROLS,CLEAR,DAYLIGHT,SIDESWIPE SAME DIRECTION,NOT DIVIDED,,STRAIGHT AND LEVEL,DRY,UNKNOWN,NOT ON SCENE (DESK REPORT),NO INJURY / DRIVE AWAY,,,,"OVER $1,500",07/07/2025 08:33:00 PM,DISTRACTION - FROM INSIDE VEHICLE,NOT APPLICABLE,8701,S,WESTERN AVE,2221,,,,,,,2,NO INDICATION OF INJURY,0,0,0,0,0,2,0,20,2,7,41.7354443724,-87.6823649393,POINT (-87.68236493934 41.735444372356)
04a767172dc6cc4b95edaf0dc53c3488ecd876412c459da4b7a5354279f835ef05b658ea9bbba360b3ea38902761b17e403088c55ab0b9224d189c2ab2d49c5a,,07/07/2025 08:10:00 PM,30,NO CONTROLS,NO CONTROLS,CLEAR,DAYLIGHT,PARKED MOTOR VEHICLE,NOT DIVIDED,,STRAIGHT AND LEVEL,DRY,NO DEFECTS,NOT ON SCENE (DESK REPORT),NO INJURY / DRIVE AWAY,,,,"$501 - $1,500",07/07/2025 08:30:00 PM,NOT APPLICABLE,NOT APPLICABLE,6014,W,IRVING PARK RD,1624,,,,,,,2,NO INDICATION OF INJURY,0,0,0,0,0,1,0,20,2,7,41.9531507978,-87.7774325887,POINT (-87.777432588687 41.953150797841)
183f78ddb23cfb208af3b06e3c396a93b56823b9741a6c5b01dd2d3e36b58976e22adbdc3d51757039b654eda2f8b619c06900033a52ea3c483954450e6b725b,,07/07/2025 08:00:00 PM,30,UNKNOWN,UNKNOWN,UNKNOWN,UNKNOWN,PEDALCYCLIST,NOT REPORTED,,STRAIGHT AND LEVEL,UNKNOWN,UNKNOWN,NOT ON SCENE (DESK REPORT),NO INJURY / DRIVE AWAY,Y,,,$500 OR LESS,07/07/2025 09:25:00 PM,NOT APPLICABLE,NOT APPLICABLE,200,N,STATE ST,111,,,,,,,2,NO INDICATION OF INJURY,0,0,0,0,0,2,0,20,2,7,41.8857746413,-87.6280874811,POINT (-87.628087481118 41.885774641252)
24eab21f014f37d2f933ab68c5cb07c3d7331760eb8bb30eab0141a7d7a7f9cc26a276961f79a36ab507c7dc12fb253078eced4e7b686c566fcb43f066101f31,,07/07/2025 08:00:00 PM,55,NO CONTROLS,UNKNOWN,CLEAR,DAYLIGHT,SIDESWIPE SAME DIRECTION,DIVIDED - W/MEDIAN BARRIER,,STRAIGHT AND LEVEL,DRY,NO DEFECTS,NOT ON SCENE (DESK REPORT),NO INJURY / DRIVE AWAY,,,,"OVER $1,500",07/07/2025 09:00:00 PM,NOT APPLICABLE,NOT APPLICABLE,4100,S,LAKE SHORE DR SB,214,,,,,,,2,NO INDICATION OF INJURY,0,0,0,0,0,2,0,20,2,7,41.819970526,-87.5977486589,POINT (-87.597748658918 41.819970526006)
30befbe6c20af25fa3a5bc0861a934a399a7bea7e6b6f265dac941d753381f5f4be69b74607f36b5ba3c565aee44096b7bbdf486ccba03d34433e55a0ca29417,,07/07/2025 08:00:00 PM,30,NO CONTROLS,NO CONTROLS,UNKNOWN,UNKNOWN,PARKED MOTOR VEHICLE,ONE-WAY,,STRAIGHT AND LEVEL,UNKNOWN,UNKNOWN,ON SCENE,INJURY AND / OR TOW DUE TO CRASH,,,Y,"OVER $1,500",07/07/2025 08:38:00 PM,UNABLE TO DETERMINE,NOT APPLICABLE,5158,S,KEDZIE AVE,822,,,,,,,2,NO INDICATION OF INJURY,0,0,0,0,0,1,0,20,2,7,41.7990820564,-87.703863023,POINT (-87.703863023024 41.799082056448)
7327969b60f96d6e2512ed20509f833005279cb4eec63b17e42033d06c0f374f530403b4adf417ebbcc9054ec7e3b195de01cb131b4e12222bc96b769d1a1274,Y,07/07/2025 08:00:00 PM,30,NO CONTROLS,NO CONTROLS,CLEAR,UNKNOWN,PARKED MOTOR VEHICLE,NOT DIVIDED,,STRAIGHT AND LEVEL,DRY,NO DEFECTS,ON SCENE,NO INJURY / DRIVE AWAY,,,Y,"OVER $1,500",07/08/2025 06:12:00 AM,FOLLOWING TOO CLOSELY,NOT APPLICABLE,1847,W,17TH ST,1234,,,,,,,2,NO INDICATION OF INJURY,0,0,0,0,0,1,0,20,2,7,41.8585050002,-87.6729896442,POINT (-87.672989644239 41.858505000168)
75f2d1259399128f41b46a63ef16136b34c1a6a601fe9900704658c00c205c63e31dcff2402c80306629b826ccbf2d7e123b6bb0a5302f34d4519caea9222814,,07/07/2025 08:00:00 PM,30,NO CONTROLS,NO CONTROLS,CLEAR,"DARKNESS, LIGHTED ROAD",ANGLE,ALLEY,,STRAIGHT AND LEVEL,DRY,NO DEFECTS,NOT ON SCENE (DESK REPORT),INJURY AND / OR TOW DUE TO CRASH,,,,"OVER $1,500",07/07/2025 09:15:00 PM,FAILING TO YIELD RIGHT-OF-WAY,DRIVING SKILLS/KNOWLEDGE/EXPERIENCE,5414,W,BARRY AVE,2514,,,,,,,2,"REPORTED, NOT EVIDENT",1,0,0,0,1,2,0,20,2,7,41.936914967,-87.7622384642,POINT (-87.762238464175 41.936914966997)
77bfb11de5e3c67bb8a233df9212d634a061e9e652534721182d03996112c8cb68da87e45dc05d89fa030b69dd149c65678b1272cfb5c98c966f92e77abd3a3b,,07/07/2025 08:00:00 PM,30,STOP SIGN/FLASHER,NO CONTROLS,CLEAR,DUSK,OTHER OBJECT,DIVIDED - W/MEDIAN BARRIER,,STRAIGHT AND LEVEL,DRY,NO DEFECTS,ON SCENE,INJURY AND / OR TOW DUE TO CRASH,N,,Y,$500 OR LESS,07/07/2025 08:22:00 PM,DRIVING ON WRONG SIDE/WRONG WAY,UNABLE TO DETERMINE,5700,W,MADISON ST,1513,,,,,,,2,NONINCAPACITATING INJURY,1,0,0,1,0,1,0,20,2,7,41.8803029333,-87.7682069507,POINT (-87.768206950736 41.880302933307)