CRASH_RECORD_ID,CRASH_DATE_EST_I,CRASH_DATE,POSTED_SPEED_LIMIT,TRAFFIC_CONTROL_DEVICE,DEVICE_CONDITION,WEATHER_CONDITION,LIGHTING_CONDITION,FIRST_CRASH_TYPE,TRAFFICWAY_TYPE,LANE_CNT,ALIGNMENT,ROADWAY_SURFACE_COND,ROAD_DEFECT,REPORT_TYPE,CRASH_TYPE,INTERSECTION_RELATED_I,NOT_RIGHT_OF_WAY_I,HIT_AND_RUN_I,DAMAGE,DATE_POLICE_NOTIFIED,PRIM_CONTRIBUTORY_CAUSE,SEC_CONTRIBUTORY_CAUSE,STREET_NO,STREET_DIRECTION,STREET_NAME,BEAT_OF_OCCURRENCE,PHOTOS_TAKEN_I,STATEMENTS_TAKEN_I,DOORING_I,WORK_ZONE_I,WORK_ZONE_TYPE,WORKERS_PRESENT_I,NUM_UNITS,MOST_SEVERE_INJURY,INJURIES_TOTAL,INJURIES_FATAL,INJURIES_INCAPACITATING,INJURIES_NON_INCAPACITATING,INJURIES_REPORTED_NOT_EVIDENT,INJURIES_NO_INDICATION,INJURIES_UNKNOWN,CRASH_HOUR,CRASH_DAY_OF_WEEK,CRASH_MONTH,LATITUDE,LONGITUDE,LOCATION
95bd90fcbe086c70bbdc475fb18ce07f1a3c783ac3dd4164fd463ac7be6ac96a48ae5f0a4874a490854f5293fdec8f85251914092732e7e416c7719cc119bbf9,Y,07/07/2025 08:00:00 PM,30,UNKNOWN,UNKNOWN,UNKNOWN,UNKNOWN,PARKED MOTOR VEHICLE,ONE-WAY,,STRAIGHT AND LEVEL,UNKNOWN,UNKNOWN,NOT ON SCENE (DESK REPORT),NO INJURY / DRIVE AWAY,,,Y,"OVER $1,500",07/08/2025 11:00:00 PM,UNABLE TO DETERMINE,UNABLE TO DETERMINE,3054,N,OSCEOLA AVE,2511,,,,,,,2,NO INDICATION OF INJURY,0,0,0,0,0,1,0,20,2,7,41.9360093112,-87.8129321928,POINT (-87.812932192838 41.936009311178)
709424f2b026556eb3b1405549a29fb24d5ec58108de0dd02c03231708095d52fb4774a4fb9bcd4d28dd9ff0f4960b1da8e0fb0437a047225b21903ceb14345b,,07/07/2025 07:55:00 PM,30,NO CONTROLS,NO CONTROLS,CLEAR,DAYLIGHT,SIDESWIPE SAME DIRECTION,NOT DIVIDED,,STRAIGHT AND LEVEL,DRY,NO DEFECTS,ON SCENE,NO INJURY / DRIVE AWAY,,,,"$501 - $1,500",07/07/2025 08:15:00 PM,FAILING TO YIELD RIGHT-OF-WAY,FAILING TO YIELD RIGHT-OF-WAY,1955,W,47TH ST,931,,,,,,,2,NO INDICATION OF INJURY,0,0,0,0,0,2,0,19,2,7,41.8084026494,-87.6744561193,POINT (-87.674456119265 41.808402649398)
046e2ddf25a363fac04b1ae6e7d2dd7f40f2607dc2b63f81bc9ba450d799e7b8f2f54bc36d901a1f514f948535aeb6002029656ef6049fd53e4dd6d180517588,,07/07/2025 07:46:00 PM,30,NO CONTROLS,NO CONTROLS,CLEAR,DAYLIGHT,FIXED OBJECT,NOT DIVIDED,,STRAIGHT AND LEVEL,DRY,NO DEFECTS,ON SCENE,INJURY AND / OR TOW DUE TO CRASH,Y,,Y,"OVER $1,500",07/07/2025 07:47:00 PM,NOT APPLICABLE,NOT APPLICABLE,5001,S,CALIFORNIA AVE,923,,,,,,,1,NO INDICATION OF INJURY,0,0,0,0,0,1,0,19,2,7,41.802717529,-87.6939002491,POINT (-87.693900249127 41.802717529025)
a321a45677a30df739d37d748906a451b47f47f33860a1b7135b6fa0544156fae81c2423ca58f81d35596a70ef7cf38c69d41bc23cb76e747b34a8319cee4f41,,07/07/2025 07:45:00 PM,30,NO CONTROLS,NO CONTROLS,CLEAR,DUSK,FIXED OBJECT,ONE-WAY,,STRAIGHT AND LEVEL,OTHER,OTHER,NOT ON SCENE (DESK REPORT),NO INJURY / DRIVE AWAY,,,,"OVER $1,500",07/13/2025 04:30:00 PM,ROAD ENGINEERING/SURFACE/MARKING DEFECTS,NOT APPLICABLE,3510,N,SEELEY AVE,1921,,,,,,,1,NO INDICATION OF INJURY,0,0,0,0,0,2,0,19,2,7,41.9453970812,-87.6798722027,POINT (-87.679872202684 41.945397081222)
46639b1075d2be68107a969a0c53d282267bc026fc55a8c99105085b17e426c72cb365854ef327077b1d5d20147955ac1e20969b8f50ab53357650062be6edad,,07/07/2025 07:43:00 PM,30,NO CONTROLS,NO CONTROLS,CLEAR,DUSK,SIDESWIPE SAME DIRECTION,DIVIDED - W/MEDIAN BARRIER,,STRAIGHT AND LEVEL,DRY,NO DEFECTS,NOT ON SCENE (DESK REPORT),NO INJURY / DRIVE AWAY,,,Y,"OVER $1,500",07/07/2025 09:15:00 PM,IMPROPER TURNING/NO SIGNAL,IMPROPER LANE USAGE,127,N,MICHIGAN AVE,114,,,,,,,2,NO INDICATION OF INJURY,0,0,0,0,0,2,0,19,2,7,41.8839009353,-87.6242819021,POINT (-87.624281902093 41.883900935314)
3da4e628c98a6555043b527f0029f26b210d17123bbf34a39b941e28d9cbbd1efa7b30d318aaebfc75b2bf944807a059454506d1d9459de6b4f5dc467b7b0ddd,,07/07/2025 07:35:00 PM,35,NO CONTROLS,NO CONTROLS,CLEAR,DAWN,REAR END,DIVIDED - W/MEDIAN (NOT RAISED),,STRAIGHT AND LEVEL,DRY,NO DEFECTS,ON SCENE,INJURY AND / OR TOW DUE TO CRASH,,,,"OVER $1,500",07/07/2025 07:41:00 PM,FOLLOWING TOO CLOSELY,FOLLOWING TOO CLOSELY,4909,N,NAGLE AVE,1622,,,,,,,2,NO INDICATION OF INJURY,0,0,0,0,0,3,0,19,2,7,41.9705367486,-87.787829416,POINT (-87.78782941598 41.970536748647)
90e5c7f6baaa8b25379d7a5c1ef18d49303cf701591c8a5f11d485055a6ac86f47f3b9296caaec269f0bc69dd9d3c2f01b236f73fe50ab208f3cbb2d73f5865d,,07/07/2025 07:35:00 PM,30,NO CONTROLS,NO CONTROLS,CLEAR,DAYLIGHT,SIDESWIPE SAME DIRECTION,NOT DIVIDED,,STRAIGHT AND LEVEL,UNKNOWN,NO DEFECTS,NOT ON SCENE (DESK REPORT),NO INJURY / DRIVE AWAY,,,,"OVER $1,500",07/07/2025 08:08:00 PM,UNABLE TO DETERMINE,NOT APPLICABLE,2231,W,LAWRENCE AVE,1911,,,,,,,2,NO INDICATION OF INJURY,0,0,0,0,0,2,0,19,2,7,41.9685578287,-87.6851922915,POINT (-87.685192291547 41.968557828711)
1510d19c215e79f2635bf610777ee288159ee85ddc250b8876baf6355f591e631b040d0a0abfb37c8bc6a8621d5dba144051195afdaa9beb6f575fb5293b2090,,07/07/2025 07:34:00 PM,30,NO CONTROLS,NO CONTROLS,CLEAR,DAYLIGHT,PARKED MOTOR VEHICLE,NOT DIVIDED,,STRAIGHT AND LEVEL,DRY,NO DEFECTS,ON SCENE,NO INJURY / DRIVE AWAY,,,Y,"$501 - $1,500",07/07/2025 07:50:00 PM,UNABLE TO DETERMINE,UNABLE TO DETERMINE,1710,W,PIERCE AVE,1433,,,,,,,2,NO INDICATION OF INJURY,0,0,0,0,0,1,0,19,2,7,41.9099379627,-87.6706135704,POINT (-87.670613570416 41.909937962739)
4940b9e784c55e255b8d6da8ea8a3cd4267a5f74c2805e1639ef7ad4e6237d76c47eb6a31c41c55524e85c0f21a1033511703db4df5878a2c911c4c6d7beac25,,07/07/2025 07:30:00 PM,30,TRAFFIC SIGNAL,FUNCTIONING PROPERLY,UNKNOWN,UNKNOWN,TURNING,FOUR WAY,,STRAIGHT AND LEVEL,UNKNOWN,UNKNOWN,NOT ON SCENE (DESK REPORT),NO INJURY / DRIVE AWAY,Y,,Y,"OVER $1,500",08/13/2025 07:00:00 PM,IMPROPER TURNING/NO SIGNAL,NOT APPLICABLE,4000,W,55TH ST,815,,,,,,,2,NO INDICATION OF INJURY,0,0,0,0,0,3,0,19,2,7,41.7933133336,-87.7232230381,POINT (-87.723223038126 41.793313333588)
60c9555cb015091c29ca4f08a8c58e8be023df8bb92e9710e781f689659a34c8cc73f2c59140dd64aeed0f4d471b449119c0e64cd1414c3af457595f42c36b0a,,07/07/2025 07:20:00 PM,30,TRAFFIC SIGNAL,FUNCTIONING PROPERLY,CLEAR,DAYLIGHT,TURNING,DIVIDED - W/MEDIAN BARRIER,,STRAIGHT AND LEVEL,DRY,UNKNOWN,NOT ON SCENE (DESK REPORT),NO INJURY / DRIVE AWAY,Y,,Y,"$501 - $1,500",07/07/2025 10:00:00 PM,UNABLE TO DETERMINE,UNABLE TO DETERMINE,342,N,COLUMBUS DR,114,,,,,,,2,NO INDICATION OF INJURY,0,0,0,0,0,2,0,19,2,7,41.8880762663,-87.6207757007,POINT (-87.620775700742 41.888076266309)
70c005b302984f220a8be56588ffbf3141375641988a685d0648eff37020aedf2c22dad9d701c48eaa3eb9f5f89712fb39ba99d7a7b0226e309408af46a0061f,,07/07/2025 07:20:00 PM,15,NO CONTROLS,NO CONTROLS,CLEAR,DAYLIGHT,SIDESWIPE SAME DIRECTION,DIVIDED - W/MEDIAN (NOT RAISED),,STRAIGHT AND LEVEL,DRY,NO DEFECTS,ON SCENE,NO INJURY / DRIVE AWAY,,,,"$501 - $1,500",07/07/2025 07:35:00 PM,FAILING TO YIELD RIGHT-OF-WAY,UNABLE TO DETERMINE,5701,S,CICERO AVE,813,,,,,,,2,NO INDICATION OF INJURY,0,0,0,0,0,2,0,19,2,7,41.7893386418,-87.7413525626,POINT (-87.741352562622 41.789338641753)
455ce59c1834c6f8f3bbfa65c3103fa0b09510a216dcc1cd877019c0a8b908917a072be807d7e68140d3eebbbc044614c11954764c0b305089db9368117baacb,,07/07/2025 07:13:00 PM,30,TRAFFIC SIGNAL,FUNCTIONING PROPERLY,CLEAR,DAYLIGHT,REAR END,FOUR WAY,,STRAIGHT AND LEVEL,DRY,NO DEFECTS,ON SCENE,NO INJURY / DRIVE AWAY,,,,"OVER $1,500",07/07/2025 07:13:00 PM,FOLLOWING TOO CLOSELY,FOLLOWING TOO CLOSELY,2799,W,DIVERSEY AVE,1411,,,,,,,2,NO INDICATION OF INJURY,0,0,0,0,0,2,0,19,2,7,41.9319859552,-87.69755673,POINT (-87.697556729954 41.931985955206)
4cc444a4993713051c249544328cb4a5fbae75f77d5e3ac06f39f8e635987809b7fa11d80547c10a1df4d2b2be01867617d01596dbc9970a44234f38c4b059b1,,07/07/2025 07:10:00 PM,30,TRAFFIC SIGNAL,FUNCTIONING PROPERLY,CLEAR,DAYLIGHT,TURNING,NOT DIVIDED,,STRAIGHT AND LEVEL,DRY,NO DEFECTS,NOT ON SCENE (DESK REPORT),NO INJURY / DRIVE AWAY,,,,"OVER $1,500",07/07/2025 08:30:00 PM,IMPROPER TURNING/NO SIGNAL,IMPROPER LANE USAGE,5969,W,CHICAGO AVE,1511,,N,,,,,2,NO INDICATION OF INJURY,0,0,0,0,0,2,0,19,2,7,41.8946044106,-87.7749844097,POINT (-87.774984409706 41.894604410625)
77c6172dc267771b012d16d83806c8e063a656c13c49de12547c429ea36c993699183f9008ecbcb96c69fc5da7ff8d7ca0ecc7c825317ab1629f0ab324ea793f,,07/07/2025 07:00:00 PM,30,TRAFFIC SIGNAL,FUNCTIONING PROPERLY,CLEAR,DAYLIGHT,TURNING,NOT DIVIDED,,STRAIGHT AND LEVEL,DRY,NO DEFECTS,NOT ON SCENE (DESK REPORT),NO INJURY / DRIVE AWAY,,,,"OVER $1,500",07/09/2025 03:00:00 PM,IMPROPER TURNING/NO SIGNAL,UNABLE TO DETERMINE,1200,W,115TH ST,2234,,,,,,,2,NO INDICATION OF INJURY,0,0,0,0,0,2,0,19,2,7,41.6850611616,-87.6519388681,POINT (-87.651938868083 41.685061161629)
c32e5c387811e09e72bca2f5642357dcc2da1866894eb70740cd1604f0885bf47057a734165fc292c1d96c3791509684b253c52c6595c869193cdaf1f5e50b25,,07/07/2025 07:00:00 PM,15,NO CONTROLS,NO CONTROLS,UNKNOWN,UNKNOWN,PARKED MOTOR VEHICLE,ALLEY,,STRAIGHT AND LEVEL,UNKNOWN,UNKNOWN,NOT ON SCENE (DESK REPORT),NO INJURY / DRIVE AWAY,,,Y,"OVER $1,500",07/09/2025 10:15:00 AM,UNABLE TO DETERMINE,UNABLE TO DETERMINE,1447,W,TOUHY AVE,2423,,,,,,,2,NO INDICATION OF INJURY,0,0,0,0,0,1,0,19,2,7,42.0126454954,-87.6678399257,POINT (-87.667839925723 42.012645495363)
40af5c39a304a56d51de775e1ce4bffbfea0b57cd042ecc6c0a82ce54e3043c1913785cc41dd28ae3a055fbd1823ae8d1b604b858f427244eadea84b8906bcb0,,07/07/2025 06:56:00 PM,30,NO CONTROLS,FUNCTIONING PROPERLY,CLEAR,DAYLIGHT,TURNING,NOT DIVIDED,,STRAIGHT AND LEVEL,DRY,NO DEFECTS,ON SCENE,INJURY AND / OR TOW DUE TO CRASH,,,,"OVER $1,500",07/07/2025 06:56:00 PM,FAILING TO YIELD RIGHT-OF-WAY,NOT APPLICABLE,5210,N,BROADWAY,2013,,,,,,,2,NO INDICATION OF INJURY,0,0,0,0,0,4,0,18,2,7,41.9766938822,-87.6600229568,POINT (-87.660022956791 41.976693882241)
1eba47fd9f1a82d178a09dadc8597dc17132eac697c80eb867c8ecc0ee5a4c11db1287c76c988de13bc56802784c228b491b0baee481f830ed7e84d314a1587c,,07/07/2025 06:45:00 PM,30,TRAFFIC SIGNAL,FUNCTIONING PROPERLY,CLEAR,DAYLIGHT,SIDESWIPE SAME DIRECTION,FOUR WAY,,STRAIGHT AND LEVEL,DRY,NO DEFECTS,NOT ON SCENE (DESK REPORT),NO INJURY / DRIVE AWAY,Y,,Y,"OVER $1,500",07/07/2025 08:00:00 PM,IMPROPER LANE USAGE,DRIVING SKILLS/KNOWLEDGE/EXPERIENCE,5458,S,WELLS ST,935,,,,,,,2,NO INDICATION OF INJURY,0,0,0,0,0,2,0,18,2,7,41.7945600708,-87.6319284748,POINT (-87.631928474832 41.794560070768)
d0870e9d56e909ff4d38e870f994d29def8a13d5f24c02326cc699debbf068d0f15874ab3c68020396a2285711dffef0bc9f2a49e6675db18cad128608f24ba5,,07/07/2025 06:45:00 PM,30,TRAFFIC SIGNAL,FUNCTIONING PROPERLY,CLEAR,DAYLIGHT,REAR END,NOT DIVIDED,,STRAIGHT AND LEVEL,DRY,NO DEFECTS,NOT ON SCENE (DESK REPORT),NO INJURY / DRIVE AWAY,,,,"OVER $1,500",07/08/2025 12:00:00 PM,FOLLOWING TOO CLOSELY,NOT APPLICABLE,3458,S,CALIFORNIA AVE,911,,,,,,,2,NO INDICATION OF INJURY,0,0,0,0,0,2,0,18,2,7,41.8301937988,-87.6949442805,POINT (-87.69494428049 41.830193798784)
f4b72f56cd73eb9f0349dbdc42b4afb1f954143cb93a79f6a0be794c02222a247b59067cb2ce405c08ebaba930e4881a92da8bb34d3db011bb507963af35415c,,07/07/2025 06:43:00 PM,5,NO CONTROLS,NO CONTROLS,CLEAR,DAYLIGHT,FIXED OBJECT,RAMP,,STRAIGHT ON GRADE,DRY,NO DEFECTS,ON SCENE,INJURY AND / OR TOW DUE TO CRASH,,Y,,"OVER $1,500",07/07/2025 07:01:00 PM,UNABLE TO DETERMINE,UNABLE TO DETERMINE,2431,N,CLARK ST,1935,,,,,,,1,NO INDICATION OF INJURY,0,0,0,0,0,1,0,18,2,7,41.9264772155,-87.6408624438,POINT (-87.640862443845 41.926477215547)
f24bc30080ca9349a49832a033365caf9ad8becb87691d4295d9911ee35ce739f99931cb4df71a5d2589fa444a0b939f01ae5a68cabc7e727c93cdd3dbeac860,,07/07/2025 06:38:00 PM,30,NO CONTROLS,NO CONTROLS,CLEAR,DAYLIGHT,SIDESWIPE SAME DIRECTION,ONE-WAY,,STRAIGHT AND LEVEL,UNKNOWN,UNKNOWN,ON SCENE,INJURY AND / OR TOW DUE TO CRASH,,,,"OVER $1,500",07/07/2025 06:38:00 PM,FAILING TO YIELD RIGHT-OF-WAY,FAILING TO YIELD RIGHT-OF-WAY,6346,N,ROCKWELL ST,2413,,,,,,,2,NO INDICATION OF INJURY,0,0,0,0,0,6,0,18,2,7,41.9971339132,-87.694890784,POINT (-87.694890783997 41.997133913197)
228871697fc9de62add0205478a744a85f77f9739311c2f4d0622318c4d4ca572ec3d226502e932b3f5555a7b9f130830fd707e6433fccb6c76eab7b2652dda5,,07/07/2025 06:30:00 PM,30,UNKNOWN,UNKNOWN,CLEAR,DAYLIGHT,ANGLE,FOUR WAY,,STRAIGHT AND LEVEL,UNKNOWN,UNKNOWN,NOT ON SCENE (DESK REPORT),NO INJURY / DRIVE AWAY,Y,,Y,"OVER $1,500",07/07/2025 08:06:00 PM,UNABLE TO DETERMINE,UNABLE TO DETERMINE,3722,W,CHICAGO AVE,1112,,,,,,,2,NO INDICATION OF INJURY,0,0,0,0,0,2,0,18,2,7,41.895537439,-87.7198216725,POINT (-87.719821672523 41.895537439001)
cf26bee93e707f909a2c29b701648cfffa12ac5d96a77a599f4a49ad096bd5c612fd728fe6c69109b73cc23ae23d990460a5f4fa4c33d79f6f109ab04890c79f,,07/07/2025 06:25:00 PM,30,TRAFFIC SIGNAL,FUNCTIONING PROPERLY,CLEAR,DAYLIGHT,TURNING,NOT DIVIDED,,STRAIGHT AND LEVEL,DRY,NO DEFECTS,NOT ON SCENE (DESK REPORT),NO INJURY / DRIVE AWAY,Y,,,"$501 - $1,500",07/08/2025 01:45:00 PM,FAILING TO YIELD RIGHT-OF-WAY,NOT APPLICABLE,298,N,DESPLAINES ST,1214,,,,,,,2,NO INDICATION OF INJURY,0,0,0,0,0,3,0,18,2,7,41.8867755786,-87.6444226891,POINT (-87.644422689117 41.88677557861)
000995a23e34510105253de1656f27922fa9f60abe9a0be647ee4c9fdc4bede5335c7b06d7ccb1dc3a77bc1c2d4444c7876b4aef560821ecbabf3da03a093428,,07/07/2025 06:20:00 PM,15,NO CONTROLS,NO CONTROLS,CLEAR,DAYLIGHT,PARKED MOTOR VEHICLE,NOT DIVIDED,,STRAIGHT AND LEVEL,DRY,NO DEFECTS,ON SCENE,NO INJURY / DRIVE AWAY,,,,"OVER $1,500",07/07/2025 06:20:00 PM,UNABLE TO DETERMINE,UNABLE TO DETERMINE,1354,W,HENDERSON ST,1924,,,,,,,2,NO INDICATION OF INJURY,0,0,0,0,0,1,0,18,2,7,41.9426170126,-87.6636223368,POINT (-87.663622336838 41.942617012585)
1d39289f0e689d8681040c06078b7a5b491b270a66ff1fa806f61637e198a120cd727912b6d97e6d6f6c3f29a05b3d0f4f61ddc2403c0e4d3f45bf71b209ec3b,,07/07/2025 06:16:00 PM,30,NO CONTROLS,NO CONTROLS,CLEAR,DAYLIGHT,SIDESWIPE SAME DIRECTION,DIVIDED - W/MEDIAN (NOT RAISED),,STRAIGHT AND LEVEL,DRY,NO DEFECTS,ON SCENE,NO INJURY / DRIVE AWAY,,,,"OVER $1,500",07/07/2025 06:19:00 PM,FAILING TO YIELD RIGHT-OF-WAY,NOT APPLICABLE,2324,W,PERSHING RD,912,,,,,,,2,NO INDICATION OF INJURY,0,0,0,0,0,2,0,18,2,7,41.8231155125,-87.6835068005,POINT (-87.6835068005 41.823115512541)
88e3b447fa2c587104a32e3cdf09b438894632f5f37992244f3a6ad65e62f3fe75fb626338ac0ee72f6d09711baa9b4f90af18295015184bea1680d9b5614d2e,,07/07/2025 06:15:00 PM,30,NO CONTROLS,NO CONTROLS,CLEAR,DAYLIGHT,PEDALCYCLIST,ALLEY,,STRAIGHT AND LEVEL,DRY,NO DEFECTS,NOT ON SCENE (DESK REPORT),NO INJURY / DRIVE AWAY,,,N,$500 OR LESS,07/07/2025 07:00:00 PM,NOT APPLICABLE,NOT APPLICABLE,609,W,18TH ST,1235,,,,,,,2,NO INDICATION OF INJURY,0,0,0,0,0,2,0,18,2,7,41.8575053111,-87.6422729196,POINT (-87.642272919568 41.857505311085)
7f2e5d19ab1cc77f7cbc28ca87269138698415212156055b7c8e5cfc2c54fe857b27bfcc811bf9e0335e7767b81acc8760418a673752cc3ca031527e43397b91,Y,07/07/2025 06:10:00 PM,30,NO CONTROLS,NO CONTROLS,CLEAR,DAYLIGHT,REAR END,NOT DIVIDED,,STRAIGHT AND LEVEL,DRY,UNKNOWN,NOT ON SCENE (DESK REPORT),NO INJURY / DRIVE AWAY,,,Y,"OVER $1,500",07/07/2025 06:40:00 PM,FOLLOWING TOO CLOSELY,NOT APPLICABLE,3000,N,DAMEN AVE,1931,,,,,,,2,NO INDICATION OF INJURY,0,0,0,0,0,2,0,18,2,7,41.9359731791,-87.6783856518,POINT (-87.678385651822 41.935973179141)
c946c39f9d42e26ee6067aa0a2ad835c36b6a4478d5306794864a1778d9ef04214a22826d3d29cafd569a7824113380c29af97dffe0a9823e3df5d2c02219b7c,,07/07/2025 06:02:00 PM,35,TRAFFIC SIGNAL,FUNCTIONING PROPERLY,CLEAR,DAYLIGHT,TURNING,DIVIDED - W/MEDIAN (NOT RAISED),,STRAIGHT AND LEVEL,DRY,UNKNOWN,ON SCENE,NO INJURY / DRIVE AWAY,,,Y,"OVER $1,500",07/07/2025 06:59:00 PM,FAILING TO REDUCE SPEED TO AVOID CRASH,NOT APPLICABLE,417,E,MC FETRIDGE DR,132,,,,,,,2,NO INDICATION OF INJURY,0,0,0,0,0,4,0,18,2,7,41.8648834493,-87.6176952897,POINT (-87.617695289668 41.864883449321)
5e6841383908e5d8ef42929355d63e5f3cc324711c15cd8a2e17d31d6b94f848faf31b65b598c71303781542a21422c4f1c5128faa02d8340b4cb79e91b09a31,,07/07/2025 06:00:00 PM,30,NO CONTROLS,NO CONTROLS,CLEAR,DAYLIGHT,SIDESWIPE SAME DIRECTION,DIVIDED - W/MEDIAN (NOT RAISED),,STRAIGHT AND LEVEL,DRY,NO DEFECTS,NOT ON SCENE (DESK REPORT),NO INJURY / DRIVE AWAY,,,,"OVER $1,500",07/07/2025 06:55:00 PM,UNABLE TO DETERMINE,NOT APPLICABLE,4400,W,OGDEN AVE,1013,,,,,,,2,NO INDICATION OF INJURY,0,0,0,0,0,2,0,18,2,7,41.8477775228,-87.7345059687,POINT (-87.734505968748 41.847777522805)
9cffe91d2f36c34a5d7c430ad319c9615dd320e220a7276197de481ee366b38068783f82b4930ae9bb567283a171552daa9fc922a3a16a09062a457f956d7b11,Y,07/07/2025 06:00:00 PM,30,NO CONTROLS,NO CONTROLS,CLEAR,DAYLIGHT,SIDESWIPE SAME DIRECTION,DIVIDED - W/MEDIAN (NOT RAISED),,STRAIGHT AND LEVEL,DRY,NO DEFECTS,NOT ON SCENE (DESK REPORT),NO INJURY / DRIVE AWAY,N,,,"OVER $1,500",07/07/2025 09:30:00 PM,IMPROPER OVERTAKING/PASSING,IMPROPER OVERTAKING/PASSING,4025,W,PETERSON AVE,1711,,,,,,,2,NO INDICATION OF INJURY,0,0,0,0,0,2,0,18,2,7,41.9900137339,-87.7296161987,POINT (-87.72961619868 41.990013733891)
716d38920c45b465f69650db5add0b8716e100a063f5f398222212b4b8754fb866230515b42f2a763a4feee2986ada16e7f4e8b68c155e80fcd2372cd39d8cb0,,07/07/2025 05:50:00 PM,30,OTHER,OTHER,CLEAR,DAYLIGHT,FIXED OBJECT,DIVIDED - W/MEDIAN (NOT RAISED),,STRAIGHT AND LEVEL,DRY,NO DEFECTS,ON SCENE,INJURY AND / OR TOW DUE TO CRASH,,,,"OVER $1,500",07/07/2025 07:11:00 PM,"VISION OBSCURED (SIGNS, TREE LIMBS, BUILDINGS, ETC.)",UNABLE TO DETERMINE,3050,N,SACRAMENTO AVE,1411,,,,,,,1,NO INDICATION OF INJURY,0,0,0,0,0,1,0,17,2,7,41.9370741822,-87.7028106844,POINT (-87.702810684388 41.937074182167)
a3d29981924e0b9ed5503c021ecc66c183d4bc94d5b1ced703b6577a1eec8094832995d2d85c989f2f4f0734ba8068cc7c9010704fc1763be35f08d2a3b955e7,,07/07/2025 05:50:00 PM,10,NO CONTROLS,NO CONTROLS,CLEAR,DAYLIGHT,REAR END,PARKING LOT,,STRAIGHT AND LEVEL,DRY,NO DEFECTS,NOT ON SCENE (DESK REPORT),NO INJURY / DRIVE AWAY,,Y,,"OVER $1,500",07/07/2025 06:53:00 PM,FAILING TO REDUCE SPEED TO AVOID CRASH,NOT APPLICABLE,7045,S,PULASKI RD,833,,,,,,,2,NO INDICATION OF INJURY,0,0,0,0,0,4,0,17,2,7,41.7645896091,-87.7222396043,POINT (-87.722239604294 41.764589609122)
d624b13a829065e3dcae60c4d14364cb890b59d310e6e1ae3721cad81d114295b7ef9592b0eb1af91a116df85ff96d9c36ac7f9f74b181261fb34275e01d8962,,07/07/2025 05:50:00 PM,30,UNKNOWN,UNKNOWN,CLEAR,DAYLIGHT,REAR END,NOT DIVIDED,,STRAIGHT AND LEVEL,DRY,NO DEFECTS,ON SCENE,NO INJURY / DRIVE AWAY,,,,$500 OR LESS,07/07/2025 05:58:00 PM,FOLLOWING TOO CLOSELY,FAILING TO REDUCE SPEED TO AVOID CRASH,923,W,MADISON ST,1232,,,,,,,2,NO INDICATION OF INJURY,0,0,0,0,0,3,0,17,2,7,41.8816070891,-87.6507172762,POINT (-87.650717276219 41.88160708905)
1767208fe34399ec8150622bb345339ed7d472d56f05cf308d14063f3d238b7f497216f54589602122e320b0fc07741c27a572ebda61cebc7230128f392e1321,,07/07/2025 05:45:00 PM,30,NO CONTROLS,NO CONTROLS,CLEAR,DAYLIGHT,SIDESWIPE SAME DIRECTION,NOT DIVIDED,,STRAIGHT AND LEVEL,DRY,NO DEFECTS,ON SCENE,NO INJURY / DRIVE AWAY,,,Y,$500 OR LESS,07/07/2025 05:52:00 PM,IMPROPER OVERTAKING/PASSING,NOT APPLICABLE,11898,S,HALSTED ST,524,,,,,,,2,NO INDICATION OF INJURY,0,0,0,0,0,7,0,17,2,7,41.6778564963,-87.6420562683,POINT (-87.64205626828 41.67785649634)
65f4ba400a79c7cfc49e0c6f389baefb2e6ad87591a3c5769b313ab4f7640f936c3341ed630519fc3b6d1912753233f7522b0571f53192d7f1af6f48f787653b,,07/07/2025 05:40:00 PM,30,NO CONTROLS,NO CONTROLS,UNKNOWN,DAYLIGHT,PARKED MOTOR VEHICLE,NOT DIVIDED,,STRAIGHT AND LEVEL,UNKNOWN,NO DEFECTS,ON SCENE,INJURY AND / OR TOW DUE TO CRASH,,,Y,"OVER $1,500",07/07/2025 06:59:00 PM,UNABLE TO DETERMINE,NOT APPLICABLE,2300,W,71ST ST,832,,,,,,,2,NO INDICATION OF INJURY,0,0,0,0,0,1,0,17,2,7,41.7648439447,-87.6807667315,POINT (-87.680766731476 41.764843944686)
01d389705803995ad4bf824681e6327f65f0d976f37461371a56fed0db48251925e975d267a6c5a45cdce21971d3bbb9fb53ae0d5fe68130f194dcee27748869,,07/07/2025 05:30:00 PM,30,TRAFFIC SIGNAL,UNKNOWN,CLEAR,DAYLIGHT,SIDESWIPE SAME DIRECTION,DIVIDED - W/MEDIAN (NOT RAISED),,STRAIGHT AND LEVEL,DRY,UNKNOWN,NOT ON SCENE (DESK REPORT),NO INJURY / DRIVE AWAY,,,,"$501 - $1,500",07/07/2025 09:30:00 PM,DRIVING SKILLS/KNOWLEDGE/EXPERIENCE,UNABLE TO DETERMINE,2775,N,OAK PARK AVE,2512,,,,,,,2,NO INDICATION OF INJURY,0,0,0,0,0,2,0,17,2,7,41.9307955668,-87.7953141648,POINT (-87.795314164789 41.930795566805)