CRASH_RECORD_ID,CRASH_DATE_EST_I,CRASH_DATE,POSTED_SPEED_LIMIT,TRAFFIC_CONTROL_DEVICE,DEVICE_CONDITION,WEATHER_CONDITION,LIGHTING_CONDITION,FIRST_CRASH_TYPE,TRAFFICWAY_TYPE,LANE_CNT,ALIGNMENT,ROADWAY_SURFACE_COND,ROAD_DEFECT,REPORT_TYPE,CRASH_TYPE,INTERSECTION_RELATED_I,NOT_RIGHT_OF_WAY_I,HIT_AND_RUN_I,DAMAGE,DATE_POLICE_NOTIFIED,PRIM_CONTRIBUTORY_CAUSE,SEC_CONTRIBUTORY_CAUSE,STREET_NO,STREET_DIRECTION,STREET_NAME,BEAT_OF_OCCURRENCE,PHOTOS_TAKEN_I,STATEMENTS_TAKEN_I,DOORING_I,WORK_ZONE_I,WORK_ZONE_TYPE,WORKERS_PRESENT_I,NUM_UNITS,MOST_SEVERE_INJURY,INJURIES_TOTAL,INJURIES_FATAL,INJURIES_INCAPACITATING,INJURIES_NON_INCAPACITATING,INJURIES_REPORTED_NOT_EVIDENT,INJURIES_NO_INDICATION,INJURIES_UNKNOWN,CRASH_HOUR,CRASH_DAY_OF_WEEK,CRASH_MONTH,LATITUDE,LONGITUDE,LOCATION
19acffc7d074466bb0bf0e992fc2309a303315fff9ea827b50ce0b37740aea95808c90ebd7855d0c4906430af4639fc076f0043f6fdfb52689892132f0e0dc33,,07/07/2025 05:30:00 PM,30,TRAFFIC SIGNAL,UNKNOWN,CLEAR,DAYLIGHT,SIDESWIPE SAME DIRECTION,ONE-WAY,,STRAIGHT AND LEVEL,UNKNOWN,UNKNOWN,NOT ON SCENE (DESK REPORT),NO INJURY / DRIVE AWAY,,,Y,"OVER $1,500",07/07/2025 06:00:00 PM,UNABLE TO DETERMINE,NOT APPLICABLE,7500,S,LAFAYETTE AVE,623,,,,,,,2,NO INDICATION OF INJURY,0,0,0,0,0,2,0,17,2,7,41.758068532,-87.6265169823,POINT (-87.626516982328 41.75806853202)
3e06a974dd1bf3c3a767de60fc903cf281d248372951cbf6ccd245bdab41e104061f000c93d36bddc2823917cce83a91755be8807faf872ddd7c20656f602a42,,07/07/2025 05:30:00 PM,30,TRAFFIC SIGNAL,FUNCTIONING PROPERLY,CLEAR,DAYLIGHT,REAR END,NOT DIVIDED,,STRAIGHT AND LEVEL,DRY,NO DEFECTS,NOT ON SCENE (DESK REPORT),NO INJURY / DRIVE AWAY,,,,$500 OR LESS,07/21/2025 05:00:00 PM,UNABLE TO DETERMINE,UNABLE TO DETERMINE,5078,S,ARCHER AVE,815,,,,,,,2,NO INDICATION OF INJURY,0,0,0,0,0,2,0,17,2,7,41.8011141475,-87.7279201343,POINT (-87.727920134287 41.801114147503)
81ada369504815a5ebf8d621db7c56345169da136e590b725a3f996a1d5dead3a7b5fd32fe0e3481e01728ee91832f966c40a45b7ff32b0d3bd17a78ef7d60d4,,07/07/2025 05:30:00 PM,10,NO CONTROLS,NO CONTROLS,CLEAR,DAYLIGHT,PARKED MOTOR VEHICLE,PARKING LOT,,STRAIGHT AND LEVEL,DRY,NO DEFECTS,NOT ON SCENE (DESK REPORT),NO INJURY / DRIVE AWAY,,,,"$501 - $1,500",07/12/2025 05:20:00 PM,IMPROPER LANE USAGE,UNABLE TO DETERMINE,4100,N,CICERO AVE,1624,,,,,,,2,NO INDICATION OF INJURY,0,0,0,0,0,1,0,17,2,7,41.9552502833,-87.7475016045,POINT (-87.747501604523 41.955250283297)
e4bef363f9bfa3bd54734cbf48fdac45bbf3736924cc49868ac1af6df9d8be5b202fe457629df282511619c24f374ed54185baf3a207ef1edf0dddb7fb557d16,,07/07/2025 05:30:00 PM,30,TRAFFIC SIGNAL,FUNCTIONING PROPERLY,CLEAR,DAYLIGHT,SIDESWIPE SAME DIRECTION,OTHER,,STRAIGHT AND LEVEL,UNKNOWN,UNKNOWN,NOT ON SCENE (DESK REPORT),NO INJURY / DRIVE AWAY,,,Y,"OVER $1,500",07/07/2025 09:02:00 PM,IMPROPER OVERTAKING/PASSING,NOT APPLICABLE,3837,S,WENTWORTH AVE,915,,,,,,,2,NO INDICATION OF INJURY,0,0,0,0,0,2,0,17,2,7,41.8244971668,-87.6311790349,POINT (-87.631179034936 41.82449716679)
66df65f2acf56bec09ce30093acdd12a6a4408be5f6893c177526a09e6bf10de8ae9e1834868c98762172dc604c0d5dd9a88c951f81d131243118e6cd74c0fa7,,07/07/2025 05:26:00 PM,30,NO CONTROLS,NO CONTROLS,CLEAR,DAYLIGHT,TURNING,NOT DIVIDED,,STRAIGHT AND LEVEL,DRY,UNKNOWN,ON SCENE,NO INJURY / DRIVE AWAY,,,,"OVER $1,500",07/07/2025 05:34:00 PM,FAILING TO REDUCE SPEED TO AVOID CRASH,IMPROPER TURNING/NO SIGNAL,5454,N,SHERIDAN RD,2023,,,,,,,2,NO INDICATION OF INJURY,0,0,0,0,0,2,0,17,2,7,41.9816662154,-87.6552812968,POINT (-87.655281296803 41.981666215368)
5774c0bf880f0c3044953a2b5bad703da0cba2d7e9171774eb7f616928264c8d2c9976d0c0cd5e476f894ea89346611604631385831fe059927b731ed42477e9,,07/07/2025 05:25:00 PM,30,NO CONTROLS,NO CONTROLS,CLEAR,DAYLIGHT,TURNING,DIVIDED - W/MEDIAN (NOT RAISED),,STRAIGHT AND LEVEL,DRY,UNKNOWN,NOT ON SCENE (DESK REPORT),NO INJURY / DRIVE AWAY,Y,,,"OVER $1,500",07/07/2025 06:00:00 PM,FAILING TO YIELD RIGHT-OF-WAY,UNABLE TO DETERMINE,3730,S,KEDZIE AVE,911,,,,,,,2,NO INDICATION OF INJURY,0,0,0,0,0,3,0,17,2,7,41.8251989043,-87.7046237007,POINT (-87.704623700702 41.825198904284)
fd208700f806937d208b713bd75a93da50fcd0a98d0bf33f0b48e7a5436ddbbb8b853e9fd5cfd2767d6ad70dee044aa8d51e8649273a8e767b0b34bfa8d9a071,,07/07/2025 05:19:00 PM,30,NO CONTROLS,NO CONTROLS,CLEAR,DAYLIGHT,PARKED MOTOR VEHICLE,PARKING LOT,,STRAIGHT AND LEVEL,DRY,NO DEFECTS,NOT ON SCENE (DESK REPORT),NO INJURY / DRIVE AWAY,,,,"OVER $1,500",07/07/2025 07:25:00 PM,UNABLE TO DETERMINE,UNABLE TO DETERMINE,2544,N,NARRAGANSETT AVE,2512,,,,,,,2,NO INDICATION OF INJURY,0,0,0,0,0,1,0,17,2,7,41.9269019903,-87.7857156981,POINT (-87.785715698062 41.926901990254)
57c6775c6af659d91b44d552f733632ff15af50b706da46a048ab9ffba52698b8b23744083435ca4a86f0e80f6e0e61063fea70849cf840537cd77281c1c098c,,07/07/2025 05:15:00 PM,30,TRAFFIC SIGNAL,FUNCTIONING PROPERLY,CLEAR,DAYLIGHT,REAR END,FOUR WAY,,STRAIGHT AND LEVEL,DRY,UNKNOWN,NOT ON SCENE (DESK REPORT),NO INJURY / DRIVE AWAY,Y,,,"OVER $1,500",07/08/2025 02:00:00 PM,UNABLE TO DETERMINE,NOT APPLICABLE,602,E,87TH ST,632,,,,,,,2,NO INDICATION OF INJURY,0,0,0,0,0,2,0,17,2,7,41.736692565,-87.6095395838,POINT (-87.609539583818 41.736692565035)
bc063452fe210c4048ee8f476eddc78479f3f4fb6d0a98675a35d08ec58614173dbd1302d13cef14c383bdc4b9a573e101226366b29c2949c2b99beaebfbd5f4,,07/07/2025 05:15:00 PM,30,NO CONTROLS,NO CONTROLS,CLEAR,DAYLIGHT,SIDESWIPE SAME DIRECTION,DIVIDED - W/MEDIAN (NOT RAISED),,STRAIGHT AND LEVEL,DRY,UNKNOWN,ON SCENE,INJURY AND / OR TOW DUE TO CRASH,,,,"OVER $1,500",07/07/2025 05:25:00 PM,FAILING TO YIELD RIGHT-OF-WAY,DISTRACTION - FROM INSIDE VEHICLE,5544,S,CALIFORNIA AVE,824,,,,,,,2,NO INDICATION OF INJURY,0,0,0,0,0,2,0,17,2,7,41.7923548618,-87.6939073527,POINT (-87.693907352747 41.792354861795)
e68016d1b7ff63e2797644f9f654c03fb8d7607ea608b3817609eff9dd6099251cdc6ed45e87d76ff9fd98d356845d0c632d10d258bf2c33ffa2611c58a65547,,07/07/2025 05:15:00 PM,30,NO CONTROLS,NO CONTROLS,CLEAR,DAYLIGHT,PARKED MOTOR VEHICLE,PARKING LOT,,STRAIGHT AND LEVEL,DRY,NO DEFECTS,ON SCENE,NO INJURY / DRIVE AWAY,,,,"OVER $1,500",07/07/2025 05:32:00 PM,UNABLE TO DETERMINE,UNABLE TO DETERMINE,500,W,ROOSEVELT RD,124,,Y,,,,,2,NO INDICATION OF INJURY,0,0,0,0,0,1,0,17,2,7,41.8673626926,-87.6392931946,POINT (-87.639293194642 41.867362692617)
fe6bdbb8b249fe020709df6a00a0dd3af9d4ffe706c85af1482e08933105ebca7aca5bb117a9a1a1c2b7b124756d8f3c6c0663958d044ac3b6528ccab7027fe5,,07/07/2025 05:12:00 PM,30,NO CONTROLS,NO CONTROLS,CLEAR,DAYLIGHT,REAR END,DIVIDED - W/MEDIAN (NOT RAISED),,STRAIGHT AND LEVEL,DRY,NO DEFECTS,NOT ON SCENE (DESK REPORT),NO INJURY / DRIVE AWAY,,,,"OVER $1,500",07/07/2025 06:20:00 PM,FOLLOWING TOO CLOSELY,UNABLE TO DETERMINE,700,E,87TH ST,632,,,,,,,2,NO INDICATION OF INJURY,0,0,0,0,0,2,0,17,2,7,41.7367253793,-87.6071663276,POINT (-87.607166327601 41.736725379316)
66c8d1d2df6a5188c1a5e64c6fe6ad18addd86bbfc4487f902fa9786d9a5b253b1e46943189c8cd9ea6da5a010cf1175aac279155d8c7edceec06ea4511e4ae6,,07/07/2025 05:10:00 PM,20,STOP SIGN/FLASHER,FUNCTIONING PROPERLY,CLEAR,DAYLIGHT,PARKED MOTOR VEHICLE,NOT DIVIDED,,STRAIGHT AND LEVEL,DRY,NO DEFECTS,ON SCENE,INJURY AND / OR TOW DUE TO CRASH,,,,"OVER $1,500",07/07/2025 05:17:00 PM,PHYSICAL CONDITION OF DRIVER,NOT APPLICABLE,700,E,90TH ST,633,,,,,,,2,"REPORTED, NOT EVIDENT",1,0,0,0,1,0,0,17,2,7,41.7312523712,-87.6069958751,POINT (-87.606995875122 41.731252371188)
2a917328a1e547cbc60b57ff60e0c4acd6a8f156c0a0ef216465ac2a7801ed43b85847027290a3269f0f00c92218290ada0ecbcf77aeb9dadf800f922fad1232,,07/07/2025 05:08:00 PM,30,NO CONTROLS,NO CONTROLS,CLEAR,UNKNOWN,PARKED MOTOR VEHICLE,ONE-WAY,,STRAIGHT AND LEVEL,DRY,NO DEFECTS,ON SCENE,NO INJURY / DRIVE AWAY,,,,"OVER $1,500",07/07/2025 05:10:00 PM,UNABLE TO DETERMINE,UNABLE TO DETERMINE,29,S,DEARBORN ST,112,,Y,,,,,2,NO INDICATION OF INJURY,0,0,0,0,0,1,0,17,2,7,41.8815128235,-87.6292395669,POINT (-87.629239566944 41.881512823512)
1ec06020f27fa6f55f8f2c50cc7503fe5c833154c5bc66c6a18a74c136448c3feeceb3fb15e1dfc0d107c867ce48e8b8fa1f749fc112d2a3f5c12eea8ad2560e,,07/07/2025 05:00:00 PM,30,NO CONTROLS,FUNCTIONING PROPERLY,CLEAR,DAYLIGHT,PEDESTRIAN,NOT DIVIDED,,STRAIGHT AND LEVEL,DRY,NO DEFECTS,ON SCENE,INJURY AND / OR TOW DUE TO CRASH,,,Y,$500 OR LESS,07/07/2025 05:12:00 PM,UNABLE TO DETERMINE,NOT APPLICABLE,932,W,63RD ST,712,,,,,,,2,"REPORTED, NOT EVIDENT",1,0,0,0,1,1,0,17,2,7,41.7797882132,-87.6484567348,POINT (-87.648456734787 41.779788213161)
61184b48e43b2b1f6c5ccc4cbff16aed4f6cede77b464472cb875183c061996f21b54d586a6fd9377e1c15ba6763ab71a767952a54407e862355f6cf52fc5198,N,07/07/2025 05:00:00 PM,30,TRAFFIC SIGNAL,FUNCTIONING PROPERLY,CLEAR,DAYLIGHT,SIDESWIPE SAME DIRECTION,NOT DIVIDED,,STRAIGHT AND LEVEL,DRY,NO DEFECTS,NOT ON SCENE (DESK REPORT),NO INJURY / DRIVE AWAY,Y,,,"OVER $1,500",07/07/2025 09:05:00 PM,UNABLE TO DETERMINE,UNABLE TO DETERMINE,3204,W,MONTROSE AVE,1724,,,,,,,2,NO INDICATION OF INJURY,0,0,0,0,0,2,0,17,2,7,41.9612952945,-87.7084809871,POINT (-87.70848098713 41.961295294503)
edcbd8b6bafe704d5466a04dd8e85ebe92bff691b8b9903285c064be37e534c536054f1e24855baa25e4042d3b02aa84d24d74a655279260d187b547839fcae0,,07/07/2025 05:00:00 PM,30,NO CONTROLS,NO CONTROLS,CLEAR,DAYLIGHT,SIDESWIPE SAME DIRECTION,NOT DIVIDED,,STRAIGHT AND LEVEL,DRY,NO DEFECTS,NOT ON SCENE (DESK REPORT),NO INJURY / DRIVE AWAY,,,,"OVER $1,500",07/07/2025 07:40:00 PM,FOLLOWING TOO CLOSELY,FOLLOWING TOO CLOSELY,2637,N,CENTRAL PARK AVE,1412,,,,,,,2,NO INDICATION OF INJURY,0,0,0,0,0,2,0,17,2,7,41.9294080255,-87.7169771429,POINT (-87.716977142852 41.929408025494)
5741616fb54c5c90161c92a12d4233e97e8c2d8c8188cfda503d926bcde5457fec337c529a80db95dd9b71ee318a7ff37f983ee38fb7951e8fdc49d7292e1fad,,07/07/2025 04:55:00 PM,20,TRAFFIC SIGNAL,FUNCTIONING PROPERLY,CLEAR,DAYLIGHT,REAR END,NOT DIVIDED,,STRAIGHT AND LEVEL,DRY,NO DEFECTS,NOT ON SCENE (DESK REPORT),NO INJURY / DRIVE AWAY,,,,"OVER $1,500",07/07/2025 06:35:00 PM,UNABLE TO DETERMINE,NOT APPLICABLE,3045,W,26TH ST,1033,,,,,,,2,NO INDICATION OF INJURY,0,0,0,0,0,2,0,16,2,7,41.8444692529,-87.7019302145,POINT (-87.701930214473 41.844469252871)
f7ba2bc55a25434b9d4cb1975a1bb8234dcbe9442f29c20bc41c44aa4ce55c6978e0dc6dd801e87f54344234b4805bf73ef41e96d9d7e5c3bb5a67b875cb19cf,,07/07/2025 04:54:00 PM,30,NO CONTROLS,NO CONTROLS,CLEAR,DAYLIGHT,PEDESTRIAN,NOT DIVIDED,,STRAIGHT AND LEVEL,DRY,UNKNOWN,ON SCENE,INJURY AND / OR TOW DUE TO CRASH,,,,"OVER $1,500",07/07/2025 04:55:00 PM,UNABLE TO DETERMINE,NOT APPLICABLE,3516,W,LAWRENCE AVE,1712,,,,,,,2,NONINCAPACITATING INJURY,1,0,0,1,0,1,0,16,2,7,41.9684781444,-87.7166062484,POINT (-87.716606248382 41.9684781444)
45552708bc94719c35dc5655478c38f7982664d5692e2de77598e207f949efbfc82be3ea8ab454c662f5f3790db6f2c866a6b5353a674a41c401841661c407fb,,07/07/2025 04:45:00 PM,20,NO CONTROLS,NO CONTROLS,CLEAR,DAYLIGHT,PARKED MOTOR VEHICLE,ONE-WAY,,STRAIGHT AND LEVEL,DRY,NO DEFECTS,ON SCENE,NO INJURY / DRIVE AWAY,,,,$500 OR LESS,07/07/2025 04:49:00 PM,IMPROPER OVERTAKING/PASSING,UNABLE TO DETERMINE,930,W,GUNNISON ST,2024,,,,,,,2,NO INDICATION OF INJURY,0,0,0,0,0,1,0,16,2,7,41.9701559423,-87.6537001858,POINT (-87.653700185843 41.970155942319)
297868db2f3805ac097629683a977f6d8c272c1a2cfe0c8e484f09a8e1a0bd91ca960445e32f1d9f6c525bb88732752f41738d8ce87f1d9a0882f451c034e0ed,,07/07/2025 04:44:00 PM,30,TRAFFIC SIGNAL,FUNCTIONING PROPERLY,CLEAR,DAYLIGHT,SIDESWIPE SAME DIRECTION,DIVIDED - W/MEDIAN (NOT RAISED),,STRAIGHT AND LEVEL,DRY,NO DEFECTS,NOT ON SCENE (DESK REPORT),NO INJURY / DRIVE AWAY,Y,,Y,"$501 - $1,500",07/07/2025 05:10:00 PM,DRIVING SKILLS/KNOWLEDGE/EXPERIENCE,FAILING TO YIELD RIGHT-OF-WAY,7400,S,ASHLAND AVE,735,,,,,,,2,NO INDICATION OF INJURY,0,0,0,0,0,2,0,16,2,7,41.7593683965,-87.6637857159,POINT (-87.663785715867 41.75936839646)
f1d20f111f89994ee6977432f47054c4c79957aa97d57cf4e17bfebe2e139f3e2fb77141b40114cd7a7da6b17298fa4b40809d781472fb8bfa26e3b12a3249be,,07/07/2025 04:42:00 PM,30,UNKNOWN,UNKNOWN,UNKNOWN,UNKNOWN,REAR END,NOT DIVIDED,,STRAIGHT AND LEVEL,UNKNOWN,UNKNOWN,NOT ON SCENE (DESK REPORT),INJURY AND / OR TOW DUE TO CRASH,,,Y,"$501 - $1,500",07/16/2025 04:30:00 PM,UNABLE TO DETERMINE,NOT APPLICABLE,4498,W,26TH ST,1013,,,,,,,2,"REPORTED, NOT EVIDENT",1,0,0,0,1,2,0,16,2,7,41.8441916902,-87.7366770971,POINT (-87.736677097109 41.844191690197)
0ae7660c3936dc746dbe5f767775ef2f0aeb6fd12f35a804c3fa60f46bca331d55ad59ed906d9f3ee1bd48cd46d43f0a6838858a768a23f420e75f710531cfed,,07/07/2025 04:40:00 PM,30,UNKNOWN,UNKNOWN,UNKNOWN,UNKNOWN,REAR END,DIVIDED - W/MEDIAN (NOT RAISED),,STRAIGHT AND LEVEL,UNKNOWN,UNKNOWN,NOT ON SCENE (DESK REPORT),NO INJURY / DRIVE AWAY,,,,"OVER $1,500",07/07/2025 05:15:00 PM,FOLLOWING TOO CLOSELY,UNABLE TO DETERMINE,7537,N,CLARK ST,2422,,,,,,,2,NO INDICATION OF INJURY,0,0,0,0,0,3,0,16,2,7,42.0188127938,-87.6759202309,POINT (-87.675920230894 42.018812793757)
3c57a0b8660b1f08c8e648b9d41dbc5230ff78f67490b2bc5a36def891511c46a2e8ad036d5ae1131bbd77968a1c928fe2c9abb50940cd8a90ea73c2135905a1,,07/07/2025 04:35:00 PM,30,TRAFFIC SIGNAL,FUNCTIONING PROPERLY,CLEAR,DAYLIGHT,PEDESTRIAN,FOUR WAY,,STRAIGHT AND LEVEL,DRY,NO DEFECTS,NOT ON SCENE (DESK REPORT),INJURY AND / OR TOW DUE TO CRASH,,,,"OVER $1,500",07/12/2025 11:00:00 AM,FAILING TO YIELD RIGHT-OF-WAY,NOT APPLICABLE,100,W,OHIO ST,1832,,,,,,,2,NONINCAPACITATING INJURY,1,0,0,1,0,1,0,16,2,7,41.8925362695,-87.6312216512,POINT (-87.631221651201 41.892536269534)
62b751f4da66c42abf4cea7979e05a65ef02756b852f3e34694ea6c6dd2c0a352f590e3c4371a8e1b2e08125b95cd54dbba27cc4cb9249da30cbf89fc5f30012,,07/07/2025 04:35:00 PM,30,TRAFFIC SIGNAL,FUNCTIONING PROPERLY,CLEAR,DAYLIGHT,SIDESWIPE SAME DIRECTION,NOT DIVIDED,,STRAIGHT AND LEVEL,DRY,NO DEFECTS,NOT ON SCENE (DESK REPORT),NO INJURY / DRIVE AWAY,,,Y,"$501 - $1,500",07/07/2025 05:30:00 PM,UNABLE TO DETERMINE,UNABLE TO DETERMINE,100,N,HOMAN BLVD,1123,,,,,,,2,NO INDICATION OF INJURY,0,0,0,0,0,2,0,16,2,7,41.8827814007,-87.7112087013,POINT (-87.711208701269 41.882781400723)
a5a0979cf52ebbb0c72b268dc4e70d8b3bc0b2a4a1bccbb398fc55e5ac906b20e13c9957a73a7e3a0738cc277a781730f75a3df5927a2708d64281254cc92fb2,Y,07/07/2025 04:35:00 PM,30,NO CONTROLS,NO CONTROLS,CLEAR,DAYLIGHT,PARKED MOTOR VEHICLE,ONE-WAY,,STRAIGHT AND LEVEL,DRY,NO DEFECTS,ON SCENE,INJURY AND / OR TOW DUE TO CRASH,,,,"OVER $1,500",07/07/2025 04:36:00 PM,DRIVING ON WRONG SIDE/WRONG WAY,FAILING TO REDUCE SPEED TO AVOID CRASH,4554,S,LAPORTE AVE,814,,,,,,,2,NO INDICATION OF INJURY,0,0,0,0,0,1,0,16,2,7,41.8096005504,-87.7470269742,POINT (-87.747026974212 41.809600550403)
6e171935595819c66d31d51d5a65156ba2596c4d69d75eba45a128456c73488d3ddca668954f53e273058e2a9fad5f3bf3ae2945a189b82da072869dd6ebdd10,,07/07/2025 04:31:00 PM,30,TRAFFIC SIGNAL,FUNCTIONING PROPERLY,CLEAR,"DARKNESS, LIGHTED ROAD",REAR END,DIVIDED - W/MEDIAN (NOT RAISED),,STRAIGHT AND LEVEL,DRY,NO DEFECTS,NOT ON SCENE (DESK REPORT),NO INJURY / DRIVE AWAY,Y,,,"OVER $1,500",07/07/2025 04:31:00 PM,FOLLOWING TOO CLOSELY,FOLLOWING TOO CLOSELY,3539,N,WESTERN AVE,1921,,,,,,,2,NO INDICATION OF INJURY,0,0,0,0,0,2,0,16,2,7,41.9460807733,-87.6880939434,POINT (-87.688093943437 41.946080773255)
79b2e9dd400bb15a99c15a03301efb15d4d6a34bc6d3b2a5a6a2a5f75b970fb7cec36c02f37ea20bc43f56d665fe2f1cf0f43b066b650e032a60bc82aec52143,,07/07/2025 04:30:00 PM,30,NO CONTROLS,NO CONTROLS,CLEAR,DAYLIGHT,REAR TO SIDE,NOT DIVIDED,,STRAIGHT AND LEVEL,DRY,NO DEFECTS,NOT ON SCENE (DESK REPORT),NO INJURY / DRIVE AWAY,,,,"OVER $1,500",07/10/2025 01:30:00 AM,IMPROPER BACKING,UNABLE TO DETERMINE,2323,N,LINCOLN AVE,1812,,,,,,,2,NO INDICATION OF INJURY,0,0,0,0,0,2,0,16,2,7,41.9242504101,-87.6468775231,POINT (-87.646877523097 41.924250410055)
96222764550f312227b0830d8f85aca7e45f6accf39785b374d945bf8cdfaed6ec65891b43e3f66328cb25bbee4bd3de1745da91b698f2e4abc59c0831d24808,,07/07/2025 04:30:00 PM,30,NO CONTROLS,NO CONTROLS,CLEAR,DAYLIGHT,TURNING,NOT DIVIDED,,STRAIGHT AND LEVEL,DRY,NO DEFECTS,NOT ON SCENE (DESK REPORT),NO INJURY / DRIVE AWAY,,,,"OVER $1,500",07/07/2025 05:30:00 PM,IMPROPER TURNING/NO SIGNAL,NOT APPLICABLE,1622,W,DIVISION ST,1424,Y,,,,,,2,NO INDICATION OF INJURY,0,0,0,0,0,3,0,16,2,7,41.9034422782,-87.668426704,POINT (-87.668426704047 41.903442278168)
ba0b3dc735ee44bb5699fcd57ed8b8ded9b014ca17f5c04e418b5bd57042eba32684e381b888e37ca9c680550638c4c0ff38e41363f9674d4ddc2e859273adeb,,07/07/2025 04:30:00 PM,30,TRAFFIC SIGNAL,FUNCTIONING PROPERLY,UNKNOWN,UNKNOWN,SIDESWIPE SAME DIRECTION,NOT DIVIDED,,STRAIGHT AND LEVEL,UNKNOWN,UNKNOWN,NOT ON SCENE (DESK REPORT),NO INJURY / DRIVE AWAY,,,,$500 OR LESS,07/08/2025 06:20:00 PM,UNABLE TO DETERMINE,NOT APPLICABLE,1030,W,CHICAGO AVE,1213,,,,,,,2,NO INDICATION OF INJURY,0,0,0,0,0,2,0,16,2,7,41.8964000539,-87.6537495116,POINT (-87.65374951159 41.896400053928)
743a6eae918e25b515602dd7e5d4b3978ae1018a2b2fa357de4e9e7f1cf37095eefb490cee75f986727d4c1b806afe2283c0fac4efb8520458facd7f7b96aa0d,,07/07/2025 04:28:00 PM,30,NO CONTROLS,NO CONTROLS,CLEAR,DAYLIGHT,REAR END,NOT DIVIDED,,STRAIGHT AND LEVEL,DRY,NO DEFECTS,ON SCENE,NO INJURY / DRIVE AWAY,,,,$500 OR LESS,07/07/2025 04:28:00 PM,UNABLE TO DETERMINE,NOT APPLICABLE,6818,W,NORTH AVE,2513,,,,,,,2,NO INDICATION OF INJURY,0,0,0,0,0,2,0,16,2,7,41.9091253595,-87.7956202929,POINT (-87.795620292859 41.909125359501)
bfaf7aaa12fa5cc2f82d74b23c4763e53c2ff556ff9cd085c9ff46f5e78689b23c281efc6d1e0e3659945fb9affd64488dda49c35e146af51376fe412abca00e,,07/07/2025 04:20:00 PM,30,TRAFFIC SIGNAL,FUNCTIONING PROPERLY,CLEAR,DAYLIGHT,REAR END,DIVIDED - W/MEDIAN (NOT RAISED),,STRAIGHT AND LEVEL,DRY,NO DEFECTS,NOT ON SCENE (DESK REPORT),NO INJURY / DRIVE AWAY,Y,,,"OVER $1,500",07/07/2025 05:30:00 PM,FOLLOWING TOO CLOSELY,NOT APPLICABLE,1400,N,CENTRAL AVE,2531,,,,,,,2,NO INDICATION OF INJURY,0,0,0,0,0,2,0,16,2,7,41.9058460549,-87.7659352507,POINT (-87.765935250667 41.905846054894)
0df97fce68019671d9d327d1ac1d799977d6bf6533bc84c73c54a7013eca9c2b330e5742a13227c58b0bf0a7f50b95355cd8672c9d95f90d8af22a6f1762f115,,07/07/2025 04:15:00 PM,30,TRAFFIC SIGNAL,FUNCTIONING PROPERLY,CLEAR,DAYLIGHT,SIDESWIPE SAME DIRECTION,NOT DIVIDED,,STRAIGHT AND LEVEL,DRY,NO DEFECTS,NOT ON SCENE (DESK REPORT),NO INJURY / DRIVE AWAY,,,,"OVER $1,500",07/07/2025 05:35:00 PM,IMPROPER OVERTAKING/PASSING,FOLLOWING TOO CLOSELY,2400,S,WESTERN AVE,1034,,,,,,,2,NO INDICATION OF INJURY,0,0,0,0,0,2,0,16,2,7,41.8483520422,-87.6856819345,POINT (-87.685681934492 41.848352042192)
2e5f1f5a76689a7bfa5b7a3e888c7327c57d4e30373d5a025d4ad5ff2d303bfae4d6cf788d88c5d327600e2b36beec552610b18aa9e4450f2ae450ecdb3886af,,07/07/2025 04:15:00 PM,30,NO CONTROLS,NO CONTROLS,CLEAR,DAYLIGHT,TURNING,NOT DIVIDED,,STRAIGHT AND LEVEL,DRY,UNKNOWN,NOT ON SCENE (DESK REPORT),NO INJURY / DRIVE AWAY,,,,"$501 - $1,500",07/07/2025 04:45:00 PM,IMPROPER LANE USAGE,IMPROPER OVERTAKING/PASSING,3968,S,ASHLAND AVE,924,,,,,,,2,NO INDICATION OF INJURY,0,0,0,0,0,2,0,16,2,7,41.8210713489,-87.6655103567,POINT (-87.665510356711 41.821071348862)
5f068512e22360eeb5d653f967573d89921e80d817e5b80e07ded6c728a88468f1766c9bcb5a42fadb7ea9d8727b30950023c0a846f839877f52e9e50aee7fa1,,07/07/2025 04:15:00 PM,30,NO CONTROLS,NO CONTROLS,CLEAR,DAYLIGHT,REAR TO REAR,PARKING LOT,,STRAIGHT AND LEVEL,DRY,NO DEFECTS,NOT ON SCENE (DESK REPORT),NO INJURY / DRIVE AWAY,,,,"OVER $1,500",07/07/2025 06:00:00 PM,UNABLE TO DETERMINE,NOT APPLICABLE,2656,N,ELSTON AVE,1432,,,,,,,2,NO INDICATION OF INJURY,0,0,0,0,0,3,0,16,2,7,41.9298489966,-87.6846437835,POINT (-87.684643783527 41.929848996597)
8bc7dc88bd7f5b46d1c087f092b87118bc92e95457010429072237a7bd730f57aeced9254e8f3ca67faa87e21109bc3754d71d7b70cf0ab671f3490cc86fd781,,07/07/2025 04:15:00 PM,30,TRAFFIC SIGNAL,FUNCTIONING PROPERLY,CLEAR,DAYLIGHT,REAR END,DIVIDED - W/MEDIAN (NOT RAISED),,STRAIGHT AND LEVEL,DRY,UNKNOWN,NOT ON SCENE (DESK REPORT),NO INJURY / DRIVE AWAY,,,,"OVER $1,500",07/07/2025 05:00:00 PM,UNABLE TO DETERMINE,UNABLE TO DETERMINE,3705,W,31ST ST,1031,,,,,,,2,NO INDICATION OF INJURY,0,0,0,0,0,2,0,16,2,7,41.8368983165,-87.717270837,POINT (-87.717270836997 41.836898316478)