CRASH_RECORD_ID,CRASH_DATE_EST_I,CRASH_DATE,POSTED_SPEED_LIMIT,TRAFFIC_CONTROL_DEVICE,DEVICE_CONDITION,WEATHER_CONDITION,LIGHTING_CONDITION,FIRST_CRASH_TYPE,TRAFFICWAY_TYPE,LANE_CNT,ALIGNMENT,ROADWAY_SURFACE_COND,ROAD_DEFECT,REPORT_TYPE,CRASH_TYPE,INTERSECTION_RELATED_I,NOT_RIGHT_OF_WAY_I,HIT_AND_RUN_I,DAMAGE,DATE_POLICE_NOTIFIED,PRIM_CONTRIBUTORY_CAUSE,SEC_CONTRIBUTORY_CAUSE,STREET_NO,STREET_DIRECTION,STREET_NAME,BEAT_OF_OCCURRENCE,PHOTOS_TAKEN_I,STATEMENTS_TAKEN_I,DOORING_I,WORK_ZONE_I,WORK_ZONE_TYPE,WORKERS_PRESENT_I,NUM_UNITS,MOST_SEVERE_INJURY,INJURIES_TOTAL,INJURIES_FATAL,INJURIES_INCAPACITATING,INJURIES_NON_INCAPACITATING,INJURIES_REPORTED_NOT_EVIDENT,INJURIES_NO_INDICATION,INJURIES_UNKNOWN,CRASH_HOUR,CRASH_DAY_OF_WEEK,CRASH_MONTH,LATITUDE,LONGITUDE,LOCATION
b796a3ee9937f470dc4b21a671fc78ba002cb8ddb0affcbf5f0b0de4ce63ae07e79cbfbf9814d153f09d54c2c0b206969782c23fe607b0b8a771978a65cbaebd,,07/07/2025 04:15:00 PM,30,NO CONTROLS,NO CONTROLS,CLEAR,DAYLIGHT,TURNING,NOT DIVIDED,,STRAIGHT AND LEVEL,DRY,NO DEFECTS,NOT ON SCENE (DESK REPORT),NO INJURY / DRIVE AWAY,,,,"$501 - $1,500",07/07/2025 05:10:00 PM,NOT APPLICABLE,NOT APPLICABLE,2099,S,WESTERN AVE,1234,,,,,,,2,NO INDICATION OF INJURY,0,0,0,0,0,2,0,16,2,7,41.8539235621,-87.6855417972,POINT (-87.685541797217 41.853923562058)
ea3439090c99e34cffb571bb976ade3e3f5fa84b2d6ddd95af45e791862ddefa79210a16fd5b33080ebaf3294b54d66ea11ab0fa12f094b72735334cffd717e3,,07/07/2025 04:15:00 PM,30,STOP SIGN/FLASHER,FUNCTIONING PROPERLY,CLEAR,DAYLIGHT,ANGLE,FOUR WAY,,STRAIGHT AND LEVEL,DRY,NO DEFECTS,ON SCENE,NO INJURY / DRIVE AWAY,Y,,,"OVER $1,500",07/07/2025 04:22:00 PM,DISREGARDING STOP SIGN,FAILING TO YIELD RIGHT-OF-WAY,3000,S,CENTRAL PARK AVE,1032,,Y,,,,,2,NO INDICATION OF INJURY,0,0,0,0,0,6,0,16,2,7,41.8387936505,-87.7147861562,POINT (-87.714786156242 41.83879365054)
17591ae9e294944111b6969fc59ea89270ee68639e3e5778a271413649377927d55e4406cb328a1532b58107516e593f9e41d3543dc493c7fcc6ae39f1333bd6,,07/07/2025 04:11:00 PM,30,NO CONTROLS,NO CONTROLS,CLEAR,DAYLIGHT,REAR END,NOT DIVIDED,,STRAIGHT AND LEVEL,DRY,NO DEFECTS,ON SCENE,NO INJURY / DRIVE AWAY,,,Y,"$501 - $1,500",07/07/2025 04:22:00 PM,FOLLOWING TOO CLOSELY,NOT APPLICABLE,3630,W,31ST ST,1032,,,,,,,2,NO INDICATION OF INJURY,0,0,0,0,0,5,0,16,2,7,41.8371451669,-87.7157529427,POINT (-87.715752942748 41.837145166869)
a3af9315b5c71b7798c0c8095d7f35af3201a14c8da03d5b5f1bc7b1a9720546e1666dd8192e733de387ae23185351a7fd3cae3aba45caf5cc382f43899afe49,,07/07/2025 04:08:00 PM,30,NO CONTROLS,NO CONTROLS,CLEAR,DAYLIGHT,PARKED MOTOR VEHICLE,NOT DIVIDED,,STRAIGHT AND LEVEL,DRY,NO DEFECTS,ON SCENE,INJURY AND / OR TOW DUE TO CRASH,,,,"OVER $1,500",07/07/2025 04:08:00 PM,UNABLE TO DETERMINE,UNABLE TO DETERMINE,7648,N,PAULINA ST,2422,,,,,,,2,NO INDICATION OF INJURY,0,0,0,0,0,1,0,16,2,7,42.0208093753,-87.6732279524,POINT (-87.673227952359 42.020809375296)
7fcbf90a56599a20e5e9987020b39ae39e581b81062304bdb084b3de60186b5c1b84e23312acdef86620ad01022781f9df1fe8432e65bb566ad028976dfe109a,,07/07/2025 04:01:00 PM,25,TRAFFIC SIGNAL,FUNCTIONING PROPERLY,CLEAR,DAYLIGHT,TURNING,ONE-WAY,,STRAIGHT AND LEVEL,DRY,WORN SURFACE,ON SCENE,NO INJURY / DRIVE AWAY,Y,,Y,$500 OR LESS,07/07/2025 04:01:00 PM,DRIVING SKILLS/KNOWLEDGE/EXPERIENCE,NOT APPLICABLE,60,W,SCHILLER ST,1824,,,,,,,2,NO INDICATION OF INJURY,0,0,0,0,0,2,0,16,2,7,41.9079584711,-87.6308795396,POINT (-87.630879539586 41.907958471113)
2e0dc4e998ebbbf51b5789fe3b71d6f2854f8ea9d702679e004a071519f92901f17a6322d3e558279935e0af257a5634bfc3bcc0a26ef71598d6915128961e9b,,07/07/2025 04:00:00 PM,10,NO CONTROLS,NO CONTROLS,CLEAR,DAYLIGHT,PARKED MOTOR VEHICLE,PARKING LOT,,STRAIGHT AND LEVEL,DRY,NO DEFECTS,NOT ON SCENE (DESK REPORT),NO INJURY / DRIVE AWAY,,,Y,"OVER $1,500",07/07/2025 07:30:00 PM,UNABLE TO DETERMINE,NOT APPLICABLE,4705,W,FOSTER AVE,1712,,,,,,,2,NO INDICATION OF INJURY,0,0,0,0,0,1,0,16,2,7,41.9752590481,-87.7458699122,POINT (-87.745869912246 41.975259048051)
34adfb66225c47abe0ed00752dbfc52eed2ae652159f4fd15a598c1a139f87e20db4f461f3b0860b6eaa2bb0b8b97cf0badb6a4feb7228c19f675aac0f4e7c73,,07/07/2025 04:00:00 PM,15,NO CONTROLS,NO CONTROLS,CLEAR,DAYLIGHT,PARKED MOTOR VEHICLE,NOT DIVIDED,,STRAIGHT AND LEVEL,DRY,NO DEFECTS,,NO INJURY / DRIVE AWAY,,,,"OVER $1,500",07/07/2025 04:05:00 PM,IMPROPER TURNING/NO SIGNAL,DRIVING SKILLS/KNOWLEDGE/EXPERIENCE,3435,N,ELAINE PL,1925,,,,,,,2,NO INDICATION OF INJURY,0,0,0,0,0,2,0,16,2,7,41.9446853158,-87.6475485144,POINT (-87.647548514383 41.944685315769)
4e610bad31295d5fd636230efa7e51608026e72953554cf74e5ee9b60441632ea2bfb0a4e01c1c8e421b7105aa5cda0f0c50144420e85beb775acb6baf863889,,07/07/2025 04:00:00 PM,30,NO CONTROLS,NO CONTROLS,CLEAR,DAYLIGHT,PARKED MOTOR VEHICLE,PARKING LOT,,STRAIGHT AND LEVEL,DRY,NO DEFECTS,ON SCENE,NO INJURY / DRIVE AWAY,,,,"OVER $1,500",07/08/2025 10:05:00 AM,FOLLOWING TOO CLOSELY,NOT APPLICABLE,5944,W,65TH ST,812,,,,,,,2,NO INDICATION OF INJURY,0,0,0,0,0,1,0,16,2,7,41.77432873,-87.7707033615,POINT (-87.770703361505 41.77432873004)
ba1639bc0d16ea0ba4b4c9b561d42ea2cfdaee38f8dae02af1ace1ec86a231c72edd7a913c3aec4d25459fe674a35f9736d4d32929f78ab06cb37e41bb479de1,,07/07/2025 04:00:00 PM,30,TRAFFIC SIGNAL,NO CONTROLS,UNKNOWN,DAYLIGHT,REAR END,FOUR WAY,,STRAIGHT AND LEVEL,DRY,UNKNOWN,,NO INJURY / DRIVE AWAY,Y,,,"OVER $1,500",07/09/2025 02:20:00 PM,FAILING TO REDUCE SPEED TO AVOID CRASH,NOT APPLICABLE,7689,S,SOUTH CHICAGO AVE,411,,,,,,,2,NO INDICATION OF INJURY,0,0,0,0,0,2,0,16,2,7,41.7550396803,-87.5902849779,POINT (-87.590284977894 41.755039680304)
d567a35c62774e77287846a54decb6318bca17a755aff6814687f07370bd2ae5da2ace15e9363118fac39216dd8d86705e62e46c294eb2123c59085b3295b6ab,N,07/07/2025 03:59:00 PM,25,NO CONTROLS,NO CONTROLS,CLEAR,DAYLIGHT,REAR END,DIVIDED - W/MEDIAN BARRIER,,STRAIGHT AND LEVEL,DRY,NO DEFECTS,ON SCENE,INJURY AND / OR TOW DUE TO CRASH,Y,,,"$501 - $1,500",07/07/2025 04:05:00 PM,UNABLE TO DETERMINE,DISTRACTION - FROM OUTSIDE VEHICLE,8100,S,RHODES AVE,631,,,,,,,2,"REPORTED, NOT EVIDENT",2,0,0,0,2,0,0,15,2,7,41.7474295576,-87.6113374506,POINT (-87.611337450566 41.747429557566)
3571643846c57a9171943dbb88e09ff6ea9c68a9f6a93954401d9dfed1ebf22adae9c1372fdb38c7e173259b1debab2fd722f5be3532d2b07f0e3c4c5859b366,,07/07/2025 03:55:00 PM,30,NO CONTROLS,NO CONTROLS,CLEAR,DAYLIGHT,ANGLE,DIVIDED - W/MEDIAN (NOT RAISED),,STRAIGHT AND LEVEL,UNKNOWN,UNKNOWN,NOT ON SCENE (DESK REPORT),NO INJURY / DRIVE AWAY,,,Y,"OVER $1,500",07/07/2025 07:32:00 PM,DRIVING SKILLS/KNOWLEDGE/EXPERIENCE,"OPERATING VEHICLE IN ERRATIC, RECKLESS, CARELESS, NEGLIGENT OR AGGRESSIVE MANNER",736,W,DIVISION ST,1822,,,,,,,2,NO INDICATION OF INJURY,0,0,0,0,0,2,0,15,2,7,41.903756029,-87.6475259774,POINT (-87.647525977443 41.903756029012)
7dc3eae83b3294d3a77941ee050a98fc49d7f3c3d422f23268a05c90e62d301f53172c1f88c11340698b186fbb01829839ad8511d994a073ce7db8bb7b33428c,,07/07/2025 03:55:00 PM,30,NO CONTROLS,NO CONTROLS,CLEAR,DAYLIGHT,TURNING,NOT DIVIDED,,STRAIGHT AND LEVEL,DRY,NO DEFECTS,ON SCENE,INJURY AND / OR TOW DUE TO CRASH,,,,"OVER $1,500",07/07/2025 04:32:00 PM,IMPROPER TURNING/NO SIGNAL,UNABLE TO DETERMINE,2525,W,71ST ST,832,,,,,,,2,NONINCAPACITATING INJURY,4,0,0,4,0,0,0,15,2,7,41.7645291317,-87.6868491848,POINT (-87.686849184792 41.764529131744)
5f2776c4eae27197b74f78243cef424ad0482c2ca4cbe84b5cc7fc54e3554320c670db22d3caa327e64f1339a4b611fe5e65b5055d425cc79623e59209c4a12a,,07/07/2025 03:50:00 PM,30,TRAFFIC SIGNAL,FUNCTIONING PROPERLY,CLEAR,DAYLIGHT,SIDESWIPE OPPOSITE DIRECTION,FOUR WAY,,STRAIGHT AND LEVEL,DRY,NO DEFECTS,NOT ON SCENE (DESK REPORT),NO INJURY / DRIVE AWAY,Y,,,"OVER $1,500",07/07/2025 05:45:00 PM,UNABLE TO DETERMINE,UNABLE TO DETERMINE,3599,W,GRAND AVE,1121,,,,,,,2,NO INDICATION OF INJURY,0,0,0,0,0,2,0,15,2,7,41.9021133851,-87.7165366747,POINT (-87.716536674704 41.902113385097)
02382b0b28581d339c0d2eb5be78076964c433e74a05dbf53fe54790229cff0f153f9b667b5139f957aac528db5a3fac7aefe37d7963320fe2536968477f66f7,,07/07/2025 03:49:00 PM,35,YIELD,NO CONTROLS,CLEAR,DAYLIGHT,TURNING,FOUR WAY,,STRAIGHT AND LEVEL,DRY,OTHER,NOT ON SCENE (DESK REPORT),INJURY AND / OR TOW DUE TO CRASH,Y,,,"OVER $1,500",07/07/2025 03:59:00 PM,FAILING TO YIELD RIGHT-OF-WAY,FAILING TO YIELD RIGHT-OF-WAY,7300,S,ASHLAND AVE,735,,,,Y,CONSTRUCTION,,2,NO INDICATION OF INJURY,0,0,0,0,0,3,0,15,2,7,41.7612249326,-87.6638335374,POINT (-87.663833537443 41.761224932571)
22910457ff4002bb0254afafb694caab84aa6b574dd4a3cdf42c301367c8b4ef22051c4c44ae2412e62682faf248a8d7b73da8ddca7970ccf9752b8d9592ebc1,,07/07/2025 03:48:00 PM,30,STOP SIGN/FLASHER,FUNCTIONING PROPERLY,CLEAR,DAYLIGHT,TURNING,DIVIDED - W/MEDIAN (NOT RAISED),,STRAIGHT AND LEVEL,DRY,NO DEFECTS,NOT ON SCENE (DESK REPORT),NO INJURY / DRIVE AWAY,Y,,,"OVER $1,500",07/07/2025 05:00:00 PM,FAILING TO YIELD RIGHT-OF-WAY,UNABLE TO DETERMINE,4300,N,CICERO AVE,1624,,,,,,,2,NO INDICATION OF INJURY,0,0,0,0,0,2,0,15,2,7,41.9589410094,-87.7476253546,POINT (-87.747625354554 41.958941009355)
c9fe8433da15065cffb4d50635084023461c0974f3f6895c958f613e8e271edacb035b0e12c983c368d02d02097c906c5ba6df75bd5f64b8e6ba446e9e013571,,07/07/2025 03:39:00 PM,30,TRAFFIC SIGNAL,FUNCTIONING PROPERLY,CLEAR,DAYLIGHT,SIDESWIPE SAME DIRECTION,NOT DIVIDED,,STRAIGHT AND LEVEL,DRY,NO DEFECTS,ON SCENE,NO INJURY / DRIVE AWAY,,,Y,"OVER $1,500",07/07/2025 03:39:00 PM,UNABLE TO DETERMINE,NOT APPLICABLE,800,W,ROOSEVELT RD,1232,,,,,,,2,NO INDICATION OF INJURY,0,0,0,0,0,4,0,15,2,7,41.8672630984,-87.646972686,POINT (-87.646972686016 41.867263098369)
0028b85b300c6547ea1152decadbf8ef0c7f989f89091948a4ea459a1c629566d22971caa868b6862fed8a13345c17bb730041d7dce5608d32e9901a9334f807,,07/07/2025 03:37:00 PM,30,NO CONTROLS,NO CONTROLS,CLEAR,DAYLIGHT,TURNING,L-INTERSECTION,,STRAIGHT AND LEVEL,DRY,UNKNOWN,ON SCENE,INJURY AND / OR TOW DUE TO CRASH,,,,"OVER $1,500",07/07/2025 03:37:00 PM,UNABLE TO DETERMINE,NOT APPLICABLE,4100,N,MARINE DR,1915,,,,,,,2,NONINCAPACITATING INJURY,2,0,0,2,0,0,0,15,2,7,41.9558065803,-87.6457167797,POINT (-87.645716779692 41.955806580347)
bdcaf1e381fe3c904237e174c5a4de79d5ab283fb16ee471a5f6a8fdfda8d67d5d03a903eed28d2009bf63e56f225226575d9ff7e2204db4e505f14a45d1dbee,,07/07/2025 03:37:00 PM,30,TRAFFIC SIGNAL,FUNCTIONING PROPERLY,CLEAR,DAYLIGHT,TURNING,FOUR WAY,,STRAIGHT AND LEVEL,DRY,NO DEFECTS,ON SCENE,NO INJURY / DRIVE AWAY,,,,"OVER $1,500",07/07/2025 03:40:00 PM,IMPROPER TURNING/NO SIGNAL,IMPROPER TURNING/NO SIGNAL,651,W,WASHINGTON BLVD,121,,,,,,,2,NO INDICATION OF INJURY,0,0,0,0,0,2,0,15,2,7,41.8830528866,-87.6446886044,POINT (-87.644688604425 41.88305288656)
03c5fe9f21d274877d19a715b77b3429ea51d0d602f2337848fc9f798ad2bf08a67d19372e300a22bbae3b9337185c2c8c2e9cb54f94feb988dfbce955568107,,07/07/2025 03:35:00 PM,30,NO CONTROLS,NO CONTROLS,CLEAR,DAYLIGHT,REAR END,NOT DIVIDED,,STRAIGHT AND LEVEL,DRY,NO DEFECTS,ON SCENE,INJURY AND / OR TOW DUE TO CRASH,,,Y,"$501 - $1,500",07/07/2025 03:40:00 PM,FOLLOWING TOO CLOSELY,NOT APPLICABLE,1326,N,SPRINGFIELD AVE,2535,,,,,,,2,"REPORTED, NOT EVIDENT",1,0,0,0,1,1,0,15,2,7,41.9051439689,-87.7240903015,POINT (-87.724090301538 41.905143968866)
24eab9f67699142c51ea469374d759766dc6f3cf5ebb16a7283ee1de61fbec82f9952ff5941b2a5c779d09fd20bac93c3198db2bd59ca0a168543abdfb8f79ba,,07/07/2025 03:35:00 PM,30,TRAFFIC SIGNAL,FUNCTIONING PROPERLY,CLEAR,DAYLIGHT,REAR END,DIVIDED - W/MEDIAN (NOT RAISED),,STRAIGHT AND LEVEL,DRY,NO DEFECTS,NOT ON SCENE (DESK REPORT),INJURY AND / OR TOW DUE TO CRASH,Y,,Y,"OVER $1,500",07/07/2025 04:00:00 PM,FOLLOWING TOO CLOSELY,UNABLE TO DETERMINE,10300,S,VINCENNES AVE,2212,,,,,,,2,"REPORTED, NOT EVIDENT",1,0,0,0,1,1,0,15,2,7,41.7067235779,-87.6561945409,POINT (-87.65619454086 41.706723577926)
05b86e13f1e47dd550a4926d3a77d2c85488388249a9c981f3219230d521c7ebc56dc6b06343dbc80b77ff8e8ed85fc258ad0a234b3593ce29a32b5aa336748f,,07/07/2025 03:30:00 PM,30,TRAFFIC SIGNAL,FUNCTIONING PROPERLY,CLEAR,DAYLIGHT,REAR END,DIVIDED - W/MEDIAN (NOT RAISED),,STRAIGHT AND LEVEL,DRY,NO DEFECTS,ON SCENE,NO INJURY / DRIVE AWAY,,,,"OVER $1,500",07/07/2025 03:39:00 PM,FOLLOWING TOO CLOSELY,NOT APPLICABLE,4201,W,ARMITAGE AVE,2534,,,,,,,2,NO INDICATION OF INJURY,0,0,0,0,0,2,0,15,2,7,41.9169928353,-87.7315034302,POINT (-87.731503430156 41.916992835267)
4885aafeb72673172002c9defedbf1e49f1be28c903d7e69072907a5a32f2784a222c7c6b1afd026c762b728c42e361a13b32a8907e169d53c21ab97fc177ef2,,07/07/2025 03:30:00 PM,30,TRAFFIC SIGNAL,NO CONTROLS,CLEAR,DAYLIGHT,SIDESWIPE OPPOSITE DIRECTION,FOUR WAY,,STRAIGHT AND LEVEL,DRY,UNKNOWN,NOT ON SCENE (DESK REPORT),NO INJURY / DRIVE AWAY,Y,,,"OVER $1,500",07/08/2025 03:17:00 PM,FAILING TO YIELD RIGHT-OF-WAY,FAILING TO YIELD RIGHT-OF-WAY,40,S,HALSTED ST,1232,,,,,,,2,NO INDICATION OF INJURY,0,0,0,0,0,2,0,15,2,7,41.8805542454,-87.6474704057,POINT (-87.647470405718 41.880554245414)
a259971a1fb05c8b0e98d4e88e356374dbc9f82bcfc0c5d70db2fc4b6bc345f5bc2fab0a7fb076468f332f40b33755e410f96dfa2eb64b0a8bb36a6114179546,,07/07/2025 03:30:00 PM,30,NO CONTROLS,NO CONTROLS,UNKNOWN,DAYLIGHT,SIDESWIPE SAME DIRECTION,DIVIDED - W/MEDIAN BARRIER,,STRAIGHT AND LEVEL,UNKNOWN,UNKNOWN,NOT ON SCENE (DESK REPORT),NO INJURY / DRIVE AWAY,,,,"OVER $1,500",07/08/2025 07:28:00 AM,FOLLOWING TOO CLOSELY,UNABLE TO DETERMINE,1120,S,MICHIGAN AVE,123,,,,,,,2,NO INDICATION OF INJURY,0,0,0,0,0,2,0,15,2,7,41.8686220389,-87.6242607437,POINT (-87.624260743663 41.868622038899)
086dee8625c6ecbf7822813edf26bc55f89df26cef4de4bb89bc6484d18d12f22cced343e8ca82596acb0df4b2b667c28cf51afe6bf26878453cf8d9d7116f2a,,07/07/2025 03:29:00 PM,30,TRAFFIC SIGNAL,FUNCTIONING PROPERLY,CLEAR,DAYLIGHT,OTHER OBJECT,DIVIDED - W/MEDIAN BARRIER,,STRAIGHT AND LEVEL,DRY,NO DEFECTS,ON SCENE,NO INJURY / DRIVE AWAY,,,,"OVER $1,500",07/07/2025 03:29:00 PM,FAILING TO YIELD RIGHT-OF-WAY,NOT APPLICABLE,3700,W,79TH ST,833,,,,,,,2,NO INDICATION OF INJURY,0,0,0,0,0,2,0,15,2,7,41.7497993593,-87.7141392517,POINT (-87.714139251663 41.749799359339)
a31f5b5efd0fea91549bc5cb25d00305e2d6a140b21836e3c8e7e87bf4e5929b47ca0c94a3f73322998b34b7d142591b4b55df905f628fe08e92c4b3f61cac81,,07/07/2025 03:25:00 PM,30,NO CONTROLS,NO CONTROLS,CLEAR,DAYLIGHT,SIDESWIPE SAME DIRECTION,NOT DIVIDED,,STRAIGHT AND LEVEL,UNKNOWN,UNKNOWN,NOT ON SCENE (DESK REPORT),NO INJURY / DRIVE AWAY,,,,"OVER $1,500",07/07/2025 04:36:00 PM,UNABLE TO DETERMINE,NOT APPLICABLE,3401,W,DEVON AVE,1711,,,,,,,2,NO INDICATION OF INJURY,0,0,0,0,0,2,0,15,2,7,41.9971983987,-87.714346233,POINT (-87.714346233033 41.997198398678)
a1fa35ee858c4a4e4aa37e065fdb06f4c7cb6d75cc0d5538af5d229003a1f235e1e2daa416672fadb0a4081c4efb371f784ded36899fab8934e47dbf4318e7a4,,07/07/2025 03:20:00 PM,35,UNKNOWN,NO CONTROLS,CLEAR,DAYLIGHT,PARKED MOTOR VEHICLE,PARKING LOT,,STRAIGHT AND LEVEL,DRY,NO DEFECTS,NOT ON SCENE (DESK REPORT),NO INJURY / DRIVE AWAY,,,,"OVER $1,500",07/07/2025 05:54:00 PM,UNABLE TO DETERMINE,NOT APPLICABLE,7419,S,EXCHANGE AVE,334,,,,,,,2,NO INDICATION OF INJURY,0,0,0,0,0,1,0,15,2,7,41.7605003259,-87.5611361771,POINT (-87.561136177073 41.760500325918)
d1d9a8ef4837621405190721036de2525f5dd514a6466b7af0393ea775b1a206ade0667aadae4fcee95a8639ed0c077fcc49e799808ba22b31fdb1a8b1e21937,,07/07/2025 03:20:00 PM,25,NO CONTROLS,NO CONTROLS,CLEAR,DAYLIGHT,PARKED MOTOR VEHICLE,NOT DIVIDED,,STRAIGHT AND LEVEL,DRY,OTHER,NOT ON SCENE (DESK REPORT),NO INJURY / DRIVE AWAY,,,,"OVER $1,500",07/07/2025 05:30:00 PM,ROAD CONSTRUCTION/MAINTENANCE,ROAD CONSTRUCTION/MAINTENANCE,4140,W,68TH ST,833,,,,,,,2,NO INDICATION OF INJURY,0,0,0,0,0,1,0,15,2,7,41.7696143725,-87.7265241181,POINT (-87.726524118071 41.769614372549)
0e6174ff7a2371b15e88ff211fe9b7cbf2d2f7ec9cd1079801c222361256d0992a4a13c43b22063bfcc3b2f6c7831d83c38c201871b5c5c83cfac6c95fae1bf9,,07/07/2025 03:19:00 PM,45,NO CONTROLS,NO CONTROLS,CLEAR,DAYLIGHT,REAR END,DIVIDED - W/MEDIAN BARRIER,,"CURVE, LEVEL",DRY,UNKNOWN,ON SCENE,NO INJURY / DRIVE AWAY,,,,"OVER $1,500",07/07/2025 03:28:00 PM,UNABLE TO DETERMINE,NOT APPLICABLE,10000,W,OHARE ST,1651,,,,,,,3,NO INDICATION OF INJURY,0,0,0,0,0,3,0,15,2,7,41.976201139,-87.9053091251,POINT (-87.905309125103 41.976201139024)
fad599dea6cc7f3b42bda28c757c7f23fa1306b6d69f99c6de7c5c07092f807404318ba38f41eba3fe4552915078c5c1824dc81a220caaeedcc6a9f1d060ccab,,07/07/2025 03:15:00 PM,15,NO CONTROLS,NO CONTROLS,CLEAR,DAYLIGHT,PARKED MOTOR VEHICLE,PARKING LOT,,STRAIGHT AND LEVEL,DRY,NO DEFECTS,ON SCENE,NO INJURY / DRIVE AWAY,,,Y,"$501 - $1,500",07/07/2025 03:30:00 PM,UNABLE TO DETERMINE,NOT APPLICABLE,200,W,87TH ST,622,,,,,,,2,NO INDICATION OF INJURY,0,0,0,0,0,1,0,15,2,7,41.7362616994,-87.6290647164,POINT (-87.629064716425 41.736261699376)
8cd55ab4048afa2629c56cfa15bfe518edf652a73c6e27eb5f5767ed3e43c777ce617d73da7e356835f050f4da246c7cfe53930b6bb1e72da3105c27af2c602a,,07/07/2025 03:13:00 PM,30,NO CONTROLS,NO CONTROLS,CLEAR,DAYLIGHT,SIDESWIPE SAME DIRECTION,ONE-WAY,,STRAIGHT AND LEVEL,DRY,UNKNOWN,NOT ON SCENE (DESK REPORT),NO INJURY / DRIVE AWAY,,,,"OVER $1,500",07/07/2025 04:00:00 PM,FAILING TO YIELD RIGHT-OF-WAY,FAILING TO YIELD RIGHT-OF-WAY,342,E,ILLINOIS ST,1834,,,,,,,2,NO INDICATION OF INJURY,0,0,0,0,0,2,0,15,2,7,41.8911473258,-87.6183972743,POINT (-87.618397274316 41.891147325756)
00bf0727bcabab13e648f954229f8d67e04e6d15a753c53c71a9e4d407e9d41cfed8f7991be6e10391127c7adf911b5c0b882a79beedd82c6e285cd4dd385adb,,07/07/2025 03:08:00 PM,30,STOP SIGN/FLASHER,FUNCTIONING PROPERLY,CLEAR,DAYLIGHT,TURNING,NOT DIVIDED,,STRAIGHT AND LEVEL,DRY,NO DEFECTS,ON SCENE,NO INJURY / DRIVE AWAY,N,,,"OVER $1,500",07/07/2025 03:08:00 PM,FAILING TO YIELD RIGHT-OF-WAY,NOT APPLICABLE,800,S,CICERO AVE,1533,,,,,,,2,NO INDICATION OF INJURY,0,0,0,0,0,4,0,15,2,7,41.8702311448,-87.7450403653,POINT (-87.745040365265 41.870231144775)
7cdf9a677725f0ff39e8c33c94449510ffcc7432c62a8032003eb17d1c27efe4000e14918d20619549ae4e75ca0092486ed3cd2d17e16293cbe69ee47e5a4ae5,,07/07/2025 03:03:00 PM,30,NO CONTROLS,NO CONTROLS,CLEAR,DAYLIGHT,PARKED MOTOR VEHICLE,ONE-WAY,,STRAIGHT AND LEVEL,DRY,NO DEFECTS,ON SCENE,NO INJURY / DRIVE AWAY,,,,"OVER $1,500",07/07/2025 03:05:00 PM,IMPROPER BACKING,NOT APPLICABLE,7944,S,EVANS AVE,624,,Y,,,,,2,NO INDICATION OF INJURY,0,0,0,0,0,1,0,15,2,7,41.7499222081,-87.6065612732,POINT (-87.606561273212 41.749922208145)
01fc6f2d64f46c40c373e1437a6a63b086442b3d4002158d616566695d88e4ce71537d12a43f01fb15908dabef69f187a04d621312068e246daf649804a3749e,,07/07/2025 03:00:00 PM,30,STOP SIGN/FLASHER,FUNCTIONING PROPERLY,CLEAR,DAYLIGHT,REAR END,NOT DIVIDED,,STRAIGHT AND LEVEL,DRY,NO DEFECTS,NOT ON SCENE (DESK REPORT),NO INJURY / DRIVE AWAY,Y,,,"OVER $1,500",07/07/2025 05:10:00 PM,FOLLOWING TOO CLOSELY,UNABLE TO DETERMINE,2370,N,NEWLAND AVE,2512,,,,,,,2,NO INDICATION OF INJURY,0,0,0,0,0,2,0,15,2,7,41.9232620326,-87.7990444802,POINT (-87.799044480156 41.923262032608)
43b3f01cc9b6427e6d46362fb7e7a297009ec600e3de000cdefe5b7a7b156a167c50c46198f56d123477fd09b65db372b79aeac33b60a13090a0186d6a2ed226,,07/07/2025 03:00:00 PM,10,NO CONTROLS,NO CONTROLS,CLEAR,DAYLIGHT,PARKED MOTOR VEHICLE,PARKING LOT,,STRAIGHT AND LEVEL,DRY,NO DEFECTS,NOT ON SCENE (DESK REPORT),NO INJURY / DRIVE AWAY,,Y,,"OVER $1,500",07/08/2025 11:20:00 AM,DRIVING SKILLS/KNOWLEDGE/EXPERIENCE,UNABLE TO DETERMINE,20,E,RANDOLPH ST,111,,,,,,,2,NO INDICATION OF INJURY,0,0,0,0,0,1,0,15,2,7,41.8846028549,-87.6271869402,POINT (-87.627186940196 41.884602854888)
56d5fbc006ec2478a0f2caedcc7d15a2e84900d434db40fb14a499a21c192c36983b1e498110c98ab39bce126d43b9e378ed18b4a2ff3a9247a79c417762815d,,07/07/2025 03:00:00 PM,30,TRAFFIC SIGNAL,FUNCTIONING PROPERLY,CLEAR,DAYLIGHT,REAR END,DIVIDED - W/MEDIAN BARRIER,,STRAIGHT AND LEVEL,DRY,NO DEFECTS,NOT ON SCENE (DESK REPORT),NO INJURY / DRIVE AWAY,,,,"OVER $1,500",07/07/2025 04:30:00 PM,FOLLOWING TOO CLOSELY,UNABLE TO DETERMINE,8258,S,STONY ISLAND AVE,411,,,,,,,2,NO INDICATION OF INJURY,0,0,0,0,0,2,0,15,2,7,41.7442883035,-87.5859470115,POINT (-87.585947011459 41.744288303496)
5daeea7ce5774a0014de13a962e5c56145e4ab14822c2177537a70f53cd5af66945c4d49466dfe900ee29f78efc98b993a34616760f652f9087a0e1bf780ed2b,,07/07/2025 03:00:00 PM,20,NO CONTROLS,NO CONTROLS,CLEAR,DAYLIGHT,PARKED MOTOR VEHICLE,DIVIDED - W/MEDIAN BARRIER,,STRAIGHT AND LEVEL,DRY,UNKNOWN,NOT ON SCENE (DESK REPORT),NO INJURY / DRIVE AWAY,,,,"OVER $1,500",07/07/2025 04:10:00 PM,UNABLE TO DETERMINE,UNABLE TO DETERMINE,3840,W,OGDEN SD,1014,,,,,,,2,NO INDICATION OF INJURY,0,0,0,0,0,2,0,15,2,7,,,