CRASH_RECORD_ID,CRASH_DATE_EST_I,CRASH_DATE,POSTED_SPEED_LIMIT,TRAFFIC_CONTROL_DEVICE,DEVICE_CONDITION,WEATHER_CONDITION,LIGHTING_CONDITION,FIRST_CRASH_TYPE,TRAFFICWAY_TYPE,LANE_CNT,ALIGNMENT,ROADWAY_SURFACE_COND,ROAD_DEFECT,REPORT_TYPE,CRASH_TYPE,INTERSECTION_RELATED_I,NOT_RIGHT_OF_WAY_I,HIT_AND_RUN_I,DAMAGE,DATE_POLICE_NOTIFIED,PRIM_CONTRIBUTORY_CAUSE,SEC_CONTRIBUTORY_CAUSE,STREET_NO,STREET_DIRECTION,STREET_NAME,BEAT_OF_OCCURRENCE,PHOTOS_TAKEN_I,STATEMENTS_TAKEN_I,DOORING_I,WORK_ZONE_I,WORK_ZONE_TYPE,WORKERS_PRESENT_I,NUM_UNITS,MOST_SEVERE_INJURY,INJURIES_TOTAL,INJURIES_FATAL,INJURIES_INCAPACITATING,INJURIES_NON_INCAPACITATING,INJURIES_REPORTED_NOT_EVIDENT,INJURIES_NO_INDICATION,INJURIES_UNKNOWN,CRASH_HOUR,CRASH_DAY_OF_WEEK,CRASH_MONTH,LATITUDE,LONGITUDE,LOCATION
c41127bca014210605ed0507776e60c82ba7b0753333e141e87cdd5a34b289718a020d34079d0e39dbc8667795c26b78822a3c425f1aa29645471ab24c064e31,,07/07/2025 03:00:00 PM,30,NO CONTROLS,NO CONTROLS,CLEAR,DAYLIGHT,SIDESWIPE SAME DIRECTION,DIVIDED - W/MEDIAN BARRIER,,STRAIGHT AND LEVEL,DRY,NO DEFECTS,NOT ON SCENE (DESK REPORT),NO INJURY / DRIVE AWAY,,,,"OVER $1,500",07/08/2025 05:35:00 PM,IMPROPER OVERTAKING/PASSING,IMPROPER OVERTAKING/PASSING,3527,S,LAKE SHORE DR NB,212,,,,,,,2,NO INDICATION OF INJURY,0,0,0,0,0,2,0,15,2,7,41.8306739173,-87.605235346,POINT (-87.605235345992 41.830673917297)
d123ce02807f109a0f87dcf755adea353c1bc2274687f6f775166307fe4ec791c4e16c6ad459bb077af34c993910b69fe6341bc367523f87bef42a9dd2aa678a,,07/07/2025 03:00:00 PM,35,TRAFFIC SIGNAL,UNKNOWN,CLEAR,DAYLIGHT,ANGLE,NOT DIVIDED,,STRAIGHT AND LEVEL,DRY,NO DEFECTS,,NO INJURY / DRIVE AWAY,,,,"$501 - $1,500",07/07/2025 04:00:00 PM,UNABLE TO DETERMINE,NOT APPLICABLE,4800,W,MONTROSE AVE,1623,,,,,,,2,NO INDICATION OF INJURY,0,0,0,0,0,2,0,15,2,7,41.9608313564,-87.7475991993,POINT (-87.747599199308 41.960831356418)
59c101b69456773339a48d35bc187b1b0243517d684c7898927012fc0c1a7b442a01ee6118613122c5328fc29af332560d6d3b87fdfe8526856ae5a2ceb1bcef,,07/07/2025 02:59:00 PM,25,STOP SIGN/FLASHER,FUNCTIONING PROPERLY,CLEAR,DAYLIGHT,TURNING,NOT DIVIDED,,STRAIGHT AND LEVEL,DRY,NO DEFECTS,NOT ON SCENE (DESK REPORT),NO INJURY / DRIVE AWAY,Y,,Y,$500 OR LESS,07/07/2025 03:25:00 PM,UNABLE TO DETERMINE,NOT APPLICABLE,12678,S,WENTWORTH AVE,523,,,,,,,2,NO INDICATION OF INJURY,0,0,0,0,0,2,0,14,2,7,41.6634200572,-87.6271336182,POINT (-87.627133618155 41.663420057195)
8409bd058ddf11d0f37c15bd53067630b7afc7cc21cf13705bef16cedd759f676e1d76e9a2f6b264483d56594faf21289fe5b649b0110f2e4cef15f6d1a48331,,07/07/2025 02:55:00 PM,30,TRAFFIC SIGNAL,NO CONTROLS,CLEAR,DAYLIGHT,SIDESWIPE SAME DIRECTION,FOUR WAY,,STRAIGHT AND LEVEL,DRY,NO DEFECTS,NOT ON SCENE (DESK REPORT),NO INJURY / DRIVE AWAY,,,,"$501 - $1,500",07/07/2025 08:06:00 PM,FOLLOWING TOO CLOSELY,NOT APPLICABLE,1647,N,LA SALLE DR,1814,,,,,,,2,NO INDICATION OF INJURY,0,0,0,0,0,2,0,14,2,7,41.9125032395,-87.6330119329,POINT (-87.633011932875 41.912503239452)
8bf416c5f9c790d3e8be7dc1b0b219ac2319eb7a48e6d4d3ad5dee4179327d0f851c1a609b1a967e0638a9c8529bc74f67656b7404a81524432fb11e37289c7d,,07/07/2025 02:55:00 PM,30,NO CONTROLS,NO CONTROLS,CLEAR,DAYLIGHT,SIDESWIPE SAME DIRECTION,NOT DIVIDED,,STRAIGHT AND LEVEL,DRY,NO DEFECTS,NOT ON SCENE (DESK REPORT),NO INJURY / DRIVE AWAY,Y,,,"OVER $1,500",07/07/2025 03:15:00 PM,IMPROPER OVERTAKING/PASSING,PHYSICAL CONDITION OF DRIVER,4101,W,63RD ST,813,,,,,,,2,NO INDICATION OF INJURY,0,0,0,0,0,2,0,14,2,7,41.7785182362,-87.7252622362,POINT (-87.725262236157 41.778518236238)
80e33bfb56d903426a860f9a3456831c1ca9b312c7b53fbd3d4a630e7b95485efeb61429747bb9853b8f08a0ca665659fd16d787592f768dbc8aac6a580745a8,,07/07/2025 02:51:00 PM,30,NO CONTROLS,NO CONTROLS,CLEAR,DAYLIGHT,REAR END,DIVIDED - W/MEDIAN (NOT RAISED),,STRAIGHT AND LEVEL,DRY,NO DEFECTS,ON SCENE,NO INJURY / DRIVE AWAY,,,,"OVER $1,500",07/07/2025 02:51:00 PM,FOLLOWING TOO CLOSELY,FOLLOWING TOO CLOSELY,629,N,AUSTIN BLVD,1511,,,,,,,3,NO INDICATION OF INJURY,0,0,0,0,0,3,0,14,2,7,41.8918389418,-87.7748872978,POINT (-87.774887297789 41.891838941827)
b4bd5019f5bf8cce7f0e16ebcf615c34e71648118e72fdda287e94814a3b23904c7ca8c7697125c5f24fdae0dc3bebe66b2749b8c24f87d9ffb691aee6156e5d,,07/07/2025 02:50:00 PM,30,NO CONTROLS,NO CONTROLS,CLEAR,DAYLIGHT,OTHER OBJECT,DIVIDED - W/MEDIAN (NOT RAISED),,STRAIGHT AND LEVEL,DRY,NO DEFECTS,ON SCENE,INJURY AND / OR TOW DUE TO CRASH,,,,"OVER $1,500",07/07/2025 02:52:00 PM,PHYSICAL CONDITION OF DRIVER,UNABLE TO DETERMINE,2118,W,NORTH AVE,1434,,,,,,,2,"REPORTED, NOT EVIDENT",1,0,0,0,1,2,0,14,2,7,41.9105337104,-87.6807673678,POINT (-87.680767367814 41.910533710446)
15e911fab191cf9527ddf93a551c0a6525df55fecb89407774e1de91583b16ce37f27cf7126ced78bda1a531819584025c3c664123a6891cb6d73632d27dbf5e,N,07/07/2025 02:40:00 PM,30,NO CONTROLS,NO CONTROLS,CLEAR,DAYLIGHT,PARKED MOTOR VEHICLE,PARKING LOT,,STRAIGHT AND LEVEL,DRY,NO DEFECTS,NOT ON SCENE (DESK REPORT),NO INJURY / DRIVE AWAY,,Y,,"OVER $1,500",07/12/2025 10:15:00 PM,NOT APPLICABLE,NOT APPLICABLE,4143,W,FILLMORE ST,1132,,,,,,,2,NO INDICATION OF INJURY,0,0,0,0,0,1,0,14,2,7,41.8678249333,-87.7293962845,POINT (-87.729396284457 41.867824933267)
af4ebfbd478d66c41bd902475c54f4d707913dff754b86fe0a940fb2c4ee8b65e217a43212fe18d743a1d4435c5030d53c219daea7359d33525454a7d708bcd0,Y,07/07/2025 02:40:00 PM,25,STOP SIGN/FLASHER,FUNCTIONING PROPERLY,CLEAR,DAYLIGHT,TURNING,L-INTERSECTION,,STRAIGHT AND LEVEL,DRY,NO DEFECTS,ON SCENE,INJURY AND / OR TOW DUE TO CRASH,Y,,,"OVER $1,500",07/07/2025 02:43:00 PM,FAILING TO YIELD RIGHT-OF-WAY,FAILING TO REDUCE SPEED TO AVOID CRASH,450,W,CERMAK RD,914,,,,,,,2,"REPORTED, NOT EVIDENT",1,0,0,0,1,1,0,14,2,7,41.8528956867,-87.6389574267,POINT (-87.638957426669 41.852895686657)
bca46332991e6e84c02548e240b0690bfae48467f82865a51ef5504b7767c63d580822f6a4439acde1addd6ef36911a0aa4af94b9527f7425bc9de05f4c18d7e,,07/07/2025 02:40:00 PM,30,TRAFFIC SIGNAL,FUNCTIONING PROPERLY,CLEAR,DAYLIGHT,ANGLE,NOT DIVIDED,,STRAIGHT AND LEVEL,DRY,NO DEFECTS,,INJURY AND / OR TOW DUE TO CRASH,Y,,,"OVER $1,500",07/07/2025 02:40:00 PM,UNABLE TO DETERMINE,UNABLE TO DETERMINE,9200,S,HOUSTON AVE,424,,,,,,,4,NONINCAPACITATING INJURY,2,0,0,1,1,0,0,14,2,7,41.7281698188,-87.5499660024,POINT (-87.549966002382 41.728169818783)
ea0d366907c9d1cabdf9dfd002e868766f77e811b1beea5f49eabe9efa7d7d055d610ed226a640abf2af6d24802160ff31f8d9f7c7883cf97e9c06b79a85890c,,07/07/2025 02:40:00 PM,20,NO CONTROLS,NO CONTROLS,CLEAR,DAYLIGHT,PARKED MOTOR VEHICLE,NOT DIVIDED,,STRAIGHT AND LEVEL,DRY,UNKNOWN,NOT ON SCENE (DESK REPORT),NO INJURY / DRIVE AWAY,,,Y,"OVER $1,500",07/07/2025 03:15:00 PM,UNABLE TO DETERMINE,UNABLE TO DETERMINE,9742,S,BEVERLY AVE,2213,,,,,,,2,NO INDICATION OF INJURY,0,0,0,0,0,2,0,14,2,7,41.716465885,-87.6610197433,POINT (-87.661019743253 41.716465885025)
20b51d5bdf29ae5845cf74b894142e683783a05caa20f16ec97066e9e20a1c3ccb4b88d8022c690a69d1ec27362931663dbfeaabde3e630238e12f288bbbb365,,07/07/2025 02:30:00 PM,35,UNKNOWN,UNKNOWN,CLEAR,DAYLIGHT,PARKED MOTOR VEHICLE,UNKNOWN INTERSECTION TYPE,,STRAIGHT AND LEVEL,DRY,UNKNOWN,NOT ON SCENE (DESK REPORT),NO INJURY / DRIVE AWAY,,,Y,"$501 - $1,500",07/07/2025 05:04:00 PM,UNABLE TO DETERMINE,NOT APPLICABLE,7102,S,JEFFERY BLVD,333,,,,,,,2,NO INDICATION OF INJURY,0,0,0,0,0,1,0,14,2,7,41.765974098,-87.5764416858,POINT (-87.57644168577 41.765974097973)
20bdd40471cf34ae6076e9b20799234abb70c8b5ff19eabde740c3758f30bb7449c788c10dbabfff0f331c0093719f44db6215f5d68dccba4242dbe9ac5a4e1a,,07/07/2025 02:30:00 PM,30,TRAFFIC SIGNAL,FUNCTIONING PROPERLY,CLEAR,DAYLIGHT,REAR END,NOT DIVIDED,,STRAIGHT AND LEVEL,DRY,NO DEFECTS,NOT ON SCENE (DESK REPORT),INJURY AND / OR TOW DUE TO CRASH,,,Y,"OVER $1,500",07/07/2025 04:00:00 PM,UNABLE TO DETERMINE,UNABLE TO DETERMINE,5730,W,FULLERTON AVE,2515,,,,,,,2,NO INDICATION OF INJURY,0,0,0,0,0,2,0,14,2,7,41.9240335497,-87.7697014301,POINT (-87.769701430094 41.924033549733)
a07b54c6ef887a3e8fb2d0319151a139401d3a02515a71f6432d3358c00576a7563576ea4323c277856d4224b3f78ec6ea63c33a1b7add1d515758e55aa38513,Y,07/07/2025 02:30:00 PM,30,NO CONTROLS,NO CONTROLS,UNKNOWN,UNKNOWN,PARKED MOTOR VEHICLE,ONE-WAY,,STRAIGHT AND LEVEL,UNKNOWN,NO DEFECTS,NOT ON SCENE (DESK REPORT),NO INJURY / DRIVE AWAY,,,Y,"OVER $1,500",07/08/2025 03:40:00 PM,UNABLE TO DETERMINE,NOT APPLICABLE,943,N,LECLAIRE AVE,1531,,,,,,,2,NO INDICATION OF INJURY,0,0,0,0,0,1,0,14,2,7,41.8980617177,-87.7530794757,POINT (-87.753079475703 41.898061717659)
8505b37683061b08fbfc37d9aa4b294ad213ff242f3fdca2c9c2e111620bad56fbb4d1591040a8d560d69f5a3050300f40104883b49a15eb0ee488c56cd292b3,,07/07/2025 02:22:00 PM,20,NO CONTROLS,NO CONTROLS,CLEAR,DAYLIGHT,PARKED MOTOR VEHICLE,NOT DIVIDED,,STRAIGHT AND LEVEL,DRY,NO DEFECTS,ON SCENE,NO INJURY / DRIVE AWAY,,,Y,$500 OR LESS,07/07/2025 02:22:00 PM,UNABLE TO DETERMINE,NOT APPLICABLE,4340,S,MARSHFIELD AVE,924,,,,,,,2,NO INDICATION OF INJURY,0,0,0,0,0,4,0,14,2,7,41.814639374,-87.6665058552,POINT (-87.66650585517 41.814639373981)
0e8c883b09eb9afca841f5248d97b51876ec3a35a12aa8ca21092ae1bd6ee6664be5816b2c90cc7d321904f904b20e7b7611d76dd9f49b00ebce5efc7dc83c8b,Y,07/07/2025 02:20:00 PM,10,NO CONTROLS,NO CONTROLS,CLEAR,DAYLIGHT,FIXED OBJECT,ALLEY,,STRAIGHT AND LEVEL,DRY,NO DEFECTS,ON SCENE,NO INJURY / DRIVE AWAY,,,N,$500 OR LESS,07/07/2025 02:25:00 PM,FAILING TO REDUCE SPEED TO AVOID CRASH,FAILING TO REDUCE SPEED TO AVOID CRASH,4024,S,BRIGHTON PL,921,,,,,,,1,NO INDICATION OF INJURY,0,0,0,0,0,1,0,14,2,7,41.8202661512,-87.6916282477,POINT (-87.691628247721 41.820266151153)
13433e8279731b64d4ffb692967eca88fef87dfccee55d930c4a223d48f30c0a1a0ed190876f43607bbc8c7f9e5fcfcd7ff336343036e5cb094d695085f7073a,,07/07/2025 02:13:00 PM,10,NO CONTROLS,NO CONTROLS,CLEAR,DAYLIGHT,PARKED MOTOR VEHICLE,OTHER,,STRAIGHT AND LEVEL,DRY,NO DEFECTS,ON SCENE,NO INJURY / DRIVE AWAY,,,,"$501 - $1,500",07/07/2025 02:30:00 PM,IMPROPER BACKING,NOT APPLICABLE,514,W,OHARE ST,1654,,,,,,,2,NO INDICATION OF INJURY,0,0,0,0,0,1,0,14,2,7,,,
526e4ed62f7bcedc313d23605d2d37ef22604b26c48e07e42b0d2f17b8d3efdffdde6c9184cb6c03d307d163b4a86e4e845f78700e6aabd36bdba53b5731f383,,07/07/2025 02:05:00 PM,25,NO CONTROLS,NO CONTROLS,CLEAR,DAYLIGHT,SIDESWIPE SAME DIRECTION,NOT DIVIDED,,STRAIGHT AND LEVEL,DRY,NO DEFECTS,NOT ON SCENE (DESK REPORT),NO INJURY / DRIVE AWAY,,,,"OVER $1,500",07/10/2025 05:20:00 PM,IMPROPER OVERTAKING/PASSING,"OPERATING VEHICLE IN ERRATIC, RECKLESS, CARELESS, NEGLIGENT OR AGGRESSIVE MANNER",2400,N,LAKE SHORE DR NB,1935,,,,,,,2,NO INDICATION OF INJURY,0,0,0,0,0,2,0,14,2,7,41.9261607198,-87.6315146648,POINT (-87.631514664826 41.926160719812)
9501bd32f998f2cf9eabe01a577df949bcee70fe1908107b795f35b6f9e406465005c63f2caf30152ace26e65bdfca370aa662b42fb0bafc15f9bcf78ac632dc,,07/07/2025 02:00:00 PM,35,NO CONTROLS,NO CONTROLS,CLEAR,DAYLIGHT,REAR END,NOT DIVIDED,,STRAIGHT AND LEVEL,DRY,NO DEFECTS,NOT ON SCENE (DESK REPORT),NO INJURY / DRIVE AWAY,,,,"$501 - $1,500",07/07/2025 03:30:00 PM,FAILING TO REDUCE SPEED TO AVOID CRASH,FAILING TO REDUCE SPEED TO AVOID CRASH,1312,S,MICHIGAN AVE,131,,,,,,,2,NO INDICATION OF INJURY,0,0,0,0,0,2,0,14,2,7,41.8653762705,-87.6242534477,POINT (-87.624253447664 41.865376270503)
b319de4dfa6954af04f03ded9b8ee4d9c04301a34124b9fbfd7a01e857c398cf54dc0991078ce5322238cf262d3a21053046e20b846e85fdc2d2b21ddd7de8bc,,07/07/2025 02:00:00 PM,30,NO CONTROLS,NO CONTROLS,CLEAR,DAYLIGHT,PARKED MOTOR VEHICLE,NOT DIVIDED,,STRAIGHT AND LEVEL,DRY,NO DEFECTS,NOT ON SCENE (DESK REPORT),NO INJURY / DRIVE AWAY,,,,"$501 - $1,500",07/07/2025 02:49:00 PM,NOT APPLICABLE,NOT APPLICABLE,5644,W,63RD ST,812,,,,,,,2,NO INDICATION OF INJURY,0,0,0,0,0,3,0,14,2,7,41.7781268632,-87.7635187019,POINT (-87.763518701856 41.778126863237)
c9913538fbdbfa2c1f74abd9774765f8fdec18ff0a24e4ee81f58b01fb256864a2a2d0f706efb5c9f4be0fe2f0bd5271b994b6e4a9edd3179f60c04cc03c2d45,N,07/07/2025 02:00:00 PM,30,NO CONTROLS,UNKNOWN,CLEAR,DAYLIGHT,SIDESWIPE SAME DIRECTION,ONE-WAY,,STRAIGHT AND LEVEL,DRY,NO DEFECTS,NOT ON SCENE (DESK REPORT),NO INJURY / DRIVE AWAY,,,,"$501 - $1,500",07/07/2025 02:30:00 PM,UNABLE TO DETERMINE,NOT APPLICABLE,4300,S,LAKE SHORE DR NB,222,N,,,,,,2,NO INDICATION OF INJURY,0,0,0,0,0,2,0,14,2,7,41.8168090688,-87.5953279272,POINT (-87.595327927215 41.816809068809)
ed84bc32efadfc78ca01f2d1999603a3c8d59eca08b86d41c7bce1b3b996d31af0e0c8748f0e0d030292e94065e4b12e2c747a97d4aa8f747041c347957fff55,,07/07/2025 01:55:00 PM,25,NO CONTROLS,NO CONTROLS,CLEAR,DAYLIGHT,TURNING,NOT DIVIDED,,STRAIGHT AND LEVEL,DRY,NO DEFECTS,NOT ON SCENE (DESK REPORT),NO INJURY / DRIVE AWAY,,,,"OVER $1,500",07/07/2025 03:29:00 PM,NOT APPLICABLE,NOT APPLICABLE,5699,N,BROADWAY,2022,,,,,,,2,NO INDICATION OF INJURY,0,0,0,0,0,3,0,13,2,7,41.9853725786,-87.6599760234,POINT (-87.659976023359 41.985372578622)
2dfa8211a135ab00b0b19d9130076516acdde57c1c095a3d5fec8c616331f17266a28092e8cee5baeb276a831d7034fbcbfef41d1f8067b4112d0689cd48cd83,,07/07/2025 01:50:00 PM,10,NO CONTROLS,NO CONTROLS,CLEAR,DAYLIGHT,PARKED MOTOR VEHICLE,PARKING LOT,,STRAIGHT AND LEVEL,DRY,NO DEFECTS,ON SCENE,NO INJURY / DRIVE AWAY,,Y,,"OVER $1,500",07/07/2025 02:41:00 PM,UNABLE TO DETERMINE,NOT APPLICABLE,3033,W,TOUHY AVE,2411,,,,,,,2,NO INDICATION OF INJURY,0,0,0,0,0,1,0,13,2,7,42.0118236435,-87.7057443265,POINT (-87.705744326549 42.011823643458)
7e1b5d997ead2294bac4c1c0766b2897478625c845f5d69c187476991136abfe89d165fc604f66bdfede702cdebbf5d32d869d87499edcc651901ab35d76f575,,07/07/2025 01:50:00 PM,30,NO CONTROLS,NO CONTROLS,CLEAR,DAYLIGHT,REAR END,NOT DIVIDED,,STRAIGHT AND LEVEL,DRY,NO DEFECTS,ON SCENE,NO INJURY / DRIVE AWAY,,,,"OVER $1,500",07/07/2025 01:56:00 PM,DISTRACTION - FROM INSIDE VEHICLE,DISTRACTION - FROM INSIDE VEHICLE,4929,W,LAWRENCE AVE,1623,,,,,,,2,NO INDICATION OF INJURY,0,0,0,0,0,2,0,13,2,7,41.9678715515,-87.7513783315,POINT (-87.751378331535 41.967871551483)
8e8a67ee87de2016c762ace06764ce55d1eed6b92580f9a727d508608778fb966cf7a17b3c285ec5413a0f95063288c10f1d7b252e58f6f19ecd6e65a1dcf06f,,07/07/2025 01:48:00 PM,30,TRAFFIC SIGNAL,FUNCTIONING PROPERLY,CLEAR,DAYLIGHT,SIDESWIPE SAME DIRECTION,NOT DIVIDED,,STRAIGHT AND LEVEL,DRY,NO DEFECTS,ON SCENE,NO INJURY / DRIVE AWAY,,,,"OVER $1,500",07/07/2025 01:48:00 PM,UNABLE TO DETERMINE,NOT APPLICABLE,1601,W,NORTH AVE,1433,,,,,,,2,NO INDICATION OF INJURY,0,0,0,0,0,2,0,13,2,7,41.9105196353,-87.6677496863,POINT (-87.667749686328 41.910519635296)
3d1cc2e282ec1800a9e56279e932ff79696a095467b5559f7482e6ad6ac623313562d71c68be5447fc145edfc4814068863484fa1bec46e81bcae7226b35fc0e,,07/07/2025 01:43:00 PM,30,TRAFFIC SIGNAL,FUNCTIONING PROPERLY,CLEAR,DAYLIGHT,TURNING,FOUR WAY,,STRAIGHT AND LEVEL,DRY,NO DEFECTS,ON SCENE,INJURY AND / OR TOW DUE TO CRASH,Y,,,"OVER $1,500",07/07/2025 01:45:00 PM,FAILING TO YIELD RIGHT-OF-WAY,FAILING TO REDUCE SPEED TO AVOID CRASH,2559,S,WENTWORTH AVE,914,,,,,,,3,NONINCAPACITATING INJURY,2,0,0,1,1,1,0,13,2,7,41.8455981037,-87.6316931983,POINT (-87.631693198309 41.845598103722)
1991080628a42ce85d365b85868ffbab49411756d7cb2617bc6c007ac80cfe6f22ed204a617431c11d201697781f09a4c8ef1580d2d71d6ab326a32059e5d609,,07/07/2025 01:40:00 PM,15,NO CONTROLS,NO CONTROLS,CLEAR,DAYLIGHT,PARKED MOTOR VEHICLE,PARKING LOT,,STRAIGHT AND LEVEL,DRY,NO DEFECTS,NOT ON SCENE (DESK REPORT),NO INJURY / DRIVE AWAY,,,Y,"OVER $1,500",07/07/2025 02:15:00 PM,UNABLE TO DETERMINE,UNABLE TO DETERMINE,2006,E,95TH ST,413,,,,,,,2,NO INDICATION OF INJURY,0,0,0,0,0,2,0,13,2,7,41.7225820567,-87.575041988,POINT (-87.575041988021 41.722582056747)
77bb9bd75e8ab0a6e998cc327eec48767c0480124821672f4e5eaee96a287a305a9891d3f3bca47f80eef6f6da005cb3e6a11ac8951939c375edf4c9c85c3c0f,,07/07/2025 01:40:00 PM,35,NO CONTROLS,NO CONTROLS,CLEAR,DAYLIGHT,REAR TO SIDE,DIVIDED - W/MEDIAN (NOT RAISED),,STRAIGHT AND LEVEL,DRY,NO DEFECTS,ON SCENE,INJURY AND / OR TOW DUE TO CRASH,,,,"OVER $1,500",07/07/2025 01:43:00 PM,FAILING TO YIELD RIGHT-OF-WAY,DRIVING SKILLS/KNOWLEDGE/EXPERIENCE,348,W,107TH ST,512,,,,,,,2,NO INDICATION OF INJURY,0,0,0,0,0,4,0,13,2,7,41.6998685763,-87.6325618349,POINT (-87.63256183487 41.699868576305)
599c3a3b5956d1ee52355c358b7ce34f40c06cdcfa9328a5c3d344051a6443de386724e616648dcf78d39d283e38d32499bf1420d15b10af548174faf47f3417,,07/07/2025 01:38:00 PM,25,NO CONTROLS,NO CONTROLS,CLEAR,DAYLIGHT,FIXED OBJECT,NOT DIVIDED,,STRAIGHT ON GRADE,DRY,NO DEFECTS,ON SCENE,INJURY AND / OR TOW DUE TO CRASH,,,,"OVER $1,500",07/07/2025 01:38:00 PM,DRIVING SKILLS/KNOWLEDGE/EXPERIENCE,UNABLE TO DETERMINE,748,W,91ST ST,2223,,,,,,,1,NO INDICATION OF INJURY,0,0,0,0,0,3,0,13,2,7,41.7288813258,-87.642935635,POINT (-87.642935634979 41.728881325819)
ee4ff6d8663b7b07a6d178fa841a8ef1b65c1b2118dda3b276cc02062cacfd6dd93c51ab59c7414f623c9a65eef3778fcfd881366613413db09d958272ff12c1,,07/07/2025 01:36:00 PM,30,UNKNOWN,UNKNOWN,CLEAR,DAYLIGHT,REAR END,NOT DIVIDED,,STRAIGHT AND LEVEL,UNKNOWN,UNKNOWN,NOT ON SCENE (DESK REPORT),NO INJURY / DRIVE AWAY,,,,"OVER $1,500",07/07/2025 08:30:00 PM,UNABLE TO DETERMINE,UNABLE TO DETERMINE,3732,W,FULLERTON AVE,2524,,,,,,,2,NO INDICATION OF INJURY,0,0,0,0,0,2,0,13,2,7,41.9246654473,-87.7208027734,POINT (-87.720802773383 41.92466544726)
991002119635f862f118a9176b1623afe3e14d253b98609bd4c8ccbfd7b0772e7e16fccc7d5cf2ebbae15c6552732f932e991919edade75dfad29b7ca3c01566,,07/07/2025 01:35:00 PM,20,NO CONTROLS,NO CONTROLS,CLEAR,DAYLIGHT,PARKED MOTOR VEHICLE,PARKING LOT,,STRAIGHT AND LEVEL,DRY,NO DEFECTS,ON SCENE,NO INJURY / DRIVE AWAY,,,,$500 OR LESS,07/07/2025 01:38:00 PM,UNABLE TO DETERMINE,NOT APPLICABLE,3600,W,WASHINGTON BLVD,1122,,,,,,,2,NO INDICATION OF INJURY,0,0,0,0,0,1,0,13,2,7,41.8816715757,-87.7159382082,POINT (-87.715938208222 41.881671575671)
4b9fbfa324726ef77f84bbf8b1fb08013410707ec83c89fb6f74901dfd92fe294258edc5c01c253c4fdbbbbec3750152a9daba5fa3c5d6dd202320879485bfa4,,07/07/2025 01:31:00 PM,35,NO CONTROLS,NO CONTROLS,CLEAR,DAYLIGHT,SIDESWIPE SAME DIRECTION,OTHER,,STRAIGHT AND LEVEL,DRY,NO DEFECTS,ON SCENE,NO INJURY / DRIVE AWAY,,,,"OVER $1,500",07/07/2025 02:55:00 PM,IMPROPER LANE USAGE,NOT APPLICABLE,1,W,TERMINAL ST,1651,,,,,,,2,NO INDICATION OF INJURY,0,0,0,0,0,2,0,13,2,7,,,
14bde820b857458a4ba594c00a1de019dabc369183288512b2b866b24b95f098c793a11f5117ab396cfed55256e2ac8fe817f661a356feddd5b6656583b8185f,,07/07/2025 01:30:00 PM,30,NO CONTROLS,NO CONTROLS,CLEAR,DAYLIGHT,REAR END,NOT DIVIDED,,STRAIGHT AND LEVEL,DRY,NO DEFECTS,NOT ON SCENE (DESK REPORT),NO INJURY / DRIVE AWAY,Y,,,"OVER $1,500",07/07/2025 02:10:00 PM,FOLLOWING TOO CLOSELY,UNABLE TO DETERMINE,3724,W,FULLERTON AVE,2524,,,,,,,2,NO INDICATION OF INJURY,0,0,0,0,0,2,0,13,2,7,41.924670252,-87.7204449644,POINT (-87.720444964406 41.924670251971)
28a455e2ad06116e22260cdecea491b43b58cf4c213db6b3aea803b60491ddc7c9f34f4cdc724d38740a20ac190d3ccaca8e06fbdc0ea0b930f6da81de52e670,,07/07/2025 01:30:00 PM,30,NO CONTROLS,NO CONTROLS,CLEAR,DAYLIGHT,SIDESWIPE SAME DIRECTION,NOT DIVIDED,,STRAIGHT AND LEVEL,DRY,NO DEFECTS,NOT ON SCENE (DESK REPORT),NO INJURY / DRIVE AWAY,,,Y,"$501 - $1,500",07/07/2025 04:25:00 PM,IMPROPER OVERTAKING/PASSING,NOT APPLICABLE,2400,W,63RD ST,825,,,,,,,2,NO INDICATION OF INJURY,0,0,0,0,0,3,0,13,2,7,41.7793318443,-87.6836757608,POINT (-87.683675760848 41.779331844298)
9ef8bfc30e3a889f2ef339022c79ac6d24923ed10a11615e96e396adf698a2345a19560160b55fe2bfe6c2abab46c0c326498ed534f52f2819f675b35f1f729f,,07/07/2025 01:30:00 PM,30,TRAFFIC SIGNAL,FUNCTIONING PROPERLY,CLEAR,DAYLIGHT,REAR END,Y-INTERSECTION,,STRAIGHT AND LEVEL,DRY,NO DEFECTS,NOT ON SCENE (DESK REPORT),INJURY AND / OR TOW DUE TO CRASH,Y,,,"OVER $1,500",07/07/2025 01:50:00 PM,UNABLE TO DETERMINE,UNABLE TO DETERMINE,3500,S,ARCHER AVE,912,,,,,,,2,"REPORTED, NOT EVIDENT",1,0,0,0,1,1,0,13,2,7,41.8304091267,-87.6778761696,POINT (-87.6778761696 41.830409126743)