CRASH_RECORD_ID,CRASH_DATE_EST_I,CRASH_DATE,POSTED_SPEED_LIMIT,TRAFFIC_CONTROL_DEVICE,DEVICE_CONDITION,WEATHER_CONDITION,LIGHTING_CONDITION,FIRST_CRASH_TYPE,TRAFFICWAY_TYPE,LANE_CNT,ALIGNMENT,ROADWAY_SURFACE_COND,ROAD_DEFECT,REPORT_TYPE,CRASH_TYPE,INTERSECTION_RELATED_I,NOT_RIGHT_OF_WAY_I,HIT_AND_RUN_I,DAMAGE,DATE_POLICE_NOTIFIED,PRIM_CONTRIBUTORY_CAUSE,SEC_CONTRIBUTORY_CAUSE,STREET_NO,STREET_DIRECTION,STREET_NAME,BEAT_OF_OCCURRENCE,PHOTOS_TAKEN_I,STATEMENTS_TAKEN_I,DOORING_I,WORK_ZONE_I,WORK_ZONE_TYPE,WORKERS_PRESENT_I,NUM_UNITS,MOST_SEVERE_INJURY,INJURIES_TOTAL,INJURIES_FATAL,INJURIES_INCAPACITATING,INJURIES_NON_INCAPACITATING,INJURIES_REPORTED_NOT_EVIDENT,INJURIES_NO_INDICATION,INJURIES_UNKNOWN,CRASH_HOUR,CRASH_DAY_OF_WEEK,CRASH_MONTH,LATITUDE,LONGITUDE,LOCATION
b1a5a0144515de8c5399f98bee6c43042553813f3f277fc41e41c8e8486ebf646572c9bf437a9bbf4033da8289f87bc5b5738120ea1ded048e73036a44f7b259,Y,07/07/2025 01:30:00 PM,30,TRAFFIC SIGNAL,FUNCTIONING PROPERLY,CLEAR,DAYLIGHT,REAR END,PARKING LOT,,STRAIGHT AND LEVEL,DRY,NO DEFECTS,NOT ON SCENE (DESK REPORT),NO INJURY / DRIVE AWAY,N,,,"$501 - $1,500",07/07/2025 01:40:00 PM,FAILING TO YIELD RIGHT-OF-WAY,NOT APPLICABLE,2600,N,WESTERN AVE,1411,,,,,,,2,NO INDICATION OF INJURY,0,0,0,0,0,2,0,13,2,7,41.9286697899,-87.6879222355,POINT (-87.687922235539 41.92866978991)
3239b5705382343cd9c771e71e84fcc6dfd4074a1725fe3bef7729f0d1afc09370c14418cb5df09d917edae8f5624106d20b32e598937485da50b336d656777a,,07/07/2025 01:20:00 PM,30,TRAFFIC SIGNAL,FUNCTIONING PROPERLY,CLEAR,DAYLIGHT,ANGLE,FOUR WAY,,STRAIGHT AND LEVEL,DRY,NO DEFECTS,ON SCENE,INJURY AND / OR TOW DUE TO CRASH,,,Y,"OVER $1,500",07/07/2025 01:40:00 PM,UNABLE TO DETERMINE,NOT APPLICABLE,1555,W,112TH PL,2234,,,,,,,2,NO INDICATION OF INJURY,0,0,0,0,0,3,0,13,2,7,41.6891771908,-87.6618788847,POINT (-87.661878884703 41.689177190788)
c3bfdd0cb19622ff0d5293a4cdff7008f22330835554706391d7946d8dffe5f7e5a42c16253acc2189f99f5c5ba6ce083b358023eb999bfb8524394ca855db5b,,07/07/2025 01:20:00 PM,25,STOP SIGN/FLASHER,FUNCTIONING PROPERLY,CLEAR,DAYLIGHT,PARKED MOTOR VEHICLE,OTHER,,STRAIGHT AND LEVEL,DRY,NO DEFECTS,ON SCENE,NO INJURY / DRIVE AWAY,,,,$500 OR LESS,07/07/2025 01:25:00 PM,FAILING TO REDUCE SPEED TO AVOID CRASH,DRIVING SKILLS/KNOWLEDGE/EXPERIENCE,10,E,WALTON ST,1833,,,,,,,2,NO INDICATION OF INJURY,0,0,0,0,0,2,0,13,2,7,41.9000534238,-87.6278608195,POINT (-87.627860819481 41.900053423827)
dcb45fa58833a0ca6bf9765e5c320ec681079497f843939318135fed71bb4d41ec1c79340c2ed158412e33df5e8b425f66bdaf8d21dbd9e2317f16ef1bffe8b1,,07/07/2025 01:19:00 PM,30,TRAFFIC SIGNAL,UNKNOWN,CLEAR,DAYLIGHT,TURNING,FOUR WAY,,STRAIGHT AND LEVEL,DRY,UNKNOWN,NOT ON SCENE (DESK REPORT),NO INJURY / DRIVE AWAY,,,,"OVER $1,500",07/07/2025 02:00:00 PM,TURNING RIGHT ON RED,UNABLE TO DETERMINE,101,S,CLARK ST,112,,,,,,,2,NO INDICATION OF INJURY,0,0,0,0,0,2,0,13,2,7,41.88066642,-87.6307055114,POINT (-87.630705511426 41.880666420015)
7456ff969bad6c7334d7642f64b8d28dd426ff78d0d05b56593626a33a9e82a22cb5abf7156bd66d0d5e01e091fd5054af9b4bf742d71800877b0a37960e9bf2,,07/07/2025 01:13:00 PM,30,TRAFFIC SIGNAL,FUNCTIONING PROPERLY,CLEAR,DAYLIGHT,REAR END,NOT DIVIDED,,STRAIGHT AND LEVEL,DRY,NO DEFECTS,NOT ON SCENE (DESK REPORT),NO INJURY / DRIVE AWAY,N,,,"OVER $1,500",07/07/2025 01:15:00 PM,DISREGARDING TRAFFIC SIGNALS,DISREGARDING TRAFFIC SIGNALS,1208,S,WESTERN AVE,1023,,,,,,,3,NO INDICATION OF INJURY,0,0,0,0,0,6,0,13,2,7,41.8663118494,-87.6861766995,POINT (-87.686176699458 41.866311849442)
186e15010f064d2cce38af172e03c66b228286df29cdcaa7d49f597a834e00cbe151585e99a8195b61e8b38561195c172384416e70a0afa852627f8efa466676,,07/07/2025 01:10:00 PM,10,NO CONTROLS,NO CONTROLS,CLEAR,DAYLIGHT,PARKED MOTOR VEHICLE,PARKING LOT,,STRAIGHT AND LEVEL,DRY,NO DEFECTS,NOT ON SCENE (DESK REPORT),NO INJURY / DRIVE AWAY,,,Y,"OVER $1,500",07/07/2025 02:22:00 PM,IMPROPER BACKING,NOT APPLICABLE,2311,S,KEDZIE AVE,1033,,,,,,,2,NO INDICATION OF INJURY,0,0,0,0,0,2,0,13,2,7,41.8495915587,-87.7050411833,POINT (-87.705041183311 41.849591558732)
542525bb96c829b52051418c863bd1a0c728b9a093d9e2b3c4355a26ecd2b71380dae26f62ae662551ff435eefc0603e7db6699a3350683d3373b5081e93c4da,,07/07/2025 01:10:00 PM,30,TRAFFIC SIGNAL,FUNCTIONING PROPERLY,CLEAR,DAYLIGHT,SIDESWIPE SAME DIRECTION,DIVIDED - W/MEDIAN BARRIER,,STRAIGHT AND LEVEL,DRY,NO DEFECTS,NOT ON SCENE (DESK REPORT),NO INJURY / DRIVE AWAY,,,Y,$500 OR LESS,07/07/2025 01:50:00 PM,IMPROPER OVERTAKING/PASSING,NOT APPLICABLE,500,S,ASHLAND AVE,1231,,,,,,,2,NO INDICATION OF INJURY,0,0,0,0,0,2,0,13,2,7,41.8751258946,-87.6667717745,POINT (-87.666771774482 41.875125894617)
ddb13d1408308cd81a90f94286a5c0e86c3263f711afc9a6252f17b59947cc4a17cd57d5b101a2ed19a8dd861bbe9c7b1488ddfa0aafff1d58dfda8e4eeef543,,07/07/2025 01:10:00 PM,30,NO CONTROLS,NO CONTROLS,CLEAR,DAYLIGHT,ANGLE,PARKING LOT,,STRAIGHT AND LEVEL,UNKNOWN,UNKNOWN,NOT ON SCENE (DESK REPORT),NO INJURY / DRIVE AWAY,,,,"OVER $1,500",07/07/2025 01:35:00 PM,UNABLE TO DETERMINE,NOT APPLICABLE,5233,N,LINCOLN AVE,2011,,,,,,,2,NO INDICATION OF INJURY,0,0,0,0,0,2,0,13,2,7,41.9768950984,-87.6922796678,POINT (-87.692279667764 41.976895098405)
abb04061cc42f86ee8faf2baa263f95b8480a92c2b25958ef3d1e4063a0a04f4cf3b70b2c80bd8b1909100dfa26ad6c489dd89488ea9397f64dd74d2568b028e,,07/07/2025 01:07:00 PM,30,NO CONTROLS,NO CONTROLS,CLEAR,DAYLIGHT,PARKED MOTOR VEHICLE,NOT DIVIDED,,STRAIGHT AND LEVEL,DRY,NO DEFECTS,ON SCENE,INJURY AND / OR TOW DUE TO CRASH,,,,"OVER $1,500",07/07/2025 01:15:00 PM,UNABLE TO DETERMINE,UNABLE TO DETERMINE,5923,S,LOOMIS BLVD,713,,,,,,,2,NO INDICATION OF INJURY,0,0,0,0,0,1,0,13,2,7,41.7861068181,-87.659375578,POINT (-87.659375578022 41.786106818096)
dc9c875c57280668a287a327355fa072ad3a439785380d3e4a7785e2f0286c5fceb542c164e96e90671ecda9da35a290bdeca75a0fc7d4ded79b248d168761af,,07/07/2025 01:05:00 PM,30,STOP SIGN/FLASHER,FUNCTIONING PROPERLY,CLEAR,DAYLIGHT,ANGLE,T-INTERSECTION,,STRAIGHT AND LEVEL,DRY,NO DEFECTS,ON SCENE,NO INJURY / DRIVE AWAY,Y,,,"OVER $1,500",07/07/2025 01:08:00 PM,DISREGARDING STOP SIGN,NOT APPLICABLE,11100,S,PEORIA ST,2234,,,,,,,2,NO INDICATION OF INJURY,0,0,0,0,0,4,0,13,2,7,41.6922328175,-87.6449576911,POINT (-87.644957691055 41.692232817493)
91826262bc8c291985345e33e87b7d1b701d9ed82c864bba09bc6de9d242c187b3cbb1b34af59a54268be1ad6a419b189ffca877883b534089906a80ecc79f5e,,07/07/2025 01:03:00 PM,30,TRAFFIC SIGNAL,NO CONTROLS,CLEAR,DAYLIGHT,REAR END,DIVIDED - W/MEDIAN BARRIER,,STRAIGHT AND LEVEL,DRY,OTHER,NOT ON SCENE (DESK REPORT),NO INJURY / DRIVE AWAY,,,,$500 OR LESS,07/07/2025 03:10:00 PM,FOLLOWING TOO CLOSELY,NOT APPLICABLE,2400,W,ROOSEVELT RD,1135,,,,,,,3,NO INDICATION OF INJURY,0,0,0,0,0,5,0,13,2,7,41.866720691,-87.6861627712,POINT (-87.686162771246 41.86672069098)
387410dd0998545948352ab30f40dc23b7c49d732c1fc16df5db5d1eb1bc7b494018aee2fd5432fd9c1b74f75acc435e2c068c687e600f780d2846190f5e4595,,07/07/2025 01:00:00 PM,30,NO CONTROLS,NO CONTROLS,CLEAR,DAYLIGHT,PARKED MOTOR VEHICLE,ONE-WAY,,STRAIGHT AND LEVEL,DRY,NO DEFECTS,NOT ON SCENE (DESK REPORT),NO INJURY / DRIVE AWAY,,,Y,"OVER $1,500",07/25/2025 10:25:00 AM,UNABLE TO DETERMINE,NOT APPLICABLE,9423,S,UNION AVE,2223,,,,,,,2,NO INDICATION OF INJURY,0,0,0,0,0,1,0,13,2,7,41.7225821873,-87.640669852,POINT (-87.640669852038 41.722582187316)
66798c89cfbbeede76e7dad7a8be315a5b5893d87536cb07c9a938c7399f75f1c587dee772c2469ddbb55b13908c9282a404282caf1e870d0bcc1bfe4ec23b52,,07/07/2025 01:00:00 PM,35,TRAFFIC SIGNAL,FUNCTIONING PROPERLY,CLEAR,DAYLIGHT,TURNING,UNKNOWN INTERSECTION TYPE,,STRAIGHT AND LEVEL,DRY,NO DEFECTS,NOT ON SCENE (DESK REPORT),NO INJURY / DRIVE AWAY,,,Y,"$501 - $1,500",07/07/2025 01:30:00 PM,UNABLE TO DETERMINE,NOT APPLICABLE,1401,E,67TH ST,321,,,,,,,2,NO INDICATION OF INJURY,0,0,0,0,0,2,0,13,2,7,41.7731766706,-87.5910471202,POINT (-87.5910471202 41.773176670606)
7c6b1787cc4b61a3517b7b09707b63abdb45c46312345eb267ec41a7157cee9352511a07a072164365f8f62e945544eee2070ee915581a4c2a467cb65b41fcd3,,07/07/2025 01:00:00 PM,30,NO CONTROLS,NO CONTROLS,UNKNOWN,DAYLIGHT,PEDALCYCLIST,DIVIDED - W/MEDIAN (NOT RAISED),,STRAIGHT AND LEVEL,UNKNOWN,UNKNOWN,NOT ON SCENE (DESK REPORT),NO INJURY / DRIVE AWAY,,,Y,"OVER $1,500",07/08/2025 07:10:00 PM,IMPROPER LANE USAGE,FAILING TO REDUCE SPEED TO AVOID CRASH,437,N,KINGSBURY ST,1831,,,,,,,2,NO INDICATION OF INJURY,0,0,0,0,0,2,0,13,2,7,41.8900907823,-87.6385755952,POINT (-87.638575595208 41.890090782347)
9694e5b6d3e31bab3252cf9e82bf0a969ae24f4a43c8fa9abd6df99906ecaeb5f45760e47ce8756db5f902e19baca61fbcfeab96853e63dd03a5401aba51c763,,07/07/2025 01:00:00 PM,30,NO CONTROLS,NO CONTROLS,CLEAR,DAYLIGHT,PARKED MOTOR VEHICLE,ONE-WAY,,STRAIGHT AND LEVEL,DRY,NO DEFECTS,NOT ON SCENE (DESK REPORT),NO INJURY / DRIVE AWAY,,,Y,$500 OR LESS,07/07/2025 05:00:00 PM,UNABLE TO DETERMINE,UNABLE TO DETERMINE,8625,S,MANISTEE AVE,423,,,,,,,2,NO INDICATION OF INJURY,0,0,0,0,0,1,0,13,2,7,41.7383558508,-87.5573777254,POINT (-87.557377725383 41.738355850837)
a13a63d3e8943fb7309a57bd5da3507ac3d955638175103f561784fc8f2f5302a5f7d9b4a28449cc5efb3de45169c8a0a8192d5eb49c467d4486df133fbc5170,,07/07/2025 01:00:00 PM,30,NO CONTROLS,NO CONTROLS,CLEAR,DAYLIGHT,PARKED MOTOR VEHICLE,PARKING LOT,,STRAIGHT AND LEVEL,DRY,NO DEFECTS,NOT ON SCENE (DESK REPORT),NO INJURY / DRIVE AWAY,,,,"OVER $1,500",07/07/2025 08:20:00 PM,FOLLOWING TOO CLOSELY,NOT APPLICABLE,4028,W,WRIGHTWOOD AVE,2524,,,,,,,2,NO INDICATION OF INJURY,0,0,0,0,0,1,0,13,2,7,41.9282090351,-87.7280814563,POINT (-87.72808145632 41.928209035103)
975788d2569d7741bdb69c2b057951c2f3f7e636b59ba3d84d7046654e44dd41de5adffec300815bfd56af505ef4d24f31b05224988989ed5ba3230efb78ae3d,,07/07/2025 12:55:00 PM,30,TRAFFIC SIGNAL,NO CONTROLS,CLEAR,DAYLIGHT,TURNING,FOUR WAY,,STRAIGHT AND LEVEL,UNKNOWN,UNKNOWN,NOT ON SCENE (DESK REPORT),NO INJURY / DRIVE AWAY,Y,,,"OVER $1,500",07/07/2025 01:30:00 PM,IMPROPER TURNING/NO SIGNAL,DRIVING SKILLS/KNOWLEDGE/EXPERIENCE,7599,N,WESTERN AVE,2411,,,,,,,2,NO INDICATION OF INJURY,0,0,0,0,0,2,0,12,2,7,42.0194367203,-87.6900276383,POINT (-87.690027638331 42.01943672026)
4497041936818b414cd3a28494a457d4b30e0a34d0005d4ea5cb3ea2843f3cd9ac3a4f6875deb61f09da745218f47e3851752abb7dc3168cc73550ab682f4537,,07/07/2025 12:53:00 PM,0,NO CONTROLS,NO CONTROLS,CLEAR,DAYLIGHT,PARKED MOTOR VEHICLE,PARKING LOT,,STRAIGHT AND LEVEL,DRY,NO DEFECTS,ON SCENE,NO INJURY / DRIVE AWAY,,,Y,"OVER $1,500",07/07/2025 02:29:00 PM,UNABLE TO DETERMINE,NOT APPLICABLE,6446,W,IRVING PARK RD,1632,,,,,,,2,NO INDICATION OF INJURY,0,0,0,0,0,1,0,12,2,7,41.9530007368,-87.7882539578,POINT (-87.788253957821 41.953000736838)
c298d2f7c063dc6410aa7d711f7f380c807db1abe27dd93f55a436456a4e7d4f55c6a97f834b0ce79f43a23b302abad0523f3c7677340fc4e802aa5af341c328,,07/07/2025 12:51:00 PM,15,NO CONTROLS,NO CONTROLS,CLEAR,DAYLIGHT,REAR TO REAR,PARKING LOT,,STRAIGHT AND LEVEL,DRY,NO DEFECTS,ON SCENE,NO INJURY / DRIVE AWAY,,Y,,"OVER $1,500",07/07/2025 01:10:00 PM,IMPROPER BACKING,NOT APPLICABLE,2353,W,FULLERTON AVE,1432,,,,,,,2,NO INDICATION OF INJURY,0,0,0,0,0,2,0,12,2,7,41.9247934444,-87.6873363397,POINT (-87.687336339693 41.924793444362)
702be7bd87a2dab1a3cb973692270311d34623c74b6422e62a73eb88a97347e6f36138f6aae7d853448162b0f505e6b760fbbf36607cf70787eb82d05c76d467,,07/07/2025 12:50:00 PM,30,NO CONTROLS,NO CONTROLS,CLEAR,DAYLIGHT,SIDESWIPE SAME DIRECTION,DIVIDED - W/MEDIAN (NOT RAISED),,STRAIGHT AND LEVEL,DRY,NO DEFECTS,NOT ON SCENE (DESK REPORT),NO INJURY / DRIVE AWAY,,,Y,"OVER $1,500",07/07/2025 01:45:00 PM,FAILING TO YIELD RIGHT-OF-WAY,NOT APPLICABLE,1236,N,ASHLAND AVE,1433,,,,,,,2,NO INDICATION OF INJURY,0,0,0,0,0,2,0,12,2,7,41.9042622305,-87.6676667996,POINT (-87.667666799576 41.904262230495)
f547f36f9eaec9c2172740fc4498cbbe03658af82b75212332df8fbd757d55d9bd2a40fa9d28f8378e3a0c4290c3786d267412a63452c4759839ff35f7cd7440,,07/07/2025 12:50:00 PM,30,STOP SIGN/FLASHER,FUNCTIONING PROPERLY,CLEAR,DAYLIGHT,ANGLE,NOT DIVIDED,,STRAIGHT AND LEVEL,DRY,NO DEFECTS,NOT ON SCENE (DESK REPORT),NO INJURY / DRIVE AWAY,,,Y,"$501 - $1,500",07/07/2025 01:34:00 PM,FAILING TO YIELD RIGHT-OF-WAY,NOT APPLICABLE,1726,W,47TH ST,924,,,,,,,2,NO INDICATION OF INJURY,0,0,0,0,0,2,0,12,2,7,41.8086794878,-87.6685519424,POINT (-87.668551942373 41.808679487784)
c8bf4c04fa2ea1ddabedeb5f56a1e2041fb112ae47b66bc677439014727328646081f0ec467f4ee8d4e795502dccc0fb6cde9c7b0d60ae1e20ea19fc4a0edb9b,,07/07/2025 12:45:00 PM,20,TRAFFIC SIGNAL,FUNCTIONING PROPERLY,CLEAR,DAYLIGHT,SIDESWIPE SAME DIRECTION,ONE-WAY,,STRAIGHT AND LEVEL,UNKNOWN,UNKNOWN,ON SCENE,NO INJURY / DRIVE AWAY,,,,"OVER $1,500",07/07/2025 12:45:00 PM,FAILING TO YIELD RIGHT-OF-WAY,NOT APPLICABLE,717,W,WELLINGTON AVE,1934,,,,,,,2,NO INDICATION OF INJURY,0,0,0,0,0,2,0,12,2,7,41.9363261521,-87.6475970187,POINT (-87.647597018674 41.936326152088)
d66fcc8a2d34425df70bbd48cb5a6e107a637e40ecafde8132871854d92a24a693f7b155713db94dd7248b6f752c2def898fa3baac0267645c615a675c249151,,07/07/2025 12:40:00 PM,30,TRAFFIC SIGNAL,FUNCTIONING PROPERLY,CLEAR,DAYLIGHT,REAR END,DIVIDED - W/MEDIAN (NOT RAISED),,STRAIGHT AND LEVEL,DRY,UNKNOWN,,INJURY AND / OR TOW DUE TO CRASH,,,,$500 OR LESS,07/07/2025 01:40:00 PM,FOLLOWING TOO CLOSELY,NOT APPLICABLE,1638,N,KOSTNER AVE,2533,,,,,,,2,"REPORTED, NOT EVIDENT",1,0,0,0,1,2,0,12,2,7,41.9108817268,-87.7362875887,POINT (-87.736287588723 41.910881726792)
faf8cc7d5a555fbc34946aeb13e359ecafa93c94ba2e46106c9a538ff7e49c708824d947ba581a1c7c17622d17f4ac0b4fe8a80ea1ad7b83ec2d0506a8241156,,07/07/2025 12:30:00 PM,30,NO CONTROLS,NO CONTROLS,CLEAR,DAYLIGHT,SIDESWIPE SAME DIRECTION,DIVIDED - W/MEDIAN BARRIER,,STRAIGHT AND LEVEL,DRY,NO DEFECTS,ON SCENE,NO INJURY / DRIVE AWAY,,,Y,"OVER $1,500",07/07/2025 12:31:00 PM,IMPROPER LANE USAGE,NOT APPLICABLE,500,N,MICHIGAN AVE,1834,,,,,,,2,NO INDICATION OF INJURY,0,0,0,0,0,2,0,12,2,7,41.8909712296,-87.6242769456,POINT (-87.624276945562 41.890971229645)
1d05d0ed6b7162a846481e44baa6d3d9ccd002e7d710d857dc8c85df3dc6351e99548dfc98efac7afb98ef05d847d92478fc83635aa53b3375e05267f38a7097,,07/07/2025 12:15:00 PM,35,NO CONTROLS,NO CONTROLS,CLEAR,DAYLIGHT,TURNING,NOT DIVIDED,,STRAIGHT AND LEVEL,DRY,NO DEFECTS,NOT ON SCENE (DESK REPORT),NO INJURY / DRIVE AWAY,Y,,,"$501 - $1,500",07/07/2025 12:30:00 PM,UNABLE TO DETERMINE,UNABLE TO DETERMINE,3110,W,IRVING PARK RD,1724,,,,,,,2,NO INDICATION OF INJURY,0,0,0,0,0,3,0,12,2,7,41.9540423458,-87.7060939509,POINT (-87.706093950882 41.954042345834)
2cfa52fa355d34da67632cc1aae5ace2c6b332e84062e3e80df59ca05e2c3c1c3f2ec5464f0c414ce1c2009510a3014a28bca241087c9297c9d1a40e54194cfa,,07/07/2025 12:15:00 PM,30,NO CONTROLS,NO CONTROLS,CLEAR,DAYLIGHT,PARKED MOTOR VEHICLE,PARKING LOT,,STRAIGHT AND LEVEL,DRY,NO DEFECTS,NOT ON SCENE (DESK REPORT),NO INJURY / DRIVE AWAY,,,Y,"OVER $1,500",07/07/2025 01:50:00 PM,UNABLE TO DETERMINE,NOT APPLICABLE,6935,W,ADDISON ST,1632,Y,,,,,,2,NO INDICATION OF INJURY,0,0,0,0,0,1,0,12,2,7,41.945293896,-87.7998160687,POINT (-87.799816068683 41.94529389603)
e218d4b05b885274cc9d86918acf2b6acde8394afc370fad33915c48dc9a9c4a49828ff8746895367d363ce2e7f18c1deb76cdb1d4e591ae7ca2b54e7dc7750f,,07/07/2025 12:15:00 PM,30,STOP SIGN/FLASHER,OTHER,CLEAR,DAYLIGHT,PEDESTRIAN,NOT DIVIDED,,STRAIGHT AND LEVEL,DRY,NO DEFECTS,ON SCENE,INJURY AND / OR TOW DUE TO CRASH,,,Y,$500 OR LESS,07/07/2025 12:18:00 PM,UNABLE TO DETERMINE,NOT APPLICABLE,2800,S,CENTRAL PARK AVE,1032,,,,,,,2,NONINCAPACITATING INJURY,1,0,0,1,0,1,0,12,2,7,41.8406277048,-87.7148368382,POINT (-87.714836838208 41.840627704795)
0d328142fa71dae837ba37de36a52cf3020f90c26ca97734a0443480c43242c81fd0a0491b2d53cab2c0a84c2a62c23af0f0a34e30152284fa181e8227973a78,,07/07/2025 12:05:00 PM,25,NO CONTROLS,NO CONTROLS,CLEAR,DAYLIGHT,ANGLE,FOUR WAY,,STRAIGHT AND LEVEL,DRY,NO DEFECTS,ON SCENE,NO INJURY / DRIVE AWAY,Y,,,"OVER $1,500",07/07/2025 12:09:00 PM,UNABLE TO DETERMINE,NOT APPLICABLE,9700,S,HOYNE AVE,2213,,,,,,,2,NO INDICATION OF INJURY,0,0,0,0,0,2,0,12,2,7,41.7173116652,-87.6748326951,POINT (-87.674832695146 41.717311665213)
01a628b060a6b0cf31ba0c892e6434c9894770281c94068e6b929eec61b3f761297128a7cff7dc72d5cc900025e6adb68de527bec3b6c64e802ebf70b66f95ba,,07/07/2025 12:00:00 PM,20,NO CONTROLS,NO CONTROLS,CLEAR,DAYLIGHT,PARKED MOTOR VEHICLE,UNKNOWN,,STRAIGHT AND LEVEL,DRY,UNKNOWN,,NO INJURY / DRIVE AWAY,,,Y,"OVER $1,500",07/07/2025 02:15:00 PM,UNABLE TO DETERMINE,UNABLE TO DETERMINE,6819,S,RACINE AVE,724,,,,,,,2,NO INDICATION OF INJURY,0,0,0,0,0,1,0,12,2,7,41.7699166613,-87.6540981334,POINT (-87.65409813336 41.769916661276)
9363017bf38a8d860a4fe274389debaaf56f7ae564f8da3efefa7038c334bec68d517501ba59669bd1aadb82f3a04b85fd42df43152b1718a9c38e5641d85c90,,07/07/2025 12:00:00 PM,30,TRAFFIC SIGNAL,FUNCTIONING PROPERLY,CLEAR,DAYLIGHT,TURNING,OTHER,,STRAIGHT AND LEVEL,DRY,UNKNOWN,NOT ON SCENE (DESK REPORT),NO INJURY / DRIVE AWAY,,,,"OVER $1,500",07/07/2025 12:45:00 PM,UNABLE TO DETERMINE,NOT APPLICABLE,229,W,GARFIELD BLVD,711,,,,,,,2,NO INDICATION OF INJURY,0,0,0,0,0,2,0,12,2,7,41.7940702279,-87.6316657313,POINT (-87.631665731275 41.794070227872)
a8a9836e5a1ba7dabfc9dbf00163606cf1bf3e5c83c7bd4e55b360c527b811534bd26d31c8f6df6241817d6ae03d3c2eeef6d307578b9e29b166791d3d61d36c,,07/07/2025 12:00:00 PM,30,NO CONTROLS,NO CONTROLS,CLEAR,DAYLIGHT,PARKED MOTOR VEHICLE,ONE-WAY,,STRAIGHT AND LEVEL,DRY,NO DEFECTS,NOT ON SCENE (DESK REPORT),NO INJURY / DRIVE AWAY,,,Y,"OVER $1,500",07/07/2025 05:02:00 PM,UNABLE TO DETERMINE,UNABLE TO DETERMINE,6649,S,CHAMPLAIN AVE,321,,,,,,,2,NO INDICATION OF INJURY,0,0,0,0,0,1,0,12,2,7,41.7734524779,-87.6092807531,POINT (-87.609280753057 41.77345247787)
49790a5e27ab27d9eecade9827fd13a0673fd5f45fb5a907b3b718f594cc7ebd10ac90d41d1c3406f69844692d05fb90cad3b892770c5903e3a1955a184e4a09,,07/07/2025 11:44:00 AM,30,NO CONTROLS,NO CONTROLS,CLEAR,DAYLIGHT,SIDESWIPE SAME DIRECTION,OTHER,,STRAIGHT AND LEVEL,DRY,NO DEFECTS,ON SCENE,NO INJURY / DRIVE AWAY,,,,"$501 - $1,500",07/07/2025 11:44:00 AM,UNABLE TO DETERMINE,NOT APPLICABLE,1,W,TERMINAL ST,1651,,,,,,,2,NO INDICATION OF INJURY,0,0,0,0,0,2,0,11,2,7,,,
0622efcdc104c8e1a82f79092e4a202162d5f2fd4eafbf644722e3946a10234f908dabf4cc218fb20cdaf99559cfe3cfbf3f53e12afb489f5e3a4d195ae29d72,,07/07/2025 11:43:00 AM,30,NO CONTROLS,NO CONTROLS,CLEAR,DAYLIGHT,REAR END,DIVIDED - W/MEDIAN (NOT RAISED),,STRAIGHT AND LEVEL,DRY,NO DEFECTS,NOT ON SCENE (DESK REPORT),INJURY AND / OR TOW DUE TO CRASH,Y,,Y,"$501 - $1,500",07/07/2025 12:50:00 PM,FAILING TO REDUCE SPEED TO AVOID CRASH,UNABLE TO DETERMINE,8300,S,MAY ST,613,,,,Y,MAINTENANCE,,2,"REPORTED, NOT EVIDENT",1,0,0,0,1,1,0,11,2,7,41.7431392701,-87.6524716521,POINT (-87.652471652074 41.743139270098)
fe09de4289ffda5cd02202996fa66eaef3c0de411cd2a661137da8faeb0d9d663b7a061efcfb3e9837c2e4a8e10b6dc6a52d7dd02d1103cb4a2a9349a874e9f7,,07/07/2025 11:42:00 AM,20,NO CONTROLS,NO CONTROLS,CLEAR,DAYLIGHT,SIDESWIPE SAME DIRECTION,NOT DIVIDED,,STRAIGHT AND LEVEL,DRY,NO DEFECTS,,INJURY AND / OR TOW DUE TO CRASH,,,,"OVER $1,500",07/07/2025 11:48:00 AM,UNABLE TO DETERMINE,NOT APPLICABLE,1130,W,MORSE AVE,2431,,,,,,,2,NO INDICATION OF INJURY,0,0,0,0,0,4,0,11,2,7,42.0081091768,-87.6604365151,POINT (-87.660436515133 42.008109176799)
ca2aefef930b867a95cbc53bdf2ad4503c30930800fed0eb31de1b57e8d4607397b32f981318a152f7664323ab14b55529a551202e9f700894dc5099f8c568f2,,07/07/2025 11:31:00 AM,30,NO CONTROLS,NO CONTROLS,CLEAR,DAYLIGHT,SIDESWIPE SAME DIRECTION,OTHER,,STRAIGHT AND LEVEL,DRY,UNKNOWN,NOT ON SCENE (DESK REPORT),NO INJURY / DRIVE AWAY,,,Y,"OVER $1,500",07/07/2025 11:44:00 AM,UNABLE TO DETERMINE,NOT APPLICABLE,47,E,OHIO ST,1834,,,,,,,2,NO INDICATION OF INJURY,0,0,0,0,0,3,0,11,2,7,41.8923974097,-87.6262412805,POINT (-87.62624128049 41.892397409723)
4e8ad281cefae3f1d2c185c38915ffca7ccfa315a5a29f9d8791b4f7dd3504f9c2e13a23b9a4a1829fadd64db713ac9b0792661ae24e17538baf8869e297f5ca,,07/07/2025 11:30:00 AM,30,TRAFFIC SIGNAL,FUNCTIONING PROPERLY,CLEAR,DAYLIGHT,SIDESWIPE SAME DIRECTION,NOT DIVIDED,,STRAIGHT AND LEVEL,DRY,NO DEFECTS,,INJURY AND / OR TOW DUE TO CRASH,,,,"OVER $1,500",07/09/2025 07:08:00 PM,UNABLE TO DETERMINE,NOT APPLICABLE,75,E,WASHINGTON ST,112,,,,,,,2,NONINCAPACITATING INJURY,1,0,0,1,0,1,0,11,2,7,41.8831152214,-87.6251725087,POINT (-87.625172508734 41.883115221385)