CRASH_RECORD_ID,CRASH_DATE_EST_I,CRASH_DATE,POSTED_SPEED_LIMIT,TRAFFIC_CONTROL_DEVICE,DEVICE_CONDITION,WEATHER_CONDITION,LIGHTING_CONDITION,FIRST_CRASH_TYPE,TRAFFICWAY_TYPE,LANE_CNT,ALIGNMENT,ROADWAY_SURFACE_COND,ROAD_DEFECT,REPORT_TYPE,CRASH_TYPE,INTERSECTION_RELATED_I,NOT_RIGHT_OF_WAY_I,HIT_AND_RUN_I,DAMAGE,DATE_POLICE_NOTIFIED,PRIM_CONTRIBUTORY_CAUSE,SEC_CONTRIBUTORY_CAUSE,STREET_NO,STREET_DIRECTION,STREET_NAME,BEAT_OF_OCCURRENCE,PHOTOS_TAKEN_I,STATEMENTS_TAKEN_I,DOORING_I,WORK_ZONE_I,WORK_ZONE_TYPE,WORKERS_PRESENT_I,NUM_UNITS,MOST_SEVERE_INJURY,INJURIES_TOTAL,INJURIES_FATAL,INJURIES_INCAPACITATING,INJURIES_NON_INCAPACITATING,INJURIES_REPORTED_NOT_EVIDENT,INJURIES_NO_INDICATION,INJURIES_UNKNOWN,CRASH_HOUR,CRASH_DAY_OF_WEEK,CRASH_MONTH,LATITUDE,LONGITUDE,LOCATION
84d6461b462f27b70563eba968ff977c18569aeb68026e3e1886ffeee4817afac9e641e68e5f5882d69a485a36b992091e11e4bd612f9d23ada750b321ab372b,,07/07/2025 11:30:00 AM,30,NO CONTROLS,NO CONTROLS,UNKNOWN,UNKNOWN,PARKED MOTOR VEHICLE,DIVIDED - W/MEDIAN (NOT RAISED),,STRAIGHT AND LEVEL,UNKNOWN,OTHER,NOT ON SCENE (DESK REPORT),NO INJURY / DRIVE AWAY,,,Y,"OVER $1,500",07/07/2025 05:00:00 PM,UNABLE TO DETERMINE,UNABLE TO DETERMINE,626,N,ALBANY AVE,1221,,,,,,,2,NO INDICATION OF INJURY,0,0,0,0,0,1,0,11,2,7,41.8927489121,-87.7041540046,POINT (-87.704154004596 41.892748912144)
94b3b8cd56dc8378c0f03ea6692b00f1665d57695c892fef59c51669285814ab49b09d3d6333ace80c617444d6488ab08b57e7695060a11d061055ba4f0717f7,,07/07/2025 11:30:00 AM,30,NO CONTROLS,NO CONTROLS,CLEAR,DAYLIGHT,OTHER OBJECT,NOT DIVIDED,,STRAIGHT AND LEVEL,DRY,NO DEFECTS,ON SCENE,NO INJURY / DRIVE AWAY,,,Y,"OVER $1,500",07/07/2025 12:30:00 PM,DRIVING SKILLS/KNOWLEDGE/EXPERIENCE,UNABLE TO DETERMINE,6601,W,CORNELIA AVE,1632,,,,,,,2,NO INDICATION OF INJURY,0,0,0,0,0,1,0,11,2,7,41.9436244195,-87.791177186,POINT (-87.791177186044 41.943624419548)
1568686b12598d01bd163f5c933ed7cde1da5e509ae22d36b6915aacac8b5719a968be2fb0e9959b784ede71e10011bf2b680e74210b90cf9022f4d8e481e933,,07/07/2025 11:15:00 AM,30,TRAFFIC SIGNAL,FUNCTIONING PROPERLY,CLEAR,DAYLIGHT,REAR END,T-INTERSECTION,,STRAIGHT AND LEVEL,DRY,NO DEFECTS,NOT ON SCENE (DESK REPORT),NO INJURY / DRIVE AWAY,Y,,,"OVER $1,500",07/08/2025 10:45:00 AM,FOLLOWING TOO CLOSELY,FOLLOWING TOO CLOSELY,1657,N,LARAMIE AVE,2533,,,,,,,2,NO INDICATION OF INJURY,0,0,0,0,0,2,0,11,2,7,41.9112354283,-87.7555771525,POINT (-87.755577152544 41.911235428291)
f2b5877bfd9bea231e4dddd4a0977346a9c702bd58f4a178aa3554adf7818bb3f8559f95c4d48bf7bbf679efd392654308d974772c9fe2fa47d11a2d147f9f1e,,07/07/2025 11:09:00 AM,30,NO CONTROLS,NO CONTROLS,CLEAR,DAYLIGHT,PARKED MOTOR VEHICLE,NOT DIVIDED,,STRAIGHT AND LEVEL,DRY,NO DEFECTS,NOT ON SCENE (DESK REPORT),NO INJURY / DRIVE AWAY,,,Y,"OVER $1,500",07/07/2025 12:20:00 PM,IMPROPER BACKING,NOT APPLICABLE,460,N,ABERDEEN ST,1214,,,,,,,2,NO INDICATION OF INJURY,0,0,0,0,0,1,0,11,2,7,41.890723891,-87.6547654727,POINT (-87.654765472677 41.890723891031)
adf2ebc049a5a3a1daad0d9a2d58e3e9ba2180ae491299a0bc92f3b699a59f8f47989f3a259e9ee0460016f760d666ee1ef6954d5f29bb635eeaffd8b4035562,,07/07/2025 11:06:00 AM,30,NO CONTROLS,NO CONTROLS,CLEAR,DAYLIGHT,ANGLE,NOT DIVIDED,,STRAIGHT AND LEVEL,DRY,NO DEFECTS,NOT ON SCENE (DESK REPORT),INJURY AND / OR TOW DUE TO CRASH,,,,"OVER $1,500",07/07/2025 01:30:00 PM,IMPROPER OVERTAKING/PASSING,DRIVING ON WRONG SIDE/WRONG WAY,3743,S,ARCHER AVE,911,,,,,,,2,NO INDICATION OF INJURY,0,0,0,0,0,3,0,11,2,7,41.8254301434,-87.6855197917,POINT (-87.685519791733 41.82543014344)
ddd47dcbfa16741ad40a7ed8a53a05ee830e156c514cd17e7f90eefe3570b5e54d8a25a49a41b7e77159a35340f46b845acbdb5b51e4a08e38b29313e641d934,,07/07/2025 11:00:00 AM,20,NO CONTROLS,NO CONTROLS,CLEAR,DAYLIGHT,PARKED MOTOR VEHICLE,PARKING LOT,,STRAIGHT AND LEVEL,DRY,NO DEFECTS,ON SCENE,NO INJURY / DRIVE AWAY,,,Y,"OVER $1,500",07/07/2025 11:12:00 AM,UNABLE TO DETERMINE,UNABLE TO DETERMINE,4770,S,KEDZIE AVE,821,,,,,,,2,NO INDICATION OF INJURY,0,0,0,0,0,1,0,11,2,7,41.8062406588,-87.70406794,POINT (-87.70406794002 41.806240658754)
5b3dc6fa78e4337ce3c8dbea74b975b20de1b881c60921ade68b56a5beb86116d3e82fdc454645ddb6d957a649b5c6257550eab2df234e904bc8deaef70321aa,,07/07/2025 10:50:00 AM,30,NO CONTROLS,NO CONTROLS,CLEAR,DAYLIGHT,SIDESWIPE OPPOSITE DIRECTION,NOT DIVIDED,,STRAIGHT AND LEVEL,DRY,NO DEFECTS,ON SCENE,INJURY AND / OR TOW DUE TO CRASH,,,Y,"$501 - $1,500",07/07/2025 10:54:00 AM,DRIVING ON WRONG SIDE/WRONG WAY,DRIVING SKILLS/KNOWLEDGE/EXPERIENCE,2028,W,69TH ST,726,,,,,,,2,NO INDICATION OF INJURY,0,0,0,0,0,2,0,10,2,7,41.7685377329,-87.6748068078,POINT (-87.674806807779 41.768537732885)
9e3640fd1c1a35d00402f4486dbae9dbae109a534e7b9e38320203c9203e3f84253183a5a24ee73a7ba636eea1b0522dd2ed2dbc9c0d268273d4d25071c88a65,,07/07/2025 10:43:00 AM,30,NO CONTROLS,NO CONTROLS,CLEAR,DAYLIGHT,REAR END,NOT DIVIDED,,STRAIGHT AND LEVEL,DRY,NO DEFECTS,NOT ON SCENE (DESK REPORT),INJURY AND / OR TOW DUE TO CRASH,,,,"OVER $1,500",07/07/2025 11:00:00 AM,FOLLOWING TOO CLOSELY,UNABLE TO DETERMINE,3410,W,DIVERSEY AVE,1412,,,,,,,2,NONINCAPACITATING INJURY,1,0,0,1,0,3,0,10,2,7,41.9320738365,-87.7127372527,POINT (-87.712737252718 41.932073836513)
20f75958436a95788cbfc1725fca18a264a0e52187edf9e63055e2b84ed1254e4fae0604445491ed97fd684ab87b9c15b51ed8aaed1dc7402ae2adb383a2405c,,07/07/2025 10:40:00 AM,30,TRAFFIC SIGNAL,FUNCTIONING PROPERLY,CLEAR,DAYLIGHT,SIDESWIPE SAME DIRECTION,FOUR WAY,,STRAIGHT AND LEVEL,DRY,NO DEFECTS,NOT ON SCENE (DESK REPORT),NO INJURY / DRIVE AWAY,Y,,,"OVER $1,500",07/07/2025 11:20:00 AM,IMPROPER LANE USAGE,IMPROPER LANE USAGE,358,S,DAMEN AVE,1225,,,,,,,2,NO INDICATION OF INJURY,0,0,0,0,0,2,0,10,2,7,41.8762678863,-87.6766767723,POINT (-87.676676772252 41.876267886345)
ff0f633aac68142ff1807b718086b20425953862e3b12ae0ce1a2d7dd4ad7d49ee13986389b155f7d338f1c7dbac92d501d7d6627b243165ff7730256f705a98,,07/07/2025 10:40:00 AM,30,NO CONTROLS,NO CONTROLS,CLEAR,DAYLIGHT,REAR END,NOT DIVIDED,,STRAIGHT AND LEVEL,DRY,UNKNOWN,ON SCENE,INJURY AND / OR TOW DUE TO CRASH,,,,"OVER $1,500",07/07/2025 10:43:00 AM,FAILING TO REDUCE SPEED TO AVOID CRASH,FAILING TO REDUCE SPEED TO AVOID CRASH,4550,N,MILWAUKEE AVE,1623,,,,,,,2,NO INDICATION OF INJURY,0,0,0,0,0,2,0,10,2,7,41.963616326,-87.7572406311,POINT (-87.757240631085 41.963616326024)
f2774ea8d3b8a2c3d4e3ba832c81c7278b093b64053248d5a4dc0628402646035592585993fdb8ef0e102cccbdbc9522f9956576c518f17def7ffe3a2a78e417,,07/07/2025 10:35:00 AM,30,STOP SIGN/FLASHER,FUNCTIONING PROPERLY,CLEAR,DAYLIGHT,PARKED MOTOR VEHICLE,T-INTERSECTION,,STRAIGHT ON GRADE,DRY,NO DEFECTS,ON SCENE,INJURY AND / OR TOW DUE TO CRASH,Y,,,"OVER $1,500",07/07/2025 10:40:00 AM,EQUIPMENT - VEHICLE CONDITION,DRIVING SKILLS/KNOWLEDGE/EXPERIENCE,4540,S,PRINCETON AVE,925,,,,,,,3,NO INDICATION OF INJURY,0,0,0,0,0,1,0,10,2,7,41.8112464969,-87.6335766484,POINT (-87.633576648374 41.811246496948)
52c75867ef95ce68f09a906d78d5c558c18f25f76ef65e85d9d8a9a84299c94d08e8b983b76c70e18abde8caa86746f7083eedb88fe5f3f3a8c2b900d6833792,,07/07/2025 10:30:00 AM,30,TRAFFIC SIGNAL,FUNCTIONING PROPERLY,CLEAR,DAYLIGHT,REAR END,FOUR WAY,,STRAIGHT AND LEVEL,DRY,UNKNOWN,ON SCENE,NO INJURY / DRIVE AWAY,Y,,,$500 OR LESS,07/07/2025 10:31:00 AM,FOLLOWING TOO CLOSELY,UNABLE TO DETERMINE,1000,W,MARQUETTE RD,724,,,,,,,2,NO INDICATION OF INJURY,0,0,0,0,0,4,0,10,2,7,41.7725135005,-87.6495182316,POINT (-87.649518231593 41.772513500467)
e5ad2ee2d53ca1d1ce10b49e8f55842f04e8e73b9d3dae5ab0c5325ab5fe8677f746ae22ea370680170c7b137162c2dce7f5897e46502e9e4b3b67b0d4e928d6,,07/07/2025 10:30:00 AM,30,UNKNOWN,UNKNOWN,CLEAR,DAYLIGHT,SIDESWIPE SAME DIRECTION,NOT DIVIDED,,STRAIGHT AND LEVEL,UNKNOWN,UNKNOWN,NOT ON SCENE (DESK REPORT),NO INJURY / DRIVE AWAY,,,,"OVER $1,500",07/07/2025 11:22:00 AM,NOT APPLICABLE,NOT APPLICABLE,502,S,DAMEN AVE,1225,,,,,,,2,NO INDICATION OF INJURY,0,0,0,0,0,2,0,10,2,7,41.8749067566,-87.6766301405,POINT (-87.676630140517 41.874906756599)
2a91d62cd64615a33dc10642fd85175c586d3fa691a3eb3885e81bb06bb4681df990a8fe6be56268b8675ea188998ab009989631368ef82643775e0a7fe7a6a6,,07/07/2025 10:21:00 AM,30,NO CONTROLS,NO CONTROLS,CLEAR,DAYLIGHT,REAR END,NOT DIVIDED,,STRAIGHT AND LEVEL,DRY,NO DEFECTS,ON SCENE,INJURY AND / OR TOW DUE TO CRASH,,,,"$501 - $1,500",07/07/2025 10:21:00 AM,FOLLOWING TOO CLOSELY,NOT APPLICABLE,4919,W,FULLERTON AVE,2522,,,,,,,2,"REPORTED, NOT EVIDENT",1,0,0,0,1,1,0,10,2,7,41.9240863345,-87.7495686646,POINT (-87.749568664639 41.924086334529)
1d2eb0c556bf778a103ec51c16471d3dddae94206fa0c14bc37a52e9a06e16547773c7c395a4834afe0ff1744efabe2b4d4236294b9e701d6351f70e14635dcd,,07/07/2025 10:20:00 AM,30,TRAFFIC SIGNAL,FUNCTIONING PROPERLY,CLEAR,DAYLIGHT,TURNING,NOT DIVIDED,,STRAIGHT AND LEVEL,DRY,NO DEFECTS,NOT ON SCENE (DESK REPORT),NO INJURY / DRIVE AWAY,Y,,,"OVER $1,500",07/07/2025 11:00:00 AM,FAILING TO YIELD RIGHT-OF-WAY,UNABLE TO DETERMINE,836,E,95TH ST,413,,,,,,,2,NO INDICATION OF INJURY,0,0,0,0,0,2,0,10,2,7,41.7221621763,-87.6029804549,POINT (-87.602980454887 41.722162176271)
6fc7c6cab684e9c234c702217021eafac067b5d83831073708a6bf3f3c0ce616c49091e65229d63d5a8ac6d8bd4edf09960ee8f27a355073c7f8ce3a1486ab40,,07/07/2025 10:15:00 AM,30,NO CONTROLS,NO CONTROLS,CLEAR,DAYLIGHT,SIDESWIPE SAME DIRECTION,NOT DIVIDED,,STRAIGHT AND LEVEL,DRY,NO DEFECTS,ON SCENE,NO INJURY / DRIVE AWAY,,,,"OVER $1,500",07/07/2025 10:21:00 AM,UNABLE TO DETERMINE,UNABLE TO DETERMINE,2941,W,TOUHY AVE,2411,,,,,,,3,NO INDICATION OF INJURY,0,0,0,0,0,2,0,10,2,7,42.011870955,-87.7037178666,POINT (-87.703717866576 42.011870955001)
314105faad1c0e577367620b845f3771cf38a8a28df35e063cffb7872c6c7d3514bd63070e16610f7db1cdb27f41bf30886d86c7072fa95d0f760a8896e62e23,,07/07/2025 10:05:00 AM,30,TRAFFIC SIGNAL,FUNCTIONING PROPERLY,CLEAR,DAYLIGHT,ANGLE,NOT DIVIDED,,STRAIGHT AND LEVEL,DRY,NO DEFECTS,NOT ON SCENE (DESK REPORT),NO INJURY / DRIVE AWAY,,,,"OVER $1,500",07/07/2025 11:07:00 AM,UNABLE TO DETERMINE,NOT APPLICABLE,799,S,CENTRAL PARK AVE,1133,,,,,,,2,NO INDICATION OF INJURY,0,0,0,0,0,2,0,10,2,7,41.8708875129,-87.7154135895,POINT (-87.715413589479 41.870887512894)
05fc46dda3fc96949487147ae9b9c9121589c087d304c8d0fd746a4f9a0f0f14a42d00be5020c37eb34cf6babfaa8a0dd3ca14ccd5686ad7c2e503e03fc47381,,07/07/2025 10:01:00 AM,35,NO CONTROLS,NO CONTROLS,CLEAR,DAYLIGHT,PEDALCYCLIST,PARKING LOT,,STRAIGHT ON GRADE,DRY,NO DEFECTS,ON SCENE,INJURY AND / OR TOW DUE TO CRASH,,N,,$500 OR LESS,07/07/2025 10:06:00 AM,"VISION OBSCURED (SIGNS, TREE LIMBS, BUILDINGS, ETC.)",DRIVING SKILLS/KNOWLEDGE/EXPERIENCE,2933,W,TOUHY AVE,2411,N,,,,,,2,INCAPACITATING INJURY,1,0,1,0,0,1,0,10,2,7,42.0118770441,-87.7034395968,POINT (-87.703439596791 42.01187704415)
f8e930438ce3c870a912e5b033f2f362ecc8283b3f14f2cc53d6ee591ceb25f9c7a39a4212c044d6e6bab654b7c3e4f14b409639d53e35cbb732a7218542cfca,,07/07/2025 09:50:00 AM,30,TRAFFIC SIGNAL,FUNCTIONING PROPERLY,CLEAR,DAYLIGHT,SIDESWIPE SAME DIRECTION,"FIVE POINT, OR MORE",,STRAIGHT AND LEVEL,DRY,NO DEFECTS,ON SCENE,NO INJURY / DRIVE AWAY,Y,,Y,$500 OR LESS,07/07/2025 09:55:00 AM,IMPROPER OVERTAKING/PASSING,IMPROPER OVERTAKING/PASSING,699,S,DAMEN AVE,1225,,,,,,,2,NO INDICATION OF INJURY,0,0,0,0,0,2,0,9,2,7,41.8733465258,-87.6762915407,POINT (-87.676291540725 41.87334652581)
8b675b80f6fddbddbd89dc26bb520902c97a2acc59e947095a8f3cee0929590398bbae68465699251bf1533bd14e3f504003d98879913400d32cace11302e2e9,,07/07/2025 09:45:00 AM,30,STOP SIGN/FLASHER,OTHER,CLEAR,DAYLIGHT,ANGLE,UNKNOWN INTERSECTION TYPE,,STRAIGHT AND LEVEL,DRY,NO DEFECTS,,NO INJURY / DRIVE AWAY,Y,,,"OVER $1,500",07/07/2025 10:30:00 AM,NOT APPLICABLE,NOT APPLICABLE,6246,W,BRYN MAWR AVE,1622,,,,,,,2,NO INDICATION OF INJURY,0,0,0,0,0,2,0,9,2,7,41.9830084932,-87.7844988352,POINT (-87.784498835187 41.983008493189)
fa883456d66773fb68dfcf4ec472dc9117971a3da9ff8144f8d16d2012b3e59c494c2a9dec91230dcb02ee4f1c255fd0327408d6ba20071bb83ecb23b49c004c,,07/07/2025 09:45:00 AM,30,NO CONTROLS,NO CONTROLS,CLEAR,DAYLIGHT,REAR END,NOT DIVIDED,,STRAIGHT AND LEVEL,DRY,UNKNOWN,ON SCENE,NO INJURY / DRIVE AWAY,,,,"OVER $1,500",07/07/2025 09:45:00 AM,UNABLE TO DETERMINE,UNABLE TO DETERMINE,2236,S,WENTWORTH AVE,914,,,,,,,2,NO INDICATION OF INJURY,0,0,0,0,0,6,0,9,2,7,41.8518343937,-87.6321370748,POINT (-87.632137074801 41.851834393749)
713271f0a8ec9fd7076bb308db7120cfd207f0b5ae289eff5e0cd81441a4616c5599e41720c3275c11927f25b0b940007be00748e9cc31151bcce5a851cfd539,,07/07/2025 09:37:00 AM,25,NO CONTROLS,NO CONTROLS,CLEAR,DAYLIGHT,PARKED MOTOR VEHICLE,NOT DIVIDED,,STRAIGHT AND LEVEL,DRY,NO DEFECTS,NOT ON SCENE (DESK REPORT),NO INJURY / DRIVE AWAY,,,Y,"OVER $1,500",07/09/2025 06:18:00 PM,FAILING TO REDUCE SPEED TO AVOID CRASH,NOT APPLICABLE,1550,W,CARROLL AVE,1215,,,,,,,2,NO INDICATION OF INJURY,0,0,0,0,0,1,0,9,2,7,41.8875048771,-87.6663587362,POINT (-87.666358736221 41.887504877106)
00333e3bbe09ffacdc640b3a85e92f55a8984095ee60412078c06d4334b35d4ec964fabf1daf25b75c21c182a60c686d469bb45665d6f6ca5b6a702c9c1ae95f,,07/07/2025 09:31:00 AM,30,TRAFFIC SIGNAL,FUNCTIONING PROPERLY,CLEAR,DAYLIGHT,SIDESWIPE SAME DIRECTION,ONE-WAY,,STRAIGHT AND LEVEL,DRY,NO DEFECTS,NOT ON SCENE (DESK REPORT),NO INJURY / DRIVE AWAY,,,Y,$500 OR LESS,07/07/2025 10:47:00 AM,UNABLE TO DETERMINE,NOT APPLICABLE,1600,W,VAN BUREN ST,1231,,,,,,,2,NO INDICATION OF INJURY,0,0,0,0,0,2,0,9,2,7,41.8764609273,-87.6667076507,POINT (-87.666707650735 41.876460927341)
a3aa0df74868b24e0f8515db9acb93adc3c0b406930a6ea3feb69b87860c7d4ce4d606bce14453c6ea505f8d62240753c9c952e4f609f9f719f56c343efa2fb8,,07/07/2025 09:30:00 AM,30,NO CONTROLS,NO CONTROLS,CLEAR,DAYLIGHT,PARKED MOTOR VEHICLE,ONE-WAY,,STRAIGHT AND LEVEL,DRY,NO DEFECTS,ON SCENE,INJURY AND / OR TOW DUE TO CRASH,,,Y,"OVER $1,500",07/07/2025 09:32:00 AM,UNABLE TO DETERMINE,UNABLE TO DETERMINE,600,E,90TH PL,633,,,,,,,2,NO INDICATION OF INJURY,0,0,0,0,0,1,0,9,2,7,41.7302993864,-87.609395263,POINT (-87.609395263031 41.730299386404)
b226abbb67bcb17206d35e1961dcdcd10e924719e4234b02d96fc0352d2be9bda5447e8e32c901cdb50a326c83844652b2f65e52745bd31542c9fc71c25dbbfd,,07/07/2025 09:30:00 AM,30,TRAFFIC SIGNAL,FUNCTIONING PROPERLY,CLEAR,DAYLIGHT,ANGLE,NOT DIVIDED,,STRAIGHT AND LEVEL,DRY,NO DEFECTS,NOT ON SCENE (DESK REPORT),NO INJURY / DRIVE AWAY,Y,,,"OVER $1,500",07/07/2025 10:20:00 AM,DRIVING SKILLS/KNOWLEDGE/EXPERIENCE,DRIVING SKILLS/KNOWLEDGE/EXPERIENCE,100,W,71ST ST,731,Y,Y,,,,,2,NO INDICATION OF INJURY,0,0,0,0,0,2,0,9,2,7,41.7655637751,-87.6279355504,POINT (-87.627935550436 41.765563775096)
c5fb27eb09fbf5045c39288afa51ed31537d3b626ce35d098dd7e0d3fa88750e9dab5f8f046db611891798addff647307e645dcf6da94a7d72dcd77c7a7cfe64,,07/07/2025 09:30:00 AM,30,STOP SIGN/FLASHER,FUNCTIONING PROPERLY,CLEAR,DAYLIGHT,ANGLE,NOT DIVIDED,,STRAIGHT AND LEVEL,DRY,NO DEFECTS,NOT ON SCENE (DESK REPORT),NO INJURY / DRIVE AWAY,Y,,,"OVER $1,500",07/07/2025 01:15:00 PM,FAILING TO YIELD RIGHT-OF-WAY,NOT APPLICABLE,3033,W,IRVING PARK RD,1733,,,,,,,2,NO INDICATION OF INJURY,0,0,0,0,0,2,0,9,2,7,41.9538319081,-87.7044912723,POINT (-87.704491272298 41.95383190814)
e865f943d9c3de3a03f0e68d7c964cc811f51067d67bad3101c0901c96462fddfc3a73cfb567f8c3c9601345499dec803c2f35b5a28b461899ce0d83468fbbd5,,07/07/2025 09:25:00 AM,30,TRAFFIC SIGNAL,FUNCTIONING PROPERLY,CLEAR,DAYLIGHT,REAR END,DIVIDED - W/MEDIAN (NOT RAISED),,STRAIGHT AND LEVEL,DRY,NO DEFECTS,NOT ON SCENE (DESK REPORT),NO INJURY / DRIVE AWAY,Y,,,"OVER $1,500",07/07/2025 04:25:00 PM,FOLLOWING TOO CLOSELY,UNABLE TO DETERMINE,2301,N,NARRAGANSETT AVE,2512,,,,,,,2,NO INDICATION OF INJURY,0,0,0,0,0,2,0,9,2,7,41.9219037905,-87.7852427154,POINT (-87.785242715366 41.9219037905)
502afeec1b36dffb8afc3a894c8948ceb5641102d5f91b5c4a560c1554cee78cea6f21026f89d587ecdc0ad4597e103aba1362e215ff32f24f81bf75d11a96f6,,07/07/2025 09:15:00 AM,30,NO CONTROLS,NO CONTROLS,CLEAR,DAYLIGHT,PARKED MOTOR VEHICLE,CENTER TURN LANE,,STRAIGHT AND LEVEL,DRY,NO DEFECTS,ON SCENE,NO INJURY / DRIVE AWAY,,,Y,"OVER $1,500",07/07/2025 09:20:00 AM,UNABLE TO DETERMINE,UNABLE TO DETERMINE,3350,W,LAWRENCE AVE,1713,,,,,,,2,NO INDICATION OF INJURY,0,0,0,0,0,1,0,9,2,7,41.9685135704,-87.7129671018,POINT (-87.712967101779 41.968513570382)
3c341d3fc5cc93e82895426fb20c1402df2f96e58a81a82a395b33c163c4b6945854d379687da5caf09187267e9195a8d2338214ca6e8f3a0083f174d373125c,,07/07/2025 09:10:00 AM,30,NO CONTROLS,NO CONTROLS,CLEAR,DAYLIGHT,PARKED MOTOR VEHICLE,PARKING LOT,,STRAIGHT AND LEVEL,DRY,NO DEFECTS,NOT ON SCENE (DESK REPORT),NO INJURY / DRIVE AWAY,,Y,,"$501 - $1,500",07/07/2025 10:30:00 AM,IMPROPER BACKING,NOT APPLICABLE,1441,W,MONTROSE AVE,1912,,,,,,,2,NO INDICATION OF INJURY,0,0,0,0,0,2,0,9,2,7,41.9615173191,-87.6665716109,POINT (-87.666571610866 41.961517319073)
5d8f0c1cdf924d002d5021a8ab43801e9ad506b3b710db544ff906a78a595dfb9408ac65e56290970118588502e7cdc37bd7dc4b179f8654be44e01a8af77ecf,,07/07/2025 09:10:00 AM,30,TRAFFIC SIGNAL,FUNCTIONING PROPERLY,CLEAR,DAYLIGHT,SIDESWIPE SAME DIRECTION,NOT DIVIDED,,STRAIGHT AND LEVEL,DRY,NO DEFECTS,NOT ON SCENE (DESK REPORT),NO INJURY / DRIVE AWAY,,,,"OVER $1,500",07/07/2025 09:50:00 AM,UNABLE TO DETERMINE,NOT APPLICABLE,5558,W,DIVERSEY AVE,2514,,,,,,,2,NO INDICATION OF INJURY,0,0,0,0,0,2,0,9,2,7,41.9313880819,-87.7661883639,POINT (-87.766188363873 41.931388081909)
b5134d36fc6402f7a019faeb1f2577fb9343850e2ab7cc862a2f5a50594fd91fb701bd50d1d8787ba2198abe790a65d6ed5445e31a4c4717cf0ea84df3c2b1cd,,07/07/2025 09:05:00 AM,10,NO CONTROLS,NO CONTROLS,CLEAR,DAYLIGHT,PARKED MOTOR VEHICLE,PARKING LOT,,STRAIGHT AND LEVEL,DRY,NO DEFECTS,NOT ON SCENE (DESK REPORT),NO INJURY / DRIVE AWAY,,,Y,"OVER $1,500",08/25/2025 11:50:00 AM,UNABLE TO DETERMINE,NOT APPLICABLE,6585,N,AVONDALE AVE,1612,,,,,,,2,NO INDICATION OF INJURY,0,0,0,0,0,1,0,9,2,7,42.0001120805,-87.8154358336,POINT (-87.815435833631 42.000112080465)
7d5f0094047b1bb031571dff815450a7706e53225ef8f6eb7b9c95d5023b92fe5f0aff25c69e5c708b5d89f70230bca0e048eaef1a4522ab17a1ad77336dc068,,07/07/2025 09:00:00 AM,30,TRAFFIC SIGNAL,FUNCTIONING PROPERLY,CLEAR,DAYLIGHT,SIDESWIPE SAME DIRECTION,ONE-WAY,,STRAIGHT AND LEVEL,DRY,NO DEFECTS,NOT ON SCENE (DESK REPORT),NO INJURY / DRIVE AWAY,,,Y,"OVER $1,500",07/07/2025 11:05:00 AM,UNABLE TO DETERMINE,UNABLE TO DETERMINE,70,W,MADISON ST,112,,,,,,,2,NO INDICATION OF INJURY,0,0,0,0,0,2,0,9,2,7,41.8820933673,-87.6303916446,POINT (-87.630391644627 41.882093367301)
3738d997db07625367491818ea90c068ac5a372dbdc48b5803ade14512953cb24f57c502aa24bb36b0c252a20ed32ee3e5dc3eda5ac4559c6d581ca1d164a1ea,,07/07/2025 08:55:00 AM,30,TRAFFIC SIGNAL,FUNCTIONING PROPERLY,CLEAR,DAYLIGHT,ANGLE,FOUR WAY,,STRAIGHT AND LEVEL,DRY,NO DEFECTS,ON SCENE,NO INJURY / DRIVE AWAY,Y,,Y,"OVER $1,500",07/07/2025 09:05:00 AM,DISREGARDING TRAFFIC SIGNALS,"OPERATING VEHICLE IN ERRATIC, RECKLESS, CARELESS, NEGLIGENT OR AGGRESSIVE MANNER",4800,W,GRAND AVE,2533,,,,,,,2,NO INDICATION OF INJURY,0,0,0,0,0,3,0,8,2,7,41.9140601958,-87.7460277339,POINT (-87.746027733918 41.914060195761)
85491e95acaf4ea02661d559b9254777ed0e79391a3a40862a2e9c736ab406fed0909eeff142a74f2dbe3c04684c8da3bdb030958c450ca3d4963cca1ca31fa0,,07/07/2025 08:45:00 AM,30,TRAFFIC SIGNAL,FUNCTIONING PROPERLY,CLEAR,DAYLIGHT,TURNING,FOUR WAY,,STRAIGHT AND LEVEL,DRY,NO DEFECTS,NOT ON SCENE (DESK REPORT),NO INJURY / DRIVE AWAY,,,,"OVER $1,500",07/07/2025 09:10:00 AM,FAILING TO YIELD RIGHT-OF-WAY,NOT APPLICABLE,1600,N,WELLS ST,1814,,,,,,,2,NO INDICATION OF INJURY,0,0,0,0,0,3,0,8,2,7,41.9111954195,-87.6348588835,POINT (-87.634858883507 41.911195419487)
854add8a7c435ded5d9b73ca27ce19921bf1f1e051911c2c4f54abbe6e8d2e9bfe36e32d007d4aeb2c2ca75a280b7650e786381f23323f227eec02fe96670a18,,07/07/2025 08:40:00 AM,30,TRAFFIC SIGNAL,NO CONTROLS,CLEAR,DAYLIGHT,REAR END,DIVIDED - W/MEDIAN BARRIER,,STRAIGHT AND LEVEL,DRY,NO DEFECTS,ON SCENE,INJURY AND / OR TOW DUE TO CRASH,,,,"OVER $1,500",07/07/2025 08:41:00 AM,"DISTRACTION - OTHER ELECTRONIC DEVICE (NAVIGATION DEVICE, DVD PLAYER, ETC.)",FOLLOWING TOO CLOSELY,440,W,CERMAK RD,914,,,,,,,2,NO INDICATION OF INJURY,0,0,0,0,0,3,0,8,2,7,41.8529019215,-87.6385180458,POINT (-87.63851804585 41.852901921461)