CRASH_RECORD_ID,CRASH_DATE_EST_I,CRASH_DATE,POSTED_SPEED_LIMIT,TRAFFIC_CONTROL_DEVICE,DEVICE_CONDITION,WEATHER_CONDITION,LIGHTING_CONDITION,FIRST_CRASH_TYPE,TRAFFICWAY_TYPE,LANE_CNT,ALIGNMENT,ROADWAY_SURFACE_COND,ROAD_DEFECT,REPORT_TYPE,CRASH_TYPE,INTERSECTION_RELATED_I,NOT_RIGHT_OF_WAY_I,HIT_AND_RUN_I,DAMAGE,DATE_POLICE_NOTIFIED,PRIM_CONTRIBUTORY_CAUSE,SEC_CONTRIBUTORY_CAUSE,STREET_NO,STREET_DIRECTION,STREET_NAME,BEAT_OF_OCCURRENCE,PHOTOS_TAKEN_I,STATEMENTS_TAKEN_I,DOORING_I,WORK_ZONE_I,WORK_ZONE_TYPE,WORKERS_PRESENT_I,NUM_UNITS,MOST_SEVERE_INJURY,INJURIES_TOTAL,INJURIES_FATAL,INJURIES_INCAPACITATING,INJURIES_NON_INCAPACITATING,INJURIES_REPORTED_NOT_EVIDENT,INJURIES_NO_INDICATION,INJURIES_UNKNOWN,CRASH_HOUR,CRASH_DAY_OF_WEEK,CRASH_MONTH,LATITUDE,LONGITUDE,LOCATION
ed4eb82e1a4e4b26c7352604c5933b6fee8ccb7b9f868180a373c147f2792a2ec568dd745c8db301cb3f4e6abfef4ef793ab3269b7ae9abb59ee3e16152f55d0,Y,07/07/2025 08:40:00 AM,30,TRAFFIC SIGNAL,FUNCTIONING PROPERLY,CLEAR,DAYLIGHT,SIDESWIPE SAME DIRECTION,CENTER TURN LANE,,STRAIGHT AND LEVEL,DRY,NO DEFECTS,ON SCENE,INJURY AND / OR TOW DUE TO CRASH,,,,"OVER $1,500",07/07/2025 09:02:00 AM,FAILING TO YIELD RIGHT-OF-WAY,FAILING TO REDUCE SPEED TO AVOID CRASH,5555,N,KEDZIE AVE,1712,,,,,,,3,NO INDICATION OF INJURY,0,0,0,0,0,3,0,8,2,7,41.9828676081,-87.7087096252,POINT (-87.708709625242 41.982867608127)
65c82fec9b124893cd356b0532b37c4e707816df2f55df17aa23ce83f7eba2607f94356d695b8fbce0eaac3fb05f36c8e2b36ee472a2fa1e533974bd597045b3,,07/07/2025 08:38:00 AM,30,TRAFFIC SIGNAL,FUNCTIONING PROPERLY,CLEAR,DAYLIGHT,PEDESTRIAN,FOUR WAY,,STRAIGHT AND LEVEL,DRY,NO DEFECTS,ON SCENE,INJURY AND / OR TOW DUE TO CRASH,Y,,,$500 OR LESS,07/07/2025 08:41:00 AM,FAILING TO YIELD RIGHT-OF-WAY,FAILING TO REDUCE SPEED TO AVOID CRASH,9900,S,VINCENNES AVE,2213,,,,,,,2,"REPORTED, NOT EVIDENT",1,0,0,0,1,1,0,8,2,7,41.7139794991,-87.6535123131,POINT (-87.653512313106 41.713979499108)
0a6b614e8825b9dfe2d7830e7e28db44e8be410fd4362aaab091a44f1a3539a9a7987d59876c8cc7c975ebf283a1add8fe616490e5942171b6c22f070b61c854,,07/07/2025 08:35:00 AM,30,STOP SIGN/FLASHER,NO CONTROLS,CLEAR,DAYLIGHT,TURNING,DIVIDED - W/MEDIAN (NOT RAISED),,STRAIGHT AND LEVEL,DRY,NO DEFECTS,ON SCENE,INJURY AND / OR TOW DUE TO CRASH,,,,"OVER $1,500",07/07/2025 08:35:00 AM,PHYSICAL CONDITION OF DRIVER,PHYSICAL CONDITION OF DRIVER,2103,N,PULASKI RD,2525,,,,,,,2,NONINCAPACITATING INJURY,3,0,0,2,1,6,0,8,2,7,41.9191002767,-87.7264707998,POINT (-87.726470799759 41.919100276677)
0ad6f30dda77c9b4281abd44d3df770e0b074dbfa6b8d029054e643d725845d7a1fb7af66c8fc61dbfe070cc52d458b9eec7379593de0fee6b2b1f5392677e2e,,07/07/2025 08:34:00 AM,15,NO CONTROLS,NO CONTROLS,CLEAR,DAYLIGHT,FIXED OBJECT,ALLEY,,STRAIGHT AND LEVEL,DRY,NO DEFECTS,NOT ON SCENE (DESK REPORT),NO INJURY / DRIVE AWAY,,,,$500 OR LESS,07/07/2025 01:15:00 PM,UNABLE TO DETERMINE,NOT APPLICABLE,2222,W,ARTHUR AVE,2412,,,,,,,1,NO INDICATION OF INJURY,0,0,0,0,0,2,0,8,2,7,41.9997192129,-87.6860531384,POINT (-87.68605313836 41.999719212866)
f0134a193a9f165aa5bdb5c0d5c2d6947de7f12dd68893c162ecfdde33fd04c01b229d1ffd8d24e1a18163034b13a460b45e1e05ea927cb6096c7c61ca6ac206,,07/07/2025 08:21:00 AM,15,NO CONTROLS,NO CONTROLS,CLEAR,DAYLIGHT,PARKED MOTOR VEHICLE,PARKING LOT,,STRAIGHT AND LEVEL,DRY,UNKNOWN,NOT ON SCENE (DESK REPORT),NO INJURY / DRIVE AWAY,,,,"OVER $1,500",07/07/2025 09:00:00 AM,UNABLE TO DETERMINE,UNABLE TO DETERMINE,2247,N,MILWAUKEE AVE,1431,,,,,,,2,NO INDICATION OF INJURY,0,0,0,0,0,2,0,8,2,7,41.9216965746,-87.6951526762,POINT (-87.695152676223 41.921696574579)
5fa01f0628d8b6fbc5c1d90aec7bd6e734ace65e3276bb5d13ce76355935372986c344cc847d23cc64298a09864759496f7ae47ba76044ec88b4abd878ada625,,07/07/2025 08:20:00 AM,30,TRAFFIC SIGNAL,FUNCTIONING PROPERLY,CLEAR,DAYLIGHT,PARKED MOTOR VEHICLE,ONE-WAY,,STRAIGHT AND LEVEL,DRY,NO DEFECTS,ON SCENE,NO INJURY / DRIVE AWAY,,,Y,"OVER $1,500",07/07/2025 07:21:00 PM,FAILING TO REDUCE SPEED TO AVOID CRASH,FAILING TO REDUCE SPEED TO AVOID CRASH,1650,W,ADAMS ST,1224,,,,,,,2,NO INDICATION OF INJURY,0,0,0,0,0,1,0,8,2,7,41.8789727803,-87.6687996953,POINT (-87.668799695319 41.878972780266)
50b68514423a68e152ccd203be20d73ce186b1e549cb003991ed8397466e41ecaf5327f9782993111e68ec3717c3b6cf4aeea479b12453933bf4aaf550ccde90,,07/07/2025 08:19:00 AM,30,TRAFFIC SIGNAL,FUNCTIONING PROPERLY,CLEAR,"DARKNESS, LIGHTED ROAD",REAR END,FOUR WAY,,STRAIGHT AND LEVEL,DRY,NO DEFECTS,ON SCENE,NO INJURY / DRIVE AWAY,Y,,,"OVER $1,500",07/07/2025 08:22:00 AM,FOLLOWING TOO CLOSELY,DRIVING SKILLS/KNOWLEDGE/EXPERIENCE,339,N,COLUMBUS DR,114,,,,,,,2,NO INDICATION OF INJURY,0,0,0,0,0,3,0,8,2,7,41.8877583368,-87.6205374165,POINT (-87.62053741652 41.887758336823)
b4f0fbcb96a0bc1c06f6eb46192c7643bfa2d2c408bdd02b997316f9cabff5520c4c8bd76248d509b666fc51f5f412089013e6abb2fbd96e11853db9d4810859,,07/07/2025 08:15:00 AM,30,TRAFFIC SIGNAL,FUNCTIONING PROPERLY,CLEAR,DAYLIGHT,REAR END,NOT DIVIDED,,STRAIGHT AND LEVEL,DRY,NO DEFECTS,NOT ON SCENE (DESK REPORT),NO INJURY / DRIVE AWAY,,,,"OVER $1,500",07/07/2025 08:30:00 AM,FOLLOWING TOO CLOSELY,FAILING TO REDUCE SPEED TO AVOID CRASH,5567,W,DEVON AVE,1621,,,,,,,2,NO INDICATION OF INJURY,0,0,0,0,0,2,0,8,2,7,41.9971362258,-87.7679514025,POINT (-87.767951402542 41.997136225793)
bb38f4227ebca6b5b6485728b671893bd9b25d79a18fac52b2803ad1e3bc7bf66b43954b1ded3cba5900d2932150e866fb13e29abbe52a062aa8dbea7438f00d,,07/07/2025 08:15:00 AM,30,STOP SIGN/FLASHER,FUNCTIONING PROPERLY,CLEAR,DAYLIGHT,PARKED MOTOR VEHICLE,FOUR WAY,,STRAIGHT AND LEVEL,DRY,UNKNOWN,ON SCENE,NO INJURY / DRIVE AWAY,Y,,,"OVER $1,500",07/07/2025 08:30:00 AM,DRIVING SKILLS/KNOWLEDGE/EXPERIENCE,UNABLE TO DETERMINE,2629,W,66TH ST,831,,,,,,,2,NO INDICATION OF INJURY,0,0,0,0,0,2,0,8,2,7,41.7735716124,-87.6895298365,POINT (-87.689529836527 41.773571612369)
58227676eae4bcbcb418dc91fa14b544bbcacbe31a7224567d94bf47669583288b574f0e9c04559489ec669b50f6ee7c801b1c471d2cf313a734c9ee418d269d,,07/07/2025 08:13:00 AM,30,TRAFFIC SIGNAL,FUNCTIONING PROPERLY,CLEAR,DAYLIGHT,PARKED MOTOR VEHICLE,NOT DIVIDED,,STRAIGHT AND LEVEL,DRY,NO DEFECTS,ON SCENE,NO INJURY / DRIVE AWAY,,,,"OVER $1,500",07/07/2025 08:13:00 AM,FOLLOWING TOO CLOSELY,FOLLOWING TOO CLOSELY,1056,S,WABASH AVE,123,,,,,,,2,NO INDICATION OF INJURY,0,0,0,0,0,1,0,8,2,7,41.8692995905,-87.6260227655,POINT (-87.626022765494 41.869299590513)
82f6bd20e3ccac687204b5b2e31634aa32ed207e374f16c061135a3c5be70a87d0df79c6d6473b0c2c73905cfe924b27b598b536c257d190518c207972498ef8,,07/07/2025 08:10:00 AM,35,NO CONTROLS,NO CONTROLS,CLEAR,DAYLIGHT,TURNING,DIVIDED - W/MEDIAN (NOT RAISED),,STRAIGHT AND LEVEL,DRY,NO DEFECTS,ON SCENE,INJURY AND / OR TOW DUE TO CRASH,,,,"OVER $1,500",07/07/2025 08:15:00 AM,FAILING TO YIELD RIGHT-OF-WAY,FAILING TO YIELD RIGHT-OF-WAY,2415,W,CERMAK RD,1034,,,,,,,3,NONINCAPACITATING INJURY,1,0,0,1,0,1,0,8,2,7,41.851918189,-87.6863127286,POINT (-87.686312728597 41.851918188993)
8554a0101423853ec4a321c2c87ce36c9b2183647354cda9bd0924a505c567d49aa8514c600091e821fd25d96d957b3c9d1f4a3511b5e02d5f72bb753571322a,,07/07/2025 08:10:00 AM,35,NO CONTROLS,NO CONTROLS,CLEAR,DAYLIGHT,PARKED MOTOR VEHICLE,NOT DIVIDED,,STRAIGHT AND LEVEL,DRY,NO DEFECTS,NOT ON SCENE (DESK REPORT),NO INJURY / DRIVE AWAY,,,Y,"$501 - $1,500",07/07/2025 04:45:00 PM,UNABLE TO DETERMINE,NOT APPLICABLE,3307,N,PITTSBURGH AVE,1631,,,,,,,2,NO INDICATION OF INJURY,0,0,0,0,0,1,0,8,2,7,41.9395854594,-87.8323668372,POINT (-87.83236683718 41.939585459366)
9b595b6129bdae3ae6f01d4c10e8b2146e0412ff159283e50d763276cbc34711cce572276bf6d0a09fb87e3c064f213730479bd6f9379f89d2fa8d448abe1c10,,07/07/2025 08:10:00 AM,30,NO CONTROLS,NO CONTROLS,CLEAR,DAYLIGHT,PARKED MOTOR VEHICLE,NOT DIVIDED,,STRAIGHT AND LEVEL,DRY,NO DEFECTS,ON SCENE,INJURY AND / OR TOW DUE TO CRASH,,,Y,"OVER $1,500",07/07/2025 08:16:00 AM,FAILING TO REDUCE SPEED TO AVOID CRASH,FAILING TO REDUCE SPEED TO AVOID CRASH,850,W,ADAMS ST,1232,,,,,,,2,"REPORTED, NOT EVIDENT",1,0,0,0,1,0,0,8,2,7,41.8792936086,-87.6493207617,POINT (-87.649320761701 41.879293608551)
affb2adb9b2fe4683222a4e1dc5219e08b09808bd2fc9491fc993d2c9f9d95bcc8f2439cb79181288e874b3646585d1e5607ad2c09663a26dedb56911d9aa271,N,07/07/2025 08:05:00 AM,30,NO CONTROLS,NO CONTROLS,CLEAR,DAYLIGHT,REAR END,ONE-WAY,,STRAIGHT AND LEVEL,DRY,NO DEFECTS,ON SCENE,INJURY AND / OR TOW DUE TO CRASH,,,Y,"$501 - $1,500",07/07/2025 08:16:00 AM,FAILING TO REDUCE SPEED TO AVOID CRASH,FAILING TO REDUCE SPEED TO AVOID CRASH,1233,W,ADAMS ST,1231,,,,,,,2,"REPORTED, NOT EVIDENT",2,0,0,0,2,0,0,8,2,7,41.8789287326,-87.6583428602,POINT (-87.658342860157 41.878928732612)
8996c32cb0e7e9938e80a89127a69cbcc047d0a76cca8ed2b179de1820d1f97847a723276f2606c72f9074b00530ee15770c61a40d663b15a7035a52f040dba0,,07/07/2025 08:04:00 AM,30,NO CONTROLS,NO CONTROLS,CLEAR,DAYLIGHT,TURNING,NOT DIVIDED,,STRAIGHT AND LEVEL,DRY,NO DEFECTS,ON SCENE,INJURY AND / OR TOW DUE TO CRASH,,,,"OVER $1,500",07/07/2025 08:09:00 AM,IMPROPER TURNING/NO SIGNAL,NOT APPLICABLE,4838,S,PRAIRIE AVE,224,,,,,,,4,NONINCAPACITATING INJURY,1,0,0,1,0,1,0,8,2,7,41.8063493935,-87.6196605389,POINT (-87.619660538891 41.806349393471)
501e45b5006dea48f075a401dd02b6f7839f89bc3573f0028ed96f29520ef708df752358b3e4a7e5b39d71518f9a5e0084a5a19cc24a97c8fe0c3d7679ab6ca1,,07/07/2025 08:00:00 AM,35,NO CONTROLS,NO CONTROLS,CLEAR,DAYLIGHT,SIDESWIPE SAME DIRECTION,NOT DIVIDED,,STRAIGHT AND LEVEL,DRY,NO DEFECTS,NOT ON SCENE (DESK REPORT),NO INJURY / DRIVE AWAY,,,,"OVER $1,500",07/07/2025 08:25:00 AM,UNABLE TO DETERMINE,UNABLE TO DETERMINE,3800,N,ASHLAND AVE,1922,,,,,,,2,NO INDICATION OF INJURY,0,0,0,0,0,2,0,8,2,7,41.9507274037,-87.6691067997,POINT (-87.669106799694 41.950727403699)
b81cf21c85dfa78f79427aaf24416cfa1a01ee74bf7d9f5926f7c79203b54d008202b37256bfba11092142fd9163c898ef48eff1c969cb730a3d0a7ce22317d0,Y,07/07/2025 08:00:00 AM,30,NO CONTROLS,NO CONTROLS,UNKNOWN,UNKNOWN,PARKED MOTOR VEHICLE,NOT DIVIDED,,STRAIGHT AND LEVEL,UNKNOWN,NO DEFECTS,ON SCENE,NO INJURY / DRIVE AWAY,,,Y,"OVER $1,500",07/07/2025 08:10:00 AM,UNABLE TO DETERMINE,NOT APPLICABLE,3616,W,25TH ST,1013,,,,,,,3,NO INDICATION OF INJURY,0,0,0,0,0,1,0,8,2,7,41.8463225336,-87.7156381219,POINT (-87.715638121916 41.846322533569)
77cfc8e9727b32c6dd581b2dcec90d58a31c870960823e8affdebc20f5a429cf43370f59a752d176df953bcf1cbe992fa18e03e482bffa8ea8fed7ad4db21629,,07/07/2025 07:55:00 AM,30,NO CONTROLS,NO CONTROLS,CLEAR,DAYLIGHT,SIDESWIPE OPPOSITE DIRECTION,ONE-WAY,,STRAIGHT AND LEVEL,DRY,NO DEFECTS,NOT ON SCENE (DESK REPORT),NO INJURY / DRIVE AWAY,,,Y,"OVER $1,500",07/07/2025 08:10:00 AM,"OPERATING VEHICLE IN ERRATIC, RECKLESS, CARELESS, NEGLIGENT OR AGGRESSIVE MANNER",NOT APPLICABLE,399,W,SCHILLER ST,1821,,,,,,,2,NO INDICATION OF INJURY,0,0,0,0,0,6,0,7,2,7,41.9074918034,-87.6384318265,POINT (-87.638431826494 41.907491803406)
5a756f3a79c92b0abb770506d13b8430eb58733600144ee49595891fafdb0a14d69b37bc77cf5df12518a917a7a8893b6937aad639b85a18532e404bea592ccc,,07/07/2025 07:50:00 AM,30,NO CONTROLS,NO CONTROLS,CLEAR,DAYLIGHT,PEDALCYCLIST,T-INTERSECTION,,STRAIGHT AND LEVEL,DRY,NO DEFECTS,ON SCENE,INJURY AND / OR TOW DUE TO CRASH,Y,,,"$501 - $1,500",07/07/2025 08:09:00 AM,UNABLE TO DETERMINE,UNABLE TO DETERMINE,3232,W,47TH ST,821,,,,,,,2,NONINCAPACITATING INJURY,1,0,0,1,0,1,0,7,2,7,41.8082133495,-87.7053260933,POINT (-87.705326093333 41.80821334955)
8a0cd734e28b0e598fcba8f2dc408f3ebec862a18e998ab9dcc464e8535075f065980d50de8df3da7b34d7c7d463eed0c61dd9cd322c6d0d11fb4bb86ba19e9d,,07/07/2025 07:50:00 AM,20,STOP SIGN/FLASHER,FUNCTIONING PROPERLY,CLEAR,DAYLIGHT,TURNING,FOUR WAY,,STRAIGHT AND LEVEL,DRY,NO DEFECTS,ON SCENE,INJURY AND / OR TOW DUE TO CRASH,Y,,,"$501 - $1,500",07/07/2025 07:50:00 AM,UNABLE TO DETERMINE,UNABLE TO DETERMINE,1300,N,SEDGWICK ST,1821,,Y,,,,,2,NO INDICATION OF INJURY,0,0,0,0,0,2,0,7,2,7,41.9055478002,-87.6385641231,POINT (-87.638564123055 41.905547800213)
0e9ac79af9bf915b4a4eca44be142d6949b6e2033be732eb26101ed88f741e0108638fdae946246996fc35c72cf872744e220403c2737cd7d5021d5a104506ca,,07/07/2025 07:45:00 AM,30,NO CONTROLS,NO CONTROLS,UNKNOWN,UNKNOWN,PARKED MOTOR VEHICLE,ONE-WAY,,STRAIGHT AND LEVEL,UNKNOWN,UNKNOWN,NOT ON SCENE (DESK REPORT),NO INJURY / DRIVE AWAY,,,Y,"OVER $1,500",07/07/2025 08:30:00 PM,UNABLE TO DETERMINE,UNABLE TO DETERMINE,6410,N,WASHTENAW AVE,2412,,,,,,,2,NO INDICATION OF INJURY,0,0,0,0,0,1,0,7,2,7,41.9979750897,-87.6973668478,POINT (-87.697366847843 41.997975089689)
d3d245ba85360bca28dbcc82311270f96798353db6ad7477cfab0e236c8c53adbc23953262f916750747c26f88243a86f8e07de1bc0cfcc8edfa710d0c23606c,,07/07/2025 07:42:00 AM,30,NO CONTROLS,NO CONTROLS,CLEAR,DAYLIGHT,REAR END,NOT DIVIDED,,STRAIGHT AND LEVEL,DRY,NO DEFECTS,ON SCENE,INJURY AND / OR TOW DUE TO CRASH,,,,"OVER $1,500",07/07/2025 07:45:00 AM,FOLLOWING TOO CLOSELY,UNABLE TO DETERMINE,3327,S,ASHLAND AVE,912,,,,,,,2,NO INDICATION OF INJURY,0,0,0,0,0,2,0,7,2,7,41.8333685918,-87.6654836298,POINT (-87.665483629832 41.833368591808)
db60e6e295e127869f797a3d70a8f44960272e837c39cf95a7ff7d144609b4f824401e8344f67206325080536aad9405e2f1bab77695ed47bd33c96fdcff8754,,07/07/2025 07:39:00 AM,45,TRAFFIC SIGNAL,FUNCTIONING PROPERLY,CLEAR,DAYLIGHT,SIDESWIPE SAME DIRECTION,OTHER,,STRAIGHT AND LEVEL,DRY,NO DEFECTS,NOT ON SCENE (DESK REPORT),NO INJURY / DRIVE AWAY,Y,,,"OVER $1,500",07/07/2025 02:05:00 PM,UNABLE TO DETERMINE,NOT APPLICABLE,801,S,LAKE SHORE DR SB,114,,,,,,,2,NO INDICATION OF INJURY,0,0,0,0,0,2,0,7,2,7,41.8719124671,-87.6169070247,POINT (-87.616907024719 41.871912467145)
2e9d69c581f3c7a1afd4836b76eb9a9dcbcb248d55fa477f9f9a760dd4d93dde2f51310af32e154e272ac06092432dde1900e0517bd915c3685852cd36958f19,,07/07/2025 07:30:00 AM,20,NO CONTROLS,NO CONTROLS,CLEAR,"DARKNESS, LIGHTED ROAD",PARKED MOTOR VEHICLE,ONE-WAY,,STRAIGHT AND LEVEL,DRY,NO DEFECTS,NOT ON SCENE (DESK REPORT),NO INJURY / DRIVE AWAY,,,Y,"OVER $1,500",07/07/2025 08:50:00 AM,UNABLE TO DETERMINE,UNABLE TO DETERMINE,3540,W,60TH PL,823,,,,,,,2,NO INDICATION OF INJURY,0,0,0,0,0,1,0,7,2,7,41.7834919781,-87.7121643402,POINT (-87.712164340151 41.783491978136)
6e1a4706706587a504cb066e75ed0d549e0ea92bb4553f3a02eaca03e6ef4648628089d5d2d003278bd7c0a42b72906c17d2849f0cda101325bc1bdda4a11d73,,07/07/2025 07:30:00 AM,30,NO CONTROLS,NO CONTROLS,CLEAR,DAYLIGHT,REAR END,NOT DIVIDED,,STRAIGHT AND LEVEL,UNKNOWN,UNKNOWN,NOT ON SCENE (DESK REPORT),NO INJURY / DRIVE AWAY,,,,"OVER $1,500",07/07/2025 08:30:00 AM,NOT APPLICABLE,NOT APPLICABLE,1414,S,WESTERN AVE,1023,,,,,,,2,NO INDICATION OF INJURY,0,0,0,0,0,2,0,7,2,7,41.8625310075,-87.6860705096,POINT (-87.686070509575 41.862531007472)
ed89fa0c0c7a22eae017755744819902c044d4d97096af92edcc080aad91328d63c1cc2ee99280a58c28b7e9193ad83f3442999333c1904ff7c5183ea69ab082,,07/07/2025 07:10:00 AM,30,NO CONTROLS,NO CONTROLS,CLEAR,UNKNOWN,PARKED MOTOR VEHICLE,NOT DIVIDED,,STRAIGHT AND LEVEL,DRY,NO DEFECTS,ON SCENE,NO INJURY / DRIVE AWAY,,,Y,"OVER $1,500",07/07/2025 07:49:00 AM,UNABLE TO DETERMINE,UNABLE TO DETERMINE,365,E,69TH ST,322,,,,,,,2,NO INDICATION OF INJURY,0,0,0,0,0,1,0,7,2,7,41.7692162894,-87.6160758551,POINT (-87.616075855119 41.769216289429)
0e24356b5e6a6b0e8a5050569f27479a2634f9f63efc7fff560369fd6f4103927d939e7ca4baee82eb34b7c37e5a4028b22d951a323a05ce4701fc708cd31107,,07/07/2025 07:00:00 AM,35,NO CONTROLS,NO CONTROLS,CLEAR,DAYLIGHT,REAR END,NOT DIVIDED,,STRAIGHT AND LEVEL,DRY,NO DEFECTS,NOT ON SCENE (DESK REPORT),NO INJURY / DRIVE AWAY,,,Y,"OVER $1,500",07/07/2025 07:20:00 AM,UNABLE TO DETERMINE,UNABLE TO DETERMINE,4000,N,ASHLAND AVE,1912,,,,,,,2,NO INDICATION OF INJURY,0,0,0,0,0,2,0,7,2,7,41.9543793262,-87.6691991198,POINT (-87.669199119804 41.954379326213)
b18d915b7ffdb70058ecbbf37112dd562eb78f4c33387351c8cb5e37089b1b4c6daca886d3c672010390e8916ec55388e5a50ae398593f4f413578342b77b034,,07/07/2025 07:00:00 AM,30,TRAFFIC SIGNAL,FUNCTIONING IMPROPERLY,CLEAR,DAYLIGHT,TURNING,OTHER,,STRAIGHT AND LEVEL,DRY,NO DEFECTS,ON SCENE,NO INJURY / DRIVE AWAY,,,,"OVER $1,500",07/07/2025 07:01:00 AM,IMPROPER LANE USAGE,IMPROPER LANE USAGE,150,W,CERMAK RD,914,,,,,,,2,NO INDICATION OF INJURY,0,0,0,0,0,2,0,7,2,7,41.8529713843,-87.6313964619,POINT (-87.63139646193 41.852971384276)
f4815c2de93a2fad894403ef833355bc9b39e1fd33b87ed52d4d30200aae237cc0f5c2e6ce9cf963015887a0a1a50a154b1b69327febff41bc10b942e2eb3d3c,,07/07/2025 07:00:00 AM,20,NO CONTROLS,NO CONTROLS,CLEAR,DAYLIGHT,PARKED MOTOR VEHICLE,PARKING LOT,,STRAIGHT AND LEVEL,UNKNOWN,UNKNOWN,NOT ON SCENE (DESK REPORT),NO INJURY / DRIVE AWAY,,,Y,"OVER $1,500",07/07/2025 06:50:00 PM,UNABLE TO DETERMINE,NOT APPLICABLE,401,N,CICERO AVE,1111,,,,,,,2,NO INDICATION OF INJURY,0,0,0,0,0,1,0,7,2,7,41.8879595082,-87.7454056687,POINT (-87.745405668746 41.887959508176)
3860f4f4f31dc61b3368904896e9276563cf0b3ba496e4edcb87622accc201c5bb5a3bf899844c9bdbbbf4b9a8aecbd9cab158002de6a26b865cae7bfbd972ca,,07/07/2025 06:50:00 AM,30,TRAFFIC SIGNAL,FUNCTIONING PROPERLY,CLEAR,DAYLIGHT,REAR END,FOUR WAY,,STRAIGHT AND LEVEL,DRY,NO DEFECTS,NOT ON SCENE (DESK REPORT),NO INJURY / DRIVE AWAY,Y,,Y,"OVER $1,500",07/07/2025 06:50:00 PM,FOLLOWING TOO CLOSELY,FOLLOWING TOO CLOSELY,1301,S,WESTERN AVE,1233,,,,,,,2,NO INDICATION OF INJURY,0,0,0,0,0,2,0,6,2,7,41.8647450693,-87.6858404547,POINT (-87.685840454681 41.864745069282)
ce46e96189a226544c26b930b5e97b2e121284d11b5d9d2ecc16497331ededcbc214b343f91d6e09a6e56f8fe468cbbe9caaecd13f03bce7f8209e585c9e11c7,,07/07/2025 06:48:00 AM,25,TRAFFIC SIGNAL,FUNCTIONING PROPERLY,CLEAR,DAYLIGHT,REAR END,NOT DIVIDED,,STRAIGHT AND LEVEL,DRY,NO DEFECTS,NOT ON SCENE (DESK REPORT),NO INJURY / DRIVE AWAY,Y,,Y,"OVER $1,500",07/07/2025 02:35:00 PM,FOLLOWING TOO CLOSELY,FOLLOWING TOO CLOSELY,3398,W,47TH ST,821,,,,,,,2,NO INDICATION OF INJURY,0,0,0,0,0,3,0,6,2,7,41.8081715008,-87.708561372,POINT (-87.708561371967 41.808171500828)
2e6aa47ac9a04b778b080a42f8878847cc18c836ef6189c7495204d159f52d779f1e83b3bace659358df0dcbba20d03da100282bef22de433b74e1ebed8d8982,,07/07/2025 06:45:00 AM,30,NO CONTROLS,NO CONTROLS,CLEAR,DAYLIGHT,PARKED MOTOR VEHICLE,DIVIDED - W/MEDIAN (NOT RAISED),,STRAIGHT AND LEVEL,DRY,NO DEFECTS,NOT ON SCENE (DESK REPORT),INJURY AND / OR TOW DUE TO CRASH,,,Y,"OVER $1,500",07/07/2025 06:50:00 AM,UNABLE TO DETERMINE,UNABLE TO DETERMINE,6750,S,ASHLAND AVE,725,,,,,,,2,NO INDICATION OF INJURY,0,0,0,0,0,1,0,6,2,7,41.7706866331,-87.6641237792,POINT (-87.664123779201 41.770686633149)
5541928a0efebf45142ccc3be63dc8e5edd498604254e3ee1ed4f629c547296a20bd7bb735edd2208696a5f4f184bb9cdc730229ff3cac0d96268e60a765c55a,,07/07/2025 06:38:00 AM,30,TRAFFIC SIGNAL,FUNCTIONING PROPERLY,CLEAR,DAYLIGHT,FIXED OBJECT,ONE-WAY,,STRAIGHT AND LEVEL,DRY,NO DEFECTS,ON SCENE,INJURY AND / OR TOW DUE TO CRASH,,,,"OVER $1,500",07/07/2025 06:46:00 AM,UNABLE TO DETERMINE,UNABLE TO DETERMINE,3900,N,LAKE SHORE DR SB,1925,,,,,,,1,NO INDICATION OF INJURY,0,0,0,0,0,1,0,6,2,7,41.9530968826,-87.6449470833,POINT (-87.644947083251 41.95309688257)
03bbecedfaca3c4be3e75cbf2df7cfd04b1b576e4195184c744608d995e46dfcf04d796233ecc2bcd6bd697b8ee76a18f21900ec85572272e2e0ce50bd6017d3,,07/07/2025 06:25:00 AM,35,NO CONTROLS,NO CONTROLS,CLEAR,DAYLIGHT,SIDESWIPE SAME DIRECTION,DIVIDED - W/MEDIAN (NOT RAISED),,STRAIGHT AND LEVEL,DRY,NO DEFECTS,ON SCENE,NO INJURY / DRIVE AWAY,,,,"OVER $1,500",07/07/2025 06:51:00 AM,IMPROPER LANE USAGE,NOT APPLICABLE,6235,S,CICERO AVE,813,,,,,,,2,NO INDICATION OF INJURY,0,0,0,0,0,2,0,6,2,7,41.7792042717,-87.742173494,POINT (-87.742173494036 41.779204271665)
7a458bdb88f7019ef57887da713a9181f903676fb7028a2e0016cfd88570dcbf0bc6bbf53b82746112c364547c2e263eda5d26bf5429d9aa66a01c782b8eba87,,07/07/2025 06:25:00 AM,35,NO CONTROLS,NO CONTROLS,CLOUDY/OVERCAST,DAYLIGHT,SIDESWIPE SAME DIRECTION,DIVIDED - W/MEDIAN BARRIER,,STRAIGHT ON GRADE,DRY,NO DEFECTS,ON SCENE,NO INJURY / DRIVE AWAY,,,,"OVER $1,500",07/07/2025 06:27:00 AM,IMPROPER LANE USAGE,EQUIPMENT - VEHICLE CONDITION,1818,E,103RD ST,431,,,,,,,2,NO INDICATION OF INJURY,0,0,0,0,0,2,0,6,2,7,41.7079881631,-87.5799006155,POINT (-87.579900615462 41.707988163121)