CRASH_RECORD_ID,CRASH_DATE_EST_I,CRASH_DATE,POSTED_SPEED_LIMIT,TRAFFIC_CONTROL_DEVICE,DEVICE_CONDITION,WEATHER_CONDITION,LIGHTING_CONDITION,FIRST_CRASH_TYPE,TRAFFICWAY_TYPE,LANE_CNT,ALIGNMENT,ROADWAY_SURFACE_COND,ROAD_DEFECT,REPORT_TYPE,CRASH_TYPE,INTERSECTION_RELATED_I,NOT_RIGHT_OF_WAY_I,HIT_AND_RUN_I,DAMAGE,DATE_POLICE_NOTIFIED,PRIM_CONTRIBUTORY_CAUSE,SEC_CONTRIBUTORY_CAUSE,STREET_NO,STREET_DIRECTION,STREET_NAME,BEAT_OF_OCCURRENCE,PHOTOS_TAKEN_I,STATEMENTS_TAKEN_I,DOORING_I,WORK_ZONE_I,WORK_ZONE_TYPE,WORKERS_PRESENT_I,NUM_UNITS,MOST_SEVERE_INJURY,INJURIES_TOTAL,INJURIES_FATAL,INJURIES_INCAPACITATING,INJURIES_NON_INCAPACITATING,INJURIES_REPORTED_NOT_EVIDENT,INJURIES_NO_INDICATION,INJURIES_UNKNOWN,CRASH_HOUR,CRASH_DAY_OF_WEEK,CRASH_MONTH,LATITUDE,LONGITUDE,LOCATION
98afac6fdd56f379c2af55a59a09646f2e1a910f06b8ccde0c55b5f6b7e26e8dba9670605260a8ed69e63f414225e351f3f0ebf101e9415b2f4af00fc93596bd,,07/07/2025 06:02:00 AM,30,TRAFFIC SIGNAL,FUNCTIONING PROPERLY,CLEAR,DAYLIGHT,TURNING,NOT DIVIDED,,STRAIGHT AND LEVEL,DRY,NO DEFECTS,ON SCENE,INJURY AND / OR TOW DUE TO CRASH,Y,,,"OVER $1,500",07/07/2025 06:03:00 AM,IMPROPER TURNING/NO SIGNAL,NOT APPLICABLE,299,E,HURON ST,1834,,,,,,,2,NO INDICATION OF INJURY,0,0,0,0,0,2,0,6,2,7,41.8949054771,-87.6204447947,POINT (-87.62044479469 41.894905477067)
660b1d54922bd837591b95a82f344a712573cd4093e9754aefcf1b3a0c1b9be707d6bf32710d4deab24065e609dfbbf0edbfe0d7f6cc0307010ddd8aa5c0940e,,07/07/2025 06:00:00 AM,30,STOP SIGN/FLASHER,FUNCTIONING PROPERLY,CLEAR,DAYLIGHT,ANGLE,FOUR WAY,,STRAIGHT AND LEVEL,DRY,UNKNOWN,NOT ON SCENE (DESK REPORT),INJURY AND / OR TOW DUE TO CRASH,Y,,Y,"OVER $1,500",07/08/2025 11:00:00 AM,UNABLE TO DETERMINE,NOT APPLICABLE,7200,S,RACINE AVE,734,,,,,,,2,"REPORTED, NOT EVIDENT",1,0,0,0,1,1,0,6,2,7,41.7631892282,-87.6542136755,POINT (-87.654213675518 41.763189228173)
b11bb82e80c6c297b64e19c939b33942e4ee1418210f9ab3968ebc8a2a7b122d5d0369b4c830f29b5f33f9fe8b24b8d27e9df08f29f169425657360e8981b671,,07/07/2025 04:30:00 AM,35,UNKNOWN,UNKNOWN,CLEAR,DAYLIGHT,SIDESWIPE SAME DIRECTION,FOUR WAY,,STRAIGHT AND LEVEL,DRY,UNKNOWN,NOT ON SCENE (DESK REPORT),NO INJURY / DRIVE AWAY,Y,,,"OVER $1,500",07/08/2025 04:44:00 AM,UNABLE TO DETERMINE,NOT APPLICABLE,45,N,OGDEN AVE,1224,,,,,,,2,NO INDICATION OF INJURY,0,0,0,0,0,2,0,4,2,7,41.8824858142,-87.6648355011,POINT (-87.664835501056 41.882485814168)
c49133976f6c8c56cdabe0cae8f813404a5a8a536b8a5e76cdaf4128c3876529455f77bf4adbf4049636b86ad079a05197f387fed14b9e4da4f5582eeea95f68,Y,07/07/2025 04:30:00 AM,30,NO CONTROLS,NO CONTROLS,CLEAR,DARKNESS,PARKED MOTOR VEHICLE,ONE-WAY,,STRAIGHT AND LEVEL,DRY,UNKNOWN,NOT ON SCENE (DESK REPORT),NO INJURY / DRIVE AWAY,,,Y,"OVER $1,500",07/07/2025 05:55:00 PM,UNABLE TO DETERMINE,NOT APPLICABLE,401,N,MAY ST,1214,Y,,,,,,2,NO INDICATION OF INJURY,0,0,0,0,0,1,0,4,2,7,41.8890080391,-87.6555905274,POINT (-87.655590527358 41.889008039126)
db3e93815bc1439cc8eb6e7ed58887c7f9007be25eecd123a04b86afcc897a613dc2f6b487fcf2da8ec49a02ae9e74c94b353e278bf6fb720a8c3610f3482fd9,,07/07/2025 03:55:00 AM,30,UNKNOWN,UNKNOWN,UNKNOWN,UNKNOWN,REAR TO FRONT,NOT DIVIDED,,STRAIGHT AND LEVEL,UNKNOWN,NO DEFECTS,NOT ON SCENE (DESK REPORT),NO INJURY / DRIVE AWAY,,,Y,"OVER $1,500",07/14/2025 06:15:00 AM,UNABLE TO DETERMINE,UNABLE TO DETERMINE,1959,E,71ST ST,333,,,,,,,2,NO INDICATION OF INJURY,0,0,0,0,0,2,0,3,2,7,41.7659581559,-87.5764340719,POINT (-87.576434071872 41.765958155943)
f5cf30909485d9c2dce61f886a33c52b5399d73fc6c31d9ac2fecfe414c9f7d707e628c0402c35cd3fe07e0d166f17eae40c48719718f3eda904713117d4c6a2,,07/07/2025 03:45:00 AM,30,NO CONTROLS,NO CONTROLS,CLEAR,"DARKNESS, LIGHTED ROAD",SIDESWIPE SAME DIRECTION,NOT DIVIDED,,STRAIGHT AND LEVEL,DRY,UNKNOWN,ON SCENE,NO INJURY / DRIVE AWAY,,,N,"OVER $1,500",07/07/2025 03:51:00 AM,IMPROPER OVERTAKING/PASSING,IMPROPER OVERTAKING/PASSING,3357,W,IRVING PARK RD,1733,,,,,,,2,NO INDICATION OF INJURY,0,0,0,0,0,2,0,3,2,7,41.953749106,-87.71276214,POINT (-87.712762139991 41.95374910605)
102884cffc5e285f3b943ac88710f72b7999e3e0b6fad32d734381dd6cc9e01285a71dea74c54c7843b451896edeb713e1141907baa9fe2773539436c47d59ac,,07/07/2025 03:43:00 AM,30,NO CONTROLS,NO CONTROLS,CLEAR,DAWN,FIXED OBJECT,NOT DIVIDED,,STRAIGHT AND LEVEL,UNKNOWN,UNKNOWN,ON SCENE,INJURY AND / OR TOW DUE TO CRASH,Y,,,"OVER $1,500",07/07/2025 03:46:00 AM,FAILING TO REDUCE SPEED TO AVOID CRASH,FAILING TO REDUCE SPEED TO AVOID CRASH,1235,N,CALIFORNIA AVE,1423,N,Y,,,,,1,NO INDICATION OF INJURY,0,0,0,0,0,1,0,3,2,7,41.9039153491,-87.6967573165,POINT (-87.696757316514 41.903915349104)
d8090f16d1e8cff5a7cbbe012578e2f39434c28a39fb96107d51b972eda093e090ff3e084551e436b2bbe73d6b0c174f1814e5a198fab35d397f831cf6fb74b9,,07/07/2025 03:30:00 AM,30,NO CONTROLS,NO CONTROLS,CLEAR,DARKNESS,PARKED MOTOR VEHICLE,NOT DIVIDED,,STRAIGHT AND LEVEL,DRY,UNKNOWN,ON SCENE,INJURY AND / OR TOW DUE TO CRASH,,,Y,"OVER $1,500",07/07/2025 07:12:00 AM,UNABLE TO DETERMINE,NOT APPLICABLE,725,N,HAMLIN AVE,1112,,,,,,,3,NO INDICATION OF INJURY,0,0,0,0,0,1,0,3,2,7,41.8943813917,-87.7210099612,POINT (-87.721009961196 41.894381391735)
464763b76a3cc9409b26f1d53096ff693d4cb8ef13081fc0d1bff154537788ef434ce5d4646c90916bece11ae8b918f77fdc9af0a54d8f596411b7012bbe4a02,,07/07/2025 03:20:00 AM,30,TRAFFIC SIGNAL,FUNCTIONING IMPROPERLY,CLEAR,"DARKNESS, LIGHTED ROAD",REAR TO FRONT,FOUR WAY,,STRAIGHT AND LEVEL,DRY,NO DEFECTS,NOT ON SCENE (DESK REPORT),NO INJURY / DRIVE AWAY,,,,"OVER $1,500",07/07/2025 03:30:00 AM,IMPROPER BACKING,UNABLE TO DETERMINE,3920,W,OGDEN AVE,1014,,,,,,,2,NO INDICATION OF INJURY,0,0,0,0,0,2,0,3,2,7,41.8518166556,-87.7232021755,POINT (-87.723202175463 41.851816655566)
fb8644bbdeb5c6e7b35c5382d557311256bef0f264b8326ae2558db35bf6aa62e2ff896276991f7c5d9b5ee2dce14b2216b132bf75eab94fcf6f1c516a497647,,07/07/2025 03:12:00 AM,30,NO CONTROLS,NO CONTROLS,CLEAR,DUSK,PARKED MOTOR VEHICLE,DRIVEWAY,,STRAIGHT AND LEVEL,DRY,NO DEFECTS,NOT ON SCENE (DESK REPORT),NO INJURY / DRIVE AWAY,,,Y,"$501 - $1,500",07/07/2025 06:00:00 PM,NOT APPLICABLE,NOT APPLICABLE,3500,W,61ST ST,823,,,,,,,2,NO INDICATION OF INJURY,0,0,0,0,0,1,0,3,2,7,41.7826067719,-87.7106419023,POINT (-87.710641902265 41.782606771925)
62b0fa4ee4e1b84c52b9f07785f17c837f329e4110aa7dd1c67621afb2eeb985754774fe402bb648fbd7ecd1f52c90f209c1d2739a63ff2ff1fcf4ea8c125c05,Y,07/07/2025 03:00:00 AM,30,NO CONTROLS,NO CONTROLS,CLEAR,"DARKNESS, LIGHTED ROAD",PARKED MOTOR VEHICLE,ONE-WAY,,STRAIGHT AND LEVEL,DRY,NO DEFECTS,,INJURY AND / OR TOW DUE TO CRASH,,,Y,"OVER $1,500",07/07/2025 06:00:00 AM,UNABLE TO DETERMINE,NOT APPLICABLE,5157,S,SAWYER AVE,822,,,,,,,3,NO INDICATION OF INJURY,0,0,0,0,0,1,0,3,2,7,41.7991251778,-87.7047971262,POINT (-87.704797126206 41.799125177828)
3f428b23c6e7deed71a78d4d07d72692edfe0052b59eff483fe2c5d2ffa065de32bf0911bddf3a57713acc91ccc305c4436afc10e0a447dfe44141d53c78059d,,07/07/2025 02:50:00 AM,25,NO CONTROLS,NO CONTROLS,CLEAR,"DARKNESS, LIGHTED ROAD",PARKED MOTOR VEHICLE,NOT DIVIDED,,STRAIGHT AND LEVEL,DRY,NO DEFECTS,ON SCENE,NO INJURY / DRIVE AWAY,,,,"OVER $1,500",07/07/2025 02:53:00 AM,EQUIPMENT - VEHICLE CONDITION,PHYSICAL CONDITION OF DRIVER,5848,S,LAFLIN ST,713,,,,,,,3,NO INDICATION OF INJURY,0,0,0,0,0,1,0,2,2,7,41.7871102988,-87.6621159461,POINT (-87.662115946051 41.787110298771)
a7a69bdd0824447d9502dc1904a0f1d0a80787bbef934c46250b6c8fbdd48019523154a548c49e92b11120e903f888d6e7c2813093e320fab9af6f9b92435f5b,,07/07/2025 02:30:00 AM,30,NO CONTROLS,NO CONTROLS,CLEAR,"DARKNESS, LIGHTED ROAD",PARKED MOTOR VEHICLE,NOT DIVIDED,,STRAIGHT AND LEVEL,DRY,NO DEFECTS,NOT ON SCENE (DESK REPORT),INJURY AND / OR TOW DUE TO CRASH,,,,"OVER $1,500",07/07/2025 01:00:00 PM,UNABLE TO DETERMINE,NOT APPLICABLE,1129,W,92ND ST,2222,,,,,,,3,NO INDICATION OF INJURY,0,0,0,0,0,1,0,2,2,7,41.7267252607,-87.6518058306,POINT (-87.651805830567 41.726725260653)
2aee0a2968009f6be7070484d7fc2d9839e1a7157d5cb0493bc698b94593a7a741ee8d03e3f793d4f276d1ce88c74e200e9c78dd98e590cd5847e27e8540f338,,07/07/2025 02:15:00 AM,30,TRAFFIC SIGNAL,FUNCTIONING PROPERLY,CLEAR,"DARKNESS, LIGHTED ROAD",TURNING,FOUR WAY,,STRAIGHT AND LEVEL,DRY,NO DEFECTS,ON SCENE,NO INJURY / DRIVE AWAY,N,,Y,"OVER $1,500",07/07/2025 02:20:00 AM,UNABLE TO DETERMINE,UNABLE TO DETERMINE,3401,S,DAMEN AVE,912,,,,,,,2,NO INDICATION OF INJURY,0,0,0,0,0,2,0,2,2,7,41.8321901363,-87.6751807253,POINT (-87.675180725317 41.832190136324)
31edd3eb397fb85b0e286c6d3032b2b3a41f1bdec3e96bb3e7d0d3bddad6fddb593d09c3a068910cd7117d4e9eca857df63b77836a8c81601d59503fcc373e1e,,07/07/2025 01:30:00 AM,30,UNKNOWN,UNKNOWN,UNKNOWN,UNKNOWN,ANGLE,DIVIDED - W/MEDIAN (NOT RAISED),,STRAIGHT AND LEVEL,UNKNOWN,UNKNOWN,NOT ON SCENE (DESK REPORT),NO INJURY / DRIVE AWAY,Y,,,"OVER $1,500",07/07/2025 05:53:00 PM,UNABLE TO DETERMINE,UNABLE TO DETERMINE,3800,W,MADISON ST,1122,,,,,,,2,NO INDICATION OF INJURY,0,0,0,0,0,2,0,1,2,7,41.8808972735,-87.7208812261,POINT (-87.720881226139 41.880897273491)
91f9e49c6c3ecb85fb90c8276432ed6ea6c3ffec62d6e2ba022fcc0b96a5f26d42ff01268c20b7a024ce330959328ed1d169e5815e2157989ff666a5c7e6c309,Y,07/07/2025 01:28:00 AM,30,NO CONTROLS,NO CONTROLS,CLEAR,"DARKNESS, LIGHTED ROAD",PEDALCYCLIST,ONE-WAY,,STRAIGHT AND LEVEL,DRY,NO DEFECTS,NOT ON SCENE (DESK REPORT),INJURY AND / OR TOW DUE TO CRASH,,,Y,"OVER $1,500",07/08/2025 11:36:00 PM,UNABLE TO DETERMINE,UNABLE TO DETERMINE,804,N,RUSH ST,1833,,,,,,,2,NONINCAPACITATING INJURY,1,0,0,1,0,1,0,1,2,7,41.8968583207,-87.6258292015,POINT (-87.625829201513 41.896858320722)
a1b99798e3ff84fdeb13e9586b9b01111cda3bf0e8266fa86bae6cc525b1b833188601ccae0c40e2e22192e18003b43978080b2ef8b285e7dfd8e72d5af45bb4,,07/07/2025 01:15:00 AM,30,NO CONTROLS,NO CONTROLS,CLEAR,"DARKNESS, LIGHTED ROAD",FIXED OBJECT,NOT DIVIDED,,STRAIGHT AND LEVEL,DRY,NO DEFECTS,ON SCENE,NO INJURY / DRIVE AWAY,,,Y,"$501 - $1,500",07/07/2025 01:28:00 AM,UNABLE TO DETERMINE,NOT APPLICABLE,2750,W,ROOSEVELT RD,1135,,,,,,,1,NO INDICATION OF INJURY,0,0,0,0,0,2,0,1,2,7,41.866625124,-87.6955148096,POINT (-87.695514809615 41.866625124024)
584edbbafa9f07eeb90b52d2314878d772a93befe1030824d6b8fd9ab7d57dab81b99e95aab2261de7a1a233186ba7e97696e7e849f009d67925e30265f03c6c,,07/07/2025 01:10:00 AM,30,TRAFFIC SIGNAL,FUNCTIONING PROPERLY,CLEAR,"DARKNESS, LIGHTED ROAD",REAR END,NOT DIVIDED,,STRAIGHT AND LEVEL,DRY,NO DEFECTS,ON SCENE,INJURY AND / OR TOW DUE TO CRASH,,,Y,"OVER $1,500",07/07/2025 01:10:00 AM,UNABLE TO DETERMINE,UNABLE TO DETERMINE,2820,N,CICERO AVE,2521,,,,,,,2,NONINCAPACITATING INJURY,1,0,0,1,0,1,0,1,2,7,41.9321621081,-87.7467634173,POINT (-87.746763417264 41.93216210811)
757ac91c5d7ab57d9e8a35f9ce1acb6bf2ba8747cd79fe85981b9862c4a4f13e823895b2dab36ad57e227f4a5f1ccc2c7a599d51834227a8cfbdff3e75b1171d,,07/07/2025 12:58:00 AM,30,TRAFFIC SIGNAL,FUNCTIONING PROPERLY,CLEAR,"DARKNESS, LIGHTED ROAD",REAR END,DIVIDED - W/MEDIAN (NOT RAISED),,STRAIGHT AND LEVEL,DRY,NO DEFECTS,ON SCENE,NO INJURY / DRIVE AWAY,,,Y,$500 OR LESS,07/07/2025 01:06:00 AM,FOLLOWING TOO CLOSELY,UNABLE TO DETERMINE,699,W,ROOSEVELT RD,1232,,,,,,,2,NO INDICATION OF INJURY,0,0,0,0,0,2,0,0,2,7,41.867069158,-87.6451339634,POINT (-87.645133963433 41.867069157962)
d66796857b2c3e2eeaa4ad95693fb36ab31f8be8d729fe051d4ed36de48a48eeb0ff46221ffd61422abd81ccab03b0c7900acb341353fe3a10ca04e908eb81fa,,07/07/2025 12:54:00 AM,30,TRAFFIC SIGNAL,FUNCTIONING PROPERLY,CLEAR,"DARKNESS, LIGHTED ROAD",TURNING,DIVIDED - W/MEDIAN (NOT RAISED),,STRAIGHT AND LEVEL,DRY,NO DEFECTS,ON SCENE,INJURY AND / OR TOW DUE TO CRASH,,,,"OVER $1,500",07/07/2025 12:56:00 AM,IMPROPER TURNING/NO SIGNAL,NOT APPLICABLE,6701,S,PULASKI RD,833,,,,,,,2,NO INDICATION OF INJURY,0,0,0,0,0,3,0,0,2,7,41.7713304727,-87.7224281786,POINT (-87.72242817856 41.771330472676)
fe74694c3e06e9b816dec924c688bd88db13cd9d43e3a87231120468c41328d8ec98c7ca8cb824d1c89df9184c04d4bde1478a1b855b18cf26c89592975dbe4e,,07/07/2025 12:45:00 AM,30,TRAFFIC SIGNAL,FUNCTIONING PROPERLY,CLEAR,"DARKNESS, LIGHTED ROAD",ANGLE,T-INTERSECTION,,STRAIGHT AND LEVEL,DRY,UNKNOWN,ON SCENE,INJURY AND / OR TOW DUE TO CRASH,,,Y,"OVER $1,500",07/07/2025 12:48:00 AM,UNABLE TO DETERMINE,FAILING TO YIELD RIGHT-OF-WAY,1,E,83RD ST,632,,,,,,,2,NONINCAPACITATING INJURY,1,0,0,1,0,1,0,0,2,7,41.7435467579,-87.6242521859,POINT (-87.624252185934 41.743546757867)
40a9f2685f734a268d983f1481329235b95dd5de61b50ee32d870bf51fdb5df488dbb1a48a7d13704c97240fd510617ef400512cd71c9b6a0a8cdcbfae6756cb,,07/07/2025 12:40:00 AM,30,TRAFFIC SIGNAL,FUNCTIONING PROPERLY,CLEAR,"DARKNESS, LIGHTED ROAD",ANGLE,DIVIDED - W/MEDIAN (NOT RAISED),,STRAIGHT AND LEVEL,DRY,NO DEFECTS,NOT ON SCENE (DESK REPORT),NO INJURY / DRIVE AWAY,,,Y,"OVER $1,500",07/07/2025 02:00:00 AM,UNABLE TO DETERMINE,NOT APPLICABLE,6401,W,ARCHER AVE,811,,,,,,,2,NO INDICATION OF INJURY,0,0,0,0,0,3,0,0,2,7,41.7922362628,-87.781856168,POINT (-87.781856167959 41.792236262806)
8e145539b7a3925e832de5f5cbd10a8a177f4570e2c56c7d85f66e3db884ca5fe8637ed2e439fa18fabee663ecbd7813f84d00cc3be0e5fe2604eec4ebb77c70,,07/07/2025 12:22:00 AM,30,STOP SIGN/FLASHER,FUNCTIONING PROPERLY,CLEAR,"DARKNESS, LIGHTED ROAD",PARKED MOTOR VEHICLE,NOT DIVIDED,,STRAIGHT AND LEVEL,DRY,UNKNOWN,ON SCENE,INJURY AND / OR TOW DUE TO CRASH,,,,"OVER $1,500",07/07/2025 12:30:00 AM,UNABLE TO DETERMINE,UNABLE TO DETERMINE,11543,S,THROOP ST,524,,,,,,,3,NO INDICATION OF INJURY,0,0,0,0,0,2,0,0,2,7,41.6836447151,-87.6541236068,POINT (-87.654123606847 41.683644715075)
b40e86882b96cfe65a04b2bd5b6fe79d20ac4002d3e456e15a651840e3e9c27a7498fff4d68738b35e21fc0f1a6802a5876121a7b2be8d6291ae55bdfc23eb2f,,07/07/2025 12:15:00 AM,30,TRAFFIC SIGNAL,FUNCTIONING PROPERLY,CLEAR,"DARKNESS, LIGHTED ROAD",ANGLE,FOUR WAY,,STRAIGHT AND LEVEL,DRY,NO DEFECTS,ON SCENE,INJURY AND / OR TOW DUE TO CRASH,,,,"OVER $1,500",07/07/2025 12:24:00 AM,FAILING TO YIELD RIGHT-OF-WAY,UNABLE TO DETERMINE,7100,S,WESTERN AVE,832,,,,,,,2,NO INDICATION OF INJURY,0,0,0,0,0,3,0,0,2,7,41.7646089122,-87.6833870533,POINT (-87.683387053281 41.764608912236)
2778795c2bb7aa1d7d93e2b0136802e7a7283bc1d31616efbe309162a1a444a3315679220df9bdedbe6d42d6fa0cc56629e2c0f399948b8c26534cf0257cd41e,Y,07/07/2025 12:01:00 AM,30,NO CONTROLS,NO CONTROLS,CLEAR,"DARKNESS, LIGHTED ROAD",OTHER NONCOLLISION,NOT DIVIDED,,STRAIGHT AND LEVEL,DRY,NO DEFECTS,NOT ON SCENE (DESK REPORT),NO INJURY / DRIVE AWAY,,,,"OVER $1,500",07/07/2025 12:47:00 PM,NOT APPLICABLE,NOT APPLICABLE,1848,N,MAUD AVE,1811,,,,,,,1,,,,,,,,,0,2,7,41.9151587621,-87.6541050494,POINT (-87.654105049409 41.915158762085)
933a6285e37a9771af73d3ce8c4b2b35859e4b1e993598c39abd2d7b30239488d46c6eaaa88d199ca70419a422dfa183d561d8a23e5977d6c6397e33207a9a3e,,07/07/2025 12:00:00 AM,30,NO CONTROLS,NO CONTROLS,UNKNOWN,UNKNOWN,PARKED MOTOR VEHICLE,ONE-WAY,,STRAIGHT AND LEVEL,UNKNOWN,UNKNOWN,NOT ON SCENE (DESK REPORT),NO INJURY / DRIVE AWAY,,,Y,"$501 - $1,500",07/07/2025 11:00:00 AM,UNABLE TO DETERMINE,NOT APPLICABLE,3705,W,65TH ST,833,,,,,,,2,NO INDICATION OF INJURY,0,0,0,0,0,1,0,0,2,7,41.7750130699,-87.7155865961,POINT (-87.715586596078 41.775013069856)
ff46b6613f445c995e333078e0d51795683ca2660bda11c7e95ec23ddc714c45e7cffbc94df503756ae33b4a1ed6594acc3cef22b815c3a597dee52daa899975,,07/07/2025 12:00:00 AM,30,NO CONTROLS,NO CONTROLS,UNKNOWN,UNKNOWN,PARKED MOTOR VEHICLE,NOT DIVIDED,,STRAIGHT AND LEVEL,UNKNOWN,NO DEFECTS,NOT ON SCENE (DESK REPORT),NO INJURY / DRIVE AWAY,,,Y,"OVER $1,500",07/07/2025 10:00:00 AM,UNABLE TO DETERMINE,NOT APPLICABLE,159,N,CENTRAL AVE,1523,,,,,,,2,NO INDICATION OF INJURY,0,0,0,0,0,1,0,0,2,7,41.8839712797,-87.7648435648,POINT (-87.764843564841 41.883971279747)
0a023165ae18c64e1e5014408299adb44f818456042c81ce6d6957d8a4103e1b8e41e25d2988917bfc1c0cdf623d58e9b2b75b49965244cd54427c71ce89b0a0,,07/06/2025 11:49:00 PM,30,TRAFFIC SIGNAL,FUNCTIONING PROPERLY,CLEAR,"DARKNESS, LIGHTED ROAD",REAR END,NOT DIVIDED,,STRAIGHT AND LEVEL,DRY,NO DEFECTS,ON SCENE,NO INJURY / DRIVE AWAY,,,,"OVER $1,500",07/06/2025 11:55:00 PM,FAILING TO REDUCE SPEED TO AVOID CRASH,FAILING TO REDUCE SPEED TO AVOID CRASH,3539,W,DEVON AVE,1711,,,,,,,2,NO INDICATION OF INJURY,0,0,0,0,0,2,0,23,1,7,41.9971682842,-87.7185513924,POINT (-87.718551392412 41.997168284244)
20e6fecb46d47448576df7142fd24900ed05d49cbfb3db2f155fb9a5f2e32f31a74b12ff3ede22bdad9528de16521250c422948dff1cdea2a2b3a878a1b62adf,,07/06/2025 11:38:00 PM,30,NO CONTROLS,NO CONTROLS,CLEAR,"DARKNESS, LIGHTED ROAD",PARKED MOTOR VEHICLE,ONE-WAY,,STRAIGHT AND LEVEL,DRY,NO DEFECTS,ON SCENE,INJURY AND / OR TOW DUE TO CRASH,,,Y,"OVER $1,500",07/06/2025 11:38:00 PM,"OPERATING VEHICLE IN ERRATIC, RECKLESS, CARELESS, NEGLIGENT OR AGGRESSIVE MANNER",NOT APPLICABLE,4228,S,MOZART ST,921,,,,,,,3,NO INDICATION OF INJURY,0,0,0,0,0,1,0,23,1,7,41.8164533276,-87.6958284704,POINT (-87.695828470377 41.816453327566)
0140c7399a298017e52c624687696f34d8b4df6a232cf76332e1b1c48a5b9568138d21f836b1a9dce2b4d869fb33f625e0b6049af74989b04771cb853ad53732,,07/06/2025 11:30:00 PM,30,TRAFFIC SIGNAL,FUNCTIONING PROPERLY,CLEAR,"DARKNESS, LIGHTED ROAD",REAR END,T-INTERSECTION,,STRAIGHT AND LEVEL,DRY,NO DEFECTS,ON SCENE,INJURY AND / OR TOW DUE TO CRASH,Y,,,"OVER $1,500",07/06/2025 11:31:00 PM,UNDER THE INFLUENCE OF ALCOHOL/DRUGS (USE WHEN ARREST IS EFFECTED),FAILING TO REDUCE SPEED TO AVOID CRASH,2358,S,ASHLAND AVE,1034,,,,,,,2,NO INDICATION OF INJURY,0,0,0,0,0,2,0,23,1,7,41.8487180716,-87.6661201196,POINT (-87.666120119596 41.84871807162)
2d8547e027471a0de7a0f1d58c4730e7f6600abd1666bdfea21e04c651955add00139096afcbf0030d1fe4811ee46830e840462529bf2ba5671360071356d57d,,07/06/2025 11:20:00 PM,30,TRAFFIC SIGNAL,FUNCTIONING PROPERLY,CLEAR,"DARKNESS, LIGHTED ROAD",REAR END,DIVIDED - W/MEDIAN (NOT RAISED),,STRAIGHT AND LEVEL,DRY,NO DEFECTS,ON SCENE,NO INJURY / DRIVE AWAY,,,,"OVER $1,500",07/06/2025 11:28:00 PM,FAILING TO REDUCE SPEED TO AVOID CRASH,FAILING TO REDUCE SPEED TO AVOID CRASH,5100,S,MICHIGAN AVE,225,,,,,,,2,NO INDICATION OF INJURY,0,0,0,0,0,4,0,23,1,7,41.8018966519,-87.6227933299,POINT (-87.622793329906 41.801896651856)
6c4108100ec3a0ca03b00e375af2b81414b049222bb4a22edaa7b9f41740ec80dd8a1a8d2718779547fe533e5ebd414a1481aae8358a421d1eddc297eb029f51,,07/06/2025 11:05:00 PM,30,STOP SIGN/FLASHER,FUNCTIONING PROPERLY,CLEAR,"DARKNESS, LIGHTED ROAD",TURNING,NOT DIVIDED,,STRAIGHT AND LEVEL,DRY,NO DEFECTS,ON SCENE,INJURY AND / OR TOW DUE TO CRASH,,,,"OVER $1,500",07/06/2025 11:15:00 PM,IMPROPER TURNING/NO SIGNAL,NOT APPLICABLE,207,E,79TH ST,623,,,,,,,2,NO INDICATION OF INJURY,0,0,0,0,0,2,0,23,1,7,41.7509306984,-87.6194280969,POINT (-87.619428096933 41.750930698376)
13978eecaa2650c36da7f20cbd3e248be488610771e09b097048f761b77d5f3f6101bafbc2d4d37201b42d3fb80f71380b3cff95c17ecf37d002882557ec3462,,07/06/2025 11:00:00 PM,30,TRAFFIC SIGNAL,FUNCTIONING PROPERLY,CLEAR,"DARKNESS, LIGHTED ROAD",TURNING,DIVIDED - W/MEDIAN (NOT RAISED),,STRAIGHT AND LEVEL,DRY,NO DEFECTS,NOT ON SCENE (DESK REPORT),NO INJURY / DRIVE AWAY,Y,,Y,"OVER $1,500",07/07/2025 02:00:00 PM,NOT APPLICABLE,NOT APPLICABLE,800,N,CICERO AVE,1531,,,,,,,2,NO INDICATION OF INJURY,0,0,0,0,0,2,0,23,1,7,41.895049038,-87.7459555163,POINT (-87.745955516269 41.895049037964)
6e266081457f7724d1025267c9c062282e3dcce1c1a08a075adae4ad1e4b0cc84297c77eb5cf8d843497e9c6db6237e1806d2d9db7754895613506695e7a8887,,07/06/2025 10:55:00 PM,30,TRAFFIC SIGNAL,FUNCTIONING PROPERLY,CLEAR,DUSK,REAR TO SIDE,NOT DIVIDED,,STRAIGHT AND LEVEL,DRY,NO DEFECTS,NOT ON SCENE (DESK REPORT),NO INJURY / DRIVE AWAY,Y,,,"$501 - $1,500",07/06/2025 10:55:00 PM,IMPROPER LANE USAGE,UNABLE TO DETERMINE,1585,E,69TH ST,332,,,,,,,2,NO INDICATION OF INJURY,0,0,0,0,0,2,0,22,1,7,41.7695906945,-87.5859580837,POINT (-87.585958083744 41.769590694485)
187e21a8d64c692407b1f12ca23f7eb7f8f1a1abf9870c0d6b184a3dfa262d1180631a7514b88bd09fc5e7b3e85f25ee47fa5aa0bf7fb5131b603f370022c1d4,,07/06/2025 10:42:00 PM,25,NO CONTROLS,NO CONTROLS,CLEAR,"DARKNESS, LIGHTED ROAD",PARKED MOTOR VEHICLE,NOT DIVIDED,,STRAIGHT AND LEVEL,WET,NO DEFECTS,ON SCENE,INJURY AND / OR TOW DUE TO CRASH,,,,"OVER $1,500",07/06/2025 10:42:00 PM,CELL PHONE USE OTHER THAN TEXTING,NOT APPLICABLE,2037,W,COULTER ST,1034,,,,,,,3,NO INDICATION OF INJURY,0,0,0,0,0,1,0,22,1,7,41.8488374431,-87.6770538,POINT (-87.677053800048 41.848837443091)