CRASH_RECORD_ID,CRASH_DATE_EST_I,CRASH_DATE,POSTED_SPEED_LIMIT,TRAFFIC_CONTROL_DEVICE,DEVICE_CONDITION,WEATHER_CONDITION,LIGHTING_CONDITION,FIRST_CRASH_TYPE,TRAFFICWAY_TYPE,LANE_CNT,ALIGNMENT,ROADWAY_SURFACE_COND,ROAD_DEFECT,REPORT_TYPE,CRASH_TYPE,INTERSECTION_RELATED_I,NOT_RIGHT_OF_WAY_I,HIT_AND_RUN_I,DAMAGE,DATE_POLICE_NOTIFIED,PRIM_CONTRIBUTORY_CAUSE,SEC_CONTRIBUTORY_CAUSE,STREET_NO,STREET_DIRECTION,STREET_NAME,BEAT_OF_OCCURRENCE,PHOTOS_TAKEN_I,STATEMENTS_TAKEN_I,DOORING_I,WORK_ZONE_I,WORK_ZONE_TYPE,WORKERS_PRESENT_I,NUM_UNITS,MOST_SEVERE_INJURY,INJURIES_TOTAL,INJURIES_FATAL,INJURIES_INCAPACITATING,INJURIES_NON_INCAPACITATING,INJURIES_REPORTED_NOT_EVIDENT,INJURIES_NO_INDICATION,INJURIES_UNKNOWN,CRASH_HOUR,CRASH_DAY_OF_WEEK,CRASH_MONTH,LATITUDE,LONGITUDE,LOCATION
fb6b1b57597905eb17657b25a04dea7f12ef82b1bbc8ba1fc2558463fb139ed0e7e30c833154e273eafa298423acd14c37f91484cac198297c0c5184eb0bdd09,,07/06/2025 10:36:00 PM,30,NO CONTROLS,NO CONTROLS,CLEAR,"DARKNESS, LIGHTED ROAD",PARKED MOTOR VEHICLE,NOT DIVIDED,,STRAIGHT AND LEVEL,DRY,NO DEFECTS,ON SCENE,NO INJURY / DRIVE AWAY,,,Y,"OVER $1,500",07/06/2025 10:55:00 PM,NOT APPLICABLE,NOT APPLICABLE,745,W,DICKENS AVE,1812,,,,,,,2,NO INDICATION OF INJURY,0,0,0,0,0,1,0,22,1,7,41.9198966303,-87.6479334058,POINT (-87.647933405772 41.919896630321)
0c10cd3cab1d3cab68836aac1074ef92fbd9550cf185eec1c401b488d466dbd46940603a06da6016f00682b54d6394b956f2e9e29132a4f67f1a1a411357b2f1,,07/06/2025 10:35:00 PM,30,NO CONTROLS,NO CONTROLS,CLEAR,"DARKNESS, LIGHTED ROAD",PARKED MOTOR VEHICLE,NOT DIVIDED,,STRAIGHT AND LEVEL,DRY,NO DEFECTS,ON SCENE,INJURY AND / OR TOW DUE TO CRASH,,,Y,"OVER $1,500",07/07/2025 12:39:00 AM,UNABLE TO DETERMINE,NOT APPLICABLE,630,N,HAMLIN AVE,1122,,,,,,,2,NO INDICATION OF INJURY,0,0,0,0,0,1,0,22,1,7,41.8927183282,-87.7212562446,POINT (-87.721256244606 41.892718328176)
b995a1a84abf78bb500e046cc54206d38906d619ec9d68dbf1dfe10b5532749e9627d22bf3e5d99ddfa27b90223f770d02b8cd4c64143acecbefd815c63abc4d,,07/06/2025 10:26:00 PM,20,NO CONTROLS,NO CONTROLS,CLEAR,"DARKNESS, LIGHTED ROAD",FIXED OBJECT,OTHER,,STRAIGHT AND LEVEL,DRY,NO DEFECTS,ON SCENE,INJURY AND / OR TOW DUE TO CRASH,,,,"OVER $1,500",07/06/2025 10:30:00 PM,DISTRACTION - FROM OUTSIDE VEHICLE,DISTRACTION - FROM INSIDE VEHICLE,10000,W,OHARE ST,1651,,,,,,,1,NO INDICATION OF INJURY,0,0,0,0,0,1,0,22,1,7,41.976201139,-87.9053091251,POINT (-87.905309125103 41.976201139024)
5ba21e6ac3590533808a839fda19a1953c0baa8398c231c2abce976eceb2e4a508daa77ab5451b1bf5306075a722bd625f911cbea7cfa10733be84d2cb1d2e0b,,07/06/2025 10:19:00 PM,30,NO CONTROLS,NO CONTROLS,CLEAR,"DARKNESS, LIGHTED ROAD",PARKED MOTOR VEHICLE,T-INTERSECTION,,STRAIGHT AND LEVEL,DRY,NO DEFECTS,NOT ON SCENE (DESK REPORT),NO INJURY / DRIVE AWAY,,,Y,"OVER $1,500",07/08/2025 05:45:00 PM,IMPROPER TURNING/NO SIGNAL,UNABLE TO DETERMINE,519,E,33RD PL,211,,,,,,,2,NO INDICATION OF INJURY,0,0,0,0,0,1,0,22,1,7,41.8335682169,-87.6128128961,POINT (-87.61281289615 41.83356821687)
0a33cc38969157b6f603a1222e9a73c08d342ddc1e55a057bdb5c9d8077338ec76ee074d821ea507b9cb4532c2836d8a7b75150c356bea44b395b10355a6ccea,,07/06/2025 10:10:00 PM,30,UNKNOWN,UNKNOWN,CLEAR,"DARKNESS, LIGHTED ROAD",ANGLE,UNKNOWN,,STRAIGHT AND LEVEL,UNKNOWN,UNKNOWN,ON SCENE,NO INJURY / DRIVE AWAY,,,Y,"$501 - $1,500",07/06/2025 10:26:00 PM,UNABLE TO DETERMINE,UNABLE TO DETERMINE,3856,W,FLOURNOY ST,1133,,,,,,,2,NO INDICATION OF INJURY,0,0,0,0,0,2,0,22,1,7,41.8726840918,-87.7225919134,POINT (-87.722591913431 41.872684091753)
b1f8ab069c4d856b9ec27239267209d448d0eb6487d7f3b0d29b91e5b466364351626cee95a83bdb0460f5c25b642d776c0c7d401e60ef16667abaf52150a429,,07/06/2025 10:10:00 PM,30,TRAFFIC SIGNAL,FUNCTIONING PROPERLY,CLEAR,"DARKNESS, LIGHTED ROAD",REAR END,FOUR WAY,,STRAIGHT AND LEVEL,DRY,NO DEFECTS,NOT ON SCENE (DESK REPORT),NO INJURY / DRIVE AWAY,Y,,Y,"OVER $1,500",07/07/2025 04:45:00 PM,UNABLE TO DETERMINE,UNABLE TO DETERMINE,2600,W,47TH ST,922,,,,,,,2,NO INDICATION OF INJURY,0,0,0,0,0,2,0,22,1,7,41.8084685242,-87.6893881621,POINT (-87.689388162143 41.808468524155)
84b2037b62c4df31650c82091bc0dccbdf530c61a77137630255ede84da06defadecb79260720a20b1f25d6f459a72793edcd4ddae94d04df437d5b3b9d040a1,Y,07/06/2025 10:08:00 PM,30,NO CONTROLS,NO CONTROLS,CLEAR,DARKNESS,PARKED MOTOR VEHICLE,NOT DIVIDED,,STRAIGHT AND LEVEL,DRY,NO DEFECTS,ON SCENE,NO INJURY / DRIVE AWAY,,,,"$501 - $1,500",07/06/2025 10:08:00 PM,UNABLE TO DETERMINE,NOT APPLICABLE,5657,S,MAY ST,712,,,,,,,2,NO INDICATION OF INJURY,0,0,0,0,0,1,0,22,1,7,41.7906919918,-87.653423599,POINT (-87.653423599038 41.790691991759)
f1e51d92086c0ac4740c3821bbf3e0a21ee2f5131596b6cc1881b5cc17660fba5ffa41fbdd93e49f6685546bb3f8755e8d5c9dbf56b49302dc74808a48670869,,07/06/2025 10:00:00 PM,30,TRAFFIC SIGNAL,FUNCTIONING PROPERLY,CLEAR,"DARKNESS, LIGHTED ROAD",REAR END,NOT DIVIDED,,STRAIGHT AND LEVEL,DRY,NO DEFECTS,NOT ON SCENE (DESK REPORT),NO INJURY / DRIVE AWAY,,,,"OVER $1,500",07/09/2025 01:45:00 PM,UNABLE TO DETERMINE,NOT APPLICABLE,3805,W,AUGUSTA BLVD,1112,,,,,,,2,NO INDICATION OF INJURY,0,0,0,0,0,4,0,22,1,7,41.8989516557,-87.7215523006,POINT (-87.721552300596 41.898951655668)
649157ecb0dc1ae2de1858d377132329fa8917029d806eae6208cb5dde5a3949c89dfe836b31184b3757f08bcd0deb586f7fa0aa3ad47474906857c65fa0f2a7,,07/06/2025 09:58:00 PM,30,TRAFFIC SIGNAL,FUNCTIONING PROPERLY,CLEAR,DARKNESS,ANGLE,NOT DIVIDED,,STRAIGHT AND LEVEL,DRY,UNKNOWN,,INJURY AND / OR TOW DUE TO CRASH,Y,,,"OVER $1,500",07/06/2025 09:58:00 PM,UNABLE TO DETERMINE,UNABLE TO DETERMINE,998,S,CLINTON ST,124,,,,,,,2,NONINCAPACITATING INJURY,3,0,0,3,0,3,0,21,1,7,41.8697748632,-87.6409491022,POINT (-87.640949102175 41.869774863202)
6f3f2db25714369c7e1d964a06f2aa6296cd7a0aa92f0a2e62a02a2be86690e051e1b44fa63ed90c3a9e8a03a6be9a29c88f5c4d3e9f23837180c37bc3d06623,,07/06/2025 09:55:00 PM,30,NO CONTROLS,UNKNOWN,UNKNOWN,UNKNOWN,PARKED MOTOR VEHICLE,NOT DIVIDED,,STRAIGHT AND LEVEL,UNKNOWN,UNKNOWN,NOT ON SCENE (DESK REPORT),NO INJURY / DRIVE AWAY,,,Y,"OVER $1,500",07/06/2025 11:45:00 PM,UNABLE TO DETERMINE,NOT APPLICABLE,3540,S,STATE ST,213,,,,,,,2,NO INDICATION OF INJURY,0,0,0,0,0,1,0,21,1,7,41.8297825978,-87.6267482592,POINT (-87.62674825919 41.829782597803)
dbac2c519f7cbbc8fc52dac9acb77a9d25d1234491c740d28f06419390bac9f406b3c6c8dba0a0a6d5452f411c58c01a7cc185cc882aec72b32afad71fb677b9,,07/06/2025 09:40:00 PM,35,NO CONTROLS,NO CONTROLS,CLEAR,"DARKNESS, LIGHTED ROAD",PARKED MOTOR VEHICLE,NOT DIVIDED,,STRAIGHT AND LEVEL,DRY,NO DEFECTS,ON SCENE,INJURY AND / OR TOW DUE TO CRASH,,,Y,"OVER $1,500",07/06/2025 09:45:00 PM,UNDER THE INFLUENCE OF ALCOHOL/DRUGS (USE WHEN ARREST IS EFFECTED),UNABLE TO DETERMINE,7445,N,SHERIDAN RD,2422,,,,,,,5,NO INDICATION OF INJURY,0,0,0,0,0,1,0,21,1,7,42.0175705186,-87.6653848779,POINT (-87.665384877915 42.017570518615)
fce6a3eca27b4a8b2dc8c9b132b4eee0802fcc4ca53a08b8ebd1c10484521a0efb0168289c7b39974e8b0dcef958b8d0cdbcac6571cd95c5162807ccfedb6e71,,07/06/2025 09:40:00 PM,30,NO CONTROLS,NO CONTROLS,CLEAR,"DARKNESS, LIGHTED ROAD",FIXED OBJECT,ONE-WAY,,STRAIGHT AND LEVEL,DRY,NO DEFECTS,ON SCENE,INJURY AND / OR TOW DUE TO CRASH,,,Y,"OVER $1,500",07/06/2025 09:42:00 PM,UNABLE TO DETERMINE,UNABLE TO DETERMINE,197,W,LAKE ST,122,,,,,,,1,NONINCAPACITATING INJURY,1,0,0,1,0,1,0,21,1,7,41.8856194187,-87.6337997469,POINT (-87.633799746919 41.88561941869)
9f25e4ab9670a4807baafc70d13f0c415df3ef683f2252fbc383c36d510524e6f14d391087c716e55a00593a228ea0fa225caba78f61ee18fd111af5bd2a738e,Y,07/06/2025 09:30:00 PM,30,STOP SIGN/FLASHER,FUNCTIONING PROPERLY,UNKNOWN,DARKNESS,PARKED MOTOR VEHICLE,ONE-WAY,,STRAIGHT AND LEVEL,UNKNOWN,UNKNOWN,NOT ON SCENE (DESK REPORT),NO INJURY / DRIVE AWAY,,,,"OVER $1,500",07/07/2025 11:10:00 AM,UNABLE TO DETERMINE,UNABLE TO DETERMINE,6007,N,CAMPBELL AVE,2413,,,,,,,2,NO INDICATION OF INJURY,0,0,0,0,0,1,0,21,1,7,41.9907392637,-87.6919597628,POINT (-87.69195976285 41.990739263661)
6430fc1428cbeb640ef42a67a3a38601f9263db15d6cdb0f7281df5526430c04db193ffa1c56d7c2618d172e283988e599fd5462298c373ff9a7849fb5690dfa,,07/06/2025 09:20:00 PM,30,TRAFFIC SIGNAL,FUNCTIONING PROPERLY,CLEAR,"DARKNESS, LIGHTED ROAD",TURNING,FOUR WAY,,STRAIGHT ON GRADE,DRY,NO DEFECTS,,INJURY AND / OR TOW DUE TO CRASH,Y,,Y,"OVER $1,500",07/06/2025 09:25:00 PM,IMPROPER OVERTAKING/PASSING,NOT APPLICABLE,2600,S,WALLACE ST,914,,,,,,,2,NONINCAPACITATING INJURY,1,0,0,1,0,5,0,21,1,7,41.8453467761,-87.6417261554,POINT (-87.641726155351 41.845346776088)
b4e9ec570060601ac7c35d7ecad2fe7d7d16b08be1a9be1d18ba34fef66e551fa529a29978698b36ea58ea72040a6212dceb33de977e4b3ec6c88acde44af8c0,,07/06/2025 09:15:00 PM,30,TRAFFIC SIGNAL,FUNCTIONING PROPERLY,CLEAR,DARKNESS,TURNING,DIVIDED - W/MEDIAN (NOT RAISED),,STRAIGHT AND LEVEL,UNKNOWN,UNKNOWN,ON SCENE,NO INJURY / DRIVE AWAY,Y,,,"OVER $1,500",07/06/2025 09:20:00 PM,IMPROPER TURNING/NO SIGNAL,NOT APPLICABLE,8701,S,HALSTED ST,2223,,,,,,,2,NO INDICATION OF INJURY,0,0,0,0,0,5,0,21,1,7,41.7357908524,-87.6434658255,POINT (-87.643465825495 41.735790852391)
a88ba0e4ac32ada5936d10fcd406c16cda9fee78a3cb83e43dd8739e1732109ff7165e80037aeff8cede74bed6c33cd5327d772eb2c7e3782c20b5985a380b4f,,07/06/2025 09:00:00 PM,30,NO CONTROLS,NO CONTROLS,CLEAR,"DARKNESS, LIGHTED ROAD",SIDESWIPE SAME DIRECTION,ONE-WAY,,STRAIGHT AND LEVEL,DRY,NO DEFECTS,NOT ON SCENE (DESK REPORT),NO INJURY / DRIVE AWAY,,,Y,"OVER $1,500",07/07/2025 04:25:00 PM,"OPERATING VEHICLE IN ERRATIC, RECKLESS, CARELESS, NEGLIGENT OR AGGRESSIVE MANNER",NOT APPLICABLE,5014,S,WENTWORTH AVE,224,,,,,,,3,NO INDICATION OF INJURY,0,0,0,0,0,3,0,21,1,7,41.8031997726,-87.6308942389,POINT (-87.630894238864 41.803199772633)
ead28581bc13c1fee2f57a9f902814614da765a01929f1376b8aecff21a2f4f1aadf9f1372bd6b046b215925980428febea6bfb481306354e6f14ad130fb70cf,,07/06/2025 09:00:00 PM,25,NO CONTROLS,NO CONTROLS,UNKNOWN,UNKNOWN,PARKED MOTOR VEHICLE,ONE-WAY,,STRAIGHT AND LEVEL,UNKNOWN,UNKNOWN,NOT ON SCENE (DESK REPORT),NO INJURY / DRIVE AWAY,,,Y,"OVER $1,500",07/14/2025 01:57:00 PM,DRIVING SKILLS/KNOWLEDGE/EXPERIENCE,FAILING TO REDUCE SPEED TO AVOID CRASH,2041,W,BIRCHWOOD AVE,2424,,,,,,,2,NO INDICATION OF INJURY,0,0,0,0,0,1,0,21,1,7,42.0178294333,-87.6821169796,POINT (-87.682116979567 42.017829433311)
34609c83cd42969394a5acfd5c7fd49d7352aed64d2543e57c25bb209f208f60358a03cf05b1582742ad621e80ffea00d57905d0a5e8fc9b4880c9f71f457d0a,,07/06/2025 08:50:00 PM,30,NO CONTROLS,FUNCTIONING PROPERLY,CLEAR,"DARKNESS, LIGHTED ROAD",REAR END,NOT DIVIDED,,STRAIGHT AND LEVEL,DRY,NO DEFECTS,NOT ON SCENE (DESK REPORT),NO INJURY / DRIVE AWAY,,,,"OVER $1,500",07/06/2025 09:20:00 PM,UNABLE TO DETERMINE,NOT APPLICABLE,9500,S,VANDERPOEL AVE,2213,,,,,,,2,NO INDICATION OF INJURY,0,0,0,0,0,2,0,20,1,7,41.7211026729,-87.6666883933,POINT (-87.66668839328 41.721102672872)
abc17a3b6efb599735b3fe29537152343aecf01296304279106f5f20c55d4e4dcc186d1facdca92a7e30c21673ad2ba5e12f3e311933d1602ecb8189ee68fee4,,07/06/2025 08:50:00 PM,30,NO CONTROLS,NO CONTROLS,CLEAR,"DARKNESS, LIGHTED ROAD",PARKED MOTOR VEHICLE,NOT DIVIDED,,STRAIGHT AND LEVEL,DRY,NO DEFECTS,NOT ON SCENE (DESK REPORT),NO INJURY / DRIVE AWAY,,,Y,"OVER $1,500",07/08/2025 08:40:00 PM,UNABLE TO DETERMINE,NOT APPLICABLE,3143,W,DIVERSEY AVE,1411,,,,,,,2,NO INDICATION OF INJURY,0,0,0,0,0,1,0,20,1,7,41.9319218641,-87.706734309,POINT (-87.706734308967 41.931921864062)
16657da904e8fef11b8f34edce05db9c5632b11a5de08bc8d4a25e4fcf64b5d5ebfd6447caa09cf06d869dfec1e9186aaf3920e9cd99a280dca24fe5cffe5e86,,07/06/2025 08:43:00 PM,35,TRAFFIC SIGNAL,FUNCTIONING PROPERLY,CLEAR,DARKNESS,TURNING,DIVIDED - W/MEDIAN (NOT RAISED),,STRAIGHT AND LEVEL,DRY,UNKNOWN,ON SCENE,INJURY AND / OR TOW DUE TO CRASH,Y,,,"OVER $1,500",07/06/2025 09:50:00 PM,FAILING TO YIELD RIGHT-OF-WAY,DRIVING SKILLS/KNOWLEDGE/EXPERIENCE,4000,W,MARQUETTE RD,833,,,,,,,3,"REPORTED, NOT EVIDENT",4,0,0,0,4,0,0,20,1,7,41.7714827844,-87.7226398352,POINT (-87.722639835183 41.771482784393)
18046a655c2c168fbb0847cac7c745a028d437e7fa1632b82452986d4aaeb7363c429d47261c9f654b461eaa49c49322e5f7a7766ed27b15412b19c5cfc772d1,,07/06/2025 08:33:00 PM,30,TRAFFIC SIGNAL,FUNCTIONING PROPERLY,CLEAR,"DARKNESS, LIGHTED ROAD",OTHER OBJECT,FOUR WAY,,STRAIGHT AND LEVEL,UNKNOWN,NO DEFECTS,NOT ON SCENE (DESK REPORT),NO INJURY / DRIVE AWAY,Y,,Y,"$501 - $1,500",07/06/2025 09:33:00 PM,NOT APPLICABLE,NOT APPLICABLE,1200,E,HYDE PARK BLVD,222,,,,,,,2,NO INDICATION OF INJURY,0,0,0,0,0,2,0,20,1,7,41.8024764999,-87.5966283138,POINT (-87.59662831384 41.802476499938)
b322260cff54d267679c3a84d44de8e2710ab5c721c8c9791e4aee1b9b16bc1f08bf86206330e4d48f2fd7f5b062fd7de7373af50d12eb5f20e8ee3dcba292af,,07/06/2025 08:30:00 PM,30,NO CONTROLS,NO CONTROLS,RAIN,DAWN,REAR END,NOT DIVIDED,,STRAIGHT AND LEVEL,WET,UNKNOWN,NOT ON SCENE (DESK REPORT),INJURY AND / OR TOW DUE TO CRASH,,,,"OVER $1,500",07/06/2025 11:10:00 PM,UNABLE TO DETERMINE,UNABLE TO DETERMINE,255,E,109TH ST,513,,,,,,,3,NONINCAPACITATING INJURY,2,0,0,2,0,1,0,20,1,7,41.6962253654,-87.6161275632,POINT (-87.616127563183 41.696225365388)
f90346ea3dd8c99c0908c90e1359907f4b291ce26265cb0272595a42b0b261394bf99e739afec51b1e9e3587f7e293afe5518b06638835c632d1b58fc6fa21a8,,07/06/2025 08:23:00 PM,25,POLICE/FLAGMAN,NO CONTROLS,CLEAR,DUSK,REAR END,ONE-WAY,,STRAIGHT AND LEVEL,DRY,NO DEFECTS,ON SCENE,NO INJURY / DRIVE AWAY,,,,"OVER $1,500",07/06/2025 08:44:00 PM,FOLLOWING TOO CLOSELY,UNABLE TO DETERMINE,5,W,TERMINAL ST,1655,,,,,,,2,NO INDICATION OF INJURY,0,0,0,0,0,3,0,20,1,7,,,
73d45393dba44abe09b9147c864e485e522f9e1e9b93787db29f02cf568b74490a2b324eaefccd73c1abae4b80485e411b5ed693228f6b7d05996f3e5a18fa48,,07/06/2025 08:20:00 PM,30,NO CONTROLS,NO CONTROLS,CLEAR,"DARKNESS, LIGHTED ROAD",SIDESWIPE SAME DIRECTION,DIVIDED - W/MEDIAN (NOT RAISED),,STRAIGHT AND LEVEL,DRY,NO DEFECTS,ON SCENE,NO INJURY / DRIVE AWAY,,,,"OVER $1,500",07/06/2025 10:53:00 PM,IMPROPER LANE USAGE,UNABLE TO DETERMINE,2410,W,IRVING PARK RD,1911,Y,,,,,,2,NO INDICATION OF INJURY,0,0,0,0,0,3,0,20,1,7,41.9541151452,-87.6889632965,POINT (-87.688963296466 41.954115145153)
e2e9bd2b0d9fe9c3dd510ca1df2ef6bf4d916f89f813ee23e6c6ea7e1d42aa207323af7a5377bd68bef63b923d44f1e4d8169b095f7467ed71fc0ad3f8a378f4,,07/06/2025 08:20:00 PM,30,TRAFFIC SIGNAL,NO CONTROLS,CLEAR,DUSK,TURNING,DIVIDED - W/MEDIAN (NOT RAISED),,STRAIGHT AND LEVEL,DRY,NO DEFECTS,NOT ON SCENE (DESK REPORT),NO INJURY / DRIVE AWAY,,,,"OVER $1,500",07/06/2025 08:53:00 PM,UNABLE TO DETERMINE,NOT APPLICABLE,5320,S,PULASKI RD,815,,,,,,,2,NO INDICATION OF INJURY,0,0,0,0,0,3,0,20,1,7,41.7961975914,-87.7233918834,POINT (-87.723391883445 41.796197591416)
bf0dedf59578b523dd40aa2c751bdace127030ed73746dec03e4702e080c05d727c0356add64ceea1181e22c8d51b761a99fd3b3766c105f040a1fabf4a5a16d,,07/06/2025 08:15:00 PM,15,UNKNOWN,NO CONTROLS,CLEAR,UNKNOWN,HEAD ON,PARKING LOT,,STRAIGHT ON GRADE,DRY,UNKNOWN,NOT ON SCENE (DESK REPORT),NO INJURY / DRIVE AWAY,,,,"OVER $1,500",07/18/2025 09:00:00 AM,DISTRACTION - FROM OUTSIDE VEHICLE,NOT APPLICABLE,2626,N,LAKEVIEW AVE,1935,,,,,,,2,NO INDICATION OF INJURY,0,0,0,0,0,2,0,20,1,7,41.9304481942,-87.6394420616,POINT (-87.639442061621 41.930448194195)
c782404532fd5331212deb7c459273af315b7a597cf51678903822ebcbd249e849f212f313128ccd29548853d7b5fd6a300c44ee9c8d9d136489d3d27b0060c4,Y,07/06/2025 08:15:00 PM,30,TRAFFIC SIGNAL,FUNCTIONING PROPERLY,CLEAR,"DARKNESS, LIGHTED ROAD",REAR END,DIVIDED - W/MEDIAN (NOT RAISED),,STRAIGHT AND LEVEL,UNKNOWN,UNKNOWN,NOT ON SCENE (DESK REPORT),NO INJURY / DRIVE AWAY,,,,"OVER $1,500",07/07/2025 04:15:00 PM,DRIVING SKILLS/KNOWLEDGE/EXPERIENCE,UNABLE TO DETERMINE,4761,N,WESTERN AVE,1911,,,,,,,2,NO INDICATION OF INJURY,0,0,0,0,0,3,0,20,1,7,41.9685238442,-87.6887575155,POINT (-87.688757515471 41.968523844211)
43481628c4380ebea84f297cabc1db242ce0e977fd4045bbae031e6318e837f70e4b9f4e5a1a834b3c631bbe4bda079cea9d9227f9f27243be48b0551221b587,,07/06/2025 08:00:00 PM,25,NO CONTROLS,NO CONTROLS,CLEAR,DAYLIGHT,PARKED MOTOR VEHICLE,ONE-WAY,,STRAIGHT AND LEVEL,DRY,NO DEFECTS,NOT ON SCENE (DESK REPORT),NO INJURY / DRIVE AWAY,,,,"OVER $1,500",07/10/2025 11:00:00 AM,DRIVING SKILLS/KNOWLEDGE/EXPERIENCE,NOT APPLICABLE,2250,W,WINNEMAC AVE,2031,,,,,,,2,NO INDICATION OF INJURY,0,0,0,0,0,1,0,20,1,7,41.9731871889,-87.686212947,POINT (-87.686212946987 41.973187188885)
9956ddfd4986e6d2eb0cadd790e5cd8e199386bc22f7fc5ba6704f9a6dae2b09103f6878423c56cf5f0fe9c16c49e14df6608f9bd8183e86fa9bc3ee70f1094f,,07/06/2025 08:00:00 PM,30,TRAFFIC SIGNAL,FUNCTIONING PROPERLY,CLEAR,DUSK,REAR END,NOT DIVIDED,,STRAIGHT AND LEVEL,DRY,NO DEFECTS,,NO INJURY / DRIVE AWAY,,,Y,"OVER $1,500",07/06/2025 08:00:00 PM,UNABLE TO DETERMINE,FOLLOWING TOO CLOSELY,188,S,LA SALLE ST,122,,,,,,,2,NO INDICATION OF INJURY,0,0,0,0,0,3,0,20,1,7,41.8794571562,-87.6324400477,POINT (-87.63244004767 41.879457156241)
87f32a3563f6d356c45058b0434e5cd4aed233afa242f903f96dcc6a66b6dcb18d644f458c4d9dfe05760dec6a7e6b395baba0c0af088127f05d75b601af6489,Y,07/06/2025 07:45:00 PM,30,STOP SIGN/FLASHER,FUNCTIONING PROPERLY,CLEAR,DAYLIGHT,ANGLE,FOUR WAY,,STRAIGHT AND LEVEL,DRY,NO DEFECTS,ON SCENE,INJURY AND / OR TOW DUE TO CRASH,Y,,,"OVER $1,500",07/06/2025 07:49:00 PM,FAILING TO YIELD RIGHT-OF-WAY,NOT APPLICABLE,6000,S,RACINE AVE,713,,,,,,,2,NONINCAPACITATING INJURY,2,0,0,1,1,1,0,19,1,7,41.7849710126,-87.6547852987,POINT (-87.654785298736 41.784971012582)
fc58389645ce973896d4f210cae642af58a0fc56812e115197d5adfa9cf3d2f48ee2f7125d3b2689146e7ad4d624864a731e73ccefbd5cd1045b6922586b7b64,,07/06/2025 07:35:00 PM,30,NO CONTROLS,NO CONTROLS,CLEAR,DAYLIGHT,SIDESWIPE SAME DIRECTION,NOT DIVIDED,,STRAIGHT AND LEVEL,DRY,NO DEFECTS,ON SCENE,NO INJURY / DRIVE AWAY,,,Y,$500 OR LESS,07/06/2025 08:02:00 PM,IMPROPER OVERTAKING/PASSING,IMPROPER OVERTAKING/PASSING,4303,S,PULASKI RD,821,,,,N,,,2,NO INDICATION OF INJURY,0,0,0,0,0,2,0,19,1,7,41.8150502281,-87.7237098094,POINT (-87.723709809373 41.815050228071)
dc3512f359b910ed2299becf4ef0fa6398f6a8d49b2a3fb8fbf105907cf6f327c14e3bcaedd138cf72f89865b9f795d5a2347891994c3895046ba1c77f703aa7,,07/06/2025 07:30:00 PM,10,NO CONTROLS,NO CONTROLS,CLEAR,DUSK,PARKED MOTOR VEHICLE,NOT DIVIDED,,STRAIGHT AND LEVEL,DRY,NO DEFECTS,NOT ON SCENE (DESK REPORT),NO INJURY / DRIVE AWAY,,,,"OVER $1,500",07/06/2025 09:20:00 PM,UNABLE TO DETERMINE,NOT APPLICABLE,7739,S,CHRISTIANA AVE,835,,,,,,,2,NO INDICATION OF INJURY,0,0,0,0,0,1,0,19,1,7,41.752215008,-87.7059672076,POINT (-87.705967207579 41.752215008004)
1f9c24e4147592829fe62aec1290c55362540e1ac11d9eeb071d5f293966a1d484d19156ecc7d4ff59a8883027c07ba1f7d87acf0257dfa4eee0b077c77615ee,,07/06/2025 07:25:00 PM,30,OTHER,OTHER,CLEAR,DAYLIGHT,PARKED MOTOR VEHICLE,ONE-WAY,,STRAIGHT AND LEVEL,DRY,NO DEFECTS,ON SCENE,INJURY AND / OR TOW DUE TO CRASH,,,,"OVER $1,500",07/06/2025 07:31:00 PM,UNABLE TO DETERMINE,UNABLE TO DETERMINE,657,W,WELLINGTON AVE,1934,,,,,,,4,NO INDICATION OF INJURY,0,0,0,0,0,1,0,19,1,7,41.9363525762,-87.6465088547,POINT (-87.646508854724 41.936352576166)
c24bc59f5113ffc7227f05154bbb9bd3968c5acc2fd40b651507b071e64ee1f52298a51524eae3d527e7b2a1f58da611372805e093c585055a8304ac01b13ded,,07/06/2025 07:24:00 PM,30,TRAFFIC SIGNAL,FUNCTIONING PROPERLY,RAIN,DAYLIGHT,TURNING,DIVIDED - W/MEDIAN (NOT RAISED),,STRAIGHT AND LEVEL,WET,NO DEFECTS,ON SCENE,NO INJURY / DRIVE AWAY,Y,,,"OVER $1,500",07/06/2025 07:24:00 PM,IMPROPER TURNING/NO SIGNAL,IMPROPER TURNING/NO SIGNAL,6300,S,COTTAGE GROVE AVE,312,,,,,,,2,NO INDICATION OF INJURY,0,0,0,0,0,4,0,19,1,7,41.7803174705,-87.6060745584,POINT (-87.606074558366 41.78031747049)
296bc1e84fe69491818dfd9c7fb6e3f248b696bc76bd481411e99288831bfc2431dae6260a7b5367096d71bad3e2963e53dd33317b6cea326510929b0a9fa9e6,,07/06/2025 07:20:00 PM,30,UNKNOWN,UNKNOWN,UNKNOWN,DAYLIGHT,SIDESWIPE SAME DIRECTION,ONE-WAY,,STRAIGHT AND LEVEL,UNKNOWN,UNKNOWN,NOT ON SCENE (DESK REPORT),NO INJURY / DRIVE AWAY,,,Y,"OVER $1,500",07/06/2025 07:52:00 PM,UNABLE TO DETERMINE,UNABLE TO DETERMINE,3332,W,CONGRESS PKWY,1134,,,,,,,2,NO INDICATION OF INJURY,0,0,0,0,0,2,0,19,1,7,41.8746867829,-87.7096771995,POINT (-87.709677199523 41.874686782933)