CRASH_RECORD_ID,CRASH_DATE_EST_I,CRASH_DATE,POSTED_SPEED_LIMIT,TRAFFIC_CONTROL_DEVICE,DEVICE_CONDITION,WEATHER_CONDITION,LIGHTING_CONDITION,FIRST_CRASH_TYPE,TRAFFICWAY_TYPE,LANE_CNT,ALIGNMENT,ROADWAY_SURFACE_COND,ROAD_DEFECT,REPORT_TYPE,CRASH_TYPE,INTERSECTION_RELATED_I,NOT_RIGHT_OF_WAY_I,HIT_AND_RUN_I,DAMAGE,DATE_POLICE_NOTIFIED,PRIM_CONTRIBUTORY_CAUSE,SEC_CONTRIBUTORY_CAUSE,STREET_NO,STREET_DIRECTION,STREET_NAME,BEAT_OF_OCCURRENCE,PHOTOS_TAKEN_I,STATEMENTS_TAKEN_I,DOORING_I,WORK_ZONE_I,WORK_ZONE_TYPE,WORKERS_PRESENT_I,NUM_UNITS,MOST_SEVERE_INJURY,INJURIES_TOTAL,INJURIES_FATAL,INJURIES_INCAPACITATING,INJURIES_NON_INCAPACITATING,INJURIES_REPORTED_NOT_EVIDENT,INJURIES_NO_INDICATION,INJURIES_UNKNOWN,CRASH_HOUR,CRASH_DAY_OF_WEEK,CRASH_MONTH,LATITUDE,LONGITUDE,LOCATION
ad57b9e0f2eb9a6646f3670a442de9e3a3bc0eefbdc8182d2eb2e0f8fd8f4b878c4d1893515ca438fee7f97ecf3d2116be647833dae086e8a4341285d5e00a39,,07/06/2025 07:20:00 PM,30,TRAFFIC SIGNAL,FUNCTIONING PROPERLY,CLEAR,DAWN,REAR END,DIVIDED - W/MEDIAN (NOT RAISED),,STRAIGHT AND LEVEL,DRY,NO DEFECTS,ON SCENE,NO INJURY / DRIVE AWAY,,,Y,"OVER $1,500",07/06/2025 07:23:00 PM,FOLLOWING TOO CLOSELY,UNABLE TO DETERMINE,854,W,MONTROSE AVE,1914,,,,,,,2,NO INDICATION OF INJURY,0,0,0,0,0,4,0,19,1,7,41.9619213547,-87.6521143248,POINT (-87.652114324776 41.961921354693)
ae428d6124c5147ce14708f9e14233446879b0e14231305f9fc26972d25bb81ebf39628dd18033a2b6be776cb12e93afb00d4406fb43870226a095587ceffb8c,,07/06/2025 07:10:00 PM,30,NO CONTROLS,NO CONTROLS,CLEAR,DARKNESS,TURNING,NOT DIVIDED,,STRAIGHT AND LEVEL,DRY,UNKNOWN,NOT ON SCENE (DESK REPORT),NO INJURY / DRIVE AWAY,,,,"$501 - $1,500",07/06/2025 07:10:00 PM,IMPROPER OVERTAKING/PASSING,FAILING TO YIELD RIGHT-OF-WAY,2,E,ONTARIO ST,1834,,,,,,,2,NO INDICATION OF INJURY,0,0,0,0,0,3,0,19,1,7,41.893383144,-87.6280537048,POINT (-87.628053704842 41.893383144032)
2fa8dbaf8911eae12fc7b650b66ff5c11fb693a05aac84cafa178c5c19eb9ffad5d92757ffea3ef8640e8640310e5a3c35b34b776b9338f1fe82157006aedc1c,,07/06/2025 07:00:00 PM,30,NO CONTROLS,NO CONTROLS,CLEAR,DUSK,REAR END,ONE-WAY,,STRAIGHT AND LEVEL,DRY,NO DEFECTS,NOT ON SCENE (DESK REPORT),INJURY AND / OR TOW DUE TO CRASH,,,,"OVER $1,500",07/07/2025 05:20:00 PM,UNABLE TO DETERMINE,NOT APPLICABLE,800,N,KEYSTONE AVE,1111,,,,,,,2,"REPORTED, NOT EVIDENT",1,0,0,0,1,1,0,19,1,7,41.8954350837,-87.7274655753,POINT (-87.727465575308 41.895435083732)
687104671c03c9cc4af7f3244212ae5937f84fcd47ce893b858f5830910cef70ebcc4396964c1e2bb5ff44dbbf5cdb09641d699b79011b0c8f673d092a5d0bdf,,07/06/2025 07:00:00 PM,30,TRAFFIC SIGNAL,UNKNOWN,UNKNOWN,DAYLIGHT,SIDESWIPE SAME DIRECTION,NOT DIVIDED,,STRAIGHT AND LEVEL,UNKNOWN,UNKNOWN,ON SCENE,NO INJURY / DRIVE AWAY,,,,"OVER $1,500",07/06/2025 07:00:00 PM,DISREGARDING ROAD MARKINGS,IMPROPER OVERTAKING/PASSING,5900,S,CICERO AVE,813,,,,,,,5,NO INDICATION OF INJURY,0,0,0,0,0,5,0,19,1,7,41.7856433239,-87.7414857784,POINT (-87.741485778405 41.785643323876)
810b1c25fad05a13ae3454c8de70451df9b165d9419dfff38fad308ef74807c45db17de7107d8d4910a9f7b74706854ddbad791a22af32c7dce240952017dfd5,,07/06/2025 07:00:00 PM,30,NO CONTROLS,NO CONTROLS,CLEAR,DAYLIGHT,REAR END,NOT DIVIDED,,STRAIGHT AND LEVEL,DRY,NO DEFECTS,NOT ON SCENE (DESK REPORT),NO INJURY / DRIVE AWAY,,,,"OVER $1,500",07/07/2025 08:18:00 AM,UNABLE TO DETERMINE,NOT APPLICABLE,800,N,KEYSTONE AVE,1111,,,,,,,2,NO INDICATION OF INJURY,0,0,0,0,0,2,0,19,1,7,41.8954350837,-87.7274655753,POINT (-87.727465575308 41.895435083732)
8a9b6c76602217d5b9a44a1abeec60fc1286c843460a89d02295842ca95681fa2f237cbd5a670eec00f1cc1060366d7550c1b8a786d8db8196ce715c498fae2f,,07/06/2025 07:00:00 PM,30,NO CONTROLS,NO CONTROLS,CLEAR,DAWN,ANIMAL,NOT DIVIDED,,STRAIGHT AND LEVEL,DRY,NO DEFECTS,NOT ON SCENE (DESK REPORT),INJURY AND / OR TOW DUE TO CRASH,,,,"OVER $1,500",07/06/2025 08:10:00 PM,UNABLE TO DETERMINE,NOT APPLICABLE,7250,S,DR MARTIN LUTHER KING JR DR,323,,,,,,,2,NONINCAPACITATING INJURY,1,0,0,1,0,1,0,19,1,7,41.7623750514,-87.6153587924,POINT (-87.615358792445 41.762375051367)
4590dc9cc6d4efe1e34c1ee45d99e3b4bfc958cc4f4dcad8f57ac1e0bcb0803094cbf285c30fcb159a387d49680d3faf8a2209075bc38454a18f7a9814db8340,,07/06/2025 06:50:00 PM,30,NO CONTROLS,NO CONTROLS,CLEAR,DAYLIGHT,PARKED MOTOR VEHICLE,NOT DIVIDED,,STRAIGHT AND LEVEL,WET,NO DEFECTS,NOT ON SCENE (DESK REPORT),NO INJURY / DRIVE AWAY,,,Y,"OVER $1,500",07/06/2025 08:06:00 PM,UNABLE TO DETERMINE,UNABLE TO DETERMINE,4400,W,LAKE ST,1113,,,,,,,2,NO INDICATION OF INJURY,0,0,0,0,0,1,0,18,1,7,41.8861404114,-87.7357597022,POINT (-87.735759702159 41.886140411405)
beb547f2d3b557e7fbfb1f286eb57e451341302f003aaa18e26b27df6ca2502d03fd603b18fec6c564e0eaa66a57f9c1f4ad97fd869109bbce6f1a6fa7ca5023,,07/06/2025 06:48:00 PM,30,UNKNOWN,UNKNOWN,CLEAR,DAWN,PEDESTRIAN,FOUR WAY,,STRAIGHT AND LEVEL,DRY,UNKNOWN,,INJURY AND / OR TOW DUE TO CRASH,Y,,Y,"OVER $1,500",07/06/2025 06:50:00 PM,UNABLE TO DETERMINE,NOT APPLICABLE,3900,W,LAWRENCE AVE,1712,,,,,,,2,NONINCAPACITATING INJURY,1,0,0,1,0,1,0,18,1,7,41.9683759547,-87.7256609418,POINT (-87.725660941782 41.968375954701)
3b43faeb16bf8d1f321f2444bf76b4cb952327d36a6d35070b3ed2095c15fbd71b4ca80be68a4f99a7c5f84916fbe20d26e593344433b08cb43a8db9daee53f7,,07/06/2025 06:40:00 PM,30,NO CONTROLS,NO CONTROLS,CLEAR,DAYLIGHT,TURNING,T-INTERSECTION,,STRAIGHT AND LEVEL,DRY,NO DEFECTS,NOT ON SCENE (DESK REPORT),NO INJURY / DRIVE AWAY,Y,,,"$501 - $1,500",07/07/2025 07:40:00 AM,FAILING TO YIELD RIGHT-OF-WAY,NOT APPLICABLE,61,W,LOWER WACKER DR,111,,,,,,,2,NO INDICATION OF INJURY,0,0,0,0,0,2,0,18,1,7,41.8866793385,-87.6302175881,POINT (-87.630217588062 41.886679338459)
e85688805a9f8f37610ba7344933d45ccafdcb8b9680dc0bd0609064fa965085ca42ed1aea2a34676c94b6c121f2fb4e361225de6040c5c83f76fed62802d6e0,,07/06/2025 06:38:00 PM,30,NO CONTROLS,NO CONTROLS,CLEAR,DUSK,FIXED OBJECT,ALLEY,,STRAIGHT AND LEVEL,UNKNOWN,UNKNOWN,ON SCENE,NO INJURY / DRIVE AWAY,,Y,Y,"$501 - $1,500",07/06/2025 07:20:00 PM,UNABLE TO DETERMINE,UNABLE TO DETERMINE,11724,S,PRINCETON AVE,522,,,,,,,2,NO INDICATION OF INJURY,0,0,0,0,0,1,0,18,1,7,41.6808164599,-87.6300966888,POINT (-87.630096688782 41.680816459856)
172ca9dae2511dfa1bdd44f42c5e25d9d5a7751fa83f1028d721782675df90dced5fa4fa6f959efec0372e295797ad2993a19c0b269a24d095f1baf5d16eb10c,,07/06/2025 06:36:00 PM,30,NO CONTROLS,NO CONTROLS,CLOUDY/OVERCAST,DAYLIGHT,SIDESWIPE SAME DIRECTION,ONE-WAY,,STRAIGHT AND LEVEL,DRY,UNKNOWN,ON SCENE,INJURY AND / OR TOW DUE TO CRASH,,,Y,"OVER $1,500",07/06/2025 06:36:00 PM,DRIVING SKILLS/KNOWLEDGE/EXPERIENCE,NOT APPLICABLE,3501,W,MC LEAN AVE,1413,,,,,,,2,NO INDICATION OF INJURY,0,0,0,0,0,5,0,18,1,7,41.9181247828,-87.7136139464,POINT (-87.71361394638 41.918124782848)
4754bef7f5dfe6fd4b7766c9b6b29fe76e5eb48745dfab128b32291354e18f4d5ff082176e6e6542fba16779449c2e32ad68198204ef79f6d2226d8cfa2b5efc,Y,07/06/2025 06:35:00 PM,30,TRAFFIC SIGNAL,FUNCTIONING PROPERLY,CLOUDY/OVERCAST,DAYLIGHT,ANGLE,NOT REPORTED,,STRAIGHT AND LEVEL,DRY,NO DEFECTS,ON SCENE,INJURY AND / OR TOW DUE TO CRASH,Y,,,"OVER $1,500",07/06/2025 06:38:00 PM,DISREGARDING TRAFFIC SIGNALS,NOT APPLICABLE,900,E,43RD ST,214,,,,,,,2,NONINCAPACITATING INJURY,1,0,0,1,0,4,0,18,1,7,41.8169566514,-87.6039553513,POINT (-87.603955351326 41.816956651386)
2f32a0911608d802c55f394e234373caba94691e10257fc59059ab70e8249b9b5bdd2510d44a4e57d3d089d64a34213d726135adfa1c5b45d556d2c4a0d8cc68,,07/06/2025 06:30:00 PM,40,NO CONTROLS,NO CONTROLS,CLEAR,DUSK,REAR END,DIVIDED - W/MEDIAN BARRIER,,STRAIGHT AND LEVEL,DRY,NO DEFECTS,ON SCENE,NO INJURY / DRIVE AWAY,,,,"OVER $1,500",07/06/2025 06:32:00 PM,FOLLOWING TOO CLOSELY,NOT APPLICABLE,864,N,LAKE SHORE DR SB,1833,,,,,,,2,NO INDICATION OF INJURY,0,0,0,0,0,4,0,18,1,7,41.8984367872,-87.6181259677,POINT (-87.618125967659 41.898436787156)
37970d456b4648a11cbd8fa7f0386d4d992944206e8ffd391b16126ceac77915d405dea77e8b81c411dede90373dfa67850b76fea1a7367631804527c8707772,N,07/06/2025 06:30:00 PM,30,TRAFFIC SIGNAL,UNKNOWN,CLOUDY/OVERCAST,DAYLIGHT,REAR END,FOUR WAY,,STRAIGHT AND LEVEL,UNKNOWN,UNKNOWN,ON SCENE,NO INJURY / DRIVE AWAY,Y,,N,"$501 - $1,500",07/06/2025 07:31:00 PM,FOLLOWING TOO CLOSELY,FOLLOWING TOO CLOSELY,7300,S,COTTAGE GROVE AVE,323,,,,,,,2,NO INDICATION OF INJURY,0,0,0,0,0,2,0,18,1,7,41.7621362769,-87.6056334905,POINT (-87.605633490465 41.762136276864)
6ff01dbb32394ebcd7e5fe4dc069352c2995b315a2c9b2952adc25a52a0d0f003d5f09f618411a650f76243a70752fbadfe71a8804d82ce30964bbb91d74ac06,,07/06/2025 06:27:00 PM,30,TRAFFIC SIGNAL,FUNCTIONING PROPERLY,CLEAR,DAYLIGHT,SIDESWIPE SAME DIRECTION,FOUR WAY,,STRAIGHT ON GRADE,DRY,NO DEFECTS,ON SCENE,NO INJURY / DRIVE AWAY,Y,,,"OVER $1,500",07/06/2025 06:33:00 PM,UNABLE TO DETERMINE,NOT APPLICABLE,3100,S,HALSTED ST,913,,,,,,,2,NO INDICATION OF INJURY,0,0,0,0,0,2,0,18,1,7,41.8379641537,-87.6464227122,POINT (-87.646422712201 41.837964153652)
1256200e56d7839cf897a75e64e246c3b25ab3d999dc5f3835078e1e1344a36895d5d1c9f014767ee7961089d28f76cea66902f7635f711d8d7536ffec2bb444,,07/06/2025 06:12:00 PM,25,NO CONTROLS,NO CONTROLS,CLEAR,DAYLIGHT,SIDESWIPE SAME DIRECTION,NOT DIVIDED,,STRAIGHT AND LEVEL,DRY,NO DEFECTS,NOT ON SCENE (DESK REPORT),NO INJURY / DRIVE AWAY,,,,"OVER $1,500",07/06/2025 07:00:00 PM,NOT APPLICABLE,NOT APPLICABLE,3114,N,LINCOLN AVE,1932,,,,,,,2,NO INDICATION OF INJURY,0,0,0,0,0,2,0,18,1,7,41.9381915704,-87.6668115646,POINT (-87.666811564587 41.938191570445)
07d7efc9429a5d817a683752171b7877c043ac6c1745228dce35a60b04d6f11303684afe9e76d5c8d0bb6412cc92518c04b8121c3bb030ebc4b5796e97390b2c,,07/06/2025 06:00:00 PM,30,UNKNOWN,UNKNOWN,UNKNOWN,DAYLIGHT,REAR END,NOT DIVIDED,,STRAIGHT AND LEVEL,WET,UNKNOWN,NOT ON SCENE (DESK REPORT),NO INJURY / DRIVE AWAY,,,,"OVER $1,500",07/06/2025 06:15:00 PM,UNABLE TO DETERMINE,UNABLE TO DETERMINE,4700,S,WESTERN AVE,922,,,,,,,2,NO INDICATION OF INJURY,0,0,0,0,0,4,0,18,1,7,41.8083784079,-87.6845707169,POINT (-87.684570716896 41.808378407947)
34c168112856615aa7cfa92c95230c370854f42dd64a667c84f5509b86b0d5f0af08df3f6c75acfd20cfac3c8c7d57082d25c6706f7269331bd437e26c400e7a,,07/06/2025 06:00:00 PM,30,TRAFFIC SIGNAL,UNKNOWN,RAIN,DAYLIGHT,REAR END,FOUR WAY,,STRAIGHT AND LEVEL,WET,UNKNOWN,ON SCENE,INJURY AND / OR TOW DUE TO CRASH,,,,$500 OR LESS,07/06/2025 06:05:00 PM,UNABLE TO DETERMINE,UNABLE TO DETERMINE,6798,S,SOUTH CHICAGO AVE,322,,,,,,,2,NONINCAPACITATING INJURY,1,0,0,1,0,1,0,18,1,7,41.7708020548,-87.6126726358,POINT (-87.612672635753 41.770802054835)
478588217ccafbdd2dd637e2a0cd19f0acf3a44409752fa98ee0df17f25e2661c05d740b95a5e58e8c795bf3eedb11169ad5b32054620779815ef51ea2935095,,07/06/2025 06:00:00 PM,30,TRAFFIC SIGNAL,FUNCTIONING PROPERLY,CLEAR,DAYLIGHT,TURNING,OTHER,,STRAIGHT AND LEVEL,DRY,NO DEFECTS,NOT ON SCENE (DESK REPORT),NO INJURY / DRIVE AWAY,,,,"OVER $1,500",07/07/2025 04:15:00 PM,IMPROPER LANE USAGE,NOT APPLICABLE,10000,W,BALMORAL AVE,1654,,,,,,,2,NO INDICATION OF INJURY,0,0,0,0,0,2,0,18,1,7,,,
51ef475bac60a91efc191d2635c5e84b312f8336640d1a8d852665b10a3a74f2f780b616c45cd7ac528af54c9b49520ea05eeedb57d54a2f260f62529011ed33,,07/06/2025 06:00:00 PM,35,NO CONTROLS,NO CONTROLS,RAIN,DAYLIGHT,FIXED OBJECT,DIVIDED - W/MEDIAN BARRIER,,STRAIGHT AND LEVEL,WET,UNKNOWN,ON SCENE,INJURY AND / OR TOW DUE TO CRASH,,,,"OVER $1,500",07/06/2025 06:06:00 PM,UNABLE TO DETERMINE,UNABLE TO DETERMINE,6340,S,STATE ST,312,,Y,,,,,1,NONINCAPACITATING INJURY,1,0,0,1,0,1,0,18,1,7,41.7788369596,-87.6254994233,POINT (-87.625499423263 41.778836959637)
ef5f7e69453676b202cdfd9d1e22e6811da4507fb2643f7fba4c786ee58f581e434f69609a37a0af559b75f5159bd2342192eb3ab797d32f79efaeefb1ff3485,,07/06/2025 06:00:00 PM,30,TRAFFIC SIGNAL,FUNCTIONING PROPERLY,CLEAR,DAYLIGHT,TURNING,NOT DIVIDED,,STRAIGHT AND LEVEL,DRY,NO DEFECTS,NOT ON SCENE (DESK REPORT),NO INJURY / DRIVE AWAY,,,,"OVER $1,500",07/08/2025 11:00:00 AM,UNABLE TO DETERMINE,NOT APPLICABLE,1200,S,MICHIGAN AVE,131,,,,,,,2,NO INDICATION OF INJURY,0,0,0,0,0,2,0,18,1,7,41.867377773,-87.6242830157,POINT (-87.624283015693 41.867377772988)
372bc22677d3196671c262cb96e00a2d3692989a45b12a470495315cff9b26b07eed0be6122a28051cf653dca53907e65287038c72a3866c6401718de0c92133,,07/06/2025 05:54:00 PM,30,STOP SIGN/FLASHER,FUNCTIONING PROPERLY,CLEAR,DAYLIGHT,FIXED OBJECT,FOUR WAY,,STRAIGHT AND LEVEL,DRY,NO DEFECTS,ON SCENE,INJURY AND / OR TOW DUE TO CRASH,Y,,,"$501 - $1,500",07/06/2025 05:54:00 PM,PHYSICAL CONDITION OF DRIVER,"OPERATING VEHICLE IN ERRATIC, RECKLESS, CARELESS, NEGLIGENT OR AGGRESSIVE MANNER",1601,W,JARVIS AVE,2423,,,,,,,1,"REPORTED, NOT EVIDENT",1,0,0,0,1,0,0,17,1,7,42.0158822167,-87.6704174596,POINT (-87.670417459612 42.015882216746)
08bc586131f6f46823cec54bbe9983c6b602e4d81d52491d4d727da1ecd197f5c83d7471bb9f415aecb95151cf15a077ecc7ff9c094462bd94ffb6a20d392585,,07/06/2025 05:51:00 PM,30,TRAFFIC SIGNAL,FUNCTIONING PROPERLY,CLEAR,DAYLIGHT,REAR END,NOT DIVIDED,,STRAIGHT AND LEVEL,DRY,NO DEFECTS,NOT ON SCENE (DESK REPORT),NO INJURY / DRIVE AWAY,,,,$500 OR LESS,07/06/2025 06:59:00 PM,FOLLOWING TOO CLOSELY,NOT APPLICABLE,3647,W,55TH ST,822,,,,,,,2,NO INDICATION OF INJURY,0,0,0,0,0,2,0,17,1,7,41.7932078966,-87.7155374978,POINT (-87.715537497826 41.793207896581)
10d5bcf51f70952ddcee45181ab8ba131eba9548d8ed456347adebcd19cbe04a6b5884da905d24558ae859fb0d38c422a715edd3e0e605d98ec3a09782f1150e,,07/06/2025 05:50:00 PM,25,NO CONTROLS,FUNCTIONING PROPERLY,RAIN,DAYLIGHT,REAR END,NOT DIVIDED,,STRAIGHT AND LEVEL,WET,NO DEFECTS,ON SCENE,NO INJURY / DRIVE AWAY,,,,"OVER $1,500",07/06/2025 05:55:00 PM,UNABLE TO DETERMINE,FOLLOWING TOO CLOSELY,4041,W,115TH ST,2211,,,,,,,2,NO INDICATION OF INJURY,0,0,0,0,0,2,0,17,1,7,41.6838291433,-87.7217051333,POINT (-87.721705133255 41.683829143251)
39db6e19e6e21438aa90ee7d480bed7aa1bba3e6b37c29fdf3d54805cfd59c9151f08ecb182b89a84d214cdd1d7b968701c9e1cb3575cfc2d64f44ad030beed1,,07/06/2025 05:50:00 PM,30,NO CONTROLS,NO CONTROLS,RAIN,DAYLIGHT,OTHER NONCOLLISION,DIVIDED - W/MEDIAN (NOT RAISED),,STRAIGHT AND LEVEL,WET,"RUT, HOLES",NOT ON SCENE (DESK REPORT),INJURY AND / OR TOW DUE TO CRASH,,,,"$501 - $1,500",07/06/2025 09:55:00 PM,ROAD ENGINEERING/SURFACE/MARKING DEFECTS,NOT APPLICABLE,4630,W,AUGUSTA BLVD,1111,,,,,,,1,NONINCAPACITATING INJURY,1,0,0,1,0,0,0,17,1,7,41.8988672416,-87.742494832,POINT (-87.742494832007 41.898867241582)
45f9b9d6352a2b5e7383497272698d1a628c1401f1a1becff9482a0967b8a8503826028e30dc639a34c7d31e49f6eea2ed4e51a99200143938cacbfbf81e8f4c,,07/06/2025 05:50:00 PM,30,TRAFFIC SIGNAL,FUNCTIONING PROPERLY,RAIN,DAYLIGHT,REAR END,ONE-WAY,,STRAIGHT AND LEVEL,WET,NO DEFECTS,NOT ON SCENE (DESK REPORT),NO INJURY / DRIVE AWAY,,,,"$501 - $1,500",07/12/2025 09:00:00 PM,UNABLE TO DETERMINE,UNABLE TO DETERMINE,1600,W,85TH ST,614,,,,,,,2,NO INDICATION OF INJURY,0,0,0,0,0,3,0,17,1,7,41.7395409732,-87.6632203343,POINT (-87.663220334252 41.739540973212)
5258c8a742fe01e11c1e406b4c9f0d250b7ffd30835b57d5264af76f5e0b4a9f8769eb1315c38ff18f54b12940d7086e0786edaac90f253101ef212012a8972d,,07/06/2025 05:47:00 PM,30,STOP SIGN/FLASHER,FUNCTIONING PROPERLY,CLEAR,DAYLIGHT,ANGLE,NOT DIVIDED,,STRAIGHT AND LEVEL,DRY,UNKNOWN,ON SCENE,NO INJURY / DRIVE AWAY,Y,,,"OVER $1,500",07/06/2025 06:02:00 PM,FAILING TO YIELD RIGHT-OF-WAY,UNABLE TO DETERMINE,3500,S,LOWE AVE,915,,,,,,,2,NO INDICATION OF INJURY,0,0,0,0,0,3,0,17,1,7,41.8307805501,-87.6426004917,POINT (-87.642600491728 41.830780550145)
9507c8e1edc1f8893793c9cb05d6c42c2b7c6d4cba0ef6bd51a64bee9a258f42e7bee8612bb5b16a8d43877d547bbd671673c28747d222dedf8b2eb52a8d0073,,07/06/2025 05:45:00 PM,30,NO CONTROLS,NO CONTROLS,CLEAR,DAYLIGHT,PARKED MOTOR VEHICLE,DIVIDED - W/MEDIAN (NOT RAISED),,STRAIGHT AND LEVEL,DRY,NO DEFECTS,NOT ON SCENE (DESK REPORT),NO INJURY / DRIVE AWAY,,,,$500 OR LESS,07/18/2025 02:00:00 PM,IMPROPER OVERTAKING/PASSING,NOT APPLICABLE,2300,W,21ST ST,1234,,,,,,,2,NO INDICATION OF INJURY,0,0,0,0,0,1,0,17,1,7,41.8540047776,-87.6833629225,POINT (-87.68336292252 41.854004777584)
49a603d71890f648cef1ee45bddfa6bc910694314257067b6803552b303e9a6dfa88913b9d046bb2f5ddaa9ff9e4c7f6e6f52899d8a770051dd143bc5eb3d13a,,07/06/2025 05:40:00 PM,30,NO CONTROLS,NO CONTROLS,CLEAR,DAYLIGHT,TURNING,DIVIDED - W/MEDIAN (NOT RAISED),,STRAIGHT AND LEVEL,WET,NO DEFECTS,NOT ON SCENE (DESK REPORT),NO INJURY / DRIVE AWAY,,N,Y,"$501 - $1,500",07/06/2025 06:00:00 PM,IMPROPER TURNING/NO SIGNAL,NOT APPLICABLE,6120,S,KEDZIE AVE,823,,,,,,,2,NO INDICATION OF INJURY,0,0,0,0,0,2,0,17,1,7,41.7819767986,-87.7033680881,POINT (-87.703368088077 41.781976798621)
2cde3a255c2a2afb079468c248f1554827a8345e7ef4f42a38777869b3d04a7f75c7b4f794aa89919648e61d535145e37444ffd5bce78aa0726296ab88bfedf6,,07/06/2025 05:37:00 PM,30,TRAFFIC SIGNAL,FUNCTIONING PROPERLY,RAIN,DAYLIGHT,REAR END,NOT DIVIDED,,STRAIGHT AND LEVEL,WET,NO DEFECTS,NOT ON SCENE (DESK REPORT),NO INJURY / DRIVE AWAY,,,,"OVER $1,500",07/06/2025 06:30:00 PM,FAILING TO REDUCE SPEED TO AVOID CRASH,WEATHER,4023,W,55TH ST,813,,,,,,,2,NO INDICATION OF INJURY,0,0,0,0,0,6,0,17,1,7,41.7930858532,-87.7242345204,POINT (-87.724234520436 41.79308585322)
f4db2165455198499f8c05c641e3b10cf6633629b110f0a05d7f6c9350c5975c5af1c22abdc1d19b06159e7615ea357e2279147b04bf43e7e7f9a75ae107b955,,07/06/2025 05:36:00 PM,30,TRAFFIC SIGNAL,FUNCTIONING PROPERLY,CLEAR,DAYLIGHT,REAR END,NOT DIVIDED,,STRAIGHT AND LEVEL,DRY,NO DEFECTS,NOT ON SCENE (DESK REPORT),NO INJURY / DRIVE AWAY,Y,,,"OVER $1,500",07/07/2025 04:00:00 PM,FOLLOWING TOO CLOSELY,NOT APPLICABLE,2219,N,WESTERN AVE,1432,,,,,,,2,NO INDICATION OF INJURY,0,0,0,0,0,2,0,17,1,7,41.9222752063,-87.6874135336,POINT (-87.68741353364 41.922275206275)
1273e0b1be55b912574409f2cdf6a5cc309c8a172bc6013810dc4b35dc97c75b7015a3357ebe35d35108b62cd2f5c09f276488062bbf304e5a206215a9a5398c,,07/06/2025 05:30:00 PM,30,NO CONTROLS,NO CONTROLS,CLEAR,DAYLIGHT,REAR TO SIDE,PARKING LOT,,STRAIGHT AND LEVEL,DRY,UNKNOWN,NOT ON SCENE (DESK REPORT),NO INJURY / DRIVE AWAY,,,,"OVER $1,500",07/06/2025 05:56:00 PM,NOT APPLICABLE,NOT APPLICABLE,5656,W,ROOSEVELT RD,1513,,,,,,,2,NO INDICATION OF INJURY,0,0,0,0,0,2,0,17,1,7,41.8656751424,-87.7666258467,POINT (-87.766625846678 41.865675142365)
9a578661a606a3777c1701faba7b5c7d3b795bf08ec2b7ca67904c9bb79cb26dc5eca76cc6fc9fd41c02ef326492780df9c1dfd3616327ee8415f7dc7c2f8f68,,07/06/2025 05:30:00 PM,30,NO CONTROLS,NO CONTROLS,RAIN,DAYLIGHT,ANGLE,DIVIDED - W/MEDIAN (NOT RAISED),,STRAIGHT AND LEVEL,WET,NO DEFECTS,ON SCENE,INJURY AND / OR TOW DUE TO CRASH,,,,"OVER $1,500",07/06/2025 05:37:00 PM,DRIVING SKILLS/KNOWLEDGE/EXPERIENCE,WEATHER,5201,S,ARCHER AVE,815,,,,,,,3,"REPORTED, NOT EVIDENT",1,0,0,0,1,5,0,17,1,7,41.799892524,-87.734409004,POINT (-87.734409004029 41.799892524005)
d1abe348e061dd6da1fcc4d500fbaa7f78bc5e3237d4396d2099ef283cb6ae3278d275fc2b11457ce2e5d90c090f6745ddb52dab1857d6b2940052a71330e9be,,07/06/2025 05:30:00 PM,35,NO CONTROLS,NO CONTROLS,CLEAR,DAYLIGHT,REAR END,DIVIDED - W/MEDIAN BARRIER,,STRAIGHT AND LEVEL,WET,UNKNOWN,ON SCENE,INJURY AND / OR TOW DUE TO CRASH,,,,"OVER $1,500",07/06/2025 05:32:00 PM,FAILING TO REDUCE SPEED TO AVOID CRASH,EQUIPMENT - VEHICLE CONDITION,100,E,LA SALLE DR,1814,,,,,,,2,NO INDICATION OF INJURY,0,0,0,0,0,3,0,17,1,7,41.912577862,-87.6270978575,POINT (-87.627097857495 41.91257786203)
b79068023fc74b7d44cdd05fce5f46cc2cc7982a6ed37b3e36ce98ac6ae1d643c2c53d597f72d2a05d51505d3f588073e965911b72ba5d5432e37ec18266da1a,,07/06/2025 05:27:00 PM,30,TRAFFIC SIGNAL,FUNCTIONING PROPERLY,RAIN,DAYLIGHT,REAR END,NOT DIVIDED,,STRAIGHT AND LEVEL,WET,NO DEFECTS,ON SCENE,NO INJURY / DRIVE AWAY,,,,"OVER $1,500",07/06/2025 05:27:00 PM,UNABLE TO DETERMINE,WEATHER,7568,W,DEVON AVE,1612,,,,,,,2,NO INDICATION OF INJURY,0,0,0,0,0,2,0,17,1,7,41.9970982663,-87.8162479725,POINT (-87.816247972477 41.997098266254)