CRASH_RECORD_ID,CRASH_DATE_EST_I,CRASH_DATE,POSTED_SPEED_LIMIT,TRAFFIC_CONTROL_DEVICE,DEVICE_CONDITION,WEATHER_CONDITION,LIGHTING_CONDITION,FIRST_CRASH_TYPE,TRAFFICWAY_TYPE,LANE_CNT,ALIGNMENT,ROADWAY_SURFACE_COND,ROAD_DEFECT,REPORT_TYPE,CRASH_TYPE,INTERSECTION_RELATED_I,NOT_RIGHT_OF_WAY_I,HIT_AND_RUN_I,DAMAGE,DATE_POLICE_NOTIFIED,PRIM_CONTRIBUTORY_CAUSE,SEC_CONTRIBUTORY_CAUSE,STREET_NO,STREET_DIRECTION,STREET_NAME,BEAT_OF_OCCURRENCE,PHOTOS_TAKEN_I,STATEMENTS_TAKEN_I,DOORING_I,WORK_ZONE_I,WORK_ZONE_TYPE,WORKERS_PRESENT_I,NUM_UNITS,MOST_SEVERE_INJURY,INJURIES_TOTAL,INJURIES_FATAL,INJURIES_INCAPACITATING,INJURIES_NON_INCAPACITATING,INJURIES_REPORTED_NOT_EVIDENT,INJURIES_NO_INDICATION,INJURIES_UNKNOWN,CRASH_HOUR,CRASH_DAY_OF_WEEK,CRASH_MONTH,LATITUDE,LONGITUDE,LOCATION
fd0c29d801594e7a9d8e4fb0ba0dee344bf79b42aaf018ebf6b64926634deda7730833ccad8c24b2d1d525d5e0c946cc0969ef0a810df0be29219678ca7f9275,,07/06/2025 05:17:00 PM,10,UNKNOWN,UNKNOWN,RAIN,DAYLIGHT,FIXED OBJECT,ALLEY,,STRAIGHT AND LEVEL,WET,NO DEFECTS,ON SCENE,NO INJURY / DRIVE AWAY,,Y,Y,"OVER $1,500",07/06/2025 06:18:00 PM,IMPROPER BACKING,IMPROPER BACKING,11828,S,PRINCETON AVE,522,,Y,,,,,1,NO INDICATION OF INJURY,0,0,0,0,0,1,0,17,1,7,41.6788810173,-87.6300394797,POINT (-87.630039479744 41.678881017324)
57267c5297e942f408b54fd3046c7c1c2e79530505923c7187fcb4c17b979768d4dcdfab3da81532ccf0b7a78380a94078e982b8d96b13e6d08af2261108951d,,07/06/2025 05:13:00 PM,30,NO CONTROLS,NO CONTROLS,RAIN,DAYLIGHT,PARKED MOTOR VEHICLE,FOUR WAY,,STRAIGHT AND LEVEL,WET,NO DEFECTS,ON SCENE,INJURY AND / OR TOW DUE TO CRASH,Y,,Y,"OVER $1,500",07/06/2025 05:16:00 PM,FOLLOWING TOO CLOSELY,NOT APPLICABLE,227,E,83RD ST,632,,,,,,,4,NONINCAPACITATING INJURY,2,0,0,2,0,2,0,17,1,7,41.74364424,-87.6183038955,POINT (-87.618303895522 41.74364423996)
328ebb1c19261fe610a810c4f9b612423fb663fd8cbd6137a8628479b11c6b14cb03a092e6421a10f992f995dd6d0035198dc9471b33f53b32668707b4a351dc,Y,07/06/2025 05:10:00 PM,30,TRAFFIC SIGNAL,FUNCTIONING PROPERLY,UNKNOWN,DAYLIGHT,TURNING,CENTER TURN LANE,,STRAIGHT AND LEVEL,UNKNOWN,NO DEFECTS,NOT ON SCENE (DESK REPORT),NO INJURY / DRIVE AWAY,,,,"OVER $1,500",07/07/2025 04:40:00 PM,UNABLE TO DETERMINE,NOT APPLICABLE,3246,W,ADDISON ST,1733,,,,,,,2,NO INDICATION OF INJURY,0,0,0,0,0,2,0,17,1,7,41.9467168984,-87.7096718737,POINT (-87.709671873679 41.946716898377)
5a206e51fc22d0570f4b20eb48db41b8c36cadd64272d99508ab79344d44af3aeb5b9b07e3fa0e0a07b029f6db5acd78421fa88364b2e237cd6e578d98ffcb9f,,07/06/2025 05:10:00 PM,30,UNKNOWN,UNKNOWN,UNKNOWN,DAYLIGHT,TURNING,NOT DIVIDED,,STRAIGHT AND LEVEL,UNKNOWN,UNKNOWN,NOT ON SCENE (DESK REPORT),NO INJURY / DRIVE AWAY,,,Y,"OVER $1,500",07/06/2025 11:30:00 PM,UNABLE TO DETERMINE,UNABLE TO DETERMINE,7628,S,STONY ISLAND AVE,411,,,,,,,2,NO INDICATION OF INJURY,0,0,0,0,0,2,0,17,1,7,41.7560702278,-87.586218639,POINT (-87.586218638985 41.756070227788)
8f5647ab5fd23b11dab7dabd4e9c693492da70313bd4dc78e2381510a58e83342ba0bcedc6add14a4c1c21a84a8d4ee8218c46ab760fa92789f2134a20183d81,,07/06/2025 05:10:00 PM,30,STOP SIGN/FLASHER,FUNCTIONING PROPERLY,CLEAR,DAYLIGHT,TURNING,NOT DIVIDED,,STRAIGHT AND LEVEL,DRY,UNKNOWN,ON SCENE,INJURY AND / OR TOW DUE TO CRASH,Y,,,"OVER $1,500",07/06/2025 05:17:00 PM,DRIVING SKILLS/KNOWLEDGE/EXPERIENCE,NOT APPLICABLE,1559,S,CANAL ST,124,,,,,,,2,NO INDICATION OF INJURY,0,0,0,0,0,2,0,17,1,7,41.8601791294,-87.6388719069,POINT (-87.638871906896 41.860179129434)
3cc08d0d2e587e53b8af34fa66b5ad61c457a1a1893719a5146f5b4f19a2dc6efe277161041d028c12ef25558fb745d710e5fd5110f9daf29d5a85266b0e0d97,,07/06/2025 05:03:00 PM,30,UNKNOWN,UNKNOWN,RAIN,DAYLIGHT,SIDESWIPE SAME DIRECTION,NOT DIVIDED,,STRAIGHT AND LEVEL,WET,NO DEFECTS,ON SCENE,NO INJURY / DRIVE AWAY,,,N,"OVER $1,500",07/06/2025 05:16:00 PM,FOLLOWING TOO CLOSELY,NOT APPLICABLE,3601,W,CERMAK RD,1013,,,,,,,2,NO INDICATION OF INJURY,0,0,0,0,0,2,0,17,1,7,41.8515534605,-87.7150592862,POINT (-87.715059286164 41.851553460525)
1b96c9fb3ebef14748c46ff908366a4847a0df1039ea9d18d49ad8144a31956bd3fc960909ed52757ddb43bf154cc46b99cdb0ef98b9f11cf350c7cd40cbb272,,07/06/2025 05:00:00 PM,25,NO CONTROLS,NO CONTROLS,CLEAR,DAYLIGHT,PARKED MOTOR VEHICLE,NOT DIVIDED,,STRAIGHT AND LEVEL,DRY,UNKNOWN,NOT ON SCENE (DESK REPORT),NO INJURY / DRIVE AWAY,,,Y,"$501 - $1,500",07/06/2025 06:30:00 PM,UNABLE TO DETERMINE,UNABLE TO DETERMINE,4951,N,SAWYER AVE,1713,,,,,,,2,NO INDICATION OF INJURY,0,0,0,0,0,1,0,17,1,7,41.9717647554,-87.7096441123,POINT (-87.709644112273 41.971764755432)
2c4366e5b341ca05f4331ca439bbc06697e7919d0e25f520e577fb98d51cf4594cf8e0ebb5ebb4dfbc0fa9de61f74d79199592cdf2771c682aa8fa907fce8206,,07/06/2025 05:00:00 PM,30,NO CONTROLS,NO CONTROLS,CLEAR,DAYLIGHT,PARKED MOTOR VEHICLE,PARKING LOT,,STRAIGHT AND LEVEL,WET,NO DEFECTS,NOT ON SCENE (DESK REPORT),NO INJURY / DRIVE AWAY,,,Y,"OVER $1,500",07/06/2025 06:30:00 PM,UNABLE TO DETERMINE,NOT APPLICABLE,5501,S,HARLEM AVE,811,,,,,,,2,NO INDICATION OF INJURY,0,0,0,0,0,1,0,17,1,7,41.7918520654,-87.8013777989,POINT (-87.801377798929 41.79185206544)
8bbd35623f0b3e954dc79422848aa99b9133aa1be07b531ba29677ad4a4ed31821e3a9a41f6e62ca4180541cea9dbe601658a41dfe6d93ed42d19d0d865a4513,,07/06/2025 04:51:00 PM,30,STOP SIGN/FLASHER,FUNCTIONING PROPERLY,RAIN,DAYLIGHT,ANGLE,FOUR WAY,,STRAIGHT AND LEVEL,WET,UNKNOWN,ON SCENE,INJURY AND / OR TOW DUE TO CRASH,Y,,Y,"OVER $1,500",07/06/2025 04:52:00 PM,FAILING TO YIELD RIGHT-OF-WAY,UNABLE TO DETERMINE,6400,S,CARPENTER ST,724,,,,,,,2,NO INDICATION OF INJURY,0,0,0,0,0,3,0,16,1,7,41.7777501755,-87.650953992,POINT (-87.65095399203 41.777750175527)
0e716d292615537dbbbd34ac3e46b8e840c17bf53a0506284471548e95b7d0bf79b25b2cde0ed975f2c55c36a24feb9a0fedc86d02e6167c0304217d6ea852e1,,07/06/2025 04:50:00 PM,30,TRAFFIC SIGNAL,FUNCTIONING PROPERLY,RAIN,DAYLIGHT,TURNING,DIVIDED - W/MEDIAN (NOT RAISED),,STRAIGHT AND LEVEL,WET,NO DEFECTS,NOT ON SCENE (DESK REPORT),NO INJURY / DRIVE AWAY,Y,,,"OVER $1,500",07/06/2025 05:45:00 PM,UNABLE TO DETERMINE,NOT APPLICABLE,7901,S,WESTERN AVE,835,,,,,,,2,NO INDICATION OF INJURY,0,0,0,0,0,2,0,16,1,7,41.7500603627,-87.6826991273,POINT (-87.682699127318 41.750060362735)
7854223b763303917cd21b44f781ee6e4e17c21bee3ed3f153d10850f4a89399114566ffb6de534518eb66a66039ec88fc1784182c2cee878ab870d9233a571c,,07/06/2025 04:50:00 PM,30,NO CONTROLS,NO CONTROLS,CLEAR,DAYLIGHT,PARKED MOTOR VEHICLE,DIVIDED - W/MEDIAN (NOT RAISED),,STRAIGHT AND LEVEL,DRY,NO DEFECTS,NOT ON SCENE (DESK REPORT),NO INJURY / DRIVE AWAY,,,Y,"OVER $1,500",07/07/2025 06:25:00 PM,IMPROPER TURNING/NO SIGNAL,NOT APPLICABLE,3402,W,26TH ST,1024,,,,,,,2,NO INDICATION OF INJURY,0,0,0,0,0,1,0,16,1,7,41.8445576674,-87.7100659088,POINT (-87.710065908802 41.844557667374)
96d1b5d41671fa3f1d04971e90d050ca462d6a20da6a73391aaeaf52f9094b5281bb58941f6aa4252f88f65fc3d2c45f3cac1ee95150f3868a04b7c6d35fe733,,07/06/2025 04:50:00 PM,30,NO CONTROLS,NO CONTROLS,CLEAR,DAYLIGHT,SIDESWIPE SAME DIRECTION,NOT DIVIDED,,STRAIGHT AND LEVEL,DRY,NO DEFECTS,ON SCENE,NO INJURY / DRIVE AWAY,,,,$500 OR LESS,07/06/2025 04:55:00 PM,IMPROPER OVERTAKING/PASSING,NOT APPLICABLE,690,N,FAIRBANKS CT,1834,,,,,,,2,NO INDICATION OF INJURY,0,0,0,0,0,2,0,16,1,7,41.8949703546,-87.6204670326,POINT (-87.620467032567 41.894970354626)
43cb824189214a92149cf0be3b1adf46caefabd4abe1da24bcfb260f8ddc03eeb2a6667f05e48a04a5d845e0bca139b4708dec43109781b66b40854537e4f2a7,,07/06/2025 04:45:00 PM,30,TRAFFIC SIGNAL,FUNCTIONING PROPERLY,CLEAR,DAYLIGHT,REAR END,DIVIDED - W/MEDIAN BARRIER,,STRAIGHT AND LEVEL,DRY,NO DEFECTS,,NO INJURY / DRIVE AWAY,,,,"$501 - $1,500",07/06/2025 05:28:00 PM,FAILING TO YIELD RIGHT-OF-WAY,FOLLOWING TOO CLOSELY,1111,W,DIVISION ST,1822,,,,,,,2,NO INDICATION OF INJURY,0,0,0,0,0,2,0,16,1,7,41.9034160888,-87.6560371168,POINT (-87.65603711678 41.903416088848)
5a0b7acc87ae99b64a794435eaea4e24429d688a9357737d4cfc1ca24d5860041abca99d1b891e8ab327a1a5ea59954acff601a2ec61002178889e8d178b97f3,,07/06/2025 04:45:00 PM,30,UNKNOWN,UNKNOWN,UNKNOWN,DAYLIGHT,SIDESWIPE SAME DIRECTION,NOT DIVIDED,,STRAIGHT AND LEVEL,UNKNOWN,UNKNOWN,NOT ON SCENE (DESK REPORT),NO INJURY / DRIVE AWAY,,,Y,"OVER $1,500",07/06/2025 05:30:00 PM,UNABLE TO DETERMINE,UNABLE TO DETERMINE,800,N,LAKE SHORE DR,1833,,,,,,,2,NO INDICATION OF INJURY,0,0,0,0,0,2,0,16,1,7,41.896828045,-87.6172077033,POINT (-87.617207703311 41.896828045009)
68813993452df6c09d05717c240ef277ff0300ce29e82cd9a3cbad7276c1d8eb8d9f32ccc9b77275bade385baf03a02ddac3447e569bd4503bc49f4bd7bf6d0d,,07/06/2025 04:45:00 PM,30,TRAFFIC SIGNAL,FUNCTIONING PROPERLY,CLEAR,DAYLIGHT,REAR END,DIVIDED - W/MEDIAN BARRIER,,STRAIGHT AND LEVEL,DRY,NO DEFECTS,NOT ON SCENE (DESK REPORT),NO INJURY / DRIVE AWAY,,,,"$501 - $1,500",07/06/2025 05:50:00 PM,FOLLOWING TOO CLOSELY,UNABLE TO DETERMINE,233,E,LOWER WACKER DR,114,,,,,,,2,NO INDICATION OF INJURY,0,0,0,0,0,3,0,16,1,7,41.8877761726,-87.6213583629,POINT (-87.621358362885 41.887776172574)
95eb44b57b7b418397dc4b44dfc47735cdc4a1aebb425b0dc4baf05300f4c4936d6ecb26a798da1b131edc2fe1ab2db8002004c0b2ffcee3e5390daca0b2a1f5,,07/06/2025 04:45:00 PM,30,TRAFFIC SIGNAL,FUNCTIONING PROPERLY,CLEAR,DAYLIGHT,REAR END,DIVIDED - W/MEDIAN (NOT RAISED),,STRAIGHT AND LEVEL,WET,NO DEFECTS,NOT ON SCENE (DESK REPORT),NO INJURY / DRIVE AWAY,,,,"$501 - $1,500",07/06/2025 05:30:00 PM,DISTRACTION - FROM INSIDE VEHICLE,NOT APPLICABLE,4401,S,PULASKI RD,821,,,,,,,2,NO INDICATION OF INJURY,0,0,0,0,0,3,0,16,1,7,41.8132779289,-87.7236418817,POINT (-87.723641881733 41.813277928858)
b92c962f87646398b74349700f95846c2f3ff0ac2afab7a2fb8a3651d24659d7f71b7d4dabcdd5250b7d332d040ec331c5ea291c33ef230b913828a00e467ab9,,07/06/2025 04:45:00 PM,30,TRAFFIC SIGNAL,FUNCTIONING PROPERLY,CLEAR,DAYLIGHT,SIDESWIPE SAME DIRECTION,NOT DIVIDED,,STRAIGHT AND LEVEL,DRY,NO DEFECTS,NOT ON SCENE (DESK REPORT),NO INJURY / DRIVE AWAY,,,,"$501 - $1,500",07/06/2025 07:34:00 PM,UNABLE TO DETERMINE,NOT APPLICABLE,640,W,LAKE ST,1214,,,,,,,2,NO INDICATION OF INJURY,0,0,0,0,0,2,0,16,1,7,41.885805743,-87.6443022139,POINT (-87.644302213908 41.885805742998)
675bf99beeefedfca675ef59079f2065b226dfda8cd2b15fdf4fc00f814a27dfa9c76d8e0df65f157390ba08d079d33f25ad38957926ccf1f40706153bdd339b,,07/06/2025 04:44:00 PM,30,NO CONTROLS,NO CONTROLS,CLEAR,DAYLIGHT,TURNING,NOT DIVIDED,,STRAIGHT AND LEVEL,DRY,NO DEFECTS,ON SCENE,NO INJURY / DRIVE AWAY,,,,"OVER $1,500",07/06/2025 04:55:00 PM,FAILING TO YIELD RIGHT-OF-WAY,FAILING TO YIELD RIGHT-OF-WAY,4148,W,AUGUSTA BLVD,1111,,,,,,,2,NO INDICATION OF INJURY,0,0,0,0,0,4,0,16,1,7,41.8990541141,-87.7305943746,POINT (-87.730594374631 41.899054114093)
a15d98e1614e8bf78977c74fed8ff1ed0d95f133eecb0691b95a669cce467b68ab95206580324e6cd1a3fdd68a422bdb57dc71f733467901d0d8addcb60b8765,,07/06/2025 04:44:00 PM,25,TRAFFIC SIGNAL,FUNCTIONING PROPERLY,CLOUDY/OVERCAST,DAYLIGHT,PEDESTRIAN,FOUR WAY,,STRAIGHT AND LEVEL,WET,NO DEFECTS,ON SCENE,INJURY AND / OR TOW DUE TO CRASH,,,,"OVER $1,500",07/06/2025 04:44:00 PM,UNDER THE INFLUENCE OF ALCOHOL/DRUGS (USE WHEN ARREST IS EFFECTED),IMPROPER OVERTAKING/PASSING,100,E,RANDOLPH ST,114,,,,,,,2,NONINCAPACITATING INJURY,1,0,0,1,0,2,0,16,1,7,41.8845772195,-87.6244036339,POINT (-87.62440363391 41.884577219487)
9a39d2881be567ed5c8979dc9e3a71eeedd978dc55aab0a277c02647d6f81f649fc88d3a08f59aab46b71e7feea2eb4804b96ad9218ca534ea3a19b50dacc76b,,07/06/2025 04:42:00 PM,30,TRAFFIC SIGNAL,FUNCTIONING PROPERLY,CLEAR,DAYLIGHT,REAR END,FOUR WAY,,STRAIGHT AND LEVEL,DRY,NO DEFECTS,NOT ON SCENE (DESK REPORT),NO INJURY / DRIVE AWAY,Y,,,"$501 - $1,500",07/06/2025 05:21:00 PM,DRIVING SKILLS/KNOWLEDGE/EXPERIENCE,NOT APPLICABLE,7100,S,INDIANA AVE,323,,,,,,,2,NO INDICATION OF INJURY,0,0,0,0,0,2,0,16,1,7,41.7655190435,-87.6202278551,POINT (-87.620227855065 41.765519043532)
3e5452908d88c0ccb9ce43aef419dbeae6723d3a2605597fce4beb79915e5f677fa4b225f701425a9b2359799fc2de65c9d5b9743c86be19235f39d22081801b,Y,07/06/2025 04:40:00 PM,30,TRAFFIC SIGNAL,FUNCTIONING PROPERLY,RAIN,DAYLIGHT,REAR END,NOT DIVIDED,,STRAIGHT AND LEVEL,WET,UNKNOWN,NOT ON SCENE (DESK REPORT),NO INJURY / DRIVE AWAY,,,,"OVER $1,500",07/06/2025 05:00:00 PM,FOLLOWING TOO CLOSELY,NOT APPLICABLE,2000,W,DIVERSEY PKWY,1931,,,,,,,2,NO INDICATION OF INJURY,0,0,0,0,0,2,0,16,1,7,41.932394164,-87.6781730309,POINT (-87.678173030878 41.932394164037)
50f1b760d58d35b52e73e1fa465986dfe86867ebc39e4fafddd1b12a6949f0ba2d7462b3b2a9311d61ea00db9b869a1b6e95d3d080bbdd260fda902d64ea217b,,07/06/2025 04:37:00 PM,25,STOP SIGN/FLASHER,NO CONTROLS,RAIN,DAYLIGHT,TURNING,NOT DIVIDED,,STRAIGHT AND LEVEL,WET,NO DEFECTS,ON SCENE,NO INJURY / DRIVE AWAY,Y,,,"OVER $1,500",07/06/2025 04:37:00 PM,UNABLE TO DETERMINE,UNABLE TO DETERMINE,1500,W,MADISON ST,1224,,,,,,,2,NO INDICATION OF INJURY,0,0,0,0,0,2,0,16,1,7,41.8815960573,-87.6645065747,POINT (-87.664506574704 41.881596057292)
98909d00979461fec91631f907b9363bc76afbe77b0dc8782c45b7e8ee2e8e2fe2660c424368bcf1afd276b48885ca21f5c2a73311e4f4feefd86b30375336e5,,07/06/2025 04:30:00 PM,30,TRAFFIC SIGNAL,FUNCTIONING PROPERLY,CLEAR,DAYLIGHT,SIDESWIPE SAME DIRECTION,NOT DIVIDED,,STRAIGHT AND LEVEL,DRY,NO DEFECTS,,NO INJURY / DRIVE AWAY,,,,$500 OR LESS,07/06/2025 08:07:00 PM,IMPROPER OVERTAKING/PASSING,NOT APPLICABLE,1550,N,LAKE SHORE DR NB,1824,,,,,,,2,NO INDICATION OF INJURY,0,0,0,0,0,5,0,16,1,7,41.91103585,-87.6261512941,POINT (-87.626151294123 41.91103584996)
aeb46c4b4a77458a494d05c0abad046b5e48bd402413dc28a0d5b47a8098a4676a50ffc3937741fda9ccf14000918acaffd3652a4ccb0c6c4d044694e39f140f,,07/06/2025 04:21:00 PM,30,NO CONTROLS,NO CONTROLS,CLOUDY/OVERCAST,DAYLIGHT,SIDESWIPE SAME DIRECTION,NOT DIVIDED,,STRAIGHT AND LEVEL,DRY,NO DEFECTS,NOT ON SCENE (DESK REPORT),NO INJURY / DRIVE AWAY,,,Y,"OVER $1,500",07/06/2025 05:00:00 PM,UNABLE TO DETERMINE,UNABLE TO DETERMINE,227,N,ELIZABETH ST,1215,,,,,,,2,NO INDICATION OF INJURY,0,0,0,0,0,2,0,16,1,7,41.8863424776,-87.6587362931,POINT (-87.658736293095 41.886342477634)
0eac981352941e69cce77b00aaf5d474024264b75a6d001ef85ab51a197b7d97d21c307fb456c27f65f43c2961d94f54f65386ae709e4d9d2186c40dbcd77326,,07/06/2025 04:20:00 PM,15,NO CONTROLS,NO CONTROLS,CLEAR,DAYLIGHT,REAR TO REAR,PARKING LOT,,STRAIGHT AND LEVEL,DRY,NO DEFECTS,NOT ON SCENE (DESK REPORT),NO INJURY / DRIVE AWAY,,Y,,"OVER $1,500",07/06/2025 05:00:00 PM,UNABLE TO DETERMINE,NOT APPLICABLE,8500,S,HOLLAND RD,622,,,,,,,2,NO INDICATION OF INJURY,0,0,0,0,0,4,0,16,1,7,41.7398967056,-87.6320890652,POINT (-87.632089065232 41.739896705621)
aa069fa881d277e3704531b2b4e7eb45a66a03ba2044bba819411afae9945f97c1face5374d30490a1bfd3dcf3c1925ed5904ee4ba7c82df0df574d2478ea959,,07/06/2025 04:16:00 PM,30,NO CONTROLS,NO CONTROLS,CLOUDY/OVERCAST,DAYLIGHT,TURNING,NOT DIVIDED,,STRAIGHT AND LEVEL,DRY,NO DEFECTS,ON SCENE,NO INJURY / DRIVE AWAY,,,,"OVER $1,500",07/06/2025 04:21:00 PM,IMPROPER TURNING/NO SIGNAL,NOT APPLICABLE,6430,S,CICERO AVE,813,,,,,,,2,NO INDICATION OF INJURY,0,0,0,0,0,3,0,16,1,7,41.7756633676,-87.7423278111,POINT (-87.742327811139 41.775663367554)
c32291df159cc9645be6938159f56efc4aa5f231d3ca629f192681f405acaffde7c22bc2c5eb5960391a7926d7d587e0b8d4395ed90f5302abcc3a97e3ae4533,,07/06/2025 04:02:00 PM,30,NO CONTROLS,NO CONTROLS,UNKNOWN,DAYLIGHT,PARKED MOTOR VEHICLE,NOT DIVIDED,,STRAIGHT AND LEVEL,UNKNOWN,UNKNOWN,NOT ON SCENE (DESK REPORT),NO INJURY / DRIVE AWAY,,,,$500 OR LESS,07/06/2025 07:01:00 PM,UNABLE TO DETERMINE,UNABLE TO DETERMINE,5230,S,HALSTED ST,934,,,,,,,2,NO INDICATION OF INJURY,0,0,0,0,0,1,0,16,1,7,41.7988538081,-87.645420974,POINT (-87.64542097399 41.798853808135)
140f52425a5b0906dc6d90564eede1466ddafbb2383ea6e72bcd22f3b464906ae7930b421226ba43e1c21e64e24ed1b14afe181f8ab5eb5a7417eeaf3ba5cc16,N,07/06/2025 04:00:00 PM,30,NO CONTROLS,NO CONTROLS,CLEAR,DAYLIGHT,PARKED MOTOR VEHICLE,PARKING LOT,,STRAIGHT AND LEVEL,DRY,UNKNOWN,NOT ON SCENE (DESK REPORT),NO INJURY / DRIVE AWAY,,,Y,"OVER $1,500",07/06/2025 06:50:00 PM,FOLLOWING TOO CLOSELY,FOLLOWING TOO CLOSELY,630,N,LAKE SHORE DR,1834,,,,,,,2,NO INDICATION OF INJURY,0,0,0,0,0,1,0,16,1,7,41.8933922831,-87.6149778838,POINT (-87.614977883848 41.893392283134)
1f7bc9ef467544d05233bae096a5a52cd8f9b63ae3123d67506a634fe7bd3ea41d6c12801b29f2b6219c60c6bc2bf5f4e6ea5637bfbfc1c08593ae147fbdf446,Y,07/06/2025 04:00:00 PM,30,NO CONTROLS,NO CONTROLS,CLEAR,DAYLIGHT,PARKED MOTOR VEHICLE,NOT DIVIDED,,STRAIGHT AND LEVEL,DRY,NO DEFECTS,NOT ON SCENE (DESK REPORT),NO INJURY / DRIVE AWAY,,,Y,"$501 - $1,500",07/07/2025 08:05:00 PM,UNABLE TO DETERMINE,UNABLE TO DETERMINE,1450,N,LUIS MUNOZ MARIN DR E,1423,,,,,,,2,NO INDICATION OF INJURY,0,0,0,0,0,1,0,16,1,7,41.9080655656,-87.6975811997,POINT (-87.69758119973 41.90806556563)
3859dac46534a937bda44ac092fc921bcadd25ab10560c4b7c136bdfaa406aa12fb33a87779f2b8812c367092a58984bb4cfac29e985bb510b4da4317ac3f145,,07/06/2025 04:00:00 PM,30,NO CONTROLS,NO CONTROLS,CLOUDY/OVERCAST,DAYLIGHT,PARKED MOTOR VEHICLE,ONE-WAY,,STRAIGHT AND LEVEL,WET,NO DEFECTS,NOT ON SCENE (DESK REPORT),NO INJURY / DRIVE AWAY,,,,"OVER $1,500",07/13/2025 03:00:00 PM,DRIVING SKILLS/KNOWLEDGE/EXPERIENCE,NOT APPLICABLE,3957,W,AINSLIE ST,1712,,,,,,,2,NO INDICATION OF INJURY,0,0,0,0,0,1,0,16,1,7,41.9699559456,-87.7279393141,POINT (-87.727939314144 41.969955945589)
8955965b7676d78f1989adcaec452f92760761521f7083c66ece8e63f0fe6f6cf1fc4878ca1a7aab53cb1c0a49f4a7bda5ae558495bb5607d8f1ef3b02205b3a,,07/06/2025 04:00:00 PM,20,FLASHING CONTROL SIGNAL,FUNCTIONING PROPERLY,RAIN,DAYLIGHT,SIDESWIPE SAME DIRECTION,NOT DIVIDED,,STRAIGHT AND LEVEL,WET,UNKNOWN,ON SCENE,NO INJURY / DRIVE AWAY,,,Y,"OVER $1,500",07/06/2025 04:09:00 PM,IMPROPER OVERTAKING/PASSING,IMPROPER LANE USAGE,802,W,WILSON AVE,1914,,,,,,,2,NO INDICATION OF INJURY,0,0,0,0,0,3,0,16,1,7,41.9656036056,-87.6502135117,POINT (-87.650213511713 41.965603605612)
a1cdda6a03bccd29cb65b708fb4f0ea77e959f458a0ab280406133ff9e49fc5c74a40ab0a699dab683f6bf182407a2ed87a3750d37ab828283fcded265909314,,07/06/2025 04:00:00 PM,30,TRAFFIC SIGNAL,FUNCTIONING PROPERLY,CLEAR,DAYLIGHT,ANGLE,NOT DIVIDED,,STRAIGHT AND LEVEL,DRY,NO DEFECTS,ON SCENE,NO INJURY / DRIVE AWAY,Y,,,"OVER $1,500",07/06/2025 04:02:00 PM,DISREGARDING OTHER TRAFFIC SIGNS,FAILING TO YIELD RIGHT-OF-WAY,1201,S,MORGAN ST,1232,,,,,,,2,NO INDICATION OF INJURY,0,0,0,0,0,2,0,16,1,7,41.867008087,-87.6508962322,POINT (-87.650896232165 41.867008086953)
8c8047bbce189dfd0c0d6acb0c47a9618366c36bb849f68b3248fb5bc6a8728d67ecc048e05558181dedf8f744316918b86acfa7223f2932d7401bc08702fb4d,,07/06/2025 03:52:00 PM,35,TRAFFIC SIGNAL,FUNCTIONING PROPERLY,CLEAR,DAYLIGHT,TURNING,FOUR WAY,,STRAIGHT AND LEVEL,DRY,NO DEFECTS,ON SCENE,INJURY AND / OR TOW DUE TO CRASH,Y,,,"OVER $1,500",07/06/2025 03:59:00 PM,FAILING TO YIELD RIGHT-OF-WAY,DRIVING SKILLS/KNOWLEDGE/EXPERIENCE,3900,S,STATE ST,213,,Y,,,,,2,NO INDICATION OF INJURY,0,0,0,0,0,3,0,15,1,7,41.8236296624,-87.6265730712,POINT (-87.626573071207 41.823629662422)
cf803dce46044dd74b8893da67fea7a2d07c1108342388d8a841b5d811e08bb6621d366afd5d7dc019ebff7e3bac9077198e7406528ab1ffc0f675fd711a97e4,,07/06/2025 03:50:00 PM,30,NO CONTROLS,NO CONTROLS,CLEAR,DAYLIGHT,REAR END,NOT DIVIDED,,STRAIGHT AND LEVEL,DRY,NO DEFECTS,NOT ON SCENE (DESK REPORT),NO INJURY / DRIVE AWAY,,,,"$501 - $1,500",07/06/2025 04:11:00 PM,FOLLOWING TOO CLOSELY,NOT APPLICABLE,4838,S,PULASKI RD,815,,,,,,,2,NO INDICATION OF INJURY,0,0,0,0,0,4,0,15,1,7,41.8048649835,-87.7236426753,POINT (-87.723642675326 41.804864983543)
772e46c2cc15ed4daebc652e2372d79ae03e5eeb190eff5f429b70febd0dbf935b936c5938a007072f8dffb68c35179a9a95841835a2eb8b6d1f6dde5489e9c5,,07/06/2025 03:45:00 PM,25,OTHER,NO CONTROLS,CLEAR,DAYLIGHT,ANGLE,TRAFFIC ROUTE,,STRAIGHT AND LEVEL,DRY,NO DEFECTS,NOT ON SCENE (DESK REPORT),NO INJURY / DRIVE AWAY,,,,"OVER $1,500",07/06/2025 05:30:00 PM,UNABLE TO DETERMINE,NOT APPLICABLE,8300,S,DREXEL AVE,632,,,,,,,2,NO INDICATION OF INJURY,0,0,0,0,0,2,0,15,1,7,41.7439147377,-87.6027433428,POINT (-87.6027433428 41.743914737658)
8c522e6c7f2ec005f1ada36f1a4d967cbe114f0160e3c4927980d86bbfb7afe5f4b5812fd28ce054f9fb32f1d11207020eadfdaef20b9047d120c4c5e39542ab,,07/06/2025 03:44:00 PM,30,NO CONTROLS,NO CONTROLS,CLOUDY/OVERCAST,DAYLIGHT,TURNING,DIVIDED - W/MEDIAN (NOT RAISED),,STRAIGHT AND LEVEL,WET,UNKNOWN,ON SCENE,NO INJURY / DRIVE AWAY,,,,"OVER $1,500",07/06/2025 03:44:00 PM,IMPROPER TURNING/NO SIGNAL,DRIVING SKILLS/KNOWLEDGE/EXPERIENCE,3142,W,NORTH AVE,1421,,,,,,,2,NO INDICATION OF INJURY,0,0,0,0,0,3,0,15,1,7,41.9102296082,-87.7062300461,POINT (-87.706230046121 41.910229608231)