CRASH_RECORD_ID,CRASH_DATE_EST_I,CRASH_DATE,POSTED_SPEED_LIMIT,TRAFFIC_CONTROL_DEVICE,DEVICE_CONDITION,WEATHER_CONDITION,LIGHTING_CONDITION,FIRST_CRASH_TYPE,TRAFFICWAY_TYPE,LANE_CNT,ALIGNMENT,ROADWAY_SURFACE_COND,ROAD_DEFECT,REPORT_TYPE,CRASH_TYPE,INTERSECTION_RELATED_I,NOT_RIGHT_OF_WAY_I,HIT_AND_RUN_I,DAMAGE,DATE_POLICE_NOTIFIED,PRIM_CONTRIBUTORY_CAUSE,SEC_CONTRIBUTORY_CAUSE,STREET_NO,STREET_DIRECTION,STREET_NAME,BEAT_OF_OCCURRENCE,PHOTOS_TAKEN_I,STATEMENTS_TAKEN_I,DOORING_I,WORK_ZONE_I,WORK_ZONE_TYPE,WORKERS_PRESENT_I,NUM_UNITS,MOST_SEVERE_INJURY,INJURIES_TOTAL,INJURIES_FATAL,INJURIES_INCAPACITATING,INJURIES_NON_INCAPACITATING,INJURIES_REPORTED_NOT_EVIDENT,INJURIES_NO_INDICATION,INJURIES_UNKNOWN,CRASH_HOUR,CRASH_DAY_OF_WEEK,CRASH_MONTH,LATITUDE,LONGITUDE,LOCATION
34b11e60b7545336d0c686ea4df37aeb3fcba428dc5b7267d05afb630011907a5c9476bb3f53cfacb1ee43cd695900dcb4b72d1d566b425c7a0a21f9496cd228,,07/06/2025 03:40:00 PM,30,UNKNOWN,UNKNOWN,CLEAR,DAYLIGHT,ANGLE,T-INTERSECTION,,STRAIGHT AND LEVEL,UNKNOWN,UNKNOWN,NOT ON SCENE (DESK REPORT),NO INJURY / DRIVE AWAY,Y,,,"OVER $1,500",07/06/2025 04:30:00 PM,UNABLE TO DETERMINE,UNABLE TO DETERMINE,959,S,PULASKI RD,1132,,,,,,,2,NO INDICATION OF INJURY,0,0,0,0,0,2,0,15,1,7,41.8691271919,-87.7251414516,POINT (-87.725141451581 41.869127191873)
79ee56972183761ba7dcb58d837d51d17be3c1b8cfae528367c669c6a0baa665cdc938933a8903aa62397b464a2e760e160a301986ad550ce0473a92bb303a6d,,07/06/2025 03:36:00 PM,30,NO CONTROLS,NO CONTROLS,CLEAR,DAYLIGHT,PARKED MOTOR VEHICLE,ONE-WAY,,STRAIGHT AND LEVEL,DRY,NO DEFECTS,ON SCENE,INJURY AND / OR TOW DUE TO CRASH,,,,"OVER $1,500",07/06/2025 03:42:00 PM,DRIVING SKILLS/KNOWLEDGE/EXPERIENCE,DRIVING SKILLS/KNOWLEDGE/EXPERIENCE,2206,S,TRUMBULL AVE,1024,,,,,,,2,INCAPACITATING INJURY,1,0,1,0,0,1,0,15,1,7,41.8516802406,-87.7113057987,POINT (-87.711305798709 41.851680240599)
398bcb68c3ebddb87142d576b593b3497b7852f219df39a834cb2e5ed0fafca93636b24dc22788ba96496b741366d2afa062614306f987fd2111158136d6adf7,,07/06/2025 03:30:00 PM,30,TRAFFIC SIGNAL,FUNCTIONING PROPERLY,CLEAR,DAYLIGHT,PARKED MOTOR VEHICLE,NOT DIVIDED,,STRAIGHT AND LEVEL,DRY,NO DEFECTS,NOT ON SCENE (DESK REPORT),NO INJURY / DRIVE AWAY,,,Y,"OVER $1,500",07/06/2025 05:25:00 PM,UNABLE TO DETERMINE,NOT APPLICABLE,212,E,83RD ST,631,,,,,,,2,NO INDICATION OF INJURY,0,0,0,0,0,1,0,15,1,7,41.7438524293,-87.6189473859,POINT (-87.618947385871 41.743852429288)
5540048d91d3f0ecf28918988637eb7cca2e5e175ab55db483c0c6aef780e83fe0b7f90bb2828dc8e9fb0e0dcfdce93f0add6dd23d1cc05bb50c88f2eb882282,,07/06/2025 03:30:00 PM,30,TRAFFIC SIGNAL,FUNCTIONING PROPERLY,CLEAR,DAYLIGHT,REAR END,DIVIDED - W/MEDIAN BARRIER,,STRAIGHT AND LEVEL,DRY,NO DEFECTS,NOT ON SCENE (DESK REPORT),NO INJURY / DRIVE AWAY,,,,"OVER $1,500",07/07/2025 12:10:00 AM,UNABLE TO DETERMINE,UNABLE TO DETERMINE,401,S,STATE ST,113,,,,,,,2,NO INDICATION OF INJURY,0,0,0,0,0,2,0,15,1,7,41.8768673641,-87.6275032991,POINT (-87.627503299143 41.87686736408)
748682521681cec101a587baf6b7724909a1cb1597f8669805b70f18b90b0afef192e0c6b6395769f0b05bf8b9ab7f0713f0c16ee99aa3fda7ca5a77fab3eda2,,07/06/2025 03:30:00 PM,30,TRAFFIC SIGNAL,FUNCTIONING PROPERLY,CLEAR,DAYLIGHT,SIDESWIPE SAME DIRECTION,DIVIDED - W/MEDIAN (NOT RAISED),,STRAIGHT AND LEVEL,DRY,NO DEFECTS,NOT ON SCENE (DESK REPORT),NO INJURY / DRIVE AWAY,,,Y,"OVER $1,500",07/06/2025 04:32:00 PM,FOLLOWING TOO CLOSELY,UNABLE TO DETERMINE,9801,S,WESTERN AVE,2213,,,,,,,2,NO INDICATION OF INJURY,0,0,0,0,0,2,0,15,1,7,41.7154087826,-87.6817477896,POINT (-87.681747789637 41.715408782633)
496b229ee5de322e99d057a6dfa2945f937693b0ee6d49bb12dd3505928596f56419132da6cde6d5b27b42f2f2efc04e76be0ad7b0497dd8296632f191679640,,07/06/2025 03:25:00 PM,30,TRAFFIC SIGNAL,FUNCTIONING PROPERLY,CLEAR,DAYLIGHT,SIDESWIPE SAME DIRECTION,NOT DIVIDED,,STRAIGHT AND LEVEL,DRY,NO DEFECTS,,NO INJURY / DRIVE AWAY,,,,$500 OR LESS,07/06/2025 04:00:00 PM,FAILING TO YIELD RIGHT-OF-WAY,IMPROPER OVERTAKING/PASSING,2919,W,FULLERTON AVE,1414,,,,,,,2,NO INDICATION OF INJURY,0,0,0,0,0,6,0,15,1,7,41.9246646438,-87.7007850916,POINT (-87.700785091575 41.924664643837)
14024649b2c76ed826e701c56e7d7f8f8b789377d9de32fd7de698fb8e3bfa9d080484c03a15b2ab0bb5e354a4a0607d231b7c41c63a00fbb5b3e11ca86bf85a,,07/06/2025 03:24:00 PM,30,TRAFFIC SIGNAL,FUNCTIONING PROPERLY,CLOUDY/OVERCAST,DAYLIGHT,TURNING,FOUR WAY,,STRAIGHT AND LEVEL,DRY,UNKNOWN,ON SCENE,INJURY AND / OR TOW DUE TO CRASH,Y,,,"OVER $1,500",07/06/2025 03:25:00 PM,UNABLE TO DETERMINE,UNABLE TO DETERMINE,3158,N,KEDZIE AVE,1412,,,,,,,2,NONINCAPACITATING INJURY,2,0,0,2,0,1,0,15,1,7,41.9391081712,-87.7078279058,POINT (-87.707827905818 41.939108171189)
f88cfb73c907801a4bf865e8a6de3f93dfbc7b993264052321f08f290b76fb1cff31a2e9ec7f80da9de0e471f25f45dd87c8662ce3ecc2ef2421e183fd4a6396,,07/06/2025 03:23:00 PM,20,NO CONTROLS,NO CONTROLS,CLEAR,DAWN,REAR TO SIDE,PARKING LOT,,STRAIGHT AND LEVEL,DRY,NO DEFECTS,NOT ON SCENE (DESK REPORT),NO INJURY / DRIVE AWAY,,Y,,"OVER $1,500",07/06/2025 03:40:00 PM,UNABLE TO DETERMINE,UNABLE TO DETERMINE,555,W,MADISON ST,121,,,,,,,2,NO INDICATION OF INJURY,0,0,0,0,0,2,0,15,1,7,41.8817375162,-87.6418080251,POINT (-87.641808025103 41.881737516212)
d8785bc00eacb97278fc41d36b81e60f06ebf66f025e0a994065a48ee96401f707bf26505e0d3e0158f736310b006c07f3e10710ba9a1e23c5081e5244fe1a88,,07/06/2025 03:20:00 PM,30,TRAFFIC SIGNAL,FUNCTIONING PROPERLY,RAIN,DAYLIGHT,TURNING,NOT DIVIDED,,STRAIGHT AND LEVEL,WET,NO DEFECTS,NOT ON SCENE (DESK REPORT),NO INJURY / DRIVE AWAY,,,,$500 OR LESS,07/06/2025 04:00:00 PM,IMPROPER TURNING/NO SIGNAL,UNABLE TO DETERMINE,6400,N,AVONDALE AVE,1612,,,,,,,2,NO INDICATION OF INJURY,0,0,0,0,0,2,0,15,1,7,41.9970787668,-87.8105207989,POINT (-87.810520798856 41.997078766837)
fa3e0497f1c5be75422abb801ec4e0ca9a875d11c8eb159bea100b147cf3d55b0ace79ffc474745ed30ebf83d08a567bd2435f4f816143aeb56d4565f6fbd0c1,,07/06/2025 03:15:00 PM,30,NO CONTROLS,NO CONTROLS,CLEAR,DAYLIGHT,FIXED OBJECT,NOT DIVIDED,,STRAIGHT AND LEVEL,DRY,NO DEFECTS,ON SCENE,INJURY AND / OR TOW DUE TO CRASH,,,,"OVER $1,500",07/06/2025 03:30:00 PM,UNABLE TO DETERMINE,NOT APPLICABLE,4200,W,LAKE ST,1114,,,,,,,1,NONINCAPACITATING INJURY,1,0,0,1,0,1,0,15,1,7,41.8858584262,-87.7308374451,POINT (-87.730837445119 41.885858426161)
6518a121ba60fa1be867b87feafd6c246603f4ad707e4e606f9eb4594edbe86ae5832c91a80d1a25496c473b661b127925b01bd4a50fb159f2d23afc8c475371,,07/06/2025 03:06:00 PM,20,NO CONTROLS,NO CONTROLS,UNKNOWN,DAYLIGHT,REAR TO SIDE,ALLEY,,STRAIGHT AND LEVEL,UNKNOWN,NO DEFECTS,ON SCENE,INJURY AND / OR TOW DUE TO CRASH,,,,"OVER $1,500",07/06/2025 03:54:00 PM,UNABLE TO DETERMINE,UNABLE TO DETERMINE,8421,W,BRYN MAWR AVE,1614,,,,,,,2,NO INDICATION OF INJURY,0,0,0,0,0,2,0,15,1,7,41.9809996266,-87.8376570772,POINT (-87.837657077242 41.98099962665)
d647f65ab04889ed413081eca6ab62ddfc3a0cd13f29ee394ca78445059ce03072319b7ad1f13f5bb4f4fb8cc0e0009488c69ecbd813bf14c9b508edc400db58,,07/06/2025 03:04:00 PM,30,NO CONTROLS,NO CONTROLS,CLEAR,DAYLIGHT,PEDALCYCLIST,NOT DIVIDED,,STRAIGHT AND LEVEL,DRY,NO DEFECTS,ON SCENE,INJURY AND / OR TOW DUE TO CRASH,,,,$500 OR LESS,07/06/2025 04:34:00 PM,NOT APPLICABLE,NOT APPLICABLE,1946,N,HALSTED ST,1813,,,Y,,,,2,NONINCAPACITATING INJURY,1,0,0,1,0,2,0,15,1,7,41.9173285093,-87.6486198359,POINT (-87.648619835921 41.917328509318)
07fdac9772631f35e648b167d9cccc6f6c9f2294bfc3d005e498791085d3ed82f8ebe448c1e542f775c6d7979ef87e936b130d69f1e62e74e3ba18de46ceab1e,,07/06/2025 03:00:00 PM,30,NO CONTROLS,NO CONTROLS,CLEAR,DAYLIGHT,REAR END,DIVIDED - W/MEDIAN (NOT RAISED),,STRAIGHT AND LEVEL,DRY,UNKNOWN,NOT ON SCENE (DESK REPORT),INJURY AND / OR TOW DUE TO CRASH,,,,"OVER $1,500",07/06/2025 05:30:00 PM,FAILING TO YIELD RIGHT-OF-WAY,NOT APPLICABLE,2108,W,FULLERTON AVE,1432,Y,,,,,,2,"REPORTED, NOT EVIDENT",2,0,0,0,2,1,0,15,1,7,41.9250985613,-87.6808491759,POINT (-87.680849175942 41.925098561348)
5c7c34e60812250eea634ec66d62dd122d5924c3d21e92a550a589eb5843ff485b6a508b0dd8549a3705458c05f3b90a5e206f910ba32bc2f89c5823291e7b13,,07/06/2025 03:00:00 PM,25,NO CONTROLS,NO CONTROLS,CLOUDY/OVERCAST,DAYLIGHT,PARKED MOTOR VEHICLE,NOT DIVIDED,,STRAIGHT AND LEVEL,DRY,NO DEFECTS,NOT ON SCENE (DESK REPORT),NO INJURY / DRIVE AWAY,,,Y,"OVER $1,500",07/06/2025 07:20:00 PM,UNABLE TO DETERMINE,UNABLE TO DETERMINE,1817,W,CONGRESS PKWY,1231,,,,,,,2,NO INDICATION OF INJURY,0,0,0,0,0,1,0,15,1,7,41.8749748713,-87.6723113653,POINT (-87.67231136532 41.874974871336)
a8c06ebefefbd5df55476305071b6b79f0a4299d32aa49d8aaafe2d6ce21f28fa4d5d47c56430184431bf5bef473cd7f882bce5c99b5a77b1d1e176dda72974a,,07/06/2025 03:00:00 PM,30,TRAFFIC SIGNAL,FUNCTIONING PROPERLY,CLEAR,DAYLIGHT,REAR END,NOT DIVIDED,,STRAIGHT AND LEVEL,DRY,NO DEFECTS,NOT ON SCENE (DESK REPORT),NO INJURY / DRIVE AWAY,,,,"$501 - $1,500",07/06/2025 03:30:00 PM,FOLLOWING TOO CLOSELY,NOT APPLICABLE,1800,S,ASHLAND AVE,1234,,,,,,,2,NO INDICATION OF INJURY,0,0,0,0,0,4,0,15,1,7,41.8577487693,-87.6662852177,POINT (-87.666285217697 41.857748769318)
fbdfe931be67ec85cb555b057a227b7d84353da25febca7da8e172a36244ec58024a52466ec4a552e2d0444f156fb312c2e8e3297be685dc363601651b264cc2,,07/06/2025 03:00:00 PM,30,NO CONTROLS,NO CONTROLS,CLEAR,DAYLIGHT,REAR END,NOT DIVIDED,,STRAIGHT AND LEVEL,DRY,NO DEFECTS,NOT ON SCENE (DESK REPORT),NO INJURY / DRIVE AWAY,,,,"OVER $1,500",07/06/2025 03:35:00 PM,UNABLE TO DETERMINE,NOT APPLICABLE,2518,W,MONTROSE AVE,1911,,,,,,,2,NO INDICATION OF INJURY,0,0,0,0,0,2,0,15,1,7,41.9614010027,-87.6919969974,POINT (-87.691996997399 41.961401002677)
32e26f0f33176e6ab713dd48d5a862565d398da11aceee4547c72fce4c38d465dfb5a9668135b668f5584519691a65fbccc6c372d00a9213e658dd371c13a95b,,07/06/2025 02:56:00 PM,30,TRAFFIC SIGNAL,FUNCTIONING PROPERLY,CLEAR,DAYLIGHT,REAR END,DIVIDED - W/MEDIAN BARRIER,,STRAIGHT AND LEVEL,DRY,NO DEFECTS,NOT ON SCENE (DESK REPORT),NO INJURY / DRIVE AWAY,Y,,Y,"OVER $1,500",07/06/2025 03:33:00 PM,FOLLOWING TOO CLOSELY,UNABLE TO DETERMINE,11100,S,WESTERN AVE,2212,,,,,,,2,NO INDICATION OF INJURY,0,0,0,0,0,3,0,14,1,7,41.6917273878,-87.6813001283,POINT (-87.681300128278 41.691727387818)
f52d09c8ff3c7c28bbdee781f8de8e48007376fefb3cfedecc8ee0de0b078381afa32b8b6c10bcbd46584cd121176d26eccdbabb0f3b1b5e4cc12ae4da8fd2fd,,07/06/2025 02:48:00 PM,15,NO CONTROLS,NO CONTROLS,CLEAR,DAYLIGHT,REAR TO SIDE,ALLEY,,STRAIGHT AND LEVEL,DRY,NO DEFECTS,NOT ON SCENE (DESK REPORT),NO INJURY / DRIVE AWAY,,,,$500 OR LESS,07/06/2025 03:45:00 PM,"VISION OBSCURED (SIGNS, TREE LIMBS, BUILDINGS, ETC.)",NOT APPLICABLE,1929,N,DRAKE AVE,1422,,,,,,,2,NO INDICATION OF INJURY,0,0,0,0,0,3,0,14,1,7,41.9163284201,-87.7149775129,POINT (-87.714977512924 41.916328420071)
1f2ad3be40b413ee4a027e65875e5579f72d39b7f34a3464238e53102f50af71442fe242edafeaf69551d1bf57b344dd036e0e333f50486c92cf84ef951693e5,,07/06/2025 02:45:00 PM,20,NO CONTROLS,NO CONTROLS,CLOUDY/OVERCAST,DAYLIGHT,SIDESWIPE SAME DIRECTION,NOT DIVIDED,,STRAIGHT AND LEVEL,DRY,NO DEFECTS,ON SCENE,NO INJURY / DRIVE AWAY,,,,"OVER $1,500",07/06/2025 02:48:00 PM,UNABLE TO DETERMINE,NOT APPLICABLE,5412,N,CLARK ST,2012,,,,,,,2,NO INDICATION OF INJURY,0,0,0,0,0,2,0,14,1,7,41.9802355783,-87.6684559008,POINT (-87.668455900847 41.980235578266)
4efdac90fc6b3f0fb4c8b05f862567883fa600d316edb2b9f3221a14cdec272b7a33bcd35e8b992bb21b420ac35c8bfd09bc121759f4c3ad39b1a3649e234e02,,07/06/2025 02:42:00 PM,30,NO CONTROLS,UNKNOWN,CLEAR,DAYLIGHT,PARKED MOTOR VEHICLE,DIVIDED - W/MEDIAN (NOT RAISED),,STRAIGHT AND LEVEL,DRY,UNKNOWN,ON SCENE,NO INJURY / DRIVE AWAY,,,Y,"OVER $1,500",07/06/2025 02:42:00 PM,UNABLE TO DETERMINE,UNABLE TO DETERMINE,214,E,83RD ST,631,,,,,,,3,NO INDICATION OF INJURY,0,0,0,0,0,1,0,14,1,7,41.7438541194,-87.6188564624,POINT (-87.618856462376 41.743854119375)
b0cde41b8def5c37e22efed1fe49f02e81b8f7ece6ab713d102db7f2d0a5c352d8e7962d46b462f781b1f5f1d1e1678e55a83943dffd7dc6bcba06285c0358e0,,07/06/2025 02:32:00 PM,30,STOP SIGN/FLASHER,FUNCTIONING PROPERLY,CLEAR,DAYLIGHT,ANGLE,NOT DIVIDED,,STRAIGHT AND LEVEL,DRY,NO DEFECTS,NOT ON SCENE (DESK REPORT),INJURY AND / OR TOW DUE TO CRASH,Y,,,"OVER $1,500",07/08/2025 11:42:00 AM,UNABLE TO DETERMINE,UNABLE TO DETERMINE,7600,S,HARVARD AVE,623,,,,,,,2,"REPORTED, NOT EVIDENT",1,0,0,0,1,1,0,14,1,7,41.7562349062,-87.6329698662,POINT (-87.632969866207 41.756234906187)
17d040d17944afd3a84e041ee5e5977c5aa55b80d981818f5b220bda2a21c7cca1aa800df04be678b54a7c1ddae37dc030de1f98253f685b3573ec7449611639,,07/06/2025 02:30:00 PM,25,TRAFFIC SIGNAL,WORN REFLECTIVE MATERIAL,CLEAR,DAYLIGHT,TURNING,FOUR WAY,,STRAIGHT AND LEVEL,DRY,NO DEFECTS,ON SCENE,INJURY AND / OR TOW DUE TO CRASH,Y,,,"OVER $1,500",07/06/2025 02:35:00 PM,FAILING TO YIELD RIGHT-OF-WAY,TURNING RIGHT ON RED,5100,S,CALIFORNIA AVE,923,,,,,,,2,"REPORTED, NOT EVIDENT",1,0,0,0,1,1,0,14,1,7,41.8008956363,-87.6941441217,POINT (-87.694144121738 41.800895636272)
63475656912c8d4c43a319a3426b7c906a0330ea5ed2f5e864158f4a42bcd7d56a63c7d9134129f19097d2cbcaa2e4ece7815fde617ec9b7e109d6d2334c4daa,,07/06/2025 02:30:00 PM,30,TRAFFIC SIGNAL,FUNCTIONING PROPERLY,CLEAR,DAYLIGHT,REAR END,DIVIDED - W/MEDIAN (NOT RAISED),,STRAIGHT AND LEVEL,DRY,NO DEFECTS,ON SCENE,NO INJURY / DRIVE AWAY,Y,,,$500 OR LESS,07/06/2025 02:45:00 PM,FAILING TO REDUCE SPEED TO AVOID CRASH,"DISTRACTION - OTHER ELECTRONIC DEVICE (NAVIGATION DEVICE, DVD PLAYER, ETC.)",3359,N,HARLEM AVE,1632,,,,,,,2,NO INDICATION OF INJURY,0,0,0,0,0,2,0,14,1,7,41.9414631513,-87.8067227864,POINT (-87.806722786353 41.941463151346)
ffba0c8218155d7612c3d0bebddf7c865e2ea5ae611f0040efce98aefd6997c7977ee152a99dd6636a9b1312ad528889dc1bc80e6526981b9273d265f798e344,,07/06/2025 02:30:00 PM,25,OTHER,NO CONTROLS,CLEAR,DAYLIGHT,PARKED MOTOR VEHICLE,TRAFFIC ROUTE,,STRAIGHT AND LEVEL,DRY,NO DEFECTS,NOT ON SCENE (DESK REPORT),NO INJURY / DRIVE AWAY,,,Y,"OVER $1,500",07/07/2025 05:52:00 PM,UNABLE TO DETERMINE,NOT APPLICABLE,5159,S,COTTAGE GROVE AVE,233,,,,,,,2,NO INDICATION OF INJURY,0,0,0,0,0,1,0,14,1,7,41.8004830628,-87.6062074994,POINT (-87.606207499367 41.800483062837)
878c29c245475eba17ab95f06f08671b9ccb5a7461500759e250767ae77dcbb6369d22a066bc3a3dedb318ec6e80724d9cb8557d575c3bde91df59a523f747b6,,07/06/2025 02:25:00 PM,30,NO CONTROLS,NO CONTROLS,CLEAR,DAYLIGHT,SIDESWIPE SAME DIRECTION,NOT DIVIDED,,STRAIGHT AND LEVEL,DRY,NO DEFECTS,NOT ON SCENE (DESK REPORT),NO INJURY / DRIVE AWAY,,,,"OVER $1,500",07/06/2025 03:15:00 PM,FAILING TO YIELD RIGHT-OF-WAY,NOT APPLICABLE,400,E,LOWER WACKER DR,114,,,,,,,2,NO INDICATION OF INJURY,0,0,0,0,0,2,0,14,1,7,41.8875511317,-87.6173560083,POINT (-87.617356008287 41.8875511317)
8124739000937f0edaf622fada4142259b6c931d17ddb6ad6cd854a3dfd9f55e2d0067c963016f6917145e24eb63590b826461d1c4120607374ca24a985b914a,,07/06/2025 02:20:00 PM,15,NO CONTROLS,NO CONTROLS,CLOUDY/OVERCAST,DAYLIGHT,ANGLE,ALLEY,,STRAIGHT AND LEVEL,DRY,NO DEFECTS,NOT ON SCENE (DESK REPORT),NO INJURY / DRIVE AWAY,,,,"OVER $1,500",07/06/2025 03:30:00 PM,FAILING TO YIELD RIGHT-OF-WAY,UNABLE TO DETERMINE,3742,W,LAWRENCE AVE,1712,,,,,,,2,NO INDICATION OF INJURY,0,0,0,0,0,2,0,14,1,7,41.9684132643,-87.722374873,POINT (-87.722374872954 41.968413264296)
b10da343b7d5186c0d67098b2717f97bc8ae1ef8ae4d94ba495ea869b69325bfd2dc7b184aec1bcbb54a22cfe3a350bd699020a1b811f11af54654275ebdaef8,,07/06/2025 02:20:00 PM,30,TRAFFIC SIGNAL,FUNCTIONING PROPERLY,CLEAR,DAYLIGHT,TURNING,FOUR WAY,,STRAIGHT AND LEVEL,DRY,NO DEFECTS,NOT ON SCENE (DESK REPORT),NO INJURY / DRIVE AWAY,,,,"$501 - $1,500",07/06/2025 03:00:00 PM,FAILING TO YIELD RIGHT-OF-WAY,FOLLOWING TOO CLOSELY,106,W,CERMAK RD,131,,,,,,,2,NO INDICATION OF INJURY,0,0,0,0,0,3,0,14,1,7,41.8529885481,-87.6297071384,POINT (-87.62970713837 41.852988548133)
570a18b21e2df22f4cc571be2651a1487e1cb3f125807fe7048ee74094344ddb56825f65d4f022851197532f1aa5669600fdf28b7559ce9deb24ec5dce2dff1d,,07/06/2025 02:15:00 PM,30,NO CONTROLS,NO CONTROLS,CLEAR,DAYLIGHT,REAR END,DIVIDED - W/MEDIAN (NOT RAISED),,STRAIGHT AND LEVEL,DRY,NO DEFECTS,NOT ON SCENE (DESK REPORT),NO INJURY / DRIVE AWAY,,,,"OVER $1,500",07/06/2025 02:50:00 PM,FOLLOWING TOO CLOSELY,UNABLE TO DETERMINE,11055,S,PULASKI RD,2211,,,,,,,2,NO INDICATION OF INJURY,0,0,0,0,0,4,0,14,1,7,41.6914867787,-87.7201789194,POINT (-87.720178919399 41.691486778702)
5638d032a53563a7ac67167adcf92556fc73ca86accb22b4ef3636bfa357131639a8dc36f9c27ffcb89ac8f080e2bfa431e553a01938fc56e51601ef375f67ae,,07/06/2025 02:12:00 PM,30,TRAFFIC SIGNAL,FUNCTIONING PROPERLY,CLEAR,DAYLIGHT,SIDESWIPE SAME DIRECTION,NOT DIVIDED,,STRAIGHT AND LEVEL,DRY,UNKNOWN,ON SCENE,NO INJURY / DRIVE AWAY,,,,"OVER $1,500",07/06/2025 02:15:00 PM,FAILING TO YIELD RIGHT-OF-WAY,NOT APPLICABLE,2002,S,WENTWORTH AVE,914,,,,,,,2,NO INDICATION OF INJURY,0,0,0,0,0,2,0,14,1,7,41.8552817038,-87.6319926423,POINT (-87.631992642294 41.855281703774)
3df91361b0b86480ec529b33159b7fd9232f2682411bdfeb46b4f06dff6d0a74eb55853f6f89cbf4aaeb41e28b828548a748b8fdda236b973246b93a852891e5,,07/06/2025 02:00:00 PM,30,NO CONTROLS,NO CONTROLS,CLEAR,DAYLIGHT,PARKED MOTOR VEHICLE,NOT DIVIDED,,STRAIGHT AND LEVEL,DRY,NO DEFECTS,ON SCENE,NO INJURY / DRIVE AWAY,,Y,Y,$500 OR LESS,07/07/2025 03:27:00 PM,IMPROPER LANE USAGE,NOT APPLICABLE,6543,W,DICKENS AVE,2512,,,,,,,2,NO INDICATION OF INJURY,0,0,0,0,0,1,0,14,1,7,41.918561082,-87.7883966247,POINT (-87.788396624718 41.918561082024)
54c3ab8ef5513e1e91a747fab721e33a2ce04bb2adc57221c0741bade2737a6c5aa226a9ce34cbc59d9dd651fd3cad33d054605112d8c8143f4ae94b238681c6,,07/06/2025 02:00:00 PM,30,UNKNOWN,UNKNOWN,CLEAR,DAYLIGHT,REAR END,NOT DIVIDED,,STRAIGHT AND LEVEL,DRY,UNKNOWN,NOT ON SCENE (DESK REPORT),NO INJURY / DRIVE AWAY,,,,"$501 - $1,500",07/06/2025 03:34:00 PM,FOLLOWING TOO CLOSELY,FOLLOWING TOO CLOSELY,1030,N,CLARK ST,1824,,,,,,,2,NO INDICATION OF INJURY,0,0,0,0,0,2,0,14,1,7,41.9015319827,-87.6315260681,POINT (-87.631526068052 41.901531982704)
572f3b086ebb71aa144f818cebf0472f7f094a61299f8d2ff4e26907232242a9cc46f2d96b1dc84f67d984a6167338683184b7e47228480d4ca5915546aca9c6,Y,07/06/2025 02:00:00 PM,20,NO CONTROLS,NO CONTROLS,CLEAR,DAYLIGHT,PARKED MOTOR VEHICLE,ONE-WAY,,STRAIGHT AND LEVEL,DRY,NO DEFECTS,NOT ON SCENE (DESK REPORT),NO INJURY / DRIVE AWAY,,,Y,"OVER $1,500",07/07/2025 07:10:00 PM,IMPROPER TURNING/NO SIGNAL,NOT APPLICABLE,606,W,MELROSE ST,1925,,,,,,,2,NO INDICATION OF INJURY,0,0,0,0,0,1,0,14,1,7,41.9412362619,-87.6447839233,POINT (-87.644783923258 41.941236261897)
c3447fa672beff1ff6a29919a6ac588f77f126ccd5d3f07f642ef49dc989cf37559e9ba34449975232315acad914ff7f9aaff7c6eea327c47c1073d99cff791d,Y,07/06/2025 02:00:00 PM,25,NO CONTROLS,NO CONTROLS,CLEAR,UNKNOWN,PARKED MOTOR VEHICLE,PARKING LOT,,STRAIGHT AND LEVEL,UNKNOWN,UNKNOWN,ON SCENE,NO INJURY / DRIVE AWAY,,,Y,"OVER $1,500",07/07/2025 11:37:00 PM,UNABLE TO DETERMINE,NOT APPLICABLE,6543,W,DICKENS AVE,2512,,,,,,,2,NO INDICATION OF INJURY,0,0,0,0,0,1,0,14,1,7,41.918561082,-87.7883966247,POINT (-87.788396624718 41.918561082024)
d358b50fd4b05eae45727fdc13e1a62ce50978c45713706ae4cfbc6371310ec9a7cc6159b3e3ebb54c9d4e960ea3bbcd1f862d6484481cdd714bd920cf55de44,,07/06/2025 02:00:00 PM,10,NO CONTROLS,NO CONTROLS,CLEAR,DAYLIGHT,PARKED MOTOR VEHICLE,PARKING LOT,,STRAIGHT AND LEVEL,DRY,NO DEFECTS,NOT ON SCENE (DESK REPORT),NO INJURY / DRIVE AWAY,,Y,Y,"$501 - $1,500",07/06/2025 03:46:00 PM,NOT APPLICABLE,NOT APPLICABLE,5139,S,PULASKI RD,822,,,,,,,2,NO INDICATION OF INJURY,0,0,0,0,0,1,0,14,1,7,41.7993204319,-87.723190711,POINT (-87.72319071101 41.799320431921)
5b0e628a57b174d700127087c1a895db796e14b7a989abe68f0505e41e55320cba74c9d694b29f0a47e94a407b6fe07fcea9777fab440080a6c0334bf0e3dd5b,,07/06/2025 01:55:00 PM,30,STOP SIGN/FLASHER,FUNCTIONING PROPERLY,CLEAR,DAYLIGHT,REAR END,NOT DIVIDED,,STRAIGHT AND LEVEL,DRY,NO DEFECTS,NOT ON SCENE (DESK REPORT),INJURY AND / OR TOW DUE TO CRASH,,,,$500 OR LESS,07/06/2025 02:10:00 PM,"DISTRACTION - OTHER ELECTRONIC DEVICE (NAVIGATION DEVICE, DVD PLAYER, ETC.)",FOLLOWING TOO CLOSELY,3300,N,ELSTON AVE,1733,,,,,,,2,"REPORTED, NOT EVIDENT",1,0,0,0,1,1,0,13,1,7,41.9413159833,-87.7013367417,POINT (-87.701336741734 41.941315983345)