CRASH_RECORD_ID,CRASH_DATE_EST_I,CRASH_DATE,POSTED_SPEED_LIMIT,TRAFFIC_CONTROL_DEVICE,DEVICE_CONDITION,WEATHER_CONDITION,LIGHTING_CONDITION,FIRST_CRASH_TYPE,TRAFFICWAY_TYPE,LANE_CNT,ALIGNMENT,ROADWAY_SURFACE_COND,ROAD_DEFECT,REPORT_TYPE,CRASH_TYPE,INTERSECTION_RELATED_I,NOT_RIGHT_OF_WAY_I,HIT_AND_RUN_I,DAMAGE,DATE_POLICE_NOTIFIED,PRIM_CONTRIBUTORY_CAUSE,SEC_CONTRIBUTORY_CAUSE,STREET_NO,STREET_DIRECTION,STREET_NAME,BEAT_OF_OCCURRENCE,PHOTOS_TAKEN_I,STATEMENTS_TAKEN_I,DOORING_I,WORK_ZONE_I,WORK_ZONE_TYPE,WORKERS_PRESENT_I,NUM_UNITS,MOST_SEVERE_INJURY,INJURIES_TOTAL,INJURIES_FATAL,INJURIES_INCAPACITATING,INJURIES_NON_INCAPACITATING,INJURIES_REPORTED_NOT_EVIDENT,INJURIES_NO_INDICATION,INJURIES_UNKNOWN,CRASH_HOUR,CRASH_DAY_OF_WEEK,CRASH_MONTH,LATITUDE,LONGITUDE,LOCATION
896a46a74fa0c5fd602280f12eccd692c7e1042ce16af77324814755e9ba9cd62d5d9b3bfbab836749e6fa30c6be2bbfd55058faf0380d62e772d1661ba54ca1,,07/06/2025 01:45:00 PM,30,NO CONTROLS,NO CONTROLS,CLEAR,DAYLIGHT,REAR END,DIVIDED - W/MEDIAN BARRIER,,STRAIGHT AND LEVEL,DRY,NO DEFECTS,NOT ON SCENE (DESK REPORT),NO INJURY / DRIVE AWAY,,,,"OVER $1,500",07/06/2025 02:20:00 PM,FOLLOWING TOO CLOSELY,UNABLE TO DETERMINE,1821,W,95TH ST,2213,,,,,,,2,NO INDICATION OF INJURY,0,0,0,0,0,2,0,13,1,7,41.721022605,-87.668378105,POINT (-87.668378105039 41.721022604969)
df0b78ac2e6cca677eddfbe35ddbeeacf755e924e8cf5ed9a4790d75fbdd289c93a1b4d4340f33e8aeb421b98920b3f3636469a8277b35052c5d0b15cf252e3f,,07/06/2025 01:45:00 PM,10,NO CONTROLS,NO CONTROLS,CLEAR,DAYLIGHT,REAR TO REAR,PARKING LOT,,STRAIGHT AND LEVEL,UNKNOWN,UNKNOWN,NOT ON SCENE (DESK REPORT),NO INJURY / DRIVE AWAY,,,,"OVER $1,500",07/06/2025 02:02:00 PM,IMPROPER BACKING,IMPROPER BACKING,5033,N,ELSTON AVE,1712,,,,,,,2,NO INDICATION OF INJURY,0,0,0,0,0,8,0,13,1,7,41.9723492826,-87.7468250858,POINT (-87.746825085785 41.97234928256)
fdfed74184019d3be979d59f7dae80f929327590248506e2fc1a89886e58e7ea2f21cbff2731f078b1ccae6ea0ce4959da0c56f8033f4c9977df722ab7ed9811,,07/06/2025 01:40:00 PM,30,TRAFFIC SIGNAL,FUNCTIONING PROPERLY,CLEAR,DAYLIGHT,TURNING,NOT DIVIDED,,STRAIGHT AND LEVEL,DRY,NO DEFECTS,NOT ON SCENE (DESK REPORT),NO INJURY / DRIVE AWAY,Y,,,"OVER $1,500",07/06/2025 04:40:00 PM,IMPROPER TURNING/NO SIGNAL,IMPROPER LANE USAGE,104,N,MORGAN ST,1224,,,,,,,2,NO INDICATION OF INJURY,0,0,0,0,0,2,0,13,1,7,41.8832332302,-87.6522236956,POINT (-87.652223695627 41.883233230181)
44cf05f8f71d6358430137cb4bc18206c0be56e77372fd42ec73da026496f1484498445231d21cd1ad114686181ec5f4afe3a0333576d2df79f0e471844b5392,,07/06/2025 01:30:00 PM,30,STOP SIGN/FLASHER,FUNCTIONING PROPERLY,CLEAR,DAYLIGHT,TURNING,T-INTERSECTION,,STRAIGHT AND LEVEL,DRY,UNKNOWN,ON SCENE,NO INJURY / DRIVE AWAY,,,Y,"$501 - $1,500",07/06/2025 03:47:00 PM,FAILING TO YIELD RIGHT-OF-WAY,NOT APPLICABLE,4335,W,26TH ST,1031,,,,,,,2,NO INDICATION OF INJURY,0,0,0,0,0,2,0,13,1,7,41.8440327965,-87.7324328647,POINT (-87.73243286472 41.844032796507)
c6ff574103933b7da3594ae305f82f0ed3ee1c2f915a97bdfb59ad54bf2c344c863cfef222c25d8d549ddd611a70bd0205719f9b41f0c506fba45584296c35c4,,07/06/2025 01:20:00 PM,30,NO CONTROLS,NO CONTROLS,UNKNOWN,DAYLIGHT,REAR END,DIVIDED - W/MEDIAN (NOT RAISED),,STRAIGHT AND LEVEL,UNKNOWN,UNKNOWN,NOT ON SCENE (DESK REPORT),NO INJURY / DRIVE AWAY,,,Y,"OVER $1,500",07/14/2025 02:27:00 PM,FOLLOWING TOO CLOSELY,FAILING TO REDUCE SPEED TO AVOID CRASH,2358,W,DIVERSEY AVE,1432,,,,,,,2,NO INDICATION OF INJURY,0,0,0,0,0,2,0,13,1,7,41.9322878197,-87.6877600124,POINT (-87.687760012447 41.932287819694)
3b2f8be4edd7887b26fe1bbb55429a12cfc78e0bd7aab55ad78c32acd5a1592c9fb18bc7e872048fe2b7f89e61c5e72bbf7070cdf9b6a3e2ae2f91a63162bd51,,07/06/2025 01:18:00 PM,30,NO CONTROLS,NO CONTROLS,UNKNOWN,DAYLIGHT,TURNING,PARKING LOT,,STRAIGHT AND LEVEL,UNKNOWN,UNKNOWN,NOT ON SCENE (DESK REPORT),NO INJURY / DRIVE AWAY,,,,"OVER $1,500",07/06/2025 02:20:00 PM,UNABLE TO DETERMINE,NOT APPLICABLE,4821,W,NORTH AVE,2533,,,,,,,2,NO INDICATION OF INJURY,0,0,0,0,0,3,0,13,1,7,41.9095051477,-87.7469599363,POINT (-87.746959936272 41.909505147743)
1057bdfae6d70a9fdf2c296eed787a0be0116d9c9c9105b3031f4dddc6c285a71c716245b47a553a857926a78aaa508cc1a3c0669f78727fbe1d9e7b39009826,,07/06/2025 01:15:00 PM,30,NO CONTROLS,NO CONTROLS,CLEAR,DAYLIGHT,SIDESWIPE SAME DIRECTION,ONE-WAY,,STRAIGHT AND LEVEL,DRY,NO DEFECTS,NOT ON SCENE (DESK REPORT),NO INJURY / DRIVE AWAY,,,,"OVER $1,500",07/07/2025 07:20:00 PM,NOT APPLICABLE,NOT APPLICABLE,162,N,DEARBORN ST,111,,,,,,,2,NO INDICATION OF INJURY,0,0,0,0,0,2,0,13,1,7,41.8848899784,-87.6296183721,POINT (-87.629618372133 41.884889978391)
36d9d566f349ccb27b4aa7a2f507a7d86a37f25c0be3f36905821304324ce6135e52dcaad7fd006c33719e1d76d445a4b358e93ebb423d6079b9cfb5f5eb69ed,,07/06/2025 01:15:00 PM,30,NO CONTROLS,NO CONTROLS,UNKNOWN,DAYLIGHT,ANGLE,NOT DIVIDED,,STRAIGHT AND LEVEL,UNKNOWN,UNKNOWN,NOT ON SCENE (DESK REPORT),NO INJURY / DRIVE AWAY,,,,"OVER $1,500",07/06/2025 03:54:00 PM,UNABLE TO DETERMINE,UNABLE TO DETERMINE,4225,W,ARMITAGE AVE,2534,,,,,,,2,NO INDICATION OF INJURY,0,0,0,0,0,3,0,13,1,7,41.9169782,-87.7326054445,POINT (-87.732605444482 41.916978200029)
1299a00b10cefe827cd437d833c2e3bfc72bd8de67d9a5c8acea87335a1e7dda29a55fd3c0abfaa866204e9b47656208cd2fe73e4e7045d5f77932b0d0d4108a,,07/06/2025 01:00:00 PM,30,TRAFFIC SIGNAL,FUNCTIONING PROPERLY,CLEAR,DAYLIGHT,ANGLE,FOUR WAY,,STRAIGHT AND LEVEL,DRY,NO DEFECTS,NOT ON SCENE (DESK REPORT),NO INJURY / DRIVE AWAY,Y,,N,"OVER $1,500",07/13/2025 01:50:00 PM,FAILING TO YIELD RIGHT-OF-WAY,NOT APPLICABLE,1212,W,FOSTER AVE,2013,,,,,,,2,NO INDICATION OF INJURY,0,0,0,0,0,2,0,13,1,7,41.9764237018,-87.6605074869,POINT (-87.660507486937 41.976423701841)
1539c1138652f5b843faeaf1ddead25cf695c5c0f1cd4a45bc0d3eda8e7af55ec23add1de041624542db57e5f873b3d7dbcdeadfc1e295aefd3cdef9aa810a2d,,07/06/2025 01:00:00 PM,30,NO CONTROLS,NO CONTROLS,CLEAR,DAYLIGHT,TURNING,NOT DIVIDED,,STRAIGHT AND LEVEL,DRY,NO DEFECTS,NOT ON SCENE (DESK REPORT),NO INJURY / DRIVE AWAY,,,,"$501 - $1,500",07/06/2025 01:08:00 PM,IMPROPER TURNING/NO SIGNAL,UNABLE TO DETERMINE,1501,W,BELMONT AVE,1933,,,,,,,2,NO INDICATION OF INJURY,0,0,0,0,0,2,0,13,1,7,41.9396184864,-87.6663602297,POINT (-87.666360229704 41.939618486437)
a40014ff04080c4926ecb41799dcdc16509ea162b1ee7dd008558f23b7f3ce802b6377dfa34a68650074f41b3f0612614b466726c924ee10a3fbd3342aa493e4,,07/06/2025 01:00:00 PM,30,UNKNOWN,UNKNOWN,UNKNOWN,UNKNOWN,PARKED MOTOR VEHICLE,ONE-WAY,,STRAIGHT AND LEVEL,UNKNOWN,UNKNOWN,NOT ON SCENE (DESK REPORT),NO INJURY / DRIVE AWAY,,,Y,"OVER $1,500",07/07/2025 03:45:00 PM,UNABLE TO DETERMINE,UNABLE TO DETERMINE,4013,W,HARRISON ST,1132,,,,,,,2,NO INDICATION OF INJURY,0,0,0,0,0,1,0,13,1,7,41.8733317494,-87.7259934695,POINT (-87.72599346946 41.873331749434)
b4dc57b928d6136b61357610757b3cf6df7af048c5d53c1b3d6d703a5555803cef2331953d320a94caec510ef2c2cf9d37e3b9fcf6208d7abc63010bc28582e1,N,07/06/2025 01:00:00 PM,10,NO CONTROLS,NO CONTROLS,CLEAR,DAYLIGHT,PARKED MOTOR VEHICLE,PARKING LOT,,STRAIGHT AND LEVEL,DRY,NO DEFECTS,ON SCENE,NO INJURY / DRIVE AWAY,,,Y,"OVER $1,500",07/06/2025 01:06:00 PM,UNABLE TO DETERMINE,UNABLE TO DETERMINE,4500,N,BROADWAY,1913,Y,Y,,,,,2,NO INDICATION OF INJURY,0,0,0,0,0,1,0,13,1,7,41.9637889643,-87.6566064924,POINT (-87.656606492376 41.963788964252)
c59b86a01d0b07e93c21dafc0e7d06195a8782ebbc47c4ac57ceabc40a4f177b8eea3184467a1543e884338ea39cffd0f9322c7cb7281d55570ae75631b9c200,,07/06/2025 01:00:00 PM,25,NO CONTROLS,NO CONTROLS,CLEAR,DAYLIGHT,SIDESWIPE OPPOSITE DIRECTION,NOT DIVIDED,,STRAIGHT AND LEVEL,DRY,UNKNOWN,NOT ON SCENE (DESK REPORT),NO INJURY / DRIVE AWAY,,,,"OVER $1,500",07/06/2025 01:40:00 PM,UNABLE TO DETERMINE,UNABLE TO DETERMINE,3835,W,26TH ST,1031,,,,,,,2,NO INDICATION OF INJURY,0,0,0,0,0,3,0,13,1,7,41.8441880803,-87.7209498689,POINT (-87.720949868944 41.8441880803)
76d03a0bc8ba8bb8dbeca8c29c2c694052cf7c740bd3f0ec606798deafece315da121564c460051d582bbc2f562d640fdff6b4933af266694b009bef1284119a,,07/06/2025 12:55:00 PM,30,TRAFFIC SIGNAL,UNKNOWN,CLEAR,DAYLIGHT,REAR END,NOT DIVIDED,,STRAIGHT AND LEVEL,UNKNOWN,UNKNOWN,NOT ON SCENE (DESK REPORT),NO INJURY / DRIVE AWAY,,,Y,"OVER $1,500",07/07/2025 01:00:00 PM,UNABLE TO DETERMINE,UNABLE TO DETERMINE,9505,S,WESTERN AVE,2213,,,,,,,2,NO INDICATION OF INJURY,0,0,0,0,0,3,0,12,1,7,41.7207355778,-87.6819112275,POINT (-87.681911227516 41.720735577774)
1d5be0fa76f007c74b0465f864ffb972bd95b0849c8789461b871c0b88f8060d11aaae16f64838f1175106819676114df9cd125dcf53f7bd305303465ac5369d,,07/06/2025 12:30:00 PM,30,NO CONTROLS,NO CONTROLS,CLEAR,DAYLIGHT,PARKED MOTOR VEHICLE,NOT DIVIDED,,STRAIGHT AND LEVEL,DRY,NO DEFECTS,NOT ON SCENE (DESK REPORT),NO INJURY / DRIVE AWAY,,,Y,"OVER $1,500",07/07/2025 11:19:00 AM,FOLLOWING TOO CLOSELY,NOT APPLICABLE,2860,W,21ST ST,1023,,,,,,,2,NO INDICATION OF INJURY,0,0,0,0,0,1,0,12,1,7,41.853830232,-87.697859204,POINT (-87.697859204023 41.853830231983)
eb9029b11922deced096b13ed224eda68c7390540fbfc872977a112646308e26a12c8da203e805611e5452640322d75ca37b3ed24cbf3d6f113c6e8f20299cdd,,07/06/2025 12:30:00 PM,30,NO CONTROLS,NO CONTROLS,CLEAR,DAYLIGHT,TURNING,ONE-WAY,,STRAIGHT AND LEVEL,DRY,NO DEFECTS,ON SCENE,INJURY AND / OR TOW DUE TO CRASH,,,,"OVER $1,500",07/06/2025 12:35:00 PM,IMPROPER TURNING/NO SIGNAL,IMPROPER TURNING/NO SIGNAL,10000,W,OHARE ST,1651,,,,,,,2,NONINCAPACITATING INJURY,1,0,0,1,0,1,0,12,1,7,41.976201139,-87.9053091251,POINT (-87.905309125103 41.976201139024)
0624eeccab914d45e17fd0583b0d45c77006fd04f19ca47c4e6bba218f39f5967ee54d8a8c6cdb5abebefee0346ae261ac0de68552f696dc81b5bcd506007e28,,07/06/2025 12:29:00 PM,0,NO CONTROLS,NO CONTROLS,CLEAR,DAYLIGHT,PARKED MOTOR VEHICLE,PARKING LOT,,STRAIGHT AND LEVEL,DRY,NO DEFECTS,ON SCENE,NO INJURY / DRIVE AWAY,,,,$500 OR LESS,07/06/2025 12:39:00 PM,UNABLE TO DETERMINE,UNABLE TO DETERMINE,1711,W,PETERSON AVE,2012,,,,,,,2,NO INDICATION OF INJURY,0,0,0,0,0,1,0,12,1,7,41.990670826,-87.6721359604,POINT (-87.672135960369 41.990670826023)
45a0778c846ab410ac86d8c0fb11e86fb5a2dc43dbee891ce49fd5e4b39871336cfa52c08489adb75c56b5d565185fb4a5dc1bf60f935a12d360c151885b38f4,,07/06/2025 12:07:00 PM,30,NO CONTROLS,NO CONTROLS,CLEAR,DAYLIGHT,PARKED MOTOR VEHICLE,DIVIDED - W/MEDIAN (NOT RAISED),,STRAIGHT AND LEVEL,DRY,NO DEFECTS,NOT ON SCENE (DESK REPORT),NO INJURY / DRIVE AWAY,,,,"$501 - $1,500",07/07/2025 02:15:00 PM,IMPROPER LANE USAGE,UNABLE TO DETERMINE,4800,W,WASHINGTON BLVD,1532,,,,,,,2,NO INDICATION OF INJURY,0,0,0,0,0,1,0,12,1,7,41.8819259873,-87.7454623611,POINT (-87.745462361128 41.881925987309)
24d244beaa16c52ac5628742ecf4c4d5eb3c809257a3479fb122cef580fb24529618ee2e6caef5915a466fb1126ea1cc604511bde87f3c7b30e9b9eda973c531,,07/06/2025 12:06:00 PM,30,NO CONTROLS,NO CONTROLS,CLEAR,DAYLIGHT,FIXED OBJECT,DIVIDED - W/MEDIAN BARRIER,,"CURVE, LEVEL",DRY,NO DEFECTS,ON SCENE,INJURY AND / OR TOW DUE TO CRASH,,,,"OVER $1,500",07/06/2025 12:06:00 PM,UNABLE TO DETERMINE,UNABLE TO DETERMINE,4830,W,PETERSON AVE,1621,,,,,,,1,NONINCAPACITATING INJURY,1,0,0,1,0,0,0,12,1,7,41.9900218231,-87.7492565545,POINT (-87.749256554454 41.990021823079)
085e11b331fb87baec9aaf9f8acab0da552a03569ffb609c841f1aa371fb53c966ad7f3f404d56563f0ff65659b48df49a7c3f42e3a57b6d6a6aeb698a0bab1b,,07/06/2025 12:00:00 PM,30,NO CONTROLS,NO CONTROLS,CLEAR,DAYLIGHT,REAR TO FRONT,PARKING LOT,,STRAIGHT AND LEVEL,DRY,NO DEFECTS,NOT ON SCENE (DESK REPORT),NO INJURY / DRIVE AWAY,,,,$500 OR LESS,07/06/2025 02:10:00 PM,UNABLE TO DETERMINE,UNABLE TO DETERMINE,3940,W,FULLERTON AVE,2524,,,,,,,2,NO INDICATION OF INJURY,0,0,0,0,0,2,0,12,1,7,41.9246021037,-87.7259506062,POINT (-87.725950606183 41.924602103712)
4a8e2d6b44f540396852fd513bc7a170c30bbba82301a11709baea1f9c05707cb13ccca72f1369719dae40f7ccef0fc9f38319cafb1e982cd013e4d063714a91,,07/06/2025 12:00:00 PM,30,NO CONTROLS,NO CONTROLS,UNKNOWN,UNKNOWN,PARKED MOTOR VEHICLE,FOUR WAY,,STRAIGHT AND LEVEL,UNKNOWN,NO DEFECTS,NOT ON SCENE (DESK REPORT),NO INJURY / DRIVE AWAY,,,,$500 OR LESS,07/15/2025 05:00:00 PM,IMPROPER OVERTAKING/PASSING,NOT APPLICABLE,8300,S,STONY ISLAND AVE,412,,,,,,,2,NO INDICATION OF INJURY,0,0,0,0,0,1,0,12,1,7,41.744151639,-87.585945067,POINT (-87.585945066953 41.744151639042)
4e0aba495c73ed1bef3ee35785a960e21f578a6fbf7ec73fbaf695673310de02baa53d8e3d0b370f7cde04eeca7b250c7ecf37c2854dd6a47abe35bfed4b7d63,,07/06/2025 12:00:00 PM,30,NO CONTROLS,NO CONTROLS,CLEAR,DAYLIGHT,PARKED MOTOR VEHICLE,PARKING LOT,,STRAIGHT AND LEVEL,DRY,UNKNOWN,NOT ON SCENE (DESK REPORT),NO INJURY / DRIVE AWAY,,,Y,$500 OR LESS,07/06/2025 01:00:00 PM,UNABLE TO DETERMINE,NOT APPLICABLE,250,E,103RD ST,511,,,,,,,2,NO INDICATION OF INJURY,0,0,0,0,0,1,0,12,1,7,41.7073802116,-87.6166085956,POINT (-87.616608595624 41.707380211604)
a5134ad3a96c983e8951e2262e23ac49002582fdfebcd71eed1f5e6ec0f3fa4c88ba77b15950eba1fe2b578791e433b516a3fc06c258658e937ba9b39790d2a9,,07/06/2025 12:00:00 PM,30,NO CONTROLS,NO CONTROLS,CLEAR,DAYLIGHT,ANGLE,DIVIDED - W/MEDIAN BARRIER,,STRAIGHT AND LEVEL,DRY,UNKNOWN,ON SCENE,NO INJURY / DRIVE AWAY,,,Y,"$501 - $1,500",07/06/2025 12:05:00 PM,FAILING TO YIELD RIGHT-OF-WAY,DRIVING SKILLS/KNOWLEDGE/EXPERIENCE,5201,S,LAKE PARK AVE,234,,,,,,,2,NO INDICATION OF INJURY,0,0,0,0,0,2,0,12,1,7,41.8009688495,-87.5873456048,POINT (-87.587345604846 41.800968849518)
e21d9fe6b5350510a45eca32a174b808b008b38af676a4543d85ce977dbf9f11be3b0f7a6834f8d95f1f52f3b1bdd5bb9990cc5fb085157c83dcfe36db8094ec,,07/06/2025 12:00:00 PM,30,NO CONTROLS,NO CONTROLS,CLEAR,DAYLIGHT,TURNING,DRIVEWAY,,STRAIGHT AND LEVEL,DRY,NO DEFECTS,NOT ON SCENE (DESK REPORT),NO INJURY / DRIVE AWAY,,,,"OVER $1,500",07/06/2025 09:15:00 PM,FAILING TO YIELD RIGHT-OF-WAY,UNABLE TO DETERMINE,4225,W,ARMITAGE AVE,2534,,,,,,,2,NO INDICATION OF INJURY,0,0,0,0,0,2,0,12,1,7,41.9169782,-87.7326054445,POINT (-87.732605444482 41.916978200029)
02f7e433e0dec348389436f660989a2e41eede6ae5e4bcb0713ec03c28707309f1029096c1d5b513f37f1b28c5227e19fabc78a9ef42b290f09a153ec9c93efb,,07/06/2025 11:58:00 AM,35,STOP SIGN/FLASHER,NO CONTROLS,CLEAR,DAYLIGHT,REAR END,DIVIDED - W/MEDIAN BARRIER,,STRAIGHT AND LEVEL,DRY,NO DEFECTS,NOT ON SCENE (DESK REPORT),NO INJURY / DRIVE AWAY,,,,"OVER $1,500",07/07/2025 10:00:00 AM,FOLLOWING TOO CLOSELY,NOT APPLICABLE,230,N,MICHIGAN AVE,111,,,,,,,2,NO INDICATION OF INJURY,0,0,0,0,0,2,0,11,1,7,41.8865172887,-87.6246776864,POINT (-87.624677686429 41.88651728872)
b52e9de1ef5bf874994c01caffdac1c273afe095f62d189995f43460bec748c5ef20e4b86da9a1c6fedd624b7f41fe37bc63e9cf5ca18c7f9f07b36b723e248d,,07/06/2025 11:58:00 AM,30,TRAFFIC SIGNAL,FUNCTIONING PROPERLY,CLEAR,DAYLIGHT,ANGLE,FOUR WAY,,STRAIGHT AND LEVEL,DRY,NO DEFECTS,ON SCENE,INJURY AND / OR TOW DUE TO CRASH,Y,,,"OVER $1,500",07/06/2025 12:02:00 PM,DISREGARDING TRAFFIC SIGNALS,DRIVING SKILLS/KNOWLEDGE/EXPERIENCE,198,W,MONROE ST,122,,,,,,,2,NONINCAPACITATING INJURY,2,0,0,2,0,1,0,11,1,7,41.8807710446,-87.6337273451,POINT (-87.633727345085 41.880771044559)
f6c990d5bff8af4bd577a562b315b7cc63b555d735910b5bdae6380990de53031cf09e4155a11c5f984a5025b7b621b602aecbdb0fb04f7fe4b53df30078383c,,07/06/2025 11:49:00 AM,10,NO CONTROLS,NO CONTROLS,CLEAR,DAYLIGHT,PARKED MOTOR VEHICLE,PARKING LOT,,STRAIGHT AND LEVEL,DRY,NO DEFECTS,ON SCENE,INJURY AND / OR TOW DUE TO CRASH,,Y,,"OVER $1,500",07/06/2025 11:49:00 AM,DRIVING SKILLS/KNOWLEDGE/EXPERIENCE,FAILING TO REDUCE SPEED TO AVOID CRASH,2660,E,79TH ST,421,,,,,,,3,"REPORTED, NOT EVIDENT",1,0,0,0,1,1,0,11,1,7,41.7519379336,-87.5590869457,POINT (-87.55908694571 41.751937933605)
0a308a6270bf31fbc6e467c66d49cd74c73fa0f6547c01f25679b2d881462122881d04d00595bc658160d1d49078204630c0be85ece988491a61808dfab29ee1,,07/06/2025 11:47:00 AM,30,STOP SIGN/FLASHER,FUNCTIONING PROPERLY,CLEAR,DAYLIGHT,ANGLE,T-INTERSECTION,,STRAIGHT AND LEVEL,DRY,UNKNOWN,NOT ON SCENE (DESK REPORT),INJURY AND / OR TOW DUE TO CRASH,Y,,,"OVER $1,500",07/06/2025 04:00:00 PM,UNABLE TO DETERMINE,UNABLE TO DETERMINE,4253,W,GRAND AVE,2534,,Y,,,,,2,NONINCAPACITATING INJURY,2,0,0,2,0,0,0,11,1,7,41.908770651,-87.7333038707,POINT (-87.733303870681 41.908770651039)
5b1f436ef8ed7d661f61ee43d01ad8a79edf36da4892d04032879b347f35b811369edb518de39aaaa413e8d4689e3f888527c55e30d759068f6cf8198ed7d26f,,07/06/2025 11:45:00 AM,30,TRAFFIC SIGNAL,FUNCTIONING PROPERLY,CLEAR,DAYLIGHT,SIDESWIPE SAME DIRECTION,FOUR WAY,,STRAIGHT AND LEVEL,DRY,NO DEFECTS,NOT ON SCENE (DESK REPORT),NO INJURY / DRIVE AWAY,,,,"OVER $1,500",07/06/2025 12:00:00 PM,UNABLE TO DETERMINE,UNABLE TO DETERMINE,1000,E,111TH ST,513,,,,,,,2,NO INDICATION OF INJURY,0,0,0,0,0,4,0,11,1,7,41.6926275636,-87.5987625633,POINT (-87.598762563332 41.692627563603)
b7a646dcd54c7975d94b9678eb39cae12f7f05850af88c2999c30ab838ba5d8854647e4f6feaa7dc7b404954c0b0b5cb33739a51c74db64e0d1159faeaad179e,,07/06/2025 11:45:00 AM,30,NO CONTROLS,NO CONTROLS,CLEAR,DAYLIGHT,PARKED MOTOR VEHICLE,PARKING LOT,,STRAIGHT AND LEVEL,DRY,SHOULDER DEFECT,NOT ON SCENE (DESK REPORT),NO INJURY / DRIVE AWAY,,Y,,"$501 - $1,500",07/06/2025 05:12:00 PM,FAILING TO YIELD RIGHT-OF-WAY,FOLLOWING TOO CLOSELY,2746,N,ELSTON AVE,1432,,,,,,,2,NO INDICATION OF INJURY,0,0,0,0,0,2,0,11,1,7,41.9314014164,-87.6869000624,POINT (-87.686900062404 41.931401416372)
9be66ebc2581abc07cdf438890a7ab959ea40f0e12f28607d1a74fdeec1bca70d6db46cb1cef6f6a74f472ab032661d7fd440618af62a1541bb5f32d39109b4c,,07/06/2025 11:42:00 AM,25,NO CONTROLS,NO CONTROLS,CLEAR,DAYLIGHT,REAR TO FRONT,PARKING LOT,,STRAIGHT AND LEVEL,DRY,NO DEFECTS,NOT ON SCENE (DESK REPORT),NO INJURY / DRIVE AWAY,,,,"OVER $1,500",07/06/2025 01:34:00 PM,NOT APPLICABLE,NOT APPLICABLE,606,N,RUSH ST,1834,,,,,,,3,NO INDICATION OF INJURY,0,0,0,0,0,2,0,11,1,7,41.8927768146,-87.6255479884,POINT (-87.625547988433 41.89277681461)
025a3f65d19ae56fc3fa08df9537930a0b2042083b7ec1f8bdbaa9e6c7c86186960baf57a298e4b8442cf556099d9c4951a4145d9426376834428270717a11c8,,07/06/2025 11:40:00 AM,30,NO CONTROLS,NO CONTROLS,CLEAR,DAYLIGHT,SIDESWIPE SAME DIRECTION,FOUR WAY,,STRAIGHT AND LEVEL,DRY,UNKNOWN,ON SCENE,NO INJURY / DRIVE AWAY,,,,"OVER $1,500",07/06/2025 11:46:00 AM,UNABLE TO DETERMINE,UNABLE TO DETERMINE,302,E,47TH ST,215,,,,,,,2,NO INDICATION OF INJURY,0,0,0,0,0,2,0,11,1,7,41.8094482735,-87.6194377222,POINT (-87.619437722241 41.809448273474)
94ecfb13ad821adf950033f21936e580f2a7ac5e651ce25c9f9ecec9d775dbce668512661526bfd86f6085114dd017a2d15581b564791bf1e7cb30319e3e6522,,07/06/2025 11:40:00 AM,30,NO CONTROLS,NO CONTROLS,CLEAR,DAYLIGHT,SIDESWIPE SAME DIRECTION,DIVIDED - W/MEDIAN (NOT RAISED),,STRAIGHT AND LEVEL,DRY,NO DEFECTS,ON SCENE,INJURY AND / OR TOW DUE TO CRASH,,,,"OVER $1,500",07/06/2025 11:44:00 AM,FAILING TO YIELD RIGHT-OF-WAY,NOT APPLICABLE,1340,E,47TH ST,222,,,,,,,2,NO INDICATION OF INJURY,0,0,0,0,0,2,0,11,1,7,41.8097887305,-87.5934643371,POINT (-87.593464337106 41.809788730504)
c5a0feb34ca523fdb4a6522c69946560706872db932374db436e85978e48a789601b9252118bf2b0ee57f4722419f002ddfdd3594fd0c5f5eaac704af5b6d53a,Y,07/06/2025 11:40:00 AM,30,NO CONTROLS,NO CONTROLS,CLEAR,UNKNOWN,PARKED MOTOR VEHICLE,NOT DIVIDED,,STRAIGHT AND LEVEL,DRY,UNKNOWN,ON SCENE,NO INJURY / DRIVE AWAY,,,Y,$500 OR LESS,07/06/2025 11:45:00 AM,UNABLE TO DETERMINE,UNABLE TO DETERMINE,5011,S,FORRESTVILLE AVE,223,,,,,,,2,NO INDICATION OF INJURY,0,0,0,0,0,1,0,11,1,7,41.8035976159,-87.6123896014,POINT (-87.612389601375 41.803597615924)
e213a0f554f176051aaaf4cc16f12576ce3fc007b4cdad1e06ac4602a50e09d5185a5ea678f50f797e5ca1314cbd936151c3d0453fd7b97dea23047aab79559e,,07/06/2025 11:40:00 AM,30,NO CONTROLS,NO CONTROLS,CLEAR,DAYLIGHT,REAR TO FRONT,NOT DIVIDED,,STRAIGHT AND LEVEL,DRY,NO DEFECTS,NOT ON SCENE (DESK REPORT),NO INJURY / DRIVE AWAY,,,,"$501 - $1,500",07/06/2025 12:15:00 PM,IMPROPER BACKING,UNABLE TO DETERMINE,2528,W,DEVON AVE,2412,,,,,,,2,NO INDICATION OF INJURY,0,0,0,0,0,2,0,11,1,7,41.9977784651,-87.6934855011,POINT (-87.693485501093 41.997778465054)