CRASH_RECORD_ID,CRASH_DATE_EST_I,CRASH_DATE,POSTED_SPEED_LIMIT,TRAFFIC_CONTROL_DEVICE,DEVICE_CONDITION,WEATHER_CONDITION,LIGHTING_CONDITION,FIRST_CRASH_TYPE,TRAFFICWAY_TYPE,LANE_CNT,ALIGNMENT,ROADWAY_SURFACE_COND,ROAD_DEFECT,REPORT_TYPE,CRASH_TYPE,INTERSECTION_RELATED_I,NOT_RIGHT_OF_WAY_I,HIT_AND_RUN_I,DAMAGE,DATE_POLICE_NOTIFIED,PRIM_CONTRIBUTORY_CAUSE,SEC_CONTRIBUTORY_CAUSE,STREET_NO,STREET_DIRECTION,STREET_NAME,BEAT_OF_OCCURRENCE,PHOTOS_TAKEN_I,STATEMENTS_TAKEN_I,DOORING_I,WORK_ZONE_I,WORK_ZONE_TYPE,WORKERS_PRESENT_I,NUM_UNITS,MOST_SEVERE_INJURY,INJURIES_TOTAL,INJURIES_FATAL,INJURIES_INCAPACITATING,INJURIES_NON_INCAPACITATING,INJURIES_REPORTED_NOT_EVIDENT,INJURIES_NO_INDICATION,INJURIES_UNKNOWN,CRASH_HOUR,CRASH_DAY_OF_WEEK,CRASH_MONTH,LATITUDE,LONGITUDE,LOCATION
e5e432959c3050cdc63106f55b90afb42ef38931b8a7e73f00ad20649f113fac009a6b2303b76cf7222810e478495151cdc56bf9b128b2c238d72a5893c7a791,,07/06/2025 11:40:00 AM,30,NO CONTROLS,NO CONTROLS,CLEAR,DAYLIGHT,TURNING,NOT DIVIDED,,STRAIGHT AND LEVEL,DRY,NO DEFECTS,NOT ON SCENE (DESK REPORT),NO INJURY / DRIVE AWAY,Y,,Y,"OVER $1,500",07/06/2025 12:30:00 PM,IMPROPER OVERTAKING/PASSING,NOT APPLICABLE,899,E,79TH ST,624,,,,,,,2,NO INDICATION OF INJURY,0,0,0,0,0,2,0,11,1,7,41.7512041873,-87.6028152169,POINT (-87.602815216904 41.751204187264)
ed46541e874c689881966b4fbe6738ada3186f535c73671b1810ca4da5b3be42c0dd9639322bdca332cef1d2786d711a30918aacf0722447d253d886883c6aef,,07/06/2025 11:35:00 AM,30,TRAFFIC SIGNAL,FUNCTIONING PROPERLY,CLEAR,DAYLIGHT,REAR END,NOT DIVIDED,,STRAIGHT AND LEVEL,DRY,NO DEFECTS,ON SCENE,NO INJURY / DRIVE AWAY,Y,,,"OVER $1,500",07/06/2025 11:36:00 AM,FOLLOWING TOO CLOSELY,UNABLE TO DETERMINE,7578,N,WESTERN AVE,2411,,,,,,,2,NO INDICATION OF INJURY,0,0,0,0,0,2,0,11,1,7,42.0194389987,-87.6903220221,POINT (-87.690322022083 42.019438998687)
801aa7bef01d3dae1eca8ae599789465000812368547994d8331ff8a3b384feff3ccfb3d83eed84f016d6dbb7e27e690ed1d39981c65115ccaf803e6b7150fbe,,07/06/2025 11:30:00 AM,35,STOP SIGN/FLASHER,FUNCTIONING PROPERLY,CLEAR,DAYLIGHT,REAR END,DIVIDED - W/MEDIAN (NOT RAISED),,STRAIGHT AND LEVEL,DRY,NO DEFECTS,ON SCENE,INJURY AND / OR TOW DUE TO CRASH,,,,"OVER $1,500",07/06/2025 11:30:00 AM,UNABLE TO DETERMINE,NOT APPLICABLE,432,E,MARQUETTE RD,312,,,,,,,3,NONINCAPACITATING INJURY,1,0,0,1,0,8,0,11,1,7,41.7731004597,-87.6141983364,POINT (-87.614198336422 41.77310045971)
8d27582d0e88e1ae1ee830f50a9616648b14c4d13714f7b322ab8bdbd8fdf4068cbdc2701f7111f42ffaa11528c96edd19628d0a7e66e74bd1996be5634a8d4f,,07/06/2025 11:30:00 AM,30,NO CONTROLS,NO CONTROLS,CLEAR,DAYLIGHT,ANGLE,NOT DIVIDED,,STRAIGHT AND LEVEL,DRY,NO DEFECTS,NOT ON SCENE (DESK REPORT),NO INJURY / DRIVE AWAY,Y,,,"OVER $1,500",07/06/2025 12:15:00 PM,UNABLE TO DETERMINE,UNABLE TO DETERMINE,8200,S,SPRINGFIELD AVE,834,,,,,,,2,NO INDICATION OF INJURY,0,0,0,0,0,2,0,11,1,7,41.7440076289,-87.7194436724,POINT (-87.719443672392 41.744007628888)
9f04544adae12afeba2ed92a191ac97130158bf4af09a92e3815e632aeaf73bca30718cb85e820136c8812aaf2e77433797caa415db34d7db6b341679397f2aa,,07/06/2025 11:30:00 AM,30,NO CONTROLS,NO CONTROLS,CLEAR,DAYLIGHT,PARKED MOTOR VEHICLE,ONE-WAY,,STRAIGHT AND LEVEL,DRY,NO DEFECTS,NOT ON SCENE (DESK REPORT),NO INJURY / DRIVE AWAY,,,,"OVER $1,500",07/07/2025 10:00:00 AM,FAILING TO YIELD RIGHT-OF-WAY,NOT APPLICABLE,5514,S,MOZART ST,824,,,,,,,3,NO INDICATION OF INJURY,0,0,0,0,0,1,0,11,1,7,41.7931809078,-87.6951528921,POINT (-87.695152892066 41.793180907778)
ba4212f3af9b98c6ec9322bc075210686b1a389f679f78cf8a38b18e986ca3a2dfe43583f2aacdc857308a2941b40ae4c6b1fe1f4d63dd059eed206503a6e5c1,,07/06/2025 11:15:00 AM,15,NO CONTROLS,NO CONTROLS,CLEAR,DAYLIGHT,PARKED MOTOR VEHICLE,PARKING LOT,,STRAIGHT AND LEVEL,DRY,NO DEFECTS,ON SCENE,NO INJURY / DRIVE AWAY,,,,"$501 - $1,500",07/06/2025 11:33:00 AM,IMPROPER BACKING,NOT APPLICABLE,616,W,OHARE ST,1654,,,,,,,2,NO INDICATION OF INJURY,0,0,0,0,0,1,0,11,1,7,,,
e5f20cf4395720293367ccc9d789be115fc5b3b60b49bb80233f71dc07f22b2dad5647daad87e75f8d638d86bcf2d2bbe26f24cd4ccd783c179fe19d188d2121,,07/06/2025 11:10:00 AM,5,NO CONTROLS,NO CONTROLS,CLEAR,DAYLIGHT,PARKED MOTOR VEHICLE,PARKING LOT,,STRAIGHT AND LEVEL,DRY,NO DEFECTS,NOT ON SCENE (DESK REPORT),NO INJURY / DRIVE AWAY,,,Y,$500 OR LESS,07/06/2025 12:15:00 PM,UNABLE TO DETERMINE,UNABLE TO DETERMINE,1400,S,ASHLAND AVE,1233,,,,,,,2,NO INDICATION OF INJURY,0,0,0,0,0,1,0,11,1,7,41.8632202264,-87.6664415695,POINT (-87.666441569504 41.863220226428)
775b8088d1478a35305f7c23f13bdd78e3c31b77caead87a8ff732ec5020ad76e818d6b7b394626ad7c808926028048d3ab7a25861762c941fcdd7b07ea82ead,,07/06/2025 11:06:00 AM,30,NO CONTROLS,NO CONTROLS,CLEAR,DAYLIGHT,SIDESWIPE SAME DIRECTION,DIVIDED - W/MEDIAN BARRIER,,STRAIGHT AND LEVEL,DRY,NO DEFECTS,ON SCENE,NO INJURY / DRIVE AWAY,,,N,"$501 - $1,500",07/06/2025 11:10:00 AM,FAILING TO YIELD RIGHT-OF-WAY,IMPROPER LANE USAGE,140,N,MICHIGAN AVE,111,,,,,,,2,NO INDICATION OF INJURY,0,0,0,0,0,2,0,11,1,7,41.8842200339,-87.62458859,POINT (-87.624588590033 41.88422003391)
a0a9e0484e5403b35ebbd22e183bcd154de7db6fcbe034b9f176882944e91ceebf987f3ddd267a01384225fd9a563dc8c898b386af5a1d8e1daea2a464183fae,,07/06/2025 11:05:00 AM,35,TRAFFIC SIGNAL,FUNCTIONING PROPERLY,CLEAR,DAYLIGHT,TURNING,DIVIDED - W/MEDIAN BARRIER,,STRAIGHT AND LEVEL,DRY,NO DEFECTS,ON SCENE,NO INJURY / DRIVE AWAY,Y,,,$500 OR LESS,07/06/2025 11:16:00 AM,DISREGARDING TRAFFIC SIGNALS,FAILING TO YIELD RIGHT-OF-WAY,5970,N,CLARK ST,2012,,,,,,,2,NO INDICATION OF INJURY,0,0,0,0,0,3,0,11,1,7,41.9905380977,-87.6701623664,POINT (-87.670162366354 41.990538097743)
2cb02cec080fb613f3e152231fb884601f4a588776f1833b7ad5ebb6ac744183ca6a45f9b81560891607a289ebef266ac86c1c2dfc6c397aa6ee391620497cf6,,07/06/2025 11:02:00 AM,30,NO CONTROLS,NO CONTROLS,CLEAR,"DARKNESS, LIGHTED ROAD",PARKED MOTOR VEHICLE,ONE-WAY,,STRAIGHT AND LEVEL,UNKNOWN,UNKNOWN,ON SCENE,NO INJURY / DRIVE AWAY,,,Y,"OVER $1,500",07/07/2025 09:22:00 AM,IMPROPER BACKING,IMPROPER BACKING,7239,S,EBERHART AVE,323,,,,,,,2,NO INDICATION OF INJURY,0,0,0,0,0,1,0,11,1,7,41.7627624811,-87.6126262108,POINT (-87.612626210788 41.762762481077)
5add8b44704233440d85d470083d75996568f9867a7338940692c920ce1dadb8d58cb7285246821608a4b6653c9a002197ec964b985dc265c212aa691a2b180e,,07/06/2025 11:00:00 AM,35,STOP SIGN/FLASHER,NO CONTROLS,UNKNOWN,DAYLIGHT,TURNING,NOT DIVIDED,,STRAIGHT AND LEVEL,UNKNOWN,UNKNOWN,NOT ON SCENE (DESK REPORT),INJURY AND / OR TOW DUE TO CRASH,,,,"OVER $1,500",07/07/2025 09:50:00 AM,UNABLE TO DETERMINE,NOT APPLICABLE,116,S,HALSTED ST,1232,,,,,,,2,"REPORTED, NOT EVIDENT",1,0,0,0,1,1,0,11,1,7,41.879942323,-87.6474527438,POINT (-87.647452743828 41.879942323012)
a31f98420d1f247eb434643c9ad288d41c3dbed7ac73d7e87bbbb8499102083425d4af041b4147654f26585c683ff9b1a80be13d4848cd6689c8cf612df4115f,,07/06/2025 11:00:00 AM,30,NO CONTROLS,NO CONTROLS,CLOUDY/OVERCAST,DAYLIGHT,TURNING,NOT DIVIDED,,STRAIGHT AND LEVEL,DRY,NO DEFECTS,ON SCENE,INJURY AND / OR TOW DUE TO CRASH,Y,,,"OVER $1,500",07/06/2025 11:01:00 AM,FAILING TO YIELD RIGHT-OF-WAY,FAILING TO REDUCE SPEED TO AVOID CRASH,300,N,LARAMIE AVE,1523,,,,,,,2,NONINCAPACITATING INJURY,2,0,0,1,1,1,0,11,1,7,41.8857142876,-87.7554090777,POINT (-87.755409077735 41.885714287582)
41e979e8fffc86e794e215698edfe43857f0bc2163bf33f52a9d3395916f3b497d1b43a8880ffa61164b4663f7b3abc34262ab9b48de6f08d53e0823b201a8e5,,07/06/2025 10:50:00 AM,30,NO CONTROLS,NO CONTROLS,CLEAR,DAYLIGHT,PARKED MOTOR VEHICLE,ONE-WAY,,STRAIGHT AND LEVEL,DRY,NO DEFECTS,NOT ON SCENE (DESK REPORT),NO INJURY / DRIVE AWAY,,,,"OVER $1,500",07/06/2025 09:10:00 PM,IMPROPER BACKING,UNABLE TO DETERMINE,2941,E,85TH ST,423,,,,,,,2,NO INDICATION OF INJURY,0,0,0,0,0,2,0,10,1,7,41.7408991839,-87.5523177011,POINT (-87.55231770113 41.740899183883)
0e1b02a67c60c623ccc13f57f8be5e66c6c490430a8467c7b08122cf689800fb07c3488b358266b84a918e15e8a663b76a0943d2ef92209693d41d115eee8013,,07/06/2025 10:49:00 AM,30,STOP SIGN/FLASHER,FUNCTIONING PROPERLY,CLEAR,"DARKNESS, LIGHTED ROAD",ANGLE,FOUR WAY,,STRAIGHT AND LEVEL,DRY,NO DEFECTS,NOT ON SCENE (DESK REPORT),INJURY AND / OR TOW DUE TO CRASH,Y,,Y,"OVER $1,500",07/06/2025 10:47:00 PM,DISREGARDING TRAFFIC SIGNALS,FAILING TO YIELD RIGHT-OF-WAY,1700,E,56TH ST,235,,,,,,,2,NONINCAPACITATING INJURY,1,0,0,1,0,1,0,10,1,7,41.793529832,-87.5838397887,POINT (-87.583839788725 41.793529831983)
67abd6b048cad71808c84015d2f6078e3db390b884a50e0bbcc45099f122221cc9bacce17960adf4ade7e7292b280ed391d523c08b7ba543c46416ab9da5a91a,,07/06/2025 10:47:00 AM,30,NO CONTROLS,NO CONTROLS,CLOUDY/OVERCAST,DAYLIGHT,PEDALCYCLIST,NOT DIVIDED,,STRAIGHT AND LEVEL,DRY,NO DEFECTS,ON SCENE,INJURY AND / OR TOW DUE TO CRASH,,,,"OVER $1,500",07/06/2025 10:49:00 AM,UNABLE TO DETERMINE,UNABLE TO DETERMINE,2143,N,DAMEN AVE,1432,,,Y,,,,2,NONINCAPACITATING INJURY,1,0,0,1,0,0,0,10,1,7,41.9208294114,-87.6775853272,POINT (-87.677585327175 41.92082941141)
f26206b9389646f50a9baafcd9d8625e048cd6dd474aebc05f253e435f224673ec601929c5df6e0e828abb3852c733eaf5770dc91cc70819955bf6e33ab03ade,,07/06/2025 10:42:00 AM,30,TRAFFIC SIGNAL,FUNCTIONING PROPERLY,CLEAR,DAYLIGHT,ANGLE,NOT DIVIDED,,STRAIGHT AND LEVEL,DRY,UNKNOWN,ON SCENE,INJURY AND / OR TOW DUE TO CRASH,Y,,Y,"OVER $1,500",07/06/2025 10:45:00 AM,FAILING TO YIELD RIGHT-OF-WAY,FAILING TO YIELD RIGHT-OF-WAY,1198,E,MARQUETTE RD,321,,,,,,,2,NONINCAPACITATING INJURY,1,0,0,1,0,2,0,10,1,7,41.7751647716,-87.596138119,POINT (-87.596138119027 41.775164771574)
171d27622886fb143c2bd3a9569667aeda11e0d956bff881db7638cc1017e13cee2e057eebd706885cc28024e0936ea6e6786d9864b8fe21a3d704adabe16679,,07/06/2025 10:40:00 AM,30,UNKNOWN,NO CONTROLS,CLEAR,DAYLIGHT,SIDESWIPE SAME DIRECTION,OTHER,,STRAIGHT AND LEVEL,DRY,NO DEFECTS,NOT ON SCENE (DESK REPORT),NO INJURY / DRIVE AWAY,,,,"OVER $1,500",07/06/2025 12:30:00 PM,UNABLE TO DETERMINE,NOT APPLICABLE,4900,W,FULLERTON AVE,2521,,,,,,,2,NO INDICATION OF INJURY,0,0,0,0,0,2,0,10,1,7,41.9243147966,-87.7488839446,POINT (-87.748883944595 41.924314796598)
f7fef4c4dac2530a3f8007a12eacea74aa93b7daa8ba6ce96ca2286b0916fac3a18f07a202718d1191985024fc42ee133dbfd55bad2ef4a38277d12064ab3859,,07/06/2025 10:39:00 AM,35,STOP SIGN/FLASHER,FUNCTIONING PROPERLY,CLEAR,"DARKNESS, LIGHTED ROAD",REAR END,CENTER TURN LANE,,STRAIGHT AND LEVEL,DRY,NO DEFECTS,ON SCENE,INJURY AND / OR TOW DUE TO CRASH,,,,"OVER $1,500",07/06/2025 10:45:00 AM,NOT APPLICABLE,UNABLE TO DETERMINE,2201,W,LAWRENCE AVE,1911,,,,,,,2,NO INDICATION OF INJURY,0,0,0,0,0,2,0,10,1,7,41.9685741319,-87.6840993165,POINT (-87.684099316484 41.968574131915)
ef106aac128baa77bedc753f95650d0a05e5a942f069bc492da3a3ffd7276253929b31f3046ad3eb45fdaaef30c5291b5411b2a4259475603fe0c0f0c3531504,,07/06/2025 10:38:00 AM,30,STOP SIGN/FLASHER,FUNCTIONING PROPERLY,CLEAR,DAYLIGHT,ANGLE,FOUR WAY,,STRAIGHT AND LEVEL,DRY,NO DEFECTS,ON SCENE,INJURY AND / OR TOW DUE TO CRASH,Y,,,"OVER $1,500",07/06/2025 10:49:00 AM,DISREGARDING STOP SIGN,FAILING TO REDUCE SPEED TO AVOID CRASH,1400,W,115TH ST,2234,,,,,,,2,"REPORTED, NOT EVIDENT",1,0,0,0,1,1,0,10,1,7,41.6849944661,-87.6568052812,POINT (-87.656805281161 41.684994466124)
06bb76c9bb86c46512151e3f3c665302f65a1468198a9fa72a8fd100912f6b3cb2b8964c9f18b3e4fee77e32b2dc3038854cb5dedde95c2e9d11b4a66f8a4671,Y,07/06/2025 10:30:00 AM,30,NO CONTROLS,NO CONTROLS,UNKNOWN,UNKNOWN,PARKED MOTOR VEHICLE,DIVIDED - W/MEDIAN (NOT RAISED),,STRAIGHT AND LEVEL,UNKNOWN,UNKNOWN,ON SCENE,NO INJURY / DRIVE AWAY,,,N,"OVER $1,500",07/06/2025 10:41:00 AM,UNABLE TO DETERMINE,NOT APPLICABLE,1642,N,CENTRAL AVE,2531,,,,,,,2,NO INDICATION OF INJURY,0,0,0,0,0,1,0,10,1,7,41.9106520592,-87.7656970015,POINT (-87.765697001462 41.910652059246)
8ea02856602a237ce60bdfc1f2a9c73a46bb07856d909dbfc538a540eba428d68f0b33378ebab025597a4a515c3b48bcf4a245a108ffac10c274aa9009335c05,,07/06/2025 10:30:00 AM,30,NO CONTROLS,NO CONTROLS,CLEAR,DAYLIGHT,TURNING,DIVIDED - W/MEDIAN (NOT RAISED),,STRAIGHT AND LEVEL,DRY,NO DEFECTS,ON SCENE,NO INJURY / DRIVE AWAY,,,,"OVER $1,500",07/06/2025 10:36:00 AM,IMPROPER TURNING/NO SIGNAL,UNABLE TO DETERMINE,2323,N,NARRAGANSETT AVE,2512,,Y,,,,,2,NO INDICATION OF INJURY,0,0,0,0,0,2,0,10,1,7,41.9225953036,-87.7852631756,POINT (-87.785263175644 41.922595303649)
fc22128f781d9938e38e7da0de446b1bc50c0ff49f9829a8c33e882f797a90551aab8aa5076681d00f5558de0092685568bf83790638d85c6269db62e930b837,,07/06/2025 10:30:00 AM,30,NO CONTROLS,NO CONTROLS,CLEAR,DAYLIGHT,HEAD ON,NOT DIVIDED,,STRAIGHT AND LEVEL,DRY,NO DEFECTS,NOT ON SCENE (DESK REPORT),NO INJURY / DRIVE AWAY,Y,,Y,"OVER $1,500",07/16/2025 02:11:00 PM,UNABLE TO DETERMINE,UNABLE TO DETERMINE,808,N,PULASKI RD,1111,,,,,,,2,NO INDICATION OF INJURY,0,0,0,0,0,2,0,10,1,7,41.8956845212,-87.7262377183,POINT (-87.726237718286 41.895684521154)
19f78baa1b121b9173976ab4c2fecb825eff5ae5870a9ecf41ecb095c1d29b98fddc47adb4563d8430c0ce8330665080e80907abe674cc7729537cb09a88cb76,,07/06/2025 10:19:00 AM,30,STOP SIGN/FLASHER,FUNCTIONING PROPERLY,CLOUDY/OVERCAST,DAYLIGHT,REAR END,FOUR WAY,,STRAIGHT AND LEVEL,DRY,NO DEFECTS,ON SCENE,INJURY AND / OR TOW DUE TO CRASH,Y,,,"$501 - $1,500",07/06/2025 10:22:00 AM,FAILING TO REDUCE SPEED TO AVOID CRASH,FOLLOWING TOO CLOSELY,1601,W,ROOSEVELT RD,1233,,,,,,,2,NONINCAPACITATING INJURY,3,0,0,3,0,0,0,10,1,7,41.8667515832,-87.6665093049,POINT (-87.66650930488 41.866751583196)
d8bc83f275774d2157fe26bd67f6975223a2b6e40215428fa64efd2c72712acedfb128cde78e21c7d27d03e0406a81ddf4c651d819e798d3ba288100f042bb16,,07/06/2025 10:08:00 AM,30,NO CONTROLS,NO CONTROLS,CLEAR,DAYLIGHT,PARKED MOTOR VEHICLE,DIVIDED - W/MEDIAN (NOT RAISED),,STRAIGHT AND LEVEL,DRY,NO DEFECTS,ON SCENE,NO INJURY / DRIVE AWAY,,,,"OVER $1,500",07/06/2025 10:08:00 AM,UNABLE TO DETERMINE,NOT APPLICABLE,13540,S,BRANDON AVE,433,,,,,,,2,NO INDICATION OF INJURY,0,0,0,0,0,1,0,10,1,7,41.6486880313,-87.5460873693,POINT (-87.546087369322 41.648688031286)
8ac7f224c7ac48154621fdc71d5692a27bc33726bbfc08b94751a988dbef82efcd160094f9ea83de4eb8b22250a0e56ba966fc6c9b3fd989ef016862c0385d52,,07/06/2025 10:07:00 AM,20,STOP SIGN/FLASHER,NO CONTROLS,CLEAR,DAYLIGHT,PARKED MOTOR VEHICLE,DIVIDED - W/MEDIAN (NOT RAISED),,STRAIGHT AND LEVEL,DRY,NO DEFECTS,ON SCENE,NO INJURY / DRIVE AWAY,Y,,,"OVER $1,500",07/06/2025 10:10:00 AM,RELATED TO BUS STOP,NOT APPLICABLE,2948,N,LAKE SHORE DR,1934,,,,,,,2,NO INDICATION OF INJURY,0,0,0,0,0,1,0,10,1,7,41.935839403,-87.6369153289,POINT (-87.636915328927 41.935839403)
754497222d2fa01fbf1a166a3219633571091dd0f26f2b066b5dc26d6b2818ea10e790c731d45731873df751417eb7c7d62f7cc6c9c5fcb5cfe767aa7ef48dac,,07/06/2025 10:00:00 AM,30,TRAFFIC SIGNAL,FUNCTIONING PROPERLY,CLEAR,DAYLIGHT,REAR END,NOT DIVIDED,,STRAIGHT AND LEVEL,DRY,NO DEFECTS,NOT ON SCENE (DESK REPORT),NO INJURY / DRIVE AWAY,Y,,,$500 OR LESS,07/06/2025 10:38:00 AM,UNABLE TO DETERMINE,NOT APPLICABLE,1600,E,95TH ST,413,,,,,,,2,NO INDICATION OF INJURY,0,0,0,0,0,2,0,10,1,7,41.722449457,-87.5850035691,POINT (-87.585003569109 41.722449457011)
7e40e8cb149b44ad01798ff5d7ede45a076e622a68f39b4631553f6c09d76e3c4ddfadd5b1b89a556cf945982c88f508a6428cd0e8eb2c676431a98907ae4cca,,07/06/2025 10:00:00 AM,30,NO CONTROLS,NO CONTROLS,CLEAR,UNKNOWN,PARKED MOTOR VEHICLE,DIVIDED - W/MEDIAN BARRIER,,STRAIGHT AND LEVEL,DRY,NO DEFECTS,NOT ON SCENE (DESK REPORT),NO INJURY / DRIVE AWAY,,,Y,"$501 - $1,500",07/06/2025 10:50:00 AM,UNABLE TO DETERMINE,UNABLE TO DETERMINE,2216,S,INDIANA AVE,132,,,,,,,2,NO INDICATION OF INJURY,0,0,0,0,0,1,0,10,1,7,41.8523649534,-87.6224085954,POINT (-87.622408595354 41.852364953423)
961f3173024171ebcec478bd968b603289de0d7228de26699a29fc5d59de8fd8119718955ec0bb1a4a4a21d2a715e638b627888132973359424c7f5ae533ef16,,07/06/2025 10:00:00 AM,30,NO CONTROLS,NO CONTROLS,CLEAR,DAYLIGHT,TURNING,DIVIDED - W/MEDIAN BARRIER,,STRAIGHT AND LEVEL,DRY,NO DEFECTS,ON SCENE,INJURY AND / OR TOW DUE TO CRASH,,,,"$501 - $1,500",07/06/2025 11:50:00 AM,FAILING TO YIELD RIGHT-OF-WAY,DRIVING SKILLS/KNOWLEDGE/EXPERIENCE,8755,S,STONY ISLAND AVE,412,,,,,,,2,NO INDICATION OF INJURY,0,0,0,0,0,2,0,10,1,7,41.7353047952,-87.5850126902,POINT (-87.585012690216 41.735304795187)
01395a4f7a0369b7e9e3d6bf6dcb31bd7f555a621d957fa053543eda8d62f7804bfc25d3e881afb323335c0a94ad15ca56d96d5dada73226991c3c67dbab98c0,,07/06/2025 09:58:00 AM,30,STOP SIGN/FLASHER,FUNCTIONING PROPERLY,CLEAR,DAYLIGHT,ANGLE,FOUR WAY,,STRAIGHT AND LEVEL,DRY,NO DEFECTS,ON SCENE,NO INJURY / DRIVE AWAY,Y,,,"OVER $1,500",07/06/2025 10:02:00 AM,DISREGARDING STOP SIGN,DISREGARDING STOP SIGN,798,N,CAMPBELL AVE,1221,,,,,,,2,NO INDICATION OF INJURY,0,0,0,0,0,2,0,9,1,7,41.8956682156,-87.6894531465,POINT (-87.689453146519 41.895668215621)
56af127c6c9858f49cee81be840d98bb3b28ec9e4d3e6baa5ac1416500aaa580c81620d34f59f37016a8a7dc471e085ce829164005787a709d6121c695b9342a,,07/06/2025 09:42:00 AM,30,NO CONTROLS,NO CONTROLS,CLEAR,DAYLIGHT,PARKED MOTOR VEHICLE,DIVIDED - W/MEDIAN (NOT RAISED),,STRAIGHT AND LEVEL,DRY,NO DEFECTS,ON SCENE,INJURY AND / OR TOW DUE TO CRASH,,Y,,"OVER $1,500",07/06/2025 09:57:00 AM,IMPROPER BACKING,IMPROPER BACKING,2031,W,AUGUSTA BLVD,1212,,,,,,,4,NO INDICATION OF INJURY,0,0,0,0,0,1,0,9,1,7,41.8994200348,-87.6784122928,POINT (-87.678412292777 41.899420034763)
f9bc50cf2d013f7efbaaed24b349fbb03ef4f1053d0f014f22671c6ab8dd2bcceacf8d72ecec2994b16a49dbfa7c1d0bb4d73e05d212bb4282db68edc4f14775,,07/06/2025 09:22:00 AM,30,NO CONTROLS,NO CONTROLS,CLEAR,DAYLIGHT,SIDESWIPE SAME DIRECTION,NOT DIVIDED,,STRAIGHT AND LEVEL,DRY,NO DEFECTS,ON SCENE,NO INJURY / DRIVE AWAY,,,,"$501 - $1,500",07/06/2025 09:40:00 AM,FAILING TO YIELD RIGHT-OF-WAY,NOT APPLICABLE,7614,S,JEFFERY BLVD,414,,,,,,,2,NO INDICATION OF INJURY,0,0,0,0,0,2,0,9,1,7,41.7565720466,-87.5762399443,POINT (-87.57623994431 41.756572046587)
88a82948c359c1543601d41c66bc5a92fc4dff25c3c07f5e67b61a455eb1c4be9b49116aafea9adcfe655edf864549005b3f783dcaf613573b98aa2c9ad8ee4f,,07/06/2025 09:20:00 AM,20,NO CONTROLS,NO CONTROLS,CLEAR,DAYLIGHT,SIDESWIPE SAME DIRECTION,NOT DIVIDED,,STRAIGHT AND LEVEL,DRY,UNKNOWN,NOT ON SCENE (DESK REPORT),NO INJURY / DRIVE AWAY,,,,"OVER $1,500",07/06/2025 10:10:00 AM,UNABLE TO DETERMINE,UNABLE TO DETERMINE,910,W,ARGYLE ST,2024,,,,,,,2,NO INDICATION OF INJURY,0,0,0,0,0,2,0,9,1,7,41.9734496695,-87.6530283406,POINT (-87.653028340591 41.973449669535)
fae2447accfa9061b5fd611236f227aa72571b972449ad478b4b5d1c99fc8cccf1d7a2571413995038772cd6fe4f7f3f743ed4aec48ae978060a8922bc7edb81,,07/06/2025 09:15:00 AM,30,NO CONTROLS,NO CONTROLS,CLEAR,DAYLIGHT,SIDESWIPE SAME DIRECTION,DIVIDED - W/MEDIAN (NOT RAISED),,STRAIGHT AND LEVEL,DRY,NO DEFECTS,ON SCENE,NO INJURY / DRIVE AWAY,,,,"$501 - $1,500",07/06/2025 09:20:00 AM,FAILING TO YIELD RIGHT-OF-WAY,UNABLE TO DETERMINE,7845,S,PULASKI RD,833,,,,,,,2,NO INDICATION OF INJURY,0,0,0,0,0,2,0,9,1,7,41.7500512434,-87.7217844464,POINT (-87.721784446419 41.750051243361)
e9a084fddfe057982ebee5f7c8e1be5e602188f05ad91779df2bc45eebe91c6235e254ae4364b94efaba1d5afab72d4a14b652a57914f282da1fcc017e2786da,,07/06/2025 09:08:00 AM,30,NO CONTROLS,NO CONTROLS,CLEAR,DAYLIGHT,PARKED MOTOR VEHICLE,ONE-WAY,,STRAIGHT AND LEVEL,DRY,NO DEFECTS,NOT ON SCENE (DESK REPORT),NO INJURY / DRIVE AWAY,,,Y,"OVER $1,500",07/08/2025 02:20:00 PM,IMPROPER BACKING,NOT APPLICABLE,1967,W,BALMORAL AVE,2012,,,,,,,2,NO INDICATION OF INJURY,0,0,0,0,0,1,0,9,1,7,41.9795663564,-87.6791932685,POINT (-87.679193268549 41.979566356439)
7eb949beb2ec2103a428c4c7016c7e4ffa17262479f6552e35797af27526ce1a93bb8489aa93bcb889811d331934cf36f5f1af623ae189409d059fa9d2b6980f,,07/06/2025 09:00:00 AM,20,NO CONTROLS,NO CONTROLS,CLEAR,DAYLIGHT,PARKED MOTOR VEHICLE,ONE-WAY,,STRAIGHT AND LEVEL,DRY,NO DEFECTS,NOT ON SCENE (DESK REPORT),NO INJURY / DRIVE AWAY,,,Y,$500 OR LESS,07/08/2025 12:22:00 PM,UNABLE TO DETERMINE,UNABLE TO DETERMINE,1012,N,PARKSIDE AVE,1511,,,,,,,2,NO INDICATION OF INJURY,0,0,0,0,0,1,0,9,1,7,41.8989070202,-87.7668981242,POINT (-87.766898124224 41.898907020205)