CRASH_RECORD_ID,CRASH_DATE_EST_I,CRASH_DATE,POSTED_SPEED_LIMIT,TRAFFIC_CONTROL_DEVICE,DEVICE_CONDITION,WEATHER_CONDITION,LIGHTING_CONDITION,FIRST_CRASH_TYPE,TRAFFICWAY_TYPE,LANE_CNT,ALIGNMENT,ROADWAY_SURFACE_COND,ROAD_DEFECT,REPORT_TYPE,CRASH_TYPE,INTERSECTION_RELATED_I,NOT_RIGHT_OF_WAY_I,HIT_AND_RUN_I,DAMAGE,DATE_POLICE_NOTIFIED,PRIM_CONTRIBUTORY_CAUSE,SEC_CONTRIBUTORY_CAUSE,STREET_NO,STREET_DIRECTION,STREET_NAME,BEAT_OF_OCCURRENCE,PHOTOS_TAKEN_I,STATEMENTS_TAKEN_I,DOORING_I,WORK_ZONE_I,WORK_ZONE_TYPE,WORKERS_PRESENT_I,NUM_UNITS,MOST_SEVERE_INJURY,INJURIES_TOTAL,INJURIES_FATAL,INJURIES_INCAPACITATING,INJURIES_NON_INCAPACITATING,INJURIES_REPORTED_NOT_EVIDENT,INJURIES_NO_INDICATION,INJURIES_UNKNOWN,CRASH_HOUR,CRASH_DAY_OF_WEEK,CRASH_MONTH,LATITUDE,LONGITUDE,LOCATION
c9e6d9ece1721ca81dc2b1408bb568033eb342bdb6c40b119061006ff91acb86ae121b02153c4f0007a7dd652c740b8fa4a3f78d055586041fbe460408101630,,07/06/2025 09:00:00 AM,10,NO CONTROLS,NO CONTROLS,CLEAR,DAYLIGHT,FIXED OBJECT,RAMP,,STRAIGHT AND LEVEL,DRY,NO DEFECTS,NOT ON SCENE (DESK REPORT),NO INJURY / DRIVE AWAY,,,,"OVER $1,500",07/06/2025 09:20:00 AM,NOT APPLICABLE,NOT APPLICABLE,4313,S,WABASH AVE,215,,,,,,,1,NO INDICATION OF INJURY,0,0,0,0,0,1,0,9,1,7,41.8160757217,-87.6244978806,POINT (-87.624497880644 41.816075721671)
f3484b97e325cf0e6cc52bef211f3e4816590bb1647b2e819f0d192fdf089837349b178ca161823733cd10fc81e1c363257584c4baae7766757b9dbb34f29c45,,07/06/2025 09:00:00 AM,20,NO CONTROLS,NO CONTROLS,CLEAR,DAYLIGHT,PARKED MOTOR VEHICLE,ONE-WAY,,STRAIGHT AND LEVEL,DRY,NO DEFECTS,NOT ON SCENE (DESK REPORT),NO INJURY / DRIVE AWAY,,,Y,"OVER $1,500",07/06/2025 12:20:00 PM,UNABLE TO DETERMINE,UNABLE TO DETERMINE,4401,S,MAPLEWOOD AVE,922,,,,,,,2,NO INDICATION OF INJURY,0,0,0,0,0,1,0,9,1,7,41.8137377893,-87.6881204047,POINT (-87.688120404746 41.813737789288)
d28a984430a92d9b27f5bad214a52993e2182cb7807b88a8179714b0e526447191256f01321b3f236f5fe78572ca5ba37c55d27539cdbc046201839dad5413d2,,07/06/2025 08:45:00 AM,30,TRAFFIC SIGNAL,FUNCTIONING PROPERLY,CLEAR,DAYLIGHT,TURNING,NOT DIVIDED,,STRAIGHT AND LEVEL,DRY,NO DEFECTS,ON SCENE,INJURY AND / OR TOW DUE TO CRASH,Y,,,"OVER $1,500",07/06/2025 08:49:00 AM,UNABLE TO DETERMINE,NOT APPLICABLE,2401,N,PULASKI RD,2524,,,,,,,2,NONINCAPACITATING INJURY,1,0,0,1,0,1,0,8,1,7,41.9245790133,-87.7266252737,POINT (-87.726625273701 41.924579013311)
fca21325fb77e8df910d275f9d035da1e5fb70ffecfb7555248c4f91ac81be9e6d43a0b4c102f8a4304d5b08ccbd5be074b776a420b0d483a110514cbe03a803,,07/06/2025 08:30:00 AM,10,NO CONTROLS,NO CONTROLS,CLEAR,DAYLIGHT,ANGLE,NOT DIVIDED,,STRAIGHT AND LEVEL,DRY,NO DEFECTS,NOT ON SCENE (DESK REPORT),NO INJURY / DRIVE AWAY,,,,"OVER $1,500",07/06/2025 09:00:00 AM,FAILING TO YIELD RIGHT-OF-WAY,FAILING TO YIELD RIGHT-OF-WAY,4332,W,68TH ST,833,,,,,,,2,NO INDICATION OF INJURY,0,0,0,0,0,2,0,8,1,7,41.7695581746,-87.731120006,POINT (-87.731120006046 41.76955817456)
4ee4c6f7742989cc74579ffe85b9ef8d33acb4392a5b038bf66e1ca88b492801460e2a72370a2a9cdcc4afe24a76ce011303b1e290f83b869dfbf9201445479e,,07/06/2025 08:25:00 AM,30,NO CONTROLS,NO CONTROLS,CLEAR,DAYLIGHT,PARKED MOTOR VEHICLE,ONE-WAY,,STRAIGHT AND LEVEL,DRY,NO DEFECTS,ON SCENE,INJURY AND / OR TOW DUE TO CRASH,,,Y,"OVER $1,500",07/06/2025 08:40:00 AM,UNABLE TO DETERMINE,UNABLE TO DETERMINE,2425,S,ST LOUIS AVE,1024,,,,,,,4,NO INDICATION OF INJURY,0,0,0,0,0,1,0,8,1,7,41.8472898631,-87.7122839051,POINT (-87.712283905091 41.847289863149)
344b26702d5834c331804b74fd4e312c45a28f3738351f1de039da188b6705aa2a592d2429e96bda5742575feebe1a740fb96499eab1aeeb4897b76330d6f91b,,07/06/2025 08:12:00 AM,30,TRAFFIC SIGNAL,FUNCTIONING PROPERLY,CLEAR,DAYLIGHT,REAR END,FOUR WAY,,STRAIGHT AND LEVEL,DRY,NO DEFECTS,NOT ON SCENE (DESK REPORT),INJURY AND / OR TOW DUE TO CRASH,,,,"OVER $1,500",07/06/2025 09:00:00 AM,FOLLOWING TOO CLOSELY,NOT APPLICABLE,473,N,COLUMBUS DR,1834,,,,,,,2,"REPORTED, NOT EVIDENT",4,0,0,0,4,2,0,8,1,7,41.8907462332,-87.6200855179,POINT (-87.62008551792 41.890746233223)
46bc6644635fc5b73ff5d15c6c6120df7356c739cd2492ac5b087c9c828c35cf944cefc18c8902cff52bd7bb4b6e4852ecbab8ade25d6d8cdb3d11de7791f92f,,07/06/2025 08:00:00 AM,20,NO CONTROLS,NO CONTROLS,CLEAR,"DARKNESS, LIGHTED ROAD",PARKED MOTOR VEHICLE,ONE-WAY,,STRAIGHT AND LEVEL,DRY,NO DEFECTS,NOT ON SCENE (DESK REPORT),NO INJURY / DRIVE AWAY,,,Y,"OVER $1,500",07/06/2025 08:15:00 AM,UNABLE TO DETERMINE,UNABLE TO DETERMINE,7219,S,TALMAN AVE,831,,,,,,,2,NO INDICATION OF INJURY,0,0,0,0,0,1,0,8,1,7,41.7621761357,-87.6891470269,POINT (-87.689147026911 41.762176135675)
6857118db9468cdae8fcf420d72cb0839103b6d320f98b741aa1c195a0f43b9ef2acb29d5b69953de1f173f12ec5620042d16e192110b1b64280aa4f73b502b2,Y,07/06/2025 08:00:00 AM,30,NO CONTROLS,NO CONTROLS,CLEAR,DAYLIGHT,PARKED MOTOR VEHICLE,PARKING LOT,,STRAIGHT AND LEVEL,DRY,NO DEFECTS,NOT ON SCENE (DESK REPORT),NO INJURY / DRIVE AWAY,,,Y,$500 OR LESS,07/06/2025 03:50:00 PM,UNABLE TO DETERMINE,NOT APPLICABLE,657,W,LAKE ST,121,,,,,,,2,NO INDICATION OF INJURY,0,0,0,0,0,1,0,8,1,7,41.8855864704,-87.6451181789,POINT (-87.645118178937 41.885586470376)
6aace442c86ac6f65de6ae2a0bdf518e1f954e61845a73ce0630288819a5d541e445467a6b5996612601a5bc3798943b08e195ff0eec3e7494008313ae5b0765,Y,07/06/2025 08:00:00 AM,30,NO CONTROLS,NO CONTROLS,UNKNOWN,UNKNOWN,PARKED MOTOR VEHICLE,NOT DIVIDED,,STRAIGHT AND LEVEL,UNKNOWN,NO DEFECTS,ON SCENE,INJURY AND / OR TOW DUE TO CRASH,,,Y,"OVER $1,500",07/06/2025 08:42:00 AM,UNABLE TO DETERMINE,UNABLE TO DETERMINE,10357,S,AVENUE L,432,,,,,,,3,NO INDICATION OF INJURY,0,0,0,0,0,1,0,8,1,7,41.7065410885,-87.5363473422,POINT (-87.536347342195 41.706541088511)
a2415a59dcb72179f8955896eb61abd213c62cabfc18eb18c659ecc16d6b20800674f36e84d260db8e8dab7670fe864176c32ebf93747e1cfa3e54cdca863cb7,,07/06/2025 08:00:00 AM,30,TRAFFIC SIGNAL,NO CONTROLS,CLEAR,DAYLIGHT,REAR END,NOT DIVIDED,,STRAIGHT AND LEVEL,DRY,NO DEFECTS,ON SCENE,NO INJURY / DRIVE AWAY,,,,"OVER $1,500",07/06/2025 08:04:00 AM,DRIVING SKILLS/KNOWLEDGE/EXPERIENCE,UNABLE TO DETERMINE,2002,N,HUMBOLDT BLVD,1414,,,,,,,2,NO INDICATION OF INJURY,0,0,0,0,0,2,0,8,1,7,41.9175548508,-87.7022397509,POINT (-87.70223975088 41.917554850832)
daadffadf4a643a0298fee43f50d873fd1a4b70c58933366ac7ddb550f0d94c0d815922e5f9c5f5ec69092e9125854db1cffb0c160781f5622a5711151c5ff0b,,07/06/2025 07:40:00 AM,30,NO CONTROLS,NO CONTROLS,CLEAR,DAYLIGHT,OTHER OBJECT,OTHER,,STRAIGHT AND LEVEL,DRY,OTHER,ON SCENE,INJURY AND / OR TOW DUE TO CRASH,,Y,,"OVER $1,500",07/06/2025 07:47:00 AM,UNABLE TO DETERMINE,UNABLE TO DETERMINE,45,N,WESTERN AVE,1223,,,,,,,1,NO INDICATION OF INJURY,0,0,0,0,0,1,0,7,1,7,41.8825116243,-87.6863244332,POINT (-87.686324433222 41.882511624325)
45882ceda09f4edfab79d38f68e2fa1853926fc348de981bc5788fcefdad26437536b073b8e6080d5306ba63894a63ef3d3dfe364df14820d7e52dc569904fae,,07/06/2025 07:30:00 AM,30,TRAFFIC SIGNAL,FUNCTIONING PROPERLY,CLEAR,DAYLIGHT,REAR TO FRONT,NOT DIVIDED,,STRAIGHT AND LEVEL,DRY,NO DEFECTS,NOT ON SCENE (DESK REPORT),NO INJURY / DRIVE AWAY,,,Y,"OVER $1,500",07/06/2025 07:55:00 AM,UNABLE TO DETERMINE,UNABLE TO DETERMINE,1000,W,ADDISON ST,1923,,,,,,,2,NO INDICATION OF INJURY,0,0,0,0,0,2,0,7,1,7,41.9473522632,-87.6544433751,POINT (-87.65444337511 41.947352263187)
98d3d62b91a0e0ba037b555bef6afc407629e1e96a91dff405293228ae78ef27b742e9de19393bfa7b16f581f07d4abaa19b96f348ae8681b87a3582315c6b39,,07/06/2025 07:29:00 AM,30,NO CONTROLS,NO CONTROLS,CLEAR,DAYLIGHT,SIDESWIPE SAME DIRECTION,DIVIDED - W/MEDIAN (NOT RAISED),,STRAIGHT AND LEVEL,DRY,UNKNOWN,NOT ON SCENE (DESK REPORT),NO INJURY / DRIVE AWAY,,,,"OVER $1,500",07/08/2025 02:00:00 PM,IMPROPER OVERTAKING/PASSING,NOT APPLICABLE,6,W,OHIO ST,1832,,,,,,,2,NO INDICATION OF INJURY,0,0,0,0,0,2,0,7,1,7,41.8925752941,-87.6283414665,POINT (-87.628341466463 41.892575294112)
153b64ed21ab179e4eb239735e70fa4ffd665b19cbe63f6e8e46db7f2305dfb7b02440b5f56ed43f5ee95ab2224e32f27801bf85eb66b2d691b54e92d03cc782,,07/06/2025 07:28:00 AM,30,STOP SIGN/FLASHER,FUNCTIONING PROPERLY,CLEAR,DAYLIGHT,TURNING,NOT REPORTED,,STRAIGHT AND LEVEL,DRY,NO DEFECTS,ON SCENE,NO INJURY / DRIVE AWAY,Y,,,"OVER $1,500",07/06/2025 07:34:00 AM,UNABLE TO DETERMINE,IMPROPER TURNING/NO SIGNAL,1041,E,OAKWOOD BLVD,214,,,,,,,2,NO INDICATION OF INJURY,0,0,0,0,0,2,0,7,1,7,41.8251640334,-87.6004473756,POINT (-87.600447375568 41.825164033389)
f63cb719e806c2d59f27a504b57c0bd1b9626f0390c03673057f3e0bff7632f134c9f6a06014ef6ffa10e4461089a57f7f1bb850cc199bf49e6b33467d7bc7bd,,07/06/2025 07:22:00 AM,30,STOP SIGN/FLASHER,FUNCTIONING PROPERLY,CLEAR,DAYLIGHT,REAR END,T-INTERSECTION,,STRAIGHT AND LEVEL,DRY,NO DEFECTS,ON SCENE,INJURY AND / OR TOW DUE TO CRASH,Y,,,"OVER $1,500",07/06/2025 07:22:00 AM,UNABLE TO DETERMINE,NOT APPLICABLE,2938,N,PULASKI RD,2523,,,,,,,2,NO INDICATION OF INJURY,0,0,0,0,0,2,0,7,1,7,41.9347853225,-87.7272094005,POINT (-87.727209400524 41.934785322454)
c1ea66dec6c0bc9bd86c21da70d22ffc89f43cf781ada74e826c8989cc7bb1937896f13c8335766166f55a3d32836a932faddd7f2db1f51a8418fedc82ab3854,,07/06/2025 07:10:00 AM,35,TRAFFIC SIGNAL,FUNCTIONING PROPERLY,CLEAR,DAYLIGHT,SIDESWIPE SAME DIRECTION,FOUR WAY,,STRAIGHT AND LEVEL,DRY,NO DEFECTS,ON SCENE,NO INJURY / DRIVE AWAY,,,Y,"OVER $1,500",07/06/2025 07:10:00 AM,FAILING TO REDUCE SPEED TO AVOID CRASH,NOT APPLICABLE,6298,S,STATE ST,311,,,,,,,2,NO INDICATION OF INJURY,0,0,0,0,0,2,0,7,1,7,41.7801511698,-87.6255196654,POINT (-87.625519665365 41.780151169818)
99e998e263339608192e0b81c3e3f46a51f623623c2b861723155a7281b5e93c763bb03fb2b0cae3cf9d2d73c5cacd36bc8b3df7792d0b5be04ca63a51c59130,,07/06/2025 06:58:00 AM,30,TRAFFIC SIGNAL,UNKNOWN,CLEAR,DAYLIGHT,SIDESWIPE SAME DIRECTION,DIVIDED - W/MEDIAN BARRIER,,STRAIGHT AND LEVEL,DRY,UNKNOWN,NOT ON SCENE (DESK REPORT),NO INJURY / DRIVE AWAY,,,,"$501 - $1,500",07/06/2025 07:50:00 AM,UNABLE TO DETERMINE,UNABLE TO DETERMINE,405,N,AUSTIN BLVD,1512,,,,,,,2,NO INDICATION OF INJURY,0,0,0,0,0,3,0,6,1,7,41.8872581668,-87.7747394334,POINT (-87.774739433373 41.887258166759)
9e1d88b2b0197c62020aed23e099fd7c75c9c78116acc36bd9dc8d84b4ab62b2f825163c073a36010054c1c68c1953bad531edd6e149d82b691bd4a09cf90df3,,07/06/2025 06:41:00 AM,35,TRAFFIC SIGNAL,FUNCTIONING PROPERLY,CLEAR,DAYLIGHT,ANGLE,FOUR WAY,,STRAIGHT AND LEVEL,DRY,NO DEFECTS,ON SCENE,INJURY AND / OR TOW DUE TO CRASH,Y,,,"OVER $1,500",07/06/2025 06:49:00 AM,DISREGARDING TRAFFIC SIGNALS,NOT APPLICABLE,800,W,99TH ST,2232,,,,,,,2,"REPORTED, NOT EVIDENT",2,0,0,0,2,0,0,6,1,7,41.714323337,-87.6430667142,POINT (-87.643066714219 41.714323337011)
7ec8b37f3eb926ad74a13682f976dba38b56ae7269e6262365a1bd680564705768c0c4e405fcf22a44b2a2ffaa881a9845f08edf4f79628f8d461b9d4bde8ead,,07/06/2025 06:30:00 AM,30,NO CONTROLS,NO CONTROLS,CLEAR,DAYLIGHT,PARKED MOTOR VEHICLE,NOT DIVIDED,,STRAIGHT AND LEVEL,DRY,NO DEFECTS,ON SCENE,INJURY AND / OR TOW DUE TO CRASH,,,,"OVER $1,500",07/06/2025 06:57:00 AM,UNABLE TO DETERMINE,NOT APPLICABLE,13328,S,INDIANA AVE,533,,,,,,,4,NONINCAPACITATING INJURY,1,0,0,1,0,0,0,6,1,7,41.6527070658,-87.6173847518,POINT (-87.617384751795 41.652707065827)
8d5890731d385bbf825b13b0625478a8e316f4914fdeb1409d10335b0665a05b907242c1b4dd387381d017984c54c1d422eec6583ac1a9d98f4b425d9e3abaf6,,07/06/2025 06:30:00 AM,30,NO CONTROLS,NO CONTROLS,UNKNOWN,DAYLIGHT,PARKED MOTOR VEHICLE,NOT DIVIDED,,STRAIGHT AND LEVEL,UNKNOWN,UNKNOWN,NOT ON SCENE (DESK REPORT),NO INJURY / DRIVE AWAY,,,Y,"OVER $1,500",07/06/2025 11:09:00 AM,UNABLE TO DETERMINE,UNABLE TO DETERMINE,2845,W,82ND ST,835,,,,,,,2,NO INDICATION OF INJURY,0,0,0,0,0,1,0,6,1,7,41.7443452671,-87.6942666402,POINT (-87.694266640212 41.744345267075)
d0f38f2badc36c35e31e577112247bc2102cc29a75d77eb45e402e12f6c6bdb26430f573d9ce7ea3c41dca0d4e66fac8e2ac9933d470f7fd7ece612a5c8d962b,,07/06/2025 06:30:00 AM,40,UNKNOWN,UNKNOWN,UNKNOWN,UNKNOWN,SIDESWIPE SAME DIRECTION,DIVIDED - W/MEDIAN BARRIER,,STRAIGHT AND LEVEL,UNKNOWN,UNKNOWN,NOT ON SCENE (DESK REPORT),NO INJURY / DRIVE AWAY,,,,$500 OR LESS,07/06/2025 08:20:00 AM,UNABLE TO DETERMINE,NOT APPLICABLE,3200,N,LAKE SHORE DR SB,1925,,,,,,,2,NO INDICATION OF INJURY,0,0,0,0,0,2,0,6,1,7,41.9404429026,-87.6386335392,POINT (-87.638633539238 41.940442902597)
9f9294a13f431d23dd105e519eb76cd6223105855f8eecbc423153dba0e28905ed17657aebab2c2059be4cc34146bd58c7b57d919a7196cee37272589dc38a27,,07/06/2025 06:25:00 AM,20,NO CONTROLS,NO CONTROLS,CLEAR,DAYLIGHT,FIXED OBJECT,OTHER,,STRAIGHT AND LEVEL,DRY,NO DEFECTS,ON SCENE,INJURY AND / OR TOW DUE TO CRASH,,,,"OVER $1,500",07/06/2025 06:29:00 AM,UNABLE TO DETERMINE,NOT APPLICABLE,3401,W,MANN DR,831,,,,,,,1,"REPORTED, NOT EVIDENT",1,0,0,0,1,2,0,6,1,7,41.770489642,-87.7078413378,POINT (-87.707841337778 41.770489641994)
333553897af2d0571af7f683b54922ea6ba8b9ca8c83028166c211eebe393fa93bf2f58738ee54729f655bd6af9835bb18b4d2510a9d502d39ba1f1c9acde674,,07/06/2025 06:20:00 AM,40,NO CONTROLS,NO CONTROLS,CLEAR,DAYLIGHT,SIDESWIPE SAME DIRECTION,DIVIDED - W/MEDIAN BARRIER,,STRAIGHT AND LEVEL,DRY,NO DEFECTS,NOT ON SCENE (DESK REPORT),NO INJURY / DRIVE AWAY,,,Y,"OVER $1,500",07/06/2025 12:15:00 PM,IMPROPER OVERTAKING/PASSING,NOT APPLICABLE,4659,S,LAKE SHORE DR NB,222,,,,,,,2,NO INDICATION OF INJURY,0,0,0,0,0,2,0,6,1,7,41.8111100738,-87.58882358,POINT (-87.588823579965 41.811110073837)
a2e4988fb40831b2784cac6b4ab9d0c9bf317a5dd1f246fc1f4fea85b7732f7d0977c2ae0bf300f7a2f4243e4ebd8cd6ff3435f4d956cd56b437b1cf52be9f6f,,07/06/2025 06:20:00 AM,30,NO CONTROLS,NO CONTROLS,CLEAR,DAYLIGHT,PARKED MOTOR VEHICLE,ONE-WAY,,STRAIGHT AND LEVEL,DRY,NO DEFECTS,ON SCENE,INJURY AND / OR TOW DUE TO CRASH,,,Y,"OVER $1,500",07/06/2025 06:25:00 AM,UNABLE TO DETERMINE,NOT APPLICABLE,5152,S,RICHMOND ST,923,,,,,,,3,NO INDICATION OF INJURY,0,0,0,0,0,1,0,6,1,7,41.7993578154,-87.6977671465,POINT (-87.697767146528 41.799357815356)
1380c15afba8c9e968ed8c9c5666add640568c12a386a813d7d5cf87328c41b3fa35c4f4325ce3f3f300748a84c5e10399ab09c8d4be54cf74cf60b94fff3852,Y,07/06/2025 06:00:00 AM,30,NO CONTROLS,NO CONTROLS,UNKNOWN,UNKNOWN,PARKED MOTOR VEHICLE,NOT DIVIDED,,STRAIGHT AND LEVEL,UNKNOWN,NO DEFECTS,ON SCENE,INJURY AND / OR TOW DUE TO CRASH,,,Y,"OVER $1,500",07/06/2025 10:30:00 AM,UNABLE TO DETERMINE,UNABLE TO DETERMINE,13120,S,GREEN BAY AVE,433,,,,,,,2,NO INDICATION OF INJURY,0,0,0,0,0,1,0,6,1,7,41.6566625736,-87.5412430347,POINT (-87.541243034718 41.656662573633)
f1625fc2b2bdd03562dd723824ea6c21821c2397b41f83c90f027ab98ce99349e799ed57549e2a86ebe284eb417673a29befcafe0b3393005e0f38e799cf260c,,07/06/2025 06:00:00 AM,25,NO CONTROLS,NO CONTROLS,CLEAR,DAYLIGHT,FIXED OBJECT,PARKING LOT,,STRAIGHT AND LEVEL,DRY,NO DEFECTS,ON SCENE,NO INJURY / DRIVE AWAY,,,,"OVER $1,500",07/06/2025 06:05:00 AM,UNABLE TO DETERMINE,NOT APPLICABLE,3305,S,LAKE SHORE DR NB,211,,,,,,,1,NO INDICATION OF INJURY,0,0,0,0,0,1,0,6,1,7,41.8346333318,-87.6075369358,POINT (-87.607536935812 41.834633331801)
f22d8bbfa52cce161be64a4cc2cc69e358efd34e8cacee962fe7dbc27d4a6bc1bb41143fcaad7114d9154992f301b2f5047cbeb2487ec7a02c64af35b6fea23b,Y,07/06/2025 06:00:00 AM,35,NO CONTROLS,NO CONTROLS,CLEAR,DAYLIGHT,PARKED MOTOR VEHICLE,DIVIDED - W/MEDIAN (NOT RAISED),,STRAIGHT AND LEVEL,UNKNOWN,UNKNOWN,ON SCENE,INJURY AND / OR TOW DUE TO CRASH,,,Y,"OVER $1,500",07/06/2025 06:53:00 AM,UNABLE TO DETERMINE,UNABLE TO DETERMINE,1734,N,NARRAGANSETT AVE,2513,,,,,,,3,NO INDICATION OF INJURY,0,0,0,0,0,1,0,6,1,7,41.9117803412,-87.7852348303,POINT (-87.785234830335 41.911780341205)
66da5893efa192db6dc1c282524017d95518c2a1c8926b498142c898278fe1d02a5c27c1a8b4074da43c102c263e3bffd7951c2570e0d9d1d4b45a8a721981d7,,07/06/2025 05:48:00 AM,30,NO CONTROLS,NO CONTROLS,CLEAR,DAYLIGHT,PARKED MOTOR VEHICLE,NOT DIVIDED,,STRAIGHT AND LEVEL,DRY,NO DEFECTS,NOT ON SCENE (DESK REPORT),NO INJURY / DRIVE AWAY,,,Y,"OVER $1,500",07/07/2025 07:35:00 PM,UNABLE TO DETERMINE,NOT APPLICABLE,4401,S,WOOD ST,924,,,,,,,2,NO INDICATION OF INJURY,0,0,0,0,0,1,0,5,1,7,41.8139242558,-87.6698218626,POINT (-87.669821862614 41.813924255849)
9af8ef9a3e67bb2b023b106da5fc40a88c2b148981ea8096ed4fde485a35d9e24a686ad1fe5293aafc5c00482e7790e4f80e534b421dbb7e31e25bbd15a5d4dd,,07/06/2025 05:20:00 AM,30,TRAFFIC SIGNAL,NO CONTROLS,CLEAR,DAWN,REAR END,DIVIDED - W/MEDIAN (NOT RAISED),,STRAIGHT AND LEVEL,DRY,NO DEFECTS,NOT ON SCENE (DESK REPORT),NO INJURY / DRIVE AWAY,Y,,Y,"OVER $1,500",07/06/2025 05:23:00 AM,UNABLE TO DETERMINE,UNABLE TO DETERMINE,759,N,AUSTIN BLVD,1511,,,,,,,3,NO INDICATION OF INJURY,0,0,0,0,0,4,0,5,1,7,41.894600902,-87.7749787501,POINT (-87.774978750081 41.894600901968)
5d30c76fd85839bb50bf79ae20c8a1a14a2f64c6f80ae7971538ecf34aef56010a0cd581d3f8aa996debb233de66b0cd8a575a0d518616cc42c079364d4da238,,07/06/2025 05:00:00 AM,30,NO CONTROLS,NO CONTROLS,CLEAR,DAYLIGHT,FIXED OBJECT,DIVIDED - W/MEDIAN BARRIER,,STRAIGHT AND LEVEL,DRY,NO DEFECTS,ON SCENE,INJURY AND / OR TOW DUE TO CRASH,,,,"OVER $1,500",07/06/2025 05:16:00 AM,UNABLE TO DETERMINE,NOT APPLICABLE,3601,W,MARQUETTE RD,833,,,,,,,2,INCAPACITATING INJURY,1,0,1,0,0,0,0,5,1,7,41.7714092018,-87.7130941439,POINT (-87.713094143941 41.771409201769)
7b011478de46ef89f4b3aa43e74f57e833fb081a8ea05da2c025e8ba2b5f3c325b47385a06fec5cea9552517007d644cd6045e43b391134e4f9c54e771a60ec3,,07/06/2025 05:00:00 AM,15,OTHER,OTHER,CLEAR,DAYLIGHT,PARKED MOTOR VEHICLE,PARKING LOT,,STRAIGHT AND LEVEL,DRY,NO DEFECTS,,NO INJURY / DRIVE AWAY,,,,"$501 - $1,500",07/06/2025 11:00:00 PM,NOT APPLICABLE,NOT APPLICABLE,3900,N,ROCKWELL ST,1921,,,,,,,2,NO INDICATION OF INJURY,0,0,0,0,0,1,0,5,1,7,41.9522625494,-87.6935048604,POINT (-87.693504860441 41.952262549405)
383c90e17a4e2206bd4463306c5cec32315cece6aedcd4288b3b8b09ec7031829da9d25206ad880bb183e454dc50e69f180ea81774ef6493d23b09bdf5ff7287,,07/06/2025 04:20:00 AM,30,TRAFFIC SIGNAL,FUNCTIONING PROPERLY,CLEAR,DAWN,PEDESTRIAN,DIVIDED - W/MEDIAN (NOT RAISED),,STRAIGHT AND LEVEL,DRY,NO DEFECTS,NOT ON SCENE (DESK REPORT),INJURY AND / OR TOW DUE TO CRASH,Y,,Y,"OVER $1,500",07/06/2025 06:29:00 AM,UNABLE TO DETERMINE,NOT APPLICABLE,4799,W,JACKSON BLVD,1131,,,,,,,2,NONINCAPACITATING INJURY,1,0,0,1,0,1,0,4,1,7,41.8767082181,-87.7450089266,POINT (-87.745008926578 41.876708218121)
b60f5d8a94b470f42ade026fbe4a7026dc70521211c7ea636bbe5de2084897a402db4684ced175c76ea34af592310429a6fb92c0da2dfdbeec30047cadf03aa8,,07/06/2025 03:39:00 AM,30,NO CONTROLS,NO CONTROLS,CLEAR,DAWN,PARKED MOTOR VEHICLE,NOT DIVIDED,,STRAIGHT AND LEVEL,DRY,NO DEFECTS,ON SCENE,NO INJURY / DRIVE AWAY,,,Y,"OVER $1,500",07/06/2025 04:46:00 AM,UNABLE TO DETERMINE,UNABLE TO DETERMINE,1506,S,HOMAN AVE,1021,,,,,,,3,NO INDICATION OF INJURY,0,0,0,0,0,1,0,3,1,7,41.8605977316,-87.7105267193,POINT (-87.710526719272 41.860597731569)
50d2c5503aa4d7c572fa696b31e403117a7e04b5655b97365ef6d11de2fe9ee452ffb9273300af435f836437869b941ec6a22e16ae3be052481063d7bd031577,,07/06/2025 03:30:00 AM,30,NO CONTROLS,NO CONTROLS,CLEAR,"DARKNESS, LIGHTED ROAD",PARKED MOTOR VEHICLE,DIVIDED - W/MEDIAN BARRIER,,STRAIGHT AND LEVEL,DRY,NO DEFECTS,ON SCENE,INJURY AND / OR TOW DUE TO CRASH,,,Y,"OVER $1,500",07/06/2025 03:36:00 AM,UNABLE TO DETERMINE,UNABLE TO DETERMINE,1635,N,ASHLAND AVE,1433,,,,,,,4,NO INDICATION OF INJURY,0,0,0,0,0,1,0,3,1,7,41.911684016,-87.66757343,POINT (-87.667573429985 41.911684015996)
ce4b4e128005399f3cf49ee5e7686e68b5f0a1c51b3a553be15707f5a96f23a6efcb382e1c3f356ef7ba2e9fb21aea26f4205450805f862764b8f2f0b8d7d267,,07/06/2025 03:30:00 AM,20,NO CONTROLS,NO CONTROLS,CLEAR,"DARKNESS, LIGHTED ROAD",PARKED MOTOR VEHICLE,ONE-WAY,,STRAIGHT AND LEVEL,DRY,UNKNOWN,NOT ON SCENE (DESK REPORT),NO INJURY / DRIVE AWAY,,,Y,"$501 - $1,500",07/06/2025 01:20:00 PM,UNABLE TO DETERMINE,UNABLE TO DETERMINE,2215,S,RIDGEWAY AVE,1013,,,,,,,2,NO INDICATION OF INJURY,0,0,0,0,0,1,0,3,1,7,41.8511156667,-87.7184910987,POINT (-87.718491098735 41.851115666731)
331ee3c4351adba4f4c17ec8f4de5e0baf255fa4669b7a59f5bc85fc09b9340f6d23a9ee532a7508187980fe668728aff351b4814e872d25c4500722edc711f3,,07/06/2025 03:18:00 AM,30,NO CONTROLS,NO CONTROLS,CLEAR,"DARKNESS, LIGHTED ROAD",PARKED MOTOR VEHICLE,NOT DIVIDED,,STRAIGHT AND LEVEL,DRY,NO DEFECTS,ON SCENE,INJURY AND / OR TOW DUE TO CRASH,,,,"OVER $1,500",07/06/2025 03:19:00 AM,FAILING TO REDUCE SPEED TO AVOID CRASH,"EVASIVE ACTION DUE TO ANIMAL, OBJECT, NONMOTORIST",3254,N,LARAMIE AVE,1634,,,,,,,3,NO INDICATION OF INJURY,0,0,0,0,0,1,0,3,1,7,41.9403598035,-87.7568928911,POINT (-87.756892891133 41.940359803451)