CRASH_RECORD_ID,CRASH_DATE_EST_I,CRASH_DATE,POSTED_SPEED_LIMIT,TRAFFIC_CONTROL_DEVICE,DEVICE_CONDITION,WEATHER_CONDITION,LIGHTING_CONDITION,FIRST_CRASH_TYPE,TRAFFICWAY_TYPE,LANE_CNT,ALIGNMENT,ROADWAY_SURFACE_COND,ROAD_DEFECT,REPORT_TYPE,CRASH_TYPE,INTERSECTION_RELATED_I,NOT_RIGHT_OF_WAY_I,HIT_AND_RUN_I,DAMAGE,DATE_POLICE_NOTIFIED,PRIM_CONTRIBUTORY_CAUSE,SEC_CONTRIBUTORY_CAUSE,STREET_NO,STREET_DIRECTION,STREET_NAME,BEAT_OF_OCCURRENCE,PHOTOS_TAKEN_I,STATEMENTS_TAKEN_I,DOORING_I,WORK_ZONE_I,WORK_ZONE_TYPE,WORKERS_PRESENT_I,NUM_UNITS,MOST_SEVERE_INJURY,INJURIES_TOTAL,INJURIES_FATAL,INJURIES_INCAPACITATING,INJURIES_NON_INCAPACITATING,INJURIES_REPORTED_NOT_EVIDENT,INJURIES_NO_INDICATION,INJURIES_UNKNOWN,CRASH_HOUR,CRASH_DAY_OF_WEEK,CRASH_MONTH,LATITUDE,LONGITUDE,LOCATION
009ddc47e1af0e22633488278c104b6b98419804be86158955769ff6dfc8c6cd50cb1929cd22a3ac9ce223741795e8372d31fce538cb6f048cf013397ac9ecf3,,07/06/2025 03:16:00 AM,35,NO CONTROLS,NO CONTROLS,CLEAR,"DARKNESS, LIGHTED ROAD",PARKED MOTOR VEHICLE,ONE-WAY,,STRAIGHT AND LEVEL,DRY,NO DEFECTS,ON SCENE,INJURY AND / OR TOW DUE TO CRASH,,,,"OVER $1,500",07/06/2025 03:25:00 AM,UNABLE TO DETERMINE,UNABLE TO DETERMINE,7163,S,WOOD ST,735,,,,,,,4,NO INDICATION OF INJURY,0,0,0,0,0,2,0,3,1,7,41.7631302967,-87.6684783273,POINT (-87.668478327272 41.763130296744)
8f157b4623f598a3889e91f76e70c38d402aa166a18de6caa90918f9ae0922ce80e247002713f0744a6100a9428a880265b772d81b8fcecb4f9b7b717a1f2d6b,,07/06/2025 03:09:00 AM,30,NO CONTROLS,FUNCTIONING PROPERLY,CLEAR,DARKNESS,HEAD ON,NOT DIVIDED,,STRAIGHT AND LEVEL,DRY,NO DEFECTS,ON SCENE,INJURY AND / OR TOW DUE TO CRASH,Y,,N,"OVER $1,500",07/06/2025 03:09:00 AM,UNDER THE INFLUENCE OF ALCOHOL/DRUGS (USE WHEN ARREST IS EFFECTED),HAD BEEN DRINKING (USE WHEN ARREST IS NOT MADE),524,E,75TH ST,323,,Y,,,,,2,NONINCAPACITATING INJURY,1,0,0,1,0,1,0,3,1,7,41.7585810231,-87.6116152618,POINT (-87.611615261769 41.758581023084)
1400d7ae91e2a6c3ba37872bf70ceb6c90e3f756d88ff9f8ddf0276e01d8719042d95f72a8b9531551ecb4829b688987eea327026255bee15026ec38e3f74a8b,Y,07/06/2025 03:00:00 AM,25,NO CONTROLS,NO CONTROLS,CLEAR,"DARKNESS, LIGHTED ROAD",PARKED MOTOR VEHICLE,ONE-WAY,,STRAIGHT AND LEVEL,DRY,NO DEFECTS,NOT ON SCENE (DESK REPORT),NO INJURY / DRIVE AWAY,,,Y,"$501 - $1,500",07/06/2025 08:30:00 AM,UNABLE TO DETERMINE,UNABLE TO DETERMINE,8003,S,LANGLEY AVE,631,,,,,,,2,NO INDICATION OF INJURY,0,0,0,0,0,1,0,3,1,7,41.7492706841,-87.6074605114,POINT (-87.607460511353 41.749270684148)
1a0e8675189a27deac705c967a9d34dbbcfe235a0ff0fbc2418044e73bd25f1f9dde012c1a1afea2db3838a01117a35ad451f8fb3e41807266ae7ee2cdea4ff0,,07/06/2025 03:00:00 AM,30,TRAFFIC SIGNAL,FUNCTIONING PROPERLY,CLEAR,DAYLIGHT,ANGLE,TRAFFIC ROUTE,,STRAIGHT AND LEVEL,DRY,NO DEFECTS,,INJURY AND / OR TOW DUE TO CRASH,Y,,Y,"OVER $1,500",07/06/2025 03:28:00 AM,DRIVING SKILLS/KNOWLEDGE/EXPERIENCE,FAILING TO YIELD RIGHT-OF-WAY,500,N,LAKE SHORE DR,1834,,,,,,,2,"REPORTED, NOT EVIDENT",1,0,0,0,1,6,0,3,1,7,41.8911183327,-87.6143846846,POINT (-87.614384684631 41.891118332732)
3c73be275f291fd64396b99cb94078e62389ccca4d45a652a3edf37b9bc675963b93487f55ed81019138e031f8dbe1d38129f54c3c04c5fe5cb9549d7458bee9,,07/06/2025 03:00:00 AM,30,NO CONTROLS,NO CONTROLS,CLEAR,DARKNESS,PARKED MOTOR VEHICLE,DIVIDED - W/MEDIAN (NOT RAISED),,STRAIGHT AND LEVEL,DRY,NO DEFECTS,ON SCENE,NO INJURY / DRIVE AWAY,,,Y,"OVER $1,500",07/06/2025 08:06:00 AM,UNABLE TO DETERMINE,NOT APPLICABLE,4644,W,47TH ST,815,,,,,,,4,NO INDICATION OF INJURY,0,0,0,0,0,1,0,3,1,7,41.8077688015,-87.7402290105,POINT (-87.740229010532 41.807768801524)
95414c84e7e36b5ba4223a78c74a957b6056664be6aa627fb9e86b1f2d7888e48c73ac9b10576b3319c41adff56e1cb154c161ec5cfaf93286e2e7d3e71c3f65,,07/06/2025 03:00:00 AM,30,NO CONTROLS,NO CONTROLS,CLEAR,"DARKNESS, LIGHTED ROAD",FIXED OBJECT,TRAFFIC ROUTE,,STRAIGHT AND LEVEL,DRY,NO DEFECTS,NOT ON SCENE (DESK REPORT),INJURY AND / OR TOW DUE TO CRASH,Y,,,"OVER $1,500",07/06/2025 03:30:00 PM,UNABLE TO DETERMINE,NOT APPLICABLE,2231,S,DR MARTIN LUTHER KING JR DR,132,,,,,,,1,NO INDICATION OF INJURY,0,0,0,0,0,1,0,3,1,7,41.8521263051,-87.6188523239,POINT (-87.618852323854 41.852126305098)
f1824bd8cec2d00f944be2d90b23a0f54f9364da2b1e2ff8c8c039047d65d6e4f90cdd244e445221d5b8bf04c2bf42f7299ea9afc6a02a1ab4c8d3ec3b6146d5,Y,07/06/2025 03:00:00 AM,30,NO CONTROLS,NO CONTROLS,CLEAR,"DARKNESS, LIGHTED ROAD",PARKED MOTOR VEHICLE,OTHER,,STRAIGHT AND LEVEL,DRY,NO DEFECTS,,NO INJURY / DRIVE AWAY,,,N,"OVER $1,500",07/06/2025 03:00:00 AM,FAILING TO REDUCE SPEED TO AVOID CRASH,FAILING TO REDUCE SPEED TO AVOID CRASH,113,N,KOSTNER AVE,1114,,,,,,,6,NO INDICATION OF INJURY,0,0,0,0,0,1,0,3,1,7,41.8824158349,-87.7353846866,POINT (-87.735384686632 41.882415834872)
a586b5d1744de3fafee63c59f4751cf85a5190e38540ef8f9b02504a0e077220280a6f22191d4a514a6646d6d829795a91d2c56ab92ace0eab37c68b8b9e0856,,07/06/2025 02:55:00 AM,30,TRAFFIC SIGNAL,FUNCTIONING PROPERLY,CLEAR,DARKNESS,ANGLE,FOUR WAY,,STRAIGHT AND LEVEL,DRY,UNKNOWN,,INJURY AND / OR TOW DUE TO CRASH,Y,,,"OVER $1,500",07/06/2025 04:12:00 AM,DISREGARDING TRAFFIC SIGNALS,FAILING TO YIELD RIGHT-OF-WAY,193,W,GARFIELD BLVD,225,,,,,,,2,NONINCAPACITATING INJURY,2,0,0,1,1,2,0,2,1,7,41.7940915382,-87.6304664415,POINT (-87.630466441501 41.794091538248)
65042fe40e902dfe6cb05c832c43a5013a07486b6ef9b1abefeffbab73d69d03a2d00071f0722f2a615163c5e2d8bf489c21afc82ed6e72b97899d45993b990c,,07/06/2025 02:46:00 AM,35,UNKNOWN,UNKNOWN,CLEAR,"DARKNESS, LIGHTED ROAD",TURNING,NOT DIVIDED,,STRAIGHT AND LEVEL,DRY,UNKNOWN,ON SCENE,INJURY AND / OR TOW DUE TO CRASH,Y,,,"OVER $1,500",07/06/2025 02:46:00 AM,IMPROPER OVERTAKING/PASSING,NOT APPLICABLE,6701,S,STEWART AVE,722,,,,,,,2,NONINCAPACITATING INJURY,1,0,0,1,0,2,0,2,1,7,41.7725766417,-87.63470578,POINT (-87.634705779965 41.772576641742)
5e4a78991ece9e61f702732474e4c3c89421bbb8be65a32c57a895aceddfe3bdd3e8dd1db962215ed3b09c199525f7d6b95be7719e01528bfcb4e28a62097a42,,07/06/2025 02:36:00 AM,30,NO CONTROLS,NO CONTROLS,CLEAR,"DARKNESS, LIGHTED ROAD",PARKED MOTOR VEHICLE,DIVIDED - W/MEDIAN BARRIER,,STRAIGHT AND LEVEL,DRY,NO DEFECTS,ON SCENE,INJURY AND / OR TOW DUE TO CRASH,,,,"OVER $1,500",07/06/2025 02:36:00 AM,EQUIPMENT - VEHICLE CONDITION,EQUIPMENT - VEHICLE CONDITION,4324,S,ASHLAND AVE,924,,,,,,,2,"REPORTED, NOT EVIDENT",1,0,0,0,1,1,0,2,1,7,41.8151029905,-87.6652810517,POINT (-87.665281051701 41.815102990492)
7665cbe82db16485e61b4abe1bbe3bab6bf3d0c5038942c8111e894abd873c6b70edcac8faa52a22ff4193ff91090ae8cd31252cba9056fc2ee26f4d7304cddc,,07/06/2025 02:36:00 AM,30,NO CONTROLS,NO CONTROLS,CLEAR,"DARKNESS, LIGHTED ROAD",PARKED MOTOR VEHICLE,DIVIDED - W/MEDIAN (NOT RAISED),,STRAIGHT AND LEVEL,DRY,NO DEFECTS,ON SCENE,INJURY AND / OR TOW DUE TO CRASH,,,,"$501 - $1,500",07/06/2025 03:05:00 AM,UNABLE TO DETERMINE,UNABLE TO DETERMINE,2015,N,PULASKI RD,2525,,,,,,,3,NO INDICATION OF INJURY,0,0,0,0,0,1,0,2,1,7,41.9176249943,-87.726429056,POINT (-87.726429055978 41.917624994303)
98583f3278b7851be1ef6b48497cac8ba4c0241fd5c5701e1dd194612d86e1ccf269cdf011701d1fa514764137a461eb292658ec6e00613f5788a2ec262421a2,,07/06/2025 02:30:00 AM,30,TRAFFIC SIGNAL,FUNCTIONING PROPERLY,CLEAR,"DARKNESS, LIGHTED ROAD",REAR END,NOT DIVIDED,,STRAIGHT AND LEVEL,UNKNOWN,UNKNOWN,ON SCENE,INJURY AND / OR TOW DUE TO CRASH,,,Y,"OVER $1,500",07/06/2025 02:30:00 AM,UNABLE TO DETERMINE,NOT APPLICABLE,2759,N,CICERO AVE,2521,,,,,,,2,NONINCAPACITATING INJURY,1,0,0,1,0,2,0,2,1,7,41.9314909676,-87.7464459494,POINT (-87.746445949379 41.931490967585)
c5c6cb40a79f2c10fdd1bc675e49af566e6e130c32cdc2dbdb6ee87117365ce19bec956d96462bcfceabf6c8f7d85f9bd53ac7436278aca98bdd6a602de69c42,,07/06/2025 02:24:00 AM,30,NO CONTROLS,NO CONTROLS,CLEAR,"DARKNESS, LIGHTED ROAD",PARKED MOTOR VEHICLE,DIVIDED - W/MEDIAN (NOT RAISED),,STRAIGHT AND LEVEL,DRY,UNKNOWN,ON SCENE,INJURY AND / OR TOW DUE TO CRASH,,,,"OVER $1,500",07/06/2025 02:25:00 AM,DISTRACTION - FROM INSIDE VEHICLE,NOT APPLICABLE,1010,S,RACINE AVE,1231,,,,,,,3,NO INDICATION OF INJURY,0,0,0,0,0,1,0,2,1,7,41.8690820233,-87.6568923158,POINT (-87.656892315801 41.869082023257)
d25777d39b039e63552ac18fae6efef90896b653598dafb7754bddca771765a9dc506ed6a6b9006e809a36587d4b03b68decd5f3b1df6fa1f4ab86d87f905102,,07/06/2025 02:10:00 AM,30,TRAFFIC SIGNAL,FUNCTIONING PROPERLY,CLEAR,"DARKNESS, LIGHTED ROAD",REAR END,DIVIDED - W/MEDIAN BARRIER,,STRAIGHT AND LEVEL,DRY,NO DEFECTS,ON SCENE,INJURY AND / OR TOW DUE TO CRASH,,,Y,"OVER $1,500",07/06/2025 02:14:00 AM,FAILING TO REDUCE SPEED TO AVOID CRASH,UNABLE TO DETERMINE,111,S,ASHLAND AVE,1224,,,,,,,3,INCAPACITATING INJURY,3,0,1,2,0,2,0,2,1,7,41.8798032121,-87.666603159,POINT (-87.666603158999 41.879803212091)
4f37348deae48096513a895a99dc9e69ee137339792265ad03bda4a0ea4b9737c5402605008a48ec7f7dc4d2fc4502d3e98607a3711c0b1a9b4cf131a28eaacd,,07/06/2025 02:08:00 AM,30,NO CONTROLS,NO CONTROLS,CLEAR,"DARKNESS, LIGHTED ROAD",TURNING,NOT DIVIDED,,STRAIGHT AND LEVEL,DRY,UNKNOWN,ON SCENE,NO INJURY / DRIVE AWAY,N,,,"OVER $1,500",07/06/2025 02:28:00 AM,IMPROPER TURNING/NO SIGNAL,IMPROPER TURNING/NO SIGNAL,2531,N,CLARK ST,1935,,,,,,,2,NO INDICATION OF INJURY,0,0,0,0,0,2,0,2,1,7,41.9287187855,-87.6421816521,POINT (-87.642181652078 41.928718785513)
50495b9face03ada2b38ffc632e22752120471b3b32d9699b4fa1d80a7689cf755d4e2da4b73a79d04302e8964c7d5c990be9a90a34ab931cbb187d102920654,,07/06/2025 02:00:00 AM,30,NO CONTROLS,NO CONTROLS,CLEAR,UNKNOWN,PARKED MOTOR VEHICLE,ONE-WAY,,STRAIGHT AND LEVEL,DRY,NO DEFECTS,NOT ON SCENE (DESK REPORT),NO INJURY / DRIVE AWAY,,,Y,"OVER $1,500",07/06/2025 01:55:00 PM,UNABLE TO DETERMINE,NOT APPLICABLE,7116,S,CONSTANCE AVE,324,,,,,,,2,NO INDICATION OF INJURY,0,0,0,0,0,1,0,2,1,7,41.7655299848,-87.5807315047,POINT (-87.580731504729 41.765529984777)
c074f1dbc9427ac2ca9df8aa4062e97644ea58cc70f3b75a0544b478e28e9d9bcbd93a64a1591f983044da9bea19c628699329f2d545a7e9b8d4d3d1f8acd1d6,,07/06/2025 02:00:00 AM,30,NO CONTROLS,NO CONTROLS,UNKNOWN,UNKNOWN,REAR END,NOT DIVIDED,,STRAIGHT AND LEVEL,UNKNOWN,UNKNOWN,NOT ON SCENE (DESK REPORT),NO INJURY / DRIVE AWAY,,,,"$501 - $1,500",07/16/2025 06:45:00 PM,UNABLE TO DETERMINE,NOT APPLICABLE,7115,S,JEFFERY BLVD,333,,,,,,,2,NO INDICATION OF INJURY,0,0,0,0,0,2,0,2,1,7,41.765655342,-87.5761431728,POINT (-87.576143172846 41.765655342014)
6a4ac47905da00b7cf10001ae055981564f6612caaa56ef8bc5f3cd9d8651fc20bf828a123ef0ee99107e79ccb9bb8585d942a32cc83a1b34a2a519eb35114e9,,07/06/2025 01:45:00 AM,35,TRAFFIC SIGNAL,FUNCTIONING PROPERLY,CLEAR,"DARKNESS, LIGHTED ROAD",REAR END,FOUR WAY,,STRAIGHT AND LEVEL,DRY,UNKNOWN,ON SCENE,INJURY AND / OR TOW DUE TO CRASH,Y,,,"OVER $1,500",07/06/2025 02:00:00 AM,FOLLOWING TOO CLOSELY,DRIVING SKILLS/KNOWLEDGE/EXPERIENCE,2358,N,ASHLAND AVE,1811,,,,,,,2,NO INDICATION OF INJURY,0,0,0,0,0,4,0,1,1,7,41.9251049533,-87.6682911816,POINT (-87.668291181568 41.925104953308)
d0e64e4a98ce7f326d001560edf9328fa1760764e3b0ecc0506bcdb2dfce5edbcf993d34c64c043c58a7db0e082518eb5a3aacc96ab48d0934d328f3f9665770,,07/06/2025 01:40:00 AM,30,TRAFFIC SIGNAL,FUNCTIONING PROPERLY,CLEAR,"DARKNESS, LIGHTED ROAD",TURNING,FOUR WAY,,STRAIGHT AND LEVEL,DRY,UNKNOWN,NOT ON SCENE (DESK REPORT),NO INJURY / DRIVE AWAY,Y,,,"$501 - $1,500",07/06/2025 02:25:00 AM,FOLLOWING TOO CLOSELY,FOLLOWING TOO CLOSELY,799,N,LA SALLE DR,1832,,,,,,,2,NO INDICATION OF INJURY,0,0,0,0,0,2,0,1,1,7,41.8965647991,-87.6325616783,POINT (-87.632561678317 41.896564799141)
fa37763db10e6365f258b33561db6a669c93c1b261f62171b653d649f26e7a800e26f2f1f1bb2651462d9d851d30d1fce59034c938d58909309ddf63727b84d1,,07/06/2025 01:40:00 AM,30,NO CONTROLS,NO CONTROLS,CLEAR,DAYLIGHT,SIDESWIPE SAME DIRECTION,DIVIDED - W/MEDIAN (NOT RAISED),,STRAIGHT AND LEVEL,DRY,NO DEFECTS,ON SCENE,NO INJURY / DRIVE AWAY,,,Y,$500 OR LESS,07/06/2025 01:50:00 AM,UNABLE TO DETERMINE,UNABLE TO DETERMINE,399,E,95TH ST,511,,,,,,,2,NO INDICATION OF INJURY,0,0,0,0,0,2,0,1,1,7,41.7217818211,-87.6142009031,POINT (-87.614200903098 41.721781821102)
aeb58ce4d0978b0740e1b38aed278446ae46cfe12092c39ec4f89700f9467883db6876d1c46c64ae654fe69d4b0732a6a5fec6ce31d0428114c50263cc8eeddf,,07/06/2025 01:39:00 AM,30,NO CONTROLS,NO CONTROLS,CLEAR,"DARKNESS, LIGHTED ROAD",PARKED MOTOR VEHICLE,ONE-WAY,,STRAIGHT AND LEVEL,DRY,NO DEFECTS,ON SCENE,INJURY AND / OR TOW DUE TO CRASH,,,,"OVER $1,500",07/06/2025 01:48:00 AM,UNABLE TO DETERMINE,UNABLE TO DETERMINE,3983,S,LAKE PARK AVE,214,,,,,,,3,NONINCAPACITATING INJURY,1,0,0,1,0,0,0,1,1,7,41.8229090896,-87.6024236434,POINT (-87.602423643395 41.822909089603)
4fcb82ef214122061e61059b30bd9578a7d5f311fe20935a5036086a51ebc72771f46139f754bbf03535e0613468fbda779a8e11fc429cd80b8e8e3a6fc2c966,,07/06/2025 01:30:00 AM,30,TRAFFIC SIGNAL,FUNCTIONING PROPERLY,CLEAR,"DARKNESS, LIGHTED ROAD",ANGLE,NOT DIVIDED,,STRAIGHT AND LEVEL,DRY,NO DEFECTS,ON SCENE,INJURY AND / OR TOW DUE TO CRASH,Y,,,"OVER $1,500",07/06/2025 01:33:00 AM,UNABLE TO DETERMINE,UNABLE TO DETERMINE,6700,S,PULASKI RD,833,,Y,,,,,2,NO INDICATION OF INJURY,0,0,0,0,0,3,0,1,1,7,41.7713258652,-87.7227213773,POINT (-87.722721377294 41.771325865209)
91b8cfca525b7daeb5630dc23d4535dd7e2a7301d413f14b89a23fbde708eb16da1019f9d831483b4997db6d6ae13bfb500fee4410f4f7fd22cf216c9b51538e,,07/06/2025 01:30:00 AM,30,NO CONTROLS,NO CONTROLS,CLEAR,"DARKNESS, LIGHTED ROAD",SIDESWIPE SAME DIRECTION,NOT DIVIDED,,STRAIGHT AND LEVEL,DRY,NO DEFECTS,NOT ON SCENE (DESK REPORT),NO INJURY / DRIVE AWAY,,,,"$501 - $1,500",07/06/2025 02:50:00 AM,FAILING TO YIELD RIGHT-OF-WAY,IMPROPER TURNING/NO SIGNAL,135,W,KINZIE ST,1831,,,,,,,2,NO INDICATION OF INJURY,0,0,0,0,0,2,0,1,1,7,41.889079284,-87.6324500844,POINT (-87.632450084432 41.889079283982)
dd1de482646397a3d69739cf7b9b99e348a53caf1c61b1fa52b21b5390310134b45bbf75f997d257573c30945e83f18680005f1340c4958123b7d1a7b9452c21,,07/06/2025 01:18:00 AM,30,TRAFFIC SIGNAL,FUNCTIONING PROPERLY,CLEAR,"DARKNESS, LIGHTED ROAD",TURNING,NOT DIVIDED,,STRAIGHT AND LEVEL,DRY,NO DEFECTS,ON SCENE,INJURY AND / OR TOW DUE TO CRASH,Y,,,"OVER $1,500",07/06/2025 01:19:00 AM,IMPROPER TURNING/NO SIGNAL,IMPROPER TURNING/NO SIGNAL,998,W,ADDISON ST,1923,,,,,,,2,NO INDICATION OF INJURY,0,0,0,0,0,2,0,1,1,7,41.9473554594,-87.6542733491,POINT (-87.654273349059 41.94735545944)
36cd4bfe419e32ccf6d2086a9607433d9d66b57da7a1554576f6876544bd823e2532b5abea67a9c3d59f6589110f8032b985a797f3505c831a7debf151f461d7,,07/06/2025 01:14:00 AM,30,TRAFFIC SIGNAL,UNKNOWN,UNKNOWN,"DARKNESS, LIGHTED ROAD",TURNING,T-INTERSECTION,,STRAIGHT AND LEVEL,DRY,NO DEFECTS,NOT ON SCENE (DESK REPORT),INJURY AND / OR TOW DUE TO CRASH,Y,,Y,"OVER $1,500",07/06/2025 10:48:00 AM,DISREGARDING TRAFFIC SIGNALS,NOT APPLICABLE,5001,W,MADISON ST,1533,,,,,,,2,NONINCAPACITATING INJURY,1,0,0,1,0,1,0,1,1,7,41.8803233571,-87.7502927601,POINT (-87.750292760135 41.88032335714)
3dcb75b00eddeb1b15a5e77b823cefc06c0a397569169627b65695b46f75a431b3c1b0902c1c462b5491ba5da35bf91f078c97e161ad21ed9c47fa543d5cb50b,,07/06/2025 01:10:00 AM,30,TRAFFIC SIGNAL,UNKNOWN,UNKNOWN,"DARKNESS, LIGHTED ROAD",TURNING,FOUR WAY,,STRAIGHT AND LEVEL,UNKNOWN,UNKNOWN,ON SCENE,INJURY AND / OR TOW DUE TO CRASH,Y,,,"OVER $1,500",07/06/2025 01:11:00 AM,UNABLE TO DETERMINE,NOT APPLICABLE,7500,S,STONY ISLAND AVE,411,,,,,,,2,NO INDICATION OF INJURY,0,0,0,0,0,2,0,1,1,7,41.7587154667,-87.5862809648,POINT (-87.586280964844 41.758715466706)
5fbc6ac75885edbcd6b7b6e8b3a0d939c79f8df764d1c8534489d1ba79ce90e9719c8485a932dee51bf23aabcfee54e2c026bfdddf54e51a7ef7d6bf5ca88ab1,,07/06/2025 01:07:00 AM,30,NO CONTROLS,NO CONTROLS,CLEAR,DARKNESS,SIDESWIPE SAME DIRECTION,NOT DIVIDED,,STRAIGHT AND LEVEL,DRY,NO DEFECTS,ON SCENE,INJURY AND / OR TOW DUE TO CRASH,,,,"OVER $1,500",07/06/2025 01:08:00 AM,IMPROPER OVERTAKING/PASSING,UNABLE TO DETERMINE,8102,W,BELMONT AVE,1631,Y,,,,,,3,FATAL,1,1,0,0,0,1,0,1,1,7,41.9378116785,-87.8289162838,POINT (-87.828916283845 41.937811678536)
fb5647eec848efc411dabc054bf62eae698bfe90be2bb32675a344e01aec84d2bf8ce984e942459fb3d543e26ce3076e7327b1b624c1193610b407af83b254e4,,07/06/2025 01:04:00 AM,30,NO CONTROLS,NO CONTROLS,CLEAR,"DARKNESS, LIGHTED ROAD",PARKED MOTOR VEHICLE,NOT DIVIDED,,STRAIGHT AND LEVEL,DRY,NO DEFECTS,ON SCENE,INJURY AND / OR TOW DUE TO CRASH,,,,"OVER $1,500",07/06/2025 01:12:00 AM,UNABLE TO DETERMINE,NOT APPLICABLE,5314,N,AUSTIN AVE,1622,,,,,,,2,NO INDICATION OF INJURY,0,0,0,0,0,1,0,1,1,7,41.9778926558,-87.7782822506,POINT (-87.778282250573 41.977892655785)
6831cbb61fefe4f61d08477b84c66a73a5aba6429e324e137df4002fce01f9b76965c7d25585f07ba0c39c6cb5f0c73600ee995088bf14e42a26bdb942a3d704,,07/06/2025 01:00:00 AM,30,NO CONTROLS,NO CONTROLS,CLEAR,"DARKNESS, LIGHTED ROAD",PARKED MOTOR VEHICLE,NOT DIVIDED,,STRAIGHT AND LEVEL,DRY,NO DEFECTS,ON SCENE,INJURY AND / OR TOW DUE TO CRASH,,,,"OVER $1,500",07/06/2025 01:00:00 AM,FAILING TO REDUCE SPEED TO AVOID CRASH,NOT APPLICABLE,5621,S,INDIANA AVE,231,,,,,,,3,NONINCAPACITATING INJURY,1,0,0,1,0,1,0,1,1,7,41.7922660492,-87.620636066,POINT (-87.620636066009 41.792266049216)
9e595d4d2febb0fd31d3ea5e30c5fee5294c67b1cac53d2133dd91944a982a9a5eca2ccfc66cf25d176a00260098e78ca3ba7ed7798b4f9bffc374b0f3c6ea82,,07/06/2025 01:00:00 AM,30,NO CONTROLS,NO CONTROLS,CLEAR,"DARKNESS, LIGHTED ROAD",REAR END,NOT DIVIDED,,STRAIGHT AND LEVEL,DRY,NO DEFECTS,ON SCENE,NO INJURY / DRIVE AWAY,,,,"OVER $1,500",07/06/2025 01:08:00 AM,FOLLOWING TOO CLOSELY,FOLLOWING TOO CLOSELY,1143,W,BELMONT AVE,1933,,,,,,,2,NO INDICATION OF INJURY,0,0,0,0,0,2,0,1,1,7,41.939740497,-87.658230873,POINT (-87.658230872957 41.939740497007)
3fe417f98c3ab67bef9ac50ff46765b18f4afa15b1f494e329e6bb553cf39742d3710144da56a84b093cdf45c73d227c6d000e3b8972ffa05b6a9ce08e13f9fa,,07/06/2025 12:35:00 AM,30,NO CONTROLS,NO CONTROLS,CLEAR,"DARKNESS, LIGHTED ROAD",PARKED MOTOR VEHICLE,ONE-WAY,,STRAIGHT AND LEVEL,DRY,NO DEFECTS,ON SCENE,INJURY AND / OR TOW DUE TO CRASH,,,,"OVER $1,500",07/06/2025 01:05:00 AM,EQUIPMENT - VEHICLE CONDITION,NOT APPLICABLE,1655,W,84TH ST,614,,,,,,,2,"REPORTED, NOT EVIDENT",1,0,0,0,1,0,0,0,1,7,41.7411116504,-87.6654044826,POINT (-87.665404482592 41.741111650377)
fd320654e64d7692f8eb62849bddb828498fdd8350bbcb1ae85a55f8f2341b1b16aa9740befc940e4973f9a89536ffc2c4b4f4aae20c27fad043a009f06be5b4,,07/06/2025 12:29:00 AM,30,TRAFFIC SIGNAL,FUNCTIONING PROPERLY,CLEAR,"DARKNESS, LIGHTED ROAD",PEDALCYCLIST,FOUR WAY,,STRAIGHT AND LEVEL,DRY,NO DEFECTS,ON SCENE,INJURY AND / OR TOW DUE TO CRASH,,,Y,$500 OR LESS,07/06/2025 12:30:00 AM,DISREGARDING TRAFFIC SIGNALS,NOT APPLICABLE,3300,W,16TH ST,1021,,,,,,,2,NONINCAPACITATING INJURY,1,0,0,1,0,1,0,0,1,7,41.8591619845,-87.7079559694,POINT (-87.707955969431 41.859161984484)
518e003541f4faafc4791846295ee7c6a3787ecf2e9a06da940d179e2364b09e50128da018b73791292de9e1427575f6b8c00a48152ff856dafd5c3d5048043f,,07/06/2025 12:20:00 AM,30,NO CONTROLS,NO CONTROLS,CLEAR,"DARKNESS, LIGHTED ROAD",REAR END,FOUR WAY,,STRAIGHT AND LEVEL,DRY,NO DEFECTS,ON SCENE,INJURY AND / OR TOW DUE TO CRASH,,,,"OVER $1,500",07/06/2025 02:35:00 AM,IMPROPER BACKING,IMPROPER BACKING,4700,W,WASHINGTON BLVD,1113,,,,,,,2,"REPORTED, NOT EVIDENT",3,0,0,0,3,1,0,0,1,7,41.8819548871,-87.7429975836,POINT (-87.742997583599 41.881954887071)
60375a139221ae7eca1a63e0e7a1c6a1f3f2f386020e09b3fed677548a5902974896e237c6ffd47543f17db78a8812c1cb4204fd64673a6b319782387022bac5,,07/06/2025 12:20:00 AM,30,NO CONTROLS,NO CONTROLS,CLEAR,"DARKNESS, LIGHTED ROAD",HEAD ON,DRIVEWAY,,STRAIGHT AND LEVEL,DRY,NO DEFECTS,ON SCENE,NO INJURY / DRIVE AWAY,,,Y,"OVER $1,500",07/06/2025 12:39:00 AM,UNABLE TO DETERMINE,UNABLE TO DETERMINE,727,E,60TH ST,313,,,,,,,2,NO INDICATION OF INJURY,0,0,0,0,0,3,0,0,1,7,41.7857417436,-87.6074012184,POINT (-87.607401218411 41.785741743631)