CRASH_RECORD_ID,CRASH_DATE_EST_I,CRASH_DATE,POSTED_SPEED_LIMIT,TRAFFIC_CONTROL_DEVICE,DEVICE_CONDITION,WEATHER_CONDITION,LIGHTING_CONDITION,FIRST_CRASH_TYPE,TRAFFICWAY_TYPE,LANE_CNT,ALIGNMENT,ROADWAY_SURFACE_COND,ROAD_DEFECT,REPORT_TYPE,CRASH_TYPE,INTERSECTION_RELATED_I,NOT_RIGHT_OF_WAY_I,HIT_AND_RUN_I,DAMAGE,DATE_POLICE_NOTIFIED,PRIM_CONTRIBUTORY_CAUSE,SEC_CONTRIBUTORY_CAUSE,STREET_NO,STREET_DIRECTION,STREET_NAME,BEAT_OF_OCCURRENCE,PHOTOS_TAKEN_I,STATEMENTS_TAKEN_I,DOORING_I,WORK_ZONE_I,WORK_ZONE_TYPE,WORKERS_PRESENT_I,NUM_UNITS,MOST_SEVERE_INJURY,INJURIES_TOTAL,INJURIES_FATAL,INJURIES_INCAPACITATING,INJURIES_NON_INCAPACITATING,INJURIES_REPORTED_NOT_EVIDENT,INJURIES_NO_INDICATION,INJURIES_UNKNOWN,CRASH_HOUR,CRASH_DAY_OF_WEEK,CRASH_MONTH,LATITUDE,LONGITUDE,LOCATION
9de47019291dac133c25c86f8c33efc5c96825030acbf2cbd74f3b49d6c4b13a09091dc523871982bbe4fa34962cd5cd65752829c9ad775600e26eec28252fe7,,07/06/2025 12:15:00 AM,30,TRAFFIC SIGNAL,FUNCTIONING PROPERLY,CLEAR,"DARKNESS, LIGHTED ROAD",SIDESWIPE SAME DIRECTION,NOT DIVIDED,,STRAIGHT AND LEVEL,DRY,NO DEFECTS,NOT ON SCENE (DESK REPORT),NO INJURY / DRIVE AWAY,,,,"OVER $1,500",07/06/2025 12:15:00 AM,UNABLE TO DETERMINE,NOT APPLICABLE,3020,W,PETERSON AVE,2413,,,,,,,2,NO INDICATION OF INJURY,0,0,0,0,0,2,0,0,1,7,41.9905193549,-87.7052248427,POINT (-87.705224842662 41.990519354912)
774329817bb7368e3f830e797351011575243c1dcc87bc099ad2f15ab8ac98d3fa75ef5b1008b37f8bd085f5f725f8810f9a4cadc0dd7a72765b787f8dd1a8a6,,07/06/2025 12:06:00 AM,35,STOP SIGN/FLASHER,FUNCTIONING PROPERLY,CLEAR,"DARKNESS, LIGHTED ROAD",ANGLE,DIVIDED - W/MEDIAN (NOT RAISED),,STRAIGHT AND LEVEL,DRY,NO DEFECTS,ON SCENE,INJURY AND / OR TOW DUE TO CRASH,Y,,,"OVER $1,500",07/06/2025 12:22:00 AM,FAILING TO YIELD RIGHT-OF-WAY,FAILING TO YIELD RIGHT-OF-WAY,3100,W,ROOSEVELT RD,1134,,,,,,,2,NO INDICATION OF INJURY,0,0,0,0,0,4,0,0,1,7,41.8665396097,-87.7032631447,POINT (-87.703263144697 41.866539609708)
d9b38a5a6a1542dba80d63c9c26a2566672581833c6677d9931415c7bce3395783552c8ae5065ea77c9137600d5d2332dce9dd7a9d50d998230117b2d2030724,,07/06/2025 12:05:00 AM,10,NO CONTROLS,NO CONTROLS,CLEAR,DUSK,REAR TO FRONT,OTHER,,STRAIGHT AND LEVEL,DRY,NO DEFECTS,ON SCENE,NO INJURY / DRIVE AWAY,,,,"OVER $1,500",07/06/2025 12:06:00 AM,IMPROPER LANE USAGE,DRIVING SKILLS/KNOWLEDGE/EXPERIENCE,2961,S,DEARBORN ST,133,,,,,,,2,NO INDICATION OF INJURY,0,0,0,0,0,2,0,0,1,7,41.8398760856,-87.6278192379,POINT (-87.627819237884 41.839876085603)
64e8af4bad3b571bcb037cc1c5b42902c774f9205e32776c4d7fa992e90621f49025c6d22116091822f7fcc5c145cbbd6a61af441583bededbf557d2c7715fd7,Y,07/06/2025 12:00:00 AM,30,NO CONTROLS,NO CONTROLS,UNKNOWN,"DARKNESS, LIGHTED ROAD",PARKED MOTOR VEHICLE,NOT DIVIDED,,STRAIGHT AND LEVEL,DRY,NO DEFECTS,NOT ON SCENE (DESK REPORT),NO INJURY / DRIVE AWAY,,,,"OVER $1,500",07/09/2025 10:30:00 AM,PHYSICAL CONDITION OF DRIVER,UNABLE TO DETERMINE,5200,S,WESTERN AVE,923,,,,,,,2,NO INDICATION OF INJURY,0,0,0,0,0,1,0,0,1,7,41.7992405961,-87.6843218802,POINT (-87.68432188021 41.799240596148)
ae81b1243b0b7331e2aa9ce27da7167a7fa71063773ee5399ab62d9334f58c46054c5eb67d7679ee33120906d94a83739c469ec56bb1eb525263cbdef4a23768,,07/06/2025 12:00:00 AM,30,OTHER,FUNCTIONING PROPERLY,UNKNOWN,UNKNOWN,FIXED OBJECT,T-INTERSECTION,,STRAIGHT AND LEVEL,UNKNOWN,NO DEFECTS,ON SCENE,INJURY AND / OR TOW DUE TO CRASH,Y,,Y,"OVER $1,500",07/06/2025 06:39:00 AM,UNABLE TO DETERMINE,UNABLE TO DETERMINE,501,N,PEORIA ST,1214,,,,,,,1,NO INDICATION OF INJURY,0,0,0,0,0,1,0,0,1,7,41.8912111835,-87.6498171566,POINT (-87.649817156649 41.891211183494)
b8633e9e496e52cb909df3b66571a99baaf4836fd1f5b2e161a3d7716dc023a48ce08f9371c6eeaf35319f408215d630366205f09bd470a2e53d8e8d3b2b47f5,,07/06/2025 12:00:00 AM,30,NO CONTROLS,NO CONTROLS,UNKNOWN,UNKNOWN,REAR END,DIVIDED - W/MEDIAN (NOT RAISED),,STRAIGHT AND LEVEL,UNKNOWN,UNKNOWN,NOT ON SCENE (DESK REPORT),NO INJURY / DRIVE AWAY,,,,"OVER $1,500",07/06/2025 07:00:00 PM,FOLLOWING TOO CLOSELY,FOLLOWING TOO CLOSELY,4531,W,FIFTH AVE,1131,,,,,,,2,NO INDICATION OF INJURY,0,0,0,0,0,5,0,0,1,7,41.8691776284,-87.738727478,POINT (-87.738727478043 41.869177628395)
b0758cd974bece6bd40a3ab539414c3b92ebb600706489ec07c76878b0d2f216b9a19220409834d8efb16aed8fd2a2eb4ab21c45e4bb48a783db4aa7259701ee,,07/05/2025 11:54:00 PM,30,NO CONTROLS,NO CONTROLS,CLEAR,"DARKNESS, LIGHTED ROAD",SIDESWIPE OPPOSITE DIRECTION,ONE-WAY,,STRAIGHT AND LEVEL,DRY,NO DEFECTS,NOT ON SCENE (DESK REPORT),NO INJURY / DRIVE AWAY,,,,"OVER $1,500",07/05/2025 11:55:00 PM,IMPROPER BACKING,NOT APPLICABLE,112,N,KILBOURN AVE,1113,,,,,,,2,NO INDICATION OF INJURY,0,0,0,0,0,5,0,23,7,7,41.8823807774,-87.7381332281,POINT (-87.73813322811 41.882380777413)
657f38c0cd029833ea3371ed3f249aee22a7a85d46ffebc6b7cd134d6a99338916565621fe8ba62e4354d492dfcd9facfa6e5b1cc44c6acb3a0bb05058b12c80,,07/05/2025 11:53:00 PM,30,TRAFFIC SIGNAL,FUNCTIONING PROPERLY,CLEAR,"DARKNESS, LIGHTED ROAD",REAR END,DIVIDED - W/MEDIAN (NOT RAISED),,STRAIGHT AND LEVEL,DRY,NO DEFECTS,ON SCENE,NO INJURY / DRIVE AWAY,,,,"OVER $1,500",07/06/2025 12:00:00 AM,FOLLOWING TOO CLOSELY,NOT APPLICABLE,1800,W,PERSHING RD,912,,,,,,,2,NO INDICATION OF INJURY,0,0,0,0,0,4,0,23,7,7,41.8234018228,-87.6702717239,POINT (-87.670271723928 41.82340182277)
6671789c9ef4ac1f775221f5fc2fc89bd7277aab666bab4e80ff124a5c210c7bb6af73ccc0f57922746b0b743edcfe2020a8a1890b0c362bd55468432bf25f22,,07/05/2025 11:50:00 PM,30,STOP SIGN/FLASHER,FUNCTIONING PROPERLY,CLEAR,"DARKNESS, LIGHTED ROAD",ANGLE,FOUR WAY,,STRAIGHT AND LEVEL,DRY,NO DEFECTS,ON SCENE,NO INJURY / DRIVE AWAY,Y,,Y,"OVER $1,500",07/06/2025 12:15:00 AM,FAILING TO YIELD RIGHT-OF-WAY,UNABLE TO DETERMINE,100,N,LAMON AVE,1532,,,,,,,2,NO INDICATION OF INJURY,0,0,0,0,0,2,0,23,7,7,41.8818459501,-87.7479234379,POINT (-87.747923437901 41.881845950085)
660826af7226675b8bd5658ba3544a0e7f4adc1ffe4f5f5ceb0a8c5927b893a10222c3c95d2272755cff79a7259a9d046ef771b9e906481ca1a55037d6aef1b0,,07/05/2025 11:45:00 PM,30,NO CONTROLS,NO CONTROLS,CLEAR,"DARKNESS, LIGHTED ROAD",TURNING,NOT DIVIDED,,STRAIGHT AND LEVEL,DRY,NO DEFECTS,ON SCENE,NO INJURY / DRIVE AWAY,,,,"OVER $1,500",07/05/2025 11:53:00 PM,UNABLE TO DETERMINE,NOT APPLICABLE,654,E,76TH ST,624,,,,,,,2,NO INDICATION OF INJURY,0,0,0,0,0,3,0,23,7,7,41.7568216231,-87.6080251649,POINT (-87.608025164876 41.756821623105)
29e4ee6ff02a1b412c40023ec9b6dc7311cf0139e2a1023e7f924d59b0251dcb70e073ace4ffa387814b4517006a8fc3074c6b68c270f64b87ee73816b5a5896,,07/05/2025 11:40:00 PM,15,NO CONTROLS,NO CONTROLS,CLEAR,"DARKNESS, LIGHTED ROAD",OTHER OBJECT,ONE-WAY,,STRAIGHT AND LEVEL,DRY,NO DEFECTS,ON SCENE,NO INJURY / DRIVE AWAY,,,,"OVER $1,500",07/05/2025 11:48:00 PM,NOT APPLICABLE,NOT APPLICABLE,7233,N,BELL AVE,2411,,,,,,,1,,,,,,,,,23,7,7,42.0132339408,-87.6860552862,POINT (-87.68605528623 42.013233940763)
82d6112a7a56f45bc6d2876ffc9f8b90b4e832451523b2ee8c3e678aefcb48244999f77856697b85e021e287443b2e1bf6c82af7bb9f9d6de2f1c2ff25bda97a,,07/05/2025 11:40:00 PM,30,NO CONTROLS,NO CONTROLS,CLEAR,"DARKNESS, LIGHTED ROAD",REAR END,FOUR WAY,,STRAIGHT AND LEVEL,DRY,NO DEFECTS,NOT ON SCENE (DESK REPORT),NO INJURY / DRIVE AWAY,,,,"$501 - $1,500",07/06/2025 12:10:00 AM,FOLLOWING TOO CLOSELY,NOT APPLICABLE,1212,N,CICERO AVE,2533,,,,,,,2,NO INDICATION OF INJURY,0,0,0,0,0,2,0,23,7,7,41.9028059979,-87.7461321553,POINT (-87.746132155348 41.902805997875)
295112723a1b129398d3947d3a7b8bc80344d4d27ac226700c3c3b59b1bbea4a7f2fbcca7fb736f6ff530564d84fa6ba01722a399f68d2b67f2d28c7b7909b30,,07/05/2025 11:31:00 PM,20,STOP SIGN/FLASHER,UNKNOWN,CLEAR,"DARKNESS, LIGHTED ROAD",ANGLE,UNKNOWN INTERSECTION TYPE,,STRAIGHT AND LEVEL,DRY,UNKNOWN,ON SCENE,INJURY AND / OR TOW DUE TO CRASH,Y,,,"$501 - $1,500",07/06/2025 01:50:00 AM,UNABLE TO DETERMINE,UNABLE TO DETERMINE,7300,S,WASHTENAW AVE,835,,,,,,,2,NONINCAPACITATING INJURY,1,0,0,1,0,1,0,23,7,7,41.7608425643,-87.6906267339,POINT (-87.690626733879 41.76084256429)
2f111d68249ed901c3fb2495193c89b6d8a0ab95bf8110fec7ce00a63123950885a500f099e0c6c4ec5b2e9ca5febdc23123481dec005a9a0a12bf97e91351c1,,07/05/2025 11:20:00 PM,30,TRAFFIC SIGNAL,FUNCTIONING PROPERLY,CLEAR,"DARKNESS, LIGHTED ROAD",SIDESWIPE SAME DIRECTION,DIVIDED - W/MEDIAN (NOT RAISED),,STRAIGHT AND LEVEL,DRY,NO DEFECTS,NOT ON SCENE (DESK REPORT),NO INJURY / DRIVE AWAY,,,,"$501 - $1,500",07/06/2025 12:00:00 AM,IMPROPER OVERTAKING/PASSING,IMPROPER OVERTAKING/PASSING,522,W,ROOSEVELT RD,124,,,,,,,2,NO INDICATION OF INJURY,0,0,0,0,0,2,0,23,7,7,41.8673561822,-87.6402266406,POINT (-87.640226640564 41.867356182227)
7a4f74c1d1ea62d985c3a03254629f67ee6edae3a12a0ec8df052fce2e263fbfa35798933708f776ddd865c07c585cae0f54646c82cf882b9121c75ffb49ac8a,,07/05/2025 11:20:00 PM,35,TRAFFIC SIGNAL,FUNCTIONING PROPERLY,CLEAR,"DARKNESS, LIGHTED ROAD",SIDESWIPE SAME DIRECTION,FOUR WAY,,STRAIGHT AND LEVEL,DRY,NO DEFECTS,ON SCENE,NO INJURY / DRIVE AWAY,,,,"OVER $1,500",07/05/2025 11:25:00 PM,DRIVING SKILLS/KNOWLEDGE/EXPERIENCE,NOT APPLICABLE,7900,S,MORGAN ST,612,,,,,,,2,NO INDICATION OF INJURY,0,0,0,0,0,2,0,23,7,7,41.7504751929,-87.64903192,POINT (-87.649031919951 41.750475192888)
1405a71be17d4a0523521933297d13c7f1a0c2eaa2e89a7610573741331ac94f7efe99330bb191e10a123f42f29be65b7f641e0c94ff68d6b301c98bbcfcfba0,,07/05/2025 11:15:00 PM,30,TRAFFIC SIGNAL,FUNCTIONING PROPERLY,CLEAR,"DARKNESS, LIGHTED ROAD",TURNING,DIVIDED - W/MEDIAN (NOT RAISED),,STRAIGHT AND LEVEL,DRY,NO DEFECTS,,NO INJURY / DRIVE AWAY,,,N,"OVER $1,500",07/05/2025 11:15:00 PM,UNABLE TO DETERMINE,UNABLE TO DETERMINE,103,S,ASHLAND AVE,1224,,,,,,,2,NO INDICATION OF INJURY,0,0,0,0,0,2,0,23,7,7,41.8800491116,-87.6666051577,POINT (-87.66660515768 41.880049111601)
15ab4b71b2f705b7535bb5252ebdd0444b0cbb01688ec6c4d35323c5b32e937df615d785d393065dbdfeeeab70750b27710056941cd31971ee79188366af35c5,,07/05/2025 11:15:00 PM,30,TRAFFIC SIGNAL,FUNCTIONING PROPERLY,CLEAR,"DARKNESS, LIGHTED ROAD",REAR END,NOT DIVIDED,,STRAIGHT AND LEVEL,DRY,NO DEFECTS,,NO INJURY / DRIVE AWAY,,,Y,"OVER $1,500",07/05/2025 11:45:00 PM,UNABLE TO DETERMINE,NOT APPLICABLE,4801,W,WASHINGTON BLVD,1533,,,,,,,3,NO INDICATION OF INJURY,0,0,0,0,0,3,0,23,7,7,41.8817064526,-87.7454621149,POINT (-87.745462114941 41.881706452614)
bf7969feba2169feaef973bd459b44cdffafb95421406945974fcb2b118b0674ca235a9e69325ac98f8c01e04450ad8878fffb40e8409809df8f3f2456f3da3d,,07/05/2025 11:14:00 PM,30,NO CONTROLS,NO CONTROLS,CLEAR,"DARKNESS, LIGHTED ROAD",PARKED MOTOR VEHICLE,NOT DIVIDED,,STRAIGHT AND LEVEL,DRY,NO DEFECTS,ON SCENE,INJURY AND / OR TOW DUE TO CRASH,,,,"OVER $1,500",07/05/2025 11:15:00 PM,UNABLE TO DETERMINE,UNABLE TO DETERMINE,3740,W,MADISON ST,1122,,,,,,,2,"REPORTED, NOT EVIDENT",1,0,0,0,1,2,0,23,7,7,41.8809167287,-87.7194714258,POINT (-87.719471425759 41.880916728685)
a4252e41632c0ad9a95da96b8361fd689ad01f0ad8ff7b200482540766fa1893658e297d43d9c3d3fd09b5d93bffadecd8b3cf526b09a42a9a131bc441e7e7d7,,07/05/2025 11:13:00 PM,30,NO CONTROLS,NO CONTROLS,CLEAR,"DARKNESS, LIGHTED ROAD",FIXED OBJECT,FOUR WAY,,STRAIGHT AND LEVEL,DRY,NO DEFECTS,ON SCENE,INJURY AND / OR TOW DUE TO CRASH,,,,"OVER $1,500",07/05/2025 11:20:00 PM,PHYSICAL CONDITION OF DRIVER,UNABLE TO DETERMINE,3200,W,DOUGLAS BLVD,1022,,,,,,,1,NO INDICATION OF INJURY,0,0,0,0,0,1,0,23,7,7,41.8630710041,-87.7056351921,POINT (-87.705635192091 41.863071004083)
48955bc0aa0f0f6c41f16f00471c84e9e695dd216ba3fa028e4dddce0f65f6e3084e30d730ec0340ca2f5bad2047b02d3269ec42336566f0b9de41b834246922,,07/05/2025 11:12:00 PM,30,NO CONTROLS,NO CONTROLS,CLEAR,"DARKNESS, LIGHTED ROAD",PEDESTRIAN,DIVIDED - W/MEDIAN (NOT RAISED),,STRAIGHT AND LEVEL,DRY,NO DEFECTS,NOT ON SCENE (DESK REPORT),INJURY AND / OR TOW DUE TO CRASH,,,,$500 OR LESS,07/05/2025 11:50:00 PM,UNABLE TO DETERMINE,NOT APPLICABLE,5859,S,KEDZIE AVE,824,,,,,,,2,"REPORTED, NOT EVIDENT",1,0,0,0,1,1,0,23,7,7,41.7863411982,-87.703204308,POINT (-87.70320430798 41.786341198192)
256a2cad2db03f06e5c0305d6ecbc54f78fea6c071ab6f7c6b1e775c028adf7f2fad373c16a1987533ba2e18556e5b4f3334ef860e005039a6d0f0a98706a8f6,,07/05/2025 11:00:00 PM,25,NO CONTROLS,NO CONTROLS,CLEAR,"DARKNESS, LIGHTED ROAD",PARKED MOTOR VEHICLE,UNKNOWN,,STRAIGHT AND LEVEL,DRY,NO DEFECTS,ON SCENE,NO INJURY / DRIVE AWAY,,,,$500 OR LESS,07/06/2025 12:25:00 AM,IMPROPER BACKING,NOT APPLICABLE,2504,N,LONG AVE,2515,,,,,,,2,NO INDICATION OF INJURY,0,0,0,0,0,1,0,23,7,7,41.9260390072,-87.7612857329,POINT (-87.761285732938 41.926039007216)
76ef436d18508f495bcdc4e4dd41a1db94c710ba349963e690888837c5418ef049801b9a4a9ff2c4d220ab27b0a657c7dc64c497656e6e37bf2228851afc90f3,,07/05/2025 11:00:00 PM,30,UNKNOWN,UNKNOWN,UNKNOWN,UNKNOWN,REAR END,NOT DIVIDED,,STRAIGHT AND LEVEL,UNKNOWN,UNKNOWN,NOT ON SCENE (DESK REPORT),NO INJURY / DRIVE AWAY,,,,"OVER $1,500",07/08/2025 06:15:00 PM,UNABLE TO DETERMINE,UNABLE TO DETERMINE,3402,N,HALSTED ST,1924,,,,,,,2,NO INDICATION OF INJURY,0,0,0,0,0,3,0,23,7,7,41.9437226878,-87.6495250069,POINT (-87.649525006933 41.943722687817)
9dc9cc58c3226725479db78a1a0bf83eb7dc99599c854dac31d04d02ea4fc1e3b0496efd834280bb74173d4b2aeda63c6889638ac726da327c3863b325e420dd,Y,07/05/2025 11:00:00 PM,30,NO CONTROLS,NO CONTROLS,CLEAR,"DARKNESS, LIGHTED ROAD",PARKED MOTOR VEHICLE,NOT DIVIDED,,STRAIGHT AND LEVEL,DRY,UNKNOWN,ON SCENE,NO INJURY / DRIVE AWAY,,,,"$501 - $1,500",07/05/2025 11:15:00 PM,UNABLE TO DETERMINE,UNABLE TO DETERMINE,9708,S,DR MARTIN LUTHER KING JR DR,511,,,,,,,3,NO INDICATION OF INJURY,0,0,0,0,0,1,0,23,7,7,41.7179290095,-87.6141887812,POINT (-87.614188781201 41.717929009545)
ad1f0cbfc7949eab00ca37883aee23cbc5ea3e1e652765ce54112dfb9b903243db0125e1803b0b1978ad8f955e5bcafa3e4356a887c2a37630a6c276f0f9eeda,,07/05/2025 11:00:00 PM,30,TRAFFIC SIGNAL,FUNCTIONING PROPERLY,CLEAR,"DARKNESS, LIGHTED ROAD",ANGLE,FOUR WAY,,STRAIGHT AND LEVEL,DRY,UNKNOWN,NOT ON SCENE (DESK REPORT),NO INJURY / DRIVE AWAY,,,Y,$500 OR LESS,07/05/2025 11:50:00 PM,UNABLE TO DETERMINE,UNABLE TO DETERMINE,1000,W,DIVERSEY PKWY,1933,,,,,,,2,NO INDICATION OF INJURY,0,0,0,0,0,2,0,23,7,7,41.9327465275,-87.653928731,POINT (-87.653928730994 41.932746527452)
c16a6f19de0b3b20c72a92cef473fdaf89db40d2d1eb8e6ca78a201665971d58c325999acf1d24ebb3a5a115f5c2096a237d2b92b416481aeca957eb66b1c23c,Y,07/05/2025 11:00:00 PM,30,NO CONTROLS,NO CONTROLS,CLEAR,UNKNOWN,PARKED MOTOR VEHICLE,DIVIDED - W/MEDIAN (NOT RAISED),,STRAIGHT AND LEVEL,DRY,NO DEFECTS,ON SCENE,INJURY AND / OR TOW DUE TO CRASH,,,Y,"OVER $1,500",07/06/2025 08:03:00 AM,UNABLE TO DETERMINE,UNABLE TO DETERMINE,5183,S,ARCHER AVE,815,,,,,,,2,NO INDICATION OF INJURY,0,0,0,0,0,1,0,23,7,7,41.7999947283,-87.7337402565,POINT (-87.733740256493 41.799994728311)
d80836f067944d76e01a2705f6a7facd053aea590ac55935f6960438fbe32c01c3bf5b9c25819cd8a9a1217022fe10d279482150b8170519abd3cf84f0c9b73f,,07/05/2025 11:00:00 PM,30,NO CONTROLS,NO CONTROLS,CLEAR,"DARKNESS, LIGHTED ROAD",TURNING,NOT DIVIDED,,STRAIGHT AND LEVEL,DRY,NO DEFECTS,ON SCENE,INJURY AND / OR TOW DUE TO CRASH,N,,,"OVER $1,500",07/05/2025 11:20:00 PM,IMPROPER TURNING/NO SIGNAL,UNABLE TO DETERMINE,1024,W,79TH ST,612,,,,,,,2,"REPORTED, NOT EVIDENT",3,0,0,0,3,1,0,23,7,7,41.7506626956,-87.6499608907,POINT (-87.649960890736 41.750662695642)
213f461cd5ecd4cc1a1b973335e28711600cd52ccf926b788c0a6396f08ce003984f77b4cc3a2a2836cc84cde63cd1a86ddc096e3791f385101981e8cf7c8336,,07/05/2025 10:55:00 PM,35,NO CONTROLS,NO CONTROLS,CLEAR,"DARKNESS, LIGHTED ROAD",SIDESWIPE SAME DIRECTION,ONE-WAY,,STRAIGHT AND LEVEL,DRY,NO DEFECTS,NOT ON SCENE (DESK REPORT),NO INJURY / DRIVE AWAY,,,Y,"$501 - $1,500",07/06/2025 01:00:00 AM,IMPROPER LANE USAGE,IMPROPER LANE USAGE,864,N,LAKE SHORE DR SB,1833,,,,,,,2,NO INDICATION OF INJURY,0,0,0,0,0,3,0,22,7,7,41.8984367872,-87.6181259677,POINT (-87.618125967659 41.898436787156)
d20c899689b6d1b9df7519f5aa63d6b3911e7a9ec576bae1283770c8ef900303caac9699480cf026694c51c478ba08bc7d80756e4f3fbe264218eac0cdb18b90,,07/05/2025 10:55:00 PM,30,NO CONTROLS,NO CONTROLS,CLEAR,"DARKNESS, LIGHTED ROAD",FIXED OBJECT,NOT DIVIDED,,STRAIGHT AND LEVEL,DRY,NO DEFECTS,ON SCENE,INJURY AND / OR TOW DUE TO CRASH,,,,"OVER $1,500",07/05/2025 11:03:00 PM,DRIVING SKILLS/KNOWLEDGE/EXPERIENCE,DRIVING SKILLS/KNOWLEDGE/EXPERIENCE,6249,N,HARLEM AVE,1612,,,,,,,1,NO INDICATION OF INJURY,0,0,0,0,0,1,0,22,7,7,41.9949861704,-87.8066758935,POINT (-87.806675893521 41.994986170404)
9fd4b5dd3f441fdad652de2674afcfa4355bc921ddd7bedeb399f4e8c198f75fb4107f3dcb0955ef793230c61b080429e51dbaf197dfb4de970d65ef99e0dc76,,07/05/2025 10:43:00 PM,30,STOP SIGN/FLASHER,FUNCTIONING PROPERLY,CLEAR,"DARKNESS, LIGHTED ROAD",TURNING,T-INTERSECTION,,STRAIGHT AND LEVEL,DRY,UNKNOWN,ON SCENE,INJURY AND / OR TOW DUE TO CRASH,Y,,Y,"OVER $1,500",07/05/2025 10:43:00 PM,FAILING TO YIELD RIGHT-OF-WAY,UNABLE TO DETERMINE,6200,W,NORTH AVE,2513,,,,,,,2,NONINCAPACITATING INJURY,2,0,0,2,0,2,0,22,7,7,41.9093062925,-87.7801462144,POINT (-87.78014621442 41.909306292465)
dad4772675240de24ac226475dd7680f381b93a815a2bcb2d0d9d20c59609ae425c0be6be09fc5eca18013cb5292c219c93e84d3679d60f74c6df52c1be62ec7,,07/05/2025 10:40:00 PM,30,TRAFFIC SIGNAL,FUNCTIONING PROPERLY,CLEAR,DARKNESS,TURNING,T-INTERSECTION,,STRAIGHT AND LEVEL,DRY,NO DEFECTS,NOT ON SCENE (DESK REPORT),NO INJURY / DRIVE AWAY,,,Y,"OVER $1,500",07/05/2025 11:30:00 PM,IMPROPER TURNING/NO SIGNAL,NOT APPLICABLE,6600,S,JEFFERY DR,331,,,,,,,2,NO INDICATION OF INJURY,0,0,0,0,0,4,0,22,7,7,41.775307524,-87.5753109171,POINT (-87.575310917059 41.775307524011)
de5ad591c7c8d7bdc31a264441ae3128992028f66bb39fb57eb10caf77bac6999e42e93102629cf5ec2bda55e0e2aae2f736067fb97ffe366e8ba19aa9b6e334,,07/05/2025 10:40:00 PM,35,TRAFFIC SIGNAL,FUNCTIONING PROPERLY,CLEAR,"DARKNESS, LIGHTED ROAD",REAR END,NOT DIVIDED,,STRAIGHT AND LEVEL,DRY,NO DEFECTS,NOT ON SCENE (DESK REPORT),NO INJURY / DRIVE AWAY,,,Y,"$501 - $1,500",07/07/2025 07:00:00 PM,FAILING TO REDUCE SPEED TO AVOID CRASH,FAILING TO REDUCE SPEED TO AVOID CRASH,138,W,CERMAK RD,914,,,,,,,3,NO INDICATION OF INJURY,0,0,0,0,0,4,0,22,7,7,41.8529769859,-87.6309693986,POINT (-87.630969398558 41.85297698594)
a7238d3bd639b0d33ba053917403e7ad2c2c63404110ac88243696a055ead72c454bfddb471ad554640cd02d1dba18fd4e50d1be91187eb21070648bbf76f625,,07/05/2025 10:23:00 PM,30,TRAFFIC SIGNAL,FUNCTIONING PROPERLY,CLEAR,DARKNESS,TURNING,NOT DIVIDED,,STRAIGHT AND LEVEL,DRY,NO DEFECTS,ON SCENE,NO INJURY / DRIVE AWAY,Y,,,"OVER $1,500",07/05/2025 10:23:00 PM,FAILING TO YIELD RIGHT-OF-WAY,NOT APPLICABLE,2101,W,51ST ST,932,,,,,,,2,NO INDICATION OF INJURY,0,0,0,0,0,4,0,22,7,7,41.8010921806,-87.6770405405,POINT (-87.677040540492 41.80109218062)
4b42976c5e62f51fc46f976b371facf90a0cfeff4b2b0f5c11669f50a1cd48d23c381a61b1731996cabaf98b0606ff06c0f9e232dc9d3d55cd16937d1625de27,,07/05/2025 10:20:00 PM,15,NO CONTROLS,NO CONTROLS,CLEAR,"DARKNESS, LIGHTED ROAD",FIXED OBJECT,ALLEY,,STRAIGHT AND LEVEL,UNKNOWN,UNKNOWN,NOT ON SCENE (DESK REPORT),NO INJURY / DRIVE AWAY,,,,"OVER $1,500",07/08/2025 08:23:00 AM,IMPROPER BACKING,NOT APPLICABLE,1401,N,CALIFORNIA AVE,1423,,,,,,,1,NO INDICATION OF INJURY,0,0,0,0,0,3,0,22,7,7,41.9066713295,-87.6968245582,POINT (-87.696824558246 41.906671329475)
5ed235005e2d780c77094bf457662d7dbc75d888a5244b2181e4582a6b8eeba89298b99366c58a1294ca00bff81a7396cc02d060cfbd556c959760a04080c053,,07/05/2025 10:20:00 PM,30,NO CONTROLS,NO CONTROLS,CLEAR,DUSK,SIDESWIPE SAME DIRECTION,NOT DIVIDED,,STRAIGHT AND LEVEL,DRY,NO DEFECTS,NOT ON SCENE (DESK REPORT),NO INJURY / DRIVE AWAY,,,,"$501 - $1,500",07/05/2025 11:13:00 PM,IMPROPER LANE USAGE,UNABLE TO DETERMINE,653,E,75TH ST,624,,,,,,,2,NO INDICATION OF INJURY,0,0,0,0,0,2,0,22,7,7,41.7584236592,-87.6081505909,POINT (-87.608150590912 41.758423659223)
9ca9340115de5c7381d0a9270d22151b040293728fd0a28d6c9467de286b56adc5ef6f163a2d2e208a0e96d575dedfe815563c60c084afc532e3db4b6e32f060,,07/05/2025 10:15:00 PM,30,NO CONTROLS,NO CONTROLS,CLEAR,"DARKNESS, LIGHTED ROAD",REAR END,NOT DIVIDED,,STRAIGHT AND LEVEL,DRY,NO DEFECTS,NOT ON SCENE (DESK REPORT),NO INJURY / DRIVE AWAY,,,Y,"$501 - $1,500",07/05/2025 10:15:00 PM,FOLLOWING TOO CLOSELY,UNABLE TO DETERMINE,305,W,FULLERTON PKWY,1814,,,,,,,2,NO INDICATION OF INJURY,0,0,0,0,0,3,0,22,7,7,41.9255420817,-87.6368045572,POINT (-87.636804557194 41.925542081661)