CRASH_RECORD_ID,CRASH_DATE_EST_I,CRASH_DATE,POSTED_SPEED_LIMIT,TRAFFIC_CONTROL_DEVICE,DEVICE_CONDITION,WEATHER_CONDITION,LIGHTING_CONDITION,FIRST_CRASH_TYPE,TRAFFICWAY_TYPE,LANE_CNT,ALIGNMENT,ROADWAY_SURFACE_COND,ROAD_DEFECT,REPORT_TYPE,CRASH_TYPE,INTERSECTION_RELATED_I,NOT_RIGHT_OF_WAY_I,HIT_AND_RUN_I,DAMAGE,DATE_POLICE_NOTIFIED,PRIM_CONTRIBUTORY_CAUSE,SEC_CONTRIBUTORY_CAUSE,STREET_NO,STREET_DIRECTION,STREET_NAME,BEAT_OF_OCCURRENCE,PHOTOS_TAKEN_I,STATEMENTS_TAKEN_I,DOORING_I,WORK_ZONE_I,WORK_ZONE_TYPE,WORKERS_PRESENT_I,NUM_UNITS,MOST_SEVERE_INJURY,INJURIES_TOTAL,INJURIES_FATAL,INJURIES_INCAPACITATING,INJURIES_NON_INCAPACITATING,INJURIES_REPORTED_NOT_EVIDENT,INJURIES_NO_INDICATION,INJURIES_UNKNOWN,CRASH_HOUR,CRASH_DAY_OF_WEEK,CRASH_MONTH,LATITUDE,LONGITUDE,LOCATION
b579386463c9e017c6c7d91ec7b945675956eb6b0b607aaac5ddc621c54029e481e2b16f3a90393e6d7884ac1ce3b300f071844761635769d3979e45ef1fac5d,,07/05/2025 10:14:00 PM,30,NO CONTROLS,NO CONTROLS,CLEAR,"DARKNESS, LIGHTED ROAD",SIDESWIPE SAME DIRECTION,NOT DIVIDED,,STRAIGHT AND LEVEL,DRY,NO DEFECTS,,INJURY AND / OR TOW DUE TO CRASH,,,Y,"OVER $1,500",07/05/2025 11:08:00 PM,IMPROPER OVERTAKING/PASSING,NOT APPLICABLE,1919,N,CICERO AVE,2533,,,,,,,2,NONINCAPACITATING INJURY,2,0,0,2,0,1,0,22,7,7,41.9157101456,-87.7459077545,POINT (-87.745907754514 41.915710145553)
0d231c4216e6b958d81214feb0c515eff5726b183737197db404c0714a6e3c84e0ef54266c409fcb029abfda6670310734abfbf18b5d7d61ed1aaf215b32dd23,,07/05/2025 10:10:00 PM,30,NO CONTROLS,NO CONTROLS,CLEAR,DARKNESS,SIDESWIPE SAME DIRECTION,PARKING LOT,,STRAIGHT AND LEVEL,DRY,UNKNOWN,NOT ON SCENE (DESK REPORT),NO INJURY / DRIVE AWAY,,,,"$501 - $1,500",07/05/2025 11:40:00 PM,UNABLE TO DETERMINE,UNABLE TO DETERMINE,1837,W,ADAMS ST,1225,,,,,,,2,NO INDICATION OF INJURY,0,0,0,0,0,3,0,22,7,7,41.8786849334,-87.6732017089,POINT (-87.673201708895 41.878684933354)
ae8d50c986398158f4aa1c334cf8b856f7932f16a9d68756596bcf14978088f96043514daec799e10f08b8e2d7aa6fec0fbb7089bba210fe2d2e5ad9c31b7ff9,,07/05/2025 10:02:00 PM,30,TRAFFIC SIGNAL,FUNCTIONING PROPERLY,CLEAR,"DARKNESS, LIGHTED ROAD",REAR END,NOT DIVIDED,,"CURVE, LEVEL",DRY,NO DEFECTS,NOT ON SCENE (DESK REPORT),NO INJURY / DRIVE AWAY,Y,,,"OVER $1,500",07/05/2025 11:30:00 PM,FOLLOWING TOO CLOSELY,IMPROPER TURNING/NO SIGNAL,200,W,WACKER DR,122,,,,,,,2,NO INDICATION OF INJURY,0,0,0,0,0,3,0,22,7,7,41.8870408811,-87.6340425111,POINT (-87.634042511085 41.887040881068)
a0e2cab830042dbea57fc260618e576628960439582e5c98dd6a4ca832d2742dcccdbacde167ddf7eafdaecaac6ca22ad0b263968af891fa0d9d592fadf134a1,,07/05/2025 10:01:00 PM,30,TRAFFIC SIGNAL,FUNCTIONING PROPERLY,CLEAR,"DARKNESS, LIGHTED ROAD",ANGLE,OTHER,,STRAIGHT AND LEVEL,DRY,NO DEFECTS,NOT ON SCENE (DESK REPORT),NO INJURY / DRIVE AWAY,,,,"OVER $1,500",07/05/2025 11:30:00 PM,NOT APPLICABLE,NOT APPLICABLE,5418,S,WELLS ST,935,,,,,,,2,NO INDICATION OF INJURY,0,0,0,0,0,2,0,22,7,7,41.7957252255,-87.6320036291,POINT (-87.632003629067 41.79572522549)
c55d2e24d1a6fffc162d0208e40acc167b2385895234949a9a40f880a7d61ccbda30413b756de13942c863c758349bf598939f23d8815a09cadedc9e6423a07f,,07/05/2025 10:01:00 PM,30,NO CONTROLS,NO CONTROLS,CLEAR,"DARKNESS, LIGHTED ROAD",SIDESWIPE SAME DIRECTION,NOT DIVIDED,,STRAIGHT AND LEVEL,DRY,NO DEFECTS,ON SCENE,INJURY AND / OR TOW DUE TO CRASH,,,Y,"OVER $1,500",07/05/2025 10:03:00 PM,IMPROPER OVERTAKING/PASSING,IMPROPER OVERTAKING/PASSING,4802,S,ASHLAND AVE,931,,,,,,,2,NO INDICATION OF INJURY,0,0,0,0,0,3,0,22,7,7,41.8066325978,-87.6650633256,POINT (-87.665063325617 41.806632597822)
75652a287001dc21e1e897d83c0e8af35115b968646ee084a8a639aae6747a14d3dddaa0be501269baf62e14dc74a7a284aa3a7aa5f7b1ba60080542ba58ab83,,07/05/2025 10:00:00 PM,30,NO CONTROLS,NO CONTROLS,CLEAR,"DARKNESS, LIGHTED ROAD",PARKED MOTOR VEHICLE,ONE-WAY,,STRAIGHT AND LEVEL,DRY,NO DEFECTS,NOT ON SCENE (DESK REPORT),NO INJURY / DRIVE AWAY,,,Y,"OVER $1,500",07/06/2025 06:15:00 PM,UNABLE TO DETERMINE,UNABLE TO DETERMINE,211,E,OHIO ST,1834,,,,,,,2,NO INDICATION OF INJURY,0,0,0,0,0,1,0,22,7,7,41.8924576939,-87.6221880136,POINT (-87.622188013582 41.892457693884)
b6b0fd90de71a1a71b1bf9908ebbcc756b47c0e3e365e8eefff10a26f72996c8f213bda3e771060734f92d5dea02bd01d21353f510d68ed2067017ca81c4a19b,,07/05/2025 09:46:00 PM,30,TRAFFIC SIGNAL,FUNCTIONING PROPERLY,CLEAR,"DARKNESS, LIGHTED ROAD",REAR END,FOUR WAY,,STRAIGHT AND LEVEL,DRY,NO DEFECTS,ON SCENE,NO INJURY / DRIVE AWAY,,,Y,"OVER $1,500",07/05/2025 09:46:00 PM,UNABLE TO DETERMINE,FOLLOWING TOO CLOSELY,5500,S,CENTRAL AVE,811,,,,,,,2,NO INDICATION OF INJURY,0,0,0,0,0,2,0,21,7,7,41.7926423369,-87.7624466007,POINT (-87.762446600716 41.792642336891)
5a3e78fec768285cecd4a34447f8adcb090f093ef16c6227e2b2c3b84f183a993b91881088da96816004ac028ae684c9152401da9a63cab153815a6687fa351e,,07/05/2025 09:43:00 PM,30,NO CONTROLS,NO CONTROLS,CLEAR,"DARKNESS, LIGHTED ROAD",REAR TO FRONT,NOT DIVIDED,,STRAIGHT AND LEVEL,DRY,UNKNOWN,ON SCENE,NO INJURY / DRIVE AWAY,,,,"$501 - $1,500",07/05/2025 10:41:00 PM,FAILING TO YIELD RIGHT-OF-WAY,NOT APPLICABLE,2601,N,CANNON DR,1935,,,,,,,2,NO INDICATION OF INJURY,0,0,0,0,0,2,0,21,7,7,41.9297823092,-87.6359807157,POINT (-87.635980715691 41.929782309177)
99a57b16e2c945f6b3b41c0381b9570e9fe291065be3cb8c3d3bb7d803eb23dc0798298286bce6bdcaec0c8d39a0d5c5d2b36ed6ebe0c3bb04fce3f46266c6ed,,07/05/2025 09:35:00 PM,30,TRAFFIC SIGNAL,FUNCTIONING PROPERLY,CLEAR,"DARKNESS, LIGHTED ROAD",REAR END,OTHER,,STRAIGHT AND LEVEL,DRY,NO DEFECTS,NOT ON SCENE (DESK REPORT),NO INJURY / DRIVE AWAY,,,,"OVER $1,500",07/05/2025 10:10:00 PM,NOT APPLICABLE,NOT APPLICABLE,9,W,GARFIELD BLVD,225,,,,,,,2,NO INDICATION OF INJURY,0,0,0,0,0,5,0,21,7,7,41.7941774477,-87.6261384769,POINT (-87.626138476936 41.794177447729)
fc8c3ef8c55e91e1b7abe3a338ecb5015ec66a0733d02561b2b68367bdb4b691762a2189db2e0f54ffbf6b8e64ba868debe415e4e7cbf6cfea807837184da83d,,07/05/2025 09:34:00 PM,30,STOP SIGN/FLASHER,FUNCTIONING PROPERLY,CLEAR,"DARKNESS, LIGHTED ROAD",ANGLE,DIVIDED - W/MEDIAN BARRIER,,STRAIGHT AND LEVEL,DRY,NO DEFECTS,ON SCENE,INJURY AND / OR TOW DUE TO CRASH,Y,,,"OVER $1,500",07/05/2025 09:34:00 PM,FAILING TO YIELD RIGHT-OF-WAY,NOT APPLICABLE,4700,W,MADISON ST,1113,,,,,,,3,"REPORTED, NOT EVIDENT",1,0,0,0,1,4,0,21,7,7,41.8806340554,-87.7429547312,POINT (-87.742954731159 41.880634055402)
bb735b5ef892f63c592095c2ba4c8d89b15a153c0cd019cbd5e754c9d6bfe83fb9ff8b7119bd7c8ae6e9aaa45d85e7389f499824294252ca5e20c8ac3e786f17,,07/05/2025 09:24:00 PM,30,STOP SIGN/FLASHER,FUNCTIONING PROPERLY,UNKNOWN,UNKNOWN,ANGLE,FOUR WAY,,STRAIGHT AND LEVEL,UNKNOWN,UNKNOWN,ON SCENE,INJURY AND / OR TOW DUE TO CRASH,Y,,,"OVER $1,500",07/05/2025 10:53:00 PM,UNABLE TO DETERMINE,UNABLE TO DETERMINE,1900,S,HALSTED ST,1235,,,,,,,2,NO INDICATION OF INJURY,0,0,0,0,0,3,0,21,7,7,41.8566912447,-87.6467569448,POINT (-87.646756944767 41.856691244708)
240931728d94d736f7baf55d38a538f173d8f964cddd1bedcfad8fa1fc3c569d83c2cbd7ea14d34443f6c6a9052219c17ac5ac64ff302372c997e073b2367c71,,07/05/2025 09:19:00 PM,30,NO CONTROLS,NO CONTROLS,CLEAR,"DARKNESS, LIGHTED ROAD",SIDESWIPE SAME DIRECTION,NOT DIVIDED,,STRAIGHT AND LEVEL,DRY,UNKNOWN,NOT ON SCENE (DESK REPORT),NO INJURY / DRIVE AWAY,,,Y,"OVER $1,500",07/05/2025 09:45:00 PM,UNABLE TO DETERMINE,UNABLE TO DETERMINE,2147,W,50TH ST,931,,,,,,,2,NO INDICATION OF INJURY,0,0,0,0,0,7,0,21,7,7,41.8029043073,-87.6785821554,POINT (-87.678582155416 41.802904307302)
8d4f27909e6ee29b6112a50d65bb22bd49268324ed5a1d0a693ce7b1bad7341ca7e399cfbd9e7a5d54957469180c9a486c614e4cb65b212034686bd1017a6414,,07/05/2025 09:18:00 PM,30,NO CONTROLS,NO CONTROLS,CLEAR,"DARKNESS, LIGHTED ROAD",SIDESWIPE SAME DIRECTION,DIVIDED - W/MEDIAN (NOT RAISED),,STRAIGHT AND LEVEL,DRY,NO DEFECTS,,NO INJURY / DRIVE AWAY,,,,"OVER $1,500",07/05/2025 10:30:00 PM,FOLLOWING TOO CLOSELY,FOLLOWING TOO CLOSELY,130,W,IDA B WELLS DR,122,,,,,,,2,NO INDICATION OF INJURY,0,0,0,0,0,3,0,21,7,7,41.8757061763,-87.6317983477,POINT (-87.631798347666 41.875706176289)
e574f87e83b9620169818f9b0fe7a8361e84ed8af3b15df94ce1c86274fe78fa8d53429ae00ea78adde09ffb0e790d7a169522e8c2eec51e6bc3cecabacecc6f,,07/05/2025 09:15:00 PM,30,FLASHING CONTROL SIGNAL,FUNCTIONING PROPERLY,CLEAR,DUSK,REAR END,NOT DIVIDED,,STRAIGHT AND LEVEL,DRY,NO DEFECTS,NOT ON SCENE (DESK REPORT),NO INJURY / DRIVE AWAY,,,Y,"OVER $1,500",07/05/2025 09:25:00 PM,NOT APPLICABLE,NOT APPLICABLE,3600,S,PULASKI RD,1031,,,,,,,2,NO INDICATION OF INJURY,0,0,0,0,0,2,0,21,7,7,41.8287180645,-87.7243206046,POINT (-87.724320604623 41.828718064452)
958ac44a337944a42c49f50f3cd039a6db410480eea503db8bd5c0bf07a2c58d30b809661b79a197a27d34f2f29df12324fb3f7bcf1fb8e73c194d32a60f8ed2,,07/05/2025 09:14:00 PM,30,STOP SIGN/FLASHER,FUNCTIONING PROPERLY,CLEAR,"DARKNESS, LIGHTED ROAD",ANGLE,FOUR WAY,,STRAIGHT AND LEVEL,DRY,NO DEFECTS,ON SCENE,NO INJURY / DRIVE AWAY,,,,"OVER $1,500",07/05/2025 09:14:00 PM,FAILING TO YIELD RIGHT-OF-WAY,IMPROPER TURNING/NO SIGNAL,7300,S,LOOMIS BLVD,734,,,,,,,2,NO INDICATION OF INJURY,0,0,0,0,0,4,0,21,7,7,41.7612974384,-87.6590167106,POINT (-87.659016710612 41.761297438408)
97ab04b604181fe90d9e25335f91d847bf1937ce7a1f37b4bfbc97847b9bd80d603e139e33a134d1a3d916de92be62602d4e15d5fe3f05d406208e554435168e,,07/05/2025 09:07:00 PM,30,NO CONTROLS,NO CONTROLS,CLEAR,"DARKNESS, LIGHTED ROAD",SIDESWIPE SAME DIRECTION,DIVIDED - W/MEDIAN (NOT RAISED),,STRAIGHT AND LEVEL,DRY,NO DEFECTS,NOT ON SCENE (DESK REPORT),NO INJURY / DRIVE AWAY,,,Y,"OVER $1,500",07/05/2025 09:30:00 PM,IMPROPER OVERTAKING/PASSING,IMPROPER OVERTAKING/PASSING,6748,N,SHERIDAN RD,2432,,,,,,,2,NO INDICATION OF INJURY,0,0,0,0,0,3,0,21,7,7,42.0049918343,-87.6610165901,POINT (-87.661016590088 42.00499183434)
aeaf8bc2006a566826b25428192a0b045b2a62d53bd1e83d6cab614e0bafa02b5a819e4415e6c74b790726b8d3d646e5494583ac442fa43bff3b6989ca8da519,,07/05/2025 09:05:00 PM,30,UNKNOWN,UNKNOWN,CLEAR,"DARKNESS, LIGHTED ROAD",PARKED MOTOR VEHICLE,NOT DIVIDED,,STRAIGHT AND LEVEL,DRY,UNKNOWN,ON SCENE,INJURY AND / OR TOW DUE TO CRASH,,,Y,"OVER $1,500",07/05/2025 09:05:00 PM,UNABLE TO DETERMINE,UNABLE TO DETERMINE,3106,W,FULLERTON AVE,1414,,,,,,,3,NO INDICATION OF INJURY,0,0,0,0,0,1,0,21,7,7,41.9248491271,-87.7049787309,POINT (-87.704978730934 41.92484912713)
4259e63aabe62b1c0f141646fbbf221c05b808fa72368be8b39583e36bbc038d5536f210d80d4ae44ea1e6c9f9e07b7bf0e1bc6ed089047ef975796e80326ec8,,07/05/2025 09:01:00 PM,30,NO CONTROLS,NO CONTROLS,CLEAR,DAYLIGHT,PARKED MOTOR VEHICLE,NOT DIVIDED,,STRAIGHT AND LEVEL,DRY,NO DEFECTS,NOT ON SCENE (DESK REPORT),NO INJURY / DRIVE AWAY,,,Y,"OVER $1,500",07/06/2025 01:20:00 PM,UNABLE TO DETERMINE,UNABLE TO DETERMINE,6201,W,GEORGE ST,2511,,,,,,,2,NO INDICATION OF INJURY,0,0,0,0,0,1,0,21,7,7,41.9327880175,-87.7809469954,POINT (-87.78094699543 41.932788017541)
7394581405564153fe535ce1df5144186389c1df2d1c6e1c4c1daf8e6297b194a3ec69c03c5ad998ff2121d13b356c82b51e29e839c4bf6d3449ab771c699667,,07/05/2025 09:00:00 PM,30,NO CONTROLS,NO CONTROLS,CLEAR,"DARKNESS, LIGHTED ROAD",PARKED MOTOR VEHICLE,PARKING LOT,,STRAIGHT AND LEVEL,DRY,UNKNOWN,NOT ON SCENE (DESK REPORT),NO INJURY / DRIVE AWAY,,,,"$501 - $1,500",07/13/2025 12:30:00 PM,IMPROPER BACKING,NOT APPLICABLE,7059,S,SOUTH SHORE DR,334,,,,,,,2,NO INDICATION OF INJURY,0,0,0,0,0,1,0,21,7,7,41.7666030222,-87.5663237227,POINT (-87.566323722736 41.766603022169)
b84fc5a403cfef74acaa729728a89690d4e9c1d2a48b98066f0fd9ebc9a1685fcd589d1b0609f8d5758d31810b3683c229ece95ade60d41c75fb15ddb096c01a,,07/05/2025 09:00:00 PM,30,NO CONTROLS,NO CONTROLS,CLEAR,"DARKNESS, LIGHTED ROAD",REAR END,DIVIDED - W/MEDIAN (NOT RAISED),,STRAIGHT AND LEVEL,DRY,NO DEFECTS,NOT ON SCENE (DESK REPORT),NO INJURY / DRIVE AWAY,,,,"OVER $1,500",07/05/2025 10:30:00 PM,FOLLOWING TOO CLOSELY,FOLLOWING TOO CLOSELY,2746,W,TOUHY AVE,2411,,,,,,,2,NO INDICATION OF INJURY,0,0,0,0,0,4,0,21,7,7,42.0121913781,-87.6992243108,POINT (-87.699224310775 42.01219137811)
fdc1ef2ddc81ce04fabf283919474381aa4f5a635e923c923033a7ece6c3e03106f7e900e3f639fa78f445fe471bc8cdc056eb3b5e251fb2c747f601a8fffbb9,,07/05/2025 09:00:00 PM,25,NO CONTROLS,NO CONTROLS,CLEAR,DARKNESS,PARKED MOTOR VEHICLE,TRAFFIC ROUTE,,STRAIGHT AND LEVEL,DRY,NO DEFECTS,NOT ON SCENE (DESK REPORT),INJURY AND / OR TOW DUE TO CRASH,,,,"OVER $1,500",07/06/2025 02:31:00 PM,UNABLE TO DETERMINE,NOT APPLICABLE,2709,E,79TH ST,422,,,,,,,2,NO INDICATION OF INJURY,0,0,0,0,0,2,0,21,7,7,41.7517263636,-87.5584679778,POINT (-87.558467977766 41.751726363582)
8bddf85afa51936afa9fbe817507430fd44e28ec5c2c2a266225f32bbd7ebd23228da04e40f81d217d83f36793c457aa22d7380937abc51c468a0e7948ba90e0,,07/05/2025 08:47:00 PM,30,TRAFFIC SIGNAL,FUNCTIONING PROPERLY,CLEAR,DAYLIGHT,TURNING,FOUR WAY,,STRAIGHT AND LEVEL,DRY,NO DEFECTS,ON SCENE,NO INJURY / DRIVE AWAY,Y,,,"OVER $1,500",07/05/2025 08:53:00 PM,IMPROPER TURNING/NO SIGNAL,FAILING TO YIELD RIGHT-OF-WAY,4800,N,PULASKI RD,1712,,,,,,,2,NO INDICATION OF INJURY,0,0,0,0,0,4,0,20,7,7,41.9682625951,-87.7281753158,POINT (-87.72817531576 41.968262595101)
da2cd88a27a8f6ffb81a9a8b75cd1432fa66d89de52c228f740ea121939ec973d4e610e5ba9237f62e9b24a7c74e2d6dc8b30e2744612c911eade14465505c7f,,07/05/2025 08:45:00 PM,30,NO CONTROLS,NO CONTROLS,CLEAR,DARKNESS,PARKED MOTOR VEHICLE,NOT DIVIDED,,STRAIGHT AND LEVEL,DRY,NO DEFECTS,ON SCENE,NO INJURY / DRIVE AWAY,,,,"OVER $1,500",07/05/2025 09:22:00 PM,IMPROPER BACKING,NOT APPLICABLE,1316,W,FARGO AVE,2422,,,,,,,2,NO INDICATION OF INJURY,0,0,0,0,0,1,0,20,7,7,42.0172962082,-87.6641234667,POINT (-87.664123466674 42.017296208225)
64d8ce6defe9a9a77a3158627635cd3bd678a39b60079abe5da4f79abcf575150b13f3370529b0204c37ffda1b40d249aa9c0b139678bc0987616fb45d459bf0,,07/05/2025 08:43:00 PM,30,TRAFFIC SIGNAL,FUNCTIONING PROPERLY,CLEAR,"DARKNESS, LIGHTED ROAD",PEDALCYCLIST,DIVIDED - W/MEDIAN (NOT RAISED),,STRAIGHT AND LEVEL,DRY,NO DEFECTS,NOT ON SCENE (DESK REPORT),INJURY AND / OR TOW DUE TO CRASH,Y,,Y,"OVER $1,500",07/05/2025 08:44:00 PM,FAILING TO YIELD RIGHT-OF-WAY,FAILING TO REDUCE SPEED TO AVOID CRASH,4700,W,BELMONT AVE,1731,,,,,,,2,"REPORTED, NOT EVIDENT",1,0,0,0,1,2,0,20,7,7,41.9389779582,-87.7439264445,POINT (-87.743926444547 41.938977958246)
c386c1c0c031c7a9c6635131007bf00472f397965766d3bb2b25e2861f9bb2d8ce61b405fc875658deaa473323281270b85a41936711773b8c2f40c78340fc64,,07/05/2025 08:43:00 PM,30,NO CONTROLS,NO CONTROLS,CLEAR,"DARKNESS, LIGHTED ROAD",SIDESWIPE SAME DIRECTION,DIVIDED - W/MEDIAN (NOT RAISED),,STRAIGHT AND LEVEL,DRY,NO DEFECTS,ON SCENE,NO INJURY / DRIVE AWAY,,,,$500 OR LESS,07/05/2025 08:43:00 PM,UNABLE TO DETERMINE,UNABLE TO DETERMINE,816,W,63RD ST,712,,,,,,,2,NO INDICATION OF INJURY,0,0,0,0,0,4,0,20,7,7,41.7798483529,-87.6456237314,POINT (-87.645623731368 41.779848352875)
3912048be230660ecdfd749fda055669c5f928606635c04a03b29ce36ef71696fd5bda976eafe2a3166804e86723c2577e30b687d18ccc785c07c3e874e9b1de,,07/05/2025 08:40:00 PM,30,NO CONTROLS,NO CONTROLS,CLEAR,DAWN,PARKED MOTOR VEHICLE,OTHER,,STRAIGHT AND LEVEL,DRY,NO DEFECTS,ON SCENE,NO INJURY / DRIVE AWAY,,,,"$501 - $1,500",07/05/2025 08:50:00 PM,NOT APPLICABLE,NOT APPLICABLE,5707,N,ASHLAND AVE,2012,,Y,,,,,2,NO INDICATION OF INJURY,0,0,0,0,0,3,0,20,7,7,41.9853611176,-87.6697204465,POINT (-87.669720446545 41.985361117588)
92c1e9de887a42902f0d3854fb6bf68995ff282093b5859cd6f84f99aa2469ef992e89cc9005c8d63dbdb15ea8c6261cf603553a59039d6c4560ed9d8ad8dc0d,,07/05/2025 08:30:00 PM,30,NO CONTROLS,NO CONTROLS,UNKNOWN,UNKNOWN,SIDESWIPE OPPOSITE DIRECTION,DIVIDED - W/MEDIAN (NOT RAISED),,STRAIGHT AND LEVEL,UNKNOWN,UNKNOWN,NOT ON SCENE (DESK REPORT),NO INJURY / DRIVE AWAY,,,,$500 OR LESS,07/06/2025 06:00:00 PM,FAILING TO YIELD RIGHT-OF-WAY,FAILING TO YIELD RIGHT-OF-WAY,153,E,ERIE ST,1834,,,,,,,2,NO INDICATION OF INJURY,0,0,0,0,0,2,0,20,7,7,41.8940423583,-87.6233851555,POINT (-87.623385155458 41.894042358283)
aa2af89c59b1e634b8dbc40886c69c47904b4cdb301aeb0b24a6582cfe8dc84fbfde1542281b1247bfef35399bac480fd80d839357972ec97615c54e20b12392,,07/05/2025 08:30:00 PM,30,NO CONTROLS,NO CONTROLS,CLEAR,"DARKNESS, LIGHTED ROAD",SIDESWIPE SAME DIRECTION,DIVIDED - W/MEDIAN BARRIER,,STRAIGHT AND LEVEL,DRY,NO DEFECTS,NOT ON SCENE (DESK REPORT),NO INJURY / DRIVE AWAY,,,,"OVER $1,500",07/05/2025 09:45:00 PM,IMPROPER LANE USAGE,FAILING TO REDUCE SPEED TO AVOID CRASH,100,N,MICHIGAN AVE,111,,,,,,,2,NO INDICATION OF INJURY,0,0,0,0,0,5,0,20,7,7,41.8832891514,-87.6245493964,POINT (-87.624549396399 41.883289151389)
7aa3a7af57d957508f0483c844e1cd1ae53f290ec744f26faae63bb58b8e6349e2b3bcdd49c7a8cdac835fb6e85bfbd4d7f826c6fc9d004265c0687aa2dd0cf3,,07/05/2025 08:20:00 PM,30,TRAFFIC SIGNAL,FUNCTIONING PROPERLY,CLEAR,"DARKNESS, LIGHTED ROAD",REAR END,T-INTERSECTION,,STRAIGHT AND LEVEL,DRY,NO DEFECTS,NOT ON SCENE (DESK REPORT),INJURY AND / OR TOW DUE TO CRASH,Y,,,"$501 - $1,500",07/08/2025 02:30:00 PM,UNABLE TO DETERMINE,NOT APPLICABLE,3480,N,LAKE SHORE DR,1925,,,,,,,2,"REPORTED, NOT EVIDENT",1,0,0,0,1,1,0,20,7,7,41.9460983955,-87.6421545871,POINT (-87.642154587067 41.946098395531)
621f95f37a79950bc005811d9c40a739e242d80a1cac6b1b5a77b88582b0576cf428e46b7f665c34c6aaf7cafb7688253d363da53d1db468d520dd3d3cbe61be,,07/05/2025 08:15:00 PM,30,NO CONTROLS,NO CONTROLS,CLEAR,"DARKNESS, LIGHTED ROAD",PARKED MOTOR VEHICLE,ONE-WAY,,STRAIGHT AND LEVEL,DRY,NO DEFECTS,ON SCENE,NO INJURY / DRIVE AWAY,,,,"OVER $1,500",07/05/2025 08:40:00 PM,UNABLE TO DETERMINE,NOT APPLICABLE,5922,S,SACRAMENTO AVE,824,,,,,,,2,NO INDICATION OF INJURY,0,0,0,0,0,2,0,20,7,7,41.7856120115,-87.698597196,POINT (-87.698597196027 41.785612011548)
331159ac8441ca2dbd2e2cfcbb86aa9a4a5c22f792737875d5e956e20913dbde6e7c916dc42cc7272adccd35b4ade244af3535064e3bac49133fb66dd895d45c,,07/05/2025 08:14:00 PM,30,UNKNOWN,UNKNOWN,CLEAR,DUSK,REAR END,NOT DIVIDED,,STRAIGHT AND LEVEL,DRY,NO DEFECTS,ON SCENE,NO INJURY / DRIVE AWAY,,,,$500 OR LESS,07/05/2025 08:25:00 PM,FAILING TO REDUCE SPEED TO AVOID CRASH,DRIVING SKILLS/KNOWLEDGE/EXPERIENCE,8853,S,COMMERCIAL AVE,424,,,,Y,CONSTRUCTION,,2,NO INDICATION OF INJURY,0,0,0,0,0,5,0,20,7,7,41.7339941071,-87.5512062199,POINT (-87.551206219863 41.7339941071)
6c2af365b88fd15676a1a74336b244e3c3095e95ffe4073f7238a057efee0e0bd5414a8c5a08b0674fcc06d3bdbed1677a31ed9facddc5532ef4c60d939e29d1,,07/05/2025 08:06:00 PM,30,STOP SIGN/FLASHER,FUNCTIONING PROPERLY,CLEAR,DARKNESS,TURNING,NOT DIVIDED,,STRAIGHT AND LEVEL,DRY,NO DEFECTS,ON SCENE,INJURY AND / OR TOW DUE TO CRASH,Y,,Y,"OVER $1,500",07/05/2025 08:06:00 PM,FAILING TO YIELD RIGHT-OF-WAY,IMPROPER TURNING/NO SIGNAL,10300,S,AVENUE L,432,,,,,,,5,NONINCAPACITATING INJURY,1,0,0,1,0,1,0,20,7,7,41.7081242948,-87.5366429848,POINT (-87.536642984814 41.708124294828)
7a1701791b2d8131e5c25d8e7c925cbe47d0f49fda466fb87679c4616841371f72eec40f7eb7c7c70f1c9489cc009538f21a32e84b0cbc1af65d0f9a675642c4,,07/05/2025 08:05:00 PM,30,STOP SIGN/FLASHER,FUNCTIONING PROPERLY,CLEAR,DAYLIGHT,REAR END,NOT DIVIDED,,STRAIGHT AND LEVEL,DRY,NO DEFECTS,NOT ON SCENE (DESK REPORT),NO INJURY / DRIVE AWAY,,,,"OVER $1,500",07/05/2025 08:20:00 PM,FOLLOWING TOO CLOSELY,DRIVING SKILLS/KNOWLEDGE/EXPERIENCE,401,S,CICERO AVE,1131,,,,,,,2,NO INDICATION OF INJURY,0,0,0,0,0,3,0,20,7,7,41.8749572297,-87.7449185831,POINT (-87.744918583056 41.874957229692)
07aff321140c8f869b869beb3383725322164821dbeff3fa496bc3c57df638cafb034e0c1c6a37185f5549c639e5248262d600542aac0a1a96b1517048dd06d9,,07/05/2025 08:04:00 PM,30,NO CONTROLS,NO CONTROLS,CLEAR,"DARKNESS, LIGHTED ROAD",PARKED MOTOR VEHICLE,NOT DIVIDED,,STRAIGHT AND LEVEL,DRY,NO DEFECTS,ON SCENE,NO INJURY / DRIVE AWAY,,,,"OVER $1,500",07/05/2025 08:19:00 PM,FAILING TO REDUCE SPEED TO AVOID CRASH,NOT APPLICABLE,1005,N,PULASKI RD,1112,,,,,,,2,NO INDICATION OF INJURY,0,0,0,0,0,1,0,20,7,7,41.8992277969,-87.7260522691,POINT (-87.726052269051 41.899227796886)
68ad4ab103314269947cab9d36491a7551e6cef7daf1fb32c97c9f85b2bdc6c582b149fca1fb1660f50e185afc7314717d7c8c228d1e208244969c2e3f86e77c,,07/05/2025 08:00:00 PM,30,NO CONTROLS,NO CONTROLS,CLEAR,DAYLIGHT,REAR END,NOT DIVIDED,,STRAIGHT AND LEVEL,DRY,NO DEFECTS,NOT ON SCENE (DESK REPORT),NO INJURY / DRIVE AWAY,,,,"OVER $1,500",07/06/2025 08:09:00 PM,FOLLOWING TOO CLOSELY,NOT APPLICABLE,1228,E,95TH ST,413,,,,,,,2,NO INDICATION OF INJURY,0,0,0,0,0,2,0,20,7,7,41.7223164857,-87.5936417442,POINT (-87.593641744209 41.722316485662)