CRASH_RECORD_ID,CRASH_DATE_EST_I,CRASH_DATE,POSTED_SPEED_LIMIT,TRAFFIC_CONTROL_DEVICE,DEVICE_CONDITION,WEATHER_CONDITION,LIGHTING_CONDITION,FIRST_CRASH_TYPE,TRAFFICWAY_TYPE,LANE_CNT,ALIGNMENT,ROADWAY_SURFACE_COND,ROAD_DEFECT,REPORT_TYPE,CRASH_TYPE,INTERSECTION_RELATED_I,NOT_RIGHT_OF_WAY_I,HIT_AND_RUN_I,DAMAGE,DATE_POLICE_NOTIFIED,PRIM_CONTRIBUTORY_CAUSE,SEC_CONTRIBUTORY_CAUSE,STREET_NO,STREET_DIRECTION,STREET_NAME,BEAT_OF_OCCURRENCE,PHOTOS_TAKEN_I,STATEMENTS_TAKEN_I,DOORING_I,WORK_ZONE_I,WORK_ZONE_TYPE,WORKERS_PRESENT_I,NUM_UNITS,MOST_SEVERE_INJURY,INJURIES_TOTAL,INJURIES_FATAL,INJURIES_INCAPACITATING,INJURIES_NON_INCAPACITATING,INJURIES_REPORTED_NOT_EVIDENT,INJURIES_NO_INDICATION,INJURIES_UNKNOWN,CRASH_HOUR,CRASH_DAY_OF_WEEK,CRASH_MONTH,LATITUDE,LONGITUDE,LOCATION
092febcb392c3aacd35f26405a5b0827f22565c2633b9917fb867a32898ca275c3bd1d931660fa8475f0183273425e600975ff467c8af890c9322fc4413d6acc,,07/05/2025 07:50:00 PM,30,NO CONTROLS,NO CONTROLS,CLEAR,DAYLIGHT,REAR END,NOT DIVIDED,,STRAIGHT AND LEVEL,DRY,NO DEFECTS,ON SCENE,INJURY AND / OR TOW DUE TO CRASH,,,,"OVER $1,500",07/05/2025 08:05:00 PM,FAILING TO REDUCE SPEED TO AVOID CRASH,TEXTING,7012,W,63RD ST,812,,,,,,,3,"REPORTED, NOT EVIDENT",1,0,0,0,1,4,0,19,7,7,41.7775082591,-87.7964300287,POINT (-87.796430028732 41.777508259076)
5466a016413a7aa7a689dc2e83ec4bbcc601cde8d148c59e4cc5d6a556f5adbbdf7159d32edeff962b9b8e95f87b51b6cc6a08ed35d9ed1aa626b3a8b31e6127,,07/05/2025 07:48:00 PM,30,TRAFFIC SIGNAL,FUNCTIONING PROPERLY,UNKNOWN,UNKNOWN,TURNING,DIVIDED - W/MEDIAN BARRIER,,STRAIGHT AND LEVEL,UNKNOWN,UNKNOWN,NOT ON SCENE (DESK REPORT),NO INJURY / DRIVE AWAY,,,Y,"$501 - $1,500",07/07/2025 08:00:00 PM,FOLLOWING TOO CLOSELY,FOLLOWING TOO CLOSELY,51,N,MICHIGAN AVE,114,,,,,,,2,NO INDICATION OF INJURY,0,0,0,0,0,2,0,19,7,7,41.8831785838,-87.624250416,POINT (-87.624250416005 41.88317858382)
43863b3429eac3f550481c8fd57e9d232eaa7081fae37b2dd4d3ae7ea483b7c07983a908465ce1e9402488a0084d81df6fae23b3eabd3f9ab76810ae5bf49b3c,,07/05/2025 07:40:00 PM,30,NO CONTROLS,NO CONTROLS,CLEAR,DAYLIGHT,PARKED MOTOR VEHICLE,ONE-WAY,,STRAIGHT AND LEVEL,DRY,NO DEFECTS,ON SCENE,INJURY AND / OR TOW DUE TO CRASH,,,Y,"$501 - $1,500",07/05/2025 07:50:00 PM,"OPERATING VEHICLE IN ERRATIC, RECKLESS, CARELESS, NEGLIGENT OR AGGRESSIVE MANNER",NOT APPLICABLE,2754,W,BERWYN AVE,2011,,,,,,,2,NO INDICATION OF INJURY,0,0,0,0,0,1,0,19,7,7,41.9777563703,-87.6987090825,POINT (-87.69870908248 41.977756370299)
a3dd411822912a13a6f331c32652776af519c261faf9fdefa4ec4916d33311eb63fda111aa616d14f7d02895f3e040741d4a97949d4a9a36b501412d8f7195bd,,07/05/2025 07:40:00 PM,30,STOP SIGN/FLASHER,UNKNOWN,UNKNOWN,UNKNOWN,REAR END,UNKNOWN INTERSECTION TYPE,,STRAIGHT AND LEVEL,UNKNOWN,UNKNOWN,NOT ON SCENE (DESK REPORT),NO INJURY / DRIVE AWAY,Y,,,"OVER $1,500",07/05/2025 08:15:00 PM,UNABLE TO DETERMINE,UNABLE TO DETERMINE,7952,S,ANTHONY AVE,411,,,,,,,2,NO INDICATION OF INJURY,0,0,0,0,0,3,0,19,7,7,41.7501900553,-87.5870499547,POINT (-87.58704995472 41.75019005529)
119479e5fdbedeb80c1d0a47e25593e3ca0c153abcabd61416eda53f46508b320678f62acd52a9d076b8fd6078406cb607af657fe7dc452d63f9012fecfeaa83,,07/05/2025 07:39:00 PM,30,NO CONTROLS,NO CONTROLS,CLEAR,"DARKNESS, LIGHTED ROAD",PARKED MOTOR VEHICLE,NOT DIVIDED,,STRAIGHT AND LEVEL,DRY,NO DEFECTS,ON SCENE,NO INJURY / DRIVE AWAY,,,Y,"$501 - $1,500",07/05/2025 07:40:00 PM,UNABLE TO DETERMINE,NOT APPLICABLE,7098,W,NORTH AVE,2513,,,,,,,2,NO INDICATION OF INJURY,0,0,0,0,0,1,0,19,7,7,41.9090444847,-87.8020675481,POINT (-87.802067548093 41.909044484739)
da46d69f1edb90bcb1ce50af82a09bed29414b799ae1b20dccfc1a435c59c13ee51439176dc4c629ac9481bfcd0d66142b5ca03b12c6cf5d12aedae2d545a731,,07/05/2025 07:30:00 PM,30,TRAFFIC SIGNAL,FUNCTIONING PROPERLY,CLEAR,DUSK,REAR END,DIVIDED - W/MEDIAN (NOT RAISED),,STRAIGHT AND LEVEL,DRY,NO DEFECTS,NOT ON SCENE (DESK REPORT),NO INJURY / DRIVE AWAY,Y,,,"OVER $1,500",07/05/2025 07:55:00 PM,FAILING TO REDUCE SPEED TO AVOID CRASH,UNABLE TO DETERMINE,8700,S,HALSTED ST,2223,,,,,,,2,NO INDICATION OF INJURY,0,0,0,0,0,2,0,19,7,7,41.7357852665,-87.6437588296,POINT (-87.643758829628 41.735785266472)
dc19a75a376a64fca4d4a0bbcfc2ca65522a13e865becbca9418acc20279bdbfccea148504cda4cee0e51b588b50186d9df0c4162186a05299c3aa2e097835cd,,07/05/2025 07:30:00 PM,20,UNKNOWN,UNKNOWN,UNKNOWN,DAWN,SIDESWIPE SAME DIRECTION,UNKNOWN,,STRAIGHT AND LEVEL,DRY,UNKNOWN,NOT ON SCENE (DESK REPORT),NO INJURY / DRIVE AWAY,,,,"$501 - $1,500",07/05/2025 08:20:00 PM,UNABLE TO DETERMINE,UNABLE TO DETERMINE,57,W,87TH ST,634,,,,,,,2,NO INDICATION OF INJURY,0,0,0,0,0,3,0,19,7,7,41.736144336,-87.6262147464,POINT (-87.626214746398 41.736144335993)
f1103e75e7e288fe9a2f520d18134557dc8ca80041f5040763bbd353e0a351212d17746e5ea71159f65d9a4c726cb8478b452fd847ff6cfcb90128a81be8f978,,07/05/2025 07:30:00 PM,30,STOP SIGN/FLASHER,NO CONTROLS,CLEAR,DUSK,PEDALCYCLIST,FOUR WAY,,STRAIGHT AND LEVEL,DRY,NO DEFECTS,NOT ON SCENE (DESK REPORT),NO INJURY / DRIVE AWAY,Y,,Y,"$501 - $1,500",07/05/2025 08:40:00 PM,DISREGARDING STOP SIGN,FAILING TO YIELD RIGHT-OF-WAY,3500,W,MONTROSE AVE,1723,,,,,,,2,NO INDICATION OF INJURY,0,0,0,0,0,2,0,19,7,7,41.9612081048,-87.7156502729,POINT (-87.715650272903 41.961208104754)
4a1cc7d0a8f263e898fdbc485cdc559d08a5ae40ec012137a95611fed234a417b509ca30ade46391b652b3b790060600599a6ec80a1e515892da1615524ca11c,,07/05/2025 07:19:00 PM,30,TRAFFIC SIGNAL,UNKNOWN,UNKNOWN,UNKNOWN,REAR END,FOUR WAY,,STRAIGHT AND LEVEL,UNKNOWN,UNKNOWN,NOT ON SCENE (DESK REPORT),NO INJURY / DRIVE AWAY,Y,,,$500 OR LESS,07/08/2025 09:55:00 AM,UNABLE TO DETERMINE,UNABLE TO DETERMINE,2401,W,DIVISION ST,1212,,,,,,,2,NO INDICATION OF INJURY,0,0,0,0,0,4,0,19,7,7,41.902905477,-87.6870616344,POINT (-87.687061634415 41.90290547699)
6ca11305822ab73bccf62c903da561ad3cd6033f9c1b43630d1552e63ba1fdf5564dae8ac3fa4a320a28252a7166c1b5eee7933829cb22627e5f13b2fef577c9,,07/05/2025 07:19:00 PM,30,NO CONTROLS,NO CONTROLS,CLEAR,DAYLIGHT,TURNING,NOT DIVIDED,,STRAIGHT AND LEVEL,DRY,NO DEFECTS,NOT ON SCENE (DESK REPORT),NO INJURY / DRIVE AWAY,,,,"OVER $1,500",07/05/2025 08:00:00 PM,FAILING TO YIELD RIGHT-OF-WAY,FAILING TO YIELD RIGHT-OF-WAY,2550,W,CERMAK RD,1023,,,,,,,2,NO INDICATION OF INJURY,0,0,0,0,0,2,0,19,7,7,41.8520887772,-87.6900118864,POINT (-87.690011886397 41.852088777212)
e8106411d1dd1132cb5891f4aa4ac1ebffdb865980cb71360382164dc737e96304c88ef52da7e0aa31092eb09bcb79a88b9b1f56018e7578109f17b092db4f54,,07/05/2025 07:18:00 PM,30,TRAFFIC SIGNAL,FUNCTIONING PROPERLY,CLEAR,DAYLIGHT,TURNING,FOUR WAY,,STRAIGHT AND LEVEL,DRY,NO DEFECTS,ON SCENE,NO INJURY / DRIVE AWAY,,,Y,"OVER $1,500",07/05/2025 07:18:00 PM,IMPROPER TURNING/NO SIGNAL,FAILING TO YIELD RIGHT-OF-WAY,13000,S,STONY ISLAND AVE,434,,,,,,,2,NO INDICATION OF INJURY,0,0,0,0,0,9,0,19,7,7,,,
b85abcfa0a4001d9f16112511dc6d37cc133b973efa1875e4dd74509e7982d166f08348b9ae8fd0533d4a3bc9f7ca9e2fe4b02aeb1170705e7be56ef055cfd35,,07/05/2025 07:16:00 PM,35,NO CONTROLS,NO CONTROLS,CLEAR,DAYLIGHT,PARKED MOTOR VEHICLE,ONE-WAY,,STRAIGHT AND LEVEL,DRY,NO DEFECTS,ON SCENE,INJURY AND / OR TOW DUE TO CRASH,,,,"OVER $1,500",07/05/2025 07:39:00 PM,NOT APPLICABLE,NOT APPLICABLE,8106,S,EVANS AVE,631,,,,,,,3,NO INDICATION OF INJURY,0,0,0,0,0,1,0,19,7,7,41.7473452127,-87.6064850235,POINT (-87.606485023454 41.747345212716)
4a79e3df3ee8f430bd5286a2d296850d0ee607b48f1748ead734721b50c964e9a73aac64e967f6d1dfae7eb9e5b0c258110820d0575c385a82f07881822848ee,,07/05/2025 07:05:00 PM,20,NO CONTROLS,NO CONTROLS,CLEAR,DAYLIGHT,FIXED OBJECT,ONE-WAY,,STRAIGHT AND LEVEL,DRY,NO DEFECTS,ON SCENE,INJURY AND / OR TOW DUE TO CRASH,,Y,,"OVER $1,500",07/05/2025 07:19:00 PM,DRIVING SKILLS/KNOWLEDGE/EXPERIENCE,NOT APPLICABLE,7915,S,CLYDE AVE,414,,,,,,,1,NO INDICATION OF INJURY,0,0,0,0,0,1,0,19,7,7,41.7511533554,-87.5733881036,POINT (-87.573388103573 41.751153355367)
26b53ba1bd2be1d788662df2c68b8cd822d611d072d3b25c55f9162c5acea57c3076255c0ac0b3238738203d3da1a13c299916f09273f804ab879fb5d9c89c61,,07/05/2025 07:02:00 PM,30,NO CONTROLS,NO CONTROLS,CLEAR,DAYLIGHT,PARKED MOTOR VEHICLE,ONE-WAY,,STRAIGHT AND LEVEL,DRY,NO DEFECTS,ON SCENE,INJURY AND / OR TOW DUE TO CRASH,,,Y,"OVER $1,500",07/05/2025 07:04:00 PM,UNABLE TO DETERMINE,UNABLE TO DETERMINE,5857,N,VIRGINIA AVE,2011,,,,,,,3,NO INDICATION OF INJURY,0,0,0,0,0,1,0,19,7,7,41.9883443182,-87.7065017786,POINT (-87.706501778599 41.988344318197)
72c34e0d89f754f9f69ec4f715af733fcb8891116456487e23ce64a4ede17f75118bc430e7b511ce45421e6af65444f2cd146c77b135945ff4af618ab53c3f31,,07/05/2025 07:00:00 PM,30,NO CONTROLS,NO CONTROLS,UNKNOWN,UNKNOWN,REAR END,ONE-WAY,,STRAIGHT AND LEVEL,UNKNOWN,UNKNOWN,NOT ON SCENE (DESK REPORT),INJURY AND / OR TOW DUE TO CRASH,,,,"$501 - $1,500",07/05/2025 07:45:00 PM,FOLLOWING TOO CLOSELY,NOT APPLICABLE,4818,W,GEORGE ST,2521,,,,,,,2,NONINCAPACITATING INJURY,2,0,0,2,0,1,0,19,7,7,41.9334547901,-87.7474767205,POINT (-87.747476720502 41.933454790084)
35c3dd218241b43ecc3b83ffa4df316be6e4f5570a0ff3b99ceba7d9d2a3a72825c634bd3f054ac17ede7d425ed26e8e27a042ffa6502c8471408e84eb3a47bf,,07/05/2025 06:53:00 PM,30,NO CONTROLS,NO CONTROLS,CLEAR,DAYLIGHT,SIDESWIPE SAME DIRECTION,DIVIDED - W/MEDIAN (NOT RAISED),,STRAIGHT AND LEVEL,DRY,UNKNOWN,NOT ON SCENE (DESK REPORT),NO INJURY / DRIVE AWAY,,,Y,"OVER $1,500",07/05/2025 07:45:00 PM,IMPROPER LANE USAGE,NOT APPLICABLE,850,S,CLARK ST,123,,,,,,,2,NO INDICATION OF INJURY,0,0,0,0,0,4,0,18,7,7,41.8713502222,-87.6307328114,POINT (-87.630732811417 41.871350222228)
3943a2b05d683f4bc3fc7de0561ef2580a08188741f0ef68ad9cb681395a6690445776b61b37426d829a2e7405821e761d53b7375a9bc6d7ada0806af7349925,,07/05/2025 06:45:00 PM,30,TRAFFIC SIGNAL,FUNCTIONING PROPERLY,CLEAR,DUSK,REAR END,FOUR WAY,,STRAIGHT AND LEVEL,DRY,UNKNOWN,NOT ON SCENE (DESK REPORT),NO INJURY / DRIVE AWAY,,,,"OVER $1,500",07/05/2025 07:45:00 PM,FOLLOWING TOO CLOSELY,NOT APPLICABLE,702,W,CHICAGO AVE,1213,,,,,,,2,NO INDICATION OF INJURY,0,0,0,0,0,2,0,18,7,7,41.8965333332,-87.6462348182,POINT (-87.646234818239 41.896533333158)
68568568f1a9daa6cdb77eaa78416750ad675f5c6110c203a83acbd27068b324ead26d23f4d7205863240512d68df5740b5a71fcd5e71f556381a37d499ba3e1,,07/05/2025 06:45:00 PM,30,NO CONTROLS,NO CONTROLS,CLEAR,DAYLIGHT,PARKED MOTOR VEHICLE,FOUR WAY,,STRAIGHT AND LEVEL,DRY,NO DEFECTS,NOT ON SCENE (DESK REPORT),NO INJURY / DRIVE AWAY,,,,"OVER $1,500",07/05/2025 08:10:00 PM,UNABLE TO DETERMINE,UNABLE TO DETERMINE,2117,N,CICERO AVE,2522,,,,,,,2,NO INDICATION OF INJURY,0,0,0,0,0,2,0,18,7,7,41.9192743925,-87.7460344861,POINT (-87.746034486093 41.919274392546)
09f1ba541554e3a24957671c51c83d315713da6a85ba1c7ce56d767f8354bc2a71a3e00d1e7448d9a3b6335a1c200f2995100a3bffda8897dfd72cf92a78bb9d,,07/05/2025 06:39:00 PM,30,NO CONTROLS,NO CONTROLS,CLEAR,DAYLIGHT,REAR TO FRONT,OTHER,,"CURVE, LEVEL",DRY,NO DEFECTS,ON SCENE,INJURY AND / OR TOW DUE TO CRASH,,,,$500 OR LESS,07/05/2025 06:45:00 PM,IMPROPER BACKING,NOT APPLICABLE,3016,S,FORT DEARBORN,133,,Y,,,,,2,"REPORTED, NOT EVIDENT",1,0,0,0,1,1,0,18,7,7,41.8397851633,-87.6083514259,POINT (-87.60835142588 41.839785163305)
a31665d16b9a524d394e4c70741a23badc362a52646be30f88044a5331276c642df2870bd1d152f65aef08b1833bb1402d59a7719773675eca191b81bdddc895,,07/05/2025 06:35:00 PM,30,NO CONTROLS,NO CONTROLS,CLEAR,DAYLIGHT,FIXED OBJECT,NOT DIVIDED,,STRAIGHT AND LEVEL,DRY,NO DEFECTS,ON SCENE,INJURY AND / OR TOW DUE TO CRASH,,,,"OVER $1,500",07/05/2025 06:35:00 PM,UNABLE TO DETERMINE,UNABLE TO DETERMINE,2499,W,114TH ST,2212,,,,,,,1,NO INDICATION OF INJURY,0,0,0,0,0,1,0,18,7,7,41.6862149698,-87.683383287,POINT (-87.683383287038 41.686214969772)
4ee70102e8336f0b207619a96922ff23ba10085b8cc0feeb16656d5518f657c5f16eb0c63c9bf0f0571b1e5c602c2ee2727429817f9844ab384586fc09349854,N,07/05/2025 06:30:00 PM,30,NO CONTROLS,NO CONTROLS,CLEAR,DAYLIGHT,PARKED MOTOR VEHICLE,ONE-WAY,,STRAIGHT AND LEVEL,DRY,UNKNOWN,ON SCENE,NO INJURY / DRIVE AWAY,,,Y,"$501 - $1,500",07/06/2025 06:34:00 PM,UNABLE TO DETERMINE,UNABLE TO DETERMINE,2224,S,RIDGEWAY AVE,1013,,,,,,,2,NO INDICATION OF INJURY,0,0,0,0,0,1,0,18,7,7,41.8508336607,-87.7187775804,POINT (-87.718777580444 41.850833660711)
58ad601cff494cc8a9c002c00505570f078937a35af05410d7df7d0787d39a7079a34334be3769a5c5cc666b7e5932599313a6e0e8fe0232ff64a24f7a201fe0,,07/05/2025 06:30:00 PM,30,TRAFFIC SIGNAL,FUNCTIONING PROPERLY,CLEAR,DAYLIGHT,ANGLE,FOUR WAY,,STRAIGHT AND LEVEL,DRY,UNKNOWN,ON SCENE,INJURY AND / OR TOW DUE TO CRASH,Y,,,"OVER $1,500",07/05/2025 06:35:00 PM,UNABLE TO DETERMINE,NOT APPLICABLE,800,W,103RD ST,2232,,,,,,,2,NO INDICATION OF INJURY,0,0,0,0,0,5,0,18,7,7,41.7070263198,-87.6428960074,POINT (-87.642896007418 41.707026319812)
c7a4777d3690331d5c73bbc4e8a3567de6fd93e156550741d4ea0b50b84fa0bacc7715cc0c8355dcdf9b3218573a970bd73da95c7f1ac8ddad25b8b7f76a9229,Y,07/05/2025 06:30:00 PM,10,NO CONTROLS,NO CONTROLS,CLEAR,DAYLIGHT,PARKED MOTOR VEHICLE,PARKING LOT,,STRAIGHT AND LEVEL,DRY,NO DEFECTS,ON SCENE,NO INJURY / DRIVE AWAY,,Y,Y,"OVER $1,500",07/05/2025 06:30:00 PM,UNABLE TO DETERMINE,UNABLE TO DETERMINE,2001,S,WENTWORTH AVE,914,,,,,,,2,NO INDICATION OF INJURY,0,0,0,0,0,1,0,18,7,7,41.855347014,-87.6316990261,POINT (-87.631699026086 41.855347014042)
e68341668b6eee05a8b5ef4ef8f6370fed3758083f0c4457e9ce19555f7257398a4ebc1a17456c9bb658063b5edc7d49246906c781f312c14d50b4a3e452a1cc,,07/05/2025 06:30:00 PM,30,TRAFFIC SIGNAL,UNKNOWN,CLEAR,DAYLIGHT,REAR END,FOUR WAY,,STRAIGHT AND LEVEL,UNKNOWN,UNKNOWN,NOT ON SCENE (DESK REPORT),NO INJURY / DRIVE AWAY,Y,,,"OVER $1,500",07/05/2025 07:29:00 PM,IMPROPER TURNING/NO SIGNAL,NOT APPLICABLE,3771,W,ROOSEVELT RD,1011,,,,,,,2,NO INDICATION OF INJURY,0,0,0,0,0,4,0,18,7,7,41.8661303828,-87.7200908423,POINT (-87.720090842322 41.866130382796)
e87ad7697f8543b6a859b3b0077bdd7c005905f1213c13f1ecd06f03f665f348b96a3ed9144a40eff911c82eed1ce133373d1058e85f6634dc39d9f628cb333a,,07/05/2025 06:30:00 PM,30,TRAFFIC SIGNAL,UNKNOWN,UNKNOWN,UNKNOWN,REAR END,FOUR WAY,,STRAIGHT AND LEVEL,UNKNOWN,UNKNOWN,NOT ON SCENE (DESK REPORT),NO INJURY / DRIVE AWAY,Y,,,"OVER $1,500",07/07/2025 05:00:00 PM,UNABLE TO DETERMINE,UNABLE TO DETERMINE,950,W,FOSTER AVE,2023,,,,,,,2,NO INDICATION OF INJURY,0,0,0,0,0,4,0,18,7,7,41.976512256,-87.6545672305,POINT (-87.654567230549 41.976512255965)
3fc4fba039b07f050d2e3b3780a552e21fe706f3f00283e6ffa18ac6885bf1e5ff4361ad8bdfdb2595428e672370693f0c77fe26b34aef89a94874683a26787a,,07/05/2025 06:26:00 PM,30,OTHER,FUNCTIONING PROPERLY,CLEAR,DAYLIGHT,PARKED MOTOR VEHICLE,NOT DIVIDED,,STRAIGHT AND LEVEL,DRY,NO DEFECTS,ON SCENE,INJURY AND / OR TOW DUE TO CRASH,,,,"OVER $1,500",07/05/2025 06:27:00 PM,DISREGARDING OTHER TRAFFIC SIGNS,DISTRACTION - FROM OUTSIDE VEHICLE,725,S,STATE ST,123,,,,,,,3,NONINCAPACITATING INJURY,1,0,0,1,0,1,0,18,7,7,41.8724865918,-87.6273989196,POINT (-87.627398919621 41.872486591756)
acb85a853d39e3823cf10942894c165400b1b48fa6008f3ca480990994e1daae6d8797cd8a0cc8b439be1ce94c67387195ffa97f155c2fe08e25f562af4de23d,,07/05/2025 06:22:00 PM,30,STOP SIGN/FLASHER,FUNCTIONING IMPROPERLY,CLEAR,DAYLIGHT,PEDESTRIAN,ONE-WAY,,STRAIGHT AND LEVEL,DRY,NO DEFECTS,ON SCENE,INJURY AND / OR TOW DUE TO CRASH,,,,"OVER $1,500",07/05/2025 06:22:00 PM,FAILING TO REDUCE SPEED TO AVOID CRASH,FAILING TO REDUCE SPEED TO AVOID CRASH,201,W,SCHILLER ST,1821,,,,,,,2,NONINCAPACITATING INJURY,1,0,0,1,0,1,0,18,7,7,41.9075555768,-87.6346523229,POINT (-87.634652322895 41.907555576776)
5801f018a812b55d4eacb722d2fddd89f5fd982683c3dbc1161f28564123523c959916d5c4ffc85ddc5883a86cd2ca856618539f29a402b02d68faefac7f7238,,07/05/2025 06:20:00 PM,30,UNKNOWN,UNKNOWN,CLEAR,DAYLIGHT,TURNING,DIVIDED - W/MEDIAN (NOT RAISED),,STRAIGHT AND LEVEL,DRY,NO DEFECTS,NOT ON SCENE (DESK REPORT),NO INJURY / DRIVE AWAY,,,Y,"OVER $1,500",07/06/2025 10:23:00 AM,IMPROPER OVERTAKING/PASSING,IMPROPER OVERTAKING/PASSING,2100,W,87TH ST,614,,,,,,,2,NO INDICATION OF INJURY,0,0,0,0,0,2,0,18,7,7,41.7357234476,-87.6762092238,POINT (-87.676209223812 41.735723447564)
772dcbf81f14b117fc443a30686238d7cdc3a672cfc59cf75f0708d0f4636d16461a66f72f002164effc19bc05859b593cccab7b1581724a67f3c7628a6d04ae,,07/05/2025 06:15:00 PM,30,NO CONTROLS,NO CONTROLS,CLEAR,DAYLIGHT,ANGLE,FOUR WAY,,STRAIGHT AND LEVEL,DRY,UNKNOWN,NOT ON SCENE (DESK REPORT),NO INJURY / DRIVE AWAY,,,Y,"OVER $1,500",07/05/2025 06:53:00 PM,FAILING TO YIELD RIGHT-OF-WAY,NOT APPLICABLE,2343,N,KENNETH AVE,2522,,,,,,,2,NO INDICATION OF INJURY,0,0,0,0,0,2,0,18,7,7,41.9238092532,-87.7376206919,POINT (-87.737620691862 41.92380925315)
01e510595f05bb719761870c45bba6649c3a4fd8b730da8610bfb0381c324e3bafa0b7d5eecdd536e4fb34183d99b98f36f6b2095ce95d654a45aafcd2c1a7d7,,07/05/2025 06:11:00 PM,30,TRAFFIC SIGNAL,FUNCTIONING PROPERLY,CLEAR,DAYLIGHT,ANGLE,FOUR WAY,,STRAIGHT AND LEVEL,DRY,NO DEFECTS,NOT ON SCENE (DESK REPORT),INJURY AND / OR TOW DUE TO CRASH,Y,,,"OVER $1,500",07/05/2025 06:11:00 PM,IMPROPER LANE USAGE,UNABLE TO DETERMINE,5900,S,STATE ST,232,,,,,,,3,INCAPACITATING INJURY,3,0,1,0,2,0,0,18,7,7,41.7872687485,-87.625657367,POINT (-87.625657367013 41.787268748515)
0ada2d69d1f6a59cbe7cb106a206a590dd2455a2289324797389d774954fbaf4b684ff7420c631ba5ca1cd17e485d987cff661884f3a11628417a6769915ff98,,07/05/2025 06:10:00 PM,30,TRAFFIC SIGNAL,FUNCTIONING PROPERLY,CLEAR,DAYLIGHT,ANGLE,FOUR WAY,,STRAIGHT AND LEVEL,UNKNOWN,UNKNOWN,NOT ON SCENE (DESK REPORT),NO INJURY / DRIVE AWAY,Y,,,"OVER $1,500",07/05/2025 07:52:00 PM,FAILING TO YIELD RIGHT-OF-WAY,UNABLE TO DETERMINE,9200,S,HOUSTON AVE,424,,,,,,,2,NO INDICATION OF INJURY,0,0,0,0,0,2,0,18,7,7,41.7281698188,-87.5499660024,POINT (-87.549966002382 41.728169818783)
3a94e3a938eb223e017cc9343af37893fbc7c7fe22b1d80a4192b269afb4c36706c7c39423adca6f2d8ea34d5911cc06d5866fe863d717cb212c81e63043edfc,,07/05/2025 06:07:00 PM,10,NO CONTROLS,NO CONTROLS,CLEAR,DAYLIGHT,FIXED OBJECT,PARKING LOT,,STRAIGHT AND LEVEL,DRY,NO DEFECTS,ON SCENE,NO INJURY / DRIVE AWAY,,Y,,"OVER $1,500",07/05/2025 06:44:00 PM,EQUIPMENT - VEHICLE CONDITION,NOT APPLICABLE,6190,S,ARCHER AVE,811,,,,,,,1,NO INDICATION OF INJURY,0,0,0,0,0,1,0,18,7,7,41.794017543,-87.7741473714,POINT (-87.774147371409 41.794017543044)
3e36354602306f5c13381c1555df3f749e95ffb6c038ce7a7582a88e6eaa1d201110b949dae702e60e002f546f1f74c33b5e61af2ab60e77324738e001247688,,07/05/2025 06:03:00 PM,15,NO CONTROLS,NO CONTROLS,CLEAR,DAYLIGHT,PARKED MOTOR VEHICLE,NOT DIVIDED,,STRAIGHT ON HILLCREST,DRY,NO DEFECTS,ON SCENE,NO INJURY / DRIVE AWAY,,,Y,"OVER $1,500",07/06/2025 03:00:00 PM,UNABLE TO DETERMINE,UNABLE TO DETERMINE,305,N,SANGAMON ST,1214,,,,,,,2,NO INDICATION OF INJURY,0,0,0,0,0,1,0,18,7,7,41.8869178978,-87.6508646226,POINT (-87.650864622574 41.886917897831)
206029d6ab49a70734dacb5d996b3193e557a98e77b5c804ee5089a4ce2dfe74be6380273ad1e7c249f52469c481621b2f7d5b676a186bfbb77222329cbc3f97,,07/05/2025 06:00:00 PM,15,NO CONTROLS,NO CONTROLS,CLEAR,DAYLIGHT,PARKED MOTOR VEHICLE,PARKING LOT,,STRAIGHT AND LEVEL,DRY,UNKNOWN,NOT ON SCENE (DESK REPORT),INJURY AND / OR TOW DUE TO CRASH,,,,"OVER $1,500",07/12/2025 03:00:00 PM,UNABLE TO DETERMINE,UNABLE TO DETERMINE,5130,S,LAKE PARK AVE,234,,,,,,,2,NO INDICATION OF INJURY,0,0,0,0,0,3,0,18,7,7,41.8014565525,-87.5877418622,POINT (-87.587741862156 41.801456552461)
3027104b6cbbc9f1bf783f779b9599d283f4ce09d828edda6a3b243c1f4ddf52fbcef4ea31b0fb7cfafe55e8f1c1d330b99d296274d05042a7ecf49e08f0303b,,07/05/2025 06:00:00 PM,30,STOP SIGN/FLASHER,FUNCTIONING PROPERLY,CLEAR,DAYLIGHT,ANGLE,FOUR WAY,,STRAIGHT AND LEVEL,DRY,NO DEFECTS,NOT ON SCENE (DESK REPORT),NO INJURY / DRIVE AWAY,Y,,Y,"OVER $1,500",07/05/2025 08:10:00 PM,FAILING TO YIELD RIGHT-OF-WAY,NOT APPLICABLE,530,W,14TH PL,124,,,,,,,2,NO INDICATION OF INJURY,0,0,0,0,0,2,0,18,7,7,41.862555058,-87.640397616,POINT (-87.640397615988 41.862555058045)