CRASH_RECORD_ID,CRASH_DATE_EST_I,CRASH_DATE,POSTED_SPEED_LIMIT,TRAFFIC_CONTROL_DEVICE,DEVICE_CONDITION,WEATHER_CONDITION,LIGHTING_CONDITION,FIRST_CRASH_TYPE,TRAFFICWAY_TYPE,LANE_CNT,ALIGNMENT,ROADWAY_SURFACE_COND,ROAD_DEFECT,REPORT_TYPE,CRASH_TYPE,INTERSECTION_RELATED_I,NOT_RIGHT_OF_WAY_I,HIT_AND_RUN_I,DAMAGE,DATE_POLICE_NOTIFIED,PRIM_CONTRIBUTORY_CAUSE,SEC_CONTRIBUTORY_CAUSE,STREET_NO,STREET_DIRECTION,STREET_NAME,BEAT_OF_OCCURRENCE,PHOTOS_TAKEN_I,STATEMENTS_TAKEN_I,DOORING_I,WORK_ZONE_I,WORK_ZONE_TYPE,WORKERS_PRESENT_I,NUM_UNITS,MOST_SEVERE_INJURY,INJURIES_TOTAL,INJURIES_FATAL,INJURIES_INCAPACITATING,INJURIES_NON_INCAPACITATING,INJURIES_REPORTED_NOT_EVIDENT,INJURIES_NO_INDICATION,INJURIES_UNKNOWN,CRASH_HOUR,CRASH_DAY_OF_WEEK,CRASH_MONTH,LATITUDE,LONGITUDE,LOCATION
62f4b8bd5cf3a8166cb351c4c763539bcc66dfcedadc11af81fbd7340f30d0702f16ff3125ff0ad624432c6641fefca67fe3a8fa2b8214c7804b030fe0fc0375,,07/05/2025 06:00:00 PM,35,NO CONTROLS,NO CONTROLS,CLEAR,DAYLIGHT,SIDESWIPE SAME DIRECTION,NOT DIVIDED,,STRAIGHT AND LEVEL,DRY,NO DEFECTS,NOT ON SCENE (DESK REPORT),NO INJURY / DRIVE AWAY,,,,"$501 - $1,500",07/15/2025 12:30:00 PM,UNABLE TO DETERMINE,UNABLE TO DETERMINE,8302,S,ASHLAND AVE,614,,,,,,,2,NO INDICATION OF INJURY,0,0,0,0,0,2,0,18,7,7,41.7429270352,-87.6633954529,POINT (-87.663395452869 41.742927035182)
9d6e346c07fd7243f8215499ac8eca4d0583f06df4d766ad7d84fbc852a53b346c42a7318a7c1fe49ec7ac00c0f1ac4c7b286e82cbc291296fdcd7b75bc51963,,07/05/2025 06:00:00 PM,30,NO CONTROLS,NO CONTROLS,CLEAR,DAYLIGHT,TURNING,NOT DIVIDED,,STRAIGHT AND LEVEL,DRY,UNKNOWN,ON SCENE,INJURY AND / OR TOW DUE TO CRASH,,,,"OVER $1,500",07/05/2025 06:15:00 PM,UNABLE TO DETERMINE,NOT APPLICABLE,1950,E,HAYES DR,331,,,,,,,2,NO INDICATION OF INJURY,0,0,0,0,0,7,0,18,7,7,41.7803835595,-87.5779190559,POINT (-87.577919055914 41.780383559548)
858f68f977fb842f4038ed0b31a696ffc9dbb73a25be5bc11875c9b050bc970f1d1fd7ee4e17df8d5e6183dbe159369d6624d6dbf8436041e43ad5d572c37ac7,,07/05/2025 05:56:00 PM,30,NO CONTROLS,NO CONTROLS,CLEAR,DAYLIGHT,PARKED MOTOR VEHICLE,NOT DIVIDED,,STRAIGHT AND LEVEL,DRY,NO DEFECTS,ON SCENE,NO INJURY / DRIVE AWAY,,,,"$501 - $1,500",07/05/2025 05:56:00 PM,IMPROPER BACKING,IMPROPER BACKING,1441,W,MORSE AVE,2431,,Y,,,,,2,NO INDICATION OF INJURY,0,0,0,0,0,2,0,17,7,7,42.0077689889,-87.6675469332,POINT (-87.667546933206 42.007768988923)
b6567ee1a1d3bba775351c029eed561b8e90ef0ad11757aa5d843578297da5cedcc0c98a5e65fca0270e22bb4cbf87cb5509007aeb5a9a7a78a7882ece04b408,,07/05/2025 05:50:00 PM,40,NO CONTROLS,NO CONTROLS,CLEAR,DAYLIGHT,REAR END,CENTER TURN LANE,,STRAIGHT AND LEVEL,DRY,NO DEFECTS,NOT ON SCENE (DESK REPORT),NO INJURY / DRIVE AWAY,,,,$500 OR LESS,07/15/2025 12:34:00 PM,UNABLE TO DETERMINE,NOT APPLICABLE,5600,N,MANNHEIM RD,1654,,,,,,,2,NO INDICATION OF INJURY,0,0,0,0,0,2,0,17,7,7,41.9810210432,-87.8789119094,POINT (-87.878911909446 41.981021043185)
57dd3e6b66d729233944f5113626297648524fc1d89ae9f25166328d391167aaca177564f178d3a706a1c017ccbf166ecd68ea71d1ab2f326eca4f992df5f7ab,,07/05/2025 05:49:00 PM,30,STOP SIGN/FLASHER,FUNCTIONING PROPERLY,CLEAR,DAYLIGHT,ANGLE,NOT DIVIDED,,STRAIGHT AND LEVEL,DRY,NO DEFECTS,ON SCENE,NO INJURY / DRIVE AWAY,Y,,,"OVER $1,500",07/05/2025 05:50:00 PM,FAILING TO YIELD RIGHT-OF-WAY,FAILING TO REDUCE SPEED TO AVOID CRASH,6323,S,AUSTIN AVE,812,,,,,,,2,NO INDICATION OF INJURY,0,0,0,0,0,2,0,17,7,7,41.7770800293,-87.7713169656,POINT (-87.771316965583 41.777080029337)
9fb614272d1259cf95692d84174f0b6db10212315780385d2a443fb4cc322cc336e2787d88d22b4f49870c649b6a3a968c70ce6a9da44da0071dd7fee2342ef9,,07/05/2025 05:44:00 PM,30,NO CONTROLS,NO CONTROLS,CLEAR,DAYLIGHT,PARKED MOTOR VEHICLE,NOT DIVIDED,,STRAIGHT AND LEVEL,DRY,NO DEFECTS,ON SCENE,INJURY AND / OR TOW DUE TO CRASH,,,,"OVER $1,500",07/05/2025 05:45:00 PM,UNABLE TO DETERMINE,UNABLE TO DETERMINE,3522,W,JACKSON BLVD,1123,,,,,,,2,NONINCAPACITATING INJURY,1,0,0,1,0,1,0,17,7,7,41.8773383818,-87.714442669,POINT (-87.714442669038 41.877338381807)
3d2b1207bea82a284549ef6518974fb72a983d2176b05f89beee8783d609f3557864593bcbf6580ce15c72257c2a2a038ab2e0d0f8f3c3d617c305e3ce3402c1,,07/05/2025 05:43:00 PM,30,UNKNOWN,UNKNOWN,CLEAR,DAYLIGHT,OTHER OBJECT,ALLEY,,STRAIGHT AND LEVEL,UNKNOWN,UNKNOWN,NOT ON SCENE (DESK REPORT),INJURY AND / OR TOW DUE TO CRASH,,,,"OVER $1,500",07/05/2025 07:45:00 PM,IMPROPER OVERTAKING/PASSING,NOT APPLICABLE,75,E,WASHINGTON ST,112,,,,,,,1,"REPORTED, NOT EVIDENT",1,0,0,0,1,1,0,17,7,7,41.8831152214,-87.6251725087,POINT (-87.625172508734 41.883115221385)
b23e16379e217cc14210d4151ce6e04db5aac0f7f6634a0eb0c3e6b6fbd8e21093595748d49a70cee6f9bb701878521340124c835f0036c99a735bd9de4e9231,,07/05/2025 05:36:00 PM,30,TRAFFIC SIGNAL,FUNCTIONING PROPERLY,CLEAR,DAYLIGHT,OTHER OBJECT,NOT DIVIDED,,STRAIGHT AND LEVEL,DRY,NO DEFECTS,ON SCENE,INJURY AND / OR TOW DUE TO CRASH,,,,$500 OR LESS,07/05/2025 05:37:00 PM,UNABLE TO DETERMINE,UNABLE TO DETERMINE,483,N,DAMEN AVE,1221,,,,,,,2,NONINCAPACITATING INJURY,1,0,0,1,0,1,0,17,7,7,41.8908061468,-87.6767611699,POINT (-87.676761169923 41.890806146848)
07bd3b69aba0d67ede831926c01f9a0dcd0b507816a6bd73608e9fb8c76fb0e1267ab1cbda2dfe37201ccce49f9b4a16624d4d08154ec07efb16a787f994b101,,07/05/2025 05:30:00 PM,25,NO CONTROLS,NO CONTROLS,CLEAR,DAYLIGHT,SIDESWIPE SAME DIRECTION,ONE-WAY,,STRAIGHT AND LEVEL,DRY,NO DEFECTS,NOT ON SCENE (DESK REPORT),NO INJURY / DRIVE AWAY,,,Y,"OVER $1,500",07/05/2025 07:30:00 PM,FAILING TO YIELD RIGHT-OF-WAY,NOT APPLICABLE,162,E,ONTARIO ST,1834,,,,,,,2,NO INDICATION OF INJURY,0,0,0,0,0,2,0,17,7,7,41.8934694676,-87.6228941903,POINT (-87.622894190259 41.893469467647)
2c049ee8bb9fec5ae42c86c7cd51e5ff12d43fa7ad70dbcb739152b8b09f17d982a0a49d6e7cf8a2f1e82391d6dc0a45daa01183e6c1bb7af6b5f2b718d00919,,07/05/2025 05:30:00 PM,35,TRAFFIC SIGNAL,FUNCTIONING PROPERLY,CLEAR,DAYLIGHT,ANGLE,FOUR WAY,,STRAIGHT AND LEVEL,DRY,NO DEFECTS,ON SCENE,INJURY AND / OR TOW DUE TO CRASH,Y,,,"OVER $1,500",07/05/2025 07:30:00 PM,DISREGARDING TRAFFIC SIGNALS,NOT APPLICABLE,3100,S,DR MARTIN LUTHER KING JR DR,211,,,,,,,3,NONINCAPACITATING INJURY,4,0,0,4,0,4,0,17,7,7,41.8383269412,-87.6176126615,POINT (-87.617612661462 41.838326941218)
69057c6e2d321ad30ef7b70241dbf046288cc83f01ec8c2b04ff90abc92295d156786821a8028b7b855ac7a61a17aed22348ae0b5069a1a3a35fd39621569c48,,07/05/2025 05:29:00 PM,30,TRAFFIC SIGNAL,FUNCTIONING PROPERLY,CLEAR,DAYLIGHT,REAR END,NOT DIVIDED,,STRAIGHT AND LEVEL,DRY,NO DEFECTS,ON SCENE,NO INJURY / DRIVE AWAY,,,,"OVER $1,500",07/05/2025 05:44:00 PM,FOLLOWING TOO CLOSELY,NOT APPLICABLE,7200,N,SHERIDAN RD,2423,,,,,,,2,NO INDICATION OF INJURY,0,0,0,0,0,4,0,17,7,7,42.0128473324,-87.6636197775,POINT (-87.663619777525 42.012847332398)
55a50b67e15ad21a565bdd99216746ece02059797f079aafc3966c0cf884196c1e7303009ba804b615e8c1d31d274a61e3388d9f769dfe36933f0db42a6a7680,,07/05/2025 05:27:00 PM,30,TRAFFIC SIGNAL,FUNCTIONING PROPERLY,CLEAR,DAYLIGHT,SIDESWIPE SAME DIRECTION,ONE-WAY,,STRAIGHT AND LEVEL,DRY,NO DEFECTS,ON SCENE,NO INJURY / DRIVE AWAY,,,,"OVER $1,500",07/05/2025 05:39:00 PM,IMPROPER OVERTAKING/PASSING,IMPROPER OVERTAKING/PASSING,580,E,ILLINOIS ST,1834,,,,,,,2,NO INDICATION OF INJURY,0,0,0,0,0,3,0,17,7,7,41.8912505437,-87.6116812259,POINT (-87.611681225862 41.891250543746)
00e3bbd3c610a44886c7a446ac66a3e4918709bcaf2ecc6995c10f8b7da76aea1d54d0ae640b249ce48c159655cb694282d575656d28e652571ea1faea0295ef,,07/05/2025 05:00:00 PM,30,TRAFFIC SIGNAL,FUNCTIONING PROPERLY,CLEAR,DAYLIGHT,TURNING,T-INTERSECTION,,STRAIGHT AND LEVEL,DRY,NO DEFECTS,NOT ON SCENE (DESK REPORT),NO INJURY / DRIVE AWAY,Y,,,"$501 - $1,500",07/05/2025 07:29:00 PM,UNABLE TO DETERMINE,UNABLE TO DETERMINE,725,S,STATE ST,123,,,,,,,2,NO INDICATION OF INJURY,0,0,0,0,0,2,0,17,7,7,41.8724865918,-87.6273989196,POINT (-87.627398919621 41.872486591756)
2e4d8b82ab5707d37bbca47d3e6a1da415feb38bdaf68d9e9b824fa6b4f2927d95a6c015da91633419dfc5125ccf2010cab018b427316b93d95e4c13bdd6d46e,,07/05/2025 05:00:00 PM,30,NO CONTROLS,NO CONTROLS,CLEAR,DAYLIGHT,PARKED MOTOR VEHICLE,ONE-WAY,,STRAIGHT AND LEVEL,DRY,NO DEFECTS,NOT ON SCENE (DESK REPORT),NO INJURY / DRIVE AWAY,,,Y,"OVER $1,500",07/05/2025 09:00:00 PM,IMPROPER OVERTAKING/PASSING,UNABLE TO DETERMINE,162,E,ONTARIO ST,1834,,,,,,,2,NO INDICATION OF INJURY,0,0,0,0,0,1,0,17,7,7,41.8934694676,-87.6228941903,POINT (-87.622894190259 41.893469467647)
42b284c0b37c77cf869ec48cf30cbc003a6d5dbd401175335641131a180ca1ecd0bf704b2992736dfe0ee7e1beabbda09a554f505acba840888041157f5124ac,,07/05/2025 05:00:00 PM,30,STOP SIGN/FLASHER,FUNCTIONING PROPERLY,CLEAR,DAYLIGHT,TURNING,FOUR WAY,,STRAIGHT AND LEVEL,DRY,NO DEFECTS,ON SCENE,NO INJURY / DRIVE AWAY,Y,,,"OVER $1,500",07/05/2025 05:12:00 PM,DISREGARDING STOP SIGN,NOT APPLICABLE,5800,S,WABASH AVE,232,,,,,,,2,NO INDICATION OF INJURY,0,0,0,0,0,2,0,17,7,7,41.7891217014,-87.6240920204,POINT (-87.624092020359 41.789121701441)
6c4aa655f9a90d78b9b4b63ec7a8ba200603f4b808db926fbfde58fc947b290499082ad3a0685be374432b9079df03d85c07038e656133fa219a29406ae68b8d,,07/05/2025 05:00:00 PM,30,TRAFFIC SIGNAL,FUNCTIONING PROPERLY,CLEAR,DAYLIGHT,REAR END,DIVIDED - W/MEDIAN (NOT RAISED),,STRAIGHT AND LEVEL,DRY,NO DEFECTS,NOT ON SCENE (DESK REPORT),INJURY AND / OR TOW DUE TO CRASH,Y,,,"OVER $1,500",07/05/2025 05:00:00 PM,UNABLE TO DETERMINE,NOT APPLICABLE,1511,N,PULASKI RD,2535,,,,,,,2,"REPORTED, NOT EVIDENT",1,0,0,0,1,3,0,17,7,7,41.9084643121,-87.7263262989,POINT (-87.726326298903 41.908464312095)
6d2b212239f4ea5cf06286e698bd9f83566ef40eea160c27a2bca97f7ff239552f23bd39b21bc16e977731c7ce54849b4b92a8de1cbaf171447d07aa26e72fae,,07/05/2025 05:00:00 PM,30,TRAFFIC SIGNAL,FUNCTIONING PROPERLY,CLEAR,DAYLIGHT,TURNING,NOT DIVIDED,,STRAIGHT AND LEVEL,DRY,NO DEFECTS,ON SCENE,INJURY AND / OR TOW DUE TO CRASH,Y,,,"OVER $1,500",07/05/2025 05:04:00 PM,FAILING TO YIELD RIGHT-OF-WAY,NOT APPLICABLE,1000,N,ELSTON AVE,1213,,Y,,,,,2,"REPORTED, NOT EVIDENT",1,0,0,0,1,5,0,17,7,7,41.8999193518,-87.656794999,POINT (-87.656794999036 41.899919351805)
bf06ea68c90dd16eceaea2b3472722e94608783359d36b81a6b6b93eeb63b41cfaa4d596657f3948d5d704b4ce8a04f5501d07d90e0aa91c98aff5ed69cfd634,,07/05/2025 05:00:00 PM,30,NO CONTROLS,NO CONTROLS,CLEAR,DAYLIGHT,SIDESWIPE SAME DIRECTION,NOT DIVIDED,,STRAIGHT AND LEVEL,DRY,NO DEFECTS,NOT ON SCENE (DESK REPORT),NO INJURY / DRIVE AWAY,,,,"OVER $1,500",07/05/2025 05:30:00 PM,IMPROPER OVERTAKING/PASSING,NOT APPLICABLE,3740,N,HALSTED ST,1923,,,,,,,2,NO INDICATION OF INJURY,0,0,0,0,0,2,0,17,7,7,41.9502903792,-87.6497315231,POINT (-87.649731523109 41.950290379189)
c1d8d9c0a751f808e5508727ba4d708ca2102ab5685027a8fa8ae1593285f2b9b0a49356145d3c5dbdc8c9412b00020d9dc4ecc0b665780f3dd5f8232ac864ec,,07/05/2025 04:57:00 PM,30,STOP SIGN/FLASHER,FUNCTIONING PROPERLY,CLEAR,DAYLIGHT,REAR END,ONE-WAY,,STRAIGHT AND LEVEL,DRY,UNKNOWN,NOT ON SCENE (DESK REPORT),NO INJURY / DRIVE AWAY,,,,"OVER $1,500",07/05/2025 06:03:00 PM,FOLLOWING TOO CLOSELY,NOT APPLICABLE,2402,N,KILBOURN AVE,2521,,,,,,,2,NO INDICATION OF INJURY,0,0,0,0,0,5,0,16,7,7,41.9244530273,-87.7391463247,POINT (-87.739146324726 41.924453027267)
bb2658bfde399d375ad12ab77da70d21ccf9e9b4e26d3ad952fa68b758451fb668624f991c0327a99f2870aac1b88c9540d0f42974e0afa2ef741ff8de628f22,,07/05/2025 04:56:00 PM,30,STOP SIGN/FLASHER,FUNCTIONING PROPERLY,CLEAR,DAYLIGHT,ANGLE,NOT DIVIDED,,STRAIGHT AND LEVEL,DRY,NO DEFECTS,NOT ON SCENE (DESK REPORT),NO INJURY / DRIVE AWAY,,,,"OVER $1,500",07/05/2025 05:40:00 PM,DISREGARDING TRAFFIC SIGNALS,UNABLE TO DETERMINE,4801,W,WILSON AVE,1623,,,,,,,2,NO INDICATION OF INJURY,0,0,0,0,0,2,0,16,7,7,41.9642534602,-87.7477692508,POINT (-87.747769250803 41.964253460197)
48e6213fa6f507c19b8161ff3dccfdf60e880da722d9c08149ac617d4bd6ddcfeccd9707ddf8ad733041780b410a87dd469616a339ff06787f36433f0625513f,,07/05/2025 04:55:00 PM,35,NO CONTROLS,NO CONTROLS,CLEAR,DAYLIGHT,PARKED MOTOR VEHICLE,NOT DIVIDED,,STRAIGHT AND LEVEL,DRY,NO DEFECTS,ON SCENE,NO INJURY / DRIVE AWAY,,,,"OVER $1,500",07/05/2025 05:07:00 PM,UNABLE TO DETERMINE,UNABLE TO DETERMINE,7240,S,DR MARTIN LUTHER KING JR DR,323,,Y,,,,,2,NO INDICATION OF INJURY,0,0,0,0,0,1,0,16,7,7,41.7626582633,-87.6153662787,POINT (-87.615366278685 41.762658263331)
7bede9e909cb7ae3e9553fc140fc58d6ad20c61bb5bee6a32a2cc3e958724d63b9bb8b6e428aa7f973d654e1cd84b8b6d4a92d476160f62e1ff70e014d3d951c,,07/05/2025 04:51:00 PM,30,NO CONTROLS,NO CONTROLS,CLEAR,DAYLIGHT,FIXED OBJECT,NOT DIVIDED,,STRAIGHT AND LEVEL,DRY,NO DEFECTS,ON SCENE,INJURY AND / OR TOW DUE TO CRASH,,,,"OVER $1,500",07/05/2025 04:52:00 PM,UNABLE TO DETERMINE,UNABLE TO DETERMINE,5800,S,DAMEN AVE,715,,,,,,,1,,,,,,,,,16,7,7,41.7884036655,-87.6742850131,POINT (-87.674285013124 41.788403665479)
33f62403bc0a196d9cfaa2465b23a593824f7ad1b77048b3e4d10742e014fe19bb90e63954ff977fb20907670b217711a4ce8faa52fde24226b81f72fef1138a,,07/05/2025 04:50:00 PM,30,TRAFFIC SIGNAL,FUNCTIONING PROPERLY,CLEAR,DAYLIGHT,PEDESTRIAN,DIVIDED - W/MEDIAN (NOT RAISED),,STRAIGHT AND LEVEL,DRY,NO DEFECTS,ON SCENE,INJURY AND / OR TOW DUE TO CRASH,,,,"$501 - $1,500",07/05/2025 04:50:00 PM,UNABLE TO DETERMINE,UNABLE TO DETERMINE,1608,E,95TH ST,413,,,,,,,2,NONINCAPACITATING INJURY,1,0,0,1,0,3,0,16,7,7,41.7224522309,-87.5846993212,POINT (-87.584699321193 41.722452230928)
1da2f6c8d50d6671e60e2a92bae4bdc437791e8f82136244e9820e8a55ec50cfb25e4cbd4fb7ccfd416f603ace04a27bb7040738707645165d59499d813e083d,,07/05/2025 04:45:00 PM,30,NO CONTROLS,NO CONTROLS,CLEAR,DAYLIGHT,SIDESWIPE SAME DIRECTION,NOT DIVIDED,,STRAIGHT AND LEVEL,DRY,NO DEFECTS,NOT ON SCENE (DESK REPORT),NO INJURY / DRIVE AWAY,,,,"OVER $1,500",07/05/2025 06:30:00 PM,UNABLE TO DETERMINE,NOT APPLICABLE,1107,W,LAWRENCE AVE,1914,,,,,,,2,NO INDICATION OF INJURY,0,0,0,0,0,2,0,16,7,7,41.9689383889,-87.6579316481,POINT (-87.657931648059 41.968938388867)
e9813c20284a4aaefad7a52bcb1a74393e665c4bf110504364e7c36c195d6400a017572dfaf512d0e38d72125b7d144bebec0b5d24e4f705f19f74a56e5953fc,,07/05/2025 04:45:00 PM,30,NO CONTROLS,NO CONTROLS,CLEAR,DUSK,SIDESWIPE SAME DIRECTION,NOT DIVIDED,,STRAIGHT AND LEVEL,DRY,UNKNOWN,NOT ON SCENE (DESK REPORT),NO INJURY / DRIVE AWAY,,,,"OVER $1,500",07/05/2025 10:10:00 PM,FAILING TO YIELD RIGHT-OF-WAY,UNABLE TO DETERMINE,3130,N,HALSTED ST,1933,,,,,,,2,NO INDICATION OF INJURY,0,0,0,0,0,2,0,16,7,7,41.9387752823,-87.6493789158,POINT (-87.649378915836 41.93877528235)
930db2f47e4bd298b7c6f5a1a6822e70d915927f95323111b1aa2cbea3f93a391e89771a8bc0249cb20abcc9dffbed41b61329ef9aa213166b4c137dcf84b565,,07/05/2025 04:42:00 PM,25,NO CONTROLS,NO CONTROLS,CLEAR,DAYLIGHT,PARKED MOTOR VEHICLE,ONE-WAY,,STRAIGHT AND LEVEL,DRY,NO DEFECTS,NOT ON SCENE (DESK REPORT),NO INJURY / DRIVE AWAY,,,Y,"OVER $1,500",07/06/2025 01:15:00 PM,UNABLE TO DETERMINE,UNABLE TO DETERMINE,4491,N,KEOKUK AVE,1722,,,,,,,2,NO INDICATION OF INJURY,0,0,0,0,0,1,0,16,7,7,41.9628171293,-87.7339738197,POINT (-87.733973819702 41.962817129328)
69d0fd97a5ddef6bd58cb2067faf30c8aec7654aa377429351b0b8e93dfc377e552ffa04daf2cc830fb2efd5ee96c131ec3283ca5dbe5a8d5b4435dff06bf044,,07/05/2025 04:40:00 PM,30,TRAFFIC SIGNAL,FUNCTIONING PROPERLY,CLEAR,DAYLIGHT,REAR END,ONE-WAY,,STRAIGHT AND LEVEL,DRY,NO DEFECTS,NOT ON SCENE (DESK REPORT),INJURY AND / OR TOW DUE TO CRASH,,,,"$501 - $1,500",07/05/2025 05:53:00 PM,FOLLOWING TOO CLOSELY,NOT APPLICABLE,394,S,DEARBORN ST,113,,,,,,,2,"REPORTED, NOT EVIDENT",1,0,0,0,1,2,0,16,7,7,41.8769602567,-87.6294106019,POINT (-87.629410601922 41.876960256663)
06f7d7d887a5e9967309f5ac301c47cd5a75bd86af7112ffcc2f98f3585e1dd29dfc1710181bd744ef5ddeecdbb64e9b565e6fa69a229c1022e35f48b15f8453,,07/05/2025 04:30:00 PM,30,TRAFFIC SIGNAL,FUNCTIONING PROPERLY,CLEAR,DAYLIGHT,SIDESWIPE SAME DIRECTION,NOT DIVIDED,,STRAIGHT AND LEVEL,DRY,NO DEFECTS,NOT ON SCENE (DESK REPORT),NO INJURY / DRIVE AWAY,,,,"$501 - $1,500",07/05/2025 06:45:00 PM,IMPROPER OVERTAKING/PASSING,NOT APPLICABLE,1650,W,CHICAGO AVE,1213,,,,,,,2,NO INDICATION OF INJURY,0,0,0,0,0,2,0,16,7,7,41.8961508403,-87.6692504783,POINT (-87.669250478285 41.896150840294)
45a8acccedf7e06ecb88a4316a7fd1e6a543ee622bffaa940052379ff917ac7b59b0dfed4779d7d20fec7ad89adce9a699315a72d078440ec42e1100faff43e7,,07/05/2025 04:30:00 PM,30,NO CONTROLS,NO CONTROLS,CLEAR,DAYLIGHT,SIDESWIPE SAME DIRECTION,NOT DIVIDED,,STRAIGHT AND LEVEL,DRY,NO DEFECTS,NOT ON SCENE (DESK REPORT),NO INJURY / DRIVE AWAY,,,,"$501 - $1,500",07/05/2025 05:12:00 PM,NOT APPLICABLE,NOT APPLICABLE,2600,W,63RD ST,825,,,,,,,2,NO INDICATION OF INJURY,0,0,0,0,0,3,0,16,7,7,41.7792969745,-87.6885860471,POINT (-87.688586047146 41.7792969745)
bf73b18498d4068e1356923be25b6091fac080af036d54c6289f918731391afa0aff13997ac2ef1688ab117df547b9c0582571e39729d75de97307f2571b3549,,07/05/2025 04:30:00 PM,30,NO CONTROLS,NO CONTROLS,CLEAR,DAYLIGHT,REAR END,T-INTERSECTION,,STRAIGHT AND LEVEL,DRY,NO DEFECTS,NOT ON SCENE (DESK REPORT),NO INJURY / DRIVE AWAY,,,,"OVER $1,500",07/06/2025 10:20:00 AM,UNABLE TO DETERMINE,NOT APPLICABLE,1523,W,CHICAGO AVE,1215,,,,,,,2,NO INDICATION OF INJURY,0,0,0,0,0,3,0,16,7,7,41.8959860195,-87.6658140003,POINT (-87.665814000296 41.895986019476)
ddcab1184199f4866592c56ca8a8207a265471fe0fff96a6a90fbbd08c7b97e6cf55a7fc3c589253e12a2d06fb907cbeae79ba7411b334f20ee30fa47a2ec0ea,,07/05/2025 04:30:00 PM,10,NO CONTROLS,NO CONTROLS,CLEAR,DAYLIGHT,REAR TO SIDE,PARKING LOT,,STRAIGHT AND LEVEL,DRY,UNKNOWN,NOT ON SCENE (DESK REPORT),NO INJURY / DRIVE AWAY,,,,"OVER $1,500",07/05/2025 05:15:00 PM,UNABLE TO DETERMINE,NOT APPLICABLE,1615,S,CLARK ST,131,,,,,,,2,NO INDICATION OF INJURY,0,0,0,0,0,2,0,16,7,7,41.8596296773,-87.6301248993,POINT (-87.630124899277 41.859629677313)
4e85ec8d8d1b2d2fb871d7cd57cd62acad2a3563e0e1ecc84e1521ff0a5103b11d42c5fbbeeda929ea1eeeb534e21e606c98735e7016a2d6fd100f0965a81951,,07/05/2025 04:25:00 PM,30,NO CONTROLS,NO CONTROLS,CLEAR,DAYLIGHT,PARKED MOTOR VEHICLE,NOT DIVIDED,,STRAIGHT AND LEVEL,DRY,NO DEFECTS,ON SCENE,NO INJURY / DRIVE AWAY,,,Y,"$501 - $1,500",07/05/2025 04:25:00 PM,NOT APPLICABLE,NOT APPLICABLE,1060,W,ADDISON ST,1923,,,,,,,2,NO INDICATION OF INJURY,0,0,0,0,0,1,0,16,7,7,41.947317489,-87.6564179476,POINT (-87.656417947646 41.947317489015)
8313dfac677a1d33abc1f88da56092c7bac41e05e4ac4f84668f6dc1e5e2e0575fd6ea471b7f2c5266db949deeee9867f9b15b53b1bef9feece48abfe23df89a,,07/05/2025 04:20:00 PM,30,NO CONTROLS,NO CONTROLS,CLEAR,DAYLIGHT,PARKED MOTOR VEHICLE,DIVIDED - W/MEDIAN (NOT RAISED),,STRAIGHT AND LEVEL,DRY,NO DEFECTS,ON SCENE,INJURY AND / OR TOW DUE TO CRASH,,,,"OVER $1,500",07/05/2025 04:20:00 PM,FAILING TO REDUCE SPEED TO AVOID CRASH,UNABLE TO DETERMINE,11306,S,WESTERN AVE,2212,,,,,,,3,NO INDICATION OF INJURY,0,0,0,0,0,1,0,16,7,7,41.6879501026,-87.6811806737,POINT (-87.68118067373 41.687950102629)
c47bbda7d73038b020f18bab3fb720db2d7a4aafd089003a73832f1f14526e6c7d16d429e958be9032f377bbe47cb832c004ad70eabc9c62612a711494ae4795,,07/05/2025 04:20:00 PM,30,TRAFFIC SIGNAL,UNKNOWN,CLEAR,DAYLIGHT,REAR END,FOUR WAY,,STRAIGHT AND LEVEL,UNKNOWN,UNKNOWN,NOT ON SCENE (DESK REPORT),NO INJURY / DRIVE AWAY,,,,"OVER $1,500",07/05/2025 05:00:00 PM,DRIVING SKILLS/KNOWLEDGE/EXPERIENCE,NOT APPLICABLE,5359,N,BROADWAY,2023,,,,,,,2,NO INDICATION OF INJURY,0,0,0,0,0,2,0,16,7,7,41.9798825163,-87.6598180517,POINT (-87.659818051671 41.979882516276)
3ed342a0e28c73a4cbc620568a5844b9410b8d8cae747a029132c2774510e3a626708baf4333fa7a028fc28799ac9c7cddf335dd4a36db73e447d3edad1226f0,,07/05/2025 04:17:00 PM,30,STOP SIGN/FLASHER,NO CONTROLS,CLEAR,DAYLIGHT,REAR END,NOT DIVIDED,,STRAIGHT AND LEVEL,DRY,NO DEFECTS,NOT ON SCENE (DESK REPORT),NO INJURY / DRIVE AWAY,,,,"OVER $1,500",07/05/2025 10:00:00 PM,UNABLE TO DETERMINE,NOT APPLICABLE,10100,S,STATE ST,511,,,,,,,2,NO INDICATION OF INJURY,0,0,0,0,0,2,0,16,7,7,41.7107580639,-87.6237398671,POINT (-87.623739867117 41.710758063875)
4cfa215e1868e4d3c79ce73d989309d0dbba144ac8b58322da11d1196ccd6463a0d8d7b7b916db8480434236d4279dbf32aa4533ead83c831fde1dd2a89bece0,,07/05/2025 04:15:00 PM,30,TRAFFIC SIGNAL,FUNCTIONING PROPERLY,CLEAR,DAYLIGHT,TURNING,FOUR WAY,,STRAIGHT AND LEVEL,DRY,NO DEFECTS,NOT ON SCENE (DESK REPORT),NO INJURY / DRIVE AWAY,Y,,,"$501 - $1,500",07/05/2025 05:54:00 PM,UNABLE TO DETERMINE,UNABLE TO DETERMINE,2,W,ROOSEVELT RD,123,,,,,,,2,NO INDICATION OF INJURY,0,0,0,0,0,2,0,16,7,7,41.8675219371,-87.627522975,POINT (-87.627522975034 41.867521937068)