CRASH_RECORD_ID,CRASH_DATE_EST_I,CRASH_DATE,POSTED_SPEED_LIMIT,TRAFFIC_CONTROL_DEVICE,DEVICE_CONDITION,WEATHER_CONDITION,LIGHTING_CONDITION,FIRST_CRASH_TYPE,TRAFFICWAY_TYPE,LANE_CNT,ALIGNMENT,ROADWAY_SURFACE_COND,ROAD_DEFECT,REPORT_TYPE,CRASH_TYPE,INTERSECTION_RELATED_I,NOT_RIGHT_OF_WAY_I,HIT_AND_RUN_I,DAMAGE,DATE_POLICE_NOTIFIED,PRIM_CONTRIBUTORY_CAUSE,SEC_CONTRIBUTORY_CAUSE,STREET_NO,STREET_DIRECTION,STREET_NAME,BEAT_OF_OCCURRENCE,PHOTOS_TAKEN_I,STATEMENTS_TAKEN_I,DOORING_I,WORK_ZONE_I,WORK_ZONE_TYPE,WORKERS_PRESENT_I,NUM_UNITS,MOST_SEVERE_INJURY,INJURIES_TOTAL,INJURIES_FATAL,INJURIES_INCAPACITATING,INJURIES_NON_INCAPACITATING,INJURIES_REPORTED_NOT_EVIDENT,INJURIES_NO_INDICATION,INJURIES_UNKNOWN,CRASH_HOUR,CRASH_DAY_OF_WEEK,CRASH_MONTH,LATITUDE,LONGITUDE,LOCATION
b07845a465485eafbd0afe1bd8472d240fb3226155ec9fce887118bfc0c74edc1588c80935ec36e459e6377f25b7b477e21cc228e9414ee61ee7ac28e46f8339,,07/05/2025 04:15:00 PM,30,NO CONTROLS,NO CONTROLS,CLEAR,DAYLIGHT,ANGLE,NOT DIVIDED,,STRAIGHT AND LEVEL,DRY,NO DEFECTS,NOT ON SCENE (DESK REPORT),NO INJURY / DRIVE AWAY,Y,,,"OVER $1,500",07/07/2025 01:53:00 PM,UNABLE TO DETERMINE,NOT APPLICABLE,738,N,WESTERN AVE,1221,,,,,,,2,NO INDICATION OF INJURY,0,0,0,0,0,2,0,16,7,7,41.8950610983,-87.6869724392,POINT (-87.6869724392 41.895061098259)
141f677957052cafc0adfa39005de51c6a91f6066437afa165be0d981c84a9bf3d3427aca7d6cb55a95c0244070ea96a63ff90c91a6f10f479fa16926dab14be,,07/05/2025 04:05:00 PM,30,UNKNOWN,UNKNOWN,UNKNOWN,UNKNOWN,SIDESWIPE SAME DIRECTION,DIVIDED - W/MEDIAN (NOT RAISED),,STRAIGHT AND LEVEL,UNKNOWN,UNKNOWN,NOT ON SCENE (DESK REPORT),NO INJURY / DRIVE AWAY,,,,"OVER $1,500",07/05/2025 05:25:00 PM,IMPROPER OVERTAKING/PASSING,UNABLE TO DETERMINE,5733,N,SHERIDAN RD,2022,,,,,,,2,NO INDICATION OF INJURY,0,0,0,0,0,2,0,16,7,7,41.9865369189,-87.6551381759,POINT (-87.655138175859 41.986536918913)
02d306f361a0f4c84ffa9fe3948be4e6181401663dcc2f2d3bc2f199f03ac19772ff183ded4b529b5262b4ff990c7af073c70c8862950ce4e03d96de8440f05b,,07/05/2025 04:01:00 PM,30,NO CONTROLS,NO CONTROLS,CLEAR,DAYLIGHT,PARKED MOTOR VEHICLE,NOT DIVIDED,,STRAIGHT AND LEVEL,DRY,NO DEFECTS,NOT ON SCENE (DESK REPORT),NO INJURY / DRIVE AWAY,,,Y,"OVER $1,500",07/06/2025 05:50:00 PM,UNABLE TO DETERMINE,UNABLE TO DETERMINE,3124,N,PARKSIDE AVE,2514,,,,,,,2,NO INDICATION OF INJURY,0,0,0,0,0,1,0,16,7,7,41.9375016923,-87.7678234155,POINT (-87.767823415531 41.937501692258)
18ae6cceb8b09af3132669a267cea6f27dfdd20904b7eeabac9ee7fec754e929d6fe0c65166bd25fd61e4983d1150eb6f72d049225be910292865c7491f405d5,,07/05/2025 04:01:00 PM,20,STOP SIGN/FLASHER,FUNCTIONING PROPERLY,CLEAR,DAYLIGHT,ANGLE,NOT DIVIDED,,STRAIGHT AND LEVEL,DRY,NO DEFECTS,ON SCENE,INJURY AND / OR TOW DUE TO CRASH,Y,,,"OVER $1,500",07/05/2025 04:05:00 PM,FAILING TO REDUCE SPEED TO AVOID CRASH,DISREGARDING TRAFFIC SIGNALS,1400,W,MARQUETTE RD,725,,,,,,,2,"REPORTED, NOT EVIDENT",3,0,0,0,3,0,0,16,7,7,41.7723714335,-87.6592296705,POINT (-87.659229670486 41.772371433514)
0a01de91a53a50bc91016cd3f757d03b099e9f27f360d1426d33a05d399f7e313f2990eb1a80343582a704e988768fe7e162f955f46a5fefa9f707af58ac2572,Y,07/05/2025 04:00:00 PM,30,NO CONTROLS,NO CONTROLS,CLEAR,DAYLIGHT,PARKED MOTOR VEHICLE,ONE-WAY,,STRAIGHT AND LEVEL,DRY,UNKNOWN,NOT ON SCENE (DESK REPORT),NO INJURY / DRIVE AWAY,,,Y,"OVER $1,500",07/07/2025 04:50:00 PM,UNABLE TO DETERMINE,NOT APPLICABLE,3411,W,DICKENS AVE,1413,Y,,,,,,2,NO INDICATION OF INJURY,0,0,0,0,0,1,0,16,7,7,41.9190493649,-87.7124198405,POINT (-87.71241984048 41.919049364856)
6d414d4a561e51b84c8d07afb5d6566c63e51ed7a165d82997f4c15e9d461e0a84cbbf69474f9ad6ec6f986930fe006946532961c7976287e1fbed1edf6d0426,Y,07/05/2025 04:00:00 PM,25,UNKNOWN,UNKNOWN,CLEAR,DAYLIGHT,PARKED MOTOR VEHICLE,DIVIDED - W/MEDIAN (NOT RAISED),,STRAIGHT AND LEVEL,DRY,NO DEFECTS,NOT ON SCENE (DESK REPORT),NO INJURY / DRIVE AWAY,,,Y,"OVER $1,500",07/06/2025 08:30:00 AM,UNABLE TO DETERMINE,UNABLE TO DETERMINE,2420,N,FAIRFIELD AVE,1431,,,,,,,2,NO INDICATION OF INJURY,0,0,0,0,0,1,0,16,7,7,41.9255723779,-87.6963646359,POINT (-87.6963646359 41.925572377873)
ec78ba23ec58aaf66a640631750d22ec34d16fd12720074abb99b9e81edbec0cc0fd1aabf779281138c4a321e2f4ca6ecf5916d2128d3ee6b06039e981b09a4b,,07/05/2025 04:00:00 PM,30,NO CONTROLS,NO CONTROLS,CLEAR,"DARKNESS, LIGHTED ROAD",PARKED MOTOR VEHICLE,DIVIDED - W/MEDIAN (NOT RAISED),,STRAIGHT AND LEVEL,DRY,UNKNOWN,NOT ON SCENE (DESK REPORT),NO INJURY / DRIVE AWAY,N,,Y,"$501 - $1,500",07/05/2025 11:10:00 PM,UNABLE TO DETERMINE,UNABLE TO DETERMINE,2412,W,NORTH AVE,1434,,,,,,,2,NO INDICATION OF INJURY,0,0,0,0,0,1,0,16,7,7,41.9104235853,-87.6877917476,POINT (-87.687791747637 41.910423585331)
1b9ebe8962a9b58cefa506d536b158970555853bfba1f7cd53f14b6ec5afa28a824ce754ce6112d0c714fa6e6ca635020bc3d4cc446b4d90361f622097359492,,07/05/2025 03:55:00 PM,30,NO CONTROLS,NO CONTROLS,CLEAR,DAYLIGHT,REAR END,OTHER,,STRAIGHT AND LEVEL,OTHER,NO DEFECTS,NOT ON SCENE (DESK REPORT),NO INJURY / DRIVE AWAY,,,,"$501 - $1,500",07/05/2025 04:10:00 PM,UNABLE TO DETERMINE,NOT APPLICABLE,4750,S,ARCHER AVE,821,,,,,,,2,NO INDICATION OF INJURY,0,0,0,0,0,2,0,15,7,7,41.8071794738,-87.7157688717,POINT (-87.715768871737 41.807179473772)
0f5a5d6f088bc250e296bd63b5ce0e6ff05aafc552b66e02a7758b77124773c232d7b0807f55a01d831b1eee8c1bc9fc7c6e3c0a9b3cce7de63423c9f814c62e,,07/05/2025 03:48:00 PM,35,STOP SIGN/FLASHER,FUNCTIONING PROPERLY,CLEAR,DAYLIGHT,ANGLE,DIVIDED - W/MEDIAN (NOT RAISED),,STRAIGHT AND LEVEL,DRY,NO DEFECTS,NOT ON SCENE (DESK REPORT),NO INJURY / DRIVE AWAY,,,,$500 OR LESS,07/06/2025 10:50:00 AM,FAILING TO YIELD RIGHT-OF-WAY,UNABLE TO DETERMINE,1900,S,WESTERN AVE,1023,,,,,,,2,NO INDICATION OF INJURY,0,0,0,0,0,3,0,15,7,7,41.8556625058,-87.6858834525,POINT (-87.685883452458 41.855662505787)
3b95a4871ed7da8444564bb97b2d1c649a36735c564888d866e39ff596adf6a606d7acfa153dedd27ab33400ab1989dcded06e6a2b6af22eaecc69195b4d2a7d,,07/05/2025 03:45:00 PM,10,NO CONTROLS,NO CONTROLS,CLEAR,DAYLIGHT,PARKED MOTOR VEHICLE,PARKING LOT,,STRAIGHT AND LEVEL,UNKNOWN,UNKNOWN,NOT ON SCENE (DESK REPORT),NO INJURY / DRIVE AWAY,,Y,,"OVER $1,500",07/05/2025 07:24:00 PM,DRIVING SKILLS/KNOWLEDGE/EXPERIENCE,NOT APPLICABLE,2112,W,PETERSON AVE,2413,,,,,,,2,NO INDICATION OF INJURY,0,0,0,0,0,2,0,15,7,7,41.990729218,-87.6829794536,POINT (-87.682979453599 41.990729217961)
1966fa524079597aacf9d473f1bb00180dc10e85a6e77f9e9ec1283855d24320e276f957fa4f8ecda4a368f75c62bddc0027d40f38d13372dcd5728d49270c19,,07/05/2025 03:40:00 PM,30,TRAFFIC SIGNAL,FUNCTIONING PROPERLY,CLEAR,DAYLIGHT,REAR END,DIVIDED - W/MEDIAN (NOT RAISED),,STRAIGHT AND LEVEL,DRY,NO DEFECTS,NOT ON SCENE (DESK REPORT),NO INJURY / DRIVE AWAY,,,,"OVER $1,500",07/05/2025 04:50:00 PM,UNABLE TO DETERMINE,NOT APPLICABLE,5001,S,CICERO AVE,815,,,,,,,3,NO INDICATION OF INJURY,0,0,0,0,0,4,0,15,7,7,41.8020598062,-87.7428544963,POINT (-87.742854496301 41.802059806152)
f119a4b908c4e103bac1b4259b235d44ba1f49429e4b0253650210262dc1f219c3769e6bd42a794495dc827b4b8e78b44bdd7448b91bfa701d365dfa6c1dfcae,,07/05/2025 03:35:00 PM,30,NO CONTROLS,NO CONTROLS,CLEAR,DAYLIGHT,SIDESWIPE SAME DIRECTION,ONE-WAY,,STRAIGHT AND LEVEL,DRY,NO DEFECTS,NOT ON SCENE (DESK REPORT),NO INJURY / DRIVE AWAY,,,,"OVER $1,500",07/10/2025 10:50:00 AM,FAILING TO YIELD RIGHT-OF-WAY,FAILING TO YIELD RIGHT-OF-WAY,55,E,GRAND AVE,1834,,,,,,,2,NO INDICATION OF INJURY,0,0,0,0,0,2,0,15,7,7,41.8915907411,-87.6258671372,POINT (-87.625867137245 41.891590741084)
0eae9903b1c81fc1cd7bcb64bd9ed7f092c7bf2d84c8cdf61f8d254992ad243714e63f570a9362aad564d14a2dc81305f535613d3bbde7305e389e430b12c310,,07/05/2025 03:30:00 PM,30,TRAFFIC SIGNAL,FUNCTIONING PROPERLY,CLEAR,DAYLIGHT,PEDALCYCLIST,NOT DIVIDED,,STRAIGHT AND LEVEL,DRY,NO DEFECTS,NOT ON SCENE (DESK REPORT),NO INJURY / DRIVE AWAY,,,,"$501 - $1,500",07/05/2025 04:30:00 PM,FAILING TO YIELD RIGHT-OF-WAY,UNABLE TO DETERMINE,101,E,WACKER DR,114,,,,,,,2,NO INDICATION OF INJURY,0,0,0,0,0,2,0,15,7,7,41.888079727,-87.6244260468,POINT (-87.624426046778 41.88807972703)
60dbc1849b331246db4701453fd88d0938a47a20d3527e19276dc27fd0a81fc9292abc65ca4850dba9a33bc8d9dd773f5db2ed123620b2604bc4a3a626a87fdd,,07/05/2025 03:30:00 PM,30,NO CONTROLS,NO CONTROLS,CLEAR,DAYLIGHT,TURNING,NOT DIVIDED,,STRAIGHT AND LEVEL,DRY,NO DEFECTS,NOT ON SCENE (DESK REPORT),NO INJURY / DRIVE AWAY,,,,"OVER $1,500",07/06/2025 03:50:00 PM,UNABLE TO DETERMINE,NOT APPLICABLE,530,W,GRAND AVE,1214,,,,,,,2,NO INDICATION OF INJURY,0,0,0,0,0,2,0,15,7,7,41.8914766178,-87.6417737785,POINT (-87.641773778537 41.891476617764)
81422815c9c1004f50a03f51012e0cc2e26576decaa343198d2ae191f9b914f990d53fbd515453113ebf2744d713ab169762cda4979d362c4e7a5fc4fb639578,,07/05/2025 03:30:00 PM,30,NO CONTROLS,NO CONTROLS,CLEAR,DAYLIGHT,REAR END,NOT DIVIDED,,STRAIGHT AND LEVEL,DRY,NO DEFECTS,NOT ON SCENE (DESK REPORT),NO INJURY / DRIVE AWAY,,,Y,"$501 - $1,500",07/05/2025 04:08:00 PM,UNABLE TO DETERMINE,UNABLE TO DETERMINE,5632,W,NORTH AVE,2531,,,,,,,2,NO INDICATION OF INJURY,0,0,0,0,0,2,0,15,7,7,41.9094745995,-87.7667619219,POINT (-87.766761921893 41.909474599529)
f772522f57aea11f3b5f1dac59742c47546ff71a6c1dd759ed80b0400de8bf5f280b019800cd33eefb8af8052f71a7fe14a56122e8d90542fc84feb58f2495b3,,07/05/2025 03:30:00 PM,30,NO CONTROLS,NO CONTROLS,CLEAR,DAYLIGHT,TURNING,NOT DIVIDED,,STRAIGHT AND LEVEL,DRY,NO DEFECTS,NOT ON SCENE (DESK REPORT),NO INJURY / DRIVE AWAY,,,Y,"OVER $1,500",07/05/2025 05:20:00 PM,UNABLE TO DETERMINE,UNABLE TO DETERMINE,7047,S,STATE ST,322,,,,,,,2,NO INDICATION OF INJURY,0,0,0,0,0,2,0,15,7,7,41.7660256051,-87.6247763257,POINT (-87.624776325687 41.766025605135)
251ba39446b71ed88be7105b8022ddb769bd6a10039559deb1386e5a883abfc84252285cf43e9ab3bd405146b432352656a2e985c63035b391d2ea2e617e10db,Y,07/05/2025 03:20:00 PM,30,STOP SIGN/FLASHER,NO CONTROLS,CLEAR,DAYLIGHT,TURNING,T-INTERSECTION,,STRAIGHT AND LEVEL,UNKNOWN,UNKNOWN,NOT ON SCENE (DESK REPORT),NO INJURY / DRIVE AWAY,Y,,Y,"OVER $1,500",07/05/2025 04:10:00 PM,UNABLE TO DETERMINE,UNABLE TO DETERMINE,4600,W,JACKSON BLVD,1113,,,,,,,2,NO INDICATION OF INJURY,0,0,0,0,0,2,0,15,7,7,41.8770121007,-87.7406052819,POINT (-87.740605281946 41.87701210068)
d29bd9553cf960df1f652a988576bb96cc7ef7e391de053a3c035fda34d6365cb9548db762bec7d7b5ed8ab3412e8c2a5414880b44239327a11af66269a3a80c,,07/05/2025 03:20:00 PM,30,TRAFFIC SIGNAL,FUNCTIONING PROPERLY,CLEAR,DAYLIGHT,TURNING,NOT DIVIDED,,STRAIGHT AND LEVEL,DRY,NO DEFECTS,NOT ON SCENE (DESK REPORT),NO INJURY / DRIVE AWAY,,,,"OVER $1,500",07/05/2025 05:00:00 PM,TURNING RIGHT ON RED,IMPROPER TURNING/NO SIGNAL,547,E,ILLINOIS ST,1834,,,,,,,2,NO INDICATION OF INJURY,0,0,0,0,0,2,0,15,7,7,41.8910310962,-87.6125128733,POINT (-87.612512873287 41.891031096216)
e0a82e28e11ad5b357815883dc96f4a217332d6de4f7bff26008096d9cf1aba8da548492df8dbfab37c106a4b5910c26a104f28293609fde346aedb15cc333f1,,07/05/2025 03:15:00 PM,30,NO CONTROLS,NO CONTROLS,CLEAR,DAYLIGHT,PARKED MOTOR VEHICLE,DRIVEWAY,,STRAIGHT AND LEVEL,DRY,NO DEFECTS,NOT ON SCENE (DESK REPORT),NO INJURY / DRIVE AWAY,,,,"OVER $1,500",07/05/2025 03:30:00 PM,UNABLE TO DETERMINE,NOT APPLICABLE,3350,N,LAKE SHORE DR,1925,,,,,,,2,NO INDICATION OF INJURY,0,0,0,0,0,1,0,15,7,7,41.9432755613,-87.6406182428,POINT (-87.640618242849 41.94327556132)
a4e75911a521ee12d11a0ec9ba76b481a5a98cd62ac0068e79d688f9e735b32cd5ac7c44d24245cdbb226b49a1cffd0f2d25665aef684048fcc065a80fc6020a,,07/05/2025 03:10:00 PM,30,TRAFFIC SIGNAL,FUNCTIONING PROPERLY,CLEAR,DAYLIGHT,REAR END,NOT DIVIDED,,STRAIGHT AND LEVEL,DRY,NO DEFECTS,ON SCENE,NO INJURY / DRIVE AWAY,,,,"OVER $1,500",07/05/2025 03:20:00 PM,FOLLOWING TOO CLOSELY,FOLLOWING TOO CLOSELY,5011,W,LAKE ST,1532,,,,,,,2,NO INDICATION OF INJURY,0,0,0,0,0,2,0,15,7,7,41.8868303399,-87.7509176461,POINT (-87.750917646075 41.886830339864)
8a2a2c19ea2461b4aa601c199ad173cab9bd86ed93bb4e607f07966cc7f480eaec464e42dc9114549bb508227ba5c39acc86771911da9c150ee013a6f1946038,,07/05/2025 03:05:00 PM,30,NO CONTROLS,UNKNOWN,CLEAR,DAYLIGHT,SIDESWIPE SAME DIRECTION,DIVIDED - W/MEDIAN BARRIER,,STRAIGHT AND LEVEL,DRY,UNKNOWN,,NO INJURY / DRIVE AWAY,,,N,"OVER $1,500",07/05/2025 03:40:00 PM,IMPROPER LANE USAGE,NOT APPLICABLE,140,W,WACKER DR,122,,,,,,,2,NO INDICATION OF INJURY,0,0,0,0,0,7,0,15,7,7,41.887039984,-87.6321892144,POINT (-87.632189214385 41.887039984032)
1ff75a2454d05ce7eaf3fc78a791c281a348e6f0419024e1f52d137166909ee0285bdcb70c000a7d9a3e17b5257aef85099f514303b27ac349303febff1d896e,,07/05/2025 03:00:00 PM,30,TRAFFIC SIGNAL,FUNCTIONING PROPERLY,CLEAR,DAYLIGHT,ANGLE,FOUR WAY,,STRAIGHT AND LEVEL,DRY,NO DEFECTS,ON SCENE,INJURY AND / OR TOW DUE TO CRASH,Y,,,"OVER $1,500",07/05/2025 03:05:00 PM,FAILING TO REDUCE SPEED TO AVOID CRASH,NOT APPLICABLE,10067,S,INDIANAPOLIS AVE,432,,,,,,,3,"REPORTED, NOT EVIDENT",1,0,0,0,1,5,0,15,7,7,41.7120899957,-87.5343086423,POINT (-87.534308642295 41.712089995726)
590bfd6bba9cd96bc318910892da0c2db0d09964e0641f7d9989a522ece37365b007d316a723e2d3aeac9c196c60b5eb957f9b3e16e621025632701e5366dac0,Y,07/05/2025 03:00:00 PM,25,NO CONTROLS,NO CONTROLS,CLEAR,DAYLIGHT,PARKED MOTOR VEHICLE,ONE-WAY,,STRAIGHT AND LEVEL,DRY,NO DEFECTS,NOT ON SCENE (DESK REPORT),NO INJURY / DRIVE AWAY,,,Y,"OVER $1,500",07/05/2025 04:00:00 PM,NOT APPLICABLE,NOT APPLICABLE,4101,W,BERTEAU AVE,1722,,,,,,,2,NO INDICATION OF INJURY,0,0,0,0,0,1,0,15,7,7,41.9571727653,-87.729401725,POINT (-87.729401725029 41.957172765266)
74c599e536d552fa229b9fc8dcd4052d43e9ec299d6850734adf2022ad2a636a088a5738ba0aa1e0329b9fd5da65d5aff75e24a35552eabb10dd587c95320660,,07/05/2025 03:00:00 PM,35,NO CONTROLS,NO CONTROLS,CLEAR,DAYLIGHT,PARKED MOTOR VEHICLE,PARKING LOT,,STRAIGHT AND LEVEL,DRY,NO DEFECTS,NOT ON SCENE (DESK REPORT),NO INJURY / DRIVE AWAY,,,,"$501 - $1,500",07/07/2025 01:31:00 PM,IMPROPER BACKING,IMPROPER BACKING,400,E,LOWER WACKER DR,114,,,,,,,2,NO INDICATION OF INJURY,0,0,0,0,0,1,0,15,7,7,41.8875511317,-87.6173560083,POINT (-87.617356008287 41.8875511317)
d64fb7f4b3cbfec83681685faabebfdcdf25f83d80ae41d79914b56080e9fd399cd679324ae61fbd61c801656c912175cb703fb610ce918de67d9063c5fdfaf1,,07/05/2025 03:00:00 PM,30,TRAFFIC SIGNAL,FUNCTIONING PROPERLY,CLEAR,DAYLIGHT,REAR END,NOT DIVIDED,,STRAIGHT AND LEVEL,DRY,UNKNOWN,NOT ON SCENE (DESK REPORT),NO INJURY / DRIVE AWAY,Y,,,$500 OR LESS,07/05/2025 10:40:00 PM,UNABLE TO DETERMINE,NOT APPLICABLE,3799,W,IRVING PARK RD,1732,,,,,,,2,NO INDICATION OF INJURY,0,0,0,0,0,5,0,15,7,7,41.9536166111,-87.7226472548,POINT (-87.722647254805 41.953616611118)
ffa73685f432606f094e9a1938fe86d77483c6f620865947dc71c445bdbced78bdfe5b335edede8ad4219d63d14472cefd0b262820b8122d0a8e5c9f197a315e,,07/05/2025 03:00:00 PM,15,UNKNOWN,UNKNOWN,UNKNOWN,UNKNOWN,REAR TO SIDE,ALLEY,,STRAIGHT AND LEVEL,UNKNOWN,UNKNOWN,NOT ON SCENE (DESK REPORT),NO INJURY / DRIVE AWAY,,,,"OVER $1,500",07/05/2025 07:00:00 PM,FAILING TO YIELD RIGHT-OF-WAY,UNABLE TO DETERMINE,2116,W,DEVON AVE,2412,,,,,,,2,NO INDICATION OF INJURY,0,0,0,0,0,2,0,15,7,7,41.9979505521,-87.6833148209,POINT (-87.683314820895 41.997950552134)
a7518035b2c7f249d3e24796213b35e34ca9ab958a15b6236f8c4730fbb0adae7468573e82008b543edbbbb3fcb1752d1aacf6915331a2523fb38b462bc1961e,,07/05/2025 02:57:00 PM,30,UNKNOWN,UNKNOWN,CLEAR,DAYLIGHT,SIDESWIPE SAME DIRECTION,NOT DIVIDED,,STRAIGHT AND LEVEL,UNKNOWN,UNKNOWN,NOT ON SCENE (DESK REPORT),NO INJURY / DRIVE AWAY,,,,"OVER $1,500",07/05/2025 03:30:00 PM,UNABLE TO DETERMINE,NOT APPLICABLE,2320,W,DIVERSEY AVE,1432,,,,,,,2,NO INDICATION OF INJURY,0,0,0,0,0,2,0,14,7,7,41.9322963971,-87.6863383784,POINT (-87.686338378392 41.932296397136)
28825a33ca3468b1fc69498506e3fe1b65a7a31b70f44a2ca8b89d22de405f9b41f6223ee2d1d061f2cf395f3bbd34016ad813ae7818a229f68775028bd7276e,,07/05/2025 02:55:00 PM,30,TRAFFIC SIGNAL,FUNCTIONING PROPERLY,CLEAR,DAYLIGHT,TURNING,UNKNOWN INTERSECTION TYPE,,STRAIGHT AND LEVEL,DRY,NO DEFECTS,NOT ON SCENE (DESK REPORT),NO INJURY / DRIVE AWAY,Y,,,"$501 - $1,500",07/05/2025 04:29:00 PM,UNABLE TO DETERMINE,UNABLE TO DETERMINE,490,E,ILLINOIS ST,1834,,,,,,,2,NO INDICATION OF INJURY,0,0,0,0,0,3,0,14,7,7,41.8912046926,-87.6153024813,POINT (-87.615302481331 41.891204692588)
8ce37433c09b32bb34fcb02e50a54c9490706adb9acb651298f0363ef1f630517140ae9654998a71ac904c097c7f62863087fcda20c806fda78155a882ccfda1,,07/05/2025 02:52:00 PM,30,NO CONTROLS,NO CONTROLS,CLEAR,DAYLIGHT,PEDALCYCLIST,NOT DIVIDED,,STRAIGHT AND LEVEL,DRY,NO DEFECTS,NOT ON SCENE (DESK REPORT),INJURY AND / OR TOW DUE TO CRASH,,,,"OVER $1,500",07/05/2025 03:24:00 PM,UNABLE TO DETERMINE,NOT APPLICABLE,1145,W,WILSON AVE,1913,,,Y,,,,2,NONINCAPACITATING INJURY,1,0,0,1,0,0,0,14,7,7,41.965267395,-87.6592379773,POINT (-87.659237977312 41.965267394985)
f5472673186b3adab6005646e05a3a10103b5d8dca47b18ebc406acd913acb1a2146edc388e6b27545930ae2c861610d097bacf6fc8be938f622070b8fd8e3c8,,07/05/2025 02:47:00 PM,30,TRAFFIC SIGNAL,FUNCTIONING PROPERLY,CLEAR,DAYLIGHT,PEDALCYCLIST,FOUR WAY,,STRAIGHT AND LEVEL,DRY,NO DEFECTS,ON SCENE,INJURY AND / OR TOW DUE TO CRASH,Y,,Y,"OVER $1,500",07/05/2025 02:49:00 PM,FAILING TO YIELD RIGHT-OF-WAY,FAILING TO YIELD RIGHT-OF-WAY,6300,S,HALSTED ST,723,,,,,,,2,INCAPACITATING INJURY,1,0,1,0,0,1,0,14,7,7,41.7796575004,-87.6449309928,POINT (-87.644930992789 41.779657500363)
289aac1c33339626511bd53b79b1329ded3b4248712d5db3bd50c49eb56715240938506b2aa618059eb7aa8908b7ce43ae5668ea25569e5c7e32f53d7e155860,,07/05/2025 02:39:00 PM,30,NO CONTROLS,NO CONTROLS,CLEAR,DAYLIGHT,REAR END,NOT DIVIDED,,STRAIGHT AND LEVEL,DRY,NO DEFECTS,NOT ON SCENE (DESK REPORT),NO INJURY / DRIVE AWAY,,,,"OVER $1,500",07/05/2025 03:00:00 PM,UNABLE TO DETERMINE,NOT APPLICABLE,949,W,LAWRENCE AVE,1914,,,,,,,2,NO INDICATION OF INJURY,0,0,0,0,0,2,0,14,7,7,41.9689864928,-87.6543429001,POINT (-87.654342900078 41.968986492794)
7fd1675898789d6cf64d0863f6733fd4bde430d139c9282548d8efae36bbbb4871bde86be9a9e5ba7d3833810034cbb006558e0c11c7664ed8326459b783506c,,07/05/2025 02:36:00 PM,30,STOP SIGN/FLASHER,UNKNOWN,CLEAR,DAYLIGHT,TURNING,FOUR WAY,,STRAIGHT AND LEVEL,UNKNOWN,UNKNOWN,NOT ON SCENE (DESK REPORT),INJURY AND / OR TOW DUE TO CRASH,Y,,,"OVER $1,500",07/05/2025 04:54:00 PM,FAILING TO YIELD RIGHT-OF-WAY,DISREGARDING YIELD SIGN,233,W,SUPERIOR ST,1831,,,,,,,2,NO INDICATION OF INJURY,0,0,0,0,0,2,0,14,7,7,41.8954634394,-87.6355994926,POINT (-87.635599492639 41.895463439405)
30f49eabd2dc0190f555e7eec91d5f5678ebaf86c3d8a4126c9684b741069bc3690353ef856fee70b825b2b102896d4a96de37f4730ad158edfe565d4a1e8e9e,,07/05/2025 02:30:00 PM,20,NO CONTROLS,NO CONTROLS,UNKNOWN,UNKNOWN,REAR TO SIDE,ALLEY,,STRAIGHT AND LEVEL,UNKNOWN,UNKNOWN,NOT ON SCENE (DESK REPORT),NO INJURY / DRIVE AWAY,,,,"OVER $1,500",07/08/2025 05:39:00 PM,IMPROPER BACKING,IMPROPER BACKING,2340,W,DEVON AVE,2412,,,,,,,2,NO INDICATION OF INJURY,0,0,0,0,0,2,0,14,7,7,41.9978536894,-87.6890642657,POINT (-87.689064265692 41.997853689438)
45322c4e4630c982c66685daba8f8f2cdee13bf460fcb91e726c0d390abcb0ec932653059f14660af501146805948dec267382d6bc5fddb184df765bf2e3d510,,07/05/2025 02:30:00 PM,30,NO CONTROLS,NO CONTROLS,CLEAR,DAYLIGHT,PARKED MOTOR VEHICLE,ONE-WAY,,STRAIGHT AND LEVEL,DRY,NO DEFECTS,NOT ON SCENE (DESK REPORT),NO INJURY / DRIVE AWAY,,,,"OVER $1,500",07/05/2025 03:00:00 PM,UNABLE TO DETERMINE,NOT APPLICABLE,2000,N,ST LOUIS AVE,1413,,,,,,,2,NO INDICATION OF INJURY,0,0,0,0,0,1,0,14,7,7,41.917382739,-87.7136586084,POINT (-87.713658608367 41.917382739003)
a36744c1736bd6ea026c0570f947896971407d21e52fc679d2738fef0ac36ff697138154e4d38fc4c368360b63f037cb953c1249360f873caf0a0d858bc705ec,,07/05/2025 02:30:00 PM,30,STOP SIGN/FLASHER,FUNCTIONING PROPERLY,CLEAR,DAYLIGHT,ANGLE,NOT DIVIDED,,STRAIGHT AND LEVEL,DRY,NO DEFECTS,NOT ON SCENE (DESK REPORT),NO INJURY / DRIVE AWAY,,,,"OVER $1,500",07/05/2025 02:57:00 PM,FAILING TO YIELD RIGHT-OF-WAY,NOT APPLICABLE,2832,W,55TH ST,923,,,,,,,3,NO INDICATION OF INJURY,0,0,0,0,0,3,0,14,7,7,41.7937783907,-87.6950823915,POINT (-87.695082391515 41.793778390724)