CRASH_RECORD_ID,CRASH_DATE_EST_I,CRASH_DATE,POSTED_SPEED_LIMIT,TRAFFIC_CONTROL_DEVICE,DEVICE_CONDITION,WEATHER_CONDITION,LIGHTING_CONDITION,FIRST_CRASH_TYPE,TRAFFICWAY_TYPE,LANE_CNT,ALIGNMENT,ROADWAY_SURFACE_COND,ROAD_DEFECT,REPORT_TYPE,CRASH_TYPE,INTERSECTION_RELATED_I,NOT_RIGHT_OF_WAY_I,HIT_AND_RUN_I,DAMAGE,DATE_POLICE_NOTIFIED,PRIM_CONTRIBUTORY_CAUSE,SEC_CONTRIBUTORY_CAUSE,STREET_NO,STREET_DIRECTION,STREET_NAME,BEAT_OF_OCCURRENCE,PHOTOS_TAKEN_I,STATEMENTS_TAKEN_I,DOORING_I,WORK_ZONE_I,WORK_ZONE_TYPE,WORKERS_PRESENT_I,NUM_UNITS,MOST_SEVERE_INJURY,INJURIES_TOTAL,INJURIES_FATAL,INJURIES_INCAPACITATING,INJURIES_NON_INCAPACITATING,INJURIES_REPORTED_NOT_EVIDENT,INJURIES_NO_INDICATION,INJURIES_UNKNOWN,CRASH_HOUR,CRASH_DAY_OF_WEEK,CRASH_MONTH,LATITUDE,LONGITUDE,LOCATION
d26ac74218403ae8da88713c20227855b959e2c7a2b8f8c6a05750292355638b4ead59d384eb58dd908e237ed98cfa4c74e0e4b47428508c74fa56b8b8f813a2,,07/05/2025 02:30:00 PM,30,TRAFFIC SIGNAL,FUNCTIONING PROPERLY,CLEAR,DAYLIGHT,REAR END,NOT DIVIDED,,STRAIGHT AND LEVEL,DRY,NO DEFECTS,,NO INJURY / DRIVE AWAY,,,Y,"OVER $1,500",07/05/2025 02:53:00 PM,FOLLOWING TOO CLOSELY,FOLLOWING TOO CLOSELY,10133,S,HALSTED ST,2232,,,,,,,2,NO INDICATION OF INJURY,0,0,0,0,0,3,0,14,7,7,41.7095648477,-87.6427549161,POINT (-87.642754916055 41.70956484767)
f7ec16cfebd1f6db34be24e6ac97368e599c2a7de4ff0a46ad90d9a7459a512970690a5a0a9f0231bb6cfcf44546c748411d4e02d3abaa13600ffa672a8010a1,,07/05/2025 02:30:00 PM,30,NO CONTROLS,NO CONTROLS,CLEAR,DAYLIGHT,PARKED MOTOR VEHICLE,NOT DIVIDED,,STRAIGHT AND LEVEL,DRY,NO DEFECTS,NOT ON SCENE (DESK REPORT),NO INJURY / DRIVE AWAY,,,,"OVER $1,500",07/05/2025 03:50:00 PM,UNABLE TO DETERMINE,NOT APPLICABLE,2418,N,KILPATRICK AVE,2521,,,,,,,2,NO INDICATION OF INJURY,0,0,0,0,0,1,0,14,7,7,41.924941519,-87.7440351781,POINT (-87.744035178058 41.924941518986)
1572f9a7bc5ce742caaf1313aabf8c7c8e1c81c123ca28124f2be9014a30d8d617adceda44e1d1811185941c9b5c4f563a9e28f94fa5e716c90a8b974b5fe786,,07/05/2025 02:25:00 PM,30,NO CONTROLS,NO CONTROLS,CLEAR,DAYLIGHT,PARKED MOTOR VEHICLE,ONE-WAY,,STRAIGHT AND LEVEL,DRY,NO DEFECTS,NOT ON SCENE (DESK REPORT),NO INJURY / DRIVE AWAY,,,Y,"OVER $1,500",07/05/2025 06:00:00 PM,NOT APPLICABLE,NOT APPLICABLE,6405,S,RICHMOND ST,823,,,,,,,2,NO INDICATION OF INJURY,0,0,0,0,0,1,0,14,7,7,41.7770356351,-87.6968500652,POINT (-87.696850065224 41.777035635084)
e2cff2efb052b02976dfe4059ea83188296926c1987b9b7b6236e6cc31e5a9b13b79f9f1c5c874c62f167d60cb6c69326cf6ea7011f46905db6694264ec742e9,,07/05/2025 02:22:00 PM,30,TRAFFIC SIGNAL,UNKNOWN,CLEAR,DAYLIGHT,REAR END,NOT DIVIDED,,STRAIGHT AND LEVEL,DRY,UNKNOWN,NOT ON SCENE (DESK REPORT),INJURY AND / OR TOW DUE TO CRASH,,,,"OVER $1,500",07/05/2025 02:50:00 PM,FOLLOWING TOO CLOSELY,FOLLOWING TOO CLOSELY,8300,S,STONY ISLAND AVE,412,,,,,,,2,NO INDICATION OF INJURY,0,0,0,0,0,2,0,14,7,7,41.744151639,-87.585945067,POINT (-87.585945066953 41.744151639042)
c153e27e33478fc880ab77ce4e1a36f50589df6b3b404dc88b4faa4303b1aa1a6c5bfae99e9b2ff899200c3de335fd3932e1a31aabf0a6f5ff19bfbe752badaf,,07/05/2025 02:20:00 PM,10,NO CONTROLS,NO CONTROLS,CLEAR,DAYLIGHT,ANGLE,PARKING LOT,,STRAIGHT AND LEVEL,DRY,NO DEFECTS,NOT ON SCENE (DESK REPORT),NO INJURY / DRIVE AWAY,,Y,,"OVER $1,500",07/05/2025 04:37:00 PM,NOT APPLICABLE,NOT APPLICABLE,7971,S,CICERO AVE,834,,,,,,,2,NO INDICATION OF INJURY,0,0,0,0,0,6,0,14,7,7,41.7476819983,-87.7411572663,POINT (-87.741157266283 41.74768199829)
0dde2a6b6edc62410123926ca09cee49cff971ffcc821cbc0998a9e89d4e2a1ac769e4eddee527faccebf1d633744f98096fa099d445c964e693107f6d114eeb,,07/05/2025 02:15:00 PM,15,NO CONTROLS,NO CONTROLS,CLEAR,DAYLIGHT,PARKED MOTOR VEHICLE,PARKING LOT,,STRAIGHT AND LEVEL,DRY,NO DEFECTS,NOT ON SCENE (DESK REPORT),NO INJURY / DRIVE AWAY,,,Y,"OVER $1,500",07/06/2025 09:00:00 AM,UNABLE TO DETERMINE,UNABLE TO DETERMINE,4626,W,DIVERSEY AVE,2521,,,,,,,2,NO INDICATION OF INJURY,0,0,0,0,0,1,0,14,7,7,41.9316889194,-87.7430169468,POINT (-87.743016946831 41.931688919351)
40f9a05507cf67aedb3fd714820284be9976d92a777c038ffca5be6355ba70816138f12324fb85f18dd90ce63ef1316213f6835147de6a79993ba47853a2dc3e,,07/05/2025 02:10:00 PM,30,NO CONTROLS,NO CONTROLS,CLEAR,DAYLIGHT,REAR TO SIDE,NOT DIVIDED,,STRAIGHT AND LEVEL,DRY,UNKNOWN,ON SCENE,INJURY AND / OR TOW DUE TO CRASH,,,,"OVER $1,500",07/05/2025 02:40:00 PM,IMPROPER BACKING,FAILING TO YIELD RIGHT-OF-WAY,5353,N,OZANAM AVE,1613,,,,,,,2,NO INDICATION OF INJURY,0,0,0,0,0,2,0,14,7,7,41.9775569299,-87.8216770983,POINT (-87.821677098305 41.977556929853)
cd4ee8e6ae7cfb5dbb3999ca6f0991a24113139a8b5911c64d3d3055f5a2f72be5e12bb3273fcb9e05ed6fa27c28a6e09c3fa58e46ba6d0575daf60bd827255e,,07/05/2025 02:07:00 PM,30,NO CONTROLS,NO CONTROLS,CLEAR,DAYLIGHT,PEDESTRIAN,NOT DIVIDED,,STRAIGHT AND LEVEL,DRY,UNKNOWN,ON SCENE,INJURY AND / OR TOW DUE TO CRASH,,,,"OVER $1,500",07/05/2025 02:13:00 PM,FAILING TO YIELD RIGHT-OF-WAY,FAILING TO YIELD RIGHT-OF-WAY,1995,N,CLYBOURN AVE,1811,,,,,,,2,"REPORTED, NOT EVIDENT",2,0,0,0,2,0,0,14,7,7,41.917601228,-87.6586278347,POINT (-87.658627834703 41.917601228019)
914f31cdd50fcccf037c783fc35711c601cb95aca086515ea5ec9b4abc466b290cfd00e8f2ca85c63d55946febae4512905d0a3c33d061cc2887b77c50599fad,,07/05/2025 02:04:00 PM,30,NO CONTROLS,NO CONTROLS,CLEAR,DAYLIGHT,PARKED MOTOR VEHICLE,PARKING LOT,,STRAIGHT AND LEVEL,DRY,NO DEFECTS,NOT ON SCENE (DESK REPORT),NO INJURY / DRIVE AWAY,,,Y,"$501 - $1,500",07/05/2025 03:45:00 PM,UNABLE TO DETERMINE,NOT APPLICABLE,4130,S,PULASKI RD,815,,,,,,,2,NO INDICATION OF INJURY,0,0,0,0,0,1,0,14,7,7,41.8175743417,-87.7240705893,POINT (-87.724070589345 41.817574341728)
096d26024590612cea031855e6b0d2eb23e2070170f378f834fb241a8df3f85fd625a4753c2367791fc35dcf9834d6ece9e8fe244a0aa408d03d1f2ff965f40a,,07/05/2025 02:00:00 PM,30,TRAFFIC SIGNAL,FUNCTIONING PROPERLY,CLEAR,DAYLIGHT,REAR END,NOT DIVIDED,,STRAIGHT AND LEVEL,DRY,NO DEFECTS,NOT ON SCENE (DESK REPORT),NO INJURY / DRIVE AWAY,,,,"OVER $1,500",07/05/2025 02:25:00 PM,FOLLOWING TOO CLOSELY,DRIVING SKILLS/KNOWLEDGE/EXPERIENCE,13,S,AUSTIN BLVD,1513,,,,,,,2,NO INDICATION OF INJURY,0,0,0,0,0,2,0,14,7,7,41.879650713,-87.7744944197,POINT (-87.77449441969 41.879650713041)
2b9ffe16c891c9b1afed3d35b4a580f322c0e3c29f67194962e3a6888d8afcdcf197e9ba763042c973371564b5efa53b1752217732593837c810a963462f47ab,,07/05/2025 02:00:00 PM,30,NO CONTROLS,NO CONTROLS,CLEAR,DAYLIGHT,SIDESWIPE SAME DIRECTION,NOT DIVIDED,,STRAIGHT AND LEVEL,DRY,NO DEFECTS,ON SCENE,NO INJURY / DRIVE AWAY,,,Y,"OVER $1,500",07/06/2025 05:02:00 PM,IMPROPER OVERTAKING/PASSING,UNABLE TO DETERMINE,2307,N,LAKE SHORE DR NB,1814,,,,,,,2,NO INDICATION OF INJURY,0,0,0,0,0,2,0,14,7,7,41.924174801,-87.6303861423,POINT (-87.630386142254 41.924174800968)
f4fc53074f598a9fb0286ca4dfd591c8f2b4593a401ebae7bb5525aa227783a3b6245d9df194126e4a00fc3caeef546d38d879837f38930481c3fced4520d762,,07/05/2025 01:54:00 PM,30,STOP SIGN/FLASHER,FUNCTIONING PROPERLY,CLEAR,DAYLIGHT,ANGLE,OTHER,,STRAIGHT AND LEVEL,DRY,NO DEFECTS,ON SCENE,INJURY AND / OR TOW DUE TO CRASH,,,Y,"OVER $1,500",07/05/2025 01:55:00 PM,FAILING TO YIELD RIGHT-OF-WAY,DISREGARDING STOP SIGN,5700,S,MAY ST,712,,,,,,,2,"REPORTED, NOT EVIDENT",2,0,0,0,2,2,0,13,7,7,41.7904485865,-87.6537086711,POINT (-87.653708671081 41.790448586456)
160d8a1e13c0bbe4d1246216a29ec78faf8ae7a0eb07788b16247ccc7cffd6ae68f9147618b77f91d4d0bbfbd5940b7855e0743710519de9002b32b451e12fcb,,07/05/2025 01:50:00 PM,30,TRAFFIC SIGNAL,FUNCTIONING PROPERLY,CLEAR,DAYLIGHT,ANGLE,UNKNOWN INTERSECTION TYPE,,STRAIGHT AND LEVEL,DRY,NO DEFECTS,ON SCENE,INJURY AND / OR TOW DUE TO CRASH,Y,,,"OVER $1,500",07/06/2025 02:43:00 PM,DRIVING ON WRONG SIDE/WRONG WAY,NOT APPLICABLE,600,W,MADISON ST,121,,,,,,,2,NONINCAPACITATING INJURY,4,0,0,4,0,1,0,13,7,7,41.8819465715,-87.6427363689,POINT (-87.642736368861 41.881946571519)
79944705c159b71bae538d96f2a0769abc390b7b62249a5aafd4e41f5f64e724ee218fbc5403bb5344d08050c617a3f3798a99d4c3b4e66bed45219932801497,,07/05/2025 01:50:00 PM,30,NO CONTROLS,NO CONTROLS,CLEAR,DAYLIGHT,TURNING,NOT DIVIDED,,STRAIGHT AND LEVEL,DRY,NO DEFECTS,NOT ON SCENE (DESK REPORT),NO INJURY / DRIVE AWAY,,,,"$501 - $1,500",07/05/2025 03:00:00 PM,UNABLE TO DETERMINE,NOT APPLICABLE,2815,W,DIVERSEY AVE,1411,,,,,,,2,NO INDICATION OF INJURY,0,0,0,0,0,3,0,13,7,7,41.9319815783,-87.6983221137,POINT (-87.698322113721 41.931981578314)
832822fcf34030b07fb827eee2bd6a9e0a67acb79d521a9a17d0c1dd027e1df5c7aabdacec953911037cc12f702ad4e7e3fb00a116aae66e3974ec40a2720a1e,,07/05/2025 01:50:00 PM,30,TRAFFIC SIGNAL,UNKNOWN,CLEAR,DAYLIGHT,REAR END,FOUR WAY,,STRAIGHT AND LEVEL,DRY,UNKNOWN,NOT ON SCENE (DESK REPORT),NO INJURY / DRIVE AWAY,Y,,Y,"OVER $1,500",07/05/2025 02:00:00 PM,FAILING TO YIELD RIGHT-OF-WAY,FAILING TO YIELD RIGHT-OF-WAY,2350,W,ROOSEVELT RD,1225,,,,,,,2,NO INDICATION OF INJURY,0,0,0,0,0,2,0,13,7,7,41.8667279075,-87.6856145501,POINT (-87.685614550082 41.866727907464)
3c0807ea460e57aa4f46623e17d2121796f2d346e45fafdf834c40695156479d606167d60db993a1ac08e68093710d752d254308175fb7ce316bbcb06adc24f1,,07/05/2025 01:45:00 PM,15,NO CONTROLS,NO CONTROLS,CLEAR,DAYLIGHT,SIDESWIPE SAME DIRECTION,ONE-WAY,,STRAIGHT AND LEVEL,DRY,NO DEFECTS,ON SCENE,NO INJURY / DRIVE AWAY,,,,"OVER $1,500",07/05/2025 01:50:00 PM,UNABLE TO DETERMINE,UNABLE TO DETERMINE,5,W,TERMINAL ST,1655,,,,,,,2,NO INDICATION OF INJURY,0,0,0,0,0,2,0,13,7,7,,,
e4cc977e1cfecd331b42250a587f4275971782124766675e6f2abfd114697e17a1dc388e103db5d6af9c15a751db13066d9bc53e18216a7450d92533465e0e91,,07/05/2025 01:37:00 PM,35,TRAFFIC SIGNAL,UNKNOWN,CLEAR,DAYLIGHT,ANGLE,FOUR WAY,,STRAIGHT AND LEVEL,DRY,UNKNOWN,,INJURY AND / OR TOW DUE TO CRASH,Y,,,"OVER $1,500",07/05/2025 01:45:00 PM,UNABLE TO DETERMINE,NOT APPLICABLE,7100,S,JEFFERY BLVD,333,,,,,,,2,NO INDICATION OF INJURY,0,0,0,0,0,2,0,13,7,7,41.7660277795,-87.5764431228,POINT (-87.576443122779 41.766027779516)
c28abc73b30cc3d400d19ee6a53bf16fa9b619b0e079ef34881bbd111fe5dbc71856c79462741f05beb479d7fc607e0148a1f83e4c604d5265ee67d202262fe1,,07/05/2025 01:35:00 PM,35,TRAFFIC SIGNAL,FUNCTIONING PROPERLY,CLEAR,DAYLIGHT,TURNING,NOT DIVIDED,,STRAIGHT AND LEVEL,DRY,NO DEFECTS,ON SCENE,INJURY AND / OR TOW DUE TO CRASH,Y,,,"OVER $1,500",07/05/2025 01:35:00 PM,IMPROPER LANE USAGE,FAILING TO REDUCE SPEED TO AVOID CRASH,10100,S,HALSTED ST,2232,,,,,,,2,NONINCAPACITATING INJURY,1,0,0,1,0,4,0,13,7,7,41.7104642821,-87.6430725056,POINT (-87.643072505572 41.710464282056)
5300c510c30a192d987a8f400eae7fd38c15bb3f33be76c21ec9620d7f0e933c42f6d54d4455a9495447eb03b87766be56a286fe3d2a6a1b5a505e57843bf01c,Y,07/05/2025 01:30:00 PM,30,NO CONTROLS,NO CONTROLS,UNKNOWN,UNKNOWN,PARKED MOTOR VEHICLE,NOT DIVIDED,,STRAIGHT AND LEVEL,DRY,NO DEFECTS,NOT ON SCENE (DESK REPORT),NO INJURY / DRIVE AWAY,,,Y,"$501 - $1,500",07/05/2025 01:34:00 PM,IMPROPER OVERTAKING/PASSING,DRIVING SKILLS/KNOWLEDGE/EXPERIENCE,5837,W,WASHINGTON BLVD,1513,,,,,,,2,NO INDICATION OF INJURY,0,0,0,0,0,1,0,13,7,7,41.8820464401,-87.7713548059,POINT (-87.771354805942 41.882046440052)
7d3b670182dccba9ffa19d906d301ce13a7a6ae37bfba11a5760e354dbcce97ab64b06fa491eb47f4e12acc0eb17eaf6daab7264715c2a01fdf4153074266d51,,07/05/2025 01:30:00 PM,30,STOP SIGN/FLASHER,FUNCTIONING PROPERLY,CLEAR,DAYLIGHT,SIDESWIPE OPPOSITE DIRECTION,NOT DIVIDED,,STRAIGHT AND LEVEL,DRY,NO DEFECTS,NOT ON SCENE (DESK REPORT),NO INJURY / DRIVE AWAY,Y,,,"OVER $1,500",07/05/2025 05:25:00 PM,IMPROPER LANE USAGE,UNABLE TO DETERMINE,2148,N,LARAMIE AVE,2515,,,,,,,2,NO INDICATION OF INJURY,0,0,0,0,0,2,0,13,7,7,41.920084615,-87.7561778975,POINT (-87.756177897475 41.920084614979)
dc5c8476abb62e0e40da1c9ec7ffcfc2dfe01769b460c2db12245d524887a7552afb621f181024f349a2ebeac26bf5b14d91f88d73e1d4f055172c50ca74351e,,07/05/2025 01:30:00 PM,25,TRAFFIC SIGNAL,UNKNOWN,CLEAR,DAYLIGHT,TURNING,FOUR WAY,,STRAIGHT AND LEVEL,DRY,UNKNOWN,NOT ON SCENE (DESK REPORT),NO INJURY / DRIVE AWAY,Y,,,"OVER $1,500",07/05/2025 07:00:00 PM,DRIVING SKILLS/KNOWLEDGE/EXPERIENCE,DRIVING SKILLS/KNOWLEDGE/EXPERIENCE,1198,S,STATE ST,123,,,,,,,2,NO INDICATION OF INJURY,0,0,0,0,0,6,0,13,7,7,41.8675023497,-87.6275680816,POINT (-87.627568081623 41.867502349701)
d58c286159a02726a2e2d019fecdc001bee078d4c1d76de88f5f18604285a6c3d2fa7cd50632485f21cb5631c5802c7d387adab26276897303569870b7eb32b9,,07/05/2025 01:16:00 PM,10,UNKNOWN,UNKNOWN,CLEAR,DAYLIGHT,PARKED MOTOR VEHICLE,OTHER,,STRAIGHT AND LEVEL,DRY,UNKNOWN,NOT ON SCENE (DESK REPORT),NO INJURY / DRIVE AWAY,,,Y,"$501 - $1,500",07/05/2025 03:00:00 PM,UNABLE TO DETERMINE,NOT APPLICABLE,8341,S,COTTAGE GROVE AVE,632,,,,,,,2,NO INDICATION OF INJURY,0,0,0,0,0,1,0,13,7,7,41.7427259911,-87.6048513435,POINT (-87.604851343535 41.742725991086)
2ff1956098283bb0a926476473a2f46a537e733fe89a3805efafb55a5f9b7b02bb8d67405892025f882c93f86ada033964aaceaed7e3908731de040b804b0774,,07/05/2025 01:10:00 PM,30,NO CONTROLS,NO CONTROLS,CLEAR,DAYLIGHT,SIDESWIPE SAME DIRECTION,NOT DIVIDED,,STRAIGHT AND LEVEL,DRY,NO DEFECTS,NOT ON SCENE (DESK REPORT),INJURY AND / OR TOW DUE TO CRASH,,,,"OVER $1,500",07/05/2025 11:20:00 PM,UNABLE TO DETERMINE,UNABLE TO DETERMINE,1002,E,87TH ST,412,Y,Y,,,,,2,NONINCAPACITATING INJURY,1,0,0,1,0,1,0,13,7,7,41.7368222028,-87.6002435006,POINT (-87.600243500624 41.736822202843)
a26b76caab479d4f6d159113e415c782207abf5b491a07be4ca4900f96022f6f97769e751ac57c8498e5810c752d171e82d0525f6000a849feb5aa38c8722937,,07/05/2025 01:10:00 PM,30,TRAFFIC SIGNAL,FUNCTIONING PROPERLY,CLEAR,DAYLIGHT,SIDESWIPE SAME DIRECTION,DIVIDED - W/MEDIAN (NOT RAISED),,STRAIGHT AND LEVEL,DRY,NO DEFECTS,ON SCENE,NO INJURY / DRIVE AWAY,,,Y,"OVER $1,500",07/05/2025 01:14:00 PM,UNABLE TO DETERMINE,NOT APPLICABLE,4157,S,PULASKI RD,821,,,,,,,3,NO INDICATION OF INJURY,0,0,0,0,0,3,0,13,7,7,41.8170089046,-87.7237606198,POINT (-87.723760619783 41.817008904611)
3c04ad97804e0022c03fe38f13e9686045a1af3335275282ddca16f29840e52e5ccca006622926a7f5b0f05e30af0cc8d58df97eca511eef13c61054983c60a3,,07/05/2025 01:06:00 PM,25,NO CONTROLS,NO CONTROLS,CLEAR,DAYLIGHT,PARKED MOTOR VEHICLE,ONE-WAY,,STRAIGHT AND LEVEL,DRY,NO DEFECTS,ON SCENE,NO INJURY / DRIVE AWAY,,,,"OVER $1,500",07/05/2025 01:20:00 PM,IMPROPER LANE USAGE,UNABLE TO DETERMINE,4440,S,SAWYER AVE,821,,,,,,,2,NO INDICATION OF INJURY,0,0,0,0,0,1,0,13,7,7,41.8122416019,-87.7054989578,POINT (-87.705498957844 41.812241601927)
10c6f37624b3b2339cc3280d7edfd8b60d5f337ace117cda888cd91f5822c1cc1969e78d285695393a1e6cb179026a6b797d4fbfcbe45d19f4a6ad392fde4996,,07/05/2025 01:05:00 PM,30,STOP SIGN/FLASHER,FUNCTIONING PROPERLY,CLEAR,DAYLIGHT,PEDESTRIAN,FOUR WAY,,STRAIGHT AND LEVEL,DRY,NO DEFECTS,ON SCENE,INJURY AND / OR TOW DUE TO CRASH,Y,,,$500 OR LESS,07/05/2025 01:06:00 PM,DRIVING ON WRONG SIDE/WRONG WAY,FAILING TO YIELD RIGHT-OF-WAY,4898,N,MASON AVE,1622,,,,,,,2,NONINCAPACITATING INJURY,1,0,0,1,0,1,0,13,7,7,41.9702101825,-87.7772239576,POINT (-87.777223957556 41.970210182543)
53c7116478224ac9f10df8452625eb674e866005fcf81f707c3803de20da2f561f77ef58fe4729442556abf5fba6df183df46c122091ed09241023c6b858a4c3,,07/05/2025 01:00:00 PM,30,TRAFFIC SIGNAL,FUNCTIONING PROPERLY,CLEAR,DAYLIGHT,ANGLE,NOT DIVIDED,,STRAIGHT AND LEVEL,DRY,NO DEFECTS,ON SCENE,INJURY AND / OR TOW DUE TO CRASH,Y,,,"OVER $1,500",07/05/2025 01:10:00 PM,DISREGARDING TRAFFIC SIGNALS,UNABLE TO DETERMINE,800,S,ASHLAND AVE,1231,,,,,,,2,NONINCAPACITATING INJURY,2,0,0,1,1,0,0,13,7,7,41.8715659906,-87.6666754145,POINT (-87.666675414457 41.871565990609)
73b510fb41205c5eda05b0f14504af3a980f6c4f3ef769132e8cb72d39ed0d43b355e2c6dd98a29605686f2bdf96fe54bddd53fa9204ad8a60ef637add391c7e,,07/05/2025 01:00:00 PM,30,TRAFFIC SIGNAL,FUNCTIONING PROPERLY,CLEAR,DAYLIGHT,REAR END,NOT DIVIDED,,STRAIGHT AND LEVEL,DRY,NO DEFECTS,NOT ON SCENE (DESK REPORT),NO INJURY / DRIVE AWAY,,,,"OVER $1,500",07/05/2025 02:00:00 PM,FOLLOWING TOO CLOSELY,UNABLE TO DETERMINE,6441,W,IRVING PARK RD,1632,,,,,,,2,NO INDICATION OF INJURY,0,0,0,0,0,2,0,13,7,7,41.95278263,-87.7881821543,POINT (-87.788182154289 41.952782629977)
8396da4909e1f3c564901dfc0cb74b96a872a59b63990f8e3ac663bc156f8d73f14fc115b9b246d261138db2eb39d79aad0757752e8d0346fd8012879d08179e,,07/05/2025 01:00:00 PM,30,STOP SIGN/FLASHER,FUNCTIONING PROPERLY,CLEAR,DAYLIGHT,TURNING,FOUR WAY,,STRAIGHT AND LEVEL,DRY,UNKNOWN,ON SCENE,NO INJURY / DRIVE AWAY,Y,,,"$501 - $1,500",07/05/2025 01:10:00 PM,UNABLE TO DETERMINE,NOT APPLICABLE,8500,S,LOOMIS BLVD,614,,,,,,,2,NO INDICATION OF INJURY,0,0,0,0,0,2,0,13,7,7,41.7394108148,-87.6584445154,POINT (-87.658444515392 41.739410814832)
4e0c4414175c17d831374ec921289e90f7498afed409af86d2a9df35f3a61b1de42bd87b9b64d9e4ba1efa821f88a900acd91273df4c92dcc82e6c669207ad8d,,07/05/2025 12:30:00 PM,30,UNKNOWN,UNKNOWN,CLEAR,DAYLIGHT,TURNING,ROUNDABOUT,,"CURVE, LEVEL",UNKNOWN,UNKNOWN,NOT ON SCENE (DESK REPORT),NO INJURY / DRIVE AWAY,Y,,,"OVER $1,500",07/05/2025 01:01:00 PM,FAILING TO YIELD RIGHT-OF-WAY,UNABLE TO DETERMINE,13300,S,AVENUE M,433,,,,,,,2,NO INDICATION OF INJURY,0,0,0,0,0,5,0,12,7,7,41.6535738033,-87.5376077345,POINT (-87.537607734549 41.653573803331)
16d7be0453d2474c0c1c54270c72fe0a1555993e544e6268b9807ce7befc3c8f7fe46f577fb10fc3e38ab6b0f9b17d29d757a51c4245fdda7b78d4560565e91d,,07/05/2025 12:20:00 PM,30,NO CONTROLS,NO CONTROLS,CLEAR,DAYLIGHT,REAR END,NOT DIVIDED,,STRAIGHT AND LEVEL,DRY,NO DEFECTS,NOT ON SCENE (DESK REPORT),NO INJURY / DRIVE AWAY,,,,"OVER $1,500",07/07/2025 11:47:00 AM,UNABLE TO DETERMINE,NOT APPLICABLE,401,E,LOWER WACKER DR,114,,,,,,,2,NO INDICATION OF INJURY,0,0,0,0,0,2,0,12,7,7,41.8873316034,-87.6173575791,POINT (-87.617357579091 41.887331603388)
cc436c9cefc8230b6363794f207bdc3c61552817d457725ae51a42d22871c021256b51ca8c4ee903773f51b756997cbe676d740cd64b32b84b26e57f8c120c0e,,07/05/2025 12:05:00 PM,30,NO CONTROLS,NO CONTROLS,CLEAR,DAYLIGHT,REAR END,NOT DIVIDED,,STRAIGHT AND LEVEL,DRY,NO DEFECTS,NOT ON SCENE (DESK REPORT),NO INJURY / DRIVE AWAY,,,Y,"$501 - $1,500",07/05/2025 01:10:00 PM,FOLLOWING TOO CLOSELY,NOT APPLICABLE,6450,S,WESTERN AVE,825,,,,,,,2,NO INDICATION OF INJURY,0,0,0,0,0,2,0,12,7,7,41.7759143934,-87.68370226,POINT (-87.683702260048 41.775914393375)
05c88554259a5020c37e61dfa6a8b12886b535c5156c91f16156f846c0fb685a2f9d9bfd2d58cbe7ec9f4963b5b56eec9975bd8808427891eeddd7d5739a1f17,,07/05/2025 12:03:00 PM,25,NO CONTROLS,NO CONTROLS,CLEAR,DAYLIGHT,SIDESWIPE SAME DIRECTION,NOT DIVIDED,,STRAIGHT AND LEVEL,DRY,NO DEFECTS,ON SCENE,NO INJURY / DRIVE AWAY,,,,"OVER $1,500",07/05/2025 01:19:00 PM,DISREGARDING ROAD MARKINGS,NOT APPLICABLE,357,E,CHICAGO AVE,1833,,,,,,,2,NO INDICATION OF INJURY,0,0,0,0,0,2,0,12,7,7,41.8967113673,-87.6182079013,POINT (-87.618207901257 41.896711367297)
170d706cef1f81ec03e6ad9c7d20b6a83a69187240f88759b630180780624164e17325c06ace254691c3318d41c22079dad8048a5cccf6c42b7d863048979063,,07/05/2025 12:01:00 PM,30,TRAFFIC SIGNAL,FUNCTIONING PROPERLY,CLEAR,DARKNESS,TURNING,NOT DIVIDED,,STRAIGHT AND LEVEL,DRY,NO DEFECTS,NOT ON SCENE (DESK REPORT),NO INJURY / DRIVE AWAY,Y,,,"OVER $1,500",07/05/2025 07:22:00 PM,UNABLE TO DETERMINE,UNABLE TO DETERMINE,3801,W,ROOSEVELT RD,1011,,,,,,,2,NO INDICATION OF INJURY,0,0,0,0,0,2,0,12,7,7,41.8661290891,-87.7201902787,POINT (-87.720190278683 41.866129089066)
1d1b369f1a3ef07e48a67e8e43bbb1af6a42ce42d070f5114aa25aa4c76ec833623a4d641a16a52bea0536e14fc9637ababef5dd8375b204c771634768f24ad0,N,07/05/2025 12:00:00 PM,25,UNKNOWN,UNKNOWN,CLEAR,DAYLIGHT,PARKED MOTOR VEHICLE,UNKNOWN,,STRAIGHT AND LEVEL,DRY,UNKNOWN,NOT ON SCENE (DESK REPORT),NO INJURY / DRIVE AWAY,,,Y,"$501 - $1,500",07/05/2025 01:15:00 PM,UNABLE TO DETERMINE,NOT APPLICABLE,5900,W,WALTON ST,1511,,,,,,,2,NO INDICATION OF INJURY,0,0,0,0,0,1,0,12,7,7,41.8975907447,-87.7725309485,POINT (-87.77253094851 41.897590744679)
5e58867ac0a785d0ffa2bf5c83a21a416c64e9e42dfc401b43ceed3c19e4f7881c3cbb98b50f7aff912aa43d27a9b187f774656af5cf4fedddc0d34ff05c8738,,07/05/2025 12:00:00 PM,30,NO CONTROLS,NO CONTROLS,CLEAR,DAYLIGHT,PARKED MOTOR VEHICLE,NOT DIVIDED,,STRAIGHT AND LEVEL,DRY,UNKNOWN,NOT ON SCENE (DESK REPORT),NO INJURY / DRIVE AWAY,,,,"OVER $1,500",07/05/2025 05:00:00 PM,UNABLE TO DETERMINE,NOT APPLICABLE,1021,W,LAWRENCE AVE,1914,,,,,,,2,NO INDICATION OF INJURY,0,0,0,0,0,1,0,12,7,7,41.9689679328,-87.6557284136,POINT (-87.655728413609 41.968967932835)