CRASH_RECORD_ID,CRASH_DATE_EST_I,CRASH_DATE,POSTED_SPEED_LIMIT,TRAFFIC_CONTROL_DEVICE,DEVICE_CONDITION,WEATHER_CONDITION,LIGHTING_CONDITION,FIRST_CRASH_TYPE,TRAFFICWAY_TYPE,LANE_CNT,ALIGNMENT,ROADWAY_SURFACE_COND,ROAD_DEFECT,REPORT_TYPE,CRASH_TYPE,INTERSECTION_RELATED_I,NOT_RIGHT_OF_WAY_I,HIT_AND_RUN_I,DAMAGE,DATE_POLICE_NOTIFIED,PRIM_CONTRIBUTORY_CAUSE,SEC_CONTRIBUTORY_CAUSE,STREET_NO,STREET_DIRECTION,STREET_NAME,BEAT_OF_OCCURRENCE,PHOTOS_TAKEN_I,STATEMENTS_TAKEN_I,DOORING_I,WORK_ZONE_I,WORK_ZONE_TYPE,WORKERS_PRESENT_I,NUM_UNITS,MOST_SEVERE_INJURY,INJURIES_TOTAL,INJURIES_FATAL,INJURIES_INCAPACITATING,INJURIES_NON_INCAPACITATING,INJURIES_REPORTED_NOT_EVIDENT,INJURIES_NO_INDICATION,INJURIES_UNKNOWN,CRASH_HOUR,CRASH_DAY_OF_WEEK,CRASH_MONTH,LATITUDE,LONGITUDE,LOCATION
ae0a06392d37b7f2efad14f00e433f2d4a314c22f398c9bf0a2887aa897444663e990f9bfabaf11e82053b41f194c7e0b0e613e17ed90341e3a6b3444621f6b9,,07/05/2025 12:00:00 PM,30,UNKNOWN,UNKNOWN,UNKNOWN,DAYLIGHT,PARKED MOTOR VEHICLE,NOT DIVIDED,,STRAIGHT AND LEVEL,UNKNOWN,UNKNOWN,NOT ON SCENE (DESK REPORT),NO INJURY / DRIVE AWAY,,,,"OVER $1,500",07/05/2025 12:45:00 PM,UNABLE TO DETERMINE,NOT APPLICABLE,3745,N,LINCOLN AVE,1922,,,,,,,2,NO INDICATION OF INJURY,0,0,0,0,0,1,0,12,7,7,41.9499611711,-87.6756711293,POINT (-87.675671129255 41.949961171142)
b59f9865bf545e0f53e4de8b6ab0475a4b064324d192b96e95aca807fcf84b0790e1be3802d184144f7a19ab7947802ee931994607be16499b274a1c55580223,,07/05/2025 12:00:00 PM,30,NO CONTROLS,NO CONTROLS,CLEAR,DAYLIGHT,REAR END,DIVIDED - W/MEDIAN (NOT RAISED),,STRAIGHT AND LEVEL,DRY,NO DEFECTS,NOT ON SCENE (DESK REPORT),NO INJURY / DRIVE AWAY,,,,"OVER $1,500",07/05/2025 12:25:00 PM,FOLLOWING TOO CLOSELY,FOLLOWING TOO CLOSELY,5415,N,HARLEM AVE,1613,,,,,,,2,NO INDICATION OF INJURY,0,0,0,0,0,2,0,12,7,7,41.9796230494,-87.8068347222,POINT (-87.806834722153 41.979623049365)
a74c3180aa861c1c91f4a80ea144128f475d6286418807d62560d8079ab6958ddb890a99e2d867d7d822eff742e5cf0bf6e1e26d105c72430545a452caaa6146,,07/05/2025 11:53:00 AM,30,TRAFFIC SIGNAL,FUNCTIONING PROPERLY,CLEAR,DAYLIGHT,REAR END,DIVIDED - W/MEDIAN (NOT RAISED),,STRAIGHT AND LEVEL,DRY,NO DEFECTS,NOT ON SCENE (DESK REPORT),NO INJURY / DRIVE AWAY,,,,$500 OR LESS,07/05/2025 03:00:00 PM,UNABLE TO DETERMINE,NOT APPLICABLE,6505,S,CICERO AVE,833,,,,,,,2,NO INDICATION OF INJURY,0,0,0,0,0,3,0,11,7,7,41.7745819068,-87.7420063655,POINT (-87.742006365513 41.774581906833)
3154fe14d5095f59772db7812dfb2eb72758ae2c0cd2bef079a3c7129de2b99d649eaff864a6948c51fb90554d2df8a92cf05b9278bb28d7f5fc678211dda806,,07/05/2025 11:46:00 AM,30,NO CONTROLS,NO CONTROLS,CLEAR,DAYLIGHT,TURNING,ONE-WAY,,STRAIGHT AND LEVEL,DRY,NO DEFECTS,ON SCENE,NO INJURY / DRIVE AWAY,,,,"OVER $1,500",07/05/2025 11:46:00 AM,DRIVING SKILLS/KNOWLEDGE/EXPERIENCE,UNABLE TO DETERMINE,162,N,BESSIE COLEMAN DR,1654,,,,,,,2,NO INDICATION OF INJURY,0,0,0,0,0,2,0,11,7,7,,,
1b2f72e7aecf313940a8e32bad159af2cd2a708d13ed2c26d9924aff31a28748bfd247c6b06c234941113090162041911fa488e8da459f88d7e9f046511dc43b,,07/05/2025 11:45:00 AM,30,TRAFFIC SIGNAL,FUNCTIONING PROPERLY,CLEAR,DAYLIGHT,PEDALCYCLIST,NOT DIVIDED,,STRAIGHT AND LEVEL,DRY,NO DEFECTS,NOT ON SCENE (DESK REPORT),NO INJURY / DRIVE AWAY,,,Y,"$501 - $1,500",07/05/2025 03:14:00 PM,DISREGARDING TRAFFIC SIGNALS,FAILING TO YIELD RIGHT-OF-WAY,865,W,NORTH AVE,1822,,,,,,,2,NO INDICATION OF INJURY,0,0,0,0,0,2,0,11,7,7,41.9107680066,-87.6508615743,POINT (-87.650861574348 41.910768006569)
219c673982f2ce8a4059e506c897c6dcbec1fa27688c757758ec7e69590ea1c38350ee29711547fe23a104d33d9ea37c1e6c076644b7dbfd0b1bc9d83fd501ab,,07/05/2025 11:45:00 AM,30,UNKNOWN,UNKNOWN,UNKNOWN,UNKNOWN,SIDESWIPE SAME DIRECTION,NOT DIVIDED,,STRAIGHT AND LEVEL,UNKNOWN,UNKNOWN,NOT ON SCENE (DESK REPORT),NO INJURY / DRIVE AWAY,Y,,,"OVER $1,500",07/05/2025 12:15:00 PM,UNABLE TO DETERMINE,UNABLE TO DETERMINE,5459,S,WENTWORTH AVE,225,,,,,,,2,NO INDICATION OF INJURY,0,0,0,0,0,2,0,11,7,7,41.7945705114,-87.6303626345,POINT (-87.630362634526 41.794570511442)
79ae3c5f24fc70e33e35a84cf1b1673cc24313a352d4a879c3db31ca1c5a890ae8b0e91a2d7a8153a3892afe0bcd808bd252dedcd088bf213d334c610d2e4ad3,,07/05/2025 11:43:00 AM,30,NO CONTROLS,NO CONTROLS,CLEAR,DAYLIGHT,REAR END,NOT DIVIDED,,STRAIGHT AND LEVEL,DRY,NO DEFECTS,ON SCENE,NO INJURY / DRIVE AWAY,,,,"OVER $1,500",07/05/2025 11:44:00 AM,DISTRACTION - FROM INSIDE VEHICLE,NOT APPLICABLE,3444,N,SHEFFIELD AVE,1924,,,,,,,2,NO INDICATION OF INJURY,0,0,0,0,0,3,0,11,7,7,41.9447495075,-87.6544012842,POINT (-87.654401284196 41.944749507534)
8ac6e6cd174d2891f9d4c9cd53c37dfaa489a59e83cb1c09a9fee7cebfd00d2524a10fab8ef283793c161a2cfb5ef32a44f6811de32c59ad4d1900abd9f4bdb7,,07/05/2025 11:36:00 AM,20,TRAFFIC SIGNAL,FUNCTIONING PROPERLY,CLEAR,DAYLIGHT,PARKED MOTOR VEHICLE,FOUR WAY,,STRAIGHT AND LEVEL,DRY,NO DEFECTS,ON SCENE,INJURY AND / OR TOW DUE TO CRASH,Y,,,"OVER $1,500",07/05/2025 11:38:00 AM,IMPROPER TURNING/NO SIGNAL,NOT APPLICABLE,101,S,RACINE AVE,1232,,,,,,,2,NONINCAPACITATING INJURY,1,0,0,1,0,1,0,11,7,7,41.8802687645,-87.6569508213,POINT (-87.656950821329 41.880268764542)
292151e6e9c19939066ce329f5b13e8cc4635cc3a012b8122ae91fb5451ab3d0c38ab56d6dd8a3f4454bc29e9c9b841c349bf86d49dbd1583123ae5a1df8edc1,,07/05/2025 11:30:00 AM,30,NO CONTROLS,NO CONTROLS,CLEAR,DAYLIGHT,TURNING,NOT DIVIDED,,STRAIGHT AND LEVEL,DRY,NO DEFECTS,ON SCENE,INJURY AND / OR TOW DUE TO CRASH,Y,,,"OVER $1,500",07/05/2025 11:40:00 AM,IMPROPER TURNING/NO SIGNAL,DRIVING SKILLS/KNOWLEDGE/EXPERIENCE,3428,W,ADDISON ST,1732,,,,,,,2,NO INDICATION OF INJURY,0,0,0,0,0,4,0,11,7,7,41.9466620426,-87.7138840099,POINT (-87.713884009936 41.94666204255)
2d1867e95ee2df054696ae51e3840b4afcfcfa621d72050f8507f687f1ccc5dc8e3ff4f623bed9a2c05d0e9e81a4222d01ae8ecc14debe6809be5af6b50e9df6,,07/05/2025 11:30:00 AM,30,NO CONTROLS,NO CONTROLS,CLEAR,DAYLIGHT,PARKED MOTOR VEHICLE,NOT DIVIDED,,STRAIGHT AND LEVEL,DRY,UNKNOWN,NOT ON SCENE (DESK REPORT),NO INJURY / DRIVE AWAY,,,Y,"OVER $1,500",07/05/2025 11:30:00 AM,UNABLE TO DETERMINE,UNABLE TO DETERMINE,5539,W,AUGUSTA BLVD,1524,,,,,,,2,NO INDICATION OF INJURY,0,0,0,0,0,1,0,11,7,7,41.8983892999,-87.7653484965,POINT (-87.765348496529 41.898389299898)
3497980c1be87904cf34caac6b14ac3b47bc6f09adc41def3544d7fc62d5378be29a0910e5a15b002a295850035f26e0d1616ed82ad2b048bbaab9da9f9a9401,,07/05/2025 11:30:00 AM,35,TRAFFIC SIGNAL,FUNCTIONING PROPERLY,CLEAR,DAYLIGHT,REAR END,NOT DIVIDED,,STRAIGHT AND LEVEL,DRY,NO DEFECTS,NOT ON SCENE (DESK REPORT),NO INJURY / DRIVE AWAY,,,Y,"$501 - $1,500",07/05/2025 02:30:00 PM,UNABLE TO DETERMINE,NOT APPLICABLE,8200,W,BELMONT AVE,1631,,,,,,,2,NO INDICATION OF INJURY,0,0,0,0,0,2,0,11,7,7,41.9377637647,-87.8312906504,POINT (-87.831290650427 41.937763764653)
607b93c833b99639d2569f54422323866e8aec8dc1c0b481447c8c5636060179ce35f9ee698d78b5ed58a5abc287a4c183c8e614f15df0c890a3beb84ffcbe71,,07/05/2025 11:12:00 AM,30,NO CONTROLS,NO CONTROLS,CLEAR,DAYLIGHT,ANGLE,NOT DIVIDED,,STRAIGHT AND LEVEL,DRY,NO DEFECTS,ON SCENE,NO INJURY / DRIVE AWAY,,,,"OVER $1,500",07/05/2025 11:15:00 AM,IMPROPER BACKING,NOT APPLICABLE,13,N,ABERDEEN ST,1224,,,,,,,2,NO INDICATION OF INJURY,0,0,0,0,0,2,0,11,7,7,41.8820775824,-87.65422259,POINT (-87.65422259001 41.882077582442)
8b2ff9559e89ef46d137abc17a15573543e4073779440633b70093751cc6025989481c03a01b52ff61ac04887af5f839168601ecb108a925f528b4b30611ff2a,,07/05/2025 11:11:00 AM,30,TRAFFIC SIGNAL,NO CONTROLS,CLEAR,DAYLIGHT,PEDALCYCLIST,DIVIDED - W/MEDIAN (NOT RAISED),,STRAIGHT AND LEVEL,DRY,NO DEFECTS,NOT ON SCENE (DESK REPORT),NO INJURY / DRIVE AWAY,Y,,Y,$500 OR LESS,07/06/2025 10:10:00 PM,IMPROPER OVERTAKING/PASSING,NOT APPLICABLE,4639,W,BELMONT AVE,2521,,,,,,,2,NO INDICATION OF INJURY,0,0,0,0,0,2,0,11,7,7,41.9387620653,-87.7436896922,POINT (-87.743689692185 41.938762065349)
8f9c94771d3b7a9fa071dcdbf2696a4ea0a5c43a255354623510b6d2e560686df46a2ae0e81e8b082b6e40984cc5bcde64e5c51a5fd5e1863e329ea869af2493,,07/05/2025 11:11:00 AM,25,NO CONTROLS,NO CONTROLS,CLEAR,DAYLIGHT,PARKED MOTOR VEHICLE,DIVIDED - W/MEDIAN (NOT RAISED),,STRAIGHT AND LEVEL,DRY,NO DEFECTS,ON SCENE,INJURY AND / OR TOW DUE TO CRASH,,,,"OVER $1,500",07/05/2025 11:11:00 AM,UNABLE TO DETERMINE,UNABLE TO DETERMINE,5413,N,LINCOLN AVE,2011,,,,,,,2,NO INDICATION OF INJURY,0,0,0,0,0,1,0,11,7,7,41.9799130124,-87.6925766848,POINT (-87.692576684817 41.979913012354)
628a6de15d45105c4d79aef45ff0b66dd1abddb91a77d160857bd22dcf45a04e2999abb7cafafbd01aaeabb9b573fa0889e72a98acce37aee7484dc838c02af2,,07/05/2025 11:10:00 AM,35,NO CONTROLS,NO CONTROLS,CLEAR,DAYLIGHT,REAR END,NOT DIVIDED,,STRAIGHT AND LEVEL,UNKNOWN,UNKNOWN,ON SCENE,NO INJURY / DRIVE AWAY,,,,"OVER $1,500",07/05/2025 11:13:00 AM,FOLLOWING TOO CLOSELY,UNABLE TO DETERMINE,2339,N,NORDICA AVE,2512,,,,,,,2,NO INDICATION OF INJURY,0,0,0,0,0,3,0,11,7,7,41.922261951,-87.8023847838,POINT (-87.802384783822 41.922261951019)
f916d32296db1065b944ca8ee4983e5f1d1eaf33559ee519bd4a3f53292e03e3fb6f1538ad91f30045377c0b4d7362090b5ee7b15ec416e33e89f82f94ac5367,,07/05/2025 11:10:00 AM,5,NO CONTROLS,NO CONTROLS,CLEAR,DAYLIGHT,FIXED OBJECT,DRIVEWAY,,STRAIGHT AND LEVEL,DRY,NO DEFECTS,ON SCENE,NO INJURY / DRIVE AWAY,,,,"$501 - $1,500",07/05/2025 11:15:00 AM,UNABLE TO DETERMINE,UNABLE TO DETERMINE,8028,S,KEDZIE AVE,834,,,,,,,1,NO INDICATION OF INJURY,0,0,0,0,0,1,0,11,7,7,41.7470243879,-87.7024631281,POINT (-87.702463128146 41.747024387878)
1bd161bfc1c6340cc0bd2545d28ef97d29de63c9a5e6d6201c9bccd2cc8578ff75ce53490ce1c4a444ed7f918c7113ea357d613aa26296f59a10b5a112ee33c3,,07/05/2025 11:00:00 AM,30,UNKNOWN,UNKNOWN,CLEAR,DAYLIGHT,REAR END,NOT DIVIDED,,STRAIGHT AND LEVEL,DRY,UNKNOWN,ON SCENE,NO INJURY / DRIVE AWAY,,,,"OVER $1,500",07/05/2025 11:00:00 AM,UNABLE TO DETERMINE,UNABLE TO DETERMINE,4183,W,IRVING PARK RD,1731,,,,,,,2,NO INDICATION OF INJURY,0,0,0,0,0,2,0,11,7,7,41.9534901294,-87.7322507396,POINT (-87.732250739648 41.953490129378)
5ca6581117a04cc4d1b3af8fadc5c29c3706e263e5ba547bed28c7985a9726e0038a1c7da335fb8167e6ca45b7cee486da65e6da5b316a68da16610594673472,,07/05/2025 11:00:00 AM,30,NO CONTROLS,NO CONTROLS,CLEAR,DAYLIGHT,SIDESWIPE OPPOSITE DIRECTION,NOT DIVIDED,,STRAIGHT AND LEVEL,DRY,NO DEFECTS,NOT ON SCENE (DESK REPORT),NO INJURY / DRIVE AWAY,,,Y,$500 OR LESS,07/06/2025 07:14:00 PM,IMPROPER LANE USAGE,NOT APPLICABLE,5835,W,55TH ST,811,,,,,,,2,NO INDICATION OF INJURY,0,0,0,0,0,2,0,11,7,7,41.7925023824,-87.7685511723,POINT (-87.768551172291 41.79250238245)
74f89ceb1b059efd74c137c70aef1da10605fc7360dd88be9db56ea7f695685771734ba3e12d377ad96fd1d984edf693e6c14a226b8875637b94b9552139bb8c,,07/05/2025 11:00:00 AM,30,STOP SIGN/FLASHER,FUNCTIONING PROPERLY,CLEAR,DAYLIGHT,TURNING,NOT DIVIDED,,STRAIGHT AND LEVEL,DRY,NO DEFECTS,NOT ON SCENE (DESK REPORT),NO INJURY / DRIVE AWAY,,,,"$501 - $1,500",07/05/2025 12:00:00 PM,FAILING TO YIELD RIGHT-OF-WAY,NOT APPLICABLE,5998,N,KILBOURN AVE,1711,,,,,,,2,NO INDICATION OF INJURY,0,0,0,0,0,2,0,11,7,7,41.9898904669,-87.7409371789,POINT (-87.740937178919 41.989890466858)
7d75cde08bfea489fcbe4f3a005b3e1458bf15e8782888a94dc16dcffb6ad22d242aac0d701c15f43c2ec527c1591fd116b44584481ce5452fe806fda1d30483,,07/05/2025 10:59:00 AM,30,NO CONTROLS,FUNCTIONING PROPERLY,CLEAR,DUSK,REAR END,UNKNOWN,,STRAIGHT AND LEVEL,DRY,NO DEFECTS,NOT ON SCENE (DESK REPORT),NO INJURY / DRIVE AWAY,,,Y,"OVER $1,500",07/09/2025 05:40:00 PM,NOT APPLICABLE,NOT APPLICABLE,1550,N,LAKE SHORE DR,1824,,,,,,,2,NO INDICATION OF INJURY,0,0,0,0,0,2,0,10,7,7,41.9109438785,-87.6263927966,POINT (-87.626392796579 41.910943878451)
928d4dcd8194cdf5a73b2ff856450131aeb7df63ec7ccd76053c5dbc76c5ffdb99b1bf50227fdacfb0725857c42bbac99af8f7844f786cd52a7b8a405d650ea0,,07/05/2025 10:50:00 AM,30,NO CONTROLS,NO CONTROLS,CLEAR,DAYLIGHT,REAR END,DIVIDED - W/MEDIAN (NOT RAISED),,STRAIGHT AND LEVEL,DRY,NO DEFECTS,ON SCENE,NO INJURY / DRIVE AWAY,,,,"OVER $1,500",07/05/2025 10:53:00 AM,FOLLOWING TOO CLOSELY,UNABLE TO DETERMINE,2746,N,PULASKI RD,2524,,,,,,,2,NO INDICATION OF INJURY,0,0,0,0,0,5,0,10,7,7,41.9313895698,-87.7271142983,POINT (-87.727114298329 41.931389569754)
cc8f0584db05ab9577f0fa698814acb9b4abeddc4a5b6f26884c46e459e86382ee744a0e9d1defdc315262666c3579219d6977b968a272825cf9fdbc6fcdf473,,07/05/2025 10:50:00 AM,30,TRAFFIC SIGNAL,UNKNOWN,CLEAR,DAYLIGHT,TURNING,NOT DIVIDED,,STRAIGHT AND LEVEL,DRY,NO DEFECTS,ON SCENE,INJURY AND / OR TOW DUE TO CRASH,,,,"OVER $1,500",07/05/2025 04:00:00 PM,IMPROPER TURNING/NO SIGNAL,NOT APPLICABLE,6300,S,DAMEN AVE,726,,,,,,,2,NONINCAPACITATING INJURY,1,0,0,1,0,3,0,10,7,7,41.7792269207,-87.6740527314,POINT (-87.674052731379 41.779226920693)
9d309713a2b16b57dea154eb18e83056ac1d46e8ed761939cef10945e2de7bad4d6f211bc2d771c76f7a421f274dda1252e7362a1a4e2cb2e44d7d9c6ca35a15,,07/05/2025 10:40:00 AM,30,TRAFFIC SIGNAL,FUNCTIONING PROPERLY,CLEAR,DAYLIGHT,TURNING,FOUR WAY,,STRAIGHT AND LEVEL,DRY,NO DEFECTS,NOT ON SCENE (DESK REPORT),NO INJURY / DRIVE AWAY,Y,,,"OVER $1,500",07/05/2025 12:45:00 PM,UNABLE TO DETERMINE,NOT APPLICABLE,1004,S,JEFFERSON ST,124,,,,,,,2,NO INDICATION OF INJURY,0,0,0,0,0,3,0,10,7,7,41.8695473624,-87.6424129014,POINT (-87.642412901408 41.869547362411)
32404562e8ea6daa69fe61c37367a299d057891df45a62b0ade1725179157d5e59f96ef2b3ebf42efff6e8a7046637179345ac446650b268990428f7225f7473,,07/05/2025 10:33:00 AM,35,TRAFFIC SIGNAL,FUNCTIONING PROPERLY,CLEAR,DAYLIGHT,PEDALCYCLIST,FOUR WAY,,STRAIGHT AND LEVEL,DRY,NO DEFECTS,ON SCENE,INJURY AND / OR TOW DUE TO CRASH,Y,,,"OVER $1,500",07/05/2025 10:34:00 AM,DISREGARDING TRAFFIC SIGNALS,NOT APPLICABLE,3958,W,103RD ST,2211,,,,,,,2,"REPORTED, NOT EVIDENT",1,0,0,0,1,1,0,10,7,7,41.7059851652,-87.7208595145,POINT (-87.720859514519 41.705985165196)
47530e30da6e2b9b6c305827899251d03a736a7f9f3ebd14d498158cf8e621ff39497921025ee9a1b664b7fabde581c4c7b4557a65fa3c9d348c830503b37592,,07/05/2025 10:26:00 AM,15,NO CONTROLS,NO CONTROLS,CLEAR,DAYLIGHT,SIDESWIPE SAME DIRECTION,PARKING LOT,,STRAIGHT AND LEVEL,DRY,NO DEFECTS,ON SCENE,INJURY AND / OR TOW DUE TO CRASH,,Y,,"OVER $1,500",07/05/2025 10:38:00 AM,FAILING TO YIELD RIGHT-OF-WAY,IMPROPER TURNING/NO SIGNAL,6375,N,MILWAUKEE AVE,1611,,,,,,,2,NO INDICATION OF INJURY,0,0,0,0,0,2,0,10,7,7,41.9968901476,-87.7872613127,POINT (-87.787261312723 41.996890147618)
c8b1315864d378cdeb08149eb6836dba08b9bdafff1b8d210aff5eef476d5b627a991c5da70870a5b07ae5350f5ba0620b48e3efeca212c6a33e3898f2684a87,,07/05/2025 10:26:00 AM,10,NO CONTROLS,NO CONTROLS,CLEAR,DAYLIGHT,FIXED OBJECT,OTHER,,STRAIGHT AND LEVEL,DRY,NO DEFECTS,ON SCENE,NO INJURY / DRIVE AWAY,,Y,,"OVER $1,500",07/05/2025 10:29:00 AM,NOT APPLICABLE,NOT APPLICABLE,2500,W,PETERSON AVE,2413,,,,,,,1,NO INDICATION OF INJURY,0,0,0,0,0,1,0,10,7,7,41.9905932137,-87.6921619627,POINT (-87.692161962657 41.99059321365)
04e99fffbc3b57cf261a474cfc94dc6873ae9ff0c87c2aebc6179b8e94c824c2cddeda98c9b588c81161d6418459d8820970af7fbc68511ed2f7397ca0266232,,07/05/2025 10:15:00 AM,30,NO CONTROLS,NO CONTROLS,CLEAR,DAYLIGHT,SIDESWIPE SAME DIRECTION,DIVIDED - W/MEDIAN BARRIER,,STRAIGHT AND LEVEL,DRY,NO DEFECTS,ON SCENE,INJURY AND / OR TOW DUE TO CRASH,,,Y,"OVER $1,500",07/05/2025 10:16:00 AM,"OPERATING VEHICLE IN ERRATIC, RECKLESS, CARELESS, NEGLIGENT OR AGGRESSIVE MANNER",NOT APPLICABLE,233,E,WACKER DR,114,,,,,,,5,NO INDICATION OF INJURY,0,0,0,0,0,7,0,10,7,7,41.8877901723,-87.6212787129,POINT (-87.621278712913 41.887790172258)
d8c23d9d6af35f7339cbf54b45bd5e31e6e6c8085bd38349dd9c075db0af4ef614072ad8f1fcfc7178e3a1111fd102a0f54edb926da9ac41f7b7238bbdc75d14,,07/05/2025 10:15:00 AM,30,STOP SIGN/FLASHER,FUNCTIONING PROPERLY,CLEAR,DAYLIGHT,REAR END,NOT DIVIDED,,STRAIGHT AND LEVEL,DRY,NO DEFECTS,NOT ON SCENE (DESK REPORT),NO INJURY / DRIVE AWAY,,,,$500 OR LESS,07/07/2025 11:55:00 AM,FOLLOWING TOO CLOSELY,FAILING TO REDUCE SPEED TO AVOID CRASH,3498,N,LAKE SHORE DR NB,1925,,,,,,,2,NO INDICATION OF INJURY,0,0,0,0,0,2,0,10,7,7,41.9467097607,-87.6422730671,POINT (-87.642273067141 41.946709760674)
37330a3da446c807044774e003abbafef73ab9e8bb86cf07370991e0a992c042c18a7c45120b6a785c565f6fac939a67374d3f7dac266ddc915c20eb386de73c,,07/05/2025 10:13:00 AM,10,NO CONTROLS,NO CONTROLS,CLEAR,DAYLIGHT,REAR TO FRONT,PARKING LOT,,CURVE ON GRADE,DRY,UNKNOWN,ON SCENE,NO INJURY / DRIVE AWAY,,,,"$501 - $1,500",07/05/2025 10:34:00 AM,IMPROPER BACKING,NOT APPLICABLE,1730,N,STOCKTON DR,1814,,,,,,,2,NO INDICATION OF INJURY,0,0,0,0,0,2,0,10,7,7,41.9140577671,-87.6319683523,POINT (-87.631968352254 41.914057767119)
9abca97a0ddd9639ee4adba237ac7320bdf64a3abba5d6a5303819374a55f23052eb6f2af7b96a06337e1056fea5f7fb069adbba44c6e8fd22c71256331e76db,,07/05/2025 10:00:00 AM,30,NO CONTROLS,NO CONTROLS,CLEAR,DAYLIGHT,PARKED MOTOR VEHICLE,ONE-WAY,,STRAIGHT AND LEVEL,UNKNOWN,NO DEFECTS,NOT ON SCENE (DESK REPORT),NO INJURY / DRIVE AWAY,,,Y,"OVER $1,500",07/08/2025 05:00:00 PM,UNABLE TO DETERMINE,UNABLE TO DETERMINE,2616,N,LOCKWOOD AVE,2514,,,,,,,2,NO INDICATION OF INJURY,0,0,0,0,0,1,0,10,7,7,41.9283002183,-87.7589097439,POINT (-87.758909743921 41.928300218303)
c0429d8f5b37d1596db7af0d37691861decd24c33fffc9b93a78bc37456f6a1c4f7ef6eb71a9746252d1d6f52a6c16ae3372565c6dbaa86992266754c33c8d14,,07/05/2025 10:00:00 AM,30,NO CONTROLS,NO CONTROLS,UNKNOWN,UNKNOWN,PARKED MOTOR VEHICLE,PARKING LOT,,STRAIGHT AND LEVEL,DRY,NO DEFECTS,NOT ON SCENE (DESK REPORT),NO INJURY / DRIVE AWAY,,,Y,"OVER $1,500",07/05/2025 11:00:00 AM,UNABLE TO DETERMINE,UNABLE TO DETERMINE,4058,W,115TH ST,2211,,,,,,,2,NO INDICATION OF INJURY,0,0,0,0,0,1,0,10,7,7,41.6840401248,-87.7222185653,POINT (-87.722218565285 41.684040124773)
c299c4f9229d8266c2c9af326b71ffdf6d0147565a23b8e66ae71a27c4767196304f459a3f03d9986f4afbf93de646c338a00cdd6d02f179ac2303a8c348658c,,07/05/2025 10:00:00 AM,30,NO CONTROLS,NO CONTROLS,CLEAR,DAYLIGHT,ANGLE,NOT DIVIDED,,STRAIGHT AND LEVEL,DRY,NO DEFECTS,ON SCENE,NO INJURY / DRIVE AWAY,Y,,,"OVER $1,500",07/05/2025 10:34:00 AM,UNABLE TO DETERMINE,UNABLE TO DETERMINE,7700,S,SPAULDING AVE,835,,,,,,,3,NO INDICATION OF INJURY,0,0,0,0,0,2,0,10,7,7,41.7532770837,-87.7050712533,POINT (-87.705071253293 41.75327708371)
dae740fa656cfafe54a61cfa36373103e02159528b1f1e133688dd6ff1536756f967a9dbe8eaf5dbab1198473100208d6783dee785cb8001fdd2613fae54d486,,07/05/2025 09:54:00 AM,30,NO CONTROLS,NO CONTROLS,CLEAR,DAYLIGHT,SIDESWIPE SAME DIRECTION,DIVIDED - W/MEDIAN (NOT RAISED),,STRAIGHT AND LEVEL,DRY,NO DEFECTS,ON SCENE,INJURY AND / OR TOW DUE TO CRASH,,,,"OVER $1,500",07/05/2025 09:58:00 AM,FAILING TO YIELD RIGHT-OF-WAY,UNABLE TO DETERMINE,1516,W,87TH ST,614,,,,,,,2,"REPORTED, NOT EVIDENT",1,0,0,0,1,2,0,9,7,7,41.7359249652,-87.6613706751,POINT (-87.661370675143 41.735924965244)
3c1805f02d7e8aab1a3bb5560e93b01912369ae55bf3515193e0b76182d57b7703c783966eb9f1708bda308e3fadea7a56c2a212817c4189e8eee782cd1f1ff2,,07/05/2025 09:45:00 AM,30,TRAFFIC SIGNAL,FUNCTIONING PROPERLY,CLEAR,DAYLIGHT,REAR END,NOT DIVIDED,,STRAIGHT AND LEVEL,DRY,NO DEFECTS,NOT ON SCENE (DESK REPORT),INJURY AND / OR TOW DUE TO CRASH,,,,$500 OR LESS,07/05/2025 10:30:00 AM,UNABLE TO DETERMINE,UNABLE TO DETERMINE,5548,W,BELMONT AVE,1633,,,,,,,2,NONINCAPACITATING INJURY,1,0,0,1,0,2,0,9,7,7,41.9386894628,-87.7660442311,POINT (-87.766044231056 41.938689462753)
52179c0e848a2a364311e2377c2e8975af8b8b21414083f97409c53f72e12d26204fc174f7e529aa21124fcc592b24d2b60ccdc0562e1342a4556688a85a0f82,,07/05/2025 09:45:00 AM,30,NO CONTROLS,NO CONTROLS,CLEAR,DAYLIGHT,PARKED MOTOR VEHICLE,NOT DIVIDED,,STRAIGHT AND LEVEL,DRY,NO DEFECTS,ON SCENE,INJURY AND / OR TOW DUE TO CRASH,,,,"OVER $1,500",07/05/2025 09:45:00 AM,PHYSICAL CONDITION OF DRIVER,UNABLE TO DETERMINE,5055,W,ADDISON ST,1634,,,,,,,2,NONINCAPACITATING INJURY,1,0,0,1,0,0,0,9,7,7,41.9459256639,-87.7540141622,POINT (-87.754014162185 41.945925663861)
9c057ed507701aedd866790b2e447ee3674849b4e39eb8fb7779a114385f155d320f7942079b864735e83341d7c4a368e2b227c2037a2e912eae9bfb48b0d766,,07/05/2025 09:38:00 AM,20,NO CONTROLS,NO CONTROLS,CLEAR,DAYLIGHT,SIDESWIPE SAME DIRECTION,NOT DIVIDED,,STRAIGHT AND LEVEL,DRY,UNKNOWN,NOT ON SCENE (DESK REPORT),NO INJURY / DRIVE AWAY,,,,"$501 - $1,500",07/05/2025 10:05:00 AM,IMPROPER OVERTAKING/PASSING,DRIVING SKILLS/KNOWLEDGE/EXPERIENCE,4835,S,MARSHFIELD AVE,931,,,,,,,2,NO INDICATION OF INJURY,0,0,0,0,0,4,0,9,7,7,41.8057208423,-87.665965208,POINT (-87.665965207952 41.805720842273)