CRASH_RECORD_ID,CRASH_DATE_EST_I,CRASH_DATE,POSTED_SPEED_LIMIT,TRAFFIC_CONTROL_DEVICE,DEVICE_CONDITION,WEATHER_CONDITION,LIGHTING_CONDITION,FIRST_CRASH_TYPE,TRAFFICWAY_TYPE,LANE_CNT,ALIGNMENT,ROADWAY_SURFACE_COND,ROAD_DEFECT,REPORT_TYPE,CRASH_TYPE,INTERSECTION_RELATED_I,NOT_RIGHT_OF_WAY_I,HIT_AND_RUN_I,DAMAGE,DATE_POLICE_NOTIFIED,PRIM_CONTRIBUTORY_CAUSE,SEC_CONTRIBUTORY_CAUSE,STREET_NO,STREET_DIRECTION,STREET_NAME,BEAT_OF_OCCURRENCE,PHOTOS_TAKEN_I,STATEMENTS_TAKEN_I,DOORING_I,WORK_ZONE_I,WORK_ZONE_TYPE,WORKERS_PRESENT_I,NUM_UNITS,MOST_SEVERE_INJURY,INJURIES_TOTAL,INJURIES_FATAL,INJURIES_INCAPACITATING,INJURIES_NON_INCAPACITATING,INJURIES_REPORTED_NOT_EVIDENT,INJURIES_NO_INDICATION,INJURIES_UNKNOWN,CRASH_HOUR,CRASH_DAY_OF_WEEK,CRASH_MONTH,LATITUDE,LONGITUDE,LOCATION
48bb1dda58f4e497997b2dec907d24449b0a23506ad5e38f4bacb72c31ba4d092b3da27670f0bdba29c7ae9b30be63ed2b96228a728e0e8019f9d87e216f1f29,,07/05/2025 09:30:00 AM,25,TRAFFIC SIGNAL,FUNCTIONING PROPERLY,CLEAR,DAYLIGHT,REAR END,FOUR WAY,,STRAIGHT AND LEVEL,DRY,NO DEFECTS,NOT ON SCENE (DESK REPORT),INJURY AND / OR TOW DUE TO CRASH,,,,"OVER $1,500",07/05/2025 10:50:00 AM,UNABLE TO DETERMINE,NOT APPLICABLE,4457,N,WESTERN AVE,1911,,,,,,,2,"REPORTED, NOT EVIDENT",1,0,0,0,1,1,0,9,7,7,41.9629942492,-87.6885837998,POINT (-87.688583799823 41.962994249197)
ac8c4178c2b30d7e657479c800c88fded2223790e54ff6233fc5d24369529e64ddf6f6494f85515e99afaa09033824744b6a2b059a0c2aab40ebbba4ad29e28e,,07/05/2025 09:29:00 AM,30,TRAFFIC SIGNAL,FUNCTIONING PROPERLY,CLEAR,DAYLIGHT,TURNING,FOUR WAY,,STRAIGHT AND LEVEL,DRY,NO DEFECTS,ON SCENE,INJURY AND / OR TOW DUE TO CRASH,Y,,,"OVER $1,500",07/05/2025 09:29:00 AM,IMPROPER TURNING/NO SIGNAL,UNABLE TO DETERMINE,4757,N,WESTERN AVE,1911,,,,,,,2,NO INDICATION OF INJURY,0,0,0,0,0,2,0,9,7,7,41.9684124259,-87.6887551118,POINT (-87.688755111819 41.968412425893)
79962f247191e5ef55e0dd9a50491d7a880959773bf59b98119f865ac318573f101e96d950318ac5f4ed38d1c58659f761793de2a4a67406fb0cd7e2670d5d6e,,07/05/2025 09:20:00 AM,35,NO CONTROLS,NO CONTROLS,CLEAR,DAYLIGHT,REAR END,NOT DIVIDED,,STRAIGHT AND LEVEL,DRY,NO DEFECTS,NOT ON SCENE (DESK REPORT),NO INJURY / DRIVE AWAY,,,,"$501 - $1,500",07/05/2025 09:30:00 AM,UNABLE TO DETERMINE,UNABLE TO DETERMINE,5599,N,PULASKI RD,1712,,,,,,,2,NO INDICATION OF INJURY,0,0,0,0,0,2,0,9,7,7,41.9827403392,-87.7282833701,POINT (-87.728283370142 41.982740339219)
1d396b4c38a15ee105cab313e67691bb164c7530c0c154dca9229629a8f8395a9a37c6701624c473bac68b4c9ac0cbdd2956e0a0096fbfa180f1cd23fc546503,,07/05/2025 09:04:00 AM,25,NO CONTROLS,NO CONTROLS,CLEAR,DAYLIGHT,REAR END,NOT DIVIDED,,STRAIGHT AND LEVEL,DRY,NO DEFECTS,,INJURY AND / OR TOW DUE TO CRASH,,,,"OVER $1,500",07/05/2025 09:06:00 AM,NOT APPLICABLE,NOT APPLICABLE,4134,S,STATE ST,213,,,,,,,2,NO INDICATION OF INJURY,0,0,0,0,0,2,0,9,7,7,41.8191507815,-87.6264889778,POINT (-87.626488977782 41.819150781484)
4b5c9f55d0619721001fb2c290132bd20aa830ca12888bde5cd9588dabd5f0f773181cd4ed3bd496dc0708522aee74bda4531545c9ee2e785fe7ef3d27d6dcd7,,07/05/2025 09:00:00 AM,30,NO CONTROLS,NO CONTROLS,CLEAR,DAYLIGHT,REAR END,NOT DIVIDED,,STRAIGHT AND LEVEL,DRY,NO DEFECTS,NOT ON SCENE (DESK REPORT),NO INJURY / DRIVE AWAY,Y,,,"OVER $1,500",07/05/2025 11:11:00 AM,FAILING TO REDUCE SPEED TO AVOID CRASH,UNABLE TO DETERMINE,4958,W,DIVERSEY AVE,2521,,,,,,,2,NO INDICATION OF INJURY,0,0,0,0,0,2,0,9,7,7,41.9315787362,-87.7513860724,POINT (-87.751386072354 41.931578736231)
7ab1b77fa6312c963eda67920f7fc4b53b9d53c5bad5d92354ceffac1fdc62b820bd30ae17a53444190879bc3cd777395f488046d26d887bae475f04f1dff7b7,,07/05/2025 09:00:00 AM,35,NO CONTROLS,NO CONTROLS,CLEAR,DAYLIGHT,REAR END,NOT DIVIDED,,STRAIGHT AND LEVEL,DRY,NO DEFECTS,,NO INJURY / DRIVE AWAY,,,,$500 OR LESS,07/05/2025 01:50:00 PM,UNABLE TO DETERMINE,NOT APPLICABLE,50,W,IDA B WELLS DR,113,,,,,,,2,NO INDICATION OF INJURY,0,0,0,0,0,2,0,9,7,7,41.8757346084,-87.6294391189,POINT (-87.629439118933 41.875734608374)
fa73289bb18bd7f992b4fc40a11428bcbfd5f5e3b304f5c0101dd028271e52b266823e489f5bf4657a13520478f1f76d4fc7e2f9a56e127cc1f5a79a828c1020,,07/05/2025 08:52:00 AM,30,NO CONTROLS,NO CONTROLS,CLEAR,DAYLIGHT,REAR END,ONE-WAY,,STRAIGHT AND LEVEL,DRY,NO DEFECTS,ON SCENE,NO INJURY / DRIVE AWAY,,,,$500 OR LESS,07/05/2025 09:06:00 AM,DISTRACTION - FROM OUTSIDE VEHICLE,FOLLOWING TOO CLOSELY,600,W,HARRISON ST,124,,,,,,,2,NO INDICATION OF INJURY,0,0,0,0,0,2,0,8,7,7,41.8744800119,-87.6424987862,POINT (-87.642498786188 41.874480011931)
d11ae33631e4f93daee7fbd71a06dd1f7fc10e9a799118e2ed6f90e2a6d610877c4acd88b97a950db06cc811abcb1fe1f7c30a1bafe8973fe89169565d8cc392,,07/05/2025 08:48:00 AM,30,TRAFFIC SIGNAL,NO CONTROLS,CLEAR,DAYLIGHT,REAR END,NOT DIVIDED,,STRAIGHT AND LEVEL,DRY,NO DEFECTS,NOT ON SCENE (DESK REPORT),NO INJURY / DRIVE AWAY,,,,"$501 - $1,500",07/06/2025 01:08:00 PM,FOLLOWING TOO CLOSELY,NOT APPLICABLE,4301,S,CALIFORNIA AVE,922,,,,,,,2,NO INDICATION OF INJURY,0,0,0,0,0,5,0,8,7,7,41.8154571033,-87.6942761082,POINT (-87.69427610822 41.815457103305)
57a2eb8fdcb304ee9431c1d2152cd659dc88698a74afcef060d54232da130de0f02c0aaed80a64afd797f9152b2b1be8e87260752338bfe6d590b27a7a361499,,07/05/2025 08:44:00 AM,30,TRAFFIC SIGNAL,FUNCTIONING PROPERLY,CLEAR,DAYLIGHT,ANGLE,FOUR WAY,,STRAIGHT AND LEVEL,DRY,NO DEFECTS,ON SCENE,INJURY AND / OR TOW DUE TO CRASH,Y,,,"OVER $1,500",07/05/2025 08:44:00 AM,DISREGARDING TRAFFIC SIGNALS,DISREGARDING TRAFFIC SIGNALS,5900,S,UNION AVE,711,,,,,,,2,"REPORTED, NOT EVIDENT",1,0,0,0,1,1,0,8,7,7,41.7869667319,-87.6426784626,POINT (-87.642678462623 41.786966731912)
a2b6715aaf842336745a3df97236f17647d268743b1e8eaadc0f1aef9bc373fc25899a01e838ae7019660fece200a5617417dd602f6d2fc211243a3622086f6e,,07/05/2025 08:30:00 AM,30,NO CONTROLS,NO CONTROLS,CLEAR,DAYLIGHT,OTHER OBJECT,NOT DIVIDED,,STRAIGHT AND LEVEL,DRY,NO DEFECTS,ON SCENE,INJURY AND / OR TOW DUE TO CRASH,,,,"OVER $1,500",07/05/2025 08:30:00 AM,PHYSICAL CONDITION OF DRIVER,NOT APPLICABLE,4100,S,ASHLAND AVE,924,,,,,,,1,NO INDICATION OF INJURY,0,0,0,0,0,1,0,8,7,7,41.8194414263,-87.6653755449,POINT (-87.665375544909 41.819441426296)
f715588ac23acfa10cf93a986c8cbf03997ef82270c032409b7c8e0158c20bba63f81ed703b56069420dde113fad00dfdffdc93b8bd1c35d386edfbc335531cb,Y,07/05/2025 08:30:00 AM,30,NO CONTROLS,NO CONTROLS,CLEAR,DAYLIGHT,PARKED MOTOR VEHICLE,NOT DIVIDED,,STRAIGHT AND LEVEL,UNKNOWN,UNKNOWN,NOT ON SCENE (DESK REPORT),NO INJURY / DRIVE AWAY,,,Y,"OVER $1,500",07/10/2025 02:27:00 PM,UNABLE TO DETERMINE,NOT APPLICABLE,2407,W,WILSON AVE,1911,,,,,,,2,NO INDICATION OF INJURY,0,0,0,0,0,1,0,8,7,7,41.9647487799,-87.6890997186,POINT (-87.689099718556 41.964748779893)
9609bc2c72e2c5f4d5be4bb9900cab99af11881fdbe9451f24aefe03aed21c40d4992982e2d564dd9a2b12a2fd885c31f3615f02db286d0eaec964beca8002d5,,07/05/2025 08:23:00 AM,20,NO CONTROLS,NO CONTROLS,CLEAR,DAYLIGHT,PEDESTRIAN,ALLEY,,STRAIGHT AND LEVEL,DRY,NO DEFECTS,ON SCENE,INJURY AND / OR TOW DUE TO CRASH,,,Y,"OVER $1,500",07/05/2025 08:23:00 AM,UNABLE TO DETERMINE,UNABLE TO DETERMINE,7610,N,PAULINA ST,2422,,,,,,,2,NONINCAPACITATING INJURY,1,0,0,1,0,1,0,8,7,7,42.0197543906,-87.6732404218,POINT (-87.673240421823 42.019754390605)
4bec8c30ffc14e84cf0079049df6259a50a82e234f755a76d2e151f8e37aa32bc3836cb01ed43fb95216a831fc414310e16db79458f6790b593df3334032f04a,,07/05/2025 08:04:00 AM,30,NO CONTROLS,NO CONTROLS,CLEAR,DAYLIGHT,SIDESWIPE SAME DIRECTION,DIVIDED - W/MEDIAN (NOT RAISED),,STRAIGHT AND LEVEL,DRY,NO DEFECTS,ON SCENE,INJURY AND / OR TOW DUE TO CRASH,,,,"OVER $1,500",07/05/2025 08:05:00 AM,UNABLE TO DETERMINE,UNABLE TO DETERMINE,3143,W,DEVON AVE,2413,,,,,,,2,NONINCAPACITATING INJURY,1,0,0,1,0,2,0,8,7,7,41.9972916721,-87.7086265397,POINT (-87.708626539743 41.997291672142)
b216cc8920d6d9b424699ebfa2e8375a2095993076fd9669cb572fde62ffbd754466d08cd3b0a875dd159b248c6db4319ff25b5111a581eff660cf66b9d95541,Y,07/05/2025 08:00:00 AM,10,NO CONTROLS,NO CONTROLS,CLEAR,DAYLIGHT,PARKED MOTOR VEHICLE,PARKING LOT,,STRAIGHT AND LEVEL,DRY,NO DEFECTS,NOT ON SCENE (DESK REPORT),NO INJURY / DRIVE AWAY,,Y,Y,"$501 - $1,500",07/05/2025 09:35:00 AM,UNABLE TO DETERMINE,UNABLE TO DETERMINE,2630,N,NARRAGANSETT AVE,2512,,,,,,,2,NO INDICATION OF INJURY,0,0,0,0,0,1,0,8,7,7,41.9282789928,-87.7857612572,POINT (-87.785761257196 41.928278992821)
8be8e16dde2445006546715d11da31d13852ba410fe05d9227171e06aec763529d3193259214a6db9951f26804ea571fffa284fc8933b65cb142f428056f45eb,,07/05/2025 07:45:00 AM,30,TRAFFIC SIGNAL,FUNCTIONING PROPERLY,CLEAR,DAYLIGHT,ANGLE,NOT DIVIDED,,STRAIGHT AND LEVEL,DRY,NO DEFECTS,ON SCENE,INJURY AND / OR TOW DUE TO CRASH,Y,,,"OVER $1,500",07/05/2025 07:50:00 AM,DISREGARDING TRAFFIC SIGNALS,FAILING TO REDUCE SPEED TO AVOID CRASH,3160,W,BRYN MAWR AVE,1711,,,,,,,3,NONINCAPACITATING INJURY,1,0,0,1,0,3,0,7,7,7,41.9831788938,-87.7087809382,POINT (-87.70878093821 41.983178893849)
60b4bd870e8ca146af9862e3647b4fad82f9719f1961f24f7a984e0140ca3edca7b142daaca8547c14db81ee92207015bd4f92ac635aaf3ff16befe99b543617,,07/05/2025 07:32:00 AM,30,NO CONTROLS,UNKNOWN,CLEAR,DAYLIGHT,OTHER OBJECT,PARKING LOT,,STRAIGHT AND LEVEL,DRY,UNKNOWN,NOT ON SCENE (DESK REPORT),NO INJURY / DRIVE AWAY,,Y,,"OVER $1,500",07/05/2025 09:18:00 AM,UNABLE TO DETERMINE,UNABLE TO DETERMINE,8302,S,ASHLAND AVE,614,,N,,,,,1,NO INDICATION OF INJURY,0,0,0,0,0,1,0,7,7,7,41.7429270352,-87.6633954529,POINT (-87.663395452869 41.742927035182)
69d7924ec97a2eb0994dfc3b6cf2037eff46ff8f81813f5cab924c7ccb7ffde186e74b56fb00968bb03953e10b601249a00b932e26b165e726e2678d6cdb2a77,,07/05/2025 07:30:00 AM,30,TRAFFIC SIGNAL,UNKNOWN,CLEAR,DAYLIGHT,OTHER NONCOLLISION,DIVIDED - W/MEDIAN BARRIER,,STRAIGHT AND LEVEL,DRY,"RUT, HOLES",NOT ON SCENE (DESK REPORT),INJURY AND / OR TOW DUE TO CRASH,Y,,,"OVER $1,500",08/16/2025 08:52:00 AM,ROAD CONSTRUCTION/MAINTENANCE,NOT APPLICABLE,298,E,LOWER WACKER DR,114,,,,,,,1,NO INDICATION OF INJURY,0,0,0,0,0,1,0,7,7,7,41.8881155444,-87.620737732,POINT (-87.620737731996 41.888115544351)
b129fb9c10cc9fdecfe6dcebdc52de853ca5e5a46a14687e8ad6840f2c3b13e9efb8f464f8d05e85774b3088ff20e3200dfe8ffc900f049d635b8caefd29e943,,07/05/2025 07:30:00 AM,30,NO CONTROLS,NO CONTROLS,CLEAR,DAYLIGHT,HEAD ON,NOT DIVIDED,,STRAIGHT AND LEVEL,DRY,NO DEFECTS,ON SCENE,INJURY AND / OR TOW DUE TO CRASH,,,Y,"OVER $1,500",07/05/2025 07:41:00 AM,UNABLE TO DETERMINE,NOT APPLICABLE,5669,W,WASHINGTON BLVD,1513,,,,,,,5,NONINCAPACITATING INJURY,2,0,0,2,0,0,0,7,7,7,41.8820915065,-87.7676224106,POINT (-87.767622410583 41.882091506538)
44726d01d0e96b8b0637a4c0612fc9bc68bc8d74489fb896de3495f6c82a557e7f9bdb316c314d121d1a48ed3d363a06ee26b81f2668ce5534d157495c3c914f,,07/05/2025 07:12:00 AM,30,NO CONTROLS,NO CONTROLS,CLEAR,DAYLIGHT,PARKED MOTOR VEHICLE,NOT DIVIDED,,STRAIGHT AND LEVEL,DRY,NO DEFECTS,ON SCENE,NO INJURY / DRIVE AWAY,,,,"$501 - $1,500",07/05/2025 07:14:00 AM,UNDER THE INFLUENCE OF ALCOHOL/DRUGS (USE WHEN ARREST IS EFFECTED),UNDER THE INFLUENCE OF ALCOHOL/DRUGS (USE WHEN ARREST IS EFFECTED),5732,W,HIGGINS AVE,1622,,,,,,,2,NO INDICATION OF INJURY,0,0,0,0,0,1,0,7,7,7,41.9715965433,-87.7718563918,POINT (-87.771856391827 41.971596543297)
6d318bc092983c5b6649cc698e5a4a4a15a200d4a4877441dd42780ba18133c60e7a5758541af76a6512046380cdfb4964c6984bd880389efab914eeff03dd46,,07/05/2025 06:30:00 AM,30,TRAFFIC SIGNAL,FUNCTIONING PROPERLY,CLEAR,DAYLIGHT,REAR END,NOT DIVIDED,,STRAIGHT AND LEVEL,DRY,NO DEFECTS,ON SCENE,NO INJURY / DRIVE AWAY,,,Y,"OVER $1,500",07/05/2025 07:14:00 AM,IMPROPER OVERTAKING/PASSING,FAILING TO YIELD RIGHT-OF-WAY,6358,N,NAGLE AVE,1611,,,,,,,2,NO INDICATION OF INJURY,0,0,0,0,0,5,0,6,7,7,41.9973348399,-87.7875905767,POINT (-87.787590576723 41.99733483992)
62725c62122295c2b22f4fc8beeb559ec56c9e1b728de92ee11df8f398bf5bee18aff1c032f57b81eb422d494546287c971bae9fa6f04217932c7548b3688852,,07/05/2025 06:26:00 AM,30,NO CONTROLS,NO CONTROLS,CLEAR,DAYLIGHT,PEDALCYCLIST,NOT DIVIDED,,STRAIGHT AND LEVEL,DRY,NO DEFECTS,NOT ON SCENE (DESK REPORT),INJURY AND / OR TOW DUE TO CRASH,,,Y,"OVER $1,500",07/05/2025 12:29:00 PM,UNABLE TO DETERMINE,NOT APPLICABLE,599,S,FRANCISCO AVE,1135,,,,,,,2,NONINCAPACITATING INJURY,1,0,0,1,0,1,0,6,7,7,41.8738309438,-87.6984097962,POINT (-87.698409796205 41.873830943787)
5d6f45ad19e93696af657e78a0fc4f5438df727613b3a6e8f42ae41f659ad0c2dc2e338b3456512c0fef91967241016c32410d16201ac70fbd2d060eb7c76554,,07/05/2025 05:56:00 AM,25,NO CONTROLS,NO CONTROLS,CLEAR,DAYLIGHT,PARKED MOTOR VEHICLE,NOT DIVIDED,,STRAIGHT AND LEVEL,DRY,NO DEFECTS,ON SCENE,INJURY AND / OR TOW DUE TO CRASH,,,Y,"OVER $1,500",07/05/2025 06:50:00 AM,UNABLE TO DETERMINE,UNABLE TO DETERMINE,614,S,KILPATRICK AVE,1131,,,,,,,2,NO INDICATION OF INJURY,0,0,0,0,0,1,0,5,7,7,41.872686732,-87.7426909066,POINT (-87.742690906576 41.872686731999)
cbe792d1e6b8108f35994cdbf24d30546fc99e14080a695db7f53b1948664c84a06ccd9a96c487905a3b56af8d1d8ece91b72a625ebff710888a68eb8233c2cf,,07/05/2025 05:40:00 AM,30,NO CONTROLS,NO CONTROLS,CLEAR,DAYLIGHT,PARKED MOTOR VEHICLE,NOT DIVIDED,,STRAIGHT AND LEVEL,DRY,UNKNOWN,ON SCENE,INJURY AND / OR TOW DUE TO CRASH,,,Y,"OVER $1,500",07/05/2025 05:45:00 AM,UNABLE TO DETERMINE,UNABLE TO DETERMINE,2512,E,74TH ST,334,,,,,,,2,NO INDICATION OF INJURY,0,0,0,0,0,1,0,5,7,7,41.7609593868,-87.5626834992,POINT (-87.56268349918 41.760959386764)
e0fb8e7342656bff03a1b583851a312673c82bbed9a1513bf461a472b868b554a3425b512544029296792f45ca1469754ff089b2c4e0d30ee1ffaaac725e4903,,07/05/2025 05:25:00 AM,30,NO CONTROLS,NO CONTROLS,CLEAR,DAWN,PARKED MOTOR VEHICLE,ONE-WAY,,STRAIGHT AND LEVEL,DRY,NO DEFECTS,NOT ON SCENE (DESK REPORT),NO INJURY / DRIVE AWAY,,,,"OVER $1,500",07/05/2025 05:30:00 AM,PHYSICAL CONDITION OF DRIVER,NOT APPLICABLE,5500,W,GEORGE ST,2514,,,,,,,2,NO INDICATION OF INJURY,0,0,0,0,0,1,0,5,7,7,41.9332401239,-87.7639157446,POINT (-87.763915744567 41.933240123867)
64f41a5a18a9eeafb41bc2c0888eaae9e012ac0854fadd03cb54e5da68c941ac8d08152f1b72149e9d11fb76b46a7aab7775d441ef6d84bbbc6fa9fe084273e0,Y,07/05/2025 05:22:00 AM,30,NO CONTROLS,NO CONTROLS,UNKNOWN,UNKNOWN,PARKED MOTOR VEHICLE,NOT DIVIDED,,STRAIGHT AND LEVEL,DRY,NO DEFECTS,ON SCENE,NO INJURY / DRIVE AWAY,,,Y,"OVER $1,500",07/05/2025 11:15:00 AM,UNABLE TO DETERMINE,NOT APPLICABLE,5512,S,HYDE PARK BLVD,235,,,,,,,3,NO INDICATION OF INJURY,0,0,0,0,0,1,0,5,7,7,41.7947986587,-87.5840881225,POINT (-87.58408812246 41.794798658673)
7377b228717dd3450abb329ee505e6db081d5de16881bdad452a5b89d8f7ff326820b2518104544948d5a3073fd81d4d339b456fc3f6c0adb52bdc51f1f33588,Y,07/05/2025 05:00:00 AM,30,STOP SIGN/FLASHER,FUNCTIONING PROPERLY,CLEAR,UNKNOWN,FIXED OBJECT,NOT DIVIDED,,STRAIGHT AND LEVEL,DRY,UNKNOWN,ON SCENE,INJURY AND / OR TOW DUE TO CRASH,,,,"OVER $1,500",07/05/2025 06:47:00 AM,UNABLE TO DETERMINE,UNABLE TO DETERMINE,6900,S,HAMLIN AVE,833,,,,,,,1,NO INDICATION OF INJURY,0,0,0,0,0,1,0,5,7,7,41.7677602757,-87.7177315218,POINT (-87.71773152184 41.767760275669)
978aa0a3b45a5a6f21963929b2745122348cc1c3b4141988d21108152f4ad9dfdcd33d62420e0f25cb9e4bbdd04da658fa6974b0ec49d4820b4b2215d91a550d,Y,07/05/2025 05:00:00 AM,30,NO CONTROLS,NO CONTROLS,UNKNOWN,UNKNOWN,PARKED MOTOR VEHICLE,DIVIDED - W/MEDIAN (NOT RAISED),,STRAIGHT AND LEVEL,UNKNOWN,NO DEFECTS,ON SCENE,NO INJURY / DRIVE AWAY,,,Y,"OVER $1,500",07/05/2025 10:30:00 AM,UNABLE TO DETERMINE,NOT APPLICABLE,419,S,CENTRAL AVE,1522,,,,,,,2,NO INDICATION OF INJURY,0,0,0,0,0,1,0,5,7,7,41.8740779031,-87.7644885443,POINT (-87.764488544264 41.874077903058)
dc2e2d487c6aa4f64b390d6862e25c2b004bcdd82417d8888a7e25f4fc9f1bdb6735840ed156fc1d261fa037b48c29da30fa37cec078f46c74a3e76a05a11f5c,,07/05/2025 05:00:00 AM,30,NO CONTROLS,NO CONTROLS,CLEAR,DAYLIGHT,FIXED OBJECT,NOT DIVIDED,,STRAIGHT AND LEVEL,DRY,NO DEFECTS,ON SCENE,NO INJURY / DRIVE AWAY,,Y,,$500 OR LESS,07/05/2025 05:22:00 AM,PHYSICAL CONDITION OF DRIVER,UNABLE TO DETERMINE,1753,W,75TH PL,611,,,,,,,2,NO INDICATION OF INJURY,0,0,0,0,0,2,0,5,7,7,41.7569458399,-87.6681508319,POINT (-87.668150831891 41.756945839866)
5162773151b7ac8085ec4f274137a088a2aacee185794bd22573d1b299ee9a3cedca6adafc363efb6859973354d59942b71e18c2b62df526414265eaedbd6136,,07/05/2025 04:55:00 AM,30,TRAFFIC SIGNAL,FUNCTIONING PROPERLY,CLEAR,DAWN,TURNING,"FIVE POINT, OR MORE",,STRAIGHT AND LEVEL,DRY,NO DEFECTS,NOT ON SCENE (DESK REPORT),NO INJURY / DRIVE AWAY,Y,,,"OVER $1,500",07/05/2025 05:10:00 AM,FAILING TO YIELD RIGHT-OF-WAY,DISREGARDING OTHER TRAFFIC SIGNS,7900,S,STONY ISLAND AVE,411,,,,,,,2,NO INDICATION OF INJURY,0,0,0,0,0,2,0,4,7,7,41.7514606032,-87.585971993,POINT (-87.585971992965 41.751460603167)
94144369dc7d9883d33fea8a89a43eecd66a4a5061319736cd598cfad23b75f80431112909519a6907e3f88a7edfaa269959fcc563b37eb07543be620aaf37b2,,07/05/2025 04:42:00 AM,20,NO CONTROLS,NO CONTROLS,CLEAR,"DARKNESS, LIGHTED ROAD",PARKED MOTOR VEHICLE,NOT DIVIDED,,STRAIGHT AND LEVEL,DRY,UNKNOWN,ON SCENE,INJURY AND / OR TOW DUE TO CRASH,,,Y,"OVER $1,500",07/05/2025 04:42:00 AM,UNABLE TO DETERMINE,NOT APPLICABLE,710,E,68TH ST,321,,,,,,,2,NO INDICATION OF INJURY,0,0,0,0,0,1,0,4,7,7,41.7713981642,-87.6077012044,POINT (-87.607701204391 41.771398164193)
e57b7330dfab675ba7aa0cce8632709509149507b2ae1b4d59aa65b475cc3f7957506ee76534d55b1fdbb0aa8840ea002fa4e528e4a5771bc0a2ed157921a208,,07/05/2025 04:29:00 AM,30,NO CONTROLS,NO CONTROLS,CLEAR,DARKNESS,PARKED MOTOR VEHICLE,NOT DIVIDED,,STRAIGHT AND LEVEL,UNKNOWN,UNKNOWN,NOT ON SCENE (DESK REPORT),NO INJURY / DRIVE AWAY,,,,"OVER $1,500",07/05/2025 10:05:00 AM,UNABLE TO DETERMINE,UNABLE TO DETERMINE,1702,S,CLINTON ST,1235,,,,,,,2,NO INDICATION OF INJURY,0,0,0,0,0,1,0,4,7,7,41.8586055921,-87.641050941,POINT (-87.641050941012 41.858605592101)
691b4ad9a3e87be22b0ec2b534467672065204a9aa2b06e5e1bd5fd498edafef437545fec7f9699148ac429b1e65bafd9716679b20429fac3aad5e0dd7c4ebf6,,07/05/2025 04:15:00 AM,30,NO CONTROLS,NO CONTROLS,CLEAR,DAWN,OTHER OBJECT,NOT DIVIDED,,STRAIGHT AND LEVEL,DRY,NO DEFECTS,NOT ON SCENE (DESK REPORT),INJURY AND / OR TOW DUE TO CRASH,,Y,,"OVER $1,500",07/05/2025 04:58:00 AM,FAILING TO REDUCE SPEED TO AVOID CRASH,UNABLE TO DETERMINE,11747,S,TORRENCE AVE,434,,,,,,,1,NO INDICATION OF INJURY,0,0,0,0,0,1,0,4,7,7,41.6814031381,-87.5591929239,POINT (-87.559192923932 41.681403138146)
1b8adaf32c847e97a25d33bab9ee3639b3b0354a514532c748953880981356b339f3048210928da25f490cb9582fb1e84a084b3a5b2aaf47a3f6efe212f2b046,,07/05/2025 04:00:00 AM,30,NO CONTROLS,NO CONTROLS,CLEAR,"DARKNESS, LIGHTED ROAD",PEDESTRIAN,NOT DIVIDED,,STRAIGHT AND LEVEL,DRY,NO DEFECTS,NOT ON SCENE (DESK REPORT),INJURY AND / OR TOW DUE TO CRASH,,,,$500 OR LESS,07/06/2025 05:25:00 PM,NOT APPLICABLE,NOT APPLICABLE,12323,S,PRINCETON AVE,523,,,,,,,2,NONINCAPACITATING INJURY,2,0,0,2,0,2,0,4,7,7,41.6699530609,-87.6294765003,POINT (-87.62947650029 41.669953060876)
3b269b88cf56437dd41f04461ebced2b5afaa0ff94a93a8512fee120ad13b477f91dc8b70da017044dfe0ccefe9574b900e7973abda74d7313bde90b806e11ef,Y,07/05/2025 03:40:00 AM,30,TRAFFIC SIGNAL,FUNCTIONING PROPERLY,CLEAR,"DARKNESS, LIGHTED ROAD",HEAD ON,FOUR WAY,,STRAIGHT AND LEVEL,DRY,NO DEFECTS,ON SCENE,INJURY AND / OR TOW DUE TO CRASH,Y,,Y,"OVER $1,500",07/05/2025 03:40:00 AM,DRIVING ON WRONG SIDE/WRONG WAY,"OPERATING VEHICLE IN ERRATIC, RECKLESS, CARELESS, NEGLIGENT OR AGGRESSIVE MANNER",500,S,ASHLAND AVE,1231,,,,,,,2,NONINCAPACITATING INJURY,1,0,0,1,0,2,0,3,7,7,41.8751258946,-87.6667717745,POINT (-87.666771774482 41.875125894617)
252eabcde5e4818cda4b554b5859b8e1af4a2e6f2be93c09f872c88e41f7532c626b49e5ae66dafcd8e4ffa152b45833c3e4e52b15acbfbfd6502660094f08fe,,07/05/2025 03:38:00 AM,30,TRAFFIC SIGNAL,FUNCTIONING PROPERLY,CLEAR,"DARKNESS, LIGHTED ROAD",SIDESWIPE SAME DIRECTION,DIVIDED - W/MEDIAN BARRIER,,STRAIGHT AND LEVEL,DRY,NO DEFECTS,NOT ON SCENE (DESK REPORT),NO INJURY / DRIVE AWAY,,,Y,"OVER $1,500",07/05/2025 04:40:00 AM,IMPROPER OVERTAKING/PASSING,UNABLE TO DETERMINE,340,S,ASHLAND AVE,1231,,,,,,,2,NO INDICATION OF INJURY,0,0,0,0,0,3,0,3,7,7,41.8763884889,-87.6668123501,POINT (-87.666812350149 41.876388488923)