CRASH_RECORD_ID,CRASH_DATE_EST_I,CRASH_DATE,POSTED_SPEED_LIMIT,TRAFFIC_CONTROL_DEVICE,DEVICE_CONDITION,WEATHER_CONDITION,LIGHTING_CONDITION,FIRST_CRASH_TYPE,TRAFFICWAY_TYPE,LANE_CNT,ALIGNMENT,ROADWAY_SURFACE_COND,ROAD_DEFECT,REPORT_TYPE,CRASH_TYPE,INTERSECTION_RELATED_I,NOT_RIGHT_OF_WAY_I,HIT_AND_RUN_I,DAMAGE,DATE_POLICE_NOTIFIED,PRIM_CONTRIBUTORY_CAUSE,SEC_CONTRIBUTORY_CAUSE,STREET_NO,STREET_DIRECTION,STREET_NAME,BEAT_OF_OCCURRENCE,PHOTOS_TAKEN_I,STATEMENTS_TAKEN_I,DOORING_I,WORK_ZONE_I,WORK_ZONE_TYPE,WORKERS_PRESENT_I,NUM_UNITS,MOST_SEVERE_INJURY,INJURIES_TOTAL,INJURIES_FATAL,INJURIES_INCAPACITATING,INJURIES_NON_INCAPACITATING,INJURIES_REPORTED_NOT_EVIDENT,INJURIES_NO_INDICATION,INJURIES_UNKNOWN,CRASH_HOUR,CRASH_DAY_OF_WEEK,CRASH_MONTH,LATITUDE,LONGITUDE,LOCATION
0b2b8895effdb84dbc98727be8d631abbe6ed3a1add75f03059426f167843f62b9481178d341be35438499cc4f6eb499bd83cea5d22e38f965f2da24664cfad6,,07/05/2025 03:33:00 AM,30,TRAFFIC SIGNAL,FUNCTIONING PROPERLY,CLEAR,DARKNESS,ANGLE,NOT DIVIDED,,STRAIGHT AND LEVEL,DRY,NO DEFECTS,ON SCENE,INJURY AND / OR TOW DUE TO CRASH,Y,,,"OVER $1,500",07/05/2025 03:36:00 AM,DISREGARDING TRAFFIC SIGNALS,NOT APPLICABLE,4301,S,MICHIGAN AVE,215,,,,,,,2,NO INDICATION OF INJURY,0,0,0,0,0,2,0,3,7,7,41.8164500213,-87.6228824346,POINT (-87.622882434589 41.816450021309)
9d213c04df4c6bab36f4f87607fb3c680fcd801eb30153514ad41f6b6f3b98575fa4cb285ebfbbd665c1f0c3bf89af0ebeecc8f06077845c7ff36d9fbb9d4ff5,,07/05/2025 03:33:00 AM,30,TRAFFIC SIGNAL,FUNCTIONING PROPERLY,CLEAR,"DARKNESS, LIGHTED ROAD",ANGLE,FOUR WAY,,STRAIGHT AND LEVEL,DRY,NO DEFECTS,ON SCENE,INJURY AND / OR TOW DUE TO CRASH,,,Y,"OVER $1,500",07/05/2025 03:33:00 AM,UNABLE TO DETERMINE,UNABLE TO DETERMINE,8700,S,STONY ISLAND AVE,412,,,,,,,2,"REPORTED, NOT EVIDENT",1,0,0,0,1,3,0,3,7,7,41.7368226302,-87.5857834203,POINT (-87.585783420329 41.736822630157)
3495dee9b6b672ddfd5ae98d7fd6ad50f3832f5b4f4eda218d01214bfd7bd1abbe9bafe7afaa58101e4c60ca60d60d0ae61d09370f42739513bac380d1301e88,,07/05/2025 03:30:00 AM,20,TRAFFIC SIGNAL,FUNCTIONING PROPERLY,CLEAR,"DARKNESS, LIGHTED ROAD",ANGLE,FOUR WAY,,STRAIGHT AND LEVEL,DRY,NO DEFECTS,ON SCENE,INJURY AND / OR TOW DUE TO CRASH,Y,,,"OVER $1,500",07/05/2025 03:45:00 AM,DISREGARDING TRAFFIC SIGNALS,NOT APPLICABLE,6300,S,CICERO AVE,813,,,,,,,3,NO INDICATION OF INJURY,0,0,0,0,0,5,0,3,7,7,41.7783353905,-87.7424364942,POINT (-87.74243649416 41.778335390453)
4bdee0aaa55911a548ba7c4a15094f03abcaa9de4ac5e019a287e5453cac398379b2fd405e5c8f0c6623290d324239cf77801f0fd63e0ea3842ba58c57e35507,,07/05/2025 03:28:00 AM,20,NO CONTROLS,NO CONTROLS,CLEAR,"DARKNESS, LIGHTED ROAD",PARKED MOTOR VEHICLE,NOT DIVIDED,,STRAIGHT AND LEVEL,DRY,NO DEFECTS,ON SCENE,INJURY AND / OR TOW DUE TO CRASH,,,Y,"OVER $1,500",07/05/2025 03:28:00 AM,UNDER THE INFLUENCE OF ALCOHOL/DRUGS (USE WHEN ARREST IS EFFECTED),NOT APPLICABLE,3823,W,31ST ST,1031,,,,,,,3,NO INDICATION OF INJURY,0,0,0,0,0,1,0,3,7,7,41.8368386563,-87.7205334273,POINT (-87.720533427284 41.836838656289)
0712f6261646ba6e2ce4f79bc77e41d78f3ef0d96ff4493718cc1372e29da20f91b4423477f28d0c76d40dece48ecf970236316f5908081815abcd4d0a6a3270,,07/05/2025 03:25:00 AM,30,NO CONTROLS,NO CONTROLS,CLEAR,"DARKNESS, LIGHTED ROAD",TURNING,DIVIDED - W/MEDIAN BARRIER,,STRAIGHT AND LEVEL,DRY,NO DEFECTS,ON SCENE,INJURY AND / OR TOW DUE TO CRASH,,,,"OVER $1,500",07/05/2025 03:30:00 AM,FAILING TO YIELD RIGHT-OF-WAY,UNABLE TO DETERMINE,5301,S,HARLEM AVE,811,,,,,,,2,NO INDICATION OF INJURY,0,0,0,0,0,2,0,3,7,7,41.7956880528,-87.8014596705,POINT (-87.801459670523 41.795688052768)
6febcf50c58cfbecde01268f07bc447cdfa58c344b5bd157011a661e1a3893a7deb148ae1ca93f055c9c3f7def519ad18048a0b16a3b7489a068b49234c0526d,,07/05/2025 03:19:00 AM,25,NO CONTROLS,NO CONTROLS,CLEAR,"DARKNESS, LIGHTED ROAD",PARKED MOTOR VEHICLE,NOT DIVIDED,,STRAIGHT AND LEVEL,DRY,NO DEFECTS,ON SCENE,INJURY AND / OR TOW DUE TO CRASH,,,,"OVER $1,500",07/05/2025 03:19:00 AM,FAILING TO REDUCE SPEED TO AVOID CRASH,NOT APPLICABLE,6319,N,OLCOTT AVE,1612,,,,,,,5,NONINCAPACITATING INJURY,1,0,0,1,0,0,0,3,7,7,41.9961096442,-87.8134326767,POINT (-87.813432676735 41.996109644183)
eb70a6e176b55e82e379ff53775008e9b1963ccf4d9d804edc6ed57205b75825ecce80fe9d9ae8d5e9796332e813bb1fad2d5730073441962d56a0aeb2f67a62,,07/05/2025 03:15:00 AM,20,UNKNOWN,UNKNOWN,UNKNOWN,"DARKNESS, LIGHTED ROAD",PARKED MOTOR VEHICLE,UNKNOWN,,STRAIGHT AND LEVEL,UNKNOWN,UNKNOWN,NOT ON SCENE (DESK REPORT),NO INJURY / DRIVE AWAY,,,Y,"OVER $1,500",07/05/2025 05:15:00 PM,UNABLE TO DETERMINE,UNABLE TO DETERMINE,1299,W,64TH ST,724,,,,,,,2,NO INDICATION OF INJURY,0,0,0,0,0,1,0,3,7,7,41.7776474897,-87.6568189046,POINT (-87.65681890459 41.777647489695)
4dc4daa03291704e0432a17f5e3f414254891c346cf3ce7e8e7f82ff13837c5b0273fb5daf898d5cf3377257dcecc694522f18cf39619bfd37eb0bee54dce636,,07/05/2025 03:00:00 AM,30,NO CONTROLS,NO CONTROLS,CLEAR,DARKNESS,FIXED OBJECT,ONE-WAY,,STRAIGHT AND LEVEL,DRY,NO DEFECTS,NOT ON SCENE (DESK REPORT),NO INJURY / DRIVE AWAY,,,Y,"OVER $1,500",07/06/2025 12:02:00 PM,UNABLE TO DETERMINE,UNABLE TO DETERMINE,918,W,78TH ST,621,,Y,,,,,2,NO INDICATION OF INJURY,0,0,0,0,0,1,0,3,7,7,41.7525233619,-87.647333604,POINT (-87.647333604017 41.752523361936)
707a4b187a292f304012db30ebca38a2b80f045d8e0f4598ef8721fa35bc9fc0f2e72468b7b1c827a2d6a4b634e6d20f94aa737030a05c8cb773e1dd355d947f,,07/05/2025 03:00:00 AM,30,NO CONTROLS,NO CONTROLS,CLEAR,DAYLIGHT,PARKED MOTOR VEHICLE,ONE-WAY,,STRAIGHT AND LEVEL,DRY,NO DEFECTS,NOT ON SCENE (DESK REPORT),NO INJURY / DRIVE AWAY,,,Y,"OVER $1,500",07/12/2025 12:50:00 PM,UNABLE TO DETERMINE,UNABLE TO DETERMINE,3817,S,ALBANY AVE,911,,,,,,,2,NO INDICATION OF INJURY,0,0,0,0,0,1,0,3,7,7,41.8238734824,-87.7018383427,POINT (-87.701838342736 41.823873482416)
67e5cffed420a1b32f54d34de768bfd77ff9868eef7e05d6200774553012c79caabcb25ed40164f78a02568e6ccd255b9dad50978cf92b2f820f7c1a72099db0,,07/05/2025 02:53:00 AM,30,NO CONTROLS,NO CONTROLS,UNKNOWN,"DARKNESS, LIGHTED ROAD",PARKED MOTOR VEHICLE,NOT DIVIDED,,STRAIGHT AND LEVEL,UNKNOWN,NO DEFECTS,NOT ON SCENE (DESK REPORT),INJURY AND / OR TOW DUE TO CRASH,,,,"OVER $1,500",07/05/2025 09:30:00 AM,UNABLE TO DETERMINE,UNABLE TO DETERMINE,1702,S,CLINTON ST,1235,,,,,,,3,NO INDICATION OF INJURY,0,0,0,0,0,2,0,2,7,7,41.8586055921,-87.641050941,POINT (-87.641050941012 41.858605592101)
0c611acd6ad25651ca0ee8ef85a653f7e1da776c3d90aa453a380fffd99901af742e4ece36dd789c2ddd57e821ee8bfede513b3f613b23f2df8c3b9546b418cf,,07/05/2025 02:45:00 AM,30,NO CONTROLS,NO CONTROLS,CLEAR,"DARKNESS, LIGHTED ROAD",PARKED MOTOR VEHICLE,ONE-WAY,,STRAIGHT AND LEVEL,DRY,NO DEFECTS,ON SCENE,NO INJURY / DRIVE AWAY,,,,"OVER $1,500",07/05/2025 03:00:00 AM,UNABLE TO DETERMINE,NOT APPLICABLE,3250,W,OHIO ST,1121,,,,,,,2,NO INDICATION OF INJURY,0,0,0,0,0,4,0,2,7,7,41.8919835011,-87.708460395,POINT (-87.708460394994 41.891983501079)
525e1b4dab098810a404e9d41398a522e263ebf544c57fc5c37961bb8869958e4cf2507d4e9f2ec7112a96530a13a1df55094c52fcddbf8d89b9157f3cb29ea4,,07/05/2025 02:45:00 AM,30,NO CONTROLS,NO CONTROLS,CLEAR,"DARKNESS, LIGHTED ROAD",PARKED MOTOR VEHICLE,DIVIDED - W/MEDIAN BARRIER,,STRAIGHT AND LEVEL,DRY,NO DEFECTS,ON SCENE,INJURY AND / OR TOW DUE TO CRASH,,,N,"OVER $1,500",07/05/2025 11:05:00 AM,UNABLE TO DETERMINE,NOT APPLICABLE,4316,S,ASHLAND AVE,924,,,,,,,2,NO INDICATION OF INJURY,0,0,0,0,0,1,0,2,7,7,41.815329858,-87.6652879904,POINT (-87.665287990429 41.815329857961)
c80172c1497abf071e99f0fbbd305a450aa1e40ac938a2541be4e2dac47bbbeeb14a8915740fd2c1e894687a0a66341eef81e4c520ee55f46e1683b74013d729,,07/05/2025 02:45:00 AM,30,NO CONTROLS,NO CONTROLS,CLEAR,"DARKNESS, LIGHTED ROAD",PARKED MOTOR VEHICLE,ONE-WAY,,STRAIGHT AND LEVEL,DRY,NO DEFECTS,NOT ON SCENE (DESK REPORT),NO INJURY / DRIVE AWAY,,,Y,"OVER $1,500",07/13/2025 05:20:00 PM,UNABLE TO DETERMINE,NOT APPLICABLE,3803,W,MONROE ST,1122,,,,,,,2,NO INDICATION OF INJURY,0,0,0,0,0,1,0,2,7,7,41.8797106669,-87.7209129614,POINT (-87.720912961381 41.879710666906)
fd45997c70457a3452d234c0319e972a7cb67971b167202468d26d541549dbe37d70f2fffa57b5f19edfa2369dc035c7f3e5bfa46cf7bdd6a5eda0bdd0978e54,,07/05/2025 02:45:00 AM,35,NO CONTROLS,NO CONTROLS,CLEAR,"DARKNESS, LIGHTED ROAD",FIXED OBJECT,DIVIDED - W/MEDIAN (NOT RAISED),,STRAIGHT AND LEVEL,DRY,NO DEFECTS,ON SCENE,NO INJURY / DRIVE AWAY,,,,"OVER $1,500",07/05/2025 02:49:00 AM,NOT APPLICABLE,NOT APPLICABLE,8229,S,COTTAGE GROVE AVE,631,,,,,,,1,NO INDICATION OF INJURY,0,0,0,0,0,1,0,2,7,7,41.7449144404,-87.6049126799,POINT (-87.604912679935 41.744914440439)
c1db4203e7705e993cff496a581dedbce5cb0cd653dd4280bf0e796c3b5af593b88bbb4219fdca2e9af740ea638d84f9d2f577df1ce02b630547bc9da528f9a1,,07/05/2025 02:30:00 AM,30,NO CONTROLS,NO CONTROLS,CLEAR,"DARKNESS, LIGHTED ROAD",OTHER OBJECT,DIVIDED - W/MEDIAN (NOT RAISED),,STRAIGHT AND LEVEL,DRY,UNKNOWN,NOT ON SCENE (DESK REPORT),NO INJURY / DRIVE AWAY,,,,"OVER $1,500",07/05/2025 12:00:00 PM,FAILING TO REDUCE SPEED TO AVOID CRASH,UNABLE TO DETERMINE,3068,S,CALIFORNIA BLVD,1034,,,,,,,1,NO INDICATION OF INJURY,0,0,0,0,0,1,0,2,7,7,,,
cb679a65f18e5526a6b9459d228dde49dc4b6cf97b646597a993288f7e32287eefa907cd38999f0252d63296a28d8899f6373a2a1e96d6e698aa3ecb9947adaa,,07/05/2025 02:22:00 AM,30,NO CONTROLS,NO CONTROLS,CLEAR,"DARKNESS, LIGHTED ROAD",PARKED MOTOR VEHICLE,FOUR WAY,,STRAIGHT AND LEVEL,DRY,NO DEFECTS,ON SCENE,NO INJURY / DRIVE AWAY,,,,"$501 - $1,500",07/05/2025 02:45:00 AM,NOT APPLICABLE,NOT APPLICABLE,3002,N,DAVLIN CT,2523,,,,,,,2,NO INDICATION OF INJURY,0,0,0,0,0,4,0,2,7,7,41.9356221896,-87.7262796937,POINT (-87.726279693676 41.935622189592)
058c746113a9a538596f526771dcc18291f4b5af7402540420f326e9f0719bc28eb82c4f0fe6995360192a7fc1afe8a8ce38eb7040358c7a561fdce04b8fd875,,07/05/2025 02:16:00 AM,30,UNKNOWN,UNKNOWN,UNKNOWN,UNKNOWN,FIXED OBJECT,UNKNOWN,,STRAIGHT AND LEVEL,DRY,UNKNOWN,ON SCENE,NO INJURY / DRIVE AWAY,,,,"OVER $1,500",07/05/2025 02:16:00 AM,UNABLE TO DETERMINE,UNABLE TO DETERMINE,10342,S,EMERALD AVE,2232,,,,,,,1,NO INDICATION OF INJURY,0,0,0,0,0,1,0,2,7,7,41.7056524017,-87.6417261837,POINT (-87.641726183697 41.705652401699)
06d3772f42d10d282ff81cd0f1e0ec2ec1be80bad70684c8821a8c24cfee85bac5769314e665b1d9a01d7a91f8998d0d565f3ec9b2d0d2372b2f883f222bd54f,,07/05/2025 02:00:00 AM,10,NO CONTROLS,NO CONTROLS,CLEAR,DAYLIGHT,PARKED MOTOR VEHICLE,ALLEY,,STRAIGHT AND LEVEL,DRY,UNKNOWN,NOT ON SCENE (DESK REPORT),NO INJURY / DRIVE AWAY,,,Y,"OVER $1,500",07/06/2025 11:47:00 AM,UNABLE TO DETERMINE,NOT APPLICABLE,711,S,INDEPENDENCE BLVD,1133,,,,,,,2,NO INDICATION OF INJURY,0,0,0,0,0,1,0,2,7,7,41.8722389088,-87.7195784017,POINT (-87.719578401714 41.872238908838)
369a15b110b68433cba158eb8b7009ee6e943cc8b0f3c255dbdd8f4c7ba58f927e4348c078f4ad0f20457311fa46143d4ba7061cc0d1b84978ea2aec7e4aea19,,07/05/2025 02:00:00 AM,30,TRAFFIC SIGNAL,FUNCTIONING PROPERLY,CLEAR,"DARKNESS, LIGHTED ROAD",ANGLE,NOT DIVIDED,,STRAIGHT AND LEVEL,DRY,NO DEFECTS,NOT ON SCENE (DESK REPORT),NO INJURY / DRIVE AWAY,,,Y,"OVER $1,500",07/14/2025 12:01:00 AM,UNABLE TO DETERMINE,NOT APPLICABLE,375,E,CHICAGO AVE,1833,,,,,,,2,NO INDICATION OF INJURY,0,0,0,0,0,2,0,2,7,7,41.8967201137,-87.6175675066,POINT (-87.617567506554 41.896720113748)
3a18119cd7ae1b833087fee69f0713f27a00b1796956eb6d6f27b11cb323f7bc5d126b5b21c237082bcb10f40cc0b4eeed7721feeb8aa3fa51e80bee5b30668b,,07/05/2025 02:00:00 AM,30,NO CONTROLS,NO CONTROLS,UNKNOWN,UNKNOWN,PARKED MOTOR VEHICLE,NOT DIVIDED,,STRAIGHT AND LEVEL,UNKNOWN,UNKNOWN,ON SCENE,INJURY AND / OR TOW DUE TO CRASH,,,Y,"OVER $1,500",07/05/2025 04:10:00 AM,UNABLE TO DETERMINE,NOT APPLICABLE,7320,S,EXCHANGE AVE,334,,,,,,,2,NO INDICATION OF INJURY,0,0,0,0,0,1,0,2,7,7,41.7620384059,-87.5631421699,POINT (-87.563142169857 41.76203840591)
5bd3a26c26e87edb58a7bf5a86d567ae9bfe1a283d6d43b699077c36731c7d53e6c9796a3f2664e472b2dad27e3b9fdec3f32f801705f5b3dd3b1ec71649e9aa,,07/05/2025 02:00:00 AM,30,NO CONTROLS,NO CONTROLS,CLEAR,DAYLIGHT,PARKED MOTOR VEHICLE,NOT DIVIDED,,STRAIGHT AND LEVEL,DRY,NO DEFECTS,,INJURY AND / OR TOW DUE TO CRASH,,,Y,"OVER $1,500",07/05/2025 05:31:00 AM,FAILING TO REDUCE SPEED TO AVOID CRASH,UNABLE TO DETERMINE,6019,S,WOOD ST,714,,,,,,,4,NO INDICATION OF INJURY,0,0,0,0,0,1,0,2,7,7,41.7842709165,-87.6690375156,POINT (-87.66903751563 41.784270916494)
99955c4c60c61e7dfc2bbf48b1fbce311e9bcf7bc97d93aaf58ac7c8dfcf136cec974b00f1ae22bfcf66c071f81f2ef77cb9f440a7f4093056d9199b1939ddff,,07/05/2025 02:00:00 AM,30,STOP SIGN/FLASHER,NO CONTROLS,CLEAR,"DARKNESS, LIGHTED ROAD",REAR TO FRONT,ONE-WAY,,STRAIGHT AND LEVEL,DRY,UNKNOWN,NOT ON SCENE (DESK REPORT),NO INJURY / DRIVE AWAY,,,Y,"OVER $1,500",07/05/2025 03:50:00 AM,UNABLE TO DETERMINE,UNABLE TO DETERMINE,326,S,HAMLIN BLVD,1133,,,,,,,2,NO INDICATION OF INJURY,0,0,0,0,0,5,0,2,7,7,41.8762841204,-87.7208253877,POINT (-87.720825387743 41.87628412035)
d5038f2819392589c74dffeca57f66fddd74e845f03374bd373504acf0f94ebaac31d31ef0b80bb8cc88c5d475f739916291f2f04cef9ca09062cde61b06f27d,,07/05/2025 02:00:00 AM,30,TRAFFIC SIGNAL,FUNCTIONING PROPERLY,CLEAR,"DARKNESS, LIGHTED ROAD",REAR END,DIVIDED - W/MEDIAN (NOT RAISED),,STRAIGHT AND LEVEL,DRY,NO DEFECTS,NOT ON SCENE (DESK REPORT),NO INJURY / DRIVE AWAY,,,,"$501 - $1,500",07/05/2025 02:40:00 AM,UNABLE TO DETERMINE,UNABLE TO DETERMINE,8300,S,PULASKI RD,834,,,,,,,2,NO INDICATION OF INJURY,0,0,0,0,0,3,0,2,7,7,41.7421305541,-87.7218241003,POINT (-87.72182410033 41.742130554062)
635169b1e9c05159dbf9f03096ce16f6450d5379b45fe6951e6c25088ca82a912e1e1c0ef2cdb2f68efc27e0921aa22d2fed52b257066925f429ba9d32686ed8,,07/05/2025 01:57:00 AM,30,TRAFFIC SIGNAL,FUNCTIONING PROPERLY,CLEAR,"DARKNESS, LIGHTED ROAD",SIDESWIPE SAME DIRECTION,DIVIDED - W/MEDIAN (NOT RAISED),,STRAIGHT AND LEVEL,DRY,NO DEFECTS,NOT ON SCENE (DESK REPORT),NO INJURY / DRIVE AWAY,,,Y,"$501 - $1,500",07/05/2025 03:45:00 AM,IMPROPER LANE USAGE,NOT APPLICABLE,6300,S,KEDZIE AVE,823,,,,,,,2,NO INDICATION OF INJURY,0,0,0,0,0,3,0,1,7,7,41.7789457502,-87.703283119,POINT (-87.703283119003 41.77894575018)
dce84fa4e2a53967eb6b3cf068db6c99ee295bd465f11aef446b1f7ba30df49d6f8e159572c3d6ca269cb003f7b0f1ecf22a5fb781b60e0d047e9ae666370394,,07/05/2025 01:45:00 AM,10,NO CONTROLS,NO CONTROLS,CLEAR,"DARKNESS, LIGHTED ROAD",FIXED OBJECT,RAMP,,STRAIGHT ON GRADE,DRY,UNKNOWN,NOT ON SCENE (DESK REPORT),NO INJURY / DRIVE AWAY,,Y,,$500 OR LESS,07/05/2025 02:45:00 AM,UNABLE TO DETERMINE,NOT APPLICABLE,2140,N,ELSTON AVE,1432,,,,,,,1,NO INDICATION OF INJURY,0,0,0,0,0,2,0,1,7,7,41.9203342975,-87.6708646583,POINT (-87.670864658277 41.920334297534)
2d45981fac287cbd24c156de6f05e7d6cd85227d7cf36bebb4b1371753040c2ac0475436d6995af5bf31dc320313b528beef36562c9624254859da27712a228a,,07/05/2025 01:40:00 AM,15,NO CONTROLS,NO CONTROLS,CLEAR,DARKNESS,PARKED MOTOR VEHICLE,ALLEY,,STRAIGHT AND LEVEL,DRY,NO DEFECTS,NOT ON SCENE (DESK REPORT),NO INJURY / DRIVE AWAY,,,Y,"OVER $1,500",07/06/2025 11:45:00 AM,"OPERATING VEHICLE IN ERRATIC, RECKLESS, CARELESS, NEGLIGENT OR AGGRESSIVE MANNER",UNABLE TO DETERMINE,1805,N,MAYFIELD AVE,2531,,,,,,,2,NO INDICATION OF INJURY,0,0,0,0,0,1,0,1,7,7,41.9131186132,-87.7726985113,POINT (-87.772698511259 41.913118613168)
7087ca4ccffd57857cec2e45db93b1cedcb0b4f8e1313e127771cbb328253dbeb7cad8737e0582a4a1e858d4221825a7063b4ec1df1e990a46151daea5e4c291,,07/05/2025 01:40:00 AM,30,NO CONTROLS,NO CONTROLS,CLEAR,DARKNESS,ANGLE,NOT DIVIDED,,STRAIGHT AND LEVEL,DRY,NO DEFECTS,NOT ON SCENE (DESK REPORT),NO INJURY / DRIVE AWAY,,,,"$501 - $1,500",07/05/2025 04:30:00 AM,FAILING TO YIELD RIGHT-OF-WAY,NOT APPLICABLE,1617,N,CICERO AVE,2533,,,,,,,2,NO INDICATION OF INJURY,0,0,0,0,0,2,0,1,7,7,41.9101266678,-87.745952498,POINT (-87.745952497971 41.910126667825)
0e9b415815f8ca0c25e4755d73656995138e2a3df28c20027e5e8bd072c7f8f0ade4a06698f03c0c0f14cfda5f4a788f772818426776849a54fcaa3dee6aa39a,,07/05/2025 01:35:00 AM,20,TRAFFIC SIGNAL,FUNCTIONING PROPERLY,CLEAR,"DARKNESS, LIGHTED ROAD",SIDESWIPE SAME DIRECTION,DIVIDED - W/MEDIAN (NOT RAISED),,STRAIGHT AND LEVEL,DRY,UNKNOWN,NOT ON SCENE (DESK REPORT),NO INJURY / DRIVE AWAY,,,Y,"OVER $1,500",07/05/2025 03:00:00 AM,IMPROPER OVERTAKING/PASSING,UNABLE TO DETERMINE,7347,S,ASHLAND AVE,734,,,,,,,2,NO INDICATION OF INJURY,0,0,0,0,0,2,0,1,7,7,41.7598785424,-87.6635101046,POINT (-87.66351010464 41.75987854244)
664acd061c172d56819dcff1570d332f0eed6896937a9ca6a5740b0c44b9511401aaf43cb8f1cceeda44b20e4b0d9e0fb12c90959b06d021e423d50e363eb856,,07/05/2025 01:30:00 AM,30,NO CONTROLS,NO CONTROLS,CLEAR,DARKNESS,OTHER OBJECT,NOT DIVIDED,,STRAIGHT AND LEVEL,DRY,UNKNOWN,NOT ON SCENE (DESK REPORT),NO INJURY / DRIVE AWAY,,,,"OVER $1,500",07/07/2025 08:30:00 AM,UNABLE TO DETERMINE,UNABLE TO DETERMINE,7240,S,RACINE AVE,734,,,,,,,1,NO INDICATION OF INJURY,0,0,0,0,0,1,0,1,7,7,41.7620278555,-87.6541827119,POINT (-87.654182711937 41.762027855469)
85f66907ee8b4ca32595200034d57e7486203e1f9d8123b5709534aa690bef603e23a8073eb9fc61068f74e184a9ca0d0ba9ccfa539a2264fe9ea153e168c67f,,07/05/2025 01:30:00 AM,30,STOP SIGN/FLASHER,FUNCTIONING PROPERLY,CLEAR,"DARKNESS, LIGHTED ROAD",TURNING,FOUR WAY,,STRAIGHT AND LEVEL,DRY,NO DEFECTS,NOT ON SCENE (DESK REPORT),NO INJURY / DRIVE AWAY,Y,,,"OVER $1,500",07/05/2025 01:32:00 AM,FAILING TO YIELD RIGHT-OF-WAY,NOT APPLICABLE,4378,W,LEXINGTON ST,1131,,,,,,,2,NO INDICATION OF INJURY,0,0,0,0,0,2,0,1,7,7,41.8716650668,-87.7350388608,POINT (-87.735038860786 41.871665066801)
ee829056308b657eb177176546229dd26ce53b515638e479a490da90f1780a40df71ece3fa000e6ca573f031e849886ff9ff0185286a38d6f7a0d79dfb787021,,07/05/2025 01:28:00 AM,30,TRAFFIC SIGNAL,FUNCTIONING PROPERLY,CLEAR,"DARKNESS, LIGHTED ROAD",TURNING,FOUR WAY,,STRAIGHT AND LEVEL,DRY,UNKNOWN,ON SCENE,INJURY AND / OR TOW DUE TO CRASH,Y,,,"OVER $1,500",07/05/2025 01:28:00 AM,DISREGARDING TRAFFIC SIGNALS,NOT APPLICABLE,5600,W,DIVISION ST,2531,,,,,,,2,NONINCAPACITATING INJURY,1,0,0,1,0,3,0,1,7,7,41.9022535342,-87.7657168889,POINT (-87.765716888859 41.902253534164)
fd3fcb7edcc793f01e7c8749ab381f35306b0fafd14f71fe994eaeba491518c0686fabd0c2979b258b6db94d7ab87e6970e28722d088fd2ed64c157c6482ac8d,,07/05/2025 01:26:00 AM,30,NO CONTROLS,NO CONTROLS,UNKNOWN,"DARKNESS, LIGHTED ROAD",PARKED MOTOR VEHICLE,DIVIDED - W/MEDIAN (NOT RAISED),,STRAIGHT AND LEVEL,UNKNOWN,UNKNOWN,NOT ON SCENE (DESK REPORT),NO INJURY / DRIVE AWAY,,,Y,"OVER $1,500",07/05/2025 04:10:00 PM,UNABLE TO DETERMINE,UNABLE TO DETERMINE,433,E,90TH ST,633,,,,,,,2,NO INDICATION OF INJURY,0,0,0,0,0,1,0,1,7,7,41.7309348229,-87.6130562131,POINT (-87.61305621312 41.730934822869)
2487dd81697739d3a7cd3733d312e778fe294811b8d3f8c16430b436b883b54d606e15d979faf6f45f7a4c4db6ddff4f85e9d85c93c77a53e48ea3d96612e8ec,,07/05/2025 01:20:00 AM,15,NO CONTROLS,NO CONTROLS,CLEAR,"DARKNESS, LIGHTED ROAD",ANGLE,ALLEY,,STRAIGHT AND LEVEL,DRY,NO DEFECTS,ON SCENE,INJURY AND / OR TOW DUE TO CRASH,,,,"$501 - $1,500",07/05/2025 01:20:00 AM,IMPROPER BACKING,"VISION OBSCURED (SIGNS, TREE LIMBS, BUILDINGS, ETC.)",11,S,MAYFIELD AVE,1513,,,,,,,2,"REPORTED, NOT EVIDENT",2,0,0,0,2,5,0,1,7,7,41.8797732939,-87.7712361507,POINT (-87.77123615065 41.87977329387)
fa0fa0bc61afd8cb6547f8d79602b6823fabb16e6f1ab5773fd117dd3c7fc82385f1ade1b3cef52e386bb0676739f65f581e751da2c8ae9e4602d1a48522fbbd,,07/05/2025 01:20:00 AM,30,NO CONTROLS,NO CONTROLS,CLEAR,"DARKNESS, LIGHTED ROAD",PARKED MOTOR VEHICLE,NOT DIVIDED,,STRAIGHT AND LEVEL,DRY,NO DEFECTS,ON SCENE,INJURY AND / OR TOW DUE TO CRASH,,,Y,"OVER $1,500",07/05/2025 01:22:00 AM,UNABLE TO DETERMINE,UNABLE TO DETERMINE,7854,W,ADDISON ST,1631,,,,,,,2,NO INDICATION OF INJURY,0,0,0,0,0,1,0,1,7,7,41.9452085862,-87.8238748592,POINT (-87.823874859154 41.945208586159)