CRASH_RECORD_ID,CRASH_DATE_EST_I,CRASH_DATE,POSTED_SPEED_LIMIT,TRAFFIC_CONTROL_DEVICE,DEVICE_CONDITION,WEATHER_CONDITION,LIGHTING_CONDITION,FIRST_CRASH_TYPE,TRAFFICWAY_TYPE,LANE_CNT,ALIGNMENT,ROADWAY_SURFACE_COND,ROAD_DEFECT,REPORT_TYPE,CRASH_TYPE,INTERSECTION_RELATED_I,NOT_RIGHT_OF_WAY_I,HIT_AND_RUN_I,DAMAGE,DATE_POLICE_NOTIFIED,PRIM_CONTRIBUTORY_CAUSE,SEC_CONTRIBUTORY_CAUSE,STREET_NO,STREET_DIRECTION,STREET_NAME,BEAT_OF_OCCURRENCE,PHOTOS_TAKEN_I,STATEMENTS_TAKEN_I,DOORING_I,WORK_ZONE_I,WORK_ZONE_TYPE,WORKERS_PRESENT_I,NUM_UNITS,MOST_SEVERE_INJURY,INJURIES_TOTAL,INJURIES_FATAL,INJURIES_INCAPACITATING,INJURIES_NON_INCAPACITATING,INJURIES_REPORTED_NOT_EVIDENT,INJURIES_NO_INDICATION,INJURIES_UNKNOWN,CRASH_HOUR,CRASH_DAY_OF_WEEK,CRASH_MONTH,LATITUDE,LONGITUDE,LOCATION
1dd1a9ca65b3ed0eaca29ce44c023824423653e1dfc1d4bf4b40e2a50fad9fc2aa5a0823ae0d35e74104f6f790560c291adc5899c7df48f0a76ed82eb934b3cb,,07/05/2025 01:15:00 AM,30,TRAFFIC SIGNAL,FUNCTIONING PROPERLY,CLEAR,"DARKNESS, LIGHTED ROAD",ANGLE,DIVIDED - W/MEDIAN BARRIER,,STRAIGHT AND LEVEL,DRY,NO DEFECTS,,INJURY AND / OR TOW DUE TO CRASH,Y,,,"OVER $1,500",07/05/2025 01:30:00 AM,FAILING TO REDUCE SPEED TO AVOID CRASH,UNABLE TO DETERMINE,8699,S,PULASKI RD,834,,,,,,,2,NO INDICATION OF INJURY,0,0,0,0,0,2,0,1,7,7,41.7348993211,-87.7212933983,POINT (-87.721293398349 41.734899321134)
b3c1350346685ee875859021ef943eae1c1436f560797f99bc0d400fc1221fbf9b6fcd7c2b79542e5a9c5b254356153f97070792bca38e5a5b41424acae42eeb,,07/05/2025 01:15:00 AM,15,NO CONTROLS,NO CONTROLS,CLEAR,DARKNESS,PARKED MOTOR VEHICLE,ONE-WAY,,STRAIGHT AND LEVEL,DRY,NO DEFECTS,NOT ON SCENE (DESK REPORT),NO INJURY / DRIVE AWAY,,,,"OVER $1,500",07/05/2025 05:47:00 AM,FAILING TO REDUCE SPEED TO AVOID CRASH,UNABLE TO DETERMINE,8154,S,OGLESBY AVE,414,,,,,,,3,NO INDICATION OF INJURY,0,0,0,0,0,4,0,1,7,7,41.7464638185,-87.5675158787,POINT (-87.567515878661 41.746463818524)
f1c2603cd85893f9ff99f5332d6496b753374c8aa9f2bc455b65a93013eb8645a1ad90ca655ac8eee86645fd0c51cd3f71344697f3c21ab0271be9242f331bb4,,07/05/2025 01:15:00 AM,30,STOP SIGN/FLASHER,NO CONTROLS,CLEAR,DARKNESS,TURNING,DIVIDED - W/MEDIAN (NOT RAISED),,STRAIGHT AND LEVEL,DRY,NO DEFECTS,NOT ON SCENE (DESK REPORT),NO INJURY / DRIVE AWAY,Y,,,"OVER $1,500",07/05/2025 01:30:00 AM,IMPROPER OVERTAKING/PASSING,IMPROPER TURNING/NO SIGNAL,1233,N,LARAMIE AVE,2533,,,,,,,2,NO INDICATION OF INJURY,0,0,0,0,0,2,0,1,7,7,41.9032021204,-87.7556487363,POINT (-87.755648736277 41.903202120358)
3af59636bb7cc54bf9cd050fcd1ab2fb86f593d525c1dca9c07179d4e3c3b3492b13826fe778c34d5efd6ce5041134ad02a020a462b8739eed1b91c5541e1056,,07/05/2025 01:00:00 AM,30,NO CONTROLS,NO CONTROLS,CLEAR,DARKNESS,PARKED MOTOR VEHICLE,ONE-WAY,,STRAIGHT AND LEVEL,DRY,NO DEFECTS,NOT ON SCENE (DESK REPORT),NO INJURY / DRIVE AWAY,,,Y,"OVER $1,500",07/06/2025 06:00:00 PM,UNABLE TO DETERMINE,UNABLE TO DETERMINE,905,S,MAYFIELD AVE,1513,,,,,,,2,NO INDICATION OF INJURY,0,0,0,0,0,1,0,1,7,7,41.8700585072,-87.7716932389,POINT (-87.771693238909 41.870058507231)
4b0e6a5784c276d75b6de6fbc6652082d131c454b83645b31d46666090a38f82c7482b3d8c80de038e90314c5eec7d4c99c7e44ec14f586f5016d6404074ed4c,Y,07/05/2025 01:00:00 AM,25,NO CONTROLS,NO CONTROLS,UNKNOWN,UNKNOWN,PARKED MOTOR VEHICLE,ONE-WAY,,STRAIGHT AND LEVEL,UNKNOWN,NO DEFECTS,ON SCENE,NO INJURY / DRIVE AWAY,,,Y,"OVER $1,500",07/05/2025 10:49:00 AM,UNABLE TO DETERMINE,UNABLE TO DETERMINE,8029,S,AVALON AVE,411,,,,,,,3,NO INDICATION OF INJURY,0,0,0,0,0,1,0,1,7,7,41.7486908683,-87.5940604208,POINT (-87.594060420803 41.748690868282)
bce69640f0b0b4972c0a3e33b94bbabcc5c67783dec4757bbd8385b2da4d76864cb6f58572a1f9bb57748e71b0dcf8ea79f2275f58a0f0203a0f51d4304d5283,,07/05/2025 01:00:00 AM,30,NO CONTROLS,NO CONTROLS,CLEAR,"DARKNESS, LIGHTED ROAD",PARKED MOTOR VEHICLE,ONE-WAY,,STRAIGHT AND LEVEL,DRY,NO DEFECTS,NOT ON SCENE (DESK REPORT),NO INJURY / DRIVE AWAY,,,,"OVER $1,500",07/05/2025 01:35:00 AM,UNABLE TO DETERMINE,NOT APPLICABLE,10,N,LOREL AVE,1522,,,,,,,2,NO INDICATION OF INJURY,0,0,0,0,0,1,0,1,7,7,41.8806542014,-87.7588892537,POINT (-87.758889253651 41.880654201428)
e95fe0029d4eef812e8abfb4a8250818bf2895e8ebfc0aa5d6d4960c245ec0cbb8c6f03216c18275dd3e96826d3d11c14291abbc955e433d1203ffc85b398081,,07/05/2025 01:00:00 AM,30,NO CONTROLS,NO CONTROLS,UNKNOWN,DARKNESS,PARKED MOTOR VEHICLE,DIVIDED - W/MEDIAN BARRIER,,STRAIGHT AND LEVEL,DRY,NO DEFECTS,NOT ON SCENE (DESK REPORT),INJURY AND / OR TOW DUE TO CRASH,,N,Y,"OVER $1,500",07/05/2025 05:38:00 PM,UNABLE TO DETERMINE,UNABLE TO DETERMINE,116,S,HAMLIN BLVD,1122,,,,,,,2,NO INDICATION OF INJURY,0,0,0,0,0,1,0,1,7,7,41.8792198746,-87.7208372936,POINT (-87.720837293609 41.879219874635)
16526a35960f754598d4043a0329aa03503445fbc7ffd6261d7e033c2e35c7ba5fe846bda017b3b5437f43e327a9741d8ee1d28e24a3d8b92c9a02c6d397a581,,07/05/2025 12:57:00 AM,30,UNKNOWN,UNKNOWN,CLEAR,"DARKNESS, LIGHTED ROAD",PEDALCYCLIST,NOT DIVIDED,,STRAIGHT AND LEVEL,DRY,NO DEFECTS,ON SCENE,INJURY AND / OR TOW DUE TO CRASH,,,,"$501 - $1,500",07/05/2025 01:01:00 AM,FAILING TO YIELD RIGHT-OF-WAY,FAILING TO REDUCE SPEED TO AVOID CRASH,4232,W,IRVING PARK RD,1722,,,,,,,2,NONINCAPACITATING INJURY,1,0,0,1,0,1,0,0,7,7,41.9536885974,-87.7338976585,POINT (-87.733897658514 41.953688597388)
3421d4c6dc326c813db1df5ce4e4128024ce0eb081491767327003ba0e5c29bfdcb560496383363a61bfc4b0f116925e7012ed3341fb72b171167778dcfc252c,,07/05/2025 12:49:00 AM,30,TRAFFIC SIGNAL,FUNCTIONING PROPERLY,CLEAR,"DARKNESS, LIGHTED ROAD",TURNING,FOUR WAY,,STRAIGHT AND LEVEL,DRY,UNKNOWN,ON SCENE,NO INJURY / DRIVE AWAY,Y,,,"OVER $1,500",07/05/2025 01:00:00 AM,DISREGARDING TRAFFIC SIGNALS,NOT APPLICABLE,2900,S,DR MARTIN LUTHER KING JR DR,133,,,,,,,2,NO INDICATION OF INJURY,0,0,0,0,0,3,0,0,7,7,41.8419765135,-87.617720029,POINT (-87.617720028977 41.841976513463)
f37f9b6093f08d2ec29b16ab60d9f66cf99246c39e314f6bb927b94cf3638003188a29d4df80887b90d4732feb8f9c62e2a88bdcff2d14c1d559c0f88f0ee366,,07/05/2025 12:49:00 AM,35,UNKNOWN,UNKNOWN,CLEAR,"DARKNESS, LIGHTED ROAD",OTHER OBJECT,NOT DIVIDED,,STRAIGHT AND LEVEL,DRY,NO DEFECTS,ON SCENE,INJURY AND / OR TOW DUE TO CRASH,,Y,Y,"OVER $1,500",07/05/2025 12:53:00 AM,DISTRACTION - FROM INSIDE VEHICLE,DISTRACTION - FROM INSIDE VEHICLE,101,E,124TH ST,532,N,Y,,,,,1,"REPORTED, NOT EVIDENT",1,0,0,0,1,2,0,0,7,7,41.6688375022,-87.6201320954,POINT (-87.620132095444 41.668837502195)
b69c9369bcddc56a6e893bb80f15b24973b96924afc08f00616d51acf530703477971d7452586a2fe91d20b33bc29b1c9ea56b8208ff2d8a90af1857b249a908,,07/05/2025 12:46:00 AM,30,NO CONTROLS,NO CONTROLS,CLEAR,"DARKNESS, LIGHTED ROAD",TURNING,DIVIDED - W/MEDIAN (NOT RAISED),,STRAIGHT AND LEVEL,DRY,NO DEFECTS,,NO INJURY / DRIVE AWAY,,,,"OVER $1,500",07/05/2025 01:45:00 AM,UNABLE TO DETERMINE,NOT APPLICABLE,7100,S,WESTERN AVE,832,,,,,,,2,NO INDICATION OF INJURY,0,0,0,0,0,3,0,0,7,7,41.7646089122,-87.6833870533,POINT (-87.683387053281 41.764608912236)
a2c6ca4511c05b0ba179253c3fc6b19e5691f87ef9f579034e87b28f536b9dbaf1079cafd9d54260ecc20bedfd36d5a7b573ac61826ca5818ced87bed2a629d4,,07/05/2025 12:45:00 AM,30,STOP SIGN/FLASHER,UNKNOWN,UNKNOWN,UNKNOWN,ANGLE,FOUR WAY,,STRAIGHT AND LEVEL,UNKNOWN,UNKNOWN,NOT ON SCENE (DESK REPORT),NO INJURY / DRIVE AWAY,,,,"OVER $1,500",07/05/2025 02:10:00 AM,FAILING TO REDUCE SPEED TO AVOID CRASH,UNABLE TO DETERMINE,10100,S,MICHIGAN AVE,511,,,,,,,2,NO INDICATION OF INJURY,0,0,0,0,0,3,0,0,7,7,41.7108132574,-87.6200395902,POINT (-87.620039590228 41.710813257404)
6d55b225a4712c7b737505eed2a6d1b4d57fac6fe040730760bdde1ea9ca2f66fcd3121e99aa29fe769f15ec50268e12a251b8445254b836287c15075cdc2605,,07/05/2025 12:41:00 AM,30,UNKNOWN,UNKNOWN,CLEAR,"DARKNESS, LIGHTED ROAD",REAR END,PARKING LOT,,STRAIGHT AND LEVEL,UNKNOWN,UNKNOWN,NOT ON SCENE (DESK REPORT),NO INJURY / DRIVE AWAY,,,,"OVER $1,500",07/05/2025 12:51:00 AM,UNABLE TO DETERMINE,UNABLE TO DETERMINE,5455,S,EAST VIEW PARK,234,,,,,,,2,NO INDICATION OF INJURY,0,0,0,0,0,2,0,0,7,7,41.7972133267,-87.5820115541,POINT (-87.582011554054 41.797213326685)
f2d1e8b55076886809f4c67ee70f62a3c388bf4fa07df96ca0d72ead1dc723ce064b4fdaa8c5af2939dd68256358351770f1dee90d34c95c4a96e8c6ac29e913,,07/05/2025 12:33:00 AM,35,NO CONTROLS,NO CONTROLS,CLEAR,"DARKNESS, LIGHTED ROAD",PARKED MOTOR VEHICLE,ONE-WAY,,STRAIGHT AND LEVEL,DRY,NO DEFECTS,ON SCENE,INJURY AND / OR TOW DUE TO CRASH,,,,"OVER $1,500",07/05/2025 02:53:00 AM,UNABLE TO DETERMINE,NOT APPLICABLE,8001,S,WABASH AVE,623,,,,,,,3,NO INDICATION OF INJURY,0,0,0,0,0,1,0,0,7,7,41.7490630479,-87.6228008793,POINT (-87.622800879346 41.749063047908)
75421e35b144ea488a30476f3ad71274ccfa84c716812edf867c9ed6aef5fd7032c3002aeb2fb8e1960746d43b0e45c7573d789ae46ff63e34f3f1fba3fbf1fa,,07/05/2025 12:30:00 AM,30,NO CONTROLS,NO CONTROLS,CLEAR,"DARKNESS, LIGHTED ROAD",HEAD ON,NOT DIVIDED,,STRAIGHT AND LEVEL,DRY,NO DEFECTS,ON SCENE,INJURY AND / OR TOW DUE TO CRASH,,,,"OVER $1,500",07/05/2025 12:30:00 AM,DRIVING ON WRONG SIDE/WRONG WAY,DRIVING SKILLS/KNOWLEDGE/EXPERIENCE,1845,E,HAYES DR,331,,,,,,,2,"REPORTED, NOT EVIDENT",2,0,0,0,2,1,0,0,7,7,41.7795412763,-87.5800706828,POINT (-87.580070682803 41.779541276254)
fa3c846d29999bd4d75bc0038564f7e7ca44ed4c02a2fc7e0e0fc3fdcb6e7aaf669cd8c2269de4b0c48cbecc12c1eaa0798ed0c832888e4bc64efe35e92f76a2,,07/05/2025 12:27:00 AM,30,NO CONTROLS,NO CONTROLS,CLEAR,"DARKNESS, LIGHTED ROAD",SIDESWIPE OPPOSITE DIRECTION,DIVIDED - W/MEDIAN (NOT RAISED),,STRAIGHT AND LEVEL,DRY,NO DEFECTS,ON SCENE,INJURY AND / OR TOW DUE TO CRASH,,,Y,"OVER $1,500",07/05/2025 12:29:00 AM,IMPROPER OVERTAKING/PASSING,"OPERATING VEHICLE IN ERRATIC, RECKLESS, CARELESS, NEGLIGENT OR AGGRESSIVE MANNER",5900,S,CENTRAL AVE,812,,,,,,,3,INCAPACITATING INJURY,6,0,2,1,3,1,0,0,7,7,41.7853707995,-87.7621702401,POINT (-87.762170240119 41.785370799535)
01f77e0a12d8fdae437f5c8d5867af8b2bc36c1b8b50e3c56510b391e731a4ac80a8e3c0c98e8ebc495442631059a0de82c7c87268d442634c31b74dbb5dc252,,07/05/2025 12:24:00 AM,35,STOP SIGN/FLASHER,FUNCTIONING PROPERLY,CLEAR,"DARKNESS, LIGHTED ROAD",ANGLE,FOUR WAY,,STRAIGHT AND LEVEL,DRY,NO DEFECTS,,INJURY AND / OR TOW DUE TO CRASH,Y,,,"OVER $1,500",07/05/2025 12:25:00 AM,DISREGARDING TRAFFIC SIGNALS,NOT APPLICABLE,2200,W,JACKSON BLVD,1225,,,,,,,2,NO INDICATION OF INJURY,0,0,0,0,0,4,0,0,7,7,41.8777169384,-87.6815081724,POINT (-87.68150817245 41.877716938447)
a7184164c47823d81a02207a57ec2036ca39eb720ea87fcf24febc484310ad0117f7d9ba7ec266cf8d008c927b062658d5fde860f2ae7e6e9821c523121a9381,Y,07/05/2025 12:24:00 AM,30,NO CONTROLS,NO CONTROLS,UNKNOWN,DARKNESS,PARKED MOTOR VEHICLE,NOT DIVIDED,,STRAIGHT AND LEVEL,UNKNOWN,NO DEFECTS,ON SCENE,INJURY AND / OR TOW DUE TO CRASH,,,,"OVER $1,500",07/06/2025 11:14:00 AM,UNABLE TO DETERMINE,UNABLE TO DETERMINE,1848,S,WESTERN AVE,1023,,,,,,,2,,,,,,,,,0,7,7,41.8560315194,-87.6858909284,POINT (-87.685890928423 41.856031519399)
5ecdb7b22b3686c6c6237a43fac0e104d83adab433ba45cdf7c518f402c797d1c06786fcc634143005933566b5571fde1b3c72a58169f775e6456dc715f151cd,,07/05/2025 12:20:00 AM,30,UNKNOWN,UNKNOWN,CLEAR,DUSK,SIDESWIPE SAME DIRECTION,UNKNOWN,,STRAIGHT AND LEVEL,DRY,UNKNOWN,,NO INJURY / DRIVE AWAY,Y,,,"OVER $1,500",07/05/2025 12:25:00 AM,FOLLOWING TOO CLOSELY,UNABLE TO DETERMINE,6,N,WABASH AVE,112,,,,,,,2,NO INDICATION OF INJURY,0,0,0,0,0,2,0,0,7,7,41.8822209384,-87.6263651676,POINT (-87.626365167586 41.882220938355)
077929f8503f349aafc9a00043642daf26b099c7e879b40a8bb164637d3879468c4183a3448880fd3d2db66f825669582ba058e9247e66aefe9c4c3f74ca9284,,07/05/2025 12:10:00 AM,30,NO CONTROLS,NO CONTROLS,CLEAR,"DARKNESS, LIGHTED ROAD",FIXED OBJECT,ONE-WAY,,STRAIGHT AND LEVEL,DRY,NO DEFECTS,ON SCENE,INJURY AND / OR TOW DUE TO CRASH,,Y,,"OVER $1,500",07/05/2025 12:15:00 AM,UNABLE TO DETERMINE,NOT APPLICABLE,37,S,WABASH AVE,112,,,,,,,1,INCAPACITATING INJURY,1,0,1,0,0,0,0,0,7,7,41.8811472157,-87.6260347352,POINT (-87.62603473521 41.881147215651)
0e75e064df965b20db366fa0d6c8be76e15e0157a21ebf857863dec26ae7f2d9c2bf91219d2e312445b9ecb8af710707a5c2f90f42700ae820dcf5f0badccc09,,07/05/2025 12:10:00 AM,30,STOP SIGN/FLASHER,FUNCTIONING PROPERLY,CLEAR,"DARKNESS, LIGHTED ROAD",PARKED MOTOR VEHICLE,NOT DIVIDED,,STRAIGHT AND LEVEL,DRY,NO DEFECTS,ON SCENE,NO INJURY / DRIVE AWAY,,,,"OVER $1,500",07/05/2025 12:10:00 AM,"OPERATING VEHICLE IN ERRATIC, RECKLESS, CARELESS, NEGLIGENT OR AGGRESSIVE MANNER",NOT APPLICABLE,4301,S,CAMPBELL AVE,922,,,,,,,2,NO INDICATION OF INJURY,0,0,0,0,0,1,0,0,7,7,41.8155687203,-87.6869630431,POINT (-87.686963043119 41.815568720285)
4cca58a0f8813e0d65d66033da0a6cc5fc770a29ceb87fadaf4baa9617eecfabe7613a83c9ecdd05daf4f0189dbf33361f4cede1ac7d036411efa0bd66a7c0e2,,07/05/2025 12:10:00 AM,30,TRAFFIC SIGNAL,FUNCTIONING PROPERLY,CLEAR,"DARKNESS, LIGHTED ROAD",REAR END,NOT DIVIDED,,STRAIGHT AND LEVEL,DRY,NO DEFECTS,ON SCENE,NO INJURY / DRIVE AWAY,,,,$500 OR LESS,07/05/2025 12:12:00 AM,UNDER THE INFLUENCE OF ALCOHOL/DRUGS (USE WHEN ARREST IS EFFECTED),UNABLE TO DETERMINE,3201,W,26TH ST,1032,,,,,,,2,NO INDICATION OF INJURY,0,0,0,0,0,4,0,0,7,7,41.84440733,-87.7050998494,POINT (-87.705099849405 41.844407330023)
5a0b39efaabc9dd11e1cbeeb5840344d93e5e7bc6978df4130659100f5302b954cb5cb327e5746aef71d4e800e5e6fd6a86a78de69b6c3e56329bfb50c5b12dc,Y,07/05/2025 12:10:00 AM,30,TRAFFIC SIGNAL,FUNCTIONING PROPERLY,CLEAR,"DARKNESS, LIGHTED ROAD",REAR END,NOT DIVIDED,,STRAIGHT AND LEVEL,DRY,NO DEFECTS,ON SCENE,INJURY AND / OR TOW DUE TO CRASH,,,,"OVER $1,500",07/05/2025 12:29:00 AM,FAILING TO REDUCE SPEED TO AVOID CRASH,FOLLOWING TOO CLOSELY,3901,S,ASHLAND AVE,924,,Y,,,,,2,NO INDICATION OF INJURY,0,0,0,0,0,2,0,0,7,7,41.823040776,-87.6651490826,POINT (-87.665149082589 41.823040776042)
95950ddc39dcc76f86d0e9cdc081787edbf631f44ef9e949ac14ff16b239323ecae8c2b0e95f995a1b920a738b75ddd9ba0786649ee57dafa2f177565a83fe84,,07/05/2025 12:10:00 AM,30,NO CONTROLS,UNKNOWN,UNKNOWN,UNKNOWN,TURNING,T-INTERSECTION,,STRAIGHT AND LEVEL,UNKNOWN,UNKNOWN,NOT ON SCENE (DESK REPORT),NO INJURY / DRIVE AWAY,Y,,,"OVER $1,500",07/05/2025 01:38:00 AM,DRIVING ON WRONG SIDE/WRONG WAY,FAILING TO REDUCE SPEED TO AVOID CRASH,300,W,101ST PL,511,,,,,,,2,NO INDICATION OF INJURY,0,0,0,0,0,2,0,0,7,7,41.7099219517,-87.6308860637,POINT (-87.630886063669 41.709921951694)
4db00800870d2b6f3bc58414c76c01580407193fa685eba733233cfb8a89a80189173e9c67d48ff659553bfe042ccdd8853a1180aec2d85b3baa5369a4419e2c,,07/05/2025 12:05:00 AM,30,UNKNOWN,UNKNOWN,CLEAR,DUSK,SIDESWIPE SAME DIRECTION,UNKNOWN,,STRAIGHT AND LEVEL,UNKNOWN,UNKNOWN,NOT ON SCENE (DESK REPORT),NO INJURY / DRIVE AWAY,,,Y,"OVER $1,500",07/05/2025 12:20:00 AM,UNABLE TO DETERMINE,UNABLE TO DETERMINE,2200,S,WENTWORTH AVE,914,,,,,,,2,NO INDICATION OF INJURY,0,0,0,0,0,2,0,0,7,7,41.8528166817,-87.6321552892,POINT (-87.632155289181 41.852816681706)
50fe2e1984fb9e7bc07da4aca3fa881beb36d18c2ddc6e5cbcdc34047a7d93b069076e00c88f2d9f08cdc5620a3aece68a8a7ac16fa06489bf29b26d57859223,,07/05/2025 12:05:00 AM,30,NO CONTROLS,NO CONTROLS,CLEAR,"DARKNESS, LIGHTED ROAD",SIDESWIPE SAME DIRECTION,ONE-WAY,,STRAIGHT AND LEVEL,DRY,NO DEFECTS,ON SCENE,NO INJURY / DRIVE AWAY,,,,"$501 - $1,500",07/05/2025 12:05:00 AM,IMPROPER TURNING/NO SIGNAL,IMPROPER TURNING/NO SIGNAL,5956,W,CORTLAND ST,2531,,,,,,,2,NO INDICATION OF INJURY,0,0,0,0,0,3,0,0,7,7,41.9143519499,-87.7751808413,POINT (-87.775180841336 41.914351949855)
90bf5380d6da92718981223985bff764ec325e0767e7596699628f47c3a0ac0da034e811a1f7e9365671d314fb89711923938699e2fc89e9d20c3b4057a1bddd,,07/05/2025 12:05:00 AM,30,TRAFFIC SIGNAL,FUNCTIONING PROPERLY,CLEAR,"DARKNESS, LIGHTED ROAD",TURNING,FOUR WAY,,STRAIGHT AND LEVEL,DRY,NO DEFECTS,NOT ON SCENE (DESK REPORT),NO INJURY / DRIVE AWAY,Y,,,"OVER $1,500",07/07/2025 03:15:00 PM,UNABLE TO DETERMINE,NOT APPLICABLE,8700,S,HALSTED ST,2223,Y,,,,,,2,NO INDICATION OF INJURY,0,0,0,0,0,2,0,0,7,7,41.7357852665,-87.6437588296,POINT (-87.643758829628 41.735785266472)
a1a708efaf4acd6c4099851f0ebf8f8a851fa4b2f7643e0e86bbf7ec65aa9c850315df20bf62c3238a8b148e361dc6f304dd96c301e52d0a9a610eac865c085f,,07/05/2025 12:05:00 AM,30,STOP SIGN/FLASHER,FUNCTIONING PROPERLY,CLEAR,DARKNESS,SIDESWIPE OPPOSITE DIRECTION,NOT DIVIDED,,STRAIGHT AND LEVEL,DRY,UNKNOWN,NOT ON SCENE (DESK REPORT),NO INJURY / DRIVE AWAY,Y,,,"OVER $1,500",07/05/2025 01:30:00 AM,UNABLE TO DETERMINE,UNABLE TO DETERMINE,305,E,79TH ST,623,,,,,,,2,NO INDICATION OF INJURY,0,0,0,0,0,2,0,0,7,7,41.7509576481,-87.6178986011,POINT (-87.617898601148 41.750957648086)
fa83fbe12f4037bd531097838648d78df2e85c46e7ade50c225db4f468e007009bb819e30f4effb5304f7ae2ce319ccea2197d3247d401ed2b4304cd8f836754,,07/05/2025 12:05:00 AM,30,UNKNOWN,UNKNOWN,CLEAR,"DARKNESS, LIGHTED ROAD",PEDESTRIAN,NOT DIVIDED,,STRAIGHT AND LEVEL,DRY,NO DEFECTS,ON SCENE,INJURY AND / OR TOW DUE TO CRASH,,,Y,$500 OR LESS,07/05/2025 12:05:00 AM,FAILING TO REDUCE SPEED TO AVOID CRASH,NOT APPLICABLE,8600,S,DR MARTIN LUTHER KING JR DR,632,,Y,,,,,3,INCAPACITATING INJURY,1,0,1,0,0,1,0,0,7,7,41.7382371304,-87.6147197413,POINT (-87.614719741289 41.738237130412)
c53db41fdf7f7049e86ed9176a71c12be57169985d269b199e0bd565ad3c4b0ba57d5aa978b464e7d9f22fb9ae7e931219282f9c78ccf46c617eddfa3a8510fe,,07/05/2025 12:01:00 AM,30,NO CONTROLS,FUNCTIONING PROPERLY,CLEAR,"DARKNESS, LIGHTED ROAD",ANGLE,NOT DIVIDED,,STRAIGHT AND LEVEL,DRY,NO DEFECTS,ON SCENE,INJURY AND / OR TOW DUE TO CRASH,,,Y,"OVER $1,500",07/05/2025 12:05:00 AM,FAILING TO YIELD RIGHT-OF-WAY,NOT APPLICABLE,814,E,76TH ST,624,,,,,,,2,"REPORTED, NOT EVIDENT",1,0,0,0,1,4,0,0,7,7,41.7568776778,-87.6046819813,POINT (-87.60468198134 41.75687767776)
5900ad3ee11637577d139e6498e703be8db405e37530e15c93c99ad22b089f77f2a83f3da54d1b6d75003d814814fd3eded229d8ce166a976d40e9666888f24a,,07/05/2025 12:00:00 AM,30,STOP SIGN/FLASHER,UNKNOWN,CLEAR,DARKNESS,PARKED MOTOR VEHICLE,NOT DIVIDED,,STRAIGHT AND LEVEL,UNKNOWN,UNKNOWN,NOT ON SCENE (DESK REPORT),NO INJURY / DRIVE AWAY,,,Y,"$501 - $1,500",07/05/2025 02:00:00 PM,UNABLE TO DETERMINE,UNABLE TO DETERMINE,5600,S,LAKE PARK AVE,235,,,,,,,2,NO INDICATION OF INJURY,0,0,0,0,0,1,0,0,7,7,41.7932878899,-87.5881110506,POINT (-87.58811105065 41.793287889881)
8eb59060961458394ca26e43d1c01930c431772b2de0a21566cf0ea474b5708c7cf9eb91529497bc71c6fb659428db5c6775a99a67679dc47640ff4520f9f026,Y,07/05/2025 12:00:00 AM,30,NO CONTROLS,NO CONTROLS,CLEAR,DAWN,PARKED MOTOR VEHICLE,OTHER,,STRAIGHT AND LEVEL,DRY,NO DEFECTS,NOT ON SCENE (DESK REPORT),NO INJURY / DRIVE AWAY,,,Y,"OVER $1,500",07/05/2025 11:59:00 AM,UNABLE TO DETERMINE,UNABLE TO DETERMINE,1216,S,ALBANY AVE,1022,,,,,,,2,NO INDICATION OF INJURY,0,0,0,0,0,1,0,0,7,7,41.865884211,-87.7032928358,POINT (-87.70329283577 41.865884211005)
e2bdc934552c295e785df566b7a9c0233a3da0e7af853fdb2be381c1822057bdaff0c782d5a1bf318d21471a93abcc384721f7cee19906501037aa324e3263f2,,07/05/2025 12:00:00 AM,30,NO CONTROLS,NO CONTROLS,CLEAR,"DARKNESS, LIGHTED ROAD",PARKED MOTOR VEHICLE,ONE-WAY,,STRAIGHT AND LEVEL,DRY,NO DEFECTS,ON SCENE,NO INJURY / DRIVE AWAY,,,Y,"OVER $1,500",07/05/2025 12:02:00 AM,UNABLE TO DETERMINE,UNABLE TO DETERMINE,7100,S,MAPLEWOOD AVE,832,,,,,,,3,NO INDICATION OF INJURY,0,0,0,0,0,1,0,0,7,7,41.764544707,-87.68705707,POINT (-87.687057069958 41.764544707037)
4cd516671f27d259ebbd68f81547f89d63826489fad616dcf472d9c663a8f6041cd6232eb538d9136a6d97ef43807a6f4385b27870d1ed7f8fdc08c489f5ed8d,,07/04/2025 11:56:00 PM,30,NO CONTROLS,NO CONTROLS,CLEAR,"DARKNESS, LIGHTED ROAD",PARKED MOTOR VEHICLE,DIVIDED - W/MEDIAN (NOT RAISED),,STRAIGHT AND LEVEL,DRY,NO DEFECTS,NOT ON SCENE (DESK REPORT),NO INJURY / DRIVE AWAY,,,Y,"OVER $1,500",07/05/2025 12:20:00 AM,UNABLE TO DETERMINE,UNABLE TO DETERMINE,7900,S,HALSTED ST,621,,,,,,,2,NO INDICATION OF INJURY,0,0,0,0,0,5,0,23,6,7,41.7505495594,-87.6441883678,POINT (-87.644188367841 41.750549559439)
d5630f855d58e6f80679e49ff9f937dcadf97c89a60dfe45bdff112351263482ef981fe54b18c25830b61e93be636d8b1e6e4f58e41fe0cd45f1e10151aa1ef2,Y,07/04/2025 11:55:00 PM,30,STOP SIGN/FLASHER,FUNCTIONING PROPERLY,CLEAR,"DARKNESS, LIGHTED ROAD",REAR END,DIVIDED - W/MEDIAN (NOT RAISED),,STRAIGHT AND LEVEL,DRY,NO DEFECTS,,NO INJURY / DRIVE AWAY,Y,,,"OVER $1,500",07/04/2025 11:57:00 PM,FAILING TO REDUCE SPEED TO AVOID CRASH,FAILING TO REDUCE SPEED TO AVOID CRASH,3800,W,HARRISON ST,1133,,,,,,,2,NO INDICATION OF INJURY,0,0,0,0,0,5,0,23,6,7,41.8736241188,-87.7204065573,POINT (-87.720406557306 41.873624118782)