CRASH_RECORD_ID,CRASH_DATE_EST_I,CRASH_DATE,POSTED_SPEED_LIMIT,TRAFFIC_CONTROL_DEVICE,DEVICE_CONDITION,WEATHER_CONDITION,LIGHTING_CONDITION,FIRST_CRASH_TYPE,TRAFFICWAY_TYPE,LANE_CNT,ALIGNMENT,ROADWAY_SURFACE_COND,ROAD_DEFECT,REPORT_TYPE,CRASH_TYPE,INTERSECTION_RELATED_I,NOT_RIGHT_OF_WAY_I,HIT_AND_RUN_I,DAMAGE,DATE_POLICE_NOTIFIED,PRIM_CONTRIBUTORY_CAUSE,SEC_CONTRIBUTORY_CAUSE,STREET_NO,STREET_DIRECTION,STREET_NAME,BEAT_OF_OCCURRENCE,PHOTOS_TAKEN_I,STATEMENTS_TAKEN_I,DOORING_I,WORK_ZONE_I,WORK_ZONE_TYPE,WORKERS_PRESENT_I,NUM_UNITS,MOST_SEVERE_INJURY,INJURIES_TOTAL,INJURIES_FATAL,INJURIES_INCAPACITATING,INJURIES_NON_INCAPACITATING,INJURIES_REPORTED_NOT_EVIDENT,INJURIES_NO_INDICATION,INJURIES_UNKNOWN,CRASH_HOUR,CRASH_DAY_OF_WEEK,CRASH_MONTH,LATITUDE,LONGITUDE,LOCATION
fa98234db5e91cb6ada239cbb7404882653f9b3eacb8dedf348f8d91ad511448d53535126dba54205d47992c1c10b8dfafb268bd79b2b5668ac5d737d6248989,,07/04/2025 11:50:00 PM,30,NO CONTROLS,NO CONTROLS,CLEAR,"DARKNESS, LIGHTED ROAD",REAR TO SIDE,PARKING LOT,,STRAIGHT AND LEVEL,DRY,NO DEFECTS,ON SCENE,NO INJURY / DRIVE AWAY,,,,"$501 - $1,500",07/04/2025 11:50:00 PM,FAILING TO YIELD RIGHT-OF-WAY,FAILING TO YIELD RIGHT-OF-WAY,1900,N,AUSTIN AVE,2513,,,,,,,2,NO INDICATION OF INJURY,0,0,0,0,0,2,0,23,6,7,41.9148204267,-87.7755596697,POINT (-87.775559669684 41.914820426706)
069a98b16cd4cb2085674026d5b27db8d6bb584128ea8488f39cac4cbddbbbf5cd9e776847fa03845de4d0d3560a999b5220c32bc312ea7cda741b14629bbdf0,N,07/04/2025 11:45:00 PM,20,STOP SIGN/FLASHER,FUNCTIONING PROPERLY,CLEAR,"DARKNESS, LIGHTED ROAD",PEDESTRIAN,ONE-WAY,,STRAIGHT AND LEVEL,DRY,UNKNOWN,NOT ON SCENE (DESK REPORT),INJURY AND / OR TOW DUE TO CRASH,N,,Y,$500 OR LESS,07/05/2025 09:15:00 AM,FAILING TO REDUCE SPEED TO AVOID CRASH,"OPERATING VEHICLE IN ERRATIC, RECKLESS, CARELESS, NEGLIGENT OR AGGRESSIVE MANNER",7003,S,WOLCOTT AVE,735,,,,,,,2,NONINCAPACITATING INJURY,1,0,0,1,0,1,0,23,6,7,41.7665031442,-87.6709989817,POINT (-87.670998981663 41.76650314419)
99f961ce876aa73140d6b3c80dbea00f0c42c2a7c441f0727dcd36b9f9271448a8a1e6c351b16a0ff744e06caeda02cef26ef024184b2f0508b198a00d135af3,,07/04/2025 11:45:00 PM,30,TRAFFIC SIGNAL,FUNCTIONING PROPERLY,CLEAR,"DARKNESS, LIGHTED ROAD",TURNING,NOT DIVIDED,,STRAIGHT AND LEVEL,DRY,NO DEFECTS,NOT ON SCENE (DESK REPORT),NO INJURY / DRIVE AWAY,,,,"OVER $1,500",07/05/2025 01:50:00 AM,UNABLE TO DETERMINE,NOT APPLICABLE,4850,S,CICERO AVE,814,,,,,,,2,NO INDICATION OF INJURY,0,0,0,0,0,2,0,23,6,7,41.8042867132,-87.7432173676,POINT (-87.743217367556 41.804286713154)
adf75c33c77f5e26d0c258acd045bae30b17229d4d6eeefee6c2acb5e3a241e3d6f743c117000afe731df71396ea9a533ac4e3d0730431f3431b44ae71236a70,Y,07/04/2025 11:45:00 PM,20,TRAFFIC SIGNAL,FUNCTIONING PROPERLY,CLEAR,"DARKNESS, LIGHTED ROAD",REAR END,DIVIDED - W/MEDIAN (NOT RAISED),,STRAIGHT AND LEVEL,DRY,NO DEFECTS,NOT ON SCENE (DESK REPORT),NO INJURY / DRIVE AWAY,,,Y,"$501 - $1,500",07/05/2025 07:10:00 AM,UNABLE TO DETERMINE,UNABLE TO DETERMINE,451,N,CENTRAL AVE,1523,,,,,,,2,NO INDICATION OF INJURY,0,0,0,0,0,3,0,23,6,7,41.8892152643,-87.7650310539,POINT (-87.765031053886 41.889215264311)
c58b90e17a6e19fc3d824861b952e65f4c9816d0586fc25bdd4e931f6725659455629ab630139cfaec375d28f07e58e18d4cda09e56ee3c5035beefecc6a92a7,,07/04/2025 11:40:00 PM,30,STOP SIGN/FLASHER,FUNCTIONING PROPERLY,CLEAR,DARKNESS,SIDESWIPE SAME DIRECTION,ONE-WAY,,STRAIGHT AND LEVEL,DRY,NO DEFECTS,NOT ON SCENE (DESK REPORT),NO INJURY / DRIVE AWAY,,,Y,"OVER $1,500",07/05/2025 07:30:00 PM,UNABLE TO DETERMINE,UNABLE TO DETERMINE,3801,W,HARRISON ST,1133,,,,,,,2,NO INDICATION OF INJURY,0,0,0,0,0,2,0,23,6,7,41.8734046453,-87.7203996283,POINT (-87.720399628297 41.873404645345)
3c15a8cc374ef083dc179963000d5e0a3934f603f62c0e432cae5617b0897fdbfe8fa3d07fd584fd73aa14218faa0f516b8384ebf5e31f2ed3dd9bc375106823,,07/04/2025 11:33:00 PM,10,NO CONTROLS,NO CONTROLS,CLEAR,"DARKNESS, LIGHTED ROAD",PARKED MOTOR VEHICLE,ONE-WAY,,STRAIGHT AND LEVEL,DRY,NO DEFECTS,NOT ON SCENE (DESK REPORT),NO INJURY / DRIVE AWAY,,,Y,"OVER $1,500",07/05/2025 02:13:00 AM,UNABLE TO DETERMINE,NOT APPLICABLE,6344,S,KNOX AVE,813,,,,,,,2,NO INDICATION OF INJURY,0,0,0,0,0,1,0,23,6,7,41.7771361133,-87.7387344834,POINT (-87.738734483357 41.777136113288)
868f7702dcd7ff23db0915dbabbf122346bf4b81c580a5ebbf4088cd7bc05f3017719d7491072de26602a0d54986d195a43a7edf35157bd8023325bd3aad28af,,07/04/2025 11:33:00 PM,30,NO CONTROLS,NO CONTROLS,CLEAR,"DARKNESS, LIGHTED ROAD",PARKED MOTOR VEHICLE,OTHER,,STRAIGHT AND LEVEL,DRY,NO DEFECTS,ON SCENE,INJURY AND / OR TOW DUE TO CRASH,,,Y,"OVER $1,500",07/04/2025 11:39:00 PM,FAILING TO REDUCE SPEED TO AVOID CRASH,IMPROPER OVERTAKING/PASSING,40,N,MENARD AVE,1513,N,,,,,,3,NO INDICATION OF INJURY,0,0,0,0,0,3,0,23,6,7,41.8813710448,-87.7699444562,POINT (-87.769944456157 41.881371044773)
1260a7ea245823d8d3955ad522d71eaabdea5bbdded7fba7fd5c7c752bd356782db0271c3c1ccf8ba76f3f7b7f992e2091db7b79d19fa8653fdcffb58b830755,,07/04/2025 11:30:00 PM,30,TRAFFIC SIGNAL,NO CONTROLS,UNKNOWN,DAYLIGHT,REAR END,NOT DIVIDED,,STRAIGHT AND LEVEL,UNKNOWN,NO DEFECTS,NOT ON SCENE (DESK REPORT),INJURY AND / OR TOW DUE TO CRASH,,,Y,"$501 - $1,500",07/06/2025 01:10:00 PM,FOLLOWING TOO CLOSELY,FOLLOWING TOO CLOSELY,7100,S,HALSTED ST,733,,,,,,,2,NONINCAPACITATING INJURY,2,0,0,2,0,1,0,23,6,7,41.7651094319,-87.6445569518,POINT (-87.644556951763 41.765109431911)
a1112b6760aee8367166f2f4c5e45bc19981beb40e51fa3048ccf231f873a46929d5359406e35d5d85ab624ee10a88d9bb0f23e2352961980333c547201868e4,,07/04/2025 11:30:00 PM,30,NO CONTROLS,NO CONTROLS,CLEAR,DARKNESS,REAR END,NOT DIVIDED,,STRAIGHT AND LEVEL,DRY,NO DEFECTS,NOT ON SCENE (DESK REPORT),INJURY AND / OR TOW DUE TO CRASH,,,,"OVER $1,500",07/04/2025 11:35:00 PM,FOLLOWING TOO CLOSELY,FOLLOWING TOO CLOSELY,386,N,MICHIGAN AVE,1834,,,,,,,2,"REPORTED, NOT EVIDENT",1,0,0,0,1,1,0,23,6,7,41.8889014718,-87.624510595,POINT (-87.624510594991 41.88890147183)
29980e6607b426d387957dd9b43deafb86c0de3ac215f7a4dcfb2d754947271764654b164a7e3f80dd40c8140a2916b0e5b46030a08baa3e34569882d15224fe,,07/04/2025 11:15:00 PM,20,STOP SIGN/FLASHER,FUNCTIONING PROPERLY,CLEAR,"DARKNESS, LIGHTED ROAD",REAR END,ONE-WAY,,STRAIGHT AND LEVEL,DRY,NO DEFECTS,NOT ON SCENE (DESK REPORT),NO INJURY / DRIVE AWAY,,,,"OVER $1,500",07/05/2025 12:43:00 AM,FOLLOWING TOO CLOSELY,UNABLE TO DETERMINE,8300,S,ST LAWRENCE AVE,632,,,,,,,2,NO INDICATION OF INJURY,0,0,0,0,0,2,0,23,6,7,41.7438398464,-87.6100212947,POINT (-87.610021294748 41.743839846446)
ffa7ad7e3cd8aa455f2af1368966a8eaf5758e5aeeb58f7dd61df9ebb716792f6f7e520524238031691d685d31f92de42244ecaa0a885f0e9959d85799a828fd,Y,07/04/2025 11:15:00 PM,30,NO CONTROLS,NO CONTROLS,CLEAR,"DARKNESS, LIGHTED ROAD",SIDESWIPE SAME DIRECTION,NOT DIVIDED,,STRAIGHT AND LEVEL,UNKNOWN,UNKNOWN,NOT ON SCENE (DESK REPORT),NO INJURY / DRIVE AWAY,,,Y,"OVER $1,500",07/05/2025 12:00:00 PM,UNABLE TO DETERMINE,UNABLE TO DETERMINE,7500,W,FOREST PRESERVE AVE,1631,,,,,,,2,NO INDICATION OF INJURY,0,0,0,0,0,3,0,23,6,7,41.9505432535,-87.8143102209,POINT (-87.814310220912 41.950543253519)
75d71d6f5ef1cc7bd03c0ccfd91306891f4733a768468234629d886574b599c6e064261299c49c295eb6bcdbd2b8eb808fa2f6471ba3c7ce80ff9b2270572e7a,,07/04/2025 11:07:00 PM,30,TRAFFIC SIGNAL,FUNCTIONING PROPERLY,CLEAR,"DARKNESS, LIGHTED ROAD",ANGLE,FOUR WAY,,STRAIGHT AND LEVEL,DRY,UNKNOWN,ON SCENE,INJURY AND / OR TOW DUE TO CRASH,Y,,,"OVER $1,500",07/04/2025 11:07:00 PM,UNABLE TO DETERMINE,NOT APPLICABLE,2960,W,FIFTH AVE,1124,,,,,,,2,NONINCAPACITATING INJURY,4,0,0,4,0,0,0,23,6,7,41.8798911146,-87.7009736489,POINT (-87.700973648871 41.879891114552)
1a950d7b977ed2efdc23c8caa7cc53b020e43e2857c3a57d00b4668091ce4e48ecf447c12644e9f4df3654afe83c93eea476e2abe2b6aa4402a8b7d0c0bde5f2,,07/04/2025 11:00:00 PM,30,NO CONTROLS,NO CONTROLS,CLEAR,DAYLIGHT,ANGLE,FOUR WAY,,STRAIGHT AND LEVEL,DRY,UNKNOWN,NOT ON SCENE (DESK REPORT),INJURY AND / OR TOW DUE TO CRASH,Y,,Y,"OVER $1,500",07/05/2025 10:55:00 AM,UNABLE TO DETERMINE,NOT APPLICABLE,1013,E,75TH ST,624,,,,,,,2,NO INDICATION OF INJURY,0,0,0,0,0,2,0,23,6,7,41.7585306346,-87.5999516983,POINT (-87.599951698338 41.758530634559)
2da2d86f0606a8986341040fff08c5033018dcf8eca7d80b5c09ade6a5937b0052e3909b4638593e9ccf0d8a37d07a4cf8c70b38f7ebdf591918f0e47b70d3c5,,07/04/2025 11:00:00 PM,30,TRAFFIC SIGNAL,FUNCTIONING PROPERLY,CLEAR,"DARKNESS, LIGHTED ROAD",TURNING,FOUR WAY,,STRAIGHT AND LEVEL,DRY,NO DEFECTS,ON SCENE,NO INJURY / DRIVE AWAY,N,,,"OVER $1,500",07/04/2025 11:00:00 PM,IMPROPER TURNING/NO SIGNAL,IMPROPER TURNING/NO SIGNAL,4801,N,DAMEN AVE,2032,N,Y,,,,,2,NO INDICATION OF INJURY,0,0,0,0,0,3,0,23,6,7,41.9688489287,-87.6790406014,POINT (-87.679040601401 41.968848928722)
4dea4abea7a8744240e65f590e7f9c43a862e72bdc9657aafe67cbd61a4237c3ea1a6067711185f773be2da5a40b52b69951246a60425b4b23a21bf479303c14,Y,07/04/2025 11:00:00 PM,30,UNKNOWN,UNKNOWN,UNKNOWN,UNKNOWN,SIDESWIPE SAME DIRECTION,DIVIDED - W/MEDIAN (NOT RAISED),,STRAIGHT AND LEVEL,UNKNOWN,UNKNOWN,NOT ON SCENE (DESK REPORT),INJURY AND / OR TOW DUE TO CRASH,,,Y,"OVER $1,500",07/05/2025 05:45:00 PM,UNABLE TO DETERMINE,UNABLE TO DETERMINE,7400,S,RACINE AVE,734,,,,,,,2,NO INDICATION OF INJURY,0,0,0,0,0,2,0,23,6,7,41.7595469084,-87.6541177478,POINT (-87.654117747793 41.759546908416)
689d7e402a6d30d896b33c59a017ba9680b7f84113e6c6a66645f6f32697a5060515193c68638739675d633d02c68112aced1cd06bcc0e6bba76c91733cac522,,07/04/2025 11:00:00 PM,30,NO CONTROLS,NO CONTROLS,CLEAR,"DARKNESS, LIGHTED ROAD",PARKED MOTOR VEHICLE,DIVIDED - W/MEDIAN (NOT RAISED),,STRAIGHT AND LEVEL,DRY,UNKNOWN,NOT ON SCENE (DESK REPORT),NO INJURY / DRIVE AWAY,,,,"OVER $1,500",07/04/2025 11:20:00 PM,FOLLOWING TOO CLOSELY,NOT APPLICABLE,2701,N,SHEFFIELD AVE,1935,,,,,,,2,NO INDICATION OF INJURY,0,0,0,0,0,1,0,23,6,7,41.9309177015,-87.6536534205,POINT (-87.653653420532 41.930917701477)
7e1617b0dfea6f35b718fe55a15f62855b5d4ae4433667b188b92882fdfef573125192e860095ea5af46c28ae9f07afda5747c3a306df591ee29771a8bb83a7c,Y,07/04/2025 11:00:00 PM,30,TRAFFIC SIGNAL,FUNCTIONING PROPERLY,CLEAR,"DARKNESS, LIGHTED ROAD",TURNING,FOUR WAY,,STRAIGHT AND LEVEL,DRY,UNKNOWN,NOT ON SCENE (DESK REPORT),NO INJURY / DRIVE AWAY,Y,,,"OVER $1,500",07/05/2025 12:00:00 AM,NOT APPLICABLE,NOT APPLICABLE,3600,N,CICERO AVE,1634,,,,,,,2,NO INDICATION OF INJURY,0,0,0,0,0,2,0,23,6,7,41.9461635236,-87.747215169,POINT (-87.74721516897 41.946163523626)
a591d646417f8732e5cd97ae11c68af07a6236ed4e0682f8b45ca7d65b47947c3e113aa6e65de8df4c3e1082563f723cd2457a67d75cd2d7ec86ef4f1118926f,,07/04/2025 11:00:00 PM,30,STOP SIGN/FLASHER,FUNCTIONING PROPERLY,CLEAR,"DARKNESS, LIGHTED ROAD",ANGLE,NOT DIVIDED,,STRAIGHT AND LEVEL,DRY,NO DEFECTS,NOT ON SCENE (DESK REPORT),NO INJURY / DRIVE AWAY,,,,"OVER $1,500",07/04/2025 11:00:00 PM,FAILING TO YIELD RIGHT-OF-WAY,DRIVING SKILLS/KNOWLEDGE/EXPERIENCE,2401,N,MARMORA AVE,2515,,,,,,,2,NO INDICATION OF INJURY,0,0,0,0,0,2,0,23,6,7,41.9239605832,-87.7731421556,POINT (-87.773142155643 41.923960583206)
c5c52192202dba9aaa8828b0f4d3a79cb18bbf9b8add5f9fde4b04fd68c5debe5eab53e802bdff82bec37045419706295a408212a858679e439df4f02f8f8d6b,,07/04/2025 11:00:00 PM,30,STOP SIGN/FLASHER,NO CONTROLS,UNKNOWN,"DARKNESS, LIGHTED ROAD",HEAD ON,NOT DIVIDED,,STRAIGHT AND LEVEL,UNKNOWN,NO DEFECTS,,INJURY AND / OR TOW DUE TO CRASH,,,Y,"$501 - $1,500",07/05/2025 02:25:00 PM,NOT APPLICABLE,NOT APPLICABLE,7000,S,WOLCOTT AVE,735,,,,,,,2,NONINCAPACITATING INJURY,1,0,0,1,0,5,0,23,6,7,41.7665549227,-87.6712936048,POINT (-87.671293604765 41.766554922748)
707dd24fc8a13353441dbc1bf94c7768affa718c264c24c8d12389a2a6a8ffa84678f258f591892d5fa6701f1d512cbb02d95772b0f16ef75df72dd38a4d38df,,07/04/2025 10:58:00 PM,30,STOP SIGN/FLASHER,FUNCTIONING PROPERLY,UNKNOWN,UNKNOWN,REAR TO SIDE,DIVIDED - W/MEDIAN (NOT RAISED),,STRAIGHT AND LEVEL,UNKNOWN,UNKNOWN,NOT ON SCENE (DESK REPORT),NO INJURY / DRIVE AWAY,Y,,Y,"OVER $1,500",07/10/2025 07:30:00 PM,IMPROPER BACKING,NOT APPLICABLE,1454,N,SEDGWICK ST,1821,,,,,,,2,NO INDICATION OF INJURY,0,0,0,0,0,2,0,22,6,7,41.9091572447,-87.6386784571,POINT (-87.638678457066 41.909157244695)
8b5bf57428aa680f478ed70b7c41b61320cf3b5ffa55e55ab4776b3a4e75a6f602d2ace22b87dde1d4e8f669f78ade8944022223707599f616f76ed355d900bc,,07/04/2025 10:49:00 PM,30,TRAFFIC SIGNAL,FUNCTIONING PROPERLY,CLEAR,"DARKNESS, LIGHTED ROAD",TURNING,OTHER,,STRAIGHT AND LEVEL,DRY,NO DEFECTS,ON SCENE,INJURY AND / OR TOW DUE TO CRASH,Y,,,"OVER $1,500",07/04/2025 10:50:00 PM,IMPROPER TURNING/NO SIGNAL,IMPROPER TURNING/NO SIGNAL,2300,W,WASHINGTON BLVD,1223,,,,,,,2,"REPORTED, NOT EVIDENT",1,0,0,0,1,3,0,22,6,7,41.8831362034,-87.6841393762,POINT (-87.684139376199 41.883136203368)
0f422705ad44ed515567eabdef20113a58d6e1ec298196aac1ad9599d8e03f8348ed5df794a88a3234d30efd32960b73c593bedea7dfb7c7859a7e69186221f1,,07/04/2025 10:46:00 PM,30,TRAFFIC SIGNAL,NO CONTROLS,CLEAR,DARKNESS,REAR END,DIVIDED - W/MEDIAN (NOT RAISED),,STRAIGHT AND LEVEL,DRY,NO DEFECTS,NOT ON SCENE (DESK REPORT),NO INJURY / DRIVE AWAY,Y,,,"OVER $1,500",07/05/2025 09:55:00 AM,FAILING TO YIELD RIGHT-OF-WAY,UNABLE TO DETERMINE,4450,W,FULLERTON AVE,2524,,,,,,,2,NO INDICATION OF INJURY,0,0,0,0,0,4,0,22,6,7,41.9244510103,-87.7386288719,POINT (-87.738628871871 41.924451010348)
e620237b4144a5ba77334a4abae75d0382c9b810903097329db499fca7b7ad40bb6e1836070e783b27d106d86ff7b3acbf905a511adc64083dccaf05eacf76ab,,07/04/2025 10:43:00 PM,30,NO CONTROLS,NO CONTROLS,CLEAR,DARKNESS,PARKED MOTOR VEHICLE,ONE-WAY,,STRAIGHT AND LEVEL,UNKNOWN,UNKNOWN,NOT ON SCENE (DESK REPORT),NO INJURY / DRIVE AWAY,,,,"OVER $1,500",07/08/2025 11:40:00 AM,FOLLOWING TOO CLOSELY,UNABLE TO DETERMINE,1726,W,68TH ST,725,,,,,,,2,NO INDICATION OF INJURY,0,0,0,0,0,1,0,22,6,7,41.7704374368,-87.6675504047,POINT (-87.667550404718 41.770437436826)
8e8ad284a1f29576e4fe74ed49d86f337b0e1b8617bdd484ae473f581c5dc5928e9cc700ac44441cfeff8377916e133891b338af21f741b09e3eb928e1527377,,07/04/2025 10:35:00 PM,30,POLICE/FLAGMAN,FUNCTIONING PROPERLY,CLEAR,"DARKNESS, LIGHTED ROAD",REAR END,NOT DIVIDED,,STRAIGHT AND LEVEL,DRY,UNKNOWN,ON SCENE,INJURY AND / OR TOW DUE TO CRASH,,,,$500 OR LESS,07/04/2025 10:37:00 PM,DISREGARDING ROAD MARKINGS,NOT APPLICABLE,604,W,WILSON DR,1914,,,,,,,2,NO INDICATION OF INJURY,0,0,0,0,0,2,0,22,6,7,41.9659540717,-87.6458778242,POINT (-87.645877824184 41.965954071653)
0bb9bb8b6dcace9db0e336aad702081da15a16010ac83b9329aad93eb7ea4f9237c4ff1ec0fb8a526d4e09048308dae896c2415de83984b6ce51181f06de2099,,07/04/2025 10:30:00 PM,25,STOP SIGN/FLASHER,FUNCTIONING PROPERLY,CLEAR,"DARKNESS, LIGHTED ROAD",TURNING,DIVIDED - W/MEDIAN (NOT RAISED),,STRAIGHT AND LEVEL,DRY,NO DEFECTS,NOT ON SCENE (DESK REPORT),NO INJURY / DRIVE AWAY,Y,,,"OVER $1,500",07/04/2025 11:00:00 PM,IMPROPER OVERTAKING/PASSING,FAILING TO YIELD RIGHT-OF-WAY,1900,W,TOUHY AVE,2424,,,,,,,2,NO INDICATION OF INJURY,0,0,0,0,0,4,0,22,6,7,42.0126836044,-87.6782938185,POINT (-87.678293818494 42.012683604389)
4d617152b4fb4091aa73fb27bb4e89dabd07b09bcc47ee1e6ab2540df02acf1598ce10c39465ad03a78716017eb24e5b46a123f679b04709bbd40bdc39ff3f27,,07/04/2025 10:30:00 PM,25,NO CONTROLS,NO CONTROLS,UNKNOWN,"DARKNESS, LIGHTED ROAD",PARKED MOTOR VEHICLE,PARKING LOT,,STRAIGHT AND LEVEL,UNKNOWN,UNKNOWN,NOT ON SCENE (DESK REPORT),NO INJURY / DRIVE AWAY,,,,"OVER $1,500",07/04/2025 10:50:00 PM,UNABLE TO DETERMINE,NOT APPLICABLE,5123,N,SIMONDS DR,2024,,,,,,,2,NO INDICATION OF INJURY,0,0,0,0,0,1,0,22,6,7,41.9764760095,-87.6477305282,POINT (-87.647730528228 41.976476009456)
9c49783cdae41d4fb9924d95af386bcb2cb55539c74c2fe28b8165b88bbbb88afa75dd092563f24f551f1b2ff6a49e6488d9cae6a8f381f6a0c2686f1981d0cc,,07/04/2025 10:30:00 PM,15,NO CONTROLS,NO CONTROLS,CLEAR,UNKNOWN,FIXED OBJECT,PARKING LOT,,STRAIGHT AND LEVEL,DRY,NO DEFECTS,NOT ON SCENE (DESK REPORT),NO INJURY / DRIVE AWAY,,Y,Y,"OVER $1,500",07/05/2025 09:14:00 AM,DRIVING SKILLS/KNOWLEDGE/EXPERIENCE,NOT APPLICABLE,630,N,RUSH ST,1834,,,,,,,1,NO INDICATION OF INJURY,0,0,0,0,0,1,0,22,6,7,41.8933524377,-87.6255669883,POINT (-87.625566988325 41.893352437697)
be5bc507021740838d785d50d95cfe4ff57fb914051c77dcffbccb2d26bb0266605f35806795c5c6d308cc50aeca35569ac8f8f0c5fb7f67250677deeb5f652f,,07/04/2025 10:30:00 PM,30,NO CONTROLS,NO CONTROLS,UNKNOWN,UNKNOWN,PEDESTRIAN,NOT DIVIDED,,STRAIGHT AND LEVEL,UNKNOWN,UNKNOWN,ON SCENE,INJURY AND / OR TOW DUE TO CRASH,,,Y,$500 OR LESS,07/04/2025 10:44:00 PM,UNABLE TO DETERMINE,NOT APPLICABLE,3908,W,DIVISION ST,2535,,,,,,,2,NONINCAPACITATING INJURY,1,0,0,1,0,1,0,22,6,7,41.9027980181,-87.7242921883,POINT (-87.724292188346 41.902798018132)
1a8e65ba447bdade216abdcbe94cee9d134af49f67e194c0ba7797c7ccbea6dc1d789d0c114102081e992fb7dd561fa611737b41959c59d4bc2ac68db5c022eb,,07/04/2025 10:26:00 PM,30,TRAFFIC SIGNAL,FUNCTIONING PROPERLY,CLEAR,"DARKNESS, LIGHTED ROAD",REAR END,NOT DIVIDED,,STRAIGHT AND LEVEL,DRY,NO DEFECTS,NOT ON SCENE (DESK REPORT),NO INJURY / DRIVE AWAY,,,Y,"OVER $1,500",07/04/2025 11:25:00 PM,FOLLOWING TOO CLOSELY,NOT APPLICABLE,3954,N,HARLEM AVE,1631,,,,,,,2,NO INDICATION OF INJURY,0,0,0,0,0,2,0,22,6,7,41.9523643117,-87.8074010127,POINT (-87.807401012653 41.95236431167)
8a1e7893c321cb3627fb0e821d39ce1e622499257daaa5cc1a8c3750a4c7555d8dc6bc2f9da65a63f6868d4d7cd31c8c8f9876c72e96927ae5e460c460b57e42,,07/04/2025 10:25:00 PM,20,NO CONTROLS,NO CONTROLS,UNKNOWN,"DARKNESS, LIGHTED ROAD",PARKED MOTOR VEHICLE,NOT DIVIDED,,STRAIGHT AND LEVEL,UNKNOWN,UNKNOWN,NOT ON SCENE (DESK REPORT),NO INJURY / DRIVE AWAY,,,Y,"OVER $1,500",07/06/2025 05:22:00 PM,UNABLE TO DETERMINE,UNABLE TO DETERMINE,11110,S,HOMEWOOD AVE,2212,,,,,,,2,NO INDICATION OF INJURY,0,0,0,0,0,1,0,22,6,7,41.6913519825,-87.6699410332,POINT (-87.669941033219 41.69135198245)
d153bbc8b125590656a2c71816d9456f306c80dd893e192b501918777fcc3c0c66a0be8883b1b8a97517cee762786958327c0f526e52bed01dffaec845e2ad2e,,07/04/2025 10:15:00 PM,30,TRAFFIC SIGNAL,FUNCTIONING IMPROPERLY,CLEAR,"DARKNESS, LIGHTED ROAD",TURNING,FOUR WAY,,STRAIGHT AND LEVEL,DRY,UNKNOWN,ON SCENE,NO INJURY / DRIVE AWAY,Y,,Y,"$501 - $1,500",07/04/2025 10:17:00 PM,IMPROPER OVERTAKING/PASSING,IMPROPER OVERTAKING/PASSING,11500,S,HALSTED ST,524,,,,,,,2,NO INDICATION OF INJURY,0,0,0,0,0,6,0,22,6,7,41.6850262563,-87.642297367,POINT (-87.642297366963 41.685026256307)
1154ee841adfe577621b41dda5592c20143d8d81bdcdacbfa5e5000298120569e9ea69600a3dffcc215cd0bec70eeacb90ca6d9740023347ff092b27a7c26a13,,07/04/2025 10:00:00 PM,30,NO CONTROLS,NO CONTROLS,CLEAR,"DARKNESS, LIGHTED ROAD",REAR END,DIVIDED - W/MEDIAN (NOT RAISED),,STRAIGHT AND LEVEL,DRY,NO DEFECTS,NOT ON SCENE (DESK REPORT),INJURY AND / OR TOW DUE TO CRASH,,,Y,"OVER $1,500",07/05/2025 03:45:00 PM,FOLLOWING TOO CLOSELY,NOT APPLICABLE,2739,W,AUGUSTA BLVD,1211,,,,,,,2,"REPORTED, NOT EVIDENT",2,0,0,0,2,1,0,22,6,7,41.8991764049,-87.6958750756,POINT (-87.695875075632 41.899176404924)
2b48a46cc801625ce4854ac45a9714cccb25d9e7d16dc466892516aee5c1746b0a9a6853e9915b6113fee4aa55bc32dbde459fe4857192c2a86b4cbadb53ffcc,,07/04/2025 10:00:00 PM,30,NO CONTROLS,NO CONTROLS,CLEAR,DARKNESS,PARKED MOTOR VEHICLE,NOT DIVIDED,,STRAIGHT AND LEVEL,UNKNOWN,UNKNOWN,NOT ON SCENE (DESK REPORT),NO INJURY / DRIVE AWAY,,,,"OVER $1,500",07/05/2025 12:37:00 PM,UNABLE TO DETERMINE,UNABLE TO DETERMINE,2399,W,92ND PL,2221,,,,,,,2,NO INDICATION OF INJURY,0,0,0,0,0,1,0,22,6,7,41.725161779,-87.6821652778,POINT (-87.682165277823 41.725161779044)
5b87f00dfe5e2479204913f0d4b32b876a771745c731094c0c3b85f569b24b23eb8b49cc9882f800a16226c6cb37944ad828e632504288ed50f22fe102da3d72,,07/04/2025 10:00:00 PM,30,UNKNOWN,UNKNOWN,UNKNOWN,UNKNOWN,PARKED MOTOR VEHICLE,NOT DIVIDED,,STRAIGHT AND LEVEL,UNKNOWN,UNKNOWN,NOT ON SCENE (DESK REPORT),NO INJURY / DRIVE AWAY,,,Y,"OVER $1,500",07/05/2025 10:10:00 AM,UNABLE TO DETERMINE,UNABLE TO DETERMINE,5047,S,ST LAWRENCE AVE,223,,,,,,,2,NO INDICATION OF INJURY,0,0,0,0,0,1,0,22,6,7,41.8026010445,-87.6111494156,POINT (-87.611149415593 41.802601044477)