CRASH_RECORD_ID,CRASH_DATE_EST_I,CRASH_DATE,POSTED_SPEED_LIMIT,TRAFFIC_CONTROL_DEVICE,DEVICE_CONDITION,WEATHER_CONDITION,LIGHTING_CONDITION,FIRST_CRASH_TYPE,TRAFFICWAY_TYPE,LANE_CNT,ALIGNMENT,ROADWAY_SURFACE_COND,ROAD_DEFECT,REPORT_TYPE,CRASH_TYPE,INTERSECTION_RELATED_I,NOT_RIGHT_OF_WAY_I,HIT_AND_RUN_I,DAMAGE,DATE_POLICE_NOTIFIED,PRIM_CONTRIBUTORY_CAUSE,SEC_CONTRIBUTORY_CAUSE,STREET_NO,STREET_DIRECTION,STREET_NAME,BEAT_OF_OCCURRENCE,PHOTOS_TAKEN_I,STATEMENTS_TAKEN_I,DOORING_I,WORK_ZONE_I,WORK_ZONE_TYPE,WORKERS_PRESENT_I,NUM_UNITS,MOST_SEVERE_INJURY,INJURIES_TOTAL,INJURIES_FATAL,INJURIES_INCAPACITATING,INJURIES_NON_INCAPACITATING,INJURIES_REPORTED_NOT_EVIDENT,INJURIES_NO_INDICATION,INJURIES_UNKNOWN,CRASH_HOUR,CRASH_DAY_OF_WEEK,CRASH_MONTH,LATITUDE,LONGITUDE,LOCATION
83510ab78315ea17c2c934c681e07c4562135ec089b30f5d94a0fd1c906b48f84b3fb9de5b25cbcffbf33aa5bfb3edaa9b803b1e203c45013cf3016fa981b75b,,07/04/2025 10:00:00 PM,30,TRAFFIC SIGNAL,UNKNOWN,UNKNOWN,DARKNESS,PEDESTRIAN,FOUR WAY,,STRAIGHT AND LEVEL,UNKNOWN,NO DEFECTS,NOT ON SCENE (DESK REPORT),INJURY AND / OR TOW DUE TO CRASH,Y,,Y,$500 OR LESS,07/05/2025 08:43:00 AM,UNABLE TO DETERMINE,NOT APPLICABLE,5211,W,NORTH AVE,2532,,,,,,,2,"REPORTED, NOT EVIDENT",1,0,0,0,1,1,0,22,6,7,41.9093896804,-87.7559452172,POINT (-87.755945217208 41.909389680433)
9f7db79a8fdf692b172b4e8fbc257dc2c4d107faeb134a8f0d0cf16bdee174f5668349ff7bca4c98480a66e56db7dff71b6f249835f03f4daee4b6f88e22a649,,07/04/2025 10:00:00 PM,30,NO CONTROLS,NO CONTROLS,CLEAR,"DARKNESS, LIGHTED ROAD",PARKED MOTOR VEHICLE,ONE-WAY,,STRAIGHT AND LEVEL,DRY,NO DEFECTS,ON SCENE,NO INJURY / DRIVE AWAY,,,,"$501 - $1,500",07/04/2025 10:05:00 PM,NOT APPLICABLE,NOT APPLICABLE,521,N,RUSH ST,1834,,,,,,,2,NO INDICATION OF INJURY,0,0,0,0,0,3,0,22,6,7,41.8916712999,-87.6252247279,POINT (-87.625224727853 41.891671299854)
e20aece3b96173aeb75fc38ac0953cfa8a300b3a4cfa6fb9217d2bc2b9603afe62a4047ea63ea9b3d8c6522a4fa0a55a15f5d8202c2e7269902ef0148df6ebfe,,07/04/2025 10:00:00 PM,30,UNKNOWN,UNKNOWN,OTHER,DARKNESS,PARKED MOTOR VEHICLE,DIVIDED - W/MEDIAN (NOT RAISED),,STRAIGHT AND LEVEL,UNKNOWN,UNKNOWN,NOT ON SCENE (DESK REPORT),NO INJURY / DRIVE AWAY,,,Y,"$501 - $1,500",07/05/2025 05:25:00 PM,"OPERATING VEHICLE IN ERRATIC, RECKLESS, CARELESS, NEGLIGENT OR AGGRESSIVE MANNER",NOT APPLICABLE,6952,S,WENTWORTH AVE,731,,Y,,,,,2,NO INDICATION OF INJURY,0,0,0,0,0,1,0,22,6,7,41.7675141044,-87.6299741442,POINT (-87.629974144151 41.767514104418)
21ed1ca8e8db670456db7d8799454771b43baf99ee6ec8cb8e2ac62cbe1f465881d0c1eb12baa211a7755f8f6218927a6e71f9446d65a5a53a146c16d0f3da05,,07/04/2025 09:58:00 PM,30,NO CONTROLS,NO CONTROLS,CLEAR,"DARKNESS, LIGHTED ROAD",TURNING,NOT DIVIDED,,STRAIGHT AND LEVEL,DRY,NO DEFECTS,,INJURY AND / OR TOW DUE TO CRASH,,,,"OVER $1,500",07/05/2025 10:20:00 AM,DRIVING SKILLS/KNOWLEDGE/EXPERIENCE,DRIVING SKILLS/KNOWLEDGE/EXPERIENCE,1531,E,75TH PL,411,Y,Y,,,,,2,NO INDICATION OF INJURY,0,0,0,0,0,2,0,21,6,7,41.7577352148,-87.5871196866,POINT (-87.587119686597 41.757735214762)
88f8d5a8226f5f29c56368a9fcb50603c27bfbe1b525563453d3191d13872f576ed50ab32226e65b8bf1cebcef72f2909360dd63b4ed9e4461aef7be8b14bca2,,07/04/2025 09:50:00 PM,30,TRAFFIC SIGNAL,FUNCTIONING PROPERLY,CLEAR,"DARKNESS, LIGHTED ROAD",REAR END,NOT DIVIDED,,STRAIGHT AND LEVEL,DRY,NO DEFECTS,NOT ON SCENE (DESK REPORT),NO INJURY / DRIVE AWAY,Y,,Y,"$501 - $1,500",07/04/2025 10:50:00 PM,UNABLE TO DETERMINE,UNABLE TO DETERMINE,1200,W,DIVISION ST,1433,,,,,,,2,NO INDICATION OF INJURY,0,0,0,0,0,3,0,21,6,7,41.9036178177,-87.6574736354,POINT (-87.657473635421 41.903617817686)
307173e3652dca2a4b144ab8a4c125e5e336b971318bafd5b459cef6e7322ef10f1a099ed400cbdd5dcff8d32e2e7ec667065cd4279f82a245f93c890514dbce,,07/04/2025 09:45:00 PM,30,TRAFFIC SIGNAL,FUNCTIONING PROPERLY,CLEAR,"DARKNESS, LIGHTED ROAD",REAR END,NOT DIVIDED,,STRAIGHT AND LEVEL,DRY,NO DEFECTS,NOT ON SCENE (DESK REPORT),NO INJURY / DRIVE AWAY,Y,,Y,"OVER $1,500",07/04/2025 10:45:00 PM,FOLLOWING TOO CLOSELY,FAILING TO REDUCE SPEED TO AVOID CRASH,341,S,STATE ST,113,,,,,,,2,NO INDICATION OF INJURY,0,0,0,0,0,4,0,21,6,7,41.8772174429,-87.627512154,POINT (-87.627512154019 41.877217442885)
d52a6173a96f6f592cd06ba18ea03eabf5d8cf8a3338d36ad75650216e7cfc1d4df78c6d7338306e181ce57c7c2df1195456b23c365b6ff14a62698f5c6c642a,Y,07/04/2025 09:45:00 PM,30,NO CONTROLS,NO CONTROLS,UNKNOWN,UNKNOWN,PARKED MOTOR VEHICLE,NOT DIVIDED,,STRAIGHT AND LEVEL,UNKNOWN,UNKNOWN,ON SCENE,INJURY AND / OR TOW DUE TO CRASH,,,Y,"OVER $1,500",07/05/2025 11:57:00 AM,UNABLE TO DETERMINE,NOT APPLICABLE,1615,W,ADDISON ST,1922,,,,,,,2,NO INDICATION OF INJURY,0,0,0,0,0,1,0,21,6,7,41.9468713299,-87.6695049067,POINT (-87.669504906742 41.94687132988)
01217019ac77e8c7acbb1e883d9fb8fea932d4a4b2a2e51cff6b4f6dd8d508050454651f915e0863099d0053f6267b65e0187aa1391c803d6ab23c4925607ad4,,07/04/2025 09:38:00 PM,30,NO CONTROLS,NO CONTROLS,CLEAR,"DARKNESS, LIGHTED ROAD",PEDESTRIAN,NOT DIVIDED,,STRAIGHT AND LEVEL,UNKNOWN,UNKNOWN,ON SCENE,INJURY AND / OR TOW DUE TO CRASH,,,,"$501 - $1,500",07/05/2025 12:12:00 AM,UNABLE TO DETERMINE,NOT APPLICABLE,437,E,71ST ST,323,,,,,,,2,"REPORTED, NOT EVIDENT",1,0,0,0,1,1,0,21,6,7,41.7656261345,-87.6138245763,POINT (-87.613824576344 41.765626134481)
003af62336917e9b0169abff6608220db9b2cbeaef06f97c073ee91b03b1e1ea5bec167642b62f531efd1ee0e946b2ea5b2924de8c5db0571f6a76d1a933fb60,,07/04/2025 09:35:00 PM,30,TRAFFIC SIGNAL,NO CONTROLS,CLEAR,DARKNESS,ANGLE,FOUR WAY,,STRAIGHT AND LEVEL,DRY,NO DEFECTS,,INJURY AND / OR TOW DUE TO CRASH,Y,,,"OVER $1,500",07/04/2025 09:36:00 PM,FAILING TO REDUCE SPEED TO AVOID CRASH,DISREGARDING TRAFFIC SIGNALS,1598,W,112TH PL,2234,,,,,,,2,NO INDICATION OF INJURY,0,0,0,0,0,4,0,21,6,7,41.6893956054,-87.6618492654,POINT (-87.661849265382 41.689395605436)
9cdc2e47b2d07aa40b04ea7df72caec45bc8de84e4fdd9828be311b9792097e619c3df4cb155c2113f64d696d712d34b4cee03e372c9ae40450e49dde9f1b2b0,,07/04/2025 09:30:00 PM,30,STOP SIGN/FLASHER,FUNCTIONING PROPERLY,CLEAR,DARKNESS,PEDALCYCLIST,T-INTERSECTION,,STRAIGHT AND LEVEL,UNKNOWN,UNKNOWN,ON SCENE,INJURY AND / OR TOW DUE TO CRASH,,,Y,"OVER $1,500",07/04/2025 10:05:00 PM,IMPROPER OVERTAKING/PASSING,FOLLOWING TOO CLOSELY,4200,N,MARINE DR,1915,,,,,,,2,INCAPACITATING INJURY,1,0,1,0,0,1,0,21,6,7,41.9585506445,-87.6466261408,POINT (-87.646626140819 41.958550644529)
a4e83b522e709b9b6fa705c932758c337af9c1d3f814640a39af855a2d1c0bc7e4cfa47c53989101719d45ed840e5ab23778bea0ae2b975f7e0321bac181476f,,07/04/2025 09:28:00 PM,30,TRAFFIC SIGNAL,FUNCTIONING PROPERLY,CLEAR,"DARKNESS, LIGHTED ROAD",SIDESWIPE SAME DIRECTION,NOT DIVIDED,,STRAIGHT AND LEVEL,DRY,UNKNOWN,NOT ON SCENE (DESK REPORT),NO INJURY / DRIVE AWAY,,,,"OVER $1,500",07/04/2025 10:00:00 PM,UNABLE TO DETERMINE,UNABLE TO DETERMINE,700,W,ROOSEVELT RD,1232,,,,,,,2,NO INDICATION OF INJURY,0,0,0,0,0,2,0,21,6,7,41.8672871622,-87.6452469415,POINT (-87.645246941532 41.867287162218)
07274f0a84e919002abe012e47b535f18108f6ca64c5334b643e6f8802d8eff87987709a0e3c4fa5ba04bdac0c5ce636c56ceea983d41742b9567b8467a24354,,07/04/2025 09:24:00 PM,30,NO CONTROLS,NO CONTROLS,CLEAR,"DARKNESS, LIGHTED ROAD",PARKED MOTOR VEHICLE,DIVIDED - W/MEDIAN BARRIER,,STRAIGHT AND LEVEL,DRY,NO DEFECTS,ON SCENE,INJURY AND / OR TOW DUE TO CRASH,,,Y,"OVER $1,500",07/04/2025 09:25:00 PM,IMPROPER LANE USAGE,IMPROPER LANE USAGE,1828,S,ASHLAND AVE,1234,,,,,,,2,NO INDICATION OF INJURY,0,0,0,0,0,1,0,21,6,7,41.8569289759,-87.6662707292,POINT (-87.666270729165 41.856928975866)
e7952d4ecf3ceed80802b9d2f1abb8f06acbebeca2e8d516d8a210bc6d659f9dd15baa855e2470a19039aed06d58df21be660e12ddc27ff51b2eb79ba28a1223,,07/04/2025 09:20:00 PM,30,OTHER,OTHER,CLEAR,"DARKNESS, LIGHTED ROAD",PEDALCYCLIST,NOT DIVIDED,,STRAIGHT AND LEVEL,DRY,NO DEFECTS,ON SCENE,NO INJURY / DRIVE AWAY,,,,"OVER $1,500",07/04/2025 09:27:00 PM,UNABLE TO DETERMINE,UNABLE TO DETERMINE,1333,W,BELMONT AVE,1933,,,,,,,2,NO INDICATION OF INJURY,0,0,0,0,0,1,0,21,6,7,41.9396756449,-87.6625348143,POINT (-87.662534814263 41.939675644909)
784a66ade019714155afbfaaf539b4fcc9a2a1410fdd883b7ced58f7e16c65356c287e74087b1bf6a95c1acfe11986248c9e090b3203faf81c5613bca4bfeec8,,07/04/2025 09:15:00 PM,30,STOP SIGN/FLASHER,NO CONTROLS,CLEAR,DUSK,REAR END,NOT DIVIDED,,STRAIGHT AND LEVEL,DRY,UNKNOWN,ON SCENE,NO INJURY / DRIVE AWAY,Y,,,"OVER $1,500",07/04/2025 09:16:00 PM,FOLLOWING TOO CLOSELY,NOT APPLICABLE,207,S,LARAMIE AVE,1533,,,,,,,2,NO INDICATION OF INJURY,0,0,0,0,0,4,0,21,6,7,41.8782255908,-87.7548404047,POINT (-87.754840404651 41.878225590835)
a0337c8388425355b9e9b1ff2a99c1ad94b1edb71c4dec659308b069e2f277dc7bda00f0a0dc892113a6e109c24451853c7fc43edff335c95fcf9ea5a666a7db,,07/04/2025 09:15:00 PM,30,TRAFFIC SIGNAL,FUNCTIONING PROPERLY,CLEAR,"DARKNESS, LIGHTED ROAD",ANGLE,FOUR WAY,,STRAIGHT AND LEVEL,DRY,NO DEFECTS,NOT ON SCENE (DESK REPORT),NO INJURY / DRIVE AWAY,,,,$500 OR LESS,07/04/2025 10:45:00 PM,UNABLE TO DETERMINE,NOT APPLICABLE,4400,N,SHERIDAN RD,1914,,,,,,,2,NO INDICATION OF INJURY,0,0,0,0,0,2,0,21,6,7,41.9618230715,-87.6548960832,POINT (-87.654896083223 41.961823071539)
db88df29eba8fc51d175ffd4146a8b85e9d8c14b7f037609ea665d6dc2e1515b5436e48bec8a499026aeb75ce65ad5c5bc7f99447f202f2b9c9fd1788b25b3ce,,07/04/2025 09:00:00 PM,30,NO CONTROLS,NO CONTROLS,CLEAR,"DARKNESS, LIGHTED ROAD",PARKED MOTOR VEHICLE,ALLEY,,STRAIGHT AND LEVEL,DRY,NO DEFECTS,NOT ON SCENE (DESK REPORT),NO INJURY / DRIVE AWAY,,,Y,"OVER $1,500",07/11/2025 03:38:00 PM,UNABLE TO DETERMINE,NOT APPLICABLE,5745,S,TALMAN AVE,824,,,,,,,2,NO INDICATION OF INJURY,0,0,0,0,0,1,0,21,6,7,41.78877785,-87.6898539434,POINT (-87.689853943397 41.788777849971)
36e84ec57563256bd5963fbeeafbb30b1000dd131a915c7dd21054826bf4a6b0dbac64bbbf3367a1c307eb3677b7dbd4e48f604c3bd6b3ecc7d7cf4e4916cc68,,07/04/2025 08:57:00 PM,30,TRAFFIC SIGNAL,FUNCTIONING PROPERLY,CLEAR,"DARKNESS, LIGHTED ROAD",REAR END,DIVIDED - W/MEDIAN (NOT RAISED),,STRAIGHT AND LEVEL,DRY,NO DEFECTS,NOT ON SCENE (DESK REPORT),NO INJURY / DRIVE AWAY,,,,"OVER $1,500",07/04/2025 09:30:00 PM,UNABLE TO DETERMINE,NOT APPLICABLE,5700,S,KEDZIE AVE,822,,,,,,,2,NO INDICATION OF INJURY,0,0,0,0,0,3,0,20,6,7,41.7897908215,-87.7035987697,POINT (-87.703598769655 41.789790821511)
9e3737cfcb0e2bb4875199bb22c00b906e0c11cce786698eb037d5c4161f851d7f1d5b23d80b2e64d5cf37f31a82d974543127684dc5060b230cb76befb6cd0f,,07/04/2025 08:54:00 PM,30,NO CONTROLS,NO CONTROLS,CLEAR,DARKNESS,PEDESTRIAN,NOT DIVIDED,,STRAIGHT AND LEVEL,DRY,NO DEFECTS,ON SCENE,INJURY AND / OR TOW DUE TO CRASH,,,Y,"OVER $1,500",07/04/2025 08:58:00 PM,UNABLE TO DETERMINE,UNABLE TO DETERMINE,844,E,MARQUETTE RD,321,,,,,,,2,NONINCAPACITATING INJURY,1,0,0,1,0,1,0,20,6,7,41.7750895208,-87.604025344,POINT (-87.604025343972 41.775089520823)
ca9fb7715bd115025c85b9524f55bb0c42b401b6d0d9df8e68f8f71bd3722cc53d3764bcc3cd3326a89a089b2c5a81e572f98e6175349fe8d4f4ed8be7e99c6b,,07/04/2025 08:51:00 PM,30,NO CONTROLS,NO CONTROLS,CLEAR,"DARKNESS, LIGHTED ROAD",PARKED MOTOR VEHICLE,DIVIDED - W/MEDIAN (NOT RAISED),,STRAIGHT AND LEVEL,DRY,NO DEFECTS,ON SCENE,NO INJURY / DRIVE AWAY,,,Y,"OVER $1,500",07/04/2025 08:52:00 PM,UNABLE TO DETERMINE,UNABLE TO DETERMINE,358,S,HAMLIN BLVD,1133,,,,,,,2,NO INDICATION OF INJURY,0,0,0,0,0,1,0,20,6,7,41.8753454712,-87.7206807104,POINT (-87.720680710361 41.875345471205)
d222130862a1546a4d101ee1f40ed2c4f19584712b371b7afbbdc439a690d7b0dfef48c36e0a455aa217a0045c28728c4f52629aa2868311237f11b9dd583609,,07/04/2025 08:50:00 PM,30,NO CONTROLS,NO CONTROLS,CLEAR,"DARKNESS, LIGHTED ROAD",TURNING,FOUR WAY,,STRAIGHT AND LEVEL,DRY,NO DEFECTS,NOT ON SCENE (DESK REPORT),NO INJURY / DRIVE AWAY,Y,,,"OVER $1,500",07/04/2025 08:51:00 PM,FAILING TO YIELD RIGHT-OF-WAY,NOT APPLICABLE,5726,W,FULLERTON AVE,2515,,,,,,,2,NO INDICATION OF INJURY,0,0,0,0,0,2,0,20,6,7,41.9240353231,-87.7695798076,POINT (-87.769579807602 41.924035323107)
5ae7cda84dad761ba28ee7006bc935eade9a1a6132dda7f8032d1b0f2d0fe93a98b210d8ced202353b455b214a260b83e932c0ec4506be521aa97f89b39f5989,,07/04/2025 08:45:00 PM,30,NO CONTROLS,NO CONTROLS,CLEAR,"DARKNESS, LIGHTED ROAD",REAR END,NOT DIVIDED,,STRAIGHT AND LEVEL,DRY,NO DEFECTS,ON SCENE,INJURY AND / OR TOW DUE TO CRASH,,,,"OVER $1,500",07/04/2025 08:47:00 PM,FOLLOWING TOO CLOSELY,FAILING TO REDUCE SPEED TO AVOID CRASH,3346,W,CHICAGO AVE,1121,,,,,,,3,NO INDICATION OF INJURY,0,0,0,0,0,2,0,20,6,7,41.8956221818,-87.7107912085,POINT (-87.710791208494 41.895622181806)
fc2c7f2e0126d10ad3de16f7bfd7587f21ebe361fdde80e4c1b54e7d92775f0fabe3284133faf0677e804ff96f47f551cc1ba1b5c5b26fd4d114e33abbf06e6c,,07/04/2025 08:45:00 PM,30,TRAFFIC SIGNAL,FUNCTIONING PROPERLY,CLEAR,"DARKNESS, LIGHTED ROAD",SIDESWIPE SAME DIRECTION,T-INTERSECTION,,STRAIGHT AND LEVEL,DRY,NO DEFECTS,ON SCENE,INJURY AND / OR TOW DUE TO CRASH,Y,,Y,"OVER $1,500",07/04/2025 09:06:00 PM,DISREGARDING TRAFFIC SIGNALS,IMPROPER LANE USAGE,699,S,CICERO AVE,1131,,,,,,,2,NONINCAPACITATING INJURY,1,0,0,1,0,6,0,20,6,7,41.8720834481,-87.7447858165,POINT (-87.744785816519 41.87208344809)
0c2120dcc4e96f8e530dc9cf4ebf5467b95ec0e5953859a80214086f3c6fb60ec351d629229ea1937931e5681531e0dc65e779ebf190991c8c2f7ff94eba58ea,,07/04/2025 08:40:00 PM,35,NO CONTROLS,NO CONTROLS,CLEAR,"DARKNESS, LIGHTED ROAD",PARKED MOTOR VEHICLE,DIVIDED - W/MEDIAN (NOT RAISED),,STRAIGHT AND LEVEL,DRY,NO DEFECTS,ON SCENE,INJURY AND / OR TOW DUE TO CRASH,,,,"OVER $1,500",07/04/2025 08:49:00 PM,DISTRACTION - FROM INSIDE VEHICLE,NOT APPLICABLE,2127,N,KIMBALL AVE,1413,,,,,,,3,NO INDICATION OF INJURY,0,0,0,0,0,1,0,20,6,7,41.9199757216,-87.7118122289,POINT (-87.711812228896 41.919975721612)
ce4dbe54af0c023e1ff3b4593fa1884cc8fd18a6f28fb0ef9e8ca11a3e8254b1752a98549febe674fc5c7ae8a2d3a170ca64cf87e89e62f7d6e5074b65a772ca,,07/04/2025 08:39:00 PM,20,NO CONTROLS,NO CONTROLS,CLEAR,"DARKNESS, LIGHTED ROAD",HEAD ON,ONE-WAY,,STRAIGHT AND LEVEL,DRY,NO DEFECTS,ON SCENE,NO INJURY / DRIVE AWAY,,,,"OVER $1,500",07/04/2025 08:39:00 PM,UNABLE TO DETERMINE,UNABLE TO DETERMINE,2401,S,WASHTENAW AVE,1034,,,,,,,2,NO INDICATION OF INJURY,0,0,0,0,0,3,0,20,6,7,41.8482680241,-87.6927457721,POINT (-87.692745772077 41.848268024142)
2408a3ffdff54f64c2ace65d3aafad0ac6f01e7a828737274d88cfaca9507b234921abf4aab6e607459d2cd79d1e263fb6e7b56ac76bb8a688417be96f29acf3,,07/04/2025 08:36:00 PM,30,NO CONTROLS,NO CONTROLS,CLEAR,DUSK,PEDESTRIAN,DIVIDED - W/MEDIAN (NOT RAISED),,STRAIGHT AND LEVEL,DRY,NO DEFECTS,ON SCENE,INJURY AND / OR TOW DUE TO CRASH,,,Y,"OVER $1,500",07/04/2025 08:37:00 PM,FAILING TO YIELD RIGHT-OF-WAY,FAILING TO YIELD RIGHT-OF-WAY,2920,W,ROOSEVELT RD,1135,,,,,,,2,NONINCAPACITATING INJURY,1,0,0,1,0,2,0,20,6,7,41.8665821878,-87.6993298813,POINT (-87.699329881277 41.866582187777)
471ba27b9b26f8e0acdddf9b183c22b3370cc6d403b0186e7cd2194e98ae3c6df9a90d6b26b92a97e585526b81b24200bd86df7c4e15ab3ffd00783e0736538c,,07/04/2025 08:15:00 PM,30,TRAFFIC SIGNAL,FUNCTIONING PROPERLY,CLEAR,DAYLIGHT,TURNING,NOT DIVIDED,,STRAIGHT AND LEVEL,DRY,NO DEFECTS,NOT ON SCENE (DESK REPORT),NO INJURY / DRIVE AWAY,Y,,Y,"OVER $1,500",07/04/2025 08:20:00 PM,IMPROPER TURNING/NO SIGNAL,PHYSICAL CONDITION OF DRIVER,3456,W,63RD ST,823,,,,,,,2,NO INDICATION OF INJURY,0,0,0,0,0,5,0,20,6,7,41.7789663276,-87.7102168724,POINT (-87.710216872382 41.77896632763)
61ccfa047174d308e7a2d7fb4521c75755a3f7a3d7419d09f981a131d579a95ffe6bafde780e475dd97e6198fd67520978f3957425a978146df092ddf3a6245a,,07/04/2025 08:10:00 PM,30,NO CONTROLS,NO CONTROLS,CLEAR,DAYLIGHT,ANGLE,Y-INTERSECTION,,STRAIGHT AND LEVEL,DRY,NO DEFECTS,ON SCENE,NO INJURY / DRIVE AWAY,Y,,,$500 OR LESS,07/04/2025 08:15:00 PM,FAILING TO YIELD RIGHT-OF-WAY,IMPROPER TURNING/NO SIGNAL,246,N,OGDEN AVE,1215,,,,,,,2,NO INDICATION OF INJURY,0,0,0,0,0,2,0,20,6,7,41.8858494344,-87.6626039739,POINT (-87.662603973878 41.885849434411)
127f204eabe332adbb23feba4606508ed664730ce02c6ccf19f85b70ae68645acd228925e3c1372ca0f972281f7e844cd9e19ca3faa9971e1125467702e3c7f8,Y,07/04/2025 08:08:00 PM,30,STOP SIGN/FLASHER,FUNCTIONING PROPERLY,CLEAR,"DARKNESS, LIGHTED ROAD",TURNING,DIVIDED - W/MEDIAN (NOT RAISED),,STRAIGHT AND LEVEL,DRY,NO DEFECTS,ON SCENE,INJURY AND / OR TOW DUE TO CRASH,Y,,,"OVER $1,500",07/04/2025 09:14:00 PM,FAILING TO YIELD RIGHT-OF-WAY,NOT APPLICABLE,6730,W,DIVERSEY AVE,2511,,,,,,,2,NONINCAPACITATING INJURY,1,0,0,1,0,1,0,20,6,7,41.9310081605,-87.794307246,POINT (-87.794307245956 41.931008160526)
08c56caaf7391eefef5aac917b1d987e8f315be43eaa54877e2b270e841520d44e3845acc8b6564d25b7d370374867b40cc9639e71c3bd8f33ab736a7e9fa895,,07/04/2025 08:00:00 PM,30,STOP SIGN/FLASHER,NO CONTROLS,CLEAR,DUSK,TURNING,NOT DIVIDED,,STRAIGHT AND LEVEL,DRY,NO DEFECTS,NOT ON SCENE (DESK REPORT),NO INJURY / DRIVE AWAY,,,,"OVER $1,500",07/04/2025 09:00:00 PM,FAILING TO YIELD RIGHT-OF-WAY,DRIVING SKILLS/KNOWLEDGE/EXPERIENCE,6622,W,DIVERSEY AVE,2511,,,,,,,2,NO INDICATION OF INJURY,0,0,0,0,0,2,0,20,6,7,41.9310416565,-87.7915199562,POINT (-87.791519956194 41.931041656489)
ab3f357125565cbbaa04f0823ede1f104ee88b0b7d461e5b60c63aca50c4b72041edb45e0db14178753d88cfb4e9a04253d366e1adc1dcacb5b3bf785519cc7e,,07/04/2025 08:00:00 PM,30,NO CONTROLS,NO CONTROLS,CLEAR,"DARKNESS, LIGHTED ROAD",REAR TO FRONT,ONE-WAY,,STRAIGHT AND LEVEL,DRY,UNKNOWN,ON SCENE,NO INJURY / DRIVE AWAY,,,Y,$500 OR LESS,07/04/2025 08:30:00 PM,UNABLE TO DETERMINE,UNABLE TO DETERMINE,1646,W,HARRISON ST,1231,,,,,,,2,NO INDICATION OF INJURY,0,0,0,0,0,2,0,20,6,7,41.8742772915,-87.6685326149,POINT (-87.668532614863 41.874277291466)
eee9a905931b13edf67227fe031032d04fcd3e71a63991392cf5007225938c0a1d56d7ace5c2d58c139d1593ecd4e5f0811ec430a755ad1f4f37b9866c59d4dc,Y,07/04/2025 08:00:00 PM,25,NO CONTROLS,NO CONTROLS,CLEAR,DAYLIGHT,PARKED MOTOR VEHICLE,NOT DIVIDED,,STRAIGHT AND LEVEL,DRY,NO DEFECTS,NOT ON SCENE (DESK REPORT),NO INJURY / DRIVE AWAY,,,Y,"OVER $1,500",07/05/2025 09:05:00 PM,UNABLE TO DETERMINE,NOT APPLICABLE,5476,W,HIGGINS AVE,1623,,,,,,,2,NO INDICATION OF INJURY,0,0,0,0,0,1,0,20,6,7,41.969517998,-87.7641556513,POINT (-87.764155651342 41.969517998007)
7d7c73b4fd73f3ca37547c69dc7e2b539198420f1b8c8acbeb5f8c177c00c5c4722d65debc760752466d8e82cde27405e765e2b261044dfac43928bb9b231507,,07/04/2025 07:59:00 PM,10,NO CONTROLS,NO CONTROLS,CLEAR,DAYLIGHT,SIDESWIPE OPPOSITE DIRECTION,PARKING LOT,,STRAIGHT AND LEVEL,UNKNOWN,UNKNOWN,NOT ON SCENE (DESK REPORT),NO INJURY / DRIVE AWAY,,,,"OVER $1,500",07/04/2025 08:40:00 PM,UNABLE TO DETERMINE,UNABLE TO DETERMINE,4821,N,KEDZIE AVE,1713,,,,,,,2,NO INDICATION OF INJURY,0,0,0,0,0,4,0,19,6,7,41.9691104171,-87.7083494666,POINT (-87.708349466551 41.969110417087)
21dadcfd83827cea8e0776cae82541d4226b2df1c46d25996ee4a25fb5167cf681d41f4ad7c55eb67716f363f8ffd52109789acb54d5cdbb9f1244ea36cf6066,,07/04/2025 07:55:00 PM,30,STOP SIGN/FLASHER,FUNCTIONING PROPERLY,CLEAR,DAYLIGHT,TURNING,NOT DIVIDED,,STRAIGHT AND LEVEL,DRY,NO DEFECTS,NOT ON SCENE (DESK REPORT),NO INJURY / DRIVE AWAY,Y,,,"OVER $1,500",07/05/2025 12:40:00 PM,FAILING TO YIELD RIGHT-OF-WAY,NOT APPLICABLE,6900,W,DIVERSEY AVE,2511,,,,,,,2,NO INDICATION OF INJURY,0,0,0,0,0,2,0,19,6,7,41.9309614924,-87.7979780623,POINT (-87.797978062258 41.930961492437)
a96a8d8b78e4f611ed78a7c419c41105b470efd8e7887b01552a99a4456eaa42e2238edfd16907d857660fde0dbac2603b3ed560d9c4fd1ceab947d195d6c224,,07/04/2025 07:54:00 PM,30,TRAFFIC SIGNAL,FUNCTIONING PROPERLY,CLEAR,"DARKNESS, LIGHTED ROAD",ANGLE,NOT DIVIDED,,STRAIGHT AND LEVEL,DRY,NO DEFECTS,NOT ON SCENE (DESK REPORT),INJURY AND / OR TOW DUE TO CRASH,Y,,,"OVER $1,500",07/04/2025 08:55:00 PM,UNABLE TO DETERMINE,NOT APPLICABLE,5200,W,MADISON ST,1522,,,,,,,2,NONINCAPACITATING INJURY,2,0,0,2,0,2,0,19,6,7,41.8804807517,-87.755130433,POINT (-87.755130432965 41.880480751702)
d468fa6c4e4e54ed15a5e2e0058af651b2cc77dec3b3baaf6a2e0d9b70581b971f9a3e2768239e7911553a3582bb965405d117862c1dbc067b15387c99a7149f,,07/04/2025 07:50:00 PM,30,NO CONTROLS,NO CONTROLS,CLEAR,"DARKNESS, LIGHTED ROAD",REAR END,NOT DIVIDED,,STRAIGHT AND LEVEL,DRY,NO DEFECTS,NOT ON SCENE (DESK REPORT),NO INJURY / DRIVE AWAY,,,Y,"OVER $1,500",07/05/2025 01:00:00 PM,UNABLE TO DETERMINE,NOT APPLICABLE,4440,N,BROADWAY,1913,,,,,,,2,NO INDICATION OF INJURY,0,0,0,0,0,2,0,19,6,7,41.9627413512,-87.655935743,POINT (-87.655935743028 41.962741351181)