CRASH_RECORD_ID,CRASH_DATE_EST_I,CRASH_DATE,POSTED_SPEED_LIMIT,TRAFFIC_CONTROL_DEVICE,DEVICE_CONDITION,WEATHER_CONDITION,LIGHTING_CONDITION,FIRST_CRASH_TYPE,TRAFFICWAY_TYPE,LANE_CNT,ALIGNMENT,ROADWAY_SURFACE_COND,ROAD_DEFECT,REPORT_TYPE,CRASH_TYPE,INTERSECTION_RELATED_I,NOT_RIGHT_OF_WAY_I,HIT_AND_RUN_I,DAMAGE,DATE_POLICE_NOTIFIED,PRIM_CONTRIBUTORY_CAUSE,SEC_CONTRIBUTORY_CAUSE,STREET_NO,STREET_DIRECTION,STREET_NAME,BEAT_OF_OCCURRENCE,PHOTOS_TAKEN_I,STATEMENTS_TAKEN_I,DOORING_I,WORK_ZONE_I,WORK_ZONE_TYPE,WORKERS_PRESENT_I,NUM_UNITS,MOST_SEVERE_INJURY,INJURIES_TOTAL,INJURIES_FATAL,INJURIES_INCAPACITATING,INJURIES_NON_INCAPACITATING,INJURIES_REPORTED_NOT_EVIDENT,INJURIES_NO_INDICATION,INJURIES_UNKNOWN,CRASH_HOUR,CRASH_DAY_OF_WEEK,CRASH_MONTH,LATITUDE,LONGITUDE,LOCATION
ccaeaa628e092af2d785c5f735a38fef39783d09acad1620f5f20c0c06cf808f51b452a4dee637d196aab2795f38db7da6467980caff7b2486e6414f625b277b,,07/04/2025 07:49:00 PM,55,YIELD,OTHER,CLEAR,DAYLIGHT,SIDESWIPE SAME DIRECTION,RAMP,,STRAIGHT AND LEVEL,DRY,UNKNOWN,NOT ON SCENE (DESK REPORT),NO INJURY / DRIVE AWAY,,,,"$501 - $1,500",07/06/2025 12:30:00 PM,IMPROPER OVERTAKING/PASSING,DRIVING SKILLS/KNOWLEDGE/EXPERIENCE,600,N,LAKE SHORE DR,1834,,,,,,,2,NO INDICATION OF INJURY,0,0,0,0,0,3,0,19,6,7,41.8927482092,-87.614686796,POINT (-87.614686796014 41.892748209238)
ea4667cc7b5da5fdcd48884ce7df71bd67f62d69c270ce2a71e06370f473efcd3e5e3f34c3450458e2410a80c712c17f97936539d82199b562210c95ba48344d,,07/04/2025 07:40:00 PM,30,NO CONTROLS,NO CONTROLS,CLEAR,DUSK,SIDESWIPE SAME DIRECTION,FOUR WAY,,STRAIGHT AND LEVEL,DRY,NO DEFECTS,ON SCENE,NO INJURY / DRIVE AWAY,,,,"$501 - $1,500",07/04/2025 07:45:00 PM,IMPROPER OVERTAKING/PASSING,NOT APPLICABLE,805,W,71ST ST,733,,,,,,,3,NO INDICATION OF INJURY,0,0,0,0,0,5,0,19,6,7,41.7650888198,-87.6446396135,POINT (-87.644639613468 41.765088819834)
0b42659df6d0a922407efc8a5ac4f0ac0d59b73bb7b13a113233e2085405f752945c2a2a723af84c7c09724a5bc413872ddfb5abfccff98bb5780ff8b4ea3ddb,,07/04/2025 07:30:00 PM,30,TRAFFIC SIGNAL,FUNCTIONING PROPERLY,CLEAR,DAYLIGHT,ANGLE,NOT DIVIDED,,STRAIGHT AND LEVEL,DRY,NO DEFECTS,NOT ON SCENE (DESK REPORT),INJURY AND / OR TOW DUE TO CRASH,,,,"OVER $1,500",07/04/2025 08:59:00 PM,UNABLE TO DETERMINE,NOT APPLICABLE,7100,S,SOUTH SHORE DR,334,,,,,,,2,NONINCAPACITATING INJURY,1,0,0,1,0,3,0,19,6,7,41.7661952023,-87.562908182,POINT (-87.562908182042 41.76619520231)
84dbbf2dcff0f8fb9b0299797a9e0dbd618a261e8a5706f536697de703c87c6818bc35655faa76aa5e47cad58b3339693ae900ee9bbb545e1e594fc8ff587a8a,,07/04/2025 07:30:00 PM,30,NO CONTROLS,NO CONTROLS,CLEAR,DAYLIGHT,SIDESWIPE SAME DIRECTION,DIVIDED - W/MEDIAN BARRIER,,STRAIGHT AND LEVEL,DRY,NO DEFECTS,NOT ON SCENE (DESK REPORT),NO INJURY / DRIVE AWAY,,,Y,"OVER $1,500",07/04/2025 08:00:00 PM,IMPROPER LANE USAGE,NOT APPLICABLE,9356,S,STONY ISLAND AVE,413,,,,,,,2,NO INDICATION OF INJURY,0,0,0,0,0,3,0,19,6,7,41.7241766622,-87.585400771,POINT (-87.585400770965 41.724176662238)
7310a27dba2dd94b1810f620f0c516dd252bed64d26e059f9776d7e52a27bb0e16398ab41f8b7ecce44f79419da1f7398cd102b3d754fd5a93f66cd1a0f74482,Y,07/04/2025 07:20:00 PM,30,STOP SIGN/FLASHER,NO CONTROLS,CLEAR,DAYLIGHT,ANGLE,NOT DIVIDED,,STRAIGHT AND LEVEL,DRY,NO DEFECTS,ON SCENE,INJURY AND / OR TOW DUE TO CRASH,Y,,,"OVER $1,500",07/04/2025 07:24:00 PM,FAILING TO YIELD RIGHT-OF-WAY,DRIVING SKILLS/KNOWLEDGE/EXPERIENCE,7300,W,DEVON AVE,1612,,,,,,,2,NONINCAPACITATING INJURY,3,0,0,2,1,0,0,19,6,7,41.9972341175,-87.8104129688,POINT (-87.810412968829 41.997234117489)
73e7b89705165d3fde13f8a44fa645fc7998c6338af75fe610fed97398cc9219c53842ec5b99e37a30bb214f6521dbedce82b30ff4104d9658570943bea32915,,07/04/2025 07:20:00 PM,30,NO CONTROLS,NO CONTROLS,UNKNOWN,UNKNOWN,REAR TO FRONT,PARKING LOT,,STRAIGHT AND LEVEL,UNKNOWN,UNKNOWN,NOT ON SCENE (DESK REPORT),NO INJURY / DRIVE AWAY,,,,"$501 - $1,500",07/07/2025 05:42:00 PM,IMPROPER BACKING,IMPROPER BACKING,7100,S,DR MARTIN LUTHER KING JR DR,323,,,,,,,2,NO INDICATION OF INJURY,0,0,0,0,0,2,0,19,6,7,41.7656188178,-87.615407248,POINT (-87.615407248037 41.765618817754)
b9248853e89691149a026ae5585c7f172d2bd5fcc30c4a790be8edec43955fbee96667189f09162ed93fd9aefc71980cb238b6dc112605734d5062a00cbb1b0f,,07/04/2025 07:20:00 PM,30,TRAFFIC SIGNAL,FUNCTIONING PROPERLY,CLEAR,DAYLIGHT,SIDESWIPE SAME DIRECTION,NOT DIVIDED,,STRAIGHT AND LEVEL,DRY,NO DEFECTS,NOT ON SCENE (DESK REPORT),NO INJURY / DRIVE AWAY,,,,"OVER $1,500",07/04/2025 08:00:00 PM,IMPROPER OVERTAKING/PASSING,FOLLOWING TOO CLOSELY,27,W,LAKE ST,111,,,,,,,2,NO INDICATION OF INJURY,0,0,0,0,0,2,0,19,6,7,41.8856392632,-87.6289762369,POINT (-87.628976236902 41.885639263164)
5a6ced901ff973e5f412e944ca1d90e67704981f5dee646a9bf19a92198d636df84ccd265f39bf9876d2c52e382a3aed7ee4395eb837e8f4950cf78c5c82ce22,,07/04/2025 07:15:00 PM,30,TRAFFIC SIGNAL,FUNCTIONING PROPERLY,CLEAR,DAYLIGHT,REAR END,DIVIDED - W/MEDIAN BARRIER,,STRAIGHT AND LEVEL,DRY,NO DEFECTS,NOT ON SCENE (DESK REPORT),NO INJURY / DRIVE AWAY,,,,"OVER $1,500",07/04/2025 07:30:00 PM,FOLLOWING TOO CLOSELY,NOT APPLICABLE,10531,S,INDIANAPOLIS AVE,432,,,,,,,2,NO INDICATION OF INJURY,0,0,0,0,0,2,0,19,6,7,41.7037830988,-87.5251228927,POINT (-87.525122892662 41.703783098806)
00e455304a47152e625f3ed43cb67c549131e434157827b0e408fa0d6c1b46d574ea5d90d94a96043bd3ce19304fc62bdf939cc8609c15afcd0824b38f4fe461,,07/04/2025 07:12:00 PM,30,TRAFFIC SIGNAL,FUNCTIONING PROPERLY,CLEAR,DAYLIGHT,REAR END,NOT DIVIDED,,STRAIGHT AND LEVEL,DRY,UNKNOWN,NOT ON SCENE (DESK REPORT),NO INJURY / DRIVE AWAY,,,Y,"$501 - $1,500",07/04/2025 07:45:00 PM,UNABLE TO DETERMINE,UNABLE TO DETERMINE,98,E,HARRISON ST,123,,,,,,,2,NO INDICATION OF INJURY,0,0,0,0,0,3,0,19,6,7,41.8745480538,-87.6243224562,POINT (-87.624322456195 41.874548053834)
e573e27257d4eaf3303d5ec71f235f4bc75864d7472369c70b296a27d6afc8c87dc959089605d030e31ab4bff83c0eb81385d86481cbf40d789fc882545301b9,,07/04/2025 07:10:00 PM,30,TRAFFIC SIGNAL,FUNCTIONING PROPERLY,CLEAR,DAYLIGHT,TURNING,NOT DIVIDED,,STRAIGHT AND LEVEL,DRY,UNKNOWN,,NO INJURY / DRIVE AWAY,Y,,,"OVER $1,500",07/05/2025 06:26:00 AM,UNABLE TO DETERMINE,UNABLE TO DETERMINE,4649,S,CICERO AVE,815,,,,,,,2,NO INDICATION OF INJURY,0,0,0,0,0,2,0,19,6,7,41.8079986204,-87.7430121565,POINT (-87.743012156455 41.807998620395)
8107b5cd65f7e8ba98211f30e28b3b7299c9a4da3b7e5b515d8e582de582e7bda80e78ac43d7ed772f654ab065e4ef5c7e588a6d1225dd8f5091d69cbb85a60e,,07/04/2025 07:00:00 PM,20,UNKNOWN,UNKNOWN,CLEAR,DAYLIGHT,SIDESWIPE SAME DIRECTION,FOUR WAY,,STRAIGHT AND LEVEL,DRY,UNKNOWN,NOT ON SCENE (DESK REPORT),NO INJURY / DRIVE AWAY,,,Y,$500 OR LESS,07/04/2025 07:10:00 PM,UNABLE TO DETERMINE,NOT APPLICABLE,11700,S,AVENUE O,433,,,,,,,2,NO INDICATION OF INJURY,0,0,0,0,0,3,0,19,6,7,41.6826840631,-87.5402630773,POINT (-87.540263077337 41.682684063109)
448cbd64ebd7f6d77a898f89d398869f7ca2c036796487d9e96c9d9b27545b2b76c40aacfee0d93e6d6467143b5fd79971f16e7fee9cd5668fb31543b94585f2,,07/04/2025 06:44:00 PM,30,NO CONTROLS,NO CONTROLS,CLEAR,DAYLIGHT,SIDESWIPE SAME DIRECTION,DIVIDED - W/MEDIAN (NOT RAISED),,STRAIGHT AND LEVEL,DRY,UNKNOWN,NOT ON SCENE (DESK REPORT),NO INJURY / DRIVE AWAY,,,,"OVER $1,500",07/04/2025 08:15:00 PM,UNABLE TO DETERMINE,NOT APPLICABLE,251,N,DEARBORN ST,111,,,,,,,2,NO INDICATION OF INJURY,0,0,0,0,0,2,0,18,6,7,41.8870025292,-87.6293850236,POINT (-87.62938502358 41.887002529176)
fcfd6c1d9bf6e62e3085b4dc3a98f869533eb36ce7a4044faf58b1668c6eb9bec4e841686eef0fcc6263f722b6054565ad8c581eed7f3494454fad49e7560c1f,,07/04/2025 06:40:00 PM,30,NO CONTROLS,NO CONTROLS,CLEAR,DAYLIGHT,TURNING,NOT DIVIDED,,STRAIGHT AND LEVEL,DRY,NO DEFECTS,NOT ON SCENE (DESK REPORT),NO INJURY / DRIVE AWAY,,,,"$501 - $1,500",07/05/2025 06:15:00 AM,UNABLE TO DETERMINE,UNABLE TO DETERMINE,7125,W,BELMONT AVE,2511,,,,,,,2,NO INDICATION OF INJURY,0,0,0,0,0,3,0,18,6,7,41.9379104632,-87.8050734489,POINT (-87.805073448858 41.937910463178)
b878922958d9d6a48b38daf8b2e7cefb3abc9b4cb45bfdadef93410e1d4fddb90b942b93ebc6c7be8f9b3b03c69b487e3a7b21e365067884269cc3f1f3910e9e,,07/04/2025 06:30:00 PM,25,NO CONTROLS,NO CONTROLS,CLEAR,DAYLIGHT,PARKED MOTOR VEHICLE,TRAFFIC ROUTE,,STRAIGHT AND LEVEL,DRY,NO DEFECTS,NOT ON SCENE (DESK REPORT),NO INJURY / DRIVE AWAY,,,Y,"OVER $1,500",07/05/2025 04:05:00 PM,UNABLE TO DETERMINE,NOT APPLICABLE,9000,S,BUFFALO AVE,424,,,,,,,2,NO INDICATION OF INJURY,0,0,0,0,0,2,0,18,6,7,41.7318929556,-87.5444821209,POINT (-87.544482120872 41.731892955613)
2b8e0dec1e7f7371c7ac56f7c36876d0dc6d3b4d32cecc9062d3667c0b404ade67834035679371367cf0b77ca3f5549b5395bcbf9aa64e6031ccefa629e53628,,07/04/2025 06:20:00 PM,30,NO CONTROLS,NO CONTROLS,CLEAR,DAYLIGHT,SIDESWIPE SAME DIRECTION,NOT DIVIDED,,STRAIGHT AND LEVEL,DRY,NO DEFECTS,ON SCENE,NO INJURY / DRIVE AWAY,,,,"$501 - $1,500",07/04/2025 06:25:00 PM,UNABLE TO DETERMINE,NOT APPLICABLE,4008,W,DIVERSEY AVE,2523,,,,,,,2,NO INDICATION OF INJURY,0,0,0,0,0,2,0,18,6,7,41.9318935586,-87.7274075791,POINT (-87.72740757911 41.931893558591)
f8db3923b87a3b42ef3eaadb572044e667ee1d296cc85f4932f5a8f8e5f83aed3edc80fec36b13b5a5fcc5f0ea05dfca150a9fdaa3da42568ff2006519be8f07,,07/04/2025 06:20:00 PM,15,NO CONTROLS,NO CONTROLS,CLEAR,DAYLIGHT,PARKED MOTOR VEHICLE,PARKING LOT,,STRAIGHT AND LEVEL,DRY,NO DEFECTS,NOT ON SCENE (DESK REPORT),NO INJURY / DRIVE AWAY,,,,"$501 - $1,500",07/09/2025 12:15:00 AM,IMPROPER LANE USAGE,NOT APPLICABLE,1551,N,MILWAUKEE AVE,1424,,,,,,,2,NO INDICATION OF INJURY,0,0,0,0,0,1,0,18,6,7,41.9097808167,-87.6763072357,POINT (-87.676307235681 41.90978081668)
fc8393b5fd25a6e5ac73d75e12dfce07f9a6ee955deee35ed373c8655ee3f98427c9958e6e503746adf95cf26cb4c509df126c5e661c6680e07ab43009ac7eab,,07/04/2025 06:20:00 PM,30,TRAFFIC SIGNAL,FUNCTIONING PROPERLY,CLEAR,DAYLIGHT,PEDALCYCLIST,NOT DIVIDED,,STRAIGHT AND LEVEL,DRY,NO DEFECTS,ON SCENE,INJURY AND / OR TOW DUE TO CRASH,Y,,,$500 OR LESS,07/04/2025 06:23:00 PM,FAILING TO YIELD RIGHT-OF-WAY,DRIVING SKILLS/KNOWLEDGE/EXPERIENCE,4400,W,WASHINGTON BLVD,1113,,,,,,,2,NONINCAPACITATING INJURY,1,0,0,1,0,1,0,18,6,7,41.8820363761,-87.7356411956,POINT (-87.735641195598 41.882036376141)
bd8d74e880f7cc3350e2c905d66f7ad9bc1158d1f32c76b0cd3ff2f43ea3fcd8d1ea59de74c9766be26b86b7742a80716441d1a6855ce352440155024a09ab04,,07/04/2025 06:06:00 PM,30,NO CONTROLS,NO CONTROLS,CLEAR,DAYLIGHT,PARKED MOTOR VEHICLE,NOT DIVIDED,,STRAIGHT AND LEVEL,DRY,NO DEFECTS,ON SCENE,INJURY AND / OR TOW DUE TO CRASH,,,Y,"OVER $1,500",07/04/2025 06:11:00 PM,UNABLE TO DETERMINE,UNABLE TO DETERMINE,5536,S,DAMEN AVE,715,,,,,,,3,NO INDICATION OF INJURY,0,0,0,0,0,1,0,18,6,7,41.7924057162,-87.6743978978,POINT (-87.674397897758 41.792405716157)
c9d63c6a3544b4f2bfaa3711d2cc2e6d763650cb8bbee1a2e1de4c9d532b8be7d84e6464ad9602f274fa6e2f2661b8b7bab769e6a831278c3def859ebf4c7460,,07/04/2025 06:01:00 PM,25,TRAFFIC SIGNAL,FUNCTIONING PROPERLY,CLEAR,DAYLIGHT,REAR END,FOUR WAY,,STRAIGHT AND LEVEL,DRY,NO DEFECTS,ON SCENE,NO INJURY / DRIVE AWAY,Y,,,"OVER $1,500",07/04/2025 06:01:00 PM,DISTRACTION - FROM OUTSIDE VEHICLE,DISTRACTION - FROM OUTSIDE VEHICLE,200,N,CICERO AVE,1532,,,,,,,2,NO INDICATION OF INJURY,0,0,0,0,0,2,0,18,6,7,41.8844734996,-87.7455707869,POINT (-87.745570786944 41.884473499553)
084f876bd72d086c4497e1a0666e4ead0b311a47db1b3b197998330b84d6fe5ed02e3449e4098cec25dfafd647e4ce4cd61634f7bca56c9ce15cc8bcb9e5d74f,,07/04/2025 06:00:00 PM,30,NO CONTROLS,NO CONTROLS,CLEAR,DAYLIGHT,SIDESWIPE SAME DIRECTION,NOT DIVIDED,,STRAIGHT AND LEVEL,DRY,NO DEFECTS,NOT ON SCENE (DESK REPORT),NO INJURY / DRIVE AWAY,,,,"OVER $1,500",07/04/2025 07:00:00 PM,IMPROPER OVERTAKING/PASSING,IMPROPER TURNING/NO SIGNAL,875,N,MICHIGAN AVE,1833,,,,,,,2,NO INDICATION OF INJURY,0,0,0,0,0,2,0,18,6,7,41.8989485417,-87.6239749877,POINT (-87.62397498769 41.89894854173)
27b1d149cccb2c18142914561e2a1491ac77f4212e7196ae4714eca2edee71920674b6f2188d7c23c71412caeb5320ebbb511ee238063af903078bb0c4da3507,Y,07/04/2025 06:00:00 PM,30,NO CONTROLS,NO CONTROLS,CLEAR,UNKNOWN,PARKED MOTOR VEHICLE,ONE-WAY,,STRAIGHT AND LEVEL,UNKNOWN,NO DEFECTS,ON SCENE,NO INJURY / DRIVE AWAY,,,Y,"OVER $1,500",07/04/2025 10:45:00 PM,UNABLE TO DETERMINE,NOT APPLICABLE,5540,W,OHIO ST,1524,,,,,,,2,NO INDICATION OF INJURY,0,0,0,0,0,1,0,18,6,7,41.8912071976,-87.7651585698,POINT (-87.76515856977 41.89120719756)
c39312f3048b0b914153b00c2daa07e9c24c86f0f7e93dcb88d8c3997c980f66b24eeca9a5676bcb2f2ec9bf01fc3d85358ef79ac036e137d4fbbd4788045499,,07/04/2025 06:00:00 PM,30,NO CONTROLS,NO CONTROLS,CLEAR,DAYLIGHT,SIDESWIPE SAME DIRECTION,DIVIDED - W/MEDIAN BARRIER,,STRAIGHT AND LEVEL,DRY,NO DEFECTS,ON SCENE,INJURY AND / OR TOW DUE TO CRASH,,,Y,"OVER $1,500",07/04/2025 06:05:00 PM,IMPROPER OVERTAKING/PASSING,IMPROPER LANE USAGE,8805,S,HALSTED ST,2223,,,,,,,2,NO INDICATION OF INJURY,0,0,0,0,0,2,0,18,6,7,41.7341149225,-87.6434157646,POINT (-87.643415764641 41.734114922471)
ccaea59549c658f02eaab834703ca9724377df28a5b1db893de737c7b2444beb3b09ac14e627e3e97a2297f5c9e12f549c1baf269010160074e5679fcd9fe388,,07/04/2025 05:55:00 PM,35,TRAFFIC SIGNAL,FUNCTIONING PROPERLY,CLEAR,DAYLIGHT,TURNING,FOUR WAY,,STRAIGHT AND LEVEL,DRY,NO DEFECTS,ON SCENE,INJURY AND / OR TOW DUE TO CRASH,Y,,,"OVER $1,500",07/04/2025 05:56:00 PM,UNABLE TO DETERMINE,UNABLE TO DETERMINE,8098,S,VINCENNES AVE,621,,,,N,,,2,NONINCAPACITATING INJURY,1,0,0,1,0,1,0,17,6,7,41.7472348791,-87.6352916663,POINT (-87.635291666326 41.747234879087)
a6c2a4d8fc31106bc859a3f64dd7d1c5fe98e7edd8f3fb3bc225d194001ae5ba1caf53f9bf503bd52abc08295fe779e92cb92ab26f8e1d937c0a1bb9d147a261,,07/04/2025 05:52:00 PM,30,NO CONTROLS,NO CONTROLS,CLEAR,DAYLIGHT,FIXED OBJECT,NOT DIVIDED,,STRAIGHT AND LEVEL,DRY,UNKNOWN,ON SCENE,NO INJURY / DRIVE AWAY,,,,"OVER $1,500",07/04/2025 05:52:00 PM,UNABLE TO DETERMINE,UNABLE TO DETERMINE,1128,W,71ST ST,733,,,,,,,1,NO INDICATION OF INJURY,0,0,0,0,0,1,0,17,6,7,41.7651817039,-87.6528384924,POINT (-87.652838492432 41.765181703891)
84382f554fd6a174257e40bc5fd723b2eb8bc674a0d7b41b70ebff2f1386dfcc44779da10a0f0319cc09099070d2e57bfb2bccd47261c7dd169d3a750afc048a,Y,07/04/2025 05:50:00 PM,30,NO CONTROLS,NO CONTROLS,CLEAR,DAYLIGHT,SIDESWIPE SAME DIRECTION,NOT DIVIDED,,STRAIGHT AND LEVEL,DRY,UNKNOWN,NOT ON SCENE (DESK REPORT),NO INJURY / DRIVE AWAY,,,,"OVER $1,500",07/04/2025 06:00:00 PM,IMPROPER OVERTAKING/PASSING,NOT APPLICABLE,1600,W,IRVING PARK RD,1912,,,,,,,2,NO INDICATION OF INJURY,0,0,0,0,0,2,0,17,6,7,41.9543993037,-87.6691128654,POINT (-87.669112865433 41.954399303703)
1a40b5c45954f65d76c1291612d434e0edd6efa0360b32b63188ab44b43e9eefe67a82cffea8741031c3872217142e24832fadc3c20ff42ff0e41bc86d6171e7,,07/04/2025 05:45:00 PM,30,TRAFFIC SIGNAL,FUNCTIONING PROPERLY,CLEAR,DAYLIGHT,SIDESWIPE SAME DIRECTION,NOT DIVIDED,,STRAIGHT AND LEVEL,DRY,NO DEFECTS,NOT ON SCENE (DESK REPORT),NO INJURY / DRIVE AWAY,,,,"$501 - $1,500",07/07/2025 06:39:00 PM,IMPROPER OVERTAKING/PASSING,NOT APPLICABLE,6698,S,DR MARTIN LUTHER KING JR DR,312,,,,,,,2,NO INDICATION OF INJURY,0,0,0,0,0,3,0,17,6,7,41.7730581384,-87.615599079,POINT (-87.615599079017 41.773058138367)
55c8945d0cdd9ce2ab2819e8dc3618e056e32abe506a57e8e16d43919a5ce6bd27585d59e43fa57385d3a5413bdd0f028c6c6682a8a15b28b27cfc998129b3f9,,07/04/2025 05:45:00 PM,20,NO CONTROLS,NO CONTROLS,CLEAR,DAYLIGHT,PEDESTRIAN,PARKING LOT,,STRAIGHT AND LEVEL,DRY,NO DEFECTS,ON SCENE,INJURY AND / OR TOW DUE TO CRASH,,,Y,$500 OR LESS,07/04/2025 06:00:00 PM,NOT APPLICABLE,NOT APPLICABLE,87,W,87TH ST,634,,,,,,,2,"REPORTED, NOT EVIDENT",1,0,0,0,1,1,0,17,6,7,41.7361451282,-87.626917844,POINT (-87.626917843973 41.736145128237)
cbcaecc0450fa17a8cfee3952c664d38c76f565c8b1dc751df21a4ce2f840b658a5f666dd3b68193001c47cc9d08b78d7c5e03b35fce05ffec9a8c3986809f84,,07/04/2025 05:45:00 PM,30,TRAFFIC SIGNAL,FUNCTIONING PROPERLY,CLEAR,DAYLIGHT,ANGLE,DIVIDED - W/MEDIAN (NOT RAISED),,STRAIGHT AND LEVEL,DRY,NO DEFECTS,NOT ON SCENE (DESK REPORT),NO INJURY / DRIVE AWAY,Y,,,"OVER $1,500",07/04/2025 06:25:00 PM,UNABLE TO DETERMINE,NOT APPLICABLE,4800,W,FOSTER AVE,1621,,,,,,,2,NO INDICATION OF INJURY,0,0,0,0,0,2,0,17,6,7,41.9754497622,-87.7480592861,POINT (-87.748059286079 41.97544976223)
fad4f20d06dd8da2f25c09f2e63df887f76b60e71d3a4ab814c0bd7bc94757bd8550a9abedb388be2e330306e231542d2fe47fcf532b53c3d91c227077a88321,,07/04/2025 05:40:00 PM,10,NO CONTROLS,NO CONTROLS,CLEAR,DAYLIGHT,REAR TO REAR,PARKING LOT,,STRAIGHT AND LEVEL,DRY,NO DEFECTS,NOT ON SCENE (DESK REPORT),NO INJURY / DRIVE AWAY,,,Y,"OVER $1,500",07/04/2025 06:26:00 PM,IMPROPER BACKING,UNABLE TO DETERMINE,6430,W,IRVING PARK RD,1632,,,,,,,2,NO INDICATION OF INJURY,0,0,0,0,0,3,0,17,6,7,41.9530102332,-87.7877071626,POINT (-87.787707162599 41.953010233235)
461c4e3669d9ba7f1a149ddbc57a9b667688406e2a489f61fde827c906dcaff281f9fb47fc5e41fed49ac22676b59afe858b5ae836f4b6935db8ff33dbfd3e54,,07/04/2025 05:30:00 PM,30,NO CONTROLS,NO CONTROLS,CLEAR,UNKNOWN,PARKED MOTOR VEHICLE,ONE-WAY,,STRAIGHT AND LEVEL,DRY,NO DEFECTS,NOT ON SCENE (DESK REPORT),NO INJURY / DRIVE AWAY,,,Y,"OVER $1,500",07/05/2025 08:45:00 AM,UNABLE TO DETERMINE,UNABLE TO DETERMINE,5117,W,DEMING PL,2521,,,,,,,2,NO INDICATION OF INJURY,0,0,0,0,0,1,0,17,6,7,41.9267861144,-87.7545183253,POINT (-87.754518325303 41.926786114355)
c9a6a46ca64323d7a56fce00dfad309d24185ec646b8cf4216efec8d6afd31ebd1d1101f3bc73f84acf33d57a8676bc74d7b2ea9dc40dc6aa740bd2ed3cfdd18,,07/04/2025 05:30:00 PM,30,NO CONTROLS,NO CONTROLS,CLEAR,DAYLIGHT,PARKED MOTOR VEHICLE,NOT DIVIDED,,STRAIGHT AND LEVEL,DRY,UNKNOWN,NOT ON SCENE (DESK REPORT),NO INJURY / DRIVE AWAY,,,Y,"$501 - $1,500",07/04/2025 06:00:00 PM,UNABLE TO DETERMINE,NOT APPLICABLE,4300,S,KILPATRICK AVE,815,,,,,,,2,NO INDICATION OF INJURY,0,0,0,0,0,3,0,17,6,7,41.8148693035,-87.7410662021,POINT (-87.741066202105 41.814869303495)
3b7ff0e703e47d0cee408589e65f3ad53ebe357c6fc97a70895a44e85f23a1d33b8ab8e0e6c177330231ef61fa9cb34145d0c6d4fdea3ee2bd2ae8b20007ce11,,07/04/2025 05:29:00 PM,20,NO CONTROLS,NO CONTROLS,CLEAR,DAYLIGHT,FIXED OBJECT,PARKING LOT,,STRAIGHT AND LEVEL,DRY,UNKNOWN,ON SCENE,NO INJURY / DRIVE AWAY,,Y,Y,"OVER $1,500",07/04/2025 05:30:00 PM,IMPROPER BACKING,UNABLE TO DETERMINE,420,S,KOSTNER AVE,1131,,,,,,,2,NO INDICATION OF INJURY,0,0,0,0,0,2,0,17,6,7,41.8744092206,-87.7353972864,POINT (-87.735397286407 41.87440922062)
e3401aa1ee6437c84404b44b547f48263739056781d2c08a4ac0a87531381e9b39291714ce84296d6ca40d7125fbe7943736b90a3a98e8e30aef98b724aa2f94,,07/04/2025 05:21:00 PM,25,TRAFFIC SIGNAL,FUNCTIONING PROPERLY,CLEAR,DAYLIGHT,REAR END,TRAFFIC ROUTE,,STRAIGHT AND LEVEL,DRY,NO DEFECTS,ON SCENE,INJURY AND / OR TOW DUE TO CRASH,,,Y,"OVER $1,500",07/04/2025 05:25:00 PM,UNABLE TO DETERMINE,NOT APPLICABLE,199,W,63RD ST,312,,,,,,,2,NO INDICATION OF INJURY,0,0,0,0,0,2,0,17,6,7,41.7798783489,-87.6300713551,POINT (-87.630071355071 41.779878348862)
6dd4141914da9da2b4d40300eaef28d42f2b1f26a1f912df52de256a949ed48a1df12c8f32dbc51cce990be8c12075dc203d65260286e6480569b2814a858578,,07/04/2025 05:15:00 PM,10,NO CONTROLS,NO CONTROLS,CLEAR,DAYLIGHT,REAR END,PARKING LOT,,STRAIGHT AND LEVEL,DRY,NO DEFECTS,NOT ON SCENE (DESK REPORT),NO INJURY / DRIVE AWAY,,Y,,"$501 - $1,500",07/04/2025 05:58:00 PM,IMPROPER BACKING,NOT APPLICABLE,4070,S,PULASKI RD,815,,,,,,,2,NO INDICATION OF INJURY,0,0,0,0,0,3,0,17,6,7,41.8186261384,-87.7241050618,POINT (-87.724105061765 41.818626138446)
c745ddfdd42f4865e1174c169f8a0c07f5f2b962b7a9682dd8e343cc631f1ffda4480195a6040438291ccb1859be0959ea8b9662e379ae7eb9fff20889e532c3,,07/04/2025 05:10:00 PM,30,NO CONTROLS,NO CONTROLS,CLEAR,DAYLIGHT,SIDESWIPE SAME DIRECTION,ONE-WAY,,STRAIGHT AND LEVEL,DRY,NO DEFECTS,NOT ON SCENE (DESK REPORT),NO INJURY / DRIVE AWAY,,,,"OVER $1,500",07/08/2025 01:50:00 PM,IMPROPER TURNING/NO SIGNAL,UNABLE TO DETERMINE,2610,S,KILDARE AVE,1031,,,,,,,2,NO INDICATION OF INJURY,0,0,0,0,0,2,0,17,6,7,41.8437718827,-87.7319860118,POINT (-87.73198601182 41.8437718827)