CRASH_RECORD_ID,CRASH_DATE_EST_I,CRASH_DATE,POSTED_SPEED_LIMIT,TRAFFIC_CONTROL_DEVICE,DEVICE_CONDITION,WEATHER_CONDITION,LIGHTING_CONDITION,FIRST_CRASH_TYPE,TRAFFICWAY_TYPE,LANE_CNT,ALIGNMENT,ROADWAY_SURFACE_COND,ROAD_DEFECT,REPORT_TYPE,CRASH_TYPE,INTERSECTION_RELATED_I,NOT_RIGHT_OF_WAY_I,HIT_AND_RUN_I,DAMAGE,DATE_POLICE_NOTIFIED,PRIM_CONTRIBUTORY_CAUSE,SEC_CONTRIBUTORY_CAUSE,STREET_NO,STREET_DIRECTION,STREET_NAME,BEAT_OF_OCCURRENCE,PHOTOS_TAKEN_I,STATEMENTS_TAKEN_I,DOORING_I,WORK_ZONE_I,WORK_ZONE_TYPE,WORKERS_PRESENT_I,NUM_UNITS,MOST_SEVERE_INJURY,INJURIES_TOTAL,INJURIES_FATAL,INJURIES_INCAPACITATING,INJURIES_NON_INCAPACITATING,INJURIES_REPORTED_NOT_EVIDENT,INJURIES_NO_INDICATION,INJURIES_UNKNOWN,CRASH_HOUR,CRASH_DAY_OF_WEEK,CRASH_MONTH,LATITUDE,LONGITUDE,LOCATION
7303210c05b8e4a36722bc14da9459cf5cb2ee9f6b94daa4cf342d94a7b1100e83c4045d617417e5de21086fc65bf23051fb9d1c9884c6fdc296c7ef986c268e,,07/04/2025 05:09:00 PM,15,NO CONTROLS,NO CONTROLS,CLEAR,DAYLIGHT,FIXED OBJECT,ALLEY,,STRAIGHT AND LEVEL,DRY,UNKNOWN,ON SCENE,NO INJURY / DRIVE AWAY,,,Y,"OVER $1,500",07/04/2025 05:10:00 PM,UNABLE TO DETERMINE,NOT APPLICABLE,5737,W,HENDERSON ST,1633,,,,,,,1,NO INDICATION OF INJURY,0,0,0,0,0,2,0,17,6,7,41.9411565001,-87.7705047225,POINT (-87.770504722529 41.941156500146)
06e578055cdd559420d7e40023a3ba629a27e2efc87cd352b0140c9408cf9a452d2766078a1f3d56bac2c325391ccf39485689c84d41d90eaabcf2e984357382,Y,07/04/2025 05:00:00 PM,30,NO CONTROLS,NO CONTROLS,CLEAR,DAYLIGHT,PARKED MOTOR VEHICLE,ONE-WAY,,STRAIGHT AND LEVEL,DRY,NO DEFECTS,NOT ON SCENE (DESK REPORT),NO INJURY / DRIVE AWAY,,,Y,"OVER $1,500",07/05/2025 01:50:00 PM,FOLLOWING TOO CLOSELY,UNABLE TO DETERMINE,425,E,88TH PL,632,,,,,,,2,NO INDICATION OF INJURY,0,0,0,0,0,1,0,17,6,7,41.7336689999,-87.6134273409,POINT (-87.613427340935 41.733668999856)
2afe433bb514dada4fed3b01de5b69b1a814bdccb29676d0f739ac2720d6dd9c25f6284a63c6025ba42d38e1d0ac8bd74321a9b33f2c1913469f4247537961b8,Y,07/04/2025 05:00:00 PM,20,NO CONTROLS,NO CONTROLS,CLEAR,DAYLIGHT,PARKED MOTOR VEHICLE,ONE-WAY,,STRAIGHT AND LEVEL,DRY,UNKNOWN,NOT ON SCENE (DESK REPORT),NO INJURY / DRIVE AWAY,,,Y,"OVER $1,500",07/05/2025 11:00:00 AM,UNABLE TO DETERMINE,UNABLE TO DETERMINE,5025,S,DR MARTIN LUTHER KING JR SD,223,,,,,,,2,NO INDICATION OF INJURY,0,0,0,0,0,1,0,17,6,7,,,
3dd3c3ab99efbf8afea23b18836a58e8c7641ee2750635da50a4136ce744a501a366a105ec3af12a1e4104200bef48c6d611fa2e7c22a1bb35be202448933c7f,,07/04/2025 05:00:00 PM,30,NO CONTROLS,NO CONTROLS,CLEAR,DAYLIGHT,REAR END,OTHER,,STRAIGHT AND LEVEL,DRY,NO DEFECTS,ON SCENE,INJURY AND / OR TOW DUE TO CRASH,,,,"OVER $1,500",07/04/2025 05:00:00 PM,FOLLOWING TOO CLOSELY,NOT APPLICABLE,909,E,HYDE PARK BLVD,233,,,,,,,2,NO INDICATION OF INJURY,0,0,0,0,0,2,0,17,6,7,41.8021837505,-87.6033772658,POINT (-87.60337726583 41.802183750475)
4b578b4be6747431a24f2582d1d22b02e1164d1a04be47b5ec0fcb501e5533bcd4eb227d49cacf023d6f1794c682daa348c0a10c00d076cb5da6b752e338aa3f,Y,07/04/2025 05:00:00 PM,35,NO CONTROLS,NO CONTROLS,CLEAR,UNKNOWN,PARKED MOTOR VEHICLE,NOT DIVIDED,,STRAIGHT AND LEVEL,UNKNOWN,NO DEFECTS,ON SCENE,NO INJURY / DRIVE AWAY,,,Y,"$501 - $1,500",07/05/2025 04:57:00 PM,UNABLE TO DETERMINE,NOT APPLICABLE,10637,S,COTTAGE GROVE AVE,512,,,,,,,2,NO INDICATION OF INJURY,0,0,0,0,0,1,0,17,6,7,41.7007868075,-87.607874494,POINT (-87.60787449401 41.700786807492)
57ae7c4991b78f0a841c4964a93c43d1348d39e80accca426f76748bde298fff9f9c07c51a42a5c4580e336fbb4980e1734626835814e1980e308d4e08daac4f,,07/04/2025 05:00:00 PM,30,NO CONTROLS,NO CONTROLS,CLEAR,DAYLIGHT,REAR END,NOT DIVIDED,,STRAIGHT AND LEVEL,DRY,NO DEFECTS,NOT ON SCENE (DESK REPORT),NO INJURY / DRIVE AWAY,,,,"$501 - $1,500",07/05/2025 04:08:00 PM,FOLLOWING TOO CLOSELY,NOT APPLICABLE,303,E,LOWER WACKER DR,114,,,,,,,2,NO INDICATION OF INJURY,0,0,0,0,0,2,0,17,6,7,41.8876640563,-87.6204872751,POINT (-87.620487275058 41.887664056276)
c0966a1aac4fba2b4be13ad8628c165844f011230d648cb003484c957528a1a3c560293bd9446389d2f41266b2b2f427cc85db8bb37fda75371a0b9864e11394,,07/04/2025 05:00:00 PM,30,NO CONTROLS,NO CONTROLS,CLEAR,DAYLIGHT,REAR END,DIVIDED - W/MEDIAN (NOT RAISED),,STRAIGHT AND LEVEL,DRY,NO DEFECTS,ON SCENE,INJURY AND / OR TOW DUE TO CRASH,,,,"OVER $1,500",07/04/2025 05:05:00 PM,UNABLE TO DETERMINE,UNABLE TO DETERMINE,7331,W,ADDISON ST,1631,,,,,,,2,NONINCAPACITATING INJURY,1,0,0,1,0,1,0,17,6,7,41.9450840206,-87.8105881723,POINT (-87.810588172337 41.94508402062)
df919477f380367b53e83b513e79fd2f5ce9ba3de72534f4f1d6883c6269c903acf44a72dc7b60835ea61b4b7944e6cbcd8001bc00f83de14019d2543dd9f17d,,07/04/2025 05:00:00 PM,30,TRAFFIC SIGNAL,FUNCTIONING PROPERLY,CLEAR,DAYLIGHT,TURNING,DIVIDED - W/MEDIAN (NOT RAISED),,STRAIGHT AND LEVEL,DRY,NO DEFECTS,ON SCENE,INJURY AND / OR TOW DUE TO CRASH,Y,,,"OVER $1,500",07/04/2025 05:05:00 PM,UNABLE TO DETERMINE,UNABLE TO DETERMINE,7459,W,ADDISON ST,1631,,,,,,,2,NO INDICATION OF INJURY,0,0,0,0,0,3,0,17,6,7,41.9450129178,-87.8141846819,POINT (-87.814184681917 41.945012917797)
365a526c6e20a65b9df424ddd1b62769cf9bbd1a6bfb4295f3a1d84389c9be3e615e68617b71a8940c5be10a10250cab9905c062669e0e2861d325424597219c,,07/04/2025 04:43:00 PM,25,TRAFFIC SIGNAL,FUNCTIONING PROPERLY,CLEAR,DAYLIGHT,TURNING,FOUR WAY,,STRAIGHT AND LEVEL,DRY,NO DEFECTS,ON SCENE,INJURY AND / OR TOW DUE TO CRASH,Y,,,"OVER $1,500",07/04/2025 04:47:00 PM,FAILING TO YIELD RIGHT-OF-WAY,DRIVING SKILLS/KNOWLEDGE/EXPERIENCE,173,N,BESSIE COLEMAN DR,1654,,,,,,,2,INCAPACITATING INJURY,2,0,1,1,0,0,0,16,6,7,,,
13681c6dad1333f1f28a5dbe8058cdb568ed378b823ac4612c438cec0ca5df94fe50468320ca6e1dba2d645e5e3c4747c9e2a7ce1edb9e98f6215e73facf89f0,,07/04/2025 04:40:00 PM,30,TRAFFIC SIGNAL,FUNCTIONING PROPERLY,CLEAR,DAYLIGHT,ANGLE,FOUR WAY,,STRAIGHT AND LEVEL,DRY,NO DEFECTS,NOT ON SCENE (DESK REPORT),NO INJURY / DRIVE AWAY,Y,,,"OVER $1,500",07/04/2025 05:10:00 PM,DISREGARDING TRAFFIC SIGNALS,NOT APPLICABLE,7101,S,STATE ST,323,,,,,,,2,NO INDICATION OF INJURY,0,0,0,0,0,2,0,16,6,7,41.7653974027,-87.6247572857,POINT (-87.624757285727 41.765397402699)
35d0c9ae5c3994c975a189e8ea45a66ae62a8087b6774ea8a15083321057bfe1b4e744ccac09ecc3858eb9c45d4fbcab9a93fd2edc844386e2a355a6804a1056,,07/04/2025 04:35:00 PM,15,NO CONTROLS,NO CONTROLS,CLEAR,DAYLIGHT,ANGLE,ALLEY,,STRAIGHT AND LEVEL,DRY,UNKNOWN,ON SCENE,INJURY AND / OR TOW DUE TO CRASH,Y,,,"OVER $1,500",07/04/2025 04:35:00 PM,FAILING TO YIELD RIGHT-OF-WAY,FAILING TO YIELD RIGHT-OF-WAY,2744,W,ROSEMONT AVE,2413,,,,,,,4,"REPORTED, NOT EVIDENT",1,0,0,0,1,1,0,16,6,7,41.9958890864,-87.698972025,POINT (-87.698972025048 41.995889086383)
216634d53451bc12737005b35f77ffb309ea28c15922dd59ae74b97f34e227d964baad7e35f99030f74c08cb7c820278b7b095c34caedf5ec77b87818a6698fc,,07/04/2025 04:30:00 PM,30,TRAFFIC SIGNAL,FUNCTIONING PROPERLY,CLEAR,DAYLIGHT,REAR END,NOT DIVIDED,,STRAIGHT AND LEVEL,DRY,NO DEFECTS,ON SCENE,NO INJURY / DRIVE AWAY,,,,"OVER $1,500",07/04/2025 05:00:00 PM,FAILING TO REDUCE SPEED TO AVOID CRASH,FOLLOWING TOO CLOSELY,2600,W,51ST ST,923,,,,,,,2,NO INDICATION OF INJURY,0,0,0,0,0,2,0,16,6,7,41.8011812825,-87.6891853115,POINT (-87.68918531155 41.801181282542)
2380b2d5f3dbf92636e8dbd5556d020b585ed770a0aa05297a56fd2296ed2f0a3d579eafa46f67381dc029611810379b4cb8d648cad18908aac449f16c56ca17,Y,07/04/2025 04:30:00 PM,30,NO CONTROLS,NO CONTROLS,CLEAR,DAYLIGHT,SIDESWIPE SAME DIRECTION,NOT DIVIDED,,STRAIGHT AND LEVEL,DRY,UNKNOWN,NOT ON SCENE (DESK REPORT),INJURY AND / OR TOW DUE TO CRASH,,,,"OVER $1,500",07/04/2025 04:45:00 PM,IMPROPER OVERTAKING/PASSING,NOT APPLICABLE,1600,W,FULLERTON AVE,1931,,,,,,,2,NONINCAPACITATING INJURY,1,0,0,1,0,1,0,16,6,7,41.9252605694,-87.668206473,POINT (-87.668206472959 41.92526056938)
4538b5a72ed08c57ecbb8a3cf58bd030dfc3048081604ba7ddb76789b9377ea9b46870e9192e5cef4eea1ee09ce1fa28744ee69fe6ab1bc5af00c5bf32f06e86,,07/04/2025 04:30:00 PM,10,NO CONTROLS,NO CONTROLS,CLEAR,DAYLIGHT,PARKED MOTOR VEHICLE,NOT DIVIDED,,STRAIGHT AND LEVEL,DRY,NO DEFECTS,NOT ON SCENE (DESK REPORT),NO INJURY / DRIVE AWAY,,,,"OVER $1,500",07/04/2025 10:43:00 PM,UNABLE TO DETERMINE,NOT APPLICABLE,3454,W,63RD PL,823,,,,,,,2,NO INDICATION OF INJURY,0,0,0,0,0,1,0,16,6,7,41.7780429504,-87.7101180233,POINT (-87.710118023346 41.778042950422)
791221664d2d1538ac0abef6ceb845963e6d007c8476acdb7cd3f469ca0230fccead76e090b440c840bd65ebe4efb269df1a7a13bd73a1414a8e3816668ecc7c,,07/04/2025 04:30:00 PM,30,NO CONTROLS,NO CONTROLS,CLEAR,DAYLIGHT,SIDESWIPE OPPOSITE DIRECTION,NOT DIVIDED,,STRAIGHT AND LEVEL,DRY,NO DEFECTS,NOT ON SCENE (DESK REPORT),NO INJURY / DRIVE AWAY,,,,"OVER $1,500",07/05/2025 04:20:00 PM,IMPROPER OVERTAKING/PASSING,UNABLE TO DETERMINE,1338,W,SHERWIN AVE,2423,,,,,,,2,NO INDICATION OF INJURY,0,0,0,0,0,2,0,16,6,7,42.0151071929,-87.6661169735,POINT (-87.666116973513 42.015107192899)
b1905f3ca900bc571d4f75e2295ed3e11c4f5e0e550f737c2642291d490bcffa74e6ab80646c06dd6f44002b0c71d7aa1cc3a530f6c4ecc83d8a3e9d41801705,,07/04/2025 04:25:00 PM,30,STOP SIGN/FLASHER,OTHER,CLEAR,DAYLIGHT,OTHER OBJECT,FOUR WAY,,STRAIGHT AND LEVEL,DRY,NO DEFECTS,ON SCENE,INJURY AND / OR TOW DUE TO CRASH,Y,,Y,"OVER $1,500",07/04/2025 04:48:00 PM,DRIVING ON WRONG SIDE/WRONG WAY,DISREGARDING STOP SIGN,5498,W,JACKSON BLVD,1522,,,,,,,2,NONINCAPACITATING INJURY,1,0,0,1,0,1,0,16,6,7,41.8766788409,-87.761586993,POINT (-87.761586993009 41.876678840931)
f29b430e35d653848fbe49c8b12872dc8ccb28a0c817bd7f0d9923007582aa3271a172fb5d17e7e205bafb5c438038b29508974a8554a823ece91d29a4c8c80f,,07/04/2025 04:25:00 PM,10,NO CONTROLS,NO CONTROLS,CLEAR,DAYLIGHT,REAR END,PARKING LOT,,STRAIGHT AND LEVEL,DRY,NO DEFECTS,NOT ON SCENE (DESK REPORT),NO INJURY / DRIVE AWAY,,Y,Y,"OVER $1,500",07/04/2025 05:33:00 PM,IMPROPER BACKING,NOT APPLICABLE,3629,W,63RD ST,823,,,,,,,2,NO INDICATION OF INJURY,0,0,0,0,0,2,0,16,6,7,41.7786847162,-87.7142516633,POINT (-87.714251663305 41.778684716199)
27f6fb33435ca9caf64b61293197fdae0f27c6281062bbdf20a09cb20c9f6ef51bfc7b29b0d005e4f5c88b72c9d55fdcefd9a90a63f9a740552c36171ca60a3f,,07/04/2025 04:23:00 PM,30,NO CONTROLS,NO CONTROLS,CLEAR,DAYLIGHT,PARKED MOTOR VEHICLE,DIVIDED - W/MEDIAN (NOT RAISED),,STRAIGHT AND LEVEL,DRY,NO DEFECTS,ON SCENE,NO INJURY / DRIVE AWAY,,,Y,"OVER $1,500",07/04/2025 04:25:00 PM,"OPERATING VEHICLE IN ERRATIC, RECKLESS, CARELESS, NEGLIGENT OR AGGRESSIVE MANNER",NOT APPLICABLE,4411,N,ASHLAND AVE,1912,,,,,,,2,NO INDICATION OF INJURY,0,0,0,0,0,2,0,16,6,7,41.9619676723,-87.6691237391,POINT (-87.669123739076 41.961967672344)
ba7a91b51e6250b439c22da218dad2fa0fecc01b6cac01b7209a72fa2ab3eec22753190101428273b98dfa740cc5dfd75fab20b69a4350c05bc4761f69fefbc7,Y,07/04/2025 04:20:00 PM,35,STOP SIGN/FLASHER,NO CONTROLS,CLEAR,DAYLIGHT,ANGLE,NOT DIVIDED,,STRAIGHT AND LEVEL,DRY,NO DEFECTS,ON SCENE,INJURY AND / OR TOW DUE TO CRASH,Y,,,"OVER $1,500",07/04/2025 04:24:00 PM,FAILING TO YIELD RIGHT-OF-WAY,FAILING TO YIELD RIGHT-OF-WAY,5700,S,KEDZIE AVE,822,,,,,,,2,NONINCAPACITATING INJURY,1,0,0,1,0,1,0,16,6,7,41.7897908215,-87.7035987697,POINT (-87.703598769655 41.789790821511)
aa2088844109b9b92b505e7f0b7fa916ba3db6db0c8b4b851b6940425fe053679bb24e5067770f28019a79d0bbe7e7ece65c4cd1b63da78355d94999c8a99742,,07/04/2025 04:10:00 PM,10,NO CONTROLS,NO CONTROLS,CLEAR,DAYLIGHT,REAR TO SIDE,PARKING LOT,,STRAIGHT AND LEVEL,DRY,NO DEFECTS,NOT ON SCENE (DESK REPORT),INJURY AND / OR TOW DUE TO CRASH,,Y,,"OVER $1,500",07/05/2025 02:10:00 PM,DRIVING SKILLS/KNOWLEDGE/EXPERIENCE,UNABLE TO DETERMINE,11750,S,MARSHFIELD AVE,2234,,,,,,,2,"REPORTED, NOT EVIDENT",3,0,0,0,3,1,0,16,6,7,41.6797078561,-87.6625865829,POINT (-87.662586582913 41.679707856092)
43e694e053ee8d2cc2b67d981602ec68a80b5452192c5b0977c982b2ef37ec8184821ed2143c3c6eef39163a1ea70bfa571b2ea22325dc15ac80fac92a68970b,,07/04/2025 04:08:00 PM,30,NO CONTROLS,NO CONTROLS,CLEAR,DAYLIGHT,OTHER OBJECT,ONE-WAY,,STRAIGHT AND LEVEL,DRY,NO DEFECTS,NOT ON SCENE (DESK REPORT),NO INJURY / DRIVE AWAY,Y,,,"OVER $1,500",07/04/2025 04:24:00 PM,UNABLE TO DETERMINE,UNABLE TO DETERMINE,5700,W,SUPERIOR ST,1511,,,,,,,1,NO INDICATION OF INJURY,0,0,0,0,0,1,0,16,6,7,41.8939854828,-87.768031515,POINT (-87.76803151503 41.893985482815)
796bf9542447084246385b24fc413b9edfc79085a5953d06487b1f13ded04682f766714f13bdadf5c017b9fc427db025a88449ae7e4e99d550679bde9925cb41,,07/04/2025 04:08:00 PM,20,UNKNOWN,UNKNOWN,CLEAR,DAYLIGHT,PARKED MOTOR VEHICLE,UNKNOWN,,STRAIGHT AND LEVEL,UNKNOWN,UNKNOWN,ON SCENE,NO INJURY / DRIVE AWAY,,,Y,"OVER $1,500",07/04/2025 04:12:00 PM,DRIVING SKILLS/KNOWLEDGE/EXPERIENCE,NOT APPLICABLE,3224,W,BELLE PLAINE AVE,1724,,,,,,,2,NO INDICATION OF INJURY,0,0,0,0,0,1,0,16,6,7,41.9558372517,-87.7090787054,POINT (-87.709078705389 41.955837251709)
03d68fdf419748c99e6bcba40a76cccc3ed4123e97a277691e739a4f12d9668b1ac171471b226f46f8a7385ff426b2c377acba3f661b9def751afa4f6356e46e,Y,07/04/2025 04:07:00 PM,30,STOP SIGN/FLASHER,FUNCTIONING PROPERLY,CLEAR,DAYLIGHT,ANGLE,CENTER TURN LANE,,STRAIGHT AND LEVEL,DRY,NO DEFECTS,ON SCENE,INJURY AND / OR TOW DUE TO CRASH,Y,,Y,"OVER $1,500",07/04/2025 04:08:00 PM,FAILING TO YIELD RIGHT-OF-WAY,UNABLE TO DETERMINE,4815,W,63RD ST,813,,,,,,,2,NONINCAPACITATING INJURY,1,0,0,1,0,1,0,16,6,7,41.778307502,-87.7429852718,POINT (-87.742985271824 41.778307501957)
07f4d1f149f833477b42dc78ce5d3cd0a157fce7263c886f74f24e8ee16b9481bbc631be1480b2367ea226e36bb0507967565513d70baa3297e6a2f18f292383,,07/04/2025 04:03:00 PM,30,NO CONTROLS,NO CONTROLS,CLEAR,DAYLIGHT,PARKED MOTOR VEHICLE,ONE-WAY,,STRAIGHT AND LEVEL,DRY,NO DEFECTS,NOT ON SCENE (DESK REPORT),NO INJURY / DRIVE AWAY,,,Y,"$501 - $1,500",07/29/2025 04:20:00 PM,UNABLE TO DETERMINE,UNABLE TO DETERMINE,50,W,WASHINGTON ST,111,,,,,,,2,NO INDICATION OF INJURY,0,0,0,0,0,1,0,16,6,7,41.8833221991,-87.6297750966,POINT (-87.629775096643 41.88332219915)
59678aa090604037ae418a1a7c11b082c3cb0e668c9fcebbfe12eaf2b0c4018fb88d579a7167a7da9794cd915535d04520528ed48f3a2b844a1aa0472c06aea5,,07/04/2025 04:00:00 PM,30,NO CONTROLS,NO CONTROLS,CLEAR,DAYLIGHT,PARKED MOTOR VEHICLE,ONE-WAY,,STRAIGHT AND LEVEL,DRY,NO DEFECTS,NOT ON SCENE (DESK REPORT),NO INJURY / DRIVE AWAY,,,,"OVER $1,500",07/11/2025 02:10:00 PM,UNABLE TO DETERMINE,UNABLE TO DETERMINE,2256,N,LAMON AVE,2522,,,,,,,2,NO INDICATION OF INJURY,0,0,0,0,0,1,0,16,6,7,41.9222428371,-87.7488525111,POINT (-87.748852511133 41.922242837123)
74f1582ea853e6acae6b394d2ed08cca76d799c18b12bf9e8ec5e529b69c9321513b64d302860cc2420588e8c78747ce378168c7d84a2c3362bee8b63f3acc6b,,07/04/2025 04:00:00 PM,25,STOP SIGN/FLASHER,FUNCTIONING PROPERLY,CLEAR,DAYLIGHT,ANGLE,FOUR WAY,,STRAIGHT AND LEVEL,DRY,NO DEFECTS,NOT ON SCENE (DESK REPORT),NO INJURY / DRIVE AWAY,Y,,N,"OVER $1,500",07/05/2025 06:00:00 PM,FAILING TO YIELD RIGHT-OF-WAY,NOT APPLICABLE,3531,W,LAWRENCE AVE,1723,,,,,,,2,NO INDICATION OF INJURY,0,0,0,0,0,2,0,16,6,7,41.968253406,-87.7170915254,POINT (-87.717091525391 41.968253406001)
7529f45a48081c2d4b11d73f19c6105a1438e8e1f11826794006e1c25a109b49cfe3600b6137207551593c5fe28438ad37d57ff3dd39ffd13b06b45861d7dc58,,07/04/2025 04:00:00 PM,30,NO CONTROLS,NO CONTROLS,CLEAR,DAYLIGHT,PARKED MOTOR VEHICLE,NOT DIVIDED,,STRAIGHT AND LEVEL,DRY,NO DEFECTS,ON SCENE,INJURY AND / OR TOW DUE TO CRASH,,,,"OVER $1,500",07/04/2025 04:15:00 PM,UNABLE TO DETERMINE,UNABLE TO DETERMINE,9718,S,TORRENCE AVE,431,,,,,,,4,INCAPACITATING INJURY,1,0,1,0,0,0,0,16,6,7,41.7184010751,-87.5599645747,POINT (-87.55996457469 41.718401075113)
98cf809705e9ce597496489c16a723ae216614947435b5b16ef48106a2a6e7d500eb0cf7749cc64309202dba2566d7518a561b87457772a95230a1cf5decdb7e,,07/04/2025 04:00:00 PM,30,NO CONTROLS,NO CONTROLS,UNKNOWN,UNKNOWN,REAR TO SIDE,PARKING LOT,,STRAIGHT AND LEVEL,UNKNOWN,UNKNOWN,NOT ON SCENE (DESK REPORT),NO INJURY / DRIVE AWAY,,Y,,"OVER $1,500",07/07/2025 03:31:00 PM,IMPROPER BACKING,IMPROPER BACKING,1340,S,CANAL ST,124,,,,,,,2,NO INDICATION OF INJURY,0,0,0,0,0,5,0,16,6,7,41.8645211937,-87.6393040996,POINT (-87.639304099636 41.864521193744)
9fb913d7714c076dcca5966d1ebf69582776ad2f533008c9d9c05d4c767f5e533110c12af44b97d1821cd3c2d0b7bf13c0e9a413eef29cb1ac9432b56a540db2,,07/04/2025 04:00:00 PM,30,NO CONTROLS,NO CONTROLS,CLEAR,DAYLIGHT,REAR TO FRONT,ONE-WAY,,STRAIGHT AND LEVEL,DRY,NO DEFECTS,NOT ON SCENE (DESK REPORT),INJURY AND / OR TOW DUE TO CRASH,,,,"OVER $1,500",07/04/2025 04:20:00 PM,IMPROPER BACKING,FAILING TO YIELD RIGHT-OF-WAY,8046,S,CALUMET AVE,623,,,,,,,2,NO INDICATION OF INJURY,0,0,0,0,0,6,0,16,6,7,41.7478658176,-87.616596061,POINT (-87.616596060994 41.747865817624)
d710ddc903abec01a5da73774a4e17d12af05187149d6edae299facc0a36b34980c257c1b1e9c396ce2390656aff67aa97c6a859936dd5e9997a09f58193de34,,07/04/2025 04:00:00 PM,30,NO CONTROLS,NO CONTROLS,CLEAR,DAYLIGHT,SIDESWIPE SAME DIRECTION,NOT DIVIDED,,STRAIGHT AND LEVEL,UNKNOWN,UNKNOWN,NOT ON SCENE (DESK REPORT),NO INJURY / DRIVE AWAY,,,,"$501 - $1,500",07/06/2025 03:50:00 PM,NOT APPLICABLE,NOT APPLICABLE,905,N,MICHIGAN AVE,1833,,,,,,,2,NO INDICATION OF INJURY,0,0,0,0,0,2,0,16,6,7,41.8993957804,-87.6239844871,POINT (-87.62398448708 41.8993957804)
fa4c57d39901fa6c50d237121a800ddbd357ba62b4642b0993d931f3bf659e84fcc1b282cad512089a8eb0f6636e3367ad719f919b2c281017c062e0ae58d872,,07/04/2025 03:59:00 PM,30,OTHER,UNKNOWN,CLEAR,DAYLIGHT,SIDESWIPE SAME DIRECTION,OTHER,,STRAIGHT AND LEVEL,DRY,UNKNOWN,ON SCENE,INJURY AND / OR TOW DUE TO CRASH,,,,"OVER $1,500",07/04/2025 03:59:00 PM,IMPROPER OVERTAKING/PASSING,NOT APPLICABLE,8500,S,VERNON AVE,632,,,,,,,2,"REPORTED, NOT EVIDENT",1,0,0,0,1,2,0,15,6,7,41.740088948,-87.6131524738,POINT (-87.613152473801 41.740088948015)
261ca07910abfff56d9e59dfae24a0ab0d9fc727de39f28f953a7d37e565098158b648cf2d7e5829092c876c2c2fed3224ad34ddf4169591ea837278deab774c,,07/04/2025 03:45:00 PM,30,TRAFFIC SIGNAL,FUNCTIONING IMPROPERLY,CLEAR,DAYLIGHT,TURNING,NOT DIVIDED,,STRAIGHT AND LEVEL,DRY,NO DEFECTS,,INJURY AND / OR TOW DUE TO CRASH,,,,"OVER $1,500",07/04/2025 04:08:00 PM,IMPROPER LANE USAGE,FOLLOWING TOO CLOSELY,98,E,WACKER DR,111,,,,,,,2,NONINCAPACITATING INJURY,1,0,0,1,0,2,0,15,6,7,41.8884147617,-87.6246246679,POINT (-87.624624667855 41.88841476167)
f227c6c75ceeaf9b6630d725831ce295d7e3af0850ee5b49a1efbb31dbd697d896b6aef6277e3afa4c1e3410c7bcd89c785a2ea8234c8ddfa47d5bfcb64b2288,,07/04/2025 03:42:00 PM,30,TRAFFIC SIGNAL,FUNCTIONING PROPERLY,CLEAR,DAYLIGHT,REAR END,NOT DIVIDED,,STRAIGHT AND LEVEL,DRY,NO DEFECTS,NOT ON SCENE (DESK REPORT),NO INJURY / DRIVE AWAY,,,,"OVER $1,500",07/04/2025 04:08:00 PM,FAILING TO REDUCE SPEED TO AVOID CRASH,FOLLOWING TOO CLOSELY,5805,S,WESTERN AVE,824,,,,,,,2,NO INDICATION OF INJURY,0,0,0,0,0,3,0,15,6,7,41.7881553192,-87.6837314166,POINT (-87.68373141659 41.788155319238)
8fafbd0539e1e14fb3aef35689324c72f7a8353f7e1364e9ff80a70a0be494dfc401c740c624dc3d91a8ab766126489ff6fe2380b676addbab0f8132693a00ed,,07/04/2025 03:34:00 PM,30,NO CONTROLS,NO CONTROLS,CLEAR,DAYLIGHT,PEDALCYCLIST,DIVIDED - W/MEDIAN (NOT RAISED),,STRAIGHT AND LEVEL,DRY,NO DEFECTS,ON SCENE,NO INJURY / DRIVE AWAY,,,Y,"OVER $1,500",07/04/2025 04:25:00 PM,UNABLE TO DETERMINE,NOT APPLICABLE,4733,W,65TH ST,833,,,,,,,2,NO INDICATION OF INJURY,0,0,0,0,0,2,0,15,6,7,41.774694366,-87.741017179,POINT (-87.741017179007 41.774694365972)
38c5be53e4fcb1f819fe77e7eb8815ffb3d51dc56796fab0324562e5bab32fbee38295a8348919d81c3e6033f16183009cffea97eeadf61aa4ee99c8a3acf591,,07/04/2025 03:30:00 PM,30,TRAFFIC SIGNAL,FUNCTIONING PROPERLY,CLEAR,DAYLIGHT,TURNING,Y-INTERSECTION,,STRAIGHT AND LEVEL,DRY,NO DEFECTS,NOT ON SCENE (DESK REPORT),NO INJURY / DRIVE AWAY,Y,,,"OVER $1,500",07/04/2025 04:25:00 PM,IMPROPER OVERTAKING/PASSING,UNABLE TO DETERMINE,6363,N,NAGLE AVE,1611,,,,,,,2,NO INDICATION OF INJURY,0,0,0,0,0,2,0,15,6,7,41.9973324988,-87.7872962929,POINT (-87.78729629288 41.99733249881)
83829957e1ae5ea8f7c8371fef3b0aee34883691f0ff134596cbe80f0c9f7ca9301dbfc48b36dc971fe5936e420b51db737c45e19ca9343bd5767128aefb1462,,07/04/2025 03:30:00 PM,30,NO CONTROLS,NO CONTROLS,CLEAR,DAYLIGHT,REAR END,NOT DIVIDED,,STRAIGHT AND LEVEL,DRY,NO DEFECTS,NOT ON SCENE (DESK REPORT),NO INJURY / DRIVE AWAY,,,,"OVER $1,500",07/12/2025 08:35:00 AM,FOLLOWING TOO CLOSELY,NOT APPLICABLE,2100,E,95TH ST,413,,,,,,,2,NO INDICATION OF INJURY,0,0,0,0,0,2,0,15,6,7,41.722609955,-87.5728844291,POINT (-87.572884429085 41.722609955043)